Estado,Nombre de Estado,Numero de Caso,Peatones,Personas _no_vehiculos,Vehiculos automotores,Vehiculos estacionados,Condado,Nombre Condado,Ciudad,Nombre Ciudad,Mes,Nombre Mes,Dia,Año,Hora,Minuto,Calle,Ruta,Nombre Ruta,Rural o Urbanoo,Sistema Funcional,Dueño Calle,Sistema Nacional Carreteras,Jurisdiccion Especial,Milla,Latitud,Longitud,Causa del Accidente,Tipo de Accidente,Tipo Interseccion,Columna1,Lugar en la calle,Zona de Trabajo,Luz,Clima,Autobus Escolar,Cruce de Trenes,Hora Notificacion,Minuto Notificacion,Hora Llegada,Minuto Llegada,Decesos,Fecha,PersonaVehiculo
1,Alabama,10124,0,0,1,0,15,CALHOUN (15),2325,OHATCHEE,3,Marzo,3,2022,7,39,CR-JANNEY RD,4,Calle del Condado,Urbano,Colector Mayor,County Highway Agency,0,Sin jurisdiccion especial,0,33.79625556,-86.00821111,Volcadura,El primer evento no fue una colision con un vehiculo automotor en transporte,T-Intersection,Interseccion de T,Sobre calle,Ninguna,Oscuro sin iluminacion,Despejado,No,NO APLICA,7,40,8,5,1,03/03/2022,5
1,Alabama,10125,0,0,1,0,95,MARSHALL (95),0,NO APLICA,3,Marzo,3,2022,20,0,CR-OLD ONEONTA RD,4,Calle del Condado,Urbano,Local,County Highway Agency,0,Sin jurisdiccion especial,0,34.22226389,-86.28893611,Poste de Señal de trafico,El primer evento no fue una colision con un vehiculo automotor en transporte,Not an Intersection,No fue interseccion,Sobre el lado de la calle,Ninguna,Oscuro sin iluminacion,Despejado,No,NO APLICA,99,99,99,99,1,03/03/2022,1
1,Alabama,10126,0,0,1,0,43,CULLMAN (43),0,NO APLICA,3,Marzo,4,2022,15,12,CR-46,4,Calle del Condado,Rural,Local,County Highway Agency,0,Sin jurisdiccion especial,0,33.98395833,-86.89909167,Zanja,El primer evento no fue una colision con un vehiculo automotor en transporte,Not an Intersection,No fue interseccion,Sobre el lado de la calle,Ninguna,Dia total,Despejado,No,NO APLICA,15,15,15,39,1,04/03/2022,1
1,Alabama,10127,0,0,1,0,125,TUSCALOOSA (125),2260,NORTHPORT,3,Marzo,4,2022,14,37,CR-FLATWOODS RD,4,Calle del Condado,Urbano,Colector Mayor,County Highway Agency,0,Sin jurisdiccion especial,0,33.23767778,-87.63383611,Zanja,El primer evento no fue una colision con un vehiculo automotor en transporte,Not an Intersection,No fue interseccion,Sobre el lado de la calle,Ninguna,Dia total,Despejado,No,NO APLICA,14,41,14,53,1,04/03/2022,1
1,Alabama,10128,0,0,2,0,71,JACKSON (71),2720,SCOTTSBORO,3,Marzo,5,2022,7,32,US-72 SR-2,2,US Highway,Urbano,Arteria Principal,State Highway Agency,1,Sin jurisdiccion especial,1379,34.6565,-86.021325,Vehiculo en movimiento,Frente a frente,Four-Way Intersection,Interseccion de 4 direcciones,Sobre calle,Ninguna,Dia total,Despejado,No,NO APLICA,7,38,7,44,1,05/03/2022,2
1,Alabama,10129,0,0,1,0,123,TALLAPOOSA (123),550,CAMP HILL,3,Marzo,5,2022,4,15,US-280 SR-38,2,US Highway,Rural,Arteria Principal,State Highway Agency,1,Sin jurisdiccion especial,910,32.76313333,-85.62614167,Volcadura,El primer evento no fue una colision con un vehiculo automotor en transporte,Not an Intersection,No fue interseccion,Sobre calle,Ninguna,Oscuro - iluminacion desconocida,Despejado,No,NO APLICA,4,56,5,15,1,05/03/2022,4
1,Alabama,10130,0,0,3,0,73,JEFFERSON (73),1850,LEEDS,3,Marzo,7,2022,6,1,US-78 SR-4,2,US Highway,Urbano,Arteria Principal,State Highway Agency,0,Sin jurisdiccion especial,1118,33.54556389,-86.59316389,Vehiculo en movimiento,Angulo,T-Intersection,Interseccion de T,Sobre calle,Ninguna,Dia total,Despejado,No,NO APLICA,6,1,6,8,1,07/03/2022,4
1,Alabama,10131,0,0,2,0,49,DEKALB (49),2564,RAINSVILLE,3,Marzo,8,2022,5,15,SR-35,3,Highway estatal,Rural,Arteria Principal,State Highway Agency,1,Sin jurisdiccion especial,270,34.46688889,-85.78533889,Vehiculo en movimiento,Frente a Detrás,Not an Intersection,No fue interseccion,Sobre calle,Ninguna,Amanecer,Despejado,No,NO APLICA,5,17,5,35,1,08/03/2022,2
1,Alabama,10132,0,0,2,0,125,TUSCALOOSA (125),3050,TUSCALOOSA,3,Marzo,9,2022,9,0,US-11 SR-7,2,US Highway,Urbano,Colector Mayor,State Highway Agency,0,Sin jurisdiccion especial,0,33.16611667,-87.54011389,Vehiculo en movimiento,Angulo,Not an Intersection,No fue interseccion,Sobre calle,Ninguna,Dia total,Despejado,No,NO APLICA,9,57,10,5,1,09/03/2022,2
1,Alabama,10133,0,0,2,0,121,TALLADEGA (121),0,NO APLICA,3,Marzo,10,2022,22,38,SR-21,3,Highway estatal,Rural,Arteria Principal,State Highway Agency,1,Sin jurisdiccion especial,2467,33.31866111,-86.19630833,Vehiculo en movimiento,Frente a frente,Not an Intersection,No fue interseccion,Sobre calle,Ninguna,Oscuro sin iluminacion,Despejado,No,NO APLICA,22,50,23,3,1,10/03/2022,2
1,Alabama,10134,0,0,2,0,79,LAWRENCE (79),0,NO APLICA,3,Marzo,10,2022,21,45,SR-157,3,Highway estatal,Rural,Arteria Principal,State Highway Agency,1,Sin jurisdiccion especial,494,34.58912222,-87.42414444,Vehiculo en movimiento,Angulo,Four-Way Intersection,Interseccion de 4 direcciones,Sobre calle,Ninguna,Oscuro sin iluminacion,Despejado,No,NO APLICA,99,99,22,0,1,10/03/2022,2
1,Alabama,10135,0,0,2,0,101,MONTGOMERY (101),2130,MONTGOMERY,3,Marzo,7,2022,15,15,HUNTER LOOP RD,6,Calle Local Municipalidad,Urbano,Colector Mayor,City or Municipal Highway Agency,0,Sin jurisdiccion especial,0,32.35619167,-86.39014167,Vehiculo en movimiento,Golpe Lateral - direccion contraria,Not an Intersection,No fue interseccion,Sobre calle,Ninguna,Dia total,Nublado,No,NO APLICA,15,15,15,23,1,07/03/2022,2
1,Alabama,10136,1,1,1,0,113,RUSSELL (113),2440,PHENIX CITY,3,Marzo,11,2022,2,44,US-280 SR-38,2,US Highway,Urbano,Arteria Principal,State Highway Agency,1,Sin jurisdiccion especial,1115,32.45285,-84.99863889,Ciclista,El primer evento no fue una colision con un vehiculo automotor en transporte,Not an Intersection,No fue interseccion,Sobre calle,Ninguna,Oscuro sin iluminacion,Despejado,No,NO APLICA,2,44,2,55,1,11/03/2022,1
1,Alabama,10137,0,0,1,0,25,CLARKE (25),0,NO APLICA,3,Marzo,11,2022,2,30,SR-69,3,Highway estatal,Rural,Arteria Menor,State Highway Agency,0,Sin jurisdiccion especial,151,31.66864444,-88.03419167,Volcadura,El primer evento no fue una colision con un vehiculo automotor en transporte,Not an Intersection,No fue interseccion,Sobre calle,Ninguna,Oscuro sin iluminacion,Despejado,No,NO APLICA,99,99,99,99,1,11/03/2022,1
1,Alabama,10138,0,0,2,0,33,COLBERT (33),0,NO APLICA,3,Marzo,11,2022,11,55,SR-20,3,Highway estatal,Rural,Arteria Principal,State Highway Agency,1,Sin jurisdiccion especial,320,34.68556389,-87.60093611,Vehiculo en movimiento,Frente a frente,Not an Intersection,No fue interseccion,Sobre calle,Ninguna,Dia total,Despejado,No,NO APLICA,99,99,12,11,1,11/03/2022,3
1,Alabama,10139,0,0,1,0,97,MOBILE (97),2100,MOBILE,3,Marzo,12,2022,5,18,I-65 SERVICE RD N,7,Calle Local,Urbano,Colector Mayor,State Highway Agency,0,Sin jurisdiccion especial,0,30.71036944,-88.12134722,Barda,El primer evento no fue una colision con un vehiculo automotor en transporte,Not an Intersection,No fue interseccion,Sobre el lado de la calle,Ninguna,Oscuro sin iluminacion,Despejado,No,NO APLICA,5,18,5,29,1,12/03/2022,1
1,Alabama,10140,0,0,4,0,101,MONTGOMERY (101),0,NO APLICA,3,Marzo,12,2022,22,55,SR-126,3,Highway estatal,Rural,Colector Mayor,State Highway Agency,0,Sin jurisdiccion especial,50,32.36776111,-86.06795833,Valla Ferrocarril,El primer evento no fue una colision con un vehiculo automotor en transporte,Not an Intersection,No fue interseccion,Sobre el lado de la calle,Ninguna,Oscuro sin iluminacion,Despejado,No,NO APLICA,99,99,23,0,1,12/03/2022,7
1,Alabama,10141,0,0,1,0,25,CLARKE (25),0,NO APLICA,3,Marzo,13,2022,1,30,CR-CANE CREEK RD,4,Calle del Condado,Rural,Colector Menor,County Highway Agency,0,Sin jurisdiccion especial,0,31.81569444,-87.53431944,Poste,El primer evento no fue una colision con un vehiculo automotor en transporte,Not an Intersection,No fue interseccion,Sobre el lado de la calle,Ninguna,Oscuro sin iluminacion,Despejado,No,NO APLICA,99,99,99,99,1,13/03/2022,1
1,Alabama,10142,0,0,2,0,9,BLOUNT (9),0,NO APLICA,3,Marzo,13,2022,16,25,SR-75,3,Highway estatal,Rural,Arteria Menor,State Highway Agency,0,Sin jurisdiccion especial,344,34.00723333,-86.44706111,Vehiculo en movimiento,Frente a frente,Not an Intersection,No fue interseccion,Sobre calle,Ninguna,Dia total,Despejado,No,NO APLICA,17,21,17,30,1,13/03/2022,3
1,Alabama,10143,0,0,6,0,85,LOWNDES (85),0,NO APLICA,3,Marzo,13,2022,15,44,I-65,1,Interestatal,Rural,Interestatal,State Highway Agency,1,Sin jurisdiccion especial,1537,32.13953889,-86.44113889,Vehiculo en movimiento,Frente a Detrás,Not an Intersection,No fue interseccion,Sobre calle,Ninguna,Dia total,Despejado,No,NO APLICA,15,41,16,11,1,13/03/2022,12
1,Alabama,10144,0,0,2,0,97,MOBILE (97),0,NO APLICA,3,Marzo,13,2022,23,45,CR-SNOW RD N,4,Calle del Condado,Urbano,Colector Mayor,County Highway Agency,0,Sin jurisdiccion especial,0,30.7087,-88.276225,Vehiculo en movimiento,Frente a frente,Not an Intersection,No fue interseccion,Sobre calle,Ninguna,Oscuro con iluminacion,Despejado,No,NO APLICA,23,50,0,3,1,13/03/2022,2
1,Alabama,10145,0,0,2,0,89,MADISON (89),0,NO APLICA,3,Marzo,14,2022,14,40,US-231 SR-1,2,US Highway,Urbano,Arteria Principal,State Highway Agency,1,Sin jurisdiccion especial,3501,34.97529722,-86.56916944,Vehiculo en movimiento,Frente a Detrás,Not an Intersection,No fue interseccion,Sobre calle,Ninguna,Dia total,Despejado,No,NO APLICA,14,43,14,53,1,14/03/2022,2
1,Alabama,10146,1,1,1,0,95,MARSHALL (95),0,NO APLICA,3,Marzo,15,2022,2,59,US-431 SR-1,2,US Highway,Rural,Arteria Principal,State Highway Agency,1,Sin jurisdiccion especial,3103,34.49117222,-86.38454444,Peaton,El primer evento no fue una colision con un vehiculo automotor en transporte,Not an Intersection,No fue interseccion,Sobre calle,Ninguna,Oscuro sin iluminacion,Despejado,No,NO APLICA,99,99,99,99,1,15/03/2022,1
1,Alabama,10147,0,0,2,0,97,MOBILE (97),2100,MOBILE,3,Marzo,15,2022,18,39,US-98 SR-42,2,US Highway,Urbano,Arteria Principal,State Highway Agency,1,Sin jurisdiccion especial,240,30.69247778,-88.09287778,Vehiculo en movimiento,Frente a Detrás,Not an Intersection,No fue interseccion,Sobre calle,Ninguna,Atardecer,Despejado,No,NO APLICA,18,39,18,49,1,15/03/2022,3
1,Alabama,10148,0,0,1,0,105,PERRY (105),2020,MARION,3,Marzo,15,2022,1,42,SR-14,3,Highway estatal,Rural,Arteria Menor,State Highway Agency,0,Sin jurisdiccion especial,1058,32.63299722,-87.31654167,Arbol,El primer evento no fue una colision con un vehiculo automotor en transporte,Not an Intersection,No fue interseccion,Sobre el lado de la calle,Ninguna,Oscuro - iluminacion desconocida,Despejado,No,NO APLICA,99,99,2,5,2,15/03/2022,4
1,Alabama,10149,0,0,2,0,43,CULLMAN (43),0,NO APLICA,3,Marzo,16,2022,11,55,US-278 SR-74,2,US Highway,Rural,Arteria Principal,State Highway Agency,1,Sin jurisdiccion especial,872,34.17314444,-86.70053333,Vehiculo en movimiento,Angulo,Not an Intersection,No fue interseccion,Sobre calle,Ninguna,Dia total,lluvia,No,NO APLICA,11,59,12,12,1,16/03/2022,3
1,Alabama,10150,0,0,1,0,51,ELMORE (51),0,NO APLICA,3,Marzo,16,2022,18,0,CR-OLD SALEM RD,4,Calle del Condado,Rural,Colector Mayor,County Highway Agency,0,Sin jurisdiccion especial,0,32.61045833,-86.07268889,Arbol,El primer evento no fue una colision con un vehiculo automotor en transporte,Not an Intersection,No fue interseccion,Sobre el lado de la calle,Ninguna,Dia total,lluvia,No,NO APLICA,17,44,17,48,1,16/03/2022,1
1,Alabama,10151,1,1,1,0,3,BALDWIN (3),1493,GULF SHORES,3,Marzo,16,2022,18,22,SR-180,3,Highway estatal,Urbano,Arteria Menor,State Highway Agency,0,Sin jurisdiccion especial,215,30.2694,-87.68303889,No vehiculo o remolque,El primer evento no fue una colision con un vehiculo automotor en transporte,Four-Way Intersection,Interseccion de 4 direcciones,Sobre calle,Ninguna,Dia total,Despejado,No,NO APLICA,18,22,18,36,1,16/03/2022,1
1,Alabama,10152,0,0,1,0,97,MOBILE (97),0,NO APLICA,3,Marzo,17,2022,3,0,I-10,1,Interestatal,Urbano,Interestatal,State Highway Agency,1,Sin jurisdiccion especial,124,30.55073889,-88.21512778,Poste de Señal de trafico,El primer evento no fue una colision con un vehiculo automotor en transporte,Not an Intersection,No fue interseccion,Sobre el lado de la calle,Ninguna,Oscuro sin iluminacion,Despejado,No,NO APLICA,99,99,99,99,1,17/03/2022,1
1,Alabama,10153,0,0,2,0,61,GENEVA (61),0,NO APLICA,3,Marzo,17,2022,11,9,SR-52,3,Highway estatal,Rural,Arteria Menor,State Highway Agency,0,Sin jurisdiccion especial,133,31.11303611,-86.11105833,Vehiculo en movimiento,Angulo,Four-Way Intersection,Interseccion de 4 direcciones,Sobre calle,Ninguna,Dia total,Despejado,No,NO APLICA,11,9,11,20,2,17/03/2022,4
1,Alabama,10154,0,0,2,0,83,LIMESTONE (83),0,NO APLICA,3,Marzo,18,2022,6,40,CR-BLACK RD,4,Calle del Condado,Rural,Colector Mayor,County Highway Agency,0,Sin jurisdiccion especial,0,34.86120833,-86.875725,Vehiculo en movimiento,Angulo,Four-Way Intersection,Interseccion de 4 direcciones,Sobre calle,Ninguna,Amanecer,lluvia,No,NO APLICA,6,45,7,1,1,18/03/2022,2
1,Alabama,10155,0,0,1,0,21,CHILTON (21),0,NO APLICA,3,Marzo,19,2022,18,20,CR-15,4,Calle del Condado,Rural,Colector Mayor,County Highway Agency,0,Sin jurisdiccion especial,0,32.78284722,-86.77712222,Arbol,El primer evento no fue una colision con un vehiculo automotor en transporte,Not an Intersection,No fue interseccion,Sobre el lado de la calle,Ninguna,Dia total,Despejado,No,NO APLICA,18,25,18,53,1,19/03/2022,1
1,Alabama,10156,1,1,2,1,97,MOBILE (97),2100,MOBILE,3,Marzo,20,2022,0,52,AIRPORT BLVD,6,Calle Local Municipalidad,Urbano,Arteria Menor,City or Municipal Highway Agency,0,Sin jurisdiccion especial,0,30.68181111,-88.19861389,Vehiculo Funcionando,El primer evento no fue una colision con un vehiculo automotor en transporte,Not an Intersection,No fue interseccion,Sobre calle,Mantenimiento,Oscuro con iluminacion,Despejado,No,NO APLICA,0,56,1,1,1,20/03/2022,1
1,Alabama,10157,0,0,1,0,101,MONTGOMERY (101),0,NO APLICA,3,Marzo,21,2022,14,12,SR-53,3,Highway estatal,Rural,Arteria Principal,State Highway Agency,1,Sin jurisdiccion especial,986,32.10409722,-86.06563056,Buzon de correo,El primer evento no fue una colision con un vehiculo automotor en transporte,Not an Intersection,No fue interseccion,Sobre el lado de la calle,Mantenimiento,Dia total,Despejado,No,NO APLICA,14,12,14,35,1,21/03/2022,1
1,Alabama,10158,0,0,1,0,49,DEKALB (49),1632,HENAGAR,3,Marzo,21,2022,5,0,SR- BROAD ST,3,Highway estatal,Rural,Arteria Menor,State Highway Agency,0,Sin jurisdiccion especial,999,34.66320833,-85.69665,Acotamiento,El primer evento no fue una colision con un vehiculo automotor en transporte,Not an Intersection,No fue interseccion,Sobre el lado de la calle,Ninguna,Oscuro sin iluminacion,Despejado,No,NO APLICA,99,99,99,99,1,21/03/2022,1
1,Alabama,10159,0,0,1,0,97,MOBILE (97),0,NO APLICA,3,Marzo,22,2022,16,27,CR-JACK WILLIAMS RD,4,Calle del Condado,Rural,Local,County Highway Agency,0,Sin jurisdiccion especial,0,30.87173333,-88.29831667,Volcadura,El primer evento no fue una colision con un vehiculo automotor en transporte,Not an Intersection,No fue interseccion,Sobre el lado de la calle,Ninguna,Dia total,Nublado,No,NO APLICA,16,30,16,45,1,22/03/2022,1
1,Alabama,10160,0,0,1,0,115,ST. CLAIR (115),0,NO APLICA,3,Marzo,19,2022,12,58,CR-OLD COAL CITY RD,4,Calle del Condado,Rural,Colector Mayor,County Highway Agency,0,Sin jurisdiccion especial,0,33.61950833,-86.25294167,Zanja,El primer evento no fue una colision con un vehiculo automotor en transporte,Not an Intersection,No fue interseccion,Sobre el lado de la calle,Ninguna,Dia total,Despejado,No,NO APLICA,13,12,13,50,1,19/03/2022,1
1,Alabama,10161,0,0,1,0,53,ESCAMBIA (53),0,NO APLICA,4,Abril,23,2022,17,0,CR-COWPEN CREEK RD,4,Calle del Condado,Rural,Local,County Highway Agency,0,Sin jurisdiccion especial,0,31.03704722,-87.40554444,Zanja,El primer evento no fue una colision con un vehiculo automotor en transporte,Not an Intersection,No fue interseccion,Sobre el lado de la calle,Ninguna,Dia total,Despejado,No,NO APLICA,17,39,17,56,1,23/04/2022,1
1,Alabama,10162,0,0,2,0,83,LIMESTONE (83),170,ATHENS,5,Mayo,11,2022,7,57,DURHAM DR,6,Calle Local Municipalidad,Urbano,Local,City or Municipal Highway Agency,0,Sin jurisdiccion especial,0,34.77399444,-86.97470833,Volcadura,El primer evento no fue una colision con un vehiculo automotor en transporte,Not an Intersection,No fue interseccion,Sobre calle,Ninguna,Dia total,Despejado,No,NO APLICA,7,55,8,8,1,11/05/2022,2
1,Alabama,10163,0,0,2,0,97,MOBILE (97),0,NO APLICA,4,Abril,6,2022,12,27,CR-CELESTE RD,4,Calle del Condado,Rural,Colector Mayor,County Highway Agency,0,Sin jurisdiccion especial,0,31.00977778,-88.15318056,Vehiculo en movimiento,Frente a frente,Not an Intersection,No fue interseccion,Sobre calle,Ninguna,Dia total,Despejado,No,NO APLICA,12,30,12,43,1,06/04/2022,3
1,Alabama,10164,0,0,2,0,101,MONTGOMERY (101),2130,MONTGOMERY,2,Febrero,26,2022,1,54,CONG W L DICKINSON DR,6,Calle Local Municipalidad,Urbano,Arteria Principal,City or Municipal Highway Agency,0,Sin jurisdiccion especial,0,32.4158,-86.23449722,Vehiculo en movimiento,Angulo,T-Intersection,Interseccion de T,Sobre calle,Ninguna,Oscuro con iluminacion,Despejado,No,NO APLICA,2,6,2,20,1,26/02/2022,5
1,Alabama,10165,0,0,2,0,73,JEFFERSON (73),0,NO APLICA,3,Marzo,22,2022,12,40,SR-269,3,Highway estatal,Urbano,Arteria Menor,State Highway Agency,0,Sin jurisdiccion especial,62,33.53839444,-86.98628889,Vehiculo en movimiento,Angulo,T-Intersection,Interseccion de T,Sobre calle,Ninguna,Dia total,Despejado,No,NO APLICA,12,40,12,49,1,22/03/2022,2
1,Alabama,10166,0,0,1,0,23,CHOCTAW (23),0,NO APLICA,3,Marzo,24,2022,6,30,CR-32,4,Calle del Condado,Rural,Colector Mayor,County Highway Agency,0,Sin jurisdiccion especial,0,32.23840556,-88.23789444,Acotamiento,El primer evento no fue una colision con un vehiculo automotor en transporte,Not an Intersection,No fue interseccion,Sobre el lado de la calle,Ninguna,Oscuro sin iluminacion,Despejado,No,NO APLICA,6,52,7,10,1,24/03/2022,1
1,Alabama,10167,0,0,1,0,109,PIKE (109),0,NO APLICA,3,Marzo,25,2022,21,40,US-231 SR-53,2,US Highway,Rural,Arteria Principal,State Highway Agency,1,Sin jurisdiccion especial,838,31.89932222,-86.01071667,Volcadura,El primer evento no fue una colision con un vehiculo automotor en transporte,Not an Intersection,No fue interseccion,Sobre el lado de la calle,Ninguna,Oscuro sin iluminacion,Despejado,No,NO APLICA,99,99,22,0,1,25/03/2022,2
1,Alabama,10168,0,0,1,0,45,DALE (45),0,NO APLICA,3,Marzo,25,2022,20,15,CR-61,4,Calle del Condado,Rural,Colector Mayor,County Highway Agency,0,Sin jurisdiccion especial,0,31.43419167,-85.49020278,Zanja,El primer evento no fue una colision con un vehiculo automotor en transporte,Not an Intersection,No fue interseccion,Sobre el lado de la calle,Ninguna,Oscuro sin iluminacion,Despejado,No,NO APLICA,99,99,21,35,1,25/03/2022,2
1,Alabama,10169,0,0,1,0,29,CLEBURNE (29),0,NO APLICA,3,Marzo,26,2022,17,34,I-20,1,Interestatal,Rural,Interestatal,State Highway Agency,1,Sin jurisdiccion especial,2043,33.64154444,-85.51521944,Acotamiento,El primer evento no fue una colision con un vehiculo automotor en transporte,Not an Intersection,No fue interseccion,Sobre el lado de la calle,Ninguna,Dia total,Despejado,No,NO APLICA,17,34,17,49,2,26/03/2022,2
1,Alabama,10170,0,0,2,0,31,COFFEE (31),1030,ENTERPRISE,3,Marzo,26,2022,9,57,SR-192,3,Highway estatal,Urbano,Arteria Principal,State Highway Agency,1,Sin jurisdiccion especial,0,31.29150833,-85.84856111,Vehiculo en movimiento,Angulo,Four-Way Intersection,Interseccion de 4 direcciones,Sobre calle,Ninguna,Dia total,Despejado,No,NO APLICA,9,58,10,3,1,26/03/2022,2
1,Alabama,10171,1,1,1,0,101,MONTGOMERY (101),2130,MONTGOMERY,3,Marzo,26,2022,17,27,I-85,1,Interestatal,Urbano,Interestatal,State Highway Agency,1,Sin jurisdiccion especial,60,32.36333333,-86.21425,Peaton,El primer evento no fue una colision con un vehiculo automotor en transporte,Not an Intersection,No fue interseccion,Sobre calle,Ninguna,Dia total,Despejado,No,NO APLICA,17,28,17,34,1,26/03/2022,1
1,Alabama,10172,0,0,1,0,113,RUSSELL (113),0,NO APLICA,3,Marzo,27,2022,7,7,CR-SANDFORT RD,4,Calle del Condado,Rural,Colector Mayor,County Highway Agency,0,Sin jurisdiccion especial,0,32.43627778,-85.06135278,Arbol,El primer evento no fue una colision con un vehiculo automotor en transporte,Not an Intersection,No fue interseccion,Sobre el lado de la calle,Ninguna,Amanecer,Despejado,No,NO APLICA,7,15,7,39,1,27/03/2022,1
1,Alabama,10173,0,0,1,0,95,MARSHALL (95),1500,GUNTERSVILLE,3,Marzo,28,2022,16,22,US-431 SR-1,2,US Highway,Urbano,Arteria Principal,State Highway Agency,1,Sin jurisdiccion especial,2935,34.34028611,-86.31011389,Poste,El primer evento no fue una colision con un vehiculo automotor en transporte,Not an Intersection,No fue interseccion,Sobre el lado de la calle,Ninguna,Dia total,Despejado,No,NO APLICA,16,25,16,28,1,28/03/2022,1
1,Alabama,10174,0,0,2,0,103,MORGAN (103),0,NO APLICA,3,Marzo,28,2022,9,35,I-65,1,Interestatal,Rural,Interestatal,State Highway Agency,1,Sin jurisdiccion especial,3335,34.53621944,-86.90584722,Vehiculo en movimiento,Golpe Lateral - misma direccion,Not an Intersection,No fue interseccion,Sobre calle,Ninguna,Dia total,Despejado,No,NO APLICA,9,35,9,50,1,28/03/2022,4
1,Alabama,10175,0,0,1,0,79,LAWRENCE (79),0,NO APLICA,3,Marzo,29,2022,22,10,SR-33,3,Highway estatal,Rural,Colector Mayor,State Highway Agency,0,Sin jurisdiccion especial,150,34.34535833,-87.33961111,Arbol,El primer evento no fue una colision con un vehiculo automotor en transporte,Not an Intersection,No fue interseccion,Sobre el lado de la calle,Ninguna,Oscuro sin iluminacion,Despejado,No,NO APLICA,22,10,22,23,1,29/03/2022,1
1,Alabama,10176,0,0,2,0,9,BLOUNT (9),0,NO APLICA,3,Marzo,29,2022,16,26,CR-RICKWOOD CAVERNS RD,4,Calle del Condado,Rural,Colector Mayor,County Highway Agency,0,Sin jurisdiccion especial,0,33.87899722,-86.87383889,Vehiculo en movimiento,Frente a frente,Not an Intersection,No fue interseccion,Sobre calle,Ninguna,Dia total,Despejado,No,NO APLICA,16,34,17,0,1,29/03/2022,2
1,Alabama,10177,0,0,2,0,75,LAMAR (75),0,NO APLICA,3,Marzo,30,2022,9,30,SR-17,3,Highway estatal,Rural,Arteria Menor,State Highway Agency,0,Sin jurisdiccion especial,2469,33.80549722,-88.11680556,Vehiculo en movimiento,Frente a Detrás,Not an Intersection,No fue interseccion,Sobre calle,Ninguna,Dia total,Nublado,No,NO APLICA,9,36,9,40,1,30/03/2022,2
1,Alabama,10178,0,0,2,0,35,CONECUH (35),0,NO APLICA,3,Marzo,30,2022,14,10,US-84 SR-12,2,US Highway,Rural,Arteria Principal,State Highway Agency,1,Sin jurisdiccion especial,918,31.42985833,-87.109075,Vehiculo en movimiento,Angulo,Four-Way Intersection,Interseccion de 4 direcciones,Sobre calle,Ninguna,Dia total,Despejado,No,NO APLICA,14,8,14,18,1,30/03/2022,2
1,Alabama,10179,0,0,1,0,19,CHEROKEE (19),0,NO APLICA,3,Marzo,31,2022,5,20,US-278 SR-74,2,US Highway,Rural,Arteria Principal,State Highway Agency,1,Sin jurisdiccion especial,1636,33.97954167,-85.50074444,Otro objeto (no fijo),El primer evento no fue una colision con un vehiculo automotor en transporte,Not an Intersection,No fue interseccion,Sobre calle,Ninguna,Oscuro sin iluminacion,Despejado,No,NO APLICA,5,35,6,3,1,31/03/2022,2
1,Alabama,10180,1,1,1,0,17,CHAMBERS (17),1830,LANETT,4,Abril,1,2022,6,28,SR-50,3,Highway estatal,Urbano,Arteria Menor,State Highway Agency,0,Sin jurisdiccion especial,530,32.85245833,-85.19954167,Peaton,El primer evento no fue una colision con un vehiculo automotor en transporte,Not an Intersection,No fue interseccion,Sobre calle,Ninguna,Oscuro sin iluminacion,Despejado,No,NO APLICA,6,28,6,35,1,01/04/2022,1
1,Alabama,10181,0,0,3,0,95,MARSHALL (95),400,BOAZ,4,Abril,1,2022,10,58,US-431 SR-1,2,US Highway,Urbano,Arteria Principal,State Highway Agency,1,Sin jurisdiccion especial,2802,34.19550278,-86.14929722,Vehiculo en movimiento,Angulo,Four-Way Intersection,Interseccion de 4 direcciones,Sobre calle,Ninguna,Dia total,Despejado,No,NO APLICA,10,55,11,5,1,01/04/2022,3
1,Alabama,10182,0,0,2,0,73,JEFFERSON (73),350,BIRMINGHAM,4,Abril,1,2022,9,2,LOMB AVE,6,Calle Local Municipalidad,Urbano,Arteria Menor,City or Municipal Highway Agency,0,Sin jurisdiccion especial,0,33.50044722,-86.86685,Vehiculo en movimiento,Frente a frente,Four-Way Intersection,Interseccion de 4 direcciones,Sobre calle,Ninguna,Dia total,Despejado,No,NO APLICA,9,2,9,8,1,01/04/2022,5
1,Alabama,10183,0,0,1,0,87,MACON (87),3070,TUSKEGEE,4,Abril,1,2022,1,22,US-80 SR-8,2,US Highway,Urbano,Arteria Menor,State Highway Agency,0,Sin jurisdiccion especial,1725,32.42094444,-85.69506667,Poste,El primer evento no fue una colision con un vehiculo automotor en transporte,Not an Intersection,No fue interseccion,Sobre el lado de la calle,Ninguna,Oscuro - iluminacion desconocida,Despejado,No,NO APLICA,1,22,1,45,1,01/04/2022,1
1,Alabama,10184,0,0,1,0,101,MONTGOMERY (101),2130,MONTGOMERY,4,Abril,3,2022,3,56,SR-152,3,Highway estatal,Urbano,Arterial Principal -Freeway o ExpressWay,State Highway Agency,1,Sin jurisdiccion especial,0,32.42174444,-86.2355,Arbol,El primer evento no fue una colision con un vehiculo automotor en transporte,Not an Intersection,No fue interseccion,En el medio,Ninguna,Oscuro con iluminacion,Despejado,No,NO APLICA,3,58,4,8,1,03/04/2022,1
1,Alabama,10185,1,1,1,0,73,JEFFERSON (73),1716,HOOVER,4,Abril,2,2022,22,53,I-459 S,1,Interestatal,Urbano,Interestatal,State Highway Agency,1,Sin jurisdiccion especial,150,33.39145,-86.79006667,Peaton,El primer evento no fue una colision con un vehiculo automotor en transporte,Not an Intersection,No fue interseccion,Sobre calle,Ninguna,Oscuro con iluminacion,Despejado,No,NO APLICA,99,99,23,10,1,02/04/2022,3