Estado,Nombre de Estado,Numero de Caso,Peatones,Personas _no_vehiculos,Vehiculos automotores,Vehiculos estacionados,Condado,Nombre Condado,Ciudad,Nombre Ciudad,Mes,Nombre Mes,Dia,Año,Hora,Minuto,Calle,Ruta,Nombre Ruta,Rural o Urbanoo,Sistema Funcional,Dueño Calle,Sistema Nacional Carreteras,Jurisdiccion Especial,Milla,Latitud,Longitud,Causa del Accidente,Tipo de Accidente,Tipo Interseccion,Columna1,Lugar en la calle,Zona de Trabajo,Luz,Clima,Autobus Escolar,Cruce de Trenes,Hora Notificacion,Minuto Notificacion,Hora Llegada,Minuto Llegada,Decesos,Fecha,PersonaVehiculo
1,Alabama,10186,0,0,2,0,51,ELMORE (51),9997,Other,4,Abril,2,2022,16,39,US-82 SR-6,2,US Highway,Urbano,Arteria Principal,State Highway Agency,1,Sin jurisdiccion especial,0,32.45678611,-86.40383056,Vehiculo en movimiento,Angulo,Four-Way Intersection,Interseccion de 4 direcciones,Sobre calle,Ninguna,Dia total,Despejado,No,NO APLICA,16,39,16,44,1,02/04/2022,3
1,Alabama,10187,0,0,2,0,49,DEKALB (49),0,NO APLICA,4,Abril,2,2022,22,20,SR-75,3,Highway estatal,Rural,Arteria Menor,State Highway Agency,0,Sin jurisdiccion especial,686,34.33244444,-86.05228611,Vehiculo en movimiento,Frente a Detrás,Not an Intersection,No fue interseccion,Sobre calle,Ninguna,Oscuro sin iluminacion,Despejado,No,NO APLICA,22,29,22,52,1,02/04/2022,2
1,Alabama,10188,0,0,2,0,125,TUSCALOOSA (125),0,NO APLICA,4,Abril,3,2022,19,30,SR-69,3,Highway estatal,Rural,Arteria Principal,State Highway Agency,1,Sin jurisdiccion especial,1412,33.13967778,-87.5438,Vehiculo en movimiento,Angulo,Four-Way Intersection,Interseccion de 4 direcciones,Sobre calle,Ninguna,Oscuro con iluminacion,Despejado,No,NO APLICA,19,39,19,45,1,03/04/2022,2
1,Alabama,10189,1,1,4,0,63,GREENE (63),0,NO APLICA,4,Abril,1,2022,3,22,I-59,1,Interestatal,Rural,Interestatal,State Highway Agency,1,Sin jurisdiccion especial,535,32.9991,-87.77235556,Vehiculo en movimiento,Frente a Detrás,Not an Intersection,No fue interseccion,Sobre calle,Ninguna,Oscuro - iluminacion desconocida,Despejado,No,NO APLICA,3,42,4,5,1,01/04/2022,5
1,Alabama,10190,0,0,2,0,125,TUSCALOOSA (125),0,NO APLICA,4,Abril,3,2022,21,8,I-59,1,Interestatal,Urbano,Interestatal,State Highway Agency,1,Sin jurisdiccion especial,751,33.17566389,-87.48846389,Vehiculo en movimiento,Frente a Detrás,Not an Intersection,No fue interseccion,Sobre calle,Ninguna,Oscuro sin iluminacion,Nublado,No,NO APLICA,21,9,21,28,1,03/04/2022,4
1,Alabama,10191,0,0,1,0,1,AUTAUGA (1),0,NO APLICA,4,Abril,4,2022,22,48,SR-14,3,Highway estatal,Urbano,Arteria Menor,State Highway Agency,0,Sin jurisdiccion especial,1476,32.4306,-86.52327222,Arbol,El primer evento no fue una colision con un vehiculo automotor en transporte,Not an Intersection,No fue interseccion,Sobre el lado de la calle,Ninguna,Oscuro sin iluminacion,Despejado,No,NO APLICA,22,48,22,59,1,04/04/2022,1
1,Alabama,10192,0,0,2,0,131,WILCOX (131),0,NO APLICA,4,Abril,4,2022,4,50,SR-5,3,Highway estatal,Rural,Arteria Principal,State Highway Agency,1,Sin jurisdiccion especial,255,32.16828611,-87.49320278,Vehiculo en movimiento,Frente a frente,Not an Intersection,No fue interseccion,Sobre calle,Ninguna,Oscuro sin iluminacion,Despejado,No,NO APLICA,5,7,5,37,1,04/04/2022,4
1,Alabama,10193,0,0,2,0,97,MOBILE (97),2100,MOBILE,4,Abril,4,2022,18,39,AIRPORT BLVD,6,Calle Local Municipalidad,Urbano,Arteria Principal,City or Municipal Highway Agency,0,Sin jurisdiccion especial,0,30.67598056,-88.15973889,Vehiculo en movimiento,Angulo,T-Intersection,Interseccion de T,Sobre calle,Ninguna,Dia total,Despejado,No,NO APLICA,18,48,18,49,1,04/04/2022,4
1,Alabama,10194,0,0,2,0,15,CALHOUN (15),2460,PIEDMONT,4,Abril,4,2022,15,29,SR-21,3,Highway estatal,Rural,Arteria Principal,State Highway Agency,1,Sin jurisdiccion especial,2785,33.928025,-85.62415,Vehiculo en movimiento,Frente a frente,Not an Intersection,No fue interseccion,Sobre calle,Ninguna,Dia total,Despejado,No,NO APLICA,15,41,16,3,1,04/04/2022,3
1,Alabama,10195,0,0,2,0,73,JEFFERSON (73),0,NO APLICA,4,Abril,5,2022,6,30,I-20,1,Interestatal,Urbano,Interestatal,State Highway Agency,1,Sin jurisdiccion especial,1364,33.54531944,-86.65185556,Vehiculo en movimiento,Frente a Detrás,Not an Intersection,No fue interseccion,Sobre calle,Ninguna,Amanecer,lluvia,No,NO APLICA,6,33,6,53,2,05/04/2022,4
1,Alabama,10196,0,0,1,0,65,HALE (65),0,NO APLICA,4,Abril,5,2022,9,30,SR-25,3,Highway estatal,Rural,Colector Mayor,State Highway Agency,0,Sin jurisdiccion especial,389,32.509175,-87.59683889,Arbol,El primer evento no fue una colision con un vehiculo automotor en transporte,Not an Intersection,No fue interseccion,Sobre el lado de la calle,Ninguna,Dia total,lluvia,No,NO APLICA,9,53,10,25,1,05/04/2022,1
1,Alabama,10197,0,0,1,0,95,MARSHALL (95),0,NO APLICA,4,Abril,5,2022,19,30,CR-BROCK RD,4,Calle del Condado,Rural,Local,County Highway Agency,0,Sin jurisdiccion especial,0,34.19838056,-86.22660833,Acotamiento,El primer evento no fue una colision con un vehiculo automotor en transporte,Not an Intersection,No fue interseccion,Sobre el lado de la calle,Ninguna,Atardecer,Despejado,No,NO APLICA,19,30,19,27,1,05/04/2022,2
1,Alabama,10198,0,0,1,0,13,BUTLER (13),0,NO APLICA,4,Abril,8,2022,16,15,US-31 SR-3,2,US Highway,Rural,Colector Mayor,State Highway Agency,0,Sin jurisdiccion especial,1463,31.92768333,-86.53899722,Arbol,El primer evento no fue una colision con un vehiculo automotor en transporte,Not an Intersection,No fue interseccion,Sobre el lado de la calle,Ninguna,Dia total,Despejado,No,NO APLICA,16,21,17,10,1,08/04/2022,2
1,Alabama,10199,1,1,2,0,101,MONTGOMERY (101),2130,MONTGOMERY,4,Abril,8,2022,23,51,I-85,1,Interestatal,Urbano,Interestatal,State Highway Agency,1,Sin jurisdiccion especial,110,32.36778333,-86.13913611,Peaton,El primer evento no fue una colision con un vehiculo automotor en transporte,Not an Intersection,No fue interseccion,Sobre calle,Ninguna,Oscuro con iluminacion,Despejado,No,NO APLICA,23,51,0,1,1,08/04/2022,1
1,Alabama,10200,1,1,1,0,25,CLARKE (25),1760,JACKSON,4,Abril,8,2022,17,30,CLOLINGER RD,6,Calle Local Municipalidad,Rural,Local,City or Municipal Highway Agency,0,Sin jurisdiccion especial,0,31.51485278,-87.86962222,Peaton,El primer evento no fue una colision con un vehiculo automotor en transporte,Not an Intersection,No fue interseccion,Sobre calle,Ninguna,Dia total,Despejado,No,NO APLICA,88,88,88,88,1,08/04/2022,1
1,Alabama,10201,0,0,1,0,49,DEKALB (49),0,NO APLICA,4,Abril,9,2022,2,20,CR-141,4,Calle del Condado,Rural,Colector Mayor,County Highway Agency,0,Sin jurisdiccion especial,0,34.75064167,-85.63794722,Arbol,El primer evento no fue una colision con un vehiculo automotor en transporte,Not an Intersection,No fue interseccion,Sobre el lado de la calle,Ninguna,Oscuro sin iluminacion,Nublado,No,NO APLICA,6,29,6,43,3,09/04/2022,3
1,Alabama,10202,0,0,1,0,89,MADISON (89),0,NO APLICA,4,Abril,10,2022,3,30,US-231 SR-1,2,US Highway,Urbano,Arteria Principal,State Highway Agency,1,Sin jurisdiccion especial,3483,34.95076389,-86.57174722,Barda,El primer evento no fue una colision con un vehiculo automotor en transporte,Not an Intersection,No fue interseccion,Sobre el lado de la calle,Ninguna,Oscuro sin iluminacion,Despejado,No,NO APLICA,7,5,8,29,1,10/04/2022,1
1,Alabama,10203,0,0,1,0,71,JACKSON (71),0,NO APLICA,4,Abril,10,2022,9,40,CR-VENSON ST,4,Calle del Condado,Rural,Colector Mayor,County Highway Agency,0,Sin jurisdiccion especial,0,34.64485278,-86.27118333,Edificio,El primer evento no fue una colision con un vehiculo automotor en transporte,Not an Intersection,No fue interseccion,Fuera de la calle,Ninguna,Dia total,Despejado,No,NO APLICA,9,44,10,7,1,10/04/2022,1
1,Alabama,10204,0,0,1,0,123,TALLAPOOSA (123),0,NO APLICA,4,Abril,10,2022,17,3,SR-120,3,Highway estatal,Rural,Colector Mayor,State Highway Agency,0,Sin jurisdiccion especial,1,32.60375556,-85.80516111,Poste de Señal de trafico,El primer evento no fue una colision con un vehiculo automotor en transporte,T-Intersection,Interseccion de T,Gore?,Ninguna,Dia total,Despejado,No,NO APLICA,99,99,99,99,1,10/04/2022,1
1,Alabama,10205,0,0,2,0,9,BLOUNT (9),0,NO APLICA,4,Abril,10,2022,18,53,SR-75,3,Highway estatal,Rural,Arteria Principal,State Highway Agency,0,Sin jurisdiccion especial,176,33.81638611,-86.59953611,Vehiculo en movimiento,Angulo,Four-Way Intersection,Interseccion de 4 direcciones,Sobre calle,Ninguna,Atardecer,Despejado,No,NO APLICA,18,56,19,26,1,10/04/2022,5
1,Alabama,10206,0,0,1,0,89,MADISON (89),1730,HUNTSVILLE,4,Abril,11,2022,18,6,BOB WADE LANE,6,Calle Local Municipalidad,Urbano,Arteria Menor,City or Municipal Highway Agency,0,Sin jurisdiccion especial,0,34.829425,-86.59578333,Otro objeto (fijo),El primer evento no fue una colision con un vehiculo automotor en transporte,Not an Intersection,No fue interseccion,Sobre el lado de la calle,Ninguna,Dia total,Nublado,No,NO APLICA,18,6,18,16,2,11/04/2022,3
1,Alabama,10207,0,0,2,0,95,MARSHALL (95),0,NO APLICA,4,Abril,11,2022,11,0,SR-75,3,Highway estatal,Rural,Arteria Menor,State Highway Agency,0,Sin jurisdiccion especial,467,34.15788611,-86.35602222,Vehiculo en movimiento,Frente a frente,Not an Intersection,No fue interseccion,Sobre calle,Construccion,Dia total,Nublado,No,NO APLICA,99,99,99,99,1,11/04/2022,2
1,Alabama,10208,0,0,1,0,83,LIMESTONE (83),170,ATHENS,4,Abril,12,2022,8,38,US-72 SR-2,2,US Highway,Urbano,Arteria Principal,State Highway Agency,1,Sin jurisdiccion especial,806,34.7651,-86.87576389,Zanja,El primer evento no fue una colision con un vehiculo automotor en transporte,Not an Intersection,No fue interseccion,En el medio,Ninguna,Dia total,Despejado,No,NO APLICA,8,44,8,52,1,12/04/2022,1
1,Alabama,10209,0,0,1,0,3,BALDWIN (3),1493,GULF SHORES,4,Abril,13,2022,21,13,SR-180,3,Highway estatal,Urbano,Arteria Menor,State Highway Agency,0,Sin jurisdiccion especial,167,30.25185833,-87.75602222,Arbol,El primer evento no fue una colision con un vehiculo automotor en transporte,Not an Intersection,No fue interseccion,Sobre el lado de la calle,Ninguna,Oscuro con iluminacion,Nublado,No,NO APLICA,21,12,21,23,1,13/04/2022,2
1,Alabama,10210,0,0,1,0,43,CULLMAN (43),0,NO APLICA,4,Abril,13,2022,7,30,SR-91,3,Highway estatal,Rural,Arteria Menor,State Highway Agency,0,Sin jurisdiccion especial,125,33.93090833,-86.89782222,Arbol,El primer evento no fue una colision con un vehiculo automotor en transporte,Not an Intersection,No fue interseccion,Sobre el lado de la calle,Ninguna,Dia total,Despejado,No,NO APLICA,99,99,8,0,1,13/04/2022,1
1,Alabama,10211,0,0,2,0,83,LIMESTONE (83),0,NO APLICA,4,Abril,13,2022,16,20,CR-E LIMESTONE RD,4,Calle del Condado,Urbano,Colector Mayor,County Highway Agency,0,Sin jurisdiccion especial,0,34.75908889,-86.83296667,Volcadura,El primer evento no fue una colision con un vehiculo automotor en transporte,Not an Intersection,No fue interseccion,Sobre calle,Ninguna,Dia total,Despejado,No,NO APLICA,16,30,16,37,1,13/04/2022,2
1,Alabama,10212,0,0,1,0,121,TALLADEGA (121),0,NO APLICA,4,Abril,14,2022,17,21,CR-SYLACAUGA FAYETTEVILLE HWY,4,Calle del Condado,Rural,Colector Mayor,County Highway Agency,0,Sin jurisdiccion especial,0,33.14618056,-86.33589444,Arbol,El primer evento no fue una colision con un vehiculo automotor en transporte,Not an Intersection,No fue interseccion,Sobre el lado de la calle,Ninguna,Dia total,Despejado,No,NO APLICA,17,17,17,30,1,14/04/2022,1
1,Alabama,10213,1,1,1,0,125,TUSCALOOSA (125),0,NO APLICA,4,Abril,15,2022,11,32,I-59,1,Interestatal,Rural,Interestatal,State Highway Agency,1,Sin jurisdiccion especial,993,33.26788333,-87.10905278,Peaton,El primer evento no fue una colision con un vehiculo automotor en transporte,Not an Intersection,No fue interseccion,Sobre Acotamiento,Ninguna,Dia total,Despejado,No,NO APLICA,11,40,12,7,1,15/04/2022,1
1,Alabama,10214,0,0,1,0,101,MONTGOMERY (101),2130,MONTGOMERY,4,Abril,16,2022,2,20,NORTHERN BLVD,6,Calle Local Municipalidad,Urbano,Local,State Highway Agency,0,Sin jurisdiccion especial,0,32.42221111,-86.24608611,Arbol,El primer evento no fue una colision con un vehiculo automotor en transporte,Not an Intersection,No fue interseccion,En el medio,Ninguna,Oscuro sin iluminacion,lluvia,No,NO APLICA,2,23,2,36,1,16/04/2022,1
1,Alabama,10215,0,0,2,0,69,HOUSTON (69),930,DOTHAN,4,Abril,16,2022,15,45,SR-210,3,Highway estatal,Urbano,Arteria Principal,State Highway Agency,1,Sin jurisdiccion especial,0,31.25246667,-85.416875,Vehiculo en movimiento,Angulo,Four-Way Intersection,Interseccion de 4 direcciones,Sobre calle,Ninguna,Dia total,Despejado,No,NO APLICA,15,45,15,50,1,16/04/2022,3
1,Alabama,10216,0,0,2,0,97,MOBILE (97),2100,MOBILE,4,Abril,16,2022,17,37,HALLS MILL RD,6,Calle Local Municipalidad,Urbano,Colector Mayor,City or Municipal Highway Agency,0,Sin jurisdiccion especial,0,30.66090556,-88.09615556,Vehiculo en movimiento,Frente a frente,Not an Intersection,No fue interseccion,Sobre calle,Ninguna,Oscuro con iluminacion,lluvia,No,NO APLICA,17,39,17,45,1,16/04/2022,5
1,Alabama,10217,1,1,1,0,97,MOBILE (97),2100,MOBILE,4,Abril,17,2022,4,30,I-65,1,Interestatal,Urbano,Interestatal,State Highway Agency,1,Sin jurisdiccion especial,40,30.69067222,-88.12598611,Peaton,El primer evento no fue una colision con un vehiculo automotor en transporte,Not an Intersection,No fue interseccion,Sobre calle,Ninguna,Oscuro sin iluminacion,Despejado,No,NO APLICA,4,30,4,33,1,17/04/2022,1
1,Alabama,10218,0,0,1,0,121,TALLADEGA (121),0,NO APLICA,4,Abril,17,2022,21,20,CR-RENFROE TOWER RD,4,Calle del Condado,Rural,Local,County Highway Agency,0,Sin jurisdiccion especial,0,33.43611944,-86.19321389,Otro objeto (fijo),El primer evento no fue una colision con un vehiculo automotor en transporte,Not an Intersection,No fue interseccion,Sobre el lado de la calle,Ninguna,Oscuro sin iluminacion,lluvia,No,NO APLICA,21,20,21,38,1,17/04/2022,1
1,Alabama,10219,0,0,2,0,95,MARSHALL (95),50,ALBERTVILLE,4,Abril,17,2022,0,25,US-431 SR-1,2,US Highway,Urbano,Arteria Principal,State Highway Agency,1,Sin jurisdiccion especial,2820,34.24198889,-86.17122778,Vehiculo en movimiento,Frente a frente,Not an Intersection,No fue interseccion,Sobre calle,Ninguna,Oscuro con iluminacion,Neblina o Humo,No,NO APLICA,0,25,0,40,2,17/04/2022,2
1,Alabama,10220,0,0,1,0,11,BULLOCK (11),3090,UNION SPRINGS,4,Abril,17,2022,13,44,MARTIN LUTHER KING BLVD,6,Calle Local Municipalidad,Urbano,Arteria Menor,State Highway Agency,0,Sin jurisdiccion especial,0,32.15262222,-85.71350278,Arbol,El primer evento no fue una colision con un vehiculo automotor en transporte,Not an Intersection,No fue interseccion,Sobre el lado de la calle,Ninguna,Dia total,lluvia,No,NO APLICA,88,88,88,88,1,17/04/2022,3
1,Alabama,10221,0,0,3,0,29,CLEBURNE (29),1620,HEFLIN,4,Abril,18,2022,18,9,SR-9,3,Highway estatal,Rural,Arteria Menor,State Highway Agency,0,Sin jurisdiccion especial,2130,33.61074444,-85.598125,Vehiculo en movimiento,Frente a frente,Not an Intersection,No fue interseccion,Sobre calle,Ninguna,Dia total,Despejado,No,NO APLICA,18,9,18,21,1,18/04/2022,3
1,Alabama,10222,0,0,2,0,73,JEFFERSON (73),350,BIRMINGHAM,4,Abril,19,2022,18,28,VALLEY RD,6,Calle Local Municipalidad,Urbano,Local,City or Municipal Highway Agency,0,Sin jurisdiccion especial,0,33.63309722,-86.62310278,Vehiculo en movimiento,Frente a frente,Not an Intersection,No fue interseccion,Sobre calle,Ninguna,Oscuro con iluminacion,Despejado,No,NO APLICA,18,28,18,38,1,19/04/2022,2
1,Alabama,10223,0,0,2,0,97,MOBILE (97),0,NO APLICA,4,Abril,20,2022,5,35,CR-OLD PASCAGOULA RD,4,Calle del Condado,Rural,Colector Menor,County Highway Agency,0,Sin jurisdiccion especial,0,30.50710556,-88.36861389,Vehiculo en movimiento,Frente a frente,Not an Intersection,No fue interseccion,Sobre calle,Ninguna,Oscuro sin iluminacion,Nublado,No,NO APLICA,5,39,5,54,2,20/04/2022,4
1,Alabama,10224,0,0,1,0,77,LAUDERDALE (77),0,NO APLICA,4,Abril,20,2022,23,10,SR-64,3,Highway estatal,Rural,Colector Mayor,State Highway Agency,0,Sin jurisdiccion especial,20,34.93451667,-87.50166389,Volcadura,El primer evento no fue una colision con un vehiculo automotor en transporte,Not an Intersection,No fue interseccion,Sobre el lado de la calle,Ninguna,Oscuro sin iluminacion,lluvia,No,NO APLICA,23,10,23,24,1,20/04/2022,1
1,Alabama,10225,0,0,2,0,83,LIMESTONE (83),0,NO APLICA,4,Abril,20,2022,5,7,I-65,1,Interestatal,Urbano,Interestatal,State Highway Agency,1,Sin jurisdiccion especial,3546,34.83564444,-86.93680833,Vehiculo en movimiento,Angulo,Not an Intersection,No fue interseccion,Sobre calle,Ninguna,Oscuro sin iluminacion,Despejado,No,NO APLICA,5,3,5,16,1,20/04/2022,2
1,Alabama,10226,0,0,1,0,57,FAYETTE (57),0,NO APLICA,4,Abril,20,2022,7,45,SR-107,3,Highway estatal,Rural,Colector Mayor,State Highway Agency,0,Sin jurisdiccion especial,37,33.76878611,-87.89378333,Otro objeto (fijo),El primer evento no fue una colision con un vehiculo automotor en transporte,Not an Intersection,No fue interseccion,Sobre el lado de la calle,Ninguna,Dia total,Despejado,No,NO APLICA,7,51,8,3,1,20/04/2022,1
1,Alabama,10227,1,1,1,0,97,MOBILE (97),2550,PRICHARD,4,Abril,21,2022,20,30,ST STEPHENS RD SR-17,6,Calle Local Municipalidad,Urbano,Arteria Principal,State Highway Agency,1,Sin jurisdiccion especial,0,30.75175,-88.11614722,Peaton,El primer evento no fue una colision con un vehiculo automotor en transporte,Not an Intersection,No fue interseccion,Sobre calle,Ninguna,Oscuro con iluminacion,Despejado,No,NO APLICA,20,41,20,52,1,21/04/2022,1
1,Alabama,10228,0,0,1,0,107,PICKENS (107),0,NO APLICA,4,Abril,21,2022,13,30,US-82 SR-6,2,US Highway,Rural,Arteria Principal,State Highway Agency,1,Sin jurisdiccion especial,128,33.405025,-88.09441944,Soporte de Puente,El primer evento no fue una colision con un vehiculo automotor en transporte,Not an Intersection,No fue interseccion,En el medio,Ninguna,Dia total,Despejado,No,NO APLICA,13,31,14,0,1,21/04/2022,2
1,Alabama,10229,1,1,1,0,97,MOBILE (97),0,NO APLICA,4,Abril,21,2022,5,14,US-45 SR-17,2,US Highway,Rural,Arteria Principal,State Highway Agency,1,Sin jurisdiccion especial,270,31.02618056,-88.23173611,Peaton,El primer evento no fue una colision con un vehiculo automotor en transporte,Not an Intersection,No fue interseccion,Sobre calle,Ninguna,Oscuro sin iluminacion,Nublado,No,NO APLICA,5,20,5,29,1,21/04/2022,1
1,Alabama,10230,0,0,1,0,55,ETOWAH (55),1670,HOKES BLUFF,4,Abril,22,2022,9,31,US-278 SR-74,2,US Highway,Urbano,Arteria Principal,State Highway Agency,1,Sin jurisdiccion especial,1441,33.98266944,-85.81205,Volcadura,El primer evento no fue una colision con un vehiculo automotor en transporte,Not an Intersection,No fue interseccion,Sobre calle,Ninguna,Dia total,Despejado,No,NO APLICA,9,33,9,45,1,22/04/2022,1
1,Alabama,10231,0,0,2,0,81,LEE (81),0,NO APLICA,4,Abril,22,2022,9,55,US-280,2,US Highway,Urbano,Arteria Principal,State Highway Agency,1,Sin jurisdiccion especial,997,32.69233056,-85.50813333,Vehiculo en movimiento,Angulo,T-Intersection,Interseccion de T,Sobre calle,Ninguna,Dia total,Despejado,No,NO APLICA,99,99,10,15,1,22/04/2022,2
1,Alabama,10232,0,0,1,0,15,CALHOUN (15),0,NO APLICA,4,Abril,24,2022,22,10,CR-PARKWOOD DR,4,Calle del Condado,Urbano,Colector Mayor,County Highway Agency,0,Sin jurisdiccion especial,0,33.69021389,-85.86706667,Zanja,El primer evento no fue una colision con un vehiculo automotor en transporte,Not an Intersection,No fue interseccion,Sobre el lado de la calle,Ninguna,Oscuro sin iluminacion,Despejado,No,NO APLICA,22,13,22,25,1,24/04/2022,1
1,Alabama,10233,0,0,1,0,47,DALLAS (47),0,NO APLICA,4,Abril,24,2022,5,0,SR-41,3,Highway estatal,Rural,Arteria Principal,State Highway Agency,1,Sin jurisdiccion especial,1031,32.12212778,-87.09257222,Zanja,El primer evento no fue una colision con un vehiculo automotor en transporte,Not an Intersection,No fue interseccion,Sobre el lado de la calle,Ninguna,Oscuro sin iluminacion,Despejado,No,NO APLICA,99,99,99,99,1,24/04/2022,1
1,Alabama,10234,0,0,1,0,129,WASHINGTON (129),0,NO APLICA,4,Abril,24,2022,11,20,CR-NATHAN JORDAN RD,4,Calle del Condado,Rural,Colector Mayor,County Highway Agency,0,Sin jurisdiccion especial,71,31.56375556,-88.41468333,Arbol,El primer evento no fue una colision con un vehiculo automotor en transporte,Not an Intersection,No fue interseccion,Sobre el lado de la calle,Ninguna,Dia total,Despejado,No,NO APLICA,11,20,11,35,1,24/04/2022,1
1,Alabama,10235,0,0,1,0,97,MOBILE (97),0,NO APLICA,4,Abril,24,2022,13,28,CR-HOWELLS FERRY RD,4,Calle del Condado,Urbano,Local,County Highway Agency,0,Sin jurisdiccion especial,0,30.75243333,-88.31011667,Arbol,El primer evento no fue una colision con un vehiculo automotor en transporte,Not an Intersection,No fue interseccion,Sobre el lado de la calle,Ninguna,Dia total,Despejado,No,NO APLICA,13,29,13,35,1,24/04/2022,1
1,Alabama,10236,0,0,1,0,55,ETOWAH (55),0,NO APLICA,4,Abril,25,2022,0,45,CR-FAIRVIEW RD,4,Calle del Condado,Urbano,Colector Mayor,County Highway Agency,0,Sin jurisdiccion especial,10,34.06698056,-86.01178889,Culvert,El primer evento no fue una colision con un vehiculo automotor en transporte,Not an Intersection,No fue interseccion,Sobre el lado de la calle,Ninguna,Oscuro sin iluminacion,Despejado,No,NO APLICA,99,99,1,8,1,25/04/2022,1
1,Alabama,10237,0,0,3,0,89,MADISON (89),1730,HUNTSVILLE,4,Abril,25,2022,2,0,US-72 E SR-2,2,US Highway,Urbano,Arteria Principal,State Highway Agency,1,Sin jurisdiccion especial,1010,34.76676944,-86.55436667,Vehiculo en movimiento,Frente a Detrás,Not an Intersection,No fue interseccion,Sobre calle,Ninguna,Oscuro con iluminacion,Despejado,No,NO APLICA,2,0,2,7,1,25/04/2022,3
1,Alabama,10238,0,0,2,0,13,BUTLER (13),0,NO APLICA,4,Abril,26,2022,12,30,US-31 SR-3,2,US Highway,Rural,Colector Mayor,State Highway Agency,0,Sin jurisdiccion especial,1464,31.92795,-86.53883333,Vehiculo en movimiento,Frente a frente,Not an Intersection,No fue interseccion,Sobre calle,Ninguna,Dia total,Nublado,No,NO APLICA,12,45,12,56,2,26/04/2022,2
1,Alabama,10239,0,0,3,0,1,AUTAUGA (1),0,NO APLICA,4,Abril,26,2022,14,0,SR-14,3,Highway estatal,Rural,Arteria Menor,State Highway Agency,0,Sin jurisdiccion especial,1355,32.45001111,-86.72546389,Vehiculo en movimiento,Frente a frente,Not an Intersection,No fue interseccion,Sobre calle,Ninguna,Dia total,lluvia,No,NO APLICA,13,58,14,18,1,26/04/2022,4
1,Alabama,10240,0,0,2,0,95,MARSHALL (95),0,NO APLICA,4,Abril,26,2022,14,58,SR-79,3,Highway estatal,Rural,Arteria Menor,State Highway Agency,0,Sin jurisdiccion especial,552,34.23095278,-86.40348056,Vehiculo en movimiento,Frente a frente,Not an Intersection,No fue interseccion,Sobre calle,Ninguna,Dia total,Despejado,No,NO APLICA,14,51,15,8,1,26/04/2022,3
1,Alabama,10241,0,0,2,0,73,JEFFERSON (73),350,BIRMINGHAM,4,Abril,28,2022,6,40,LAWSON RD,6,Calle Local Municipalidad,Urbano,Colector Mayor,City or Municipal Highway Agency,0,Sin jurisdiccion especial,0,33.60593056,-86.74137778,Vehiculo en movimiento,Frente a frente,Not an Intersection,No fue interseccion,Sobre calle,Ninguna,Amanecer,Nublado,No,NO APLICA,6,51,7,0,1,28/04/2022,2
1,Alabama,10242,0,0,2,0,121,TALLADEGA (121),0,NO APLICA,4,Abril,29,2022,21,30,SR-21,3,Highway estatal,Rural,Arteria Principal,State Highway Agency,1,Sin jurisdiccion especial,2384,33.48965278,-86.01405278,Vehiculo en movimiento,Frente a frente,Not an Intersection,No fue interseccion,Sobre calle,Ninguna,Oscuro sin iluminacion,Despejado,No,NO APLICA,21,35,21,54,1,29/04/2022,2
1,Alabama,10243,0,0,1,0,83,LIMESTONE (83),170,ATHENS,4,Abril,29,2022,2,13,HINE ST,6,Calle Local Municipalidad,Urbano,Colector Mayor,City or Municipal Highway Agency,0,Sin jurisdiccion especial,22,34.74638889,-86.98375833,Zanja,El primer evento no fue una colision con un vehiculo automotor en transporte,Not an Intersection,No fue interseccion,Sobre el lado de la calle,Ninguna,Oscuro sin iluminacion,Despejado,No,NO APLICA,2,9,2,14,1,29/04/2022,1
1,Alabama,10244,1,1,1,0,97,MOBILE (97),2100,MOBILE,4,Abril,29,2022,5,29,I-65,1,Interestatal,Urbano,Interestatal,State Highway Agency,1,Sin jurisdiccion especial,40,30.68258333,-88.12717778,Peaton,El primer evento no fue una colision con un vehiculo automotor en transporte,Not an Intersection,No fue interseccion,Sobre calle,Ninguna,Oscuro con iluminacion,lluvia,No,NO APLICA,5,29,5,39,1,29/04/2022,1
1,Alabama,10245,0,0,1,0,125,TUSCALOOSA (125),0,NO APLICA,4,Abril,29,2022,17,25,CR-LARY LAKE RD,4,Calle del Condado,Urbano,Colector Mayor,County Highway Agency,0,Sin jurisdiccion especial,0,33.33021667,-87.592575,Arbol,El primer evento no fue una colision con un vehiculo automotor en transporte,Not an Intersection,No fue interseccion,Sobre el lado de la calle,Ninguna,Dia total,Despejado,No,NO APLICA,99,99,99,99,1,29/04/2022,1
1,Alabama,10246,0,0,3,0,51,ELMORE (51),0,NO APLICA,4,Abril,30,2022,16,37,US-231 SR-21,2,US Highway,Rural,Arteria Principal,State Highway Agency,1,Sin jurisdiccion especial,1726,32.66493333,-86.25184444,Vehiculo en movimiento,Golpe Lateral - direccion contraria,Not an Intersection,No fue interseccion,Sobre calle,Ninguna,Dia total,Nublado,No,NO APLICA,16,55,17,6,2,30/04/2022,6
1,Alabama,10247,0,0,1,0,127,WALKER (127),0,NO APLICA,4,Abril,30,2022,20,12,CR-BURROWS CROSSING RD,4,Calle del Condado,Rural,Local,County Highway Agency,0,Sin jurisdiccion especial,0,33.956175,-87.19469444,Acotamiento,El primer evento no fue una colision con un vehiculo automotor en transporte,T-Intersection,Interseccion de T,Sobre el lado de la calle,Ninguna,Oscuro sin iluminacion,Despejado,No,NO APLICA,20,12,20,30,1,30/04/2022,1
1,Alabama,10248,0,0,2,0,97,MOBILE (97),0,NO APLICA,4,Abril,30,2022,12,30,CR-IRVINGTON BLB HWY,4,Calle del Condado,Rural,Colector Mayor,County Highway Agency,0,Sin jurisdiccion especial,0,30.47263056,-88.23389444,Vehiculo en movimiento,Angulo,T-Intersection,Interseccion de T,Sobre calle,Ninguna,Dia total,Despejado,No,NO APLICA,12,38,13,4,1,30/04/2022,3