Estado,Nombre de Estado,Numero de Caso,Peatones,Personas _no_vehiculos,Vehiculos automotores,Vehiculos estacionados,Condado,Nombre Condado,Ciudad,Nombre Ciudad,Mes,Nombre Mes,Dia,Año,Hora,Minuto,Calle,Ruta,Nombre Ruta,Rural o Urbanoo,Sistema Funcional,Dueño Calle,Sistema Nacional Carreteras,Jurisdiccion Especial,Milla,Latitud,Longitud,Causa del Accidente,Tipo de Accidente,Tipo Interseccion,Columna1,Lugar en la calle,Zona de Trabajo,Luz,Clima,Autobus Escolar,Cruce de Trenes,Hora Notificacion,Minuto Notificacion,Hora Llegada,Minuto Llegada,Decesos,Fecha,PersonaVehiculo
1,Alabama,10249,0,0,1,0,35,CONECUH (35),0,NO APLICA,4,Abril,30,2022,18,35,CR-COKER RD,4,Calle del Condado,Rural,Local,County Highway Agency,0,Sin jurisdiccion especial,0,31.50578611,-86.99965556,Arbol,El primer evento no fue una colision con un vehiculo automotor en transporte,Not an Intersection,No fue interseccion,Sobre el lado de la calle,Ninguna,Dia total,Despejado,No,NO APLICA,18,46,18,57,1,30/04/2022,1
1,Alabama,10250,0,0,1,0,47,DALLAS (47),0,NO APLICA,4,Abril,30,2022,2,50,US-80 SR-8,2,US Highway,Rural,Arteria Principal,State Highway Agency,1,Sin jurisdiccion especial,958,32.31808889,-86.895125,Acotamiento,El primer evento no fue una colision con un vehiculo automotor en transporte,Not an Intersection,No fue interseccion,Sobre el lado de la calle,Ninguna,Oscuro sin iluminacion,Despejado,No,NO APLICA,99,99,3,15,1,30/04/2022,1
1,Alabama,10251,1,1,1,0,127,WALKER (127),0,NO APLICA,5,Mayo,1,2022,20,40,SR-69,3,Highway estatal,Rural,Arteria Menor,State Highway Agency,0,Sin jurisdiccion especial,2120,33.87284722,-87.16316389,Peaton,El primer evento no fue una colision con un vehiculo automotor en transporte,Not an Intersection,No fue interseccion,Sobre calle,Ninguna,Oscuro sin iluminacion,Despejado,No,NO APLICA,20,40,20,52,1,01/05/2022,4
1,Alabama,10252,0,0,1,0,55,ETOWAH (55),1670,HOKES BLUFF,5,Mayo,1,2022,13,55,CR-ROCKY FORD RD,4,Calle del Condado,Urbano,Colector Mayor,City or Municipal Highway Agency,0,Sin jurisdiccion especial,0,34.00035278,-85.83582778,Poste,El primer evento no fue una colision con un vehiculo automotor en transporte,Not an Intersection,No fue interseccion,Sobre el lado de la calle,Ninguna,Dia total,Despejado,No,NO APLICA,99,99,14,9,1,01/05/2022,2
1,Alabama,10253,0,0,1,0,71,JACKSON (71),0,NO APLICA,5,Mayo,2,2022,18,0,SR-40,3,Highway estatal,Rural,Arteria Menor,State Highway Agency,0,Sin jurisdiccion especial,90,34.6255,-85.84439722,Barda,El primer evento no fue una colision con un vehiculo automotor en transporte,Not an Intersection,No fue interseccion,Sobre el lado de la calle,Ninguna,Dia total,Despejado,No,NO APLICA,18,0,18,10,2,02/05/2022,2
1,Alabama,10254,0,0,1,0,31,COFFEE (31),0,NO APLICA,5,Mayo,3,2022,12,57,SR-125,3,Highway estatal,Rural,Arteria Menor,State Highway Agency,0,Sin jurisdiccion especial,104,31.52128611,-85.95922778,Arbol,El primer evento no fue una colision con un vehiculo automotor en transporte,Not an Intersection,No fue interseccion,Sobre el lado de la calle,Construccion,Dia total,Nublado,No,NO APLICA,13,2,13,22,1,03/05/2022,3
1,Alabama,10255,0,0,2,0,101,MONTGOMERY (101),2130,MONTGOMERY,4,Abril,28,2022,9,8,I-85,1,Interestatal,Rural,Interestatal,State Highway Agency,1,Sin jurisdiccion especial,151,32.36833889,-86.07109167,Vehiculo en movimiento,Frente a Detrás,Not an Intersection,No fue interseccion,Sobre calle,Ninguna,Dia total,Despejado,No,NO APLICA,9,8,9,25,1,28/04/2022,2
1,Alabama,10256,0,0,5,0,115,ST. CLAIR (115),0,NO APLICA,5,Mayo,3,2022,3,50,I-20,1,Interestatal,Rural,Interestatal,State Highway Agency,1,Sin jurisdiccion especial,1572,33.60226667,-86.30760556,Vehiculo en movimiento,Frente a Detrás,Not an Intersection,No fue interseccion,Sobre calle,Ninguna,Oscuro sin iluminacion,Nublado,No,NO APLICA,99,99,5,37,1,03/05/2022,5
1,Alabama,10257,0,0,2,0,115,ST. CLAIR (115),0,NO APLICA,5,Mayo,3,2022,3,6,I-20,1,Interestatal,Rural,Interestatal,State Highway Agency,1,Sin jurisdiccion especial,1550,33.59885278,-86.337725,Vehiculo en movimiento,Golpe Lateral - misma direccion,Not an Intersection,No fue interseccion,Sobre calle,Ninguna,Oscuro sin iluminacion,Nublado,No,NO APLICA,3,17,3,55,1,03/05/2022,3
1,Alabama,10258,0,0,2,0,49,DEKALB (49),1351,GERALDINE,5,Mayo,3,2022,13,0,SR-75,3,Highway estatal,Rural,Arteria Menor,State Highway Agency,0,Sin jurisdiccion especial,713,34.35651111,-86.01449722,Vehiculo en movimiento,Angulo,Four-Way Intersection,Interseccion de 4 direcciones,Sobre calle,Ninguna,Dia total,Despejado,No,NO APLICA,13,3,13,8,1,03/05/2022,3
1,Alabama,10259,0,0,3,0,111,RANDOLPH (111),2640,ROANOKE,5,Mayo,4,2022,12,45,US-431 SR-1,2,US Highway,Rural,Arteria Principal,State Highway Agency,1,Sin jurisdiccion especial,1830,33.17320833,-85.38208889,Vehiculo en movimiento,Frente a Detrás,Four-Way Intersection,Interseccion de 4 direcciones,Sobre calle,Ninguna,Dia total,Despejado,No,NO APLICA,99,99,99,99,2,04/05/2022,4
1,Alabama,10260,0,0,2,0,127,WALKER (127),0,NO APLICA,5,Mayo,4,2022,10,58,I-22,1,Interestatal,Rural,Interestatal,State Highway Agency,1,Sin jurisdiccion especial,470,33.90985556,-87.5007,Vehiculo en movimiento,Frente a Detrás,Not an Intersection,No fue interseccion,Sobre calle,Ninguna,Dia total,Despejado,No,NO APLICA,10,59,11,28,2,04/05/2022,2
1,Alabama,10261,0,0,1,0,39,COVINGTON (39),0,NO APLICA,5,Mayo,5,2022,19,36,US-84 SR-12,2,US Highway,Rural,Arteria Principal,State Highway Agency,1,Sin jurisdiccion especial,1551,31.33737222,-86.19999167,Valla Ferrocarril,El primer evento no fue una colision con un vehiculo automotor en transporte,Not an Intersection,No fue interseccion,Sobre el lado de la calle,Ninguna,Atardecer,Despejado,No,NO APLICA,19,36,19,45,1,05/05/2022,1
1,Alabama,10262,0,0,2,0,101,MONTGOMERY (101),0,NO APLICA,5,Mayo,5,2022,12,48,US-231 SR-53,2,US Highway,Rural,Arteria Principal,State Highway Agency,1,Sin jurisdiccion especial,940,32.04515,-86.03719444,Vehiculo en movimiento,Angulo,Not an Intersection,No fue interseccion,Sobre calle,Ninguna,Dia total,Nublado,No,NO APLICA,12,55,13,17,1,05/05/2022,3
1,Alabama,10263,0,0,2,0,101,MONTGOMERY (101),0,NO APLICA,5,Mayo,5,2022,0,0,US-80 SR-8,2,US Highway,Rural,Arteria Principal,State Highway Agency,1,Sin jurisdiccion especial,1220,32.29096944,-86.46905556,Vehiculo en movimiento,Golpe Lateral - misma direccion,T-Intersection,Interseccion de T,Sobre calle,Ninguna,Oscuro sin iluminacion,Despejado,No,NO APLICA,0,7,0,25,1,05/05/2022,2
1,Alabama,10264,0,0,2,0,89,MADISON (89),1730,HUNTSVILLE,5,Mayo,5,2022,21,14,MERIDIAN ST N,6,Calle Local Municipalidad,Urbano,Arteria Menor,City or Municipal Highway Agency,0,Sin jurisdiccion especial,0,34.765725,-86.57251389,Vehiculo en movimiento,Angulo,Not an Intersection,No fue interseccion,Sobre calle,Ninguna,Oscuro con iluminacion,Nublado,No,NO APLICA,21,14,21,19,1,05/05/2022,2
1,Alabama,10265,0,0,2,0,85,LOWNDES (85),0,NO APLICA,5,Mayo,7,2022,20,47,SR-21,3,Highway estatal,Rural,Arteria Menor,State Highway Agency,0,Sin jurisdiccion especial,1023,32.05089444,-86.80752222,Vehiculo en movimiento,Angulo,Four-Way Intersection,Interseccion de 4 direcciones,Sobre calle,Ninguna,Oscuro sin iluminacion,Despejado,No,NO APLICA,20,43,21,59,1,07/05/2022,5
1,Alabama,10266,0,0,1,0,125,TUSCALOOSA (125),0,NO APLICA,5,Mayo,7,2022,3,44,CR-TANNEHILL PKWY,4,Calle del Condado,Rural,Colector Mayor,County Highway Agency,0,Sin jurisdiccion especial,0,33.26769167,-87.08145278,Poste,El primer evento no fue una colision con un vehiculo automotor en transporte,Not an Intersection,No fue interseccion,Sobre el lado de la calle,Ninguna,Oscuro sin iluminacion,Despejado,No,NO APLICA,99,99,99,99,1,07/05/2022,1
1,Alabama,10267,0,0,1,0,111,RANDOLPH (111),0,NO APLICA,5,Mayo,7,2022,11,34,SR-22,3,Highway estatal,Rural,Arteria Menor,State Highway Agency,0,Sin jurisdiccion especial,1673,33.19617778,-85.26355556,Zanja,El primer evento no fue una colision con un vehiculo automotor en transporte,Not an Intersection,No fue interseccion,Sobre el lado de la calle,Ninguna,Dia total,Despejado,No,NO APLICA,11,34,11,52,1,07/05/2022,1
1,Alabama,10268,0,0,2,0,83,LIMESTONE (83),0,NO APLICA,5,Mayo,7,2022,14,14,SR-99,3,Highway estatal,Rural,Arteria Menor,State Highway Agency,0,Sin jurisdiccion especial,141,34.93030556,-87.12146111,Vehiculo en movimiento,Angulo,Not an Intersection,No fue interseccion,Sobre calle,Ninguna,Dia total,Nublado,No,NO APLICA,14,15,14,39,1,07/05/2022,3
1,Alabama,10269,0,0,2,0,117,SHELBY (117),0,NO APLICA,5,Mayo,8,2022,23,40,CR-52,4,Calle del Condado,Urbano,Arteria Menor,County Highway Agency,0,Sin jurisdiccion especial,0,33.30359167,-86.90459167,Volcadura,El primer evento no fue una colision con un vehiculo automotor en transporte,Not an Intersection,No fue interseccion,Sobre calle,Ninguna,Oscuro sin iluminacion,Despejado,No,NO APLICA,23,40,23,52,1,08/05/2022,2
1,Alabama,10270,0,0,1,0,27,CLAY (27),0,NO APLICA,5,Mayo,8,2022,12,55,SR-77,3,Highway estatal,Rural,Arteria Menor,State Highway Agency,0,Sin jurisdiccion especial,346,33.23074167,-85.76181944,Arbol,El primer evento no fue una colision con un vehiculo automotor en transporte,Not an Intersection,No fue interseccion,Sobre el lado de la calle,Ninguna,Dia total,Despejado,No,NO APLICA,99,99,13,33,1,08/05/2022,1
1,Alabama,10271,0,0,1,0,93,MARION (93),0,NO APLICA,5,Mayo,9,2022,16,22,I-22,1,Interestatal,Rural,Interestatal,State Highway Agency,1,Sin jurisdiccion especial,240,34.03094722,-87.86646111,Fin de valla,El primer evento no fue una colision con un vehiculo automotor en transporte,Not an Intersection,No fue interseccion,Sobre el lado de la calle,Ninguna,Dia total,Despejado,No,NO APLICA,16,22,16,35,1,09/05/2022,2
1,Alabama,10272,1,1,1,0,83,LIMESTONE (83),170,ATHENS,7,Julio,5,2022,23,50,US-72 SR-2,2,US Highway,Urbano,Arteria Principal,State Highway Agency,1,Sin jurisdiccion especial,0,34.79034722,-86.98490278,Ciclista,El primer evento no fue una colision con un vehiculo automotor en transporte,Not an Intersection,No fue interseccion,Sobre calle,Ninguna,Oscuro sin iluminacion,Despejado,No,NO APLICA,23,51,23,56,1,05/07/2022,2
1,Alabama,10273,0,0,1,0,37,COOSA (37),0,NO APLICA,4,Abril,30,2022,4,30,US-280 SR-38,2,US Highway,Urbano,Arteria Principal,State Highway Agency,1,Sin jurisdiccion especial,636,32.96676111,-86.00906667,Arbol,El primer evento no fue una colision con un vehiculo automotor en transporte,Not an Intersection,No fue interseccion,Sobre el lado de la calle,Ninguna,Reportada como desconocida,Despejado,No,NO APLICA,5,44,5,54,1,30/04/2022,1
1,Alabama,10274,1,1,1,0,71,JACKSON (71),0,NO APLICA,5,Mayo,7,2022,20,0,CR-58,4,Calle del Condado,Rural,Colector Mayor,County Highway Agency,0,Sin jurisdiccion especial,0,34.67301944,-85.84769722,Peaton,El primer evento no fue una colision con un vehiculo automotor en transporte,Not an Intersection,No fue interseccion,Sobre calle,Ninguna,Oscuro sin iluminacion,Despejado,No,NO APLICA,20,53,20,58,1,07/05/2022,1
1,Alabama,10275,0,0,1,0,45,DALE (45),2050,MIDLAND CITY,5,Mayo,8,2022,21,51,5TH ST,6,Calle Local Municipalidad,Urbano,Local,City or Municipal Highway Agency,0,Sin jurisdiccion especial,0,31.31753611,-85.49153056,Vehiculo Ferrocarril,El primer evento no fue una colision con un vehiculo automotor en transporte,Not an Intersection,No fue interseccion,Sobre calle,Ninguna,Oscuro con iluminacion,Despejado,No,637912X,22,48,22,54,1,08/05/2022,1
1,Alabama,10276,0,0,2,0,125,TUSCALOOSA (125),2260,NORTHPORT,5,Mayo,9,2022,13,45,US-82 SR-6,2,US Highway,Urbano,Arteria Principal,State Highway Agency,1,Sin jurisdiccion especial,473,33.23699722,-87.56096667,Vehiculo en movimiento,Angulo,T-Intersection,Interseccion de T,Sobre calle,Construccion,Dia total,Despejado,No,NO APLICA,13,47,13,52,1,09/05/2022,3
1,Alabama,10277,1,1,1,0,69,HOUSTON (69),930,DOTHAN,5,Mayo,10,2022,22,36,US-231 SR-1,2,US Highway,Urbano,Arteria Principal,State Highway Agency,1,Sin jurisdiccion especial,0,31.19477222,-85.39961667,Peaton,El primer evento no fue una colision con un vehiculo automotor en transporte,Not an Intersection,No fue interseccion,Sobre calle,Ninguna,Oscuro sin iluminacion,Despejado,No,NO APLICA,22,45,22,50,1,10/05/2022,1
1,Alabama,10278,0,0,2,0,33,COLBERT (33),0,NO APLICA,5,Mayo,10,2022,7,10,SR-247,3,Highway estatal,Rural,Colector Mayor,State Highway Agency,0,Sin jurisdiccion especial,184,34.65659444,-87.885325,Vehiculo en movimiento,Frente a frente,Not an Intersection,No fue interseccion,Sobre calle,Ninguna,Dia total,Despejado,No,NO APLICA,7,18,7,33,1,10/05/2022,4
1,Alabama,10279,0,0,2,0,79,LAWRENCE (79),0,NO APLICA,5,Mayo,11,2022,17,30,CR-217,4,Calle del Condado,Rural,Colector Mayor,County Highway Agency,0,Sin jurisdiccion especial,0,34.50291389,-87.20044722,Vehiculo en movimiento,Frente a frente,Not an Intersection,No fue interseccion,Sobre calle,Ninguna,Dia total,Despejado,No,NO APLICA,17,27,17,33,1,11/05/2022,2
1,Alabama,10280,0,0,2,0,101,MONTGOMERY (101),2130,MONTGOMERY,5,Mayo,14,2022,3,50,MADISON AVE,6,Calle Local Municipalidad,Urbano,Arteria Principal,City or Municipal Highway Agency,1,Sin jurisdiccion especial,8,32.38014167,-86.29984444,Vehiculo en movimiento,Frente a Detrás,Four-Way Intersection,Interseccion de 4 direcciones,Sobre calle,Ninguna,Oscuro con iluminacion,Despejado,No,NO APLICA,3,51,3,58,1,14/05/2022,2
1,Alabama,10282,0,0,1,0,31,COFFEE (31),0,NO APLICA,5,Mayo,11,2022,2,35,CR-114,4,Calle del Condado,Rural,Colector Mayor,County Highway Agency,0,Sin jurisdiccion especial,0,31.49305556,-85.91019722,Poste de Señal de trafico,El primer evento no fue una colision con un vehiculo automotor en transporte,Not an Intersection,No fue interseccion,Sobre el lado de la calle,Ninguna,Oscuro sin iluminacion,Despejado,No,NO APLICA,2,36,3,30,1,11/05/2022,3
1,Alabama,10283,0,0,2,0,101,MONTGOMERY (101),0,NO APLICA,5,Mayo,12,2022,17,50,CR-WARES FERRY RD,4,Calle del Condado,Rural,Colector Mayor,County Highway Agency,0,Sin jurisdiccion especial,0,32.36238889,-86.10202222,Vehiculo en movimiento,Frente a frente,Four-Way Intersection,Interseccion de 4 direcciones,Sobre calle,Ninguna,Dia total,Despejado,No,NO APLICA,18,1,18,20,1,12/05/2022,5
1,Alabama,10284,0,0,1,0,67,HENRY (67),0,NO APLICA,5,Mayo,12,2022,18,40,SR-134,3,Highway estatal,Rural,Colector Mayor,State Highway Agency,0,Sin jurisdiccion especial,737,31.32938333,-85.12580278,Acotamiento,El primer evento no fue una colision con un vehiculo automotor en transporte,Not an Intersection,No fue interseccion,Sobre el lado de la calle,Ninguna,Dia total,Despejado,No,NO APLICA,18,40,18,50,1,12/05/2022,1
1,Alabama,10285,0,0,1,0,53,ESCAMBIA (53),1180,FLOMATON,5,Mayo,13,2022,1,27,CR-OLD ATMORE RD,4,Calle del Condado,Rural,Local,County Highway Agency,0,Sin jurisdiccion especial,0,31.00570278,-87.30746667,Arbol,El primer evento no fue una colision con un vehiculo automotor en transporte,Not an Intersection,No fue interseccion,Sobre el lado de la calle,Ninguna,Oscuro con iluminacion,Despejado,No,NO APLICA,1,27,1,38,1,13/05/2022,2
1,Alabama,10286,0,0,2,0,39,COVINGTON (39),0,NO APLICA,5,Mayo,13,2022,17,0,CR-77,4,Calle del Condado,Rural,Colector Mayor,County Highway Agency,0,Sin jurisdiccion especial,0,31.34283611,-86.33076667,Vehiculo en movimiento,Frente a frente,Not an Intersection,No fue interseccion,Sobre calle,Ninguna,Dia total,Despejado,No,NO APLICA,17,11,17,26,1,13/05/2022,2
1,Alabama,10287,0,0,1,0,119,SUMTER (119),1920,LIVINGSTON,5,Mayo,14,2022,0,50,SR-116,3,Highway estatal,Rural,Colector Mayor,State Highway Agency,0,Sin jurisdiccion especial,40,32.81112222,-88.24420833,Poste de Señal de trafico,El primer evento no fue una colision con un vehiculo automotor en transporte,Not an Intersection,No fue interseccion,Sobre el lado de la calle,Ninguna,Oscuro sin iluminacion,Despejado,No,NO APLICA,99,99,1,31,1,14/05/2022,2
1,Alabama,10288,0,0,2,0,83,LIMESTONE (83),0,NO APLICA,5,Mayo,14,2022,14,0,CR-MOYERS RD,4,Calle del Condado,Rural,Local,County Highway Agency,0,Sin jurisdiccion especial,0,34.74702222,-87.00159722,Vehiculo en movimiento,Angulo,Four-Way Intersection,Interseccion de 4 direcciones,Sobre calle,Ninguna,Dia total,Despejado,No,NO APLICA,14,10,14,21,1,14/05/2022,6
1,Alabama,10289,0,0,1,0,89,MADISON (89),1730,HUNTSVILLE,5,Mayo,14,2022,8,39,SR-1,3,Highway estatal,Urbano,Arteria Principal,State Highway Agency,1,Sin jurisdiccion especial,3300,34.71170556,-86.53911111,Acotamiento,El primer evento no fue una colision con un vehiculo automotor en transporte,Not an Intersection,No fue interseccion,Sobre el lado de la calle,Ninguna,Dia total,Despejado,No,NO APLICA,8,39,8,58,1,14/05/2022,1
1,Alabama,10290,0,0,2,0,83,LIMESTONE (83),0,NO APLICA,5,Mayo,14,2022,13,40,US-72 SR-2,2,US Highway,Rural,Arteria Principal,State Highway Agency,1,Sin jurisdiccion especial,701,34.79159722,-87.05423056,Vehiculo en movimiento,Angulo,T-Intersection,Interseccion de T,Sobre calle,Ninguna,Dia total,Despejado,No,NO APLICA,13,44,13,56,1,14/05/2022,3
1,Alabama,10291,0,0,2,0,95,MARSHALL (95),1500,GUNTERSVILLE,5,Mayo,14,2022,20,10,SR-69,3,Highway estatal,Urbano,Arteria Menor,State Highway Agency,0,Sin jurisdiccion especial,2773,34.36343333,-86.35293611,Vehiculo en movimiento,Angulo,Not an Intersection,No fue interseccion,Sobre calle,Ninguna,Oscuro con iluminacion,Nublado,No,NO APLICA,20,12,20,16,1,14/05/2022,3
1,Alabama,10292,0,0,2,0,109,PIKE (109),0,NO APLICA,5,Mayo,15,2022,19,5,US-29 SR-10,2,US Highway,Urbano,Arteria Menor,State Highway Agency,0,Sin jurisdiccion especial,1660,31.809675,-86.02081389,Vehiculo en movimiento,Frente a frente,Not an Intersection,No fue interseccion,Sobre calle,Ninguna,Dia total,Nublado,No,NO APLICA,19,12,19,19,1,15/05/2022,3
1,Alabama,10293,0,0,2,0,31,COFFEE (31),0,NO APLICA,5,Mayo,15,2022,13,58,SR-189,3,Highway estatal,Rural,Colector Mayor,State Highway Agency,0,Sin jurisdiccion especial,49,31.27925556,-86.15740278,Vehiculo en movimiento,Frente a frente,Not an Intersection,No fue interseccion,Sobre calle,Ninguna,Dia total,Nublado,No,NO APLICA,13,58,14,11,1,15/05/2022,6
1,Alabama,10294,0,0,1,0,73,JEFFERSON (73),0,NO APLICA,5,Mayo,15,2022,21,55,CR-WARRIOR JASPER RD,4,Calle del Condado,Rural,Colector Mayor,County Highway Agency,0,Sin jurisdiccion especial,0,33.73966111,-86.98927778,Arbol,El primer evento no fue una colision con un vehiculo automotor en transporte,Not an Intersection,No fue interseccion,Sobre el lado de la calle,Ninguna,Oscuro sin iluminacion,Despejado,No,NO APLICA,99,99,22,7,1,15/05/2022,1
1,Alabama,10295,0,0,1,0,43,CULLMAN (43),0,NO APLICA,5,Mayo,16,2022,22,50,SR-91,3,Highway estatal,Rural,Arteria Menor,State Highway Agency,0,Sin jurisdiccion especial,273,34.07990278,-86.73987778,Otro objeto (no fijo),El primer evento no fue una colision con un vehiculo automotor en transporte,Not an Intersection,No fue interseccion,Sobre el lado de la calle,Ninguna,Oscuro sin iluminacion,Despejado,No,NO APLICA,22,55,23,23,1,16/05/2022,1
1,Alabama,10296,0,0,1,0,123,TALLAPOOSA (123),0,NO APLICA,5,Mayo,16,2022,8,20,SR-22,3,Highway estatal,Rural,Arteria Menor,State Highway Agency,0,Sin jurisdiccion especial,1261,33.00659444,-85.81750278,Volcadura,El primer evento no fue una colision con un vehiculo automotor en transporte,Not an Intersection,No fue interseccion,Sobre el lado de la calle,Ninguna,Dia total,Despejado,No,NO APLICA,8,20,8,30,1,16/05/2022,1
1,Alabama,10297,0,0,2,0,23,CHOCTAW (23),0,NO APLICA,5,Mayo,16,2022,15,51,US-84 SR-12,2,US Highway,Rural,Arteria Principal,State Highway Agency,1,Sin jurisdiccion especial,137,31.77981667,-88.24015556,Vehiculo en movimiento,Frente a Detrás,T-Intersection,Interseccion de T,Sobre calle,Construccion,Dia total,Despejado,No,NO APLICA,99,99,99,99,2,16/05/2022,4
1,Alabama,10298,0,0,2,0,103,MORGAN (103),0,NO APLICA,5,Mayo,16,2022,12,50,SR-157,3,Highway estatal,Rural,Arteria Principal,State Highway Agency,1,Sin jurisdiccion especial,246,34.37919167,-87.09306667,Vehiculo en movimiento,Angulo,Four-Way Intersection,Interseccion de 4 direcciones,Sobre calle,Ninguna,Dia total,Despejado,No,NO APLICA,99,99,13,5,1,16/05/2022,4
1,Alabama,10299,0,0,1,0,133,WINSTON (133),0,NO APLICA,5,Mayo,16,2022,0,45,SR-195,3,Highway estatal,Rural,Colector Mayor,State Highway Agency,0,Sin jurisdiccion especial,168,34.06043889,-87.38901667,Volcadura,El primer evento no fue una colision con un vehiculo automotor en transporte,Not an Intersection,No fue interseccion,Sobre el lado de la calle,Ninguna,Oscuro sin iluminacion,lluvia,No,NO APLICA,99,99,1,39,1,16/05/2022,1
1,Alabama,10300,0,0,2,0,73,JEFFERSON (73),350,BIRMINGHAM,5,Mayo,16,2022,5,40,FIVE MILE RD,6,Calle Local Municipalidad,Urbano,Colector Mayor,City or Municipal Highway Agency,0,Sin jurisdiccion especial,0,33.605175,-86.70020833,Vehiculo en movimiento,Frente a frente,Not an Intersection,No fue interseccion,Sobre calle,Ninguna,Amanecer,Despejado,No,NO APLICA,5,45,6,7,1,16/05/2022,2
1,Alabama,10301,0,0,1,0,83,LIMESTONE (83),0,NO APLICA,5,Mayo,16,2022,18,13,CR-SWANCOTT RD SW,4,Calle del Condado,Rural,Colector Mayor,County Highway Agency,0,Sin jurisdiccion especial,0,34.60838611,-86.84371111,Arbol,El primer evento no fue una colision con un vehiculo automotor en transporte,Not an Intersection,No fue interseccion,Sobre el lado de la calle,Ninguna,Dia total,Despejado,No,NO APLICA,18,13,18,34,1,16/05/2022,2
1,Alabama,10302,1,1,1,0,111,RANDOLPH (111),3160,WADLEY,5,Mayo,16,2022,20,56,SR-22,3,Highway estatal,Rural,Arteria Menor,State Highway Agency,0,Sin jurisdiccion especial,1467,33.11803056,-85.56031389,Peaton,El primer evento no fue una colision con un vehiculo automotor en transporte,Not an Intersection,No fue interseccion,Sobre calle,Ninguna,Oscuro sin iluminacion,Despejado,No,NO APLICA,99,99,21,9,1,16/05/2022,2
1,Alabama,10303,0,0,1,0,83,LIMESTONE (83),0,NO APLICA,5,Mayo,17,2022,1,30,I-65,1,Interestatal,Rural,Interestatal,State Highway Agency,1,Sin jurisdiccion especial,3420,34.65688889,-86.91291389,Valla Ferrocarril,El primer evento no fue una colision con un vehiculo automotor en transporte,Not an Intersection,No fue interseccion,En el medio,Ninguna,Oscuro sin iluminacion,Despejado,No,NO APLICA,1,32,1,51,1,17/05/2022,1
1,Alabama,10304,0,0,1,0,57,FAYETTE (57),0,NO APLICA,5,Mayo,18,2022,16,23,CR-12,4,Calle del Condado,Rural,Colector Mayor,County Highway Agency,0,Sin jurisdiccion especial,0,33.54025833,-87.82562778,Arbol,El primer evento no fue una colision con un vehiculo automotor en transporte,Not an Intersection,No fue interseccion,Sobre el lado de la calle,Ninguna,Dia total,Despejado,No,NO APLICA,16,38,16,53,1,18/05/2022,1
1,Alabama,10305,0,0,1,0,55,ETOWAH (55),1280,GADSDEN,5,Mayo,18,2022,23,19,PADEN RD,6,Calle Local Municipalidad,Urbano,Arteria Menor,City or Municipal Highway Agency,0,Sin jurisdiccion especial,10,33.96975833,-85.96790278,Volcadura,El primer evento no fue una colision con un vehiculo automotor en transporte,Not an Intersection,No fue interseccion,Sobre el lado de la calle,Ninguna,Oscuro sin iluminacion,Despejado,No,NO APLICA,23,19,23,27,1,18/05/2022,1
1,Alabama,10306,0,0,3,0,115,ST. CLAIR (115),0,NO APLICA,5,Mayo,18,2022,10,21,SR-174,3,Highway estatal,Rural,Colector Mayor,State Highway Agency,0,Sin jurisdiccion especial,168,33.63581944,-86.32450278,Vehiculo en movimiento,Angulo,Four-Way Intersection,Interseccion de 4 direcciones,Sobre calle,Ninguna,Dia total,Despejado,No,NO APLICA,10,21,10,40,1,18/05/2022,4
1,Alabama,10307,0,0,2,0,115,ST. CLAIR (115),2136,MOODY,5,Mayo,18,2022,12,9,US-78 SR-4,2,US Highway,Urbano,Arteria Menor,State Highway Agency,0,Sin jurisdiccion especial,1190,33.57188889,-86.48214167,Vehiculo en movimiento,Frente a Detrás,Not an Intersection,No fue interseccion,Sobre calle,Ninguna,Dia total,Despejado,No,NO APLICA,12,13,12,18,1,18/05/2022,2
1,Alabama,10308,0,0,1,0,17,CHAMBERS (17),0,NO APLICA,5,Mayo,19,2022,20,40,CR-212,4,Calle del Condado,Rural,Colector Mayor,County Highway Agency,0,Sin jurisdiccion especial,0,32.98525,-85.23080833,Acotamiento,El primer evento no fue una colision con un vehiculo automotor en transporte,T-Intersection,Interseccion de T,Sobre el lado de la calle,Ninguna,Oscuro sin iluminacion,Despejado,No,NO APLICA,20,40,20,50,1,19/05/2022,1
1,Alabama,10309,0,0,1,0,73,JEFFERSON (73),1850,LEEDS,5,Mayo,20,2022,13,40,SR-25,3,Highway estatal,Urbano,Arteria Menor,State Highway Agency,0,Sin jurisdiccion especial,1685,33.53168333,-86.53970278,Volcadura,El primer evento no fue una colision con un vehiculo automotor en transporte,Not an Intersection,No fue interseccion,Sobre el lado de la calle,Ninguna,Dia total,Despejado,No,NO APLICA,13,40,13,49,1,20/05/2022,1
1,Alabama,10310,0,0,2,0,117,SHELBY (117),47,ALABASTER,5,Mayo,20,2022,13,27,CR-KENT DAIRY RD,4,Calle del Condado,Urbano,Colector Mayor,County Highway Agency,0,Sin jurisdiccion especial,0,33.21538611,-86.84024722,Vehiculo en movimiento,Frente a Detrás,T-Intersection,Interseccion de T,Sobre calle,Ninguna,Dia total,Nublado,No,NO APLICA,13,38,13,31,1,20/05/2022,5
1,Alabama,10311,0,0,1,0,49,DEKALB (49),0,NO APLICA,5,Mayo,20,2022,15,0,CR-255,4,Calle del Condado,Rural,Colector Mayor,County Highway Agency,0,Sin jurisdiccion especial,0,34.38096944,-85.65621389,Volcadura,El primer evento no fue una colision con un vehiculo automotor en transporte,Not an Intersection,No fue interseccion,Sobre el lado de la calle,Ninguna,Dia total,Despejado,No,NO APLICA,15,7,15,25,1,20/05/2022,2