Estado,Nombre de Estado,Numero de Caso,Peatones,Personas _no_vehiculos,Vehiculos automotores,Vehiculos estacionados,Condado,Nombre Condado,Ciudad,Nombre Ciudad,Mes,Nombre Mes,Dia,Año,Hora,Minuto,Calle,Ruta,Nombre Ruta,Rural o Urbanoo,Sistema Funcional,Dueño Calle,Sistema Nacional Carreteras,Jurisdiccion Especial,Milla,Latitud,Longitud,Causa del Accidente,Tipo de Accidente,Tipo Interseccion,Columna1,Lugar en la calle,Zona de Trabajo,Luz,Clima,Autobus Escolar,Cruce de Trenes,Hora Notificacion,Minuto Notificacion,Hora Llegada,Minuto Llegada,Decesos,Fecha,PersonaVehiculo
1,Alabama,10312,0,0,2,0,81,LEE (81),200,AUBURN,5,Mayo,20,2022,21,40,E UNIVERSITY DR,6,Calle Local Municipalidad,Urbano,Arteria Menor,City or Municipal Highway Agency,0,Sin jurisdiccion especial,0,32.62977222,-85.469075,Vehiculo en movimiento,Frente a Detrás,Four-Way Intersection,Interseccion de 4 direcciones,Sobre calle,Ninguna,Oscuro con iluminacion,Despejado,No,NO APLICA,21,48,21,55,1,20/05/2022,2
1,Alabama,10313,1,1,3,1,15,CALHOUN (15),2460,PIEDMONT,5,Mayo,20,2022,16,45,SR-9,3,Highway estatal,Rural,Arteria Menor,State Highway Agency,0,Sin jurisdiccion especial,2410,33.92231944,-85.61351111,Vehiculo en movimiento,Angulo,Not an Intersection,No fue interseccion,Sobre calle,Ninguna,Dia total,Despejado,No,NO APLICA,16,46,16,49,1,20/05/2022,2
1,Alabama,10314,0,0,1,0,47,DALLAS (47),0,NO APLICA,5,Mayo,20,2022,23,40,SR-14,3,Highway estatal,Rural,Arteria Menor,State Highway Agency,0,Sin jurisdiccion especial,1247,32.46538611,-86.89811111,Arbol,El primer evento no fue una colision con un vehiculo automotor en transporte,Not an Intersection,No fue interseccion,Sobre el lado de la calle,Ninguna,Oscuro sin iluminacion,Despejado,No,NO APLICA,99,99,7,30,1,20/05/2022,1
1,Alabama,10315,1,1,1,0,21,CHILTON (21),700,CLANTON,5,Mayo,20,2022,20,5,SAMARIA RD,6,Calle Local Municipalidad,Urbano,Local,City or Municipal Highway Agency,0,Sin jurisdiccion especial,0,32.81892222,-86.62836667,Peaton,El primer evento no fue una colision con un vehiculo automotor en transporte,Not an Intersection,No fue interseccion,Sobre calle,Ninguna,Oscuro sin iluminacion,Nublado,No,NO APLICA,20,5,20,14,1,20/05/2022,1
1,Alabama,10316,0,0,2,0,43,CULLMAN (43),0,NO APLICA,5,Mayo,20,2022,6,10,SR-91,3,Highway estatal,Rural,Colector Mayor,State Highway Agency,0,Sin jurisdiccion especial,61,33.88675556,-86.98789444,Vehiculo en movimiento,Angulo,Not an Intersection,No fue interseccion,Sobre calle,Ninguna,Dia total,Despejado,No,NO APLICA,99,99,99,99,1,20/05/2022,2
1,Alabama,10317,0,0,1,0,93,MARION (93),0,NO APLICA,5,Mayo,21,2022,15,10,I-22,1,Interestatal,Rural,Interestatal,State Highway Agency,1,Sin jurisdiccion especial,265,34.00915278,-87.83054722,Arbol,El primer evento no fue una colision con un vehiculo automotor en transporte,Not an Intersection,No fue interseccion,Sobre el lado de la calle,Ninguna,Dia total,Despejado,No,NO APLICA,15,10,15,20,1,21/05/2022,1
1,Alabama,10318,0,0,1,0,71,JACKSON (71),2720,SCOTTSBORO,5,Mayo,21,2022,20,29,SR-279,3,Highway estatal,Urbano,Arteria Menor,State Highway Agency,0,Sin jurisdiccion especial,63,34.67618056,-86.01547222,Zanja,El primer evento no fue una colision con un vehiculo automotor en transporte,Not an Intersection,No fue interseccion,Sobre el lado de la calle,Ninguna,Oscuro con iluminacion,Nublado,No,NO APLICA,20,30,20,34,2,21/05/2022,2
1,Alabama,10319,0,0,1,0,15,CALHOUN (15),0,NO APLICA,5,Mayo,21,2022,22,16,US-78 SR-4,2,US Highway,Urbano,Arteria Menor,County Highway Agency,0,Sin jurisdiccion especial,1674,33.62434167,-85.71670833,Acotamiento,El primer evento no fue una colision con un vehiculo automotor en transporte,Not an Intersection,No fue interseccion,Sobre el lado de la calle,Ninguna,Oscuro sin iluminacion,Nublado,No,NO APLICA,22,20,22,31,1,21/05/2022,1
1,Alabama,10320,0,0,1,0,73,JEFFERSON (73),3080,TRUSSVILLE,5,Mayo,22,2022,18,38,I-59,1,Interestatal,Urbano,Interestatal,State Highway Agency,1,Sin jurisdiccion especial,1395,33.622325,-86.63481667,Poste,El primer evento no fue una colision con un vehiculo automotor en transporte,Not an Intersection,No fue interseccion,Sobre el lado de la calle,Ninguna,Dia total,Nublado,No,NO APLICA,88,88,88,88,1,22/05/2022,4
1,Alabama,10321,0,0,4,0,95,MARSHALL (95),1500,GUNTERSVILLE,5,Mayo,19,2022,12,30,SR-69,3,Highway estatal,Urbano,Arteria Menor,State Highway Agency,0,Sin jurisdiccion especial,2789,34.35637778,-86.32590556,Vehiculo en movimiento,Frente a frente,Not an Intersection,No fue interseccion,Sobre calle,Ninguna,Dia total,Despejado,No,NO APLICA,13,3,13,13,1,19/05/2022,4
1,Alabama,10322,0,0,1,0,3,BALDWIN (3),0,NO APLICA,5,Mayo,23,2022,14,5,I-10,1,Interestatal,Rural,Interestatal,State Highway Agency,1,Sin jurisdiccion especial,519,30.63349167,-87.63587778,Valla Ferrocarril,El primer evento no fue una colision con un vehiculo automotor en transporte,Not an Intersection,No fue interseccion,Sobre el lado de la calle,Ninguna,Dia total,Nublado,No,NO APLICA,14,5,14,20,1,23/05/2022,1
1,Alabama,10323,0,0,2,0,103,MORGAN (103),0,NO APLICA,5,Mayo,23,2022,16,45,CR-BROWN RD,4,Calle del Condado,Rural,Colector Mayor,County Highway Agency,0,Sin jurisdiccion especial,2,34.47390833,-87.10341111,Vehiculo en movimiento,Angulo,T-Intersection,Interseccion de T,Sobre calle,Ninguna,Dia total,Despejado,No,NO APLICA,16,45,16,56,1,23/05/2022,2
1,Alabama,10324,0,0,6,0,69,HOUSTON (69),930,DOTHAN,5,Mayo,22,2022,18,5,US-231 SR-53,2,US Highway,Urbano,Arteria Principal,State Highway Agency,1,Sin jurisdiccion especial,0,31.28379167,-85.46430278,Poste,El primer evento no fue una colision con un vehiculo automotor en transporte,Four-Way Intersection,Interseccion de 4 direcciones,Sobre el lado de la calle,Ninguna,Dia total,lluvia,No,NO APLICA,18,6,18,11,1,22/05/2022,10
1,Alabama,10325,0,0,1,0,47,DALLAS (47),0,NO APLICA,5,Mayo,23,2022,5,8,US-80 SR-8,2,US Highway,Rural,Arteria Principal,State Highway Agency,1,Sin jurisdiccion especial,994,32.30830556,-86.83450833,Otro objeto (no fijo),El primer evento no fue una colision con un vehiculo automotor en transporte,Not an Intersection,No fue interseccion,Sobre calle,Ninguna,Oscuro sin iluminacion,lluvia,No,NO APLICA,5,8,5,15,1,23/05/2022,1
1,Alabama,10326,0,0,2,0,9,BLOUNT (9),1600,HAYDEN,5,Mayo,23,2022,8,45,CR-SKYLINE DR,4,Calle del Condado,Rural,Colector Mayor,County Highway Agency,0,Sin jurisdiccion especial,0,33.85666389,-86.83619167,Vehiculo en movimiento,Angulo,Not an Intersection,No fue interseccion,Sobre calle,Ninguna,Dia total,lluvia,No,NO APLICA,8,45,9,3,1,23/05/2022,3
1,Alabama,10327,0,0,2,0,113,RUSSELL (113),2440,PHENIX CITY,3,Marzo,15,2022,13,12,US-431 SR-1,2,US Highway,Urbano,Arteria Principal,State Highway Agency,1,Sin jurisdiccion especial,1110,32.44798333,-85.01705556,Vehiculo en movimiento,Angulo,Four-Way Intersection,Interseccion de 4 direcciones,Sobre calle,Ninguna,Dia total,lluvia,No,NO APLICA,13,35,13,37,1,15/03/2022,2
1,Alabama,10328,1,1,1,0,21,CHILTON (21),700,CLANTON,4,Abril,5,2022,22,43,US-31 SR-3,2,US Highway,Urbano,Arteria Menor,State Highway Agency,0,Sin jurisdiccion especial,2210,32.82958611,-86.62626111,Peaton,El primer evento no fue una colision con un vehiculo automotor en transporte,Not an Intersection,No fue interseccion,Sobre calle,Ninguna,Oscuro con iluminacion,Despejado,No,NO APLICA,22,43,22,48,1,05/04/2022,1
1,Alabama,10329,0,0,1,0,13,BUTLER (13),1460,GREENVILLE,3,Marzo,13,2022,18,37,CR-KOLB CITY RD,4,Calle del Condado,Urbano,Colector Mayor,County Highway Agency,0,Sin jurisdiccion especial,0,31.80210556,-86.64235,Arbol,El primer evento no fue una colision con un vehiculo automotor en transporte,Not an Intersection,No fue interseccion,Sobre el lado de la calle,Ninguna,Dia total,Despejado,No,NO APLICA,18,37,18,42,1,13/03/2022,1
1,Alabama,10330,0,0,1,0,3,BALDWIN (3),1210,FOLEY,2,Febrero,8,2022,16,51,FOLEY BEACH EXPRESS,6,Calle Local Municipalidad,Urbano,Arteria Menor,City or Municipal Highway Agency,0,Sin jurisdiccion especial,71,30.3871,-87.64785833,Volcadura,El primer evento no fue una colision con un vehiculo automotor en transporte,Not an Intersection,No fue interseccion,Sobre calle,Ninguna,Dia total,Despejado,No,NO APLICA,16,51,17,4,1,08/02/2022,1
1,Alabama,10331,0,0,2,0,127,WALKER (127),2400,PARRISH,5,Mayo,23,2022,0,59,SR-269,3,Highway estatal,Rural,Colector Mayor,State Highway Agency,0,Sin jurisdiccion especial,356,33.74582778,-87.27025,Vehiculo en movimiento,Frente a frente,Not an Intersection,No fue interseccion,Sobre calle,Ninguna,Oscuro con iluminacion,lluvia,No,NO APLICA,0,59,1,16,2,23/05/2022,4
1,Alabama,10332,0,0,2,0,23,CHOCTAW (23),520,BUTLER,5,Mayo,24,2022,6,30,SR-10,3,Highway estatal,Rural,Arteria Menor,State Highway Agency,0,Sin jurisdiccion especial,209,32.09702778,-88.16660556,Vehiculo en movimiento,Frente a frente,Not an Intersection,No fue interseccion,Sobre calle,Construccion,Dia total,lluvia,No,NO APLICA,6,36,6,45,1,24/05/2022,2
1,Alabama,10333,0,0,2,0,73,JEFFERSON (73),350,BIRMINGHAM,2,Febrero,6,2022,2,25,I-65,1,Interestatal,Urbano,Interestatal,State Highway Agency,1,Sin jurisdiccion especial,2614,33.53163056,-86.82455556,Vehiculo en movimiento,Frente a frente,Not an Intersection,No fue interseccion,Sobre calle,Ninguna,Oscuro con iluminacion,Despejado,No,NO APLICA,2,29,2,38,1,06/02/2022,2
1,Alabama,10334,0,0,2,0,97,MOBILE (97),0,NO APLICA,5,Mayo,24,2022,16,35,SR-217,3,Highway estatal,Urbano,Arteria Menor,State Highway Agency,0,Sin jurisdiccion especial,46,30.78363889,-88.19556389,Vehiculo en movimiento,Frente a frente,Not an Intersection,No fue interseccion,Sobre calle,Ninguna,Dia total,Nublado,No,NO APLICA,16,42,16,54,3,24/05/2022,6
1,Alabama,10335,0,0,1,0,47,DALLAS (47),0,NO APLICA,5,Mayo,25,2022,20,20,SR-22,3,Highway estatal,Rural,Arteria Menor,State Highway Agency,0,Sin jurisdiccion especial,363,32.58364167,-86.968475,Arbol,El primer evento no fue una colision con un vehiculo automotor en transporte,Not an Intersection,No fue interseccion,Sobre el lado de la calle,Ninguna,Oscuro sin iluminacion,lluvia,No,NO APLICA,20,20,20,45,1,25/05/2022,1
1,Alabama,10336,1,1,1,0,91,MARENGO (91),0,NO APLICA,5,Mayo,25,2022,1,15,SR-25,3,Highway estatal,Rural,Colector Mayor,State Highway Agency,0,Sin jurisdiccion especial,327,32.41952222,-87.597675,Peaton,El primer evento no fue una colision con un vehiculo automotor en transporte,Not an Intersection,No fue interseccion,Sobre calle,Ninguna,Oscuro sin iluminacion,Nublado,No,NO APLICA,99,99,99,99,1,25/05/2022,1
1,Alabama,10337,0,0,1,0,97,MOBILE (97),0,NO APLICA,5,Mayo,25,2022,17,45,CR-IRVINGTON BLB HWY,4,Calle del Condado,Urbano,Colector Mayor,County Highway Agency,0,Sin jurisdiccion especial,47,30.49641944,-88.23393889,Zanja,El primer evento no fue una colision con un vehiculo automotor en transporte,Not an Intersection,No fue interseccion,Sobre el lado de la calle,Ninguna,Dia total,Nublado,No,NO APLICA,17,45,18,0,1,25/05/2022,2
1,Alabama,10338,0,0,1,0,73,JEFFERSON (73),0,NO APLICA,5,Mayo,26,2022,99,99,TORRANCE RD,6,Calle Local Municipalidad,Rural,Colector Mayor,County Highway Agency,0,Sin jurisdiccion especial,0,33.79280833,-86.93529722,Arbol,El primer evento no fue una colision con un vehiculo automotor en transporte,Not an Intersection,No fue interseccion,Sobre el lado de la calle,Ninguna,Oscuro sin iluminacion,Despejado,No,NO APLICA,99,99,99,99,1,26/05/2022,1
1,Alabama,10339,0,0,1,0,43,CULLMAN (43),0,NO APLICA,5,Mayo,26,2022,23,25,CR-1650,4,Calle del Condado,Rural,Desconocido,County Highway Agency,0,Sin jurisdiccion especial,0,34.17838333,-86.65591667,Buzon de correo,El primer evento no fue una colision con un vehiculo automotor en transporte,Not an Intersection,No fue interseccion,Sobre el lado de la calle,Ninguna,Oscuro sin iluminacion,Nublado,No,NO APLICA,23,25,23,38,1,26/05/2022,2
1,Alabama,10340,0,0,2,0,97,MOBILE (97),0,NO APLICA,5,Mayo,26,2022,7,40,CR-AIRPORT BLVD,4,Calle del Condado,Rural,Arteria Menor,County Highway Agency,0,Sin jurisdiccion especial,20,30.63759167,-88.37089167,Vehiculo en movimiento,Angulo,T-Intersection,Interseccion de T,Sobre calle,Ninguna,Dia total,Nublado,No,NO APLICA,7,48,8,14,1,26/05/2022,4
1,Alabama,10341,0,0,3,0,117,SHELBY (117),0,NO APLICA,5,Mayo,26,2022,14,25,I-65,1,Interestatal,Urbano,Interestatal,State Highway Agency,1,Sin jurisdiccion especial,2398,33.25132778,-86.79944444,Vehiculo en movimiento,Golpe Lateral - misma direccion,Not an Intersection,No fue interseccion,Sobre calle,Ninguna,Dia total,lluvia,No,NO APLICA,14,25,14,30,1,26/05/2022,6
1,Alabama,10342,0,0,2,0,97,MOBILE (97),2100,MOBILE,5,Mayo,27,2022,20,56,US-98 SR-42,2,US Highway,Urbano,Arteria Principal,State Highway Agency,1,Sin jurisdiccion especial,123,30.71244444,-88.13032778,Vehiculo en movimiento,Frente a frente,T-Intersection,Interseccion de T,Sobre calle,Ninguna,Oscuro con iluminacion,Despejado,No,NO APLICA,99,99,99,99,1,27/05/2022,3
1,Alabama,10343,0,0,2,0,11,BULLOCK (11),3090,UNION SPRINGS,5,Mayo,27,2022,6,53,PEACHBURG RD,6,Calle Local Municipalidad,Urbano,Colector Mayor,City or Municipal Highway Agency,0,Sin jurisdiccion especial,15,32.15243889,-85.70287778,Vehiculo en movimiento,Angulo,Not an Intersection,No fue interseccion,Sobre calle,Ninguna,Dia total,Despejado,No,NO APLICA,6,54,7,7,1,27/05/2022,2
1,Alabama,10344,0,0,1,0,47,DALLAS (47),0,NO APLICA,5,Mayo,28,2022,23,31,SR-5,3,Highway estatal,Rural,Arteria Principal,State Highway Agency,1,Sin jurisdiccion especial,329,32.24255556,-87.40757222,Arbol,El primer evento no fue una colision con un vehiculo automotor en transporte,Not an Intersection,No fue interseccion,Sobre el lado de la calle,Ninguna,Oscuro sin iluminacion,Despejado,No,NO APLICA,99,99,0,18,1,28/05/2022,1
1,Alabama,10345,0,0,2,0,43,CULLMAN (43),830,CULLMAN,5,Mayo,28,2022,14,44,MAIN AVE SW,6,Calle Local Municipalidad,Urbano,Colector Mayor,City or Municipal Highway Agency,0,Sin jurisdiccion especial,13,34.16788889,-86.847975,Vehiculo en movimiento,Angulo,Four-Way Intersection,Interseccion de 4 direcciones,Sobre calle,Ninguna,Dia total,Despejado,No,NO APLICA,14,45,14,53,1,28/05/2022,2
1,Alabama,10346,0,0,3,0,81,LEE (81),2340,OPELIKA,5,Mayo,28,2022,8,41,US-29 SR-15,2,US Highway,Urbano,Colector Mayor,State Highway Agency,0,Sin jurisdiccion especial,1934,32.67538056,-85.32661944,Vehiculo en movimiento,Frente a frente,Not an Intersection,No fue interseccion,Sobre calle,Ninguna,Dia total,Despejado,No,NO APLICA,8,43,8,55,1,28/05/2022,6
1,Alabama,10347,0,0,2,0,121,TALLADEGA (121),2910,TALLADEGA,5,Mayo,28,2022,3,38,SR-275,3,Highway estatal,Urbano,Arteria Principal,State Highway Agency,1,Sin jurisdiccion especial,24,33.46353611,-86.09806667,Vehiculo en movimiento,Frente a frente,Not an Intersection,No fue interseccion,Sobre calle,Construccion,Oscuro sin iluminacion,Despejado,No,NO APLICA,3,38,3,49,1,28/05/2022,2
1,Alabama,10348,0,0,2,0,15,CALHOUN (15),2370,OXFORD,5,Mayo,28,2022,12,20,US-78 SR-4,2,US Highway,Urbano,Arteria Menor,State Highway Agency,0,Sin jurisdiccion especial,1556,33.59405556,-85.90685556,Vehiculo en movimiento,Angulo,T-Intersection,Interseccion de T,Sobre calle,Ninguna,Dia total,Despejado,No,NO APLICA,12,20,12,27,1,28/05/2022,2
1,Alabama,10349,0,0,1,0,89,MADISON (89),1730,HUNTSVILLE,5,Mayo,29,2022,14,19,ROSEWOOD CIR NW,6,Calle Local Municipalidad,Urbano,Local,City or Municipal Highway Agency,0,Sin jurisdiccion especial,0,34.75335278,-86.62524167,Volcadura,El primer evento no fue una colision con un vehiculo automotor en transporte,Not an Intersection,No fue interseccion,Sobre calle,Ninguna,Dia total,Despejado,No,NO APLICA,14,20,14,44,1,29/05/2022,4
1,Alabama,10350,0,0,2,0,115,ST. CLAIR (115),0,NO APLICA,5,Mayo,29,2022,17,40,I-20,1,Interestatal,Rural,Interestatal,State Highway Agency,1,Sin jurisdiccion especial,1507,33.59295278,-86.41820278,Vehiculo en movimiento,Frente a Detrás,Not an Intersection,No fue interseccion,Sobre calle,Ninguna,Dia total,Despejado,No,NO APLICA,17,39,18,4,1,29/05/2022,3
1,Alabama,10351,0,0,2,0,55,ETOWAH (55),1280,GADSDEN,5,Mayo,30,2022,3,25,US-411 SR-25,2,US Highway,Urbano,Arteria Menor,State Highway Agency,0,Sin jurisdiccion especial,2202,34.03546111,-85.96625278,Vehiculo en movimiento,Angulo,Not an Intersection,No fue interseccion,Sobre calle,Ninguna,Oscuro sin iluminacion,Despejado,No,NO APLICA,3,25,3,31,1,30/05/2022,3
1,Alabama,10352,1,1,1,0,101,MONTGOMERY (101),2130,MONTGOMERY,5,Mayo,30,2022,22,39,WEST FAIRVIEW AVE,6,Calle Local Municipalidad,Urbano,Arteria Menor,City or Municipal Highway Agency,0,Sin jurisdiccion especial,27,32.35165556,-86.316575,Peaton,El primer evento no fue una colision con un vehiculo automotor en transporte,Four-Way Intersection,Interseccion de 4 direcciones,Sobre calle,Ninguna,Oscuro con iluminacion,Despejado,No,NO APLICA,22,40,22,47,1,30/05/2022,1
1,Alabama,10353,0,0,1,0,125,TUSCALOOSA (125),0,NO APLICA,5,Mayo,30,2022,1,50,CR-MLK JR BLVD,4,Calle del Condado,Rural,Colector Mayor,County Highway Agency,0,Sin jurisdiccion especial,0,33.14801944,-87.62171111,Zanja,El primer evento no fue una colision con un vehiculo automotor en transporte,Not an Intersection,No fue interseccion,Sobre el lado de la calle,Ninguna,Oscuro sin iluminacion,Despejado,No,NO APLICA,1,54,2,5,1,30/05/2022,1
1,Alabama,10354,0,0,3,0,71,JACKSON (71),2720,SCOTTSBORO,5,Mayo,30,2022,14,0,SR-79,3,Highway estatal,Urbano,Arteria Menor,State Highway Agency,0,Sin jurisdiccion especial,877,34.59860556,-86.08084722,Vehiculo en movimiento,Frente a frente,T-Intersection,Interseccion de T,Sobre calle,Ninguna,Dia total,Despejado,No,NO APLICA,14,4,14,15,1,30/05/2022,4
1,Alabama,10355,0,0,2,0,117,SHELBY (117),0,NO APLICA,5,Mayo,30,2022,17,20,US-280 SR-38,2,US Highway,Urbano,Colector Mayor,State Highway Agency,0,Sin jurisdiccion especial,134,33.355825,-86.65101667,Vehiculo en movimiento,Angulo,Four-Way Intersection,Interseccion de 4 direcciones,Sobre calle,Ninguna,Dia total,Despejado,No,NO APLICA,17,26,17,32,1,30/05/2022,2
1,Alabama,10356,0,0,1,0,77,LAUDERDALE (77),0,NO APLICA,5,Mayo,31,2022,18,30,US-72 SR-2,2,US Highway,Rural,Arteria Principal,State Highway Agency,1,Sin jurisdiccion especial,520,34.84397222,-87.37251944,Fin de valla,El primer evento no fue una colision con un vehiculo automotor en transporte,Not an Intersection,No fue interseccion,Sobre el lado de la calle,Ninguna,Dia total,Despejado,No,NO APLICA,18,36,18,50,1,31/05/2022,1
1,Alabama,10357,0,0,1,0,37,COOSA (37),0,NO APLICA,6,Junio,1,2022,19,25,CR-PELICAN LANE,4,Calle del Condado,Rural,Local,County Highway Agency,0,Sin jurisdiccion especial,0,32.99905556,-86.489775,Arbol,El primer evento no fue una colision con un vehiculo automotor en transporte,Not an Intersection,No fue interseccion,Sobre el lado de la calle,Ninguna,Oscuro sin iluminacion,Despejado,No,NO APLICA,19,34,20,7,1,01/06/2022,2
1,Alabama,10358,1,1,1,0,125,TUSCALOOSA (125),3050,TUSCALOOSA,6,Junio,2,2022,3,54,I-359,1,Interestatal,Urbano,Interestatal,State Highway Agency,1,Sin jurisdiccion especial,0,33.16969167,-87.5524,Peaton,El primer evento no fue una colision con un vehiculo automotor en transporte,Not an Intersection,No fue interseccion,Sobre calle,Ninguna,Oscuro con iluminacion,Despejado,No,NO APLICA,99,99,4,0,1,02/06/2022,1
1,Alabama,10359,0,0,1,0,11,BULLOCK (11),0,NO APLICA,6,Junio,1,2022,7,0,US-82 SR-6,2,US Highway,Rural,Arteria Menor,State Highway Agency,0,Sin jurisdiccion especial,1864,32.10631389,-85.88847778,Arbol,El primer evento no fue una colision con un vehiculo automotor en transporte,Not an Intersection,No fue interseccion,Sobre el lado de la calle,Ninguna,Dia total,Despejado,No,NO APLICA,7,0,7,25,1,01/06/2022,1
1,Alabama,10360,0,0,1,0,9,BLOUNT (9),0,NO APLICA,6,Junio,3,2022,21,9,CR-13,4,Calle del Condado,Urbano,Local,County Highway Agency,0,Sin jurisdiccion especial,0,33.93442778,-86.66040556,Arbol,El primer evento no fue una colision con un vehiculo automotor en transporte,Not an Intersection,No fue interseccion,Sobre el lado de la calle,Ninguna,Oscuro sin iluminacion,Despejado,No,NO APLICA,21,9,21,20,1,03/06/2022,1
1,Alabama,10361,0,0,2,0,73,JEFFERSON (73),1710,HOMEWOOD,6,Junio,3,2022,21,2,SR-3,3,Highway estatal,Urbano,Arteria Principal,State Highway Agency,0,Sin jurisdiccion especial,2656,33.48123889,-86.78726111,Vehiculo en movimiento,Frente a Detrás,Four-Way Intersection,Interseccion de 4 direcciones,Sobre calle,Ninguna,Oscuro con iluminacion,Despejado,No,NO APLICA,21,3,21,8,1,03/06/2022,3
1,Alabama,10362,1,1,1,0,97,MOBILE (97),2100,MOBILE,6,Junio,4,2022,14,50,COTTAGE HILL RD,6,Calle Local Municipalidad,Urbano,Local,City or Municipal Highway Agency,0,Sin jurisdiccion especial,0,30.654775,-88.13665556,Ciclista,El primer evento no fue una colision con un vehiculo automotor en transporte,Not an Intersection,No fue interseccion,Sobre calle,Ninguna,Dia total,Despejado,No,NO APLICA,99,99,15,0,1,04/06/2022,2
1,Alabama,10363,0,0,1,0,3,BALDWIN (3),0,NO APLICA,6,Junio,4,2022,15,40,SR-225,3,Highway estatal,Rural,Arteria Menor,State Highway Agency,0,Sin jurisdiccion especial,168,30.89905556,-87.85096667,Poste de Señal de trafico,El primer evento no fue una colision con un vehiculo automotor en transporte,Not an Intersection,No fue interseccion,Sobre el lado de la calle,Ninguna,Dia total,Despejado,No,NO APLICA,15,41,15,48,1,04/06/2022,1
1,Alabama,10364,0,0,1,0,71,JACKSON (71),0,NO APLICA,6,Junio,4,2022,14,0,SR-65,3,Highway estatal,Rural,Colector Mayor,State Highway Agency,0,Sin jurisdiccion especial,249,34.96735,-86.22223056,Arbol,El primer evento no fue una colision con un vehiculo automotor en transporte,Not an Intersection,No fue interseccion,Sobre el lado de la calle,Ninguna,Dia total,Despejado,No,NO APLICA,14,55,14,24,1,04/06/2022,1
1,Alabama,10365,0,0,3,0,113,RUSSELL (113),2440,PHENIX CITY,6,Junio,4,2022,22,2,US-80 SR-8,2,US Highway,Urbano,Arteria Principal,State Highway Agency,0,Sin jurisdiccion especial,2138,32.47533333,-85.04038333,Vehiculo en movimiento,Frente a frente,Not an Intersection,No fue interseccion,Sobre calle,Ninguna,Oscuro con iluminacion,Despejado,No,NO APLICA,22,2,22,6,1,04/06/2022,3
1,Alabama,10366,0,0,1,0,63,GREENE (63),0,NO APLICA,6,Junio,5,2022,4,30,US-11 SR-7,2,US Highway,Rural,Colector Mayor,State Highway Agency,0,Sin jurisdiccion especial,283,32.70032778,-88.09166667,Valla Ferrocarril,El primer evento no fue una colision con un vehiculo automotor en transporte,Not an Intersection,No fue interseccion,Sobre el lado de la calle,Ninguna,Dia total,Despejado,No,NO APLICA,99,99,6,6,1,05/06/2022,3
1,Alabama,10367,1,1,1,0,97,MOBILE (97),0,NO APLICA,6,Junio,6,2022,21,55,CR-THEODORE DAWES RD,4,Calle del Condado,Urbano,Arteria Principal,State Highway Agency,0,Sin jurisdiccion especial,0,30.56111667,-88.20961111,Peaton,El primer evento no fue una colision con un vehiculo automotor en transporte,Not an Intersection,No fue interseccion,Sobre calle,Ninguna,Oscuro con iluminacion,Nublado,No,NO APLICA,22,26,22,35,1,06/06/2022,1
1,Alabama,10368,0,0,1,0,13,BUTLER (13),0,NO APLICA,6,Junio,6,2022,15,30,SR-10,3,Highway estatal,Rural,Arteria Menor,State Highway Agency,0,Sin jurisdiccion especial,1071,31.83789444,-86.87890556,Acotamiento,El primer evento no fue una colision con un vehiculo automotor en transporte,Not an Intersection,No fue interseccion,Sobre el lado de la calle,Ninguna,Dia total,Despejado,No,NO APLICA,15,40,15,56,1,06/06/2022,1
1,Alabama,10369,0,0,1,0,29,CLEBURNE (29),0,NO APLICA,6,Junio,6,2022,13,7,CR-13,4,Calle del Condado,Rural,Arteria Menor,County Highway Agency,0,Sin jurisdiccion especial,0,33.60351389,-85.604325,Alguien se cayo/avento del vehiculo,El primer evento no fue una colision con un vehiculo automotor en transporte,T-Intersection,Interseccion de T,Sobre el lado de la calle,Ninguna,Dia total,Despejado,No,NO APLICA,13,7,13,18,1,06/06/2022,1
1,Alabama,10370,0,0,1,0,1,AUTAUGA (1),0,NO APLICA,6,Junio,6,2022,10,55,US-82 SR-6,2,US Highway,Rural,Arteria Principal,State Highway Agency,1,Sin jurisdiccion especial,1330,32.49026944,-86.54594167,Arbol,El primer evento no fue una colision con un vehiculo automotor en transporte,Not an Intersection,No fue interseccion,Sobre el lado de la calle,Ninguna,Dia total,Nublado,No,NO APLICA,10,53,11,11,1,06/06/2022,1
1,Alabama,10371,0,0,2,0,3,BALDWIN (3),1493,GULF SHORES,6,Junio,6,2022,17,58,SR-180,3,Highway estatal,Rural,Colector Mayor,State Highway Agency,0,Sin jurisdiccion especial,117,30.24742778,-87.83125556,Vehiculo en movimiento,Frente a frente,Not an Intersection,No fue interseccion,Sobre calle,Ninguna,Dia total,Despejado,No,NO APLICA,17,58,18,15,1,06/06/2022,3
1,Alabama,10372,1,1,1,0,101,MONTGOMERY (101),2130,MONTGOMERY,6,Junio,7,2022,20,22,EASTERN BLVD,6,Calle Local Municipalidad,Urbano,Arteria Principal,State Highway Agency,1,Sin jurisdiccion especial,0,32.37096667,-86.209625,Peaton,El primer evento no fue una colision con un vehiculo automotor en transporte,Four-Way Intersection,Interseccion de 4 direcciones,Sobre calle,Ninguna,Oscuro con iluminacion,Despejado,No,NO APLICA,20,24,20,36,1,07/06/2022,1
1,Alabama,10373,0,0,2,0,123,TALLAPOOSA (123),60,ALEXANDER CITY,6,Junio,8,2022,11,14,US-280 SR-38,2,US Highway,Urbano,Arteria Principal,State Highway Agency,1,Sin jurisdiccion especial,720,32.90604444,-85.90093056,Vehiculo en movimiento,Golpe Lateral - misma direccion,T-Intersection,Interseccion de T,Sobre calle,Ninguna,Dia total,lluvia,No,NO APLICA,11,16,11,18,1,08/06/2022,2
1,Alabama,10374,0,0,4,0,101,MONTGOMERY (101),2130,MONTGOMERY,6,Junio,8,2022,16,12,EASTERN BLVD,6,Calle Local Municipalidad,Urbano,Arteria Principal,State Highway Agency,1,Sin jurisdiccion especial,0,32.335375,-86.22869444,Vehiculo en movimiento,Frente a Detrás,Four-Way Intersection,Interseccion de 4 direcciones,Sobre calle,Ninguna,Dia total,Despejado,No,NO APLICA,16,15,16,36,1,08/06/2022,4