Estado,Nombre de Estado,Numero de Caso,Peatones,Personas _no_vehiculos,Vehiculos automotores,Vehiculos estacionados,Condado,Nombre Condado,Ciudad,Nombre Ciudad,Mes,Nombre Mes,Dia,Año,Hora,Minuto,Calle,Ruta,Nombre Ruta,Rural o Urbanoo,Sistema Funcional,Dueño Calle,Sistema Nacional Carreteras,Jurisdiccion Especial,Milla,Latitud,Longitud,Causa del Accidente,Tipo de Accidente,Tipo Interseccion,Columna1,Lugar en la calle,Zona de Trabajo,Luz,Clima,Autobus Escolar,Cruce de Trenes,Hora Notificacion,Minuto Notificacion,Hora Llegada,Minuto Llegada,Decesos,Fecha,PersonaVehiculo
1,Alabama,10375,0,0,1,0,97,MOBILE (97),2100,MOBILE,6,Junio,9,2022,14,20,MONTLIMAR DR,6,Calle Local Municipalidad,Urbano,Arteria Menor,City or Municipal Highway Agency,0,Sin jurisdiccion especial,0,30.66867222,-88.13318889,Poste,El primer evento no fue una colision con un vehiculo automotor en transporte,Not an Intersection,No fue interseccion,Sobre el lado de la calle,Ninguna,Dia total,Nublado,No,NO APLICA,14,29,14,35,1,09/06/2022,1
1,Alabama,10376,0,0,3,0,3,BALDWIN (3),860,DAPHNE,6,Junio,9,2022,21,29,SR-181,3,Highway estatal,Urbano,Arteria Menor,State Highway Agency,0,Sin jurisdiccion especial,133,30.610975,-87.85206667,Vehiculo en movimiento,Golpe Lateral - direccion contraria,Not an Intersection,No fue interseccion,Sobre calle,Ninguna,Oscuro sin iluminacion,Despejado,No,NO APLICA,21,29,22,7,1,09/06/2022,3
1,Alabama,10377,0,0,3,0,113,RUSSELL (113),2440,PHENIX CITY,6,Junio,9,2022,16,27,SR-165,3,Highway estatal,Urbano,Arteria Menor,State Highway Agency,0,Sin jurisdiccion especial,310,32.40380556,-85.03489722,Vehiculo en movimiento,Frente a Detrás,Not an Intersection,No fue interseccion,Sobre calle,Ninguna,Dia total,Despejado,No,NO APLICA,16,30,16,39,1,09/06/2022,3
1,Alabama,10378,0,0,1,0,89,MADISON (89),0,NO APLICA,6,Junio,10,2022,0,13,CR-WALL TRIANA HWY,4,Calle del Condado,Urbano,Colector Mayor,County Highway Agency,0,Sin jurisdiccion especial,0,34.8005,-86.74913333,Zanja,El primer evento no fue una colision con un vehiculo automotor en transporte,Not an Intersection,No fue interseccion,Sobre el lado de la calle,Ninguna,Oscuro con iluminacion,Despejado,No,NO APLICA,0,15,0,38,1,10/06/2022,1
1,Alabama,10379,0,0,2,0,31,COFFEE (31),0,NO APLICA,6,Junio,10,2022,17,50,CR-105,4,Calle del Condado,Rural,Colector Mayor,County Highway Agency,0,Sin jurisdiccion especial,0,31.55326944,-85.852025,Vehiculo en movimiento,Frente a frente,Not an Intersection,No fue interseccion,Sobre calle,Ninguna,Dia total,Despejado,No,NO APLICA,99,99,99,99,1,10/06/2022,2
1,Alabama,10380,0,0,1,0,47,DALLAS (47),0,NO APLICA,6,Junio,10,2022,21,15,SR-22,3,Highway estatal,Rural,Arteria Menor,State Highway Agency,0,Sin jurisdiccion especial,117,32.34055833,-87.19928056,Alguien se cayo/avento del vehiculo,El primer evento no fue una colision con un vehiculo automotor en transporte,Not an Intersection,No fue interseccion,Sobre calle,Ninguna,Oscuro sin iluminacion,Nublado,No,NO APLICA,99,99,99,99,1,10/06/2022,2
1,Alabama,10381,0,0,1,0,123,TALLAPOOSA (123),0,NO APLICA,6,Junio,11,2022,6,29,US-280 SR-38,2,US Highway,Rural,Arteria Principal,State Highway Agency,1,Sin jurisdiccion especial,935,32.73938056,-85.59449444,Poste de Señal de trafico,El primer evento no fue una colision con un vehiculo automotor en transporte,Not an Intersection,No fue interseccion,Sobre el lado de la calle,Ninguna,Dia total,Despejado,No,NO APLICA,6,29,6,51,1,11/06/2022,1
1,Alabama,10382,0,0,2,0,97,MOBILE (97),0,NO APLICA,6,Junio,11,2022,3,17,CR-THEODORE DAWES RD,4,Calle del Condado,Urbano,Arteria Principal,State Highway Agency,1,Sin jurisdiccion especial,0,30.56879444,-88.21949444,Vehiculo en movimiento,Frente a frente,Not an Intersection,No fue interseccion,Sobre calle,Ninguna,Oscuro sin iluminacion,Despejado,No,NO APLICA,3,21,3,57,1,11/06/2022,4
1,Alabama,10383,0,0,2,1,107,PICKENS (107),580,CARROLLTON,6,Junio,12,2022,13,56,REFORM ST,6,Calle Local Municipalidad,Rural,Arteria Menor,City or Municipal Highway Agency,0,Sin jurisdiccion especial,0,33.27111667,-88.09439167,Edificio,El primer evento no fue una colision con un vehiculo automotor en transporte,Not an Intersection,No fue interseccion,Sobre el lado de la calle,Ninguna,Dia total,Despejado,No,NO APLICA,99,99,16,24,1,12/06/2022,1
1,Alabama,10384,0,0,1,0,115,ST. CLAIR (115),0,NO APLICA,6,Junio,12,2022,20,40,SR-144,3,Highway estatal,Rural,Arteria Menor,State Highway Agency,0,Sin jurisdiccion especial,57,33.70495278,-86.199275,Buzon de correo,El primer evento no fue una colision con un vehiculo automotor en transporte,Not an Intersection,No fue interseccion,Sobre el lado de la calle,Ninguna,Oscuro sin iluminacion,Despejado,No,NO APLICA,20,40,20,50,1,12/06/2022,1
1,Alabama,10385,0,0,1,0,61,GENEVA (61),0,NO APLICA,6,Junio,13,2022,17,47,SR-167,3,Highway estatal,Rural,Arteria Menor,State Highway Agency,0,Sin jurisdiccion especial,132,31.16579722,-85.73915833,Arbol,El primer evento no fue una colision con un vehiculo automotor en transporte,Not an Intersection,No fue interseccion,Sobre el lado de la calle,Ninguna,Dia total,Nublado,No,NO APLICA,17,50,18,11,1,13/06/2022,1
1,Alabama,10386,0,0,3,0,29,CLEBURNE (29),0,NO APLICA,6,Junio,14,2022,15,15,US-431 SR-1,2,US Highway,Rural,Arteria Principal,State Highway Agency,1,Sin jurisdiccion especial,2178,33.58721389,-85.68228056,Vehiculo en movimiento,Frente a Detrás,Four-Way Intersection,Interseccion de 4 direcciones,Sobre calle,Ninguna,Dia total,Despejado,No,NO APLICA,15,10,15,24,1,14/06/2022,5
1,Alabama,10387,0,0,1,0,97,MOBILE (97),2100,MOBILE,6,Junio,14,2022,20,2,I-10,1,Interestatal,Urbano,Interestatal,State Highway Agency,1,Sin jurisdiccion especial,200,30.75739167,-88.09315,Fin de valla,El primer evento no fue una colision con un vehiculo automotor en transporte,Not an Intersection,No fue interseccion,Gore?,Ninguna,Oscuro con iluminacion,Nublado,No,NO APLICA,20,5,20,12,1,14/06/2022,1
1,Alabama,10388,0,0,1,0,59,FRANKLIN (59),2570,RED BAY,6,Junio,15,2022,6,7,9TH ST SW,6,Calle Local Municipalidad,Rural,Local,City or Municipal Highway Agency,0,Sin jurisdiccion especial,0,34.42492222,-88.15338333,Arbol,El primer evento no fue una colision con un vehiculo automotor en transporte,Not an Intersection,No fue interseccion,Sobre el lado de la calle,Ninguna,Amanecer,Despejado,No,NO APLICA,6,7,6,15,1,15/06/2022,1
1,Alabama,10389,0,0,1,0,127,WALKER (127),1780,JASPER,6,Junio,15,2022,22,0,BLACKWELL DAIRY RD,6,Calle Local Municipalidad,Urbano,Local,City or Municipal Highway Agency,0,Sin jurisdiccion especial,0,33.84495833,-87.23334444,Piedrotototota,El primer evento no fue una colision con un vehiculo automotor en transporte,Not an Intersection,No fue interseccion,Sobre el lado de la calle,Ninguna,Reportada como desconocida,Reportado como desconocido,No,NO APLICA,88,88,88,88,1,15/06/2022,1
1,Alabama,10390,1,1,1,0,47,DALLAS (47),0,NO APLICA,6,Junio,15,2022,3,15,CR-WATER AVE,4,Calle del Condado,Urbano,Colector Mayor,County Highway Agency,0,Sin jurisdiccion especial,0,32.41289444,-86.98762222,Peaton,El primer evento no fue una colision con un vehiculo automotor en transporte,Not an Intersection,No fue interseccion,Sobre calle,Ninguna,Oscuro sin iluminacion,Despejado,No,NO APLICA,3,15,3,30,1,15/06/2022,1
1,Alabama,10391,0,0,1,0,47,DALLAS (47),0,NO APLICA,6,Junio,15,2022,9,30,CR-84,4,Calle del Condado,Urbano,Colector Mayor,County Highway Agency,0,Sin jurisdiccion especial,0,32.55988611,-86.94691944,Barda,El primer evento no fue una colision con un vehiculo automotor en transporte,T-Intersection,Interseccion de T,Sobre el lado de la calle,Ninguna,Dia total,Nublado,No,NO APLICA,99,99,16,42,1,15/06/2022,1
1,Alabama,10392,0,0,1,0,131,WILCOX (131),0,NO APLICA,6,Junio,16,2022,6,0,SR-10,3,Highway estatal,Rural,Arteria Menor,State Highway Agency,0,Sin jurisdiccion especial,834,31.97968056,-87.21055556,Culvert,El primer evento no fue una colision con un vehiculo automotor en transporte,Not an Intersection,No fue interseccion,Sobre el lado de la calle,Ninguna,Amanecer,Despejado,No,NO APLICA,6,47,7,1,1,16/06/2022,2
1,Alabama,10393,1,1,3,0,125,TUSCALOOSA (125),2260,NORTHPORT,6,Junio,18,2022,23,4,US-82 SR-6,2,US Highway,Urbano,Arteria Principal,State Highway Agency,1,Sin jurisdiccion especial,410,33.24389722,-87.66895833,Peaton,El primer evento no fue una colision con un vehiculo automotor en transporte,Not an Intersection,No fue interseccion,Sobre calle,Ninguna,Oscuro sin iluminacion,Despejado,No,NO APLICA,23,4,23,17,1,18/06/2022,10
1,Alabama,10394,0,0,1,0,97,MOBILE (97),0,NO APLICA,6,Junio,18,2022,1,58,CR-W COY SMITH HWY,4,Calle del Condado,Rural,Colector Mayor,County Highway Agency,0,Sin jurisdiccion especial,0,31.12489167,-88.09975,Volcadura,El primer evento no fue una colision con un vehiculo automotor en transporte,Not an Intersection,No fue interseccion,Sobre calle,Ninguna,Oscuro sin iluminacion,Despejado,No,NO APLICA,2,2,2,32,1,18/06/2022,1
1,Alabama,10395,0,0,1,0,125,TUSCALOOSA (125),3050,TUSCALOOSA,6,Junio,18,2022,2,7,JACK WARNER PKWY,6,Calle Local Municipalidad,Urbano,Arteria Menor,City or Municipal Highway Agency,0,Sin jurisdiccion especial,0,33.2225,-87.54018333,Poste,El primer evento no fue una colision con un vehiculo automotor en transporte,T-Intersection,Interseccion de T,Sobre el lado de la calle,Ninguna,Oscuro con iluminacion,Despejado,No,NO APLICA,2,7,2,13,1,18/06/2022,1
1,Alabama,10396,0,0,1,0,55,ETOWAH (55),0,NO APLICA,6,Junio,18,2022,16,31,I-59,1,Interestatal,Urbano,Interestatal,State Highway Agency,1,Sin jurisdiccion especial,1814,33.99975556,-86.08541111,Barrera de Cable,El primer evento no fue una colision con un vehiculo automotor en transporte,Not an Intersection,No fue interseccion,En el medio,Ninguna,Dia total,Despejado,No,NO APLICA,16,58,17,2,1,18/06/2022,1
1,Alabama,10397,1,1,1,0,109,PIKE (109),0,NO APLICA,6,Junio,19,2022,3,0,US-29 SR-15,2,US Highway,Rural,Colector Mayor,State Highway Agency,0,Sin jurisdiccion especial,1193,31.8445,-85.76483611,Peaton,El primer evento no fue una colision con un vehiculo automotor en transporte,Not an Intersection,No fue interseccion,Sobre calle,Ninguna,Oscuro sin iluminacion,Despejado,No,NO APLICA,2,59,3,21,1,19/06/2022,1
1,Alabama,10398,0,0,2,0,73,JEFFERSON (73),330,BESSEMER,6,Junio,19,2022,1,43,5TH AVE,6,Calle Local Municipalidad,Urbano,Colector Mayor,City or Municipal Highway Agency,0,Sin jurisdiccion especial,0,33.52070833,-86.80263333,Vehiculo en movimiento,Angulo,T-Intersection,Interseccion de T,Sobre calle,Ninguna,Oscuro con iluminacion,Despejado,No,NO APLICA,1,44,1,52,1,19/06/2022,2
1,Alabama,10399,0,0,2,0,3,BALDWIN (3),0,NO APLICA,6,Junio,20,2022,15,22,US-31 SR-3,2,US Highway,Rural,Arteria Menor,State Highway Agency,0,Sin jurisdiccion especial,267,30.92634444,-87.69410833,Vehiculo en movimiento,Angulo,Not an Intersection,No fue interseccion,Sobre calle,Ninguna,Dia total,lluvia,No,NO APLICA,15,26,15,33,1,20/06/2022,2
1,Alabama,10400,0,0,1,0,101,MONTGOMERY (101),0,NO APLICA,6,Junio,20,2022,4,0,CR-4,4,Calle del Condado,Rural,Colector Menor,County Highway Agency,0,Sin jurisdiccion especial,0,31.98164722,-86.15795556,Volcadura,El primer evento no fue una colision con un vehiculo automotor en transporte,Not an Intersection,No fue interseccion,Sobre el lado de la calle,Ninguna,Oscuro sin iluminacion,Despejado,No,NO APLICA,4,0,4,30,1,20/06/2022,1
1,Alabama,10401,0,0,1,0,17,CHAMBERS (17),0,NO APLICA,6,Junio,20,2022,15,38,CR-278,4,Calle del Condado,Rural,Colector Mayor,County Highway Agency,0,Sin jurisdiccion especial,0,33.09245278,-85.27761944,Zanja,El primer evento no fue una colision con un vehiculo automotor en transporte,Not an Intersection,No fue interseccion,Sobre el lado de la calle,Ninguna,Dia total,Despejado,No,NO APLICA,15,38,15,51,1,20/06/2022,1
1,Alabama,10402,1,1,1,0,81,LEE (81),2340,OPELIKA,6,Junio,22,2022,16,3,PEPPERELL PKWY,6,Calle Local Municipalidad,Urbano,Arteria Principal,State Highway Agency,1,Sin jurisdiccion especial,0,32.63504722,-85.42376111,Peaton,El primer evento no fue una colision con un vehiculo automotor en transporte,Not an Intersection,No fue interseccion,Sobre calle,Ninguna,Dia total,Despejado,No,NO APLICA,16,8,16,13,1,22/06/2022,2
1,Alabama,10403,0,0,1,0,121,TALLADEGA (121),0,NO APLICA,6,Junio,23,2022,14,17,CR-COVE ACCESS RD,4,Calle del Condado,Rural,Local,County Highway Agency,0,Sin jurisdiccion especial,0,33.49496944,-86.17074722,Volcadura,El primer evento no fue una colision con un vehiculo automotor en transporte,Not an Intersection,No fue interseccion,Sobre el lado de la calle,Ninguna,Dia total,Despejado,No,NO APLICA,14,17,14,32,1,23/06/2022,1
1,Alabama,10404,0,0,2,0,77,LAUDERDALE (77),2670,ROGERSVILLE,6,Junio,23,2022,16,40,US-72 SR-2,2,US Highway,Urbano,Arteria Principal,State Highway Agency,1,Sin jurisdiccion especial,590,34.81287778,-87.25051667,Vehiculo en movimiento,Angulo,Not an Intersection,No fue interseccion,Sobre calle,Ninguna,Dia total,Despejado,No,NO APLICA,16,43,17,12,2,23/06/2022,3
1,Alabama,10405,0,0,1,0,117,SHELBY (117),0,NO APLICA,6,Junio,24,2022,7,55,US-280 SR-38,2,US Highway,Rural,Arteria Principal,State Highway Agency,1,Sin jurisdiccion especial,176,33.34995278,-86.58501111,Banqueta,El primer evento no fue una colision con un vehiculo automotor en transporte,T-Intersection,Interseccion de T,Gore?,Construccion,Dia total,Despejado,No,NO APLICA,7,55,7,59,1,24/06/2022,1
1,Alabama,10406,0,0,1,0,71,JACKSON (71),2850,STEVENSON,6,Junio,24,2022,8,36,US-72 SR-2,2,US Highway,Rural,Arteria Principal,State Highway Agency,1,Sin jurisdiccion especial,1510,34.80109444,-85.87027222,Acotamiento,El primer evento no fue una colision con un vehiculo automotor en transporte,Not an Intersection,No fue interseccion,Sobre el lado de la calle,Ninguna,Dia total,Despejado,No,NO APLICA,8,36,8,45,1,24/06/2022,1
1,Alabama,10407,0,0,2,0,113,RUSSELL (113),0,NO APLICA,6,Junio,25,2022,20,17,SR-165,3,Highway estatal,Rural,Colector Mayor,State Highway Agency,0,Sin jurisdiccion especial,202,32.25259444,-85.00330278,Vehiculo en movimiento,Angulo,T-Intersection,Interseccion de T,Sobre calle,Ninguna,Oscuro sin iluminacion,Despejado,No,NO APLICA,20,17,20,28,1,25/06/2022,2
1,Alabama,10408,0,0,3,0,121,TALLADEGA (121),0,NO APLICA,6,Junio,25,2022,15,56,CR-SYLACAUGA FAYETTEVILLE HWY,4,Calle del Condado,Rural,Colector Mayor,County Highway Agency,0,Sin jurisdiccion especial,0,33.16391389,-86.29128611,Vehiculo en movimiento,Frente a frente,Not an Intersection,No fue interseccion,Sobre calle,Ninguna,Dia total,Nublado,No,NO APLICA,15,55,16,0,1,25/06/2022,3
1,Alabama,10410,0,0,1,0,103,MORGAN (103),0,NO APLICA,6,Junio,26,2022,11,50,CR-HOLMES DRAKE RD,4,Calle del Condado,Rural,Local,County Highway Agency,0,Sin jurisdiccion especial,0,34.33191389,-86.84743056,Arbol,El primer evento no fue una colision con un vehiculo automotor en transporte,Not an Intersection,No fue interseccion,Sobre el lado de la calle,Ninguna,Dia total,Despejado,No,NO APLICA,11,55,12,13,1,26/06/2022,1
1,Alabama,10412,0,0,1,0,121,TALLADEGA (121),0,NO APLICA,6,Junio,25,2022,22,42,CR-COLEMAN BRIDGE RD,4,Calle del Condado,Rural,Colector Mayor,County Highway Agency,0,Sin jurisdiccion especial,0,33.28031944,-86.30118611,Volcadura,El primer evento no fue una colision con un vehiculo automotor en transporte,Not an Intersection,No fue interseccion,Sobre el lado de la calle,Ninguna,Oscuro sin iluminacion,Nublado,No,NO APLICA,22,40,22,51,1,25/06/2022,2
1,Alabama,10413,1,1,1,0,113,RUSSELL (113),0,NO APLICA,6,Junio,25,2022,15,10,US-80 SR-8,2,US Highway,Rural,Arteria Principal,State Highway Agency,1,Sin jurisdiccion especial,2066,32.460175,-85.14560556,Peaton,El primer evento no fue una colision con un vehiculo automotor en transporte,Not an Intersection,No fue interseccion,Sobre Acotamiento,Ninguna,Dia total,Despejado,No,NO APLICA,15,12,15,21,1,25/06/2022,1
1,Alabama,10414,0,0,1,0,59,FRANKLIN (59),0,NO APLICA,6,Junio,25,2022,19,20,CR-81,4,Calle del Condado,Rural,Colector Mayor,County Highway Agency,0,Sin jurisdiccion especial,0,34.42435833,-87.58036389,Volcadura,El primer evento no fue una colision con un vehiculo automotor en transporte,Not an Intersection,No fue interseccion,Sobre calle,Ninguna,Dia total,Despejado,No,NO APLICA,19,20,19,30,1,25/06/2022,1
1,Alabama,10415,0,0,1,0,113,RUSSELL (113),0,NO APLICA,7,Julio,31,2022,22,29,CR-BLANDING RD,4,Calle del Condado,Rural,Colector Mayor,County Highway Agency,0,Sin jurisdiccion especial,49,32.26304444,-85.27098889,Arbol,El primer evento no fue una colision con un vehiculo automotor en transporte,Not an Intersection,No fue interseccion,Sobre el lado de la calle,Ninguna,Oscuro sin iluminacion,Nublado,No,NO APLICA,22,29,22,37,1,31/07/2022,1
1,Alabama,10416,0,0,2,0,83,LIMESTONE (83),170,ATHENS,8,Agosto,16,2022,12,22,US-72 SR-2,2,US Highway,Urbano,Arteria Principal,State Highway Agency,1,Sin jurisdiccion especial,780,34.77773889,-86.91819444,Vehiculo en movimiento,Angulo,Y-Intersection,Interseccion de Y,Sobre calle,Ninguna,Dia total,Nublado,No,NO APLICA,12,19,12,31,1,16/08/2022,2
1,Alabama,10417,0,0,1,0,73,JEFFERSON (73),350,BIRMINGHAM,6,Junio,16,2022,17,47,17TH ST SW,6,Calle Local Municipalidad,Urbano,Colector Mayor,City or Municipal Highway Agency,0,Sin jurisdiccion especial,0,33.48373333,-86.86054444,Vehiculo Ferrocarril,El primer evento no fue una colision con un vehiculo automotor en transporte,Not an Intersection,No fue interseccion,Sobre calle,Ninguna,Dia total,Despejado,No,728033C,99,99,99,99,1,16/06/2022,1
1,Alabama,10418,0,0,1,0,125,TUSCALOOSA (125),3050,TUSCALOOSA,6,Junio,22,2022,3,0,29TH ST,6,Calle Local Municipalidad,Urbano,Local,City or Municipal Highway Agency,0,Sin jurisdiccion especial,0,33.18625833,-87.58421111,Banqueta,El primer evento no fue una colision con un vehiculo automotor en transporte,Not an Intersection,No fue interseccion,Sobre el lado de la calle,Ninguna,Oscuro con iluminacion,Despejado,No,NO APLICA,2,40,2,51,1,22/06/2022,1
1,Alabama,10419,0,0,1,0,73,JEFFERSON (73),350,BIRMINGHAM,6,Junio,26,2022,21,0,N PLEASANT GROVE RD,6,Calle Local Municipalidad,Urbano,Local,City or Municipal Highway Agency,0,Sin jurisdiccion especial,0,33.52536944,-86.97008889,Volcadura,El primer evento no fue una colision con un vehiculo automotor en transporte,Not an Intersection,No fue interseccion,Sobre calle,Ninguna,Oscuro sin iluminacion,Nublado,No,NO APLICA,99,99,99,99,1,26/06/2022,1
1,Alabama,10420,0,0,2,0,61,GENEVA (61),0,NO APLICA,6,Junio,24,2022,10,10,CR-64,4,Calle del Condado,Rural,Colector Mayor,County Highway Agency,0,Sin jurisdiccion especial,0,31.189925,-85.83735833,Volcadura,El primer evento no fue una colision con un vehiculo automotor en transporte,Y-Intersection,Interseccion de Y,Sobre calle,Ninguna,Dia total,Despejado,No,NO APLICA,10,17,10,31,1,24/06/2022,3
1,Alabama,10421,0,0,1,0,73,JEFFERSON (73),350,BIRMINGHAM,6,Junio,26,2022,18,27,31ST ST SW,6,Calle Local Municipalidad,Urbano,Arteria Menor,City or Municipal Highway Agency,0,Sin jurisdiccion especial,0,33.46876667,-86.88298611,Vehiculo Ferrocarril,El primer evento no fue una colision con un vehiculo automotor en transporte,Not an Intersection,No fue interseccion,Sobre calle,Ninguna,Dia total,Nublado,No,725384R,18,20,18,34,1,26/06/2022,1
1,Alabama,10422,0,0,3,0,115,ST. CLAIR (115),0,NO APLICA,6,Junio,27,2022,4,45,I-20,1,Interestatal,Rural,Interestatal,State Highway Agency,1,Sin jurisdiccion especial,1475,33.57836389,-86.47122778,Barrera de Trafico de Concreto,El primer evento no fue una colision con un vehiculo automotor en transporte,Not an Intersection,No fue interseccion,En el medio,Ninguna,Oscuro sin iluminacion,Nublado,No,NO APLICA,4,42,4,55,1,27/06/2022,3
1,Alabama,10423,1,1,1,0,83,LIMESTONE (83),0,NO APLICA,6,Junio,27,2022,18,17,CR-ELK RIVER MILLS RD,4,Calle del Condado,Urbano,Colector Mayor,County Highway Agency,0,Sin jurisdiccion especial,0,34.84999167,-87.07108333,Peaton,El primer evento no fue una colision con un vehiculo automotor en transporte,Not an Intersection,No fue interseccion,Sobre Acotamiento,Ninguna,Dia total,Despejado,No,NO APLICA,18,19,18,35,1,27/06/2022,1
1,Alabama,10424,0,0,2,0,73,JEFFERSON (73),350,BIRMINGHAM,6,Junio,28,2022,13,30,I-59,1,Interestatal,Urbano,Interestatal,State Highway Agency,1,Sin jurisdiccion especial,1333,33.57834722,-86.71165833,Vehiculo en movimiento,Frente a Detrás,Not an Intersection,No fue interseccion,Sobre calle,Ninguna,Dia total,Despejado,No,NO APLICA,14,1,14,12,1,28/06/2022,3
1,Alabama,10425,0,0,1,0,49,DEKALB (49),0,NO APLICA,6,Junio,29,2022,5,40,CR-81,4,Calle del Condado,Rural,Colector Mayor,County Highway Agency,0,Sin jurisdiccion especial,0,34.36415556,-85.76599167,Animal vivo,El primer evento no fue una colision con un vehiculo automotor en transporte,Not an Intersection,No fue interseccion,Sobre calle,Ninguna,Dia total,Nublado,No,NO APLICA,5,52,6,7,1,29/06/2022,1
1,Alabama,10426,0,0,2,0,127,WALKER (127),0,NO APLICA,6,Junio,29,2022,9,0,SR-269,3,Highway estatal,Rural,Colector Mayor,State Highway Agency,0,Sin jurisdiccion especial,235,33.63586111,-87.15207778,Vehiculo en movimiento,Frente a frente,Not an Intersection,No fue interseccion,Sobre calle,Ninguna,Dia total,Despejado,No,NO APLICA,9,0,9,25,1,29/06/2022,2
1,Alabama,10427,0,0,1,0,83,LIMESTONE (83),0,NO APLICA,6,Junio,29,2022,15,34,US-31 SR-3,2,US Highway,Urbano,Arteria Principal,State Highway Agency,1,Sin jurisdiccion especial,3617,34.6633,-86.95026111,Poste de Señal de trafico,El primer evento no fue una colision con un vehiculo automotor en transporte,Not an Intersection,No fue interseccion,Sobre el lado de la calle,Ninguna,Dia total,Despejado,No,NO APLICA,15,36,17,24,1,29/06/2022,3
1,Alabama,10428,0,0,2,1,73,JEFFERSON (73),350,BIRMINGHAM,6,Junio,30,2022,6,27,JEFFERSON AVE SW,6,Calle Local Municipalidad,Urbano,Arteria Menor,City or Municipal Highway Agency,0,Sin jurisdiccion especial,0,33.475225,-86.87552222,Banqueta,El primer evento no fue una colision con un vehiculo automotor en transporte,Not an Intersection,No fue interseccion,Sobre el lado de la calle,Ninguna,Dia total,Nublado,No,NO APLICA,6,27,6,35,1,30/06/2022,1
1,Alabama,10429,0,0,4,0,3,BALDWIN (3),0,NO APLICA,6,Junio,30,2022,23,0,SR-180,3,Highway estatal,Rural,Colector Mayor,State Highway Agency,0,Sin jurisdiccion especial,52,30.233725,-87.93586944,Vehiculo en movimiento,Frente a frente,Not an Intersection,No fue interseccion,Sobre calle,Ninguna,Oscuro sin iluminacion,Despejado,No,NO APLICA,23,16,23,38,1,30/06/2022,8
1,Alabama,10430,0,0,2,0,61,GENEVA (61),1340,GENEVA,7,Julio,1,2022,14,42,SR-27,3,Highway estatal,Rural,Colector Mayor,State Highway Agency,0,Sin jurisdiccion especial,0,31.02199167,-85.89146944,Vehiculo en movimiento,Frente a frente,Not an Intersection,No fue interseccion,Sobre calle,Ninguna,Dia total,Despejado,No,NO APLICA,14,42,14,50,1,01/07/2022,3
1,Alabama,10431,0,0,2,0,79,LAWRENCE (79),800,COURTLAND,7,Julio,1,2022,8,30,SR-20,3,Highway estatal,Rural,Arteria Principal,State Highway Agency,1,Sin jurisdiccion especial,500,34.672225,-87.29183056,Vehiculo en movimiento,Frente a Detrás,Not an Intersection,No fue interseccion,Sobre calle,Ninguna,Dia total,Nublado,No,NO APLICA,9,15,9,33,1,01/07/2022,2
1,Alabama,10432,0,0,2,0,79,LAWRENCE (79),0,NO APLICA,7,Julio,2,2022,22,50,SR-24,3,Highway estatal,Rural,Arteria Principal,State Highway Agency,1,Sin jurisdiccion especial,445,34.48454444,-87.43375278,Vehiculo en movimiento,Angulo,Four-Way Intersection,Interseccion de 4 direcciones,Sobre calle,Ninguna,Oscuro sin iluminacion,Despejado,No,NO APLICA,23,0,23,7,2,02/07/2022,4
1,Alabama,10433,0,0,2,0,73,JEFFERSON (73),350,BIRMINGHAM,7,Julio,2,2022,3,30,I-59,1,Interestatal,Urbano,Interestatal,State Highway Agency,1,Sin jurisdiccion especial,1240,33.52272222,-86.84948889,Vehiculo en movimiento,Frente a Detrás,Not an Intersection,No fue interseccion,Sobre calle,Ninguna,Oscuro con iluminacion,Despejado,No,NO APLICA,3,33,3,46,1,02/07/2022,2
1,Alabama,10434,0,0,1,0,79,LAWRENCE (79),0,NO APLICA,7,Julio,2,2022,2,15,CR-150,4,Calle del Condado,Rural,Local,County Highway Agency,0,Sin jurisdiccion especial,0,34.571775,-87.37035278,Arbol,El primer evento no fue una colision con un vehiculo automotor en transporte,Not an Intersection,No fue interseccion,Sobre el lado de la calle,Ninguna,Oscuro sin iluminacion,Despejado,No,NO APLICA,2,23,2,34,1,02/07/2022,1
1,Alabama,10435,0,0,2,0,85,LOWNDES (85),0,NO APLICA,7,Julio,2,2022,2,50,I-65,1,Interestatal,Rural,Interestatal,State Highway Agency,1,Sin jurisdiccion especial,1525,32.12626111,-86.44940556,Vehiculo en movimiento,Frente a Detrás,Not an Intersection,No fue interseccion,Sobre calle,Ninguna,Oscuro sin iluminacion,Nublado,No,NO APLICA,3,19,3,46,1,02/07/2022,2
1,Alabama,10436,0,0,3,0,89,MADISON (89),1730,HUNTSVILLE,7,Julio,2,2022,6,29,I-565,1,Interestatal,Urbano,Interestatal,State Highway Agency,1,Sin jurisdiccion especial,79,34.66399167,-86.78145556,Vehiculo en movimiento,Frente a Detrás,Not an Intersection,No fue interseccion,Sobre calle,Ninguna,Dia total,Despejado,No,NO APLICA,6,29,7,0,1,02/07/2022,10
1,Alabama,10437,0,0,1,0,73,JEFFERSON (73),350,BIRMINGHAM,7,Julio,3,2022,1,20,WENONAH RD,6,Calle Local Municipalidad,Urbano,Arteria Menor,City or Municipal Highway Agency,0,Sin jurisdiccion especial,14,33.442125,-86.89051389,Arbol,El primer evento no fue una colision con un vehiculo automotor en transporte,Not an Intersection,No fue interseccion,Sobre el lado de la calle,Ninguna,Oscuro con iluminacion,Despejado,No,NO APLICA,1,24,1,44,1,03/07/2022,1
1,Alabama,10438,0,0,3,0,125,TUSCALOOSA (125),0,NO APLICA,7,Julio,3,2022,3,40,I-59,1,Interestatal,Rural,Interestatal,State Highway Agency,1,Sin jurisdiccion especial,845,33.18801944,-87.32993333,Vehiculo en movimiento,Frente a frente,Not an Intersection,No fue interseccion,Sobre calle,Ninguna,Oscuro sin iluminacion,Despejado,No,NO APLICA,99,99,4,35,2,03/07/2022,6