Estado,Nombre de Estado,Numero de Caso,Peatones,Personas _no_vehiculos,Vehiculos automotores,Vehiculos estacionados,Condado,Nombre Condado,Ciudad,Nombre Ciudad,Mes,Nombre Mes,Dia,Año,Hora,Minuto,Calle,Ruta,Nombre Ruta,Rural o Urbanoo,Sistema Funcional,Dueño Calle,Sistema Nacional Carreteras,Jurisdiccion Especial,Milla,Latitud,Longitud,Causa del Accidente,Tipo de Accidente,Tipo Interseccion,Columna1,Lugar en la calle,Zona de Trabajo,Luz,Clima,Autobus Escolar,Cruce de Trenes,Hora Notificacion,Minuto Notificacion,Hora Llegada,Minuto Llegada,Decesos,Fecha,PersonaVehiculo
1,Alabama,10439,0,0,1,0,31,COFFEE (31),1030,ENTERPRISE,7,Julio,3,2022,7,10,COPPINVILLE RD,6,Calle Local Municipalidad,Urbano,Colector Mayor,City or Municipal Highway Agency,0,Sin jurisdiccion especial,0,31.31125556,-85.81835556,Arbol,El primer evento no fue una colision con un vehiculo automotor en transporte,Not an Intersection,No fue interseccion,Sobre el lado de la calle,Ninguna,Dia total,Despejado,No,NO APLICA,7,12,7,18,1,03/07/2022,1
1,Alabama,10440,0,0,1,0,71,JACKSON (71),480,BRIDGEPORT,7,Julio,3,2022,16,0,US-72 SR-2,2,US Highway,Rural,Arteria Principal,State Highway Agency,1,Sin jurisdiccion especial,1660,34.88742778,-85.81085833,Culvert,El primer evento no fue una colision con un vehiculo automotor en transporte,Not an Intersection,No fue interseccion,Sobre el lado de la calle,Ninguna,Dia total,lluvia,No,NO APLICA,16,0,16,10,1,03/07/2022,2
1,Alabama,10441,0,0,1,0,15,CALHOUN (15),0,NO APLICA,7,Julio,3,2022,3,30,CR-ROY WEBB RD,4,Calle del Condado,Urbano,Colector Mayor,County Highway Agency,0,Sin jurisdiccion especial,0,33.84524444,-85.75865833,Buzon de correo,El primer evento no fue una colision con un vehiculo automotor en transporte,Not an Intersection,No fue interseccion,Sobre el lado de la calle,Ninguna,Oscuro sin iluminacion,Despejado,No,NO APLICA,3,30,3,35,1,03/07/2022,2
1,Alabama,10442,0,0,2,0,89,MADISON (89),1730,HUNTSVILLE,7,Julio,3,2022,20,26,MASTIN LAKE RD,6,Calle Local Municipalidad,Urbano,Colector Mayor,City or Municipal Highway Agency,0,Sin jurisdiccion especial,0,34.77132778,-86.62113889,Vehiculo en movimiento,Frente a frente,Not an Intersection,No fue interseccion,Sobre calle,Ninguna,Oscuro con iluminacion,lluvia,No,NO APLICA,20,26,20,38,1,03/07/2022,4
1,Alabama,10443,0,0,1,0,89,MADISON (89),1730,HUNTSVILLE,7,Julio,5,2022,18,42,DRAKE AVE SW,6,Calle Local Municipalidad,Urbano,Colector Mayor,City or Municipal Highway Agency,0,Sin jurisdiccion especial,0,34.70314722,-86.59883611,Arbol,El primer evento no fue una colision con un vehiculo automotor en transporte,Not an Intersection,No fue interseccion,En el medio,Ninguna,Dia total,Despejado,No,NO APLICA,18,43,18,56,1,05/07/2022,1
1,Alabama,10444,0,0,1,0,97,MOBILE (97),2100,MOBILE,7,Julio,4,2022,22,43,PERIMETER RD,6,Calle Local Municipalidad,Urbano,Local,City or Municipal Highway Agency,0,Sin jurisdiccion especial,0,30.62901389,-88.08335833,Otro objeto (no fijo),El primer evento no fue una colision con un vehiculo automotor en transporte,T-Intersection,Interseccion de T,Sobre el lado de la calle,Ninguna,Oscuro con iluminacion,Nublado,No,NO APLICA,22,43,22,57,1,04/07/2022,1
1,Alabama,10445,1,1,2,1,53,ESCAMBIA (53),0,NO APLICA,7,Julio,3,2022,2,40,US-31 SR-3,2,US Highway,Rural,Arteria Menor,State Highway Agency,0,Sin jurisdiccion especial,460,31.02627778,-87.41406667,Vehiculo Aparcado,El primer evento no fue una colision con un vehiculo automotor en transporte,Not an Intersection,No fue interseccion,Sobre el lado de la calle,Ninguna,Oscuro sin iluminacion,Neblina o Humo,No,NO APLICA,2,47,3,0,1,03/07/2022,3
1,Alabama,10446,0,0,1,0,33,COLBERT (33),0,NO APLICA,7,Julio,7,2022,4,31,CR-40,4,Calle del Condado,Rural,Colector Mayor,County Highway Agency,0,Sin jurisdiccion especial,0,34.77473611,-87.44631111,Arbol,El primer evento no fue una colision con un vehiculo automotor en transporte,Not an Intersection,No fue interseccion,Sobre el lado de la calle,Ninguna,Oscuro sin iluminacion,Despejado,No,NO APLICA,4,31,4,48,1,07/07/2022,1
1,Alabama,10447,0,0,2,0,125,TUSCALOOSA (125),3050,TUSCALOOSA,7,Julio,5,2022,0,51,US-82 SR-6,2,US Highway,Urbano,Arteria Principal,State Highway Agency,1,Sin jurisdiccion especial,0,33.16651944,-87.52570833,Vehiculo en movimiento,Angulo,Four-Way Intersection,Interseccion de 4 direcciones,Sobre calle,Ninguna,Oscuro sin iluminacion,Despejado,No,NO APLICA,0,51,0,56,1,05/07/2022,3
1,Alabama,10448,0,0,1,0,99,MONROE (99),0,NO APLICA,7,Julio,7,2022,16,30,SR-47,3,Highway estatal,Rural,Colector Mayor,State Highway Agency,0,Sin jurisdiccion especial,378,31.77688056,-86.99401111,Arbol,El primer evento no fue una colision con un vehiculo automotor en transporte,Not an Intersection,No fue interseccion,Sobre el lado de la calle,Ninguna,Dia total,Despejado,No,NO APLICA,88,88,88,88,1,07/07/2022,1
1,Alabama,10449,0,0,2,0,3,BALDWIN (3),0,NO APLICA,7,Julio,7,2022,6,59,US-90 SR-16,2,US Highway,Rural,Arteria Menor,State Highway Agency,0,Sin jurisdiccion especial,671,30.56773056,-87.61124722,Vehiculo en movimiento,Frente a frente,Not an Intersection,No fue interseccion,Sobre calle,Ninguna,Dia total,Despejado,No,NO APLICA,7,2,7,25,1,07/07/2022,2
1,Alabama,10450,0,0,1,0,125,TUSCALOOSA (125),0,NO APLICA,7,Julio,7,2022,5,35,I-59,1,Interestatal,Rural,Interestatal,State Highway Agency,1,Sin jurisdiccion especial,925,33.21280556,-87.20031667,Zanja,El primer evento no fue una colision con un vehiculo automotor en transporte,Not an Intersection,No fue interseccion,Sobre el lado de la calle,Ninguna,Amanecer,Despejado,No,NO APLICA,5,42,6,5,1,07/07/2022,1
1,Alabama,10451,0,0,2,0,19,CHEROKEE (19),0,NO APLICA,7,Julio,7,2022,13,12,SR-68,3,Highway estatal,Rural,Arteria Menor,State Highway Agency,0,Sin jurisdiccion especial,450,34.25984167,-85.57941667,Vehiculo en movimiento,Frente a Detrás,T-Intersection,Interseccion de T,Sobre calle,Ninguna,Dia total,Despejado,No,NO APLICA,13,20,13,32,1,07/07/2022,3
1,Alabama,10452,0,0,1,0,73,JEFFERSON (73),350,BIRMINGHAM,7,Julio,7,2022,19,25,DECATUR HWY,6,Calle Local Municipalidad,Urbano,Arteria Menor,State Highway Agency,0,Sin jurisdiccion especial,2767,33.55886389,-86.82046389,Banqueta,El primer evento no fue una colision con un vehiculo automotor en transporte,Not an Intersection,No fue interseccion,Sobre el lado de la calle,Ninguna,Atardecer,Despejado,No,NO APLICA,19,29,19,45,1,07/07/2022,4
1,Alabama,10453,1,1,1,0,55,ETOWAH (55),2719,SARDIS CITY,7,Julio,8,2022,0,0,US-431 SR-1,2,US Highway,Urbano,Arteria Principal,State Highway Agency,1,Sin jurisdiccion especial,2790,34.18293611,-86.14441111,Ciclista,El primer evento no fue una colision con un vehiculo automotor en transporte,Not an Intersection,No fue interseccion,Sobre calle,Ninguna,Oscuro con iluminacion,Despejado,No,NO APLICA,2,12,2,13,1,08/07/2022,3
1,Alabama,10454,0,0,1,0,79,LAWRENCE (79),0,NO APLICA,7,Julio,8,2022,21,30,CR-28,4,Calle del Condado,Rural,Colector Mayor,County Highway Agency,0,Sin jurisdiccion especial,0,34.45861944,-87.43696667,Zanja,El primer evento no fue una colision con un vehiculo automotor en transporte,Not an Intersection,No fue interseccion,Sobre el lado de la calle,Ninguna,Oscuro sin iluminacion,Despejado,No,NO APLICA,21,30,21,44,1,08/07/2022,1
1,Alabama,10455,0,0,1,0,85,LOWNDES (85),0,NO APLICA,7,Julio,8,2022,23,35,CR-OLD SELMA RD,4,Calle del Condado,Rural,Colector Mayor,County Highway Agency,0,Sin jurisdiccion especial,0,32.33000278,-86.5356,Arbol,El primer evento no fue una colision con un vehiculo automotor en transporte,Not an Intersection,No fue interseccion,Sobre el lado de la calle,Ninguna,Oscuro sin iluminacion,Nublado,No,NO APLICA,23,46,0,12,1,08/07/2022,3
1,Alabama,10456,0,0,1,0,99,MONROE (99),0,NO APLICA,7,Julio,8,2022,14,50,CR-REED RD,4,Calle del Condado,Rural,Local,County Highway Agency,0,Sin jurisdiccion especial,0,31.44038611,-87.29372778,Volcadura,El primer evento no fue una colision con un vehiculo automotor en transporte,T-Intersection,Interseccion de T,Sobre el lado de la calle,Ninguna,Dia total,Despejado,No,NO APLICA,14,51,14,58,1,08/07/2022,4
1,Alabama,10457,0,0,2,0,97,MOBILE (97),2100,MOBILE,7,Julio,9,2022,1,10,PAPERMILL RD,6,Calle Local Municipalidad,Urbano,Arteria Menor,City or Municipal Highway Agency,0,Sin jurisdiccion especial,0,30.741375,-88.05844722,Vehiculo en movimiento,Angulo,Four-Way Intersection,Interseccion de 4 direcciones,Sobre calle,Ninguna,Oscuro con iluminacion,Despejado,No,NO APLICA,1,12,1,23,1,09/07/2022,3
1,Alabama,10458,0,0,2,0,73,JEFFERSON (73),350,BIRMINGHAM,7,Julio,9,2022,14,0,I-59,1,Interestatal,Urbano,Interestatal,State Highway Agency,1,Sin jurisdiccion especial,1300,33.54451111,-86.75893889,Vehiculo en movimiento,Golpe Lateral - misma direccion,Not an Intersection,No fue interseccion,Sobre calle,Ninguna,Dia total,Despejado,No,NO APLICA,13,59,14,10,1,09/07/2022,2
1,Alabama,10459,0,0,1,0,123,TALLAPOOSA (123),0,NO APLICA,7,Julio,9,2022,14,13,CR-OLD PROVIDENCE RD,4,Calle del Condado,Rural,Colector Mayor,County Highway Agency,0,Sin jurisdiccion especial,0,33.09719722,-85.92146944,Arbol,El primer evento no fue una colision con un vehiculo automotor en transporte,Not an Intersection,No fue interseccion,Sobre el lado de la calle,Ninguna,Dia total,Nublado,No,NO APLICA,99,99,99,99,1,09/07/2022,1
1,Alabama,10460,0,0,2,0,125,TUSCALOOSA (125),0,NO APLICA,7,Julio,9,2022,20,1,I-59,1,Interestatal,Rural,Interestatal,State Highway Agency,1,Sin jurisdiccion especial,863,33.18859722,-87.29949167,Vehiculo en movimiento,Frente a Detrás,Not an Intersection,No fue interseccion,Sobre calle,Ninguna,Oscuro sin iluminacion,lluvia,No,NO APLICA,20,3,20,21,1,09/07/2022,4
1,Alabama,10461,0,0,1,0,43,CULLMAN (43),0,NO APLICA,7,Julio,9,2022,0,5,CR-565,4,Calle del Condado,Rural,Colector Mayor,County Highway Agency,0,Sin jurisdiccion especial,0,34.04926667,-86.83598333,Volcadura,El primer evento no fue una colision con un vehiculo automotor en transporte,Not an Intersection,No fue interseccion,Sobre el lado de la calle,Ninguna,Oscuro sin iluminacion,Despejado,No,NO APLICA,99,99,99,99,1,09/07/2022,1
1,Alabama,10462,0,0,2,0,77,LAUDERDALE (77),0,NO APLICA,7,Julio,10,2022,18,20,CR-8,4,Calle del Condado,Rural,Colector Mayor,County Highway Agency,0,Sin jurisdiccion especial,0,34.93185,-87.78476667,Vehiculo en movimiento,Frente a Detrás,Not an Intersection,No fue interseccion,Sobre calle,Ninguna,Dia total,Despejado,No,NO APLICA,18,20,18,30,1,10/07/2022,2
1,Alabama,10463,0,0,1,0,19,CHEROKEE (19),0,NO APLICA,7,Julio,10,2022,18,20,CR-22,4,Calle del Condado,Rural,Colector Mayor,County Highway Agency,0,Sin jurisdiccion especial,0,34.18128333,-85.52413889,Culvert,El primer evento no fue una colision con un vehiculo automotor en transporte,Not an Intersection,No fue interseccion,Sobre el lado de la calle,Ninguna,Dia total,Nublado,No,NO APLICA,18,20,18,40,1,10/07/2022,1
1,Alabama,10464,0,0,1,0,127,WALKER (127),0,NO APLICA,7,Julio,11,2022,1,52,SR-269,3,Highway estatal,Rural,Colector Mayor,State Highway Agency,0,Sin jurisdiccion especial,317,33.69588611,-87.25388611,Culvert,El primer evento no fue una colision con un vehiculo automotor en transporte,Not an Intersection,No fue interseccion,Sobre el lado de la calle,Ninguna,Oscuro sin iluminacion,Despejado,No,NO APLICA,1,59,2,19,1,11/07/2022,1
1,Alabama,10465,2,3,2,1,81,LEE (81),2340,OPELIKA,7,Julio,11,2022,15,35,SR-51,3,Highway estatal,Urbano,Arteria Menor,State Highway Agency,0,Sin jurisdiccion especial,0,32.61624167,-85.37141944,Vehiculo Funcionando,El primer evento no fue una colision con un vehiculo automotor en transporte,Not an Intersection,No fue interseccion,Sobre calle,Construccion,Dia total,Despejado,No,NO APLICA,15,41,15,47,1,11/07/2022,1
1,Alabama,10466,1,1,1,0,95,MARSHALL (95),50,ALBERTVILLE,7,Julio,11,2022,1,56,US-431 SR-1,2,US Highway,Urbano,Arteria Principal,State Highway Agency,1,Sin jurisdiccion especial,2840,34.2654,-86.19198056,Peaton,El primer evento no fue una colision con un vehiculo automotor en transporte,Not an Intersection,No fue interseccion,Sobre calle,Ninguna,Oscuro sin iluminacion,Despejado,No,NO APLICA,99,99,2,7,1,11/07/2022,1
1,Alabama,10467,0,0,3,0,55,ETOWAH (55),1280,GADSDEN,7,Julio,11,2022,13,39,SR-211,3,Highway estatal,Urbano,Arteria Menor,State Highway Agency,0,Sin jurisdiccion especial,14,34.03778611,-86.022075,Volcadura,El primer evento no fue una colision con un vehiculo automotor en transporte,Not an Intersection,No fue interseccion,Sobre calle,Ninguna,Dia total,Despejado,No,NO APLICA,13,42,13,48,1,11/07/2022,3
1,Alabama,10468,1,1,1,0,121,TALLADEGA (121),1870,LINCOLN,7,Julio,12,2022,8,1,SPEEDWAY BLVD,6,Calle Local Municipalidad,Rural,Colector Mayor,City or Municipal Highway Agency,0,Sin jurisdiccion especial,0,33.58135278,-86.10919444,Ciclista,El primer evento no fue una colision con un vehiculo automotor en transporte,Not an Intersection,No fue interseccion,Sobre calle,Ninguna,Dia total,Despejado,No,NO APLICA,8,1,8,7,1,12/07/2022,1
1,Alabama,10469,0,0,1,0,125,TUSCALOOSA (125),3050,TUSCALOOSA,7,Julio,13,2022,0,32,QUEEN CITY AVE,6,Calle Local Municipalidad,Urbano,Colector Mayor,City or Municipal Highway Agency,0,Sin jurisdiccion especial,0,33.19850278,-87.5604,Vehiculo Ferrocarril,El primer evento no fue una colision con un vehiculo automotor en transporte,Not an Intersection,No fue interseccion,Sobre calle,Ninguna,Oscuro con iluminacion,Despejado,No,306359C,0,32,0,35,1,13/07/2022,1
1,Alabama,10470,1,1,1,0,55,ETOWAH (55),1280,GADSDEN,7,Julio,13,2022,17,53,MADISON AVE,6,Calle Local Municipalidad,Urbano,Local,City or Municipal Highway Agency,0,Sin jurisdiccion especial,0,34.01729167,-86.06753889,Ciclista,El primer evento no fue una colision con un vehiculo automotor en transporte,Four-Way Intersection,Interseccion de 4 direcciones,Sobre calle,Ninguna,Dia total,Despejado,No,NO APLICA,17,58,18,4,1,13/07/2022,1
1,Alabama,10471,0,0,2,0,73,JEFFERSON (73),350,BIRMINGHAM,7,Julio,13,2022,23,50,US-280 SR-38,2,US Highway,Urbano,Arteria Principal,State Highway Agency,1,Sin jurisdiccion especial,14,33.43850556,-86.72385833,Vehiculo en movimiento,Angulo,Four-Way Intersection,Interseccion de 4 direcciones,Sobre calle,Ninguna,Oscuro con iluminacion,Despejado,No,NO APLICA,23,50,0,8,1,13/07/2022,3
1,Alabama,10472,0,0,1,0,87,MACON (87),0,NO APLICA,7,Julio,14,2022,19,36,US-29 SR-15,2,US Highway,Rural,Arteria Menor,State Highway Agency,0,Sin jurisdiccion especial,1599,32.36564722,-85.65853889,Zanja,El primer evento no fue una colision con un vehiculo automotor en transporte,Not an Intersection,No fue interseccion,Sobre el lado de la calle,Ninguna,Atardecer,Nublado,No,NO APLICA,19,34,19,46,1,14/07/2022,3
1,Alabama,10473,0,0,2,0,83,LIMESTONE (83),0,NO APLICA,7,Julio,14,2022,14,15,CR-BETHEL RD,4,Calle del Condado,Rural,Colector Menor,County Highway Agency,0,Sin jurisdiccion especial,0,34.93335278,-86.79808056,Vehiculo en movimiento,Angulo,Four-Way Intersection,Interseccion de 4 direcciones,Sobre calle,Ninguna,Dia total,Despejado,No,NO APLICA,14,15,14,19,1,14/07/2022,3
1,Alabama,10474,0,0,1,0,15,CALHOUN (15),0,NO APLICA,7,Julio,14,2022,14,26,I-20,1,Interestatal,Rural,Interestatal,State Highway Agency,1,Sin jurisdiccion especial,1936,33.61632778,-85.69358889,Zanja,El primer evento no fue una colision con un vehiculo automotor en transporte,Not an Intersection,No fue interseccion,Sobre el lado de la calle,Ninguna,Dia total,Despejado,No,NO APLICA,14,30,14,47,1,14/07/2022,1
1,Alabama,10475,1,1,2,1,71,JACKSON (71),2720,SCOTTSBORO,7,Julio,14,2022,8,49,S HOUSTON ST,6,Calle Local Municipalidad,Urbano,Local,City or Municipal Highway Agency,0,Sin jurisdiccion especial,0,34.67038056,-86.03730556,Vehiculo Aparcado,El primer evento no fue una colision con un vehiculo automotor en transporte,Not an Intersection,No fue interseccion,En estacionamiento,Ninguna,Dia total,Despejado,No,NO APLICA,8,51,8,56,1,14/07/2022,1
1,Alabama,10476,0,0,1,0,19,CHEROKEE (19),0,NO APLICA,7,Julio,16,2022,21,20,CR-19,4,Calle del Condado,Rural,Colector Mayor,County Highway Agency,0,Sin jurisdiccion especial,0,33.98699444,-85.71124444,Zanja,El primer evento no fue una colision con un vehiculo automotor en transporte,Not an Intersection,No fue interseccion,Sobre el lado de la calle,Ninguna,Oscuro sin iluminacion,Despejado,No,NO APLICA,21,20,21,35,1,16/07/2022,4
1,Alabama,10477,1,1,1,0,33,COLBERT (33),0,NO APLICA,7,Julio,20,2022,20,35,CR-RIVER RD,4,Calle del Condado,Rural,Arteria Menor,County Highway Agency,0,Sin jurisdiccion especial,0,34.78708056,-87.58293333,Peaton,El primer evento no fue una colision con un vehiculo automotor en transporte,Not an Intersection,No fue interseccion,Sobre calle,Ninguna,Oscuro sin iluminacion,Despejado,No,NO APLICA,20,35,20,45,1,20/07/2022,1
1,Alabama,10478,0,0,2,0,117,SHELBY (117),530,CALERA,7,Julio,20,2022,7,49,SR-70,3,Highway estatal,Urbano,Arteria Menor,State Highway Agency,0,Sin jurisdiccion especial,30,33.15924444,-86.72259444,Vehiculo en movimiento,Angulo,T-Intersection,Interseccion de T,Sobre calle,Ninguna,Dia total,Despejado,No,NO APLICA,7,49,7,57,1,20/07/2022,2
1,Alabama,10479,0,0,1,0,19,CHEROKEE (19),0,NO APLICA,7,Julio,22,2022,9,22,CR-22,4,Calle del Condado,Rural,Colector Mayor,County Highway Agency,0,Sin jurisdiccion especial,0,34.13520278,-85.57170556,Zanja,El primer evento no fue una colision con un vehiculo automotor en transporte,Not an Intersection,No fue interseccion,Sobre el lado de la calle,Ninguna,Dia total,Despejado,No,NO APLICA,9,26,9,32,1,22/07/2022,1
1,Alabama,10480,0,0,1,0,21,CHILTON (21),0,NO APLICA,7,Julio,22,2022,16,40,CR-37,4,Calle del Condado,Rural,Colector Mayor,County Highway Agency,0,Sin jurisdiccion especial,0,32.74724444,-86.71897778,Zanja,El primer evento no fue una colision con un vehiculo automotor en transporte,Not an Intersection,No fue interseccion,Sobre el lado de la calle,Ninguna,Dia total,Despejado,No,NO APLICA,16,39,16,49,1,22/07/2022,1
1,Alabama,10481,0,0,3,0,83,LIMESTONE (83),0,NO APLICA,7,Julio,21,2022,18,7,US-72 SR-2,2,US Highway,Rural,Arteria Principal,State Highway Agency,1,Sin jurisdiccion especial,826,34.76358611,-86.85927222,Vehiculo en movimiento,Angulo,Four-Way Intersection,Interseccion de 4 direcciones,Sobre calle,Ninguna,Dia total,Despejado,No,NO APLICA,18,7,18,30,1,21/07/2022,5
1,Alabama,10482,0,0,4,0,97,MOBILE (97),0,NO APLICA,7,Julio,20,2022,12,50,I-65,1,Interestatal,Urbano,Interestatal,State Highway Agency,1,Sin jurisdiccion especial,208,30.88645833,-88.02936944,Vehiculo en movimiento,Frente a Detrás,Not an Intersection,No fue interseccion,Sobre calle,Ninguna,Dia total,Nublado,No,NO APLICA,99,99,13,12,2,20/07/2022,7
1,Alabama,10483,0,0,2,0,79,LAWRENCE (79),0,NO APLICA,7,Julio,23,2022,17,30,SR-33,3,Highway estatal,Rural,Colector Mayor,State Highway Agency,0,Sin jurisdiccion especial,206,34.41363056,-87.30894167,Vehiculo en movimiento,Frente a frente,Not an Intersection,No fue interseccion,Sobre calle,Ninguna,Dia total,Despejado,No,NO APLICA,17,33,17,47,1,23/07/2022,2
1,Alabama,10484,0,0,1,0,23,CHOCTAW (23),0,NO APLICA,7,Julio,24,2022,22,15,CR-14,4,Calle del Condado,Rural,Colector Mayor,County Highway Agency,0,Sin jurisdiccion especial,0,31.84175833,-88.22741667,Arbol,El primer evento no fue una colision con un vehiculo automotor en transporte,Not an Intersection,No fue interseccion,Sobre el lado de la calle,Ninguna,Oscuro sin iluminacion,Despejado,No,NO APLICA,99,99,0,50,1,24/07/2022,1
1,Alabama,10485,0,0,1,0,95,MARSHALL (95),50,ALBERTVILLE,7,Julio,24,2022,23,17,NELSON RD,6,Calle Local Municipalidad,Urbano,Local,City or Municipal Highway Agency,0,Sin jurisdiccion especial,0,34.27991667,-86.23811667,Arbol,El primer evento no fue una colision con un vehiculo automotor en transporte,Y-Intersection,Interseccion de Y,Sobre el lado de la calle,Ninguna,Oscuro sin iluminacion,Despejado,No,NO APLICA,23,17,23,23,1,24/07/2022,1
1,Alabama,10486,0,0,1,0,73,JEFFERSON (73),350,BIRMINGHAM,7,Julio,24,2022,14,22,I-59,1,Interestatal,Urbano,Interestatal,State Highway Agency,1,Sin jurisdiccion especial,1210,33.51046389,-86.87810556,Valla Ferrocarril,El primer evento no fue una colision con un vehiculo automotor en transporte,Not an Intersection,No fue interseccion,Sobre el lado de la calle,Ninguna,Dia total,Despejado,No,NO APLICA,14,22,14,38,1,24/07/2022,1
1,Alabama,10487,0,0,2,0,103,MORGAN (103),0,NO APLICA,7,Julio,24,2022,20,30,US-231 SR-53,2,US Highway,Rural,Arteria Principal,State Highway Agency,1,Sin jurisdiccion especial,3004,34.500775,-86.60116944,Vehiculo en movimiento,Angulo,Four-Way Intersection,Interseccion de 4 direcciones,Sobre calle,Ninguna,Oscuro sin iluminacion,Despejado,No,NO APLICA,20,34,21,0,1,24/07/2022,2
1,Alabama,10488,0,0,1,0,87,MACON (87),0,NO APLICA,7,Julio,24,2022,2,30,US-29 SR-15,2,US Highway,Rural,Colector Mayor,State Highway Agency,0,Sin jurisdiccion especial,1730,32.47906944,-85.56277778,Culvert,El primer evento no fue una colision con un vehiculo automotor en transporte,Not an Intersection,No fue interseccion,Sobre el lado de la calle,Ninguna,Oscuro sin iluminacion,Despejado,No,NO APLICA,99,99,6,20,1,24/07/2022,1
1,Alabama,10489,0,0,2,0,73,JEFFERSON (73),0,NO APLICA,7,Julio,25,2022,1,24,US-11 SR-7,2,US Highway,Urbano,Arteria Principal,State Highway Agency,0,Sin jurisdiccion especial,1491,33.61794444,-86.61387222,Vehiculo en movimiento,Frente a frente,Not an Intersection,No fue interseccion,Sobre calle,Ninguna,Oscuro sin iluminacion,Despejado,No,NO APLICA,1,24,1,29,1,25/07/2022,3
1,Alabama,10490,0,0,5,0,101,MONTGOMERY (101),2130,MONTGOMERY,7,Julio,25,2022,10,54,VAUGHN RD,6,Calle Local Municipalidad,Urbano,Arteria Principal,City or Municipal Highway Agency,0,Sin jurisdiccion especial,0,32.34156944,-86.21133889,Vehiculo en movimiento,No reportado,Not an Intersection,No fue interseccion,Sobre calle,Ninguna,Dia total,Despejado,No,NO APLICA,10,56,11,10,1,25/07/2022,8
1,Alabama,10491,0,0,1,0,55,ETOWAH (55),0,NO APLICA,7,Julio,25,2022,19,11,I-59,1,Interestatal,Urbano,Interestatal,State Highway Agency,1,Sin jurisdiccion especial,1868,34.05955278,-86.03648333,Arbol,El primer evento no fue una colision con un vehiculo automotor en transporte,Not an Intersection,No fue interseccion,Sobre el lado de la calle,Ninguna,Dia total,Despejado,No,NO APLICA,19,7,19,17,1,25/07/2022,2
1,Alabama,10492,0,0,2,0,55,ETOWAH (55),0,NO APLICA,7,Julio,26,2022,20,37,I-59,1,Interestatal,Rural,Interestatal,State Highway Agency,1,Sin jurisdiccion especial,1768,33.95441667,-86.14239444,Vehiculo en movimiento,Frente a Detrás,Not an Intersection,No fue interseccion,Sobre calle,Ninguna,Oscuro sin iluminacion,Despejado,No,NO APLICA,20,37,20,47,1,26/07/2022,2
1,Alabama,10493,0,0,1,0,127,WALKER (127),0,NO APLICA,7,Julio,28,2022,19,57,CR-BARNEY LOOP,4,Calle del Condado,Rural,Local,County Highway Agency,0,Sin jurisdiccion especial,0,33.72855,-87.15045,Arbol,El primer evento no fue una colision con un vehiculo automotor en transporte,Not an Intersection,No fue interseccion,Sobre el lado de la calle,Ninguna,Oscuro sin iluminacion,Despejado,No,NO APLICA,19,59,20,35,1,28/07/2022,1
1,Alabama,10494,0,0,1,0,55,ETOWAH (55),0,NO APLICA,7,Julio,28,2022,18,20,CR-OLD GALLANT RD,4,Calle del Condado,Rural,Local,County Highway Agency,0,Sin jurisdiccion especial,0,34.01959167,-86.203625,Arbol,El primer evento no fue una colision con un vehiculo automotor en transporte,Not an Intersection,No fue interseccion,Sobre el lado de la calle,Ninguna,Dia total,Despejado,No,NO APLICA,18,27,18,37,1,28/07/2022,1
1,Alabama,10495,0,0,1,0,67,HENRY (67),0,NO APLICA,7,Julio,29,2022,5,20,US-431 SR-1,2,US Highway,Rural,Arteria Principal,State Highway Agency,1,Sin jurisdiccion especial,466,31.64971389,-85.28068056,Arbol,El primer evento no fue una colision con un vehiculo automotor en transporte,Not an Intersection,No fue interseccion,Sobre el lado de la calle,Ninguna,Amanecer,Neblina o Humo,No,NO APLICA,5,19,5,31,1,29/07/2022,1
1,Alabama,10496,0,0,2,0,125,TUSCALOOSA (125),0,NO APLICA,7,Julio,29,2022,22,0,CR-140,4,Calle del Condado,Rural,Colector Mayor,County Highway Agency,0,Sin jurisdiccion especial,0,33.25712778,-87.75293056,Vehiculo en movimiento,Frente a frente,T-Intersection,Interseccion de T,Sobre calle,Ninguna,Oscuro sin iluminacion,Nublado,No,NO APLICA,22,7,22,25,1,29/07/2022,3
1,Alabama,10497,0,0,2,0,97,MOBILE (97),0,NO APLICA,7,Julio,21,2022,14,59,US-98 SR-42,2,US Highway,Rural,Arteria Principal,State Highway Agency,1,Sin jurisdiccion especial,42,30.82561667,-88.36855278,Vehiculo en movimiento,Frente a frente,Not an Intersection,No fue interseccion,Sobre calle,Ninguna,Dia total,Despejado,No,NO APLICA,15,5,15,30,1,21/07/2022,2
1,Alabama,10498,0,0,3,0,17,CHAMBERS (17),0,NO APLICA,7,Julio,29,2022,8,10,CR-388,4,Calle del Condado,Rural,Colector Mayor,County Highway Agency,0,Sin jurisdiccion especial,0,32.74529722,-85.27579167,Vehiculo en movimiento,Angulo,T-Intersection,Interseccion de T,Sobre calle,Ninguna,Dia total,Despejado,No,NO APLICA,8,10,8,26,1,29/07/2022,3
1,Alabama,10499,0,0,1,0,115,ST. CLAIR (115),0,NO APLICA,7,Julio,29,2022,22,30,CR-CHANDLER MOUNTAIN RD,4,Calle del Condado,Rural,Local,County Highway Agency,0,Sin jurisdiccion especial,0,33.93519444,-86.20704722,Poste,El primer evento no fue una colision con un vehiculo automotor en transporte,Not an Intersection,No fue interseccion,Sobre el lado de la calle,Ninguna,Oscuro sin iluminacion,lluvia,No,NO APLICA,22,18,22,40,1,29/07/2022,1
1,Alabama,10500,0,0,2,0,21,CHILTON (21),700,CLANTON,7,Julio,30,2022,13,46,US-31 SR-3,2,US Highway,Urbano,Arteria Menor,State Highway Agency,0,Sin jurisdiccion especial,2244,32.87264444,-86.65243333,Vehiculo en movimiento,Angulo,Not an Intersection,No fue interseccion,Sobre calle,Ninguna,Dia total,Despejado,No,NO APLICA,13,46,13,59,1,30/07/2022,2