Estado,Nombre de Estado,Numero de Caso,Peatones,Personas _no_vehiculos,Vehiculos automotores,Vehiculos estacionados,Condado,Nombre Condado,Ciudad,Nombre Ciudad,Mes,Nombre Mes,Dia,Año,Hora,Minuto,Calle,Ruta,Nombre Ruta,Rural o Urbanoo,Sistema Funcional,Dueño Calle,Sistema Nacional Carreteras,Jurisdiccion Especial,Milla,Latitud,Longitud,Causa del Accidente,Tipo de Accidente,Tipo Interseccion,Columna1,Lugar en la calle,Zona de Trabajo,Luz,Clima,Autobus Escolar,Cruce de Trenes,Hora Notificacion,Minuto Notificacion,Hora Llegada,Minuto Llegada,Decesos,Fecha,PersonaVehiculo
1,Alabama,10501,0,0,1,0,89,MADISON (89),1730,HUNTSVILLE,7,Julio,31,2022,21,4,ADVENTIST BLVD NW,6,Calle Local Municipalidad,Urbano,Colector Mayor,City or Municipal Highway Agency,0,Sin jurisdiccion especial,0,34.75213889,-86.64644167,Arbol,El primer evento no fue una colision con un vehiculo automotor en transporte,Not an Intersection,No fue interseccion,Sobre el lado de la calle,Ninguna,Oscuro con iluminacion,Nublado,No,NO APLICA,21,4,21,15,1,31/07/2022,2
1,Alabama,10502,0,0,3,0,49,DEKALB (49),0,NO APLICA,7,Julio,31,2022,10,6,SR-35,3,Highway estatal,Rural,Arteria Principal,State Highway Agency,1,Sin jurisdiccion especial,146,34.39777778,-85.63460833,Vehiculo en movimiento,Frente a Detrás,Not an Intersection,No fue interseccion,Sobre calle,Ninguna,Dia total,Despejado,No,NO APLICA,10,6,10,9,1,31/07/2022,3
1,Alabama,10503,0,0,1,0,109,PIKE (109),0,NO APLICA,7,Julio,31,2022,22,30,SR-87,3,Highway estatal,Rural,Arteria Menor,State Highway Agency,0,Sin jurisdiccion especial,554,31.69885556,-85.95908333,Arbol,El primer evento no fue una colision con un vehiculo automotor en transporte,Not an Intersection,No fue interseccion,Sobre el lado de la calle,Ninguna,Oscuro sin iluminacion,Despejado,No,NO APLICA,22,34,22,47,1,31/07/2022,1
1,Alabama,10504,0,0,1,0,55,ETOWAH (55),190,ATTALLA,7,Julio,31,2022,1,59,SR-77,3,Highway estatal,Urbano,Arteria Principal,State Highway Agency,1,Sin jurisdiccion especial,1080,33.99693889,-86.09730278,Zanja,El primer evento no fue una colision con un vehiculo automotor en transporte,Not an Intersection,No fue interseccion,Sobre el lado de la calle,Ninguna,Oscuro con iluminacion,Nublado,No,NO APLICA,2,3,2,8,1,31/07/2022,1
1,Alabama,10505,0,0,1,0,101,MONTGOMERY (101),2130,MONTGOMERY,7,Julio,31,2022,23,29,CAPWOOD CURV,6,Calle Local Municipalidad,Urbano,Local,City or Municipal Highway Agency,0,Sin jurisdiccion especial,0,32.31278056,-86.24273889,Poste,El primer evento no fue una colision con un vehiculo automotor en transporte,Not an Intersection,No fue interseccion,Sobre el lado de la calle,Ninguna,Oscuro con iluminacion,Despejado,No,NO APLICA,23,29,23,31,1,31/07/2022,1
1,Alabama,10506,0,1,2,1,3,BALDWIN (3),0,NO APLICA,8,Agosto,1,2022,13,25,I-10 ENTRANCE RAMP,1,Interestatal,Rural,Interestatal,State Highway Agency,1,Sin jurisdiccion especial,499,30.62846667,-87.61204722,Vehiculo Aparcado,El primer evento no fue una colision con un vehiculo automotor en transporte,Not an Intersection,No fue interseccion,Sobre Acotamiento,Ninguna,Dia total,lluvia,No,NO APLICA,13,25,13,38,1,01/08/2022,1
1,Alabama,10507,1,1,1,0,73,JEFFERSON (73),350,BIRMINGHAM,8,Agosto,1,2022,1,30,3RD AVE W,6,Calle Local Municipalidad,Urbano,Arteria Principal,State Highway Agency,1,Sin jurisdiccion especial,0,33.50509167,-86.86260556,Peaton,El primer evento no fue una colision con un vehiculo automotor en transporte,Not an Intersection,No fue interseccion,Sobre calle,Ninguna,Oscuro sin iluminacion,Nublado,No,NO APLICA,1,32,1,39,1,01/08/2022,1
1,Alabama,10508,0,0,1,0,73,JEFFERSON (73),330,BESSEMER,8,Agosto,1,2022,18,9,I-59,1,Interestatal,Urbano,Interestatal,State Highway Agency,1,Sin jurisdiccion especial,1146,33.43219444,-86.95339167,Barrera de Cable,El primer evento no fue una colision con un vehiculo automotor en transporte,Not an Intersection,No fue interseccion,En el medio,Ninguna,Dia total,Nublado,No,NO APLICA,18,9,18,21,1,01/08/2022,1
1,Alabama,10509,0,0,1,0,43,CULLMAN (43),0,NO APLICA,8,Agosto,1,2022,1,21,CR-1669,4,Calle del Condado,Rural,Colector Mayor,County Highway Agency,0,Sin jurisdiccion especial,0,34.23502222,-86.67421944,Poste,El primer evento no fue una colision con un vehiculo automotor en transporte,Not an Intersection,No fue interseccion,Sobre el lado de la calle,Ninguna,Oscuro sin iluminacion,Nublado,No,NO APLICA,1,21,1,43,2,01/08/2022,2
1,Alabama,10510,1,1,1,0,73,JEFFERSON (73),0,NO APLICA,8,Agosto,2,2022,4,14,I-459,1,Interestatal,Urbano,Interestatal,State Highway Agency,1,Sin jurisdiccion especial,320,33.56707778,-86.63843611,Peaton,El primer evento no fue una colision con un vehiculo automotor en transporte,Not an Intersection,No fue interseccion,Sobre calle,Ninguna,Oscuro sin iluminacion,Nublado,No,NO APLICA,4,8,4,24,1,02/08/2022,1
1,Alabama,10511,1,1,1,0,97,MOBILE (97),0,NO APLICA,8,Agosto,2,2022,20,40,US-90 SR-16,2,US Highway,Urbano,Arteria Menor,State Highway Agency,0,Sin jurisdiccion especial,91,30.50303056,-88.25590833,Peaton,El primer evento no fue una colision con un vehiculo automotor en transporte,Not an Intersection,No fue interseccion,Sobre calle,Ninguna,Oscuro sin iluminacion,Despejado,No,NO APLICA,20,41,20,58,1,02/08/2022,1
1,Alabama,10512,0,0,1,0,73,JEFFERSON (73),350,BIRMINGHAM,8,Agosto,3,2022,13,48,I-59,1,Interestatal,Urbano,Interestatal,State Highway Agency,1,Sin jurisdiccion especial,1276,33.532775,-86.79839444,Barrera de Trafico de Concreto,El primer evento no fue una colision con un vehiculo automotor en transporte,Not an Intersection,No fue interseccion,En el medio,Ninguna,Dia total,Despejado,No,NO APLICA,13,48,14,3,1,03/08/2022,1
1,Alabama,10513,0,0,2,0,61,GENEVA (61),1340,GENEVA,8,Agosto,3,2022,13,59,SR-27,3,Highway estatal,Urbano,Colector Mayor,State Highway Agency,0,Sin jurisdiccion especial,0,31.03341667,-85.87593056,Vehiculo en movimiento,Frente a frente,Not an Intersection,No fue interseccion,Sobre calle,Construccion,Dia total,Despejado,No,NO APLICA,99,99,14,5,1,03/08/2022,3
1,Alabama,10514,1,1,1,0,49,DEKALB (49),0,NO APLICA,8,Agosto,4,2022,21,10,SR-176,3,Highway estatal,Rural,Colector Mayor,County Highway Agency,0,Sin jurisdiccion especial,95,34.35094444,-85.73689444,Peaton,El primer evento no fue una colision con un vehiculo automotor en transporte,Not an Intersection,No fue interseccion,Sobre calle,Ninguna,Oscuro sin iluminacion,Despejado,No,NO APLICA,21,15,21,27,1,04/08/2022,1
1,Alabama,10515,0,0,1,0,33,COLBERT (33),0,NO APLICA,8,Agosto,4,2022,20,0,CR-UNDERWOOD MOUNTAIN RD,4,Calle del Condado,Rural,Colector Mayor,County Highway Agency,0,Sin jurisdiccion especial,0,34.61667222,-87.75780556,Zanja,El primer evento no fue una colision con un vehiculo automotor en transporte,Not an Intersection,No fue interseccion,Sobre el lado de la calle,Ninguna,Oscuro sin iluminacion,Despejado,No,NO APLICA,20,0,20,35,1,04/08/2022,1
1,Alabama,10516,0,0,1,0,11,BULLOCK (11),0,NO APLICA,8,Agosto,4,2022,15,0,CR-7,4,Calle del Condado,Rural,Colector Mayor,County Highway Agency,0,Sin jurisdiccion especial,0,32.12996389,-85.89710833,Volcadura,El primer evento no fue una colision con un vehiculo automotor en transporte,Not an Intersection,No fue interseccion,Sobre calle,Ninguna,Dia total,Despejado,No,NO APLICA,15,18,15,55,1,04/08/2022,2
1,Alabama,10517,1,1,1,0,125,TUSCALOOSA (125),3050,TUSCALOOSA,8,Agosto,4,2022,18,52,JACK WARNER PKWY,6,Calle Local Municipalidad,Urbano,Arteria Menor,City or Municipal Highway Agency,0,Sin jurisdiccion especial,0,33.21888333,-87.54906667,Peaton,El primer evento no fue una colision con un vehiculo automotor en transporte,Not an Intersection,No fue interseccion,Sobre el lado de la calle,Ninguna,Dia total,Nublado,No,NO APLICA,18,53,18,59,1,04/08/2022,1
1,Alabama,10518,0,0,1,0,15,CALHOUN (15),0,NO APLICA,8,Agosto,5,2022,19,45,CR-FRIENDSHIP RD,4,Calle del Condado,Urbano,Arteria Menor,City or Municipal Highway Agency,0,Sin jurisdiccion especial,3,33.58691389,-85.76120556,Zanja,El primer evento no fue una colision con un vehiculo automotor en transporte,Not an Intersection,No fue interseccion,Sobre el lado de la calle,Ninguna,Oscuro sin iluminacion,Despejado,No,NO APLICA,19,53,19,55,1,05/08/2022,2
1,Alabama,10519,1,1,1,0,89,MADISON (89),1730,HUNTSVILLE,8,Agosto,6,2022,20,32,MASTIN LAKE RD,6,Calle Local Municipalidad,Urbano,Colector Mayor,City or Municipal Highway Agency,0,Sin jurisdiccion especial,55,34.77104444,-86.58949722,Peaton,El primer evento no fue una colision con un vehiculo automotor en transporte,T-Intersection,Interseccion de T,Sobre calle,Ninguna,Oscuro con iluminacion,lluvia,No,NO APLICA,20,32,20,38,1,06/08/2022,1
1,Alabama,10521,0,0,2,0,101,MONTGOMERY (101),0,NO APLICA,8,Agosto,6,2022,3,30,US-331 SR-9,2,US Highway,Rural,Arteria Principal,State Highway Agency,1,Sin jurisdiccion especial,760,31.99376111,-86.29231667,Vehiculo en movimiento,Frente a frente,Not an Intersection,No fue interseccion,Sobre calle,Ninguna,Oscuro sin iluminacion,Despejado,No,NO APLICA,3,30,3,55,1,06/08/2022,2
1,Alabama,10522,0,0,2,0,21,CHILTON (21),700,CLANTON,8,Agosto,6,2022,10,47,US-31 SR-3,2,US Highway,Urbano,Arteria Menor,State Highway Agency,0,Sin jurisdiccion especial,2250,32.85915,-86.64073333,Vehiculo en movimiento,Frente a frente,Four-Way Intersection,Interseccion de 4 direcciones,Sobre calle,Ninguna,Dia total,Despejado,No,NO APLICA,99,99,11,5,1,06/08/2022,2
1,Alabama,10523,0,0,1,0,49,DEKALB (49),0,NO APLICA,8,Agosto,6,2022,15,10,I-59,1,Interestatal,Urbano,Interestatal,State Highway Agency,1,Sin jurisdiccion especial,2157,34.40620556,-85.77867222,Arbol,El primer evento no fue una colision con un vehiculo automotor en transporte,Not an Intersection,No fue interseccion,Sobre el lado de la calle,Ninguna,Dia total,Despejado,No,NO APLICA,15,13,15,27,1,06/08/2022,1
1,Alabama,10524,0,0,2,0,101,MONTGOMERY (101),2130,MONTGOMERY,8,Agosto,6,2022,13,4,ATLANTA HWY,6,Calle Local Municipalidad,Urbano,Arteria Principal,City or Municipal Highway Agency,0,Sin jurisdiccion especial,0,32.38206389,-86.20680556,Vehiculo en movimiento,Frente a frente,Not an Intersection,No fue interseccion,Sobre calle,Ninguna,Dia total,Despejado,No,NO APLICA,13,4,13,10,1,06/08/2022,2
1,Alabama,10525,0,0,2,0,1,AUTAUGA (1),2540,PRATTVILLE,8,Agosto,6,2022,5,14,US-82 SR-6,2,US Highway,Urbano,Arterial Principal -Freeway o ExpressWay,State Highway Agency,1,Sin jurisdiccion especial,1400,32.43591944,-86.46484167,Vehiculo en movimiento,Angulo,Four-Way Intersection,Interseccion de 4 direcciones,Sobre calle,Construccion,Oscuro con iluminacion,Despejado,No,NO APLICA,5,14,5,25,1,06/08/2022,2
1,Alabama,10526,0,0,2,0,117,SHELBY (117),0,NO APLICA,8,Agosto,7,2022,14,0,US-280 SR-38,2,US Highway,Rural,Colector Menor,County Highway Agency,0,Sin jurisdiccion especial,203,33.35076389,-86.53564167,Vehiculo en movimiento,Angulo,Four-Way Intersection,Interseccion de 4 direcciones,Sobre calle,Ninguna,Dia total,Nublado,No,NO APLICA,14,0,14,7,1,07/08/2022,2
1,Alabama,10527,0,0,2,0,103,MORGAN (103),890,DECATUR,8,Agosto,7,2022,18,31,SR-67,3,Highway estatal,Urbano,Arteria Principal,State Highway Agency,1,Sin jurisdiccion especial,350,34.53775,-86.91213056,Vehiculo en movimiento,Angulo,Four-Way Intersection,Interseccion de 4 direcciones,Sobre calle,Ninguna,Dia total,Despejado,No,NO APLICA,18,31,18,37,1,07/08/2022,4
1,Alabama,10528,0,0,1,0,73,JEFFERSON (73),350,BIRMINGHAM,8,Agosto,7,2022,17,12,15TH WAY SW,6,Calle Local Municipalidad,Urbano,Colector Mayor,City or Municipal Highway Agency,0,Sin jurisdiccion especial,0,33.48632778,-86.85650833,Vehiculo Ferrocarril,El primer evento no fue una colision con un vehiculo automotor en transporte,Not an Intersection,No fue interseccion,Sobre calle,Ninguna,Dia total,lluvia,No,728031N,17,12,17,22,1,07/08/2022,1
1,Alabama,10529,0,0,1,0,125,TUSCALOOSA (125),0,NO APLICA,8,Agosto,8,2022,0,45,CR-PATE RD,4,Calle del Condado,Rural,Local,County Highway Agency,0,Sin jurisdiccion especial,0,33.22901667,-87.74066389,Zanja,El primer evento no fue una colision con un vehiculo automotor en transporte,Not an Intersection,No fue interseccion,Sobre el lado de la calle,Ninguna,Oscuro sin iluminacion,Despejado,No,NO APLICA,1,13,1,32,1,08/08/2022,1
1,Alabama,10530,0,0,2,0,43,CULLMAN (43),830,CULLMAN,8,Agosto,8,2022,9,0,CR-222,4,Calle del Condado,Urbano,Colector Mayor,City or Municipal Highway Agency,0,Sin jurisdiccion especial,187,34.13025,-86.86715833,Vehiculo en movimiento,Angulo,Y-Intersection,Interseccion de Y,Sobre calle,Ninguna,Dia total,Despejado,No,NO APLICA,9,4,9,23,1,08/08/2022,5
1,Alabama,10531,0,0,2,0,119,SUMTER (119),0,NO APLICA,8,Agosto,9,2022,8,45,I-59,1,Interestatal,Rural,Interestatal,State Highway Agency,1,Sin jurisdiccion especial,65,32.51009722,-88.31997222,Vehiculo en movimiento,Frente a Detrás,Not an Intersection,No fue interseccion,Sobre calle,Ninguna,Dia total,Despejado,No,NO APLICA,8,52,9,5,1,09/08/2022,2
1,Alabama,10532,0,0,3,0,117,SHELBY (117),530,CALERA,8,Agosto,10,2022,9,45,US-31 SR-3,2,US Highway,Urbano,Arteria Principal,State Highway Agency,0,Sin jurisdiccion especial,2470,33.16267222,-86.75489444,Vehiculo en movimiento,Frente a frente,Not an Intersection,No fue interseccion,Sobre calle,Ninguna,Dia total,Despejado,No,NO APLICA,9,45,10,14,1,10/08/2022,4
1,Alabama,10533,0,0,2,0,85,LOWNDES (85),0,NO APLICA,8,Agosto,11,2022,10,20,SR-21,3,Highway estatal,Rural,Arteria Menor,State Highway Agency,0,Sin jurisdiccion especial,1022,32.05088889,-86.80750278,Vehiculo en movimiento,Angulo,Four-Way Intersection,Interseccion de 4 direcciones,Sobre calle,Ninguna,Dia total,Despejado,No,NO APLICA,10,30,11,24,1,11/08/2022,3
1,Alabama,10534,0,0,2,0,47,DALLAS (47),0,NO APLICA,7,Julio,18,2022,15,30,US-80 SR-8,2,US Highway,Rural,Arteria Principal,State Highway Agency,1,Sin jurisdiccion especial,816,32.43385556,-87.06135556,Vehiculo en movimiento,Frente a Detrás,Four-Way Intersection,Interseccion de 4 direcciones,Sobre calle,Ninguna,Dia total,lluvia,No,NO APLICA,99,99,99,99,1,18/07/2022,2
1,Alabama,10535,1,1,1,0,125,TUSCALOOSA (125),0,NO APLICA,8,Agosto,11,2022,21,40,US-82 SR-6,2,US Highway,Urbano,Arteria Principal,State Highway Agency,1,Sin jurisdiccion especial,555,33.141875,-87.51431944,Peaton,El primer evento no fue una colision con un vehiculo automotor en transporte,Not an Intersection,No fue interseccion,Sobre calle,Ninguna,Oscuro sin iluminacion,Nublado,No,NO APLICA,21,43,21,50,1,11/08/2022,4
1,Alabama,10536,0,0,3,0,89,MADISON (89),1730,HUNTSVILLE,8,Agosto,12,2022,14,30,DRAKE AVE,6,Calle Local Municipalidad,Urbano,Local,City or Municipal Highway Agency,0,Sin jurisdiccion especial,0,34.70540278,-86.58886111,Vehiculo en movimiento,Angulo,Four-Way Intersection,Interseccion de 4 direcciones,Sobre calle,Ninguna,Dia total,Despejado,No,NO APLICA,14,31,14,37,1,12/08/2022,3
1,Alabama,10537,1,1,2,0,97,MOBILE (97),0,NO APLICA,8,Agosto,12,2022,20,15,CR-JAMAICA RD,4,Calle del Condado,Urbano,Local,County Highway Agency,0,Sin jurisdiccion especial,0,30.81833889,-88.27646389,Peaton,El primer evento no fue una colision con un vehiculo automotor en transporte,Not an Intersection,No fue interseccion,Sobre calle,Ninguna,Oscuro sin iluminacion,Nublado,No,NO APLICA,20,16,20,28,1,12/08/2022,1
1,Alabama,10538,0,0,2,0,73,JEFFERSON (73),350,BIRMINGHAM,8,Agosto,12,2022,19,0,I-65,1,Interestatal,Urbano,Interestatal,State Highway Agency,1,Sin jurisdiccion especial,2640,33.56546944,-86.82435833,Vehiculo en movimiento,Frente a Detrás,Not an Intersection,No fue interseccion,Sobre calle,Ninguna,Atardecer,Nublado,No,NO APLICA,19,5,19,24,1,12/08/2022,2
1,Alabama,10539,0,0,1,0,95,MARSHALL (95),1500,GUNTERSVILLE,8,Agosto,13,2022,16,10,LURLEEN B WALLACE DR,6,Calle Local Municipalidad,Urbano,Local,City or Municipal Highway Agency,0,Sin jurisdiccion especial,0,34.36348333,-86.30456389,Valla Ferrocarril,El primer evento no fue una colision con un vehiculo automotor en transporte,Not an Intersection,No fue interseccion,Sobre el lado de la calle,Ninguna,Dia total,Despejado,No,NO APLICA,16,7,16,18,1,13/08/2022,1
1,Alabama,10540,0,0,1,0,83,LIMESTONE (83),0,NO APLICA,8,Agosto,13,2022,1,25,CR-INGRAHAM RD,4,Calle del Condado,Urbano,Local,County Highway Agency,0,Sin jurisdiccion especial,0,34.70250556,-86.97676389,Acotamiento,El primer evento no fue una colision con un vehiculo automotor en transporte,Not an Intersection,No fue interseccion,Sobre el lado de la calle,Ninguna,Oscuro sin iluminacion,Despejado,No,NO APLICA,99,99,99,99,1,13/08/2022,1
1,Alabama,10541,0,0,1,0,43,CULLMAN (43),0,NO APLICA,8,Agosto,13,2022,19,25,US-31 SR-3,2,US Highway,Urbano,Arteria Menor,State Highway Agency,0,Sin jurisdiccion especial,3222,34.11794167,-86.81225833,Acotamiento,El primer evento no fue una colision con un vehiculo automotor en transporte,Not an Intersection,No fue interseccion,En el medio,Ninguna,Dia total,Despejado,No,NO APLICA,19,25,19,35,1,13/08/2022,1
1,Alabama,10542,0,0,1,0,73,JEFFERSON (73),350,BIRMINGHAM,8,Agosto,14,2022,1,10,3RD AVE S,6,Calle Local Municipalidad,Urbano,Arteria Menor,City or Municipal Highway Agency,0,Sin jurisdiccion especial,0,33.51027778,-86.80201944,Arbol,El primer evento no fue una colision con un vehiculo automotor en transporte,Not an Intersection,No fue interseccion,Sobre el lado de la calle,Ninguna,Oscuro con iluminacion,Despejado,No,NO APLICA,1,16,1,25,2,14/08/2022,2
1,Alabama,10543,0,0,1,0,3,BALDWIN (3),0,NO APLICA,8,Agosto,13,2022,2,50,CR-64,4,Calle del Condado,Rural,Colector Mayor,City or Municipal Highway Agency,0,Sin jurisdiccion especial,0,30.62616667,-87.61639167,Banqueta,El primer evento no fue una colision con un vehiculo automotor en transporte,Not an Intersection,No fue interseccion,Sobre el lado de la calle,Ninguna,Oscuro sin iluminacion,Despejado,No,NO APLICA,3,0,3,23,2,13/08/2022,3
1,Alabama,10544,0,3,2,1,63,GREENE (63),0,NO APLICA,6,Junio,21,2022,7,0,I-59,1,Interestatal,Rural,Interestatal,State Highway Agency,1,Sin jurisdiccion especial,428,32.89083889,-87.90214444,Vehiculo Aparcado,El primer evento no fue una colision con un vehiculo automotor en transporte,Not an Intersection,No fue interseccion,Sobre el lado de la calle,Ninguna,Dia total,Despejado,No,NO APLICA,7,4,7,21,1,21/06/2022,1
1,Alabama,10545,0,0,1,0,97,MOBILE (97),0,NO APLICA,6,Junio,25,2022,18,0,SR-217,3,Highway estatal,Rural,Colector Mayor,State Highway Agency,0,Sin jurisdiccion especial,174,30.92569444,-88.28181667,Arbol,El primer evento no fue una colision con un vehiculo automotor en transporte,Not an Intersection,No fue interseccion,Sobre el lado de la calle,Ninguna,Dia total,Nublado,No,NO APLICA,18,4,18,21,1,25/06/2022,1
1,Alabama,10546,0,0,1,0,23,CHOCTAW (23),0,NO APLICA,1,Enero,25,2022,6,50,CR-9,4,Calle del Condado,Rural,Colector Mayor,County Highway Agency,0,Sin jurisdiccion especial,0,31.93409167,-88.34288889,Arbol,El primer evento no fue una colision con un vehiculo automotor en transporte,Not an Intersection,No fue interseccion,Sobre el lado de la calle,Ninguna,Dia total,lluvia,No,NO APLICA,6,53,7,16,1,25/01/2022,2
1,Alabama,10547,0,0,1,0,61,GENEVA (61),0,NO APLICA,2,Febrero,3,2022,9,25,CR-65,4,Calle del Condado,Rural,Colector Mayor,County Highway Agency,0,Sin jurisdiccion especial,0,31.16041111,-85.94039444,Volcadura,El primer evento no fue una colision con un vehiculo automotor en transporte,Not an Intersection,No fue interseccion,Sobre el lado de la calle,Ninguna,Dia total,Despejado,No,NO APLICA,9,18,9,39,1,03/02/2022,1
1,Alabama,10548,0,0,1,0,53,ESCAMBIA (53),0,NO APLICA,2,Febrero,4,2022,19,0,I-65,1,Interestatal,Urbano,Interestatal,State Highway Agency,1,Sin jurisdiccion especial,538,31.08465278,-87.53303333,Zanja,El primer evento no fue una colision con un vehiculo automotor en transporte,Not an Intersection,No fue interseccion,Sobre el lado de la calle,Ninguna,Oscuro sin iluminacion,Nublado,No,NO APLICA,19,13,19,29,1,04/02/2022,2
1,Alabama,10549,0,0,1,0,31,COFFEE (31),0,NO APLICA,2,Febrero,2,2022,5,39,SR-167,3,Highway estatal,Rural,Arteria Menor,State Highway Agency,0,Sin jurisdiccion especial,400,31.50395,-85.91560833,Arbol,El primer evento no fue una colision con un vehiculo automotor en transporte,Not an Intersection,No fue interseccion,Sobre el lado de la calle,Ninguna,Oscuro sin iluminacion,Despejado,No,NO APLICA,5,44,6,20,3,02/02/2022,4
1,Alabama,10550,0,1,2,1,73,JEFFERSON (73),0,NO APLICA,3,Marzo,21,2022,9,20,I-59,1,Interestatal,Urbano,Interestatal,State Highway Agency,1,Sin jurisdiccion especial,1450,33.66703056,-86.55585556,Vehiculo Aparcado,El primer evento no fue una colision con un vehiculo automotor en transporte,Not an Intersection,No fue interseccion,Sobre el lado de la calle,Ninguna,Dia total,Despejado,No,NO APLICA,9,20,9,40,2,21/03/2022,2
1,Alabama,10551,0,0,1,0,129,WASHINGTON (129),0,NO APLICA,5,Mayo,8,2022,1,23,CR-34,4,Calle del Condado,Rural,Colector Mayor,County Highway Agency,0,Sin jurisdiccion especial,0,31.63636944,-88.24204722,Otro objeto (fijo),El primer evento no fue una colision con un vehiculo automotor en transporte,Not an Intersection,No fue interseccion,Sobre el lado de la calle,Ninguna,Oscuro sin iluminacion,Despejado,No,NO APLICA,1,23,1,55,1,08/05/2022,2
1,Alabama,10552,0,0,2,0,101,MONTGOMERY (101),0,NO APLICA,3,Marzo,20,2022,1,31,I-65,1,Interestatal,Urbano,Interestatal,State Highway Agency,1,Sin jurisdiccion especial,1638,32.26627778,-86.35551944,Vehiculo en movimiento,Frente a frente,Not an Intersection,No fue interseccion,Sobre calle,Ninguna,Oscuro sin iluminacion,Despejado,No,NO APLICA,1,32,1,45,1,20/03/2022,2
1,Alabama,10553,0,0,2,0,125,TUSCALOOSA (125),3050,TUSCALOOSA,2,Febrero,6,2022,8,44,SR-69 S,3,Highway estatal,Urbano,Arteria Principal,State Highway Agency,1,Sin jurisdiccion especial,0,33.159075,-87.54908333,Vehiculo en movimiento,Angulo,Four-Way Intersection,Interseccion de 4 direcciones,Sobre calle,Ninguna,Dia total,Despejado,No,NO APLICA,8,42,8,52,1,06/02/2022,3
1,Alabama,10554,2,2,3,1,3,BALDWIN (3),0,NO APLICA,5,Mayo,7,2022,0,3,I-10,1,Interestatal,Urbano,Interestatal,State Highway Agency,1,Sin jurisdiccion especial,403,30.65963333,-87.82688333,Vehiculo en movimiento,Frente a Detrás,Not an Intersection,No fue interseccion,Sobre calle,Ninguna,Oscuro sin iluminacion,Despejado,No,NO APLICA,0,5,0,38,1,07/05/2022,1
1,Alabama,10555,0,0,1,0,33,COLBERT (33),2190,MUSCLE SHOALS,6,Junio,18,2022,2,56,US-43 SR-2,2,US Highway,Rural,Arteria Principal,State Highway Agency,1,Sin jurisdiccion especial,260,34.63660833,-87.64895,Poste,El primer evento no fue una colision con un vehiculo automotor en transporte,Not an Intersection,No fue interseccion,En el medio,Ninguna,Oscuro con iluminacion,Despejado,No,NO APLICA,2,56,3,1,2,18/06/2022,2
1,Alabama,10556,0,0,2,0,97,MOBILE (97),0,NO APLICA,6,Junio,16,2022,22,20,CR-DAWES RD,4,Calle del Condado,Urbano,Arteria Menor,County Highway Agency,0,Sin jurisdiccion especial,0,30.63058333,-88.25130556,Vehiculo en movimiento,Frente a frente,Not an Intersection,No fue interseccion,Sobre calle,Ninguna,Oscuro con iluminacion,Despejado,No,NO APLICA,22,31,22,55,1,16/06/2022,2
1,Alabama,10557,1,1,1,0,73,JEFFERSON (73),350,BIRMINGHAM,7,Julio,24,2022,0,15,BESSEMER RD,6,Calle Local Municipalidad,Urbano,Arteria Principal,State Highway Agency,1,Sin jurisdiccion especial,0,33.48895278,-86.88706667,Peaton,El primer evento no fue una colision con un vehiculo automotor en transporte,Four-Way Intersection,Interseccion de 4 direcciones,Sobre calle,Ninguna,Oscuro con iluminacion,Despejado,No,NO APLICA,0,17,0,27,1,24/07/2022,3
1,Alabama,10558,0,0,1,0,73,JEFFERSON (73),350,BIRMINGHAM,8,Agosto,7,2022,5,45,ISHKOODA WENONAH RD SW,6,Calle Local Municipalidad,Urbano,Arteria Menor,City or Municipal Highway Agency,0,Sin jurisdiccion especial,0,33.45716389,-86.86105,Arbol,El primer evento no fue una colision con un vehiculo automotor en transporte,Not an Intersection,No fue interseccion,Sobre el lado de la calle,Ninguna,Oscuro sin iluminacion,Despejado,No,NO APLICA,5,45,5,55,1,07/08/2022,1
1,Alabama,10559,0,0,2,0,117,SHELBY (117),1716,HOOVER,8,Agosto,12,2022,20,21,SR-119 CAHABA VALLEY RD,3,Highway estatal,Urbano,Arteria Menor,State Highway Agency,0,Sin jurisdiccion especial,280,33.42256389,-86.67017778,Vehiculo en movimiento,Angulo,T-Intersection,Interseccion de T,Sobre calle,Ninguna,Oscuro sin iluminacion,Despejado,No,NO APLICA,20,21,20,25,1,12/08/2022,2
1,Alabama,10560,0,0,2,0,59,FRANKLIN (59),0,NO APLICA,8,Agosto,15,2022,10,55,CR-88,4,Calle del Condado,Rural,Colector Mayor,County Highway Agency,0,Sin jurisdiccion especial,0,34.43944722,-87.96871389,Vehiculo en movimiento,Angulo,Not an Intersection,No fue interseccion,Sobre calle,Ninguna,Dia total,Despejado,No,NO APLICA,99,99,99,99,1,15/08/2022,3
1,Alabama,10561,0,0,2,0,69,HOUSTON (69),930,DOTHAN,8,Agosto,15,2022,7,59,SR-210,3,Highway estatal,Urbano,Arteria Principal,State Highway Agency,1,Sin jurisdiccion especial,0,31.20331111,-85.36658056,Vehiculo en movimiento,Angulo,Four-Way Intersection,Interseccion de 4 direcciones,Sobre calle,Ninguna,Dia total,Despejado,No,NO APLICA,8,3,8,12,1,15/08/2022,4
1,Alabama,10562,0,0,1,0,5,BARBOUR (5),0,NO APLICA,8,Agosto,15,2022,21,14,SR-131,3,Highway estatal,Rural,Colector Mayor,State Highway Agency,0,Sin jurisdiccion especial,237,31.80391667,-85.21294167,Arbol,El primer evento no fue una colision con un vehiculo automotor en transporte,Not an Intersection,No fue interseccion,Sobre el lado de la calle,Ninguna,Oscuro sin iluminacion,lluvia,No,NO APLICA,21,2,21,15,1,15/08/2022,1