Estado,Nombre de Estado,Numero de Caso,Peatones,Personas _no_vehiculos,Vehiculos automotores,Vehiculos estacionados,Condado,Nombre Condado,Ciudad,Nombre Ciudad,Mes,Nombre Mes,Dia,Año,Hora,Minuto,Calle,Ruta,Nombre Ruta,Rural o Urbanoo,Sistema Funcional,Dueño Calle,Sistema Nacional Carreteras,Jurisdiccion Especial,Milla,Latitud,Longitud,Causa del Accidente,Tipo de Accidente,Tipo Interseccion,Columna1,Lugar en la calle,Zona de Trabajo,Luz,Clima,Autobus Escolar,Cruce de Trenes,Hora Notificacion,Minuto Notificacion,Hora Llegada,Minuto Llegada,Decesos,Fecha,PersonaVehiculo
1,Alabama,10563,1,1,1,0,101,MONTGOMERY (101),0,NO APLICA,8,Agosto,16,2022,14,50,CR-37,4,Calle del Condado,Urbano,Colector Mayor,County Highway Agency,0,Sin jurisdiccion especial,0,32.31551111,-86.02299444,Otro objeto (no fijo),El primer evento no fue una colision con un vehiculo automotor en transporte,Not an Intersection,No fue interseccion,Sobre calle,Ninguna,Dia total,Despejado,No,NO APLICA,14,56,15,22,1,16/08/2022,1
1,Alabama,10564,1,1,2,0,89,MADISON (89),1730,HUNTSVILLE,8,Agosto,17,2022,4,40,MEMORIAL PKWY,6,Calle Local Municipalidad,Urbano,Arterial Principal -Freeway o ExpressWay,State Highway Agency,1,Sin jurisdiccion especial,3160,34.70238611,-86.58721944,Peaton,El primer evento no fue una colision con un vehiculo automotor en transporte,Not an Intersection,No fue interseccion,Sobre calle,Ninguna,Oscuro con iluminacion,Despejado,No,NO APLICA,4,39,4,43,1,17/08/2022,2
1,Alabama,10565,0,0,1,0,115,ST. CLAIR (115),0,NO APLICA,8,Agosto,19,2022,5,23,CR-24,4,Calle del Condado,Rural,Colector Mayor,County Highway Agency,0,Sin jurisdiccion especial,0,33.84040556,-86.10419167,Culvert,El primer evento no fue una colision con un vehiculo automotor en transporte,Not an Intersection,No fue interseccion,Sobre el lado de la calle,Ninguna,Oscuro sin iluminacion,Despejado,No,NO APLICA,5,26,5,40,1,19/08/2022,1
1,Alabama,10566,0,0,2,0,121,TALLADEGA (121),680,CHILDERSBURG,8,Agosto,17,2022,19,58,US-280 SR-38,2,US Highway,Urbano,Arteria Principal,State Highway Agency,1,Sin jurisdiccion especial,330,33.27729722,-86.35916944,Vehiculo en movimiento,Angulo,Four-Way Intersection,Interseccion de 4 direcciones,Sobre calle,Ninguna,Oscuro con iluminacion,Despejado,No,NO APLICA,19,59,20,10,1,17/08/2022,6
1,Alabama,10567,0,0,3,0,39,COVINGTON (39),0,NO APLICA,8,Agosto,19,2022,9,10,US-29 SR-15,2,US Highway,Rural,Arteria Menor,State Highway Agency,0,Sin jurisdiccion especial,347,31.18711389,-86.57336944,Vehiculo en movimiento,Angulo,Not an Intersection,No fue interseccion,Sobre calle,Ninguna,Dia total,Nublado,No,NO APLICA,9,19,9,47,1,19/08/2022,4
1,Alabama,10568,0,0,2,0,73,JEFFERSON (73),0,NO APLICA,8,Agosto,19,2022,12,30,I-65,1,Interestatal,Urbano,Interestatal,State Highway Agency,1,Sin jurisdiccion especial,2710,33.65999167,-86.83037778,Vehiculo en movimiento,Frente a Detrás,Not an Intersection,No fue interseccion,Sobre calle,Ninguna,Dia total,Nublado,No,NO APLICA,12,39,12,50,1,19/08/2022,2
1,Alabama,10569,0,0,1,0,43,CULLMAN (43),0,NO APLICA,8,Agosto,19,2022,0,0,CR-310,4,Calle del Condado,Rural,Local,County Highway Agency,0,Sin jurisdiccion especial,0,34.10559167,-87.011175,Zanja,El primer evento no fue una colision con un vehiculo automotor en transporte,Not an Intersection,No fue interseccion,Sobre el lado de la calle,Ninguna,Oscuro sin iluminacion,Despejado,No,NO APLICA,99,99,99,99,1,19/08/2022,1
1,Alabama,10570,0,0,3,0,43,CULLMAN (43),0,NO APLICA,8,Agosto,20,2022,22,47,SR-69,3,Highway estatal,Rural,Arteria Menor,State Highway Agency,0,Sin jurisdiccion especial,2518,34.22514722,-86.73258889,Vehiculo en movimiento,Golpe Lateral - direccion contraria,Not an Intersection,No fue interseccion,Sobre calle,Ninguna,Oscuro sin iluminacion,lluvia,No,NO APLICA,22,39,23,3,1,20/08/2022,4
1,Alabama,10571,0,0,2,0,3,BALDWIN (3),2890,SUMMERDALE,8,Agosto,22,2022,19,15,CR-36,4,Calle del Condado,Urbano,Local,County Highway Agency,0,Sin jurisdiccion especial,0,30.50175,-87.70841389,Vehiculo en movimiento,Angulo,Four-Way Intersection,Interseccion de 4 direcciones,Sobre calle,Ninguna,Dia total,Nublado,No,NO APLICA,19,35,19,40,1,22/08/2022,3
1,Alabama,10572,0,0,2,0,25,CLARKE (25),0,NO APLICA,8,Agosto,22,2022,12,0,CR-ROUND HILL RD,4,Calle del Condado,Rural,Local,County Highway Agency,0,Sin jurisdiccion especial,0,31.90011667,-87.68366111,Vehiculo en movimiento,Frente a frente,Not an Intersection,No fue interseccion,Sobre calle,Ninguna,Dia total,Nublado,No,NO APLICA,12,24,12,45,1,22/08/2022,2
1,Alabama,10573,0,0,1,0,73,JEFFERSON (73),330,BESSEMER,8,Agosto,22,2022,15,18,MORGAN RD,6,Calle Local Municipalidad,Urbano,Colector Mayor,City or Municipal Highway Agency,0,Sin jurisdiccion especial,0,33.35062222,-86.93506944,Arbol,El primer evento no fue una colision con un vehiculo automotor en transporte,Not an Intersection,No fue interseccion,Sobre el lado de la calle,Ninguna,Dia total,lluvia,No,NO APLICA,15,18,99,99,1,22/08/2022,1
1,Alabama,10574,0,0,2,0,127,WALKER (127),0,NO APLICA,8,Agosto,23,2022,15,10,I-22,1,Interestatal,Urbano,Interestatal,State Highway Agency,1,Sin jurisdiccion especial,598,33.82760556,-87.3173,Vehiculo en movimiento,Frente a frente,Not an Intersection,No fue interseccion,Sobre calle,Ninguna,Dia total,lluvia,No,NO APLICA,15,6,15,20,1,23/08/2022,2
1,Alabama,10575,0,0,1,0,23,CHOCTAW (23),0,NO APLICA,8,Agosto,24,2022,7,12,SR-17,3,Highway estatal,Rural,Arteria Menor,State Highway Agency,0,Sin jurisdiccion especial,1002,31.99516389,-88.29407222,Acotamiento,El primer evento no fue una colision con un vehiculo automotor en transporte,Not an Intersection,No fue interseccion,Sobre el lado de la calle,Ninguna,Dia total,lluvia,No,NO APLICA,7,7,7,21,1,24/08/2022,1
1,Alabama,10576,2,2,1,0,101,MONTGOMERY (101),2130,MONTGOMERY,8,Agosto,24,2022,21,59,E S BLVD SERVICE RD,6,Calle Local Municipalidad,Urbano,Local,City or Municipal Highway Agency,0,Sin jurisdiccion especial,0,32.32722222,-86.26189167,Peaton,El primer evento no fue una colision con un vehiculo automotor en transporte,Not an Intersection,No fue interseccion,Sobre calle,Ninguna,Oscuro con iluminacion,lluvia,No,NO APLICA,21,59,22,8,1,24/08/2022,1
1,Alabama,10577,0,0,2,0,97,MOBILE (97),2100,MOBILE,8,Agosto,25,2022,20,50,AIRPORT SERVICE RD,6,Calle Local Municipalidad,Urbano,Arteria Principal,City or Municipal Highway Agency,0,Sin jurisdiccion especial,70,30.675925,-88.13614722,Vehiculo en movimiento,Frente a frente,Not an Intersection,No fue interseccion,Sobre calle,Ninguna,Oscuro con iluminacion,Despejado,No,NO APLICA,20,59,21,7,1,25/08/2022,2
1,Alabama,10578,0,0,1,0,21,CHILTON (21),0,NO APLICA,8,Agosto,26,2022,10,39,US-31 SR-3,2,US Highway,Rural,Arteria Menor,State Highway Agency,0,Sin jurisdiccion especial,2358,33.01746111,-86.76396389,Arbol,El primer evento no fue una colision con un vehiculo automotor en transporte,Not an Intersection,No fue interseccion,Sobre el lado de la calle,Ninguna,Dia total,Despejado,No,NO APLICA,10,50,11,28,1,26/08/2022,1
1,Alabama,10579,1,1,2,0,101,MONTGOMERY (101),2130,MONTGOMERY,8,Agosto,27,2022,12,2,I-85,1,Interestatal,Urbano,Interestatal,State Highway Agency,1,Sin jurisdiccion especial,90,32.36094722,-86.17860556,Vehiculo en movimiento,Frente a Detrás,Not an Intersection,No fue interseccion,Sobre calle,Ninguna,Dia total,Despejado,No,NO APLICA,12,2,12,12,1,27/08/2022,2
1,Alabama,10580,0,0,1,0,69,HOUSTON (69),930,DOTHAN,8,Agosto,28,2022,1,14,N RANGE ST,6,Calle Local Municipalidad,Urbano,Arteria Menor,City or Municipal Highway Agency,0,Sin jurisdiccion especial,20,31.24894722,-85.38245,Volcadura,El primer evento no fue una colision con un vehiculo automotor en transporte,Not an Intersection,No fue interseccion,Sobre el lado de la calle,Ninguna,Oscuro sin iluminacion,Nublado,No,NO APLICA,1,18,1,22,1,28/08/2022,1
1,Alabama,10581,0,0,1,0,19,CHEROKEE (19),0,NO APLICA,9,Septiembre,16,2022,4,25,CR-1,4,Calle del Condado,Rural,Colector Menor,County Highway Agency,0,Sin jurisdiccion especial,0,34.21776667,-85.83041944,Buzon de correo,El primer evento no fue una colision con un vehiculo automotor en transporte,Not an Intersection,No fue interseccion,Sobre el lado de la calle,Ninguna,Oscuro sin iluminacion,Despejado,No,NO APLICA,4,29,5,8,1,16/09/2022,1
1,Alabama,10582,0,0,3,0,73,JEFFERSON (73),0,NO APLICA,8,Agosto,29,2022,5,19,I-22,1,Interestatal,Rural,Interestatal,State Highway Agency,1,Sin jurisdiccion especial,830,33.657825,-87.01380556,Vehiculo en movimiento,Golpe Lateral - misma direccion,Not an Intersection,No fue interseccion,Sobre calle,Ninguna,Oscuro sin iluminacion,Despejado,No,NO APLICA,5,30,5,55,1,29/08/2022,3
1,Alabama,10583,0,0,2,0,73,JEFFERSON (73),3080,TRUSSVILLE,8,Agosto,28,2022,7,14,US-11 SR-7,2,US Highway,Urbano,Arteria Menor,State Highway Agency,0,Sin jurisdiccion especial,1537,33.65316389,-86.55926111,Vehiculo en movimiento,Frente a frente,Not an Intersection,No fue interseccion,Sobre calle,Ninguna,Dia total,Despejado,No,NO APLICA,7,14,7,21,1,28/08/2022,2
1,Alabama,10584,0,0,2,0,27,CLAY (27),0,NO APLICA,8,Agosto,29,2022,15,40,SR-9,3,Highway estatal,Rural,Arteria Menor,State Highway Agency,0,Sin jurisdiccion especial,1782,33.20759722,-85.89189444,Vehiculo en movimiento,Frente a frente,Not an Intersection,No fue interseccion,Sobre calle,Ninguna,Dia total,Despejado,No,NO APLICA,15,53,16,22,1,29/08/2022,2
1,Alabama,10585,1,1,1,0,51,ELMORE (51),0,NO APLICA,8,Agosto,29,2022,17,50,SR-9,3,Highway estatal,Rural,Arteria Menor,State Highway Agency,0,Sin jurisdiccion especial,1389,32.74395556,-86.10175833,Ciclista,El primer evento no fue una colision con un vehiculo automotor en transporte,Not an Intersection,No fue interseccion,Sobre calle,Ninguna,Dia total,Despejado,No,NO APLICA,18,0,18,25,1,29/08/2022,3
1,Alabama,10586,1,1,1,0,97,MOBILE (97),2100,MOBILE,8,Agosto,30,2022,18,5,I-65,1,Interestatal,Urbano,Interestatal,State Highway Agency,1,Sin jurisdiccion especial,40,30.68211389,-88.12739167,Peaton,El primer evento no fue una colision con un vehiculo automotor en transporte,Not an Intersection,No fue interseccion,Sobre calle,Ninguna,Atardecer,lluvia,No,NO APLICA,18,7,18,14,1,30/08/2022,1
1,Alabama,10587,0,0,2,0,69,HOUSTON (69),930,DOTHAN,8,Agosto,30,2022,12,5,US-231 SR-1,2,US Highway,Urbano,Arteria Principal,State Highway Agency,1,Sin jurisdiccion especial,132,31.18206944,-85.40192222,Vehiculo en movimiento,Angulo,T-Intersection,Interseccion de T,Sobre calle,Ninguna,Dia total,Despejado,No,NO APLICA,12,7,12,15,1,30/08/2022,2
1,Alabama,10588,0,0,1,0,19,CHEROKEE (19),630,CENTRE,8,Agosto,30,2022,11,21,CEDAR BLUFF RD,6,Calle Local Municipalidad,Urbano,Arteria Menor,State Highway Agency,0,Sin jurisdiccion especial,2604,34.16242778,-85.66530833,Poste,El primer evento no fue una colision con un vehiculo automotor en transporte,T-Intersection,Interseccion de T,Sobre el lado de la calle,Ninguna,Dia total,Despejado,No,NO APLICA,11,24,11,28,1,30/08/2022,1
1,Alabama,10589,0,0,2,0,51,ELMORE (51),0,NO APLICA,8,Agosto,30,2022,1,45,SR-229,3,Highway estatal,Rural,Arteria Menor,State Highway Agency,0,Sin jurisdiccion especial,21,32.45365556,-85.89569167,Vehiculo en movimiento,Frente a frente,Not an Intersection,No fue interseccion,Sobre calle,Ninguna,Oscuro sin iluminacion,Despejado,No,NO APLICA,99,99,99,99,2,30/08/2022,2
1,Alabama,10590,0,0,4,0,43,CULLMAN (43),0,NO APLICA,8,Agosto,31,2022,10,40,I-65,1,Interestatal,Rural,Interestatal,State Highway Agency,1,Sin jurisdiccion especial,2918,33.94862778,-86.87012222,Vehiculo en movimiento,Frente a Detrás,Not an Intersection,No fue interseccion,Sobre calle,Ninguna,Dia total,Despejado,No,NO APLICA,11,18,11,38,1,31/08/2022,7
1,Alabama,10591,0,0,1,0,83,LIMESTONE (83),0,NO APLICA,8,Agosto,31,2022,15,0,US-72 SR-2,2,US Highway,Rural,Arteria Principal,State Highway Agency,0,Sin jurisdiccion especial,692,34.79131111,-87.07091111,Culvert,El primer evento no fue una colision con un vehiculo automotor en transporte,Not an Intersection,No fue interseccion,Sobre el lado de la calle,Ninguna,Dia total,Despejado,No,NO APLICA,15,6,15,28,1,31/08/2022,1
1,Alabama,10592,0,0,3,0,103,MORGAN (103),1590,HARTSELLE,8,Agosto,31,2022,13,43,US-31 SR-3,2,US Highway,Urbano,Arteria Principal,State Highway Agency,0,Sin jurisdiccion especial,3440,34.41304444,-86.92120278,Vehiculo en movimiento,Angulo,Four-Way Intersection,Interseccion de 4 direcciones,Sobre calle,Ninguna,Dia total,Despejado,No,NO APLICA,13,45,13,53,1,31/08/2022,4
1,Alabama,10593,0,0,2,0,89,MADISON (89),1730,HUNTSVILLE,8,Agosto,31,2022,19,36,BAILEY COVE RD,6,Calle Local Municipalidad,Urbano,Arteria Menor,City or Municipal Highway Agency,0,Sin jurisdiccion especial,0,34.65854722,-86.53954167,Vehiculo en movimiento,Angulo,Four-Way Intersection,Interseccion de 4 direcciones,Sobre calle,Ninguna,Oscuro con iluminacion,Despejado,No,NO APLICA,19,36,19,47,1,31/08/2022,2
1,Alabama,10594,0,0,2,0,125,TUSCALOOSA (125),3050,TUSCALOOSA,9,Septiembre,1,2022,11,57,SR-215,3,Highway estatal,Urbano,Arteria Menor,State Highway Agency,0,Sin jurisdiccion especial,30,33.18095278,-87.55294167,Vehiculo en movimiento,Angulo,Four-Way Intersection,Interseccion de 4 direcciones,Sobre calle,Ninguna,Dia total,Despejado,No,NO APLICA,11,58,12,4,1,01/09/2022,2
1,Alabama,10595,0,0,2,0,125,TUSCALOOSA (125),0,NO APLICA,9,Septiembre,2,2022,17,23,US-43 SR-13,2,US Highway,Rural,Arteria Principal,State Highway Agency,1,Sin jurisdiccion especial,2176,33.50441944,-87.64089444,Vehiculo en movimiento,Frente a frente,Not an Intersection,No fue interseccion,Sobre calle,Ninguna,Dia total,Despejado,No,NO APLICA,17,23,17,55,1,02/09/2022,2
1,Alabama,10596,0,0,1,0,73,JEFFERSON (73),350,BIRMINGHAM,9,Septiembre,3,2022,14,50,I-65,1,Interestatal,Urbano,Interestatal,State Highway Agency,1,Sin jurisdiccion especial,2600,33.50012222,-86.81416944,Barrera de Trafico de Concreto,El primer evento no fue una colision con un vehiculo automotor en transporte,Not an Intersection,No fue interseccion,Sobre el lado de la calle,Ninguna,Reportada como desconocida,Reportado como desconocido,No,NO APLICA,99,99,15,0,1,03/09/2022,1
1,Alabama,10597,0,0,1,0,47,DALLAS (47),0,NO APLICA,9,Septiembre,3,2022,22,45,SR-41,3,Highway estatal,Rural,Arteria Menor,State Highway Agency,0,Sin jurisdiccion especial,1128,32.231475,-86.99494444,Poste de Señal de trafico,El primer evento no fue una colision con un vehiculo automotor en transporte,T-Intersection,Interseccion de T,Sobre el lado de la calle,Ninguna,Oscuro sin iluminacion,Nublado,No,NO APLICA,99,99,7,25,1,03/09/2022,1
1,Alabama,10598,0,0,1,0,127,WALKER (127),2400,PARRISH,9,Septiembre,3,2022,4,20,SR-269,3,Highway estatal,Urbano,Colector Mayor,State Highway Agency,0,Sin jurisdiccion especial,351,33.7399,-87.26715278,Edificio,El primer evento no fue una colision con un vehiculo automotor en transporte,Four-Way Intersection,Interseccion de 4 direcciones,Fuera de la calle,Ninguna,Oscuro con iluminacion,Despejado,No,NO APLICA,4,34,5,0,1,03/09/2022,2
1,Alabama,10599,0,0,1,0,1,AUTAUGA (1),0,NO APLICA,9,Septiembre,4,2022,6,40,I-65,1,Interestatal,Rural,Interestatal,State Highway Agency,1,Sin jurisdiccion especial,1843,32.52241389,-86.44031944,Arbol,El primer evento no fue una colision con un vehiculo automotor en transporte,Not an Intersection,No fue interseccion,Sobre el lado de la calle,Ninguna,Dia total,Nublado,No,NO APLICA,99,99,7,0,2,04/09/2022,2
1,Alabama,10600,0,0,1,0,121,TALLADEGA (121),0,NO APLICA,9,Septiembre,3,2022,0,15,CR-WOLF POND RD,4,Calle del Condado,Rural,Local,County Highway Agency,0,Sin jurisdiccion especial,0,33.49625833,-86.17812778,Zanja,El primer evento no fue una colision con un vehiculo automotor en transporte,Not an Intersection,No fue interseccion,Sobre el lado de la calle,Ninguna,Oscuro sin iluminacion,Despejado,No,NO APLICA,0,15,0,45,1,03/09/2022,1
1,Alabama,10601,0,0,2,0,97,MOBILE (97),0,NO APLICA,10,Octubre,31,2022,5,45,US-43 SR-13,2,US Highway,Rural,Arteria Principal,State Highway Agency,1,Sin jurisdiccion especial,196,31.00484722,-88.02579444,Vehiculo en movimiento,Angulo,Not an Intersection,No fue interseccion,Sobre calle,Ninguna,Oscuro sin iluminacion,Despejado,No,NO APLICA,5,38,6,14,1,31/10/2022,2
1,Alabama,10602,0,0,2,0,11,BULLOCK (11),0,NO APLICA,10,Octubre,13,2022,17,35,SR-110,3,Highway estatal,Rural,Arteria Menor,State Highway Agency,0,Sin jurisdiccion especial,231,32.21462778,-85.906375,Vehiculo en movimiento,Golpe Lateral - direccion contraria,Not an Intersection,No fue interseccion,Sobre calle,Ninguna,Oscuro sin iluminacion,Despejado,No,NO APLICA,17,41,18,10,1,13/10/2022,3
1,Alabama,10603,0,0,2,0,115,ST. CLAIR (115),0,NO APLICA,9,Septiembre,3,2022,8,5,CR-26,4,Calle del Condado,Rural,Colector Mayor,County Highway Agency,0,Sin jurisdiccion especial,0,33.78243333,-86.23183333,Vehiculo en movimiento,Angulo,Four-Way Intersection,Interseccion de 4 direcciones,Sobre calle,Ninguna,Dia total,Nublado,No,NO APLICA,8,7,8,20,1,03/09/2022,3
1,Alabama,10604,0,0,3,0,3,BALDWIN (3),0,NO APLICA,9,Septiembre,2,2022,13,30,US-98 SR-42,2,US Highway,Rural,Arteria Principal,State Highway Agency,1,Sin jurisdiccion especial,744,30.41451111,-87.52604444,Volcadura,El primer evento no fue una colision con un vehiculo automotor en transporte,Not an Intersection,No fue interseccion,Sobre calle,Ninguna,Dia total,lluvia,No,NO APLICA,13,31,13,46,1,02/09/2022,4
1,Alabama,10605,0,0,3,0,55,ETOWAH (55),2822,SOUTHSIDE,9,Septiembre,1,2022,9,57,SR-77,3,Highway estatal,Urbano,Arteria Principal,State Highway Agency,1,Sin jurisdiccion especial,970,33.87372222,-86.03576389,Vehiculo en movimiento,Frente a Detrás,Four-Way Intersection,Interseccion de 4 direcciones,Sobre calle,Ninguna,Dia total,Despejado,No,NO APLICA,10,0,10,9,1,01/09/2022,3
1,Alabama,10606,0,0,1,0,89,MADISON (89),1730,HUNTSVILLE,9,Septiembre,4,2022,1,9,SR-255,3,Highway estatal,Urbano,Arteria Menor,City or Municipal Highway Agency,0,Sin jurisdiccion especial,40,34.76181389,-86.67308333,Volcadura,El primer evento no fue una colision con un vehiculo automotor en transporte,Not an Intersection,No fue interseccion,En el medio,Ninguna,Oscuro sin iluminacion,lluvia,No,NO APLICA,1,8,1,20,1,04/09/2022,1
1,Alabama,10607,1,1,1,0,1,AUTAUGA (1),2540,PRATTVILLE,9,Septiembre,4,2022,19,25,CR-GIN SHOP HILL RD,4,Calle del Condado,Urbano,Colector Mayor,City or Municipal Highway Agency,0,Sin jurisdiccion especial,0,32.45502222,-86.48517778,Peaton,El primer evento no fue una colision con un vehiculo automotor en transporte,Not an Intersection,No fue interseccion,Sobre calle,Ninguna,Oscuro con iluminacion,lluvia,No,NO APLICA,19,25,19,34,1,04/09/2022,1
1,Alabama,10608,0,0,2,0,63,GREENE (63),0,NO APLICA,9,Septiembre,4,2022,2,0,I-59,1,Interestatal,Rural,Interestatal,State Highway Agency,1,Sin jurisdiccion especial,360,32.82434444,-87.98678056,Vehiculo en movimiento,Frente a Detrás,Not an Intersection,No fue interseccion,Sobre calle,Ninguna,Oscuro sin iluminacion,Neblina o Humo,No,NO APLICA,2,28,2,45,1,04/09/2022,2
1,Alabama,10609,0,0,1,0,49,DEKALB (49),0,NO APLICA,9,Septiembre,5,2022,2,0,CR-155,4,Calle del Condado,Rural,Colector Mayor,County Highway Agency,0,Sin jurisdiccion especial,57,34.78055278,-85.63203889,Arbol,El primer evento no fue una colision con un vehiculo automotor en transporte,Not an Intersection,No fue interseccion,Sobre el lado de la calle,Ninguna,Oscuro sin iluminacion,Nublado,No,NO APLICA,99,99,99,99,1,05/09/2022,1
1,Alabama,10610,0,0,1,0,89,MADISON (89),1730,HUNTSVILLE,9,Septiembre,5,2022,2,5,SR-2,3,Highway estatal,Urbano,Arteria Principal,State Highway Agency,1,Sin jurisdiccion especial,965,34.73603056,-86.60946944,Poste,El primer evento no fue una colision con un vehiculo automotor en transporte,Not an Intersection,No fue interseccion,Sobre el lado de la calle,Ninguna,Oscuro - iluminacion desconocida,Nublado,No,NO APLICA,2,7,2,14,1,05/09/2022,1
1,Alabama,10611,1,1,1,0,11,BULLOCK (11),0,NO APLICA,9,Septiembre,5,2022,20,50,CR-7,4,Calle del Condado,Rural,Colector Mayor,County Highway Agency,0,Sin jurisdiccion especial,0,32.16826389,-85.88933333,Peaton,El primer evento no fue una colision con un vehiculo automotor en transporte,Not an Intersection,No fue interseccion,Sobre calle,Ninguna,Dia total,Despejado,No,NO APLICA,99,99,21,15,1,05/09/2022,1
1,Alabama,10612,0,0,2,0,17,CHAMBERS (17),0,NO APLICA,9,Septiembre,5,2022,5,30,SR-50,3,Highway estatal,Rural,Arteria Menor,State Highway Agency,0,Sin jurisdiccion especial,501,32.85049444,-85.26206944,Vehiculo en movimiento,Frente a frente,Not an Intersection,No fue interseccion,Sobre calle,Ninguna,Oscuro sin iluminacion,Neblina o Humo,No,NO APLICA,5,30,5,50,2,05/09/2022,7
1,Alabama,10613,0,0,2,0,73,JEFFERSON (73),350,BIRMINGHAM,9,Septiembre,6,2022,14,0,HOLLYWOOD LN,6,Calle Local Municipalidad,Urbano,Local,City or Municipal Highway Agency,0,Sin jurisdiccion especial,0,33.46516944,-86.95362778,Vehiculo en movimiento,Angulo,Y-Intersection,Interseccion de Y,Sobre calle,Ninguna,Dia total,Despejado,No,NO APLICA,14,0,14,14,1,06/09/2022,2
1,Alabama,10614,0,0,1,0,9,BLOUNT (9),2330,ONEONTA,9,Septiembre,6,2022,9,19,HIGH SCHOOL ST,6,Calle Local Municipalidad,Urbano,Arteria Menor,City or Municipal Highway Agency,0,Sin jurisdiccion especial,0,33.94814444,-86.47258333,Otro objeto (fijo),El primer evento no fue una colision con un vehiculo automotor en transporte,Not an Intersection,No fue interseccion,Fuera de la calle,Ninguna,Dia total,Nublado,No,NO APLICA,9,24,9,30,1,06/09/2022,1
1,Alabama,10615,0,0,1,0,89,MADISON (89),0,NO APLICA,9,Septiembre,6,2022,11,50,CR-CHERRY TREE RD,4,Calle del Condado,Rural,Colector Mayor,County Highway Agency,0,Sin jurisdiccion especial,0,34.61390833,-86.37498611,Volcadura,El primer evento no fue una colision con un vehiculo automotor en transporte,Not an Intersection,No fue interseccion,Sobre calle,Ninguna,Dia total,Despejado,No,NO APLICA,11,57,12,19,1,06/09/2022,2
1,Alabama,10616,0,0,2,0,103,MORGAN (103),0,NO APLICA,9,Septiembre,6,2022,8,50,SR-36,3,Highway estatal,Rural,Arteria Menor,State Highway Agency,0,Sin jurisdiccion especial,355,34.46895556,-86.70491944,Vehiculo en movimiento,Frente a frente,Not an Intersection,No fue interseccion,Sobre calle,Ninguna,Dia total,Despejado,No,NO APLICA,8,55,9,2,1,06/09/2022,3
1,Alabama,10617,1,1,1,0,101,MONTGOMERY (101),2130,MONTGOMERY,9,Septiembre,7,2022,2,32,E SOUTH BLVD SERVICE RD,6,Calle Local Municipalidad,Urbano,Local,City or Municipal Highway Agency,0,Sin jurisdiccion especial,0,32.32693333,-86.28846667,Peaton,El primer evento no fue una colision con un vehiculo automotor en transporte,T-Intersection,Interseccion de T,Sobre calle,Ninguna,Oscuro - iluminacion desconocida,Despejado,No,NO APLICA,2,58,3,11,1,07/09/2022,1
1,Alabama,10618,0,0,1,0,83,LIMESTONE (83),0,NO APLICA,9,Septiembre,7,2022,13,53,US-72 SR-2,2,US Highway,Urbano,Arteria Principal,State Highway Agency,1,Sin jurisdiccion especial,838,34.75228333,-86.82433611,Poste,El primer evento no fue una colision con un vehiculo automotor en transporte,Not an Intersection,No fue interseccion,Sobre el lado de la calle,Ninguna,Dia total,Despejado,No,NO APLICA,13,59,14,12,1,07/09/2022,1
1,Alabama,10619,0,0,2,0,83,LIMESTONE (83),0,NO APLICA,9,Septiembre,9,2022,7,25,CR-ZEHNER RD,4,Calle del Condado,Rural,Colector Mayor,County Highway Agency,0,Sin jurisdiccion especial,0,34.75399722,-87.07228611,Vehiculo en movimiento,Angulo,Four-Way Intersection,Interseccion de 4 direcciones,Sobre calle,Ninguna,Dia total,Despejado,No,NO APLICA,7,29,7,43,1,09/09/2022,5
1,Alabama,10620,0,0,2,0,85,LOWNDES (85),0,NO APLICA,9,Septiembre,9,2022,16,27,I-65,1,Interestatal,Rural,Interestatal,State Highway Agency,1,Sin jurisdiccion especial,1548,32.15730278,-86.43569722,Vehiculo en movimiento,Frente a Detrás,Not an Intersection,No fue interseccion,Sobre calle,Ninguna,Dia total,Nublado,No,NO APLICA,16,27,16,43,1,09/09/2022,3
1,Alabama,10621,0,0,1,0,55,ETOWAH (55),0,NO APLICA,9,Septiembre,10,2022,18,40,CR-CENTRE RD,4,Calle del Condado,Rural,Colector Mayor,County Highway Agency,0,Sin jurisdiccion especial,0,34.04537778,-85.81449444,Culvert,El primer evento no fue una colision con un vehiculo automotor en transporte,Not an Intersection,No fue interseccion,Sobre el lado de la calle,Ninguna,Oscuro con iluminacion,Nublado,No,NO APLICA,18,40,18,50,1,10/09/2022,1
1,Alabama,10622,0,0,1,0,21,CHILTON (21),0,NO APLICA,9,Septiembre,10,2022,16,10,CR-42,4,Calle del Condado,Rural,Colector Mayor,County Highway Agency,0,Sin jurisdiccion especial,0,32.98464722,-86.66865833,Volcadura,El primer evento no fue una colision con un vehiculo automotor en transporte,Not an Intersection,No fue interseccion,Sobre el lado de la calle,Ninguna,Dia total,Nublado,No,NO APLICA,16,10,16,23,1,10/09/2022,1
1,Alabama,10623,1,1,1,0,101,MONTGOMERY (101),2130,MONTGOMERY,9,Septiembre,10,2022,21,37,E SOUTH BLVD,6,Calle Local Municipalidad,Urbano,Arteria Principal,State Highway Agency,1,Sin jurisdiccion especial,0,32.32723056,-86.25878889,Peaton,El primer evento no fue una colision con un vehiculo automotor en transporte,Not an Intersection,No fue interseccion,Sobre calle,Ninguna,Oscuro con iluminacion,Despejado,No,NO APLICA,21,37,21,43,1,10/09/2022,1
1,Alabama,10624,0,0,1,0,87,MACON (87),3070,TUSKEGEE,9,Septiembre,11,2022,7,0,SR-8,3,Highway estatal,Urbano,Arteria Menor,State Highway Agency,0,Sin jurisdiccion especial,1740,32.42904444,-85.6802,Acotamiento,El primer evento no fue una colision con un vehiculo automotor en transporte,Not an Intersection,No fue interseccion,Sobre el lado de la calle,Ninguna,Dia total,lluvia,No,NO APLICA,7,6,7,52,1,11/09/2022,1