Estado,Nombre de Estado,Numero de Caso,Peatones,Personas _no_vehiculos,Vehiculos automotores,Vehiculos estacionados,Condado,Nombre Condado,Ciudad,Nombre Ciudad,Mes,Nombre Mes,Dia,Año,Hora,Minuto,Calle,Ruta,Nombre Ruta,Rural o Urbanoo,Sistema Funcional,Dueño Calle,Sistema Nacional Carreteras,Jurisdiccion Especial,Milla,Latitud,Longitud,Causa del Accidente,Tipo de Accidente,Tipo Interseccion,Columna1,Lugar en la calle,Zona de Trabajo,Luz,Clima,Autobus Escolar,Cruce de Trenes,Hora Notificacion,Minuto Notificacion,Hora Llegada,Minuto Llegada,Decesos,Fecha,PersonaVehiculo
1,Alabama,10625,0,0,2,0,97,MOBILE (97),2100,MOBILE,9,Septiembre,11,2022,1,23,I-65 SERVICE RD,7,Calle Local,Urbano,Colector Mayor,State Highway Agency,0,Sin jurisdiccion especial,80,30.73423889,-88.11669444,Vehiculo en movimiento,Frente a frente,Not an Intersection,No fue interseccion,Sobre calle,Ninguna,Oscuro sin iluminacion,Despejado,No,NO APLICA,1,27,1,45,2,11/09/2022,4
1,Alabama,10626,0,0,1,0,73,JEFFERSON (73),350,BIRMINGHAM,9,Septiembre,11,2022,19,30,WILSON RD,6,Calle Local Municipalidad,Urbano,Colector Mayor,City or Municipal Highway Agency,0,Sin jurisdiccion especial,0,33.453025,-86.88505278,Volcadura,El primer evento no fue una colision con un vehiculo automotor en transporte,Not an Intersection,No fue interseccion,Sobre calle,Ninguna,Oscuro con iluminacion,lluvia,No,NO APLICA,19,30,19,39,1,11/09/2022,2
1,Alabama,10627,0,0,2,0,9,BLOUNT (9),715,CLEVELAND,9,Septiembre,11,2022,14,22,CR-SWANN BRIDGE RD,4,Calle del Condado,Rural,Local,County Highway Agency,0,Sin jurisdiccion especial,0,33.99470556,-86.58227222,Vehiculo en movimiento,Angulo,Four-Way Intersection,Interseccion de 4 direcciones,Sobre calle,Ninguna,Dia total,Despejado,No,NO APLICA,14,22,14,50,1,11/09/2022,3
1,Alabama,10628,0,0,2,0,101,MONTGOMERY (101),2130,MONTGOMERY,9,Septiembre,12,2022,11,6,I-85,1,Interestatal,Urbano,Interestatal,State Highway Agency,1,Sin jurisdiccion especial,4,32.35898889,-86.24758889,Vehiculo en movimiento,Frente a Detrás,Not an Intersection,No fue interseccion,Sobre calle,Ninguna,Dia total,Despejado,No,NO APLICA,11,7,11,16,1,12/09/2022,2
1,Alabama,10629,0,0,1,0,123,TALLAPOOSA (123),0,NO APLICA,9,Septiembre,13,2022,12,0,CR-DUDLEYVILLE RD,4,Calle del Condado,Rural,Colector Mayor,County Highway Agency,0,Sin jurisdiccion especial,0,32.91053611,-85.67387778,Acotamiento,El primer evento no fue una colision con un vehiculo automotor en transporte,Not an Intersection,No fue interseccion,Sobre el lado de la calle,Ninguna,Dia total,Despejado,No,NO APLICA,12,21,12,31,2,13/09/2022,2
1,Alabama,10630,0,0,1,0,13,BUTLER (13),0,NO APLICA,9,Septiembre,14,2022,16,15,I-65,1,Interestatal,Rural,Interestatal,State Highway Agency,1,Sin jurisdiccion especial,1147,31.65696111,-86.7689,Puente de Ferrocarril,El primer evento no fue una colision con un vehiculo automotor en transporte,Not an Intersection,No fue interseccion,En el medio,Ninguna,Dia total,Despejado,No,NO APLICA,16,27,16,34,1,14/09/2022,2
1,Alabama,10631,0,0,1,0,73,JEFFERSON (73),330,BESSEMER,9,Septiembre,15,2022,23,50,SR-5,3,Highway estatal,Urbano,Arteria Principal,State Highway Agency,1,Sin jurisdiccion especial,1130,33.42729722,-86.944125,Alguien se cayo/avento del vehiculo,El primer evento no fue una colision con un vehiculo automotor en transporte,Not an Intersection,No fue interseccion,Sobre calle,Ninguna,Oscuro con iluminacion,Despejado,No,NO APLICA,23,50,23,57,1,15/09/2022,1
1,Alabama,10632,0,0,1,0,19,CHEROKEE (19),0,NO APLICA,9,Septiembre,15,2022,6,35,CR-115,4,Calle del Condado,Rural,Local,County Highway Agency,0,Sin jurisdiccion especial,0,34.23611667,-85.50982778,Culvert,El primer evento no fue una colision con un vehiculo automotor en transporte,Not an Intersection,No fue interseccion,Sobre el lado de la calle,Ninguna,Dia total,Despejado,No,NO APLICA,6,35,6,53,1,15/09/2022,1
1,Alabama,10633,0,0,1,0,109,PIKE (109),0,NO APLICA,9,Septiembre,15,2022,21,0,CR-3339,4,Calle del Condado,Rural,Colector Menor,County Highway Agency,0,Sin jurisdiccion especial,0,31.66619722,-85.93745278,Barda,El primer evento no fue una colision con un vehiculo automotor en transporte,Not an Intersection,No fue interseccion,Sobre el lado de la calle,Ninguna,Oscuro sin iluminacion,Despejado,No,NO APLICA,21,4,21,26,2,15/09/2022,2
1,Alabama,10634,0,0,2,0,81,LEE (81),0,NO APLICA,9,Septiembre,16,2022,6,48,CR-146,4,Calle del Condado,Rural,Arteria Menor,County Highway Agency,0,Sin jurisdiccion especial,0,32.56704444,-85.37866111,Vehiculo en movimiento,Golpe Lateral - direccion contraria,Not an Intersection,No fue interseccion,Sobre calle,Ninguna,Amanecer,Despejado,No,NO APLICA,6,52,7,7,1,16/09/2022,2
1,Alabama,10635,0,0,2,0,113,RUSSELL (113),0,NO APLICA,9,Septiembre,16,2022,18,1,SR-26,3,Highway estatal,Rural,Arteria Menor,State Highway Agency,0,Sin jurisdiccion especial,146,32.29931111,-85.18003056,Vehiculo en movimiento,Angulo,Four-Way Intersection,Interseccion de 4 direcciones,Sobre calle,Ninguna,Dia total,Despejado,No,NO APLICA,18,2,18,14,1,16/09/2022,5
1,Alabama,10636,1,1,1,0,69,HOUSTON (69),930,DOTHAN,9,Septiembre,17,2022,20,15,SIXTH AVE,6,Calle Local Municipalidad,Urbano,Colector Mayor,City or Municipal Highway Agency,0,Sin jurisdiccion especial,0,31.2169,-85.37471944,Ciclista,El primer evento no fue una colision con un vehiculo automotor en transporte,Not an Intersection,No fue interseccion,Sobre calle,Ninguna,Oscuro con iluminacion,Despejado,No,NO APLICA,20,17,20,27,1,17/09/2022,2
1,Alabama,10637,0,0,1,0,83,LIMESTONE (83),0,NO APLICA,9,Septiembre,17,2022,14,50,CR-HARVEST RD,4,Calle del Condado,Urbano,Colector Mayor,City or Municipal Highway Agency,0,Sin jurisdiccion especial,0,34.86104167,-86.85308889,Arbol,El primer evento no fue una colision con un vehiculo automotor en transporte,Not an Intersection,No fue interseccion,Sobre el lado de la calle,Ninguna,Dia total,Despejado,No,NO APLICA,14,50,15,3,1,17/09/2022,2
1,Alabama,10638,0,0,3,0,1,AUTAUGA (1),2540,PRATTVILLE,9,Septiembre,17,2022,19,55,SR-14,3,Highway estatal,Urbano,Arteria Menor,State Highway Agency,0,Sin jurisdiccion especial,1487,32.43073333,-86.50791944,Vehiculo en movimiento,Frente a frente,T-Intersection,Interseccion de T,Sobre calle,Ninguna,Oscuro con iluminacion,Despejado,No,NO APLICA,99,99,20,7,1,17/09/2022,4
1,Alabama,10639,0,0,1,0,89,MADISON (89),1730,HUNTSVILLE,9,Septiembre,17,2022,22,25,BOEING BLVD SW,6,Calle Local Municipalidad,Urbano,Arteria Menor,City or Municipal Highway Agency,0,Sin jurisdiccion especial,0,34.62295833,-86.76604444,Otra barrera de trafico,El primer evento no fue una colision con un vehiculo automotor en transporte,Not an Intersection,No fue interseccion,Sobre el lado de la calle,Construccion,Oscuro sin iluminacion,Despejado,No,NO APLICA,22,21,22,55,1,17/09/2022,1
1,Alabama,10640,0,0,2,0,49,DEKALB (49),2564,RAINSVILLE,9,Septiembre,17,2022,9,13,CARLYLE RD,6,Calle Local Municipalidad,Rural,Colector Menor,City or Municipal Highway Agency,0,Sin jurisdiccion especial,0,34.52847778,-85.82965,Vehiculo en movimiento,Frente a frente,Not an Intersection,No fue interseccion,Sobre calle,Ninguna,Dia total,Despejado,No,NO APLICA,9,16,9,24,1,17/09/2022,3
1,Alabama,10641,0,0,4,0,117,SHELBY (117),2405,PELHAM,9,Septiembre,18,2022,1,39,I-65,1,Interestatal,Urbano,Interestatal,State Highway Agency,1,Sin jurisdiccion especial,2426,33.29223889,-86.79790556,Vehiculo en movimiento,Frente a Detrás,Not an Intersection,No fue interseccion,Sobre calle,Ninguna,Oscuro sin iluminacion,Despejado,No,NO APLICA,1,39,1,49,1,18/09/2022,4
1,Alabama,10642,0,0,1,0,29,CLEBURNE (29),0,NO APLICA,9,Septiembre,18,2022,8,50,I-20,1,Interestatal,Rural,Interestatal,State Highway Agency,1,Sin jurisdiccion especial,1952,33.61674167,-85.66618056,Acotamiento,El primer evento no fue una colision con un vehiculo automotor en transporte,Not an Intersection,No fue interseccion,Sobre el lado de la calle,Ninguna,Dia total,Despejado,No,NO APLICA,8,50,8,55,1,18/09/2022,1
1,Alabama,10643,0,0,4,3,73,JEFFERSON (73),350,BIRMINGHAM,9,Septiembre,18,2022,15,17,35TH AVE N,6,Calle Local Municipalidad,Urbano,Local,City or Municipal Highway Agency,0,Sin jurisdiccion especial,0,33.55612778,-86.82187778,Vehiculo Aparcado,El primer evento no fue una colision con un vehiculo automotor en transporte,Not an Intersection,No fue interseccion,En estacionamiento,Ninguna,Dia total,Despejado,No,NO APLICA,15,18,15,23,1,18/09/2022,1
1,Alabama,10644,1,1,1,0,3,BALDWIN (3),0,NO APLICA,9,Septiembre,18,2022,5,28,CR-12,4,Calle del Condado,Urbano,Colector Mayor,County Highway Agency,0,Sin jurisdiccion especial,0,30.35564722,-87.69358889,Peaton,El primer evento no fue una colision con un vehiculo automotor en transporte,Not an Intersection,No fue interseccion,Sobre el lado de la calle,Ninguna,Amanecer,Despejado,No,NO APLICA,5,52,5,55,1,18/09/2022,1
1,Alabama,10645,0,0,1,0,121,TALLADEGA (121),0,NO APLICA,9,Septiembre,18,2022,16,14,CR-JENIFER RD,4,Calle del Condado,Rural,Arteria Menor,County Highway Agency,0,Sin jurisdiccion especial,0,33.54480278,-85.94410556,Buzon de correo,El primer evento no fue una colision con un vehiculo automotor en transporte,Not an Intersection,No fue interseccion,Sobre el lado de la calle,Ninguna,Dia total,Despejado,No,NO APLICA,16,14,16,30,1,18/09/2022,1
1,Alabama,10646,1,1,1,0,69,HOUSTON (69),930,DOTHAN,9,Septiembre,19,2022,23,11,SR-210,3,Highway estatal,Urbano,Arteria Principal,State Highway Agency,1,Sin jurisdiccion especial,0,31.24835,-85.37753889,Peaton,El primer evento no fue una colision con un vehiculo automotor en transporte,Four-Way Intersection,Interseccion de 4 direcciones,Sobre calle,Ninguna,Oscuro con iluminacion,Despejado,No,NO APLICA,23,14,23,19,1,19/09/2022,1
1,Alabama,10647,0,0,1,0,11,BULLOCK (11),0,NO APLICA,9,Septiembre,19,2022,2,40,SR-110,3,Highway estatal,Rural,Arteria Menor,State Highway Agency,0,Sin jurisdiccion especial,207,32.21637222,-85.91698056,Barda,El primer evento no fue una colision con un vehiculo automotor en transporte,Not an Intersection,No fue interseccion,Sobre el lado de la calle,Ninguna,Oscuro sin iluminacion,Despejado,No,NO APLICA,2,47,2,48,1,19/09/2022,1
1,Alabama,10648,0,0,2,0,73,JEFFERSON (73),0,NO APLICA,9,Septiembre,19,2022,16,21,SR-5,3,Highway estatal,Urbano,Colector Mayor,State Highway Agency,0,Sin jurisdiccion especial,0,33.60761944,-86.95818056,Vehiculo en movimiento,Angulo,Four-Way Intersection,Interseccion de 4 direcciones,Sobre calle,Ninguna,Dia total,Despejado,No,NO APLICA,16,21,16,25,1,19/09/2022,2
1,Alabama,10649,0,0,1,0,127,WALKER (127),0,NO APLICA,9,Septiembre,20,2022,14,10,SR-69,3,Highway estatal,Rural,Arteria Menor,State Highway Agency,0,Sin jurisdiccion especial,2136,33.89483611,-87.15627222,Arbol,El primer evento no fue una colision con un vehiculo automotor en transporte,Not an Intersection,No fue interseccion,Sobre el lado de la calle,Ninguna,Dia total,Despejado,No,NO APLICA,14,10,14,27,1,20/09/2022,1
1,Alabama,10650,0,0,3,0,73,JEFFERSON (73),350,BIRMINGHAM,9,Septiembre,20,2022,17,30,FINLEY BLVD,6,Calle Local Municipalidad,Urbano,Arteria Menor,City or Municipal Highway Agency,0,Sin jurisdiccion especial,0,33.53376111,-86.84177222,Vehiculo en movimiento,Angulo,Four-Way Intersection,Interseccion de 4 direcciones,Sobre calle,Ninguna,Dia total,Despejado,No,NO APLICA,17,34,17,41,1,20/09/2022,3
1,Alabama,10651,0,0,2,0,113,RUSSELL (113),0,NO APLICA,9,Septiembre,20,2022,17,5,SR-165,3,Highway estatal,Rural,Colector Mayor,State Highway Agency,0,Sin jurisdiccion especial,204,32.25594167,-85.00145,Vehiculo en movimiento,Golpe Lateral - direccion contraria,Not an Intersection,No fue interseccion,Sobre calle,Ninguna,Dia total,Despejado,No,NO APLICA,17,10,17,30,1,20/09/2022,2
1,Alabama,10652,0,0,1,0,31,COFFEE (31),1010,ELBA,9,Septiembre,21,2022,11,0,US-84 SR-12,2,US Highway,Rural,Arteria Principal,State Highway Agency,1,Sin jurisdiccion especial,1610,31.4148,-86.11076389,Alguien se cayo/avento del vehiculo,El primer evento no fue una colision con un vehiculo automotor en transporte,Not an Intersection,No fue interseccion,Sobre el lado de la calle,Ninguna,Dia total,Despejado,No,NO APLICA,11,0,11,7,1,21/09/2022,1
1,Alabama,10653,0,0,2,0,73,JEFFERSON (73),0,NO APLICA,9,Septiembre,21,2022,99,99,CR-CORNER SCHOOL RD,4,Calle del Condado,Rural,Colector Mayor,County Highway Agency,0,Sin jurisdiccion especial,0,33.76783056,-86.93537222,Vehiculo en movimiento,Frente a frente,Not an Intersection,No fue interseccion,Sobre calle,Ninguna,Dia total,Despejado,No,NO APLICA,99,99,18,0,2,21/09/2022,3
1,Alabama,10654,0,0,1,0,73,JEFFERSON (73),0,NO APLICA,9,Septiembre,21,2022,11,59,CR-TOADVINE RD,4,Calle del Condado,Rural,Colector Mayor,County Highway Agency,0,Sin jurisdiccion especial,0,33.49836389,-87.1553,Arbol,El primer evento no fue una colision con un vehiculo automotor en transporte,Not an Intersection,No fue interseccion,Sobre el lado de la calle,Ninguna,Dia total,Despejado,No,NO APLICA,11,59,12,12,1,21/09/2022,1
1,Alabama,10655,0,0,2,0,117,SHELBY (117),2120,MONTEVALLO,9,Septiembre,22,2022,11,21,SR-119,3,Highway estatal,Urbano,Arteria Principal,State Highway Agency,0,Sin jurisdiccion especial,16,33.11411389,-86.85707222,Vehiculo en movimiento,Frente a frente,Not an Intersection,No fue interseccion,Sobre calle,Ninguna,Dia total,Despejado,No,NO APLICA,11,21,11,27,1,22/09/2022,3
1,Alabama,10656,1,1,1,0,73,JEFFERSON (73),0,NO APLICA,9,Septiembre,22,2022,14,14,CR-LOCK 17 RD,4,Calle del Condado,Rural,Colector Mayor,County Highway Agency,0,Sin jurisdiccion especial,0,33.46785278,-87.095725,Peaton,El primer evento no fue una colision con un vehiculo automotor en transporte,Not an Intersection,No fue interseccion,Sobre calle,Ninguna,Dia total,Nublado,No,NO APLICA,14,14,14,20,1,22/09/2022,1
1,Alabama,10657,0,0,2,0,85,LOWNDES (85),0,NO APLICA,9,Septiembre,23,2022,15,40,CR-26,4,Calle del Condado,Rural,Colector Mayor,County Highway Agency,0,Sin jurisdiccion especial,0,32.18500556,-86.56495833,Vehiculo en movimiento,Frente a frente,Not an Intersection,No fue interseccion,Sobre calle,Ninguna,Dia total,Despejado,No,NO APLICA,15,45,15,47,1,23/09/2022,3
1,Alabama,10658,0,0,1,0,73,JEFFERSON (73),350,BIRMINGHAM,9,Septiembre,24,2022,18,59,21ST PL S,6,Calle Local Municipalidad,Urbano,Local,City or Municipal Highway Agency,0,Sin jurisdiccion especial,0,33.49931389,-86.79253056,Volcadura,El primer evento no fue una colision con un vehiculo automotor en transporte,Not an Intersection,No fue interseccion,Sobre calle,Ninguna,Atardecer,Despejado,No,NO APLICA,99,99,19,5,1,24/09/2022,1
1,Alabama,10659,0,0,1,0,61,GENEVA (61),0,NO APLICA,9,Septiembre,24,2022,3,10,CR-COTTON BOX RD,4,Calle del Condado,Rural,Local,County Highway Agency,0,Sin jurisdiccion especial,0,31.07073611,-85.58033889,Zanja,El primer evento no fue una colision con un vehiculo automotor en transporte,Not an Intersection,No fue interseccion,Sobre el lado de la calle,Ninguna,Oscuro sin iluminacion,Despejado,No,NO APLICA,3,10,3,27,1,24/09/2022,3
1,Alabama,10660,0,0,1,0,81,LEE (81),0,NO APLICA,9,Septiembre,24,2022,14,48,CR-LEE RD 145,4,Calle del Condado,Rural,Local,County Highway Agency,0,Sin jurisdiccion especial,0,32.59012778,-85.21953889,Arbol,El primer evento no fue una colision con un vehiculo automotor en transporte,Not an Intersection,No fue interseccion,Sobre el lado de la calle,Ninguna,Dia total,Despejado,No,NO APLICA,99,99,15,13,1,24/09/2022,1
1,Alabama,10661,0,0,1,0,51,ELMORE (51),0,NO APLICA,9,Septiembre,25,2022,2,35,CR-WILLIAMS RD,4,Calle del Condado,Rural,Colector Mayor,County Highway Agency,0,Sin jurisdiccion especial,7,32.58773056,-86.16096944,Volcadura,El primer evento no fue una colision con un vehiculo automotor en transporte,Not an Intersection,No fue interseccion,Sobre calle,Ninguna,Oscuro sin iluminacion,Despejado,No,NO APLICA,2,35,2,50,1,25/09/2022,1
1,Alabama,10662,0,0,2,0,97,MOBILE (97),2100,MOBILE,9,Septiembre,25,2022,6,29,SR-193,3,Highway estatal,Urbano,Arteria Principal,State Highway Agency,0,Sin jurisdiccion especial,209,30.53085556,-88.123475,Vehiculo en movimiento,Frente a frente,Not an Intersection,No fue interseccion,Sobre calle,Ninguna,Amanecer,Despejado,No,NO APLICA,6,29,6,43,1,25/09/2022,2
1,Alabama,10663,0,0,1,0,49,DEKALB (49),0,NO APLICA,9,Septiembre,26,2022,4,44,CR-667,4,Calle del Condado,Rural,Local,County Highway Agency,0,Sin jurisdiccion especial,0,34.62131389,-85.664825,Zanja,El primer evento no fue una colision con un vehiculo automotor en transporte,Not an Intersection,No fue interseccion,Sobre el lado de la calle,Ninguna,Oscuro sin iluminacion,Despejado,No,NO APLICA,5,50,6,37,1,26/09/2022,1
1,Alabama,10664,0,0,2,0,97,MOBILE (97),2100,MOBILE,9,Septiembre,21,2022,17,25,I-10,1,Interestatal,Urbano,Interestatal,State Highway Agency,1,Sin jurisdiccion especial,253,30.67826667,-88.04326944,Vehiculo en movimiento,Frente a Detrás,Not an Intersection,No fue interseccion,Sobre calle,Ninguna,Dia total,Despejado,No,NO APLICA,17,27,17,35,1,21/09/2022,2
1,Alabama,10665,0,0,2,0,15,CALHOUN (15),2460,PIEDMONT,9,Septiembre,26,2022,5,15,US-278 SR-74,2,US Highway,Urbano,Arteria Principal,State Highway Agency,1,Sin jurisdiccion especial,1565,33.93281667,-85.62275556,Vehiculo en movimiento,Angulo,Four-Way Intersection,Interseccion de 4 direcciones,Sobre calle,Ninguna,Oscuro con iluminacion,Neblina o Humo,No,NO APLICA,5,15,5,19,1,26/09/2022,3
1,Alabama,10666,0,0,4,0,125,TUSCALOOSA (125),0,NO APLICA,9,Septiembre,26,2022,16,11,I-59,1,Interestatal,Rural,Interestatal,State Highway Agency,1,Sin jurisdiccion especial,680,33.15106111,-87.60513611,Vehiculo en movimiento,Frente a Detrás,Not an Intersection,No fue interseccion,Sobre calle,"Zona de trabajo, tipo desconocido",Dia total,Despejado,No,NO APLICA,16,12,16,35,2,26/09/2022,8
1,Alabama,10667,0,0,1,0,85,LOWNDES (85),0,NO APLICA,9,Septiembre,28,2022,15,46,CR-82,4,Calle del Condado,Rural,Colector Mayor,County Highway Agency,0,Sin jurisdiccion especial,0,31.99523333,-86.46015556,Arbol,El primer evento no fue una colision con un vehiculo automotor en transporte,Not an Intersection,No fue interseccion,Sobre el lado de la calle,Ninguna,Dia total,Despejado,No,NO APLICA,99,99,16,20,1,28/09/2022,1
1,Alabama,10668,1,1,1,0,99,MONROE (99),0,NO APLICA,9,Septiembre,29,2022,4,30,SR-136,3,Highway estatal,Rural,Colector Mayor,State Highway Agency,0,Sin jurisdiccion especial,17,31.449375,-87.33792222,Peaton,El primer evento no fue una colision con un vehiculo automotor en transporte,Not an Intersection,No fue interseccion,Sobre calle,Ninguna,Oscuro sin iluminacion,Despejado,No,NO APLICA,4,25,4,31,1,29/09/2022,1
1,Alabama,10669,0,0,1,0,9,BLOUNT (9),0,NO APLICA,9,Septiembre,29,2022,17,0,CR-NEW HARMONY RD,4,Calle del Condado,Rural,Colector Mayor,County Highway Agency,0,Sin jurisdiccion especial,0,34.23966667,-86.51079167,Zanja,El primer evento no fue una colision con un vehiculo automotor en transporte,Not an Intersection,No fue interseccion,Sobre el lado de la calle,Ninguna,Dia total,Despejado,No,NO APLICA,17,0,17,20,1,29/09/2022,3
1,Alabama,10670,0,0,2,0,101,MONTGOMERY (101),2130,MONTGOMERY,9,Septiembre,23,2022,10,45,I-85,1,Interestatal,Urbano,Interestatal,State Highway Agency,1,Sin jurisdiccion especial,90,32.36084167,-86.17681111,Vehiculo en movimiento,Frente a Detrás,Not an Intersection,No fue interseccion,Sobre calle,Ninguna,Dia total,Despejado,No,NO APLICA,10,45,10,53,1,23/09/2022,2
1,Alabama,10671,0,0,2,0,95,MARSHALL (95),0,NO APLICA,9,Septiembre,29,2022,7,50,SR-69,3,Highway estatal,Urbano,Arteria Menor,State Highway Agency,0,Sin jurisdiccion especial,2755,34.36085278,-86.38269722,Vehiculo en movimiento,Frente a Detrás,Not an Intersection,No fue interseccion,Sobre calle,Ninguna,Dia total,Despejado,No,NO APLICA,7,46,7,56,1,29/09/2022,2
1,Alabama,10672,0,0,3,0,95,MARSHALL (95),1500,GUNTERSVILLE,9,Septiembre,30,2022,22,32,US-431 SR-1,2,US Highway,Urbano,Arteria Principal,State Highway Agency,1,Sin jurisdiccion especial,2926,34.32882222,-86.314125,Vehiculo en movimiento,Frente a Detrás,Not an Intersection,No fue interseccion,Sobre calle,Ninguna,Oscuro con iluminacion,Despejado,No,NO APLICA,22,28,22,34,2,30/09/2022,5
1,Alabama,10673,0,0,1,0,81,LEE (81),0,NO APLICA,10,Octubre,2,2022,0,33,CR- LEE RD 54,4,Calle del Condado,Urbano,Arteria Menor,County Highway Agency,0,Sin jurisdiccion especial,0,32.59489167,-85.39936667,Arbol,El primer evento no fue una colision con un vehiculo automotor en transporte,Not an Intersection,No fue interseccion,Sobre el lado de la calle,Ninguna,Oscuro sin iluminacion,Despejado,No,NO APLICA,0,36,0,47,1,02/10/2022,1
1,Alabama,10674,1,1,1,0,109,PIKE (109),0,NO APLICA,10,Octubre,2,2022,21,55,US-231 SR-53,2,US Highway,Rural,Arteria Principal,State Highway Agency,1,Sin jurisdiccion especial,629,31.68036389,-85.82467778,Peaton,El primer evento no fue una colision con un vehiculo automotor en transporte,T-Intersection,Interseccion de T,Sobre calle,Ninguna,Oscuro sin iluminacion,Despejado,No,NO APLICA,21,57,22,12,1,02/10/2022,1
1,Alabama,10675,1,1,1,0,73,JEFFERSON (73),350,BIRMINGHAM,9,Septiembre,23,2022,5,13,UNIVERSITY BLVD,6,Calle Local Municipalidad,Urbano,Colector Mayor,City or Municipal Highway Agency,0,Sin jurisdiccion especial,0,33.50981389,-86.788175,Peaton,El primer evento no fue una colision con un vehiculo automotor en transporte,Not an Intersection,No fue interseccion,Sobre calle,Ninguna,Oscuro sin iluminacion,Despejado,No,NO APLICA,5,13,5,20,1,23/09/2022,1
1,Alabama,10676,0,0,2,0,91,MARENGO (91),0,NO APLICA,10,Octubre,2,2022,0,25,US-43 SR-13,2,US Highway,Rural,Arteria Principal,State Highway Agency,1,Sin jurisdiccion especial,1054,32.10721667,-87.78178333,Vehiculo en movimiento,Frente a frente,Not an Intersection,No fue interseccion,Sobre calle,Ninguna,Oscuro sin iluminacion,Despejado,No,NO APLICA,0,34,0,36,1,02/10/2022,2
1,Alabama,10677,0,0,2,0,97,MOBILE (97),0,NO APLICA,10,Octubre,2,2022,16,8,US-98 SR-42,2,US Highway,Rural,Arteria Principal,State Highway Agency,1,Sin jurisdiccion especial,151,30.75509167,-88.21221944,Volcadura,El primer evento no fue una colision con un vehiculo automotor en transporte,Not an Intersection,No fue interseccion,Sobre calle,Ninguna,Dia total,Despejado,No,NO APLICA,16,10,16,19,1,02/10/2022,2
1,Alabama,10678,0,0,2,0,43,CULLMAN (43),0,NO APLICA,10,Octubre,3,2022,14,30,US-278 SR-74,2,US Highway,Rural,Arteria Principal,State Highway Agency,0,Sin jurisdiccion especial,721,34.19461667,-86.94755278,Vehiculo en movimiento,Angulo,T-Intersection,Interseccion de T,Sobre calle,Ninguna,Dia total,Despejado,No,NO APLICA,14,34,14,44,1,03/10/2022,2
1,Alabama,10679,0,0,1,0,73,JEFFERSON (73),350,BIRMINGHAM,10,Octubre,3,2022,23,37,JOHN RODGERS DR,6,Calle Local Municipalidad,Urbano,Arteria Menor,City or Municipal Highway Agency,0,Sin jurisdiccion especial,0,33.56387222,-86.66450278,Acotamiento,El primer evento no fue una colision con un vehiculo automotor en transporte,Not an Intersection,No fue interseccion,Sobre el lado de la calle,Ninguna,Oscuro con iluminacion,Despejado,No,NO APLICA,23,37,23,45,1,03/10/2022,1
1,Alabama,10680,0,0,1,0,83,LIMESTONE (83),0,NO APLICA,10,Octubre,4,2022,8,36,US-72 SR-2,2,US Highway,Urbano,Arteria Principal,State Highway Agency,1,Sin jurisdiccion especial,722,34.79111944,-87.01743889,Poste de Señal de trafico,El primer evento no fue una colision con un vehiculo automotor en transporte,Not an Intersection,No fue interseccion,Sobre el lado de la calle,Ninguna,Dia total,Despejado,No,NO APLICA,8,28,8,31,1,04/10/2022,1
1,Alabama,10681,0,0,1,0,33,COLBERT (33),2780,SHEFFIELD,10,Octubre,4,2022,13,0,COX BLVD,6,Calle Local Municipalidad,Urbano,Arteria Menor,City or Municipal Highway Agency,0,Sin jurisdiccion especial,0,34.74784444,-87.68064722,Arbol,El primer evento no fue una colision con un vehiculo automotor en transporte,Not an Intersection,No fue interseccion,Sobre el lado de la calle,Ninguna,Dia total,Despejado,No,NO APLICA,13,13,13,18,1,04/10/2022,1
1,Alabama,10682,0,0,1,0,33,COLBERT (33),0,NO APLICA,10,Octubre,5,2022,5,46,CR-52,4,Calle del Condado,Rural,Arteria Menor,County Highway Agency,0,Sin jurisdiccion especial,0,34.686925,-87.68744722,Zanja,El primer evento no fue una colision con un vehiculo automotor en transporte,T-Intersection,Interseccion de T,Sobre el lado de la calle,Ninguna,Oscuro sin iluminacion,Despejado,No,NO APLICA,5,48,5,55,1,05/10/2022,2
1,Alabama,10683,0,0,3,0,115,ST. CLAIR (115),0,NO APLICA,10,Octubre,5,2022,4,10,I-59,1,Interestatal,Rural,Interestatal,State Highway Agency,1,Sin jurisdiccion especial,1520,33.74683889,-86.485275,Volcadura,El primer evento no fue una colision con un vehiculo automotor en transporte,Not an Intersection,No fue interseccion,Sobre calle,Ninguna,Oscuro sin iluminacion,Despejado,No,NO APLICA,4,8,4,50,1,05/10/2022,3
1,Alabama,10684,0,0,2,0,55,ETOWAH (55),2719,SARDIS CITY,10,Octubre,4,2022,11,45,US-431 SR-1,2,US Highway,Urbano,Arteria Principal,State Highway Agency,1,Sin jurisdiccion especial,2780,34.17966667,-86.142925,Vehiculo en movimiento,Angulo,Four-Way Intersection,Interseccion de 4 direcciones,Sobre calle,Ninguna,Dia total,Despejado,No,NO APLICA,11,45,11,53,2,04/10/2022,3
1,Alabama,10685,0,0,6,0,115,ST. CLAIR (115),0,NO APLICA,10,Octubre,5,2022,5,45,I-59,1,Interestatal,Rural,Interestatal,State Highway Agency,1,Sin jurisdiccion especial,1546,33.77238889,-86.45203056,Vehiculo en movimiento,Frente a Detrás,Not an Intersection,No fue interseccion,Sobre calle,Ninguna,Oscuro sin iluminacion,Despejado,No,NO APLICA,5,45,6,26,1,05/10/2022,7
1,Alabama,10686,0,0,2,0,101,MONTGOMERY (101),0,NO APLICA,10,Octubre,5,2022,5,30,US-31 SR-3,2,US Highway,Rural,Arteria Menor,State Highway Agency,0,Sin jurisdiccion especial,1720,32.11182778,-86.40149444,Vehiculo en movimiento,Otro,Not an Intersection,No fue interseccion,Sobre calle,Ninguna,Oscuro sin iluminacion,Despejado,No,NO APLICA,5,25,5,46,1,05/10/2022,2