Estado,Nombre de Estado,Numero de Caso,Peatones,Personas _no_vehiculos,Vehiculos automotores,Vehiculos estacionados,Condado,Nombre Condado,Ciudad,Nombre Ciudad,Mes,Nombre Mes,Dia,Año,Hora,Minuto,Calle,Ruta,Nombre Ruta,Rural o Urbanoo,Sistema Funcional,Dueño Calle,Sistema Nacional Carreteras,Jurisdiccion Especial,Milla,Latitud,Longitud,Causa del Accidente,Tipo de Accidente,Tipo Interseccion,Columna1,Lugar en la calle,Zona de Trabajo,Luz,Clima,Autobus Escolar,Cruce de Trenes,Hora Notificacion,Minuto Notificacion,Hora Llegada,Minuto Llegada,Decesos,Fecha,PersonaVehiculo
1,Alabama,10687,1,1,1,0,73,JEFFERSON (73),0,NO APLICA,10,Octubre,5,2022,21,52,AARON ARONOV DR,6,Calle Local Municipalidad,Urbano,Arteria Menor,City or Municipal Highway Agency,0,Sin jurisdiccion especial,10,33.47221667,-86.92192778,Peaton,El primer evento no fue una colision con un vehiculo automotor en transporte,Not an Intersection,No fue interseccion,Sobre calle,Ninguna,Oscuro sin iluminacion,Despejado,No,NO APLICA,99,99,22,14,1,05/10/2022,1
1,Alabama,10688,0,0,1,0,117,SHELBY (117),47,ALABASTER,10,Octubre,6,2022,21,25,CHESTNUT DR,6,Calle Local Municipalidad,Urbano,Local,City or Municipal Highway Agency,0,Sin jurisdiccion especial,0,33.19457222,-86.79859444,Buzon de correo,El primer evento no fue una colision con un vehiculo automotor en transporte,Not an Intersection,No fue interseccion,Sobre el lado de la calle,Ninguna,Oscuro con iluminacion,Despejado,No,NO APLICA,21,25,21,30,1,06/10/2022,1
1,Alabama,10689,0,0,1,0,87,MACON (87),0,NO APLICA,10,Octubre,6,2022,11,0,CR-13,4,Calle del Condado,Rural,Colector Mayor,County Highway Agency,0,Sin jurisdiccion especial,0,32.3664,-85.84858889,Zanja,El primer evento no fue una colision con un vehiculo automotor en transporte,Not an Intersection,No fue interseccion,Sobre el lado de la calle,Ninguna,Dia total,Despejado,No,NO APLICA,11,24,11,41,1,06/10/2022,1
1,Alabama,10690,0,0,1,0,43,CULLMAN (43),0,NO APLICA,10,Octubre,7,2022,17,15,CR-1435,4,Calle del Condado,Rural,Colector Mayor,County Highway Agency,0,Sin jurisdiccion especial,0,34.25661111,-86.82178889,Culvert,El primer evento no fue una colision con un vehiculo automotor en transporte,Not an Intersection,No fue interseccion,Sobre el lado de la calle,Ninguna,Dia total,Despejado,No,NO APLICA,17,29,17,43,1,07/10/2022,1
1,Alabama,10691,0,0,1,0,33,COLBERT (33),0,NO APLICA,10,Octubre,7,2022,17,40,CR-SPRING VALLEY RD,4,Calle del Condado,Rural,Colector Mayor,County Highway Agency,0,Sin jurisdiccion especial,0,34.64965556,-87.64521667,Acotamiento,El primer evento no fue una colision con un vehiculo automotor en transporte,Not an Intersection,No fue interseccion,Sobre el lado de la calle,Ninguna,Dia total,Despejado,No,NO APLICA,99,99,99,99,1,07/10/2022,1
1,Alabama,10692,0,0,1,0,29,CLEBURNE (29),0,NO APLICA,10,Octubre,9,2022,18,26,I-20,1,Interestatal,Rural,Interestatal,State Highway Agency,1,Sin jurisdiccion especial,1986,33.62124722,-85.60983333,Fin de valla,El primer evento no fue una colision con un vehiculo automotor en transporte,Not an Intersection,No fue interseccion,En el medio,Ninguna,Oscuro sin iluminacion,Despejado,No,NO APLICA,18,26,18,40,1,09/10/2022,1
1,Alabama,10693,0,0,2,0,73,JEFFERSON (73),350,BIRMINGHAM,10,Octubre,7,2022,19,1,I-59,1,Interestatal,Urbano,Interestatal,State Highway Agency,1,Sin jurisdiccion especial,1230,33.52083333,-86.84612222,Vehiculo en movimiento,Angulo,Not an Intersection,No fue interseccion,Sobre calle,Ninguna,Oscuro con iluminacion,Despejado,No,NO APLICA,19,1,19,15,1,07/10/2022,2
1,Alabama,10694,0,0,2,0,49,DEKALB (49),750,COLLINSVILLE,10,Octubre,8,2022,6,13,CR-51,4,Calle del Condado,Rural,Colector Mayor,County Highway Agency,0,Sin jurisdiccion especial,0,34.28248333,-85.87809722,Vehiculo en movimiento,Frente a frente,Not an Intersection,No fue interseccion,Sobre calle,Ninguna,Amanecer,Despejado,No,NO APLICA,6,16,6,32,1,08/10/2022,5
1,Alabama,10695,1,1,1,0,33,COLBERT (33),0,NO APLICA,10,Octubre,10,2022,20,2,CR-HAWK PRIDE MOUNTAIN RD,4,Calle del Condado,Rural,Colector Mayor,County Highway Agency,0,Sin jurisdiccion especial,0,34.66638889,-87.81114167,Buzon de correo,El primer evento no fue una colision con un vehiculo automotor en transporte,Not an Intersection,No fue interseccion,Sobre el lado de la calle,Ninguna,Oscuro sin iluminacion,Despejado,No,NO APLICA,20,6,20,21,1,10/10/2022,1
1,Alabama,10696,0,0,1,0,55,ETOWAH (55),1670,HOKES BLUFF,10,Octubre,10,2022,16,30,CR-MAIN ST,4,Calle del Condado,Urbano,Colector Mayor,County Highway Agency,0,Sin jurisdiccion especial,0,34.01151111,-85.84402778,Culvert,El primer evento no fue una colision con un vehiculo automotor en transporte,Not an Intersection,No fue interseccion,Sobre el lado de la calle,Ninguna,Dia total,Despejado,No,NO APLICA,16,32,16,39,2,10/10/2022,2
1,Alabama,10697,1,1,1,0,9,BLOUNT (9),0,NO APLICA,10,Octubre,11,2022,18,51,SR-75,3,Highway estatal,Rural,Arteria Menor,State Highway Agency,0,Sin jurisdiccion especial,450,34.14376111,-86.37836389,Peaton,El primer evento no fue una colision con un vehiculo automotor en transporte,Four-Way Intersection,Interseccion de 4 direcciones,Sobre calle,Ninguna,Oscuro sin iluminacion,Despejado,No,NO APLICA,18,53,18,53,1,11/10/2022,1
1,Alabama,10698,0,0,1,0,89,MADISON (89),0,NO APLICA,10,Octubre,11,2022,4,50,CR-NEW MARKET RD,4,Calle del Condado,Rural,Local,County Highway Agency,0,Sin jurisdiccion especial,0,34.92598333,-86.45541667,Barda,El primer evento no fue una colision con un vehiculo automotor en transporte,Not an Intersection,No fue interseccion,Sobre el lado de la calle,Ninguna,Oscuro sin iluminacion,Despejado,No,NO APLICA,4,49,5,12,1,11/10/2022,1
1,Alabama,10699,0,0,2,0,63,GREENE (63),0,NO APLICA,10,Octubre,12,2022,13,45,US-43 SR-13,2,US Highway,Rural,Arteria Principal,State Highway Agency,1,Sin jurisdiccion especial,1490,32.67485833,-87.89845278,Vehiculo en movimiento,Angulo,Not an Intersection,No fue interseccion,Sobre calle,Ninguna,Dia total,lluvia,No,NO APLICA,13,35,13,52,2,12/10/2022,4
1,Alabama,10700,0,0,1,0,103,MORGAN (103),0,NO APLICA,10,Octubre,12,2022,23,19,SR-157,3,Highway estatal,Rural,Arteria Principal,State Highway Agency,1,Sin jurisdiccion especial,175,34.31615556,-86.99944167,Zanja,El primer evento no fue una colision con un vehiculo automotor en transporte,Not an Intersection,No fue interseccion,Sobre el lado de la calle,Ninguna,Oscuro sin iluminacion,lluvia,No,NO APLICA,23,19,23,35,1,12/10/2022,1
1,Alabama,10702,1,1,1,0,3,BALDWIN (3),1210,FOLEY,10,Octubre,13,2022,5,19,SR-42,3,Highway estatal,Urbano,Arteria Principal,State Highway Agency,1,Sin jurisdiccion especial,638,30.40660556,-87.700175,Peaton,El primer evento no fue una colision con un vehiculo automotor en transporte,Four-Way Intersection,Interseccion de 4 direcciones,Sobre calle,Ninguna,Oscuro con iluminacion,Neblina o Humo,No,NO APLICA,5,24,5,32,1,13/10/2022,1
1,Alabama,10703,0,0,1,0,83,LIMESTONE (83),0,NO APLICA,10,Octubre,15,2022,3,30,CR-HUNTSVILLE BROWNSFERRY RD,4,Calle del Condado,Urbano,Colector Mayor,County Highway Agency,0,Sin jurisdiccion especial,0,34.73270278,-87.02610833,Zanja,El primer evento no fue una colision con un vehiculo automotor en transporte,Not an Intersection,No fue interseccion,Sobre el lado de la calle,Ninguna,Oscuro sin iluminacion,Despejado,No,NO APLICA,3,37,3,51,1,15/10/2022,1
1,Alabama,10704,0,0,2,0,99,MONROE (99),0,NO APLICA,10,Octubre,14,2022,13,15,SR-21,3,Highway estatal,Rural,Arteria Menor,State Highway Agency,0,Sin jurisdiccion especial,294,31.38010278,-87.42871944,Vehiculo en movimiento,Angulo,Not an Intersection,No fue interseccion,Sobre calle,Ninguna,Dia total,Despejado,No,NO APLICA,13,24,13,34,1,14/10/2022,2
1,Alabama,10705,0,0,1,0,89,MADISON (89),1730,HUNTSVILLE,10,Octubre,15,2022,23,46,BOB WADE LN NW,6,Calle Local Municipalidad,Urbano,Arteria Menor,City or Municipal Highway Agency,1,Sin jurisdiccion especial,9,34.8295,-86.60830833,Culvert,El primer evento no fue una colision con un vehiculo automotor en transporte,Not an Intersection,No fue interseccion,Sobre el lado de la calle,Ninguna,Oscuro con iluminacion,Nublado,No,NO APLICA,23,46,23,58,1,15/10/2022,1
1,Alabama,10706,0,0,2,0,19,CHEROKEE (19),1852,LEESBURG,10,Octubre,15,2022,16,22,SR-273,3,Highway estatal,Urbano,Colector Mayor,State Highway Agency,0,Sin jurisdiccion especial,10,34.19175278,-85.76755833,Vehiculo en movimiento,Angulo,T-Intersection,Interseccion de T,Sobre calle,Ninguna,Dia total,Despejado,No,NO APLICA,16,22,16,25,2,15/10/2022,3
1,Alabama,10707,0,0,2,0,115,ST. CLAIR (115),2410,PELL CITY,10,Octubre,15,2022,23,39,SR-231,3,Highway estatal,Urbano,Arteria Menor,State Highway Agency,0,Sin jurisdiccion especial,2180,33.57617778,-86.27283056,Vehiculo en movimiento,Frente a frente,Not an Intersection,No fue interseccion,Sobre calle,Ninguna,Oscuro con iluminacion,Despejado,No,NO APLICA,23,39,23,58,1,15/10/2022,3
1,Alabama,10708,0,0,2,0,115,ST. CLAIR (115),2320,ODENVILLE,10,Octubre,16,2022,11,26,SANIE RD,6,Calle Local Municipalidad,Rural,Colector Mayor,City or Municipal Highway Agency,0,Sin jurisdiccion especial,0,33.64814444,-86.45341667,Vehiculo en movimiento,Frente a frente,Not an Intersection,No fue interseccion,Sobre calle,Ninguna,Dia total,Despejado,No,NO APLICA,11,26,11,33,1,16/10/2022,3
1,Alabama,10709,0,0,3,0,73,JEFFERSON (73),3125,VESTAVIA HILLS,11,Noviembre,10,2022,21,5,US-280 SR-38,2,US Highway,Urbano,Arteria Principal,State Highway Agency,1,Sin jurisdiccion especial,20,33.44931389,-86.73986389,Vehiculo en movimiento,Frente a Detrás,Not an Intersection,No fue interseccion,Sobre calle,Ninguna,Oscuro con iluminacion,Nublado,No,NO APLICA,21,5,21,9,1,10/11/2022,4
1,Alabama,10710,0,0,1,0,53,ESCAMBIA (53),0,NO APLICA,10,Octubre,27,2022,14,40,CR-BELL FORK RD,4,Calle del Condado,Rural,Local,County Highway Agency,0,Sin jurisdiccion especial,0,31.09599722,-87.44050278,Zanja,El primer evento no fue una colision con un vehiculo automotor en transporte,Not an Intersection,No fue interseccion,Sobre el lado de la calle,Ninguna,Dia total,Despejado,No,NO APLICA,99,99,15,2,1,27/10/2022,1
1,Alabama,10711,0,0,1,0,115,ST. CLAIR (115),0,NO APLICA,10,Octubre,27,2022,21,15,CR-GALLANT RD,4,Calle del Condado,Rural,Colector Mayor,County Highway Agency,0,Sin jurisdiccion especial,0,33.91844167,-86.31825278,Volcadura,El primer evento no fue una colision con un vehiculo automotor en transporte,Not an Intersection,No fue interseccion,Sobre el lado de la calle,Ninguna,Oscuro sin iluminacion,Despejado,No,NO APLICA,21,25,21,35,1,27/10/2022,1
1,Alabama,10712,1,1,1,0,89,MADISON (89),1730,HUNTSVILLE,10,Octubre,27,2022,19,45,TRIANA BLVD,6,Calle Local Municipalidad,Urbano,Colector Mayor,City or Municipal Highway Agency,0,Sin jurisdiccion especial,0,34.70948889,-86.60935,Peaton,El primer evento no fue una colision con un vehiculo automotor en transporte,Four-Way Intersection,Interseccion de 4 direcciones,Sobre calle,Ninguna,Oscuro con iluminacion,Despejado,No,NO APLICA,19,45,19,50,1,27/10/2022,1
1,Alabama,10713,0,0,1,0,3,BALDWIN (3),2823,SPANISH FORT,10,Octubre,27,2022,21,8,US-98 SR-42,2,US Highway,Urbano,Arteria Principal,State Highway Agency,1,Sin jurisdiccion especial,350,30.66486944,-87.91551944,Poste de Señal de trafico,El primer evento no fue una colision con un vehiculo automotor en transporte,Not an Intersection,No fue interseccion,En el medio,Ninguna,Oscuro sin iluminacion,Despejado,No,NO APLICA,21,8,21,25,1,27/10/2022,1
1,Alabama,10714,1,1,1,0,15,CALHOUN (15),2370,OXFORD,10,Octubre,28,2022,19,20,US-78 SR-4,2,US Highway,Urbano,Arteria Menor,State Highway Agency,0,Sin jurisdiccion especial,1602,33.60706667,-85.83401111,Peaton,El primer evento no fue una colision con un vehiculo automotor en transporte,Not an Intersection,No fue interseccion,Sobre calle,Ninguna,Oscuro con iluminacion,Nublado,No,NO APLICA,19,20,19,22,1,28/10/2022,1
1,Alabama,10715,0,0,2,0,125,TUSCALOOSA (125),0,NO APLICA,10,Octubre,28,2022,15,0,US-82 SR-6,2,US Highway,Rural,Arteria Principal,State Highway Agency,1,Sin jurisdiccion especial,325,33.281375,-87.80220833,Vehiculo en movimiento,Angulo,Y-Intersection,Interseccion de Y,Sobre calle,Ninguna,Dia total,Despejado,No,NO APLICA,15,2,15,32,1,28/10/2022,3
1,Alabama,10716,1,1,1,0,101,MONTGOMERY (101),2130,MONTGOMERY,10,Octubre,28,2022,19,6,TAYLOR RD,6,Calle Local Municipalidad,Urbano,Arteria Principal,State Highway Agency,1,Sin jurisdiccion especial,0,32.30144722,-86.19534444,Peaton,El primer evento no fue una colision con un vehiculo automotor en transporte,T-Intersection,Interseccion de T,Sobre calle,Ninguna,Oscuro sin iluminacion,Despejado,No,NO APLICA,19,11,19,26,1,28/10/2022,1
1,Alabama,10717,0,0,2,0,103,MORGAN (103),0,NO APLICA,10,Octubre,28,2022,13,20,SR-157,3,Highway estatal,Rural,Arteria Principal,State Highway Agency,1,Sin jurisdiccion especial,245,34.37918056,-87.09305833,Vehiculo en movimiento,Angulo,Four-Way Intersection,Interseccion de 4 direcciones,Sobre calle,Ninguna,Dia total,Despejado,No,NO APLICA,13,28,13,44,1,28/10/2022,4
1,Alabama,10718,1,1,2,0,73,JEFFERSON (73),350,BIRMINGHAM,10,Octubre,28,2022,21,55,3RD AVE N,6,Calle Local Municipalidad,Urbano,Arteria Principal,State Highway Agency,1,Sin jurisdiccion especial,0,33.50680556,-86.83202222,Peaton,El primer evento no fue una colision con un vehiculo automotor en transporte,Not an Intersection,No fue interseccion,Sobre calle,Ninguna,Oscuro con iluminacion,Despejado,No,NO APLICA,99,99,22,5,1,28/10/2022,3
1,Alabama,10719,1,1,2,0,73,JEFFERSON (73),0,NO APLICA,10,Octubre,28,2022,3,45,CR-WOODWARD RD,4,Calle del Condado,Urbano,Colector Mayor,County Highway Agency,0,Sin jurisdiccion especial,0,33.45918889,-86.91370278,Peaton,El primer evento no fue una colision con un vehiculo automotor en transporte,Four-Way Intersection,Interseccion de 4 direcciones,Sobre calle,Ninguna,Oscuro - iluminacion desconocida,Despejado,No,NO APLICA,3,47,3,54,1,28/10/2022,2
1,Alabama,10720,0,0,1,0,103,MORGAN (103),0,NO APLICA,10,Octubre,29,2022,19,30,SR-36,3,Highway estatal,Rural,Arteria Menor,State Highway Agency,0,Sin jurisdiccion especial,423,34.53129722,-86.62798333,Culvert,El primer evento no fue una colision con un vehiculo automotor en transporte,Not an Intersection,No fue interseccion,Sobre el lado de la calle,Ninguna,Oscuro sin iluminacion,Despejado,No,NO APLICA,19,34,19,54,1,29/10/2022,1
1,Alabama,10721,1,1,1,0,73,JEFFERSON (73),0,NO APLICA,10,Octubre,29,2022,18,45,GRASSELLI RD,6,Calle Local Municipalidad,Urbano,Local,City or Municipal Highway Agency,0,Sin jurisdiccion especial,0,33.47063889,-86.92706944,Ciclista,El primer evento no fue una colision con un vehiculo automotor en transporte,Not an Intersection,No fue interseccion,Sobre calle,Ninguna,Oscuro sin iluminacion,Nublado,No,NO APLICA,18,45,18,51,1,29/10/2022,1
1,Alabama,10722,0,0,1,0,101,MONTGOMERY (101),2130,MONTGOMERY,10,Octubre,30,2022,7,58,NORTHERN BLVD,6,Calle Local Municipalidad,Urbano,Arteria Principal,State Highway Agency,1,Sin jurisdiccion especial,0,32.42428056,-86.28468889,Arbol,El primer evento no fue una colision con un vehiculo automotor en transporte,Not an Intersection,No fue interseccion,En el medio,Ninguna,Dia total,lluvia,No,NO APLICA,99,99,8,3,1,30/10/2022,1
1,Alabama,10723,0,0,1,0,1,AUTAUGA (1),0,NO APLICA,10,Octubre,30,2022,13,40,US-82 SR-6,2,US Highway,Rural,Arteria Principal,State Highway Agency,1,Sin jurisdiccion especial,1181,32.61918333,-86.73436667,Arbol,El primer evento no fue una colision con un vehiculo automotor en transporte,Not an Intersection,No fue interseccion,Sobre el lado de la calle,Ninguna,Dia total,lluvia,No,NO APLICA,99,99,14,0,1,30/10/2022,1
1,Alabama,10724,0,0,2,1,97,MOBILE (97),2100,MOBILE,10,Octubre,31,2022,9,27,I-65 EXIT RAMP,1,Interestatal,Urbano,Interestatal,State Highway Agency,1,Sin jurisdiccion especial,58,30.70968611,-88.122725,Barda,El primer evento no fue una colision con un vehiculo automotor en transporte,Not an Intersection,No fue interseccion,Sobre el lado de la calle,Ninguna,Dia total,Despejado,No,NO APLICA,9,31,9,41,1,31/10/2022,2
1,Alabama,10725,0,0,1,0,125,TUSCALOOSA (125),9997,Other,4,Abril,22,2022,10,36,SR-216,3,Highway estatal,Rural,Colector Mayor,State Highway Agency,0,Sin jurisdiccion especial,240,33.27652778,-87.13218611,Arbol,El primer evento no fue una colision con un vehiculo automotor en transporte,Not an Intersection,No fue interseccion,Sobre el lado de la calle,Ninguna,Dia total,Despejado,No,NO APLICA,99,99,99,99,1,22/04/2022,1
1,Alabama,10726,0,0,2,0,43,CULLMAN (43),830,CULLMAN,10,Octubre,13,2022,9,57,SR-157,3,Highway estatal,Urbano,Arteria Principal,State Highway Agency,1,Sin jurisdiccion especial,0,34.21509722,-86.89250556,Vehiculo en movimiento,Angulo,T-Intersection,Interseccion de T,Sobre calle,Ninguna,Dia total,Despejado,No,NO APLICA,9,58,10,6,1,13/10/2022,2
1,Alabama,10727,0,0,2,0,73,JEFFERSON (73),350,BIRMINGHAM,10,Octubre,16,2022,0,55,I-59,1,Interestatal,Urbano,Interestatal,State Highway Agency,1,Sin jurisdiccion especial,1200,33.50427778,-86.89009167,Vehiculo en movimiento,Frente a Detrás,Not an Intersection,No fue interseccion,Sobre calle,Ninguna,Oscuro con iluminacion,Despejado,No,NO APLICA,0,55,1,10,1,16/10/2022,2
1,Alabama,10728,0,0,3,0,115,ST. CLAIR (115),0,NO APLICA,10,Octubre,17,2022,16,38,I-59,1,Interestatal,Rural,Interestatal,State Highway Agency,1,Sin jurisdiccion especial,1645,33.84923056,-86.31246111,Vehiculo en movimiento,Angulo,Not an Intersection,No fue interseccion,Sobre calle,Construccion,Dia total,Despejado,No,NO APLICA,16,41,16,55,1,17/10/2022,4
1,Alabama,10729,0,0,2,0,83,LIMESTONE (83),0,NO APLICA,10,Octubre,18,2022,14,15,CR-JONES RD,4,Calle del Condado,Rural,Local,County Highway Agency,0,Sin jurisdiccion especial,0,34.79841667,-86.85024167,Vehiculo en movimiento,Angulo,T-Intersection,Interseccion de T,Sobre calle,Ninguna,Dia total,Despejado,No,NO APLICA,14,12,14,34,1,18/10/2022,2
1,Alabama,10730,0,0,2,0,71,JACKSON (71),0,NO APLICA,10,Octubre,19,2022,5,35,CR-33,4,Calle del Condado,Rural,Colector Menor,County Highway Agency,0,Sin jurisdiccion especial,0,34.84086944,-86.04066111,Vehiculo en movimiento,Frente a frente,Not an Intersection,No fue interseccion,Sobre calle,Ninguna,Oscuro sin iluminacion,Despejado,No,NO APLICA,6,0,6,21,1,19/10/2022,3
1,Alabama,10731,0,0,3,0,125,TUSCALOOSA (125),0,NO APLICA,10,Octubre,19,2022,15,20,SR-216,3,Highway estatal,Rural,Colector Mayor,State Highway Agency,0,Sin jurisdiccion especial,254,33.28061389,-87.10646667,Vehiculo en movimiento,Angulo,Not an Intersection,No fue interseccion,Sobre calle,Ninguna,Dia total,Despejado,No,NO APLICA,15,20,15,40,1,19/10/2022,7
1,Alabama,10732,1,1,1,0,101,MONTGOMERY (101),0,NO APLICA,10,Octubre,19,2022,0,43,I-65,1,Interestatal,Rural,Interestatal,State Highway Agency,1,Sin jurisdiccion especial,1730,32.39256111,-86.32696389,Peaton,El primer evento no fue una colision con un vehiculo automotor en transporte,Not an Intersection,No fue interseccion,Sobre calle,Ninguna,Oscuro sin iluminacion,Despejado,No,NO APLICA,1,6,1,18,1,19/10/2022,1
1,Alabama,10733,0,0,1,0,73,JEFFERSON (73),1850,LEEDS,10,Octubre,19,2022,15,8,PAMELA ST,6,Calle Local Municipalidad,Urbano,Arteria Menor,State Highway Agency,0,Sin jurisdiccion especial,0,33.542325,-86.55449167,Arbol,El primer evento no fue una colision con un vehiculo automotor en transporte,T-Intersection,Interseccion de T,Sobre el lado de la calle,Ninguna,Reportada como desconocida,Despejado,No,NO APLICA,14,59,15,13,1,19/10/2022,1
1,Alabama,10734,0,0,2,0,13,BUTLER (13),1460,GREENVILLE,10,Octubre,20,2022,14,53,I-65,1,Interestatal,Urbano,Interestatal,State Highway Agency,1,Sin jurisdiccion especial,1300,31.84856111,-86.64366944,Vehiculo en movimiento,Frente a frente,Not an Intersection,No fue interseccion,Sobre calle,Ninguna,Dia total,Despejado,No,NO APLICA,15,4,15,10,1,20/10/2022,2
1,Alabama,10735,0,0,2,0,97,MOBILE (97),0,NO APLICA,11,Noviembre,5,2022,3,35,I-10,1,Interestatal,Rural,Interestatal,State Highway Agency,1,Sin jurisdiccion especial,29,30.49210278,-88.35643333,Vehiculo en movimiento,Frente a Detrás,Not an Intersection,No fue interseccion,Sobre calle,Ninguna,Oscuro sin iluminacion,Despejado,No,NO APLICA,3,34,3,56,1,05/11/2022,3
1,Alabama,10736,0,0,2,0,3,BALDWIN (3),0,NO APLICA,10,Octubre,21,2022,18,40,SR-225,3,Highway estatal,Rural,Colector Mayor,State Highway Agency,0,Sin jurisdiccion especial,210,30.95736111,-87.85733889,Vehiculo en movimiento,Frente a Detrás,Not an Intersection,No fue interseccion,Sobre calle,Ninguna,Oscuro sin iluminacion,Despejado,No,NO APLICA,18,45,19,0,2,21/10/2022,3
1,Alabama,10737,0,0,3,0,3,BALDWIN (3),0,NO APLICA,10,Octubre,21,2022,21,55,I-10,1,Interestatal,Urbano,Interestatal,State Highway Agency,1,Sin jurisdiccion especial,305,30.68693056,-88.00675278,Vehiculo en movimiento,Golpe Lateral - misma direccion,Not an Intersection,No fue interseccion,Sobre calle,Ninguna,Oscuro con iluminacion,Nublado,No,NO APLICA,21,50,22,16,1,21/10/2022,4
1,Alabama,10738,0,0,1,0,117,SHELBY (117),0,NO APLICA,10,Octubre,22,2022,3,35,SR-25,3,Highway estatal,Rural,Arteria Menor,State Highway Agency,0,Sin jurisdiccion especial,1508,33.39121667,-86.40891944,Poste de Señal de trafico,El primer evento no fue una colision con un vehiculo automotor en transporte,T-Intersection,Interseccion de T,Sobre el lado de la calle,Ninguna,Oscuro sin iluminacion,Despejado,No,NO APLICA,3,35,3,50,1,22/10/2022,1
1,Alabama,10739,0,0,1,0,83,LIMESTONE (83),0,NO APLICA,10,Octubre,22,2022,1,50,CR-ZEHNER RD,4,Calle del Condado,Rural,Local,County Highway Agency,0,Sin jurisdiccion especial,0,34.78496389,-87.07198056,Zanja,El primer evento no fue una colision con un vehiculo automotor en transporte,Not an Intersection,No fue interseccion,Sobre el lado de la calle,Ninguna,Oscuro sin iluminacion,Despejado,No,NO APLICA,1,44,2,7,1,22/10/2022,2
1,Alabama,10740,1,1,1,0,81,LEE (81),2340,OPELIKA,10,Octubre,22,2022,2,30,I-85,1,Interestatal,Rural,Interestatal,State Highway Agency,1,Sin jurisdiccion especial,680,32.68672222,-85.32090556,Ciclista,El primer evento no fue una colision con un vehiculo automotor en transporte,Not an Intersection,No fue interseccion,Sobre calle,Ninguna,Oscuro sin iluminacion,Despejado,No,NO APLICA,2,38,2,59,1,22/10/2022,1
1,Alabama,10741,0,0,1,0,127,WALKER (127),0,NO APLICA,10,Octubre,22,2022,11,35,CR-SIPSEY RD,4,Calle del Condado,Rural,Colector Mayor,County Highway Agency,0,Sin jurisdiccion especial,0,33.82013889,-87.06531944,Arbol,El primer evento no fue una colision con un vehiculo automotor en transporte,Not an Intersection,No fue interseccion,Sobre el lado de la calle,Ninguna,Dia total,Despejado,No,NO APLICA,11,39,12,24,1,22/10/2022,1
1,Alabama,10742,0,0,1,0,35,CONECUH (35),2600,REPTON,10,Octubre,22,2022,14,30,CR-OLD STAGE RD,4,Calle del Condado,Rural,Colector Mayor,County Highway Agency,0,Sin jurisdiccion especial,101,31.38001389,-87.31511111,Alguien se cayo/avento del vehiculo,El primer evento no fue una colision con un vehiculo automotor en transporte,Not an Intersection,No fue interseccion,Sobre calle,Ninguna,Dia total,Despejado,No,NO APLICA,99,99,16,25,1,22/10/2022,2
1,Alabama,10743,0,0,1,0,101,MONTGOMERY (101),2130,MONTGOMERY,10,Octubre,23,2022,20,38,NORMAN BRIDGE RD,6,Calle Local Municipalidad,Urbano,Arteria Menor,City or Municipal Highway Agency,0,Sin jurisdiccion especial,0,32.33733056,-86.29942778,Volcadura,El primer evento no fue una colision con un vehiculo automotor en transporte,Four-Way Intersection,Interseccion de 4 direcciones,Sobre el lado de la calle,Ninguna,Oscuro con iluminacion,Despejado,No,NO APLICA,20,39,20,49,1,23/10/2022,2
1,Alabama,10744,0,0,3,0,3,BALDWIN (3),1210,FOLEY,10,Octubre,23,2022,18,30,FOLEY BEACH EXPRESS,6,Calle Local Municipalidad,Urbano,Arteria Menor,City or Municipal Highway Agency,0,Sin jurisdiccion especial,0,30.38848056,-87.64751111,Vehiculo en movimiento,Angulo,Four-Way Intersection,Interseccion de 4 direcciones,Sobre calle,Ninguna,Atardecer,Despejado,No,NO APLICA,18,30,18,34,1,23/10/2022,5
1,Alabama,10745,0,1,2,1,73,JEFFERSON (73),350,BIRMINGHAM,9,Septiembre,1,2022,7,33,I-59,1,Interestatal,Urbano,Interestatal,State Highway Agency,1,Sin jurisdiccion especial,1290,33.54496667,-86.75961944,Vehiculo Aparcado,El primer evento no fue una colision con un vehiculo automotor en transporte,Not an Intersection,No fue interseccion,Sobre el lado de la calle,Ninguna,Dia total,Despejado,No,NO APLICA,7,35,7,42,1,01/09/2022,1
1,Alabama,10746,0,0,2,0,21,CHILTON (21),0,NO APLICA,10,Octubre,23,2022,18,40,I-65,1,Interestatal,Rural,Interestatal,State Highway Agency,1,Sin jurisdiccion especial,2038,32.78203889,-86.57175,Vehiculo en movimiento,Golpe Lateral - misma direccion,Not an Intersection,No fue interseccion,Sobre calle,Ninguna,Oscuro sin iluminacion,Despejado,No,NO APLICA,18,42,19,0,1,23/10/2022,5
1,Alabama,10747,0,0,1,0,71,JACKSON (71),0,NO APLICA,10,Octubre,25,2022,18,50,SR-35,3,Highway estatal,Rural,Arteria Principal,State Highway Agency,1,Sin jurisdiccion especial,434,34.59856944,-85.99412222,Acotamiento,El primer evento no fue una colision con un vehiculo automotor en transporte,Not an Intersection,No fue interseccion,Sobre el lado de la calle,Ninguna,Oscuro sin iluminacion,Nublado,No,NO APLICA,20,4,20,16,1,25/10/2022,1
1,Alabama,10748,0,0,1,0,25,CLARKE (25),0,NO APLICA,10,Octubre,25,2022,2,0,CR-SALT WORKS RD,4,Calle del Condado,Rural,Local,County Highway Agency,0,Sin jurisdiccion especial,0,31.59348611,-87.94263611,Arbol,El primer evento no fue una colision con un vehiculo automotor en transporte,Not an Intersection,No fue interseccion,Sobre el lado de la calle,Ninguna,Oscuro sin iluminacion,Despejado,No,NO APLICA,2,8,2,40,1,25/10/2022,2