Estado,Nombre de Estado,Numero de Caso,Peatones,Personas _no_vehiculos,Vehiculos automotores,Vehiculos estacionados,Condado,Nombre Condado,Ciudad,Nombre Ciudad,Mes,Nombre Mes,Dia,Año,Hora,Minuto,Calle,Ruta,Nombre Ruta,Rural o Urbanoo,Sistema Funcional,Dueño Calle,Sistema Nacional Carreteras,Jurisdiccion Especial,Milla,Latitud,Longitud,Causa del Accidente,Tipo de Accidente,Tipo Interseccion,Columna1,Lugar en la calle,Zona de Trabajo,Luz,Clima,Autobus Escolar,Cruce de Trenes,Hora Notificacion,Minuto Notificacion,Hora Llegada,Minuto Llegada,Decesos,Fecha,PersonaVehiculo
1,Alabama,10749,0,0,2,0,43,CULLMAN (43),0,NO APLICA,10,Octubre,26,2022,13,30,SR-157,3,Highway estatal,Rural,Arteria Principal,State Highway Agency,1,Sin jurisdiccion especial,91,34.23247222,-86.91781944,Vehiculo en movimiento,Angulo,Four-Way Intersection,Interseccion de 4 direcciones,Sobre calle,Ninguna,Dia total,Nublado,No,NO APLICA,13,30,13,44,2,26/10/2022,4
1,Alabama,10750,0,0,2,0,49,DEKALB (49),0,NO APLICA,11,Noviembre,1,2022,15,0,CR-51,4,Calle del Condado,Rural,Colector Mayor,County Highway Agency,0,Sin jurisdiccion especial,0,34.32651111,-85.84624722,Vehiculo en movimiento,Frente a frente,Not an Intersection,No fue interseccion,Sobre calle,Ninguna,Dia total,Despejado,No,NO APLICA,15,5,15,18,1,01/11/2022,2
1,Alabama,10751,0,0,2,0,73,JEFFERSON (73),350,BIRMINGHAM,11,Noviembre,1,2022,22,45,I-59,1,Interestatal,Urbano,Interestatal,State Highway Agency,1,Sin jurisdiccion especial,1260,33.53251389,-86.79869167,Vehiculo en movimiento,Golpe Lateral - misma direccion,Not an Intersection,No fue interseccion,Sobre calle,Ninguna,Oscuro con iluminacion,Despejado,No,NO APLICA,99,99,23,10,1,01/11/2022,3
1,Alabama,10752,0,0,2,0,97,MOBILE (97),2100,MOBILE,11,Noviembre,1,2022,10,33,SR-193,3,Highway estatal,Urbano,Arteria Principal,State Highway Agency,1,Sin jurisdiccion especial,250,30.59077778,-88.14637778,Vehiculo en movimiento,Angulo,Not an Intersection,No fue interseccion,Sobre calle,Ninguna,Dia total,Despejado,No,NO APLICA,10,34,10,43,1,01/11/2022,2
1,Alabama,10753,2,2,1,0,15,CALHOUN (15),1770,JACKSONVILLE,11,Noviembre,2,2022,17,51,SR-21,3,Highway estatal,Urbano,Arteria Principal,State Highway Agency,1,Sin jurisdiccion especial,2650,33.82735556,-85.76393889,Peaton,El primer evento no fue una colision con un vehiculo automotor en transporte,Not an Intersection,No fue interseccion,Sobre calle,Ninguna,Atardecer,Despejado,No,NO APLICA,17,51,17,56,1,02/11/2022,1
1,Alabama,10754,1,1,1,0,97,MOBILE (97),2100,MOBILE,11,Noviembre,2,2022,20,52,E I-65 SERVICE RD,6,Calle Local Municipalidad,Urbano,Colector Mayor,State Highway Agency,0,Sin jurisdiccion especial,50,30.69691944,-88.12493333,Peaton,El primer evento no fue una colision con un vehiculo automotor en transporte,Not an Intersection,No fue interseccion,Sobre calle,Ninguna,Oscuro sin iluminacion,Despejado,No,NO APLICA,20,54,21,2,1,02/11/2022,1
1,Alabama,10755,0,0,2,0,97,MOBILE (97),0,NO APLICA,11,Noviembre,2,2022,13,45,US-90 SR-16,2,US Highway,Rural,Arteria Principal,State Highway Agency,1,Sin jurisdiccion especial,127,30.52534444,-88.20233611,Vehiculo en movimiento,Frente a frente,T-Intersection,Interseccion de T,Sobre calle,Ninguna,Dia total,Despejado,No,NO APLICA,13,56,14,5,1,02/11/2022,4
1,Alabama,10756,0,0,1,0,69,HOUSTON (69),0,NO APLICA,11,Noviembre,2,2022,20,25,CR-GIN RD,4,Calle del Condado,Rural,Local,County Highway Agency,0,Sin jurisdiccion especial,0,31.06790833,-85.375275,Poste de Señal de trafico,El primer evento no fue una colision con un vehiculo automotor en transporte,T-Intersection,Interseccion de T,Sobre el lado de la calle,Ninguna,Oscuro sin iluminacion,Despejado,No,NO APLICA,20,35,20,48,1,02/11/2022,1
1,Alabama,10757,0,0,2,0,79,LAWRENCE (79),0,NO APLICA,11,Noviembre,3,2022,8,30,SR-101,3,Highway estatal,Rural,Arteria Menor,State Highway Agency,0,Sin jurisdiccion especial,127,34.63736389,-87.40895278,Vehiculo en movimiento,Frente a frente,Not an Intersection,No fue interseccion,Sobre calle,Ninguna,Dia total,Despejado,No,NO APLICA,8,30,8,42,1,03/11/2022,2
1,Alabama,10758,0,0,1,0,69,HOUSTON (69),0,NO APLICA,11,Noviembre,3,2022,1,17,CR-MEMPHIS CHURCH RD,4,Calle del Condado,Rural,Colector Mayor,County Highway Agency,0,Sin jurisdiccion especial,0,31.14135,-85.36668611,Banqueta,El primer evento no fue una colision con un vehiculo automotor en transporte,T-Intersection,Interseccion de T,Sobre el lado de la calle,Ninguna,Oscuro sin iluminacion,Despejado,No,NO APLICA,1,17,1,23,1,03/11/2022,1
1,Alabama,10759,0,0,2,0,95,MARSHALL (95),0,NO APLICA,11,Noviembre,3,2022,19,45,SR-69,3,Highway estatal,Urbano,Arteria Menor,State Highway Agency,0,Sin jurisdiccion especial,2764,34.36395,-86.36803889,Vehiculo en movimiento,Angulo,Not an Intersection,No fue interseccion,Sobre calle,Ninguna,Oscuro sin iluminacion,Despejado,No,NO APLICA,20,43,20,47,1,03/11/2022,3
1,Alabama,10760,0,0,2,0,89,MADISON (89),0,NO APLICA,11,Noviembre,4,2022,0,40,SR-53,3,Highway estatal,Rural,Arteria Principal,State Highway Agency,1,Sin jurisdiccion especial,3319,34.88487778,-86.73913056,Vehiculo en movimiento,Frente a Detrás,Four-Way Intersection,Interseccion de 4 direcciones,Sobre calle,Ninguna,Oscuro con iluminacion,Despejado,No,NO APLICA,0,43,0,53,1,04/11/2022,3
1,Alabama,10761,0,0,2,0,31,COFFEE (31),1030,ENTERPRISE,11,Noviembre,4,2022,7,50,SR-27,3,Highway estatal,Urbano,Arteria Menor,State Highway Agency,0,Sin jurisdiccion especial,258,31.29248611,-85.86545556,Vehiculo en movimiento,Angulo,Not an Intersection,No fue interseccion,Sobre calle,Ninguna,Dia total,Despejado,No,NO APLICA,7,52,7,57,1,04/11/2022,2
1,Alabama,10762,0,0,2,0,125,TUSCALOOSA (125),3050,TUSCALOOSA,11,Noviembre,5,2022,4,30,E UNIVERSITY BLVD,6,Calle Local Municipalidad,Urbano,Arteria Menor,City or Municipal Highway Agency,0,Sin jurisdiccion especial,0,33.20650833,-87.497575,Vehiculo en movimiento,Frente a frente,Not an Intersection,No fue interseccion,Sobre calle,Ninguna,Oscuro con iluminacion,lluvia,No,NO APLICA,4,35,4,56,1,05/11/2022,2
1,Alabama,10763,0,0,1,0,39,COVINGTON (39),0,NO APLICA,11,Noviembre,5,2022,20,33,CR-BELL CROSSING RD,4,Calle del Condado,Rural,Local,County Highway Agency,0,Sin jurisdiccion especial,0,31.43884444,-86.23388333,Acotamiento,El primer evento no fue una colision con un vehiculo automotor en transporte,Not an Intersection,No fue interseccion,Sobre el lado de la calle,Ninguna,Oscuro sin iluminacion,Despejado,No,NO APLICA,20,33,20,46,1,05/11/2022,1
1,Alabama,10764,0,0,1,0,101,MONTGOMERY (101),2130,MONTGOMERY,11,Noviembre,5,2022,22,40,EAST SOUTH BLVD,6,Calle Local Municipalidad,Urbano,Arteria Principal,State Highway Agency,1,Sin jurisdiccion especial,0,32.32691111,-86.28249167,Arbol,El primer evento no fue una colision con un vehiculo automotor en transporte,Not an Intersection,No fue interseccion,En el medio,Ninguna,Oscuro con iluminacion,Reportado como desconocido,No,NO APLICA,22,40,22,43,1,05/11/2022,1
1,Alabama,10765,1,1,1,0,33,COLBERT (33),0,NO APLICA,11,Noviembre,5,2022,2,15,SR-184,3,Highway estatal,Rural,Arteria Menor,State Highway Agency,0,Sin jurisdiccion especial,66,34.75709444,-87.55203889,Peaton,El primer evento no fue una colision con un vehiculo automotor en transporte,Not an Intersection,No fue interseccion,Sobre calle,Ninguna,Oscuro sin iluminacion,Nublado,No,NO APLICA,2,15,2,25,1,05/11/2022,1
1,Alabama,10766,0,0,2,0,125,TUSCALOOSA (125),2260,NORTHPORT,11,Noviembre,5,2022,2,6,US-43 SR-13,2,US Highway,Urbano,Arteria Principal,State Highway Agency,1,Sin jurisdiccion especial,0,33.20956111,-87.57120556,Vehiculo en movimiento,Frente a frente,Not an Intersection,No fue interseccion,Sobre calle,Ninguna,Oscuro con iluminacion,Despejado,No,NO APLICA,2,8,2,12,1,05/11/2022,2
1,Alabama,10767,0,0,1,0,37,COOSA (37),0,NO APLICA,11,Noviembre,5,2022,10,22,CR-511,4,Calle del Condado,Rural,Colector Mayor,County Highway Agency,0,Sin jurisdiccion especial,0,33.08927778,-86.10308889,Arbol,El primer evento no fue una colision con un vehiculo automotor en transporte,Not an Intersection,No fue interseccion,Sobre el lado de la calle,Ninguna,Dia total,Despejado,No,NO APLICA,10,20,10,32,1,05/11/2022,1
1,Alabama,10768,0,0,1,0,73,JEFFERSON (73),0,NO APLICA,11,Noviembre,6,2022,22,31,SR-79,3,Highway estatal,Urbano,Arteria Principal,State Highway Agency,1,Sin jurisdiccion especial,60,33.62387778,-86.73413056,Arbol,El primer evento no fue una colision con un vehiculo automotor en transporte,Not an Intersection,No fue interseccion,Sobre el lado de la calle,Ninguna,Oscuro sin iluminacion,Despejado,No,NO APLICA,22,33,22,38,1,06/11/2022,1
1,Alabama,10769,0,0,2,0,53,ESCAMBIA (53),0,NO APLICA,11,Noviembre,6,2022,15,21,US-31 SR-3,2,US Highway,Rural,Arteria Principal,State Highway Agency,1,Sin jurisdiccion especial,582,31.01588889,-87.22615556,Vehiculo en movimiento,Frente a frente,Not an Intersection,No fue interseccion,Sobre calle,Ninguna,Dia total,Despejado,No,NO APLICA,15,21,15,28,3,06/11/2022,3
1,Alabama,10770,1,1,1,0,73,JEFFERSON (73),350,BIRMINGHAM,11,Noviembre,6,2022,5,30,I-65,1,Interestatal,Urbano,Interestatal,State Highway Agency,1,Sin jurisdiccion especial,2566,33.48871667,-86.82413333,Peaton,El primer evento no fue una colision con un vehiculo automotor en transporte,Not an Intersection,No fue interseccion,Sobre Acotamiento,Ninguna,Oscuro sin iluminacion,Nublado,No,NO APLICA,5,31,5,42,1,06/11/2022,1
1,Alabama,10771,0,0,1,0,125,TUSCALOOSA (125),0,NO APLICA,11,Noviembre,7,2022,12,29,CR-SYLVAN LOOP RD,4,Calle del Condado,Rural,Colector Menor,County Highway Agency,0,Sin jurisdiccion especial,0,33.08593611,-87.69287778,Arbol,El primer evento no fue una colision con un vehiculo automotor en transporte,Not an Intersection,No fue interseccion,Sobre el lado de la calle,Ninguna,Dia total,Despejado,No,NO APLICA,12,36,12,50,1,07/11/2022,2
1,Alabama,10772,0,0,1,0,101,MONTGOMERY (101),0,NO APLICA,11,Noviembre,7,2022,15,20,CR-OLD SELMA RD,4,Calle del Condado,Rural,Colector Mayor,County Highway Agency,0,Sin jurisdiccion especial,0,32.35048333,-86.42067778,Zanja,El primer evento no fue una colision con un vehiculo automotor en transporte,Not an Intersection,No fue interseccion,Sobre el lado de la calle,Ninguna,Dia total,Despejado,No,NO APLICA,15,24,15,45,1,07/11/2022,1
1,Alabama,10773,0,0,3,0,47,DALLAS (47),9997,Other,11,Noviembre,8,2022,9,0,SR-22,3,Highway estatal,Urbano,Arteria Menor,State Highway Agency,0,Sin jurisdiccion especial,264,32.44926111,-87.01445556,Vehiculo en movimiento,Frente a frente,Not an Intersection,No fue interseccion,Sobre calle,Ninguna,Dia total,Despejado,No,NO APLICA,9,0,9,20,1,08/11/2022,4
1,Alabama,10774,1,1,2,0,97,MOBILE (97),2550,PRICHARD,11,Noviembre,8,2022,18,47,SR-17,3,Highway estatal,Urbano,Arteria Principal,State Highway Agency,1,Sin jurisdiccion especial,50,30.75357778,-88.11758889,Peaton,El primer evento no fue una colision con un vehiculo automotor en transporte,T-Intersection,Interseccion de T,Sobre calle,Ninguna,Oscuro sin iluminacion,Despejado,No,NO APLICA,18,45,18,52,1,08/11/2022,2
1,Alabama,10775,0,0,1,0,33,COLBERT (33),0,NO APLICA,11,Noviembre,10,2022,22,23,CR-COUNTY LINE RD,4,Calle del Condado,Rural,Colector Mayor,County Highway Agency,0,Sin jurisdiccion especial,0,34.64875556,-87.52949444,Zanja,El primer evento no fue una colision con un vehiculo automotor en transporte,Not an Intersection,No fue interseccion,Sobre el lado de la calle,Ninguna,Oscuro sin iluminacion,lluvia,No,NO APLICA,22,32,22,49,1,10/11/2022,1
1,Alabama,10776,0,0,1,0,95,MARSHALL (95),0,NO APLICA,11,Noviembre,10,2022,23,25,CR-MERRIL MOUNTAIN RD,4,Calle del Condado,Rural,Local,County Highway Agency,0,Sin jurisdiccion especial,0,34.48468889,-86.38535833,Arbol,El primer evento no fue una colision con un vehiculo automotor en transporte,Not an Intersection,No fue interseccion,Sobre el lado de la calle,Ninguna,Oscuro sin iluminacion,Nublado,No,NO APLICA,23,49,0,10,2,10/11/2022,4
1,Alabama,10777,1,1,1,0,99,MONROE (99),0,NO APLICA,11,Noviembre,10,2022,14,45,CR-27,4,Calle del Condado,Rural,Arteria Principal,County Highway Agency,1,Sin jurisdiccion especial,0,31.48704444,-87.37224167,Peaton,El primer evento no fue una colision con un vehiculo automotor en transporte,Four-Way Intersection,Interseccion de 4 direcciones,Sobre calle,Ninguna,Dia total,Despejado,No,NO APLICA,14,51,14,55,1,10/11/2022,1
1,Alabama,10778,0,0,2,0,91,MARENGO (91),0,NO APLICA,11,Noviembre,11,2022,21,15,SR-10,3,Highway estatal,Rural,Arteria Menor,State Highway Agency,0,Sin jurisdiccion especial,404,32.08897222,-87.86078333,Vehiculo en movimiento,Frente a frente,Not an Intersection,No fue interseccion,Sobre calle,Ninguna,Oscuro sin iluminacion,Despejado,No,NO APLICA,21,31,21,59,2,11/11/2022,2
1,Alabama,10779,0,0,1,0,115,ST. CLAIR (115),0,NO APLICA,11,Noviembre,11,2022,4,50,US-231 SR-53,2,US Highway,Rural,Arteria Menor,State Highway Agency,0,Sin jurisdiccion especial,2288,33.72591944,-86.28724444,Arbol,El primer evento no fue una colision con un vehiculo automotor en transporte,Not an Intersection,No fue interseccion,Sobre el lado de la calle,Ninguna,Oscuro sin iluminacion,lluvia,No,NO APLICA,8,12,8,27,1,11/11/2022,1
1,Alabama,10780,0,0,1,0,43,CULLMAN (43),0,NO APLICA,11,Noviembre,11,2022,1,10,SR-91,3,Highway estatal,Rural,Arteria Menor,State Highway Agency,0,Sin jurisdiccion especial,280,34.08859167,-86.73343056,Valla Ferrocarril,El primer evento no fue una colision con un vehiculo automotor en transporte,Not an Intersection,No fue interseccion,Sobre el lado de la calle,Ninguna,Oscuro sin iluminacion,Nublado,No,NO APLICA,1,9,1,27,3,11/11/2022,4
1,Alabama,10781,0,0,1,0,103,MORGAN (103),890,DECATUR,11,Noviembre,12,2022,23,37,8TH ST SW,6,Calle Local Municipalidad,Urbano,Arteria Menor,City or Municipal Highway Agency,0,Sin jurisdiccion especial,0,34.58994444,-87.02320833,Zanja,El primer evento no fue una colision con un vehiculo automotor en transporte,Not an Intersection,No fue interseccion,Sobre el lado de la calle,Ninguna,Oscuro sin iluminacion,Despejado,No,NO APLICA,23,37,23,50,1,12/11/2022,4
1,Alabama,10782,0,0,2,0,73,JEFFERSON (73),350,BIRMINGHAM,11,Noviembre,12,2022,5,28,PARKWAY EAST,6,Calle Local Municipalidad,Urbano,Arteria Principal,State Highway Agency,1,Sin jurisdiccion especial,17,33.60688333,-86.68962778,Vehiculo en movimiento,Angulo,Not an Intersection,No fue interseccion,Sobre calle,Ninguna,Oscuro con iluminacion,lluvia,No,NO APLICA,5,28,5,38,1,12/11/2022,2
1,Alabama,10783,0,0,2,0,81,LEE (81),200,AUBURN,11,Noviembre,13,2022,19,42,I-85,1,Interestatal,Urbano,Interestatal,State Highway Agency,1,Sin jurisdiccion especial,550,32.588425,-85.45908611,Vehiculo en movimiento,Frente a frente,Not an Intersection,No fue interseccion,Sobre calle,Ninguna,Oscuro sin iluminacion,Despejado,No,NO APLICA,19,49,20,33,2,13/11/2022,3
1,Alabama,10784,0,0,1,0,73,JEFFERSON (73),0,NO APLICA,11,Noviembre,13,2022,21,11,CR-BRADFORD RD,4,Calle del Condado,Rural,Colector Mayor,County Highway Agency,0,Sin jurisdiccion especial,0,33.74568333,-86.71823333,Zanja,El primer evento no fue una colision con un vehiculo automotor en transporte,Not an Intersection,No fue interseccion,Sobre el lado de la calle,Ninguna,Oscuro sin iluminacion,Nublado,No,NO APLICA,21,11,21,16,1,13/11/2022,1
1,Alabama,10785,0,0,1,0,43,CULLMAN (43),9997,Other,11,Noviembre,14,2022,16,20,CR-437,4,Calle del Condado,Urbano,Colector Mayor,County Highway Agency,0,Sin jurisdiccion especial,0,34.11093889,-86.86833889,Arbol,El primer evento no fue una colision con un vehiculo automotor en transporte,Not an Intersection,No fue interseccion,Sobre el lado de la calle,Ninguna,Dia total,Despejado,No,NO APLICA,16,22,16,49,1,14/11/2022,1
1,Alabama,10786,0,0,1,0,43,CULLMAN (43),0,NO APLICA,11,Noviembre,15,2022,0,1,CR-565,4,Calle del Condado,Rural,Colector Mayor,County Highway Agency,0,Sin jurisdiccion especial,0,34.05761667,-86.81728889,Zanja,El primer evento no fue una colision con un vehiculo automotor en transporte,Not an Intersection,No fue interseccion,Sobre el lado de la calle,Ninguna,Oscuro sin iluminacion,lluvia,No,NO APLICA,3,40,4,15,1,15/11/2022,2
1,Alabama,10787,0,0,2,0,95,MARSHALL (95),0,NO APLICA,11,Noviembre,15,2022,23,35,SR-69,3,Highway estatal,Urbano,Arteria Menor,State Highway Agency,0,Sin jurisdiccion especial,2763,34.3636,-86.36851111,Vehiculo en movimiento,Frente a frente,Not an Intersection,No fue interseccion,Sobre calle,Ninguna,Oscuro sin iluminacion,Despejado,No,NO APLICA,23,39,23,45,2,15/11/2022,2
1,Alabama,10788,0,0,2,0,89,MADISON (89),0,NO APLICA,11,Noviembre,14,2022,10,50,CR-MOORES MILL RD,4,Calle del Condado,Urbano,Colector Mayor,County Highway Agency,0,Sin jurisdiccion especial,0,34.86015556,-86.51786667,Acotamiento,El primer evento no fue una colision con un vehiculo automotor en transporte,Not an Intersection,No fue interseccion,Sobre el lado de la calle,Ninguna,Dia total,Nublado,No,NO APLICA,11,0,11,14,1,14/11/2022,3
1,Alabama,10789,0,0,2,0,101,MONTGOMERY (101),0,NO APLICA,11,Noviembre,15,2022,12,35,US-331 SR-9,2,US Highway,Rural,Arteria Principal,State Highway Agency,1,Sin jurisdiccion especial,820,32.06625278,-86.30246667,Vehiculo en movimiento,Frente a frente,Not an Intersection,No fue interseccion,Sobre calle,Ninguna,Dia total,lluvia,No,NO APLICA,12,40,13,11,3,15/11/2022,4
1,Alabama,10790,0,0,1,0,9,BLOUNT (9),0,NO APLICA,11,Noviembre,15,2022,17,39,US-231 SR-53,2,US Highway,Rural,Arteria Principal,State Highway Agency,1,Sin jurisdiccion especial,2804,34.23554722,-86.49436667,Acotamiento,El primer evento no fue una colision con un vehiculo automotor en transporte,Not an Intersection,No fue interseccion,Sobre el lado de la calle,Ninguna,Oscuro sin iluminacion,Despejado,No,NO APLICA,17,39,17,54,1,15/11/2022,1
1,Alabama,10791,0,0,2,0,115,ST. CLAIR (115),2320,ODENVILLE,11,Noviembre,16,2022,19,40,SR-174,3,Highway estatal,Rural,Colector Mayor,State Highway Agency,0,Sin jurisdiccion especial,120,33.63743889,-86.39722222,Vehiculo en movimiento,Frente a frente,Not an Intersection,No fue interseccion,Sobre calle,Ninguna,Oscuro sin iluminacion,Despejado,No,NO APLICA,20,21,20,37,1,16/11/2022,2
1,Alabama,10792,0,0,1,0,103,MORGAN (103),0,NO APLICA,11,Noviembre,17,2022,22,28,CR-EVA RD,4,Calle del Condado,Rural,Colector Mayor,County Highway Agency,0,Sin jurisdiccion especial,0,34.41038056,-86.70300278,Arbol,El primer evento no fue una colision con un vehiculo automotor en transporte,Not an Intersection,No fue interseccion,Sobre el lado de la calle,Ninguna,Oscuro sin iluminacion,Despejado,No,NO APLICA,22,32,22,50,1,17/11/2022,1
1,Alabama,10793,0,0,1,0,69,HOUSTON (69),930,DOTHAN,11,Noviembre,17,2022,14,3,US- WEST MAIN ST SR-12,2,US Highway,Urbano,Arteria Principal,State Highway Agency,1,Sin jurisdiccion especial,2093,31.22841944,-85.42611111,Banqueta,El primer evento no fue una colision con un vehiculo automotor en transporte,Not an Intersection,No fue interseccion,Sobre el lado de la calle,Ninguna,Dia total,Nublado,No,NO APLICA,14,9,14,15,1,17/11/2022,2
1,Alabama,10794,0,0,3,0,113,RUSSELL (113),0,NO APLICA,11,Noviembre,14,2022,11,55,US-431 SR-1,2,US Highway,Rural,Arteria Principal,State Highway Agency,1,Sin jurisdiccion especial,1092,32.42209167,-85.03996667,Vehiculo en movimiento,Angulo,Four-Way Intersection,Interseccion de 4 direcciones,Sobre calle,Ninguna,Dia total,Nublado,No,NO APLICA,12,3,12,22,1,14/11/2022,7
1,Alabama,10795,0,0,2,0,59,FRANKLIN (59),0,NO APLICA,11,Noviembre,18,2022,22,30,CR-48,4,Calle del Condado,Urbano,Colector Mayor,County Highway Agency,0,Sin jurisdiccion especial,0,34.50483611,-87.70855833,Vehiculo en movimiento,Frente a frente,Not an Intersection,No fue interseccion,Sobre calle,Ninguna,Oscuro sin iluminacion,Despejado,No,NO APLICA,22,20,22,28,2,18/11/2022,3
1,Alabama,10796,0,0,2,0,101,MONTGOMERY (101),2130,MONTGOMERY,11,Noviembre,18,2022,0,23,I-65,1,Interestatal,Urbano,Interestatal,State Highway Agency,1,Sin jurisdiccion especial,1680,32.32430278,-86.33546667,Vehiculo en movimiento,Frente a frente,Not an Intersection,No fue interseccion,Sobre calle,Ninguna,Oscuro con iluminacion,Despejado,No,NO APLICA,0,23,0,32,5,18/11/2022,6
1,Alabama,10797,1,1,1,0,73,JEFFERSON (73),0,NO APLICA,11,Noviembre,19,2022,1,43,SR-AARON ARONOV DR,3,Highway estatal,Urbano,Arteria Menor,State Highway Agency,0,Sin jurisdiccion especial,0,33.47581667,-86.92458889,Peaton,El primer evento no fue una colision con un vehiculo automotor en transporte,Not an Intersection,No fue interseccion,Sobre calle,Ninguna,Oscuro sin iluminacion,Despejado,No,NO APLICA,1,44,2,0,1,19/11/2022,1
1,Alabama,10798,0,0,2,0,47,DALLAS (47),0,NO APLICA,11,Noviembre,19,2022,23,4,US-80 SR-8,2,US Highway,Rural,Arteria Principal,State Highway Agency,1,Sin jurisdiccion especial,770,32.44120278,-87.14015833,Vehiculo en movimiento,Frente a frente,Not an Intersection,No fue interseccion,Sobre calle,Ninguna,Oscuro sin iluminacion,Despejado,No,NO APLICA,23,11,23,53,1,19/11/2022,2
1,Alabama,10799,0,0,1,0,101,MONTGOMERY (101),0,NO APLICA,11,Noviembre,19,2022,22,3,CR-MERIWETHER TRAIL,4,Calle del Condado,Rural,Colector Mayor,County Highway Agency,0,Sin jurisdiccion especial,0,32.04043056,-86.02768611,Fin de valla,El primer evento no fue una colision con un vehiculo automotor en transporte,Not an Intersection,No fue interseccion,Sobre el lado de la calle,Ninguna,Oscuro sin iluminacion,Despejado,No,NO APLICA,22,3,22,27,1,19/11/2022,1
1,Alabama,10801,0,0,1,0,101,MONTGOMERY (101),2130,MONTGOMERY,11,Noviembre,19,2022,2,34,NORTHERN BLVD,6,Calle Local Municipalidad,Urbano,Arteria Principal,State Highway Agency,1,Sin jurisdiccion especial,0,32.41081389,-86.30341111,Barrera de Trafico de Concreto,El primer evento no fue una colision con un vehiculo automotor en transporte,Not an Intersection,No fue interseccion,Sobre el lado de la calle,Ninguna,Oscuro - iluminacion desconocida,Despejado,No,NO APLICA,2,34,2,41,1,19/11/2022,1
1,Alabama,10802,0,0,1,0,3,BALDWIN (3),0,NO APLICA,11,Noviembre,19,2022,0,0,INGELSIDE AVE,6,Calle Local Municipalidad,Rural,Colector Mayor,City or Municipal Highway Agency,0,Sin jurisdiccion especial,0,30.50176667,-87.89038056,Arbol,El primer evento no fue una colision con un vehiculo automotor en transporte,T-Intersection,Interseccion de T,Sobre el lado de la calle,Ninguna,Oscuro sin iluminacion,Despejado,No,NO APLICA,99,99,8,38,1,19/11/2022,1
1,Alabama,10803,0,0,1,0,53,ESCAMBIA (53),0,NO APLICA,11,Noviembre,20,2022,19,45,CR-BOONEVILLE RD,4,Calle del Condado,Rural,Colector Mayor,County Highway Agency,0,Sin jurisdiccion especial,0,31.16815556,-87.57863333,Arbol,El primer evento no fue una colision con un vehiculo automotor en transporte,Not an Intersection,No fue interseccion,Sobre el lado de la calle,Ninguna,Oscuro sin iluminacion,Despejado,No,NO APLICA,19,48,20,4,1,20/11/2022,1
1,Alabama,10804,0,0,2,0,13,BUTLER (13),0,NO APLICA,11,Noviembre,20,2022,1,30,I-65,1,Interestatal,Rural,Interestatal,State Highway Agency,1,Sin jurisdiccion especial,1154,31.66598056,-86.76254444,Vehiculo en movimiento,Frente a Detrás,Not an Intersection,No fue interseccion,Sobre calle,Ninguna,Oscuro sin iluminacion,Despejado,No,NO APLICA,1,42,1,48,2,20/11/2022,4
1,Alabama,10805,0,0,2,0,103,MORGAN (103),890,DECATUR,11,Noviembre,21,2022,21,58,S BETHEL RD,6,Calle Local Municipalidad,Urbano,Colector Mayor,City or Municipal Highway Agency,0,Sin jurisdiccion especial,0,34.48981667,-86.89605278,Vehiculo en movimiento,Frente a Detrás,Not an Intersection,No fue interseccion,Sobre calle,Ninguna,Oscuro sin iluminacion,Nublado,No,NO APLICA,21,58,22,12,1,21/11/2022,2
1,Alabama,10806,1,1,1,0,97,MOBILE (97),2100,MOBILE,11,Noviembre,21,2022,15,47,OLD SHELL RD,6,Calle Local Municipalidad,Urbano,Colector Mayor,City or Municipal Highway Agency,0,Sin jurisdiccion especial,0,30.68868333,-88.08131111,Peaton,El primer evento no fue una colision con un vehiculo automotor en transporte,Not an Intersection,No fue interseccion,Sobre calle,Ninguna,Dia total,Despejado,No,NO APLICA,15,47,15,53,1,21/11/2022,1
1,Alabama,10807,0,0,1,0,97,MOBILE (97),0,NO APLICA,11,Noviembre,21,2022,13,5,CR-SAND RIDGE RD,4,Calle del Condado,Rural,Local,County Highway Agency,0,Sin jurisdiccion especial,0,31.02123889,-88.25408333,Zanja,El primer evento no fue una colision con un vehiculo automotor en transporte,Not an Intersection,No fue interseccion,Sobre el lado de la calle,Ninguna,Dia total,Despejado,No,NO APLICA,13,15,13,40,1,21/11/2022,1
1,Alabama,10808,1,1,1,0,125,TUSCALOOSA (125),2260,NORTHPORT,11,Noviembre,22,2022,17,33,US- SR-13,2,US Highway,Urbano,Arteria Principal,State Highway Agency,1,Sin jurisdiccion especial,0,33.23166667,-87.57665,Peaton,El primer evento no fue una colision con un vehiculo automotor en transporte,Not an Intersection,No fue interseccion,Sobre calle,Ninguna,Oscuro sin iluminacion,Despejado,No,NO APLICA,17,33,17,39,1,22/11/2022,1
1,Alabama,10809,0,0,1,0,47,DALLAS (47),0,NO APLICA,11,Noviembre,22,2022,1,0,SR-14,3,Highway estatal,Rural,Arteria Menor,State Highway Agency,0,Sin jurisdiccion especial,1202,32.43176389,-86.95585278,Valla Ferrocarril,El primer evento no fue una colision con un vehiculo automotor en transporte,Not an Intersection,No fue interseccion,Sobre el lado de la calle,Ninguna,Oscuro sin iluminacion,Despejado,No,NO APLICA,1,0,1,26,1,22/11/2022,1
1,Alabama,10810,0,0,2,0,95,MARSHALL (95),1500,GUNTERSVILLE,11,Noviembre,23,2022,18,25,US-431 SR-1,2,US Highway,Urbano,Arteria Principal,State Highway Agency,1,Sin jurisdiccion especial,2922,34.32183056,-86.31256389,Vehiculo en movimiento,Angulo,Four-Way Intersection,Interseccion de 4 direcciones,Sobre calle,Ninguna,Oscuro con iluminacion,Despejado,No,NO APLICA,18,37,18,48,1,23/11/2022,4