Estado,Nombre de Estado,Numero de Caso,Peatones,Personas _no_vehiculos,Vehiculos automotores,Vehiculos estacionados,Condado,Nombre Condado,Ciudad,Nombre Ciudad,Mes,Nombre Mes,Dia,Año,Hora,Minuto,Calle,Ruta,Nombre Ruta,Rural o Urbanoo,Sistema Funcional,Dueño Calle,Sistema Nacional Carreteras,Jurisdiccion Especial,Milla,Latitud,Longitud,Causa del Accidente,Tipo de Accidente,Tipo Interseccion,Columna1,Lugar en la calle,Zona de Trabajo,Luz,Clima,Autobus Escolar,Cruce de Trenes,Hora Notificacion,Minuto Notificacion,Hora Llegada,Minuto Llegada,Decesos,Fecha,PersonaVehiculo
1,Alabama,10811,0,0,1,0,109,PIKE (109),0,NO APLICA,11,Noviembre,23,2022,18,50,US-231 SR-53,2,US Highway,Rural,Arteria Principal,State Highway Agency,1,Sin jurisdiccion especial,875,31.95169444,-86.02421389,Volcadura,El primer evento no fue una colision con un vehiculo automotor en transporte,Not an Intersection,No fue interseccion,En el medio,Ninguna,Oscuro sin iluminacion,Despejado,No,NO APLICA,18,50,18,50,1,23/11/2022,1
1,Alabama,10812,0,0,2,0,97,MOBILE (97),0,NO APLICA,11,Noviembre,23,2022,14,3,CR-GRAND BAY WILMER RD N,4,Calle del Condado,Rural,Colector Mayor,County Highway Agency,0,Sin jurisdiccion especial,0,30.72052222,-88.37160556,Vehiculo en movimiento,Angulo,Not an Intersection,No fue interseccion,Sobre calle,Ninguna,Dia total,Despejado,No,NO APLICA,14,6,14,24,2,23/11/2022,2
1,Alabama,10813,0,0,1,0,51,ELMORE (51),0,NO APLICA,11,Noviembre,26,2022,23,25,SR-9,3,Highway estatal,Rural,Arteria Menor,State Highway Agency,0,Sin jurisdiccion especial,1302,32.61882222,-86.15428611,Arbol,El primer evento no fue una colision con un vehiculo automotor en transporte,Not an Intersection,No fue interseccion,Sobre el lado de la calle,Ninguna,Oscuro sin iluminacion,lluvia,No,NO APLICA,23,25,23,45,1,26/11/2022,1
1,Alabama,10814,0,0,1,0,81,LEE (81),200,AUBURN,11,Noviembre,26,2022,16,47,E SAMFORD AVE,6,Calle Local Municipalidad,Urbano,Arteria Menor,City or Municipal Highway Agency,0,Sin jurisdiccion especial,0,32.59897778,-85.46175278,Poste,El primer evento no fue una colision con un vehiculo automotor en transporte,Not an Intersection,No fue interseccion,Sobre el lado de la calle,Ninguna,Atardecer,lluvia,No,NO APLICA,16,52,17,5,1,26/11/2022,1
1,Alabama,10815,0,0,2,0,47,DALLAS (47),0,NO APLICA,11,Noviembre,25,2022,1,40,SR-22,3,Highway estatal,Rural,Arteria Menor,State Highway Agency,0,Sin jurisdiccion especial,30,32.30129444,-87.32715556,Arbol,El primer evento no fue una colision con un vehiculo automotor en transporte,Not an Intersection,No fue interseccion,Sobre el lado de la calle,Ninguna,Oscuro sin iluminacion,lluvia,No,NO APLICA,1,56,2,25,1,25/11/2022,3
1,Alabama,10816,0,0,3,1,73,JEFFERSON (73),350,BIRMINGHAM,12,Diciembre,31,2022,23,44,BRIGHTON RD,6,Calle Local Municipalidad,Urbano,Arteria Menor,City or Municipal Highway Agency,0,Sin jurisdiccion especial,0,33.46827222,-86.89272778,Vehiculo en movimiento,Frente a frente,Y-Intersection,Interseccion de Y,Sobre calle,Ninguna,Oscuro con iluminacion,Despejado,No,NO APLICA,23,42,23,58,1,31/12/2022,3
1,Alabama,10817,0,0,1,0,97,MOBILE (97),0,NO APLICA,11,Noviembre,25,2022,13,35,US-45 SR-17,2,US Highway,Rural,Arteria Principal,State Highway Agency,1,Sin jurisdiccion especial,219,30.95500833,-88.23167778,Arbol,El primer evento no fue una colision con un vehiculo automotor en transporte,Not an Intersection,No fue interseccion,Sobre el lado de la calle,Ninguna,Dia total,Nublado,No,NO APLICA,13,43,13,53,1,25/11/2022,1
1,Alabama,10818,0,0,1,0,99,MONROE (99),2110,MONROEVILLE,11,Noviembre,25,2022,0,59,SR-47,3,Highway estatal,Rural,Arteria Menor,State Highway Agency,0,Sin jurisdiccion especial,34,31.51684167,-87.35131389,Acotamiento,El primer evento no fue una colision con un vehiculo automotor en transporte,Not an Intersection,No fue interseccion,Sobre el lado de la calle,Ninguna,Oscuro sin iluminacion,lluvia,No,NO APLICA,99,99,1,9,1,25/11/2022,1
1,Alabama,10819,0,0,4,1,81,LEE (81),0,NO APLICA,11,Noviembre,24,2022,18,5,SR-14,3,Highway estatal,Rural,Arteria Menor,State Highway Agency,0,Sin jurisdiccion especial,2136,32.59998056,-85.61019167,Vehiculo en movimiento,Golpe Lateral - direccion contraria,Four-Way Intersection,Interseccion de 4 direcciones,Sobre calle,Ninguna,Oscuro sin iluminacion,Despejado,No,NO APLICA,18,9,18,15,1,24/11/2022,4
1,Alabama,10820,0,0,2,0,97,MOBILE (97),2550,PRICHARD,11,Noviembre,27,2022,14,27,SR-17,3,Highway estatal,Urbano,Arteria Principal,State Highway Agency,1,Sin jurisdiccion especial,40,30.73750556,-88.10483889,Vehiculo en movimiento,Angulo,Four-Way Intersection,Interseccion de 4 direcciones,Sobre calle,Ninguna,Dia total,Despejado,No,NO APLICA,14,29,14,33,1,27/11/2022,2
1,Alabama,10821,0,0,1,0,29,CLEBURNE (29),0,NO APLICA,11,Noviembre,27,2022,7,0,I-20,1,Interestatal,Rural,Interestatal,State Highway Agency,1,Sin jurisdiccion especial,1985,33.62109444,-85.61024444,Acotamiento,El primer evento no fue una colision con un vehiculo automotor en transporte,Not an Intersection,No fue interseccion,En el medio,Ninguna,Dia total,Despejado,No,NO APLICA,7,3,7,24,1,27/11/2022,2
1,Alabama,10822,0,0,2,0,73,JEFFERSON (73),350,BIRMINGHAM,11,Noviembre,28,2022,13,50,CRESTWOOD BLVD,6,Calle Local Municipalidad,Urbano,Arteria Principal,State Highway Agency,0,Sin jurisdiccion especial,1037,33.531625,-86.73174167,Vehiculo en movimiento,Angulo,Not an Intersection,No fue interseccion,Sobre calle,Ninguna,Dia total,Despejado,No,NO APLICA,13,51,14,22,1,28/11/2022,3
1,Alabama,10823,0,0,1,0,101,MONTGOMERY (101),2130,MONTGOMERY,11,Noviembre,28,2022,2,26,WEST BOULEVARD,6,Calle Local Municipalidad,Urbano,Arteria Principal,State Highway Agency,0,Sin jurisdiccion especial,0,32.33236944,-86.35884722,Arbol,El primer evento no fue una colision con un vehiculo automotor en transporte,Not an Intersection,No fue interseccion,Sobre el lado de la calle,Ninguna,Oscuro con iluminacion,Despejado,No,NO APLICA,2,26,2,30,1,28/11/2022,1
1,Alabama,10824,0,0,2,0,35,CONECUH (35),1080,EVERGREEN,11,Noviembre,28,2022,12,33,SR-3,3,Highway estatal,Rural,Arteria Principal,State Highway Agency,1,Sin jurisdiccion especial,0,31.43010833,-86.95883333,Vehiculo en movimiento,Frente a Detrás,Y-Intersection,Interseccion de Y,Sobre calle,Ninguna,Dia total,Despejado,No,NO APLICA,12,31,12,37,1,28/11/2022,2
1,Alabama,10825,0,0,3,0,95,MARSHALL (95),400,BOAZ,11,Noviembre,29,2022,17,34,MCVILLE RD,6,Calle Local Municipalidad,Urbano,Colector Mayor,City or Municipal Highway Agency,0,Sin jurisdiccion especial,0,34.24201667,-86.14463611,Vehiculo en movimiento,Frente a frente,Not an Intersection,No fue interseccion,Sobre calle,Ninguna,Oscuro sin iluminacion,Nublado,No,NO APLICA,17,34,17,43,2,29/11/2022,3
1,Alabama,10826,1,1,1,0,101,MONTGOMERY (101),2130,MONTGOMERY,11,Noviembre,30,2022,20,8,TROY HWY,6,Calle Local Municipalidad,Urbano,Arteria Principal,State Highway Agency,1,Sin jurisdiccion especial,0,32.31744722,-86.23173056,Peaton,El primer evento no fue una colision con un vehiculo automotor en transporte,Four-Way Intersection,Interseccion de 4 direcciones,Sobre calle,Ninguna,Oscuro con iluminacion,Despejado,No,NO APLICA,20,8,20,15,1,30/11/2022,1
1,Alabama,10827,0,0,2,0,73,JEFFERSON (73),0,NO APLICA,12,Diciembre,1,2022,18,40,SR-5,3,Highway estatal,Rural,Arteria Principal,State Highway Agency,1,Sin jurisdiccion especial,1534,33.73121944,-87.01542778,Vehiculo en movimiento,Frente a Detrás,Y-Intersection,Interseccion de Y,Sobre calle,Ninguna,Oscuro sin iluminacion,Nublado,No,NO APLICA,18,40,18,45,1,01/12/2022,2
1,Alabama,10828,0,0,1,0,75,LAMAR (75),0,NO APLICA,12,Diciembre,2,2022,15,26,SR-17,3,Highway estatal,Rural,Arteria Menor,State Highway Agency,0,Sin jurisdiccion especial,2552,33.91847222,-88.14602222,Valla Ferrocarril,El primer evento no fue una colision con un vehiculo automotor en transporte,Not an Intersection,No fue interseccion,Sobre el lado de la calle,Ninguna,Dia total,Nublado,No,NO APLICA,15,26,15,32,1,02/12/2022,1
1,Alabama,10829,0,0,2,0,23,CHOCTAW (23),0,NO APLICA,12,Diciembre,2,2022,7,25,CR-9,4,Calle del Condado,Rural,Colector Mayor,County Highway Agency,0,Sin jurisdiccion especial,0,32.16316111,-88.29447778,Vehiculo en movimiento,Angulo,Not an Intersection,No fue interseccion,Sobre calle,Ninguna,Dia total,Nublado,No,NO APLICA,7,25,7,45,1,02/12/2022,2
1,Alabama,10830,1,1,1,0,97,MOBILE (97),2100,MOBILE,12,Diciembre,2,2022,19,50,MOFFETT RD,6,Calle Local Municipalidad,Urbano,Arteria Principal,State Highway Agency,1,Sin jurisdiccion especial,210,30.70872778,-88.12514167,Peaton,El primer evento no fue una colision con un vehiculo automotor en transporte,Not an Intersection,No fue interseccion,Sobre calle,Ninguna,Atardecer,Despejado,No,NO APLICA,19,53,19,57,1,02/12/2022,1
1,Alabama,10831,0,0,6,0,53,ESCAMBIA (53),0,NO APLICA,12,Diciembre,2,2022,1,35,I-65,1,Interestatal,Rural,Interestatal,State Highway Agency,1,Sin jurisdiccion especial,632,31.15006389,-87.39566111,Vehiculo en movimiento,Frente a Detrás,Not an Intersection,No fue interseccion,Sobre calle,Ninguna,Oscuro sin iluminacion,Despejado,No,NO APLICA,1,35,1,50,2,02/12/2022,10
1,Alabama,10832,1,1,1,0,101,MONTGOMERY (101),2130,MONTGOMERY,12,Diciembre,3,2022,0,0,MARTHA ST,6,Calle Local Municipalidad,Urbano,Local,City or Municipal Highway Agency,0,Sin jurisdiccion especial,0,32.37438889,-86.32304167,Ciclista,El primer evento no fue una colision con un vehiculo automotor en transporte,Not an Intersection,No fue interseccion,Sobre calle,Ninguna,Oscuro sin iluminacion,Despejado,No,NO APLICA,0,9,0,15,1,03/12/2022,1
1,Alabama,10833,1,1,1,0,97,MOBILE (97),2100,MOBILE,12,Diciembre,4,2022,17,55,I-65,1,Interestatal,Urbano,Interestatal,State Highway Agency,1,Sin jurisdiccion especial,35,30.67423889,-88.12734444,Peaton,El primer evento no fue una colision con un vehiculo automotor en transporte,Not an Intersection,No fue interseccion,Sobre calle,Ninguna,Oscuro con iluminacion,Despejado,No,NO APLICA,17,59,18,7,1,04/12/2022,1
1,Alabama,10834,0,0,1,0,97,MOBILE (97),2550,PRICHARD,12,Diciembre,4,2022,2,57,HIGHPOINT BLVD,6,Calle Local Municipalidad,Urbano,Arteria Menor,City or Municipal Highway Agency,0,Sin jurisdiccion especial,0,30.75111944,-88.16118889,Acotamiento,El primer evento no fue una colision con un vehiculo automotor en transporte,Not an Intersection,No fue interseccion,Sobre el lado de la calle,Ninguna,Oscuro sin iluminacion,Despejado,No,NO APLICA,2,59,3,32,1,04/12/2022,4
1,Alabama,10835,0,0,2,0,31,COFFEE (31),0,NO APLICA,12,Diciembre,4,2022,7,16,SR-51,3,Highway estatal,Rural,Arteria Menor,State Highway Agency,0,Sin jurisdiccion especial,138,31.51368333,-85.80815833,Vehiculo en movimiento,Frente a frente,Not an Intersection,No fue interseccion,Sobre calle,Ninguna,Dia total,Nublado,No,NO APLICA,7,22,7,36,1,04/12/2022,2
1,Alabama,10836,0,0,1,0,89,MADISON (89),1730,HUNTSVILLE,12,Diciembre,5,2022,10,36,WALDEN RUN CIR,6,Calle Local Municipalidad,Urbano,Colector Mayor,City or Municipal Highway Agency,0,Sin jurisdiccion especial,0,34.75160278,-86.69326111,Arbol,El primer evento no fue una colision con un vehiculo automotor en transporte,T-Intersection,Interseccion de T,Sobre el lado de la calle,Ninguna,Dia total,lluvia,No,NO APLICA,10,36,10,55,1,05/12/2022,1
1,Alabama,10837,0,0,2,0,97,MOBILE (97),0,NO APLICA,12,Diciembre,5,2022,18,13,US-45 SR-17,2,US Highway,Rural,Arteria Principal,State Highway Agency,1,Sin jurisdiccion especial,203,30.93805278,-88.21281944,Vehiculo en movimiento,Frente a frente,Not an Intersection,No fue interseccion,Sobre calle,Ninguna,Oscuro sin iluminacion,Nublado,No,NO APLICA,18,13,18,22,1,05/12/2022,2
1,Alabama,10838,0,0,1,0,101,MONTGOMERY (101),0,NO APLICA,12,Diciembre,6,2022,5,30,SR-110,3,Highway estatal,Rural,Arteria Menor,State Highway Agency,0,Sin jurisdiccion especial,114,32.28051389,-85.99601944,Acotamiento,El primer evento no fue una colision con un vehiculo automotor en transporte,Not an Intersection,No fue interseccion,Sobre el lado de la calle,Ninguna,Oscuro sin iluminacion,Despejado,No,NO APLICA,99,99,6,15,1,06/12/2022,1
1,Alabama,10839,0,0,1,0,129,WASHINGTON (129),650,CHATOM,12,Diciembre,6,2022,10,45,SR-56,3,Highway estatal,Rural,Arteria Menor,State Highway Agency,0,Sin jurisdiccion especial,176,31.45628333,-88.19148889,Arbol,El primer evento no fue una colision con un vehiculo automotor en transporte,Not an Intersection,No fue interseccion,Sobre el lado de la calle,Ninguna,Dia total,Despejado,No,NO APLICA,10,48,10,55,1,06/12/2022,1
1,Alabama,10840,0,0,2,0,43,CULLMAN (43),0,NO APLICA,12,Diciembre,7,2022,16,50,US-231 SR-3,2,US Highway,Rural,Arteria Menor,State Highway Agency,0,Sin jurisdiccion especial,3344,34.2929,-86.89878056,Vehiculo en movimiento,Angulo,T-Intersection,Interseccion de T,Sobre calle,Ninguna,Oscuro sin iluminacion,Neblina o Humo,No,NO APLICA,17,0,17,5,1,07/12/2022,2
1,Alabama,10841,0,0,2,0,93,MARION (93),0,NO APLICA,12,Diciembre,7,2022,6,40,I-22,1,Interestatal,Rural,Interestatal,State Highway Agency,1,Sin jurisdiccion especial,119,34.117225,-88.03762778,Vehiculo en movimiento,Frente a Detrás,Not an Intersection,No fue interseccion,Sobre calle,Ninguna,Amanecer,Nublado,No,NO APLICA,6,40,6,49,1,07/12/2022,2
1,Alabama,10842,0,0,1,0,117,SHELBY (117),1570,HARPERSVILLE,12,Diciembre,7,2022,11,11,SR-76,3,Highway estatal,Rural,Arteria Menor,State Highway Agency,0,Sin jurisdiccion especial,10,33.28735,-86.42142778,Arbol,El primer evento no fue una colision con un vehiculo automotor en transporte,Not an Intersection,No fue interseccion,Sobre el lado de la calle,Ninguna,Dia total,Despejado,No,NO APLICA,11,15,11,23,1,07/12/2022,1
1,Alabama,10843,0,0,1,0,69,HOUSTON (69),0,NO APLICA,12,Diciembre,9,2022,4,25,US-231 SR-1,2,US Highway,Rural,Arteria Principal,State Highway Agency,1,Sin jurisdiccion especial,80,31.11485833,-85.40482222,Arbol,El primer evento no fue una colision con un vehiculo automotor en transporte,Not an Intersection,No fue interseccion,Sobre el lado de la calle,Ninguna,Oscuro sin iluminacion,Neblina o Humo,No,NO APLICA,4,32,4,40,1,09/12/2022,2
1,Alabama,10844,0,0,2,0,3,BALDWIN (3),0,NO APLICA,12,Diciembre,10,2022,23,45,SR-225,3,Highway estatal,Rural,Arteria Menor,State Highway Agency,0,Sin jurisdiccion especial,60,30.76268333,-87.8884,Vehiculo en movimiento,Frente a frente,Not an Intersection,No fue interseccion,Sobre calle,Ninguna,Oscuro sin iluminacion,Neblina o Humo,No,NO APLICA,0,7,0,25,1,10/12/2022,2
1,Alabama,10845,1,1,1,0,83,LIMESTONE (83),0,NO APLICA,12,Diciembre,11,2022,20,30,CR-CROSS KEY RD,4,Calle del Condado,Rural,Colector Mayor,County Highway Agency,0,Sin jurisdiccion especial,0,34.8615,-86.99501944,Peaton,El primer evento no fue una colision con un vehiculo automotor en transporte,Not an Intersection,No fue interseccion,Sobre calle,Ninguna,Oscuro sin iluminacion,Despejado,No,NO APLICA,20,28,20,37,1,11/12/2022,1
1,Alabama,10846,0,0,1,0,69,HOUSTON (69),0,NO APLICA,12,Diciembre,11,2022,17,20,CR-CHARLES RD,4,Calle del Condado,Rural,Local,County Highway Agency,0,Sin jurisdiccion especial,0,31.05529722,-85.14515,Zanja,El primer evento no fue una colision con un vehiculo automotor en transporte,Not an Intersection,No fue interseccion,Sobre el lado de la calle,Ninguna,Oscuro sin iluminacion,Despejado,No,NO APLICA,17,33,18,1,1,11/12/2022,1
1,Alabama,10847,0,0,2,0,3,BALDWIN (3),0,NO APLICA,12,Diciembre,13,2022,10,16,US-98 SR-42,2,US Highway,Rural,Arteria Principal,State Highway Agency,1,Sin jurisdiccion especial,744,30.41450833,-87.52532222,Vehiculo en movimiento,Frente a frente,Not an Intersection,No fue interseccion,Sobre calle,Ninguna,Dia total,Nublado,No,NO APLICA,10,18,10,29,2,13/12/2022,2
1,Alabama,10848,1,1,1,0,101,MONTGOMERY (101),0,NO APLICA,12,Diciembre,14,2022,16,40,US-231 SR-3,2,US Highway,Urbano,Arteria Principal,State Highway Agency,1,Sin jurisdiccion especial,1156,32.44154444,-86.21605278,Peaton,El primer evento no fue una colision con un vehiculo automotor en transporte,Not an Intersection,No fue interseccion,Sobre calle,Ninguna,Oscuro sin iluminacion,lluvia,No,NO APLICA,99,99,17,17,1,14/12/2022,1
1,Alabama,10849,0,0,2,0,15,CALHOUN (15),0,NO APLICA,12,Diciembre,14,2022,16,35,SR-144,3,Highway estatal,Rural,Arteria Menor,State Highway Agency,0,Sin jurisdiccion especial,232,33.78131111,-85.95520556,Vehiculo en movimiento,Frente a frente,Not an Intersection,No fue interseccion,Sobre calle,Ninguna,Oscuro sin iluminacion,lluvia,No,NO APLICA,16,40,16,54,1,14/12/2022,4
1,Alabama,10850,1,1,1,0,73,JEFFERSON (73),3080,TRUSSVILLE,12,Diciembre,16,2022,18,35,LINDEN ST,6,Calle Local Municipalidad,Urbano,Local,City or Municipal Highway Agency,0,Sin jurisdiccion especial,0,33.62256944,-86.62281667,Peaton,El primer evento no fue una colision con un vehiculo automotor en transporte,Not an Intersection,No fue interseccion,Sobre calle,Ninguna,Oscuro con iluminacion,Despejado,No,NO APLICA,99,99,99,99,1,16/12/2022,0
1,Alabama,10851,0,0,1,0,121,TALLADEGA (121),0,NO APLICA,12,Diciembre,18,2022,1,25,SR-21,3,Highway estatal,Rural,Arteria Principal,State Highway Agency,1,Sin jurisdiccion especial,2057,33.12014722,-86.25325833,Acotamiento,El primer evento no fue una colision con un vehiculo automotor en transporte,Not an Intersection,No fue interseccion,Sobre el lado de la calle,Ninguna,Oscuro sin iluminacion,Despejado,No,NO APLICA,1,25,1,34,1,18/12/2022,1
1,Alabama,10852,0,0,3,0,57,FAYETTE (57),0,NO APLICA,12,Diciembre,14,2022,17,37,US-43 SR-171,2,US Highway,Rural,Arteria Menor,State Highway Agency,0,Sin jurisdiccion especial,429,33.785375,-87.799075,Vehiculo en movimiento,Golpe Lateral - direccion contraria,Not an Intersection,No fue interseccion,Sobre calle,Ninguna,Oscuro sin iluminacion,lluvia,No,NO APLICA,17,35,17,43,1,14/12/2022,5
1,Alabama,10853,1,1,1,0,45,DALE (45),1866,LEVEL PLAINS,12,Diciembre,18,2022,18,58,US-84 SR-12,2,US Highway,Urbano,Arteria Principal,State Highway Agency,1,Sin jurisdiccion especial,1870,31.30011944,-85.765175,Peaton,El primer evento no fue una colision con un vehiculo automotor en transporte,Four-Way Intersection,Interseccion de 4 direcciones,Sobre calle,Ninguna,Oscuro sin iluminacion,Despejado,No,NO APLICA,99,99,19,30,1,18/12/2022,2
1,Alabama,10854,1,1,1,0,113,RUSSELL (113),2440,PHENIX CITY,12,Diciembre,18,2022,18,36,BRICKYARD RD,6,Calle Local Municipalidad,Urbano,Colector Mayor,City or Municipal Highway Agency,0,Sin jurisdiccion especial,0,32.45539722,-84.99741667,Ciclista,El primer evento no fue una colision con un vehiculo automotor en transporte,Not an Intersection,No fue interseccion,Sobre calle,Ninguna,Oscuro sin iluminacion,Despejado,No,NO APLICA,18,36,18,47,1,18/12/2022,3
1,Alabama,10855,0,0,1,0,109,PIKE (109),0,NO APLICA,12,Diciembre,19,2022,6,20,US-231 SR-53,2,US Highway,Rural,Arteria Principal,State Highway Agency,1,Sin jurisdiccion especial,811,31.8623,-85.998825,Arbol,El primer evento no fue una colision con un vehiculo automotor en transporte,Four-Way Intersection,Interseccion de 4 direcciones,Sobre el lado de la calle,Ninguna,Dia total,Despejado,No,NO APLICA,6,23,6,32,1,19/12/2022,1
1,Alabama,10856,0,0,3,0,77,LAUDERDALE (77),0,NO APLICA,12,Diciembre,19,2022,21,35,SR-207,3,Highway estatal,Rural,Arteria Menor,State Highway Agency,0,Sin jurisdiccion especial,110,34.95496111,-87.22719722,Vehiculo en movimiento,Golpe Lateral - misma direccion,Not an Intersection,No fue interseccion,Sobre calle,Ninguna,Oscuro sin iluminacion,Nublado,No,NO APLICA,21,41,21,57,1,19/12/2022,3
1,Alabama,10857,0,0,2,0,81,LEE (81),200,AUBURN,12,Diciembre,19,2022,17,33,MOORES MILL RD,6,Calle Local Municipalidad,Urbano,Arteria Menor,City or Municipal Highway Agency,0,Sin jurisdiccion especial,0,32.58458056,-85.44136667,Vehiculo en movimiento,Angulo,Not an Intersection,No fue interseccion,Sobre calle,Ninguna,Oscuro con iluminacion,Nublado,No,NO APLICA,17,36,17,37,1,19/12/2022,2
1,Alabama,10858,0,0,1,0,73,JEFFERSON (73),0,NO APLICA,12,Diciembre,20,2022,12,8,I-65,1,Interestatal,Rural,Interestatal,State Highway Agency,1,Sin jurisdiccion especial,2830,33.83221111,-86.82401944,Poste de Señal de trafico,El primer evento no fue una colision con un vehiculo automotor en transporte,Not an Intersection,No fue interseccion,Sobre el lado de la calle,Ninguna,Dia total,lluvia,No,NO APLICA,12,8,12,17,1,20/12/2022,1
1,Alabama,10859,0,0,1,0,69,HOUSTON (69),0,NO APLICA,12,Diciembre,20,2022,10,45,CR-WILLIE VARNUM RD,4,Calle del Condado,Rural,Colector Mayor,County Highway Agency,0,Sin jurisdiccion especial,0,31.10052222,-85.34273333,Buzon de correo,El primer evento no fue una colision con un vehiculo automotor en transporte,Not an Intersection,No fue interseccion,Sobre el lado de la calle,Ninguna,Dia total,Nublado,No,NO APLICA,10,44,10,58,1,20/12/2022,2
1,Alabama,10860,0,0,1,0,55,ETOWAH (55),1280,GADSDEN,12,Diciembre,20,2022,20,41,VANDELL BLVD,6,Calle Local Municipalidad,Urbano,Arteria Menor,City or Municipal Highway Agency,0,Sin jurisdiccion especial,0,34.00809722,-86.05502222,Muro,El primer evento no fue una colision con un vehiculo automotor en transporte,T-Intersection,Interseccion de T,Sobre el lado de la calle,Ninguna,Oscuro con iluminacion,Despejado,No,NO APLICA,20,41,20,45,2,20/12/2022,8
1,Alabama,10861,0,0,2,0,9,BLOUNT (9),0,NO APLICA,12,Diciembre,21,2022,18,30,SR-75,3,Highway estatal,Rural,Arteria Principal,State Highway Agency,0,Sin jurisdiccion especial,271,33.92543889,-86.50131944,Poste de Señal de trafico,El primer evento no fue una colision con un vehiculo automotor en transporte,Not an Intersection,No fue interseccion,Sobre el lado de la calle,Ninguna,Oscuro sin iluminacion,Nublado,No,NO APLICA,18,30,18,38,1,21/12/2022,2
1,Alabama,10862,0,0,1,0,51,ELMORE (51),0,NO APLICA,12,Diciembre,24,2022,21,6,CR-E FLEAHOP RD,4,Calle del Condado,Rural,Colector Mayor,County Highway Agency,0,Sin jurisdiccion especial,0,32.59526389,-86.00718056,Otro objeto (fijo),El primer evento no fue una colision con un vehiculo automotor en transporte,Not an Intersection,No fue interseccion,Sobre el lado de la calle,Ninguna,Oscuro sin iluminacion,Despejado,No,NO APLICA,21,6,21,14,1,24/12/2022,1
1,Alabama,10863,0,0,2,0,95,MARSHALL (95),0,NO APLICA,12,Diciembre,24,2022,19,20,CR-HUSTLEVILLE RD,4,Calle del Condado,Rural,Colector Mayor,County Highway Agency,0,Sin jurisdiccion especial,0,34.33534722,-86.21046389,Vehiculo en movimiento,Frente a frente,Not an Intersection,No fue interseccion,Sobre calle,Ninguna,Oscuro sin iluminacion,Despejado,No,NO APLICA,19,29,19,42,1,24/12/2022,3
1,Alabama,10864,0,0,1,0,97,MOBILE (97),2100,MOBILE,12,Diciembre,23,2022,15,55,CEDAR CRESCENT DR,6,Calle Local Municipalidad,Urbano,Local,City or Municipal Highway Agency,0,Sin jurisdiccion especial,0,30.610225,-88.07229444,Poste,El primer evento no fue una colision con un vehiculo automotor en transporte,Not an Intersection,No fue interseccion,Sobre el lado de la calle,Ninguna,Dia total,Despejado,No,NO APLICA,15,57,16,15,1,23/12/2022,1
1,Alabama,10865,0,0,1,0,53,ESCAMBIA (53),1180,FLOMATON,12,Diciembre,23,2022,0,4,US-31 SR-3,2,US Highway,Urbano,Arteria Menor,State Highway Agency,0,Sin jurisdiccion especial,0,31.00659722,-87.26982222,Culvert,El primer evento no fue una colision con un vehiculo automotor en transporte,Not an Intersection,No fue interseccion,Sobre el lado de la calle,Ninguna,Oscuro con iluminacion,Despejado,No,NO APLICA,0,4,0,4,1,23/12/2022,1
1,Alabama,10866,1,1,2,0,3,BALDWIN (3),1493,GULF SHORES,12,Diciembre,22,2022,18,45,SR-59,3,Highway estatal,Urbano,Arteria Principal,State Highway Agency,1,Sin jurisdiccion especial,37,30.29946111,-87.68315278,Vehiculo en movimiento,Reportado como desconocido,Not an Intersection,No fue interseccion,Sobre calle,Ninguna,Oscuro con iluminacion,Despejado,No,NO APLICA,18,45,18,51,1,22/12/2022,1
1,Alabama,10867,0,0,2,0,23,CHOCTAW (23),0,NO APLICA,12,Diciembre,22,2022,7,20,CR-9,4,Calle del Condado,Rural,Colector Mayor,County Highway Agency,0,Sin jurisdiccion especial,0,32.21603611,-88.2629,Puente de Ferrocarril,El primer evento no fue una colision con un vehiculo automotor en transporte,Not an Intersection,No fue interseccion,Sobre el lado de la calle,Ninguna,Dia total,lluvia,No,NO APLICA,7,28,7,39,1,22/12/2022,2
1,Alabama,10868,0,0,2,0,125,TUSCALOOSA (125),0,NO APLICA,12,Diciembre,22,2022,10,47,SR-69,3,Highway estatal,Rural,Arteria Principal,State Highway Agency,1,Sin jurisdiccion especial,1383,33.09885278,-87.55452778,Vehiculo en movimiento,Angulo,T-Intersection,Interseccion de T,Sobre calle,Ninguna,Dia total,Nublado,No,NO APLICA,10,52,10,56,1,22/12/2022,4
1,Alabama,10869,0,0,1,0,7,BIBB (7),3240,WEST BLOCTON,12,Diciembre,22,2022,17,29,TRUMAN ALDRICH PKWY,6,Calle Local Municipalidad,Rural,Arteria Menor,City or Municipal Highway Agency,0,Sin jurisdiccion especial,0,33.10982778,-87.13057222,Arbol,El primer evento no fue una colision con un vehiculo automotor en transporte,Not an Intersection,No fue interseccion,Sobre el lado de la calle,Ninguna,Oscuro sin iluminacion,lluvia,No,NO APLICA,17,31,17,42,1,22/12/2022,1
1,Alabama,10870,0,0,1,0,17,CHAMBERS (17),0,NO APLICA,12,Diciembre,25,2022,21,41,CR-100,4,Calle del Condado,Rural,Colector Menor,County Highway Agency,0,Sin jurisdiccion especial,0,33.10201111,-85.45563889,Arbol,El primer evento no fue una colision con un vehiculo automotor en transporte,Not an Intersection,No fue interseccion,Sobre el lado de la calle,Ninguna,Oscuro sin iluminacion,Despejado,No,NO APLICA,21,41,21,53,1,25/12/2022,1
1,Alabama,10871,0,0,2,0,89,MADISON (89),0,NO APLICA,12,Diciembre,16,2022,13,50,US-72 SR-2,2,US Highway,Rural,Arteria Principal,State Highway Agency,1,Sin jurisdiccion especial,1052,34.76448889,-86.48520556,Vehiculo en movimiento,Frente a Detrás,T-Intersection,Interseccion de T,Sobre calle,Ninguna,Dia total,Despejado,No,NO APLICA,13,52,14,0,1,16/12/2022,2