Estado,Nombre de Estado,Numero de Caso,Peatones,Personas _no_vehiculos,Vehiculos automotores,Vehiculos estacionados,Condado,Nombre Condado,Ciudad,Nombre Ciudad,Mes,Nombre Mes,Dia,Año,Hora,Minuto,Calle,Ruta,Nombre Ruta,Rural o Urbanoo,Sistema Funcional,Dueño Calle,Sistema Nacional Carreteras,Jurisdiccion Especial,Milla,Latitud,Longitud,Causa del Accidente,Tipo de Accidente,Tipo Interseccion,Columna1,Lugar en la calle,Zona de Trabajo,Luz,Clima,Autobus Escolar,Cruce de Trenes,Hora Notificacion,Minuto Notificacion,Hora Llegada,Minuto Llegada,Decesos,Fecha,PersonaVehiculo
4,Arizona,40001,0,0,3,0,13,MARICOPA (13),370,PHOENIX,1,Enero,1,2022,0,36,E GREENWAY RD,6,Calle Local Municipalidad,Urbano,Arteria Menor,City or Municipal Highway Agency,0,Sin jurisdiccion especial,0,33.62630278,-112.0003389,Vehiculo en movimiento,Angulo,Four-Way Intersection,Interseccion de 4 direcciones,Sobre calle,Ninguna,Oscuro con iluminacion,lluvia,No,NO APLICA,99,99,99,99,1,01/01/2022,7
4,Arizona,40002,0,0,1,0,13,MARICOPA (13),290,MESA,1,Enero,1,2022,2,39,E GUADALUPE RD,6,Calle Local Municipalidad,Urbano,Arteria Menor,State Highway Agency,0,Sin jurisdiccion especial,0,33.36457778,-111.6421806,Banqueta,El primer evento no fue una colision con un vehiculo automotor en transporte,Not an Intersection,No fue interseccion,Sobre el lado de la calle,Ninguna,Oscuro con iluminacion,lluvia,No,NO APLICA,2,39,2,45,1,01/01/2022,1
4,Arizona,40003,1,1,2,0,13,MARICOPA (13),80,CHANDLER,1,Enero,1,2022,3,43,SR-347,3,Highway estatal,Rural,Arteria Principal,State Highway Agency,1,Sin jurisdiccion especial,261,33.24528889,-111.9801722,Peaton,El primer evento no fue una colision con un vehiculo automotor en transporte,Not an Intersection,No fue interseccion,Sobre calle,Ninguna,Oscuro sin iluminacion,lluvia,No,NO APLICA,3,43,3,57,1,01/01/2022,4
4,Arizona,40004,0,0,2,0,13,MARICOPA (13),570,WICKENBURG,1,Enero,1,2022,15,14,SR-74,3,Highway estatal,Rural,Arteria Principal,State Highway Agency,0,Sin jurisdiccion especial,39,33.85391389,-112.5676361,Vehiculo en movimiento,Golpe Lateral - misma direccion,Not an Intersection,No fue interseccion,Sobre calle,Ninguna,Dia total,Despejado,No,NO APLICA,15,14,15,45,1,01/01/2022,2
4,Arizona,40005,1,1,3,0,13,MARICOPA (13),200,GLENDALE,1,Enero,1,2022,20,10,N EL MIRAGE RD,9,Desconocido,Urbano,Arteria Menor,State Highway Agency,0,Sin jurisdiccion especial,0,33.54731111,-112.3242972,Peaton,El primer evento no fue una colision con un vehiculo automotor en transporte,Not an Intersection,No fue interseccion,Sobre calle,"Zona de trabajo, tipo desconocido",Oscuro sin iluminacion,Despejado,No,NO APLICA,20,10,20,18,1,01/01/2022,5
4,Arizona,40006,0,0,2,0,13,MARICOPA (13),370,PHOENIX,1,Enero,1,2022,20,52,SR-202,3,Highway estatal,Urbano,Arterial Principal -Freeway o ExpressWay,State Highway Agency,1,Sin jurisdiccion especial,559,33.291525,-111.9885611,Vehiculo en movimiento,Frente a Detrás,Not an Intersection,No fue interseccion,Sobre calle,Ninguna,Oscuro con iluminacion,Despejado,No,NO APLICA,20,54,21,2,3,01/01/2022,8
4,Arizona,40008,0,0,2,0,13,MARICOPA (13),290,MESA,1,Enero,3,2022,14,21,N ALMA SCHOOL RD,6,Calle Local Municipalidad,Urbano,Arteria Menor,City or Municipal Highway Agency,0,Sin jurisdiccion especial,0,33.43655,-111.8562806,Vehiculo en movimiento,Angulo,T-Intersection,Interseccion de T,Sobre calle,Ninguna,Dia total,Despejado,No,NO APLICA,99,99,99,99,1,03/01/2022,2
4,Arizona,40009,0,0,1,0,19,PIMA (19),530,TUCSON,1,Enero,3,2022,15,12,N 1ST AVE,6,Calle Local Municipalidad,Urbano,Arteria Menor,City or Municipal Highway Agency,0,Sin jurisdiccion especial,0,32.25367222,-110.9610722,Poste,El primer evento no fue una colision con un vehiculo automotor en transporte,Four-Way Intersection,Interseccion de 4 direcciones,Sobre el lado de la calle,Ninguna,Dia total,Despejado,No,NO APLICA,15,12,15,21,1,03/01/2022,1
4,Arizona,40010,0,0,3,0,19,PIMA (19),530,TUCSON,1,Enero,4,2022,12,40,E 22ND ST,6,Calle Local Municipalidad,Urbano,Arteria Menor,City or Municipal Highway Agency,0,Sin jurisdiccion especial,0,32.20681944,-110.8810611,Vehiculo en movimiento,Angulo,T-Intersection,Interseccion de T,Sobre calle,Ninguna,Dia total,Despejado,No,NO APLICA,12,40,12,48,1,04/01/2022,5
4,Arizona,40011,0,0,2,0,13,MARICOPA (13),0,NO APLICA,1,Enero,4,2022,13,24,I-8,1,Interestatal,Rural,Interestatal,State Highway Agency,1,Sin jurisdiccion especial,887,32.85970556,-113.2008806,Vehiculo en movimiento,Golpe Lateral - direccion contraria,Not an Intersection,No fue interseccion,Sobre calle,Ninguna,Dia total,Despejado,No,NO APLICA,13,24,13,45,1,04/01/2022,2
4,Arizona,40012,0,0,1,0,21,PINAL (21),0,NO APLICA,1,Enero,4,2022,8,55,SR-347 N JOHN WAYNE PKY,3,Highway estatal,Urbano,Arteria Principal,State Highway Agency,1,Sin jurisdiccion especial,131,33.05379444,-112.0490139,Banqueta,El primer evento no fue una colision con un vehiculo automotor en transporte,Not an Intersection,No fue interseccion,Sobre el lado de la calle,Ninguna,Dia total,Despejado,No,NO APLICA,8,54,8,57,1,04/01/2022,1
4,Arizona,40013,0,0,1,0,13,MARICOPA (13),189,GILA BEND,1,Enero,5,2022,17,51,I-8,1,Interestatal,Rural,Interestatal,State Highway Agency,1,Sin jurisdiccion especial,1007,32.90180278,-113.0046667,Volcadura,El primer evento no fue una colision con un vehiculo automotor en transporte,Not an Intersection,No fue interseccion,Sobre calle,Ninguna,Atardecer,Despejado,No,NO APLICA,17,54,18,9,1,05/01/2022,4
4,Arizona,40016,1,1,1,0,21,PINAL (21),487,SUPERIOR,1,Enero,6,2022,20,4,US-60,2,US Highway,Rural,Arteria Principal,State Highway Agency,1,Sin jurisdiccion especial,1956,33.29270833,-111.0929083,Peaton,El primer evento no fue una colision con un vehiculo automotor en transporte,Not an Intersection,No fue interseccion,Sobre calle,Ninguna,Oscuro sin iluminacion,Despejado,No,NO APLICA,99,99,99,99,1,06/01/2022,1
4,Arizona,40017,0,0,2,0,21,PINAL (21),70,CASA GRANDE,1,Enero,7,2022,14,54,E COTTONWOOD LN,6,Calle Local Municipalidad,Urbano,Colector Mayor,City or Municipal Highway Agency,0,Sin jurisdiccion especial,0,32.894225,-111.6846722,Vehiculo en movimiento,Angulo,Not an Intersection,No fue interseccion,Sobre calle,Ninguna,Dia total,Despejado,No,NO APLICA,14,56,15,3,1,07/01/2022,3
4,Arizona,40018,1,1,1,0,19,PIMA (19),530,TUCSON,1,Enero,8,2022,7,59,W VALENCIA RD,6,Calle Local Municipalidad,Urbano,Arteria Principal,City or Municipal Highway Agency,1,Sin jurisdiccion especial,0,32.13408611,-110.9787944,Peaton,El primer evento no fue una colision con un vehiculo automotor en transporte,Not an Intersection,No fue interseccion,Sobre calle,Ninguna,Dia total,Despejado,No,NO APLICA,8,0,8,3,1,08/01/2022,1
4,Arizona,40019,0,0,2,0,13,MARICOPA (13),0,NO APLICA,1,Enero,8,2022,23,45,I-17,1,Interestatal,Rural,Interestatal,State Highway Agency,1,Sin jurisdiccion especial,370,33.90557222,-112.1460278,Vehiculo en movimiento,Angulo,Not an Intersection,No fue interseccion,Sobre calle,Ninguna,Oscuro sin iluminacion,Despejado,No,NO APLICA,23,45,23,57,1,08/01/2022,1
4,Arizona,40020,0,0,2,0,21,PINAL (21),70,CASA GRANDE,1,Enero,10,2022,12,11,N PEART RD,6,Calle Local Municipalidad,Urbano,Colector Mayor,City or Municipal Highway Agency,0,Sin jurisdiccion especial,0,32.90154167,-111.7225083,Vehiculo en movimiento,Angulo,T-Intersection,Interseccion de T,Sobre calle,Ninguna,Dia total,Despejado,No,NO APLICA,12,15,12,19,1,10/01/2022,2
4,Arizona,40021,0,0,1,0,11,GREENLEE (11),100,CLIFTON,1,Enero,11,2022,10,3,US-191,2,US Highway,Rural,Colector Mayor,State Highway Agency,0,Sin jurisdiccion especial,1998,33.34857222,-109.3455472,Volcadura,El primer evento no fue una colision con un vehiculo automotor en transporte,Not an Intersection,No fue interseccion,Sobre el lado de la calle,Ninguna,Reportada como desconocida,Reportado como desconocido,No,NO APLICA,10,7,10,42,1,11/01/2022,1
4,Arizona,40022,0,0,2,0,19,PIMA (19),530,TUCSON,1,Enero,12,2022,12,1,E VALENCIA RD,6,Calle Local Municipalidad,Urbano,Arteria Principal,City or Municipal Highway Agency,1,Sin jurisdiccion especial,0,32.134275,-110.9176972,Vehiculo en movimiento,Angulo,Four-Way Intersection,Interseccion de 4 direcciones,Sobre calle,Ninguna,Dia total,Despejado,No,NO APLICA,12,1,12,5,1,12/01/2022,2
4,Arizona,40023,1,1,1,0,13,MARICOPA (13),370,PHOENIX,1,Enero,12,2022,12,31,E INDIAN SCHOOL RD,6,Calle Local Municipalidad,Urbano,Arteria Principal,City or Municipal Highway Agency,1,Sin jurisdiccion especial,0,33.49527222,-112.0099278,Peaton,El primer evento no fue una colision con un vehiculo automotor en transporte,Not an Intersection,No fue interseccion,Sobre calle,Ninguna,Dia total,Despejado,No,NO APLICA,99,99,99,99,1,12/01/2022,1
4,Arizona,40024,0,0,2,0,13,MARICOPA (13),370,PHOENIX,1,Enero,12,2022,18,37,BLACK CANYON HWY,8,Otro,Urbano,Colector Menor,State Highway Agency,0,Sin jurisdiccion especial,0,33.44125278,-112.1077,Vehiculo en movimiento,Angulo,Four-Way Intersection,Interseccion de 4 direcciones,Sobre calle,Ninguna,Oscuro con iluminacion,Despejado,No,NO APLICA,99,99,99,99,1,12/01/2022,4
4,Arizona,40025,1,1,1,0,19,PIMA (19),530,TUCSON,1,Enero,13,2022,20,46,E 29TH ST,6,Calle Local Municipalidad,Urbano,Colector Mayor,City or Municipal Highway Agency,0,Sin jurisdiccion especial,0,32.19963611,-110.8793167,No vehiculo o remolque,El primer evento no fue una colision con un vehiculo automotor en transporte,Not an Intersection,No fue interseccion,Sobre calle,Ninguna,Oscuro sin iluminacion,Despejado,No,NO APLICA,20,46,20,52,1,13/01/2022,1
4,Arizona,40026,0,0,1,0,21,PINAL (21),0,NO APLICA,1,Enero,14,2022,7,15,CR-SUNLAND GIN RD,4,Calle del Condado,Rural,Arteria Menor,County Highway Agency,0,Sin jurisdiccion especial,0,32.56482222,-111.6727556,Acotamiento,El primer evento no fue una colision con un vehiculo automotor en transporte,T-Intersection,Interseccion de T,Sobre el lado de la calle,Ninguna,Oscuro sin iluminacion,Despejado,No,NO APLICA,10,0,10,14,1,14/01/2022,1
4,Arizona,40027,0,0,2,0,19,PIMA (19),530,TUCSON,1,Enero,14,2022,10,27,S SWAN RD,6,Calle Local Municipalidad,Urbano,Arteria Menor,City or Municipal Highway Agency,0,Sin jurisdiccion especial,0,32.21426111,-110.8923722,Vehiculo en movimiento,Golpe Lateral - misma direccion,T-Intersection,Interseccion de T,Sobre calle,Ninguna,Dia total,Despejado,No,NO APLICA,10,20,10,24,1,14/01/2022,3
4,Arizona,40029,0,0,2,0,19,PIMA (19),530,TUCSON,1,Enero,14,2022,18,33,SR-19,3,Highway estatal,Urbano,Arteria Menor,City or Municipal Highway Agency,0,Sin jurisdiccion especial,0,32.15726111,-110.9657167,Vehiculo en movimiento,Angulo,Not an Intersection,No fue interseccion,Sobre calle,Ninguna,Atardecer,Despejado,No,NO APLICA,99,99,99,99,1,14/01/2022,2
4,Arizona,40030,0,0,1,0,25,YAVAPAI (25),105,CONGRESS,1,Enero,14,2022,22,49,SR-89,3,Highway estatal,Rural,Colector Mayor,State Highway Agency,0,Sin jurisdiccion especial,49,34.09146667,-112.8276167,Culvert,El primer evento no fue una colision con un vehiculo automotor en transporte,Not an Intersection,No fue interseccion,Sobre el lado de la calle,Ninguna,Oscuro sin iluminacion,Despejado,No,NO APLICA,22,53,23,5,1,14/01/2022,1
4,Arizona,40031,0,0,1,0,13,MARICOPA (13),290,MESA,1,Enero,15,2022,14,11,S DOBSON RD,6,Calle Local Municipalidad,Urbano,Arteria Menor,City or Municipal Highway Agency,0,Sin jurisdiccion especial,0,33.20497222,-111.8757611,Piedrotototota,El primer evento no fue una colision con un vehiculo automotor en transporte,Not an Intersection,No fue interseccion,Sobre el lado de la calle,Ninguna,Dia total,Despejado,No,NO APLICA,14,13,14,23,1,15/01/2022,1
4,Arizona,40032,0,0,6,0,13,MARICOPA (13),370,PHOENIX,1,Enero,15,2022,14,55,E SOUTHERN AVE,6,Calle Local Municipalidad,Urbano,Arteria Menor,City or Municipal Highway Agency,0,Sin jurisdiccion especial,0,33.39282222,-112.0424472,Vehiculo en movimiento,Angulo,Four-Way Intersection,Interseccion de 4 direcciones,Sobre calle,Ninguna,Dia total,Despejado,No,NO APLICA,99,99,99,99,1,15/01/2022,13
4,Arizona,40033,0,0,2,0,17,NAVAJO (17),429,SHOW LOW,1,Enero,15,2022,15,25,US-60,2,US Highway,Rural,Arteria Principal,State Highway Agency,1,Sin jurisdiccion especial,3096,34.26301667,-109.9728806,Vehiculo en movimiento,Angulo,T-Intersection,Interseccion de T,Sobre calle,Ninguna,Dia total,Despejado,No,NO APLICA,15,25,15,30,2,15/01/2022,3
4,Arizona,40034,0,0,1,0,13,MARICOPA (13),290,MESA,1,Enero,15,2022,16,18,SR-202,3,Highway estatal,Urbano,Arterial Principal -Freeway o ExpressWay,State Highway Agency,1,Sin jurisdiccion especial,289,33.39671111,-111.6427806,Arbusto,El primer evento no fue una colision con un vehiculo automotor en transporte,Not an Intersection,No fue interseccion,Sobre el lado de la calle,Ninguna,Dia total,Despejado,No,NO APLICA,16,20,16,30,1,15/01/2022,2
4,Arizona,40035,1,1,1,0,13,MARICOPA (13),370,PHOENIX,1,Enero,16,2022,19,57,N 44TH ST,6,Calle Local Municipalidad,Urbano,Arteria Principal,City or Municipal Highway Agency,1,Sin jurisdiccion especial,0,33.48769722,-111.9870694,Peaton,El primer evento no fue una colision con un vehiculo automotor en transporte,Four-Way Intersection,Interseccion de 4 direcciones,Sobre calle,Ninguna,Oscuro con iluminacion,Despejado,No,NO APLICA,99,99,99,99,1,16/01/2022,1
4,Arizona,40036,0,0,1,0,21,PINAL (21),22,APACHE JUNCTION,1,Enero,17,2022,16,50,N APACHE TRL,6,Calle Local Municipalidad,Urbano,Arteria Menor,City or Municipal Highway Agency,0,Sin jurisdiccion especial,0,33.41799167,-111.5472278,Banqueta,El primer evento no fue una colision con un vehiculo automotor en transporte,Not an Intersection,No fue interseccion,Sobre el lado de la calle,Ninguna,Dia total,Despejado,No,NO APLICA,16,52,17,0,1,17/01/2022,2
4,Arizona,40037,0,0,1,0,17,NAVAJO (17),240,HOLBROOK,1,Enero,20,2022,0,49,I-40,1,Interestatal,Rural,Interestatal,State Highway Agency,1,Sin jurisdiccion especial,2867,34.91695833,-110.1457667,Volcadura,El primer evento no fue una colision con un vehiculo automotor en transporte,Not an Intersection,No fue interseccion,En el medio,Ninguna,Oscuro sin iluminacion,Despejado,No,NO APLICA,0,50,0,57,1,20/01/2022,1
4,Arizona,40038,0,0,2,0,15,MOHAVE (15),104,COLORADO CITY,1,Enero,21,2022,17,8,SR-389,3,Highway estatal,Urbano,Arteria Menor,State Highway Agency,0,Sin jurisdiccion especial,0,36.96201111,-112.9682722,Vehiculo en movimiento,Angulo,T-Intersection,Interseccion de T,Sobre calle,Ninguna,Dia total,Despejado,No,NO APLICA,99,99,99,99,1,21/01/2022,5
4,Arizona,40039,1,1,1,0,13,MARICOPA (13),200,GLENDALE,1,Enero,21,2022,19,34,N 16TH AVE,6,Calle Local Municipalidad,Urbano,Arteria Menor,City or Municipal Highway Agency,0,Sin jurisdiccion especial,0,33.51093333,-112.2031194,Peaton,El primer evento no fue una colision con un vehiculo automotor en transporte,Not an Intersection,No fue interseccion,Sobre calle,Ninguna,Oscuro con iluminacion,Despejado,No,NO APLICA,99,99,99,99,1,21/01/2022,1
4,Arizona,40040,1,1,1,0,13,MARICOPA (13),370,PHOENIX,1,Enero,21,2022,22,4,W CACTUS RD,6,Calle Local Municipalidad,Urbano,Arteria Menor,City or Municipal Highway Agency,0,Sin jurisdiccion especial,0,33.59635,-112.1501,Peaton,El primer evento no fue una colision con un vehiculo automotor en transporte,Not an Intersection,No fue interseccion,Sobre calle,Ninguna,Oscuro con iluminacion,Despejado,No,NO APLICA,99,99,99,99,1,21/01/2022,1
4,Arizona,40041,1,1,1,0,13,MARICOPA (13),370,PHOENIX,1,Enero,21,2022,22,33,N 27TH AVE,6,Calle Local Municipalidad,Urbano,Arteria Menor,City or Municipal Highway Agency,0,Sin jurisdiccion especial,0,33.51655833,-112.116975,Peaton,El primer evento no fue una colision con un vehiculo automotor en transporte,Not an Intersection,No fue interseccion,Sobre calle,Ninguna,Oscuro con iluminacion,Despejado,No,NO APLICA,99,99,99,99,1,21/01/2022,1
4,Arizona,40042,1,1,1,0,19,PIMA (19),530,TUCSON,1,Enero,22,2022,1,43,E SPEEDWAY BLVD,6,Calle Local Municipalidad,Urbano,Arteria Principal,City or Municipal Highway Agency,0,Sin jurisdiccion especial,0,32.23606389,-110.9522889,Peaton,El primer evento no fue una colision con un vehiculo automotor en transporte,Four-Way Intersection,Interseccion de 4 direcciones,Sobre calle,Ninguna,Oscuro sin iluminacion,Despejado,No,NO APLICA,1,43,1,44,1,22/01/2022,1
4,Arizona,40043,1,1,1,0,5,COCONINO (5),0,NO APLICA,1,Enero,22,2022,13,27,US-180,2,US Highway,Rural,Colector Mayor,State Highway Agency,0,Sin jurisdiccion especial,54,35.26603889,-111.7052944,Peaton,El primer evento no fue una colision con un vehiculo automotor en transporte,Not an Intersection,No fue interseccion,Sobre calle,Ninguna,Dia total,Despejado,No,NO APLICA,13,29,13,32,1,22/01/2022,2
4,Arizona,40046,0,0,2,0,13,MARICOPA (13),370,PHOENIX,1,Enero,23,2022,3,22,W THOMAS RD,6,Calle Local Municipalidad,Urbano,Arteria Menor,City or Municipal Highway Agency,0,Sin jurisdiccion especial,0,33.479775,-112.2553056,Vehiculo en movimiento,Angulo,Four-Way Intersection,Interseccion de 4 direcciones,Sobre calle,Ninguna,Oscuro con iluminacion,lluvia,No,NO APLICA,99,99,99,99,1,23/01/2022,2
4,Arizona,40047,1,1,1,0,19,PIMA (19),530,TUCSON,1,Enero,24,2022,5,56,E IRVINGTON RD,6,Calle Local Municipalidad,Urbano,Arteria Principal,City or Municipal Highway Agency,1,Sin jurisdiccion especial,0,32.16322778,-110.9445722,Peaton,El primer evento no fue una colision con un vehiculo automotor en transporte,Not an Intersection,No fue interseccion,Sobre calle,Ninguna,Oscuro sin iluminacion,Despejado,No,NO APLICA,5,56,6,2,1,24/01/2022,2
4,Arizona,40049,0,0,2,0,13,MARICOPA (13),370,PHOENIX,1,Enero,26,2022,10,54,US-60,2,US Highway,Urbano,Arteria Principal,State Highway Agency,1,Sin jurisdiccion especial,1272,33.49851667,-112.1386556,Vehiculo en movimiento,Angulo,T-Intersection,Interseccion de T,Sobre calle,Ninguna,Dia total,Despejado,No,NO APLICA,10,55,10,55,1,26/01/2022,4
4,Arizona,40050,0,0,1,0,13,MARICOPA (13),370,PHOENIX,1,Enero,27,2022,2,5,N 83RD AVE,6,Calle Local Municipalidad,Urbano,Arteria Menor,City or Municipal Highway Agency,0,Sin jurisdiccion especial,0,33.49975,-112.2378472,Banqueta,El primer evento no fue una colision con un vehiculo automotor en transporte,Not an Intersection,No fue interseccion,Sobre el lado de la calle,Ninguna,Oscuro con iluminacion,Despejado,No,NO APLICA,99,99,99,99,1,27/01/2022,2
4,Arizona,40051,0,0,2,0,21,PINAL (21),0,NO APLICA,1,Enero,27,2022,17,4,SR-347,3,Highway estatal,Rural,Arteria Principal,State Highway Agency,1,Sin jurisdiccion especial,171,33.09336944,-112.0331667,Vehiculo en movimiento,Angulo,Not an Intersection,No fue interseccion,Sobre calle,Ninguna,Dia total,Despejado,No,NO APLICA,17,7,17,27,1,27/01/2022,5
4,Arizona,40052,1,1,1,0,19,PIMA (19),530,TUCSON,1,Enero,27,2022,20,51,N CAMPBELL AVE,6,Calle Local Municipalidad,Urbano,Arteria Principal,City or Municipal Highway Agency,0,Sin jurisdiccion especial,0,32.24593333,-110.94415,Peaton,El primer evento no fue una colision con un vehiculo automotor en transporte,Not an Intersection,No fue interseccion,Sobre calle,Ninguna,Oscuro con iluminacion,Despejado,No,NO APLICA,20,51,20,57,1,27/01/2022,2
4,Arizona,40055,0,0,2,0,5,COCONINO (5),0,NO APLICA,1,Enero,29,2022,10,53,SR-98,3,Highway estatal,Rural,Arteria Menor,State Highway Agency,0,Sin jurisdiccion especial,43,36.89754444,-111.4062194,Vehiculo en movimiento,Angulo,Four-Way Intersection,Interseccion de 4 direcciones,Sobre calle,Ninguna,Dia total,Despejado,No,NO APLICA,10,58,11,10,1,29/01/2022,4
4,Arizona,40056,0,0,1,0,25,YAVAPAI (25),0,NO APLICA,1,Enero,29,2022,14,31,SR-89,3,Highway estatal,Rural,Arteria Menor,State Highway Agency,0,Sin jurisdiccion especial,487,34.49357222,-112.4944833,Valla Ferrocarril,El primer evento no fue una colision con un vehiculo automotor en transporte,Not an Intersection,No fue interseccion,Sobre el lado de la calle,Ninguna,Dia total,Despejado,No,NO APLICA,14,35,14,38,1,29/01/2022,1
4,Arizona,40058,0,0,1,0,19,PIMA (19),530,TUCSON,1,Enero,29,2022,21,45,I-10,1,Interestatal,Urbano,Interestatal,State Highway Agency,1,Sin jurisdiccion especial,2762,32.05411667,-110.7615639,Volcadura,El primer evento no fue una colision con un vehiculo automotor en transporte,Not an Intersection,No fue interseccion,En el medio,Ninguna,Oscuro sin iluminacion,Despejado,No,NO APLICA,21,47,21,57,1,29/01/2022,4
4,Arizona,40061,0,0,2,0,3,COCHISE (3),0,NO APLICA,1,Enero,31,2022,10,54,SR-90,3,Highway estatal,Rural,Arteria Principal,State Highway Agency,1,Sin jurisdiccion especial,184,31.68669444,-110.3502806,Vehiculo en movimiento,Golpe Lateral - misma direccion,Not an Intersection,No fue interseccion,Sobre calle,Ninguna,Dia total,Despejado,No,NO APLICA,10,54,10,57,1,31/01/2022,3
4,Arizona,40062,1,1,1,0,13,MARICOPA (13),370,PHOENIX,1,Enero,4,2022,6,30,W SOUTHERN AVE,6,Calle Local Municipalidad,Urbano,Arteria Menor,City or Municipal Highway Agency,0,Sin jurisdiccion especial,0,33.39232778,-112.0995667,Peaton,El primer evento no fue una colision con un vehiculo automotor en transporte,Not an Intersection,No fue interseccion,Sobre calle,Ninguna,Oscuro con iluminacion,Despejado,No,NO APLICA,99,99,99,99,1,04/01/2022,1
4,Arizona,40063,1,1,1,0,13,MARICOPA (13),370,PHOENIX,1,Enero,6,2022,9,33,N CAVE CREEK RD,6,Calle Local Municipalidad,Urbano,Arteria Principal,City or Municipal Highway Agency,1,Sin jurisdiccion especial,0,33.70654444,-112.0207528,Ciclista,El primer evento no fue una colision con un vehiculo automotor en transporte,Not an Intersection,No fue interseccion,Sobre Acotamiento,Ninguna,Dia total,Despejado,No,NO APLICA,99,99,99,99,1,06/01/2022,1
4,Arizona,40064,0,0,1,0,19,PIMA (19),530,TUCSON,1,Enero,6,2022,7,48,W ORANGE GROVE RD,8,Otro,Rural,Colector Menor,County Highway Agency,0,Sin jurisdiccion especial,0,32.32081944,-111.223575,Arbol,El primer evento no fue una colision con un vehiculo automotor en transporte,Not an Intersection,No fue interseccion,Sobre el lado de la calle,Ninguna,Amanecer,Despejado,No,NO APLICA,99,99,99,99,1,06/01/2022,1
4,Arizona,40066,1,1,1,0,5,COCONINO (5),0,NO APLICA,1,Enero,7,2022,20,34,SR-98,3,Highway estatal,Rural,Arteria Menor,State Highway Agency,0,Sin jurisdiccion especial,0,36.89774722,-111.4076472,Peaton,El primer evento no fue una colision con un vehiculo automotor en transporte,Reported as Unknown,Desconocido,Reportado como desconocida,Ninguna,Oscuro - iluminacion desconocida,Reportado como desconocido,No,NO APLICA,99,99,99,99,1,07/01/2022,1
4,Arizona,40067,1,1,1,0,13,MARICOPA (13),370,PHOENIX,1,Enero,14,2022,1,26,N 12TH ST,9,Desconocido,Unknown,Desconocido,Unknown,9,Desconocido,99999,99.9999,999.9999,Peaton,El primer evento no fue una colision con un vehiculo automotor en transporte,Reported as Unknown,Desconocido,Reportado como desconocida,Ninguna,Oscuro - iluminacion desconocida,Reportado como desconocido,No,NO APLICA,99,99,99,99,1,14/01/2022,1
4,Arizona,40068,1,1,1,0,13,MARICOPA (13),370,PHOENIX,1,Enero,14,2022,21,26,W NORTHERN AVE,6,Calle Local Municipalidad,Urbano,Colector Mayor,City or Municipal Highway Agency,0,Sin jurisdiccion especial,0,33.55315556,-112.1257361,Peaton,El primer evento no fue una colision con un vehiculo automotor en transporte,Four-Way Intersection,Interseccion de 4 direcciones,Sobre calle,Ninguna,Oscuro con iluminacion,Despejado,No,NO APLICA,99,99,99,99,1,14/01/2022,1
4,Arizona,40069,1,1,1,0,13,MARICOPA (13),490,TEMPE,1,Enero,14,2022,5,30,S RURAL RD,6,Calle Local Municipalidad,Urbano,Arteria Menor,City or Municipal Highway Agency,0,Sin jurisdiccion especial,0,33.33513333,-111.9282556,Banqueta,El primer evento no fue una colision con un vehiculo automotor en transporte,Not an Intersection,No fue interseccion,Sobre el lado de la calle,Ninguna,Oscuro con iluminacion,Despejado,No,NO APLICA,5,23,5,28,1,14/01/2022,1
4,Arizona,40070,0,0,2,0,19,PIMA (19),530,TUCSON,1,Enero,18,2022,9,31,W VALENCIA RD,6,Calle Local Municipalidad,Urbano,Arteria Menor,County Highway Agency,0,Sin jurisdiccion especial,0,32.13342222,-111.1062,Vehiculo en movimiento,Angulo,Four-Way Intersection,Interseccion de 4 direcciones,Sobre calle,Ninguna,Dia total,Despejado,No,NO APLICA,99,99,99,99,1,18/01/2022,3
4,Arizona,40071,0,0,2,0,13,MARICOPA (13),263,LITCHFIELD PARK,1,Enero,28,2022,3,55,SR-303,3,Highway estatal,Urbano,Arterial Principal -Freeway o ExpressWay,State Highway Agency,1,Sin jurisdiccion especial,47,33.52909167,-112.4186167,Vehiculo en movimiento,Frente a frente,Not an Intersection,No fue interseccion,Sobre calle,Ninguna,Oscuro con iluminacion,Despejado,No,NO APLICA,99,99,99,99,2,28/01/2022,3
4,Arizona,40073,1,1,2,0,13,MARICOPA (13),370,PHOENIX,1,Enero,29,2022,20,26,N 43RD AVE,6,Calle Local Municipalidad,Urbano,Arteria Menor,City or Municipal Highway Agency,0,Sin jurisdiccion especial,0,33.47194167,-112.1517111,Peaton,El primer evento no fue una colision con un vehiculo automotor en transporte,Not an Intersection,No fue interseccion,Sobre calle,Ninguna,Oscuro con iluminacion,No reportado,No,NO APLICA,99,99,99,99,1,29/01/2022,2
4,Arizona,40074,0,0,2,0,13,MARICOPA (13),370,PHOENIX,1,Enero,29,2022,20,40,US-60,2,US Highway,Urbano,Arteria Menor,State Highway Agency,0,Sin jurisdiccion especial,1694,33.47435833,-112.1098444,Vehiculo en movimiento,Angulo,T-Intersection,Interseccion de T,Sobre calle,Ninguna,Dia total,Despejado,No,NO APLICA,99,99,99,99,1,29/01/2022,2
4,Arizona,40075,0,0,2,0,13,MARICOPA (13),370,PHOENIX,1,Enero,30,2022,11,58,N 7TH ST,6,Calle Local Municipalidad,Urbano,Arteria Principal,City or Municipal Highway Agency,1,Sin jurisdiccion especial,0,33.62748611,-112.065575,Vehiculo en movimiento,Angulo,Not an Intersection,No fue interseccion,Sobre calle,Ninguna,Dia total,Despejado,No,NO APLICA,99,99,99,99,1,30/01/2022,2
4,Arizona,40076,0,0,1,0,13,MARICOPA (13),370,PHOENIX,1,Enero,30,2022,16,41,E BUENA VISTA RD,9,Desconocido,Rural,Desconocido,Unknown,0,Sin jurisdiccion especial,0,33.34288889,-112.0506194,Volcadura,El primer evento no fue una colision con un vehiculo automotor en transporte,T-Intersection,Interseccion de T,Sobre el lado de la calle,Ninguna,Dia total,Despejado,No,NO APLICA,99,99,99,99,1,30/01/2022,1