Estado,Nombre de Estado,Numero de Caso,Peatones,Personas _no_vehiculos,Vehiculos automotores,Vehiculos estacionados,Condado,Nombre Condado,Ciudad,Nombre Ciudad,Mes,Nombre Mes,Dia,Año,Hora,Minuto,Calle,Ruta,Nombre Ruta,Rural o Urbanoo,Sistema Funcional,Dueño Calle,Sistema Nacional Carreteras,Jurisdiccion Especial,Milla,Latitud,Longitud,Causa del Accidente,Tipo de Accidente,Tipo Interseccion,Columna1,Lugar en la calle,Zona de Trabajo,Luz,Clima,Autobus Escolar,Cruce de Trenes,Hora Notificacion,Minuto Notificacion,Hora Llegada,Minuto Llegada,Decesos,Fecha,PersonaVehiculo
4,Arizona,40078,1,1,1,0,3,COCHISE (3),431,SIERRA VISTA,1,Enero,29,2022,18,42,E FRY BLVD,6,Calle Local Municipalidad,Urbano,Arteria Menor,City or Municipal Highway Agency,0,Sin jurisdiccion especial,0,31.55458333,-110.2756389,Peaton,El primer evento no fue una colision con un vehiculo automotor en transporte,Not an Intersection,No fue interseccion,Sobre calle,Ninguna,Atardecer,Despejado,No,NO APLICA,18,44,18,50,1,29/01/2022,1
4,Arizona,40080,0,0,4,1,13,MARICOPA (13),370,PHOENIX,1,Enero,3,2022,12,6,W BELL AVE,6,Calle Local Municipalidad,Urbano,Arteria Principal,City or Municipal Highway Agency,1,Sin jurisdiccion especial,0,33.63900278,-112.1669278,Vehiculo en movimiento,Reportado como desconocido,Not an Intersection,No fue interseccion,Sobre calle,Ninguna,Dia total,No reportado,No,NO APLICA,99,99,99,99,1,03/01/2022,3
4,Arizona,40081,1,1,2,0,13,MARICOPA (13),290,MESA,1,Enero,7,2022,22,12,S POWER RD,8,Otro,Urbano,Arteria Principal,County Highway Agency,0,Sin jurisdiccion especial,0,33.31775,-111.6868139,Peaton,El primer evento no fue una colision con un vehiculo automotor en transporte,Not an Intersection,No fue interseccion,Sobre Acotamiento,Ninguna,Dia total,Despejado,No,NO APLICA,22,14,22,22,1,07/01/2022,2
4,Arizona,40082,0,0,2,0,13,MARICOPA (13),60,BUCKEYE,1,Enero,7,2022,5,40,W ELLIOT RD,9,Desconocido,Rural,Arteria Menor,County Highway Agency,0,Sin jurisdiccion especial,0,33.34834167,-112.8647639,Vehiculo en movimiento,Angulo,T-Intersection,Interseccion de T,Sobre calle,Ninguna,Oscuro sin iluminacion,Despejado,No,NO APLICA,5,51,6,10,1,07/01/2022,4
4,Arizona,40083,1,1,1,0,13,MARICOPA (13),370,PHOENIX,1,Enero,9,2022,19,4,W PEORIA AVE,6,Calle Local Municipalidad,Urbano,Arteria Menor,City or Municipal Highway Agency,0,Sin jurisdiccion especial,0,33.58204722,-112.1366222,Peaton,El primer evento no fue una colision con un vehiculo automotor en transporte,Not an Intersection,No fue interseccion,Sobre calle,Ninguna,Oscuro con iluminacion,Despejado,No,NO APLICA,99,99,99,99,1,09/01/2022,1
4,Arizona,40084,1,1,1,0,1,APACHE (1),0,NO APLICA,1,Enero,8,2022,2,18,NAVAO ROUTE 12,9,Desconocido,Unknown,Desconocido,Unknown,9,Desconocido,99999,99.9999,999.9999,Peaton,El primer evento no fue una colision con un vehiculo automotor en transporte,Reported as Unknown,Desconocido,Sobre calle,Ninguna,Oscuro - iluminacion desconocida,Reportado como desconocido,No,NO APLICA,99,99,99,99,1,08/01/2022,1
4,Arizona,40085,1,1,1,0,13,MARICOPA (13),370,PHOENIX,1,Enero,13,2022,17,46,E MARYLAND AVE,6,Calle Local Municipalidad,Urbano,Colector Mayor,City or Municipal Highway Agency,0,Sin jurisdiccion especial,0,33.53103889,-112.0555194,Ciclista,El primer evento no fue una colision con un vehiculo automotor en transporte,Not an Intersection,No fue interseccion,Sobre calle,Ninguna,Atardecer,Despejado,No,NO APLICA,99,99,99,99,1,13/01/2022,1
4,Arizona,40086,0,0,2,0,13,MARICOPA (13),290,MESA,1,Enero,17,2022,15,37,E UNIVERSITY DR,6,Calle Local Municipalidad,Urbano,Arteria Menor,City or Municipal Highway Agency,0,Sin jurisdiccion especial,0,33.42229444,-111.6327528,Vehiculo en movimiento,Angulo,Four-Way Intersection,Interseccion de 4 direcciones,Sobre calle,Ninguna,Dia total,Despejado,No,NO APLICA,99,99,99,99,1,17/01/2022,3
4,Arizona,40087,1,1,1,0,13,MARICOPA (13),486,SURPRISE,1,Enero,20,2022,99,99,N EL MIRAGE RD,9,Desconocido,Unknown,Desconocido,Unknown,9,Desconocido,99999,99.9999,999.9999,Peaton,El primer evento no fue una colision con un vehiculo automotor en transporte,Reported as Unknown,Desconocido,Sobre calle,Ninguna,Reportada como desconocida,Reportado como desconocido,No,NO APLICA,99,99,99,99,1,20/01/2022,1
4,Arizona,40088,0,0,2,0,19,PIMA (19),530,TUCSON,1,Enero,20,2022,14,21,N HACIENDA DEL SOL RD,6,Calle Local Municipalidad,Urbano,Colector Mayor,County Highway Agency,0,Sin jurisdiccion especial,0,32.29169444,-110.92635,Vehiculo en movimiento,Angulo,Not an Intersection,No fue interseccion,Sobre calle,Ninguna,Dia total,Despejado,No,NO APLICA,99,99,99,99,1,20/01/2022,2
4,Arizona,40089,0,0,2,0,21,PINAL (21),0,NO APLICA,1,Enero,21,2022,23,52,N ELLSWORTH RD,6,Calle Local Municipalidad,Urbano,Local,County Highway Agency,0,Sin jurisdiccion especial,0,33.20304167,-111.6340333,Vehiculo en movimiento,Angulo,T-Intersection,Interseccion de T,Sobre calle,Ninguna,Oscuro con iluminacion,Despejado,No,NO APLICA,23,53,23,56,1,21/01/2022,6
4,Arizona,40090,1,1,1,0,25,YAVAPAI (25),116,CORNVILLE,1,Enero,23,2022,22,53,E CORNVILLE RD,9,Desconocido,Rural,Colector Mayor,County Highway Agency,0,Sin jurisdiccion especial,0,34.71735278,-111.8982556,Peaton,El primer evento no fue una colision con un vehiculo automotor en transporte,Not an Intersection,No fue interseccion,Sobre calle,Ninguna,Oscuro sin iluminacion,Despejado,No,NO APLICA,22,52,22,59,1,23/01/2022,1
4,Arizona,40091,0,0,1,0,1,APACHE (1),183,FORT DEFIANCE,1,Enero,27,2022,12,47,BIA 112,8,Otro,Rural,Colector Menor,Bureau of Indian Affairs,0,Sin jurisdiccion especial,0,35.72228333,-109.0859944,Volcadura,El primer evento no fue una colision con un vehiculo automotor en transporte,Reported as Unknown,Desconocido,Reportado como desconocida,Ninguna,Reportada como desconocida,Reportado como desconocido,No,NO APLICA,99,99,99,99,1,27/01/2022,1
4,Arizona,40092,0,0,2,0,13,MARICOPA (13),370,PHOENIX,1,Enero,30,2022,99,99,W ANTHEM WAY,6,Calle Local Municipalidad,Urbano,Colector Mayor,City or Municipal Highway Agency,0,Sin jurisdiccion especial,0,77.7777,777.7777,Vehiculo en movimiento,No reportado,Not Reported,No reportado,No reportado,Ninguna,No reportada,No reportado,No,NO APLICA,99,99,99,99,1,30/01/2022,2
4,Arizona,40093,1,1,1,0,13,MARICOPA (13),370,PHOENIX,1,Enero,31,2022,20,49,MCDOWELL RD,6,Calle Local Municipalidad,Urbano,Arteria Menor,City or Municipal Highway Agency,0,Sin jurisdiccion especial,0,33.46484167,-112.2720861,Peaton,El primer evento no fue una colision con un vehiculo automotor en transporte,Four-Way Intersection,Interseccion de 4 direcciones,Sobre calle,Ninguna,Oscuro con iluminacion,Despejado,No,NO APLICA,20,49,20,55,1,31/01/2022,1
4,Arizona,40094,1,1,1,0,13,MARICOPA (13),370,PHOENIX,2,Febrero,1,2022,0,53,W MCDOWELL RD,6,Calle Local Municipalidad,Urbano,Arteria Menor,County Highway Agency,0,Sin jurisdiccion especial,0,33.46517778,-112.2514611,Peaton,El primer evento no fue una colision con un vehiculo automotor en transporte,Not an Intersection,No fue interseccion,Sobre calle,Ninguna,Oscuro con iluminacion,Despejado,No,NO APLICA,0,53,0,56,1,01/02/2022,1
4,Arizona,40095,0,0,2,0,5,COCONINO (5),170,FLAGSTAFF,2,Febrero,1,2022,10,38,TOWNSEND-WINONNA RD,6,Calle Local Municipalidad,Urbano,Arteria Menor,County Highway Agency,0,Sin jurisdiccion especial,0,35.24568611,-111.5586806,Vehiculo en movimiento,Golpe Lateral - misma direccion,Not an Intersection,No fue interseccion,Sobre calle,Ninguna,Dia total,Despejado,No,NO APLICA,10,38,10,45,1,01/02/2022,2
4,Arizona,40096,0,0,1,0,19,PIMA (19),530,TUCSON,2,Febrero,1,2022,21,18,S OREGON DR,6,Calle Local Municipalidad,Urbano,No reportado,City or Municipal Highway Agency,0,Sin jurisdiccion especial,0,32.15282222,-110.9796028,Muro,El primer evento no fue una colision con un vehiculo automotor en transporte,T-Intersection,Interseccion de T,Sobre el lado de la calle,Ninguna,Oscuro con iluminacion,Despejado,No,NO APLICA,99,99,99,99,1,01/02/2022,3
4,Arizona,40097,1,1,1,0,13,MARICOPA (13),370,PHOENIX,2,Febrero,2,2022,8,23,E CAMELBACK RD,6,Calle Local Municipalidad,Urbano,Arteria Menor,City or Municipal Highway Agency,0,Sin jurisdiccion especial,0,33.50181389,-111.9609056,Peaton,El primer evento no fue una colision con un vehiculo automotor en transporte,Four-Way Intersection,Interseccion de 4 direcciones,Sobre calle,Ninguna,Dia total,Despejado,No,NO APLICA,99,99,99,99,1,02/02/2022,1
4,Arizona,40098,0,0,2,0,13,MARICOPA (13),370,PHOENIX,2,Febrero,3,2022,9,40,N 7TH ST,6,Calle Local Municipalidad,Urbano,Arteria Principal,City or Municipal Highway Agency,1,Sin jurisdiccion especial,0,33.46935278,-112.0651,Vehiculo en movimiento,No reportado,Four-Way Intersection,Interseccion de 4 direcciones,Sobre calle,Ninguna,Dia total,Despejado,No,NO APLICA,99,99,99,99,1,03/02/2022,2
4,Arizona,40100,1,1,1,0,13,MARICOPA (13),570,WICKENBURG,2,Febrero,4,2022,17,36,US-60,2,US Highway,Rural,Arteria Menor,State Highway Agency,0,Sin jurisdiccion especial,783,33.96562778,-112.7350889,Ciclista,El primer evento no fue una colision con un vehiculo automotor en transporte,Four-Way Intersection,Interseccion de 4 direcciones,Sobre calle,Ninguna,Dia total,Despejado,No,NO APLICA,17,36,18,4,1,04/02/2022,1
4,Arizona,40101,0,0,2,0,5,COCONINO (5),170,FLAGSTAFF,2,Febrero,4,2022,22,12,E BUTLER AVE,6,Calle Local Municipalidad,Urbano,Arteria Menor,City or Municipal Highway Agency,0,Sin jurisdiccion especial,0,35.19469444,-111.6089833,Vehiculo en movimiento,Frente a frente,Not an Intersection,No fue interseccion,Sobre calle,Ninguna,Oscuro sin iluminacion,Despejado,No,NO APLICA,22,12,22,15,1,04/02/2022,6
4,Arizona,40102,1,1,1,0,19,PIMA (19),530,TUCSON,2,Febrero,5,2022,10,11,W VALENCIA RD,6,Calle Local Municipalidad,Urbano,Arteria Principal,City or Municipal Highway Agency,1,Sin jurisdiccion especial,0,32.13411667,-110.9709083,Peaton,El primer evento no fue una colision con un vehiculo automotor en transporte,T-Intersection,Interseccion de T,Sobre calle,Ninguna,Dia total,Despejado,No,NO APLICA,10,11,10,16,1,05/02/2022,2
4,Arizona,40103,1,1,1,0,5,COCONINO (5),170,FLAGSTAFF,2,Febrero,5,2022,15,5,W UNIVERSITY AVE,6,Calle Local Municipalidad,Urbano,Colector Mayor,City or Municipal Highway Agency,0,Sin jurisdiccion especial,0,35.18430833,-111.6615778,Peaton,El primer evento no fue una colision con un vehiculo automotor en transporte,T-Intersection,Interseccion de T,Sobre calle,Ninguna,Dia total,Despejado,No,NO APLICA,15,4,15,8,1,05/02/2022,1
4,Arizona,40104,0,0,1,0,21,PINAL (21),0,NO APLICA,2,Febrero,5,2022,19,9,S WILLOW SPRINGS RD,8,Otro,Rural,Local,County Highway Agency,0,Sin jurisdiccion especial,0,32.65805833,-110.8865833,Arbol,El primer evento no fue una colision con un vehiculo automotor en transporte,Not an Intersection,No fue interseccion,Sobre el lado de la calle,Ninguna,Oscuro sin iluminacion,Despejado,No,NO APLICA,19,9,19,26,1,05/02/2022,1
4,Arizona,40105,0,0,1,0,21,PINAL (21),70,CASA GRANDE,2,Febrero,6,2022,7,32,I-10,1,Interestatal,Rural,Interestatal,State Highway Agency,1,Sin jurisdiccion especial,1832,33.02604722,-111.7709,Poste,El primer evento no fue una colision con un vehiculo automotor en transporte,Not an Intersection,No fue interseccion,Sobre el lado de la calle,Ninguna,Dia total,Despejado,No,NO APLICA,7,32,7,40,2,06/02/2022,6
4,Arizona,40106,0,0,2,0,19,PIMA (19),530,TUCSON,2,Febrero,6,2022,22,20,S PARK AVE,6,Calle Local Municipalidad,Urbano,Arteria Menor,City or Municipal Highway Agency,0,Sin jurisdiccion especial,0,32.14862222,-110.9561056,Vehiculo en movimiento,Angulo,Four-Way Intersection,Interseccion de 4 direcciones,Sobre calle,Ninguna,Oscuro con iluminacion,Despejado,No,NO APLICA,22,20,22,26,1,06/02/2022,4
4,Arizona,40107,1,1,1,0,13,MARICOPA (13),80,CHANDLER,2,Febrero,7,2022,13,37,SR-87,3,Highway estatal,Urbano,Arteria Principal,State Highway Agency,1,Sin jurisdiccion especial,0,33.35688611,-111.8419083,Ciclista,El primer evento no fue una colision con un vehiculo automotor en transporte,Not an Intersection,No fue interseccion,Sobre calle,Ninguna,Dia total,Despejado,No,NO APLICA,13,38,13,44,1,07/02/2022,1
4,Arizona,40108,0,0,2,0,15,MOHAVE (15),260,KINGMAN,2,Febrero,8,2022,15,39,SR-66,3,Highway estatal,Urbano,Arteria Menor,State Highway Agency,0,Sin jurisdiccion especial,25,35.25477778,-113.9749556,Vehiculo en movimiento,Angulo,Four-Way Intersection,Interseccion de 4 direcciones,Sobre calle,Ninguna,Dia total,Despejado,No,NO APLICA,15,42,15,48,1,08/02/2022,5
4,Arizona,40109,0,0,2,0,19,PIMA (19),530,TUCSON,2,Febrero,8,2022,16,46,S KOLB RD,6,Calle Local Municipalidad,Urbano,Arteria Principal,City or Municipal Highway Agency,1,Sin jurisdiccion especial,0,32.17938056,-110.840825,Vehiculo en movimiento,Angulo,Four-Way Intersection,Interseccion de 4 direcciones,Sobre calle,Ninguna,Dia total,Despejado,No,NO APLICA,16,46,16,50,1,08/02/2022,3
4,Arizona,40110,1,1,1,0,13,MARICOPA (13),370,PHOENIX,2,Febrero,8,2022,18,30,S 27TH AVE,6,Calle Local Municipalidad,Urbano,Arteria Menor,City or Municipal Highway Agency,0,Sin jurisdiccion especial,0,33.43742222,-112.1172528,Peaton,El primer evento no fue una colision con un vehiculo automotor en transporte,Not an Intersection,No fue interseccion,Sobre calle,Ninguna,Oscuro con iluminacion,Despejado,No,NO APLICA,99,99,99,99,1,08/02/2022,1
4,Arizona,40111,1,1,1,0,13,MARICOPA (13),370,PHOENIX,2,Febrero,8,2022,19,49,N CAVE CREEK RD,6,Calle Local Municipalidad,Urbano,Arteria Principal,City or Municipal Highway Agency,1,Sin jurisdiccion especial,0,33.60003611,-112.0373528,Peaton,El primer evento no fue una colision con un vehiculo automotor en transporte,Not an Intersection,No fue interseccion,Sobre calle,Ninguna,Oscuro con iluminacion,Despejado,No,NO APLICA,99,99,99,99,1,08/02/2022,1
4,Arizona,40112,0,0,2,0,13,MARICOPA (13),370,PHOENIX,2,Febrero,8,2022,22,11,E SOUTHERN AVE,6,Calle Local Municipalidad,Urbano,Arteria Menor,City or Municipal Highway Agency,0,Sin jurisdiccion especial,0,33.39229444,-112.0570167,Vehiculo en movimiento,Angulo,T-Intersection,Interseccion de T,Sobre calle,Ninguna,Oscuro con iluminacion,Despejado,No,NO APLICA,99,99,99,99,1,08/02/2022,2
4,Arizona,40113,0,0,1,0,5,COCONINO (5),0,NO APLICA,2,Febrero,9,2022,7,24,SR-64,3,Highway estatal,Rural,Arteria Menor,State Highway Agency,0,Sin jurisdiccion especial,1021,35.876125,-111.5170722,Volcadura,El primer evento no fue una colision con un vehiculo automotor en transporte,Not an Intersection,No fue interseccion,Sobre el lado de la calle,Ninguna,Dia total,Despejado,No,NO APLICA,7,26,7,40,2,09/02/2022,3
4,Arizona,40114,0,0,2,0,19,PIMA (19),117,CORONA DE TUCSON,2,Febrero,9,2022,20,16,W VALENCIA RD,6,Calle Local Municipalidad,Urbano,Colector Menor,County Highway Agency,0,Sin jurisdiccion especial,0,32.13337778,-111.0842694,Vehiculo en movimiento,Angulo,T-Intersection,Interseccion de T,Sobre calle,Ninguna,Oscuro con iluminacion,Despejado,No,NO APLICA,20,17,20,22,1,09/02/2022,3
4,Arizona,40115,1,1,1,0,19,PIMA (19),530,TUCSON,2,Febrero,9,2022,22,29,W FORT LOWELL RD,6,Calle Local Municipalidad,Urbano,Arteria Menor,City or Municipal Highway Agency,0,Sin jurisdiccion especial,0,32.26475278,-110.9741056,Peaton,El primer evento no fue una colision con un vehiculo automotor en transporte,T-Intersection,Interseccion de T,Sobre calle,Ninguna,Oscuro con iluminacion,Despejado,No,NO APLICA,99,99,99,99,1,09/02/2022,1
4,Arizona,40116,0,0,2,0,11,GREENLEE (11),0,NO APLICA,2,Febrero,10,2022,16,50,US-191,2,US Highway,Rural,Arteria Menor,County Highway Agency,0,Sin jurisdiccion especial,1484,32.87465833,-109.2854278,Vehiculo en movimiento,Golpe Lateral - misma direccion,Not an Intersection,No fue interseccion,Sobre calle,Ninguna,Dia total,Despejado,No,NO APLICA,16,50,17,11,1,10/02/2022,2
4,Arizona,40117,1,1,1,0,3,COCHISE (3),130,DOUGLAS,2,Febrero,10,2022,7,48,4TH ST,6,Calle Local Municipalidad,Urbano,Colector Mayor,City or Municipal Highway Agency,0,Sin jurisdiccion especial,0,31.33821111,-109.554475,Ciclista,El primer evento no fue una colision con un vehiculo automotor en transporte,Four-Way Intersection,Interseccion de 4 direcciones,Sobre calle,Ninguna,Dia total,Despejado,No,NO APLICA,7,48,7,54,1,10/02/2022,5
4,Arizona,40118,0,0,3,0,13,MARICOPA (13),370,PHOENIX,2,Febrero,11,2022,7,44,N 19TH AVE,6,Calle Local Municipalidad,Urbano,Arteria Menor,City or Municipal Highway Agency,0,Sin jurisdiccion especial,0,33.4907,-112.100025,Vehiculo en movimiento,Golpe Lateral - misma direccion,Not an Intersection,No fue interseccion,Sobre calle,Ninguna,Dia total,Despejado,No,NO APLICA,99,99,99,99,1,11/02/2022,5
4,Arizona,40119,0,0,3,0,13,MARICOPA (13),190,GILBERT,2,Febrero,11,2022,8,43,W GUADALUPE RD,5,Calle Local - Pueblo,Urbano,Arteria Menor,Town or Township Highway Agency,0,Sin jurisdiccion especial,0,88.8888,888.8888,Vehiculo en movimiento,Angulo,T-Intersection,Interseccion de T,Sobre calle,Ninguna,Dia total,Despejado,No,NO APLICA,8,43,8,48,1,11/02/2022,3
4,Arizona,40120,1,1,1,0,13,MARICOPA (13),370,PHOENIX,2,Febrero,11,2022,19,6,N 16TH ST,6,Calle Local Municipalidad,Urbano,Arteria Menor,City or Municipal Highway Agency,0,Sin jurisdiccion especial,0,33.47168889,-112.047725,Peaton,El primer evento no fue una colision con un vehiculo automotor en transporte,Not an Intersection,No fue interseccion,Sobre calle,Ninguna,Oscuro sin iluminacion,Despejado,No,NO APLICA,19,7,19,15,1,11/02/2022,1
4,Arizona,40121,1,1,1,0,13,MARICOPA (13),200,GLENDALE,2,Febrero,11,2022,19,52,N 67TH AVE,6,Calle Local Municipalidad,Urbano,Arteria Menor,City or Municipal Highway Agency,0,Sin jurisdiccion especial,0,33.63570556,-112.2026361,Peaton,El primer evento no fue una colision con un vehiculo automotor en transporte,T-Intersection,Interseccion de T,Sobre calle,Ninguna,Oscuro con iluminacion,Despejado,No,NO APLICA,99,99,99,99,1,11/02/2022,2
4,Arizona,40122,0,0,2,0,15,MOHAVE (15),260,KINGMAN,2,Febrero,12,2022,20,43,US-93,2,US Highway,Rural,Arteria Principal,State Highway Agency,1,Sin jurisdiccion especial,956,35.14328611,-113.6794833,Vehiculo en movimiento,Angulo,Not an Intersection,No fue interseccion,Sobre calle,Ninguna,Oscuro sin iluminacion,Despejado,No,NO APLICA,20,44,21,12,1,12/02/2022,3
4,Arizona,40123,1,1,1,0,13,MARICOPA (13),370,PHOENIX,2,Febrero,12,2022,21,59,N 43RD AVE,6,Calle Local Municipalidad,Urbano,Arteria Menor,City or Municipal Highway Agency,0,Sin jurisdiccion especial,0,33.61484722,-112.1512833,Peaton,El primer evento no fue una colision con un vehiculo automotor en transporte,Not an Intersection,No fue interseccion,Sobre calle,Ninguna,Oscuro con iluminacion,Despejado,No,NO APLICA,22,4,22,10,1,12/02/2022,1
4,Arizona,40124,0,0,2,0,13,MARICOPA (13),200,GLENDALE,2,Febrero,12,2022,22,9,W BELL RD,6,Calle Local Municipalidad,Urbano,Arteria Principal,City or Municipal Highway Agency,1,Sin jurisdiccion especial,0,33.63849722,-112.1954,Vehiculo en movimiento,Frente a Detrás,Four-Way Intersection,Interseccion de 4 direcciones,Sobre calle,Ninguna,Oscuro con iluminacion,Despejado,No,NO APLICA,99,99,99,99,1,12/02/2022,2
4,Arizona,40125,0,0,2,0,25,YAVAPAI (25),0,NO APLICA,2,Febrero,13,2022,11,50,SR-89,3,Highway estatal,Rural,Arteria Menor,State Highway Agency,0,Sin jurisdiccion especial,418,34.45474722,-112.5372556,Alguien se cayo/avento del vehiculo,El primer evento no fue una colision con un vehiculo automotor en transporte,Not an Intersection,No fue interseccion,Sobre calle,Ninguna,Dia total,Despejado,No,NO APLICA,11,53,12,16,1,13/02/2022,2
4,Arizona,40126,0,0,2,0,21,PINAL (21),70,CASA GRANDE,2,Febrero,16,2022,11,56,SR-84,3,Highway estatal,Rural,Arteria Menor,State Highway Agency,0,Sin jurisdiccion especial,0,32.82392778,-111.671025,Vehiculo en movimiento,Angulo,Four-Way Intersection,Interseccion de 4 direcciones,Sobre calle,Ninguna,Dia total,Despejado,No,NO APLICA,12,5,12,32,1,16/02/2022,2
4,Arizona,40127,0,0,2,0,13,MARICOPA (13),190,GILBERT,2,Febrero,16,2022,13,1,E RAY RD,5,Calle Local - Pueblo,Urbano,Arteria Menor,Town or Township Highway Agency,0,Sin jurisdiccion especial,0,33.32136389,-111.7040694,Vehiculo en movimiento,Angulo,Four-Way Intersection,Interseccion de 4 direcciones,Sobre calle,Ninguna,Dia total,Nublado,No,NO APLICA,13,3,13,9,1,16/02/2022,2
4,Arizona,40128,1,1,1,0,13,MARICOPA (13),370,PHOENIX,2,Febrero,17,2022,20,14,W INDIAN SCHOOL RD,6,Calle Local Municipalidad,Urbano,Arteria Principal,City or Municipal Highway Agency,1,Sin jurisdiccion especial,0,33.49489722,-112.1561417,Ciclista,El primer evento no fue una colision con un vehiculo automotor en transporte,Not an Intersection,No fue interseccion,Sobre calle,Ninguna,Oscuro con iluminacion,Despejado,No,NO APLICA,99,99,99,99,1,17/02/2022,2
4,Arizona,40129,0,0,2,0,25,YAVAPAI (25),120,COTTONWOOD,2,Febrero,18,2022,11,1,SR-260,3,Highway estatal,Urbano,Arteria Principal,State Highway Agency,1,Sin jurisdiccion especial,15,34.70330833,-111.9900306,Vehiculo en movimiento,Angulo,Not an Intersection,No fue interseccion,Sobre calle,Ninguna,Dia total,Despejado,No,NO APLICA,11,1,11,4,1,18/02/2022,3
4,Arizona,40130,0,0,2,0,13,MARICOPA (13),370,PHOENIX,2,Febrero,18,2022,16,59,E BELL RD,6,Calle Local Municipalidad,Urbano,Arteria Principal,City or Municipal Highway Agency,1,Sin jurisdiccion especial,0,33.64026944,-112.0525722,Vehiculo en movimiento,Angulo,T-Intersection,Interseccion de T,Sobre calle,Ninguna,Dia total,Despejado,No,NO APLICA,99,99,99,99,1,18/02/2022,2
4,Arizona,40131,1,1,2,0,13,MARICOPA (13),290,MESA,2,Febrero,19,2022,4,1,US-60,2,US Highway,Urbano,Arterial Principal -Freeway o ExpressWay,State Highway Agency,1,Sin jurisdiccion especial,1556,33.38650556,-111.7091167,Peaton,El primer evento no fue una colision con un vehiculo automotor en transporte,Not an Intersection,No fue interseccion,Sobre calle,Ninguna,Oscuro sin iluminacion,Despejado,No,NO APLICA,4,4,4,12,1,19/02/2022,1
4,Arizona,40132,1,1,1,0,13,MARICOPA (13),370,PHOENIX,2,Febrero,19,2022,5,33,I-17,1,Interestatal,Urbano,Interestatal,State Highway Agency,1,Sin jurisdiccion especial,40,33.43715833,-112.1083222,Peaton,El primer evento no fue una colision con un vehiculo automotor en transporte,Not an Intersection,No fue interseccion,Sobre calle,Ninguna,Oscuro con iluminacion,Despejado,No,NO APLICA,5,34,5,43,1,19/02/2022,1
4,Arizona,40133,0,0,2,0,3,COCHISE (3),0,NO APLICA,2,Febrero,19,2022,10,19,SR-80,3,Highway estatal,Rural,Arteria Principal,State Highway Agency,1,Sin jurisdiccion especial,528,31.4438,-109.8329306,Vehiculo en movimiento,Frente a frente,Not an Intersection,No fue interseccion,Sobre calle,Ninguna,Dia total,Despejado,No,NO APLICA,10,20,10,32,1,19/02/2022,2
4,Arizona,40134,0,0,2,0,17,NAVAJO (17),0,NO APLICA,2,Febrero,19,2022,16,46,I-40,1,Interestatal,Rural,Interestatal,State Highway Agency,1,Sin jurisdiccion especial,2947,34.98336389,-110.0386028,Vehiculo en movimiento,Frente a Detrás,Not an Intersection,No fue interseccion,Sobre calle,Ninguna,Dia total,Despejado,No,NO APLICA,16,50,17,38,1,19/02/2022,2
4,Arizona,40135,0,0,1,0,13,MARICOPA (13),370,PHOENIX,2,Febrero,20,2022,0,22,I-10,1,Interestatal,Urbano,Interestatal,State Highway Agency,1,Sin jurisdiccion especial,1380,33.46255,-112.1937778,Valla para choques,El primer evento no fue una colision con un vehiculo automotor en transporte,Not an Intersection,No fue interseccion,Sobre el lado de la calle,Ninguna,Oscuro con iluminacion,Despejado,No,NO APLICA,0,25,0,35,2,20/02/2022,4
4,Arizona,40136,0,0,1,0,13,MARICOPA (13),290,MESA,2,Febrero,20,2022,2,10,BUSH HWY,8,Otro,Rural,Arteria Menor,County Highway Agency,0,Sin jurisdiccion especial,0,33.55825556,-111.5401278,Volcadura,El primer evento no fue una colision con un vehiculo automotor en transporte,Not an Intersection,No fue interseccion,Sobre calle,Ninguna,Oscuro sin iluminacion,Despejado,No,NO APLICA,2,10,2,35,1,20/02/2022,1
4,Arizona,40137,0,0,1,0,21,PINAL (21),405,SACATON,2,Febrero,20,2022,20,33,SR-347,3,Highway estatal,Rural,Arteria Principal,State Highway Agency,1,Sin jurisdiccion especial,191,32.91194722,-112.049375,Volcadura,El primer evento no fue una colision con un vehiculo automotor en transporte,Not an Intersection,No fue interseccion,Sobre el lado de la calle,Ninguna,Oscuro sin iluminacion,Despejado,No,NO APLICA,20,33,20,47,1,20/02/2022,3
4,Arizona,40138,0,0,1,0,19,PIMA (19),530,TUCSON,2,Febrero,22,2022,2,39,S KOLB RD,6,Calle Local Municipalidad,Urbano,Arteria Principal,County Highway Agency,1,Sin jurisdiccion especial,0,32.12670833,-110.8411611,Alguien se cayo/avento del vehiculo,El primer evento no fue una colision con un vehiculo automotor en transporte,T-Intersection,Interseccion de T,Sobre calle,Ninguna,Oscuro con iluminacion,Despejado,No,NO APLICA,2,39,2,48,1,22/02/2022,1
4,Arizona,40139,0,0,2,0,13,MARICOPA (13),370,PHOENIX,2,Febrero,22,2022,5,1,SR-202,3,Highway estatal,Urbano,Arterial Principal -Freeway o ExpressWay,State Highway Agency,1,Sin jurisdiccion especial,99998,33.29106667,-112.0797861,Vehiculo en movimiento,Frente a Detrás,Not an Intersection,No fue interseccion,Sobre calle,Ninguna,Oscuro con iluminacion,Despejado,No,NO APLICA,5,6,5,16,1,22/02/2022,2
4,Arizona,40140,0,0,1,0,13,MARICOPA (13),189,GILA BEND,2,Febrero,22,2022,10,35,I-8,1,Interestatal,Rural,Interestatal,State Highway Agency,1,Sin jurisdiccion especial,1027,32.9105,-112.9654667,Volcadura,El primer evento no fue una colision con un vehiculo automotor en transporte,Not an Intersection,No fue interseccion,En el medio,Ninguna,Dia total,Nublado,No,NO APLICA,10,42,11,0,1,22/02/2022,1