Estado,Nombre de Estado,Numero de Caso,Peatones,Personas _no_vehiculos,Vehiculos automotores,Vehiculos estacionados,Condado,Nombre Condado,Ciudad,Nombre Ciudad,Mes,Nombre Mes,Dia,Año,Hora,Minuto,Calle,Ruta,Nombre Ruta,Rural o Urbanoo,Sistema Funcional,Dueño Calle,Sistema Nacional Carreteras,Jurisdiccion Especial,Milla,Latitud,Longitud,Causa del Accidente,Tipo de Accidente,Tipo Interseccion,Columna1,Lugar en la calle,Zona de Trabajo,Luz,Clima,Autobus Escolar,Cruce de Trenes,Hora Notificacion,Minuto Notificacion,Hora Llegada,Minuto Llegada,Decesos,Fecha,PersonaVehiculo
4,Arizona,40141,1,1,1,0,19,PIMA (19),530,TUCSON,2,Febrero,22,2022,14,4,S RITA RD,6,Calle Local Municipalidad,Urbano,Colector Mayor,City or Municipal Highway Agency,0,Sin jurisdiccion especial,0,32.10308333,-110.8013444,Banqueta,El primer evento no fue una colision con un vehiculo automotor en transporte,T-Intersection,Interseccion de T,Sobre el lado de la calle,Ninguna,Dia total,Despejado,No,NO APLICA,14,4,14,11,1,22/02/2022,1
4,Arizona,40142,1,1,1,0,13,MARICOPA (13),200,GLENDALE,2,Febrero,23,2022,21,41,W BETHANY HOME,6,Calle Local Municipalidad,Urbano,Arteria Menor,City or Municipal Highway Agency,0,Sin jurisdiccion especial,0,33.52400833,-112.1881167,Peaton,El primer evento no fue una colision con un vehiculo automotor en transporte,Not an Intersection,No fue interseccion,Sobre calle,Ninguna,Oscuro con iluminacion,Despejado,No,NO APLICA,99,99,99,99,1,23/02/2022,1
4,Arizona,40143,0,0,3,0,13,MARICOPA (13),370,PHOENIX,2,Febrero,23,2022,8,51,I-10,1,Interestatal,Urbano,Interestatal,State Highway Agency,1,Sin jurisdiccion especial,1360,33.46283056,-112.2178111,Vehiculo en movimiento,Frente a Detrás,Not an Intersection,No fue interseccion,Sobre calle,Ninguna,Dia total,lluvia,No,NO APLICA,8,55,9,1,1,23/02/2022,4
4,Arizona,40144,2,2,2,0,13,MARICOPA (13),290,MESA,2,Febrero,24,2022,9,54,N POWER RD,6,Calle Local Municipalidad,Urbano,Arteria Principal,City or Municipal Highway Agency,1,Sin jurisdiccion especial,0,33.44263056,-111.6843556,Vehiculo en movimiento,Frente a Detrás,Not an Intersection,No fue interseccion,Sobre calle,Ninguna,Dia total,Despejado,No,NO APLICA,9,54,99,99,1,24/02/2022,1
4,Arizona,40145,1,1,1,0,19,PIMA (19),530,TUCSON,2,Febrero,26,2022,12,57,E SPEEDWAY BLVD,6,Calle Local Municipalidad,Urbano,Arteria Principal,City or Municipal Highway Agency,0,Sin jurisdiccion especial,0,32.23546944,-110.8322917,Peaton,El primer evento no fue una colision con un vehiculo automotor en transporte,T-Intersection,Interseccion de T,Sobre calle,Ninguna,Dia total,Despejado,No,NO APLICA,12,57,13,0,1,26/02/2022,2
4,Arizona,40146,0,0,1,0,13,MARICOPA (13),0,NO APLICA,2,Febrero,27,2022,16,26,I-17,1,Interestatal,Rural,Interestatal,State Highway Agency,1,Sin jurisdiccion especial,420,33.96659444,-112.1290778,Poste de Señal de trafico,El primer evento no fue una colision con un vehiculo automotor en transporte,Not an Intersection,No fue interseccion,Sobre el lado de la calle,Ninguna,Dia total,Despejado,No,NO APLICA,16,29,16,38,1,27/02/2022,4
4,Arizona,40147,0,0,2,0,13,MARICOPA (13),60,BUCKEYE,2,Febrero,28,2022,17,15,SR-W SALOME HWY,3,Highway estatal,Rural,Colector Mayor,County Highway Agency,0,Sin jurisdiccion especial,0,33.39872778,-112.8177167,Vehiculo en movimiento,Golpe Lateral - direccion contraria,Not an Intersection,No fue interseccion,Sobre calle,Ninguna,Dia total,Despejado,No,NO APLICA,17,15,17,20,1,28/02/2022,3
4,Arizona,40148,0,0,2,0,19,PIMA (19),530,TUCSON,2,Febrero,28,2022,19,14,N FLOWING WELLS RD,6,Calle Local Municipalidad,Urbano,Arteria Menor,City or Municipal Highway Agency,0,Sin jurisdiccion especial,0,32.27739167,-110.9950833,Vehiculo en movimiento,Angulo,Not an Intersection,No fue interseccion,Sobre calle,Ninguna,Oscuro sin iluminacion,Despejado,No,NO APLICA,19,14,19,19,1,28/02/2022,2
4,Arizona,40149,1,1,1,0,7,GILA (7),0,NO APLICA,1,Enero,8,2022,19,55,US-70,2,US Highway,Rural,Arteria Menor,State Highway Agency,0,Sin jurisdiccion especial,69,33.35383333,-110.6594278,Peaton,El primer evento no fue una colision con un vehiculo automotor en transporte,Reported as Unknown,Desconocido,Sobre calle,Ninguna,Reportada como desconocida,Reportado como desconocido,No,NO APLICA,99,99,99,99,1,08/01/2022,1
4,Arizona,40151,0,0,1,0,3,COCHISE (3),580,WILLCOX,1,Enero,6,2022,16,32,N FORT GRANT RD,9,Desconocido,Rural,Colector Mayor,County Highway Agency,0,Sin jurisdiccion especial,0,32.320025,-109.8758694,Volcadura,El primer evento no fue una colision con un vehiculo automotor en transporte,Not an Intersection,No fue interseccion,Sobre calle,Ninguna,Dia total,Despejado,No,NO APLICA,16,34,16,41,1,06/01/2022,2
4,Arizona,40152,0,0,1,0,3,COCHISE (3),233,HEREFORD,1,Enero,24,2022,17,11,E FAITH AVE,6,Calle Local Municipalidad,Rural,Local,City or Municipal Highway Agency,0,Sin jurisdiccion especial,0,31.38353889,-110.14945,Desconocido,Reportado como desconocido,Not an Intersection,No fue interseccion,Sobre calle,Ninguna,Dia total,Despejado,No,NO APLICA,99,99,99,99,1,24/01/2022,1
4,Arizona,40153,1,1,1,0,13,MARICOPA (13),60,BUCKEYE,2,Febrero,8,2022,20,46,S TUTHILL RD,5,Calle Local - Pueblo,Urbano,Arteria Menor,County Highway Agency,0,Sin jurisdiccion especial,0,33.33385,-112.4870861,Ciclista,El primer evento no fue una colision con un vehiculo automotor en transporte,Four-Way Intersection,Interseccion de 4 direcciones,Sobre calle,Ninguna,Oscuro sin iluminacion,Despejado,No,NO APLICA,20,46,20,50,1,08/02/2022,1
4,Arizona,40154,0,0,2,0,13,MARICOPA (13),490,TEMPE,2,Febrero,26,2022,11,22,S RURAL RD,6,Calle Local Municipalidad,Urbano,Arteria Principal,City or Municipal Highway Agency,0,Sin jurisdiccion especial,0,33.40206111,-111.9262472,Vehiculo en movimiento,Angulo,T-Intersection,Interseccion de T,Sobre calle,Ninguna,Dia total,Despejado,No,NO APLICA,99,99,99,99,1,26/02/2022,3
4,Arizona,40155,1,1,1,0,13,MARICOPA (13),618,YOUNGTOWN,2,Febrero,7,2022,11,25,N 111TH AVE,5,Calle Local - Pueblo,Urbano,Colector Mayor,County Highway Agency,0,Sin jurisdiccion especial,0,33.60424444,-112.2987917,Ciclista,El primer evento no fue una colision con un vehiculo automotor en transporte,T-Intersection,Interseccion de T,Sobre calle,Ninguna,Dia total,Despejado,No,NO APLICA,11,25,11,29,1,07/02/2022,2
4,Arizona,40156,1,1,1,0,13,MARICOPA (13),200,GLENDALE,2,Febrero,24,2022,18,46,W NORTHERN AVE,6,Calle Local Municipalidad,Urbano,Arteria Principal,City or Municipal Highway Agency,0,Sin jurisdiccion especial,0,33.55316111,-112.17765,Peaton,El primer evento no fue una colision con un vehiculo automotor en transporte,Four-Way Intersection,Interseccion de 4 direcciones,Sobre calle,Ninguna,Oscuro con iluminacion,Despejado,No,NO APLICA,99,99,99,99,1,24/02/2022,3
4,Arizona,40157,0,0,1,0,13,MARICOPA (13),190,GILBERT,2,Febrero,20,2022,17,1,N MCQUEEN RD,5,Calle Local - Pueblo,Urbano,Arteria Menor,Town or Township Highway Agency,0,Sin jurisdiccion especial,0,33.350325,-111.8243556,Poste,El primer evento no fue una colision con un vehiculo automotor en transporte,Not an Intersection,No fue interseccion,En el medio,Ninguna,Dia total,Despejado,No,NO APLICA,99,99,99,99,1,20/02/2022,1
4,Arizona,40158,0,0,3,0,19,PIMA (19),335,ORO VALLEY,2,Febrero,15,2022,11,3,SR-77,3,Highway estatal,Urbano,Arteria Principal,State Highway Agency,0,Sin jurisdiccion especial,99,32.38656111,-110.964325,Vehiculo en movimiento,Frente a Detrás,Not an Intersection,No fue interseccion,Sobre calle,Ninguna,Dia total,Despejado,No,NO APLICA,11,4,11,12,1,15/02/2022,6
4,Arizona,40159,1,1,1,0,13,MARICOPA (13),30,AVONDALE,1,Enero,11,2022,19,22,S ELMIRAGE RD,6,Calle Local Municipalidad,Urbano,Arteria Menor,City or Municipal Highway Agency,0,Sin jurisdiccion especial,0,33.43160833,-112.3238056,Peaton,El primer evento no fue una colision con un vehiculo automotor en transporte,Four-Way Intersection,Interseccion de 4 direcciones,Sobre calle,Ninguna,Oscuro con iluminacion,Despejado,No,NO APLICA,19,24,19,29,1,11/01/2022,1
4,Arizona,40160,0,0,2,0,13,MARICOPA (13),370,PHOENIX,2,Febrero,22,2022,14,58,E SOUTHERN AVE,6,Calle Local Municipalidad,Urbano,Arteria Menor,City or Municipal Highway Agency,0,Sin jurisdiccion especial,0,33.39301667,-112.0344417,Vehiculo en movimiento,Angulo,Four-Way Intersection,Interseccion de 4 direcciones,Sobre calle,Ninguna,Dia total,Despejado,No,NO APLICA,99,99,99,99,1,22/02/2022,2
4,Arizona,40161,0,0,1,0,13,MARICOPA (13),190,GILBERT,2,Febrero,9,2022,8,10,W GUADALUPE RD,5,Calle Local - Pueblo,Urbano,Arteria Menor,Town or Township Highway Agency,0,Sin jurisdiccion especial,0,33.36498333,-111.8296889,Otro objeto (fijo),El primer evento no fue una colision con un vehiculo automotor en transporte,Not an Intersection,No fue interseccion,Sobre el lado de la calle,Ninguna,Dia total,Despejado,No,NO APLICA,99,99,99,99,1,09/02/2022,1
4,Arizona,40162,1,1,1,0,13,MARICOPA (13),490,TEMPE,2,Febrero,19,2022,4,41,S MCCLINTOCK DR,5,Calle Local - Pueblo,Urbano,Arteria Menor,City or Municipal Highway Agency,0,Sin jurisdiccion especial,0,33.38766389,-111.9091306,Peaton,El primer evento no fue una colision con un vehiculo automotor en transporte,T-Intersection,Interseccion de T,Sobre calle,Ninguna,Oscuro con iluminacion,Despejado,No,NO APLICA,4,41,4,46,1,19/02/2022,1
4,Arizona,40163,0,0,1,0,13,MARICOPA (13),490,TEMPE,2,Febrero,27,2022,16,54,S PRIEST DR,6,Calle Local Municipalidad,Urbano,Arteria Menor,City or Municipal Highway Agency,0,Sin jurisdiccion especial,0,33.381075,-111.96115,Banqueta,El primer evento no fue una colision con un vehiculo automotor en transporte,Not an Intersection,No fue interseccion,Sobre el lado de la calle,Ninguna,Dia total,Nublado,No,NO APLICA,16,54,21,47,1,27/02/2022,2
4,Arizona,40164,0,0,2,0,13,MARICOPA (13),420,SCOTTSDALE,2,Febrero,13,2022,2,34,E MCKELLIPS RD,6,Calle Local Municipalidad,Urbano,Arteria Menor,City or Municipal Highway Agency,0,Sin jurisdiccion especial,0,33.45122222,-111.9179917,Vehiculo en movimiento,Angulo,Four-Way Intersection,Interseccion de 4 direcciones,Sobre calle,Ninguna,Oscuro con iluminacion,Despejado,No,NO APLICA,2,35,2,39,1,13/02/2022,6
4,Arizona,40165,0,0,1,0,13,MARICOPA (13),370,PHOENIX,3,Marzo,1,2022,14,9,N 35TH AVE,6,Calle Local Municipalidad,Urbano,Arteria Menor,City or Municipal Highway Agency,0,Sin jurisdiccion especial,0,33.61116667,-112.13365,Banqueta,El primer evento no fue una colision con un vehiculo automotor en transporte,Four-Way Intersection,Interseccion de 4 direcciones,Sobre el lado de la calle,Ninguna,Dia total,Despejado,No,NO APLICA,99,99,99,99,2,01/03/2022,3
4,Arizona,40166,0,0,4,0,13,MARICOPA (13),200,GLENDALE,3,Marzo,2,2022,6,56,US-60,2,US Highway,Urbano,Arteria Principal,State Highway Agency,1,Sin jurisdiccion especial,0,33.54270278,-112.1910583,Vehiculo en movimiento,Frente a frente,Not an Intersection,No fue interseccion,Sobre calle,Ninguna,Dia total,Despejado,No,NO APLICA,99,99,99,99,1,02/03/2022,6
4,Arizona,40167,0,0,2,0,13,MARICOPA (13),370,PHOENIX,3,Marzo,2,2022,10,28,N CAVE CREEK RD,6,Calle Local Municipalidad,Urbano,Arteria Principal,City or Municipal Highway Agency,0,Sin jurisdiccion especial,0,33.57576111,-112.0573444,Vehiculo en movimiento,Frente a Detrás,Not an Intersection,No fue interseccion,Sobre calle,Ninguna,Dia total,Despejado,No,NO APLICA,99,99,99,99,1,02/03/2022,2
4,Arizona,40168,0,0,2,0,19,PIMA (19),335,ORO VALLEY,3,Marzo,1,2022,8,56,SR-77,3,Highway estatal,Urbano,Arteria Principal,County Highway Agency,0,Sin jurisdiccion especial,89,32.36636389,-110.9697444,Vehiculo en movimiento,Angulo,Four-Way Intersection,Interseccion de 4 direcciones,Sobre calle,Ninguna,Dia total,Despejado,No,NO APLICA,8,56,9,1,1,01/03/2022,2
4,Arizona,40170,0,0,2,0,13,MARICOPA (13),370,PHOENIX,3,Marzo,1,2022,16,21,SR-74,3,Highway estatal,Urbano,Arteria Principal,State Highway Agency,0,Sin jurisdiccion especial,0,33.79810278,-112.1456083,Vehiculo en movimiento,Frente a frente,Not an Intersection,No fue interseccion,Sobre calle,Ninguna,Dia total,Despejado,No,NO APLICA,99,99,99,99,1,01/03/2022,4
4,Arizona,40171,0,0,2,0,19,PIMA (19),530,TUCSON,3,Marzo,1,2022,22,50,SR-19,3,Highway estatal,Urbano,Arteria Menor,State Highway Agency,0,Sin jurisdiccion especial,0,32.16265,-110.96815,Vehiculo en movimiento,Frente a frente,Not an Intersection,No fue interseccion,Sobre calle,Ninguna,Oscuro con iluminacion,Despejado,No,NO APLICA,22,50,22,56,1,01/03/2022,2
4,Arizona,40172,0,0,2,0,19,PIMA (19),295,MARANA,3,Marzo,2,2022,13,22,W TANGERINE RD,6,Calle Local Municipalidad,Urbano,Arteria Principal,State Highway Agency,0,Sin jurisdiccion especial,0,32.42601944,-111.1619917,Vehiculo en movimiento,Angulo,T-Intersection,Interseccion de T,Sobre calle,Ninguna,Dia total,Despejado,No,NO APLICA,13,26,13,30,1,02/03/2022,2
4,Arizona,40173,0,0,2,0,3,COCHISE (3),130,DOUGLAS,3,Marzo,2,2022,19,43,US-191,2,US Highway,Rural,Arteria Menor,State Highway Agency,0,Sin jurisdiccion especial,0,31.45168333,-109.6067417,Vehiculo en movimiento,Angulo,T-Intersection,Interseccion de T,Sobre calle,Ninguna,Oscuro sin iluminacion,Despejado,No,NO APLICA,19,48,19,58,1,02/03/2022,2
4,Arizona,40174,0,0,2,0,13,MARICOPA (13),370,PHOENIX,3,Marzo,2,2022,21,14,E RAY RD,6,Calle Local Municipalidad,Urbano,Arteria Menor,City or Municipal Highway Agency,0,Sin jurisdiccion especial,0,33.31543333,-112.0067306,Vehiculo en movimiento,Angulo,Four-Way Intersection,Interseccion de 4 direcciones,Sobre calle,Ninguna,Oscuro con iluminacion,Despejado,No,NO APLICA,99,99,99,99,1,02/03/2022,2
4,Arizona,40175,0,0,1,0,21,PINAL (21),487,SUPERIOR,3,Marzo,3,2022,13,40,SR-177,3,Highway estatal,Rural,Colector Mayor,State Highway Agency,0,Sin jurisdiccion especial,895,33.21835556,-111.0669028,Fin de valla,El primer evento no fue una colision con un vehiculo automotor en transporte,Not an Intersection,No fue interseccion,Sobre el lado de la calle,Ninguna,Dia total,Despejado,No,NO APLICA,13,42,14,5,1,03/03/2022,1
4,Arizona,40176,0,0,2,1,13,MARICOPA (13),370,PHOENIX,3,Marzo,4,2022,0,47,S 7TH AVE,6,Calle Local Municipalidad,Urbano,Arteria Menor,City or Municipal Highway Agency,0,Sin jurisdiccion especial,0,33.43900278,-112.0824556,Hidrante,El primer evento no fue una colision con un vehiculo automotor en transporte,Four-Way Intersection,Interseccion de 4 direcciones,Sobre el lado de la calle,Ninguna,Oscuro sin iluminacion,Despejado,No,NO APLICA,99,99,99,99,1,04/03/2022,3
4,Arizona,40178,0,0,2,0,25,YAVAPAI (25),0,NO APLICA,3,Marzo,5,2022,2,0,US-93,2,US Highway,Rural,Arteria Principal,State Highway Agency,1,Sin jurisdiccion especial,1931,34.04235,-112.8341472,Vehiculo en movimiento,Golpe Lateral - misma direccion,Not an Intersection,No fue interseccion,Sobre calle,Ninguna,Oscuro sin iluminacion,Despejado,No,NO APLICA,2,15,3,2,1,05/03/2022,3
4,Arizona,40179,0,0,4,0,13,MARICOPA (13),370,PHOENIX,3,Marzo,5,2022,15,17,N 51ST AVE,6,Calle Local Municipalidad,Urbano,Arteria Principal,City or Municipal Highway Agency,1,Sin jurisdiccion especial,0,33.48161944,-112.1689861,Vehiculo en movimiento,Golpe Lateral - misma direccion,Not an Intersection,No fue interseccion,"Izquierda continua, carril de vuelta",Ninguna,Dia total,Despejado,No,NO APLICA,99,99,99,99,1,05/03/2022,7
4,Arizona,40180,1,1,1,0,19,PIMA (19),530,TUCSON,3,Marzo,5,2022,21,34,W PRINCE RD,6,Calle Local Municipalidad,Urbano,Arteria Menor,City or Municipal Highway Agency,0,Sin jurisdiccion especial,0,32.27205556,-110.9924361,Peaton,El primer evento no fue una colision con un vehiculo automotor en transporte,Not an Intersection,No fue interseccion,Sobre calle,Ninguna,Oscuro con iluminacion,Despejado,No,NO APLICA,21,34,21,38,1,05/03/2022,1
4,Arizona,40181,0,0,2,0,3,COCHISE (3),40,BENSON,3,Marzo,6,2022,0,21,I-10,1,Interestatal,Rural,Interestatal,State Highway Agency,1,Sin jurisdiccion especial,3061,31.9657,-110.2709778,Vehiculo en movimiento,Frente a Detrás,Not an Intersection,No fue interseccion,Sobre calle,Ninguna,Oscuro con iluminacion,Despejado,No,NO APLICA,0,24,0,37,1,06/03/2022,2
4,Arizona,40182,0,0,1,0,13,MARICOPA (13),368,PEORIA,3,Marzo,6,2022,2,32,W PEORIA AVE,6,Calle Local Municipalidad,Urbano,Arteria Menor,City or Municipal Highway Agency,0,Sin jurisdiccion especial,0,33.58066111,-112.2616056,Banqueta,El primer evento no fue una colision con un vehiculo automotor en transporte,Not an Intersection,No fue interseccion,En el medio,Ninguna,Oscuro con iluminacion,Despejado,No,NO APLICA,99,99,99,99,1,06/03/2022,1
4,Arizona,40183,0,0,1,0,19,PIMA (19),0,NO APLICA,3,Marzo,7,2022,23,11,I-19,1,Interestatal,Rural,Interestatal,State Highway Agency,1,Sin jurisdiccion especial,311,31.74775833,-111.0450583,Acotamiento,El primer evento no fue una colision con un vehiculo automotor en transporte,Not an Intersection,No fue interseccion,Sobre el lado de la calle,Ninguna,Oscuro sin iluminacion,Despejado,No,NO APLICA,23,12,23,22,2,07/03/2022,7
4,Arizona,40185,0,0,2,0,5,COCONINO (5),0,NO APLICA,3,Marzo,8,2022,7,12,I-40,1,Interestatal,Rural,Interestatal,State Highway Agency,1,Sin jurisdiccion especial,2427,35.07877778,-110.8747583,Vehiculo en movimiento,Frente a Detrás,Not an Intersection,No fue interseccion,Sobre calle,Ninguna,Dia total,Despejado,No,NO APLICA,7,13,7,32,2,08/03/2022,4
4,Arizona,40186,0,0,2,0,13,MARICOPA (13),370,PHOENIX,3,Marzo,8,2022,9,11,E BROADWAY RD,6,Calle Local Municipalidad,Urbano,Arteria Menor,City or Municipal Highway Agency,0,Sin jurisdiccion especial,0,33.407275,-111.9885167,Vehiculo en movimiento,Angulo,Not an Intersection,No fue interseccion,Sobre calle,Ninguna,Dia total,Despejado,No,NO APLICA,99,99,99,99,1,08/03/2022,2
4,Arizona,40187,0,0,2,0,21,PINAL (21),180,FLORENCE,3,Marzo,8,2022,16,16,SR-79,3,Highway estatal,Rural,Arteria Principal,State Highway Agency,0,Sin jurisdiccion especial,551,33.21440278,-111.3466722,Vehiculo en movimiento,Frente a frente,Not an Intersection,No fue interseccion,Sobre calle,Ninguna,Dia total,Despejado,No,NO APLICA,17,35,17,40,3,08/03/2022,4
4,Arizona,40188,0,0,7,0,13,MARICOPA (13),490,TEMPE,3,Marzo,9,2022,3,17,I-10,1,Interestatal,Urbano,Interestatal,State Highway Agency,1,Sin jurisdiccion especial,1539,33.39943333,-111.9677361,Vehiculo en movimiento,Frente a frente,Not an Intersection,No fue interseccion,Sobre calle,Construccion,Oscuro con iluminacion,Despejado,No,NO APLICA,3,20,3,29,1,09/03/2022,9
4,Arizona,40189,0,0,1,0,17,NAVAJO (17),0,NO APLICA,3,Marzo,9,2022,11,4,US-180,2,US Highway,Rural,Arteria Menor,State Highway Agency,0,Sin jurisdiccion especial,1910,34.78895833,-109.8833667,Arbusto,El primer evento no fue una colision con un vehiculo automotor en transporte,Not an Intersection,No fue interseccion,Sobre el lado de la calle,Ninguna,Dia total,Despejado,No,NO APLICA,11,12,11,38,1,09/03/2022,1
4,Arizona,40190,0,0,4,0,19,PIMA (19),530,TUCSON,3,Marzo,9,2022,12,29,E SPEEDWAY BLVD,6,Calle Local Municipalidad,Urbano,Arteria Principal,City or Municipal Highway Agency,0,Sin jurisdiccion especial,0,32.23566944,-110.8403889,Vehiculo en movimiento,Frente a Detrás,Not an Intersection,No fue interseccion,Sobre calle,Ninguna,Dia total,Despejado,No,NO APLICA,12,29,12,32,1,09/03/2022,7
4,Arizona,40192,0,0,2,0,13,MARICOPA (13),341,NEW RIVER,3,Marzo,10,2022,12,5,N NEW RIVER RD,9,Desconocido,Urbano,Colector Mayor,County Highway Agency,0,Sin jurisdiccion especial,0,33.87166667,-112.0649361,Vehiculo en movimiento,Angulo,Four-Way Intersection,Interseccion de 4 direcciones,Sobre calle,Ninguna,Dia total,Despejado,No,NO APLICA,12,6,12,10,1,10/03/2022,4
4,Arizona,40193,0,1,2,1,5,COCONINO (5),170,FLAGSTAFF,3,Marzo,12,2022,5,42,I-40,1,Interestatal,Rural,Interestatal,State Highway Agency,1,Sin jurisdiccion especial,2047,35.20671944,-111.5092111,Vehiculo Aparcado,El primer evento no fue una colision con un vehiculo automotor en transporte,Not an Intersection,No fue interseccion,Sobre Acotamiento,Ninguna,Oscuro sin iluminacion,Despejado,No,NO APLICA,5,48,5,58,1,12/03/2022,4
4,Arizona,40194,0,0,2,0,13,MARICOPA (13),368,PEORIA,3,Marzo,12,2022,11,17,SR-74,3,Highway estatal,Rural,Arteria Principal,State Highway Agency,0,Sin jurisdiccion especial,179,33.83447222,-112.3155139,Vehiculo en movimiento,Angulo,T-Intersection,Interseccion de T,Sobre calle,Ninguna,Dia total,Despejado,No,NO APLICA,11,17,11,26,1,12/03/2022,3
4,Arizona,40195,0,0,2,0,13,MARICOPA (13),290,MESA,3,Marzo,12,2022,19,6,W SOUTHERN AVE,6,Calle Local Municipalidad,Urbano,Arteria Menor,City or Municipal Highway Agency,0,Sin jurisdiccion especial,0,33.39341667,-111.8382611,Vehiculo en movimiento,Angulo,Not an Intersection,No fue interseccion,Sobre calle,Ninguna,Oscuro con iluminacion,Despejado,No,NO APLICA,19,6,19,10,1,12/03/2022,7
4,Arizona,40196,0,0,2,0,27,YUMA (27),553,WELLTON,3,Marzo,14,2022,2,34,I-8,1,Interestatal,Rural,Interestatal,State Highway Agency,1,Sin jurisdiccion especial,87,32.688375,-113.9861972,Vehiculo en movimiento,Frente a Detrás,Not an Intersection,No fue interseccion,Sobre calle,Ninguna,Oscuro sin iluminacion,Despejado,No,NO APLICA,2,38,2,59,1,14/03/2022,2
4,Arizona,40197,0,0,1,0,13,MARICOPA (13),80,CHANDLER,3,Marzo,15,2022,3,16,SR-202,3,Highway estatal,Urbano,Arterial Principal -Freeway o ExpressWay,State Highway Agency,1,Sin jurisdiccion especial,549,33.29553611,-111.9620111,Valla para choques,El primer evento no fue una colision con un vehiculo automotor en transporte,Not an Intersection,No fue interseccion,Gore?,Ninguna,Oscuro con iluminacion,Despejado,No,NO APLICA,3,22,3,29,1,15/03/2022,1
4,Arizona,40198,0,0,3,0,17,NAVAJO (17),240,HOLBROOK,3,Marzo,15,2022,11,19,SR-377,3,Highway estatal,Rural,Colector Mayor,State Highway Agency,0,Sin jurisdiccion especial,319,34.84030556,-110.1813417,Vehiculo en movimiento,Golpe Lateral - direccion contraria,Not an Intersection,No fue interseccion,Sobre calle,Ninguna,Dia total,Despejado,No,NO APLICA,11,25,11,35,2,15/03/2022,4
4,Arizona,40199,1,1,1,0,13,MARICOPA (13),370,PHOENIX,3,Marzo,16,2022,20,45,W BELL RD,6,Calle Local Municipalidad,Urbano,Arteria Principal,City or Municipal Highway Agency,1,Sin jurisdiccion especial,0,33.64008611,-112.0963667,Peaton,El primer evento no fue una colision con un vehiculo automotor en transporte,Not an Intersection,No fue interseccion,Sobre calle,Ninguna,Oscuro con iluminacion,Despejado,No,NO APLICA,99,99,99,99,1,16/03/2022,1
4,Arizona,40200,1,1,1,0,19,PIMA (19),530,TUCSON,3,Marzo,16,2022,21,44,W GRANT RD,6,Calle Local Municipalidad,Urbano,Arteria Principal,City or Municipal Highway Agency,0,Sin jurisdiccion especial,0,32.250275,-110.9739806,Peaton,El primer evento no fue una colision con un vehiculo automotor en transporte,Not an Intersection,No fue interseccion,Sobre calle,Ninguna,Oscuro con iluminacion,Despejado,No,NO APLICA,99,99,99,99,1,16/03/2022,1
4,Arizona,40201,0,0,1,0,19,PIMA (19),530,TUCSON,3,Marzo,17,2022,11,45,W TETAKUSIM RD,6,Calle Local Municipalidad,Urbano,Colector Mayor,County Highway Agency,0,Sin jurisdiccion especial,0,32.11550833,-111.0540833,Volcadura,El primer evento no fue una colision con un vehiculo automotor en transporte,Not an Intersection,No fue interseccion,Sobre calle,Ninguna,Dia total,Despejado,No,NO APLICA,11,45,11,53,1,17/03/2022,1
4,Arizona,40202,0,0,2,0,13,MARICOPA (13),158,EL MIRAGE,3,Marzo,17,2022,14,42,US-60,2,US Highway,Urbano,Arteria Principal,State Highway Agency,1,Sin jurisdiccion especial,1132,33.61963889,-112.3259111,Vehiculo en movimiento,Frente a Detrás,T-Intersection,Interseccion de T,Sobre calle,Ninguna,Dia total,Despejado,No,NO APLICA,15,30,14,45,1,17/03/2022,2
4,Arizona,40203,0,0,2,0,13,MARICOPA (13),370,PHOENIX,3,Marzo,17,2022,21,33,W THOMAS RD,6,Calle Local Municipalidad,Urbano,Arteria Menor,City or Municipal Highway Agency,0,Sin jurisdiccion especial,0,33.47983056,-112.2437944,Vehiculo en movimiento,Frente a frente,Not an Intersection,No fue interseccion,Sobre calle,Ninguna,Oscuro con iluminacion,Despejado,No,NO APLICA,99,99,99,99,2,17/03/2022,3
4,Arizona,40204,1,1,1,0,5,COCONINO (5),170,FLAGSTAFF,3,Marzo,18,2022,0,5,SR-40,3,Highway estatal,Urbano,Arteria Principal,State Highway Agency,0,Sin jurisdiccion especial,0,35.21304444,-111.6005167,Peaton,El primer evento no fue una colision con un vehiculo automotor en transporte,Not an Intersection,No fue interseccion,Sobre calle,Ninguna,Oscuro con iluminacion,Despejado,No,NO APLICA,99,99,99,99,1,18/03/2022,1
4,Arizona,40205,0,0,1,0,21,PINAL (21),70,CASA GRANDE,3,Marzo,19,2022,4,31,W CLAYTON RD,6,Calle Local Municipalidad,Rural,Local,City or Municipal Highway Agency,0,Sin jurisdiccion especial,0,32.89398889,-111.7928889,Acotamiento,El primer evento no fue una colision con un vehiculo automotor en transporte,Not an Intersection,No fue interseccion,Sobre el lado de la calle,Ninguna,Oscuro sin iluminacion,Despejado,No,NO APLICA,4,32,4,44,1,19/03/2022,2
4,Arizona,40206,2,2,1,0,19,PIMA (19),530,TUCSON,3,Marzo,19,2022,9,39,E SUNRISE DR,6,Calle Local Municipalidad,Urbano,Arteria Principal,County Highway Agency,0,Sin jurisdiccion especial,0,32.30819167,-110.9015611,Ciclista,El primer evento no fue una colision con un vehiculo automotor en transporte,Not an Intersection,No fue interseccion,Sobre el lado de la calle,Ninguna,Dia total,Despejado,No,NO APLICA,9,39,9,52,2,19/03/2022,1
4,Arizona,40208,0,0,1,0,21,PINAL (21),70,CASA GRANDE,3,Marzo,20,2022,11,46,I-8,1,Interestatal,Rural,Interestatal,State Highway Agency,1,Sin jurisdiccion especial,1700,32.82789722,-111.8156917,Otro objeto (no fijo),El primer evento no fue una colision con un vehiculo automotor en transporte,Not an Intersection,No fue interseccion,Sobre calle,Ninguna,Dia total,Despejado,No,NO APLICA,11,15,12,1,1,20/03/2022,1
4,Arizona,40209,0,0,1,0,11,GREENLEE (11),0,NO APLICA,3,Marzo,21,2022,12,3,US-191,2,US Highway,Rural,Colector Mayor,State Highway Agency,0,Sin jurisdiccion especial,1968,33.21685278,-109.3811306,Volcadura,El primer evento no fue una colision con un vehiculo automotor en transporte,Not an Intersection,No fue interseccion,Sobre el lado de la calle,Ninguna,Dia total,Nieve,No,NO APLICA,13,40,14,13,1,21/03/2022,1