Estado,Nombre de Estado,Numero de Caso,Peatones,Personas _no_vehiculos,Vehiculos automotores,Vehiculos estacionados,Condado,Nombre Condado,Ciudad,Nombre Ciudad,Mes,Nombre Mes,Dia,Año,Hora,Minuto,Calle,Ruta,Nombre Ruta,Rural o Urbanoo,Sistema Funcional,Dueño Calle,Sistema Nacional Carreteras,Jurisdiccion Especial,Milla,Latitud,Longitud,Causa del Accidente,Tipo de Accidente,Tipo Interseccion,Columna1,Lugar en la calle,Zona de Trabajo,Luz,Clima,Autobus Escolar,Cruce de Trenes,Hora Notificacion,Minuto Notificacion,Hora Llegada,Minuto Llegada,Decesos,Fecha,PersonaVehiculo
4,Arizona,40210,0,0,1,0,3,COCHISE (3),40,BENSON,3,Marzo,21,2022,22,44,I-10,1,Interestatal,Rural,Interestatal,State Highway Agency,1,Sin jurisdiccion especial,3033,31.96770556,-110.3337972,Otro objeto (no fijo),El primer evento no fue una colision con un vehiculo automotor en transporte,Not an Intersection,No fue interseccion,Sobre el lado de la calle,Ninguna,Oscuro sin iluminacion,Despejado,No,NO APLICA,22,45,23,38,1,21/03/2022,2
4,Arizona,40211,1,1,1,0,13,MARICOPA (13),200,GLENDALE,3,Marzo,22,2022,14,48,N BALL PARK BLVD,6,Calle Local Municipalidad,Urbano,Colector Menor,City or Municipal Highway Agency,0,Sin jurisdiccion especial,0,33.51426667,-112.2987861,Ciclista,El primer evento no fue una colision con un vehiculo automotor en transporte,Not an Intersection,No fue interseccion,Sobre calle,Ninguna,Dia total,Despejado,No,NO APLICA,99,99,99,99,1,22/03/2022,2
4,Arizona,40212,0,0,2,0,13,MARICOPA (13),290,MESA,3,Marzo,22,2022,17,32,E MAIN ST,6,Calle Local Municipalidad,Urbano,Arteria Menor,City or Municipal Highway Agency,0,Sin jurisdiccion especial,0,33.41545556,-111.7775472,Vehiculo en movimiento,Angulo,T-Intersection,Interseccion de T,Sobre calle,Ninguna,Dia total,Despejado,No,NO APLICA,17,34,17,39,2,22/03/2022,4
4,Arizona,40213,1,1,1,0,13,MARICOPA (13),370,PHOENIX,3,Marzo,23,2022,1,32,SR-202,3,Highway estatal,Urbano,Arterial Principal -Freeway o ExpressWay,State Highway Agency,1,Sin jurisdiccion especial,19,33.45929722,-111.9947611,Ciclista,El primer evento no fue una colision con un vehiculo automotor en transporte,Not an Intersection,No fue interseccion,Sobre calle,Ninguna,Oscuro con iluminacion,Despejado,No,NO APLICA,1,41,1,49,1,23/03/2022,2
4,Arizona,40214,0,0,2,0,13,MARICOPA (13),370,PHOENIX,3,Marzo,23,2022,6,27,W THOMAS RD,6,Calle Local Municipalidad,Urbano,Arteria Menor,City or Municipal Highway Agency,0,Sin jurisdiccion especial,0,33.48047222,-112.1656194,Vehiculo en movimiento,Frente a frente,Not an Intersection,No fue interseccion,Sobre calle,Ninguna,Dia total,Despejado,No,NO APLICA,99,99,99,99,1,23/03/2022,3
4,Arizona,40215,0,0,2,0,13,MARICOPA (13),0,NO APLICA,3,Marzo,23,2022,13,48,SR-74,3,Highway estatal,Rural,Arteria Principal,State Highway Agency,0,Sin jurisdiccion especial,159,33.83399722,-112.3564472,Vehiculo en movimiento,Frente a frente,Not an Intersection,No fue interseccion,Sobre calle,Ninguna,Dia total,Despejado,No,NO APLICA,13,53,14,8,1,23/03/2022,2
4,Arizona,40216,0,0,2,0,13,MARICOPA (13),220,GOODYEAR,3,Marzo,24,2022,1,37,CR-MC-85,4,Calle del Condado,Urbano,Arteria Principal,County Highway Agency,1,Sin jurisdiccion especial,0,33.40383889,-112.4311,Vehiculo en movimiento,Frente a frente,Not an Intersection,No fue interseccion,Sobre calle,Construccion,Oscuro sin iluminacion,Despejado,No,NO APLICA,0,35,0,45,1,24/03/2022,2
4,Arizona,40217,0,0,1,0,19,PIMA (19),530,TUCSON,3,Marzo,24,2022,6,33,E 28TH ST,6,Calle Local Municipalidad,Urbano,Local,City or Municipal Highway Agency,0,Sin jurisdiccion especial,0,32.20106667,-110.8698667,Otro objeto (no fijo),El primer evento no fue una colision con un vehiculo automotor en transporte,Not an Intersection,No fue interseccion,Sobre el lado de la calle,Ninguna,Dia total,Despejado,No,NO APLICA,6,34,6,38,1,24/03/2022,1
4,Arizona,40218,0,0,3,0,21,PINAL (21),0,NO APLICA,3,Marzo,24,2022,19,46,SR-347,3,Highway estatal,Rural,Arteria Principal,State Highway Agency,0,Sin jurisdiccion especial,81,32.98559722,-112.0480333,Vehiculo en movimiento,Angulo,Y-Intersection,Interseccion de Y,Sobre calle,Ninguna,Oscuro sin iluminacion,Despejado,No,NO APLICA,21,48,21,50,2,24/03/2022,4
4,Arizona,40219,0,0,2,0,7,GILA (7),365,PAYSON,3,Marzo,25,2022,13,51,SR-260,3,Highway estatal,Urbano,Arteria Principal,State Highway Agency,1,Sin jurisdiccion especial,717,34.24188889,-111.3102111,Vehiculo en movimiento,Angulo,Not an Intersection,No fue interseccion,Sobre calle,Ninguna,Dia total,Despejado,No,NO APLICA,13,54,14,1,1,25/03/2022,3
4,Arizona,40220,0,0,3,0,13,MARICOPA (13),370,PHOENIX,3,Marzo,25,2022,14,17,I-10,1,Interestatal,Urbano,Interestatal,State Highway Agency,1,Sin jurisdiccion especial,1520,33.41076389,-111.9894083,Vehiculo en movimiento,Frente a Detrás,Not an Intersection,No fue interseccion,Sobre calle,Construccion,Dia total,Despejado,No,NO APLICA,14,21,14,27,1,25/03/2022,3
4,Arizona,40221,0,0,1,0,13,MARICOPA (13),490,TEMPE,3,Marzo,25,2022,20,37,I-10,1,Interestatal,Urbano,Interestatal,State Highway Agency,1,Sin jurisdiccion especial,1577,33.35805833,-111.9702139,Volcadura,El primer evento no fue una colision con un vehiculo automotor en transporte,Not an Intersection,No fue interseccion,Sobre calle,Ninguna,Oscuro con iluminacion,Despejado,No,NO APLICA,20,37,20,49,1,25/03/2022,1
4,Arizona,40222,1,1,1,0,19,PIMA (19),530,TUCSON,3,Marzo,25,2022,20,49,I 10 FRONTAGE RD,7,Calle Local,Urbano,Colector Menor,State Highway Agency,0,Sin jurisdiccion especial,0,32.31039167,-111.0421722,Ciclista,El primer evento no fue una colision con un vehiculo automotor en transporte,Not an Intersection,No fue interseccion,Sobre calle,Ninguna,Oscuro sin iluminacion,Despejado,No,NO APLICA,20,56,21,8,1,25/03/2022,1
4,Arizona,40223,1,1,1,0,13,MARICOPA (13),200,GLENDALE,3,Marzo,26,2022,19,55,N 67TH AVE,6,Calle Local Municipalidad,Urbano,Arteria Menor,City or Municipal Highway Agency,0,Sin jurisdiccion especial,0,33.63615,-112.2028472,Peaton,El primer evento no fue una colision con un vehiculo automotor en transporte,Not an Intersection,No fue interseccion,Sobre calle,Ninguna,Oscuro con iluminacion,Despejado,No,NO APLICA,99,99,99,99,1,26/03/2022,1
4,Arizona,40225,1,1,1,0,13,MARICOPA (13),30,AVONDALE,3,Marzo,26,2022,21,53,W MCDOWELL RD,6,Calle Local Municipalidad,Urbano,Arteria Menor,City or Municipal Highway Agency,0,Sin jurisdiccion especial,0,33.46590833,-112.1685167,Peaton,El primer evento no fue una colision con un vehiculo automotor en transporte,Not an Intersection,No fue interseccion,Sobre calle,Ninguna,Oscuro con iluminacion,Despejado,No,NO APLICA,99,99,99,99,1,26/03/2022,1
4,Arizona,40226,0,0,1,0,13,MARICOPA (13),190,GILBERT,3,Marzo,26,2022,23,8,W WARNER RD,6,Calle Local Municipalidad,Urbano,Arteria Menor,City or Municipal Highway Agency,0,Sin jurisdiccion especial,0,33.33661944,-111.8186944,Banqueta,El primer evento no fue una colision con un vehiculo automotor en transporte,Not an Intersection,No fue interseccion,Sobre el lado de la calle,Ninguna,Oscuro con iluminacion,Despejado,No,NO APLICA,23,8,23,14,1,26/03/2022,1
4,Arizona,40227,1,1,4,0,13,MARICOPA (13),290,MESA,3,Marzo,27,2022,17,44,US-60,2,US Highway,Urbano,Arterial Principal -Freeway o ExpressWay,State Highway Agency,1,Sin jurisdiccion especial,1606,33.38679444,-111.6229222,Vehiculo en movimiento,Frente a Detrás,Not an Intersection,No fue interseccion,Sobre calle,Ninguna,Dia total,Despejado,No,NO APLICA,17,48,17,56,1,27/03/2022,10
4,Arizona,40228,1,1,1,0,19,PIMA (19),530,TUCSON,3,Marzo,27,2022,22,21,W SPEEDWAY BLVD,6,Calle Local Municipalidad,Urbano,Arteria Principal,City or Municipal Highway Agency,0,Sin jurisdiccion especial,0,32.23600556,-110.9719583,Peaton,El primer evento no fue una colision con un vehiculo automotor en transporte,Four-Way Intersection,Interseccion de 4 direcciones,Sobre calle,Ninguna,Oscuro con iluminacion,Despejado,No,NO APLICA,22,21,22,26,1,27/03/2022,1
4,Arizona,40229,1,1,1,0,5,COCONINO (5),0,NO APLICA,3,Marzo,29,2022,7,39,I-40,1,Interestatal,Rural,Interestatal,State Highway Agency,1,Sin jurisdiccion especial,2427,35.0759,-110.8637778,Peaton,El primer evento no fue una colision con un vehiculo automotor en transporte,Not an Intersection,No fue interseccion,Sobre calle,Ninguna,Oscuro sin iluminacion,Despejado,No,NO APLICA,7,46,8,7,1,29/03/2022,1
4,Arizona,40231,0,0,1,0,25,YAVAPAI (25),65,CAMP VERDE,3,Marzo,30,2022,10,12,SR-260,3,Highway estatal,Rural,Arteria Menor,State Highway Agency,0,Sin jurisdiccion especial,229,34.50611389,-111.7589889,Acotamiento,El primer evento no fue una colision con un vehiculo automotor en transporte,Not an Intersection,No fue interseccion,Sobre el lado de la calle,Ninguna,Dia total,Despejado,No,NO APLICA,10,20,10,38,1,30/03/2022,1
4,Arizona,40232,1,1,1,0,19,PIMA (19),530,TUCSON,3,Marzo,30,2022,16,38,E SPEEDWAY BLVD,6,Calle Local Municipalidad,Urbano,Arteria Principal,City or Municipal Highway Agency,0,Sin jurisdiccion especial,0,32.23548056,-110.8381444,Peaton,El primer evento no fue una colision con un vehiculo automotor en transporte,T-Intersection,Interseccion de T,Sobre calle,Ninguna,Dia total,Despejado,No,NO APLICA,16,38,16,45,1,30/03/2022,1
4,Arizona,40233,0,0,2,0,13,MARICOPA (13),370,PHOENIX,3,Marzo,30,2022,17,4,W DEER VALLEY RD,6,Calle Local Municipalidad,Urbano,Arteria Menor,City or Municipal Highway Agency,0,Sin jurisdiccion especial,0,33.68382778,-112.1033167,Vehiculo en movimiento,Angulo,Not an Intersection,No fue interseccion,Sobre calle,Ninguna,Dia total,Despejado,No,NO APLICA,99,99,99,99,1,30/03/2022,2
4,Arizona,40234,0,0,2,0,13,MARICOPA (13),200,GLENDALE,3,Marzo,30,2022,18,15,W UNION HILLS DR,6,Calle Local Municipalidad,Urbano,Arteria Menor,State Highway Agency,0,Sin jurisdiccion especial,0,33.65264722,-112.2330278,Vehiculo en movimiento,Angulo,Four-Way Intersection,Interseccion de 4 direcciones,Sobre calle,Ninguna,Dia total,Despejado,No,NO APLICA,99,99,99,99,1,30/03/2022,3
4,Arizona,40235,0,0,2,0,13,MARICOPA (13),290,MESA,3,Marzo,30,2022,19,5,E UNIVERSITY DR,6,Calle Local Municipalidad,Urbano,Arteria Menor,City or Municipal Highway Agency,0,Sin jurisdiccion especial,0,33.42235278,-111.6502278,Vehiculo en movimiento,Golpe Lateral - misma direccion,Four-Way Intersection,Interseccion de 4 direcciones,Sobre calle,Ninguna,Oscuro con iluminacion,Despejado,No,NO APLICA,19,5,19,10,1,30/03/2022,2
4,Arizona,40236,1,1,1,0,13,MARICOPA (13),370,PHOENIX,3,Marzo,30,2022,20,24,N 51ST AVE,6,Calle Local Municipalidad,Urbano,Arteria Principal,City or Municipal Highway Agency,1,Sin jurisdiccion especial,0,33.60159167,-112.1685417,Peaton,El primer evento no fue una colision con un vehiculo automotor en transporte,Not an Intersection,No fue interseccion,Sobre calle,Ninguna,Oscuro con iluminacion,Despejado,No,NO APLICA,99,99,99,99,1,30/03/2022,1
4,Arizona,40237,0,0,2,0,7,GILA (7),365,PAYSON,3,Marzo,31,2022,6,47,SR-260,3,Highway estatal,Rural,Arteria Principal,State Highway Agency,1,Sin jurisdiccion especial,786,34.26126667,-111.2064833,Vehiculo en movimiento,Frente a frente,Not an Intersection,No fue interseccion,Sobre calle,Ninguna,Amanecer,Nublado,No,NO APLICA,6,47,7,0,1,31/03/2022,3
4,Arizona,40240,1,1,1,0,13,MARICOPA (13),290,MESA,4,Abril,1,2022,11,40,W 1ST AVE,6,Calle Local Municipalidad,Urbano,Arteria Menor,City or Municipal Highway Agency,0,Sin jurisdiccion especial,0,33.41313611,-111.8743306,Ciclista,El primer evento no fue una colision con un vehiculo automotor en transporte,T-Intersection,Interseccion de T,Sobre calle,Ninguna,Dia total,Despejado,No,NO APLICA,11,40,11,44,1,01/04/2022,1
4,Arizona,40241,0,0,3,0,25,YAVAPAI (25),373,PRESCOTT VALLEY,4,Abril,1,2022,16,46,SR-69,3,Highway estatal,Urbano,Arteria Principal,State Highway Agency,1,Sin jurisdiccion especial,208,34.55405278,-112.2533167,Vehiculo en movimiento,Frente a frente,Not an Intersection,No fue interseccion,Sobre calle,Ninguna,Dia total,Despejado,No,NO APLICA,16,47,16,50,1,01/04/2022,4
4,Arizona,40242,1,1,1,0,13,MARICOPA (13),368,PEORIA,4,Abril,1,2022,19,59,SR-101 RAMP,3,Highway estatal,Urbano,Arterial Principal -Freeway o ExpressWay,State Highway Agency,1,Sin jurisdiccion especial,500,33.59076389,-112.2614167,Peaton,El primer evento no fue una colision con un vehiculo automotor en transporte,Not an Intersection,No fue interseccion,Sobre calle,Ninguna,Oscuro con iluminacion,Despejado,No,NO APLICA,20,1,20,6,1,01/04/2022,2
4,Arizona,40243,1,1,1,0,13,MARICOPA (13),370,PHOENIX,4,Abril,1,2022,21,13,N 16TH ST,6,Calle Local Municipalidad,Urbano,Arteria Menor,City or Municipal Highway Agency,0,Sin jurisdiccion especial,166,33.46066944,-112.0476028,Ciclista,El primer evento no fue una colision con un vehiculo automotor en transporte,Not an Intersection,No fue interseccion,Sobre calle,Ninguna,Oscuro con iluminacion,Despejado,No,NO APLICA,99,99,99,99,1,01/04/2022,1
4,Arizona,40244,0,0,2,0,1,APACHE (1),273,LUPTON,4,Abril,1,2022,23,11,I-40,1,Interestatal,Rural,Interestatal,State Highway Agency,1,Sin jurisdiccion especial,3590,35.35496389,-109.0548583,Fin de valla,El primer evento no fue una colision con un vehiculo automotor en transporte,Not an Intersection,No fue interseccion,En el medio,Ninguna,Oscuro sin iluminacion,Despejado,No,NO APLICA,23,15,23,35,2,01/04/2022,3
4,Arizona,40245,0,0,1,0,7,GILA (7),365,PAYSON,4,Abril,2,2022,17,45,SR-260,3,Highway estatal,Rural,Arteria Principal,State Highway Agency,1,Sin jurisdiccion especial,2690,34.32505556,-111.0852944,Volcadura,El primer evento no fue una colision con un vehiculo automotor en transporte,Not an Intersection,No fue interseccion,En el medio,Ninguna,Dia total,Despejado,No,NO APLICA,17,46,18,1,1,02/04/2022,1
4,Arizona,40246,1,1,3,1,13,MARICOPA (13),290,MESA,4,Abril,3,2022,16,43,US-60,2,US Highway,Urbano,Arterial Principal -Freeway o ExpressWay,State Highway Agency,1,Sin jurisdiccion especial,1455,33.38600833,-111.8751333,Vehiculo Aparcado,El primer evento no fue una colision con un vehiculo automotor en transporte,Not an Intersection,No fue interseccion,Sobre Acotamiento,Ninguna,Dia total,Despejado,No,NO APLICA,16,43,16,51,1,03/04/2022,2
4,Arizona,40247,1,1,2,0,5,COCONINO (5),0,NO APLICA,4,Abril,3,2022,21,18,US-89,2,US Highway,Urbano,Arteria Principal,State Highway Agency,1,Sin jurisdiccion especial,26,35.248025,-111.5617528,Peaton,El primer evento no fue una colision con un vehiculo automotor en transporte,Not an Intersection,No fue interseccion,Sobre calle,Ninguna,Oscuro sin iluminacion,Despejado,No,NO APLICA,21,17,21,20,1,03/04/2022,6
4,Arizona,40248,0,0,1,0,19,PIMA (19),530,TUCSON,4,Abril,4,2022,5,30,I-10,1,Interestatal,Urbano,Interestatal,State Highway Agency,1,Sin jurisdiccion especial,2760,32.05685278,-110.7665306,Otro objeto (no fijo),El primer evento no fue una colision con un vehiculo automotor en transporte,Not an Intersection,No fue interseccion,Sobre el lado de la calle,Ninguna,Amanecer,Despejado,No,NO APLICA,5,33,5,45,1,04/04/2022,2
4,Arizona,40249,0,0,4,0,13,MARICOPA (13),486,SURPRISE,4,Abril,4,2022,11,3,US-60,2,US Highway,Urbano,Arteria Principal,State Highway Agency,1,Sin jurisdiccion especial,1129,33.68772222,-112.4134139,Vehiculo en movimiento,Frente a Detrás,Four-Way Intersection,Interseccion de 4 direcciones,Sobre calle,Ninguna,Dia total,Despejado,No,NO APLICA,11,3,11,12,1,04/04/2022,5
4,Arizona,40250,0,0,2,0,13,MARICOPA (13),158,EL MIRAGE,4,Abril,5,2022,14,43,W OLIVE AVE,6,Calle Local Municipalidad,Urbano,Arteria Menor,City or Municipal Highway Agency,0,Sin jurisdiccion especial,93,33.56555556,-112.3335806,Vehiculo en movimiento,Angulo,Not an Intersection,No fue interseccion,Sobre calle,Ninguna,Dia total,Despejado,No,NO APLICA,14,44,14,50,1,05/04/2022,2
4,Arizona,40251,0,0,1,0,13,MARICOPA (13),420,SCOTTSDALE,4,Abril,5,2022,18,40,N CAVE CRREK RD,6,Calle Local Municipalidad,Rural,Colector Menor,County Highway Agency,0,Sin jurisdiccion especial,288,33.85030278,-111.8337639,Acotamiento,El primer evento no fue una colision con un vehiculo automotor en transporte,Not an Intersection,No fue interseccion,Sobre el lado de la calle,Ninguna,Dia total,Despejado,No,NO APLICA,18,40,18,44,1,05/04/2022,1
4,Arizona,40252,0,0,2,0,13,MARICOPA (13),370,PHOENIX,4,Abril,6,2022,14,14,SR-101,3,Highway estatal,Urbano,Arterial Principal -Freeway o ExpressWay,State Highway Agency,1,Sin jurisdiccion especial,227,33.66916667,-112.0871139,Vehiculo en movimiento,Angulo,Not an Intersection,No fue interseccion,Sobre Acotamiento,Ninguna,Dia total,Despejado,No,NO APLICA,14,16,14,21,1,06/04/2022,2
4,Arizona,40253,0,0,1,0,13,MARICOPA (13),486,SURPRISE,4,Abril,6,2022,15,4,N 195TH AVE,6,Calle Local Municipalidad,Rural,Colector Menor,County Highway Agency,0,Sin jurisdiccion especial,309,33.69522778,-112.4787694,Volcadura,El primer evento no fue una colision con un vehiculo automotor en transporte,Not an Intersection,No fue interseccion,Sobre el lado de la calle,Ninguna,Dia total,Despejado,No,NO APLICA,15,4,15,16,1,06/04/2022,1
4,Arizona,40254,0,0,2,0,25,YAVAPAI (25),386,PRESCOTT,4,Abril,6,2022,15,8,CR-WILLIAMSON VALLEY RD,4,Calle del Condado,Urbano,Colector Mayor,County Highway Agency,0,Sin jurisdiccion especial,44,34.62603056,-112.494925,Vehiculo en movimiento,Frente a frente,Not an Intersection,No fue interseccion,Sobre calle,Ninguna,Dia total,Despejado,No,NO APLICA,15,8,15,10,1,06/04/2022,3
4,Arizona,40255,1,1,1,0,19,PIMA (19),530,TUCSON,4,Abril,6,2022,18,27,W PINE ST,6,Calle Local Municipalidad,Urbano,Local,Unknown,0,Sin jurisdiccion especial,0,32.36270556,-111.0029139,Peaton,El primer evento no fue una colision con un vehiculo automotor en transporte,Not an Intersection,No fue interseccion,Sobre el lado de la calle,Ninguna,Atardecer,Despejado,No,NO APLICA,18,27,18,35,1,06/04/2022,1
4,Arizona,40256,0,0,2,0,13,MARICOPA (13),80,CHANDLER,4,Abril,7,2022,17,14,W WARNER RD,6,Calle Local Municipalidad,Urbano,Arteria Principal,City or Municipal Highway Agency,0,Sin jurisdiccion especial,73,33.33515833,-111.8606361,Volcadura,El primer evento no fue una colision con un vehiculo automotor en transporte,T-Intersection,Interseccion de T,Sobre calle,Ninguna,Dia total,Despejado,No,NO APLICA,17,15,17,22,1,07/04/2022,2
4,Arizona,40257,0,0,1,0,13,MARICOPA (13),0,NO APLICA,4,Abril,8,2022,12,29,SR-88 APACHE TRL,3,Highway estatal,Rural,Colector Mayor,State Highway Agency,0,Sin jurisdiccion especial,150,33.54056389,-111.4432389,Volcadura,El primer evento no fue una colision con un vehiculo automotor en transporte,Not an Intersection,No fue interseccion,Sobre el lado de la calle,Ninguna,Dia total,Despejado,No,NO APLICA,12,20,12,56,1,08/04/2022,1
4,Arizona,40258,0,0,2,0,13,MARICOPA (13),290,MESA,4,Abril,8,2022,12,38,SR-87 N BEELINE HWY,3,Highway estatal,Urbano,Arteria Principal,State Highway Agency,1,Sin jurisdiccion especial,635,33.47841667,-111.8299611,Vehiculo en movimiento,Angulo,T-Intersection,Interseccion de T,Sobre calle,Ninguna,Dia total,Despejado,No,NO APLICA,12,38,12,43,1,08/04/2022,3
4,Arizona,40259,0,0,4,0,13,MARICOPA (13),370,PHOENIX,4,Abril,8,2022,14,31,S 16TH ST,6,Calle Local Municipalidad,Urbano,Arteria Menor,City or Municipal Highway Agency,0,Sin jurisdiccion especial,143,33.42705278,-112.0478278,Vehiculo en movimiento,Frente a Detrás,T-Intersection,Interseccion de T,Sobre calle,Ninguna,Dia total,Despejado,No,NO APLICA,14,53,15,2,1,08/04/2022,4
4,Arizona,40260,0,0,2,0,13,MARICOPA (13),370,PHOENIX,4,Abril,8,2022,18,50,W DUNLAP AVE,6,Calle Local Municipalidad,Urbano,Arteria Menor,City or Municipal Highway Agency,0,Sin jurisdiccion especial,0,33.56753611,-112.1516472,Vehiculo en movimiento,Angulo,Four-Way Intersection,Interseccion de 4 direcciones,Sobre calle,Ninguna,Oscuro con iluminacion,Despejado,No,NO APLICA,99,99,99,99,1,08/04/2022,2
4,Arizona,40261,0,0,1,0,17,NAVAJO (17),429,SHOW LOW,4,Abril,8,2022,19,45,FOREST SERVICE RD 140,8,Otro,Rural,No reportado,Not Reported,0,Desconocido,0,34.222825,-110.1527167,Volcadura,El primer evento no fue una colision con un vehiculo automotor en transporte,Not an Intersection,No fue interseccion,Sobre calle,Ninguna,Oscuro sin iluminacion,Despejado,No,NO APLICA,88,88,88,88,1,08/04/2022,1
4,Arizona,40262,1,1,1,0,13,MARICOPA (13),290,MESA,4,Abril,8,2022,19,52,E MAIN ST,6,Calle Local Municipalidad,Urbano,Arteria Menor,City or Municipal Highway Agency,0,Sin jurisdiccion especial,97,33.41550556,-111.7158,Peaton,El primer evento no fue una colision con un vehiculo automotor en transporte,Not an Intersection,No fue interseccion,Sobre calle,Ninguna,Oscuro con iluminacion,Despejado,No,NO APLICA,19,52,20,0,1,08/04/2022,2
4,Arizona,40263,1,1,1,0,19,PIMA (19),530,TUCSON,4,Abril,8,2022,20,48,ALVERNON WAY,6,Calle Local Municipalidad,Urbano,Arteria Principal,City or Municipal Highway Agency,0,Sin jurisdiccion especial,9,32.26157778,-110.9098361,Peaton,El primer evento no fue una colision con un vehiculo automotor en transporte,Four-Way Intersection,Interseccion de 4 direcciones,Sobre calle,Ninguna,Oscuro con iluminacion,Despejado,No,NO APLICA,99,99,99,99,1,08/04/2022,2
4,Arizona,40264,0,0,2,0,21,PINAL (21),22,APACHE JUNCTION,4,Abril,9,2022,18,30,SUPERSTITION BLVD,6,Calle Local Municipalidad,Urbano,Arteria Menor,City or Municipal Highway Agency,0,Sin jurisdiccion especial,508,33.42233611,-111.5633611,Vehiculo en movimiento,Angulo,Four-Way Intersection,Interseccion de 4 direcciones,Sobre calle,Ninguna,Atardecer,Despejado,No,NO APLICA,18,41,18,44,2,09/04/2022,3
4,Arizona,40265,1,1,4,0,13,MARICOPA (13),510,TOLLESON,4,Abril,9,2022,19,47,I-10,1,Interestatal,Urbano,Interestatal,State Highway Agency,1,Sin jurisdiccion especial,1338,33.46158056,-112.2704278,Peaton,El primer evento no fue una colision con un vehiculo automotor en transporte,Not an Intersection,No fue interseccion,Sobre calle,Ninguna,Oscuro con iluminacion,Despejado,No,NO APLICA,19,50,19,56,1,09/04/2022,19
4,Arizona,40266,0,0,3,0,13,MARICOPA (13),370,PHOENIX,4,Abril,10,2022,10,32,N 35TH AVE,6,Calle Local Municipalidad,Urbano,Arteria Menor,City or Municipal Highway Agency,0,Sin jurisdiccion especial,463,33.58208333,-112.1347944,Vehiculo en movimiento,Frente a Detrás,Not an Intersection,No fue interseccion,Sobre calle,Ninguna,Dia total,Despejado,No,NO APLICA,10,33,10,38,1,10/04/2022,10
4,Arizona,40267,0,0,3,0,25,YAVAPAI (25),105,CONGRESS,4,Abril,11,2022,4,30,US-93,2,US Highway,Rural,Arteria Principal,State Highway Agency,1,Sin jurisdiccion especial,1791,34.17752222,-113.0302944,Vehiculo en movimiento,Golpe Lateral - direccion contraria,Not an Intersection,No fue interseccion,Sobre calle,Ninguna,Oscuro sin iluminacion,Despejado,No,NO APLICA,4,35,4,56,2,11/04/2022,4
4,Arizona,40268,0,0,2,0,12,LA PAZ (12),0,NO APLICA,4,Abril,11,2022,12,40,SR-72,3,Highway estatal,Rural,Arteria Menor,State Highway Agency,0,Sin jurisdiccion especial,190,33.880475,-113.9452806,Vehiculo en movimiento,Frente a frente,Not an Intersection,No fue interseccion,Sobre calle,Ninguna,Dia total,Despejado,No,NO APLICA,12,48,12,57,1,11/04/2022,2
4,Arizona,40269,1,1,4,0,25,YAVAPAI (25),0,NO APLICA,4,Abril,12,2022,5,30,I-17,1,Interestatal,Rural,Interestatal,State Highway Agency,1,Sin jurisdiccion especial,584,34.19394444,-112.1316111,Peaton,El primer evento no fue una colision con un vehiculo automotor en transporte,Not an Intersection,No fue interseccion,Sobre calle,Ninguna,Amanecer,Despejado,No,NO APLICA,5,34,5,48,1,12/04/2022,4
4,Arizona,40270,0,0,2,0,13,MARICOPA (13),370,PHOENIX,4,Abril,12,2022,20,13,W SOUTHERN AVE,6,Calle Local Municipalidad,Urbano,Arteria Menor,City or Municipal Highway Agency,0,Sin jurisdiccion especial,628,33.39215278,-112.1271417,Vehiculo en movimiento,Angulo,T-Intersection,Interseccion de T,Sobre calle,Ninguna,Oscuro con iluminacion,Despejado,No,NO APLICA,99,99,99,99,1,12/04/2022,3
4,Arizona,40271,2,2,1,0,13,MARICOPA (13),290,MESA,4,Abril,12,2022,20,36,W MAIN ST,6,Calle Local Municipalidad,Urbano,Arteria Menor,City or Municipal Highway Agency,0,Sin jurisdiccion especial,3,33.41488889,-111.8789389,Peaton,El primer evento no fue una colision con un vehiculo automotor en transporte,T-Intersection,Interseccion de T,Sobre calle,Ninguna,Oscuro con iluminacion,Despejado,No,NO APLICA,20,37,20,40,1,12/04/2022,1
4,Arizona,40272,0,0,2,0,13,MARICOPA (13),370,PHOENIX,4,Abril,12,2022,22,2,N 15TH AVE,6,Calle Local Municipalidad,Urbano,Colector Mayor,City or Municipal Highway Agency,0,Sin jurisdiccion especial,134,33.48777222,-112.0913667,Vehiculo en movimiento,Angulo,Four-Way Intersection,Interseccion de 4 direcciones,Sobre calle,Ninguna,Oscuro con iluminacion,Despejado,No,NO APLICA,99,99,99,99,1,12/04/2022,5
4,Arizona,40273,0,0,1,0,13,MARICOPA (13),539,WADDELL,4,Abril,13,2022,0,1,SR-303,3,Highway estatal,Urbano,Arterial Principal -Freeway o ExpressWay,State Highway Agency,1,Sin jurisdiccion especial,81,33.56086111,-112.4183806,Volcadura,El primer evento no fue una colision con un vehiculo automotor en transporte,Not an Intersection,No fue interseccion,Sobre el lado de la calle,Ninguna,Oscuro con iluminacion,Despejado,No,NO APLICA,0,1,0,14,1,13/04/2022,1
4,Arizona,40274,0,0,3,0,19,PIMA (19),9898,Not Reported,4,Abril,13,2022,17,25,SR-83,3,Highway estatal,Rural,Colector Mayor,State Highway Agency,0,Sin jurisdiccion especial,441,31.831425,-110.7078972,Vehiculo en movimiento,Frente a frente,Not an Intersection,No fue interseccion,Sobre calle,Ninguna,Dia total,Despejado,No,NO APLICA,17,29,17,52,1,13/04/2022,3