Estado,Nombre de Estado,Numero de Caso,Peatones,Personas _no_vehiculos,Vehiculos automotores,Vehiculos estacionados,Condado,Nombre Condado,Ciudad,Nombre Ciudad,Mes,Nombre Mes,Dia,Año,Hora,Minuto,Calle,Ruta,Nombre Ruta,Rural o Urbanoo,Sistema Funcional,Dueño Calle,Sistema Nacional Carreteras,Jurisdiccion Especial,Milla,Latitud,Longitud,Causa del Accidente,Tipo de Accidente,Tipo Interseccion,Columna1,Lugar en la calle,Zona de Trabajo,Luz,Clima,Autobus Escolar,Cruce de Trenes,Hora Notificacion,Minuto Notificacion,Hora Llegada,Minuto Llegada,Decesos,Fecha,PersonaVehiculo
4,Arizona,40275,0,0,2,0,21,PINAL (21),180,FLORENCE,4,Abril,14,2022,3,45,SR-79,3,Highway estatal,Rural,Arteria Principal,State Highway Agency,0,Sin jurisdiccion especial,580,33.16533611,-111.35425,Vehiculo en movimiento,Frente a frente,Not an Intersection,No fue interseccion,Sobre calle,Ninguna,Oscuro sin iluminacion,Despejado,No,NO APLICA,3,49,4,0,2,14/04/2022,2
4,Arizona,40276,0,0,1,0,21,PINAL (21),297,MARICOPA WELLS,4,Abril,14,2022,12,53,WHITE AND PARKER RD,6,Calle Local Municipalidad,Urbano,Arteria Menor,City or Municipal Highway Agency,0,Sin jurisdiccion especial,108,33.03651944,-111.9966389,Banqueta,El primer evento no fue una colision con un vehiculo automotor en transporte,Not an Intersection,No fue interseccion,Sobre el lado de la calle,Ninguna,Dia total,Despejado,No,NO APLICA,11,21,11,28,2,14/04/2022,2
4,Arizona,40277,0,0,1,0,13,MARICOPA (13),370,PHOENIX,4,Abril,14,2022,19,4,N 28TH ST,6,Calle Local Municipalidad,Urbano,Colector Mayor,City or Municipal Highway Agency,0,Sin jurisdiccion especial,210,33.603925,-112.0218861,Volcadura,El primer evento no fue una colision con un vehiculo automotor en transporte,Not an Intersection,No fue interseccion,Sobre calle,Ninguna,Oscuro con iluminacion,Despejado,No,NO APLICA,99,99,99,99,1,14/04/2022,1
4,Arizona,40278,1,1,1,0,13,MARICOPA (13),370,PHOENIX,4,Abril,14,2022,21,35,W MCDOWELL RD,6,Calle Local Municipalidad,Urbano,Arteria Menor,City or Municipal Highway Agency,0,Sin jurisdiccion especial,432,33.46594167,-112.1919083,Peaton,El primer evento no fue una colision con un vehiculo automotor en transporte,Not an Intersection,No fue interseccion,Sobre calle,Ninguna,Oscuro con iluminacion,Despejado,No,NO APLICA,99,99,99,99,1,14/04/2022,1
4,Arizona,40279,1,1,1,0,13,MARICOPA (13),370,PHOENIX,4,Abril,15,2022,0,58,N 7TH ST,6,Calle Local Municipalidad,Urbano,Arteria Principal,City or Municipal Highway Agency,1,Sin jurisdiccion especial,116,33.47201389,-112.0651083,Peaton,El primer evento no fue una colision con un vehiculo automotor en transporte,Not an Intersection,No fue interseccion,Sobre calle,Ninguna,Oscuro sin iluminacion,Despejado,No,NO APLICA,99,99,99,99,1,15/04/2022,1
4,Arizona,40280,0,0,2,0,13,MARICOPA (13),368,PEORIA,4,Abril,15,2022,12,13,SR-74 LAKE PLEASANT PKWY,3,Highway estatal,Rural,Arteria Principal,State Highway Agency,0,Sin jurisdiccion especial,314,33.80562222,-112.242675,Vehiculo en movimiento,Angulo,Not an Intersection,No fue interseccion,Sobre calle,Ninguna,Dia total,Despejado,No,NO APLICA,12,13,12,30,1,15/04/2022,5
4,Arizona,40281,0,0,2,0,19,PIMA (19),335,ORO VALLEY,4,Abril,15,2022,12,35,SR-989 E TANGERINE RD,3,Highway estatal,Urbano,Arteria Principal,Town or Township Highway Agency,0,Sin jurisdiccion especial,4,32.42437778,-110.9611778,Vehiculo en movimiento,Frente a frente,Four-Way Intersection,Interseccion de 4 direcciones,Sobre calle,Ninguna,Dia total,Despejado,No,NO APLICA,12,35,12,38,1,15/04/2022,2
4,Arizona,40283,1,1,1,0,13,MARICOPA (13),80,CHANDLER,4,Abril,16,2022,19,24,E RIGGS RD,6,Calle Local Municipalidad,Urbano,Arteria Principal,City or Municipal Highway Agency,0,Sin jurisdiccion especial,508,33.21900833,-111.7893806,Peaton,El primer evento no fue una colision con un vehiculo automotor en transporte,Four-Way Intersection,Interseccion de 4 direcciones,Sobre calle,Ninguna,Oscuro con iluminacion,Despejado,No,NO APLICA,19,24,19,25,1,16/04/2022,1
4,Arizona,40284,1,1,1,0,13,MARICOPA (13),370,PHOENIX,4,Abril,16,2022,19,47,51ST AVE,6,Calle Local Municipalidad,Urbano,Arteria Principal,City or Municipal Highway Agency,1,Sin jurisdiccion especial,75,33.37777778,-112.1681778,Peaton,El primer evento no fue una colision con un vehiculo automotor en transporte,Not an Intersection,No fue interseccion,Sobre calle,Ninguna,Oscuro con iluminacion,Despejado,No,NO APLICA,99,99,99,99,1,16/04/2022,2
4,Arizona,40285,1,1,1,0,13,MARICOPA (13),370,PHOENIX,4,Abril,17,2022,21,33,US-60 NW GRAND AVE,2,US Highway,Urbano,Arteria Menor,State Highway Agency,0,Sin jurisdiccion especial,3,33.47656111,-112.1126389,Ciclista,El primer evento no fue una colision con un vehiculo automotor en transporte,Not an Intersection,No fue interseccion,Sobre calle,Ninguna,Oscuro con iluminacion,Despejado,No,NO APLICA,99,99,99,99,1,17/04/2022,1
4,Arizona,40286,0,0,1,0,13,MARICOPA (13),370,PHOENIX,4,Abril,17,2022,22,10,S 15TH ST,8,Otro,Urbano,Local,Not Reported,0,Sin jurisdiccion especial,0,33.39687778,-112.0489944,Arbol,El primer evento no fue una colision con un vehiculo automotor en transporte,Not an Intersection,No fue interseccion,Sobre el lado de la calle,Ninguna,Oscuro con iluminacion,Despejado,No,NO APLICA,99,99,99,99,1,17/04/2022,2
4,Arizona,40287,1,1,1,0,19,PIMA (19),530,TUCSON,4,Abril,18,2022,0,4,IRONWOOD HILL DR,6,Calle Local Municipalidad,Urbano,Arteria Menor,City or Municipal Highway Agency,0,Sin jurisdiccion especial,28,32.25066389,-111.0201722,No vehiculo o remolque,El primer evento no fue una colision con un vehiculo automotor en transporte,Not an Intersection,No fue interseccion,Sobre calle,Ninguna,Oscuro sin iluminacion,Despejado,No,NO APLICA,99,99,99,99,1,18/04/2022,1
4,Arizona,40288,0,0,2,0,17,NAVAJO (17),429,SHOW LOW,4,Abril,18,2022,17,35,SR-77,3,Highway estatal,Rural,Arteria Principal,State Highway Agency,1,Sin jurisdiccion especial,1676,34.33643611,-110.0491611,Vehiculo en movimiento,Frente a frente,Not an Intersection,No fue interseccion,Sobre calle,Ninguna,Dia total,Despejado,No,NO APLICA,15,48,15,56,2,18/04/2022,2
4,Arizona,40289,0,0,2,0,13,MARICOPA (13),80,CHANDLER,4,Abril,18,2022,18,14,S PALM LN,6,Calle Local Municipalidad,Urbano,Arteria Menor,City or Municipal Highway Agency,0,Sin jurisdiccion especial,389,33.29165278,-111.8459722,Vehiculo en movimiento,Angulo,T-Intersection,Interseccion de T,Sobre calle,Ninguna,Dia total,Despejado,No,NO APLICA,18,14,18,23,1,18/04/2022,2
4,Arizona,40290,0,0,1,0,25,YAVAPAI (25),0,NO APLICA,4,Abril,19,2022,15,30,CR-72 FR-318 PERKINSVILLE RD,4,Calle del Condado,Rural,Arteria Menor,County Highway Agency,0,Sin jurisdiccion especial,117,34.88843056,-112.1986083,Volcadura,El primer evento no fue una colision con un vehiculo automotor en transporte,Not Reported,No reportado,Sobre el lado de la calle,Ninguna,Dia total,Despejado,No,NO APLICA,14,48,15,52,1,19/04/2022,1
4,Arizona,40291,0,0,3,0,13,MARICOPA (13),370,PHOENIX,4,Abril,19,2022,15,33,S 67TH AVE,6,Calle Local Municipalidad,Urbano,Arteria Menor,City or Municipal Highway Agency,0,Sin jurisdiccion especial,86,33.44173056,-112.2036194,Vehiculo en movimiento,Angulo,T-Intersection,Interseccion de T,Sobre calle,Ninguna,Dia total,Despejado,No,NO APLICA,99,99,99,99,1,19/04/2022,5
4,Arizona,40293,1,1,1,0,25,YAVAPAI (25),373,PRESCOTT VALLEY,4,Abril,20,2022,4,47,SR-69,3,Highway estatal,Urbano,Arteria Principal,State Highway Agency,1,Sin jurisdiccion especial,198,34.56065278,-112.2581972,Peaton,El primer evento no fue una colision con un vehiculo automotor en transporte,Not an Intersection,No fue interseccion,Sobre calle,Ninguna,Oscuro sin iluminacion,Despejado,No,NO APLICA,4,47,4,55,1,20/04/2022,1
4,Arizona,40294,1,1,1,0,13,MARICOPA (13),370,PHOENIX,4,Abril,20,2022,8,18,NONE,8,Otro,Trafficway Not in State Inventory,Via no en inventario estatal,Trafficway Not in State Inventory,0,Sin jurisdiccion especial,99998,77.7777,777.7777,Peaton,El primer evento no fue una colision con un vehiculo automotor en transporte,Not an Intersection,No fue interseccion,Sobre calle,Ninguna,Dia total,Despejado,No,NO APLICA,99,99,99,99,1,20/04/2022,2
4,Arizona,40296,0,0,1,0,5,COCONINO (5),0,NO APLICA,4,Abril,21,2022,0,14,SR-64,3,Highway estatal,Rural,Arteria Principal,State Highway Agency,0,Sin jurisdiccion especial,128,35.43928611,-112.1714722,Animal vivo,El primer evento no fue una colision con un vehiculo automotor en transporte,Not an Intersection,No fue interseccion,Sobre calle,Ninguna,Oscuro sin iluminacion,Despejado,No,NO APLICA,0,18,0,37,1,21/04/2022,1
4,Arizona,40297,1,1,2,0,25,YAVAPAI (25),53,BLACK CANYON CITY,4,Abril,21,2022,0,28,I-17,1,Interestatal,Rural,Interestatal,State Highway Agency,1,Sin jurisdiccion especial,483,34.05761667,-112.1456167,Vehiculo en movimiento,Frente a Detrás,Not an Intersection,No fue interseccion,Sobre calle,Ninguna,Oscuro con iluminacion,Despejado,No,NO APLICA,0,28,0,35,1,21/04/2022,2
4,Arizona,40298,0,0,3,0,21,PINAL (21),0,NO APLICA,4,Abril,21,2022,8,38,I-10,1,Interestatal,Rural,Interestatal,State Highway Agency,1,Sin jurisdiccion especial,2139,32.70244167,-111.4779944,Vehiculo en movimiento,Frente a frente,Not an Intersection,No fue interseccion,Sobre calle,Ninguna,Dia total,Despejado,No,NO APLICA,8,39,8,53,3,21/04/2022,11
4,Arizona,40299,1,1,1,0,19,PIMA (19),530,TUCSON,4,Abril,21,2022,20,5,S 12TH AVE,6,Calle Local Municipalidad,Urbano,Arteria Menor,City or Municipal Highway Agency,0,Sin jurisdiccion especial,18,32.14665833,-110.9775167,Peaton,El primer evento no fue una colision con un vehiculo automotor en transporte,Not an Intersection,No fue interseccion,Sobre calle,Ninguna,Oscuro con iluminacion,Despejado,No,NO APLICA,99,99,99,99,1,21/04/2022,1
4,Arizona,40301,1,1,1,0,13,MARICOPA (13),200,GLENDALE,4,Abril,21,2022,20,59,W GLENDALE AVE,6,Calle Local Municipalidad,Urbano,Arteria Menor,City or Municipal Highway Agency,0,Sin jurisdiccion especial,433,33.53839167,-112.2005917,Peaton,El primer evento no fue una colision con un vehiculo automotor en transporte,Not an Intersection,No fue interseccion,Sobre calle,Ninguna,Oscuro con iluminacion,Despejado,No,NO APLICA,99,99,99,99,1,21/04/2022,1
4,Arizona,40302,0,0,2,0,13,MARICOPA (13),370,PHOENIX,4,Abril,21,2022,21,22,W BASELINE RD,6,Calle Local Municipalidad,Urbano,Arteria Principal,City or Municipal Highway Agency,1,Sin jurisdiccion especial,534,33.37773333,-112.0833111,Vehiculo en movimiento,Angulo,T-Intersection,Interseccion de T,Sobre calle,Ninguna,Oscuro con iluminacion,Despejado,No,NO APLICA,99,99,99,99,1,21/04/2022,2
4,Arizona,40303,0,0,1,0,19,PIMA (19),407,SAHUARITA,4,Abril,22,2022,8,50,EL TORO RD A,6,Calle Local Municipalidad,Urbano,Colector Mayor,City or Municipal Highway Agency,0,Sin jurisdiccion especial,12,31.94301111,-110.9828389,Objeto fijo desconocido,El primer evento no fue una colision con un vehiculo automotor en transporte,T-Intersection,Interseccion de T,Sobre el lado de la calle,Ninguna,Dia total,Despejado,No,NO APLICA,8,56,9,8,1,22/04/2022,1
4,Arizona,40304,0,0,2,0,13,MARICOPA (13),370,PHOENIX,4,Abril,22,2022,16,2,SR-303 SONORAN DESERT DR,3,Highway estatal,Urbano,Arterial Principal -Freeway o ExpressWay,State Highway Agency,1,Sin jurisdiccion especial,364,33.76921111,-112.1301167,Vehiculo en movimiento,Angulo,Four-Way Intersection,Interseccion de 4 direcciones,Sobre calle,Ninguna,Dia total,Despejado,No,NO APLICA,16,5,16,10,1,22/04/2022,2
4,Arizona,40305,1,1,1,0,19,PIMA (19),530,TUCSON,4,Abril,22,2022,21,40,S PALO VERDE RD,6,Calle Local Municipalidad,Urbano,Arteria Menor,City or Municipal Highway Agency,0,Sin jurisdiccion especial,157,32.16671389,-110.9176194,Peaton,El primer evento no fue una colision con un vehiculo automotor en transporte,Not an Intersection,No fue interseccion,Sobre calle,Ninguna,Oscuro con iluminacion,Despejado,No,NO APLICA,21,39,21,48,1,22/04/2022,1
4,Arizona,40306,2,2,1,0,25,YAVAPAI (25),0,NO APLICA,4,Abril,24,2022,4,58,SR-89A,3,Highway estatal,Rural,Arteria Menor,State Highway Agency,0,Sin jurisdiccion especial,149,34.67781111,-112.1945083,Peaton,El primer evento no fue una colision con un vehiculo automotor en transporte,Not an Intersection,No fue interseccion,Sobre calle,Ninguna,Oscuro sin iluminacion,Despejado,No,NO APLICA,4,59,5,14,1,24/04/2022,1
4,Arizona,40307,0,0,2,0,19,PIMA (19),530,TUCSON,4,Abril,24,2022,12,35,SWAN RD,6,Calle Local Municipalidad,Urbano,Arteria Menor,City or Municipal Highway Agency,0,Sin jurisdiccion especial,15,32.2434,-110.8926611,Vehiculo en movimiento,Angulo,Four-Way Intersection,Interseccion de 4 direcciones,Sobre calle,Ninguna,Dia total,Despejado,No,NO APLICA,12,30,12,35,1,24/04/2022,5
4,Arizona,40309,1,1,1,0,13,MARICOPA (13),290,MESA,4,Abril,24,2022,21,3,S ALMA SCHOOL RD,6,Calle Local Municipalidad,Urbano,Arteria Menor,City or Municipal Highway Agency,0,Sin jurisdiccion especial,145,33.40046944,-111.8570722,Peaton,El primer evento no fue una colision con un vehiculo automotor en transporte,Four-Way Intersection,Interseccion de 4 direcciones,Sobre calle,Ninguna,Oscuro con iluminacion,Despejado,No,NO APLICA,21,3,21,8,1,24/04/2022,1
4,Arizona,40311,0,0,1,0,7,GILA (7),365,PAYSON,4,Abril,25,2022,10,43,SR-260,3,Highway estatal,Rural,Arteria Principal,State Highway Agency,1,Sin jurisdiccion especial,834,34.29308611,-111.1348639,Valla Ferrocarril,El primer evento no fue una colision con un vehiculo automotor en transporte,Not an Intersection,No fue interseccion,Sobre el lado de la calle,Ninguna,Dia total,Despejado,No,NO APLICA,10,45,10,56,1,25/04/2022,1
4,Arizona,40312,0,0,1,0,13,MARICOPA (13),200,GLENDALE,4,Abril,25,2022,22,58,107TH AVE,6,Calle Local Municipalidad,Urbano,Colector Mayor,City or Municipal Highway Agency,0,Sin jurisdiccion especial,107,33.54365556,-112.2898917,Banqueta,El primer evento no fue una colision con un vehiculo automotor en transporte,L-Intersection,Interseccion en L,Sobre el lado de la calle,Ninguna,Oscuro con iluminacion,Despejado,No,NO APLICA,99,98,99,98,1,25/04/2022,1
4,Arizona,40313,2,2,1,0,13,MARICOPA (13),370,PHOENIX,4,Abril,26,2022,20,6,N 32ND ST,6,Calle Local Municipalidad,Urbano,Arteria Menor,City or Municipal Highway Agency,0,Sin jurisdiccion especial,128,33.47576389,-112.0128972,Peaton,El primer evento no fue una colision con un vehiculo automotor en transporte,Not an Intersection,No fue interseccion,Sobre calle,Ninguna,Oscuro con iluminacion,Despejado,No,NO APLICA,99,99,99,99,2,26/04/2022,1
4,Arizona,40314,0,0,3,0,21,PINAL (21),405,SACATON,4,Abril,27,2022,10,0,SR-387,3,Highway estatal,Rural,Colector Mayor,State Highway Agency,0,Sin jurisdiccion especial,139,33.01826111,-111.6512028,Vehiculo en movimiento,Golpe Lateral - direccion contraria,Not an Intersection,No fue interseccion,Sobre calle,Ninguna,Dia total,Despejado,No,NO APLICA,10,5,10,13,1,27/04/2022,3
4,Arizona,40315,1,1,1,0,13,MARICOPA (13),220,GOODYEAR,4,Abril,26,2022,14,55,182ND DR,6,Calle Local Municipalidad,Urbano,Colector Menor,City or Municipal Highway Agency,0,Sin jurisdiccion especial,40,33.36098611,-112.4414611,Ciclista,El primer evento no fue una colision con un vehiculo automotor en transporte,Four-Way Intersection,Interseccion de 4 direcciones,Sobre calle,Ninguna,Dia total,Despejado,No,NO APLICA,14,55,15,4,1,26/04/2022,1
4,Arizona,40317,1,1,1,0,25,YAVAPAI (25),373,PRESCOTT VALLEY,4,Abril,27,2022,16,14,VIEWPOINT DR,6,Calle Local Municipalidad,Urbano,Colector Mayor,City or Municipal Highway Agency,0,Sin jurisdiccion especial,32,34.65218611,-112.3362889,Ciclista,El primer evento no fue una colision con un vehiculo automotor en transporte,Four-Way Intersection,Interseccion de 4 direcciones,Sobre calle,Ninguna,Dia total,Despejado,No,NO APLICA,16,14,16,20,1,27/04/2022,1
4,Arizona,40318,1,1,2,0,13,MARICOPA (13),370,PHOENIX,4,Abril,27,2022,20,2,W THUNDERBIRD RD,6,Calle Local Municipalidad,Urbano,Arteria Principal,City or Municipal Highway Agency,1,Sin jurisdiccion especial,137,33.61109167,-112.1040556,No vehiculo o remolque,El primer evento no fue una colision con un vehiculo automotor en transporte,Not an Intersection,No fue interseccion,Sobre calle,Ninguna,Oscuro con iluminacion,Despejado,No,NO APLICA,99,99,99,99,1,27/04/2022,4
4,Arizona,40319,0,0,1,0,5,COCONINO (5),0,NO APLICA,4,Abril,28,2022,2,18,I-40,1,Interestatal,Rural,Interestatal,State Highway Agency,1,Sin jurisdiccion especial,2100,35.20179444,-111.4273556,Otro objeto (fijo),El primer evento no fue una colision con un vehiculo automotor en transporte,Not an Intersection,No fue interseccion,Sobre el lado de la calle,Ninguna,Oscuro sin iluminacion,Despejado,No,NO APLICA,2,24,2,35,1,28/04/2022,1
4,Arizona,40320,0,0,2,0,13,MARICOPA (13),290,MESA,4,Abril,28,2022,21,35,N ALMA SCHOOL RD,6,Calle Local Municipalidad,Urbano,Arteria Menor,City or Municipal Highway Agency,0,Sin jurisdiccion especial,160,33.42266111,-111.8563389,Vehiculo en movimiento,Angulo,Not an Intersection,No fue interseccion,Sobre calle,Ninguna,Oscuro con iluminacion,Despejado,No,NO APLICA,21,36,21,40,1,28/04/2022,3
4,Arizona,40321,0,0,2,0,13,MARICOPA (13),80,CHANDLER,4,Abril,29,2022,0,36,SR-87 ARIZONA AVE,3,Highway estatal,Urbano,Arteria Principal,State Highway Agency,1,Sin jurisdiccion especial,539,33.343625,-111.8418111,Vehiculo en movimiento,Angulo,Four-Way Intersection,Interseccion de 4 direcciones,Sobre calle,Ninguna,Oscuro con iluminacion,Despejado,No,NO APLICA,0,39,0,43,1,29/04/2022,3
4,Arizona,40322,0,0,2,0,19,PIMA (19),530,TUCSON,4,Abril,29,2022,7,10,SR-77,3,Highway estatal,Urbano,Arteria Principal,State Highway Agency,1,Sin jurisdiccion especial,55,32.319175,-110.9751278,Vehiculo en movimiento,Angulo,T-Intersection,Interseccion de T,Sobre calle,Construccion,Dia total,Despejado,No,NO APLICA,7,15,7,30,1,29/04/2022,2
4,Arizona,40323,0,0,1,0,19,PIMA (19),0,NO APLICA,4,Abril,29,2022,14,12,KINNEY RD,8,Otro,Rural,Colector Mayor,County Highway Agency,0,Sin jurisdiccion especial,31,32.1935,-111.1056,Poste de Señal de trafico,El primer evento no fue una colision con un vehiculo automotor en transporte,Not an Intersection,No fue interseccion,Sobre el lado de la calle,Ninguna,Dia total,Despejado,No,NO APLICA,14,12,14,17,1,29/04/2022,1
4,Arizona,40324,1,1,1,0,13,MARICOPA (13),0,NO APLICA,4,Abril,29,2022,18,25,E GUADALUPE RD,8,Otro,Urbano,Arteria Menor,County Highway Agency,0,Sin jurisdiccion especial,144,33.36499444,-111.7228361,Ciclista,El primer evento no fue una colision con un vehiculo automotor en transporte,Not an Intersection,No fue interseccion,Sobre calle,Ninguna,Atardecer,Despejado,No,NO APLICA,18,26,18,31,1,29/04/2022,1
4,Arizona,40325,0,0,2,0,13,MARICOPA (13),370,PHOENIX,4,Abril,29,2022,23,49,I-10,1,Interestatal,Urbano,Interestatal,State Highway Agency,1,Sin jurisdiccion especial,1413,33.46242778,-112.138825,Vehiculo en movimiento,Frente a Detrás,Not an Intersection,No fue interseccion,Sobre calle,Ninguna,Oscuro con iluminacion,Despejado,No,NO APLICA,23,50,23,51,1,29/04/2022,2
4,Arizona,40326,0,0,2,0,13,MARICOPA (13),370,PHOENIX,4,Abril,30,2022,10,30,W DEER VALLEY RD,6,Calle Local Municipalidad,Urbano,Arteria Menor,City or Municipal Highway Agency,0,Sin jurisdiccion especial,265,33.68383611,-112.1173861,Vehiculo en movimiento,Angulo,Not Reported,No reportado,Sobre calle,Ninguna,Dia total,Despejado,No,NO APLICA,99,99,99,99,1,30/04/2022,2
4,Arizona,40327,0,0,2,0,13,MARICOPA (13),370,PHOENIX,4,Abril,30,2022,13,27,E THUNDERBIRD RD,6,Calle Local Municipalidad,Urbano,Arteria Principal,City or Municipal Highway Agency,1,Sin jurisdiccion especial,173,33.59910278,-112.0453417,Vehiculo en movimiento,Angulo,Not an Intersection,No fue interseccion,Sobre calle,Ninguna,Dia total,Despejado,No,NO APLICA,99,99,99,99,1,30/04/2022,2
4,Arizona,40328,0,0,1,0,13,MARICOPA (13),0,NO APLICA,4,Abril,30,2022,21,9,FS-9409,8,Otro,Rural,No reportado,U.S. Forest Service,0,Sin jurisdiccion especial,0,88.8888,888.8888,Volcadura,El primer evento no fue una colision con un vehiculo automotor en transporte,Not an Intersection,No fue interseccion,Sobre el lado de la calle,Ninguna,Oscuro sin iluminacion,Despejado,No,NO APLICA,21,7,22,16,1,30/04/2022,2
4,Arizona,40329,0,0,1,0,19,PIMA (19),530,TUCSON,4,Abril,30,2022,22,19,I-10,1,Interestatal,Urbano,Interestatal,State Highway Agency,1,Sin jurisdiccion especial,2552,32.26056389,-111.0033722,Volcadura,El primer evento no fue una colision con un vehiculo automotor en transporte,Not an Intersection,No fue interseccion,Sobre el lado de la calle,Ninguna,Oscuro con iluminacion,Despejado,No,NO APLICA,22,19,22,19,1,30/04/2022,1
4,Arizona,40330,1,1,1,0,13,MARICOPA (13),200,GLENDALE,5,Mayo,1,2022,0,24,N 59TH AVE,6,Calle Local Municipalidad,Urbano,Arteria Menor,City or Municipal Highway Agency,0,Sin jurisdiccion especial,122,33.5191,-112.1862389,Peaton,El primer evento no fue una colision con un vehiculo automotor en transporte,Not an Intersection,No fue interseccion,Sobre calle,Ninguna,Oscuro con iluminacion,Despejado,No,NO APLICA,99,99,99,99,1,01/05/2022,1
4,Arizona,40331,0,0,1,0,5,COCONINO (5),223,GRAND CANYON,2,Febrero,2,2022,99,99,SR-64,3,Highway estatal,Rural,Arteria Principal,National Park Service,1,Servicio de Parques Nacional,533,36.02121389,-112.1225222,Algún evento nocivo sin detalles,El primer evento no fue una colision con un vehiculo automotor en transporte,Not an Intersection,No fue interseccion,Sobre el lado de la calle,Ninguna,Reportada como desconocida,Reportado como desconocido,No,NO APLICA,99,99,99,99,1,02/02/2022,1
4,Arizona,40332,1,1,1,0,13,MARICOPA (13),490,TEMPE,2,Febrero,3,2022,16,38,W 10TH PL,6,Calle Local Municipalidad,Urbano,Arteria Menor,City or Municipal Highway Agency,0,Sin jurisdiccion especial,0,33.41755556,-111.960975,Ciclista,El primer evento no fue una colision con un vehiculo automotor en transporte,T-Intersection,Interseccion de T,Sobre calle,Ninguna,Dia total,Despejado,No,NO APLICA,16,39,16,44,1,03/02/2022,1
4,Arizona,40333,0,0,2,0,13,MARICOPA (13),80,CHANDLER,2,Febrero,4,2022,18,49,W RAY RD,6,Calle Local Municipalidad,Urbano,Arteria Menor,City or Municipal Highway Agency,0,Sin jurisdiccion especial,0,33.32051667,-111.86785,Vehiculo en movimiento,Angulo,Four-Way Intersection,Interseccion de 4 direcciones,Sobre calle,Ninguna,Oscuro con iluminacion,Despejado,No,NO APLICA,18,49,18,54,1,04/02/2022,2
4,Arizona,40334,0,0,1,0,13,MARICOPA (13),490,TEMPE,2,Febrero,5,2022,6,41,S HARDY DR,6,Calle Local Municipalidad,Urbano,Colector Mayor,City or Municipal Highway Agency,0,Sin jurisdiccion especial,0,33.42129444,-111.9522333,Banqueta,El primer evento no fue una colision con un vehiculo automotor en transporte,Not an Intersection,No fue interseccion,En el medio,Ninguna,Oscuro con iluminacion,Despejado,No,NO APLICA,99,99,99,99,1,05/02/2022,1
4,Arizona,40335,0,0,3,0,13,MARICOPA (13),370,PHOENIX,2,Febrero,5,2022,15,53,E THUNDERBIRD RD,6,Calle Local Municipalidad,Urbano,Arteria Menor,City or Municipal Highway Agency,0,Sin jurisdiccion especial,0,33.61171111,-111.9867667,Vehiculo en movimiento,Angulo,Four-Way Intersection,Interseccion de 4 direcciones,Sobre calle,Ninguna,Dia total,Despejado,No,NO APLICA,99,99,99,99,1,05/02/2022,3
4,Arizona,40336,0,0,1,0,21,PINAL (21),0,NO APLICA,2,Febrero,6,2022,20,4,ALMA SCHOOL RD,6,Calle Local Municipalidad,Rural,No reportado,County Highway Agency,0,Sin jurisdiccion especial,0,33.20323611,-111.8583222,Desconocido,Reportado como desconocido,Not an Intersection,No fue interseccion,Sobre calle,Ninguna,Oscuro - iluminacion desconocida,Reportado como desconocido,No,NO APLICA,99,99,99,99,1,06/02/2022,1
4,Arizona,40337,1,1,1,0,1,APACHE (1),128,DENNEHOTSO,2,Febrero,9,2022,17,5,US-160,2,US Highway,Rural,Arteria Principal,State Highway Agency,1,Sin jurisdiccion especial,1045,36.82178611,-109.8735889,Peaton,El primer evento no fue una colision con un vehiculo automotor en transporte,Not an Intersection,No fue interseccion,Sobre Acotamiento,Ninguna,Dia total,Despejado,No,NO APLICA,99,99,99,99,1,09/02/2022,1
4,Arizona,40338,1,1,1,0,13,MARICOPA (13),370,PHOENIX,2,Febrero,11,2022,8,46,E COLTER ST,6,Calle Local Municipalidad,Urbano,Arteria Menor,City or Municipal Highway Agency,0,Sin jurisdiccion especial,0,33.512825,-112.0474167,Peaton,El primer evento no fue una colision con un vehiculo automotor en transporte,Four-Way Intersection,Interseccion de 4 direcciones,Sobre calle,Ninguna,Dia total,Reportado como desconocido,No,NO APLICA,99,99,99,99,1,11/02/2022,1
4,Arizona,40339,0,0,2,0,13,MARICOPA (13),290,MESA,2,Febrero,11,2022,18,47,N HIGLEY RD,6,Calle Local Municipalidad,Urbano,Arteria Menor,City or Municipal Highway Agency,0,Sin jurisdiccion especial,0,33.43011944,-111.7191417,Vehiculo en movimiento,Angulo,Four-Way Intersection,Interseccion de 4 direcciones,Sobre calle,Ninguna,Oscuro con iluminacion,Despejado,No,NO APLICA,18,48,18,53,1,11/02/2022,6
4,Arizona,40340,0,0,2,0,13,MARICOPA (13),370,PHOENIX,2,Febrero,12,2022,18,11,W NEW RIVER RD,9,Desconocido,Rural,Colector Mayor,County Highway Agency,0,Sin jurisdiccion especial,0,33.92228889,-112.1143389,Vehiculo en movimiento,Frente a frente,Not an Intersection,No fue interseccion,Sobre calle,Ninguna,Oscuro sin iluminacion,Despejado,No,NO APLICA,18,44,18,50,1,12/02/2022,2
4,Arizona,40342,0,0,2,0,13,MARICOPA (13),370,PHOENIX,2,Febrero,14,2022,14,25,N 27TH AVE,6,Calle Local Municipalidad,Urbano,Colector Mayor,City or Municipal Highway Agency,0,Sin jurisdiccion especial,0,33.68008333,-112.1174611,Vehiculo en movimiento,Angulo,Not an Intersection,No fue interseccion,Sobre calle,Ninguna,Dia total,Despejado,No,NO APLICA,14,26,14,30,1,14/02/2022,2
4,Arizona,40343,0,0,2,0,13,MARICOPA (13),370,PHOENIX,2,Febrero,15,2022,11,24,N CAVE CREEK RD,6,Calle Local Municipalidad,Urbano,Arteria Principal,City or Municipal Highway Agency,1,Sin jurisdiccion especial,0,33.66228056,-112.0307944,Vehiculo en movimiento,Angulo,T-Intersection,Interseccion de T,Sobre calle,Ninguna,Dia total,Despejado,No,NO APLICA,99,99,99,99,1,15/02/2022,2