Estado,Nombre de Estado,Numero de Caso,Peatones,Personas _no_vehiculos,Vehiculos automotores,Vehiculos estacionados,Condado,Nombre Condado,Ciudad,Nombre Ciudad,Mes,Nombre Mes,Dia,Año,Hora,Minuto,Calle,Ruta,Nombre Ruta,Rural o Urbanoo,Sistema Funcional,Dueño Calle,Sistema Nacional Carreteras,Jurisdiccion Especial,Milla,Latitud,Longitud,Causa del Accidente,Tipo de Accidente,Tipo Interseccion,Columna1,Lugar en la calle,Zona de Trabajo,Luz,Clima,Autobus Escolar,Cruce de Trenes,Hora Notificacion,Minuto Notificacion,Hora Llegada,Minuto Llegada,Decesos,Fecha,PersonaVehiculo
4,Arizona,40344,1,1,1,0,13,MARICOPA (13),80,CHANDLER,2,Febrero,19,2022,0,41,N PLEASANT DR,9,Desconocido,Unknown,Desconocido,Unknown,0,Sin jurisdiccion especial,0,77.7777,777.7777,Peaton,El primer evento no fue una colision con un vehiculo automotor en transporte,Not Reported,No reportado,No reportado,Ninguna,Oscuro - iluminacion desconocida,Reportado como desconocido,No,NO APLICA,99,99,99,99,1,19/02/2022,1
4,Arizona,40345,1,1,1,0,13,MARICOPA (13),0,NO APLICA,2,Febrero,19,2022,6,44,S CRIMSON RD,5,Calle Local - Pueblo,Urbano,Arteria Menor,Town or Township Highway Agency,0,Sin jurisdiccion especial,0,33.2631,-111.6174806,Ciclista,El primer evento no fue una colision con un vehiculo automotor en transporte,Four-Way Intersection,Interseccion de 4 direcciones,Sobre calle,Construccion,Oscuro - iluminacion desconocida,Despejado,No,NO APLICA,6,32,6,40,1,19/02/2022,1
4,Arizona,40346,0,0,1,0,25,YAVAPAI (25),90,CLARKDALE,2,Febrero,19,2022,13,42,FS 493,8,Otro,Rural,No reportado,Not Reported,0,Sin jurisdiccion especial,0,34.72564722,-112.0459944,Acotamiento,El primer evento no fue una colision con un vehiculo automotor en transporte,Not an Intersection,No fue interseccion,Sobre el lado de la calle,Ninguna,Dia total,Despejado,No,NO APLICA,13,42,13,50,1,19/02/2022,2
4,Arizona,40347,0,0,1,0,21,PINAL (21),34,BAPCHULE,2,Febrero,22,2022,18,43,CASA BLANCA RD,8,Otro,Rural,Colector Mayor,Bureau of Indian Affairs,0,Sin jurisdiccion especial,0,88.8888,888.8888,Desconocido,Reportado como desconocido,Not Reported,No reportado,No reportado,Ninguna,No reportada,Reportado como desconocido,No,NO APLICA,99,99,99,99,1,22/02/2022,2
4,Arizona,40348,1,1,1,0,13,MARICOPA (13),290,MESA,3,Marzo,2,2022,15,21,W MAIN ST,6,Calle Local Municipalidad,Urbano,Arteria Menor,City or Municipal Highway Agency,0,Sin jurisdiccion especial,0,33.41506944,-111.870075,Ciclista,El primer evento no fue una colision con un vehiculo automotor en transporte,Y-Intersection,Interseccion de Y,Sobre calle,Ninguna,Dia total,Despejado,No,NO APLICA,15,24,15,24,1,02/03/2022,1
4,Arizona,40349,0,0,1,0,13,MARICOPA (13),0,NO APLICA,3,Marzo,3,2022,11,12,N LAKE RD,8,Otro,Rural,No reportado,Not Reported,0,Servicio de Parques Nacional,0,33.84625556,-111.6418722,Algún evento nocivo sin detalles,El primer evento no fue una colision con un vehiculo automotor en transporte,Not an Intersection,No fue interseccion,Sobre el lado de la calle,Ninguna,Dia total,Despejado,No,NO APLICA,11,12,11,20,1,03/03/2022,1
4,Arizona,40350,0,0,1,0,13,MARICOPA (13),200,GLENDALE,3,Marzo,5,2022,2,14,W NORTHERN PKWY,9,Desconocido,Urbano,Arteria Principal,County Highway Agency,1,Sin jurisdiccion especial,0,33.55709722,-112.3576972,Suelo,El primer evento no fue una colision con un vehiculo automotor en transporte,Not an Intersection,No fue interseccion,En el medio,Ninguna,Oscuro con iluminacion,Despejado,No,NO APLICA,99,99,99,99,1,05/03/2022,1
4,Arizona,40351,0,0,1,0,13,MARICOPA (13),290,MESA,2,Febrero,13,2022,12,26,SR-202,3,Highway estatal,Urbano,Arterial Principal -Freeway o ExpressWay,State Highway Agency,1,Sin jurisdiccion especial,159,33.46525,-111.7876778,Estructura de puente overhead,El primer evento no fue una colision con un vehiculo automotor en transporte,Not an Intersection,No fue interseccion,Sobre el lado de la calle,Ninguna,Dia total,Despejado,No,NO APLICA,12,29,12,44,1,13/02/2022,2
4,Arizona,40352,0,0,2,0,23,SANTA CRUZ (23),0,NO APLICA,5,Mayo,1,2022,13,6,SR-82,3,Highway estatal,Rural,Arteria Menor,State Highway Agency,0,Sin jurisdiccion especial,325,31.683725,-110.624775,Vehiculo en movimiento,Frente a Detrás,T-Intersection,Interseccion de T,Sobre calle,Ninguna,Dia total,Despejado,No,NO APLICA,13,7,13,29,1,01/05/2022,3
4,Arizona,40353,0,0,1,0,25,YAVAPAI (25),120,COTTONWOOD,5,Mayo,2,2022,6,25,SR-260,3,Highway estatal,Urbano,Arteria Principal,State Highway Agency,1,Sin jurisdiccion especial,15,34.70189722,-111.98885,Valla Ferrocarril,El primer evento no fue una colision con un vehiculo automotor en transporte,Not an Intersection,No fue interseccion,Sobre el lado de la calle,Ninguna,Dia total,Despejado,No,NO APLICA,6,32,6,36,1,02/05/2022,1
4,Arizona,40354,1,1,1,0,19,PIMA (19),530,TUCSON,5,Mayo,2,2022,15,0,N SWAN RD,6,Calle Local Municipalidad,Urbano,Arteria Menor,City or Municipal Highway Agency,0,Sin jurisdiccion especial,0,32.22171944,-110.8922778,Peaton,El primer evento no fue una colision con un vehiculo automotor en transporte,Four-Way Intersection,Interseccion de 4 direcciones,Sobre calle,Ninguna,Dia total,Despejado,No,NO APLICA,99,99,99,99,1,02/05/2022,1
4,Arizona,40355,0,0,2,0,13,MARICOPA (13),0,NO APLICA,5,Mayo,2,2022,12,26,I-17,1,Interestatal,Urbano,Interestatal,State Highway Agency,1,Sin jurisdiccion especial,346,33.86223333,-112.1450667,Vehiculo en movimiento,Frente a Detrás,Not an Intersection,No fue interseccion,Sobre calle,Ninguna,Dia total,Despejado,No,NO APLICA,12,32,12,40,2,02/05/2022,3
4,Arizona,40356,1,1,1,0,13,MARICOPA (13),370,PHOENIX,5,Mayo,3,2022,2,3,N 67TH AVE,6,Calle Local Municipalidad,Urbano,Arteria Menor,City or Municipal Highway Agency,0,Sin jurisdiccion especial,99,33.46581944,-112.2032056,Peaton,El primer evento no fue una colision con un vehiculo automotor en transporte,Four-Way Intersection,Interseccion de 4 direcciones,Sobre calle,Ninguna,Oscuro con iluminacion,Despejado,No,NO APLICA,20,4,21,0,1,03/05/2022,1
4,Arizona,40357,1,1,1,0,13,MARICOPA (13),370,PHOENIX,5,Mayo,4,2022,3,13,W DUNLAP AVE,6,Calle Local Municipalidad,Urbano,Arteria Menor,City or Municipal Highway Agency,0,Sin jurisdiccion especial,1,33.56750278,-112.1190361,Peaton,El primer evento no fue una colision con un vehiculo automotor en transporte,Not an Intersection,No fue interseccion,Sobre calle,Ninguna,Oscuro con iluminacion,Despejado,No,NO APLICA,99,99,99,99,1,04/05/2022,2
4,Arizona,40358,0,0,1,0,23,SANTA CRUZ (23),330,NOGALES,5,Mayo,4,2022,21,46,I-19 RAMP,1,Interestatal,Urbano,Interestatal,State Highway Agency,1,Sin jurisdiccion especial,0,31.33425,-110.9477167,Valla Ferrocarril,El primer evento no fue una colision con un vehiculo automotor en transporte,Not an Intersection,No fue interseccion,Sobre el lado de la calle,Ninguna,Dia total,Despejado,No,NO APLICA,18,10,18,11,1,04/05/2022,1
4,Arizona,40359,1,1,1,0,13,MARICOPA (13),370,PHOENIX,5,Mayo,4,2022,22,59,E VAN BUREN ST,6,Calle Local Municipalidad,Urbano,Arteria Menor,City or Municipal Highway Agency,0,Sin jurisdiccion especial,714,33.45131111,-112.0212722,Peaton,El primer evento no fue una colision con un vehiculo automotor en transporte,Not an Intersection,No fue interseccion,Sobre calle,Ninguna,Oscuro con iluminacion,Despejado,No,NO APLICA,99,99,99,99,1,04/05/2022,1
4,Arizona,40360,1,1,1,0,19,PIMA (19),530,TUCSON,5,Mayo,4,2022,23,31,E 22ND ST,6,Calle Local Municipalidad,Urbano,Arteria Menor,City or Municipal Highway Agency,0,Sin jurisdiccion especial,1,32.20685278,-110.9657,Peaton,El primer evento no fue una colision con un vehiculo automotor en transporte,Not an Intersection,No fue interseccion,Sobre calle,Ninguna,Oscuro con iluminacion,Despejado,No,NO APLICA,99,99,99,99,1,04/05/2022,1
4,Arizona,40361,0,0,1,0,13,MARICOPA (13),370,PHOENIX,5,Mayo,6,2022,1,5,I-17,1,Interestatal,Urbano,Interestatal,State Highway Agency,1,Sin jurisdiccion especial,184,33.78274722,-112.1318806,Fin de valla,El primer evento no fue una colision con un vehiculo automotor en transporte,Not an Intersection,No fue interseccion,Sobre el lado de la calle,Ninguna,Oscuro con iluminacion,Despejado,No,NO APLICA,1,5,1,10,1,06/05/2022,1
4,Arizona,40362,0,0,2,0,13,MARICOPA (13),0,NO APLICA,5,Mayo,6,2022,2,37,US-60 W GRAND AVE,2,US Highway,Rural,Arteria Principal,State Highway Agency,1,Sin jurisdiccion especial,899,33.76498056,-112.5122861,Vehiculo en movimiento,Angulo,Not an Intersection,No fue interseccion,Sobre calle,Ninguna,Oscuro sin iluminacion,Despejado,No,NO APLICA,2,45,2,54,1,06/05/2022,3
4,Arizona,40363,1,1,1,0,13,MARICOPA (13),370,PHOENIX,5,Mayo,6,2022,19,28,N 1ST AVE,6,Calle Local Municipalidad,Urbano,Arteria Menor,City or Municipal Highway Agency,0,Sin jurisdiccion especial,99998,33.45154444,-112.0752083,No vehiculo o remolque,El primer evento no fue una colision con un vehiculo automotor en transporte,Four-Way Intersection,Interseccion de 4 direcciones,Sobre calle,Ninguna,Oscuro con iluminacion,Despejado,No,NO APLICA,99,99,99,99,1,06/05/2022,1
4,Arizona,40364,1,1,1,0,13,MARICOPA (13),420,SCOTTSDALE,5,Mayo,7,2022,1,38,E CAMELBACK RD,6,Calle Local Municipalidad,Urbano,Arteria Menor,City or Municipal Highway Agency,0,Sin jurisdiccion especial,721,33.50226389,-111.9154306,Peaton,El primer evento no fue una colision con un vehiculo automotor en transporte,Four-Way Intersection,Interseccion de 4 direcciones,Sobre calle,Ninguna,Oscuro con iluminacion,Despejado,No,NO APLICA,1,99,99,98,1,07/05/2022,1
4,Arizona,40365,0,0,1,0,13,MARICOPA (13),370,PHOENIX,5,Mayo,7,2022,22,34,SR-101 RAMP,3,Highway estatal,Urbano,Arterial Principal -Freeway o ExpressWay,State Highway Agency,1,Sin jurisdiccion especial,220,33.66930556,-112.1379278,Banqueta,El primer evento no fue una colision con un vehiculo automotor en transporte,Not an Intersection,No fue interseccion,Gore?,Ninguna,Oscuro con iluminacion,Despejado,No,NO APLICA,22,36,22,44,1,07/05/2022,1
4,Arizona,40366,0,0,2,0,19,PIMA (19),530,TUCSON,5,Mayo,8,2022,15,44,ALVERNON WAY,6,Calle Local Municipalidad,Urbano,Arteria Principal,City or Municipal Highway Agency,0,Sin jurisdiccion especial,20,32.25065,-110.9098056,Vehiculo en movimiento,Angulo,Four-Way Intersection,Interseccion de 4 direcciones,Sobre calle,Ninguna,Dia total,Despejado,No,NO APLICA,99,99,99,99,1,08/05/2022,2
4,Arizona,40367,0,0,3,0,13,MARICOPA (13),30,AVONDALE,5,Mayo,8,2022,23,35,I-10,1,Interestatal,Urbano,Interestatal,State Highway Agency,1,Sin jurisdiccion especial,1322,33.46112778,-112.2903722,Vehiculo en movimiento,Frente a Detrás,Not an Intersection,No fue interseccion,Sobre calle,Ninguna,Oscuro con iluminacion,Despejado,No,NO APLICA,23,40,23,45,1,08/05/2022,3
4,Arizona,40368,0,0,1,0,5,COCONINO (5),590,WILLIAMS,5,Mayo,9,2022,12,0,I-40,1,Interestatal,Rural,Interestatal,State Highway Agency,1,Sin jurisdiccion especial,1680,35.25838889,-112.1134,Volcadura,El primer evento no fue una colision con un vehiculo automotor en transporte,Not an Intersection,No fue interseccion,En el medio,Ninguna,Dia total,Despejado,No,NO APLICA,12,3,12,12,1,09/05/2022,2
4,Arizona,40369,1,1,1,0,13,MARICOPA (13),370,PHOENIX,5,Mayo,10,2022,4,39,N 35TH AVE,6,Calle Local Municipalidad,Urbano,Arteria Menor,City or Municipal Highway Agency,0,Sin jurisdiccion especial,89,33.47063611,-112.1344889,No vehiculo o remolque,El primer evento no fue una colision con un vehiculo automotor en transporte,Not an Intersection,No fue interseccion,Sobre calle,Ninguna,Oscuro con iluminacion,Despejado,No,NO APLICA,99,99,99,99,1,10/05/2022,3
4,Arizona,40370,0,0,2,0,13,MARICOPA (13),370,PHOENIX,5,Mayo,10,2022,11,6,W BELL RD,6,Calle Local Municipalidad,Urbano,Arteria Principal,State Highway Agency,0,Sin jurisdiccion especial,3,33.63991944,-112.1139889,Vehiculo en movimiento,Angulo,Four-Way Intersection,Interseccion de 4 direcciones,Sobre calle,Ninguna,Dia total,Despejado,No,NO APLICA,11,99,11,99,1,10/05/2022,2
4,Arizona,40371,1,1,1,0,13,MARICOPA (13),200,GLENDALE,5,Mayo,11,2022,1,51,BETHANY HOME,6,Calle Local Municipalidad,Urbano,Arteria Menor,City or Municipal Highway Agency,0,Sin jurisdiccion especial,9,33.52404167,-112.1811972,Peaton,El primer evento no fue una colision con un vehiculo automotor en transporte,Not an Intersection,No fue interseccion,Sobre calle,Ninguna,Oscuro con iluminacion,Despejado,No,NO APLICA,99,98,99,98,1,11/05/2022,1
4,Arizona,40372,0,0,1,0,25,YAVAPAI (25),386,PRESCOTT,5,Mayo,12,2022,16,24,BIG BUG MESA RD,8,Otro,Rural,Local,U.S. Forest Service,0,Sin jurisdiccion especial,0,34.44296944,-112.38075,Acotamiento,El primer evento no fue una colision con un vehiculo automotor en transporte,Not an Intersection,No fue interseccion,Sobre el lado de la calle,Ninguna,Dia total,Despejado,No,NO APLICA,16,24,17,0,1,12/05/2022,3
4,Arizona,40373,0,0,1,0,13,MARICOPA (13),525,TONOPAH,5,Mayo,12,2022,22,53,I-10,1,Interestatal,Rural,Interestatal,State Highway Agency,1,Sin jurisdiccion especial,409,33.51176111,-113.0193222,Volcadura,El primer evento no fue una colision con un vehiculo automotor en transporte,Not an Intersection,No fue interseccion,En el medio,Ninguna,Oscuro sin iluminacion,Despejado,No,NO APLICA,22,99,22,99,1,12/05/2022,1
4,Arizona,40374,1,1,1,0,19,PIMA (19),530,TUCSON,5,Mayo,13,2022,6,32,SUNRISE DR,9,Desconocido,Urbano,Arteria Principal,County Highway Agency,0,Sin jurisdiccion especial,99999,32.30841944,-110.8815111,Peaton,El primer evento no fue una colision con un vehiculo automotor en transporte,Not an Intersection,No fue interseccion,Sobre el lado de la calle,Ninguna,Dia total,Despejado,No,NO APLICA,6,31,6,32,1,13/05/2022,2
4,Arizona,40375,0,0,2,0,13,MARICOPA (13),370,PHOENIX,5,Mayo,13,2022,9,4,S 16TH ST,6,Calle Local Municipalidad,Urbano,Arteria Menor,City or Municipal Highway Agency,0,Sin jurisdiccion especial,139,33.420175,-112.0476556,Vehiculo en movimiento,Angulo,Four-Way Intersection,Interseccion de 4 direcciones,Sobre calle,Ninguna,Dia total,Despejado,No,NO APLICA,9,99,9,99,1,13/05/2022,2
4,Arizona,40376,0,0,1,0,13,MARICOPA (13),322,MORRISTOWN,5,Mayo,13,2022,14,13,US-60,2,US Highway,Rural,Arteria Principal,State Highway Agency,1,Sin jurisdiccion especial,235,33.88703889,-112.6629944,Volcadura,El primer evento no fue una colision con un vehiculo automotor en transporte,Not an Intersection,No fue interseccion,No reportado,Ninguna,Dia total,Despejado,No,NO APLICA,14,13,14,15,1,13/05/2022,5
4,Arizona,40377,0,0,1,0,7,GILA (7),377,PINE,5,Mayo,13,2022,15,0,SR-87,3,Highway estatal,Rural,Arteria Menor,State Highway Agency,0,Sin jurisdiccion especial,156,77.7777,777.7777,Volcadura,El primer evento no fue una colision con un vehiculo automotor en transporte,Not an Intersection,No fue interseccion,Sobre calle,Ninguna,Dia total,Despejado,No,NO APLICA,14,53,15,3,1,13/05/2022,1
4,Arizona,40378,0,0,2,0,21,PINAL (21),180,FLORENCE,5,Mayo,13,2022,20,27,SR-79 PINAL PARKWAY AVE,3,Highway estatal,Urbano,Arteria Menor,State Highway Agency,0,Sin jurisdiccion especial,21,33.02993611,-111.3792056,Vehiculo en movimiento,Angulo,Not an Intersection,No fue interseccion,Sobre calle,Ninguna,Dia total,Despejado,No,NO APLICA,20,28,20,32,1,13/05/2022,2
4,Arizona,40379,0,0,1,0,17,NAVAJO (17),262,PINETOP-LAKESIDE,5,Mayo,13,2022,21,50,SHERWOOD DR,8,Otro,Urbano,Local,Not Reported,0,Sin jurisdiccion especial,99998,34.18411667,-110.0106972,Culvert,El primer evento no fue una colision con un vehiculo automotor en transporte,T-Intersection,Interseccion de T,Sobre el lado de la calle,Ninguna,Oscuro sin iluminacion,Despejado,No,NO APLICA,21,45,21,55,1,13/05/2022,1
4,Arizona,40380,0,0,1,0,5,COCONINO (5),0,NO APLICA,5,Mayo,14,2022,2,57,SR-264,3,Highway estatal,Rural,Arteria Menor,State Highway Agency,0,Reservacion India,109,36.01982222,-111.1190417,Volcadura,El primer evento no fue una colision con un vehiculo automotor en transporte,Not an Intersection,No fue interseccion,Sobre el lado de la calle,Ninguna,Oscuro sin iluminacion,Despejado,No,NO APLICA,2,57,3,51,2,14/05/2022,5
4,Arizona,40381,1,1,1,0,13,MARICOPA (13),290,MESA,5,Mayo,14,2022,15,17,S LINDSAY RD,6,Calle Local Municipalidad,Urbano,Arteria Menor,City or Municipal Highway Agency,0,Sin jurisdiccion especial,140,33.40808889,-111.7711083,Ciclista,El primer evento no fue una colision con un vehiculo automotor en transporte,Four-Way Intersection,Interseccion de 4 direcciones,Sobre calle,Ninguna,Dia total,Despejado,No,NO APLICA,15,17,15,20,1,14/05/2022,2
4,Arizona,40382,0,0,4,0,13,MARICOPA (13),420,SCOTTSDALE,5,Mayo,15,2022,22,2,SR-101,3,Highway estatal,Urbano,Arterial Principal -Freeway o ExpressWay,State Highway Agency,1,Sin jurisdiccion especial,99998,33.53407222,-111.8833833,Vehiculo en movimiento,Frente a Detrás,Not an Intersection,No fue interseccion,Sobre calle,Ninguna,Oscuro con iluminacion,Despejado,No,NO APLICA,22,3,22,11,1,15/05/2022,4
4,Arizona,40383,0,0,2,0,25,YAVAPAI (25),105,CONGRESS,5,Mayo,17,2022,1,1,US-93,2,US Highway,Rural,Arteria Principal,State Highway Agency,1,Sin jurisdiccion especial,1745,34.20185556,-113.0622694,Vehiculo en movimiento,Angulo,Not an Intersection,No fue interseccion,Sobre calle,Ninguna,Oscuro sin iluminacion,Despejado,No,NO APLICA,1,10,1,40,1,17/05/2022,2
4,Arizona,40384,0,0,3,0,13,MARICOPA (13),0,NO APLICA,5,Mayo,17,2022,20,37,SUN VALLEY PKWY,8,Otro,Rural,Arteria Menor,County Highway Agency,0,Sin jurisdiccion especial,99998,33.64423056,-112.4934417,Vehiculo en movimiento,Frente a frente,Not an Intersection,No fue interseccion,Sobre calle,Ninguna,Oscuro sin iluminacion,Despejado,No,NO APLICA,20,37,20,50,2,17/05/2022,4
4,Arizona,40386,0,0,1,0,25,YAVAPAI (25),0,NO APLICA,5,Mayo,18,2022,6,5,I-40,1,Interestatal,Rural,Interestatal,State Highway Agency,1,Sin jurisdiccion especial,1396,35.22901667,-112.5839583,Volcadura,El primer evento no fue una colision con un vehiculo automotor en transporte,Not an Intersection,No fue interseccion,Sobre calle,Ninguna,Amanecer,Despejado,No,NO APLICA,6,5,6,30,1,18/05/2022,1
4,Arizona,40387,0,0,2,0,13,MARICOPA (13),80,CHANDLER,5,Mayo,18,2022,14,40,WEST WARNER ROAD,5,Calle Local - Pueblo,Urbano,Arteria Menor,City or Municipal Highway Agency,0,Sin jurisdiccion especial,76,33.335175,-111.8537528,Vehiculo en movimiento,Angulo,Four-Way Intersection,Interseccion de 4 direcciones,Sobre calle,Ninguna,Dia total,Despejado,No,NO APLICA,14,40,14,43,1,18/05/2022,3
4,Arizona,40388,0,0,1,0,15,MOHAVE (15),260,KINGMAN,5,Mayo,18,2022,16,29,I-40,1,Interestatal,Rural,Interestatal,State Highway Agency,1,Sin jurisdiccion especial,817,35.169325,-113.5247222,Volcadura,El primer evento no fue una colision con un vehiculo automotor en transporte,Not an Intersection,No fue interseccion,En el medio,Ninguna,Dia total,Despejado,No,NO APLICA,16,30,16,57,1,18/05/2022,1
4,Arizona,40389,0,0,2,0,15,MOHAVE (15),0,NO APLICA,5,Mayo,18,2022,17,11,SR-66,3,Highway estatal,Rural,Colector Mayor,State Highway Agency,0,Sin jurisdiccion especial,385,35.48459167,-113.5639444,Vehiculo en movimiento,Angulo,Not an Intersection,No fue interseccion,Sobre calle,Ninguna,Dia total,Despejado,No,NO APLICA,17,11,17,20,1,18/05/2022,2
4,Arizona,40390,0,0,1,0,13,MARICOPA (13),370,PHOENIX,5,Mayo,19,2022,10,24,E BETHANY HOME RD,6,Calle Local Municipalidad,Urbano,Arteria Menor,City or Municipal Highway Agency,0,Sin jurisdiccion especial,535,33.52386389,-112.0636972,Muro,El primer evento no fue una colision con un vehiculo automotor en transporte,Not an Intersection,No fue interseccion,Sobre el lado de la calle,Ninguna,Dia total,Despejado,No,NO APLICA,99,99,99,99,2,19/05/2022,2
4,Arizona,40391,0,0,2,0,13,MARICOPA (13),290,MESA,5,Mayo,19,2022,12,19,S SIGNAL BUTTE RD,6,Calle Local Municipalidad,Urbano,Arteria Menor,City or Municipal Highway Agency,0,Sin jurisdiccion especial,111,33.36726111,-111.6012528,Vehiculo en movimiento,Angulo,Not an Intersection,No fue interseccion,Sobre calle,Ninguna,Dia total,Despejado,No,NO APLICA,12,19,12,24,1,19/05/2022,2
4,Arizona,40392,0,0,2,0,13,MARICOPA (13),370,PHOENIX,5,Mayo,20,2022,4,2,I-17,1,Interestatal,Urbano,Interestatal,State Highway Agency,1,Sin jurisdiccion especial,222,33.68631667,-112.1123472,Vehiculo en movimiento,Frente a Detrás,Not an Intersection,No fue interseccion,Sobre calle,Ninguna,Oscuro con iluminacion,Despejado,No,NO APLICA,4,4,4,10,1,20/05/2022,1
4,Arizona,40393,0,0,1,0,15,MOHAVE (15),572,WIKIEUP,5,Mayo,20,2022,22,38,US-93,2,US Highway,Rural,Arteria Principal,State Highway Agency,1,Sin jurisdiccion especial,1379,34.57116667,-113.4800083,Valla Ferrocarril,El primer evento no fue una colision con un vehiculo automotor en transporte,Not an Intersection,No fue interseccion,Sobre el lado de la calle,Ninguna,Oscuro sin iluminacion,Despejado,No,NO APLICA,22,45,23,30,1,20/05/2022,1
4,Arizona,40394,1,1,1,0,13,MARICOPA (13),60,BUCKEYE,5,Mayo,21,2022,6,8,JACKRABBIT TRAIL,8,Otro,Urbano,Colector Mayor,County Highway Agency,0,Sin jurisdiccion especial,74,33.36082222,-112.4833417,Ciclista,El primer evento no fue una colision con un vehiculo automotor en transporte,Not an Intersection,No fue interseccion,Sobre calle,Ninguna,Dia total,Despejado,No,NO APLICA,99,99,99,99,1,21/05/2022,1
4,Arizona,40395,0,0,1,0,17,NAVAJO (17),0,NO APLICA,5,Mayo,21,2022,14,11,SR-260,3,Highway estatal,Rural,Arteria Principal,State Highway Agency,1,Sin jurisdiccion especial,1159,34.38235556,-110.6713083,Arbol,El primer evento no fue una colision con un vehiculo automotor en transporte,Not an Intersection,No fue interseccion,Sobre el lado de la calle,Ninguna,Dia total,Despejado,No,NO APLICA,14,11,14,54,2,21/05/2022,3
4,Arizona,40396,0,0,2,0,3,COCHISE (3),0,NO APLICA,5,Mayo,21,2022,16,30,I-10,1,Interestatal,Rural,Interestatal,State Highway Agency,1,Sin jurisdiccion especial,3797,32.27230278,-109.2512333,Vehiculo en movimiento,Frente a Detrás,Not an Intersection,No fue interseccion,Sobre Acotamiento,Ninguna,Dia total,Despejado,No,NO APLICA,16,32,16,45,2,21/05/2022,3
4,Arizona,40397,1,1,1,0,13,MARICOPA (13),30,AVONDALE,5,Mayo,21,2022,19,5,W CHASE CT,5,Calle Local - Pueblo,Urbano,Local,City or Municipal Highway Agency,0,Sin jurisdiccion especial,0,33.42765278,-112.2929861,Peaton,El primer evento no fue una colision con un vehiculo automotor en transporte,L-Intersection,Interseccion en L,Sobre calle,Ninguna,Atardecer,Despejado,No,NO APLICA,19,6,19,9,1,21/05/2022,1
4,Arizona,40399,1,1,1,0,13,MARICOPA (13),370,PHOENIX,5,Mayo,21,2022,21,53,N 31ST AVE,6,Calle Local Municipalidad,Urbano,Colector Mayor,City or Municipal Highway Agency,0,Sin jurisdiccion especial,71,33.45139167,-112.1261694,Peaton,El primer evento no fue una colision con un vehiculo automotor en transporte,Four-Way Intersection,Interseccion de 4 direcciones,Sobre calle,Ninguna,Oscuro con iluminacion,Despejado,No,NO APLICA,99,99,99,99,1,21/05/2022,1
4,Arizona,40401,0,0,1,0,25,YAVAPAI (25),299,MAYER,5,Mayo,22,2022,16,45,COPPER RD,9,Desconocido,Rural,Local,Not Reported,0,Sin jurisdiccion especial,0,34.43642778,-112.2007472,Volcadura,El primer evento no fue una colision con un vehiculo automotor en transporte,Not an Intersection,No fue interseccion,Sobre el lado de la calle,Ninguna,Dia total,Despejado,No,NO APLICA,16,45,17,9,1,22/05/2022,1
4,Arizona,40402,2,2,4,0,13,MARICOPA (13),370,PHOENIX,5,Mayo,23,2022,4,6,I-17,1,Interestatal,Urbano,Interestatal,State Highway Agency,1,Sin jurisdiccion especial,106,33.60811111,-112.1165722,Vehiculo en movimiento,No reportado,Not an Intersection,No fue interseccion,Sobre calle,"Zona de trabajo, tipo desconocido",Oscuro sin iluminacion,Despejado,No,NO APLICA,4,16,4,23,1,23/05/2022,10
4,Arizona,40406,1,1,1,0,13,MARICOPA (13),290,MESA,5,Mayo,24,2022,21,45,E MAIN ST,5,Calle Local - Pueblo,Urbano,Arteria Menor,State Highway Agency,0,Sin jurisdiccion especial,10,33.41538056,-111.6283417,Peaton,El primer evento no fue una colision con un vehiculo automotor en transporte,Not an Intersection,No fue interseccion,Sobre calle,Ninguna,Oscuro sin iluminacion,Despejado,No,NO APLICA,21,45,21,50,1,24/05/2022,1
4,Arizona,40407,1,1,1,0,13,MARICOPA (13),370,PHOENIX,5,Mayo,25,2022,15,1,NONE,8,Otro,Trafficway Not in State Inventory,Via no en inventario estatal,Trafficway Not in State Inventory,0,Sin jurisdiccion especial,0,33.49598056,-112.1169444,Ciclista,El primer evento no fue una colision con un vehiculo automotor en transporte,Not an Intersection,No fue interseccion,Sobre calle,Ninguna,Dia total,Despejado,No,NO APLICA,99,99,99,99,1,25/05/2022,1
4,Arizona,40408,0,0,1,0,13,MARICOPA (13),370,PHOENIX,5,Mayo,27,2022,20,29,N METRO PKWY,5,Calle Local - Pueblo,Urbano,Colector Mayor,City or Municipal Highway Agency,0,Sin jurisdiccion especial,7,33.57151944,-112.12265,Banqueta,El primer evento no fue una colision con un vehiculo automotor en transporte,Not an Intersection,No fue interseccion,Sobre el lado de la calle,Ninguna,Oscuro con iluminacion,Despejado,No,NO APLICA,99,99,99,99,1,27/05/2022,1
4,Arizona,40409,0,0,3,0,25,YAVAPAI (25),65,CAMP VERDE,5,Mayo,28,2022,1,8,I-17,1,Interestatal,Rural,Interestatal,State Highway Agency,1,Sin jurisdiccion especial,1076,34.72142222,-111.7216417,Acotamiento,El primer evento no fue una colision con un vehiculo automotor en transporte,Not an Intersection,No fue interseccion,En el medio,Ninguna,Oscuro sin iluminacion,Despejado,No,NO APLICA,1,11,1,29,1,28/05/2022,4
4,Arizona,40410,0,0,2,0,13,MARICOPA (13),190,GILBERT,5,Mayo,28,2022,23,13,W RAY RD,5,Calle Local - Pueblo,Urbano,Arteria Menor,City or Municipal Highway Agency,0,Sin jurisdiccion especial,575,33.32095278,-111.7983972,Vehiculo en movimiento,Angulo,T-Intersection,Interseccion de T,Sobre calle,Ninguna,Oscuro con iluminacion,Despejado,No,NO APLICA,23,13,23,20,1,28/05/2022,2