Estado,Nombre de Estado,Numero de Caso,Peatones,Personas _no_vehiculos,Vehiculos automotores,Vehiculos estacionados,Condado,Nombre Condado,Ciudad,Nombre Ciudad,Mes,Nombre Mes,Dia,Año,Hora,Minuto,Calle,Ruta,Nombre Ruta,Rural o Urbanoo,Sistema Funcional,Dueño Calle,Sistema Nacional Carreteras,Jurisdiccion Especial,Milla,Latitud,Longitud,Causa del Accidente,Tipo de Accidente,Tipo Interseccion,Columna1,Lugar en la calle,Zona de Trabajo,Luz,Clima,Autobus Escolar,Cruce de Trenes,Hora Notificacion,Minuto Notificacion,Hora Llegada,Minuto Llegada,Decesos,Fecha,PersonaVehiculo
4,Arizona,40411,0,0,2,0,19,PIMA (19),530,TUCSON,5,Mayo,29,2022,22,2,LA CANADA DR,5,Calle Local - Pueblo,Urbano,Arteria Menor,County Highway Agency,0,Sin jurisdiccion especial,314,32.29745278,-110.9952694,Vehiculo en movimiento,Angulo,Four-Way Intersection,Interseccion de 4 direcciones,Sobre calle,Ninguna,Oscuro con iluminacion,Despejado,No,NO APLICA,22,2,22,9,1,29/05/2022,2
4,Arizona,40412,1,1,1,0,19,PIMA (19),219,GREEN VALLEY,5,Mayo,30,2022,22,3,S CAMINO DEL SOL,9,Desconocido,Urbano,Colector Mayor,County Highway Agency,0,Sin jurisdiccion especial,31,31.827425,-111.0123861,Peaton,El primer evento no fue una colision con un vehiculo automotor en transporte,T-Intersection,Interseccion de T,Sobre calle,Ninguna,Oscuro con iluminacion,Despejado,No,NO APLICA,22,4,22,6,1,30/05/2022,1
4,Arizona,40413,0,0,2,0,13,MARICOPA (13),80,CHANDLER,5,Mayo,31,2022,15,44,CHANDLER BLVD,5,Calle Local - Pueblo,Urbano,Arteria Menor,State Highway Agency,0,Sin jurisdiccion especial,136,33.30577778,-111.8949528,Vehiculo en movimiento,Angulo,Four-Way Intersection,Interseccion de 4 direcciones,Sobre calle,Ninguna,Dia total,No reportado,No,NO APLICA,15,44,15,48,1,31/05/2022,2
4,Arizona,40414,0,0,2,0,13,MARICOPA (13),370,PHOENIX,5,Mayo,31,2022,16,18,N 35TH AVENUE,5,Calle Local - Pueblo,Urbano,Arteria Principal,City or Municipal Highway Agency,0,Sin jurisdiccion especial,112,33.50494167,-112.1343167,Vehiculo en movimiento,Golpe Lateral - misma direccion,T-Intersection,Interseccion de T,Sobre calle,Ninguna,Dia total,Despejado,No,NO APLICA,99,99,99,99,1,31/05/2022,5
4,Arizona,40416,0,0,1,0,13,MARICOPA (13),60,BUCKEYE,3,Marzo,8,2022,14,10,W SALOME HWY,8,Otro,Rural,Colector Menor,County Highway Agency,0,Sin jurisdiccion especial,0,33.45568056,-112.9346583,Volcadura,El primer evento no fue una colision con un vehiculo automotor en transporte,Not an Intersection,No fue interseccion,Sobre el lado de la calle,Ninguna,Dia total,Despejado,No,NO APLICA,12,32,12,42,1,08/03/2022,1
4,Arizona,40417,0,0,1,0,13,MARICOPA (13),0,NO APLICA,3,Marzo,11,2022,13,12,SR-88,3,Highway estatal,Rural,Colector Mayor,County Highway Agency,0,Sin jurisdiccion especial,105,33.502075,-111.4616083,Volcadura,El primer evento no fue una colision con un vehiculo automotor en transporte,Not an Intersection,No fue interseccion,Sobre el lado de la calle,Ninguna,Dia total,Despejado,No,NO APLICA,13,11,13,30,1,11/03/2022,1
4,Arizona,40418,0,0,2,0,13,MARICOPA (13),370,PHOENIX,3,Marzo,13,2022,21,30,E INDIAN SCHOOL RD,6,Calle Local Municipalidad,Urbano,Arteria Principal,City or Municipal Highway Agency,1,Sin jurisdiccion especial,0,33.49511944,-112.0043,Vehiculo en movimiento,Angulo,Four-Way Intersection,Interseccion de 4 direcciones,Sobre calle,Ninguna,Oscuro con iluminacion,Despejado,No,NO APLICA,99,99,99,99,1,13/03/2022,4
4,Arizona,40419,0,0,1,0,13,MARICOPA (13),368,PEORIA,3,Marzo,14,2022,15,4,N 75TH AVE,6,Calle Local Municipalidad,Urbano,Arteria Menor,City or Municipal Highway Agency,0,Sin jurisdiccion especial,0,33.63261111,-112.2199222,Valla Ferrocarril,El primer evento no fue una colision con un vehiculo automotor en transporte,Not an Intersection,No fue interseccion,Sobre el lado de la calle,Ninguna,Dia total,Despejado,No,NO APLICA,99,99,99,99,1,14/03/2022,1
4,Arizona,40420,1,1,1,0,13,MARICOPA (13),370,PHOENIX,3,Marzo,16,2022,20,46,E BELL RD,6,Calle Local Municipalidad,Urbano,Arteria Principal,City or Municipal Highway Agency,1,Sin jurisdiccion especial,0,33.64047222,-112.0194917,Peaton,El primer evento no fue una colision con un vehiculo automotor en transporte,Not an Intersection,No fue interseccion,Sobre calle,Ninguna,Oscuro con iluminacion,Despejado,No,NO APLICA,99,99,99,99,1,16/03/2022,1
4,Arizona,40421,1,1,1,0,13,MARICOPA (13),370,PHOENIX,3,Marzo,17,2022,23,17,E THOMAS RD,6,Calle Local Municipalidad,Urbano,Arteria Menor,City or Municipal Highway Agency,0,Sin jurisdiccion especial,0,33.48053889,-112.0043472,Peaton,El primer evento no fue una colision con un vehiculo automotor en transporte,Four-Way Intersection,Interseccion de 4 direcciones,Sobre calle,Ninguna,Oscuro con iluminacion,Despejado,No,NO APLICA,99,99,99,99,1,17/03/2022,1
4,Arizona,40422,0,0,2,0,13,MARICOPA (13),370,PHOENIX,3,Marzo,18,2022,9,49,W WARNER RD,6,Calle Local Municipalidad,Urbano,Arteria Menor,City or Municipal Highway Agency,0,Sin jurisdiccion especial,0,33.33517222,-111.8703667,Vehiculo en movimiento,Angulo,T-Intersection,Interseccion de T,Sobre calle,Ninguna,Dia total,Despejado,No,NO APLICA,9,52,9,53,1,18/03/2022,2
4,Arizona,40423,0,0,2,0,13,MARICOPA (13),370,PHOENIX,3,Marzo,18,2022,16,27,W BASELINE RD,6,Calle Local Municipalidad,Urbano,Arteria Principal,City or Municipal Highway Agency,1,Sin jurisdiccion especial,0,33.37753889,-112.1584917,Vehiculo en movimiento,Frente a frente,Not an Intersection,No fue interseccion,Sobre calle,Ninguna,Oscuro con iluminacion,Despejado,No,NO APLICA,99,99,99,99,1,18/03/2022,4
4,Arizona,40424,0,0,1,0,21,PINAL (21),70,CASA GRANDE,3,Marzo,19,2022,17,26,I-8,1,Interestatal,Rural,Interestatal,State Highway Agency,1,Sin jurisdiccion especial,1757,32.83239722,-111.7297583,Arbol,El primer evento no fue una colision con un vehiculo automotor en transporte,Not an Intersection,No fue interseccion,En el medio,Ninguna,Dia total,Nublado,No,NO APLICA,17,27,17,37,1,19/03/2022,1
4,Arizona,40425,0,0,2,0,13,MARICOPA (13),510,TOLLESON,3,Marzo,19,2022,6,3,MC-85,6,Calle Local Municipalidad,Urbano,Arteria Menor,County Highway Agency,0,Sin jurisdiccion especial,0,33.43645278,-112.2468694,Vehiculo en movimiento,Angulo,T-Intersection,Interseccion de T,Sobre calle,Ninguna,Oscuro con iluminacion,Despejado,No,NO APLICA,4,57,5,10,1,19/03/2022,2
4,Arizona,40426,1,1,1,0,13,MARICOPA (13),490,TEMPE,3,Marzo,22,2022,3,59,US-60 RAMP C1,2,US Highway,Urbano,Arterial Principal -Freeway o ExpressWay,State Highway Agency,1,Sin jurisdiccion especial,1405,33.38692222,-111.9586833,Peaton,El primer evento no fue una colision con un vehiculo automotor en transporte,Not an Intersection,No fue interseccion,Sobre calle,Ninguna,Oscuro sin iluminacion,Despejado,No,NO APLICA,4,2,4,14,1,22/03/2022,1
4,Arizona,40428,1,1,1,0,13,MARICOPA (13),370,PHOENIX,3,Marzo,27,2022,5,21,W VAN BUREN ST,6,Calle Local Municipalidad,Urbano,Arteria Menor,City or Municipal Highway Agency,0,Sin jurisdiccion especial,0,33.45143333,-112.1331667,Peaton,El primer evento no fue una colision con un vehiculo automotor en transporte,Not an Intersection,No fue interseccion,Sobre calle,Ninguna,Oscuro con iluminacion,Despejado,No,NO APLICA,99,99,99,99,1,27/03/2022,1
4,Arizona,40429,0,0,2,0,13,MARICOPA (13),290,MESA,3,Marzo,30,2022,17,37,E APACHE TRL,9,Desconocido,Urbano,Arteria Menor,County Highway Agency,0,Sin jurisdiccion especial,0,33.41513611,-111.6547583,Vehiculo en movimiento,Angulo,Not an Intersection,No fue interseccion,Sobre calle,Ninguna,Dia total,Despejado,No,NO APLICA,17,38,17,51,1,30/03/2022,2
4,Arizona,40430,1,1,2,0,13,MARICOPA (13),370,PHOENIX,4,Abril,5,2022,1,19,N 43RD AVE,6,Calle Local Municipalidad,Urbano,Arteria Menor,City or Municipal Highway Agency,0,Sin jurisdiccion especial,0,33.53511667,-112.1515611,Peaton,El primer evento no fue una colision con un vehiculo automotor en transporte,Not an Intersection,No fue interseccion,Sobre calle,Ninguna,Oscuro con iluminacion,Despejado,No,NO APLICA,99,99,99,99,1,05/04/2022,2
4,Arizona,40431,0,0,2,0,13,MARICOPA (13),370,PHOENIX,6,Junio,1,2022,4,10,W NORTHERN AVE,6,Calle Local Municipalidad,Urbano,Arteria Principal,City or Municipal Highway Agency,0,Sin jurisdiccion especial,0,33.55316944,-112.1264694,Vehiculo en movimiento,Frente a frente,Not an Intersection,No fue interseccion,Sobre calle,Ninguna,Oscuro con iluminacion,Despejado,No,NO APLICA,99,99,99,99,1,01/06/2022,2
4,Arizona,40432,1,1,1,0,19,PIMA (19),295,MARANA,6,Junio,1,2022,6,28,N COACHLINE BLVD,5,Calle Local - Pueblo,Urbano,Colector Mayor,Town or Township Highway Agency,0,Sin jurisdiccion especial,0,32.3863,-111.1283278,Peaton,El primer evento no fue una colision con un vehiculo automotor en transporte,Not an Intersection,No fue interseccion,Sobre calle,Ninguna,Dia total,Despejado,No,NO APLICA,6,33,6,41,1,01/06/2022,1
4,Arizona,40433,0,0,2,0,13,MARICOPA (13),200,GLENDALE,6,Junio,1,2022,10,31,N 79TH AVE,6,Calle Local Municipalidad,Urbano,Colector Mayor,City or Municipal Highway Agency,0,Sin jurisdiccion especial,0,33.64141389,-112.2311583,Vehiculo en movimiento,Angulo,Four-Way Intersection,Interseccion de 4 direcciones,Sobre calle,Ninguna,Dia total,Despejado,No,NO APLICA,10,32,10,38,1,01/06/2022,2
4,Arizona,40434,0,0,1,0,25,YAVAPAI (25),53,BLACK CANYON CITY,6,Junio,1,2022,14,38,I-17,1,Interestatal,Rural,Interestatal,State Highway Agency,1,Sin jurisdiccion especial,500,34.09081944,-112.1436778,Volcadura,El primer evento no fue una colision con un vehiculo automotor en transporte,Not an Intersection,No fue interseccion,Sobre el lado de la calle,Ninguna,Dia total,Despejado,No,NO APLICA,14,39,14,51,1,01/06/2022,1
4,Arizona,40435,0,0,2,0,13,MARICOPA (13),370,PHOENIX,6,Junio,1,2022,16,52,W LOWER BUCKEYE RD,6,Calle Local Municipalidad,Urbano,Arteria Menor,City or Municipal Highway Agency,0,Sin jurisdiccion especial,0,33.42111389,-112.2557639,Vehiculo en movimiento,Angulo,Four-Way Intersection,Interseccion de 4 direcciones,Sobre calle,Ninguna,Dia total,Despejado,No,NO APLICA,99,99,99,99,1,01/06/2022,3
4,Arizona,40436,0,0,1,0,13,MARICOPA (13),220,GOODYEAR,6,Junio,3,2022,2,58,S COTTON LN,6,Calle Local Municipalidad,Urbano,Arteria Principal,City or Municipal Highway Agency,1,Sin jurisdiccion especial,0,33.43659722,-112.4270694,Volcadura,El primer evento no fue una colision con un vehiculo automotor en transporte,Not an Intersection,No fue interseccion,Sobre calle,Ninguna,Oscuro con iluminacion,Despejado,No,NO APLICA,2,59,3,7,1,03/06/2022,3
4,Arizona,40437,0,0,2,0,19,PIMA (19),530,TUCSON,6,Junio,3,2022,4,12,N CRAYCROFT RD,6,Calle Local Municipalidad,Urbano,Arteria Principal,County Highway Agency,0,Sin jurisdiccion especial,0,32.28605556,-110.875525,Vehiculo en movimiento,Frente a Detrás,Not an Intersection,No fue interseccion,Sobre calle,Ninguna,Oscuro sin iluminacion,Despejado,No,NO APLICA,4,12,4,20,1,03/06/2022,2
4,Arizona,40438,0,0,2,0,25,YAVAPAI (25),0,NO APLICA,6,Junio,3,2022,12,52,US-93,2,US Highway,Rural,Arteria Principal,County Highway Agency,1,Sin jurisdiccion especial,1971,34.01153611,-112.7889639,Vehiculo en movimiento,Frente a frente,Not an Intersection,No fue interseccion,Sobre calle,Ninguna,Dia total,Nublado,No,NO APLICA,12,54,13,2,1,03/06/2022,5
4,Arizona,40439,0,0,2,0,13,MARICOPA (13),60,BUCKEYE,6,Junio,4,2022,11,52,SR-85,3,Highway estatal,Rural,Arteria Principal,State Highway Agency,1,Sin jurisdiccion especial,286,33.35314444,-112.6248889,Vehiculo en movimiento,Golpe Lateral - misma direccion,Not an Intersection,No fue interseccion,Sobre calle,Ninguna,Dia total,Nublado,No,NO APLICA,11,54,12,5,1,04/06/2022,3
4,Arizona,40440,0,0,1,0,5,COCONINO (5),0,NO APLICA,6,Junio,4,2022,16,15,SR-98,3,Highway estatal,Rural,Arteria Menor,State Highway Agency,0,Sin jurisdiccion especial,563,36.56644444,-110.7589861,Arbusto,El primer evento no fue una colision con un vehiculo automotor en transporte,Not an Intersection,No fue interseccion,Sobre el lado de la calle,Ninguna,Dia total,Despejado,No,NO APLICA,16,15,16,25,1,04/06/2022,1
4,Arizona,40441,1,1,1,0,13,MARICOPA (13),420,SCOTTSDALE,6,Junio,4,2022,22,45,N SCOTTSDALE RD,6,Calle Local Municipalidad,Urbano,Arteria Principal,City or Municipal Highway Agency,1,Sin jurisdiccion especial,0,33.47683333,-111.9261056,Peaton,El primer evento no fue una colision con un vehiculo automotor en transporte,T-Intersection,Interseccion de T,Sobre calle,Ninguna,Oscuro con iluminacion,Despejado,No,NO APLICA,22,46,22,51,1,04/06/2022,5
4,Arizona,40442,0,0,1,0,15,MOHAVE (15),0,NO APLICA,6,Junio,4,2022,23,36,E CALLE LUCERO,8,Otro,Rural,Local,Not Reported,0,Sin jurisdiccion especial,0,35.398975,-113.9931028,Arbol,El primer evento no fue una colision con un vehiculo automotor en transporte,Not an Intersection,No fue interseccion,Sobre el lado de la calle,Ninguna,Oscuro sin iluminacion,Despejado,No,NO APLICA,23,39,0,9,1,04/06/2022,1
4,Arizona,40443,2,2,2,0,13,MARICOPA (13),370,PHOENIX,6,Junio,5,2022,6,4,W MCDOWELL RD,6,Calle Local Municipalidad,Urbano,Arteria Menor,City or Municipal Highway Agency,0,Sin jurisdiccion especial,0,33.46591111,-112.1918194,Peaton,El primer evento no fue una colision con un vehiculo automotor en transporte,Not an Intersection,No fue interseccion,Sobre calle,Ninguna,Dia total,Despejado,No,NO APLICA,99,99,99,99,1,05/06/2022,1
4,Arizona,40444,1,1,1,0,13,MARICOPA (13),370,PHOENIX,6,Junio,7,2022,3,36,N 51ST AVE,6,Calle Local Municipalidad,Urbano,Arteria Principal,City or Municipal Highway Agency,1,Sin jurisdiccion especial,0,33.50714722,-112.168725,Peaton,El primer evento no fue una colision con un vehiculo automotor en transporte,T-Intersection,Interseccion de T,Sobre calle,Ninguna,Oscuro con iluminacion,Despejado,No,NO APLICA,99,99,99,99,1,07/06/2022,1
4,Arizona,40445,1,1,1,0,19,PIMA (19),295,MARANA,6,Junio,7,2022,7,28,W TWIN PEAKS RD,5,Calle Local - Pueblo,Rural,Colector Mayor,Town or Township Highway Agency,0,Sin jurisdiccion especial,0,32.38079167,-111.2085278,Ciclista,El primer evento no fue una colision con un vehiculo automotor en transporte,Not an Intersection,No fue interseccion,Sobre calle,Ninguna,Dia total,Despejado,No,NO APLICA,7,29,7,45,1,07/06/2022,1
4,Arizona,40446,0,0,1,0,13,MARICOPA (13),370,PHOENIX,6,Junio,10,2022,22,31,N 7TH ST,6,Calle Local Municipalidad,Urbano,Arteria Principal,City or Municipal Highway Agency,1,Sin jurisdiccion especial,0,33.59920278,-112.0654167,Banqueta,El primer evento no fue una colision con un vehiculo automotor en transporte,Not an Intersection,No fue interseccion,Sobre el lado de la calle,Ninguna,Oscuro con iluminacion,Despejado,No,NO APLICA,99,99,99,99,1,10/06/2022,1
4,Arizona,40447,0,0,2,0,13,MARICOPA (13),370,PHOENIX,6,Junio,11,2022,10,58,SR-101,3,Highway estatal,Urbano,Arterial Principal -Freeway o ExpressWay,State Highway Agency,1,Sin jurisdiccion especial,247,33.66906667,-112.0661333,Vehiculo en movimiento,Frente a Detrás,Not an Intersection,No fue interseccion,Sobre calle,Ninguna,Dia total,Despejado,No,NO APLICA,11,2,11,7,2,11/06/2022,3
4,Arizona,40448,0,0,2,0,19,PIMA (19),530,TUCSON,6,Junio,11,2022,13,17,I-10,1,Interestatal,Urbano,Interestatal,State Highway Agency,1,Sin jurisdiccion especial,2622,32.17749444,-110.9452722,Vehiculo en movimiento,Golpe Lateral - misma direccion,Not an Intersection,No fue interseccion,Sobre calle,Ninguna,Dia total,Despejado,No,NO APLICA,13,17,13,25,1,11/06/2022,3
4,Arizona,40449,0,0,2,0,13,MARICOPA (13),370,PHOENIX,6,Junio,11,2022,23,52,SR-51,3,Highway estatal,Urbano,Arterial Principal -Freeway o ExpressWay,State Highway Agency,1,Sin jurisdiccion especial,66,33.55390278,-112.0379889,Vehiculo en movimiento,Frente a frente,Not an Intersection,No fue interseccion,Sobre calle,Ninguna,Oscuro con iluminacion,Despejado,No,NO APLICA,23,56,0,5,1,11/06/2022,2
4,Arizona,40450,0,0,2,0,5,COCONINO (5),170,FLAGSTAFF,6,Junio,12,2022,1,6,I-40,1,Interestatal,Urbano,Interestatal,State Highway Agency,1,Sin jurisdiccion especial,1977,35.18941389,-111.6265778,Vehiculo en movimiento,Angulo,Not an Intersection,No fue interseccion,Sobre calle,Construccion,Oscuro con iluminacion,Despejado,No,NO APLICA,1,6,1,6,1,12/06/2022,3
4,Arizona,40451,0,0,1,0,19,PIMA (19),530,TUCSON,6,Junio,12,2022,13,45,I-10,1,Interestatal,Urbano,Interestatal,State Highway Agency,1,Sin jurisdiccion especial,2542,32.26464167,-111.0066222,Barrera de Trafico de Concreto,El primer evento no fue una colision con un vehiculo automotor en transporte,Not an Intersection,No fue interseccion,En el medio,Ninguna,Dia total,Despejado,No,NO APLICA,13,45,13,50,1,12/06/2022,1
4,Arizona,40452,0,0,2,0,13,MARICOPA (13),370,PHOENIX,6,Junio,12,2022,23,15,I-10,1,Interestatal,Urbano,Interestatal,State Highway Agency,1,Sin jurisdiccion especial,1450,33.46220556,-112.0589972,Vehiculo en movimiento,Frente a frente,Not an Intersection,No fue interseccion,Sobre calle,Ninguna,Oscuro con iluminacion,Despejado,No,NO APLICA,23,21,23,31,1,12/06/2022,2
4,Arizona,40453,0,0,3,0,13,MARICOPA (13),370,PHOENIX,6,Junio,13,2022,11,16,W NORTHERN AVE,6,Calle Local Municipalidad,Urbano,Arteria Principal,City or Municipal Highway Agency,0,Sin jurisdiccion especial,0,33.55315278,-112.1515389,Vehiculo en movimiento,Angulo,Four-Way Intersection,Interseccion de 4 direcciones,Sobre calle,Ninguna,Dia total,Despejado,No,NO APLICA,99,99,99,99,2,13/06/2022,4
4,Arizona,40455,0,0,1,0,13,MARICOPA (13),370,PHOENIX,6,Junio,14,2022,12,54,SR-51,3,Highway estatal,Urbano,Arterial Principal -Freeway o ExpressWay,State Highway Agency,1,Sin jurisdiccion especial,147,33.63613889,-112.0040083,Volcadura,El primer evento no fue una colision con un vehiculo automotor en transporte,Not an Intersection,No fue interseccion,Sobre el lado de la calle,Ninguna,Dia total,Despejado,No,NO APLICA,12,54,12,54,1,14/06/2022,1
4,Arizona,40456,1,1,1,0,13,MARICOPA (13),290,MESA,6,Junio,14,2022,21,0,S POWER RD,6,Calle Local Municipalidad,Urbano,Arteria Principal,City or Municipal Highway Agency,1,Sin jurisdiccion especial,0,33.38075,-111.6877306,Peaton,El primer evento no fue una colision con un vehiculo automotor en transporte,Not an Intersection,No fue interseccion,Sobre calle,Ninguna,Oscuro con iluminacion,Despejado,No,NO APLICA,21,0,99,99,1,14/06/2022,2
4,Arizona,40457,0,0,2,0,13,MARICOPA (13),322,MORRISTOWN,6,Junio,15,2022,17,55,US-60,2,US Highway,Rural,Arteria Principal,State Highway Agency,1,Sin jurisdiccion especial,893,33.86367778,-112.6332278,Vehiculo en movimiento,Angulo,Four-Way Intersection,Interseccion de 4 direcciones,Sobre calle,Ninguna,Dia total,Despejado,No,NO APLICA,17,56,18,0,1,15/06/2022,3
4,Arizona,40459,0,0,1,0,21,PINAL (21),0,NO APLICA,6,Junio,16,2022,20,8,I-10,1,Interestatal,Rural,Interestatal,State Highway Agency,1,Sin jurisdiccion especial,1772,33.10356389,-111.8309333,Volcadura,El primer evento no fue una colision con un vehiculo automotor en transporte,Not an Intersection,No fue interseccion,En el medio,Ninguna,Oscuro sin iluminacion,Despejado,No,NO APLICA,20,8,20,20,1,16/06/2022,1
4,Arizona,40460,0,0,2,0,23,SANTA CRUZ (23),0,NO APLICA,6,Junio,17,2022,16,49,I-19,1,Interestatal,Rural,Interestatal,State Highway Agency,1,Sin jurisdiccion especial,208,31.59349444,-111.0533972,Vehiculo en movimiento,Golpe Lateral - misma direccion,Not an Intersection,No fue interseccion,Sobre calle,Ninguna,Dia total,Nublado,No,NO APLICA,16,49,17,0,1,17/06/2022,2
4,Arizona,40461,0,0,2,1,3,COCHISE (3),580,WILLCOX,6,Junio,17,2022,19,11,MALEY STREET,6,Calle Local Municipalidad,Rural,Colector Mayor,City or Municipal Highway Agency,0,Sin jurisdiccion especial,5,32.25251389,-109.8322139,Banqueta,El primer evento no fue una colision con un vehiculo automotor en transporte,Four-Way Intersection,Interseccion de 4 direcciones,Sobre el lado de la calle,Ninguna,Dia total,Nublado,No,NO APLICA,19,8,19,12,1,17/06/2022,1
4,Arizona,40462,0,0,3,0,13,MARICOPA (13),370,PHOENIX,6,Junio,17,2022,20,50,W THUNDERBIRD RD,8,Otro,Urbano,Arteria Principal,City or Municipal Highway Agency,0,Sin jurisdiccion especial,116,33.61076111,-112.140975,Vehiculo en movimiento,Angulo,T-Intersection,Interseccion de T,Sobre calle,Ninguna,Oscuro con iluminacion,Despejado,No,NO APLICA,99,99,99,99,1,17/06/2022,3
4,Arizona,40463,0,0,2,0,19,PIMA (19),530,TUCSON,6,Junio,18,2022,9,52,SWAN ROAD,8,Otro,Urbano,Arteria Menor,County Highway Agency,0,Sin jurisdiccion especial,58,32.30614167,-110.8924389,Vehiculo en movimiento,Angulo,T-Intersection,Interseccion de T,Sobre calle,Ninguna,Dia total,Despejado,No,NO APLICA,9,52,9,56,1,18/06/2022,2
4,Arizona,40464,0,1,2,1,21,PINAL (21),160,ELOY,6,Junio,18,2022,14,47,I-10,1,Interestatal,Urbano,Interestatal,State Highway Agency,1,Sin jurisdiccion especial,2094,32.73309167,-111.5443417,Vehiculo Aparcado,El primer evento no fue una colision con un vehiculo automotor en transporte,Not an Intersection,No fue interseccion,Sobre Acotamiento,Ninguna,Dia total,lluvia,No,NO APLICA,14,49,14,49,1,18/06/2022,2
4,Arizona,40465,0,0,1,0,13,MARICOPA (13),60,BUCKEYE,6,Junio,18,2022,17,35,WINTERSBURG RD,8,Otro,Rural,Colector Mayor,County Highway Agency,0,Sin jurisdiccion especial,97,33.48628889,-112.867625,Volcadura,El primer evento no fue una colision con un vehiculo automotor en transporte,Not an Intersection,No fue interseccion,Sobre el lado de la calle,Ninguna,Dia total,Nublado,No,NO APLICA,17,35,17,51,1,18/06/2022,1
4,Arizona,40467,0,0,1,0,19,PIMA (19),530,TUCSON,6,Junio,23,2022,0,4,I-10,1,Interestatal,Urbano,Interestatal,State Highway Agency,1,Sin jurisdiccion especial,2624,32.18013056,-110.9496111,Volcadura,El primer evento no fue una colision con un vehiculo automotor en transporte,Not an Intersection,No fue interseccion,En el medio,Ninguna,Oscuro con iluminacion,Despejado,No,NO APLICA,0,4,0,19,1,23/06/2022,1
4,Arizona,40468,0,0,1,0,5,COCONINO (5),0,NO APLICA,6,Junio,23,2022,12,38,I-40,1,Interestatal,Rural,Interestatal,State Highway Agency,1,Sin jurisdiccion especial,2203,35.15546944,-111.2563778,Barda,El primer evento no fue una colision con un vehiculo automotor en transporte,Not an Intersection,No fue interseccion,Sobre el lado de la calle,Ninguna,Dia total,Nublado,No,NO APLICA,12,51,13,17,1,23/06/2022,1
4,Arizona,40469,0,0,1,0,13,MARICOPA (13),220,GOODYEAR,6,Junio,24,2022,3,6,SR-101 RAMP,3,Highway estatal,Urbano,Interestatal,State Highway Agency,1,Sin jurisdiccion especial,1,33.46195833,-112.2681139,Volcadura,El primer evento no fue una colision con un vehiculo automotor en transporte,Not an Intersection,No fue interseccion,Sobre calle,Ninguna,Oscuro con iluminacion,Nublado,No,NO APLICA,3,7,3,17,2,24/06/2022,3
4,Arizona,40470,0,0,2,0,1,APACHE (1),9997,Other,6,Junio,24,2022,5,52,I-40,1,Interestatal,Rural,Interestatal,State Highway Agency,1,Sin jurisdiccion especial,3140,35.07911944,-109.7260361,Vehiculo en movimiento,Golpe Lateral - misma direccion,Not an Intersection,No fue interseccion,Sobre calle,Ninguna,Dia total,Despejado,No,NO APLICA,5,58,6,40,1,24/06/2022,9
4,Arizona,40471,0,0,1,0,13,MARICOPA (13),290,MESA,6,Junio,25,2022,2,18,E UNIVERSITY DR,8,Otro,Urbano,Arteria Menor,City or Municipal Highway Agency,0,Sin jurisdiccion especial,203,33.4223,-111.664475,Hidrante,El primer evento no fue una colision con un vehiculo automotor en transporte,Not an Intersection,No fue interseccion,Sobre el lado de la calle,Ninguna,Oscuro con iluminacion,Despejado,No,NO APLICA,99,98,99,98,1,25/06/2022,1
4,Arizona,40472,0,0,2,0,19,PIMA (19),530,TUCSON,6,Junio,25,2022,14,8,S HARRISON RD,8,Otro,Urbano,Arteria Menor,City or Municipal Highway Agency,0,Sin jurisdiccion especial,163,32.17005,-110.789725,Vehiculo en movimiento,Angulo,T-Intersection,Interseccion de T,Sobre calle,Ninguna,Dia total,Despejado,No,NO APLICA,14,8,14,9,1,25/06/2022,2
4,Arizona,40473,0,0,2,0,25,YAVAPAI (25),362,PAULDEN,6,Junio,25,2022,16,26,SR-89,3,Highway estatal,Rural,Arteria Menor,State Highway Agency,0,Sin jurisdiccion especial,868,34.99631389,-112.389675,Vehiculo en movimiento,Frente a frente,Not an Intersection,No fue interseccion,Sobre calle,Ninguna,Dia total,Nublado,No,NO APLICA,16,27,16,48,1,25/06/2022,4
4,Arizona,40474,0,0,2,0,13,MARICOPA (13),486,SURPRISE,6,Junio,25,2022,23,56,US-60,2,US Highway,Rural,Arteria Principal,State Highway Agency,1,Sin jurisdiccion especial,1030,33.72789444,-112.4648194,Vehiculo en movimiento,Frente a frente,Not an Intersection,No fue interseccion,Sobre calle,Ninguna,Oscuro sin iluminacion,Nublado,No,NO APLICA,0,2,0,10,1,25/06/2022,5
4,Arizona,40475,0,0,1,0,5,COCONINO (5),0,NO APLICA,6,Junio,26,2022,14,2,I-40,1,Interestatal,Rural,Interestatal,State Highway Agency,1,Sin jurisdiccion especial,1556,35.21954722,-112.3069472,Valla Ferrocarril,El primer evento no fue una colision con un vehiculo automotor en transporte,Not an Intersection,No fue interseccion,Sobre el lado de la calle,Ninguna,Dia total,lluvia,No,NO APLICA,14,23,14,52,1,26/06/2022,4
4,Arizona,40476,0,0,1,0,13,MARICOPA (13),0,NO APLICA,6,Junio,26,2022,17,4,SR-87,3,Highway estatal,Rural,Arteria Principal,State Highway Agency,1,Sin jurisdiccion especial,1038,33.88079722,-111.454675,Valla Ferrocarril,El primer evento no fue una colision con un vehiculo automotor en transporte,Not an Intersection,No fue interseccion,Sobre el lado de la calle,Ninguna,Dia total,Nublado,No,NO APLICA,17,8,17,40,2,26/06/2022,7
4,Arizona,40477,0,0,1,0,13,MARICOPA (13),370,PHOENIX,6,Junio,26,2022,20,59,43RD AVENUE,8,Otro,Urbano,Arteria Menor,County Highway Agency,0,Sin jurisdiccion especial,42,33.3692,-112.1521083,Volcadura,El primer evento no fue una colision con un vehiculo automotor en transporte,Not an Intersection,No fue interseccion,Sobre el lado de la calle,Ninguna,Oscuro con iluminacion,Nublado,No,NO APLICA,21,0,21,5,1,26/06/2022,5