Estado,Nombre de Estado,Numero de Caso,Peatones,Personas _no_vehiculos,Vehiculos automotores,Vehiculos estacionados,Condado,Nombre Condado,Ciudad,Nombre Ciudad,Mes,Nombre Mes,Dia,Año,Hora,Minuto,Calle,Ruta,Nombre Ruta,Rural o Urbanoo,Sistema Funcional,Dueño Calle,Sistema Nacional Carreteras,Jurisdiccion Especial,Milla,Latitud,Longitud,Causa del Accidente,Tipo de Accidente,Tipo Interseccion,Columna1,Lugar en la calle,Zona de Trabajo,Luz,Clima,Autobus Escolar,Cruce de Trenes,Hora Notificacion,Minuto Notificacion,Hora Llegada,Minuto Llegada,Decesos,Fecha,PersonaVehiculo
4,Arizona,40478,0,0,1,0,9,GRAHAM (9),0,NO APLICA,6,Junio,27,2022,0,31,US-191,2,US Highway,Rural,Arteria Menor,State Highway Agency,0,Sin jurisdiccion especial,1126,32.71234167,-109.7078972,Poste,El primer evento no fue una colision con un vehiculo automotor en transporte,Not an Intersection,No fue interseccion,Sobre el lado de la calle,Ninguna,Oscuro sin iluminacion,lluvia,No,NO APLICA,0,34,0,53,1,27/06/2022,1
4,Arizona,40479,0,0,1,0,13,MARICOPA (13),30,AVONDALE,3,Marzo,27,2022,1,3,DYSART RD,8,Otro,Urbano,Colector Mayor,County Highway Agency,0,Sin jurisdiccion especial,20,33.39170278,-112.3405333,Poste de Señal de trafico,El primer evento no fue una colision con un vehiculo automotor en transporte,T-Intersection,Interseccion de T,Sobre el lado de la calle,Ninguna,Oscuro sin iluminacion,Despejado,No,NO APLICA,1,4,1,20,1,27/03/2022,2
4,Arizona,40480,1,1,1,0,5,COCONINO (5),170,FLAGSTAFF,6,Junio,27,2022,19,4,TOWNSEND WINONA RD,8,Otro,Rural,Arteria Menor,County Highway Agency,0,Sin jurisdiccion especial,62,35.2315,-111.4657333,Peaton,El primer evento no fue una colision con un vehiculo automotor en transporte,T-Intersection,Interseccion de T,Sobre calle,Ninguna,Atardecer,Despejado,No,NO APLICA,19,4,19,12,1,27/06/2022,1
4,Arizona,40481,1,1,1,0,13,MARICOPA (13),370,PHOENIX,6,Junio,28,2022,10,12,E SWEETWATER AVE,6,Calle Local Municipalidad,Urbano,Colector Mayor,City or Municipal Highway Agency,0,Sin jurisdiccion especial,237,33.60413889,-112.0365722,Peaton,El primer evento no fue una colision con un vehiculo automotor en transporte,Four-Way Intersection,Interseccion de 4 direcciones,Sobre calle,Ninguna,Dia total,Despejado,No,NO APLICA,10,13,10,20,1,28/06/2022,1
4,Arizona,40482,0,0,1,0,25,YAVAPAI (25),616,YARNELL,6,Junio,28,2022,19,34,SR-89,3,Highway estatal,Rural,Arteria Menor,State Highway Agency,0,Sin jurisdiccion especial,180,34.20909722,-112.75525,Volcadura,El primer evento no fue una colision con un vehiculo automotor en transporte,Not an Intersection,No fue interseccion,Sobre el lado de la calle,Ninguna,Oscuro sin iluminacion,Despejado,No,NO APLICA,19,36,19,54,1,28/06/2022,1
4,Arizona,40483,0,0,2,0,13,MARICOPA (13),370,PHOENIX,6,Junio,28,2022,23,57,I-10,1,Interestatal,Urbano,Interestatal,State Highway Agency,1,Sin jurisdiccion especial,1493,33.43015833,-112.0379472,Valla Ferrocarril,El primer evento no fue una colision con un vehiculo automotor en transporte,Not an Intersection,No fue interseccion,Sobre el lado de la calle,Ninguna,Oscuro con iluminacion,Despejado,No,NO APLICA,23,59,0,7,1,28/06/2022,2
4,Arizona,40484,0,0,2,0,13,MARICOPA (13),290,MESA,6,Junio,29,2022,12,12,E BASELINE RD,8,Otro,Urbano,Arteria Menor,City or Municipal Highway Agency,0,Sin jurisdiccion especial,832,33.37893056,-111.7906667,Vehiculo en movimiento,Angulo,Four-Way Intersection,Interseccion de 4 direcciones,Sobre calle,Ninguna,Dia total,Despejado,No,NO APLICA,12,12,12,20,1,29/06/2022,2
4,Arizona,40485,0,0,1,0,21,PINAL (21),22,APACHE JUNCTION,6,Junio,29,2022,13,56,EAST SCENIC STREET,8,Otro,Urbano,Local,City or Municipal Highway Agency,0,Sin jurisdiccion especial,8,33.41873611,-111.529575,Volcadura,El primer evento no fue una colision con un vehiculo automotor en transporte,Not an Intersection,No fue interseccion,Sobre calle,Ninguna,Dia total,Despejado,No,NO APLICA,13,57,14,3,1,29/06/2022,1
4,Arizona,40486,0,0,2,0,13,MARICOPA (13),200,GLENDALE,6,Junio,29,2022,21,8,W BELL ROAD,8,Otro,Urbano,Arteria Principal,City or Municipal Highway Agency,0,Sin jurisdiccion especial,267,33.638025,-112.2290556,Vehiculo en movimiento,Angulo,Four-Way Intersection,Interseccion de 4 direcciones,Sobre calle,Ninguna,Oscuro con iluminacion,Nublado,No,NO APLICA,21,9,21,14,1,29/06/2022,2
4,Arizona,40488,0,0,2,0,5,COCONINO (5),170,FLAGSTAFF,6,Junio,30,2022,20,35,I-40,1,Interestatal,Urbano,Interestatal,State Highway Agency,1,Sin jurisdiccion especial,1990,35.20128611,-111.6086083,Vehiculo en movimiento,Frente a Detrás,Not an Intersection,No fue interseccion,Sobre calle,Construccion,Oscuro sin iluminacion,Nublado,No,NO APLICA,20,35,20,40,1,30/06/2022,3
4,Arizona,40489,0,0,2,0,17,NAVAJO (17),429,SHOW LOW,7,Julio,1,2022,10,1,US-60,2,US Highway,Urbano,Arteria Principal,State Highway Agency,1,Sin jurisdiccion especial,3036,34.24232778,-110.0569278,Vehiculo en movimiento,Angulo,T-Intersection,Interseccion de T,Sobre calle,Ninguna,Dia total,Despejado,No,NO APLICA,10,1,10,5,1,01/07/2022,3
4,Arizona,40490,0,0,2,0,25,YAVAPAI (25),65,CAMP VERDE,7,Julio,1,2022,10,17,SR-260,3,Highway estatal,Urbano,Arteria Menor,State Highway Agency,0,Sin jurisdiccion especial,199,34.53021944,-111.7852139,Vehiculo en movimiento,Frente a frente,Not an Intersection,No fue interseccion,Sobre calle,Ninguna,Dia total,Despejado,No,NO APLICA,10,17,10,26,1,01/07/2022,2
4,Arizona,40491,0,0,1,0,11,GREENLEE (11),0,NO APLICA,7,Julio,1,2022,12,2,US-191,2,US Highway,Rural,Colector Mayor,State Highway Agency,0,Sin jurisdiccion especial,1814,33.17363056,-109.3689694,Zanja,El primer evento no fue una colision con un vehiculo automotor en transporte,Not an Intersection,No fue interseccion,Sobre el lado de la calle,Ninguna,Dia total,Nublado,No,NO APLICA,12,6,12,45,1,01/07/2022,1
4,Arizona,40492,0,0,1,0,13,MARICOPA (13),220,GOODYEAR,7,Julio,2,2022,2,54,I-10 RAMP,1,Interestatal,Urbano,Interestatal,State Highway Agency,1,Sin jurisdiccion especial,1220,33.46165278,-112.4582417,Poste,El primer evento no fue una colision con un vehiculo automotor en transporte,Not an Intersection,No fue interseccion,Sobre el lado de la calle,Ninguna,Oscuro con iluminacion,Despejado,No,NO APLICA,2,55,3,3,1,02/07/2022,1
4,Arizona,40493,0,0,1,0,5,COCONINO (5),336,PAGE,7,Julio,2,2022,23,34,NAVAJO DR,6,Calle Local Municipalidad,Urbano,Colector Mayor,City or Municipal Highway Agency,0,Sin jurisdiccion especial,0,36.92236944,-111.4571306,Banqueta,El primer evento no fue una colision con un vehiculo automotor en transporte,Not an Intersection,No fue interseccion,Sobre el lado de la calle,Ninguna,Oscuro sin iluminacion,Despejado,No,NO APLICA,99,99,99,99,1,02/07/2022,1
4,Arizona,40494,0,0,2,0,21,PINAL (21),180,FLORENCE,7,Julio,3,2022,8,24,N HUNT HWY,5,Calle Local - Pueblo,Rural,Arteria Menor,Town or Township Highway Agency,0,Sin jurisdiccion especial,0,33.077925,-111.4875528,Vehiculo en movimiento,Frente a frente,Not an Intersection,No fue interseccion,Sobre calle,Ninguna,Dia total,Despejado,No,NO APLICA,8,7,8,12,1,03/07/2022,3
4,Arizona,40495,0,0,2,0,17,NAVAJO (17),429,SHOW LOW,7,Julio,3,2022,10,54,US-60,2,US Highway,Urbano,Arteria Principal,State Highway Agency,1,Sin jurisdiccion especial,3056,34.25257222,-110.0380833,Vehiculo en movimiento,Angulo,Not an Intersection,No fue interseccion,Sobre calle,Ninguna,Dia total,Despejado,No,NO APLICA,10,54,10,57,1,03/07/2022,3
4,Arizona,40496,0,0,2,0,1,APACHE (1),495,TEEC NOS POS,7,Julio,3,2022,12,25,US-160,2,US Highway,Rural,Arteria Principal,State Highway Agency,1,Sin jurisdiccion especial,1515,36.93589722,-109.1250417,Vehiculo en movimiento,Frente a frente,Not an Intersection,No fue interseccion,Sobre calle,Ninguna,Dia total,Nublado,No,NO APLICA,12,32,12,47,2,03/07/2022,7
4,Arizona,40497,0,0,2,0,19,PIMA (19),0,NO APLICA,7,Julio,4,2022,9,26,SR-85,3,Highway estatal,Rural,Arteria Menor,State Highway Agency,0,Sin jurisdiccion especial,725,31.97278611,-112.8060778,Otro objeto (no fijo),El primer evento no fue una colision con un vehiculo automotor en transporte,Not an Intersection,No fue interseccion,Sobre el lado de la calle,Ninguna,Dia total,Despejado,No,NO APLICA,9,26,9,43,1,04/07/2022,4
4,Arizona,40499,0,0,2,0,25,YAVAPAI (25),0,NO APLICA,7,Julio,5,2022,11,56,CORDES LAKES RD OVERPASS BRDG,6,Calle Local Municipalidad,Rural,Colector Mayor,State Highway Agency,0,Sin jurisdiccion especial,0,34.32909444,-112.1210139,Vehiculo en movimiento,Golpe Lateral - misma direccion,Not an Intersection,No fue interseccion,Sobre calle,Ninguna,Dia total,Despejado,No,NO APLICA,12,1,12,8,1,05/07/2022,3
4,Arizona,40500,0,0,1,0,13,MARICOPA (13),290,MESA,7,Julio,5,2022,20,9,N POWER RD,6,Calle Local Municipalidad,Urbano,Arteria Principal,City or Municipal Highway Agency,1,Sin jurisdiccion especial,0,33.46708611,-111.6839444,Poste,El primer evento no fue una colision con un vehiculo automotor en transporte,Not an Intersection,No fue interseccion,En el medio,Ninguna,Oscuro con iluminacion,Despejado,No,NO APLICA,20,11,20,16,1,05/07/2022,1
4,Arizona,40501,0,0,2,0,13,MARICOPA (13),158,EL MIRAGE,7,Julio,6,2022,18,35,N EL MIRAGE RD,6,Calle Local Municipalidad,Urbano,Arteria Menor,City or Municipal Highway Agency,0,Sin jurisdiccion especial,0,33.57180556,-112.3245028,Vehiculo en movimiento,Frente a frente,Not an Intersection,No fue interseccion,Sobre calle,Ninguna,Dia total,Despejado,No,NO APLICA,18,36,18,46,1,06/07/2022,6
4,Arizona,40502,0,0,1,0,13,MARICOPA (13),0,NO APLICA,7,Julio,7,2022,19,28,SR-87,3,Highway estatal,Rural,Arteria Principal,State Highway Agency,1,Sin jurisdiccion especial,795,33.58680556,-111.6029278,Volcadura,El primer evento no fue una colision con un vehiculo automotor en transporte,Not an Intersection,No fue interseccion,Sobre el lado de la calle,Ninguna,Atardecer,Despejado,No,NO APLICA,19,30,19,43,1,07/07/2022,1
4,Arizona,40503,0,0,1,0,21,PINAL (21),0,NO APLICA,7,Julio,8,2022,12,45,US-60 EXIT 194,2,US Highway,Urbano,Arterial Principal -Freeway o ExpressWay,State Highway Agency,1,Sin jurisdiccion especial,1626,33.38607778,-111.5805833,Valla Ferrocarril,El primer evento no fue una colision con un vehiculo automotor en transporte,T-Intersection,Interseccion de T,Sobre el lado de la calle,Ninguna,Dia total,Despejado,No,NO APLICA,12,45,99,99,1,08/07/2022,1
4,Arizona,40504,1,1,1,0,13,MARICOPA (13),290,MESA,7,Julio,9,2022,22,21,N DOBSON RD,6,Calle Local Municipalidad,Urbano,Arteria Menor,City or Municipal Highway Agency,0,Sin jurisdiccion especial,0,33.41800278,-111.8744083,Peaton,El primer evento no fue una colision con un vehiculo automotor en transporte,Four-Way Intersection,Interseccion de 4 direcciones,Sobre calle,Ninguna,Oscuro con iluminacion,Despejado,No,NO APLICA,22,22,22,36,1,09/07/2022,1
4,Arizona,40505,0,0,2,0,19,PIMA (19),530,TUCSON,7,Julio,9,2022,23,0,E BROADWAY BLVD,6,Calle Local Municipalidad,Urbano,Arteria Principal,City or Municipal Highway Agency,0,Sin jurisdiccion especial,0,32.22166667,-110.9160861,Vehiculo en movimiento,Angulo,Not an Intersection,No fue interseccion,Sobre calle,Ninguna,Oscuro con iluminacion,Despejado,No,NO APLICA,23,0,23,5,1,09/07/2022,2
4,Arizona,40506,0,0,1,0,12,LA PAZ (12),0,NO APLICA,7,Julio,10,2022,6,0,I-10,1,Interestatal,Rural,Interestatal,State Highway Agency,1,Sin jurisdiccion especial,320,33.65879444,-113.9884528,Valla Ferrocarril,El primer evento no fue una colision con un vehiculo automotor en transporte,Not an Intersection,No fue interseccion,Sobre el lado de la calle,Ninguna,Amanecer,Despejado,No,NO APLICA,6,0,6,11,1,10/07/2022,1
4,Arizona,40507,1,1,1,0,13,MARICOPA (13),370,PHOENIX,7,Julio,10,2022,6,13,W BASELINE RD,6,Calle Local Municipalidad,Urbano,Arteria Menor,City or Municipal Highway Agency,0,Sin jurisdiccion especial,0,33.37738889,-112.2205444,Peaton,El primer evento no fue una colision con un vehiculo automotor en transporte,Not an Intersection,No fue interseccion,Sobre calle,Ninguna,Dia total,Despejado,No,NO APLICA,99,99,99,99,1,10/07/2022,2
4,Arizona,40508,0,0,2,0,25,YAVAPAI (25),0,NO APLICA,7,Julio,10,2022,20,37,US-93,2,US Highway,Rural,Arteria Principal,State Highway Agency,1,Sin jurisdiccion especial,1641,34.345825,-113.1597583,Vehiculo en movimiento,Frente a frente,Not an Intersection,No fue interseccion,Sobre calle,Ninguna,Oscuro sin iluminacion,Despejado,No,NO APLICA,20,41,21,15,1,10/07/2022,2
4,Arizona,40509,0,0,2,0,13,MARICOPA (13),368,PEORIA,7,Julio,12,2022,3,9,SR-101,3,Highway estatal,Urbano,Arterial Principal -Freeway o ExpressWay,State Highway Agency,1,Sin jurisdiccion especial,67,33.56051111,-112.2575028,Vehiculo en movimiento,Frente a Detrás,Not an Intersection,No fue interseccion,Sobre calle,Ninguna,Oscuro con iluminacion,Despejado,No,NO APLICA,3,11,3,19,1,12/07/2022,2
4,Arizona,40510,0,0,2,0,25,YAVAPAI (25),65,CAMP VERDE,7,Julio,15,2022,16,22,SR-260,3,Highway estatal,Urbano,Arteria Menor,State Highway Agency,0,Sin jurisdiccion especial,197,34.53015556,-111.7889694,Vehiculo en movimiento,Frente a frente,Not an Intersection,No fue interseccion,Sobre calle,Ninguna,Dia total,Despejado,No,NO APLICA,16,22,16,31,1,15/07/2022,2
4,Arizona,40511,1,1,2,0,13,MARICOPA (13),290,MESA,7,Julio,15,2022,21,14,N DOBSON RD,8,Otro,Urbano,Arteria Menor,City or Municipal Highway Agency,0,Sin jurisdiccion especial,155,33.42199444,-111.8744417,Peaton,El primer evento no fue una colision con un vehiculo automotor en transporte,Four-Way Intersection,Interseccion de 4 direcciones,Sobre calle,Ninguna,Oscuro con iluminacion,Nublado,No,NO APLICA,21,14,21,20,1,15/07/2022,7
4,Arizona,40512,1,1,1,0,13,MARICOPA (13),370,PHOENIX,7,Julio,16,2022,20,40,S 7TH ST,8,Otro,Urbano,Arteria Principal,City or Municipal Highway Agency,0,Sin jurisdiccion especial,72,33.40659722,-112.0646194,Peaton,El primer evento no fue una colision con un vehiculo automotor en transporte,Four-Way Intersection,Interseccion de 4 direcciones,Sobre calle,Ninguna,Oscuro con iluminacion,Despejado,No,NO APLICA,99,99,99,99,1,16/07/2022,1
4,Arizona,40513,0,0,2,0,19,PIMA (19),530,TUCSON,7,Julio,17,2022,0,23,I-19,1,Interestatal,Urbano,Interestatal,State Highway Agency,1,Sin jurisdiccion especial,631,32.19191944,-110.9803944,Vehiculo en movimiento,Frente a frente,Not an Intersection,No fue interseccion,Sobre calle,Ninguna,Oscuro con iluminacion,Despejado,No,NO APLICA,0,26,0,34,2,17/07/2022,3
4,Arizona,40514,0,0,1,0,15,MOHAVE (15),572,WIKIEUP,7,Julio,17,2022,14,15,US-93,2,US Highway,Rural,Arteria Principal,State Highway Agency,1,Sin jurisdiccion especial,1406,34.56566667,-113.4584389,Otro objeto (fijo),El primer evento no fue una colision con un vehiculo automotor en transporte,Not an Intersection,No fue interseccion,Sobre el lado de la calle,Ninguna,Dia total,Despejado,No,NO APLICA,14,20,15,4,1,17/07/2022,2
4,Arizona,40515,0,0,2,0,13,MARICOPA (13),368,PEORIA,7,Julio,18,2022,13,6,OLIVE AVE,8,Otro,Urbano,Arteria Menor,County Highway Agency,0,Sin jurisdiccion especial,398,33.565775,-112.2811306,Vehiculo en movimiento,Angulo,Four-Way Intersection,Interseccion de 4 direcciones,Sobre calle,Ninguna,Dia total,Despejado,No,NO APLICA,13,6,13,9,1,18/07/2022,3
4,Arizona,40516,0,0,2,0,25,YAVAPAI (25),65,CAMP VERDE,7,Julio,18,2022,17,48,SR-260,3,Highway estatal,Urbano,Interestatal,State Highway Agency,1,Sin jurisdiccion especial,124,34.57893611,-111.88475,Vehiculo en movimiento,Angulo,Four-Way Intersection,Interseccion de 4 direcciones,Sobre calle,Ninguna,Dia total,Despejado,No,NO APLICA,17,48,17,48,1,18/07/2022,2
4,Arizona,40517,1,1,1,0,13,MARICOPA (13),618,YOUNGTOWN,7,Julio,19,2022,9,49,PEORIA AVE,6,Calle Local Municipalidad,Urbano,Colector Mayor,City or Municipal Highway Agency,0,Sin jurisdiccion especial,365,33.58008889,-112.3022333,Peaton,El primer evento no fue una colision con un vehiculo automotor en transporte,Not an Intersection,No fue interseccion,Sobre calle,Ninguna,Dia total,Nublado,No,NO APLICA,9,49,9,55,1,19/07/2022,0
4,Arizona,40518,0,0,1,0,13,MARICOPA (13),200,GLENDALE,7,Julio,20,2022,0,0,N 75TH AVE,6,Calle Local Municipalidad,Urbano,Arteria Menor,City or Municipal Highway Agency,0,Sin jurisdiccion especial,402,33.64753056,-112.2203333,Banqueta,El primer evento no fue una colision con un vehiculo automotor en transporte,Not an Intersection,No fue interseccion,En el medio,Ninguna,Oscuro con iluminacion,Despejado,No,NO APLICA,0,37,0,41,1,20/07/2022,1
4,Arizona,40519,0,0,3,0,13,MARICOPA (13),290,MESA,7,Julio,20,2022,5,36,US-60 RAMP,2,US Highway,Urbano,Arterial Principal -Freeway o ExpressWay,State Highway Agency,1,Sin jurisdiccion especial,1,33.38562778,-111.8057639,Vehiculo en movimiento,Frente a Detrás,Four-Way Intersection,Interseccion de 4 direcciones,Sobre calle,Ninguna,Amanecer,Nublado,No,NO APLICA,5,36,5,56,1,20/07/2022,4
4,Arizona,40521,1,1,1,0,19,PIMA (19),335,ORO VALLEY,7,Julio,21,2022,1,43,SR-989,3,Highway estatal,Urbano,Arteria Principal,State Highway Agency,0,Sin jurisdiccion especial,10,32.42618611,-110.9527639,Peaton,El primer evento no fue una colision con un vehiculo automotor en transporte,Not an Intersection,No fue interseccion,Sobre calle,Ninguna,Oscuro sin iluminacion,Nublado,No,NO APLICA,1,43,1,50,1,21/07/2022,1
4,Arizona,40522,1,1,1,0,19,PIMA (19),0,NO APLICA,7,Julio,21,2022,4,26,BOPP RD,9,Desconocido,Urbano,Colector Menor,Not Reported,0,Sin jurisdiccion especial,2,32.17559167,-111.1879306,Peaton,El primer evento no fue una colision con un vehiculo automotor en transporte,Four-Way Intersection,Interseccion de 4 direcciones,Sobre calle,Ninguna,Dia total,Despejado,No,NO APLICA,4,26,4,44,1,21/07/2022,1
4,Arizona,40523,0,0,1,0,13,MARICOPA (13),0,NO APLICA,7,Julio,21,2022,21,57,I-17,1,Interestatal,Urbano,Interestatal,State Highway Agency,1,Sin jurisdiccion especial,350,33.87120556,-112.1465139,Volcadura,El primer evento no fue una colision con un vehiculo automotor en transporte,Not an Intersection,No fue interseccion,Sobre el lado de la calle,Ninguna,Oscuro sin iluminacion,Despejado,No,NO APLICA,21,57,22,11,1,21/07/2022,1
4,Arizona,40524,0,0,2,0,13,MARICOPA (13),290,MESA,7,Julio,21,2022,22,9,W RIO SALADO PKWY,8,Otro,Urbano,Arteria Menor,City or Municipal Highway Agency,0,Sin jurisdiccion especial,1,33.42938333,-111.88025,Vehiculo en movimiento,Angulo,Four-Way Intersection,Interseccion de 4 direcciones,Sobre calle,Ninguna,Oscuro con iluminacion,Nublado,No,NO APLICA,22,9,22,15,1,21/07/2022,2
4,Arizona,40525,0,0,2,0,13,MARICOPA (13),370,PHOENIX,7,Julio,22,2022,1,51,N 43RD AVE,8,Otro,Urbano,Arteria Menor,City or Municipal Highway Agency,0,Sin jurisdiccion especial,208,33.61066944,-112.1511278,Vehiculo en movimiento,Angulo,Four-Way Intersection,Interseccion de 4 direcciones,Sobre calle,Ninguna,Oscuro con iluminacion,Despejado,No,NO APLICA,99,99,99,99,4,22/07/2022,9
4,Arizona,40526,0,0,2,0,19,PIMA (19),530,TUCSON,7,Julio,22,2022,9,40,FLOWING WELLS RD,8,Otro,Urbano,Arteria Menor,City or Municipal Highway Agency,0,Sin jurisdiccion especial,17,32.27213611,-110.995,Vehiculo en movimiento,Frente a frente,Four-Way Intersection,Interseccion de 4 direcciones,Sobre calle,Ninguna,Dia total,Despejado,No,NO APLICA,7,15,8,17,1,22/07/2022,3
4,Arizona,40527,0,0,1,0,19,PIMA (19),530,TUCSON,7,Julio,23,2022,20,30,N DAVIDSON RD,8,Otro,Rural,Local,Not Reported,0,Sin jurisdiccion especial,0,31.99866944,-110.689275,Poste o otros soportes,El primer evento no fue una colision con un vehiculo automotor en transporte,T-Intersection,Interseccion de T,Sobre el lado de la calle,Ninguna,Oscuro sin iluminacion,Nublado,No,NO APLICA,20,43,20,50,1,23/07/2022,1
4,Arizona,40529,0,0,1,0,13,MARICOPA (13),60,BUCKEYE,7,Julio,24,2022,9,50,I-10,1,Interestatal,Urbano,Interestatal,State Highway Agency,1,Sin jurisdiccion especial,1160,33.44164444,-112.5665306,Volcadura,El primer evento no fue una colision con un vehiculo automotor en transporte,Not an Intersection,No fue interseccion,Sobre el lado de la calle,Construccion,Dia total,lluvia,No,NO APLICA,9,54,10,0,1,24/07/2022,4
4,Arizona,40530,0,0,3,0,13,MARICOPA (13),420,SCOTTSDALE,7,Julio,24,2022,10,37,SCOTTSDALE RD,6,Calle Local Municipalidad,Urbano,Arteria Principal,City or Municipal Highway Agency,1,Sin jurisdiccion especial,26,33.46750833,-111.9263444,Vehiculo en movimiento,Frente a frente,T-Intersection,Interseccion de T,Sobre calle,Ninguna,Dia total,Despejado,No,NO APLICA,10,39,10,42,1,24/07/2022,3
4,Arizona,40531,0,0,2,0,21,PINAL (21),70,CASA GRANDE,7,Julio,24,2022,16,20,I-10 RAMP,1,Interestatal,Rural,Interestatal,State Highway Agency,1,Sin jurisdiccion especial,1994,32.81637222,-111.6820167,Vehiculo en movimiento,Golpe Lateral - misma direccion,Not an Intersection,No fue interseccion,Sobre calle,Ninguna,Dia total,Despejado,No,NO APLICA,16,26,16,32,1,24/07/2022,3
4,Arizona,40532,0,0,1,0,17,NAVAJO (17),610,WINSLOW,7,Julio,24,2022,18,57,SR-99,3,Highway estatal,Rural,Colector Menor,State Highway Agency,0,Sin jurisdiccion especial,105,34.96777222,-110.6466194,Valla Ferrocarril,El primer evento no fue una colision con un vehiculo automotor en transporte,Not an Intersection,No fue interseccion,Sobre el lado de la calle,Ninguna,Dia total,Nublado,No,NO APLICA,18,57,19,7,1,24/07/2022,1
4,Arizona,40533,1,1,1,0,19,PIMA (19),530,TUCSON,7,Julio,25,2022,0,50,GATES PASS RD,8,Otro,Rural,Colector Mayor,County Highway Agency,0,Sin jurisdiccion especial,5,32.22135,-111.1238639,Poste de Señal de trafico,El primer evento no fue una colision con un vehiculo automotor en transporte,Not an Intersection,No fue interseccion,Sobre el lado de la calle,Ninguna,Oscuro sin iluminacion,Nublado,No,NO APLICA,88,88,88,88,1,25/07/2022,1
4,Arizona,40534,0,0,1,0,13,MARICOPA (13),370,PHOENIX,7,Julio,25,2022,6,9,I-17 EXIT,1,Interestatal,Urbano,Interestatal,State Highway Agency,1,Sin jurisdiccion especial,1,33.46416944,-112.1097417,Valla para choques,El primer evento no fue una colision con un vehiculo automotor en transporte,Not an Intersection,No fue interseccion,Gore?,Ninguna,Dia total,Nublado,No,NO APLICA,6,13,6,25,1,25/07/2022,1
4,Arizona,40535,0,0,2,0,19,PIMA (19),530,TUCSON,7,Julio,26,2022,8,2,SAHUARITA RD,9,Desconocido,Urbano,Arteria Principal,County Highway Agency,0,Sin jurisdiccion especial,113,31.96318611,-110.8025694,Vehiculo en movimiento,Frente a Detrás,T-Intersection,Interseccion de T,Sobre calle,Ninguna,Dia total,Nublado,No,NO APLICA,8,4,8,15,1,26/07/2022,5
4,Arizona,40536,0,0,3,0,5,COCONINO (5),0,NO APLICA,7,Julio,26,2022,14,30,I-40,1,Interestatal,Rural,Interestatal,State Highway Agency,1,Sin jurisdiccion especial,1535,35.21709722,-112.3487778,Volcadura,El primer evento no fue una colision con un vehiculo automotor en transporte,Not an Intersection,No fue interseccion,Sobre calle,Ninguna,Dia total,lluvia,No,NO APLICA,14,32,14,50,3,26/07/2022,6
4,Arizona,40537,0,0,2,0,13,MARICOPA (13),368,PEORIA,7,Julio,26,2022,15,15,N 84TH AVE,9,Desconocido,Urbano,Colector Mayor,City or Municipal Highway Agency,0,Sin jurisdiccion especial,189,33.63610833,-112.2420167,Vehiculo en movimiento,Frente a frente,Not an Intersection,No fue interseccion,Sobre calle,Ninguna,Dia total,Despejado,No,NO APLICA,15,15,15,22,1,26/07/2022,3
4,Arizona,40538,0,0,2,0,13,MARICOPA (13),510,TOLLESON,7,Julio,26,2022,15,51,N 99TH AVE,8,Otro,Urbano,Arteria Menor,State Highway Agency,0,Sin jurisdiccion especial,189,33.46231944,-112.2725278,Vehiculo en movimiento,Angulo,Four-Way Intersection,Interseccion de 4 direcciones,Sobre calle,Ninguna,Dia total,Nublado,No,NO APLICA,15,51,15,54,1,26/07/2022,6
4,Arizona,40539,0,0,2,0,3,COCHISE (3),40,BENSON,7,Julio,28,2022,15,51,SR-90,3,Highway estatal,Rural,Arteria Principal,State Highway Agency,1,Sin jurisdiccion especial,3,31.96176944,-110.3453917,Vehiculo en movimiento,Frente a frente,Four-Way Intersection,Interseccion de 4 direcciones,Sobre calle,Ninguna,Dia total,Nublado,No,NO APLICA,15,51,16,0,1,28/07/2022,5
4,Arizona,40540,0,0,1,0,7,GILA (7),395,ROOSEVELT,7,Julio,30,2022,22,17,FOREST SERVICE RD 396,9,Desconocido,Rural,No reportado,Not Reported,0,Sin jurisdiccion especial,0,33.59966944,-110.9925611,Volcadura,El primer evento no fue una colision con un vehiculo automotor en transporte,Not an Intersection,No fue interseccion,Sobre el lado de la calle,Ninguna,Oscuro sin iluminacion,Despejado,No,NO APLICA,22,17,22,30,1,30/07/2022,4
4,Arizona,40541,0,0,2,0,15,MOHAVE (15),260,KINGMAN,7,Julio,31,2022,1,4,SR-66,3,Highway estatal,Rural,Colector Mayor,State Highway Agency,0,Sin jurisdiccion especial,75,35.30156111,-113.9301417,Vehiculo en movimiento,Frente a frente,Not an Intersection,No fue interseccion,Sobre calle,Ninguna,Oscuro sin iluminacion,Despejado,No,NO APLICA,1,5,1,55,3,31/07/2022,3
4,Arizona,40542,0,0,1,0,13,MARICOPA (13),200,GLENDALE,7,Julio,31,2022,1,28,N 95TH AVE,6,Calle Local Municipalidad,Urbano,Colector Mayor,City or Municipal Highway Agency,0,Sin jurisdiccion especial,0,33.51526944,-112.2638583,Volcadura,El primer evento no fue una colision con un vehiculo automotor en transporte,Not an Intersection,No fue interseccion,Sobre calle,Ninguna,Oscuro con iluminacion,Despejado,No,NO APLICA,1,29,1,36,1,31/07/2022,1
4,Arizona,40543,0,0,4,0,13,MARICOPA (13),200,GLENDALE,7,Julio,31,2022,2,32,N 51ST AVE,6,Calle Local Municipalidad,Urbano,Arteria Principal,City or Municipal Highway Agency,1,Sin jurisdiccion especial,0,33.65458333,-112.1689083,Vehiculo en movimiento,Angulo,Four-Way Intersection,Interseccion de 4 direcciones,Sobre calle,Ninguna,Oscuro con iluminacion,Despejado,No,NO APLICA,99,99,99,99,1,31/07/2022,4
4,Arizona,40544,0,0,1,0,13,MARICOPA (13),290,MESA,7,Julio,31,2022,15,10,N GILBERT RD,6,Calle Local Municipalidad,Urbano,Arteria Menor,City or Municipal Highway Agency,0,Sin jurisdiccion especial,0,33.42611944,-111.7882917,Poste o otros soportes,El primer evento no fue una colision con un vehiculo automotor en transporte,Not an Intersection,No fue interseccion,Sobre el lado de la calle,Ninguna,Dia total,Nublado,No,NO APLICA,15,10,15,15,1,31/07/2022,2