Estado,Nombre de Estado,Numero de Caso,Peatones,Personas _no_vehiculos,Vehiculos automotores,Vehiculos estacionados,Condado,Nombre Condado,Ciudad,Nombre Ciudad,Mes,Nombre Mes,Dia,Año,Hora,Minuto,Calle,Ruta,Nombre Ruta,Rural o Urbanoo,Sistema Funcional,Dueño Calle,Sistema Nacional Carreteras,Jurisdiccion Especial,Milla,Latitud,Longitud,Causa del Accidente,Tipo de Accidente,Tipo Interseccion,Columna1,Lugar en la calle,Zona de Trabajo,Luz,Clima,Autobus Escolar,Cruce de Trenes,Hora Notificacion,Minuto Notificacion,Hora Llegada,Minuto Llegada,Decesos,Fecha,PersonaVehiculo
4,Arizona,40545,0,0,1,0,13,MARICOPA (13),486,SURPRISE,7,Julio,31,2022,15,0,N EL MIRAGE RD,6,Calle Local Municipalidad,Urbano,Arteria Menor,County Highway Agency,0,Sin jurisdiccion especial,0,33.68181944,-112.32355,Volcadura,El primer evento no fue una colision con un vehiculo automotor en transporte,Not an Intersection,No fue interseccion,En el medio,Ninguna,Dia total,Nublado,No,NO APLICA,15,1,15,8,1,31/07/2022,1
4,Arizona,40546,1,1,3,0,1,APACHE (1),79,CHAMBERS,7,Julio,31,2022,20,7,I-40,1,Interestatal,Rural,Interestatal,State Highway Agency,1,Sin jurisdiccion especial,3177,35.09534167,-109.6699,Peaton,El primer evento no fue una colision con un vehiculo automotor en transporte,Not an Intersection,No fue interseccion,Sobre calle,Ninguna,Oscuro sin iluminacion,Nublado,No,NO APLICA,20,7,20,28,1,31/07/2022,4
4,Arizona,40547,1,1,1,0,13,MARICOPA (13),368,PEORIA,4,Abril,9,2022,1,6,W PEORIA AVE,6,Calle Local Municipalidad,Urbano,Arteria Menor,City or Municipal Highway Agency,0,Sin jurisdiccion especial,0,33.5821,-112.1379028,Peaton,El primer evento no fue una colision con un vehiculo automotor en transporte,T-Intersection,Interseccion de T,Sobre calle,Ninguna,Oscuro con iluminacion,Despejado,No,NO APLICA,99,99,99,99,1,09/04/2022,2
4,Arizona,40548,0,0,4,0,13,MARICOPA (13),290,MESA,8,Agosto,1,2022,18,9,US-60,2,US Highway,Urbano,Arterial Principal -Freeway o ExpressWay,State Highway Agency,1,Sin jurisdiccion especial,1466,33.38560833,-111.8646028,Vehiculo en movimiento,Frente a Detrás,Not an Intersection,No fue interseccion,Sobre calle,Ninguna,Dia total,Despejado,No,NO APLICA,18,8,18,14,1,01/08/2022,6
4,Arizona,40549,1,1,1,0,13,MARICOPA (13),290,MESA,8,Agosto,1,2022,20,16,MCKELLIPS RD,6,Calle Local Municipalidad,Urbano,Arteria Menor,City or Municipal Highway Agency,0,Sin jurisdiccion especial,65,33.45153056,-111.8281778,Peaton,El primer evento no fue una colision con un vehiculo automotor en transporte,Not an Intersection,No fue interseccion,Sobre calle,Ninguna,Oscuro con iluminacion,Despejado,No,NO APLICA,20,18,20,20,1,01/08/2022,2
4,Arizona,40550,0,0,2,0,19,PIMA (19),530,TUCSON,8,Agosto,2,2022,15,52,SR-86,3,Highway estatal,Urbano,Arteria Menor,State Highway Agency,0,Sin jurisdiccion especial,1111,32.16459722,-111.0960972,Vehiculo en movimiento,Angulo,T-Intersection,Interseccion de T,Sobre calle,Ninguna,Dia total,Nublado,No,NO APLICA,15,54,16,0,1,02/08/2022,2
4,Arizona,40551,0,0,2,0,13,MARICOPA (13),486,SURPRISE,8,Agosto,3,2022,20,54,SR-303,3,Highway estatal,Urbano,Arterial Principal -Freeway o ExpressWay,State Highway Agency,1,Sin jurisdiccion especial,140,33.646275,-112.4178,Vehiculo en movimiento,Frente a frente,Not an Intersection,No fue interseccion,Sobre calle,Ninguna,Oscuro con iluminacion,Despejado,No,NO APLICA,20,55,21,1,2,03/08/2022,4
4,Arizona,40552,1,1,1,0,5,COCONINO (5),170,FLAGSTAFF,8,Agosto,3,2022,21,29,BUTLER AVE,6,Calle Local Municipalidad,Urbano,Arteria Menor,City or Municipal Highway Agency,0,Sin jurisdiccion especial,15,35.19221667,-111.6253167,Peaton,El primer evento no fue una colision con un vehiculo automotor en transporte,Not an Intersection,No fue interseccion,Sobre calle,Ninguna,Oscuro con iluminacion,Nublado,No,NO APLICA,21,29,21,34,1,03/08/2022,1
4,Arizona,40553,2,2,1,0,21,PINAL (21),0,NO APLICA,8,Agosto,3,2022,23,23,I-10,1,Interestatal,Urbano,Interestatal,State Highway Agency,1,Sin jurisdiccion especial,2105,32.726775,-111.5224778,Peaton,El primer evento no fue una colision con un vehiculo automotor en transporte,Not an Intersection,No fue interseccion,Sobre calle,Construccion,Oscuro sin iluminacion,Nublado,No,NO APLICA,23,9,23,31,1,03/08/2022,1
4,Arizona,40554,0,0,1,0,21,PINAL (21),0,NO APLICA,8,Agosto,4,2022,7,30,I-8,1,Interestatal,Rural,Interestatal,State Highway Agency,1,Sin jurisdiccion especial,1508,32.83457778,-112.1397333,Volcadura,El primer evento no fue una colision con un vehiculo automotor en transporte,Not an Intersection,No fue interseccion,Sobre el lado de la calle,Ninguna,Dia total,Nublado,No,NO APLICA,7,33,8,14,2,04/08/2022,2
4,Arizona,40555,0,0,2,0,5,COCONINO (5),170,FLAGSTAFF,8,Agosto,4,2022,9,41,SR-40B COUNTRY CLUB DR,3,Highway estatal,Urbano,Interestatal,State Highway Agency,1,Sin jurisdiccion especial,98,35.21572222,-111.5815833,Vehiculo en movimiento,Angulo,Four-Way Intersection,Interseccion de 4 direcciones,Sobre calle,Ninguna,Dia total,Nublado,No,NO APLICA,9,41,9,46,1,04/08/2022,2
4,Arizona,40556,0,0,1,0,13,MARICOPA (13),370,PHOENIX,8,Agosto,4,2022,11,53,E BROADWAY RD,6,Calle Local Municipalidad,Urbano,Arteria Menor,City or Municipal Highway Agency,0,Sin jurisdiccion especial,643,33.40828889,-111.7797472,Soporte de  señalamiento de transito,El primer evento no fue una colision con un vehiculo automotor en transporte,Not an Intersection,No fue interseccion,Sobre el lado de la calle,Ninguna,Dia total,Nublado,No,NO APLICA,11,55,11,59,1,04/08/2022,1
4,Arizona,40557,0,0,1,0,19,PIMA (19),530,TUCSON,8,Agosto,4,2022,11,53,I-10,1,Interestatal,Urbano,Interestatal,State Highway Agency,1,Sin jurisdiccion especial,2796,32.02450556,-110.7166722,Volcadura,El primer evento no fue una colision con un vehiculo automotor en transporte,Not an Intersection,No fue interseccion,En el medio,Ninguna,Dia total,Despejado,No,NO APLICA,11,54,12,0,1,04/08/2022,1
4,Arizona,40558,1,1,1,0,13,MARICOPA (13),0,NO APLICA,8,Agosto,5,2022,20,39,S RECKER RD,6,Calle Local Municipalidad,Urbano,Arteria Menor,City or Municipal Highway Agency,0,Sin jurisdiccion especial,73,33.310725,-111.703975,Peaton,El primer evento no fue una colision con un vehiculo automotor en transporte,Four-Way Intersection,Interseccion de 4 direcciones,Sobre calle,Ninguna,Oscuro sin iluminacion,Despejado,No,NO APLICA,20,39,20,39,1,05/08/2022,1
4,Arizona,40559,1,1,1,0,19,PIMA (19),530,TUCSON,8,Agosto,6,2022,5,15,COUNTRY CLUB RD,6,Calle Local Municipalidad,Urbano,Arteria Menor,City or Municipal Highway Agency,0,Sin jurisdiccion especial,0,32.22265,-110.9266194,Peaton,El primer evento no fue una colision con un vehiculo automotor en transporte,Not an Intersection,No fue interseccion,Sobre calle,"Zona de trabajo, tipo desconocido",Oscuro sin iluminacion,Despejado,No,NO APLICA,2,43,2,46,1,06/08/2022,1
4,Arizona,40560,0,0,1,0,13,MARICOPA (13),200,GLENDALE,8,Agosto,6,2022,6,22,SR-101,3,Highway estatal,Urbano,Arterial Principal -Freeway o ExpressWay,State Highway Agency,1,Sin jurisdiccion especial,70,33.54113611,-112.2703389,Poste de Señal de trafico,El primer evento no fue una colision con un vehiculo automotor en transporte,Not an Intersection,No fue interseccion,Gore?,Ninguna,Dia total,Despejado,No,NO APLICA,6,22,6,35,1,06/08/2022,1
4,Arizona,40561,0,0,2,0,5,COCONINO (5),0,NO APLICA,8,Agosto,6,2022,14,26,US-89,2,US Highway,Rural,Arteria Principal,State Highway Agency,1,Sin jurisdiccion especial,400,35.75820278,-111.4678917,Vehiculo en movimiento,Frente a frente,Not an Intersection,No fue interseccion,Sobre calle,Ninguna,Dia total,Despejado,No,NO APLICA,14,27,15,4,3,06/08/2022,6
4,Arizona,40562,0,0,2,0,13,MARICOPA (13),30,AVONDALE,8,Agosto,6,2022,22,50,I-10,1,Interestatal,Urbano,Interestatal,State Highway Agency,1,Sin jurisdiccion especial,1330,33.46155556,-112.2841611,Volcadura,El primer evento no fue una colision con un vehiculo automotor en transporte,Not an Intersection,No fue interseccion,Sobre calle,Ninguna,Oscuro con iluminacion,Despejado,No,NO APLICA,22,54,23,1,1,06/08/2022,2
4,Arizona,40563,1,1,1,0,13,MARICOPA (13),370,PHOENIX,8,Agosto,7,2022,19,52,N CAVE CREEK RD,8,Otro,Urbano,Arteria Principal,City or Municipal Highway Agency,0,Sin jurisdiccion especial,35,33.60999444,-112.0361444,Peaton,El primer evento no fue una colision con un vehiculo automotor en transporte,Not an Intersection,No fue interseccion,Sobre calle,Ninguna,Oscuro con iluminacion,Despejado,No,NO APLICA,99,99,99,99,1,07/08/2022,1
4,Arizona,40566,0,0,2,0,21,PINAL (21),160,ELOY,8,Agosto,8,2022,5,30,SR-84 FRONTIER ST,3,Highway estatal,Urbano,Arteria Menor,City or Municipal Highway Agency,0,Sin jurisdiccion especial,335,32.78652222,-111.6106583,Vehiculo en movimiento,Frente a Detrás,Not an Intersection,No fue interseccion,Sobre calle,Ninguna,Amanecer,Despejado,No,NO APLICA,5,30,5,38,1,08/08/2022,2
4,Arizona,40567,0,0,1,0,23,SANTA CRUZ (23),0,NO APLICA,8,Agosto,9,2022,12,3,SR-82,3,Highway estatal,Rural,Arteria Menor,State Highway Agency,0,Sin jurisdiccion especial,79,31.42748611,-110.8432917,Arbol,El primer evento no fue una colision con un vehiculo automotor en transporte,Not an Intersection,No fue interseccion,Sobre el lado de la calle,Ninguna,Dia total,Despejado,No,NO APLICA,11,45,12,3,2,09/08/2022,2
4,Arizona,40568,1,1,2,0,13,MARICOPA (13),370,PHOENIX,8,Agosto,10,2022,5,40,N 51ST AVE,8,Otro,Urbano,Arteria Principal,City or Municipal Highway Agency,0,Sin jurisdiccion especial,141,33.47432222,-112.1690222,Vehiculo en movimiento,Golpe Lateral - direccion contraria,Not an Intersection,No fue interseccion,Sobre calle,Ninguna,Dia total,Despejado,No,NO APLICA,99,99,99,99,1,10/08/2022,2
4,Arizona,40569,1,1,1,0,13,MARICOPA (13),370,PHOENIX,8,Agosto,10,2022,22,34,EAST OSBORN RD,8,Otro,Urbano,Colector Mayor,City or Municipal Highway Agency,0,Sin jurisdiccion especial,529,33.48753333,-112.0602028,Ciclista,El primer evento no fue una colision con un vehiculo automotor en transporte,Not an Intersection,No fue interseccion,Sobre calle,Ninguna,Oscuro con iluminacion,Despejado,No,NO APLICA,22,36,22,38,1,10/08/2022,1
4,Arizona,40570,0,0,2,0,13,MARICOPA (13),220,GOODYEAR,8,Agosto,11,2022,9,30,YUMA RD,8,Otro,Urbano,Arteria Menor,City or Municipal Highway Agency,0,Sin jurisdiccion especial,196,33.43573889,-112.4239833,Vehiculo en movimiento,Angulo,T-Intersection,Interseccion de T,Sobre calle,Ninguna,Dia total,Reportado como desconocido,No,NO APLICA,9,30,9,35,1,11/08/2022,2
4,Arizona,40571,0,0,1,0,19,PIMA (19),530,TUCSON,8,Agosto,11,2022,4,18,W MILTON RD,9,Desconocido,Rural,Local,Unknown,0,Sin jurisdiccion especial,0,32.14627778,-111.0342944,Piedrotototota,El primer evento no fue una colision con un vehiculo automotor en transporte,Not an Intersection,No fue interseccion,Sobre el lado de la calle,Ninguna,Oscuro sin iluminacion,Nublado,No,NO APLICA,4,19,4,24,1,11/08/2022,1
4,Arizona,40572,0,0,2,0,13,MARICOPA (13),370,PHOENIX,8,Agosto,11,2022,20,30,I-17,1,Interestatal,Urbano,Interestatal,State Highway Agency,1,Sin jurisdiccion especial,199,33.65555,-112.1145806,Vehiculo en movimiento,Angulo,Not an Intersection,No fue interseccion,Sobre calle,Ninguna,Oscuro con iluminacion,Despejado,No,NO APLICA,20,32,20,39,2,11/08/2022,6
4,Arizona,40573,1,1,1,0,5,COCONINO (5),0,NO APLICA,8,Agosto,11,2022,21,49,I-40,1,Interestatal,Rural,Interestatal,State Highway Agency,1,Sin jurisdiccion especial,2125,35.19153333,-111.3816611,Peaton,El primer evento no fue una colision con un vehiculo automotor en transporte,Not an Intersection,No fue interseccion,Sobre calle,Ninguna,Oscuro sin iluminacion,Despejado,No,NO APLICA,21,52,22,5,1,11/08/2022,2
4,Arizona,40574,0,0,1,0,19,PIMA (19),407,SAHUARITA,8,Agosto,12,2022,12,8,ESPARANZA BLVD,8,Otro,Urbano,Arteria Menor,County Highway Agency,0,Sin jurisdiccion especial,0,31.87061667,-110.9891083,Muro,El primer evento no fue una colision con un vehiculo automotor en transporte,Not an Intersection,No fue interseccion,Sobre el lado de la calle,Ninguna,Dia total,Despejado,No,NO APLICA,12,9,12,13,1,12/08/2022,1
4,Arizona,40575,3,3,2,0,7,GILA (7),365,PAYSON,8,Agosto,12,2022,15,40,SR-87,3,Highway estatal,Rural,Arteria Principal,State Highway Agency,1,Sin jurisdiccion especial,1257,34.13387778,-111.3539333,Vehiculo en movimiento,Angulo,Not an Intersection,No fue interseccion,Sobre Acotamiento,Ninguna,Dia total,lluvia,No,NO APLICA,15,43,15,52,1,12/08/2022,2
4,Arizona,40576,1,1,1,0,13,MARICOPA (13),370,PHOENIX,8,Agosto,10,2022,21,44,W CAMELBACK RD,6,Calle Local Municipalidad,Urbano,Arteria Menor,City or Municipal Highway Agency,0,Sin jurisdiccion especial,588,33.50946389,-112.1434056,Ciclista,El primer evento no fue una colision con un vehiculo automotor en transporte,Not an Intersection,No fue interseccion,Sobre calle,Ninguna,Dia total,Despejado,No,NO APLICA,99,99,99,99,1,10/08/2022,1
4,Arizona,40577,0,0,2,0,19,PIMA (19),530,TUCSON,8,Agosto,12,2022,22,18,S NOGALES HWY,8,Otro,Urbano,Arteria Menor,County Highway Agency,0,Sin jurisdiccion especial,269,32.09498611,-110.9596083,Vehiculo en movimiento,Frente a Detrás,Not an Intersection,No fue interseccion,Sobre calle,Ninguna,Oscuro sin iluminacion,Nublado,No,NO APLICA,22,19,23,25,1,12/08/2022,4
4,Arizona,40579,0,0,1,0,13,MARICOPA (13),370,PHOENIX,8,Agosto,13,2022,10,17,W GREENWAY PKWY,8,Otro,Urbano,Arteria Menor,City or Municipal Highway Agency,0,Sin jurisdiccion especial,10,33.63236111,-112.0851333,Muro,El primer evento no fue una colision con un vehiculo automotor en transporte,Not an Intersection,No fue interseccion,Sobre el lado de la calle,Ninguna,Dia total,Despejado,No,NO APLICA,99,99,99,99,1,13/08/2022,1
4,Arizona,40580,0,0,1,0,5,COCONINO (5),170,FLAGSTAFF,8,Agosto,13,2022,14,37,BLACK MESA PUMP STATION RD,9,Desconocido,Rural,Local,Unknown,0,Sin jurisdiccion especial,0,35.75228611,-111.4820444,Volcadura,El primer evento no fue una colision con un vehiculo automotor en transporte,Not an Intersection,No fue interseccion,Sobre el lado de la calle,Ninguna,Dia total,Nublado,No,NO APLICA,14,37,15,9,1,13/08/2022,1
4,Arizona,40582,0,0,2,0,21,PINAL (21),0,NO APLICA,8,Agosto,13,2022,16,44,GANTZEL RD,8,Otro,Urbano,Arteria Menor,County Highway Agency,0,Sin jurisdiccion especial,26,33.19470833,-111.5620417,Vehiculo en movimiento,Frente a frente,Not an Intersection,No fue interseccion,Sobre calle,Ninguna,Dia total,Nublado,No,NO APLICA,16,45,16,47,2,13/08/2022,3
4,Arizona,40584,0,0,2,0,13,MARICOPA (13),200,GLENDALE,8,Agosto,14,2022,18,33,W NORTHERN AVE,8,Otro,Urbano,Arteria Principal,State Highway Agency,0,Sin jurisdiccion especial,445,33.55285,-112.2028972,Vehiculo en movimiento,Frente a frente,"Five Point, or More",5 Puntos o mas,Sobre calle,Ninguna,Atardecer,Nublado,No,NO APLICA,18,34,18,38,1,14/08/2022,8
4,Arizona,40585,0,0,3,0,19,PIMA (19),0,NO APLICA,8,Agosto,14,2022,22,51,I-10,1,Interestatal,Rural,Interestatal,State Highway Agency,1,Sin jurisdiccion especial,2881,31.98841389,-110.5886389,Vehiculo en movimiento,Frente a frente,Not an Intersection,No fue interseccion,Sobre calle,Ninguna,Oscuro sin iluminacion,lluvia,No,NO APLICA,22,49,23,15,1,14/08/2022,7
4,Arizona,40586,0,0,1,0,12,LA PAZ (12),0,NO APLICA,8,Agosto,15,2022,13,10,US-60,2,US Highway,Rural,Arteria Menor,State Highway Agency,0,Sin jurisdiccion especial,36,33.67545556,-113.9613306,Poste de Señal de trafico,El primer evento no fue una colision con un vehiculo automotor en transporte,Not an Intersection,No fue interseccion,Sobre el lado de la calle,Ninguna,Dia total,Despejado,No,NO APLICA,13,27,13,36,1,15/08/2022,1
4,Arizona,40587,1,1,1,0,19,PIMA (19),530,TUCSON,8,Agosto,15,2022,20,5,PIMA ST,8,Otro,Urbano,Colector Mayor,City or Municipal Highway Agency,0,Sin jurisdiccion especial,16,32.243375,-110.8991611,Peaton,El primer evento no fue una colision con un vehiculo automotor en transporte,Four-Way Intersection,Interseccion de 4 direcciones,Sobre calle,Ninguna,Oscuro sin iluminacion,Despejado,No,NO APLICA,20,6,20,9,1,15/08/2022,1
4,Arizona,40588,0,0,2,0,13,MARICOPA (13),290,MESA,8,Agosto,17,2022,2,41,US-60,2,US Highway,Urbano,Arterial Principal -Freeway o ExpressWay,State Highway Agency,1,Sin jurisdiccion especial,1566,33.38641389,-111.6791167,Vehiculo en movimiento,Frente a Detrás,Not an Intersection,No fue interseccion,Sobre calle,Ninguna,Oscuro - iluminacion desconocida,Nublado,No,NO APLICA,2,43,2,53,2,17/08/2022,3
4,Arizona,40589,0,0,1,0,13,MARICOPA (13),190,GILBERT,8,Agosto,18,2022,1,27,S LINDSAY RD,5,Calle Local - Pueblo,Urbano,Arteria Menor,Town or Township Highway Agency,0,Sin jurisdiccion especial,0,33.33580278,-111.7729111,Banqueta,El primer evento no fue una colision con un vehiculo automotor en transporte,Four-Way Intersection,Interseccion de 4 direcciones,En el medio,Ninguna,Oscuro con iluminacion,lluvia,No,NO APLICA,1,27,1,27,1,18/08/2022,1
4,Arizona,40590,1,1,1,0,13,MARICOPA (13),370,PHOENIX,8,Agosto,18,2022,1,37,S 16TH ST,6,Calle Local Municipalidad,Urbano,Arteria Menor,City or Municipal Highway Agency,0,Sin jurisdiccion especial,0,33.39400833,-112.0472778,Peaton,El primer evento no fue una colision con un vehiculo automotor en transporte,Not an Intersection,No fue interseccion,Sobre calle,Ninguna,Oscuro con iluminacion,Despejado,No,NO APLICA,99,99,99,99,1,18/08/2022,1
4,Arizona,40591,0,0,2,0,25,YAVAPAI (25),105,CONGRESS,8,Agosto,18,2022,6,42,US-93,2,US Highway,Rural,Arteria Principal,State Highway Agency,1,Sin jurisdiccion especial,1801,34.16243056,-113.006725,Vehiculo en movimiento,Frente a frente,Not an Intersection,No fue interseccion,Sobre calle,Ninguna,Dia total,Despejado,No,NO APLICA,6,49,7,20,1,18/08/2022,2
4,Arizona,40592,0,0,3,0,13,MARICOPA (13),368,PEORIA,8,Agosto,18,2022,20,1,W NORTHEN AVE,6,Calle Local Municipalidad,Urbano,Arteria Principal,City or Municipal Highway Agency,1,Sin jurisdiccion especial,0,33.55193889,-112.2409,Vehiculo en movimiento,Golpe Lateral - direccion contraria,Not an Intersection,No fue interseccion,Sobre calle,Ninguna,Oscuro con iluminacion,Nublado,No,NO APLICA,20,3,99,99,1,18/08/2022,4
4,Arizona,40593,0,0,3,0,13,MARICOPA (13),189,GILA BEND,8,Agosto,19,2022,2,16,I-8,1,Interestatal,Rural,Interestatal,State Highway Agency,1,Sin jurisdiccion especial,927,32.87294444,-113.1318194,Vehiculo en movimiento,Frente a Detrás,Not an Intersection,No fue interseccion,Sobre calle,Ninguna,Oscuro sin iluminacion,Nublado,No,NO APLICA,2,19,2,34,1,19/08/2022,5
4,Arizona,40594,0,0,1,0,13,MARICOPA (13),0,NO APLICA,8,Agosto,19,2022,5,25,US-60,2,US Highway,Urbano,Arterial Principal -Freeway o ExpressWay,State Highway Agency,1,Sin jurisdiccion especial,1626,33.3865,-111.587225,Poste,El primer evento no fue una colision con un vehiculo automotor en transporte,Not an Intersection,No fue interseccion,Sobre el lado de la calle,Ninguna,Oscuro con iluminacion,lluvia,No,NO APLICA,5,27,5,33,1,19/08/2022,1
4,Arizona,40595,0,0,1,0,5,COCONINO (5),0,NO APLICA,8,Agosto,19,2022,14,38,I-40,1,Interestatal,Rural,Interestatal,State Highway Agency,1,Sin jurisdiccion especial,1526,35.215125,-112.3568194,Volcadura,El primer evento no fue una colision con un vehiculo automotor en transporte,Not an Intersection,No fue interseccion,Sobre el lado de la calle,Ninguna,Dia total,lluvia,No,NO APLICA,14,42,15,8,1,19/08/2022,4
4,Arizona,40596,0,0,2,0,21,PINAL (21),0,NO APLICA,8,Agosto,19,2022,18,11,SR-238,3,Highway estatal,Rural,Arteria Menor,State Highway Agency,0,Sin jurisdiccion especial,109,33.07209722,-112.2014528,Vehiculo en movimiento,Frente a frente,Not an Intersection,No fue interseccion,Sobre calle,Ninguna,Dia total,Despejado,No,NO APLICA,18,10,18,37,2,19/08/2022,4
4,Arizona,40597,0,0,2,0,13,MARICOPA (13),370,PHOENIX,8,Agosto,20,2022,17,1,W DUNLAP AVE,6,Calle Local Municipalidad,Urbano,Arteria Menor,City or Municipal Highway Agency,0,Sin jurisdiccion especial,0,33.56762778,-112.142925,Vehiculo en movimiento,Angulo,Four-Way Intersection,Interseccion de 4 direcciones,Sobre calle,Ninguna,Dia total,Despejado,No,NO APLICA,99,99,99,99,1,20/08/2022,2
4,Arizona,40598,1,1,1,0,1,APACHE (1),415,SANDERS,8,Agosto,20,2022,21,17,US-191,2,US Highway,Rural,Arteria Menor,State Highway Agency,0,Sin jurisdiccion especial,3518,99.9999,999.9999,Peaton,El primer evento no fue una colision con un vehiculo automotor en transporte,Not an Intersection,No fue interseccion,Sobre calle,Ninguna,Oscuro sin iluminacion,Reportado como desconocido,No,NO APLICA,9,9,9,9,1,20/08/2022,1
4,Arizona,40599,0,0,2,0,13,MARICOPA (13),368,PEORIA,8,Agosto,20,2022,21,47,W CACTUS RD,6,Calle Local Municipalidad,Urbano,Arteria Menor,City or Municipal Highway Agency,0,Sin jurisdiccion especial,0,33.59571667,-112.2288917,Vehiculo en movimiento,Angulo,Four-Way Intersection,Interseccion de 4 direcciones,Sobre calle,Ninguna,Oscuro con iluminacion,lluvia,No,NO APLICA,21,48,21,54,1,20/08/2022,3
4,Arizona,40600,0,0,2,1,21,PINAL (21),390,RED ROCK,8,Agosto,20,2022,22,3,I-10,1,Interestatal,Rural,Interestatal,State Highway Agency,1,Sin jurisdiccion especial,2292,32.54730556,-111.300875,Vehiculo Aparcado,El primer evento no fue una colision con un vehiculo automotor en transporte,Not an Intersection,No fue interseccion,Sobre Acotamiento,Ninguna,Oscuro con iluminacion,Despejado,No,NO APLICA,22,11,22,30,1,20/08/2022,1
4,Arizona,40601,1,1,1,0,19,PIMA (19),530,TUCSON,8,Agosto,21,2022,9,47,SR-19,3,Highway estatal,Urbano,Arteria Menor,County Highway Agency,0,Sin jurisdiccion especial,592,32.11360833,-110.9605528,Peaton,El primer evento no fue una colision con un vehiculo automotor en transporte,Not an Intersection,No fue interseccion,Sobre Acotamiento,Ninguna,Reportada como desconocida,Despejado,No,NO APLICA,99,99,99,99,1,21/08/2022,1
4,Arizona,40602,0,0,2,0,13,MARICOPA (13),290,MESA,8,Agosto,24,2022,13,26,E MCDOWELL RD,6,Calle Local Municipalidad,Urbano,Arteria Menor,City or Municipal Highway Agency,0,Sin jurisdiccion especial,0,33.46637222,-111.6925833,Vehiculo en movimiento,Angulo,Four-Way Intersection,Interseccion de 4 direcciones,Sobre calle,Ninguna,Dia total,Despejado,No,NO APLICA,13,28,13,31,1,24/08/2022,3
4,Arizona,40605,0,0,1,0,25,YAVAPAI (25),0,NO APLICA,8,Agosto,26,2022,12,43,I-17,1,Interestatal,Rural,Interestatal,State Highway Agency,1,Sin jurisdiccion especial,756,34.42096111,-112.0614083,Volcadura,El primer evento no fue una colision con un vehiculo automotor en transporte,Not an Intersection,No fue interseccion,En el medio,Ninguna,Dia total,lluvia,No,NO APLICA,12,46,13,5,1,26/08/2022,1
4,Arizona,40606,1,1,1,0,25,YAVAPAI (25),616,YARNELL,8,Agosto,26,2022,19,1,SR-89,3,Highway estatal,Rural,Arteria Menor,County Highway Agency,0,Sin jurisdiccion especial,188,34.22153611,-112.7475194,Peaton,El primer evento no fue una colision con un vehiculo automotor en transporte,Not an Intersection,No fue interseccion,Sobre calle,Ninguna,Atardecer,Nublado,No,NO APLICA,19,0,19,3,1,26/08/2022,1
4,Arizona,40607,1,1,2,0,19,PIMA (19),530,TUCSON,8,Agosto,27,2022,19,16,I-10,1,Interestatal,Urbano,Interestatal,State Highway Agency,1,Sin jurisdiccion especial,2592,32.20232222,-110.9794028,Peaton,El primer evento no fue una colision con un vehiculo automotor en transporte,Not an Intersection,No fue interseccion,Sobre calle,Ninguna,Oscuro con iluminacion,Nublado,No,NO APLICA,19,18,19,24,1,27/08/2022,4
4,Arizona,40608,0,0,2,0,13,MARICOPA (13),370,PHOENIX,8,Agosto,27,2022,19,51,W BELL RD,6,Calle Local Municipalidad,Urbano,Arteria Principal,City or Municipal Highway Agency,1,Sin jurisdiccion especial,0,33.64034444,-112.0741472,Vehiculo en movimiento,Angulo,T-Intersection,Interseccion de T,Sobre calle,Ninguna,Oscuro con iluminacion,Despejado,No,NO APLICA,99,99,99,99,1,27/08/2022,2
4,Arizona,40609,0,0,3,0,1,APACHE (1),0,NO APLICA,8,Agosto,28,2022,9,28,I-40,1,Interestatal,Rural,Interestatal,State Highway Agency,1,Sin jurisdiccion especial,0,35.14545833,-109.5151306,Vehiculo en movimiento,Frente a Detrás,Not an Intersection,No fue interseccion,Sobre calle,Ninguna,Dia total,Despejado,Yes,NO APLICA,9,31,9,31,1,28/08/2022,22
4,Arizona,40610,0,0,2,0,23,SANTA CRUZ (23),0,NO APLICA,8,Agosto,28,2022,14,4,SR-82,3,Highway estatal,Rural,Arteria Menor,State Highway Agency,0,Sin jurisdiccion especial,342,31.70045556,-110.5924083,Vehiculo en movimiento,Frente a Detrás,T-Intersection,Interseccion de T,Sobre calle,Ninguna,Dia total,Nublado,No,NO APLICA,14,7,14,26,1,28/08/2022,3
4,Arizona,40611,1,1,1,0,13,MARICOPA (13),200,GLENDALE,8,Agosto,29,2022,4,23,W BETHANY HOME RD,6,Calle Local Municipalidad,Urbano,Arteria Menor,City or Municipal Highway Agency,0,Sin jurisdiccion especial,0,33.52380833,-112.2032778,Ciclista,El primer evento no fue una colision con un vehiculo automotor en transporte,Four-Way Intersection,Interseccion de 4 direcciones,Sobre calle,Ninguna,Oscuro con iluminacion,Despejado,No,NO APLICA,4,22,4,23,1,29/08/2022,1
4,Arizona,40613,0,0,2,0,13,MARICOPA (13),80,CHANDLER,8,Agosto,29,2022,17,33,I-10,1,Interestatal,Urbano,Interestatal,State Highway Agency,1,Sin jurisdiccion especial,1652,33.24813611,-111.9427222,Vehiculo en movimiento,Golpe Lateral - misma direccion,Not an Intersection,No fue interseccion,Sobre calle,Ninguna,Dia total,Despejado,No,NO APLICA,17,33,17,37,1,29/08/2022,2
4,Arizona,40614,0,0,3,0,17,NAVAJO (17),0,NO APLICA,8,Agosto,30,2022,14,54,SR-260,3,Highway estatal,Rural,Arteria Principal,State Highway Agency,1,Sin jurisdiccion especial,1369,34.36836389,-110.3926472,Vehiculo en movimiento,Golpe Lateral - direccion contraria,Not an Intersection,No fue interseccion,Sobre calle,Ninguna,Dia total,Despejado,No,NO APLICA,14,55,15,8,2,30/08/2022,6