Estado,Nombre de Estado,Numero de Caso,Peatones,Personas _no_vehiculos,Vehiculos automotores,Vehiculos estacionados,Condado,Nombre Condado,Ciudad,Nombre Ciudad,Mes,Nombre Mes,Dia,Año,Hora,Minuto,Calle,Ruta,Nombre Ruta,Rural o Urbanoo,Sistema Funcional,Dueño Calle,Sistema Nacional Carreteras,Jurisdiccion Especial,Milla,Latitud,Longitud,Causa del Accidente,Tipo de Accidente,Tipo Interseccion,Columna1,Lugar en la calle,Zona de Trabajo,Luz,Clima,Autobus Escolar,Cruce de Trenes,Hora Notificacion,Minuto Notificacion,Hora Llegada,Minuto Llegada,Decesos,Fecha,PersonaVehiculo
4,Arizona,40615,0,0,2,0,13,MARICOPA (13),370,PHOENIX,8,Agosto,31,2022,12,33,E 32ND ST,6,Calle Local Municipalidad,Urbano,Arteria Menor,City or Municipal Highway Agency,0,Sin jurisdiccion especial,0,33.405575,-112.0126611,Vehiculo en movimiento,Angulo,Reported as Unknown,Desconocido,Sobre calle,Ninguna,Dia total,Despejado,No,NO APLICA,99,99,99,99,1,31/08/2022,2
4,Arizona,40616,0,0,2,0,13,MARICOPA (13),370,PHOENIX,8,Agosto,31,2022,19,55,E THUNDERBIRD RD,6,Calle Local Municipalidad,Urbano,Arteria Principal,City or Municipal Highway Agency,1,Sin jurisdiccion especial,0,33.59898333,-112.0454361,Vehiculo en movimiento,Angulo,Not an Intersection,No fue interseccion,Sobre calle,Ninguna,Oscuro con iluminacion,Despejado,No,NO APLICA,99,99,99,99,1,31/08/2022,3
4,Arizona,40618,0,0,1,0,25,YAVAPAI (25),0,NO APLICA,9,Septiembre,1,2022,13,57,US-93,2,US Highway,Rural,Arteria Principal,State Highway Agency,1,Sin jurisdiccion especial,1500,34.46702222,-113.3101583,Piedrotototota,El primer evento no fue una colision con un vehiculo automotor en transporte,Not an Intersection,No fue interseccion,Sobre el lado de la calle,Ninguna,Dia total,Despejado,No,NO APLICA,14,6,14,32,1,01/09/2022,1
4,Arizona,40619,0,0,4,0,13,MARICOPA (13),200,GLENDALE,9,Septiembre,1,2022,19,37,W CAMELBACK RD,6,Calle Local Municipalidad,Urbano,Arteria Menor,City or Municipal Highway Agency,0,Sin jurisdiccion especial,528,33.50883056,-112.2478861,Vehiculo en movimiento,Frente a frente,Not an Intersection,No fue interseccion,Sobre calle,Ninguna,Oscuro con iluminacion,Despejado,No,NO APLICA,19,36,19,41,1,01/09/2022,5
4,Arizona,40621,0,0,2,0,19,PIMA (19),0,NO APLICA,9,Septiembre,1,2022,20,52,SR-19BS NOGALES HWY,3,Highway estatal,Urbano,Arteria Menor,State Highway Agency,0,Sin jurisdiccion especial,131,32.08023889,-110.9588389,Vehiculo en movimiento,Angulo,T-Intersection,Interseccion de T,Sobre calle,Ninguna,Oscuro sin iluminacion,Despejado,No,NO APLICA,20,52,21,0,1,01/09/2022,2
4,Arizona,40622,0,0,3,0,13,MARICOPA (13),370,PHOENIX,9,Septiembre,2,2022,8,55,I-10,1,Interestatal,Urbano,Interestatal,State Highway Agency,1,Sin jurisdiccion especial,1460,33.46184167,-112.0452528,Vehiculo en movimiento,Golpe Lateral - misma direccion,Not an Intersection,No fue interseccion,Sobre calle,Ninguna,Dia total,Despejado,No,NO APLICA,8,59,9,6,1,02/09/2022,6
4,Arizona,40623,0,0,1,0,13,MARICOPA (13),158,EL MIRAGE,9,Septiembre,3,2022,21,25,DYSART RD,6,Calle Local Municipalidad,Urbano,Arteria Menor,City or Municipal Highway Agency,0,Sin jurisdiccion especial,174,33.61631944,-112.3420222,Banqueta,El primer evento no fue una colision con un vehiculo automotor en transporte,T-Intersection,Interseccion de T,Sobre el lado de la calle,Ninguna,Oscuro con iluminacion,Despejado,No,NO APLICA,21,28,21,31,1,03/09/2022,3
4,Arizona,40624,0,0,1,0,21,PINAL (21),0,NO APLICA,9,Septiembre,4,2022,1,5,BATTAGLIA DR,8,Otro,Rural,Colector Mayor,County Highway Agency,0,Reservacion India,3,32.76301667,-111.7505278,Volcadura,El primer evento no fue una colision con un vehiculo automotor en transporte,Not an Intersection,No fue interseccion,Sobre el lado de la calle,Ninguna,Oscuro sin iluminacion,Despejado,No,NO APLICA,99,98,99,98,1,04/09/2022,1
4,Arizona,40625,0,0,2,0,13,MARICOPA (13),60,BUCKEYE,9,Septiembre,4,2022,2,46,SR-85 S OGLESBY RD,3,Highway estatal,Urbano,Arteria Principal,State Highway Agency,1,Sin jurisdiccion especial,316,33.39220833,-112.6254111,Vehiculo en movimiento,Angulo,Four-Way Intersection,Interseccion de 4 direcciones,Sobre calle,Ninguna,Oscuro sin iluminacion,Despejado,No,NO APLICA,2,48,2,59,1,04/09/2022,2
4,Arizona,40626,0,0,1,0,5,COCONINO (5),179,FOREST LAKES ESTATES,9,Septiembre,4,2022,11,2,NF-99 HEBER WILDCAT,8,Otro,Rural,No reportado,U.S. Forest Service,0,Sin jurisdiccion especial,0,34.36955833,-110.8043694,Volcadura,El primer evento no fue una colision con un vehiculo automotor en transporte,Not an Intersection,No fue interseccion,Sobre calle,Ninguna,Dia total,Despejado,No,NO APLICA,11,2,11,10,1,04/09/2022,4
4,Arizona,40627,0,0,1,0,25,YAVAPAI (25),0,NO APLICA,9,Septiembre,4,2022,22,42,I-17,1,Interestatal,Rural,Interestatal,State Highway Agency,1,Sin jurisdiccion especial,1164,34.79422222,-111.5899806,Valla Ferrocarril,El primer evento no fue una colision con un vehiculo automotor en transporte,Not an Intersection,No fue interseccion,Sobre el lado de la calle,Construccion,Oscuro sin iluminacion,Despejado,No,NO APLICA,22,51,23,12,1,04/09/2022,1
4,Arizona,40628,0,0,1,0,19,PIMA (19),530,TUCSON,9,Septiembre,5,2022,16,36,I-10,1,Interestatal,Urbano,Interestatal,State Highway Agency,1,Sin jurisdiccion especial,2542,32.27251111,-111.0113528,Muro,El primer evento no fue una colision con un vehiculo automotor en transporte,Not an Intersection,No fue interseccion,Sobre el lado de la calle,Ninguna,Dia total,Despejado,No,NO APLICA,16,36,16,48,1,05/09/2022,1
4,Arizona,40629,0,0,1,0,21,PINAL (21),0,NO APLICA,9,Septiembre,6,2022,4,54,US-60,2,US Highway,Rural,Arteria Principal,State Highway Agency,1,Sin jurisdiccion especial,1887,33.27983056,-111.1720194,Otro objeto (no fijo),El primer evento no fue una colision con un vehiculo automotor en transporte,Not an Intersection,No fue interseccion,Sobre calle,Ninguna,Oscuro sin iluminacion,Despejado,No,NO APLICA,4,49,5,5,1,06/09/2022,1
4,Arizona,40630,0,0,2,0,13,MARICOPA (13),370,PHOENIX,9,Septiembre,6,2022,7,1,BELL RD,6,Calle Local Municipalidad,Urbano,Arteria Principal,City or Municipal Highway Agency,1,Sin jurisdiccion especial,311,33.6392,-112.1539083,Vehiculo en movimiento,Angulo,Not an Intersection,No fue interseccion,Sobre calle,Ninguna,Dia total,Despejado,No,NO APLICA,99,99,99,99,1,06/09/2022,2
4,Arizona,40631,0,0,1,0,3,COCHISE (3),9898,Not Reported,9,Septiembre,9,2022,4,23,I-10,1,Interestatal,Rural,Interestatal,State Highway Agency,1,Sin jurisdiccion especial,3574,32.34843611,-109.603225,Arbol,El primer evento no fue una colision con un vehiculo automotor en transporte,Not an Intersection,No fue interseccion,Sobre el lado de la calle,Ninguna,Oscuro sin iluminacion,Despejado,No,NO APLICA,4,25,4,45,1,09/09/2022,1
4,Arizona,40632,1,1,1,0,13,MARICOPA (13),370,PHOENIX,9,Septiembre,9,2022,4,47,W BROADWAY RD,6,Calle Local Municipalidad,Urbano,Arteria Menor,City or Municipal Highway Agency,0,Sin jurisdiccion especial,457,33.40671667,-112.1001194,Peaton,El primer evento no fue una colision con un vehiculo automotor en transporte,Not an Intersection,No fue interseccion,Sobre calle,Ninguna,Oscuro con iluminacion,Nublado,No,NO APLICA,99,99,99,99,1,09/09/2022,1
4,Arizona,40633,1,1,1,0,19,PIMA (19),530,TUCSON,9,Septiembre,9,2022,18,54,STONE AVE,6,Calle Local Municipalidad,Urbano,Arteria Principal,City or Municipal Highway Agency,0,Sin jurisdiccion especial,20,32.25028333,-110.9720833,Peaton,El primer evento no fue una colision con un vehiculo automotor en transporte,Four-Way Intersection,Interseccion de 4 direcciones,Sobre calle,Ninguna,Oscuro con iluminacion,Nublado,No,NO APLICA,18,54,18,59,1,09/09/2022,1
4,Arizona,40634,0,0,1,0,13,MARICOPA (13),388,QUEEN CREEK,9,Septiembre,10,2022,4,11,RITTENHOUSE RD,5,Calle Local - Pueblo,Urbano,Arteria Menor,Town or Township Highway Agency,0,Sin jurisdiccion especial,99998,33.22083333,-111.5851917,Banqueta,El primer evento no fue una colision con un vehiculo automotor en transporte,Not an Intersection,No fue interseccion,En el medio,Ninguna,Oscuro sin iluminacion,Nublado,No,NO APLICA,4,11,4,12,1,10/09/2022,5
4,Arizona,40635,0,0,1,0,13,MARICOPA (13),370,PHOENIX,9,Septiembre,10,2022,23,58,I-10,1,Interestatal,Urbano,Interestatal,State Highway Agency,1,Sin jurisdiccion especial,1473,33.460325,-112.0373306,Poste de Señal de trafico,El primer evento no fue una colision con un vehiculo automotor en transporte,Not an Intersection,No fue interseccion,Sobre el lado de la calle,Ninguna,Oscuro con iluminacion,Despejado,No,NO APLICA,0,3,0,15,1,10/09/2022,1
4,Arizona,40636,0,0,2,0,21,PINAL (21),0,NO APLICA,6,Junio,11,2022,18,35,HUNT HWY,8,Otro,Urbano,Arteria Menor,County Highway Agency,0,Sin jurisdiccion especial,14,33.1798,-111.5849111,Vehiculo en movimiento,Angulo,Four-Way Intersection,Interseccion de 4 direcciones,Sobre calle,Ninguna,Atardecer,Despejado,No,NO APLICA,18,35,19,39,1,11/06/2022,2
4,Arizona,40637,0,0,2,0,17,NAVAJO (17),489,TAYLOR,9,Septiembre,12,2022,17,30,SR-77,3,Highway estatal,Rural,Arteria Principal,State Highway Agency,1,Sin jurisdiccion especial,1848,34.42656389,-110.0899167,Vehiculo en movimiento,Angulo,Not an Intersection,No fue interseccion,Sobre calle,Ninguna,Atardecer,lluvia,No,NO APLICA,17,30,17,37,1,12/09/2022,3
4,Arizona,40638,0,0,3,0,13,MARICOPA (13),220,GOODYEAR,9,Septiembre,13,2022,1,52,ESTRELLA PKWY,6,Calle Local Municipalidad,Urbano,Interestatal,State Highway Agency,1,Sin jurisdiccion especial,132,33.46200278,-112.3923861,Vehiculo en movimiento,Angulo,Four-Way Intersection,Interseccion de 4 direcciones,Sobre calle,Ninguna,Oscuro con iluminacion,Despejado,No,NO APLICA,1,54,1,58,1,13/09/2022,3
4,Arizona,40639,0,0,2,0,15,MOHAVE (15),0,NO APLICA,9,Septiembre,13,2022,3,50,SR-66,3,Highway estatal,Urbano,Arteria Menor,State Highway Agency,0,Sin jurisdiccion especial,36,35.25713611,-113.9722556,Animal vivo,El primer evento no fue una colision con un vehiculo automotor en transporte,Not an Intersection,No fue interseccion,Sobre calle,Ninguna,Oscuro sin iluminacion,lluvia,No,NO APLICA,3,45,3,53,1,13/09/2022,2
4,Arizona,40640,0,0,1,0,17,NAVAJO (17),0,NO APLICA,9,Septiembre,13,2022,8,13,SR-99,3,Highway estatal,Rural,Colector Menor,State Highway Agency,0,Sin jurisdiccion especial,64,35.00594444,-110.6930944,Volcadura,El primer evento no fue una colision con un vehiculo automotor en transporte,Not an Intersection,No fue interseccion,Sobre el lado de la calle,Ninguna,Dia total,Nublado,No,NO APLICA,8,13,8,22,1,13/09/2022,1
4,Arizona,40641,0,0,2,1,13,MARICOPA (13),0,NO APLICA,9,Septiembre,16,2022,3,18,SR-74,3,Highway estatal,Rural,Arteria Principal,State Highway Agency,0,Sin jurisdiccion especial,9,33.86474167,-112.6325639,Vehiculo Aparcado,El primer evento no fue una colision con un vehiculo automotor en transporte,Not an Intersection,No fue interseccion,Sobre el lado de la calle,Ninguna,Oscuro sin iluminacion,Despejado,No,NO APLICA,3,19,3,41,3,16/09/2022,3
4,Arizona,40642,0,0,2,0,13,MARICOPA (13),370,PHOENIX,9,Septiembre,16,2022,10,4,N 24TH ST,6,Calle Local Municipalidad,Urbano,Arteria Menor,City or Municipal Highway Agency,0,Sin jurisdiccion especial,0,33.45130556,-112.0301222,Vehiculo en movimiento,Angulo,Four-Way Intersection,Interseccion de 4 direcciones,Sobre calle,Ninguna,Dia total,Despejado,No,NO APLICA,99,99,99,99,1,16/09/2022,4
4,Arizona,40643,0,0,4,0,1,APACHE (1),0,NO APLICA,9,Septiembre,17,2022,15,29,I-40,1,Interestatal,Rural,Interestatal,State Highway Agency,1,Sin jurisdiccion especial,3137,35.07665,-109.7343639,Acotamiento,El primer evento no fue una colision con un vehiculo automotor en transporte,Not an Intersection,No fue interseccion,En el medio,Ninguna,Dia total,Despejado,No,NO APLICA,15,30,15,52,1,17/09/2022,9
4,Arizona,40645,0,0,2,0,25,YAVAPAI (25),428,Sedona,9,Septiembre,18,2022,14,18,I-17 - J RAMP,1,Interestatal,Rural,Interestatal,State Highway Agency,1,Sin jurisdiccion especial,1035,34.69039722,-111.7439444,Vehiculo en movimiento,Angulo,Four-Way Intersection,Interseccion de 4 direcciones,Sobre calle,Ninguna,Dia total,Despejado,No,NO APLICA,14,20,14,32,4,18/09/2022,5
4,Arizona,40646,1,1,1,0,13,MARICOPA (13),290,MESA,9,Septiembre,18,2022,19,58,E BROADWAY RD,6,Calle Local Municipalidad,Urbano,Arteria Menor,City or Municipal Highway Agency,0,Sin jurisdiccion especial,0,33.40779167,-111.8168722,Peaton,El primer evento no fue una colision con un vehiculo automotor en transporte,Not an Intersection,No fue interseccion,Sobre calle,Ninguna,Oscuro con iluminacion,Despejado,No,NO APLICA,19,58,20,2,1,18/09/2022,1
4,Arizona,40647,0,0,4,0,13,MARICOPA (13),290,MESA,9,Septiembre,19,2022,17,11,E PUEBLO AVE,6,Calle Local Municipalidad,Urbano,Arteria Menor,City or Municipal Highway Agency,0,Sin jurisdiccion especial,0,33.40068333,-111.7537583,Vehiculo en movimiento,Frente a Detrás,Four-Way Intersection,Interseccion de 4 direcciones,Sobre calle,Ninguna,Dia total,Despejado,No,NO APLICA,17,12,17,15,1,19/09/2022,4
4,Arizona,40648,2,2,1,0,19,PIMA (19),530,TUCSON,9,Septiembre,20,2022,19,15,E BROADWAY BVLD,6,Calle Local Municipalidad,Urbano,Arteria Principal,City or Municipal Highway Agency,0,Sin jurisdiccion especial,0,32.22116667,-110.8237667,Peaton,El primer evento no fue una colision con un vehiculo automotor en transporte,Four-Way Intersection,Interseccion de 4 direcciones,Sobre calle,Ninguna,Oscuro con iluminacion,Nublado,No,NO APLICA,19,0,19,45,1,20/09/2022,1
4,Arizona,40649,1,1,2,0,19,PIMA (19),530,TUCSON,9,Septiembre,20,2022,19,31,S PALO VERDE RD,6,Calle Local Municipalidad,Urbano,Arteria Menor,County Highway Agency,0,Sin jurisdiccion especial,0,32.15413056,-110.9175361,Peaton,El primer evento no fue una colision con un vehiculo automotor en transporte,Not an Intersection,No fue interseccion,Sobre calle,Ninguna,Oscuro sin iluminacion,lluvia,No,NO APLICA,19,32,19,34,1,20/09/2022,2
4,Arizona,40650,0,0,2,0,5,COCONINO (5),0,NO APLICA,9,Septiembre,21,2022,15,11,SR-64,3,Highway estatal,Rural,Arteria Menor,State Highway Agency,0,Sin jurisdiccion especial,921,35.93774722,-111.6598111,Alguien se cayo/avento del vehiculo,El primer evento no fue una colision con un vehiculo automotor en transporte,Not an Intersection,No fue interseccion,Sobre calle,Ninguna,Dia total,Nublado,No,NO APLICA,15,28,16,10,1,21/09/2022,2
4,Arizona,40652,0,0,1,0,13,MARICOPA (13),370,PHOENIX,9,Septiembre,24,2022,1,8,I-10 RAMP,1,Interestatal,Urbano,Interestatal,State Highway Agency,1,Sin jurisdiccion especial,1430,33.46105833,-112.1098778,Barrera de Trafico de Concreto,El primer evento no fue una colision con un vehiculo automotor en transporte,Not an Intersection,No fue interseccion,Sobre el lado de la calle,Ninguna,Oscuro con iluminacion,Despejado,No,NO APLICA,1,10,1,19,2,24/09/2022,3
4,Arizona,40653,0,0,1,0,19,PIMA (19),530,TUCSON,9,Septiembre,24,2022,9,52,N KINNEY RD,6,Calle Local Municipalidad,Rural,Colector Mayor,County Highway Agency,0,Sin jurisdiccion especial,0,32.22440833,-111.1358083,Acotamiento,El primer evento no fue una colision con un vehiculo automotor en transporte,Not an Intersection,No fue interseccion,Sobre el lado de la calle,Ninguna,Dia total,Despejado,No,NO APLICA,9,58,10,8,1,24/09/2022,2
4,Arizona,40654,1,1,2,0,21,PINAL (21),0,NO APLICA,9,Septiembre,24,2022,19,20,SR-347,3,Highway estatal,Rural,Arteria Principal,State Highway Agency,1,Sin jurisdiccion especial,161,33.10525,-112.0272167,Peaton,El primer evento no fue una colision con un vehiculo automotor en transporte,Not an Intersection,No fue interseccion,Sobre calle,Ninguna,Oscuro con iluminacion,Despejado,No,NO APLICA,19,21,19,24,1,24/09/2022,3
4,Arizona,40655,2,2,2,0,13,MARICOPA (13),60,BUCKEYE,9,Septiembre,25,2022,2,24,I-10,1,Interestatal,Urbano,Interestatal,State Highway Agency,1,Sin jurisdiccion especial,1150,33.43412778,-112.5887222,Vehiculo en movimiento,Frente a Detrás,Not an Intersection,No fue interseccion,Sobre calle,Ninguna,Oscuro sin iluminacion,Despejado,No,NO APLICA,2,29,2,35,1,25/09/2022,1
4,Arizona,40656,0,0,1,0,13,MARICOPA (13),290,MESA,9,Septiembre,25,2022,5,44,W BASELINE RD,6,Calle Local Municipalidad,Urbano,Arteria Menor,City or Municipal Highway Agency,0,Sin jurisdiccion especial,0,33.37877222,-111.8354611,Muro,El primer evento no fue una colision con un vehiculo automotor en transporte,Not an Intersection,No fue interseccion,Sobre el lado de la calle,Ninguna,Amanecer,Despejado,No,NO APLICA,5,44,5,51,1,25/09/2022,1
4,Arizona,40657,0,0,2,0,5,COCONINO (5),170,FLAGSTAFF,9,Septiembre,26,2022,4,4,I-40,1,Interestatal,Rural,Interestatal,State Highway Agency,1,Sin jurisdiccion especial,2097,35.20303056,-111.4135583,Vehiculo en movimiento,Frente a frente,Not an Intersection,No fue interseccion,Sobre calle,Ninguna,Oscuro sin iluminacion,Despejado,No,NO APLICA,4,5,4,10,1,26/09/2022,2
4,Arizona,40658,0,0,2,0,13,MARICOPA (13),368,PEORIA,9,Septiembre,26,2022,22,45,W OLIVE AVE,6,Calle Local Municipalidad,Urbano,Arteria Menor,City or Municipal Highway Agency,0,Sin jurisdiccion especial,77,33.56628333,-112.2579222,Vehiculo en movimiento,Angulo,Four-Way Intersection,Interseccion de 4 direcciones,Sobre calle,Ninguna,Oscuro con iluminacion,Despejado,No,NO APLICA,22,46,23,3,1,26/09/2022,2
4,Arizona,40659,0,0,2,0,13,MARICOPA (13),510,TOLLESON,9,Septiembre,26,2022,22,53,I-10,1,Interestatal,Urbano,Interestatal,State Highway Agency,1,Sin jurisdiccion especial,1350,33.46249722,-112.2479472,Vehiculo en movimiento,Frente a Detrás,Not an Intersection,No fue interseccion,Sobre calle,Ninguna,Oscuro con iluminacion,Nublado,No,NO APLICA,22,53,22,53,1,26/09/2022,2
4,Arizona,40660,0,0,2,0,19,PIMA (19),530,TUCSON,9,Septiembre,28,2022,7,8,W DUVAL MINE RD,9,Desconocido,Urbano,Colector Mayor,County Highway Agency,0,Sin jurisdiccion especial,0,31.886175,-111.0184,Vehiculo en movimiento,Frente a frente,Not an Intersection,No fue interseccion,Sobre calle,Ninguna,Dia total,Despejado,No,NO APLICA,7,8,7,15,1,28/09/2022,2
4,Arizona,40661,0,0,2,0,25,YAVAPAI (25),120,COTTONWOOD,10,Octubre,1,2022,7,20,SR-89A,3,Highway estatal,Rural,Arteria Principal,State Highway Agency,1,Sin jurisdiccion especial,399,34.75971667,-111.9493278,Vehiculo en movimiento,Frente a frente,Not an Intersection,No fue interseccion,Sobre calle,Ninguna,Dia total,Despejado,No,NO APLICA,7,23,7,28,1,01/10/2022,2
4,Arizona,40662,0,0,1,0,17,NAVAJO (17),610,WINSLOW,10,Octubre,1,2022,13,22,I-40,1,Interestatal,Rural,Interestatal,State Highway Agency,1,Sin jurisdiccion especial,2656,34.97254722,-110.5032139,Volcadura,El primer evento no fue una colision con un vehiculo automotor en transporte,Not an Intersection,No fue interseccion,En el medio,Ninguna,Dia total,Despejado,No,NO APLICA,13,25,13,38,1,01/10/2022,1
4,Arizona,40663,0,0,2,0,1,APACHE (1),0,NO APLICA,10,Octubre,1,2022,14,24,I-40,1,Interestatal,Rural,Interestatal,State Highway Agency,1,Servicio de Parques Nacional,3117,35.06804167,-109.7623528,Vehiculo en movimiento,Frente a Detrás,Not an Intersection,No fue interseccion,Sobre calle,Ninguna,Dia total,Despejado,No,NO APLICA,14,25,14,45,1,01/10/2022,2
4,Arizona,40664,1,1,1,0,13,MARICOPA (13),370,PHOENIX,10,Octubre,2,2022,2,37,W BELL RD,6,Calle Local Municipalidad,Urbano,Arteria Principal,City or Municipal Highway Agency,1,Sin jurisdiccion especial,0,33.639375,-112.1495861,Banqueta,El primer evento no fue una colision con un vehiculo automotor en transporte,Not an Intersection,No fue interseccion,En el medio,Ninguna,Oscuro con iluminacion,Despejado,No,NO APLICA,99,99,99,99,1,02/10/2022,1
4,Arizona,40665,0,0,1,0,13,MARICOPA (13),388,QUEEN CREEK,10,Octubre,2,2022,15,52,HUNT HWY,6,Calle Local Municipalidad,Urbano,Arteria Menor,County Highway Agency,0,Sin jurisdiccion especial,0,33.20465833,-111.7057083,Poste,El primer evento no fue una colision con un vehiculo automotor en transporte,Not an Intersection,No fue interseccion,Sobre el lado de la calle,Ninguna,Dia total,Despejado,No,NO APLICA,15,52,16,0,1,02/10/2022,1
4,Arizona,40666,1,1,1,0,13,MARICOPA (13),200,GLENDALE,10,Octubre,2,2022,20,42,W CAMELBACK RD,6,Calle Local Municipalidad,Urbano,Arteria Menor,City or Municipal Highway Agency,0,Sin jurisdiccion especial,0,33.508925,-112.2334056,Peaton,El primer evento no fue una colision con un vehiculo automotor en transporte,Not an Intersection,No fue interseccion,Sobre calle,Ninguna,Oscuro con iluminacion,Despejado,No,NO APLICA,20,42,20,46,1,02/10/2022,1
4,Arizona,40667,0,0,2,0,13,MARICOPA (13),200,GLENDALE,10,Octubre,2,2022,22,38,SR-101,3,Highway estatal,Urbano,Arterial Principal -Freeway o ExpressWay,State Highway Agency,1,Sin jurisdiccion especial,157,33.66778889,-112.2119611,Volcadura,El primer evento no fue una colision con un vehiculo automotor en transporte,Not an Intersection,No fue interseccion,Sobre calle,Ninguna,Oscuro con iluminacion,Despejado,No,NO APLICA,22,40,22,44,1,02/10/2022,2
4,Arizona,40668,1,1,1,0,13,MARICOPA (13),370,PHOENIX,10,Octubre,3,2022,3,17,W INDIAN SCHOOL RD,6,Calle Local Municipalidad,Urbano,Arteria Principal,City or Municipal Highway Agency,1,Sin jurisdiccion especial,0,33.49511389,-112.1517889,Peaton,El primer evento no fue una colision con un vehiculo automotor en transporte,Four-Way Intersection,Interseccion de 4 direcciones,Sobre calle,Ninguna,Oscuro con iluminacion,Despejado,No,NO APLICA,3,19,3,23,1,03/10/2022,1
4,Arizona,40669,0,0,3,0,5,COCONINO (5),170,FLAGSTAFF,10,Octubre,3,2022,12,57,US-89,2,US Highway,Rural,Arteria Principal,State Highway Agency,1,Sin jurisdiccion especial,316,35.655825,-111.514525,Vehiculo en movimiento,Golpe Lateral - misma direccion,Not an Intersection,No fue interseccion,Sobre calle,Ninguna,Dia total,lluvia,No,NO APLICA,13,2,13,31,1,03/10/2022,5
4,Arizona,40670,1,1,1,0,13,MARICOPA (13),190,GILBERT,10,Octubre,5,2022,7,50,E QUEEN CREEK RD,5,Calle Local - Pueblo,Urbano,Arteria Menor,Town or Township Highway Agency,0,Sin jurisdiccion especial,0,33.26302778,-111.7644778,Ciclista,El primer evento no fue una colision con un vehiculo automotor en transporte,Not an Intersection,No fue interseccion,Sobre el lado de la calle,Ninguna,Dia total,Despejado,No,NO APLICA,7,51,7,56,1,05/10/2022,1
4,Arizona,40671,0,0,2,0,13,MARICOPA (13),490,TEMPE,10,Octubre,5,2022,14,38,SR-101 RAMP-C,3,Highway estatal,Urbano,Arterial Principal -Freeway o ExpressWay,State Highway Agency,0,Sin jurisdiccion especial,537,33.38644444,-111.8929417,Otra barrera de trafico,El primer evento no fue una colision con un vehiculo automotor en transporte,Not an Intersection,No fue interseccion,Sobre el lado de la calle,Ninguna,Dia total,Despejado,No,NO APLICA,14,38,14,49,1,05/10/2022,2
4,Arizona,40672,0,0,2,0,21,PINAL (21),160,ELOY,10,Octubre,5,2022,21,4,SR-87,3,Highway estatal,Rural,Arteria Menor,County Highway Agency,0,Sin jurisdiccion especial,0,32.81765278,-111.6608083,Vehiculo en movimiento,Frente a frente,Not an Intersection,No fue interseccion,Sobre calle,Ninguna,Oscuro sin iluminacion,Despejado,No,NO APLICA,21,4,21,10,1,05/10/2022,2
4,Arizona,40673,0,0,2,0,13,MARICOPA (13),525,TONOPAH,10,Octubre,6,2022,2,54,I-10,1,Interestatal,Rural,Interestatal,State Highway Agency,1,Sin jurisdiccion especial,990,33.47935833,-112.8568417,Vehiculo en movimiento,Frente a Detrás,Not an Intersection,No fue interseccion,Sobre calle,Ninguna,Oscuro sin iluminacion,Despejado,No,NO APLICA,2,55,3,10,2,06/10/2022,6
4,Arizona,40674,0,0,2,0,13,MARICOPA (13),290,MESA,10,Octubre,6,2022,13,18,SR-24,3,Highway estatal,Rural,No reportado,Not Reported,0,Sin jurisdiccion especial,20,33.30517222,-111.6232056,Vehiculo en movimiento,Angulo,Four-Way Intersection,Interseccion de 4 direcciones,Sobre calle,Ninguna,Dia total,Despejado,No,NO APLICA,13,21,13,29,2,06/10/2022,5
4,Arizona,40675,0,0,2,0,5,COCONINO (5),0,NO APLICA,10,Octubre,6,2022,16,23,SR-89A,3,Highway estatal,Rural,Arteria Menor,State Highway Agency,0,Sin jurisdiccion especial,775,35.12171111,-111.7028583,Vehiculo en movimiento,Angulo,T-Intersection,Interseccion de T,Sobre calle,Ninguna,Dia total,Nublado,No,NO APLICA,16,26,16,31,1,06/10/2022,5
4,Arizona,40676,0,0,1,0,21,PINAL (21),0,NO APLICA,10,Octubre,8,2022,12,51,SR-79,3,Highway estatal,Rural,Arteria Menor,State Highway Agency,0,Sin jurisdiccion especial,79,32.64341944,-111.0175417,Poste de Señal de trafico,El primer evento no fue una colision con un vehiculo automotor en transporte,Not an Intersection,No fue interseccion,Sobre el lado de la calle,Ninguna,Dia total,Despejado,No,NO APLICA,12,54,13,5,1,08/10/2022,1
4,Arizona,40677,1,1,1,0,13,MARICOPA (13),370,PHOENIX,10,Octubre,8,2022,21,44,E BELL RD,6,Calle Local Municipalidad,Urbano,Arteria Principal,City or Municipal Highway Agency,1,Sin jurisdiccion especial,0,33.64055833,-112.007625,Peaton,El primer evento no fue una colision con un vehiculo automotor en transporte,T-Intersection,Interseccion de T,Sobre calle,Ninguna,Oscuro con iluminacion,Despejado,No,NO APLICA,99,99,99,99,1,08/10/2022,3
4,Arizona,40678,1,1,1,0,13,MARICOPA (13),290,MESA,10,Octubre,9,2022,19,40,CRISMON RD,6,Calle Local Municipalidad,Urbano,Arteria Menor,City or Municipal Highway Agency,0,Sin jurisdiccion especial,0,33.40770833,-111.6154472,Peaton,El primer evento no fue una colision con un vehiculo automotor en transporte,Four-Way Intersection,Interseccion de 4 direcciones,Sobre calle,Ninguna,Oscuro con iluminacion,Despejado,No,NO APLICA,19,40,19,44,1,09/10/2022,1
4,Arizona,40679,1,1,1,0,1,APACHE (1),415,SANDERS,10,Octubre,9,2022,23,56,US-191,2,US Highway,Rural,Arteria Menor,State Highway Agency,0,Sin jurisdiccion especial,3568,35.09735278,-109.3126167,Peaton,El primer evento no fue una colision con un vehiculo automotor en transporte,T-Intersection,Interseccion de T,Sobre calle,Ninguna,Oscuro sin iluminacion,Nublado,No,NO APLICA,23,56,0,8,1,09/10/2022,4