Estado,Nombre de Estado,Numero de Caso,Peatones,Personas _no_vehiculos,Vehiculos automotores,Vehiculos estacionados,Condado,Nombre Condado,Ciudad,Nombre Ciudad,Mes,Nombre Mes,Dia,Año,Hora,Minuto,Calle,Ruta,Nombre Ruta,Rural o Urbanoo,Sistema Funcional,Dueño Calle,Sistema Nacional Carreteras,Jurisdiccion Especial,Milla,Latitud,Longitud,Causa del Accidente,Tipo de Accidente,Tipo Interseccion,Columna1,Lugar en la calle,Zona de Trabajo,Luz,Clima,Autobus Escolar,Cruce de Trenes,Hora Notificacion,Minuto Notificacion,Hora Llegada,Minuto Llegada,Decesos,Fecha,PersonaVehiculo
4,Arizona,40680,0,0,1,0,25,YAVAPAI (25),0,NO APLICA,10,Octubre,10,2022,9,49,SR-89,3,Highway estatal,Rural,Arteria Menor,State Highway Agency,0,Sin jurisdiccion especial,447,34.47370278,-112.5145361,Volcadura,El primer evento no fue una colision con un vehiculo automotor en transporte,Not an Intersection,No fue interseccion,Sobre el lado de la calle,Ninguna,Reportada como desconocida,Reportado como desconocido,No,NO APLICA,10,19,10,30,1,10/10/2022,1
4,Arizona,40681,1,1,1,0,5,COCONINO (5),336,PAGE,10,Octubre,11,2022,16,22,ELM ST,6,Calle Local Municipalidad,Urbano,Arteria Menor,City or Municipal Highway Agency,0,Sin jurisdiccion especial,0,36.91677778,-111.4583722,Ciclista,El primer evento no fue una colision con un vehiculo automotor en transporte,Not an Intersection,No fue interseccion,Sobre calle,Ninguna,Atardecer,Despejado,No,NO APLICA,16,23,16,25,1,11/10/2022,1
4,Arizona,40682,0,0,3,0,25,YAVAPAI (25),386,PRESCOTT,10,Octubre,11,2022,17,57,WILLOW CREEK RD,6,Calle Local Municipalidad,Urbano,Arteria Menor,City or Municipal Highway Agency,0,Sin jurisdiccion especial,0,34.59768056,-112.4630111,Vehiculo en movimiento,Golpe Lateral - misma direccion,Not an Intersection,No fue interseccion,Sobre calle,Ninguna,Dia total,Despejado,No,NO APLICA,17,57,18,2,1,11/10/2022,3
4,Arizona,40683,0,0,2,0,7,GILA (7),210,GLOBE,10,Octubre,12,2022,15,16,US-60,2,US Highway,Urbano,Arteria Principal,State Highway Agency,1,Sin jurisdiccion especial,2164,33.41590556,-110.8007889,Vehiculo en movimiento,Angulo,Not an Intersection,No fue interseccion,Sobre calle,Ninguna,Dia total,Despejado,No,NO APLICA,15,16,15,23,1,12/10/2022,2
4,Arizona,40686,0,0,2,0,13,MARICOPA (13),290,MESA,10,Octubre,13,2022,16,7,E MAIN ST,6,Calle Local Municipalidad,Urbano,Arteria Menor,City or Municipal Highway Agency,0,Sin jurisdiccion especial,0,33.4152,-111.6675278,Vehiculo en movimiento,Angulo,Four-Way Intersection,Interseccion de 4 direcciones,Sobre calle,Ninguna,Dia total,Despejado,No,NO APLICA,16,7,16,8,1,13/10/2022,3
4,Arizona,40687,0,0,1,0,13,MARICOPA (13),370,PHOENIX,10,Octubre,15,2022,0,30,I-17,1,Interestatal,Urbano,Interestatal,State Highway Agency,1,Sin jurisdiccion especial,1979,33.42887222,-112.0999972,Barrera de Trafico de Concreto,El primer evento no fue una colision con un vehiculo automotor en transporte,Not an Intersection,No fue interseccion,En el medio,Ninguna,Oscuro con iluminacion,Despejado,No,NO APLICA,0,37,0,45,1,15/10/2022,1
4,Arizona,40688,0,0,1,0,15,MOHAVE (15),0,NO APLICA,10,Octubre,15,2022,12,10,I-40,1,Interestatal,Rural,Interestatal,State Highway Agency,1,Sin jurisdiccion especial,618,35.19574722,-113.866875,Volcadura,El primer evento no fue una colision con un vehiculo automotor en transporte,Not an Intersection,No fue interseccion,En el medio,Ninguna,Dia total,lluvia,No,NO APLICA,12,13,12,28,2,15/10/2022,2
4,Arizona,40689,0,0,1,0,7,GILA (7),0,NO APLICA,10,Octubre,17,2022,16,33,US-60 SR-77,2,US Highway,Rural,Arteria Menor,State Highway Agency,0,Sin jurisdiccion especial,2580,33.74364167,-110.52915,Otro objeto (no fijo),El primer evento no fue una colision con un vehiculo automotor en transporte,Not an Intersection,No fue interseccion,Sobre el lado de la calle,Ninguna,Dia total,lluvia,No,NO APLICA,16,51,17,44,1,17/10/2022,1
4,Arizona,40690,0,0,2,0,19,PIMA (19),530,TUCSON,10,Octubre,18,2022,18,23,GRANT RD,6,Calle Local Municipalidad,Urbano,Arteria Principal,City or Municipal Highway Agency,0,Sin jurisdiccion especial,99998,32.25059722,-110.8580111,Vehiculo en movimiento,Angulo,Four-Way Intersection,Interseccion de 4 direcciones,Sobre calle,Ninguna,Dia total,Despejado,No,NO APLICA,18,23,18,27,1,18/10/2022,3
4,Arizona,40691,1,1,1,0,17,NAVAJO (17),0,NO APLICA,10,Octubre,19,2022,12,5,SR-260,3,Highway estatal,Rural,Arteria Principal,State Highway Agency,1,Sin jurisdiccion especial,1115,34.33921389,-110.7278028,Peaton,El primer evento no fue una colision con un vehiculo automotor en transporte,Not an Intersection,No fue interseccion,Sobre calle,Ninguna,Dia total,Despejado,No,NO APLICA,12,5,12,16,1,19/10/2022,5
4,Arizona,40692,0,0,2,0,25,YAVAPAI (25),0,NO APLICA,10,Octubre,19,2022,23,6,SR-179,3,Highway estatal,Rural,Arteria Principal,State Highway Agency,1,Sin jurisdiccion especial,21,34.70734444,-111.7730528,Vehiculo en movimiento,Frente a frente,Not an Intersection,No fue interseccion,Sobre calle,Ninguna,Oscuro sin iluminacion,Despejado,No,NO APLICA,23,9,23,16,2,19/10/2022,2
4,Arizona,40693,1,1,1,0,13,MARICOPA (13),370,PHOENIX,10,Octubre,20,2022,5,41,BASELINE RD,6,Calle Local Municipalidad,Urbano,Arteria Principal,City or Municipal Highway Agency,1,Sin jurisdiccion especial,708,33.37804722,-112.0055917,Peaton,El primer evento no fue una colision con un vehiculo automotor en transporte,T-Intersection,Interseccion de T,Sobre calle,Ninguna,Dia total,Despejado,No,NO APLICA,99,98,99,98,1,20/10/2022,1
4,Arizona,40694,1,1,1,0,13,MARICOPA (13),370,PHOENIX,10,Octubre,20,2022,11,56,19 TH AVE,6,Calle Local Municipalidad,Urbano,Arteria Menor,City or Municipal Highway Agency,0,Sin jurisdiccion especial,207,33.60325278,-112.0996056,Peaton,El primer evento no fue una colision con un vehiculo automotor en transporte,Not an Intersection,No fue interseccion,Sobre calle,Ninguna,Dia total,Despejado,No,NO APLICA,99,99,99,99,1,20/10/2022,2
4,Arizona,40695,0,0,2,0,5,COCONINO (5),0,NO APLICA,10,Octubre,20,2022,19,47,US-89,2,US Highway,Rural,Arteria Principal,State Highway Agency,1,Sin jurisdiccion especial,800,36.31082778,-111.4681028,Vehiculo en movimiento,Frente a frente,Not an Intersection,No fue interseccion,Sobre calle,Ninguna,Oscuro con iluminacion,Despejado,No,NO APLICA,19,51,19,55,1,20/10/2022,2
4,Arizona,40697,0,0,3,0,13,MARICOPA (13),370,PHOENIX,10,Octubre,27,2022,1,54,I-10,1,Interestatal,Urbano,Interestatal,State Highway Agency,1,Sin jurisdiccion especial,1382,33.46264167,-112.1942139,Vehiculo en movimiento,Frente a Detrás,Not an Intersection,No fue interseccion,Sobre calle,Ninguna,Oscuro con iluminacion,Despejado,No,NO APLICA,1,54,2,7,1,27/10/2022,4
4,Arizona,40698,0,0,4,0,13,MARICOPA (13),220,GOODYEAR,10,Octubre,27,2022,23,18,SR-303,3,Highway estatal,Urbano,Arterial Principal -Freeway o ExpressWay,State Highway Agency,1,Sin jurisdiccion especial,44,33.50629444,-112.4188389,Vehiculo en movimiento,Frente a Detrás,Not an Intersection,No fue interseccion,Sobre calle,Ninguna,Oscuro con iluminacion,Despejado,No,NO APLICA,23,20,23,37,1,27/10/2022,4
4,Arizona,40699,0,0,2,0,13,MARICOPA (13),370,PHOENIX,10,Octubre,28,2022,5,26,I-10,1,Interestatal,Urbano,Interestatal,State Highway Agency,1,Sin jurisdiccion especial,1383,33.46266667,-112.1912583,Vehiculo en movimiento,Frente a Detrás,Not an Intersection,No fue interseccion,Sobre calle,Ninguna,Oscuro con iluminacion,Despejado,No,NO APLICA,5,27,5,42,1,28/10/2022,2
4,Arizona,40700,0,0,2,0,13,MARICOPA (13),0,NO APLICA,10,Octubre,28,2022,12,50,SR-347 MARICOPA RD,3,Highway estatal,Rural,Arteria Principal,State Highway Agency,1,Reservacion India,233,33.21913333,-111.9890278,Vehiculo en movimiento,Angulo,Four-Way Intersection,Interseccion de 4 direcciones,Sobre calle,Ninguna,Dia total,Despejado,No,NO APLICA,12,56,13,5,1,28/10/2022,5
4,Arizona,40701,0,0,2,0,13,MARICOPA (13),420,SCOTTSDALE,10,Octubre,28,2022,14,24,SR-74 CAREFREE HWY,3,Highway estatal,Urbano,Arteria Principal,State Highway Agency,0,Sin jurisdiccion especial,520,33.79924444,-111.9301583,Vehiculo en movimiento,Angulo,T-Intersection,Interseccion de T,Sobre calle,Ninguna,Dia total,Despejado,No,NO APLICA,14,24,14,30,1,28/10/2022,2
4,Arizona,40702,1,1,1,0,19,PIMA (19),530,TUCSON,10,Octubre,29,2022,1,30,I-10,1,Interestatal,Urbano,Interestatal,State Highway Agency,1,Sin jurisdiccion especial,2536,32.28053611,-111.0181361,Peaton,El primer evento no fue una colision con un vehiculo automotor en transporte,Not an Intersection,No fue interseccion,Sobre calle,Ninguna,Oscuro con iluminacion,Despejado,No,NO APLICA,1,33,1,45,1,29/10/2022,1
4,Arizona,40703,0,0,1,0,13,MARICOPA (13),0,NO APLICA,10,Octubre,29,2022,16,9,SR-88 APACHE TRL,3,Highway estatal,Rural,Colector Mayor,State Highway Agency,0,Sin jurisdiccion especial,179,33.52984167,-111.4058944,Otro objeto (no fijo),El primer evento no fue una colision con un vehiculo automotor en transporte,Not an Intersection,No fue interseccion,Sobre el lado de la calle,Ninguna,Dia total,Despejado,No,NO APLICA,16,11,16,40,1,29/10/2022,1
4,Arizona,40704,0,0,2,0,13,MARICOPA (13),0,NO APLICA,10,Octubre,30,2022,7,25,SR-85,3,Highway estatal,Rural,Arteria Principal,State Highway Agency,1,Sin jurisdiccion especial,21,32.97085833,-112.6729778,Vehiculo en movimiento,Frente a frente,Not an Intersection,No fue interseccion,Sobre calle,Ninguna,Dia total,Despejado,No,NO APLICA,7,30,7,43,1,30/10/2022,3
4,Arizona,40705,0,0,1,0,19,PIMA (19),335,ORO VALLEY,10,Octubre,31,2022,15,50,MAGEE RD,8,Otro,Urbano,Colector Mayor,County Highway Agency,0,Sin jurisdiccion especial,207,32.35171944,-110.9746611,Poste,El primer evento no fue una colision con un vehiculo automotor en transporte,Not an Intersection,No fue interseccion,Sobre el lado de la calle,Ninguna,Dia total,Despejado,No,NO APLICA,15,51,15,53,1,31/10/2022,1
4,Arizona,40706,1,1,1,0,13,MARICOPA (13),290,MESA,10,Octubre,31,2022,21,41,MCKELLIPS RD,6,Calle Local Municipalidad,Urbano,Arteria Menor,City or Municipal Highway Agency,0,Sin jurisdiccion especial,72,33.451425,-111.8159528,Peaton,El primer evento no fue una colision con un vehiculo automotor en transporte,Not an Intersection,No fue interseccion,Sobre calle,Ninguna,Oscuro con iluminacion,Despejado,No,NO APLICA,21,41,21,45,1,31/10/2022,3
4,Arizona,40707,1,1,1,0,13,MARICOPA (13),190,GILBERT,10,Octubre,31,2022,22,52,JUNIPER AVE,6,Calle Local Municipalidad,Urbano,Colector Mayor,City or Municipal Highway Agency,0,Sin jurisdiccion especial,99998,33.36098333,-111.7634,Peaton,El primer evento no fue una colision con un vehiculo automotor en transporte,Not an Intersection,No fue interseccion,Sobre calle,Ninguna,Oscuro con iluminacion,Despejado,No,NO APLICA,22,58,23,2,1,31/10/2022,1
4,Arizona,40708,1,1,1,0,19,PIMA (19),295,MARANA,10,Octubre,21,2022,19,55,AVRA VALLEY RD,6,Calle Local Municipalidad,Rural,Colector Mayor,City or Municipal Highway Agency,0,Sin jurisdiccion especial,152,32.3952,-111.2521194,Peaton,El primer evento no fue una colision con un vehiculo automotor en transporte,Not an Intersection,No fue interseccion,Sobre calle,Ninguna,Oscuro sin iluminacion,Despejado,No,NO APLICA,19,57,20,5,1,21/10/2022,2
4,Arizona,40709,0,0,1,0,13,MARICOPA (13),420,SCOTTSDALE,10,Octubre,22,2022,21,8,LEGACY BLVD,6,Calle Local Municipalidad,Urbano,Colector Mayor,City or Municipal Highway Agency,0,Sin jurisdiccion especial,99998,33.66163056,-111.9171083,Banqueta,El primer evento no fue una colision con un vehiculo automotor en transporte,Not an Intersection,No fue interseccion,Sobre el lado de la calle,Ninguna,Oscuro con iluminacion,Despejado,No,NO APLICA,21,8,21,21,1,22/10/2022,1
4,Arizona,40711,0,0,1,0,27,YUMA (27),0,NO APLICA,10,Octubre,23,2022,10,14,I-8,1,Interestatal,Rural,Interestatal,State Highway Agency,1,Sin jurisdiccion especial,720,32.82124722,-113.4671806,Arbusto,El primer evento no fue una colision con un vehiculo automotor en transporte,Not an Intersection,No fue interseccion,Sobre el lado de la calle,Ninguna,Dia total,Despejado,No,NO APLICA,10,14,10,45,1,23/10/2022,1
4,Arizona,40712,0,0,1,0,19,PIMA (19),0,NO APLICA,10,Octubre,23,2022,17,40,E RIVER RD,6,Calle Local Municipalidad,Urbano,Arteria Principal,City or Municipal Highway Agency,0,Sin jurisdiccion especial,15,32.28985833,-110.94725,Muro,El primer evento no fue una colision con un vehiculo automotor en transporte,Not an Intersection,No fue interseccion,Fuera de la calle,Ninguna,Atardecer,Despejado,No,NO APLICA,17,40,17,47,1,23/10/2022,1
4,Arizona,40713,0,0,2,0,13,MARICOPA (13),0,NO APLICA,10,Octubre,24,2022,17,25,GILBERT RD,6,Calle Local Municipalidad,Urbano,Arteria Menor,City or Municipal Highway Agency,0,Sin jurisdiccion especial,158,33.39767778,-111.7882111,Vehiculo en movimiento,Angulo,Not an Intersection,No fue interseccion,Sobre calle,Ninguna,Dia total,Despejado,No,NO APLICA,17,25,17,30,1,24/10/2022,2
4,Arizona,40714,0,0,1,0,13,MARICOPA (13),486,SURPRISE,3,Marzo,1,2022,99,99,N 134TH AVE,9,Desconocido,Unknown,No reportado,Not Reported,9,Desconocido,0,77.7777,777.7777,Desconocido,Reportado como desconocido,Not Reported,No reportado,No reportado,Ninguna,Reportada como desconocida,Reportado como desconocido,No,NO APLICA,99,99,99,99,1,01/03/2022,1
4,Arizona,40715,1,1,1,0,7,GILA (7),416,SAN CARLOS,3,Marzo,1,2022,20,2,BIA 903,8,Otro,Rural,Colector Menor,Bureau of Indian Affairs,0,Sin jurisdiccion especial,0,33.36805,-110.4650833,Peaton,El primer evento no fue una colision con un vehiculo automotor en transporte,Not Reported,No reportado,Sobre calle,Ninguna,Reportada como desconocida,Reportado como desconocido,No,NO APLICA,99,99,99,99,1,01/03/2022,1
4,Arizona,40716,0,0,1,0,25,YAVAPAI (25),0,NO APLICA,3,Marzo,3,2022,7,8,BRADSWHAW MTN RD,8,Otro,Rural,Local,Not Reported,0,Sin jurisdiccion especial,0,34.55258889,-112.2356417,Desconocido,Reportado como desconocido,Not Reported,No reportado,No reportado,Ninguna,Dia total,No reportado,No,NO APLICA,99,99,99,99,1,03/03/2022,1
4,Arizona,40717,0,0,1,0,17,NAVAJO (17),253,KAYENTA,3,Marzo,4,2022,6,15,GRADED DIRT RD,9,Desconocido,Unknown,Desconocido,Unknown,9,Desconocido,0,77.7777,777.7777,Volcadura,El primer evento no fue una colision con un vehiculo automotor en transporte,Not an Intersection,No fue interseccion,No reportado,Ninguna,Reportada como desconocida,Reportado como desconocido,No,NO APLICA,99,99,99,99,1,04/03/2022,1
4,Arizona,40719,0,0,1,0,5,COCONINO (5),170,FLAGSTAFF,3,Marzo,11,2022,8,4,US-180,2,US Highway,Unknown,Desconocido,Unknown,9,Sin jurisdiccion especial,99999,99.9999,999.9999,Desconocido,Reportado como desconocido,Not Reported,No reportado,No reportado,Ninguna,Dia total,No reportado,No,NO APLICA,99,99,99,99,1,11/03/2022,2
4,Arizona,40720,0,0,1,0,5,COCONINO (5),0,NO APLICA,3,Marzo,11,2022,19,2,SR-99,3,Highway estatal,Rural,Colector Mayor,State Highway Agency,0,Sin jurisdiccion especial,329,35.17040556,-110.9171361,Desconocido,Reportado como desconocido,Not Reported,No reportado,No reportado,Ninguna,Reportada como desconocida,Reportado como desconocido,No,NO APLICA,99,99,99,99,2,11/03/2022,2
4,Arizona,40721,0,0,1,0,17,NAVAJO (17),0,NO APLICA,3,Marzo,11,2022,22,10,SR-87,3,Highway estatal,Rural,Colector Mayor,State Highway Agency,0,Sin jurisdiccion especial,2424,35.16720278,-110.4504139,Desconocido,Reportado como desconocido,Not Reported,No reportado,No reportado,Ninguna,Oscuro - iluminacion desconocida,Reportado como desconocido,No,NO APLICA,99,99,99,99,1,11/03/2022,1
4,Arizona,40722,0,0,1,0,19,PIMA (19),530,TUCSON,3,Marzo,12,2022,17,22,S CRAZY CAT LN,8,Otro,Rural,Local,Not Reported,0,Sin jurisdiccion especial,0,32.16688889,-111.2482417,Volcadura,El primer evento no fue una colision con un vehiculo automotor en transporte,Not Reported,No reportado,No reportado,Ninguna,Reportada como desconocida,Reportado como desconocido,No,NO APLICA,99,99,99,99,1,12/03/2022,1
4,Arizona,40723,0,0,6,0,13,MARICOPA (13),490,TEMPE,3,Marzo,14,2022,11,30,S MCCLINTOCK DR,6,Calle Local Municipalidad,Urbano,Arteria Menor,City or Municipal Highway Agency,0,Sin jurisdiccion especial,0,33.37848611,-111.9092028,Vehiculo en movimiento,Angulo,Four-Way Intersection,Interseccion de 4 direcciones,Sobre calle,Ninguna,Dia total,Despejado,No,NO APLICA,99,99,99,99,1,14/03/2022,6
4,Arizona,40725,0,0,1,0,7,GILA (7),0,NO APLICA,3,Marzo,16,2022,99,99,BIA RD,9,Desconocido,Unknown,Desconocido,Bureau of Indian Affairs,0,Reservacion India,0,88.8888,888.8888,Desconocido,Reportado como desconocido,Not Reported,No reportado,No reportado,Ninguna,Oscuro - iluminacion desconocida,Reportado como desconocido,No,NO APLICA,99,99,99,99,1,16/03/2022,2
4,Arizona,40726,1,1,1,0,13,MARICOPA (13),370,PHOENIX,3,Marzo,19,2022,19,52,W INDIAN SCHOOL RD,6,Calle Local Municipalidad,Urbano,Arteria Principal,City or Municipal Highway Agency,1,Sin jurisdiccion especial,0,33.495025,-112.1300806,Ciclista,El primer evento no fue una colision con un vehiculo automotor en transporte,Four-Way Intersection,Interseccion de 4 direcciones,Sobre calle,Ninguna,Oscuro con iluminacion,Despejado,No,NO APLICA,19,52,19,58,1,19/03/2022,2
4,Arizona,40727,0,0,1,0,21,PINAL (21),0,NO APLICA,3,Marzo,19,2022,21,59,SR-87,3,Highway estatal,Rural,Arteria Menor,State Highway Agency,0,Sin jurisdiccion especial,99999,99.9999,999.9999,Desconocido,Reportado como desconocido,Not Reported,No reportado,Reportado como desconocida,Ninguna,Oscuro - iluminacion desconocida,Reportado como desconocido,No,NO APLICA,99,99,99,99,1,19/03/2022,1
4,Arizona,40728,0,0,1,0,7,GILA (7),0,NO APLICA,3,Marzo,19,2022,10,30,EL OSO RD,8,Otro,Rural,No reportado,U.S. Forest Service,0,Sin jurisdiccion especial,0,33.75138333,-111.3064972,Volcadura,El primer evento no fue una colision con un vehiculo automotor en transporte,Not an Intersection,No fue interseccion,Fuera de la calle,Ninguna,Reportada como desconocida,Reportado como desconocido,No,NO APLICA,99,98,99,98,2,19/03/2022,2
4,Arizona,40729,1,1,1,0,13,MARICOPA (13),370,PHOENIX,3,Marzo,20,2022,1,40,S 67TH AVE,6,Calle Local Municipalidad,Urbano,Arteria Menor,City or Municipal Highway Agency,0,Sin jurisdiccion especial,0,33.43063889,-112.2038806,Peaton,El primer evento no fue una colision con un vehiculo automotor en transporte,Not an Intersection,No fue interseccion,Sobre calle,Ninguna,Oscuro sin iluminacion,Despejado,No,NO APLICA,99,99,99,99,1,20/03/2022,1
4,Arizona,40730,0,0,1,0,13,MARICOPA (13),370,PHOENIX,3,Marzo,20,2022,17,10,N PALOMA PKWY,6,Calle Local Municipalidad,Urbano,Colector Mayor,City or Municipal Highway Agency,0,Sin jurisdiccion especial,0,33.77090556,-112.1013,Banqueta,El primer evento no fue una colision con un vehiculo automotor en transporte,Not an Intersection,No fue interseccion,Sobre el lado de la calle,Ninguna,Dia total,Despejado,No,NO APLICA,99,99,99,99,1,20/03/2022,1
4,Arizona,40731,0,0,1,0,1,APACHE (1),0,NO APLICA,3,Marzo,21,2022,4,35,BIA 59,8,Otro,Rural,Colector Mayor,Bureau of Indian Affairs,0,Desconocido,99999,99.9999,999.9999,Desconocido,Reportado como desconocido,Not an Intersection,No fue interseccion,Sobre el lado de la calle,Ninguna,Oscuro - iluminacion desconocida,Reportado como desconocido,No,NO APLICA,99,99,99,99,1,21/03/2022,1
4,Arizona,40732,0,0,1,0,13,MARICOPA (13),266,LAVEEN,3,Marzo,21,2022,99,99,51ST AVE,6,Calle Local Municipalidad,Urbano,Colector Mayor,County Highway Agency,0,Sin jurisdiccion especial,0,33.27279722,-112.1615028,Desconocido,Reportado como desconocido,Reported as Unknown,Desconocido,Reportado como desconocida,Ninguna,Reportada como desconocida,Reportado como desconocido,No,NO APLICA,99,99,99,99,1,21/03/2022,1
4,Arizona,40733,0,0,1,0,13,MARICOPA (13),388,QUEEN CREEK,3,Marzo,26,2022,99,99,W COMBS RD,5,Calle Local - Pueblo,Urbano,Colector Mayor,Town or Township Highway Agency,0,Sin jurisdiccion especial,0,99.9999,999.9999,Desconocido,Reportado como desconocido,Reported as Unknown,Desconocido,Reportado como desconocida,Ninguna,Reportada como desconocida,Reportado como desconocido,No,NO APLICA,99,99,99,99,1,26/03/2022,1
4,Arizona,40734,0,0,1,0,21,PINAL (21),405,SACATON,3,Marzo,26,2022,9,37,N STOTONIC RD,9,Desconocido,Unknown,Desconocido,Unknown,0,Sin jurisdiccion especial,0,99.9999,999.9999,Desconocido,Reportado como desconocido,Reported as Unknown,Desconocido,Sobre el lado de la calle,Ninguna,No reportada,Reportado como desconocido,No,NO APLICA,99,99,99,99,1,26/03/2022,2
4,Arizona,40735,0,0,1,0,19,PIMA (19),530,TUCSON,3,Marzo,29,2022,16,52,N ALVERNON WAY,6,Calle Local Municipalidad,Urbano,Arteria Principal,County Highway Agency,1,Sin jurisdiccion especial,0,77.7777,777.7777,Desconocido,Reportado como desconocido,Reported as Unknown,Desconocido,Reportado como desconocida,Ninguna,Reportada como desconocida,Reportado como desconocido,No,NO APLICA,99,99,99,99,1,29/03/2022,2
4,Arizona,40736,0,0,1,0,13,MARICOPA (13),370,PHOENIX,3,Marzo,29,2022,19,32,N 16TH ST,6,Calle Local Municipalidad,Urbano,Arteria Menor,City or Municipal Highway Agency,0,Sin jurisdiccion especial,0,33.42618333,-112.0478278,Piedrotototota,El primer evento no fue una colision con un vehiculo automotor en transporte,Not an Intersection,No fue interseccion,En el medio,Ninguna,Oscuro con iluminacion,Despejado,No,NO APLICA,99,99,99,99,1,29/03/2022,1
4,Arizona,40737,0,0,2,0,5,COCONINO (5),267,LEUPP,3,Marzo,29,2022,17,30,LEUPP RD,8,Otro,Rural,Colector Mayor,Bureau of Indian Affairs,0,Sin jurisdiccion especial,0,77.7777,777.7777,Vehiculo en movimiento,Angulo,Not an Intersection,No fue interseccion,Sobre calle,Ninguna,Reportada como desconocida,Reportado como desconocido,No,NO APLICA,99,99,99,99,1,29/03/2022,2
4,Arizona,40739,1,1,1,0,19,PIMA (19),530,TUCSON,4,Abril,24,2022,22,31,E TANQUE VERDE RD,6,Calle Local Municipalidad,Urbano,Arteria Menor,City or Municipal Highway Agency,0,Sin jurisdiccion especial,0,32.25066667,-110.8396278,Peaton,El primer evento no fue una colision con un vehiculo automotor en transporte,Not an Intersection,No fue interseccion,Sobre calle,Ninguna,Oscuro con iluminacion,Despejado,No,NO APLICA,21,18,20,24,1,24/04/2022,1
4,Arizona,40740,0,0,1,0,5,COCONINO (5),0,NO APLICA,3,Marzo,17,2022,6,21,I-17,1,Interestatal,Rural,Interestatal,State Highway Agency,1,Sin jurisdiccion especial,3247,34.96034722,-111.6796944,Animal vivo,El primer evento no fue una colision con un vehiculo automotor en transporte,Not an Intersection,No fue interseccion,Sobre calle,Ninguna,Amanecer,Despejado,No,NO APLICA,6,23,6,47,1,17/03/2022,1
4,Arizona,40741,0,0,2,0,13,MARICOPA (13),370,PHOENIX,3,Marzo,18,2022,12,32,E CACTUS RD,6,Calle Local Municipalidad,Urbano,Arteria Principal,City or Municipal Highway Agency,1,Sin jurisdiccion especial,0,33.59705556,-111.9958889,Vehiculo en movimiento,Angulo,Four-Way Intersection,Interseccion de 4 direcciones,Sobre calle,Ninguna,Dia total,Despejado,No,NO APLICA,99,99,99,99,2,18/03/2022,6
4,Arizona,40743,0,0,2,0,13,MARICOPA (13),263,LITCHFIELD PARK,4,Abril,3,2022,7,20,N 195TH AVE,9,Desconocido,Urbano,Colector Mayor,County Highway Agency,0,Sin jurisdiccion especial,0,33.51558056,-112.4788111,Vehiculo en movimiento,Angulo,T-Intersection,Interseccion de T,Sobre calle,Ninguna,Dia total,Despejado,No,NO APLICA,99,99,99,99,1,03/04/2022,2
4,Arizona,40744,0,0,2,0,13,MARICOPA (13),370,PHOENIX,4,Abril,12,2022,22,16,E THOMAS RD,6,Calle Local Municipalidad,Urbano,Arteria Menor,City or Municipal Highway Agency,0,Sin jurisdiccion especial,0,33.480325,-112.0302389,Vehiculo en movimiento,Angulo,Four-Way Intersection,Interseccion de 4 direcciones,Sobre calle,Ninguna,Oscuro con iluminacion,Despejado,No,NO APLICA,99,99,99,99,1,12/04/2022,4
4,Arizona,40745,1,1,1,0,13,MARICOPA (13),490,TEMPE,5,Mayo,1,2022,21,23,S PIERCE DR,6,Calle Local Municipalidad,Urbano,Arteria Menor,City or Municipal Highway Agency,0,Sin jurisdiccion especial,0,33.41294167,-111.9608889,Peaton,El primer evento no fue una colision con un vehiculo automotor en transporte,Four-Way Intersection,Interseccion de 4 direcciones,Sobre calle,Ninguna,Oscuro con iluminacion,Despejado,No,NO APLICA,21,23,21,30,1,01/05/2022,1
4,Arizona,40746,1,1,1,0,13,MARICOPA (13),200,GLENDALE,5,Mayo,13,2022,22,59,W OLIVE AVE,6,Calle Local Municipalidad,Urbano,Arteria Menor,City or Municipal Highway Agency,0,Sin jurisdiccion especial,0,33.56756389,-112.1558472,No vehiculo o remolque,El primer evento no fue una colision con un vehiculo automotor en transporte,Four-Way Intersection,Interseccion de 4 direcciones,Sobre calle,Ninguna,Oscuro con iluminacion,Despejado,No,NO APLICA,99,99,99,99,1,13/05/2022,1
4,Arizona,40747,0,0,1,0,13,MARICOPA (13),200,GLENDALE,5,Mayo,10,2022,11,55,N 83RD AVE,6,Calle Local Municipalidad,Urbano,Arteria Principal,City or Municipal Highway Agency,0,Sin jurisdiccion especial,0,33.64621667,-112.2369528,Banqueta,El primer evento no fue una colision con un vehiculo automotor en transporte,Not an Intersection,No fue interseccion,Sobre el lado de la calle,Ninguna,Dia total,Despejado,No,NO APLICA,99,99,99,99,1,10/05/2022,2
4,Arizona,40748,0,0,1,0,3,COCHISE (3),431,SIERRA VISTA,5,Mayo,10,2022,13,41,KACHINA TRL,6,Calle Local Municipalidad,Urbano,Colector Mayor,County Highway Agency,0,Sin jurisdiccion especial,0,31.49635556,-110.2608778,Muro,El primer evento no fue una colision con un vehiculo automotor en transporte,Not an Intersection,No fue interseccion,Sobre el lado de la calle,Ninguna,Dia total,Despejado,No,NO APLICA,13,43,13,46,1,10/05/2022,1
4,Arizona,40749,1,1,1,0,13,MARICOPA (13),370,PHOENIX,5,Mayo,17,2022,19,45,N 51ST AVE,6,Calle Local Municipalidad,Urbano,Arteria Principal,City or Municipal Highway Agency,1,Sin jurisdiccion especial,0,33.50697222,-112.1689167,Ciclista,El primer evento no fue una colision con un vehiculo automotor en transporte,Not an Intersection,No fue interseccion,Sobre calle,Ninguna,Oscuro con iluminacion,Despejado,No,NO APLICA,99,99,99,99,1,17/05/2022,1