Estado,Nombre de Estado,Numero de Caso,Peatones,Personas _no_vehiculos,Vehiculos automotores,Vehiculos estacionados,Condado,Nombre Condado,Ciudad,Nombre Ciudad,Mes,Nombre Mes,Dia,Año,Hora,Minuto,Calle,Ruta,Nombre Ruta,Rural o Urbanoo,Sistema Funcional,Dueño Calle,Sistema Nacional Carreteras,Jurisdiccion Especial,Milla,Latitud,Longitud,Causa del Accidente,Tipo de Accidente,Tipo Interseccion,Columna1,Lugar en la calle,Zona de Trabajo,Luz,Clima,Autobus Escolar,Cruce de Trenes,Hora Notificacion,Minuto Notificacion,Hora Llegada,Minuto Llegada,Decesos,Fecha,PersonaVehiculo
4,Arizona,40750,0,0,2,0,13,MARICOPA (13),80,CHANDLER,5,Mayo,25,2022,5,58,W CHANDLER BLVD,6,Calle Local Municipalidad,Urbano,Arteria Menor,City or Municipal Highway Agency,0,Sin jurisdiccion especial,0,33.30603056,-111.8546833,Vehiculo en movimiento,Angulo,Four-Way Intersection,Interseccion de 4 direcciones,Sobre calle,Ninguna,Dia total,Despejado,No,NO APLICA,5,59,6,6,1,25/05/2022,2
4,Arizona,40751,0,0,2,0,17,NAVAJO (17),253,KAYENTA,5,Mayo,26,2022,0,34,US-163,2,US Highway,Rural,Colector Mayor,State Highway Agency,0,Sin jurisdiccion especial,0,36.71855,-110.2541639,Vehiculo en movimiento,Frente a frente,Not an Intersection,No fue interseccion,Sobre calle,Ninguna,Oscuro con iluminacion,Despejado,No,NO APLICA,99,99,99,99,1,26/05/2022,3
4,Arizona,40752,0,0,1,0,13,MARICOPA (13),80,CHANDLER,5,Mayo,27,2022,14,59,S MCQUEEN RD,6,Calle Local Municipalidad,Urbano,Arteria Menor,City or Municipal Highway Agency,0,Sin jurisdiccion especial,0,33.33501111,-111.8243639,Banqueta,El primer evento no fue una colision con un vehiculo automotor en transporte,Four-Way Intersection,Interseccion de 4 direcciones,En el medio,Ninguna,Dia total,Despejado,No,NO APLICA,99,99,99,99,1,27/05/2022,1
4,Arizona,40753,1,1,1,0,13,MARICOPA (13),290,MESA,5,Mayo,28,2022,0,56,E UNIVERSITY DR,6,Calle Local Municipalidad,Urbano,Arteria Menor,County Highway Agency,0,Sin jurisdiccion especial,0,33.42289444,-111.7147139,Peaton,El primer evento no fue una colision con un vehiculo automotor en transporte,Not an Intersection,No fue interseccion,Sobre calle,Ninguna,Oscuro con iluminacion,Despejado,No,NO APLICA,0,56,1,6,1,28/05/2022,1
4,Arizona,40754,0,0,2,0,17,NAVAJO (17),0,NO APLICA,10,Octubre,2,2022,16,5,SR-377,3,Highway estatal,Rural,Colector Mayor,State Highway Agency,0,Sin jurisdiccion especial,239,34.75158333,-110.2575194,Vehiculo en movimiento,Frente a frente,Not an Intersection,No fue interseccion,Sobre calle,Ninguna,Dia total,Nublado,No,NO APLICA,16,6,16,28,1,02/10/2022,3
4,Arizona,40755,1,1,1,0,19,PIMA (19),530,TUCSON,10,Octubre,21,2022,18,25,E PIMA ST,6,Calle Local Municipalidad,Urbano,Colector Mayor,City or Municipal Highway Agency,0,Sin jurisdiccion especial,0,32.24340278,-110.8999222,Peaton,El primer evento no fue una colision con un vehiculo automotor en transporte,Not an Intersection,No fue interseccion,Sobre calle,Ninguna,Atardecer,Despejado,No,NO APLICA,18,24,18,28,1,21/10/2022,1
4,Arizona,40756,0,0,2,0,9,GRAHAM (9),0,NO APLICA,10,Octubre,12,2022,10,40,US-191,2,US Highway,Rural,Arteria Menor,State Highway Agency,0,Sin jurisdiccion especial,1151,32.75149722,-109.7163667,Vehiculo en movimiento,Angulo,T-Intersection,Interseccion de T,Sobre calle,Ninguna,Dia total,Despejado,No,NO APLICA,10,43,11,12,1,12/10/2022,3
4,Arizona,40757,0,0,2,0,13,MARICOPA (13),370,PHOENIX,10,Octubre,12,2022,16,51,E BASELINE RD,6,Calle Local Municipalidad,Urbano,Arteria Principal,City or Municipal Highway Agency,1,Sin jurisdiccion especial,0,33.37805278,-112.0226417,Vehiculo en movimiento,Frente a Detrás,Not an Intersection,No fue interseccion,Sobre calle,Ninguna,Dia total,Despejado,No,NO APLICA,99,99,99,99,1,12/10/2022,2
4,Arizona,40758,0,0,2,0,15,MOHAVE (15),260,KINGMAN,10,Octubre,13,2022,18,37,I-40,1,Interestatal,Urbano,Interestatal,State Highway Agency,1,Sin jurisdiccion especial,547,35.21264167,-113.9763583,Vehiculo en movimiento,Frente a Detrás,Not an Intersection,No fue interseccion,Sobre calle,Construccion,Dia total,Despejado,No,NO APLICA,18,40,18,43,1,13/10/2022,3
4,Arizona,40759,0,0,2,0,13,MARICOPA (13),370,PHOENIX,10,Octubre,14,2022,16,57,SR-202 EXIT RAMP,3,Highway estatal,Urbano,Arterial Principal -Freeway o ExpressWay,State Highway Agency,0,Sin jurisdiccion especial,9,33.46235,-112.0375472,Barrera de Trafico de Concreto,El primer evento no fue una colision con un vehiculo automotor en transporte,Not an Intersection,No fue interseccion,Sobre el lado de la calle,Ninguna,Dia total,Despejado,No,NO APLICA,17,0,17,5,1,14/10/2022,3
4,Arizona,40760,0,0,2,0,13,MARICOPA (13),486,SURPRISE,10,Octubre,17,2022,16,28,W DEER VALLEY RD,6,Calle Local Municipalidad,Urbano,Arteria Menor,City or Municipal Highway Agency,0,Sin jurisdiccion especial,0,33.6863,-112.3576944,Vehiculo en movimiento,Angulo,T-Intersection,Interseccion de T,Sobre calle,Ninguna,Dia total,Despejado,No,NO APLICA,16,29,16,36,1,17/10/2022,2
4,Arizona,40762,1,1,2,0,13,MARICOPA (13),370,PHOENIX,10,Octubre,18,2022,22,34,BELL RD,6,Calle Local Municipalidad,Urbano,Arteria Principal,City or Municipal Highway Agency,1,Sin jurisdiccion especial,0,33.64058056,-112.0330639,Peaton,El primer evento no fue una colision con un vehiculo automotor en transporte,T-Intersection,Interseccion de T,Sobre calle,Ninguna,Oscuro con iluminacion,Despejado,No,NO APLICA,99,99,99,99,1,18/10/2022,2
4,Arizona,40763,1,1,1,0,19,PIMA (19),530,TUCSON,10,Octubre,22,2022,4,54,S COUNTRY CLUB RD,6,Calle Local Municipalidad,Urbano,Colector Mayor,City or Municipal Highway Agency,0,Sin jurisdiccion especial,0,32.13886944,-110.9261472,Peaton,El primer evento no fue una colision con un vehiculo automotor en transporte,Not an Intersection,No fue interseccion,Sobre calle,Ninguna,Oscuro sin iluminacion,Despejado,No,NO APLICA,4,54,5,1,1,22/10/2022,1
4,Arizona,40764,0,0,2,0,13,MARICOPA (13),368,PEORIA,10,Octubre,22,2022,8,27,SR-4,3,Highway estatal,Rural,Arteria Principal,State Highway Agency,0,Sin jurisdiccion especial,249,33.797675,-112.2238361,Vehiculo en movimiento,Angulo,Not an Intersection,No fue interseccion,Sobre calle,Ninguna,Dia total,Despejado,No,NO APLICA,8,27,8,40,2,22/10/2022,3
4,Arizona,40765,1,1,1,0,19,PIMA (19),530,TUCSON,10,Octubre,27,2022,21,44,S ALVERNON WAY,6,Calle Local Municipalidad,Urbano,Arteria Principal,City or Municipal Highway Agency,0,Sin jurisdiccion especial,0,32.20560833,-110.9095,Peaton,El primer evento no fue una colision con un vehiculo automotor en transporte,Not an Intersection,No fue interseccion,Sobre calle,Ninguna,Oscuro - iluminacion desconocida,Despejado,No,NO APLICA,21,46,21,49,1,27/10/2022,1
4,Arizona,40766,0,0,1,0,3,COCHISE (3),40,BENSON,11,Noviembre,1,2022,16,54,I-10,1,Interestatal,Rural,Interestatal,State Highway Agency,1,Sin jurisdiccion especial,3033,31.96806111,-110.3329889,Volcadura,El primer evento no fue una colision con un vehiculo automotor en transporte,Not an Intersection,No fue interseccion,Sobre calle,Ninguna,Dia total,Despejado,No,NO APLICA,16,54,16,59,1,01/11/2022,1
4,Arizona,40767,0,0,2,0,21,PINAL (21),405,SACATON,11,Noviembre,2,2022,9,11,SR-587,3,Highway estatal,Urbano,Arteria Menor,State Highway Agency,1,Sin jurisdiccion especial,2,33.19921667,-111.8409389,Vehiculo en movimiento,Frente a frente,Not an Intersection,No fue interseccion,Sobre calle,Ninguna,Dia total,Nublado,No,NO APLICA,9,15,9,31,1,02/11/2022,2
4,Arizona,40768,0,0,2,0,13,MARICOPA (13),0,NO APLICA,11,Noviembre,2,2022,21,10,SR-347,3,Highway estatal,Rural,Arteria Principal,State Highway Agency,1,Sin jurisdiccion especial,241,33.21927222,-111.9890389,Vehiculo en movimiento,Angulo,Four-Way Intersection,Interseccion de 4 direcciones,Sobre calle,Ninguna,Oscuro sin iluminacion,Nublado,No,NO APLICA,21,13,21,20,1,02/11/2022,2
4,Arizona,40769,0,0,1,0,25,YAVAPAI (25),386,PRESCOTT,11,Noviembre,3,2022,1,16,SR-89,3,Highway estatal,Urbano,Arteria Menor,State Highway Agency,0,Sin jurisdiccion especial,0,34.52683889,-112.4791861,Banqueta,El primer evento no fue una colision con un vehiculo automotor en transporte,Not an Intersection,No fue interseccion,Sobre el lado de la calle,Ninguna,Oscuro sin iluminacion,Nublado,No,NO APLICA,1,16,1,20,1,03/11/2022,2
4,Arizona,40770,0,0,2,0,3,COCHISE (3),580,WILLCOX,11,Noviembre,4,2022,11,37,I-10,1,Interestatal,Rural,Interestatal,State Highway Agency,1,Sin jurisdiccion especial,3487,32.34516389,-109.7499889,Vehiculo en movimiento,Frente a frente,Not an Intersection,No fue interseccion,Sobre calle,Ninguna,Dia total,Despejado,No,NO APLICA,11,37,11,59,2,04/11/2022,3
4,Arizona,40771,1,1,1,0,13,MARICOPA (13),200,GLENDALE,11,Noviembre,4,2022,16,53,W GLENDALE AVE,6,Calle Local Municipalidad,Urbano,Arteria Menor,City or Municipal Highway Agency,0,Sin jurisdiccion especial,0,33.53833056,-112.1600944,Ciclista,El primer evento no fue una colision con un vehiculo automotor en transporte,Four-Way Intersection,Interseccion de 4 direcciones,Sobre calle,Ninguna,Atardecer,Despejado,No,NO APLICA,16,53,16,57,1,04/11/2022,2
4,Arizona,40772,0,0,2,0,19,PIMA (19),530,TUCSON,11,Noviembre,4,2022,18,18,N ALVERNON WAY,6,Calle Local Municipalidad,Urbano,Arteria Principal,City or Municipal Highway Agency,0,Sin jurisdiccion especial,0,32.241625,-110.9097028,Vehiculo en movimiento,Angulo,Four-Way Intersection,Interseccion de 4 direcciones,Sobre calle,Ninguna,Oscuro con iluminacion,Despejado,No,NO APLICA,18,18,18,25,1,04/11/2022,2
4,Arizona,40773,0,0,1,0,17,NAVAJO (17),0,NO APLICA,11,Noviembre,4,2022,21,15,US-60,2,US Highway,Rural,Arteria Menor,State Highway Agency,0,Sin jurisdiccion especial,2996,34.18542778,-110.0923472,Arbusto,El primer evento no fue una colision con un vehiculo automotor en transporte,Not an Intersection,No fue interseccion,Sobre el lado de la calle,Ninguna,Oscuro sin iluminacion,Despejado,No,NO APLICA,21,12,21,24,1,04/11/2022,1
4,Arizona,40774,0,0,2,0,13,MARICOPA (13),290,MESA,11,Noviembre,5,2022,1,55,N CENTER ST,6,Calle Local Municipalidad,Urbano,Colector Mayor,City or Municipal Highway Agency,0,Sin jurisdiccion especial,0,33.43499722,-111.8313167,Vehiculo en movimiento,Angulo,Four-Way Intersection,Interseccion de 4 direcciones,Sobre calle,Ninguna,Oscuro con iluminacion,Despejado,No,NO APLICA,1,55,2,2,1,05/11/2022,2
4,Arizona,40775,1,1,1,0,19,PIMA (19),530,TUCSON,11,Noviembre,5,2022,3,4,W VALENCIA RD,9,Desconocido,Urbano,Arteria Menor,County Highway Agency,0,Sin jurisdiccion especial,0,32.13346389,-111.0615472,Ciclista,El primer evento no fue una colision con un vehiculo automotor en transporte,Not an Intersection,No fue interseccion,No reportado,Ninguna,Oscuro sin iluminacion,Despejado,No,NO APLICA,99,99,99,99,1,05/11/2022,1
4,Arizona,40776,0,0,2,0,21,PINAL (21),0,NO APLICA,11,Noviembre,6,2022,11,23,US-60,2,US Highway,Rural,Arteria Principal,State Highway Agency,1,Sin jurisdiccion especial,2022,33.34267222,-110.9991194,Vehiculo en movimiento,Frente a frente,Not an Intersection,No fue interseccion,Sobre calle,Ninguna,Dia total,Despejado,No,NO APLICA,11,32,11,37,1,06/11/2022,3
4,Arizona,40777,0,0,1,0,13,MARICOPA (13),388,QUEEN CREEK,11,Noviembre,7,2022,11,35,S ELLSWORTH LOOP RD,5,Calle Local - Pueblo,Urbano,Arteria Principal,Town or Township Highway Agency,0,Sin jurisdiccion especial,0,33.25039444,-111.6377639,Banqueta,El primer evento no fue una colision con un vehiculo automotor en transporte,Not an Intersection,No fue interseccion,En el medio,Ninguna,Dia total,Despejado,No,NO APLICA,11,38,11,42,1,07/11/2022,1
4,Arizona,40778,0,0,1,0,19,PIMA (19),530,TUCSON,11,Noviembre,7,2022,12,12,W PIMA MINE RD,8,Otro,Rural,Colector Menor,County Highway Agency,0,Sin jurisdiccion especial,0,32.00113611,-111.0053833,Poste,El primer evento no fue una colision con un vehiculo automotor en transporte,Not an Intersection,No fue interseccion,Sobre el lado de la calle,Ninguna,Dia total,Despejado,No,NO APLICA,12,13,12,27,1,07/11/2022,1
4,Arizona,40779,0,0,1,0,13,MARICOPA (13),200,GLENDALE,11,Noviembre,7,2022,23,38,US-60,2,US Highway,Urbano,Arteria Principal,State Highway Agency,1,Sin jurisdiccion especial,1212,33.56041389,-112.2119417,Banqueta,El primer evento no fue una colision con un vehiculo automotor en transporte,Not an Intersection,No fue interseccion,Sobre el lado de la calle,Ninguna,Oscuro con iluminacion,Despejado,No,NO APLICA,23,39,23,46,1,07/11/2022,1
4,Arizona,40780,0,0,1,0,21,PINAL (21),0,NO APLICA,11,Noviembre,8,2022,2,22,SR-77,3,Highway estatal,Rural,Arteria Menor,State Highway Agency,0,Sin jurisdiccion especial,408,32.67597778,-110.6580306,Valla Ferrocarril,El primer evento no fue una colision con un vehiculo automotor en transporte,Not an Intersection,No fue interseccion,Sobre el lado de la calle,Ninguna,Oscuro sin iluminacion,Despejado,No,NO APLICA,2,33,2,45,1,08/11/2022,1
4,Arizona,40781,1,1,1,0,19,PIMA (19),530,TUCSON,11,Noviembre,8,2022,15,50,E LIMBERLOST DR,6,Calle Local Municipalidad,Urbano,Colector Mayor,City or Municipal Highway Agency,0,Sin jurisdiccion especial,0,32.28305833,-110.9609333,Peaton,El primer evento no fue una colision con un vehiculo automotor en transporte,Four-Way Intersection,Interseccion de 4 direcciones,Sobre calle,Ninguna,Dia total,Despejado,No,NO APLICA,13,57,14,1,1,08/11/2022,1
4,Arizona,40782,0,0,1,0,21,PINAL (21),332,ORACLE,11,Noviembre,9,2022,21,44,E PARK LINK DR,9,Desconocido,Rural,Colector Mayor,County Highway Agency,0,Sin jurisdiccion especial,0,32.61293056,-111.2360083,Volcadura,El primer evento no fue una colision con un vehiculo automotor en transporte,Not an Intersection,No fue interseccion,Sobre el lado de la calle,Ninguna,Oscuro sin iluminacion,Despejado,No,NO APLICA,21,20,21,30,1,09/11/2022,10
4,Arizona,40783,0,0,3,0,13,MARICOPA (13),200,GLENDALE,11,Noviembre,10,2022,15,26,SR-101,3,Highway estatal,Urbano,Arterial Principal -Freeway o ExpressWay,State Highway Agency,1,Sin jurisdiccion especial,167,33.6684,-112.1955889,Vehiculo en movimiento,Frente a Detrás,Not an Intersection,No fue interseccion,Sobre calle,Ninguna,Dia total,Despejado,No,NO APLICA,15,29,15,36,1,10/11/2022,6
4,Arizona,40785,0,0,1,0,13,MARICOPA (13),190,GILBERT,11,Noviembre,11,2022,5,0,E RAY RD,5,Calle Local - Pueblo,Urbano,Arteria Menor,Town or Township Highway Agency,0,Sin jurisdiccion especial,0,33.32129722,-111.7278111,Banqueta,El primer evento no fue una colision con un vehiculo automotor en transporte,Not an Intersection,No fue interseccion,En el medio,Ninguna,Oscuro con iluminacion,Nublado,No,NO APLICA,5,26,5,34,1,11/11/2022,1
4,Arizona,40786,2,2,1,0,13,MARICOPA (13),370,PHOENIX,11,Noviembre,11,2022,22,18,N 71ST AVE,6,Calle Local Municipalidad,Urbano,Colector Mayor,City or Municipal Highway Agency,0,Sin jurisdiccion especial,0,33.47407778,-112.2119194,Peaton,El primer evento no fue una colision con un vehiculo automotor en transporte,Not an Intersection,No fue interseccion,Sobre calle,Ninguna,Oscuro con iluminacion,Despejado,No,NO APLICA,99,99,99,99,1,11/11/2022,1
4,Arizona,40787,0,0,6,0,13,MARICOPA (13),290,MESA,11,Noviembre,13,2022,9,38,US-60 RAMP,2,US Highway,Urbano,Arterial Principal -Freeway o ExpressWay,State Highway Agency,1,Sin jurisdiccion especial,1506,33.38576389,-111.7887361,Vehiculo en movimiento,Frente a Detrás,Not an Intersection,No fue interseccion,Sobre calle,Ninguna,Dia total,Despejado,No,NO APLICA,9,39,9,42,1,13/11/2022,11
4,Arizona,40788,0,0,2,0,5,COCONINO (5),522,TONALEA,11,Noviembre,14,2022,10,52,US-160,2,US Highway,Rural,Arteria Principal,State Highway Agency,1,Sin jurisdiccion especial,286,36.29135556,-110.9906972,Vehiculo en movimiento,Frente a Detrás,Not an Intersection,No fue interseccion,Sobre calle,Ninguna,Dia total,Despejado,No,NO APLICA,10,52,11,2,1,14/11/2022,3
4,Arizona,40789,0,0,1,0,19,PIMA (19),530,TUCSON,11,Noviembre,14,2022,15,27,I-10 RAMP,1,Interestatal,Urbano,Interestatal,State Highway Agency,1,Sin jurisdiccion especial,2652,32.15974167,-110.9090306,Banqueta,El primer evento no fue una colision con un vehiculo automotor en transporte,Not an Intersection,No fue interseccion,Sobre el lado de la calle,Ninguna,Dia total,Despejado,No,NO APLICA,15,27,15,37,1,14/11/2022,1
4,Arizona,40790,0,0,2,0,19,PIMA (19),530,TUCSON,11,Noviembre,14,2022,12,46,E 22ND ST,6,Calle Local Municipalidad,Urbano,Arteria Menor,City or Municipal Highway Agency,0,Sin jurisdiccion especial,0,32.20688889,-110.8581778,Vehiculo en movimiento,Angulo,Four-Way Intersection,Interseccion de 4 direcciones,Sobre calle,Ninguna,Dia total,Despejado,No,NO APLICA,12,40,12,40,1,14/11/2022,2
4,Arizona,40791,0,0,1,0,19,PIMA (19),295,MARANA,11,Noviembre,14,2022,15,50,I-10,1,Interestatal,Urbano,Interestatal,State Highway Agency,1,Sin jurisdiccion especial,2473,32.35190833,-111.0828278,Acotamiento,El primer evento no fue una colision con un vehiculo automotor en transporte,Not an Intersection,No fue interseccion,Sobre el lado de la calle,Ninguna,Dia total,Despejado,No,NO APLICA,15,54,15,59,1,14/11/2022,1
4,Arizona,40792,0,2,3,1,21,PINAL (21),160,ELOY,11,Noviembre,15,2022,3,55,I-10,1,Interestatal,Urbano,Interestatal,State Highway Agency,1,Sin jurisdiccion especial,2082,32.73618333,-111.5533028,Vehiculo Aparcado,El primer evento no fue una colision con un vehiculo automotor en transporte,Not an Intersection,No fue interseccion,Sobre Acotamiento,Ninguna,Oscuro con iluminacion,Despejado,No,NO APLICA,3,59,4,10,2,15/11/2022,3
4,Arizona,40793,1,1,1,0,13,MARICOPA (13),290,MESA,12,Diciembre,1,2022,6,55,E 10TH AVE,8,Otro,Urbano,Arteria Menor,City or Municipal Highway Agency,0,Sin jurisdiccion especial,0,33.39698611,-111.8231194,Peaton,El primer evento no fue una colision con un vehiculo automotor en transporte,T-Intersection,Interseccion de T,Sobre calle,Ninguna,Amanecer,Despejado,No,NO APLICA,6,55,7,0,1,01/12/2022,1
4,Arizona,40794,0,0,3,0,13,MARICOPA (13),486,SURPRISE,12,Diciembre,2,2022,9,9,US-60,2,US Highway,Urbano,Arteria Principal,State Highway Agency,1,Sin jurisdiccion especial,1107,33.64953889,-112.3641278,Vehiculo en movimiento,Frente a Detrás,T-Intersection,Interseccion de T,Sobre calle,Ninguna,Dia total,Despejado,No,NO APLICA,9,9,9,13,2,02/12/2022,4
4,Arizona,40795,0,0,1,0,13,MARICOPA (13),290,MESA,12,Diciembre,2,2022,11,56,S RECKER RD,6,Calle Local Municipalidad,Urbano,Colector Mayor,City or Municipal Highway Agency,0,Sin jurisdiccion especial,144,33.41095556,-111.7018417,Culvert,El primer evento no fue una colision con un vehiculo automotor en transporte,Not an Intersection,No fue interseccion,Sobre el lado de la calle,Ninguna,Dia total,Despejado,No,NO APLICA,11,58,12,4,1,02/12/2022,1
4,Arizona,40796,1,1,1,0,13,MARICOPA (13),370,PHOENIX,12,Diciembre,2,2022,18,8,E GREENWAY RD,8,Otro,Urbano,Arteria Menor,City or Municipal Highway Agency,0,Sin jurisdiccion especial,274,33.62624444,-111.9960083,Peaton,El primer evento no fue una colision con un vehiculo automotor en transporte,Four-Way Intersection,Interseccion de 4 direcciones,Sobre calle,Ninguna,Oscuro con iluminacion,Despejado,No,NO APLICA,99,99,99,99,1,02/12/2022,1
4,Arizona,40797,1,1,1,0,13,MARICOPA (13),370,PHOENIX,12,Diciembre,2,2022,23,5,27TH AVE,6,Calle Local Municipalidad,Urbano,Arteria Menor,City or Municipal Highway Agency,0,Sin jurisdiccion especial,157,33.51976111,-112.1169028,Peaton,El primer evento no fue una colision con un vehiculo automotor en transporte,Not an Intersection,No fue interseccion,Sobre calle,Ninguna,Oscuro con iluminacion,Despejado,No,NO APLICA,99,99,99,99,1,02/12/2022,2
4,Arizona,40798,1,1,1,0,19,PIMA (19),530,TUCSON,12,Diciembre,4,2022,20,2,IRVINGTON RD,6,Calle Local Municipalidad,Urbano,Arteria Principal,City or Municipal Highway Agency,1,Sin jurisdiccion especial,9,32.163375,-110.9513861,Peaton,El primer evento no fue una colision con un vehiculo automotor en transporte,Not an Intersection,No fue interseccion,Sobre calle,Ninguna,Oscuro sin iluminacion,lluvia,No,NO APLICA,20,1,20,4,1,04/12/2022,3
4,Arizona,40800,1,1,1,0,21,PINAL (21),0,NO APLICA,12,Diciembre,6,2022,3,27,FLORENCE KELVIN HWY,9,Desconocido,Rural,Colector Mayor,County Highway Agency,0,Sin jurisdiccion especial,0,33.00186389,-111.2836167,Peaton,El primer evento no fue una colision con un vehiculo automotor en transporte,Not an Intersection,No fue interseccion,Sobre calle,Ninguna,Oscuro sin iluminacion,Nublado,No,NO APLICA,3,28,99,97,1,06/12/2022,1
4,Arizona,40801,0,0,1,0,13,MARICOPA (13),486,SURPRISE,12,Diciembre,7,2022,17,10,151ST AVE,8,Otro,Urbano,Local,Not Reported,0,Sin jurisdiccion especial,0,33.62908056,-112.3852889,Banqueta,El primer evento no fue una colision con un vehiculo automotor en transporte,Not an Intersection,No fue interseccion,Sobre el lado de la calle,Ninguna,Atardecer,Despejado,No,NO APLICA,17,12,17,18,2,07/12/2022,4
4,Arizona,40803,1,1,1,0,19,PIMA (19),530,TUCSON,12,Diciembre,8,2022,23,6,SR-86,3,Highway estatal,Urbano,Arteria Principal,State Highway Agency,0,Sin jurisdiccion especial,1154,32.17661944,-111.0290833,Peaton,El primer evento no fue una colision con un vehiculo automotor en transporte,Not an Intersection,No fue interseccion,Reportado como desconocida,Ninguna,Oscuro sin iluminacion,Despejado,No,NO APLICA,23,23,23,40,1,08/12/2022,1
4,Arizona,40804,0,0,3,0,25,YAVAPAI (25),0,NO APLICA,12,Diciembre,12,2022,8,36,I-40,1,Interestatal,Rural,Interestatal,State Highway Agency,1,Sin jurisdiccion especial,1245,35.29719444,-112.8324667,Vehiculo en movimiento,Golpe Lateral - misma direccion,Not an Intersection,No fue interseccion,Sobre calle,Ninguna,Dia total,Nieve,No,NO APLICA,8,37,8,55,2,12/12/2022,11
4,Arizona,40805,1,1,1,0,13,MARICOPA (13),486,SURPRISE,12,Diciembre,12,2022,9,26,MOUNTAIN VIEW BLVD,6,Calle Local Municipalidad,Urbano,Colector Mayor,City or Municipal Highway Agency,0,Sin jurisdiccion especial,4,33.67283056,-112.41645,Peaton,El primer evento no fue una colision con un vehiculo automotor en transporte,T-Intersection,Interseccion de T,Sobre calle,Ninguna,Dia total,Despejado,No,NO APLICA,9,27,9,33,1,12/12/2022,1
4,Arizona,40806,0,0,2,0,21,PINAL (21),332,ORACLE,12,Diciembre,13,2022,6,1,SR-77,3,Highway estatal,Rural,Arteria Menor,State Highway Agency,0,Sin jurisdiccion especial,326,32.62256111,-110.7914389,Vehiculo en movimiento,Angulo,Four-Way Intersection,Interseccion de 4 direcciones,Sobre calle,Ninguna,Oscuro sin iluminacion,Despejado,No,NO APLICA,6,4,6,10,1,13/12/2022,2
4,Arizona,40808,0,0,2,0,17,NAVAJO (17),429,SHOW LOW,12,Diciembre,14,2022,10,6,SR-77,3,Highway estatal,Rural,Arteria Principal,State Highway Agency,1,Sin jurisdiccion especial,1739,34.27941667,-110.0267639,Vehiculo en movimiento,Frente a frente,Not an Intersection,No fue interseccion,Sobre calle,Ninguna,Dia total,Nieve,No,NO APLICA,10,6,10,15,1,14/12/2022,3
4,Arizona,40810,0,0,3,0,13,MARICOPA (13),190,GILBERT,12,Diciembre,15,2022,13,24,BASELINE RD,6,Calle Local Municipalidad,Urbano,Arteria Menor,City or Municipal Highway Agency,0,Sin jurisdiccion especial,848,33.37921667,-111.7626556,Vehiculo en movimiento,Angulo,Four-Way Intersection,Interseccion de 4 direcciones,Sobre calle,Ninguna,Dia total,Nublado,No,NO APLICA,13,24,13,29,1,15/12/2022,4
4,Arizona,40811,1,1,1,0,3,COCHISE (3),0,NO APLICA,12,Diciembre,18,2022,22,8,SR-92,3,Highway estatal,Urbano,Arteria Menor,State Highway Agency,0,Sin jurisdiccion especial,48,31.48480833,-110.2573972,Peaton,El primer evento no fue una colision con un vehiculo automotor en transporte,Not an Intersection,No fue interseccion,Sobre calle,Ninguna,Oscuro sin iluminacion,Despejado,No,NO APLICA,22,8,22,9,1,18/12/2022,1
4,Arizona,40812,0,0,1,0,5,COCONINO (5),0,NO APLICA,12,Diciembre,19,2022,13,42,I-17,1,Interestatal,Rural,Interestatal,State Highway Agency,1,Sin jurisdiccion especial,1197,34.84920278,-111.6053028,Otro objeto (no fijo),El primer evento no fue una colision con un vehiculo automotor en transporte,Not an Intersection,No fue interseccion,Sobre el lado de la calle,Ninguna,Dia total,Despejado,No,NO APLICA,1,35,1,40,1,19/12/2022,1
4,Arizona,40813,1,1,1,0,21,PINAL (21),0,NO APLICA,12,Diciembre,19,2022,17,59,IRONWOOD DR,8,Otro,Urbano,Arteria Menor,County Highway Agency,0,Sin jurisdiccion especial,390,33.25091667,-111.5632167,Peaton,El primer evento no fue una colision con un vehiculo automotor en transporte,Not an Intersection,No fue interseccion,Sobre calle,Ninguna,Atardecer,Despejado,No,NO APLICA,17,59,18,18,1,19/12/2022,1
4,Arizona,40815,0,0,2,0,13,MARICOPA (13),368,PEORIA,12,Diciembre,23,2022,22,56,OLIVE AVE,8,Otro,Urbano,Arteria Menor,State Highway Agency,0,Sin jurisdiccion especial,411,33.56619444,-112.2583361,Vehiculo en movimiento,Frente a Detrás,Four-Way Intersection,Interseccion de 4 direcciones,Sobre calle,Ninguna,Oscuro con iluminacion,Despejado,No,NO APLICA,22,56,23,2,1,23/12/2022,2
4,Arizona,40816,0,0,1,0,21,PINAL (21),0,NO APLICA,12,Diciembre,24,2022,1,49,EARLY RD,8,Otro,Urbano,Colector Mayor,County Highway Agency,0,Sin jurisdiccion especial,0,32.86492778,-111.7373194,Otro objeto (fijo),El primer evento no fue una colision con un vehiculo automotor en transporte,T-Intersection,Interseccion de T,Sobre el lado de la calle,Ninguna,Oscuro con iluminacion,Despejado,No,NO APLICA,1,49,1,53,1,24/12/2022,2
4,Arizona,40817,0,0,3,0,13,MARICOPA (13),420,SCOTTSDALE,12,Diciembre,24,2022,1,56,SR-101,3,Highway estatal,Urbano,Arterial Principal -Freeway o ExpressWay,State Highway Agency,1,Sin jurisdiccion especial,407,33.57001944,-111.8905028,Vehiculo en movimiento,Golpe Lateral - direccion contraria,Not an Intersection,No fue interseccion,Sobre calle,Ninguna,Oscuro con iluminacion,Despejado,No,NO APLICA,1,59,2,6,1,24/12/2022,5
4,Arizona,40818,0,0,2,0,13,MARICOPA (13),420,SCOTTSDALE,12,Diciembre,30,2022,19,8,HAYDEN RD,6,Calle Local Municipalidad,Urbano,Arteria Menor,City or Municipal Highway Agency,0,Sin jurisdiccion especial,104,33.59742778,-111.9085194,Vehiculo en movimiento,Frente a frente,Not an Intersection,No fue interseccion,Sobre calle,Ninguna,Oscuro con iluminacion,Nublado,No,NO APLICA,19,8,19,17,1,30/12/2022,4