Estado,Nombre de Estado,Numero de Caso,Peatones,Personas _no_vehiculos,Vehiculos automotores,Vehiculos estacionados,Condado,Nombre Condado,Ciudad,Nombre Ciudad,Mes,Nombre Mes,Dia,Año,Hora,Minuto,Calle,Ruta,Nombre Ruta,Rural o Urbanoo,Sistema Funcional,Dueño Calle,Sistema Nacional Carreteras,Jurisdiccion Especial,Milla,Latitud,Longitud,Causa del Accidente,Tipo de Accidente,Tipo Interseccion,Columna1,Lugar en la calle,Zona de Trabajo,Luz,Clima,Autobus Escolar,Cruce de Trenes,Hora Notificacion,Minuto Notificacion,Hora Llegada,Minuto Llegada,Decesos,Fecha,PersonaVehiculo
4,Arizona,40819,0,0,2,0,13,MARICOPA (13),388,QUEEN CREEK,11,Noviembre,16,2022,5,38,E GERMAN RD,6,Calle Local Municipalidad,Urbano,Colector Mayor,County Highway Agency,0,Sin jurisdiccion especial,0,33.27754444,-111.6115639,Vehiculo en movimiento,Golpe Lateral - direccion contraria,Not an Intersection,No fue interseccion,Sobre calle,Ninguna,Oscuro sin iluminacion,Despejado,No,NO APLICA,5,38,99,99,1,16/11/2022,2
4,Arizona,40820,1,1,1,0,13,MARICOPA (13),370,PHOENIX,11,Noviembre,17,2022,1,54,I-10,1,Interestatal,Urbano,Interestatal,State Highway Agency,1,Sin jurisdiccion especial,1350,33.4621,-112.2332222,Peaton,El primer evento no fue una colision con un vehiculo automotor en transporte,Not an Intersection,No fue interseccion,Sobre calle,Ninguna,Oscuro con iluminacion,Despejado,No,NO APLICA,1,54,2,6,1,17/11/2022,2
4,Arizona,40821,0,0,1,0,15,MOHAVE (15),0,NO APLICA,11,Noviembre,17,2022,21,23,I-15,1,Interestatal,Rural,Interestatal,State Highway Agency,1,Sin jurisdiccion especial,80,36.8874,-113.935,Piedrotototota,El primer evento no fue una colision con un vehiculo automotor en transporte,Not an Intersection,No fue interseccion,Fuera de la calle,Ninguna,Oscuro con iluminacion,Despejado,No,NO APLICA,21,25,21,31,1,17/11/2022,1
4,Arizona,40822,0,0,2,0,13,MARICOPA (13),190,GILBERT,11,Noviembre,18,2022,0,42,N GREENFIELD RD,5,Calle Local - Pueblo,Urbano,Arteria Menor,Town or Township Highway Agency,0,Sin jurisdiccion especial,0,33.37917778,-111.739575,Vehiculo en movimiento,Angulo,Four-Way Intersection,Interseccion de 4 direcciones,Sobre calle,Ninguna,Oscuro con iluminacion,Despejado,No,NO APLICA,99,99,99,99,1,18/11/2022,2
4,Arizona,40823,0,0,2,0,13,MARICOPA (13),370,PHOENIX,11,Noviembre,18,2022,13,1,N 24TH ST,6,Calle Local Municipalidad,Urbano,Arteria Menor,City or Municipal Highway Agency,0,Sin jurisdiccion especial,0,33.4761,-112.0302667,Vehiculo en movimiento,Frente a frente,Not an Intersection,No fue interseccion,Sobre calle,Ninguna,Dia total,Despejado,No,NO APLICA,99,99,99,99,1,18/11/2022,4
4,Arizona,40824,0,0,1,0,13,MARICOPA (13),0,NO APLICA,11,Noviembre,18,2022,17,11,SR-87,3,Highway estatal,Rural,Arterial Principal -Freeway o ExpressWay,State Highway Agency,1,Sin jurisdiccion especial,865,33.65880556,-111.5208444,Volcadura,El primer evento no fue una colision con un vehiculo automotor en transporte,Not an Intersection,No fue interseccion,En el medio,Ninguna,Atardecer,Despejado,No,NO APLICA,17,19,17,32,1,18/11/2022,1
4,Arizona,40825,0,0,3,0,13,MARICOPA (13),368,PEORIA,11,Noviembre,19,2022,11,16,SR-101,3,Highway estatal,Urbano,Arterial Principal -Freeway o ExpressWay,State Highway Agency,1,Sin jurisdiccion especial,67,33.5634,-112.2571222,Vehiculo en movimiento,Golpe Lateral - misma direccion,Not an Intersection,No fue interseccion,Sobre calle,Ninguna,Dia total,Despejado,No,NO APLICA,11,20,11,33,1,19/11/2022,6
4,Arizona,40826,0,0,2,0,13,MARICOPA (13),220,GOODYEAR,11,Noviembre,19,2022,15,16,W INDIAN SCHOOL RD,6,Calle Local Municipalidad,Urbano,Arteria Menor,City or Municipal Highway Agency,0,Sin jurisdiccion especial,0,33.48671389,-112.3733028,Vehiculo en movimiento,Angulo,T-Intersection,Interseccion de T,Sobre calle,Ninguna,Dia total,Despejado,No,NO APLICA,15,17,15,21,2,19/11/2022,4
4,Arizona,40827,0,0,2,0,13,MARICOPA (13),420,SCOTTSDALE,11,Noviembre,20,2022,18,42,N 94TH ST,6,Calle Local Municipalidad,Urbano,Arteria Menor,City or Municipal Highway Agency,0,Sin jurisdiccion especial,0,33.61165,-111.8782528,Vehiculo en movimiento,Angulo,Four-Way Intersection,Interseccion de 4 direcciones,Sobre calle,Ninguna,Oscuro con iluminacion,Despejado,No,NO APLICA,18,42,18,45,1,20/11/2022,4
4,Arizona,40828,0,0,2,0,13,MARICOPA (13),368,PEORIA,11,Noviembre,20,2022,21,0,N 107TH AVE,6,Calle Local Municipalidad,Urbano,Arteria Menor,City or Municipal Highway Agency,0,Sin jurisdiccion especial,0,33.67815,-112.2899139,Vehiculo en movimiento,Angulo,T-Intersection,Interseccion de T,Sobre calle,Ninguna,Oscuro con iluminacion,Despejado,No,NO APLICA,21,0,99,99,5,20/11/2022,7
4,Arizona,40831,0,0,1,0,27,YUMA (27),0,NO APLICA,11,Noviembre,22,2022,13,30,S AVE 42 E,8,Otro,Rural,Local,Not Reported,0,Sin jurisdiccion especial,0,32.76808333,-113.9191861,Otro objeto (no fijo),El primer evento no fue una colision con un vehiculo automotor en transporte,Not an Intersection,No fue interseccion,Sobre el lado de la calle,Ninguna,Dia total,Despejado,No,NO APLICA,13,30,99,99,1,22/11/2022,2
4,Arizona,40832,0,0,1,0,21,PINAL (21),70,CASA GRANDE,11,Noviembre,23,2022,4,0,I-10,1,Interestatal,Rural,Interestatal,State Highway Agency,1,Sin jurisdiccion especial,1855,33.01022222,-111.7585139,Volcadura,El primer evento no fue una colision con un vehiculo automotor en transporte,Not an Intersection,No fue interseccion,En el medio,Ninguna,Oscuro sin iluminacion,Despejado,No,NO APLICA,4,0,4,7,3,23/11/2022,7
4,Arizona,40833,0,0,2,0,13,MARICOPA (13),322,MORRISTOWN,11,Noviembre,23,2022,13,41,SR-74,3,Highway estatal,Rural,Arteria Principal,State Highway Agency,0,Sin jurisdiccion especial,9,33.86215556,-112.6138444,Vehiculo en movimiento,Angulo,Four-Way Intersection,Interseccion de 4 direcciones,Sobre calle,Ninguna,Dia total,Despejado,No,NO APLICA,13,43,13,43,2,23/11/2022,4
4,Arizona,40834,0,0,3,0,5,COCONINO (5),0,NO APLICA,11,Noviembre,23,2022,18,34,US-160,2,US Highway,Rural,Arteria Principal,State Highway Agency,1,Reservacion India,286,36.292925,-110.9883944,Vehiculo en movimiento,Frente a frente,Not an Intersection,No fue interseccion,Sobre calle,Ninguna,Oscuro sin iluminacion,Despejado,No,NO APLICA,18,35,18,50,1,23/11/2022,3
4,Arizona,40835,0,0,1,0,13,MARICOPA (13),290,MESA,11,Noviembre,23,2022,20,20,E ELLIOT RD,6,Calle Local Municipalidad,Urbano,Arteria Principal,City or Municipal Highway Agency,0,Sin jurisdiccion especial,0,33.35058056,-111.6816722,Barrera de Trafico de Concreto,El primer evento no fue una colision con un vehiculo automotor en transporte,Not an Intersection,No fue interseccion,Sobre el lado de la calle,Ninguna,Oscuro sin iluminacion,Despejado,No,NO APLICA,20,20,20,40,1,23/11/2022,1
4,Arizona,40836,0,0,1,0,13,MARICOPA (13),370,PHOENIX,11,Noviembre,27,2022,12,57,N 29TH AVE,6,Calle Local Municipalidad,Urbano,Colector Mayor,City or Municipal Highway Agency,0,Sin jurisdiccion especial,0,33.64210278,-112.1212861,Poste de Señal de trafico,El primer evento no fue una colision con un vehiculo automotor en transporte,Not an Intersection,No fue interseccion,Sobre el lado de la calle,Ninguna,Dia total,Despejado,No,NO APLICA,99,99,99,99,1,27/11/2022,1
4,Arizona,40837,1,1,1,0,13,MARICOPA (13),370,PHOENIX,11,Noviembre,27,2022,18,59,I-17,1,Interestatal,Urbano,Interestatal,State Highway Agency,1,Sin jurisdiccion especial,120,33.54906667,-112.1124306,Peaton,El primer evento no fue una colision con un vehiculo automotor en transporte,Not an Intersection,No fue interseccion,Sobre calle,Ninguna,Oscuro con iluminacion,Despejado,No,NO APLICA,19,0,19,12,1,27/11/2022,6
4,Arizona,40839,1,1,1,0,19,PIMA (19),530,TUCSON,11,Noviembre,28,2022,17,54,N KOLB RD,6,Calle Local Municipalidad,Urbano,Arteria Principal,City or Municipal Highway Agency,0,Sin jurisdiccion especial,0,32.23274722,-110.8409278,Peaton,El primer evento no fue una colision con un vehiculo automotor en transporte,T-Intersection,Interseccion de T,Sobre calle,Ninguna,Oscuro con iluminacion,Despejado,No,NO APLICA,17,54,18,1,1,28/11/2022,1
4,Arizona,40840,0,0,1,0,21,PINAL (21),110,COOLIDGE,4,Abril,1,2022,23,57,BLACKWATER SCHOOL RD,9,Desconocido,Unknown,Desconocido,Unknown,0,Sin jurisdiccion especial,0,99.9999,999.9999,Desconocido,Reportado como desconocido,Reported as Unknown,Desconocido,Reportado como desconocida,Ninguna,Oscuro - iluminacion desconocida,Reportado como desconocido,No,NO APLICA,99,99,99,99,1,01/04/2022,2
4,Arizona,40841,1,1,1,0,13,MARICOPA (13),370,PHOENIX,4,Abril,2,2022,23,16,N 32ND ST,6,Calle Local Municipalidad,Urbano,Arteria Menor,City or Municipal Highway Agency,0,Sin jurisdiccion especial,0,33.48036667,-112.0129889,Ciclista,El primer evento no fue una colision con un vehiculo automotor en transporte,Four-Way Intersection,Interseccion de 4 direcciones,Sobre calle,Ninguna,Oscuro con iluminacion,Despejado,No,NO APLICA,99,99,99,99,1,02/04/2022,1
4,Arizona,40843,0,0,1,0,17,NAVAJO (17),565,WHITERIVER,4,Abril,3,2022,5,8,E FORK RD,9,Desconocido,Unknown,Desconocido,Unknown,0,Sin jurisdiccion especial,0,99.9999,999.9999,Desconocido,Reportado como desconocido,Reported as Unknown,Desconocido,Reportado como desconocida,Ninguna,Reportada como desconocida,Reportado como desconocido,No,NO APLICA,99,99,99,99,1,03/04/2022,1
4,Arizona,40844,1,1,1,0,13,MARICOPA (13),370,PHOENIX,4,Abril,4,2022,10,54,E GREENWAY RD,6,Calle Local Municipalidad,Urbano,Arteria Menor,City or Municipal Highway Agency,0,Sin jurisdiccion especial,0,33.62648611,-112.0110972,Ciclista,El primer evento no fue una colision con un vehiculo automotor en transporte,Not an Intersection,No fue interseccion,Reportado como desconocida,Ninguna,Dia total,Reportado como desconocido,No,NO APLICA,99,99,99,99,1,04/04/2022,1
4,Arizona,40845,0,0,1,0,7,GILA (7),300,MIAMI,4,Abril,9,2022,99,99,UNKNOWN,9,Desconocido,Unknown,Desconocido,Unknown,9,Desconocido,99999,99.9999,999.9999,Desconocido,Reportado como desconocido,Reported as Unknown,Desconocido,Reportado como desconocida,Ninguna,Reportada como desconocida,Reportado como desconocido,No,NO APLICA,99,99,99,99,1,09/04/2022,1
4,Arizona,40847,1,1,1,0,13,MARICOPA (13),370,PHOENIX,4,Abril,12,2022,20,25,E CAMELBACK RD,6,Calle Local Municipalidad,Urbano,Arteria Menor,City or Municipal Highway Agency,0,Sin jurisdiccion especial,0,33.50929444,-112.0464833,Peaton,El primer evento no fue una colision con un vehiculo automotor en transporte,Not an Intersection,No fue interseccion,Sobre calle,Ninguna,Oscuro con iluminacion,Despejado,No,NO APLICA,99,99,99,99,1,12/04/2022,2
4,Arizona,40848,0,0,1,0,13,MARICOPA (13),80,CHANDLER,4,Abril,13,2022,99,99,W RIGGS RD,9,Desconocido,Unknown,Desconocido,Unknown,0,Sin jurisdiccion especial,0,99.9999,999.9999,Desconocido,Reportado como desconocido,Not Reported,No reportado,No reportado,Ninguna,Reportada como desconocida,Reportado como desconocido,No,NO APLICA,99,99,99,99,1,13/04/2022,1
4,Arizona,40849,0,0,2,0,13,MARICOPA (13),290,MESA,4,Abril,14,2022,14,1,S CRIMSON RD,6,Calle Local Municipalidad,Urbano,Arteria Menor,City or Municipal Highway Agency,0,Sin jurisdiccion especial,0,33.39319167,-111.6154889,Vehiculo en movimiento,Angulo,Four-Way Intersection,Interseccion de 4 direcciones,Sobre calle,Ninguna,Dia total,Despejado,No,NO APLICA,99,99,99,99,1,14/04/2022,2
4,Arizona,40850,0,0,1,0,12,LA PAZ (12),383,POSTON,4,Abril,16,2022,8,30,MOHAVE RD,9,Desconocido,Not Reported,No reportado,Not Reported,9,Desconocido,0,99.9999,999.9999,Desconocido,Reportado como desconocido,Not Reported,No reportado,No reportado,Ninguna,Dia total,No reportado,No,NO APLICA,99,99,99,99,1,16/04/2022,1
4,Arizona,40851,0,0,2,0,13,MARICOPA (13),370,PHOENIX,4,Abril,17,2022,12,57,E GREENWAY RD,6,Calle Local Municipalidad,Urbano,Colector Mayor,City or Municipal Highway Agency,0,Sin jurisdiccion especial,0,33.626225,-112.0350611,Vehiculo en movimiento,Angulo,Four-Way Intersection,Interseccion de 4 direcciones,Sobre calle,Ninguna,Dia total,Despejado,No,NO APLICA,99,99,99,99,1,17/04/2022,3
4,Arizona,40852,0,0,2,0,13,MARICOPA (13),370,PHOENIX,4,Abril,18,2022,21,7,W CAREFREE HWY,6,Calle Local Municipalidad,Urbano,Arteria Principal,City or Municipal Highway Agency,0,Sin jurisdiccion especial,0,33.7985,-112.1100722,Vehiculo en movimiento,Angulo,Four-Way Intersection,Interseccion de 4 direcciones,Sobre calle,Ninguna,Oscuro con iluminacion,Despejado,No,NO APLICA,99,99,99,99,1,18/04/2022,4
4,Arizona,40853,0,0,1,0,13,MARICOPA (13),370,PHOENIX,4,Abril,18,2022,0,41,E ROUGH RIDER RD,6,Calle Local Municipalidad,Urbano,Colector Mayor,City or Municipal Highway Agency,0,Sin jurisdiccion especial,0,33.69115556,-112.0016528,Banqueta,El primer evento no fue una colision con un vehiculo automotor en transporte,Not an Intersection,No fue interseccion,En el medio,Ninguna,Oscuro con iluminacion,Reportado como desconocido,No,NO APLICA,0,41,0,47,1,18/04/2022,1
4,Arizona,40854,0,0,1,0,1,APACHE (1),83,CHINLE,4,Abril,19,2022,18,0,BIA 27,9,Desconocido,Unknown,Desconocido,Bureau of Indian Affairs,0,Desconocido,0,99.9999,999.9999,Desconocido,Reportado como desconocido,Not Reported,No reportado,No reportado,Ninguna,Reportada como desconocida,Reportado como desconocido,No,NO APLICA,99,99,99,99,2,19/04/2022,2
4,Arizona,40855,0,0,2,0,13,MARICOPA (13),370,PHOENIX,4,Abril,22,2022,9,46,E CACTUS RD,6,Calle Local Municipalidad,Urbano,Arteria Principal,City or Municipal Highway Agency,1,Sin jurisdiccion especial,0,33.59669444,-112.030425,Vehiculo en movimiento,Angulo,Four-Way Intersection,Interseccion de 4 direcciones,Sobre calle,Ninguna,Dia total,Despejado,No,NO APLICA,99,99,99,99,1,22/04/2022,2
4,Arizona,40856,0,0,2,0,13,MARICOPA (13),370,PHOENIX,4,Abril,22,2022,20,2,N 35TH AVE,6,Calle Local Municipalidad,Urbano,Arteria Menor,City or Municipal Highway Agency,0,Sin jurisdiccion especial,0,33.54218611,-112.1344167,Vehiculo en movimiento,Angulo,Four-Way Intersection,Interseccion de 4 direcciones,Sobre calle,Ninguna,Oscuro con iluminacion,Despejado,No,NO APLICA,99,99,99,99,1,22/04/2022,2
4,Arizona,40857,0,0,2,0,13,MARICOPA (13),200,GLENDALE,4,Abril,24,2022,19,56,W CAMELBACK RD,6,Calle Local Municipalidad,Urbano,Arteria Menor,City or Municipal Highway Agency,0,Sin jurisdiccion especial,0,33.50958611,-112.181975,Vehiculo en movimiento,Angulo,Four-Way Intersection,Interseccion de 4 direcciones,Sobre calle,Ninguna,Oscuro con iluminacion,Despejado,No,NO APLICA,99,99,99,99,1,24/04/2022,5
4,Arizona,40858,1,1,1,0,13,MARICOPA (13),370,PHOENIX,4,Abril,25,2022,20,6,W GLENDALE AVE,6,Calle Local Municipalidad,Urbano,Arteria Menor,City or Municipal Highway Agency,0,Sin jurisdiccion especial,0,33.53858889,-112.1380694,Peaton,El primer evento no fue una colision con un vehiculo automotor en transporte,Not an Intersection,No fue interseccion,Sobre calle,Ninguna,Oscuro con iluminacion,Despejado,No,NO APLICA,99,99,99,99,1,25/04/2022,1
4,Arizona,40859,1,1,1,0,21,PINAL (21),70,CASA GRANDE,4,Abril,26,2022,19,31,W VAL VISTA BLVD,9,Desconocido,Unknown,Desconocido,Unknown,0,Sin jurisdiccion especial,0,99.9999,999.9999,Peaton,El primer evento no fue una colision con un vehiculo automotor en transporte,Reported as Unknown,Desconocido,Reportado como desconocida,Ninguna,Reportada como desconocida,Reportado como desconocido,No,NO APLICA,99,99,99,99,1,26/04/2022,1
4,Arizona,40861,0,0,1,0,13,MARICOPA (13),290,MESA,4,Abril,28,2022,10,35,W GAMET AVE,8,Otro,Urbano,Local,Not Reported,0,Sin jurisdiccion especial,0,33.39063056,-111.8451278,Volcadura,El primer evento no fue una colision con un vehiculo automotor en transporte,Four-Way Intersection,Interseccion de 4 direcciones,Sobre calle,Ninguna,Dia total,Despejado,No,NO APLICA,99,99,99,99,1,28/04/2022,1
4,Arizona,40862,0,0,3,0,13,MARICOPA (13),370,PHOENIX,4,Abril,29,2022,4,21,E CACTUS RD,6,Calle Local Municipalidad,Urbano,Arteria Menor,City or Municipal Highway Agency,0,Sin jurisdiccion especial,0,33.59717778,-111.9616222,Vehiculo en movimiento,Golpe Lateral - direccion contraria,Not an Intersection,No fue interseccion,Sobre calle,Ninguna,Oscuro con iluminacion,Despejado,No,NO APLICA,99,99,99,99,1,29/04/2022,3
4,Arizona,40863,0,0,2,0,19,PIMA (19),530,TUCSON,4,Abril,30,2022,17,10,1ST AVE,6,Calle Local Municipalidad,Urbano,Arteria Menor,City or Municipal Highway Agency,0,Sin jurisdiccion especial,0,32.28397222,-110.96105,Vehiculo en movimiento,Angulo,Not an Intersection,No fue interseccion,Sobre calle,Ninguna,Dia total,Despejado,No,NO APLICA,17,10,17,11,1,30/04/2022,2
4,Arizona,40864,1,1,1,0,13,MARICOPA (13),200,GLENDALE,5,Mayo,6,2022,99,99,W MISSOURI AVE,9,Desconocido,Unknown,Desconocido,Unknown,0,Sin jurisdiccion especial,0,99.9999,999.9999,Peaton,El primer evento no fue una colision con un vehiculo automotor en transporte,Reported as Unknown,Desconocido,Reportado como desconocida,Ninguna,Reportada como desconocida,Reportado como desconocido,No,NO APLICA,99,99,99,99,1,06/05/2022,1
4,Arizona,40865,1,1,1,0,13,MARICOPA (13),370,PHOENIX,5,Mayo,7,2022,20,38,W GLENDALE AVE,6,Calle Local Municipalidad,Urbano,Arteria Menor,City or Municipal Highway Agency,0,Sin jurisdiccion especial,0,33.53847222,-112.1373056,Peaton,El primer evento no fue una colision con un vehiculo automotor en transporte,Not an Intersection,No fue interseccion,Sobre calle,Ninguna,Oscuro con iluminacion,Despejado,No,NO APLICA,99,99,99,99,1,07/05/2022,2
4,Arizona,40866,1,1,1,0,13,MARICOPA (13),370,PHOENIX,5,Mayo,9,2022,99,99,S CENTRAL AVE,9,Desconocido,Unknown,Desconocido,Unknown,0,Sin jurisdiccion especial,0,99.9999,999.9999,Peaton,El primer evento no fue una colision con un vehiculo automotor en transporte,Reported as Unknown,Desconocido,Reportado como desconocida,Ninguna,Reportada como desconocida,Reportado como desconocido,No,NO APLICA,99,99,99,99,1,09/05/2022,1
4,Arizona,40867,0,0,1,0,999,UNKNOWN (999),0,NO APLICA,5,Mayo,11,2022,99,99,UNKNOWN,9,Desconocido,Unknown,Desconocido,Unknown,9,Desconocido,99999,99.9999,999.9999,Desconocido,Reportado como desconocido,Reported as Unknown,Desconocido,Reportado como desconocida,Ninguna,Reportada como desconocida,Reportado como desconocido,No,NO APLICA,99,99,99,99,1,11/05/2022,1
4,Arizona,40868,0,0,1,0,19,PIMA (19),530,TUCSON,5,Mayo,15,2022,18,37,TUCSON ESTATES PKWY,9,Desconocido,Unknown,Desconocido,Unknown,0,Sin jurisdiccion especial,0,99.9999,999.9999,Desconocido,Reportado como desconocido,Reported as Unknown,Desconocido,Reportado como desconocida,Ninguna,Dia total,Reportado como desconocido,No,NO APLICA,99,99,99,99,1,15/05/2022,1
4,Arizona,40869,1,1,1,0,13,MARICOPA (13),370,PHOENIX,5,Mayo,16,2022,0,52,W THOMAS RD,6,Calle Local Municipalidad,Urbano,Arteria Menor,City or Municipal Highway Agency,0,Sin jurisdiccion especial,0,33.480525,-112.1490611,Peaton,El primer evento no fue una colision con un vehiculo automotor en transporte,Not an Intersection,No fue interseccion,Sobre calle,Ninguna,Oscuro con iluminacion,Despejado,No,NO APLICA,0,53,0,55,1,16/05/2022,1
4,Arizona,40870,1,1,2,0,13,MARICOPA (13),370,PHOENIX,5,Mayo,16,2022,3,52,N 51ST AVE,6,Calle Local Municipalidad,Urbano,Arteria Principal,City or Municipal Highway Agency,1,Sin jurisdiccion especial,0,33.45213889,-112.1690917,No vehiculo o remolque,El primer evento no fue una colision con un vehiculo automotor en transporte,Not an Intersection,No fue interseccion,Sobre calle,Ninguna,Oscuro con iluminacion,Despejado,No,NO APLICA,99,99,99,99,1,16/05/2022,2
4,Arizona,40871,0,0,3,0,13,MARICOPA (13),370,PHOENIX,5,Mayo,16,2022,8,40,N TATUM DR,5,Calle Local - Pueblo,Urbano,Arteria Principal,Town or Township Highway Agency,1,Sin jurisdiccion especial,0,33.57166389,-111.9777472,Vehiculo en movimiento,Golpe Lateral - misma direccion,Not an Intersection,No fue interseccion,Sobre calle,Ninguna,Dia total,Despejado,No,NO APLICA,99,99,99,99,1,16/05/2022,4
4,Arizona,40872,0,0,1,0,13,MARICOPA (13),30,AVONDALE,5,Mayo,17,2022,99,99,N 103RD AVE,9,Desconocido,Unknown,Desconocido,Unknown,0,Sin jurisdiccion especial,0,99.9999,999.9999,Desconocido,Reportado como desconocido,Reported as Unknown,Desconocido,Reportado como desconocida,Ninguna,Reportada como desconocida,Reportado como desconocido,No,NO APLICA,99,99,99,99,1,17/05/2022,1
4,Arizona,40873,0,0,3,0,13,MARICOPA (13),420,SCOTTSDALE,5,Mayo,18,2022,5,0,N 64TH ST,9,Desconocido,Unknown,Desconocido,Unknown,0,Sin jurisdiccion especial,0,99.9999,999.9999,Vehiculo en movimiento,Reportado como desconocido,Reported as Unknown,Desconocido,Reportado como desconocida,Ninguna,Reportada como desconocida,Reportado como desconocido,No,NO APLICA,99,99,99,99,1,18/05/2022,3
4,Arizona,40874,1,1,1,0,13,MARICOPA (13),370,PHOENIX,5,Mayo,21,2022,19,54,E CAMELBACK,6,Calle Local Municipalidad,Urbano,Arteria Menor,City or Municipal Highway Agency,0,Sin jurisdiccion especial,0,33.50926111,-112.0589639,Peaton,El primer evento no fue una colision con un vehiculo automotor en transporte,Not an Intersection,No fue interseccion,"Izquierda continua, carril de vuelta",Ninguna,Oscuro con iluminacion,Despejado,No,NO APLICA,99,99,99,99,1,21/05/2022,2
4,Arizona,40875,0,0,1,0,21,PINAL (21),405,SACATON,5,Mayo,22,2022,99,99,SACATON RD,9,Desconocido,Rural,Colector Mayor,Bureau of Indian Affairs,0,Desconocido,0,33.07956389,-111.7447667,Desconocido,Reportado como desconocido,Not an Intersection,No fue interseccion,Sobre el lado de la calle,Ninguna,Reportada como desconocida,Reportado como desconocido,No,NO APLICA,99,99,99,99,1,22/05/2022,2
4,Arizona,40876,0,0,2,0,19,PIMA (19),530,TUCSON,5,Mayo,23,2022,14,45,E SPEEDWAY BLVD,6,Calle Local Municipalidad,Urbano,Arteria Principal,City or Municipal Highway Agency,0,Sin jurisdiccion especial,0,32.23626667,-110.9203861,Vehiculo en movimiento,Angulo,T-Intersection,Interseccion de T,Sobre calle,Ninguna,Dia total,Despejado,No,NO APLICA,14,41,14,45,1,23/05/2022,2
4,Arizona,40877,0,0,1,0,15,MOHAVE (15),318,MOHAVE VALLEY,5,Mayo,24,2022,14,0,BOUNDARY CONE RD,9,Desconocido,Not Reported,No reportado,Not Reported,0,Sin jurisdiccion especial,0,77.7777,777.7777,Desconocido,Reportado como desconocido,Reported as Unknown,Desconocido,Reportado como desconocida,Ninguna,Reportada como desconocida,Reportado como desconocido,No,NO APLICA,99,99,99,99,1,24/05/2022,1
4,Arizona,40878,0,0,1,0,7,GILA (7),365,PAYSON,5,Mayo,28,2022,99,99,NF-375B,9,Desconocido,Unknown,Desconocido,Unknown,9,Desconocido,0,99.9999,999.9999,Desconocido,Reportado como desconocido,Not an Intersection,No fue interseccion,Reportado como desconocida,Ninguna,Reportada como desconocida,Reportado como desconocido,No,NO APLICA,99,99,99,99,1,28/05/2022,1
4,Arizona,40879,0,0,2,0,13,MARICOPA (13),60,BUCKEYE,5,Mayo,28,2022,23,49,S RAINBOW RD,5,Calle Local - Pueblo,Urbano,Arteria Menor,Town or Township Highway Agency,0,Sin jurisdiccion especial,0,33.43114167,-112.5389639,Vehiculo en movimiento,Angulo,Four-Way Intersection,Interseccion de 4 direcciones,Sobre calle,Ninguna,Oscuro - iluminacion desconocida,Reportado como desconocido,No,NO APLICA,99,99,99,99,1,28/05/2022,4
4,Arizona,40880,1,1,1,0,13,MARICOPA (13),370,PHOENIX,5,Mayo,30,2022,19,9,N 43RD AVE,6,Calle Local Municipalidad,Urbano,Arteria Menor,City or Municipal Highway Agency,0,Sin jurisdiccion especial,0,33.54701944,-112.1515528,Peaton,El primer evento no fue una colision con un vehiculo automotor en transporte,Not an Intersection,No fue interseccion,Sobre calle,Ninguna,Oscuro con iluminacion,Despejado,No,NO APLICA,99,99,99,99,1,30/05/2022,2
4,Arizona,40881,0,0,1,0,13,MARICOPA (13),420,SCOTTSDALE,5,Mayo,31,2022,99,99,E MCKELLIPS RD,9,Desconocido,Unknown,Desconocido,Unknown,0,Sin jurisdiccion especial,0,99.9999,999.9999,Desconocido,Reportado como desconocido,Reported as Unknown,Desconocido,Reportado como desconocida,Ninguna,Reportada como desconocida,Reportado como desconocido,No,NO APLICA,99,99,99,99,1,31/05/2022,1
4,Arizona,40882,0,0,1,0,23,SANTA CRUZ (23),0,NO APLICA,5,Mayo,31,2022,12,21,N VICTORIA DR,9,Desconocido,Rural,No reportado,Not Reported,0,Sin jurisdiccion especial,0,31.39547778,-110.9240833,Desconocido,Reportado como desconocido,Not an Intersection,No fue interseccion,Sobre el lado de la calle,Ninguna,Reportada como desconocida,Reportado como desconocido,No,NO APLICA,13,8,13,16,1,31/05/2022,1
4,Arizona,40883,1,1,1,0,13,MARICOPA (13),420,SCOTTSDALE,5,Mayo,31,2022,18,52,E VIA LINDA,6,Calle Local Municipalidad,Urbano,Colector Mayor,City or Municipal Highway Agency,0,Sin jurisdiccion especial,0,33.573925,-111.8648722,Peaton,El primer evento no fue una colision con un vehiculo automotor en transporte,Four-Way Intersection,Interseccion de 4 direcciones,Sobre calle,Ninguna,Dia total,Despejado,No,NO APLICA,18,52,18,55,1,31/05/2022,1
4,Arizona,40884,0,0,2,0,19,PIMA (19),530,TUCSON,6,Junio,1,2022,11,41,E IRVINGTON RD,6,Calle Local Municipalidad,Urbano,Arteria Menor,City or Municipal Highway Agency,0,Sin jurisdiccion especial,0,32.16293611,-110.8389194,Vehiculo en movimiento,Angulo,T-Intersection,Interseccion de T,Sobre calle,Ninguna,Dia total,Despejado,No,NO APLICA,99,99,99,99,1,01/06/2022,4
4,Arizona,40885,0,0,2,0,25,YAVAPAI (25),434,SKULL VALLEY,6,Junio,3,2022,13,43,CR-IRON SPRINGS RD,4,Calle del Condado,Rural,Colector Mayor,County Highway Agency,0,Sin jurisdiccion especial,0,34.53388333,-112.6838639,Vehiculo en movimiento,Angulo,Not an Intersection,No fue interseccion,Sobre calle,Ninguna,Dia total,Despejado,No,NO APLICA,13,50,14,2,1,03/06/2022,2
4,Arizona,40886,0,0,2,0,3,COCHISE (3),233,HEREFORD,6,Junio,3,2022,21,32,E RAMSEY RD,9,Desconocido,Rural,Colector Mayor,County Highway Agency,0,Sin jurisdiccion especial,0,31.46734444,-110.2194667,Vehiculo en movimiento,Frente a Detrás,Not an Intersection,No fue interseccion,Sobre calle,Ninguna,Oscuro sin iluminacion,Despejado,No,NO APLICA,99,99,99,99,1,03/06/2022,2