Estado,Nombre de Estado,Numero de Caso,Peatones,Personas _no_vehiculos,Vehiculos automotores,Vehiculos estacionados,Condado,Nombre Condado,Ciudad,Nombre Ciudad,Mes,Nombre Mes,Dia,Año,Hora,Minuto,Calle,Ruta,Nombre Ruta,Rural o Urbanoo,Sistema Funcional,Dueño Calle,Sistema Nacional Carreteras,Jurisdiccion Especial,Milla,Latitud,Longitud,Causa del Accidente,Tipo de Accidente,Tipo Interseccion,Columna1,Lugar en la calle,Zona de Trabajo,Luz,Clima,Autobus Escolar,Cruce de Trenes,Hora Notificacion,Minuto Notificacion,Hora Llegada,Minuto Llegada,Decesos,Fecha,PersonaVehiculo
4,Arizona,40887,0,0,1,0,7,GILA (7),369,PERIDOT,6,Junio,5,2022,12,10,US-70,2,US Highway,Rural,Arteria Menor,State Highway Agency,0,Sin jurisdiccion especial,159,33.31077778,-110.5057111,Volcadura,El primer evento no fue una colision con un vehiculo automotor en transporte,Reported as Unknown,Desconocido,Reportado como desconocida,Ninguna,Reportada como desconocida,Reportado como desconocido,No,NO APLICA,99,99,99,99,1,05/06/2022,2
4,Arizona,40888,0,0,1,0,13,MARICOPA (13),420,SCOTTSDALE,6,Junio,5,2022,22,27,E MCKELLIPS RD,9,Desconocido,Unknown,Desconocido,Unknown,0,Sin jurisdiccion especial,0,99.9999,999.9999,Desconocido,Reportado como desconocido,Reported as Unknown,Desconocido,Reportado como desconocida,Ninguna,Reportada como desconocida,Reportado como desconocido,No,NO APLICA,99,99,99,99,1,05/06/2022,1
4,Arizona,40889,0,0,3,0,19,PIMA (19),530,TUCSON,6,Junio,6,2022,17,29,W GRANT RD,6,Calle Local Municipalidad,Urbano,Arteria Principal,City or Municipal Highway Agency,0,Sin jurisdiccion especial,0,32.25028611,-110.9718778,Vehiculo en movimiento,Angulo,Four-Way Intersection,Interseccion de 4 direcciones,Sobre calle,Ninguna,Dia total,Despejado,No,NO APLICA,99,99,99,99,1,06/06/2022,3
4,Arizona,40890,1,1,1,0,19,PIMA (19),530,TUCSON,6,Junio,6,2022,23,50,S CRAYCROFT RD,6,Calle Local Municipalidad,Urbano,Arteria Menor,City or Municipal Highway Agency,0,Sin jurisdiccion especial,0,32.20244444,-110.8751611,Peaton,El primer evento no fue una colision con un vehiculo automotor en transporte,Four-Way Intersection,Interseccion de 4 direcciones,Sobre calle,Ninguna,Oscuro - iluminacion desconocida,Despejado,No,NO APLICA,99,99,99,99,1,06/06/2022,1
4,Arizona,40891,0,0,3,0,13,MARICOPA (13),370,PHOENIX,6,Junio,11,2022,11,55,S 24TH ST,6,Calle Local Municipalidad,Urbano,Arteria Menor,City or Municipal Highway Agency,0,Sin jurisdiccion especial,0,33.39314444,-112.0301528,Vehiculo en movimiento,Angulo,Four-Way Intersection,Interseccion de 4 direcciones,Sobre calle,Ninguna,Dia total,Reportado como desconocido,No,NO APLICA,99,99,99,99,1,11/06/2022,6
4,Arizona,40892,1,1,1,0,19,PIMA (19),530,TUCSON,6,Junio,11,2022,22,55,W WETMORE RD,6,Calle Local Municipalidad,Urbano,Arteria Menor,City or Municipal Highway Agency,1,Sin jurisdiccion especial,0,32.28659722,-110.9776278,Peaton,El primer evento no fue una colision con un vehiculo automotor en transporte,Not an Intersection,No fue interseccion,Sobre calle,Ninguna,Oscuro con iluminacion,Despejado,No,NO APLICA,22,56,22,57,1,11/06/2022,1
4,Arizona,40893,0,0,1,0,19,PIMA (19),530,TUCSON,6,Junio,13,2022,23,14,I-10 FRONTAGE RD,7,Calle Local,Urbano,Colector Menor,State Highway Agency,0,Sin jurisdiccion especial,0,32.20371389,-110.9791111,Banqueta,El primer evento no fue una colision con un vehiculo automotor en transporte,Not an Intersection,No fue interseccion,Sobre el lado de la calle,Ninguna,Oscuro con iluminacion,Despejado,No,NO APLICA,99,99,99,99,1,13/06/2022,1
4,Arizona,40894,0,0,1,0,3,COCHISE (3),0,NO APLICA,6,Junio,12,2022,99,99,W BARREL CACTUS LN,9,Desconocido,Unknown,Desconocido,Unknown,0,Desconocido,0,99.9999,999.9999,Volcadura,El primer evento no fue una colision con un vehiculo automotor en transporte,Reported as Unknown,Desconocido,Reportado como desconocida,Ninguna,Reportada como desconocida,Reportado como desconocido,No,NO APLICA,99,99,99,99,1,12/06/2022,1
4,Arizona,40895,0,0,1,0,17,NAVAJO (17),0,NO APLICA,6,Junio,15,2022,99,99,BIA 17,9,Desconocido,Unknown,Desconocido,Unknown,0,Desconocido,0,99.9999,999.9999,Desconocido,Reportado como desconocido,Not an Intersection,No fue interseccion,No reportado,Ninguna,Reportada como desconocida,Reportado como desconocido,No,NO APLICA,99,99,99,99,1,15/06/2022,1
4,Arizona,40896,0,0,1,0,9,GRAHAM (9),410,SAFFORD,6,Junio,15,2022,99,99,S STOCKTON RD,9,Desconocido,Unknown,Desconocido,Unknown,9,Desconocido,0,99.9999,999.9999,Volcadura,El primer evento no fue una colision con un vehiculo automotor en transporte,Reported as Unknown,Desconocido,Reportado como desconocida,Ninguna,Reportada como desconocida,Reportado como desconocido,No,NO APLICA,99,99,99,99,1,15/06/2022,1
4,Arizona,40897,1,1,1,0,13,MARICOPA (13),370,PHOENIX,6,Junio,17,2022,23,11,E BELL RD,6,Calle Local Municipalidad,Urbano,Arteria Principal,City or Municipal Highway Agency,1,Sin jurisdiccion especial,0,33.64047778,-112.0196222,Peaton,El primer evento no fue una colision con un vehiculo automotor en transporte,Not an Intersection,No fue interseccion,Sobre calle,Ninguna,Oscuro con iluminacion,Reportado como desconocido,No,NO APLICA,99,99,99,99,1,17/06/2022,1
4,Arizona,40898,0,0,1,0,17,NAVAJO (17),432,SHONTO,6,Junio,18,2022,16,12,US-160,2,US Highway,Rural,Arteria Principal,State Highway Agency,1,Sin jurisdiccion especial,525,36.47670833,-110.6552389,Barda,El primer evento no fue una colision con un vehiculo automotor en transporte,Not an Intersection,No fue interseccion,Fuera de la calle,Ninguna,Dia total,Despejado,No,NO APLICA,99,99,99,99,1,18/06/2022,2
4,Arizona,40899,1,1,1,0,13,MARICOPA (13),370,PHOENIX,6,Junio,19,2022,20,37,E VAN BUREN,6,Calle Local Municipalidad,Urbano,Arteria Menor,City or Municipal Highway Agency,0,Sin jurisdiccion especial,0,33.4513,-111.9966778,Peaton,El primer evento no fue una colision con un vehiculo automotor en transporte,Not an Intersection,No fue interseccion,Sobre calle,Ninguna,Oscuro con iluminacion,Reportado como desconocido,No,NO APLICA,99,99,99,99,1,19/06/2022,2
4,Arizona,40900,0,0,1,0,17,NAVAJO (17),0,NO APLICA,6,Junio,22,2022,13,0,UNKNOWN,9,Desconocido,Unknown,Desconocido,Bureau of Indian Affairs,9,Desconocido,0,99.9999,999.9999,Desconocido,Reportado como desconocido,Reported as Unknown,Desconocido,Reportado como desconocida,Ninguna,Dia total,Reportado como desconocido,No,NO APLICA,99,99,99,97,1,22/06/2022,2
4,Arizona,40901,1,1,1,0,13,MARICOPA (13),370,PHOENIX,6,Junio,24,2022,3,37,W CACTUS RD,6,Calle Local Municipalidad,Urbano,Arteria Menor,City or Municipal Highway Agency,0,Sin jurisdiccion especial,0,33.59632222,-112.1214889,Peaton,El primer evento no fue una colision con un vehiculo automotor en transporte,Not an Intersection,No fue interseccion,Sobre calle,Ninguna,Oscuro con iluminacion,Despejado,No,NO APLICA,99,99,99,99,1,24/06/2022,1
4,Arizona,40902,1,1,1,0,13,MARICOPA (13),266,LAVEEN,6,Junio,25,2022,99,99,S 35TH AVE,9,Desconocido,Unknown,Desconocido,Unknown,0,Sin jurisdiccion especial,0,99.9999,999.9999,Peaton,El primer evento no fue una colision con un vehiculo automotor en transporte,Reported as Unknown,Desconocido,Reportado como desconocida,Ninguna,Reportada como desconocida,Reportado como desconocido,No,NO APLICA,99,99,99,99,1,25/06/2022,1
4,Arizona,40903,0,0,1,0,19,PIMA (19),530,TUCSON,6,Junio,26,2022,19,39,W WETMORE RD,6,Calle Local Municipalidad,Urbano,Arteria Menor,County Highway Agency,0,Sin jurisdiccion especial,0,32.28655556,-110.9868222,Banqueta,El primer evento no fue una colision con un vehiculo automotor en transporte,Four-Way Intersection,Interseccion de 4 direcciones,En el medio,Ninguna,Oscuro con iluminacion,Despejado,No,NO APLICA,19,39,19,42,1,26/06/2022,1
4,Arizona,40905,0,0,2,0,19,PIMA (19),530,TUCSON,6,Junio,29,2022,10,57,E PIMA ST,6,Calle Local Municipalidad,Urbano,Arteria Menor,City or Municipal Highway Agency,0,Sin jurisdiccion especial,0,32.24350556,-110.879875,Vehiculo en movimiento,Angulo,Four-Way Intersection,Interseccion de 4 direcciones,Sobre calle,Ninguna,Dia total,Despejado,No,NO APLICA,10,57,11,1,1,29/06/2022,3
4,Arizona,40906,0,0,2,0,13,MARICOPA (13),189,GILA BEND,6,Junio,29,2022,13,15,SR-238,3,Highway estatal,Rural,Arteria Menor,State Highway Agency,0,Sin jurisdiccion especial,0,33.00886111,-112.4031917,Vehiculo en movimiento,Frente a frente,Not an Intersection,No fue interseccion,Sobre calle,Ninguna,Dia total,lluvia,No,NO APLICA,13,34,14,12,1,29/06/2022,2
4,Arizona,40908,1,1,1,0,13,MARICOPA (13),370,PHOENIX,6,Junio,30,2022,3,58,W INDIAN SCHOOL RD,6,Calle Local Municipalidad,Urbano,Arteria Principal,City or Municipal Highway Agency,1,Sin jurisdiccion especial,0,33.49485,-112.1124361,Peaton,El primer evento no fue una colision con un vehiculo automotor en transporte,Four-Way Intersection,Interseccion de 4 direcciones,Sobre calle,Ninguna,Oscuro con iluminacion,Despejado,No,NO APLICA,99,99,99,99,1,30/06/2022,1
4,Arizona,40909,0,0,6,0,13,MARICOPA (13),30,AVONDALE,6,Junio,30,2022,8,45,W INDIAN SCHOOL RD,6,Calle Local Municipalidad,Urbano,Arteria Menor,County Highway Agency,0,Sin jurisdiccion especial,0,33.49340833,-112.2977444,Vehiculo en movimiento,Golpe Lateral - misma direccion,Y-Intersection,Interseccion de Y,Sobre calle,Ninguna,Dia total,Despejado,No,NO APLICA,8,45,8,55,2,30/06/2022,12
4,Arizona,40910,0,0,2,0,13,MARICOPA (13),370,PHOENIX,7,Julio,1,2022,13,3,W BASELINE RD,8,Otro,Urbano,Arteria Principal,City or Municipal Highway Agency,1,Sin jurisdiccion especial,624,33.37755833,-112.151125,Vehiculo en movimiento,Angulo,Four-Way Intersection,Interseccion de 4 direcciones,Sobre calle,Ninguna,Dia total,Despejado,No,NO APLICA,13,5,13,13,1,01/07/2022,3
4,Arizona,40911,1,1,1,0,21,PINAL (21),110,COOLIDGE,7,Julio,1,2022,19,24,E COOLIDGE AVE,8,Otro,Urbano,Arteria Menor,City or Municipal Highway Agency,0,Sin jurisdiccion especial,2,32.97356944,-111.5108389,Peaton,El primer evento no fue una colision con un vehiculo automotor en transporte,Not an Intersection,No fue interseccion,Sobre calle,Ninguna,Oscuro sin iluminacion,Despejado,No,NO APLICA,99,99,99,99,1,01/07/2022,2
4,Arizona,40912,1,1,1,0,13,MARICOPA (13),370,PHOENIX,7,Julio,3,2022,99,99,W NORTHERN AVE,9,Desconocido,Unknown,Desconocido,Unknown,9,Sin jurisdiccion especial,0,99.9999,999.9999,Peaton,El primer evento no fue una colision con un vehiculo automotor en transporte,Not an Intersection,No fue interseccion,Sobre calle,Ninguna,Reportada como desconocida,Reportado como desconocido,No,NO APLICA,99,99,99,99,1,03/07/2022,1
4,Arizona,40913,0,0,1,0,21,PINAL (21),216,GOLD CANYON,7,Julio,3,2022,99,99,US-60,2,US Highway,Rural,Arteria Principal,State Highway Agency,1,Sin jurisdiccion especial,99999,99.9999,999.9999,Desconocido,Reportado como desconocido,Reported as Unknown,Desconocido,Reportado como desconocida,Ninguna,Reportada como desconocida,Reportado como desconocido,No,NO APLICA,99,99,99,99,1,03/07/2022,1
4,Arizona,40914,1,1,1,0,13,MARICOPA (13),370,PHOENIX,7,Julio,4,2022,21,56,W THOMAS RD,8,Otro,Urbano,Arteria Menor,City or Municipal Highway Agency,0,Sin jurisdiccion especial,601,33.48006667,-112.219675,Peaton,El primer evento no fue una colision con un vehiculo automotor en transporte,Not an Intersection,No fue interseccion,Sobre calle,Ninguna,Oscuro con iluminacion,Despejado,No,NO APLICA,99,99,99,99,1,04/07/2022,1
4,Arizona,40915,0,0,1,0,13,MARICOPA (13),80,CHANDLER,7,Julio,5,2022,99,99,E MICHIGAN AVE,9,Desconocido,Unknown,Desconocido,Unknown,9,Sin jurisdiccion especial,0,99.9999,999.9999,Desconocido,Reportado como desconocido,Reported as Unknown,Desconocido,Reportado como desconocida,Ninguna,Reportada como desconocida,Reportado como desconocido,No,NO APLICA,99,99,99,99,1,05/07/2022,1
4,Arizona,40916,0,0,1,0,17,NAVAJO (17),131,DILKON,7,Julio,6,2022,1,36,SR-87,3,Highway estatal,Rural,Colector Mayor,State Highway Agency,0,Sin jurisdiccion especial,2514,35.28960556,-110.4268083,Desconocido,Reportado como desconocido,Reported as Unknown,Desconocido,Reportado como desconocida,Ninguna,Oscuro - iluminacion desconocida,Reportado como desconocido,No,NO APLICA,99,99,99,99,1,06/07/2022,1
4,Arizona,40917,0,0,3,0,19,PIMA (19),530,TUCSON,7,Julio,7,2022,17,43,N CAMINO DE OESTE,8,Otro,Urbano,Colector Mayor,County Highway Agency,0,Sin jurisdiccion especial,0,32.36884722,-111.0698722,Vehiculo en movimiento,Reportado como desconocido,Not an Intersection,No fue interseccion,Sobre calle,Ninguna,Reportada como desconocida,Reportado como desconocido,No,NO APLICA,99,99,99,99,2,07/07/2022,4
4,Arizona,40918,1,1,1,0,13,MARICOPA (13),370,PHOENIX,7,Julio,7,2022,20,12,N 27TH AVE,8,Otro,Urbano,Arteria Menor,City or Municipal Highway Agency,0,Sin jurisdiccion especial,138,33.492175,-112.1171194,Peaton,El primer evento no fue una colision con un vehiculo automotor en transporte,Not an Intersection,No fue interseccion,Sobre calle,Ninguna,Oscuro con iluminacion,Despejado,No,NO APLICA,20,12,20,18,1,07/07/2022,2
4,Arizona,40919,0,0,1,0,13,MARICOPA (13),370,PHOENIX,7,Julio,8,2022,0,19,W JOMAX RD,8,Otro,Urbano,Arteria Menor,City or Municipal Highway Agency,0,Sin jurisdiccion especial,277,33.72570278,-112.1179389,Banqueta,El primer evento no fue una colision con un vehiculo automotor en transporte,Not an Intersection,No fue interseccion,En el medio,Ninguna,Oscuro con iluminacion,Despejado,No,NO APLICA,0,20,0,24,1,08/07/2022,1
4,Arizona,40920,0,0,2,0,13,MARICOPA (13),190,GILBERT,7,Julio,9,2022,9,23,S VAL VISTA DR,8,Otro,Urbano,Arteria Menor,Town or Township Highway Agency,0,Sin jurisdiccion especial,87,33.33093333,-111.7557389,Vehiculo en movimiento,Angulo,T-Intersection,Interseccion de T,Sobre calle,Ninguna,Dia total,Despejado,No,NO APLICA,99,99,99,99,1,09/07/2022,2
4,Arizona,40921,0,0,1,0,1,APACHE (1),0,NO APLICA,7,Julio,12,2022,7,35,BIA 12,9,Desconocido,Rural,Colector Mayor,Bureau of Indian Affairs,0,Sin jurisdiccion especial,0,35.52470556,-109.1083889,Animal vivo,El primer evento no fue una colision con un vehiculo automotor en transporte,Not an Intersection,No fue interseccion,Sobre calle,Ninguna,Reportada como desconocida,Reportado como desconocido,No,NO APLICA,99,99,99,99,1,12/07/2022,1
4,Arizona,40922,0,0,1,0,17,NAVAJO (17),0,NO APLICA,7,Julio,14,2022,12,0,SR-73,3,Highway estatal,Rural,Arteria Menor,State Highway Agency,0,Sin jurisdiccion especial,401,34.00139722,-109.9054306,Volcadura,El primer evento no fue una colision con un vehiculo automotor en transporte,Reported as Unknown,Desconocido,Reportado como desconocida,Ninguna,Reportada como desconocida,Reportado como desconocido,No,NO APLICA,99,99,99,99,1,14/07/2022,1
4,Arizona,40923,0,0,2,0,13,MARICOPA (13),370,PHOENIX,7,Julio,15,2022,9,39,W THUNDERBIRD RD,8,Otro,Urbano,Arteria Principal,City or Municipal Highway Agency,0,Sin jurisdiccion especial,117,33.61073611,-112.1382528,Vehiculo en movimiento,Golpe Lateral - misma direccion,Four-Way Intersection,Interseccion de 4 direcciones,Sobre calle,Ninguna,Dia total,Despejado,No,NO APLICA,99,99,99,99,1,15/07/2022,2
4,Arizona,40924,0,0,2,0,13,MARICOPA (13),490,TEMPE,7,Julio,16,2022,6,2,W ELLIOT RD,8,Otro,Urbano,Arteria Principal,City or Municipal Highway Agency,1,Sin jurisdiccion especial,718,33.34920278,-111.9458639,Vehiculo en movimiento,Frente a frente,Four-Way Intersection,Interseccion de 4 direcciones,Sobre calle,Ninguna,Dia total,Despejado,No,NO APLICA,6,2,6,5,1,16/07/2022,2
4,Arizona,40925,1,1,1,0,13,MARICOPA (13),370,PHOENIX,7,Julio,19,2022,21,4,US-60 GRAND AVE,2,US Highway,Urbano,Arteria Principal,State Highway Agency,1,Sin jurisdiccion especial,1281,33.49446944,-112.1336639,Peaton,El primer evento no fue una colision con un vehiculo automotor en transporte,Not an Intersection,No fue interseccion,Sobre calle,Ninguna,Oscuro con iluminacion,Despejado,No,NO APLICA,99,99,99,99,1,19/07/2022,3
4,Arizona,40926,1,1,1,0,13,MARICOPA (13),370,PHOENIX,7,Julio,23,2022,22,27,W THOMAS RD,8,Otro,Urbano,Arteria Menor,City or Municipal Highway Agency,0,Sin jurisdiccion especial,623,33.48059167,-112.1816444,Peaton,El primer evento no fue una colision con un vehiculo automotor en transporte,Not an Intersection,No fue interseccion,Sobre calle,Ninguna,Oscuro con iluminacion,Despejado,No,NO APLICA,99,99,99,99,1,23/07/2022,1
4,Arizona,40927,0,0,1,0,13,MARICOPA (13),80,CHANDLER,7,Julio,24,2022,99,99,I-10,1,Interestatal,Urbano,Interestatal,State Highway Agency,1,Sin jurisdiccion especial,1623,33.27765,-111.9658306,Barda,El primer evento no fue una colision con un vehiculo automotor en transporte,Not an Intersection,No fue interseccion,Fuera de la calle,Ninguna,Reportada como desconocida,Reportado como desconocido,No,NO APLICA,99,99,99,99,1,24/07/2022,1
4,Arizona,40928,0,0,1,0,21,PINAL (21),160,ELOY,7,Julio,24,2022,19,15,E SKYLINE DR,6,Calle Local Municipalidad,Urbano,Colector Mayor,City or Municipal Highway Agency,0,Sin jurisdiccion especial,0,33.19106111,-111.5173583,Poste,El primer evento no fue una colision con un vehiculo automotor en transporte,T-Intersection,Interseccion de T,Sobre el lado de la calle,Ninguna,Reportada como desconocida,Reportado como desconocido,No,NO APLICA,99,99,99,99,1,24/07/2022,2
4,Arizona,40929,0,0,2,0,13,MARICOPA (13),370,PHOENIX,7,Julio,27,2022,11,46,W BROADWAY RD,8,Otro,Urbano,Arteria Menor,City or Municipal Highway Agency,0,Sin jurisdiccion especial,468,33.40675,-112.0812722,Vehiculo en movimiento,Golpe Lateral - direccion contraria,Not an Intersection,No fue interseccion,Sobre calle,Ninguna,Dia total,Despejado,No,NO APLICA,99,99,99,99,1,27/07/2022,2
4,Arizona,40930,0,0,1,0,21,PINAL (21),34,BAPCHULE,7,Julio,29,2022,3,22,W NELSON RD,8,Otro,Rural,Colector Menor,Bureau of Indian Affairs,0,Sin jurisdiccion especial,0,33.13223889,-111.9068222,Desconocido,Reportado como desconocido,Reported as Unknown,Desconocido,Reportado como desconocida,Ninguna,Oscuro - iluminacion desconocida,Reportado como desconocido,No,NO APLICA,99,99,99,99,1,29/07/2022,1
4,Arizona,40931,0,0,2,0,21,PINAL (21),0,NO APLICA,7,Julio,30,2022,15,34,HUNT HWY,8,Otro,Urbano,Arteria Menor,County Highway Agency,0,Sin jurisdiccion especial,25,33.19009167,-111.5992417,Vehiculo en movimiento,Angulo,Not an Intersection,No fue interseccion,Sobre calle,Ninguna,Dia total,Despejado,No,NO APLICA,15,35,15,53,1,30/07/2022,4
4,Arizona,40932,0,0,3,0,13,MARICOPA (13),370,PHOENIX,7,Julio,30,2022,19,19,E DOBBINS RD,8,Otro,Urbano,Arteria Menor,City or Municipal Highway Agency,0,Sin jurisdiccion especial,641,33.36328333,-112.0704444,Vehiculo en movimiento,Frente a Detrás,T-Intersection,Interseccion de T,Sobre calle,Ninguna,Atardecer,lluvia,No,NO APLICA,19,20,19,25,1,30/07/2022,5
4,Arizona,40933,0,0,2,0,13,MARICOPA (13),420,SCOTTSDALE,7,Julio,31,2022,2,18,N LONGMORE RD,9,Desconocido,Urbano,Arteria Menor,Bureau of Indian Affairs,0,Sin jurisdiccion especial,0,33.45320833,-111.8659139,Vehiculo en movimiento,Reportado como desconocido,Reported as Unknown,Desconocido,Reportado como desconocida,Ninguna,Oscuro - iluminacion desconocida,Reportado como desconocido,No,NO APLICA,99,99,99,99,1,31/07/2022,2
4,Arizona,40934,1,1,1,0,17,NAVAJO (17),565,WHITERIVER,8,Agosto,1,2022,99,99,SR-73,3,Highway estatal,Urbano,Arteria Menor,State Highway Agency,0,Sin jurisdiccion especial,282,33.84836389,-109.9639528,Peaton,El primer evento no fue una colision con un vehiculo automotor en transporte,Reported as Unknown,Desconocido,Reportado como desconocida,Ninguna,Reportada como desconocida,Reportado como desconocido,No,NO APLICA,99,99,99,99,1,01/08/2022,1
4,Arizona,40935,1,1,1,0,5,COCONINO (5),246,INSCRIPTION HOUSE,8,Agosto,2,2022,5,44,NAVAJO ROUTE 16,8,Otro,Rural,No reportado,Not Reported,0,Reservacion India,0,36.58876389,-110.7902556,Peaton,El primer evento no fue una colision con un vehiculo automotor en transporte,Not an Intersection,No fue interseccion,Sobre Acotamiento,Ninguna,Oscuro sin iluminacion,Despejado,No,NO APLICA,99,99,99,99,1,02/08/2022,1
4,Arizona,40936,1,1,1,0,13,MARICOPA (13),370,PHOENIX,8,Agosto,6,2022,0,2,W INDIAN SCHOOL RD,6,Calle Local Municipalidad,Urbano,Arteria Principal,City or Municipal Highway Agency,1,Sin jurisdiccion especial,0,33.49488056,-112.2037694,Peaton,El primer evento no fue una colision con un vehiculo automotor en transporte,Not an Intersection,No fue interseccion,Sobre calle,Ninguna,Oscuro con iluminacion,Despejado,No,NO APLICA,99,99,99,99,1,06/08/2022,1
4,Arizona,40937,0,0,1,0,13,MARICOPA (13),370,PHOENIX,8,Agosto,5,2022,2,10,N 16TH ST,8,Otro,Urbano,Colector Menor,City or Municipal Highway Agency,0,Sin jurisdiccion especial,99998,33.62860833,-112.0481694,Banqueta,El primer evento no fue una colision con un vehiculo automotor en transporte,Not an Intersection,No fue interseccion,Sobre el lado de la calle,Ninguna,Oscuro con iluminacion,Despejado,No,NO APLICA,99,99,99,99,1,05/08/2022,1
4,Arizona,40938,0,0,2,1,13,MARICOPA (13),370,PHOENIX,8,Agosto,6,2022,20,47,67TH AVE,8,Otro,Urbano,Arteria Menor,County Highway Agency,0,Sin jurisdiccion especial,42,33.37815,-112.2026111,Vehiculo Aparcado,El primer evento no fue una colision con un vehiculo automotor en transporte,Not an Intersection,No fue interseccion,Sobre Acotamiento,Ninguna,Oscuro sin iluminacion,Despejado,No,NO APLICA,20,47,20,57,1,06/08/2022,1
4,Arizona,40939,0,0,2,0,13,MARICOPA (13),370,PHOENIX,8,Agosto,9,2022,0,31,N 27TH AVE,8,Otro,Urbano,Arteria Menor,City or Municipal Highway Agency,0,Sin jurisdiccion especial,134,33.48608333,-112.1171556,Vehiculo en movimiento,No reportado,Not an Intersection,No fue interseccion,Sobre calle,Ninguna,Oscuro con iluminacion,Despejado,No,NO APLICA,99,99,99,99,1,09/08/2022,2
4,Arizona,40940,0,0,2,0,13,MARICOPA (13),370,PHOENIX,8,Agosto,9,2022,9,59,N 43RD AVE,6,Calle Local Municipalidad,Urbano,Arteria Menor,City or Municipal Highway Agency,0,Sin jurisdiccion especial,0,33.56841667,-112.1515833,Vehiculo en movimiento,Golpe Lateral - misma direccion,Not an Intersection,No fue interseccion,Sobre calle,Ninguna,Dia total,Reportado como desconocido,No,NO APLICA,99,99,99,99,1,09/08/2022,2
4,Arizona,40941,0,0,1,0,25,YAVAPAI (25),386,PRESCOTT,8,Agosto,9,2022,18,54,WALKER RD,8,Otro,Rural,Colector Menor,County Highway Agency,0,Sin jurisdiccion especial,54,34.52790833,-112.3939139,Banqueta,El primer evento no fue una colision con un vehiculo automotor en transporte,Not an Intersection,No fue interseccion,Sobre el lado de la calle,Ninguna,Atardecer,Despejado,No,NO APLICA,18,54,19,0,1,09/08/2022,5
4,Arizona,40942,0,0,1,0,21,PINAL (21),160,ELOY,8,Agosto,10,2022,7,10,PHILLIPS RD,8,Otro,Trafficway Not in State Inventory,Via no en inventario estatal,Trafficway Not in State Inventory,0,Sin jurisdiccion especial,99998,32.71947778,-111.5587889,Volcadura,El primer evento no fue una colision con un vehiculo automotor en transporte,Not an Intersection,No fue interseccion,Sobre el lado de la calle,Ninguna,Dia total,Despejado,No,NO APLICA,7,5,7,9,1,10/08/2022,8
4,Arizona,40943,0,0,1,0,13,MARICOPA (13),189,GILA BEND,8,Agosto,14,2022,14,30,SR-85 EXIT RAMP,3,Highway estatal,Rural,Arteria Menor,State Highway Agency,0,Sin jurisdiccion especial,10,32.94471944,-112.7347667,Banqueta,El primer evento no fue una colision con un vehiculo automotor en transporte,Not an Intersection,No fue interseccion,Sobre el lado de la calle,Ninguna,Dia total,Nublado,No,NO APLICA,14,30,14,40,2,14/08/2022,2
4,Arizona,40944,0,0,1,0,13,MARICOPA (13),80,CHANDLER,8,Agosto,14,2022,16,54,EAST RAY ROAD,8,Otro,Urbano,Arteria Menor,City or Municipal Highway Agency,0,Sin jurisdiccion especial,552,33.32069444,-111.8373722,Banqueta,El primer evento no fue una colision con un vehiculo automotor en transporte,Not an Intersection,No fue interseccion,En el medio,Ninguna,Dia total,Nublado,No,NO APLICA,16,56,16,59,1,14/08/2022,2
4,Arizona,40945,0,0,1,0,21,PINAL (21),0,NO APLICA,8,Agosto,15,2022,12,31,PARK LINK DR,8,Otro,Rural,Colector Mayor,County Highway Agency,0,Sin jurisdiccion especial,70,32.61583611,-111.2271472,Acotamiento,El primer evento no fue una colision con un vehiculo automotor en transporte,Not an Intersection,No fue interseccion,Sobre el lado de la calle,Ninguna,Dia total,Despejado,No,NO APLICA,99,99,99,99,1,15/08/2022,1
4,Arizona,40946,0,0,1,0,13,MARICOPA (13),370,PHOENIX,8,Agosto,18,2022,7,24,W BELL RD,8,Otro,Urbano,Arteria Principal,City or Municipal Highway Agency,1,Sin jurisdiccion especial,338,33.64008056,-112.1055528,Banqueta,El primer evento no fue una colision con un vehiculo automotor en transporte,T-Intersection,Interseccion de T,En el medio,Ninguna,Dia total,Despejado,No,NO APLICA,99,99,99,99,1,18/08/2022,2
4,Arizona,40947,0,0,2,0,13,MARICOPA (13),370,PHOENIX,8,Agosto,20,2022,19,4,SR-101 W BEARDSLEY RD,3,Highway estatal,Urbano,Colector Menor,State Highway Agency,0,Sin jurisdiccion especial,74,33.66971389,-112.117225,Vehiculo en movimiento,Golpe Lateral - misma direccion,Four-Way Intersection,Interseccion de 4 direcciones,Sobre calle,Ninguna,Oscuro con iluminacion,Nublado,No,NO APLICA,19,6,19,10,1,20/08/2022,2
4,Arizona,40948,1,1,1,0,13,MARICOPA (13),370,PHOENIX,8,Agosto,21,2022,0,3,N CAVE CREEK RD,8,Otro,Urbano,Arteria Principal,City or Municipal Highway Agency,0,Sin jurisdiccion especial,28,33.60000278,-112.0373056,Ciclista,El primer evento no fue una colision con un vehiculo automotor en transporte,Not an Intersection,No fue interseccion,Sobre calle,Ninguna,Oscuro con iluminacion,Despejado,No,NO APLICA,99,99,99,99,1,21/08/2022,1