Estado,Nombre de Estado,Numero de Caso,Peatones,Personas _no_vehiculos,Vehiculos automotores,Vehiculos estacionados,Condado,Nombre Condado,Ciudad,Nombre Ciudad,Mes,Nombre Mes,Dia,Año,Hora,Minuto,Calle,Ruta,Nombre Ruta,Rural o Urbanoo,Sistema Funcional,Dueño Calle,Sistema Nacional Carreteras,Jurisdiccion Especial,Milla,Latitud,Longitud,Causa del Accidente,Tipo de Accidente,Tipo Interseccion,Columna1,Lugar en la calle,Zona de Trabajo,Luz,Clima,Autobus Escolar,Cruce de Trenes,Hora Notificacion,Minuto Notificacion,Hora Llegada,Minuto Llegada,Decesos,Fecha,PersonaVehiculo
4,Arizona,40949,1,1,1,0,17,NAVAJO (17),432,SHONTO,8,Agosto,22,2022,4,54,US-160,2,US Highway,Rural,Arteria Principal,State Highway Agency,1,Sin jurisdiccion especial,496,36.45806111,-110.6995556,Peaton,El primer evento no fue una colision con un vehiculo automotor en transporte,Not an Intersection,No fue interseccion,Sobre calle,Ninguna,Oscuro sin iluminacion,Despejado,No,NO APLICA,4,56,5,24,1,22/08/2022,1
4,Arizona,40950,1,1,1,0,13,MARICOPA (13),490,TEMPE,8,Agosto,25,2022,21,44,E UNIVERSITY DR,6,Calle Local Municipalidad,Urbano,Arteria Menor,City or Municipal Highway Agency,0,Sin jurisdiccion especial,0,99.9999,999.9999,Ciclista,El primer evento no fue una colision con un vehiculo automotor en transporte,Not an Intersection,No fue interseccion,Sobre calle,Ninguna,Oscuro - iluminacion desconocida,Reportado como desconocido,No,NO APLICA,99,99,99,99,1,25/08/2022,1
4,Arizona,40951,0,0,1,0,13,MARICOPA (13),80,CHANDLER,8,Agosto,25,2022,13,26,GILBERT RD,8,Otro,Urbano,Arteria Menor,City or Municipal Highway Agency,0,Sin jurisdiccion especial,46,33.23532778,-111.7893278,Banqueta,El primer evento no fue una colision con un vehiculo automotor en transporte,Not an Intersection,No fue interseccion,Sobre el lado de la calle,Ninguna,Dia total,Nublado,No,NO APLICA,13,27,13,31,1,25/08/2022,1
4,Arizona,40953,1,1,1,0,13,MARICOPA (13),370,PHOENIX,8,Agosto,30,2022,6,24,N 45TH AVE,8,Otro,Urbano,Colector Menor,City or Municipal Highway Agency,0,Sin jurisdiccion especial,124,33.49096389,-112.1558694,Peaton,El primer evento no fue una colision con un vehiculo automotor en transporte,Four-Way Intersection,Interseccion de 4 direcciones,Sobre calle,Ninguna,Dia total,Despejado,No,NO APLICA,99,99,99,99,1,30/08/2022,1
4,Arizona,40954,1,1,1,0,13,MARICOPA (13),370,PHOENIX,8,Agosto,30,2022,21,48,THOMAS RD,8,Otro,Urbano,Arteria Menor,City or Municipal Highway Agency,0,Sin jurisdiccion especial,600,33.48028056,-112.2216417,Peaton,El primer evento no fue una colision con un vehiculo automotor en transporte,Not an Intersection,No fue interseccion,Sobre calle,Ninguna,Oscuro con iluminacion,Despejado,No,NO APLICA,99,99,99,99,1,30/08/2022,1
4,Arizona,40955,0,0,1,0,1,APACHE (1),83,CHINLE,8,Agosto,31,2022,3,19,BIA 7,8,Otro,Rural,Colector Mayor,Bureau of Indian Affairs,0,Desconocido,0,36.15075556,-109.5543167,Volcadura,El primer evento no fue una colision con un vehiculo automotor en transporte,Not an Intersection,No fue interseccion,Reportado como desconocida,Ninguna,Oscuro - iluminacion desconocida,Reportado como desconocido,No,NO APLICA,99,99,99,99,1,31/08/2022,1
4,Arizona,40956,0,0,2,0,13,MARICOPA (13),370,PHOENIX,8,Agosto,31,2022,11,13,S 43RD AVE,8,Otro,Urbano,Arteria Menor,City or Municipal Highway Agency,0,Sin jurisdiccion especial,78,33.42248611,-112.1519167,Vehiculo en movimiento,Angulo,Four-Way Intersection,Interseccion de 4 direcciones,Sobre calle,Ninguna,Dia total,Despejado,No,NO APLICA,11,13,11,19,1,31/08/2022,3
4,Arizona,40957,1,1,1,0,13,MARICOPA (13),370,PHOENIX,9,Septiembre,1,2022,4,50,W THOMAS RD,6,Calle Local Municipalidad,Urbano,Arteria Menor,City or Municipal Highway Agency,0,Sin jurisdiccion especial,0,33.48054444,-112.1518389,Ciclista,El primer evento no fue una colision con un vehiculo automotor en transporte,Four-Way Intersection,Interseccion de 4 direcciones,Sobre calle,Ninguna,Oscuro con iluminacion,Despejado,No,NO APLICA,99,99,99,99,1,01/09/2022,2
4,Arizona,40958,0,0,1,0,13,MARICOPA (13),368,PEORIA,9,Septiembre,2,2022,12,52,W PEORIA AVE,6,Calle Local Municipalidad,Urbano,Arteria Menor,City or Municipal Highway Agency,0,Sin jurisdiccion especial,0,33.58168056,-112.2392028,Banqueta,El primer evento no fue una colision con un vehiculo automotor en transporte,Not an Intersection,No fue interseccion,En el medio,Ninguna,Dia total,Despejado,No,NO APLICA,12,52,12,59,1,02/09/2022,1
4,Arizona,40959,1,1,1,0,13,MARICOPA (13),370,PHOENIX,9,Septiembre,2,2022,19,6,N 51ST AVE,6,Calle Local Municipalidad,Urbano,Arteria Principal,City or Municipal Highway Agency,1,Sin jurisdiccion especial,0,33.49357222,-112.1688833,Peaton,El primer evento no fue una colision con un vehiculo automotor en transporte,Not an Intersection,No fue interseccion,Sobre calle,Ninguna,Atardecer,Despejado,No,NO APLICA,99,99,99,99,1,02/09/2022,1
4,Arizona,40960,1,1,3,0,19,PIMA (19),530,TUCSON,9,Septiembre,3,2022,22,4,E GRANT RD,6,Calle Local Municipalidad,Urbano,Arteria Principal,City or Municipal Highway Agency,0,Sin jurisdiccion especial,0,32.250525,-110.9184306,Peaton,El primer evento no fue una colision con un vehiculo automotor en transporte,Four-Way Intersection,Interseccion de 4 direcciones,Sobre calle,Ninguna,Oscuro con iluminacion,Despejado,No,NO APLICA,22,4,22,8,1,03/09/2022,5
4,Arizona,40962,1,1,1,0,13,MARICOPA (13),370,PHOENIX,9,Septiembre,6,2022,5,4,W BUCKEYE RD,6,Calle Local Municipalidad,Urbano,Arteria Menor,State Highway Agency,0,Sin jurisdiccion especial,0,33.43704167,-112.1910056,Ciclista,El primer evento no fue una colision con un vehiculo automotor en transporte,Not an Intersection,No fue interseccion,Sobre calle,Ninguna,Oscuro con iluminacion,Despejado,No,NO APLICA,99,99,99,99,1,06/09/2022,1
4,Arizona,40963,1,1,1,0,19,PIMA (19),530,TUCSON,9,Septiembre,11,2022,20,21,E 22ND ST,6,Calle Local Municipalidad,Urbano,Arteria Menor,City or Municipal Highway Agency,0,Sin jurisdiccion especial,0,32.20686667,-110.8786861,Peaton,El primer evento no fue una colision con un vehiculo automotor en transporte,Not an Intersection,No fue interseccion,Sobre calle,Ninguna,Oscuro con iluminacion,lluvia,No,NO APLICA,20,21,21,13,1,11/09/2022,1
4,Arizona,40964,0,0,1,0,1,APACHE (1),0,NO APLICA,9,Septiembre,12,2022,23,23,US-191,2,US Highway,Rural,Arteria Menor,State Highway Agency,0,Sin jurisdiccion especial,4707,36.46793611,-109.5513417,Volcadura,El primer evento no fue una colision con un vehiculo automotor en transporte,Reported as Unknown,Desconocido,Reportado como desconocida,Ninguna,Oscuro - iluminacion desconocida,Reportado como desconocido,No,NO APLICA,99,99,99,99,1,12/09/2022,1
4,Arizona,40965,0,0,1,0,13,MARICOPA (13),490,TEMPE,9,Septiembre,13,2022,15,59,S PRICE RD,8,Otro,Urbano,Colector Menor,State Highway Agency,0,Sin jurisdiccion especial,0,33.38119167,-111.8928444,Banqueta,El primer evento no fue una colision con un vehiculo automotor en transporte,Not an Intersection,No fue interseccion,Sobre el lado de la calle,Ninguna,Dia total,Despejado,No,NO APLICA,16,0,16,7,1,13/09/2022,1
4,Arizona,40966,0,0,1,0,5,COCONINO (5),0,NO APLICA,9,Septiembre,13,2022,16,37,BIA 20,8,Otro,Rural,Arteria Menor,Bureau of Indian Affairs,0,Reservacion India,0,99.9999,999.9999,Volcadura,El primer evento no fue una colision con un vehiculo automotor en transporte,Reported as Unknown,Desconocido,Reportado como desconocida,Ninguna,Reportada como desconocida,Reportado como desconocido,No,NO APLICA,99,99,99,99,1,13/09/2022,1
4,Arizona,40967,0,0,1,0,19,PIMA (19),530,TUCSON,9,Septiembre,14,2022,12,49,S KOLB RD,6,Calle Local Municipalidad,Urbano,Arteria Principal,State Highway Agency,1,Sin jurisdiccion especial,0,32.13025278,-110.8412361,Banqueta,El primer evento no fue una colision con un vehiculo automotor en transporte,Four-Way Intersection,Interseccion de 4 direcciones,Sobre el lado de la calle,Ninguna,Dia total,Nublado,No,NO APLICA,99,99,99,99,1,14/09/2022,1
4,Arizona,40968,1,1,1,0,13,MARICOPA (13),370,PHOENIX,9,Septiembre,15,2022,20,1,N 44TH ST,6,Calle Local Municipalidad,Urbano,Arteria Principal,City or Municipal Highway Agency,0,Sin jurisdiccion especial,0,33.44870556,-111.9870417,Peaton,El primer evento no fue una colision con un vehiculo automotor en transporte,Not an Intersection,No fue interseccion,Sobre calle,Ninguna,Oscuro con iluminacion,Despejado,No,NO APLICA,99,99,99,99,1,15/09/2022,1
4,Arizona,40969,1,1,1,0,13,MARICOPA (13),370,PHOENIX,9,Septiembre,16,2022,9,26,W BASELINE RD,6,Calle Local Municipalidad,Urbano,Arteria Principal,City or Municipal Highway Agency,1,Sin jurisdiccion especial,0,33.37781389,-112.0803083,Peaton,El primer evento no fue una colision con un vehiculo automotor en transporte,Not an Intersection,No fue interseccion,Sobre calle,Ninguna,Dia total,Reportado como desconocido,No,NO APLICA,99,99,99,99,1,16/09/2022,1
4,Arizona,40970,1,1,1,0,13,MARICOPA (13),370,PHOENIX,9,Septiembre,16,2022,23,38,E MCDOWELL RD,6,Calle Local Municipalidad,Urbano,Arteria Menor,City or Municipal Highway Agency,0,Sin jurisdiccion especial,0,33.46568056,-111.9930472,Peaton,El primer evento no fue una colision con un vehiculo automotor en transporte,T-Intersection,Interseccion de T,Sobre calle,Ninguna,Oscuro con iluminacion,Nublado,No,NO APLICA,99,99,99,99,1,16/09/2022,1
4,Arizona,40971,1,1,1,0,13,MARICOPA (13),290,MESA,9,Septiembre,16,2022,19,29,S ALMA SCHOOL RD,6,Calle Local Municipalidad,Urbano,Arteria Menor,City or Municipal Highway Agency,0,Sin jurisdiccion especial,0,33.40204167,-111.8569083,Peaton,El primer evento no fue una colision con un vehiculo automotor en transporte,T-Intersection,Interseccion de T,Sobre calle,Ninguna,Oscuro con iluminacion,Despejado,No,NO APLICA,99,99,99,99,1,16/09/2022,5
4,Arizona,40972,1,1,1,0,13,MARICOPA (13),490,TEMPE,9,Septiembre,17,2022,10,56,E SOUTHERN AVE,6,Calle Local Municipalidad,Urbano,Arteria Menor,City or Municipal Highway Agency,0,Sin jurisdiccion especial,0,33.39294722,-111.9283583,Peaton,El primer evento no fue una colision con un vehiculo automotor en transporte,Not an Intersection,No fue interseccion,"Izquierda continua, carril de vuelta",Ninguna,Dia total,Despejado,No,NO APLICA,10,56,11,3,1,17/09/2022,1
4,Arizona,40973,0,0,3,0,21,PINAL (21),70,CASA GRANDE,9,Septiembre,17,2022,17,31,E COTTONWOOD LN,6,Calle Local Municipalidad,Urbano,Colector Mayor,City or Municipal Highway Agency,0,Sin jurisdiccion especial,0,32.89430833,-111.713925,Vehiculo en movimiento,Angulo,Four-Way Intersection,Interseccion de 4 direcciones,Sobre calle,Ninguna,Dia total,Despejado,No,NO APLICA,99,99,99,99,1,17/09/2022,5
4,Arizona,40974,0,0,1,0,13,MARICOPA (13),475,SUN CITY,9,Septiembre,17,2022,23,25,W BELL RD,6,Calle Local Municipalidad,Urbano,Arteria Principal,County Highway Agency,1,Sin jurisdiccion especial,0,99.9999,999.9999,Desconocido,Reportado como desconocido,Reported as Unknown,Desconocido,Reportado como desconocida,Ninguna,Oscuro - iluminacion desconocida,Reportado como desconocido,No,NO APLICA,99,99,99,99,1,17/09/2022,1
4,Arizona,40975,1,1,1,0,13,MARICOPA (13),370,PHOENIX,9,Septiembre,18,2022,22,57,W INDIAN SCHOOL RD,6,Calle Local Municipalidad,Urbano,Arteria Principal,City or Municipal Highway Agency,1,Sin jurisdiccion especial,0,33.49501389,-112.1952583,Ciclista,El primer evento no fue una colision con un vehiculo automotor en transporte,Four-Way Intersection,Interseccion de 4 direcciones,Sobre calle,Ninguna,Oscuro con iluminacion,Despejado,No,NO APLICA,99,99,99,99,1,18/09/2022,2
4,Arizona,40976,0,0,1,0,19,PIMA (19),530,TUCSON,9,Septiembre,18,2022,21,55,DANWOOD WAY,8,Otro,Urbano,Local,Not Reported,0,Sin jurisdiccion especial,0,32.10341667,-110.7717667,Buzon de correo,El primer evento no fue una colision con un vehiculo automotor en transporte,L-Intersection,Interseccion en L,Sobre el lado de la calle,Ninguna,Oscuro con iluminacion,Despejado,No,NO APLICA,21,59,22,5,1,18/09/2022,3
4,Arizona,40977,0,0,2,0,13,MARICOPA (13),368,PEORIA,9,Septiembre,19,2022,6,42,W OLIVE AVE,6,Calle Local Municipalidad,Urbano,Arteria Menor,County Highway Agency,0,Sin jurisdiccion especial,0,33.56564722,-112.2935778,Vehiculo en movimiento,Frente a Detrás,Not an Intersection,No fue interseccion,Sobre calle,Ninguna,Dia total,Despejado,No,NO APLICA,6,41,6,50,1,19/09/2022,2
4,Arizona,40979,0,0,2,0,13,MARICOPA (13),570,WICKENBURG,9,Septiembre,19,2022,15,7,US-60,2,US Highway,Rural,Arteria Principal,State Highway Agency,1,Sin jurisdiccion especial,813,33.95234722,-112.7086083,Vehiculo en movimiento,Frente a frente,Not an Intersection,No fue interseccion,"Izquierda continua, carril de vuelta",Ninguna,Dia total,Despejado,No,NO APLICA,15,9,15,20,1,19/09/2022,2
4,Arizona,40980,1,1,1,0,13,MARICOPA (13),370,PHOENIX,9,Septiembre,19,2022,21,29,W CAMELBACK RD,6,Calle Local Municipalidad,Urbano,Arteria Menor,City or Municipal Highway Agency,0,Sin jurisdiccion especial,0,33.50943611,-112.0831417,Peaton,El primer evento no fue una colision con un vehiculo automotor en transporte,Not an Intersection,No fue interseccion,Sobre calle,Ninguna,Oscuro con iluminacion,Despejado,No,NO APLICA,99,99,99,99,1,19/09/2022,1
4,Arizona,40981,0,0,1,0,13,MARICOPA (13),370,PHOENIX,9,Septiembre,20,2022,99,99,E ALAMEDA,8,Otro,Urbano,Colector Menor,County Highway Agency,0,Sin jurisdiccion especial,0,33.70840278,-112.052625,Desconocido,Reportado como desconocido,Reported as Unknown,Desconocido,Reportado como desconocida,Ninguna,Reportada como desconocida,Reportado como desconocido,No,NO APLICA,99,99,99,99,1,20/09/2022,1
4,Arizona,40982,0,0,2,0,19,PIMA (19),530,TUCSON,9,Septiembre,20,2022,7,34,S HOUGHTON RD,9,Desconocido,Urbano,Arteria Principal,City or Municipal Highway Agency,0,Sin jurisdiccion especial,0,32.08979167,-110.7729278,Vehiculo en movimiento,Frente a Detrás,Not an Intersection,No fue interseccion,Sobre calle,Ninguna,Dia total,Despejado,No,NO APLICA,99,99,99,99,1,20/09/2022,2
4,Arizona,40983,0,0,2,0,13,MARICOPA (13),370,PHOENIX,9,Septiembre,22,2022,14,16,W HAPPY VALLEY RD,6,Calle Local Municipalidad,Urbano,Arteria Menor,City or Municipal Highway Agency,0,Sin jurisdiccion especial,0,33.71298889,-112.1086944,Vehiculo en movimiento,No reportado,Four-Way Intersection,Interseccion de 4 direcciones,Sobre calle,Ninguna,Dia total,Despejado,No,NO APLICA,99,99,99,99,1,22/09/2022,3
4,Arizona,40984,1,1,1,0,13,MARICOPA (13),370,PHOENIX,9,Septiembre,22,2022,20,12,N 91ST LN,6,Calle Local Municipalidad,Urbano,Arteria Menor,City or Municipal Highway Agency,0,Sin jurisdiccion especial,0,33.46897222,-112.2551583,Peaton,El primer evento no fue una colision con un vehiculo automotor en transporte,Not an Intersection,No fue interseccion,Sobre calle,Ninguna,Oscuro con iluminacion,Despejado,No,NO APLICA,99,99,99,99,1,22/09/2022,1
4,Arizona,40985,1,1,2,0,13,MARICOPA (13),370,PHOENIX,9,Septiembre,22,2022,21,53,US-60,2,US Highway,Urbano,Arteria Menor,State Highway Agency,0,Sin jurisdiccion especial,1293,33.47603056,-112.1119222,Peaton,El primer evento no fue una colision con un vehiculo automotor en transporte,Not an Intersection,No fue interseccion,Sobre calle,Ninguna,Oscuro con iluminacion,Despejado,No,NO APLICA,99,99,99,99,1,22/09/2022,2
4,Arizona,40986,0,0,2,0,13,MARICOPA (13),510,TOLLESON,9,Septiembre,23,2022,17,15,83RD AVE,6,Calle Local Municipalidad,Urbano,Arteria Menor,City or Municipal Highway Agency,0,Sin jurisdiccion especial,0,33.44709167,-112.2383333,Vehiculo en movimiento,Angulo,T-Intersection,Interseccion de T,Sobre calle,Ninguna,Dia total,Despejado,No,NO APLICA,99,99,99,99,1,23/09/2022,5
4,Arizona,40987,0,0,1,0,13,MARICOPA (13),370,PHOENIX,11,Noviembre,12,2022,2,0,SR-51 EXIT RAMP,3,Highway estatal,Urbano,Arterial Principal -Freeway o ExpressWay,State Highway Agency,1,Sin jurisdiccion especial,125,33.622475,-112.0080056,Arbol,El primer evento no fue una colision con un vehiculo automotor en transporte,Not an Intersection,No fue interseccion,Fuera de la calle,Ninguna,Oscuro con iluminacion,Despejado,No,NO APLICA,2,2,2,12,1,12/11/2022,1
4,Arizona,40988,0,0,2,0,13,MARICOPA (13),370,PHOENIX,9,Septiembre,23,2022,18,21,N 35TH AVE,6,Calle Local Municipalidad,Urbano,Arteria Menor,City or Municipal Highway Agency,0,Sin jurisdiccion especial,0,33.60445556,-112.1338556,Vehiculo en movimiento,Angulo,Not an Intersection,No fue interseccion,Sobre calle,Ninguna,Oscuro con iluminacion,Despejado,No,NO APLICA,99,99,99,99,2,23/09/2022,4
4,Arizona,40989,1,1,1,0,19,PIMA (19),530,TUCSON,9,Septiembre,23,2022,20,51,N STONE AVE,6,Calle Local Municipalidad,Urbano,Arteria Menor,City or Municipal Highway Agency,0,Sin jurisdiccion especial,0,32.2524,-110.972025,Peaton,El primer evento no fue una colision con un vehiculo automotor en transporte,Not an Intersection,No fue interseccion,Sobre calle,Ninguna,Oscuro sin iluminacion,Despejado,No,NO APLICA,20,56,20,56,1,23/09/2022,1
4,Arizona,40990,1,1,1,0,13,MARICOPA (13),370,PHOENIX,9,Septiembre,24,2022,1,58,E MCDOWELL RD,6,Calle Local Municipalidad,Urbano,Arteria Menor,City or Municipal Highway Agency,0,Sin jurisdiccion especial,0,33.46580278,-112.0678361,Peaton,El primer evento no fue una colision con un vehiculo automotor en transporte,Not an Intersection,No fue interseccion,Sobre calle,Ninguna,Oscuro con iluminacion,Despejado,No,NO APLICA,1,57,1,58,1,24/09/2022,1
4,Arizona,40991,0,0,2,0,5,COCONINO (5),231,HAPPY JACK,9,Septiembre,24,2022,10,29,LAKE MARY RD,8,Otro,Rural,Arteria Menor,County Highway Agency,0,Sin jurisdiccion especial,0,34.789275,-111.4442417,Vehiculo en movimiento,Angulo,T-Intersection,Interseccion de T,Sobre calle,Ninguna,Dia total,Despejado,No,NO APLICA,10,39,11,1,1,24/09/2022,2
4,Arizona,40992,0,0,1,0,13,MARICOPA (13),30,AVONDALE,9,Septiembre,25,2022,99,99,N 107TH AVE,6,Calle Local Municipalidad,Urbano,Arteria Menor,City or Municipal Highway Agency,0,Sin jurisdiccion especial,99999,99.9999,999.9999,Desconocido,Reportado como desconocido,Reported as Unknown,Desconocido,Reportado como desconocida,Ninguna,Reportada como desconocida,Reportado como desconocido,No,NO APLICA,99,99,99,99,1,25/09/2022,1
4,Arizona,40994,0,0,2,0,19,PIMA (19),425,SELLS,9,Septiembre,25,2022,23,1,SR-86,3,Highway estatal,Rural,Arteria Menor,State Highway Agency,0,Sin jurisdiccion especial,289,32.18001389,-112.2768417,Vehiculo en movimiento,Frente a frente,Not an Intersection,No fue interseccion,Sobre calle,Ninguna,Oscuro sin iluminacion,Despejado,No,NO APLICA,99,99,99,99,1,25/09/2022,5
4,Arizona,40995,0,0,1,0,1,APACHE (1),83,CHINLE,9,Septiembre,27,2022,99,99,BIA 07,8,Otro,Rural,Colector Menor,Bureau of Indian Affairs,0,Desconocido,0,99.9999,999.9999,Desconocido,Reportado como desconocido,Reported as Unknown,Desconocido,Reportado como desconocida,Ninguna,Reportada como desconocida,Reportado como desconocido,No,NO APLICA,99,99,99,99,1,27/09/2022,1
4,Arizona,40996,1,1,2,0,13,MARICOPA (13),370,PHOENIX,9,Septiembre,26,2022,4,47,W BUCKEYE RD,6,Calle Local Municipalidad,Urbano,Arteria Menor,City or Municipal Highway Agency,0,Sin jurisdiccion especial,0,33.43679444,-112.0845389,Vehiculo en movimiento,Frente a Detrás,Four-Way Intersection,Interseccion de 4 direcciones,Sobre calle,Ninguna,Oscuro con iluminacion,Despejado,No,NO APLICA,99,99,99,99,1,26/09/2022,2
4,Arizona,40997,1,1,1,0,13,MARICOPA (13),370,PHOENIX,9,Septiembre,27,2022,6,44,W GREENWAY RD,6,Calle Local Municipalidad,Urbano,Arteria Menor,City or Municipal Highway Agency,0,Sin jurisdiccion especial,0,33.62521389,-112.1202222,Peaton,El primer evento no fue una colision con un vehiculo automotor en transporte,Four-Way Intersection,Interseccion de 4 direcciones,Sobre calle,Ninguna,Dia total,Despejado,No,NO APLICA,99,99,99,99,1,27/09/2022,1
4,Arizona,40998,1,1,1,0,13,MARICOPA (13),370,PHOENIX,9,Septiembre,30,2022,22,59,N 75TH AVE,6,Calle Local Municipalidad,Urbano,Arteria Menor,City or Municipal Highway Agency,0,Sin jurisdiccion especial,0,33.50694444,-112.2204556,Peaton,El primer evento no fue una colision con un vehiculo automotor en transporte,Not an Intersection,No fue interseccion,Sobre calle,Ninguna,Oscuro con iluminacion,Despejado,No,NO APLICA,22,59,23,3,1,30/09/2022,1
4,Arizona,40999,0,0,1,0,21,PINAL (21),435,SAN TAN VALLEY,9,Septiembre,30,2022,5,24,SARATOGA DR,9,Desconocido,Urbano,Arteria Menor,County Highway Agency,0,Sin jurisdiccion especial,9,33.17647778,-111.5917944,Volcadura,El primer evento no fue una colision con un vehiculo automotor en transporte,T-Intersection,Interseccion de T,Sobre el lado de la calle,Ninguna,Oscuro con iluminacion,Despejado,No,NO APLICA,99,99,99,99,1,30/09/2022,1
4,Arizona,41000,0,0,1,0,13,MARICOPA (13),420,SCOTTSDALE,9,Septiembre,30,2022,14,51,E TALKING STICK WAY,9,Desconocido,Unknown,Desconocido,Unknown,9,Desconocido,0,99.9999,999.9999,Desconocido,Reportado como desconocido,Reported as Unknown,Desconocido,Reportado como desconocida,Ninguna,Reportada como desconocida,Reportado como desconocido,No,NO APLICA,99,99,99,99,1,30/09/2022,2
4,Arizona,41001,0,0,2,0,19,PIMA (19),530,TUCSON,10,Octubre,2,2022,19,1,SPEEDWY BLVD,6,Calle Local Municipalidad,Urbano,Arteria Principal,City or Municipal Highway Agency,0,Sin jurisdiccion especial,0,32.23625833,-110.8767528,Vehiculo en movimiento,Angulo,Not an Intersection,No fue interseccion,Sobre calle,Ninguna,Oscuro con iluminacion,Despejado,No,NO APLICA,19,11,19,4,1,02/10/2022,2
4,Arizona,41002,1,1,1,0,13,MARICOPA (13),490,TEMPE,10,Octubre,4,2022,19,15,W BASELINE RD,6,Calle Local Municipalidad,Urbano,Arteria Menor,City or Municipal Highway Agency,0,Sin jurisdiccion especial,0,33.37826111,-111.9410722,Peaton,El primer evento no fue una colision con un vehiculo automotor en transporte,Not an Intersection,No fue interseccion,Sobre calle,Ninguna,Oscuro con iluminacion,Despejado,No,NO APLICA,19,15,19,22,1,04/10/2022,2
4,Arizona,41003,0,0,2,0,13,MARICOPA (13),368,PEORIA,10,Octubre,4,2022,23,8,SR-101,3,Highway estatal,Urbano,Arterial Principal -Freeway o ExpressWay,State Highway Agency,1,Sin jurisdiccion especial,117,33.61742222,-112.2394333,Vehiculo en movimiento,Frente a frente,Not an Intersection,No fue interseccion,Sobre calle,Ninguna,Oscuro con iluminacion,Despejado,No,NO APLICA,23,12,23,21,1,04/10/2022,2
4,Arizona,41004,0,0,1,0,13,MARICOPA (13),370,PHOENIX,10,Octubre,6,2022,0,20,I-10 EXIT RAMP,1,Interestatal,Urbano,Interestatal,State Highway Agency,1,Sin jurisdiccion especial,1460,33.46156389,-112.0475361,Barrera de Trafico de Concreto,El primer evento no fue una colision con un vehiculo automotor en transporte,Four-Way Intersection,Interseccion de 4 direcciones,Sobre el lado de la calle,Ninguna,Oscuro con iluminacion,Despejado,No,NO APLICA,2,0,2,6,1,06/10/2022,1
4,Arizona,41005,1,1,1,0,13,MARICOPA (13),370,PHOENIX,10,Octubre,7,2022,7,52,I-17,1,Interestatal,Urbano,Interestatal,State Highway Agency,1,Sin jurisdiccion especial,230,33.70976389,-112.1165889,Peaton,El primer evento no fue una colision con un vehiculo automotor en transporte,Not an Intersection,No fue interseccion,Sobre Acotamiento,Ninguna,Dia total,Despejado,No,NO APLICA,7,50,8,1,1,07/10/2022,1
4,Arizona,41006,1,1,1,0,13,MARICOPA (13),370,PHOENIX,10,Octubre,9,2022,2,59,N 16TH ST,6,Calle Local Municipalidad,Urbano,Arteria Menor,City or Municipal Highway Agency,0,Sin jurisdiccion especial,0,33.48675,-112.0477694,Banqueta,El primer evento no fue una colision con un vehiculo automotor en transporte,Not an Intersection,No fue interseccion,Sobre el lado de la calle,Ninguna,Oscuro con iluminacion,Despejado,No,NO APLICA,99,99,99,99,1,09/10/2022,1
4,Arizona,41007,0,0,4,0,13,MARICOPA (13),0,NO APLICA,10,Octubre,10,2022,3,38,I-17,1,Interestatal,Rural,Interestatal,State Highway Agency,1,Sin jurisdiccion especial,422,33.96389167,-112.1303556,Vehiculo en movimiento,Frente a frente,Not an Intersection,No fue interseccion,Sobre calle,Ninguna,Oscuro sin iluminacion,Despejado,No,NO APLICA,3,53,4,7,3,10/10/2022,6
4,Arizona,41008,1,1,1,0,17,NAVAJO (17),240,HOLBROOK,10,Octubre,11,2022,19,6,SR-40B,3,Highway estatal,Rural,Arteria Principal,State Highway Agency,1,Sin jurisdiccion especial,99999,34.90282778,-110.1583944,Peaton,El primer evento no fue una colision con un vehiculo automotor en transporte,Four-Way Intersection,Interseccion de 4 direcciones,Sobre calle,Ninguna,Oscuro con iluminacion,Despejado,No,NO APLICA,19,6,19,13,1,11/10/2022,1
4,Arizona,41009,0,0,2,0,19,PIMA (19),530,TUCSON,10,Octubre,13,2022,18,59,KOLB RD,6,Calle Local Municipalidad,Urbano,Arteria Principal,City or Municipal Highway Agency,1,Sin jurisdiccion especial,0,32.18464722,-110.8410722,Vehiculo en movimiento,Angulo,Four-Way Intersection,Interseccion de 4 direcciones,Sobre calle,Ninguna,Oscuro con iluminacion,Despejado,No,NO APLICA,18,59,19,3,1,13/10/2022,2
4,Arizona,41011,1,1,1,0,13,MARICOPA (13),370,PHOENIX,10,Octubre,14,2022,18,31,W DUNLAP AVE,6,Calle Local Municipalidad,Urbano,Arteria Menor,City or Municipal Highway Agency,0,Sin jurisdiccion especial,0,33.56753056,-112.1252472,Peaton,El primer evento no fue una colision con un vehiculo automotor en transporte,T-Intersection,Interseccion de T,Sobre calle,Ninguna,Oscuro con iluminacion,Despejado,No,NO APLICA,99,99,99,99,1,14/10/2022,3
4,Arizona,41012,1,1,1,0,13,MARICOPA (13),370,PHOENIX,10,Octubre,19,2022,13,38,E BROADWAY RD,6,Calle Local Municipalidad,Urbano,Arteria Menor,City or Municipal Highway Agency,0,Sin jurisdiccion especial,0,33.40696944,-112.0189639,Ciclista,El primer evento no fue una colision con un vehiculo automotor en transporte,Not an Intersection,No fue interseccion,Sobre calle,Ninguna,Dia total,Despejado,No,NO APLICA,99,99,99,99,1,19/10/2022,1
4,Arizona,41013,1,1,1,0,19,PIMA (19),530,TUCSON,10,Octubre,20,2022,17,19,E BROADWAY BLVD,6,Calle Local Municipalidad,Urbano,Arteria Principal,City or Municipal Highway Agency,0,Sin jurisdiccion especial,0,32.22163056,-110.9191306,Peaton,El primer evento no fue una colision con un vehiculo automotor en transporte,Not an Intersection,No fue interseccion,Sobre calle,Ninguna,Atardecer,Despejado,No,NO APLICA,19,19,19,25,1,20/10/2022,2