Estado,Nombre de Estado,Numero de Caso,Peatones,Personas _no_vehiculos,Vehiculos automotores,Vehiculos estacionados,Condado,Nombre Condado,Ciudad,Nombre Ciudad,Mes,Nombre Mes,Dia,Año,Hora,Minuto,Calle,Ruta,Nombre Ruta,Rural o Urbanoo,Sistema Funcional,Dueño Calle,Sistema Nacional Carreteras,Jurisdiccion Especial,Milla,Latitud,Longitud,Causa del Accidente,Tipo de Accidente,Tipo Interseccion,Columna1,Lugar en la calle,Zona de Trabajo,Luz,Clima,Autobus Escolar,Cruce de Trenes,Hora Notificacion,Minuto Notificacion,Hora Llegada,Minuto Llegada,Decesos,Fecha,PersonaVehiculo
4,Arizona,41014,0,0,2,0,13,MARICOPA (13),80,CHANDLER,10,Octubre,21,2022,22,51,W WARNER RD,6,Calle Local Municipalidad,Urbano,Arteria Menor,City or Municipal Highway Agency,0,Sin jurisdiccion especial,0,33.33516389,-111.8703472,Vehiculo en movimiento,Angulo,T-Intersection,Interseccion de T,Sobre calle,Ninguna,Oscuro con iluminacion,Despejado,No,NO APLICA,22,53,22,56,1,21/10/2022,2
4,Arizona,41015,0,0,1,0,13,MARICOPA (13),370,PHOENIX,10,Octubre,22,2022,9,52,SR-202,3,Highway estatal,Urbano,Arterial Principal -Freeway o ExpressWay,State Highway Agency,1,Sin jurisdiccion especial,99999,33.40667778,-112.1918917,Poste,El primer evento no fue una colision con un vehiculo automotor en transporte,Not an Intersection,No fue interseccion,En el medio,Ninguna,Dia total,Despejado,No,NO APLICA,9,54,10,3,1,22/10/2022,1
4,Arizona,41016,0,0,2,0,3,COCHISE (3),431,SIERRA VISTA,10,Octubre,22,2022,17,59,E FRY BLVD,6,Calle Local Municipalidad,Urbano,Arteria Menor,City or Municipal Highway Agency,0,Sin jurisdiccion especial,0,31.55460278,-110.2776778,Vehiculo en movimiento,Angulo,Four-Way Intersection,Interseccion de 4 direcciones,Sobre calle,Ninguna,Oscuro con iluminacion,Despejado,No,NO APLICA,17,59,18,2,1,22/10/2022,2
4,Arizona,41017,0,0,2,0,13,MARICOPA (13),615,WITTMANN,10,Octubre,27,2022,7,51,W PATTON RD,9,Desconocido,Rural,Colector Mayor,County Highway Agency,0,Sin jurisdiccion especial,0,33.738675,-112.5162222,Vehiculo en movimiento,Angulo,Four-Way Intersection,Interseccion de 4 direcciones,Sobre calle,Ninguna,Dia total,Despejado,No,NO APLICA,7,51,8,0,1,27/10/2022,2
4,Arizona,41018,1,1,1,0,19,PIMA (19),530,TUCSON,10,Octubre,27,2022,21,23,E BROADWAY BLVD,6,Calle Local Municipalidad,Urbano,Arteria Principal,City or Municipal Highway Agency,0,Sin jurisdiccion especial,0,32.22090556,-110.81185,Peaton,El primer evento no fue una colision con un vehiculo automotor en transporte,Not an Intersection,No fue interseccion,Sobre calle,Ninguna,Oscuro con iluminacion,Despejado,No,NO APLICA,21,25,21,29,1,27/10/2022,1
4,Arizona,41019,1,1,1,0,13,MARICOPA (13),370,PHOENIX,10,Octubre,27,2022,22,21,E BROADWAY RD,6,Calle Local Municipalidad,Urbano,Arteria Menor,City or Municipal Highway Agency,0,Sin jurisdiccion especial,0,33.4068,-112.0405056,Peaton,El primer evento no fue una colision con un vehiculo automotor en transporte,Not an Intersection,No fue interseccion,Sobre calle,Ninguna,Oscuro con iluminacion,Despejado,No,NO APLICA,22,23,22,29,1,27/10/2022,1
4,Arizona,41020,1,1,1,0,19,PIMA (19),530,TUCSON,10,Octubre,26,2022,21,54,S KINO PKWY,9,Desconocido,Urbano,Arteria Principal,City or Municipal Highway Agency,1,Sin jurisdiccion especial,0,32.16955278,-110.9433944,Peaton,El primer evento no fue una colision con un vehiculo automotor en transporte,Not an Intersection,No fue interseccion,Sobre calle,Ninguna,Oscuro sin iluminacion,Despejado,No,NO APLICA,21,54,22,5,1,26/10/2022,1
4,Arizona,41021,0,0,1,0,13,MARICOPA (13),370,PHOENIX,10,Octubre,28,2022,1,46,N CAVE CREEK RD,6,Calle Local Municipalidad,Urbano,Arteria Principal,City or Municipal Highway Agency,1,Sin jurisdiccion especial,0,99.9999,999.9999,Desconocido,Reportado como desconocido,Not an Intersection,No fue interseccion,No reportado,Ninguna,Oscuro sin iluminacion,Despejado,No,NO APLICA,99,99,99,99,1,28/10/2022,1
4,Arizona,41022,0,0,2,0,13,MARICOPA (13),322,MORRISTOWN,10,Octubre,28,2022,11,33,US-60,2,US Highway,Rural,Arteria Principal,State Highway Agency,1,Sin jurisdiccion especial,893,33.86403611,-112.6335194,Vehiculo en movimiento,Frente a Detrás,T-Intersection,Interseccion de T,Sobre calle,Ninguna,Dia total,Despejado,No,NO APLICA,10,6,10,17,1,28/10/2022,2
4,Arizona,41023,1,1,2,0,13,MARICOPA (13),486,SURPRISE,10,Octubre,29,2022,14,2,W OLIVE AVE,6,Calle Local Municipalidad,Urbano,Colector Mayor,County Highway Agency,0,Sin jurisdiccion especial,0,33.56620278,-112.4367194,Vehiculo en movimiento,Angulo,Not an Intersection,No fue interseccion,Sobre calle,Construccion,Dia total,Despejado,No,NO APLICA,14,2,14,9,1,29/10/2022,7
4,Arizona,41024,1,1,1,0,19,PIMA (19),530,TUCSON,10,Octubre,29,2022,20,16,E BROADWAY BLVD,6,Calle Local Municipalidad,Urbano,Arteria Principal,City or Municipal Highway Agency,0,Sin jurisdiccion especial,0,32.22148611,-110.9176833,Peaton,El primer evento no fue una colision con un vehiculo automotor en transporte,Not an Intersection,No fue interseccion,Sobre calle,Ninguna,Oscuro con iluminacion,Despejado,No,NO APLICA,20,17,20,20,1,29/10/2022,1
4,Arizona,41025,0,0,1,0,19,PIMA (19),530,TUCSON,10,Octubre,30,2022,1,27,S NOGALES HWY,9,Desconocido,Urbano,Colector Mayor,City or Municipal Highway Agency,0,Sin jurisdiccion especial,0,32.13381111,-110.9613917,Banqueta,El primer evento no fue una colision con un vehiculo automotor en transporte,Four-Way Intersection,Interseccion de 4 direcciones,Isla de trafico para peatones,Ninguna,Oscuro con iluminacion,Despejado,No,NO APLICA,1,27,1,35,2,30/10/2022,2
4,Arizona,41026,0,0,4,0,13,MARICOPA (13),370,PHOENIX,10,Octubre,30,2022,5,32,N 75TH AVE,6,Calle Local Municipalidad,Urbano,Arteria Menor,City or Municipal Highway Agency,0,Sin jurisdiccion especial,0,33.50840556,-112.2205778,Vehiculo en movimiento,Frente a frente,Not an Intersection,No fue interseccion,Sobre calle,Ninguna,Oscuro con iluminacion,Despejado,No,NO APLICA,99,99,99,99,1,30/10/2022,5
4,Arizona,41027,0,0,1,0,19,PIMA (19),219,GREEN VALLEY,10,Octubre,30,2022,5,37,I-19,1,Interestatal,Urbano,Interestatal,State Highway Agency,1,Sin jurisdiccion especial,350,31.78866111,-111.0221111,Fin de valla,El primer evento no fue una colision con un vehiculo automotor en transporte,Not an Intersection,No fue interseccion,Sobre el lado de la calle,Ninguna,Amanecer,Despejado,No,NO APLICA,5,41,6,0,1,30/10/2022,1
4,Arizona,41028,0,0,2,0,13,MARICOPA (13),368,PEORIA,10,Octubre,30,2022,18,11,US-60,2,US Highway,Urbano,Arteria Principal,State Highway Agency,1,Sin jurisdiccion especial,1192,33.58783056,-112.2451917,Vehiculo en movimiento,Frente a Detrás,Not an Intersection,No fue interseccion,Sobre calle,Ninguna,Oscuro con iluminacion,Despejado,No,NO APLICA,99,99,99,99,1,30/10/2022,2
4,Arizona,41029,0,0,2,0,13,MARICOPA (13),370,PHOENIX,10,Octubre,30,2022,18,52,S 7TH ST,6,Calle Local Municipalidad,Urbano,Arteria Principal,City or Municipal Highway Agency,1,Sin jurisdiccion especial,0,33.39223889,-112.0646611,Vehiculo en movimiento,Angulo,Four-Way Intersection,Interseccion de 4 direcciones,Sobre calle,Ninguna,Oscuro con iluminacion,Despejado,No,NO APLICA,99,99,99,99,1,30/10/2022,3
4,Arizona,41030,0,0,1,0,13,MARICOPA (13),420,SCOTTSDALE,3,Marzo,5,2022,23,51,E INDIAN SCHOOL RD,6,Calle Local Municipalidad,Urbano,Arteria Principal,City or Municipal Highway Agency,1,Sin jurisdiccion especial,0,33.49498056,-111.9205528,Alguien se cayo/avento del vehiculo,El primer evento no fue una colision con un vehiculo automotor en transporte,Not an Intersection,No fue interseccion,Sobre calle,Ninguna,Oscuro con iluminacion,Despejado,No,NO APLICA,99,99,99,99,1,05/03/2022,3
4,Arizona,41031,0,0,1,0,23,SANTA CRUZ (23),17,AMADO,5,Mayo,30,2022,99,99,W ARIVACA RD,9,Desconocido,Rural,Colector Mayor,County Highway Agency,0,Sin jurisdiccion especial,0,31.72030833,-111.1416583,Desconocido,Reportado como desconocido,Reported as Unknown,Desconocido,Reportado como desconocida,Ninguna,Reportada como desconocida,Reportado como desconocido,No,NO APLICA,99,99,99,99,1,30/05/2022,2
4,Arizona,41032,1,1,1,0,3,COCHISE (3),40,BENSON,6,Junio,14,2022,18,51,W 4TH ST,9,Desconocido,Rural,Arteria Menor,State Highway Agency,0,Sin jurisdiccion especial,0,31.96852222,-110.2975139,Peaton,El primer evento no fue una colision con un vehiculo automotor en transporte,Four-Way Intersection,Interseccion de 4 direcciones,Sobre calle,Ninguna,Atardecer,Despejado,No,NO APLICA,99,99,99,99,1,14/06/2022,1
4,Arizona,41033,1,1,1,0,19,PIMA (19),530,TUCSON,7,Julio,7,2022,9,7,N ALVERNON WAY,6,Calle Local Municipalidad,Urbano,Arteria Principal,City or Municipal Highway Agency,0,Sin jurisdiccion especial,0,32.23876389,-110.9097056,Ciclista,El primer evento no fue una colision con un vehiculo automotor en transporte,T-Intersection,Interseccion de T,Sobre calle,Ninguna,Dia total,Despejado,No,NO APLICA,9,7,9,9,1,07/07/2022,1
4,Arizona,41034,0,0,1,0,19,PIMA (19),530,TUCSON,7,Julio,11,2022,2,53,E GOLF LINKS RD,9,Desconocido,Urbano,Arterial Principal -Freeway o ExpressWay,City or Municipal Highway Agency,1,Sin jurisdiccion especial,0,32.19250833,-110.9050444,Banqueta,El primer evento no fue una colision con un vehiculo automotor en transporte,Not an Intersection,No fue interseccion,Sobre el lado de la calle,Ninguna,Oscuro con iluminacion,Despejado,No,NO APLICA,2,53,2,55,1,11/07/2022,1
4,Arizona,41035,0,0,2,0,19,PIMA (19),530,TUCSON,7,Julio,13,2022,13,1,S KINO PKWY,9,Desconocido,Urbano,Arteria Principal,City or Municipal Highway Agency,0,Sin jurisdiccion especial,0,32.18781667,-110.9448,Vehiculo en movimiento,Angulo,Not an Intersection,No fue interseccion,Sobre calle,Ninguna,Dia total,Despejado,No,NO APLICA,13,3,13,4,1,13/07/2022,2
4,Arizona,41036,0,0,2,0,27,YUMA (27),0,NO APLICA,7,Julio,21,2022,4,47,S AVENUE A,9,Desconocido,Urbano,Colector Mayor,County Highway Agency,0,Sin jurisdiccion especial,0,99.9999,999.9999,Vehiculo en movimiento,Frente a Detrás,Not an Intersection,No fue interseccion,Sobre calle,Ninguna,Oscuro con iluminacion,Despejado,No,NO APLICA,4,51,4,57,1,21/07/2022,2
4,Arizona,41037,0,0,3,2,3,COCHISE (3),130,DOUGLAS,7,Julio,22,2022,10,28,AVENUE A,6,Calle Local Municipalidad,Urbano,Arteria Menor,City or Municipal Highway Agency,0,Sin jurisdiccion especial,0,31.34805278,-109.5455306,Vehiculo Aparcado,El primer evento no fue una colision con un vehiculo automotor en transporte,Not an Intersection,No fue interseccion,Sobre el lado de la calle,Ninguna,Dia total,Despejado,No,NO APLICA,99,99,99,99,1,22/07/2022,1
4,Arizona,41038,1,1,1,0,19,PIMA (19),530,TUCSON,8,Agosto,24,2022,1,35,NOGALES HWY,8,Otro,Urbano,Arteria Menor,City or Municipal Highway Agency,0,Sin jurisdiccion especial,292,32.12253889,-110.9610028,Peaton,El primer evento no fue una colision con un vehiculo automotor en transporte,Not an Intersection,No fue interseccion,Sobre calle,Ninguna,Oscuro sin iluminacion,Despejado,No,NO APLICA,1,35,1,40,1,24/08/2022,2
4,Arizona,41039,1,1,1,0,13,MARICOPA (13),490,TEMPE,8,Agosto,26,2022,9,15,W UNIVERSITY DR,8,Otro,Urbano,Arteria Menor,City or Municipal Highway Agency,0,Sin jurisdiccion especial,30,33.42201111,-111.9653556,Peaton,El primer evento no fue una colision con un vehiculo automotor en transporte,T-Intersection,Interseccion de T,Sobre calle,Ninguna,Dia total,Despejado,No,NO APLICA,9,15,9,21,1,26/08/2022,1
4,Arizona,41040,0,0,2,0,19,PIMA (19),530,TUCSON,8,Agosto,31,2022,16,44,PRINCE RD,8,Otro,Urbano,Arteria Menor,City or Municipal Highway Agency,0,Sin jurisdiccion especial,15,32.27209722,-110.9880083,Vehiculo en movimiento,Angulo,Not an Intersection,No fue interseccion,Sobre calle,Ninguna,Dia total,Despejado,No,NO APLICA,16,44,16,47,1,31/08/2022,2
4,Arizona,41042,1,1,1,0,13,MARICOPA (13),200,GLENDALE,9,Septiembre,3,2022,23,7,W BETHANY HOME RD,8,Otro,Urbano,Arteria Menor,City or Municipal Highway Agency,0,Sin jurisdiccion especial,483,33.52399167,-112.154175,Peaton,El primer evento no fue una colision con un vehiculo automotor en transporte,Not an Intersection,No fue interseccion,Sobre calle,Ninguna,Oscuro con iluminacion,Despejado,No,NO APLICA,23,8,23,15,1,03/09/2022,1
4,Arizona,41043,0,0,1,0,13,MARICOPA (13),370,PHOENIX,10,Octubre,1,2022,2,53,W THOMAS RD,8,Otro,Urbano,Arteria Menor,City or Municipal Highway Agency,0,Sin jurisdiccion especial,638,33.480575,-112.1566139,Banqueta,El primer evento no fue una colision con un vehiculo automotor en transporte,Not an Intersection,No fue interseccion,Sobre el lado de la calle,Ninguna,Oscuro con iluminacion,Despejado,No,NO APLICA,99,99,99,99,1,01/10/2022,1
4,Arizona,41044,1,1,1,0,9,GRAHAM (9),0,NO APLICA,10,Octubre,4,2022,1,52,GERONIMO DR,9,Desconocido,Rural,Arteria Menor,Bureau of Indian Affairs,0,Desconocido,0,33.295225,-110.4341083,Peaton,El primer evento no fue una colision con un vehiculo automotor en transporte,Reported as Unknown,Desconocido,Reportado como desconocida,Ninguna,Oscuro - iluminacion desconocida,Reportado como desconocido,No,NO APLICA,99,99,99,99,1,04/10/2022,1
4,Arizona,41045,0,0,1,0,7,GILA (7),0,NO APLICA,10,Octubre,7,2022,22,0,US-70,2,US Highway,Rural,Arteria Menor,State Highway Agency,0,Sin jurisdiccion especial,119,33.33117222,-110.5707972,Desconocido,Reportado como desconocido,Reported as Unknown,Desconocido,Reportado como desconocida,Ninguna,Oscuro - iluminacion desconocida,Reportado como desconocido,No,NO APLICA,99,99,99,99,1,07/10/2022,1
4,Arizona,41046,1,1,1,0,13,MARICOPA (13),510,TOLLESON,10,Octubre,10,2022,99,99,N 93RD AVE,6,Calle Local Municipalidad,Urbano,Arteria Menor,City or Municipal Highway Agency,0,Sin jurisdiccion especial,0,33.45681389,-112.2594667,Peaton,El primer evento no fue una colision con un vehiculo automotor en transporte,T-Intersection,Interseccion de T,Sobre calle,Ninguna,Dia total,Reportado como desconocido,No,NO APLICA,99,99,99,99,1,10/10/2022,1
4,Arizona,41047,0,0,1,0,13,MARICOPA (13),475,SUN CITY,10,Octubre,13,2022,10,39,W PALMERAS DR,6,Calle Local Municipalidad,Urbano,Arteria Menor,County Highway Agency,0,Sin jurisdiccion especial,0,99.9999,999.9999,Desconocido,Reportado como desconocido,Reported as Unknown,Desconocido,Reportado como desconocida,Ninguna,Dia total,Reportado como desconocido,No,NO APLICA,99,99,99,99,1,13/10/2022,1
4,Arizona,41048,0,0,4,0,13,MARICOPA (13),370,PHOENIX,10,Octubre,24,2022,19,6,W THOMAS RD,8,Otro,Urbano,Arteria Menor,City or Municipal Highway Agency,0,Sin jurisdiccion especial,638,33.48044722,-112.1560333,Vehiculo en movimiento,Angulo,T-Intersection,Interseccion de T,Sobre calle,Ninguna,Oscuro con iluminacion,Despejado,No,NO APLICA,99,99,99,99,1,24/10/2022,5
4,Arizona,41050,0,0,2,0,13,MARICOPA (13),370,PHOENIX,11,Noviembre,2,2022,15,46,N 7TH ST,8,Otro,Urbano,Arteria Principal,City or Municipal Highway Agency,0,Sin jurisdiccion especial,136,33.49811111,-112.0650167,Vehiculo en movimiento,No reportado,Four-Way Intersection,Interseccion de 4 direcciones,Sobre calle,Ninguna,Dia total,Nublado,No,NO APLICA,15,47,15,51,1,02/11/2022,2
4,Arizona,41051,0,0,2,0,25,YAVAPAI (25),0,NO APLICA,11,Noviembre,2,2022,22,31,US-93,2,US Highway,Rural,Arteria Principal,State Highway Agency,1,Sin jurisdiccion especial,1787,34.18084444,-113.0365472,Vehiculo en movimiento,Frente a frente,Not an Intersection,No fue interseccion,Sobre calle,Ninguna,Oscuro sin iluminacion,Despejado,No,NO APLICA,22,32,22,50,3,02/11/2022,3
4,Arizona,41052,1,1,1,0,13,MARICOPA (13),370,PHOENIX,11,Noviembre,3,2022,21,23,W SOUTHERN AVE,8,Otro,Urbano,Arteria Menor,City or Municipal Highway Agency,0,Sin jurisdiccion especial,656,33.39229722,-112.0780139,Peaton,El primer evento no fue una colision con un vehiculo automotor en transporte,Not an Intersection,No fue interseccion,Sobre calle,Ninguna,Oscuro con iluminacion,Despejado,No,NO APLICA,99,99,99,97,1,03/11/2022,1
4,Arizona,41053,1,1,1,0,13,MARICOPA (13),370,PHOENIX,11,Noviembre,3,2022,23,45,W INDIAN SCHOOL RD,8,Otro,Urbano,Arteria Principal,City or Municipal Highway Agency,1,Sin jurisdiccion especial,609,33.49487778,-112.1286222,Peaton,El primer evento no fue una colision con un vehiculo automotor en transporte,Not an Intersection,No fue interseccion,Sobre calle,Ninguna,Oscuro con iluminacion,Despejado,No,NO APLICA,99,99,99,99,1,03/11/2022,1
4,Arizona,41054,0,0,2,0,13,MARICOPA (13),60,BUCKEYE,11,Noviembre,4,2022,15,16,SR-85,3,Highway estatal,Urbano,Arteria Principal,State Highway Agency,1,Sin jurisdiccion especial,326,33.40656389,-112.6254806,Vehiculo en movimiento,Angulo,Four-Way Intersection,Interseccion de 4 direcciones,Sobre calle,Ninguna,Dia total,Despejado,No,NO APLICA,15,17,15,26,1,04/11/2022,2
4,Arizona,41055,0,0,2,0,13,MARICOPA (13),290,MESA,11,Noviembre,5,2022,20,53,MERIDIAN RD,8,Otro,Urbano,Arteria Menor,County Highway Agency,0,Sin jurisdiccion especial,132,33.39694444,-111.5806833,Vehiculo en movimiento,Angulo,T-Intersection,Interseccion de T,Sobre calle,Ninguna,Oscuro sin iluminacion,Despejado,No,NO APLICA,20,50,21,0,1,05/11/2022,2
4,Arizona,41056,0,0,2,0,13,MARICOPA (13),190,GILBERT,11,Noviembre,5,2022,22,51,S SANTAN VILLAGE PKWY,8,Otro,Urbano,Arteria Menor,Town or Township Highway Agency,0,Sin jurisdiccion especial,9,33.30313889,-111.7470222,Vehiculo en movimiento,Angulo,Four-Way Intersection,Interseccion de 4 direcciones,Sobre calle,Ninguna,Oscuro con iluminacion,Despejado,No,NO APLICA,22,51,22,99,1,05/11/2022,2
4,Arizona,41057,0,0,3,0,21,PINAL (21),110,COOLIDGE,11,Noviembre,7,2022,15,49,SR-87,3,Highway estatal,Rural,Arteria Menor,State Highway Agency,0,Sin jurisdiccion especial,99998,33.00255,-111.5941917,Vehiculo en movimiento,Golpe Lateral - direccion contraria,Not an Intersection,No fue interseccion,Sobre calle,Ninguna,Dia total,Despejado,No,NO APLICA,99,99,99,99,2,07/11/2022,5
4,Arizona,41058,0,0,1,0,3,COCHISE (3),431,SIERRA VISTA,11,Noviembre,8,2022,8,56,SR-90,3,Highway estatal,Rural,Arteria Principal,State Highway Agency,1,Sin jurisdiccion especial,251,31.605375,-110.3297722,Volcadura,El primer evento no fue una colision con un vehiculo automotor en transporte,Not an Intersection,No fue interseccion,Sobre Acotamiento,Ninguna,Dia total,Despejado,No,NO APLICA,8,56,9,4,2,08/11/2022,2
4,Arizona,41059,1,1,1,0,13,MARICOPA (13),370,PHOENIX,11,Noviembre,9,2022,14,0,SR-202,3,Highway estatal,Urbano,Arterial Principal -Freeway o ExpressWay,State Highway Agency,1,Sin jurisdiccion especial,673,33.32257222,-112.1642972,Peaton,El primer evento no fue una colision con un vehiculo automotor en transporte,Not an Intersection,No fue interseccion,Sobre calle,Ninguna,Dia total,Nublado,No,NO APLICA,14,10,14,20,1,09/11/2022,1
4,Arizona,41061,1,1,1,0,19,PIMA (19),530,TUCSON,11,Noviembre,10,2022,18,3,W GRANT RD,8,Otro,Urbano,Arteria Principal,City or Municipal Highway Agency,0,Sin jurisdiccion especial,20,32.25021667,-110.9776056,Peaton,El primer evento no fue una colision con un vehiculo automotor en transporte,Four-Way Intersection,Interseccion de 4 direcciones,Sobre calle,Ninguna,Oscuro con iluminacion,Despejado,No,NO APLICA,18,3,18,5,1,10/11/2022,1
4,Arizona,41063,0,0,1,0,21,PINAL (21),0,NO APLICA,11,Noviembre,12,2022,13,36,SR-347,3,Highway estatal,Rural,Arteria Principal,State Highway Agency,0,Sin jurisdiccion especial,44,32.939825,-112.0494222,Volcadura,El primer evento no fue una colision con un vehiculo automotor en transporte,Four-Way Intersection,Interseccion de 4 direcciones,Sobre el lado de la calle,Ninguna,Dia total,Despejado,No,NO APLICA,13,40,14,4,1,12/11/2022,1
4,Arizona,41064,0,0,1,0,13,MARICOPA (13),476,SUN CITY WEST,11,Noviembre,12,2022,17,47,N R H JOHNSON BLVD,8,Otro,Urbano,Colector Mayor,County Highway Agency,0,Sin jurisdiccion especial,44,33.67026667,-112.3899139,Vehiculo Ferrocarril,El primer evento no fue una colision con un vehiculo automotor en transporte,Not an Intersection,No fue interseccion,Sobre calle,Ninguna,Dia total,Despejado,No,025595E,17,14,17,21,1,12/11/2022,1
4,Arizona,41065,3,3,3,0,13,MARICOPA (13),227,GUADALUPE,11,Noviembre,13,2022,0,25,I-10,1,Interestatal,Urbano,Interestatal,State Highway Agency,1,Sin jurisdiccion especial,1571,33.36133333,-111.9694472,Vehiculo en movimiento,Frente a Detrás,Not an Intersection,No fue interseccion,Sobre calle,Construccion,Oscuro con iluminacion,Despejado,No,NO APLICA,0,25,0,25,1,13/11/2022,4
4,Arizona,41066,0,0,2,0,17,NAVAJO (17),0,NO APLICA,11,Noviembre,13,2022,14,37,I-40,1,Interestatal,Rural,Interestatal,State Highway Agency,1,Sin jurisdiccion especial,2730,34.95995278,-110.3757194,Vehiculo en movimiento,Golpe Lateral - direccion contraria,Not an Intersection,No fue interseccion,Sobre calle,Ninguna,Dia total,Despejado,No,NO APLICA,14,42,14,51,1,13/11/2022,2
4,Arizona,41067,0,0,1,0,13,MARICOPA (13),370,PHOENIX,11,Noviembre,13,2022,21,55,I-10 RAMP,1,Interestatal,Urbano,Interestatal,State Highway Agency,1,Sin jurisdiccion especial,1,33.46189722,-112.0686056,Volcadura,El primer evento no fue una colision con un vehiculo automotor en transporte,Not an Intersection,No fue interseccion,Sobre el lado de la calle,Ninguna,Oscuro con iluminacion,Despejado,No,NO APLICA,21,55,22,3,1,13/11/2022,3
4,Arizona,41068,0,0,2,0,13,MARICOPA (13),370,PHOENIX,11,Noviembre,14,2022,13,20,N 27TH AVE,8,Otro,Urbano,Colector Mayor,City or Municipal Highway Agency,0,Sin jurisdiccion especial,256,33.66255278,-112.1171083,Vehiculo en movimiento,Angulo,Four-Way Intersection,Interseccion de 4 direcciones,Sobre calle,Ninguna,Dia total,Despejado,No,NO APLICA,13,21,13,21,1,14/11/2022,6
4,Arizona,41069,0,0,2,1,13,MARICOPA (13),486,SURPRISE,11,Noviembre,14,2022,19,12,N 149TH DR,8,Otro,Trafficway Not in State Inventory,Via no en inventario estatal,Trafficway Not in State Inventory,0,Sin jurisdiccion especial,0,33.61541667,-112.3814639,Vehiculo Aparcado,El primer evento no fue una colision con un vehiculo automotor en transporte,Not an Intersection,No fue interseccion,En estacionamiento,Ninguna,Oscuro con iluminacion,Despejado,No,NO APLICA,19,12,19,17,1,14/11/2022,1
4,Arizona,41070,1,1,1,0,19,PIMA (19),530,TUCSON,11,Noviembre,15,2022,22,1,CRAYCROFT RD,8,Otro,Urbano,Arteria Menor,City or Municipal Highway Agency,0,Sin jurisdiccion especial,76,32.20416667,-110.8750278,Peaton,El primer evento no fue una colision con un vehiculo automotor en transporte,Not an Intersection,No fue interseccion,Sobre calle,Ninguna,Oscuro sin iluminacion,Despejado,No,NO APLICA,22,1,22,5,1,15/11/2022,1
4,Arizona,41071,1,1,1,0,13,MARICOPA (13),370,PHOENIX,11,Noviembre,15,2022,23,45,W SOUTHERN AVE,8,Otro,Urbano,Arteria Menor,City or Municipal Highway Agency,0,Sin jurisdiccion especial,630,33.39214167,-112.1243778,Peaton,El primer evento no fue una colision con un vehiculo automotor en transporte,Not an Intersection,No fue interseccion,Sobre calle,Ninguna,Oscuro con iluminacion,Despejado,No,NO APLICA,99,99,99,97,1,15/11/2022,1
4,Arizona,41072,0,0,1,0,21,PINAL (21),375,PICACHO,11,Noviembre,16,2022,1,58,I-10,1,Interestatal,Rural,Interestatal,State Highway Agency,1,Sin jurisdiccion especial,2214,32.64228611,-111.3855139,Otro objeto (no fijo),El primer evento no fue una colision con un vehiculo automotor en transporte,Not an Intersection,No fue interseccion,Sobre Acotamiento,Ninguna,Oscuro sin iluminacion,Despejado,No,NO APLICA,2,0,2,19,1,16/11/2022,1
4,Arizona,41074,1,1,1,0,13,MARICOPA (13),370,PHOENIX,11,Noviembre,18,2022,12,7,S 40TH ST,8,Otro,Urbano,Arteria Menor,State Highway Agency,0,Sin jurisdiccion especial,91,33.41151111,-111.9952083,No vehiculo o remolque,El primer evento no fue una colision con un vehiculo automotor en transporte,Four-Way Intersection,Interseccion de 4 direcciones,Sobre calle,Ninguna,Dia total,Despejado,No,NO APLICA,99,98,99,98,1,18/11/2022,1
4,Arizona,41075,0,0,2,0,3,COCHISE (3),233,HEREFORD,11,Noviembre,18,2022,14,47,E RAMSEY RD,9,Desconocido,Rural,Colector Mayor,County Highway Agency,0,Sin jurisdiccion especial,25,31.46731667,-110.2152806,Vehiculo en movimiento,Angulo,T-Intersection,Interseccion de T,Sobre calle,Ninguna,Dia total,Despejado,No,NO APLICA,99,99,99,99,1,18/11/2022,2
4,Arizona,41077,0,0,1,0,19,PIMA (19),0,NO APLICA,11,Noviembre,20,2022,3,8,INDIAN ROUTE 19,9,Desconocido,Rural,Arteria Menor,Bureau of Indian Affairs,0,Reservacion India,0,31.89545833,-111.8818889,Volcadura,El primer evento no fue una colision con un vehiculo automotor en transporte,Not an Intersection,No fue interseccion,Sobre el lado de la calle,Ninguna,Oscuro con iluminacion,Despejado,No,NO APLICA,99,99,99,99,1,20/11/2022,2
4,Arizona,41078,0,0,1,0,13,MARICOPA (13),370,PHOENIX,11,Noviembre,21,2022,3,44,S 16TH ST,8,Otro,Urbano,Arteria Menor,City or Municipal Highway Agency,0,Sin jurisdiccion especial,145,33.430375,-112.0479306,Arbol,El primer evento no fue una colision con un vehiculo automotor en transporte,Not an Intersection,No fue interseccion,Sobre el lado de la calle,Ninguna,Oscuro con iluminacion,Despejado,No,NO APLICA,3,48,3,50,2,21/11/2022,2
4,Arizona,41079,1,1,1,0,13,MARICOPA (13),370,PHOENIX,11,Noviembre,21,2022,18,52,US-60 RAMP W GRAND AVE,2,US Highway,Urbano,Arteria Principal,State Highway Agency,1,Sin jurisdiccion especial,1280,33.496575,-112.1359778,Peaton,El primer evento no fue una colision con un vehiculo automotor en transporte,Not an Intersection,No fue interseccion,Sobre calle,Ninguna,Oscuro con iluminacion,Despejado,No,NO APLICA,18,37,18,44,1,21/11/2022,1
4,Arizona,41080,0,0,2,0,21,PINAL (21),0,NO APLICA,11,Noviembre,22,2022,18,44,HUNT HWY,8,Otro,Urbano,Arteria Menor,County Highway Agency,0,Sin jurisdiccion especial,5,33.17080278,-111.5725222,Vehiculo en movimiento,Angulo,T-Intersection,Interseccion de T,Sobre calle,Ninguna,Oscuro con iluminacion,Despejado,No,NO APLICA,18,47,18,58,1,22/11/2022,2