Estado,Nombre de Estado,Numero de Caso,Peatones,Personas _no_vehiculos,Vehiculos automotores,Vehiculos estacionados,Condado,Nombre Condado,Ciudad,Nombre Ciudad,Mes,Nombre Mes,Dia,Año,Hora,Minuto,Calle,Ruta,Nombre Ruta,Rural o Urbanoo,Sistema Funcional,Dueño Calle,Sistema Nacional Carreteras,Jurisdiccion Especial,Milla,Latitud,Longitud,Causa del Accidente,Tipo de Accidente,Tipo Interseccion,Columna1,Lugar en la calle,Zona de Trabajo,Luz,Clima,Autobus Escolar,Cruce de Trenes,Hora Notificacion,Minuto Notificacion,Hora Llegada,Minuto Llegada,Decesos,Fecha,PersonaVehiculo
4,Arizona,41081,0,0,1,0,19,PIMA (19),530,TUCSON,11,Noviembre,23,2022,11,10,12TH AVE,8,Otro,Urbano,Arteria Menor,City or Municipal Highway Agency,0,Sin jurisdiccion especial,11,32.13618333,-110.9775528,Banqueta,El primer evento no fue una colision con un vehiculo automotor en transporte,Not an Intersection,No fue interseccion,Sobre el lado de la calle,Ninguna,Dia total,Despejado,No,NO APLICA,11,20,11,25,1,23/11/2022,1
4,Arizona,41082,1,1,2,0,19,PIMA (19),530,TUCSON,11,Noviembre,24,2022,19,25,1ST AVE,8,Otro,Urbano,Arteria Menor,City or Municipal Highway Agency,0,Sin jurisdiccion especial,29,32.26439167,-110.9610417,Peaton,El primer evento no fue una colision con un vehiculo automotor en transporte,Not an Intersection,No fue interseccion,Sobre calle,Ninguna,Oscuro con iluminacion,Despejado,No,NO APLICA,19,25,19,25,1,24/11/2022,2
4,Arizona,41083,1,1,1,0,19,PIMA (19),530,TUCSON,11,Noviembre,24,2022,19,42,N 1ST AVE,8,Otro,Urbano,Arteria Menor,City or Municipal Highway Agency,0,Sin jurisdiccion especial,44,32.28692778,-110.9610556,Peaton,El primer evento no fue una colision con un vehiculo automotor en transporte,Not an Intersection,No fue interseccion,Sobre calle,Ninguna,Oscuro con iluminacion,Despejado,No,NO APLICA,19,8,19,10,1,24/11/2022,1
4,Arizona,41084,0,0,2,0,5,COCONINO (5),0,NO APLICA,11,Noviembre,25,2022,1,36,I-40,1,Interestatal,Rural,Interestatal,State Highway Agency,1,Sin jurisdiccion especial,2414,35.08626389,-110.8969861,Vehiculo en movimiento,Frente a frente,Not an Intersection,No fue interseccion,Sobre calle,Ninguna,Oscuro sin iluminacion,Despejado,No,NO APLICA,1,36,1,55,1,25/11/2022,3
4,Arizona,41085,0,0,2,0,19,PIMA (19),530,TUCSON,11,Noviembre,25,2022,18,5,BROADWAY BLVD,8,Otro,Urbano,Arteria Principal,City or Municipal Highway Agency,0,Sin jurisdiccion especial,84,32.22109167,-110.8278833,Vehiculo en movimiento,Angulo,Four-Way Intersection,Interseccion de 4 direcciones,Sobre calle,Ninguna,Oscuro con iluminacion,Despejado,No,NO APLICA,18,5,18,13,1,25/11/2022,2
4,Arizona,41086,1,1,1,0,13,MARICOPA (13),370,PHOENIX,11,Noviembre,25,2022,19,48,SR-202 RAMP,3,Highway estatal,Urbano,Arterial Principal -Freeway o ExpressWay,State Highway Agency,1,Sin jurisdiccion especial,19,33.45939722,-112.0092167,Ciclista,El primer evento no fue una colision con un vehiculo automotor en transporte,Not an Intersection,No fue interseccion,Sobre calle,Ninguna,Oscuro con iluminacion,Despejado,No,NO APLICA,19,52,19,57,1,25/11/2022,1
4,Arizona,41087,0,0,1,0,13,MARICOPA (13),490,TEMPE,11,Noviembre,26,2022,3,10,US-60 RAMP,2,US Highway,Urbano,Arterial Principal -Freeway o ExpressWay,State Highway Agency,1,Sin jurisdiccion especial,1402,33.38946389,-111.9674278,Barrera de Trafico de Concreto,El primer evento no fue una colision con un vehiculo automotor en transporte,Not an Intersection,No fue interseccion,En el medio,Ninguna,Oscuro con iluminacion,Despejado,No,NO APLICA,3,13,3,16,1,26/11/2022,1
4,Arizona,41088,1,1,1,0,13,MARICOPA (13),370,PHOENIX,11,Noviembre,26,2022,18,28,N 63RD AVE,6,Calle Local Municipalidad,Urbano,Colector Menor,City or Municipal Highway Agency,0,Sin jurisdiccion especial,99998,77.7777,777.7777,No vehiculo o remolque,El primer evento no fue una colision con un vehiculo automotor en transporte,Not Reported,No reportado,Sobre calle,Ninguna,Oscuro sin iluminacion,Despejado,No,NO APLICA,18,29,18,32,1,26/11/2022,1
4,Arizona,41089,0,0,2,0,13,MARICOPA (13),200,GLENDALE,11,Noviembre,26,2022,19,33,N 59TH AVE,6,Calle Local Municipalidad,Urbano,Arteria Menor,City or Municipal Highway Agency,0,Sin jurisdiccion especial,0,99.9999,999.9999,Vehiculo en movimiento,Reportado como desconocido,Reported as Unknown,Desconocido,Reportado como desconocida,Ninguna,Reportada como desconocida,Reportado como desconocido,No,NO APLICA,99,99,99,99,1,26/11/2022,2
4,Arizona,41090,0,0,3,0,21,PINAL (21),0,NO APLICA,11,Noviembre,27,2022,19,6,RALSTON RD,5,Calle Local - Pueblo,Rural,Colector Mayor,County Highway Agency,0,Sin jurisdiccion especial,99998,33.00815278,-112.1172583,Vehiculo en movimiento,Frente a Detrás,Not an Intersection,No fue interseccion,Sobre calle,Ninguna,Oscuro sin iluminacion,Despejado,No,NO APLICA,19,10,19,27,1,27/11/2022,3
4,Arizona,41091,1,1,1,0,13,MARICOPA (13),370,PHOENIX,11,Noviembre,28,2022,2,51,W SOUTHERN AVE,6,Calle Local Municipalidad,Urbano,Arteria Menor,City or Municipal Highway Agency,0,Sin jurisdiccion especial,0,33.39196944,-112.1819667,Peaton,El primer evento no fue una colision con un vehiculo automotor en transporte,Not an Intersection,No fue interseccion,Sobre calle,Ninguna,Oscuro con iluminacion,Despejado,No,NO APLICA,99,99,99,99,1,28/11/2022,1
4,Arizona,41092,0,0,2,0,1,APACHE (1),328,NUTRIOSO,11,Noviembre,28,2022,11,22,US-180/191,2,US Highway,Rural,Arteria Menor,State Highway Agency,0,Sin jurisdiccion especial,1022,33.95054444,-109.2099778,Vehiculo en movimiento,Angulo,Four-Way Intersection,Interseccion de 4 direcciones,Sobre calle,Ninguna,Dia total,Despejado,No,NO APLICA,11,9,11,23,1,28/11/2022,3
4,Arizona,41093,0,0,2,0,13,MARICOPA (13),30,AVONDALE,11,Noviembre,28,2022,17,10,S EL MIRAGE RD,5,Calle Local - Pueblo,Urbano,Arteria Menor,County Highway Agency,0,Sin jurisdiccion especial,99998,33.39185556,-112.3232278,Vehiculo en movimiento,Angulo,Four-Way Intersection,Interseccion de 4 direcciones,Sobre calle,Ninguna,Atardecer,Despejado,No,NO APLICA,17,10,17,14,1,28/11/2022,3
4,Arizona,41094,1,1,1,0,13,MARICOPA (13),370,PHOENIX,11,Noviembre,29,2022,18,15,14TH PL,6,Calle Local Municipalidad,Urbano,Arteria Menor,City or Municipal Highway Agency,0,Sin jurisdiccion especial,99998,33.39234444,-112.0511056,Peaton,El primer evento no fue una colision con un vehiculo automotor en transporte,Not an Intersection,No fue interseccion,Sobre calle,Ninguna,Oscuro con iluminacion,Despejado,No,NO APLICA,99,99,99,99,1,29/11/2022,1
4,Arizona,41095,1,1,1,0,13,MARICOPA (13),370,PHOENIX,11,Noviembre,29,2022,18,37,W BASELINE RD,6,Calle Local Municipalidad,Urbano,Arteria Menor,City or Municipal Highway Agency,0,Sin jurisdiccion especial,613,33.37761667,-112.169325,Peaton,El primer evento no fue una colision con un vehiculo automotor en transporte,Not an Intersection,No fue interseccion,Sobre calle,Ninguna,Oscuro con iluminacion,Despejado,No,NO APLICA,99,99,99,99,1,29/11/2022,1
4,Arizona,41096,1,1,1,0,19,PIMA (19),530,TUCSON,11,Noviembre,29,2022,18,46,E SPEEDWAY BLVD,5,Calle Local - Pueblo,Urbano,Arteria Principal,City or Municipal Highway Agency,0,Sin jurisdiccion especial,48,32.23613333,-110.8878361,Peaton,El primer evento no fue una colision con un vehiculo automotor en transporte,Not an Intersection,No fue interseccion,Sobre calle,Ninguna,Oscuro con iluminacion,Despejado,No,NO APLICA,18,46,18,51,1,29/11/2022,1
4,Arizona,41097,1,1,1,0,13,MARICOPA (13),370,PHOENIX,12,Diciembre,1,2022,19,53,E VAN BUREN ST,6,Calle Local Municipalidad,Urbano,Arteria Menor,City or Municipal Highway Agency,0,Sin jurisdiccion especial,0,33.45131111,-112.0324361,Peaton,El primer evento no fue una colision con un vehiculo automotor en transporte,Not an Intersection,No fue interseccion,Sobre calle,Ninguna,Oscuro con iluminacion,Despejado,No,NO APLICA,99,99,99,99,1,01/12/2022,1
4,Arizona,41098,0,0,3,0,17,NAVAJO (17),252,JOSEPH CITY,12,Diciembre,2,2022,2,39,I-40,1,Interestatal,Rural,Interestatal,State Highway Agency,1,Sin jurisdiccion especial,276,34.939625,-110.2805889,Vehiculo en movimiento,Frente a frente,Not an Intersection,No fue interseccion,Sobre calle,Ninguna,Oscuro con iluminacion,Nublado,No,NO APLICA,2,41,2,52,3,02/12/2022,5
4,Arizona,41099,0,0,1,0,13,MARICOPA (13),370,PHOENIX,12,Diciembre,2,2022,9,20,N 46TH PL,6,Calle Local Municipalidad,Unknown,Desconocido,Unknown,0,Sin jurisdiccion especial,0,33.46104722,-111.9807639,Volcadura,El primer evento no fue una colision con un vehiculo automotor en transporte,Not an Intersection,No fue interseccion,Sobre calle,Ninguna,Dia total,Despejado,No,NO APLICA,9,21,9,27,1,02/12/2022,3
4,Arizona,41100,1,1,1,0,19,PIMA (19),530,TUCSON,12,Diciembre,2,2022,21,46,E SPEEDWAY BLVD,6,Calle Local Municipalidad,Urbano,Arteria Principal,City or Municipal Highway Agency,0,Sin jurisdiccion especial,0,32.23628611,-110.8826111,Peaton,El primer evento no fue una colision con un vehiculo automotor en transporte,Not an Intersection,No fue interseccion,Sobre calle,Ninguna,Oscuro con iluminacion,Despejado,No,NO APLICA,21,46,21,49,1,02/12/2022,1
4,Arizona,41101,0,0,2,0,13,MARICOPA (13),370,PHOENIX,12,Diciembre,3,2022,22,14,W THOMAS RD,6,Calle Local Municipalidad,Urbano,Arteria Menor,City or Municipal Highway Agency,0,Sin jurisdiccion especial,0,33.48060833,-112.1881111,Vehiculo en movimiento,Frente a Detrás,Not an Intersection,No fue interseccion,Sobre calle,Ninguna,Oscuro con iluminacion,lluvia,No,NO APLICA,99,99,99,99,3,03/12/2022,5
4,Arizona,41102,0,0,1,0,25,YAVAPAI (25),386,PRESCOTT,12,Diciembre,4,2022,7,52,SR-69,3,Highway estatal,Rural,Arteria Principal,State Highway Agency,1,Sin jurisdiccion especial,59,34.37503611,-112.1905528,Volcadura,El primer evento no fue una colision con un vehiculo automotor en transporte,Not an Intersection,No fue interseccion,En el medio,Ninguna,Dia total,Nublado,No,NO APLICA,7,42,8,14,1,04/12/2022,1
4,Arizona,41103,1,1,1,0,13,MARICOPA (13),370,PHOENIX,12,Diciembre,4,2022,23,24,W MCDOWELL RD,6,Calle Local Municipalidad,Urbano,Arteria Menor,City or Municipal Highway Agency,0,Sin jurisdiccion especial,0,33.46591111,-112.1357833,Peaton,El primer evento no fue una colision con un vehiculo automotor en transporte,Not an Intersection,No fue interseccion,Sobre calle,Ninguna,Oscuro con iluminacion,Despejado,No,NO APLICA,99,99,99,99,1,04/12/2022,1
4,Arizona,41104,0,0,1,0,13,MARICOPA (13),0,NO APLICA,12,Diciembre,5,2022,16,55,SR-88,3,Highway estatal,Rural,Colector Mayor,State Highway Agency,0,Sin jurisdiccion especial,136,33.53746667,-111.4541222,Acotamiento,El primer evento no fue una colision con un vehiculo automotor en transporte,Not an Intersection,No fue interseccion,Sobre el lado de la calle,Ninguna,Oscuro sin iluminacion,Despejado,No,NO APLICA,16,55,17,30,1,05/12/2022,1
4,Arizona,41105,1,1,1,0,13,MARICOPA (13),370,PHOENIX,12,Diciembre,5,2022,18,10,S 7TH AVE,6,Calle Local Municipalidad,Urbano,Arteria Menor,City or Municipal Highway Agency,0,Sin jurisdiccion especial,0,33.41203611,-112.0820889,Peaton,El primer evento no fue una colision con un vehiculo automotor en transporte,Not an Intersection,No fue interseccion,Sobre calle,Ninguna,Oscuro con iluminacion,Despejado,No,NO APLICA,99,99,99,99,1,05/12/2022,1
4,Arizona,41106,0,0,2,0,21,PINAL (21),332,ORACLE,12,Diciembre,5,2022,19,56,SR-77,3,Highway estatal,Rural,Arteria Menor,State Highway Agency,0,Sin jurisdiccion especial,369,32.64551667,-110.721175,Vehiculo en movimiento,Angulo,Not an Intersection,No fue interseccion,Sobre calle,Ninguna,Oscuro sin iluminacion,Despejado,No,NO APLICA,20,2,20,15,1,05/12/2022,3
4,Arizona,41107,1,1,1,0,13,MARICOPA (13),370,PHOENIX,12,Diciembre,6,2022,3,45,W JACKSON ST,6,Calle Local Municipalidad,Urbano,Arteria Menor,City or Municipal Highway Agency,0,Sin jurisdiccion especial,0,33.44549444,-112.1164194,Peaton,El primer evento no fue una colision con un vehiculo automotor en transporte,Not an Intersection,No fue interseccion,Sobre calle,Ninguna,Oscuro con iluminacion,Despejado,No,NO APLICA,99,99,99,97,1,06/12/2022,1
4,Arizona,41108,0,0,2,0,13,MARICOPA (13),370,PHOENIX,12,Diciembre,6,2022,9,5,E THOMAS RD,6,Calle Local Municipalidad,Urbano,Arteria Menor,City or Municipal Highway Agency,0,Sin jurisdiccion especial,0,33.48021667,-112.0633528,Vehiculo en movimiento,Frente a frente,Not an Intersection,No fue interseccion,Sobre calle,Ninguna,Dia total,Despejado,No,NO APLICA,99,99,99,99,1,06/12/2022,5
4,Arizona,41109,1,1,2,0,13,MARICOPA (13),370,PHOENIX,12,Diciembre,6,2022,22,41,W THOMAS RD,6,Calle Local Municipalidad,Urbano,Arteria Menor,City or Municipal Highway Agency,0,Sin jurisdiccion especial,0,33.47978889,-112.2571806,Peaton,El primer evento no fue una colision con un vehiculo automotor en transporte,Not an Intersection,No fue interseccion,Sobre calle,Ninguna,Oscuro con iluminacion,Despejado,No,NO APLICA,22,41,22,46,1,06/12/2022,3
4,Arizona,41110,1,1,1,0,13,MARICOPA (13),370,PHOENIX,12,Diciembre,8,2022,6,42,N 27TH AVE,6,Calle Local Municipalidad,Urbano,Arteria Menor,City or Municipal Highway Agency,0,Sin jurisdiccion especial,0,33.50563611,-112.1171028,Peaton,El primer evento no fue una colision con un vehiculo automotor en transporte,Not an Intersection,No fue interseccion,Sobre calle,Ninguna,Oscuro con iluminacion,Despejado,No,NO APLICA,99,99,99,99,1,08/12/2022,1
4,Arizona,41111,0,0,2,0,13,MARICOPA (13),370,PHOENIX,12,Diciembre,8,2022,6,46,E BELL RD,6,Calle Local Municipalidad,Urbano,Arteria Principal,City or Municipal Highway Agency,1,Sin jurisdiccion especial,0,33.64052222,-112.0373639,Vehiculo en movimiento,Angulo,Four-Way Intersection,Interseccion de 4 direcciones,Sobre calle,Ninguna,Amanecer,Despejado,No,NO APLICA,99,99,99,99,1,08/12/2022,2
4,Arizona,41112,1,1,1,0,13,MARICOPA (13),290,MESA,12,Diciembre,8,2022,8,28,US-60,2,US Highway,Urbano,Arterial Principal -Freeway o ExpressWay,State Highway Agency,1,Sin jurisdiccion especial,1531,33.38655,-111.7439028,Peaton,El primer evento no fue una colision con un vehiculo automotor en transporte,Not an Intersection,No fue interseccion,Sobre calle,Ninguna,Dia total,Despejado,No,NO APLICA,8,29,8,35,1,08/12/2022,1
4,Arizona,41114,0,0,2,0,17,NAVAJO (17),232,HEBER,12,Diciembre,9,2022,15,8,SR-277,3,Highway estatal,Rural,Colector Mayor,State Highway Agency,0,Sin jurisdiccion especial,2,34.433125,-110.5412806,Vehiculo en movimiento,Frente a frente,Not an Intersection,No fue interseccion,Sobre calle,Ninguna,Dia total,Despejado,No,NO APLICA,15,8,15,13,2,09/12/2022,3
4,Arizona,41115,0,0,1,0,13,MARICOPA (13),80,CHANDLER,12,Diciembre,9,2022,19,50,S RIGGS RANCH ROAD,6,Calle Local Municipalidad,Urbano,Colector Mayor,City or Municipal Highway Agency,0,Sin jurisdiccion especial,0,33.22668889,-111.7979361,Alguien se cayo/avento del vehiculo,El primer evento no fue una colision con un vehiculo automotor en transporte,Not an Intersection,No fue interseccion,Sobre calle,Ninguna,Oscuro con iluminacion,Reportado como desconocido,No,NO APLICA,19,51,19,55,1,09/12/2022,4
4,Arizona,41116,1,1,2,0,13,MARICOPA (13),370,PHOENIX,12,Diciembre,10,2022,5,51,N 19TH AVE,6,Calle Local Municipalidad,Urbano,Arteria Menor,City or Municipal Highway Agency,0,Sin jurisdiccion especial,0,33.58216944,-112.0998639,Peaton,El primer evento no fue una colision con un vehiculo automotor en transporte,Four-Way Intersection,Interseccion de 4 direcciones,Sobre calle,Ninguna,Oscuro con iluminacion,Despejado,No,NO APLICA,99,99,99,99,1,10/12/2022,2
4,Arizona,41117,0,0,2,0,13,MARICOPA (13),60,BUCKEYE,12,Diciembre,10,2022,18,16,SR-85,3,Highway estatal,Rural,Arteria Principal,State Highway Agency,1,Sin jurisdiccion especial,1843,33.35568333,-112.6261889,Vehiculo en movimiento,Angulo,Four-Way Intersection,Interseccion de 4 direcciones,Sobre calle,Ninguna,Oscuro con iluminacion,Despejado,No,NO APLICA,18,20,18,25,2,10/12/2022,6
4,Arizona,41118,0,0,1,0,19,PIMA (19),530,TUCSON,12,Diciembre,11,2022,0,2,6TH AVE,6,Calle Local Municipalidad,Urbano,Arteria Menor,City or Municipal Highway Agency,0,Sin jurisdiccion especial,0,32.16305278,-110.9683167,Poste,El primer evento no fue una colision con un vehiculo automotor en transporte,Four-Way Intersection,Interseccion de 4 direcciones,Sobre el lado de la calle,Ninguna,Oscuro con iluminacion,Despejado,No,NO APLICA,0,2,0,8,1,11/12/2022,3
4,Arizona,41119,0,0,2,0,13,MARICOPA (13),370,PHOENIX,12,Diciembre,11,2022,1,55,N 43RD AVE,6,Calle Local Municipalidad,Urbano,Arteria Menor,City or Municipal Highway Agency,0,Sin jurisdiccion especial,0,33.53230278,-112.1514583,Vehiculo en movimiento,Frente a frente,Not an Intersection,No fue interseccion,Sobre calle,Ninguna,Oscuro con iluminacion,Nublado,No,NO APLICA,99,99,99,99,1,11/12/2022,3
4,Arizona,41120,0,0,4,0,13,MARICOPA (13),370,PHOENIX,12,Diciembre,11,2022,16,17,N CAVE CREEK RD,6,Calle Local Municipalidad,Urbano,Arteria Principal,City or Municipal Highway Agency,1,Sin jurisdiccion especial,94,33.69374444,-112.0298111,Vehiculo en movimiento,Golpe Lateral - misma direccion,Not an Intersection,No fue interseccion,Sobre calle,"Zona de trabajo, tipo desconocido",Dia total,Despejado,No,NO APLICA,99,99,99,99,1,11/12/2022,4
4,Arizona,41121,0,0,1,0,13,MARICOPA (13),370,PHOENIX,12,Diciembre,11,2022,19,2,I-17,1,Interestatal,Urbano,Interestatal,State Highway Agency,1,Sin jurisdiccion especial,322,33.83176667,-112.1451556,Barda,El primer evento no fue una colision con un vehiculo automotor en transporte,Not an Intersection,No fue interseccion,Sobre el lado de la calle,Ninguna,Oscuro con iluminacion,Despejado,No,NO APLICA,19,2,19,29,1,11/12/2022,1
4,Arizona,41122,0,0,2,1,13,MARICOPA (13),290,MESA,12,Diciembre,11,2022,20,25,S JEFFERSON AVE,6,Calle Local Municipalidad,Urbano,Colector Mayor,City or Municipal Highway Agency,0,Sin jurisdiccion especial,99998,33.40953611,-111.6782194,Vehiculo Aparcado,El primer evento no fue una colision con un vehiculo automotor en transporte,Not an Intersection,No fue interseccion,Sobre Acotamiento,Ninguna,Oscuro con iluminacion,Despejado,No,NO APLICA,20,34,99,99,1,11/12/2022,1
4,Arizona,41123,0,0,1,0,13,MARICOPA (13),370,PHOENIX,12,Diciembre,13,2022,4,59,7TH ST,6,Calle Local Municipalidad,Urbano,Arteria Principal,City or Municipal Highway Agency,1,Sin jurisdiccion especial,120,33.47571389,-112.0650139,Banqueta,El primer evento no fue una colision con un vehiculo automotor en transporte,Not an Intersection,No fue interseccion,Sobre el lado de la calle,Ninguna,Oscuro con iluminacion,Despejado,No,NO APLICA,5,0,5,9,1,13/12/2022,3
4,Arizona,41125,1,1,1,0,13,MARICOPA (13),370,PHOENIX,12,Diciembre,14,2022,18,2,W THOMAS RD,6,Calle Local Municipalidad,Urbano,Arteria Menor,City or Municipal Highway Agency,0,Sin jurisdiccion especial,622,33.480525,-112.1816778,Peaton,El primer evento no fue una colision con un vehiculo automotor en transporte,Not an Intersection,No fue interseccion,Sobre calle,Ninguna,Oscuro con iluminacion,Despejado,No,NO APLICA,99,99,99,99,1,14/12/2022,1
4,Arizona,41126,0,0,2,0,13,MARICOPA (13),370,PHOENIX,12,Diciembre,14,2022,22,34,S 7TH AVE,6,Calle Local Municipalidad,Urbano,Arteria Menor,City or Municipal Highway Agency,0,Sin jurisdiccion especial,59,33.44194167,-112.08255,Vehiculo en movimiento,Golpe Lateral - misma direccion,Not an Intersection,No fue interseccion,Sobre calle,Ninguna,Oscuro con iluminacion,Despejado,No,NO APLICA,22,35,22,37,1,14/12/2022,2
4,Arizona,41127,0,0,1,0,13,MARICOPA (13),290,MESA,12,Diciembre,15,2022,6,0,E RAY RD,5,Calle Local - Pueblo,Urbano,Colector Mayor,Town or Township Highway Agency,0,Sin jurisdiccion especial,648,33.32733889,-111.6742944,Volcadura,El primer evento no fue una colision con un vehiculo automotor en transporte,Not an Intersection,No fue interseccion,Separador,Ninguna,Oscuro con iluminacion,Despejado,No,NO APLICA,6,0,6,10,1,15/12/2022,1
4,Arizona,41128,0,0,3,0,19,PIMA (19),335,ORO VALLEY,12,Diciembre,16,2022,11,31,SR-77 ORACLE RD,3,Highway estatal,Urbano,Arteria Principal,State Highway Agency,1,Sin jurisdiccion especial,112,32.39775556,-110.9576639,Vehiculo en movimiento,Frente a frente,Not an Intersection,No fue interseccion,Sobre calle,Ninguna,Dia total,Nublado,No,NO APLICA,11,28,11,34,2,16/12/2022,4
4,Arizona,41129,0,0,2,0,13,MARICOPA (13),190,GILBERT,12,Diciembre,16,2022,15,47,E ELLIOT RD,8,Otro,Urbano,Arteria Principal,Town or Township Highway Agency,0,Sin jurisdiccion especial,854,33.35046667,-111.7105667,Vehiculo en movimiento,Angulo,Four-Way Intersection,Interseccion de 4 direcciones,Sobre calle,Ninguna,Dia total,Despejado,No,NO APLICA,15,47,99,99,3,16/12/2022,4
4,Arizona,41130,0,0,2,0,15,MOHAVE (15),535,VALENTINE,12,Diciembre,16,2022,17,31,SR-66,3,Highway estatal,Rural,Colector Mayor,State Highway Agency,0,Sin jurisdiccion especial,244,35.37141111,-113.7183833,Vehiculo en movimiento,Angulo,Not an Intersection,No fue interseccion,Sobre calle,Ninguna,Atardecer,Despejado,No,NO APLICA,17,34,17,51,1,16/12/2022,3
4,Arizona,41131,1,1,1,0,19,PIMA (19),530,TUCSON,12,Diciembre,17,2022,17,43,SR-10 BENSON HW,3,Highway estatal,Urbano,Colector Mayor,State Highway Agency,0,Sin jurisdiccion especial,32,32.15216389,-110.9175444,Peaton,El primer evento no fue una colision con un vehiculo automotor en transporte,Four-Way Intersection,Interseccion de 4 direcciones,Sobre calle,Ninguna,Atardecer,Despejado,No,NO APLICA,17,43,17,46,1,17/12/2022,1
4,Arizona,41132,1,1,2,0,13,MARICOPA (13),368,PEORIA,12,Diciembre,19,2022,2,41,SR-101 RAMP,3,Highway estatal,Urbano,Arterial Principal -Freeway o ExpressWay,State Highway Agency,1,Sin jurisdiccion especial,89,33.58265278,-112.2603667,Peaton,El primer evento no fue una colision con un vehiculo automotor en transporte,Not an Intersection,No fue interseccion,Sobre Acotamiento,Ninguna,Oscuro sin iluminacion,Despejado,No,NO APLICA,2,59,3,7,1,19/12/2022,1
4,Arizona,41133,0,0,2,0,13,MARICOPA (13),370,PHOENIX,12,Diciembre,20,2022,3,14,W MCDOWELL RD,8,Otro,Urbano,Arteria Menor,City or Municipal Highway Agency,0,Sin jurisdiccion especial,425,33.46588889,-112.2031556,Vehiculo en movimiento,Frente a Detrás,Four-Way Intersection,Interseccion de 4 direcciones,Sobre calle,Ninguna,Oscuro con iluminacion,Despejado,No,NO APLICA,3,15,3,19,1,20/12/2022,2
4,Arizona,41134,1,1,1,0,19,PIMA (19),530,TUCSON,12,Diciembre,20,2022,4,48,FLOWING WELLS RD,8,Otro,Urbano,Arteria Menor,City or Municipal Highway Agency,0,Sin jurisdiccion especial,22,32.27806944,-110.9949611,Peaton,El primer evento no fue una colision con un vehiculo automotor en transporte,Not an Intersection,No fue interseccion,Sobre calle,Ninguna,Oscuro con iluminacion,Despejado,No,NO APLICA,4,58,5,3,1,20/12/2022,1
4,Arizona,41135,0,0,2,0,13,MARICOPA (13),80,CHANDLER,12,Diciembre,20,2022,14,9,N DOBSON RD,8,Otro,Urbano,Arteria Menor,City or Municipal Highway Agency,0,Sin jurisdiccion especial,100,33.34367222,-111.8764028,Vehiculo en movimiento,Angulo,T-Intersection,Interseccion de T,Sobre calle,Ninguna,Dia total,Despejado,No,NO APLICA,14,10,14,14,2,20/12/2022,5
4,Arizona,41136,0,0,2,0,13,MARICOPA (13),290,MESA,12,Diciembre,20,2022,22,24,VAL VISTA DR,6,Calle Local Municipalidad,Urbano,Arteria Menor,City or Municipal Highway Agency,0,Sin jurisdiccion especial,144,33.41380278,-111.7536917,Vehiculo en movimiento,Frente a Detrás,Not an Intersection,No fue interseccion,Sobre calle,Ninguna,Oscuro con iluminacion,Despejado,No,NO APLICA,22,25,22,31,1,20/12/2022,2
4,Arizona,41137,1,1,1,0,19,PIMA (19),530,TUCSON,12,Diciembre,21,2022,4,42,CRAYCROFT RD,6,Calle Local Municipalidad,Urbano,Arteria Principal,City or Municipal Highway Agency,0,Sin jurisdiccion especial,27,32.25511667,-110.8752806,Ciclista,El primer evento no fue una colision con un vehiculo automotor en transporte,Four-Way Intersection,Interseccion de 4 direcciones,Sobre calle,Ninguna,Oscuro sin iluminacion,Despejado,No,NO APLICA,4,42,4,42,1,21/12/2022,1
4,Arizona,41138,0,0,2,0,13,MARICOPA (13),370,PHOENIX,12,Diciembre,22,2022,13,7,N 7TH ST,6,Calle Local Municipalidad,Urbano,Arteria Principal,City or Municipal Highway Agency,1,Sin jurisdiccion especial,0,33.46577778,-112.0650444,Vehiculo en movimiento,Angulo,Four-Way Intersection,Interseccion de 4 direcciones,Sobre calle,Ninguna,Dia total,Despejado,No,NO APLICA,99,99,99,99,1,22/12/2022,4
4,Arizona,41139,0,0,2,0,21,PINAL (21),435,SAN TAN VALLEY,12,Diciembre,23,2022,13,27,GANTZEL RD,6,Calle Local Municipalidad,Urbano,Arteria Menor,City or Municipal Highway Agency,0,Sin jurisdiccion especial,0,33.20253056,-111.5648028,Valla Ferrocarril,El primer evento no fue una colision con un vehiculo automotor en transporte,Not an Intersection,No fue interseccion,Sobre el lado de la calle,Ninguna,Dia total,Despejado,No,NO APLICA,13,28,13,31,2,23/12/2022,3
4,Arizona,41140,0,0,2,0,19,PIMA (19),530,TUCSON,12,Diciembre,24,2022,1,17,BROADWAY BLVD,6,Calle Local Municipalidad,Urbano,Arteria Principal,City or Municipal Highway Agency,0,Sin jurisdiccion especial,0,32.22106111,-110.8133694,Vehiculo en movimiento,Frente a Detrás,Not an Intersection,No fue interseccion,Sobre calle,Ninguna,Oscuro con iluminacion,Despejado,No,NO APLICA,0,17,0,24,1,24/12/2022,2
4,Arizona,41141,0,0,2,0,13,MARICOPA (13),200,GLENDALE,12,Diciembre,24,2022,23,53,E GLENDALE AVE,6,Calle Local Municipalidad,Urbano,Arteria Menor,Town or Township Highway Agency,0,Sin jurisdiccion especial,0,33.53831667,-112.070725,Vehiculo en movimiento,Frente a frente,Not an Intersection,No fue interseccion,Sobre calle,Ninguna,Oscuro con iluminacion,Despejado,No,NO APLICA,99,99,99,99,1,24/12/2022,2
4,Arizona,41142,1,1,2,1,13,MARICOPA (13),0,NO APLICA,12,Diciembre,26,2022,14,5,US-OLD US 80,2,US Highway,Rural,Colector Mayor,County Highway Agency,0,Sin jurisdiccion especial,0,33.22675278,-112.7735722,Valla Ferrocarril,El primer evento no fue una colision con un vehiculo automotor en transporte,Not an Intersection,No fue interseccion,Sobre el lado de la calle,Ninguna,Dia total,Nublado,No,NO APLICA,14,5,14,20,1,26/12/2022,1