Estado,Nombre de Estado,Numero de Caso,Peatones,Personas _no_vehiculos,Vehiculos automotores,Vehiculos estacionados,Condado,Nombre Condado,Ciudad,Nombre Ciudad,Mes,Nombre Mes,Dia,Año,Hora,Minuto,Calle,Ruta,Nombre Ruta,Rural o Urbanoo,Sistema Funcional,Dueño Calle,Sistema Nacional Carreteras,Jurisdiccion Especial,Milla,Latitud,Longitud,Causa del Accidente,Tipo de Accidente,Tipo Interseccion,Columna1,Lugar en la calle,Zona de Trabajo,Luz,Clima,Autobus Escolar,Cruce de Trenes,Hora Notificacion,Minuto Notificacion,Hora Llegada,Minuto Llegada,Decesos,Fecha,PersonaVehiculo
4,Arizona,41143,0,0,1,0,19,PIMA (19),219,GREEN VALLEY,12,Diciembre,26,2022,18,27,I-19,1,Interestatal,Urbano,Arteria Principal,State Highway Agency,1,Sin jurisdiccion especial,380,31.83608056,-110.9991889,Volcadura,El primer evento no fue una colision con un vehiculo automotor en transporte,Not an Intersection,No fue interseccion,Sobre el lado de la calle,Ninguna,Oscuro sin iluminacion,Despejado,No,NO APLICA,18,23,18,33,1,26/12/2022,1
4,Arizona,41144,0,0,2,0,13,MARICOPA (13),370,PHOENIX,12,Diciembre,26,2022,19,32,N 67TH AVE,6,Calle Local Municipalidad,Urbano,Arteria Menor,City or Municipal Highway Agency,0,Sin jurisdiccion especial,0,33.71813056,-112.2031111,Vehiculo en movimiento,Angulo,Four-Way Intersection,Interseccion de 4 direcciones,Sobre calle,Ninguna,Oscuro con iluminacion,Despejado,No,NO APLICA,19,33,19,39,1,26/12/2022,4
4,Arizona,41145,0,0,2,0,7,GILA (7),365,PAYSON,12,Diciembre,27,2022,23,54,SR-87,3,Highway estatal,Rural,Arteria Principal,State Highway Agency,1,Sin jurisdiccion especial,1104,33.94919444,-111.4207139,Vehiculo en movimiento,Frente a frente,Not an Intersection,No fue interseccion,Sobre calle,Ninguna,Oscuro sin iluminacion,Nublado,No,NO APLICA,23,57,0,30,2,27/12/2022,3
4,Arizona,41146,1,1,1,0,19,PIMA (19),530,TUCSON,12,Diciembre,27,2022,21,28,E 22ND ST,6,Calle Local Municipalidad,Urbano,Arteria Menor,City or Municipal Highway Agency,0,Sin jurisdiccion especial,0,32.20695,-110.9029139,Peaton,El primer evento no fue una colision con un vehiculo automotor en transporte,T-Intersection,Interseccion de T,Sobre calle,Ninguna,Oscuro con iluminacion,Despejado,No,NO APLICA,21,20,21,23,1,27/12/2022,2
4,Arizona,41147,0,0,2,0,25,YAVAPAI (25),428,Sedona,12,Diciembre,28,2022,0,15,SR-179,3,Highway estatal,Rural,Arteria Principal,State Highway Agency,1,Sin jurisdiccion especial,1,34.69185833,-111.7503278,Vehiculo en movimiento,Frente a frente,Not an Intersection,No fue interseccion,Sobre calle,Ninguna,Oscuro sin iluminacion,lluvia,No,NO APLICA,0,21,0,28,1,28/12/2022,6
4,Arizona,41148,0,0,2,0,19,PIMA (19),530,TUCSON,12,Diciembre,28,2022,7,31,6TH AVE,6,Calle Local Municipalidad,Urbano,Arteria Menor,City or Municipal Highway Agency,0,Sin jurisdiccion especial,0,32.1853,-110.968375,Vehiculo en movimiento,Frente a Detrás,Four-Way Intersection,Interseccion de 4 direcciones,Sobre calle,Ninguna,Dia total,lluvia,No,NO APLICA,7,31,7,31,1,28/12/2022,2
4,Arizona,41149,0,0,2,0,17,NAVAJO (17),0,NO APLICA,12,Diciembre,29,2022,7,58,SR-260,3,Highway estatal,Urbano,Arteria Principal,State Highway Agency,1,Sin jurisdiccion especial,1549,34.2826,-110.1032972,Vehiculo en movimiento,Frente a frente,Not an Intersection,No fue interseccion,Sobre calle,Ninguna,Amanecer,Neblina o Humo,No,NO APLICA,7,57,8,1,2,29/12/2022,4
4,Arizona,41150,0,0,1,0,13,MARICOPA (13),200,GLENDALE,12,Diciembre,29,2022,10,14,N 67TH AVE,6,Calle Local Municipalidad,Urbano,Arteria Menor,City or Municipal Highway Agency,0,Sin jurisdiccion especial,0,33.53390278,-112.2030722,Banqueta,El primer evento no fue una colision con un vehiculo automotor en transporte,Not an Intersection,No fue interseccion,Sobre el lado de la calle,Ninguna,Dia total,Despejado,No,NO APLICA,10,14,10,19,1,29/12/2022,1
4,Arizona,41151,0,0,1,0,3,COCHISE (3),0,NO APLICA,12,Diciembre,29,2022,17,27,I-10,1,Interestatal,Rural,Interestatal,State Highway Agency,1,Sin jurisdiccion especial,3133,31.99516111,-110.1691083,Volcadura,El primer evento no fue una colision con un vehiculo automotor en transporte,Not an Intersection,No fue interseccion,En el medio,Ninguna,Atardecer,Despejado,No,NO APLICA,17,27,17,37,1,29/12/2022,1
4,Arizona,41152,1,1,1,0,19,PIMA (19),530,TUCSON,7,Julio,26,2022,8,23,E 22ND ST,6,Calle Local Municipalidad,Urbano,Arteria Menor,City or Municipal Highway Agency,0,Sin jurisdiccion especial,0,32.20628889,-110.8216,Ciclista,El primer evento no fue una colision con un vehiculo automotor en transporte,Not an Intersection,No fue interseccion,Sobre calle,Ninguna,Dia total,Nublado,No,NO APLICA,8,30,8,36,1,26/07/2022,1
4,Arizona,41153,1,1,1,0,19,PIMA (19),530,TUCSON,8,Agosto,7,2022,5,5,GRANT RD,6,Calle Local Municipalidad,Urbano,Arteria Principal,City or Municipal Highway Agency,0,Sin jurisdiccion especial,0,32.25036111,-110.9812222,Ciclista,El primer evento no fue una colision con un vehiculo automotor en transporte,Not an Intersection,No fue interseccion,No reportado,Ninguna,Amanecer,Despejado,No,NO APLICA,99,99,99,99,1,07/08/2022,1
4,Arizona,41154,1,1,1,0,13,MARICOPA (13),370,PHOENIX,11,Noviembre,8,2022,17,56,W BELL RD,6,Calle Local Municipalidad,Urbano,Arteria Principal,City or Municipal Highway Agency,1,Sin jurisdiccion especial,0,33.64031667,-112.0869778,Peaton,El primer evento no fue una colision con un vehiculo automotor en transporte,Four-Way Intersection,Interseccion de 4 direcciones,Sobre calle,Ninguna,Atardecer,Despejado,No,NO APLICA,99,99,99,99,1,08/11/2022,1
4,Arizona,41155,0,0,2,0,19,PIMA (19),0,NO APLICA,11,Noviembre,6,2022,18,54,EL TIRO RD,6,Calle Local Municipalidad,Rural,Arteria Menor,City or Municipal Highway Agency,0,Sin jurisdiccion especial,0,32.42941389,-111.3170833,Vehiculo en movimiento,Angulo,T-Intersection,Interseccion de T,Sobre calle,Ninguna,Reportada como desconocida,Reportado como desconocido,No,NO APLICA,99,99,99,99,1,06/11/2022,6
4,Arizona,41156,0,0,2,0,13,MARICOPA (13),370,PHOENIX,11,Noviembre,13,2022,8,3,N CAVE CREEK RD,6,Calle Local Municipalidad,Urbano,Arteria Principal,City or Municipal Highway Agency,1,Sin jurisdiccion especial,0,33.60416944,-112.0367583,Vehiculo en movimiento,Angulo,Four-Way Intersection,Interseccion de 4 direcciones,Sobre calle,Ninguna,Dia total,Despejado,No,NO APLICA,99,99,99,99,1,13/11/2022,2
4,Arizona,41157,1,1,1,0,13,MARICOPA (13),370,PHOENIX,11,Noviembre,13,2022,21,44,N 7TH AVE,6,Calle Local Municipalidad,Urbano,Arteria Menor,City or Municipal Highway Agency,0,Sin jurisdiccion especial,0,33.50946111,-112.0827167,Peaton,El primer evento no fue una colision con un vehiculo automotor en transporte,Four-Way Intersection,Interseccion de 4 direcciones,Sobre calle,Ninguna,Oscuro con iluminacion,Despejado,No,NO APLICA,99,99,99,99,1,13/11/2022,5
4,Arizona,41158,1,1,1,0,13,MARICOPA (13),60,BUCKEYE,11,Noviembre,20,2022,12,40,LEAF VERDE RV LOOP,6,Calle Local Municipalidad,Urbano,Arteria Menor,City or Municipal Highway Agency,0,Sin jurisdiccion especial,0,33.43171111,-112.5737917,Ciclista,El primer evento no fue una colision con un vehiculo automotor en transporte,Not an Intersection,No fue interseccion,Sobre calle,Ninguna,Reportada como desconocida,Reportado como desconocido,No,NO APLICA,99,99,99,99,1,20/11/2022,1
4,Arizona,41159,1,1,1,0,13,MARICOPA (13),80,CHANDLER,10,Octubre,27,2022,4,43,HUNT HWY,9,Desconocido,Urbano,Arteria Menor,County Highway Agency,0,Sin jurisdiccion especial,0,33.20411667,-111.8348056,Peaton,El primer evento no fue una colision con un vehiculo automotor en transporte,Not an Intersection,No fue interseccion,Sobre calle,Ninguna,Oscuro con iluminacion,Despejado,No,NO APLICA,4,45,4,52,1,27/10/2022,1
4,Arizona,41160,0,0,3,0,13,MARICOPA (13),370,PHOENIX,10,Octubre,17,2022,16,43,W CACTUS RD,6,Calle Local Municipalidad,Urbano,Arteria Menor,City or Municipal Highway Agency,0,Sin jurisdiccion especial,0,33.59648056,-112.1344667,Vehiculo en movimiento,Frente a Detrás,Four-Way Intersection,Interseccion de 4 direcciones,Sobre calle,Ninguna,Dia total,Despejado,No,NO APLICA,99,99,99,99,1,17/10/2022,4
4,Arizona,41163,0,0,1,0,13,MARICOPA (13),570,WICKENBURG,12,Diciembre,11,2022,23,58,US-60,2,US Highway,Rural,Arteria Menor,State Highway Agency,0,Sin jurisdiccion especial,711,33.94729167,-112.8822,Volcadura,El primer evento no fue una colision con un vehiculo automotor en transporte,Not an Intersection,No fue interseccion,Fuera de la calle,Ninguna,Oscuro sin iluminacion,Despejado,No,NO APLICA,0,1,0,18,1,11/12/2022,1
4,Arizona,41164,0,0,2,0,13,MARICOPA (13),370,PHOENIX,12,Diciembre,9,2022,20,27,75TH AVE,6,Calle Local Municipalidad,Urbano,Colector Mayor,City or Municipal Highway Agency,0,Sin jurisdiccion especial,0,33.47298333,-112.2208139,Volcadura,El primer evento no fue una colision con un vehiculo automotor en transporte,Four-Way Intersection,Interseccion de 4 direcciones,Sobre calle,Ninguna,Oscuro con iluminacion,Despejado,No,NO APLICA,20,29,20,31,1,09/12/2022,2
4,Arizona,41165,0,0,2,0,13,MARICOPA (13),220,GOODYEAR,10,Octubre,2,2022,20,21,N ESTRELLA PKWY,6,Calle Local Municipalidad,Urbano,Arteria Menor,City or Municipal Highway Agency,0,Sin jurisdiccion especial,0,33.45736389,-112.3926861,Vehiculo en movimiento,Angulo,Four-Way Intersection,Interseccion de 4 direcciones,Sobre calle,Ninguna,Oscuro - iluminacion desconocida,Reportado como desconocido,No,NO APLICA,20,22,20,27,1,02/10/2022,2
4,Arizona,41166,1,1,1,0,13,MARICOPA (13),290,MESA,11,Noviembre,25,2022,3,47,BROADWAY RD,6,Calle Local Municipalidad,Urbano,Arteria Menor,City or Municipal Highway Agency,0,Sin jurisdiccion especial,0,33.40777778,-111.5950861,Peaton,El primer evento no fue una colision con un vehiculo automotor en transporte,Not an Intersection,No fue interseccion,Sobre calle,Ninguna,Oscuro sin iluminacion,Despejado,No,NO APLICA,3,47,3,50,1,25/11/2022,1
4,Arizona,41167,1,1,1,0,3,COCHISE (3),130,DOUGLAS,8,Agosto,19,2022,11,41,9TH ST,6,Calle Local Municipalidad,Urbano,Colector Menor,City or Municipal Highway Agency,0,Sin jurisdiccion especial,0,31.34346389,-109.5501889,Peaton,El primer evento no fue una colision con un vehiculo automotor en transporte,Not an Intersection,No fue interseccion,Sobre calle,Ninguna,Dia total,Nublado,No,NO APLICA,11,43,11,43,1,19/08/2022,1
4,Arizona,41168,0,0,1,0,13,MARICOPA (13),74,CAVE CREEK,10,Octubre,8,2022,23,46,E VIOLA LN,9,Desconocido,Unknown,Desconocido,Unknown,0,Sin jurisdiccion especial,0,33.831975,-111.9377139,Volcadura,El primer evento no fue una colision con un vehiculo automotor en transporte,Y-Intersection,Interseccion de Y,Sobre calle,Ninguna,Oscuro con iluminacion,Despejado,No,NO APLICA,23,47,23,55,1,08/10/2022,1
4,Arizona,41169,1,1,1,0,13,MARICOPA (13),370,PHOENIX,10,Octubre,21,2022,7,45,E THOMAS RD,6,Calle Local Municipalidad,Urbano,Arteria Menor,City or Municipal Highway Agency,0,Sin jurisdiccion especial,0,33.47998889,-111.9608361,Peaton,El primer evento no fue una colision con un vehiculo automotor en transporte,Four-Way Intersection,Interseccion de 4 direcciones,Sobre calle,Ninguna,Dia total,Despejado,No,NO APLICA,7,46,7,50,1,21/10/2022,1
4,Arizona,41170,1,1,2,0,13,MARICOPA (13),370,PHOENIX,10,Octubre,23,2022,5,29,N 12TH ST,6,Calle Local Municipalidad,Urbano,Colector Mayor,City or Municipal Highway Agency,0,Sin jurisdiccion especial,0,33.55388889,-112.0565694,Vehiculo en movimiento,Reportado como desconocido,Not an Intersection,No fue interseccion,Sobre calle,Ninguna,Oscuro con iluminacion,Despejado,No,NO APLICA,5,52,5,59,1,23/10/2022,1
4,Arizona,41171,0,0,1,0,21,PINAL (21),70,CASA GRANDE,11,Noviembre,3,2022,21,28,EARLEY RD,9,Desconocido,Urbano,Colector Mayor,County Highway Agency,0,Sin jurisdiccion especial,0,99.9999,999.9999,Desconocido,Reportado como desconocido,Reported as Unknown,Desconocido,No reportado,Ninguna,Oscuro - iluminacion desconocida,Reportado como desconocido,No,NO APLICA,99,99,99,99,1,03/11/2022,1
4,Arizona,41172,0,0,2,0,7,GILA (7),369,PERIDOT,11,Noviembre,11,2022,99,99,BIA 3,9,Desconocido,Rural,Arteria Menor,Bureau of Indian Affairs,0,Reservacion India,0,33.27333333,-110.4591028,Vehiculo en movimiento,Frente a frente,Reported as Unknown,Desconocido,Reportado como desconocida,Ninguna,Reportada como desconocida,Reportado como desconocido,No,NO APLICA,99,99,99,99,3,11/11/2022,3
4,Arizona,41173,0,0,1,0,13,MARICOPA (13),200,GLENDALE,11,Noviembre,12,2022,23,48,83RD AVE,6,Calle Local Municipalidad,Urbano,Arteria Menor,City or Municipal Highway Agency,0,Sin jurisdiccion especial,0,99.9999,999.9999,Desconocido,Reportado como desconocido,Not an Intersection,No fue interseccion,No reportado,Ninguna,Oscuro - iluminacion desconocida,Reportado como desconocido,No,NO APLICA,99,99,99,99,1,12/11/2022,1
4,Arizona,41174,0,0,2,0,5,COCONINO (5),0,NO APLICA,11,Noviembre,17,2022,17,29,BIA 15,9,Desconocido,Rural,Colector Mayor,Bureau of Indian Affairs,0,Sin jurisdiccion especial,0,35.30624444,-110.9510722,Vehiculo en movimiento,Frente a frente,Not an Intersection,No fue interseccion,Sobre calle,Ninguna,Reportada como desconocida,Reportado como desconocido,No,NO APLICA,99,99,99,99,2,17/11/2022,2
4,Arizona,41176,0,0,2,0,7,GILA (7),0,NO APLICA,11,Noviembre,27,2022,99,99,US-70,2,US Highway,Rural,Arteria Menor,State Highway Agency,0,Sin jurisdiccion especial,39,33.36221389,-110.7062167,Vehiculo en movimiento,Reportado como desconocido,Reported as Unknown,Desconocido,Reportado como desconocida,Ninguna,Reportada como desconocida,Reportado como desconocido,No,NO APLICA,99,99,99,99,1,27/11/2022,2
4,Arizona,41177,0,0,2,0,13,MARICOPA (13),486,SURPRISE,12,Diciembre,23,2022,20,57,W BELL RD,6,Calle Local Municipalidad,Urbano,Arteria Principal,City or Municipal Highway Agency,1,Sin jurisdiccion especial,0,33.63866667,-112.3052861,Volcadura,El primer evento no fue una colision con un vehiculo automotor en transporte,Four-Way Intersection,Interseccion de 4 direcciones,Sobre calle,Ninguna,Oscuro con iluminacion,Despejado,No,NO APLICA,20,55,21,4,1,23/12/2022,6
4,Arizona,41179,1,1,1,0,13,MARICOPA (13),370,PHOENIX,10,Octubre,23,2022,22,29,W ADAMS ST,6,Calle Local Municipalidad,Urbano,Colector Mayor,City or Municipal Highway Agency,0,Sin jurisdiccion especial,0,33.44913889,-112.1045389,Peaton,El primer evento no fue una colision con un vehiculo automotor en transporte,Four-Way Intersection,Interseccion de 4 direcciones,Sobre calle,Ninguna,Oscuro con iluminacion,Despejado,No,NO APLICA,99,99,99,99,1,23/10/2022,1
4,Arizona,41180,0,0,2,0,13,MARICOPA (13),370,PHOENIX,10,Octubre,14,2022,3,0,I-10,1,Interestatal,Urbano,Interestatal,State Highway Agency,1,Sin jurisdiccion especial,1370,33.46263056,-112.2060083,Volcadura,El primer evento no fue una colision con un vehiculo automotor en transporte,Not an Intersection,No fue interseccion,Sobre calle,Ninguna,Oscuro con iluminacion,Despejado,No,NO APLICA,99,99,99,99,1,14/10/2022,2
4,Arizona,41181,0,0,1,0,13,MARICOPA (13),200,GLENDALE,11,Noviembre,7,2022,99,99,UNKNOWN,9,Desconocido,Unknown,Desconocido,Unknown,9,Sin jurisdiccion especial,0,99.9999,999.9999,Desconocido,Reportado como desconocido,Reported as Unknown,Desconocido,Reportado como desconocida,Ninguna,Reportada como desconocida,Reportado como desconocido,No,NO APLICA,99,99,99,99,1,07/11/2022,2
4,Arizona,41182,1,1,1,0,13,MARICOPA (13),370,PHOENIX,11,Noviembre,15,2022,99,99,UNKNOWN,9,Desconocido,Unknown,Desconocido,Unknown,9,Sin jurisdiccion especial,0,99.9999,999.9999,Peaton,El primer evento no fue una colision con un vehiculo automotor en transporte,Reported as Unknown,Desconocido,Reportado como desconocida,Ninguna,Reportada como desconocida,Reportado como desconocido,No,NO APLICA,99,99,99,99,1,15/11/2022,1
4,Arizona,41183,0,0,1,0,13,MARICOPA (13),0,NO APLICA,11,Noviembre,12,2022,99,99,NF-41,9,Desconocido,Unknown,Desconocido,Unknown,9,Desconocido,0,34.00485833,-111.938025,Desconocido,Reportado como desconocido,Reported as Unknown,Desconocido,Reportado como desconocida,Ninguna,Reportada como desconocida,Reportado como desconocido,No,NO APLICA,99,99,99,99,1,12/11/2022,1
4,Arizona,41184,1,1,1,0,13,MARICOPA (13),370,PHOENIX,11,Noviembre,4,2022,15,20,I-10,1,Interestatal,Urbano,Interestatal,State Highway Agency,1,Sin jurisdiccion especial,1480,33.44797222,-112.0372139,Peaton,El primer evento no fue una colision con un vehiculo automotor en transporte,Not an Intersection,No fue interseccion,Sobre calle,Ninguna,Dia total,Despejado,No,NO APLICA,99,99,99,99,1,04/11/2022,3
4,Arizona,41186,1,1,1,0,13,MARICOPA (13),370,PHOENIX,12,Diciembre,26,2022,21,8,W BUCKEYE RD,6,Calle Local Municipalidad,Urbano,Arteria Menor,City or Municipal Highway Agency,0,Sin jurisdiccion especial,0,33.43676111,-112.1150194,Peaton,El primer evento no fue una colision con un vehiculo automotor en transporte,Not an Intersection,No fue interseccion,Sobre calle,Ninguna,Oscuro con iluminacion,Despejado,No,NO APLICA,99,99,99,99,1,26/12/2022,1
4,Arizona,41187,0,0,1,0,27,YUMA (27),9999,Unknown,10,Octubre,10,2022,19,2,E COUNTY 12TH ST,9,Desconocido,Rural,Arteria Menor,Town or Township Highway Agency,0,Sin jurisdiccion especial,0,99.9999,999.9999,Desconocido,Reportado como desconocido,Reported as Unknown,Desconocido,Reportado como desconocida,Ninguna,Reportada como desconocida,Reportado como desconocido,No,NO APLICA,99,99,99,98,1,10/10/2022,1
4,Arizona,41189,0,0,1,0,1,APACHE (1),9999,Unknown,10,Octubre,12,2022,1,40,US-191,2,US Highway,Rural,Arteria Menor,State Highway Agency,0,Sin jurisdiccion especial,4236,35.85854722,-109.5964028,Desconocido,Reportado como desconocido,Reported as Unknown,Desconocido,Reportado como desconocida,Ninguna,Oscuro - iluminacion desconocida,Reportado como desconocido,No,NO APLICA,99,99,99,99,1,12/10/2022,1
4,Arizona,41190,0,0,1,0,7,GILA (7),416,SAN CARLOS,10,Octubre,14,2022,99,99,US-70,2,US Highway,Rural,Arteria Menor,State Highway Agency,0,Sin jurisdiccion especial,49,33.35895556,-110.6937889,Desconocido,Reportado como desconocido,Not an Intersection,No fue interseccion,Reportado como desconocida,Ninguna,Reportada como desconocida,Reportado como desconocido,No,NO APLICA,99,99,99,99,1,14/10/2022,1
4,Arizona,41191,0,0,1,0,13,MARICOPA (13),476,SUN CITY WEST,10,Octubre,16,2022,14,15,DESERT FLOWER TRL,9,Desconocido,Unknown,Desconocido,Unknown,0,Sin jurisdiccion especial,0,99.9999,999.9999,Desconocido,Reportado como desconocido,Reported as Unknown,Desconocido,Reportado como desconocida,Ninguna,Reportada como desconocida,Reportado como desconocido,No,NO APLICA,99,99,99,99,1,16/10/2022,1
4,Arizona,41192,0,0,2,0,21,PINAL (21),435,SAN TAN VALLEY,10,Octubre,22,2022,17,30,LOWER SAN TAN RD,9,Desconocido,Unknown,Desconocido,Unknown,0,Sin jurisdiccion especial,0,99.9999,999.9999,Vehiculo en movimiento,Reportado como desconocido,Reported as Unknown,Desconocido,Reportado como desconocida,Ninguna,Reportada como desconocida,Reportado como desconocido,No,NO APLICA,99,99,99,99,4,22/10/2022,5
4,Arizona,41193,0,0,2,0,13,MARICOPA (13),0,NO APLICA,10,Octubre,24,2022,99,99,N ALMA SCHOOL RD,9,Desconocido,Urbano,Colector Mayor,Bureau of Indian Affairs,0,Reservacion India,0,99.9999,999.9999,Vehiculo en movimiento,Reportado como desconocido,Reported as Unknown,Desconocido,Sobre calle,Ninguna,Reportada como desconocida,Reportado como desconocido,No,NO APLICA,99,99,99,99,1,24/10/2022,2
4,Arizona,41194,0,0,1,0,1,APACHE (1),0,NO APLICA,10,Octubre,9,2022,17,41,WILLOW CREEK RD,9,Desconocido,Unknown,Desconocido,Unknown,0,Sin jurisdiccion especial,0,99.9999,999.9999,Desconocido,Reportado como desconocido,Reported as Unknown,Desconocido,Reportado como desconocida,Ninguna,Reportada como desconocida,Reportado como desconocido,No,NO APLICA,99,99,99,99,1,09/10/2022,2
4,Arizona,41195,0,0,2,0,13,MARICOPA (13),370,PHOENIX,12,Diciembre,6,2022,15,29,S 40TH ST,6,Calle Local Municipalidad,Urbano,Arteria Menor,City or Municipal Highway Agency,0,Sin jurisdiccion especial,0,33.30339722,-111.9972333,Vehiculo en movimiento,Angulo,Not an Intersection,No fue interseccion,Sobre calle,Ninguna,Dia total,Despejado,No,NO APLICA,99,99,99,99,1,06/12/2022,3
4,Arizona,41196,0,0,3,0,13,MARICOPA (13),486,SURPRISE,3,Marzo,4,2022,20,43,SUN VALLEY PKWY,9,Desconocido,Rural,Arteria Menor,County Highway Agency,0,Sin jurisdiccion especial,0,33.65028889,-112.5011417,Vehiculo en movimiento,Frente a Detrás,Not an Intersection,No fue interseccion,Sobre calle,Ninguna,Oscuro sin iluminacion,Nublado,No,NO APLICA,20,40,20,58,1,04/03/2022,4
4,Arizona,41197,1,1,1,0,13,MARICOPA (13),0,NO APLICA,12,Diciembre,1,2022,0,44,W COTTONWOOD LN,6,Calle Local Municipalidad,Urbano,Arteria Menor,City or Municipal Highway Agency,0,Sin jurisdiccion especial,0,99.9999,999.9999,Peaton,El primer evento no fue una colision con un vehiculo automotor en transporte,Reported as Unknown,Desconocido,Reportado como desconocida,Ninguna,Oscuro - iluminacion desconocida,Reportado como desconocido,No,NO APLICA,99,99,99,99,1,01/12/2022,1
4,Arizona,41198,0,0,1,0,999,UNKNOWN (999),9999,Unknown,12,Diciembre,5,2022,99,99,UNKNOWN,9,Desconocido,Unknown,Desconocido,Unknown,9,Desconocido,99999,99.9999,999.9999,Desconocido,Reportado como desconocido,Reported as Unknown,Desconocido,Reportado como desconocida,Ninguna,Reportada como desconocida,Reportado como desconocido,No,NO APLICA,99,99,99,99,1,05/12/2022,2
4,Arizona,41199,0,0,1,0,13,MARICOPA (13),370,PHOENIX,12,Diciembre,6,2022,21,52,N 19TH AVE,6,Calle Local Municipalidad,Urbano,Arteria Menor,City or Municipal Highway Agency,0,Sin jurisdiccion especial,0,33.55321944,-112.0999889,Poste,El primer evento no fue una colision con un vehiculo automotor en transporte,Four-Way Intersection,Interseccion de 4 direcciones,Sobre el lado de la calle,Ninguna,Oscuro con iluminacion,Despejado,No,NO APLICA,99,99,99,99,1,06/12/2022,1
4,Arizona,41200,0,0,2,0,13,MARICOPA (13),200,GLENDALE,12,Diciembre,28,2022,15,0,N 59TH AVE,6,Calle Local Municipalidad,Urbano,Arteria Menor,City or Municipal Highway Agency,0,Sin jurisdiccion especial,0,33.54887778,-112.1862861,Vehiculo en movimiento,Golpe Lateral - misma direccion,Not an Intersection,No fue interseccion,Sobre calle,Ninguna,Dia total,Despejado,No,NO APLICA,15,6,15,11,1,28/12/2022,2
4,Arizona,41201,0,0,2,0,13,MARICOPA (13),30,AVONDALE,12,Diciembre,28,2022,9,50,N 107TH AVE,6,Calle Local Municipalidad,Urbano,Arteria Menor,City or Municipal Highway Agency,0,Sin jurisdiccion especial,0,99.9999,999.9999,Vehiculo en movimiento,Frente a frente,Not an Intersection,No fue interseccion,Sobre calle,Ninguna,Dia total,Reportado como desconocido,No,NO APLICA,99,99,99,99,1,28/12/2022,6
4,Arizona,41202,1,1,1,0,13,MARICOPA (13),370,PHOENIX,12,Diciembre,29,2022,18,27,W SOUTHERN AVE,6,Calle Local Municipalidad,Urbano,Arteria Menor,City or Municipal Highway Agency,0,Sin jurisdiccion especial,0,99.9999,999.9999,Peaton,El primer evento no fue una colision con un vehiculo automotor en transporte,Not an Intersection,No fue interseccion,Sobre calle,Ninguna,Reportada como desconocida,Reportado como desconocido,No,NO APLICA,99,99,99,99,1,29/12/2022,1
4,Arizona,41203,1,1,1,0,13,MARICOPA (13),200,GLENDALE,12,Diciembre,30,2022,0,42,N 91ST AVE,6,Calle Local Municipalidad,Urbano,Arteria Menor,City or Municipal Highway Agency,0,Sin jurisdiccion especial,0,99.9999,999.9999,Peaton,El primer evento no fue una colision con un vehiculo automotor en transporte,Not an Intersection,No fue interseccion,Sobre calle,Ninguna,Oscuro - iluminacion desconocida,Reportado como desconocido,No,NO APLICA,99,99,99,99,1,30/12/2022,1
4,Arizona,41204,1,1,1,0,13,MARICOPA (13),370,PHOENIX,12,Diciembre,31,2022,20,26,N 24TH ST,6,Calle Local Municipalidad,Urbano,Arteria Menor,City or Municipal Highway Agency,0,Sin jurisdiccion especial,0,33.50220833,-112.0301806,Peaton,El primer evento no fue una colision con un vehiculo automotor en transporte,Four-Way Intersection,Interseccion de 4 direcciones,Sobre calle,Ninguna,Oscuro - iluminacion desconocida,Reportado como desconocido,No,NO APLICA,99,99,99,99,1,31/12/2022,1
4,Arizona,41205,1,1,1,0,13,MARICOPA (13),420,SCOTTSDALE,7,Julio,11,2022,0,47,N GOLDWATER BLVD,6,Calle Local Municipalidad,Urbano,Colector Mayor,City or Municipal Highway Agency,0,Sin jurisdiccion especial,0,33.50199444,-111.9308,Peaton,El primer evento no fue una colision con un vehiculo automotor en transporte,Four-Way Intersection,Interseccion de 4 direcciones,Sobre calle,Ninguna,Oscuro con iluminacion,Despejado,No,NO APLICA,0,47,0,52,1,11/07/2022,1
4,Arizona,41206,0,0,1,0,13,MARICOPA (13),486,SURPRISE,12,Diciembre,4,2022,99,99,UNKNOWN,9,Desconocido,Unknown,Desconocido,Unknown,0,Sin jurisdiccion especial,0,99.9999,999.9999,Desconocido,Reportado como desconocido,Reported as Unknown,Desconocido,Reportado como desconocida,Ninguna,Reportada como desconocida,Reportado como desconocido,No,NO APLICA,99,99,99,99,1,04/12/2022,1
4,Arizona,41207,0,0,1,0,19,PIMA (19),530,TUCSON,11,Noviembre,18,2022,99,99,CONGRESS RD,6,Calle Local Municipalidad,Urbano,Arteria Principal,City or Municipal Highway Agency,1,Sin jurisdiccion especial,0,99.9999,999.9999,Desconocido,Reportado como desconocido,Reported as Unknown,Desconocido,Reportado como desconocida,Ninguna,Reportada como desconocida,Reportado como desconocido,No,NO APLICA,99,99,99,99,1,18/11/2022,1
4,Arizona,41208,0,0,1,0,19,PIMA (19),530,TUCSON,3,Marzo,14,2022,11,15,W INA RD,6,Calle Local Municipalidad,Urbano,Arteria Principal,County Highway Agency,0,Sin jurisdiccion especial,0,99.9999,999.9999,Alguien se cayo/avento del vehiculo,El primer evento no fue una colision con un vehiculo automotor en transporte,Not an Intersection,No fue interseccion,Sobre calle,Ninguna,Dia total,Reportado como desconocido,No,NO APLICA,99,99,99,99,1,14/03/2022,2