Estado,Nombre de Estado,Numero de Caso,Peatones,Personas _no_vehiculos,Vehiculos automotores,Vehiculos estacionados,Condado,Nombre Condado,Ciudad,Nombre Ciudad,Mes,Nombre Mes,Dia,Año,Hora,Minuto,Calle,Ruta,Nombre Ruta,Rural o Urbanoo,Sistema Funcional,Dueño Calle,Sistema Nacional Carreteras,Jurisdiccion Especial,Milla,Latitud,Longitud,Causa del Accidente,Tipo de Accidente,Tipo Interseccion,Columna1,Lugar en la calle,Zona de Trabajo,Luz,Clima,Autobus Escolar,Cruce de Trenes,Hora Notificacion,Minuto Notificacion,Hora Llegada,Minuto Llegada,Decesos,Fecha,PersonaVehiculo
4,Arizona,41209,0,0,2,0,13,MARICOPA (13),290,MESA,8,Agosto,7,2022,12,20,N GREENFIELD RD,6,Calle Local Municipalidad,Urbano,Arteria Menor,City or Municipal Highway Agency,0,Sin jurisdiccion especial,0,33.417675,-111.7364611,Vehiculo en movimiento,Angulo,Not an Intersection,No fue interseccion,Sobre calle,Ninguna,Dia total,Despejado,No,NO APLICA,99,99,99,99,1,07/08/2022,2
4,Arizona,41210,0,0,1,0,13,MARICOPA (13),0,NO APLICA,12,Diciembre,23,2022,14,29,NF 41,9,Desconocido,Unknown,Desconocido,U.S. Forest Service,0,Servicio de Parques Nacional,0,33.96930556,-112.0312222,Volcadura,El primer evento no fue una colision con un vehiculo automotor en transporte,Not an Intersection,No fue interseccion,Sobre el lado de la calle,Ninguna,Dia total,Despejado,No,NO APLICA,99,99,99,99,1,23/12/2022,2
4,Arizona,41211,0,0,1,0,13,MARICOPA (13),370,PHOENIX,12,Diciembre,30,2022,99,99,N 36TH ST,6,Calle Local Municipalidad,Urbano,Colector Mayor,City or Municipal Highway Agency,0,Sin jurisdiccion especial,0,99.9999,999.9999,Desconocido,Reportado como desconocido,Reported as Unknown,Desconocido,Reportado como desconocida,Ninguna,Reportada como desconocida,Reportado como desconocido,No,NO APLICA,99,99,99,99,1,30/12/2022,1
4,Arizona,41212,0,0,1,0,13,MARICOPA (13),370,PHOENIX,12,Diciembre,31,2022,20,13,N 24TH ST,6,Calle Local Municipalidad,Urbano,Arteria Menor,City or Municipal Highway Agency,0,Sin jurisdiccion especial,0,99.9999,999.9999,Desconocido,Reportado como desconocido,Reported as Unknown,Desconocido,Reportado como desconocida,Ninguna,Oscuro - iluminacion desconocida,Reportado como desconocido,No,NO APLICA,99,99,99,99,1,31/12/2022,1
4,Arizona,41213,0,0,2,0,7,GILA (7),210,GLOBE,9,Septiembre,2,2022,17,38,US-60,2,US Highway,Urbano,Arteria Principal,State Highway Agency,1,Sin jurisdiccion especial,2153,33.41896389,-110.8148889,Vehiculo en movimiento,Angulo,Not an Intersection,No fue interseccion,Sobre calle,Ninguna,No reportada,No reportado,No,NO APLICA,17,38,17,45,1,02/09/2022,3
4,Arizona,41215,0,0,1,0,13,MARICOPA (13),0,NO APLICA,9,Septiembre,16,2022,19,6,SR-87 RAMP,3,Highway estatal,Rural,Arteria Principal,State Highway Agency,1,Sin jurisdiccion especial,835,33.62870833,-111.5588417,Otro objeto (no fijo),El primer evento no fue una colision con un vehiculo automotor en transporte,Not an Intersection,No fue interseccion,Sobre el lado de la calle,Construccion,Oscuro sin iluminacion,Despejado,No,NO APLICA,19,16,19,25,1,16/09/2022,1
4,Arizona,41216,0,0,1,0,13,MARICOPA (13),60,BUCKEYE,9,Septiembre,24,2022,10,59,N JACKRABBIT TRAIL,9,Desconocido,Urbano,Arteria Menor,County Highway Agency,0,Sin jurisdiccion especial,0,33.45130556,-112.4787194,Volcadura,El primer evento no fue una colision con un vehiculo automotor en transporte,T-Intersection,Interseccion de T,Sobre el lado de la calle,Ninguna,Dia total,Despejado,No,NO APLICA,10,52,10,58,1,24/09/2022,1
4,Arizona,41217,0,0,2,0,1,APACHE (1),470,SPRINGERVILLE,10,Octubre,13,2022,14,15,US-60,2,US Highway,Rural,Arteria Principal,State Highway Agency,1,Sin jurisdiccion especial,3476,34.17809722,-109.3234389,Vehiculo en movimiento,Golpe Lateral - direccion contraria,Not an Intersection,No fue interseccion,Sobre calle,Ninguna,Dia total,Despejado,No,NO APLICA,14,21,14,27,1,13/10/2022,2
4,Arizona,41218,1,1,1,0,13,MARICOPA (13),370,PHOENIX,10,Octubre,21,2022,21,56,E GREENWAY RD,6,Calle Local Municipalidad,Urbano,Arteria Menor,City or Municipal Highway Agency,0,Sin jurisdiccion especial,0,33.62628333,-112.0165111,Peaton,El primer evento no fue una colision con un vehiculo automotor en transporte,Not an Intersection,No fue interseccion,Sobre calle,Ninguna,Oscuro con iluminacion,Despejado,No,NO APLICA,21,58,22,3,1,21/10/2022,1
4,Arizona,41219,0,0,2,0,1,APACHE (1),128,DENNEHOTSO,10,Octubre,26,2022,6,29,US-160,2,US Highway,Rural,Arteria Principal,State Highway Agency,1,Sin jurisdiccion especial,1035,36.81881389,-109.8806722,Vehiculo en movimiento,Frente a Detrás,Not an Intersection,No fue interseccion,Sobre calle,Ninguna,Oscuro - iluminacion desconocida,Despejado,No,NO APLICA,99,99,99,99,1,26/10/2022,2
5,Arkansas,50001,0,0,1,0,45,FAULKNER (45),0,NO APLICA,1,Enero,1,2022,15,55,SR-107,3,Highway estatal,Rural,Arteria Principal,State Highway Agency,1,Sin jurisdiccion especial,62,35.23648056,-92.203275,Barda,El primer evento no fue una colision con un vehiculo automotor en transporte,Not an Intersection,No fue interseccion,Sobre el lado de la calle,Ninguna,Dia total,Nublado,No,NO APLICA,88,88,88,88,1,01/01/2022,1
5,Arkansas,50002,0,0,1,0,25,CLEVELAND (25),0,NO APLICA,1,Enero,2,2022,9,44,US-63,2,US Highway,Rural,Arteria Menor,State Highway Agency,0,Sin jurisdiccion especial,130,33.87980833,-92.01625,Barda,El primer evento no fue una colision con un vehiculo automotor en transporte,Not an Intersection,No fue interseccion,Fuera de la calle,Ninguna,Dia total,Aguanieve,No,NO APLICA,10,14,10,38,1,02/01/2022,2
5,Arkansas,50003,0,0,2,0,31,CRAIGHEAD (31),400,BLACK OAK,1,Enero,1,2022,18,52,SR-18,3,Highway estatal,Rural,Arteria Principal,State Highway Agency,1,Sin jurisdiccion especial,206,35.84153611,-90.36838333,Vehiculo en movimiento,Angulo,T-Intersection,Interseccion de T,Sobre calle,Ninguna,Oscuro con iluminacion,Nublado,No,NO APLICA,18,59,19,8,1,01/01/2022,3
5,Arkansas,50004,0,0,1,0,43,DREW (43),0,NO APLICA,1,Enero,6,2022,19,25,SR-35,3,Highway estatal,Rural,Arteria Principal,State Highway Agency,0,Sin jurisdiccion especial,155,33.53016389,-91.53363056,Volcadura,El primer evento no fue una colision con un vehiculo automotor en transporte,Not an Intersection,No fue interseccion,Fuera de la calle,Ninguna,Oscuro sin iluminacion,Despejado,No,NO APLICA,19,36,19,51,2,06/01/2022,2
5,Arkansas,50005,0,0,2,0,59,HOT SPRING (59),0,NO APLICA,1,Enero,5,2022,7,10,US-270,2,US Highway,Rural,Arteria Principal,State Highway Agency,1,Sin jurisdiccion especial,84,34.35051944,-92.70108889,Vehiculo en movimiento,Frente a frente,Not an Intersection,No fue interseccion,Sobre calle,Ninguna,Dia total,Despejado,No,NO APLICA,7,20,7,31,1,05/01/2022,3
5,Arkansas,50006,0,0,1,0,149,YELL (149),0,NO APLICA,1,Enero,10,2022,14,19,SR-22,3,Highway estatal,Rural,Arteria Menor,State Highway Agency,0,Sin jurisdiccion especial,49,35.24789444,-93.20531111,Arbol,El primer evento no fue una colision con un vehiculo automotor en transporte,Not an Intersection,No fue interseccion,Sobre el lado de la calle,Ninguna,Dia total,Despejado,No,NO APLICA,14,19,14,25,1,10/01/2022,1
5,Arkansas,50007,0,0,1,0,3,ASHLEY (3),0,NO APLICA,1,Enero,15,2022,8,55,US-82,2,US Highway,Rural,Arteria Principal,State Highway Agency,1,Sin jurisdiccion especial,137,33.135075,-91.88153889,Acotamiento,El primer evento no fue una colision con un vehiculo automotor en transporte,Not an Intersection,No fue interseccion,Sobre el lado de la calle,Ninguna,Otra,lluvia,No,NO APLICA,9,0,9,13,1,15/01/2022,1
5,Arkansas,50008,0,0,1,0,135,SHARP (135),0,NO APLICA,1,Enero,8,2022,10,47,US-167,2,US Highway,Rural,Arteria Principal,State Highway Agency,1,Sin jurisdiccion especial,128,36.099525,-91.60785278,Arbol,El primer evento no fue una colision con un vehiculo automotor en transporte,Not an Intersection,No fue interseccion,Sobre el lado de la calle,Ninguna,Dia total,lluvia,No,NO APLICA,10,48,11,1,1,08/01/2022,2
5,Arkansas,50009,1,1,1,0,119,PULASKI (119),2320,LITTLE ROCK,1,Enero,18,2022,20,15,I-30,1,Interestatal,Urbano,Interestatal,State Highway Agency,1,Sin jurisdiccion especial,90,34.67892778,-92.32308611,Peaton,El primer evento no fue una colision con un vehiculo automotor en transporte,Not an Intersection,No fue interseccion,Sobre calle,Ninguna,Oscuro sin iluminacion,Despejado,No,NO APLICA,20,16,20,20,1,18/01/2022,1
5,Arkansas,50010,0,0,2,0,31,CRAIGHEAD (31),2070,JONESBORO,1,Enero,19,2022,6,51,SR-91,3,Highway estatal,Rural,Arteria Principal,State Highway Agency,0,Sin jurisdiccion especial,138,35.85203889,-90.74819444,Vehiculo en movimiento,Angulo,T-Intersection,Interseccion de T,Sobre calle,Ninguna,Oscuro con iluminacion,Despejado,No,NO APLICA,6,58,7,10,1,19/01/2022,3
5,Arkansas,50011,0,0,2,0,119,PULASKI (119),2320,LITTLE ROCK,1,Enero,21,2022,17,20,MU-N MISSISSIPPI ST,6,Calle Local Municipalidad,Urbano,Arteria Menor,City or Municipal Highway Agency,0,Sin jurisdiccion especial,0,34.76914722,-92.35823889,Vehiculo en movimiento,Frente a Detrás,Four-Way Intersection,Interseccion de 4 direcciones,Sobre calle,Ninguna,Dia total,Despejado,No,NO APLICA,17,22,17,25,1,21/01/2022,3
5,Arkansas,50012,1,1,1,0,91,MILLER (91),3810,TEXARKANA,1,Enero,24,2022,1,26,I-49,1,Interestatal,Urbano,Interestatal,State Highway Agency,1,Sin jurisdiccion especial,334,33.44398333,-94.00714167,Peaton,El primer evento no fue una colision con un vehiculo automotor en transporte,Not an Intersection,No fue interseccion,Sobre calle,Ninguna,Oscuro sin iluminacion,Despejado,No,NO APLICA,1,27,1,42,1,24/01/2022,1
5,Arkansas,50013,0,0,1,0,143,WASHINGTON (143),3670,SPRINGDALE,1,Enero,7,2022,16,20,I-49,1,Interestatal,Urbano,Interestatal,State Highway Agency,1,Sin jurisdiccion especial,715,36.17518333,-94.18599722,Barrera de Trafico de Concreto,El primer evento no fue una colision con un vehiculo automotor en transporte,Not an Intersection,No fue interseccion,En el medio,Ninguna,Dia total,Despejado,No,NO APLICA,16,27,16,34,1,07/01/2022,1
5,Arkansas,50014,1,1,1,0,119,PULASKI (119),0,NO APLICA,1,Enero,13,2022,3,0,I-40,1,Interestatal,Urbano,Interestatal,State Highway Agency,1,Sin jurisdiccion especial,1635,34.78997222,-92.08120556,Peaton,El primer evento no fue una colision con un vehiculo automotor en transporte,Not an Intersection,No fue interseccion,Sobre calle,Ninguna,Oscuro sin iluminacion,Despejado,No,NO APLICA,3,4,3,18,1,13/01/2022,1
5,Arkansas,50015,0,0,2,0,119,PULASKI (119),2320,LITTLE ROCK,1,Enero,21,2022,14,33,I-30,1,Interestatal,Urbano,Interestatal,State Highway Agency,1,Sin jurisdiccion especial,74,34.69269722,-92.30372778,Barrera de Trafico de Concreto,El primer evento no fue una colision con un vehiculo automotor en transporte,Not an Intersection,No fue interseccion,En el medio,Ninguna,Dia total,Despejado,Yes,NO APLICA,14,37,14,49,1,21/01/2022,2
5,Arkansas,50016,0,0,1,0,125,SALINE (125),0,NO APLICA,1,Enero,4,2022,1,0,I-530,1,Interestatal,Rural,Interestatal,State Highway Agency,1,Sin jurisdiccion especial,92,34.581275,-92.26806944,Poste de Señal de trafico,El primer evento no fue una colision con un vehiculo automotor en transporte,Not an Intersection,No fue interseccion,En el medio,Ninguna,Reportada como desconocida,Reportado como desconocido,No,NO APLICA,88,88,88,88,1,04/01/2022,1
5,Arkansas,50017,0,0,1,0,51,GARLAND (51),0,NO APLICA,1,Enero,22,2022,17,10,US-70,2,US Highway,Rural,Arteria Principal,State Highway Agency,1,Sin jurisdiccion especial,95,34.54489722,-92.87118333,Volcadura,El primer evento no fue una colision con un vehiculo automotor en transporte,Not an Intersection,No fue interseccion,Sobre el lado de la calle,Ninguna,Dia total,Despejado,No,NO APLICA,17,19,17,33,1,22/01/2022,1
5,Arkansas,50018,1,1,1,0,51,GARLAND (51),1907,HOT SPRINGS,1,Enero,19,2022,17,53,US-70B,2,US Highway,Urbano,Arteria Principal,State Highway Agency,1,Sin jurisdiccion especial,15,34.51578611,-93.03838333,Peaton,El primer evento no fue una colision con un vehiculo automotor en transporte,"Five Point, or More",5 Puntos o mas,Sobre calle,Ninguna,Oscuro sin iluminacion,Nublado,No,NO APLICA,17,55,17,59,1,19/01/2022,2
5,Arkansas,50020,0,0,1,0,29,CONWAY (29),0,NO APLICA,1,Enero,25,2022,10,4,SR-9,3,Highway estatal,Rural,Arteria Menor,State Highway Agency,0,Sin jurisdiccion especial,196,35.34585556,-92.56463333,Poste de Señal de trafico,El primer evento no fue una colision con un vehiculo automotor en transporte,Not an Intersection,No fue interseccion,Sobre el lado de la calle,Ninguna,Dia total,Despejado,No,NO APLICA,99,99,99,99,1,25/01/2022,1
5,Arkansas,50021,0,0,1,0,7,BENTON (7),3390,ROGERS,1,Enero,24,2022,9,29,I-49,1,Interestatal,Urbano,Interestatal,State Highway Agency,1,Sin jurisdiccion especial,795,36.276575,-94.15134722,Poste,El primer evento no fue una colision con un vehiculo automotor en transporte,Not an Intersection,No fue interseccion,Sobre el lado de la calle,Ninguna,Dia total,Despejado,No,NO APLICA,9,30,9,40,1,24/01/2022,1
5,Arkansas,50022,0,0,3,0,51,GARLAND (51),0,NO APLICA,1,Enero,27,2022,18,43,US-70,2,US Highway,Rural,Arteria Principal,State Highway Agency,1,Sin jurisdiccion especial,133,34.55611667,-92.81078889,Vehiculo en movimiento,Angulo,Four-Way Intersection,Interseccion de 4 direcciones,Sobre calle,Ninguna,Oscuro sin iluminacion,Despejado,No,NO APLICA,18,46,19,3,1,27/01/2022,3
5,Arkansas,50023,1,1,1,0,93,MISSISSIPPI (93),450,BLYTHEVILLE,1,Enero,28,2022,21,30,CS-S 21ST ST,6,Calle Local Municipalidad,Urbano,Local,Town or Township Highway Agency,0,Sin jurisdiccion especial,0,35.92075833,-89.92768611,Peaton,El primer evento no fue una colision con un vehiculo automotor en transporte,Not an Intersection,No fue interseccion,Sobre calle,Ninguna,Oscuro con iluminacion,Despejado,No,NO APLICA,21,35,21,40,1,28/01/2022,1
5,Arkansas,50024,1,1,1,0,33,CRAWFORD (33),0,NO APLICA,1,Enero,29,2022,20,2,US-64,2,US Highway,Urbano,Arteria Menor,State Highway Agency,0,Sin jurisdiccion especial,56,35.46521944,-94.27096944,Peaton,El primer evento no fue una colision con un vehiculo automotor en transporte,Not an Intersection,No fue interseccion,Sobre calle,Ninguna,Oscuro sin iluminacion,Despejado,No,NO APLICA,88,88,88,88,1,29/01/2022,1
5,Arkansas,50025,0,0,3,0,107,PHILLIPS (107),1830,HELENA-WEST HELENA,1,Enero,28,2022,10,23,US-49,2,US Highway,Urbano,Arteria Menor,State Highway Agency,0,Sin jurisdiccion especial,3,34.54403889,-90.64365278,Vehiculo en movimiento,Angulo,Four-Way Intersection,Interseccion de 4 direcciones,Sobre calle,Ninguna,Dia total,Despejado,No,NO APLICA,10,32,10,36,1,28/01/2022,4
5,Arkansas,50026,1,1,1,0,111,POINSETT (111),0,NO APLICA,1,Enero,27,2022,20,10,SR-14,3,Highway estatal,Rural,Arteria Menor,State Highway Agency,0,Sin jurisdiccion especial,172,35.56461944,-90.73381944,Ciclista,El primer evento no fue una colision con un vehiculo automotor en transporte,T-Intersection,Interseccion de T,Sobre calle,Ninguna,Oscuro sin iluminacion,Despejado,No,NO APLICA,20,16,20,39,1,27/01/2022,1
5,Arkansas,50027,0,0,2,0,19,CLARK (19),0,NO APLICA,1,Enero,29,2022,9,26,I-30,1,Interestatal,Rural,Interestatal,State Highway Agency,1,Sin jurisdiccion especial,680,34.05651667,-93.13048611,Vehiculo en movimiento,Frente a Detrás,Not an Intersection,No fue interseccion,Sobre calle,Ninguna,Dia total,Despejado,No,NO APLICA,9,29,9,35,1,29/01/2022,3
5,Arkansas,50028,0,0,2,0,71,JOHNSON (71),800,CLARKSVILLE,1,Enero,24,2022,18,55,SR-109,3,Highway estatal,Urbano,Arteria Menor,State Highway Agency,0,Sin jurisdiccion especial,16,35.43246389,-93.52949167,Vehiculo en movimiento,Angulo,Not an Intersection,No fue interseccion,Sobre calle,Ninguna,Dia total,Despejado,No,NO APLICA,18,55,19,0,1,24/01/2022,3
5,Arkansas,50029,1,1,1,0,143,WASHINGTON (143),0,NO APLICA,2,Febrero,2,2022,8,40,US-71,2,US Highway,Urbano,Arteria Menor,State Highway Agency,0,Sin jurisdiccion especial,18,35.78639444,-94.12221944,Peaton,El primer evento no fue una colision con un vehiculo automotor en transporte,Not an Intersection,No fue interseccion,Sobre Acotamiento,Ninguna,Dia total,Nublado,No,NO APLICA,99,99,99,99,1,02/02/2022,1
5,Arkansas,50030,0,0,1,0,139,UNION (139),0,NO APLICA,1,Enero,30,2022,15,15,SR-275,3,Highway estatal,Rural,Colector Mayor,State Highway Agency,0,Sin jurisdiccion especial,56,33.17418056,-92.37351111,Animal vivo,El primer evento no fue una colision con un vehiculo automotor en transporte,Not an Intersection,No fue interseccion,Sobre calle,Ninguna,Dia total,Despejado,No,NO APLICA,15,16,15,45,1,30/01/2022,1
5,Arkansas,50032,0,0,2,0,55,GREENE (55),0,NO APLICA,2,Febrero,1,2022,14,3,US-49,2,US Highway,Urbano,Arteria Principal,State Highway Agency,1,Sin jurisdiccion especial,221,35.98749444,-90.5408,Vehiculo en movimiento,Angulo,T-Intersection,Interseccion de T,Sobre calle,Ninguna,Dia total,Despejado,No,NO APLICA,99,98,99,98,1,01/02/2022,2
5,Arkansas,50033,0,0,1,0,55,GREENE (55),0,NO APLICA,2,Febrero,6,2022,19,9,SR-358,3,Highway estatal,Rural,Arteria Menor,State Highway Agency,0,Sin jurisdiccion especial,46,36.01561389,-90.59498056,Volcadura,El primer evento no fue una colision con un vehiculo automotor en transporte,Not an Intersection,No fue interseccion,Sobre el lado de la calle,Ninguna,Oscuro sin iluminacion,Despejado,No,NO APLICA,19,22,19,31,1,06/02/2022,1
5,Arkansas,50034,0,0,2,0,143,WASHINGTON (143),3670,SPRINGDALE,2,Febrero,5,2022,20,54,I-49,1,Interestatal,Urbano,Interestatal,State Highway Agency,1,Sin jurisdiccion especial,2,36.17809167,-94.18325278,Vehiculo en movimiento,Frente a frente,Not an Intersection,No fue interseccion,Sobre calle,Ninguna,Oscuro sin iluminacion,Nublado,No,NO APLICA,20,59,21,7,1,05/02/2022,2
5,Arkansas,50035,0,0,2,0,91,MILLER (91),0,NO APLICA,2,Febrero,5,2022,18,12,US-67,2,US Highway,Rural,Colector Mayor,State Highway Agency,0,Sin jurisdiccion especial,162,33.58693611,-93.84651111,Vehiculo en movimiento,Frente a frente,Not an Intersection,No fue interseccion,Sobre calle,Ninguna,Oscuro sin iluminacion,Despejado,No,NO APLICA,18,22,18,36,1,05/02/2022,5
5,Arkansas,50036,0,0,1,0,145,WHITE (145),3530,SEARCY,1,Enero,29,2022,16,35,US-67,2,US Highway,Urbano,Arterial Principal -Freeway o ExpressWay,State Highway Agency,1,Sin jurisdiccion especial,173,35.21228333,-91.72300278,Barda,El primer evento no fue una colision con un vehiculo automotor en transporte,Not an Intersection,No fue interseccion,Sobre el lado de la calle,"Zona de trabajo, tipo desconocido",Dia total,Despejado,No,NO APLICA,16,37,16,42,1,29/01/2022,1
5,Arkansas,50037,0,0,1,0,121,RANDOLPH (121),0,NO APLICA,2,Febrero,9,2022,4,50,SR-115,3,Highway estatal,Rural,Arteria Menor,State Highway Agency,0,Sin jurisdiccion especial,90,36.38792778,-90.91111111,Culvert,El primer evento no fue una colision con un vehiculo automotor en transporte,Not an Intersection,No fue interseccion,Sobre el lado de la calle,Ninguna,Oscuro sin iluminacion,Despejado,No,NO APLICA,5,3,5,17,2,09/02/2022,2
5,Arkansas,50038,0,0,1,0,149,YELL (149),0,NO APLICA,1,Enero,29,2022,18,30,SR-154,3,Highway estatal,Rural,Arteria Menor,State Highway Agency,0,Sin jurisdiccion especial,83,35.11533333,-93.14888611,Volcadura,El primer evento no fue una colision con un vehiculo automotor en transporte,Not an Intersection,No fue interseccion,Sobre el lado de la calle,Ninguna,Oscuro sin iluminacion,Despejado,No,NO APLICA,18,33,18,52,1,29/01/2022,1
5,Arkansas,50039,0,0,2,0,119,PULASKI (119),0,NO APLICA,1,Enero,21,2022,4,31,SR-365,3,Highway estatal,Urbano,Arteria Menor,State Highway Agency,0,Sin jurisdiccion especial,64,34.88290278,-92.35175556,Vehiculo en movimiento,Frente a frente,Not an Intersection,No fue interseccion,Sobre calle,Ninguna,Oscuro sin iluminacion,Despejado,No,NO APLICA,4,35,4,50,1,21/01/2022,2
5,Arkansas,50040,1,1,1,0,45,FAULKNER (45),860,CONWAY,2,Febrero,5,2022,18,22,US-65B,2,US Highway,Urbano,Arteria Principal,State Highway Agency,1,Sin jurisdiccion especial,2,35.11129444,-92.43877222,Peaton,El primer evento no fue una colision con un vehiculo automotor en transporte,Not an Intersection,No fue interseccion,Sobre calle,Ninguna,Oscuro sin iluminacion,Despejado,No,NO APLICA,18,23,18,25,1,05/02/2022,2
5,Arkansas,50041,0,0,2,0,75,LAWRENCE (75),0,NO APLICA,2,Febrero,9,2022,7,39,US-63,2,US Highway,Rural,Arteria Principal,State Highway Agency,1,Sin jurisdiccion especial,47,36.01099444,-90.9093,Vehiculo en movimiento,Golpe Lateral - direccion contraria,Not an Intersection,No fue interseccion,Sobre calle,Ninguna,Dia total,Despejado,No,NO APLICA,7,39,7,53,1,09/02/2022,2
5,Arkansas,50042,0,0,2,0,103,OUACHITA (103),280,BEARDEN,2,Febrero,10,2022,9,13,US-79,2,US Highway,Rural,Arteria Principal,State Highway Agency,1,Sin jurisdiccion especial,19,33.73883333,-92.61791667,Vehiculo en movimiento,Angulo,Four-Way Intersection,Interseccion de 4 direcciones,Sobre calle,Ninguna,Dia total,Despejado,No,NO APLICA,9,13,9,32,1,10/02/2022,2
5,Arkansas,50043,0,0,1,0,75,LAWRENCE (75),0,NO APLICA,1,Enero,12,2022,10,32,SR-115,3,Highway estatal,Rural,Colector Mayor,State Highway Agency,0,Sin jurisdiccion especial,54,36.15007778,-91.2422,Barda,El primer evento no fue una colision con un vehiculo automotor en transporte,Not an Intersection,No fue interseccion,Fuera de la calle,Ninguna,Dia total,Despejado,No,NO APLICA,10,32,10,35,1,12/01/2022,1
5,Arkansas,50044,0,0,2,0,143,WASHINGTON (143),3670,SPRINGDALE,1,Enero,18,2022,15,35,MU-E DON TYSON PKWY,6,Calle Local Municipalidad,Urbano,Local,City or Municipal Highway Agency,0,Sin jurisdiccion especial,18,36.15210556,-94.10380833,Vehiculo en movimiento,Angulo,Four-Way Intersection,Interseccion de 4 direcciones,Sobre calle,Ninguna,Dia total,Despejado,No,NO APLICA,15,37,15,43,1,18/01/2022,3
5,Arkansas,50045,0,0,1,0,91,MILLER (91),0,NO APLICA,2,Febrero,15,2022,14,58,US-82,2,US Highway,Rural,Arteria Principal,State Highway Agency,1,Sin jurisdiccion especial,190,33.3804,-93.73630833,Acotamiento,El primer evento no fue una colision con un vehiculo automotor en transporte,Not an Intersection,No fue interseccion,Sobre el lado de la calle,Ninguna,Dia total,Despejado,No,NO APLICA,15,3,15,16,1,15/02/2022,1
5,Arkansas,50046,1,1,1,0,119,PULASKI (119),2036,JACKSONVILLE,1,Enero,8,2022,22,50,MU-JOHN HARDEN DR,7,Calle Local,Urbano,Local,City or Municipal Highway Agency,0,Sin jurisdiccion especial,0,34.868925,-92.12719444,Peaton,El primer evento no fue una colision con un vehiculo automotor en transporte,Not an Intersection,No fue interseccion,Sobre calle,Ninguna,Oscuro sin iluminacion,lluvia,No,NO APLICA,88,88,88,88,1,08/01/2022,1
5,Arkansas,50047,0,0,2,0,79,LINCOLN (79),0,NO APLICA,2,Febrero,16,2022,19,5,SR-530,3,Highway estatal,Rural,Arteria Menor,State Highway Agency,0,Sin jurisdiccion especial,5,34.03923056,-91.9506,Vehiculo en movimiento,Frente a frente,Not an Intersection,No fue interseccion,Sobre calle,Ninguna,Oscuro sin iluminacion,Despejado,No,NO APLICA,19,10,19,19,1,16/02/2022,2
5,Arkansas,50048,0,0,1,0,105,PERRY (105),0,NO APLICA,2,Febrero,14,2022,17,55,SR-314,3,Highway estatal,Rural,Colector Mayor,State Highway Agency,0,Sin jurisdiccion especial,72,34.87429444,-93.24159722,Arbol,El primer evento no fue una colision con un vehiculo automotor en transporte,Not an Intersection,No fue interseccion,Sobre el lado de la calle,Ninguna,Atardecer,Despejado,No,NO APLICA,17,55,18,42,1,14/02/2022,2
5,Arkansas,50049,0,0,2,0,143,WASHINGTON (143),3670,SPRINGDALE,2,Febrero,12,2022,5,20,CS-BUTTERFIELD COACH RD,6,Calle Local Municipalidad,Urbano,Arteria Menor,Town or Township Highway Agency,0,Sin jurisdiccion especial,0,36.17714444,-94.09418889,Vehiculo en movimiento,Frente a frente,Not an Intersection,No fue interseccion,Sobre calle,Ninguna,Oscuro sin iluminacion,Despejado,No,NO APLICA,5,22,5,26,1,12/02/2022,3
5,Arkansas,50050,0,0,2,0,45,FAULKNER (45),860,CONWAY,2,Febrero,4,2022,6,20,I-40,1,Interestatal,Urbano,Interestatal,State Highway Agency,1,Sin jurisdiccion especial,1252,35.11107222,-92.43436111,Barrera de Trafico de Concreto,El primer evento no fue una colision con un vehiculo automotor en transporte,Not an Intersection,No fue interseccion,En el medio,Ninguna,Dia total,Nieve,No,NO APLICA,6,26,6,35,1,04/02/2022,2
5,Arkansas,50051,0,0,3,0,51,GARLAND (51),2360,LONSDALE,2,Febrero,19,2022,18,13,US-70,2,US Highway,Urbano,Arteria Principal,State Highway Agency,1,Sin jurisdiccion especial,133,34.5561,-92.81081944,Vehiculo en movimiento,Angulo,T-Intersection,Interseccion de T,Sobre calle,Ninguna,Atardecer,Despejado,No,NO APLICA,18,15,18,30,2,19/02/2022,9
5,Arkansas,50052,0,0,2,0,51,GARLAND (51),1907,HOT SPRINGS,2,Febrero,19,2022,21,5,US-270,2,US Highway,Urbano,Arterial Principal -Freeway o ExpressWay,State Highway Agency,1,Sin jurisdiccion especial,14,34.46578333,-93.08443333,Vehiculo en movimiento,Frente a frente,Not an Intersection,No fue interseccion,Sobre calle,Ninguna,Oscuro sin iluminacion,Despejado,No,NO APLICA,21,5,21,9,2,19/02/2022,3
5,Arkansas,50053,1,1,1,0,119,PULASKI (119),2320,LITTLE ROCK,2,Febrero,12,2022,1,45,CS-GEYERSPRINGS RD,6,Calle Local Municipalidad,Urbano,Arteria Menor,Town or Township Highway Agency,0,Sin jurisdiccion especial,13,34.68199722,-92.34375278,Peaton,El primer evento no fue una colision con un vehiculo automotor en transporte,Not an Intersection,No fue interseccion,Sobre calle,Ninguna,Oscuro sin iluminacion,lluvia,No,NO APLICA,1,48,1,55,1,12/02/2022,1
5,Arkansas,50054,0,0,1,0,119,PULASKI (119),2320,LITTLE ROCK,2,Febrero,13,2022,21,26,CS-BOWMAN RD,6,Calle Local Municipalidad,Urbano,Arteria Menor,Town or Township Highway Agency,0,Sin jurisdiccion especial,0,34.73596667,-92.40793889,Edificio,El primer evento no fue una colision con un vehiculo automotor en transporte,Not an Intersection,No fue interseccion,Fuera de la calle,Ninguna,Oscuro con iluminacion,Despejado,No,NO APLICA,21,29,21,34,1,13/02/2022,1