Estado,Nombre de Estado,Numero de Caso,Peatones,Personas _no_vehiculos,Vehiculos automotores,Vehiculos estacionados,Condado,Nombre Condado,Ciudad,Nombre Ciudad,Mes,Nombre Mes,Dia,Año,Hora,Minuto,Calle,Ruta,Nombre Ruta,Rural o Urbanoo,Sistema Funcional,Dueño Calle,Sistema Nacional Carreteras,Jurisdiccion Especial,Milla,Latitud,Longitud,Causa del Accidente,Tipo de Accidente,Tipo Interseccion,Columna1,Lugar en la calle,Zona de Trabajo,Luz,Clima,Autobus Escolar,Cruce de Trenes,Hora Notificacion,Minuto Notificacion,Hora Llegada,Minuto Llegada,Decesos,Fecha,PersonaVehiculo
5,Arkansas,50055,0,0,1,0,49,FULTON (49),0,NO APLICA,2,Febrero,23,2022,12,25,US-62,2,US Highway,Rural,Arteria Principal,State Highway Agency,1,Sin jurisdiccion especial,186,36.37732222,-91.85396667,Arbol,El primer evento no fue una colision con un vehiculo automotor en transporte,Not an Intersection,No fue interseccion,Sobre el lado de la calle,Ninguna,Dia total,Granizo,No,NO APLICA,12,25,12,55,1,23/02/2022,4
5,Arkansas,50056,0,0,1,0,57,HEMPSTEAD (57),0,NO APLICA,2,Febrero,21,2022,19,50,SR-27,3,Highway estatal,Rural,Arteria Menor,State Highway Agency,0,Sin jurisdiccion especial,10,33.97595,-93.80910556,Poste,El primer evento no fue una colision con un vehiculo automotor en transporte,Not an Intersection,No fue interseccion,Sobre el lado de la calle,Ninguna,Oscuro sin iluminacion,Despejado,No,NO APLICA,19,57,20,7,1,21/02/2022,1
5,Arkansas,50057,0,0,2,0,119,PULASKI (119),0,NO APLICA,2,Febrero,20,2022,19,46,US-165,2,US Highway,Urbano,Arteria Principal,State Highway Agency,1,Sin jurisdiccion especial,7,34.70451667,-92.10449444,Vehiculo en movimiento,Frente a frente,Not an Intersection,No fue interseccion,Sobre calle,Ninguna,Oscuro sin iluminacion,Despejado,No,NO APLICA,19,47,20,0,2,20/02/2022,4
5,Arkansas,50058,0,0,2,0,121,RANDOLPH (121),0,NO APLICA,2,Febrero,25,2022,7,32,US-62,2,US Highway,Rural,Arteria Menor,State Highway Agency,0,Sin jurisdiccion especial,58,36.24519722,-91.08629167,Vehiculo en movimiento,Frente a frente,Not an Intersection,No fue interseccion,Sobre calle,Ninguna,Dia total,Despejado,No,NO APLICA,7,33,7,46,1,25/02/2022,2
5,Arkansas,50059,0,0,1,0,13,CALHOUN (13),0,NO APLICA,2,Febrero,8,2022,7,30,US-278,2,US Highway,Rural,Arteria Menor,State Highway Agency,0,Sin jurisdiccion especial,129,33.53456111,-92.50527222,Arbol,El primer evento no fue una colision con un vehiculo automotor en transporte,Not an Intersection,No fue interseccion,Sobre el lado de la calle,Ninguna,Dia total,Despejado,No,NO APLICA,7,59,8,18,1,08/02/2022,2
5,Arkansas,50060,0,0,2,0,43,DREW (43),0,NO APLICA,2,Febrero,23,2022,19,38,US-278,2,US Highway,Rural,Colector Mayor,State Highway Agency,0,Sin jurisdiccion especial,156,33.67679722,-91.54881944,Vehiculo en movimiento,Angulo,T-Intersection,Interseccion de T,Sobre calle,Ninguna,Oscuro sin iluminacion,lluvia,No,NO APLICA,19,38,19,50,1,23/02/2022,2
5,Arkansas,50061,1,1,1,0,131,SEBASTIAN (131),1370,FORT SMITH,2,Febrero,18,2022,20,1,CS-GRAND AVE,6,Calle Local Municipalidad,Urbano,Arteria Principal,City or Municipal Highway Agency,0,Sin jurisdiccion especial,4,35.38635278,-94.41309722,Ciclista,El primer evento no fue una colision con un vehiculo automotor en transporte,Not an Intersection,No fue interseccion,Sobre calle,Ninguna,Oscuro sin iluminacion,Despejado,No,NO APLICA,88,88,88,88,1,18/02/2022,1
5,Arkansas,50062,0,0,2,0,113,POLK (113),0,NO APLICA,2,Febrero,25,2022,13,15,SR-88,3,Highway estatal,Urbano,Colector Mayor,State Highway Agency,0,Sin jurisdiccion especial,63,34.58313611,-94.09948333,Vehiculo en movimiento,Frente a frente,Not an Intersection,No fue interseccion,Sobre calle,Ninguna,Dia total,Nublado,No,NO APLICA,13,25,13,48,2,25/02/2022,4
5,Arkansas,50063,1,1,1,0,119,PULASKI (119),2320,LITTLE ROCK,1,Enero,12,2022,19,40,I-630,1,Interestatal,Urbano,Interestatal,State Highway Agency,1,Sin jurisdiccion especial,77,34.77485,-92.27441944,Peaton,El primer evento no fue una colision con un vehiculo automotor en transporte,Not an Intersection,No fue interseccion,Sobre calle,Ninguna,Oscuro sin iluminacion,Despejado,No,NO APLICA,88,88,88,88,1,12/01/2022,2
5,Arkansas,50064,0,0,1,0,131,SEBASTIAN (131),1370,FORT SMITH,2,Febrero,19,2022,17,51,CS-PHOENIX AVE,6,Calle Local Municipalidad,Urbano,Arteria Principal,City or Municipal Highway Agency,0,Sin jurisdiccion especial,4,35.33826111,-94.38549444,Banqueta,El primer evento no fue una colision con un vehiculo automotor en transporte,Not an Intersection,No fue interseccion,Sobre el lado de la calle,Ninguna,Dia total,Despejado,No,NO APLICA,17,53,17,58,1,19/02/2022,1
5,Arkansas,50065,0,0,2,0,31,CRAIGHEAD (31),2670,MONETTE,3,Marzo,1,2022,18,20,SR-18,3,Highway estatal,Rural,Arteria Principal,State Highway Agency,0,Sin jurisdiccion especial,261,35.89600278,-90.33197778,Vehiculo en movimiento,Frente a frente,Not an Intersection,No fue interseccion,Sobre calle,Ninguna,Oscuro sin iluminacion,Despejado,No,NO APLICA,18,22,18,30,5,01/03/2022,5
5,Arkansas,50066,1,1,1,0,143,WASHINGTON (143),3670,SPRINGDALE,3,Marzo,1,2022,8,43,US-71B,2,US Highway,Urbano,Arteria Principal,State Highway Agency,1,Sin jurisdiccion especial,54,36.16651667,-94.14251389,Peaton,El primer evento no fue una colision con un vehiculo automotor en transporte,Not an Intersection,No fue interseccion,Sobre calle,Ninguna,Dia total,Despejado,No,NO APLICA,8,45,8,51,1,01/03/2022,1
5,Arkansas,50067,0,0,1,0,69,JEFFERSON (69),4156,WHITE HALL,3,Marzo,3,2022,21,57,CS-CLAUD RD,6,Calle Local Municipalidad,Urbano,Colector Mayor,City or Municipal Highway Agency,0,Sin jurisdiccion especial,12,34.24849722,-92.10481944,Culvert,El primer evento no fue una colision con un vehiculo automotor en transporte,Not an Intersection,No fue interseccion,Sobre el lado de la calle,Ninguna,Oscuro con iluminacion,Despejado,No,NO APLICA,22,8,22,18,1,03/03/2022,1
5,Arkansas,50068,0,0,1,0,3,ASHLEY (3),1700,HAMBURG,2,Febrero,1,2022,0,30,US-425,2,US Highway,Rural,Arteria Principal,State Highway Agency,1,Sin jurisdiccion especial,0,33.22971111,-91.797475,Acotamiento,El primer evento no fue una colision con un vehiculo automotor en transporte,Not an Intersection,No fue interseccion,Sobre el lado de la calle,Ninguna,Oscuro sin iluminacion,Despejado,No,NO APLICA,1,25,1,35,1,01/02/2022,1
5,Arkansas,50069,0,0,1,0,5,BAXTER (5),2730,MOUNTAIN HOME,2,Febrero,12,2022,0,30,CS-RODEO DR,6,Calle Local Municipalidad,Urbano,Colector Mayor,Town or Township Highway Agency,0,Sin jurisdiccion especial,0,36.34157222,-92.40893889,Banqueta,El primer evento no fue una colision con un vehiculo automotor en transporte,Not an Intersection,No fue interseccion,Sobre el lado de la calle,Ninguna,Oscuro sin iluminacion,Despejado,No,NO APLICA,0,36,0,41,1,12/02/2022,2
5,Arkansas,50070,1,1,4,2,123,ST FRANCIS (123),0,NO APLICA,2,Febrero,26,2022,5,36,I-40,1,Interestatal,Urbano,Interestatal,State Highway Agency,1,Sin jurisdiccion especial,399,35.03453611,-90.72236944,Vehiculo en movimiento,Angulo,Not an Intersection,No fue interseccion,Sobre calle,Ninguna,Oscuro - iluminacion desconocida,Nublado,No,NO APLICA,5,38,6,0,1,26/02/2022,3
5,Arkansas,50071,0,0,2,0,59,HOT SPRING (59),0,NO APLICA,3,Marzo,4,2022,16,0,I-30,1,Interestatal,Urbano,Interestatal,State Highway Agency,1,Sin jurisdiccion especial,427,34.42021389,-92.79966111,Valla Ferrocarril,El primer evento no fue una colision con un vehiculo automotor en transporte,Not an Intersection,No fue interseccion,En el medio,Ninguna,Dia total,Despejado,No,NO APLICA,16,5,16,10,2,04/03/2022,2
5,Arkansas,50072,0,0,1,0,145,WHITE (145),0,NO APLICA,3,Marzo,5,2022,0,1,CR-FOX MEADOW RD,4,Calle del Condado,Urbano,Local,County Highway Agency,0,Sin jurisdiccion especial,1,35.41536389,-91.46971389,Barda,El primer evento no fue una colision con un vehiculo automotor en transporte,Not an Intersection,No fue interseccion,Sobre el lado de la calle,Ninguna,Oscuro sin iluminacion,Despejado,No,NO APLICA,0,1,0,12,1,05/03/2022,1
5,Arkansas,50073,0,0,2,0,71,JOHNSON (71),0,NO APLICA,1,Enero,23,2022,11,59,I-40,1,Interestatal,Rural,Interestatal,State Highway Agency,1,Sin jurisdiccion especial,653,35.39509722,-93.37261667,Valla Ferrocarril,El primer evento no fue una colision con un vehiculo automotor en transporte,Not an Intersection,No fue interseccion,Sobre el lado de la calle,Ninguna,Dia total,Despejado,No,NO APLICA,12,43,12,50,1,23/01/2022,2
5,Arkansas,50074,1,1,1,0,115,POPE (115),0,NO APLICA,2,Febrero,16,2022,19,19,SR-363,3,Highway estatal,Urbano,Colector Mayor,State Highway Agency,0,Sin jurisdiccion especial,46,35.24838611,-93.03559167,Peaton,El primer evento no fue una colision con un vehiculo automotor en transporte,Not an Intersection,No fue interseccion,Sobre calle,Ninguna,Oscuro sin iluminacion,Despejado,No,NO APLICA,19,19,19,28,1,16/02/2022,1
5,Arkansas,50075,0,0,1,0,47,FRANKLIN (47),0,NO APLICA,2,Febrero,28,2022,15,55,SR-309,3,Highway estatal,Rural,Colector Mayor,State Highway Agency,0,Sin jurisdiccion especial,5,35.39013056,-93.81237778,Alguien se cayo/avento del vehiculo,El primer evento no fue una colision con un vehiculo automotor en transporte,Not an Intersection,No fue interseccion,Sobre calle,Ninguna,Dia total,Despejado,No,NO APLICA,15,58,16,6,1,28/02/2022,1
5,Arkansas,50076,0,0,2,0,139,UNION (139),0,NO APLICA,3,Marzo,8,2022,6,4,US-82,2,US Highway,Urbano,Arteria Principal,State Highway Agency,1,Sin jurisdiccion especial,77,33.13323056,-92.23377778,Vehiculo en movimiento,Frente a Detrás,Not an Intersection,No fue interseccion,Sobre calle,Ninguna,Oscuro sin iluminacion,Despejado,No,NO APLICA,6,5,6,26,1,08/03/2022,2
5,Arkansas,50077,0,0,1,0,21,CLAY (21),870,CORNING,3,Marzo,12,2022,3,0,US-67,2,US Highway,Rural,Arteria Principal,State Highway Agency,1,Sin jurisdiccion especial,94,36.41163889,-90.61471944,Culvert,El primer evento no fue una colision con un vehiculo automotor en transporte,Not an Intersection,No fue interseccion,Sobre el lado de la calle,Ninguna,Oscuro sin iluminacion,Nublado,No,NO APLICA,3,45,4,13,1,12/03/2022,3
5,Arkansas,50078,0,0,1,0,93,MISSISSIPPI (93),0,NO APLICA,3,Marzo,13,2022,19,32,SR-18,3,Highway estatal,Rural,Arteria Principal,State Highway Agency,1,Sin jurisdiccion especial,37,35.85505556,-90.13932778,Arbol,El primer evento no fue una colision con un vehiculo automotor en transporte,Not an Intersection,No fue interseccion,Sobre el lado de la calle,Ninguna,Oscuro sin iluminacion,Despejado,No,NO APLICA,19,39,19,44,1,13/03/2022,1
5,Arkansas,50079,0,0,2,0,119,PULASKI (119),3570,SHERWOOD,1,Enero,23,2022,12,11,MU- BATESVILLE PIKE,6,Calle Local Municipalidad,Urbano,Arteria Menor,Town or Township Highway Agency,0,Sin jurisdiccion especial,0,34.91553056,-92.22479722,Volcadura,El primer evento no fue una colision con un vehiculo automotor en transporte,Not an Intersection,No fue interseccion,Sobre calle,Ninguna,Dia total,Despejado,No,NO APLICA,99,99,99,99,1,23/01/2022,3
5,Arkansas,50080,0,0,2,0,119,PULASKI (119),2320,LITTLE ROCK,3,Marzo,12,2022,13,0,I-30,1,Interestatal,Urbano,Interestatal,State Highway Agency,1,Sin jurisdiccion especial,91,34.67897222,-92.32593333,Vehiculo en movimiento,Reportado como desconocido,Not an Intersection,No fue interseccion,Sobre calle,Ninguna,Dia total,Despejado,No,NO APLICA,13,6,13,12,2,12/03/2022,3
5,Arkansas,50081,0,0,1,0,47,FRANKLIN (47),0,NO APLICA,3,Marzo,7,2022,1,0,I-40,1,Interestatal,Rural,Interestatal,State Highway Agency,1,Sin jurisdiccion especial,424,35.50290833,-93.73088611,Valla Ferrocarril,El primer evento no fue una colision con un vehiculo automotor en transporte,Not an Intersection,No fue interseccion,En el medio,Ninguna,Oscuro sin iluminacion,lluvia,No,NO APLICA,1,12,2,21,1,07/03/2022,1
5,Arkansas,50082,1,1,1,0,97,MONTGOMERY (97),0,NO APLICA,3,Marzo,19,2022,16,26,SR-88,3,Highway estatal,Rural,Colector Mayor,State Highway Agency,0,Sin jurisdiccion especial,89,34.62298056,-93.80068611,Ciclista,El primer evento no fue una colision con un vehiculo automotor en transporte,T-Intersection,Interseccion de T,Sobre calle,Ninguna,Dia total,Despejado,No,NO APLICA,16,27,16,43,1,19/03/2022,1
5,Arkansas,50083,0,0,1,0,119,PULASKI (119),2320,LITTLE ROCK,2,Febrero,26,2022,21,55,I-430,1,Interestatal,Urbano,Interestatal,State Highway Agency,1,Sin jurisdiccion especial,67,34.74806389,-92.39134722,Barrera de Trafico de Concreto,El primer evento no fue una colision con un vehiculo automotor en transporte,Not an Intersection,No fue interseccion,Separador,Ninguna,Oscuro con iluminacion,lluvia,No,NO APLICA,21,56,22,0,1,26/02/2022,2
5,Arkansas,50084,0,0,1,0,45,FAULKNER (45),0,NO APLICA,2,Febrero,27,2022,23,15,SR-89,3,Highway estatal,Urbano,Arteria Menor,State Highway Agency,0,Sin jurisdiccion especial,81,34.95880278,-92.37076389,Culvert,El primer evento no fue una colision con un vehiculo automotor en transporte,Not an Intersection,No fue interseccion,Sobre el lado de la calle,Ninguna,Oscuro sin iluminacion,Despejado,No,NO APLICA,99,99,99,99,1,27/02/2022,1
5,Arkansas,50085,0,0,2,0,125,SALINE (125),0,NO APLICA,3,Marzo,2,2022,12,25,CR-BUFFINGTON RD,4,Calle del Condado,Rural,Local,County Highway Agency,0,Sin jurisdiccion especial,9,34.51369167,-92.70117222,Vehiculo en movimiento,Angulo,Not an Intersection,No fue interseccion,Sobre calle,Ninguna,Dia total,Despejado,No,NO APLICA,12,33,12,46,1,02/03/2022,4
5,Arkansas,50086,0,0,2,0,131,SEBASTIAN (131),1370,FORT SMITH,3,Marzo,7,2022,20,53,SR-22,3,Highway estatal,Urbano,Arteria Principal,State Highway Agency,0,Sin jurisdiccion especial,36,35.3694,-94.38600833,Vehiculo en movimiento,Angulo,Four-Way Intersection,Interseccion de 4 direcciones,Sobre calle,Ninguna,Oscuro con iluminacion,Despejado,No,NO APLICA,20,53,21,3,1,07/03/2022,2
5,Arkansas,50087,0,0,1,0,85,LONOKE (85),0,NO APLICA,3,Marzo,16,2022,17,12,SR-319,3,Highway estatal,Rural,Arteria Menor,State Highway Agency,0,Sin jurisdiccion especial,16,35.03687778,-91.97671944,Buzon de correo,El primer evento no fue una colision con un vehiculo automotor en transporte,Not an Intersection,No fue interseccion,Sobre el lado de la calle,Ninguna,Dia total,Despejado,No,NO APLICA,17,13,17,19,1,16/03/2022,2
5,Arkansas,50088,0,0,2,0,85,LONOKE (85),2350,LONOKE,3,Marzo,20,2022,10,50,SR-5,3,Highway estatal,Urbano,Arteria Principal,State Highway Agency,0,Sin jurisdiccion especial,67,35.03860556,-92.07570833,Vehiculo en movimiento,Frente a Detrás,T-Intersection,Interseccion de T,Sobre calle,Ninguna,Dia total,Despejado,No,NO APLICA,10,57,11,10,1,20/03/2022,2
5,Arkansas,50089,0,0,2,0,19,CLARK (19),0,NO APLICA,3,Marzo,26,2022,14,51,SR-7,3,Highway estatal,Rural,Arteria Menor,State Highway Agency,0,Sin jurisdiccion especial,30,34.037125,-92.93570278,Alguien se cayo/avento del vehiculo,El primer evento no fue una colision con un vehiculo automotor en transporte,Not an Intersection,No fue interseccion,Sobre calle,Ninguna,Dia total,Despejado,No,NO APLICA,99,99,99,99,1,26/03/2022,3
5,Arkansas,50090,0,0,1,0,45,FAULKNER (45),860,CONWAY,2,Febrero,9,2022,5,26,SR-60,3,Highway estatal,Urbano,Arteria Principal,State Highway Agency,0,Sin jurisdiccion especial,14,35.07024722,-92.45178333,Barda,El primer evento no fue una colision con un vehiculo automotor en transporte,Not an Intersection,No fue interseccion,Fuera de la calle,Ninguna,Oscuro sin iluminacion,Despejado,No,NO APLICA,5,27,5,30,1,09/02/2022,1
5,Arkansas,50091,0,0,1,0,143,WASHINGTON (143),2057,JOHNSON,3,Marzo,21,2022,23,13,I-49,1,Interestatal,Urbano,Interestatal,State Highway Agency,1,Sin jurisdiccion especial,377,36.11769167,-94.17758611,Valla Ferrocarril,El primer evento no fue una colision con un vehiculo automotor en transporte,Not an Intersection,No fue interseccion,Sobre el lado de la calle,Ninguna,Oscuro sin iluminacion,lluvia,No,NO APLICA,23,13,23,21,1,21/03/2022,1
5,Arkansas,50092,0,0,1,0,7,BENTON (7),3390,ROGERS,3,Marzo,19,2022,18,1,US-71,2,US Highway,Urbano,Arteria Principal,State Highway Agency,1,Sin jurisdiccion especial,50,36.2828,-94.12994722,Volcadura,El primer evento no fue una colision con un vehiculo automotor en transporte,Four-Way Intersection,Interseccion de 4 direcciones,Sobre calle,Ninguna,Dia total,Despejado,No,NO APLICA,18,2,18,6,1,19/03/2022,1
5,Arkansas,50093,0,0,2,0,7,BENTON (7),340,BENTONVILLE,2,Febrero,5,2022,17,50,SR-12,3,Highway estatal,Urbano,Arteria Menor,State Highway Agency,0,Sin jurisdiccion especial,205,36.33556111,-94.2122,Vehiculo en movimiento,Angulo,T-Intersection,Interseccion de T,Sobre calle,Ninguna,Dia total,Despejado,No,NO APLICA,99,98,99,98,1,05/02/2022,3
5,Arkansas,50094,1,1,1,0,143,WASHINGTON (143),3670,SPRINGDALE,3,Marzo,2,2022,22,10,US-71B,2,US Highway,Urbano,Arteria Principal,State Highway Agency,1,Sin jurisdiccion especial,45,36.15490833,-94.14387778,Peaton,El primer evento no fue una colision con un vehiculo automotor en transporte,Not an Intersection,No fue interseccion,Sobre calle,Ninguna,Oscuro con iluminacion,Despejado,No,NO APLICA,22,13,22,18,1,02/03/2022,2
5,Arkansas,50095,0,0,1,0,131,SEBASTIAN (131),1980,HUNTINGTON,3,Marzo,19,2022,15,2,CR-BOTTOM FORK RD,4,Calle del Condado,Rural,Local,County Highway Agency,0,Sin jurisdiccion especial,0,35.08630278,-94.21415556,Arbol,El primer evento no fue una colision con un vehiculo automotor en transporte,Not an Intersection,No fue interseccion,Sobre el lado de la calle,Ninguna,Dia total,Despejado,No,NO APLICA,99,99,99,99,1,19/03/2022,1
5,Arkansas,50096,0,0,2,0,43,DREW (43),0,NO APLICA,3,Marzo,28,2022,17,0,SR-293,3,Highway estatal,Rural,Colector Mayor,State Highway Agency,0,Sin jurisdiccion especial,25,33.70134722,-91.571725,Vehiculo en movimiento,Frente a Detrás,Not an Intersection,No fue interseccion,Sobre calle,Ninguna,Dia total,Despejado,No,NO APLICA,17,0,17,20,1,28/03/2022,2
5,Arkansas,50097,0,0,2,0,123,ST FRANCIS (123),1360,FORREST CITY,3,Marzo,8,2022,11,58,SR-1,3,Highway estatal,Urbano,Arteria Principal,State Highway Agency,1,Sin jurisdiccion especial,11,35.00978889,-90.81690556,Vehiculo en movimiento,Frente a frente,Not an Intersection,No fue interseccion,Sobre calle,Ninguna,Dia total,Nublado,No,NO APLICA,11,59,12,6,1,08/03/2022,3
5,Arkansas,50098,0,0,1,0,119,PULASKI (119),2880,NORTH LITTLE ROCK,3,Marzo,15,2022,9,38,I-40,1,Interestatal,Urbano,Interestatal,State Highway Agency,1,Sin jurisdiccion especial,4,34.77371389,-92.26171667,Volcadura,El primer evento no fue una colision con un vehiculo automotor en transporte,Not an Intersection,No fue interseccion,En el medio,"Zona de trabajo, tipo desconocido",Dia total,lluvia,No,NO APLICA,9,39,9,44,1,15/03/2022,3
5,Arkansas,50099,0,0,1,0,31,CRAIGHEAD (31),0,NO APLICA,3,Marzo,16,2022,20,14,SR-69,3,Highway estatal,Rural,Colector Mayor,State Highway Agency,0,Sin jurisdiccion especial,28,35.73335278,-90.48465,Acotamiento,El primer evento no fue una colision con un vehiculo automotor en transporte,Not an Intersection,No fue interseccion,Sobre el lado de la calle,Ninguna,Oscuro sin iluminacion,Despejado,No,NO APLICA,20,41,21,12,1,16/03/2022,1
5,Arkansas,50100,0,0,2,0,43,DREW (43),0,NO APLICA,3,Marzo,30,2022,14,20,US-278,2,US Highway,Rural,Arteria Menor,State Highway Agency,0,Sin jurisdiccion especial,22,33.5674,-91.76359722,Vehiculo en movimiento,Angulo,Not an Intersection,No fue interseccion,Sobre calle,Ninguna,Dia total,lluvia,No,NO APLICA,14,26,14,33,1,30/03/2022,3
5,Arkansas,50101,0,0,2,0,139,UNION (139),0,NO APLICA,4,Abril,1,2022,5,38,US-167,2,US Highway,Rural,Arteria Principal,State Highway Agency,1,Sin jurisdiccion especial,77,33.10711389,-92.66219722,Vehiculo en movimiento,Frente a Detrás,Not an Intersection,No fue interseccion,Sobre calle,Ninguna,Oscuro sin iluminacion,Despejado,No,NO APLICA,5,38,6,1,1,01/04/2022,2
5,Arkansas,50103,0,0,2,0,145,WHITE (145),0,NO APLICA,3,Marzo,23,2022,20,18,SR-36,3,Highway estatal,Rural,Colector Mayor,State Highway Agency,0,Sin jurisdiccion especial,145,35.25483889,-91.85602778,Vehiculo en movimiento,Frente a frente,Not an Intersection,No fue interseccion,Sobre calle,Ninguna,Oscuro sin iluminacion,Despejado,No,NO APLICA,20,21,20,29,1,23/03/2022,4
5,Arkansas,50104,0,0,2,0,123,ST FRANCIS (123),0,NO APLICA,3,Marzo,19,2022,3,1,I-40,1,Interestatal,Rural,Interestatal,State Highway Agency,1,Sin jurisdiccion especial,419,35.03716111,-90.75708333,Barrera de Cable,El primer evento no fue una colision con un vehiculo automotor en transporte,Not an Intersection,No fue interseccion,En el medio,Ninguna,Oscuro sin iluminacion,Despejado,No,NO APLICA,3,6,3,30,1,19/03/2022,3
5,Arkansas,50105,0,0,2,0,119,PULASKI (119),2320,LITTLE ROCK,3,Marzo,23,2022,12,46,I-430,1,Interestatal,Urbano,Interestatal,State Highway Agency,1,Sin jurisdiccion especial,48,34.72270556,-92.40099722,Vehiculo en movimiento,Otro,Not an Intersection,No fue interseccion,Sobre calle,Ninguna,Dia total,Nublado,No,NO APLICA,12,48,12,56,2,23/03/2022,3
5,Arkansas,50106,0,0,2,0,63,INDEPENDENCE (63),250,BATESVILLE,3,Marzo,9,2022,16,29,CS-BOSWELL ST,6,Calle Local Municipalidad,Urbano,Arteria Menor,Town or Township Highway Agency,0,Sin jurisdiccion especial,0,35.769075,-91.65178056,Vehiculo en movimiento,Angulo,Four-Way Intersection,Interseccion de 4 direcciones,Sobre calle,Ninguna,Dia total,Despejado,No,NO APLICA,16,30,16,40,1,09/03/2022,2
5,Arkansas,50107,0,0,2,0,79,LINCOLN (79),0,NO APLICA,3,Marzo,29,2022,8,16,US-65,2,US Highway,Urbano,Arteria Principal,State Highway Agency,1,Sin jurisdiccion especial,80,34.05119167,-91.64248333,Vehiculo en movimiento,Frente a Detrás,Not an Intersection,No fue interseccion,Sobre calle,Ninguna,Dia total,Despejado,No,NO APLICA,8,23,8,51,1,29/03/2022,2
5,Arkansas,50108,0,0,1,0,119,PULASKI (119),2320,LITTLE ROCK,4,Abril,2,2022,5,50,SR-338,3,Highway estatal,Rural,Arteria Menor,State Highway Agency,0,Sin jurisdiccion especial,49,34.66859167,-92.33230833,Arbol,El primer evento no fue una colision con un vehiculo automotor en transporte,Not an Intersection,No fue interseccion,Sobre el lado de la calle,Ninguna,Oscuro - iluminacion desconocida,Despejado,No,NO APLICA,5,57,6,0,1,02/04/2022,1
5,Arkansas,50109,1,1,1,0,85,LONOKE (85),0,NO APLICA,4,Abril,1,2022,4,38,I-40,1,Interestatal,Rural,Interestatal,State Highway Agency,1,Sin jurisdiccion especial,1713,34.80345556,-91.94461111,Peaton,El primer evento no fue una colision con un vehiculo automotor en transporte,Not an Intersection,No fue interseccion,Sobre calle,Ninguna,Oscuro sin iluminacion,Despejado,No,NO APLICA,4,38,5,0,1,01/04/2022,2
5,Arkansas,50110,0,0,2,0,59,HOT SPRING (59),0,NO APLICA,4,Abril,1,2022,9,45,US-270,2,US Highway,Rural,Arteria Principal,State Highway Agency,1,Sin jurisdiccion especial,85,34.35012222,-92.69919167,Vehiculo en movimiento,Golpe Lateral - direccion contraria,Not an Intersection,No fue interseccion,Sobre calle,Ninguna,Dia total,Despejado,No,NO APLICA,9,52,10,3,1,01/04/2022,3
5,Arkansas,50111,0,0,1,0,85,LONOKE (85),0,NO APLICA,3,Marzo,31,2022,7,35,I-40,1,Interestatal,Rural,Interestatal,State Highway Agency,1,Sin jurisdiccion especial,1183,34.79553056,-92.03426389,Arbol,El primer evento no fue una colision con un vehiculo automotor en transporte,Not an Intersection,No fue interseccion,En el medio,Ninguna,Dia total,Despejado,No,NO APLICA,99,99,99,99,1,31/03/2022,1
5,Arkansas,50112,0,0,2,0,145,WHITE (145),3530,SEARCY,4,Abril,7,2022,14,23,SR-36,3,Highway estatal,Urbano,Arteria Menor,State Highway Agency,0,Sin jurisdiccion especial,1,35.25027222,-91.68644722,Vehiculo en movimiento,Angulo,Not an Intersection,No fue interseccion,Sobre calle,Ninguna,Dia total,Despejado,No,NO APLICA,14,23,14,25,1,07/04/2022,5
5,Arkansas,50113,0,0,1,0,53,GRANT (53),3550,SHERIDAN,4,Abril,8,2022,20,40,US-270,2,US Highway,Urbano,Arteria Principal,State Highway Agency,1,Sin jurisdiccion especial,0,34.31301111,-92.43866111,Arbol,El primer evento no fue una colision con un vehiculo automotor en transporte,Not an Intersection,No fue interseccion,Sobre el lado de la calle,Ninguna,Oscuro sin iluminacion,Despejado,No,NO APLICA,20,55,21,0,1,08/04/2022,1
5,Arkansas,50114,0,0,2,0,109,PIKE (109),0,NO APLICA,4,Abril,9,2022,17,20,CR-IRENE RD,4,Calle del Condado,Rural,Local,County Highway Agency,0,Sin jurisdiccion especial,3,34.11226667,-93.68354167,Vehiculo en movimiento,Golpe Lateral - misma direccion,Not an Intersection,No fue interseccion,Sobre calle,Ninguna,Dia total,Despejado,No,NO APLICA,17,23,17,28,1,09/04/2022,3
5,Arkansas,50115,0,0,1,0,123,ST FRANCIS (123),4140,WHEATLEY,4,Abril,4,2022,9,24,I-40,1,Interestatal,Rural,Interestatal,State Highway Agency,1,Sin jurisdiccion especial,2202,34.92748333,-91.12068056,Barrera de Cable,El primer evento no fue una colision con un vehiculo automotor en transporte,Not an Intersection,No fue interseccion,En el medio,Ninguna,Dia total,Nublado,No,NO APLICA,9,25,9,52,1,04/04/2022,1
5,Arkansas,50116,0,0,1,0,49,FULTON (49),0,NO APLICA,4,Abril,1,2022,15,25,US-62,2,US Highway,Rural,Arteria Principal,State Highway Agency,1,Sin jurisdiccion especial,186,36.37809167,-91.85508333,Barda,El primer evento no fue una colision con un vehiculo automotor en transporte,Not an Intersection,No fue interseccion,Sobre el lado de la calle,Ninguna,Dia total,Despejado,No,NO APLICA,15,28,15,33,1,01/04/2022,1
5,Arkansas,50117,0,0,2,0,69,JEFFERSON (69),3150,PINE BLUFF,2,Febrero,27,2022,13,11,CS-CHERRY ST,6,Calle Local Municipalidad,Urbano,Local,Town or Township Highway Agency,0,Sin jurisdiccion especial,0,34.19806389,-92.01342778,Vehiculo en movimiento,Angulo,Four-Way Intersection,Interseccion de 4 direcciones,Sobre calle,Ninguna,Dia total,Despejado,No,NO APLICA,13,17,13,20,1,27/02/2022,3