Estado,Nombre de Estado,Numero de Caso,Peatones,Personas _no_vehiculos,Vehiculos automotores,Vehiculos estacionados,Condado,Nombre Condado,Ciudad,Nombre Ciudad,Mes,Nombre Mes,Dia,Año,Hora,Minuto,Calle,Ruta,Nombre Ruta,Rural o Urbanoo,Sistema Funcional,Dueño Calle,Sistema Nacional Carreteras,Jurisdiccion Especial,Milla,Latitud,Longitud,Causa del Accidente,Tipo de Accidente,Tipo Interseccion,Columna1,Lugar en la calle,Zona de Trabajo,Luz,Clima,Autobus Escolar,Cruce de Trenes,Hora Notificacion,Minuto Notificacion,Hora Llegada,Minuto Llegada,Decesos,Fecha,PersonaVehiculo
5,Arkansas,50119,0,0,1,0,9,BOONE (9),0,NO APLICA,4,Abril,2,2022,13,50,CR-BILL HUDSON DR,4,Calle del Condado,Rural,Local,County Highway Agency,0,Sin jurisdiccion especial,6,36.35095278,-93.01308611,Volcadura,El primer evento no fue una colision con un vehiculo automotor en transporte,Not an Intersection,No fue interseccion,Sobre calle,Ninguna,Dia total,Despejado,No,NO APLICA,13,56,14,15,1,02/04/2022,3
5,Arkansas,50120,0,0,2,0,119,PULASKI (119),2880,NORTH LITTLE ROCK,4,Abril,7,2022,23,35,CS- BISHOP LINDSEY AVE,6,Calle Local Municipalidad,Urbano,Colector Mayor,Town or Township Highway Agency,0,Sin jurisdiccion especial,0,34.75990833,-92.26160556,Vehiculo en movimiento,Angulo,Four-Way Intersection,Interseccion de 4 direcciones,Sobre calle,Ninguna,Oscuro con iluminacion,Despejado,No,NO APLICA,23,35,0,3,2,07/04/2022,4
5,Arkansas,50121,1,1,1,0,119,PULASKI (119),2320,LITTLE ROCK,4,Abril,15,2022,20,50,SR-10,3,Highway estatal,Urbano,Arteria Principal,State Highway Agency,1,Sin jurisdiccion especial,54,34.80238056,-92.42897222,Peaton,El primer evento no fue una colision con un vehiculo automotor en transporte,T-Intersection,Interseccion de T,Sobre calle,Ninguna,Oscuro sin iluminacion,Nublado,No,NO APLICA,20,50,20,50,1,15/04/2022,1
5,Arkansas,50122,0,0,1,0,119,PULASKI (119),0,NO APLICA,4,Abril,7,2022,18,45,I-40,1,Interestatal,Urbano,Interestatal,State Highway Agency,1,Sin jurisdiccion especial,1421,34.88555,-92.37967778,Soporte de Puente,El primer evento no fue una colision con un vehiculo automotor en transporte,Not an Intersection,No fue interseccion,En el medio,Ninguna,Dia total,Nublado,No,NO APLICA,99,99,99,99,1,07/04/2022,1
5,Arkansas,50123,0,0,1,0,103,OUACHITA (103),0,NO APLICA,4,Abril,9,2022,19,32,CR-31,4,Calle del Condado,Rural,Local,County Highway Agency,0,Sin jurisdiccion especial,25,33.69826111,-92.79094722,Volcadura,El primer evento no fue una colision con un vehiculo automotor en transporte,Not an Intersection,No fue interseccion,Sobre el lado de la calle,Ninguna,Dia total,Despejado,No,NO APLICA,19,39,20,23,1,09/04/2022,1
5,Arkansas,50124,0,0,2,0,63,INDEPENDENCE (63),0,NO APLICA,4,Abril,8,2022,15,21,SR-69,3,Highway estatal,Rural,Arteria Menor,State Highway Agency,0,Sin jurisdiccion especial,84,35.83826111,-91.73489444,Vehiculo en movimiento,Angulo,Not an Intersection,No fue interseccion,Sobre calle,Ninguna,Dia total,Nublado,No,NO APLICA,99,99,99,99,1,08/04/2022,3
5,Arkansas,50125,0,0,1,0,23,CLEBURNE (23),0,NO APLICA,4,Abril,9,2022,14,50,SR-25,3,Highway estatal,Rural,Arteria Menor,State Highway Agency,0,Sin jurisdiccion especial,15,35.47118611,-92.02429167,Poste de Señal de trafico,El primer evento no fue una colision con un vehiculo automotor en transporte,Not an Intersection,No fue interseccion,Sobre el lado de la calle,Ninguna,Dia total,Despejado,No,NO APLICA,14,58,15,3,1,09/04/2022,1
5,Arkansas,50126,0,0,2,0,131,SEBASTIAN (131),0,NO APLICA,4,Abril,5,2022,9,18,US-71,2,US Highway,Urbano,Arteria Principal,State Highway Agency,1,Sin jurisdiccion especial,40,35.24381389,-94.33681111,Vehiculo en movimiento,Frente a Detrás,Not an Intersection,No fue interseccion,Sobre calle,Ninguna,Dia total,Despejado,No,NO APLICA,9,19,9,34,1,05/04/2022,4
5,Arkansas,50127,0,0,1,0,119,PULASKI (119),0,NO APLICA,4,Abril,10,2022,0,9,I-530,1,Interestatal,Rural,Interestatal,State Highway Agency,1,Sin jurisdiccion especial,67,34.61697222,-92.268975,Volcadura,El primer evento no fue una colision con un vehiculo automotor en transporte,Not an Intersection,No fue interseccion,Sobre calle,Ninguna,Oscuro sin iluminacion,Despejado,No,NO APLICA,0,14,0,24,1,10/04/2022,1
5,Arkansas,50128,0,0,1,0,83,LOGAN (83),0,NO APLICA,4,Abril,10,2022,2,25,SR-393,3,Highway estatal,Rural,Colector Mayor,State Highway Agency,0,Sin jurisdiccion especial,8,35.37457778,-93.56712222,Animal vivo,El primer evento no fue una colision con un vehiculo automotor en transporte,Not an Intersection,No fue interseccion,Sobre calle,Ninguna,Oscuro sin iluminacion,Despejado,No,NO APLICA,2,28,2,46,1,10/04/2022,1
5,Arkansas,50129,0,0,1,0,113,POLK (113),0,NO APLICA,4,Abril,19,2022,20,20,CR-26,4,Calle del Condado,Rural,Local,County Highway Agency,0,Sin jurisdiccion especial,41,34.47887778,-94.45730833,Volcadura,El primer evento no fue una colision con un vehiculo automotor en transporte,Not an Intersection,No fue interseccion,Sobre el lado de la calle,Ninguna,Oscuro sin iluminacion,Despejado,No,NO APLICA,20,25,20,37,1,19/04/2022,2
5,Arkansas,50130,0,0,1,0,69,JEFFERSON (69),0,NO APLICA,3,Marzo,16,2022,20,12,SR-15,3,Highway estatal,Rural,Arteria Menor,State Highway Agency,0,Sin jurisdiccion especial,116,34.45908056,-91.95500278,Acotamiento,El primer evento no fue una colision con un vehiculo automotor en transporte,L-Intersection,Interseccion en L,Sobre el lado de la calle,Ninguna,Oscuro sin iluminacion,Despejado,No,NO APLICA,20,19,20,19,1,16/03/2022,1
5,Arkansas,50131,0,0,1,0,119,PULASKI (119),0,NO APLICA,2,Febrero,10,2022,15,20,CR-SINGLEY RD,4,Calle del Condado,Rural,Local,County Highway Agency,0,Sin jurisdiccion especial,5,34.59299167,-92.33460278,Animal vivo,El primer evento no fue una colision con un vehiculo automotor en transporte,Not an Intersection,No fue interseccion,Sobre calle,Ninguna,Dia total,Despejado,No,NO APLICA,15,21,15,25,1,10/02/2022,1
5,Arkansas,50132,0,0,2,0,121,RANDOLPH (121),3190,POCAHONTAS,4,Abril,12,2022,14,12,US-67,2,US Highway,Urbano,Arteria Principal,State Highway Agency,1,Sin jurisdiccion especial,4,36.26030833,-90.96948611,Vehiculo en movimiento,Frente a frente,Not an Intersection,No fue interseccion,Sobre calle,Ninguna,Dia total,Nublado,No,NO APLICA,14,12,14,20,2,12/04/2022,3
5,Arkansas,50133,0,0,1,0,119,PULASKI (119),2320,LITTLE ROCK,4,Abril,10,2022,7,25,I-30,1,Interestatal,Urbano,Interestatal,State Highway Agency,1,Sin jurisdiccion especial,131,34.66603889,-92.39196111,Valla para choques,El primer evento no fue una colision con un vehiculo automotor en transporte,Not an Intersection,No fue interseccion,Gore?,Ninguna,Dia total,Despejado,No,NO APLICA,7,32,7,33,1,10/04/2022,5
5,Arkansas,50134,0,0,2,0,71,JOHNSON (71),0,NO APLICA,4,Abril,13,2022,8,45,CR-2250,4,Calle del Condado,Rural,Local,County Highway Agency,0,Sin jurisdiccion especial,5,35.42639444,-93.54653611,Vehiculo en movimiento,Frente a Detrás,Not an Intersection,No fue interseccion,Sobre calle,Ninguna,Dia total,lluvia,No,NO APLICA,8,47,9,2,1,13/04/2022,2
5,Arkansas,50135,0,0,1,0,59,HOT SPRING (59),0,NO APLICA,4,Abril,16,2022,1,58,US-67 MALVERN RD,2,US Highway,Rural,Colector Mayor,State Highway Agency,0,Sin jurisdiccion especial,1,34.20679167,-93.0255,Volcadura,El primer evento no fue una colision con un vehiculo automotor en transporte,Not an Intersection,No fue interseccion,Sobre el lado de la calle,Ninguna,Oscuro sin iluminacion,Despejado,No,NO APLICA,2,14,2,38,1,16/04/2022,2
5,Arkansas,50136,0,0,2,0,35,CRITTENDEN (35),4120,WEST MEMPHIS,4,Abril,23,2022,18,44,E SERVICE RD 55,7,Calle Local,Urbano,Local,State Highway Agency,0,Sin jurisdiccion especial,9,35.14939722,-90.13636667,Vehiculo en movimiento,Frente a frente,Not an Intersection,No fue interseccion,Sobre calle,Ninguna,Dia total,Despejado,No,NO APLICA,18,46,19,9,1,23/04/2022,6
5,Arkansas,50137,0,0,1,0,143,WASHINGTON (143),1310,FAYETTEVILLE,4,Abril,2,2022,20,38,CS-OLD MISSOURI,6,Calle Local Municipalidad,Urbano,Colector Menor,City or Municipal Highway Agency,0,Sin jurisdiccion especial,0,36.126275,-94.13010833,Zanja,El primer evento no fue una colision con un vehiculo automotor en transporte,Not an Intersection,No fue interseccion,Sobre el lado de la calle,Ninguna,Oscuro sin iluminacion,Despejado,No,NO APLICA,20,40,20,47,1,02/04/2022,1
5,Arkansas,50139,0,0,2,0,111,POINSETT (111),0,NO APLICA,4,Abril,22,2022,18,45,SR-140,3,Highway estatal,Rural,Arteria Menor,State Highway Agency,0,Sin jurisdiccion especial,86,35.61366667,-90.35541389,Vehiculo en movimiento,Angulo,Not an Intersection,No fue interseccion,Sobre calle,Ninguna,Dia total,Despejado,No,NO APLICA,18,48,18,54,1,22/04/2022,7
5,Arkansas,50140,0,0,2,0,55,GREENE (55),3030,PARAGOULD,4,Abril,26,2022,17,12,US-49,2,US Highway,Urbano,Arteria Principal,State Highway Agency,1,Sin jurisdiccion especial,184,36.03657222,-90.51576667,Vehiculo en movimiento,Golpe Lateral - misma direccion,T-Intersection,Interseccion de T,Sobre calle,Ninguna,Dia total,Despejado,No,NO APLICA,17,14,17,19,1,26/04/2022,2
5,Arkansas,50142,0,0,1,0,65,IZARD (65),1905,HORSESHOE BEND,4,Abril,28,2022,2,30,CS-HAWK LN,6,Calle Local Municipalidad,Rural,Local,Town or Township Highway Agency,0,Sin jurisdiccion especial,4,36.24448333,-91.77746111,Buzon de correo,El primer evento no fue una colision con un vehiculo automotor en transporte,Not an Intersection,No fue interseccion,Sobre el lado de la calle,Ninguna,Oscuro sin iluminacion,Despejado,No,NO APLICA,2,37,2,56,1,28/04/2022,2
5,Arkansas,50143,0,0,3,0,143,WASHINGTON (143),3670,SPRINGDALE,4,Abril,30,2022,2,20,US-71B,2,US Highway,Urbano,Arteria Principal,State Highway Agency,1,Sin jurisdiccion especial,66,36.18860833,-94.13837778,Vehiculo en movimiento,Angulo,Four-Way Intersection,Interseccion de 4 direcciones,Sobre calle,Ninguna,Oscuro con iluminacion,Nublado,No,NO APLICA,2,21,2,28,1,30/04/2022,5
5,Arkansas,50144,0,0,1,0,119,PULASKI (119),2320,LITTLE ROCK,4,Abril,10,2022,3,0,I-430,1,Interestatal,Urbano,Interestatal,State Highway Agency,1,Sin jurisdiccion especial,39,34.79072222,-92.3897,Otro objeto (no fijo),El primer evento no fue una colision con un vehiculo automotor en transporte,Not an Intersection,No fue interseccion,Sobre calle,Construccion,Oscuro sin iluminacion,Despejado,No,NO APLICA,88,88,88,88,1,10/04/2022,1
5,Arkansas,50145,0,0,1,0,143,WASHINGTON (143),1310,FAYETTEVILLE,3,Marzo,30,2022,2,8,CS-STEPHEN CARR MEMORIAL BLVD,6,Calle Local Municipalidad,Urbano,Local,Town or Township Highway Agency,0,Sin jurisdiccion especial,0,36.08790278,-94.19296389,Volcadura,El primer evento no fue una colision con un vehiculo automotor en transporte,Not an Intersection,No fue interseccion,Sobre el lado de la calle,Ninguna,Oscuro sin iluminacion,Despejado,No,NO APLICA,2,8,2,18,2,30/03/2022,2
5,Arkansas,50146,1,1,3,0,59,HOT SPRING (59),0,NO APLICA,4,Abril,26,2022,18,10,I-30,1,Interestatal,Rural,Interestatal,State Highway Agency,1,Sin jurisdiccion especial,864,34.27791389,-92.96369167,Vehiculo en movimiento,Frente a Detrás,Not an Intersection,No fue interseccion,Sobre calle,Ninguna,Dia total,Despejado,No,NO APLICA,18,21,18,32,1,26/04/2022,3
5,Arkansas,50147,0,0,1,0,35,CRITTENDEN (35),0,NO APLICA,3,Marzo,6,2022,17,0,US-64,2,US Highway,Rural,Arteria Menor,Other Federal Agency,0,Sin jurisdiccion especial,133,35.21996389,-90.29479444,Desconocido,Reportado como desconocido,Not an Intersection,No fue interseccion,Fuera de la calle,Ninguna,Reportada como desconocida,Reportado como desconocido,No,NO APLICA,88,88,88,88,1,06/03/2022,1
5,Arkansas,50148,0,0,1,0,133,SEVIER (133),0,NO APLICA,5,Mayo,2,2022,19,0,SR-41,3,Highway estatal,Rural,Arteria Menor,State Highway Agency,0,Sin jurisdiccion especial,68,33.95030833,-94.3358,Poste de Señal de trafico,El primer evento no fue una colision con un vehiculo automotor en transporte,Not an Intersection,No fue interseccion,Sobre el lado de la calle,Ninguna,Dia total,Despejado,No,NO APLICA,19,1,19,13,1,02/05/2022,1
5,Arkansas,50149,0,0,2,0,63,INDEPENDENCE (63),250,BATESVILLE,5,Mayo,5,2022,17,24,US-167,2,US Highway,Urbano,Arteria Principal,State Highway Agency,1,Sin jurisdiccion especial,11,35.78594444,-91.64252778,Vehiculo en movimiento,Angulo,Not an Intersection,No fue interseccion,Sobre calle,Ninguna,Dia total,lluvia,No,NO APLICA,17,16,17,31,1,05/05/2022,3
5,Arkansas,50150,0,0,2,0,133,SEVIER (133),1060,DE QUEEN,5,Mayo,3,2022,19,20,US-71,2,US Highway,Urbano,Arteria Principal,State Highway Agency,1,Sin jurisdiccion especial,11,34.06036111,-94.32764167,Vehiculo en movimiento,Angulo,Not an Intersection,No fue interseccion,Sobre calle,Ninguna,Dia total,Despejado,No,NO APLICA,19,20,19,26,1,03/05/2022,2
5,Arkansas,50151,0,0,1,0,45,FAULKNER (45),860,CONWAY,4,Abril,23,2022,3,0,US-65,2,US Highway,Urbano,Arteria Principal,State Highway Agency,1,Sin jurisdiccion especial,183,35.114875,-92.41373889,Poste,El primer evento no fue una colision con un vehiculo automotor en transporte,Not an Intersection,No fue interseccion,Sobre el lado de la calle,Ninguna,Oscuro sin iluminacion,Despejado,No,NO APLICA,3,6,3,13,1,23/04/2022,1
5,Arkansas,50152,0,0,1,0,59,HOT SPRING (59),0,NO APLICA,4,Abril,27,2022,21,30,I-30,1,Interestatal,Rural,Interestatal,State Highway Agency,1,Sin jurisdiccion especial,415,34.43384444,-92.78606111,Arbol,El primer evento no fue una colision con un vehiculo automotor en transporte,Not an Intersection,No fue interseccion,Sobre el lado de la calle,Ninguna,Oscuro sin iluminacion,Despejado,No,NO APLICA,21,40,21,56,1,27/04/2022,1
5,Arkansas,50153,0,0,2,0,87,MADISON (87),0,NO APLICA,5,Mayo,4,2022,22,40,US-412,2,US Highway,Rural,Arteria Principal,State Highway Agency,1,Sin jurisdiccion especial,86,36.13125278,-93.60208611,Vehiculo en movimiento,Frente a frente,Not an Intersection,No fue interseccion,Sobre calle,Ninguna,Oscuro sin iluminacion,lluvia,No,NO APLICA,22,40,22,52,1,04/05/2022,2
5,Arkansas,50154,0,0,1,0,7,BENTON (7),340,BENTONVILLE,4,Abril,16,2022,19,56,CR-MCNELLY RD,4,Calle del Condado,Rural,Local,County Highway Agency,0,Sin jurisdiccion especial,0,36.43916667,-94.19698611,Culvert,El primer evento no fue una colision con un vehiculo automotor en transporte,Not an Intersection,No fue interseccion,Sobre el lado de la calle,Ninguna,Oscuro - iluminacion desconocida,Despejado,No,NO APLICA,19,58,20,6,1,16/04/2022,1
5,Arkansas,50155,0,0,2,0,131,SEBASTIAN (131),1370,FORT SMITH,4,Abril,22,2022,18,6,GRAND AVE,6,Calle Local Municipalidad,Urbano,Arteria Principal,Town or Township Highway Agency,0,Sin jurisdiccion especial,0,35.38589167,-94.396025,Vehiculo en movimiento,Angulo,T-Intersection,Interseccion de T,Sobre calle,Ninguna,Dia total,Despejado,No,NO APLICA,18,7,18,14,1,22/04/2022,2
5,Arkansas,50156,1,1,1,0,85,LONOKE (85),600,CABOT,4,Abril,25,2022,3,40,US-67,2,US Highway,Urbano,Arterial Principal -Freeway o ExpressWay,State Highway Agency,1,Sin jurisdiccion especial,33,34.97831667,-92.03515833,Peaton,El primer evento no fue una colision con un vehiculo automotor en transporte,Not an Intersection,No fue interseccion,Sobre calle,Ninguna,Oscuro sin iluminacion,lluvia,No,NO APLICA,88,88,88,88,1,25/04/2022,1
5,Arkansas,50157,0,0,1,0,133,SEVIER (133),0,NO APLICA,4,Abril,29,2022,22,40,US-371,2,US Highway,Rural,Arteria Menor,State Highway Agency,0,Sin jurisdiccion especial,53,33.96233333,-94.08345833,Acotamiento,El primer evento no fue una colision con un vehiculo automotor en transporte,Not an Intersection,No fue interseccion,Sobre el lado de la calle,Ninguna,Oscuro sin iluminacion,Despejado,No,NO APLICA,99,99,23,11,1,29/04/2022,1
5,Arkansas,50158,0,0,1,0,139,UNION (139),0,NO APLICA,5,Mayo,9,2022,10,4,CR-LEICHMAN RD,4,Calle del Condado,Rural,Local,County Highway Agency,0,Sin jurisdiccion especial,0,33.01279444,-92.49903889,Volcadura,El primer evento no fue una colision con un vehiculo automotor en transporte,Not an Intersection,No fue interseccion,Sobre calle,Ninguna,Dia total,Reportado como desconocido,No,NO APLICA,99,99,99,99,1,09/05/2022,1
5,Arkansas,50159,0,0,2,0,51,GARLAND (51),1907,HOT SPRINGS,4,Abril,25,2022,21,16,US-270,2,US Highway,Urbano,Arteria Principal,State Highway Agency,1,Sin jurisdiccion especial,175,34.49563333,-93.12125556,Vehiculo en movimiento,Frente a frente,Not an Intersection,No fue interseccion,Sobre calle,Ninguna,Oscuro con iluminacion,Despejado,No,NO APLICA,21,16,21,21,1,25/04/2022,2
5,Arkansas,50160,0,0,1,0,27,COLUMBIA (27),2440,MCNEIL,5,Mayo,1,2022,14,4,US-79,2,US Highway,Urbano,Arteria Principal,State Highway Agency,1,Sin jurisdiccion especial,34,33.34487222,-93.20361944,Poste de Señal de trafico,El primer evento no fue una colision con un vehiculo automotor en transporte,Not an Intersection,No fue interseccion,Sobre el lado de la calle,Ninguna,Dia total,Despejado,No,NO APLICA,14,9,14,15,1,01/05/2022,1
5,Arkansas,50161,0,0,2,0,51,GARLAND (51),0,NO APLICA,5,Mayo,5,2022,18,38,CR-W GLAZYPEAU RD,4,Calle del Condado,Rural,Colector Mayor,County Highway Agency,0,Sin jurisdiccion especial,50,34.59577222,-93.12098611,Vehiculo en movimiento,Frente a frente,Not an Intersection,No fue interseccion,Sobre calle,Ninguna,Dia total,Nublado,No,NO APLICA,18,39,18,56,1,05/05/2022,3
5,Arkansas,50162,0,0,1,0,89,MARION (89),0,NO APLICA,5,Mayo,6,2022,16,35,SR-14,3,Highway estatal,Rural,Colector Mayor,State Highway Agency,0,Sin jurisdiccion especial,115,36.31399167,-92.76401111,Poste de Señal de trafico,El primer evento no fue una colision con un vehiculo automotor en transporte,Not an Intersection,No fue interseccion,Sobre el lado de la calle,Ninguna,Dia total,Despejado,No,NO APLICA,16,36,17,3,1,06/05/2022,1
5,Arkansas,50163,0,0,2,0,131,SEBASTIAN (131),1370,FORT SMITH,4,Abril,27,2022,2,12,US-271,2,US Highway,Urbano,Arteria Principal,State Highway Agency,1,Sin jurisdiccion especial,15,35.31377778,-94.42261111,Vehiculo en movimiento,Golpe Lateral - direccion contraria,Not an Intersection,No fue interseccion,Sobre calle,Ninguna,Oscuro con iluminacion,Despejado,No,NO APLICA,2,12,2,19,1,27/04/2022,3
5,Arkansas,50164,0,0,2,0,133,SEVIER (133),0,NO APLICA,5,Mayo,13,2022,7,31,US-70,2,US Highway,Rural,Arteria Menor,State Highway Agency,0,Sin jurisdiccion especial,69,34.09611944,-94.09399722,Vehiculo en movimiento,Frente a frente,Not an Intersection,No fue interseccion,Sobre calle,Ninguna,Dia total,Despejado,No,NO APLICA,7,32,7,44,1,13/05/2022,2
5,Arkansas,50165,0,0,1,0,137,STONE (137),0,NO APLICA,5,Mayo,11,2022,15,7,CR-ROUND BOTTOM RD,4,Calle del Condado,Rural,Local,County Highway Agency,0,Sin jurisdiccion especial,15,35.93443056,-92.050725,Arbol,El primer evento no fue una colision con un vehiculo automotor en transporte,Not an Intersection,No fue interseccion,Sobre el lado de la calle,Ninguna,Dia total,Despejado,No,NO APLICA,88,88,88,88,1,11/05/2022,1
5,Arkansas,50166,0,0,1,0,131,SEBASTIAN (131),1370,FORT SMITH,4,Abril,25,2022,14,0,CS-JENNYLIN DR,6,Calle Local Municipalidad,Urbano,Local,Town or Township Highway Agency,0,Sin jurisdiccion especial,18,35.34701944,-94.41367778,Arbol,El primer evento no fue una colision con un vehiculo automotor en transporte,Not an Intersection,No fue interseccion,Sobre el lado de la calle,Ninguna,Dia total,Despejado,No,NO APLICA,14,11,14,15,1,25/04/2022,1
5,Arkansas,50167,0,0,2,0,63,INDEPENDENCE (63),3170,PLEASANT PLAINS,5,Mayo,6,2022,12,41,US-167,2,US Highway,Rural,Arteria Principal,State Highway Agency,1,Sin jurisdiccion especial,19,35.55759444,-91.6217,Vehiculo en movimiento,Angulo,Four-Way Intersection,Interseccion de 4 direcciones,Sobre calle,Ninguna,Dia total,Despejado,No,NO APLICA,12,42,12,54,1,06/05/2022,3
5,Arkansas,50168,0,0,2,0,75,LAWRENCE (75),3540,SEDGWICK,5,Mayo,10,2022,5,54,US-63,2,US Highway,Rural,Arteria Principal,State Highway Agency,1,Sin jurisdiccion especial,82,35.97876111,-90.86299167,Vehiculo en movimiento,Frente a frente,Not an Intersection,No fue interseccion,Sobre calle,Ninguna,Amanecer,Despejado,No,NO APLICA,5,56,6,7,1,10/05/2022,6
5,Arkansas,50169,0,0,1,0,33,CRAWFORD (33),0,NO APLICA,5,Mayo,8,2022,16,30,US-64,2,US Highway,Urbano,Arteria Menor,State Highway Agency,0,Sin jurisdiccion especial,55,35.46617222,-94.26914722,Buzon de correo,El primer evento no fue una colision con un vehiculo automotor en transporte,Not an Intersection,No fue interseccion,Sobre el lado de la calle,Ninguna,Dia total,Despejado,No,NO APLICA,16,30,16,39,1,08/05/2022,1
5,Arkansas,50170,0,0,2,0,139,UNION (139),0,NO APLICA,5,Mayo,13,2022,18,45,SR-7,3,Highway estatal,Rural,Colector Mayor,State Highway Agency,0,Sin jurisdiccion especial,55,33.08902778,-92.607025,Vehiculo en movimiento,Frente a frente,T-Intersection,Interseccion de T,Sobre calle,Ninguna,Dia total,Despejado,No,NO APLICA,99,99,99,99,1,13/05/2022,2
5,Arkansas,50171,0,0,1,0,87,MADISON (87),0,NO APLICA,5,Mayo,16,2022,12,25,SR-295,3,Highway estatal,Rural,Colector Mayor,State Highway Agency,0,Sin jurisdiccion especial,35,36.01134167,-93.84624444,Animal vivo,El primer evento no fue una colision con un vehiculo automotor en transporte,Not an Intersection,No fue interseccion,Sobre calle,Ninguna,Dia total,Despejado,No,NO APLICA,12,32,12,41,1,16/05/2022,1
5,Arkansas,50172,0,0,1,0,119,PULASKI (119),2880,NORTH LITTLE ROCK,5,Mayo,18,2022,10,19,I-30,1,Interestatal,Urbano,Interestatal,State Highway Agency,1,Sin jurisdiccion especial,7,34.77323333,-92.26182778,Poste de Señal de trafico,El primer evento no fue una colision con un vehiculo automotor en transporte,Not an Intersection,No fue interseccion,Gore?,"Zona de trabajo, tipo desconocido",Dia total,Despejado,No,NO APLICA,10,19,10,25,1,18/05/2022,2
5,Arkansas,50173,0,0,2,0,51,GARLAND (51),1907,HOT SPRINGS,5,Mayo,3,2022,19,31,US-70B,2,US Highway,Urbano,Arteria Principal,State Highway Agency,1,Sin jurisdiccion especial,23,34.49367222,-93.0808,Vehiculo en movimiento,Angulo,Not an Intersection,No fue interseccion,Sobre calle,Ninguna,Atardecer,Nublado,No,NO APLICA,19,32,19,37,1,03/05/2022,3
5,Arkansas,50174,0,0,2,0,95,MONROE (95),2676,MONROE,5,Mayo,15,2022,15,9,SR-17,3,Highway estatal,Rural,Colector Mayor,State Highway Agency,0,Sin jurisdiccion especial,53,34.76625556,-91.24483889,Vehiculo en movimiento,Angulo,T-Intersection,Interseccion de T,Sobre calle,Ninguna,Dia total,Despejado,No,NO APLICA,15,14,15,27,1,15/05/2022,3
5,Arkansas,50176,0,0,1,0,15,CARROLL (15),0,NO APLICA,5,Mayo,15,2022,15,40,CR-601,4,Calle del Condado,Rural,Colector Mayor,County Highway Agency,0,Sin jurisdiccion especial,21,36.37639167,-93.51094167,Arbol,El primer evento no fue una colision con un vehiculo automotor en transporte,Not an Intersection,No fue interseccion,Sobre el lado de la calle,Ninguna,Dia total,Despejado,No,NO APLICA,99,99,99,99,1,15/05/2022,1
5,Arkansas,50177,0,0,2,0,5,BAXTER (5),0,NO APLICA,5,Mayo,19,2022,15,22,SR-5,3,Highway estatal,Rural,Arteria Principal,State Highway Agency,0,Sin jurisdiccion especial,30,36.35561111,-92.42822222,Vehiculo en movimiento,Frente a frente,Not an Intersection,No fue interseccion,Sobre calle,Ninguna,Dia total,Despejado,No,NO APLICA,15,31,15,35,1,19/05/2022,3
5,Arkansas,50178,0,0,2,0,31,CRAIGHEAD (31),270,BAY,5,Mayo,2,2022,16,20,SR-463,3,Highway estatal,Rural,Arteria Menor,State Highway Agency,0,Sin jurisdiccion especial,58,35.74902222,-90.57117778,Vehiculo en movimiento,Frente a frente,Not an Intersection,No fue interseccion,Sobre calle,Ninguna,Dia total,lluvia,No,NO APLICA,16,21,16,41,1,02/05/2022,3
5,Arkansas,50179,0,0,1,0,93,MISSISSIPPI (93),0,NO APLICA,5,Mayo,18,2022,22,32,SR-18,3,Highway estatal,Rural,No reportado,State Highway Agency,0,Sin jurisdiccion especial,75,35.84705,-90.07176389,Culvert,El primer evento no fue una colision con un vehiculo automotor en transporte,Not an Intersection,No fue interseccion,Sobre el lado de la calle,Ninguna,Oscuro sin iluminacion,Despejado,No,NO APLICA,22,37,23,6,1,18/05/2022,5
5,Arkansas,50180,0,0,2,0,21,CLAY (21),0,NO APLICA,5,Mayo,10,2022,20,30,SR-328,3,Highway estatal,Rural,Colector Mayor,State Highway Agency,0,Sin jurisdiccion especial,48,36.4567,-90.71838889,Vehiculo en movimiento,Otro,Not an Intersection,No fue interseccion,Sobre calle,Ninguna,Oscuro sin iluminacion,Despejado,No,NO APLICA,20,38,20,52,1,10/05/2022,3
5,Arkansas,50181,0,0,1,0,115,POPE (115),0,NO APLICA,5,Mayo,21,2022,11,38,CR-HATLEY MTN RD,4,Calle del Condado,Rural,Local,County Highway Agency,0,Sin jurisdiccion especial,12,35.58631944,-92.81287778,Zanja,El primer evento no fue una colision con un vehiculo automotor en transporte,Y-Intersection,Interseccion de Y,Sobre el lado de la calle,Ninguna,Dia total,Despejado,No,NO APLICA,11,38,12,2,1,21/05/2022,2
5,Arkansas,50182,0,0,1,0,133,SEVIER (133),0,NO APLICA,5,Mayo,22,2022,13,54,US-70B,2,US Highway,Urbano,Arteria Menor,State Highway Agency,0,Sin jurisdiccion especial,10,34.03804722,-94.36796944,Culvert,El primer evento no fue una colision con un vehiculo automotor en transporte,Not an Intersection,No fue interseccion,Sobre el lado de la calle,Ninguna,Dia total,Nublado,No,NO APLICA,13,55,14,1,1,22/05/2022,1
5,Arkansas,50183,0,0,1,0,119,PULASKI (119),2880,NORTH LITTLE ROCK,4,Abril,24,2022,15,14,EVANS DR,6,Calle Local Municipalidad,Urbano,Local,City or Municipal Highway Agency,0,Sin jurisdiccion especial,0,34.76061111,-92.23096944,Poste,El primer evento no fue una colision con un vehiculo automotor en transporte,T-Intersection,Interseccion de T,Sobre el lado de la calle,Ninguna,Dia total,Despejado,No,NO APLICA,15,15,15,19,1,24/04/2022,1
5,Arkansas,50184,0,0,2,0,141,VAN BUREN (141),820,CLINTON,5,Mayo,22,2022,22,28,SR-16,3,Highway estatal,Urbano,Colector Mayor,State Highway Agency,0,Sin jurisdiccion especial,13,35.60026111,-92.43864444,Vehiculo en movimiento,Frente a frente,Not an Intersection,No fue interseccion,Sobre calle,Ninguna,Oscuro sin iluminacion,Despejado,No,NO APLICA,22,33,22,35,1,22/05/2022,2