Estado,Nombre de Estado,Numero de Caso,Peatones,Personas _no_vehiculos,Vehiculos automotores,Vehiculos estacionados,Condado,Nombre Condado,Ciudad,Nombre Ciudad,Mes,Nombre Mes,Dia,Año,Hora,Minuto,Calle,Ruta,Nombre Ruta,Rural o Urbanoo,Sistema Funcional,Dueño Calle,Sistema Nacional Carreteras,Jurisdiccion Especial,Milla,Latitud,Longitud,Causa del Accidente,Tipo de Accidente,Tipo Interseccion,Columna1,Lugar en la calle,Zona de Trabajo,Luz,Clima,Autobus Escolar,Cruce de Trenes,Hora Notificacion,Minuto Notificacion,Hora Llegada,Minuto Llegada,Decesos,Fecha,PersonaVehiculo
5,Arkansas,50185,0,0,1,0,129,SEARCY (129),0,NO APLICA,5,Mayo,20,2022,12,28,US-65,2,US Highway,Rural,No reportado,State Highway Agency,1,Sin jurisdiccion especial,69,36.05191667,-92.84471667,Poste,El primer evento no fue una colision con un vehiculo automotor en transporte,Not an Intersection,No fue interseccion,Sobre el lado de la calle,Ninguna,Dia total,Despejado,No,NO APLICA,12,28,12,50,1,20/05/2022,2
5,Arkansas,50186,0,0,2,0,59,HOT SPRING (59),0,NO APLICA,5,Mayo,11,2022,22,40,US-270,2,US Highway,Urbano,Arteria Principal,State Highway Agency,1,Sin jurisdiccion especial,69,34.41445278,-92.82286667,Vehiculo en movimiento,Frente a frente,Not an Intersection,No fue interseccion,Sobre calle,Ninguna,Oscuro sin iluminacion,Despejado,No,NO APLICA,22,54,22,56,1,11/05/2022,5
5,Arkansas,50187,0,0,2,0,125,SALINE (125),570,BRYANT,5,Mayo,22,2022,2,5,I-30,1,Interestatal,Urbano,Interestatal,State Highway Agency,1,Sin jurisdiccion especial,1250,34.63332222,-92.46358611,Vehiculo en movimiento,Frente a frente,Not an Intersection,No fue interseccion,Sobre calle,Ninguna,Oscuro sin iluminacion,lluvia,No,NO APLICA,2,12,2,25,1,22/05/2022,2
5,Arkansas,50188,0,0,1,0,125,SALINE (125),0,NO APLICA,5,Mayo,13,2022,23,30,CR-MITCHELL LOOP,4,Calle del Condado,Rural,Local,County Highway Agency,0,Sin jurisdiccion especial,0,34.56277778,-92.68100556,Volcadura,El primer evento no fue una colision con un vehiculo automotor en transporte,Not an Intersection,No fue interseccion,Sobre calle,Ninguna,Oscuro sin iluminacion,Despejado,No,NO APLICA,23,37,23,56,1,13/05/2022,2
5,Arkansas,50189,0,0,7,0,33,CRAWFORD (33),2770,MULBERRY,5,Mayo,12,2022,18,7,I-40,1,Interestatal,Rural,Interestatal,State Highway Agency,1,Sin jurisdiccion especial,2621,35.52703611,-94.07888056,Vehiculo en movimiento,Frente a frente,Not an Intersection,No fue interseccion,Sobre calle,Ninguna,Dia total,Despejado,No,NO APLICA,18,8,18,31,3,12/05/2022,9
5,Arkansas,50190,0,0,2,0,125,SALINE (125),0,NO APLICA,5,Mayo,26,2022,7,18,US-70,2,US Highway,Rural,Arteria Principal,State Highway Agency,1,Sin jurisdiccion especial,55,34.54016667,-92.70333056,Vehiculo en movimiento,Frente a Detrás,T-Intersection,Interseccion de T,Sobre calle,Ninguna,Dia total,Despejado,No,NO APLICA,7,20,7,31,1,26/05/2022,2
5,Arkansas,50191,0,0,1,0,49,FULTON (49),0,NO APLICA,5,Mayo,27,2022,6,45,SR-395,3,Highway estatal,Rural,Colector Mayor,State Highway Agency,0,Sin jurisdiccion especial,51,36.44826944,-91.83524167,Arbol,El primer evento no fue una colision con un vehiculo automotor en transporte,Not an Intersection,No fue interseccion,Sobre el lado de la calle,Ninguna,Dia total,Nublado,No,NO APLICA,6,45,7,0,1,27/05/2022,1
5,Arkansas,50192,0,0,2,0,121,RANDOLPH (121),0,NO APLICA,6,Junio,1,2022,8,0,SR-90,3,Highway estatal,Rural,Colector Mayor,State Highway Agency,0,Sin jurisdiccion especial,95,36.35508333,-91.06623333,Vehiculo en movimiento,Frente a frente,Not an Intersection,No fue interseccion,Sobre calle,Ninguna,Dia total,Nublado,No,NO APLICA,8,13,8,22,1,01/06/2022,2
5,Arkansas,50193,0,0,1,0,59,HOT SPRING (59),0,NO APLICA,6,Junio,2,2022,6,50,US-67,2,US Highway,Rural,Colector Mayor,State Highway Agency,0,Sin jurisdiccion especial,83,34.43444444,-92.72436111,Puente de Ferrocarril,El primer evento no fue una colision con un vehiculo automotor en transporte,Not an Intersection,No fue interseccion,Sobre el lado de la calle,Ninguna,Dia total,Nublado,No,NO APLICA,6,55,7,8,1,02/06/2022,1
5,Arkansas,50194,0,0,2,0,143,WASHINGTON (143),3670,SPRINGDALE,6,Junio,2,2022,5,35,US-412,2,US Highway,Urbano,Arteria Principal,State Highway Agency,1,Sin jurisdiccion especial,87,36.175225,-94.18234444,Vehiculo en movimiento,Angulo,Not an Intersection,No fue interseccion,Sobre calle,Ninguna,Oscuro con iluminacion,Nublado,No,NO APLICA,5,38,5,42,1,02/06/2022,2
5,Arkansas,50195,1,1,1,0,69,JEFFERSON (69),3150,PINE BLUFF,5,Mayo,6,2022,21,24,US-63B,2,US Highway,Urbano,Colector Mayor,State Highway Agency,0,Sin jurisdiccion especial,44,34.17324722,-92.00659167,Peaton,El primer evento no fue una colision con un vehiculo automotor en transporte,Not an Intersection,No fue interseccion,Sobre calle,Ninguna,Oscuro con iluminacion,Despejado,No,NO APLICA,21,31,21,35,1,06/05/2022,1
5,Arkansas,50196,0,0,2,0,131,SEBASTIAN (131),745,CENTRAL CITY,5,Mayo,7,2022,16,28,SR-22,3,Highway estatal,Urbano,Arteria Menor,State Highway Agency,0,Sin jurisdiccion especial,128,35.31846944,-94.22093056,Vehiculo en movimiento,Frente a frente,Not an Intersection,No fue interseccion,Sobre calle,Ninguna,Dia total,Despejado,No,NO APLICA,16,28,16,43,4,07/05/2022,8
5,Arkansas,50197,0,0,2,0,51,GARLAND (51),0,NO APLICA,6,Junio,3,2022,15,11,US-270,2,US Highway,Rural,Arteria Principal,State Highway Agency,1,Sin jurisdiccion especial,2,34.52413056,-93.40110833,Vehiculo en movimiento,Frente a frente,Not an Intersection,No fue interseccion,Sobre calle,Ninguna,Dia total,Nublado,No,NO APLICA,15,19,15,44,1,03/06/2022,2
5,Arkansas,50198,0,0,1,0,145,WHITE (145),0,NO APLICA,5,Mayo,30,2022,18,30,CR-N VINITY RD,4,Calle del Condado,Rural,Local,County Highway Agency,0,Sin jurisdiccion especial,3,35.13284167,-91.76768333,Volcadura,El primer evento no fue una colision con un vehiculo automotor en transporte,Not an Intersection,No fue interseccion,Sobre calle,Ninguna,Dia total,Despejado,No,NO APLICA,18,50,19,16,1,30/05/2022,1
5,Arkansas,50199,1,1,1,0,119,PULASKI (119),2320,LITTLE ROCK,6,Junio,4,2022,0,44,CS-KANIS RD,6,Calle Local Municipalidad,Urbano,Arteria Menor,Town or Township Highway Agency,0,Sin jurisdiccion especial,0,34.74069722,-92.36310833,Peaton,El primer evento no fue una colision con un vehiculo automotor en transporte,Not an Intersection,No fue interseccion,Sobre calle,Ninguna,Oscuro con iluminacion,Despejado,No,NO APLICA,0,48,0,55,1,04/06/2022,1
5,Arkansas,50200,1,1,1,0,115,POPE (115),1130,DOVER,5,Mayo,10,2022,2,46,MARKET ST,6,Calle Local Municipalidad,Rural,Arteria Menor,City or Municipal Highway Agency,0,Sin jurisdiccion especial,0,35.38775833,-93.11128056,Peaton,El primer evento no fue una colision con un vehiculo automotor en transporte,Not an Intersection,No fue interseccion,Sobre calle,Ninguna,Oscuro sin iluminacion,Despejado,No,NO APLICA,2,53,3,4,1,10/05/2022,1
5,Arkansas,50201,0,0,2,0,67,JACKSON (67),0,NO APLICA,5,Mayo,25,2022,15,26,SR-69,3,Highway estatal,Rural,Arteria Menor,State Highway Agency,0,Sin jurisdiccion especial,9,35.64604444,-91.30844722,Vehiculo en movimiento,Frente a frente,Not an Intersection,No fue interseccion,Sobre calle,Ninguna,Dia total,lluvia,No,NO APLICA,15,26,15,36,1,25/05/2022,2
5,Arkansas,50202,0,0,1,0,143,WASHINGTON (143),0,NO APLICA,5,Mayo,30,2022,17,50,CR-ELKRDG,4,Calle del Condado,Rural,Local,County Highway Agency,0,Sin jurisdiccion especial,12,36.01634167,-93.97758611,Alguien se cayo/avento del vehiculo,El primer evento no fue una colision con un vehiculo automotor en transporte,Not an Intersection,No fue interseccion,Sobre calle,Ninguna,Dia total,Despejado,No,NO APLICA,99,98,99,98,1,30/05/2022,2
5,Arkansas,50203,0,0,1,0,99,NEVADA (99),0,NO APLICA,5,Mayo,31,2022,12,35,US-371,2,US Highway,Rural,Arteria Menor,State Highway Agency,0,Sin jurisdiccion especial,145,33.62578056,-93.30035556,Volcadura,El primer evento no fue una colision con un vehiculo automotor en transporte,Not an Intersection,No fue interseccion,Sobre el lado de la calle,Ninguna,Dia total,Despejado,No,NO APLICA,12,40,13,10,1,31/05/2022,2
5,Arkansas,50204,0,0,2,0,7,BENTON (7),0,NO APLICA,5,Mayo,29,2022,16,43,SR-43,3,Highway estatal,Rural,Colector Mayor,State Highway Agency,0,Sin jurisdiccion especial,39,36.38468333,-94.57908611,Vehiculo en movimiento,Angulo,T-Intersection,Interseccion de T,Sobre calle,Ninguna,Dia total,Despejado,No,NO APLICA,16,43,16,59,1,29/05/2022,3
5,Arkansas,50205,0,0,2,0,145,WHITE (145),3530,SEARCY,5,Mayo,31,2022,16,26,SR-367,3,Highway estatal,Urbano,Arteria Menor,State Highway Agency,0,Sin jurisdiccion especial,5,35.22398611,-91.722975,Vehiculo en movimiento,Golpe Lateral - direccion contraria,Not an Intersection,No fue interseccion,Sobre calle,Ninguna,Dia total,Despejado,No,NO APLICA,16,29,16,33,1,31/05/2022,2
5,Arkansas,50206,0,0,1,0,63,INDEPENDENCE (63),0,NO APLICA,6,Junio,3,2022,21,25,SR-25,3,Highway estatal,Rural,Arteria Menor,State Highway Agency,0,Sin jurisdiccion especial,73,35.74143611,-91.69561111,Arbol,El primer evento no fue una colision con un vehiculo automotor en transporte,Not an Intersection,No fue interseccion,Sobre el lado de la calle,Ninguna,Oscuro sin iluminacion,Despejado,No,NO APLICA,21,31,21,39,1,03/06/2022,1
5,Arkansas,50207,0,0,1,0,59,HOT SPRING (59),0,NO APLICA,6,Junio,8,2022,12,25,I-30,1,Interestatal,Rural,Interestatal,State Highway Agency,1,Sin jurisdiccion especial,593,34.24674444,-92.99653889,Arbol,El primer evento no fue una colision con un vehiculo automotor en transporte,Not an Intersection,No fue interseccion,Sobre el lado de la calle,Ninguna,Dia total,lluvia,No,NO APLICA,99,99,99,99,1,08/06/2022,1
5,Arkansas,50208,1,1,1,0,119,PULASKI (119),2320,LITTLE ROCK,5,Mayo,29,2022,22,15,I 30 FRONTAGE RD,8,Otro,Urbano,Local,State Highway Agency,0,Sin jurisdiccion especial,2,34.67816944,-92.35229722,Peaton,El primer evento no fue una colision con un vehiculo automotor en transporte,Not an Intersection,No fue interseccion,Sobre calle,Ninguna,Oscuro sin iluminacion,Despejado,No,NO APLICA,22,15,22,20,1,29/05/2022,1
5,Arkansas,50209,0,0,2,0,17,CHICOT (17),0,NO APLICA,6,Junio,6,2022,14,45,US-65,2,US Highway,Rural,Arteria Principal,State Highway Agency,1,Sin jurisdiccion especial,23,33.53236389,-91.37499722,Vehiculo en movimiento,Angulo,Four-Way Intersection,Interseccion de 4 direcciones,Sobre calle,Ninguna,Dia total,Nublado,Yes,NO APLICA,14,45,14,57,5,06/06/2022,10
5,Arkansas,50210,0,0,1,0,7,BENTON (7),0,NO APLICA,5,Mayo,31,2022,21,0,CS-E BROWN RD,6,Calle Local Municipalidad,Urbano,Colector Mayor,Town or Township Highway Agency,0,Sin jurisdiccion especial,23,36.24051667,-94.17588889,Alguien se cayo/avento del vehiculo,El primer evento no fue una colision con un vehiculo automotor en transporte,Not an Intersection,No fue interseccion,Sobre Acotamiento,Ninguna,Oscuro sin iluminacion,Despejado,No,NO APLICA,21,14,21,22,1,31/05/2022,1
5,Arkansas,50211,0,0,1,0,19,CLARK (19),0,NO APLICA,5,Mayo,31,2022,10,0,SR-7,3,Highway estatal,Rural,Arteria Menor,State Highway Agency,0,Sin jurisdiccion especial,76,34.07373056,-92.99226944,Arbol,El primer evento no fue una colision con un vehiculo automotor en transporte,Not an Intersection,No fue interseccion,Sobre el lado de la calle,Ninguna,Dia total,Despejado,No,NO APLICA,10,10,10,17,1,31/05/2022,1
5,Arkansas,50212,0,0,2,0,105,PERRY (105),0,NO APLICA,5,Mayo,10,2022,7,20,SR-60,3,Highway estatal,Rural,Colector Menor,State Highway Agency,0,Sin jurisdiccion especial,51,35.07236944,-92.78358333,Vehiculo en movimiento,Frente a frente,Not an Intersection,No fue interseccion,Sobre calle,Ninguna,Dia total,Despejado,No,NO APLICA,88,88,88,88,1,10/05/2022,3
5,Arkansas,50213,0,0,20,0,59,HOT SPRING (59),0,NO APLICA,6,Junio,8,2022,12,31,I-30,1,Interestatal,Rural,Interestatal,State Highway Agency,1,Sin jurisdiccion especial,853,34.26594722,-92.97626111,Vehiculo en movimiento,Frente a Detrás,Not an Intersection,No fue interseccion,Sobre calle,Ninguna,Dia total,lluvia,No,NO APLICA,12,31,12,59,3,08/06/2022,28
5,Arkansas,50214,0,0,1,0,145,WHITE (145),0,NO APLICA,6,Junio,7,2022,15,29,CR-STANLEY RD,4,Calle del Condado,Rural,Colector Menor,County Highway Agency,0,Sin jurisdiccion especial,8,35.36620278,-91.62231111,Zanja,El primer evento no fue una colision con un vehiculo automotor en transporte,Not an Intersection,No fue interseccion,Sobre el lado de la calle,Ninguna,Dia total,lluvia,No,NO APLICA,15,34,15,43,1,07/06/2022,1
5,Arkansas,50215,0,0,5,0,31,CRAIGHEAD (31),0,NO APLICA,6,Junio,14,2022,7,23,CS-KATHLEEN ST,6,Calle Local Municipalidad,Rural,Colector Menor,City or Municipal Highway Agency,0,Sin jurisdiccion especial,23,35.84975833,-90.62206944,Vehiculo en movimiento,Angulo,Four-Way Intersection,Interseccion de 4 direcciones,Sobre calle,Ninguna,Dia total,Despejado,No,NO APLICA,7,30,7,36,1,14/06/2022,5
5,Arkansas,50216,0,0,1,0,53,GRANT (53),0,NO APLICA,6,Junio,12,2022,0,35,SR-46,3,Highway estatal,Rural,Colector Mayor,State Highway Agency,0,Sin jurisdiccion especial,72,34.20401944,-92.55363056,Volcadura,El primer evento no fue una colision con un vehiculo automotor en transporte,Not an Intersection,No fue interseccion,Sobre calle,Ninguna,Oscuro sin iluminacion,Nublado,No,NO APLICA,0,36,0,52,1,12/06/2022,1
5,Arkansas,50217,0,0,1,0,65,IZARD (65),2980,OXFORD,6,Junio,5,2022,13,20,SR-9,3,Highway estatal,Rural,Arteria Menor,State Highway Agency,0,Sin jurisdiccion especial,98,36.18780278,-91.92718889,Volcadura,El primer evento no fue una colision con un vehiculo automotor en transporte,Not an Intersection,No fue interseccion,Sobre el lado de la calle,Ninguna,Dia total,Despejado,No,NO APLICA,13,24,13,36,1,05/06/2022,1
5,Arkansas,50218,0,0,1,0,145,WHITE (145),0,NO APLICA,6,Junio,10,2022,6,14,SR-310,3,Highway estatal,Rural,Colector Mayor,State Highway Agency,0,Sin jurisdiccion especial,42,35.35540556,-91.85635556,Poste de Señal de trafico,El primer evento no fue una colision con un vehiculo automotor en transporte,Not an Intersection,No fue interseccion,Sobre el lado de la calle,Ninguna,Oscuro sin iluminacion,Despejado,No,NO APLICA,6,21,6,39,1,10/06/2022,1
5,Arkansas,50219,0,0,1,0,1,ARKANSAS (1),0,NO APLICA,6,Junio,17,2022,16,52,US-63,2,US Highway,Rural,Arteria Menor,State Highway Agency,0,Sin jurisdiccion especial,1,34.56467778,-91.55640556,Volcadura,El primer evento no fue una colision con un vehiculo automotor en transporte,Not an Intersection,No fue interseccion,Sobre el lado de la calle,Ninguna,Dia total,Despejado,No,NO APLICA,16,56,17,2,1,17/06/2022,1
5,Arkansas,50220,0,0,2,0,49,FULTON (49),3500,SALEM,6,Junio,17,2022,16,15,SR-9,3,Highway estatal,Urbano,Arteria Menor,State Highway Agency,0,Sin jurisdiccion especial,9,36.37948611,-91.81880833,Vehiculo en movimiento,Frente a frente,Not an Intersection,No fue interseccion,Sobre calle,Ninguna,Dia total,Despejado,No,NO APLICA,16,15,16,29,1,17/06/2022,3
5,Arkansas,50221,0,0,1,0,119,PULASKI (119),2880,NORTH LITTLE ROCK,6,Junio,16,2022,9,55,I-40,1,Interestatal,Rural,Interestatal,State Highway Agency,1,Sin jurisdiccion especial,1588,34.78102778,-92.16170833,Soporte de Puente,El primer evento no fue una colision con un vehiculo automotor en transporte,Not an Intersection,No fue interseccion,Sobre el lado de la calle,Ninguna,Dia total,Despejado,No,NO APLICA,10,1,10,8,2,16/06/2022,2
5,Arkansas,50223,0,0,1,0,91,MILLER (91),3810,TEXARKANA,6,Junio,21,2022,21,50,I-30,1,Interestatal,Urbano,Interestatal,State Highway Agency,1,Sin jurisdiccion especial,54,33.49876111,-93.95976944,Arbusto,El primer evento no fue una colision con un vehiculo automotor en transporte,Not an Intersection,No fue interseccion,Sobre el lado de la calle,Ninguna,Oscuro sin iluminacion,Despejado,No,NO APLICA,21,50,21,59,1,21/06/2022,2
5,Arkansas,50224,0,0,2,0,93,MISSISSIPPI (93),1267,ETOWAH,6,Junio,9,2022,18,52,SR-140,3,Highway estatal,Rural,Arteria Menor,State Highway Agency,0,Sin jurisdiccion especial,39,35.69933333,-90.24052222,Volcadura,El primer evento no fue una colision con un vehiculo automotor en transporte,T-Intersection,Interseccion de T,Sobre calle,Ninguna,Dia total,Despejado,No,NO APLICA,18,54,19,11,1,09/06/2022,2
5,Arkansas,50225,1,1,1,0,29,CONWAY (29),0,NO APLICA,5,Mayo,17,2022,0,10,SR-9,3,Highway estatal,Rural,Arteria Menor,State Highway Agency,0,Sin jurisdiccion especial,38,35.1228,-92.76079722,Ciclista,El primer evento no fue una colision con un vehiculo automotor en transporte,Not an Intersection,No fue interseccion,Sobre Acotamiento,Ninguna,Oscuro sin iluminacion,Despejado,No,NO APLICA,99,99,99,99,1,17/05/2022,1
5,Arkansas,50226,0,0,1,0,63,INDEPENDENCE (63),0,NO APLICA,6,Junio,25,2022,23,41,CR-ANTIOCH RD,4,Calle del Condado,Rural,Colector Menor,County Highway Agency,0,Sin jurisdiccion especial,14,35.871325,-91.52553333,Volcadura,El primer evento no fue una colision con un vehiculo automotor en transporte,Not an Intersection,No fue interseccion,Sobre el lado de la calle,Ninguna,Oscuro sin iluminacion,Despejado,No,NO APLICA,23,43,23,56,1,25/06/2022,1
5,Arkansas,50227,0,0,2,0,25,CLEVELAND (25),0,NO APLICA,6,Junio,23,2022,4,44,US-167,2,US Highway,Rural,Arteria Principal,State Highway Agency,1,Sin jurisdiccion especial,1,33.93454444,-92.41631667,Vehiculo en movimiento,Frente a frente,Not an Intersection,No fue interseccion,Sobre calle,Ninguna,Oscuro sin iluminacion,Despejado,No,NO APLICA,5,11,5,30,1,23/06/2022,5
5,Arkansas,50228,0,0,1,0,45,FAULKNER (45),0,NO APLICA,6,Junio,22,2022,21,20,SR-25,3,Highway estatal,Rural,Arteria Menor,State Highway Agency,0,Sin jurisdiccion especial,84,35.32454722,-92.28249444,Culvert,El primer evento no fue una colision con un vehiculo automotor en transporte,Not an Intersection,No fue interseccion,Sobre el lado de la calle,Ninguna,Oscuro sin iluminacion,Despejado,No,NO APLICA,21,28,21,40,1,22/06/2022,1
5,Arkansas,50229,0,0,1,0,125,SALINE (125),0,NO APLICA,6,Junio,18,2022,22,30,SR-229,3,Highway estatal,Urbano,Arteria Menor,State Highway Agency,0,Sin jurisdiccion especial,19,34.56245556,-92.61486944,Fin de valla,El primer evento no fue una colision con un vehiculo automotor en transporte,Not an Intersection,No fue interseccion,Sobre el lado de la calle,Ninguna,Oscuro sin iluminacion,Despejado,No,NO APLICA,99,98,99,98,1,18/06/2022,1
5,Arkansas,50230,0,0,2,0,53,GRANT (53),3550,SHERIDAN,5,Mayo,20,2022,14,38,US-270,2,US Highway,Urbano,Arteria Principal,State Highway Agency,1,Sin jurisdiccion especial,151,34.31191389,-92.41775,Vehiculo en movimiento,Angulo,Not an Intersection,No fue interseccion,Sobre calle,Ninguna,Dia total,Despejado,No,NO APLICA,14,44,14,53,1,20/05/2022,2
5,Arkansas,50231,0,0,2,0,127,SCOTT (127),0,NO APLICA,5,Mayo,26,2022,15,35,US-71,2,US Highway,Rural,Arteria Principal,State Highway Agency,1,Sin jurisdiccion especial,306,35.00148333,-94.118725,Vehiculo en movimiento,Frente a frente,Not an Intersection,No fue interseccion,Sobre calle,Ninguna,Dia total,Despejado,No,NO APLICA,15,36,15,55,1,26/05/2022,3
5,Arkansas,50232,0,0,1,0,141,VAN BUREN (141),0,NO APLICA,5,Mayo,23,2022,0,42,SR-330,3,Highway estatal,Rural,Colector Mayor,State Highway Agency,0,Sin jurisdiccion especial,1,35.52770556,-92.44068333,Culvert,El primer evento no fue una colision con un vehiculo automotor en transporte,Four-Way Intersection,Interseccion de 4 direcciones,Sobre el lado de la calle,Ninguna,Oscuro con iluminacion,Despejado,No,NO APLICA,99,99,99,99,1,23/05/2022,1
5,Arkansas,50233,1,1,1,0,119,PULASKI (119),2320,LITTLE ROCK,6,Junio,14,2022,1,17,CS-AIRPORT RD,6,Calle Local Municipalidad,Urbano,Arteria Menor,City or Municipal Highway Agency,0,Sin jurisdiccion especial,7,34.72188889,-92.222125,Peaton,El primer evento no fue una colision con un vehiculo automotor en transporte,Not an Intersection,No fue interseccion,Sobre calle,Ninguna,Oscuro con iluminacion,Despejado,No,NO APLICA,1,53,2,0,1,14/06/2022,1
5,Arkansas,50234,1,1,1,0,69,JEFFERSON (69),3150,PINE BLUFF,6,Junio,27,2022,19,32,SR-365,3,Highway estatal,Urbano,Arteria Menor,State Highway Agency,0,Sin jurisdiccion especial,190,34.24623889,-92.06511389,Ciclista,El primer evento no fue una colision con un vehiculo automotor en transporte,Not an Intersection,No fue interseccion,Sobre calle,Ninguna,Dia total,Despejado,No,NO APLICA,19,32,19,38,1,27/06/2022,1
5,Arkansas,50235,0,0,2,0,119,PULASKI (119),2320,LITTLE ROCK,6,Junio,17,2022,21,12,CS-S RODNEY PARHAM RD,6,Calle Local Municipalidad,Urbano,Arteria Menor,Town or Township Highway Agency,0,Sin jurisdiccion especial,0,34.74188333,-92.35647222,Vehiculo en movimiento,Golpe Lateral - misma direccion,Not an Intersection,No fue interseccion,Sobre calle,Ninguna,Oscuro sin iluminacion,Despejado,No,NO APLICA,21,14,21,25,2,17/06/2022,3
5,Arkansas,50236,1,1,1,0,27,COLUMBIA (27),2490,MAGNOLIA,6,Junio,24,2022,23,40,US-82,2,US Highway,Urbano,Arteria Principal,State Highway Agency,1,Sin jurisdiccion especial,4,33.29033889,-93.21381111,Peaton,El primer evento no fue una colision con un vehiculo automotor en transporte,Not an Intersection,No fue interseccion,Sobre calle,Ninguna,Oscuro sin iluminacion,Despejado,No,NO APLICA,23,43,23,47,1,24/06/2022,1
5,Arkansas,50237,0,0,1,0,111,POINSETT (111),0,NO APLICA,6,Junio,24,2022,8,48,SR-1,3,Highway estatal,Rural,Arteria Principal,State Highway Agency,1,Sin jurisdiccion especial,70,35.66281944,-90.70643889,Volcadura,El primer evento no fue una colision con un vehiculo automotor en transporte,Not an Intersection,No fue interseccion,Fuera de la calle,Ninguna,Dia total,Despejado,No,NO APLICA,8,55,9,13,1,24/06/2022,2
5,Arkansas,50238,0,0,1,0,119,PULASKI (119),0,NO APLICA,6,Junio,24,2022,21,20,I-40,1,Interestatal,Urbano,Interestatal,State Highway Agency,1,Sin jurisdiccion especial,1389,34.84896111,-92.34975,Zanja,El primer evento no fue una colision con un vehiculo automotor en transporte,Not an Intersection,No fue interseccion,En el medio,Ninguna,Oscuro sin iluminacion,Despejado,No,NO APLICA,88,88,88,88,1,24/06/2022,1
5,Arkansas,50239,0,0,1,0,141,VAN BUREN (141),0,NO APLICA,6,Junio,3,2022,17,53,SR-9,3,Highway estatal,Rural,Arteria Menor,State Highway Agency,0,Sin jurisdiccion especial,3,35.46045278,-92.51142778,Culvert,El primer evento no fue una colision con un vehiculo automotor en transporte,Not an Intersection,No fue interseccion,Sobre el lado de la calle,Ninguna,Dia total,Despejado,No,NO APLICA,17,53,18,6,1,03/06/2022,1
5,Arkansas,50240,0,0,2,0,7,BENTON (7),3610,SILOAM SPRINGS,6,Junio,6,2022,13,12,US-412,2,US Highway,Urbano,Arteria Principal,State Highway Agency,1,Sin jurisdiccion especial,36,36.18099722,-94.50793056,Vehiculo en movimiento,Angulo,Not an Intersection,No fue interseccion,Sobre calle,Ninguna,Dia total,Despejado,No,NO APLICA,13,14,13,18,1,06/06/2022,3
5,Arkansas,50241,1,1,1,0,93,MISSISSIPPI (93),2970,OSCEOLA,6,Junio,12,2022,14,7,CS-EVERGREEN,6,Calle Local Municipalidad,Urbano,Local,City or Municipal Highway Agency,0,Sin jurisdiccion especial,0,35.93301667,-89.88488333,Peaton,El primer evento no fue una colision con un vehiculo automotor en transporte,Not an Intersection,No fue interseccion,Sobre calle,Ninguna,Dia total,Despejado,No,NO APLICA,88,88,88,88,1,12/06/2022,1
5,Arkansas,50242,0,0,1,0,143,WASHINGTON (143),3250,PRAIRIE GROVE,6,Junio,7,2022,15,50,US-62B,2,US Highway,Urbano,Arteria Menor,State Highway Agency,0,Sin jurisdiccion especial,4,35.96758889,-94.34211389,Buzon de correo,El primer evento no fue una colision con un vehiculo automotor en transporte,Not an Intersection,No fue interseccion,Sobre el lado de la calle,Ninguna,Dia total,Despejado,No,NO APLICA,16,3,16,5,1,07/06/2022,1
5,Arkansas,50243,0,0,3,0,35,CRITTENDEN (35),0,NO APLICA,7,Julio,1,2022,13,43,I-55,1,Interestatal,Rural,Interestatal,State Highway Agency,1,Sin jurisdiccion especial,702,35.14188333,-90.10959722,Vehiculo en movimiento,Frente a Detrás,Not an Intersection,No fue interseccion,Sobre calle,Ninguna,Dia total,Despejado,No,NO APLICA,13,50,14,22,1,01/07/2022,4
5,Arkansas,50244,0,0,1,0,119,PULASKI (119),2320,LITTLE ROCK,6,Junio,28,2022,9,50,I-30,1,Interestatal,Urbano,Interestatal,State Highway Agency,1,Sin jurisdiccion especial,1321,34.67896111,-92.35475,Barrera de Trafico de Concreto,El primer evento no fue una colision con un vehiculo automotor en transporte,Not an Intersection,No fue interseccion,Sobre el lado de la calle,Ninguna,Dia total,Despejado,No,NO APLICA,9,51,9,55,1,28/06/2022,1
5,Arkansas,50245,0,0,2,0,45,FAULKNER (45),860,CONWAY,7,Julio,4,2022,12,37,CS-HOGAN LN,6,Calle Local Municipalidad,Urbano,Arteria Menor,City or Municipal Highway Agency,0,Sin jurisdiccion especial,17,35.10138889,-92.49754722,Vehiculo en movimiento,Frente a Detrás,Not an Intersection,No fue interseccion,Sobre calle,Ninguna,Dia total,Despejado,No,NO APLICA,12,39,12,51,1,04/07/2022,5
5,Arkansas,50246,0,0,2,0,119,PULASKI (119),2320,LITTLE ROCK,7,Julio,7,2022,16,0,US-70,2,US Highway,Urbano,Arteria Principal,State Highway Agency,1,Sin jurisdiccion especial,0,34.71075,-92.34353333,Vehiculo en movimiento,Angulo,Four-Way Intersection,Interseccion de 4 direcciones,Sobre calle,Ninguna,Dia total,Despejado,No,NO APLICA,16,0,16,0,1,07/07/2022,2
5,Arkansas,50247,0,0,1,0,119,PULASKI (119),0,NO APLICA,6,Junio,29,2022,6,41,I-440,1,Interestatal,Urbano,Interestatal,State Highway Agency,1,Sin jurisdiccion especial,27,34.71674722,-92.234875,Barrera de Trafico de Concreto,El primer evento no fue una colision con un vehiculo automotor en transporte,Not an Intersection,No fue interseccion,Sobre el lado de la calle,Ninguna,Dia total,Despejado,No,NO APLICA,6,45,6,52,1,29/06/2022,1