Estado,Nombre de Estado,Numero de Caso,Peatones,Personas _no_vehiculos,Vehiculos automotores,Vehiculos estacionados,Condado,Nombre Condado,Ciudad,Nombre Ciudad,Mes,Nombre Mes,Dia,Año,Hora,Minuto,Calle,Ruta,Nombre Ruta,Rural o Urbanoo,Sistema Funcional,Dueño Calle,Sistema Nacional Carreteras,Jurisdiccion Especial,Milla,Latitud,Longitud,Causa del Accidente,Tipo de Accidente,Tipo Interseccion,Columna1,Lugar en la calle,Zona de Trabajo,Luz,Clima,Autobus Escolar,Cruce de Trenes,Hora Notificacion,Minuto Notificacion,Hora Llegada,Minuto Llegada,Decesos,Fecha,PersonaVehiculo
5,Arkansas,50248,0,0,2,0,9,BOONE (9),0,NO APLICA,7,Julio,4,2022,17,45,US-62,2,US Highway,Rural,Arteria Principal,State Highway Agency,1,Sin jurisdiccion especial,34,36.29318056,-93.26662778,Vehiculo en movimiento,Angulo,Four-Way Intersection,Interseccion de 4 direcciones,Sobre calle,Ninguna,Dia total,Despejado,No,NO APLICA,17,52,18,4,1,04/07/2022,3
5,Arkansas,50249,0,0,2,0,29,CONWAY (29),0,NO APLICA,5,Mayo,17,2022,10,35,SR-9,3,Highway estatal,Rural,Arteria Menor,State Highway Agency,0,Sin jurisdiccion especial,271,35.42944167,-92.54096944,Vehiculo en movimiento,Frente a frente,T-Intersection,Interseccion de T,Sobre calle,Ninguna,Dia total,Despejado,No,NO APLICA,10,40,11,3,1,17/05/2022,3
5,Arkansas,50250,1,1,1,0,93,MISSISSIPPI (93),0,NO APLICA,5,Mayo,18,2022,21,30,SR-18,3,Highway estatal,Rural,Arteria Principal,State Highway Agency,1,Sin jurisdiccion especial,49,35.87788889,-90.17735833,Peaton,El primer evento no fue una colision con un vehiculo automotor en transporte,Not an Intersection,No fue interseccion,Sobre calle,Ninguna,Oscuro sin iluminacion,Despejado,No,NO APLICA,21,30,21,41,1,18/05/2022,1
5,Arkansas,50251,0,0,2,0,127,SCOTT (127),0,NO APLICA,6,Junio,15,2022,14,34,US-71,2,US Highway,Rural,Arteria Principal,State Highway Agency,1,Sin jurisdiccion especial,213,34.88532222,-94.10683611,Vehiculo en movimiento,Golpe Lateral - direccion contraria,Not an Intersection,No fue interseccion,Sobre calle,Ninguna,Dia total,Despejado,No,NO APLICA,14,34,14,35,1,15/06/2022,2
5,Arkansas,50252,0,0,2,0,13,CALHOUN (13),0,NO APLICA,7,Julio,1,2022,23,40,US-167,2,US Highway,Rural,Arteria Principal,State Highway Agency,1,Sin jurisdiccion especial,76,33.44348611,-92.47583611,Vehiculo en movimiento,Angulo,Not an Intersection,No fue interseccion,Sobre calle,Ninguna,Oscuro sin iluminacion,Despejado,No,NO APLICA,23,46,23,54,1,01/07/2022,3
5,Arkansas,50253,1,1,1,0,119,PULASKI (119),2036,JACKSONVILLE,7,Julio,5,2022,22,10,US-67,2,US Highway,Urbano,Arterial Principal -Freeway o ExpressWay,State Highway Agency,1,Sin jurisdiccion especial,65,34.86426667,-92.12909722,Peaton,El primer evento no fue una colision con un vehiculo automotor en transporte,Not an Intersection,No fue interseccion,Sobre calle,Ninguna,Oscuro sin iluminacion,Despejado,No,NO APLICA,22,18,22,25,1,05/07/2022,1
5,Arkansas,50254,0,0,1,0,119,PULASKI (119),0,NO APLICA,7,Julio,7,2022,21,15,SR-67,3,Highway estatal,Urbano,Arterial Principal -Freeway o ExpressWay,State Highway Agency,1,Sin jurisdiccion especial,0,34.84681389,-92.14959444,Arbol,El primer evento no fue una colision con un vehiculo automotor en transporte,Not an Intersection,No fue interseccion,Sobre el lado de la calle,Ninguna,Oscuro sin iluminacion,Despejado,No,NO APLICA,88,88,88,88,1,07/07/2022,1
5,Arkansas,50255,0,0,2,0,93,MISSISSIPPI (93),0,NO APLICA,7,Julio,6,2022,15,33,I-55,1,Interestatal,Rural,Interestatal,State Highway Agency,1,Sin jurisdiccion especial,563,35.79841667,-89.98176389,Vehiculo en movimiento,Frente a Detrás,Not an Intersection,No fue interseccion,Sobre calle,"Zona de trabajo, tipo desconocido",Dia total,Despejado,No,NO APLICA,15,38,15,51,1,06/07/2022,2
5,Arkansas,50256,0,0,2,0,35,CRITTENDEN (35),3890,TURRELL,7,Julio,5,2022,22,23,I-55,1,Interestatal,Rural,Interestatal,State Highway Agency,1,Sin jurisdiccion especial,247,35.40133611,-90.255175,Vehiculo en movimiento,Frente a Detrás,Not an Intersection,No fue interseccion,Sobre calle,Ninguna,Oscuro sin iluminacion,Despejado,No,NO APLICA,99,99,99,99,1,05/07/2022,3
5,Arkansas,50257,0,0,3,0,93,MISSISSIPPI (93),0,NO APLICA,6,Junio,30,2022,19,48,I-55,1,Interestatal,Rural,Interestatal,State Highway Agency,1,Sin jurisdiccion especial,443,35.43881667,-90.22311944,Barrera de Cable,El primer evento no fue una colision con un vehiculo automotor en transporte,Not an Intersection,No fue interseccion,En el medio,Ninguna,Dia total,Despejado,No,NO APLICA,19,54,20,23,1,30/06/2022,4
5,Arkansas,50258,0,0,3,0,31,CRAIGHEAD (31),2070,JONESBORO,7,Julio,6,2022,11,53,US-49,2,US Highway,Urbano,Arteria Principal,State Highway Agency,1,Sin jurisdiccion especial,84,35.86416389,-90.62442778,Vehiculo en movimiento,Angulo,T-Intersection,Interseccion de T,Sobre calle,Ninguna,Dia total,Despejado,No,NO APLICA,12,1,12,13,2,06/07/2022,3
5,Arkansas,50259,0,0,1,0,65,IZARD (65),0,NO APLICA,6,Junio,29,2022,18,12,CR-WIDEMAN RD,9,Desconocido,Rural,Colector Menor,County Highway Agency,0,Sin jurisdiccion especial,0,36.16249167,-92.03675278,Volcadura,El primer evento no fue una colision con un vehiculo automotor en transporte,Not an Intersection,No fue interseccion,Sobre calle,Ninguna,Dia total,Despejado,No,NO APLICA,19,7,19,22,1,29/06/2022,2
5,Arkansas,50260,0,0,2,0,55,GREENE (55),3030,PARAGOULD,7,Julio,7,2022,8,59,SR-412,3,Highway estatal,Urbano,Arteria Principal,State Highway Agency,1,Sin jurisdiccion especial,17,36.02248611,-90.55585278,Vehiculo en movimiento,Golpe Lateral - direccion contraria,Not an Intersection,No fue interseccion,Sobre calle,Ninguna,Dia total,Despejado,No,NO APLICA,8,59,9,5,1,07/07/2022,2
5,Arkansas,50261,0,0,2,0,3,ASHLEY (3),0,NO APLICA,7,Julio,9,2022,15,50,US-82,2,US Highway,Rural,Arteria Principal,State Highway Agency,1,Sin jurisdiccion especial,64,33.27225278,-91.69990278,Vehiculo en movimiento,Angulo,T-Intersection,Interseccion de T,Sobre calle,Ninguna,Dia total,Despejado,No,NO APLICA,15,56,16,2,1,09/07/2022,2
5,Arkansas,50262,0,0,1,0,101,NEWTON (101),0,NO APLICA,7,Julio,9,2022,13,24,SR-74,3,Highway estatal,Rural,Colector Mayor,State Highway Agency,0,Sin jurisdiccion especial,14,36.02986389,-93.34216667,Volcadura,El primer evento no fue una colision con un vehiculo automotor en transporte,Not an Intersection,No fue interseccion,Sobre calle,Ninguna,Dia total,Nublado,No,NO APLICA,13,24,14,7,1,09/07/2022,1
5,Arkansas,50263,0,0,1,0,19,CLARK (19),0,NO APLICA,7,Julio,12,2022,8,15,I-30,1,Interestatal,Rural,Interestatal,State Highway Agency,1,Sin jurisdiccion especial,798,34.20649167,-93.04166944,Jackknife (harmful to this vehicle),El primer evento no fue una colision con un vehiculo automotor en transporte,Not an Intersection,No fue interseccion,Sobre calle,Ninguna,Dia total,Despejado,No,NO APLICA,8,15,8,30,1,12/07/2022,2
5,Arkansas,50264,0,0,1,0,119,PULASKI (119),2880,NORTH LITTLE ROCK,6,Junio,30,2022,5,10,I-440,1,Interestatal,Urbano,Interestatal,State Highway Agency,1,Sin jurisdiccion especial,100,34.77555556,-92.16160556,Valla para choques,El primer evento no fue una colision con un vehiculo automotor en transporte,Not an Intersection,No fue interseccion,Gore?,Ninguna,Oscuro sin iluminacion,Despejado,No,NO APLICA,5,15,5,24,1,30/06/2022,1
5,Arkansas,50265,0,0,2,0,91,MILLER (91),0,NO APLICA,7,Julio,7,2022,23,10,SR-196,3,Highway estatal,Rural,No reportado,State Highway Agency,0,Sin jurisdiccion especial,64,33.38875556,-93.93056111,Vehiculo en movimiento,Angulo,Not an Intersection,No fue interseccion,Sobre calle,Ninguna,Oscuro sin iluminacion,Despejado,No,NO APLICA,23,16,23,19,1,07/07/2022,2
5,Arkansas,50266,1,1,1,0,119,PULASKI (119),2320,LITTLE ROCK,7,Julio,14,2022,1,47,CS-W 12TH ST,6,Calle Local Municipalidad,Urbano,Arteria Menor,Town or Township Highway Agency,0,Sin jurisdiccion especial,21,34.74094722,-92.32943333,Peaton,El primer evento no fue una colision con un vehiculo automotor en transporte,Not an Intersection,No fue interseccion,Sobre calle,Ninguna,Oscuro sin iluminacion,Despejado,No,NO APLICA,99,98,99,98,1,14/07/2022,1
5,Arkansas,50267,0,0,2,1,59,HOT SPRING (59),0,NO APLICA,7,Julio,17,2022,3,30,I-30,1,Interestatal,Rural,Interestatal,State Highway Agency,1,Sin jurisdiccion especial,1026,34.44436389,-92.77155833,Vehiculo Aparcado,El primer evento no fue una colision con un vehiculo automotor en transporte,Not an Intersection,No fue interseccion,Sobre Acotamiento,Ninguna,Oscuro sin iluminacion,Despejado,No,NO APLICA,3,53,4,4,1,17/07/2022,1
5,Arkansas,50268,0,0,1,0,101,NEWTON (101),0,NO APLICA,7,Julio,14,2022,13,30,SR-43,3,Highway estatal,Rural,Colector Mayor,State Highway Agency,0,Sin jurisdiccion especial,122,36.09248333,-93.31312778,Valla Ferrocarril,El primer evento no fue una colision con un vehiculo automotor en transporte,Not an Intersection,No fue interseccion,Sobre el lado de la calle,Ninguna,Dia total,Nublado,No,NO APLICA,13,35,14,4,1,14/07/2022,1
5,Arkansas,50269,0,0,2,0,83,LOGAN (83),0,NO APLICA,6,Junio,21,2022,18,35,SR-10,3,Highway estatal,Rural,Arteria Menor,State Highway Agency,0,Sin jurisdiccion especial,7,35.16824167,-94.02004722,Vehiculo en movimiento,Golpe Lateral - misma direccion,T-Intersection,Interseccion de T,Sobre calle,Ninguna,Dia total,Despejado,No,NO APLICA,18,38,18,50,1,21/06/2022,3
5,Arkansas,50270,0,0,1,0,57,HEMPSTEAD (57),0,NO APLICA,7,Julio,19,2022,22,0,US-67,2,US Highway,Rural,Colector Mayor,State Highway Agency,0,Sin jurisdiccion especial,35,33.61811667,-93.75481944,Valla Ferrocarril,El primer evento no fue una colision con un vehiculo automotor en transporte,Not an Intersection,No fue interseccion,Sobre el lado de la calle,Ninguna,Oscuro sin iluminacion,Despejado,No,NO APLICA,99,99,99,99,1,19/07/2022,1
5,Arkansas,50271,0,0,1,0,99,NEVADA (99),0,NO APLICA,7,Julio,19,2022,6,0,I-30,1,Interestatal,Rural,Interestatal,State Highway Agency,1,Sin jurisdiccion especial,421,33.79263333,-93.44744167,Arbol,El primer evento no fue una colision con un vehiculo automotor en transporte,Not an Intersection,No fue interseccion,Sobre el lado de la calle,Ninguna,Oscuro con iluminacion,Despejado,No,NO APLICA,99,99,99,99,1,19/07/2022,2
5,Arkansas,50272,0,0,1,0,19,CLARK (19),0,NO APLICA,7,Julio,18,2022,17,30,CR-KANSAS RD,4,Calle del Condado,Rural,Colector Mayor,County Highway Agency,0,Sin jurisdiccion especial,18,33.89423611,-93.12633611,Arbol,El primer evento no fue una colision con un vehiculo automotor en transporte,Not an Intersection,No fue interseccion,Sobre el lado de la calle,Ninguna,Dia total,Despejado,No,NO APLICA,17,30,17,46,1,18/07/2022,1
5,Arkansas,50273,0,0,2,0,131,SEBASTIAN (131),1370,FORT SMITH,7,Julio,5,2022,12,51,CS-JENNYLIND RD,6,Calle Local Municipalidad,Urbano,Arteria Menor,City or Municipal Highway Agency,0,Sin jurisdiccion especial,5,35.36560556,-94.41280278,Vehiculo en movimiento,Angulo,Four-Way Intersection,Interseccion de 4 direcciones,Sobre calle,Ninguna,Dia total,Despejado,No,NO APLICA,12,59,13,20,1,05/07/2022,8
5,Arkansas,50274,0,0,1,0,149,YELL (149),0,NO APLICA,7,Julio,14,2022,19,41,CR-ARD RD,4,Calle del Condado,Rural,Colector Menor,County Highway Agency,0,Sin jurisdiccion especial,18,35.14488056,-93.19478056,Culvert,El primer evento no fue una colision con un vehiculo automotor en transporte,Not an Intersection,No fue interseccion,Sobre el lado de la calle,Ninguna,Dia total,Despejado,No,NO APLICA,19,42,20,1,2,14/07/2022,3
5,Arkansas,50275,0,0,1,0,15,CARROLL (15),0,NO APLICA,7,Julio,24,2022,20,20,SR-23,3,Highway estatal,Rural,Arteria Menor,State Highway Agency,0,Sin jurisdiccion especial,15,36.32092778,-93.7673,Volcadura,El primer evento no fue una colision con un vehiculo automotor en transporte,Not an Intersection,No fue interseccion,Sobre el lado de la calle,Ninguna,Atardecer,Despejado,No,NO APLICA,20,20,20,25,1,24/07/2022,1
5,Arkansas,50276,0,0,2,0,51,GARLAND (51),0,NO APLICA,7,Julio,27,2022,16,17,US-270,2,US Highway,Rural,Arteria Principal,State Highway Agency,1,Sin jurisdiccion especial,78,34.46313611,-92.93181944,Vehiculo en movimiento,Angulo,T-Intersection,Interseccion de T,Sobre calle,Ninguna,Dia total,lluvia,No,NO APLICA,16,18,16,31,1,27/07/2022,3
5,Arkansas,50277,1,1,1,0,119,PULASKI (119),2320,LITTLE ROCK,7,Julio,30,2022,0,15,I 30 FR,7,Calle Local,Urbano,Interestatal,State Highway Agency,1,Sin jurisdiccion especial,12,34.67419167,-92.37026667,Peaton,El primer evento no fue una colision con un vehiculo automotor en transporte,Not an Intersection,No fue interseccion,Sobre calle,Ninguna,Oscuro sin iluminacion,Despejado,No,NO APLICA,0,26,0,26,1,30/07/2022,2
5,Arkansas,50278,0,0,1,0,139,UNION (139),0,NO APLICA,7,Julio,28,2022,5,50,CS-OLIN AVE,6,Calle Local Municipalidad,Urbano,Local,Town or Township Highway Agency,0,Sin jurisdiccion especial,16,33.05515556,-92.17531667,Zanja,El primer evento no fue una colision con un vehiculo automotor en transporte,Not an Intersection,No fue interseccion,Sobre el lado de la calle,Ninguna,Amanecer,Despejado,No,NO APLICA,5,58,6,8,1,28/07/2022,1
5,Arkansas,50279,0,0,1,0,143,WASHINGTON (143),0,NO APLICA,7,Julio,26,2022,15,4,US-412,2,US Highway,Rural,Arteria Principal,State Highway Agency,1,Sin jurisdiccion especial,224,36.17706111,-93.95582222,Volcadura,El primer evento no fue una colision con un vehiculo automotor en transporte,Not an Intersection,No fue interseccion,En el medio,Ninguna,Dia total,Despejado,No,NO APLICA,15,4,15,17,1,26/07/2022,1
5,Arkansas,50280,0,0,1,0,17,CHICOT (17),0,NO APLICA,7,Julio,28,2022,14,55,SR-159,3,Highway estatal,Rural,Arteria Menor,State Highway Agency,0,Sin jurisdiccion especial,12,33.02047222,-91.30535278,Volcadura,El primer evento no fue una colision con un vehiculo automotor en transporte,Not an Intersection,No fue interseccion,Sobre el lado de la calle,Ninguna,Dia total,Nublado,No,NO APLICA,14,58,15,21,1,28/07/2022,1
5,Arkansas,50281,0,0,1,0,93,MISSISSIPPI (93),0,NO APLICA,7,Julio,26,2022,5,20,SR-140,3,Highway estatal,Rural,Arteria Menor,State Highway Agency,0,Sin jurisdiccion especial,26,35.68894444,-90.25701389,Volcadura,El primer evento no fue una colision con un vehiculo automotor en transporte,Not an Intersection,No fue interseccion,Sobre el lado de la calle,Ninguna,Amanecer,Despejado,No,NO APLICA,5,53,6,11,1,26/07/2022,1
5,Arkansas,50282,0,0,2,0,31,CRAIGHEAD (31),2070,JONESBORO,7,Julio,31,2022,22,22,SR-18,3,Highway estatal,Urbano,Arteria Principal,State Highway Agency,1,Sin jurisdiccion especial,93,35.82202222,-90.55961111,Vehiculo en movimiento,Angulo,Not an Intersection,No fue interseccion,Sobre calle,Ninguna,Oscuro sin iluminacion,Nublado,No,NO APLICA,22,28,22,35,1,31/07/2022,2
5,Arkansas,50283,0,0,1,0,143,WASHINGTON (143),1310,FAYETTEVILLE,7,Julio,4,2022,13,47,CS-CLIFFS,6,Calle Local Municipalidad,Urbano,Colector Mayor,City or Municipal Highway Agency,0,Sin jurisdiccion especial,0,36.06465556,-94.13536389,Volcadura,El primer evento no fue una colision con un vehiculo automotor en transporte,Not an Intersection,No fue interseccion,Sobre calle,Ninguna,Dia total,Despejado,No,NO APLICA,13,48,13,52,1,04/07/2022,1
5,Arkansas,50284,1,1,1,0,119,PULASKI (119),2320,LITTLE ROCK,7,Julio,1,2022,0,45,I 30 FR,7,Calle Local,Urbano,Interestatal,State Highway Agency,1,Sin jurisdiccion especial,25,34.65800556,-92.40659722,Peaton,El primer evento no fue una colision con un vehiculo automotor en transporte,Not an Intersection,No fue interseccion,Sobre calle,Ninguna,Oscuro sin iluminacion,Despejado,No,NO APLICA,0,57,1,15,1,01/07/2022,1
5,Arkansas,50285,1,1,1,0,51,GARLAND (51),1907,HOT SPRINGS,8,Agosto,2,2022,13,9,SR-7,3,Highway estatal,Urbano,Arteria Principal,State Highway Agency,0,Sin jurisdiccion especial,89,34.48423333,-93.05966667,Peaton,El primer evento no fue una colision con un vehiculo automotor en transporte,Not an Intersection,No fue interseccion,Sobre el lado de la calle,Ninguna,Dia total,Nublado,No,NO APLICA,13,9,13,14,1,02/08/2022,1
5,Arkansas,50286,0,0,3,0,119,PULASKI (119),0,NO APLICA,7,Julio,30,2022,2,23,US-67,2,US Highway,Rural,Arterial Principal -Freeway o ExpressWay,State Highway Agency,1,Sin jurisdiccion especial,65,34.84140278,-92.157475,Volcadura,El primer evento no fue una colision con un vehiculo automotor en transporte,Not an Intersection,No fue interseccion,Sobre calle,Ninguna,Oscuro sin iluminacion,Despejado,No,NO APLICA,2,41,2,45,1,30/07/2022,3
5,Arkansas,50287,0,0,1,0,119,PULASKI (119),2880,NORTH LITTLE ROCK,7,Julio,31,2022,2,33,I-30 RAMP,1,Interestatal,Urbano,Interestatal,State Highway Agency,1,Sin jurisdiccion especial,4,34.77720556,-92.25881389,Barrera de Trafico de Concreto,El primer evento no fue una colision con un vehiculo automotor en transporte,Not an Intersection,No fue interseccion,Sobre el lado de la calle,"Zona de trabajo, tipo desconocido",Oscuro sin iluminacion,lluvia,No,NO APLICA,2,35,2,43,1,31/07/2022,1
5,Arkansas,50288,0,0,1,0,145,WHITE (145),0,NO APLICA,7,Julio,23,2022,21,12,SR-36,3,Highway estatal,Rural,Colector Mayor,State Highway Agency,0,Sin jurisdiccion especial,94,35.27930833,-91.93745278,Poste de Señal de trafico,El primer evento no fue una colision con un vehiculo automotor en transporte,Not an Intersection,No fue interseccion,Sobre el lado de la calle,Ninguna,Oscuro sin iluminacion,Despejado,No,NO APLICA,21,19,21,33,1,23/07/2022,1
5,Arkansas,50289,1,1,2,0,119,PULASKI (119),2320,LITTLE ROCK,8,Agosto,1,2022,22,32,FINANCIAL CENTER,6,Calle Local Municipalidad,Urbano,No reportado,City or Municipal Highway Agency,0,Sin jurisdiccion especial,1,34.74683611,-92.40066389,Peaton,El primer evento no fue una colision con un vehiculo automotor en transporte,Four-Way Intersection,Interseccion de 4 direcciones,Sobre calle,Ninguna,Oscuro con iluminacion,Despejado,No,NO APLICA,22,34,22,39,1,01/08/2022,2
5,Arkansas,50290,0,0,1,0,119,PULASKI (119),2320,LITTLE ROCK,8,Agosto,5,2022,1,52,US-70,2,US Highway,Urbano,Arteria Principal,City or Municipal Highway Agency,1,Sin jurisdiccion especial,33,34.71770556,-92.34219167,Soporte de  señalamiento de transito,El primer evento no fue una colision con un vehiculo automotor en transporte,Four-Way Intersection,Interseccion de 4 direcciones,Sobre el lado de la calle,Ninguna,Oscuro con iluminacion,Despejado,No,NO APLICA,1,52,1,52,1,05/08/2022,1
5,Arkansas,50291,0,0,1,0,85,LONOKE (85),2350,LONOKE,8,Agosto,5,2022,12,25,SR-5,3,Highway estatal,Rural,Arteria Principal,State Highway Agency,0,Sin jurisdiccion especial,74,35.04418611,-92.08383056,Arbol,El primer evento no fue una colision con un vehiculo automotor en transporte,Not an Intersection,No fue interseccion,Sobre el lado de la calle,Ninguna,Dia total,Despejado,No,NO APLICA,12,28,12,43,1,05/08/2022,2
5,Arkansas,50292,0,0,1,0,49,FULTON (49),0,NO APLICA,7,Julio,27,2022,23,30,SR-289,3,Highway estatal,Rural,Colector Mayor,State Highway Agency,0,Sin jurisdiccion especial,40,36.31365278,-91.64140556,Acotamiento,El primer evento no fue una colision con un vehiculo automotor en transporte,Not an Intersection,No fue interseccion,Sobre el lado de la calle,"Zona de trabajo, tipo desconocido",Oscuro sin iluminacion,lluvia,No,NO APLICA,99,99,99,99,1,27/07/2022,1
5,Arkansas,50293,0,0,1,0,25,CLEVELAND (25),3380,RISON,7,Julio,29,2022,2,52,CS-MAIN ST,6,Calle Local Municipalidad,Urbano,Colector Menor,Town or Township Highway Agency,0,Sin jurisdiccion especial,0,33.96113333,-92.19220278,Vehiculo Ferrocarril,El primer evento no fue una colision con un vehiculo automotor en transporte,Not an Intersection,No fue interseccion,Sobre calle,Ninguna,Oscuro con iluminacion,Despejado,No,790781M,2,53,3,5,1,29/07/2022,1
5,Arkansas,50294,0,0,1,0,31,CRAIGHEAD (31),0,NO APLICA,8,Agosto,2,2022,20,42,US-67,2,US Highway,Rural,Arteria Principal,State Highway Agency,1,Sin jurisdiccion especial,35,35.82999722,-91.01896389,Zanja,El primer evento no fue una colision con un vehiculo automotor en transporte,Not an Intersection,No fue interseccion,Sobre el lado de la calle,Ninguna,Oscuro sin iluminacion,Despejado,No,NO APLICA,88,88,88,88,1,02/08/2022,1
5,Arkansas,50295,0,0,1,0,143,WASHINGTON (143),1534,GOSHEN,6,Junio,14,2022,19,10,SR-45,3,Highway estatal,Rural,Arteria Menor,State Highway Agency,0,Sin jurisdiccion especial,94,36.10695833,-94.01588611,Culvert,El primer evento no fue una colision con un vehiculo automotor en transporte,Not an Intersection,No fue interseccion,Sobre el lado de la calle,Ninguna,Dia total,Despejado,No,NO APLICA,19,13,19,18,1,14/06/2022,1
5,Arkansas,50296,0,0,2,0,67,JACKSON (67),0,NO APLICA,7,Julio,28,2022,8,59,SR-367,3,Highway estatal,Rural,Colector Mayor,State Highway Agency,0,Sin jurisdiccion especial,61,35.61384722,-91.30380833,Vehiculo en movimiento,Angulo,Four-Way Intersection,Interseccion de 4 direcciones,Sobre calle,Ninguna,Dia total,Nublado,No,NO APLICA,9,1,9,11,1,28/07/2022,4
5,Arkansas,50297,0,0,2,0,13,CALHOUN (13),0,NO APLICA,7,Julio,30,2022,13,56,US-278,2,US Highway,Rural,Arteria Menor,State Highway Agency,0,Sin jurisdiccion especial,50,33.55933889,-92.63551944,Vehiculo en movimiento,Angulo,Not an Intersection,No fue interseccion,Sobre calle,Ninguna,Dia total,lluvia,No,NO APLICA,13,56,14,6,1,30/07/2022,2
5,Arkansas,50298,1,1,1,0,119,PULASKI (119),2320,LITTLE ROCK,8,Agosto,2,2022,20,44,CS-GEYER SPRINGS RD,6,Calle Local Municipalidad,Urbano,Local,City or Municipal Highway Agency,0,Sin jurisdiccion especial,0,34.69501944,-92.34305833,Peaton,El primer evento no fue una colision con un vehiculo automotor en transporte,Not an Intersection,No fue interseccion,Sobre calle,Ninguna,Oscuro sin iluminacion,Despejado,No,NO APLICA,20,46,20,53,1,02/08/2022,1
5,Arkansas,50299,0,0,1,0,125,SALINE (125),0,NO APLICA,6,Junio,28,2022,18,28,CS-LIZZY RD,6,Calle Local Municipalidad,Rural,Local,County Highway Agency,0,Sin jurisdiccion especial,0,34.56011389,-92.24464722,Arbol,El primer evento no fue una colision con un vehiculo automotor en transporte,Not an Intersection,No fue interseccion,Sobre el lado de la calle,Ninguna,Dia total,Despejado,No,NO APLICA,99,99,99,99,1,28/06/2022,1
5,Arkansas,50300,0,0,3,1,119,PULASKI (119),2320,LITTLE ROCK,8,Agosto,6,2022,18,9,SR-10,3,Highway estatal,Urbano,Arteria Principal,State Highway Agency,1,Sin jurisdiccion especial,120,34.76786667,-92.32543889,Vehiculo en movimiento,Angulo,Four-Way Intersection,Interseccion de 4 direcciones,Sobre calle,Ninguna,Dia total,Despejado,No,NO APLICA,18,11,18,19,1,06/08/2022,3
5,Arkansas,50301,0,0,1,0,91,MILLER (91),3810,TEXARKANA,8,Agosto,7,2022,17,42,CS-JIM WALTER DR,6,Calle Local Municipalidad,Urbano,Local,Town or Township Highway Agency,0,Sin jurisdiccion especial,4,33.44505,-94.00621111,Banqueta,El primer evento no fue una colision con un vehiculo automotor en transporte,Not an Intersection,No fue interseccion,Sobre el lado de la calle,Ninguna,Dia total,Despejado,No,NO APLICA,99,99,99,99,1,07/08/2022,2
5,Arkansas,50302,1,1,1,0,125,SALINE (125),330,BENTON,8,Agosto,5,2022,19,26,I-30,1,Interestatal,Urbano,Interestatal,State Highway Agency,1,Sin jurisdiccion especial,1138,34.54581111,-92.62951111,Peaton,El primer evento no fue una colision con un vehiculo automotor en transporte,Not an Intersection,No fue interseccion,Sobre calle,"Zona de trabajo, tipo desconocido",Dia total,Despejado,No,NO APLICA,19,26,19,32,1,05/08/2022,1
5,Arkansas,50303,0,0,1,0,45,FAULKNER (45),0,NO APLICA,8,Agosto,7,2022,16,28,CR-SALTILLO RD,4,Calle del Condado,Rural,Arteria Menor,County Highway Agency,0,Sin jurisdiccion especial,35,35.0345,-92.32102222,Volcadura,El primer evento no fue una colision con un vehiculo automotor en transporte,Not an Intersection,No fue interseccion,Sobre el lado de la calle,Ninguna,Dia total,Despejado,No,NO APLICA,16,28,16,28,1,07/08/2022,1
5,Arkansas,50304,0,0,3,0,57,HEMPSTEAD (57),0,NO APLICA,8,Agosto,9,2022,2,22,SR-32,3,Highway estatal,Rural,Colector Mayor,State Highway Agency,0,Sin jurisdiccion especial,32,33.71584722,-93.60764167,Vehiculo en movimiento,Frente a frente,Not an Intersection,No fue interseccion,Sobre calle,Ninguna,Oscuro sin iluminacion,Despejado,No,NO APLICA,2,29,2,39,1,09/08/2022,5
5,Arkansas,50305,0,0,2,0,59,HOT SPRING (59),0,NO APLICA,7,Julio,31,2022,14,30,SR-7,3,Highway estatal,Rural,Arteria Menor,State Highway Agency,0,Sin jurisdiccion especial,14,34.25708056,-93.13001667,Vehiculo en movimiento,Frente a frente,Not an Intersection,No fue interseccion,Sobre calle,Ninguna,Dia total,Nublado,No,NO APLICA,14,49,14,54,2,31/07/2022,3
5,Arkansas,50306,0,0,1,0,23,CLEBURNE (23),1631,GREERS FERRY,8,Agosto,5,2022,12,5,SR-110,3,Highway estatal,Rural,Colector Mayor,State Highway Agency,0,Sin jurisdiccion especial,3,35.563775,-92.17447222,Culvert,El primer evento no fue una colision con un vehiculo automotor en transporte,Not an Intersection,No fue interseccion,Sobre el lado de la calle,Ninguna,Dia total,Despejado,No,NO APLICA,12,10,12,24,1,05/08/2022,1
5,Arkansas,50307,0,0,2,0,143,WASHINGTON (143),0,NO APLICA,8,Agosto,5,2022,21,18,US-412-2,2,US Highway,Rural,Arteria Principal,State Highway Agency,1,Sin jurisdiccion especial,33,36.17936944,-93.96901667,Vehiculo en movimiento,Angulo,Four-Way Intersection,Interseccion de 4 direcciones,Sobre calle,Ninguna,Oscuro sin iluminacion,Despejado,No,NO APLICA,21,19,21,51,1,05/08/2022,3
5,Arkansas,50308,0,0,2,0,31,CRAIGHEAD (31),560,BROOKLAND,8,Agosto,10,2022,14,57,US-49-3,2,US Highway,Rural,Arteria Principal,State Highway Agency,1,Sin jurisdiccion especial,41,35.91306389,-90.58820833,Vehiculo en movimiento,Frente a frente,Not an Intersection,No fue interseccion,Sobre calle,Ninguna,Dia total,Nublado,No,NO APLICA,15,4,15,15,1,10/08/2022,3
5,Arkansas,50309,1,1,1,0,119,PULASKI (119),2320,LITTLE ROCK,8,Agosto,14,2022,1,10,US-70-12,2,US Highway,Urbano,Arteria Principal,State Highway Agency,1,Sin jurisdiccion especial,19,34.70202778,-92.34493333,Peaton,El primer evento no fue una colision con un vehiculo automotor en transporte,Not an Intersection,No fue interseccion,Sobre calle,Ninguna,Oscuro sin iluminacion,Despejado,No,NO APLICA,1,18,1,20,1,14/08/2022,1