Estado,Nombre de Estado,Numero de Caso,Peatones,Personas _no_vehiculos,Vehiculos automotores,Vehiculos estacionados,Condado,Nombre Condado,Ciudad,Nombre Ciudad,Mes,Nombre Mes,Dia,Año,Hora,Minuto,Calle,Ruta,Nombre Ruta,Rural o Urbanoo,Sistema Funcional,Dueño Calle,Sistema Nacional Carreteras,Jurisdiccion Especial,Milla,Latitud,Longitud,Causa del Accidente,Tipo de Accidente,Tipo Interseccion,Columna1,Lugar en la calle,Zona de Trabajo,Luz,Clima,Autobus Escolar,Cruce de Trenes,Hora Notificacion,Minuto Notificacion,Hora Llegada,Minuto Llegada,Decesos,Fecha,PersonaVehiculo
5,Arkansas,50310,0,0,2,0,71,JOHNSON (71),800,CLARKSVILLE,6,Junio,27,2022,17,3,US-64-04,2,US Highway,Urbano,Arteria Menor,State Highway Agency,0,Sin jurisdiccion especial,136,35.47238889,-93.4829,Vehiculo en movimiento,Angulo,Four-Way Intersection,Interseccion de 4 direcciones,Sobre calle,Ninguna,Dia total,Despejado,No,NO APLICA,17,3,17,7,1,27/06/2022,3
5,Arkansas,50311,0,0,2,0,75,LAWRENCE (75),0,NO APLICA,6,Junio,28,2022,4,44,SR-115,3,Highway estatal,Rural,Colector Mayor,State Highway Agency,0,Sin jurisdiccion especial,168,36.02314444,-91.33641111,Vehiculo en movimiento,Frente a Detrás,Not an Intersection,No fue interseccion,Sobre calle,Ninguna,Oscuro sin iluminacion,Despejado,No,NO APLICA,4,44,5,5,1,28/06/2022,3
5,Arkansas,50312,1,1,1,0,119,PULASKI (119),2320,LITTLE ROCK,8,Agosto,12,2022,22,29,CS-YOUNG RD,6,Calle Local Municipalidad,Urbano,Colector Mayor,Town or Township Highway Agency,0,Sin jurisdiccion especial,4,34.67955556,-92.33573333,Peaton,El primer evento no fue una colision con un vehiculo automotor en transporte,T-Intersection,Interseccion de T,Sobre calle,Ninguna,Oscuro con iluminacion,Despejado,No,NO APLICA,22,31,22,34,1,12/08/2022,1
5,Arkansas,50313,0,0,2,0,119,PULASKI (119),2320,LITTLE ROCK,8,Agosto,10,2022,10,0,SR-338,3,Highway estatal,Urbano,Arteria Menor,State Highway Agency,0,Sin jurisdiccion especial,18,34.67039167,-92.38592778,Vehiculo en movimiento,Angulo,T-Intersection,Interseccion de T,Sobre calle,Ninguna,Dia total,Despejado,No,NO APLICA,10,10,10,21,1,10/08/2022,2
5,Arkansas,50314,0,0,1,0,31,CRAIGHEAD (31),2070,JONESBORO,8,Agosto,8,2022,22,22,CS-KELLERS CHAPEL RD,6,Calle Local Municipalidad,Rural,Colector Mayor,Town or Township Highway Agency,0,Sin jurisdiccion especial,12,35.79493889,-90.74489722,Arbol,El primer evento no fue una colision con un vehiculo automotor en transporte,T-Intersection,Interseccion de T,Sobre el lado de la calle,Ninguna,Oscuro sin iluminacion,Nublado,No,NO APLICA,22,30,22,32,1,08/08/2022,1
5,Arkansas,50315,0,0,2,0,7,BENTON (7),0,NO APLICA,8,Agosto,6,2022,20,55,US-62,2,US Highway,Rural,Arteria Principal,State Highway Agency,1,Sin jurisdiccion especial,99,36.42959722,-94.05286111,Vehiculo en movimiento,Angulo,T-Intersection,Interseccion de T,Sobre calle,Ninguna,Oscuro sin iluminacion,Despejado,No,NO APLICA,20,58,21,3,1,06/08/2022,2
5,Arkansas,50316,0,0,4,0,143,WASHINGTON (143),1310,FAYETTEVILLE,8,Agosto,9,2022,13,25,I-49,1,Interestatal,Urbano,Interestatal,State Highway Agency,1,Sin jurisdiccion especial,0,36.11533333,-94.17620556,Vehiculo en movimiento,Golpe Lateral - misma direccion,Not an Intersection,No fue interseccion,Sobre calle,Ninguna,Dia total,lluvia,No,NO APLICA,13,30,13,56,2,09/08/2022,7
5,Arkansas,50317,0,0,2,0,119,PULASKI (119),0,NO APLICA,8,Agosto,8,2022,0,13,SR-107,3,Highway estatal,Rural,Arteria Principal,State Highway Agency,1,Sin jurisdiccion especial,184,34.97735833,-92.14455278,Vehiculo en movimiento,Frente a frente,Not an Intersection,No fue interseccion,Sobre calle,Ninguna,Oscuro sin iluminacion,Despejado,No,NO APLICA,0,15,0,21,1,08/08/2022,2
5,Arkansas,50318,0,0,1,0,125,SALINE (125),0,NO APLICA,8,Agosto,17,2022,1,25,SR-229,3,Highway estatal,Rural,Arteria Menor,State Highway Agency,0,Sin jurisdiccion especial,10,34.55937222,-92.62724444,Arbol,El primer evento no fue una colision con un vehiculo automotor en transporte,Not an Intersection,No fue interseccion,Sobre el lado de la calle,Ninguna,Oscuro sin iluminacion,Despejado,No,NO APLICA,1,31,1,37,1,17/08/2022,1
5,Arkansas,50319,0,0,2,0,129,SEARCY (129),2580,MARSHALL,6,Junio,27,2022,15,40,US-65,2,US Highway,Rural,Arteria Principal,Other Federal Agency,1,Sin jurisdiccion especial,5,35.90561944,-92.62565,Vehiculo en movimiento,Angulo,Four-Way Intersection,Interseccion de 4 direcciones,Sobre calle,Ninguna,Dia total,Despejado,No,NO APLICA,15,42,15,45,1,27/06/2022,3
5,Arkansas,50320,0,0,1,0,87,MADISON (87),1990,HUNTSVILLE,7,Julio,8,2022,13,47,CS-CURTIS HUTCHINS WAY,6,Calle Local Municipalidad,Urbano,Local,Town or Township Highway Agency,0,Sin jurisdiccion especial,1,36.11255278,-93.71326111,Banqueta,El primer evento no fue una colision con un vehiculo automotor en transporte,Not an Intersection,No fue interseccion,Sobre el lado de la calle,Ninguna,Dia total,Despejado,No,NO APLICA,13,47,13,57,1,08/07/2022,1
5,Arkansas,50321,0,0,2,0,119,PULASKI (119),2592,MAUMELLE,7,Julio,11,2022,0,3,CS-WHITE OAK XING,6,Calle Local Municipalidad,Urbano,Local,Town or Township Highway Agency,0,Sin jurisdiccion especial,13,34.84071389,-92.36148333,Vehiculo en movimiento,Frente a frente,Not an Intersection,No fue interseccion,Sobre calle,Ninguna,Oscuro con iluminacion,Despejado,No,NO APLICA,0,15,0,30,1,11/07/2022,2
5,Arkansas,50322,0,0,1,0,119,PULASKI (119),2880,NORTH LITTLE ROCK,7,Julio,19,2022,22,0,US-70,2,US Highway,Urbano,Arteria Menor,State Highway Agency,0,Sin jurisdiccion especial,30,34.75442778,-92.22020556,Poste,El primer evento no fue una colision con un vehiculo automotor en transporte,Four-Way Intersection,Interseccion de 4 direcciones,Sobre el lado de la calle,Ninguna,Oscuro con iluminacion,Despejado,No,NO APLICA,22,5,22,9,1,19/07/2022,2
5,Arkansas,50323,0,0,1,0,113,POLK (113),0,NO APLICA,8,Agosto,16,2022,18,57,SR-88,3,Highway estatal,Rural,Colector Mayor,State Highway Agency,0,Sin jurisdiccion especial,50,34.58815,-94.12226111,Poste de Señal de trafico,El primer evento no fue una colision con un vehiculo automotor en transporte,Not an Intersection,No fue interseccion,Sobre el lado de la calle,Ninguna,Dia total,Nublado,No,NO APLICA,19,0,19,6,1,16/08/2022,1
5,Arkansas,50324,0,0,2,0,63,INDEPENDENCE (63),250,BATESVILLE,8,Agosto,18,2022,21,37,US-167,2,US Highway,Urbano,Arteria Principal,State Highway Agency,1,Sin jurisdiccion especial,177,35.76678889,-91.64116944,Vehiculo en movimiento,Frente a Detrás,Four-Way Intersection,Interseccion de 4 direcciones,Sobre calle,Ninguna,Oscuro con iluminacion,Despejado,No,NO APLICA,21,40,21,43,1,18/08/2022,3
5,Arkansas,50325,0,0,1,0,53,GRANT (53),0,NO APLICA,8,Agosto,20,2022,6,0,US-167,2,US Highway,Rural,Arteria Principal,State Highway Agency,1,Sin jurisdiccion especial,85,34.23526111,-92.40535556,Banqueta,El primer evento no fue una colision con un vehiculo automotor en transporte,Not an Intersection,No fue interseccion,Sobre el lado de la calle,Ninguna,Oscuro sin iluminacion,Despejado,No,NO APLICA,7,57,8,6,1,20/08/2022,1
5,Arkansas,50326,1,1,1,0,143,WASHINGTON (143),0,NO APLICA,8,Agosto,13,2022,21,0,SR-45-3,3,Highway estatal,Rural,Colector Menor,State Highway Agency,0,Sin jurisdiccion especial,30,35.87205556,-94.43729167,Peaton,El primer evento no fue una colision con un vehiculo automotor en transporte,Not an Intersection,No fue interseccion,Sobre calle,Ninguna,Oscuro sin iluminacion,Despejado,No,NO APLICA,99,98,99,98,1,13/08/2022,1
5,Arkansas,50327,0,0,1,0,125,SALINE (125),0,NO APLICA,8,Agosto,10,2022,21,16,SR-9-5,3,Highway estatal,Rural,Colector Mayor,State Highway Agency,0,Sin jurisdiccion especial,92,34.73407222,-92.7634,Poste de Señal de trafico,El primer evento no fue una colision con un vehiculo automotor en transporte,Not an Intersection,No fue interseccion,Sobre el lado de la calle,Ninguna,Oscuro sin iluminacion,Despejado,No,NO APLICA,21,29,21,48,1,10/08/2022,2
5,Arkansas,50328,0,0,2,0,119,PULASKI (119),2320,LITTLE ROCK,8,Agosto,16,2022,7,50,CS-SCOTT HAMILTON DR,6,Calle Local Municipalidad,Urbano,Local,Town or Township Highway Agency,0,Sin jurisdiccion especial,12,34.68298333,-92.31917222,Vehiculo en movimiento,Angulo,Not an Intersection,No fue interseccion,Sobre calle,Ninguna,Dia total,Despejado,No,NO APLICA,7,58,8,2,1,16/08/2022,2
5,Arkansas,50329,0,0,2,0,19,CLARK (19),1665,GUM SPRINGS,8,Agosto,15,2022,15,34,US-67,2,US Highway,Rural,Colector Mayor,State Highway Agency,0,Sin jurisdiccion especial,107,34.06731111,-93.09668889,"La carga del vehiculo (cambio, perdida, o otro)",El primer evento no fue una colision con un vehiculo automotor en transporte,Not an Intersection,No fue interseccion,Sobre calle,Ninguna,Dia total,Despejado,No,NO APLICA,15,34,15,49,1,15/08/2022,2
5,Arkansas,50330,0,0,1,0,29,CONWAY (29),2632,MENIFEE,8,Agosto,17,2022,17,0,I-40,1,Interestatal,Rural,Interestatal,State Highway Agency,1,Sin jurisdiccion especial,1180,35.15108889,-92.54722778,Barrera de Cable,El primer evento no fue una colision con un vehiculo automotor en transporte,Not an Intersection,No fue interseccion,En el medio,Ninguna,Dia total,Nublado,No,NO APLICA,17,8,17,24,1,17/08/2022,1
5,Arkansas,50331,0,0,2,0,83,LOGAN (83),0,NO APLICA,7,Julio,27,2022,0,1,SR-22,3,Highway estatal,Rural,Arteria Menor,State Highway Agency,0,Sin jurisdiccion especial,218,35.29187222,-93.53798333,Vehiculo en movimiento,Frente a frente,Not an Intersection,No fue interseccion,Sobre calle,Ninguna,Oscuro sin iluminacion,Despejado,No,NO APLICA,0,7,0,20,1,27/07/2022,2
5,Arkansas,50332,0,0,1,0,49,FULTON (49),0,NO APLICA,8,Agosto,12,2022,9,5,SR-9,3,Highway estatal,Rural,Arteria Menor,State Highway Agency,0,Sin jurisdiccion especial,28,36.39348056,-91.79336111,Barda,El primer evento no fue una colision con un vehiculo automotor en transporte,Not an Intersection,No fue interseccion,Sobre el lado de la calle,Ninguna,Dia total,Despejado,No,NO APLICA,9,8,9,17,1,12/08/2022,1
5,Arkansas,50333,0,0,1,0,149,YELL (149),0,NO APLICA,8,Agosto,4,2022,21,35,SR-22,3,Highway estatal,Rural,Arteria Menor,State Highway Agency,0,Sin jurisdiccion especial,14,35.27464167,-93.25530556,Culvert,El primer evento no fue una colision con un vehiculo automotor en transporte,Not an Intersection,No fue interseccion,Sobre el lado de la calle,Ninguna,Oscuro sin iluminacion,Despejado,No,NO APLICA,21,40,21,49,1,04/08/2022,1
5,Arkansas,50334,0,0,1,0,113,POLK (113),0,NO APLICA,8,Agosto,23,2022,12,0,SR-88,3,Highway estatal,Rural,Colector Mayor,State Highway Agency,0,Sin jurisdiccion especial,131,34.63724722,-94.25465833,Volcadura,El primer evento no fue una colision con un vehiculo automotor en transporte,Not an Intersection,No fue interseccion,Fuera de la calle,Ninguna,Dia total,Nublado,No,NO APLICA,99,98,99,98,1,23/08/2022,1
5,Arkansas,50335,1,1,1,0,45,FAULKNER (45),2600,MAYFLOWER,8,Agosto,25,2022,9,30,I-40,1,Interestatal,Rural,Interestatal,State Highway Agency,1,Sin jurisdiccion especial,1363,34.95811944,-92.42242778,Peaton,El primer evento no fue una colision con un vehiculo automotor en transporte,Not an Intersection,No fue interseccion,Sobre calle,Ninguna,Dia total,Despejado,No,NO APLICA,9,43,9,51,1,25/08/2022,1
5,Arkansas,50336,0,0,2,0,101,NEWTON (101),0,NO APLICA,8,Agosto,23,2022,8,48,US-65,2,US Highway,Rural,Arteria Principal,State Highway Agency,1,Sin jurisdiccion especial,28,36.07889167,-92.94840278,Vehiculo en movimiento,Angulo,T-Intersection,Interseccion de T,Sobre calle,Ninguna,Dia total,Nublado,No,NO APLICA,8,50,9,5,1,23/08/2022,2
5,Arkansas,50337,0,0,1,0,145,WHITE (145),0,NO APLICA,8,Agosto,18,2022,23,22,SR-385,3,Highway estatal,Rural,Colector Mayor,State Highway Agency,0,Sin jurisdiccion especial,58,35.19449722,-91.66400833,Acotamiento,El primer evento no fue una colision con un vehiculo automotor en transporte,Not an Intersection,No fue interseccion,Sobre el lado de la calle,Ninguna,Oscuro sin iluminacion,Despejado,No,NO APLICA,23,27,23,35,1,18/08/2022,3
5,Arkansas,50338,0,0,2,0,119,PULASKI (119),2320,LITTLE ROCK,8,Agosto,20,2022,14,0,I 30 FRONTAGE RD,7,Calle Local,Urbano,Interestatal,State Highway Agency,1,Sin jurisdiccion especial,10,34.67636111,-92.36511667,Vehiculo en movimiento,Frente a Detrás,Not an Intersection,No fue interseccion,Sobre calle,Ninguna,Dia total,Despejado,No,NO APLICA,14,7,14,13,1,20/08/2022,2
5,Arkansas,50339,1,1,1,0,69,JEFFERSON (69),3150,PINE BLUFF,7,Julio,3,2022,2,22,CS-HAZEL ST,6,Calle Local Municipalidad,Urbano,Colector Mayor,Town or Township Highway Agency,0,Sin jurisdiccion especial,0,34.21399722,-92.02471389,Peaton,El primer evento no fue una colision con un vehiculo automotor en transporte,Not an Intersection,No fue interseccion,Sobre calle,Ninguna,Oscuro con iluminacion,Despejado,No,NO APLICA,2,24,2,30,1,03/07/2022,1
5,Arkansas,50340,0,0,1,0,7,BENTON (7),340,BENTONVILLE,7,Julio,5,2022,1,58,SR-72,3,Highway estatal,Urbano,Arteria Menor,State Highway Agency,0,Sin jurisdiccion especial,153,36.3711,-94.24280556,Valla Ferrocarril,El primer evento no fue una colision con un vehiculo automotor en transporte,Not an Intersection,No fue interseccion,Sobre el lado de la calle,Ninguna,Oscuro sin iluminacion,Despejado,No,NO APLICA,1,58,2,4,1,05/07/2022,2
5,Arkansas,50341,0,0,2,0,119,PULASKI (119),2036,JACKSONVILLE,8,Agosto,25,2022,16,55,SR-161,3,Highway estatal,Urbano,Arteria Menor,State Highway Agency,0,Sin jurisdiccion especial,58,34.85250278,-92.11585556,Vehiculo en movimiento,Angulo,Four-Way Intersection,Interseccion de 4 direcciones,Sobre calle,Ninguna,Dia total,Despejado,No,NO APLICA,16,58,17,4,1,25/08/2022,2
5,Arkansas,50342,0,0,1,0,55,GREENE (55),0,NO APLICA,8,Agosto,21,2022,15,9,US-49,2,US Highway,Rural,Arteria Menor,State Highway Agency,0,Sin jurisdiccion especial,99,36.13101389,-90.42636667,Zanja,El primer evento no fue una colision con un vehiculo automotor en transporte,Not an Intersection,No fue interseccion,Sobre el lado de la calle,Ninguna,Dia total,Nublado,No,NO APLICA,15,10,15,17,1,21/08/2022,4
5,Arkansas,50343,0,0,1,0,103,OUACHITA (103),0,NO APLICA,8,Agosto,28,2022,1,52,SR-24,3,Highway estatal,Rural,Arteria Menor,State Highway Agency,0,Sin jurisdiccion especial,155,33.60464167,-92.90660278,Acotamiento,El primer evento no fue una colision con un vehiculo automotor en transporte,Not an Intersection,No fue interseccion,Sobre el lado de la calle,Ninguna,Oscuro sin iluminacion,Despejado,No,NO APLICA,1,52,2,5,1,28/08/2022,1
5,Arkansas,50344,0,0,1,0,125,SALINE (125),330,BENTON,8,Agosto,18,2022,1,20,I-30,1,Interestatal,Urbano,Interestatal,State Highway Agency,1,Sin jurisdiccion especial,237,34.59713611,-92.55631111,Barrera de Trafico de Concreto,El primer evento no fue una colision con un vehiculo automotor en transporte,Not an Intersection,No fue interseccion,En el medio,Ninguna,Oscuro sin iluminacion,Nublado,No,NO APLICA,1,29,1,39,1,18/08/2022,1
5,Arkansas,50345,0,0,2,0,27,COLUMBIA (27),2490,MAGNOLIA,8,Agosto,18,2022,17,17,US-82,2,US Highway,Urbano,Arteria Principal,State Highway Agency,1,Sin jurisdiccion especial,108,33.29654722,-93.25056389,Vehiculo en movimiento,Angulo,Four-Way Intersection,Interseccion de 4 direcciones,Sobre calle,Ninguna,Dia total,Despejado,No,NO APLICA,17,22,17,26,1,18/08/2022,2
5,Arkansas,50346,0,0,2,0,101,NEWTON (101),0,NO APLICA,8,Agosto,27,2022,11,18,SR-43,3,Highway estatal,Rural,Colector Mayor,State Highway Agency,0,Sin jurisdiccion especial,91,36.07685556,-93.36080833,Vehiculo en movimiento,Frente a frente,Not an Intersection,No fue interseccion,Sobre calle,Ninguna,Dia total,Despejado,No,NO APLICA,99,99,99,99,1,27/08/2022,2
5,Arkansas,50347,0,0,1,0,133,SEVIER (133),0,NO APLICA,8,Agosto,30,2022,12,1,SR-41,3,Highway estatal,Rural,Colector Menor,State Highway Agency,0,Sin jurisdiccion especial,40,33.98965556,-94.32598889,Poste de Señal de trafico,El primer evento no fue una colision con un vehiculo automotor en transporte,Not an Intersection,No fue interseccion,Sobre el lado de la calle,Ninguna,Dia total,Despejado,No,NO APLICA,12,4,12,12,1,30/08/2022,2
5,Arkansas,50348,0,0,1,0,59,HOT SPRING (59),0,NO APLICA,8,Agosto,30,2022,17,33,I-30,1,Interestatal,Rural,Interestatal,State Highway Agency,1,Sin jurisdiccion especial,503,34.34726389,-92.898075,Acotamiento,El primer evento no fue una colision con un vehiculo automotor en transporte,Not an Intersection,No fue interseccion,Sobre el lado de la calle,Ninguna,Dia total,Despejado,No,NO APLICA,17,35,17,42,1,30/08/2022,1
5,Arkansas,50349,0,0,2,0,45,FAULKNER (45),1590,GREENBRIER,8,Agosto,25,2022,11,54,US-65,2,US Highway,Rural,Arteria Principal,State Highway Agency,1,Sin jurisdiccion especial,88,35.24924167,-92.38748611,Vehiculo en movimiento,Angulo,Not an Intersection,No fue interseccion,Sobre calle,Ninguna,Dia total,Despejado,No,NO APLICA,11,58,12,0,1,25/08/2022,2
5,Arkansas,50350,0,0,1,0,119,PULASKI (119),2036,JACKSONVILLE,9,Septiembre,1,2022,2,28,CS-JOHN HARDEN DR,6,Calle Local Municipalidad,Urbano,Local,City or Municipal Highway Agency,0,Sin jurisdiccion especial,21,34.89097222,-92.10305556,Culvert,El primer evento no fue una colision con un vehiculo automotor en transporte,Not an Intersection,No fue interseccion,Sobre el lado de la calle,Ninguna,Oscuro sin iluminacion,Despejado,No,NO APLICA,88,88,88,88,1,01/09/2022,1
5,Arkansas,50351,0,0,1,0,133,SEVIER (133),1060,DE QUEEN,8,Agosto,28,2022,6,59,CS-N 4TH ST,6,Calle Local Municipalidad,Urbano,Local,City or Municipal Highway Agency,0,Sin jurisdiccion especial,5,34.04440278,-94.34155833,Puente de Ferrocarril,El primer evento no fue una colision con un vehiculo automotor en transporte,Not an Intersection,No fue interseccion,Sobre el lado de la calle,Ninguna,Dia total,Despejado,No,NO APLICA,88,88,88,88,2,28/08/2022,2
5,Arkansas,50352,0,0,13,0,123,ST FRANCIS (123),0,NO APLICA,8,Agosto,22,2022,15,7,I-40,1,Interestatal,Rural,Interestatal,State Highway Agency,1,Sin jurisdiccion especial,2457,35.04053889,-90.71310833,Vehiculo en movimiento,Frente a Detrás,Not an Intersection,No fue interseccion,Sobre calle,Ninguna,Dia total,lluvia,No,NO APLICA,15,20,15,38,1,22/08/2022,16
5,Arkansas,50353,1,1,1,0,85,LONOKE (85),2350,LONOKE,8,Agosto,24,2022,21,20,I-40,1,Interestatal,Rural,Interestatal,State Highway Agency,1,Sin jurisdiccion especial,1151,34.80265833,-91.97920556,Peaton,El primer evento no fue una colision con un vehiculo automotor en transporte,Not an Intersection,No fue interseccion,Sobre calle,Ninguna,Oscuro sin iluminacion,Despejado,No,NO APLICA,88,88,88,88,1,24/08/2022,2
5,Arkansas,50354,0,0,1,0,111,POINSETT (111),1740,HARRISBURG,8,Agosto,13,2022,11,45,SR-1,3,Highway estatal,Urbano,Arteria Principal,State Highway Agency,1,Sin jurisdiccion especial,71,35.54913333,-90.72150833,Zanja,El primer evento no fue una colision con un vehiculo automotor en transporte,T-Intersection,Interseccion de T,Sobre el lado de la calle,Ninguna,Dia total,Despejado,No,NO APLICA,11,48,11,51,1,13/08/2022,1
5,Arkansas,50355,0,0,2,0,119,PULASKI (119),2320,LITTLE ROCK,8,Agosto,26,2022,8,40,SR-338,3,Highway estatal,Urbano,Arteria Menor,State Highway Agency,0,Sin jurisdiccion especial,48,34.66863056,-92.33350556,Vehiculo en movimiento,Angulo,T-Intersection,Interseccion de T,Sobre calle,Ninguna,Dia total,Despejado,No,NO APLICA,8,42,8,46,1,26/08/2022,2
5,Arkansas,50356,0,0,1,0,111,POINSETT (111),3860,TRUMANN,8,Agosto,26,2022,11,43,SR-69,3,Highway estatal,Urbano,Arteria Menor,State Highway Agency,0,Sin jurisdiccion especial,7,35.67856944,-90.51111111,Volcadura,El primer evento no fue una colision con un vehiculo automotor en transporte,Not an Intersection,No fue interseccion,Sobre Acotamiento,Ninguna,Dia total,Despejado,No,NO APLICA,11,44,11,52,1,26/08/2022,1
5,Arkansas,50357,0,0,1,0,15,CARROLL (15),1280,EUREKA SPRINGS,8,Agosto,31,2022,6,15,CR-204,4,Calle del Condado,Rural,Local,County Highway Agency,0,Sin jurisdiccion especial,6,36.43023611,-93.76590278,Arbol,El primer evento no fue una colision con un vehiculo automotor en transporte,Not an Intersection,No fue interseccion,Fuera de la calle,Ninguna,Reportada como desconocida,Despejado,No,NO APLICA,8,52,9,2,1,31/08/2022,1
5,Arkansas,50358,1,1,1,0,119,PULASKI (119),2320,LITTLE ROCK,9,Septiembre,1,2022,20,30,US-67,2,US Highway,Urbano,Arteria Principal,State Highway Agency,1,Sin jurisdiccion especial,0,34.70174444,-92.34501667,Peaton,El primer evento no fue una colision con un vehiculo automotor en transporte,Four-Way Intersection,Interseccion de 4 direcciones,Sobre calle,Ninguna,Oscuro sin iluminacion,Despejado,No,NO APLICA,20,32,20,41,1,01/09/2022,2
5,Arkansas,50359,0,0,2,0,95,MONROE (95),2676,MONROE,8,Agosto,23,2022,12,14,US-49,2,US Highway,Rural,Arteria Principal,Other Federal Agency,1,Sin jurisdiccion especial,95,34.74993333,-91.14713333,Vehiculo en movimiento,Angulo,Four-Way Intersection,Interseccion de 4 direcciones,Sobre calle,Ninguna,Dia total,Nublado,No,NO APLICA,12,14,12,44,1,23/08/2022,2
5,Arkansas,50360,1,1,1,0,35,CRITTENDEN (35),0,NO APLICA,8,Agosto,30,2022,23,30,I 55 SERVICE RD,8,Otro,Rural,Local,State Highway Agency,0,Sin jurisdiccion especial,64,35.25940278,-90.225825,Peaton,El primer evento no fue una colision con un vehiculo automotor en transporte,Not an Intersection,No fue interseccion,Sobre calle,Ninguna,Oscuro sin iluminacion,Despejado,No,NO APLICA,23,46,0,1,1,30/08/2022,2
5,Arkansas,50361,0,0,5,0,35,CRITTENDEN (35),2550,MARION,8,Agosto,26,2022,19,45,I-55,1,Interestatal,Urbano,Interestatal,State Highway Agency,1,Sin jurisdiccion especial,625,35.20644167,-90.20484167,Vehiculo en movimiento,Frente a Detrás,Not an Intersection,No fue interseccion,Sobre calle,"Zona de trabajo, tipo desconocido",Oscuro sin iluminacion,Despejado,No,NO APLICA,19,51,20,0,1,26/08/2022,10
5,Arkansas,50362,1,1,1,0,119,PULASKI (119),2320,LITTLE ROCK,9,Septiembre,4,2022,0,1,US-70,2,US Highway,Urbano,Arteria Principal,State Highway Agency,1,Sin jurisdiccion especial,56,34.721925,-92.32803056,Peaton,El primer evento no fue una colision con un vehiculo automotor en transporte,Not an Intersection,No fue interseccion,Sobre calle,Ninguna,Oscuro sin iluminacion,Despejado,No,NO APLICA,0,1,0,7,1,04/09/2022,1
5,Arkansas,50363,0,0,2,0,119,PULASKI (119),2036,JACKSONVILLE,7,Julio,17,2022,5,0,SR-161,3,Highway estatal,Urbano,Arteria Menor,State Highway Agency,0,Sin jurisdiccion especial,39,34.83820278,-92.12836667,Vehiculo en movimiento,Frente a frente,Not an Intersection,No fue interseccion,Sobre calle,Ninguna,Oscuro sin iluminacion,Despejado,No,NO APLICA,5,10,5,12,1,17/07/2022,3
5,Arkansas,50364,0,0,1,0,91,MILLER (91),3810,TEXARKANA,9,Septiembre,3,2022,4,0,CS-ARKANSAS BLVD,6,Calle Local Municipalidad,Urbano,Arteria Menor,Town or Township Highway Agency,0,Sin jurisdiccion especial,6,33.46080833,-94.03147778,Arbol,El primer evento no fue una colision con un vehiculo automotor en transporte,Not an Intersection,No fue interseccion,Sobre el lado de la calle,Ninguna,Oscuro con iluminacion,Despejado,No,NO APLICA,4,8,4,15,1,03/09/2022,3
5,Arkansas,50365,1,1,1,0,119,PULASKI (119),0,NO APLICA,9,Septiembre,2,2022,7,43,SR-107,3,Highway estatal,Urbano,Arteria Principal,State Highway Agency,1,Sin jurisdiccion especial,180,34.97238333,-92.14141667,Peaton,El primer evento no fue una colision con un vehiculo automotor en transporte,Not an Intersection,No fue interseccion,Sobre Acotamiento,Ninguna,Dia total,lluvia,No,NO APLICA,88,88,88,88,1,02/09/2022,1
5,Arkansas,50366,0,0,3,0,145,WHITE (145),0,NO APLICA,8,Agosto,29,2022,14,36,SR-16,3,Highway estatal,Rural,Arteria Menor,State Highway Agency,0,Sin jurisdiccion especial,71,35.34790833,-91.79328056,Vehiculo en movimiento,Frente a Detrás,Not an Intersection,No fue interseccion,Sobre calle,"Zona de trabajo, tipo desconocido",Dia total,Despejado,No,NO APLICA,14,41,14,51,1,29/08/2022,3
5,Arkansas,50367,0,0,2,1,9,BOONE (9),1750,HARRISON,9,Septiembre,4,2022,21,21,SR-42,3,Highway estatal,Urbano,Colector Mayor,State Highway Agency,0,Sin jurisdiccion especial,137,36.21933889,-93.12055556,Buzon de correo,El primer evento no fue una colision con un vehiculo automotor en transporte,Not an Intersection,No fue interseccion,Sobre el lado de la calle,Ninguna,Oscuro con iluminacion,Despejado,No,NO APLICA,21,22,21,28,1,04/09/2022,1
5,Arkansas,50368,0,0,2,0,123,ST FRANCIS (123),0,NO APLICA,8,Agosto,20,2022,16,47,I-40,1,Interestatal,Rural,Interestatal,State Highway Agency,1,Sin jurisdiccion especial,1,35.03737222,-90.76224444,Vehiculo en movimiento,Frente a Detrás,Not an Intersection,No fue interseccion,Sobre calle,Ninguna,Dia total,Despejado,No,NO APLICA,16,48,17,6,1,20/08/2022,3
5,Arkansas,50369,1,1,2,0,5,BAXTER (5),0,NO APLICA,7,Julio,26,2022,11,10,SR-178,3,Highway estatal,Rural,Colector Mayor,State Highway Agency,0,Sin jurisdiccion especial,65,36.39418611,-92.47523056,Peaton,El primer evento no fue una colision con un vehiculo automotor en transporte,Not an Intersection,No fue interseccion,Sobre calle,Ninguna,Dia total,Despejado,No,NO APLICA,11,18,11,30,1,26/07/2022,2
5,Arkansas,50370,0,0,1,0,69,JEFFERSON (69),2045,JEFFERSON,8,Agosto,29,2022,23,43,SR-530,3,Highway estatal,Rural,Arteria Principal,State Highway Agency,1,Sin jurisdiccion especial,55,34.10063611,-91.96989722,Soporte de Puente,El primer evento no fue una colision con un vehiculo automotor en transporte,Not an Intersection,No fue interseccion,Sobre el lado de la calle,Ninguna,Oscuro sin iluminacion,Despejado,No,NO APLICA,23,49,0,2,1,29/08/2022,1
5,Arkansas,50371,0,0,1,0,101,NEWTON (101),0,NO APLICA,9,Septiembre,10,2022,13,12,SR-7,3,Highway estatal,Rural,Arteria Principal,State Highway Agency,0,Sin jurisdiccion especial,190,36.04915833,-93.14938333,Volcadura,El primer evento no fue una colision con un vehiculo automotor en transporte,Not an Intersection,No fue interseccion,Sobre el lado de la calle,Ninguna,Dia total,Despejado,No,NO APLICA,13,13,13,46,1,10/09/2022,1