Estado,Nombre de Estado,Numero de Caso,Peatones,Personas _no_vehiculos,Vehiculos automotores,Vehiculos estacionados,Condado,Nombre Condado,Ciudad,Nombre Ciudad,Mes,Nombre Mes,Dia,Año,Hora,Minuto,Calle,Ruta,Nombre Ruta,Rural o Urbanoo,Sistema Funcional,Dueño Calle,Sistema Nacional Carreteras,Jurisdiccion Especial,Milla,Latitud,Longitud,Causa del Accidente,Tipo de Accidente,Tipo Interseccion,Columna1,Lugar en la calle,Zona de Trabajo,Luz,Clima,Autobus Escolar,Cruce de Trenes,Hora Notificacion,Minuto Notificacion,Hora Llegada,Minuto Llegada,Decesos,Fecha,PersonaVehiculo
5,Arkansas,50372,0,0,2,0,131,SEBASTIAN (131),1370,FORT SMITH,8,Agosto,12,2022,11,58,CS-KELLEY HWY,6,Calle Local Municipalidad,Urbano,Arteria Menor,Town or Township Highway Agency,0,Sin jurisdiccion especial,6,35.40399167,-94.39599722,Vehiculo en movimiento,Angulo,Four-Way Intersection,Interseccion de 4 direcciones,Sobre calle,Ninguna,Dia total,Despejado,No,NO APLICA,12,0,12,7,1,12/08/2022,2
5,Arkansas,50373,0,0,4,0,75,LAWRENCE (75),0,NO APLICA,8,Agosto,16,2022,5,55,US-63,2,US Highway,Rural,Arteria Principal,State Highway Agency,1,Sin jurisdiccion especial,0,36.24344167,-91.26766944,Vehiculo en movimiento,Golpe Lateral - direccion contraria,Not an Intersection,No fue interseccion,Sobre calle,Ninguna,Oscuro sin iluminacion,Despejado,No,NO APLICA,6,1,6,18,2,16/08/2022,5
5,Arkansas,50374,0,0,1,0,15,CARROLL (15),0,NO APLICA,9,Septiembre,10,2022,16,25,US-62,2,US Highway,Rural,Arteria Menor,State Highway Agency,0,Sin jurisdiccion especial,81,36.42951111,-93.77891111,Buzon de correo,El primer evento no fue una colision con un vehiculo automotor en transporte,Not an Intersection,No fue interseccion,Sobre el lado de la calle,Ninguna,Dia total,Despejado,No,NO APLICA,16,28,16,39,1,10/09/2022,2
5,Arkansas,50375,0,0,1,0,103,OUACHITA (103),0,NO APLICA,9,Septiembre,13,2022,19,0,CR-67,4,Calle del Condado,Rural,Colector Mayor,County Highway Agency,0,Sin jurisdiccion especial,107,33.41585556,-92.7194,Valla Ferrocarril,El primer evento no fue una colision con un vehiculo automotor en transporte,Not an Intersection,No fue interseccion,Sobre el lado de la calle,Ninguna,Atardecer,Despejado,No,NO APLICA,19,18,19,35,1,13/09/2022,1
5,Arkansas,50376,0,0,1,0,143,WASHINGTON (143),1310,FAYETTEVILLE,8,Agosto,20,2022,2,33,CS-FUTRALL,6,Calle Local Municipalidad,Urbano,Colector Mayor,Town or Township Highway Agency,0,Sin jurisdiccion especial,0,36.05638056,-94.19483611,Banqueta,El primer evento no fue una colision con un vehiculo automotor en transporte,T-Intersection,Interseccion de T,Sobre el lado de la calle,Ninguna,Oscuro con iluminacion,Despejado,No,NO APLICA,2,36,2,43,1,20/08/2022,2
5,Arkansas,50377,0,0,1,0,59,HOT SPRING (59),0,NO APLICA,9,Septiembre,5,2022,20,9,US-270,2,US Highway,Rural,Arteria Principal,State Highway Agency,1,Sin jurisdiccion especial,91,34.34752222,-92.68715,Acotamiento,El primer evento no fue una colision con un vehiculo automotor en transporte,Not an Intersection,No fue interseccion,Sobre el lado de la calle,Ninguna,Oscuro sin iluminacion,Despejado,No,NO APLICA,20,18,20,28,1,05/09/2022,4
5,Arkansas,50378,1,1,2,0,119,PULASKI (119),2320,LITTLE ROCK,9,Septiembre,11,2022,21,21,CS-SCOTT HAMILTON DR,6,Calle Local Municipalidad,Urbano,Local,City or Municipal Highway Agency,0,Sin jurisdiccion especial,21,34.67171111,-92.31780278,Peaton,El primer evento no fue una colision con un vehiculo automotor en transporte,Not an Intersection,No fue interseccion,Sobre calle,Ninguna,Oscuro sin iluminacion,Despejado,No,NO APLICA,21,25,21,29,1,11/09/2022,2
5,Arkansas,50379,0,0,2,0,119,PULASKI (119),2320,LITTLE ROCK,9,Septiembre,13,2022,17,26,CS-S UNIVERSITY,6,Calle Local Municipalidad,Urbano,Arteria Principal,Town or Township Highway Agency,1,Sin jurisdiccion especial,11,34.72694722,-92.34189722,Vehiculo en movimiento,Frente a Detrás,Four-Way Intersection,Interseccion de 4 direcciones,Sobre calle,Ninguna,Dia total,Despejado,No,NO APLICA,17,30,17,40,1,13/09/2022,5
5,Arkansas,50380,0,0,1,0,99,NEVADA (99),0,NO APLICA,9,Septiembre,14,2022,3,59,I-30,1,Interestatal,Rural,Interestatal,State Highway Agency,1,Sin jurisdiccion especial,530,33.89706111,-93.30553611,Soporte de Puente,El primer evento no fue una colision con un vehiculo automotor en transporte,Not an Intersection,No fue interseccion,En el medio,Ninguna,Oscuro sin iluminacion,Despejado,No,NO APLICA,4,3,4,31,1,14/09/2022,1
5,Arkansas,50381,0,0,2,0,137,STONE (137),0,NO APLICA,8,Agosto,25,2022,18,26,SR-5,3,Highway estatal,Rural,Arteria Menor,State Highway Agency,0,Sin jurisdiccion especial,98,35.80575,-91.99838611,Vehiculo en movimiento,Frente a frente,Not an Intersection,No fue interseccion,Sobre calle,Ninguna,Dia total,Despejado,No,NO APLICA,18,31,18,42,1,25/08/2022,2
5,Arkansas,50382,0,0,1,0,85,LONOKE (85),2350,LONOKE,9,Septiembre,10,2022,19,7,SR-5,3,Highway estatal,Urbano,Arteria Principal,State Highway Agency,0,Sin jurisdiccion especial,0,35.02988889,-92.0696,Zanja,El primer evento no fue una colision con un vehiculo automotor en transporte,Not an Intersection,No fue interseccion,Sobre el lado de la calle,Ninguna,Atardecer,Despejado,No,NO APLICA,19,8,19,16,1,10/09/2022,1
5,Arkansas,50383,0,0,2,0,103,OUACHITA (103),630,CAMDEN,9,Septiembre,17,2022,11,21,US-79,2,US Highway,Urbano,Arteria Principal,State Highway Agency,1,Sin jurisdiccion especial,196,33.55256944,-92.86247222,Vehiculo en movimiento,Angulo,Four-Way Intersection,Interseccion de 4 direcciones,Sobre calle,Ninguna,Dia total,Despejado,No,NO APLICA,11,22,11,25,1,17/09/2022,3
5,Arkansas,50384,2,2,1,0,117,PRAIRIE (117),0,NO APLICA,9,Septiembre,15,2022,22,2,SR-249,3,Highway estatal,Rural,Colector Mayor,State Highway Agency,0,Sin jurisdiccion especial,21,34.80355,-91.59569722,Peaton,El primer evento no fue una colision con un vehiculo automotor en transporte,Not an Intersection,No fue interseccion,Sobre calle,Ninguna,Oscuro sin iluminacion,Despejado,No,NO APLICA,22,14,22,36,1,15/09/2022,1
5,Arkansas,50385,0,0,2,0,21,CLAY (21),0,NO APLICA,9,Septiembre,9,2022,6,33,US-67,2,US Highway,Rural,Arteria Principal,State Highway Agency,1,Sin jurisdiccion especial,143,36.45800278,-90.58048056,Vehiculo en movimiento,Golpe Lateral - direccion contraria,Not an Intersection,No fue interseccion,Sobre calle,Ninguna,Dia total,Despejado,No,NO APLICA,99,99,99,99,1,09/09/2022,2
5,Arkansas,50386,0,0,2,0,25,CLEVELAND (25),0,NO APLICA,9,Septiembre,19,2022,5,0,SR-8,3,Highway estatal,Rural,Arteria Menor,State Highway Agency,0,Sin jurisdiccion especial,79,33.74741944,-92.21870278,Vehiculo en movimiento,Frente a frente,Not an Intersection,No fue interseccion,Sobre calle,Ninguna,Dia total,Despejado,No,NO APLICA,5,9,5,30,1,19/09/2022,3
5,Arkansas,50387,1,1,1,0,37,CROSS (37),4260,WYNNE,9,Septiembre,17,2022,9,18,CS-MULBERRY,6,Calle Local Municipalidad,Urbano,Local,Town or Township Highway Agency,0,Sin jurisdiccion especial,0,35.22247222,-90.79569444,Peaton,El primer evento no fue una colision con un vehiculo automotor en transporte,Four-Way Intersection,Interseccion de 4 direcciones,Sobre calle,Ninguna,Dia total,Despejado,No,NO APLICA,9,18,9,24,1,17/09/2022,1
5,Arkansas,50388,0,0,1,0,11,BRADLEY (11),0,NO APLICA,9,Septiembre,20,2022,11,30,CR-16,4,Calle del Condado,Rural,Local,County Highway Agency,0,Sin jurisdiccion especial,20,33.63510278,-92.13509444,Arbol,El primer evento no fue una colision con un vehiculo automotor en transporte,Not an Intersection,No fue interseccion,Sobre el lado de la calle,Ninguna,Dia total,Despejado,No,NO APLICA,11,0,11,33,1,20/09/2022,1
5,Arkansas,50389,0,0,1,0,119,PULASKI (119),2880,NORTH LITTLE ROCK,9,Septiembre,18,2022,17,16,I-440,1,Interestatal,Urbano,Interestatal,State Highway Agency,1,Sin jurisdiccion especial,44,34.77388333,-92.16196111,Barrera de Trafico de Concreto,El primer evento no fue una colision con un vehiculo automotor en transporte,Not an Intersection,No fue interseccion,Sobre el lado de la calle,Ninguna,Dia total,Nublado,No,NO APLICA,99,98,99,98,1,18/09/2022,1
5,Arkansas,50390,0,0,2,0,119,PULASKI (119),2320,LITTLE ROCK,7,Julio,31,2022,3,6,I-440,1,Interestatal,Urbano,Interestatal,State Highway Agency,1,Sin jurisdiccion especial,23,34.71694167,-92.24230556,Vehiculo en movimiento,Frente a Detrás,Not an Intersection,No fue interseccion,Sobre calle,Ninguna,Oscuro sin iluminacion,lluvia,No,NO APLICA,3,14,3,23,1,31/07/2022,3
5,Arkansas,50391,1,1,1,0,35,CRITTENDEN (35),4120,WEST MEMPHIS,9,Septiembre,15,2022,2,0,I-40,1,Interestatal,Urbano,Interestatal,State Highway Agency,1,Sin jurisdiccion especial,83,35.16607222,-90.20708889,Peaton,El primer evento no fue una colision con un vehiculo automotor en transporte,Not an Intersection,No fue interseccion,Sobre calle,Ninguna,Oscuro sin iluminacion,Despejado,No,NO APLICA,99,99,99,99,1,15/09/2022,1
5,Arkansas,50392,1,1,1,0,119,PULASKI (119),2880,NORTH LITTLE ROCK,9,Septiembre,16,2022,18,45,I-40,1,Interestatal,Urbano,Interestatal,State Highway Agency,1,Sin jurisdiccion especial,1237,34.78495833,-92.12893611,Peaton,El primer evento no fue una colision con un vehiculo automotor en transporte,Not an Intersection,No fue interseccion,Sobre calle,Ninguna,Dia total,Despejado,No,NO APLICA,19,1,19,10,1,16/09/2022,1
5,Arkansas,50393,0,0,1,0,7,BENTON (7),0,NO APLICA,9,Septiembre,19,2022,23,10,SR-94,3,Highway estatal,Urbano,Arteria Menor,State Highway Agency,0,Sin jurisdiccion especial,11,36.45377222,-94.11519444,Acotamiento,El primer evento no fue una colision con un vehiculo automotor en transporte,Not an Intersection,No fue interseccion,Sobre el lado de la calle,Ninguna,Oscuro sin iluminacion,Despejado,No,NO APLICA,88,88,88,88,1,19/09/2022,1
5,Arkansas,50394,0,0,2,0,27,COLUMBIA (27),0,NO APLICA,9,Septiembre,24,2022,20,50,US-82,2,US Highway,Rural,Arteria Principal,State Highway Agency,1,Sin jurisdiccion especial,117,33.29738056,-93.23614444,Vehiculo en movimiento,Angulo,Four-Way Intersection,Interseccion de 4 direcciones,Sobre calle,Ninguna,Oscuro sin iluminacion,Despejado,No,NO APLICA,20,51,20,54,1,24/09/2022,6
5,Arkansas,50395,0,0,2,0,131,SEBASTIAN (131),0,NO APLICA,9,Septiembre,16,2022,6,10,SR-10,3,Highway estatal,Rural,Arteria Menor,State Highway Agency,0,Sin jurisdiccion especial,46,35.18816667,-94.18689444,Vehiculo en movimiento,Angulo,Not an Intersection,No fue interseccion,Sobre calle,Ninguna,Oscuro sin iluminacion,Despejado,No,NO APLICA,6,14,6,25,1,16/09/2022,2
5,Arkansas,50396,0,0,3,0,51,GARLAND (51),1907,HOT SPRINGS,9,Septiembre,23,2022,13,33,US-270B,2,US Highway,Urbano,Arteria Principal,State Highway Agency,1,Sin jurisdiccion especial,19,34.48122222,-93.02997222,Vehiculo en movimiento,Frente a frente,Not an Intersection,No fue interseccion,Sobre calle,Ninguna,Dia total,Despejado,No,NO APLICA,13,39,13,58,1,23/09/2022,3
5,Arkansas,50397,0,0,1,0,5,BAXTER (5),0,NO APLICA,9,Septiembre,12,2022,15,35,SR-5,3,Highway estatal,Rural,Arteria Menor,State Highway Agency,0,Sin jurisdiccion especial,97,36.43566944,-92.45492778,Arbol,El primer evento no fue una colision con un vehiculo automotor en transporte,Not an Intersection,No fue interseccion,Sobre el lado de la calle,Ninguna,Dia total,Despejado,No,NO APLICA,15,40,15,50,1,12/09/2022,1
5,Arkansas,50398,0,0,2,0,1,ARKANSAS (1),0,NO APLICA,9,Septiembre,2,2022,17,18,US-165,2,US Highway,Rural,Arteria Principal,State Highway Agency,1,Sin jurisdiccion especial,330,34.29815278,-91.51224722,Vehiculo en movimiento,Frente a frente,Not an Intersection,No fue interseccion,Sobre calle,Ninguna,Dia total,Despejado,No,NO APLICA,17,19,17,39,1,02/09/2022,2
5,Arkansas,50399,0,0,1,0,57,HEMPSTEAD (57),0,NO APLICA,9,Septiembre,20,2022,6,10,I-30,1,Interestatal,Rural,Interestatal,State Highway Agency,1,Sin jurisdiccion especial,1081,33.7257,-93.54558611,Volcadura,El primer evento no fue una colision con un vehiculo automotor en transporte,Not an Intersection,No fue interseccion,En el medio,Ninguna,Oscuro sin iluminacion,Despejado,No,NO APLICA,88,88,88,88,1,20/09/2022,1
5,Arkansas,50400,0,0,2,0,51,GARLAND (51),0,NO APLICA,9,Septiembre,26,2022,13,19,US-270,2,US Highway,Urbano,Arteria Principal,State Highway Agency,1,Sin jurisdiccion especial,62,34.46499444,-92.95845833,Vehiculo en movimiento,Angulo,Not an Intersection,No fue interseccion,Sobre calle,Ninguna,Dia total,Despejado,No,NO APLICA,13,21,13,30,2,26/09/2022,4
5,Arkansas,50401,0,0,1,0,127,SCOTT (127),0,NO APLICA,9,Septiembre,23,2022,19,42,SR-28,3,Highway estatal,Rural,Colector Mayor,State Highway Agency,0,Sin jurisdiccion especial,15,34.80768889,-94.01311667,Culvert,El primer evento no fue una colision con un vehiculo automotor en transporte,Not an Intersection,No fue interseccion,Sobre el lado de la calle,Ninguna,Oscuro sin iluminacion,Despejado,No,NO APLICA,19,42,20,1,1,23/09/2022,2
5,Arkansas,50402,0,0,2,0,9,BOONE (9),0,NO APLICA,7,Julio,20,2022,16,48,SR-392,3,Highway estatal,Rural,Colector Mayor,State Highway Agency,0,Sin jurisdiccion especial,60,36.23581944,-93.18831111,Vehiculo en movimiento,Angulo,T-Intersection,Interseccion de T,Sobre calle,Ninguna,Dia total,Despejado,No,NO APLICA,16,52,17,6,1,20/07/2022,2
5,Arkansas,50403,0,0,1,0,139,UNION (139),0,NO APLICA,10,Octubre,1,2022,20,57,CR-3733 HILLSBORO RD,4,Calle del Condado,Rural,Local,County Highway Agency,0,Sin jurisdiccion especial,0,33.032675,-92.50382778,Arbol,El primer evento no fue una colision con un vehiculo automotor en transporte,Not an Intersection,No fue interseccion,Sobre el lado de la calle,Ninguna,Oscuro sin iluminacion,Despejado,No,NO APLICA,99,99,99,99,1,01/10/2022,1
5,Arkansas,50405,0,0,1,0,27,COLUMBIA (27),0,NO APLICA,10,Octubre,1,2022,16,40,SR-160,3,Highway estatal,Rural,Colector Mayor,State Highway Agency,0,Sin jurisdiccion especial,5,33.11445,-93.47840833,Volcadura,El primer evento no fue una colision con un vehiculo automotor en transporte,Not an Intersection,No fue interseccion,Sobre el lado de la calle,Ninguna,Dia total,Despejado,No,NO APLICA,99,99,99,99,1,01/10/2022,1
5,Arkansas,50406,0,0,1,0,59,HOT SPRING (59),0,NO APLICA,9,Septiembre,20,2022,13,8,US-67,2,US Highway,Rural,Colector Mayor,State Highway Agency,0,Sin jurisdiccion especial,60,34.40541667,-92.74114722,Buzon de correo,El primer evento no fue una colision con un vehiculo automotor en transporte,Not an Intersection,No fue interseccion,Sobre el lado de la calle,Ninguna,Dia total,Despejado,No,NO APLICA,13,8,13,17,1,20/09/2022,3
5,Arkansas,50407,0,0,2,0,45,FAULKNER (45),0,NO APLICA,10,Octubre,5,2022,6,15,US-65,2,US Highway,Rural,Arteria Principal,Other Federal Agency,1,Sin jurisdiccion especial,0,35.19214444,-92.39179722,Vehiculo en movimiento,Frente a frente,Four-Way Intersection,Interseccion de 4 direcciones,Sobre calle,Ninguna,Dia total,Despejado,No,NO APLICA,6,17,6,42,1,05/10/2022,2
5,Arkansas,50408,0,0,1,0,19,CLARK (19),0,NO APLICA,8,Agosto,5,2022,17,0,CS-N 15TH ST,6,Calle Local Municipalidad,Urbano,Arteria Menor,City or Municipal Highway Agency,0,Sin jurisdiccion especial,11,34.13809722,-93.06608889,Otro objeto (fijo),El primer evento no fue una colision con un vehiculo automotor en transporte,Not an Intersection,No fue interseccion,Sobre el lado de la calle,Ninguna,Dia total,Despejado,No,NO APLICA,17,11,17,22,1,05/08/2022,3
5,Arkansas,50409,0,0,2,0,99,NEVADA (99),0,NO APLICA,10,Octubre,4,2022,11,47,US-278,2,US Highway,Rural,Arteria Menor,State Highway Agency,0,Sin jurisdiccion especial,45,33.62419444,-93.40798611,Vehiculo en movimiento,Angulo,Not an Intersection,No fue interseccion,Sobre calle,Ninguna,Dia total,Despejado,No,NO APLICA,11,59,12,12,1,04/10/2022,2
5,Arkansas,50410,1,1,2,0,143,WASHINGTON (143),3670,SPRINGDALE,10,Octubre,7,2022,21,48,US-71B,2,US Highway,Urbano,Arteria Principal,State Highway Agency,1,Sin jurisdiccion especial,45,36.15430833,-94.14379444,Peaton,El primer evento no fue una colision con un vehiculo automotor en transporte,Not an Intersection,No fue interseccion,Sobre calle,Ninguna,Oscuro sin iluminacion,Despejado,No,NO APLICA,21,50,21,56,1,07/10/2022,2
5,Arkansas,50411,0,0,2,0,119,PULASKI (119),2320,LITTLE ROCK,6,Junio,27,2022,15,13,CS-W 36TH ST,6,Calle Local Municipalidad,Urbano,Arteria Menor,City or Municipal Highway Agency,0,Sin jurisdiccion especial,13,34.72075278,-92.37303056,Vehiculo en movimiento,Frente a frente,Four-Way Intersection,Interseccion de 4 direcciones,Sobre calle,Ninguna,Dia total,Despejado,No,NO APLICA,15,15,15,20,1,27/06/2022,5
5,Arkansas,50412,1,1,1,0,7,BENTON (7),340,BENTONVILLE,10,Octubre,1,2022,21,55,I-49,1,Interestatal,Urbano,Interestatal,State Highway Agency,1,Sin jurisdiccion especial,206,36.33763611,-94.18286667,Peaton,El primer evento no fue una colision con un vehiculo automotor en transporte,Not an Intersection,No fue interseccion,Sobre calle,Ninguna,Oscuro sin iluminacion,Despejado,No,NO APLICA,21,56,22,4,1,01/10/2022,5
5,Arkansas,50413,0,0,1,0,115,POPE (115),1130,DOVER,10,Octubre,9,2022,4,43,SR-164,3,Highway estatal,Rural,Colector Mayor,State Highway Agency,0,Sin jurisdiccion especial,5,35.399025,-93.10783333,Buzon de correo,El primer evento no fue una colision con un vehiculo automotor en transporte,Not an Intersection,No fue interseccion,Sobre el lado de la calle,Ninguna,Oscuro con iluminacion,Despejado,No,NO APLICA,4,46,5,2,1,09/10/2022,1
5,Arkansas,50414,0,0,2,0,127,SCOTT (127),0,NO APLICA,9,Septiembre,30,2022,17,5,US-71,2,US Highway,Rural,Arteria Principal,State Highway Agency,1,Sin jurisdiccion especial,147,34.81501389,-94.03919722,Vehiculo en movimiento,Angulo,Not an Intersection,No fue interseccion,Sobre calle,Ninguna,Dia total,Despejado,No,NO APLICA,17,6,17,20,1,30/09/2022,2
5,Arkansas,50415,0,0,2,0,101,NEWTON (101),0,NO APLICA,10,Octubre,2,2022,15,10,SR-7,3,Highway estatal,Rural,Arteria Menor,State Highway Agency,0,Sin jurisdiccion especial,192,36.05158333,-93.14749722,Vehiculo en movimiento,Golpe Lateral - direccion contraria,Not an Intersection,No fue interseccion,Sobre calle,Ninguna,Dia total,Despejado,No,NO APLICA,15,14,15,26,1,02/10/2022,2
5,Arkansas,50416,0,0,2,0,97,MONTGOMERY (97),2760,MOUNT IDA,10,Octubre,7,2022,14,30,US-270,2,US Highway,Rural,Arteria Principal,State Highway Agency,1,Sin jurisdiccion especial,13,34.54556944,-93.61776389,Vehiculo en movimiento,Frente a Detrás,Not an Intersection,No fue interseccion,Sobre calle,Ninguna,Dia total,Despejado,No,NO APLICA,14,36,14,37,1,07/10/2022,2
5,Arkansas,50417,2,2,3,0,119,PULASKI (119),2880,NORTH LITTLE ROCK,8,Agosto,13,2022,2,48,I-430,1,Interestatal,Urbano,Interestatal,State Highway Agency,1,Sin jurisdiccion especial,112,34.80322778,-92.36991944,Otro objeto (no fijo),El primer evento no fue una colision con un vehiculo automotor en transporte,Not an Intersection,No fue interseccion,Sobre calle,Ninguna,Oscuro con iluminacion,Despejado,No,NO APLICA,2,51,2,59,3,13/08/2022,3
5,Arkansas,50418,0,0,4,0,51,GARLAND (51),0,NO APLICA,9,Septiembre,10,2022,14,22,US-70,2,US Highway,Urbano,Arteria Principal,State Highway Agency,1,Sin jurisdiccion especial,50,34.51128611,-92.93644444,Vehiculo en movimiento,Angulo,Not an Intersection,No fue interseccion,Sobre calle,Ninguna,Dia total,lluvia,No,NO APLICA,14,26,14,35,4,10/09/2022,11
5,Arkansas,50419,0,0,3,0,7,BENTON (7),0,NO APLICA,10,Octubre,2,2022,0,35,I-49,1,Interestatal,Rural,Interestatal,State Highway Agency,1,Sin jurisdiccion especial,958,36.41623333,-94.29530833,Vehiculo en movimiento,Frente a Detrás,Not an Intersection,No fue interseccion,Sobre calle,Ninguna,Oscuro sin iluminacion,Despejado,No,NO APLICA,99,98,99,98,1,02/10/2022,5
5,Arkansas,50420,0,0,1,0,143,WASHINGTON (143),0,NO APLICA,10,Octubre,3,2022,15,55,SR-74,3,Highway estatal,Rural,Colector Mayor,State Highway Agency,0,Sin jurisdiccion especial,10,35.77539722,-94.24527222,Volcadura,El primer evento no fue una colision con un vehiculo automotor en transporte,Not an Intersection,No fue interseccion,Sobre calle,Ninguna,Dia total,Despejado,No,NO APLICA,15,59,16,28,1,03/10/2022,1
5,Arkansas,50421,0,0,2,0,67,JACKSON (67),0,NO APLICA,8,Agosto,13,2022,22,55,US-67,2,US Highway,Rural,Arterial Principal -Freeway o ExpressWay,State Highway Agency,1,Sin jurisdiccion especial,73,35.49585,-91.32145,Vehiculo en movimiento,Frente a Detrás,Not an Intersection,No fue interseccion,Sobre calle,Ninguna,Oscuro sin iluminacion,Despejado,No,NO APLICA,22,59,23,15,1,13/08/2022,2
5,Arkansas,50422,0,0,2,0,7,BENTON (7),1570,GRAVETTE,10,Octubre,6,2022,8,46,SR-72,3,Highway estatal,Rural,Colector Mayor,State Highway Agency,0,Sin jurisdiccion especial,13,36.41685,-94.43237222,Vehiculo en movimiento,Frente a frente,Not an Intersection,No fue interseccion,Sobre calle,Ninguna,Dia total,Despejado,No,NO APLICA,8,46,8,53,1,06/10/2022,4
5,Arkansas,50423,0,0,2,0,85,LONOKE (85),0,NO APLICA,9,Septiembre,16,2022,17,20,SR-15,3,Highway estatal,Rural,Colector Mayor,State Highway Agency,0,Sin jurisdiccion especial,79,34.72050556,-92.00734722,Vehiculo en movimiento,Angulo,Four-Way Intersection,Interseccion de 4 direcciones,Sobre calle,Ninguna,Dia total,Despejado,No,NO APLICA,17,28,17,48,1,16/09/2022,2
5,Arkansas,50424,0,0,1,0,33,CRAWFORD (33),0,NO APLICA,10,Octubre,4,2022,21,50,US-64,2,US Highway,Urbano,Arteria Principal,State Highway Agency,1,Sin jurisdiccion especial,0,35.45562222,-94.29732778,Zanja,El primer evento no fue una colision con un vehiculo automotor en transporte,Not an Intersection,No fue interseccion,En el medio,Ninguna,Oscuro sin iluminacion,Despejado,No,NO APLICA,21,53,21,57,1,04/10/2022,1
5,Arkansas,50425,0,0,2,0,125,SALINE (125),0,NO APLICA,10,Octubre,2,2022,9,0,CR-CHICOT RD,4,Calle del Condado,Urbano,Arteria Menor,County Highway Agency,0,Sin jurisdiccion especial,23,34.59402222,-92.36703889,Vehiculo en movimiento,Frente a frente,Not an Intersection,No fue interseccion,Sobre calle,Ninguna,Dia total,Despejado,No,NO APLICA,9,2,9,16,1,02/10/2022,4
5,Arkansas,50426,1,1,1,0,107,PHILLIPS (107),1830,HELENA-WEST HELENA,10,Octubre,8,2022,21,48,US-49,2,US Highway,Urbano,Arteria Menor,State Highway Agency,0,Sin jurisdiccion especial,1,34.52918889,-90.5915,Peaton,El primer evento no fue una colision con un vehiculo automotor en transporte,Not an Intersection,No fue interseccion,Sobre calle,Ninguna,Otra,Despejado,No,NO APLICA,21,51,22,11,1,08/10/2022,2
5,Arkansas,50427,1,1,1,0,143,WASHINGTON (143),1310,FAYETTEVILLE,10,Octubre,11,2022,4,34,I-49,1,Interestatal,Urbano,Interestatal,State Highway Agency,1,Sin jurisdiccion especial,1,36.08745833,-94.19474722,Peaton,El primer evento no fue una colision con un vehiculo automotor en transporte,Not an Intersection,No fue interseccion,Sobre calle,"Zona de trabajo, tipo desconocido",Oscuro sin iluminacion,Nublado,No,NO APLICA,4,35,4,43,1,11/10/2022,1
5,Arkansas,50428,0,0,2,0,33,CRAWFORD (33),0,NO APLICA,10,Octubre,7,2022,15,44,SR-59,3,Highway estatal,Rural,Arteria Menor,State Highway Agency,0,Sin jurisdiccion especial,227,35.49826944,-94.35536111,Vehiculo en movimiento,Frente a frente,Not an Intersection,No fue interseccion,Sobre calle,Ninguna,Dia total,Despejado,No,NO APLICA,15,44,15,57,1,07/10/2022,2
5,Arkansas,50429,0,0,2,0,91,MILLER (91),3810,TEXARKANA,10,Octubre,8,2022,14,35,US-82,2,US Highway,Urbano,Arteria Principal,State Highway Agency,1,Sin jurisdiccion especial,29,33.43011667,-93.97778889,Vehiculo en movimiento,Angulo,Four-Way Intersection,Interseccion de 4 direcciones,Sobre calle,Ninguna,Dia total,Despejado,No,NO APLICA,99,99,99,99,1,08/10/2022,3
5,Arkansas,50430,0,0,1,0,91,MILLER (91),0,NO APLICA,10,Octubre,9,2022,2,10,SR-160,3,Highway estatal,Rural,Colector Mayor,State Highway Agency,0,Sin jurisdiccion especial,95,33.09113333,-93.90655556,Poste de Señal de trafico,El primer evento no fue una colision con un vehiculo automotor en transporte,Not an Intersection,No fue interseccion,Sobre el lado de la calle,Ninguna,Oscuro sin iluminacion,Despejado,No,NO APLICA,88,88,88,88,1,09/10/2022,1
5,Arkansas,50431,0,0,2,0,79,LINCOLN (79),0,NO APLICA,9,Septiembre,27,2022,15,22,US-425,2,US Highway,Rural,Arteria Principal,State Highway Agency,1,Sin jurisdiccion especial,44,33.99923889,-91.81434444,Vehiculo en movimiento,Frente a frente,Not an Intersection,No fue interseccion,Sobre Acotamiento,Ninguna,Dia total,Despejado,No,NO APLICA,15,27,15,32,1,27/09/2022,2
5,Arkansas,50432,0,0,1,0,85,LONOKE (85),2350,LONOKE,10,Octubre,16,2022,22,16,CR-N WILLIE RAY DR,4,Calle del Condado,Urbano,Local,County Highway Agency,0,Sin jurisdiccion especial,1,34.99768056,-92.00666667,Arbol,El primer evento no fue una colision con un vehiculo automotor en transporte,Not an Intersection,No fue interseccion,"Fuera de la calle, ubicacion desconocida",Ninguna,Oscuro sin iluminacion,Despejado,No,NO APLICA,22,18,22,28,1,16/10/2022,2
5,Arkansas,50433,0,0,1,0,119,PULASKI (119),0,NO APLICA,8,Agosto,17,2022,12,18,CR-LAWSON RD,4,Calle del Condado,Rural,Local,County Highway Agency,0,Sin jurisdiccion especial,0,34.707725,-92.42355556,Arbol,El primer evento no fue una colision con un vehiculo automotor en transporte,Not an Intersection,No fue interseccion,Sobre el lado de la calle,Ninguna,Dia total,Nublado,No,NO APLICA,99,99,99,99,2,17/08/2022,2
5,Arkansas,50434,0,0,2,0,67,JACKSON (67),0,NO APLICA,9,Septiembre,23,2022,23,29,US-67,2,US Highway,Rural,Arterial Principal -Freeway o ExpressWay,Other Federal Agency,1,Sin jurisdiccion especial,75,35.50539167,-91.31556111,Vehiculo en movimiento,Frente a frente,Not an Intersection,No fue interseccion,Sobre calle,Ninguna,Oscuro sin iluminacion,Despejado,No,NO APLICA,23,34,23,40,1,23/09/2022,2