Estado,Nombre de Estado,Numero de Caso,Peatones,Personas _no_vehiculos,Vehiculos automotores,Vehiculos estacionados,Condado,Nombre Condado,Ciudad,Nombre Ciudad,Mes,Nombre Mes,Dia,Año,Hora,Minuto,Calle,Ruta,Nombre Ruta,Rural o Urbanoo,Sistema Funcional,Dueño Calle,Sistema Nacional Carreteras,Jurisdiccion Especial,Milla,Latitud,Longitud,Causa del Accidente,Tipo de Accidente,Tipo Interseccion,Columna1,Lugar en la calle,Zona de Trabajo,Luz,Clima,Autobus Escolar,Cruce de Trenes,Hora Notificacion,Minuto Notificacion,Hora Llegada,Minuto Llegada,Decesos,Fecha,PersonaVehiculo
5,Arkansas,50435,0,0,1,0,9,BOONE (9),0,NO APLICA,10,Octubre,13,2022,2,50,SR-281,3,Highway estatal,Rural,Colector Mayor,State Highway Agency,0,Sin jurisdiccion especial,82,36.4201,-93.02028056,Barda,El primer evento no fue una colision con un vehiculo automotor en transporte,Not an Intersection,No fue interseccion,Sobre el lado de la calle,Ninguna,Oscuro sin iluminacion,Despejado,No,NO APLICA,88,88,88,88,1,13/10/2022,1
5,Arkansas,50436,0,0,1,0,65,IZARD (65),0,NO APLICA,9,Septiembre,10,2022,1,0,SR-56,3,Highway estatal,Rural,Arteria Menor,State Highway Agency,0,Sin jurisdiccion especial,54,36.15305,-91.85623056,Barda,El primer evento no fue una colision con un vehiculo automotor en transporte,Not an Intersection,No fue interseccion,Sobre el lado de la calle,Ninguna,Reportada como desconocida,Reportado como desconocido,No,NO APLICA,88,88,88,88,1,10/09/2022,1
5,Arkansas,50437,0,0,2,0,79,LINCOLN (79),0,NO APLICA,10,Octubre,7,2022,16,12,SR-530,3,Highway estatal,Rural,Arteria Menor,State Highway Agency,0,Sin jurisdiccion especial,87,33.93175556,-91.88913611,Vehiculo en movimiento,Angulo,Four-Way Intersection,Interseccion de 4 direcciones,Sobre calle,Ninguna,Dia total,Despejado,No,NO APLICA,16,13,16,29,1,07/10/2022,7
5,Arkansas,50438,1,1,1,0,7,BENTON (7),3390,ROGERS,10,Octubre,8,2022,13,50,CS-PINNACLE HILLS,6,Calle Local Municipalidad,Urbano,Arteria Menor,Town or Township Highway Agency,0,Sin jurisdiccion especial,0,36.29575833,-94.18690278,No vehiculo o remolque,El primer evento no fue una colision con un vehiculo automotor en transporte,Not an Intersection,No fue interseccion,Sobre calle,Ninguna,Dia total,Despejado,No,NO APLICA,13,50,13,53,1,08/10/2022,1
5,Arkansas,50439,0,0,2,0,131,SEBASTIAN (131),1630,GREENWOOD,10,Octubre,4,2022,17,2,SR-10,3,Highway estatal,Rural,Arteria Menor,State Highway Agency,0,Sin jurisdiccion especial,23,35.20223611,-94.22204722,Vehiculo en movimiento,Frente a frente,Not an Intersection,No fue interseccion,Sobre calle,Ninguna,Dia total,Despejado,No,NO APLICA,17,6,17,13,1,04/10/2022,2
5,Arkansas,50440,0,0,2,0,31,CRAIGHEAD (31),2070,JONESBORO,8,Agosto,29,2022,3,33,I-555,1,Interestatal,Urbano,Interestatal,State Highway Agency,1,Sin jurisdiccion especial,142,35.76449444,-90.57681667,Vehiculo en movimiento,Frente a frente,Not an Intersection,No fue interseccion,Sobre calle,Ninguna,Oscuro sin iluminacion,Despejado,No,NO APLICA,3,40,3,55,2,29/08/2022,2
5,Arkansas,50441,1,1,1,0,91,MILLER (91),0,NO APLICA,10,Octubre,14,2022,21,37,US-71,2,US Highway,Rural,Arteria Menor,State Highway Agency,0,Sin jurisdiccion especial,142,33.21745833,-93.8872,Peaton,El primer evento no fue una colision con un vehiculo automotor en transporte,Not an Intersection,No fue interseccion,Sobre calle,Ninguna,Oscuro sin iluminacion,Despejado,No,NO APLICA,21,37,21,53,1,14/10/2022,2
5,Arkansas,50442,0,0,1,0,25,CLEVELAND (25),0,NO APLICA,10,Octubre,18,2022,11,32,US-79,2,US Highway,Rural,Arteria Principal,State Highway Agency,1,Sin jurisdiccion especial,13,33.86315556,-92.33385556,Culvert,El primer evento no fue una colision con un vehiculo automotor en transporte,Not an Intersection,No fue interseccion,Sobre el lado de la calle,Ninguna,Dia total,Despejado,No,NO APLICA,11,50,11,59,1,18/10/2022,1
5,Arkansas,50443,0,0,2,0,137,STONE (137),0,NO APLICA,10,Octubre,7,2022,17,37,SR-263,3,Highway estatal,Rural,Colector Mayor,State Highway Agency,0,Sin jurisdiccion especial,16,35.71538333,-92.13371389,Vehiculo en movimiento,Frente a frente,Not an Intersection,No fue interseccion,Sobre calle,Ninguna,Dia total,Despejado,No,NO APLICA,17,46,17,50,1,07/10/2022,2
5,Arkansas,50444,0,0,2,0,125,SALINE (125),0,NO APLICA,10,Octubre,8,2022,16,58,CR-CONGO FERNDALE RD,4,Calle del Condado,Rural,Arteria Menor,County Highway Agency,0,Sin jurisdiccion especial,0,34.71368889,-92.57746111,Vehiculo en movimiento,Angulo,Four-Way Intersection,Interseccion de 4 direcciones,Sobre calle,Ninguna,Dia total,Despejado,No,NO APLICA,16,58,17,10,1,08/10/2022,2
5,Arkansas,50445,0,0,1,0,93,MISSISSIPPI (93),450,BLYTHEVILLE,10,Octubre,7,2022,13,0,CS-S ELM ST,6,Calle Local Municipalidad,Urbano,Colector Mayor,Town or Township Highway Agency,0,Sin jurisdiccion especial,23,35.89326389,-89.90978611,Arbol,El primer evento no fue una colision con un vehiculo automotor en transporte,L-Intersection,Interseccion en L,Sobre el lado de la calle,Ninguna,Dia total,Despejado,No,NO APLICA,13,26,13,57,1,07/10/2022,1
5,Arkansas,50446,0,0,1,0,51,GARLAND (51),1907,HOT SPRINGS,10,Octubre,22,2022,21,20,CS-ROSEWOOD ST,6,Calle Local Municipalidad,Urbano,Local,City or Municipal Highway Agency,0,Sin jurisdiccion especial,1,34.46946389,-93.08113333,Culvert,El primer evento no fue una colision con un vehiculo automotor en transporte,Four-Way Intersection,Interseccion de 4 direcciones,Sobre el lado de la calle,Ninguna,Oscuro con iluminacion,Despejado,No,NO APLICA,21,30,21,35,1,22/10/2022,1
5,Arkansas,50447,0,0,1,0,33,CRAWFORD (33),0,NO APLICA,10,Octubre,16,2022,17,20,CR-WEBBER CREEK RD,4,Calle del Condado,Rural,Local,County Highway Agency,0,Sin jurisdiccion especial,0,35.52614167,-94.43322222,Arbol,El primer evento no fue una colision con un vehiculo automotor en transporte,Not an Intersection,No fue interseccion,Sobre el lado de la calle,Ninguna,Dia total,Despejado,No,NO APLICA,17,30,17,50,1,16/10/2022,1
5,Arkansas,50448,0,0,1,0,15,CARROLL (15),0,NO APLICA,10,Octubre,18,2022,18,31,SR-21,3,Highway estatal,Rural,Arteria Menor,State Highway Agency,0,Sin jurisdiccion especial,63,36.43243056,-93.53228056,Otro objeto (no fijo),El primer evento no fue una colision con un vehiculo automotor en transporte,Not an Intersection,No fue interseccion,Sobre el lado de la calle,Ninguna,Atardecer,Despejado,No,NO APLICA,18,31,18,41,1,18/10/2022,1
5,Arkansas,50449,0,0,2,0,63,INDEPENDENCE (63),0,NO APLICA,10,Octubre,12,2022,13,20,SR-87,3,Highway estatal,Rural,Colector Mayor,State Highway Agency,0,Sin jurisdiccion especial,23,35.56242778,-91.66639722,Volcadura,El primer evento no fue una colision con un vehiculo automotor en transporte,Not an Intersection,No fue interseccion,Sobre calle,Ninguna,Dia total,Nublado,No,NO APLICA,13,23,13,40,1,12/10/2022,2
5,Arkansas,50450,0,0,2,0,85,LONOKE (85),4020,WARD,10,Octubre,18,2022,20,5,SR-38,3,Highway estatal,Urbano,Arteria Menor,State Highway Agency,0,Sin jurisdiccion especial,27,34.98196944,-91.97004167,Vehiculo en movimiento,Frente a frente,Not an Intersection,No fue interseccion,Sobre calle,Ninguna,Oscuro sin iluminacion,Despejado,No,NO APLICA,20,7,20,15,1,18/10/2022,2
5,Arkansas,50451,1,1,1,0,131,SEBASTIAN (131),1370,FORT SMITH,8,Agosto,21,2022,4,15,US-71B,2,US Highway,Urbano,Arteria Principal,State Highway Agency,1,Sin jurisdiccion especial,21,35.331525,-94.42288333,Peaton,El primer evento no fue una colision con un vehiculo automotor en transporte,Not an Intersection,No fue interseccion,Sobre calle,Ninguna,Oscuro con iluminacion,lluvia,No,NO APLICA,4,22,4,26,1,21/08/2022,1
5,Arkansas,50452,0,0,2,0,79,LINCOLN (79),0,NO APLICA,9,Septiembre,15,2022,18,15,SR-530,3,Highway estatal,Rural,Arteria Menor,State Highway Agency,0,Sin jurisdiccion especial,65,33.95926667,-91.90807222,Vehiculo en movimiento,Angulo,Four-Way Intersection,Interseccion de 4 direcciones,Sobre calle,Ninguna,Dia total,Despejado,No,NO APLICA,99,99,99,99,1,15/09/2022,2
5,Arkansas,50453,0,0,2,0,129,SEARCY (129),0,NO APLICA,10,Octubre,24,2022,13,39,US-65,2,US Highway,Rural,Arteria Principal,State Highway Agency,1,Sin jurisdiccion especial,86,35.81556667,-92.54794444,Vehiculo en movimiento,Frente a frente,Not an Intersection,No fue interseccion,Sobre calle,Ninguna,Dia total,Nublado,No,NO APLICA,99,99,99,99,1,24/10/2022,2
5,Arkansas,50454,0,0,3,0,55,GREENE (55),0,NO APLICA,8,Agosto,9,2022,9,52,US-49,2,US Highway,Urbano,Arteria Principal,State Highway Agency,1,Sin jurisdiccion especial,208,36.05692222,-90.50449444,Vehiculo en movimiento,Angulo,Not an Intersection,No fue interseccion,Sobre calle,Ninguna,Dia total,Despejado,No,NO APLICA,9,54,9,54,1,09/08/2022,3
5,Arkansas,50455,0,0,2,0,93,MISSISSIPPI (93),0,NO APLICA,8,Agosto,21,2022,16,45,SR-140,3,Highway estatal,Rural,Arteria Menor,State Highway Agency,0,Sin jurisdiccion especial,77,35.69871944,-90.17290556,Vehiculo en movimiento,Frente a frente,Not an Intersection,No fue interseccion,Sobre calle,Ninguna,Dia total,Despejado,No,NO APLICA,16,50,17,12,1,21/08/2022,2
5,Arkansas,50456,0,0,2,0,35,CRITTENDEN (35),0,NO APLICA,10,Octubre,29,2022,19,6,W NORTH SERVICE RD,7,Calle Local,Urbano,Interestatal,State Highway Agency,1,Sin jurisdiccion especial,0,35.17112778,-90.19070556,Vehiculo en movimiento,Frente a frente,Not an Intersection,No fue interseccion,Sobre calle,Ninguna,Oscuro sin iluminacion,lluvia,No,NO APLICA,19,15,19,24,1,29/10/2022,4
5,Arkansas,50457,1,1,1,0,69,JEFFERSON (69),3150,PINE BLUFF,8,Agosto,23,2022,5,54,US-79B,2,US Highway,Rural,Arteria Principal,State Highway Agency,1,Sin jurisdiccion especial,0,34.19375,-92.059425,Ciclista,El primer evento no fue una colision con un vehiculo automotor en transporte,Four-Way Intersection,Interseccion de 4 direcciones,Sobre calle,Ninguna,Oscuro con iluminacion,Despejado,No,NO APLICA,5,55,6,0,1,23/08/2022,1
5,Arkansas,50458,1,1,2,0,91,MILLER (91),3810,TEXARKANA,10,Octubre,31,2022,22,34,I-30,1,Interestatal,Urbano,Interestatal,State Highway Agency,1,Sin jurisdiccion especial,6,33.47038889,-94.03321667,Peaton,El primer evento no fue una colision con un vehiculo automotor en transporte,Not an Intersection,No fue interseccion,Sobre calle,"Zona de trabajo, tipo desconocido",Oscuro sin iluminacion,Despejado,No,NO APLICA,99,98,99,98,1,31/10/2022,2
5,Arkansas,50459,0,0,2,0,7,BENTON (7),3390,ROGERS,8,Agosto,26,2022,8,47,US-79B,2,US Highway,Urbano,Arteria Principal,State Highway Agency,1,Sin jurisdiccion especial,93,36.333925,-94.13966667,Vehiculo en movimiento,Angulo,Not an Intersection,No fue interseccion,Sobre calle,Ninguna,Dia total,Despejado,No,NO APLICA,8,50,8,53,1,26/08/2022,3
5,Arkansas,50460,0,0,2,1,119,PULASKI (119),2320,LITTLE ROCK,10,Octubre,31,2022,0,50,CS-W 11TH ST,6,Calle Local Municipalidad,Urbano,Arteria Menor,Town or Township Highway Agency,0,Sin jurisdiccion especial,0,34.740725,-92.30577778,Poste,El primer evento no fue una colision con un vehiculo automotor en transporte,Not an Intersection,No fue interseccion,Sobre el lado de la calle,Ninguna,Oscuro con iluminacion,Despejado,No,NO APLICA,0,50,0,58,1,31/10/2022,1
5,Arkansas,50461,0,0,1,0,69,JEFFERSON (69),4156,WHITE HALL,10,Octubre,23,2022,4,1,I-530,1,Interestatal,Urbano,Interestatal,State Highway Agency,1,Sin jurisdiccion especial,1,34.28447778,-92.11741111,Poste de Señal de trafico,El primer evento no fue una colision con un vehiculo automotor en transporte,Not an Intersection,No fue interseccion,Gore?,Ninguna,Oscuro sin iluminacion,Despejado,No,NO APLICA,4,1,4,38,3,23/10/2022,4
5,Arkansas,50462,0,0,1,0,107,PHILLIPS (107),0,NO APLICA,9,Septiembre,7,2022,11,58,CR-115,4,Calle del Condado,Rural,Local,County Highway Agency,0,Sin jurisdiccion especial,0,34.57548056,-90.87101944,Soporte de Puente,El primer evento no fue una colision con un vehiculo automotor en transporte,Not an Intersection,No fue interseccion,Sobre el lado de la calle,Ninguna,Dia total,Despejado,No,NO APLICA,12,1,12,12,1,07/09/2022,1
5,Arkansas,50463,0,0,2,0,87,MADISON (87),0,NO APLICA,11,Noviembre,1,2022,8,25,US-412,2,US Highway,Rural,Arteria Principal,State Highway Agency,1,Sin jurisdiccion especial,28,36.16117222,-93.86773333,Vehiculo en movimiento,Angulo,Not an Intersection,No fue interseccion,Sobre calle,Ninguna,Dia total,Despejado,No,NO APLICA,8,28,8,38,1,01/11/2022,2
5,Arkansas,50464,0,0,1,0,105,PERRY (105),0,NO APLICA,11,Noviembre,2,2022,6,45,SR-113,3,Highway estatal,Rural,Colector Mayor,State Highway Agency,0,Sin jurisdiccion especial,40,35.06771944,-92.74251389,Poste de Señal de trafico,El primer evento no fue una colision con un vehiculo automotor en transporte,Not an Intersection,No fue interseccion,Sobre el lado de la calle,Ninguna,Oscuro sin iluminacion,Despejado,No,NO APLICA,6,45,6,54,1,02/11/2022,1
5,Arkansas,50465,1,1,1,0,125,SALINE (125),570,BRYANT,8,Agosto,6,2022,99,99,SOUTH SERVICE RD,7,Calle Local,Urbano,Local,City or Municipal Highway Agency,0,Sin jurisdiccion especial,0,34.62878333,-92.47444444,Peaton,El primer evento no fue una colision con un vehiculo automotor en transporte,Not Reported,No reportado,No reportado,"Zona de trabajo, tipo desconocido",No reportada,No reportado,No,NO APLICA,88,88,88,88,1,06/08/2022,1
5,Arkansas,50466,0,0,2,1,145,WHITE (145),3530,SEARCY,11,Noviembre,3,2022,16,38,CS-HOLMES RD,6,Calle Local Municipalidad,Urbano,Local,Town or Township Highway Agency,0,Sin jurisdiccion especial,0,35.26088333,-91.74523333,Vehiculo Aparcado,El primer evento no fue una colision con un vehiculo automotor en transporte,Not an Intersection,No fue interseccion,Fuera de la calle,Ninguna,Dia total,Despejado,No,NO APLICA,16,40,16,44,1,03/11/2022,1
5,Arkansas,50467,0,0,2,0,7,BENTON (7),340,BENTONVILLE,11,Noviembre,1,2022,15,40,I-49,1,Interestatal,Urbano,Interestatal,State Highway Agency,1,Sin jurisdiccion especial,856,36.35268611,-94.17877222,Vehiculo en movimiento,Angulo,Not an Intersection,No fue interseccion,Sobre calle,Ninguna,Dia total,Despejado,No,NO APLICA,15,44,15,52,2,01/11/2022,3
5,Arkansas,50468,0,0,1,0,103,OUACHITA (103),0,NO APLICA,11,Noviembre,3,2022,22,0,US-278,2,US Highway,Rural,Arteria Menor,State Highway Agency,0,Sin jurisdiccion especial,123,33.56023889,-92.91056389,Volcadura,El primer evento no fue una colision con un vehiculo automotor en transporte,Not an Intersection,No fue interseccion,Sobre calle,Ninguna,Oscuro sin iluminacion,Despejado,No,NO APLICA,7,35,7,44,1,03/11/2022,1
5,Arkansas,50469,0,0,3,0,143,WASHINGTON (143),3670,SPRINGDALE,11,Noviembre,6,2022,19,44,US-412,2,US Highway,Urbano,Arteria Principal,State Highway Agency,1,Sin jurisdiccion especial,72,36.17581111,-94.20909722,Vehiculo en movimiento,Golpe Lateral - misma direccion,Not an Intersection,No fue interseccion,Sobre calle,Ninguna,Oscuro con iluminacion,Despejado,No,NO APLICA,19,44,19,50,1,06/11/2022,5
5,Arkansas,50470,0,0,2,0,105,PERRY (105),360,BIGELOW,10,Octubre,17,2022,19,39,SR-113,3,Highway estatal,Rural,Colector Mayor,State Highway Agency,0,Sin jurisdiccion especial,86,35.00248056,-92.63117778,Vehiculo en movimiento,Frente a frente,Not an Intersection,No fue interseccion,Sobre calle,Ninguna,No reportada,Despejado,No,NO APLICA,19,39,19,54,1,17/10/2022,2
5,Arkansas,50471,0,0,1,0,143,WASHINGTON (143),0,NO APLICA,10,Octubre,18,2022,6,10,CR-N WEDINGTON BLACKTOP,4,Calle del Condado,Rural,Colector Mayor,County Highway Agency,0,Sin jurisdiccion especial,33,36.03541111,-94.39252778,Zanja,El primer evento no fue una colision con un vehiculo automotor en transporte,Not an Intersection,No fue interseccion,Sobre el lado de la calle,Ninguna,Oscuro sin iluminacion,Despejado,No,NO APLICA,88,88,88,88,1,18/10/2022,1
5,Arkansas,50472,0,0,2,0,119,PULASKI (119),2320,LITTLE ROCK,10,Octubre,29,2022,2,10,I-430,1,Interestatal,Urbano,Interestatal,State Highway Agency,1,Sin jurisdiccion especial,62,34.74045833,-92.39090556,Vehiculo en movimiento,Frente a frente,Not an Intersection,No fue interseccion,Sobre Acotamiento,Ninguna,Oscuro sin iluminacion,Despejado,No,NO APLICA,2,15,2,21,1,29/10/2022,2
5,Arkansas,50473,0,0,1,0,27,COLUMBIA (27),2490,MAGNOLIA,11,Noviembre,4,2022,6,58,CS-SHANHOUSE BLVD,6,Calle Local Municipalidad,Urbano,Local,Town or Township Highway Agency,0,Sin jurisdiccion especial,2,33.28525556,-93.24216111,Arbol,El primer evento no fue una colision con un vehiculo automotor en transporte,Not an Intersection,No fue interseccion,Sobre el lado de la calle,Ninguna,Amanecer,Despejado,No,NO APLICA,7,5,7,18,1,04/11/2022,1
5,Arkansas,50474,1,1,1,0,7,BENTON (7),340,BENTONVILLE,11,Noviembre,3,2022,22,4,I-49,1,Interestatal,Urbano,Interestatal,State Highway Agency,1,Sin jurisdiccion especial,856,36.35294444,-94.178725,Peaton,El primer evento no fue una colision con un vehiculo automotor en transporte,Not an Intersection,No fue interseccion,Sobre calle,Ninguna,Oscuro sin iluminacion,Despejado,No,NO APLICA,99,98,99,98,1,03/11/2022,1
5,Arkansas,50475,0,0,1,0,119,PULASKI (119),2036,JACKSONVILLE,11,Noviembre,6,2022,7,22,US-67,2,US Highway,Rural,Arterial Principal -Freeway o ExpressWay,State Highway Agency,1,Sin jurisdiccion especial,148,34.93609444,-92.07801667,Valla Ferrocarril,El primer evento no fue una colision con un vehiculo automotor en transporte,Not an Intersection,No fue interseccion,Sobre el lado de la calle,Ninguna,Dia total,Neblina o Humo,No,NO APLICA,99,99,99,99,1,06/11/2022,1
5,Arkansas,50476,0,0,2,0,27,COLUMBIA (27),0,NO APLICA,11,Noviembre,5,2022,4,52,US-371,2,US Highway,Rural,Arteria Menor,State Highway Agency,0,Sin jurisdiccion especial,130,33.20131389,-93.40142222,Vehiculo en movimiento,Frente a frente,Not an Intersection,No fue interseccion,Sobre calle,Ninguna,Oscuro sin iluminacion,Nublado,No,NO APLICA,99,99,99,99,1,05/11/2022,2
5,Arkansas,50477,0,0,2,0,129,SEARCY (129),0,NO APLICA,11,Noviembre,14,2022,15,30,US-65,2,US Highway,Rural,Arteria Principal,State Highway Agency,1,Sin jurisdiccion especial,30,35.87550278,-92.60436111,Vehiculo en movimiento,Frente a frente,Not an Intersection,No fue interseccion,Sobre calle,Ninguna,Dia total,Nublado,No,NO APLICA,15,37,15,48,1,14/11/2022,3
5,Arkansas,50479,0,0,1,0,119,PULASKI (119),0,NO APLICA,9,Septiembre,15,2022,23,16,CR-REPUBLICAN RD,4,Calle del Condado,Rural,Colector Mayor,County Highway Agency,0,Sin jurisdiccion especial,0,34.93965556,-92.0943,Buzon de correo,El primer evento no fue una colision con un vehiculo automotor en transporte,Not an Intersection,No fue interseccion,Sobre el lado de la calle,Ninguna,Oscuro - iluminacion desconocida,Despejado,No,NO APLICA,99,99,99,99,1,15/09/2022,1
5,Arkansas,50480,0,0,1,0,69,JEFFERSON (69),2045,JEFFERSON,10,Octubre,30,2022,6,20,I-530,1,Interestatal,Rural,Interestatal,State Highway Agency,1,Sin jurisdiccion especial,17,34.18497778,-91.9833,Volcadura,El primer evento no fue una colision con un vehiculo automotor en transporte,Not an Intersection,No fue interseccion,En el medio,Ninguna,Oscuro sin iluminacion,Despejado,No,NO APLICA,6,22,6,30,1,30/10/2022,1
5,Arkansas,50481,0,0,2,0,39,DALLAS (39),1340,FORDYCE,11,Noviembre,6,2022,5,10,US-79-6,2,US Highway,Urbano,Arteria Principal,State Highway Agency,1,Sin jurisdiccion especial,24,33.82384167,-92.430825,Vehiculo en movimiento,Frente a Detrás,Not an Intersection,No fue interseccion,Sobre calle,Ninguna,Oscuro sin iluminacion,Despejado,No,NO APLICA,5,13,5,26,1,06/11/2022,2
5,Arkansas,50482,0,0,1,0,65,IZARD (65),610,CALICO ROCK,11,Noviembre,11,2022,5,33,SR-56-1,3,Highway estatal,Rural,Arteria Menor,State Highway Agency,0,Sin jurisdiccion especial,24,36.14447778,-92.12168056,Culvert,El primer evento no fue una colision con un vehiculo automotor en transporte,Not an Intersection,No fue interseccion,Sobre el lado de la calle,Ninguna,Oscuro sin iluminacion,Nublado,No,NO APLICA,5,33,5,39,1,11/11/2022,1
5,Arkansas,50483,0,0,1,0,93,MISSISSIPPI (93),450,BLYTHEVILLE,11,Noviembre,4,2022,23,45,CS-BARKER RD,6,Calle Local Municipalidad,Urbano,Colector Menor,Town or Township Highway Agency,0,Sin jurisdiccion especial,0,35.88213333,-89.92585556,Arbol,El primer evento no fue una colision con un vehiculo automotor en transporte,Not an Intersection,No fue interseccion,Sobre el lado de la calle,Ninguna,Oscuro sin iluminacion,Despejado,No,NO APLICA,23,53,23,55,1,04/11/2022,2
5,Arkansas,50484,0,0,2,0,55,GREENE (55),0,NO APLICA,11,Noviembre,14,2022,15,4,US-49,2,US Highway,Rural,Arteria Menor,State Highway Agency,0,Sin jurisdiccion especial,115,36.11095,-90.44274167,Vehiculo en movimiento,Angulo,Four-Way Intersection,Interseccion de 4 direcciones,Sobre calle,Ninguna,Dia total,Despejado,No,NO APLICA,99,99,99,99,1,14/11/2022,2
5,Arkansas,50485,0,0,1,0,45,FAULKNER (45),0,NO APLICA,11,Noviembre,12,2022,0,0,CR-OTTO RD,4,Calle del Condado,Rural,Colector Menor,County Highway Agency,0,Sin jurisdiccion especial,56,35.03023889,-92.28821111,Volcadura,El primer evento no fue una colision con un vehiculo automotor en transporte,Not an Intersection,No fue interseccion,Sobre el lado de la calle,Ninguna,Oscuro sin iluminacion,Nublado,No,NO APLICA,0,9,0,27,1,12/11/2022,1
5,Arkansas,50486,0,0,1,0,35,CRITTENDEN (35),0,NO APLICA,9,Septiembre,16,2022,3,53,SR-147,3,Highway estatal,Rural,Colector Mayor,State Highway Agency,0,Sin jurisdiccion especial,88,35.06729722,-90.313425,Zanja,El primer evento no fue una colision con un vehiculo automotor en transporte,Not an Intersection,No fue interseccion,Sobre el lado de la calle,Ninguna,Oscuro sin iluminacion,Despejado,No,NO APLICA,99,98,99,98,1,16/09/2022,1
5,Arkansas,50487,0,0,2,0,119,PULASKI (119),2320,LITTLE ROCK,11,Noviembre,18,2022,1,24,SR-5,3,Highway estatal,Urbano,Arteria Menor,State Highway Agency,0,Sin jurisdiccion especial,24,34.67128333,-92.4182,Vehiculo en movimiento,Angulo,Four-Way Intersection,Interseccion de 4 direcciones,Sobre calle,Ninguna,Oscuro con iluminacion,Despejado,No,NO APLICA,1,26,1,32,1,18/11/2022,3
5,Arkansas,50488,0,0,2,0,85,LONOKE (85),600,CABOT,11,Noviembre,10,2022,14,15,SR-5,3,Highway estatal,Urbano,Arteria Principal,State Highway Agency,0,Sin jurisdiccion especial,46,35.00987778,-92.07074722,Valla Ferrocarril,El primer evento no fue una colision con un vehiculo automotor en transporte,Not an Intersection,No fue interseccion,Sobre el lado de la calle,Ninguna,Dia total,Despejado,No,NO APLICA,99,99,99,99,2,10/11/2022,2
5,Arkansas,50489,0,0,1,0,103,OUACHITA (103),3710,STEPHENS,11,Noviembre,20,2022,2,40,US-79,2,US Highway,Rural,Arteria Principal,State Highway Agency,1,Sin jurisdiccion especial,22,33.41163889,-93.08151944,Acotamiento,El primer evento no fue una colision con un vehiculo automotor en transporte,Not an Intersection,No fue interseccion,Sobre el lado de la calle,Ninguna,Oscuro sin iluminacion,Despejado,No,NO APLICA,2,43,3,7,1,20/11/2022,1
5,Arkansas,50490,2,2,1,0,51,GARLAND (51),1907,HOT SPRINGS,11,Noviembre,22,2022,16,25,CS-THORNTON FERRY RD,6,Calle Local Municipalidad,Urbano,Colector Mayor,Town or Township Highway Agency,0,Sin jurisdiccion especial,2,34.50104722,-93.12588889,Barda,El primer evento no fue una colision con un vehiculo automotor en transporte,Not an Intersection,No fue interseccion,Sobre el lado de la calle,Ninguna,Dia total,Despejado,No,NO APLICA,16,26,16,34,1,22/11/2022,1
5,Arkansas,50491,0,0,4,0,123,ST FRANCIS (123),0,NO APLICA,10,Octubre,4,2022,12,5,I-40,1,Interestatal,Rural,Interestatal,State Highway Agency,1,Sin jurisdiccion especial,390,35.04276667,-90.71029444,Vehiculo en movimiento,Golpe Lateral - misma direccion,Not an Intersection,No fue interseccion,Sobre calle,"Zona de trabajo, tipo desconocido",Dia total,Despejado,No,NO APLICA,12,14,12,22,1,04/10/2022,5
5,Arkansas,50492,1,1,1,0,145,WHITE (145),0,NO APLICA,9,Septiembre,23,2022,20,23,CR-OLD RAILROAD RD,4,Calle del Condado,Rural,Local,County Highway Agency,0,Sin jurisdiccion especial,0,35.21226111,-91.62971667,Peaton,El primer evento no fue una colision con un vehiculo automotor en transporte,Not an Intersection,No fue interseccion,Sobre calle,Ninguna,Oscuro sin iluminacion,Despejado,No,NO APLICA,20,28,20,36,1,23/09/2022,2
5,Arkansas,50493,0,0,2,0,45,FAULKNER (45),0,NO APLICA,11,Noviembre,26,2022,0,0,I-40,1,Interestatal,Rural,Interestatal,State Highway Agency,1,Sin jurisdiccion especial,1304,35.04136944,-92.41188889,Vehiculo en movimiento,Frente a Detrás,Not an Intersection,No fue interseccion,Sobre calle,Ninguna,Oscuro sin iluminacion,Nublado,No,NO APLICA,0,4,0,10,1,26/11/2022,3
5,Arkansas,50494,0,0,2,0,87,MADISON (87),0,NO APLICA,11,Noviembre,14,2022,22,0,US-412,2,US Highway,Rural,Arteria Principal,State Highway Agency,1,Sin jurisdiccion especial,57,36.124775,-93.837275,Vehiculo en movimiento,Frente a frente,Not an Intersection,No fue interseccion,Sobre calle,Ninguna,Oscuro sin iluminacion,Nieve,No,NO APLICA,22,0,22,14,2,14/11/2022,3
5,Arkansas,50495,0,0,1,0,99,NEVADA (99),0,NO APLICA,11,Noviembre,28,2022,16,15,US-278,2,US Highway,Rural,Colector Menor,State Highway Agency,0,Sin jurisdiccion especial,76,33.60326667,-93.35806389,Arbol,El primer evento no fue una colision con un vehiculo automotor en transporte,Not an Intersection,No fue interseccion,Sobre el lado de la calle,Ninguna,Dia total,Despejado,No,NO APLICA,16,24,17,0,1,28/11/2022,1
5,Arkansas,50496,0,0,2,0,145,WHITE (145),3530,SEARCY,11,Noviembre,30,2022,12,32,SR-36,3,Highway estatal,Urbano,Arteria Menor,State Highway Agency,0,Sin jurisdiccion especial,2,35.25027222,-91.68494722,Vehiculo en movimiento,Angulo,Not an Intersection,No fue interseccion,Sobre calle,Ninguna,Dia total,Despejado,No,NO APLICA,12,33,12,37,1,30/11/2022,2
5,Arkansas,50497,0,0,3,0,45,FAULKNER (45),0,NO APLICA,11,Noviembre,22,2022,16,35,SR-89,3,Highway estatal,Rural,Arteria Menor,State Highway Agency,0,Sin jurisdiccion especial,66,34.95902778,-92.34591389,Vehiculo en movimiento,Frente a Detrás,Four-Way Intersection,Interseccion de 4 direcciones,Sobre calle,Ninguna,Dia total,Despejado,No,NO APLICA,16,43,16,49,1,22/11/2022,3