Estado,Nombre de Estado,Numero de Caso,Peatones,Personas _no_vehiculos,Vehiculos automotores,Vehiculos estacionados,Condado,Nombre Condado,Ciudad,Nombre Ciudad,Mes,Nombre Mes,Dia,Año,Hora,Minuto,Calle,Ruta,Nombre Ruta,Rural o Urbanoo,Sistema Funcional,Dueño Calle,Sistema Nacional Carreteras,Jurisdiccion Especial,Milla,Latitud,Longitud,Causa del Accidente,Tipo de Accidente,Tipo Interseccion,Columna1,Lugar en la calle,Zona de Trabajo,Luz,Clima,Autobus Escolar,Cruce de Trenes,Hora Notificacion,Minuto Notificacion,Hora Llegada,Minuto Llegada,Decesos,Fecha,PersonaVehiculo
5,Arkansas,50498,0,0,1,0,145,WHITE (145),0,NO APLICA,11,Noviembre,26,2022,1,0,CR-MORRIS SCHOOL RD,4,Calle del Condado,Rural,Colector Menor,County Highway Agency,0,Sin jurisdiccion especial,16,35.28978056,-91.86253889,Arbol,El primer evento no fue una colision con un vehiculo automotor en transporte,Not an Intersection,No fue interseccion,Sobre el lado de la calle,Ninguna,Oscuro sin iluminacion,Despejado,No,NO APLICA,1,6,1,21,1,26/11/2022,1
5,Arkansas,50499,0,0,1,0,27,COLUMBIA (27),0,NO APLICA,12,Diciembre,3,2022,2,11,US-82,2,US Highway,Rural,Arteria Principal,State Highway Agency,1,Sin jurisdiccion especial,94,33.250275,-93.09438611,Poste de Señal de trafico,El primer evento no fue una colision con un vehiculo automotor en transporte,Not an Intersection,No fue interseccion,Sobre el lado de la calle,Ninguna,Oscuro sin iluminacion,Despejado,No,NO APLICA,2,11,2,23,1,03/12/2022,1
5,Arkansas,50500,0,0,2,0,31,CRAIGHEAD (31),0,NO APLICA,9,Septiembre,25,2022,19,45,SR-18,3,Highway estatal,Urbano,Arteria Principal,State Highway Agency,1,Sin jurisdiccion especial,50,35.82100278,-90.63580833,Vehiculo en movimiento,Frente a frente,Not an Intersection,No fue interseccion,Sobre calle,Ninguna,Oscuro con iluminacion,Despejado,No,NO APLICA,19,52,19,56,1,25/09/2022,3
5,Arkansas,50501,0,0,1,0,131,SEBASTIAN (131),235,BARLING,11,Noviembre,22,2022,6,40,SR-22,3,Highway estatal,Urbano,Arteria Menor,State Highway Agency,0,Sin jurisdiccion especial,97,35.31651389,-94.27216944,Barda,El primer evento no fue una colision con un vehiculo automotor en transporte,Not an Intersection,No fue interseccion,Sobre el lado de la calle,Ninguna,Dia total,Despejado,No,NO APLICA,6,40,6,43,1,22/11/2022,1
5,Arkansas,50502,0,0,1,0,111,POINSETT (111),0,NO APLICA,10,Octubre,26,2022,13,55,SR-135,3,Highway estatal,Rural,Arteria Menor,State Highway Agency,0,Sin jurisdiccion especial,112,35.62410833,-90.32845833,Zanja,El primer evento no fue una colision con un vehiculo automotor en transporte,Not an Intersection,No fue interseccion,Sobre el lado de la calle,Ninguna,Dia total,Despejado,No,NO APLICA,14,4,14,16,1,26/10/2022,1
5,Arkansas,50503,0,0,1,0,77,LEE (77),0,NO APLICA,11,Noviembre,24,2022,4,5,US-79,2,US Highway,Rural,Arteria Principal,State Highway Agency,1,Sin jurisdiccion especial,13,34.78785,-90.76095,Volcadura,El primer evento no fue una colision con un vehiculo automotor en transporte,Not an Intersection,No fue interseccion,Sobre el lado de la calle,Ninguna,Oscuro sin iluminacion,lluvia,No,NO APLICA,4,8,4,16,1,24/11/2022,1
5,Arkansas,50504,0,0,2,0,35,CRITTENDEN (35),0,NO APLICA,12,Diciembre,2,2022,23,51,SR-147,3,Highway estatal,Rural,Arteria Menor,State Highway Agency,0,Sin jurisdiccion especial,70,35.05250556,-90.33769722,Vehiculo en movimiento,Frente a frente,Not an Intersection,No fue interseccion,Sobre calle,Ninguna,Oscuro sin iluminacion,Despejado,No,NO APLICA,23,51,0,6,1,02/12/2022,3
5,Arkansas,50505,0,0,2,0,13,CALHOUN (13),0,NO APLICA,12,Diciembre,6,2022,18,0,US-167,2,US Highway,Rural,Arteria Principal,State Highway Agency,1,Sin jurisdiccion especial,30,33.38153333,-92.50272222,Vehiculo en movimiento,Frente a frente,Not an Intersection,No fue interseccion,Sobre calle,Ninguna,Oscuro sin iluminacion,lluvia,No,NO APLICA,18,1,18,20,1,06/12/2022,2
5,Arkansas,50506,0,0,1,0,141,VAN BUREN (141),0,NO APLICA,12,Diciembre,8,2022,9,47,US-65,2,US Highway,Rural,Arteria Principal,State Highway Agency,1,Sin jurisdiccion especial,5,35.78505,-92.54418889,Poste de Señal de trafico,El primer evento no fue una colision con un vehiculo automotor en transporte,Not an Intersection,No fue interseccion,Sobre el lado de la calle,Ninguna,Dia total,lluvia,No,NO APLICA,99,99,99,99,1,08/12/2022,1
5,Arkansas,50507,0,0,2,0,11,BRADLEY (11),0,NO APLICA,11,Noviembre,4,2022,20,20,US-63,2,US Highway,Rural,Arteria Menor,State Highway Agency,0,Sin jurisdiccion especial,6,33.69811667,-92.0306,Vehiculo en movimiento,Frente a frente,Not an Intersection,No fue interseccion,Sobre calle,Ninguna,Oscuro sin iluminacion,lluvia,No,NO APLICA,20,28,20,39,1,04/11/2022,7
5,Arkansas,50508,0,0,2,0,17,CHICOT (17),1070,DERMOTT,12,Diciembre,6,2022,6,10,US-165,2,US Highway,Rural,Arteria Menor,State Highway Agency,0,Sin jurisdiccion especial,81,33.53012222,-91.40686944,Vehiculo en movimiento,Frente a frente,Four-Way Intersection,Interseccion de 4 direcciones,Sobre calle,Ninguna,Amanecer,Despejado,No,NO APLICA,6,15,6,30,2,06/12/2022,3
5,Arkansas,50509,1,1,1,0,143,WASHINGTON (143),3670,SPRINGDALE,12,Diciembre,10,2022,19,15,SR-265,3,Highway estatal,Urbano,Arteria Principal,State Highway Agency,1,Sin jurisdiccion especial,74,36.15789444,-94.11862778,Peaton,El primer evento no fue una colision con un vehiculo automotor en transporte,Not an Intersection,No fue interseccion,Sobre calle,Ninguna,Oscuro con iluminacion,Nublado,No,NO APLICA,19,19,19,28,1,10/12/2022,2
5,Arkansas,50510,0,0,2,0,131,SEBASTIAN (131),1370,FORT SMITH,9,Septiembre,21,2022,17,30,S WALDRON RD,6,Calle Local Municipalidad,Urbano,Arteria Menor,City or Municipal Highway Agency,0,Sin jurisdiccion especial,0,35.36794167,-94.37275,Vehiculo en movimiento,Angulo,Not an Intersection,No fue interseccion,Sobre calle,Ninguna,Dia total,Despejado,No,NO APLICA,17,40,17,43,1,21/09/2022,3
5,Arkansas,50511,0,0,1,0,123,ST FRANCIS (123),1360,FORREST CITY,10,Octubre,27,2022,14,34,CS-N DIVISION ST,6,Calle Local Municipalidad,Urbano,Arteria Menor,Town or Township Highway Agency,0,Sin jurisdiccion especial,0,35.01990556,-90.78986667,Poste,El primer evento no fue una colision con un vehiculo automotor en transporte,Not an Intersection,No fue interseccion,Sobre el lado de la calle,Ninguna,Dia total,Despejado,No,NO APLICA,14,34,14,36,1,27/10/2022,1
5,Arkansas,50512,1,1,1,0,119,PULASKI (119),2320,LITTLE ROCK,12,Diciembre,2,2022,18,25,SR-365,3,Highway estatal,Urbano,Arteria Menor,State Highway Agency,0,Sin jurisdiccion especial,10,34.72376944,-92.26140278,Peaton,El primer evento no fue una colision con un vehiculo automotor en transporte,Not an Intersection,No fue interseccion,Sobre calle,Ninguna,Atardecer,Despejado,No,NO APLICA,18,26,18,34,1,02/12/2022,1
5,Arkansas,50513,0,0,2,0,89,MARION (89),0,NO APLICA,11,Noviembre,27,2022,4,23,US-62,2,US Highway,Rural,Arteria Principal,State Highway Agency,1,Sin jurisdiccion especial,14,36.2329,-92.66040833,Vehiculo en movimiento,Frente a frente,Not an Intersection,No fue interseccion,Sobre calle,Ninguna,Oscuro sin iluminacion,Nublado,No,NO APLICA,4,23,4,35,2,27/11/2022,2
5,Arkansas,50514,0,0,1,0,131,SEBASTIAN (131),0,NO APLICA,12,Diciembre,7,2022,14,18,SR-45,3,Highway estatal,Rural,Colector Mayor,State Highway Agency,0,Sin jurisdiccion especial,62,35.09555556,-94.36662778,Volcadura,El primer evento no fue una colision con un vehiculo automotor en transporte,Not an Intersection,No fue interseccion,Sobre el lado de la calle,Ninguna,Dia total,Nublado,No,NO APLICA,99,99,99,99,1,07/12/2022,1
5,Arkansas,50515,0,0,3,0,69,JEFFERSON (69),0,NO APLICA,10,Octubre,4,2022,10,51,US-65,2,US Highway,Rural,Arteria Principal,State Highway Agency,1,Sin jurisdiccion especial,26,34.19474444,-91.92023056,Vehiculo en movimiento,Angulo,Not an Intersection,No fue interseccion,Sobre calle,Ninguna,Dia total,Despejado,No,NO APLICA,10,59,11,10,2,04/10/2022,7
5,Arkansas,50516,0,0,2,0,75,LAWRENCE (75),0,NO APLICA,11,Noviembre,19,2022,19,15,US-67,2,US Highway,Rural,Arteria Principal,State Highway Agency,1,Sin jurisdiccion especial,181,36.12627222,-90.95678889,Vehiculo en movimiento,Frente a frente,Not an Intersection,No fue interseccion,Sobre calle,Ninguna,Oscuro sin iluminacion,Despejado,No,NO APLICA,19,15,19,22,3,19/11/2022,3
5,Arkansas,50517,0,0,1,0,75,LAWRENCE (75),0,NO APLICA,12,Diciembre,6,2022,0,55,US-63,2,US Highway,Rural,Arteria Principal,State Highway Agency,1,Sin jurisdiccion especial,44,36.21271389,-91.20591944,Volcadura,El primer evento no fue una colision con un vehiculo automotor en transporte,Not an Intersection,No fue interseccion,Sobre el lado de la calle,Ninguna,Oscuro sin iluminacion,Nublado,No,NO APLICA,88,88,88,88,1,06/12/2022,1
5,Arkansas,50518,0,0,2,0,7,BENTON (7),340,BENTONVILLE,12,Diciembre,4,2022,17,37,US-62,2,US Highway,Urbano,Arteria Principal,State Highway Agency,1,Sin jurisdiccion especial,0,36.356375,-94.17923056,Vehiculo en movimiento,Angulo,Four-Way Intersection,Interseccion de 4 direcciones,Sobre calle,Ninguna,Oscuro con iluminacion,Despejado,No,NO APLICA,17,39,17,44,1,04/12/2022,3
5,Arkansas,50519,0,0,2,0,85,LONOKE (85),0,NO APLICA,10,Octubre,28,2022,7,22,US-165,2,US Highway,Rural,Arteria Principal,State Highway Agency,1,Sin jurisdiccion especial,109,34.54475833,-91.83558333,Vehiculo en movimiento,Golpe Lateral - direccion contraria,Not an Intersection,No fue interseccion,Sobre calle,Ninguna,Amanecer,Despejado,No,NO APLICA,99,99,99,99,1,28/10/2022,2
5,Arkansas,50520,0,0,1,0,51,GARLAND (51),1907,HOT SPRINGS,12,Diciembre,9,2022,23,51,CS-ALPINE ST,6,Calle Local Municipalidad,Urbano,Local,Town or Township Highway Agency,0,Sin jurisdiccion especial,0,34.48273333,-93.07068611,Arbol,El primer evento no fue una colision con un vehiculo automotor en transporte,Not an Intersection,No fue interseccion,Fuera de la calle,Ninguna,Oscuro sin iluminacion,Despejado,No,NO APLICA,23,56,0,1,1,09/12/2022,1
5,Arkansas,50521,0,0,2,0,35,CRITTENDEN (35),4120,WEST MEMPHIS,12,Diciembre,16,2022,15,40,US-70,2,US Highway,Urbano,Arteria Principal,State Highway Agency,0,Sin jurisdiccion especial,144,35.14624444,-90.14556667,Vehiculo en movimiento,Frente a frente,Not an Intersection,No fue interseccion,Sobre calle,Ninguna,Dia total,Despejado,No,NO APLICA,15,46,15,53,1,16/12/2022,2
5,Arkansas,50522,0,0,2,0,71,JOHNSON (71),0,NO APLICA,12,Diciembre,6,2022,14,29,SR-164,3,Highway estatal,Rural,Colector Mayor,State Highway Agency,0,Sin jurisdiccion especial,51,35.505925,-93.65843889,Vehiculo en movimiento,Frente a frente,Not an Intersection,No fue interseccion,Sobre calle,Ninguna,Dia total,Nublado,No,NO APLICA,14,29,14,41,1,06/12/2022,2
5,Arkansas,50523,0,0,1,0,7,BENTON (7),0,NO APLICA,12,Diciembre,7,2022,18,30,US-62,2,US Highway,Rural,Arteria Menor,State Highway Agency,0,Sin jurisdiccion especial,229,36.48774167,-93.88029167,Arbol,El primer evento no fue una colision con un vehiculo automotor en transporte,Not an Intersection,No fue interseccion,Sobre el lado de la calle,Ninguna,Oscuro sin iluminacion,lluvia,No,NO APLICA,18,31,18,42,1,07/12/2022,1
5,Arkansas,50524,0,0,2,0,119,PULASKI (119),2036,JACKSONVILLE,12,Diciembre,19,2022,2,50,US 67 FRONTAGE RD,7,Calle Local,Urbano,Arteria Principal,State Highway Agency,0,Sin jurisdiccion especial,53,34.927225,-92.08150556,Vehiculo en movimiento,Frente a Detrás,Not an Intersection,No fue interseccion,Sobre calle,Ninguna,Oscuro con iluminacion,Despejado,No,NO APLICA,2,58,3,10,1,19/12/2022,2
5,Arkansas,50525,1,4,2,1,123,ST FRANCIS (123),0,NO APLICA,12,Diciembre,4,2022,3,37,I-40,1,Interestatal,Rural,Interestatal,State Highway Agency,1,Sin jurisdiccion especial,2595,35.13233611,-90.49226944,Peaton,El primer evento no fue una colision con un vehiculo automotor en transporte,Not an Intersection,No fue interseccion,Sobre Acotamiento,Ninguna,Oscuro sin iluminacion,Despejado,No,NO APLICA,3,42,3,55,1,04/12/2022,1
5,Arkansas,50526,0,0,1,0,9,BOONE (9),0,NO APLICA,12,Diciembre,5,2022,7,14,SR-7,3,Highway estatal,Rural,Colector Mayor,State Highway Agency,0,Sin jurisdiccion especial,145,36.36643056,-92.95952778,Acotamiento,El primer evento no fue una colision con un vehiculo automotor en transporte,Not an Intersection,No fue interseccion,Sobre el lado de la calle,Ninguna,Dia total,Despejado,No,NO APLICA,7,17,7,34,1,05/12/2022,1
5,Arkansas,50527,0,0,2,0,143,WASHINGTON (143),3670,SPRINGDALE,11,Noviembre,24,2022,16,55,W HUNTSVILLE AVE,6,Calle Local Municipalidad,Urbano,Arteria Menor,City or Municipal Highway Agency,0,Sin jurisdiccion especial,0,36.18887222,-94.14739167,Vehiculo en movimiento,Angulo,Four-Way Intersection,Interseccion de 4 direcciones,Sobre calle,Ninguna,Atardecer,lluvia,No,NO APLICA,16,56,17,1,1,24/11/2022,6
5,Arkansas,50528,0,0,1,0,85,LONOKE (85),0,NO APLICA,12,Diciembre,11,2022,3,30,I-40,1,Interestatal,Rural,Interestatal,State Highway Agency,1,Sin jurisdiccion especial,1196,34.791825,-92.05650278,Valla Ferrocarril,El primer evento no fue una colision con un vehiculo automotor en transporte,Not an Intersection,No fue interseccion,Sobre el lado de la calle,Ninguna,Oscuro sin iluminacion,Nublado,No,NO APLICA,3,35,3,49,1,11/12/2022,1
5,Arkansas,50529,0,0,2,0,45,FAULKNER (45),0,NO APLICA,12,Diciembre,11,2022,8,30,US-64,2,US Highway,Rural,Arteria Principal,State Highway Agency,1,Sin jurisdiccion especial,58,35.08576944,-92.33445556,Vehiculo en movimiento,Angulo,T-Intersection,Interseccion de T,Sobre calle,Ninguna,Dia total,Nublado,No,NO APLICA,8,35,8,42,1,11/12/2022,2
5,Arkansas,50530,0,0,1,0,125,SALINE (125),0,NO APLICA,11,Noviembre,25,2022,22,42,CR-CHICOTRD,4,Calle del Condado,Rural,Arteria Menor,County Highway Agency,0,Sin jurisdiccion especial,68,34.53496389,-92.38203056,Zanja,El primer evento no fue una colision con un vehiculo automotor en transporte,Not an Intersection,No fue interseccion,Sobre el lado de la calle,Ninguna,Oscuro sin iluminacion,Despejado,No,NO APLICA,99,98,99,98,1,25/11/2022,1
5,Arkansas,50531,1,1,1,0,51,GARLAND (51),1907,HOT SPRINGS,12,Diciembre,18,2022,18,15,SR-7,3,Highway estatal,Urbano,Arteria Principal,State Highway Agency,1,Sin jurisdiccion especial,89,34.48353611,-93.05975556,Peaton,El primer evento no fue una colision con un vehiculo automotor en transporte,Not an Intersection,No fue interseccion,Sobre calle,Ninguna,Oscuro con iluminacion,Despejado,No,NO APLICA,18,18,18,23,1,18/12/2022,1
5,Arkansas,50532,0,0,1,0,115,POPE (115),0,NO APLICA,12,Diciembre,17,2022,4,0,SR-7,3,Highway estatal,Rural,Arteria Menor,State Highway Agency,0,Sin jurisdiccion especial,46,35.560725,-93.07035556,Zanja,El primer evento no fue una colision con un vehiculo automotor en transporte,Not an Intersection,No fue interseccion,Sobre el lado de la calle,Ninguna,Oscuro sin iluminacion,Despejado,No,NO APLICA,4,36,5,2,1,17/12/2022,1
5,Arkansas,50533,0,0,2,0,31,CRAIGHEAD (31),560,BROOKLAND,12,Diciembre,12,2022,18,24,US-49,2,US Highway,Urbano,Arteria Principal,State Highway Agency,1,Sin jurisdiccion especial,45,35.907475,-90.588175,Vehiculo en movimiento,Frente a Detrás,Four-Way Intersection,Interseccion de 4 direcciones,Sobre calle,Ninguna,Oscuro con iluminacion,Despejado,No,NO APLICA,18,26,18,33,1,12/12/2022,3
5,Arkansas,50534,0,0,1,0,35,CRITTENDEN (35),4120,WEST MEMPHIS,12,Diciembre,26,2022,23,0,CS-ELIZABETH LN,6,Calle Local Municipalidad,Urbano,Local,City or Municipal Highway Agency,0,Sin jurisdiccion especial,4,35.12835556,-90.19321944,Volcadura,El primer evento no fue una colision con un vehiculo automotor en transporte,Not an Intersection,No fue interseccion,Sobre el lado de la calle,Ninguna,Oscuro con iluminacion,Despejado,No,NO APLICA,23,17,23,24,1,26/12/2022,1
5,Arkansas,50535,0,0,2,0,75,LAWRENCE (75),0,NO APLICA,10,Octubre,3,2022,12,36,US-63,2,US Highway,Rural,Arteria Principal,State Highway Agency,1,Sin jurisdiccion especial,1,36.24225833,-91.26610833,Vehiculo en movimiento,Golpe Lateral - direccion contraria,Not an Intersection,No fue interseccion,Sobre calle,Ninguna,Dia total,Despejado,No,NO APLICA,12,38,12,53,1,03/10/2022,2
5,Arkansas,50536,1,1,1,0,127,SCOTT (127),2530,MANSFIELD,10,Octubre,15,2022,22,17,US-71,2,US Highway,Rural,Arteria Principal,Other Federal Agency,1,Sin jurisdiccion especial,65,34.88178889,-94.103375,Peaton,El primer evento no fue una colision con un vehiculo automotor en transporte,Not an Intersection,No fue interseccion,Sobre calle,Ninguna,Oscuro sin iluminacion,lluvia,No,NO APLICA,22,17,22,35,1,15/10/2022,2
5,Arkansas,50537,0,0,1,0,35,CRITTENDEN (35),4120,WEST MEMPHIS,10,Octubre,4,2022,4,0,I-55,1,Interestatal,Urbano,Interestatal,State Highway Agency,1,Sin jurisdiccion especial,41,35.152475,-90.142825,Barrera de Cable,El primer evento no fue una colision con un vehiculo automotor en transporte,Not an Intersection,No fue interseccion,En el medio,Ninguna,Oscuro sin iluminacion,Despejado,No,NO APLICA,4,4,4,9,1,04/10/2022,1
5,Arkansas,50538,0,0,2,0,47,FRANKLIN (47),0,NO APLICA,11,Noviembre,6,2022,6,20,I-40,1,Interestatal,Rural,Interestatal,State Highway Agency,1,Sin jurisdiccion especial,383,35.50984167,-93.803375,Vehiculo en movimiento,Frente a Detrás,Not an Intersection,No fue interseccion,Sobre calle,Ninguna,Oscuro sin iluminacion,Despejado,No,NO APLICA,6,23,6,31,1,06/11/2022,2
5,Arkansas,50539,0,0,3,0,85,LONOKE (85),0,NO APLICA,11,Noviembre,18,2022,16,47,US-165,2,US Highway,Rural,Arteria Principal,State Highway Agency,1,Sin jurisdiccion especial,313,34.69532222,-92.09567222,Vehiculo en movimiento,Golpe Lateral - direccion contraria,Not an Intersection,No fue interseccion,Sobre calle,Ninguna,Oscuro sin iluminacion,Despejado,No,NO APLICA,16,58,17,10,1,18/11/2022,11
5,Arkansas,50540,0,0,2,0,85,LONOKE (85),0,NO APLICA,12,Diciembre,13,2022,13,2,CR-JOHN SHELTON RD,4,Calle del Condado,Rural,Colector Mayor,County Highway Agency,0,Sin jurisdiccion especial,12,34.83091667,-92.04004444,Vehiculo en movimiento,Angulo,T-Intersection,Interseccion de T,Sobre calle,Ninguna,Dia total,Nublado,No,NO APLICA,13,2,13,7,1,13/12/2022,3
5,Arkansas,50542,0,0,2,0,7,BENTON (7),340,BENTONVILLE,12,Diciembre,17,2022,6,32,US-79B,2,US Highway,Urbano,Arteria Principal,State Highway Agency,1,Sin jurisdiccion especial,3,36.33512222,-94.18729444,Banqueta,El primer evento no fue una colision con un vehiculo automotor en transporte,Not an Intersection,No fue interseccion,Sobre el lado de la calle,Ninguna,Oscuro con iluminacion,Despejado,No,NO APLICA,6,33,6,38,1,17/12/2022,3
5,Arkansas,50543,0,0,1,0,119,PULASKI (119),2320,LITTLE ROCK,12,Diciembre,24,2022,4,10,CS-CHICOT RD,6,Calle Local Municipalidad,Urbano,Local,City or Municipal Highway Agency,0,Sin jurisdiccion especial,0,34.640975,-92.363825,Arbol,El primer evento no fue una colision con un vehiculo automotor en transporte,Not an Intersection,No fue interseccion,Sobre el lado de la calle,Ninguna,Oscuro con iluminacion,Despejado,No,NO APLICA,88,88,88,88,1,24/12/2022,1
5,Arkansas,50544,0,0,2,0,45,FAULKNER (45),860,CONWAY,12,Diciembre,22,2022,10,25,US-65,2,US Highway,Urbano,Arteria Principal,State Highway Agency,1,Sin jurisdiccion especial,191,35.11292778,-92.42575556,Vehiculo en movimiento,Frente a frente,Not an Intersection,No fue interseccion,Sobre calle,Ninguna,Dia total,Otro,No,NO APLICA,10,26,10,35,1,22/12/2022,2
5,Arkansas,50545,0,0,2,0,37,CROSS (37),4260,WYNNE,12,Diciembre,18,2022,18,5,SR-1,3,Highway estatal,Urbano,Arteria Principal,State Highway Agency,1,Sin jurisdiccion especial,38,35.20217222,-90.79312778,Vehiculo en movimiento,Frente a frente,T-Intersection,Interseccion de T,Sobre calle,Ninguna,Oscuro sin iluminacion,Despejado,No,NO APLICA,18,7,18,10,3,18/12/2022,5
5,Arkansas,50546,1,1,1,0,119,PULASKI (119),2880,NORTH LITTLE ROCK,9,Septiembre,25,2022,0,13,US-67,2,US Highway,Urbano,Arterial Principal -Freeway o ExpressWay,State Highway Agency,1,Sin jurisdiccion especial,83,34.84515,-92.15210278,Peaton,El primer evento no fue una colision con un vehiculo automotor en transporte,Not an Intersection,No fue interseccion,Sobre calle,Ninguna,Oscuro sin iluminacion,lluvia,No,NO APLICA,0,18,0,28,1,25/09/2022,1
5,Arkansas,50547,0,0,1,0,87,MADISON (87),0,NO APLICA,10,Octubre,5,2022,12,20,SR-23,3,Highway estatal,Rural,Arteria Menor,State Highway Agency,0,Sin jurisdiccion especial,74,35.84871111,-93.74589722,Zanja,El primer evento no fue una colision con un vehiculo automotor en transporte,Not an Intersection,No fue interseccion,Sobre el lado de la calle,Ninguna,Dia total,Despejado,No,NO APLICA,12,23,12,42,1,05/10/2022,1
5,Arkansas,50548,0,0,1,0,103,OUACHITA (103),0,NO APLICA,12,Diciembre,31,2022,9,45,US-79,2,US Highway,Rural,Arteria Principal,State Highway Agency,1,Sin jurisdiccion especial,53,33.61538056,-92.77166111,Poste de Señal de trafico,El primer evento no fue una colision con un vehiculo automotor en transporte,Not an Intersection,No fue interseccion,Sobre el lado de la calle,Ninguna,Dia total,Despejado,No,NO APLICA,9,52,10,2,1,31/12/2022,1
5,Arkansas,50550,0,0,1,0,145,WHITE (145),0,NO APLICA,12,Diciembre,13,2022,8,20,SR-5,3,Highway estatal,Rural,Arteria Menor,State Highway Agency,0,Sin jurisdiccion especial,117,35.26793333,-92.0686,Acotamiento,El primer evento no fue una colision con un vehiculo automotor en transporte,Not an Intersection,No fue interseccion,Sobre el lado de la calle,Ninguna,Dia total,Neblina o Humo,No,NO APLICA,8,22,8,41,1,13/12/2022,2
5,Arkansas,50551,0,0,3,0,27,COLUMBIA (27),2490,MAGNOLIA,12,Diciembre,27,2022,7,2,US-82,2,US Highway,Urbano,Arteria Principal,State Highway Agency,1,Sin jurisdiccion especial,27,33.26170556,-93.20873056,Vehiculo en movimiento,Golpe Lateral - direccion contraria,Not an Intersection,No fue interseccion,Sobre calle,Ninguna,Dia total,Despejado,No,NO APLICA,99,99,99,99,1,27/12/2022,3
5,Arkansas,50552,0,0,1,0,71,JOHNSON (71),800,CLARKSVILLE,12,Diciembre,28,2022,22,32,I-40,1,Interestatal,Urbano,Interestatal,State Highway Agency,1,Sin jurisdiccion especial,1,35.45194722,-93.46310833,Acotamiento,El primer evento no fue una colision con un vehiculo automotor en transporte,Not an Intersection,No fue interseccion,Gore?,Ninguna,Oscuro con iluminacion,Despejado,No,NO APLICA,22,32,22,36,1,28/12/2022,1
5,Arkansas,50553,0,0,2,0,119,PULASKI (119),2320,LITTLE ROCK,12,Diciembre,31,2022,19,16,CS-GEYERSPRINGS RD,6,Calle Local Municipalidad,Urbano,Arteria Menor,Town or Township Highway Agency,0,Sin jurisdiccion especial,7,34.69063611,-92.343175,Vehiculo en movimiento,Angulo,Four-Way Intersection,Interseccion de 4 direcciones,Sobre calle,Ninguna,Oscuro con iluminacion,Despejado,No,NO APLICA,19,16,19,16,1,31/12/2022,4
5,Arkansas,50554,0,0,1,0,1,ARKANSAS (1),0,NO APLICA,10,Octubre,7,2022,18,52,US-165,2,US Highway,Rural,Arteria Principal,State Highway Agency,1,Sin jurisdiccion especial,430,34.42559444,-91.54199167,Culvert,El primer evento no fue una colision con un vehiculo automotor en transporte,Not an Intersection,No fue interseccion,Sobre el lado de la calle,Ninguna,Atardecer,Despejado,No,NO APLICA,18,52,19,2,1,07/10/2022,4
5,Arkansas,50555,0,0,3,0,31,CRAIGHEAD (31),0,NO APLICA,11,Noviembre,1,2022,7,22,US-63,2,US Highway,Rural,Arteria Principal,State Highway Agency,1,Sin jurisdiccion especial,83,35.86792778,-90.78249722,Vehiculo en movimiento,Golpe Lateral - misma direccion,Not an Intersection,No fue interseccion,Sobre calle,"Zona de trabajo, tipo desconocido",Amanecer,Despejado,No,NO APLICA,7,25,7,34,1,01/11/2022,3
5,Arkansas,50556,0,0,3,0,143,WASHINGTON (143),3840,TONTITOWN,10,Octubre,12,2022,12,47,US-412,2,US Highway,Rural,Arteria Principal,Other Federal Agency,1,Sin jurisdiccion especial,64,36.175975,-94.22061389,Vehiculo en movimiento,Frente a Detrás,Four-Way Intersection,Interseccion de 4 direcciones,Sobre calle,Ninguna,Dia total,Despejado,No,NO APLICA,12,50,13,0,1,12/10/2022,4
5,Arkansas,50557,0,0,2,0,149,YELL (149),0,NO APLICA,10,Octubre,27,2022,17,5,SR-27,3,Highway estatal,Rural,Arteria Menor,State Highway Agency,0,Sin jurisdiccion especial,150,35.19788333,-93.21316667,Vehiculo en movimiento,Frente a frente,Not an Intersection,No fue interseccion,Sobre calle,Ninguna,Dia total,Nublado,No,NO APLICA,17,13,17,22,1,27/10/2022,2
5,Arkansas,50558,0,0,2,0,7,BENTON (7),3610,SILOAM SPRINGS,12,Diciembre,3,2022,15,44,US-412,2,US Highway,Urbano,Arteria Principal,State Highway Agency,1,Sin jurisdiccion especial,31,36.1811,-94.51605,Vehiculo en movimiento,Frente a frente,Not an Intersection,No fue interseccion,Sobre calle,Ninguna,Dia total,Despejado,No,NO APLICA,15,44,15,48,2,03/12/2022,4
5,Arkansas,50559,1,1,1,0,33,CRAWFORD (33),50,ALMA,10,Octubre,28,2022,8,58,CS-FAYETTEVILLE AVE,6,Calle Local Municipalidad,Urbano,Local,Town or Township Highway Agency,0,Sin jurisdiccion especial,0,35.48163333,-94.22619444,Peaton,El primer evento no fue una colision con un vehiculo automotor en transporte,Not an Intersection,No fue interseccion,Sobre calle,Ninguna,Dia total,Despejado,No,NO APLICA,9,0,9,12,1,28/10/2022,1
5,Arkansas,50560,0,0,2,0,57,HEMPSTEAD (57),0,NO APLICA,12,Diciembre,28,2022,8,2,US-278,2,US Highway,Rural,Arteria Menor,State Highway Agency,0,Sin jurisdiccion especial,195,33.72879444,-93.65127778,Vehiculo en movimiento,Frente a frente,Not an Intersection,No fue interseccion,Sobre calle,Ninguna,Dia total,Despejado,No,NO APLICA,8,7,8,16,1,28/12/2022,3
5,Arkansas,50561,1,1,1,0,69,JEFFERSON (69),3150,PINE BLUFF,10,Octubre,24,2022,0,20,US-79,2,US Highway,Urbano,Arteria Principal,Other Federal Agency,1,Sin jurisdiccion especial,115,34.18675278,-92.06895,Peaton,El primer evento no fue una colision con un vehiculo automotor en transporte,Not an Intersection,No fue interseccion,Sobre calle,Ninguna,Oscuro con iluminacion,Despejado,No,NO APLICA,0,28,0,35,1,24/10/2022,1