Estado,Nombre de Estado,Numero de Caso,Peatones,Personas _no_vehiculos,Vehiculos automotores,Vehiculos estacionados,Condado,Nombre Condado,Ciudad,Nombre Ciudad,Mes,Nombre Mes,Dia,Año,Hora,Minuto,Calle,Ruta,Nombre Ruta,Rural o Urbanoo,Sistema Funcional,Dueño Calle,Sistema Nacional Carreteras,Jurisdiccion Especial,Milla,Latitud,Longitud,Causa del Accidente,Tipo de Accidente,Tipo Interseccion,Columna1,Lugar en la calle,Zona de Trabajo,Luz,Clima,Autobus Escolar,Cruce de Trenes,Hora Notificacion,Minuto Notificacion,Hora Llegada,Minuto Llegada,Decesos,Fecha,PersonaVehiculo
5,Arkansas,50562,0,0,1,0,29,CONWAY (29),0,NO APLICA,10,Octubre,30,2022,2,16,SR-124,3,Highway estatal,Rural,Colector Mayor,State Highway Agency,0,Sin jurisdiccion especial,22,35.40906111,-92.85161667,Poste de Señal de trafico,El primer evento no fue una colision con un vehiculo automotor en transporte,Not an Intersection,No fue interseccion,Sobre el lado de la calle,Ninguna,Oscuro sin iluminacion,lluvia,No,NO APLICA,2,16,2,43,1,30/10/2022,4
5,Arkansas,50563,0,0,1,0,39,DALLAS (39),0,NO APLICA,11,Noviembre,25,2022,17,0,CR-201,4,Calle del Condado,Rural,Local,County Highway Agency,0,Sin jurisdiccion especial,70,33.90701667,-92.72153611,Acotamiento,El primer evento no fue una colision con un vehiculo automotor en transporte,Not an Intersection,No fue interseccion,Sobre el lado de la calle,Ninguna,Oscuro sin iluminacion,Nublado,No,NO APLICA,17,16,18,0,1,25/11/2022,2
5,Arkansas,50564,0,0,1,0,119,PULASKI (119),2592,MAUMELLE,11,Noviembre,29,2022,16,25,CS-ZIRCON DR,6,Calle Local Municipalidad,Urbano,Local,Town or Township Highway Agency,0,Sin jurisdiccion especial,2,34.87867222,-92.41207778,Arbol,El primer evento no fue una colision con un vehiculo automotor en transporte,Not an Intersection,No fue interseccion,Sobre el lado de la calle,Ninguna,Dia total,lluvia,No,NO APLICA,16,29,16,35,1,29/11/2022,1
5,Arkansas,50565,0,0,3,0,31,CRAIGHEAD (31),0,NO APLICA,12,Diciembre,1,2022,17,44,US-63,2,US Highway,Rural,Arteria Principal,State Highway Agency,1,Sin jurisdiccion especial,64,35.89307222,-90.793525,Vehiculo en movimiento,Frente a frente,Not an Intersection,No fue interseccion,Sobre calle,Ninguna,Oscuro sin iluminacion,Despejado,No,NO APLICA,17,48,17,55,4,01/12/2022,7
5,Arkansas,50566,0,0,2,0,23,CLEBURNE (23),0,NO APLICA,12,Diciembre,27,2022,9,37,SR-16,3,Highway estatal,Rural,Colector Mayor,State Highway Agency,0,Sin jurisdiccion especial,115,35.53285278,-92.23334722,Vehiculo en movimiento,Frente a frente,Not an Intersection,No fue interseccion,Sobre calle,Ninguna,Dia total,Despejado,No,NO APLICA,9,42,10,7,2,27/12/2022,2
5,Arkansas,50567,0,0,2,0,31,CRAIGHEAD (31),470,BONO,12,Diciembre,28,2022,21,56,US-63,2,US Highway,Urbano,Arteria Principal,State Highway Agency,1,Sin jurisdiccion especial,59,35.89736667,-90.80094167,Vehiculo en movimiento,Angulo,Not an Intersection,No fue interseccion,Sobre calle,Ninguna,Oscuro sin iluminacion,Despejado,No,NO APLICA,21,56,22,2,1,28/12/2022,3
5,Arkansas,50568,0,0,1,0,43,DREW (43),2680,MONTICELLO,10,Octubre,14,2022,0,46,CS-BRIARCLIFF RD,6,Calle Local Municipalidad,Urbano,Local,Town or Township Highway Agency,0,Sin jurisdiccion especial,0,33.61859167,-91.79630556,Edificio,El primer evento no fue una colision con un vehiculo automotor en transporte,Not an Intersection,No fue interseccion,Fuera de la calle,Ninguna,Oscuro con iluminacion,Despejado,No,NO APLICA,0,53,1,1,1,14/10/2022,2
5,Arkansas,50569,0,0,2,0,49,FULTON (49),0,NO APLICA,12,Diciembre,22,2022,11,20,US-63,2,US Highway,Rural,Arteria Principal,State Highway Agency,1,Sin jurisdiccion especial,93,36.39458611,-91.48827778,Vehiculo en movimiento,Frente a frente,Not an Intersection,No fue interseccion,Sobre calle,Ninguna,Dia total,Nublado,No,NO APLICA,11,24,12,0,1,22/12/2022,2
5,Arkansas,50570,0,0,2,0,13,CALHOUN (13),0,NO APLICA,11,Noviembre,7,2022,4,40,SR-274,3,Highway estatal,Rural,Colector Mayor,State Highway Agency,0,Sin jurisdiccion especial,68,33.61726389,-92.64366111,Vehiculo en movimiento,Frente a frente,Not an Intersection,No fue interseccion,Sobre calle,Ninguna,Oscuro sin iluminacion,Neblina o Humo,No,NO APLICA,4,41,4,59,1,07/11/2022,2
5,Arkansas,50571,0,0,1,0,137,STONE (137),0,NO APLICA,12,Diciembre,28,2022,20,45,CR-N MILL CREEK RD,4,Calle del Condado,Rural,Local,County Highway Agency,0,Sin jurisdiccion especial,2,35.9287,-92.31563611,Volcadura,El primer evento no fue una colision con un vehiculo automotor en transporte,Not an Intersection,No fue interseccion,Sobre calle,Ninguna,Oscuro sin iluminacion,Despejado,No,NO APLICA,21,1,21,25,1,28/12/2022,1
5,Arkansas,50572,1,1,1,0,23,CLEBURNE (23),1820,HEBER SPRINGS,12,Diciembre,29,2022,18,51,CS-PARK RD,6,Calle Local Municipalidad,Urbano,Local,Town or Township Highway Agency,0,Sin jurisdiccion especial,3,35.49813889,-92.07654444,Peaton,El primer evento no fue una colision con un vehiculo automotor en transporte,Not an Intersection,No fue interseccion,Sobre calle,Ninguna,Oscuro sin iluminacion,Despejado,No,NO APLICA,18,51,19,2,1,29/12/2022,1
5,Arkansas,50573,0,0,2,0,121,RANDOLPH (121),0,NO APLICA,11,Noviembre,30,2022,19,15,SR-251,3,Highway estatal,Rural,Colector Mayor,State Highway Agency,0,Sin jurisdiccion especial,29,36.33618611,-90.98896111,Vehiculo en movimiento,Angulo,T-Intersection,Interseccion de T,Sobre calle,Ninguna,Oscuro sin iluminacion,Despejado,No,NO APLICA,19,20,19,27,1,30/11/2022,3
5,Arkansas,50574,0,0,2,0,131,SEBASTIAN (131),235,BARLING,10,Octubre,8,2022,17,40,SR-22,3,Highway estatal,Urbano,Arteria Principal,State Highway Agency,1,Sin jurisdiccion especial,74,35.33193611,-94.30918611,Vehiculo en movimiento,Frente a Detrás,Not an Intersection,No fue interseccion,Sobre calle,Ninguna,Dia total,Despejado,No,NO APLICA,17,44,17,55,1,08/10/2022,6
5,Arkansas,50575,0,0,2,0,33,CRAWFORD (33),0,NO APLICA,12,Diciembre,10,2022,17,50,I-40,1,Interestatal,Rural,Interestatal,State Highway Agency,1,Sin jurisdiccion especial,2746,35.46595278,-94.27881389,Vehiculo en movimiento,Frente a Detrás,Not an Intersection,No fue interseccion,Sobre calle,Ninguna,Oscuro sin iluminacion,Nublado,No,NO APLICA,18,49,18,57,1,10/12/2022,3
5,Arkansas,50576,0,0,1,0,127,SCOTT (127),0,NO APLICA,12,Diciembre,1,2022,18,10,US-71,2,US Highway,Rural,Arteria Principal,State Highway Agency,1,Sin jurisdiccion especial,47,34.72511944,-94.12460556,Volcadura,El primer evento no fue una colision con un vehiculo automotor en transporte,Not an Intersection,No fue interseccion,Sobre el lado de la calle,Ninguna,Oscuro sin iluminacion,Despejado,No,NO APLICA,18,18,18,37,1,01/12/2022,1
5,Arkansas,50577,0,0,2,0,1,ARKANSAS (1),0,NO APLICA,11,Noviembre,9,2022,6,1,US-79,2,US Highway,Rural,Arteria Principal,State Highway Agency,1,Sin jurisdiccion especial,91,34.46978333,-91.59541667,Vehiculo en movimiento,Frente a frente,Not an Intersection,No fue interseccion,Sobre calle,Ninguna,Dia total,Despejado,No,NO APLICA,6,2,6,10,1,09/11/2022,2
5,Arkansas,50578,0,0,2,0,119,PULASKI (119),2320,LITTLE ROCK,11,Noviembre,15,2022,6,40,SR-10,3,Highway estatal,Urbano,Arteria Principal,State Highway Agency,0,Sin jurisdiccion especial,96,34.77589444,-92.36252222,Vehiculo en movimiento,Angulo,Four-Way Intersection,Interseccion de 4 direcciones,Sobre calle,Ninguna,Dia total,Despejado,No,NO APLICA,6,48,6,56,1,15/11/2022,2
5,Arkansas,50579,0,0,2,0,35,CRITTENDEN (35),4120,WEST MEMPHIS,12,Diciembre,10,2022,10,5,CS-SOUTHLAND DR,6,Calle Local Municipalidad,Urbano,Arteria Menor,Town or Township Highway Agency,0,Sin jurisdiccion especial,18,35.16215,-90.14678889,Vehiculo en movimiento,Golpe Lateral - direccion contraria,Not an Intersection,No fue interseccion,Sobre calle,Ninguna,Dia total,lluvia,No,NO APLICA,10,7,10,13,1,10/12/2022,4
5,Arkansas,50580,0,0,2,0,7,BENTON (7),315,BELLA VISTA,12,Diciembre,27,2022,10,2,US-71,2,US Highway,Urbano,Arteria Principal,State Highway Agency,1,Sin jurisdiccion especial,41,36.46751944,-94.24188056,Vehiculo en movimiento,Angulo,T-Intersection,Interseccion de T,Sobre calle,Ninguna,Dia total,Despejado,No,NO APLICA,10,4,10,6,1,27/12/2022,2
5,Arkansas,50581,0,0,2,0,69,JEFFERSON (69),0,NO APLICA,12,Diciembre,31,2022,8,47,SR-88,3,Highway estatal,Rural,Arteria Menor,State Highway Agency,0,Sin jurisdiccion especial,51,34.26324167,-91.81943611,Vehiculo en movimiento,Frente a frente,Not an Intersection,No fue interseccion,Sobre calle,Ninguna,Dia total,Neblina o Humo,No,NO APLICA,8,53,9,12,1,31/12/2022,3
5,Arkansas,50582,1,1,1,0,7,BENTON (7),340,BENTONVILLE,11,Noviembre,26,2022,18,40,CS-N WALTON BLVD,6,Calle Local Municipalidad,Urbano,Arteria Principal,Town or Township Highway Agency,0,Sin jurisdiccion especial,0,36.38573889,-94.22113889,Peaton,El primer evento no fue una colision con un vehiculo automotor en transporte,Not an Intersection,No fue interseccion,Sobre calle,Ninguna,Oscuro con iluminacion,lluvia,No,NO APLICA,18,41,18,42,1,26/11/2022,1
5,Arkansas,50583,1,1,1,0,119,PULASKI (119),2320,LITTLE ROCK,11,Noviembre,29,2022,12,56,CS-12TH ST,6,Calle Local Municipalidad,Urbano,Colector Mayor,Town or Township Highway Agency,0,Sin jurisdiccion especial,0,34.73969722,-92.29735556,Peaton,El primer evento no fue una colision con un vehiculo automotor en transporte,Not an Intersection,No fue interseccion,Sobre el lado de la calle,Ninguna,Dia total,lluvia,No,NO APLICA,12,56,12,56,1,29/11/2022,1
5,Arkansas,50584,0,0,2,0,117,PRAIRIE (117),1810,HAZEN,12,Diciembre,1,2022,8,55,I-40,1,Interestatal,Rural,Interestatal,State Highway Agency,1,Sin jurisdiccion especial,1864,34.80738056,-91.68163889,Vehiculo en movimiento,Frente a Detrás,Not an Intersection,No fue interseccion,Sobre calle,Ninguna,Dia total,Despejado,No,NO APLICA,9,3,9,20,1,01/12/2022,2
5,Arkansas,50585,0,0,2,0,7,BENTON (7),710,CAVE SPRINGS,12,Diciembre,2,2022,15,0,SR-112,3,Highway estatal,Rural,Arteria Menor,State Highway Agency,0,Sin jurisdiccion especial,44,36.27316944,-94.23024444,Vehiculo en movimiento,Frente a frente,Not an Intersection,No fue interseccion,Sobre calle,Ninguna,Dia total,lluvia,No,NO APLICA,15,2,15,6,1,02/12/2022,3
5,Arkansas,50586,1,1,1,0,35,CRITTENDEN (35),4120,WEST MEMPHIS,8,Agosto,16,2022,20,6,US-70,2,US Highway,Urbano,Arteria Principal,Other Federal Agency,1,Sin jurisdiccion especial,122,35.14655,-90.18553333,Peaton,El primer evento no fue una colision con un vehiculo automotor en transporte,Four-Way Intersection,Interseccion de 4 direcciones,Sobre calle,Ninguna,Oscuro con iluminacion,Despejado,No,NO APLICA,20,6,20,10,1,16/08/2022,1
5,Arkansas,50587,0,0,2,0,131,SEBASTIAN (131),1370,FORT SMITH,12,Diciembre,8,2022,23,14,CS-N 6TH ST,6,Calle Local Municipalidad,Urbano,Arteria Menor,Town or Township Highway Agency,0,Sin jurisdiccion especial,0,35.40788611,-94.40238056,Vehiculo en movimiento,Frente a Detrás,Four-Way Intersection,Interseccion de 4 direcciones,Sobre calle,Ninguna,Oscuro con iluminacion,Despejado,No,NO APLICA,22,14,22,29,1,08/12/2022,2
5,Arkansas,50588,1,1,3,0,35,CRITTENDEN (35),4120,WEST MEMPHIS,12,Diciembre,20,2022,22,3,I-40,1,Interestatal,Urbano,Interestatal,State Highway Agency,1,Sin jurisdiccion especial,44,35.15591667,-90.14387222,Peaton,El primer evento no fue una colision con un vehiculo automotor en transporte,Not an Intersection,No fue interseccion,Sobre calle,Ninguna,Oscuro sin iluminacion,Nublado,No,NO APLICA,22,3,22,20,1,20/12/2022,4
5,Arkansas,50589,0,0,2,0,143,WASHINGTON (143),1534,GOSHEN,12,Diciembre,15,2022,23,18,SR-45,3,Highway estatal,Urbano,Arteria Menor,State Highway Agency,0,Sin jurisdiccion especial,70,36.10099444,-94.05423056,Vehiculo en movimiento,Frente a frente,Not an Intersection,No fue interseccion,Sobre calle,Ninguna,Oscuro - iluminacion desconocida,Despejado,No,NO APLICA,99,99,99,99,1,15/12/2022,5
5,Arkansas,50590,1,1,1,0,143,WASHINGTON (143),3670,SPRINGDALE,9,Septiembre,2,2022,20,50,US-71B,2,US Highway,Urbano,Arteria Principal,Other Federal Agency,1,Sin jurisdiccion especial,67,36.19139167,-94.13824722,Peaton,El primer evento no fue una colision con un vehiculo automotor en transporte,Not an Intersection,No fue interseccion,Sobre calle,Ninguna,Oscuro con iluminacion,Nublado,No,NO APLICA,20,53,20,57,1,02/09/2022,1
5,Arkansas,50591,1,1,1,0,7,BENTON (7),340,BENTONVILLE,12,Diciembre,28,2022,16,53,SR-102,3,Highway estatal,Urbano,Arteria Principal,State Highway Agency,1,Sin jurisdiccion especial,51,36.35664722,-94.19245,Peaton,El primer evento no fue una colision con un vehiculo automotor en transporte,Not an Intersection,No fue interseccion,Sobre calle,Ninguna,Dia total,Despejado,No,NO APLICA,16,55,16,58,1,28/12/2022,2
5,Arkansas,50592,0,0,2,1,119,PULASKI (119),0,NO APLICA,9,Septiembre,27,2022,17,50,CR-VALENTINE RD,4,Calle del Condado,Rural,Colector Mayor,County Highway Agency,0,Sin jurisdiccion especial,54,34.83493056,-92.12148889,Zanja,El primer evento no fue una colision con un vehiculo automotor en transporte,Not an Intersection,No fue interseccion,Sobre el lado de la calle,Ninguna,Oscuro sin iluminacion,Nublado,No,NO APLICA,17,57,18,10,1,27/09/2022,2
5,Arkansas,50593,1,1,1,0,35,CRITTENDEN (35),4120,WEST MEMPHIS,12,Diciembre,30,2022,18,45,US-70,2,US Highway,Urbano,Arteria Principal,State Highway Agency,1,Sin jurisdiccion especial,138,35.14631389,-90.15693889,Peaton,El primer evento no fue una colision con un vehiculo automotor en transporte,Not an Intersection,No fue interseccion,Sobre calle,Ninguna,Oscuro con iluminacion,lluvia,No,NO APLICA,18,51,18,55,1,30/12/2022,1
5,Arkansas,50594,0,0,1,0,11,BRADLEY (11),0,NO APLICA,10,Octubre,30,2022,18,0,CR-31,4,Calle del Condado,Rural,Local,County Highway Agency,0,Sin jurisdiccion especial,0,33.45521667,-92.11191667,Buzon de correo,El primer evento no fue una colision con un vehiculo automotor en transporte,Not an Intersection,No fue interseccion,Sobre el lado de la calle,Ninguna,Oscuro sin iluminacion,Despejado,No,NO APLICA,18,5,18,30,1,30/10/2022,1
5,Arkansas,50595,0,0,1,0,45,FAULKNER (45),0,NO APLICA,9,Septiembre,30,2022,7,30,CR-ROUND MOUNTAIN RD,4,Calle del Condado,Rural,Local,County Highway Agency,0,Sin jurisdiccion especial,0,35.02596111,-92.42491944,Zanja,El primer evento no fue una colision con un vehiculo automotor en transporte,Not an Intersection,No fue interseccion,Sobre el lado de la calle,Ninguna,Dia total,Despejado,No,NO APLICA,13,0,13,23,1,30/09/2022,2
6,California,60088,0,0,2,0,13,CONTRA COSTA (13),3010,RICHMOND,1,Enero,26,2022,18,54,I-580,1,Interestatal,Urbano,Interestatal,State Highway Agency,1,Sin jurisdiccion especial,99999,77.7777,777.7777,Vehiculo en movimiento,Frente a Detrás,Not an Intersection,No fue interseccion,Sobre calle,Ninguna,Oscuro con iluminacion,Despejado,No,NO APLICA,18,53,99,99,1,26/01/2022,2
6,California,62653,0,0,2,0,75,SAN FRANCISCO (75),3290,SAN FRANCISCO,6,Junio,19,2022,2,54,I-80,1,Interestatal,Urbano,Interestatal,State Highway Agency,1,Sin jurisdiccion especial,68,88.8888,888.8888,Vehiculo en movimiento,Frente a Detrás,Not an Intersection,No fue interseccion,Sobre calle,Ninguna,Oscuro con iluminacion,Despejado,No,NO APLICA,99,99,99,99,1,19/06/2022,5
6,California,63897,0,0,2,0,71,SAN BERNARDINO (71),4291,YUCCA VALLEY,12,Diciembre,22,2022,17,9,SR-62 TWENTY-NINE PALMS HWY,3,Highway estatal,Urbano,Arteria Principal,State Highway Agency,1,Sin jurisdiccion especial,99998,77.7777,777.7777,Vehiculo en movimiento,Frente a Detrás,Not Reported,No reportado,Sobre calle,Ninguna,No reportada,No reportado,No,NO APLICA,99,99,99,99,1,22/12/2022,2
6,California,63898,3,3,2,1,71,SAN BERNARDINO (71),1305,FONTANA,11,Noviembre,26,2022,15,46,HAWTHORNE AVE,8,Otro,Urbano,Local,County Highway Agency,0,Sin jurisdiccion especial,99998,77.7777,777.7777,Vehiculo Aparcado,El primer evento no fue una colision con un vehiculo automotor en transporte,Not an Intersection,No fue interseccion,En estacionamiento,Ninguna,Dia total,No reportado,No,NO APLICA,99,99,99,99,2,26/11/2022,1
6,California,63922,1,1,1,0,71,SAN BERNARDINO (71),1305,FONTANA,6,Junio,24,2022,23,46,I-10,1,Interestatal,Urbano,Interestatal,State Highway Agency,1,Sin jurisdiccion especial,99998,77.7777,777.7777,Peaton,El primer evento no fue una colision con un vehiculo automotor en transporte,Not an Intersection,No fue interseccion,Sobre calle,Ninguna,Oscuro - iluminacion desconocida,No reportado,No,NO APLICA,99,98,99,98,1,24/06/2022,1
6,California,63980,1,1,1,0,71,SAN BERNARDINO (71),790,COLTON,11,Noviembre,30,2022,19,42,I-10 /1-215,1,Interestatal,Urbano,Interestatal,State Highway Agency,1,Sin jurisdiccion especial,99998,77.7777,777.7777,Peaton,El primer evento no fue una colision con un vehiculo automotor en transporte,Not an Intersection,No fue interseccion,Sobre calle,Ninguna,Oscuro con iluminacion,Despejado,No,NO APLICA,99,98,99,98,1,30/11/2022,1
6,California,64106,1,1,1,0,85,SANTA CLARA (85),3340,SAN JOSE,1,Enero,11,2022,17,44,CURTNER AVE,6,Calle Local Municipalidad,Urbano,Arteria Principal,City or Municipal Highway Agency,1,Sin jurisdiccion especial,99998,77.7777,777.7777,Peaton,El primer evento no fue una colision con un vehiculo automotor en transporte,Four-Way Intersection,Interseccion de 4 direcciones,Sobre calle,Ninguna,Oscuro con iluminacion,Despejado,No,NO APLICA,99,99,99,99,1,11/01/2022,1
6,California,64107,1,1,1,0,85,SANTA CLARA (85),3340,SAN JOSE,4,Abril,7,2022,14,54,QUIMBY RD,6,Calle Local Municipalidad,Urbano,Arteria Menor,City or Municipal Highway Agency,0,Sin jurisdiccion especial,99998,77.7777,777.7777,Peaton,El primer evento no fue una colision con un vehiculo automotor en transporte,Not Reported,No reportado,Sobre calle,Ninguna,Dia total,No reportado,No,NO APLICA,99,99,99,99,1,07/04/2022,1
8,Colorado,80001,6,7,3,2,1,ADAMS (1),434,COMMERCE CITY,1,Enero,2,2022,10,11,I-270,1,Interestatal,Urbano,Interestatal,State Highway Agency,1,Sin jurisdiccion especial,14,39.8092,-104.9453806,Peaton,El primer evento no fue una colision con un vehiculo automotor en transporte,Not an Intersection,No fue interseccion,Sobre el lado de la calle,Ninguna,Dia total,Despejado,No,NO APLICA,10,11,10,15,1,02/01/2022,1
8,Colorado,80002,0,0,1,0,67,LA PLATA (67),0,NO APLICA,1,Enero,4,2022,7,40,CR-318,4,Calle del Condado,Rural,Colector Mayor,County Highway Agency,0,Sin jurisdiccion especial,137,37.09698889,-107.6664389,Culvert,El primer evento no fue una colision con un vehiculo automotor en transporte,Not an Intersection,No fue interseccion,Sobre el lado de la calle,Ninguna,Dia total,Despejado,No,NO APLICA,99,99,99,99,1,04/01/2022,1
8,Colorado,80003,0,0,2,0,69,LARIMER (69),0,NO APLICA,1,Enero,6,2022,22,6,SR-14,3,Highway estatal,Urbano,Arteria Principal,State Highway Agency,1,Sin jurisdiccion especial,1383,40.58113333,-105.0149444,Vehiculo en movimiento,Angulo,Four-Way Intersection,Interseccion de 4 direcciones,Sobre calle,Ninguna,Oscuro con iluminacion,Despejado,No,NO APLICA,99,99,99,99,2,06/01/2022,5
8,Colorado,80004,1,1,1,0,5,ARAPAHOE (5),110,AURORA,1,Enero,12,2022,6,17,US-40   E COLFAX AVE,2,US Highway,Urbano,Arteria Principal,State Highway Agency,1,Sin jurisdiccion especial,3046,39.74004444,-104.8662194,Peaton,El primer evento no fue una colision con un vehiculo automotor en transporte,Not an Intersection,No fue interseccion,Sobre calle,Ninguna,Oscuro con iluminacion,Despejado,No,NO APLICA,6,25,6,28,1,12/01/2022,1
8,Colorado,80005,0,0,1,0,45,GARFIELD (45),0,NO APLICA,1,Enero,14,2022,3,30,SR-82,3,Highway estatal,Rural,Arteria Principal,State Highway Agency,1,Sin jurisdiccion especial,102,39.42871667,-107.2433333,Poste o otros soportes,El primer evento no fue una colision con un vehiculo automotor en transporte,Not an Intersection,No fue interseccion,Sobre el lado de la calle,Ninguna,Oscuro sin iluminacion,Despejado,No,NO APLICA,3,21,3,29,1,14/01/2022,1
8,Colorado,80006,0,0,1,0,5,ARAPAHOE (5),0,NO APLICA,1,Enero,14,2022,14,15,I-70,1,Interestatal,Rural,Interestatal,State Highway Agency,1,Sin jurisdiccion especial,3246,39.65912222,-104.0810111,Volcadura,El primer evento no fue una colision con un vehiculo automotor en transporte,Not an Intersection,No fue interseccion,En el medio,Ninguna,Dia total,Despejado,No,NO APLICA,99,99,99,99,1,14/01/2022,1
8,Colorado,80007,0,0,2,0,5,ARAPAHOE (5),110,AURORA,1,Enero,17,2022,19,24,S POTOMAC ST,6,Calle Local Municipalidad,Urbano,Colector Mayor,City or Municipal Highway Agency,0,Sin jurisdiccion especial,0,39.71863889,-104.82825,Vehiculo en movimiento,Frente a Detrás,Four-Way Intersection,Interseccion de 4 direcciones,Sobre calle,Ninguna,Oscuro con iluminacion,Despejado,No,NO APLICA,19,28,19,28,1,17/01/2022,3
8,Colorado,80008,1,1,1,0,5,ARAPAHOE (5),110,AURORA,1,Enero,17,2022,23,25,E QUINCY AVE,6,Calle Local Municipalidad,Urbano,Arteria Principal,City or Municipal Highway Agency,1,Sin jurisdiccion especial,0,39.63843333,-104.7956861,Peaton,El primer evento no fue una colision con un vehiculo automotor en transporte,Not an Intersection,No fue interseccion,Sobre calle,Ninguna,Oscuro sin iluminacion,Despejado,No,NO APLICA,99,99,99,99,1,17/01/2022,1
8,Colorado,80009,0,0,2,0,13,BOULDER (13),0,NO APLICA,1,Enero,18,2022,7,5,US-287,2,US Highway,Rural,Arterial Principal -Freeway o ExpressWay,State Highway Agency,1,Sin jurisdiccion especial,3193,40.21596111,-105.1022889,Vehiculo en movimiento,Frente a frente,Not an Intersection,No fue interseccion,Sobre calle,Ninguna,Dia total,Nublado,No,NO APLICA,7,9,7,14,1,18/01/2022,2
8,Colorado,80010,0,0,1,0,101,PUEBLO (101),0,NO APLICA,1,Enero,19,2022,12,43,US-50,2,US Highway,Rural,Arteria Principal,State Highway Agency,1,Sin jurisdiccion especial,2984,38.36548611,-104.9033333,Volcadura,El primer evento no fue una colision con un vehiculo automotor en transporte,Not an Intersection,No fue interseccion,Sobre el lado de la calle,Ninguna,Dia total,Aguanieve,No,NO APLICA,99,99,99,99,1,19/01/2022,2
8,Colorado,80011,0,0,4,0,1,ADAMS (1),0,NO APLICA,1,Enero,20,2022,4,5,I-270,1,Interestatal,Urbano,Interestatal,State Highway Agency,1,Sin jurisdiccion especial,8,39.82631944,-104.9688722,Vehiculo en movimiento,Frente a Detrás,Not an Intersection,No fue interseccion,Sobre calle,Ninguna,Oscuro con iluminacion,Despejado,No,NO APLICA,99,99,99,99,1,20/01/2022,4
8,Colorado,80012,0,0,1,0,89,OTERO (89),0,NO APLICA,1,Enero,20,2022,16,15,CR-808,4,Calle del Condado,Rural,Local,County Highway Agency,0,Sin jurisdiccion especial,0,38.11819444,-103.5400278,Volcadura,El primer evento no fue una colision con un vehiculo automotor en transporte,Not an Intersection,No fue interseccion,Sobre el lado de la calle,Ninguna,Dia total,Despejado,No,NO APLICA,99,99,99,99,1,20/01/2022,4
8,Colorado,80013,0,0,2,0,77,MESA (77),0,NO APLICA,1,Enero,21,2022,18,2,US-6,2,US Highway,Rural,Colector Mayor,State Highway Agency,0,Sin jurisdiccion especial,178,39.17497222,-108.7715111,Vehiculo en movimiento,Frente a frente,Not an Intersection,No fue interseccion,Sobre calle,Ninguna,Oscuro sin iluminacion,Neblina o Humo,No,NO APLICA,18,3,18,11,1,21/01/2022,3
8,Colorado,80014,1,1,1,0,1,ADAMS (1),0,NO APLICA,1,Enero,22,2022,22,52,CR-LINCOLN ST,4,Calle del Condado,Urbano,Local,County Highway Agency,0,Sin jurisdiccion especial,0,39.79490278,-104.9872583,Peaton,El primer evento no fue una colision con un vehiculo automotor en transporte,Not an Intersection,No fue interseccion,Sobre calle,Ninguna,Oscuro con iluminacion,Despejado,No,NO APLICA,99,99,99,99,1,22/01/2022,1
8,Colorado,80015,0,0,2,0,101,PUEBLO (101),0,NO APLICA,1,Enero,23,2022,9,50,US-50,2,US Highway,Urbano,Arteria Principal,State Highway Agency,1,Sin jurisdiccion especial,3242,38.27459167,-104.4575111,Vehiculo en movimiento,Frente a Detrás,T-Intersection,Interseccion de T,Sobre calle,Ninguna,Dia total,Despejado,No,NO APLICA,99,99,99,99,2,23/01/2022,4
8,Colorado,80016,0,0,2,0,13,BOULDER (13),0,NO APLICA,1,Enero,20,2022,17,37,US-36,2,US Highway,Rural,Arteria Menor,State Highway Agency,0,Sin jurisdiccion especial,321,40.06987222,-105.2835694,Vehiculo en movimiento,Frente a frente,Not an Intersection,No fue interseccion,Sobre calle,Ninguna,Atardecer,Nublado,No,NO APLICA,17,40,17,48,1,20/01/2022,2
8,Colorado,80017,0,0,1,0,121,WASHINGTON (121),0,NO APLICA,1,Enero,14,2022,0,45,US-6,2,US Highway,Rural,Colector Mayor,State Highway Agency,0,Sin jurisdiccion especial,3879,40.43442222,-103.3786111,Volcadura,El primer evento no fue una colision con un vehiculo automotor en transporte,Not an Intersection,No fue interseccion,Sobre el lado de la calle,Ninguna,Oscuro sin iluminacion,Despejado,No,NO APLICA,0,48,1,6,1,14/01/2022,1
8,Colorado,80018,0,0,2,0,81,MOFFAT (81),0,NO APLICA,1,Enero,17,2022,16,5,CR-1ST ST,4,Calle del Condado,Urbano,Arteria Menor,County Highway Agency,0,Sin jurisdiccion especial,0,40.50677778,-107.5361667,Vehiculo en movimiento,Frente a Detrás,T-Intersection,Interseccion de T,Sobre calle,Ninguna,Dia total,Despejado,No,NO APLICA,16,2,16,7,1,17/01/2022,2
8,Colorado,80019,0,0,1,0,87,MORGAN (87),0,NO APLICA,1,Enero,23,2022,9,0,SR-52,3,Highway estatal,Rural,Colector Mayor,State Highway Agency,0,Sin jurisdiccion especial,988,40.42648889,-103.8027222,Poste o otros soportes,El primer evento no fue una colision con un vehiculo automotor en transporte,Not an Intersection,No fue interseccion,Sobre el lado de la calle,Ninguna,Dia total,Despejado,No,NO APLICA,9,12,9,26,1,23/01/2022,1
8,Colorado,80020,0,0,1,0,83,MONTEZUMA (83),0,NO APLICA,1,Enero,26,2022,17,0,SR-145,3,Highway estatal,Urbano,Arteria Principal,State Highway Agency,1,Sin jurisdiccion especial,18,37.37871111,-108.5546389,Culvert,El primer evento no fue una colision con un vehiculo automotor en transporte,Not an Intersection,No fue interseccion,Sobre el lado de la calle,Ninguna,Dia total,Despejado,No,NO APLICA,99,99,99,99,1,26/01/2022,1