Estado,Nombre de Estado,Numero de Caso,Peatones,Personas _no_vehiculos,Vehiculos automotores,Vehiculos estacionados,Condado,Nombre Condado,Ciudad,Nombre Ciudad,Mes,Nombre Mes,Dia,Año,Hora,Minuto,Calle,Ruta,Nombre Ruta,Rural o Urbanoo,Sistema Funcional,Dueño Calle,Sistema Nacional Carreteras,Jurisdiccion Especial,Milla,Latitud,Longitud,Causa del Accidente,Tipo de Accidente,Tipo Interseccion,Columna1,Lugar en la calle,Zona de Trabajo,Luz,Clima,Autobus Escolar,Cruce de Trenes,Hora Notificacion,Minuto Notificacion,Hora Llegada,Minuto Llegada,Decesos,Fecha,PersonaVehiculo
8,Colorado,80021,0,0,1,0,9,BACA (9),0,NO APLICA,1,Enero,27,2022,3,0,CR-44,4,Calle del Condado,Rural,Colector Mayor,County Highway Agency,0,Sin jurisdiccion especial,0,37.23894444,-102.2768472,Valla Ferrocarril,El primer evento no fue una colision con un vehiculo automotor en transporte,Not an Intersection,No fue interseccion,Sobre el lado de la calle,Ninguna,Oscuro sin iluminacion,Despejado,No,NO APLICA,3,32,3,49,1,27/01/2022,1
8,Colorado,80022,0,0,3,0,5,ARAPAHOE (5),110,AURORA,1,Enero,29,2022,18,45,E ILIFF AVE,6,Calle Local Municipalidad,Urbano,Arteria Principal,City or Municipal Highway Agency,1,Sin jurisdiccion especial,0,39.67718611,-104.772375,Vehiculo en movimiento,Frente a frente,Four-Way Intersection,Interseccion de 4 direcciones,Sobre calle,Ninguna,Oscuro con iluminacion,Despejado,No,NO APLICA,18,45,18,51,1,29/01/2022,4
8,Colorado,80023,0,0,2,0,5,ARAPAHOE (5),110,AURORA,1,Enero,29,2022,18,45,E STEPHEN HOGAN PKWY,6,Calle Local Municipalidad,Urbano,Local,City or Municipal Highway Agency,0,Sin jurisdiccion especial,0,39.72495556,-104.7420556,Vehiculo en movimiento,Frente a frente,Not an Intersection,No fue interseccion,Sobre calle,Ninguna,Oscuro con iluminacion,Despejado,No,NO APLICA,18,48,18,49,1,29/01/2022,2
8,Colorado,80024,0,0,1,0,1,ADAMS (1),2427,THORNTON,1,Enero,29,2022,22,20,E 104TH AVE,6,Calle Local Municipalidad,Urbano,Arteria Principal,City or Municipal Highway Agency,1,Sin jurisdiccion especial,0,39.88516667,-104.9800333,Arbol,El primer evento no fue una colision con un vehiculo automotor en transporte,Not an Intersection,No fue interseccion,En el medio,Ninguna,Oscuro con iluminacion,Despejado,No,NO APLICA,22,22,22,26,1,29/01/2022,1
8,Colorado,80025,0,0,1,0,69,LARIMER (69),1550,LOVELAND,1,Enero,30,2022,0,48,I-25,1,Interestatal,Urbano,Interestatal,State Highway Agency,1,Sin jurisdiccion especial,2588,40.42902778,-104.9926528,Barrera de Trafico de Concreto,El primer evento no fue una colision con un vehiculo automotor en transporte,Not an Intersection,No fue interseccion,En el medio,Construccion,Oscuro sin iluminacion,Despejado,No,NO APLICA,0,48,0,53,1,30/01/2022,1
8,Colorado,80026,0,0,1,0,71,LAS ANIMAS (71),0,NO APLICA,1,Enero,30,2022,15,59,I-25,1,Interestatal,Rural,Interestatal,State Highway Agency,1,Sin jurisdiccion especial,17,37.01786111,-104.4840889,Poste o otros soportes,El primer evento no fue una colision con un vehiculo automotor en transporte,Not an Intersection,No fue interseccion,En el medio,Ninguna,Dia total,Despejado,No,NO APLICA,99,99,99,99,1,30/01/2022,1
8,Colorado,80027,0,0,1,0,1,ADAMS (1),0,NO APLICA,1,Enero,30,2022,22,20,CR-W 72ND AVE,4,Calle del Condado,Urbano,Arteria Menor,County Highway Agency,0,Sin jurisdiccion especial,0,39.82738333,-105.0105833,Otro objeto (fijo),El primer evento no fue una colision con un vehiculo automotor en transporte,Four-Way Intersection,Interseccion de 4 direcciones,Sobre el lado de la calle,Ninguna,Oscuro con iluminacion,Despejado,No,NO APLICA,99,99,99,99,1,30/01/2022,1
8,Colorado,80028,0,0,2,0,41,EL PASO (41),430,COLORADO SPRINGS,1,Enero,15,2022,12,44,N CIRCLE DR,6,Calle Local Municipalidad,Urbano,Arteria Principal,City or Municipal Highway Agency,1,Sin jurisdiccion especial,0,38.86762778,-104.7775,Vehiculo en movimiento,Frente a frente,T-Intersection,Interseccion de T,Sobre calle,Ninguna,Dia total,Despejado,No,NO APLICA,12,44,12,52,1,15/01/2022,2
8,Colorado,80029,0,0,1,0,9,BACA (9),0,NO APLICA,1,Enero,31,2022,13,25,CR-44,4,Calle del Condado,Rural,Colector Mayor,County Highway Agency,0,Sin jurisdiccion especial,0,37.29397222,-102.2770333,Volcadura,El primer evento no fue una colision con un vehiculo automotor en transporte,Not an Intersection,No fue interseccion,Sobre el lado de la calle,Ninguna,Dia total,Despejado,No,NO APLICA,99,99,99,99,1,31/01/2022,1
8,Colorado,80030,0,0,3,0,123,WELD (123),0,NO APLICA,1,Enero,31,2022,20,55,I-25,1,Interestatal,Urbano,Interestatal,State Highway Agency,1,Sin jurisdiccion especial,2506,40.31231944,-104.9803333,Vehiculo en movimiento,Golpe Lateral - misma direccion,Not an Intersection,No fue interseccion,Sobre calle,Construccion,Oscuro sin iluminacion,Despejado,No,NO APLICA,99,99,99,99,1,31/01/2022,6
8,Colorado,80031,0,0,2,0,101,PUEBLO (101),2050,PUEBLO,1,Enero,25,2022,0,42,I-25,1,Interestatal,Urbano,Interestatal,State Highway Agency,1,Sin jurisdiccion especial,988,38.271975,-104.6047417,Vehiculo en movimiento,Frente a frente,Not an Intersection,No fue interseccion,Sobre calle,Ninguna,Oscuro con iluminacion,Despejado,No,NO APLICA,0,46,99,99,1,25/01/2022,3
8,Colorado,80032,0,0,2,0,101,PUEBLO (101),2050,PUEBLO,1,Enero,29,2022,0,20,I-25,1,Interestatal,Urbano,Interestatal,State Highway Agency,1,Sin jurisdiccion especial,977,38.25687778,-104.6064639,Valla Ferrocarril,El primer evento no fue una colision con un vehiculo automotor en transporte,Not an Intersection,No fue interseccion,Sobre el lado de la calle,Ninguna,Oscuro con iluminacion,Despejado,No,NO APLICA,0,21,0,26,1,29/01/2022,2
8,Colorado,80033,0,0,2,0,5,ARAPAHOE (5),110,AURORA,1,Enero,31,2022,19,2,S AURORA PKWY,6,Calle Local Municipalidad,Urbano,Local,City or Municipal Highway Agency,0,Sin jurisdiccion especial,0,39.60072222,-104.7030194,Vehiculo en movimiento,Frente a frente,Not an Intersection,No fue interseccion,Sobre calle,Ninguna,Oscuro con iluminacion,Nublado,No,NO APLICA,19,3,19,10,1,31/01/2022,2
8,Colorado,80034,1,1,3,1,123,WELD (123),1990,PLATTEVILLE,1,Enero,3,2022,19,24,US-85,2,US Highway,Rural,Arterial Principal -Freeway o ExpressWay,State Highway Agency,1,Sin jurisdiccion especial,2477,40.16713889,-104.8152083,Vehiculo Aparcado,El primer evento no fue una colision con un vehiculo automotor en transporte,Not an Intersection,No fue interseccion,Sobre Acotamiento,Ninguna,Oscuro sin iluminacion,Nieve,No,NO APLICA,19,28,19,33,1,03/01/2022,2
8,Colorado,80035,0,0,1,0,1,ADAMS (1),800,FEDERAL HEIGHTS,1,Enero,30,2022,9,47,W 84TH AVE,6,Calle Local Municipalidad,Urbano,Arteria Menor,City or Municipal Highway Agency,0,Sin jurisdiccion especial,0,39.84911667,-104.9970444,Banqueta,El primer evento no fue una colision con un vehiculo automotor en transporte,Four-Way Intersection,Interseccion de 4 direcciones,Sobre el lado de la calle,Ninguna,Dia total,Despejado,No,NO APLICA,99,99,99,99,1,30/01/2022,1
8,Colorado,80036,1,1,1,0,31,DENVER (31),600,DENVER,1,Enero,21,2022,22,50,SR-88   S FEDERAL BLVD,3,Highway estatal,Urbano,Arteria Principal,State Highway Agency,1,Sin jurisdiccion especial,39,39.68266667,-105.0249889,Peaton,El primer evento no fue una colision con un vehiculo automotor en transporte,Not an Intersection,No fue interseccion,Sobre calle,Ninguna,Oscuro con iluminacion,No reportado,No,NO APLICA,99,99,99,99,1,21/01/2022,1
8,Colorado,80037,0,0,3,0,31,DENVER (31),600,DENVER,1,Enero,14,2022,11,14,E ALAMEDA AVE,6,Calle Local Municipalidad,Urbano,Arteria Principal,City or Municipal Highway Agency,1,Sin jurisdiccion especial,0,39.70891667,-104.87545,Vehiculo en movimiento,Frente a frente,T-Intersection,Interseccion de T,Sobre calle,Ninguna,Dia total,Nublado,No,NO APLICA,11,15,11,20,1,14/01/2022,4
8,Colorado,80038,0,0,1,0,31,DENVER (31),600,DENVER,1,Enero,11,2022,12,32,PENA BLVD,6,Calle Local Municipalidad,Urbano,Arterial Principal -Freeway o ExpressWay,City or Municipal Highway Agency,1,Sin jurisdiccion especial,0,39.78962778,-104.7892111,Poste o otros soportes,El primer evento no fue una colision con un vehiculo automotor en transporte,Not an Intersection,No fue interseccion,En el medio,Ninguna,Dia total,Despejado,No,NO APLICA,99,99,99,99,1,11/01/2022,1
8,Colorado,80039,1,1,1,0,123,WELD (123),1070,GREELEY,2,Febrero,1,2022,5,28,35TH AVE,6,Calle Local Municipalidad,Urbano,Arteria Menor,City or Municipal Highway Agency,0,Sin jurisdiccion especial,0,40.40343889,-104.7351083,No vehiculo o remolque,El primer evento no fue una colision con un vehiculo automotor en transporte,Not an Intersection,No fue interseccion,Sobre calle,Ninguna,Oscuro sin iluminacion,Despejado,No,NO APLICA,5,30,5,32,1,01/02/2022,1
8,Colorado,80040,0,0,2,0,71,LAS ANIMAS (71),0,NO APLICA,2,Febrero,1,2022,10,5,SR-12,3,Highway estatal,Rural,Colector Mayor,State Highway Agency,0,Sin jurisdiccion especial,561,37.12473333,-104.7216333,Vehiculo en movimiento,Golpe Lateral - misma direccion,Not an Intersection,No fue interseccion,Sobre calle,Ninguna,Dia total,Despejado,No,NO APLICA,99,99,99,99,2,01/02/2022,3
8,Colorado,80041,0,0,2,0,75,LOGAN (75),0,NO APLICA,2,Febrero,1,2022,14,15,SR-14,3,Highway estatal,Rural,Arteria Principal,State Highway Agency,1,Sin jurisdiccion especial,2292,40.62388056,-103.353925,Vehiculo en movimiento,Angulo,Four-Way Intersection,Interseccion de 4 direcciones,Sobre calle,Ninguna,Dia total,Nublado,No,NO APLICA,14,9,14,20,1,01/02/2022,2
8,Colorado,80042,0,0,3,0,13,BOULDER (13),0,NO APLICA,2,Febrero,1,2022,16,19,US-287,2,US Highway,Rural,Arteria Principal,State Highway Agency,1,Sin jurisdiccion especial,3064,40.02943056,-105.1026444,Vehiculo en movimiento,Angulo,Not an Intersection,No fue interseccion,Sobre calle,Ninguna,Dia total,Nieve,No,NO APLICA,16,20,16,28,1,01/02/2022,4
8,Colorado,80043,0,0,2,0,13,BOULDER (13),0,NO APLICA,2,Febrero,1,2022,16,37,US-287,2,US Highway,Rural,Arterial Principal -Freeway o ExpressWay,State Highway Agency,1,Sin jurisdiccion especial,3212,40.24315833,-105.1028611,Vehiculo en movimiento,Frente a frente,Not an Intersection,No fue interseccion,Sobre calle,Ninguna,Oscuro sin iluminacion,Nieve,No,NO APLICA,16,37,16,45,1,01/02/2022,3
8,Colorado,80044,0,0,2,0,19,CLEAR CREEK (19),1240,IDAHO SPRINGS,2,Febrero,2,2022,17,35,I-70 RAMP B,1,Interestatal,Rural,Interestatal,State Highway Agency,1,Sin jurisdiccion especial,2410,39.74085278,-105.4965611,Vehiculo en movimiento,Frente a Detrás,Not an Intersection,No fue interseccion,Sobre calle,Ninguna,Oscuro con iluminacion,Nieve,No,NO APLICA,17,38,17,50,1,02/02/2022,3
8,Colorado,80045,0,0,2,0,1,ADAMS (1),0,NO APLICA,2,Febrero,5,2022,3,35,US-36,2,US Highway,Rural,Colector Mayor,State Highway Agency,0,Sin jurisdiccion especial,873,39.75625,-104.4620556,Vehiculo en movimiento,Frente a frente,Not an Intersection,No fue interseccion,Sobre calle,Ninguna,Oscuro sin iluminacion,Despejado,No,NO APLICA,99,99,99,99,1,05/02/2022,3
8,Colorado,80046,0,0,1,0,31,DENVER (31),600,DENVER,2,Febrero,6,2022,11,24,I-25 RAMP B,1,Interestatal,Urbano,Interestatal,State Highway Agency,1,Sin jurisdiccion especial,2101,39.73766667,-105.0136222,Barrera de Trafico de Concreto,El primer evento no fue una colision con un vehiculo automotor en transporte,Not an Intersection,No fue interseccion,Sobre el lado de la calle,Ninguna,Dia total,Despejado,No,NO APLICA,11,24,11,30,1,06/02/2022,1
8,Colorado,80047,1,1,1,0,31,DENVER (31),600,DENVER,2,Febrero,6,2022,2,4,S ELIOT ST,6,Calle Local Municipalidad,Urbano,Local,City or Municipal Highway Agency,0,Sin jurisdiccion especial,0,39.70546111,-105.0238667,Peaton,El primer evento no fue una colision con un vehiculo automotor en transporte,Not an Intersection,No fue interseccion,Sobre calle,Ninguna,Oscuro con iluminacion,Despejado,No,NO APLICA,2,4,2,11,1,06/02/2022,1
8,Colorado,80048,0,0,1,0,59,JEFFERSON (59),1435,LAKEWOOD,2,Febrero,7,2022,23,6,W FLORIDA AVE,6,Calle Local Municipalidad,Urbano,Colector Mayor,City or Municipal Highway Agency,0,Sin jurisdiccion especial,0,39.6895,-105.0783944,Banqueta,El primer evento no fue una colision con un vehiculo automotor en transporte,Not an Intersection,No fue interseccion,Sobre el lado de la calle,Ninguna,Oscuro con iluminacion,Despejado,No,NO APLICA,23,7,23,11,1,07/02/2022,1
8,Colorado,80049,0,0,1,0,101,PUEBLO (101),0,NO APLICA,2,Febrero,9,2022,19,32,SR-78,3,Highway estatal,Rural,Colector Mayor,State Highway Agency,0,Sin jurisdiccion especial,226,38.13933889,-104.8159861,Poste de Señal de trafico,El primer evento no fue una colision con un vehiculo automotor en transporte,Not an Intersection,No fue interseccion,Sobre el lado de la calle,Ninguna,Oscuro sin iluminacion,Despejado,No,NO APLICA,99,99,99,99,1,09/02/2022,1
8,Colorado,80050,2,2,2,0,67,LA PLATA (67),0,NO APLICA,2,Febrero,10,2022,8,35,SR-172,3,Highway estatal,Rural,Arteria Principal,State Highway Agency,1,Sin jurisdiccion especial,207,37.19551111,-107.7645167,Peaton,El primer evento no fue una colision con un vehiculo automotor en transporte,Not an Intersection,No fue interseccion,Sobre Acotamiento,Construccion,Dia total,Despejado,No,NO APLICA,99,99,99,99,1,10/02/2022,1
8,Colorado,80051,0,0,2,0,31,DENVER (31),600,DENVER,2,Febrero,12,2022,12,22,E 31ST AVE,6,Calle Local Municipalidad,Urbano,Arteria Menor,City or Municipal Highway Agency,0,Sin jurisdiccion especial,0,39.76073611,-104.9660194,Vehiculo en movimiento,Angulo,Four-Way Intersection,Interseccion de 4 direcciones,Sobre calle,Ninguna,Dia total,Despejado,No,NO APLICA,12,22,12,25,1,12/02/2022,3
8,Colorado,80052,0,0,1,0,41,EL PASO (41),0,NO APLICA,2,Febrero,13,2022,17,57,I-25,1,Interestatal,Rural,Interestatal,State Highway Agency,1,Sin jurisdiccion especial,1203,38.57265,-104.6571833,Poste o otros soportes,El primer evento no fue una colision con un vehiculo automotor en transporte,Not an Intersection,No fue interseccion,Sobre el lado de la calle,Ninguna,Atardecer,Despejado,No,NO APLICA,99,99,99,99,1,13/02/2022,3
8,Colorado,80053,0,0,2,0,101,PUEBLO (101),0,NO APLICA,2,Febrero,15,2022,15,45,US-50,2,US Highway,Urbano,Arteria Principal,State Highway Agency,1,Sin jurisdiccion especial,3242,38.27449444,-104.4576778,Vehiculo en movimiento,Angulo,Four-Way Intersection,Interseccion de 4 direcciones,Sobre calle,Ninguna,Dia total,Despejado,No,NO APLICA,99,99,99,99,3,15/02/2022,4
8,Colorado,80054,0,0,1,0,61,KIOWA (61),0,NO APLICA,2,Febrero,15,2022,19,58,SR-96,3,Highway estatal,Rural,Arteria Menor,State Highway Agency,0,Sin jurisdiccion especial,1393,38.43121111,-103.24625,Animal vivo,El primer evento no fue una colision con un vehiculo automotor en transporte,Not an Intersection,No fue interseccion,Sobre calle,Ninguna,Oscuro sin iluminacion,Despejado,No,NO APLICA,99,99,99,99,1,15/02/2022,1
8,Colorado,80055,0,0,1,0,95,PHILLIPS (95),0,NO APLICA,2,Febrero,13,2022,13,46,SR-59,3,Highway estatal,Rural,Arteria Menor,State Highway Agency,0,Sin jurisdiccion especial,1400,40.5169,-102.6265639,Volcadura,El primer evento no fue una colision con un vehiculo automotor en transporte,Not an Intersection,No fue interseccion,Sobre el lado de la calle,Ninguna,Dia total,Despejado,No,NO APLICA,99,99,99,99,1,13/02/2022,2
8,Colorado,80056,0,0,1,0,67,LA PLATA (67),0,NO APLICA,2,Febrero,17,2022,8,20,SR-140,3,Highway estatal,Rural,Colector Mayor,State Highway Agency,0,Sin jurisdiccion especial,18,37.02402778,-108.1822778,Volcadura,El primer evento no fue una colision con un vehiculo automotor en transporte,Not an Intersection,No fue interseccion,Sobre el lado de la calle,Ninguna,Dia total,Despejado,No,NO APLICA,99,99,99,99,1,17/02/2022,5
8,Colorado,80057,1,1,2,0,1,ADAMS (1),2550,WESTMINSTER,2,Febrero,18,2022,20,28,SR-95   N SHERIDAN BLVD,3,Highway estatal,Urbano,Arteria Principal,State Highway Agency,1,Sin jurisdiccion especial,131,39.84091111,-105.0532333,Peaton,El primer evento no fue una colision con un vehiculo automotor en transporte,Not an Intersection,No fue interseccion,Sobre calle,Ninguna,Oscuro con iluminacion,Despejado,No,NO APLICA,20,35,20,40,1,18/02/2022,2
8,Colorado,80058,0,0,1,0,11,BENT (11),0,NO APLICA,2,Febrero,19,2022,1,15,US-50,2,US Highway,Rural,Arteria Principal,State Highway Agency,1,Sin jurisdiccion especial,3970,38.06218889,-103.2508,Volcadura,El primer evento no fue una colision con un vehiculo automotor en transporte,Not an Intersection,No fue interseccion,Sobre el lado de la calle,Ninguna,Oscuro sin iluminacion,Despejado,No,NO APLICA,99,99,99,99,1,19/02/2022,2
8,Colorado,80059,1,1,1,0,37,EAGLE (37),0,NO APLICA,2,Febrero,19,2022,19,13,US-6,2,US Highway,Urbano,Colector Mayor,State Highway Agency,0,Sin jurisdiccion especial,1664,39.64055556,-106.5888722,Peaton,El primer evento no fue una colision con un vehiculo automotor en transporte,Not an Intersection,No fue interseccion,Sobre calle,Ninguna,Oscuro sin iluminacion,Despejado,No,NO APLICA,99,99,99,99,1,19/02/2022,1
8,Colorado,80060,0,0,1,0,5,ARAPAHOE (5),110,AURORA,2,Febrero,20,2022,6,1,S ABILENE ST,6,Calle Local Municipalidad,Urbano,Local,City or Municipal Highway Agency,0,Sin jurisdiccion especial,0,39.66950556,-104.8285611,Banqueta,El primer evento no fue una colision con un vehiculo automotor en transporte,Not an Intersection,No fue interseccion,Sobre el lado de la calle,Ninguna,Oscuro sin iluminacion,Despejado,No,NO APLICA,6,1,6,5,1,20/02/2022,1
8,Colorado,80061,0,0,1,0,5,ARAPAHOE (5),345,CENTENNIAL,2,Febrero,13,2022,1,26,S RESERVOIR RD,6,Calle Local Municipalidad,Urbano,Arteria Menor,City or Municipal Highway Agency,0,Sin jurisdiccion especial,0,39.63084722,-104.7545361,Banqueta,El primer evento no fue una colision con un vehiculo automotor en transporte,T-Intersection,Interseccion de T,Sobre el lado de la calle,Ninguna,Oscuro con iluminacion,Despejado,No,NO APLICA,1,34,1,40,1,13/02/2022,1
8,Colorado,80062,0,0,2,0,59,JEFFERSON (59),1435,LAKEWOOD,2,Febrero,19,2022,18,46,US-40   W COLFAX AVE,2,US Highway,Urbano,Arteria Principal,State Highway Agency,1,Sin jurisdiccion especial,2937,39.74042778,-105.06385,Vehiculo en movimiento,Angulo,Four-Way Intersection,Interseccion de 4 direcciones,Sobre calle,Ninguna,Oscuro con iluminacion,Despejado,No,NO APLICA,18,48,18,51,1,19/02/2022,3
8,Colorado,80063,0,0,2,0,59,JEFFERSON (59),1435,LAKEWOOD,2,Febrero,20,2022,17,12,DENVER WEST BLVD,6,Calle Local Municipalidad,Urbano,Arteria Principal,City or Municipal Highway Agency,1,Sin jurisdiccion especial,0,39.726,-105.1655278,Vehiculo en movimiento,Angulo,Four-Way Intersection,Interseccion de 4 direcciones,Sobre calle,Ninguna,Dia total,Despejado,No,NO APLICA,17,12,17,17,1,20/02/2022,3
8,Colorado,80064,0,0,1,0,75,LOGAN (75),0,NO APLICA,2,Febrero,26,2022,14,0,I-76,1,Interestatal,Rural,Interestatal,State Highway Agency,1,Sin jurisdiccion especial,1424,40.78033056,-102.9147806,Volcadura,El primer evento no fue una colision con un vehiculo automotor en transporte,Not an Intersection,No fue interseccion,Sobre el lado de la calle,Ninguna,Dia total,Despejado,No,NO APLICA,14,11,14,28,1,26/02/2022,3
8,Colorado,80065,0,0,2,0,35,DOUGLAS (35),0,NO APLICA,2,Febrero,23,2022,7,35,US-85,2,US Highway,Rural,Arteria Principal,State Highway Agency,1,Sin jurisdiccion especial,1913,39.44666111,-104.973925,Banqueta,El primer evento no fue una colision con un vehiculo automotor en transporte,Not an Intersection,No fue interseccion,En el medio,Construccion,Dia total,Nieve,No,NO APLICA,99,99,99,99,1,23/02/2022,3
8,Colorado,80066,2,2,1,0,31,DENVER (31),600,DENVER,2,Febrero,25,2022,18,12,N TOWER RD,6,Calle Local Municipalidad,Urbano,Arteria Menor,City or Municipal Highway Agency,0,Sin jurisdiccion especial,0,39.8217,-104.7719,Peaton,El primer evento no fue una colision con un vehiculo automotor en transporte,Four-Way Intersection,Interseccion de 4 direcciones,Sobre calle,Ninguna,Atardecer,Despejado,No,NO APLICA,18,12,18,32,1,25/02/2022,1
8,Colorado,80067,0,0,1,0,31,DENVER (31),600,DENVER,2,Febrero,26,2022,2,39,US-85   S SANTA FE DR,2,US Highway,Urbano,Arterial Principal -Freeway o ExpressWay,State Highway Agency,1,Sin jurisdiccion especial,2097,39.69310278,-104.9926444,Poste,El primer evento no fue una colision con un vehiculo automotor en transporte,Not an Intersection,No fue interseccion,Sobre el lado de la calle,Ninguna,Oscuro con iluminacion,Despejado,No,NO APLICA,2,39,2,55,1,26/02/2022,1
8,Colorado,80068,0,0,2,0,41,EL PASO (41),0,NO APLICA,2,Febrero,27,2022,7,30,US-24,2,US Highway,Rural,Arteria Principal,State Highway Agency,1,Sin jurisdiccion especial,3261,38.99129167,-104.5295556,Vehiculo en movimiento,Frente a frente,Not an Intersection,No fue interseccion,Sobre calle,Ninguna,Dia total,Despejado,No,NO APLICA,99,99,99,99,1,27/02/2022,2
8,Colorado,80069,0,0,2,0,121,WASHINGTON (121),0,NO APLICA,2,Febrero,27,2022,20,26,US-34,2,US Highway,Rural,Arteria Principal,State Highway Agency,1,Sin jurisdiccion especial,1934,40.16161111,-103.2623889,Vehiculo en movimiento,Frente a frente,Not an Intersection,No fue interseccion,Sobre calle,Ninguna,Oscuro sin iluminacion,Despejado,No,NO APLICA,20,26,20,30,1,27/02/2022,2
8,Colorado,80070,0,0,2,0,1,ADAMS (1),434,COMMERCE CITY,2,Febrero,25,2022,21,18,US-85,2,US Highway,Urbano,Arteria Principal,State Highway Agency,1,Sin jurisdiccion especial,2286,39.89976667,-104.8686056,Vehiculo en movimiento,Angulo,Four-Way Intersection,Interseccion de 4 direcciones,Sobre calle,Ninguna,Oscuro con iluminacion,Despejado,No,NO APLICA,21,18,21,21,4,25/02/2022,9
8,Colorado,80071,0,0,2,0,73,LINCOLN (73),0,NO APLICA,2,Febrero,15,2022,6,0,US-40,2,US Highway,Rural,Arteria Principal,State Highway Agency,1,Sin jurisdiccion especial,3980,39.14233056,-103.4896389,Vehiculo en movimiento,Golpe Lateral - direccion contraria,Not an Intersection,No fue interseccion,Sobre calle,Ninguna,Oscuro sin iluminacion,Despejado,No,NO APLICA,6,0,6,5,1,15/02/2022,4
8,Colorado,80072,0,0,1,0,45,GARFIELD (45),0,NO APLICA,2,Febrero,28,2022,16,5,SR-13,3,Highway estatal,Rural,Arteria Principal,State Highway Agency,1,Sin jurisdiccion especial,92,39.62873889,-107.8455556,Volcadura,El primer evento no fue una colision con un vehiculo automotor en transporte,Not an Intersection,No fue interseccion,Sobre el lado de la calle,Ninguna,Dia total,Despejado,No,NO APLICA,99,99,99,99,1,28/02/2022,3
8,Colorado,80073,0,0,2,0,69,LARIMER (69),1550,LOVELAND,2,Febrero,26,2022,23,59,US-287   N GARFIELD AVE,2,US Highway,Urbano,Arteria Principal,State Highway Agency,1,Sin jurisdiccion especial,3380,40.46304722,-105.0773528,Vehiculo en movimiento,Frente a Detrás,Not an Intersection,No fue interseccion,Sobre calle,Ninguna,Oscuro con iluminacion,Despejado,No,NO APLICA,23,59,0,4,1,26/02/2022,3
8,Colorado,80074,0,1,2,1,85,MONTROSE (85),0,NO APLICA,2,Febrero,16,2022,17,49,US-550,2,US Highway,Rural,Arteria Principal,State Highway Agency,1,Sin jurisdiccion especial,1191,38.35205,-107.7963694,Vehiculo Aparcado,El primer evento no fue una colision con un vehiculo automotor en transporte,Not an Intersection,No fue interseccion,Sobre Acotamiento,Ninguna,Oscuro sin iluminacion,Nieve,No,NO APLICA,17,49,18,0,1,16/02/2022,1
8,Colorado,80075,0,0,1,0,41,EL PASO (41),430,COLORADO SPRINGS,2,Febrero,13,2022,5,52,S CIRCLE DR,6,Calle Local Municipalidad,Urbano,Arteria Principal,City or Municipal Highway Agency,1,Sin jurisdiccion especial,0,38.799325,-104.7813667,Arbol,El primer evento no fue una colision con un vehiculo automotor en transporte,Not an Intersection,No fue interseccion,Sobre el lado de la calle,Ninguna,Oscuro con iluminacion,Despejado,No,NO APLICA,5,52,6,6,1,13/02/2022,1
8,Colorado,80076,0,0,1,0,123,WELD (123),810,FIRESTONE,2,Febrero,25,2022,1,59,SR-119,3,Highway estatal,Urbano,Arteria Principal,State Highway Agency,1,Sin jurisdiccion especial,636,40.16048889,-104.9807083,Banqueta,El primer evento no fue una colision con un vehiculo automotor en transporte,Not an Intersection,No fue interseccion,Sobre el lado de la calle,Ninguna,Oscuro con iluminacion,Despejado,No,NO APLICA,1,59,99,99,1,25/02/2022,1
8,Colorado,80077,0,0,3,0,1,ADAMS (1),0,NO APLICA,2,Febrero,15,2022,6,30,I-25,1,Interestatal,Urbano,Interestatal,State Highway Agency,1,Sin jurisdiccion especial,2182,39.84493056,-104.9849167,Vehiculo en movimiento,Golpe Lateral - misma direccion,Not an Intersection,No fue interseccion,Sobre calle,Ninguna,Amanecer,Despejado,No,NO APLICA,99,99,99,99,1,15/02/2022,4
8,Colorado,80078,0,0,3,0,69,LARIMER (69),760,ESTES PARK,2,Febrero,1,2022,12,1,US-36   MORAINE AVE,2,US Highway,Urbano,Arteria Principal,State Highway Agency,1,Sin jurisdiccion especial,62,40.37152778,-105.52825,Vehiculo en movimiento,Frente a frente,Not an Intersection,No fue interseccion,Sobre calle,Ninguna,Dia total,Nieve,No,NO APLICA,12,2,12,12,1,01/02/2022,3
8,Colorado,80079,0,0,2,0,5,ARAPAHOE (5),1085,GREENWOOD VILLAGE,2,Febrero,10,2022,21,13,I-25,1,Interestatal,Urbano,Interestatal,State Highway Agency,1,Sin jurisdiccion especial,1993,39.622425,-104.9006333,Vehiculo en movimiento,Frente a Detrás,Not an Intersection,No fue interseccion,Sobre calle,Ninguna,Oscuro con iluminacion,Despejado,No,NO APLICA,21,13,21,19,1,10/02/2022,4
8,Colorado,80080,0,0,2,0,31,DENVER (31),600,DENVER,3,Marzo,2,2022,22,20,SR-83   LEETSDALE DR,3,Highway estatal,Urbano,Arteria Principal,State Highway Agency,1,Sin jurisdiccion especial,755,39.70273889,-104.9127556,Vehiculo en movimiento,Angulo,Four-Way Intersection,Interseccion de 4 direcciones,Sobre calle,Ninguna,Oscuro con iluminacion,Despejado,No,NO APLICA,22,25,99,99,1,02/03/2022,3
8,Colorado,80081,1,1,1,0,45,GARFIELD (45),1060,PARACHUTE,3,Marzo,3,2022,7,23,N MEADOW DR,6,Calle Local Municipalidad,Urbano,Local,City or Municipal Highway Agency,0,Sin jurisdiccion especial,0,39.45070833,-108.0581,Peaton,El primer evento no fue una colision con un vehiculo automotor en transporte,Not an Intersection,No fue interseccion,Sobre calle,Ninguna,Dia total,Despejado,Yes,NO APLICA,99,99,99,99,1,03/03/2022,1