Estado,Nombre de Estado,Numero de Caso,Peatones,Personas _no_vehiculos,Vehiculos automotores,Vehiculos estacionados,Condado,Nombre Condado,Ciudad,Nombre Ciudad,Mes,Nombre Mes,Dia,Año,Hora,Minuto,Calle,Ruta,Nombre Ruta,Rural o Urbanoo,Sistema Funcional,Dueño Calle,Sistema Nacional Carreteras,Jurisdiccion Especial,Milla,Latitud,Longitud,Causa del Accidente,Tipo de Accidente,Tipo Interseccion,Columna1,Lugar en la calle,Zona de Trabajo,Luz,Clima,Autobus Escolar,Cruce de Trenes,Hora Notificacion,Minuto Notificacion,Hora Llegada,Minuto Llegada,Decesos,Fecha,PersonaVehiculo
8,Colorado,80082,0,0,1,0,13,BOULDER (13),0,NO APLICA,3,Marzo,5,2022,17,0,SR-119,3,Highway estatal,Rural,Arterial Principal -Freeway o ExpressWay,State Highway Agency,1,Sin jurisdiccion especial,525,40.12080556,-105.1525556,Zanja,El primer evento no fue una colision con un vehiculo automotor en transporte,Not an Intersection,No fue interseccion,En el medio,Ninguna,Dia total,Nublado,No,NO APLICA,17,2,17,7,1,05/03/2022,1
8,Colorado,80083,0,0,2,0,73,LINCOLN (73),0,NO APLICA,3,Marzo,6,2022,9,56,I-70,1,Interestatal,Rural,Interestatal,State Highway Agency,1,Sin jurisdiccion especial,3767,39.27886111,-103.39385,Vehiculo en movimiento,Frente a Detrás,Not an Intersection,No fue interseccion,Gore?,Ninguna,Dia total,Nieve,No,NO APLICA,10,0,10,21,1,06/03/2022,4
8,Colorado,80084,0,0,2,0,7,ARCHULETA (7),0,NO APLICA,3,Marzo,6,2022,21,59,US-84,2,US Highway,Rural,Arteria Menor,State Highway Agency,0,Sin jurisdiccion especial,242,37.22203611,-106.9848972,Vehiculo en movimiento,Frente a frente,Four-Way Intersection,Interseccion de 4 direcciones,Sobre calle,Ninguna,Oscuro sin iluminacion,Despejado,No,NO APLICA,99,99,99,99,3,06/03/2022,5
8,Colorado,80085,0,0,1,0,31,DENVER (31),600,DENVER,3,Marzo,3,2022,22,24,I-25 RAMP F,1,Interestatal,Urbano,Interestatal,State Highway Agency,1,Sin jurisdiccion especial,2096,39.73070556,-105.0158889,Banqueta,El primer evento no fue una colision con un vehiculo automotor en transporte,Not an Intersection,No fue interseccion,Sobre el lado de la calle,Ninguna,Oscuro con iluminacion,No reportado,No,NO APLICA,22,24,22,33,1,03/03/2022,4
8,Colorado,80086,0,0,2,0,59,JEFFERSON (59),1435,LAKEWOOD,3,Marzo,2,2022,22,18,US-40   W COLFAX AVE,2,US Highway,Urbano,Arteria Principal,State Highway Agency,1,Sin jurisdiccion especial,2938,39.74027222,-105.062675,Vehiculo en movimiento,Angulo,Four-Way Intersection,Interseccion de 4 direcciones,Sobre calle,Ninguna,Oscuro con iluminacion,Despejado,No,NO APLICA,22,19,22,22,1,02/03/2022,3
8,Colorado,80087,0,0,1,0,1,ADAMS (1),0,NO APLICA,3,Marzo,8,2022,6,50,CR-WASHINGTON ST,4,Calle del Condado,Urbano,Arteria Principal,County Highway Agency,1,Sin jurisdiccion especial,0,39.81808333,-104.9783333,Volcadura,El primer evento no fue una colision con un vehiculo automotor en transporte,Not an Intersection,No fue interseccion,Sobre el lado de la calle,Ninguna,Dia total,Despejado,No,NO APLICA,99,99,99,99,1,08/03/2022,1
8,Colorado,80088,1,1,1,0,101,PUEBLO (101),0,NO APLICA,3,Marzo,8,2022,19,4,US-50,2,US Highway,Rural,Arteria Principal,State Highway Agency,1,Sin jurisdiccion especial,3269,38.27022222,-104.4081194,Peaton,El primer evento no fue una colision con un vehiculo automotor en transporte,Not an Intersection,No fue interseccion,Sobre calle,Ninguna,Oscuro sin iluminacion,Despejado,No,NO APLICA,99,99,99,99,1,08/03/2022,2
8,Colorado,80089,0,0,2,0,47,GILPIN (47),0,NO APLICA,3,Marzo,9,2022,16,40,SR-119,3,Highway estatal,Rural,Arteria Menor,State Highway Agency,0,Sin jurisdiccion especial,16,39.76123056,-105.4173639,Vehiculo en movimiento,Frente a frente,Not an Intersection,No fue interseccion,Sobre calle,Ninguna,Dia total,Nieve,No,NO APLICA,16,37,16,52,1,09/03/2022,3
8,Colorado,80090,0,0,1,0,63,KIT CARSON (63),0,NO APLICA,3,Marzo,10,2022,13,4,CR-30,4,Calle del Condado,Rural,Colector Mayor,County Highway Agency,0,Sin jurisdiccion especial,0,39.29035,-102.61415,Volcadura,El primer evento no fue una colision con un vehiculo automotor en transporte,Not an Intersection,No fue interseccion,Sobre el lado de la calle,Ninguna,Dia total,Nublado,No,NO APLICA,13,6,13,13,1,10/03/2022,1
8,Colorado,80091,0,0,2,0,45,GARFIELD (45),0,NO APLICA,3,Marzo,12,2022,1,0,I-70,1,Interestatal,Rural,Interestatal,State Highway Agency,1,Sin jurisdiccion especial,1084,39.57116944,-107.461125,Vehiculo en movimiento,Angulo,Not an Intersection,No fue interseccion,Sobre calle,Ninguna,Oscuro sin iluminacion,Despejado,No,NO APLICA,1,0,99,99,2,12/03/2022,4
8,Colorado,80093,0,0,1,0,41,EL PASO (41),430,COLORADO SPRINGS,3,Marzo,4,2022,2,11,AUSTIN BLUFFS PKWY,6,Calle Local Municipalidad,Urbano,Arteria Principal,City or Municipal Highway Agency,1,Sin jurisdiccion especial,0,38.88939722,-104.7805556,Barrera de Trafico de Concreto,El primer evento no fue una colision con un vehiculo automotor en transporte,Not an Intersection,No fue interseccion,Sobre el lado de la calle,Ninguna,Oscuro con iluminacion,Despejado,No,NO APLICA,2,11,2,18,1,04/03/2022,1
8,Colorado,80094,0,0,2,0,101,PUEBLO (101),2050,PUEBLO,3,Marzo,11,2022,1,24,SANTA FE AVE,6,Calle Local Municipalidad,Urbano,Arteria Menor,City or Municipal Highway Agency,0,Sin jurisdiccion especial,0,38.27895278,-104.6071833,Vehiculo en movimiento,Angulo,Four-Way Intersection,Interseccion de 4 direcciones,Sobre calle,Ninguna,Oscuro con iluminacion,Despejado,No,NO APLICA,1,24,1,29,1,11/03/2022,3
8,Colorado,80095,0,0,1,0,123,WELD (123),1070,GREELEY,3,Marzo,15,2022,12,40,US-34,2,US Highway,Urbano,Arterial Principal -Freeway o ExpressWay,State Highway Agency,1,Sin jurisdiccion especial,1024,40.40663889,-104.8770056,Volcadura,El primer evento no fue una colision con un vehiculo automotor en transporte,Not an Intersection,No fue interseccion,En el medio,Ninguna,Dia total,Despejado,No,NO APLICA,12,43,12,50,1,15/03/2022,1
8,Colorado,80096,1,1,1,0,1,ADAMS (1),110,AURORA,3,Marzo,18,2022,19,52,US-40   E COLFAX AVE,2,US Highway,Urbano,Arteria Principal,State Highway Agency,1,Sin jurisdiccion especial,3060,39.74034444,-104.8334444,Peaton,El primer evento no fue una colision con un vehiculo automotor en transporte,Not an Intersection,No fue interseccion,Sobre calle,Ninguna,Oscuro con iluminacion,Despejado,No,NO APLICA,19,52,19,55,1,18/03/2022,2
8,Colorado,80097,1,1,1,0,1,ADAMS (1),110,AURORA,3,Marzo,18,2022,19,54,US-40   E COLFAX AVE,2,US Highway,Urbano,Arteria Principal,State Highway Agency,1,Sin jurisdiccion especial,3060,39.74034444,-104.8334444,Peaton,El primer evento no fue una colision con un vehiculo automotor en transporte,Not an Intersection,No fue interseccion,Sobre calle,Ninguna,Oscuro con iluminacion,Despejado,No,NO APLICA,99,99,99,99,1,18/03/2022,1
8,Colorado,80098,0,0,1,0,95,PHILLIPS (95),0,NO APLICA,3,Marzo,21,2022,17,51,CR-20,4,Calle del Condado,Rural,Local,County Highway Agency,0,Sin jurisdiccion especial,0,40.57106111,-102.3305722,Volcadura,El primer evento no fue una colision con un vehiculo automotor en transporte,Not an Intersection,No fue interseccion,Sobre el lado de la calle,Ninguna,Dia total,Despejado,No,NO APLICA,17,51,18,7,1,21/03/2022,1
8,Colorado,80099,1,1,1,0,31,DENVER (31),600,DENVER,3,Marzo,23,2022,0,40,I-25,1,Interestatal,Urbano,Interestatal,State Highway Agency,1,Sin jurisdiccion especial,2101,39.73695556,-105.0144889,Peaton,El primer evento no fue una colision con un vehiculo automotor en transporte,Not an Intersection,No fue interseccion,Sobre calle,Ninguna,Oscuro con iluminacion,Despejado,No,NO APLICA,0,40,0,45,1,23/03/2022,1
8,Colorado,80100,0,0,2,0,5,ARAPAHOE (5),0,NO APLICA,3,Marzo,23,2022,15,20,I-70,1,Interestatal,Rural,Interestatal,State Highway Agency,1,Sin jurisdiccion especial,3130,39.72831111,-104.2730944,Vehiculo en movimiento,Frente a Detrás,Not an Intersection,No fue interseccion,Sobre calle,Ninguna,Dia total,Despejado,No,NO APLICA,99,99,99,99,1,23/03/2022,2
8,Colorado,80101,0,0,1,0,83,MONTEZUMA (83),0,NO APLICA,3,Marzo,25,2022,15,50,SR-184,3,Highway estatal,Rural,Colector Mayor,State Highway Agency,0,Sin jurisdiccion especial,111,37.44974444,-108.4924333,Volcadura,El primer evento no fue una colision con un vehiculo automotor en transporte,Not an Intersection,No fue interseccion,Sobre el lado de la calle,Ninguna,Dia total,Despejado,No,NO APLICA,99,99,99,99,1,25/03/2022,1
8,Colorado,80102,0,0,2,0,77,MESA (77),0,NO APLICA,3,Marzo,26,2022,14,10,US-50,2,US Highway,Rural,Arteria Principal,State Highway Agency,1,Sin jurisdiccion especial,480,38.90385,-108.3691111,Vehiculo en movimiento,Frente a Detrás,Not an Intersection,No fue interseccion,Sobre calle,Ninguna,Dia total,Despejado,No,NO APLICA,99,99,99,99,1,26/03/2022,3
8,Colorado,80103,0,0,2,0,1,ADAMS (1),0,NO APLICA,3,Marzo,27,2022,3,22,I-25,1,Interestatal,Urbano,Interestatal,State Highway Agency,1,Sin jurisdiccion especial,2179,39.84024444,-104.9836444,Vehiculo en movimiento,Frente a Detrás,Not an Intersection,No fue interseccion,Sobre calle,Ninguna,Oscuro con iluminacion,Despejado,No,NO APLICA,99,99,99,99,1,27/03/2022,4
8,Colorado,80104,0,0,2,0,123,WELD (123),0,NO APLICA,3,Marzo,27,2022,21,30,US-34,2,US Highway,Rural,Arteria Principal,State Highway Agency,1,Sin jurisdiccion especial,1291,40.32251667,-104.4094444,Vehiculo en movimiento,Frente a Detrás,Not an Intersection,No fue interseccion,Sobre calle,Ninguna,Oscuro sin iluminacion,Despejado,No,NO APLICA,21,30,21,50,2,27/03/2022,3
8,Colorado,80105,0,0,2,0,1,ADAMS (1),800,FEDERAL HEIGHTS,3,Marzo,26,2022,14,28,US-287   FEDERAL BLVD,2,US Highway,Urbano,Arteria Principal,State Highway Agency,1,Sin jurisdiccion especial,2920,39.87511111,-105.0251167,Vehiculo en movimiento,Angulo,Four-Way Intersection,Interseccion de 4 direcciones,Sobre calle,Ninguna,Dia total,Despejado,No,NO APLICA,14,28,14,30,1,26/03/2022,2
8,Colorado,80106,0,0,2,0,123,WELD (123),870,FORT LUPTON,3,Marzo,17,2022,6,55,SR-52,3,Highway estatal,Rural,Arteria Principal,State Highway Agency,1,Sin jurisdiccion especial,239,40.08035278,-104.7449111,Vehiculo en movimiento,Frente a frente,Not an Intersection,No fue interseccion,Sobre calle,Ninguna,Dia total,Nieve,No,NO APLICA,6,58,7,3,1,17/03/2022,3
8,Colorado,80107,0,0,2,0,31,DENVER (31),600,DENVER,3,Marzo,28,2022,0,28,SR-26   W ALAMEDA AVE,3,Highway estatal,Urbano,Arteria Principal,State Highway Agency,1,Sin jurisdiccion especial,112,39.71129444,-105.0532333,Vehiculo en movimiento,Angulo,Four-Way Intersection,Interseccion de 4 direcciones,Sobre calle,Ninguna,Oscuro con iluminacion,Despejado,No,NO APLICA,0,28,0,31,1,28/03/2022,3
8,Colorado,80108,0,0,3,0,59,JEFFERSON (59),0,NO APLICA,3,Marzo,29,2022,7,30,SR-93,3,Highway estatal,Urbano,Arteria Principal,State Highway Agency,1,Sin jurisdiccion especial,62,39.84786111,-105.2340194,Vehiculo en movimiento,Frente a frente,Not an Intersection,No fue interseccion,Sobre calle,Ninguna,Dia total,Nublado,No,NO APLICA,7,31,7,40,1,29/03/2022,3
8,Colorado,80109,0,0,1,0,93,PARK (93),0,NO APLICA,3,Marzo,29,2022,10,36,US-285,2,US Highway,Rural,Arteria Principal,State Highway Agency,1,Sin jurisdiccion especial,1658,38.97948889,-105.95875,Volcadura,El primer evento no fue una colision con un vehiculo automotor en transporte,Not an Intersection,No fue interseccion,Sobre calle,Ninguna,Dia total,Nublado,No,NO APLICA,99,99,99,99,1,29/03/2022,1
8,Colorado,80110,1,1,1,0,101,PUEBLO (101),0,NO APLICA,3,Marzo,29,2022,19,50,I-25,1,Interestatal,Urbano,Interestatal,State Highway Agency,1,Sin jurisdiccion especial,929,38.191,-104.6332861,Peaton,El primer evento no fue una colision con un vehiculo automotor en transporte,Not an Intersection,No fue interseccion,Sobre calle,Ninguna,Oscuro sin iluminacion,lluvia,No,NO APLICA,99,99,99,99,1,29/03/2022,1
8,Colorado,80111,1,1,1,0,1,ADAMS (1),0,NO APLICA,3,Marzo,13,2022,22,39,US-287   FEDERAL BLVD,2,US Highway,Urbano,Arteria Principal,State Highway Agency,1,Sin jurisdiccion especial,2865,39.79395,-105.0253389,Peaton,El primer evento no fue una colision con un vehiculo automotor en transporte,Not an Intersection,No fue interseccion,Sobre calle,Ninguna,Oscuro con iluminacion,Despejado,No,NO APLICA,99,99,99,99,1,13/03/2022,1
8,Colorado,80112,0,0,2,0,59,JEFFERSON (59),1435,LAKEWOOD,3,Marzo,31,2022,23,16,SR-391   S KIPLING PKWY,3,Highway estatal,Urbano,Arteria Principal,State Highway Agency,1,Sin jurisdiccion especial,21,39.68216667,-105.1203278,Vehiculo en movimiento,Angulo,Four-Way Intersection,Interseccion de 4 direcciones,Sobre calle,Ninguna,Oscuro con iluminacion,Despejado,No,NO APLICA,23,20,23,25,1,31/03/2022,4
8,Colorado,80113,0,0,1,0,35,DOUGLAS (35),0,NO APLICA,3,Marzo,21,2022,10,32,SR-83,3,Highway estatal,Rural,Arteria Principal,State Highway Agency,1,Sin jurisdiccion especial,518,39.40593889,-104.7593056,Barda,El primer evento no fue una colision con un vehiculo automotor en transporte,Not an Intersection,No fue interseccion,Fuera de la calle,Ninguna,Dia total,Nieve,No,NO APLICA,10,28,10,33,1,21/03/2022,1
8,Colorado,80114,1,1,1,0,41,EL PASO (41),430,COLORADO SPRINGS,3,Marzo,23,2022,3,28,GARDEN OF THE GODS RD,6,Calle Local Municipalidad,Urbano,Arteria Principal,City or Municipal Highway Agency,1,Sin jurisdiccion especial,0,38.89672222,-104.8294444,Peaton,El primer evento no fue una colision con un vehiculo automotor en transporte,Four-Way Intersection,Interseccion de 4 direcciones,Sobre calle,Ninguna,Oscuro con iluminacion,Despejado,No,NO APLICA,3,32,3,35,1,23/03/2022,1
8,Colorado,80115,0,0,3,1,5,ARAPAHOE (5),110,AURORA,3,Marzo,14,2022,17,36,E 11TH AVE,6,Calle Local Municipalidad,Urbano,Arteria Menor,City or Municipal Highway Agency,0,Sin jurisdiccion especial,0,39.73288333,-104.8718833,Vehiculo en movimiento,Angulo,Four-Way Intersection,Interseccion de 4 direcciones,Sobre calle,Ninguna,Dia total,Despejado,No,NO APLICA,17,36,17,39,1,14/03/2022,2
8,Colorado,80116,0,0,1,0,21,CONEJOS (21),0,NO APLICA,3,Marzo,27,2022,14,23,CR-28,4,Calle del Condado,Rural,Colector Menor,County Highway Agency,0,Sin jurisdiccion especial,0,37.26403056,-105.7471306,Volcadura,El primer evento no fue una colision con un vehiculo automotor en transporte,Not an Intersection,No fue interseccion,Sobre el lado de la calle,Ninguna,Dia total,Despejado,No,NO APLICA,99,99,99,99,1,27/03/2022,7
8,Colorado,80117,0,0,2,0,41,EL PASO (41),430,COLORADO SPRINGS,3,Marzo,15,2022,16,21,MARKSHEFFEL RD,6,Calle Local Municipalidad,Urbano,Arteria Principal,City or Municipal Highway Agency,1,Sin jurisdiccion especial,0,38.90446111,-104.6829222,Vehiculo en movimiento,Angulo,T-Intersection,Interseccion de T,Sobre Acotamiento,Ninguna,Dia total,Despejado,No,NO APLICA,16,21,16,27,1,15/03/2022,2
8,Colorado,80118,1,1,1,0,31,DENVER (31),600,DENVER,3,Marzo,12,2022,2,30,I-25,1,Interestatal,Urbano,Interestatal,State Highway Agency,1,Sin jurisdiccion especial,2083,39.71603889,-105.0021278,Peaton,El primer evento no fue una colision con un vehiculo automotor en transporte,Not an Intersection,No fue interseccion,Sobre calle,Ninguna,Oscuro con iluminacion,Despejado,No,NO APLICA,2,30,2,35,1,12/03/2022,1
8,Colorado,80119,0,0,2,0,29,DELTA (29),0,NO APLICA,3,Marzo,28,2022,15,0,US-50,2,US Highway,Rural,Arteria Principal,State Highway Agency,1,Sin jurisdiccion especial,650,38.75191667,-108.1568889,Vehiculo en movimiento,Angulo,T-Intersection,Interseccion de T,Sobre calle,Ninguna,Dia total,Despejado,No,NO APLICA,99,99,99,99,1,28/03/2022,6
8,Colorado,80120,0,0,2,0,31,DENVER (31),600,DENVER,3,Marzo,24,2022,10,32,N KALAMATH ST,6,Calle Local Municipalidad,Urbano,Arteria Menor,City or Municipal Highway Agency,0,Sin jurisdiccion especial,0,39.72414167,-105.0001444,Vehiculo en movimiento,Angulo,Four-Way Intersection,Interseccion de 4 direcciones,Sobre calle,Ninguna,Dia total,Despejado,No,NO APLICA,10,32,10,45,1,24/03/2022,2
8,Colorado,80121,0,0,2,0,31,DENVER (31),600,DENVER,3,Marzo,31,2022,16,51,E MISSISSIPPI AVE,6,Calle Local Municipalidad,Urbano,Arteria Principal,City or Municipal Highway Agency,1,Sin jurisdiccion especial,0,39.696625,-104.8683083,Vehiculo en movimiento,Angulo,T-Intersection,Interseccion de T,Sobre calle,Ninguna,Dia total,Despejado,No,NO APLICA,16,52,16,54,1,31/03/2022,3
8,Colorado,80122,0,0,2,0,59,JEFFERSON (59),1435,LAKEWOOD,3,Marzo,31,2022,11,15,SR-391   KIPLING SR,3,Highway estatal,Urbano,Arteria Principal,State Highway Agency,1,Sin jurisdiccion especial,67,39.74565278,-105.1096806,Vehiculo en movimiento,Angulo,T-Intersection,Interseccion de T,Sobre calle,Ninguna,Dia total,Despejado,No,NO APLICA,99,99,99,99,1,31/03/2022,2
8,Colorado,80123,0,0,2,0,41,EL PASO (41),430,COLORADO SPRINGS,1,Enero,24,2022,9,1,N MARKSHEFFEL RD,6,Calle Local Municipalidad,Urbano,Arteria Principal,City or Municipal Highway Agency,1,Sin jurisdiccion especial,0,38.91515,-104.6828556,Vehiculo en movimiento,Angulo,Not an Intersection,No fue interseccion,Sobre calle,Ninguna,Dia total,Despejado,No,NO APLICA,9,2,9,8,1,24/01/2022,2
8,Colorado,80124,0,0,2,0,43,FREMONT (43),0,NO APLICA,4,Abril,2,2022,9,50,US-50,2,US Highway,Rural,Arteria Principal,State Highway Agency,1,Sin jurisdiccion especial,2943,38.39168056,-104.9683,Vehiculo en movimiento,Angulo,Four-Way Intersection,Interseccion de 4 direcciones,Sobre calle,Ninguna,Dia total,Despejado,No,NO APLICA,99,99,99,99,1,02/04/2022,2
8,Colorado,80125,0,0,2,0,43,FREMONT (43),0,NO APLICA,4,Abril,2,2022,11,46,SR-115,3,Highway estatal,Rural,Arteria Menor,State Highway Agency,0,Sin jurisdiccion especial,220,38.50158889,-104.9569278,Vehiculo en movimiento,Frente a frente,Not an Intersection,No fue interseccion,Sobre calle,Ninguna,Dia total,Despejado,No,NO APLICA,99,99,99,99,2,02/04/2022,3
8,Colorado,80126,0,0,1,0,1,ADAMS (1),2550,WESTMINSTER,4,Abril,2,2022,16,25,W TURNPIKE DR,6,Calle Local Municipalidad,Urbano,Colector Mayor,City or Municipal Highway Agency,0,Sin jurisdiccion especial,0,39.84176111,-105.0409583,Arbol,El primer evento no fue una colision con un vehiculo automotor en transporte,Not an Intersection,No fue interseccion,Fuera de la calle,Ninguna,Dia total,Despejado,No,NO APLICA,16,26,16,29,2,02/04/2022,2
8,Colorado,80127,0,0,1,0,41,EL PASO (41),0,NO APLICA,4,Abril,2,2022,17,50,CR-PALMER PARK BLVD,6,Calle Local Municipalidad,Urbano,Local,City or Municipal Highway Agency,0,Sin jurisdiccion especial,0,38.85790556,-104.7090083,Banqueta,El primer evento no fue una colision con un vehiculo automotor en transporte,Not an Intersection,No fue interseccion,Sobre el lado de la calle,Ninguna,Dia total,Despejado,No,NO APLICA,99,99,99,99,1,02/04/2022,1
8,Colorado,80128,0,0,2,0,31,DENVER (31),600,DENVER,4,Abril,1,2022,0,37,SR-2   N COLORADO BLVD,3,Highway estatal,Urbano,Arteria Principal,State Highway Agency,1,Sin jurisdiccion especial,75,39.76186667,-104.9404778,Vehiculo en movimiento,Angulo,Four-Way Intersection,Interseccion de 4 direcciones,Sobre calle,Ninguna,Oscuro con iluminacion,Despejado,No,NO APLICA,0,37,0,48,1,01/04/2022,2
8,Colorado,80129,1,1,1,0,31,DENVER (31),600,DENVER,4,Abril,1,2022,22,46,N BROADWAY ST,6,Calle Local Municipalidad,Urbano,Arteria Principal,City or Municipal Highway Agency,1,Sin jurisdiccion especial,0,39.72732778,-104.9875833,Peaton,El primer evento no fue una colision con un vehiculo automotor en transporte,Four-Way Intersection,Interseccion de 4 direcciones,Sobre calle,Ninguna,Oscuro con iluminacion,Despejado,No,NO APLICA,22,46,22,50,1,01/04/2022,1
8,Colorado,80130,0,0,2,0,21,CONEJOS (21),0,NO APLICA,4,Abril,2,2022,20,1,US-285,2,US Highway,Rural,Arteria Principal,State Highway Agency,1,Sin jurisdiccion especial,204,37.28361111,-105.9588444,Vehiculo en movimiento,Angulo,Four-Way Intersection,Interseccion de 4 direcciones,Sobre calle,Ninguna,Oscuro con iluminacion,Despejado,No,NO APLICA,20,5,20,14,1,02/04/2022,5
8,Colorado,80131,0,0,4,0,77,MESA (77),0,NO APLICA,4,Abril,3,2022,12,6,CR-F RD,4,Calle del Condado,Urbano,Arteria Menor,County Highway Agency,0,Sin jurisdiccion especial,0,39.09175556,-108.4595333,Vehiculo en movimiento,Angulo,Four-Way Intersection,Interseccion de 4 direcciones,Sobre calle,Ninguna,Dia total,Despejado,No,NO APLICA,99,99,99,99,1,03/04/2022,9
8,Colorado,80132,0,0,2,0,101,PUEBLO (101),2050,PUEBLO,4,Abril,1,2022,20,52,SR-47   CESAR CHAVEZ BLVD,3,Highway estatal,Urbano,Arterial Principal -Freeway o ExpressWay,State Highway Agency,1,Sin jurisdiccion especial,20,38.30268611,-104.5786444,Vehiculo en movimiento,Frente a Detrás,Not an Intersection,No fue interseccion,Sobre calle,Ninguna,Oscuro sin iluminacion,Despejado,No,NO APLICA,20,55,20,59,1,01/04/2022,2
8,Colorado,80133,0,0,1,0,63,KIT CARSON (63),0,NO APLICA,4,Abril,5,2022,3,40,I-70 FRONTAGE RD,7,Calle Local,Rural,Interestatal,State Highway Agency,1,Sin jurisdiccion especial,3954,39.28381389,-103.0461389,Volcadura,El primer evento no fue una colision con un vehiculo automotor en transporte,Not an Intersection,No fue interseccion,Sobre calle,Ninguna,Oscuro sin iluminacion,Despejado,No,NO APLICA,3,43,3,56,1,05/04/2022,1
8,Colorado,80134,4,4,1,0,123,WELD (123),2580,WINDSOR,4,Abril,2,2022,18,37,EASTMAN PARK DR,6,Calle Local Municipalidad,Urbano,Colector Mayor,City or Municipal Highway Agency,0,Sin jurisdiccion especial,0,40.46521667,-104.8753417,Peaton,El primer evento no fue una colision con un vehiculo automotor en transporte,Not an Intersection,No fue interseccion,Sobre calle,Ninguna,Dia total,Despejado,No,NO APLICA,19,0,19,40,1,02/04/2022,1
8,Colorado,80135,0,0,4,0,5,ARAPAHOE (5),110,AURORA,4,Abril,8,2022,20,16,SR-30   E 6TH AVE,3,Highway estatal,Urbano,Arteria Principal,State Highway Agency,1,Sin jurisdiccion especial,106,39.72548611,-104.8104861,Vehiculo en movimiento,Angulo,Four-Way Intersection,Interseccion de 4 direcciones,Sobre calle,Ninguna,Oscuro con iluminacion,Despejado,No,NO APLICA,20,17,20,24,2,08/04/2022,7
8,Colorado,80136,0,0,1,0,59,JEFFERSON (59),0,NO APLICA,4,Abril,9,2022,12,55,SR-72,3,Highway estatal,Rural,Arteria Menor,State Highway Agency,0,Sin jurisdiccion especial,148,39.88024444,-105.3104278,Volcadura,El primer evento no fue una colision con un vehiculo automotor en transporte,Not an Intersection,No fue interseccion,Sobre Acotamiento,Ninguna,Dia total,Despejado,No,NO APLICA,12,57,13,15,1,09/04/2022,1
8,Colorado,80137,0,0,3,0,13,BOULDER (13),0,NO APLICA,4,Abril,9,2022,23,20,SR-157,3,Highway estatal,Urbano,Arterial Principal -Freeway o ExpressWay,State Highway Agency,1,Sin jurisdiccion especial,40,40.04116111,-105.24465,Vehiculo en movimiento,Frente a frente,Not an Intersection,No fue interseccion,Sobre calle,Ninguna,Oscuro con iluminacion,Despejado,No,NO APLICA,23,22,23,26,2,09/04/2022,4
8,Colorado,80138,1,1,1,0,5,ARAPAHOE (5),110,AURORA,4,Abril,3,2022,21,45,S BUCKLEY RD,6,Calle Local Municipalidad,Urbano,Arteria Principal,City or Municipal Highway Agency,1,Sin jurisdiccion especial,0,39.70506944,-104.7908056,Peaton,El primer evento no fue una colision con un vehiculo automotor en transporte,Not an Intersection,No fue interseccion,Sobre calle,Ninguna,Oscuro sin iluminacion,Despejado,No,NO APLICA,21,45,21,45,1,03/04/2022,1
8,Colorado,80139,0,0,3,0,77,MESA (77),1040,GRAND JUNCTION,4,Abril,7,2022,7,12,RIVERSIDE PKWY,6,Calle Local Municipalidad,Urbano,Arteria Menor,City or Municipal Highway Agency,0,Sin jurisdiccion especial,0,39.06280278,-108.5159722,Vehiculo en movimiento,Frente a Detrás,Four-Way Intersection,Interseccion de 4 direcciones,Sobre calle,Ninguna,Amanecer,Despejado,No,NO APLICA,7,15,7,22,1,07/04/2022,5
8,Colorado,80140,1,1,1,0,59,JEFFERSON (59),1435,LAKEWOOD,4,Abril,7,2022,21,6,SR-391   KIPLING ST,3,Highway estatal,Urbano,Arteria Principal,State Highway Agency,1,Sin jurisdiccion especial,55,39.72861667,-105.1097889,Peaton,El primer evento no fue una colision con un vehiculo automotor en transporte,Not an Intersection,No fue interseccion,Sobre calle,Ninguna,Oscuro sin iluminacion,Despejado,No,NO APLICA,21,7,21,12,1,07/04/2022,1
8,Colorado,80141,0,0,1,0,69,LARIMER (69),0,NO APLICA,4,Abril,11,2022,6,57,CR-CENTENNIAL DR,4,Calle del Condado,Urbano,Colector Mayor,County Highway Agency,0,Sin jurisdiccion especial,0,40.54532222,-105.1466667,Otro objeto (no fijo),El primer evento no fue una colision con un vehiculo automotor en transporte,Not an Intersection,No fue interseccion,Fuera de la calle,Ninguna,Oscuro sin iluminacion,Despejado,No,NO APLICA,99,99,99,99,1,11/04/2022,1
8,Colorado,80142,0,0,1,0,5,ARAPAHOE (5),0,NO APLICA,4,Abril,12,2022,18,20,SR-470   E-470 EXPY,3,Highway estatal,Urbano,Arterial Principal -Freeway o ExpressWay,State Highway Agency,1,Sin jurisdiccion especial,162,39.67878056,-104.7256556,Barrera de Cable,El primer evento no fue una colision con un vehiculo automotor en transporte,Not an Intersection,No fue interseccion,En el medio,Ninguna,Dia total,Despejado,No,NO APLICA,99,99,99,99,1,12/04/2022,3
8,Colorado,80143,1,1,1,0,31,DENVER (31),600,DENVER,4,Abril,8,2022,19,0,US-40   E COLFAX AVE,2,US Highway,Urbano,Arteria Principal,State Highway Agency,1,Sin jurisdiccion especial,2994,39.74002778,-104.9635833,No vehiculo o remolque,El primer evento no fue una colision con un vehiculo automotor en transporte,Four-Way Intersection,Interseccion de 4 direcciones,Sobre calle,Ninguna,Dia total,Despejado,No,NO APLICA,19,0,19,1,1,08/04/2022,1
8,Colorado,80144,0,0,1,0,83,MONTEZUMA (83),0,NO APLICA,4,Abril,14,2022,19,5,CR-L,4,Calle del Condado,Rural,Local,County Highway Agency,0,Sin jurisdiccion especial,0,37.3711,-108.6067083,Volcadura,El primer evento no fue una colision con un vehiculo automotor en transporte,Not an Intersection,No fue interseccion,Sobre calle,Ninguna,Dia total,Nublado,No,NO APLICA,19,12,19,18,1,14/04/2022,1