Estado,Nombre de Estado,Numero de Caso,Peatones,Personas _no_vehiculos,Vehiculos automotores,Vehiculos estacionados,Condado,Nombre Condado,Ciudad,Nombre Ciudad,Mes,Nombre Mes,Dia,Año,Hora,Minuto,Calle,Ruta,Nombre Ruta,Rural o Urbanoo,Sistema Funcional,Dueño Calle,Sistema Nacional Carreteras,Jurisdiccion Especial,Milla,Latitud,Longitud,Causa del Accidente,Tipo de Accidente,Tipo Interseccion,Columna1,Lugar en la calle,Zona de Trabajo,Luz,Clima,Autobus Escolar,Cruce de Trenes,Hora Notificacion,Minuto Notificacion,Hora Llegada,Minuto Llegada,Decesos,Fecha,PersonaVehiculo
8,Colorado,80145,0,0,5,0,35,DOUGLAS (35),0,NO APLICA,4,Abril,15,2022,15,12,SR-83,3,Highway estatal,Urbano,Arteria Principal,State Highway Agency,1,Sin jurisdiccion especial,546,39.44638889,-104.7598139,Vehiculo en movimiento,Golpe Lateral - misma direccion,Not an Intersection,No fue interseccion,Sobre calle,Ninguna,Dia total,Despejado,No,NO APLICA,99,99,99,99,1,15/04/2022,5
8,Colorado,80146,0,0,2,0,31,DENVER (31),600,DENVER,4,Abril,17,2022,12,27,E 14TH AVE,6,Calle Local Municipalidad,Urbano,Arteria Menor,City or Municipal Highway Agency,0,Sin jurisdiccion especial,0,39.73871111,-104.8987389,Vehiculo en movimiento,Angulo,Four-Way Intersection,Interseccion de 4 direcciones,Sobre calle,Ninguna,Dia total,Despejado,No,NO APLICA,12,27,12,40,1,17/04/2022,4
8,Colorado,80147,0,0,4,0,59,JEFFERSON (59),0,NO APLICA,4,Abril,17,2022,14,20,US-285,2,US Highway,Rural,Arteria Principal,State Highway Agency,1,Sin jurisdiccion especial,2454,39.60935,-105.2318889,Volcadura,El primer evento no fue una colision con un vehiculo automotor en transporte,Not an Intersection,No fue interseccion,En el medio,Ninguna,Dia total,Vientos cruzados pero de los mamalones,No,NO APLICA,14,20,14,27,1,17/04/2022,5
8,Colorado,80148,1,1,1,0,13,BOULDER (13),0,NO APLICA,4,Abril,19,2022,21,7,US-36,2,US Highway,Urbano,Arterial Principal -Freeway o ExpressWay,State Highway Agency,1,Sin jurisdiccion especial,429,39.95989722,-105.1707472,Peaton,El primer evento no fue una colision con un vehiculo automotor en transporte,Not an Intersection,No fue interseccion,Sobre calle,Ninguna,Oscuro con iluminacion,Despejado,No,NO APLICA,21,11,21,16,1,19/04/2022,1
8,Colorado,80149,0,0,1,0,59,JEFFERSON (59),0,NO APLICA,4,Abril,20,2022,3,6,SR-58,3,Highway estatal,Urbano,Arterial Principal -Freeway o ExpressWay,State Highway Agency,1,Sin jurisdiccion especial,32,39.77104444,-105.1869444,Volcadura,El primer evento no fue una colision con un vehiculo automotor en transporte,Not an Intersection,No fue interseccion,Sobre el lado de la calle,Ninguna,Oscuro sin iluminacion,Despejado,No,NO APLICA,99,99,99,99,1,20/04/2022,1
8,Colorado,80150,0,0,1,0,41,EL PASO (41),0,NO APLICA,4,Abril,20,2022,22,25,I-25,1,Interestatal,Urbano,Interestatal,State Highway Agency,1,Sin jurisdiccion especial,1595,39.07410278,-104.8581639,Volcadura,El primer evento no fue una colision con un vehiculo automotor en transporte,Not an Intersection,No fue interseccion,Sobre el lado de la calle,Ninguna,Oscuro sin iluminacion,Despejado,No,NO APLICA,99,99,99,99,1,20/04/2022,2
8,Colorado,80151,0,0,1,0,23,COSTILLA (23),0,NO APLICA,4,Abril,20,2022,22,40,CR-21,4,Calle del Condado,Rural,Colector Menor,County Highway Agency,0,Sin jurisdiccion especial,0,37.0729,-105.3906139,Volcadura,El primer evento no fue una colision con un vehiculo automotor en transporte,Not an Intersection,No fue interseccion,Sobre el lado de la calle,Ninguna,Oscuro con iluminacion,Despejado,No,NO APLICA,22,44,23,1,1,20/04/2022,1
8,Colorado,80152,0,0,3,0,41,EL PASO (41),0,NO APLICA,4,Abril,1,2022,6,15,CR-CALHAN HWY,4,Calle del Condado,Rural,Colector Menor,County Highway Agency,0,Sin jurisdiccion especial,0,38.83111111,-104.2588556,Vehiculo en movimiento,Golpe Lateral - misma direccion,Not an Intersection,No fue interseccion,Sobre calle,Ninguna,Oscuro sin iluminacion,Despejado,No,NO APLICA,99,99,99,99,1,01/04/2022,2
8,Colorado,80153,0,0,1,0,59,JEFFERSON (59),80,ARVADA,4,Abril,21,2022,1,55,W 56TH AVE,6,Calle Local Municipalidad,Urbano,Colector Mayor,City or Municipal Highway Agency,0,Sin jurisdiccion especial,0,39.79837778,-105.0674,Banqueta,El primer evento no fue una colision con un vehiculo automotor en transporte,T-Intersection,Interseccion de T,En el medio,Ninguna,Oscuro con iluminacion,Despejado,No,NO APLICA,2,3,2,8,1,21/04/2022,1
8,Colorado,80154,0,0,1,0,79,MINERAL (79),0,NO APLICA,4,Abril,21,2022,5,3,US-160,2,US Highway,Rural,Arteria Principal,State Highway Agency,1,Sin jurisdiccion especial,1563,37.41206944,-106.8970889,Poste o otros soportes,El primer evento no fue una colision con un vehiculo automotor en transporte,Not an Intersection,No fue interseccion,Sobre el lado de la calle,Ninguna,Oscuro sin iluminacion,Despejado,No,NO APLICA,5,22,5,50,1,21/04/2022,2
8,Colorado,80155,0,0,1,0,85,MONTROSE (85),0,NO APLICA,4,Abril,20,2022,23,0,SR-90,3,Highway estatal,Urbano,Arteria Menor,State Highway Agency,0,Sin jurisdiccion especial,891,38.47449167,-107.8898861,Culvert,El primer evento no fue una colision con un vehiculo automotor en transporte,Not an Intersection,No fue interseccion,Sobre el lado de la calle,Ninguna,Oscuro sin iluminacion,Despejado,No,NO APLICA,99,99,99,99,1,20/04/2022,1
8,Colorado,80156,0,0,2,0,121,WASHINGTON (121),0,NO APLICA,4,Abril,22,2022,14,41,I-76,1,Interestatal,Rural,Interestatal,State Highway Agency,1,Sin jurisdiccion especial,1043,40.37991111,-103.3921889,Vehiculo en movimiento,Frente a frente,Not an Intersection,No fue interseccion,Sobre calle,Ninguna,Dia total,Vientos cruzados pero de los mamalones,No,NO APLICA,14,42,14,55,1,22/04/2022,5
8,Colorado,80157,0,0,3,0,41,EL PASO (41),430,COLORADO SPRINGS,4,Abril,4,2022,12,38,N UNION BLVD,6,Calle Local Municipalidad,Urbano,Arteria Principal,City or Municipal Highway Agency,1,Sin jurisdiccion especial,0,38.85934444,-104.7942917,Vehiculo en movimiento,Frente a frente,Not an Intersection,No fue interseccion,Sobre calle,Ninguna,Dia total,Despejado,No,NO APLICA,12,38,12,39,1,04/04/2022,3
8,Colorado,80158,0,0,1,0,31,DENVER (31),600,DENVER,4,Abril,11,2022,22,44,E 56TH AVE,6,Calle Local Municipalidad,Urbano,Arteria Principal,City or Municipal Highway Agency,1,Sin jurisdiccion especial,0,39.79802222,-104.8289139,Arbol,El primer evento no fue una colision con un vehiculo automotor en transporte,Not an Intersection,No fue interseccion,Sobre el lado de la calle,Ninguna,Oscuro sin iluminacion,Despejado,No,NO APLICA,22,48,22,51,1,11/04/2022,1
8,Colorado,80159,0,0,1,0,123,WELD (123),870,FORT LUPTON,4,Abril,15,2022,6,18,US-85,2,US Highway,Urbano,Arterial Principal -Freeway o ExpressWay,State Highway Agency,1,Sin jurisdiccion especial,2401,40.05874722,-104.8188333,Volcadura,El primer evento no fue una colision con un vehiculo automotor en transporte,Not an Intersection,No fue interseccion,Sobre el lado de la calle,Ninguna,Dia total,Despejado,No,NO APLICA,6,19,6,26,1,15/04/2022,1
8,Colorado,80160,0,0,2,0,31,DENVER (31),600,DENVER,4,Abril,12,2022,12,17,W 38TH AVE,6,Calle Local Municipalidad,Urbano,Arteria Menor,City or Municipal Highway Agency,0,Sin jurisdiccion especial,0,39.76921944,-105.0080722,Vehiculo en movimiento,Angulo,Four-Way Intersection,Interseccion de 4 direcciones,Sobre calle,Ninguna,Dia total,Despejado,No,NO APLICA,12,17,12,28,1,12/04/2022,2
8,Colorado,80161,0,0,2,0,5,ARAPAHOE (5),110,AURORA,4,Abril,26,2022,23,6,S BUCKLEY RD,6,Calle Local Municipalidad,Urbano,Arteria Principal,City or Municipal Highway Agency,1,Sin jurisdiccion especial,0,39.68586111,-104.7911111,Volcadura,El primer evento no fue una colision con un vehiculo automotor en transporte,Four-Way Intersection,Interseccion de 4 direcciones,Sobre calle,Ninguna,Oscuro con iluminacion,Despejado,No,NO APLICA,23,6,23,8,1,26/04/2022,3
8,Colorado,80162,0,0,2,0,1,ADAMS (1),0,NO APLICA,4,Abril,27,2022,3,5,I-76,1,Interestatal,Urbano,Interestatal,State Highway Agency,1,Sin jurisdiccion especial,126,39.88076667,-104.8858056,Vehiculo en movimiento,Frente a Detrás,Not an Intersection,No fue interseccion,Sobre calle,Ninguna,Oscuro sin iluminacion,Despejado,No,NO APLICA,3,4,3,9,1,27/04/2022,2
8,Colorado,80163,0,0,2,0,67,LA PLATA (67),0,NO APLICA,4,Abril,27,2022,22,19,US-160,2,US Highway,Rural,Arteria Principal,State Highway Agency,1,Sin jurisdiccion especial,1011,37.22109167,-107.6282222,Vehiculo en movimiento,Frente a frente,Not an Intersection,No fue interseccion,Sobre calle,Ninguna,Oscuro sin iluminacion,Despejado,No,NO APLICA,99,99,99,99,2,27/04/2022,3
8,Colorado,80164,0,0,3,0,65,LAKE (65),0,NO APLICA,4,Abril,29,2022,17,35,SR-91,3,Highway estatal,Rural,Arteria Menor,State Highway Agency,0,Sin jurisdiccion especial,80,39.349,-106.2211889,Vehiculo en movimiento,Frente a frente,Not an Intersection,No fue interseccion,Sobre calle,Ninguna,Dia total,Despejado,No,NO APLICA,17,55,18,3,1,29/04/2022,4
8,Colorado,80165,0,0,1,0,41,EL PASO (41),0,NO APLICA,4,Abril,30,2022,3,0,I-25,1,Interestatal,Urbano,Interestatal,State Highway Agency,1,Sin jurisdiccion especial,1608,39.09291667,-104.8630861,Poste,El primer evento no fue una colision con un vehiculo automotor en transporte,Not an Intersection,No fue interseccion,Sobre el lado de la calle,Ninguna,Oscuro con iluminacion,Despejado,No,NO APLICA,99,99,99,99,1,30/04/2022,1
8,Colorado,80166,0,0,1,0,35,DOUGLAS (35),0,NO APLICA,4,Abril,30,2022,14,3,SR-470   C-470,3,Highway estatal,Urbano,Arterial Principal -Freeway o ExpressWay,State Highway Agency,1,Sin jurisdiccion especial,188,39.55874444,-105.0011111,Poste de Señal de trafico,El primer evento no fue una colision con un vehiculo automotor en transporte,Not an Intersection,No fue interseccion,En el medio,Ninguna,Dia total,Despejado,No,NO APLICA,14,0,14,5,2,30/04/2022,3
8,Colorado,80167,0,0,1,0,75,LOGAN (75),0,NO APLICA,4,Abril,30,2022,23,53,CR-25,4,Calle del Condado,Rural,Colector Mayor,County Highway Agency,0,Sin jurisdiccion especial,0,40.54068056,-103.3490833,Poste o otros soportes,El primer evento no fue una colision con un vehiculo automotor en transporte,Not an Intersection,No fue interseccion,Sobre el lado de la calle,Ninguna,Oscuro sin iluminacion,Despejado,No,NO APLICA,23,53,0,7,1,30/04/2022,1
8,Colorado,80168,0,0,2,0,31,DENVER (31),600,DENVER,4,Abril,8,2022,18,10,CALIFORNIA ST,6,Calle Local Municipalidad,Urbano,Colector Mayor,City or Municipal Highway Agency,0,Sin jurisdiccion especial,0,39.75078889,-104.9849889,Vehiculo en movimiento,Angulo,Four-Way Intersection,Interseccion de 4 direcciones,Sobre calle,Ninguna,Dia total,Despejado,No,NO APLICA,18,11,18,20,1,08/04/2022,3
8,Colorado,80169,0,0,2,0,31,DENVER (31),600,DENVER,4,Abril,9,2022,3,15,SR-95   S SHERIDAN BLVD,3,Highway estatal,Urbano,Arteria Principal,State Highway Agency,1,Sin jurisdiccion especial,40,39.71131667,-105.0532278,Vehiculo en movimiento,Angulo,Four-Way Intersection,Interseccion de 4 direcciones,Sobre calle,Ninguna,Oscuro con iluminacion,Despejado,No,NO APLICA,99,99,99,99,1,09/04/2022,2
8,Colorado,80170,0,0,2,0,101,PUEBLO (101),2050,PUEBLO,4,Abril,23,2022,2,24,SR-96   W 4TH ST,3,Highway estatal,Urbano,Arteria Principal,State Highway Agency,1,Sin jurisdiccion especial,553,38.27053889,-104.6200222,Banqueta,El primer evento no fue una colision con un vehiculo automotor en transporte,Not an Intersection,No fue interseccion,En el medio,Ninguna,Oscuro con iluminacion,Despejado,No,NO APLICA,2,24,2,31,2,23/04/2022,7
8,Colorado,80171,0,0,3,0,41,EL PASO (41),430,COLORADO SPRINGS,4,Abril,4,2022,14,27,ACADEMY BLVD,6,Calle Local Municipalidad,Urbano,Arteria Principal,City or Municipal Highway Agency,1,Sin jurisdiccion especial,0,38.83578333,-104.7575,Vehiculo en movimiento,Angulo,Four-Way Intersection,Interseccion de 4 direcciones,Sobre calle,Ninguna,Dia total,Despejado,No,NO APLICA,14,27,14,32,1,04/04/2022,3
8,Colorado,80172,0,0,1,0,41,EL PASO (41),430,COLORADO SPRINGS,4,Abril,7,2022,0,59,S CIRCLE DR RAMP,6,Calle Local Municipalidad,Urbano,Local,City or Municipal Highway Agency,0,Sin jurisdiccion especial,0,38.79986111,-104.77925,Volcadura,El primer evento no fue una colision con un vehiculo automotor en transporte,Not an Intersection,No fue interseccion,En el medio,Ninguna,Oscuro con iluminacion,Despejado,No,NO APLICA,1,0,1,5,1,07/04/2022,2
8,Colorado,80173,0,0,1,0,1,ADAMS (1),2427,THORNTON,4,Abril,20,2022,15,51,SR-7,3,Highway estatal,Rural,Arteria Principal,State Highway Agency,1,Sin jurisdiccion especial,705,39.98640556,-104.9457694,Volcadura,El primer evento no fue una colision con un vehiculo automotor en transporte,Not an Intersection,No fue interseccion,Sobre calle,Ninguna,Dia total,Despejado,No,NO APLICA,99,99,99,99,1,20/04/2022,1
8,Colorado,80174,0,0,3,0,89,OTERO (89),0,NO APLICA,4,Abril,26,2022,11,22,US-50,2,US Highway,Rural,Arteria Principal,State Highway Agency,1,Sin jurisdiccion especial,3670,38.06421667,-103.7476667,Vehiculo en movimiento,Angulo,Four-Way Intersection,Interseccion de 4 direcciones,Sobre calle,Ninguna,Dia total,Despejado,No,NO APLICA,99,99,99,99,1,26/04/2022,5
8,Colorado,80175,0,0,2,0,41,EL PASO (41),430,COLORADO SPRINGS,4,Abril,8,2022,11,56,E WOODMAN RD,6,Calle Local Municipalidad,Urbano,Arteria Principal,City or Municipal Highway Agency,1,Sin jurisdiccion especial,0,38.94022778,-104.7482778,Vehiculo en movimiento,Angulo,Four-Way Intersection,Interseccion de 4 direcciones,Sobre calle,Ninguna,Dia total,Despejado,No,NO APLICA,11,58,12,4,1,08/04/2022,2
8,Colorado,80176,0,0,2,0,123,WELD (123),0,NO APLICA,4,Abril,17,2022,9,4,SR-392,3,Highway estatal,Rural,Colector Mayor,State Highway Agency,0,Sin jurisdiccion especial,1373,40.58136944,-104.3412,Final Destination ( Vehiculo es golpeado por carga o otro objeto puesto en movimiento por otro vehiculo en movimiento),Otro,Not an Intersection,No fue interseccion,Sobre calle,Ninguna,Dia total,Despejado,No,NO APLICA,9,4,9,15,1,17/04/2022,2
8,Colorado,80177,1,1,1,0,5,ARAPAHOE (5),110,AURORA,4,Abril,23,2022,22,11,US-40   E COLFAX AVE,2,US Highway,Urbano,Arteria Principal,State Highway Agency,1,Sin jurisdiccion especial,3052,39.74008333,-104.8544278,Peaton,El primer evento no fue una colision con un vehiculo automotor en transporte,Not an Intersection,No fue interseccion,Sobre calle,Ninguna,Oscuro con iluminacion,Despejado,No,NO APLICA,22,11,22,15,1,23/04/2022,2
8,Colorado,80178,1,1,1,0,5,ARAPAHOE (5),110,AURORA,4,Abril,25,2022,20,55,SR-30   S HAVANA ST,3,Highway estatal,Urbano,Arteria Principal,State Highway Agency,1,Sin jurisdiccion especial,65,39.70736111,-104.8658917,Peaton,El primer evento no fue una colision con un vehiculo automotor en transporte,Four-Way Intersection,Interseccion de 4 direcciones,Sobre calle,Ninguna,Oscuro con iluminacion,Nublado,No,NO APLICA,20,55,21,0,1,25/04/2022,3
8,Colorado,80179,0,0,2,0,41,EL PASO (41),430,COLORADO SPRINGS,4,Abril,26,2022,22,14,BRIARGATE PKWY,6,Calle Local Municipalidad,Urbano,Arteria Menor,City or Municipal Highway Agency,0,Sin jurisdiccion especial,0,38.94442222,-104.7922944,Vehiculo en movimiento,Angulo,Four-Way Intersection,Interseccion de 4 direcciones,Sobre calle,Ninguna,Oscuro con iluminacion,Despejado,No,NO APLICA,22,17,22,24,2,26/04/2022,5
8,Colorado,80180,0,0,2,0,41,EL PASO (41),430,COLORADO SPRINGS,4,Abril,28,2022,0,2,S MARKSHEFFEL RD,6,Calle Local Municipalidad,Urbano,Arteria Principal,City or Municipal Highway Agency,1,Sin jurisdiccion especial,0,38.80483333,-104.6659556,Vehiculo en movimiento,Frente a frente,Not an Intersection,No fue interseccion,Sobre calle,Ninguna,Oscuro sin iluminacion,Despejado,No,NO APLICA,0,4,0,11,1,28/04/2022,2
8,Colorado,80181,0,0,2,0,77,MESA (77),0,NO APLICA,2,Febrero,20,2022,8,20,I-70,1,Interestatal,Rural,Interestatal,State Highway Agency,1,Sin jurisdiccion especial,593,39.29298889,-108.2230556,Vehiculo en movimiento,Golpe Lateral - direccion contraria,Not an Intersection,No fue interseccion,Sobre calle,Ninguna,Dia total,Despejado,No,NO APLICA,99,99,99,99,1,20/02/2022,2
8,Colorado,80182,1,1,1,0,101,PUEBLO (101),0,NO APLICA,5,Mayo,5,2022,13,8,I-25,1,Interestatal,Urbano,Interestatal,State Highway Agency,1,Sin jurisdiccion especial,1077,38.39713611,-104.6184,Peaton,El primer evento no fue una colision con un vehiculo automotor en transporte,Not an Intersection,No fue interseccion,Sobre Acotamiento,Ninguna,Dia total,Despejado,No,NO APLICA,99,99,99,99,1,05/05/2022,2
8,Colorado,80183,0,0,1,0,101,PUEBLO (101),0,NO APLICA,5,Mayo,6,2022,14,36,CR-PINON RD,4,Calle del Condado,Rural,Local,County Highway Agency,0,Sin jurisdiccion especial,0,38.42972222,-104.6001111,Valla Ferrocarril,El primer evento no fue una colision con un vehiculo automotor en transporte,Not an Intersection,No fue interseccion,Sobre el lado de la calle,Ninguna,Dia total,Nublado,No,NO APLICA,99,99,99,99,1,06/05/2022,1
8,Colorado,80184,0,0,1,0,59,JEFFERSON (59),0,NO APLICA,5,Mayo,7,2022,13,8,CR-PLEASANT PARK RD,4,Calle del Condado,Rural,Colector Menor,County Highway Agency,0,Sin jurisdiccion especial,0,39.49773056,-105.2255556,Volcadura,El primer evento no fue una colision con un vehiculo automotor en transporte,Not an Intersection,No fue interseccion,Sobre calle,Ninguna,Dia total,Despejado,No,NO APLICA,13,9,14,7,1,07/05/2022,1
8,Colorado,80185,0,0,3,0,15,CHAFFEE (15),0,NO APLICA,5,Mayo,7,2022,17,31,US-24,2,US Highway,Rural,Arteria Menor,State Highway Agency,0,Sin jurisdiccion especial,2012,38.95972222,-106.2023389,Vehiculo en movimiento,Frente a Detrás,T-Intersection,Interseccion de T,Sobre calle,Ninguna,Dia total,Nublado,No,NO APLICA,99,99,99,99,1,07/05/2022,5
8,Colorado,80186,0,0,1,0,41,EL PASO (41),0,NO APLICA,5,Mayo,7,2022,22,30,US-24,2,US Highway,Rural,Arteria Principal,State Highway Agency,1,Sin jurisdiccion especial,3494,39.12267778,-104.1599694,Fin de valla,El primer evento no fue una colision con un vehiculo automotor en transporte,Not an Intersection,No fue interseccion,Sobre el lado de la calle,Ninguna,Oscuro sin iluminacion,Despejado,No,NO APLICA,99,99,99,99,1,07/05/2022,1
8,Colorado,80187,1,1,1,0,1,ADAMS (1),2550,WESTMINSTER,5,Mayo,9,2022,1,59,I-25,1,Interestatal,Urbano,Interestatal,State Highway Agency,1,Sin jurisdiccion especial,2260,39.95711667,-104.9881361,Peaton,El primer evento no fue una colision con un vehiculo automotor en transporte,Not an Intersection,No fue interseccion,Sobre calle,Ninguna,Oscuro con iluminacion,Despejado,No,NO APLICA,2,2,2,10,1,09/05/2022,1
8,Colorado,80188,1,1,1,0,109,SAGUACHE (109),0,NO APLICA,5,Mayo,6,2022,2,30,CR-49 1/2,4,Calle del Condado,Rural,Local,County Highway Agency,0,Sin jurisdiccion especial,0,37.76138889,-106.1031056,Peaton,El primer evento no fue una colision con un vehiculo automotor en transporte,Not an Intersection,No fue interseccion,Sobre calle,Ninguna,Oscuro sin iluminacion,Despejado,No,NO APLICA,99,99,99,99,1,06/05/2022,1
8,Colorado,80189,0,0,2,0,101,PUEBLO (101),0,NO APLICA,5,Mayo,6,2022,21,12,CR-S MCCULLOCH BLVD,4,Calle del Condado,Urbano,Arteria Menor,County Highway Agency,0,Sin jurisdiccion especial,0,38.32838056,-104.7417111,Banqueta,El primer evento no fue una colision con un vehiculo automotor en transporte,Not an Intersection,No fue interseccion,En el medio,Ninguna,Oscuro sin iluminacion,Despejado,No,NO APLICA,21,15,21,21,1,06/05/2022,2
8,Colorado,80190,0,0,2,0,1,ADAMS (1),2427,THORNTON,5,Mayo,8,2022,18,54,WASHINGTON ST,6,Calle Local Municipalidad,Urbano,Arteria Principal,City or Municipal Highway Agency,1,Sin jurisdiccion especial,0,39.84896111,-104.9778056,Vehiculo en movimiento,Angulo,Four-Way Intersection,Interseccion de 4 direcciones,Sobre calle,Ninguna,Dia total,Despejado,No,NO APLICA,18,54,19,0,1,08/05/2022,5
8,Colorado,80191,0,0,2,0,69,LARIMER (69),860,FORT COLLINS,5,Mayo,10,2022,6,58,US-287   S COLLEGE DR,2,US Highway,Urbano,Arteria Principal,State Highway Agency,1,Sin jurisdiccion especial,3396,40.48694444,-105.0774917,Vehiculo en movimiento,Angulo,T-Intersection,Interseccion de T,Sobre calle,Ninguna,Dia total,Despejado,No,NO APLICA,6,57,7,3,1,10/05/2022,2
8,Colorado,80192,0,0,1,0,1,ADAMS (1),0,NO APLICA,5,Mayo,10,2022,21,25,I-76 RAMP F,1,Interestatal,Urbano,Interestatal,State Highway Agency,1,Sin jurisdiccion especial,56,39.81666667,-104.9854167,Volcadura,El primer evento no fue una colision con un vehiculo automotor en transporte,Not an Intersection,No fue interseccion,Sobre el lado de la calle,Ninguna,Oscuro con iluminacion,Despejado,No,NO APLICA,21,28,21,34,1,10/05/2022,1
8,Colorado,80193,0,0,5,0,31,DENVER (31),600,DENVER,5,Mayo,13,2022,9,51,I-70,1,Interestatal,Urbano,Interestatal,State Highway Agency,1,Sin jurisdiccion especial,2801,39.77653333,-104.8739611,Vehiculo en movimiento,Frente a Detrás,Not an Intersection,No fue interseccion,Sobre calle,Ninguna,Dia total,Despejado,No,NO APLICA,9,52,10,1,1,13/05/2022,11
8,Colorado,80194,0,0,3,0,93,PARK (93),0,NO APLICA,5,Mayo,14,2022,13,48,US-24,2,US Highway,Rural,Arteria Menor,State Highway Agency,0,Sin jurisdiccion especial,2619,39.01759444,-105.3940222,Vehiculo en movimiento,Golpe Lateral - direccion contraria,Not an Intersection,No fue interseccion,Sobre calle,Ninguna,Dia total,Despejado,No,NO APLICA,99,99,99,99,1,14/05/2022,6
8,Colorado,80195,0,0,2,0,1,ADAMS (1),110,AURORA,5,Mayo,14,2022,21,17,US-40   E COLFAX AVE,2,US Highway,Urbano,Arteria Principal,State Highway Agency,1,Sin jurisdiccion especial,3081,39.74030556,-104.8006,Vehiculo en movimiento,Angulo,Four-Way Intersection,Interseccion de 4 direcciones,Sobre calle,Ninguna,Oscuro con iluminacion,Despejado,No,NO APLICA,21,17,21,18,1,14/05/2022,3
8,Colorado,80196,0,0,1,0,35,DOUGLAS (35),0,NO APLICA,5,Mayo,15,2022,17,30,CR-TOMAH RD,4,Calle del Condado,Rural,Colector Menor,County Highway Agency,0,Sin jurisdiccion especial,0,39.28228333,-104.9441,Zanja,El primer evento no fue una colision con un vehiculo automotor en transporte,Not an Intersection,No fue interseccion,Sobre el lado de la calle,Ninguna,Dia total,Despejado,No,NO APLICA,17,30,14,43,1,15/05/2022,1
8,Colorado,80197,0,0,2,0,123,WELD (123),1070,GREELEY,5,Mayo,14,2022,10,20,1ST AVE,6,Calle Local Municipalidad,Urbano,Colector Mayor,City or Municipal Highway Agency,0,Sin jurisdiccion especial,0,40.40241667,-104.6779889,Volcadura,El primer evento no fue una colision con un vehiculo automotor en transporte,Four-Way Intersection,Interseccion de 4 direcciones,Sobre calle,Ninguna,Dia total,Despejado,No,NO APLICA,10,26,10,31,1,14/05/2022,2
8,Colorado,80198,0,0,1,0,19,CLEAR CREEK (19),0,NO APLICA,5,Mayo,16,2022,21,4,CR-UPPER BEAR CREEK RD,4,Calle del Condado,Rural,Colector Menor,County Highway Agency,0,Sin jurisdiccion especial,0,39.63519444,-105.4113167,Arbol,El primer evento no fue una colision con un vehiculo automotor en transporte,Not an Intersection,No fue interseccion,Sobre el lado de la calle,Ninguna,Oscuro sin iluminacion,Despejado,No,NO APLICA,21,6,21,22,1,16/05/2022,2
8,Colorado,80199,0,0,2,0,13,BOULDER (13),1530,LONGMONT,5,Mayo,14,2022,12,22,SR-66   UTE HWY,3,Highway estatal,Urbano,Arteria Principal,State Highway Agency,1,Sin jurisdiccion especial,368,40.20334444,-105.0978056,Vehiculo en movimiento,Angulo,T-Intersection,Interseccion de T,Sobre calle,Ninguna,Dia total,Despejado,No,NO APLICA,12,23,12,28,1,14/05/2022,4
8,Colorado,80200,0,0,2,0,69,LARIMER (69),1550,LOVELAND,5,Mayo,20,2022,6,58,US-287   S LINCOLN AVE,2,US Highway,Urbano,Arteria Principal,State Highway Agency,1,Sin jurisdiccion especial,3300,40.34924444,-105.0739389,Banqueta,El primer evento no fue una colision con un vehiculo automotor en transporte,Four-Way Intersection,Interseccion de 4 direcciones,Sobre el lado de la calle,Ninguna,Amanecer,lluvia,No,NO APLICA,6,58,7,8,1,20/05/2022,2
8,Colorado,80201,1,1,1,0,1,ADAMS (1),2427,THORNTON,5,Mayo,18,2022,21,10,W 84TH AVE,6,Calle Local Municipalidad,Urbano,Arteria Menor,City or Municipal Highway Agency,0,Sin jurisdiccion especial,0,39.84893333,-104.9922389,Peaton,El primer evento no fue una colision con un vehiculo automotor en transporte,Not an Intersection,No fue interseccion,Sobre calle,Ninguna,Oscuro con iluminacion,Despejado,No,NO APLICA,21,14,21,18,1,18/05/2022,1
8,Colorado,80202,1,1,2,0,31,DENVER (31),600,DENVER,5,Mayo,17,2022,21,45,US-40   E COLFAX AVE,2,US Highway,Urbano,Arteria Principal,State Highway Agency,1,Sin jurisdiccion especial,3009,39.74009722,-104.936425,Peaton,El primer evento no fue una colision con un vehiculo automotor en transporte,Not an Intersection,No fue interseccion,Sobre calle,Ninguna,Oscuro con iluminacion,Despejado,No,NO APLICA,21,45,21,50,1,17/05/2022,2
8,Colorado,80203,0,0,1,0,1,ADAMS (1),0,NO APLICA,5,Mayo,21,2022,0,10,I-70,1,Interestatal,Rural,Interestatal,State Highway Agency,1,Sin jurisdiccion especial,2962,39.73977222,-104.5846111,Valla Ferrocarril,El primer evento no fue una colision con un vehiculo automotor en transporte,Not an Intersection,No fue interseccion,En el medio,Ninguna,Oscuro sin iluminacion,Despejado,No,NO APLICA,99,99,99,99,1,21/05/2022,1
8,Colorado,80204,0,0,2,0,67,LA PLATA (67),0,NO APLICA,5,Mayo,21,2022,6,5,US-160,2,US Highway,Rural,Arteria Principal,State Highway Agency,1,Sin jurisdiccion especial,735,37.28433333,-108.0265,Vehiculo en movimiento,Frente a frente,Not an Intersection,No fue interseccion,Sobre calle,Ninguna,Amanecer,Despejado,No,NO APLICA,99,99,99,99,1,21/05/2022,6
8,Colorado,80205,0,0,2,0,31,DENVER (31),600,DENVER,5,Mayo,21,2022,6,21,N BROADWAY ST,6,Calle Local Municipalidad,Urbano,Arteria Principal,City or Municipal Highway Agency,1,Sin jurisdiccion especial,0,39.73685,-104.9873333,Vehiculo en movimiento,Angulo,Four-Way Intersection,Interseccion de 4 direcciones,Sobre calle,Ninguna,Amanecer,lluvia,No,NO APLICA,6,21,6,29,1,21/05/2022,3