Estado,Nombre de Estado,Numero de Caso,Peatones,Personas _no_vehiculos,Vehiculos automotores,Vehiculos estacionados,Condado,Nombre Condado,Ciudad,Nombre Ciudad,Mes,Nombre Mes,Dia,Año,Hora,Minuto,Calle,Ruta,Nombre Ruta,Rural o Urbanoo,Sistema Funcional,Dueño Calle,Sistema Nacional Carreteras,Jurisdiccion Especial,Milla,Latitud,Longitud,Causa del Accidente,Tipo de Accidente,Tipo Interseccion,Columna1,Lugar en la calle,Zona de Trabajo,Luz,Clima,Autobus Escolar,Cruce de Trenes,Hora Notificacion,Minuto Notificacion,Hora Llegada,Minuto Llegada,Decesos,Fecha,PersonaVehiculo
8,Colorado,80206,0,0,1,0,97,PITKIN (97),0,NO APLICA,5,Mayo,22,2022,5,10,SR-82,3,Highway estatal,Rural,Arteria Principal,State Highway Agency,1,Sin jurisdiccion especial,337,39.27225,-106.8920472,Poste o otros soportes,El primer evento no fue una colision con un vehiculo automotor en transporte,Not an Intersection,No fue interseccion,Sobre el lado de la calle,Ninguna,Oscuro sin iluminacion,Despejado,No,NO APLICA,99,99,99,99,1,22/05/2022,1
8,Colorado,80207,0,0,2,0,31,DENVER (31),600,DENVER,5,Mayo,22,2022,4,13,N CHAMBERS RD,6,Calle Local Municipalidad,Urbano,Arteria Menor,City or Municipal Highway Agency,0,Sin jurisdiccion especial,0,39.77321944,-104.8097,Vehiculo en movimiento,Angulo,Four-Way Intersection,Interseccion de 4 direcciones,Sobre calle,Ninguna,Oscuro con iluminacion,Despejado,No,NO APLICA,4,14,4,15,1,22/05/2022,4
8,Colorado,80208,0,0,2,0,67,LA PLATA (67),650,DURANGO,5,Mayo,20,2022,9,4,US-550   MAIN AVE,2,US Highway,Urbano,Arteria Principal,State Highway Agency,1,Sin jurisdiccion especial,222,37.28381111,-107.8773278,Vehiculo en movimiento,Frente a frente,Not an Intersection,No fue interseccion,Sobre calle,Ninguna,Dia total,Despejado,No,NO APLICA,9,4,9,8,1,20/05/2022,3
8,Colorado,80209,1,1,1,0,87,MORGAN (87),880,FORT MORGAN,5,Mayo,5,2022,20,43,SR-52   MAIN ST,3,Highway estatal,Urbano,Arteria Menor,State Highway Agency,0,Sin jurisdiccion especial,866,40.25617222,-103.8015667,Peaton,El primer evento no fue una colision con un vehiculo automotor en transporte,Not an Intersection,No fue interseccion,Sobre calle,Ninguna,Oscuro con iluminacion,Despejado,No,NO APLICA,20,43,20,44,1,05/05/2022,1
8,Colorado,80210,0,0,1,0,59,JEFFERSON (59),2555,WHEAT RIDGE,5,Mayo,12,2022,21,42,SR-72   WARD RD,3,Highway estatal,Urbano,Arteria Principal,State Highway Agency,1,Sin jurisdiccion especial,0,39.7782,-105.138,Otra barrera de trafico,El primer evento no fue una colision con un vehiculo automotor en transporte,T-Intersection,Interseccion de T,Sobre el lado de la calle,Ninguna,Oscuro con iluminacion,Despejado,No,NO APLICA,21,42,21,48,1,12/05/2022,1
8,Colorado,80211,0,0,3,0,59,JEFFERSON (59),1435,LAKEWOOD,5,Mayo,16,2022,0,2,US-6   W 6TH AVE,2,US Highway,Urbano,Arterial Principal -Freeway o ExpressWay,State Highway Agency,1,Sin jurisdiccion especial,2810,39.72553889,-105.0792389,Vehiculo en movimiento,Frente a Detrás,Not an Intersection,No fue interseccion,Sobre calle,Ninguna,Oscuro con iluminacion,Despejado,No,NO APLICA,99,99,99,99,1,16/05/2022,5
8,Colorado,80212,0,0,1,0,5,ARAPAHOE (5),110,AURORA,5,Mayo,15,2022,8,43,I-225,1,Interestatal,Urbano,Interestatal,State Highway Agency,1,Sin jurisdiccion especial,67,39.69353889,-104.8286333,Poste de Señal de trafico,El primer evento no fue una colision con un vehiculo automotor en transporte,Not an Intersection,No fue interseccion,Sobre el lado de la calle,Ninguna,Dia total,Despejado,No,NO APLICA,8,43,8,49,1,15/05/2022,1
8,Colorado,80213,1,1,1,0,5,ARAPAHOE (5),110,AURORA,5,Mayo,16,2022,22,35,US-40   E COLFAX AVE,2,US Highway,Urbano,Arteria Principal,State Highway Agency,1,Sin jurisdiccion especial,3052,39.74011944,-104.85395,Peaton,El primer evento no fue una colision con un vehiculo automotor en transporte,Four-Way Intersection,Interseccion de 4 direcciones,Sobre calle,Ninguna,Oscuro con iluminacion,Despejado,No,NO APLICA,99,99,99,99,1,16/05/2022,1
8,Colorado,80214,0,0,1,0,9,BACA (9),0,NO APLICA,5,Mayo,26,2022,21,20,US-160,2,US Highway,Rural,Arteria Menor,State Highway Agency,0,Sin jurisdiccion especial,4626,37.38344444,-102.6477778,Volcadura,El primer evento no fue una colision con un vehiculo automotor en transporte,Not an Intersection,No fue interseccion,Sobre el lado de la calle,Ninguna,Oscuro sin iluminacion,Despejado,No,NO APLICA,21,20,99,99,1,26/05/2022,1
8,Colorado,80215,0,0,3,0,119,TELLER (119),0,NO APLICA,5,Mayo,20,2022,17,31,US-24,2,US Highway,Rural,Arteria Principal,State Highway Agency,1,Sin jurisdiccion especial,2809,38.95805,-105.1090194,Vehiculo en movimiento,Frente a frente,Not an Intersection,No fue interseccion,Sobre calle,Ninguna,Dia total,Nieve,No,NO APLICA,17,34,17,48,1,20/05/2022,3
8,Colorado,80216,0,0,1,0,3,ALAMOSA (3),0,NO APLICA,5,Mayo,27,2022,15,17,SR-17,3,Highway estatal,Rural,Arteria Principal,State Highway Agency,1,Sin jurisdiccion especial,828,37.67271111,-105.8723333,Volcadura,El primer evento no fue una colision con un vehiculo automotor en transporte,Not an Intersection,No fue interseccion,Sobre el lado de la calle,Ninguna,Dia total,Despejado,No,NO APLICA,15,25,15,41,1,27/05/2022,1
8,Colorado,80217,0,0,1,0,45,GARFIELD (45),0,NO APLICA,5,Mayo,27,2022,11,45,SR-139,3,Highway estatal,Rural,Arteria Menor,State Highway Agency,0,Sin jurisdiccion especial,381,39.63515,-108.7889667,Barda,El primer evento no fue una colision con un vehiculo automotor en transporte,Not an Intersection,No fue interseccion,Fuera de la calle,Ninguna,Dia total,Despejado,No,NO APLICA,99,99,99,99,1,27/05/2022,1
8,Colorado,80218,0,0,1,0,101,PUEBLO (101),0,NO APLICA,5,Mayo,29,2022,17,17,I-25,1,Interestatal,Rural,Interestatal,State Highway Agency,1,Sin jurisdiccion especial,1130,38.47221111,-104.6139444,Volcadura,El primer evento no fue una colision con un vehiculo automotor en transporte,Not an Intersection,No fue interseccion,En el medio,Ninguna,Dia total,Despejado,No,NO APLICA,99,99,99,99,1,29/05/2022,1
8,Colorado,80219,0,0,2,0,99,PROWERS (99),0,NO APLICA,5,Mayo,29,2022,21,10,US-50,2,US Highway,Rural,Arteria Principal,State Highway Agency,1,Sin jurisdiccion especial,4329,38.11413056,-102.6315167,Vehiculo en movimiento,Angulo,T-Intersection,Interseccion de T,Sobre calle,Ninguna,Oscuro con iluminacion,Despejado,No,NO APLICA,99,99,99,99,1,29/05/2022,4
8,Colorado,80220,0,0,1,0,45,GARFIELD (45),0,NO APLICA,5,Mayo,30,2022,13,26,CR-STONE QUARRY RD,4,Calle del Condado,Urbano,Local,County Highway Agency,0,Sin jurisdiccion especial,0,39.42397222,-108.0466889,Volcadura,El primer evento no fue una colision con un vehiculo automotor en transporte,Not an Intersection,No fue interseccion,Sobre calle,Ninguna,Dia total,Despejado,No,NO APLICA,13,26,13,33,1,30/05/2022,2
8,Colorado,80221,0,0,3,0,31,DENVER (31),600,DENVER,5,Mayo,30,2022,0,44,SR-265   BRIGHTON BLVD,3,Highway estatal,Urbano,Arteria Menor,State Highway Agency,0,Sin jurisdiccion especial,1,39.78083333,-104.9667222,Vehiculo en movimiento,Angulo,"Five Point, or More",5 Puntos o mas,Sobre calle,Construccion,Oscuro con iluminacion,Despejado,No,NO APLICA,0,53,0,53,1,30/05/2022,4
8,Colorado,80222,0,0,1,0,75,LOGAN (75),0,NO APLICA,5,Mayo,12,2022,11,45,SR-138,3,Highway estatal,Rural,Arteria Menor,State Highway Agency,0,Sin jurisdiccion especial,76,40.71988056,-103.1326639,Volcadura,El primer evento no fue una colision con un vehiculo automotor en transporte,Not an Intersection,No fue interseccion,Sobre calle,Ninguna,Dia total,Despejado,No,NO APLICA,11,49,11,57,1,12/05/2022,1
8,Colorado,80223,0,0,2,1,5,ARAPAHOE (5),740,ENGLEWOOD,5,Mayo,31,2022,14,2,S BROADWAY ST,6,Calle Local Municipalidad,Urbano,Arteria Principal,City or Municipal Highway Agency,1,Sin jurisdiccion especial,0,39.66205556,-104.9874833,Otro objeto (fijo),El primer evento no fue una colision con un vehiculo automotor en transporte,Not an Intersection,No fue interseccion,Sobre el lado de la calle,Ninguna,Dia total,lluvia,No,NO APLICA,14,6,14,10,1,31/05/2022,1
8,Colorado,80224,0,0,1,0,53,HINSDALE (53),0,NO APLICA,5,Mayo,31,2022,0,15,SR-149,3,Highway estatal,Rural,Arteria Menor,State Highway Agency,0,Sin jurisdiccion especial,696,37.99739167,-107.2952806,Poste o otros soportes,El primer evento no fue una colision con un vehiculo automotor en transporte,Not an Intersection,No fue interseccion,Sobre el lado de la calle,Ninguna,Oscuro sin iluminacion,Despejado,No,NO APLICA,99,99,99,99,1,31/05/2022,1
8,Colorado,80225,0,0,1,0,77,MESA (77),0,NO APLICA,5,Mayo,31,2022,11,32,I-70,1,Interestatal,Urbano,Interestatal,State Highway Agency,1,Sin jurisdiccion especial,366,39.10253889,-108.4513333,Volcadura,El primer evento no fue una colision con un vehiculo automotor en transporte,Not an Intersection,No fue interseccion,En el medio,Ninguna,Dia total,Despejado,No,NO APLICA,99,99,99,99,1,31/05/2022,1
8,Colorado,80226,0,0,2,0,83,MONTEZUMA (83),450,CORTEZ,5,Mayo,25,2022,20,8,US-160   E MAIN ST,2,US Highway,Urbano,Arteria Principal,State Highway Agency,1,Sin jurisdiccion especial,396,37.34884444,-108.5636944,Vehiculo en movimiento,Angulo,Four-Way Intersection,Interseccion de 4 direcciones,Sobre calle,Ninguna,Atardecer,Despejado,No,NO APLICA,20,9,20,12,1,25/05/2022,5
8,Colorado,80227,0,0,2,0,59,JEFFERSON (59),2550,WESTMINSTER,5,Mayo,18,2022,19,48,SR-121   N WADSWORTH BLVD,3,Highway estatal,Urbano,Arteria Principal,State Highway Agency,1,Sin jurisdiccion especial,225,39.86760556,-105.0876194,Vehiculo en movimiento,Angulo,Four-Way Intersection,Interseccion de 4 direcciones,Sobre calle,Ninguna,Atardecer,Despejado,No,NO APLICA,19,49,19,52,1,18/05/2022,2
8,Colorado,80228,0,0,3,0,31,DENVER (31),600,DENVER,5,Mayo,5,2022,18,43,SR-88   S FEDERAL BLVD,3,Highway estatal,Urbano,Arteria Principal,State Highway Agency,1,Sin jurisdiccion especial,49,39.66776389,-105.0251917,Vehiculo en movimiento,Angulo,T-Intersection,Interseccion de T,Sobre calle,Ninguna,Dia total,Despejado,No,NO APLICA,18,43,18,46,1,05/05/2022,5
8,Colorado,80229,0,0,1,0,113,SAN MIGUEL (113),9997,Other,5,Mayo,21,2022,18,1,DOUBLE EAGLE DR,5,Calle Local - Pueblo,Rural,Local,Town or Township Highway Agency,0,Sin jurisdiccion especial,0,37.94066667,-107.8658833,Arbol,El primer evento no fue una colision con un vehiculo automotor en transporte,Not an Intersection,No fue interseccion,Sobre el lado de la calle,Ninguna,Dia total,Despejado,No,NO APLICA,18,26,18,28,1,21/05/2022,1
8,Colorado,80230,0,0,1,0,123,WELD (123),2260,SEVERANCE,5,Mayo,26,2022,12,44,CR-74,5,Calle Local - Pueblo,Rural,Colector Mayor,Town or Township Highway Agency,0,Sin jurisdiccion especial,0,40.52322222,-104.8970722,Volcadura,El primer evento no fue una colision con un vehiculo automotor en transporte,Not an Intersection,No fue interseccion,Sobre el lado de la calle,Ninguna,Dia total,Despejado,No,NO APLICA,12,44,12,50,1,26/05/2022,1
8,Colorado,80231,0,0,2,0,31,DENVER (31),600,DENVER,5,Mayo,24,2022,13,0,S QUEBEC ST,6,Calle Local Municipalidad,Urbano,Arteria Menor,City or Municipal Highway Agency,0,Sin jurisdiccion especial,0,39.67119444,-104.9037,Vehiculo en movimiento,Angulo,T-Intersection,Interseccion de T,Sobre calle,Ninguna,Dia total,Despejado,No,NO APLICA,99,99,99,99,1,24/05/2022,3
8,Colorado,80232,1,1,1,0,31,DENVER (31),600,DENVER,5,Mayo,11,2022,16,51,SR-2   N COLORADO BLVD,3,Highway estatal,Urbano,Arteria Principal,State Highway Agency,1,Sin jurisdiccion especial,90,39.78366667,-104.9403944,Peaton,El primer evento no fue una colision con un vehiculo automotor en transporte,Four-Way Intersection,Interseccion de 4 direcciones,Sobre calle,Ninguna,Dia total,Despejado,No,NO APLICA,99,99,99,99,1,11/05/2022,1
8,Colorado,80233,0,0,1,0,41,EL PASO (41),430,COLORADO SPRINGS,5,Mayo,16,2022,2,46,CAREFREE CIR N,6,Calle Local Municipalidad,Urbano,Arteria Principal,City or Municipal Highway Agency,1,Sin jurisdiccion especial,0,38.88587778,-104.7490278,Poste,El primer evento no fue una colision con un vehiculo automotor en transporte,Not an Intersection,No fue interseccion,Sobre el lado de la calle,Ninguna,Oscuro con iluminacion,Despejado,No,NO APLICA,2,48,2,52,2,16/05/2022,2
8,Colorado,80234,0,0,1,0,41,EL PASO (41),430,COLORADO SPRINGS,5,Mayo,25,2022,17,53,TUTT BLVD,6,Calle Local Municipalidad,Urbano,Local,City or Municipal Highway Agency,0,Sin jurisdiccion especial,0,38.89820278,-104.7190361,Banqueta,El primer evento no fue una colision con un vehiculo automotor en transporte,Not an Intersection,No fue interseccion,Sobre el lado de la calle,Ninguna,Dia total,Despejado,No,NO APLICA,17,53,17,58,1,25/05/2022,1
8,Colorado,80235,0,0,1,0,31,DENVER (31),600,DENVER,5,Mayo,4,2022,0,1,S JASON ST,6,Calle Local Municipalidad,Urbano,Colector Mayor,City or Municipal Highway Agency,0,Sin jurisdiccion especial,0,39.69038889,-104.9991778,Banqueta,El primer evento no fue una colision con un vehiculo automotor en transporte,T-Intersection,Interseccion de T,Sobre el lado de la calle,Ninguna,Oscuro con iluminacion,lluvia,No,NO APLICA,9,34,9,38,1,04/05/2022,1
8,Colorado,80236,0,0,1,0,109,SAGUACHE (109),0,NO APLICA,5,Mayo,2,2022,13,15,SR-114,3,Highway estatal,Rural,Colector Mayor,State Highway Agency,0,Sin jurisdiccion especial,485,38.14711944,-106.3418333,Culvert,El primer evento no fue una colision con un vehiculo automotor en transporte,Not an Intersection,No fue interseccion,Sobre el lado de la calle,Ninguna,Dia total,Despejado,No,NO APLICA,99,99,99,99,1,02/05/2022,1
8,Colorado,80237,0,0,1,0,1,ADAMS (1),434,COMMERCE CITY,3,Marzo,15,2022,19,41,E 69TH AVE,6,Calle Local Municipalidad,Urbano,Local,City or Municipal Highway Agency,0,Sin jurisdiccion especial,0,39.82216667,-104.9379167,Volcadura,El primer evento no fue una colision con un vehiculo automotor en transporte,Not an Intersection,No fue interseccion,Sobre calle,Ninguna,Oscuro con iluminacion,Despejado,No,NO APLICA,99,99,99,99,1,15/03/2022,1
8,Colorado,80238,0,0,1,0,73,LINCOLN (73),0,NO APLICA,4,Abril,20,2022,2,30,CR-35,4,Calle del Condado,Rural,Local,County Highway Agency,0,Sin jurisdiccion especial,0,38.93655,-103.4232,Barda,El primer evento no fue una colision con un vehiculo automotor en transporte,T-Intersection,Interseccion de T,Fuera de la calle,Ninguna,Oscuro sin iluminacion,Despejado,No,NO APLICA,9,4,9,22,1,20/04/2022,1
8,Colorado,80239,0,0,2,0,13,BOULDER (13),0,NO APLICA,6,Junio,1,2022,11,15,CR-S BOULDER RD,4,Calle del Condado,Urbano,Arteria Principal,County Highway Agency,1,Sin jurisdiccion especial,0,39.98684722,-105.1837361,Vehiculo en movimiento,Frente a frente,Not an Intersection,No fue interseccion,Sobre calle,Ninguna,Dia total,Despejado,No,NO APLICA,11,18,11,26,1,01/06/2022,3
8,Colorado,80240,0,0,2,0,13,BOULDER (13),1530,LONGMONT,6,Junio,1,2022,22,17,US-287   MAIN ST,2,US Highway,Urbano,Arteria Principal,State Highway Agency,1,Sin jurisdiccion especial,3183,40.20334444,-105.1025778,Vehiculo en movimiento,Angulo,Four-Way Intersection,Interseccion de 4 direcciones,Sobre calle,Ninguna,Oscuro con iluminacion,Despejado,No,NO APLICA,22,17,22,22,1,01/06/2022,2
8,Colorado,80241,0,0,2,0,123,WELD (123),0,NO APLICA,6,Junio,4,2022,2,54,SR-14,3,Highway estatal,Rural,Arteria Principal,State Highway Agency,1,Sin jurisdiccion especial,1484,40.58157778,-104.8276611,Vehiculo en movimiento,Frente a Detrás,Not an Intersection,No fue interseccion,Sobre calle,Ninguna,Oscuro sin iluminacion,Despejado,No,NO APLICA,2,54,3,5,1,04/06/2022,4
8,Colorado,80242,0,0,3,0,41,EL PASO (41),0,NO APLICA,6,Junio,4,2022,11,30,CR-SPACE VILLAGE AVE,4,Calle del Condado,Urbano,Arteria Menor,County Highway Agency,0,Sin jurisdiccion especial,0,38.83896667,-104.69,Vehiculo en movimiento,Angulo,T-Intersection,Interseccion de T,Sobre calle,Ninguna,Dia total,Despejado,No,NO APLICA,11,33,99,99,1,04/06/2022,3
8,Colorado,80243,0,0,2,0,123,WELD (123),0,NO APLICA,6,Junio,7,2022,15,39,US-34,2,US Highway,Rural,Arteria Principal,State Highway Agency,1,Sin jurisdiccion especial,1392,40.29101111,-104.2239611,Vehiculo en movimiento,Frente a frente,Not an Intersection,No fue interseccion,Sobre el lado de la calle,Ninguna,Dia total,Despejado,No,NO APLICA,15,39,15,54,1,07/06/2022,2
8,Colorado,80244,1,1,2,1,35,DOUGLAS (35),0,NO APLICA,6,Junio,6,2022,10,27,CR-S WILTSHIRE DR,4,Calle del Condado,Urbano,Local,County Highway Agency,0,Sin jurisdiccion especial,0,39.54531667,-104.90505,Vehiculo Aparcado,El primer evento no fue una colision con un vehiculo automotor en transporte,Not an Intersection,No fue interseccion,En estacionamiento,Ninguna,Dia total,Despejado,No,NO APLICA,99,99,99,99,1,06/06/2022,0
8,Colorado,80245,0,0,1,0,1,ADAMS (1),434,COMMERCE CITY,6,Junio,8,2022,0,36,QUEBEC PKWY,6,Calle Local Municipalidad,Urbano,Arteria Principal,City or Municipal Highway Agency,1,Sin jurisdiccion especial,0,39.83350556,-104.8978889,Volcadura,El primer evento no fue una colision con un vehiculo automotor en transporte,Not an Intersection,No fue interseccion,Sobre calle,Ninguna,Oscuro sin iluminacion,Despejado,No,NO APLICA,99,99,99,99,1,08/06/2022,2
8,Colorado,80246,0,0,1,0,123,WELD (123),0,NO APLICA,6,Junio,8,2022,6,22,I-25,1,Interestatal,Rural,Interestatal,State Highway Agency,1,Sin jurisdiccion especial,2966,40.96733889,-104.9206639,Fin de valla,El primer evento no fue una colision con un vehiculo automotor en transporte,Not an Intersection,No fue interseccion,Sobre el lado de la calle,Ninguna,Dia total,Despejado,No,NO APLICA,6,24,6,50,1,08/06/2022,4
8,Colorado,80247,0,0,1,0,19,CLEAR CREEK (19),0,NO APLICA,6,Junio,9,2022,18,17,SR-103,3,Highway estatal,Rural,Colector Mayor,State Highway Agency,0,Sin jurisdiccion especial,44,39.71137222,-105.5870833,Otro objeto (no fijo),El primer evento no fue una colision con un vehiculo automotor en transporte,Not an Intersection,No fue interseccion,Sobre el lado de la calle,Ninguna,Dia total,Despejado,No,NO APLICA,18,17,18,31,1,09/06/2022,1
8,Colorado,80248,0,0,2,0,69,LARIMER (69),0,NO APLICA,6,Junio,10,2022,17,52,CR-S BOISE AVE,4,Calle del Condado,Urbano,Local,County Highway Agency,0,Sin jurisdiccion especial,0,40.38349167,-105.0543056,Vehiculo en movimiento,Frente a frente,Not an Intersection,No fue interseccion,Sobre calle,Ninguna,Dia total,Despejado,No,NO APLICA,99,99,99,99,1,10/06/2022,3
8,Colorado,80249,0,0,1,0,77,MESA (77),0,NO APLICA,6,Junio,11,2022,12,19,SR-65,3,Highway estatal,Rural,Arteria Menor,State Highway Agency,0,Sin jurisdiccion especial,451,39.10473889,-108.1363611,Arbol,El primer evento no fue una colision con un vehiculo automotor en transporte,Not an Intersection,No fue interseccion,Sobre el lado de la calle,Ninguna,Dia total,Despejado,No,NO APLICA,12,15,99,99,1,11/06/2022,1
8,Colorado,80250,0,0,2,0,101,PUEBLO (101),0,NO APLICA,6,Junio,11,2022,1,12,SR-47,3,Highway estatal,Urbano,Arterial Principal -Freeway o ExpressWay,State Highway Agency,1,Sin jurisdiccion especial,40,38.28336111,-104.5561833,Vehiculo en movimiento,Angulo,Not an Intersection,No fue interseccion,Sobre calle,Ninguna,Oscuro sin iluminacion,Nublado,No,NO APLICA,1,17,1,29,1,11/06/2022,6
8,Colorado,80251,0,0,2,0,107,ROUTT (107),0,NO APLICA,6,Junio,11,2022,20,6,US-40,2,US Highway,Rural,Arteria Principal,State Highway Agency,1,Sin jurisdiccion especial,1034,40.49271944,-107.3368889,Vehiculo en movimiento,Frente a frente,Not an Intersection,No fue interseccion,Sobre calle,Ninguna,Dia total,Despejado,No,NO APLICA,20,21,20,37,2,11/06/2022,5
8,Colorado,80252,1,1,2,0,69,LARIMER (69),860,FORT COLLINS,6,Junio,12,2022,22,10,US-287   S COLLEGE AVE,2,US Highway,Urbano,Arteria Principal,State Highway Agency,1,Sin jurisdiccion especial,3400,40.49224167,-105.0774361,Peaton,El primer evento no fue una colision con un vehiculo automotor en transporte,Not an Intersection,No fue interseccion,Sobre calle,Ninguna,Oscuro sin iluminacion,Despejado,No,NO APLICA,22,10,22,14,1,12/06/2022,2
8,Colorado,80253,0,0,4,0,123,WELD (123),1620,MEAD,6,Junio,13,2022,13,27,I-25,1,Interestatal,Rural,Interestatal,State Highway Agency,1,Sin jurisdiccion especial,2430,40.20098333,-104.9799722,Vehiculo en movimiento,Frente a Detrás,Not an Intersection,No fue interseccion,Sobre calle,Ninguna,Dia total,Despejado,No,NO APLICA,13,27,99,99,5,13/06/2022,10
8,Colorado,80254,0,0,1,0,13,BOULDER (13),0,NO APLICA,6,Junio,13,2022,14,43,US-36,2,US Highway,Rural,Arteria Principal,State Highway Agency,1,Sin jurisdiccion especial,167,40.24672222,-105.3087333,Volcadura,El primer evento no fue una colision con un vehiculo automotor en transporte,Not an Intersection,No fue interseccion,Sobre Acotamiento,Ninguna,Dia total,Despejado,No,NO APLICA,14,43,14,52,1,13/06/2022,1
8,Colorado,80255,0,0,3,0,123,WELD (123),540,DACONO,6,Junio,13,2022,14,18,I-25,1,Interestatal,Urbano,Interestatal,State Highway Agency,1,Sin jurisdiccion especial,2342,40.07436111,-104.9802528,Vehiculo en movimiento,Frente a Detrás,Not an Intersection,No fue interseccion,Sobre calle,Ninguna,Dia total,Despejado,No,NO APLICA,14,20,14,27,1,13/06/2022,3
8,Colorado,80256,0,0,2,0,35,DOUGLAS (35),0,NO APLICA,6,Junio,16,2022,0,10,SR-83,3,Highway estatal,Urbano,Arteria Principal,State Highway Agency,1,Sin jurisdiccion especial,543,39.44115556,-104.7598444,Vehiculo en movimiento,Frente a Detrás,Not an Intersection,No fue interseccion,Sobre calle,Ninguna,Oscuro sin iluminacion,Despejado,No,NO APLICA,0,13,0,17,2,16/06/2022,6
8,Colorado,80257,0,0,1,0,59,JEFFERSON (59),0,NO APLICA,6,Junio,15,2022,23,0,SR-74,3,Highway estatal,Rural,Arteria Menor,State Highway Agency,0,Sin jurisdiccion especial,128,39.66840278,-105.2637389,Piedrotototota,El primer evento no fue una colision con un vehiculo automotor en transporte,Not an Intersection,No fue interseccion,Sobre el lado de la calle,Ninguna,Oscuro sin iluminacion,Despejado,No,NO APLICA,99,99,99,99,1,15/06/2022,1
8,Colorado,80258,0,0,1,0,113,SAN MIGUEL (113),0,NO APLICA,6,Junio,16,2022,14,25,SR-141,3,Highway estatal,Rural,Colector Mayor,State Highway Agency,0,Sin jurisdiccion especial,413,38.04194444,-108.5816111,Poste o otros soportes,El primer evento no fue una colision con un vehiculo automotor en transporte,Not an Intersection,No fue interseccion,Sobre el lado de la calle,Ninguna,Dia total,Despejado,No,NO APLICA,99,99,99,99,2,16/06/2022,2
8,Colorado,80259,0,0,1,0,7,ARCHULETA (7),0,NO APLICA,6,Junio,16,2022,14,46,US-160,2,US Highway,Rural,Arteria Principal,State Highway Agency,1,Sin jurisdiccion especial,1472,37.30372222,-106.9692333,Volcadura,El primer evento no fue una colision con un vehiculo automotor en transporte,Not an Intersection,No fue interseccion,Sobre el lado de la calle,Ninguna,Dia total,Despejado,No,NO APLICA,14,48,15,0,1,16/06/2022,1
8,Colorado,80260,0,0,1,0,31,DENVER (31),600,DENVER,6,Junio,5,2022,1,58,PENA BLVD,6,Calle Local Municipalidad,Urbano,Arterial Principal -Freeway o ExpressWay,City or Municipal Highway Agency,1,Sin jurisdiccion especial,45,39.818,-104.7872056,Poste o otros soportes,El primer evento no fue una colision con un vehiculo automotor en transporte,Not an Intersection,No fue interseccion,Sobre el lado de la calle,Ninguna,Oscuro con iluminacion,Despejado,No,NO APLICA,1,58,2,16,1,05/06/2022,3
8,Colorado,80261,0,0,1,0,69,LARIMER (69),0,NO APLICA,6,Junio,18,2022,21,30,CR-74E,4,Calle del Condado,Rural,Colector Mayor,County Highway Agency,0,Sin jurisdiccion especial,0,40.78234444,-105.5621889,Arbol,El primer evento no fue una colision con un vehiculo automotor en transporte,Not an Intersection,No fue interseccion,Sobre el lado de la calle,Ninguna,Oscuro sin iluminacion,Despejado,No,NO APLICA,21,31,22,0,1,18/06/2022,1
8,Colorado,80262,0,0,1,0,41,EL PASO (41),0,NO APLICA,6,Junio,18,2022,22,25,SR-115,3,Highway estatal,Rural,Arteria Menor,State Highway Agency,0,Sin jurisdiccion especial,362,38.67211111,-104.8569833,Arbol,El primer evento no fue una colision con un vehiculo automotor en transporte,Not an Intersection,No fue interseccion,Sobre el lado de la calle,Ninguna,Oscuro sin iluminacion,Despejado,No,NO APLICA,99,99,99,99,1,18/06/2022,1
8,Colorado,80263,0,0,1,0,85,MONTROSE (85),0,NO APLICA,6,Junio,19,2022,15,15,CR-CC,4,Calle del Condado,Rural,Colector Mayor,County Highway Agency,0,Sin jurisdiccion especial,0,38.26158333,-108.5346722,Barda,El primer evento no fue una colision con un vehiculo automotor en transporte,Not an Intersection,No fue interseccion,Fuera de la calle,Ninguna,Dia total,lluvia,No,NO APLICA,99,99,99,99,1,19/06/2022,1
8,Colorado,80264,0,0,2,0,3,ALAMOSA (3),0,NO APLICA,6,Junio,20,2022,9,0,SR-370,3,Highway estatal,Rural,Colector Mayor,State Highway Agency,0,Sin jurisdiccion especial,60,37.42982222,-106.0393278,Vehiculo en movimiento,Angulo,Four-Way Intersection,Interseccion de 4 direcciones,Sobre calle,Ninguna,Dia total,Despejado,No,NO APLICA,99,99,99,99,1,20/06/2022,2
8,Colorado,80265,0,0,1,0,21,CONEJOS (21),0,NO APLICA,6,Junio,16,2022,22,35,CR-18,4,Calle del Condado,Rural,Colector Mayor,County Highway Agency,0,Sin jurisdiccion especial,0,37.19513889,-105.9284611,Volcadura,El primer evento no fue una colision con un vehiculo automotor en transporte,Not an Intersection,No fue interseccion,Sobre calle,Ninguna,Oscuro sin iluminacion,Despejado,No,NO APLICA,99,99,99,99,1,16/06/2022,3
8,Colorado,80266,0,0,2,0,49,GRAND (49),0,NO APLICA,6,Junio,19,2022,17,20,US-40,2,US Highway,Rural,Arteria Principal,State Highway Agency,1,Sin jurisdiccion especial,2054,40.09775833,-106.0479,Vehiculo en movimiento,Frente a frente,Not an Intersection,No fue interseccion,Sobre calle,Ninguna,Dia total,Despejado,No,NO APLICA,99,99,99,99,1,19/06/2022,2
8,Colorado,80267,0,0,2,0,77,MESA (77),0,NO APLICA,6,Junio,14,2022,15,0,I-70,1,Interestatal,Rural,Interestatal,State Highway Agency,1,Sin jurisdiccion especial,495,39.19018056,-108.2810389,Vehiculo en movimiento,Golpe Lateral - misma direccion,Not an Intersection,No fue interseccion,Sobre calle,Ninguna,Dia total,Despejado,No,NO APLICA,99,99,99,99,1,14/06/2022,2