Estado,Nombre de Estado,Numero de Caso,Peatones,Personas _no_vehiculos,Vehiculos automotores,Vehiculos estacionados,Condado,Nombre Condado,Ciudad,Nombre Ciudad,Mes,Nombre Mes,Dia,Año,Hora,Minuto,Calle,Ruta,Nombre Ruta,Rural o Urbanoo,Sistema Funcional,Dueño Calle,Sistema Nacional Carreteras,Jurisdiccion Especial,Milla,Latitud,Longitud,Causa del Accidente,Tipo de Accidente,Tipo Interseccion,Columna1,Lugar en la calle,Zona de Trabajo,Luz,Clima,Autobus Escolar,Cruce de Trenes,Hora Notificacion,Minuto Notificacion,Hora Llegada,Minuto Llegada,Decesos,Fecha,PersonaVehiculo
8,Colorado,80268,1,1,1,0,5,ARAPAHOE (5),740,ENGLEWOOD,6,Junio,4,2022,8,37,S BROADWAY ST,6,Calle Local Municipalidad,Urbano,Arteria Principal,City or Municipal Highway Agency,1,Sin jurisdiccion especial,0,39.636,-104.9879667,Peaton,El primer evento no fue una colision con un vehiculo automotor en transporte,Not an Intersection,No fue interseccion,En estacionamiento,Ninguna,Dia total,Despejado,No,NO APLICA,8,40,8,40,1,04/06/2022,3
8,Colorado,80269,0,0,1,0,35,DOUGLAS (35),1529,LONE TREE,6,Junio,7,2022,19,10,RIDGEGATE PKWY,6,Calle Local Municipalidad,Urbano,Local,City or Municipal Highway Agency,0,Sin jurisdiccion especial,0,39.51986111,-104.833775,Poste de Señal de trafico,El primer evento no fue una colision con un vehiculo automotor en transporte,Not an Intersection,No fue interseccion,En el medio,Ninguna,Atardecer,Despejado,No,NO APLICA,19,12,19,15,1,07/06/2022,1
8,Colorado,80270,0,0,2,0,59,JEFFERSON (59),1435,LAKEWOOD,6,Junio,16,2022,22,13,SR-391   KIPLING ST,3,Highway estatal,Urbano,Arteria Principal,State Highway Agency,1,Sin jurisdiccion especial,53,39.72670278,-105.1097667,Vehiculo en movimiento,Angulo,T-Intersection,Interseccion de T,Sobre calle,Ninguna,Oscuro con iluminacion,Despejado,No,NO APLICA,22,14,22,18,1,16/06/2022,2
8,Colorado,80271,0,0,2,0,29,DELTA (29),0,NO APLICA,6,Junio,10,2022,16,30,SR-92,3,Highway estatal,Rural,Arteria Menor,State Highway Agency,0,Sin jurisdiccion especial,136,38.79802222,-107.84455,Vehiculo en movimiento,Angulo,Not an Intersection,No fue interseccion,Sobre calle,Ninguna,Dia total,Despejado,No,NO APLICA,99,99,99,99,1,10/06/2022,3
8,Colorado,80272,1,1,1,0,13,BOULDER (13),1530,LONGMONT,6,Junio,19,2022,21,46,HOVER ST,6,Calle Local Municipalidad,Urbano,Arteria Menor,City or Municipal Highway Agency,0,Sin jurisdiccion especial,0,40.19161111,-105.1309694,Peaton,El primer evento no fue una colision con un vehiculo automotor en transporte,Not an Intersection,No fue interseccion,Sobre calle,Ninguna,Oscuro con iluminacion,Despejado,No,NO APLICA,21,46,21,50,1,19/06/2022,2
8,Colorado,80273,0,0,2,0,14,BROOMFIELD (14),253,BROOMFIELD,6,Junio,22,2022,16,57,W 144TH AVE,6,Calle Local Municipalidad,Urbano,Arteria Menor,City or Municipal Highway Agency,0,Sin jurisdiccion especial,0,39.95772778,-105.0343944,Volcadura,El primer evento no fue una colision con un vehiculo automotor en transporte,Four-Way Intersection,Interseccion de 4 direcciones,Sobre calle,Ninguna,Dia total,Despejado,No,NO APLICA,16,59,17,10,1,22/06/2022,3
8,Colorado,80274,0,0,3,0,109,SAGUACHE (109),0,NO APLICA,6,Junio,23,2022,12,50,US-285,2,US Highway,Rural,Arteria Principal,State Highway Agency,1,Sin jurisdiccion especial,831,38.04221111,-106.14205,Vehiculo en movimiento,Frente a frente,Not an Intersection,No fue interseccion,Sobre calle,Ninguna,Dia total,Despejado,No,NO APLICA,99,99,99,99,1,23/06/2022,3
8,Colorado,80275,0,0,1,0,123,WELD (123),0,NO APLICA,6,Junio,24,2022,13,4,CR-17,4,Calle del Condado,Rural,Arteria Menor,County Highway Agency,0,Sin jurisdiccion especial,0,40.24103889,-104.9047417,Culvert,El primer evento no fue una colision con un vehiculo automotor en transporte,Not an Intersection,No fue interseccion,Sobre el lado de la calle,Ninguna,Dia total,Nublado,No,NO APLICA,99,99,99,99,1,24/06/2022,1
8,Colorado,80276,0,0,2,0,13,BOULDER (13),1390,LAFAYETTE,6,Junio,24,2022,19,35,US-287,2,US Highway,Rural,Arteria Principal,State Highway Agency,1,Sin jurisdiccion especial,3069,40.0366,-105.1029556,Vehiculo en movimiento,Angulo,Four-Way Intersection,Interseccion de 4 direcciones,Sobre calle,Ninguna,Dia total,Despejado,No,NO APLICA,19,36,19,42,1,24/06/2022,5
8,Colorado,80277,0,0,2,0,59,JEFFERSON (59),0,NO APLICA,6,Junio,25,2022,18,37,SR-72,3,Highway estatal,Rural,Arteria Menor,State Highway Agency,0,Sin jurisdiccion especial,171,39.89535,-105.3390833,Volcadura,El primer evento no fue una colision con un vehiculo automotor en transporte,Not an Intersection,No fue interseccion,Sobre calle,Ninguna,Dia total,Despejado,No,NO APLICA,18,31,18,47,1,25/06/2022,3
8,Colorado,80278,0,0,2,0,39,ELBERT (39),0,NO APLICA,6,Junio,25,2022,0,23,I-70,1,Interestatal,Rural,Interestatal,State Highway Agency,1,Sin jurisdiccion especial,3497,39.34526944,-103.8497889,Vehiculo en movimiento,Frente a frente,Not an Intersection,No fue interseccion,Sobre calle,Ninguna,Oscuro sin iluminacion,Despejado,No,NO APLICA,0,24,0,45,1,25/06/2022,2
8,Colorado,80279,0,0,2,0,35,DOUGLAS (35),0,NO APLICA,6,Junio,26,2022,22,14,CR-S WILCOX ST,4,Calle del Condado,Urbano,Colector Mayor,County Highway Agency,0,Sin jurisdiccion especial,0,39.36279167,-104.8653583,Vehiculo en movimiento,Angulo,Not an Intersection,No fue interseccion,Sobre calle,Ninguna,Oscuro con iluminacion,Despejado,No,NO APLICA,22,14,22,17,1,26/06/2022,2
8,Colorado,80280,1,1,1,0,5,ARAPAHOE (5),740,ENGLEWOOD,6,Junio,16,2022,0,53,S BROADWAY ST,6,Calle Local Municipalidad,Urbano,Arteria Principal,City or Municipal Highway Agency,1,Sin jurisdiccion especial,0,39.64666667,-104.9876778,Peaton,El primer evento no fue una colision con un vehiculo automotor en transporte,Not an Intersection,No fue interseccion,Sobre calle,Ninguna,Oscuro con iluminacion,Despejado,No,NO APLICA,0,55,1,0,1,16/06/2022,1
8,Colorado,80281,0,0,2,0,123,WELD (123),0,NO APLICA,6,Junio,28,2022,16,59,US-85,2,US Highway,Rural,Arteria Principal,State Highway Agency,1,Sin jurisdiccion especial,2810,40.59886111,-104.7376583,Vehiculo en movimiento,Frente a frente,Not an Intersection,No fue interseccion,Sobre calle,Ninguna,Dia total,Despejado,No,NO APLICA,99,99,99,99,2,28/06/2022,2
8,Colorado,80282,0,0,2,0,1,ADAMS (1),2550,WESTMINSTER,6,Junio,26,2022,23,48,US-287   N FEDERAL BLVD,2,US Highway,Urbano,Arteria Principal,State Highway Agency,1,Sin jurisdiccion especial,2913,39.86366944,-105.0251583,Vehiculo en movimiento,Frente a Detrás,Four-Way Intersection,Interseccion de 4 direcciones,Sobre calle,Ninguna,Oscuro con iluminacion,Despejado,No,NO APLICA,23,48,23,52,1,26/06/2022,2
8,Colorado,80283,0,0,2,0,5,ARAPAHOE (5),0,NO APLICA,6,Junio,28,2022,19,23,CR-ARAPAHOE RD,4,Calle del Condado,Urbano,Arteria Menor,County Highway Agency,0,Sin jurisdiccion especial,0,39.59492778,-104.777925,Vehiculo en movimiento,Angulo,Four-Way Intersection,Interseccion de 4 direcciones,Sobre calle,Ninguna,Dia total,Despejado,No,NO APLICA,19,25,19,25,1,28/06/2022,7
8,Colorado,80284,1,1,1,0,35,DOUGLAS (35),1952,PARKER,6,Junio,16,2022,2,4,SR-83   S PARKER RD,3,Highway estatal,Urbano,Arteria Principal,State Highway Agency,1,Sin jurisdiccion especial,625,39.55843333,-104.7798278,Peaton,El primer evento no fue una colision con un vehiculo automotor en transporte,Four-Way Intersection,Interseccion de 4 direcciones,Sobre calle,Ninguna,Oscuro con iluminacion,Despejado,No,NO APLICA,2,6,2,11,1,16/06/2022,2
8,Colorado,80285,0,0,1,0,59,JEFFERSON (59),1000,GOLDEN,6,Junio,19,2022,5,36,US-6,2,US Highway,Urbano,Arterial Principal -Freeway o ExpressWay,State Highway Agency,1,Sin jurisdiccion especial,2722,39.75066111,-105.2293278,Valla Ferrocarril,El primer evento no fue una colision con un vehiculo automotor en transporte,Not an Intersection,No fue interseccion,Sobre el lado de la calle,Ninguna,Amanecer,Despejado,No,NO APLICA,5,39,5,48,1,19/06/2022,2
8,Colorado,80286,0,0,1,0,123,WELD (123),870,FORT LUPTON,6,Junio,19,2022,16,5,US-85,2,US Highway,Rural,Arterial Principal -Freeway o ExpressWay,State Highway Agency,1,Sin jurisdiccion especial,2467,40.15291667,-104.8125556,Barrera de Cable,El primer evento no fue una colision con un vehiculo automotor en transporte,Not an Intersection,No fue interseccion,En el medio,Ninguna,Dia total,Despejado,No,NO APLICA,16,5,16,15,1,19/06/2022,3
8,Colorado,80287,0,0,2,0,65,LAKE (65),0,NO APLICA,6,Junio,28,2022,14,59,US-24,2,US Highway,Rural,Arteria Menor,State Highway Agency,0,Sin jurisdiccion especial,1912,39.07585833,-106.2809611,Vehiculo en movimiento,Angulo,T-Intersection,Interseccion de T,Sobre calle,Ninguna,Dia total,Despejado,No,NO APLICA,99,99,99,99,1,28/06/2022,6
8,Colorado,80288,0,0,2,0,77,MESA (77),1040,GRAND JUNCTION,6,Junio,24,2022,21,33,26 1/2 RD,6,Calle Local Municipalidad,Urbano,Arteria Menor,City or Municipal Highway Agency,0,Sin jurisdiccion especial,0,39.09241667,-108.561575,Vehiculo en movimiento,Frente a frente,Not an Intersection,No fue interseccion,Sobre calle,Ninguna,Oscuro con iluminacion,Despejado,No,NO APLICA,21,34,21,38,1,24/06/2022,2
8,Colorado,80289,0,0,2,0,101,PUEBLO (101),2050,PUEBLO,6,Junio,9,2022,22,18,US-50 BUSN RT   S SANTA FE AVE,2,US Highway,Urbano,Arteria Principal,State Highway Agency,1,Sin jurisdiccion especial,5,38.26380556,-104.6069806,Vehiculo en movimiento,Golpe Lateral - misma direccion,Not an Intersection,No fue interseccion,Sobre calle,Ninguna,Oscuro con iluminacion,Despejado,No,NO APLICA,22,19,22,23,1,09/06/2022,3
8,Colorado,80290,0,0,2,0,41,EL PASO (41),430,COLORADO SPRINGS,6,Junio,9,2022,19,48,SR-83   INTERQUEST PKWY,3,Highway estatal,Urbano,Arteria Principal,State Highway Agency,1,Sin jurisdiccion especial,204,38.99871111,-104.7809556,Vehiculo en movimiento,Angulo,T-Intersection,Interseccion de T,Sobre calle,Ninguna,Dia total,Despejado,No,NO APLICA,19,51,19,58,2,09/06/2022,3
8,Colorado,80291,0,0,2,0,41,EL PASO (41),430,COLORADO SPRINGS,6,Junio,9,2022,20,43,N NEVADA AVE,6,Calle Local Municipalidad,Urbano,Arteria Principal,City or Municipal Highway Agency,1,Sin jurisdiccion especial,0,38.84236111,-104.8211833,Vehiculo en movimiento,Angulo,Four-Way Intersection,Interseccion de 4 direcciones,Sobre calle,Ninguna,Atardecer,Despejado,No,NO APLICA,99,99,99,99,1,09/06/2022,2
8,Colorado,80292,0,0,2,0,1,ADAMS (1),0,NO APLICA,6,Junio,11,2022,15,33,US-36 HOV LN,2,US Highway,Urbano,Arterial Principal -Freeway o ExpressWay,State Highway Agency,1,Sin jurisdiccion especial,560,39.83020556,-105.00455,Vehiculo en movimiento,Frente a Detrás,Not an Intersection,No fue interseccion,Sobre calle,Ninguna,Dia total,Despejado,No,NO APLICA,15,57,15,59,1,11/06/2022,5
8,Colorado,80293,0,0,2,0,41,EL PASO (41),430,COLORADO SPRINGS,6,Junio,18,2022,8,59,S CHELTON RD,6,Calle Local Municipalidad,Urbano,Arteria Menor,City or Municipal Highway Agency,0,Sin jurisdiccion especial,0,38.80558333,-104.7607944,Vehiculo en movimiento,Frente a frente,T-Intersection,Interseccion de T,Sobre calle,Ninguna,Dia total,Despejado,No,NO APLICA,9,39,9,41,1,18/06/2022,2
8,Colorado,80294,0,0,2,0,41,EL PASO (41),430,COLORADO SPRINGS,6,Junio,18,2022,22,47,N NEVADA AVE,6,Calle Local Municipalidad,Urbano,Arteria Principal,City or Municipal Highway Agency,1,Sin jurisdiccion especial,0,38.8591,-104.8205,Vehiculo en movimiento,Angulo,Four-Way Intersection,Interseccion de 4 direcciones,Sobre calle,Ninguna,Oscuro con iluminacion,Despejado,No,NO APLICA,22,47,23,45,1,18/06/2022,3
8,Colorado,80295,0,0,2,0,41,EL PASO (41),430,COLORADO SPRINGS,6,Junio,24,2022,15,33,E WOODMAN RD,6,Calle Local Municipalidad,Urbano,Arteria Principal,City or Municipal Highway Agency,1,Sin jurisdiccion especial,0,38.93286667,-104.8080389,Volcadura,El primer evento no fue una colision con un vehiculo automotor en transporte,Four-Way Intersection,Interseccion de 4 direcciones,Sobre calle,Ninguna,Dia total,Despejado,No,NO APLICA,15,33,15,40,1,24/06/2022,2
8,Colorado,80296,0,0,1,0,41,EL PASO (41),430,COLORADO SPRINGS,6,Junio,27,2022,8,36,HAVENWOOD DR,6,Calle Local Municipalidad,Urbano,Local,City or Municipal Highway Agency,0,Sin jurisdiccion especial,0,38.94165,-104.7483611,Banqueta,El primer evento no fue una colision con un vehiculo automotor en transporte,Not an Intersection,No fue interseccion,Sobre el lado de la calle,Ninguna,Dia total,Despejado,No,NO APLICA,8,36,8,43,1,27/06/2022,1
8,Colorado,80297,1,1,1,0,13,BOULDER (13),1390,LAFAYETTE,6,Junio,22,2022,6,52,SR-7   E BASELINE RD,3,Highway estatal,Urbano,Arteria Principal,State Highway Agency,1,Sin jurisdiccion especial,643,40.00024167,-105.0576389,Ciclista,El primer evento no fue una colision con un vehiculo automotor en transporte,Not an Intersection,No fue interseccion,Sobre calle,Ninguna,Dia total,Despejado,No,NO APLICA,6,52,99,99,1,22/06/2022,1
8,Colorado,80298,0,0,1,0,87,MORGAN (87),0,NO APLICA,6,Junio,24,2022,16,9,CR-Q,4,Calle del Condado,Rural,Colector Mayor,County Highway Agency,0,Sin jurisdiccion especial,0,40.232525,-103.9168,Poste,El primer evento no fue una colision con un vehiculo automotor en transporte,Not an Intersection,No fue interseccion,Sobre el lado de la calle,Ninguna,Dia total,Despejado,No,NO APLICA,99,99,99,99,1,24/06/2022,1
8,Colorado,80299,0,0,1,0,41,EL PASO (41),890,FOUNTAIN,6,Junio,4,2022,1,20,SQUIRREL CREEK RD,6,Calle Local Municipalidad,Urbano,Arteria Menor,City or Municipal Highway Agency,0,Sin jurisdiccion especial,0,38.69406111,-104.6662722,Alguien se cayo/avento del vehiculo,El primer evento no fue una colision con un vehiculo automotor en transporte,Not an Intersection,No fue interseccion,Sobre el lado de la calle,Ninguna,Oscuro sin iluminacion,Despejado,No,NO APLICA,99,99,99,99,1,04/06/2022,1
8,Colorado,80300,0,0,3,0,31,DENVER (31),600,DENVER,6,Junio,28,2022,23,4,SR-35   N QUEBEC ST,3,Highway estatal,Urbano,Arterial Principal -Freeway o ExpressWay,State Highway Agency,1,Sin jurisdiccion especial,91,39.78597222,-104.8999944,Volcadura,El primer evento no fue una colision con un vehiculo automotor en transporte,Not an Intersection,No fue interseccion,Sobre calle,Ninguna,Oscuro con iluminacion,Despejado,No,NO APLICA,23,4,23,9,1,28/06/2022,3
8,Colorado,80301,0,0,1,0,35,DOUGLAS (35),1952,PARKER,6,Junio,29,2022,21,55,SR-83   S PARKER RD,3,Highway estatal,Urbano,Arteria Principal,State Highway Agency,1,Sin jurisdiccion especial,602,39.52694444,-104.7664389,Soporte de  señalamiento de transito,El primer evento no fue una colision con un vehiculo automotor en transporte,Four-Way Intersection,Interseccion de 4 direcciones,Sobre el lado de la calle,Ninguna,Oscuro con iluminacion,Despejado,No,NO APLICA,21,55,22,2,2,29/06/2022,2
8,Colorado,80302,0,0,1,0,69,LARIMER (69),860,FORT COLLINS,6,Junio,12,2022,6,21,SHIELDS ST,6,Calle Local Municipalidad,Urbano,Arteria Menor,City or Municipal Highway Agency,0,Sin jurisdiccion especial,0,40.51161667,-105.0960778,Arbol,El primer evento no fue una colision con un vehiculo automotor en transporte,Not an Intersection,No fue interseccion,Sobre el lado de la calle,Ninguna,Dia total,Despejado,No,NO APLICA,6,21,6,27,1,12/06/2022,1
8,Colorado,80303,0,0,3,0,27,CUSTER (27),0,NO APLICA,7,Julio,2,2022,17,19,SR-69,3,Highway estatal,Rural,Arteria Menor,State Highway Agency,0,Sin jurisdiccion especial,503,38.03514444,-105.3980333,Volcadura,El primer evento no fue una colision con un vehiculo automotor en transporte,Not an Intersection,No fue interseccion,Sobre calle,Ninguna,Dia total,Vientos cruzados pero de los mamalones,No,NO APLICA,17,20,99,99,1,02/07/2022,4
8,Colorado,80304,0,0,3,0,59,JEFFERSON (59),0,NO APLICA,7,Julio,2,2022,17,44,CR-93,4,Calle del Condado,Urbano,Arteria Menor,County Highway Agency,0,Sin jurisdiccion especial,0,39.6821,-105.1984833,Vehiculo en movimiento,Frente a frente,Not an Intersection,No fue interseccion,Sobre calle,Ninguna,Dia total,Despejado,No,NO APLICA,17,44,17,50,1,02/07/2022,3
8,Colorado,80305,1,1,4,3,31,DENVER (31),600,DENVER,7,Julio,2,2022,1,39,N BROADWAY ST,6,Calle Local Municipalidad,Urbano,Arteria Principal,City or Municipal Highway Agency,1,Sin jurisdiccion especial,0,39.71753333,-104.9875139,Peaton,El primer evento no fue una colision con un vehiculo automotor en transporte,T-Intersection,Interseccion de T,Sobre calle,Ninguna,Oscuro con iluminacion,Despejado,No,NO APLICA,99,99,99,99,1,02/07/2022,1
8,Colorado,80306,0,0,1,0,41,EL PASO (41),0,NO APLICA,7,Julio,3,2022,14,15,CR-VOLLMER RD,4,Calle del Condado,Rural,Arteria Menor,County Highway Agency,0,Sin jurisdiccion especial,0,38.97386667,-104.6687222,Volcadura,El primer evento no fue una colision con un vehiculo automotor en transporte,Not an Intersection,No fue interseccion,Sobre el lado de la calle,Ninguna,Dia total,Nublado,No,NO APLICA,99,99,99,99,1,03/07/2022,1
8,Colorado,80307,0,0,2,0,87,MORGAN (87),0,NO APLICA,7,Julio,5,2022,3,18,US-34,2,US Highway,Rural,Arteria Principal,State Highway Agency,1,Sin jurisdiccion especial,1436,40.28206111,-104.14575,Vehiculo en movimiento,Frente a frente,Not an Intersection,No fue interseccion,Sobre calle,Ninguna,Oscuro sin iluminacion,Despejado,No,NO APLICA,99,99,99,99,2,05/07/2022,2
8,Colorado,80308,0,0,1,0,65,LAKE (65),0,NO APLICA,7,Julio,5,2022,17,50,SR-300,3,Highway estatal,Rural,Colector Menor,State Highway Agency,0,Sin jurisdiccion especial,19,39.22263889,-106.3846528,Arbol,El primer evento no fue una colision con un vehiculo automotor en transporte,Not an Intersection,No fue interseccion,Sobre el lado de la calle,Ninguna,Dia total,Nublado,No,NO APLICA,99,99,99,99,1,05/07/2022,1
8,Colorado,80309,0,0,2,0,59,JEFFERSON (59),1435,LAKEWOOD,7,Julio,2,2022,12,10,SR-391   KIPLING ST,3,Highway estatal,Urbano,Arteria Principal,State Highway Agency,1,Sin jurisdiccion especial,65,39.74293333,-105.1095139,Vehiculo en movimiento,Frente a frente,Not an Intersection,No fue interseccion,Sobre calle,Ninguna,Dia total,Despejado,No,NO APLICA,12,11,12,16,1,02/07/2022,3
8,Colorado,80310,0,0,2,0,41,EL PASO (41),430,COLORADO SPRINGS,7,Julio,1,2022,7,30,US-24   S POWERS BLVD,2,US Highway,Urbano,Arteria Principal,State Highway Agency,1,Sin jurisdiccion especial,3089,38.81627778,-104.7298778,Vehiculo en movimiento,Frente a frente,Four-Way Intersection,Interseccion de 4 direcciones,Sobre calle,Ninguna,Dia total,Despejado,No,NO APLICA,7,33,7,35,1,01/07/2022,2
8,Colorado,80311,0,0,1,0,75,LOGAN (75),0,NO APLICA,7,Julio,7,2022,19,56,CR-11,4,Calle del Condado,Rural,Colector Menor,County Highway Agency,0,Sin jurisdiccion especial,0,40.59905556,-103.4867028,Poste de Señal de trafico,El primer evento no fue una colision con un vehiculo automotor en transporte,Not an Intersection,No fue interseccion,Sobre el lado de la calle,Ninguna,Dia total,Despejado,No,NO APLICA,19,59,20,14,1,07/07/2022,1
8,Colorado,80312,0,0,1,0,97,PITKIN (97),0,NO APLICA,7,Julio,3,2022,13,0,SR-133,3,Highway estatal,Rural,Arteria Menor,State Highway Agency,0,Sin jurisdiccion especial,502,39.16466111,-107.2486444,Volcadura,El primer evento no fue una colision con un vehiculo automotor en transporte,Not an Intersection,No fue interseccion,Sobre Acotamiento,Ninguna,Dia total,Despejado,No,NO APLICA,13,5,13,23,1,03/07/2022,2
8,Colorado,80313,0,0,1,0,27,CUSTER (27),0,NO APLICA,7,Julio,9,2022,12,45,SR-96,3,Highway estatal,Rural,Arteria Menor,State Highway Agency,0,Sin jurisdiccion especial,212,38.17757222,-105.12205,Volcadura,El primer evento no fue una colision con un vehiculo automotor en transporte,Not an Intersection,No fue interseccion,Sobre el lado de la calle,Ninguna,Dia total,Despejado,No,NO APLICA,99,99,99,99,1,09/07/2022,1
8,Colorado,80314,1,1,1,0,123,WELD (123),540,DACONO,7,Julio,9,2022,20,13,SHERMAN DR,6,Calle Local Municipalidad,Urbano,Local,City or Municipal Highway Agency,0,Sin jurisdiccion especial,0,40.07805556,-104.9320722,Peaton,El primer evento no fue una colision con un vehiculo automotor en transporte,Not an Intersection,No fue interseccion,Sobre calle,Ninguna,Dia total,Despejado,No,NO APLICA,20,13,20,18,1,09/07/2022,1
8,Colorado,80315,0,0,1,0,101,PUEBLO (101),2050,PUEBLO,7,Julio,4,2022,18,55,US-50,2,US Highway,Urbano,Arterial Principal -Freeway o ExpressWay,State Highway Agency,1,Sin jurisdiccion especial,3191,38.27148611,-104.5513556,Valla Ferrocarril,El primer evento no fue una colision con un vehiculo automotor en transporte,Not an Intersection,No fue interseccion,En el medio,Ninguna,Dia total,Despejado,No,NO APLICA,18,55,18,57,1,04/07/2022,1
8,Colorado,80316,0,0,1,0,59,JEFFERSON (59),1435,LAKEWOOD,7,Julio,11,2022,14,1,W ALAMEDA PKWY,6,Calle Local Municipalidad,Urbano,Arteria Principal,City or Municipal Highway Agency,1,Sin jurisdiccion especial,0,39.68222222,-105.1605556,Banqueta,El primer evento no fue una colision con un vehiculo automotor en transporte,Not an Intersection,No fue interseccion,Sobre el lado de la calle,Ninguna,Dia total,Despejado,No,NO APLICA,14,3,14,8,1,11/07/2022,1
8,Colorado,80317,0,0,1,0,19,CLEAR CREEK (19),0,NO APLICA,7,Julio,11,2022,14,21,CR-VIRGINIA CANYON RD,4,Calle del Condado,Rural,Colector Menor,County Highway Agency,0,Sin jurisdiccion especial,0,39.76197222,-105.5223611,Volcadura,El primer evento no fue una colision con un vehiculo automotor en transporte,Not an Intersection,No fue interseccion,Sobre el lado de la calle,Ninguna,Dia total,Despejado,No,NO APLICA,14,28,14,30,1,11/07/2022,1
8,Colorado,80318,0,0,1,0,37,EAGLE (37),0,NO APLICA,7,Julio,11,2022,3,30,I-70,1,Interestatal,Rural,Interestatal,State Highway Agency,1,Sin jurisdiccion especial,1537,39.71030556,-106.7153056,Barda,El primer evento no fue una colision con un vehiculo automotor en transporte,Not an Intersection,No fue interseccion,Fuera de la calle,Ninguna,Oscuro sin iluminacion,Despejado,No,NO APLICA,99,99,99,99,1,11/07/2022,1
8,Colorado,80319,0,0,2,0,1,ADAMS (1),2427,THORNTON,7,Julio,17,2022,3,10,I-25,1,Interestatal,Urbano,Interestatal,State Highway Agency,1,Sin jurisdiccion especial,2187,39.85181389,-104.9863111,Vehiculo en movimiento,Frente a Detrás,Not an Intersection,No fue interseccion,Sobre calle,Ninguna,Oscuro con iluminacion,Despejado,No,NO APLICA,3,13,3,18,1,17/07/2022,7
8,Colorado,80320,0,0,2,0,41,EL PASO (41),430,COLORADO SPRINGS,7,Julio,12,2022,8,23,E PIKES PEAK AVE,6,Calle Local Municipalidad,Urbano,Arteria Principal,City or Municipal Highway Agency,1,Sin jurisdiccion especial,0,38.83260833,-104.7846278,Vehiculo en movimiento,Angulo,Four-Way Intersection,Interseccion de 4 direcciones,Sobre calle,Ninguna,Dia total,Despejado,No,NO APLICA,8,24,8,36,1,12/07/2022,3
8,Colorado,80321,0,0,1,0,45,GARFIELD (45),0,NO APLICA,7,Julio,13,2022,21,40,I-70,1,Interestatal,Rural,Interestatal,State Highway Agency,1,Sin jurisdiccion especial,952,39.53361111,-107.6920944,Volcadura,El primer evento no fue una colision con un vehiculo automotor en transporte,Not an Intersection,No fue interseccion,Sobre el lado de la calle,Ninguna,Oscuro sin iluminacion,Despejado,No,NO APLICA,99,99,99,99,1,13/07/2022,1
8,Colorado,80322,0,0,2,1,1,ADAMS (1),110,AURORA,7,Julio,15,2022,0,30,E 16TH AVE,6,Calle Local Municipalidad,Urbano,Local,City or Municipal Highway Agency,0,Sin jurisdiccion especial,0,39.74202222,-104.8766667,Vehiculo Aparcado,El primer evento no fue una colision con un vehiculo automotor en transporte,Not an Intersection,No fue interseccion,En estacionamiento,Ninguna,Oscuro con iluminacion,Despejado,No,NO APLICA,0,30,0,40,1,15/07/2022,2
8,Colorado,80323,0,0,1,0,111,SAN JUAN (111),0,NO APLICA,7,Julio,16,2022,21,15,US-550,2,US Highway,Rural,Arteria Principal,State Highway Agency,1,Sin jurisdiccion especial,503,37.64666111,-107.8072222,Volcadura,El primer evento no fue una colision con un vehiculo automotor en transporte,Not an Intersection,No fue interseccion,Sobre el lado de la calle,Ninguna,Oscuro sin iluminacion,Despejado,No,NO APLICA,99,99,99,99,1,16/07/2022,1
8,Colorado,80324,0,0,1,0,51,GUNNISON (51),0,NO APLICA,7,Julio,17,2022,0,50,US-50,2,US Highway,Rural,Arteria Principal,State Highway Agency,1,Sin jurisdiccion especial,1616,38.53891111,-106.8547556,Acotamiento,El primer evento no fue una colision con un vehiculo automotor en transporte,Not an Intersection,No fue interseccion,Sobre el lado de la calle,Ninguna,Oscuro sin iluminacion,Despejado,No,NO APLICA,99,99,99,99,1,17/07/2022,1
8,Colorado,80325,0,0,1,0,9,BACA (9),0,NO APLICA,7,Julio,17,2022,6,35,CR-36,4,Calle del Condado,Rural,Colector Menor,County Highway Agency,0,Sin jurisdiccion especial,0,37.34916667,-102.44725,Acotamiento,El primer evento no fue una colision con un vehiculo automotor en transporte,Not an Intersection,No fue interseccion,Sobre el lado de la calle,Ninguna,Dia total,Despejado,No,NO APLICA,99,99,99,99,2,17/07/2022,2
8,Colorado,80326,0,0,1,0,77,MESA (77),0,NO APLICA,7,Julio,15,2022,20,56,CR-45 1/2,4,Calle del Condado,Rural,Colector Mayor,County Highway Agency,0,Sin jurisdiccion especial,78,39.2755,-108.2047889,Piedrotototota,El primer evento no fue una colision con un vehiculo automotor en transporte,Not an Intersection,No fue interseccion,Sobre el lado de la calle,Ninguna,Oscuro sin iluminacion,Despejado,No,NO APLICA,99,99,99,99,1,15/07/2022,1
8,Colorado,80327,0,0,1,0,77,MESA (77),0,NO APLICA,7,Julio,14,2022,16,39,SR-141,3,Highway estatal,Rural,Arteria Menor,State Highway Agency,0,Sin jurisdiccion especial,1510,38.95472222,-108.4749056,Acotamiento,El primer evento no fue una colision con un vehiculo automotor en transporte,Not an Intersection,No fue interseccion,Sobre el lado de la calle,Ninguna,Dia total,Despejado,No,NO APLICA,99,99,99,99,1,14/07/2022,1
8,Colorado,80328,0,0,1,0,59,JEFFERSON (59),80,ARVADA,7,Julio,18,2022,22,15,I-70,1,Interestatal,Urbano,Interestatal,State Highway Agency,1,Sin jurisdiccion especial,2693,39.78719444,-105.0774194,Valla Ferrocarril,El primer evento no fue una colision con un vehiculo automotor en transporte,Not an Intersection,No fue interseccion,Sobre el lado de la calle,Ninguna,Oscuro con iluminacion,Despejado,No,NO APLICA,22,16,22,28,1,18/07/2022,1