Estado,Nombre de Estado,Numero de Caso,Peatones,Personas _no_vehiculos,Vehiculos automotores,Vehiculos estacionados,Condado,Nombre Condado,Ciudad,Nombre Ciudad,Mes,Nombre Mes,Dia,Año,Hora,Minuto,Calle,Ruta,Nombre Ruta,Rural o Urbanoo,Sistema Funcional,Dueño Calle,Sistema Nacional Carreteras,Jurisdiccion Especial,Milla,Latitud,Longitud,Causa del Accidente,Tipo de Accidente,Tipo Interseccion,Columna1,Lugar en la calle,Zona de Trabajo,Luz,Clima,Autobus Escolar,Cruce de Trenes,Hora Notificacion,Minuto Notificacion,Hora Llegada,Minuto Llegada,Decesos,Fecha,PersonaVehiculo
8,Colorado,80329,0,0,2,0,101,PUEBLO (101),0,NO APLICA,7,Julio,19,2022,14,43,SR-45   PUEBLO BLVD,3,Highway estatal,Urbano,Arteria Principal,State Highway Agency,1,Sin jurisdiccion especial,71,38.29216111,-104.6633556,Vehiculo en movimiento,Angulo,T-Intersection,Interseccion de T,Sobre calle,Ninguna,Dia total,Despejado,No,NO APLICA,99,99,99,99,1,19/07/2022,4
8,Colorado,80330,0,0,2,0,1,ADAMS (1),0,NO APLICA,7,Julio,3,2022,4,57,I-76,1,Interestatal,Urbano,Interestatal,State Highway Agency,1,Sin jurisdiccion especial,79,39.828,-104.9451056,Vehiculo en movimiento,Frente a frente,Not an Intersection,No fue interseccion,Sobre calle,Ninguna,Amanecer,Despejado,No,NO APLICA,4,57,5,2,1,03/07/2022,3
8,Colorado,80331,0,0,2,0,41,EL PASO (41),430,COLORADO SPRINGS,7,Julio,18,2022,0,19,S TEJON ST,6,Calle Local Municipalidad,Urbano,Arteria Menor,City or Municipal Highway Agency,0,Sin jurisdiccion especial,0,38.81547222,-104.8246,Vehiculo en movimiento,Angulo,Four-Way Intersection,Interseccion de 4 direcciones,Sobre calle,Ninguna,Oscuro con iluminacion,Despejado,No,NO APLICA,99,99,99,99,1,18/07/2022,2
8,Colorado,80332,0,0,1,0,21,CONEJOS (21),0,NO APLICA,7,Julio,20,2022,15,2,CR-CC,4,Calle del Condado,Rural,Local,County Highway Agency,0,Sin jurisdiccion especial,0,37.35606111,-105.9775917,Volcadura,El primer evento no fue una colision con un vehiculo automotor en transporte,Not an Intersection,No fue interseccion,Sobre calle,Ninguna,Dia total,Despejado,No,NO APLICA,99,99,99,99,2,20/07/2022,3
8,Colorado,80333,0,0,1,0,77,MESA (77),0,NO APLICA,7,Julio,21,2022,19,4,CR-K RD,4,Calle del Condado,Rural,Colector Mayor,County Highway Agency,0,Sin jurisdiccion especial,0,39.1643,-108.6685694,Poste,El primer evento no fue una colision con un vehiculo automotor en transporte,Not an Intersection,No fue interseccion,Sobre el lado de la calle,Ninguna,Dia total,Despejado,No,NO APLICA,99,99,99,99,1,21/07/2022,2
8,Colorado,80334,0,0,2,0,89,OTERO (89),0,NO APLICA,7,Julio,23,2022,8,23,SR-109,3,Highway estatal,Rural,Colector Mayor,State Highway Agency,0,Sin jurisdiccion especial,633,38.08452222,-103.5281917,Vehiculo en movimiento,Angulo,Four-Way Intersection,Interseccion de 4 direcciones,Sobre calle,Ninguna,Dia total,Despejado,No,NO APLICA,99,99,99,99,1,23/07/2022,3
8,Colorado,80335,0,0,2,0,101,PUEBLO (101),0,NO APLICA,7,Julio,23,2022,5,45,I-25,1,Interestatal,Rural,Interestatal,State Highway Agency,1,Sin jurisdiccion especial,916,38.1747,-104.6344333,Vehiculo en movimiento,Frente a Detrás,Not an Intersection,No fue interseccion,Sobre calle,Ninguna,Amanecer,Despejado,No,NO APLICA,99,99,99,99,1,23/07/2022,2
8,Colorado,80336,0,0,2,0,31,DENVER (31),600,DENVER,7,Julio,23,2022,23,53,US-85   S SANTA FE DR,2,US Highway,Urbano,Arterial Principal -Freeway o ExpressWay,State Highway Agency,1,Sin jurisdiccion especial,2105,39.70347222,-104.9951639,Vehiculo en movimiento,Frente a frente,Not an Intersection,No fue interseccion,Sobre calle,Ninguna,Oscuro con iluminacion,Despejado,No,NO APLICA,23,53,0,0,2,23/07/2022,5
8,Colorado,80337,0,0,2,0,45,GARFIELD (45),0,NO APLICA,7,Julio,25,2022,0,50,I-70,1,Interestatal,Rural,Interestatal,State Highway Agency,1,Sin jurisdiccion especial,734,39.44111111,-108.0629667,Vehiculo en movimiento,Frente a Detrás,Not an Intersection,No fue interseccion,Sobre calle,Ninguna,Oscuro sin iluminacion,Despejado,No,NO APLICA,99,99,99,99,1,25/07/2022,2
8,Colorado,80338,1,1,1,0,31,DENVER (31),600,DENVER,7,Julio,5,2022,20,55,US-40   E COLFAX AVE,2,US Highway,Urbano,Arteria Principal,State Highway Agency,1,Sin jurisdiccion especial,2995,39.73993889,-104.9618389,Peaton,El primer evento no fue una colision con un vehiculo automotor en transporte,Not an Intersection,No fue interseccion,Sobre calle,Ninguna,Oscuro con iluminacion,Despejado,No,NO APLICA,21,2,21,4,1,05/07/2022,1
8,Colorado,80339,0,0,1,0,31,DENVER (31),600,DENVER,7,Julio,19,2022,0,55,I-25 RAMP E,1,Interestatal,Urbano,Interestatal,State Highway Agency,1,Sin jurisdiccion especial,2092,39.72479444,-105.0156667,Volcadura,El primer evento no fue una colision con un vehiculo automotor en transporte,Not an Intersection,No fue interseccion,Sobre calle,Ninguna,Oscuro con iluminacion,Despejado,No,NO APLICA,0,58,1,3,1,19/07/2022,3
8,Colorado,80340,0,0,2,0,1,ADAMS (1),0,NO APLICA,7,Julio,25,2022,22,44,CR-N PECOS ST,4,Calle del Condado,Urbano,Arteria Principal,County Highway Agency,1,Sin jurisdiccion especial,0,39.83450556,-105.0061944,Vehiculo en movimiento,Frente a frente,Four-Way Intersection,Interseccion de 4 direcciones,Sobre calle,Ninguna,Oscuro con iluminacion,Despejado,No,NO APLICA,99,99,99,99,1,25/07/2022,3
8,Colorado,80341,0,0,1,0,5,ARAPAHOE (5),1520,LITTLETON,7,Julio,24,2022,13,35,W MINERAL AVE,6,Calle Local Municipalidad,Urbano,Arteria Principal,City or Municipal Highway Agency,1,Sin jurisdiccion especial,0,39.58102778,-105.0326278,Banqueta,El primer evento no fue una colision con un vehiculo automotor en transporte,Not an Intersection,No fue interseccion,Sobre el lado de la calle,Ninguna,Dia total,Despejado,No,NO APLICA,13,37,13,43,1,24/07/2022,1
8,Colorado,80342,0,0,1,0,67,LA PLATA (67),0,NO APLICA,7,Julio,26,2022,13,30,SR-140,3,Highway estatal,Rural,Colector Mayor,State Highway Agency,0,Sin jurisdiccion especial,128,37.16405556,-108.1076333,Arbol,El primer evento no fue una colision con un vehiculo automotor en transporte,Not an Intersection,No fue interseccion,Sobre el lado de la calle,Ninguna,Dia total,Despejado,No,NO APLICA,13,33,13,42,1,26/07/2022,1
8,Colorado,80343,1,1,3,0,1,ADAMS (1),0,NO APLICA,7,Julio,29,2022,21,4,I-70,1,Interestatal,Rural,Interestatal,State Highway Agency,1,Sin jurisdiccion especial,3021,39.73824722,-104.4749028,Peaton,El primer evento no fue una colision con un vehiculo automotor en transporte,Not an Intersection,No fue interseccion,Sobre calle,Ninguna,Oscuro sin iluminacion,Despejado,No,NO APLICA,99,99,99,99,1,29/07/2022,6
8,Colorado,80344,0,0,2,0,123,WELD (123),0,NO APLICA,7,Julio,30,2022,16,47,US-34,2,US Highway,Rural,Arteria Principal,Town or Township Highway Agency,1,Sin jurisdiccion especial,1281,40.32992222,-104.4246833,Vehiculo en movimiento,Frente a frente,Not an Intersection,No fue interseccion,Sobre calle,Ninguna,Dia total,Despejado,No,NO APLICA,99,99,99,99,2,30/07/2022,4
8,Colorado,80345,1,1,1,0,69,LARIMER (69),0,NO APLICA,7,Julio,30,2022,17,20,SR-14,3,Highway estatal,Urbano,Arteria Principal,State Highway Agency,1,Sin jurisdiccion especial,1357,40.5809,-105.0448389,No vehiculo o remolque,El primer evento no fue una colision con un vehiculo automotor en transporte,T-Intersection,Interseccion de T,Sobre calle,Ninguna,Dia total,Nublado,No,NO APLICA,17,20,17,24,1,30/07/2022,2
8,Colorado,80346,0,0,1,0,59,JEFFERSON (59),0,NO APLICA,7,Julio,30,2022,19,20,SR-470   C-470,3,Highway estatal,Urbano,Arterial Principal -Freeway o ExpressWay,State Highway Agency,1,Sin jurisdiccion especial,80,39.60899722,-105.1524083,Valla Ferrocarril,El primer evento no fue una colision con un vehiculo automotor en transporte,Not an Intersection,No fue interseccion,Sobre el lado de la calle,Ninguna,Dia total,Despejado,No,NO APLICA,19,20,19,25,1,30/07/2022,1
8,Colorado,80347,0,0,2,0,1,ADAMS (1),0,NO APLICA,7,Julio,31,2022,0,4,US-287   FEDERAL BLVD,2,US Highway,Urbano,Arteria Principal,State Highway Agency,1,Sin jurisdiccion especial,2865,39.79445556,-105.0251556,Volcadura,El primer evento no fue una colision con un vehiculo automotor en transporte,Four-Way Intersection,Interseccion de 4 direcciones,Sobre calle,Ninguna,Oscuro con iluminacion,Despejado,No,NO APLICA,0,5,99,99,1,31/07/2022,2
8,Colorado,80348,0,0,1,0,67,LA PLATA (67),0,NO APLICA,7,Julio,31,2022,0,36,CR-210,4,Calle del Condado,Rural,Local,County Highway Agency,0,Sin jurisdiccion especial,39,37.23578056,-107.9402889,Arbol,El primer evento no fue una colision con un vehiculo automotor en transporte,Not an Intersection,No fue interseccion,Sobre el lado de la calle,Ninguna,Oscuro sin iluminacion,lluvia,No,NO APLICA,0,37,0,47,1,31/07/2022,4
8,Colorado,80349,0,0,1,0,77,MESA (77),0,NO APLICA,7,Julio,23,2022,16,46,I-70,1,Interestatal,Rural,Interestatal,State Highway Agency,1,Sin jurisdiccion especial,573,39.27222222,-108.2477472,Valla Ferrocarril,El primer evento no fue una colision con un vehiculo automotor en transporte,Not an Intersection,No fue interseccion,En el medio,Ninguna,Dia total,Despejado,No,NO APLICA,99,99,99,99,1,23/07/2022,1
8,Colorado,80350,1,1,1,0,51,GUNNISON (51),1100,GUNNISON,7,Julio,20,2022,21,20,US-50,2,US Highway,Urbano,Arteria Principal,State Highway Agency,1,Sin jurisdiccion especial,1568,38.54319722,-106.9388972,Peaton,El primer evento no fue una colision con un vehiculo automotor en transporte,Four-Way Intersection,Interseccion de 4 direcciones,Sobre calle,Ninguna,Oscuro con iluminacion,Despejado,No,NO APLICA,21,21,21,30,1,20/07/2022,1
8,Colorado,80351,0,0,1,0,29,DELTA (29),0,NO APLICA,7,Julio,30,2022,10,27,US-50,2,US Highway,Rural,Arteria Principal,State Highway Agency,1,Sin jurisdiccion especial,562,38.81120556,-108.292,Barrera de Trafico de Concreto,El primer evento no fue una colision con un vehiculo automotor en transporte,Not an Intersection,No fue interseccion,En el medio,Ninguna,Dia total,Despejado,No,NO APLICA,10,30,99,99,1,30/07/2022,1
8,Colorado,80352,0,0,1,0,45,GARFIELD (45),990,GLENWOOD SPRINGS,7,Julio,24,2022,12,46,I-70,1,Interestatal,Urbano,Interestatal,State Highway Agency,1,Sin jurisdiccion especial,1167,39.54924444,-107.32215,Barrera de Trafico de Concreto,El primer evento no fue una colision con un vehiculo automotor en transporte,Not an Intersection,No fue interseccion,Sobre el lado de la calle,Ninguna,Dia total,lluvia,No,NO APLICA,12,51,12,53,1,24/07/2022,1
8,Colorado,80353,0,0,2,0,1,ADAMS (1),9997,Other,7,Julio,30,2022,0,27,E 40TH AVE,6,Calle Local Municipalidad,Urbano,Arteria Principal,City or Municipal Highway Agency,1,Sin jurisdiccion especial,0,39.77288889,-104.7899333,Vehiculo en movimiento,Angulo,Four-Way Intersection,Interseccion de 4 direcciones,Sobre calle,Ninguna,Oscuro con iluminacion,Despejado,No,NO APLICA,0,27,0,30,1,30/07/2022,5
8,Colorado,80354,0,0,2,0,5,ARAPAHOE (5),110,AURORA,7,Julio,18,2022,18,50,SR-30   S HAVANA ST,3,Highway estatal,Urbano,Arteria Principal,State Highway Agency,1,Sin jurisdiccion especial,46,39.67910556,-104.8658833,Vehiculo en movimiento,Angulo,Not an Intersection,No fue interseccion,Sobre calle,Ninguna,Dia total,Despejado,No,NO APLICA,18,50,18,50,1,18/07/2022,2
8,Colorado,80355,0,0,1,0,5,ARAPAHOE (5),1085,GREENWOOD VILLAGE,7,Julio,23,2022,17,12,I-25 RAMP B,1,Interestatal,Urbano,Interestatal,State Highway Agency,1,Sin jurisdiccion especial,1971,39.592825,-104.8831861,Fin de valla,El primer evento no fue una colision con un vehiculo automotor en transporte,Not an Intersection,No fue interseccion,Sobre el lado de la calle,Ninguna,Dia total,Despejado,No,NO APLICA,17,16,17,19,1,23/07/2022,1
8,Colorado,80356,0,0,3,0,13,BOULDER (13),1390,LAFAYETTE,7,Julio,28,2022,19,13,US-287,2,US Highway,Urbano,Arteria Principal,State Highway Agency,1,Sin jurisdiccion especial,3009,39.95800556,-105.0904444,Vehiculo en movimiento,Angulo,Four-Way Intersection,Interseccion de 4 direcciones,Sobre calle,Ninguna,Dia total,Despejado,No,NO APLICA,19,13,99,99,1,28/07/2022,7
8,Colorado,80357,1,1,1,0,77,MESA (77),0,NO APLICA,7,Julio,22,2022,23,15,CR-29 1/2 RD,4,Calle del Condado,Urbano,Local,County Highway Agency,0,Sin jurisdiccion especial,0,39.09416667,-108.5059139,Ciclista,El primer evento no fue una colision con un vehiculo automotor en transporte,Not an Intersection,No fue interseccion,Sobre calle,Ninguna,Oscuro con iluminacion,Despejado,No,NO APLICA,99,99,99,99,1,22/07/2022,1
8,Colorado,80358,1,1,4,0,31,DENVER (31),600,DENVER,7,Julio,23,2022,22,57,SR-95   N SHERIDAN BLVD,3,Highway estatal,Urbano,Arteria Principal,State Highway Agency,1,Sin jurisdiccion especial,43,39.717,-105.0532444,Peaton,El primer evento no fue una colision con un vehiculo automotor en transporte,Not an Intersection,No fue interseccion,Sobre calle,Ninguna,Oscuro con iluminacion,Despejado,No,NO APLICA,99,99,99,99,1,23/07/2022,4
8,Colorado,80359,0,0,2,0,31,DENVER (31),600,DENVER,5,Mayo,30,2022,3,21,I-70 RAMP I,1,Interestatal,Urbano,Interestatal,State Highway Agency,1,Sin jurisdiccion especial,2825,39.77222222,-104.8292444,Vehiculo en movimiento,Frente a frente,Not an Intersection,No fue interseccion,Sobre calle,Ninguna,Oscuro con iluminacion,Despejado,No,NO APLICA,4,5,4,15,2,30/05/2022,3
8,Colorado,80360,1,1,1,0,31,DENVER (31),600,DENVER,7,Julio,3,2022,22,0,N QUEBEC ST,6,Calle Local Municipalidad,Urbano,Arterial Principal -Freeway o ExpressWay,City or Municipal Highway Agency,1,Sin jurisdiccion especial,0,39.766975,-104.9025944,Peaton,El primer evento no fue una colision con un vehiculo automotor en transporte,Not an Intersection,No fue interseccion,Sobre calle,Ninguna,Oscuro con iluminacion,Despejado,No,NO APLICA,22,3,22,6,1,03/07/2022,1
8,Colorado,80362,1,1,1,0,101,PUEBLO (101),0,NO APLICA,8,Agosto,2,2022,2,0,US-50,2,US Highway,Urbano,Arteria Principal,State Highway Agency,1,Sin jurisdiccion especial,28,38.24560556,-104.5816667,Peaton,El primer evento no fue una colision con un vehiculo automotor en transporte,T-Intersection,Interseccion de T,Sobre calle,Ninguna,Oscuro sin iluminacion,Despejado,No,NO APLICA,99,99,99,99,1,02/08/2022,1
8,Colorado,80363,0,0,1,0,35,DOUGLAS (35),0,NO APLICA,8,Agosto,2,2022,15,57,CR-LIBERTY BLVD,4,Calle del Condado,Urbano,Local,County Highway Agency,0,Sin jurisdiccion especial,0,39.55135556,-104.8476389,Banqueta,El primer evento no fue una colision con un vehiculo automotor en transporte,Not an Intersection,No fue interseccion,Sobre el lado de la calle,Ninguna,Dia total,Despejado,No,NO APLICA,16,4,16,14,1,02/08/2022,1
8,Colorado,80364,0,0,2,0,69,LARIMER (69),1550,LOVELAND,8,Agosto,2,2022,17,6,BLUE AZURITE AVE,6,Calle Local Municipalidad,Urbano,Local,City or Municipal Highway Agency,0,Sin jurisdiccion especial,0,40.39835,-105.0532444,Vehiculo en movimiento,Angulo,Four-Way Intersection,Interseccion de 4 direcciones,Sobre calle,Ninguna,Dia total,Nublado,No,NO APLICA,17,6,17,10,1,02/08/2022,3
8,Colorado,80365,1,1,1,0,13,BOULDER (13),1530,LONGMONT,8,Agosto,3,2022,1,27,E 3RD AVE,6,Calle Local Municipalidad,Urbano,Arteria Menor,City or Municipal Highway Agency,0,Sin jurisdiccion especial,0,40.16398611,-105.0848194,No vehiculo o remolque,El primer evento no fue una colision con un vehiculo automotor en transporte,Not an Intersection,No fue interseccion,Sobre calle,Ninguna,Oscuro con iluminacion,Despejado,No,NO APLICA,1,27,1,32,1,03/08/2022,1
8,Colorado,80366,0,0,1,0,115,SEDGWICK (115),0,NO APLICA,8,Agosto,3,2022,15,5,I-76,1,Interestatal,Rural,Interestatal,State Highway Agency,1,Sin jurisdiccion especial,1680,40.91966944,-102.4625917,Volcadura,El primer evento no fue una colision con un vehiculo automotor en transporte,Not an Intersection,No fue interseccion,Sobre el lado de la calle,Ninguna,Dia total,Despejado,No,NO APLICA,15,9,15,9,1,03/08/2022,4
8,Colorado,80367,0,0,1,0,121,WASHINGTON (121),0,NO APLICA,8,Agosto,3,2022,16,39,CR-P 1/2 RD,4,Calle del Condado,Rural,Colector Menor,County Highway Agency,0,Sin jurisdiccion especial,0,40.42825,-103.4363889,Vehiculo Ferrocarril,El primer evento no fue una colision con un vehiculo automotor en transporte,Not an Intersection,No fue interseccion,Sobre calle,Ninguna,Dia total,Despejado,No,805295V,16,39,17,1,1,03/08/2022,1
8,Colorado,80368,0,0,1,0,79,MINERAL (79),0,NO APLICA,8,Agosto,5,2022,17,43,SR-149,3,Highway estatal,Rural,Arteria Menor,State Highway Agency,0,Sin jurisdiccion especial,147,37.778,-106.8426583,Volcadura,El primer evento no fue una colision con un vehiculo automotor en transporte,Not an Intersection,No fue interseccion,Sobre el lado de la calle,Ninguna,Dia total,Despejado,No,NO APLICA,17,44,17,52,1,05/08/2022,1
8,Colorado,80369,1,1,1,0,59,JEFFERSON (59),0,NO APLICA,8,Agosto,5,2022,22,9,SR-95   SHERIDAN BLVD,3,Highway estatal,Urbano,Arteria Principal,State Highway Agency,1,Sin jurisdiccion especial,100,39.79761667,-105.0531694,Peaton,El primer evento no fue una colision con un vehiculo automotor en transporte,Not an Intersection,No fue interseccion,Sobre calle,Ninguna,Oscuro con iluminacion,Despejado,No,NO APLICA,99,99,99,99,1,05/08/2022,1
8,Colorado,80370,0,0,2,0,35,DOUGLAS (35),0,NO APLICA,8,Agosto,5,2022,23,50,I-25 FRONTAGE RD,7,Calle Local,Rural,Interestatal,State Highway Agency,1,Sin jurisdiccion especial,1788,39.33739167,-104.8768639,Vehiculo en movimiento,Frente a frente,Not an Intersection,No fue interseccion,Sobre calle,Ninguna,Oscuro sin iluminacion,Despejado,No,NO APLICA,99,99,99,99,2,05/08/2022,5
8,Colorado,80371,0,0,2,0,59,JEFFERSON (59),0,NO APLICA,8,Agosto,6,2022,17,10,SR-121,3,Highway estatal,Urbano,Arteria Principal,State Highway Agency,1,Sin jurisdiccion especial,36,39.59882778,-105.0912667,Vehiculo en movimiento,Angulo,Four-Way Intersection,Interseccion de 4 direcciones,Sobre calle,Ninguna,Dia total,Despejado,No,NO APLICA,17,12,17,18,1,06/08/2022,2
8,Colorado,80372,1,1,1,0,77,MESA (77),0,NO APLICA,8,Agosto,6,2022,21,25,CR-16,4,Calle del Condado,Rural,Local,County Highway Agency,0,Sin jurisdiccion especial,0,39.19098889,-108.7757667,Peaton,El primer evento no fue una colision con un vehiculo automotor en transporte,Not an Intersection,No fue interseccion,Sobre calle,Ninguna,Oscuro sin iluminacion,Despejado,No,NO APLICA,99,99,99,99,1,06/08/2022,4
8,Colorado,80373,1,1,1,0,67,LA PLATA (67),650,DURANGO,8,Agosto,7,2022,2,22,FLORIDA RD,6,Calle Local Municipalidad,Urbano,Arteria Menor,City or Municipal Highway Agency,0,Sin jurisdiccion especial,0,37.29198333,-107.8614833,Ciclista,El primer evento no fue una colision con un vehiculo automotor en transporte,Not an Intersection,No fue interseccion,Sobre calle,Ninguna,Oscuro con iluminacion,Despejado,No,NO APLICA,2,23,2,32,1,07/08/2022,1
8,Colorado,80374,0,0,2,0,59,JEFFERSON (59),0,NO APLICA,8,Agosto,8,2022,16,15,SR-121,3,Highway estatal,Urbano,Arteria Principal,State Highway Agency,1,Sin jurisdiccion especial,33,39.54032222,-105.0913,Vehiculo en movimiento,Angulo,Not an Intersection,No fue interseccion,Sobre calle,Ninguna,Dia total,Despejado,No,NO APLICA,16,16,16,22,1,08/08/2022,2
8,Colorado,80375,0,0,2,0,123,WELD (123),1620,MEAD,8,Agosto,8,2022,18,0,I-25,1,Interestatal,Rural,Interestatal,State Highway Agency,1,Sin jurisdiccion especial,2452,40.23343056,-104.9799778,Estructura de puente overhead,El primer evento no fue una colision con un vehiculo automotor en transporte,Not an Intersection,No fue interseccion,Sobre calle,Ninguna,Dia total,Despejado,No,NO APLICA,99,99,99,99,1,08/08/2022,3
8,Colorado,80376,0,0,1,0,123,WELD (123),0,NO APLICA,8,Agosto,10,2022,0,39,CR-88,4,Calle del Condado,Rural,Local,County Highway Agency,0,Sin jurisdiccion especial,0,40.62430556,-104.9418056,Barda,El primer evento no fue una colision con un vehiculo automotor en transporte,Not an Intersection,No fue interseccion,Fuera de la calle,Ninguna,Oscuro sin iluminacion,Despejado,No,NO APLICA,0,42,1,5,3,10/08/2022,5
8,Colorado,80377,1,1,1,0,77,MESA (77),1040,GRAND JUNCTION,8,Agosto,3,2022,18,51,N 7TH ST,6,Calle Local Municipalidad,Urbano,Arteria Menor,City or Municipal Highway Agency,0,Sin jurisdiccion especial,0,39.08271667,-108.56105,Ciclista,El primer evento no fue una colision con un vehiculo automotor en transporte,T-Intersection,Interseccion de T,Sobre calle,Ninguna,Dia total,Despejado,No,NO APLICA,18,53,18,57,1,03/08/2022,1
8,Colorado,80378,0,0,2,0,119,TELLER (119),0,NO APLICA,8,Agosto,11,2022,16,9,CR-11,4,Calle del Condado,Rural,Colector Menor,County Highway Agency,0,Sin jurisdiccion especial,4,38.70255556,-105.3128111,Vehiculo en movimiento,Frente a frente,Not an Intersection,No fue interseccion,Sobre calle,Ninguna,Dia total,Despejado,No,NO APLICA,16,39,16,24,1,11/08/2022,2
8,Colorado,80379,0,0,1,0,101,PUEBLO (101),0,NO APLICA,8,Agosto,13,2022,12,20,I-25,1,Interestatal,Rural,Interestatal,State Highway Agency,1,Sin jurisdiccion especial,864,38.10829167,-104.6787,Poste o otros soportes,El primer evento no fue una colision con un vehiculo automotor en transporte,Not an Intersection,No fue interseccion,En el medio,Ninguna,Dia total,Despejado,No,NO APLICA,99,99,99,99,2,13/08/2022,2
8,Colorado,80380,0,0,1,0,87,MORGAN (87),0,NO APLICA,8,Agosto,12,2022,16,7,SR-71,3,Highway estatal,Rural,Arteria Principal,State Highway Agency,1,Sin jurisdiccion especial,1662,40.14416667,-103.5851889,Volcadura,El primer evento no fue una colision con un vehiculo automotor en transporte,Not an Intersection,No fue interseccion,Sobre el lado de la calle,Ninguna,Dia total,Despejado,No,NO APLICA,16,8,16,17,1,12/08/2022,1
8,Colorado,80381,0,0,1,0,45,GARFIELD (45),0,NO APLICA,8,Agosto,12,2022,20,30,CR-245,4,Calle del Condado,Trafficway Not in State Inventory,Via no en inventario estatal,Trafficway Not in State Inventory,0,Sin jurisdiccion especial,160,39.72114722,-107.6533944,Volcadura,El primer evento no fue una colision con un vehiculo automotor en transporte,Not an Intersection,No fue interseccion,Sobre el lado de la calle,Ninguna,Oscuro sin iluminacion,lluvia,No,NO APLICA,20,59,21,34,1,12/08/2022,1
8,Colorado,80382,0,0,1,0,29,DELTA (29),0,NO APLICA,8,Agosto,12,2022,19,15,CR-SURFACE CREEK RD,4,Calle del Condado,Rural,Colector Menor,County Highway Agency,0,Sin jurisdiccion especial,0,38.99291111,-107.8579833,Barda,El primer evento no fue una colision con un vehiculo automotor en transporte,Not an Intersection,No fue interseccion,Fuera de la calle,Ninguna,Dia total,Nublado,No,NO APLICA,99,99,99,99,1,12/08/2022,1
8,Colorado,80383,0,0,3,0,37,EAGLE (37),0,NO APLICA,8,Agosto,15,2022,17,15,I-70,1,Interestatal,Rural,Interestatal,State Highway Agency,1,Sin jurisdiccion especial,1348,39.64690556,-107.0396139,Vehiculo en movimiento,Frente a Detrás,Not an Intersection,No fue interseccion,Sobre calle,Ninguna,Dia total,Despejado,No,NO APLICA,99,99,99,99,1,15/08/2022,3
8,Colorado,80384,0,0,2,0,31,DENVER (31),600,DENVER,8,Agosto,13,2022,7,22,N SPEER BLVD,6,Calle Local Municipalidad,Urbano,Arteria Principal,City or Municipal Highway Agency,1,Sin jurisdiccion especial,0,39.73386111,-104.9935111,Vehiculo en movimiento,Angulo,Four-Way Intersection,Interseccion de 4 direcciones,Sobre calle,Ninguna,Dia total,Despejado,No,NO APLICA,7,22,7,24,1,13/08/2022,2
8,Colorado,80385,0,0,2,0,123,WELD (123),2260,SEVERANCE,8,Agosto,13,2022,13,0,SR-257,3,Highway estatal,Rural,Arteria Menor,State Highway Agency,0,Sin jurisdiccion especial,159,40.54240278,-104.9080917,Vehiculo en movimiento,Angulo,Not an Intersection,No fue interseccion,Sobre calle,Ninguna,Dia total,Despejado,No,NO APLICA,13,6,13,13,1,13/08/2022,3
8,Colorado,80386,0,0,1,0,65,LAKE (65),0,NO APLICA,8,Agosto,16,2022,10,0,SR-82,3,Highway estatal,Rural,Colector Mayor,State Highway Agency,0,Sin jurisdiccion especial,621,39.10584444,-106.5528056,Arbol,El primer evento no fue una colision con un vehiculo automotor en transporte,Not an Intersection,No fue interseccion,Fuera de la calle,Ninguna,Dia total,Nublado,No,NO APLICA,99,99,99,99,1,16/08/2022,1
8,Colorado,80387,0,0,2,0,69,LARIMER (69),0,NO APLICA,8,Agosto,17,2022,11,50,US-34,2,US Highway,Rural,Arteria Principal,State Highway Agency,1,Sin jurisdiccion especial,848,40.41218611,-105.19985,Vehiculo en movimiento,Frente a frente,Not an Intersection,No fue interseccion,Sobre calle,Ninguna,Dia total,Despejado,No,NO APLICA,11,50,11,53,1,17/08/2022,3
8,Colorado,80388,0,0,2,0,1,ADAMS (1),2550,WESTMINSTER,8,Agosto,17,2022,18,27,W 80TH AVE,6,Calle Local Municipalidad,Urbano,Arteria Menor,City or Municipal Highway Agency,0,Sin jurisdiccion especial,0,39.84231667,-105.0388833,Vehiculo en movimiento,Angulo,T-Intersection,Interseccion de T,Sobre calle,Ninguna,Dia total,Despejado,No,NO APLICA,18,27,18,33,1,17/08/2022,2
8,Colorado,80389,0,0,1,0,55,HUERFANO (55),0,NO APLICA,8,Agosto,19,2022,5,19,I-25,1,Interestatal,Rural,Interestatal,State Highway Agency,1,Sin jurisdiccion especial,431,37.54035278,-104.7098694,Volcadura,El primer evento no fue una colision con un vehiculo automotor en transporte,Not an Intersection,No fue interseccion,En el medio,Ninguna,Amanecer,Despejado,No,NO APLICA,5,22,5,35,1,19/08/2022,2
8,Colorado,80390,0,0,2,0,71,LAS ANIMAS (71),0,NO APLICA,8,Agosto,20,2022,14,42,I-25,1,Interestatal,Rural,Interestatal,State Highway Agency,1,Sin jurisdiccion especial,320,37.40105,-104.6195361,Poste de Señal de trafico,El primer evento no fue una colision con un vehiculo automotor en transporte,Not an Intersection,No fue interseccion,En el medio,Ninguna,Dia total,lluvia,No,NO APLICA,14,45,99,99,1,20/08/2022,3