Estado,Nombre de Estado,Numero de Caso,Peatones,Personas _no_vehiculos,Vehiculos automotores,Vehiculos estacionados,Condado,Nombre Condado,Ciudad,Nombre Ciudad,Mes,Nombre Mes,Dia,Año,Hora,Minuto,Calle,Ruta,Nombre Ruta,Rural o Urbanoo,Sistema Funcional,Dueño Calle,Sistema Nacional Carreteras,Jurisdiccion Especial,Milla,Latitud,Longitud,Causa del Accidente,Tipo de Accidente,Tipo Interseccion,Columna1,Lugar en la calle,Zona de Trabajo,Luz,Clima,Autobus Escolar,Cruce de Trenes,Hora Notificacion,Minuto Notificacion,Hora Llegada,Minuto Llegada,Decesos,Fecha,PersonaVehiculo
8,Colorado,80391,0,0,1,0,69,LARIMER (69),0,NO APLICA,8,Agosto,20,2022,2,5,I-25,1,Interestatal,Urbano,Interestatal,State Highway Agency,1,Sin jurisdiccion especial,2628,40.48650278,-104.9919667,Volcadura,El primer evento no fue una colision con un vehiculo automotor en transporte,Not an Intersection,No fue interseccion,Sobre calle,Construccion,Oscuro con iluminacion,Despejado,No,NO APLICA,2,6,99,99,1,20/08/2022,1
8,Colorado,80392,2,2,3,0,31,DENVER (31),600,DENVER,8,Agosto,7,2022,1,55,SR-88   N FEDERAL BLVD,3,Highway estatal,Urbano,Arteria Principal,State Highway Agency,1,Sin jurisdiccion especial,11,39.725125,-105.0254389,Vehiculo en movimiento,Golpe Lateral - misma direccion,Four-Way Intersection,Interseccion de 4 direcciones,Sobre calle,Ninguna,Oscuro con iluminacion,Despejado,No,NO APLICA,1,55,1,58,1,07/08/2022,5
8,Colorado,80393,0,0,1,0,119,TELLER (119),0,NO APLICA,8,Agosto,21,2022,11,40,CR-42,4,Calle del Condado,Rural,Colector Mayor,County Highway Agency,0,Sin jurisdiccion especial,35,38.92426667,-105.2248111,Arbol,El primer evento no fue una colision con un vehiculo automotor en transporte,Not an Intersection,No fue interseccion,Sobre el lado de la calle,Ninguna,Dia total,Despejado,No,NO APLICA,99,99,99,99,1,21/08/2022,1
8,Colorado,80394,1,1,1,0,123,WELD (123),1340,KERSEY,8,Agosto,13,2022,20,49,US-34,2,US Highway,Rural,Arteria Principal,State Highway Agency,1,Sin jurisdiccion especial,1183,40.39197222,-104.5823833,Peaton,El primer evento no fue una colision con un vehiculo automotor en transporte,Not an Intersection,No fue interseccion,Sobre calle,Ninguna,Oscuro sin iluminacion,Despejado,No,NO APLICA,99,99,99,99,1,13/08/2022,3
8,Colorado,80395,0,0,1,0,77,MESA (77),1040,GRAND JUNCTION,8,Agosto,20,2022,23,36,E RD,6,Calle Local Municipalidad,Urbano,Colector Mayor,City or Municipal Highway Agency,0,Sin jurisdiccion especial,0,39.0773,-108.4700444,Banqueta,El primer evento no fue una colision con un vehiculo automotor en transporte,Not an Intersection,No fue interseccion,En el medio,Ninguna,Oscuro sin iluminacion,Nublado,No,NO APLICA,23,38,23,44,1,20/08/2022,2
8,Colorado,80396,0,0,2,0,69,LARIMER (69),1550,LOVELAND,8,Agosto,21,2022,0,55,N WILSON RD,6,Calle Local Municipalidad,Urbano,Arteria Menor,City or Municipal Highway Agency,0,Sin jurisdiccion especial,0,40.44826944,-105.11555,Vehiculo en movimiento,Frente a Detrás,Not an Intersection,No fue interseccion,Sobre calle,Ninguna,Oscuro sin iluminacion,Despejado,No,NO APLICA,1,6,1,17,2,21/08/2022,3
8,Colorado,80397,0,0,2,1,41,EL PASO (41),430,COLORADO SPRINGS,8,Agosto,18,2022,7,12,OLD DUTCH MILL RD,6,Calle Local Municipalidad,Urbano,Local,City or Municipal Highway Agency,0,Sin jurisdiccion especial,0,38.89532778,-104.8436778,Volcadura,El primer evento no fue una colision con un vehiculo automotor en transporte,Not an Intersection,No fue interseccion,Sobre calle,Ninguna,Dia total,Despejado,No,NO APLICA,7,12,7,19,1,18/08/2022,1
8,Colorado,80398,0,0,2,0,5,ARAPAHOE (5),110,AURORA,8,Agosto,21,2022,1,46,US-40   E COLFAX AVE,2,US Highway,Urbano,Arteria Principal,State Highway Agency,1,Sin jurisdiccion especial,3052,39.74012222,-104.8542,Vehiculo en movimiento,Frente a frente,Four-Way Intersection,Interseccion de 4 direcciones,Sobre calle,Ninguna,Oscuro con iluminacion,Despejado,No,NO APLICA,1,46,1,50,1,21/08/2022,3
8,Colorado,80399,0,0,2,0,5,ARAPAHOE (5),110,AURORA,8,Agosto,3,2022,17,37,E 6TH AVE,6,Calle Local Municipalidad,Urbano,Local,City or Municipal Highway Agency,0,Sin jurisdiccion especial,0,39.72317222,-104.7097361,Vehiculo en movimiento,Angulo,Four-Way Intersection,Interseccion de 4 direcciones,Sobre calle,Ninguna,Dia total,Despejado,No,NO APLICA,17,37,17,44,1,03/08/2022,2
8,Colorado,80400,0,0,2,0,41,EL PASO (41),430,COLORADO SPRINGS,8,Agosto,21,2022,14,26,ASTROZON BLVD,6,Calle Local Municipalidad,Urbano,Arteria Menor,City or Municipal Highway Agency,0,Sin jurisdiccion especial,0,38.79676667,-104.7512667,Vehiculo en movimiento,Angulo,Four-Way Intersection,Interseccion de 4 direcciones,Sobre calle,Ninguna,Dia total,Despejado,No,NO APLICA,99,99,99,99,1,21/08/2022,4
8,Colorado,80401,0,0,1,0,1,ADAMS (1),2427,THORNTON,8,Agosto,23,2022,22,51,RIVERDALE RD,6,Calle Local Municipalidad,Urbano,Colector Mayor,City or Municipal Highway Agency,0,Sin jurisdiccion especial,0,39.88818333,-104.9266917,Zanja,El primer evento no fue una colision con un vehiculo automotor en transporte,Not an Intersection,No fue interseccion,Sobre el lado de la calle,Ninguna,Oscuro sin iluminacion,Despejado,No,NO APLICA,22,51,22,57,1,23/08/2022,2
8,Colorado,80402,0,0,2,0,41,EL PASO (41),0,NO APLICA,8,Agosto,24,2022,12,25,SR-94,3,Highway estatal,Rural,Arteria Menor,State Highway Agency,0,Sin jurisdiccion especial,156,38.83837222,-104.4153889,Vehiculo en movimiento,Frente a frente,Not an Intersection,No fue interseccion,Sobre calle,Ninguna,Dia total,Despejado,No,NO APLICA,99,99,99,99,1,24/08/2022,2
8,Colorado,80403,0,0,1,0,115,SEDGWICK (115),0,NO APLICA,8,Agosto,25,2022,12,41,US-138,2,US Highway,Rural,Colector Mayor,State Highway Agency,0,Sin jurisdiccion especial,418,40.92761111,-102.5479444,Culvert,El primer evento no fue una colision con un vehiculo automotor en transporte,Not an Intersection,No fue interseccion,Sobre el lado de la calle,Ninguna,Dia total,Despejado,No,NO APLICA,12,41,99,99,1,25/08/2022,1
8,Colorado,80404,0,0,1,0,59,JEFFERSON (59),0,NO APLICA,8,Agosto,27,2022,13,55,CR-PLEASANT PARK RD,4,Calle del Condado,Rural,Colector Menor,County Highway Agency,0,Sin jurisdiccion especial,0,39.501675,-105.2458806,Volcadura,El primer evento no fue una colision con un vehiculo automotor en transporte,Not an Intersection,No fue interseccion,Sobre el lado de la calle,Ninguna,Dia total,Despejado,No,NO APLICA,13,55,14,7,1,27/08/2022,1
8,Colorado,80405,1,1,1,0,75,LOGAN (75),0,NO APLICA,8,Agosto,27,2022,20,30,CR-37,4,Calle del Condado,Urbano,Colector Mayor,County Highway Agency,0,Sin jurisdiccion especial,0,40.63278333,-103.2400333,Peaton,El primer evento no fue una colision con un vehiculo automotor en transporte,Not an Intersection,No fue interseccion,Sobre calle,Ninguna,Oscuro sin iluminacion,Despejado,No,NO APLICA,99,99,99,99,1,27/08/2022,1
8,Colorado,80406,0,0,1,0,57,JACKSON (57),0,NO APLICA,8,Agosto,22,2022,20,0,SR-14,3,Highway estatal,Rural,Arteria Menor,State Highway Agency,0,Sin jurisdiccion especial,373,40.69764167,-106.2424306,Poste o otros soportes,El primer evento no fue una colision con un vehiculo automotor en transporte,Not an Intersection,No fue interseccion,Sobre el lado de la calle,Ninguna,Oscuro sin iluminacion,Despejado,No,NO APLICA,20,3,99,99,1,22/08/2022,1
8,Colorado,80407,0,0,2,0,123,WELD (123),0,NO APLICA,8,Agosto,25,2022,13,30,SR-60,3,Highway estatal,Urbano,Colector Mayor,State Highway Agency,0,Sin jurisdiccion especial,18,40.34926667,-105.0404389,Vehiculo en movimiento,Angulo,Four-Way Intersection,Interseccion de 4 direcciones,Sobre calle,Ninguna,Dia total,Despejado,No,NO APLICA,99,99,99,99,1,25/08/2022,2
8,Colorado,80408,0,0,2,0,35,DOUGLAS (35),0,NO APLICA,8,Agosto,27,2022,16,35,SR-67,3,Highway estatal,Rural,Arteria Menor,State Highway Agency,0,Sin jurisdiccion especial,927,39.17399167,-105.1667611,Vehiculo en movimiento,Frente a frente,Not an Intersection,No fue interseccion,Sobre calle,Ninguna,Dia total,Despejado,No,NO APLICA,16,41,16,53,1,27/08/2022,4
8,Colorado,80409,0,0,2,0,1,ADAMS (1),110,AURORA,8,Agosto,14,2022,2,14,N TOWER RD,6,Calle Local Municipalidad,Urbano,Arteria Menor,City or Municipal Highway Agency,0,Sin jurisdiccion especial,0,39.76916667,-104.77215,Vehiculo en movimiento,Angulo,Four-Way Intersection,Interseccion de 4 direcciones,Sobre calle,Ninguna,Oscuro con iluminacion,Despejado,No,NO APLICA,2,16,2,21,2,14/08/2022,2
8,Colorado,80410,0,0,1,0,93,PARK (93),0,NO APLICA,8,Agosto,29,2022,19,33,US-285,2,US Highway,Rural,Arteria Principal,State Highway Agency,1,Sin jurisdiccion especial,2221,39.40553889,-105.4744167,Volcadura,El primer evento no fue una colision con un vehiculo automotor en transporte,Not an Intersection,No fue interseccion,Sobre calle,Ninguna,Atardecer,Despejado,No,NO APLICA,99,99,99,99,1,29/08/2022,2
8,Colorado,80411,1,1,1,0,13,BOULDER (13),1530,LONGMONT,8,Agosto,30,2022,9,9,3RD AVE,6,Calle Local Municipalidad,Urbano,Arteria Menor,City or Municipal Highway Agency,0,Sin jurisdiccion especial,0,40.16391667,-105.10675,Peaton,El primer evento no fue una colision con un vehiculo automotor en transporte,Four-Way Intersection,Interseccion de 4 direcciones,Sobre calle,Ninguna,Dia total,Despejado,No,NO APLICA,9,9,9,15,1,30/08/2022,4
8,Colorado,80412,0,0,2,0,13,BOULDER (13),0,NO APLICA,8,Agosto,22,2022,17,43,SR-66,3,Highway estatal,Urbano,Arteria Principal,State Highway Agency,1,Sin jurisdiccion especial,389,40.20363889,-105.0551944,Vehiculo en movimiento,Angulo,Four-Way Intersection,Interseccion de 4 direcciones,Sobre calle,Ninguna,Dia total,Despejado,No,NO APLICA,99,99,99,99,1,22/08/2022,4
8,Colorado,80413,0,0,1,0,31,DENVER (31),600,DENVER,8,Agosto,13,2022,4,6,E 56TH AVE,6,Calle Local Municipalidad,Urbano,Arteria Principal,City or Municipal Highway Agency,1,Sin jurisdiccion especial,0,39.79813333,-104.8455611,Poste,El primer evento no fue una colision con un vehiculo automotor en transporte,Not an Intersection,No fue interseccion,Sobre el lado de la calle,Ninguna,Oscuro con iluminacion,Despejado,No,NO APLICA,4,7,4,21,1,13/08/2022,1
8,Colorado,80414,0,0,3,0,41,EL PASO (41),430,COLORADO SPRINGS,8,Agosto,28,2022,1,48,I-25,1,Interestatal,Urbano,Interestatal,State Highway Agency,1,Sin jurisdiccion especial,1490,38.93435,-104.8123667,Vehiculo en movimiento,Frente a frente,Not an Intersection,No fue interseccion,Sobre calle,Ninguna,Oscuro con iluminacion,Despejado,No,NO APLICA,1,49,2,0,1,28/08/2022,5
8,Colorado,80415,0,0,1,0,41,EL PASO (41),430,COLORADO SPRINGS,8,Agosto,29,2022,9,39,PAYTON CIRCLE,6,Calle Local Municipalidad,Urbano,Local,City or Municipal Highway Agency,0,Sin jurisdiccion especial,0,38.86138889,-104.7383667,Arbol,El primer evento no fue una colision con un vehiculo automotor en transporte,Not an Intersection,No fue interseccion,Fuera de la calle,Ninguna,Dia total,Despejado,No,NO APLICA,9,41,9,48,1,29/08/2022,1
8,Colorado,80416,0,0,2,0,41,EL PASO (41),430,COLORADO SPRINGS,8,Agosto,29,2022,20,30,S CIRCLE DR,6,Calle Local Municipalidad,Urbano,Arteria Principal,City or Municipal Highway Agency,1,Sin jurisdiccion especial,0,38.79611111,-104.7930556,Vehiculo en movimiento,Angulo,Not an Intersection,No fue interseccion,Sobre calle,Ninguna,Oscuro con iluminacion,Despejado,No,NO APLICA,20,30,20,36,1,29/08/2022,3
8,Colorado,80417,0,0,2,0,77,MESA (77),0,NO APLICA,8,Agosto,31,2022,7,0,I-70,1,Interestatal,Rural,Interestatal,State Highway Agency,1,Sin jurisdiccion especial,121,39.204375,-108.85525,Vehiculo en movimiento,Frente a Detrás,Not an Intersection,No fue interseccion,Sobre calle,Ninguna,Dia total,Despejado,No,NO APLICA,99,99,99,99,2,31/08/2022,4
8,Colorado,80418,0,0,1,0,1,ADAMS (1),0,NO APLICA,8,Agosto,31,2022,23,41,I-76 FRONTAGE RD,7,Calle Local,Urbano,Interestatal,State Highway Agency,1,Sin jurisdiccion especial,89,39.83988889,-104.9316389,Otro objeto (no fijo),El primer evento no fue una colision con un vehiculo automotor en transporte,Four-Way Intersection,Interseccion de 4 direcciones,Fuera de la calle,Ninguna,Oscuro sin iluminacion,Despejado,No,NO APLICA,23,52,23,56,2,31/08/2022,2
8,Colorado,80419,1,1,2,0,41,EL PASO (41),430,COLORADO SPRINGS,8,Agosto,26,2022,17,30,S 8TH ST,6,Calle Local Municipalidad,Urbano,Arteria Principal,City or Municipal Highway Agency,0,Sin jurisdiccion especial,0,38.82451111,-104.8401944,Vehiculo en movimiento,Angulo,Four-Way Intersection,Interseccion de 4 direcciones,Sobre calle,Ninguna,Dia total,lluvia,No,NO APLICA,17,31,17,37,1,26/08/2022,2
8,Colorado,80420,1,1,2,0,1,ADAMS (1),0,NO APLICA,8,Agosto,31,2022,5,57,CR-N PECOS ST,4,Calle del Condado,Urbano,Arteria Principal,County Highway Agency,1,Sin jurisdiccion especial,0,39.82898333,-105.0061333,Peaton,El primer evento no fue una colision con un vehiculo automotor en transporte,Not an Intersection,No fue interseccion,Sobre calle,Ninguna,Oscuro con iluminacion,Despejado,No,NO APLICA,5,59,6,3,1,31/08/2022,2
8,Colorado,80421,0,0,2,0,5,ARAPAHOE (5),110,AURORA,8,Agosto,6,2022,12,7,S PEORIA ST,6,Calle Local Municipalidad,Urbano,Arteria Principal,City or Municipal Highway Agency,1,Sin jurisdiccion especial,0,39.71585556,-104.8473278,Vehiculo en movimiento,Angulo,T-Intersection,Interseccion de T,Sobre calle,Ninguna,Dia total,Despejado,No,NO APLICA,12,7,12,12,1,06/08/2022,2
8,Colorado,80422,0,0,1,0,41,EL PASO (41),430,COLORADO SPRINGS,8,Agosto,31,2022,18,30,S ACADEMY BLVD,6,Calle Local Municipalidad,Urbano,Arterial Principal -Freeway o ExpressWay,City or Municipal Highway Agency,1,Sin jurisdiccion especial,0,38.77862778,-104.7572222,Banqueta,El primer evento no fue una colision con un vehiculo automotor en transporte,Not an Intersection,No fue interseccion,En el medio,Ninguna,Dia total,Despejado,No,NO APLICA,19,17,20,0,1,31/08/2022,1
8,Colorado,80423,1,1,1,0,41,EL PASO (41),430,COLORADO SPRINGS,8,Agosto,31,2022,23,34,AUSTIN BLUFFS PKWY,6,Calle Local Municipalidad,Urbano,Arteria Principal,City or Municipal Highway Agency,1,Sin jurisdiccion especial,0,38.89065556,-104.7604056,Peaton,El primer evento no fue una colision con un vehiculo automotor en transporte,Not an Intersection,No fue interseccion,Sobre calle,Ninguna,Oscuro con iluminacion,Despejado,No,NO APLICA,23,34,23,38,1,31/08/2022,1
8,Colorado,80424,0,0,2,0,5,ARAPAHOE (5),110,AURORA,8,Agosto,11,2022,16,49,S BUCKLEY RD,6,Calle Local Municipalidad,Urbano,Arteria Principal,City or Municipal Highway Agency,1,Sin jurisdiccion especial,0,39.69220556,-104.7909306,Vehiculo en movimiento,Angulo,Four-Way Intersection,Interseccion de 4 direcciones,Sobre calle,Ninguna,Dia total,Despejado,No,NO APLICA,16,49,17,0,1,11/08/2022,3
8,Colorado,80425,0,0,2,0,31,DENVER (31),600,DENVER,8,Agosto,18,2022,15,16,S KNOX CT,6,Calle Local Municipalidad,Urbano,Local,City or Municipal Highway Agency,0,Sin jurisdiccion especial,0,39.70772222,-105.0324833,Final Destination ( Vehiculo es golpeado por carga o otro objeto puesto en movimiento por otro vehiculo en movimiento),Otro,Four-Way Intersection,Interseccion de 4 direcciones,Sobre calle,Ninguna,Dia total,Despejado,No,NO APLICA,15,18,15,23,2,18/08/2022,6
8,Colorado,80426,1,1,1,0,31,DENVER (31),600,DENVER,8,Agosto,10,2022,7,1,E 13TH AVE,6,Calle Local Municipalidad,Urbano,Arteria Menor,City or Municipal Highway Agency,0,Sin jurisdiccion especial,0,39.73724167,-104.8987056,Ciclista,El primer evento no fue una colision con un vehiculo automotor en transporte,Four-Way Intersection,Interseccion de 4 direcciones,Sobre calle,Ninguna,Dia total,Despejado,No,NO APLICA,7,2,7,7,1,10/08/2022,1
8,Colorado,80427,0,0,2,0,41,EL PASO (41),430,COLORADO SPRINGS,8,Agosto,22,2022,20,53,E PLATTE AVE,6,Calle Local Municipalidad,Urbano,Arteria Principal,City or Municipal Highway Agency,1,Sin jurisdiccion especial,0,38.83966111,-104.7481111,Vehiculo en movimiento,Angulo,Four-Way Intersection,Interseccion de 4 direcciones,Sobre calle,Ninguna,Oscuro con iluminacion,Despejado,No,NO APLICA,20,54,21,2,1,22/08/2022,3
8,Colorado,80428,1,1,1,0,69,LARIMER (69),860,FORT COLLINS,8,Agosto,20,2022,17,20,S TAFT HILL RD,6,Calle Local Municipalidad,Urbano,Arteria Menor,City or Municipal Highway Agency,0,Sin jurisdiccion especial,0,40.49441667,-105.1155667,Ciclista,El primer evento no fue una colision con un vehiculo automotor en transporte,Four-Way Intersection,Interseccion de 4 direcciones,Sobre calle,Ninguna,Dia total,Despejado,No,NO APLICA,17,20,17,29,1,20/08/2022,1
8,Colorado,80429,1,1,1,0,31,DENVER (31),600,DENVER,8,Agosto,17,2022,22,38,US-40   W COLFAX AVE,2,US Highway,Urbano,Arteria Principal,State Highway Agency,1,Sin jurisdiccion especial,2964,39.740475,-105.0213083,Peaton,El primer evento no fue una colision con un vehiculo automotor en transporte,Not an Intersection,No fue interseccion,Sobre calle,Ninguna,Oscuro con iluminacion,Despejado,No,NO APLICA,22,38,22,40,1,17/08/2022,1
8,Colorado,80430,1,1,1,0,31,DENVER (31),600,DENVER,8,Agosto,22,2022,21,1,SR-95   S SHERIDAN BLVD,3,Highway estatal,Urbano,Arteria Principal,State Highway Agency,1,Sin jurisdiccion especial,30,39.69708333,-105.0532083,Peaton,El primer evento no fue una colision con un vehiculo automotor en transporte,Four-Way Intersection,Interseccion de 4 direcciones,Sobre calle,Ninguna,Oscuro con iluminacion,Despejado,No,NO APLICA,21,1,21,3,1,22/08/2022,1
8,Colorado,80431,0,0,1,0,41,EL PASO (41),1710,MONUMENT,8,Agosto,29,2022,9,10,CR-105,6,Calle Local Municipalidad,Urbano,Arteria Menor,City or Municipal Highway Agency,0,Sin jurisdiccion especial,0,39.09298611,-104.8514722,Soporte de  señalamiento de transito,El primer evento no fue una colision con un vehiculo automotor en transporte,Four-Way Intersection,Interseccion de 4 direcciones,Sobre el lado de la calle,Ninguna,Dia total,Despejado,No,NO APLICA,99,99,99,99,1,29/08/2022,1
8,Colorado,80432,0,0,3,0,35,DOUGLAS (35),1952,PARKER,8,Agosto,13,2022,14,35,E MAINSTREET,6,Calle Local Municipalidad,Urbano,Arteria Menor,City or Municipal Highway Agency,0,Sin jurisdiccion especial,0,39.51714722,-104.7501194,Vehiculo en movimiento,Angulo,Four-Way Intersection,Interseccion de 4 direcciones,Sobre calle,Ninguna,Dia total,Despejado,No,NO APLICA,99,99,99,99,1,13/08/2022,4
8,Colorado,80433,1,1,1,0,1,ADAMS (1),110,AURORA,8,Agosto,16,2022,22,55,N PEORIA ST,6,Calle Local Municipalidad,Urbano,Arteria Principal,City or Municipal Highway Agency,1,Sin jurisdiccion especial,0,39.74429167,-104.847075,Peaton,El primer evento no fue una colision con un vehiculo automotor en transporte,Not an Intersection,No fue interseccion,Sobre calle,Ninguna,Oscuro con iluminacion,Despejado,No,NO APLICA,22,57,22,58,1,16/08/2022,1
8,Colorado,80434,0,0,1,0,35,DOUGLAS (35),0,NO APLICA,8,Agosto,1,2022,17,15,CR-LUCENT BLVD,4,Calle del Condado,Urbano,Arteria Menor,County Highway Agency,0,Sin jurisdiccion especial,0,39.55826389,-105.0079083,Banqueta,El primer evento no fue una colision con un vehiculo automotor en transporte,Four-Way Intersection,Interseccion de 4 direcciones,Sobre el lado de la calle,Ninguna,Dia total,Nublado,No,NO APLICA,99,99,99,99,1,01/08/2022,2
8,Colorado,80435,0,0,1,0,5,ARAPAHOE (5),0,NO APLICA,9,Septiembre,1,2022,23,8,I-225,1,Interestatal,Urbano,Interestatal,State Highway Agency,1,Sin jurisdiccion especial,33,39.65459167,-104.8536778,Volcadura,El primer evento no fue una colision con un vehiculo automotor en transporte,Not an Intersection,No fue interseccion,Sobre calle,Ninguna,Oscuro con iluminacion,Despejado,No,NO APLICA,23,9,23,23,1,01/09/2022,2
8,Colorado,80436,0,0,1,0,123,WELD (123),0,NO APLICA,9,Septiembre,2,2022,16,0,CR-390,4,Calle del Condado,Rural,Colector Mayor,County Highway Agency,0,Sin jurisdiccion especial,0,40.93848889,-104.2638889,Volcadura,El primer evento no fue una colision con un vehiculo automotor en transporte,Not an Intersection,No fue interseccion,Sobre el lado de la calle,Ninguna,Dia total,Despejado,No,NO APLICA,99,99,99,99,1,02/09/2022,1
8,Colorado,80437,0,0,1,0,1,ADAMS (1),2427,THORNTON,9,Septiembre,2,2022,2,30,THORNTON PKWY,6,Calle Local Municipalidad,Urbano,Local,City or Municipal Highway Agency,0,Sin jurisdiccion especial,0,39.87045,-104.9533861,Arbol,El primer evento no fue una colision con un vehiculo automotor en transporte,Not an Intersection,No fue interseccion,Sobre el lado de la calle,Ninguna,Oscuro con iluminacion,Despejado,No,NO APLICA,2,45,2,50,1,02/09/2022,1
8,Colorado,80438,0,0,1,0,1,ADAMS (1),0,NO APLICA,9,Septiembre,3,2022,4,0,CR-RIVERDALE RD,4,Calle del Condado,Urbano,Colector Mayor,County Highway Agency,0,Sin jurisdiccion especial,0,39.94318333,-104.8708417,Zanja,El primer evento no fue una colision con un vehiculo automotor en transporte,T-Intersection,Interseccion de T,Sobre el lado de la calle,Ninguna,Oscuro sin iluminacion,Despejado,No,NO APLICA,6,6,6,16,3,03/09/2022,4
8,Colorado,80439,0,0,2,1,31,DENVER (31),600,DENVER,9,Septiembre,6,2022,2,2,W 10TH AVE,6,Calle Local Municipalidad,Urbano,Colector Mayor,City or Municipal Highway Agency,0,Sin jurisdiccion especial,0,39.73314722,-105.0519028,Vehiculo Aparcado,El primer evento no fue una colision con un vehiculo automotor en transporte,Not an Intersection,No fue interseccion,En estacionamiento,Ninguna,Oscuro con iluminacion,Despejado,No,NO APLICA,2,2,2,7,1,06/09/2022,1
8,Colorado,80440,0,0,1,0,43,FREMONT (43),0,NO APLICA,9,Septiembre,6,2022,6,0,US-50,2,US Highway,Rural,Arteria Principal,State Highway Agency,1,Sin jurisdiccion especial,2359,38.42844444,-105.8124667,Fin de valla,El primer evento no fue una colision con un vehiculo automotor en transporte,Not an Intersection,No fue interseccion,Sobre el lado de la calle,Ninguna,Dia total,Despejado,No,NO APLICA,99,99,99,99,1,06/09/2022,2
8,Colorado,80441,0,0,1,0,27,CUSTER (27),0,NO APLICA,9,Septiembre,3,2022,14,4,CR-387,4,Calle del Condado,Rural,Colector Mayor,County Highway Agency,0,Sin jurisdiccion especial,50,38.13822222,-105.0688889,Arbol,El primer evento no fue una colision con un vehiculo automotor en transporte,Not an Intersection,No fue interseccion,Sobre el lado de la calle,Ninguna,Dia total,Despejado,No,NO APLICA,14,10,99,99,1,03/09/2022,1
8,Colorado,80442,0,0,2,0,69,LARIMER (69),1550,LOVELAND,9,Septiembre,4,2022,19,10,US-34,2,US Highway,Urbano,Arteria Principal,State Highway Agency,1,Sin jurisdiccion especial,895,40.40724444,-105.1195222,Vehiculo en movimiento,Angulo,Not an Intersection,No fue interseccion,Sobre calle,Ninguna,Dia total,Despejado,No,NO APLICA,19,11,19,18,1,04/09/2022,2
8,Colorado,80443,0,0,1,0,31,DENVER (31),600,DENVER,9,Septiembre,5,2022,0,25,US-285 ON-RAMP,2,US Highway,Urbano,Arterial Principal -Freeway o ExpressWay,State Highway Agency,1,Sin jurisdiccion especial,2567,39.65225833,-105.0512444,Zanja,El primer evento no fue una colision con un vehiculo automotor en transporte,Not an Intersection,No fue interseccion,Sobre el lado de la calle,Ninguna,Oscuro con iluminacion,Despejado,No,NO APLICA,0,26,0,33,1,05/09/2022,1
8,Colorado,80444,0,0,2,0,101,PUEBLO (101),2050,PUEBLO,9,Septiembre,5,2022,0,0,I-25,1,Interestatal,Urbano,Interestatal,State Highway Agency,1,Sin jurisdiccion especial,1010,38.30133889,-104.6122889,Vehiculo en movimiento,Golpe Lateral - misma direccion,Not an Intersection,No fue interseccion,Sobre calle,Ninguna,Oscuro con iluminacion,Despejado,No,NO APLICA,0,0,0,4,2,05/09/2022,9
8,Colorado,80445,0,2,2,1,1,ADAMS (1),0,NO APLICA,9,Septiembre,7,2022,12,53,I-25,1,Interestatal,Urbano,Interestatal,State Highway Agency,1,Sin jurisdiccion especial,2169,39.82549167,-104.9814167,Vehiculo Aparcado,El primer evento no fue una colision con un vehiculo automotor en transporte,Not an Intersection,No fue interseccion,Sobre Acotamiento,Ninguna,Dia total,Despejado,No,NO APLICA,99,99,99,99,1,07/09/2022,1
8,Colorado,80446,0,0,1,0,41,EL PASO (41),0,NO APLICA,9,Septiembre,7,2022,15,0,I-25,1,Interestatal,Rural,Interestatal,State Highway Agency,1,Sin jurisdiccion especial,1215,38.58704167,-104.6696972,Fin de valla,El primer evento no fue una colision con un vehiculo automotor en transporte,Not an Intersection,No fue interseccion,Sobre el lado de la calle,Ninguna,Dia total,Despejado,No,NO APLICA,15,0,99,99,1,07/09/2022,1
8,Colorado,80447,0,0,1,0,69,LARIMER (69),0,NO APLICA,9,Septiembre,3,2022,16,15,CR-BLUE MOUNTAIN TRL,4,Calle del Condado,Trafficway Not in State Inventory,Via no en inventario estatal,Trafficway Not in State Inventory,0,Sin jurisdiccion especial,0,40.31315556,-105.2583722,Piedrotototota,El primer evento no fue una colision con un vehiculo automotor en transporte,Not an Intersection,No fue interseccion,Fuera de la calle,Ninguna,Dia total,Despejado,No,NO APLICA,99,99,99,99,1,03/09/2022,1
8,Colorado,80448,0,0,2,0,69,LARIMER (69),0,NO APLICA,9,Septiembre,8,2022,9,46,CR-MORAINE AVE,4,Calle del Condado,Urbano,Colector Mayor,Town or Township Highway Agency,0,Sin jurisdiccion especial,0,40.35272222,-105.5637028,Vehiculo en movimiento,Golpe Lateral - misma direccion,T-Intersection,Interseccion de T,Sobre calle,Ninguna,Dia total,Despejado,No,NO APLICA,99,99,99,99,1,08/09/2022,2
8,Colorado,80449,0,0,1,0,13,BOULDER (13),0,NO APLICA,9,Septiembre,9,2022,0,22,SR-119,3,Highway estatal,Rural,Arterial Principal -Freeway o ExpressWay,State Highway Agency,1,Sin jurisdiccion especial,523,40.11865278,-105.1559278,Animal vivo,El primer evento no fue una colision con un vehiculo automotor en transporte,Not an Intersection,No fue interseccion,Sobre calle,Ninguna,Oscuro sin iluminacion,lluvia,No,NO APLICA,0,22,0,30,1,09/09/2022,1
8,Colorado,80450,0,0,1,0,79,MINERAL (79),0,NO APLICA,9,Septiembre,9,2022,14,15,US-160,2,US Highway,Rural,Arteria Principal,State Highway Agency,1,Sin jurisdiccion especial,1597,37.455725,-106.8837167,Piedrotototota,El primer evento no fue una colision con un vehiculo automotor en transporte,Not an Intersection,No fue interseccion,Sobre el lado de la calle,Ninguna,Dia total,lluvia,No,NO APLICA,99,99,99,99,1,09/09/2022,5