Estado,Nombre de Estado,Numero de Caso,Peatones,Personas _no_vehiculos,Vehiculos automotores,Vehiculos estacionados,Condado,Nombre Condado,Ciudad,Nombre Ciudad,Mes,Nombre Mes,Dia,Año,Hora,Minuto,Calle,Ruta,Nombre Ruta,Rural o Urbanoo,Sistema Funcional,Dueño Calle,Sistema Nacional Carreteras,Jurisdiccion Especial,Milla,Latitud,Longitud,Causa del Accidente,Tipo de Accidente,Tipo Interseccion,Columna1,Lugar en la calle,Zona de Trabajo,Luz,Clima,Autobus Escolar,Cruce de Trenes,Hora Notificacion,Minuto Notificacion,Hora Llegada,Minuto Llegada,Decesos,Fecha,PersonaVehiculo
8,Colorado,80451,0,0,1,0,69,LARIMER (69),0,NO APLICA,9,Septiembre,10,2022,14,30,SR-14,3,Highway estatal,Rural,Arteria Menor,State Highway Agency,0,Sin jurisdiccion especial,1037,40.67406667,-105.4181944,Piedrotototota,El primer evento no fue una colision con un vehiculo automotor en transporte,Not an Intersection,No fue interseccion,Sobre el lado de la calle,Ninguna,Dia total,Despejado,No,NO APLICA,99,99,99,99,1,10/09/2022,1
8,Colorado,80452,0,0,2,0,37,EAGLE (37),1110,GYPSUM,9,Septiembre,10,2022,13,41,JULES DR,6,Calle Local Municipalidad,Urbano,Local,City or Municipal Highway Agency,0,Servicio de Parques Nacional,0,39.64319722,-106.9349722,Volcadura,El primer evento no fue una colision con un vehiculo automotor en transporte,Not an Intersection,No fue interseccion,En el medio,Ninguna,Dia total,Despejado,No,NO APLICA,99,99,99,99,1,10/09/2022,2
8,Colorado,80453,0,0,1,0,91,OURAY (91),0,NO APLICA,9,Septiembre,12,2022,12,32,CR-361,4,Calle del Condado,Rural,Colector Menor,County Highway Agency,0,Sin jurisdiccion especial,31,37.98946111,-107.7049306,Volcadura,El primer evento no fue una colision con un vehiculo automotor en transporte,Not an Intersection,No fue interseccion,Sobre el lado de la calle,Ninguna,Dia total,Despejado,No,NO APLICA,99,99,99,99,3,12/09/2022,3
8,Colorado,80454,0,0,1,0,37,EAGLE (37),0,NO APLICA,9,Septiembre,13,2022,21,15,I-70,1,Interestatal,Rural,Interestatal,State Highway Agency,1,Sin jurisdiccion especial,1456,39.65493333,-106.8451667,Valla Ferrocarril,El primer evento no fue una colision con un vehiculo automotor en transporte,Not an Intersection,No fue interseccion,En el medio,Ninguna,Oscuro sin iluminacion,Despejado,No,NO APLICA,21,15,21,17,1,13/09/2022,1
8,Colorado,80455,0,0,1,0,69,LARIMER (69),1550,LOVELAND,9,Septiembre,8,2022,0,42,US-287   N BUCHANAN AVE,2,US Highway,Urbano,Arteria Principal,State Highway Agency,1,Sin jurisdiccion especial,3352,40.42254722,-105.0771028,Poste de Señal de trafico,El primer evento no fue una colision con un vehiculo automotor en transporte,Not an Intersection,No fue interseccion,Sobre el lado de la calle,Ninguna,Oscuro con iluminacion,Despejado,No,NO APLICA,0,42,0,47,1,08/09/2022,1
8,Colorado,80456,0,0,2,0,14,BROOMFIELD (14),253,BROOMFIELD,9,Septiembre,9,2022,14,1,SHERIDAN BLVD,6,Calle Local Municipalidad,Urbano,Arteria Menor,City or Municipal Highway Agency,0,Sin jurisdiccion especial,0,39.91621667,-105.0529444,Vehiculo en movimiento,Angulo,Four-Way Intersection,Interseccion de 4 direcciones,Sobre calle,Ninguna,Dia total,Despejado,No,NO APLICA,14,1,14,8,1,09/09/2022,2
8,Colorado,80457,0,0,2,0,1,ADAMS (1),230,BRIGHTON,9,Septiembre,14,2022,13,13,BROMLEY LN,6,Calle Local Municipalidad,Urbano,Arteria Menor,City or Municipal Highway Agency,0,Sin jurisdiccion especial,0,39.97221389,-104.7709722,Vehiculo en movimiento,Frente a frente,Four-Way Intersection,Interseccion de 4 direcciones,Sobre calle,Ninguna,Dia total,Despejado,No,NO APLICA,13,11,13,14,1,14/09/2022,2
8,Colorado,80458,0,0,1,0,123,WELD (123),910,FREDERICK,9,Septiembre,14,2022,13,28,CR-5,4,Calle del Condado,Urbano,Local,City or Municipal Highway Agency,0,Sin jurisdiccion especial,0,40.12095833,-105.0124694,Volcadura,El primer evento no fue una colision con un vehiculo automotor en transporte,Not an Intersection,No fue interseccion,Sobre el lado de la calle,Ninguna,Dia total,Despejado,No,NO APLICA,13,28,13,33,1,14/09/2022,2
8,Colorado,80459,0,0,4,0,35,DOUGLAS (35),0,NO APLICA,9,Septiembre,14,2022,17,28,CR-CROWFOOT VALLEY RD,4,Calle del Condado,Rural,Arteria Menor,County Highway Agency,0,Sin jurisdiccion especial,0,39.42138889,-104.8307333,Vehiculo en movimiento,Angulo,Not an Intersection,No fue interseccion,Sobre calle,Ninguna,Dia total,lluvia,No,NO APLICA,17,27,17,30,2,14/09/2022,5
8,Colorado,80460,1,1,1,0,41,EL PASO (41),0,NO APLICA,9,Septiembre,15,2022,6,59,CR-GLENEAGLE DR,4,Calle del Condado,Urbano,Arteria Menor,County Highway Agency,0,Sin jurisdiccion especial,0,39.03635833,-104.8255111,Peaton,El primer evento no fue una colision con un vehiculo automotor en transporte,Not an Intersection,No fue interseccion,Sobre calle,Ninguna,Amanecer,Despejado,No,NO APLICA,7,0,99,99,1,15/09/2022,1
8,Colorado,80461,0,0,2,0,115,SEDGWICK (115),0,NO APLICA,9,Septiembre,16,2022,9,33,CR-19,4,Calle del Condado,Rural,Local,County Highway Agency,0,Sin jurisdiccion especial,0,40.74930833,-102.4776889,Vehiculo en movimiento,Angulo,Four-Way Intersection,Interseccion de 4 direcciones,Sobre calle,Ninguna,Dia total,Despejado,No,NO APLICA,9,41,10,4,1,16/09/2022,2
8,Colorado,80462,0,0,1,0,13,BOULDER (13),0,NO APLICA,9,Septiembre,17,2022,16,45,SR-7,3,Highway estatal,Rural,Colector Menor,State Highway Agency,0,Sin jurisdiccion especial,315,40.20975,-105.2911833,Volcadura,El primer evento no fue una colision con un vehiculo automotor en transporte,Not an Intersection,No fue interseccion,Sobre el lado de la calle,Ninguna,Dia total,Despejado,No,NO APLICA,16,50,16,54,1,17/09/2022,1
8,Colorado,80463,0,0,1,0,41,EL PASO (41),0,NO APLICA,9,Septiembre,18,2022,18,17,CR-E GARRETT RD,4,Calle del Condado,Rural,Local,County Highway Agency,0,Sin jurisdiccion especial,0,38.91069444,-104.4395389,Otra no colicion,El primer evento no fue una colision con un vehiculo automotor en transporte,Not an Intersection,No fue interseccion,Sobre calle,Ninguna,Dia total,Despejado,No,NO APLICA,99,99,99,99,1,18/09/2022,1
8,Colorado,80464,0,0,2,0,123,WELD (123),0,NO APLICA,9,Septiembre,18,2022,17,29,CR-AA ST,4,Calle del Condado,Urbano,Local,County Highway Agency,0,Sin jurisdiccion especial,0,40.46654444,-104.7159389,Vehiculo en movimiento,Angulo,Four-Way Intersection,Interseccion de 4 direcciones,Sobre calle,Ninguna,Dia total,Despejado,No,NO APLICA,99,99,99,99,1,18/09/2022,2
8,Colorado,80465,0,0,2,0,1,ADAMS (1),230,BRIGHTON,9,Septiembre,18,2022,20,22,E BRIDGE ST,6,Calle Local Municipalidad,Urbano,Arteria Principal,City or Municipal Highway Agency,1,Sin jurisdiccion especial,0,39.98676667,-104.7978444,Vehiculo en movimiento,Angulo,T-Intersection,Interseccion de T,Sobre calle,Ninguna,Oscuro sin iluminacion,Despejado,No,NO APLICA,20,22,20,27,1,18/09/2022,4
8,Colorado,80466,0,0,1,0,59,JEFFERSON (59),2550,WESTMINSTER,9,Septiembre,18,2022,4,31,SR-121   N WADSWORTH PKWY,3,Highway estatal,Urbano,Arteria Principal,State Highway Agency,1,Sin jurisdiccion especial,234,39.87835,-105.0958472,Poste de Señal de trafico,El primer evento no fue una colision con un vehiculo automotor en transporte,Not an Intersection,No fue interseccion,En el medio,Ninguna,Oscuro con iluminacion,Despejado,No,NO APLICA,4,39,4,43,1,18/09/2022,1
8,Colorado,80467,0,0,2,0,87,MORGAN (87),0,NO APLICA,9,Septiembre,19,2022,18,15,I-76,1,Interestatal,Rural,Interestatal,State Highway Agency,1,Sin jurisdiccion especial,761,40.25871111,-103.8742111,Vehiculo en movimiento,Frente a frente,Not an Intersection,No fue interseccion,Sobre calle,Ninguna,Dia total,Despejado,No,NO APLICA,18,17,18,21,2,19/09/2022,3
8,Colorado,80468,0,0,3,0,5,ARAPAHOE (5),0,NO APLICA,9,Septiembre,20,2022,8,23,I-70,1,Interestatal,Rural,Interestatal,State Highway Agency,1,Sin jurisdiccion especial,3298,39.59378611,-104.0321639,Vehiculo en movimiento,Frente a Detrás,Not an Intersection,No fue interseccion,Sobre calle,Ninguna,Dia total,Despejado,No,NO APLICA,8,24,8,32,1,20/09/2022,3
8,Colorado,80469,1,1,1,0,117,SUMMIT (117),0,NO APLICA,9,Septiembre,20,2022,17,10,SR-9,3,Highway estatal,Rural,Arteria Menor,State Highway Agency,0,Sin jurisdiccion especial,1073,39.70271389,-106.1108333,Ciclista,El primer evento no fue una colision con un vehiculo automotor en transporte,Not an Intersection,No fue interseccion,Sobre Acotamiento,Ninguna,Dia total,Despejado,No,NO APLICA,99,99,99,99,1,20/09/2022,2
8,Colorado,80470,1,1,1,0,1,ADAMS (1),2427,THORNTON,9,Septiembre,17,2022,12,0,SR-7   E 160TH AVE,3,Highway estatal,Urbano,Arteria Principal,State Highway Agency,1,Sin jurisdiccion especial,710,39.98634722,-104.9402139,Ciclista,El primer evento no fue una colision con un vehiculo automotor en transporte,Four-Way Intersection,Interseccion de 4 direcciones,Sobre calle,Ninguna,Dia total,Despejado,No,NO APLICA,99,99,99,99,1,17/09/2022,3
8,Colorado,80471,0,0,4,0,101,PUEBLO (101),2050,PUEBLO,9,Septiembre,10,2022,8,18,SR-45   S PUEBLO BLVD,3,Highway estatal,Urbano,Arteria Principal,State Highway Agency,1,Sin jurisdiccion especial,35,38.24099444,-104.6623778,Vehiculo en movimiento,Frente a frente,Four-Way Intersection,Interseccion de 4 direcciones,Sobre calle,Ninguna,Dia total,lluvia,No,NO APLICA,8,18,8,23,1,10/09/2022,9
8,Colorado,80472,1,1,1,0,59,JEFFERSON (59),0,NO APLICA,9,Septiembre,17,2022,19,57,SR-121   S WADSWORTH BLVD,3,Highway estatal,Urbano,Arteria Principal,State Highway Agency,1,Sin jurisdiccion especial,75,39.65212778,-105.0812333,Peaton,El primer evento no fue una colision con un vehiculo automotor en transporte,Not an Intersection,No fue interseccion,Sobre calle,Ninguna,Oscuro con iluminacion,Despejado,No,NO APLICA,99,99,99,99,1,17/09/2022,3
8,Colorado,80473,1,1,1,0,59,JEFFERSON (59),80,ARVADA,9,Septiembre,17,2022,19,35,W 93RD DR,6,Calle Local Municipalidad,Urbano,Local,City or Municipal Highway Agency,0,Sin jurisdiccion especial,0,39.86541389,-105.2045306,No vehiculo o remolque,El primer evento no fue una colision con un vehiculo automotor en transporte,Four-Way Intersection,Interseccion de 4 direcciones,Sobre calle,Ninguna,Atardecer,Despejado,No,NO APLICA,19,37,19,44,1,17/09/2022,1
8,Colorado,80474,0,0,1,0,41,EL PASO (41),430,COLORADO SPRINGS,9,Septiembre,4,2022,13,5,GOLD CAMP RD,6,Calle Local Municipalidad,Rural,Colector Mayor,City or Municipal Highway Agency,0,Sin jurisdiccion especial,0,38.79465,-104.8773333,Volcadura,El primer evento no fue una colision con un vehiculo automotor en transporte,Not an Intersection,No fue interseccion,Sobre el lado de la calle,Ninguna,Dia total,Despejado,No,NO APLICA,99,99,99,99,1,04/09/2022,1
8,Colorado,80475,0,0,1,0,41,EL PASO (41),430,COLORADO SPRINGS,9,Septiembre,11,2022,0,49,BARNES RD,6,Calle Local Municipalidad,Urbano,Arteria Principal,City or Municipal Highway Agency,1,Sin jurisdiccion especial,0,38.89847222,-104.70795,Banqueta,El primer evento no fue una colision con un vehiculo automotor en transporte,Not an Intersection,No fue interseccion,En el medio,Ninguna,Oscuro con iluminacion,Despejado,No,NO APLICA,1,36,1,59,1,11/09/2022,2
8,Colorado,80476,0,0,2,0,77,MESA (77),0,NO APLICA,9,Septiembre,9,2022,8,50,US-50,2,US Highway,Urbano,Arteria Principal,State Highway Agency,1,Sin jurisdiccion especial,367,39.02480556,-108.5013889,Vehiculo en movimiento,Angulo,Four-Way Intersection,Interseccion de 4 direcciones,Sobre calle,Ninguna,Dia total,Despejado,No,NO APLICA,8,47,8,57,1,09/09/2022,4
8,Colorado,80477,0,0,2,0,41,EL PASO (41),890,FOUNTAIN,9,Septiembre,9,2022,19,41,US-85,2,US Highway,Urbano,Arteria Principal,State Highway Agency,1,Sin jurisdiccion especial,1340,38.75127778,-104.7441222,Vehiculo en movimiento,Angulo,T-Intersection,Interseccion de T,Sobre calle,Ninguna,Oscuro con iluminacion,Despejado,No,NO APLICA,99,99,99,99,1,09/09/2022,7
8,Colorado,80478,0,0,2,0,77,MESA (77),0,NO APLICA,9,Septiembre,21,2022,14,20,SR-65,3,Highway estatal,Rural,Arteria Menor,State Highway Agency,0,Sin jurisdiccion especial,570,39.19251111,-108.2310389,Vehiculo en movimiento,Angulo,Not an Intersection,No fue interseccion,Sobre calle,Ninguna,Dia total,lluvia,No,NO APLICA,14,24,15,49,1,21/09/2022,3
8,Colorado,80479,0,0,1,0,45,GARFIELD (45),0,NO APLICA,9,Septiembre,22,2022,16,30,I-70,1,Interestatal,Rural,Interestatal,State Highway Agency,1,Sin jurisdiccion especial,670,39.38343611,-108.1509806,Poste de Señal de trafico,El primer evento no fue una colision con un vehiculo automotor en transporte,Not an Intersection,No fue interseccion,En el medio,Ninguna,Dia total,Despejado,No,NO APLICA,99,99,99,99,1,22/09/2022,1
8,Colorado,80480,1,1,1,0,1,ADAMS (1),0,NO APLICA,9,Septiembre,23,2022,22,18,US-287   FEDERAL BLVD,2,US Highway,Urbano,Arteria Principal,State Highway Agency,1,Sin jurisdiccion especial,2878,39.81295556,-105.0251778,Volcadura,El primer evento no fue una colision con un vehiculo automotor en transporte,Four-Way Intersection,Interseccion de 4 direcciones,Sobre calle,Ninguna,Oscuro con iluminacion,Despejado,No,NO APLICA,99,99,99,99,1,23/09/2022,1
8,Colorado,80481,0,0,1,0,59,JEFFERSON (59),0,NO APLICA,9,Septiembre,24,2022,2,0,US-285,2,US Highway,Rural,Arteria Principal,State Highway Agency,1,Sin jurisdiccion especial,2390,39.54647222,-105.2694083,Poste de Señal de trafico,El primer evento no fue una colision con un vehiculo automotor en transporte,Not an Intersection,No fue interseccion,Sobre el lado de la calle,Ninguna,Oscuro sin iluminacion,Despejado,No,NO APLICA,2,3,2,20,1,24/09/2022,2
8,Colorado,80482,0,0,2,0,27,CUSTER (27),0,NO APLICA,9,Septiembre,24,2022,12,0,SR-67,3,Highway estatal,Rural,Colector Mayor,State Highway Agency,0,Sin jurisdiccion especial,4,38.24327778,-105.0862028,Vehiculo en movimiento,Golpe Lateral - direccion contraria,Not an Intersection,No fue interseccion,Sobre calle,Ninguna,Dia total,Despejado,No,NO APLICA,99,99,99,99,1,24/09/2022,2
8,Colorado,80483,0,0,1,0,85,MONTROSE (85),0,NO APLICA,9,Septiembre,24,2022,13,15,SR-92,3,Highway estatal,Rural,Colector Mayor,State Highway Agency,0,Sin jurisdiccion especial,560,38.45694444,-107.5073667,Volcadura,El primer evento no fue una colision con un vehiculo automotor en transporte,Not an Intersection,No fue interseccion,Sobre calle,Ninguna,Dia total,Despejado,No,NO APLICA,99,99,99,99,1,24/09/2022,1
8,Colorado,80484,0,0,2,0,31,DENVER (31),600,DENVER,9,Septiembre,24,2022,12,31,E 46TH AVE,6,Calle Local Municipalidad,Urbano,Colector Mayor,City or Municipal Highway Agency,0,Sin jurisdiccion especial,0,39.77786667,-104.8157056,Vehiculo en movimiento,Angulo,Four-Way Intersection,Interseccion de 4 direcciones,Sobre calle,Ninguna,Dia total,Despejado,No,NO APLICA,12,31,12,35,1,24/09/2022,4
8,Colorado,80485,0,0,1,0,33,DOLORES (33),0,NO APLICA,9,Septiembre,24,2022,17,45,SR-145,3,Highway estatal,Rural,Arteria Principal,State Highway Agency,1,Sin jurisdiccion especial,455,37.66816667,-108.0361778,Volcadura,El primer evento no fue una colision con un vehiculo automotor en transporte,Not an Intersection,No fue interseccion,Sobre el lado de la calle,Ninguna,Dia total,Despejado,No,NO APLICA,99,99,99,99,1,24/09/2022,2
8,Colorado,80486,0,0,2,0,77,MESA (77),1040,GRAND JUNCTION,9,Septiembre,15,2022,11,12,PATTERSON RD,6,Calle Local Municipalidad,Urbano,Arteria Menor,City or Municipal Highway Agency,0,Sin jurisdiccion especial,0,39.09177222,-108.5001778,Vehiculo en movimiento,Angulo,T-Intersection,Interseccion de T,Sobre calle,Ninguna,Dia total,Despejado,No,NO APLICA,11,30,99,99,1,15/09/2022,3
8,Colorado,80487,0,0,1,0,121,WASHINGTON (121),0,NO APLICA,9,Septiembre,25,2022,11,0,SR-63,3,Highway estatal,Rural,Colector Mayor,State Highway Agency,0,Sin jurisdiccion especial,81,39.85757222,-103.2198,Zanja,El primer evento no fue una colision con un vehiculo automotor en transporte,Not an Intersection,No fue interseccion,Sobre el lado de la calle,Ninguna,Dia total,Despejado,No,NO APLICA,11,5,11,24,1,25/09/2022,2
8,Colorado,80488,0,0,2,0,77,MESA (77),0,NO APLICA,9,Septiembre,26,2022,19,45,CR-33,4,Calle del Condado,Urbano,Colector Mayor,County Highway Agency,0,Sin jurisdiccion especial,0,39.08995278,-108.440875,Vehiculo en movimiento,Frente a frente,Not an Intersection,No fue interseccion,Sobre calle,Ninguna,Oscuro sin iluminacion,Despejado,No,253769B,99,99,99,99,1,26/09/2022,3
8,Colorado,80489,0,0,1,0,121,WASHINGTON (121),0,NO APLICA,9,Septiembre,27,2022,23,50,I-76,1,Interestatal,Rural,Interestatal,State Highway Agency,1,Sin jurisdiccion especial,1033,40.3712,-103.4074083,Volcadura,El primer evento no fue una colision con un vehiculo automotor en transporte,Not an Intersection,No fue interseccion,En el medio,Ninguna,Oscuro sin iluminacion,Despejado,No,NO APLICA,99,99,99,99,1,27/09/2022,2
8,Colorado,80490,1,1,1,0,67,LA PLATA (67),650,DURANGO,9,Septiembre,20,2022,21,58,US-160,2,US Highway,Urbano,Arteria Principal,State Highway Agency,1,Sin jurisdiccion especial,847,37.24978889,-107.875325,Peaton,El primer evento no fue una colision con un vehiculo automotor en transporte,Not an Intersection,No fue interseccion,Sobre calle,Ninguna,Oscuro sin iluminacion,lluvia,No,NO APLICA,21,59,22,5,1,20/09/2022,1
8,Colorado,80491,0,0,1,0,123,WELD (123),0,NO APLICA,9,Septiembre,24,2022,1,55,CR-64 1/2,4,Calle del Condado,Urbano,Colector Mayor,County Highway Agency,0,Sin jurisdiccion especial,0,40.45738889,-104.8117167,Acotamiento,El primer evento no fue una colision con un vehiculo automotor en transporte,L-Intersection,Interseccion en L,Sobre el lado de la calle,Ninguna,Oscuro sin iluminacion,Despejado,No,NO APLICA,99,99,99,99,1,24/09/2022,2
8,Colorado,80492,0,0,2,0,69,LARIMER (69),1550,LOVELAND,9,Septiembre,24,2022,17,32,E 29TH ST,5,Calle Local - Pueblo,Urbano,Arteria Menor,City or Municipal Highway Agency,0,Sin jurisdiccion especial,0,40.42171667,-105.06985,Vehiculo en movimiento,Angulo,Not an Intersection,No fue interseccion,Sobre calle,Ninguna,Dia total,Despejado,No,NO APLICA,17,32,17,35,1,24/09/2022,3
8,Colorado,80493,0,0,1,0,93,PARK (93),0,NO APLICA,9,Septiembre,24,2022,11,25,SR-9,3,Highway estatal,Rural,Arteria Menor,State Highway Agency,0,Sin jurisdiccion especial,263,38.78456667,-105.5809722,Barda,El primer evento no fue una colision con un vehiculo automotor en transporte,Not an Intersection,No fue interseccion,Fuera de la calle,Ninguna,Dia total,Despejado,No,NO APLICA,99,99,99,99,1,24/09/2022,1
8,Colorado,80494,0,0,2,0,13,BOULDER (13),0,NO APLICA,9,Septiembre,28,2022,12,22,US-287,2,US Highway,Rural,Arterial Principal -Freeway o ExpressWay,State Highway Agency,1,Sin jurisdiccion especial,3220,40.25620833,-105.1025972,Vehiculo en movimiento,Frente a frente,Not an Intersection,No fue interseccion,Sobre Acotamiento,Ninguna,Dia total,Despejado,No,NO APLICA,12,22,12,40,1,28/09/2022,3
8,Colorado,80495,0,0,2,0,35,DOUGLAS (35),0,NO APLICA,9,Septiembre,28,2022,16,56,CR-W COUNTY LINE RD,4,Calle del Condado,Urbano,Arteria Menor,County Highway Agency,0,Sin jurisdiccion especial,0,39.56611944,-105.0212389,Vehiculo en movimiento,Angulo,T-Intersection,Interseccion de T,Sobre calle,Ninguna,Dia total,Despejado,No,NO APLICA,16,58,17,3,1,28/09/2022,2
8,Colorado,80496,0,0,2,0,13,BOULDER (13),0,NO APLICA,9,Septiembre,29,2022,19,9,SR-119,3,Highway estatal,Urbano,Arteria Principal,State Highway Agency,1,Sin jurisdiccion especial,507,40.10173333,-105.1761444,Vehiculo en movimiento,Angulo,Four-Way Intersection,Interseccion de 4 direcciones,Sobre calle,Ninguna,Oscuro con iluminacion,Despejado,No,NO APLICA,99,99,99,99,1,29/09/2022,2
8,Colorado,80497,0,0,1,0,93,PARK (93),0,NO APLICA,9,Septiembre,30,2022,11,42,CR-92,4,Calle del Condado,Rural,Colector Mayor,County Highway Agency,0,Sin jurisdiccion especial,0,38.98083333,-105.4411111,Volcadura,El primer evento no fue una colision con un vehiculo automotor en transporte,Not an Intersection,No fue interseccion,Sobre el lado de la calle,Ninguna,Dia total,Despejado,No,NO APLICA,11,46,12,3,1,30/09/2022,1
8,Colorado,80498,0,0,1,0,99,PROWERS (99),0,NO APLICA,9,Septiembre,30,2022,1,0,CR-9D,4,Calle del Condado,Rural,Local,County Highway Agency,0,Sin jurisdiccion especial,0,38.08486944,-102.5880417,Volcadura,El primer evento no fue una colision con un vehiculo automotor en transporte,Not an Intersection,No fue interseccion,Sobre el lado de la calle,Ninguna,Oscuro sin iluminacion,Despejado,No,NO APLICA,99,99,99,99,1,30/09/2022,1
8,Colorado,80499,0,0,1,0,103,RIO BLANCO (103),0,NO APLICA,9,Septiembre,29,2022,2,54,SR-13,3,Highway estatal,Rural,Arteria Principal,State Highway Agency,1,Sin jurisdiccion especial,263,39.84523889,-107.9558139,Animal vivo,El primer evento no fue una colision con un vehiculo automotor en transporte,Not an Intersection,No fue interseccion,Sobre calle,Ninguna,Oscuro sin iluminacion,Despejado,No,NO APLICA,2,54,3,17,1,29/09/2022,3
8,Colorado,80500,0,0,2,0,31,DENVER (31),600,DENVER,9,Septiembre,17,2022,11,54,S QUEBEC ST,6,Calle Local Municipalidad,Urbano,Arteria Menor,City or Municipal Highway Agency,0,Sin jurisdiccion especial,0,39.685,-104.9035778,Vehiculo en movimiento,Frente a frente,Four-Way Intersection,Interseccion de 4 direcciones,Sobre calle,Ninguna,Dia total,Despejado,No,NO APLICA,11,55,12,1,1,17/09/2022,4
8,Colorado,80501,0,0,2,0,13,BOULDER (13),200,BOULDER,9,Septiembre,14,2022,17,58,BROADWAY ST,6,Calle Local Municipalidad,Urbano,Arteria Principal,City or Municipal Highway Agency,1,Sin jurisdiccion especial,0,40.06184444,-105.2821778,Final Destination ( Vehiculo es golpeado por carga o otro objeto puesto en movimiento por otro vehiculo en movimiento),Otro,Four-Way Intersection,Interseccion de 4 direcciones,Sobre calle,Construccion,Dia total,Despejado,No,NO APLICA,18,7,18,10,1,14/09/2022,2
8,Colorado,80502,1,1,1,0,59,JEFFERSON (59),1435,LAKEWOOD,9,Septiembre,29,2022,18,59,US-40   W COLFAX AVE,2,US Highway,Urbano,Arteria Principal,State Highway Agency,1,Sin jurisdiccion especial,2936,39.74038889,-105.0660194,Peaton,El primer evento no fue una colision con un vehiculo automotor en transporte,Four-Way Intersection,Interseccion de 4 direcciones,Sobre calle,Ninguna,Oscuro con iluminacion,Despejado,No,NO APLICA,99,99,99,99,1,29/09/2022,1
8,Colorado,80503,0,1,2,1,1,ADAMS (1),0,NO APLICA,9,Septiembre,22,2022,10,40,I-25,1,Interestatal,Urbano,Interestatal,State Highway Agency,1,Sin jurisdiccion especial,2178,39.83891667,-104.9834528,Vehiculo Aparcado,El primer evento no fue una colision con un vehiculo automotor en transporte,Not an Intersection,No fue interseccion,Sobre Acotamiento,Ninguna,Dia total,lluvia,No,NO APLICA,99,99,99,99,1,22/09/2022,2
8,Colorado,80504,0,0,2,0,1,ADAMS (1),0,NO APLICA,9,Septiembre,20,2022,18,55,I-76,1,Interestatal,Urbano,Interestatal,State Highway Agency,1,Sin jurisdiccion especial,162,39.90669444,-104.8286833,Vehiculo en movimiento,Frente a Detrás,Not an Intersection,No fue interseccion,Sobre calle,Ninguna,Dia total,Despejado,No,NO APLICA,18,56,99,99,1,20/09/2022,2
8,Colorado,80505,0,0,1,0,41,EL PASO (41),430,COLORADO SPRINGS,9,Septiembre,24,2022,0,12,VISTA DEL PICO BLVD,6,Calle Local Municipalidad,Urbano,Local,City or Municipal Highway Agency,0,Sin jurisdiccion especial,0,38.93103889,-104.6577333,Banqueta,El primer evento no fue una colision con un vehiculo automotor en transporte,Not an Intersection,No fue interseccion,Sobre el lado de la calle,Ninguna,Oscuro con iluminacion,Despejado,No,NO APLICA,0,15,0,28,1,24/09/2022,4
8,Colorado,80506,1,1,1,0,5,ARAPAHOE (5),110,AURORA,9,Septiembre,25,2022,2,25,US-40   E COLFAX AVE,2,US Highway,Urbano,Arteria Principal,State Highway Agency,1,Sin jurisdiccion especial,3056,39.74008056,-104.8474444,Peaton,El primer evento no fue una colision con un vehiculo automotor en transporte,Not an Intersection,No fue interseccion,Sobre calle,Ninguna,Oscuro con iluminacion,Despejado,No,NO APLICA,2,26,2,29,1,25/09/2022,2
8,Colorado,80507,0,0,4,0,41,EL PASO (41),430,COLORADO SPRINGS,9,Septiembre,27,2022,20,36,ASUTIN BLUFFS PKWY,6,Calle Local Municipalidad,Urbano,Arteria Principal,City or Municipal Highway Agency,1,Sin jurisdiccion especial,0,38.89775,-104.8126611,Vehiculo en movimiento,Angulo,T-Intersection,Interseccion de T,Sobre calle,Construccion,Oscuro con iluminacion,Despejado,No,NO APLICA,20,38,20,41,1,27/09/2022,5
8,Colorado,80508,0,0,1,0,59,JEFFERSON (59),1000,GOLDEN,9,Septiembre,18,2022,15,0,W 44TH AVE,6,Calle Local Municipalidad,Urbano,Arteria Menor,City or Municipal Highway Agency,0,Sin jurisdiccion especial,0,39.76358611,-105.2128361,Banqueta,El primer evento no fue una colision con un vehiculo automotor en transporte,Not an Intersection,No fue interseccion,Sobre el lado de la calle,Ninguna,Dia total,Despejado,No,NO APLICA,15,17,15,25,1,18/09/2022,1
8,Colorado,80509,0,0,2,0,1,ADAMS (1),0,NO APLICA,9,Septiembre,30,2022,21,35,SR-470   E-470,3,Highway estatal,Urbano,Arterial Principal -Freeway o ExpressWay,State Highway Agency,1,Sin jurisdiccion especial,219,39.76044167,-104.7165194,Vehiculo en movimiento,Angulo,Not an Intersection,No fue interseccion,Sobre calle,Ninguna,Oscuro sin iluminacion,lluvia,No,NO APLICA,99,99,99,99,1,30/09/2022,2
8,Colorado,80510,1,1,1,0,59,JEFFERSON (59),2555,WHEAT RIDGE,9,Septiembre,29,2022,20,51,SR-391   KIPLING ST,3,Highway estatal,Urbano,Arteria Principal,State Highway Agency,1,Sin jurisdiccion especial,88,39.77473333,-105.1097472,Peaton,El primer evento no fue una colision con un vehiculo automotor en transporte,Not an Intersection,No fue interseccion,Sobre calle,Ninguna,Dia total,Despejado,No,NO APLICA,20,52,20,57,1,29/09/2022,2
8,Colorado,80511,1,1,3,0,41,EL PASO (41),430,COLORADO SPRINGS,9,Septiembre,27,2022,22,7,MAIZELAND RD,6,Calle Local Municipalidad,Urbano,Arteria Menor,City or Municipal Highway Agency,0,Sin jurisdiccion especial,0,38.86788333,-104.7596833,Ciclista,El primer evento no fue una colision con un vehiculo automotor en transporte,Not an Intersection,No fue interseccion,Sobre calle,Ninguna,Oscuro sin iluminacion,Despejado,No,NO APLICA,22,7,22,8,1,27/09/2022,3