Estado,Nombre de Estado,Numero de Caso,Peatones,Personas _no_vehiculos,Vehiculos automotores,Vehiculos estacionados,Condado,Nombre Condado,Ciudad,Nombre Ciudad,Mes,Nombre Mes,Dia,Año,Hora,Minuto,Calle,Ruta,Nombre Ruta,Rural o Urbanoo,Sistema Funcional,Dueño Calle,Sistema Nacional Carreteras,Jurisdiccion Especial,Milla,Latitud,Longitud,Causa del Accidente,Tipo de Accidente,Tipo Interseccion,Columna1,Lugar en la calle,Zona de Trabajo,Luz,Clima,Autobus Escolar,Cruce de Trenes,Hora Notificacion,Minuto Notificacion,Hora Llegada,Minuto Llegada,Decesos,Fecha,PersonaVehiculo
8,Colorado,80512,1,1,1,0,31,DENVER (31),600,DENVER,9,Septiembre,14,2022,20,18,W 38TH AVE,6,Calle Local Municipalidad,Urbano,Arteria Menor,City or Municipal Highway Agency,0,Sin jurisdiccion especial,0,39.76925,-105.0174611,Peaton,El primer evento no fue una colision con un vehiculo automotor en transporte,Four-Way Intersection,Interseccion de 4 direcciones,Sobre calle,Ninguna,Oscuro con iluminacion,Despejado,No,NO APLICA,20,18,20,22,1,14/09/2022,1
8,Colorado,80513,0,0,2,0,31,DENVER (31),600,DENVER,5,Mayo,6,2022,2,5,E 56TH AVE,6,Calle Local Municipalidad,Urbano,Arteria Principal,City or Municipal Highway Agency,1,Sin jurisdiccion especial,0,39.79807222,-104.8288889,Vehiculo en movimiento,Frente a frente,Not an Intersection,No fue interseccion,Sobre calle,Ninguna,Oscuro sin iluminacion,Despejado,No,NO APLICA,2,5,2,9,1,06/05/2022,4
8,Colorado,80514,0,0,1,0,13,BOULDER (13),1560,LYONS,5,Mayo,26,2022,19,6,US-36   W MAIN ST,2,US Highway,Rural,Arteria Principal,State Highway Agency,1,Sin jurisdiccion especial,202,40.22598056,-105.27245,Banqueta,El primer evento no fue una colision con un vehiculo automotor en transporte,Not an Intersection,No fue interseccion,Sobre el lado de la calle,Ninguna,Dia total,Despejado,No,NO APLICA,19,46,19,55,1,26/05/2022,1
8,Colorado,80515,0,0,1,0,123,WELD (123),0,NO APLICA,10,Octubre,1,2022,17,10,CR-47,4,Calle del Condado,Rural,Local,County Highway Agency,0,Sin jurisdiccion especial,0,40.45702222,-104.6211333,Culvert,El primer evento no fue una colision con un vehiculo automotor en transporte,Not an Intersection,No fue interseccion,Sobre el lado de la calle,Ninguna,Dia total,lluvia,No,NO APLICA,99,99,99,99,1,01/10/2022,1
8,Colorado,80516,0,0,1,0,69,LARIMER (69),0,NO APLICA,10,Octubre,1,2022,4,0,CR-27,4,Calle del Condado,Rural,Colector Mayor,County Highway Agency,0,Sin jurisdiccion especial,0,40.43408056,-105.1958917,Arbol,El primer evento no fue una colision con un vehiculo automotor en transporte,Not an Intersection,No fue interseccion,Sobre el lado de la calle,Ninguna,Oscuro sin iluminacion,lluvia,No,NO APLICA,99,99,99,99,1,01/10/2022,3
8,Colorado,80517,0,0,2,0,117,SUMMIT (117),0,NO APLICA,10,Octubre,1,2022,12,0,I-70,1,Interestatal,Rural,Interestatal,State Highway Agency,1,Sin jurisdiccion especial,2110,39.66548056,-105.9779139,Vehiculo en movimiento,Golpe Lateral - misma direccion,Not an Intersection,No fue interseccion,Sobre calle,Ninguna,Dia total,Nublado,No,NO APLICA,99,99,99,99,1,01/10/2022,3
8,Colorado,80518,0,0,2,0,123,WELD (123),1070,GREELEY,10,Octubre,6,2022,4,17,US-34 BUSN RT   10TH ST,2,US Highway,Urbano,Arteria Principal,State Highway Agency,1,Sin jurisdiccion especial,56,40.42125556,-104.7752833,Vehiculo en movimiento,Angulo,Four-Way Intersection,Interseccion de 4 direcciones,Sobre calle,Ninguna,Oscuro con iluminacion,Despejado,No,NO APLICA,4,19,4,21,1,06/10/2022,5
8,Colorado,80519,0,0,1,0,55,HUERFANO (55),0,NO APLICA,10,Octubre,7,2022,18,16,SR-69,3,Highway estatal,Rural,Arteria Menor,State Highway Agency,0,Sin jurisdiccion especial,211,37.76149444,-105.1005556,Volcadura,El primer evento no fue una colision con un vehiculo automotor en transporte,Not an Intersection,No fue interseccion,Sobre el lado de la calle,Ninguna,Atardecer,Despejado,No,NO APLICA,99,99,99,99,1,07/10/2022,1
8,Colorado,80520,0,0,3,0,101,PUEBLO (101),0,NO APLICA,10,Octubre,7,2022,21,6,US-50,2,US Highway,Rural,Arteria Principal,State Highway Agency,1,Sin jurisdiccion especial,3390,38.19565,-104.2216611,Vehiculo en movimiento,Frente a frente,Not an Intersection,No fue interseccion,Sobre calle,Ninguna,Oscuro sin iluminacion,Despejado,No,NO APLICA,99,99,99,99,1,07/10/2022,5
8,Colorado,80521,0,0,2,0,35,DOUGLAS (35),0,NO APLICA,10,Octubre,8,2022,2,12,I-25,1,Interestatal,Urbano,Interestatal,State Highway Agency,1,Sin jurisdiccion especial,1875,39.45779722,-104.8750583,Vehiculo en movimiento,Frente a Detrás,Not an Intersection,No fue interseccion,Sobre calle,Ninguna,Oscuro con iluminacion,Despejado,No,NO APLICA,2,14,2,18,2,08/10/2022,4
8,Colorado,80522,0,0,2,0,13,BOULDER (13),0,NO APLICA,10,Octubre,9,2022,14,0,CR-LEFTHAND CANYON DR,4,Calle del Condado,Rural,Colector Mayor,County Highway Agency,0,Sin jurisdiccion especial,30,40.10959444,-105.3130056,Volcadura,El primer evento no fue una colision con un vehiculo automotor en transporte,Not an Intersection,No fue interseccion,Sobre calle,Ninguna,Dia total,Despejado,No,NO APLICA,14,3,14,15,1,09/10/2022,2
8,Colorado,80523,0,0,2,0,1,ADAMS (1),2427,THORNTON,10,Octubre,9,2022,0,45,QUEBEC ST,6,Calle Local Municipalidad,Urbano,Arteria Principal,City or Municipal Highway Agency,1,Sin jurisdiccion especial,0,39.91435,-104.9030944,Vehiculo en movimiento,Angulo,Four-Way Intersection,Interseccion de 4 direcciones,Sobre calle,Ninguna,Oscuro con iluminacion,Despejado,No,NO APLICA,0,46,0,51,1,09/10/2022,6
8,Colorado,80524,0,0,2,0,63,KIT CARSON (63),0,NO APLICA,10,Octubre,10,2022,4,39,I-70,1,Interestatal,Rural,Interestatal,State Highway Agency,1,Sin jurisdiccion especial,4403,39.31245556,-102.2201,Vehiculo en movimiento,Frente a Detrás,Not an Intersection,No fue interseccion,Sobre Acotamiento,Ninguna,Oscuro sin iluminacion,Despejado,No,NO APLICA,99,99,99,99,1,10/10/2022,3
8,Colorado,80525,0,0,1,0,59,JEFFERSON (59),1435,LAKEWOOD,10,Octubre,8,2022,20,31,US-6   W 6TH AVE,2,US Highway,Urbano,Arterial Principal -Freeway o ExpressWay,State Highway Agency,1,Sin jurisdiccion especial,2809,39.7255,-105.0806722,Volcadura,El primer evento no fue una colision con un vehiculo automotor en transporte,Not an Intersection,No fue interseccion,Sobre calle,Ninguna,Oscuro con iluminacion,Despejado,No,NO APLICA,99,99,99,99,1,08/10/2022,2
8,Colorado,80526,0,0,2,1,1,ADAMS (1),0,NO APLICA,10,Octubre,9,2022,0,58,CR-CONIFER RD,4,Calle del Condado,Urbano,Colector Mayor,County Highway Agency,0,Sin jurisdiccion especial,0,39.83559722,-104.9878194,Banqueta,El primer evento no fue una colision con un vehiculo automotor en transporte,Not an Intersection,No fue interseccion,Sobre el lado de la calle,Ninguna,Oscuro con iluminacion,Despejado,No,NO APLICA,0,53,1,0,1,09/10/2022,1
8,Colorado,80527,0,0,2,0,93,PARK (93),0,NO APLICA,10,Octubre,10,2022,13,57,US-24,2,US Highway,Rural,Arteria Menor,State Highway Agency,0,Sin jurisdiccion especial,2539,39.04347222,-105.5296444,Vehiculo en movimiento,Frente a frente,Not an Intersection,No fue interseccion,Sobre calle,Ninguna,Dia total,Despejado,No,NO APLICA,99,99,99,99,1,10/10/2022,3
8,Colorado,80528,0,0,1,0,79,MINERAL (79),0,NO APLICA,10,Octubre,10,2022,18,0,US-160,2,US Highway,Rural,Arteria Principal,State Highway Agency,1,Sin jurisdiccion especial,1605,37.45064167,-106.8886444,Volcadura,El primer evento no fue una colision con un vehiculo automotor en transporte,Not an Intersection,No fue interseccion,Sobre calle,Ninguna,Dia total,Despejado,No,NO APLICA,18,4,18,25,1,10/10/2022,1
8,Colorado,80529,0,0,2,0,59,JEFFERSON (59),80,ARVADA,10,Octubre,5,2022,14,41,W 64TH AVE,6,Calle Local Municipalidad,Urbano,Arteria Menor,City or Municipal Highway Agency,0,Sin jurisdiccion especial,0,39.81267222,-105.1320889,Vehiculo en movimiento,Angulo,T-Intersection,Interseccion de T,Sobre calle,Ninguna,Dia total,Despejado,No,NO APLICA,14,41,14,45,1,05/10/2022,2
8,Colorado,80530,0,0,1,0,29,DELTA (29),0,NO APLICA,10,Octubre,12,2022,3,0,SR-133,3,Highway estatal,Rural,Arteria Menor,State Highway Agency,0,Sin jurisdiccion especial,20,38.81916667,-107.6913194,Volcadura,El primer evento no fue una colision con un vehiculo automotor en transporte,Not an Intersection,No fue interseccion,Sobre el lado de la calle,Ninguna,Oscuro sin iluminacion,Despejado,No,NO APLICA,99,99,99,99,2,12/10/2022,4
8,Colorado,80531,2,2,2,0,35,DOUGLAS (35),0,NO APLICA,10,Octubre,12,2022,22,30,I-25,1,Interestatal,Urbano,Interestatal,State Highway Agency,1,Sin jurisdiccion especial,1815,39.37427778,-104.8628444,Valla Ferrocarril,El primer evento no fue una colision con un vehiculo automotor en transporte,Not an Intersection,No fue interseccion,Sobre el lado de la calle,Ninguna,Oscuro sin iluminacion,Despejado,No,NO APLICA,22,33,22,39,2,12/10/2022,1
8,Colorado,80532,0,0,1,0,15,CHAFFEE (15),0,NO APLICA,10,Octubre,13,2022,12,0,CR-175,4,Calle del Condado,Rural,Colector Menor,County Highway Agency,0,Sin jurisdiccion especial,60,38.59864444,-105.9553667,Volcadura,El primer evento no fue una colision con un vehiculo automotor en transporte,Not an Intersection,No fue interseccion,Sobre el lado de la calle,Ninguna,Dia total,Despejado,No,NO APLICA,99,99,99,99,1,13/10/2022,1
8,Colorado,80533,0,0,2,0,1,ADAMS (1),2427,THORNTON,10,Octubre,15,2022,0,42,E 104TH AVE,6,Calle Local Municipalidad,Urbano,Arteria Principal,City or Municipal Highway Agency,1,Sin jurisdiccion especial,0,39.88499444,-104.968475,Vehiculo en movimiento,Angulo,Not an Intersection,No fue interseccion,Sobre calle,Ninguna,Oscuro con iluminacion,Despejado,No,NO APLICA,0,42,0,47,1,15/10/2022,2
8,Colorado,80534,0,0,4,0,55,HUERFANO (55),0,NO APLICA,10,Octubre,16,2022,15,5,US-160,2,US Highway,Rural,Arteria Principal,State Highway Agency,1,Sin jurisdiccion especial,2937,37.55114444,-104.9651167,Vehiculo en movimiento,Golpe Lateral - direccion contraria,Not an Intersection,No fue interseccion,Sobre calle,Ninguna,Dia total,Nublado,No,NO APLICA,99,99,99,99,2,16/10/2022,6
8,Colorado,80535,1,1,1,0,123,WELD (123),1070,GREELEY,10,Octubre,16,2022,5,21,US-34   HWY 34 BYPASS,2,US Highway,Urbano,Arteria Principal,State Highway Agency,1,Sin jurisdiccion especial,1117,40.39209444,-104.7063722,Peaton,El primer evento no fue una colision con un vehiculo automotor en transporte,T-Intersection,Interseccion de T,Sobre calle,Ninguna,Oscuro sin iluminacion,Despejado,No,NO APLICA,5,21,5,28,1,16/10/2022,1
8,Colorado,80536,0,0,1,0,67,LA PLATA (67),650,DURANGO,10,Octubre,17,2022,7,22,US-160,2,US Highway,Urbano,Arteria Principal,State Highway Agency,1,Sin jurisdiccion especial,859,37.23485556,-107.8680306,Valla Ferrocarril,El primer evento no fue una colision con un vehiculo automotor en transporte,Not an Intersection,No fue interseccion,Sobre el lado de la calle,Ninguna,Oscuro con iluminacion,Despejado,No,NO APLICA,7,25,7,30,1,17/10/2022,2
8,Colorado,80537,0,0,1,0,41,EL PASO (41),0,NO APLICA,10,Octubre,13,2022,3,40,CR-JUDGE ORR RD,4,Calle del Condado,Rural,Arteria Menor,County Highway Agency,0,Sin jurisdiccion especial,0,38.95420556,-104.3362778,Volcadura,El primer evento no fue una colision con un vehiculo automotor en transporte,Not an Intersection,No fue interseccion,Sobre el lado de la calle,Ninguna,Oscuro sin iluminacion,Despejado,No,NO APLICA,3,47,99,99,1,13/10/2022,3
8,Colorado,80538,0,0,2,0,35,DOUGLAS (35),1952,PARKER,10,Octubre,26,2022,16,21,S DRANSFIELD RD,6,Calle Local Municipalidad,Urbano,Colector Mayor,City or Municipal Highway Agency,0,Sin jurisdiccion especial,0,39.52222222,-104.7709917,Vehiculo en movimiento,Frente a frente,Not an Intersection,No fue interseccion,Sobre calle,Ninguna,Dia total,Despejado,No,NO APLICA,99,99,99,99,1,26/10/2022,2
8,Colorado,80539,0,0,1,0,55,HUERFANO (55),0,NO APLICA,10,Octubre,18,2022,6,15,SR-69,3,Highway estatal,Rural,Arteria Menor,State Highway Agency,0,Sin jurisdiccion especial,14,37.64747222,-104.8171056,Volcadura,El primer evento no fue una colision con un vehiculo automotor en transporte,Not an Intersection,No fue interseccion,Sobre el lado de la calle,Ninguna,Oscuro sin iluminacion,Despejado,No,NO APLICA,99,99,99,99,1,18/10/2022,1
8,Colorado,80540,0,0,2,0,69,LARIMER (69),0,NO APLICA,10,Octubre,18,2022,16,44,CR-43,4,Calle del Condado,Rural,Colector Mayor,County Highway Agency,0,Sin jurisdiccion especial,0,40.43668889,-105.3509361,Vehiculo en movimiento,Golpe Lateral - direccion contraria,Not an Intersection,No fue interseccion,Sobre calle,Ninguna,Dia total,Despejado,No,NO APLICA,16,45,17,5,1,18/10/2022,2
8,Colorado,80541,0,0,1,0,13,BOULDER (13),0,NO APLICA,10,Octubre,19,2022,16,58,SR-72,3,Highway estatal,Rural,Arteria Menor,State Highway Agency,0,Sin jurisdiccion especial,445,40.08055556,-105.4988944,Volcadura,El primer evento no fue una colision con un vehiculo automotor en transporte,Not an Intersection,No fue interseccion,Sobre el lado de la calle,Ninguna,Dia total,Despejado,No,NO APLICA,16,54,17,3,1,19/10/2022,1
8,Colorado,80542,0,0,2,0,41,EL PASO (41),0,NO APLICA,10,Octubre,20,2022,8,44,I-25,1,Interestatal,Rural,Interestatal,State Highway Agency,1,Sin jurisdiccion especial,1219,38.5918,-104.6718333,Vehiculo en movimiento,Frente a Detrás,Not an Intersection,No fue interseccion,Sobre calle,Ninguna,Dia total,Despejado,No,NO APLICA,99,99,99,99,1,20/10/2022,3
8,Colorado,80543,1,1,1,0,1,ADAMS (1),2550,WESTMINSTER,10,Octubre,21,2022,0,0,US-287   FEDERAL BLVD,2,US Highway,Urbano,Arteria Principal,State Highway Agency,1,Sin jurisdiccion especial,2890,39.83015833,-105.0250306,Peaton,El primer evento no fue una colision con un vehiculo automotor en transporte,Not an Intersection,No fue interseccion,Sobre calle,Ninguna,Oscuro con iluminacion,Despejado,No,NO APLICA,0,1,0,6,1,21/10/2022,1
8,Colorado,80544,0,0,1,0,5,ARAPAHOE (5),740,ENGLEWOOD,10,Octubre,20,2022,22,5,S BROADWAY ST,6,Calle Local Municipalidad,Urbano,Arteria Principal,City or Municipal Highway Agency,1,Sin jurisdiccion especial,0,39.62206111,-104.9878194,Soporte de  señalamiento de transito,El primer evento no fue una colision con un vehiculo automotor en transporte,T-Intersection,Interseccion de T,Sobre el lado de la calle,Ninguna,Oscuro con iluminacion,Despejado,No,NO APLICA,22,9,22,12,2,20/10/2022,3
8,Colorado,80545,1,1,1,0,1,ADAMS (1),230,BRIGHTON,10,Octubre,21,2022,16,46,E 168TH AVE,6,Calle Local Municipalidad,Urbano,Arteria Menor,City or Municipal Highway Agency,0,Sin jurisdiccion especial,0,40.00036389,-104.7618389,Peaton,El primer evento no fue una colision con un vehiculo automotor en transporte,Four-Way Intersection,Interseccion de 4 direcciones,Sobre calle,Ninguna,Dia total,Despejado,No,NO APLICA,16,48,16,53,1,21/10/2022,1
8,Colorado,80546,0,0,2,0,13,BOULDER (13),0,NO APLICA,10,Octubre,22,2022,8,25,SR-119,3,Highway estatal,Urbano,Arteria Principal,State Highway Agency,1,Sin jurisdiccion especial,521,40.11642778,-105.1597444,Vehiculo en movimiento,Angulo,Four-Way Intersection,Interseccion de 4 direcciones,Sobre calle,Ninguna,Dia total,Despejado,No,NO APLICA,8,29,8,36,2,22/10/2022,4
8,Colorado,80547,0,0,3,0,101,PUEBLO (101),0,NO APLICA,10,Octubre,22,2022,21,19,US-50,2,US Highway,Urbano,Arterial Principal -Freeway o ExpressWay,State Highway Agency,1,Sin jurisdiccion especial,3117,38.31515556,-104.6692417,Vehiculo en movimiento,Golpe Lateral - misma direccion,Not an Intersection,No fue interseccion,Sobre calle,Ninguna,Oscuro sin iluminacion,Despejado,No,NO APLICA,99,99,99,99,1,22/10/2022,6
8,Colorado,80548,0,0,2,0,83,MONTEZUMA (83),0,NO APLICA,10,Octubre,23,2022,21,22,US-160,2,US Highway,Rural,Arteria Principal,State Highway Agency,1,Sin jurisdiccion especial,324,37.27558333,-108.6316111,Animal vivo,El primer evento no fue una colision con un vehiculo automotor en transporte,Not an Intersection,No fue interseccion,Sobre calle,Ninguna,Oscuro sin iluminacion,Despejado,No,NO APLICA,21,22,99,99,2,23/10/2022,6
8,Colorado,80549,0,0,2,0,41,EL PASO (41),0,NO APLICA,10,Octubre,23,2022,0,15,I-25,1,Interestatal,Urbano,Interestatal,State Highway Agency,1,Sin jurisdiccion especial,1498,38.94676944,-104.8137444,Vehiculo en movimiento,Frente a frente,Not an Intersection,No fue interseccion,Sobre calle,Ninguna,Oscuro con iluminacion,Despejado,No,NO APLICA,99,99,99,99,1,23/10/2022,2
8,Colorado,80550,0,0,2,0,41,EL PASO (41),430,COLORADO SPRINGS,10,Octubre,12,2022,18,50,E BOULDER ST,6,Calle Local Municipalidad,Urbano,Arteria Menor,City or Municipal Highway Agency,0,Sin jurisdiccion especial,0,38.83838333,-104.7873667,Vehiculo en movimiento,Frente a frente,Four-Way Intersection,Interseccion de 4 direcciones,Sobre calle,Ninguna,Atardecer,Despejado,No,NO APLICA,18,50,18,57,1,12/10/2022,3
8,Colorado,80551,0,0,1,0,5,ARAPAHOE (5),0,NO APLICA,10,Octubre,16,2022,19,16,CR-S HAVANA ST,4,Calle del Condado,Urbano,Arteria Principal,County Highway Agency,1,Sin jurisdiccion especial,0,39.58261111,-104.8670167,Banqueta,El primer evento no fue una colision con un vehiculo automotor en transporte,Not an Intersection,No fue interseccion,En el medio,Ninguna,Oscuro con iluminacion,Despejado,No,NO APLICA,19,23,19,28,1,16/10/2022,1
8,Colorado,80552,1,1,1,0,41,EL PASO (41),430,COLORADO SPRINGS,10,Octubre,11,2022,13,0,UNION BLVD,6,Calle Local Municipalidad,Urbano,Arteria Principal,City or Municipal Highway Agency,1,Sin jurisdiccion especial,0,38.83565833,-104.7946222,Peaton,El primer evento no fue una colision con un vehiculo automotor en transporte,Four-Way Intersection,Interseccion de 4 direcciones,Sobre calle,Ninguna,Dia total,Despejado,No,NO APLICA,13,3,13,6,1,11/10/2022,1
8,Colorado,80553,0,0,1,0,59,JEFFERSON (59),0,NO APLICA,10,Octubre,22,2022,12,30,CR-HIGH GRADE RD,4,Calle del Condado,Rural,Colector Menor,County Highway Agency,0,Sin jurisdiccion especial,0,39.50818889,-105.1890833,Volcadura,El primer evento no fue una colision con un vehiculo automotor en transporte,Not an Intersection,No fue interseccion,Sobre el lado de la calle,Ninguna,Dia total,Despejado,No,NO APLICA,88,88,88,88,1,22/10/2022,1
8,Colorado,80554,0,0,2,0,35,DOUGLAS (35),1529,LONE TREE,10,Octubre,23,2022,6,13,LINCOLN AVE,6,Calle Local Municipalidad,Urbano,Arteria Principal,City or Municipal Highway Agency,1,Sin jurisdiccion especial,0,39.53633333,-104.8730889,Vehiculo en movimiento,Angulo,Four-Way Intersection,Interseccion de 4 direcciones,Sobre calle,Ninguna,Amanecer,Despejado,No,NO APLICA,99,99,6,20,1,23/10/2022,2
8,Colorado,80555,0,0,1,0,23,COSTILLA (23),0,NO APLICA,10,Octubre,24,2022,8,59,US-160,2,US Highway,Rural,Arteria Principal,State Highway Agency,1,Sin jurisdiccion especial,2553,37.43261111,-105.4837611,Culvert,El primer evento no fue una colision con un vehiculo automotor en transporte,Not an Intersection,No fue interseccion,Sobre el lado de la calle,Ninguna,Dia total,Nublado,No,NO APLICA,9,1,9,16,1,24/10/2022,2
8,Colorado,80556,0,0,1,0,35,DOUGLAS (35),0,NO APLICA,10,Octubre,24,2022,0,15,CR-N CASTLEWOOD CANYON RD,4,Calle del Condado,Rural,Local,County Highway Agency,0,Sin jurisdiccion especial,0,39.37266667,-104.7613444,Poste o otros soportes,El primer evento no fue una colision con un vehiculo automotor en transporte,Not an Intersection,No fue interseccion,Sobre el lado de la calle,Ninguna,Oscuro sin iluminacion,lluvia,No,NO APLICA,7,13,7,16,1,24/10/2022,1
8,Colorado,80557,0,0,2,0,41,EL PASO (41),0,NO APLICA,10,Octubre,25,2022,17,55,CR-CALHAN HWY,4,Calle del Condado,Rural,Arteria Menor,County Highway Agency,0,Sin jurisdiccion especial,0,38.95450556,-104.2943222,Vehiculo en movimiento,Angulo,Four-Way Intersection,Interseccion de 4 direcciones,Sobre calle,Ninguna,Dia total,Nublado,No,NO APLICA,99,99,99,99,1,25/10/2022,3
8,Colorado,80558,0,0,1,0,31,DENVER (31),600,DENVER,10,Octubre,12,2022,22,31,19TH ST,6,Calle Local Municipalidad,Urbano,Local,City or Municipal Highway Agency,0,Sin jurisdiccion especial,0,39.75481111,-104.9974778,Muro,El primer evento no fue una colision con un vehiculo automotor en transporte,Not an Intersection,No fue interseccion,Sobre el lado de la calle,Ninguna,Oscuro con iluminacion,Despejado,No,NO APLICA,22,34,22,35,1,12/10/2022,1
8,Colorado,80560,2,2,2,0,5,ARAPAHOE (5),0,NO APLICA,10,Octubre,22,2022,3,11,I-70,1,Interestatal,Urbano,Interestatal,State Highway Agency,1,Sin jurisdiccion especial,2883,39.74012222,-104.7304306,Vehiculo en movimiento,Angulo,Not an Intersection,No fue interseccion,Sobre calle,Ninguna,Oscuro con iluminacion,Despejado,No,NO APLICA,99,99,99,99,2,22/10/2022,1
8,Colorado,80561,1,1,2,0,77,MESA (77),1040,GRAND JUNCTION,10,Octubre,18,2022,23,14,D RD,6,Calle Local Municipalidad,Urbano,Arteria Menor,City or Municipal Highway Agency,0,Sin jurisdiccion especial,0,39.06286667,-108.5045417,Peaton,El primer evento no fue una colision con un vehiculo automotor en transporte,Not an Intersection,No fue interseccion,Sobre calle,Ninguna,Oscuro sin iluminacion,Despejado,No,NO APLICA,23,16,23,22,1,18/10/2022,2
8,Colorado,80562,1,1,2,0,19,CLEAR CREEK (19),970,GEORGETOWN,10,Octubre,27,2022,7,24,I-70,1,Interestatal,Rural,Interestatal,State Highway Agency,1,Sin jurisdiccion especial,2287,39.72730278,-105.6939889,Peaton,El primer evento no fue una colision con un vehiculo automotor en transporte,Not an Intersection,No fue interseccion,Sobre Acotamiento,Ninguna,Dia total,Nublado,No,NO APLICA,7,20,7,34,1,27/10/2022,1
8,Colorado,80563,0,0,3,0,5,ARAPAHOE (5),110,AURORA,10,Octubre,22,2022,16,46,S PEORIA ST,6,Calle Local Municipalidad,Urbano,Arteria Principal,City or Municipal Highway Agency,1,Sin jurisdiccion especial,0,39.67665556,-104.8473639,Vehiculo en movimiento,Angulo,T-Intersection,Interseccion de T,Sobre calle,Ninguna,Dia total,Despejado,No,NO APLICA,16,46,16,50,1,22/10/2022,6
8,Colorado,80564,0,0,1,0,5,ARAPAHOE (5),110,AURORA,10,Octubre,12,2022,9,23,S WACO ST,6,Calle Local Municipalidad,Urbano,Local,City or Municipal Highway Agency,0,Sin jurisdiccion especial,0,39.65591389,-104.7771694,Banqueta,El primer evento no fue una colision con un vehiculo automotor en transporte,L-Intersection,Interseccion en L,Sobre el lado de la calle,Ninguna,Dia total,Despejado,No,NO APLICA,9,23,9,30,1,12/10/2022,1
8,Colorado,80565,0,0,2,0,59,JEFFERSON (59),2550,WESTMINSTER,10,Octubre,28,2022,18,48,SR-95   N SHERIDAN BLVD,3,Highway estatal,Urbano,Arteria Principal,State Highway Agency,1,Sin jurisdiccion especial,122,39.82894444,-105.0532722,Vehiculo en movimiento,Angulo,Four-Way Intersection,Interseccion de 4 direcciones,Sobre calle,Ninguna,Oscuro con iluminacion,Despejado,No,NO APLICA,18,48,18,48,1,28/10/2022,2
8,Colorado,80566,0,0,1,0,123,WELD (123),0,NO APLICA,10,Octubre,29,2022,2,0,I-76,1,Interestatal,Rural,Interestatal,State Highway Agency,1,Sin jurisdiccion especial,447,40.1658,-104.4380333,Volcadura,El primer evento no fue una colision con un vehiculo automotor en transporte,Not an Intersection,No fue interseccion,Sobre calle,Ninguna,Oscuro sin iluminacion,Despejado,No,NO APLICA,7,45,7,51,1,29/10/2022,1
8,Colorado,80567,0,0,1,0,41,EL PASO (41),430,COLORADO SPRINGS,10,Octubre,22,2022,17,6,US-24   E FOUNTAIN BLVD,2,US Highway,Urbano,Arterial Principal -Freeway o ExpressWay,State Highway Agency,1,Sin jurisdiccion especial,3057,38.81795833,-104.7741667,Banqueta,El primer evento no fue una colision con un vehiculo automotor en transporte,Not an Intersection,No fue interseccion,En el medio,Ninguna,Dia total,Despejado,No,NO APLICA,99,99,99,99,1,22/10/2022,1
8,Colorado,80568,1,1,1,0,41,EL PASO (41),430,COLORADO SPRINGS,10,Octubre,25,2022,19,49,W GARDEN OF THE GODS RD,6,Calle Local Municipalidad,Urbano,Arteria Principal,City or Municipal Highway Agency,1,Sin jurisdiccion especial,0,38.89678333,-104.8282778,Peaton,El primer evento no fue una colision con un vehiculo automotor en transporte,Not an Intersection,No fue interseccion,Sobre calle,Ninguna,Oscuro con iluminacion,Despejado,No,NO APLICA,19,53,19,56,1,25/10/2022,1
8,Colorado,80569,0,0,2,0,87,MORGAN (87),0,NO APLICA,10,Octubre,31,2022,16,36,US-34,2,US Highway,Rural,Arteria Menor,State Highway Agency,0,Sin jurisdiccion especial,1685,40.25386111,-103.6972778,Vehiculo en movimiento,Golpe Lateral - misma direccion,Four-Way Intersection,Interseccion de 4 direcciones,Sobre calle,Ninguna,Dia total,Despejado,No,NO APLICA,99,99,99,99,1,31/10/2022,2
8,Colorado,80570,1,1,1,0,1,ADAMS (1),2427,THORNTON,10,Octubre,15,2022,13,23,I-25,1,Interestatal,Urbano,Interestatal,State Highway Agency,1,Sin jurisdiccion especial,2203,39.87413056,-104.9874056,Peaton,El primer evento no fue una colision con un vehiculo automotor en transporte,Not an Intersection,No fue interseccion,Sobre calle,Ninguna,Dia total,Despejado,No,NO APLICA,13,26,13,28,1,15/10/2022,1
8,Colorado,80571,0,0,1,0,87,MORGAN (87),0,NO APLICA,10,Octubre,29,2022,1,40,I-76,1,Interestatal,Rural,Interestatal,State Highway Agency,1,Sin jurisdiccion especial,828,40.26311667,-103.7522917,Volcadura,El primer evento no fue una colision con un vehiculo automotor en transporte,Not an Intersection,No fue interseccion,En el medio,Ninguna,Oscuro sin iluminacion,Despejado,No,NO APLICA,99,99,99,99,1,29/10/2022,4
8,Colorado,80572,0,0,1,0,5,ARAPAHOE (5),0,NO APLICA,10,Octubre,30,2022,10,8,CR-E HAMPDEN AVE,4,Calle del Condado,Urbano,Arteria Menor,County Highway Agency,0,Sin jurisdiccion especial,0,39.65315,-104.7542,Otro objeto (fijo),El primer evento no fue una colision con un vehiculo automotor en transporte,Not an Intersection,No fue interseccion,Sobre el lado de la calle,Ninguna,Dia total,Despejado,No,NO APLICA,99,99,99,99,2,30/10/2022,2
8,Colorado,80573,1,1,1,0,41,EL PASO (41),0,NO APLICA,10,Octubre,31,2022,19,4,CR-CONSTITUTION AVE,4,Calle del Condado,Urbano,Arteria Principal,County Highway Agency,1,Sin jurisdiccion especial,0,38.86805,-104.7015278,Peaton,El primer evento no fue una colision con un vehiculo automotor en transporte,Four-Way Intersection,Interseccion de 4 direcciones,Sobre calle,Ninguna,Oscuro con iluminacion,Despejado,No,NO APLICA,99,99,99,99,1,31/10/2022,1