Estado,Nombre de Estado,Numero de Caso,Peatones,Personas _no_vehiculos,Vehiculos automotores,Vehiculos estacionados,Condado,Nombre Condado,Ciudad,Nombre Ciudad,Mes,Nombre Mes,Dia,Año,Hora,Minuto,Calle,Ruta,Nombre Ruta,Rural o Urbanoo,Sistema Funcional,Dueño Calle,Sistema Nacional Carreteras,Jurisdiccion Especial,Milla,Latitud,Longitud,Causa del Accidente,Tipo de Accidente,Tipo Interseccion,Columna1,Lugar en la calle,Zona de Trabajo,Luz,Clima,Autobus Escolar,Cruce de Trenes,Hora Notificacion,Minuto Notificacion,Hora Llegada,Minuto Llegada,Decesos,Fecha,PersonaVehiculo
8,Colorado,80574,0,0,1,0,123,WELD (123),0,NO APLICA,10,Octubre,23,2022,15,5,I-76,1,Interestatal,Rural,Interestatal,State Highway Agency,1,Sin jurisdiccion especial,435,40.15690278,-104.4562972,Volcadura,El primer evento no fue una colision con un vehiculo automotor en transporte,Not an Intersection,No fue interseccion,Sobre el lado de la calle,Ninguna,Dia total,Despejado,No,NO APLICA,99,99,99,99,1,23/10/2022,3
8,Colorado,80575,1,1,1,0,41,EL PASO (41),430,COLORADO SPRINGS,10,Octubre,26,2022,15,1,VINDICATOR DR,6,Calle Local Municipalidad,Urbano,Arteria Principal,City or Municipal Highway Agency,1,Sin jurisdiccion especial,0,38.9241,-104.8477361,Ciclista,El primer evento no fue una colision con un vehiculo automotor en transporte,T-Intersection,Interseccion de T,Sobre calle,Ninguna,Dia total,Despejado,No,NO APLICA,15,1,15,5,1,26/10/2022,1
8,Colorado,80576,0,0,3,0,41,EL PASO (41),430,COLORADO SPRINGS,10,Octubre,28,2022,20,18,LAKE AVE,6,Calle Local Municipalidad,Urbano,Arteria Principal,City or Municipal Highway Agency,1,Sin jurisdiccion especial,0,38.7958,-104.8035167,Vehiculo en movimiento,Angulo,Four-Way Intersection,Interseccion de 4 direcciones,Sobre calle,Ninguna,Oscuro con iluminacion,Despejado,No,NO APLICA,20,20,20,25,1,28/10/2022,7
8,Colorado,80577,0,0,2,0,41,EL PASO (41),430,COLORADO SPRINGS,10,Octubre,30,2022,6,25,N UNION BLVD,6,Calle Local Municipalidad,Urbano,Arteria Principal,City or Municipal Highway Agency,1,Sin jurisdiccion especial,0,38.83723333,-104.7944194,Vehiculo en movimiento,Angulo,Four-Way Intersection,Interseccion de 4 direcciones,Sobre calle,Ninguna,Oscuro con iluminacion,Despejado,No,NO APLICA,6,27,6,31,1,30/10/2022,2
8,Colorado,80578,0,0,1,0,101,PUEBLO (101),2050,PUEBLO,10,Octubre,30,2022,9,31,DUKE ST,6,Calle Local Municipalidad,Urbano,Local,City or Municipal Highway Agency,0,Sin jurisdiccion especial,0,38.24538333,-104.6502,Volcadura,El primer evento no fue una colision con un vehiculo automotor en transporte,Not an Intersection,No fue interseccion,Sobre calle,Ninguna,Dia total,Despejado,No,NO APLICA,9,31,9,37,1,30/10/2022,4
8,Colorado,80579,0,0,1,0,41,EL PASO (41),1710,MONUMENT,10,Octubre,29,2022,21,59,KNOLLWOOD DR,6,Calle Local Municipalidad,Urbano,Local,City or Municipal Highway Agency,0,Sin jurisdiccion especial,0,39.09110278,-104.8519111,Barda,El primer evento no fue una colision con un vehiculo automotor en transporte,Four-Way Intersection,Interseccion de 4 direcciones,Fuera de la calle,Ninguna,Oscuro con iluminacion,Despejado,No,NO APLICA,21,59,22,3,2,29/10/2022,2
8,Colorado,80580,0,0,2,0,101,PUEBLO (101),2052,PUEBLO WEST,10,Octubre,5,2022,20,15,S AVENIDA DEL ORO E,6,Calle Local Municipalidad,Urbano,Local,City or Municipal Highway Agency,0,Sin jurisdiccion especial,0,38.303475,-104.7977222,Vehiculo en movimiento,Golpe Lateral - misma direccion,Not an Intersection,No fue interseccion,Sobre calle,Ninguna,Oscuro sin iluminacion,Despejado,No,NO APLICA,20,17,20,23,1,05/10/2022,3
8,Colorado,80581,0,0,2,0,13,BOULDER (13),1390,LAFAYETTE,10,Octubre,26,2022,11,47,US-287,2,US Highway,Urbano,Arteria Principal,State Highway Agency,1,Sin jurisdiccion especial,3009,39.95796667,-105.0901139,Vehiculo en movimiento,Angulo,Four-Way Intersection,Interseccion de 4 direcciones,Sobre calle,Ninguna,Dia total,Despejado,No,NO APLICA,99,99,99,99,1,26/10/2022,2
8,Colorado,80582,0,0,2,0,5,ARAPAHOE (5),110,AURORA,10,Octubre,29,2022,19,16,S BUCKLEY RD,6,Calle Local Municipalidad,Urbano,Arteria Principal,City or Municipal Highway Agency,1,Sin jurisdiccion especial,0,39.64810556,-104.7912028,Vehiculo en movimiento,Angulo,T-Intersection,Interseccion de T,Sobre calle,Ninguna,Oscuro con iluminacion,Despejado,No,NO APLICA,19,15,19,42,1,29/10/2022,12
8,Colorado,80583,0,0,2,0,67,LA PLATA (67),0,NO APLICA,10,Octubre,7,2022,21,0,US-550,2,US Highway,Rural,Arteria Principal,State Highway Agency,1,Sin jurisdiccion especial,85,37.11741111,-107.8668611,Vehiculo en movimiento,Golpe Lateral - direccion contraria,Not an Intersection,No fue interseccion,Sobre calle,Ninguna,Oscuro sin iluminacion,Despejado,No,NO APLICA,99,99,99,99,1,07/10/2022,2
8,Colorado,80584,1,1,1,0,1,ADAMS (1),110,AURORA,10,Octubre,31,2022,18,33,US-40   E COLFAX AVE,2,US Highway,Urbano,Arteria Principal,State Highway Agency,1,Sin jurisdiccion especial,3041,39.74021111,-104.8757944,Peaton,El primer evento no fue una colision con un vehiculo automotor en transporte,Not an Intersection,No fue interseccion,Sobre calle,Ninguna,Oscuro con iluminacion,Despejado,No,NO APLICA,18,34,18,34,1,31/10/2022,1
8,Colorado,80585,0,0,3,0,31,DENVER (31),600,DENVER,10,Octubre,28,2022,10,40,SR-2   N COLORADO BLVD,3,Highway estatal,Urbano,Arteria Principal,State Highway Agency,1,Sin jurisdiccion especial,75,39.76193889,-104.9405389,Vehiculo en movimiento,Angulo,Four-Way Intersection,Interseccion de 4 direcciones,Sobre calle,Ninguna,Dia total,Despejado,No,NO APLICA,10,41,10,44,1,28/10/2022,4
8,Colorado,80586,1,1,1,0,5,ARAPAHOE (5),110,AURORA,10,Octubre,7,2022,9,1,SR-30   E 6TH AVE,3,Highway estatal,Urbano,Arteria Principal,State Highway Agency,1,Sin jurisdiccion especial,108,39.7256,-104.8083222,Peaton,El primer evento no fue una colision con un vehiculo automotor en transporte,Four-Way Intersection,Interseccion de 4 direcciones,Sobre calle,Ninguna,Dia total,Despejado,No,NO APLICA,9,4,9,4,1,07/10/2022,2
8,Colorado,80587,0,0,1,0,31,DENVER (31),600,DENVER,10,Octubre,27,2022,21,6,ROSLYN ST,6,Calle Local Municipalidad,Urbano,Local,City or Municipal Highway Agency,0,Sin jurisdiccion especial,0,39.75276389,-104.8993389,Banqueta,El primer evento no fue una colision con un vehiculo automotor en transporte,Not an Intersection,No fue interseccion,Sobre el lado de la calle,Ninguna,Oscuro con iluminacion,Despejado,No,NO APLICA,21,6,21,12,1,27/10/2022,1
8,Colorado,80588,1,1,1,0,5,ARAPAHOE (5),110,AURORA,10,Octubre,14,2022,11,9,E MISSISSIPPI AVE,6,Calle Local Municipalidad,Urbano,Arteria Principal,City or Municipal Highway Agency,1,Sin jurisdiccion especial,0,39.69656667,-104.8237167,Peaton,El primer evento no fue una colision con un vehiculo automotor en transporte,Four-Way Intersection,Interseccion de 4 direcciones,Sobre calle,Ninguna,Dia total,Despejado,No,NO APLICA,11,11,11,14,1,14/10/2022,1
8,Colorado,80589,1,1,1,0,31,DENVER (31),600,DENVER,6,Junio,25,2022,1,22,W 6TH AVE,6,Calle Local Municipalidad,Urbano,Arteria Principal,City or Municipal Highway Agency,1,Sin jurisdiccion especial,0,39.72566111,-104.9951667,Ciclista,El primer evento no fue una colision con un vehiculo automotor en transporte,Four-Way Intersection,Interseccion de 4 direcciones,Sobre calle,Ninguna,Oscuro con iluminacion,Despejado,No,NO APLICA,1,22,1,27,1,25/06/2022,1
8,Colorado,80590,1,1,1,0,5,ARAPAHOE (5),110,AURORA,9,Septiembre,13,2022,7,7,E ALASKA PL,6,Calle Local Municipalidad,Urbano,Local,City or Municipal Highway Agency,0,Sin jurisdiccion especial,0,39.70469722,-104.8335222,Peaton,El primer evento no fue una colision con un vehiculo automotor en transporte,Not an Intersection,No fue interseccion,Sobre calle,Ninguna,Dia total,Despejado,No,NO APLICA,7,7,7,14,1,13/09/2022,1
8,Colorado,80591,0,0,1,0,31,DENVER (31),600,DENVER,8,Agosto,22,2022,22,15,E SMITH RD,6,Calle Local Municipalidad,Urbano,Arteria Menor,City or Municipal Highway Agency,0,Sin jurisdiccion especial,0,39.77608889,-104.9381667,Muro,El primer evento no fue una colision con un vehiculo automotor en transporte,L-Intersection,Interseccion en L,Sobre el lado de la calle,Ninguna,Oscuro con iluminacion,Despejado,No,NO APLICA,22,15,22,19,1,22/08/2022,5
8,Colorado,80592,0,0,2,0,123,WELD (123),0,NO APLICA,11,Noviembre,2,2022,18,15,CR-19,4,Calle del Condado,Rural,Colector Menor,County Highway Agency,0,Sin jurisdiccion especial,0,40.10201944,-104.8863667,Vehiculo en movimiento,Angulo,Four-Way Intersection,Interseccion de 4 direcciones,Sobre calle,Ninguna,Oscuro sin iluminacion,Despejado,No,NO APLICA,18,18,18,27,1,02/11/2022,2
8,Colorado,80593,0,0,2,0,41,EL PASO (41),0,NO APLICA,11,Noviembre,4,2022,18,21,CR-MERIDIAN RD,4,Calle del Condado,Rural,Arteria Menor,County Highway Agency,0,Sin jurisdiccion especial,0,38.92620833,-104.6076611,Vehiculo en movimiento,Angulo,Four-Way Intersection,Interseccion de 4 direcciones,Sobre calle,Ninguna,Oscuro sin iluminacion,Nublado,No,NO APLICA,99,99,99,99,1,04/11/2022,5
8,Colorado,80594,0,0,2,0,123,WELD (123),0,NO APLICA,11,Noviembre,4,2022,11,8,US-34,2,US Highway,Rural,Arteria Principal,State Highway Agency,1,Sin jurisdiccion especial,1305,40.3125,-104.3866111,Vehiculo en movimiento,Frente a Detrás,Not an Intersection,No fue interseccion,Sobre calle,Ninguna,Dia total,Despejado,No,NO APLICA,11,15,11,28,1,04/11/2022,2
8,Colorado,80595,0,0,2,0,1,ADAMS (1),434,COMMERCE CITY,11,Noviembre,4,2022,18,30,I-270 FRONTAGE RD   E 60TH AVE,7,Calle Local,Urbano,Interestatal,State Highway Agency,1,Sin jurisdiccion especial,19,39.80354444,-104.9379444,Vehiculo en movimiento,Golpe Lateral - direccion contraria,Not an Intersection,No fue interseccion,Sobre calle,Ninguna,Oscuro sin iluminacion,Despejado,No,NO APLICA,18,34,18,39,1,04/11/2022,2
8,Colorado,80596,0,0,4,0,73,LINCOLN (73),0,NO APLICA,11,Noviembre,6,2022,3,5,I-70,1,Interestatal,Rural,Interestatal,State Highway Agency,1,Sin jurisdiccion especial,3699,39.269675,-103.5204389,Volcadura,El primer evento no fue una colision con un vehiculo automotor en transporte,Not an Intersection,No fue interseccion,Sobre calle,Ninguna,Oscuro sin iluminacion,No reportado,No,NO APLICA,3,10,3,28,1,06/11/2022,5
8,Colorado,80597,0,0,4,0,59,JEFFERSON (59),1435,LAKEWOOD,11,Noviembre,3,2022,15,26,SIMMS ST,6,Calle Local Municipalidad,Urbano,Arteria Principal,State Highway Agency,1,Sin jurisdiccion especial,0,39.72621111,-105.1296222,Vehiculo en movimiento,Frente a frente,Four-Way Intersection,Interseccion de 4 direcciones,Sobre calle,Ninguna,Dia total,lluvia,No,NO APLICA,15,27,15,32,1,03/11/2022,5
8,Colorado,80598,1,1,1,0,51,GUNNISON (51),0,NO APLICA,11,Noviembre,7,2022,12,35,SR-135,3,Highway estatal,Rural,Arteria Menor,State Highway Agency,0,Sin jurisdiccion especial,213,38.81019167,-106.8986583,Ciclista,El primer evento no fue una colision con un vehiculo automotor en transporte,Not an Intersection,No fue interseccion,Sobre Acotamiento,Ninguna,Dia total,Despejado,No,NO APLICA,12,31,12,39,1,07/11/2022,1
8,Colorado,80599,0,0,2,0,123,WELD (123),0,NO APLICA,11,Noviembre,8,2022,12,43,SR-14,3,Highway estatal,Rural,Arteria Principal,State Highway Agency,1,Sin jurisdiccion especial,1505,40.58236111,-104.78705,Vehiculo en movimiento,Frente a frente,Not an Intersection,No fue interseccion,Sobre calle,Ninguna,Dia total,Despejado,No,NO APLICA,12,43,12,46,1,08/11/2022,2
8,Colorado,80600,0,0,2,0,41,EL PASO (41),0,NO APLICA,11,Noviembre,13,2022,0,45,I-25,1,Interestatal,Urbano,Interestatal,State Highway Agency,1,Sin jurisdiccion especial,1362,38.77755,-104.7836556,Vehiculo en movimiento,Frente a frente,Not an Intersection,No fue interseccion,Sobre calle,Ninguna,Oscuro sin iluminacion,Despejado,No,NO APLICA,99,99,99,99,1,13/11/2022,3
8,Colorado,80601,1,1,1,0,59,JEFFERSON (59),1435,LAKEWOOD,11,Noviembre,7,2022,17,30,S KIPLING ST,6,Calle Local Municipalidad,Urbano,Arteria Principal,City or Municipal Highway Agency,1,Sin jurisdiccion especial,0,39.63258333,-105.1099667,Peaton,El primer evento no fue una colision con un vehiculo automotor en transporte,Not an Intersection,No fue interseccion,Sobre calle,Ninguna,Oscuro con iluminacion,Despejado,No,NO APLICA,17,30,17,37,1,07/11/2022,1
8,Colorado,80602,0,0,1,0,87,MORGAN (87),0,NO APLICA,11,Noviembre,10,2022,0,4,I-76,1,Interestatal,Rural,Interestatal,State Highway Agency,1,Sin jurisdiccion especial,961,40.3077,-103.5161111,Volcadura,El primer evento no fue una colision con un vehiculo automotor en transporte,Not an Intersection,No fue interseccion,Sobre el lado de la calle,Ninguna,Oscuro sin iluminacion,Despejado,No,NO APLICA,99,99,99,99,1,10/11/2022,2
8,Colorado,80603,0,0,1,0,49,GRAND (49),0,NO APLICA,11,Noviembre,11,2022,8,41,SR-9,3,Highway estatal,Rural,Arteria Menor,State Highway Agency,0,Sin jurisdiccion especial,1341,40.00125,-106.37,Poste o otros soportes,El primer evento no fue una colision con un vehiculo automotor en transporte,Not an Intersection,No fue interseccion,Sobre el lado de la calle,Ninguna,Dia total,Despejado,No,NO APLICA,99,99,99,99,1,11/11/2022,1
8,Colorado,80604,0,0,1,0,1,ADAMS (1),0,NO APLICA,11,Noviembre,12,2022,19,0,I-76,1,Interestatal,Urbano,Interestatal,State Highway Agency,1,Sin jurisdiccion especial,123,39.87926389,-104.8906583,Fin de valla,El primer evento no fue una colision con un vehiculo automotor en transporte,Not an Intersection,No fue interseccion,En el medio,Ninguna,Oscuro con iluminacion,Despejado,No,NO APLICA,99,99,99,99,1,12/11/2022,1
8,Colorado,80605,0,0,1,0,101,PUEBLO (101),0,NO APLICA,11,Noviembre,12,2022,8,40,US-50 BUSN RT,2,US Highway,Urbano,Arteria Principal,State Highway Agency,1,Sin jurisdiccion especial,67,38.244825,-104.5091444,Culvert,El primer evento no fue una colision con un vehiculo automotor en transporte,Not an Intersection,No fue interseccion,Sobre el lado de la calle,Ninguna,Dia total,Despejado,No,NO APLICA,8,45,8,51,1,12/11/2022,1
8,Colorado,80606,0,0,1,0,5,ARAPAHOE (5),110,AURORA,11,Noviembre,12,2022,0,45,S TOWER RD,6,Calle Local Municipalidad,Urbano,Arteria Menor,City or Municipal Highway Agency,0,Sin jurisdiccion especial,0,39.65408333,-104.7724194,Banqueta,El primer evento no fue una colision con un vehiculo automotor en transporte,Not an Intersection,No fue interseccion,En el medio,Ninguna,Oscuro con iluminacion,Despejado,No,NO APLICA,0,46,0,52,1,12/11/2022,2
8,Colorado,80607,0,0,1,0,1,ADAMS (1),0,NO APLICA,11,Noviembre,14,2022,5,15,I-270,1,Interestatal,Urbano,Interestatal,State Highway Agency,1,Sin jurisdiccion especial,7,39.81677778,-104.9548611,Barrera de Trafico de Concreto,El primer evento no fue una colision con un vehiculo automotor en transporte,Not an Intersection,No fue interseccion,Gore?,Ninguna,Oscuro con iluminacion,Despejado,No,NO APLICA,99,99,99,99,1,14/11/2022,1
8,Colorado,80608,0,0,1,0,69,LARIMER (69),0,NO APLICA,11,Noviembre,9,2022,7,35,I-25,1,Interestatal,Rural,Interestatal,State Highway Agency,1,Sin jurisdiccion especial,2882,40.85046111,-104.9631556,Volcadura,El primer evento no fue una colision con un vehiculo automotor en transporte,Not an Intersection,No fue interseccion,En el medio,Ninguna,Dia total,Despejado,No,NO APLICA,99,99,99,99,1,09/11/2022,1
8,Colorado,80609,1,1,1,0,101,PUEBLO (101),2050,PUEBLO,11,Noviembre,10,2022,16,1,SR-96   E 4TH ST,3,Highway estatal,Urbano,Arteria Principal,State Highway Agency,1,Sin jurisdiccion especial,568,38.27092222,-104.5936389,Peaton,El primer evento no fue una colision con un vehiculo automotor en transporte,Four-Way Intersection,Interseccion de 4 direcciones,Sobre calle,Ninguna,Dia total,Despejado,No,NO APLICA,16,1,16,5,1,10/11/2022,2
8,Colorado,80610,0,0,2,0,1,ADAMS (1),2427,THORNTON,11,Noviembre,11,2022,22,23,WASHINGTON ST,6,Calle Local Municipalidad,Urbano,Arteria Principal,City or Municipal Highway Agency,1,Sin jurisdiccion especial,0,39.87528889,-104.9777028,Vehiculo en movimiento,Angulo,Four-Way Intersection,Interseccion de 4 direcciones,Sobre calle,Ninguna,Oscuro con iluminacion,Despejado,No,NO APLICA,22,23,22,28,1,11/11/2022,3
8,Colorado,80611,0,0,1,0,29,DELTA (29),0,NO APLICA,11,Noviembre,14,2022,3,0,US-50,2,US Highway,Rural,Arteria Principal,State Highway Agency,1,Sin jurisdiccion especial,740,38.70865556,-108.0457056,Poste de Señal de trafico,El primer evento no fue una colision con un vehiculo automotor en transporte,Not an Intersection,No fue interseccion,Sobre el lado de la calle,Ninguna,Oscuro sin iluminacion,Despejado,No,NO APLICA,99,99,99,99,1,14/11/2022,1
8,Colorado,80612,0,0,1,0,123,WELD (123),0,NO APLICA,11,Noviembre,15,2022,5,30,CR-47,4,Calle del Condado,Rural,Local,County Highway Agency,0,Sin jurisdiccion especial,0,40.49756111,-104.6207611,Otro objeto (fijo),El primer evento no fue una colision con un vehiculo automotor en transporte,Not an Intersection,No fue interseccion,Sobre el lado de la calle,Ninguna,Oscuro sin iluminacion,Despejado,No,NO APLICA,5,43,5,49,1,15/11/2022,1
8,Colorado,80613,1,1,1,0,1,ADAMS (1),434,COMMERCE CITY,11,Noviembre,15,2022,3,34,HOLLY ST,6,Calle Local Municipalidad,Urbano,Colector Mayor,City or Municipal Highway Agency,0,Sin jurisdiccion especial,0,39.80198056,-104.9222833,Peaton,El primer evento no fue una colision con un vehiculo automotor en transporte,Four-Way Intersection,Interseccion de 4 direcciones,Sobre calle,Ninguna,Oscuro con iluminacion,Nieve,No,NO APLICA,3,35,3,38,1,15/11/2022,1
8,Colorado,80614,0,0,2,0,101,PUEBLO (101),2050,PUEBLO,11,Noviembre,14,2022,22,10,SR-45   S PUEBLO BLVD,3,Highway estatal,Urbano,Arteria Principal,State Highway Agency,1,Sin jurisdiccion especial,40,38.24695556,-104.6621556,Vehiculo en movimiento,Frente a Detrás,Four-Way Intersection,Interseccion de 4 direcciones,Sobre calle,Ninguna,Oscuro con iluminacion,Despejado,No,NO APLICA,22,11,22,18,1,14/11/2022,2
8,Colorado,80615,0,0,1,0,27,CUSTER (27),0,NO APLICA,11,Noviembre,17,2022,11,41,SR-69,3,Highway estatal,Rural,Arteria Menor,State Highway Agency,0,Sin jurisdiccion especial,684,38.24106111,-105.5658944,Volcadura,El primer evento no fue una colision con un vehiculo automotor en transporte,Not an Intersection,No fue interseccion,Sobre el lado de la calle,Ninguna,Dia total,Despejado,No,NO APLICA,99,99,99,99,1,17/11/2022,2
8,Colorado,80616,0,0,1,0,45,GARFIELD (45),0,NO APLICA,11,Noviembre,17,2022,23,30,CR-113,4,Calle del Condado,Rural,Colector Mayor,County Highway Agency,0,Sin jurisdiccion especial,64,39.45992222,-107.1521167,Volcadura,El primer evento no fue una colision con un vehiculo automotor en transporte,Not an Intersection,No fue interseccion,Sobre el lado de la calle,Ninguna,Oscuro sin iluminacion,Despejado,No,NO APLICA,99,99,99,99,2,17/11/2022,2
8,Colorado,80617,0,0,2,0,69,LARIMER (69),0,NO APLICA,11,Noviembre,18,2022,12,45,CR-74E,4,Calle del Condado,Rural,Colector Mayor,County Highway Agency,0,Sin jurisdiccion especial,25,40.78805,-105.2607306,Vehiculo en movimiento,Angulo,Not an Intersection,No fue interseccion,Sobre calle,Ninguna,Dia total,Despejado,No,NO APLICA,12,50,13,12,1,18/11/2022,3
8,Colorado,80618,0,0,2,0,29,DELTA (29),0,NO APLICA,11,Noviembre,18,2022,15,45,SR-65,3,Highway estatal,Rural,Arteria Menor,State Highway Agency,0,Sin jurisdiccion especial,6,38.76992222,-108.0039167,Vehiculo en movimiento,Frente a frente,Not an Intersection,No fue interseccion,Sobre calle,Ninguna,Dia total,Despejado,No,NO APLICA,99,99,99,99,1,18/11/2022,4
8,Colorado,80619,0,0,3,0,1,ADAMS (1),434,COMMERCE CITY,11,Noviembre,18,2022,18,45,I-270 FRNTG RD  SANDCREEK DR S,7,Calle Local,Urbano,Interestatal,State Highway Agency,1,Sin jurisdiccion especial,30,39.79443333,-104.9227333,Vehiculo en movimiento,Frente a frente,Not an Intersection,No fue interseccion,Sobre calle,Ninguna,Oscuro sin iluminacion,Despejado,No,NO APLICA,18,45,18,50,1,18/11/2022,3
8,Colorado,80620,0,0,1,0,35,DOUGLAS (35),330,CASTLE ROCK,11,Noviembre,18,2022,13,11,I-25,1,Interestatal,Urbano,Interestatal,State Highway Agency,1,Sin jurisdiccion especial,1840,39.409375,-104.8655944,Fin de valla,El primer evento no fue una colision con un vehiculo automotor en transporte,Not an Intersection,No fue interseccion,Sobre el lado de la calle,Ninguna,Dia total,Despejado,No,NO APLICA,13,13,13,19,1,18/11/2022,3
8,Colorado,80621,0,0,1,0,123,WELD (123),0,NO APLICA,11,Noviembre,22,2022,6,38,CR-19,4,Calle del Condado,Rural,Colector Menor,County Highway Agency,0,Sin jurisdiccion especial,0,40.51053333,-104.8889528,Poste,El primer evento no fue una colision con un vehiculo automotor en transporte,Not an Intersection,No fue interseccion,Sobre el lado de la calle,Ninguna,Oscuro sin iluminacion,Despejado,No,NO APLICA,6,42,6,48,1,22/11/2022,1
8,Colorado,80622,0,0,2,0,123,WELD (123),0,NO APLICA,11,Noviembre,22,2022,14,58,CR-54,4,Calle del Condado,Urbano,Colector Mayor,County Highway Agency,0,Sin jurisdiccion especial,0,40.37790556,-104.8717611,Vehiculo en movimiento,Angulo,Not an Intersection,No fue interseccion,Sobre calle,Ninguna,Dia total,Despejado,No,NO APLICA,99,99,99,99,1,22/11/2022,5
8,Colorado,80623,0,0,1,0,123,WELD (123),0,NO APLICA,11,Noviembre,17,2022,6,50,US-85,2,US Highway,Rural,Arterial Principal -Freeway o ExpressWay,State Highway Agency,1,Sin jurisdiccion especial,2606,40.32638889,-104.7261111,Volcadura,El primer evento no fue una colision con un vehiculo automotor en transporte,Not an Intersection,No fue interseccion,En el medio,Ninguna,Amanecer,Nieve,No,NO APLICA,6,52,6,56,1,17/11/2022,7
8,Colorado,80624,0,0,1,0,69,LARIMER (69),0,NO APLICA,11,Noviembre,25,2022,13,59,CR-STORM MTN DR,4,Calle del Condado,Rural,Local,County Highway Agency,0,Sin jurisdiccion especial,0,40.44557222,-105.3319,Alguien se cayo/avento del vehiculo,El primer evento no fue una colision con un vehiculo automotor en transporte,Not an Intersection,No fue interseccion,Sobre el lado de la calle,Ninguna,Dia total,Despejado,No,NO APLICA,13,59,14,24,1,25/11/2022,1
8,Colorado,80625,0,0,2,0,5,ARAPAHOE (5),345,CENTENNIAL,11,Noviembre,25,2022,8,55,E SMOKY HILL RD,6,Calle Local Municipalidad,Urbano,Arteria Principal,City or Municipal Highway Agency,1,Sin jurisdiccion especial,0,39.61693611,-104.7688167,Vehiculo en movimiento,Angulo,Four-Way Intersection,Interseccion de 4 direcciones,Sobre calle,Ninguna,Dia total,Despejado,No,NO APLICA,8,55,9,0,1,25/11/2022,3
8,Colorado,80626,0,0,2,0,59,JEFFERSON (59),0,NO APLICA,11,Noviembre,26,2022,16,15,US-6,2,US Highway,Rural,Arteria Menor,State Highway Agency,0,Sin jurisdiccion especial,2655,39.73661944,-105.3169444,Valla Ferrocarril,El primer evento no fue una colision con un vehiculo automotor en transporte,Not an Intersection,No fue interseccion,Sobre el lado de la calle,Ninguna,Oscuro con iluminacion,Despejado,No,NO APLICA,16,15,16,31,1,26/11/2022,2
8,Colorado,80627,0,0,1,0,73,LINCOLN (73),0,NO APLICA,11,Noviembre,27,2022,5,34,I-70,1,Interestatal,Rural,Interestatal,State Highway Agency,1,Sin jurisdiccion especial,3618,39.26411667,-103.6676139,Fin de valla,El primer evento no fue una colision con un vehiculo automotor en transporte,Not an Intersection,No fue interseccion,Sobre el lado de la calle,Ninguna,Oscuro sin iluminacion,Aguanieve,No,NO APLICA,5,38,5,48,1,27/11/2022,2
8,Colorado,80628,0,0,4,0,41,EL PASO (41),430,COLORADO SPRINGS,11,Noviembre,23,2022,18,2,SR-21   N POWERS BLVD,3,Highway estatal,Urbano,Arterial Principal -Freeway o ExpressWay,State Highway Agency,1,Sin jurisdiccion especial,1432,38.86032222,-104.7200944,Vehiculo en movimiento,Angulo,Not an Intersection,No fue interseccion,Sobre calle,Ninguna,Oscuro con iluminacion,Despejado,No,NO APLICA,18,5,18,8,1,23/11/2022,6
8,Colorado,80629,0,0,2,0,41,EL PASO (41),430,COLORADO SPRINGS,11,Noviembre,29,2022,7,50,E LAS VEGAS ST,6,Calle Local Municipalidad,Urbano,Arteria Menor,City or Municipal Highway Agency,0,Sin jurisdiccion especial,0,38.8025,-104.78975,Vehiculo en movimiento,Angulo,Not an Intersection,No fue interseccion,Sobre calle,Ninguna,Dia total,Nieve,No,NO APLICA,8,5,99,99,1,29/11/2022,2
8,Colorado,80630,1,1,1,0,41,EL PASO (41),430,COLORADO SPRINGS,11,Noviembre,14,2022,20,18,S ACADEMY BLVD,6,Calle Local Municipalidad,Urbano,Arterial Principal -Freeway o ExpressWay,City or Municipal Highway Agency,1,Sin jurisdiccion especial,0,38.80402222,-104.7576194,Peaton,El primer evento no fue una colision con un vehiculo automotor en transporte,Not an Intersection,No fue interseccion,Sobre calle,Ninguna,Oscuro con iluminacion,Despejado,No,NO APLICA,20,21,20,27,1,14/11/2022,1
8,Colorado,80631,0,0,1,0,77,MESA (77),0,NO APLICA,11,Noviembre,8,2022,13,48,SR-330,3,Highway estatal,Rural,Colector Mayor,State Highway Agency,0,Sin jurisdiccion especial,86,39.22888889,-108.0126528,Barda,El primer evento no fue una colision con un vehiculo automotor en transporte,Not an Intersection,No fue interseccion,Fuera de la calle,Ninguna,Dia total,Despejado,No,NO APLICA,13,48,14,0,1,08/11/2022,1
8,Colorado,80632,1,1,1,0,5,ARAPAHOE (5),110,AURORA,11,Noviembre,10,2022,22,54,E HAMPDEN AVE,6,Calle Local Municipalidad,Urbano,Arteria Principal,City or Municipal Highway Agency,1,Sin jurisdiccion especial,0,39.65305556,-104.8219833,Peaton,El primer evento no fue una colision con un vehiculo automotor en transporte,Not an Intersection,No fue interseccion,Sobre calle,Ninguna,Oscuro con iluminacion,Despejado,No,NO APLICA,22,54,22,55,1,10/11/2022,1
8,Colorado,80633,0,0,1,0,101,PUEBLO (101),2050,PUEBLO,11,Noviembre,23,2022,21,15,E NORTHERN AVE,6,Calle Local Municipalidad,Urbano,Arteria Menor,City or Municipal Highway Agency,0,Sin jurisdiccion especial,0,38.24415556,-104.5979056,Otra barrera de trafico,El primer evento no fue una colision con un vehiculo automotor en transporte,Not an Intersection,No fue interseccion,Sobre el lado de la calle,Ninguna,Oscuro con iluminacion,Despejado,No,NO APLICA,21,17,21,24,1,23/11/2022,1