Estado,Nombre de Estado,Numero de Caso,Peatones,Personas _no_vehiculos,Vehiculos automotores,Vehiculos estacionados,Condado,Nombre Condado,Ciudad,Nombre Ciudad,Mes,Nombre Mes,Dia,Año,Hora,Minuto,Calle,Ruta,Nombre Ruta,Rural o Urbanoo,Sistema Funcional,Dueño Calle,Sistema Nacional Carreteras,Jurisdiccion Especial,Milla,Latitud,Longitud,Causa del Accidente,Tipo de Accidente,Tipo Interseccion,Columna1,Lugar en la calle,Zona de Trabajo,Luz,Clima,Autobus Escolar,Cruce de Trenes,Hora Notificacion,Minuto Notificacion,Hora Llegada,Minuto Llegada,Decesos,Fecha,PersonaVehiculo
8,Colorado,80634,0,0,1,0,31,DENVER (31),600,DENVER,11,Noviembre,2,2022,13,11,US-6   W 6TH AVE,2,US Highway,Urbano,Arterial Principal -Freeway o ExpressWay,State Highway Agency,1,Sin jurisdiccion especial,2841,39.72525,-105.0210556,Barrera de Trafico de Concreto,El primer evento no fue una colision con un vehiculo automotor en transporte,Not an Intersection,No fue interseccion,Separador,Ninguna,Dia total,Despejado,No,NO APLICA,13,11,13,17,1,02/11/2022,1
8,Colorado,80635,0,0,2,0,5,ARAPAHOE (5),110,AURORA,11,Noviembre,20,2022,17,58,E ILIFF AVE,6,Calle Local Municipalidad,Urbano,Arteria Principal,City or Municipal Highway Agency,1,Sin jurisdiccion especial,0,39.67475278,-104.8240833,Vehiculo en movimiento,Angulo,Four-Way Intersection,Interseccion de 4 direcciones,Sobre calle,Ninguna,Oscuro con iluminacion,Despejado,No,NO APLICA,17,56,17,57,1,20/11/2022,5
8,Colorado,80636,0,0,2,0,83,MONTEZUMA (83),0,NO APLICA,11,Noviembre,30,2022,7,25,US-491,2,US Highway,Urbano,Arteria Principal,State Highway Agency,1,Sin jurisdiccion especial,307,37.40044167,-108.6234667,Vehiculo en movimiento,Angulo,Four-Way Intersection,Interseccion de 4 direcciones,Sobre calle,Ninguna,Dia total,Despejado,No,NO APLICA,7,32,7,40,1,30/11/2022,2
8,Colorado,80637,1,1,1,0,5,ARAPAHOE (5),110,AURORA,11,Noviembre,14,2022,16,36,E MISSISSIPPI AVE,6,Calle Local Municipalidad,Urbano,Arteria Principal,City or Municipal Highway Agency,1,Sin jurisdiccion especial,0,39.69654167,-104.8377167,Peaton,El primer evento no fue una colision con un vehiculo automotor en transporte,Four-Way Intersection,Interseccion de 4 direcciones,Sobre calle,Ninguna,Atardecer,Despejado,No,NO APLICA,16,36,16,42,1,14/11/2022,2
8,Colorado,80638,0,0,2,0,1,ADAMS (1),800,FEDERAL HEIGHTS,11,Noviembre,28,2022,17,42,STACY DR,6,Calle Local Municipalidad,Urbano,Local,City or Municipal Highway Agency,0,Sin jurisdiccion especial,0,39.85138889,-105.0104028,Alguien se cayo/avento del vehiculo,El primer evento no fue una colision con un vehiculo automotor en transporte,T-Intersection,Interseccion de T,Sobre calle,Ninguna,Oscuro sin iluminacion,Despejado,No,NO APLICA,17,42,17,48,1,28/11/2022,4
8,Colorado,80639,0,0,2,0,59,JEFFERSON (59),2555,WHEAT RIDGE,11,Noviembre,25,2022,23,57,I-70,1,Interestatal,Urbano,Interestatal,State Highway Agency,1,Sin jurisdiccion especial,2674,39.78417778,-105.1095833,Vehiculo en movimiento,Frente a frente,Not an Intersection,No fue interseccion,Sobre calle,Ninguna,Oscuro con iluminacion,Despejado,No,NO APLICA,23,57,99,99,1,25/11/2022,5
8,Colorado,80640,1,1,2,0,5,ARAPAHOE (5),110,AURORA,11,Noviembre,26,2022,3,4,S PEORIA ST,6,Calle Local Municipalidad,Urbano,Arteria Principal,City or Municipal Highway Agency,1,Sin jurisdiccion especial,0,39.68495556,-104.8472222,Peaton,El primer evento no fue una colision con un vehiculo automotor en transporte,T-Intersection,Interseccion de T,Sobre calle,Ninguna,Oscuro con iluminacion,Despejado,No,NO APLICA,3,4,3,10,1,26/11/2022,3
8,Colorado,80641,1,1,1,0,31,DENVER (31),600,DENVER,11,Noviembre,16,2022,18,35,LAWRENCE ST,6,Calle Local Municipalidad,Urbano,Arteria Menor,City or Municipal Highway Agency,0,Sin jurisdiccion especial,0,39.76345556,-104.97725,No vehiculo o remolque,El primer evento no fue una colision con un vehiculo automotor en transporte,Four-Way Intersection,Interseccion de 4 direcciones,Sobre calle,Ninguna,Oscuro con iluminacion,Despejado,No,NO APLICA,18,35,18,45,1,16/11/2022,1
8,Colorado,80642,0,0,2,0,41,EL PASO (41),430,COLORADO SPRINGS,11,Noviembre,20,2022,12,35,GALLEY RD,6,Calle Local Municipalidad,Urbano,Arteria Menor,City or Municipal Highway Agency,0,Sin jurisdiccion especial,0,38.84715556,-104.7662722,Vehiculo en movimiento,Frente a Detrás,Four-Way Intersection,Interseccion de 4 direcciones,Sobre calle,Ninguna,Dia total,Despejado,No,NO APLICA,88,88,88,88,1,20/11/2022,3
8,Colorado,80643,0,0,1,0,39,ELBERT (39),0,NO APLICA,11,Noviembre,26,2022,12,13,SR-86,3,Highway estatal,Rural,Arteria Menor,State Highway Agency,0,Sin jurisdiccion especial,487,39.27410278,-104.0070417,Culvert,El primer evento no fue una colision con un vehiculo automotor en transporte,Not an Intersection,No fue interseccion,Sobre el lado de la calle,Ninguna,Dia total,Despejado,No,NO APLICA,99,99,99,99,1,26/11/2022,1
8,Colorado,80644,1,1,1,0,31,DENVER (31),600,DENVER,11,Noviembre,30,2022,3,46,E 56TH AVE,6,Calle Local Municipalidad,Urbano,Arteria Principal,City or Municipal Highway Agency,1,Sin jurisdiccion especial,0,39.79836667,-104.7842556,Peaton,El primer evento no fue una colision con un vehiculo automotor en transporte,Not an Intersection,No fue interseccion,Sobre calle,Construccion,Oscuro con iluminacion,Despejado,No,NO APLICA,3,46,3,50,1,30/11/2022,1
8,Colorado,80645,0,0,1,0,31,DENVER (31),600,DENVER,6,Junio,26,2022,13,7,W 43RD AVE,6,Calle Local Municipalidad,Urbano,Local,City or Municipal Highway Agency,0,Sin jurisdiccion especial,0,39.77521667,-105.0407944,Arbol,El primer evento no fue una colision con un vehiculo automotor en transporte,Not an Intersection,No fue interseccion,Sobre el lado de la calle,Ninguna,Dia total,Nublado,No,NO APLICA,13,9,13,14,1,26/06/2022,1
8,Colorado,80646,1,1,1,0,5,ARAPAHOE (5),110,AURORA,8,Agosto,5,2022,2,26,S RESERVOIR RD,6,Calle Local Municipalidad,Urbano,Arteria Menor,City or Municipal Highway Agency,0,Sin jurisdiccion especial,0,39.64613889,-104.7721944,Peaton,El primer evento no fue una colision con un vehiculo automotor en transporte,Not an Intersection,No fue interseccion,Sobre el lado de la calle,Ninguna,Oscuro con iluminacion,Despejado,No,NO APLICA,2,51,2,54,1,05/08/2022,1
8,Colorado,80647,1,1,1,0,41,EL PASO (41),0,NO APLICA,12,Diciembre,4,2022,17,12,SR-21   POWERS BLVD,3,Highway estatal,Urbano,Arteria Principal,State Highway Agency,1,Sin jurisdiccion especial,1329,38.73733333,-104.6827417,Ciclista,El primer evento no fue una colision con un vehiculo automotor en transporte,Four-Way Intersection,Interseccion de 4 direcciones,Sobre calle,Ninguna,Oscuro con iluminacion,Despejado,No,NO APLICA,99,99,99,99,1,04/12/2022,2
8,Colorado,80648,1,1,1,0,101,PUEBLO (101),0,NO APLICA,12,Diciembre,2,2022,18,40,US-50 BUSN RT   SANTA FE DR,2,US Highway,Urbano,Arteria Principal,State Highway Agency,1,Sin jurisdiccion especial,30,38.24559722,-104.577675,Peaton,El primer evento no fue una colision con un vehiculo automotor en transporte,Not an Intersection,No fue interseccion,Sobre calle,Ninguna,Oscuro con iluminacion,Despejado,No,NO APLICA,18,43,99,99,1,02/12/2022,3
8,Colorado,80649,0,0,1,0,77,MESA (77),0,NO APLICA,12,Diciembre,4,2022,5,37,I-70,1,Interestatal,Rural,Interestatal,State Highway Agency,1,Sin jurisdiccion especial,634,39.34582222,-108.1895444,Volcadura,El primer evento no fue una colision con un vehiculo automotor en transporte,Not an Intersection,No fue interseccion,En el medio,Ninguna,Oscuro sin iluminacion,Despejado,No,NO APLICA,5,37,5,45,1,04/12/2022,1
8,Colorado,80650,0,0,1,0,13,BOULDER (13),1530,LONGMONT,12,Diciembre,4,2022,23,11,COLLYER ST,6,Calle Local Municipalidad,Urbano,Colector Mayor,City or Municipal Highway Agency,0,Sin jurisdiccion especial,0,40.16190556,-105.0982556,Banqueta,El primer evento no fue una colision con un vehiculo automotor en transporte,L-Intersection,Interseccion en L,Sobre el lado de la calle,Ninguna,Oscuro con iluminacion,Despejado,No,NO APLICA,23,11,99,99,1,04/12/2022,2
8,Colorado,80651,0,0,2,0,59,JEFFERSON (59),0,NO APLICA,12,Diciembre,5,2022,10,28,I-70,1,Interestatal,Urbano,Interestatal,State Highway Agency,1,Sin jurisdiccion especial,2592,39.70395,-105.2008333,Vehiculo en movimiento,Frente a Detrás,Not an Intersection,No fue interseccion,Sobre calle,Ninguna,Dia total,Despejado,No,NO APLICA,10,33,10,47,1,05/12/2022,4
8,Colorado,80652,0,0,2,0,69,LARIMER (69),1550,LOVELAND,12,Diciembre,2,2022,15,5,US-287   S LINCOLN AVE,2,US Highway,Urbano,Arteria Principal,State Highway Agency,1,Sin jurisdiccion especial,3300,40.34936111,-105.0739778,Vehiculo en movimiento,Angulo,Four-Way Intersection,Interseccion de 4 direcciones,Sobre calle,Ninguna,Dia total,Despejado,No,NO APLICA,15,5,15,11,1,02/12/2022,2
8,Colorado,80653,0,0,3,0,1,ADAMS (1),0,NO APLICA,12,Diciembre,10,2022,2,34,I-25,1,Interestatal,Urbano,Interestatal,State Highway Agency,1,Sin jurisdiccion especial,2284,39.99028889,-104.9860944,Vehiculo en movimiento,Golpe Lateral - direccion contraria,Not an Intersection,No fue interseccion,Sobre calle,Ninguna,Oscuro sin iluminacion,Despejado,No,NO APLICA,2,36,2,47,1,10/12/2022,4
8,Colorado,80654,1,1,1,0,77,MESA (77),1040,GRAND JUNCTION,12,Diciembre,6,2022,19,33,US-6   NORTH AVE,2,US Highway,Urbano,Arteria Menor,State Highway Agency,0,Sin jurisdiccion especial,332,39.077275,-108.5220611,Peaton,El primer evento no fue una colision con un vehiculo automotor en transporte,Not an Intersection,No fue interseccion,Sobre calle,Ninguna,Oscuro con iluminacion,Despejado,No,NO APLICA,19,35,19,40,1,06/12/2022,2
8,Colorado,80655,0,0,1,0,63,KIT CARSON (63),0,NO APLICA,12,Diciembre,7,2022,22,20,I-70,1,Interestatal,Rural,Interestatal,State Highway Agency,1,Sin jurisdiccion especial,4337,39.294,-102.3374,Volcadura,El primer evento no fue una colision con un vehiculo automotor en transporte,Not an Intersection,No fue interseccion,Sobre el lado de la calle,Ninguna,Oscuro sin iluminacion,Despejado,No,NO APLICA,99,99,99,99,1,07/12/2022,1
8,Colorado,80656,0,0,1,0,113,SAN MIGUEL (113),0,NO APLICA,12,Diciembre,8,2022,20,53,SR-145,3,Highway estatal,Rural,Arteria Menor,State Highway Agency,0,Sin jurisdiccion especial,962,38.12507222,-108.2083333,Poste o otros soportes,El primer evento no fue una colision con un vehiculo automotor en transporte,Not an Intersection,No fue interseccion,Sobre el lado de la calle,Ninguna,Oscuro sin iluminacion,Despejado,No,NO APLICA,99,99,99,99,1,08/12/2022,1
8,Colorado,80657,0,0,2,0,17,CHEYENNE (17),0,NO APLICA,12,Diciembre,9,2022,19,50,US-40,2,US Highway,Rural,Arteria Principal,State Highway Agency,1,Sin jurisdiccion especial,4486,38.77685,-102.7361639,Vehiculo en movimiento,Frente a frente,Not an Intersection,No fue interseccion,Sobre calle,Ninguna,Oscuro sin iluminacion,Despejado,No,NO APLICA,99,99,99,99,1,09/12/2022,3
8,Colorado,80658,0,0,1,0,7,ARCHULETA (7),0,NO APLICA,12,Diciembre,9,2022,20,30,US-160,2,US Highway,Rural,Arteria Principal,State Highway Agency,1,Sin jurisdiccion especial,1324,37.23611111,-107.1761528,Poste o otros soportes,El primer evento no fue una colision con un vehiculo automotor en transporte,Not an Intersection,No fue interseccion,Sobre el lado de la calle,Ninguna,Oscuro sin iluminacion,Despejado,No,NO APLICA,99,99,99,99,1,09/12/2022,1
8,Colorado,80659,0,0,1,0,63,KIT CARSON (63),0,NO APLICA,12,Diciembre,11,2022,5,14,CR-V,4,Calle del Condado,Rural,Local,County Highway Agency,0,Sin jurisdiccion especial,0,39.30183889,-102.2013111,Volcadura,El primer evento no fue una colision con un vehiculo automotor en transporte,Not an Intersection,No fue interseccion,Sobre el lado de la calle,Ninguna,Oscuro sin iluminacion,Despejado,No,NO APLICA,5,6,5,20,1,11/12/2022,1
8,Colorado,80660,1,1,1,0,77,MESA (77),1040,GRAND JUNCTION,12,Diciembre,7,2022,17,34,US-6   NORTH AVE,2,US Highway,Urbano,Arteria Menor,State Highway Agency,0,Sin jurisdiccion especial,334,39.07718889,-108.5198778,Peaton,El primer evento no fue una colision con un vehiculo automotor en transporte,T-Intersection,Interseccion de T,Sobre calle,Ninguna,Oscuro con iluminacion,lluvia,No,NO APLICA,17,34,17,38,1,07/12/2022,1
8,Colorado,80661,1,1,1,0,59,JEFFERSON (59),80,ARVADA,12,Diciembre,11,2022,18,51,I-70,1,Interestatal,Urbano,Interestatal,State Highway Agency,1,Sin jurisdiccion especial,2692,39.78645833,-105.0795889,Peaton,El primer evento no fue una colision con un vehiculo automotor en transporte,Not an Intersection,No fue interseccion,Sobre calle,Ninguna,Oscuro con iluminacion,Despejado,No,NO APLICA,18,52,18,59,1,11/12/2022,1
8,Colorado,80662,0,0,2,0,13,BOULDER (13),0,NO APLICA,12,Diciembre,13,2022,19,15,US-287,2,US Highway,Rural,Arterial Principal -Freeway o ExpressWay,State Highway Agency,1,Sin jurisdiccion especial,3197,40.22201111,-105.1023611,Vehiculo en movimiento,Frente a frente,Not an Intersection,No fue interseccion,Sobre calle,Ninguna,Oscuro sin iluminacion,Despejado,No,NO APLICA,19,15,99,99,2,13/12/2022,3
8,Colorado,80663,0,0,1,0,5,ARAPAHOE (5),0,NO APLICA,12,Diciembre,12,2022,23,30,I-70,1,Interestatal,Rural,Interestatal,State Highway Agency,1,Sin jurisdiccion especial,3315,39.5725,-104.0176944,Volcadura,El primer evento no fue una colision con un vehiculo automotor en transporte,Not an Intersection,No fue interseccion,Sobre el lado de la calle,Ninguna,Oscuro sin iluminacion,Neblina o Humo,No,NO APLICA,99,99,99,99,1,12/12/2022,1
8,Colorado,80664,0,0,3,2,1,ADAMS (1),0,NO APLICA,12,Diciembre,14,2022,0,51,US-287   N FEDERAL BLVD,2,US Highway,Urbano,Arteria Principal,State Highway Agency,1,Sin jurisdiccion especial,2885,39.82290556,-105.0248528,Poste,El primer evento no fue una colision con un vehiculo automotor en transporte,Not an Intersection,No fue interseccion,Sobre el lado de la calle,Ninguna,Oscuro con iluminacion,Despejado,No,NO APLICA,0,35,0,40,1,14/12/2022,1
8,Colorado,80665,0,1,2,1,5,ARAPAHOE (5),0,NO APLICA,12,Diciembre,14,2022,11,25,I-70,1,Interestatal,Urbano,Interestatal,State Highway Agency,1,Sin jurisdiccion especial,2891,39.74009444,-104.7169889,Vehiculo Aparcado,El primer evento no fue una colision con un vehiculo automotor en transporte,Not an Intersection,No fue interseccion,Sobre Acotamiento,Ninguna,Dia total,Despejado,No,NO APLICA,11,26,11,30,1,14/12/2022,1
8,Colorado,80666,1,1,1,0,41,EL PASO (41),0,NO APLICA,12,Diciembre,14,2022,6,39,CR-E LAS VEGAS ST,4,Calle del Condado,Urbano,Arteria Menor,County Highway Agency,0,Sin jurisdiccion especial,0,38.78579444,-104.7757028,No vehiculo o remolque,El primer evento no fue una colision con un vehiculo automotor en transporte,Not an Intersection,No fue interseccion,Sobre calle,Ninguna,Oscuro sin iluminacion,Despejado,No,NO APLICA,6,40,99,99,1,14/12/2022,1
8,Colorado,80667,0,0,2,0,5,ARAPAHOE (5),110,AURORA,12,Diciembre,10,2022,20,45,S BUCKLEY RD,6,Calle Local Municipalidad,Urbano,Arteria Principal,City or Municipal Highway Agency,1,Sin jurisdiccion especial,0,39.64598333,-104.7912083,Vehiculo en movimiento,Angulo,T-Intersection,Interseccion de T,Sobre calle,Ninguna,Oscuro con iluminacion,Despejado,No,NO APLICA,20,45,20,48,1,10/12/2022,4
8,Colorado,80668,0,0,3,0,31,DENVER (31),600,DENVER,12,Diciembre,15,2022,19,41,I-25,1,Interestatal,Urbano,Interestatal,State Highway Agency,1,Sin jurisdiccion especial,2005,39.63901111,-104.9100889,Vehiculo en movimiento,Golpe Lateral - misma direccion,Not an Intersection,No fue interseccion,Sobre calle,Ninguna,Oscuro con iluminacion,Despejado,No,NO APLICA,19,41,19,55,1,15/12/2022,4
8,Colorado,80669,0,0,3,0,13,BOULDER (13),1530,LONGMONT,12,Diciembre,18,2022,16,3,PIKE RD,6,Calle Local Municipalidad,Urbano,Arteria Menor,City or Municipal Highway Agency,0,Sin jurisdiccion especial,0,40.13791667,-105.1246444,Vehiculo en movimiento,Frente a Detrás,T-Intersection,Interseccion de T,Sobre calle,Ninguna,Dia total,Despejado,No,NO APLICA,16,4,16,7,1,18/12/2022,4
8,Colorado,80670,0,0,1,0,105,RIO GRANDE (105),0,NO APLICA,12,Diciembre,23,2022,9,15,CR-5N,4,Calle del Condado,Rural,Colector Mayor,County Highway Agency,0,Sin jurisdiccion especial,0,37.64733889,-106.0754222,Poste de Señal de trafico,El primer evento no fue una colision con un vehiculo automotor en transporte,T-Intersection,Interseccion de T,Sobre el lado de la calle,Ninguna,Dia total,Despejado,No,NO APLICA,99,99,99,99,1,23/12/2022,1
8,Colorado,80671,0,0,2,0,17,CHEYENNE (17),0,NO APLICA,12,Diciembre,24,2022,5,50,US-40,2,US Highway,Rural,Arteria Principal,State Highway Agency,1,Sin jurisdiccion especial,4416,38.76933333,-102.8608333,Vehiculo en movimiento,Frente a frente,Not an Intersection,No fue interseccion,Sobre calle,Ninguna,Oscuro sin iluminacion,Despejado,No,NO APLICA,99,99,99,99,1,24/12/2022,3
8,Colorado,80672,0,0,1,0,45,GARFIELD (45),0,NO APLICA,12,Diciembre,24,2022,1,0,I-70,1,Interestatal,Rural,Interestatal,State Highway Agency,1,Sin jurisdiccion especial,868,39.52027222,-107.8452944,Fin de valla,El primer evento no fue una colision con un vehiculo automotor en transporte,Not an Intersection,No fue interseccion,En el medio,Ninguna,Oscuro sin iluminacion,Despejado,No,NO APLICA,99,99,99,99,1,24/12/2022,1
8,Colorado,80673,0,0,2,0,1,ADAMS (1),0,NO APLICA,12,Diciembre,25,2022,10,6,US-36,2,US Highway,Urbano,Arterial Principal -Freeway o ExpressWay,State Highway Agency,1,Sin jurisdiccion especial,574,39.82755556,-104.97925,Barrera de Trafico de Concreto,El primer evento no fue una colision con un vehiculo automotor en transporte,Not an Intersection,No fue interseccion,En el medio,Ninguna,Dia total,Nublado,No,NO APLICA,99,99,99,99,1,25/12/2022,3
8,Colorado,80674,0,0,4,0,41,EL PASO (41),0,NO APLICA,12,Diciembre,26,2022,18,34,SR-115,3,Highway estatal,Rural,Arteria Menor,State Highway Agency,0,Sin jurisdiccion especial,369,38.67861944,-104.8481333,Vehiculo en movimiento,Frente a frente,Not an Intersection,No fue interseccion,Sobre calle,Construccion,Oscuro sin iluminacion,Despejado,No,NO APLICA,99,99,99,99,1,26/12/2022,8
8,Colorado,80675,1,1,1,0,31,DENVER (31),600,DENVER,12,Diciembre,18,2022,16,39,N MEADE ST,6,Calle Local Municipalidad,Urbano,Local,City or Municipal Highway Agency,0,Sin jurisdiccion especial,0,39.72232778,-105.0360778,Peaton,El primer evento no fue una colision con un vehiculo automotor en transporte,Not an Intersection,No fue interseccion,Sobre calle,Ninguna,Oscuro sin iluminacion,Despejado,No,NO APLICA,16,39,16,48,1,18/12/2022,0
8,Colorado,80676,0,0,2,0,59,JEFFERSON (59),1435,LAKEWOOD,12,Diciembre,24,2022,13,1,US-40   W COLFAX AVE,2,US Highway,Urbano,Arteria Principal,State Highway Agency,1,Sin jurisdiccion especial,2940,39.74038333,-105.0579222,Vehiculo en movimiento,Angulo,Four-Way Intersection,Interseccion de 4 direcciones,Sobre calle,Ninguna,Dia total,Despejado,No,NO APLICA,13,4,13,11,1,24/12/2022,2
8,Colorado,80677,1,1,1,0,59,JEFFERSON (59),1435,LAKEWOOD,12,Diciembre,24,2022,19,35,W FLORIDA AVE,6,Calle Local Municipalidad,Urbano,Colector Mayor,City or Municipal Highway Agency,0,Sin jurisdiccion especial,0,39.68948333,-105.0597611,Peaton,El primer evento no fue una colision con un vehiculo automotor en transporte,Not an Intersection,No fue interseccion,Sobre calle,Ninguna,Oscuro sin iluminacion,Despejado,No,NO APLICA,19,36,19,40,1,24/12/2022,1
8,Colorado,80678,0,0,2,0,41,EL PASO (41),0,NO APLICA,12,Diciembre,24,2022,23,26,US-24,2,US Highway,Urbano,Arteria Principal,State Highway Agency,1,Sin jurisdiccion especial,3146,38.86397222,-104.6636333,Vehiculo en movimiento,Angulo,T-Intersection,Interseccion de T,Sobre calle,Ninguna,Oscuro con iluminacion,Despejado,No,NO APLICA,99,99,99,99,1,24/12/2022,11
8,Colorado,80679,0,0,1,0,1,ADAMS (1),434,COMMERCE CITY,12,Diciembre,26,2022,0,49,E 120TH AVE,6,Calle Local Municipalidad,Urbano,Arteria Principal,State Highway Agency,1,Sin jurisdiccion especial,0,39.91416667,-104.7831583,Soporte de  señalamiento de transito,El primer evento no fue una colision con un vehiculo automotor en transporte,Four-Way Intersection,Interseccion de 4 direcciones,Sobre el lado de la calle,Ninguna,Oscuro con iluminacion,Despejado,No,NO APLICA,0,49,0,54,1,26/12/2022,1
8,Colorado,80680,0,0,1,0,123,WELD (123),0,NO APLICA,12,Diciembre,25,2022,19,18,CR-17,4,Calle del Condado,Rural,Colector Mayor,County Highway Agency,0,Sin jurisdiccion especial,0,40.34911944,-104.9060028,Acotamiento,El primer evento no fue una colision con un vehiculo automotor en transporte,T-Intersection,Interseccion de T,Fuera de la calle,Ninguna,Oscuro sin iluminacion,Despejado,No,NO APLICA,15,55,16,2,1,25/12/2022,1
8,Colorado,80681,1,1,1,0,1,ADAMS (1),2550,WESTMINSTER,12,Diciembre,29,2022,19,53,W 92ND AVE,6,Calle Local Municipalidad,Urbano,Arteria Principal,City or Municipal Highway Agency,1,Sin jurisdiccion especial,0,39.86345556,-105.0459222,Peaton,El primer evento no fue una colision con un vehiculo automotor en transporte,Not an Intersection,No fue interseccion,Sobre calle,Ninguna,Oscuro con iluminacion,Despejado,No,NO APLICA,19,53,19,58,1,29/12/2022,1
8,Colorado,80682,0,0,1,0,1,ADAMS (1),230,BRIGHTON,12,Diciembre,31,2022,18,30,N 18TH AVE,6,Calle Local Municipalidad,Urbano,Local,City or Municipal Highway Agency,0,Sin jurisdiccion especial,0,39.98704444,-104.8007056,Arbol,El primer evento no fue una colision con un vehiculo automotor en transporte,Not an Intersection,No fue interseccion,Sobre el lado de la calle,Ninguna,Oscuro con iluminacion,Despejado,No,NO APLICA,18,30,18,34,1,31/12/2022,1
8,Colorado,80683,1,1,1,0,5,ARAPAHOE (5),110,AURORA,12,Diciembre,31,2022,21,53,I-225,1,Interestatal,Urbano,Interestatal,State Highway Agency,1,Sin jurisdiccion especial,95,39.73336944,-104.8252778,Peaton,El primer evento no fue una colision con un vehiculo automotor en transporte,Not an Intersection,No fue interseccion,Sobre calle,Ninguna,Oscuro con iluminacion,Despejado,No,NO APLICA,21,54,21,59,1,31/12/2022,2
8,Colorado,80684,0,0,1,0,101,PUEBLO (101),2052,PUEBLO WEST,12,Diciembre,31,2022,1,30,CR-S MCCULOCH BLVD W,4,Calle del Condado,Urbano,Arteria Menor,County Highway Agency,0,Sin jurisdiccion especial,0,38.31113889,-104.7913056,Zanja,El primer evento no fue una colision con un vehiculo automotor en transporte,Not an Intersection,No fue interseccion,Sobre el lado de la calle,Ninguna,Oscuro sin iluminacion,Despejado,No,NO APLICA,1,33,1,43,1,31/12/2022,1
8,Colorado,80685,1,1,1,0,41,EL PASO (41),430,COLORADO SPRINGS,12,Diciembre,23,2022,18,28,S NEVADA AVE,6,Calle Local Municipalidad,Urbano,Arteria Principal,City or Municipal Highway Agency,1,Sin jurisdiccion especial,0,38.81651111,-104.8222972,Peaton,El primer evento no fue una colision con un vehiculo automotor en transporte,Not an Intersection,No fue interseccion,Sobre calle,Ninguna,Oscuro con iluminacion,Despejado,No,NO APLICA,18,31,18,34,1,23/12/2022,4
8,Colorado,80686,0,0,1,0,31,DENVER (31),600,DENVER,12,Diciembre,26,2022,22,21,I-70 RAMP K,1,Interestatal,Urbano,Interestatal,State Highway Agency,1,Sin jurisdiccion especial,2743,39.77963889,-104.9857056,Barrera de Trafico de Concreto,El primer evento no fue una colision con un vehiculo automotor en transporte,Not an Intersection,No fue interseccion,Separador,Ninguna,Oscuro con iluminacion,Despejado,No,NO APLICA,22,22,22,33,1,26/12/2022,1
8,Colorado,80687,0,0,1,0,41,EL PASO (41),430,COLORADO SPRINGS,12,Diciembre,28,2022,2,15,N NEVADA AVE,6,Calle Local Municipalidad,Urbano,Arteria Principal,City or Municipal Highway Agency,1,Sin jurisdiccion especial,0,38.85655556,-104.8205722,Banqueta,El primer evento no fue una colision con un vehiculo automotor en transporte,Not an Intersection,No fue interseccion,En el medio,Ninguna,Oscuro con iluminacion,Despejado,No,NO APLICA,2,15,2,24,1,28/12/2022,2
8,Colorado,80688,1,1,1,0,31,DENVER (31),600,DENVER,12,Diciembre,18,2022,14,23,US-287   N FEDERAL BLVD,2,US Highway,Urbano,Arteria Principal,State Highway Agency,1,Sin jurisdiccion especial,2845,39.76556389,-105.025325,Ciclista,El primer evento no fue una colision con un vehiculo automotor en transporte,Four-Way Intersection,Interseccion de 4 direcciones,Sobre calle,Ninguna,Dia total,Despejado,No,NO APLICA,14,23,14,32,1,18/12/2022,1
8,Colorado,80689,0,0,1,0,59,JEFFERSON (59),0,NO APLICA,12,Diciembre,20,2022,19,18,I-70,1,Interestatal,Urbano,Interestatal,State Highway Agency,1,Sin jurisdiccion especial,2594,39.70652778,-105.1982944,Barrera de Trafico de Concreto,El primer evento no fue una colision con un vehiculo automotor en transporte,Not an Intersection,No fue interseccion,Separador,Ninguna,Oscuro con iluminacion,Despejado,No,NO APLICA,99,99,99,99,1,20/12/2022,1
8,Colorado,80690,0,0,2,0,5,ARAPAHOE (5),110,AURORA,12,Diciembre,24,2022,20,30,S ABILENE ST,6,Calle Local Municipalidad,Urbano,Colector Mayor,City or Municipal Highway Agency,0,Sin jurisdiccion especial,0,39.682,-104.8282778,Vehiculo en movimiento,Angulo,T-Intersection,Interseccion de T,Sobre calle,Ninguna,Oscuro con iluminacion,Despejado,No,NO APLICA,20,35,20,36,1,24/12/2022,3
8,Colorado,80691,1,1,1,0,31,DENVER (31),600,DENVER,12,Diciembre,9,2022,20,31,SR-95   N SHERIDAN BLVD,3,Highway estatal,Urbano,Arteria Principal,State Highway Agency,1,Sin jurisdiccion especial,80,39.76923056,-105.0531861,Ciclista,El primer evento no fue una colision con un vehiculo automotor en transporte,Four-Way Intersection,Interseccion de 4 direcciones,Sobre calle,Ninguna,Oscuro con iluminacion,Despejado,No,NO APLICA,20,32,20,35,1,09/12/2022,1
8,Colorado,80692,0,0,2,0,5,ARAPAHOE (5),110,AURORA,6,Junio,20,2022,23,24,S PEORIA ST,6,Calle Local Municipalidad,Urbano,Arteria Principal,City or Municipal Highway Agency,1,Sin jurisdiccion especial,0,39.71127222,-104.8471389,Vehiculo en movimiento,Angulo,Four-Way Intersection,Interseccion de 4 direcciones,Sobre calle,Ninguna,Oscuro con iluminacion,Despejado,No,NO APLICA,23,25,23,40,1,20/06/2022,3