Estado,Nombre de Estado,Numero de Caso,Peatones,Personas _no_vehiculos,Vehiculos automotores,Vehiculos estacionados,Condado,Nombre Condado,Ciudad,Nombre Ciudad,Mes,Nombre Mes,Dia,Año,Hora,Minuto,Calle,Ruta,Nombre Ruta,Rural o Urbanoo,Sistema Funcional,Dueño Calle,Sistema Nacional Carreteras,Jurisdiccion Especial,Milla,Latitud,Longitud,Causa del Accidente,Tipo de Accidente,Tipo Interseccion,Columna1,Lugar en la calle,Zona de Trabajo,Luz,Clima,Autobus Escolar,Cruce de Trenes,Hora Notificacion,Minuto Notificacion,Hora Llegada,Minuto Llegada,Decesos,Fecha,PersonaVehiculo
8,Colorado,80693,0,0,3,0,1,ADAMS (1),110,AURORA,7,Julio,16,2022,11,52,N AIRPORT RD,6,Calle Local Municipalidad,Urbano,Arteria Principal,City or Municipal Highway Agency,1,Sin jurisdiccion especial,0,39.77273333,-104.7898889,Vehiculo en movimiento,Angulo,Four-Way Intersection,Interseccion de 4 direcciones,Sobre calle,Ninguna,Dia total,Despejado,No,NO APLICA,11,52,11,55,1,16/07/2022,5
8,Colorado,80694,1,1,1,0,5,ARAPAHOE (5),110,AURORA,9,Septiembre,21,2022,20,13,N CHAMBERS RD,6,Calle Local Municipalidad,Urbano,Arteria Principal,City or Municipal Highway Agency,1,Sin jurisdiccion especial,0,39.73575556,-104.8099722,Peaton,El primer evento no fue una colision con un vehiculo automotor en transporte,Four-Way Intersection,Interseccion de 4 direcciones,Sobre calle,Ninguna,Oscuro con iluminacion,lluvia,No,NO APLICA,20,13,20,17,1,21/09/2022,1
8,Colorado,80695,0,0,2,0,77,MESA (77),1040,GRAND JUNCTION,10,Octubre,23,2022,18,4,US-50,2,US Highway,Urbano,Arteria Principal,State Highway Agency,1,Sin jurisdiccion especial,331,39.04688333,-108.5631111,Vehiculo en movimiento,Angulo,Not an Intersection,No fue interseccion,Sobre calle,Ninguna,Atardecer,lluvia,No,NO APLICA,18,4,18,12,1,23/10/2022,3
8,Colorado,80696,1,1,1,0,117,SUMMIT (117),930,FRISCO,12,Diciembre,6,2022,20,12,SR-9   N SUMMIT BLVD,3,Highway estatal,Urbano,Arteria Principal,State Highway Agency,1,Sin jurisdiccion especial,966,39.58527778,-106.0944444,Peaton,El primer evento no fue una colision con un vehiculo automotor en transporte,Not an Intersection,No fue interseccion,Sobre calle,Ninguna,Oscuro sin iluminacion,Despejado,No,NO APLICA,20,12,20,14,1,06/12/2022,1
8,Colorado,80697,2,2,1,0,31,DENVER (31),600,DENVER,11,Noviembre,12,2022,4,26,15TH ST,6,Calle Local Municipalidad,Urbano,Arteria Menor,City or Municipal Highway Agency,0,Sin jurisdiccion especial,0,39.74496667,-104.9943889,Peaton,El primer evento no fue una colision con un vehiculo automotor en transporte,Four-Way Intersection,Interseccion de 4 direcciones,Sobre calle,Ninguna,Oscuro con iluminacion,Despejado,No,NO APLICA,4,26,4,30,1,12/11/2022,1
8,Colorado,80698,1,1,1,0,31,DENVER (31),600,DENVER,6,Junio,18,2022,0,30,SR-2   N COLORADO BLVD,3,Highway estatal,Urbano,Arteria Principal,State Highway Agency,1,Sin jurisdiccion especial,60,39.74033889,-104.9406028,Peaton,El primer evento no fue una colision con un vehiculo automotor en transporte,Not an Intersection,No fue interseccion,Sobre calle,Ninguna,Oscuro con iluminacion,Despejado,No,NO APLICA,0,30,0,33,1,18/06/2022,1
8,Colorado,80699,0,0,1,0,9,BACA (9),2350,SPRINGFIELD,5,Mayo,29,2022,5,41,TREVOR WAY,5,Calle Local - Pueblo,Rural,Local,Town or Township Highway Agency,0,Sin jurisdiccion especial,0,37.38986111,-102.6141389,Volcadura,El primer evento no fue una colision con un vehiculo automotor en transporte,L-Intersection,Interseccion en L,Sobre el lado de la calle,Ninguna,Amanecer,Despejado,No,NO APLICA,5,43,6,12,1,29/05/2022,2
8,Colorado,80700,0,0,2,0,69,LARIMER (69),860,FORT COLLINS,9,Septiembre,26,2022,13,59,E MULBERRY ST,6,Calle Local Municipalidad,Urbano,Arteria Menor,City or Municipal Highway Agency,0,Sin jurisdiccion especial,0,40.58143611,-105.0719444,Vehiculo en movimiento,Angulo,Four-Way Intersection,Interseccion de 4 direcciones,Sobre calle,Ninguna,Dia total,Despejado,No,NO APLICA,13,59,14,1,1,26/09/2022,2
8,Colorado,80701,0,0,1,0,31,DENVER (31),600,DENVER,11,Noviembre,13,2022,4,51,US-85   S SANTA FE DR,2,US Highway,Urbano,Arterial Principal -Freeway o ExpressWay,State Highway Agency,1,Sin jurisdiccion especial,2095,39.6904,-104.9923278,Banqueta,El primer evento no fue una colision con un vehiculo automotor en transporte,Not an Intersection,No fue interseccion,Sobre el lado de la calle,Ninguna,Oscuro con iluminacion,Despejado,No,NO APLICA,4,53,5,6,1,13/11/2022,4
8,Colorado,80702,0,0,1,0,85,MONTROSE (85),1700,MONTROSE,12,Diciembre,20,2022,22,0,6450 ROAD,6,Calle Local Municipalidad,Urbano,Colector Mayor,City or Municipal Highway Agency,0,Sin jurisdiccion especial,0,38.4897,-107.8845583,Piedrotototota,El primer evento no fue una colision con un vehiculo automotor en transporte,Not an Intersection,No fue interseccion,Sobre el lado de la calle,Ninguna,Oscuro sin iluminacion,Despejado,No,NO APLICA,22,2,22,6,1,20/12/2022,1
9,Connecticut,90001,0,0,1,0,11,NEW LONDON (11),260,GROTON,1,Enero,1,2022,7,9,I-95,1,Interestatal,Urbano,Interestatal,State Highway Agency,1,Sin jurisdiccion especial,979,41.36398333,-72.01985278,Arbol,El primer evento no fue una colision con un vehiculo automotor en transporte,Not an Intersection,No fue interseccion,En el medio,Ninguna,Amanecer,Nublado,No,NO APLICA,7,13,7,20,1,01/01/2022,3
9,Connecticut,90002,0,0,1,0,15,WINDHAM (15),550,PLAINFIELD,1,Enero,5,2022,6,29,I-395,1,Interestatal,Rural,Interestatal,State Highway Agency,1,Sin jurisdiccion especial,307,41.69918889,-71.90257222,Poste de Señal de trafico,El primer evento no fue una colision con un vehiculo automotor en transporte,Not an Intersection,No fue interseccion,En el medio,Ninguna,Oscuro sin iluminacion,Despejado,No,NO APLICA,6,42,6,49,1,05/01/2022,1
9,Connecticut,90003,0,0,1,0,1,FAIRFIELD (1),715,STRATFORD,1,Enero,11,2022,23,53,BROADBRIDGE AV,5,Calle Local - Pueblo,Urbano,Arteria Menor,Town or Township Highway Agency,0,Sin jurisdiccion especial,13,41.20396389,-73.147925,Poste,El primer evento no fue una colision con un vehiculo automotor en transporte,Not an Intersection,No fue interseccion,Sobre el lado de la calle,Ninguna,Oscuro con iluminacion,Despejado,No,NO APLICA,99,99,99,99,1,11/01/2022,1
9,Connecticut,90005,0,0,2,0,9,NEW HAVEN (9),265,GUILFORD,1,Enero,16,2022,22,45,I-95,1,Interestatal,Urbano,Interestatal,State Highway Agency,1,Sin jurisdiccion especial,590,41.297275,-72.71064722,Vehiculo en movimiento,Frente a frente,Not an Intersection,No fue interseccion,Sobre calle,Ninguna,Oscuro sin iluminacion,lluvia,No,NO APLICA,22,50,22,56,2,16/01/2022,2
9,Connecticut,90006,0,0,4,0,3,HARTFORD (3),237,FARMINGTON,1,Enero,11,2022,19,13,I-84,1,Interestatal,Urbano,Interestatal,State Highway Agency,1,Sin jurisdiccion especial,535,41.71066944,-72.80005,Vehiculo en movimiento,Golpe Lateral - misma direccion,Not an Intersection,No fue interseccion,Sobre calle,Ninguna,Oscuro con iluminacion,Despejado,No,NO APLICA,19,11,19,24,2,11/01/2022,7
9,Connecticut,90008,0,0,2,0,7,MIDDLESEX (7),160,CROMWELL,1,Enero,20,2022,14,31,I-91,1,Interestatal,Urbano,Interestatal,State Highway Agency,1,Sin jurisdiccion especial,274,41.6232,-72.69128333,Vehiculo en movimiento,Golpe Lateral - misma direccion,Not an Intersection,No fue interseccion,Sobre calle,Ninguna,Dia total,Nublado,No,NO APLICA,14,30,14,38,1,20/01/2022,2
9,Connecticut,90009,1,1,1,0,3,HARTFORD (3),225,EAST HARTFORD,1,Enero,13,2022,22,39,US-44 BURNSIDE AVE,2,US Highway,Urbano,Arteria Menor,State Highway Agency,0,Sin jurisdiccion especial,575,41.78070833,-72.60281389,Peaton,El primer evento no fue una colision con un vehiculo automotor en transporte,Not an Intersection,No fue interseccion,Sobre calle,Ninguna,Oscuro con iluminacion,Despejado,No,NO APLICA,99,99,99,99,1,13/01/2022,1
9,Connecticut,90011,0,0,1,0,15,WINDHAM (15),99,BROOKLYN,1,Enero,26,2022,7,2,SR-205 WAUREGAN RD,3,Highway estatal,Urbano,Colector Mayor,State Highway Agency,0,Sin jurisdiccion especial,24,41.76743056,-71.93833889,Buzon de correo,El primer evento no fue una colision con un vehiculo automotor en transporte,Not an Intersection,No fue interseccion,Sobre el lado de la calle,Ninguna,Dia total,Despejado,No,NO APLICA,7,2,7,17,1,26/01/2022,1
9,Connecticut,90012,1,1,2,0,1,FAIRFIELD (1),80,BRIDGEPORT,1,Enero,13,2022,6,48,MAIN ST NO 2,5,Calle Local - Pueblo,Urbano,Arteria Principal,State Highway Agency,1,Sin jurisdiccion especial,29,41.22364167,-73.21807778,Peaton,El primer evento no fue una colision con un vehiculo automotor en transporte,T-Intersection,Interseccion de T,Sobre calle,Ninguna,Amanecer,Despejado,No,NO APLICA,99,99,99,99,1,13/01/2022,3
9,Connecticut,90013,0,0,2,0,3,HARTFORD (3),90,BRISTOL,1,Enero,7,2022,4,34,SR-229,3,Highway estatal,Urbano,Arteria Menor,State Highway Agency,0,Sin jurisdiccion especial,40,41.66393333,-72.92041111,Vehiculo en movimiento,Angulo,Not an Intersection,No fue interseccion,Sobre calle,Ninguna,Oscuro con iluminacion,Soplando nieve,No,NO APLICA,4,37,4,46,1,07/01/2022,2
9,Connecticut,90014,0,0,1,0,1,FAIRFIELD (1),650,SHELTON,1,Enero,25,2022,99,99,SR-8 RAMP 017,3,Highway estatal,Urbano,Arterial Principal -Freeway o ExpressWay,State Highway Agency,1,Sin jurisdiccion especial,0,41.27443056,-73.11601944,Nieve,El primer evento no fue una colision con un vehiculo automotor en transporte,Not an Intersection,No fue interseccion,Sobre el lado de la calle,Ninguna,Reportada como desconocida,Reportado como desconocido,No,NO APLICA,11,29,11,45,2,25/01/2022,2
9,Connecticut,90015,0,0,2,0,9,NEW HAVEN (9),430,NEW HAVEN,2,Febrero,7,2022,12,14,CHAPEL ST,5,Calle Local - Pueblo,Urbano,Colector Mayor,Town or Township Highway Agency,0,Sin jurisdiccion especial,39,41.31559722,-72.96356389,Vehiculo en movimiento,Angulo,Four-Way Intersection,Interseccion de 4 direcciones,Sobre calle,Ninguna,Dia total,lluvia,No,NO APLICA,12,14,12,35,1,07/02/2022,2
9,Connecticut,90016,0,0,2,0,15,WINDHAM (15),108,CHAPLIN,2,Febrero,7,2022,22,42,US-6 HAMPTON RD,2,US Highway,Rural,Arteria Principal,State Highway Agency,1,Sin jurisdiccion especial,988,41.76797222,-72.09951111,Vehiculo en movimiento,Frente a frente,Not an Intersection,No fue interseccion,Sobre calle,Ninguna,Oscuro sin iluminacion,lluvia,No,NO APLICA,22,42,22,47,2,07/02/2022,4
9,Connecticut,90017,0,0,1,0,3,HARTFORD (3),280,HARTFORD,1,Enero,24,2022,12,22,I-91,1,Interestatal,Urbano,Interestatal,State Highway Agency,1,Sin jurisdiccion especial,373,41.75269722,-72.658975,Barrera de Trafico de Concreto,El primer evento no fue una colision con un vehiculo automotor en transporte,Not an Intersection,No fue interseccion,Sobre el lado de la calle,Ninguna,Dia total,Despejado,No,NO APLICA,12,21,12,29,1,24/01/2022,1
9,Connecticut,90018,1,1,1,0,13,TOLLAND (13),846,WILLINGTON HILL,2,Febrero,3,2022,16,3,SR-320 WILLINGTON HILL RD,3,Highway estatal,Urbano,Arteria Menor,State Highway Agency,0,Sin jurisdiccion especial,21,41.85730278,-72.27083611,Peaton,El primer evento no fue una colision con un vehiculo automotor en transporte,Not an Intersection,No fue interseccion,Sobre calle,Ninguna,Dia total,lluvia,No,NO APLICA,99,99,99,99,1,03/02/2022,1
9,Connecticut,90019,0,0,1,0,3,HARTFORD (3),255,GLASTONBURY,2,Febrero,14,2022,21,42,SR-2,3,Highway estatal,Urbano,Arterial Principal -Freeway o ExpressWay,State Highway Agency,1,Sin jurisdiccion especial,73,41.70123611,-72.56707778,Acotamiento,El primer evento no fue una colision con un vehiculo automotor en transporte,Not an Intersection,No fue interseccion,En el medio,Ninguna,Oscuro sin iluminacion,Despejado,No,NO APLICA,21,43,21,50,1,14/02/2022,1
9,Connecticut,90020,1,1,1,0,3,HARTFORD (3),420,NEW BRITAIN,1,Enero,31,2022,7,23,BLACK ROCK AV,5,Calle Local - Pueblo,Urbano,Colector Mayor,Town or Township Highway Agency,0,Sin jurisdiccion especial,10,41.66428889,-72.812875,Peaton,El primer evento no fue una colision con un vehiculo automotor en transporte,Not an Intersection,No fue interseccion,Sobre calle,Ninguna,Amanecer,Despejado,No,NO APLICA,7,20,7,24,1,31/01/2022,1
9,Connecticut,90021,0,0,1,0,1,FAIRFIELD (1),765,TRUMBULL,2,Febrero,9,2022,15,24,SR-734 DANIELS FARM RD,3,Highway estatal,Urbano,Arteria Menor,State Highway Agency,0,Sin jurisdiccion especial,2,41.24784722,-73.19603056,Banqueta,El primer evento no fue una colision con un vehiculo automotor en transporte,Not an Intersection,No fue interseccion,Sobre el lado de la calle,Ninguna,Dia total,Despejado,No,NO APLICA,15,25,15,30,1,09/02/2022,1
9,Connecticut,90022,0,0,4,0,1,FAIRFIELD (1),170,DANBURY,2,Febrero,15,2022,17,7,US-7 SUGAR HOLLOW RD,2,US Highway,Urbano,Arteria Principal,State Highway Agency,1,Sin jurisdiccion especial,197,41.36001667,-73.47219167,Vehiculo en movimiento,Angulo,Not an Intersection,No fue interseccion,Sobre calle,Ninguna,Dia total,Despejado,No,NO APLICA,99,99,99,99,1,15/02/2022,5
9,Connecticut,90023,0,0,2,0,3,HARTFORD (3),420,NEW BRITAIN,2,Febrero,6,2022,99,99,SR-372 WEST MAIN ST,3,Highway estatal,Urbano,Arteria Menor,State Highway Agency,0,Sin jurisdiccion especial,40,41.66829722,-72.81694167,Vehiculo en movimiento,Angulo,Four-Way Intersection,Interseccion de 4 direcciones,Sobre calle,Ninguna,Oscuro con iluminacion,Despejado,No,NO APLICA,20,32,20,37,1,06/02/2022,2
9,Connecticut,90025,1,1,1,0,3,HARTFORD (3),420,NEW BRITAIN,2,Febrero,17,2022,18,1,TREMONT ST,5,Calle Local - Pueblo,Urbano,Local,Town or Township Highway Agency,0,Sin jurisdiccion especial,5,41.68150833,-72.77869444,Peaton,El primer evento no fue una colision con un vehiculo automotor en transporte,Not an Intersection,No fue interseccion,Sobre calle,Ninguna,Oscuro sin iluminacion,Despejado,No,NO APLICA,99,99,99,99,1,17/02/2022,1
9,Connecticut,90027,0,0,2,0,9,NEW HAVEN (9),370,MERIDEN,2,Febrero,26,2022,2,26,I-91,1,Interestatal,Urbano,Interestatal,State Highway Agency,1,Sin jurisdiccion especial,199,41.53409167,-72.76716667,Vehiculo en movimiento,Frente a frente,Not an Intersection,No fue interseccion,Sobre calle,Ninguna,Oscuro con iluminacion,Despejado,No,NO APLICA,2,28,2,32,2,26/02/2022,3
9,Connecticut,90028,0,0,1,0,9,NEW HAVEN (9),585,PROSPECT,3,Marzo,2,2022,6,3,SCOTT RD,5,Calle Local - Pueblo,Urbano,Arteria Menor,Town or Township Highway Agency,0,Sin jurisdiccion especial,5,41.51872222,-72.98321667,Otro objeto (fijo),El primer evento no fue una colision con un vehiculo automotor en transporte,Not an Intersection,No fue interseccion,Sobre el lado de la calle,Ninguna,Amanecer,Despejado,No,NO APLICA,6,3,6,7,1,02/03/2022,1
9,Connecticut,90029,0,0,2,0,3,HARTFORD (3),280,HARTFORD,2,Febrero,26,2022,2,46,I-84,1,Interestatal,Urbano,Interestatal,State Highway Agency,1,Sin jurisdiccion especial,622,41.76979167,-72.67529167,Vehiculo en movimiento,Frente a frente,Not an Intersection,No fue interseccion,Sobre calle,Ninguna,Oscuro con iluminacion,Nublado,No,NO APLICA,2,43,2,50,4,26/02/2022,5
9,Connecticut,90030,0,0,1,0,3,HARTFORD (3),365,MANCHESTER,2,Febrero,19,2022,4,58,I-384,1,Interestatal,Urbano,Interestatal,State Highway Agency,1,Sin jurisdiccion especial,24,41.76455278,-72.55509444,Volcadura,El primer evento no fue una colision con un vehiculo automotor en transporte,Not an Intersection,No fue interseccion,En el medio,Ninguna,Oscuro con iluminacion,Despejado,No,NO APLICA,4,57,5,4,1,19/02/2022,3
9,Connecticut,90031,0,0,1,0,5,LITCHFIELD (5),83,BRIDGEWATER,3,Marzo,7,2022,14,34,SR-67 NEW MILFORD RD EAST,3,Highway estatal,Urbano,Arteria Menor,State Highway Agency,0,Sin jurisdiccion especial,47,41.54461389,-73.34697778,Arbol,El primer evento no fue una colision con un vehiculo automotor en transporte,Not an Intersection,No fue interseccion,Sobre el lado de la calle,Ninguna,Dia total,lluvia,No,NO APLICA,14,31,14,40,1,07/03/2022,1
9,Connecticut,90032,0,0,1,0,3,HARTFORD (3),90,BRISTOL,2,Febrero,17,2022,14,10,JAMES P CASEY RD,5,Calle Local - Pueblo,Urbano,Arteria Menor,Town or Township Highway Agency,0,Sin jurisdiccion especial,6,41.69295556,-72.97377778,Poste,El primer evento no fue una colision con un vehiculo automotor en transporte,Not an Intersection,No fue interseccion,Sobre el lado de la calle,Ninguna,Dia total,Despejado,No,NO APLICA,14,12,14,17,1,17/02/2022,1
9,Connecticut,90033,0,0,1,0,5,LITCHFIELD (5),634,SALISBURY,2,Febrero,7,2022,21,35,SR-112 LIME ROCK RD,3,Highway estatal,Rural,Arteria Menor,State Highway Agency,0,Sin jurisdiccion especial,37,41.92848889,-73.41402778,Arbol,El primer evento no fue una colision con un vehiculo automotor en transporte,Not an Intersection,No fue interseccion,Sobre el lado de la calle,Ninguna,Oscuro sin iluminacion,Aguanieve,No,NO APLICA,21,37,21,58,1,07/02/2022,1
9,Connecticut,90034,1,1,1,0,3,HARTFORD (3),224,EAST WINDSOR (HISTORICAL),3,Marzo,6,2022,15,15,SR-140 NORTH RD,3,Highway estatal,Urbano,Arteria Menor,State Highway Agency,0,Sin jurisdiccion especial,52,41.93565833,-72.57846111,Peaton,El primer evento no fue una colision con un vehiculo automotor en transporte,Not an Intersection,No fue interseccion,Sobre Acotamiento,Ninguna,Dia total,Despejado,No,NO APLICA,99,99,99,99,1,06/03/2022,1
9,Connecticut,90035,0,0,2,0,9,NEW HAVEN (9),430,NEW HAVEN,3,Marzo,11,2022,1,0,SR-17,3,Highway estatal,Urbano,Arteria Principal,State Highway Agency,1,Sin jurisdiccion especial,6,41.32796389,-72.87825,Vehiculo en movimiento,Angulo,T-Intersection,Interseccion de T,Sobre calle,Ninguna,Oscuro con iluminacion,Despejado,No,NO APLICA,1,1,1,13,1,11/03/2022,2
9,Connecticut,90037,0,0,1,0,7,MIDDLESEX (7),266,HADDAM,3,Marzo,11,2022,15,50,SR-154 SAYBROOK RD,3,Highway estatal,Rural,Colector Mayor,State Highway Agency,0,Sin jurisdiccion especial,252,41.49762778,-72.54846944,Buzon de correo,El primer evento no fue una colision con un vehiculo automotor en transporte,Not an Intersection,No fue interseccion,Sobre el lado de la calle,Ninguna,Dia total,Despejado,No,NO APLICA,15,50,15,58,1,11/03/2022,2
9,Connecticut,90038,0,0,1,0,11,NEW LONDON (11),260,GROTON,3,Marzo,16,2022,2,29,I-95,1,Interestatal,Urbano,Interestatal,State Highway Agency,1,Sin jurisdiccion especial,958,41.36201111,-72.05922778,Poste de Señal de trafico,El primer evento no fue una colision con un vehiculo automotor en transporte,Not an Intersection,No fue interseccion,Gore?,Ninguna,Oscuro con iluminacion,Despejado,No,NO APLICA,2,34,2,41,1,16/03/2022,1
9,Connecticut,90039,0,0,1,0,1,FAIRFIELD (1),841,WILTON,3,Marzo,12,2022,6,46,US-7,2,US Highway,Urbano,Arteria Principal,State Highway Agency,1,Sin jurisdiccion especial,113,41.25058333,-73.43457778,Banqueta,El primer evento no fue una colision con un vehiculo automotor en transporte,Not an Intersection,No fue interseccion,Sobre el lado de la calle,Ninguna,Dia total,Nublado,No,NO APLICA,99,99,99,99,1,12/03/2022,1
9,Connecticut,90040,0,0,1,0,9,NEW HAVEN (9),385,MILFORD,3,Marzo,16,2022,23,27,SR-15,3,Highway estatal,Urbano,Arterial Principal -Freeway o ExpressWay,State Highway Agency,1,Sin jurisdiccion especial,387,41.25325833,-73.07317222,Poste de Señal de trafico,El primer evento no fue una colision con un vehiculo automotor en transporte,Not an Intersection,No fue interseccion,Gore?,Ninguna,Oscuro con iluminacion,Despejado,No,NO APLICA,23,30,23,41,1,16/03/2022,1
9,Connecticut,90041,0,0,1,0,1,FAIRFIELD (1),170,DANBURY,3,Marzo,18,2022,1,22,I-84,1,Interestatal,Urbano,Interestatal,State Highway Agency,1,Sin jurisdiccion especial,76,41.41778889,-73.42270833,Barrera de Cable,El primer evento no fue una colision con un vehiculo automotor en transporte,Not an Intersection,No fue interseccion,En el medio,Ninguna,Oscuro con iluminacion,Nublado,No,NO APLICA,1,41,1,44,1,18/03/2022,2
9,Connecticut,90042,1,1,3,2,9,NEW HAVEN (9),669,SOUTHBURY,3,Marzo,18,2022,7,49,I-84,1,Interestatal,Urbano,Interestatal,State Highway Agency,1,Sin jurisdiccion especial,231,41.48298611,-73.19224444,Vehiculo Aparcado,El primer evento no fue una colision con un vehiculo automotor en transporte,Not an Intersection,No fue interseccion,Sobre Acotamiento,Ninguna,Dia total,Despejado,No,NO APLICA,7,49,8,0,1,18/03/2022,2
9,Connecticut,90045,0,0,1,0,9,NEW HAVEN (9),370,MERIDEN,3,Marzo,19,2022,2,53,RESEARCH PKWY,5,Calle Local - Pueblo,Urbano,Arteria Menor,Town or Township Highway Agency,0,Sin jurisdiccion especial,3,41.52121667,-72.76004167,Arbol,El primer evento no fue una colision con un vehiculo automotor en transporte,Not an Intersection,No fue interseccion,Sobre el lado de la calle,Ninguna,Oscuro con iluminacion,Despejado,No,NO APLICA,99,99,99,99,1,19/03/2022,1
9,Connecticut,90046,1,1,1,0,9,NEW HAVEN (9),810,WATERBURY,1,Enero,23,2022,0,13,SR-847,3,Highway estatal,Urbano,Arteria Menor,State Highway Agency,0,Sin jurisdiccion especial,45,41.56646389,-73.05503889,Peaton,El primer evento no fue una colision con un vehiculo automotor en transporte,Not an Intersection,No fue interseccion,Sobre calle,Ninguna,Oscuro con iluminacion,Despejado,No,NO APLICA,0,15,0,21,1,23/01/2022,1
9,Connecticut,90047,1,1,1,0,9,NEW HAVEN (9),810,WATERBURY,1,Enero,26,2022,9,44,EAST MAIN ST,5,Calle Local - Pueblo,Urbano,Arteria Menor,Town or Township Highway Agency,0,Sin jurisdiccion especial,2,41.554825,-73.03686389,Peaton,El primer evento no fue una colision con un vehiculo automotor en transporte,Four-Way Intersection,Interseccion de 4 direcciones,Sobre calle,Ninguna,Dia total,Despejado,No,NO APLICA,9,44,9,48,1,26/01/2022,1
9,Connecticut,90049,0,0,2,0,5,LITCHFIELD (5),428,NEW HARTFORD,4,Abril,2,2022,20,57,US-202,2,US Highway,Rural,Arteria Principal,State Highway Agency,1,Sin jurisdiccion especial,474,41.82133611,-73.06561389,Vehiculo en movimiento,Frente a frente,Not an Intersection,No fue interseccion,Sobre calle,Ninguna,Oscuro sin iluminacion,Despejado,No,NO APLICA,20,57,21,0,1,02/04/2022,2
9,Connecticut,90050,1,1,1,0,1,FAIRFIELD (1),510,NORWALK,3,Marzo,25,2022,22,23,I-95,1,Interestatal,Urbano,Interestatal,State Highway Agency,1,Sin jurisdiccion especial,150,41.10453056,-73.42865833,Peaton,El primer evento no fue una colision con un vehiculo automotor en transporte,Not an Intersection,No fue interseccion,Sobre calle,Ninguna,Oscuro con iluminacion,Despejado,No,NO APLICA,22,26,22,33,1,25/03/2022,2
9,Connecticut,90051,0,0,1,0,9,NEW HAVEN (9),410,SEYMOUR,4,Abril,3,2022,1,47,SR-68,3,Highway estatal,Urbano,Arteria Menor,State Highway Agency,0,Sin jurisdiccion especial,13,41.50439444,-73.03434722,Puente de Ferrocarril,El primer evento no fue una colision con un vehiculo automotor en transporte,Not an Intersection,No fue interseccion,Sobre el lado de la calle,Ninguna,Oscuro con iluminacion,Despejado,No,NO APLICA,99,99,99,99,1,03/04/2022,1
9,Connecticut,90052,0,0,1,0,9,NEW HAVEN (9),430,NEW HAVEN,4,Abril,9,2022,3,32,COLLEGE ST,5,Calle Local - Pueblo,Urbano,Arteria Principal,Town or Township Highway Agency,1,Sin jurisdiccion especial,8,41.3021,-72.93257222,Arbol,El primer evento no fue una colision con un vehiculo automotor en transporte,Y-Intersection,Interseccion de Y,Sobre el lado de la calle,Ninguna,Oscuro con iluminacion,Despejado,No,NO APLICA,99,99,99,99,2,09/04/2022,2
9,Connecticut,90053,0,0,2,0,15,WINDHAM (15),108,CHAPLIN,4,Abril,13,2022,9,23,US-6 WILLIMANTIC RD,2,US Highway,Rural,Arteria Principal,State Highway Agency,1,Sin jurisdiccion especial,965,41.76589722,-72.13911944,Vehiculo en movimiento,Golpe Lateral - direccion contraria,Not an Intersection,No fue interseccion,Sobre calle,Ninguna,Dia total,Despejado,No,NO APLICA,9,24,9,35,1,13/04/2022,2
9,Connecticut,90054,0,0,3,0,15,WINDHAM (15),268,HAMPTON,4,Abril,9,2022,20,46,US-6 HARTFORD TPKE,2,US Highway,Rural,Arteria Principal,State Highway Agency,1,Sin jurisdiccion especial,1009,41.77051944,-72.06298056,Vehiculo en movimiento,Frente a frente,Not an Intersection,No fue interseccion,Sobre calle,Ninguna,Oscuro sin iluminacion,Despejado,No,NO APLICA,20,46,20,57,2,09/04/2022,4
9,Connecticut,90055,0,0,1,0,15,WINDHAM (15),104,CANTERBURY,4,Abril,16,2022,0,24,WATER ST,5,Calle Local - Pueblo,Rural,Colector Mayor,Town or Township Highway Agency,0,Sin jurisdiccion especial,20,41.68146111,-72.02139167,Barda,El primer evento no fue una colision con un vehiculo automotor en transporte,Not an Intersection,No fue interseccion,Sobre el lado de la calle,Ninguna,Oscuro - iluminacion desconocida,Despejado,No,NO APLICA,99,99,99,99,1,16/04/2022,2
9,Connecticut,90057,0,0,1,0,11,NEW LONDON (11),830,WEST MYSTIC,4,Abril,15,2022,18,18,SANDY HOLLOW RD,5,Calle Local - Pueblo,Rural,Arteria Menor,Town or Township Highway Agency,0,Sin jurisdiccion especial,5,41.37,-71.98300278,Piedrotototota,El primer evento no fue una colision con un vehiculo automotor en transporte,Not an Intersection,No fue interseccion,Sobre el lado de la calle,Ninguna,Dia total,Despejado,No,NO APLICA,99,99,99,99,1,15/04/2022,1
9,Connecticut,90058,0,0,2,0,9,NEW HAVEN (9),110,CHESHIRE,1,Enero,22,2022,22,5,SR-70 SOUTH MERIDEN RD,3,Highway estatal,Urbano,Arteria Menor,State Highway Agency,0,Sin jurisdiccion especial,57,41.50051389,-72.87955556,Vehiculo en movimiento,Frente a frente,Not an Intersection,No fue interseccion,Sobre calle,Ninguna,Oscuro con iluminacion,Despejado,No,NO APLICA,22,7,22,18,1,22/01/2022,2
9,Connecticut,90059,0,0,2,0,1,FAIRFIELD (1),700,STAMFORD,1,Enero,22,2022,20,19,BROAD ST,5,Calle Local - Pueblo,Urbano,Arteria Menor,Town or Township Highway Agency,0,Sin jurisdiccion especial,4,41.055275,-73.53610278,Vehiculo en movimiento,Angulo,Four-Way Intersection,Interseccion de 4 direcciones,Sobre calle,Ninguna,Oscuro con iluminacion,Despejado,No,NO APLICA,20,21,20,24,1,22/01/2022,2