Estado,Nombre de Estado,Numero de Caso,Peatones,Personas _no_vehiculos,Vehiculos automotores,Vehiculos estacionados,Condado,Nombre Condado,Ciudad,Nombre Ciudad,Mes,Nombre Mes,Dia,Año,Hora,Minuto,Calle,Ruta,Nombre Ruta,Rural o Urbanoo,Sistema Funcional,Dueño Calle,Sistema Nacional Carreteras,Jurisdiccion Especial,Milla,Latitud,Longitud,Causa del Accidente,Tipo de Accidente,Tipo Interseccion,Columna1,Lugar en la calle,Zona de Trabajo,Luz,Clima,Autobus Escolar,Cruce de Trenes,Hora Notificacion,Minuto Notificacion,Hora Llegada,Minuto Llegada,Decesos,Fecha,PersonaVehiculo
9,Connecticut,90060,1,1,1,0,3,HARTFORD (3),90,BRISTOL,1,Enero,19,2022,19,46,JEROME AV,5,Calle Local - Pueblo,Urbano,Arteria Menor,Town or Township Highway Agency,0,Sin jurisdiccion especial,12,41.70616111,-72.92779444,Peaton,El primer evento no fue una colision con un vehiculo automotor en transporte,T-Intersection,Interseccion de T,Sobre calle,Ninguna,Oscuro con iluminacion,Despejado,No,NO APLICA,99,99,99,99,1,19/01/2022,1
9,Connecticut,90061,0,0,1,0,1,FAIRFIELD (1),170,DANBURY,2,Febrero,6,2022,2,5,US-6 LAKE AVE EXT,2,US Highway,Urbano,Arteria Menor,State Highway Agency,0,Sin jurisdiccion especial,35,41.38514444,-73.47980556,Poste,El primer evento no fue una colision con un vehiculo automotor en transporte,Not an Intersection,No fue interseccion,Sobre el lado de la calle,Ninguna,Oscuro con iluminacion,Despejado,No,NO APLICA,99,99,99,99,1,06/02/2022,1
9,Connecticut,90062,0,0,1,0,1,FAIRFIELD (1),765,TRUMBULL,3,Marzo,9,2022,23,1,SR-8,3,Highway estatal,Urbano,Arterial Principal -Freeway o ExpressWay,State Highway Agency,1,Sin jurisdiccion especial,45,41.2248,-73.17069167,Arbol,El primer evento no fue una colision con un vehiculo automotor en transporte,Not an Intersection,No fue interseccion,En el medio,Ninguna,Oscuro sin iluminacion,Despejado,No,NO APLICA,23,9,23,10,1,09/03/2022,2
9,Connecticut,90063,0,2,2,1,9,NEW HAVEN (9),825,WEST HAVEN,4,Abril,9,2022,22,48,I-95,1,Interestatal,Urbano,Interestatal,State Highway Agency,1,Sin jurisdiccion especial,435,41.26779167,-72.97505833,Vehiculo Aparcado,El primer evento no fue una colision con un vehiculo automotor en transporte,Not an Intersection,No fue interseccion,Sobre Acotamiento,Ninguna,Oscuro con iluminacion,Despejado,No,NO APLICA,22,48,23,1,1,09/04/2022,1
9,Connecticut,90064,1,1,1,0,3,HARTFORD (3),280,HARTFORD,1,Enero,8,2022,23,29,FRANKLIN AV,5,Calle Local - Pueblo,Urbano,Arteria Menor,Town or Township Highway Agency,0,Sin jurisdiccion especial,8,41.74059167,-72.67598056,Peaton,El primer evento no fue una colision con un vehiculo automotor en transporte,Not an Intersection,No fue interseccion,Sobre calle,Ninguna,Oscuro con iluminacion,Despejado,No,NO APLICA,23,29,23,32,1,08/01/2022,1
9,Connecticut,90065,0,0,2,0,3,HARTFORD (3),280,HARTFORD,3,Marzo,24,2022,22,24,FARMINGTON AV,5,Calle Local - Pueblo,Urbano,Arteria Principal,Town or Township Highway Agency,1,Sin jurisdiccion especial,12,41.76781944,-72.69378611,Vehiculo en movimiento,Angulo,Four-Way Intersection,Interseccion de 4 direcciones,Sobre calle,Ninguna,Oscuro con iluminacion,lluvia,No,NO APLICA,22,24,22,24,1,24/03/2022,3
9,Connecticut,90066,3,3,1,0,3,HARTFORD (3),280,HARTFORD,3,Marzo,31,2022,23,36,NEW BRITAIN AV,5,Calle Local - Pueblo,Urbano,Arteria Menor,Town or Township Highway Agency,0,Sin jurisdiccion especial,12,41.74374444,-72.68969722,Peaton,El primer evento no fue una colision con un vehiculo automotor en transporte,T-Intersection,Interseccion de T,Sobre calle,Ninguna,Oscuro con iluminacion,lluvia,No,NO APLICA,23,37,23,42,1,31/03/2022,1
9,Connecticut,90067,0,0,1,0,1,FAIRFIELD (1),387,MONROE,4,Abril,22,2022,23,20,SR-111 MONROE TPKE,3,Highway estatal,Urbano,Arteria Menor,State Highway Agency,0,Sin jurisdiccion especial,112,41.38196667,-73.19142222,Arbol,El primer evento no fue una colision con un vehiculo automotor en transporte,Not an Intersection,No fue interseccion,Sobre el lado de la calle,Ninguna,Oscuro sin iluminacion,Despejado,No,NO APLICA,23,20,23,34,1,22/04/2022,1
9,Connecticut,90068,0,0,1,0,1,FAIRFIELD (1),510,NORWALK,4,Abril,18,2022,13,39,WEST AV,5,Calle Local - Pueblo,Urbano,Colector Mayor,Town or Township Highway Agency,0,Sin jurisdiccion especial,10,41.11522778,-73.41493889,Banqueta,El primer evento no fue una colision con un vehiculo automotor en transporte,Four-Way Intersection,Interseccion de 4 direcciones,Sobre el lado de la calle,Ninguna,Dia total,Despejado,No,NO APLICA,99,99,99,99,1,18/04/2022,1
9,Connecticut,90069,0,0,1,0,1,FAIRFIELD (1),765,TRUMBULL,4,Abril,21,2022,10,41,STONEHOUSE RD,5,Calle Local - Pueblo,Urbano,Arteria Menor,Town or Township Highway Agency,0,Sin jurisdiccion especial,2,41.27303333,-73.23061389,Banqueta,El primer evento no fue una colision con un vehiculo automotor en transporte,Not an Intersection,No fue interseccion,Sobre el lado de la calle,Ninguna,Dia total,Despejado,No,NO APLICA,10,44,10,48,1,21/04/2022,1
9,Connecticut,90070,0,0,2,0,11,NEW LONDON (11),710,STONINGTON,4,Abril,27,2022,7,30,SR-234,3,Highway estatal,Rural,Colector Mayor,State Highway Agency,0,Sin jurisdiccion especial,15,41.38260278,-71.93138056,Vehiculo en movimiento,Frente a frente,Not an Intersection,No fue interseccion,Sobre calle,Ninguna,Dia total,Despejado,No,NO APLICA,7,54,8,5,1,27/04/2022,2
9,Connecticut,90071,0,0,2,0,5,LITCHFIELD (5),760,WEST TORRINGTON,5,Mayo,3,2022,18,45,US-202,2,US Highway,Urbano,Arteria Principal,State Highway Agency,1,Sin jurisdiccion especial,418,41.78435833,-73.15225278,Vehiculo en movimiento,Angulo,Not an Intersection,No fue interseccion,Sobre calle,Ninguna,Dia total,Nublado,No,NO APLICA,18,45,18,49,1,03/05/2022,2
9,Connecticut,90072,1,1,2,0,1,FAIRFIELD (1),170,DANBURY,5,Mayo,1,2022,1,21,LAKE AV,5,Calle Local - Pueblo,Urbano,Arteria Principal,Town or Township Highway Agency,1,Sin jurisdiccion especial,1,41.39066944,-73.46628611,Peaton,El primer evento no fue una colision con un vehiculo automotor en transporte,Not an Intersection,No fue interseccion,Sobre calle,Ninguna,Oscuro con iluminacion,Despejado,No,NO APLICA,99,99,99,99,1,01/05/2022,4
9,Connecticut,90073,0,0,2,0,11,NEW LONDON (11),140,COLCHESTER,5,Mayo,3,2022,18,15,SR-16,3,Highway estatal,Rural,Arteria Menor,State Highway Agency,0,Sin jurisdiccion especial,86,41.55091111,-72.38835833,Valla Ferrocarril,El primer evento no fue una colision con un vehiculo automotor en transporte,Not an Intersection,No fue interseccion,Sobre el lado de la calle,Ninguna,Dia total,Despejado,No,NO APLICA,18,11,18,13,1,03/05/2022,2
9,Connecticut,90074,0,0,2,0,5,LITCHFIELD (5),450,NEW MILFORD,5,Mayo,1,2022,11,22,US-7 DANBURY RD,2,US Highway,Urbano,Arteria Menor,State Highway Agency,0,Sin jurisdiccion especial,349,41.54224722,-73.42168333,Vehiculo en movimiento,Angulo,Not an Intersection,No fue interseccion,Sobre calle,Ninguna,Dia total,Despejado,No,NO APLICA,99,99,99,99,1,01/05/2022,4
9,Connecticut,90075,1,1,1,0,13,TOLLAND (13),691,STAFFORD,4,Abril,11,2022,14,43,FURNACE AV,5,Calle Local - Pueblo,Urbano,Colector Mayor,Town or Township Highway Agency,0,Sin jurisdiccion especial,9,41.96638889,-72.29843056,Ciclista,El primer evento no fue una colision con un vehiculo automotor en transporte,Not an Intersection,No fue interseccion,Sobre calle,Ninguna,Dia total,Despejado,No,NO APLICA,14,45,14,50,1,11/04/2022,2
9,Connecticut,90076,0,0,1,0,11,NEW LONDON (11),244,FRANKLIN,4,Abril,24,2022,2,59,SR-32 FRANKLIN TPKE,3,Highway estatal,Urbano,Arteria Menor,State Highway Agency,0,Sin jurisdiccion especial,213,41.62562222,-72.1586,Buzon de correo,El primer evento no fue una colision con un vehiculo automotor en transporte,Not an Intersection,No fue interseccion,Sobre el lado de la calle,Ninguna,Oscuro sin iluminacion,Despejado,No,NO APLICA,3,10,3,18,1,24/04/2022,2
9,Connecticut,90077,0,0,1,0,15,WINDHAM (15),268,HAMPTON,5,Mayo,28,2022,7,34,US-6,2,US Highway,Rural,Arteria Principal,State Highway Agency,1,Sin jurisdiccion especial,994,41.76979444,-72.08915833,Valla Ferrocarril,El primer evento no fue una colision con un vehiculo automotor en transporte,Not an Intersection,No fue interseccion,Sobre el lado de la calle,Ninguna,Dia total,lluvia,No,NO APLICA,7,40,7,47,1,28/05/2022,1
9,Connecticut,90078,0,0,2,0,9,NEW HAVEN (9),265,GUILFORD,5,Mayo,29,2022,2,47,I-95,1,Interestatal,Urbano,Interestatal,State Highway Agency,1,Sin jurisdiccion especial,620,41.2892,-72.65538056,Vehiculo en movimiento,Frente a frente,Not an Intersection,No fue interseccion,Sobre calle,Ninguna,Oscuro con iluminacion,Despejado,No,NO APLICA,2,55,3,1,4,29/05/2022,4
9,Connecticut,90079,0,0,2,0,9,NEW HAVEN (9),360,MADISON,5,Mayo,29,2022,7,33,I-95,1,Interestatal,Urbano,Interestatal,State Highway Agency,1,Sin jurisdiccion especial,638,41.28828889,-72.61965833,Vehiculo en movimiento,Frente a Detrás,Not an Intersection,No fue interseccion,Sobre calle,Ninguna,Dia total,Despejado,No,NO APLICA,7,34,7,39,1,29/05/2022,2
9,Connecticut,90080,0,0,1,0,15,WINDHAM (15),749,THOMPSON,5,Mayo,30,2022,17,5,SR-438,3,Highway estatal,Rural,Colector Menor,State Highway Agency,0,Sin jurisdiccion especial,17,41.94188889,-71.82035,Arbol,El primer evento no fue una colision con un vehiculo automotor en transporte,Not an Intersection,No fue interseccion,Sobre el lado de la calle,Ninguna,Dia total,Despejado,No,NO APLICA,17,3,17,16,4,30/05/2022,5
9,Connecticut,90081,0,0,2,0,7,MIDDLESEX (7),266,HADDAM,5,Mayo,31,2022,14,59,SR-82,3,Highway estatal,Urbano,Arteria Menor,State Highway Agency,0,Sin jurisdiccion especial,26,41.44258056,-72.47343333,Vehiculo en movimiento,Frente a frente,Not an Intersection,No fue interseccion,Sobre calle,Ninguna,Dia total,Despejado,No,NO APLICA,14,57,15,7,2,31/05/2022,4
9,Connecticut,90082,0,0,2,0,15,WINDHAM (15),749,THOMPSON,5,Mayo,14,2022,19,43,BRANDY HILL RD,5,Calle Local - Pueblo,Rural,Local,Town or Township Highway Agency,0,Sin jurisdiccion especial,3,41.973925,-71.84085,Vehiculo en movimiento,Golpe Lateral - direccion contraria,Not an Intersection,No fue interseccion,Sobre calle,Ninguna,Dia total,Despejado,No,NO APLICA,19,41,19,54,1,14/05/2022,3
9,Connecticut,90083,0,0,2,0,9,NEW HAVEN (9),385,MILFORD,4,Abril,30,2022,19,20,US-1 BOSTON POST RD,2,US Highway,Urbano,Arteria Principal,State Highway Agency,1,Sin jurisdiccion especial,404,41.23853333,-73.03627778,Vehiculo en movimiento,Angulo,Four-Way Intersection,Interseccion de 4 direcciones,Sobre calle,Ninguna,Atardecer,Despejado,No,NO APLICA,19,20,19,23,1,30/04/2022,5
9,Connecticut,90084,1,1,2,0,9,NEW HAVEN (9),502,NORTH HAVEN,5,Mayo,21,2022,18,21,I-91,1,Interestatal,Urbano,Interestatal,State Highway Agency,1,Sin jurisdiccion especial,74,41.38562778,-72.86584444,Peaton,El primer evento no fue una colision con un vehiculo automotor en transporte,Not an Intersection,No fue interseccion,Sobre calle,Ninguna,Dia total,Despejado,No,NO APLICA,18,21,18,32,1,21/05/2022,2
9,Connecticut,90085,0,0,2,0,11,NEW LONDON (11),244,FRANKLIN,5,Mayo,30,2022,19,49,SR-32,3,Highway estatal,Rural,Arteria Principal,State Highway Agency,1,Sin jurisdiccion especial,202,41.61027778,-72.14431111,Vehiculo en movimiento,Angulo,Not an Intersection,No fue interseccion,Sobre calle,Ninguna,Dia total,Despejado,No,NO APLICA,19,49,19,54,2,30/05/2022,4
9,Connecticut,90086,0,0,2,0,1,FAIRFIELD (1),80,BRIDGEPORT,5,Mayo,30,2022,12,36,SYLVAN AV,5,Calle Local - Pueblo,Urbano,Local,Town or Township Highway Agency,0,Sin jurisdiccion especial,7,41.21663611,-73.18744722,Vehiculo en movimiento,Angulo,Four-Way Intersection,Interseccion de 4 direcciones,Sobre calle,Ninguna,Dia total,Despejado,No,NO APLICA,99,99,99,99,1,30/05/2022,2
9,Connecticut,90087,0,0,4,0,3,HARTFORD (3),435,NEWINGTON,2,Febrero,27,2022,9,32,SR-175,3,Highway estatal,Urbano,Arteria Menor,State Highway Agency,0,Sin jurisdiccion especial,31,41.698975,-72.71836111,Vehiculo en movimiento,Frente a frente,T-Intersection,Interseccion de T,Sobre calle,Ninguna,Dia total,Despejado,No,NO APLICA,99,99,99,99,2,27/02/2022,4
9,Connecticut,90088,1,1,1,0,1,FAIRFIELD (1),170,DANBURY,6,Junio,5,2022,15,56,I-84,1,Interestatal,Urbano,Interestatal,State Highway Agency,1,Sin jurisdiccion especial,39,41.38964444,-73.47635556,Peaton,El primer evento no fue una colision con un vehiculo automotor en transporte,Not an Intersection,No fue interseccion,Sobre calle,Ninguna,Dia total,Despejado,No,NO APLICA,99,99,99,99,1,05/06/2022,2
9,Connecticut,90089,0,0,1,0,9,NEW HAVEN (9),430,NEW HAVEN,6,Junio,14,2022,18,12,US-1,2,US Highway,Urbano,Arteria Principal,State Highway Agency,1,Sin jurisdiccion especial,498,41.29331667,-72.89743056,Otro objeto (no fijo),El primer evento no fue una colision con un vehiculo automotor en transporte,Not an Intersection,No fue interseccion,Sobre el lado de la calle,Ninguna,Dia total,Despejado,No,NO APLICA,99,99,99,99,1,14/06/2022,1
9,Connecticut,90090,0,0,1,0,13,TOLLAND (13),756,TOLLAND,6,Junio,2,2022,5,11,I-84,1,Interestatal,Urbano,Interestatal,State Highway Agency,1,Sin jurisdiccion especial,815,41.86712778,-72.35444722,Arbol,El primer evento no fue una colision con un vehiculo automotor en transporte,Not an Intersection,No fue interseccion,Sobre el lado de la calle,Ninguna,Amanecer,Despejado,No,NO APLICA,5,7,5,20,1,02/06/2022,1
9,Connecticut,90091,0,0,2,0,3,HARTFORD (3),225,EAST HARTFORD,6,Junio,12,2022,4,57,SR-15,3,Highway estatal,Urbano,Arterial Principal -Freeway o ExpressWay,State Highway Agency,1,Sin jurisdiccion especial,820,41.75387222,-72.65277222,Vehiculo en movimiento,Frente a frente,Not an Intersection,No fue interseccion,Sobre calle,Ninguna,Amanecer,Despejado,No,NO APLICA,4,57,5,6,1,12/06/2022,2
9,Connecticut,90092,0,0,2,0,1,FAIRFIELD (1),765,TRUMBULL,6,Junio,15,2022,11,35,SR-25,3,Highway estatal,Urbano,Arterial Principal -Freeway o ExpressWay,State Highway Agency,1,Sin jurisdiccion especial,97,41.28716389,-73.23265,Vehiculo en movimiento,Frente a frente,Not an Intersection,No fue interseccion,Sobre calle,Ninguna,Dia total,Despejado,No,NO APLICA,11,35,11,43,1,15/06/2022,2
9,Connecticut,90093,0,0,2,0,13,TOLLAND (13),691,STAFFORD,6,Junio,10,2022,16,24,SR-190,3,Highway estatal,Rural,Colector Mayor,State Highway Agency,0,Sin jurisdiccion especial,225,41.96288611,-72.24953333,Vehiculo en movimiento,Frente a frente,Not an Intersection,No fue interseccion,Sobre calle,Ninguna,Dia total,Despejado,No,NO APLICA,16,20,16,21,2,10/06/2022,3
9,Connecticut,90094,0,0,2,0,3,HARTFORD (3),280,HARTFORD,6,Junio,11,2022,2,59,I-91 RAMP,1,Interestatal,Urbano,Interestatal,State Highway Agency,1,Sin jurisdiccion especial,1,41.74672778,-72.66071944,Vehiculo en movimiento,Frente a Detrás,Not an Intersection,No fue interseccion,Sobre calle,Ninguna,Oscuro con iluminacion,Despejado,No,NO APLICA,2,59,3,6,1,11/06/2022,2
9,Connecticut,90095,1,1,1,0,9,NEW HAVEN (9),790,WALLINGFORD,6,Junio,19,2022,16,26,S MAIN ST,5,Calle Local - Pueblo,Urbano,Local,Town or Township Highway Agency,0,Sin jurisdiccion especial,7,41.44583056,-72.82538889,No vehiculo o remolque,El primer evento no fue una colision con un vehiculo automotor en transporte,Four-Way Intersection,Interseccion de 4 direcciones,Sobre calle,Ninguna,Dia total,Despejado,No,NO APLICA,16,26,16,35,1,19/06/2022,2
9,Connecticut,90096,0,0,2,0,15,WINDHAM (15),268,HAMPTON,6,Junio,26,2022,12,46,US-6 HARTFORD TPKE,2,US Highway,Rural,Arteria Principal,State Highway Agency,1,Sin jurisdiccion especial,1013,41.76743333,-72.05753333,Vehiculo en movimiento,Angulo,Four-Way Intersection,Interseccion de 4 direcciones,Sobre calle,Ninguna,Dia total,Despejado,No,NO APLICA,12,46,12,53,1,26/06/2022,4
9,Connecticut,90098,0,0,2,0,9,NEW HAVEN (9),825,WEST HAVEN,6,Junio,7,2022,12,2,US-1,2,US Highway,Urbano,Arteria Principal,State Highway Agency,1,Sin jurisdiccion especial,460,41.2943,-72.95940278,Vehiculo en movimiento,Golpe Lateral - direccion contraria,Not an Intersection,No fue interseccion,Sobre calle,Ninguna,Dia total,Despejado,No,NO APLICA,12,3,12,7,1,07/06/2022,3
9,Connecticut,90099,0,0,1,0,15,WINDHAM (15),330,KILLINGLY CENTER,6,Junio,28,2022,10,30,I-395,1,Interestatal,Urbano,Interestatal,State Highway Agency,1,Sin jurisdiccion especial,394,41.81888611,-71.86973611,Barrera de Cable,El primer evento no fue una colision con un vehiculo automotor en transporte,Not an Intersection,No fue interseccion,En el medio,Ninguna,Dia total,Despejado,No,NO APLICA,10,38,10,40,1,28/06/2022,1
9,Connecticut,90100,0,0,2,0,5,LITCHFIELD (5),261,GOSHEN,6,Junio,29,2022,5,40,SR-63 NORTH ST,3,Highway estatal,Rural,Arteria Menor,State Highway Agency,0,Sin jurisdiccion especial,420,41.84109444,-73.23378056,Vehiculo en movimiento,Angulo,Not an Intersection,No fue interseccion,Sobre calle,Ninguna,Dia total,Despejado,No,NO APLICA,5,42,5,44,1,29/06/2022,3
9,Connecticut,90101,0,0,1,0,1,FAIRFIELD (1),460,NEWTOWN,6,Junio,24,2022,22,52,RIVERSIDE RD,5,Calle Local - Pueblo,Urbano,Local,Town or Township Highway Agency,0,Sin jurisdiccion especial,15,41.42436111,-73.25868611,Muro,El primer evento no fue una colision con un vehiculo automotor en transporte,Not an Intersection,No fue interseccion,Sobre el lado de la calle,Ninguna,Oscuro con iluminacion,Despejado,No,NO APLICA,99,99,99,99,1,24/06/2022,1
9,Connecticut,90102,0,0,1,0,3,HARTFORD (3),718,SUFFIELD,3,Marzo,19,2022,14,49,SR-585,3,Highway estatal,Rural,Colector Menor,State Highway Agency,0,Sin jurisdiccion especial,11,42.03455278,-72.75056389,Arbol,El primer evento no fue una colision con un vehiculo automotor en transporte,Not an Intersection,No fue interseccion,Sobre el lado de la calle,Ninguna,Dia total,Despejado,No,NO APLICA,14,49,14,56,1,19/03/2022,1
9,Connecticut,90103,0,0,1,0,5,LITCHFIELD (5),491,NORFOLK,7,Julio,3,2022,16,10,US-44,2,US Highway,Rural,Arteria Principal,State Highway Agency,1,Sin jurisdiccion especial,184,41.99374444,-73.20166667,Muro,El primer evento no fue una colision con un vehiculo automotor en transporte,Not an Intersection,No fue interseccion,Sobre el lado de la calle,Ninguna,Dia total,Despejado,No,NO APLICA,16,9,16,21,1,03/07/2022,1
9,Connecticut,90104,0,0,1,0,11,NEW LONDON (11),219,FLANDERS,6,Junio,14,2022,22,47,US-1 BOSTON POST RD,2,US Highway,Urbano,Arteria Menor,State Highway Agency,0,Sin jurisdiccion especial,922,41.36587222,-72.21443889,Banqueta,El primer evento no fue una colision con un vehiculo automotor en transporte,Y-Intersection,Interseccion de Y,Sobre el lado de la calle,Ninguna,Oscuro sin iluminacion,Despejado,No,NO APLICA,22,47,22,47,1,14/06/2022,1
9,Connecticut,90105,1,1,1,0,3,HARTFORD (3),280,HARTFORD,6,Junio,11,2022,23,34,US-44,2,US Highway,Urbano,Arteria Principal,State Highway Agency,1,Sin jurisdiccion especial,526,41.777875,-72.6855,Peaton,El primer evento no fue una colision con un vehiculo automotor en transporte,Four-Way Intersection,Interseccion de 4 direcciones,Sobre calle,Ninguna,Oscuro con iluminacion,Despejado,No,NO APLICA,23,34,23,38,1,11/06/2022,1
9,Connecticut,90106,0,0,2,0,1,FAIRFIELD (1),650,SHELTON,7,Julio,3,2022,15,19,SR-8,3,Highway estatal,Urbano,Arterial Principal -Freeway o ExpressWay,State Highway Agency,1,Sin jurisdiccion especial,88,41.26989722,-73.12189444,Vehiculo en movimiento,Frente a Detrás,Not an Intersection,No fue interseccion,Sobre calle,Ninguna,Dia total,Despejado,No,NO APLICA,15,19,15,22,1,03/07/2022,3
9,Connecticut,90107,0,0,1,0,9,NEW HAVEN (9),385,MILFORD,7,Julio,2,2022,10,20,MEADOWS END RD,5,Calle Local - Pueblo,Urbano,Arteria Menor,Town or Township Highway Agency,0,Sin jurisdiccion especial,5,41.20522778,-73.08331944,Poste,El primer evento no fue una colision con un vehiculo automotor en transporte,T-Intersection,Interseccion de T,Sobre el lado de la calle,Ninguna,Dia total,Despejado,No,NO APLICA,10,20,10,29,1,02/07/2022,1
9,Connecticut,90108,0,0,2,0,9,NEW HAVEN (9),810,WATERBURY,7,Julio,11,2022,23,52,SR-8,3,Highway estatal,Urbano,Arterial Principal -Freeway o ExpressWay,State Highway Agency,1,Sin jurisdiccion especial,310,41.56175278,-73.057625,Vehiculo en movimiento,Frente a frente,Not an Intersection,No fue interseccion,Sobre calle,Ninguna,Oscuro con iluminacion,Despejado,No,NO APLICA,23,54,0,6,1,11/07/2022,3
9,Connecticut,90109,0,0,2,0,15,WINDHAM (15),508,NORTH WINDHAM,7,Julio,4,2022,19,57,US-6 BOSTON POST RD,2,US Highway,Urbano,Arteria Principal,State Highway Agency,0,Sin jurisdiccion especial,945,41.74729167,-72.16456667,Vehiculo en movimiento,Angulo,Not an Intersection,No fue interseccion,Sobre calle,Ninguna,Dia total,Despejado,No,NO APLICA,19,49,19,56,1,04/07/2022,2
9,Connecticut,90110,0,0,1,0,1,FAIRFIELD (1),605,WEST REDDING,6,Junio,27,2022,2,8,SR-53,3,Highway estatal,Rural,Colector Mayor,State Highway Agency,0,Sin jurisdiccion especial,155,41.31102778,-73.41646667,Muro,El primer evento no fue una colision con un vehiculo automotor en transporte,Not an Intersection,No fue interseccion,Sobre el lado de la calle,Ninguna,Oscuro sin iluminacion,Despejado,No,NO APLICA,99,99,99,99,1,27/06/2022,1
9,Connecticut,90111,0,0,3,1,3,HARTFORD (3),90,BRISTOL,7,Julio,1,2022,9,5,US-6,2,US Highway,Urbano,Arteria Principal,State Highway Agency,1,Sin jurisdiccion especial,501,41.69947778,-72.89401111,Vehiculo en movimiento,Angulo,Not an Intersection,No fue interseccion,Sobre calle,Ninguna,Dia total,Despejado,No,NO APLICA,9,7,9,11,1,01/07/2022,3
9,Connecticut,90112,0,0,1,0,11,NEW LONDON (11),520,NORWICH,5,Mayo,29,2022,19,29,SR-12 NORTH MAIN ST,3,Highway estatal,Urbano,Arteria Menor,State Highway Agency,0,Sin jurisdiccion especial,141,41.54205,-72.05238333,Banqueta,El primer evento no fue una colision con un vehiculo automotor en transporte,Not an Intersection,No fue interseccion,Sobre el lado de la calle,Ninguna,Dia total,Despejado,No,NO APLICA,19,29,19,32,1,29/05/2022,1
9,Connecticut,90113,0,0,3,0,9,NEW HAVEN (9),385,MILFORD,6,Junio,30,2022,6,48,I-95,1,Interestatal,Urbano,Interestatal,State Highway Agency,1,Sin jurisdiccion especial,366,41.22182778,-73.07885,Vehiculo en movimiento,Golpe Lateral - misma direccion,Not an Intersection,No fue interseccion,Sobre calle,Ninguna,Dia total,Despejado,No,NO APLICA,6,49,6,56,2,30/06/2022,4
9,Connecticut,90114,0,0,2,0,11,NEW LONDON (11),520,NORWICH,6,Junio,9,2022,22,24,HUNTERS RD,5,Calle Local - Pueblo,Urbano,Colector Mayor,Town or Township Highway Agency,0,Sin jurisdiccion especial,1,41.56024444,-72.06742222,Vehiculo en movimiento,Angulo,T-Intersection,Interseccion de T,Sobre calle,Ninguna,Oscuro con iluminacion,Despejado,No,NO APLICA,99,99,99,99,1,09/06/2022,4
9,Connecticut,90115,0,0,1,0,9,NEW HAVEN (9),810,WATERBURY,6,Junio,11,2022,23,12,GREENWOOD AV NO 2,5,Calle Local - Pueblo,Urbano,Local,Town or Township Highway Agency,0,Sin jurisdiccion especial,2,41.57380278,-73.03779722,Banqueta,El primer evento no fue una colision con un vehiculo automotor en transporte,Not an Intersection,No fue interseccion,Sobre el lado de la calle,Ninguna,Oscuro sin iluminacion,Despejado,No,NO APLICA,99,99,99,99,1,11/06/2022,1
9,Connecticut,90116,1,1,1,0,3,HARTFORD (3),823,WEST HARTFORD,6,Junio,3,2022,10,8,NORTH MAIN ST,5,Calle Local - Pueblo,Urbano,Arteria Principal,Town or Township Highway Agency,1,Sin jurisdiccion especial,0,41.76213889,-72.74188889,Banqueta,El primer evento no fue una colision con un vehiculo automotor en transporte,Four-Way Intersection,Interseccion de 4 direcciones,En el medio,Ninguna,Dia total,Despejado,No,NO APLICA,10,8,10,9,1,03/06/2022,1
9,Connecticut,90117,0,0,1,0,13,TOLLAND (13),691,STAFFORD,7,Julio,11,2022,19,58,SR-19,3,Highway estatal,Urbano,Colector Mayor,State Highway Agency,0,Sin jurisdiccion especial,12,41.97128889,-72.29043889,Arbol,El primer evento no fue una colision con un vehiculo automotor en transporte,Not an Intersection,No fue interseccion,Sobre el lado de la calle,Ninguna,Dia total,Despejado,No,NO APLICA,19,59,20,4,1,11/07/2022,1
9,Connecticut,90118,0,0,2,0,7,MIDDLESEX (7),332,KILLINGWORTH,7,Julio,26,2022,18,53,SR-81,3,Highway estatal,Rural,Arteria Menor,State Highway Agency,0,Sin jurisdiccion especial,61,41.35959722,-72.56578889,Vehiculo en movimiento,Angulo,Not an Intersection,No fue interseccion,Sobre calle,Ninguna,Dia total,Despejado,No,NO APLICA,18,53,18,58,1,26/07/2022,3
9,Connecticut,90119,0,0,2,0,15,WINDHAM (15),843,WINDHAM,7,Julio,27,2022,8,23,US-6,2,US Highway,Urbano,Arteria Principal,State Highway Agency,1,Sin jurisdiccion especial,936,41.73935278,-72.17907778,Vehiculo en movimiento,Angulo,Four-Way Intersection,Interseccion de 4 direcciones,Sobre calle,Ninguna,Dia total,Despejado,No,NO APLICA,8,24,8,33,1,27/07/2022,2
9,Connecticut,90120,0,0,1,0,9,NEW HAVEN (9),790,WALLINGFORD,7,Julio,28,2022,5,17,SR-15,3,Highway estatal,Urbano,Arterial Principal -Freeway o ExpressWay,State Highway Agency,1,Sin jurisdiccion especial,572,41.43946667,-72.84776389,Arbol,El primer evento no fue una colision con un vehiculo automotor en transporte,Not an Intersection,No fue interseccion,Sobre el lado de la calle,Ninguna,Oscuro sin iluminacion,Despejado,No,NO APLICA,5,27,5,38,1,28/07/2022,1
9,Connecticut,90121,0,0,1,0,3,HARTFORD (3),229,ENFIELD,7,Julio,18,2022,7,23,POST RD,5,Calle Local - Pueblo,Urbano,Local,Town or Township Highway Agency,0,Sin jurisdiccion especial,2,41.97116111,-72.58541111,Arbol,El primer evento no fue una colision con un vehiculo automotor en transporte,Not an Intersection,No fue interseccion,Sobre el lado de la calle,Ninguna,Dia total,Despejado,No,NO APLICA,7,26,7,29,1,18/07/2022,1
9,Connecticut,90122,0,0,2,0,9,NEW HAVEN (9),430,NEW HAVEN,7,Julio,31,2022,5,41,SR-10 ELLA T GRASSO BLVD,3,Highway estatal,Urbano,Arteria Menor,State Highway Agency,0,Sin jurisdiccion especial,11,41.29363333,-72.94461944,Vehiculo en movimiento,Reportado como desconocido,Not an Intersection,No fue interseccion,Sobre calle,Ninguna,Dia total,Despejado,No,NO APLICA,5,41,5,44,1,31/07/2022,3