Estado,Nombre de Estado,Numero de Caso,Peatones,Personas _no_vehiculos,Vehiculos automotores,Vehiculos estacionados,Condado,Nombre Condado,Ciudad,Nombre Ciudad,Mes,Nombre Mes,Dia,Año,Hora,Minuto,Calle,Ruta,Nombre Ruta,Rural o Urbanoo,Sistema Funcional,Dueño Calle,Sistema Nacional Carreteras,Jurisdiccion Especial,Milla,Latitud,Longitud,Causa del Accidente,Tipo de Accidente,Tipo Interseccion,Columna1,Lugar en la calle,Zona de Trabajo,Luz,Clima,Autobus Escolar,Cruce de Trenes,Hora Notificacion,Minuto Notificacion,Hora Llegada,Minuto Llegada,Decesos,Fecha,PersonaVehiculo
9,Connecticut,90123,0,0,2,0,1,FAIRFIELD (1),235,FAIRFIELD,8,Agosto,2,2022,19,18,US-1,2,US Highway,Urbano,Arteria Principal,State Highway Agency,1,Sin jurisdiccion especial,278,41.17244722,-73.22926389,Volcadura,El primer evento no fue una colision con un vehiculo automotor en transporte,Y-Intersection,Interseccion de Y,Sobre calle,Ninguna,Dia total,Despejado,No,NO APLICA,19,18,19,22,1,02/08/2022,3
9,Connecticut,90124,1,1,2,0,7,MIDDLESEX (7),160,CROMWELL,7,Julio,18,2022,23,24,I-91,1,Interestatal,Urbano,Interestatal,State Highway Agency,1,Sin jurisdiccion especial,263,41.60909167,-72.70133333,Vehiculo en movimiento,Angulo,Not an Intersection,No fue interseccion,Sobre calle,Ninguna,Oscuro con iluminacion,lluvia,No,NO APLICA,23,24,23,39,1,18/07/2022,1
9,Connecticut,90125,0,0,1,0,1,FAIRFIELD (1),650,SHELTON,7,Julio,31,2022,0,38,SR-8,3,Highway estatal,Urbano,Arterial Principal -Freeway o ExpressWay,State Highway Agency,1,Sin jurisdiccion especial,94,41.27736667,-73.11466111,Valla Ferrocarril,El primer evento no fue una colision con un vehiculo automotor en transporte,Not an Intersection,No fue interseccion,En el medio,Ninguna,Oscuro sin iluminacion,Despejado,No,NO APLICA,99,99,99,99,1,31/07/2022,1
9,Connecticut,90127,1,1,1,0,3,HARTFORD (3),838,WETHERSFIELD,7,Julio,29,2022,21,5,SR-99,3,Highway estatal,Urbano,Arteria Menor,State Highway Agency,0,Sin jurisdiccion especial,99,41.71836389,-72.66634444,Peaton,El primer evento no fue una colision con un vehiculo automotor en transporte,Not an Intersection,No fue interseccion,Sobre calle,Ninguna,Oscuro con iluminacion,Nublado,No,NO APLICA,99,99,99,99,1,29/07/2022,1
9,Connecticut,90128,0,0,4,0,1,FAIRFIELD (1),80,BRIDGEPORT,7,Julio,24,2022,20,33,SR-8,3,Highway estatal,Urbano,Arterial Principal -Freeway o ExpressWay,State Highway Agency,1,Sin jurisdiccion especial,12,41.18399444,-73.19359722,Vehiculo en movimiento,Frente a frente,Not an Intersection,No fue interseccion,Sobre calle,Ninguna,Oscuro con iluminacion,Despejado,No,NO APLICA,20,33,99,99,2,24/07/2022,7
9,Connecticut,90129,0,0,2,0,9,NEW HAVEN (9),502,NORTH HAVEN,7,Julio,29,2022,16,45,US-5,2,US Highway,Urbano,Arteria Menor,State Highway Agency,0,Sin jurisdiccion especial,82,41.41241389,-72.84165278,Vehiculo en movimiento,Angulo,Not an Intersection,No fue interseccion,Sobre calle,Ninguna,Dia total,Despejado,No,NO APLICA,99,99,99,99,1,29/07/2022,2
9,Connecticut,90130,0,0,1,0,9,NEW HAVEN (9),430,NEW HAVEN,7,Julio,31,2022,23,47,ORCHARD ST,5,Calle Local - Pueblo,Urbano,Arteria Menor,Town or Township Highway Agency,0,Sin jurisdiccion especial,15,41.32186944,-72.93559167,Banqueta,El primer evento no fue una colision con un vehiculo automotor en transporte,Not an Intersection,No fue interseccion,Sobre el lado de la calle,Ninguna,Oscuro con iluminacion,Nublado,No,NO APLICA,23,47,23,56,1,31/07/2022,1
9,Connecticut,90131,0,0,2,0,9,NEW HAVEN (9),430,NEW HAVEN,8,Agosto,6,2022,22,35,MIDDLETOWN AV,5,Calle Local - Pueblo,Urbano,Arteria Principal,Town or Township Highway Agency,1,Sin jurisdiccion especial,1,41.32106389,-72.89008611,Vehiculo en movimiento,Frente a frente,Not an Intersection,No fue interseccion,Sobre calle,Ninguna,Oscuro sin iluminacion,Despejado,No,NO APLICA,99,99,99,99,1,06/08/2022,2
9,Connecticut,90132,0,0,1,0,9,NEW HAVEN (9),265,GUILFORD,8,Agosto,2,2022,15,13,SR-77,3,Highway estatal,Urbano,Colector Mayor,State Highway Agency,0,Sin jurisdiccion especial,106,41.41965,-72.68972778,Edificio,El primer evento no fue una colision con un vehiculo automotor en transporte,Not an Intersection,No fue interseccion,Sobre el lado de la calle,Ninguna,Dia total,Reportado como desconocido,No,NO APLICA,15,13,15,19,1,02/08/2022,1
9,Connecticut,90133,0,0,1,0,9,NEW HAVEN (9),110,CHESHIRE,8,Agosto,14,2022,5,3,DIAMOND HILL RD,5,Calle Local - Pueblo,Urbano,Arteria Menor,Town or Township Highway Agency,0,Sin jurisdiccion especial,0,41.52653611,-72.85766667,Banqueta,El primer evento no fue una colision con un vehiculo automotor en transporte,Not an Intersection,No fue interseccion,Sobre el lado de la calle,Ninguna,Oscuro sin iluminacion,Despejado,No,NO APLICA,99,99,99,99,1,14/08/2022,1
9,Connecticut,90134,0,0,2,0,3,HARTFORD (3),237,FARMINGTON,6,Junio,25,2022,20,37,US-6 COLT HWY,2,US Highway,Urbano,Arteria Principal,State Highway Agency,1,Sin jurisdiccion especial,552,41.71126667,-72.80919722,Vehiculo en movimiento,Angulo,Four-Way Intersection,Interseccion de 4 direcciones,Sobre calle,Ninguna,Atardecer,Despejado,No,NO APLICA,20,38,20,43,1,25/06/2022,2
9,Connecticut,90135,0,0,2,0,1,FAIRFIELD (1),765,TRUMBULL,8,Agosto,15,2022,16,12,SR-111,3,Highway estatal,Urbano,Arteria Menor,State Highway Agency,0,Sin jurisdiccion especial,48,41.29631111,-73.22875278,Vehiculo en movimiento,Angulo,Four-Way Intersection,Interseccion de 4 direcciones,Sobre calle,Ninguna,Dia total,Despejado,No,NO APLICA,16,9,16,21,1,15/08/2022,2
9,Connecticut,90136,0,0,2,0,1,FAIRFIELD (1),80,BRIDGEPORT,7,Julio,23,2022,1,4,I-95,1,Interestatal,Urbano,Interestatal,State Highway Agency,1,Sin jurisdiccion especial,280,41.16643611,-73.21032778,Vehiculo en movimiento,Frente a frente,Not an Intersection,No fue interseccion,Sobre calle,Ninguna,Oscuro con iluminacion,Despejado,No,NO APLICA,1,6,1,14,1,23/07/2022,3
9,Connecticut,90137,0,0,2,0,3,HARTFORD (3),224,EAST WINDSOR (HISTORICAL),8,Agosto,14,2022,23,19,I-91,1,Interestatal,Urbano,Interestatal,State Highway Agency,1,Sin jurisdiccion especial,510,41.92529167,-72.60983611,Vehiculo en movimiento,Golpe Lateral - misma direccion,Not an Intersection,No fue interseccion,Sobre calle,Ninguna,Oscuro con iluminacion,Despejado,No,NO APLICA,23,19,23,31,1,14/08/2022,2
9,Connecticut,90138,0,0,2,0,3,HARTFORD (3),225,EAST HARTFORD,3,Marzo,13,2022,1,53,I-84,1,Interestatal,Urbano,Interestatal,State Highway Agency,1,Sin jurisdiccion especial,633,41.767725,-72.65623056,Vehiculo en movimiento,Frente a Detrás,Not an Intersection,No fue interseccion,Sobre calle,Ninguna,Oscuro con iluminacion,Despejado,No,NO APLICA,2,53,3,14,1,13/03/2022,4
9,Connecticut,90139,0,0,2,0,3,HARTFORD (3),555,PLAINVILLE,3,Marzo,23,2022,14,6,I-84,1,Interestatal,Rural,Interestatal,State Highway Agency,1,Sin jurisdiccion especial,501,41.66896389,-72.82949167,Vehiculo en movimiento,Frente a frente,Not an Intersection,No fue interseccion,Sobre calle,Ninguna,Dia total,Despejado,No,NO APLICA,14,6,14,22,1,23/03/2022,2
9,Connecticut,90140,1,1,1,0,3,HARTFORD (3),280,HARTFORD,3,Marzo,17,2022,6,13,BRAINARD RD,5,Calle Local - Pueblo,Urbano,Local,Town or Township Highway Agency,0,Sin jurisdiccion especial,2,41.73586389,-72.65956111,Peaton,El primer evento no fue una colision con un vehiculo automotor en transporte,Not an Intersection,No fue interseccion,Sobre calle,Ninguna,Oscuro con iluminacion,Neblina o Humo,No,NO APLICA,6,13,6,17,1,17/03/2022,1
9,Connecticut,90141,0,0,1,0,13,TOLLAND (13),691,STAFFORD,7,Julio,23,2022,23,30,FURNACE AV,5,Calle Local - Pueblo,Urbano,Colector Mayor,Town or Township Highway Agency,0,Sin jurisdiccion especial,17,41.97750833,-72.29698056,Poste,El primer evento no fue una colision con un vehiculo automotor en transporte,Not an Intersection,No fue interseccion,Sobre el lado de la calle,Ninguna,Oscuro sin iluminacion,Despejado,No,NO APLICA,23,31,23,37,1,23/07/2022,1
9,Connecticut,90142,0,0,1,0,7,MIDDLESEX (7),376,MIDDLEFIELD,8,Agosto,10,2022,23,15,MILLER RD,5,Calle Local - Pueblo,Rural,Local,Town or Township Highway Agency,0,Sin jurisdiccion especial,99998,41.49946111,-72.70891111,Arbol,El primer evento no fue una colision con un vehiculo automotor en transporte,Not an Intersection,No fue interseccion,Sobre el lado de la calle,Ninguna,Oscuro sin iluminacion,Despejado,No,NO APLICA,23,17,23,21,1,10/08/2022,1
9,Connecticut,90143,0,0,2,0,3,HARTFORD (3),280,HARTFORD,5,Mayo,17,2022,10,54,US-44,2,US Highway,Urbano,Arteria Principal,State Highway Agency,1,Sin jurisdiccion especial,533,41.77177778,-72.67551389,Vehiculo en movimiento,Angulo,Four-Way Intersection,Interseccion de 4 direcciones,Sobre calle,Ninguna,Dia total,Despejado,No,NO APLICA,10,54,10,54,1,17/05/2022,2
9,Connecticut,90144,0,0,1,0,9,NEW HAVEN (9),502,NORTH HAVEN,8,Agosto,19,2022,1,7,SR-17,3,Highway estatal,Urbano,Arteria Principal,State Highway Agency,1,Sin jurisdiccion especial,44,41.36913889,-72.82922222,Buzon de correo,El primer evento no fue una colision con un vehiculo automotor en transporte,Not an Intersection,No fue interseccion,Sobre el lado de la calle,Ninguna,Oscuro con iluminacion,Despejado,No,NO APLICA,99,99,99,99,1,19/08/2022,1
9,Connecticut,90145,0,0,2,0,15,WINDHAM (15),843,WINDHAM,8,Agosto,13,2022,23,12,SR-32 WINDHAM RD,3,Highway estatal,Urbano,Arteria Principal,State Highway Agency,1,Sin jurisdiccion especial,248,41.67050556,-72.16414722,Vehiculo en movimiento,Angulo,Not an Intersection,No fue interseccion,Sobre calle,Ninguna,Oscuro sin iluminacion,Despejado,No,NO APLICA,23,9,23,18,1,13/08/2022,3
9,Connecticut,90146,1,1,1,0,9,NEW HAVEN (9),790,WALLINGFORD,8,Agosto,22,2022,21,2,SR-17,3,Highway estatal,Urbano,Arteria Menor,State Highway Agency,0,Sin jurisdiccion especial,12,41.50866944,-72.81655833,Peaton,El primer evento no fue una colision con un vehiculo automotor en transporte,Not an Intersection,No fue interseccion,Sobre calle,Ninguna,Oscuro sin iluminacion,Nublado,No,NO APLICA,99,99,99,99,1,22/08/2022,1
9,Connecticut,90147,0,0,1,0,9,NEW HAVEN (9),810,WATERBURY,8,Agosto,23,2022,14,39,SR-8,3,Highway estatal,Urbano,Arterial Principal -Freeway o ExpressWay,State Highway Agency,1,Sin jurisdiccion especial,288,41.53362222,-73.04383056,Valla Ferrocarril,El primer evento no fue una colision con un vehiculo automotor en transporte,Not an Intersection,No fue interseccion,En el medio,Ninguna,Dia total,lluvia,No,NO APLICA,14,41,14,51,1,23/08/2022,1
9,Connecticut,90148,0,0,2,0,9,NEW HAVEN (9),810,WATERBURY,8,Agosto,25,2022,20,24,I-84,1,Interestatal,Urbano,Interestatal,State Highway Agency,1,Sin jurisdiccion especial,343,41.54123611,-73.02085556,Vehiculo en movimiento,Frente a Detrás,Not an Intersection,No fue interseccion,Sobre calle,"Zona de trabajo, tipo desconocido",Oscuro sin iluminacion,Despejado,No,NO APLICA,99,99,99,99,1,25/08/2022,2
9,Connecticut,90149,0,0,1,0,9,NEW HAVEN (9),790,WALLINGFORD,8,Agosto,26,2022,23,58,SR-702,3,Highway estatal,Urbano,Arterial Principal -Freeway o ExpressWay,State Highway Agency,1,Sin jurisdiccion especial,7,41.42310278,-72.82583333,Barrera de Cable,El primer evento no fue una colision con un vehiculo automotor en transporte,Not an Intersection,No fue interseccion,Sobre el lado de la calle,Ninguna,Oscuro sin iluminacion,Despejado,No,NO APLICA,0,22,0,33,1,26/08/2022,2
9,Connecticut,90150,0,0,2,0,1,FAIRFIELD (1),715,STRATFORD,8,Agosto,18,2022,13,29,I-95 RAMP 107,1,Interestatal,Urbano,Interestatal,State Highway Agency,1,Sin jurisdiccion especial,1,41.18389444,-73.14065556,Vehiculo en movimiento,Angulo,Other Intersection Type,Otro tipo de interseccion,Sobre calle,Ninguna,Dia total,Despejado,No,NO APLICA,13,31,13,35,1,18/08/2022,2
9,Connecticut,90151,0,0,3,0,5,LITCHFIELD (5),857,WOODBURY,8,Agosto,17,2022,13,27,US-6,2,US Highway,Urbano,Arteria Menor,State Highway Agency,0,Sin jurisdiccion especial,252,41.51671111,-73.20399444,Vehiculo en movimiento,Angulo,Not an Intersection,No fue interseccion,Sobre calle,Ninguna,Dia total,Despejado,No,NO APLICA,13,33,13,44,1,17/08/2022,3
9,Connecticut,90152,0,0,3,0,9,NEW HAVEN (9),640,SEYMOUR,2,Febrero,16,2022,15,17,SR-8,3,Highway estatal,Urbano,Arterial Principal -Freeway o ExpressWay,State Highway Agency,1,Sin jurisdiccion especial,172,41.37816389,-73.0821,Valla Ferrocarril,El primer evento no fue una colision con un vehiculo automotor en transporte,Not an Intersection,No fue interseccion,En el medio,Ninguna,Dia total,Despejado,No,NO APLICA,15,23,15,24,1,16/02/2022,3
9,Connecticut,90153,0,0,1,0,3,HARTFORD (3),225,EAST HARTFORD,8,Agosto,18,2022,21,13,SR-2,3,Highway estatal,Urbano,Arterial Principal -Freeway o ExpressWay,State Highway Agency,1,Sin jurisdiccion especial,20,41.75194722,-72.64369444,Barrera de Trafico de Concreto,El primer evento no fue una colision con un vehiculo automotor en transporte,Not an Intersection,No fue interseccion,En el medio,Construccion,Oscuro con iluminacion,Despejado,No,NO APLICA,21,13,99,99,1,18/08/2022,1
9,Connecticut,90154,0,1,3,1,3,HARTFORD (3),686,SOUTH WINDSOR,9,Septiembre,14,2022,23,17,I-291 W,1,Interestatal,Urbano,Interestatal,State Highway Agency,1,Sin jurisdiccion especial,28,41.80573611,-72.61576111,Volcadura,El primer evento no fue una colision con un vehiculo automotor en transporte,Not an Intersection,No fue interseccion,Sobre calle,Ninguna,Oscuro con iluminacion,Despejado,No,NO APLICA,23,18,23,26,1,14/09/2022,5
9,Connecticut,90155,0,0,1,0,11,NEW LONDON (11),710,STONINGTON,8,Agosto,15,2022,19,10,TROLLEY CROSSING RD,9,Desconocido,Trafficway Not in State Inventory,Via no en inventario estatal,Trafficway Not in State Inventory,0,Sin jurisdiccion especial,99998,41.36075556,-71.87496944,Alguien se cayo/avento del vehiculo,El primer evento no fue una colision con un vehiculo automotor en transporte,Not an Intersection,No fue interseccion,Sobre calle,Ninguna,Dia total,Despejado,No,NO APLICA,19,12,19,21,1,15/08/2022,2
9,Connecticut,90156,0,0,2,0,11,NEW LONDON (11),140,COLCHESTER,4,Abril,16,2022,14,22,SR-149,3,Highway estatal,Rural,Colector Mayor,State Highway Agency,0,Sin jurisdiccion especial,95,41.56306944,-72.40325278,Vehiculo en movimiento,Angulo,Not an Intersection,No fue interseccion,Sobre calle,Ninguna,Dia total,Nublado,No,NO APLICA,14,23,14,25,1,16/04/2022,3
9,Connecticut,90157,0,0,1,0,1,FAIRFIELD (1),170,DANBURY,5,Mayo,8,2022,21,35,SR-37,3,Highway estatal,Urbano,Arteria Menor,State Highway Agency,0,Sin jurisdiccion especial,35,41.44603056,-73.47260278,Hidrante,El primer evento no fue una colision con un vehiculo automotor en transporte,Not an Intersection,No fue interseccion,Sobre el lado de la calle,Ninguna,Oscuro sin iluminacion,Despejado,No,NO APLICA,99,99,99,99,1,08/05/2022,1
9,Connecticut,90158,0,0,1,0,11,NEW LONDON (11),505,NORTH STONINGTON,5,Mayo,12,2022,7,39,SR-2,3,Highway estatal,Rural,Arteria Principal,State Highway Agency,1,Sin jurisdiccion especial,500,41.46716667,-71.91426944,Volcadura,El primer evento no fue una colision con un vehiculo automotor en transporte,Not an Intersection,No fue interseccion,Sobre calle,Ninguna,Dia total,Nublado,No,NO APLICA,7,39,7,40,1,12/05/2022,2
9,Connecticut,90159,0,0,1,0,11,NEW LONDON (11),710,STONINGTON,8,Agosto,29,2022,16,50,LANTERN HILL RD,5,Calle Local - Pueblo,Rural,Colector Mayor,Town or Township Highway Agency,0,Sin jurisdiccion especial,24,41.42896667,-71.94346667,Valla Ferrocarril,El primer evento no fue una colision con un vehiculo automotor en transporte,Not an Intersection,No fue interseccion,Sobre el lado de la calle,Ninguna,Dia total,Despejado,No,NO APLICA,16,51,17,1,1,29/08/2022,1
9,Connecticut,90160,0,0,1,0,9,NEW HAVEN (9),430,NEW HAVEN,9,Septiembre,19,2022,14,40,SR-34,3,Highway estatal,Urbano,Arterial Principal -Freeway o ExpressWay,State Highway Agency,1,Sin jurisdiccion especial,242,41.29948333,-72.91509167,Valla Ferrocarril,El primer evento no fue una colision con un vehiculo automotor en transporte,Not an Intersection,No fue interseccion,Sobre el lado de la calle,Ninguna,Dia total,Despejado,No,NO APLICA,99,99,99,99,1,19/09/2022,1
9,Connecticut,90161,0,0,1,0,15,WINDHAM (15),99,BROOKLYN,1,Enero,30,2022,22,55,SR-205,3,Highway estatal,Urbano,Colector Mayor,State Highway Agency,0,Sin jurisdiccion especial,28,41.77384444,-71.93844722,Volcadura,El primer evento no fue una colision con un vehiculo automotor en transporte,Not an Intersection,No fue interseccion,Sobre el lado de la calle,Ninguna,Oscuro sin iluminacion,Despejado,No,NO APLICA,22,51,23,1,1,30/01/2022,1
9,Connecticut,90162,0,0,2,0,15,WINDHAM (15),330,KILLINGLY CENTER,9,Septiembre,21,2022,14,8,SR-607,3,Highway estatal,Rural,Colector Mayor,State Highway Agency,0,Sin jurisdiccion especial,9,41.80624722,-71.86258611,Vehiculo en movimiento,Frente a frente,Not an Intersection,No fue interseccion,Sobre calle,Ninguna,Dia total,Despejado,No,NO APLICA,14,8,14,10,1,21/09/2022,3
9,Connecticut,90163,0,0,2,0,5,LITCHFIELD (5),760,WEST TORRINGTON,9,Septiembre,21,2022,6,17,SR-183,3,Highway estatal,Urbano,Arteria Menor,State Highway Agency,0,Sin jurisdiccion especial,47,41.86668333,-73.06925833,Volcadura,El primer evento no fue una colision con un vehiculo automotor en transporte,Y-Intersection,Interseccion de Y,Sobre calle,Ninguna,Amanecer,Despejado,Yes,NO APLICA,6,19,6,24,1,21/09/2022,2
9,Connecticut,90164,0,0,1,0,5,LITCHFIELD (5),817,WATERTOWN,9,Septiembre,20,2022,11,6,SR-63,3,Highway estatal,Urbano,Arteria Menor,State Highway Agency,0,Sin jurisdiccion especial,268,41.63791667,-73.14292778,Arbol,El primer evento no fue una colision con un vehiculo automotor en transporte,Not an Intersection,No fue interseccion,Sobre el lado de la calle,Ninguna,Dia total,Despejado,No,NO APLICA,11,6,11,10,1,20/09/2022,1
9,Connecticut,90166,0,0,2,0,3,HARTFORD (3),225,EAST HARTFORD,9,Septiembre,19,2022,7,24,US-44,2,US Highway,Urbano,Arteria Menor,State Highway Agency,0,Sin jurisdiccion especial,565,41.77812222,-72.62129167,Vehiculo en movimiento,Angulo,T-Intersection,Interseccion de T,Sobre calle,Ninguna,Dia total,Despejado,No,NO APLICA,7,24,7,25,1,19/09/2022,3
9,Connecticut,90167,1,1,1,0,1,FAIRFIELD (1),700,STAMFORD,9,Septiembre,28,2022,19,20,SR-106-COURTLAND AVE,3,Highway estatal,Urbano,Arteria Principal,State Highway Agency,1,Sin jurisdiccion especial,1,41.0601,-73.51398889,Peaton,El primer evento no fue una colision con un vehiculo automotor en transporte,Not an Intersection,No fue interseccion,Sobre calle,Ninguna,Oscuro con iluminacion,Despejado,No,NO APLICA,19,21,19,28,1,28/09/2022,1
9,Connecticut,90168,0,0,2,0,9,NEW HAVEN (9),70,BRANFORD,10,Octubre,4,2022,10,22,US-1-EAST MAIN ST,2,US Highway,Urbano,Arteria Menor,State Highway Agency,0,Sin jurisdiccion especial,572,41.29773611,-72.77695,Vehiculo en movimiento,Golpe Lateral - direccion contraria,Not an Intersection,No fue interseccion,Sobre calle,Ninguna,Dia total,lluvia,No,NO APLICA,10,23,10,26,1,04/10/2022,2
9,Connecticut,90169,1,1,1,0,9,NEW HAVEN (9),267,HAMDEN,5,Mayo,18,2022,22,17,PARADISE AV NO 5,5,Calle Local - Pueblo,Urbano,Colector Menor,Town or Township Highway Agency,0,Sin jurisdiccion especial,5,41.37325278,-72.93946111,Peaton,El primer evento no fue una colision con un vehiculo automotor en transporte,Not an Intersection,No fue interseccion,Sobre calle,Ninguna,Oscuro con iluminacion,Despejado,No,NO APLICA,99,99,99,99,1,18/05/2022,1
9,Connecticut,90170,0,0,2,0,11,NEW LONDON (11),539,OLD LYME,10,Octubre,15,2022,7,24,I-95,1,Interestatal,Urbano,Interestatal,State Highway Agency,1,Sin jurisdiccion especial,815,41.31738056,-72.29622778,Vehiculo en movimiento,Frente a Detrás,Not an Intersection,No fue interseccion,Sobre calle,Ninguna,Dia total,Despejado,No,NO APLICA,99,99,99,99,1,15/10/2022,3
9,Connecticut,90171,0,0,2,0,11,NEW LONDON (11),349,LISBON,9,Septiembre,19,2022,18,33,SR-12-RIVER RD,3,Highway estatal,Urbano,Arteria Menor,State Highway Agency,0,Sin jurisdiccion especial,198,41.59150278,-71.99091389,Vehiculo en movimiento,Golpe Lateral - misma direccion,Not an Intersection,No fue interseccion,Sobre calle,Ninguna,Atardecer,lluvia,No,NO APLICA,18,37,18,50,1,19/09/2022,2
9,Connecticut,90172,0,0,1,0,5,LITCHFIELD (5),760,WEST TORRINGTON,10,Octubre,20,2022,14,18,SR-8,3,Highway estatal,Urbano,Arterial Principal -Freeway o ExpressWay,State Highway Agency,1,Sin jurisdiccion especial,505,41.81335833,-73.11381667,Puente de Ferrocarril,El primer evento no fue una colision con un vehiculo automotor en transporte,Not an Intersection,No fue interseccion,En el medio,Ninguna,Dia total,Despejado,No,NO APLICA,99,99,99,99,1,20/10/2022,1
9,Connecticut,90173,0,0,1,0,9,NEW HAVEN (9),810,WATERBURY,3,Marzo,17,2022,21,55,SR-847,3,Highway estatal,Urbano,Arteria Menor,State Highway Agency,0,Sin jurisdiccion especial,56,41.58176667,-73.04864722,Volcadura,El primer evento no fue una colision con un vehiculo automotor en transporte,Not an Intersection,No fue interseccion,Sobre el lado de la calle,Ninguna,Oscuro con iluminacion,lluvia,No,NO APLICA,21,57,22,4,1,17/03/2022,2
9,Connecticut,90174,0,0,1,0,15,WINDHAM (15),330,KILLINGLY CENTER,10,Octubre,25,2022,16,36,I-395,1,Interestatal,Urbano,Interestatal,State Highway Agency,1,Sin jurisdiccion especial,406,41.83553333,-71.87521389,Volcadura,El primer evento no fue una colision con un vehiculo automotor en transporte,Not an Intersection,No fue interseccion,Sobre el lado de la calle,Ninguna,Dia total,Despejado,No,NO APLICA,16,11,16,50,1,25/10/2022,1
9,Connecticut,90175,0,0,1,0,5,LITCHFIELD (5),326,KENT,10,Octubre,21,2022,14,49,SCHAGHTICOKE RD,5,Calle Local - Pueblo,Rural,Local,Town or Township Highway Agency,0,Sin jurisdiccion especial,10,41.68870556,-73.50602778,Volcadura,El primer evento no fue una colision con un vehiculo automotor en transporte,Not an Intersection,No fue interseccion,Sobre el lado de la calle,Ninguna,Dia total,Despejado,No,NO APLICA,99,99,99,99,1,21/10/2022,2
9,Connecticut,90176,0,0,3,0,1,FAIRFIELD (1),700,STAMFORD,9,Septiembre,19,2022,2,31,I-95,1,Interestatal,Urbano,Interestatal,State Highway Agency,1,Sin jurisdiccion especial,87,41.05468889,-73.52352222,Vehiculo en movimiento,Frente a Detrás,Not an Intersection,No fue interseccion,Sobre calle,Ninguna,Oscuro con iluminacion,Despejado,No,NO APLICA,99,99,99,99,1,19/09/2022,3
9,Connecticut,90177,1,1,1,0,9,NEW HAVEN (9),430,NEW HAVEN,10,Octubre,29,2022,21,56,SR-10,3,Highway estatal,Urbano,Arteria Principal,State Highway Agency,1,Sin jurisdiccion especial,5,41.28655278,-72.93648611,Peaton,El primer evento no fue una colision con un vehiculo automotor en transporte,Not an Intersection,No fue interseccion,Sobre calle,Ninguna,Oscuro con iluminacion,Despejado,No,NO APLICA,21,56,22,0,1,29/10/2022,1
9,Connecticut,90178,0,0,5,0,9,NEW HAVEN (9),430,NEW HAVEN,10,Octubre,30,2022,2,18,SARGENT DR,5,Calle Local - Pueblo,Urbano,Arteria Principal,Town or Township Highway Agency,1,Sin jurisdiccion especial,8,41.29373056,-72.92002222,Vehiculo en movimiento,Golpe Lateral - misma direccion,Not an Intersection,No fue interseccion,Sobre calle,Ninguna,Oscuro con iluminacion,Despejado,No,NO APLICA,2,0,2,5,1,30/10/2022,12
9,Connecticut,90179,4,5,3,2,11,NEW LONDON (11),770,UNCASVILLE,9,Septiembre,16,2022,23,24,I-395,1,Interestatal,Urbano,Interestatal,State Highway Agency,1,Sin jurisdiccion especial,96,41.48885,-72.114425,Vehiculo Aparcado,El primer evento no fue una colision con un vehiculo automotor en transporte,Not an Intersection,No fue interseccion,Sobre Acotamiento,Ninguna,Oscuro sin iluminacion,Despejado,No,NO APLICA,23,23,23,30,2,16/09/2022,1
9,Connecticut,90180,0,0,3,0,9,NEW HAVEN (9),495,NORTH BRANFORD,10,Octubre,15,2022,8,46,SR-22,3,Highway estatal,Urbano,Arteria Menor,State Highway Agency,0,Sin jurisdiccion especial,72,41.38208056,-72.79430278,Vehiculo en movimiento,Golpe Lateral - direccion contraria,Not an Intersection,No fue interseccion,Sobre calle,Ninguna,Dia total,Despejado,No,NO APLICA,99,99,99,99,1,15/10/2022,3
9,Connecticut,90181,0,0,1,0,7,MIDDLESEX (7),822,WESTBROOK,10,Octubre,27,2022,0,48,OLD CLINTON RD,5,Calle Local - Pueblo,Urbano,Local,Town or Township Highway Agency,0,Sin jurisdiccion especial,15,41.28721944,-72.46024444,Arbol,El primer evento no fue una colision con un vehiculo automotor en transporte,Not an Intersection,No fue interseccion,Sobre el lado de la calle,Ninguna,Oscuro con iluminacion,Despejado,No,NO APLICA,99,99,99,99,1,27/10/2022,2
9,Connecticut,90182,1,1,1,0,3,HARTFORD (3),280,HARTFORD,1,Enero,1,2022,0,11,MAIN ST NO 1,5,Calle Local - Pueblo,Urbano,Arteria Principal,Town or Township Highway Agency,1,Sin jurisdiccion especial,7,41.78376389,-72.67523056,Peaton,El primer evento no fue una colision con un vehiculo automotor en transporte,Not an Intersection,No fue interseccion,Sobre calle,Ninguna,Oscuro con iluminacion,Neblina o Humo,No,NO APLICA,0,11,0,17,1,01/01/2022,1
9,Connecticut,90183,0,0,1,0,9,NEW HAVEN (9),70,BRANFORD,4,Abril,28,2022,6,35,HOSLEY AV,5,Calle Local - Pueblo,Urbano,Local,Town or Township Highway Agency,0,Sin jurisdiccion especial,22,41.28834167,-72.84521389,Arbol,El primer evento no fue una colision con un vehiculo automotor en transporte,Not an Intersection,No fue interseccion,Sobre el lado de la calle,Ninguna,Oscuro sin iluminacion,Despejado,No,NO APLICA,6,44,6,50,3,28/04/2022,3
9,Connecticut,90184,0,0,2,0,3,HARTFORD (3),60,BLOOMFIELD,5,Mayo,17,2022,8,24,SR-187 BLUE HILLS AVE,3,Highway estatal,Urbano,Arteria Menor,State Highway Agency,0,Sin jurisdiccion especial,54,41.85833056,-72.70953333,Vehiculo en movimiento,Frente a Detrás,Not an Intersection,No fue interseccion,Sobre calle,Ninguna,Dia total,Despejado,Yes,NO APLICA,8,34,8,39,1,17/05/2022,2
9,Connecticut,90185,1,1,1,0,3,HARTFORD (3),90,BRISTOL,7,Julio,14,2022,0,7,SR-229 MIDDLE ST,3,Highway estatal,Urbano,Arteria Menor,State Highway Agency,0,Sin jurisdiccion especial,27,41.64859722,-72.904,Peaton,El primer evento no fue una colision con un vehiculo automotor en transporte,Not an Intersection,No fue interseccion,Sobre calle,Ninguna,Oscuro con iluminacion,Despejado,No,NO APLICA,0,9,0,16,1,14/07/2022,1