Estado,Nombre de Estado,Numero de Caso,Peatones,Personas _no_vehiculos,Vehiculos automotores,Vehiculos estacionados,Condado,Nombre Condado,Ciudad,Nombre Ciudad,Mes,Nombre Mes,Dia,Año,Hora,Minuto,Calle,Ruta,Nombre Ruta,Rural o Urbanoo,Sistema Funcional,Dueño Calle,Sistema Nacional Carreteras,Jurisdiccion Especial,Milla,Latitud,Longitud,Causa del Accidente,Tipo de Accidente,Tipo Interseccion,Columna1,Lugar en la calle,Zona de Trabajo,Luz,Clima,Autobus Escolar,Cruce de Trenes,Hora Notificacion,Minuto Notificacion,Hora Llegada,Minuto Llegada,Decesos,Fecha,PersonaVehiculo
9,Connecticut,90186,0,0,1,0,3,HARTFORD (3),660,SIMSBURY,7,Julio,4,2022,15,34,WEST MOUNTAIN RD,5,Calle Local - Pueblo,Urbano,Colector Menor,Town or Township Highway Agency,0,Sin jurisdiccion especial,9,41.82981111,-72.86708056,Arbol,El primer evento no fue una colision con un vehiculo automotor en transporte,Not an Intersection,No fue interseccion,Sobre el lado de la calle,Ninguna,Dia total,Despejado,No,NO APLICA,15,34,15,38,1,04/07/2022,1
9,Connecticut,90187,0,0,2,0,9,NEW HAVEN (9),810,WATERBURY,1,Enero,12,2022,6,42,CHASE AV,5,Calle Local - Pueblo,Urbano,Arteria Menor,Town or Township Highway Agency,0,Sin jurisdiccion especial,3,41.58260833,-73.03697222,Vehiculo en movimiento,Angulo,Not an Intersection,No fue interseccion,Sobre calle,Ninguna,Dia total,Despejado,No,NO APLICA,6,42,6,57,1,12/01/2022,2
9,Connecticut,90188,0,0,2,0,3,HARTFORD (3),823,WEST HARTFORD,3,Marzo,18,2022,17,59,TROUT BROOK DR,5,Calle Local - Pueblo,Urbano,Arteria Menor,Town or Township Highway Agency,0,Sin jurisdiccion especial,33,41.78278611,-72.73810556,Banqueta,El primer evento no fue una colision con un vehiculo automotor en transporte,Four-Way Intersection,Interseccion de 4 direcciones,Sobre el lado de la calle,Ninguna,Dia total,Despejado,No,NO APLICA,18,0,18,2,1,18/03/2022,2
9,Connecticut,90189,0,0,3,0,9,NEW HAVEN (9),790,WALLINGFORD,5,Mayo,17,2022,4,40,US-5,2,US Highway,Urbano,Arteria Menor,State Highway Agency,0,Sin jurisdiccion especial,101,41.43801944,-72.8331,Vehiculo en movimiento,Angulo,T-Intersection,Interseccion de T,Sobre calle,Ninguna,Oscuro con iluminacion,Despejado,No,NO APLICA,4,41,4,48,1,17/05/2022,3
9,Connecticut,90190,0,0,3,0,1,FAIRFIELD (1),700,STAMFORD,10,Octubre,31,2022,22,20,SR-15,3,Highway estatal,Urbano,Arterial Principal -Freeway o ExpressWay,State Highway Agency,1,Sin jurisdiccion especial,93,41.10156667,-73.56918333,Otra barrera de trafico,El primer evento no fue una colision con un vehiculo automotor en transporte,Not an Intersection,No fue interseccion,En el medio,Ninguna,Oscuro sin iluminacion,Despejado,No,NO APLICA,99,99,99,99,1,31/10/2022,3
9,Connecticut,90191,0,0,1,0,5,LITCHFIELD (5),760,WEST TORRINGTON,11,Noviembre,2,2022,6,18,SR-8,3,Highway estatal,Urbano,Arterial Principal -Freeway o ExpressWay,State Highway Agency,1,Sin jurisdiccion especial,546,41.86764167,-73.08112222,Volcadura,El primer evento no fue una colision con un vehiculo automotor en transporte,Not an Intersection,No fue interseccion,En el medio,Ninguna,Oscuro sin iluminacion,Despejado,No,NO APLICA,99,99,99,99,1,02/11/2022,1
9,Connecticut,90192,0,0,1,0,3,HARTFORD (3),555,PLAINVILLE,9,Septiembre,18,2022,14,46,SR-72,3,Highway estatal,Urbano,Arterial Principal -Freeway o ExpressWay,State Highway Agency,1,Sin jurisdiccion especial,40,41.67249167,-72.84522222,Valla Ferrocarril,El primer evento no fue una colision con un vehiculo automotor en transporte,Not an Intersection,No fue interseccion,En el medio,Ninguna,Dia total,Despejado,No,NO APLICA,99,99,99,99,1,18/09/2022,1
9,Connecticut,90193,1,1,1,0,9,NEW HAVEN (9),430,NEW HAVEN,11,Noviembre,4,2022,18,9,SR-63,3,Highway estatal,Urbano,Arteria Principal,State Highway Agency,1,Sin jurisdiccion especial,6,41.32884722,-72.96599444,Peaton,El primer evento no fue una colision con un vehiculo automotor en transporte,Not an Intersection,No fue interseccion,Sobre calle,Ninguna,Oscuro - iluminacion desconocida,Despejado,No,NO APLICA,18,10,18,20,1,04/11/2022,1
9,Connecticut,90194,0,0,1,0,9,NEW HAVEN (9),265,GUILFORD,11,Noviembre,2,2022,16,1,SR-146,3,Highway estatal,Urbano,Colector Mayor,State Highway Agency,0,Sin jurisdiccion especial,104,41.269475,-72.69567778,Volcadura,El primer evento no fue una colision con un vehiculo automotor en transporte,Y-Intersection,Interseccion de Y,Sobre calle,Ninguna,Dia total,Despejado,No,NO APLICA,15,59,16,6,1,02/11/2022,1
9,Connecticut,90196,1,1,1,0,3,HARTFORD (3),90,BRISTOL,10,Octubre,29,2022,18,25,SR-72,3,Highway estatal,Urbano,Arteria Principal,State Highway Agency,1,Sin jurisdiccion especial,81,41.66741111,-72.91929722,Peaton,El primer evento no fue una colision con un vehiculo automotor en transporte,Not an Intersection,No fue interseccion,Sobre calle,Ninguna,Oscuro con iluminacion,Despejado,No,NO APLICA,18,29,18,30,1,29/10/2022,1
9,Connecticut,90197,0,0,2,0,9,NEW HAVEN (9),267,HAMDEN,1,Enero,1,2022,10,30,SR-10,3,Highway estatal,Urbano,Arteria Principal,State Highway Agency,1,Sin jurisdiccion especial,71,41.36360833,-72.92333333,Vehiculo en movimiento,Angulo,Not an Intersection,No fue interseccion,Sobre calle,Ninguna,Dia total,Despejado,No,NO APLICA,99,99,99,99,1,01/01/2022,4
9,Connecticut,90198,0,0,2,0,9,NEW HAVEN (9),810,WATERBURY,3,Marzo,27,2022,15,52,SR-73,3,Highway estatal,Urbano,Arteria Principal,State Highway Agency,1,Sin jurisdiccion especial,24,41.57558333,-73.06946667,Vehiculo en movimiento,Angulo,T-Intersection,Interseccion de T,Sobre calle,Ninguna,Dia total,Nieve,No,NO APLICA,15,52,15,57,1,27/03/2022,4
9,Connecticut,90199,0,0,2,0,3,HARTFORD (3),225,EAST HARTFORD,5,Mayo,5,2022,23,50,SR-2,3,Highway estatal,Urbano,Arterial Principal -Freeway o ExpressWay,State Highway Agency,1,Sin jurisdiccion especial,16,41.75387222,-72.64837778,Vehiculo en movimiento,Golpe Lateral - misma direccion,Not an Intersection,No fue interseccion,Sobre calle,Construccion,Oscuro sin iluminacion,Despejado,No,NO APLICA,23,50,23,59,1,05/05/2022,2
9,Connecticut,90200,0,0,3,0,1,FAIRFIELD (1),700,STAMFORD,7,Julio,3,2022,12,22,NEWFIELD AV,5,Calle Local - Pueblo,Urbano,Arteria Menor,Town or Township Highway Agency,0,Sin jurisdiccion especial,34,41.12022778,-73.53415556,Vehiculo en movimiento,Angulo,Not an Intersection,No fue interseccion,Sobre calle,Ninguna,Dia total,Despejado,No,NO APLICA,12,24,12,31,1,03/07/2022,3
9,Connecticut,90201,1,1,1,0,9,NEW HAVEN (9),810,WATERBURY,7,Julio,21,2022,19,47,EAST MAIN ST,5,Calle Local - Pueblo,Urbano,Arteria Menor,Town or Township Highway Agency,0,Sin jurisdiccion especial,9,41.551975,-73.02521389,Ciclista,El primer evento no fue una colision con un vehiculo automotor en transporte,Not an Intersection,No fue interseccion,Sobre calle,Ninguna,Dia total,Despejado,No,NO APLICA,99,99,99,99,1,21/07/2022,1
9,Connecticut,90202,0,0,2,0,15,WINDHAM (15),99,BROOKLYN,11,Noviembre,7,2022,16,55,US-6,2,US Highway,Urbano,Arteria Principal,State Highway Agency,1,Sin jurisdiccion especial,1083,41.79465278,-71.93701111,Vehiculo en movimiento,Golpe Lateral - direccion contraria,Not an Intersection,No fue interseccion,Sobre calle,Ninguna,Dia total,Despejado,No,NO APLICA,16,55,16,55,1,07/11/2022,3
9,Connecticut,90203,0,0,3,0,13,TOLLAND (13),368,MANSFIELD CENTER,11,Noviembre,5,2022,16,9,US-44,2,US Highway,Urbano,Arteria Principal,State Highway Agency,1,Sin jurisdiccion especial,750,41.81618056,-72.29259444,Vehiculo en movimiento,Golpe Lateral - direccion contraria,Not an Intersection,No fue interseccion,Sobre calle,Ninguna,Dia total,Despejado,No,NO APLICA,99,99,99,99,1,05/11/2022,4
9,Connecticut,90204,0,0,2,0,3,HARTFORD (3),89,BURLINGTON,11,Noviembre,11,2022,6,6,SR-4,3,Highway estatal,Urbano,Arteria Principal,State Highway Agency,1,Sin jurisdiccion especial,368,41.77671944,-72.91570278,Vehiculo en movimiento,Golpe Lateral - direccion contraria,Not an Intersection,No fue interseccion,Sobre calle,Ninguna,Oscuro sin iluminacion,Despejado,No,NO APLICA,99,99,99,99,1,11/11/2022,2
9,Connecticut,90205,0,0,2,0,15,WINDHAM (15),330,KILLINGLY CENTER,11,Noviembre,12,2022,15,14,US-6,2,US Highway,Rural,Arteria Principal,State Highway Agency,1,Sin jurisdiccion especial,1163,41.7947,-71.79283889,Vehiculo en movimiento,Golpe Lateral - misma direccion,T-Intersection,Interseccion de T,Sobre calle,Ninguna,Dia total,Despejado,No,NO APLICA,15,14,15,20,1,12/11/2022,2
9,Connecticut,90206,1,1,1,0,5,LITCHFIELD (5),740,THOMASTON,10,Octubre,19,2022,15,36,SR-8,3,Highway estatal,Urbano,Arterial Principal -Freeway o ExpressWay,State Highway Agency,1,Sin jurisdiccion especial,398,41.67521944,-73.065225,Peaton,El primer evento no fue una colision con un vehiculo automotor en transporte,Not an Intersection,No fue interseccion,Sobre calle,Ninguna,Dia total,Despejado,No,NO APLICA,99,99,99,99,1,19/10/2022,1
9,Connecticut,90207,1,1,1,0,3,HARTFORD (3),15,AVON,11,Noviembre,14,2022,6,1,US-44 EAST MAIN ST,2,US Highway,Urbano,Arteria Principal,State Highway Agency,1,Sin jurisdiccion especial,444,41.80881944,-72.82839167,Peaton,El primer evento no fue una colision con un vehiculo automotor en transporte,Not an Intersection,No fue interseccion,Sobre calle,Ninguna,Oscuro sin iluminacion,Despejado,No,NO APLICA,6,1,6,5,1,14/11/2022,1
9,Connecticut,90208,0,0,1,0,15,WINDHAM (15),330,KILLINGLY CENTER,11,Noviembre,15,2022,1,32,MAPLE ST,5,Calle Local - Pueblo,Urbano,Colector Mayor,Town or Township Highway Agency,0,Sin jurisdiccion especial,6,41.80957778,-71.89119722,Poste,El primer evento no fue una colision con un vehiculo automotor en transporte,Not an Intersection,No fue interseccion,Sobre el lado de la calle,Ninguna,Oscuro sin iluminacion,Despejado,No,NO APLICA,99,99,99,99,1,15/11/2022,1
9,Connecticut,90209,2,2,5,0,9,NEW HAVEN (9),430,NEW HAVEN,11,Noviembre,2,2022,21,42,I-91,1,Interestatal,Urbano,Interestatal,State Highway Agency,1,Sin jurisdiccion especial,28,41.32271667,-72.88475,Vehiculo en movimiento,Frente a Detrás,Not an Intersection,No fue interseccion,Sobre calle,Ninguna,Oscuro sin iluminacion,Despejado,No,NO APLICA,99,99,99,99,1,02/11/2022,6
9,Connecticut,90210,0,0,2,0,5,LITCHFIELD (5),428,NEW HARTFORD,11,Noviembre,18,2022,15,28,US-202,2,US Highway,Urbano,Arteria Principal,State Highway Agency,1,Sin jurisdiccion especial,512,41.82993056,-72.99623056,Vehiculo en movimiento,Frente a frente,Not an Intersection,No fue interseccion,Sobre calle,Ninguna,Dia total,Despejado,No,NO APLICA,99,99,99,99,1,18/11/2022,2
9,Connecticut,90211,1,1,3,0,9,NEW HAVEN (9),370,MERIDEN,11,Noviembre,6,2022,1,39,SR-15,3,Highway estatal,Urbano,Arterial Principal -Freeway o ExpressWay,State Highway Agency,1,Sin jurisdiccion especial,631,41.51160278,-72.78246944,Peaton,El primer evento no fue una colision con un vehiculo automotor en transporte,Not an Intersection,No fue interseccion,Sobre calle,Ninguna,Oscuro sin iluminacion,lluvia,No,NO APLICA,99,99,99,99,1,06/11/2022,4
9,Connecticut,90212,0,0,5,0,9,NEW HAVEN (9),110,CHESHIRE,11,Noviembre,19,2022,16,16,SR-10 HIGHLAND AVE,3,Highway estatal,Urbano,Arteria Principal,State Highway Agency,1,Sin jurisdiccion especial,207,41.55004167,-72.89131111,Vehiculo en movimiento,Golpe Lateral - direccion contraria,Not an Intersection,No fue interseccion,Sobre calle,Ninguna,Dia total,Despejado,No,NO APLICA,16,21,16,32,1,19/11/2022,9
9,Connecticut,90213,0,0,2,0,9,NEW HAVEN (9),385,MILFORD,11,Noviembre,26,2022,2,1,I-95,1,Interestatal,Urbano,Interestatal,State Highway Agency,1,Sin jurisdiccion especial,354,41.20786389,-73.09465833,Vehiculo en movimiento,Frente a frente,Not an Intersection,No fue interseccion,Sobre calle,Ninguna,Oscuro con iluminacion,Despejado,No,NO APLICA,99,99,99,99,1,26/11/2022,2
9,Connecticut,90214,0,0,2,0,9,NEW HAVEN (9),267,HAMDEN,6,Junio,25,2022,18,54,SR-10,3,Highway estatal,Urbano,Arteria Principal,State Highway Agency,1,Sin jurisdiccion especial,65,41.35640278,-72.92784167,Vehiculo en movimiento,Angulo,Not an Intersection,No fue interseccion,Sobre calle,Ninguna,Dia total,Despejado,No,NO APLICA,99,99,99,99,1,25/06/2022,2
9,Connecticut,90215,0,0,1,0,9,NEW HAVEN (9),790,WALLINGFORD,11,Noviembre,26,2022,1,36,SR-15,3,Highway estatal,Urbano,Arterial Principal -Freeway o ExpressWay,State Highway Agency,1,Sin jurisdiccion especial,623,41.50309722,-72.79348056,Arbol,El primer evento no fue una colision con un vehiculo automotor en transporte,Not an Intersection,No fue interseccion,Sobre el lado de la calle,Ninguna,Oscuro sin iluminacion,Despejado,No,NO APLICA,99,99,99,99,2,26/11/2022,2
9,Connecticut,90216,0,0,2,0,9,NEW HAVEN (9),825,WEST HAVEN,10,Octubre,7,2022,20,36,SR-34,3,Highway estatal,Urbano,Arteria Principal,State Highway Agency,1,Sin jurisdiccion especial,216,41.31025,-72.95906111,Vehiculo en movimiento,Frente a Detrás,Not an Intersection,No fue interseccion,Sobre calle,Ninguna,Oscuro con iluminacion,Despejado,No,NO APLICA,20,37,20,42,1,07/10/2022,3
9,Connecticut,90217,0,0,1,0,9,NEW HAVEN (9),825,WEST HAVEN,10,Octubre,30,2022,2,19,SAVIN AV,5,Calle Local - Pueblo,Urbano,Local,Town or Township Highway Agency,0,Sin jurisdiccion especial,3,41.27164444,-72.95161667,Banqueta,El primer evento no fue una colision con un vehiculo automotor en transporte,Four-Way Intersection,Interseccion de 4 direcciones,Sobre el lado de la calle,Ninguna,Oscuro con iluminacion,Despejado,No,NO APLICA,2,19,2,24,1,30/10/2022,3
9,Connecticut,90218,0,0,2,0,9,NEW HAVEN (9),110,CHESHIRE,11,Noviembre,19,2022,23,20,I-691,1,Interestatal,Urbano,Interestatal,State Highway Agency,1,Sin jurisdiccion especial,67,41.55628889,-72.884225,Vehiculo en movimiento,Frente a Detrás,Not an Intersection,No fue interseccion,Sobre calle,Ninguna,Oscuro sin iluminacion,Despejado,No,NO APLICA,99,99,99,99,1,19/11/2022,2
9,Connecticut,90219,0,0,1,0,9,NEW HAVEN (9),502,NORTH HAVEN,11,Noviembre,30,2022,20,9,I-91,1,Interestatal,Urbano,Interestatal,State Highway Agency,1,Sin jurisdiccion especial,89,41.39958889,-72.84948611,Arbol,El primer evento no fue una colision con un vehiculo automotor en transporte,Not an Intersection,No fue interseccion,Sobre el lado de la calle,Ninguna,Oscuro con iluminacion,Despejado,No,NO APLICA,99,99,99,99,2,30/11/2022,2
9,Connecticut,90220,0,0,2,0,5,LITCHFIELD (5),450,NEW MILFORD,5,Mayo,29,2022,13,28,US-7,2,US Highway,Rural,Arteria Menor,State Highway Agency,0,Sin jurisdiccion especial,462,41.66616111,-73.50173889,Vehiculo en movimiento,Angulo,Not an Intersection,No fue interseccion,Sobre calle,Ninguna,Dia total,Despejado,No,NO APLICA,13,30,13,43,1,29/05/2022,4
9,Connecticut,90221,0,0,1,0,11,NEW LONDON (11),260,GROTON,11,Noviembre,7,2022,10,54,US-1,2,US Highway,Urbano,Arteria Menor,State Highway Agency,0,Sin jurisdiccion especial,1056,41.34626667,-72.02783889,Poste de Señal de trafico,El primer evento no fue una colision con un vehiculo automotor en transporte,Not an Intersection,No fue interseccion,Sobre el lado de la calle,Ninguna,Dia total,Despejado,No,NO APLICA,11,4,11,11,1,07/11/2022,2
9,Connecticut,90222,1,1,1,0,1,FAIRFIELD (1),50,BETHEL,12,Diciembre,9,2022,16,43,US-6 STONY HILL RD,2,US Highway,Urbano,Arteria Menor,State Highway Agency,0,Sin jurisdiccion especial,93,41.41698889,-73.39636944,Peaton,El primer evento no fue una colision con un vehiculo automotor en transporte,Not an Intersection,No fue interseccion,Sobre calle,Ninguna,Atardecer,Despejado,No,NO APLICA,99,99,99,99,1,09/12/2022,1
9,Connecticut,90223,0,0,1,0,9,NEW HAVEN (9),375,MIDDLEBURY,5,Mayo,21,2022,21,2,THREE MILE HILL RD,5,Calle Local - Pueblo,Urbano,Local,Town or Township Highway Agency,0,Sin jurisdiccion especial,3,41.54700556,-73.10237222,Banqueta,El primer evento no fue una colision con un vehiculo automotor en transporte,Not an Intersection,No fue interseccion,Sobre el lado de la calle,Ninguna,Oscuro sin iluminacion,Despejado,No,NO APLICA,99,99,99,99,1,21/05/2022,1
9,Connecticut,90224,0,0,2,0,9,NEW HAVEN (9),385,MILFORD,11,Noviembre,30,2022,10,58,I 95 SB MILFORD REST AREA,8,Otro,Trafficway Not in State Inventory,Via no en inventario estatal,Trafficway Not in State Inventory,0,Sin jurisdiccion especial,413,41.24662778,-73.00948333,Vehiculo en movimiento,Frente a Detrás,Not an Intersection,No fue interseccion,Sobre calle,Ninguna,Dia total,Despejado,No,NO APLICA,99,99,99,99,1,30/11/2022,2
9,Connecticut,90225,1,1,1,0,9,NEW HAVEN (9),70,BRANFORD,11,Noviembre,18,2022,19,48,US-1 EAST MAIN ST,2,US Highway,Urbano,Arteria Principal,State Highway Agency,1,Sin jurisdiccion especial,566,41.29245,-72.78759167,Peaton,El primer evento no fue una colision con un vehiculo automotor en transporte,T-Intersection,Interseccion de T,Sobre calle,Ninguna,Oscuro con iluminacion,Despejado,No,NO APLICA,19,48,19,51,1,18/11/2022,1
9,Connecticut,90226,0,0,1,0,11,NEW LONDON (11),710,STONINGTON,12,Diciembre,12,2022,23,36,I-95,1,Interestatal,Urbano,Interestatal,State Highway Agency,1,Sin jurisdiccion especial,1042,41.37791111,-71.90605278,Volcadura,El primer evento no fue una colision con un vehiculo automotor en transporte,Not an Intersection,No fue interseccion,Sobre el lado de la calle,Ninguna,Oscuro sin iluminacion,Despejado,No,NO APLICA,23,41,23,50,1,12/12/2022,1
9,Connecticut,90227,0,0,2,0,9,NEW HAVEN (9),430,NEW HAVEN,12,Diciembre,16,2022,0,58,I-91-N-134,1,Interestatal,Urbano,Interestatal,State Highway Agency,1,Sin jurisdiccion especial,5,41.31211111,-72.91923611,Vehiculo en movimiento,Angulo,"Five Point, or More",5 Puntos o mas,Sobre calle,Ninguna,Oscuro con iluminacion,lluvia,No,NO APLICA,99,99,99,99,1,16/12/2022,3
9,Connecticut,90228,0,0,2,0,5,LITCHFIELD (5),844,WINCHESTER CENTER,12,Diciembre,17,2022,17,34,SR-8,3,Highway estatal,Urbano,Arteria Principal,State Highway Agency,1,Sin jurisdiccion especial,601,41.93896944,-73.05499167,Vehiculo en movimiento,Frente a frente,Not an Intersection,No fue interseccion,Sobre calle,Ninguna,Oscuro con iluminacion,Despejado,No,NO APLICA,17,35,17,38,1,17/12/2022,3
9,Connecticut,90229,0,0,2,0,3,HARTFORD (3),280,HARTFORD,7,Julio,11,2022,0,55,NEW BRITAIN AV,5,Calle Local - Pueblo,Urbano,Arteria Menor,Town or Township Highway Agency,0,Sin jurisdiccion especial,10,41.74168056,-72.693375,Vehiculo en movimiento,Angulo,Four-Way Intersection,Interseccion de 4 direcciones,Sobre calle,Ninguna,Oscuro con iluminacion,Despejado,No,NO APLICA,0,55,0,59,1,11/07/2022,3
9,Connecticut,90230,1,1,1,0,1,FAIRFIELD (1),80,BRIDGEPORT,10,Octubre,23,2022,1,29,HOUSATONIC AV NO 1,5,Calle Local - Pueblo,Urbano,Local,Town or Township Highway Agency,0,Sin jurisdiccion especial,3,41.18480278,-73.19109444,Peaton,El primer evento no fue una colision con un vehiculo automotor en transporte,T-Intersection,Interseccion de T,Sobre calle,Ninguna,Oscuro con iluminacion,Despejado,No,NO APLICA,99,99,99,99,1,23/10/2022,1
9,Connecticut,90231,0,0,2,0,9,NEW HAVEN (9),825,WEST HAVEN,11,Noviembre,26,2022,2,37,I-95,1,Interestatal,Urbano,Interestatal,State Highway Agency,1,Sin jurisdiccion especial,437,41.27036944,-72.97238056,Vehiculo en movimiento,Frente a Detrás,Not an Intersection,No fue interseccion,Sobre calle,Ninguna,Oscuro con iluminacion,Despejado,No,NO APLICA,99,99,99,99,1,26/11/2022,5
9,Connecticut,90232,0,0,1,0,1,FAIRFIELD (1),510,NORWALK,11,Noviembre,27,2022,8,6,DR MARTN LTHR KING JR DR,5,Calle Local - Pueblo,Urbano,Arteria Menor,Town or Township Highway Agency,0,Sin jurisdiccion especial,7,41.09243333,-73.425275,Banqueta,El primer evento no fue una colision con un vehiculo automotor en transporte,Not an Intersection,No fue interseccion,Sobre el lado de la calle,Ninguna,Dia total,Nublado,No,NO APLICA,8,6,8,13,1,27/11/2022,4
9,Connecticut,90233,0,0,1,0,5,LITCHFIELD (5),760,WEST TORRINGTON,12,Diciembre,15,2022,5,2,HAYDEN HILL RD,5,Calle Local - Pueblo,Urbano,Colector Menor,Town or Township Highway Agency,0,Sin jurisdiccion especial,99998,41.86308056,-73.08053056,Valla Ferrocarril,El primer evento no fue una colision con un vehiculo automotor en transporte,T-Intersection,Interseccion de T,Sobre el lado de la calle,Ninguna,Oscuro con iluminacion,Despejado,No,NO APLICA,4,59,99,99,1,15/12/2022,1
9,Connecticut,90234,0,0,2,0,15,WINDHAM (15),108,CHAPLIN,12,Diciembre,21,2022,17,28,US-6,2,US Highway,Rural,Arteria Principal,State Highway Agency,1,Sin jurisdiccion especial,984,41.76711944,-72.1082,Vehiculo en movimiento,Frente a frente,Not an Intersection,No fue interseccion,Sobre calle,Ninguna,Oscuro sin iluminacion,Despejado,No,NO APLICA,17,29,17,36,1,21/12/2022,2
9,Connecticut,90235,0,0,1,0,11,NEW LONDON (11),140,COLCHESTER,12,Diciembre,31,2022,22,7,SR-16,3,Highway estatal,Rural,Arteria Menor,State Highway Agency,0,Sin jurisdiccion especial,80,41.54828333,-72.40006944,Fin de valla,El primer evento no fue una colision con un vehiculo automotor en transporte,T-Intersection,Interseccion de T,Sobre el lado de la calle,Ninguna,Oscuro sin iluminacion,lluvia,No,NO APLICA,99,99,99,99,1,31/12/2022,4
9,Connecticut,90237,1,1,1,0,15,WINDHAM (15),330,KILLINGLY CENTER,12,Diciembre,27,2022,19,52,SR-101,3,Highway estatal,Urbano,Arteria Menor,State Highway Agency,0,Sin jurisdiccion especial,52,41.83998611,-71.87438889,Peaton,El primer evento no fue una colision con un vehiculo automotor en transporte,Four-Way Intersection,Interseccion de 4 direcciones,Sobre calle,Ninguna,Oscuro - iluminacion desconocida,Nublado,No,NO APLICA,99,99,99,99,1,27/12/2022,1
9,Connecticut,90238,1,1,1,0,1,FAIRFIELD (1),80,BRIDGEPORT,12,Diciembre,23,2022,18,26,US-1,2,US Highway,Urbano,Arteria Principal,State Highway Agency,1,Sin jurisdiccion especial,303,41.19580556,-73.19403889,Peaton,El primer evento no fue una colision con un vehiculo automotor en transporte,Not an Intersection,No fue interseccion,Sobre calle,Ninguna,Oscuro con iluminacion,Despejado,No,NO APLICA,99,99,99,99,1,23/12/2022,1
9,Connecticut,90239,0,0,2,0,9,NEW HAVEN (9),375,MIDDLEBURY,9,Septiembre,1,2022,15,59,LONG MEADOW RD NO 1,5,Calle Local - Pueblo,Urbano,Colector Menor,Town or Township Highway Agency,0,Sin jurisdiccion especial,23,41.51139444,-73.13833611,Vehiculo en movimiento,Angulo,Not an Intersection,No fue interseccion,Sobre calle,Ninguna,Dia total,Despejado,No,NO APLICA,16,1,16,10,1,01/09/2022,2
9,Connecticut,90240,1,1,1,0,3,HARTFORD (3),838,WETHERSFIELD,11,Noviembre,2,2022,20,21,SR-15 BERLIN TPKE,3,Highway estatal,Urbano,Arteria Principal,State Highway Agency,1,Sin jurisdiccion especial,775,41.70566944,-72.70185833,Peaton,El primer evento no fue una colision con un vehiculo automotor en transporte,T-Intersection,Interseccion de T,Sobre calle,Ninguna,Oscuro sin iluminacion,Despejado,No,NO APLICA,99,99,99,99,1,02/11/2022,1
9,Connecticut,90241,0,0,1,0,11,NEW LONDON (11),710,STONINGTON,12,Diciembre,4,2022,1,14,I-95,1,Interestatal,Urbano,Interestatal,State Highway Agency,1,Sin jurisdiccion especial,1037,41.37563056,-71.91426111,Arbol,El primer evento no fue una colision con un vehiculo automotor en transporte,Not an Intersection,No fue interseccion,En el medio,Ninguna,Oscuro sin iluminacion,Despejado,No,NO APLICA,1,16,1,27,1,04/12/2022,2
9,Connecticut,90242,0,0,1,0,9,NEW HAVEN (9),854,WOODBRIDGE,12,Diciembre,31,2022,22,3,SR-69,3,Highway estatal,Urbano,Arteria Principal,State Highway Agency,1,Sin jurisdiccion especial,18,41.35912778,-72.98350556,Buzon de correo,El primer evento no fue una colision con un vehiculo automotor en transporte,Not an Intersection,No fue interseccion,Sobre el lado de la calle,Ninguna,Oscuro con iluminacion,lluvia,No,NO APLICA,99,99,99,99,1,31/12/2022,1
9,Connecticut,90244,0,0,2,0,3,HARTFORD (3),46,BERLIN,10,Octubre,6,2022,9,49,SR-571,3,Highway estatal,Urbano,Arterial Principal -Freeway o ExpressWay,State Highway Agency,1,Sin jurisdiccion especial,63,41.64686111,-72.78885278,Vehiculo en movimiento,Angulo,Four-Way Intersection,Interseccion de 4 direcciones,Sobre calle,Ninguna,Dia total,Despejado,No,NO APLICA,99,99,99,99,1,06/10/2022,2
9,Connecticut,90245,0,0,1,0,1,FAIRFIELD (1),170,DANBURY,12,Diciembre,24,2022,3,11,I-84,1,Interestatal,Urbano,Interestatal,State Highway Agency,1,Sin jurisdiccion especial,53,41.40465,-73.46190833,Poste de Señal de trafico,El primer evento no fue una colision con un vehiculo automotor en transporte,Not an Intersection,No fue interseccion,Sobre el lado de la calle,Ninguna,Oscuro con iluminacion,Despejado,No,NO APLICA,99,99,99,99,1,24/12/2022,1
9,Connecticut,90246,0,0,1,0,3,HARTFORD (3),365,MANCHESTER,10,Octubre,31,2022,20,57,GREEN RD,5,Calle Local - Pueblo,Urbano,Local,Town or Township Highway Agency,0,Sin jurisdiccion especial,3,41.79125278,-72.51699167,Banqueta,El primer evento no fue una colision con un vehiculo automotor en transporte,Not an Intersection,No fue interseccion,Sobre el lado de la calle,Ninguna,Oscuro con iluminacion,Despejado,No,NO APLICA,99,99,99,99,1,31/10/2022,1
9,Connecticut,90247,0,0,1,0,5,LITCHFIELD (5),817,WATERTOWN,12,Diciembre,1,2022,23,45,FALLS AV NO 1,5,Calle Local - Pueblo,Urbano,Arteria Menor,Town or Township Highway Agency,0,Sin jurisdiccion especial,0,41.58769722,-73.07753889,Alguien se cayo/avento del vehiculo,El primer evento no fue una colision con un vehiculo automotor en transporte,Not an Intersection,No fue interseccion,Sobre calle,Ninguna,Oscuro - iluminacion desconocida,Despejado,No,NO APLICA,88,88,88,88,1,01/12/2022,3
9,Connecticut,90248,0,0,1,0,3,HARTFORD (3),555,PLAINVILLE,6,Junio,10,2022,22,42,I-84,1,Interestatal,Urbano,Interestatal,State Highway Agency,1,Sin jurisdiccion especial,503,41.66955833,-72.824525,Valla Ferrocarril,El primer evento no fue una colision con un vehiculo automotor en transporte,Not an Intersection,No fue interseccion,En el medio,Ninguna,Oscuro con iluminacion,Despejado,No,NO APLICA,22,42,22,56,2,10/06/2022,2