Estado,Nombre de Estado,Numero de Caso,Peatones,Personas _no_vehiculos,Vehiculos automotores,Vehiculos estacionados,Condado,Nombre Condado,Ciudad,Nombre Ciudad,Mes,Nombre Mes,Dia,Año,Hora,Minuto,Calle,Ruta,Nombre Ruta,Rural o Urbanoo,Sistema Funcional,Dueño Calle,Sistema Nacional Carreteras,Jurisdiccion Especial,Milla,Latitud,Longitud,Causa del Accidente,Tipo de Accidente,Tipo Interseccion,Columna1,Lugar en la calle,Zona de Trabajo,Luz,Clima,Autobus Escolar,Cruce de Trenes,Hora Notificacion,Minuto Notificacion,Hora Llegada,Minuto Llegada,Decesos,Fecha,PersonaVehiculo
9,Connecticut,90249,0,0,2,0,5,LITCHFIELD (5),450,NEW MILFORD,6,Junio,18,2022,14,49,US-7,2,US Highway,Urbano,Arteria Principal,State Highway Agency,1,Sin jurisdiccion especial,323,41.50368889,-73.41838889,Vehiculo en movimiento,Golpe Lateral - misma direccion,Not an Intersection,No fue interseccion,Sobre calle,Ninguna,Dia total,Despejado,No,NO APLICA,14,51,15,1,1,18/06/2022,2
9,Connecticut,90250,0,0,3,1,9,NEW HAVEN (9),810,WATERBURY,10,Octubre,18,2022,5,18,SR-73 WATERTOWN AVE,3,Highway estatal,Urbano,Arteria Principal,State Highway Agency,1,Sin jurisdiccion especial,28,41.57341389,-73.06408056,Vehiculo en movimiento,Golpe Lateral - direccion contraria,Not an Intersection,No fue interseccion,Sobre calle,Ninguna,Oscuro con iluminacion,Despejado,No,NO APLICA,99,99,99,99,1,18/10/2022,2
9,Connecticut,90251,0,0,3,0,9,NEW HAVEN (9),502,NORTH HAVEN,12,Diciembre,18,2022,20,42,I-91,1,Interestatal,Urbano,Interestatal,State Highway Agency,1,Sin jurisdiccion especial,49,41.349225,-72.867725,Vehiculo en movimiento,Frente a Detrás,Not an Intersection,No fue interseccion,Sobre calle,Ninguna,Oscuro con iluminacion,Despejado,No,NO APLICA,99,99,99,99,1,18/12/2022,3
9,Connecticut,90252,0,0,1,0,7,MIDDLESEX (7),160,CROMWELL,6,Junio,23,2022,15,42,SR-9,3,Highway estatal,Urbano,Arterial Principal -Freeway o ExpressWay,State Highway Agency,1,Sin jurisdiccion especial,269,41.59458056,-72.66764167,Poste o otros soportes,El primer evento no fue una colision con un vehiculo automotor en transporte,Not an Intersection,No fue interseccion,En el medio,Ninguna,Dia total,Despejado,No,NO APLICA,15,42,15,50,1,23/06/2022,1
9,Connecticut,90253,1,1,1,0,9,NEW HAVEN (9),267,HAMDEN,8,Agosto,2,2022,20,30,SR-10 DIXWELL AVE,3,Highway estatal,Urbano,Arteria Menor,State Highway Agency,0,Sin jurisdiccion especial,53,41.34041111,-72.93507222,Peaton,El primer evento no fue una colision con un vehiculo automotor en transporte,T-Intersection,Interseccion de T,Sobre calle,Ninguna,Oscuro - iluminacion desconocida,Despejado,No,NO APLICA,99,99,99,99,1,02/08/2022,1
9,Connecticut,90254,0,0,2,0,13,TOLLAND (13),785,VERNON,7,Julio,10,2022,13,38,SR-83 TALCOTTVILLE RD,3,Highway estatal,Urbano,Arteria Principal,State Highway Agency,1,Sin jurisdiccion especial,121,41.831325,-72.49426389,Vehiculo en movimiento,Angulo,Not an Intersection,No fue interseccion,Sobre calle,Ninguna,Dia total,Despejado,No,NO APLICA,99,99,99,99,1,10/07/2022,2
9,Connecticut,90255,2,2,1,0,1,FAIRFIELD (1),700,STAMFORD,12,Diciembre,3,2022,2,5,SR-137 WASHINGTON BLVD,3,Highway estatal,Urbano,Arteria Principal,State Highway Agency,1,Sin jurisdiccion especial,1,41.05298333,-73.54259167,Peaton,El primer evento no fue una colision con un vehiculo automotor en transporte,Four-Way Intersection,Interseccion de 4 direcciones,Sobre calle,Ninguna,Oscuro con iluminacion,Despejado,No,NO APLICA,99,99,99,99,2,03/12/2022,1
9,Connecticut,90256,0,0,1,0,1,FAIRFIELD (1),700,STAMFORD,12,Diciembre,20,2022,13,50,CUMMINGS PARK RD,8,Otro,Urbano,Local,Town or Township Highway Agency,0,Sin jurisdiccion especial,99999,41.043275,-73.52263889,Barrera de Cable,El primer evento no fue una colision con un vehiculo automotor en transporte,Not an Intersection,No fue interseccion,Sobre el lado de la calle,Ninguna,Dia total,Despejado,No,NO APLICA,13,51,13,59,1,20/12/2022,1
9,Connecticut,90257,0,0,1,0,9,NEW HAVEN (9),810,WATERBURY,8,Agosto,13,2022,4,54,EAST MAIN ST,5,Calle Local - Pueblo,Urbano,Arteria Menor,Town or Township Highway Agency,0,Sin jurisdiccion especial,8,41.55239444,-73.02574167,Banqueta,El primer evento no fue una colision con un vehiculo automotor en transporte,Not an Intersection,No fue interseccion,Sobre el lado de la calle,Ninguna,Oscuro sin iluminacion,Despejado,No,NO APLICA,99,99,99,99,1,13/08/2022,2
9,Connecticut,90258,0,0,1,0,3,HARTFORD (3),365,MANCHESTER,5,Mayo,15,2022,2,12,US-6 CENTER ST,2,US Highway,Urbano,Arteria Menor,State Highway Agency,0,Sin jurisdiccion especial,713,41.77415278,-72.54679722,Poste,El primer evento no fue una colision con un vehiculo automotor en transporte,Not an Intersection,No fue interseccion,Sobre el lado de la calle,Ninguna,Oscuro con iluminacion,lluvia,No,NO APLICA,99,99,99,99,1,15/05/2022,1
9,Connecticut,90259,0,0,1,0,3,HARTFORD (3),680,SOUTHINGTON,6,Junio,18,2022,11,35,I-84,1,Interestatal,Urbano,Interestatal,State Highway Agency,1,Sin jurisdiccion especial,434,41.59942222,-72.90248889,Arbol,El primer evento no fue una colision con un vehiculo automotor en transporte,Not an Intersection,No fue interseccion,Sobre el lado de la calle,Ninguna,Dia total,Despejado,No,NO APLICA,11,35,11,52,1,18/06/2022,2
9,Connecticut,90260,0,0,2,0,3,HARTFORD (3),365,MANCHESTER,7,Julio,10,2022,23,43,I-291,1,Interestatal,Urbano,Interestatal,State Highway Agency,1,Sin jurisdiccion especial,48,41.79885,-72.57955833,Vehiculo en movimiento,Frente a frente,Not an Intersection,No fue interseccion,Sobre calle,Ninguna,Oscuro con iluminacion,Despejado,No,NO APLICA,23,43,0,11,1,10/07/2022,2
9,Connecticut,90261,0,0,1,0,3,HARTFORD (3),90,BRISTOL,8,Agosto,20,2022,23,44,REDSTONE HILL RD,5,Calle Local - Pueblo,Urbano,Arteria Menor,Town or Township Highway Agency,0,Sin jurisdiccion especial,10,41.65789444,-72.90335833,Banqueta,El primer evento no fue una colision con un vehiculo automotor en transporte,Not an Intersection,No fue interseccion,Sobre el lado de la calle,Ninguna,Oscuro con iluminacion,Despejado,No,NO APLICA,23,45,23,55,1,20/08/2022,1
9,Connecticut,90262,0,0,2,0,3,HARTFORD (3),680,SOUTHINGTON,9,Septiembre,27,2022,18,23,SR-10,3,Highway estatal,Urbano,Arteria Principal,State Highway Agency,1,Sin jurisdiccion especial,264,41.62455556,-72.87313611,Vehiculo en movimiento,Angulo,T-Intersection,Interseccion de T,Sobre calle,Ninguna,Dia total,Despejado,No,NO APLICA,18,25,18,29,1,27/09/2022,2
9,Connecticut,90263,0,0,1,0,9,NEW HAVEN (9),810,WATERBURY,11,Noviembre,4,2022,20,19,SYLVAN AV,5,Calle Local - Pueblo,Urbano,Colector Mayor,Town or Township Highway Agency,0,Sin jurisdiccion especial,7,41.54028611,-73.02873333,Muro,El primer evento no fue una colision con un vehiculo automotor en transporte,Not an Intersection,No fue interseccion,Sobre el lado de la calle,Ninguna,Oscuro con iluminacion,Despejado,No,NO APLICA,99,99,99,99,1,04/11/2022,2
9,Connecticut,90264,1,1,1,0,9,NEW HAVEN (9),810,WATERBURY,11,Noviembre,1,2022,19,9,CHASE AV,5,Calle Local - Pueblo,Urbano,Arteria Menor,Town or Township Highway Agency,0,Sin jurisdiccion especial,7,41.57949722,-73.03034167,Peaton,El primer evento no fue una colision con un vehiculo automotor en transporte,Not an Intersection,No fue interseccion,Sobre calle,Ninguna,Oscuro con iluminacion,Despejado,No,NO APLICA,99,99,99,99,1,01/11/2022,3
9,Connecticut,90265,1,1,1,0,3,HARTFORD (3),680,SOUTHINGTON,8,Agosto,29,2022,19,59,SR-10 QUEEN ST,3,Highway estatal,Urbano,Arteria Principal,State Highway Agency,1,Sin jurisdiccion especial,268,41.62973611,-72.87375556,Peaton,El primer evento no fue una colision con un vehiculo automotor en transporte,T-Intersection,Interseccion de T,Sobre calle,Ninguna,Oscuro con iluminacion,Despejado,No,NO APLICA,19,59,20,8,1,29/08/2022,4
9,Connecticut,90266,0,0,2,0,7,MIDDLESEX (7),380,MIDDLETOWN,11,Noviembre,3,2022,16,31,SR-66 WASHINGTON ST,3,Highway estatal,Urbano,Arteria Principal,State Highway Agency,1,Sin jurisdiccion especial,44,41.54989167,-72.69121667,Vehiculo en movimiento,Angulo,Not an Intersection,No fue interseccion,Sobre calle,Ninguna,Dia total,Despejado,No,NO APLICA,99,99,99,99,1,03/11/2022,2
9,Connecticut,90267,1,1,1,0,3,HARTFORD (3),365,MANCHESTER,2,Febrero,2,2022,17,37,NEW STATE RD,5,Calle Local - Pueblo,Urbano,Arteria Menor,Town or Township Highway Agency,0,Sin jurisdiccion especial,3,41.78451111,-72.55544167,Peaton,El primer evento no fue una colision con un vehiculo automotor en transporte,T-Intersection,Interseccion de T,Sobre calle,Ninguna,Oscuro con iluminacion,Despejado,No,NO APLICA,99,99,99,99,1,02/02/2022,1
9,Connecticut,90268,0,0,2,0,1,FAIRFIELD (1),80,BRIDGEPORT,6,Junio,15,2022,17,47,KOSSUTH ST,5,Calle Local - Pueblo,Urbano,Local,Town or Township Highway Agency,0,Sin jurisdiccion especial,3,41.19456111,-73.182,Vehiculo en movimiento,Angulo,Four-Way Intersection,Interseccion de 4 direcciones,Sobre calle,Ninguna,Dia total,Despejado,No,NO APLICA,99,99,99,99,1,15/06/2022,3
9,Connecticut,90269,0,0,1,0,1,FAIRFIELD (1),170,DANBURY,6,Junio,30,2022,1,54,BARNUM RD,5,Calle Local - Pueblo,Urbano,Colector Mayor,Town or Township Highway Agency,0,Sin jurisdiccion especial,5,41.43797222,-73.47929444,Arbol,El primer evento no fue una colision con un vehiculo automotor en transporte,Not an Intersection,No fue interseccion,Sobre el lado de la calle,Ninguna,Oscuro sin iluminacion,Despejado,No,NO APLICA,99,99,99,99,1,30/06/2022,1
9,Connecticut,90270,0,0,1,0,3,HARTFORD (3),420,NEW BRITAIN,6,Junio,26,2022,20,9,WHITING ST,5,Calle Local - Pueblo,Urbano,Colector Mayor,Town or Township Highway Agency,0,Sin jurisdiccion especial,2,41.66121389,-72.78047222,Banqueta,El primer evento no fue una colision con un vehiculo automotor en transporte,Not an Intersection,No fue interseccion,Sobre el lado de la calle,Ninguna,Dia total,Despejado,No,NO APLICA,20,9,20,12,1,26/06/2022,1
9,Connecticut,90272,1,1,1,0,3,HARTFORD (3),420,NEW BRITAIN,8,Agosto,20,2022,1,8,SR-71 SOUTH MAIN ST,3,Highway estatal,Urbano,Arteria Principal,State Highway Agency,1,Sin jurisdiccion especial,131,41.65915278,-72.77814444,Peaton,El primer evento no fue una colision con un vehiculo automotor en transporte,Not an Intersection,No fue interseccion,Sobre calle,Ninguna,Oscuro con iluminacion,Despejado,No,NO APLICA,1,15,1,18,1,20/08/2022,1
9,Connecticut,90273,0,0,1,0,9,NEW HAVEN (9),49,BETHANY,12,Diciembre,24,2022,3,0,SR-69 CARRINGTON RD,3,Highway estatal,Urbano,Arteria Principal,State Highway Agency,1,Sin jurisdiccion especial,72,41.43541389,-72.97446389,Volcadura,El primer evento no fue una colision con un vehiculo automotor en transporte,Not an Intersection,No fue interseccion,Sobre el lado de la calle,Ninguna,Oscuro sin iluminacion,Despejado,No,NO APLICA,99,99,99,99,1,24/12/2022,3
9,Connecticut,90274,1,1,1,0,9,NEW HAVEN (9),430,NEW HAVEN,5,Mayo,22,2022,20,20,SR-337,3,Highway estatal,Urbano,Arteria Menor,State Highway Agency,0,Sin jurisdiccion especial,20,41.26188333,-72.89419444,Ciclista,El primer evento no fue una colision con un vehiculo automotor en transporte,Not an Intersection,No fue interseccion,Sobre calle,Ninguna,Dia total,Despejado,No,NO APLICA,99,99,99,99,1,22/05/2022,1
9,Connecticut,90275,0,0,1,0,13,TOLLAND (13),368,MANSFIELD CENTER,9,Septiembre,16,2022,14,43,BIG Y PLAZA PARKING LOT,8,Otro,Trafficway Not in State Inventory,Via no en inventario estatal,Trafficway Not in State Inventory,0,Sin jurisdiccion especial,99999,41.73710556,-72.198875,Banqueta,El primer evento no fue una colision con un vehiculo automotor en transporte,Not an Intersection,No fue interseccion,Fuera de la calle,Ninguna,Dia total,Despejado,No,NO APLICA,99,99,99,99,1,16/09/2022,1
9,Connecticut,90276,0,0,2,0,3,HARTFORD (3),842,WINDSOR,6,Junio,15,2022,10,16,SR-305 BLOOMFIELD AVE,3,Highway estatal,Urbano,Arteria Menor,State Highway Agency,0,Sin jurisdiccion especial,20,41.8545,-72.67115833,Vehiculo en movimiento,Angulo,Not an Intersection,No fue interseccion,Sobre calle,Ninguna,Dia total,Despejado,No,NO APLICA,99,99,99,99,1,15/06/2022,3
9,Connecticut,90277,0,0,1,0,7,MIDDLESEX (7),822,WESTBROOK,10,Octubre,2,2022,17,22,FLAT ROCK PL,5,Calle Local - Pueblo,Urbano,Local,Town or Township Highway Agency,0,Sin jurisdiccion especial,1,41.28978056,-72.44425833,Buzon de correo,El primer evento no fue una colision con un vehiculo automotor en transporte,Not an Intersection,No fue interseccion,Sobre el lado de la calle,Ninguna,Dia total,Despejado,No,NO APLICA,99,99,99,99,1,02/10/2022,2
9,Connecticut,90278,0,0,2,0,9,NEW HAVEN (9),430,NEW HAVEN,10,Octubre,30,2022,11,15,EASTERN ST,5,Calle Local - Pueblo,Urbano,Colector Mayor,Town or Township Highway Agency,0,Sin jurisdiccion especial,6,41.31495278,-72.87326111,Vehiculo en movimiento,Frente a frente,Not an Intersection,No fue interseccion,Sobre calle,Ninguna,Dia total,Despejado,No,NO APLICA,99,99,99,99,1,30/10/2022,3
9,Connecticut,90279,1,1,1,0,9,NEW HAVEN (9),430,NEW HAVEN,11,Noviembre,27,2022,21,20,GOFFE ST,5,Calle Local - Pueblo,Urbano,Arteria Menor,Town or Township Highway Agency,0,Sin jurisdiccion especial,3,41.31799444,-72.93797222,Peaton,El primer evento no fue una colision con un vehiculo automotor en transporte,Four-Way Intersection,Interseccion de 4 direcciones,Sobre calle,Ninguna,Oscuro con iluminacion,lluvia,No,NO APLICA,99,99,99,99,1,27/11/2022,1
9,Connecticut,90280,1,1,1,0,9,NEW HAVEN (9),495,NORTH BRANFORD,11,Noviembre,22,2022,14,36,CENTRAL PLAZA SC ACCESS RD,8,Otro,Trafficway Not in State Inventory,Via no en inventario estatal,Trafficway Not in State Inventory,0,Sin jurisdiccion especial,99999,41.32474444,-72.77190556,Peaton,El primer evento no fue una colision con un vehiculo automotor en transporte,Not an Intersection,No fue interseccion,Sobre calle,Ninguna,Dia total,Despejado,No,NO APLICA,99,99,99,99,1,22/11/2022,1
9,Connecticut,90281,0,0,1,0,11,NEW LONDON (11),520,NORWICH,12,Diciembre,29,2022,16,16,I-395,1,Interestatal,Urbano,Interestatal,State Highway Agency,1,Sin jurisdiccion especial,0,41.55316111,-72.10516389,Poste de Señal de trafico,El primer evento no fue una colision con un vehiculo automotor en transporte,Not an Intersection,No fue interseccion,Sobre el lado de la calle,Ninguna,Dia total,Despejado,No,NO APLICA,99,99,99,99,1,29/12/2022,1
9,Connecticut,90282,0,0,2,0,9,NEW HAVEN (9),222,EAST HAVEN,6,Junio,30,2022,9,44,US-1 SALTONSTALL PKWY,2,US Highway,Urbano,Arteria Principal,State Highway Agency,1,Sin jurisdiccion especial,521,41.27745,-72.86225833,Vehiculo en movimiento,Angulo,T-Intersection,Interseccion de T,Sobre calle,Ninguna,Dia total,Despejado,No,NO APLICA,99,99,99,99,1,30/06/2022,3
9,Connecticut,90283,0,0,1,0,3,HARTFORD (3),46,BERLIN,9,Septiembre,17,2022,12,42,SR-71A-N CHAMBERLIN HWY,3,Highway estatal,Urbano,Arteria Menor,State Highway Agency,0,Sin jurisdiccion especial,8,41.62368333,-72.79345,Valla Ferrocarril,El primer evento no fue una colision con un vehiculo automotor en transporte,Not an Intersection,No fue interseccion,Sobre el lado de la calle,Ninguna,Dia total,Despejado,No,NO APLICA,99,99,99,99,1,17/09/2022,1
9,Connecticut,90284,2,2,1,0,3,HARTFORD (3),280,HARTFORD,11,Noviembre,23,2022,6,30,SR-187 BLUE HILLS AVE,3,Highway estatal,Urbano,Arteria Menor,State Highway Agency,0,Sin jurisdiccion especial,9,41.79603889,-72.69651111,Peaton,El primer evento no fue una colision con un vehiculo automotor en transporte,Four-Way Intersection,Interseccion de 4 direcciones,Sobre calle,Ninguna,Dia total,Despejado,No,NO APLICA,6,30,99,99,2,23/11/2022,1
9,Connecticut,90285,1,1,1,0,15,WINDHAM (15),749,THOMPSON,10,Octubre,4,2022,19,31,I-395,1,Interestatal,Urbano,Interestatal,State Highway Agency,1,Sin jurisdiccion especial,544,42.020075,-71.85976944,Peaton,El primer evento no fue una colision con un vehiculo automotor en transporte,Not an Intersection,No fue interseccion,Sobre calle,Ninguna,Oscuro sin iluminacion,lluvia,No,NO APLICA,99,99,99,99,1,04/10/2022,1
9,Connecticut,90286,1,1,1,0,5,LITCHFIELD (5),450,NEW MILFORD,10,Octubre,6,2022,21,26,US-7,2,US Highway,Urbano,Arteria Principal,State Highway Agency,1,Sin jurisdiccion especial,355,41.55020556,-73.418075,Peaton,El primer evento no fue una colision con un vehiculo automotor en transporte,Not an Intersection,No fue interseccion,Sobre calle,Ninguna,Oscuro sin iluminacion,Despejado,No,NO APLICA,21,29,21,34,1,06/10/2022,1
9,Connecticut,90287,0,0,1,0,3,HARTFORD (3),680,SOUTHINGTON,5,Mayo,24,2022,12,39,I-691,1,Interestatal,Urbano,Interestatal,State Highway Agency,1,Sin jurisdiccion especial,58,41.55491667,-72.86841667,Poste o otros soportes,El primer evento no fue una colision con un vehiculo automotor en transporte,Not an Intersection,No fue interseccion,En el medio,Ninguna,Dia total,Despejado,No,NO APLICA,99,99,99,99,1,24/05/2022,1
9,Connecticut,90288,0,0,1,0,5,LITCHFIELD (5),760,WEST TORRINGTON,3,Marzo,23,2022,13,26,SR-8,3,Highway estatal,Urbano,Arterial Principal -Freeway o ExpressWay,State Highway Agency,1,Sin jurisdiccion especial,523,41.83708056,-73.09971667,Acotamiento,El primer evento no fue una colision con un vehiculo automotor en transporte,Not an Intersection,No fue interseccion,Sobre el lado de la calle,Ninguna,Dia total,Nublado,No,NO APLICA,99,99,99,99,1,23/03/2022,1
9,Connecticut,90289,1,1,1,0,9,NEW HAVEN (9),810,WATERBURY,11,Noviembre,5,2022,20,44,EAST MAIN ST,5,Calle Local - Pueblo,Urbano,Arteria Menor,Town or Township Highway Agency,0,Sin jurisdiccion especial,6,41.55396389,-73.02963333,Peaton,El primer evento no fue una colision con un vehiculo automotor en transporte,T-Intersection,Interseccion de T,Sobre calle,Ninguna,Oscuro con iluminacion,Despejado,No,NO APLICA,99,99,99,99,1,05/11/2022,2
9,Connecticut,90290,0,0,2,0,11,NEW LONDON (11),339,LEDYARD,2,Febrero,8,2022,6,25,SR-117 CENTER GROTON RD,3,Highway estatal,Urbano,Arteria Menor,State Highway Agency,0,Sin jurisdiccion especial,43,41.40214444,-72.02546667,Vehiculo en movimiento,Frente a frente,Not an Intersection,No fue interseccion,Sobre calle,Ninguna,Amanecer,Despejado,No,NO APLICA,6,30,6,35,1,08/02/2022,2
9,Connecticut,90291,0,0,3,0,3,HARTFORD (3),686,SOUTH WINDSOR,10,Octubre,11,2022,16,31,SR-194 SULLIVAN AVE,3,Highway estatal,Urbano,Arteria Menor,State Highway Agency,0,Sin jurisdiccion especial,7,41.85408333,-72.58927222,Vehiculo en movimiento,Frente a frente,T-Intersection,Interseccion de T,Sobre calle,Ninguna,Dia total,Despejado,No,NO APLICA,99,99,99,99,1,11/10/2022,3
9,Connecticut,90292,1,1,1,0,1,FAIRFIELD (1),700,STAMFORD,3,Marzo,23,2022,6,18,I-95 EXIT 9,1,Interestatal,Urbano,Interestatal,State Highway Agency,1,Sin jurisdiccion especial,2,41.0585,-73.51290833,Peaton,El primer evento no fue una colision con un vehiculo automotor en transporte,T-Intersection,Interseccion de T,Sobre calle,Ninguna,Dia total,Despejado,No,NO APLICA,6,18,6,25,1,23/03/2022,1
9,Connecticut,90293,0,0,3,0,11,NEW LONDON (11),339,LEDYARD,9,Septiembre,20,2022,16,0,SR-12,3,Highway estatal,Urbano,Arteria Menor,State Highway Agency,0,Sin jurisdiccion especial,62,41.44641111,-72.07666667,Vehiculo en movimiento,Golpe Lateral - direccion contraria,Not an Intersection,No fue interseccion,Sobre calle,Ninguna,Dia total,Despejado,No,NO APLICA,16,0,16,4,1,20/09/2022,5
9,Connecticut,90294,1,1,1,0,9,NEW HAVEN (9),538,ORANGE,6,Junio,23,2022,11,59,OLD TAVERN RD,5,Calle Local - Pueblo,Urbano,Arteria Menor,Town or Township Highway Agency,0,Sin jurisdiccion especial,1,41.26781944,-73.00170833,Peaton,El primer evento no fue una colision con un vehiculo automotor en transporte,Not an Intersection,No fue interseccion,Sobre calle,Ninguna,Dia total,Nublado,No,NO APLICA,12,0,12,0,1,23/06/2022,1
9,Connecticut,90295,1,1,7,6,11,NEW LONDON (11),520,NORWICH,12,Diciembre,22,2022,16,33,HICKORY ST,5,Calle Local - Pueblo,Urbano,Local,Town or Township Highway Agency,0,Sin jurisdiccion especial,4,41.53117778,-72.06185278,Peaton,El primer evento no fue una colision con un vehiculo automotor en transporte,Four-Way Intersection,Interseccion de 4 direcciones,Sobre calle,Ninguna,Oscuro con iluminacion,lluvia,No,NO APLICA,16,35,16,41,1,22/12/2022,1
9,Connecticut,90296,0,0,1,0,9,NEW HAVEN (9),370,MERIDEN,5,Mayo,12,2022,15,16,HALL AV,5,Calle Local - Pueblo,Urbano,Colector Mayor,Town or Township Highway Agency,0,Sin jurisdiccion especial,2,41.52166667,-72.80776944,Banqueta,El primer evento no fue una colision con un vehiculo automotor en transporte,Not an Intersection,No fue interseccion,Sobre el lado de la calle,Ninguna,Dia total,Despejado,No,NO APLICA,99,99,99,99,1,12/05/2022,1
9,Connecticut,90297,0,0,1,0,9,NEW HAVEN (9),810,WATERBURY,10,Octubre,28,2022,99,99,NORTH MAIN ST,5,Calle Local - Pueblo,Rural,Arteria Menor,Town or Township Highway Agency,0,Sin jurisdiccion especial,29,41.59172778,-73.02777778,Fin de valla,El primer evento no fue una colision con un vehiculo automotor en transporte,T-Intersection,Interseccion de T,Sobre el lado de la calle,Ninguna,Reportada como desconocida,Despejado,No,NO APLICA,9,18,9,30,1,28/10/2022,2
9,Connecticut,90298,0,0,2,0,5,LITCHFIELD (5),740,THOMASTON,9,Septiembre,18,2022,16,51,SR-109 BRANCH RD,3,Highway estatal,Urbano,Colector Mayor,State Highway Agency,0,Sin jurisdiccion especial,184,41.66753333,-73.13221667,Vehiculo en movimiento,Frente a frente,Not an Intersection,No fue interseccion,Sobre calle,Ninguna,Dia total,Despejado,No,NO APLICA,99,99,99,99,1,18/09/2022,3
9,Connecticut,90299,0,0,2,0,9,NEW HAVEN (9),810,WATERBURY,6,Junio,14,2022,17,34,SR-847 SOUTH MAIN ST,3,Highway estatal,Urbano,Arteria Principal,State Highway Agency,1,Sin jurisdiccion especial,29,41.55065833,-73.03903889,Volcadura,El primer evento no fue una colision con un vehiculo automotor en transporte,Not an Intersection,No fue interseccion,Sobre calle,Ninguna,Dia total,Despejado,No,NO APLICA,17,35,17,42,1,14/06/2022,3
9,Connecticut,90301,1,1,1,0,3,HARTFORD (3),823,WEST HARTFORD,12,Diciembre,20,2022,16,59,BOULEVARD,5,Calle Local - Pueblo,Urbano,Arteria Menor,Town or Township Highway Agency,0,Sin jurisdiccion especial,23,41.75946667,-72.72396944,Peaton,El primer evento no fue una colision con un vehiculo automotor en transporte,Four-Way Intersection,Interseccion de 4 direcciones,Sobre calle,Ninguna,Atardecer,Despejado,No,NO APLICA,99,99,99,99,1,20/12/2022,1
9,Connecticut,90302,0,0,2,0,9,NEW HAVEN (9),790,WALLINGFORD,6,Junio,27,2022,2,12,I-91,1,Interestatal,Urbano,Interestatal,State Highway Agency,1,Sin jurisdiccion especial,113,41.42498056,-72.82210556,Vehiculo en movimiento,Frente a Detrás,Not an Intersection,No fue interseccion,Sobre calle,Ninguna,Oscuro sin iluminacion,Despejado,No,NO APLICA,2,12,2,26,1,27/06/2022,2
9,Connecticut,90303,0,0,3,0,3,HARTFORD (3),255,GLASTONBURY,7,Julio,19,2022,10,11,SR-3,3,Highway estatal,Urbano,Arterial Principal -Freeway o ExpressWay,State Highway Agency,1,Sin jurisdiccion especial,129,41.72326667,-72.62528333,Vehiculo en movimiento,Frente a Detrás,Not an Intersection,No fue interseccion,Sobre calle,Construccion,Dia total,Despejado,No,NO APLICA,10,12,10,16,1,19/07/2022,6
9,Connecticut,90304,0,0,2,0,3,HARTFORD (3),555,PLAINVILLE,7,Julio,31,2022,13,18,I-84,1,Interestatal,Urbano,Interestatal,State Highway Agency,1,Sin jurisdiccion especial,503,41.66860556,-72.82380556,Vehiculo en movimiento,Frente a Detrás,Not an Intersection,No fue interseccion,Sobre calle,Ninguna,Dia total,Despejado,No,NO APLICA,13,18,13,25,1,31/07/2022,2
9,Connecticut,90306,0,0,2,0,3,HARTFORD (3),255,GLASTONBURY,9,Septiembre,25,2022,18,52,SR-94,3,Highway estatal,Urbano,Arteria Principal,State Highway Agency,1,Sin jurisdiccion especial,4,41.7142,-72.59568056,Vehiculo en movimiento,Angulo,T-Intersection,Interseccion de T,Sobre calle,Ninguna,Atardecer,Despejado,No,NO APLICA,18,52,19,1,2,25/09/2022,4
9,Connecticut,90307,0,0,1,0,9,NEW HAVEN (9),200,DERBY,11,Noviembre,9,2022,19,33,SEYMOUR AV,5,Calle Local - Pueblo,Urbano,Arteria Menor,Town or Township Highway Agency,0,Sin jurisdiccion especial,6,41.33587222,-73.09011944,Volcadura,El primer evento no fue una colision con un vehiculo automotor en transporte,Not an Intersection,No fue interseccion,Sobre calle,Ninguna,Oscuro con iluminacion,Despejado,No,NO APLICA,19,34,19,37,1,09/11/2022,1
9,Connecticut,90308,1,1,1,0,9,NEW HAVEN (9),825,WEST HAVEN,11,Noviembre,7,2022,10,11,SAVIN AV,5,Calle Local - Pueblo,Urbano,Local,Town or Township Highway Agency,0,Sin jurisdiccion especial,2,41.272125,-72.952225,Peaton,El primer evento no fue una colision con un vehiculo automotor en transporte,Not an Intersection,No fue interseccion,Sobre calle,Ninguna,Dia total,Despejado,No,NO APLICA,10,12,10,14,1,07/11/2022,1
9,Connecticut,90309,0,0,1,0,15,WINDHAM (15),749,THOMPSON,10,Octubre,29,2022,19,48,QUADDICK TOWN FARM RD,6,Calle Local Municipalidad,Rural,Colector Menor,Town or Township Highway Agency,0,Sin jurisdiccion especial,5,41.99733611,-71.81004444,Buzon de correo,El primer evento no fue una colision con un vehiculo automotor en transporte,Not an Intersection,No fue interseccion,Sobre el lado de la calle,Ninguna,Oscuro con iluminacion,Despejado,No,NO APLICA,88,88,88,88,1,29/10/2022,1
9,Connecticut,90310,1,1,1,0,3,HARTFORD (3),555,PLAINVILLE,12,Diciembre,16,2022,18,46,SR-10,3,Highway estatal,Urbano,Arteria Principal,State Highway Agency,0,Sin jurisdiccion especial,297,41.67054722,-72.86035278,Peaton,El primer evento no fue una colision con un vehiculo automotor en transporte,Four-Way Intersection,Interseccion de 4 direcciones,Sobre calle,Ninguna,Oscuro con iluminacion,lluvia,No,NO APLICA,99,99,99,99,1,16/12/2022,1