Estado,Nombre de Estado,Numero de Caso,Peatones,Personas _no_vehiculos,Vehiculos automotores,Vehiculos estacionados,Condado,Nombre Condado,Ciudad,Nombre Ciudad,Mes,Nombre Mes,Dia,Año,Hora,Minuto,Calle,Ruta,Nombre Ruta,Rural o Urbanoo,Sistema Funcional,Dueño Calle,Sistema Nacional Carreteras,Jurisdiccion Especial,Milla,Latitud,Longitud,Causa del Accidente,Tipo de Accidente,Tipo Interseccion,Columna1,Lugar en la calle,Zona de Trabajo,Luz,Clima,Autobus Escolar,Cruce de Trenes,Hora Notificacion,Minuto Notificacion,Hora Llegada,Minuto Llegada,Decesos,Fecha,PersonaVehiculo
9,Connecticut,90311,1,1,1,0,3,HARTFORD (3),823,WEST HARTFORD,12,Diciembre,21,2022,17,5,MOHEGAN DR,5,Calle Local - Pueblo,Urbano,Colector Mayor,Town or Township Highway Agency,0,Sin jurisdiccion especial,9,41.79935556,-72.73541944,Peaton,El primer evento no fue una colision con un vehiculo automotor en transporte,Not an Intersection,No fue interseccion,Sobre calle,Ninguna,Oscuro sin iluminacion,Despejado,No,NO APLICA,99,99,99,99,1,21/12/2022,1
9,Connecticut,90312,1,1,1,0,9,NEW HAVEN (9),810,WATERBURY,10,Octubre,21,2022,6,0,BALDWIN ST NO 1,5,Calle Local - Pueblo,Urbano,Arteria Menor,Town or Township Highway Agency,0,Sin jurisdiccion especial,11,41.53905556,-73.03353889,Peaton,El primer evento no fue una colision con un vehiculo automotor en transporte,Not an Intersection,No fue interseccion,Sobre calle,Ninguna,Oscuro con iluminacion,Despejado,No,NO APLICA,6,2,6,8,1,21/10/2022,1
9,Connecticut,90313,0,0,2,0,9,NEW HAVEN (9),810,WATERBURY,10,Octubre,27,2022,6,20,SR-844  MERIDEN RD,3,Highway estatal,Urbano,Arteria Menor,State Highway Agency,0,Sin jurisdiccion especial,12,41.55219722,-72.98710556,Vehiculo en movimiento,Frente a frente,Not an Intersection,No fue interseccion,Sobre calle,Ninguna,Oscuro sin iluminacion,Despejado,No,NO APLICA,6,20,6,42,1,27/10/2022,2
9,Connecticut,90314,0,0,1,0,3,HARTFORD (3),845,WINDSOR LOCKS,10,Octubre,16,2022,2,32,I-91,1,Interestatal,Urbano,Interestatal,State Highway Agency,1,Sin jurisdiccion especial,496,41.91522222,-72.62825833,Valla Ferrocarril,El primer evento no fue una colision con un vehiculo automotor en transporte,Not an Intersection,No fue interseccion,Sobre el lado de la calle,Ninguna,Oscuro con iluminacion,Despejado,No,NO APLICA,99,99,99,99,1,16/10/2022,4
9,Connecticut,90315,0,0,2,0,1,FAIRFIELD (1),460,NEWTOWN,6,Junio,25,2022,17,19,SR-302 SUGAR ST,3,Highway estatal,Urbano,Arteria Menor,State Highway Agency,0,Sin jurisdiccion especial,47,41.37558056,-73.34480278,Volcadura,El primer evento no fue una colision con un vehiculo automotor en transporte,Not an Intersection,No fue interseccion,Sobre calle,Ninguna,Dia total,Despejado,No,NO APLICA,99,99,99,99,1,25/06/2022,2
9,Connecticut,90316,0,0,2,1,9,NEW HAVEN (9),430,NEW HAVEN,6,Junio,9,2022,1,40,SR-63 AMITY RD,3,Highway estatal,Urbano,Arteria Principal,State Highway Agency,0,Sin jurisdiccion especial,13,41.33490556,-72.97723333,Banqueta,El primer evento no fue una colision con un vehiculo automotor en transporte,T-Intersection,Interseccion de T,Sobre el lado de la calle,Ninguna,Oscuro con iluminacion,Nublado,No,NO APLICA,99,99,99,99,1,09/06/2022,1
9,Connecticut,90317,0,0,1,0,15,WINDHAM (15),99,BROOKLYN,7,Julio,26,2022,11,56,US-6 PROVIDENCE RD,2,US Highway,Urbano,Arteria Principal,State Highway Agency,1,Sin jurisdiccion especial,1086,41.79624167,-71.93156389,Banqueta,El primer evento no fue una colision con un vehiculo automotor en transporte,Not an Intersection,No fue interseccion,Sobre el lado de la calle,Ninguna,Dia total,Despejado,No,NO APLICA,11,56,12,2,1,26/07/2022,1
9,Connecticut,90318,0,0,2,0,5,LITCHFIELD (5),572,PLYMOUTH,9,Septiembre,18,2022,12,1,US-6 MAIN ST,2,US Highway,Urbano,Arteria Principal,State Highway Agency,1,Sin jurisdiccion especial,433,41.68039722,-73.01730278,Vehiculo en movimiento,Frente a frente,Not an Intersection,No fue interseccion,Sobre calle,Ninguna,Dia total,Despejado,No,NO APLICA,99,99,99,99,1,18/09/2022,3
9,Connecticut,90321,0,0,3,0,9,NEW HAVEN (9),810,WATERBURY,2,Febrero,4,2022,1,23,SR-847,3,Highway estatal,Urbano,Arteria Menor,State Highway Agency,0,Sin jurisdiccion especial,54,41.57866944,-73.04988056,Vehiculo en movimiento,Angulo,Not an Intersection,No fue interseccion,Sobre calle,Ninguna,Oscuro sin iluminacion,lluvia,No,NO APLICA,1,23,1,34,1,04/02/2022,4
9,Connecticut,90322,0,0,2,0,3,HARTFORD (3),686,SOUTH WINDSOR,9,Septiembre,30,2022,3,20,SR-194 SULLIVAN AVE,3,Highway estatal,Urbano,Arteria Menor,State Highway Agency,0,Sin jurisdiccion especial,3,41.85642778,-72.59679167,Vehiculo en movimiento,Angulo,T-Intersection,Interseccion de T,Sobre calle,Ninguna,Oscuro con iluminacion,Despejado,No,NO APLICA,99,99,99,99,1,30/09/2022,2
9,Connecticut,90323,0,0,3,0,9,NEW HAVEN (9),430,NEW HAVEN,10,Octubre,1,2022,8,33,I-91,1,Interestatal,Urbano,Interestatal,State Highway Agency,1,Sin jurisdiccion especial,27,41.32193333,-72.88631389,Vehiculo en movimiento,Frente a Detrás,Not an Intersection,No fue interseccion,Sobre calle,Ninguna,Dia total,lluvia,No,NO APLICA,99,99,99,99,1,01/10/2022,7
9,Connecticut,90324,0,0,3,1,3,HARTFORD (3),280,HARTFORD,3,Marzo,29,2022,23,34,BARBOUR ST,6,Calle Local Municipalidad,Urbano,Arteria Menor,Town or Township Highway Agency,0,Sin jurisdiccion especial,2,41.78796389,-72.67880278,Vehiculo en movimiento,Angulo,Four-Way Intersection,Interseccion de 4 direcciones,Sobre calle,Ninguna,Oscuro con iluminacion,Despejado,No,NO APLICA,99,99,99,99,1,29/03/2022,3
9,Connecticut,90325,0,0,1,0,3,HARTFORD (3),630,ROCKY HILL,9,Septiembre,18,2022,15,49,I-91,1,Interestatal,Urbano,Interestatal,State Highway Agency,1,Sin jurisdiccion especial,314,41.67464167,-72.65889722,Muro,El primer evento no fue una colision con un vehiculo automotor en transporte,Not an Intersection,No fue interseccion,Sobre el lado de la calle,Ninguna,Dia total,Despejado,No,NO APLICA,99,99,99,99,1,18/09/2022,2
9,Connecticut,90326,0,0,1,0,3,HARTFORD (3),680,SOUTHINGTON,12,Diciembre,4,2022,5,2,SR-10,3,Highway estatal,Urbano,Arteria Principal,State Highway Agency,1,Sin jurisdiccion especial,236,41.58838333,-72.88695556,Banqueta,El primer evento no fue una colision con un vehiculo automotor en transporte,Not an Intersection,No fue interseccion,Sobre el lado de la calle,Ninguna,Oscuro con iluminacion,Despejado,No,NO APLICA,5,5,5,8,1,04/12/2022,1
9,Connecticut,90327,1,1,1,0,1,FAIRFIELD (1),80,BRIDGEPORT,11,Noviembre,8,2022,17,26,WASHINGTON AV,6,Calle Local Municipalidad,Urbano,Arteria Menor,Town or Township Highway Agency,0,Sin jurisdiccion especial,2,41.17806667,-73.19656389,Peaton,El primer evento no fue una colision con un vehiculo automotor en transporte,Four-Way Intersection,Interseccion de 4 direcciones,Sobre calle,Ninguna,Oscuro con iluminacion,Despejado,No,NO APLICA,99,99,99,99,1,08/11/2022,1
9,Connecticut,90328,0,0,2,0,3,HARTFORD (3),237,FARMINGTON,11,Noviembre,9,2022,9,57,SR-4,3,Highway estatal,Urbano,Arteria Principal,State Highway Agency,1,Sin jurisdiccion especial,388,41.75788611,-72.88704722,Vehiculo en movimiento,Angulo,"Five Point, or More",5 Puntos o mas,Sobre calle,Ninguna,Dia total,Despejado,No,NO APLICA,99,99,99,99,1,09/11/2022,3
9,Connecticut,90329,0,1,2,1,3,HARTFORD (3),225,EAST HARTFORD,11,Noviembre,16,2022,9,6,I-84,1,Interestatal,Urbano,Interestatal,State Highway Agency,1,Sin jurisdiccion especial,635,41.76524722,-72.65332778,Vehiculo Aparcado,El primer evento no fue una colision con un vehiculo automotor en transporte,Not an Intersection,No fue interseccion,Sobre Acotamiento,Ninguna,Dia total,lluvia,No,NO APLICA,99,99,99,99,1,16/11/2022,1
9,Connecticut,90330,0,0,2,0,3,HARTFORD (3),842,WINDSOR,9,Septiembre,23,2022,0,34,I-91,1,Interestatal,Urbano,Interestatal,State Highway Agency,1,Sin jurisdiccion especial,459,41.86997222,-72.66246667,Vehiculo en movimiento,Frente a frente,Not an Intersection,No fue interseccion,Sobre calle,Ninguna,Oscuro con iluminacion,Despejado,No,NO APLICA,99,99,99,99,2,23/09/2022,3
9,Connecticut,90331,0,0,2,0,7,MIDDLESEX (7),380,MIDDLETOWN,11,Noviembre,5,2022,22,6,I-91,1,Interestatal,Urbano,Interestatal,State Highway Agency,1,Sin jurisdiccion especial,257,41.60108056,-72.70664167,Vehiculo en movimiento,Golpe Lateral - misma direccion,Not an Intersection,No fue interseccion,Sobre calle,Ninguna,Oscuro sin iluminacion,Nublado,No,NO APLICA,99,99,99,99,1,05/11/2022,2
9,Connecticut,90332,1,1,1,0,5,LITCHFIELD (5),450,NEW MILFORD,11,Noviembre,8,2022,17,11,US-7 DANBURY RD,2,US Highway,Urbano,Arteria Principal,State Highway Agency,0,Sin jurisdiccion especial,347,41.53877778,-73.42236389,Peaton,El primer evento no fue una colision con un vehiculo automotor en transporte,Not an Intersection,No fue interseccion,Sobre calle,Ninguna,Atardecer,Despejado,No,NO APLICA,17,14,17,20,1,08/11/2022,1
9,Connecticut,90333,0,0,7,0,3,HARTFORD (3),280,HARTFORD,12,Diciembre,5,2022,4,56,I-84,1,Interestatal,Urbano,Interestatal,State Highway Agency,1,Sin jurisdiccion especial,594,41.75008889,-72.7136,Vehiculo en movimiento,Frente a Detrás,Not an Intersection,No fue interseccion,Sobre calle,Ninguna,Oscuro con iluminacion,Despejado,No,NO APLICA,99,99,99,99,1,05/12/2022,8
9,Connecticut,90334,1,1,1,0,1,FAIRFIELD (1),700,STAMFORD,4,Abril,13,2022,19,59,US-1,2,US Highway,Urbano,Arteria Principal,State Highway Agency,0,Sin jurisdiccion especial,69,41.05104722,-73.54252778,Peaton,El primer evento no fue una colision con un vehiculo automotor en transporte,Four-Way Intersection,Interseccion de 4 direcciones,Sobre calle,Ninguna,Oscuro con iluminacion,Despejado,No,NO APLICA,20,1,20,4,1,13/04/2022,1
9,Connecticut,90335,0,0,2,0,1,FAIRFIELD (1),835,WESTPORT,5,Mayo,23,2022,16,18,SR-136 SAUGATUCK AVE,3,Highway estatal,Urbano,Arteria Menor,State Highway Agency,0,Sin jurisdiccion especial,74,41.10843333,-73.38161389,Vehiculo en movimiento,Frente a frente,Not an Intersection,No fue interseccion,Sobre calle,Ninguna,Dia total,Despejado,No,NO APLICA,16,18,99,99,1,23/05/2022,2
9,Connecticut,90336,0,0,2,0,7,MIDDLESEX (7),380,MIDDLETOWN,12,Diciembre,4,2022,21,29,SR-155 RANDOLPH RD,3,Highway estatal,Urbano,Arteria Menor,State Highway Agency,0,Sin jurisdiccion especial,9,41.53264722,-72.6419,Vehiculo en movimiento,Frente a frente,Four-Way Intersection,Interseccion de 4 direcciones,Sobre calle,Ninguna,Oscuro con iluminacion,Despejado,No,NO APLICA,99,99,99,99,1,04/12/2022,2
9,Connecticut,90337,1,1,1,0,9,NEW HAVEN (9),385,MILFORD,8,Agosto,6,2022,99,99,FLAX MILL LN,5,Calle Local - Pueblo,Urbano,Local,Town or Township Highway Agency,0,Sin jurisdiccion especial,0,41.25901944,-73.05464722,Peaton,El primer evento no fue una colision con un vehiculo automotor en transporte,Not an Intersection,No fue interseccion,Sobre calle,Ninguna,Dia total,Despejado,No,NO APLICA,10,15,10,22,1,06/08/2022,1
9,Connecticut,90338,1,1,1,0,9,NEW HAVEN (9),222,EAST HAVEN,12,Diciembre,28,2022,18,31,SR-100 N HIGH ST,3,Highway estatal,Urbano,Arteria Menor,State Highway Agency,0,Sin jurisdiccion especial,22,41.299075,-72.86093889,Peaton,El primer evento no fue una colision con un vehiculo automotor en transporte,Not an Intersection,No fue interseccion,Sobre calle,Ninguna,Oscuro sin iluminacion,Despejado,No,NO APLICA,99,99,99,99,1,28/12/2022,1
9,Connecticut,90339,0,0,2,0,3,HARTFORD (3),718,SUFFIELD,5,Mayo,30,2022,18,29,SR-513,3,Highway estatal,Urbano,Local,State Highway Agency,0,Sin jurisdiccion especial,10,41.976875,-72.62034722,Vehiculo en movimiento,Angulo,T-Intersection,Interseccion de T,Sobre calle,Ninguna,Dia total,Despejado,No,NO APLICA,18,30,18,35,1,30/05/2022,3
9,Connecticut,90340,0,0,2,0,3,HARTFORD (3),718,SUFFIELD,7,Julio,7,2022,19,56,SR-168 MOUNTAIN RD,3,Highway estatal,Urbano,Arteria Menor,State Highway Agency,0,Sin jurisdiccion especial,45,41.99303333,-72.71503333,Vehiculo en movimiento,Angulo,Four-Way Intersection,Interseccion de 4 direcciones,Sobre calle,Ninguna,Dia total,Despejado,No,NO APLICA,19,58,20,2,1,07/07/2022,3
9,Connecticut,90341,0,0,2,0,9,NEW HAVEN (9),267,HAMDEN,9,Septiembre,30,2022,14,56,CIRCULAR AV,5,Calle Local - Pueblo,Urbano,Arteria Menor,Town or Township Highway Agency,0,Sin jurisdiccion especial,10,41.35228056,-72.93592778,Vehiculo en movimiento,Angulo,Four-Way Intersection,Interseccion de 4 direcciones,Sobre calle,Ninguna,Dia total,Despejado,No,NO APLICA,99,99,99,99,1,30/09/2022,3
9,Connecticut,90342,0,0,2,0,3,HARTFORD (3),823,WEST HARTFORD,12,Diciembre,25,2022,6,30,SR-185,3,Highway estatal,Urbano,Arteria Menor,State Highway Agency,0,Sin jurisdiccion especial,59,41.79935833,-72.72918889,Vehiculo en movimiento,Frente a frente,Not an Intersection,No fue interseccion,Sobre calle,Ninguna,Oscuro sin iluminacion,Despejado,No,NO APLICA,99,99,99,99,3,25/12/2022,3
9,Connecticut,90343,0,0,1,0,1,FAIRFIELD (1),765,TRUMBULL,2,Febrero,20,2022,21,10,SR-25,3,Highway estatal,Urbano,Arterial Principal -Freeway o ExpressWay,State Highway Agency,1,Sin jurisdiccion especial,75,41.26413056,-73.210225,Arbol,El primer evento no fue una colision con un vehiculo automotor en transporte,Not an Intersection,No fue interseccion,En el medio,Ninguna,Oscuro sin iluminacion,Despejado,No,NO APLICA,21,16,21,28,1,20/02/2022,1
9,Connecticut,90344,0,0,2,0,1,FAIRFIELD (1),80,BRIDGEPORT,7,Julio,1,2022,10,18,I-95,1,Interestatal,Urbano,Interestatal,State Highway Agency,1,Sin jurisdiccion especial,290,41.17094444,-73.1926,Vehiculo en movimiento,Angulo,Not an Intersection,No fue interseccion,Sobre calle,Ninguna,Dia total,Despejado,No,NO APLICA,99,99,99,99,1,01/07/2022,3
9,Connecticut,90345,0,0,1,0,9,NEW HAVEN (9),810,WATERBURY,11,Noviembre,4,2022,99,99,EAST FARMS ST,5,Calle Local - Pueblo,Urbano,Arteria Menor,Town or Township Highway Agency,0,Sin jurisdiccion especial,99999,99.9999,999.9999,Volcadura,El primer evento no fue una colision con un vehiculo automotor en transporte,Not an Intersection,No fue interseccion,Sobre calle,Ninguna,Oscuro con iluminacion,Despejado,No,NO APLICA,21,45,21,59,1,04/11/2022,1
9,Connecticut,90346,1,1,1,0,9,NEW HAVEN (9),200,DERBY,12,Diciembre,22,2022,21,20,DIVISION ST,5,Calle Local - Pueblo,Urbano,Arteria Menor,Town or Township Highway Agency,0,Sin jurisdiccion especial,99998,77.7777,777.7777,Peaton,El primer evento no fue una colision con un vehiculo automotor en transporte,Not an Intersection,No fue interseccion,Sobre Acotamiento,Ninguna,Oscuro con iluminacion,Despejado,No,NO APLICA,21,20,21,30,1,22/12/2022,1
10,Delaware,100001,0,0,2,0,5,SUSSEX (5),0,NO APLICA,1,Enero,1,2022,7,55,US-9,2,US Highway,Rural,Arteria Principal,State Highway Agency,1,Sin jurisdiccion especial,265,38.7287,-75.26623889,Vehiculo en movimiento,Frente a frente,Not an Intersection,No fue interseccion,Sobre calle,Ninguna,Dia total,lluvia,No,NO APLICA,7,52,7,59,1,01/01/2022,2
10,Delaware,100002,0,0,1,0,1,KENT (1),0,NO APLICA,1,Enero,3,2022,6,48,RT-236,8,Otro,Rural,Local,State Highway Agency,0,Sin jurisdiccion especial,99998,39.04131111,-75.59893056,Arbol,El primer evento no fue una colision con un vehiculo automotor en transporte,Not an Intersection,No fue interseccion,Sobre el lado de la calle,Ninguna,Oscuro sin iluminacion,Nieve,No,NO APLICA,6,52,6,57,1,03/01/2022,1
10,Delaware,100003,0,0,2,0,3,NEW CASTLE (3),0,NO APLICA,1,Enero,2,2022,15,3,US-13,2,US Highway,Urbano,Arteria Principal,State Highway Agency,1,Sin jurisdiccion especial,99998,39.68779722,-75.58336944,Vehiculo en movimiento,Angulo,T-Intersection,Interseccion de T,Sobre calle,Ninguna,Dia total,Nublado,No,NO APLICA,15,3,15,18,1,02/01/2022,5
10,Delaware,100004,1,1,1,0,1,KENT (1),0,NO APLICA,1,Enero,5,2022,23,12,US-13,2,US Highway,Rural,Arteria Principal,State Highway Agency,1,Sin jurisdiccion especial,99998,39.02393056,-75.56411944,Peaton,El primer evento no fue una colision con un vehiculo automotor en transporte,Not an Intersection,No fue interseccion,Sobre calle,Ninguna,Oscuro con iluminacion,Nublado,No,NO APLICA,23,15,23,24,1,05/01/2022,1
10,Delaware,100005,0,0,2,0,5,SUSSEX (5),420,SEAFORD,1,Enero,6,2022,12,33,ATLANTA RD,8,Otro,Rural,Colector Mayor,State Highway Agency,0,Sin jurisdiccion especial,4,38.65138056,-75.63213056,Vehiculo en movimiento,Frente a frente,Not an Intersection,No fue interseccion,Sobre calle,Ninguna,Dia total,Despejado,No,NO APLICA,12,34,12,50,2,06/01/2022,4
10,Delaware,100006,0,0,2,0,5,SUSSEX (5),0,NO APLICA,1,Enero,17,2022,13,11,CR-305,4,Calle del Condado,Rural,Local,State Highway Agency,0,Sin jurisdiccion especial,99998,38.64221944,-75.26246111,Vehiculo en movimiento,Angulo,Not an Intersection,No fue interseccion,Sobre calle,Ninguna,Dia total,Nublado,No,NO APLICA,13,14,13,22,1,17/01/2022,3
10,Delaware,100007,0,0,2,0,3,NEW CASTLE (3),110,DELAWARE CITY,1,Enero,14,2022,16,37,BEAR RD,8,Otro,Urbano,Colector Mayor,State Highway Agency,0,Sin jurisdiccion especial,8,39.6222,-75.64506111,Vehiculo en movimiento,Angulo,Four-Way Intersection,Interseccion de 4 direcciones,Sobre calle,Ninguna,Atardecer,Despejado,No,NO APLICA,16,47,16,57,1,14/01/2022,2
10,Delaware,100008,0,0,1,0,5,SUSSEX (5),0,NO APLICA,1,Enero,28,2022,9,14,CR-225,4,Calle del Condado,Rural,Local,State Highway Agency,0,Sin jurisdiccion especial,99998,38.85176944,-75.41838056,Fuego/Explosion,El primer evento no fue una colision con un vehiculo automotor en transporte,Not an Intersection,No fue interseccion,Sobre calle,Ninguna,Dia total,Nublado,No,NO APLICA,9,13,9,29,1,28/01/2022,1
10,Delaware,100009,0,0,2,0,3,NEW CASTLE (3),360,NEWARK,1,Enero,30,2022,4,4,I-95,1,Interestatal,Urbano,Interestatal,State Highway Agency,1,Sin jurisdiccion especial,99998,39.64706111,-75.74273889,Vehiculo en movimiento,Frente a Detrás,Not an Intersection,No fue interseccion,Sobre calle,Ninguna,Oscuro sin iluminacion,Despejado,No,NO APLICA,4,10,4,19,1,30/01/2022,3
10,Delaware,100010,0,0,2,0,5,SUSSEX (5),0,NO APLICA,2,Febrero,4,2022,23,14,SR-24,3,Highway estatal,Rural,Colector Mayor,State Highway Agency,0,Sin jurisdiccion especial,99998,38.5524,-75.52721944,Vehiculo en movimiento,Frente a frente,Not an Intersection,No fue interseccion,Sobre calle,Ninguna,Oscuro sin iluminacion,Despejado,No,NO APLICA,23,18,23,27,1,04/02/2022,2
10,Delaware,100011,0,0,2,0,1,KENT (1),0,NO APLICA,2,Febrero,6,2022,18,6,IRISH HILL RD,8,Otro,Rural,Colector Mayor,State Highway Agency,0,Sin jurisdiccion especial,99998,39.04506111,-75.53968889,Vehiculo en movimiento,Frente a frente,Not an Intersection,No fue interseccion,Sobre el lado de la calle,Ninguna,Atardecer,Despejado,No,NO APLICA,18,5,18,16,2,06/02/2022,5
10,Delaware,100012,0,0,3,1,5,SUSSEX (5),0,NO APLICA,2,Febrero,4,2022,18,12,SR-1,3,Highway estatal,Rural,Local,State Highway Agency,0,Sin jurisdiccion especial,99998,38.74846111,-75.16428889,Vehiculo en movimiento,Angulo,T-Intersection,Interseccion de T,Sobre calle,Ninguna,Oscuro sin iluminacion,Nublado,No,NO APLICA,18,12,18,16,1,04/02/2022,3
10,Delaware,100013,1,1,1,0,3,NEW CASTLE (3),0,NO APLICA,2,Febrero,9,2022,17,58,SR-273,3,Highway estatal,Urbano,Arteria Principal,State Highway Agency,0,Sin jurisdiccion especial,99998,39.66516944,-75.59928056,Peaton,El primer evento no fue una colision con un vehiculo automotor en transporte,Not an Intersection,No fue interseccion,Sobre el lado de la calle,Ninguna,Atardecer,Despejado,No,NO APLICA,18,1,18,7,1,09/02/2022,1
10,Delaware,100014,1,1,3,0,3,NEW CASTLE (3),360,NEWARK,2,Febrero,11,2022,18,59,SR-896,3,Highway estatal,Urbano,Arteria Principal,State Highway Agency,0,Sin jurisdiccion especial,73,39.57993889,-75.74011944,Peaton,El primer evento no fue una colision con un vehiculo automotor en transporte,Not an Intersection,No fue interseccion,Sobre calle,Ninguna,Oscuro sin iluminacion,Despejado,No,NO APLICA,18,59,19,7,1,11/02/2022,6
10,Delaware,100015,0,0,2,1,5,SUSSEX (5),260,LAUREL,2,Febrero,13,2022,7,15,SEAFORD RD,8,Otro,Rural,Colector Mayor,State Highway Agency,0,Sin jurisdiccion especial,109,38.60878889,-75.59521111,Arbol,El primer evento no fue una colision con un vehiculo automotor en transporte,Not an Intersection,No fue interseccion,Sobre el lado de la calle,Ninguna,Dia total,Nublado,No,NO APLICA,7,15,7,21,1,13/02/2022,1
10,Delaware,100016,0,0,1,0,5,SUSSEX (5),0,NO APLICA,2,Febrero,17,2022,0,39,SR-1,3,Highway estatal,Rural,Arteria Principal,State Highway Agency,0,Sin jurisdiccion especial,206,38.87783056,-75.35913889,Culvert,El primer evento no fue una colision con un vehiculo automotor en transporte,Not an Intersection,No fue interseccion,Sobre el lado de la calle,Ninguna,Oscuro sin iluminacion,Despejado,No,NO APLICA,99,99,99,97,2,17/02/2022,2
10,Delaware,100017,0,0,2,0,3,NEW CASTLE (3),0,NO APLICA,2,Febrero,17,2022,20,27,US-40,2,US Highway,Urbano,Arteria Principal,State Highway Agency,1,Sin jurisdiccion especial,84,39.64418889,-75.6399,Vehiculo en movimiento,Angulo,Four-Way Intersection,Interseccion de 4 direcciones,Sobre calle,Ninguna,Oscuro con iluminacion,Nublado,No,NO APLICA,20,30,20,34,2,17/02/2022,4
10,Delaware,100018,1,1,1,0,3,NEW CASTLE (3),360,NEWARK,2,Febrero,18,2022,22,12,SALEM CHURCH RD,8,Otro,Urbano,Arteria Menor,State Highway Agency,0,Sin jurisdiccion especial,3,39.65378889,-75.69736111,Ciclista,El primer evento no fue una colision con un vehiculo automotor en transporte,Not an Intersection,No fue interseccion,Sobre calle,Ninguna,Oscuro sin iluminacion,Despejado,No,NO APLICA,22,10,22,20,1,18/02/2022,1
10,Delaware,100019,1,1,1,0,3,NEW CASTLE (3),360,NEWARK,2,Febrero,19,2022,20,28,CHRISTINA PKWY,8,Otro,Urbano,Arteria Principal,State Highway Agency,0,Sin jurisdiccion especial,11,39.65846111,-75.75908056,Peaton,El primer evento no fue una colision con un vehiculo automotor en transporte,Not an Intersection,No fue interseccion,Sobre calle,Ninguna,Oscuro sin iluminacion,Despejado,No,NO APLICA,99,99,99,99,1,19/02/2022,1
10,Delaware,100020,1,1,1,0,1,KENT (1),0,NO APLICA,2,Febrero,19,2022,16,38,SR-10,3,Highway estatal,Rural,Colector Mayor,State Highway Agency,0,Sin jurisdiccion especial,7,39.07076944,-75.54855,Peaton,El primer evento no fue una colision con un vehiculo automotor en transporte,Not an Intersection,No fue interseccion,Sobre calle,Ninguna,Dia total,Despejado,No,NO APLICA,16,40,16,45,1,19/02/2022,1
10,Delaware,100021,0,0,2,0,3,NEW CASTLE (3),370,NEW CASTLE,2,Febrero,23,2022,23,49,US-13,2,US Highway,Urbano,Arteria Principal,State Highway Agency,1,Sin jurisdiccion especial,23,39.69328889,-75.57893889,Vehiculo en movimiento,Frente a Detrás,Not an Intersection,No fue interseccion,Sobre calle,Ninguna,Oscuro sin iluminacion,Despejado,No,NO APLICA,23,52,23,56,1,23/02/2022,2
10,Delaware,100022,0,0,1,0,5,SUSSEX (5),410,REHOBOTH BEACH,2,Febrero,25,2022,7,31,SR-1A,3,Highway estatal,Rural,Arteria Principal,State Highway Agency,0,Sin jurisdiccion especial,14,38.71041111,-75.09691944,Banqueta,El primer evento no fue una colision con un vehiculo automotor en transporte,Not an Intersection,No fue interseccion,Sobre el lado de la calle,Ninguna,Dia total,Nublado,No,NO APLICA,7,29,7,38,1,25/02/2022,1
10,Delaware,100023,1,1,1,0,3,NEW CASTLE (3),0,NO APLICA,2,Febrero,25,2022,12,42,US-13,2,US Highway,Urbano,Arteria Principal,State Highway Agency,1,Sin jurisdiccion especial,99998,39.31631944,-75.61591944,Buzon de correo,El primer evento no fue una colision con un vehiculo automotor en transporte,Not an Intersection,No fue interseccion,Sobre el lado de la calle,Ninguna,Dia total,Despejado,No,NO APLICA,12,44,13,2,1,25/02/2022,2
10,Delaware,100024,1,1,1,0,3,NEW CASTLE (3),370,NEW CASTLE,2,Febrero,25,2022,17,29,SR-7,3,Highway estatal,Urbano,Arteria Principal,State Highway Agency,1,Sin jurisdiccion especial,46,39.64563889,-75.65696111,Peaton,El primer evento no fue una colision con un vehiculo automotor en transporte,Four-Way Intersection,Interseccion de 4 direcciones,Sobre calle,Ninguna,Oscuro sin iluminacion,Despejado,No,NO APLICA,19,30,19,32,1,25/02/2022,1
10,Delaware,100025,0,0,2,0,1,KENT (1),0,NO APLICA,2,Febrero,26,2022,18,53,US-13,2,US Highway,Rural,Arteria Principal,State Highway Agency,1,Sin jurisdiccion especial,64,38.95326111,-75.56451944,Vehiculo en movimiento,Angulo,Four-Way Intersection,Interseccion de 4 direcciones,Sobre calle,Ninguna,Oscuro sin iluminacion,Nublado,No,NO APLICA,18,58,19,2,1,26/02/2022,8
10,Delaware,100026,0,0,1,0,3,NEW CASTLE (3),490,WILMINGTON,3,Marzo,9,2022,17,39,I-495,1,Interestatal,Urbano,Interestatal,State Highway Agency,1,Sin jurisdiccion especial,57,39.75378056,-75.50018889,Valla Ferrocarril,El primer evento no fue una colision con un vehiculo automotor en transporte,Not an Intersection,No fue interseccion,Sobre el lado de la calle,Ninguna,Atardecer,Nublado,No,NO APLICA,17,39,17,50,1,09/03/2022,2
10,Delaware,100028,0,0,2,0,5,SUSSEX (5),330,MILLSBORO,3,Marzo,15,2022,23,21,SR-24,3,Highway estatal,Rural,Arteria Menor,State Highway Agency,0,Sin jurisdiccion especial,99998,38.56303889,-75.34075,Animal vivo,El primer evento no fue una colision con un vehiculo automotor en transporte,Not an Intersection,No fue interseccion,Sobre calle,Ninguna,Oscuro - iluminacion desconocida,Despejado,No,NO APLICA,23,20,23,29,1,15/03/2022,2
10,Delaware,100029,0,0,1,0,5,SUSSEX (5),330,MILLSBORO,3,Marzo,10,2022,21,18,LOWES CROSSING RD,8,Otro,Rural,Local,State Highway Agency,0,Sin jurisdiccion especial,99998,38.52318889,-75.40591944,Poste de Señal de trafico,El primer evento no fue una colision con un vehiculo automotor en transporte,Not an Intersection,No fue interseccion,Sobre el lado de la calle,Ninguna,Oscuro sin iluminacion,Nublado,No,NO APLICA,21,17,21,24,1,10/03/2022,1
10,Delaware,100030,0,0,2,0,5,SUSSEX (5),120,DELMAR,3,Marzo,17,2022,18,3,SR-54,3,Highway estatal,Rural,Local,State Highway Agency,0,Sin jurisdiccion especial,44,38.46801944,-75.65223056,Vehiculo en movimiento,Angulo,Four-Way Intersection,Interseccion de 4 direcciones,Sobre calle,Ninguna,Dia total,lluvia,No,NO APLICA,18,3,18,11,1,17/03/2022,4