Estado,Nombre de Estado,Numero de Caso,Peatones,Personas _no_vehiculos,Vehiculos automotores,Vehiculos estacionados,Condado,Nombre Condado,Ciudad,Nombre Ciudad,Mes,Nombre Mes,Dia,Año,Hora,Minuto,Calle,Ruta,Nombre Ruta,Rural o Urbanoo,Sistema Funcional,Dueño Calle,Sistema Nacional Carreteras,Jurisdiccion Especial,Milla,Latitud,Longitud,Causa del Accidente,Tipo de Accidente,Tipo Interseccion,Columna1,Lugar en la calle,Zona de Trabajo,Luz,Clima,Autobus Escolar,Cruce de Trenes,Hora Notificacion,Minuto Notificacion,Hora Llegada,Minuto Llegada,Decesos,Fecha,PersonaVehiculo
10,Delaware,100031,0,0,1,0,3,NEW CASTLE (3),0,NO APLICA,3,Marzo,18,2022,22,44,OLD BALTIMORE PIKE,8,Otro,Urbano,Arteria Menor,State Highway Agency,0,Sin jurisdiccion especial,99998,39.65951944,-75.66931944,Barrera de Trafico de Concreto,El primer evento no fue una colision con un vehiculo automotor en transporte,Not an Intersection,No fue interseccion,En el medio,Ninguna,Oscuro sin iluminacion,Despejado,No,NO APLICA,22,44,22,53,1,18/03/2022,1
10,Delaware,100032,0,0,2,0,5,SUSSEX (5),0,NO APLICA,3,Marzo,24,2022,17,56,US-13,2,US Highway,Rural,Arteria Principal,State Highway Agency,1,Sin jurisdiccion especial,29,38.5994,-75.58083889,Vehiculo en movimiento,Angulo,Four-Way Intersection,Interseccion de 4 direcciones,Sobre calle,Ninguna,Atardecer,lluvia,No,NO APLICA,17,55,18,6,1,24/03/2022,2
10,Delaware,100033,0,0,2,0,3,NEW CASTLE (3),0,NO APLICA,3,Marzo,29,2022,11,47,SR-4,3,Highway estatal,Urbano,Arteria Principal,State Highway Agency,1,Sin jurisdiccion especial,25,39.66191944,-75.73058889,Vehiculo en movimiento,Angulo,T-Intersection,Interseccion de T,Sobre calle,Ninguna,Dia total,Despejado,No,NO APLICA,11,47,11,54,1,29/03/2022,3
10,Delaware,100034,0,0,2,0,5,SUSSEX (5),0,NO APLICA,3,Marzo,26,2022,20,2,SR-30,3,Highway estatal,Rural,Colector Mayor,State Highway Agency,0,Sin jurisdiccion especial,22,38.73521944,-75.32391944,Vehiculo en movimiento,Angulo,Four-Way Intersection,Interseccion de 4 direcciones,Sobre calle,Ninguna,Oscuro sin iluminacion,lluvia,No,NO APLICA,20,0,20,7,1,26/03/2022,4
10,Delaware,100035,0,0,2,0,5,SUSSEX (5),0,NO APLICA,3,Marzo,1,2022,5,2,SR-16,3,Highway estatal,Rural,Colector Mayor,State Highway Agency,0,Sin jurisdiccion especial,79,38.80688889,-75.46548056,Vehiculo en movimiento,Angulo,Four-Way Intersection,Interseccion de 4 direcciones,Sobre calle,Ninguna,Amanecer,Despejado,No,NO APLICA,5,0,5,7,1,01/03/2022,2
10,Delaware,100036,0,0,7,0,3,NEW CASTLE (3),0,NO APLICA,4,Abril,11,2022,4,38,I-95  DE TPK,1,Interestatal,Urbano,Interestatal,State Toll Road,1,Sin jurisdiccion especial,66,39.6953,-75.62041111,Vehiculo en movimiento,Frente a Detrás,Not an Intersection,No fue interseccion,Sobre calle,Ninguna,Oscuro sin iluminacion,Despejado,No,NO APLICA,4,39,4,49,1,11/04/2022,7
10,Delaware,100037,0,0,2,0,5,SUSSEX (5),0,NO APLICA,4,Abril,15,2022,14,10,US-9,2,US Highway,Rural,Arteria Principal,State Highway Agency,1,Sin jurisdiccion especial,302,38.73986111,-75.19876111,Vehiculo en movimiento,Frente a frente,Not an Intersection,No fue interseccion,Sobre calle,Ninguna,Dia total,Despejado,No,NO APLICA,14,10,14,27,1,15/04/2022,6
10,Delaware,100038,0,0,1,0,3,NEW CASTLE (3),0,NO APLICA,4,Abril,27,2022,1,9,SR-4,3,Highway estatal,Urbano,Arteria Principal,State Highway Agency,0,Sin jurisdiccion especial,99998,39.67713056,-75.69885,Volcadura,El primer evento no fue una colision con un vehiculo automotor en transporte,Not an Intersection,No fue interseccion,Sobre calle,Ninguna,Oscuro sin iluminacion,Despejado,No,NO APLICA,1,9,1,16,1,27/04/2022,1
10,Delaware,100039,0,0,2,0,1,KENT (1),0,NO APLICA,4,Abril,27,2022,10,24,US-13,2,US Highway,Rural,Arteria Principal,State Highway Agency,1,Sin jurisdiccion especial,19,38.8952,-75.57176944,Vehiculo en movimiento,Angulo,T-Intersection,Interseccion de T,Sobre calle,Ninguna,Dia total,Despejado,No,NO APLICA,10,29,10,48,1,27/04/2022,3
10,Delaware,100040,0,0,2,0,5,SUSSEX (5),0,NO APLICA,4,Abril,27,2022,13,52,SR-404,3,Highway estatal,Rural,Arteria Principal,State Highway Agency,0,Sin jurisdiccion especial,42,38.78076111,-75.66763056,Vehiculo en movimiento,Angulo,T-Intersection,Interseccion de T,Sobre calle,Ninguna,Dia total,Despejado,No,NO APLICA,13,49,14,6,1,27/04/2022,3
10,Delaware,100041,0,0,2,0,5,SUSSEX (5),420,SEAFORD,4,Abril,28,2022,9,20,CR-543,4,Calle del Condado,Rural,Colector Menor,County Highway Agency,0,Sin jurisdiccion especial,12,38.66353889,-75.62183056,Vehiculo en movimiento,Angulo,T-Intersection,Interseccion de T,Sobre calle,Ninguna,Dia total,Despejado,No,NO APLICA,9,19,9,25,1,28/04/2022,2
10,Delaware,100042,1,1,1,0,3,NEW CASTLE (3),490,WILMINGTON,4,Abril,1,2022,6,26,S WALNUT ST,8,Otro,Rural,Arteria Principal,State Highway Agency,0,Sin jurisdiccion especial,12,39.7369,-75.55013889,Peaton,El primer evento no fue una colision con un vehiculo automotor en transporte,Four-Way Intersection,Interseccion de 4 direcciones,Sobre calle,Ninguna,Dia total,lluvia,No,NO APLICA,99,99,99,99,1,01/04/2022,1
10,Delaware,100043,0,0,1,0,3,NEW CASTLE (3),0,NO APLICA,4,Abril,30,2022,3,57,I-495,1,Interestatal,Urbano,Interestatal,State Highway Agency,1,Sin jurisdiccion especial,99998,39.78236944,-75.47418889,Valla Ferrocarril,El primer evento no fue una colision con un vehiculo automotor en transporte,Not an Intersection,No fue interseccion,En el medio,Ninguna,Oscuro - iluminacion desconocida,Despejado,No,NO APLICA,4,18,4,21,1,30/04/2022,1
10,Delaware,100044,0,0,1,0,3,NEW CASTLE (3),0,NO APLICA,5,Mayo,7,2022,21,24,I-495,1,Interestatal,Urbano,Interestatal,State Highway Agency,1,Sin jurisdiccion especial,99998,39.80271667,-75.4508,Fin de valla,El primer evento no fue una colision con un vehiculo automotor en transporte,Not an Intersection,No fue interseccion,En el medio,Ninguna,Oscuro con iluminacion,lluvia,No,NO APLICA,21,24,21,35,1,07/05/2022,2
10,Delaware,100045,0,0,2,0,5,SUSSEX (5),0,NO APLICA,5,Mayo,4,2022,10,49,SR-18,3,Highway estatal,Rural,Arteria Menor,State Highway Agency,0,Sin jurisdiccion especial,20,38.70886111,-75.67761944,Vehiculo en movimiento,Angulo,Four-Way Intersection,Interseccion de 4 direcciones,Sobre calle,Ninguna,Dia total,Nublado,No,NO APLICA,10,47,11,8,1,04/05/2022,2
10,Delaware,100046,0,0,4,0,5,SUSSEX (5),0,NO APLICA,5,Mayo,5,2022,13,46,US-9,2,US Highway,Rural,Arteria Principal,State Highway Agency,1,Sin jurisdiccion especial,99998,38.74673056,-75.17826111,Vehiculo en movimiento,Frente a Detrás,Four-Way Intersection,Interseccion de 4 direcciones,Sobre calle,Ninguna,Dia total,Nublado,No,NO APLICA,13,44,13,49,1,05/05/2022,5
10,Delaware,100047,0,0,1,0,1,KENT (1),0,NO APLICA,5,Mayo,10,2022,15,14,SORGHUM MILL RD,8,Otro,Rural,Colector Mayor,State Highway Agency,0,Sin jurisdiccion especial,99998,39.10721944,-75.50563056,Arbol,El primer evento no fue una colision con un vehiculo automotor en transporte,Not an Intersection,No fue interseccion,Sobre el lado de la calle,Ninguna,Dia total,Despejado,No,NO APLICA,15,16,15,22,1,10/05/2022,1
10,Delaware,100048,1,1,1,0,3,NEW CASTLE (3),490,WILMINGTON,5,Mayo,14,2022,2,29,NORTH MARKET,8,Otro,Urbano,Arteria Menor,State Highway Agency,0,Sin jurisdiccion especial,13,39.75258889,-75.54011111,Peaton,El primer evento no fue una colision con un vehiculo automotor en transporte,Not an Intersection,No fue interseccion,Sobre calle,Ninguna,Oscuro con iluminacion,Nublado,No,NO APLICA,99,99,99,97,1,14/05/2022,1
10,Delaware,100049,0,0,2,0,3,NEW CASTLE (3),0,NO APLICA,5,Mayo,14,2022,21,55,OLD BALTIMORE PIKE,8,Otro,Urbano,Colector Mayor,State Highway Agency,0,Sin jurisdiccion especial,7,39.64953889,-75.69308056,Volcadura,El primer evento no fue una colision con un vehiculo automotor en transporte,T-Intersection,Interseccion de T,Sobre calle,Ninguna,Oscuro sin iluminacion,Nublado,No,NO APLICA,21,55,21,59,1,14/05/2022,2
10,Delaware,100050,0,0,2,0,3,NEW CASTLE (3),490,WILMINGTON,5,Mayo,15,2022,13,20,FRONT ST,8,Otro,Urbano,Arteria Principal,State Highway Agency,0,Sin jurisdiccion especial,99998,39.7369,-75.55013056,Vehiculo en movimiento,Angulo,Four-Way Intersection,Interseccion de 4 direcciones,Sobre calle,Ninguna,Dia total,Nublado,No,NO APLICA,99,99,99,99,1,15/05/2022,2
10,Delaware,100051,0,0,1,0,3,NEW CASTLE (3),0,NO APLICA,5,Mayo,13,2022,22,41,MURPHY RD,8,Otro,Urbano,Colector Mayor,State Highway Agency,0,Sin jurisdiccion especial,99998,39.78868056,-75.53443889,Poste,El primer evento no fue una colision con un vehiculo automotor en transporte,Not an Intersection,No fue interseccion,Sobre el lado de la calle,Ninguna,Oscuro sin iluminacion,Despejado,No,NO APLICA,22,44,22,49,1,13/05/2022,1
10,Delaware,100052,0,0,2,0,5,SUSSEX (5),0,NO APLICA,5,Mayo,19,2022,17,52,SR-20,3,Highway estatal,Rural,Colector Mayor,State Highway Agency,0,Sin jurisdiccion especial,97,38.60468056,-75.44676944,Vehiculo en movimiento,Angulo,Four-Way Intersection,Interseccion de 4 direcciones,Sobre calle,Ninguna,Dia total,Despejado,No,NO APLICA,17,49,18,2,1,19/05/2022,2
10,Delaware,100053,0,0,1,0,1,KENT (1),0,NO APLICA,5,Mayo,25,2022,18,59,JUDITH RD,8,Otro,Rural,Local,State Highway Agency,0,Sin jurisdiccion especial,40,39.18978056,-75.66725,Poste de Señal de trafico,El primer evento no fue una colision con un vehiculo automotor en transporte,Not an Intersection,No fue interseccion,Sobre el lado de la calle,Ninguna,Dia total,Nublado,No,NO APLICA,18,51,18,56,1,25/05/2022,2
10,Delaware,100054,1,1,1,0,3,NEW CASTLE (3),0,NO APLICA,5,Mayo,27,2022,20,27,SR-1,3,Highway estatal,Urbano,Arteria Principal,State Highway Agency,1,Sin jurisdiccion especial,99998,39.587,-75.66156944,Peaton,El primer evento no fue una colision con un vehiculo automotor en transporte,Not an Intersection,No fue interseccion,Sobre calle,Ninguna,Oscuro sin iluminacion,Nublado,No,NO APLICA,20,46,20,52,1,27/05/2022,5
10,Delaware,100055,0,0,2,0,3,NEW CASTLE (3),0,NO APLICA,5,Mayo,28,2022,20,0,SR-1,3,Highway estatal,Urbano,Arterial Principal -Freeway o ExpressWay,State Highway Agency,1,Sin jurisdiccion especial,43,39.6672,-75.65505,Vehiculo en movimiento,Angulo,Not an Intersection,No fue interseccion,Sobre calle,Ninguna,Atardecer,Despejado,No,NO APLICA,20,1,20,5,1,28/05/2022,7
10,Delaware,100056,0,0,2,0,0,NO APLICA (000),0,NO APLICA,5,Mayo,29,2022,13,57,BOWERS BEACH RD,8,Otro,Rural,Colector Menor,State Highway Agency,0,Sin jurisdiccion especial,99998,99.9999,999.9999,Vehiculo en movimiento,Frente a frente,Not an Intersection,No fue interseccion,Sobre Acotamiento,Ninguna,Dia total,Nublado,No,NO APLICA,14,0,14,4,1,29/05/2022,3
10,Delaware,100057,0,0,1,0,3,NEW CASTLE (3),0,NO APLICA,6,Junio,1,2022,2,9,US-13,2,US Highway,Urbano,Arteria Principal,State Highway Agency,1,Sin jurisdiccion especial,29,39.68458056,-75.5868,Banqueta,El primer evento no fue una colision con un vehiculo automotor en transporte,Not an Intersection,No fue interseccion,Sobre el lado de la calle,Ninguna,Oscuro con iluminacion,Despejado,No,NO APLICA,2,12,2,15,1,01/06/2022,2
10,Delaware,100058,0,0,1,0,1,KENT (1),130,DOVER,6,Junio,3,2022,19,44,DIVISION ST,8,Otro,Urbano,Colector Mayor,State Highway Agency,0,Sin jurisdiccion especial,99998,39.16319722,-75.51866389,Banqueta,El primer evento no fue una colision con un vehiculo automotor en transporte,Four-Way Intersection,Interseccion de 4 direcciones,Isla de trafico para peatones,Ninguna,Dia total,Despejado,No,NO APLICA,99,99,99,99,1,03/06/2022,2
10,Delaware,100059,0,0,3,0,3,NEW CASTLE (3),0,NO APLICA,6,Junio,4,2022,21,11,SR-9,3,Highway estatal,Urbano,Arteria Menor,State Highway Agency,0,Sin jurisdiccion especial,99998,39.69815,-75.55296944,Vehiculo en movimiento,Frente a frente,T-Intersection,Interseccion de T,Sobre calle,Ninguna,Oscuro sin iluminacion,Despejado,No,NO APLICA,21,12,21,22,2,04/06/2022,5
10,Delaware,100060,0,0,2,0,3,NEW CASTLE (3),0,NO APLICA,6,Junio,5,2022,2,40,BUNKER HILL,8,Otro,Urbano,Local,State Highway Agency,0,Sin jurisdiccion especial,8,39.46283889,-75.75896944,Vehiculo en movimiento,Angulo,Not an Intersection,No fue interseccion,Sobre calle,Ninguna,Oscuro sin iluminacion,Despejado,No,NO APLICA,2,49,2,55,1,05/06/2022,2
10,Delaware,100061,0,0,2,0,3,NEW CASTLE (3),0,NO APLICA,6,Junio,8,2022,20,14,US-13,2,US Highway,Urbano,Arteria Principal,State Highway Agency,1,Sin jurisdiccion especial,99998,39.65688889,-75.61361111,Vehiculo en movimiento,Angulo,Not an Intersection,No fue interseccion,Sobre calle,Ninguna,Oscuro sin iluminacion,Nublado,No,NO APLICA,20,15,20,24,1,08/06/2022,2
10,Delaware,100062,0,0,2,0,3,NEW CASTLE (3),0,NO APLICA,6,Junio,14,2022,7,26,I-95,1,Interestatal,Rural,Interestatal,State Highway Agency,1,Sin jurisdiccion especial,99998,39.67861111,-75.66736111,Vehiculo en movimiento,Angulo,Not an Intersection,No fue interseccion,Sobre calle,Ninguna,Dia total,lluvia,No,NO APLICA,7,29,7,29,1,14/06/2022,2
10,Delaware,100063,0,0,1,0,5,SUSSEX (5),0,NO APLICA,6,Junio,17,2022,5,31,WILKINS,8,Otro,Rural,Colector Mayor,Other Local Agency,0,Sin jurisdiccion especial,99998,38.88508056,-75.3977,Poste de Señal de trafico,El primer evento no fue una colision con un vehiculo automotor en transporte,Not an Intersection,No fue interseccion,Sobre el lado de la calle,Ninguna,Amanecer,Despejado,No,NO APLICA,5,30,5,40,1,17/06/2022,2
10,Delaware,100064,1,1,1,0,3,NEW CASTLE (3),0,NO APLICA,6,Junio,19,2022,0,31,US-13,2,US Highway,Urbano,Arteria Menor,State Highway Agency,0,Sin jurisdiccion especial,35,39.57571389,-75.65648889,Peaton,El primer evento no fue una colision con un vehiculo automotor en transporte,Not an Intersection,No fue interseccion,Sobre calle,Ninguna,Oscuro sin iluminacion,Despejado,No,NO APLICA,0,32,0,41,1,19/06/2022,2
10,Delaware,100065,1,1,1,0,1,KENT (1),130,DOVER,6,Junio,18,2022,22,1,SOUTH GOVERNORS,8,Otro,Rural,Arteria Menor,State Highway Agency,0,Sin jurisdiccion especial,21,39.15663056,-75.52658056,Peaton,El primer evento no fue una colision con un vehiculo automotor en transporte,Not an Intersection,No fue interseccion,Sobre calle,Ninguna,Oscuro con iluminacion,Despejado,No,NO APLICA,22,1,22,4,1,18/06/2022,1
10,Delaware,100066,1,2,2,1,3,NEW CASTLE (3),0,NO APLICA,6,Junio,24,2022,0,16,I-495,1,Interestatal,Urbano,Interestatal,State Highway Agency,1,Sin jurisdiccion especial,17,39.71688889,-75.56225,Vehiculo Aparcado,El primer evento no fue una colision con un vehiculo automotor en transporte,Not an Intersection,No fue interseccion,Sobre Acotamiento,Ninguna,Oscuro sin iluminacion,Nublado,No,NO APLICA,0,17,0,24,1,24/06/2022,1
10,Delaware,100067,0,0,5,0,3,NEW CASTLE (3),0,NO APLICA,6,Junio,27,2022,14,55,US-40,2,US Highway,Urbano,Arteria Principal,State Highway Agency,1,Sin jurisdiccion especial,62,39.6083,-75.71513056,Vehiculo en movimiento,Frente a Detrás,Four-Way Intersection,Interseccion de 4 direcciones,Sobre calle,Ninguna,Dia total,Nublado,No,NO APLICA,15,0,15,10,1,27/06/2022,5
10,Delaware,100068,0,0,2,0,5,SUSSEX (5),0,NO APLICA,6,Junio,5,2022,16,11,US-113,2,US Highway,Rural,Arteria Principal,State Highway Agency,1,Sin jurisdiccion especial,99998,38.60651111,-75.32441111,Vehiculo en movimiento,Angulo,Not an Intersection,No fue interseccion,Sobre calle,Ninguna,Dia total,Despejado,No,NO APLICA,16,8,16,34,1,05/06/2022,3
10,Delaware,100069,0,0,1,0,1,KENT (1),0,NO APLICA,6,Junio,29,2022,7,51,SR-10,3,Highway estatal,Rural,Colector Mayor,State Highway Agency,0,Sin jurisdiccion especial,99998,39.04933889,-75.64838056,Poste,El primer evento no fue una colision con un vehiculo automotor en transporte,Not an Intersection,No fue interseccion,Sobre el lado de la calle,Ninguna,Dia total,Despejado,No,NO APLICA,7,56,8,4,1,29/06/2022,1
10,Delaware,100070,0,0,1,0,1,KENT (1),0,NO APLICA,6,Junio,21,2022,23,21,E WATER ST,8,Otro,Rural,Colector Mayor,State Highway Agency,0,Sin jurisdiccion especial,99998,39.15571944,-75.519,Banqueta,El primer evento no fue una colision con un vehiculo automotor en transporte,Not an Intersection,No fue interseccion,Sobre el lado de la calle,Ninguna,Oscuro - iluminacion desconocida,Despejado,No,NO APLICA,99,99,99,99,1,21/06/2022,3
10,Delaware,100071,0,0,2,0,3,NEW CASTLE (3),0,NO APLICA,7,Julio,11,2022,20,39,SR-273,3,Highway estatal,Urbano,Local,State Highway Agency,0,Sin jurisdiccion especial,0,39.66476111,-75.61756944,Vehiculo en movimiento,Angulo,T-Intersection,Interseccion de T,Sobre calle,Ninguna,Oscuro sin iluminacion,Despejado,No,NO APLICA,20,39,20,42,3,11/07/2022,4
10,Delaware,100072,0,0,3,0,3,NEW CASTLE (3),0,NO APLICA,7,Julio,12,2022,21,15,SR-41,3,Highway estatal,Urbano,Arteria Principal,State Highway Agency,0,Sin jurisdiccion especial,34,39.76131944,-75.66081111,Vehiculo en movimiento,Angulo,Not an Intersection,No fue interseccion,Sobre calle,Ninguna,Oscuro sin iluminacion,Despejado,No,NO APLICA,21,16,21,22,1,12/07/2022,3
10,Delaware,100073,0,0,4,0,3,NEW CASTLE (3),0,NO APLICA,7,Julio,15,2022,12,54,I-295,1,Interestatal,Urbano,Interestatal,State Highway Agency,1,Sin jurisdiccion especial,31,39.69636111,-75.56391111,Vehiculo en movimiento,Frente a Detrás,Not an Intersection,No fue interseccion,Sobre calle,Ninguna,Dia total,Despejado,No,NO APLICA,99,99,99,99,1,15/07/2022,8
10,Delaware,100074,0,0,2,1,5,SUSSEX (5),0,NO APLICA,7,Julio,23,2022,22,5,US-113,2,US Highway,Rural,Arteria Principal,State Highway Agency,1,Sin jurisdiccion especial,99998,38.80038056,-75.43853056,Vehiculo Aparcado,El primer evento no fue una colision con un vehiculo automotor en transporte,Not an Intersection,No fue interseccion,Fuera de la calle,Ninguna,Oscuro sin iluminacion,Despejado,No,NO APLICA,22,6,22,12,1,23/07/2022,3
10,Delaware,100075,1,1,1,0,5,SUSSEX (5),0,NO APLICA,7,Julio,24,2022,1,44,SR-1,3,Highway estatal,Rural,Arteria Principal,State Highway Agency,1,Sin jurisdiccion especial,99998,38.65391944,-75.0693,Peaton,El primer evento no fue una colision con un vehiculo automotor en transporte,Not an Intersection,No fue interseccion,Sobre calle,Ninguna,Oscuro sin iluminacion,Despejado,No,NO APLICA,1,37,1,47,1,24/07/2022,1
10,Delaware,100076,0,0,1,0,5,SUSSEX (5),0,NO APLICA,7,Julio,27,2022,15,14,CR-297,4,Calle del Condado,Rural,Colector Mayor,State Highway Agency,0,Sin jurisdiccion especial,99998,38.62275,-75.21798889,Poste,El primer evento no fue una colision con un vehiculo automotor en transporte,Not an Intersection,No fue interseccion,Sobre el lado de la calle,Ninguna,Dia total,Despejado,No,NO APLICA,15,15,15,22,1,27/07/2022,2
10,Delaware,100077,0,0,2,0,5,SUSSEX (5),350,MILTON,7,Julio,30,2022,7,4,SR-16,3,Highway estatal,Rural,Colector Mayor,State Highway Agency,0,Sin jurisdiccion especial,99998,38.78781111,-75.31873889,Vehiculo en movimiento,Angulo,Four-Way Intersection,Interseccion de 4 direcciones,Sobre calle,Ninguna,Dia total,Despejado,No,NO APLICA,7,2,7,7,1,30/07/2022,5
10,Delaware,100078,0,0,2,0,1,KENT (1),130,DOVER,8,Agosto,10,2022,8,20,SR-8 N LITTLE CREEK RD,3,Highway estatal,Rural,Arteria Menor,State Highway Agency,0,Sin jurisdiccion especial,18,39.16556944,-75.4895,Vehiculo en movimiento,Angulo,T-Intersection,Interseccion de T,Sobre calle,Ninguna,Dia total,Despejado,No,NO APLICA,8,23,8,28,1,10/08/2022,2
10,Delaware,100079,0,0,2,0,3,NEW CASTLE (3),0,NO APLICA,8,Agosto,11,2022,22,22,I-95,1,Interestatal,Urbano,Interestatal,State Highway Agency,1,Sin jurisdiccion especial,99998,39.68773889,-75.64458056,Vehiculo en movimiento,Frente a Detrás,Not an Intersection,No fue interseccion,Sobre calle,Ninguna,Oscuro sin iluminacion,Nublado,No,NO APLICA,22,35,22,40,2,11/08/2022,3
10,Delaware,100080,0,0,2,0,5,SUSSEX (5),0,NO APLICA,8,Agosto,18,2022,8,1,US-113,2,US Highway,Rural,Arteria Principal,State Highway Agency,1,Sin jurisdiccion especial,99998,38.48051944,-75.23533056,Vehiculo en movimiento,Angulo,Four-Way Intersection,Interseccion de 4 direcciones,Sobre calle,Ninguna,Dia total,Despejado,No,NO APLICA,8,1,8,5,1,18/08/2022,3
10,Delaware,100081,0,0,1,0,3,NEW CASTLE (3),310,MIDDLETOWN,8,Agosto,21,2022,7,30,SR-71,3,Highway estatal,Urbano,Colector Mayor,State Highway Agency,0,Sin jurisdiccion especial,99998,39.45853889,-75.71956944,Banqueta,El primer evento no fue una colision con un vehiculo automotor en transporte,Not an Intersection,No fue interseccion,Sobre el lado de la calle,Ninguna,Dia total,Despejado,No,NO APLICA,99,99,99,99,1,21/08/2022,1
10,Delaware,100082,0,0,2,0,1,KENT (1),0,NO APLICA,8,Agosto,24,2022,17,18,SR-8,3,Highway estatal,Rural,Arteria Menor,State Highway Agency,0,Sin jurisdiccion especial,99998,39.14766944,-75.66263056,Vehiculo en movimiento,Angulo,T-Intersection,Interseccion de T,Sobre calle,Ninguna,Dia total,Despejado,No,NO APLICA,17,20,17,28,1,24/08/2022,3
10,Delaware,100083,0,0,2,0,5,SUSSEX (5),0,NO APLICA,8,Agosto,27,2022,6,10,US-13,2,US Highway,Rural,Arteria Principal,State Highway Agency,1,Sin jurisdiccion especial,99998,38.68863056,-75.59041111,Vehiculo en movimiento,Frente a Detrás,Not an Intersection,No fue interseccion,Sobre calle,Ninguna,Amanecer,Despejado,No,NO APLICA,6,9,6,13,1,27/08/2022,2
10,Delaware,100084,0,0,1,0,1,KENT (1),0,NO APLICA,8,Agosto,26,2022,18,56,PERSIMMON TREE LN,8,Otro,Rural,Colector Menor,State Highway Agency,0,Sin jurisdiccion especial,2,39.19208889,-75.51988056,Poste,El primer evento no fue una colision con un vehiculo automotor en transporte,T-Intersection,Interseccion de T,Sobre el lado de la calle,Ninguna,Dia total,Despejado,No,NO APLICA,99,99,99,99,1,26/08/2022,1
10,Delaware,100085,1,1,1,0,3,NEW CASTLE (3),0,NO APLICA,8,Agosto,28,2022,20,14,BOULDEN BLVD,8,Otro,Urbano,Colector Mayor,State Highway Agency,0,Sin jurisdiccion especial,4,39.68973889,-75.57343056,Peaton,El primer evento no fue una colision con un vehiculo automotor en transporte,Not an Intersection,No fue interseccion,Sobre calle,Ninguna,Oscuro sin iluminacion,Despejado,No,NO APLICA,20,15,20,21,1,28/08/2022,2
10,Delaware,100086,0,0,1,0,1,KENT (1),0,NO APLICA,8,Agosto,29,2022,23,30,SR-12,3,Highway estatal,Rural,Arteria Menor,State Highway Agency,0,Sin jurisdiccion especial,85,39.01225,-75.59551944,Volcadura,El primer evento no fue una colision con un vehiculo automotor en transporte,Not an Intersection,No fue interseccion,Sobre el lado de la calle,Ninguna,Oscuro sin iluminacion,Nublado,No,NO APLICA,23,34,23,38,1,29/08/2022,1
10,Delaware,100087,1,1,1,0,3,NEW CASTLE (3),0,NO APLICA,9,Septiembre,3,2022,21,13,POLLY DRUMMOND RD,8,Otro,Urbano,Arteria Menor,State Highway Agency,0,Sin jurisdiccion especial,99998,39.72056111,-75.71171111,Peaton,El primer evento no fue una colision con un vehiculo automotor en transporte,Not an Intersection,No fue interseccion,Sobre calle,Ninguna,Oscuro sin iluminacion,Despejado,No,NO APLICA,21,14,21,19,1,03/09/2022,1
10,Delaware,100088,1,1,1,0,3,NEW CASTLE (3),0,NO APLICA,9,Septiembre,4,2022,5,27,I-495,1,Interestatal,Urbano,Interestatal,State Highway Agency,1,Sin jurisdiccion especial,99998,39.79076944,-75.46441111,Peaton,El primer evento no fue una colision con un vehiculo automotor en transporte,Not an Intersection,No fue interseccion,Sobre calle,Ninguna,Oscuro sin iluminacion,Despejado,No,NO APLICA,5,31,5,39,1,04/09/2022,1
10,Delaware,100089,0,0,2,0,5,SUSSEX (5),0,NO APLICA,9,Septiembre,4,2022,22,45,SR-1,3,Highway estatal,Rural,Arteria Principal,State Highway Agency,1,Sin jurisdiccion especial,114,38.78798889,-75.24618056,Vehiculo en movimiento,Frente a frente,Not an Intersection,No fue interseccion,Sobre calle,Ninguna,Oscuro sin iluminacion,Despejado,No,NO APLICA,22,51,22,57,1,04/09/2022,3
10,Delaware,100090,0,0,2,0,3,NEW CASTLE (3),0,NO APLICA,9,Septiembre,5,2022,14,23,SR-7,3,Highway estatal,Urbano,Local,State Highway Agency,0,Sin jurisdiccion especial,46,39.73576111,-75.68361944,Vehiculo en movimiento,Angulo,T-Intersection,Interseccion de T,Sobre calle,Ninguna,Dia total,Nublado,No,NO APLICA,14,23,14,27,1,05/09/2022,3
10,Delaware,100091,1,1,1,0,3,NEW CASTLE (3),150,ELSMERE,9,Septiembre,3,2022,19,45,KIRKWOOD HWY,8,Otro,Urbano,Arteria Principal,State Highway Agency,0,Sin jurisdiccion especial,13,39.74098056,-75.58406944,Peaton,El primer evento no fue una colision con un vehiculo automotor en transporte,Not an Intersection,No fue interseccion,Sobre calle,Ninguna,Oscuro con iluminacion,Despejado,No,NO APLICA,99,99,99,99,1,03/09/2022,1
10,Delaware,100092,0,0,2,0,3,NEW CASTLE (3),0,NO APLICA,9,Septiembre,9,2022,12,39,SR-7,3,Highway estatal,Urbano,Arteria Principal,State Highway Agency,0,Sin jurisdiccion especial,34,39.73348889,-75.6728,Vehiculo en movimiento,Angulo,Four-Way Intersection,Interseccion de 4 direcciones,Sobre calle,Ninguna,Dia total,Despejado,No,NO APLICA,12,39,12,44,1,09/09/2022,3
10,Delaware,100093,1,1,1,0,1,KENT (1),0,NO APLICA,9,Septiembre,10,2022,8,23,APPLE GROVE SCHOOL RD,8,Otro,Rural,Local,State Highway Agency,0,Sin jurisdiccion especial,99998,39.11955,-75.59808056,Ciclista,El primer evento no fue una colision con un vehiculo automotor en transporte,Not an Intersection,No fue interseccion,Sobre calle,Ninguna,Dia total,Despejado,No,NO APLICA,8,26,8,33,1,10/09/2022,2
10,Delaware,100094,0,0,1,0,1,KENT (1),0,NO APLICA,9,Septiembre,11,2022,1,6,WESTVILLE RD,8,Otro,Rural,Colector Mayor,State Highway Agency,0,Sin jurisdiccion especial,99998,39.11643056,-75.64275,Arbol,El primer evento no fue una colision con un vehiculo automotor en transporte,Not an Intersection,No fue interseccion,Sobre el lado de la calle,Ninguna,Oscuro sin iluminacion,Nublado,No,NO APLICA,1,10,1,19,1,11/09/2022,1
10,Delaware,100095,0,0,1,0,3,NEW CASTLE (3),0,NO APLICA,9,Septiembre,13,2022,6,14,I-95,1,Interestatal,Urbano,Interestatal,State Highway Agency,1,Sin jurisdiccion especial,99998,39.7656,-75.54608889,Otra barrera de trafico,El primer evento no fue una colision con un vehiculo automotor en transporte,Not an Intersection,No fue interseccion,Sobre calle,Construccion,Oscuro sin iluminacion,Despejado,No,NO APLICA,6,17,6,41,1,13/09/2022,1