Estado,Nombre de Estado,Numero de Caso,Peatones,Personas _no_vehiculos,Vehiculos automotores,Vehiculos estacionados,Condado,Nombre Condado,Ciudad,Nombre Ciudad,Mes,Nombre Mes,Dia,Año,Hora,Minuto,Calle,Ruta,Nombre Ruta,Rural o Urbanoo,Sistema Funcional,Dueño Calle,Sistema Nacional Carreteras,Jurisdiccion Especial,Milla,Latitud,Longitud,Causa del Accidente,Tipo de Accidente,Tipo Interseccion,Columna1,Lugar en la calle,Zona de Trabajo,Luz,Clima,Autobus Escolar,Cruce de Trenes,Hora Notificacion,Minuto Notificacion,Hora Llegada,Minuto Llegada,Decesos,Fecha,PersonaVehiculo
10,Delaware,100096,0,0,2,0,5,SUSSEX (5),0,NO APLICA,9,Septiembre,14,2022,16,48,SR-5 INDIAN MISSION RD,3,Highway estatal,Rural,Colector Mayor,State Highway Agency,0,Sin jurisdiccion especial,99998,38.66333889,-75.2226,Vehiculo en movimiento,Angulo,T-Intersection,Interseccion de T,Sobre calle,Ninguna,Dia total,Despejado,No,NO APLICA,16,47,17,0,1,14/09/2022,3
10,Delaware,100098,0,0,2,0,1,KENT (1),0,NO APLICA,9,Septiembre,18,2022,1,32,SR-1,3,Highway estatal,Rural,Arterial Principal -Freeway o ExpressWay,State Highway Agency,1,Sin jurisdiccion especial,99998,39.07366944,-75.4599,Vehiculo en movimiento,Frente a Detrás,Not an Intersection,No fue interseccion,Sobre calle,Ninguna,Oscuro - iluminacion desconocida,Nublado,No,NO APLICA,1,35,1,44,1,18/09/2022,2
10,Delaware,100099,0,0,2,1,3,NEW CASTLE (3),0,NO APLICA,9,Septiembre,21,2022,3,58,SR-40,3,Highway estatal,Urbano,Arteria Principal,State Highway Agency,1,Sin jurisdiccion especial,94,39.64935,-75.6261,Vehiculo Aparcado,El primer evento no fue una colision con un vehiculo automotor en transporte,Not an Intersection,No fue interseccion,Sobre el lado de la calle,Ninguna,Oscuro sin iluminacion,Despejado,No,NO APLICA,4,15,4,25,1,21/09/2022,1
10,Delaware,100100,1,1,1,0,3,NEW CASTLE (3),490,WILMINGTON,9,Septiembre,21,2022,5,47,WEST 7TH,8,Otro,Urbano,Local,State Highway Agency,0,Sin jurisdiccion especial,99998,39.75218889,-75.571,Peaton,El primer evento no fue una colision con un vehiculo automotor en transporte,Four-Way Intersection,Interseccion de 4 direcciones,Sobre calle,Ninguna,Oscuro con iluminacion,Despejado,No,NO APLICA,5,51,5,52,1,21/09/2022,1
10,Delaware,100101,1,1,1,0,5,SUSSEX (5),0,NO APLICA,9,Septiembre,24,2022,18,40,FISHER RD,8,Otro,Rural,Local,State Highway Agency,0,Sin jurisdiccion especial,25,38.72001111,-75.2178,Ciclista,El primer evento no fue una colision con un vehiculo automotor en transporte,Not an Intersection,No fue interseccion,Sobre calle,Ninguna,Dia total,Despejado,No,NO APLICA,18,39,18,48,1,24/09/2022,1
10,Delaware,100103,0,0,2,0,3,NEW CASTLE (3),0,NO APLICA,10,Octubre,2,2022,19,15,US-13 N DUPONT HWY,2,US Highway,Rural,Arteria Principal,State Highway Agency,1,Sin jurisdiccion especial,99998,39.32068056,-75.61915,Volcadura,El primer evento no fue una colision con un vehiculo automotor en transporte,T-Intersection,Interseccion de T,Sobre calle,Ninguna,Atardecer,lluvia,No,NO APLICA,19,17,19,22,2,02/10/2022,3
10,Delaware,100104,1,1,1,0,3,NEW CASTLE (3),0,NO APLICA,10,Octubre,1,2022,12,6,FOULK RD,8,Otro,Urbano,Arteria Menor,State Highway Agency,0,Sin jurisdiccion especial,38,39.82536111,-75.50073889,Peaton,El primer evento no fue una colision con un vehiculo automotor en transporte,Not an Intersection,No fue interseccion,Sobre calle,Ninguna,Dia total,Despejado,No,NO APLICA,12,6,12,12,1,01/10/2022,1
10,Delaware,100105,1,1,2,0,3,NEW CASTLE (3),0,NO APLICA,10,Octubre,8,2022,5,43,SR-1,3,Highway estatal,Urbano,Arteria Principal,State Highway Agency,1,Sin jurisdiccion especial,0,39.60928056,-75.65026111,Peaton,El primer evento no fue una colision con un vehiculo automotor en transporte,Not an Intersection,No fue interseccion,Sobre calle,Ninguna,Amanecer,Despejado,No,NO APLICA,5,44,5,54,1,08/10/2022,2
10,Delaware,100106,1,1,1,0,5,SUSSEX (5),0,NO APLICA,10,Octubre,11,2022,21,45,US-13,2,US Highway,Rural,Arteria Principal,State Highway Agency,1,Sin jurisdiccion especial,99998,38.5617,-75.55723889,Peaton,El primer evento no fue una colision con un vehiculo automotor en transporte,Not an Intersection,No fue interseccion,Sobre calle,Ninguna,Oscuro sin iluminacion,Despejado,No,NO APLICA,22,0,22,5,1,11/10/2022,1
10,Delaware,100107,0,0,2,0,5,SUSSEX (5),0,NO APLICA,10,Octubre,13,2022,19,41,US-113,2,US Highway,Rural,Arteria Principal,State Highway Agency,1,Sin jurisdiccion especial,99998,38.78838056,-75.43868056,Vehiculo en movimiento,Angulo,Not an Intersection,No fue interseccion,Sobre calle,Ninguna,Oscuro sin iluminacion,Despejado,No,NO APLICA,19,41,19,47,1,13/10/2022,2
10,Delaware,100108,0,0,2,0,3,NEW CASTLE (3),0,NO APLICA,10,Octubre,15,2022,4,23,US-13,2,US Highway,Rural,Arteria Principal,State Highway Agency,1,Sin jurisdiccion especial,39,39.51143889,-75.64901944,Vehiculo en movimiento,Frente a frente,Not an Intersection,No fue interseccion,Sobre calle,Ninguna,Oscuro sin iluminacion,Despejado,No,NO APLICA,4,25,4,40,1,15/10/2022,3
10,Delaware,100109,0,0,1,0,3,NEW CASTLE (3),0,NO APLICA,10,Octubre,16,2022,11,45,BRANDYWINE CREEK RD,8,Otro,Urbano,Local,State Highway Agency,0,Sin jurisdiccion especial,99998,39.83196944,-75.574,Piedrotototota,El primer evento no fue una colision con un vehiculo automotor en transporte,Not an Intersection,No fue interseccion,Sobre el lado de la calle,Ninguna,Dia total,Despejado,No,NO APLICA,11,45,11,46,1,16/10/2022,1
10,Delaware,100110,0,0,2,0,3,NEW CASTLE (3),370,NEW CASTLE,10,Octubre,18,2022,9,45,MEMORIAL DR,8,Otro,Urbano,Arteria Menor,State Highway Agency,0,Sin jurisdiccion especial,99998,39.70158056,-75.55603889,Vehiculo en movimiento,Frente a frente,Not an Intersection,No fue interseccion,Sobre calle,Ninguna,Dia total,Despejado,No,NO APLICA,99,99,99,99,3,18/10/2022,3
10,Delaware,100111,1,1,1,0,3,NEW CASTLE (3),0,NO APLICA,10,Octubre,18,2022,23,46,WEST CHESTNUT HILL,8,Otro,Urbano,Colector Mayor,State Highway Agency,0,Sin jurisdiccion especial,4,39.64583889,-75.7802,Peaton,El primer evento no fue una colision con un vehiculo automotor en transporte,Not an Intersection,No fue interseccion,Sobre calle,Ninguna,Oscuro sin iluminacion,Despejado,No,NO APLICA,23,47,23,51,1,18/10/2022,1
10,Delaware,100112,1,1,1,0,1,KENT (1),0,NO APLICA,10,Octubre,20,2022,15,58,US-13 S DUPONT HWY,2,US Highway,Rural,Arteria Menor,State Highway Agency,0,Sin jurisdiccion especial,23,39.15953889,-75.51208056,Ciclista,El primer evento no fue una colision con un vehiculo automotor en transporte,Y-Intersection,Interseccion de Y,Sobre calle,Ninguna,Dia total,Despejado,No,NO APLICA,99,99,99,99,1,20/10/2022,1
10,Delaware,100113,1,1,1,0,1,KENT (1),0,NO APLICA,10,Octubre,22,2022,18,26,SR-1 BAY RD,3,Highway estatal,Urbano,Arterial Principal -Freeway o ExpressWay,State Highway Agency,0,Sin jurisdiccion especial,133,38.94464722,-75.42683889,Ciclista,El primer evento no fue una colision con un vehiculo automotor en transporte,Not an Intersection,No fue interseccion,Sobre calle,Ninguna,Oscuro sin iluminacion,Nublado,No,NO APLICA,18,28,18,34,1,22/10/2022,1
10,Delaware,100114,0,0,2,0,3,NEW CASTLE (3),0,NO APLICA,10,Octubre,30,2022,22,23,SR-1 ROTH BRIDGE,3,Highway estatal,Urbano,Arterial Principal -Freeway o ExpressWay,State Highway Agency,1,Sin jurisdiccion especial,99998,39.54953889,-75.65608056,Vehiculo en movimiento,Frente a Detrás,Not an Intersection,No fue interseccion,Sobre calle,Ninguna,Oscuro sin iluminacion,Despejado,No,NO APLICA,22,41,22,48,2,30/10/2022,3
10,Delaware,100115,0,0,2,0,1,KENT (1),0,NO APLICA,11,Noviembre,4,2022,22,10,US-13 S DUPONT HWY,2,US Highway,Rural,Arteria Principal,State Highway Agency,1,Sin jurisdiccion especial,43,38.98326111,-75.56733889,Vehiculo en movimiento,Frente a frente,Not an Intersection,No fue interseccion,Sobre calle,Ninguna,Oscuro - iluminacion desconocida,Nublado,No,NO APLICA,22,14,22,21,2,04/11/2022,2
10,Delaware,100116,0,0,2,0,3,NEW CASTLE (3),0,NO APLICA,11,Noviembre,5,2022,1,42,SR-71,3,Highway estatal,Urbano,Arteria Principal,State Highway Agency,0,Sin jurisdiccion especial,20,39.52918889,-75.73523889,Vehiculo en movimiento,Frente a frente,Not an Intersection,No fue interseccion,Sobre calle,Ninguna,Oscuro sin iluminacion,Neblina o Humo,No,NO APLICA,1,42,1,50,1,05/11/2022,6
10,Delaware,100117,0,0,2,0,5,SUSSEX (5),420,SEAFORD,11,Noviembre,5,2022,19,35,MARKET ST,8,Otro,Rural,Colector Mayor,State Highway Agency,0,Sin jurisdiccion especial,99998,38.64101944,-75.60903889,Vehiculo en movimiento,Angulo,Y-Intersection,Interseccion de Y,Sobre calle,Ninguna,Oscuro con iluminacion,Despejado,No,NO APLICA,19,33,19,39,1,05/11/2022,2
10,Delaware,100118,1,1,1,0,3,NEW CASTLE (3),370,NEW CASTLE,11,Noviembre,2,2022,18,34,NEW CASTLE AVE,8,Otro,Urbano,Arteria Menor,State Highway Agency,0,Sin jurisdiccion especial,99998,39.69143889,-75.5552,Peaton,El primer evento no fue una colision con un vehiculo automotor en transporte,Four-Way Intersection,Interseccion de 4 direcciones,Sobre calle,Ninguna,Oscuro sin iluminacion,Despejado,No,NO APLICA,18,35,18,40,1,02/11/2022,1
10,Delaware,100119,0,0,1,0,1,KENT (1),0,NO APLICA,11,Noviembre,10,2022,8,9,SR-1,3,Highway estatal,Rural,Arteria Principal,State Highway Agency,1,Sin jurisdiccion especial,99998,39.19716944,-75.53313056,Arbol,El primer evento no fue una colision con un vehiculo automotor en transporte,Not an Intersection,No fue interseccion,Sobre el lado de la calle,Ninguna,Dia total,Despejado,No,NO APLICA,8,13,8,23,1,10/11/2022,1
10,Delaware,100120,0,0,2,0,3,NEW CASTLE (3),0,NO APLICA,11,Noviembre,11,2022,0,43,I-95,1,Interestatal,Urbano,Interestatal,State Highway Agency,1,Sin jurisdiccion especial,99998,39.6932,-75.62721111,Vehiculo en movimiento,Frente a Detrás,Not an Intersection,No fue interseccion,Sobre calle,Ninguna,Oscuro sin iluminacion,Despejado,No,NO APLICA,99,99,99,99,1,11/11/2022,3
10,Delaware,100121,0,0,2,0,5,SUSSEX (5),0,NO APLICA,11,Noviembre,11,2022,20,48,SR-17,3,Highway estatal,Rural,Colector Mayor,State Highway Agency,0,Sin jurisdiccion especial,99998,38.49658889,-75.17073889,Vehiculo en movimiento,Angulo,Four-Way Intersection,Interseccion de 4 direcciones,Sobre calle,Ninguna,Oscuro - iluminacion desconocida,Despejado,No,NO APLICA,20,49,20,54,1,11/11/2022,2
10,Delaware,100122,1,1,1,0,3,NEW CASTLE (3),490,WILMINGTON,10,Octubre,21,2022,22,26,E 4TH ST,8,Otro,Urbano,Arteria Principal,State Highway Agency,0,Sin jurisdiccion especial,82,39.73971944,-75.55058889,Peaton,El primer evento no fue una colision con un vehiculo automotor en transporte,Four-Way Intersection,Interseccion de 4 direcciones,Sobre calle,Ninguna,Oscuro con iluminacion,Despejado,No,NO APLICA,99,99,99,99,1,21/10/2022,1
10,Delaware,100123,0,0,1,0,3,NEW CASTLE (3),0,NO APLICA,11,Noviembre,18,2022,8,53,US-13,2,US Highway,Rural,Arteria Menor,State Highway Agency,0,Sin jurisdiccion especial,99998,39.33236944,-75.62641944,Arbol,El primer evento no fue una colision con un vehiculo automotor en transporte,Not an Intersection,No fue interseccion,Sobre el lado de la calle,Ninguna,Dia total,Despejado,No,NO APLICA,8,54,9,0,1,18/11/2022,1
10,Delaware,100124,0,0,2,0,5,SUSSEX (5),0,NO APLICA,11,Noviembre,22,2022,7,42,HORSEY CHURCH ROAD,8,Otro,Rural,Colector Menor,State Highway Agency,0,Sin jurisdiccion especial,99998,38.52685,-75.60386111,Vehiculo en movimiento,Frente a frente,Not an Intersection,No fue interseccion,Sobre calle,Ninguna,Dia total,Despejado,No,NO APLICA,7,41,7,49,1,22/11/2022,6
10,Delaware,100125,0,0,2,0,3,NEW CASTLE (3),0,NO APLICA,11,Noviembre,27,2022,22,40,US-40,2,US Highway,Urbano,Arteria Principal,State Highway Agency,1,Sin jurisdiccion especial,99998,39.60453056,-75.7668,Vehiculo en movimiento,Frente a frente,Not an Intersection,No fue interseccion,Sobre calle,Ninguna,Oscuro con iluminacion,Despejado,No,NO APLICA,22,40,22,49,1,27/11/2022,2
10,Delaware,100126,1,1,1,0,3,NEW CASTLE (3),490,WILMINGTON,11,Noviembre,28,2022,21,50,US-13 NORTHEAST BLVD,2,US Highway,Urbano,Arteria Principal,State Highway Agency,1,Sin jurisdiccion especial,55,39.75199444,-75.52539167,Banqueta,El primer evento no fue una colision con un vehiculo automotor en transporte,Four-Way Intersection,Interseccion de 4 direcciones,Sobre el lado de la calle,Ninguna,Oscuro con iluminacion,Despejado,No,NO APLICA,4,15,4,20,1,28/11/2022,1
10,Delaware,100127,0,0,2,0,3,NEW CASTLE (3),0,NO APLICA,11,Noviembre,30,2022,23,30,I-495,1,Interestatal,Urbano,Interestatal,State Highway Agency,1,Sin jurisdiccion especial,99998,39.74478889,-75.51321944,Vehiculo en movimiento,Frente a frente,Not an Intersection,No fue interseccion,Sobre calle,Ninguna,Oscuro - iluminacion desconocida,Despejado,No,NO APLICA,23,37,23,42,4,30/11/2022,4
10,Delaware,100128,0,0,2,0,3,NEW CASTLE (3),0,NO APLICA,12,Diciembre,3,2022,22,17,I-95,1,Interestatal,Urbano,Interestatal,State Highway Agency,1,Sin jurisdiccion especial,99998,39.66416111,-75.69018889,Vehiculo en movimiento,Frente a Detrás,Not an Intersection,No fue interseccion,Sobre calle,Ninguna,Oscuro sin iluminacion,Despejado,No,NO APLICA,22,19,22,24,1,03/12/2022,3
10,Delaware,100129,1,1,1,0,1,KENT (1),0,NO APLICA,12,Diciembre,4,2022,18,28,SR-1,3,Highway estatal,Rural,Arteria Principal,State Highway Agency,1,Sin jurisdiccion especial,99998,38.94943889,-75.42583889,Peaton,El primer evento no fue una colision con un vehiculo automotor en transporte,Four-Way Intersection,Interseccion de 4 direcciones,Sobre calle,Ninguna,Oscuro sin iluminacion,Despejado,No,NO APLICA,18,28,18,37,1,04/12/2022,2
10,Delaware,100130,0,0,2,0,5,SUSSEX (5),0,NO APLICA,12,Diciembre,5,2022,13,22,CANNON RD,8,Otro,Rural,Colector Mayor,State Highway Agency,0,Sin jurisdiccion especial,51,38.70766944,-75.6274,Vehiculo en movimiento,Angulo,Four-Way Intersection,Interseccion de 4 direcciones,Sobre calle,Ninguna,Dia total,Despejado,No,NO APLICA,13,22,13,29,1,05/12/2022,2
10,Delaware,100131,1,1,1,0,5,SUSSEX (5),420,SEAFORD,12,Diciembre,8,2022,20,17,NORMAN ESKRIDGE HWY,8,Otro,Rural,Local,State Highway Agency,0,Sin jurisdiccion especial,99998,38.64846944,-75.60796111,Peaton,El primer evento no fue una colision con un vehiculo automotor en transporte,Not an Intersection,No fue interseccion,Sobre calle,Ninguna,Oscuro sin iluminacion,Despejado,No,NO APLICA,20,17,20,21,1,08/12/2022,2
10,Delaware,100132,0,0,2,0,5,SUSSEX (5),0,NO APLICA,12,Diciembre,10,2022,15,38,CR-265,4,Calle del Condado,Rural,Colector Mayor,State Highway Agency,0,Sin jurisdiccion especial,99998,38.74823889,-75.20715,Vehiculo en movimiento,Frente a frente,Not an Intersection,No fue interseccion,Sobre calle,Ninguna,Dia total,Despejado,No,NO APLICA,15,36,15,43,2,10/12/2022,5
10,Delaware,100133,0,0,1,0,3,NEW CASTLE (3),490,WILMINGTON,12,Diciembre,10,2022,9,7,I-295,1,Interestatal,Urbano,Colector Mayor,State Highway Agency,1,Sin jurisdiccion especial,7,88.8888,888.8888,Barrera de Trafico de Concreto,El primer evento no fue una colision con un vehiculo automotor en transporte,Not an Intersection,No fue interseccion,Sobre calle,Ninguna,Dia total,Despejado,No,NO APLICA,99,99,99,99,1,10/12/2022,1
10,Delaware,100134,0,0,1,0,1,KENT (1),0,NO APLICA,12,Diciembre,12,2022,17,55,CR-88,4,Calle del Condado,Rural,Local,State Highway Agency,0,Sin jurisdiccion especial,99998,39.21971944,-75.52218889,Arbol,El primer evento no fue una colision con un vehiculo automotor en transporte,Not an Intersection,No fue interseccion,Sobre el lado de la calle,Ninguna,Oscuro sin iluminacion,Nublado,No,NO APLICA,17,59,18,7,1,12/12/2022,2
10,Delaware,100135,2,2,1,0,1,KENT (1),0,NO APLICA,12,Diciembre,13,2022,18,15,US-13,2,US Highway,Urbano,Arteria Principal,State Highway Agency,1,Sin jurisdiccion especial,22,39.13241111,-75.52851944,Ciclista,El primer evento no fue una colision con un vehiculo automotor en transporte,Four-Way Intersection,Interseccion de 4 direcciones,Sobre calle,Ninguna,Oscuro sin iluminacion,Nublado,No,NO APLICA,99,99,99,99,1,13/12/2022,2
10,Delaware,100136,0,0,1,0,3,NEW CASTLE (3),0,NO APLICA,12,Diciembre,14,2022,10,56,OLD STATE RD,8,Otro,Urbano,Colector Menor,State Highway Agency,0,Sin jurisdiccion especial,99998,39.42731944,-75.65155,Culvert,El primer evento no fue una colision con un vehiculo automotor en transporte,Not an Intersection,No fue interseccion,Sobre el lado de la calle,Ninguna,Dia total,Despejado,No,NO APLICA,10,57,11,1,1,14/12/2022,1
10,Delaware,100137,0,0,4,0,3,NEW CASTLE (3),0,NO APLICA,12,Diciembre,16,2022,12,15,SR-141,3,Highway estatal,Urbano,Arteria Principal,State Highway Agency,0,Sin jurisdiccion especial,7,39.6682,-75.58173056,Vehiculo en movimiento,Angulo,Not an Intersection,No fue interseccion,Sobre calle,Ninguna,Dia total,Nublado,No,NO APLICA,12,23,12,24,1,16/12/2022,4
10,Delaware,100138,0,0,2,0,1,KENT (1),0,NO APLICA,12,Diciembre,18,2022,15,48,IRISH HILL RD,8,Otro,Rural,Colector Mayor,State Highway Agency,0,Sin jurisdiccion especial,99998,39.05136944,-75.52178889,Vehiculo en movimiento,Frente a frente,T-Intersection,Interseccion de T,Sobre calle,Ninguna,Dia total,Despejado,No,NO APLICA,15,50,16,8,1,18/12/2022,6
10,Delaware,100139,1,1,1,0,3,NEW CASTLE (3),0,NO APLICA,8,Agosto,29,2022,6,16,MIDDLETOWN ODESSA RD,6,Calle Local Municipalidad,Urbano,Local,State Highway Agency,0,Sin jurisdiccion especial,99998,39.45328889,-75.6828,Peaton,El primer evento no fue una colision con un vehiculo automotor en transporte,Not an Intersection,No fue interseccion,Sobre calle,Ninguna,Amanecer,Nublado,No,NO APLICA,88,88,88,88,1,29/08/2022,1
10,Delaware,100140,0,0,3,0,3,NEW CASTLE (3),0,NO APLICA,12,Diciembre,21,2022,7,33,US-13,2,US Highway,Urbano,Arteria Principal,State Highway Agency,1,Sin jurisdiccion especial,99998,39.70393056,-75.56948056,Vehiculo en movimiento,Golpe Lateral - misma direccion,Four-Way Intersection,Interseccion de 4 direcciones,Sobre calle,Ninguna,Dia total,Despejado,No,NO APLICA,7,34,7,38,1,21/12/2022,4
10,Delaware,100141,0,0,1,0,1,KENT (1),0,NO APLICA,12,Diciembre,21,2022,12,57,SR-9 BAYSIDE DR,3,Highway estatal,Rural,Arteria Principal,State Highway Agency,0,Sin jurisdiccion especial,99998,39.12835,-75.44353889,Volcadura,El primer evento no fue una colision con un vehiculo automotor en transporte,Not an Intersection,No fue interseccion,Sobre el lado de la calle,Ninguna,Dia total,Despejado,No,NO APLICA,12,59,13,11,1,21/12/2022,2
10,Delaware,100142,0,0,2,0,5,SUSSEX (5),0,NO APLICA,12,Diciembre,24,2022,19,59,US-9,2,US Highway,Rural,Arteria Principal,State Highway Agency,1,Sin jurisdiccion especial,298,38.73918889,-75.20571111,Vehiculo en movimiento,Angulo,T-Intersection,Interseccion de T,Sobre calle,Ninguna,Oscuro sin iluminacion,Despejado,No,NO APLICA,19,59,20,18,3,24/12/2022,8
10,Delaware,100143,1,1,1,0,3,NEW CASTLE (3),0,NO APLICA,12,Diciembre,25,2022,21,33,US-40,2,US Highway,Urbano,Arteria Principal,State Highway Agency,1,Sin jurisdiccion especial,50,39.61708056,-75.69776944,Peaton,El primer evento no fue una colision con un vehiculo automotor en transporte,Not an Intersection,No fue interseccion,Sobre calle,Ninguna,Oscuro sin iluminacion,Despejado,No,NO APLICA,21,33,21,37,1,25/12/2022,3
10,Delaware,100144,0,0,2,0,3,NEW CASTLE (3),0,NO APLICA,12,Diciembre,27,2022,20,54,SR-4,3,Highway estatal,Urbano,Colector Mayor,State Highway Agency,0,Sin jurisdiccion especial,15,39.68498889,-75.6834,Vehiculo en movimiento,Frente a Detrás,Not an Intersection,No fue interseccion,Sobre calle,Ninguna,Oscuro - iluminacion desconocida,Despejado,No,NO APLICA,20,54,20,59,1,27/12/2022,3
10,Delaware,100145,0,1,2,1,3,NEW CASTLE (3),0,NO APLICA,12,Diciembre,30,2022,2,3,I-495,1,Interestatal,Urbano,Interestatal,State Highway Agency,1,Sin jurisdiccion especial,99998,39.71445,-75.58126111,Vehiculo Aparcado,El primer evento no fue una colision con un vehiculo automotor en transporte,Not an Intersection,No fue interseccion,Sobre Acotamiento,Ninguna,Oscuro sin iluminacion,Despejado,No,NO APLICA,2,6,2,13,1,30/12/2022,1
10,Delaware,100146,1,1,1,0,5,SUSSEX (5),0,NO APLICA,12,Diciembre,30,2022,21,53,SR-1,3,Highway estatal,Rural,Arteria Principal,State Highway Agency,1,Sin jurisdiccion especial,99998,38.7372,-75.14216111,Peaton,El primer evento no fue una colision con un vehiculo automotor en transporte,Not an Intersection,No fue interseccion,Sobre calle,Ninguna,Oscuro con iluminacion,Despejado,No,NO APLICA,21,53,21,57,1,30/12/2022,1
11,District of Columbia,110001,1,1,1,0,1,DISTRICT OF COLUMBIA (1),10,WASHINGTON,2,Febrero,7,2022,21,5,SOUTH DAKOTA AVE NE,6,Calle Local Municipalidad,Urbano,Arteria Principal,City or Municipal Highway Agency,1,Sin jurisdiccion especial,0,38.95428611,-76.99887778,Peaton,El primer evento no fue una colision con un vehiculo automotor en transporte,Four-Way Intersection,Interseccion de 4 direcciones,Sobre calle,Ninguna,Oscuro con iluminacion,lluvia,No,NO APLICA,21,5,21,11,1,07/02/2022,1
11,District of Columbia,110002,1,1,1,0,1,DISTRICT OF COLUMBIA (1),10,WASHINGTON,2,Febrero,23,2022,19,8,BRENTWOOD RD NW,6,Calle Local Municipalidad,Urbano,Colector Mayor,City or Municipal Highway Agency,0,Sin jurisdiccion especial,99998,38.91753333,-76.99334722,Peaton,El primer evento no fue una colision con un vehiculo automotor en transporte,Not an Intersection,No fue interseccion,Sobre calle,Ninguna,Oscuro con iluminacion,Despejado,No,NO APLICA,99,99,99,99,1,23/02/2022,1
11,District of Columbia,110003,0,0,6,4,1,DISTRICT OF COLUMBIA (1),10,WASHINGTON,2,Febrero,26,2022,2,41,SOUTHERN AVE SE,6,Calle Local Municipalidad,Urbano,Arteria Menor,City or Municipal Highway Agency,0,Sin jurisdiccion especial,0,38.87772222,-76.928875,Vehiculo en movimiento,Angulo,Not an Intersection,No fue interseccion,Sobre calle,Ninguna,Oscuro con iluminacion,Despejado,No,NO APLICA,2,41,2,53,1,26/02/2022,3
11,District of Columbia,110004,0,1,3,1,1,DISTRICT OF COLUMBIA (1),10,WASHINGTON,3,Marzo,8,2022,18,44,I-695,1,Interestatal,Urbano,Interestatal,State Highway Agency,1,Sin jurisdiccion especial,0,38.88022222,-77.00139444,Vehiculo Aparcado,El primer evento no fue una colision con un vehiculo automotor en transporte,Not an Intersection,No fue interseccion,Gore?,Ninguna,Oscuro con iluminacion,Despejado,No,NO APLICA,99,99,99,99,2,08/03/2022,3
11,District of Columbia,110005,8,8,1,0,1,DISTRICT OF COLUMBIA (1),10,WASHINGTON,3,Marzo,11,2022,12,17,CONNECTICUT AVE NW,6,Calle Local Municipalidad,Urbano,Arteria Principal,City or Municipal Highway Agency,1,Sin jurisdiccion especial,99998,38.96349167,-77.07494444,Peaton,El primer evento no fue una colision con un vehiculo automotor en transporte,Not an Intersection,No fue interseccion,Sobre el lado de la calle,Ninguna,Dia total,Despejado,No,NO APLICA,12,18,12,23,2,11/03/2022,1
11,District of Columbia,110006,0,0,2,0,1,DISTRICT OF COLUMBIA (1),10,WASHINGTON,3,Marzo,16,2022,17,23,US-29 GEORGIA AVE NW,2,US Highway,Urbano,Arteria Principal,City or Municipal Highway Agency,1,Sin jurisdiccion especial,99998,38.92236389,-77.02218611,Vehiculo en movimiento,Angulo,T-Intersection,Interseccion de T,Sobre calle,Ninguna,Dia total,Despejado,No,NO APLICA,17,24,17,27,1,16/03/2022,2
11,District of Columbia,110007,1,1,2,0,1,DISTRICT OF COLUMBIA (1),10,WASHINGTON,3,Marzo,17,2022,20,22,NEW JERSEY AVE NW,6,Calle Local Municipalidad,Urbano,Colector Mayor,City or Municipal Highway Agency,0,Sin jurisdiccion especial,0,38.90530278,-77.01472778,Peaton,El primer evento no fue una colision con un vehiculo automotor en transporte,Four-Way Intersection,Interseccion de 4 direcciones,Sobre calle,Ninguna,Oscuro con iluminacion,Despejado,No,NO APLICA,20,22,20,26,1,17/03/2022,2
11,District of Columbia,110008,1,1,1,0,1,DISTRICT OF COLUMBIA (1),10,WASHINGTON,3,Marzo,25,2022,23,30,BENNING RD SE,6,Calle Local Municipalidad,Urbano,Arteria Menor,City or Municipal Highway Agency,0,Sin jurisdiccion especial,0,38.87845278,-76.93143333,Peaton,El primer evento no fue una colision con un vehiculo automotor en transporte,Not an Intersection,No fue interseccion,Sobre calle,Ninguna,Oscuro con iluminacion,Despejado,No,NO APLICA,23,35,23,40,1,25/03/2022,1
11,District of Columbia,110009,0,0,2,0,1,DISTRICT OF COLUMBIA (1),10,WASHINGTON,4,Abril,3,2022,1,20,MLK JR AVE SE,6,Calle Local Municipalidad,Urbano,Arteria Menor,City or Municipal Highway Agency,0,Sin jurisdiccion especial,0,38.84185833,-77.00315833,Vehiculo en movimiento,Frente a frente,Not an Intersection,No fue interseccion,Sobre calle,Ninguna,Oscuro con iluminacion,Despejado,No,NO APLICA,1,21,1,23,2,03/04/2022,6
11,District of Columbia,110010,1,1,1,0,1,DISTRICT OF COLUMBIA (1),10,WASHINGTON,5,Mayo,2,2022,2,30,FLORIDA AVE NW,6,Calle Local Municipalidad,Urbano,Arteria Principal,City or Municipal Highway Agency,1,Sin jurisdiccion especial,0,38.91111389,-77.0098,Peaton,El primer evento no fue una colision con un vehiculo automotor en transporte,Not an Intersection,No fue interseccion,Sobre calle,Ninguna,Oscuro con iluminacion,Despejado,No,NO APLICA,2,32,2,38,1,02/05/2022,4
11,District of Columbia,110011,1,1,1,0,1,DISTRICT OF COLUMBIA (1),10,WASHINGTON,5,Mayo,8,2022,23,30,CONNECTICUT AVE NW,6,Calle Local Municipalidad,Urbano,Arteria Principal,City or Municipal Highway Agency,1,Sin jurisdiccion especial,0,38.96008056,-77.07278056,Peaton,El primer evento no fue una colision con un vehiculo automotor en transporte,Not an Intersection,No fue interseccion,Sobre calle,Ninguna,Oscuro con iluminacion,Despejado,No,NO APLICA,21,50,21,54,1,08/05/2022,1
11,District of Columbia,110012,0,0,1,0,1,DISTRICT OF COLUMBIA (1),10,WASHINGTON,6,Junio,27,2022,2,58,BENNING RD NE,6,Calle Local Municipalidad,Urbano,Arteria Principal,City or Municipal Highway Agency,1,Sin jurisdiccion especial,0,38.89748056,-76.96825,Poste,El primer evento no fue una colision con un vehiculo automotor en transporte,Not an Intersection,No fue interseccion,Sobre el lado de la calle,Ninguna,Oscuro con iluminacion,Despejado,No,NO APLICA,3,1,3,12,1,27/06/2022,1