Estado,Nombre de Estado,Numero de Caso,Peatones,Personas _no_vehiculos,Vehiculos automotores,Vehiculos estacionados,Condado,Nombre Condado,Ciudad,Nombre Ciudad,Mes,Nombre Mes,Dia,Año,Hora,Minuto,Calle,Ruta,Nombre Ruta,Rural o Urbanoo,Sistema Funcional,Dueño Calle,Sistema Nacional Carreteras,Jurisdiccion Especial,Milla,Latitud,Longitud,Causa del Accidente,Tipo de Accidente,Tipo Interseccion,Columna1,Lugar en la calle,Zona de Trabajo,Luz,Clima,Autobus Escolar,Cruce de Trenes,Hora Notificacion,Minuto Notificacion,Hora Llegada,Minuto Llegada,Decesos,Fecha,PersonaVehiculo
11,District of Columbia,110013,2,2,1,0,1,DISTRICT OF COLUMBIA (1),10,WASHINGTON,7,Julio,2,2022,17,27,MINNESOTA AVE NE,6,Calle Local Municipalidad,Urbano,Arteria Menor,City or Municipal Highway Agency,0,Sin jurisdiccion especial,0,38.90194722,-76.94260556,Ciclista,El primer evento no fue una colision con un vehiculo automotor en transporte,Four-Way Intersection,Interseccion de 4 direcciones,Sobre calle,Ninguna,Dia total,Despejado,No,NO APLICA,17,27,17,28,2,02/07/2022,2
11,District of Columbia,110014,1,1,1,0,1,DISTRICT OF COLUMBIA (1),10,WASHINGTON,7,Julio,15,2022,2,31,7TH ST NW,6,Calle Local Municipalidad,Urbano,Arteria Principal,City or Municipal Highway Agency,1,Sin jurisdiccion especial,0,38.9123,-77.02178611,Ciclista,El primer evento no fue una colision con un vehiculo automotor en transporte,Four-Way Intersection,Interseccion de 4 direcciones,Sobre calle,Ninguna,Oscuro con iluminacion,Despejado,No,NO APLICA,2,52,2,56,1,15/07/2022,1
11,District of Columbia,110015,1,1,1,0,1,DISTRICT OF COLUMBIA (1),10,WASHINGTON,7,Julio,20,2022,8,9,21ST ST NW,6,Calle Local Municipalidad,Urbano,Colector Mayor,City or Municipal Highway Agency,0,Sin jurisdiccion especial,0,38.90066389,-77.04673611,Ciclista,El primer evento no fue una colision con un vehiculo automotor en transporte,Four-Way Intersection,Interseccion de 4 direcciones,Sobre calle,Ninguna,Dia total,Despejado,No,NO APLICA,8,11,8,15,1,20/07/2022,1
11,District of Columbia,110016,1,1,1,0,1,DISTRICT OF COLUMBIA (1),10,WASHINGTON,8,Agosto,3,2022,16,11,VIRGINIA AVE NW,6,Calle Local Municipalidad,Urbano,Arteria Menor,City or Municipal Highway Agency,0,Sin jurisdiccion especial,0,38.89573333,-77.04757222,Peaton,El primer evento no fue una colision con un vehiculo automotor en transporte,Not an Intersection,No fue interseccion,Sobre calle,Ninguna,Dia total,Despejado,No,NO APLICA,16,12,16,15,1,03/08/2022,1
11,District of Columbia,110017,0,0,2,0,1,DISTRICT OF COLUMBIA (1),10,WASHINGTON,9,Septiembre,2,2022,18,30,51ST ST SE,6,Calle Local Municipalidad,Urbano,Colector Mayor,City or Municipal Highway Agency,0,Sin jurisdiccion especial,0,38.88634167,-76.92808889,Vehiculo en movimiento,Frente a Detrás,Four-Way Intersection,Interseccion de 4 direcciones,Sobre calle,Ninguna,Dia total,Despejado,No,NO APLICA,18,38,18,41,1,02/09/2022,2
11,District of Columbia,110018,1,1,1,0,1,DISTRICT OF COLUMBIA (1),10,WASHINGTON,9,Septiembre,4,2022,20,29,SOUTHERN AVE SE,6,Calle Local Municipalidad,Urbano,Arteria Menor,City or Municipal Highway Agency,0,Sin jurisdiccion especial,0,38.83203611,-76.98740278,Peaton,El primer evento no fue una colision con un vehiculo automotor en transporte,Four-Way Intersection,Interseccion de 4 direcciones,Sobre calle,Construccion,Oscuro con iluminacion,Despejado,No,NO APLICA,20,30,20,35,1,04/09/2022,1
11,District of Columbia,110019,0,0,2,0,1,DISTRICT OF COLUMBIA (1),10,WASHINGTON,9,Septiembre,24,2022,0,38,CANAL RD NW,6,Calle Local Municipalidad,Urbano,Arteria Principal,City or Municipal Highway Agency,1,Sin jurisdiccion especial,0,38.93033056,-77.1118,Vehiculo en movimiento,Frente a frente,T-Intersection,Interseccion de T,Sobre calle,Ninguna,Oscuro con iluminacion,Despejado,No,NO APLICA,0,41,0,47,1,24/09/2022,2
11,District of Columbia,110020,1,1,1,0,1,DISTRICT OF COLUMBIA (1),10,WASHINGTON,10,Octubre,5,2022,5,21,MASSACHUSETTS AVE NW,6,Calle Local Municipalidad,Urbano,Arteria Principal,City or Municipal Highway Agency,1,Sin jurisdiccion especial,0,38.90366944,-77.026125,Peaton,El primer evento no fue una colision con un vehiculo automotor en transporte,Four-Way Intersection,Interseccion de 4 direcciones,Sobre calle,Ninguna,Oscuro sin iluminacion,lluvia,No,NO APLICA,5,21,5,25,1,05/10/2022,1
11,District of Columbia,110021,1,1,1,0,1,DISTRICT OF COLUMBIA (1),10,WASHINGTON,11,Noviembre,24,2022,4,52,E CAPITOL ST SE,6,Calle Local Municipalidad,Urbano,Colector Mayor,City or Municipal Highway Agency,0,Sin jurisdiccion especial,0,38.88980833,-76.91788889,Peaton,El primer evento no fue una colision con un vehiculo automotor en transporte,Four-Way Intersection,Interseccion de 4 direcciones,Sobre calle,Ninguna,Oscuro con iluminacion,Despejado,No,NO APLICA,4,16,4,24,1,24/11/2022,1
11,District of Columbia,110022,1,1,2,1,1,DISTRICT OF COLUMBIA (1),10,WASHINGTON,11,Noviembre,25,2022,13,30,K ST NW,6,Calle Local Municipalidad,Urbano,Arteria Menor,City or Municipal Highway Agency,0,Sin jurisdiccion especial,0,38.902475,-76.993125,Peaton,El primer evento no fue una colision con un vehiculo automotor en transporte,Not an Intersection,No fue interseccion,En estacionamiento,Ninguna,Dia total,Despejado,No,NO APLICA,99,99,99,99,1,25/11/2022,2
11,District of Columbia,110023,0,0,2,0,1,DISTRICT OF COLUMBIA (1),10,WASHINGTON,11,Noviembre,26,2022,18,3,CENTRAL AVE SE,6,Calle Local Municipalidad,Urbano,Arteria Menor,City or Municipal Highway Agency,0,Sin jurisdiccion especial,0,38.88829167,-76.92686667,Vehiculo en movimiento,Frente a frente,Four-Way Intersection,Interseccion de 4 direcciones,Sobre calle,Ninguna,Oscuro con iluminacion,Despejado,No,NO APLICA,18,6,18,7,1,26/11/2022,3
11,District of Columbia,110024,0,0,1,0,1,DISTRICT OF COLUMBIA (1),10,WASHINGTON,12,Diciembre,5,2022,9,11,BLADENSBURG RD NE,6,Calle Local Municipalidad,Urbano,Arteria Menor,City or Municipal Highway Agency,0,Sin jurisdiccion especial,0,38.91841667,-76.97152222,"La carga del vehiculo (cambio, perdida, o otro)",El primer evento no fue una colision con un vehiculo automotor en transporte,T-Intersection,Interseccion de T,Sobre calle,Ninguna,Dia total,Despejado,No,NO APLICA,99,99,99,99,1,05/12/2022,1
11,District of Columbia,110025,0,0,2,0,1,DISTRICT OF COLUMBIA (1),10,WASHINGTON,12,Diciembre,9,2022,22,59,MLK JR AVE SE,6,Calle Local Municipalidad,Urbano,Arteria Menor,City or Municipal Highway Agency,0,Sin jurisdiccion especial,0,38.84755278,-76.99598611,Vehiculo en movimiento,Angulo,T-Intersection,Interseccion de T,Sobre calle,Ninguna,Oscuro con iluminacion,Despejado,No,NO APLICA,99,99,99,99,1,09/12/2022,2
11,District of Columbia,110026,1,1,1,0,1,DISTRICT OF COLUMBIA (1),10,WASHINGTON,12,Diciembre,17,2022,20,11,8TH ST NE,6,Calle Local Municipalidad,Urbano,Colector Mayor,City or Municipal Highway Agency,0,Sin jurisdiccion especial,0,38.929675,-76.99494167,Peaton,El primer evento no fue una colision con un vehiculo automotor en transporte,Not an Intersection,No fue interseccion,Sobre calle,Ninguna,Oscuro con iluminacion,Despejado,No,NO APLICA,20,11,20,15,1,17/12/2022,1
11,District of Columbia,110027,0,0,2,0,1,DISTRICT OF COLUMBIA (1),10,WASHINGTON,11,Noviembre,29,2022,23,50,GRANT CIRCLE NW,6,Calle Local Municipalidad,Urbano,Arteria Menor,City or Municipal Highway Agency,0,Sin jurisdiccion especial,0,38.94325556,-77.01999444,Vehiculo en movimiento,Frente a Detrás,Roundabout,Glorieta,Sobre calle,Ninguna,Oscuro con iluminacion,Despejado,No,NO APLICA,23,50,23,54,1,29/11/2022,5
11,District of Columbia,110028,2,3,3,1,1,DISTRICT OF COLUMBIA (1),10,WASHINGTON,12,Diciembre,30,2022,16,30,14TH ST NW,6,Calle Local Municipalidad,Urbano,Arteria Principal,City or Municipal Highway Agency,1,Sin jurisdiccion especial,0,38.89936944,-77.03199444,Vehiculo en movimiento,Angulo,Four-Way Intersection,Interseccion de 4 direcciones,Sobre calle,Ninguna,Dia total,Despejado,No,NO APLICA,16,32,16,35,1,30/12/2022,2
12,Florida,120001,0,0,1,0,31,DUVAL (31),1510,JACKSONVILLE,1,Enero,1,2022,12,10,GREGORY DR,6,Calle Local Municipalidad,Urbano,Local,City or Municipal Highway Agency,0,Sin jurisdiccion especial,99998,30.26250556,-81.77731111,Barda,El primer evento no fue una colision con un vehiculo automotor en transporte,Not an Intersection,No fue interseccion,Sobre el lado de la calle,Ninguna,Dia total,Despejado,No,NO APLICA,99,99,99,99,1,01/01/2022,1
12,Florida,120002,0,0,2,0,105,POLK (105),1690,LAKELAND,1,Enero,1,2022,16,26,US-98,2,US Highway,Urbano,Arteria Principal,State Highway Agency,1,Sin jurisdiccion especial,99998,28.02589722,-81.92701944,Vehiculo en movimiento,Frente a frente,Four-Way Intersection,Interseccion de 4 direcciones,Sobre calle,Ninguna,Dia total,Despejado,No,NO APLICA,99,99,99,99,1,01/01/2022,6
12,Florida,120003,1,1,1,0,71,LEE (71),1070,FORT MYERS,1,Enero,1,2022,0,58,SR-739,3,Highway estatal,Urbano,Arteria Principal,State Highway Agency,1,Sin jurisdiccion especial,99998,26.62440833,-81.86208889,Peaton,El primer evento no fue una colision con un vehiculo automotor en transporte,Not an Intersection,No fue interseccion,Sobre calle,Ninguna,Oscuro sin iluminacion,Neblina o Humo,No,NO APLICA,99,99,99,99,1,01/01/2022,2
12,Florida,120004,0,0,1,0,57,HILLSBOROUGH (57),0,NO APLICA,1,Enero,2,2022,19,10,W KNIGHTS GRIFFIN RD,6,Calle Local Municipalidad,Rural,Local,Not Reported,0,Sin jurisdiccion especial,99998,28.07634167,-82.22678056,Otro objeto (fijo),El primer evento no fue una colision con un vehiculo automotor en transporte,Not an Intersection,No fue interseccion,"Fuera de la calle, ubicacion desconocida",Ninguna,Oscuro sin iluminacion,Despejado,No,NO APLICA,99,99,99,99,1,02/01/2022,1
12,Florida,120005,0,0,2,0,57,HILLSBOROUGH (57),0,NO APLICA,1,Enero,3,2022,9,51,FLETCHER AV,6,Calle Local Municipalidad,Urbano,Arteria Menor,Not Reported,0,Sin jurisdiccion especial,99998,28.0688,-82.47026389,Vehiculo en movimiento,Angulo,Not an Intersection,No fue interseccion,Sobre calle,Ninguna,Dia total,Despejado,No,NO APLICA,99,99,99,99,1,03/01/2022,3
12,Florida,120006,0,0,3,0,117,SEMINOLE (117),2770,SANFORD,1,Enero,1,2022,0,27,MARTIN LUTHER KING JR BLVD,6,Calle Local Municipalidad,Urbano,Arteria Menor,Not Reported,0,Sin jurisdiccion especial,99998,28.79727778,-81.30226111,Vehiculo en movimiento,Golpe Lateral - misma direccion,Not an Intersection,No fue interseccion,Sobre calle,Ninguna,Oscuro sin iluminacion,Neblina o Humo,No,NO APLICA,99,99,99,99,1,01/01/2022,4
12,Florida,120007,1,1,1,0,95,ORANGE (95),2290,OCOEE,1,Enero,1,2022,20,5,SR-50,3,Highway estatal,Urbano,Arteria Principal,State Highway Agency,1,Sin jurisdiccion especial,99998,28.55159167,-81.53923056,Peaton,El primer evento no fue una colision con un vehiculo automotor en transporte,Not an Intersection,No fue interseccion,Sobre calle,Ninguna,Oscuro con iluminacion,Despejado,No,NO APLICA,99,99,99,99,1,01/01/2022,2
12,Florida,120008,0,0,2,0,31,DUVAL (31),1510,JACKSONVILLE,1,Enero,2,2022,8,56,US-1,2,US Highway,Urbano,Arteria Principal,State Highway Agency,1,Sin jurisdiccion especial,99998,30.32235278,-81.65858333,Vehiculo en movimiento,Frente a frente,Not an Intersection,No fue interseccion,Sobre calle,Ninguna,Dia total,Despejado,No,NO APLICA,99,99,99,99,1,02/01/2022,2
12,Florida,120009,1,1,1,0,103,PINELLAS (103),2530,PINELLAS PARK,1,Enero,2,2022,18,18,SR-694,3,Highway estatal,Urbano,Arteria Principal,State Highway Agency,1,Sin jurisdiccion especial,99998,27.83907778,-82.72718889,Peaton,El primer evento no fue una colision con un vehiculo automotor en transporte,Not an Intersection,No fue interseccion,Sobre calle,Ninguna,Oscuro con iluminacion,Despejado,No,NO APLICA,99,99,99,99,1,02/01/2022,1
12,Florida,120010,1,1,1,0,9,BREVARD (9),2000,MELBOURNE BEACH,1,Enero,4,2022,9,53,SR-A1A,3,Highway estatal,Urbano,Arteria Menor,State Highway Agency,0,Sin jurisdiccion especial,99998,27.96933889,-80.50965,Ciclista,El primer evento no fue una colision con un vehiculo automotor en transporte,Not an Intersection,No fue interseccion,Sobre el lado de la calle,Ninguna,Dia total,Despejado,No,NO APLICA,99,99,99,99,1,04/01/2022,1
12,Florida,120011,0,0,2,0,57,HILLSBOROUGH (57),2950,TAMPA,1,Enero,1,2022,2,23,I-275,1,Interestatal,Urbano,Interestatal,State Highway Agency,1,Sin jurisdiccion especial,99998,27.94135833,-82.54945,Alguien se cayo/avento del vehiculo,El primer evento no fue una colision con un vehiculo automotor en transporte,Not an Intersection,No fue interseccion,Sobre calle,Ninguna,Oscuro con iluminacion,Neblina o Humo,No,NO APLICA,99,99,99,99,1,01/01/2022,4
12,Florida,120012,0,0,2,0,5,BAY (5),2450,PANAMA CITY,1,Enero,4,2022,12,43,SR-368,3,Highway estatal,Urbano,Arteria Menor,State Highway Agency,1,Sin jurisdiccion especial,99998,30.18564722,-85.72095556,Vehiculo en movimiento,Frente a frente,Not an Intersection,No fue interseccion,Sobre calle,Ninguna,Dia total,Despejado,No,NO APLICA,99,99,99,99,1,04/01/2022,2
12,Florida,120013,1,1,1,0,21,COLLIER (21),1465,IMMOKALEE,1,Enero,1,2022,2,48,NEW MARKET ROAD,6,Calle Local Municipalidad,Urbano,Colector Mayor,Not Reported,0,Sin jurisdiccion especial,99998,26.42682778,-81.41656944,Peaton,El primer evento no fue una colision con un vehiculo automotor en transporte,Four-Way Intersection,Interseccion de 4 direcciones,Sobre calle,Ninguna,Oscuro sin iluminacion,Despejado,No,NO APLICA,99,99,99,99,1,01/01/2022,2
12,Florida,120014,0,0,3,0,86,MIAMI-DADE (86),2010,MIAMI,1,Enero,1,2022,7,30,SR-821 SB MM 19,3,Highway estatal,Urbano,Arterial Principal -Freeway o ExpressWay,State Highway Agency,1,Sin jurisdiccion especial,99998,25.65682778,-80.38778056,Vehiculo en movimiento,Frente a frente,Not an Intersection,No fue interseccion,Sobre calle,Ninguna,Dia total,Despejado,No,NO APLICA,99,99,99,99,1,01/01/2022,5
12,Florida,120015,0,0,1,0,31,DUVAL (31),1510,JACKSONVILLE,1,Enero,5,2022,12,20,I-295,1,Interestatal,Urbano,Interestatal,State Highway Agency,1,Sin jurisdiccion especial,99998,30.38781667,-81.75924722,Volcadura,El primer evento no fue una colision con un vehiculo automotor en transporte,Not an Intersection,No fue interseccion,Sobre calle,Ninguna,Dia total,Despejado,No,NO APLICA,99,99,99,99,1,05/01/2022,1
12,Florida,120016,1,1,1,0,86,MIAMI-DADE (86),1440,HOMESTEAD,1,Enero,5,2022,2,50,NE 8TH ST,6,Calle Local Municipalidad,Urbano,Arteria Menor,Not Reported,0,Sin jurisdiccion especial,99998,25.47735278,-80.449125,Peaton,El primer evento no fue una colision con un vehiculo automotor en transporte,Not an Intersection,No fue interseccion,Sobre calle,Ninguna,Oscuro con iluminacion,Despejado,No,NO APLICA,99,99,99,99,1,05/01/2022,1
12,Florida,120018,0,0,2,0,57,HILLSBOROUGH (57),0,NO APLICA,1,Enero,7,2022,6,14,CR-39 S,4,Calle del Condado,Rural,Colector Mayor,Not Reported,0,Sin jurisdiccion especial,99998,27.86683056,-82.14366111,Vehiculo en movimiento,Frente a frente,Not an Intersection,No fue interseccion,Sobre calle,Ninguna,Oscuro sin iluminacion,Despejado,No,NO APLICA,99,99,99,99,2,07/01/2022,4
12,Florida,120019,0,0,3,0,31,DUVAL (31),1510,JACKSONVILLE,1,Enero,5,2022,15,6,HOGAN RD,6,Calle Local Municipalidad,Urbano,Colector Mayor,Not Reported,0,Sin jurisdiccion especial,99998,30.28590278,-81.57906389,Vehiculo en movimiento,Angulo,Four-Way Intersection,Interseccion de 4 direcciones,Sobre calle,Ninguna,Dia total,Nublado,No,NO APLICA,99,99,99,99,1,05/01/2022,4
12,Florida,120020,0,0,2,0,81,MANATEE (81),0,NO APLICA,1,Enero,2,2022,17,55,US-19,2,US Highway,Urbano,Arteria Principal,State Highway Agency,1,Sin jurisdiccion especial,99998,27.56493889,-82.56512222,Vehiculo en movimiento,Angulo,T-Intersection,Interseccion de T,Sobre calle,Ninguna,Atardecer,Despejado,No,NO APLICA,99,99,99,99,1,02/01/2022,4
12,Florida,120021,1,1,1,0,99,PALM BEACH (99),0,NO APLICA,1,Enero,1,2022,14,0,US-27,2,US Highway,Rural,Arteria Principal,State Highway Agency,1,Sin jurisdiccion especial,99998,26.71895278,-80.84313333,Peaton,El primer evento no fue una colision con un vehiculo automotor en transporte,Not an Intersection,No fue interseccion,Sobre calle,Ninguna,Dia total,Despejado,No,NO APLICA,99,99,99,99,1,01/01/2022,2
12,Florida,120022,0,0,2,0,47,HAMILTON (47),3220,WHITE SPRINGS,1,Enero,1,2022,16,50,CR-135,4,Calle del Condado,Urbano,Arteria Menor,Not Reported,0,Sin jurisdiccion especial,99998,30.33123333,-82.75076944,Vehiculo en movimiento,Angulo,Four-Way Intersection,Interseccion de 4 direcciones,Sobre calle,Ninguna,Dia total,Despejado,No,NO APLICA,99,99,99,99,1,01/01/2022,4
12,Florida,120023,0,0,2,0,67,LAFAYETTE (67),0,NO APLICA,1,Enero,3,2022,16,0,CR-251,4,Calle del Condado,Rural,Colector Menor,Not Reported,0,Sin jurisdiccion especial,99998,30.15846111,-83.26593889,Vehiculo en movimiento,Angulo,Four-Way Intersection,Interseccion de 4 direcciones,Sobre calle,Ninguna,Dia total,Despejado,No,NO APLICA,99,99,99,99,1,03/01/2022,2
12,Florida,120024,0,0,2,0,86,MIAMI-DADE (86),0,NO APLICA,1,Enero,2,2022,7,30,SR-997,3,Highway estatal,Rural,Arteria Principal,State Highway Agency,1,Sin jurisdiccion especial,99998,25.89800556,-80.47919722,Vehiculo en movimiento,Frente a Detrás,Not an Intersection,No fue interseccion,Sobre calle,Ninguna,Dia total,Despejado,No,NO APLICA,99,99,99,99,1,02/01/2022,2
12,Florida,120025,1,1,1,0,71,LEE (71),1070,FORT MYERS,1,Enero,7,2022,19,38,SR-884,3,Highway estatal,Urbano,Arteria Principal,State Highway Agency,1,Sin jurisdiccion especial,99998,26.61273056,-81.80836111,Peaton,El primer evento no fue una colision con un vehiculo automotor en transporte,T-Intersection,Interseccion de T,Sobre calle,Ninguna,Oscuro con iluminacion,Despejado,No,NO APLICA,99,99,99,99,1,07/01/2022,1
12,Florida,120026,1,1,1,0,1,ALACHUA (1),1130,GAINESVILLE,1,Enero,4,2022,12,28,NW 8TH AVE,5,Calle Local - Pueblo,Urbano,Colector Mayor,State Highway Agency,0,Sin jurisdiccion especial,99998,29.65944722,-82.33518333,Peaton,El primer evento no fue una colision con un vehiculo automotor en transporte,Four-Way Intersection,Interseccion de 4 direcciones,Sobre calle,Ninguna,Dia total,Despejado,No,NO APLICA,99,99,99,99,1,04/01/2022,1
12,Florida,120027,0,0,2,0,81,MANATEE (81),3148,WEST BRADENTON,1,Enero,4,2022,12,49,SR-64,3,Highway estatal,Urbano,Arteria Principal,State Highway Agency,0,Sin jurisdiccion especial,99998,27.49603889,-82.63337222,Vehiculo en movimiento,Angulo,Four-Way Intersection,Interseccion de 4 direcciones,Sobre calle,Ninguna,Dia total,Despejado,No,NO APLICA,99,99,99,99,1,04/01/2022,2
12,Florida,120028,1,1,1,0,11,BROWARD (11),2468,PEMBROKE PINES,1,Enero,6,2022,14,4,NW 136 AVE,6,Calle Local Municipalidad,Urbano,Colector Menor,Not Reported,0,Sin jurisdiccion especial,99998,26.01378889,-80.32984722,Banqueta,El primer evento no fue una colision con un vehiculo automotor en transporte,Not an Intersection,No fue interseccion,Sobre el lado de la calle,Ninguna,Dia total,Despejado,No,NO APLICA,99,99,99,99,1,06/01/2022,2
12,Florida,120029,1,1,1,0,71,LEE (71),0,NO APLICA,1,Enero,10,2022,21,1,SR-865 SAN CARLOS BLVD,3,Highway estatal,Urbano,Arteria Menor,State Highway Agency,0,Sin jurisdiccion especial,37,26.50335833,-81.94348056,Peaton,El primer evento no fue una colision con un vehiculo automotor en transporte,Not an Intersection,No fue interseccion,Sobre calle,Ninguna,Oscuro sin iluminacion,Despejado,No,NO APLICA,99,99,99,99,1,10/01/2022,1
12,Florida,120030,0,0,2,0,9,BREVARD (9),2822,SHARPES,1,Enero,3,2022,16,0,US-1,2,US Highway,Urbano,Arteria Principal,State Highway Agency,1,Sin jurisdiccion especial,99998,28.41141111,-80.75495278,Culvert,El primer evento no fue una colision con un vehiculo automotor en transporte,Not an Intersection,No fue interseccion,En el medio,Ninguna,Dia total,Despejado,No,NO APLICA,99,99,99,99,1,03/01/2022,3
12,Florida,120031,0,0,2,0,9,BREVARD (9),1990,MELBOURNE,1,Enero,10,2022,14,0,CR-509 N WICKHAM RD,4,Calle del Condado,Urbano,Arteria Principal,County Highway Agency,1,Sin jurisdiccion especial,99998,28.13401389,-80.67173889,Vehiculo en movimiento,Frente a frente,T-Intersection,Interseccion de T,Sobre calle,Ninguna,Dia total,Despejado,No,NO APLICA,99,99,99,99,1,10/01/2022,2
12,Florida,120032,0,0,2,0,69,LAKE (69),580,CLERMONT,1,Enero,11,2022,17,56,US-27,2,US Highway,Urbano,Arteria Principal,State Highway Agency,1,Sin jurisdiccion especial,99998,28.50541111,-81.72093611,Banqueta,El primer evento no fue una colision con un vehiculo automotor en transporte,Four-Way Intersection,Interseccion de 4 direcciones,Sobre el lado de la calle,Ninguna,Dia total,Despejado,No,NO APLICA,99,99,99,99,1,11/01/2022,6
12,Florida,120033,0,0,1,0,11,BROWARD (11),672,CORAL SPRINGS,1,Enero,6,2022,1,13,SR-869 S SAWGRASS EXPY,3,Highway estatal,Urbano,Arterial Principal -Freeway o ExpressWay,State Toll Road,1,Sin jurisdiccion especial,99998,26.302325,-80.28776111,Valla Ferrocarril,El primer evento no fue una colision con un vehiculo automotor en transporte,Not an Intersection,No fue interseccion,En el medio,Ninguna,Oscuro con iluminacion,Despejado,No,NO APLICA,99,99,99,99,1,06/01/2022,1
12,Florida,120034,1,1,1,0,1,ALACHUA (1),0,NO APLICA,1,Enero,3,2022,17,55,US-301,2,US Highway,Rural,Arteria Principal,State Highway Agency,1,Sin jurisdiccion especial,99998,29.73055,-82.14123889,Peaton,El primer evento no fue una colision con un vehiculo automotor en transporte,Not an Intersection,No fue interseccion,Sobre el lado de la calle,Ninguna,Atardecer,Despejado,No,NO APLICA,99,99,99,99,1,03/01/2022,1
12,Florida,120035,0,0,1,0,57,HILLSBOROUGH (57),355,BRANDON,1,Enero,11,2022,23,40,PARSONS AVE,8,Otro,Urbano,Arteria Menor,County Highway Agency,0,Sin jurisdiccion especial,99998,27.94623889,-82.28583333,Banqueta,El primer evento no fue una colision con un vehiculo automotor en transporte,Not an Intersection,No fue interseccion,Sobre el lado de la calle,Ninguna,Oscuro sin iluminacion,Despejado,No,NO APLICA,99,99,99,99,1,11/01/2022,1
12,Florida,120036,0,0,2,0,86,MIAMI-DADE (86),2010,MIAMI,1,Enero,4,2022,23,33,US-1 S DIXIE HWY,2,US Highway,Urbano,Arteria Principal,State Highway Agency,1,Sin jurisdiccion especial,99998,25.74285833,-80.22983333,Volcadura,El primer evento no fue una colision con un vehiculo automotor en transporte,Four-Way Intersection,Interseccion de 4 direcciones,Sobre calle,Ninguna,Oscuro con iluminacion,Despejado,No,NO APLICA,99,99,99,99,1,04/01/2022,2
12,Florida,120037,1,1,2,0,99,PALM BEACH (99),0,NO APLICA,1,Enero,5,2022,20,7,SR-80,3,Highway estatal,Urbano,Arteria Principal,State Highway Agency,1,Sin jurisdiccion especial,99998,26.70668611,-80.66796667,Peaton,El primer evento no fue una colision con un vehiculo automotor en transporte,T-Intersection,Interseccion de T,Sobre calle,Ninguna,Oscuro sin iluminacion,Despejado,No,NO APLICA,99,99,99,99,1,05/01/2022,1
12,Florida,120038,0,0,3,0,99,PALM BEACH (99),0,NO APLICA,1,Enero,3,2022,6,45,LINTON BLVD,6,Calle Local Municipalidad,Urbano,Arteria Menor,Not Reported,0,Sin jurisdiccion especial,99998,26.43923333,-80.14013333,Vehiculo en movimiento,Angulo,T-Intersection,Interseccion de T,Sobre calle,Ninguna,Amanecer,Despejado,No,NO APLICA,99,99,99,99,1,03/01/2022,4
12,Florida,120039,0,0,2,0,99,PALM BEACH (99),2674,ROYAL PALM BEACH,1,Enero,4,2022,8,5,BELVEDERE RD,6,Calle Local Municipalidad,Urbano,Arteria Menor,Not Reported,0,Sin jurisdiccion especial,99998,26.69151111,-80.19826111,Vehiculo en movimiento,Angulo,Four-Way Intersection,Interseccion de 4 direcciones,Sobre calle,Ninguna,Dia total,Despejado,No,NO APLICA,99,99,99,99,1,04/01/2022,2
12,Florida,120040,0,0,2,0,99,PALM BEACH (99),0,NO APLICA,1,Enero,5,2022,11,22,US-441,2,US Highway,Urbano,Arteria Principal,State Highway Agency,1,Sin jurisdiccion especial,99998,26.72574722,-80.66456111,Vehiculo en movimiento,Angulo,T-Intersection,Interseccion de T,Sobre calle,Ninguna,Dia total,Despejado,No,NO APLICA,99,99,99,99,1,05/01/2022,2
12,Florida,120041,0,0,2,0,99,PALM BEACH (99),1190,GREENACRES CITY,1,Enero,7,2022,22,11,SR-802,3,Highway estatal,Urbano,Arteria Principal,State Highway Agency,1,Sin jurisdiccion especial,99998,26.61857778,-80.11841389,Vehiculo en movimiento,Frente a Detrás,Four-Way Intersection,Interseccion de 4 direcciones,Sobre calle,Ninguna,Oscuro con iluminacion,Despejado,No,NO APLICA,99,99,99,99,1,07/01/2022,2
12,Florida,120042,0,1,3,1,99,PALM BEACH (99),3190,WEST PALM BEACH,1,Enero,3,2022,21,11,I-95,1,Interestatal,Urbano,Interestatal,State Highway Agency,1,Sin jurisdiccion especial,99998,26.65987222,-80.07071944,Vehiculo en movimiento,Golpe Lateral - misma direccion,Not an Intersection,No fue interseccion,Sobre calle,Ninguna,Oscuro con iluminacion,Despejado,No,NO APLICA,99,99,99,99,1,03/01/2022,8
12,Florida,120043,0,0,3,0,71,LEE (71),0,NO APLICA,1,Enero,3,2022,13,42,CR-885,4,Calle del Condado,Urbano,Arteria Menor,County Highway Agency,0,Sin jurisdiccion especial,99998,26.51243333,-81.78561111,Vehiculo en movimiento,Frente a Detrás,Not an Intersection,No fue interseccion,Sobre calle,Ninguna,Dia total,Nublado,No,NO APLICA,99,99,99,99,1,03/01/2022,3
12,Florida,120044,0,0,2,0,123,TAYLOR (123),0,NO APLICA,1,Enero,7,2022,22,0,US-19,2,US Highway,Rural,Arteria Principal,State Highway Agency,1,Sin jurisdiccion especial,99998,30.29105,-83.73686111,Vehiculo en movimiento,Frente a Detrás,Not an Intersection,No fue interseccion,Sobre calle,Ninguna,Oscuro sin iluminacion,Despejado,No,NO APLICA,99,99,99,99,1,07/01/2022,4
12,Florida,120045,0,0,2,0,43,GLADES (43),0,NO APLICA,1,Enero,7,2022,2,30,SR-78,3,Highway estatal,Rural,Arteria Menor,State Highway Agency,0,Sin jurisdiccion especial,99998,26.9976,-81.07378889,Vehiculo en movimiento,Frente a frente,Not an Intersection,No fue interseccion,Sobre calle,Ninguna,Oscuro sin iluminacion,Nublado,No,NO APLICA,99,99,99,99,1,07/01/2022,2