Estado,Nombre de Estado,Numero de Caso,Peatones,Personas _no_vehiculos,Vehiculos automotores,Vehiculos estacionados,Condado,Nombre Condado,Ciudad,Nombre Ciudad,Mes,Nombre Mes,Dia,Año,Hora,Minuto,Calle,Ruta,Nombre Ruta,Rural o Urbanoo,Sistema Funcional,Dueño Calle,Sistema Nacional Carreteras,Jurisdiccion Especial,Milla,Latitud,Longitud,Causa del Accidente,Tipo de Accidente,Tipo Interseccion,Columna1,Lugar en la calle,Zona de Trabajo,Luz,Clima,Autobus Escolar,Cruce de Trenes,Hora Notificacion,Minuto Notificacion,Hora Llegada,Minuto Llegada,Decesos,Fecha,PersonaVehiculo
12,Florida,120046,0,0,1,0,11,BROWARD (11),771,DAVIE,1,Enero,8,2022,18,24,I-595,1,Interestatal,Urbano,Interestatal,State Highway Agency,1,Sin jurisdiccion especial,99998,26.08583056,-80.20576111,Volcadura,El primer evento no fue una colision con un vehiculo automotor en transporte,Not an Intersection,No fue interseccion,Sobre el lado de la calle,Ninguna,Oscuro con iluminacion,Nublado,No,NO APLICA,99,99,99,99,1,08/01/2022,1
12,Florida,120047,0,0,2,0,61,INDIAN RIVER (61),0,NO APLICA,1,Enero,8,2022,10,15,US-1,2,US Highway,Urbano,Arteria Principal,State Highway Agency,1,Sin jurisdiccion especial,99998,27.58688333,-80.37789167,Vehiculo en movimiento,Angulo,T-Intersection,Interseccion de T,Sobre calle,Ninguna,Dia total,Despejado,No,NO APLICA,99,99,99,99,3,08/01/2022,6
12,Florida,120048,0,0,1,0,19,CLAY (19),2056,MIDDLEBURG,1,Enero,2,2022,12,10,CALENDULA CIRCLE,8,Otro,Urbano,Local,County Highway Agency,0,Sin jurisdiccion especial,99998,30.05701389,-81.90282778,Zanja,El primer evento no fue una colision con un vehiculo automotor en transporte,Not an Intersection,No fue interseccion,Sobre el lado de la calle,Ninguna,Dia total,Despejado,No,NO APLICA,99,99,99,99,2,02/01/2022,2
12,Florida,120049,0,0,2,0,55,HIGHLANDS (55),0,NO APLICA,1,Enero,11,2022,8,55,SR-70,3,Highway estatal,Rural,Arteria Principal,State Highway Agency,1,Sin jurisdiccion especial,99998,27.20903889,-81.52327222,Vehiculo en movimiento,Golpe Lateral - direccion contraria,Not an Intersection,No fue interseccion,Sobre calle,Ninguna,Dia total,Nublado,No,NO APLICA,99,99,99,99,1,11/01/2022,3
12,Florida,120050,0,0,1,0,127,VOLUSIA (127),0,NO APLICA,1,Enero,4,2022,23,33,US-1,2,US Highway,Rural,Arteria Principal,State Highway Agency,1,Sin jurisdiccion especial,99998,28.83365,-80.84135833,Poste,El primer evento no fue una colision con un vehiculo automotor en transporte,T-Intersection,Interseccion de T,Sobre el lado de la calle,Ninguna,Oscuro sin iluminacion,Despejado,No,NO APLICA,99,99,99,99,1,04/01/2022,2
12,Florida,120051,0,0,1,0,105,POLK (105),0,NO APLICA,1,Enero,1,2022,16,5,US-27,2,US Highway,Urbano,Arteria Principal,State Highway Agency,1,Sin jurisdiccion especial,99998,28.27275833,-81.66158333,Otro objeto (fijo),El primer evento no fue una colision con un vehiculo automotor en transporte,Not an Intersection,No fue interseccion,Sobre el lado de la calle,"Zona de trabajo, tipo desconocido",Dia total,Despejado,No,NO APLICA,99,99,99,99,1,01/01/2022,1
12,Florida,120052,1,1,1,0,81,MANATEE (81),2440,PALMETTO,1,Enero,13,2022,9,40,US-45,2,US Highway,Urbano,Arteria Principal,State Highway Agency,1,Sin jurisdiccion especial,99998,27.53121389,-82.57295833,Ciclista,El primer evento no fue una colision con un vehiculo automotor en transporte,Not an Intersection,No fue interseccion,Sobre calle,Ninguna,Dia total,Despejado,No,NO APLICA,99,99,99,99,1,13/01/2022,1
12,Florida,120053,1,1,1,0,99,PALM BEACH (99),1190,GREENACRES CITY,1,Enero,10,2022,12,12,SHERWOOD FOREST BLVD,6,Calle Local Municipalidad,Urbano,Arteria Menor,Not Reported,0,Sin jurisdiccion especial,99998,26.63158056,-80.13785278,Ciclista,El primer evento no fue una colision con un vehiculo automotor en transporte,Four-Way Intersection,Interseccion de 4 direcciones,Sobre calle,Ninguna,Dia total,Despejado,No,NO APLICA,99,99,99,99,1,10/01/2022,1
12,Florida,120054,0,0,2,0,97,OSCEOLA (97),0,NO APLICA,1,Enero,4,2022,15,18,I-4,1,Interestatal,Urbano,Interestatal,State Highway Agency,1,Sin jurisdiccion especial,99998,28.30783611,-81.56911389,Vehiculo en movimiento,Frente a Detrás,Not an Intersection,No fue interseccion,Sobre calle,Ninguna,Dia total,Despejado,No,NO APLICA,99,99,99,99,1,04/01/2022,3
12,Florida,120055,0,0,1,0,99,PALM BEACH (99),2674,ROYAL PALM BEACH,1,Enero,13,2022,19,42,HAGEN RANCH RD,6,Calle Local Municipalidad,Urbano,Colector Mayor,Not Reported,0,Sin jurisdiccion especial,99998,26.48980278,-80.16408611,Banqueta,El primer evento no fue una colision con un vehiculo automotor en transporte,Not an Intersection,No fue interseccion,Sobre el lado de la calle,Ninguna,Oscuro con iluminacion,Despejado,No,NO APLICA,99,99,99,99,1,13/01/2022,1
12,Florida,120056,1,1,1,0,11,BROWARD (11),2083,MIRAMAR,1,Enero,15,2022,5,46,SR-821,3,Highway estatal,Urbano,Arterial Principal -Freeway o ExpressWay,State Highway Agency,1,Sin jurisdiccion especial,99998,25.97257778,-80.23586389,Peaton,El primer evento no fue una colision con un vehiculo automotor en transporte,Not an Intersection,No fue interseccion,Sobre calle,Ninguna,Amanecer,Despejado,No,NO APLICA,99,99,99,99,1,15/01/2022,1
12,Florida,120058,1,1,1,0,123,TAYLOR (123),0,NO APLICA,1,Enero,5,2022,0,50,US-19,2,US Highway,Rural,Arteria Principal,State Highway Agency,1,Sin jurisdiccion especial,99998,30.23311667,-83.68441944,Peaton,El primer evento no fue una colision con un vehiculo automotor en transporte,Not an Intersection,No fue interseccion,Sobre calle,Ninguna,Oscuro sin iluminacion,Despejado,No,NO APLICA,99,99,99,99,1,05/01/2022,1
12,Florida,120059,0,0,2,0,105,POLK (105),0,NO APLICA,1,Enero,2,2022,16,23,SR-60,3,Highway estatal,Rural,Arteria Principal,State Highway Agency,1,Sin jurisdiccion especial,99998,27.87465,-81.40041389,Vehiculo en movimiento,Angulo,Four-Way Intersection,Interseccion de 4 direcciones,Sobre calle,Ninguna,Dia total,Despejado,No,NO APLICA,99,99,99,99,1,02/01/2022,2
12,Florida,120060,0,0,2,0,101,PASCO (101),0,NO APLICA,1,Enero,8,2022,21,50,I-75,1,Interestatal,Urbano,Interestatal,State Highway Agency,1,Sin jurisdiccion especial,99998,28.29066944,-82.32543056,Vehiculo en movimiento,Angulo,Not an Intersection,No fue interseccion,Sobre calle,Ninguna,Oscuro sin iluminacion,Despejado,No,NO APLICA,21,53,22,0,3,08/01/2022,5
12,Florida,120061,0,0,1,0,53,HERNANDO (53),2882,SPRING HILL,1,Enero,13,2022,6,24,CR-572,4,Calle del Condado,Urbano,Colector Mayor,Not Reported,0,Sin jurisdiccion especial,99998,28.50356944,-82.50570833,Poste,El primer evento no fue una colision con un vehiculo automotor en transporte,Not an Intersection,No fue interseccion,Sobre el lado de la calle,Ninguna,Oscuro con iluminacion,Despejado,No,NO APLICA,6,24,6,32,1,13/01/2022,1
12,Florida,120062,0,0,1,0,71,LEE (71),0,NO APLICA,1,Enero,16,2022,17,20,30TH ST SW,8,Otro,Urbano,Local,County Highway Agency,0,Sin jurisdiccion especial,99998,26.58595556,-81.67534444,Buzon de correo,El primer evento no fue una colision con un vehiculo automotor en transporte,Not an Intersection,No fue interseccion,Sobre el lado de la calle,Ninguna,Dia total,Despejado,No,NO APLICA,99,99,99,99,1,16/01/2022,1
12,Florida,120063,1,1,1,0,127,VOLUSIA (127),2580,PORT ORANGE,1,Enero,14,2022,19,46,COUNTRY LN,8,Otro,Urbano,Local,City or Municipal Highway Agency,0,Sin jurisdiccion especial,99998,29.110975,-81.00710556,Ciclista,El primer evento no fue una colision con un vehiculo automotor en transporte,Not an Intersection,No fue interseccion,Sobre calle,Ninguna,Oscuro sin iluminacion,Despejado,No,NO APLICA,99,99,99,99,1,14/01/2022,1
12,Florida,120064,0,0,1,0,9,BREVARD (9),0,NO APLICA,1,Enero,15,2022,5,25,HOG VALLEY RD,9,Desconocido,Rural,Local,Not Reported,0,Sin jurisdiccion especial,99998,28.70916389,-80.89593333,Arbol,El primer evento no fue una colision con un vehiculo automotor en transporte,Not an Intersection,No fue interseccion,"Fuera de la calle, ubicacion desconocida",Ninguna,Oscuro sin iluminacion,Despejado,No,NO APLICA,99,99,99,99,1,15/01/2022,2
12,Florida,120065,1,1,1,0,9,BREVARD (9),0,NO APLICA,1,Enero,5,2022,18,35,SR-A1A,3,Highway estatal,Urbano,Arteria Menor,State Highway Agency,0,Sin jurisdiccion especial,99998,27.97028889,-80.51004444,Peaton,El primer evento no fue una colision con un vehiculo automotor en transporte,Not an Intersection,No fue interseccion,Sobre calle,Ninguna,Atardecer,Despejado,No,NO APLICA,99,99,99,99,1,05/01/2022,2
12,Florida,120066,1,1,1,0,57,HILLSBOROUGH (57),0,NO APLICA,1,Enero,14,2022,8,5,GALLAGHER RD,9,Desconocido,Rural,Local,Not Reported,0,Sin jurisdiccion especial,99998,27.97989722,-82.23613889,Peaton,El primer evento no fue una colision con un vehiculo automotor en transporte,Not an Intersection,No fue interseccion,Sobre calle,Ninguna,Dia total,Despejado,No,NO APLICA,99,99,99,99,1,14/01/2022,2
12,Florida,120067,0,0,2,0,57,HILLSBOROUGH (57),0,NO APLICA,1,Enero,17,2022,19,5,W BEARSS AVE,6,Calle Local Municipalidad,Urbano,Arteria Menor,Not Reported,0,Sin jurisdiccion especial,99998,28.08499444,-82.49716111,Vehiculo en movimiento,Angulo,T-Intersection,Interseccion de T,Sobre calle,Ninguna,Oscuro con iluminacion,Nublado,No,NO APLICA,99,99,99,99,1,17/01/2022,2
12,Florida,120068,0,0,1,0,31,DUVAL (31),1510,JACKSONVILLE,1,Enero,18,2022,22,17,POWERS AVE,6,Calle Local Municipalidad,Urbano,Colector Mayor,Not Reported,0,Sin jurisdiccion especial,99998,30.248125,-81.61220278,Poste,El primer evento no fue una colision con un vehiculo automotor en transporte,Not an Intersection,No fue interseccion,Sobre el lado de la calle,Ninguna,Oscuro con iluminacion,Despejado,No,NO APLICA,99,99,99,99,2,18/01/2022,3
12,Florida,120069,0,0,2,0,95,ORANGE (95),2360,ORLANDO,1,Enero,13,2022,6,2,SR-408,3,Highway estatal,Urbano,Arterial Principal -Freeway o ExpressWay,State Highway Agency,1,Sin jurisdiccion especial,99998,28.54841944,-81.45316111,Vehiculo en movimiento,Golpe Lateral - misma direccion,Not an Intersection,No fue interseccion,Sobre calle,Ninguna,Oscuro con iluminacion,Despejado,No,NO APLICA,99,99,99,99,1,13/01/2022,11
12,Florida,120070,0,0,1,0,83,MARION (83),0,NO APLICA,1,Enero,4,2022,1,0,186TH CT,9,Desconocido,Rural,Local,Not Reported,0,Sin jurisdiccion especial,99998,29.15161944,-82.43018056,Arbol,El primer evento no fue una colision con un vehiculo automotor en transporte,Not an Intersection,No fue interseccion,"Fuera de la calle, ubicacion desconocida",Ninguna,Oscuro con iluminacion,Despejado,No,NO APLICA,99,99,99,99,1,04/01/2022,1
12,Florida,120071,0,0,1,0,39,GADSDEN (39),2630,QUINCY,1,Enero,8,2022,21,30,SOUTH GF AND A DR,8,Otro,Urbano,Local,City or Municipal Highway Agency,0,Sin jurisdiccion especial,99998,30.57891111,-84.56029167,Barda,El primer evento no fue una colision con un vehiculo automotor en transporte,Not an Intersection,No fue interseccion,Sobre el lado de la calle,Ninguna,Oscuro sin iluminacion,Despejado,No,NO APLICA,99,99,99,99,1,08/01/2022,1
12,Florida,120072,0,0,1,0,123,TAYLOR (123),0,NO APLICA,1,Enero,15,2022,13,50,CR-160,4,Calle del Condado,Rural,Colector Mayor,Not Reported,0,Sin jurisdiccion especial,99998,30.25166944,-83.63785556,Volcadura,El primer evento no fue una colision con un vehiculo automotor en transporte,Not an Intersection,No fue interseccion,Sobre el lado de la calle,Ninguna,Dia total,Despejado,No,NO APLICA,99,99,99,99,1,15/01/2022,6
12,Florida,120073,0,0,2,0,33,ESCAMBIA (33),0,NO APLICA,1,Enero,16,2022,17,0,SR-292,3,Highway estatal,Urbano,Arteria Principal,State Highway Agency,1,Sin jurisdiccion especial,99998,30.35295278,-87.37964167,Vehiculo en movimiento,Frente a frente,Not an Intersection,No fue interseccion,Sobre calle,Ninguna,Dia total,Despejado,No,NO APLICA,99,99,99,99,2,16/01/2022,3
12,Florida,120074,1,1,1,0,103,PINELLAS (103),0,NO APLICA,1,Enero,14,2022,5,50,SR-686,3,Highway estatal,Urbano,Arteria Menor,State Highway Agency,0,Sin jurisdiccion especial,99998,27.91633889,-82.7261,Peaton,El primer evento no fue una colision con un vehiculo automotor en transporte,Four-Way Intersection,Interseccion de 4 direcciones,Sobre calle,Ninguna,Oscuro con iluminacion,Despejado,No,NO APLICA,99,99,99,99,1,14/01/2022,1
12,Florida,120075,0,0,3,0,83,MARION (83),0,NO APLICA,1,Enero,8,2022,18,41,US-27,2,US Highway,Rural,Arteria Principal,State Highway Agency,1,Sin jurisdiccion especial,99998,29.26503889,-82.32583889,Vehiculo en movimiento,Frente a frente,Not an Intersection,No fue interseccion,Sobre calle,Ninguna,Oscuro sin iluminacion,Despejado,No,NO APLICA,99,99,99,99,2,08/01/2022,4
12,Florida,120076,1,1,1,0,105,POLK (105),120,AUBURNDALE,1,Enero,5,2022,6,24,US-92,2,US Highway,Urbano,Arteria Principal,State Highway Agency,1,Sin jurisdiccion especial,99998,28.05847222,-81.78272778,Peaton,El primer evento no fue una colision con un vehiculo automotor en transporte,Y-Intersection,Interseccion de Y,Sobre calle,Ninguna,Oscuro con iluminacion,Nublado,No,NO APLICA,99,99,99,99,1,05/01/2022,1
12,Florida,120077,0,0,3,0,86,MIAMI-DADE (86),2010,MIAMI,1,Enero,18,2022,20,24,SR-9,3,Highway estatal,Urbano,Arteria Principal,State Highway Agency,1,Sin jurisdiccion especial,99998,25.79975,-80.23982778,Vehiculo en movimiento,Angulo,Four-Way Intersection,Interseccion de 4 direcciones,Sobre calle,Ninguna,Oscuro con iluminacion,Despejado,No,NO APLICA,99,99,99,99,1,18/01/2022,2
12,Florida,120078,1,1,1,0,81,MANATEE (81),340,BRADENTON,1,Enero,7,2022,15,34,SR-64,3,Highway estatal,Urbano,Arteria Principal,State Highway Agency,0,Sin jurisdiccion especial,99998,27.49585833,-82.61671111,Ciclista,El primer evento no fue una colision con un vehiculo automotor en transporte,Not an Intersection,No fue interseccion,Sobre calle,Ninguna,Dia total,Despejado,No,NO APLICA,99,99,99,99,1,07/01/2022,2
12,Florida,120079,1,1,1,0,99,PALM BEACH (99),2840,SOUTH BAY,1,Enero,17,2022,3,57,SR-80,3,Highway estatal,Urbano,Arteria Principal,State Highway Agency,1,Sin jurisdiccion especial,99998,26.66433611,-80.71343333,Peaton,El primer evento no fue una colision con un vehiculo automotor en transporte,Not an Intersection,No fue interseccion,Sobre calle,Ninguna,Oscuro sin iluminacion,Despejado,No,NO APLICA,99,98,99,98,1,17/01/2022,1
12,Florida,120080,1,1,1,0,117,SEMINOLE (117),0,NO APLICA,1,Enero,5,2022,20,3,SR-434,3,Highway estatal,Urbano,Arteria Principal,State Highway Agency,1,Sin jurisdiccion especial,99998,28.63741944,-81.20808056,Peaton,El primer evento no fue una colision con un vehiculo automotor en transporte,Not an Intersection,No fue interseccion,Sobre calle,Ninguna,Oscuro sin iluminacion,Despejado,No,NO APLICA,99,99,99,99,1,05/01/2022,1
12,Florida,120081,0,0,4,0,105,POLK (105),1270,HAINES CITY,1,Enero,6,2022,15,50,HINSON AVENUE E,5,Calle Local - Pueblo,Rural,Local,Not Reported,0,Sin jurisdiccion especial,99998,28.10680278,-81.59456667,Vehiculo en movimiento,Golpe Lateral - direccion contraria,Not an Intersection,No fue interseccion,Sobre calle,Ninguna,Dia total,Nublado,No,NO APLICA,15,53,15,57,1,06/01/2022,5
12,Florida,120082,0,0,2,0,83,MARION (83),0,NO APLICA,1,Enero,18,2022,11,20,NORTHEAST 90 STREET ROAD,9,Desconocido,Rural,Colector Menor,Not Reported,0,Sin jurisdiccion especial,99998,29.28468056,-82.05341111,Volcadura,El primer evento no fue una colision con un vehiculo automotor en transporte,Not an Intersection,No fue interseccion,Sobre el lado de la calle,Ninguna,Dia total,Despejado,No,NO APLICA,99,99,99,99,1,18/01/2022,2
12,Florida,120083,0,0,3,0,131,WALTON (131),0,NO APLICA,1,Enero,10,2022,16,38,US-90,2,US Highway,Rural,Arteria Menor,State Highway Agency,0,Sin jurisdiccion especial,99998,30.74701667,-86.23360833,Vehiculo en movimiento,Frente a Detrás,Not an Intersection,No fue interseccion,Sobre calle,Ninguna,Dia total,Despejado,No,NO APLICA,99,99,99,99,1,10/01/2022,4
12,Florida,120084,0,0,3,0,95,ORANGE (95),0,NO APLICA,1,Enero,8,2022,20,49,US-441,2,US Highway,Urbano,Arteria Principal,State Highway Agency,1,Sin jurisdiccion especial,99998,28.73093056,-81.60605,Vehiculo en movimiento,Angulo,Four-Way Intersection,Interseccion de 4 direcciones,Sobre calle,Ninguna,Oscuro sin iluminacion,Despejado,No,NO APLICA,99,99,99,99,1,08/01/2022,3
12,Florida,120085,0,0,1,0,107,PUTNAM (107),0,NO APLICA,1,Enero,9,2022,2,30,YELVINGTON ROAD,9,Desconocido,Rural,Local,Not Reported,0,Sin jurisdiccion especial,99998,29.63722778,-81.54708611,Volcadura,El primer evento no fue una colision con un vehiculo automotor en transporte,Not an Intersection,No fue interseccion,Sobre el lado de la calle,Ninguna,Oscuro sin iluminacion,Despejado,No,NO APLICA,99,99,99,99,1,09/01/2022,6
12,Florida,120086,0,0,1,0,95,ORANGE (95),0,NO APLICA,1,Enero,8,2022,2,20,CURRY FORD ROAD,6,Calle Local Municipalidad,Urbano,Arteria Menor,County Highway Agency,0,Sin jurisdiccion especial,99998,28.510175,-81.27985556,Poste de Señal de trafico,El primer evento no fue una colision con un vehiculo automotor en transporte,Four-Way Intersection,Interseccion de 4 direcciones,Sobre el lado de la calle,Ninguna,Oscuro con iluminacion,Despejado,No,NO APLICA,99,99,99,99,1,08/01/2022,1
12,Florida,120087,1,1,1,0,57,HILLSBOROUGH (57),2950,TAMPA,1,Enero,16,2022,15,48,SR-589,3,Highway estatal,Urbano,Arterial Principal -Freeway o ExpressWay,State Highway Agency,1,Sin jurisdiccion especial,99998,27.96554167,-82.54780556,Ciclista,El primer evento no fue una colision con un vehiculo automotor en transporte,Not an Intersection,No fue interseccion,Sobre calle,Ninguna,Dia total,Otro,No,NO APLICA,99,99,99,99,1,16/01/2022,1
12,Florida,120088,0,0,2,0,99,PALM BEACH (99),0,NO APLICA,1,Enero,16,2022,1,35,LANTANA RD,6,Calle Local Municipalidad,Urbano,Arteria Principal,Not Reported,0,Sin jurisdiccion especial,99998,26.61750833,-80.08913333,Vehiculo en movimiento,Angulo,Four-Way Intersection,Interseccion de 4 direcciones,Sobre calle,Ninguna,Oscuro con iluminacion,Nublado,No,NO APLICA,99,99,99,99,1,16/01/2022,5
12,Florida,120089,1,1,1,0,86,MIAMI-DADE (86),2023,MIAMI GARDENS,1,Enero,1,2022,17,50,22ND AVE,6,Calle Local Municipalidad,Urbano,Arteria Menor,Not Reported,0,Sin jurisdiccion especial,99998,25.92524444,-80.23646111,Peaton,El primer evento no fue una colision con un vehiculo automotor en transporte,Not an Intersection,No fue interseccion,Sobre calle,Ninguna,Dia total,Despejado,No,NO APLICA,99,99,99,99,1,01/01/2022,1
12,Florida,120090,0,0,1,0,19,CLAY (19),0,NO APLICA,1,Enero,10,2022,2,0,CR-739,4,Calle del Condado,Urbano,Colector Mayor,Not Reported,0,Sin jurisdiccion especial,99998,30.07736111,-81.80918056,Banqueta,El primer evento no fue una colision con un vehiculo automotor en transporte,T-Intersection,Interseccion de T,Sobre el lado de la calle,Ninguna,Oscuro sin iluminacion,Nublado,No,NO APLICA,99,99,99,99,1,10/01/2022,1
12,Florida,120091,0,0,3,0,85,MARTIN (85),2900,STUART,1,Enero,5,2022,12,8,US-1,2,US Highway,Urbano,Arteria Principal,State Highway Agency,1,Sin jurisdiccion especial,99998,27.18141111,-80.240325,Vehiculo en movimiento,Frente a Detrás,Not an Intersection,No fue interseccion,Sobre calle,Ninguna,Dia total,Despejado,No,NO APLICA,99,99,99,99,1,05/01/2022,3
12,Florida,120093,0,0,3,0,53,HERNANDO (53),0,NO APLICA,1,Enero,8,2022,11,10,US-19,2,US Highway,Urbano,Arteria Principal,State Highway Agency,1,Sin jurisdiccion especial,99998,28.52067222,-82.57052778,Vehiculo en movimiento,Frente a Detrás,Not an Intersection,No fue interseccion,Sobre calle,Ninguna,Dia total,Despejado,No,NO APLICA,11,8,11,11,1,08/01/2022,3
12,Florida,120094,1,1,1,0,17,CITRUS (17),1445,HOMOSASSA SPRINGS,1,Enero,10,2022,22,24,W GROVER CLEVELAND BOULEVARD,9,Desconocido,Urbano,Colector Mayor,Not Reported,0,Sin jurisdiccion especial,99998,28.80384167,-82.55950278,Peaton,El primer evento no fue una colision con un vehiculo automotor en transporte,Not an Intersection,No fue interseccion,Sobre calle,Ninguna,Oscuro sin iluminacion,Despejado,No,NO APLICA,22,25,22,30,1,10/01/2022,2
12,Florida,120095,1,1,2,0,99,PALM BEACH (99),290,BOCA RATON,1,Enero,2,2022,0,53,I-95 NB,1,Interestatal,Urbano,Interestatal,State Highway Agency,1,Sin jurisdiccion especial,99998,26.41643889,-80.089775,Vehiculo en movimiento,Frente a Detrás,Not an Intersection,No fue interseccion,Sobre calle,Ninguna,Oscuro sin iluminacion,Despejado,No,NO APLICA,99,99,99,99,1,02/01/2022,1
12,Florida,120096,0,0,2,0,71,LEE (71),0,NO APLICA,1,Enero,18,2022,19,50,CR-840,4,Calle del Condado,Urbano,Arteria Menor,Not Reported,0,Sin jurisdiccion especial,99998,26.49266944,-81.82138889,Vehiculo en movimiento,Angulo,T-Intersection,Interseccion de T,Sobre calle,Ninguna,Atardecer,Despejado,No,NO APLICA,99,99,99,99,1,18/01/2022,2
12,Florida,120097,0,0,2,0,125,UNION (125),0,NO APLICA,1,Enero,21,2022,6,30,SR-121,3,Highway estatal,Rural,Arteria Menor,State Highway Agency,0,Sin jurisdiccion especial,99998,30.04088889,-82.30846944,Vehiculo en movimiento,Frente a frente,Not an Intersection,No fue interseccion,Sobre calle,Ninguna,Oscuro sin iluminacion,Despejado,No,NO APLICA,99,99,99,99,1,21/01/2022,2
12,Florida,120098,1,1,1,0,9,BREVARD (9),0,NO APLICA,1,Enero,21,2022,18,15,SR-520,3,Highway estatal,Urbano,Arteria Principal,State Highway Agency,1,Sin jurisdiccion especial,99998,28.35571111,-80.77485,Ciclista,El primer evento no fue una colision con un vehiculo automotor en transporte,Not an Intersection,No fue interseccion,Sobre calle,Ninguna,Oscuro sin iluminacion,Despejado,No,NO APLICA,99,99,99,99,1,21/01/2022,2
12,Florida,120099,0,0,2,0,93,OKEECHOBEE (93),0,NO APLICA,1,Enero,17,2022,7,2,US-98,2,US Highway,Rural,Arteria Principal,State Highway Agency,1,Sin jurisdiccion especial,99998,27.29778056,-80.89308056,Vehiculo en movimiento,Frente a frente,Not an Intersection,No fue interseccion,Sobre calle,Ninguna,Dia total,Despejado,No,NO APLICA,99,99,99,99,1,17/01/2022,2
12,Florida,120100,1,1,2,0,69,LAKE (69),580,CLERMONT,1,Enero,19,2022,16,0,HANCOCK RD N,6,Calle Local Municipalidad,Urbano,Colector Mayor,Not Reported,0,Sin jurisdiccion especial,99998,28.57121667,-81.72035278,Ciclista,El primer evento no fue una colision con un vehiculo automotor en transporte,Four-Way Intersection,Interseccion de 4 direcciones,Sobre calle,Ninguna,Dia total,Despejado,No,NO APLICA,99,99,99,99,1,19/01/2022,2
12,Florida,120101,0,0,3,0,85,MARTIN (85),0,NO APLICA,1,Enero,4,2022,12,49,CR-708,4,Calle del Condado,Rural,Arteria Menor,Not Reported,0,Sin jurisdiccion especial,99998,27.04389444,-80.18780556,Vehiculo en movimiento,Golpe Lateral - direccion contraria,Not an Intersection,No fue interseccion,Sobre calle,Ninguna,Dia total,Despejado,No,NO APLICA,99,99,99,99,1,04/01/2022,4
12,Florida,120102,0,0,1,0,85,MARTIN (85),0,NO APLICA,1,Enero,18,2022,5,30,CR-726,4,Calle del Condado,Rural,Arteria Menor,Not Reported,0,Sin jurisdiccion especial,99998,27.05438333,-80.35468889,Poste,El primer evento no fue una colision con un vehiculo automotor en transporte,Not an Intersection,No fue interseccion,Sobre el lado de la calle,Ninguna,Amanecer,Despejado,No,NO APLICA,99,99,99,99,1,18/01/2022,1
12,Florida,120103,0,0,1,0,83,MARION (83),0,NO APLICA,1,Enero,20,2022,8,50,CR-314,4,Calle del Condado,Rural,Colector Mayor,Not Reported,0,Sin jurisdiccion especial,99998,29.24477778,-81.93756944,Arbol,El primer evento no fue una colision con un vehiculo automotor en transporte,Not an Intersection,No fue interseccion,Sobre el lado de la calle,Ninguna,Dia total,Despejado,No,NO APLICA,99,99,99,99,1,20/01/2022,1
12,Florida,120104,1,1,1,0,15,CHARLOTTE (15),0,NO APLICA,1,Enero,12,2022,6,50,US-41,2,US Highway,Urbano,Arteria Principal,State Highway Agency,1,Sin jurisdiccion especial,99998,26.95345,-82.06265,Peaton,El primer evento no fue una colision con un vehiculo automotor en transporte,Not an Intersection,No fue interseccion,Sobre calle,Ninguna,Oscuro con iluminacion,Despejado,No,NO APLICA,99,99,99,99,1,12/01/2022,1
12,Florida,120105,0,0,1,0,9,BREVARD (9),2000,MELBOURNE BEACH,1,Enero,7,2022,21,38,US-1 OCEAN AVE,2,US Highway,Urbano,Arteria Menor,State Highway Agency,0,Sin jurisdiccion especial,99998,28.06848611,-80.55739167,Poste de Señal de trafico,El primer evento no fue una colision con un vehiculo automotor en transporte,Not an Intersection,No fue interseccion,Sobre el lado de la calle,Ninguna,Oscuro con iluminacion,Despejado,No,NO APLICA,99,99,99,99,1,07/01/2022,1
12,Florida,120106,0,0,1,0,1,ALACHUA (1),1130,GAINESVILLE,1,Enero,15,2022,4,57,SR-121,3,Highway estatal,Urbano,Arteria Menor,State Highway Agency,0,Sin jurisdiccion especial,99998,29.69981389,-82.37086944,Otro objeto (fijo),El primer evento no fue una colision con un vehiculo automotor en transporte,Not an Intersection,No fue interseccion,Sobre el lado de la calle,Ninguna,Oscuro con iluminacion,Despejado,No,NO APLICA,99,99,99,99,1,15/01/2022,1
12,Florida,120107,1,1,1,0,57,HILLSBOROUGH (57),2950,TAMPA,1,Enero,19,2022,9,40,E HUMPHREY ST,6,Calle Local Municipalidad,Urbano,Local,Not Reported,0,Sin jurisdiccion especial,99998,28.03064722,-82.41616389,Ciclista,El primer evento no fue una colision con un vehiculo automotor en transporte,Four-Way Intersection,Interseccion de 4 direcciones,Sobre calle,Ninguna,Dia total,Despejado,No,NO APLICA,99,99,99,99,1,19/01/2022,1
12,Florida,120108,1,1,1,0,99,PALM BEACH (99),0,NO APLICA,1,Enero,24,2022,6,13,SEACREST BLVD,6,Calle Local Municipalidad,Urbano,Colector Menor,Not Reported,0,Sin jurisdiccion especial,99998,26.56565,-80.06645,Peaton,El primer evento no fue una colision con un vehiculo automotor en transporte,Not an Intersection,No fue interseccion,Sobre calle,Ninguna,Oscuro con iluminacion,Despejado,No,NO APLICA,99,99,99,99,1,24/01/2022,1