Estado,Nombre de Estado,Numero de Caso,Peatones,Personas _no_vehiculos,Vehiculos automotores,Vehiculos estacionados,Condado,Nombre Condado,Ciudad,Nombre Ciudad,Mes,Nombre Mes,Dia,Año,Hora,Minuto,Calle,Ruta,Nombre Ruta,Rural o Urbanoo,Sistema Funcional,Dueño Calle,Sistema Nacional Carreteras,Jurisdiccion Especial,Milla,Latitud,Longitud,Causa del Accidente,Tipo de Accidente,Tipo Interseccion,Columna1,Lugar en la calle,Zona de Trabajo,Luz,Clima,Autobus Escolar,Cruce de Trenes,Hora Notificacion,Minuto Notificacion,Hora Llegada,Minuto Llegada,Decesos,Fecha,PersonaVehiculo
12,Florida,120110,0,0,2,0,111,ST LUCIE (111),1080,FORT PIERCE,1,Enero,23,2022,17,55,GEORGIA AVE,6,Calle Local Municipalidad,Urbano,Local,Not Reported,0,Sin jurisdiccion especial,99998,27.43976389,-80.33507222,Vehiculo en movimiento,Angulo,Four-Way Intersection,Interseccion de 4 direcciones,Sobre calle,Ninguna,Oscuro con iluminacion,Nublado,No,NO APLICA,99,98,99,98,1,23/01/2022,2
12,Florida,120111,0,0,2,1,111,ST LUCIE (111),1080,FORT PIERCE,1,Enero,22,2022,21,37,APPLE ST,8,Otro,Urbano,Local,City or Municipal Highway Agency,0,Sin jurisdiccion especial,99998,27.43528889,-80.34891111,Vehiculo Aparcado,El primer evento no fue una colision con un vehiculo automotor en transporte,Not an Intersection,No fue interseccion,Sobre el lado de la calle,Ninguna,Oscuro sin iluminacion,Nublado,No,NO APLICA,99,99,99,99,1,22/01/2022,1
12,Florida,120112,1,1,1,0,5,BAY (5),2450,PANAMA CITY,1,Enero,22,2022,3,25,US-231,2,US Highway,Urbano,Arteria Principal,State Highway Agency,1,Sin jurisdiccion especial,99998,30.25016944,-85.55506667,Peaton,El primer evento no fue una colision con un vehiculo automotor en transporte,Not an Intersection,No fue interseccion,Sobre calle,Ninguna,Oscuro sin iluminacion,Nublado,No,NO APLICA,99,99,99,99,1,22/01/2022,1
12,Florida,120113,1,1,1,0,21,COLLIER (21),1465,IMMOKALEE,1,Enero,20,2022,20,30,SR-29,3,Highway estatal,Urbano,Arteria Principal,State Highway Agency,1,Sin jurisdiccion especial,99998,26.44141944,-81.43393889,Peaton,El primer evento no fue una colision con un vehiculo automotor en transporte,Not an Intersection,No fue interseccion,Sobre calle,Ninguna,Oscuro sin iluminacion,Despejado,No,NO APLICA,99,99,99,99,1,20/01/2022,1
12,Florida,120114,0,0,7,0,86,MIAMI-DADE (86),2010,MIAMI,1,Enero,24,2022,11,50,11TH AVE,6,Calle Local Municipalidad,Urbano,Local,Not Reported,0,Sin jurisdiccion especial,99998,25.776475,-80.21303611,Vehiculo en movimiento,Angulo,Four-Way Intersection,Interseccion de 4 direcciones,Sobre calle,Ninguna,Dia total,Despejado,No,NO APLICA,99,99,99,99,1,24/01/2022,4
12,Florida,120115,1,1,1,0,5,BAY (5),0,NO APLICA,1,Enero,24,2022,19,0,CR-3031,4,Calle del Condado,Urbano,Arteria Menor,Not Reported,0,Sin jurisdiccion especial,99998,30.16156111,-85.75445,Peaton,El primer evento no fue una colision con un vehiculo automotor en transporte,Not an Intersection,No fue interseccion,Sobre calle,Ninguna,Oscuro sin iluminacion,Nublado,No,NO APLICA,99,99,99,99,1,24/01/2022,1
12,Florida,120116,0,0,2,0,103,PINELLAS (103),2730,SAINT PETERSBURG,1,Enero,18,2022,18,40,US-19,2,US Highway,Urbano,Arteria Principal,State Highway Agency,1,Sin jurisdiccion especial,99998,27.78460278,-82.67954167,Vehiculo en movimiento,Angulo,Four-Way Intersection,Interseccion de 4 direcciones,Sobre calle,Ninguna,Oscuro con iluminacion,Despejado,No,NO APLICA,99,99,99,99,1,18/01/2022,3
12,Florida,120117,0,0,2,0,31,DUVAL (31),1510,JACKSONVILLE,1,Enero,24,2022,19,4,US-17,2,US Highway,Urbano,Arteria Principal,State Highway Agency,1,Sin jurisdiccion especial,99998,30.29733333,-81.71996944,Arbol,El primer evento no fue una colision con un vehiculo automotor en transporte,Not an Intersection,No fue interseccion,En el medio,Ninguna,Oscuro con iluminacion,Despejado,No,NO APLICA,99,99,99,99,1,24/01/2022,2
12,Florida,120118,1,1,1,0,95,ORANGE (95),2360,ORLANDO,1,Enero,16,2022,22,38,HUGHEY AVE,6,Calle Local Municipalidad,Urbano,Local,Not Reported,0,Sin jurisdiccion especial,99998,28.53074167,-81.382525,Peaton,El primer evento no fue una colision con un vehiculo automotor en transporte,Not an Intersection,No fue interseccion,Sobre calle,Ninguna,Otra,Despejado,No,NO APLICA,99,99,99,99,1,16/01/2022,1
12,Florida,120119,2,2,1,0,86,MIAMI-DADE (86),2010,MIAMI,1,Enero,25,2022,6,30,7TH ST,6,Calle Local Municipalidad,Urbano,Arteria Menor,Not Reported,0,Sin jurisdiccion especial,99998,25.77805,-80.28761111,Peaton,El primer evento no fue una colision con un vehiculo automotor en transporte,Not an Intersection,No fue interseccion,Sobre calle,Ninguna,Oscuro con iluminacion,Despejado,No,NO APLICA,99,99,99,99,2,25/01/2022,1
12,Florida,120120,0,0,1,0,99,PALM BEACH (99),0,NO APLICA,1,Enero,24,2022,6,2,SR-807,3,Highway estatal,Urbano,Arteria Principal,State Highway Agency,1,Sin jurisdiccion especial,99998,26.67508056,-80.08635833,Banqueta,El primer evento no fue una colision con un vehiculo automotor en transporte,T-Intersection,Interseccion de T,Sobre el lado de la calle,Ninguna,Oscuro con iluminacion,Despejado,No,NO APLICA,99,99,99,99,1,24/01/2022,1
12,Florida,120121,0,0,1,0,31,DUVAL (31),1510,JACKSONVILLE,1,Enero,25,2022,13,8,ARGYLE FOREST BLVD,6,Calle Local Municipalidad,Urbano,Colector Menor,Not Reported,0,Sin jurisdiccion especial,99998,30.19588333,-81.83208889,Banqueta,El primer evento no fue una colision con un vehiculo automotor en transporte,Four-Way Intersection,Interseccion de 4 direcciones,Sobre el lado de la calle,Ninguna,Dia total,Nublado,No,NO APLICA,99,99,99,99,1,25/01/2022,2
12,Florida,120122,1,1,1,0,109,ST JOHNS (109),0,NO APLICA,1,Enero,2,2022,18,38,CR-13,4,Calle del Condado,Rural,Colector Menor,Not Reported,0,Sin jurisdiccion especial,99998,29.67825556,-81.44600833,Ciclista,El primer evento no fue una colision con un vehiculo automotor en transporte,Not an Intersection,No fue interseccion,Sobre calle,Ninguna,Oscuro sin iluminacion,Despejado,No,NO APLICA,99,99,99,99,1,02/01/2022,1
12,Florida,120123,0,0,1,0,73,LEON (73),0,NO APLICA,1,Enero,3,2022,7,10,CR-2916 OLD ST AUGUSTINE RD,4,Calle del Condado,Urbano,Arteria Menor,County Highway Agency,0,Sin jurisdiccion especial,99998,30.41438889,-84.20698889,Arbol,El primer evento no fue una colision con un vehiculo automotor en transporte,Not an Intersection,No fue interseccion,Sobre el lado de la calle,Ninguna,Oscuro sin iluminacion,Despejado,No,NO APLICA,99,99,99,99,1,03/01/2022,2
12,Florida,120124,0,0,4,0,9,BREVARD (9),1990,MELBOURNE,1,Enero,22,2022,15,24,US-1,2,US Highway,Urbano,Arteria Principal,State Highway Agency,1,Sin jurisdiccion especial,99998,28.07880278,-80.60306944,Vehiculo en movimiento,Angulo,Four-Way Intersection,Interseccion de 4 direcciones,Sobre calle,Ninguna,Dia total,Nublado,No,NO APLICA,99,99,99,99,2,22/01/2022,7
12,Florida,120125,0,0,1,0,57,HILLSBOROUGH (57),75,APOLLO BEACH,1,Enero,12,2022,19,10,I-75,1,Interestatal,Urbano,Interestatal,State Highway Agency,1,Sin jurisdiccion especial,99998,27.7642,-82.36738889,Volcadura,El primer evento no fue una colision con un vehiculo automotor en transporte,Not an Intersection,No fue interseccion,Sobre Acotamiento,Ninguna,Oscuro sin iluminacion,Despejado,No,NO APLICA,99,99,99,99,1,12/01/2022,2
12,Florida,120126,0,0,4,0,57,HILLSBOROUGH (57),0,NO APLICA,1,Enero,9,2022,3,18,SR-60,3,Highway estatal,Urbano,Arteria Principal,State Highway Agency,1,Sin jurisdiccion especial,99998,27.94953056,-82.3543,Vehiculo en movimiento,Angulo,Four-Way Intersection,Interseccion de 4 direcciones,Sobre calle,Ninguna,Oscuro con iluminacion,Nublado,No,NO APLICA,99,99,99,99,1,09/01/2022,5
12,Florida,120127,3,3,3,2,57,HILLSBOROUGH (57),0,NO APLICA,1,Enero,26,2022,17,24,I-75,1,Interestatal,Urbano,Interestatal,State Highway Agency,1,Sin jurisdiccion especial,99998,28.09693333,-82.361675,Vehiculo Aparcado,El primer evento no fue una colision con un vehiculo automotor en transporte,Not an Intersection,No fue interseccion,Sobre el lado de la calle,Ninguna,Dia total,Despejado,No,NO APLICA,99,99,99,99,1,26/01/2022,2
12,Florida,120128,0,0,1,0,97,OSCEOLA (97),0,NO APLICA,1,Enero,13,2022,2,50,PLEASANT HILL ROAD,9,Desconocido,Urbano,Arteria Menor,Not Reported,0,Sin jurisdiccion especial,99998,28.22350833,-81.44013889,Banqueta,El primer evento no fue una colision con un vehiculo automotor en transporte,Not an Intersection,No fue interseccion,Sobre el lado de la calle,Ninguna,Oscuro con iluminacion,lluvia,No,NO APLICA,99,99,99,99,1,13/01/2022,1
12,Florida,120129,0,0,2,0,99,PALM BEACH (99),3190,WEST PALM BEACH,1,Enero,9,2022,0,15,I-95,1,Interestatal,Urbano,Interestatal,State Highway Agency,1,Sin jurisdiccion especial,99998,26.75186389,-80.08993056,Vehiculo en movimiento,Frente a Detrás,Not an Intersection,No fue interseccion,Sobre calle,Ninguna,Oscuro con iluminacion,Despejado,No,NO APLICA,99,99,99,99,1,09/01/2022,2
12,Florida,120130,0,0,2,0,27,DE SOTO (27),0,NO APLICA,1,Enero,16,2022,1,53,SR-70,3,Highway estatal,Rural,Arteria Principal,State Highway Agency,1,Sin jurisdiccion especial,99998,27.23498611,-81.93503333,Vehiculo en movimiento,Frente a Detrás,T-Intersection,Interseccion de T,Sobre calle,Ninguna,Oscuro sin iluminacion,Despejado,No,NO APLICA,99,99,99,99,1,16/01/2022,2
12,Florida,120131,0,0,3,0,97,OSCEOLA (97),0,NO APLICA,1,Enero,1,2022,6,24,I-4,1,Interestatal,Urbano,Interestatal,State Highway Agency,1,Sin jurisdiccion especial,99998,28.26285,-81.61101944,Vehiculo en movimiento,Frente a Detrás,Not an Intersection,No fue interseccion,Sobre calle,"Zona de trabajo, tipo desconocido",Oscuro con iluminacion,Despejado,No,NO APLICA,99,99,99,99,1,01/01/2022,4
12,Florida,120132,0,0,2,0,86,MIAMI-DADE (86),1340,HIALEAH,1,Enero,25,2022,21,36,SR-953,3,Highway estatal,Urbano,Arteria Principal,State Highway Agency,1,Sin jurisdiccion especial,99998,25.84152222,-80.26605,Vehiculo en movimiento,Angulo,Four-Way Intersection,Interseccion de 4 direcciones,Sobre calle,Ninguna,Oscuro con iluminacion,Despejado,No,NO APLICA,99,99,99,99,1,25/01/2022,2
12,Florida,120133,0,0,2,0,115,SARASOTA (115),0,NO APLICA,1,Enero,19,2022,15,11,US-41,2,US Highway,Urbano,Arteria Principal,State Highway Agency,1,Sin jurisdiccion especial,99998,27.05583056,-82.41176944,Vehiculo en movimiento,Angulo,T-Intersection,Interseccion de T,Sobre calle,Ninguna,Dia total,Despejado,No,NO APLICA,99,99,99,99,1,19/01/2022,2
12,Florida,120134,0,0,1,0,51,HENDRY (51),0,NO APLICA,1,Enero,23,2022,22,30,SR-29,3,Highway estatal,Rural,Arteria Principal,State Highway Agency,1,Sin jurisdiccion especial,99998,26.55956944,-81.43591944,Arbol,El primer evento no fue una colision con un vehiculo automotor en transporte,T-Intersection,Interseccion de T,Sobre el lado de la calle,Ninguna,Oscuro con iluminacion,Nublado,No,NO APLICA,99,99,99,99,1,23/01/2022,1
12,Florida,120135,1,1,1,0,86,MIAMI-DADE (86),2010,MIAMI,1,Enero,21,2022,20,15,NE 2ND AVE,6,Calle Local Municipalidad,Urbano,Arteria Menor,Not Reported,0,Sin jurisdiccion especial,99998,25.81777778,-80.19158611,Peaton,El primer evento no fue una colision con un vehiculo automotor en transporte,Four-Way Intersection,Interseccion de 4 direcciones,Sobre calle,Ninguna,Oscuro con iluminacion,Despejado,No,NO APLICA,99,99,99,99,1,21/01/2022,3
12,Florida,120136,0,0,2,0,31,DUVAL (31),1510,JACKSONVILLE,1,Enero,28,2022,0,7,SR-208,3,Highway estatal,Urbano,Arteria Menor,State Highway Agency,0,Sin jurisdiccion especial,99998,30.26987778,-81.76807778,Vehiculo en movimiento,No reportado,T-Intersection,Interseccion de T,Sobre calle,Ninguna,Oscuro con iluminacion,Despejado,No,NO APLICA,99,99,99,99,2,28/01/2022,3
12,Florida,120137,0,0,2,0,55,HIGHLANDS (55),0,NO APLICA,1,Enero,17,2022,21,34,CR-17A,4,Calle del Condado,Urbano,Arteria Menor,Not Reported,0,Sin jurisdiccion especial,99998,27.47485278,-81.433625,Vehiculo en movimiento,Frente a frente,Not an Intersection,No fue interseccion,Sobre calle,Ninguna,Oscuro sin iluminacion,Despejado,No,NO APLICA,99,99,99,99,2,17/01/2022,6
12,Florida,120138,1,1,1,0,81,MANATEE (81),0,NO APLICA,1,Enero,20,2022,20,55,26TH AVENUE EAST,6,Calle Local Municipalidad,Urbano,Colector Mayor,Not Reported,0,Sin jurisdiccion especial,99998,27.47675833,-82.52004167,Peaton,El primer evento no fue una colision con un vehiculo automotor en transporte,Not an Intersection,No fue interseccion,Sobre calle,Ninguna,Oscuro sin iluminacion,Despejado,No,NO APLICA,99,99,99,99,1,20/01/2022,2
12,Florida,120139,0,0,2,0,81,MANATEE (81),0,NO APLICA,1,Enero,21,2022,12,10,US-41,2,US Highway,Urbano,Arteria Principal,State Highway Agency,1,Sin jurisdiccion especial,99998,27.59676944,-82.53966944,Vehiculo en movimiento,Angulo,T-Intersection,Interseccion de T,Sobre calle,Ninguna,Dia total,Despejado,No,NO APLICA,99,99,99,99,1,21/01/2022,4
12,Florida,120140,1,1,1,0,86,MIAMI-DADE (86),1030,FLORIDA CITY,1,Enero,27,2022,16,12,DAVIS PKWY,6,Calle Local Municipalidad,Urbano,Colector Mayor,Not Reported,0,Sin jurisdiccion especial,99998,25.45601389,-80.47706111,Ciclista,El primer evento no fue una colision con un vehiculo automotor en transporte,Four-Way Intersection,Interseccion de 4 direcciones,Sobre calle,Ninguna,Dia total,Despejado,No,NO APLICA,99,99,99,99,1,27/01/2022,1
12,Florida,120141,1,1,1,0,86,MIAMI-DADE (86),1440,HOMESTEAD,1,Enero,17,2022,19,44,NW 8TH ST,6,Calle Local Municipalidad,Urbano,Arteria Menor,Not Reported,0,Sin jurisdiccion especial,99998,25.47716667,-80.47865278,Peaton,El primer evento no fue una colision con un vehiculo automotor en transporte,Not an Intersection,No fue interseccion,Sobre calle,Ninguna,Oscuro con iluminacion,Nublado,No,NO APLICA,99,99,99,99,1,17/01/2022,1
12,Florida,120142,0,0,2,0,103,PINELLAS (103),2960,TARPON SPRINGS,1,Enero,27,2022,18,55,E TARPON AVE,6,Calle Local Municipalidad,Urbano,Arteria Menor,Not Reported,0,Sin jurisdiccion especial,99998,28.14673333,-82.73215556,Vehiculo en movimiento,Angulo,T-Intersection,Interseccion de T,Sobre calle,Ninguna,Oscuro sin iluminacion,Despejado,No,NO APLICA,99,99,99,99,1,27/01/2022,3
12,Florida,120143,1,1,1,0,11,BROWARD (11),790,DEERFIELD BEACH,1,Enero,26,2022,18,33,US-1,2,US Highway,Urbano,Arteria Principal,State Highway Agency,1,Sin jurisdiccion especial,99998,26.31051111,-80.09206111,Peaton,El primer evento no fue una colision con un vehiculo automotor en transporte,Not an Intersection,No fue interseccion,Sobre calle,Ninguna,Oscuro con iluminacion,Despejado,No,NO APLICA,99,99,99,99,1,26/01/2022,1
12,Florida,120144,0,0,1,0,31,DUVAL (31),1510,JACKSONVILLE,1,Enero,28,2022,19,40,CRAVEN RD,6,Calle Local Municipalidad,Urbano,Colector Mayor,Not Reported,0,Sin jurisdiccion especial,99998,30.21168333,-81.60171111,Banqueta,El primer evento no fue una colision con un vehiculo automotor en transporte,Not an Intersection,No fue interseccion,Sobre el lado de la calle,Ninguna,Oscuro con iluminacion,Despejado,No,NO APLICA,99,99,99,99,1,28/01/2022,1
12,Florida,120145,1,1,1,0,95,ORANGE (95),0,NO APLICA,1,Enero,1,2022,4,35,CR-528A,4,Calle del Condado,Urbano,Colector Mayor,Not Reported,0,Sin jurisdiccion especial,99998,28.47226944,-81.41858056,Peaton,El primer evento no fue una colision con un vehiculo automotor en transporte,Not an Intersection,No fue interseccion,Sobre calle,Ninguna,Oscuro con iluminacion,Despejado,No,NO APLICA,99,99,99,99,1,01/01/2022,1
12,Florida,120147,0,0,2,0,99,PALM BEACH (99),1560,JUPITER,1,Enero,29,2022,13,14,COMMERCE WAY,6,Calle Local Municipalidad,Urbano,Local,Not Reported,0,Sin jurisdiccion especial,99998,26.93019444,-80.11994444,Vehiculo en movimiento,Angulo,Four-Way Intersection,Interseccion de 4 direcciones,Sobre calle,Ninguna,Dia total,Despejado,No,NO APLICA,99,99,99,99,1,29/01/2022,4
12,Florida,120148,0,0,2,0,99,PALM BEACH (99),0,NO APLICA,1,Enero,25,2022,18,34,US-441,2,US Highway,Urbano,Arteria Principal,State Highway Agency,1,Sin jurisdiccion especial,99998,26.46918333,-80.20478889,Vehiculo en movimiento,Angulo,T-Intersection,Interseccion de T,Sobre calle,Ninguna,Oscuro con iluminacion,Nublado,No,NO APLICA,99,99,99,99,2,25/01/2022,3
12,Florida,120149,1,1,1,0,99,PALM BEACH (99),0,NO APLICA,1,Enero,26,2022,6,9,JOG RD,6,Calle Local Municipalidad,Urbano,Arteria Menor,County Highway Agency,0,Sin jurisdiccion especial,99998,26.70680833,-80.15198056,Peaton,El primer evento no fue una colision con un vehiculo automotor en transporte,Not an Intersection,No fue interseccion,Sobre calle,Ninguna,Amanecer,Despejado,No,NO APLICA,99,99,99,99,1,26/01/2022,1
12,Florida,120150,0,0,2,0,99,PALM BEACH (99),0,NO APLICA,1,Enero,26,2022,14,26,SR-809,3,Highway estatal,Urbano,Arteria Principal,State Highway Agency,1,Sin jurisdiccion especial,99998,26.68742222,-80.11184722,Vehiculo en movimiento,Frente a frente,Four-Way Intersection,Interseccion de 4 direcciones,Sobre calle,Ninguna,Dia total,Nublado,No,NO APLICA,99,99,99,99,1,26/01/2022,3
12,Florida,120151,0,0,2,0,99,PALM BEACH (99),290,BOCA RATON,1,Enero,18,2022,2,34,I-95,1,Interestatal,Urbano,Interestatal,State Highway Agency,1,Sin jurisdiccion especial,99998,26.38017778,-80.11175278,Vehiculo en movimiento,Angulo,Not an Intersection,No fue interseccion,Sobre calle,"Zona de trabajo, tipo desconocido",Oscuro con iluminacion,Despejado,No,NO APLICA,99,99,99,99,1,18/01/2022,2
12,Florida,120152,1,1,1,0,19,CLAY (19),2056,MIDDLEBURG,1,Enero,22,2022,19,47,OLD JENNINGS ROAD,6,Calle Local Municipalidad,Urbano,Local,Not Reported,0,Sin jurisdiccion especial,99998,30.11401667,-81.86666944,Ciclista,El primer evento no fue una colision con un vehiculo automotor en transporte,Not an Intersection,No fue interseccion,Sobre calle,Ninguna,Oscuro sin iluminacion,Despejado,No,NO APLICA,99,99,99,99,1,22/01/2022,1
12,Florida,120153,1,1,1,0,31,DUVAL (31),1510,JACKSONVILLE,1,Enero,28,2022,18,57,US-90,2,US Highway,Urbano,Arteria Principal,State Highway Agency,1,Sin jurisdiccion especial,99998,30.322675,-81.540275,Peaton,El primer evento no fue una colision con un vehiculo automotor en transporte,Not an Intersection,No fue interseccion,Sobre calle,Ninguna,Oscuro con iluminacion,Despejado,No,NO APLICA,99,99,99,99,1,28/01/2022,1
12,Florida,120154,0,0,1,0,33,ESCAMBIA (33),0,NO APLICA,1,Enero,18,2022,5,50,CR-4,4,Calle del Condado,Rural,Arteria Menor,Not Reported,0,Sin jurisdiccion especial,99998,30.9707,-87.31568889,Otro objeto (no fijo),El primer evento no fue una colision con un vehiculo automotor en transporte,Not an Intersection,No fue interseccion,Sobre el lado de la calle,Ninguna,Amanecer,Granizo,No,NO APLICA,99,99,99,99,1,18/01/2022,1
12,Florida,120155,0,0,2,0,89,NASSAU (89),0,NO APLICA,1,Enero,14,2022,17,6,CR-121,4,Calle del Condado,Rural,Colector Mayor,Not Reported,0,Sin jurisdiccion especial,99998,30.52435,-81.99291944,Vehiculo en movimiento,Angulo,Four-Way Intersection,Interseccion de 4 direcciones,Sobre calle,Ninguna,Dia total,Despejado,No,NO APLICA,99,99,99,99,1,14/01/2022,5
12,Florida,120156,0,0,3,1,99,PALM BEACH (99),330,BOYNTON BEACH,1,Enero,16,2022,2,27,HYPOLUXO RD,6,Calle Local Municipalidad,Urbano,Arteria Menor,Not Reported,0,Sin jurisdiccion especial,99998,26.572325,-80.07751111,Vehiculo en movimiento,Angulo,Four-Way Intersection,Interseccion de 4 direcciones,Sobre calle,Ninguna,Oscuro con iluminacion,Despejado,No,NO APLICA,99,99,99,99,1,16/01/2022,2
12,Florida,120157,1,1,1,0,57,HILLSBOROUGH (57),2950,TAMPA,1,Enero,27,2022,19,40,US-41,2,US Highway,Urbano,Arteria Principal,State Highway Agency,1,Sin jurisdiccion especial,99998,28.03723889,-82.45128611,Peaton,El primer evento no fue una colision con un vehiculo automotor en transporte,Four-Way Intersection,Interseccion de 4 direcciones,Sobre calle,Ninguna,Oscuro con iluminacion,Despejado,No,NO APLICA,99,99,99,99,1,27/01/2022,3
12,Florida,120158,1,1,1,0,11,BROWARD (11),1050,FORT LAUDERDALE,1,Enero,16,2022,4,35,N ANDREWS AVE,6,Calle Local Municipalidad,Urbano,Arteria Menor,City or Municipal Highway Agency,0,Sin jurisdiccion especial,99998,26.129475,-80.14379444,Peaton,El primer evento no fue una colision con un vehiculo automotor en transporte,Not an Intersection,No fue interseccion,Sobre calle,Ninguna,Oscuro con iluminacion,Despejado,No,NO APLICA,99,99,99,99,1,16/01/2022,1
12,Florida,120159,1,1,3,0,31,DUVAL (31),1510,JACKSONVILLE,1,Enero,25,2022,22,0,I-10,1,Interestatal,Urbano,Interestatal,State Highway Agency,1,Sin jurisdiccion especial,99998,30.30550278,-81.88974444,Peaton,El primer evento no fue una colision con un vehiculo automotor en transporte,Not an Intersection,No fue interseccion,Sobre calle,Ninguna,Oscuro con iluminacion,lluvia,No,NO APLICA,99,99,99,99,1,25/01/2022,2
12,Florida,120160,0,0,2,0,99,PALM BEACH (99),1190,GREENACRES CITY,1,Enero,20,2022,19,10,SILVER BUTTONWOOD DR,6,Calle Local Municipalidad,Urbano,Local,Not Reported,0,Sin jurisdiccion especial,99998,26.631725,-80.14196667,Vehiculo en movimiento,Angulo,T-Intersection,Interseccion de T,Sobre calle,Ninguna,Oscuro con iluminacion,lluvia,No,NO APLICA,99,99,99,99,1,20/01/2022,2
12,Florida,120161,0,0,3,1,99,PALM BEACH (99),1190,GREENACRES CITY,1,Enero,30,2022,3,50,HAVERHILL RD,6,Calle Local Municipalidad,Urbano,Local,Not Reported,0,Sin jurisdiccion especial,99998,26.62766389,-80.12125833,Vehiculo en movimiento,Angulo,Four-Way Intersection,Interseccion de 4 direcciones,Sobre calle,Ninguna,Oscuro con iluminacion,Despejado,No,NO APLICA,99,99,99,99,1,30/01/2022,3
12,Florida,120162,0,0,1,0,31,DUVAL (31),1510,JACKSONVILLE,1,Enero,22,2022,4,7,I-295,1,Interestatal,Urbano,Interestatal,State Highway Agency,1,Sin jurisdiccion especial,99998,30.2846,-81.77170556,Poste,El primer evento no fue una colision con un vehiculo automotor en transporte,Not an Intersection,No fue interseccion,Sobre el lado de la calle,Ninguna,Oscuro con iluminacion,lluvia,No,NO APLICA,99,99,99,99,1,22/01/2022,1
12,Florida,120163,0,0,2,0,95,ORANGE (95),0,NO APLICA,1,Enero,24,2022,3,19,SR-91,3,Highway estatal,Urbano,Arterial Principal -Freeway o ExpressWay,State Highway Agency,1,Sin jurisdiccion especial,99998,28.54526389,-81.57060278,Vehiculo en movimiento,Frente a Detrás,Not an Intersection,No fue interseccion,Sobre calle,Ninguna,Oscuro con iluminacion,Despejado,No,NO APLICA,99,99,99,99,1,24/01/2022,2
12,Florida,120164,0,0,2,0,57,HILLSBOROUGH (57),0,NO APLICA,1,Enero,27,2022,17,29,30ST NE,9,Desconocido,Urbano,Local,Not Reported,0,Sin jurisdiccion especial,99998,27.72756111,-82.39151389,Volcadura,El primer evento no fue una colision con un vehiculo automotor en transporte,T-Intersection,Interseccion de T,Sobre calle,Ninguna,Atardecer,Nublado,No,NO APLICA,99,99,99,99,1,27/01/2022,2
12,Florida,120165,0,0,1,0,105,POLK (105),0,NO APLICA,1,Enero,25,2022,10,20,I-4,1,Interestatal,Rural,Interestatal,State Highway Agency,1,Sin jurisdiccion especial,99998,28.16711667,-81.77436944,Arbol,El primer evento no fue una colision con un vehiculo automotor en transporte,Not an Intersection,No fue interseccion,En el medio,Ninguna,Dia total,lluvia,No,NO APLICA,99,99,99,99,2,25/01/2022,2
12,Florida,120166,1,1,1,0,71,LEE (71),457,CAPE CORAL,1,Enero,29,2022,22,24,CR-867A,4,Calle del Condado,Urbano,Arteria Menor,Not Reported,0,Sin jurisdiccion especial,99998,26.64601944,-81.94098611,Peaton,El primer evento no fue una colision con un vehiculo automotor en transporte,Not an Intersection,No fue interseccion,Sobre calle,Ninguna,Oscuro sin iluminacion,Despejado,No,NO APLICA,99,99,99,99,1,29/01/2022,3
12,Florida,120167,0,0,2,0,99,PALM BEACH (99),0,NO APLICA,1,Enero,27,2022,22,55,US-441,2,US Highway,Urbano,Arteria Principal,State Highway Agency,1,Sin jurisdiccion especial,99998,26.47105556,-80.20458889,Vehiculo en movimiento,Frente a Detrás,Not an Intersection,No fue interseccion,Sobre calle,Ninguna,Oscuro sin iluminacion,Despejado,No,NO APLICA,99,99,99,99,6,27/01/2022,7
12,Florida,120168,0,0,2,0,83,MARION (83),0,NO APLICA,1,Enero,25,2022,13,0,OAK RD,9,Desconocido,Urbano,Colector Menor,Not Reported,0,Sin jurisdiccion especial,99998,29.08251944,-82.00406944,Vehiculo en movimiento,Angulo,Four-Way Intersection,Interseccion de 4 direcciones,Sobre calle,Ninguna,Dia total,lluvia,No,NO APLICA,99,99,99,99,1,25/01/2022,3
12,Florida,120169,0,0,2,0,105,POLK (105),0,NO APLICA,1,Enero,20,2022,15,3,OLD POLK CITY RD,8,Otro,Rural,Colector Mayor,County Highway Agency,0,Sin jurisdiccion especial,99998,28.15776944,-81.67412222,Vehiculo en movimiento,Frente a frente,Not an Intersection,No fue interseccion,Sobre calle,Ninguna,Dia total,Despejado,No,NO APLICA,99,99,99,99,1,20/01/2022,2
12,Florida,120170,0,0,2,0,105,POLK (105),0,NO APLICA,1,Enero,26,2022,6,12,SPIRIT LAKE RD,6,Calle Local Municipalidad,Urbano,Colector Mayor,Not Reported,0,Sin jurisdiccion especial,99998,28.01002222,-81.77653611,Vehiculo en movimiento,Frente a Detrás,Four-Way Intersection,Interseccion de 4 direcciones,Sobre calle,Ninguna,Oscuro con iluminacion,lluvia,No,NO APLICA,99,99,99,99,1,26/01/2022,2
12,Florida,120171,0,0,1,0,83,MARION (83),2270,OCALA,1,Enero,27,2022,7,0,SOUTH MAGNOLIA AVE,9,Desconocido,Rural,Colector Menor,Not Reported,0,Sin jurisdiccion especial,99998,29.01101944,-82.13643889,Arbol,El primer evento no fue una colision con un vehiculo automotor en transporte,T-Intersection,Interseccion de T,"Fuera de la calle, ubicacion desconocida",Ninguna,Amanecer,Nublado,No,NO APLICA,99,99,99,99,1,27/01/2022,1
12,Florida,120172,0,0,1,0,83,MARION (83),0,NO APLICA,1,Enero,23,2022,19,30,CR-475A,4,Calle del Condado,Urbano,Arteria Menor,County Highway Agency,0,Sin jurisdiccion especial,99998,29.02689444,-82.15281944,Barda,El primer evento no fue una colision con un vehiculo automotor en transporte,Not an Intersection,No fue interseccion,"Fuera de la calle, ubicacion desconocida",Ninguna,Oscuro sin iluminacion,Despejado,No,NO APLICA,99,99,99,99,1,23/01/2022,1