Estado,Nombre de Estado,Numero de Caso,Peatones,Personas _no_vehiculos,Vehiculos automotores,Vehiculos estacionados,Condado,Nombre Condado,Ciudad,Nombre Ciudad,Mes,Nombre Mes,Dia,Año,Hora,Minuto,Calle,Ruta,Nombre Ruta,Rural o Urbanoo,Sistema Funcional,Dueño Calle,Sistema Nacional Carreteras,Jurisdiccion Especial,Milla,Latitud,Longitud,Causa del Accidente,Tipo de Accidente,Tipo Interseccion,Columna1,Lugar en la calle,Zona de Trabajo,Luz,Clima,Autobus Escolar,Cruce de Trenes,Hora Notificacion,Minuto Notificacion,Hora Llegada,Minuto Llegada,Decesos,Fecha,PersonaVehiculo
12,Florida,120173,0,0,1,0,31,DUVAL (31),1510,JACKSONVILLE,1,Enero,29,2022,1,20,US-1,2,US Highway,Urbano,Arteria Principal,State Highway Agency,1,Sin jurisdiccion especial,99998,30.22476111,-81.58813056,Banqueta,El primer evento no fue una colision con un vehiculo automotor en transporte,Not an Intersection,No fue interseccion,Sobre el lado de la calle,Ninguna,Oscuro - iluminacion desconocida,Despejado,No,NO APLICA,99,99,99,99,1,29/01/2022,2
12,Florida,120174,0,0,1,0,127,VOLUSIA (127),0,NO APLICA,1,Enero,20,2022,16,40,SR-44,3,Highway estatal,Rural,Arteria Principal,State Highway Agency,1,Sin jurisdiccion especial,99998,29.02203889,-81.20243611,Valla Ferrocarril,El primer evento no fue una colision con un vehiculo automotor en transporte,Not an Intersection,No fue interseccion,Sobre el lado de la calle,Ninguna,Dia total,Despejado,No,NO APLICA,99,99,99,99,1,20/01/2022,1
12,Florida,120175,0,0,1,0,109,ST JOHNS (109),0,NO APLICA,1,Enero,27,2022,11,40,SR-5,3,Highway estatal,Urbano,Arterial Principal -Freeway o ExpressWay,State Highway Agency,1,Sin jurisdiccion especial,99998,30.09887778,-81.46643056,Barrera de Trafico de Concreto,El primer evento no fue una colision con un vehiculo automotor en transporte,Not an Intersection,No fue interseccion,Sobre el lado de la calle,Ninguna,Dia total,Nublado,No,NO APLICA,99,99,99,99,1,27/01/2022,1
12,Florida,120176,0,0,2,0,11,BROWARD (11),1782,LAUDERHILL,1,Enero,22,2022,18,38,SR-816 W OAKLAND PARK BLVD,3,Highway estatal,Urbano,Arteria Principal,State Highway Agency,1,Sin jurisdiccion especial,99998,26.16472778,-80.23207222,Vehiculo en movimiento,Angulo,Four-Way Intersection,Interseccion de 4 direcciones,Sobre calle,Ninguna,Oscuro con iluminacion,Nublado,No,NO APLICA,99,99,99,99,1,22/01/2022,6
12,Florida,120177,1,1,1,0,57,HILLSBOROUGH (57),0,NO APLICA,2,Febrero,1,2022,19,35,BROAD ST,8,Otro,Urbano,Local,County Highway Agency,0,Sin jurisdiccion especial,99998,28.01631111,-82.51097778,Peaton,El primer evento no fue una colision con un vehiculo automotor en transporte,Not an Intersection,No fue interseccion,Sobre calle,Ninguna,Oscuro sin iluminacion,Despejado,No,NO APLICA,99,99,99,99,1,01/02/2022,1
12,Florida,120178,0,0,2,0,86,MIAMI-DADE (86),1340,HIALEAH,2,Febrero,2,2022,1,9,US-27,2,US Highway,Urbano,Arteria Principal,State Highway Agency,1,Sin jurisdiccion especial,99998,25.83868056,-80.30174722,Vehiculo en movimiento,Angulo,T-Intersection,Interseccion de T,Sobre calle,Ninguna,Oscuro con iluminacion,Nublado,No,NO APLICA,99,99,99,99,1,02/02/2022,2
12,Florida,120179,0,0,1,0,83,MARION (83),2270,OCALA,1,Enero,21,2022,10,17,17TH ST,6,Calle Local Municipalidad,Urbano,Local,Not Reported,0,Sin jurisdiccion especial,99998,29.17205278,-82.07951944,Buzon de correo,El primer evento no fue una colision con un vehiculo automotor en transporte,Not an Intersection,No fue interseccion,Sobre el lado de la calle,Ninguna,Dia total,Despejado,No,NO APLICA,99,99,99,99,1,21/01/2022,1
12,Florida,120180,0,0,1,0,105,POLK (105),0,NO APLICA,1,Enero,27,2022,14,0,BUCKEYE LOOP RD,6,Calle Local Municipalidad,Urbano,Colector Mayor,Not Reported,0,Sin jurisdiccion especial,99998,28.03901111,-81.69391111,Arbol,El primer evento no fue una colision con un vehiculo automotor en transporte,Not an Intersection,No fue interseccion,"Fuera de la calle, ubicacion desconocida",Ninguna,Dia total,Nublado,No,NO APLICA,99,99,99,99,2,27/01/2022,2
12,Florida,120181,0,0,3,0,105,POLK (105),0,NO APLICA,1,Enero,21,2022,19,30,SR-60,3,Highway estatal,Rural,Arteria Principal,State Highway Agency,1,Sin jurisdiccion especial,99998,27.80579167,-81.29955278,Vehiculo en movimiento,Frente a frente,Not an Intersection,No fue interseccion,Sobre calle,Ninguna,Oscuro sin iluminacion,Despejado,No,NO APLICA,99,99,99,99,3,21/01/2022,8
12,Florida,120182,1,1,1,0,127,VOLUSIA (127),0,NO APLICA,1,Enero,1,2022,20,58,US-17-92,2,US Highway,Urbano,Arteria Principal,State Highway Agency,1,Sin jurisdiccion especial,99998,28.97573056,-81.29923056,Peaton,El primer evento no fue una colision con un vehiculo automotor en transporte,Not an Intersection,No fue interseccion,Sobre calle,Ninguna,Oscuro sin iluminacion,Despejado,No,NO APLICA,99,99,99,99,1,01/01/2022,1
12,Florida,120183,1,1,1,0,71,LEE (71),1071,FORT MYERS BEACH,1,Enero,27,2022,21,37,CR-865,4,Calle del Condado,Urbano,Arteria Menor,Not Reported,0,Sin jurisdiccion especial,99998,26.4323,-81.91546111,Ciclista,El primer evento no fue una colision con un vehiculo automotor en transporte,Not an Intersection,No fue interseccion,Sobre calle,Ninguna,Oscuro sin iluminacion,Despejado,No,NO APLICA,99,99,99,99,1,27/01/2022,1
12,Florida,120184,0,0,3,0,39,GADSDEN (39),0,NO APLICA,1,Enero,12,2022,11,39,I-10,1,Interestatal,Rural,Interestatal,State Highway Agency,1,Sin jurisdiccion especial,99998,30.59352778,-84.72253333,Vehiculo en movimiento,Angulo,Not an Intersection,No fue interseccion,Sobre calle,Ninguna,Dia total,Despejado,No,NO APLICA,99,99,99,99,1,12/01/2022,4
12,Florida,120185,0,0,1,0,73,LEON (73),0,NO APLICA,1,Enero,25,2022,10,53,OLD WOODVILLE ROAD,9,Desconocido,Rural,Local,Not Reported,0,Sin jurisdiccion especial,99998,30.33191667,-84.25250556,Acotamiento,El primer evento no fue una colision con un vehiculo automotor en transporte,Not an Intersection,No fue interseccion,Sobre el lado de la calle,Ninguna,Dia total,Nublado,No,NO APLICA,99,99,99,99,1,25/01/2022,3
12,Florida,120186,0,0,1,0,85,MARTIN (85),0,NO APLICA,1,Enero,3,2022,17,25,I-95,1,Interestatal,Rural,Interestatal,State Highway Agency,1,Sin jurisdiccion especial,99998,26.98837222,-80.18888056,Zanja,El primer evento no fue una colision con un vehiculo automotor en transporte,Not an Intersection,No fue interseccion,Sobre el lado de la calle,Ninguna,Dia total,Despejado,No,NO APLICA,99,99,99,99,1,03/01/2022,1
12,Florida,120187,0,0,1,0,89,NASSAU (89),0,NO APLICA,1,Enero,26,2022,15,5,I-95,1,Interestatal,Rural,Interestatal,State Highway Agency,1,Sin jurisdiccion especial,99998,30.68671389,-81.67385,Poste de Señal de trafico,El primer evento no fue una colision con un vehiculo automotor en transporte,Not an Intersection,No fue interseccion,Sobre el lado de la calle,"Zona de trabajo, tipo desconocido",Dia total,Nublado,No,NO APLICA,99,99,99,99,1,26/01/2022,1
12,Florida,120188,0,0,1,0,11,BROWARD (11),1420,HOLLYWOOD,1,Enero,9,2022,3,10,JOHNSON ST,6,Calle Local Municipalidad,Urbano,Colector Mayor,Not Reported,0,Sin jurisdiccion especial,99998,26.01840556,-80.17300556,Hidrante,El primer evento no fue una colision con un vehiculo automotor en transporte,T-Intersection,Interseccion de T,Sobre el lado de la calle,Ninguna,Oscuro con iluminacion,lluvia,No,NO APLICA,99,98,99,98,2,09/01/2022,2
12,Florida,120189,0,0,1,0,51,HENDRY (51),600,CLEWISTON,1,Enero,18,2022,14,38,SR-80,3,Highway estatal,Rural,Arteria Principal,State Highway Agency,1,Sin jurisdiccion especial,99998,26.76818056,-81.17393611,Valla Ferrocarril,El primer evento no fue una colision con un vehiculo automotor en transporte,Not an Intersection,No fue interseccion,Sobre el lado de la calle,Ninguna,Dia total,Despejado,No,NO APLICA,99,99,99,99,1,18/01/2022,1
12,Florida,120190,1,1,1,0,33,ESCAMBIA (33),0,NO APLICA,1,Enero,23,2022,20,3,US-29,2,US Highway,Urbano,Arteria Principal,State Highway Agency,1,Sin jurisdiccion especial,99998,30.4732,-87.24713889,Peaton,El primer evento no fue una colision con un vehiculo automotor en transporte,Not an Intersection,No fue interseccion,Sobre calle,Ninguna,Oscuro sin iluminacion,Despejado,No,NO APLICA,99,99,99,99,1,23/01/2022,2
12,Florida,120191,2,2,1,0,81,MANATEE (81),0,NO APLICA,1,Enero,18,2022,0,4,US-41,2,US Highway,Urbano,Arteria Principal,State Highway Agency,1,Sin jurisdiccion especial,99998,27.62965,-82.53972778,Peaton,El primer evento no fue una colision con un vehiculo automotor en transporte,Not an Intersection,No fue interseccion,Sobre calle,Ninguna,Oscuro sin iluminacion,Despejado,No,NO APLICA,99,99,99,99,1,18/01/2022,1
12,Florida,120192,0,0,2,0,11,BROWARD (11),2083,MIRAMAR,2,Febrero,4,2022,19,58,MIRAMAR PKWY,6,Calle Local Municipalidad,Urbano,Arteria Principal,Not Reported,0,Sin jurisdiccion especial,99998,25.97858611,-80.30480833,Vehiculo en movimiento,Angulo,Four-Way Intersection,Interseccion de 4 direcciones,Sobre calle,Ninguna,Oscuro con iluminacion,Despejado,No,NO APLICA,99,99,99,99,1,04/02/2022,2
12,Florida,120193,0,0,2,0,57,HILLSBOROUGH (57),355,BRANDON,1,Enero,30,2022,3,0,KINGS AVE,9,Desconocido,Urbano,Colector Mayor,Not Reported,0,Sin jurisdiccion especial,99998,27.91335,-82.29395278,Vehiculo en movimiento,Angulo,Four-Way Intersection,Interseccion de 4 direcciones,Sobre calle,Ninguna,Oscuro con iluminacion,Despejado,No,NO APLICA,99,99,99,99,1,30/01/2022,4
12,Florida,120194,1,1,1,0,57,HILLSBOROUGH (57),0,NO APLICA,2,Febrero,3,2022,7,15,W SAM ALLEN RD,9,Desconocido,Urbano,Colector Mayor,Not Reported,0,Sin jurisdiccion especial,99998,28.04740833,-82.14121111,Ciclista,El primer evento no fue una colision con un vehiculo automotor en transporte,Not an Intersection,No fue interseccion,Sobre calle,Ninguna,Amanecer,Despejado,No,NO APLICA,99,99,99,99,1,03/02/2022,1
12,Florida,120195,0,0,2,0,57,HILLSBOROUGH (57),0,NO APLICA,2,Febrero,2,2022,6,5,HIMES AVE,9,Desconocido,Urbano,Colector Mayor,Not Reported,0,Sin jurisdiccion especial,99998,28.01873056,-82.50076389,Vehiculo en movimiento,Frente a frente,T-Intersection,Interseccion de T,Sobre calle,Ninguna,Oscuro sin iluminacion,Despejado,No,NO APLICA,99,99,99,99,1,02/02/2022,2
12,Florida,120196,0,0,2,0,95,ORANGE (95),70,APOPKA,1,Enero,22,2022,20,57,CR-435,4,Calle del Condado,Urbano,Colector Mayor,Not Reported,0,Sin jurisdiccion especial,99998,28.70584722,-81.50915833,Vehiculo en movimiento,Frente a frente,Four-Way Intersection,Interseccion de 4 direcciones,Sobre calle,Ninguna,Oscuro con iluminacion,Despejado,No,NO APLICA,99,99,99,99,1,22/01/2022,2
12,Florida,120197,0,0,2,0,101,PASCO (101),0,NO APLICA,1,Enero,27,2022,18,36,SHADY HILLS RD,9,Desconocido,Urbano,Arteria Menor,Not Reported,0,Sin jurisdiccion especial,99998,28.41946111,-82.5513,Vehiculo en movimiento,Angulo,Not an Intersection,No fue interseccion,Sobre calle,Ninguna,Oscuro sin iluminacion,Despejado,No,NO APLICA,99,99,99,99,1,27/01/2022,2
12,Florida,120198,0,0,2,0,11,BROWARD (11),1050,FORT LAUDERDALE,1,Enero,26,2022,23,43,SR-838,3,Highway estatal,Urbano,Arteria Principal,State Highway Agency,1,Sin jurisdiccion especial,99998,26.13665,-80.16212778,Vehiculo en movimiento,Angulo,T-Intersection,Interseccion de T,Sobre calle,Ninguna,Oscuro con iluminacion,Despejado,No,NO APLICA,99,99,99,99,1,26/01/2022,4
12,Florida,120199,1,1,1,0,31,DUVAL (31),1510,JACKSONVILLE,2,Febrero,3,2022,19,0,SR-134,3,Highway estatal,Urbano,Arteria Menor,State Highway Agency,0,Sin jurisdiccion especial,99998,30.24839444,-81.75067222,Peaton,El primer evento no fue una colision con un vehiculo automotor en transporte,Not an Intersection,No fue interseccion,Sobre calle,Ninguna,Oscuro con iluminacion,Despejado,No,NO APLICA,99,99,99,99,1,03/02/2022,1
12,Florida,120200,0,0,1,0,11,BROWARD (11),1420,HOLLYWOOD,1,Enero,3,2022,2,50,I-95,1,Interestatal,Urbano,Interestatal,State Highway Agency,1,Sin jurisdiccion especial,99998,25.99887778,-80.16620833,Valla Ferrocarril,El primer evento no fue una colision con un vehiculo automotor en transporte,Not an Intersection,No fue interseccion,Sobre el lado de la calle,Ninguna,Oscuro - iluminacion desconocida,Despejado,No,NO APLICA,99,99,99,99,1,03/01/2022,1
12,Florida,120201,0,0,2,0,57,HILLSBOROUGH (57),0,NO APLICA,2,Febrero,4,2022,14,6,CR-582A,4,Calle del Condado,Urbano,Colector Mayor,Not Reported,0,Sin jurisdiccion especial,99998,28.06928056,-82.43985278,Vehiculo en movimiento,Angulo,T-Intersection,Interseccion de T,Sobre calle,Ninguna,Dia total,Nublado,No,NO APLICA,99,99,99,99,1,04/02/2022,3
12,Florida,120202,0,0,1,0,95,ORANGE (95),2360,ORLANDO,1,Enero,28,2022,2,20,JOHN YOUNG PKWY,6,Calle Local Municipalidad,Urbano,Arteria Principal,Not Reported,1,Sin jurisdiccion especial,99998,28.53460556,-81.41431111,Banqueta,El primer evento no fue una colision con un vehiculo automotor en transporte,Not an Intersection,No fue interseccion,Sobre el lado de la calle,Ninguna,Oscuro con iluminacion,Otro,No,NO APLICA,99,99,99,99,1,28/01/2022,2
12,Florida,120203,0,0,2,0,21,COLLIER (21),2150,NAPLES,1,Enero,26,2022,18,35,HORSESHOE DR,9,Desconocido,Urbano,Local,Not Reported,0,Sin jurisdiccion especial,99998,26.16409722,-81.76813889,Vehiculo en movimiento,Angulo,T-Intersection,Interseccion de T,Sobre calle,Ninguna,Oscuro con iluminacion,Nublado,No,NO APLICA,99,99,99,99,1,26/01/2022,2
12,Florida,120204,0,0,3,0,103,PINELLAS (103),0,NO APLICA,1,Enero,11,2022,11,10,I-275,1,Interestatal,Urbano,Interestatal,State Highway Agency,1,Sin jurisdiccion especial,99998,27.75600278,-82.67735556,Vehiculo en movimiento,Golpe Lateral - misma direccion,Not an Intersection,No fue interseccion,Sobre calle,Ninguna,Dia total,Despejado,No,NO APLICA,99,99,99,99,1,11/01/2022,5
12,Florida,120205,0,0,2,0,57,HILLSBOROUGH (57),2950,TAMPA,1,Enero,5,2022,13,54,US-41,2,US Highway,Urbano,Arteria Principal,State Highway Agency,1,Sin jurisdiccion especial,99998,27.94951667,-82.40160833,Vehiculo en movimiento,Angulo,Four-Way Intersection,Interseccion de 4 direcciones,Sobre calle,Ninguna,Dia total,Despejado,No,NO APLICA,99,99,99,99,1,05/01/2022,3
12,Florida,120207,0,0,2,0,101,PASCO (101),0,NO APLICA,1,Enero,25,2022,18,3,COLONY RD,9,Desconocido,Rural,Local,Not Reported,0,Sin jurisdiccion especial,99998,28.34986111,-82.6169,Vehiculo en movimiento,Angulo,Four-Way Intersection,Interseccion de 4 direcciones,Sobre calle,Ninguna,Atardecer,lluvia,No,NO APLICA,18,1,18,4,1,25/01/2022,2
12,Florida,120208,1,1,2,0,31,DUVAL (31),1510,JACKSONVILLE,1,Enero,30,2022,5,47,US-1,2,US Highway,Rural,Arteria Principal,State Highway Agency,1,Sin jurisdiccion especial,99998,30.49653056,-81.78906111,Vehiculo en movimiento,Golpe Lateral - direccion contraria,Not an Intersection,No fue interseccion,Sobre calle,Ninguna,Oscuro sin iluminacion,Despejado,No,NO APLICA,99,99,99,99,1,30/01/2022,1
12,Florida,120209,0,0,4,0,53,HERNANDO (53),2882,SPRING HILL,1,Enero,10,2022,10,9,US-19,2,US Highway,Urbano,Arteria Principal,State Highway Agency,1,Sin jurisdiccion especial,99998,28.49665556,-82.59438056,Poste de Señal de trafico,El primer evento no fue una colision con un vehiculo automotor en transporte,Four-Way Intersection,Interseccion de 4 direcciones,En el medio,Ninguna,Dia total,Nublado,No,NO APLICA,99,99,99,99,2,10/01/2022,8
12,Florida,120210,0,0,2,0,109,ST JOHNS (109),0,NO APLICA,1,Enero,16,2022,22,26,I-95,1,Interestatal,Rural,Interestatal,State Highway Agency,1,Sin jurisdiccion especial,99998,30.03534444,-81.49168611,Vehiculo en movimiento,Frente a Detrás,Not an Intersection,No fue interseccion,Sobre calle,Ninguna,Oscuro sin iluminacion,Despejado,No,NO APLICA,99,99,99,99,1,16/01/2022,2
12,Florida,120211,1,1,1,0,101,PASCO (101),0,NO APLICA,1,Enero,27,2022,4,36,CR-77,4,Calle del Condado,Urbano,Colector Mayor,Not Reported,0,Sin jurisdiccion especial,99998,28.24708889,-82.69743056,Peaton,El primer evento no fue una colision con un vehiculo automotor en transporte,Not an Intersection,No fue interseccion,Sobre calle,Ninguna,Oscuro sin iluminacion,Despejado,No,NO APLICA,4,32,4,42,1,27/01/2022,1
12,Florida,120212,0,0,1,0,1,ALACHUA (1),0,NO APLICA,1,Enero,30,2022,21,0,SR-121,3,Highway estatal,Rural,Arteria Menor,State Highway Agency,0,Sin jurisdiccion especial,99998,29.49499167,-82.40683333,Volcadura,El primer evento no fue una colision con un vehiculo automotor en transporte,Not an Intersection,No fue interseccion,Sobre el lado de la calle,Ninguna,Oscuro sin iluminacion,Despejado,No,NO APLICA,99,99,99,99,1,30/01/2022,1
12,Florida,120213,0,0,2,0,101,PASCO (101),0,NO APLICA,1,Enero,19,2022,14,50,SR-56,3,Highway estatal,Urbano,Arteria Principal,State Highway Agency,0,Sin jurisdiccion especial,99998,28.19236667,-82.33761944,Vehiculo en movimiento,Angulo,T-Intersection,Interseccion de T,Sobre calle,Ninguna,Dia total,Nublado,No,NO APLICA,14,50,14,56,2,19/01/2022,3
12,Florida,120214,0,0,1,0,107,PUTNAM (107),0,NO APLICA,2,Febrero,1,2022,0,25,CR-309,4,Calle del Condado,Rural,Colector Mayor,Not Reported,0,Sin jurisdiccion especial,99998,29.44776944,-81.65598889,Volcadura,El primer evento no fue una colision con un vehiculo automotor en transporte,Not an Intersection,No fue interseccion,Sobre el lado de la calle,Ninguna,Oscuro sin iluminacion,Despejado,No,NO APLICA,99,99,99,99,1,01/02/2022,1
12,Florida,120215,0,0,1,0,83,MARION (83),0,NO APLICA,1,Enero,28,2022,21,49,CR-25A,4,Calle del Condado,Urbano,Colector Mayor,Not Reported,0,Sin jurisdiccion especial,99998,29.25963889,-82.17883889,Poste o otros soportes,El primer evento no fue una colision con un vehiculo automotor en transporte,Not an Intersection,No fue interseccion,Sobre el lado de la calle,Ninguna,Oscuro con iluminacion,Despejado,No,NO APLICA,99,99,99,99,1,28/01/2022,1
12,Florida,120216,0,0,1,0,53,HERNANDO (53),2882,SPRING HILL,1,Enero,27,2022,16,19,CR-574,4,Calle del Condado,Urbano,Arteria Menor,Not Reported,0,Sin jurisdiccion especial,99998,28.45234167,-82.60948611,Arbol,El primer evento no fue una colision con un vehiculo automotor en transporte,Not an Intersection,No fue interseccion,Sobre el lado de la calle,Ninguna,Dia total,Nublado,No,NO APLICA,16,19,16,27,1,27/01/2022,1
12,Florida,120217,0,0,2,0,21,COLLIER (21),0,NO APLICA,2,Febrero,1,2022,9,50,I-75,1,Interestatal,Rural,Interestatal,State Highway Agency,1,Sin jurisdiccion especial,99998,26.15313056,-81.53853056,Vehiculo en movimiento,Frente a Detrás,Not an Intersection,No fue interseccion,Sobre calle,Ninguna,Dia total,Despejado,No,NO APLICA,99,99,99,99,1,01/02/2022,2
12,Florida,120218,0,0,1,0,87,MONROE (87),0,NO APLICA,2,Febrero,4,2022,8,35,US-1,2,US Highway,Urbano,Arteria Principal,State Highway Agency,1,Sin jurisdiccion especial,99998,24.58706667,-81.69579167,Poste,El primer evento no fue una colision con un vehiculo automotor en transporte,Not an Intersection,No fue interseccion,Sobre el lado de la calle,Ninguna,Dia total,Despejado,No,NO APLICA,99,99,99,99,1,04/02/2022,1
12,Florida,120219,0,0,2,0,33,ESCAMBIA (33),3100,WARRINGTON,1,Enero,22,2022,17,13,SR-292,3,Highway estatal,Urbano,Arteria Principal,State Highway Agency,1,Sin jurisdiccion especial,99998,30.37312778,-87.32554167,Vehiculo en movimiento,Frente a frente,Not an Intersection,No fue interseccion,Sobre calle,Ninguna,Oscuro sin iluminacion,Despejado,No,NO APLICA,99,99,99,99,1,22/01/2022,2
12,Florida,120220,0,0,2,0,45,GULF (45),0,NO APLICA,1,Enero,17,2022,4,46,SR-71,3,Highway estatal,Rural,Arteria Menor,State Highway Agency,0,Sin jurisdiccion especial,99998,30.15685,-85.20938056,Vehiculo en movimiento,Angulo,Four-Way Intersection,Interseccion de 4 direcciones,Sobre calle,Ninguna,Oscuro sin iluminacion,Despejado,No,NO APLICA,99,99,99,99,2,17/01/2022,3
12,Florida,120221,1,1,1,0,86,MIAMI-DADE (86),0,NO APLICA,1,Enero,31,2022,11,39,SR-968,3,Highway estatal,Urbano,Arteria Menor,State Highway Agency,0,Sin jurisdiccion especial,99998,25.46916389,-80.48141111,Peaton,El primer evento no fue una colision con un vehiculo automotor en transporte,Four-Way Intersection,Interseccion de 4 direcciones,Sobre calle,Ninguna,Dia total,Despejado,No,NO APLICA,99,99,99,99,1,31/01/2022,1
12,Florida,120222,1,1,1,0,33,ESCAMBIA (33),0,NO APLICA,1,Enero,31,2022,2,47,US-29,2,US Highway,Rural,Arteria Principal,State Highway Agency,1,Sin jurisdiccion especial,99998,30.81549444,-87.33490833,Peaton,El primer evento no fue una colision con un vehiculo automotor en transporte,Not an Intersection,No fue interseccion,Sobre calle,Ninguna,Oscuro sin iluminacion,Despejado,No,NO APLICA,99,99,99,99,1,31/01/2022,1
12,Florida,120223,0,0,1,0,99,PALM BEACH (99),290,BOCA RATON,1,Enero,31,2022,1,46,US-1,2,US Highway,Urbano,Arteria Principal,State Highway Agency,1,Sin jurisdiccion especial,99998,26.41291667,-80.07579722,Otro objeto (fijo),El primer evento no fue una colision con un vehiculo automotor en transporte,Not an Intersection,No fue interseccion,"Fuera de la calle, ubicacion desconocida",Ninguna,Oscuro - iluminacion desconocida,Nublado,No,NO APLICA,99,99,99,99,1,31/01/2022,1
12,Florida,120224,0,0,3,0,17,CITRUS (17),0,NO APLICA,1,Enero,29,2022,1,46,US-41,2,US Highway,Urbano,Arteria Principal,State Highway Agency,1,Sin jurisdiccion especial,99998,28.80848056,-82.31336944,Vehiculo en movimiento,Frente a frente,Not an Intersection,No fue interseccion,Sobre calle,Ninguna,Oscuro sin iluminacion,Despejado,No,NO APLICA,1,47,1,55,1,29/01/2022,6
12,Florida,120225,0,0,1,0,95,ORANGE (95),2360,ORLANDO,2,Febrero,2,2022,1,9,PRINCETON ST,6,Calle Local Municipalidad,Urbano,Arteria Menor,Not Reported,0,Sin jurisdiccion especial,99998,28.571225,-81.38588056,Poste de Señal de trafico,El primer evento no fue una colision con un vehiculo automotor en transporte,Not an Intersection,No fue interseccion,Sobre el lado de la calle,Ninguna,Oscuro con iluminacion,Despejado,No,NO APLICA,99,99,99,99,1,02/02/2022,1
12,Florida,120226,0,0,2,0,101,PASCO (101),0,NO APLICA,1,Enero,13,2022,17,52,CR-1,4,Calle del Condado,Urbano,Arteria Menor,Not Reported,0,Sin jurisdiccion especial,99998,28.32451111,-82.66618889,Vehiculo en movimiento,Angulo,Four-Way Intersection,Interseccion de 4 direcciones,Sobre calle,Ninguna,Atardecer,Despejado,No,NO APLICA,17,52,18,0,1,13/01/2022,2
12,Florida,120227,0,0,3,0,71,LEE (71),1070,FORT MYERS,2,Febrero,4,2022,11,29,COLONIAL BLVD,6,Calle Local Municipalidad,Urbano,Arteria Principal,State Highway Agency,0,Sin jurisdiccion especial,99998,26.61306389,-81.77940278,Vehiculo en movimiento,Frente a Detrás,Not an Intersection,No fue interseccion,Sobre calle,Ninguna,Dia total,Despejado,No,NO APLICA,99,99,99,99,1,04/02/2022,6
12,Florida,120228,1,1,1,0,86,MIAMI-DADE (86),2020,MIAMI BEACH,1,Enero,11,2022,17,15,SR-A1A,3,Highway estatal,Urbano,Arteria Principal,State Highway Agency,1,Sin jurisdiccion especial,99998,25.85031667,-80.12031667,Peaton,El primer evento no fue una colision con un vehiculo automotor en transporte,Not an Intersection,No fue interseccion,Sobre calle,Ninguna,Atardecer,lluvia,No,NO APLICA,99,99,99,99,1,11/01/2022,1
12,Florida,120230,1,1,1,0,11,BROWARD (11),1050,FORT LAUDERDALE,1,Enero,26,2022,20,26,US-1,2,US Highway,Urbano,Arteria Principal,State Highway Agency,1,Sin jurisdiccion especial,99998,26.19429722,-80.11275,Peaton,El primer evento no fue una colision con un vehiculo automotor en transporte,Not an Intersection,No fue interseccion,Sobre calle,Ninguna,Oscuro con iluminacion,lluvia,No,NO APLICA,99,98,99,98,1,26/01/2022,2
12,Florida,120231,0,0,3,0,105,POLK (105),0,NO APLICA,1,Enero,26,2022,7,45,SR-37,3,Highway estatal,Urbano,Arteria Menor,State Highway Agency,0,Sin jurisdiccion especial,99998,27.877275,-81.97343889,Vehiculo en movimiento,Frente a frente,Not an Intersection,No fue interseccion,Sobre calle,Ninguna,Dia total,lluvia,No,NO APLICA,99,99,99,99,1,26/01/2022,3
12,Florida,120232,0,0,2,0,15,CHARLOTTE (15),0,NO APLICA,2,Febrero,7,2022,18,11,SR-776,3,Highway estatal,Urbano,Arteria Menor,State Highway Agency,0,Sin jurisdiccion especial,99998,27.00723889,-82.16288056,Vehiculo en movimiento,Angulo,Four-Way Intersection,Interseccion de 4 direcciones,Sobre calle,Ninguna,Oscuro con iluminacion,Despejado,No,NO APLICA,99,99,99,99,2,07/02/2022,4
12,Florida,120233,1,1,1,0,95,ORANGE (95),0,NO APLICA,1,Enero,21,2022,21,56,CR-423,4,Calle del Condado,Urbano,Arteria Principal,Not Reported,0,Sin jurisdiccion especial,99998,28.44203889,-81.42738056,Peaton,El primer evento no fue una colision con un vehiculo automotor en transporte,Not an Intersection,No fue interseccion,Sobre calle,Ninguna,Oscuro con iluminacion,Nublado,No,NO APLICA,99,99,99,99,1,21/01/2022,2
12,Florida,120235,0,1,2,1,95,ORANGE (95),0,NO APLICA,1,Enero,24,2022,4,57,SR-91,3,Highway estatal,Urbano,Arterial Principal -Freeway o ExpressWay,State Highway Agency,1,Sin jurisdiccion especial,99998,28.54542222,-81.57108611,Otro objeto (no fijo),El primer evento no fue una colision con un vehiculo automotor en transporte,Not an Intersection,No fue interseccion,Fuera de la calle,Construccion,Oscuro con iluminacion,Despejado,No,NO APLICA,99,99,99,99,1,24/01/2022,1
12,Florida,120236,1,1,1,0,31,DUVAL (31),1510,JACKSONVILLE,2,Febrero,10,2022,19,25,SR-116,3,Highway estatal,Urbano,Arteria Menor,State Highway Agency,1,Sin jurisdiccion especial,99998,30.35896389,-81.47599722,Ciclista,El primer evento no fue una colision con un vehiculo automotor en transporte,Not an Intersection,No fue interseccion,Sobre calle,Ninguna,Oscuro con iluminacion,Despejado,No,NO APLICA,99,99,99,99,1,10/02/2022,1
12,Florida,120237,0,0,2,0,105,POLK (105),0,NO APLICA,2,Febrero,1,2022,10,12,US-98,2,US Highway,Rural,Arteria Principal,State Highway Agency,1,Sin jurisdiccion especial,99998,28.20469444,-82.00749444,Vehiculo en movimiento,Frente a frente,Not an Intersection,No fue interseccion,Sobre calle,Ninguna,Dia total,Despejado,No,NO APLICA,99,99,99,99,1,01/02/2022,2