Estado,Nombre de Estado,Numero de Caso,Peatones,Personas _no_vehiculos,Vehiculos automotores,Vehiculos estacionados,Condado,Nombre Condado,Ciudad,Nombre Ciudad,Mes,Nombre Mes,Dia,Año,Hora,Minuto,Calle,Ruta,Nombre Ruta,Rural o Urbanoo,Sistema Funcional,Dueño Calle,Sistema Nacional Carreteras,Jurisdiccion Especial,Milla,Latitud,Longitud,Causa del Accidente,Tipo de Accidente,Tipo Interseccion,Columna1,Lugar en la calle,Zona de Trabajo,Luz,Clima,Autobus Escolar,Cruce de Trenes,Hora Notificacion,Minuto Notificacion,Hora Llegada,Minuto Llegada,Decesos,Fecha,PersonaVehiculo
12,Florida,120238,1,1,1,0,71,LEE (71),0,NO APLICA,2,Febrero,3,2022,4,26,CR-865,4,Calle del Condado,Urbano,Colector Mayor,Not Reported,0,Sin jurisdiccion especial,99998,26.33151389,-81.74650556,Ciclista,El primer evento no fue una colision con un vehiculo automotor en transporte,Four-Way Intersection,Interseccion de 4 direcciones,Sobre calle,Ninguna,Oscuro sin iluminacion,Despejado,Yes,NO APLICA,99,99,99,99,1,03/02/2022,1
12,Florida,120239,2,2,1,0,15,CHARLOTTE (15),2573,PORT CHARLOTTE,1,Enero,15,2022,20,3,WATERSIDE ST,8,Otro,Urbano,Local,County Highway Agency,0,Sin jurisdiccion especial,99998,27.0159,-82.09523889,Ciclista,El primer evento no fue una colision con un vehiculo automotor en transporte,Not an Intersection,No fue interseccion,Sobre calle,Ninguna,Oscuro con iluminacion,Despejado,No,NO APLICA,99,99,99,99,1,15/01/2022,1
12,Florida,120240,0,0,2,0,31,DUVAL (31),1510,JACKSONVILLE,2,Febrero,1,2022,18,28,US-17,2,US Highway,Urbano,Arteria Principal,State Highway Agency,1,Sin jurisdiccion especial,99998,30.19606111,-81.70736944,Vehiculo en movimiento,Angulo,Four-Way Intersection,Interseccion de 4 direcciones,Sobre calle,Ninguna,Atardecer,Despejado,No,NO APLICA,99,99,99,99,1,01/02/2022,2
12,Florida,120241,1,1,1,0,19,CLAY (19),2056,MIDDLEBURG,1,Enero,22,2022,19,18,N MIMOSA  AVE,8,Otro,Urbano,Local,County Highway Agency,0,Sin jurisdiccion especial,99998,30.07735556,-81.908,Ciclista,El primer evento no fue una colision con un vehiculo automotor en transporte,Not an Intersection,No fue interseccion,Sobre Acotamiento,Ninguna,Oscuro sin iluminacion,Despejado,No,NO APLICA,99,99,99,99,1,22/01/2022,1
12,Florida,120242,0,0,2,0,31,DUVAL (31),1510,JACKSONVILLE,1,Enero,29,2022,19,25,SR-228,3,Highway estatal,Urbano,Arteria Principal,State Highway Agency,1,Sin jurisdiccion especial,99998,30.28386111,-81.80818056,Vehiculo en movimiento,Angulo,T-Intersection,Interseccion de T,Sobre calle,Ninguna,Oscuro con iluminacion,Despejado,No,NO APLICA,99,99,99,99,1,29/01/2022,2
12,Florida,120244,0,0,2,0,133,WASHINGTON (133),0,NO APLICA,2,Febrero,3,2022,17,25,SR-79,3,Highway estatal,Rural,Local,State Highway Agency,0,Sin jurisdiccion especial,99998,30.58338333,-85.80589444,Vehiculo en movimiento,Frente a frente,Not an Intersection,No fue interseccion,Sobre calle,Ninguna,Atardecer,Nublado,No,NO APLICA,99,99,99,99,1,03/02/2022,2
12,Florida,120246,0,0,1,0,11,BROWARD (11),672,CORAL SPRINGS,2,Febrero,1,2022,11,2,SR-869,3,Highway estatal,Urbano,Arterial Principal -Freeway o ExpressWay,State Highway Agency,1,Sin jurisdiccion especial,99998,26.3019,-80.29198056,Valla Ferrocarril,El primer evento no fue una colision con un vehiculo automotor en transporte,Not an Intersection,No fue interseccion,Sobre el lado de la calle,Ninguna,Dia total,Despejado,No,NO APLICA,99,98,99,98,1,01/02/2022,1
12,Florida,120247,0,0,1,0,103,PINELLAS (103),0,NO APLICA,1,Enero,23,2022,3,39,I-275,1,Interestatal,Urbano,Interestatal,State Highway Agency,1,Sin jurisdiccion especial,99998,27.76143056,-82.66651944,Valla Ferrocarril,El primer evento no fue una colision con un vehiculo automotor en transporte,Not an Intersection,No fue interseccion,Sobre el lado de la calle,Ninguna,Oscuro con iluminacion,Despejado,No,NO APLICA,99,99,99,99,1,23/01/2022,1
12,Florida,120248,0,0,1,0,133,WASHINGTON (133),0,NO APLICA,1,Enero,31,2022,17,10,OLIE ROAD,9,Desconocido,Rural,Local,Not Reported,0,Sin jurisdiccion especial,99998,30.62630556,-85.56696667,Arbol,El primer evento no fue una colision con un vehiculo automotor en transporte,Not an Intersection,No fue interseccion,Sobre el lado de la calle,Ninguna,Dia total,Despejado,No,NO APLICA,99,99,99,99,1,31/01/2022,2
12,Florida,120249,0,0,2,0,21,COLLIER (21),0,NO APLICA,1,Enero,27,2022,15,29,EVERGLADES BOULEVARD NORTH,6,Calle Local Municipalidad,Rural,Colector Menor,Not Reported,0,Sin jurisdiccion especial,99998,26.31069444,-81.54566944,Vehiculo en movimiento,Angulo,Four-Way Intersection,Interseccion de 4 direcciones,Sobre calle,Ninguna,Dia total,Despejado,No,NO APLICA,99,99,99,99,1,27/01/2022,2
12,Florida,120250,0,0,1,0,59,HOLMES (59),0,NO APLICA,2,Febrero,7,2022,7,0,US-90,2,US Highway,Rural,Arteria Menor,State Highway Agency,0,Sin jurisdiccion especial,99998,30.76486111,-85.85641944,Zanja,El primer evento no fue una colision con un vehiculo automotor en transporte,Not an Intersection,No fue interseccion,Sobre el lado de la calle,Ninguna,Dia total,Nublado,No,NO APLICA,99,99,99,99,1,07/02/2022,1
12,Florida,120251,0,0,3,0,121,SUWANNEE (121),0,NO APLICA,2,Febrero,6,2022,11,58,US-27,2,US Highway,Rural,Arteria Principal,State Highway Agency,1,Sin jurisdiccion especial,99998,29.95313889,-82.80223056,Vehiculo en movimiento,Angulo,Not an Intersection,No fue interseccion,Sobre calle,Ninguna,Dia total,lluvia,No,NO APLICA,99,99,99,99,1,06/02/2022,3
12,Florida,120252,0,0,2,0,15,CHARLOTTE (15),0,NO APLICA,2,Febrero,5,2022,12,55,SR-776,3,Highway estatal,Urbano,Arteria Menor,State Highway Agency,0,Sin jurisdiccion especial,99998,26.97335,-82.20913056,Vehiculo en movimiento,Angulo,Four-Way Intersection,Interseccion de 4 direcciones,Sobre calle,Ninguna,Dia total,Despejado,No,NO APLICA,99,99,99,99,1,05/02/2022,2
12,Florida,120254,0,0,3,0,86,MIAMI-DADE (86),2220,NORTH MIAMI,1,Enero,31,2022,1,50,SR-924,3,Highway estatal,Urbano,Arteria Principal,State Highway Agency,1,Sin jurisdiccion especial,99998,25.88391667,-80.21064167,Vehiculo en movimiento,Angulo,Four-Way Intersection,Interseccion de 4 direcciones,Sobre calle,Ninguna,Oscuro con iluminacion,Despejado,No,NO APLICA,99,99,99,99,1,31/01/2022,5
12,Florida,120255,1,1,1,0,71,LEE (71),0,NO APLICA,2,Febrero,7,2022,19,57,SR-78,3,Highway estatal,Urbano,Arteria Principal,State Highway Agency,1,Sin jurisdiccion especial,99998,26.68199167,-81.89741111,Ciclista,El primer evento no fue una colision con un vehiculo automotor en transporte,Four-Way Intersection,Interseccion de 4 direcciones,Sobre calle,Ninguna,Oscuro sin iluminacion,Despejado,No,NO APLICA,99,99,99,99,1,07/02/2022,1
12,Florida,120256,0,0,3,0,13,CALHOUN (13),0,NO APLICA,1,Enero,31,2022,19,0,SR-20,3,Highway estatal,Rural,Arteria Principal,State Highway Agency,1,Sin jurisdiccion especial,99998,30.42713889,-85.11428889,Vehiculo en movimiento,Golpe Lateral - direccion contraria,Not an Intersection,No fue interseccion,Sobre calle,Ninguna,Oscuro sin iluminacion,Despejado,No,NO APLICA,99,99,99,99,4,31/01/2022,6
12,Florida,120259,0,0,2,0,31,DUVAL (31),1510,JACKSONVILLE,1,Enero,17,2022,21,0,I-95,1,Interestatal,Urbano,Interestatal,State Highway Agency,1,Sin jurisdiccion especial,99998,30.365,-81.66871944,Vehiculo en movimiento,Frente a Detrás,Not an Intersection,No fue interseccion,Sobre calle,Ninguna,Atardecer,Despejado,No,NO APLICA,99,99,99,99,1,17/01/2022,3
12,Florida,120260,0,0,2,0,93,OKEECHOBEE (93),0,NO APLICA,1,Enero,29,2022,17,58,SR-70,3,Highway estatal,Rural,Arteria Principal,State Highway Agency,1,Sin jurisdiccion especial,99998,27.24349444,-80.87867222,Vehiculo en movimiento,Angulo,T-Intersection,Interseccion de T,Sobre calle,Ninguna,Oscuro con iluminacion,Despejado,No,NO APLICA,99,99,99,99,1,29/01/2022,3
12,Florida,120261,0,0,4,0,99,PALM BEACH (99),0,NO APLICA,2,Febrero,2,2022,6,58,SR-807,3,Highway estatal,Urbano,Arteria Principal,State Highway Agency,1,Sin jurisdiccion especial,99998,26.62434722,-80.08894167,Vehiculo en movimiento,Angulo,T-Intersection,Interseccion de T,Sobre calle,Ninguna,Dia total,Despejado,No,NO APLICA,99,99,99,99,1,02/02/2022,5
12,Florida,120262,0,0,1,0,11,BROWARD (11),2083,MIRAMAR,1,Enero,29,2022,14,25,SR-821,3,Highway estatal,Urbano,Arterial Principal -Freeway o ExpressWay,State Highway Agency,1,Sin jurisdiccion especial,99998,25.97268333,-80.24845556,Valla Ferrocarril,El primer evento no fue una colision con un vehiculo automotor en transporte,Not an Intersection,No fue interseccion,Sobre el lado de la calle,Ninguna,Dia total,Despejado,No,NO APLICA,99,99,99,99,1,29/01/2022,1
12,Florida,120263,0,0,1,0,1,ALACHUA (1),1320,HAWTHORNE,1,Enero,29,2022,15,30,US-301,2,US Highway,Rural,Arteria Principal,State Highway Agency,1,Sin jurisdiccion especial,99998,29.60893056,-82.09038056,Zanja,El primer evento no fue una colision con un vehiculo automotor en transporte,Not an Intersection,No fue interseccion,Sobre el lado de la calle,Ninguna,Dia total,Despejado,No,NO APLICA,99,99,99,99,1,29/01/2022,2
12,Florida,120264,0,0,2,0,99,PALM BEACH (99),0,NO APLICA,2,Febrero,5,2022,2,48,US-27 S,2,US Highway,Urbano,Arteria Principal,State Highway Agency,1,Sin jurisdiccion especial,99998,26.657275,-80.71261944,Vehiculo en movimiento,Frente a Detrás,Not an Intersection,No fue interseccion,Sobre calle,Ninguna,Oscuro sin iluminacion,Despejado,No,NO APLICA,99,99,99,99,1,05/02/2022,2
12,Florida,120265,0,0,2,0,97,OSCEOLA (97),2700,SAINT CLOUD,2,Febrero,4,2022,22,45,CR-525 CANOE CREEK RD,4,Calle del Condado,Urbano,Colector Mayor,County Highway Agency,0,Sin jurisdiccion especial,99998,28.18079444,-81.28266667,Vehiculo en movimiento,Angulo,Four-Way Intersection,Interseccion de 4 direcciones,Sobre calle,Ninguna,Oscuro sin iluminacion,Despejado,No,NO APLICA,99,99,99,99,1,04/02/2022,4
12,Florida,120266,0,0,2,0,99,PALM BEACH (99),0,NO APLICA,1,Enero,30,2022,8,32,I-95,1,Interestatal,Urbano,Interestatal,State Highway Agency,1,Sin jurisdiccion especial,99998,26.56608611,-80.06960278,Vehiculo en movimiento,Frente a Detrás,Not an Intersection,No fue interseccion,Sobre calle,Ninguna,Dia total,Despejado,No,NO APLICA,99,99,99,99,1,30/01/2022,5
12,Florida,120267,0,0,1,0,95,ORANGE (95),0,NO APLICA,1,Enero,26,2022,20,32,EDGEWOOD RANCH RD,9,Desconocido,Urbano,Colector Mayor,Not Reported,0,Sin jurisdiccion especial,99998,28.53719722,-81.48826111,Hidrante,El primer evento no fue una colision con un vehiculo automotor en transporte,Not an Intersection,No fue interseccion,Sobre el lado de la calle,Ninguna,Oscuro sin iluminacion,Nublado,No,NO APLICA,99,99,99,99,1,26/01/2022,3
12,Florida,120268,0,0,2,0,127,VOLUSIA (127),780,DAYTONA BEACH,2,Febrero,3,2022,18,40,US-1,2,US Highway,Urbano,Arteria Principal,State Highway Agency,1,Sin jurisdiccion especial,99998,29.22655833,-81.0313,Vehiculo en movimiento,Frente a frente,Four-Way Intersection,Interseccion de 4 direcciones,Sobre calle,Ninguna,Atardecer,Despejado,No,NO APLICA,99,99,99,99,1,03/02/2022,2
12,Florida,120269,0,0,2,0,103,PINELLAS (103),0,NO APLICA,1,Enero,31,2022,15,50,US-19,2,US Highway,Urbano,Arteria Principal,State Highway Agency,1,Sin jurisdiccion especial,99998,27.82308333,-82.67958889,Vehiculo en movimiento,Frente a Detrás,Not an Intersection,No fue interseccion,Sobre calle,Ninguna,Dia total,Despejado,No,NO APLICA,99,99,99,99,1,31/01/2022,2
12,Florida,120271,1,1,1,0,86,MIAMI-DADE (86),2010,MIAMI,2,Febrero,6,2022,21,30,NW 20TH ST,6,Calle Local Municipalidad,Urbano,Arteria Menor,City or Municipal Highway Agency,0,Sin jurisdiccion especial,99998,25.79435833,-80.23756111,Peaton,El primer evento no fue una colision con un vehiculo automotor en transporte,Four-Way Intersection,Interseccion de 4 direcciones,Sobre calle,Ninguna,Oscuro sin iluminacion,Despejado,No,NO APLICA,99,99,99,99,1,06/02/2022,1
12,Florida,120272,0,0,2,0,86,MIAMI-DADE (86),0,NO APLICA,1,Enero,31,2022,18,38,US-1,2,US Highway,Urbano,Arteria Principal,State Highway Agency,1,Sin jurisdiccion especial,99998,25.56253889,-80.38531389,Vehiculo en movimiento,Frente a frente,Four-Way Intersection,Interseccion de 4 direcciones,Sobre calle,Ninguna,Atardecer,Despejado,No,NO APLICA,99,99,99,99,1,31/01/2022,2
12,Florida,120273,1,1,2,0,11,BROWARD (11),1781,LAUDERDALE LAKES,2,Febrero,10,2022,18,42,US-441,2,US Highway,Urbano,Arteria Principal,State Highway Agency,1,Sin jurisdiccion especial,99998,26.15076944,-80.20278889,Peaton,El primer evento no fue una colision con un vehiculo automotor en transporte,Not an Intersection,No fue interseccion,Sobre calle,Ninguna,Oscuro con iluminacion,Despejado,No,NO APLICA,99,99,99,99,1,10/02/2022,2
12,Florida,120274,1,1,1,0,11,BROWARD (11),2916,SUNRISE,2,Febrero,4,2022,6,21,NOB HILL RD,6,Calle Local Municipalidad,Urbano,Arteria Menor,Not Reported,0,Sin jurisdiccion especial,99998,26.17160556,-80.28374444,Ciclista,El primer evento no fue una colision con un vehiculo automotor en transporte,Not an Intersection,No fue interseccion,Sobre calle,Ninguna,Oscuro con iluminacion,Despejado,No,NO APLICA,99,99,99,99,1,04/02/2022,1
12,Florida,120275,1,1,1,0,9,BREVARD (9),1990,MELBOURNE,2,Febrero,12,2022,3,45,SR-518,3,Highway estatal,Urbano,Arteria Principal,State Highway Agency,1,Sin jurisdiccion especial,99998,28.12875278,-80.653575,Peaton,El primer evento no fue una colision con un vehiculo automotor en transporte,Not an Intersection,No fue interseccion,Sobre calle,Ninguna,Oscuro sin iluminacion,Despejado,No,NO APLICA,99,99,99,99,1,12/02/2022,1
12,Florida,120276,0,0,1,0,115,SARASOTA (115),0,NO APLICA,2,Febrero,2,2022,2,21,SR-681,3,Highway estatal,Rural,Arteria Principal,State Highway Agency,1,Sin jurisdiccion especial,99998,27.17973333,-82.44749722,Volcadura,El primer evento no fue una colision con un vehiculo automotor en transporte,Not an Intersection,No fue interseccion,Sobre el lado de la calle,Ninguna,Oscuro sin iluminacion,Despejado,No,NO APLICA,99,99,99,99,1,02/02/2022,3
12,Florida,120277,0,0,2,0,55,HIGHLANDS (55),0,NO APLICA,2,Febrero,5,2022,10,11,SR-70,3,Highway estatal,Rural,Arteria Principal,State Highway Agency,1,Sin jurisdiccion especial,99998,27.20881389,-81.47924167,Vehiculo en movimiento,Frente a frente,Not an Intersection,No fue interseccion,Sobre calle,Ninguna,Dia total,lluvia,No,NO APLICA,99,99,99,99,4,05/02/2022,5
12,Florida,120278,1,1,3,0,83,MARION (83),0,NO APLICA,2,Febrero,7,2022,0,58,I-75 SB,1,Interestatal,Urbano,Interestatal,State Highway Agency,1,Sin jurisdiccion especial,99998,29.09128056,-82.18513889,Peaton,El primer evento no fue una colision con un vehiculo automotor en transporte,Not an Intersection,No fue interseccion,Sobre calle,Ninguna,Oscuro con iluminacion,lluvia,No,NO APLICA,99,99,99,99,1,07/02/2022,8
12,Florida,120279,0,0,2,0,95,ORANGE (95),0,NO APLICA,2,Febrero,7,2022,20,6,N HIAWASSEE RD,6,Calle Local Municipalidad,Urbano,Arteria Menor,Not Reported,0,Sin jurisdiccion especial,99998,28.54444444,-81.47575,Vehiculo en movimiento,Golpe Lateral - misma direccion,T-Intersection,Interseccion de T,Sobre calle,Ninguna,Oscuro con iluminacion,Despejado,No,NO APLICA,99,99,99,99,1,07/02/2022,2
12,Florida,120280,0,0,1,0,83,MARION (83),0,NO APLICA,2,Febrero,3,2022,10,0,CR-42,4,Calle del Condado,Rural,Colector Menor,Not Reported,0,Sin jurisdiccion especial,99998,28.99213056,-81.82885,Arbol,El primer evento no fue una colision con un vehiculo automotor en transporte,Not an Intersection,No fue interseccion,Sobre el lado de la calle,Ninguna,Dia total,Despejado,No,NO APLICA,99,99,99,99,1,03/02/2022,1
12,Florida,120281,0,0,2,0,57,HILLSBOROUGH (57),2540,PLANT CITY,2,Febrero,4,2022,18,33,SR-39,3,Highway estatal,Urbano,Arteria Principal,State Highway Agency,1,Sin jurisdiccion especial,99998,27.96698889,-82.12136111,Vehiculo en movimiento,Angulo,Four-Way Intersection,Interseccion de 4 direcciones,Sobre calle,Ninguna,Oscuro con iluminacion,Nublado,No,NO APLICA,99,99,99,99,1,04/02/2022,2
12,Florida,120282,0,0,2,0,53,HERNANDO (53),0,NO APLICA,2,Febrero,1,2022,16,34,CR-476,4,Calle del Condado,Rural,Colector Mayor,Not Reported,0,Sin jurisdiccion especial,99998,28.63993333,-82.31995,Vehiculo en movimiento,Frente a Detrás,Not an Intersection,No fue interseccion,Sobre calle,Ninguna,Dia total,Despejado,No,NO APLICA,99,99,99,99,1,01/02/2022,2
12,Florida,120284,0,0,1,0,61,INDIAN RIVER (61),0,NO APLICA,1,Enero,23,2022,1,47,SR-60,3,Highway estatal,Rural,Arteria Principal,State Highway Agency,1,Sin jurisdiccion especial,99998,27.65620833,-80.78787222,Volcadura,El primer evento no fue una colision con un vehiculo automotor en transporte,Not an Intersection,No fue interseccion,Fuera de la calle,Ninguna,Oscuro sin iluminacion,Despejado,No,NO APLICA,99,99,99,99,1,23/01/2022,1
12,Florida,120285,0,0,1,0,111,ST LUCIE (111),0,NO APLICA,2,Febrero,8,2022,2,8,FORT PIERCE BOULEVARD,9,Desconocido,Urbano,Colector Mayor,Not Reported,0,Sin jurisdiccion especial,99998,27.52537778,-80.40252778,Volcadura,El primer evento no fue una colision con un vehiculo automotor en transporte,Not an Intersection,No fue interseccion,Sobre el lado de la calle,Ninguna,Oscuro sin iluminacion,Despejado,No,NO APLICA,99,99,99,99,1,08/02/2022,1
12,Florida,120286,0,0,1,0,69,LAKE (69),0,NO APLICA,1,Enero,15,2022,17,30,CR-19A,4,Calle del Condado,Urbano,Local,Not Reported,0,Sin jurisdiccion especial,99998,28.88292222,-81.68797222,Poste de Señal de trafico,El primer evento no fue una colision con un vehiculo automotor en transporte,Not an Intersection,No fue interseccion,Sobre el lado de la calle,Ninguna,Atardecer,Despejado,No,NO APLICA,99,99,99,99,1,15/01/2022,1
12,Florida,120287,0,0,3,0,17,CITRUS (17),1330,HERNANDO,1,Enero,24,2022,18,0,SR-200,3,Highway estatal,Rural,Arteria Principal,State Highway Agency,1,Sin jurisdiccion especial,99998,28.98108889,-82.35728056,Vehiculo en movimiento,Frente a frente,Not an Intersection,No fue interseccion,Sobre calle,Ninguna,Dia total,Despejado,No,NO APLICA,17,59,18,10,1,24/01/2022,4
12,Florida,120288,1,1,2,0,17,CITRUS (17),0,NO APLICA,1,Enero,10,2022,18,44,US-41,2,US Highway,Urbano,Arteria Principal,State Highway Agency,1,Sin jurisdiccion especial,99998,28.81166389,-82.31418333,Peaton,El primer evento no fue una colision con un vehiculo automotor en transporte,Not an Intersection,No fue interseccion,Sobre calle,Ninguna,Oscuro sin iluminacion,Despejado,No,NO APLICA,18,45,19,0,1,10/01/2022,3
12,Florida,120289,0,0,2,0,53,HERNANDO (53),0,NO APLICA,2,Febrero,2,2022,18,31,US-41,2,US Highway,Rural,Arteria Principal,State Highway Agency,1,Sin jurisdiccion especial,99998,28.61803056,-82.35273056,Vehiculo en movimiento,Frente a frente,Not an Intersection,No fue interseccion,Sobre calle,Ninguna,Atardecer,Despejado,No,NO APLICA,18,34,18,41,1,02/02/2022,3
12,Florida,120290,1,1,1,0,57,HILLSBOROUGH (57),0,NO APLICA,2,Febrero,5,2022,7,2,I-75,1,Interestatal,Urbano,Interestatal,State Highway Agency,1,Sin jurisdiccion especial,99998,28.11471389,-82.37141389,Peaton,El primer evento no fue una colision con un vehiculo automotor en transporte,Not an Intersection,No fue interseccion,Sobre calle,Ninguna,Amanecer,Nublado,No,NO APLICA,99,99,99,99,1,05/02/2022,1
12,Florida,120291,0,0,2,0,87,MONROE (87),0,NO APLICA,2,Febrero,3,2022,13,55,US-1,2,US Highway,Urbano,Arteria Principal,State Highway Agency,1,Sin jurisdiccion especial,99998,24.70814167,-81.11196944,Vehiculo en movimiento,Angulo,Not an Intersection,No fue interseccion,Sobre calle,Ninguna,Dia total,Despejado,No,NO APLICA,99,99,99,99,1,03/02/2022,3
12,Florida,120292,1,1,1,0,23,COLUMBIA (23),0,NO APLICA,2,Febrero,4,2022,6,20,NW MORRELL DR,8,Otro,Rural,Colector Mayor,Not Reported,0,Sin jurisdiccion especial,99998,30.31591111,-82.68511111,Peaton,El primer evento no fue una colision con un vehiculo automotor en transporte,Not an Intersection,No fue interseccion,Sobre calle,Ninguna,Oscuro sin iluminacion,Despejado,No,NO APLICA,99,99,99,99,1,04/02/2022,1
12,Florida,120293,0,0,1,0,11,BROWARD (11),672,CORAL SPRINGS,2,Febrero,7,2022,12,18,NW 100TH AV,6,Calle Local Municipalidad,Urbano,Local,Not Reported,0,Sin jurisdiccion especial,99998,26.29585556,-80.25906944,Edificio,El primer evento no fue una colision con un vehiculo automotor en transporte,Four-Way Intersection,Interseccion de 4 direcciones,Fuera de la calle,Ninguna,Dia total,Despejado,No,NO APLICA,99,99,99,99,1,07/02/2022,1
12,Florida,120294,1,1,1,0,57,HILLSBOROUGH (57),2950,TAMPA,2,Febrero,8,2022,0,17,US-92,2,US Highway,Urbano,Arteria Principal,State Highway Agency,1,Sin jurisdiccion especial,99998,27.99597222,-82.50080833,Peaton,El primer evento no fue una colision con un vehiculo automotor en transporte,Four-Way Intersection,Interseccion de 4 direcciones,Sobre calle,Ninguna,Oscuro con iluminacion,Despejado,No,NO APLICA,99,99,99,99,1,08/02/2022,1
12,Florida,120295,1,1,5,0,57,HILLSBOROUGH (57),2540,PLANT CITY,2,Febrero,1,2022,5,30,I-4,1,Interestatal,Urbano,Interestatal,State Highway Agency,1,Sin jurisdiccion especial,99998,28.02703056,-82.15511944,Peaton,El primer evento no fue una colision con un vehiculo automotor en transporte,Not an Intersection,No fue interseccion,Sobre calle,Ninguna,Oscuro con iluminacion,Despejado,No,NO APLICA,99,99,99,99,1,01/02/2022,5
12,Florida,120296,0,0,1,0,127,VOLUSIA (127),2190,NEW SMYRNA BEACH,2,Febrero,7,2022,22,57,US-1 N DIXIE FWY,2,US Highway,Urbano,Arteria Principal,State Highway Agency,1,Sin jurisdiccion especial,99998,29.05744722,-80.94104722,Banqueta,El primer evento no fue una colision con un vehiculo automotor en transporte,Not an Intersection,No fue interseccion,En el medio,Ninguna,Oscuro sin iluminacion,Neblina o Humo,No,NO APLICA,99,99,99,99,1,07/02/2022,1
12,Florida,120297,0,0,1,0,121,SUWANNEE (121),0,NO APLICA,2,Febrero,5,2022,2,10,CR-136,4,Calle del Condado,Rural,Colector Mayor,Not Reported,0,Sin jurisdiccion especial,99998,30.31644722,-82.84705833,Arbol,El primer evento no fue una colision con un vehiculo automotor en transporte,Not an Intersection,No fue interseccion,"Fuera de la calle, ubicacion desconocida",Ninguna,Oscuro sin iluminacion,lluvia,No,NO APLICA,99,99,99,99,1,05/02/2022,4
12,Florida,120298,0,0,1,0,83,MARION (83),0,NO APLICA,2,Febrero,15,2022,22,0,US-301,2,US Highway,Rural,Arteria Principal,State Highway Agency,1,Sin jurisdiccion especial,99998,29.40771944,-82.11278611,Volcadura,El primer evento no fue una colision con un vehiculo automotor en transporte,Not an Intersection,No fue interseccion,Sobre el lado de la calle,Ninguna,Oscuro sin iluminacion,Despejado,No,NO APLICA,99,99,99,99,1,15/02/2022,1
12,Florida,120299,0,0,2,0,35,FLAGLER (35),0,NO APLICA,2,Febrero,3,2022,18,55,OLD KINGS ROAD,9,Desconocido,Rural,Colector Mayor,Not Reported,0,Sin jurisdiccion especial,99998,29.42346111,-81.15068889,Vehiculo en movimiento,Frente a frente,Four-Way Intersection,Interseccion de 4 direcciones,Sobre calle,Ninguna,Oscuro sin iluminacion,Despejado,No,NO APLICA,99,99,99,99,1,03/02/2022,2
12,Florida,120301,1,1,1,0,86,MIAMI-DADE (86),0,NO APLICA,2,Febrero,8,2022,21,23,SR-9,3,Highway estatal,Urbano,Arteria Principal,State Highway Agency,1,Sin jurisdiccion especial,99998,25.849475,-80.24193333,Peaton,El primer evento no fue una colision con un vehiculo automotor en transporte,Not an Intersection,No fue interseccion,Sobre calle,Ninguna,Oscuro con iluminacion,Despejado,No,NO APLICA,99,99,99,99,1,08/02/2022,1
12,Florida,120302,0,0,1,0,127,VOLUSIA (127),780,DAYTONA BEACH,1,Enero,30,2022,23,24,US-1,2,US Highway,Urbano,Arteria Principal,State Highway Agency,1,Sin jurisdiccion especial,99998,29.20178333,-81.01785,Otro objeto (no fijo),El primer evento no fue una colision con un vehiculo automotor en transporte,Not an Intersection,No fue interseccion,Sobre el lado de la calle,Ninguna,Oscuro con iluminacion,Despejado,No,NO APLICA,99,99,99,99,1,30/01/2022,1
12,Florida,120303,0,0,3,0,83,MARION (83),2270,OCALA,1,Enero,25,2022,16,52,19TH AVE RD,6,Calle Local Municipalidad,Urbano,Colector Mayor,Not Reported,0,Sin jurisdiccion especial,99998,29.16863056,-82.1614,Vehiculo en movimiento,Angulo,Not an Intersection,No fue interseccion,Sobre calle,Ninguna,Atardecer,lluvia,No,NO APLICA,99,99,99,99,1,25/01/2022,8
12,Florida,120304,0,0,2,0,61,INDIAN RIVER (61),2790,SEBASTIAN,1,Enero,25,2022,18,33,US-1,2,US Highway,Urbano,Arteria Principal,State Highway Agency,1,Sin jurisdiccion especial,99998,27.77425833,-80.44778889,Vehiculo en movimiento,Angulo,T-Intersection,Interseccion de T,Sobre calle,Ninguna,Oscuro con iluminacion,lluvia,No,NO APLICA,99,99,99,99,1,25/01/2022,2
12,Florida,120305,0,0,1,0,17,CITRUS (17),0,NO APLICA,1,Enero,9,2022,15,47,W FANWOOD LN,8,Otro,Rural,Local,Not Reported,0,Sin jurisdiccion especial,99998,28.86814722,-82.60198889,Alguien se cayo/avento del vehiculo,El primer evento no fue una colision con un vehiculo automotor en transporte,Not an Intersection,No fue interseccion,Sobre calle,Ninguna,Dia total,Despejado,No,NO APLICA,15,45,16,1,1,09/01/2022,2
12,Florida,120306,1,1,3,0,95,ORANGE (95),2360,ORLANDO,2,Febrero,11,2022,2,19,SR-408 E,3,Highway estatal,Urbano,Arterial Principal -Freeway o ExpressWay,State Highway Agency,1,Sin jurisdiccion especial,99998,28.53956111,-81.31927222,Vehiculo en movimiento,Golpe Lateral - misma direccion,Not an Intersection,No fue interseccion,Sobre calle,Ninguna,Oscuro con iluminacion,Despejado,No,NO APLICA,99,99,99,99,2,11/02/2022,4
12,Florida,120307,0,0,2,0,99,PALM BEACH (99),0,NO APLICA,2,Febrero,3,2022,17,39,US-98,2,US Highway,Urbano,Arteria Principal,State Highway Agency,1,Sin jurisdiccion especial,99998,26.67839167,-80.12914722,Vehiculo en movimiento,Angulo,T-Intersection,Interseccion de T,Sobre calle,Ninguna,Atardecer,Despejado,No,NO APLICA,99,99,99,99,1,03/02/2022,2