Estado,Nombre de Estado,Numero de Caso,Peatones,Personas _no_vehiculos,Vehiculos automotores,Vehiculos estacionados,Condado,Nombre Condado,Ciudad,Nombre Ciudad,Mes,Nombre Mes,Dia,Año,Hora,Minuto,Calle,Ruta,Nombre Ruta,Rural o Urbanoo,Sistema Funcional,Dueño Calle,Sistema Nacional Carreteras,Jurisdiccion Especial,Milla,Latitud,Longitud,Causa del Accidente,Tipo de Accidente,Tipo Interseccion,Columna1,Lugar en la calle,Zona de Trabajo,Luz,Clima,Autobus Escolar,Cruce de Trenes,Hora Notificacion,Minuto Notificacion,Hora Llegada,Minuto Llegada,Decesos,Fecha,PersonaVehiculo
12,Florida,120308,1,1,1,0,99,PALM BEACH (99),0,NO APLICA,2,Febrero,13,2022,5,7,SR-809,3,Highway estatal,Urbano,Arteria Principal,State Highway Agency,1,Sin jurisdiccion especial,99998,26.66287778,-80.11255556,Ciclista,El primer evento no fue una colision con un vehiculo automotor en transporte,Not an Intersection,No fue interseccion,Sobre calle,Ninguna,Oscuro con iluminacion,Despejado,No,NO APLICA,99,99,99,99,1,13/02/2022,1
12,Florida,120309,2,2,1,0,99,PALM BEACH (99),820,DELRAY BEACH,2,Febrero,12,2022,18,57,SR-806,3,Highway estatal,Urbano,Arteria Principal,State Highway Agency,0,Sin jurisdiccion especial,99998,26.45372222,-80.20148056,Peaton,El primer evento no fue una colision con un vehiculo automotor en transporte,Not an Intersection,No fue interseccion,Sobre calle,Ninguna,Oscuro sin iluminacion,Despejado,No,NO APLICA,99,99,99,99,1,12/02/2022,1
12,Florida,120310,0,0,1,0,99,PALM BEACH (99),1750,LAKE WORTH,2,Febrero,13,2022,16,7,17TH AVE N,9,Desconocido,Rural,Local,Not Reported,0,Sin jurisdiccion especial,99998,26.63594167,-80.05910278,Vehiculo Ferrocarril,El primer evento no fue una colision con un vehiculo automotor en transporte,Not an Intersection,No fue interseccion,Sobre calle,Ninguna,Dia total,Despejado,No,272456M,99,99,99,99,1,13/02/2022,1
12,Florida,120311,0,0,5,0,95,ORANGE (95),0,NO APLICA,1,Enero,26,2022,4,44,CR-423,4,Calle del Condado,Urbano,Arteria Principal,Not Reported,0,Sin jurisdiccion especial,99998,28.40156944,-81.425,Vehiculo en movimiento,Frente a frente,Not an Intersection,No fue interseccion,Sobre calle,Ninguna,Oscuro con iluminacion,lluvia,No,NO APLICA,99,99,99,99,1,26/01/2022,6
12,Florida,120312,0,0,2,0,9,BREVARD (9),2822,SHARPES,2,Febrero,10,2022,9,47,US-1,2,US Highway,Urbano,Arteria Principal,State Highway Agency,1,Sin jurisdiccion especial,99998,28.46728056,-80.76545,Vehiculo en movimiento,Frente a Detrás,Not an Intersection,No fue interseccion,Sobre calle,Ninguna,Dia total,Despejado,No,NO APLICA,99,99,99,99,1,10/02/2022,3
12,Florida,120313,0,0,2,0,33,ESCAMBIA (33),2146,MYRTLE GROVE,2,Febrero,13,2022,19,3,SR-727,3,Highway estatal,Urbano,Arteria Menor,State Highway Agency,0,Sin jurisdiccion especial,99998,30.39681389,-87.31649444,Vehiculo en movimiento,Angulo,Not an Intersection,No fue interseccion,Sobre calle,Ninguna,Oscuro sin iluminacion,Despejado,No,NO APLICA,99,99,99,99,1,13/02/2022,2
12,Florida,120314,0,0,1,0,119,SUMTER (119),0,NO APLICA,2,Febrero,8,2022,17,43,BUENA VISTA BLVD,9,Desconocido,Urbano,Colector Mayor,Not Reported,0,Sin jurisdiccion especial,99998,28.87655,-81.98955,Arbol,El primer evento no fue una colision con un vehiculo automotor en transporte,Not an Intersection,No fue interseccion,En el medio,Ninguna,Atardecer,Nublado,No,NO APLICA,17,44,17,50,1,08/02/2022,1
12,Florida,120315,0,0,1,0,101,PASCO (101),0,NO APLICA,2,Febrero,9,2022,9,12,SR-54 E,3,Highway estatal,Urbano,Arteria Principal,State Highway Agency,1,Sin jurisdiccion especial,99998,28.19293056,-82.47751944,Poste de Señal de trafico,El primer evento no fue una colision con un vehiculo automotor en transporte,Not an Intersection,No fue interseccion,En el medio,Ninguna,Dia total,Despejado,No,NO APLICA,99,99,99,99,1,09/02/2022,1
12,Florida,120316,1,1,1,0,83,MARION (83),0,NO APLICA,2,Febrero,13,2022,2,30,CR-25A,4,Calle del Condado,Rural,Colector Mayor,Not Reported,0,Sin jurisdiccion especial,99998,29.37425,-82.19863056,Peaton,El primer evento no fue una colision con un vehiculo automotor en transporte,Not an Intersection,No fue interseccion,Sobre calle,Ninguna,Oscuro con iluminacion,lluvia,No,NO APLICA,99,99,99,99,1,13/02/2022,1
12,Florida,120317,1,1,1,0,17,CITRUS (17),730,CRYSTAL RIVER,2,Febrero,3,2022,21,20,SR-44,3,Highway estatal,Urbano,Arteria Principal,State Highway Agency,1,Sin jurisdiccion especial,99998,28.89846667,-82.580725,Peaton,El primer evento no fue una colision con un vehiculo automotor en transporte,Four-Way Intersection,Interseccion de 4 direcciones,Sobre calle,Ninguna,Oscuro sin iluminacion,Despejado,No,NO APLICA,21,7,21,13,1,03/02/2022,1
12,Florida,120318,0,0,4,0,57,HILLSBOROUGH (57),0,NO APLICA,2,Febrero,13,2022,19,30,CR-579,4,Calle del Condado,Rural,Arteria Menor,County Highway Agency,0,Sin jurisdiccion especial,99998,28.08676667,-82.31948333,Vehiculo en movimiento,Frente a frente,Not an Intersection,No fue interseccion,Sobre calle,Ninguna,Oscuro sin iluminacion,Despejado,No,NO APLICA,99,99,99,99,1,13/02/2022,11
12,Florida,120319,0,0,2,0,81,MANATEE (81),0,NO APLICA,2,Febrero,11,2022,13,31,US-41,2,US Highway,Urbano,Arteria Principal,State Highway Agency,1,Sin jurisdiccion especial,99998,27.43848889,-82.57541111,Vehiculo en movimiento,Angulo,Not an Intersection,No fue interseccion,Sobre calle,Ninguna,Dia total,Despejado,No,NO APLICA,99,99,99,99,1,11/02/2022,3
12,Florida,120320,0,0,4,0,109,ST JOHNS (109),2690,SAINT AUGUSTINE,1,Enero,27,2022,11,22,CR-210,4,Calle del Condado,Urbano,Colector Mayor,Not Reported,0,Sin jurisdiccion especial,99998,30.05460278,-81.54776389,Vehiculo en movimiento,Angulo,Not an Intersection,No fue interseccion,Sobre calle,Ninguna,Dia total,Nublado,No,NO APLICA,99,99,99,99,3,27/01/2022,8
12,Florida,120321,0,0,1,0,86,MIAMI-DADE (86),2010,MIAMI,2,Febrero,13,2022,3,5,SR-968,3,Highway estatal,Urbano,Arteria Menor,State Highway Agency,0,Sin jurisdiccion especial,99998,25.77142222,-80.27242222,Banqueta,El primer evento no fue una colision con un vehiculo automotor en transporte,Not an Intersection,No fue interseccion,Sobre el lado de la calle,Ninguna,Oscuro con iluminacion,Despejado,No,NO APLICA,99,99,99,99,3,13/02/2022,5
12,Florida,120322,0,0,2,0,99,PALM BEACH (99),820,DELRAY BEACH,2,Febrero,5,2022,3,15,I-95,1,Interestatal,Urbano,Interestatal,State Highway Agency,1,Sin jurisdiccion especial,99998,26.5071,-80.07499722,Vehiculo en movimiento,Frente a frente,Not an Intersection,No fue interseccion,Sobre calle,Ninguna,Oscuro con iluminacion,Despejado,No,NO APLICA,99,99,99,99,1,05/02/2022,2
12,Florida,120323,0,0,3,0,81,MANATEE (81),0,NO APLICA,1,Enero,29,2022,2,22,US-41,2,US Highway,Urbano,Arteria Principal,State Highway Agency,1,Sin jurisdiccion especial,99998,27.55451944,-82.5596,Vehiculo en movimiento,Golpe Lateral - misma direccion,Not an Intersection,No fue interseccion,Sobre calle,Ninguna,Oscuro con iluminacion,Despejado,No,NO APLICA,99,99,99,99,1,29/01/2022,4
12,Florida,120324,0,0,3,0,57,HILLSBOROUGH (57),0,NO APLICA,2,Febrero,16,2022,2,34,I-275,1,Interestatal,Urbano,Interestatal,State Highway Agency,1,Sin jurisdiccion especial,99998,27.94616944,-82.53588056,Vehiculo en movimiento,Frente a Detrás,Not an Intersection,No fue interseccion,Sobre calle,Ninguna,Oscuro con iluminacion,Despejado,No,NO APLICA,99,99,99,99,1,16/02/2022,3
12,Florida,120325,0,0,3,0,57,HILLSBOROUGH (57),1919,MANGO,1,Enero,28,2022,3,18,I-4,1,Interestatal,Urbano,Interestatal,State Highway Agency,1,Sin jurisdiccion especial,99998,28.00391944,-82.31316667,Vehiculo en movimiento,Frente a frente,Not an Intersection,No fue interseccion,Sobre calle,Ninguna,Oscuro con iluminacion,Despejado,No,NO APLICA,99,99,99,99,1,28/01/2022,3
12,Florida,120326,0,0,2,0,31,DUVAL (31),1510,JACKSONVILLE,2,Febrero,18,2022,19,48,US-90,2,US Highway,Urbano,Arteria Principal,State Highway Agency,1,Sin jurisdiccion especial,99998,30.29821667,-81.61897222,Vehiculo en movimiento,Frente a Detrás,Not an Intersection,No fue interseccion,Sobre calle,Ninguna,Oscuro con iluminacion,Despejado,No,NO APLICA,99,99,99,99,1,18/02/2022,4
12,Florida,120327,0,0,5,0,99,PALM BEACH (99),290,BOCA RATON,2,Febrero,9,2022,17,40,I-95,1,Interestatal,Urbano,Interestatal,State Highway Agency,1,Sin jurisdiccion especial,99998,26.34338056,-80.11819444,Vehiculo en movimiento,Frente a Detrás,Not an Intersection,No fue interseccion,Sobre calle,Ninguna,Dia total,Despejado,No,NO APLICA,99,99,99,99,1,09/02/2022,6
12,Florida,120328,0,0,1,0,115,SARASOTA (115),2780,SARASOTA,2,Febrero,6,2022,0,30,MYRTLE STREET,6,Calle Local Municipalidad,Urbano,Colector Mayor,Not Reported,0,Sin jurisdiccion especial,99998,27.36721944,-82.546925,Banqueta,El primer evento no fue una colision con un vehiculo automotor en transporte,Roundabout,Glorieta,Sobre el lado de la calle,Ninguna,Oscuro con iluminacion,Despejado,No,NO APLICA,99,99,99,99,3,06/02/2022,3
12,Florida,120329,1,1,1,0,103,PINELLAS (103),0,NO APLICA,1,Enero,30,2022,3,30,SR-693,3,Highway estatal,Urbano,Arteria Principal,State Highway Agency,1,Sin jurisdiccion especial,99998,27.81839167,-82.728625,No vehiculo o remolque,El primer evento no fue una colision con un vehiculo automotor en transporte,Not an Intersection,No fue interseccion,Sobre calle,Ninguna,Oscuro con iluminacion,Despejado,No,NO APLICA,99,99,99,99,1,30/01/2022,1
12,Florida,120330,1,1,1,0,131,WALTON (131),0,NO APLICA,1,Enero,17,2022,13,53,SR-20,3,Highway estatal,Rural,Arteria Principal,State Highway Agency,1,Sin jurisdiccion especial,99998,30.50451111,-86.15401111,Ciclista,El primer evento no fue una colision con un vehiculo automotor en transporte,Not an Intersection,No fue interseccion,Sobre el lado de la calle,Ninguna,Dia total,Despejado,No,NO APLICA,99,99,99,99,1,17/01/2022,1
12,Florida,120331,0,0,2,0,99,PALM BEACH (99),0,NO APLICA,2,Febrero,3,2022,19,51,OKEECHOBEE BLVD W,6,Calle Local Municipalidad,Urbano,Arteria Menor,Not Reported,0,Sin jurisdiccion especial,99998,26.70704167,-80.30916389,Vehiculo en movimiento,Frente a frente,Four-Way Intersection,Interseccion de 4 direcciones,Sobre calle,Ninguna,Oscuro con iluminacion,Despejado,No,NO APLICA,99,99,99,99,1,03/02/2022,3
12,Florida,120332,0,0,1,0,105,POLK (105),0,NO APLICA,2,Febrero,4,2022,14,50,IMPERIAL LALES BLVD,6,Calle Local Municipalidad,Urbano,Colector Menor,Not Reported,0,Sin jurisdiccion especial,99998,27.92993611,-81.99156389,Banqueta,El primer evento no fue una colision con un vehiculo automotor en transporte,Not an Intersection,No fue interseccion,En el medio,Ninguna,Dia total,Despejado,No,NO APLICA,99,99,99,99,1,04/02/2022,1
12,Florida,120333,1,1,1,0,99,PALM BEACH (99),9997,Other,2,Febrero,9,2022,19,47,SR-802 LAKE WORTH RD,3,Highway estatal,Urbano,Arteria Menor,State Highway Agency,0,Sin jurisdiccion especial,99998,26.61679722,-80.071,Peaton,El primer evento no fue una colision con un vehiculo automotor en transporte,Not an Intersection,No fue interseccion,Sobre calle,Ninguna,Oscuro con iluminacion,Despejado,No,NO APLICA,99,99,99,99,1,09/02/2022,1
12,Florida,120334,0,0,4,0,55,HIGHLANDS (55),130,AVON PARK,2,Febrero,7,2022,18,28,US-27,2,US Highway,Urbano,Arteria Principal,State Highway Agency,1,Sin jurisdiccion especial,99998,27.58452222,-81.51451111,Vehiculo en movimiento,Angulo,Four-Way Intersection,Interseccion de 4 direcciones,Sobre calle,Ninguna,Oscuro sin iluminacion,Despejado,No,NO APLICA,99,99,99,99,1,07/02/2022,5
12,Florida,120335,1,1,1,0,95,ORANGE (95),2360,ORLANDO,2,Febrero,8,2022,19,35,SR-50,3,Highway estatal,Urbano,Arteria Principal,State Highway Agency,1,Sin jurisdiccion especial,99998,28.55260278,-81.42806389,Peaton,El primer evento no fue una colision con un vehiculo automotor en transporte,Not an Intersection,No fue interseccion,Sobre calle,Ninguna,Oscuro con iluminacion,lluvia,No,NO APLICA,99,99,99,99,1,08/02/2022,1
12,Florida,120336,0,0,2,0,69,LAKE (69),0,NO APLICA,2,Febrero,7,2022,17,7,CR-44,4,Calle del Condado,Urbano,Colector Mayor,State Highway Agency,0,Sin jurisdiccion especial,99998,28.87348889,-81.75305,Vehiculo en movimiento,Angulo,T-Intersection,Interseccion de T,Sobre calle,Ninguna,Dia total,Despejado,No,NO APLICA,99,99,99,99,1,07/02/2022,4
12,Florida,120337,1,1,1,0,99,PALM BEACH (99),0,NO APLICA,2,Febrero,19,2022,7,11,S CONGRESS AVE,6,Calle Local Municipalidad,Urbano,Arteria Principal,State Highway Agency,0,Sin jurisdiccion especial,99998,26.60945833,-80.08920278,Peaton,El primer evento no fue una colision con un vehiculo automotor en transporte,Four-Way Intersection,Interseccion de 4 direcciones,Sobre calle,Ninguna,Amanecer,Despejado,No,NO APLICA,99,99,99,99,1,19/02/2022,1
12,Florida,120338,0,0,1,0,95,ORANGE (95),2360,ORLANDO,2,Febrero,15,2022,14,26,LEEVISTA BV,6,Calle Local Municipalidad,Urbano,Colector Mayor,Not Reported,0,Sin jurisdiccion especial,99998,28.467375,-81.32034444,Otro objeto (no fijo),El primer evento no fue una colision con un vehiculo automotor en transporte,Not an Intersection,No fue interseccion,"Fuera de la calle, ubicacion desconocida",Ninguna,Dia total,Despejado,No,NO APLICA,99,99,99,99,1,15/02/2022,1
12,Florida,120339,1,1,1,0,115,SARASOTA (115),2780,SARASOTA,1,Enero,12,2022,18,59,SR-41,3,Highway estatal,Urbano,Arteria Principal,State Highway Agency,1,Sin jurisdiccion especial,99998,27.35163611,-82.54694444,Ciclista,El primer evento no fue una colision con un vehiculo automotor en transporte,Not an Intersection,No fue interseccion,Sobre calle,Ninguna,Oscuro con iluminacion,Despejado,No,NO APLICA,99,99,99,99,1,12/01/2022,2
12,Florida,120340,1,1,1,0,31,DUVAL (31),1510,JACKSONVILLE,2,Febrero,5,2022,18,45,SR-104,3,Highway estatal,Urbano,Arteria Menor,State Highway Agency,0,Sin jurisdiccion especial,99998,30.429975,-81.65861111,Peaton,El primer evento no fue una colision con un vehiculo automotor en transporte,Not an Intersection,No fue interseccion,Sobre calle,Ninguna,Oscuro con iluminacion,lluvia,No,NO APLICA,99,99,99,99,1,05/02/2022,3
12,Florida,120341,1,1,1,0,95,ORANGE (95),0,NO APLICA,2,Febrero,20,2022,1,30,I-4 RAMP,1,Interestatal,Urbano,Interestatal,State Highway Agency,1,Sin jurisdiccion especial,99998,28.45279444,-81.47404444,Peaton,El primer evento no fue una colision con un vehiculo automotor en transporte,Not an Intersection,No fue interseccion,Sobre calle,Ninguna,Oscuro con iluminacion,Despejado,No,NO APLICA,99,99,99,99,1,20/02/2022,1
12,Florida,120343,1,1,2,0,97,OSCEOLA (97),0,NO APLICA,2,Febrero,5,2022,1,57,CR-15,4,Calle del Condado,Urbano,Arteria Principal,Not Reported,0,Sin jurisdiccion especial,99998,28.29626667,-81.23989167,Volcadura,El primer evento no fue una colision con un vehiculo automotor en transporte,Not an Intersection,No fue interseccion,En el medio,Ninguna,Oscuro sin iluminacion,Despejado,No,NO APLICA,99,99,99,99,2,05/02/2022,2
12,Florida,120344,1,1,5,0,111,ST LUCIE (111),2601,PORT SAINT LUCIE,2,Febrero,6,2022,0,6,SR-91,3,Highway estatal,Urbano,Arterial Principal -Freeway o ExpressWay,State Highway Agency,1,Sin jurisdiccion especial,99998,27.36213056,-80.37788056,Vehiculo en movimiento,Frente a Detrás,Not an Intersection,No fue interseccion,Sobre calle,Ninguna,Oscuro sin iluminacion,Despejado,No,NO APLICA,99,99,99,99,1,06/02/2022,6
12,Florida,120345,0,0,2,0,99,PALM BEACH (99),0,NO APLICA,1,Enero,25,2022,18,44,US-441,2,US Highway,Urbano,Arteria Principal,State Highway Agency,1,Sin jurisdiccion especial,99998,26.60201944,-80.20555278,Vehiculo en movimiento,Frente a Detrás,T-Intersection,Interseccion de T,Sobre calle,Ninguna,Oscuro con iluminacion,Despejado,No,NO APLICA,99,99,99,99,1,25/01/2022,2
12,Florida,120346,0,0,2,0,99,PALM BEACH (99),112,ATLANTIS,2,Febrero,8,2022,20,10,CR-812 LANTANA RD,4,Calle del Condado,Urbano,Arteria Principal,County Highway Agency,0,Sin jurisdiccion especial,99998,26.58835278,-80.09872222,Vehiculo en movimiento,Frente a frente,T-Intersection,Interseccion de T,Sobre calle,Ninguna,Oscuro con iluminacion,Despejado,No,NO APLICA,99,99,99,99,1,08/02/2022,5
12,Florida,120347,0,0,2,0,103,PINELLAS (103),0,NO APLICA,2,Febrero,9,2022,13,32,CR-501,4,Calle del Condado,Urbano,Arteria Menor,Not Reported,0,Sin jurisdiccion especial,99998,28.0791,-82.74743889,Vehiculo en movimiento,Frente a Detrás,Four-Way Intersection,Interseccion de 4 direcciones,Sobre calle,Ninguna,Dia total,Despejado,No,NO APLICA,99,99,99,99,1,09/02/2022,3
12,Florida,120348,1,1,1,0,1,ALACHUA (1),1130,GAINESVILLE,2,Febrero,12,2022,23,33,SR-26,3,Highway estatal,Urbano,Arteria Principal,State Highway Agency,1,Sin jurisdiccion especial,99998,29.65971111,-82.41478333,Peaton,El primer evento no fue una colision con un vehiculo automotor en transporte,Not an Intersection,No fue interseccion,Sobre calle,Ninguna,Oscuro con iluminacion,lluvia,No,NO APLICA,99,99,99,99,1,12/02/2022,1
12,Florida,120349,0,0,2,0,129,WAKULLA (129),0,NO APLICA,2,Febrero,17,2022,12,51,REHWINKEL RD,8,Otro,Rural,Local,Not Reported,0,Sin jurisdiccion especial,99998,30.15946111,-84.35175,Vehiculo en movimiento,Angulo,T-Intersection,Interseccion de T,Sobre calle,Ninguna,Dia total,Despejado,No,NO APLICA,99,99,99,99,1,17/02/2022,2
12,Florida,120350,2,4,4,2,95,ORANGE (95),0,NO APLICA,2,Febrero,7,2022,2,27,CR-15,4,Calle del Condado,Urbano,Arteria Principal,Not Reported,0,Sin jurisdiccion especial,99998,28.37254167,-81.24443611,Otra barrera de trafico,El primer evento no fue una colision con un vehiculo automotor en transporte,Not an Intersection,No fue interseccion,Separador,"Zona de trabajo, tipo desconocido",Oscuro con iluminacion,Despejado,No,NO APLICA,99,99,99,99,1,07/02/2022,2
12,Florida,120351,0,0,1,0,119,SUMTER (119),0,NO APLICA,1,Enero,15,2022,12,34,CR-470,4,Calle del Condado,Rural,Arteria Menor,County Highway Agency,0,Sin jurisdiccion especial,99998,28.7816,-82.12681944,Volcadura,El primer evento no fue una colision con un vehiculo automotor en transporte,Not an Intersection,No fue interseccion,Sobre calle,Ninguna,Dia total,Despejado,No,NO APLICA,99,99,99,99,1,15/01/2022,1
12,Florida,120352,1,1,1,0,81,MANATEE (81),2440,PALMETTO,2,Febrero,3,2022,20,46,SR-43 10TH ST W,3,Highway estatal,Urbano,Arteria Principal,State Highway Agency,1,Sin jurisdiccion especial,99998,27.52117222,-82.56526944,Peaton,El primer evento no fue una colision con un vehiculo automotor en transporte,Not an Intersection,No fue interseccion,Sobre calle,Ninguna,Oscuro con iluminacion,Despejado,No,NO APLICA,99,99,99,99,1,03/02/2022,2
12,Florida,120353,0,0,2,0,57,HILLSBOROUGH (57),2950,TAMPA,2,Febrero,17,2022,20,27,SR-574,3,Highway estatal,Urbano,Arteria Principal,State Highway Agency,1,Sin jurisdiccion especial,99998,27.98155,-82.47345278,Vehiculo en movimiento,Angulo,Four-Way Intersection,Interseccion de 4 direcciones,Sobre calle,Ninguna,Oscuro con iluminacion,Despejado,No,NO APLICA,99,99,99,99,1,17/02/2022,2
12,Florida,120354,1,1,2,0,127,VOLUSIA (127),825,DELTONA,2,Febrero,16,2022,21,2,HOWLAND BLVD,6,Calle Local Municipalidad,Urbano,Arteria Menor,Not Reported,0,Sin jurisdiccion especial,99998,28.92869722,-81.19549722,Peaton,El primer evento no fue una colision con un vehiculo automotor en transporte,Not an Intersection,No fue interseccion,Sobre calle,"Zona de trabajo, tipo desconocido",Oscuro sin iluminacion,Despejado,No,NO APLICA,99,99,99,99,1,16/02/2022,2
12,Florida,120356,1,1,1,0,127,VOLUSIA (127),780,DAYTONA BEACH,2,Febrero,5,2022,21,50,SR-430,3,Highway estatal,Urbano,Arteria Menor,State Highway Agency,0,Sin jurisdiccion especial,99998,29.23167222,-81.01758611,Ciclista,El primer evento no fue una colision con un vehiculo automotor en transporte,Y-Intersection,Interseccion de Y,Sobre calle,Ninguna,Oscuro sin iluminacion,lluvia,No,NO APLICA,99,99,99,99,1,05/02/2022,2
12,Florida,120357,0,0,2,1,101,PASCO (101),0,NO APLICA,2,Febrero,2,2022,21,21,WIREGRASS RANCH BLVD,9,Desconocido,Rural,Colector Menor,Not Reported,0,Sin jurisdiccion especial,99998,28.23444444,-82.34253333,Vehiculo Aparcado,El primer evento no fue una colision con un vehiculo automotor en transporte,Not an Intersection,No fue interseccion,"Fuera de la calle, ubicacion desconocida","Zona de trabajo, tipo desconocido",Oscuro sin iluminacion,Despejado,No,NO APLICA,99,99,99,99,1,02/02/2022,2
12,Florida,120358,0,0,2,0,86,MIAMI-DADE (86),0,NO APLICA,2,Febrero,19,2022,20,50,SR-94,3,Highway estatal,Urbano,Arteria Principal,State Highway Agency,1,Sin jurisdiccion especial,99998,25.68768333,-80.34165556,Vehiculo en movimiento,Angulo,T-Intersection,Interseccion de T,Sobre calle,Ninguna,Oscuro con iluminacion,Despejado,No,NO APLICA,99,99,99,99,1,19/02/2022,2
12,Florida,120359,0,0,1,0,103,PINELLAS (103),2730,SAINT PETERSBURG,2,Febrero,18,2022,23,3,45TH ST N,6,Calle Local Municipalidad,Urbano,Arteria Menor,Not Reported,0,Sin jurisdiccion especial,99998,27.806425,-82.69391389,Banqueta,El primer evento no fue una colision con un vehiculo automotor en transporte,Four-Way Intersection,Interseccion de 4 direcciones,Sobre el lado de la calle,Ninguna,Oscuro con iluminacion,Neblina o Humo,No,NO APLICA,99,99,99,99,1,18/02/2022,1
12,Florida,120360,1,1,1,0,99,PALM BEACH (99),290,BOCA RATON,2,Febrero,11,2022,12,25,NW SPANISH RIVER BLVD,6,Calle Local Municipalidad,Urbano,Colector Mayor,Not Reported,0,Sin jurisdiccion especial,99998,26.38655278,-80.092725,Ciclista,El primer evento no fue una colision con un vehiculo automotor en transporte,Not an Intersection,No fue interseccion,Sobre calle,Ninguna,Dia total,Despejado,No,NO APLICA,99,98,99,98,1,11/02/2022,1
12,Florida,120361,0,0,1,0,107,PUTNAM (107),2560,POMONA PARK,2,Febrero,17,2022,0,50,CR-308B,4,Calle del Condado,Rural,Colector Menor,Not Reported,0,Sin jurisdiccion especial,99998,29.48371944,-81.61942222,Poste de Señal de trafico,El primer evento no fue una colision con un vehiculo automotor en transporte,Not an Intersection,No fue interseccion,Sobre el lado de la calle,Ninguna,Oscuro sin iluminacion,Despejado,No,NO APLICA,99,99,99,99,1,17/02/2022,1
12,Florida,120362,0,0,2,0,31,DUVAL (31),1510,JACKSONVILLE,2,Febrero,10,2022,8,5,I-295,1,Interestatal,Urbano,Interestatal,State Highway Agency,1,Sin jurisdiccion especial,99998,30.1965,-81.73928889,Vehiculo en movimiento,Frente a Detrás,Not an Intersection,No fue interseccion,Sobre calle,Ninguna,Dia total,Despejado,No,NO APLICA,8,99,8,99,1,10/02/2022,2
12,Florida,120364,1,1,1,0,69,LAKE (69),1120,FRUITLAND PARK,2,Febrero,19,2022,23,33,US-27,2,US Highway,Urbano,Arteria Principal,State Highway Agency,1,Sin jurisdiccion especial,99998,28.84637778,-81.898825,Peaton,El primer evento no fue una colision con un vehiculo automotor en transporte,Not an Intersection,No fue interseccion,Sobre calle,Ninguna,Oscuro con iluminacion,Despejado,No,NO APLICA,99,99,99,99,1,19/02/2022,1
12,Florida,120365,0,0,2,0,1,ALACHUA (1),0,NO APLICA,2,Febrero,19,2022,8,45,SR-26,3,Highway estatal,Rural,Arteria Menor,State Highway Agency,0,Sin jurisdiccion especial,99998,29.70868056,-82.06252222,Vehiculo en movimiento,Frente a frente,Not an Intersection,No fue interseccion,Sobre calle,Ninguna,Dia total,Despejado,No,NO APLICA,99,99,99,99,1,19/02/2022,2
12,Florida,120366,1,1,1,0,95,ORANGE (95),0,NO APLICA,2,Febrero,18,2022,15,37,MALLARD COVE BLVD,6,Calle Local Municipalidad,Urbano,Colector Mayor,Not Reported,0,Sin jurisdiccion especial,99998,28.36751111,-81.41621111,Ciclista,El primer evento no fue una colision con un vehiculo automotor en transporte,T-Intersection,Interseccion de T,Sobre calle,Ninguna,Dia total,Despejado,No,NO APLICA,99,99,99,99,1,18/02/2022,1
12,Florida,120367,0,0,2,0,63,JACKSON (63),0,NO APLICA,2,Febrero,23,2022,6,40,SR-71,3,Highway estatal,Rural,Arteria Menor,State Highway Agency,0,Sin jurisdiccion especial,99998,30.94261667,-85.1639,Vehiculo en movimiento,Angulo,T-Intersection,Interseccion de T,Sobre calle,Ninguna,Dia total,Neblina o Humo,No,NO APLICA,99,99,99,99,1,23/02/2022,4
12,Florida,120368,0,0,2,0,119,SUMTER (119),0,NO APLICA,2,Febrero,5,2022,13,18,CR-476,4,Calle del Condado,Rural,Colector Mayor,Not Reported,0,Sin jurisdiccion especial,99998,28.64037778,-82.203875,Volcadura,El primer evento no fue una colision con un vehiculo automotor en transporte,Not an Intersection,No fue interseccion,Sobre Acotamiento,Ninguna,Dia total,Nublado,No,NO APLICA,13,20,13,27,1,05/02/2022,4
12,Florida,120369,2,2,1,0,31,DUVAL (31),1520,JACKSONVILLE BEACH,2,Febrero,19,2022,19,36,US-90,2,US Highway,Urbano,Arteria Principal,State Highway Agency,1,Sin jurisdiccion especial,99998,30.28823611,-81.40161389,Peaton,El primer evento no fue una colision con un vehiculo automotor en transporte,T-Intersection,Interseccion de T,Sobre calle,Ninguna,Oscuro con iluminacion,Despejado,No,NO APLICA,99,99,99,99,1,19/02/2022,2
12,Florida,120370,0,0,1,0,86,MIAMI-DADE (86),1440,HOMESTEAD,2,Febrero,7,2022,17,2,US-1,2,US Highway,Urbano,Arteria Principal,State Highway Agency,1,Sin jurisdiccion especial,99998,25.47734167,-80.4649,Soporte de  señalamiento de transito,El primer evento no fue una colision con un vehiculo automotor en transporte,Four-Way Intersection,Interseccion de 4 direcciones,Sobre el lado de la calle,Ninguna,Dia total,Despejado,No,NO APLICA,99,99,99,99,1,07/02/2022,1
12,Florida,120371,1,1,1,0,95,ORANGE (95),2360,ORLANDO,2,Febrero,19,2022,19,10,W WASHINGTON ST,6,Calle Local Municipalidad,Urbano,Arteria Menor,Not Reported,0,Sin jurisdiccion especial,99998,28.54448333,-81.40926389,Peaton,El primer evento no fue una colision con un vehiculo automotor en transporte,Not an Intersection,No fue interseccion,Sobre calle,Ninguna,Oscuro con iluminacion,Despejado,No,NO APLICA,99,99,99,99,1,19/02/2022,1
12,Florida,120372,1,1,1,0,15,CHARLOTTE (15),2573,PORT CHARLOTTE,2,Febrero,22,2022,5,34,US-41,2,US Highway,Urbano,Arteria Principal,State Highway Agency,1,Sin jurisdiccion especial,99998,27.0104,-82.14096111,Ciclista,El primer evento no fue una colision con un vehiculo automotor en transporte,Four-Way Intersection,Interseccion de 4 direcciones,Sobre calle,Ninguna,Oscuro con iluminacion,Despejado,No,NO APLICA,99,99,99,99,1,22/02/2022,1