Estado,Nombre de Estado,Numero de Caso,Peatones,Personas _no_vehiculos,Vehiculos automotores,Vehiculos estacionados,Condado,Nombre Condado,Ciudad,Nombre Ciudad,Mes,Nombre Mes,Dia,Año,Hora,Minuto,Calle,Ruta,Nombre Ruta,Rural o Urbanoo,Sistema Funcional,Dueño Calle,Sistema Nacional Carreteras,Jurisdiccion Especial,Milla,Latitud,Longitud,Causa del Accidente,Tipo de Accidente,Tipo Interseccion,Columna1,Lugar en la calle,Zona de Trabajo,Luz,Clima,Autobus Escolar,Cruce de Trenes,Hora Notificacion,Minuto Notificacion,Hora Llegada,Minuto Llegada,Decesos,Fecha,PersonaVehiculo
12,Florida,120373,0,0,2,0,97,OSCEOLA (97),0,NO APLICA,2,Febrero,19,2022,17,27,US-441,2,US Highway,Urbano,Arteria Principal,State Highway Agency,1,Sin jurisdiccion especial,99998,28.32256944,-81.40371111,Vehiculo en movimiento,Angulo,Four-Way Intersection,Interseccion de 4 direcciones,Sobre calle,Ninguna,Dia total,Despejado,No,NO APLICA,99,99,99,99,1,19/02/2022,2
12,Florida,120374,0,0,1,0,101,PASCO (101),1755,LAND O' LAKES,2,Febrero,7,2022,0,0,SR-54,3,Highway estatal,Urbano,Arteria Principal,State Highway Agency,1,Sin jurisdiccion especial,99998,28.18613889,-82.42765,Poste de Señal de trafico,El primer evento no fue una colision con un vehiculo automotor en transporte,Not an Intersection,No fue interseccion,En el medio,Ninguna,Oscuro con iluminacion,Nublado,No,NO APLICA,99,99,99,99,1,07/02/2022,1
12,Florida,120376,1,1,2,0,103,PINELLAS (103),0,NO APLICA,2,Febrero,8,2022,19,19,71ST ST,9,Desconocido,Urbano,Arteria Menor,Not Reported,0,Sin jurisdiccion especial,99998,27.81787222,-82.73674722,Ciclista,El primer evento no fue una colision con un vehiculo automotor en transporte,Not an Intersection,No fue interseccion,Sobre calle,Ninguna,Oscuro sin iluminacion,lluvia,No,NO APLICA,99,99,99,99,1,08/02/2022,3
12,Florida,120377,0,0,2,0,127,VOLUSIA (127),0,NO APLICA,2,Febrero,16,2022,19,37,SR-40,3,Highway estatal,Rural,Arteria Principal,State Highway Agency,1,Sin jurisdiccion especial,99998,29.25349722,-81.2042,Vehiculo en movimiento,Frente a frente,Not an Intersection,No fue interseccion,Sobre calle,Ninguna,Oscuro sin iluminacion,Despejado,No,NO APLICA,99,99,99,99,1,16/02/2022,2
12,Florida,120378,1,1,1,0,9,BREVARD (9),3000,TITUSVILLE,2,Febrero,13,2022,18,33,SR-1,3,Highway estatal,Urbano,Arteria Principal,State Highway Agency,1,Sin jurisdiccion especial,99998,28.57203056,-80.79839444,Peaton,El primer evento no fue una colision con un vehiculo automotor en transporte,T-Intersection,Interseccion de T,Sobre calle,Ninguna,Atardecer,Despejado,No,NO APLICA,99,99,99,99,1,13/02/2022,1
12,Florida,120379,1,1,1,0,5,BAY (5),2451,PANAMA CITY BEACH,2,Febrero,23,2022,2,55,US-98,2,US Highway,Urbano,Arteria Principal,State Highway Agency,1,Sin jurisdiccion especial,99998,30.19255833,-85.79982222,Ciclista,El primer evento no fue una colision con un vehiculo automotor en transporte,Not an Intersection,No fue interseccion,Sobre calle,Ninguna,Oscuro sin iluminacion,Neblina o Humo,No,NO APLICA,99,99,99,99,1,23/02/2022,1
12,Florida,120380,0,0,1,0,111,ST LUCIE (111),1080,FORT PIERCE,2,Febrero,23,2022,23,50,SR-615,3,Highway estatal,Urbano,Arteria Principal,State Highway Agency,1,Sin jurisdiccion especial,99998,27.42554167,-80.34996389,Arbol,El primer evento no fue una colision con un vehiculo automotor en transporte,Not an Intersection,No fue interseccion,Sobre el lado de la calle,Ninguna,Oscuro con iluminacion,Despejado,No,NO APLICA,99,99,99,99,1,23/02/2022,1
12,Florida,120381,1,1,1,0,9,BREVARD (9),1990,MELBOURNE,2,Febrero,22,2022,11,27,BABCOCK ST S,6,Calle Local Municipalidad,Urbano,Arteria Menor,Not Reported,0,Sin jurisdiccion especial,99998,28.084075,-80.62154722,Peaton,El primer evento no fue una colision con un vehiculo automotor en transporte,Not an Intersection,No fue interseccion,Sobre calle,Ninguna,Dia total,Despejado,No,NO APLICA,99,99,99,99,1,22/02/2022,1
12,Florida,120382,1,1,1,0,71,LEE (71),0,NO APLICA,2,Febrero,23,2022,19,21,POINTE BLVD,9,Desconocido,Urbano,Colector Mayor,Not Reported,0,Sin jurisdiccion especial,99998,26.55396667,-81.904375,Peaton,El primer evento no fue una colision con un vehiculo automotor en transporte,Not an Intersection,No fue interseccion,Sobre calle,Ninguna,Oscuro sin iluminacion,Despejado,No,NO APLICA,99,99,99,99,1,23/02/2022,1
12,Florida,120383,1,1,1,0,86,MIAMI-DADE (86),1340,HIALEAH,2,Febrero,22,2022,22,17,SR-932,3,Highway estatal,Urbano,Arteria Principal,State Highway Agency,1,Sin jurisdiccion especial,99998,25.86668611,-80.31472778,Peaton,El primer evento no fue una colision con un vehiculo automotor en transporte,Four-Way Intersection,Interseccion de 4 direcciones,Sobre calle,Ninguna,Oscuro con iluminacion,Nublado,No,NO APLICA,99,99,99,99,1,22/02/2022,2
12,Florida,120384,1,1,1,0,85,MARTIN (85),0,NO APLICA,2,Febrero,21,2022,20,30,EDISON AVE,8,Otro,Urbano,Local,Not Reported,0,Sin jurisdiccion especial,99998,27.14769444,-80.22817778,Peaton,El primer evento no fue una colision con un vehiculo automotor en transporte,Not an Intersection,No fue interseccion,Sobre calle,Ninguna,Oscuro sin iluminacion,Despejado,No,NO APLICA,99,99,99,99,1,21/02/2022,1
12,Florida,120385,0,0,3,0,31,DUVAL (31),1510,JACKSONVILLE,2,Febrero,26,2022,17,27,SR-21 BLANDING BLVD,3,Highway estatal,Urbano,Arteria Principal,State Highway Agency,1,Sin jurisdiccion especial,99998,30.26684444,-81.73768889,Vehiculo en movimiento,Angulo,Four-Way Intersection,Interseccion de 4 direcciones,Sobre calle,Ninguna,Dia total,Despejado,No,NO APLICA,99,99,99,99,1,26/02/2022,3
12,Florida,120386,0,0,2,0,117,SEMINOLE (117),30,ALTAMONTE SPRINGS,2,Febrero,18,2022,3,17,SR-436,3,Highway estatal,Urbano,Arteria Principal,State Highway Agency,1,Sin jurisdiccion especial,99998,28.66525833,-81.42202222,Vehiculo en movimiento,Angulo,Not an Intersection,No fue interseccion,Sobre calle,Ninguna,Oscuro con iluminacion,Despejado,No,NO APLICA,99,99,99,99,1,18/02/2022,3
12,Florida,120387,0,0,2,0,105,POLK (105),0,NO APLICA,2,Febrero,12,2022,19,21,GALLOWAY RD,8,Otro,Urbano,Local,Not Reported,0,Sin jurisdiccion especial,99998,28.09148889,-82.0067,Vehiculo en movimiento,Angulo,Four-Way Intersection,Interseccion de 4 direcciones,Sobre calle,Ninguna,Oscuro con iluminacion,Despejado,No,NO APLICA,99,99,99,99,1,12/02/2022,6
12,Florida,120388,0,0,2,0,31,DUVAL (31),1510,JACKSONVILLE,2,Febrero,27,2022,2,16,SR-128,3,Highway estatal,Urbano,Arteria Menor,State Highway Agency,0,Sin jurisdiccion especial,99998,30.28213056,-81.73033889,Vehiculo en movimiento,Angulo,Four-Way Intersection,Interseccion de 4 direcciones,Sobre calle,Ninguna,Oscuro con iluminacion,Neblina o Humo,No,NO APLICA,99,99,99,99,1,27/02/2022,3
12,Florida,120389,0,0,2,0,105,POLK (105),0,NO APLICA,2,Febrero,13,2022,19,34,LEWIS GRIFFIN RD,8,Otro,Rural,Local,Not Reported,0,Sin jurisdiccion especial,99998,27.89241944,-81.54765556,Vehiculo en movimiento,Frente a frente,Not an Intersection,No fue interseccion,Sobre calle,Ninguna,Oscuro sin iluminacion,Despejado,No,NO APLICA,99,99,99,99,2,13/02/2022,2
12,Florida,120390,0,0,2,0,71,LEE (71),0,NO APLICA,2,Febrero,12,2022,2,8,US-41,2,US Highway,Urbano,Arteria Principal,State Highway Agency,1,Sin jurisdiccion especial,99998,26.69303333,-81.90087222,Vehiculo en movimiento,Golpe Lateral - misma direccion,Not an Intersection,No fue interseccion,Sobre calle,Ninguna,Oscuro sin iluminacion,Despejado,No,NO APLICA,99,99,99,99,1,12/02/2022,2
12,Florida,120391,0,0,1,0,11,BROWARD (11),1050,FORT LAUDERDALE,2,Febrero,18,2022,23,45,13TH ST,6,Calle Local Municipalidad,Urbano,Local,Not Reported,0,Sin jurisdiccion especial,99998,26.142375,-80.13670278,Banqueta,El primer evento no fue una colision con un vehiculo automotor en transporte,Roundabout,Glorieta,En el medio,Ninguna,Oscuro con iluminacion,Despejado,No,NO APLICA,99,99,99,99,1,18/02/2022,1
12,Florida,120392,0,0,1,0,11,BROWARD (11),771,DAVIE,2,Febrero,25,2022,1,13,4300 S NOB HILL RD,6,Calle Local Municipalidad,Urbano,Arteria Menor,Not Reported,0,Sin jurisdiccion especial,99998,26.06625278,-80.28035,Arbol,El primer evento no fue una colision con un vehiculo automotor en transporte,Not an Intersection,No fue interseccion,En el medio,Ninguna,Oscuro sin iluminacion,Nublado,No,NO APLICA,99,99,99,99,1,25/02/2022,1
12,Florida,120393,1,1,1,0,86,MIAMI-DADE (86),2020,MIAMI BEACH,2,Febrero,15,2022,11,0,DADE BLVD,6,Calle Local Municipalidad,Urbano,Arteria Menor,Not Reported,0,Sin jurisdiccion especial,99998,25.791875,-80.14423889,Ciclista,El primer evento no fue una colision con un vehiculo automotor en transporte,Four-Way Intersection,Interseccion de 4 direcciones,Sobre calle,Ninguna,Dia total,Despejado,No,NO APLICA,99,99,99,99,1,15/02/2022,1
12,Florida,120394,0,0,2,0,57,HILLSBOROUGH (57),0,NO APLICA,2,Febrero,27,2022,14,55,CR-582A,4,Calle del Condado,Urbano,Arteria Menor,Not Reported,0,Sin jurisdiccion especial,99998,28.06888056,-82.47976944,Vehiculo en movimiento,Angulo,Not an Intersection,No fue interseccion,Sobre calle,Ninguna,Dia total,Despejado,No,NO APLICA,99,99,99,99,1,27/02/2022,2
12,Florida,120395,1,1,2,0,95,ORANGE (95),0,NO APLICA,1,Enero,18,2022,5,50,SR-417,3,Highway estatal,Urbano,Arterial Principal -Freeway o ExpressWay,State Highway Agency,1,Sin jurisdiccion especial,99998,28.35563889,-81.47428889,Peaton,El primer evento no fue una colision con un vehiculo automotor en transporte,Not an Intersection,No fue interseccion,Sobre calle,"Zona de trabajo, tipo desconocido",Oscuro con iluminacion,Despejado,No,NO APLICA,99,99,99,99,1,18/01/2022,4
12,Florida,120396,1,1,1,0,81,MANATEE (81),0,NO APLICA,2,Febrero,18,2022,20,18,CR-610,4,Calle del Condado,Urbano,Arteria Principal,Not Reported,0,Sin jurisdiccion especial,99998,27.38903889,-82.510075,Ciclista,El primer evento no fue una colision con un vehiculo automotor en transporte,Not an Intersection,No fue interseccion,Sobre calle,Ninguna,Oscuro sin iluminacion,Neblina o Humo,No,NO APLICA,99,99,99,99,1,18/02/2022,1
12,Florida,120397,0,0,2,0,73,LEON (73),0,NO APLICA,2,Febrero,20,2022,2,10,US-319,2,US Highway,Rural,Arteria Principal,State Highway Agency,1,Sin jurisdiccion especial,99998,30.66681667,-84.16431111,Vehiculo en movimiento,Frente a frente,Not an Intersection,No fue interseccion,Sobre calle,Ninguna,Oscuro sin iluminacion,Despejado,No,NO APLICA,99,99,99,99,1,20/02/2022,2
12,Florida,120398,0,0,3,0,31,DUVAL (31),1510,JACKSONVILLE,2,Febrero,20,2022,19,0,I-295,1,Interestatal,Urbano,Interestatal,State Highway Agency,1,Sin jurisdiccion especial,99998,30.19031111,-81.67001944,Vehiculo en movimiento,Frente a Detrás,Not an Intersection,No fue interseccion,Sobre calle,Ninguna,Oscuro con iluminacion,Despejado,No,NO APLICA,99,99,99,99,1,20/02/2022,2
12,Florida,120399,1,1,1,0,115,SARASOTA (115),0,NO APLICA,2,Febrero,19,2022,19,7,US-41,2,US Highway,Urbano,Arteria Principal,State Highway Agency,1,Sin jurisdiccion especial,99998,27.13446389,-82.455475,Peaton,El primer evento no fue una colision con un vehiculo automotor en transporte,Not an Intersection,No fue interseccion,Sobre calle,Ninguna,Oscuro sin iluminacion,Despejado,No,NO APLICA,99,99,99,99,1,19/02/2022,2
12,Florida,120400,0,0,2,0,85,MARTIN (85),0,NO APLICA,2,Febrero,16,2022,6,5,SR-76,3,Highway estatal,Rural,Arteria Menor,State Highway Agency,0,Sin jurisdiccion especial,99998,27.01491667,-80.51690556,Vehiculo en movimiento,Frente a frente,Not an Intersection,No fue interseccion,Sobre calle,Ninguna,Amanecer,Despejado,No,NO APLICA,6,99,6,99,1,16/02/2022,2
12,Florida,120401,0,0,1,0,35,FLAGLER (35),410,BUNNELL,2,Febrero,25,2022,12,48,US-1,2,US Highway,Urbano,Arteria Principal,State Highway Agency,1,Sin jurisdiccion especial,99998,29.48548056,-81.26685,Poste,El primer evento no fue una colision con un vehiculo automotor en transporte,Not an Intersection,No fue interseccion,Sobre el lado de la calle,Ninguna,Dia total,Nublado,No,NO APLICA,99,99,99,99,1,25/02/2022,1
12,Florida,120402,0,0,3,0,21,COLLIER (21),0,NO APLICA,2,Febrero,12,2022,19,31,SR-29,3,Highway estatal,Rural,Arteria Principal,State Highway Agency,1,Sin jurisdiccion especial,99998,26.10821111,-81.3448,Vehiculo en movimiento,Angulo,Not an Intersection,No fue interseccion,Sobre calle,Ninguna,Oscuro sin iluminacion,Despejado,No,NO APLICA,99,99,99,99,1,12/02/2022,6
12,Florida,120404,0,0,2,0,47,HAMILTON (47),0,NO APLICA,2,Febrero,18,2022,5,32,SR-6,3,Highway estatal,Rural,Arteria Menor,State Highway Agency,0,Sin jurisdiccion especial,99998,30.48666111,-83.22016111,Vehiculo en movimiento,Angulo,Four-Way Intersection,Interseccion de 4 direcciones,Sobre calle,Ninguna,Oscuro sin iluminacion,Nublado,No,NO APLICA,99,99,99,99,1,18/02/2022,3
12,Florida,120406,1,1,1,0,97,OSCEOLA (97),0,NO APLICA,2,Febrero,11,2022,22,38,CR-531,4,Calle del Condado,Urbano,Colector Mayor,Not Reported,0,Sin jurisdiccion especial,99998,28.15825556,-81.43993333,Ciclista,El primer evento no fue una colision con un vehiculo automotor en transporte,Four-Way Intersection,Interseccion de 4 direcciones,Sobre calle,Ninguna,Oscuro con iluminacion,Despejado,No,NO APLICA,99,99,99,99,1,11/02/2022,2
12,Florida,120407,1,1,1,0,11,BROWARD (11),1280,HALLANDALE BEACH,2,Febrero,20,2022,22,25,SR-858,3,Highway estatal,Urbano,Arteria Principal,State Highway Agency,1,Sin jurisdiccion especial,99998,25.98540556,-80.15189444,Peaton,El primer evento no fue una colision con un vehiculo automotor en transporte,Not an Intersection,No fue interseccion,Sobre calle,Ninguna,Oscuro sin iluminacion,Despejado,No,NO APLICA,99,99,99,99,1,20/02/2022,1
12,Florida,120408,0,0,2,0,11,BROWARD (11),2948,TAMARAC,2,Febrero,12,2022,14,55,N PINE ISLAND RD,6,Calle Local Municipalidad,Urbano,Arteria Menor,Not Reported,0,Sin jurisdiccion especial,99998,26.15989444,-80.26944167,Vehiculo en movimiento,No reportado,T-Intersection,Interseccion de T,Sobre calle,Ninguna,Dia total,Despejado,No,NO APLICA,99,99,99,99,1,12/02/2022,2
12,Florida,120409,0,0,1,0,11,BROWARD (11),1050,FORT LAUDERDALE,2,Febrero,28,2022,3,0,US-1,2,US Highway,Urbano,Arteria Principal,State Highway Agency,1,Sin jurisdiccion especial,99998,26.06063889,-80.14391389,Otro objeto (fijo),El primer evento no fue una colision con un vehiculo automotor en transporte,Not an Intersection,No fue interseccion,Sobre el lado de la calle,Ninguna,Oscuro con iluminacion,Nublado,No,NO APLICA,99,99,99,99,1,28/02/2022,1
12,Florida,120410,0,0,2,0,15,CHARLOTTE (15),2620,PUNTA GORDA,2,Febrero,15,2022,18,42,US-41,2,US Highway,Urbano,Arteria Principal,State Highway Agency,1,Sin jurisdiccion especial,99998,26.93537778,-82.05328056,Vehiculo en movimiento,Angulo,Four-Way Intersection,Interseccion de 4 direcciones,Sobre calle,Ninguna,Oscuro con iluminacion,Despejado,No,NO APLICA,99,99,99,99,1,15/02/2022,2
12,Florida,120411,0,0,2,0,86,MIAMI-DADE (86),0,NO APLICA,2,Febrero,12,2022,15,33,US-1,2,US Highway,Urbano,Arteria Principal,State Highway Agency,1,Sin jurisdiccion especial,99998,25.95700278,-80.14678056,Vehiculo en movimiento,Angulo,T-Intersection,Interseccion de T,Sobre calle,Ninguna,Dia total,Despejado,No,NO APLICA,99,99,99,99,1,12/02/2022,4
12,Florida,120412,0,0,2,0,71,LEE (71),0,NO APLICA,2,Febrero,24,2022,18,40,BELL BLVD,9,Desconocido,Urbano,Colector Mayor,Not Reported,0,Sin jurisdiccion especial,99998,26.55653889,-81.6047,Vehiculo en movimiento,Angulo,Four-Way Intersection,Interseccion de 4 direcciones,Sobre calle,Ninguna,Oscuro sin iluminacion,Despejado,No,NO APLICA,99,99,99,99,1,24/02/2022,3
12,Florida,120413,1,1,1,0,81,MANATEE (81),0,NO APLICA,2,Febrero,20,2022,23,30,CR-610,4,Calle del Condado,Urbano,Arteria Principal,Not Reported,0,Sin jurisdiccion especial,99998,27.38880278,-82.52457778,Ciclista,El primer evento no fue una colision con un vehiculo automotor en transporte,Not an Intersection,No fue interseccion,Sobre calle,Ninguna,Oscuro sin iluminacion,Despejado,No,NO APLICA,99,99,99,99,1,20/02/2022,1
12,Florida,120414,0,0,2,0,5,BAY (5),0,NO APLICA,2,Febrero,15,2022,6,29,US-98,2,US Highway,Urbano,Arteria Principal,State Highway Agency,1,Sin jurisdiccion especial,99998,30.18938889,-85.78676944,Vehiculo en movimiento,Angulo,T-Intersection,Interseccion de T,Sobre calle,Ninguna,Amanecer,Despejado,No,NO APLICA,99,99,99,99,1,15/02/2022,2
12,Florida,120415,0,0,2,0,89,NASSAU (89),0,NO APLICA,2,Febrero,12,2022,20,33,I-95,1,Interestatal,Rural,Interestatal,State Highway Agency,1,Sin jurisdiccion especial,99998,30.72631944,-81.66348889,Vehiculo en movimiento,Angulo,Not an Intersection,No fue interseccion,Sobre calle,Ninguna,Oscuro con iluminacion,Nublado,No,NO APLICA,99,99,99,99,1,12/02/2022,5
12,Florida,120416,0,0,1,0,103,PINELLAS (103),2730,SAINT PETERSBURG,2,Febrero,25,2022,3,40,58TH ST,6,Calle Local Municipalidad,Urbano,Colector Mayor,Not Reported,0,Sin jurisdiccion especial,99998,27.79155,-82.71242222,Banqueta,El primer evento no fue una colision con un vehiculo automotor en transporte,Four-Way Intersection,Interseccion de 4 direcciones,Sobre el lado de la calle,Ninguna,Oscuro con iluminacion,Despejado,No,NO APLICA,99,99,99,99,1,25/02/2022,1
12,Florida,120417,0,0,3,0,86,MIAMI-DADE (86),0,NO APLICA,2,Febrero,21,2022,1,40,US-27,2,US Highway,Rural,Arteria Principal,State Highway Agency,1,Sin jurisdiccion especial,99998,25.95185278,-80.43060833,Vehiculo en movimiento,Frente a frente,Not an Intersection,No fue interseccion,Sobre calle,Ninguna,Oscuro con iluminacion,Despejado,No,NO APLICA,99,99,99,99,1,21/02/2022,3
12,Florida,120418,0,0,1,0,57,HILLSBOROUGH (57),2950,TAMPA,2,Febrero,22,2022,1,0,US-45,2,US Highway,Urbano,Arteria Principal,State Highway Agency,1,Sin jurisdiccion especial,99998,27.93479722,-82.43305556,Valla Ferrocarril,El primer evento no fue una colision con un vehiculo automotor en transporte,Not an Intersection,No fue interseccion,Sobre el lado de la calle,Ninguna,Oscuro con iluminacion,Despejado,No,NO APLICA,99,99,99,99,1,22/02/2022,2
12,Florida,120419,0,0,3,2,127,VOLUSIA (127),825,DELTONA,1,Enero,29,2022,2,40,HOWLAND BLVD,5,Calle Local - Pueblo,Urbano,Arteria Menor,Not Reported,0,Sin jurisdiccion especial,99998,28.91875278,-81.18314167,Banqueta,El primer evento no fue una colision con un vehiculo automotor en transporte,Not an Intersection,No fue interseccion,Sobre el lado de la calle,Ninguna,Oscuro sin iluminacion,Despejado,No,NO APLICA,99,99,99,99,1,29/01/2022,1
12,Florida,120420,1,1,1,0,11,BROWARD (11),790,DEERFIELD BEACH,3,Marzo,1,2022,9,8,SR-834,3,Highway estatal,Urbano,Arteria Menor,State Highway Agency,0,Sin jurisdiccion especial,99998,26.27521944,-80.11392778,Ciclista,El primer evento no fue una colision con un vehiculo automotor en transporte,Four-Way Intersection,Interseccion de 4 direcciones,Sobre calle,Ninguna,Dia total,Despejado,No,NO APLICA,99,99,99,99,1,01/03/2022,1
12,Florida,120421,0,0,2,0,105,POLK (105),0,NO APLICA,1,Enero,24,2022,13,45,CR-547,4,Calle del Condado,Urbano,Colector Mayor,Not Reported,0,Sin jurisdiccion especial,99998,28.21280278,-81.59640278,Vehiculo en movimiento,Angulo,Four-Way Intersection,Interseccion de 4 direcciones,Sobre calle,Ninguna,Dia total,Despejado,No,NO APLICA,99,99,99,99,1,24/01/2022,5
12,Florida,120422,1,1,1,0,99,PALM BEACH (99),0,NO APLICA,2,Febrero,27,2022,13,57,SR-809,3,Highway estatal,Urbano,Arteria Principal,State Highway Agency,1,Sin jurisdiccion especial,99998,26.72129167,-80.11136111,Peaton,El primer evento no fue una colision con un vehiculo automotor en transporte,Not an Intersection,No fue interseccion,Sobre calle,Ninguna,Dia total,Despejado,No,NO APLICA,99,99,99,99,1,27/02/2022,1
12,Florida,120423,0,0,1,0,83,MARION (83),0,NO APLICA,2,Febrero,23,2022,19,50,182ND AVENUE RD,8,Otro,Rural,Colector Menor,Not Reported,0,Sin jurisdiccion especial,99998,29.07211111,-81.85173056,Arbol,El primer evento no fue una colision con un vehiculo automotor en transporte,Not an Intersection,No fue interseccion,Sobre el lado de la calle,Ninguna,Oscuro sin iluminacion,Despejado,No,NO APLICA,99,99,99,99,1,23/02/2022,1
12,Florida,120424,0,0,1,0,29,DIXIE (29),0,NO APLICA,2,Febrero,22,2022,16,0,835 ST,8,Otro,Rural,Colector Mayor,Not Reported,0,Sin jurisdiccion especial,99998,29.68287778,-82.96218889,Volcadura,El primer evento no fue una colision con un vehiculo automotor en transporte,Not an Intersection,No fue interseccion,Sobre calle,Ninguna,Dia total,Despejado,No,NO APLICA,99,99,99,99,1,22/02/2022,2
12,Florida,120425,0,0,1,0,11,BROWARD (11),2916,SUNRISE,2,Febrero,23,2022,22,38,I-595 EXIT RAMP,1,Interestatal,Urbano,Interestatal,State Highway Agency,1,Sin jurisdiccion especial,99998,26.07980556,-80.20457778,Volcadura,El primer evento no fue una colision con un vehiculo automotor en transporte,Not an Intersection,No fue interseccion,Sobre calle,Ninguna,Oscuro con iluminacion,Despejado,No,NO APLICA,99,99,99,99,1,23/02/2022,1
12,Florida,120426,1,1,1,0,83,MARION (83),0,NO APLICA,2,Febrero,16,2022,18,30,US-27,2,US Highway,Urbano,Arteria Principal,State Highway Agency,1,Sin jurisdiccion especial,99998,28.982225,-81.98738889,Peaton,El primer evento no fue una colision con un vehiculo automotor en transporte,Four-Way Intersection,Interseccion de 4 direcciones,Sobre calle,Ninguna,Oscuro sin iluminacion,Despejado,No,NO APLICA,99,99,99,99,1,16/02/2022,2
12,Florida,120427,0,0,3,0,97,OSCEOLA (97),0,NO APLICA,2,Febrero,13,2022,18,15,BLACK LAKE RD,8,Otro,Rural,Local,County Highway Agency,0,Sin jurisdiccion especial,99998,28.34599167,-81.60196111,Vehiculo en movimiento,Frente a frente,Not an Intersection,No fue interseccion,Sobre calle,Ninguna,Oscuro sin iluminacion,Despejado,No,NO APLICA,99,99,99,99,1,13/02/2022,4
12,Florida,120428,0,0,1,0,1,ALACHUA (1),1130,GAINESVILLE,2,Febrero,28,2022,13,0,US-441,2,US Highway,Urbano,Arteria Principal,State Highway Agency,1,Sin jurisdiccion especial,99998,29.69523889,-82.33915556,Poste,El primer evento no fue una colision con un vehiculo automotor en transporte,Not an Intersection,No fue interseccion,Sobre el lado de la calle,Ninguna,Dia total,lluvia,No,NO APLICA,99,99,99,99,1,28/02/2022,1
12,Florida,120429,1,1,1,0,81,MANATEE (81),0,NO APLICA,2,Febrero,24,2022,3,44,15TH ST,9,Desconocido,Urbano,Arteria Menor,Not Reported,0,Sin jurisdiccion especial,99998,27.426775,-82.54672222,Peaton,El primer evento no fue una colision con un vehiculo automotor en transporte,Not an Intersection,No fue interseccion,Sobre calle,Ninguna,Oscuro sin iluminacion,Despejado,No,NO APLICA,99,99,99,99,1,24/02/2022,1
12,Florida,120430,1,1,1,0,11,BROWARD (11),1050,FORT LAUDERDALE,2,Febrero,27,2022,6,58,US-1,2,US Highway,Urbano,Arteria Principal,State Highway Agency,1,Sin jurisdiccion especial,99998,26.13534167,-80.13770833,Banqueta,El primer evento no fue una colision con un vehiculo automotor en transporte,Not an Intersection,No fue interseccion,Sobre el lado de la calle,Ninguna,Dia total,Nublado,No,NO APLICA,99,99,99,99,1,27/02/2022,1
12,Florida,120431,0,0,1,0,71,LEE (71),457,CAPE CORAL,3,Marzo,1,2022,18,12,COUNTRY CLUB BLVD,6,Calle Local Municipalidad,Urbano,Colector Mayor,Not Reported,0,Sin jurisdiccion especial,99998,26.57844444,-81.95266389,Poste de Señal de trafico,El primer evento no fue una colision con un vehiculo automotor en transporte,Not an Intersection,No fue interseccion,Sobre el lado de la calle,Ninguna,Dia total,Despejado,No,NO APLICA,99,99,99,99,1,01/03/2022,1
12,Florida,120432,0,0,2,0,31,DUVAL (31),1510,JACKSONVILLE,2,Febrero,21,2022,11,12,I-295,1,Interestatal,Urbano,Interestatal,State Highway Agency,1,Sin jurisdiccion especial,99998,30.16851667,-81.58956111,Vehiculo en movimiento,Golpe Lateral - misma direccion,Not an Intersection,No fue interseccion,Sobre calle,Ninguna,Dia total,Despejado,No,NO APLICA,99,99,99,99,1,21/02/2022,6
12,Florida,120433,1,1,1,0,5,BAY (5),0,NO APLICA,2,Febrero,10,2022,21,20,NORTHSHORE ROAD,9,Desconocido,Urbano,Colector Mayor,Not Reported,0,Sin jurisdiccion especial,99998,30.22371111,-85.66375278,Ciclista,El primer evento no fue una colision con un vehiculo automotor en transporte,Not an Intersection,No fue interseccion,Sobre calle,Ninguna,Oscuro sin iluminacion,Despejado,No,NO APLICA,99,99,99,99,1,10/02/2022,1
12,Florida,120434,0,0,1,0,71,LEE (71),312,BONITA SPRINGS,2,Febrero,11,2022,21,50,BONITA GRANDE DR,8,Otro,Urbano,Local,Private (other than Railroad),0,Sin jurisdiccion especial,99998,26.31799444,-81.73773611,Arbol,El primer evento no fue una colision con un vehiculo automotor en transporte,Not an Intersection,No fue interseccion,Sobre el lado de la calle,Ninguna,Oscuro sin iluminacion,Despejado,No,NO APLICA,99,99,99,99,1,11/02/2022,5
12,Florida,120435,0,0,2,0,71,LEE (71),0,NO APLICA,2,Febrero,22,2022,4,38,US-41,2,US Highway,Urbano,Arteria Principal,State Highway Agency,1,Sin jurisdiccion especial,99998,26.69620833,-81.88966667,Vehiculo en movimiento,Frente a Detrás,Not an Intersection,No fue interseccion,Sobre calle,Ninguna,Oscuro con iluminacion,Despejado,No,NO APLICA,99,99,99,99,1,22/02/2022,2
12,Florida,120436,1,1,1,0,31,DUVAL (31),1510,JACKSONVILLE,2,Febrero,22,2022,21,45,US-17 RAMP,2,US Highway,Urbano,Arterial Principal -Freeway o ExpressWay,State Highway Agency,1,Sin jurisdiccion especial,99998,30.41823056,-81.64900556,Peaton,El primer evento no fue una colision con un vehiculo automotor en transporte,Not an Intersection,No fue interseccion,Sobre calle,Ninguna,Oscuro sin iluminacion,Despejado,No,NO APLICA,99,99,99,99,1,22/02/2022,1
12,Florida,120437,0,0,3,0,115,SARASOTA (115),0,NO APLICA,2,Febrero,26,2022,18,40,CR-610,4,Calle del Condado,Urbano,Arteria Principal,Not Reported,0,Sin jurisdiccion especial,99998,27.38310833,-82.54286111,Banqueta,El primer evento no fue una colision con un vehiculo automotor en transporte,Not an Intersection,No fue interseccion,Sobre el lado de la calle,Ninguna,Oscuro sin iluminacion,Despejado,No,NO APLICA,99,99,99,99,1,26/02/2022,4