Estado,Nombre de Estado,Numero de Caso,Peatones,Personas _no_vehiculos,Vehiculos automotores,Vehiculos estacionados,Condado,Nombre Condado,Ciudad,Nombre Ciudad,Mes,Nombre Mes,Dia,Año,Hora,Minuto,Calle,Ruta,Nombre Ruta,Rural o Urbanoo,Sistema Funcional,Dueño Calle,Sistema Nacional Carreteras,Jurisdiccion Especial,Milla,Latitud,Longitud,Causa del Accidente,Tipo de Accidente,Tipo Interseccion,Columna1,Lugar en la calle,Zona de Trabajo,Luz,Clima,Autobus Escolar,Cruce de Trenes,Hora Notificacion,Minuto Notificacion,Hora Llegada,Minuto Llegada,Decesos,Fecha,PersonaVehiculo
12,Florida,120438,0,0,2,0,79,MADISON (79),0,NO APLICA,2,Febrero,26,2022,7,0,I-10,1,Interestatal,Rural,Interestatal,State Highway Agency,1,Sin jurisdiccion especial,99998,30.37784444,-83.28973056,Vehiculo en movimiento,Angulo,Not an Intersection,No fue interseccion,Sobre calle,Ninguna,Dia total,Despejado,No,NO APLICA,7,99,7,99,2,26/02/2022,3
12,Florida,120439,0,0,2,1,103,PINELLAS (103),2730,SAINT PETERSBURG,2,Febrero,12,2022,2,55,US-19,2,US Highway,Urbano,Arteria Principal,State Highway Agency,1,Sin jurisdiccion especial,99998,27.78059722,-82.71431389,Volcadura,El primer evento no fue una colision con un vehiculo automotor en transporte,Not an Intersection,No fue interseccion,Sobre calle,Ninguna,Oscuro con iluminacion,Despejado,No,NO APLICA,99,99,99,99,1,12/02/2022,1
12,Florida,120440,0,0,2,0,103,PINELLAS (103),2730,SAINT PETERSBURG,2,Febrero,21,2022,19,24,US-19,2,US Highway,Urbano,Arteria Principal,State Highway Agency,1,Sin jurisdiccion especial,99998,27.80310556,-82.74419722,Vehiculo en movimiento,Angulo,T-Intersection,Interseccion de T,Sobre calle,Ninguna,Oscuro con iluminacion,Despejado,No,NO APLICA,99,99,99,99,1,21/02/2022,3
12,Florida,120441,1,1,1,0,103,PINELLAS (103),2730,SAINT PETERSBURG,2,Febrero,27,2022,4,15,38TH AVE N,6,Calle Local Municipalidad,Urbano,Arteria Menor,Not Reported,0,Sin jurisdiccion especial,99998,27.80631944,-82.74688611,Ciclista,El primer evento no fue una colision con un vehiculo automotor en transporte,Not an Intersection,No fue interseccion,Sobre calle,Ninguna,Oscuro con iluminacion,Despejado,No,NO APLICA,99,99,99,99,1,27/02/2022,1
12,Florida,120442,0,0,1,0,31,DUVAL (31),1510,JACKSONVILLE,3,Marzo,3,2022,21,39,SR-13,3,Highway estatal,Urbano,Arteria Menor,State Highway Agency,0,Sin jurisdiccion especial,99998,30.22479167,-81.6157,Buzon de correo,El primer evento no fue una colision con un vehiculo automotor en transporte,Not an Intersection,No fue interseccion,Sobre el lado de la calle,Ninguna,Oscuro con iluminacion,Despejado,No,NO APLICA,99,99,99,99,1,03/03/2022,1
12,Florida,120443,0,0,2,0,86,MIAMI-DADE (86),0,NO APLICA,2,Febrero,26,2022,3,0,SR-821,3,Highway estatal,Urbano,Arterial Principal -Freeway o ExpressWay,State Highway Agency,1,Sin jurisdiccion especial,99998,25.813,-80.3863,Vehiculo en movimiento,Frente a Detrás,Not an Intersection,No fue interseccion,Sobre calle,Ninguna,Oscuro sin iluminacion,Despejado,No,NO APLICA,3,99,3,99,1,26/02/2022,2
12,Florida,120444,1,1,1,0,95,ORANGE (95),2360,ORLANDO,2,Febrero,26,2022,2,33,I-4,1,Interestatal,Urbano,Interestatal,State Highway Agency,1,Sin jurisdiccion especial,99998,28.53360556,-81.38406667,Peaton,El primer evento no fue una colision con un vehiculo automotor en transporte,Not an Intersection,No fue interseccion,Sobre calle,Ninguna,Oscuro con iluminacion,Despejado,No,NO APLICA,99,99,99,99,1,26/02/2022,2
12,Florida,120445,1,1,1,0,95,ORANGE (95),2360,ORLANDO,2,Febrero,26,2022,22,3,US-441 N ORANGE BLOSSOM TRL,2,US Highway,Urbano,Arteria Principal,State Highway Agency,1,Sin jurisdiccion especial,99998,28.58902222,-81.41207778,Peaton,El primer evento no fue una colision con un vehiculo automotor en transporte,Not an Intersection,No fue interseccion,Sobre calle,Ninguna,Oscuro sin iluminacion,Despejado,No,NO APLICA,99,99,99,99,1,26/02/2022,1
12,Florida,120446,1,1,1,0,86,MIAMI-DADE (86),2010,MIAMI,2,Febrero,24,2022,8,58,SR-968,3,Highway estatal,Urbano,Arteria Menor,State Highway Agency,0,Sin jurisdiccion especial,99998,25.77081944,-80.28940556,Peaton,El primer evento no fue una colision con un vehiculo automotor en transporte,Not an Intersection,No fue interseccion,Sobre el lado de la calle,Ninguna,Dia total,Despejado,No,NO APLICA,99,99,99,99,1,24/02/2022,1
12,Florida,120447,0,0,2,0,86,MIAMI-DADE (86),0,NO APLICA,2,Febrero,21,2022,23,10,US-27,2,US Highway,Rural,Arteria Principal,State Highway Agency,1,Sin jurisdiccion especial,99998,25.90663611,-80.39306389,Vehiculo en movimiento,Frente a frente,Not an Intersection,No fue interseccion,Sobre calle,Ninguna,Oscuro con iluminacion,Despejado,No,NO APLICA,99,99,99,99,2,21/02/2022,2
12,Florida,120448,0,0,2,0,57,HILLSBOROUGH (57),355,BRANDON,2,Febrero,18,2022,23,23,SR-60,3,Highway estatal,Urbano,Arteria Principal,State Highway Agency,1,Sin jurisdiccion especial,99998,27.93762778,-82.30032778,Vehiculo en movimiento,Angulo,Not an Intersection,No fue interseccion,Sobre calle,Ninguna,Oscuro con iluminacion,Neblina o Humo,No,NO APLICA,99,99,99,99,1,18/02/2022,2
12,Florida,120449,1,1,1,0,101,PASCO (101),3330,ZEPHYRHILLS,2,Febrero,25,2022,19,38,US-301,2,US Highway,Urbano,Arteria Principal,State Highway Agency,1,Sin jurisdiccion especial,99998,28.19693056,-82.19666944,Peaton,El primer evento no fue una colision con un vehiculo automotor en transporte,Not an Intersection,No fue interseccion,Sobre calle,Ninguna,Oscuro sin iluminacion,Despejado,No,NO APLICA,99,99,99,99,1,25/02/2022,1
12,Florida,120450,0,0,1,0,21,COLLIER (21),0,NO APLICA,2,Febrero,20,2022,9,57,SR-29,3,Highway estatal,Rural,Arteria Principal,State Highway Agency,1,Sin jurisdiccion especial,99998,26.38547222,-81.37196111,Valla Ferrocarril,El primer evento no fue una colision con un vehiculo automotor en transporte,Not an Intersection,No fue interseccion,Sobre el lado de la calle,Ninguna,Reportada como desconocida,Otro,No,NO APLICA,99,99,99,99,1,20/02/2022,1
12,Florida,120451,0,0,2,0,35,FLAGLER (35),2439,PALM COAST,3,Marzo,2,2022,18,26,BELLE TERRE PARKWAY,6,Calle Local Municipalidad,Urbano,Arteria Menor,Not Reported,0,Sin jurisdiccion especial,99998,29.51525,-81.22303056,Vehiculo en movimiento,Angulo,T-Intersection,Interseccion de T,Sobre calle,Ninguna,Atardecer,Despejado,No,NO APLICA,99,99,99,99,1,02/03/2022,2
12,Florida,120452,0,0,2,0,9,BREVARD (9),1990,MELBOURNE,2,Febrero,22,2022,22,58,US-192 E STRAWBRIDGE AVE,2,US Highway,Urbano,Arteria Principal,State Highway Agency,1,Sin jurisdiccion especial,99998,28.080875,-80.60043333,Vehiculo en movimiento,Angulo,T-Intersection,Interseccion de T,Sobre calle,Ninguna,Oscuro con iluminacion,Despejado,No,NO APLICA,99,99,99,99,1,22/02/2022,2
12,Florida,120453,0,0,3,1,55,HIGHLANDS (55),0,NO APLICA,2,Febrero,22,2022,7,7,WASHINGTON BOULEVARD,6,Calle Local Municipalidad,Rural,Local,Not Reported,0,Sin jurisdiccion especial,99998,27.27206667,-81.40536944,Vehiculo en movimiento,Angulo,Four-Way Intersection,Interseccion de 4 direcciones,Sobre calle,Ninguna,Dia total,Despejado,No,NO APLICA,99,99,99,99,1,22/02/2022,2
12,Florida,120454,0,0,3,0,86,MIAMI-DADE (86),0,NO APLICA,2,Febrero,22,2022,0,38,SR-9,3,Highway estatal,Urbano,Arteria Principal,State Highway Agency,1,Sin jurisdiccion especial,99998,25.87602778,-80.24283333,Vehiculo en movimiento,Frente a Detrás,Not an Intersection,No fue interseccion,Sobre calle,Ninguna,Oscuro con iluminacion,Despejado,No,NO APLICA,99,99,99,99,1,22/02/2022,3
12,Florida,120455,0,0,1,0,11,BROWARD (11),2260,OAKLAND PARK,3,Marzo,2,2022,1,15,SR-600,3,Highway estatal,Urbano,Arteria Principal,State Highway Agency,1,Sin jurisdiccion especial,99998,26.16620833,-80.15671389,Banqueta,El primer evento no fue una colision con un vehiculo automotor en transporte,Not an Intersection,No fue interseccion,Sobre el lado de la calle,Ninguna,Oscuro con iluminacion,Despejado,No,NO APLICA,99,99,99,99,1,02/03/2022,1
12,Florida,120456,1,1,1,0,127,VOLUSIA (127),780,DAYTONA BEACH,3,Marzo,3,2022,20,1,SR-430,3,Highway estatal,Urbano,Arteria Menor,State Highway Agency,0,Sin jurisdiccion especial,99998,29.216175,-81.05583611,Peaton,El primer evento no fue una colision con un vehiculo automotor en transporte,Four-Way Intersection,Interseccion de 4 direcciones,Sobre calle,Ninguna,Oscuro con iluminacion,Despejado,No,NO APLICA,99,99,99,99,1,03/03/2022,1
12,Florida,120457,0,0,2,0,35,FLAGLER (35),0,NO APLICA,2,Febrero,25,2022,5,45,SR-20,3,Highway estatal,Rural,Arteria Principal,State Highway Agency,1,Sin jurisdiccion especial,99998,29.48183056,-81.37518889,Vehiculo en movimiento,Frente a frente,Not an Intersection,No fue interseccion,Sobre calle,Ninguna,Oscuro sin iluminacion,Neblina o Humo,No,NO APLICA,99,99,99,99,1,25/02/2022,3
12,Florida,120458,0,0,1,0,31,DUVAL (31),1510,JACKSONVILLE,3,Marzo,6,2022,2,10,US-17,2,US Highway,Urbano,Arteria Principal,State Highway Agency,1,Sin jurisdiccion especial,99998,30.37243056,-81.65123056,Otro objeto (no fijo),El primer evento no fue una colision con un vehiculo automotor en transporte,Not an Intersection,No fue interseccion,Sobre el lado de la calle,Ninguna,Oscuro con iluminacion,Despejado,No,NO APLICA,99,99,99,99,1,06/03/2022,1
12,Florida,120459,9,9,2,1,86,MIAMI-DADE (86),2020,MIAMI BEACH,2,Febrero,24,2022,18,29,WASHINGTON AVE,6,Calle Local Municipalidad,Urbano,Local,Not Reported,0,Sin jurisdiccion especial,99998,25.76883333,-80.13544722,Banqueta,El primer evento no fue una colision con un vehiculo automotor en transporte,Not an Intersection,No fue interseccion,Sobre el lado de la calle,Ninguna,Atardecer,Despejado,No,NO APLICA,99,99,99,99,1,24/02/2022,1
12,Florida,120460,0,0,2,0,95,ORANGE (95),2360,ORLANDO,2,Febrero,17,2022,19,8,S GOLDWYN AV,6,Calle Local Municipalidad,Urbano,Colector Mayor,Not Reported,0,Sin jurisdiccion especial,99998,28.52687222,-81.41788889,Vehiculo en movimiento,Frente a frente,Four-Way Intersection,Interseccion de 4 direcciones,Sobre calle,Ninguna,Oscuro con iluminacion,Despejado,No,NO APLICA,99,99,99,99,1,17/02/2022,2
12,Florida,120461,0,0,1,0,99,PALM BEACH (99),0,NO APLICA,2,Febrero,26,2022,10,37,N 63RD LN,8,Otro,Urbano,Local,Other Local Agency,0,Sin jurisdiccion especial,99998,26.77133056,-80.21630556,Volcadura,El primer evento no fue una colision con un vehiculo automotor en transporte,Not an Intersection,No fue interseccion,Sobre el lado de la calle,Ninguna,Reportada como desconocida,Despejado,No,NO APLICA,99,99,99,99,1,26/02/2022,1
12,Florida,120462,1,1,1,0,127,VOLUSIA (127),0,NO APLICA,2,Febrero,22,2022,1,39,I-95,1,Interestatal,Urbano,Interestatal,State Highway Agency,1,Sin jurisdiccion especial,99998,29.34391111,-81.13081944,Peaton,El primer evento no fue una colision con un vehiculo automotor en transporte,Not an Intersection,No fue interseccion,Sobre calle,Ninguna,Oscuro sin iluminacion,Despejado,No,NO APLICA,99,99,99,99,1,22/02/2022,1
12,Florida,120463,0,0,2,0,97,OSCEOLA (97),0,NO APLICA,2,Febrero,28,2022,20,0,US-192,2,US Highway,Urbano,Arteria Principal,State Highway Agency,1,Sin jurisdiccion especial,99998,28.28706389,-81.35558889,Banqueta,El primer evento no fue una colision con un vehiculo automotor en transporte,Not an Intersection,No fue interseccion,En el medio,Ninguna,Oscuro con iluminacion,Despejado,No,NO APLICA,99,99,99,99,1,28/02/2022,2
12,Florida,120464,1,1,1,0,19,CLAY (19),2056,MIDDLEBURG,1,Enero,24,2022,21,10,CR-218,4,Calle del Condado,Urbano,Colector Mayor,Not Reported,0,Sin jurisdiccion especial,99998,30.06291111,-81.90770833,Peaton,El primer evento no fue una colision con un vehiculo automotor en transporte,Not an Intersection,No fue interseccion,Sobre calle,Ninguna,Oscuro sin iluminacion,Despejado,No,NO APLICA,99,99,99,99,1,24/01/2022,1
12,Florida,120465,1,1,1,0,86,MIAMI-DADE (86),2010,MIAMI,2,Febrero,21,2022,18,40,I-95,1,Interestatal,Urbano,Interestatal,State Highway Agency,1,Sin jurisdiccion especial,99998,25.8088,-80.20746667,No vehiculo o remolque,El primer evento no fue una colision con un vehiculo automotor en transporte,Not an Intersection,No fue interseccion,Sobre calle,Ninguna,Oscuro sin iluminacion,Despejado,No,NO APLICA,99,99,99,99,1,21/02/2022,1
12,Florida,120466,0,0,1,0,7,BRADFORD (7),0,NO APLICA,1,Enero,16,2022,2,31,SR-21,3,Highway estatal,Urbano,Arteria Menor,State Highway Agency,0,Sin jurisdiccion especial,99998,29.7513,-82.05570833,Arbol,El primer evento no fue una colision con un vehiculo automotor en transporte,Not an Intersection,No fue interseccion,"Fuera de la calle, ubicacion desconocida",Ninguna,Oscuro sin iluminacion,Nublado,No,NO APLICA,99,99,99,99,1,16/01/2022,1
12,Florida,120467,0,0,2,0,31,DUVAL (31),1510,JACKSONVILLE,2,Febrero,19,2022,0,6,I-95,1,Interestatal,Urbano,Interestatal,State Highway Agency,1,Sin jurisdiccion especial,99998,30.27056944,-81.61285556,Vehiculo en movimiento,Frente a Detrás,Not an Intersection,No fue interseccion,Sobre Acotamiento,Ninguna,Oscuro con iluminacion,Despejado,No,NO APLICA,99,99,99,99,1,19/02/2022,2
12,Florida,120468,0,0,2,0,99,PALM BEACH (99),330,BOYNTON BEACH,2,Febrero,23,2022,15,25,23RD AVE,6,Calle Local Municipalidad,Urbano,Colector Menor,Not Reported,0,Sin jurisdiccion especial,99998,26.50728611,-80.06636389,Vehiculo en movimiento,Frente a frente,Four-Way Intersection,Interseccion de 4 direcciones,Sobre calle,Ninguna,Dia total,Despejado,No,NO APLICA,99,99,99,99,1,23/02/2022,3
12,Florida,120470,0,0,1,0,31,DUVAL (31),1510,JACKSONVILLE,3,Marzo,7,2022,19,20,OLD SAINT AUGUSTINE RD,8,Otro,Urbano,Arteria Menor,City or Municipal Highway Agency,0,Sin jurisdiccion especial,99998,30.203025,-81.61705556,Banqueta,El primer evento no fue una colision con un vehiculo automotor en transporte,Four-Way Intersection,Interseccion de 4 direcciones,Sobre el lado de la calle,Ninguna,Oscuro con iluminacion,Despejado,No,NO APLICA,99,99,99,99,1,07/03/2022,1
12,Florida,120471,1,1,1,0,95,ORANGE (95),0,NO APLICA,2,Febrero,18,2022,19,15,HIAWASSEE RD,6,Calle Local Municipalidad,Urbano,Colector Mayor,Not Reported,0,Sin jurisdiccion especial,99998,28.60276944,-81.47621389,Peaton,El primer evento no fue una colision con un vehiculo automotor en transporte,Not an Intersection,No fue interseccion,Sobre calle,Ninguna,Oscuro con iluminacion,Despejado,No,NO APLICA,99,99,99,99,1,18/02/2022,1
12,Florida,120473,1,1,1,0,101,PASCO (101),0,NO APLICA,2,Febrero,14,2022,17,27,CR-1,4,Calle del Condado,Urbano,Arteria Menor,Not Reported,0,Sin jurisdiccion especial,99998,28.38975,-82.65793056,Ciclista,El primer evento no fue una colision con un vehiculo automotor en transporte,Four-Way Intersection,Interseccion de 4 direcciones,Sobre calle,Ninguna,Dia total,Despejado,No,NO APLICA,99,99,99,99,1,14/02/2022,1
12,Florida,120474,0,0,2,0,21,COLLIER (21),0,NO APLICA,2,Febrero,21,2022,18,52,CR-896,4,Calle del Condado,Urbano,Arteria Menor,Not Reported,0,Sin jurisdiccion especial,99998,26.21144722,-81.79405278,Vehiculo en movimiento,Angulo,T-Intersection,Interseccion de T,Sobre calle,Ninguna,Oscuro con iluminacion,Despejado,No,NO APLICA,99,99,99,99,1,21/02/2022,5
12,Florida,120475,0,0,2,0,31,DUVAL (31),1510,JACKSONVILLE,3,Marzo,3,2022,21,25,I-295,1,Interestatal,Urbano,Interestatal,State Highway Agency,1,Sin jurisdiccion especial,99998,30.24569444,-81.763,Vehiculo en movimiento,Frente a Detrás,Not an Intersection,No fue interseccion,Sobre calle,Ninguna,Oscuro con iluminacion,Despejado,No,NO APLICA,99,99,99,99,1,03/03/2022,4
12,Florida,120476,1,1,1,0,101,PASCO (101),0,NO APLICA,2,Febrero,10,2022,6,55,1540 SWEETBRIAR DR,6,Calle Local Municipalidad,Urbano,Local,Not Reported,0,Sin jurisdiccion especial,99998,28.17313889,-82.77343056,Peaton,El primer evento no fue una colision con un vehiculo automotor en transporte,Not an Intersection,No fue interseccion,Sobre calle,Ninguna,Amanecer,Despejado,No,NO APLICA,99,99,99,99,1,10/02/2022,1
12,Florida,120477,1,1,1,0,103,PINELLAS (103),0,NO APLICA,3,Marzo,4,2022,19,17,US-19,2,US Highway,Urbano,Arteria Principal,State Highway Agency,1,Sin jurisdiccion especial,99998,28.11358333,-82.73997222,Peaton,El primer evento no fue una colision con un vehiculo automotor en transporte,Not an Intersection,No fue interseccion,Sobre calle,Ninguna,Oscuro con iluminacion,Despejado,No,NO APLICA,99,99,99,99,1,04/03/2022,2
12,Florida,120478,0,0,2,0,95,ORANGE (95),0,NO APLICA,2,Febrero,23,2022,14,9,NORTH DEAN ROAD,8,Otro,Urbano,Arteria Menor,County Highway Agency,0,Sin jurisdiccion especial,99998,28.54941944,-81.24446944,Vehiculo en movimiento,Angulo,T-Intersection,Interseccion de T,Sobre calle,Ninguna,Dia total,Despejado,No,NO APLICA,99,99,99,99,1,23/02/2022,2
12,Florida,120479,0,0,1,0,39,GADSDEN (39),2060,MIDWAY,3,Marzo,1,2022,16,40,I-10,1,Interestatal,Rural,Interestatal,State Highway Agency,1,Sin jurisdiccion especial,99998,30.50505833,-84.46036944,Acotamiento,El primer evento no fue una colision con un vehiculo automotor en transporte,Not an Intersection,No fue interseccion,Sobre el lado de la calle,Ninguna,Dia total,Despejado,No,NO APLICA,99,99,99,99,1,01/03/2022,1
12,Florida,120480,0,0,1,0,31,DUVAL (31),1510,JACKSONVILLE,3,Marzo,6,2022,1,14,BARTRAM PARK BLVD,6,Calle Local Municipalidad,Urbano,Local,City or Municipal Highway Agency,0,Sin jurisdiccion especial,99998,30.10873889,-81.519075,Banqueta,El primer evento no fue una colision con un vehiculo automotor en transporte,Not an Intersection,No fue interseccion,Sobre el lado de la calle,Ninguna,Oscuro con iluminacion,Despejado,No,NO APLICA,99,99,99,99,1,06/03/2022,2
12,Florida,120483,0,0,1,0,107,PUTNAM (107),0,NO APLICA,3,Marzo,4,2022,0,27,SR-20 CRILL AVE,3,Highway estatal,Urbano,Arteria Principal,State Highway Agency,1,Sin jurisdiccion especial,99998,29.64098889,-81.68985833,Banqueta,El primer evento no fue una colision con un vehiculo automotor en transporte,Not an Intersection,No fue interseccion,En el medio,Ninguna,Oscuro con iluminacion,Despejado,No,NO APLICA,99,99,99,99,1,04/03/2022,1
12,Florida,120484,0,0,2,0,39,GADSDEN (39),0,NO APLICA,2,Febrero,26,2022,17,34,OLD CHURCH ROAD,8,Otro,Rural,Local,Not Reported,0,Sin jurisdiccion especial,99998,30.58408056,-84.7871,Vehiculo en movimiento,Angulo,T-Intersection,Interseccion de T,Sobre calle,Ninguna,Dia total,Despejado,No,NO APLICA,99,99,99,99,1,26/02/2022,2
12,Florida,120485,0,0,3,0,95,ORANGE (95),0,NO APLICA,2,Febrero,19,2022,3,15,I-4,1,Interestatal,Urbano,Interestatal,State Highway Agency,1,Sin jurisdiccion especial,99998,28.41035,-81.47513889,Valla Ferrocarril,El primer evento no fue una colision con un vehiculo automotor en transporte,Not an Intersection,No fue interseccion,En el medio,Ninguna,Oscuro con iluminacion,Despejado,No,NO APLICA,99,99,99,99,1,19/02/2022,5
12,Florida,120486,0,0,1,0,107,PUTNAM (107),0,NO APLICA,2,Febrero,28,2022,16,30,SR-100,3,Highway estatal,Rural,Arteria Menor,State Highway Agency,0,Sin jurisdiccion especial,99998,29.70528611,-81.77971111,Volcadura,El primer evento no fue una colision con un vehiculo automotor en transporte,Not an Intersection,No fue interseccion,Sobre el lado de la calle,Ninguna,Dia total,lluvia,No,NO APLICA,99,99,99,99,1,28/02/2022,1
12,Florida,120487,0,0,2,0,17,CITRUS (17),1330,HERNANDO,2,Febrero,17,2022,17,25,SR-200,3,Highway estatal,Urbano,Arteria Principal,State Highway Agency,0,Servicio de Parques Nacional,99998,28.96041111,-82.3772,Vehiculo en movimiento,Angulo,Not an Intersection,No fue interseccion,Sobre calle,Ninguna,Dia total,Despejado,No,NO APLICA,17,24,17,32,2,17/02/2022,3
12,Florida,120488,0,0,2,0,53,HERNANDO (53),0,NO APLICA,2,Febrero,25,2022,17,15,US-19,2,US Highway,Urbano,Arteria Principal,State Highway Agency,1,Sin jurisdiccion especial,99998,28.57225,-82.55763333,Vehiculo en movimiento,Angulo,T-Intersection,Interseccion de T,Sobre calle,Ninguna,Dia total,Despejado,No,NO APLICA,17,7,17,16,1,25/02/2022,7
12,Florida,120489,0,0,1,0,101,PASCO (101),0,NO APLICA,2,Febrero,23,2022,15,59,US-98,2,US Highway,Urbano,Arteria Principal,State Highway Agency,1,Sin jurisdiccion especial,99998,28.41613333,-82.19048333,Arbol,El primer evento no fue una colision con un vehiculo automotor en transporte,Not an Intersection,No fue interseccion,Sobre el lado de la calle,Ninguna,Dia total,Nublado,No,NO APLICA,99,99,99,99,1,23/02/2022,1
12,Florida,120490,0,0,1,0,17,CITRUS (17),0,NO APLICA,2,Febrero,15,2022,19,2,E TURNER CAMP ROAD,9,Desconocido,Rural,Colector Menor,Not Reported,0,Sin jurisdiccion especial,99998,28.87364722,-82.32306389,Arbol,El primer evento no fue una colision con un vehiculo automotor en transporte,Not an Intersection,No fue interseccion,"Fuera de la calle, ubicacion desconocida",Ninguna,Oscuro sin iluminacion,Despejado,No,NO APLICA,99,99,99,99,1,15/02/2022,1
12,Florida,120491,0,0,2,0,117,SEMINOLE (117),0,NO APLICA,3,Marzo,6,2022,9,31,E LAKE MARY BLVD,6,Calle Local Municipalidad,Urbano,Arteria Menor,City or Municipal Highway Agency,0,Sin jurisdiccion especial,99998,28.76018611,-81.27074444,Vehiculo en movimiento,Angulo,Four-Way Intersection,Interseccion de 4 direcciones,Sobre calle,Ninguna,Dia total,Despejado,No,NO APLICA,99,99,99,99,1,06/03/2022,2
12,Florida,120492,0,0,1,0,11,BROWARD (11),790,DEERFIELD BEACH,3,Marzo,5,2022,18,6,S MILITARY TRL,6,Calle Local Municipalidad,Urbano,Arteria Menor,City or Municipal Highway Agency,0,Sin jurisdiccion especial,99998,26.30483889,-80.12903333,Barda,El primer evento no fue una colision con un vehiculo automotor en transporte,Not an Intersection,No fue interseccion,Sobre el lado de la calle,Ninguna,Dia total,Despejado,No,NO APLICA,99,99,99,99,1,05/03/2022,1
12,Florida,120493,1,1,1,0,101,PASCO (101),0,NO APLICA,2,Febrero,6,2022,4,15,CR-535 OLD LAKELAND HWY,4,Calle del Condado,Urbano,Arteria Menor,County Highway Agency,0,Sin jurisdiccion especial,99998,28.28099167,-82.14410833,Peaton,El primer evento no fue una colision con un vehiculo automotor en transporte,Four-Way Intersection,Interseccion de 4 direcciones,Sobre calle,Ninguna,Oscuro sin iluminacion,lluvia,No,NO APLICA,4,17,4,28,1,06/02/2022,1
12,Florida,120494,0,0,2,0,33,ESCAMBIA (33),0,NO APLICA,3,Marzo,3,2022,19,48,US-29,2,US Highway,Rural,Arteria Principal,State Highway Agency,1,Sin jurisdiccion especial,99998,30.73131944,-87.34911111,Vehiculo en movimiento,Angulo,Four-Way Intersection,Interseccion de 4 direcciones,Sobre calle,Ninguna,Oscuro sin iluminacion,Despejado,No,NO APLICA,99,99,99,99,1,03/03/2022,4
12,Florida,120495,0,0,2,1,131,WALTON (131),800,DE FUNIAK SPRINGS,3,Marzo,3,2022,11,40,US-90,2,US Highway,Urbano,Arteria Menor,State Highway Agency,0,Sin jurisdiccion especial,99998,30.72797778,-86.13393611,Vehiculo Aparcado,El primer evento no fue una colision con un vehiculo automotor en transporte,Not an Intersection,No fue interseccion,Fuera de la calle,Ninguna,Dia total,Despejado,No,NO APLICA,99,99,99,99,1,03/03/2022,1
12,Florida,120497,0,0,2,0,86,MIAMI-DADE (86),2023,MIAMI GARDENS,2,Febrero,17,2022,19,18,NW 172ND TER,6,Calle Local Municipalidad,Urbano,Local,Not Reported,0,Sin jurisdiccion especial,99998,25.93073056,-80.26488889,Vehiculo en movimiento,Frente a frente,Four-Way Intersection,Interseccion de 4 direcciones,Sobre calle,Ninguna,Oscuro sin iluminacion,Despejado,No,NO APLICA,99,99,99,99,1,17/02/2022,3
12,Florida,120498,1,1,1,0,99,PALM BEACH (99),1560,JUPITER,3,Marzo,3,2022,3,42,SR-811,3,Highway estatal,Urbano,Arteria Principal,State Highway Agency,0,Sin jurisdiccion especial,99998,26.93055556,-80.093475,Peaton,El primer evento no fue una colision con un vehiculo automotor en transporte,Not an Intersection,No fue interseccion,Sobre calle,Ninguna,Oscuro sin iluminacion,Despejado,No,NO APLICA,99,99,99,99,1,03/03/2022,1
12,Florida,120499,0,0,1,0,99,PALM BEACH (99),0,NO APLICA,3,Marzo,4,2022,22,13,US-98,2,US Highway,Urbano,Arteria Principal,State Highway Agency,1,Sin jurisdiccion especial,99998,26.67703889,-80.08175556,Banqueta,El primer evento no fue una colision con un vehiculo automotor en transporte,Not an Intersection,No fue interseccion,En el medio,Ninguna,Oscuro con iluminacion,Despejado,No,NO APLICA,99,99,99,99,1,04/03/2022,1
12,Florida,120500,1,1,1,0,103,PINELLAS (103),1770,LARGO,3,Marzo,1,2022,22,40,SR-595,3,Highway estatal,Urbano,Arteria Principal,State Highway Agency,1,Sin jurisdiccion especial,99998,27.91639722,-82.78768889,Peaton,El primer evento no fue una colision con un vehiculo automotor en transporte,Not an Intersection,No fue interseccion,Sobre calle,"Zona de trabajo, tipo desconocido",Oscuro con iluminacion,Despejado,No,NO APLICA,99,99,99,99,1,01/03/2022,1
12,Florida,120501,0,0,1,0,86,MIAMI-DADE (86),1340,HIALEAH,3,Marzo,7,2022,20,18,32ND ST,6,Calle Local Municipalidad,Urbano,Colector Mayor,City or Municipal Highway Agency,0,Sin jurisdiccion especial,99998,25.85091111,-80.28904167,Arbol,El primer evento no fue una colision con un vehiculo automotor en transporte,Not an Intersection,No fue interseccion,En el medio,Ninguna,Oscuro con iluminacion,lluvia,No,NO APLICA,99,99,99,99,1,07/03/2022,1
12,Florida,120502,0,0,1,0,69,LAKE (69),0,NO APLICA,2,Febrero,23,2022,10,17,CR-48,4,Calle del Condado,Rural,Colector Mayor,Not Reported,0,Sin jurisdiccion especial,99998,28.71038889,-81.71270278,Buzon de correo,El primer evento no fue una colision con un vehiculo automotor en transporte,Not an Intersection,No fue interseccion,Sobre el lado de la calle,Ninguna,Dia total,Despejado,No,NO APLICA,99,99,99,99,1,23/02/2022,1
12,Florida,120503,1,1,1,0,5,BAY (5),0,NO APLICA,3,Marzo,6,2022,1,9,SR-30 FRONT BEACH RD,3,Highway estatal,Urbano,Arteria Menor,State Highway Agency,0,Sin jurisdiccion especial,99998,30.18094444,-85.79093611,Peaton,El primer evento no fue una colision con un vehiculo automotor en transporte,Not an Intersection,No fue interseccion,Sobre calle,Ninguna,Oscuro con iluminacion,Despejado,No,NO APLICA,99,99,99,99,1,06/03/2022,1