Estado,Nombre de Estado,Numero de Caso,Peatones,Personas _no_vehiculos,Vehiculos automotores,Vehiculos estacionados,Condado,Nombre Condado,Ciudad,Nombre Ciudad,Mes,Nombre Mes,Dia,Año,Hora,Minuto,Calle,Ruta,Nombre Ruta,Rural o Urbanoo,Sistema Funcional,Dueño Calle,Sistema Nacional Carreteras,Jurisdiccion Especial,Milla,Latitud,Longitud,Causa del Accidente,Tipo de Accidente,Tipo Interseccion,Columna1,Lugar en la calle,Zona de Trabajo,Luz,Clima,Autobus Escolar,Cruce de Trenes,Hora Notificacion,Minuto Notificacion,Hora Llegada,Minuto Llegada,Decesos,Fecha,PersonaVehiculo
12,Florida,120504,0,0,3,0,131,WALTON (131),0,NO APLICA,2,Febrero,16,2022,1,21,I-10,1,Interestatal,Rural,Interestatal,State Highway Agency,1,Sin jurisdiccion especial,99998,30.74189444,-86.31273056,Vehiculo en movimiento,Frente a frente,Not an Intersection,No fue interseccion,Sobre calle,Ninguna,Oscuro sin iluminacion,Despejado,No,NO APLICA,99,99,99,99,1,16/02/2022,4
12,Florida,120505,0,0,2,0,113,SANTA ROSA (113),0,NO APLICA,2,Febrero,21,2022,15,20,SR-89,3,Highway estatal,Rural,Arteria Menor,State Highway Agency,0,Sin jurisdiccion especial,99998,30.83636111,-87.14208889,Vehiculo en movimiento,Angulo,Four-Way Intersection,Interseccion de 4 direcciones,Sobre calle,Ninguna,Dia total,Nublado,No,NO APLICA,99,99,99,99,1,21/02/2022,3
12,Florida,120506,1,1,1,0,86,MIAMI-DADE (86),0,NO APLICA,1,Enero,19,2022,20,7,NW 7TH AVE,6,Calle Local Municipalidad,Urbano,Arteria Menor,State Highway Agency,0,Sin jurisdiccion especial,99998,25.89924444,-80.34203333,Peaton,El primer evento no fue una colision con un vehiculo automotor en transporte,Not an Intersection,No fue interseccion,Sobre calle,Ninguna,Oscuro - iluminacion desconocida,Despejado,No,NO APLICA,99,99,99,99,1,19/01/2022,1
12,Florida,120507,0,0,2,0,86,MIAMI-DADE (86),0,NO APLICA,2,Febrero,4,2022,5,56,SR-969,3,Highway estatal,Urbano,Arteria Menor,State Highway Agency,0,Sin jurisdiccion especial,99998,25.82761667,-80.31388889,Vehiculo en movimiento,Golpe Lateral - misma direccion,Not an Intersection,No fue interseccion,Sobre calle,Ninguna,Amanecer,Despejado,No,NO APLICA,99,99,99,99,1,04/02/2022,2
12,Florida,120508,1,1,1,0,9,BREVARD (9),3175,WEST MELBOURNE,3,Marzo,3,2022,19,2,US-192,2,US Highway,Urbano,Arteria Principal,State Highway Agency,1,Sin jurisdiccion especial,99998,28.078725,-80.65913333,Peaton,El primer evento no fue una colision con un vehiculo automotor en transporte,Four-Way Intersection,Interseccion de 4 direcciones,Sobre calle,Ninguna,Oscuro con iluminacion,Despejado,No,NO APLICA,99,99,99,99,1,03/03/2022,1
12,Florida,120509,0,0,1,0,71,LEE (71),0,NO APLICA,3,Marzo,7,2022,19,6,5TH ST SW,8,Otro,Urbano,Local,County Highway Agency,0,Sin jurisdiccion especial,99998,26.60854722,-81.68680278,Zanja,El primer evento no fue una colision con un vehiculo automotor en transporte,Not an Intersection,No fue interseccion,Sobre el lado de la calle,Ninguna,Oscuro sin iluminacion,Nublado,No,NO APLICA,99,99,99,99,1,07/03/2022,1
12,Florida,120510,1,1,1,0,31,DUVAL (31),1510,JACKSONVILLE,3,Marzo,8,2022,4,54,NEW BERLIN RD,6,Calle Local Municipalidad,Urbano,Arteria Menor,City or Municipal Highway Agency,0,Sin jurisdiccion especial,99998,30.46572222,-81.59670278,Peaton,El primer evento no fue una colision con un vehiculo automotor en transporte,Not an Intersection,No fue interseccion,Sobre calle,Ninguna,Oscuro sin iluminacion,Despejado,No,NO APLICA,99,99,99,99,1,08/03/2022,1
12,Florida,120511,0,0,2,0,11,BROWARD (11),771,DAVIE,3,Marzo,7,2022,6,50,4601 OAKES RD,6,Calle Local Municipalidad,Urbano,Local,Not Reported,0,Sin jurisdiccion especial,99998,26.07763056,-80.20891667,Vehiculo en movimiento,Angulo,Not an Intersection,No fue interseccion,Sobre calle,Ninguna,Dia total,Despejado,No,NO APLICA,99,99,99,99,1,07/03/2022,3
12,Florida,120512,1,1,1,0,57,HILLSBOROUGH (57),0,NO APLICA,1,Enero,24,2022,18,35,SR-60,3,Highway estatal,Urbano,Arteria Principal,State Highway Agency,1,Sin jurisdiccion especial,99998,27.93748611,-82.17046111,Peaton,El primer evento no fue una colision con un vehiculo automotor en transporte,Four-Way Intersection,Interseccion de 4 direcciones,Sobre calle,Ninguna,Atardecer,Despejado,No,NO APLICA,99,99,99,99,1,24/01/2022,2
12,Florida,120513,2,5,4,2,57,HILLSBOROUGH (57),1139,GIBSONTON,2,Febrero,7,2022,2,45,I-75,1,Interestatal,Urbano,Interestatal,State Highway Agency,1,Sin jurisdiccion especial,99998,27.86213333,-82.34745,Vehiculo en movimiento,Angulo,Not an Intersection,No fue interseccion,Sobre calle,Ninguna,Oscuro sin iluminacion,Despejado,No,NO APLICA,99,99,99,99,1,07/02/2022,1
12,Florida,120514,0,0,2,0,15,CHARLOTTE (15),0,NO APLICA,2,Febrero,24,2022,20,19,SR-776,3,Highway estatal,Urbano,Arteria Menor,State Highway Agency,0,Sin jurisdiccion especial,99998,26.932825,-82.24723333,Vehiculo en movimiento,Angulo,Four-Way Intersection,Interseccion de 4 direcciones,Sobre calle,Ninguna,Oscuro con iluminacion,Despejado,No,NO APLICA,99,99,99,99,1,24/02/2022,6
12,Florida,120515,0,0,1,0,95,ORANGE (95),0,NO APLICA,3,Marzo,2,2022,13,36,LAKE MEADOW RD,6,Calle Local Municipalidad,Urbano,Local,Not Reported,0,Sin jurisdiccion especial,99998,28.59941111,-81.52618056,Arbol,El primer evento no fue una colision con un vehiculo automotor en transporte,Not an Intersection,No fue interseccion,Sobre el lado de la calle,Ninguna,Dia total,Despejado,No,NO APLICA,99,99,99,99,1,02/03/2022,1
12,Florida,120516,1,1,1,0,87,MONROE (87),1580,KEY WEST,3,Marzo,4,2022,12,35,US-1 MM 5 SB,2,US Highway,Urbano,Arteria Principal,State Highway Agency,1,Sin jurisdiccion especial,99998,24.57678611,-81.72193333,Ciclista,El primer evento no fue una colision con un vehiculo automotor en transporte,Not an Intersection,No fue interseccion,Sobre el lado de la calle,Ninguna,Dia total,Despejado,No,NO APLICA,99,99,99,99,1,04/03/2022,1
12,Florida,120517,0,0,2,0,9,BREVARD (9),2073,MIMS,2,Febrero,28,2022,21,57,SR-46,3,Highway estatal,Urbano,Arteria Principal,State Highway Agency,0,Sin jurisdiccion especial,99998,28.66599722,-80.88191389,Vehiculo en movimiento,Angulo,T-Intersection,Interseccion de T,Sobre calle,Ninguna,Oscuro sin iluminacion,Despejado,No,NO APLICA,99,99,99,99,1,28/02/2022,3
12,Florida,120518,0,0,2,0,101,PASCO (101),0,NO APLICA,3,Marzo,3,2022,10,59,SR-52,3,Highway estatal,Urbano,Arteria Principal,State Highway Agency,1,Sin jurisdiccion especial,99998,28.33091111,-82.64971111,Vehiculo en movimiento,Frente a frente,Four-Way Intersection,Interseccion de 4 direcciones,Sobre calle,Ninguna,Dia total,Despejado,No,NO APLICA,99,99,99,99,1,03/03/2022,3
12,Florida,120519,2,2,2,0,11,BROWARD (11),2570,POMPANO BEACH,1,Enero,18,2022,6,27,6TH AVE,6,Calle Local Municipalidad,Urbano,Colector Mayor,Not Reported,0,Sin jurisdiccion especial,99998,26.23397222,-80.13033889,Peaton,El primer evento no fue una colision con un vehiculo automotor en transporte,Not an Intersection,No fue interseccion,Sobre calle,Ninguna,Oscuro con iluminacion,Despejado,No,NO APLICA,99,99,99,99,1,18/01/2022,3
12,Florida,120520,0,0,1,0,11,BROWARD (11),1781,LAUDERDALE LAKES,3,Marzo,6,2022,18,27,SR-816 OAKLAND PARK BLVD,3,Highway estatal,Urbano,Arteria Principal,State Highway Agency,1,Sin jurisdiccion especial,99998,26.16499167,-80.21775833,Arbol,El primer evento no fue una colision con un vehiculo automotor en transporte,Not an Intersection,No fue interseccion,En el medio,Ninguna,Dia total,Despejado,No,NO APLICA,99,99,99,99,1,06/03/2022,1
12,Florida,120521,1,1,1,0,99,PALM BEACH (99),210,BELLE GLADE,3,Marzo,8,2022,18,2,MARTIN LUTHER KING BLVD,6,Calle Local Municipalidad,Urbano,Arteria Menor,City or Municipal Highway Agency,0,Sin jurisdiccion especial,99998,26.68231389,-80.67268056,Peaton,El primer evento no fue una colision con un vehiculo automotor en transporte,Four-Way Intersection,Interseccion de 4 direcciones,Sobre calle,Ninguna,Dia total,Despejado,No,NO APLICA,99,99,99,99,1,08/03/2022,2
12,Florida,120522,1,1,1,0,61,INDIAN RIVER (61),0,NO APLICA,2,Febrero,15,2022,17,20,SR-60,3,Highway estatal,Urbano,Arteria Menor,State Highway Agency,0,Sin jurisdiccion especial,99998,27.63917778,-80.50631944,Ciclista,El primer evento no fue una colision con un vehiculo automotor en transporte,Not an Intersection,No fue interseccion,Sobre calle,Ninguna,Dia total,Nublado,No,NO APLICA,99,99,99,99,1,15/02/2022,1
12,Florida,120523,1,1,1,0,71,LEE (71),0,NO APLICA,3,Marzo,5,2022,0,40,SR-78 PINE ISLAND RD,3,Highway estatal,Urbano,Arteria Principal,State Highway Agency,1,Sin jurisdiccion especial,99998,26.68198056,-81.88989444,Peaton,El primer evento no fue una colision con un vehiculo automotor en transporte,Not an Intersection,No fue interseccion,Sobre calle,Ninguna,Oscuro sin iluminacion,Despejado,No,NO APLICA,99,99,99,99,1,05/03/2022,1
12,Florida,120524,1,1,3,0,57,HILLSBOROUGH (57),0,NO APLICA,2,Febrero,21,2022,16,30,SR-60,3,Highway estatal,Urbano,Arteria Principal,State Highway Agency,1,Sin jurisdiccion especial,99998,27.94933611,-82.35595278,Ciclista,El primer evento no fue una colision con un vehiculo automotor en transporte,Four-Way Intersection,Interseccion de 4 direcciones,Sobre calle,Ninguna,Dia total,Despejado,No,NO APLICA,16,31,16,36,1,21/02/2022,4
12,Florida,120525,1,1,1,0,57,HILLSBOROUGH (57),0,NO APLICA,2,Febrero,17,2022,7,16,SR-597,3,Highway estatal,Urbano,Arteria Principal,State Highway Agency,1,Sin jurisdiccion especial,99998,28.02877222,-82.50477778,Peaton,El primer evento no fue una colision con un vehiculo automotor en transporte,Four-Way Intersection,Interseccion de 4 direcciones,Sobre calle,Ninguna,Dia total,Despejado,No,NO APLICA,99,99,99,99,1,17/02/2022,1
12,Florida,120526,0,0,1,0,83,MARION (83),0,NO APLICA,3,Marzo,1,2022,21,30,SE 100TH AVENUE,9,Desconocido,Rural,Local,Not Reported,0,Sin jurisdiccion especial,99998,29.03296111,-81.98721944,Poste de Señal de trafico,El primer evento no fue una colision con un vehiculo automotor en transporte,T-Intersection,Interseccion de T,Sobre el lado de la calle,Ninguna,Oscuro sin iluminacion,Despejado,No,NO APLICA,99,99,99,99,1,01/03/2022,1
12,Florida,120527,0,0,1,0,1,ALACHUA (1),0,NO APLICA,3,Marzo,7,2022,22,20,CR-219A,4,Calle del Condado,Rural,Colector Mayor,Not Reported,0,Sin jurisdiccion especial,99998,29.680875,-82.07826389,Culvert,El primer evento no fue una colision con un vehiculo automotor en transporte,Not an Intersection,No fue interseccion,Sobre el lado de la calle,Ninguna,Oscuro sin iluminacion,Nublado,No,NO APLICA,99,99,99,99,1,07/03/2022,1
12,Florida,120528,0,0,2,0,109,ST JOHNS (109),0,NO APLICA,2,Febrero,22,2022,23,14,US-1,2,US Highway,Rural,Arteria Principal,State Highway Agency,1,Sin jurisdiccion especial,99998,30.01626944,-81.39535,Vehiculo en movimiento,Frente a Detrás,Four-Way Intersection,Interseccion de 4 direcciones,Sobre calle,Ninguna,Oscuro sin iluminacion,Despejado,No,NO APLICA,11,99,11,99,1,22/02/2022,2
12,Florida,120529,0,0,2,0,109,ST JOHNS (109),0,NO APLICA,2,Febrero,20,2022,21,6,US-1,2,US Highway,Urbano,Arteria Principal,State Highway Agency,1,Sin jurisdiccion especial,99998,29.78576111,-81.31776111,Vehiculo en movimiento,Frente a Detrás,Not an Intersection,No fue interseccion,Sobre calle,Ninguna,Oscuro sin iluminacion,Despejado,No,NO APLICA,99,99,99,99,1,20/02/2022,3
12,Florida,120530,1,1,1,0,103,PINELLAS (103),1770,LARGO,3,Marzo,4,2022,6,27,US-19,2,US Highway,Urbano,Arteria Principal,State Highway Agency,1,Sin jurisdiccion especial,99998,27.92788333,-82.78760833,Ciclista,El primer evento no fue una colision con un vehiculo automotor en transporte,Four-Way Intersection,Interseccion de 4 direcciones,Sobre calle,Ninguna,Oscuro con iluminacion,Despejado,No,NO APLICA,99,99,99,99,1,04/03/2022,3
12,Florida,120531,0,0,1,0,97,OSCEOLA (97),0,NO APLICA,3,Marzo,4,2022,16,1,SR-91 FL TPK,3,Highway estatal,Rural,Arterial Principal -Freeway o ExpressWay,State Toll Road,1,Sin jurisdiccion especial,99998,27.90546944,-81.04718889,Volcadura,El primer evento no fue una colision con un vehiculo automotor en transporte,Not an Intersection,No fue interseccion,En el medio,Ninguna,Dia total,Despejado,No,NO APLICA,99,99,99,99,2,04/03/2022,4
12,Florida,120532,0,0,4,0,127,VOLUSIA (127),810,DELAND,3,Marzo,5,2022,22,35,SR-44,3,Highway estatal,Urbano,Arteria Principal,State Highway Agency,1,Sin jurisdiccion especial,99998,29.02261944,-81.25281944,Vehiculo en movimiento,Angulo,Not an Intersection,No fue interseccion,Sobre calle,Ninguna,Oscuro sin iluminacion,Despejado,No,NO APLICA,99,99,99,99,2,05/03/2022,5
12,Florida,120533,1,1,2,0,9,BREVARD (9),0,NO APLICA,2,Febrero,25,2022,19,50,US-1,2,US Highway,Urbano,Arteria Principal,State Highway Agency,1,Sin jurisdiccion especial,99998,28.48466111,-80.77233889,Peaton,El primer evento no fue una colision con un vehiculo automotor en transporte,Not an Intersection,No fue interseccion,Sobre calle,Ninguna,Atardecer,Despejado,No,NO APLICA,99,98,99,98,1,25/02/2022,4
12,Florida,120534,0,0,1,0,1,ALACHUA (1),0,NO APLICA,3,Marzo,2,2022,9,10,I-75,1,Interestatal,Rural,Interestatal,State Highway Agency,1,Sin jurisdiccion especial,99998,29.53668056,-82.32441111,Arbol,El primer evento no fue una colision con un vehiculo automotor en transporte,Not an Intersection,No fue interseccion,Sobre el lado de la calle,Ninguna,Dia total,Despejado,No,NO APLICA,99,99,99,99,1,02/03/2022,1
12,Florida,120535,0,0,1,0,39,GADSDEN (39),0,NO APLICA,3,Marzo,5,2022,23,15,CR-268,4,Calle del Condado,Rural,Colector Menor,Not Reported,0,Sin jurisdiccion especial,99998,30.617075,-84.62085556,Arbol,El primer evento no fue una colision con un vehiculo automotor en transporte,Not an Intersection,No fue interseccion,Sobre el lado de la calle,Ninguna,Oscuro sin iluminacion,Despejado,No,NO APLICA,99,99,99,99,1,05/03/2022,1
12,Florida,120536,0,0,2,0,127,VOLUSIA (127),2580,PORT ORANGE,3,Marzo,7,2022,16,12,SR-421,3,Highway estatal,Urbano,Arteria Principal,State Highway Agency,1,Sin jurisdiccion especial,99998,29.1091,-81.02621389,Vehiculo en movimiento,Angulo,Not an Intersection,No fue interseccion,Sobre calle,Ninguna,Dia total,Despejado,No,NO APLICA,99,99,99,99,1,07/03/2022,2
12,Florida,120537,0,0,1,0,127,VOLUSIA (127),2580,PORT ORANGE,3,Marzo,10,2022,18,11,S SWALLOW TAIL DR,6,Calle Local Municipalidad,Urbano,Local,City or Municipal Highway Agency,0,Sin jurisdiccion especial,99998,29.12483611,-81.00666389,Immersion total o parcial,El primer evento no fue una colision con un vehiculo automotor en transporte,Not an Intersection,No fue interseccion,Sobre el lado de la calle,Ninguna,Atardecer,lluvia,No,NO APLICA,99,98,99,98,1,10/03/2022,1
12,Florida,120538,1,1,1,0,127,VOLUSIA (127),0,NO APLICA,2,Febrero,28,2022,21,13,US-92,2,US Highway,Rural,Arteria Principal,State Highway Agency,1,Sin jurisdiccion especial,99998,29.13595,-81.14196111,Peaton,El primer evento no fue una colision con un vehiculo automotor en transporte,Not an Intersection,No fue interseccion,Sobre calle,Ninguna,Oscuro sin iluminacion,Despejado,No,NO APLICA,99,99,99,99,1,28/02/2022,1
12,Florida,120539,0,0,2,0,127,VOLUSIA (127),0,NO APLICA,3,Marzo,6,2022,18,44,CR-4110,4,Calle del Condado,Urbano,Colector Menor,County Highway Agency,0,Sin jurisdiccion especial,99998,29.01505833,-81.35741111,Vehiculo en movimiento,Frente a frente,Not an Intersection,No fue interseccion,Sobre calle,Ninguna,Atardecer,Despejado,No,NO APLICA,99,99,99,99,1,06/03/2022,2
12,Florida,120540,0,0,3,0,27,DE SOTO (27),0,NO APLICA,2,Febrero,25,2022,8,20,US-17,2,US Highway,Rural,Arteria Principal,State Highway Agency,1,Sin jurisdiccion especial,99998,27.06786944,-81.95833056,Vehiculo en movimiento,Frente a frente,Four-Way Intersection,Interseccion de 4 direcciones,Sobre calle,Ninguna,Dia total,Despejado,No,NO APLICA,99,99,99,99,1,25/02/2022,4
12,Florida,120541,2,3,2,1,57,HILLSBOROUGH (57),2950,TAMPA,3,Marzo,13,2022,7,45,I-275,1,Interestatal,Urbano,Interestatal,State Highway Agency,1,Sin jurisdiccion especial,99998,28.05785833,-82.45458056,Vehiculo Aparcado,El primer evento no fue una colision con un vehiculo automotor en transporte,Not an Intersection,No fue interseccion,Gore?,Ninguna,Amanecer,Despejado,No,NO APLICA,99,99,99,99,2,13/03/2022,2
12,Florida,120542,1,1,1,0,101,PASCO (101),0,NO APLICA,3,Marzo,5,2022,21,27,STATE RD 56,8,Otro,Urbano,Local,State Highway Agency,0,Sin jurisdiccion especial,99998,28.196,-82.24798056,Ciclista,El primer evento no fue una colision con un vehiculo automotor en transporte,Four-Way Intersection,Interseccion de 4 direcciones,Sobre calle,Ninguna,Oscuro sin iluminacion,Despejado,No,NO APLICA,21,22,21,30,1,05/03/2022,2
12,Florida,120543,1,1,1,0,9,BREVARD (9),3000,TITUSVILLE,2,Febrero,23,2022,19,21,US-1,2,US Highway,Urbano,Arteria Principal,State Highway Agency,1,Sin jurisdiccion especial,99998,28.56563611,-80.79846111,Peaton,El primer evento no fue una colision con un vehiculo automotor en transporte,Not an Intersection,No fue interseccion,Sobre calle,Ninguna,Oscuro con iluminacion,Despejado,No,NO APLICA,99,99,99,99,1,23/02/2022,1
12,Florida,120544,0,0,2,0,57,HILLSBOROUGH (57),2950,TAMPA,2,Febrero,10,2022,9,52,CROSS CREEK BLVD,6,Calle Local Municipalidad,Urbano,Arteria Menor,Not Reported,0,Sin jurisdiccion especial,99998,28.14368333,-82.29747778,Vehiculo en movimiento,Frente a Detrás,Not an Intersection,No fue interseccion,Sobre calle,Ninguna,Dia total,Despejado,No,NO APLICA,99,99,99,99,1,10/02/2022,3
12,Florida,120545,1,1,1,0,57,HILLSBOROUGH (57),2950,TAMPA,3,Marzo,4,2022,3,24,SR-60,3,Highway estatal,Urbano,Arteria Principal,State Highway Agency,1,Sin jurisdiccion especial,99998,27.95224444,-82.39004167,Peaton,El primer evento no fue una colision con un vehiculo automotor en transporte,Not an Intersection,No fue interseccion,Sobre calle,Ninguna,Oscuro sin iluminacion,Despejado,No,NO APLICA,99,99,99,99,1,04/03/2022,1
12,Florida,120546,1,1,1,0,99,PALM BEACH (99),3190,WEST PALM BEACH,3,Marzo,3,2022,7,35,SR-704,3,Highway estatal,Urbano,Arteria Principal,State Highway Agency,1,Sin jurisdiccion especial,99998,26.70656389,-80.09010556,No vehiculo o remolque,El primer evento no fue una colision con un vehiculo automotor en transporte,Four-Way Intersection,Interseccion de 4 direcciones,Sobre calle,Ninguna,Dia total,Despejado,No,NO APLICA,99,99,99,99,1,03/03/2022,1
12,Florida,120547,0,0,1,0,105,POLK (105),1270,HAINES CITY,2,Febrero,20,2022,15,20,DETOUR RD,8,Otro,Rural,Local,Not Reported,0,Sin jurisdiccion especial,99998,28.07041944,-81.611775,Zanja,El primer evento no fue una colision con un vehiculo automotor en transporte,Not an Intersection,No fue interseccion,Sobre el lado de la calle,Ninguna,Dia total,Despejado,No,NO APLICA,99,99,99,99,1,20/02/2022,1
12,Florida,120548,0,0,2,0,57,HILLSBOROUGH (57),0,NO APLICA,3,Marzo,4,2022,19,40,I-4,1,Interestatal,Urbano,Interestatal,State Highway Agency,1,Sin jurisdiccion especial,99998,27.98663333,-82.37714722,Vehiculo en movimiento,Frente a Detrás,Not an Intersection,No fue interseccion,Sobre calle,Ninguna,Oscuro con iluminacion,Nublado,No,NO APLICA,99,99,99,99,1,04/03/2022,3
12,Florida,120549,0,0,1,0,1,ALACHUA (1),0,NO APLICA,3,Marzo,4,2022,17,45,CR-241,4,Calle del Condado,Rural,Colector Mayor,County Highway Agency,0,Sin jurisdiccion especial,99998,29.52421944,-82.52328056,Arbol,El primer evento no fue una colision con un vehiculo automotor en transporte,Not an Intersection,No fue interseccion,Sobre el lado de la calle,Ninguna,Dia total,Despejado,No,NO APLICA,99,99,99,99,1,04/03/2022,1
12,Florida,120550,1,1,1,0,57,HILLSBOROUGH (57),2950,TAMPA,3,Marzo,1,2022,23,35,US-92,2,US Highway,Urbano,Arteria Principal,State Highway Agency,1,Sin jurisdiccion especial,99998,27.902225,-82.50629167,Peaton,El primer evento no fue una colision con un vehiculo automotor en transporte,Not an Intersection,No fue interseccion,Sobre calle,Ninguna,Oscuro con iluminacion,Despejado,No,NO APLICA,99,99,99,99,1,01/03/2022,1
12,Florida,120551,0,0,2,0,71,LEE (71),0,NO APLICA,3,Marzo,5,2022,1,26,SR-82,3,Highway estatal,Urbano,Arteria Principal,State Highway Agency,0,Sin jurisdiccion especial,99998,26.56006389,-81.66389444,Vehiculo en movimiento,Frente a Detrás,Not an Intersection,No fue interseccion,Sobre calle,Ninguna,Oscuro con iluminacion,Despejado,No,NO APLICA,99,99,99,99,1,05/03/2022,3
12,Florida,120552,0,0,1,0,71,LEE (71),0,NO APLICA,3,Marzo,9,2022,23,23,BEN C PRATT PKWY,8,Otro,Urbano,Arteria Menor,County Highway Agency,0,Sin jurisdiccion especial,99998,26.57805,-81.82472778,Otro objeto (fijo),El primer evento no fue una colision con un vehiculo automotor en transporte,Not an Intersection,No fue interseccion,En el medio,Ninguna,Oscuro sin iluminacion,Despejado,No,NO APLICA,99,99,99,99,1,09/03/2022,1
12,Florida,120553,0,0,2,0,71,LEE (71),312,BONITA SPRINGS,3,Marzo,10,2022,20,21,IMPERIAL PKWY,8,Otro,Urbano,Colector Mayor,State Highway Agency,0,Sin jurisdiccion especial,99998,26.36151111,-81.767525,Vehiculo en movimiento,Angulo,Four-Way Intersection,Interseccion de 4 direcciones,Sobre calle,Ninguna,Oscuro con iluminacion,Despejado,No,NO APLICA,99,99,99,99,1,10/03/2022,2
12,Florida,120554,0,0,1,0,101,PASCO (101),0,NO APLICA,3,Marzo,6,2022,15,38,CR-578,4,Calle del Condado,Rural,Colector Mayor,County Highway Agency,0,Sin jurisdiccion especial,99998,28.37600278,-82.31352222,Buzon de correo,El primer evento no fue una colision con un vehiculo automotor en transporte,Not an Intersection,No fue interseccion,Sobre el lado de la calle,Ninguna,Dia total,Despejado,No,NO APLICA,15,38,15,50,1,06/03/2022,1
12,Florida,120555,0,0,2,0,103,PINELLAS (103),2730,SAINT PETERSBURG,3,Marzo,2,2022,10,20,SR-595,3,Highway estatal,Urbano,Arteria Principal,State Highway Agency,1,Sin jurisdiccion especial,99998,27.77732778,-82.67941667,Vehiculo en movimiento,Frente a frente,Four-Way Intersection,Interseccion de 4 direcciones,Sobre calle,Ninguna,Dia total,Despejado,No,NO APLICA,99,99,99,99,1,02/03/2022,3
12,Florida,120556,1,1,1,0,1,ALACHUA (1),1130,GAINESVILLE,3,Marzo,10,2022,19,43,US-441,2,US Highway,Urbano,Arteria Principal,State Highway Agency,1,Sin jurisdiccion especial,99998,29.65223056,-82.33924722,Peaton,El primer evento no fue una colision con un vehiculo automotor en transporte,Four-Way Intersection,Interseccion de 4 direcciones,Sobre calle,Ninguna,Oscuro con iluminacion,Despejado,No,NO APLICA,99,99,99,99,1,10/03/2022,1
12,Florida,120557,1,1,1,0,105,POLK (105),0,NO APLICA,3,Marzo,1,2022,19,18,CR-655,4,Calle del Condado,Urbano,Colector Mayor,Not Reported,0,Sin jurisdiccion especial,99998,27.94904167,-81.726625,Peaton,El primer evento no fue una colision con un vehiculo automotor en transporte,Not an Intersection,No fue interseccion,Sobre calle,Ninguna,Oscuro sin iluminacion,Despejado,No,NO APLICA,99,99,99,99,1,01/03/2022,2
12,Florida,120558,0,0,2,0,31,DUVAL (31),1510,JACKSONVILLE,3,Marzo,13,2022,23,42,AIRPORT CENTER DR E,8,Otro,Urbano,Colector Mayor,City or Municipal Highway Agency,0,Sin jurisdiccion especial,99998,30.47586944,-81.61556111,Vehiculo en movimiento,Angulo,Four-Way Intersection,Interseccion de 4 direcciones,Sobre calle,Ninguna,Oscuro con iluminacion,Despejado,No,NO APLICA,99,99,99,99,1,13/03/2022,2
12,Florida,120559,0,0,2,0,21,COLLIER (21),0,NO APLICA,3,Marzo,2,2022,19,29,US-41,2,US Highway,Urbano,Arteria Principal,State Highway Agency,1,Sin jurisdiccion especial,99998,26.07776944,-81.72133056,Vehiculo en movimiento,Frente a Detrás,Four-Way Intersection,Interseccion de 4 direcciones,Sobre calle,Ninguna,Oscuro con iluminacion,Despejado,No,NO APLICA,99,99,99,99,1,02/03/2022,3
12,Florida,120560,0,0,3,0,83,MARION (83),0,NO APLICA,3,Marzo,6,2022,19,10,SR-40,3,Highway estatal,Rural,Arteria Principal,State Highway Agency,1,Sin jurisdiccion especial,99998,29.17770833,-81.7499,Vehiculo en movimiento,Frente a frente,Not an Intersection,No fue interseccion,Sobre calle,Ninguna,Oscuro sin iluminacion,Despejado,No,NO APLICA,99,99,99,99,1,06/03/2022,5
12,Florida,120561,1,1,1,0,95,ORANGE (95),0,NO APLICA,3,Marzo,4,2022,19,26,US-441,2,US Highway,Urbano,Arteria Principal,State Highway Agency,1,Sin jurisdiccion especial,99998,28.44554722,-81.40207778,Peaton,El primer evento no fue una colision con un vehiculo automotor en transporte,Not an Intersection,No fue interseccion,Sobre calle,Ninguna,Oscuro con iluminacion,Despejado,No,NO APLICA,99,99,99,99,1,04/03/2022,2
12,Florida,120562,0,0,4,0,71,LEE (71),1070,FORT MYERS,1,Enero,30,2022,20,15,SR-82,3,Highway estatal,Urbano,Arteria Principal,State Highway Agency,0,Sin jurisdiccion especial,99998,26.63364167,-81.79902778,Banqueta,El primer evento no fue una colision con un vehiculo automotor en transporte,Four-Way Intersection,Interseccion de 4 direcciones,En el medio,Ninguna,Oscuro con iluminacion,Despejado,No,NO APLICA,99,99,99,99,1,30/01/2022,6
12,Florida,120563,0,0,3,0,86,MIAMI-DADE (86),0,NO APLICA,2,Febrero,13,2022,1,28,SR-924,3,Highway estatal,Urbano,Arteria Principal,State Highway Agency,1,Sin jurisdiccion especial,99998,25.88361111,-80.215375,Vehiculo en movimiento,Frente a frente,Not an Intersection,No fue interseccion,Sobre calle,Ninguna,Oscuro con iluminacion,Despejado,No,NO APLICA,99,99,99,99,1,13/02/2022,6
12,Florida,120564,1,1,1,0,99,PALM BEACH (99),9997,Other,3,Marzo,12,2022,23,26,US-1,2,US Highway,Urbano,Arteria Menor,State Highway Agency,0,Sin jurisdiccion especial,99998,26.603775,-80.05776389,Peaton,El primer evento no fue una colision con un vehiculo automotor en transporte,Four-Way Intersection,Interseccion de 4 direcciones,Sobre calle,Ninguna,Oscuro sin iluminacion,Despejado,No,NO APLICA,99,99,99,99,1,12/03/2022,1