Estado,Nombre de Estado,Numero de Caso,Peatones,Personas _no_vehiculos,Vehiculos automotores,Vehiculos estacionados,Condado,Nombre Condado,Ciudad,Nombre Ciudad,Mes,Nombre Mes,Dia,Año,Hora,Minuto,Calle,Ruta,Nombre Ruta,Rural o Urbanoo,Sistema Funcional,Dueño Calle,Sistema Nacional Carreteras,Jurisdiccion Especial,Milla,Latitud,Longitud,Causa del Accidente,Tipo de Accidente,Tipo Interseccion,Columna1,Lugar en la calle,Zona de Trabajo,Luz,Clima,Autobus Escolar,Cruce de Trenes,Hora Notificacion,Minuto Notificacion,Hora Llegada,Minuto Llegada,Decesos,Fecha,PersonaVehiculo
12,Florida,120565,1,1,1,0,57,HILLSBOROUGH (57),0,NO APLICA,2,Febrero,24,2022,8,43,US-41,2,US Highway,Urbano,Arteria Principal,State Highway Agency,1,Sin jurisdiccion especial,99998,27.91930278,-82.40190556,Ciclista,El primer evento no fue una colision con un vehiculo automotor en transporte,T-Intersection,Interseccion de T,Sobre calle,Ninguna,Dia total,Despejado,No,NO APLICA,99,99,99,99,1,24/02/2022,1
12,Florida,120566,0,0,2,0,69,LAKE (69),0,NO APLICA,3,Marzo,5,2022,19,54,US-27,2,US Highway,Urbano,Arteria Principal,State Highway Agency,1,Sin jurisdiccion especial,99998,28.72499444,-81.86294167,Vehiculo en movimiento,Angulo,Four-Way Intersection,Interseccion de 4 direcciones,Sobre calle,Ninguna,Atardecer,Despejado,No,NO APLICA,99,99,99,99,1,05/03/2022,7
12,Florida,120567,0,0,1,0,86,MIAMI-DADE (86),2023,MIAMI GARDENS,3,Marzo,14,2022,2,59,NW 17TH AVE,8,Otro,Urbano,Local,City or Municipal Highway Agency,0,Sin jurisdiccion especial,99998,25.91725833,-80.22818889,Valla Ferrocarril,El primer evento no fue una colision con un vehiculo automotor en transporte,T-Intersection,Interseccion de T,Sobre el lado de la calle,Ninguna,Oscuro con iluminacion,Despejado,No,NO APLICA,99,99,99,99,1,14/03/2022,1
12,Florida,120568,1,1,1,0,57,HILLSBOROUGH (57),2950,TAMPA,3,Marzo,15,2022,8,20,21ST AVE,6,Calle Local Municipalidad,Urbano,Colector Menor,Not Reported,0,Sin jurisdiccion especial,99998,27.97048333,-82.44295,Ciclista,El primer evento no fue una colision con un vehiculo automotor en transporte,Four-Way Intersection,Interseccion de 4 direcciones,Sobre calle,Ninguna,Dia total,Despejado,No,NO APLICA,99,99,99,99,1,15/03/2022,1
12,Florida,120569,1,1,1,0,95,ORANGE (95),2360,ORLANDO,3,Marzo,9,2022,0,33,SR-435,3,Highway estatal,Urbano,Arteria Principal,State Highway Agency,1,Sin jurisdiccion especial,99998,28.48359167,-81.45871667,Peaton,El primer evento no fue una colision con un vehiculo automotor en transporte,Not an Intersection,No fue interseccion,Sobre calle,Ninguna,Oscuro con iluminacion,Despejado,No,NO APLICA,99,99,99,99,1,09/03/2022,1
12,Florida,120570,0,0,3,0,9,BREVARD (9),2073,MIMS,3,Marzo,5,2022,22,10,I-95,1,Interestatal,Rural,Interestatal,State Highway Agency,1,Sin jurisdiccion especial,99998,28.67293056,-80.87233889,Vehiculo en movimiento,Frente a Detrás,Not an Intersection,No fue interseccion,Sobre calle,Ninguna,Oscuro con iluminacion,Despejado,No,NO APLICA,99,99,99,99,1,05/03/2022,3
12,Florida,120571,1,1,2,1,23,COLUMBIA (23),0,NO APLICA,3,Marzo,7,2022,17,18,I-75 RAMP,1,Interestatal,Rural,Interestatal,State Highway Agency,1,Sin jurisdiccion especial,99998,29.99868056,-82.5975,Banqueta,El primer evento no fue una colision con un vehiculo automotor en transporte,Four-Way Intersection,Interseccion de 4 direcciones,En el medio,Ninguna,Dia total,Despejado,No,NO APLICA,99,99,99,99,1,07/03/2022,1
12,Florida,120572,0,0,2,0,123,TAYLOR (123),0,NO APLICA,3,Marzo,13,2022,21,10,US-19,2,US Highway,Rural,Arteria Principal,State Highway Agency,1,Sin jurisdiccion especial,99998,30.26693333,-83.71504444,Vehiculo en movimiento,Frente a frente,Not an Intersection,No fue interseccion,Sobre calle,Ninguna,Oscuro sin iluminacion,Despejado,No,NO APLICA,99,99,99,99,1,13/03/2022,4
12,Florida,120573,0,0,1,0,81,MANATEE (81),0,NO APLICA,3,Marzo,9,2022,0,20,SR-684,3,Highway estatal,Urbano,Arteria Principal,State Highway Agency,1,Sin jurisdiccion especial,99998,27.46340278,-82.563375,Banqueta,El primer evento no fue una colision con un vehiculo automotor en transporte,Not an Intersection,No fue interseccion,Sobre el lado de la calle,Ninguna,Oscuro con iluminacion,Despejado,No,NO APLICA,99,99,99,99,1,09/03/2022,1
12,Florida,120574,0,0,1,0,127,VOLUSIA (127),2375,ORMOND BEACH,3,Marzo,5,2022,18,35,PINELAND TRL,8,Otro,Rural,Local,County Highway Agency,0,Sin jurisdiccion especial,99998,29.27953611,-81.12300278,Volcadura,El primer evento no fue una colision con un vehiculo automotor en transporte,Not an Intersection,No fue interseccion,Sobre calle,Ninguna,Atardecer,Despejado,No,NO APLICA,99,99,99,99,1,05/03/2022,1
12,Florida,120575,1,1,1,0,105,POLK (105),0,NO APLICA,3,Marzo,2,2022,20,51,US-92,2,US Highway,Urbano,Arteria Principal,State Highway Agency,1,Sin jurisdiccion especial,99998,28.04796944,-81.85894722,Peaton,El primer evento no fue una colision con un vehiculo automotor en transporte,Not an Intersection,No fue interseccion,Sobre calle,Ninguna,Oscuro con iluminacion,Despejado,No,NO APLICA,99,99,99,99,1,02/03/2022,1
12,Florida,120576,0,0,1,0,103,PINELLAS (103),570,CLEARWATER,2,Febrero,11,2022,20,27,SR-60,3,Highway estatal,Urbano,Arteria Principal,State Highway Agency,1,Sin jurisdiccion especial,99998,27.96095,-82.79264722,Banqueta,El primer evento no fue una colision con un vehiculo automotor en transporte,Not an Intersection,No fue interseccion,En el medio,Ninguna,Oscuro con iluminacion,Despejado,No,NO APLICA,99,99,99,99,1,11/02/2022,1
12,Florida,120577,0,0,2,0,115,SARASOTA (115),2235,NORTH PORT,2,Febrero,27,2022,16,22,AGRESS AVE,6,Calle Local Municipalidad,Rural,Local,Not Reported,0,Sin jurisdiccion especial,99998,27.04887222,-82.25111111,Vehiculo en movimiento,Angulo,Four-Way Intersection,Interseccion de 4 direcciones,Sobre calle,Ninguna,Dia total,Despejado,No,NO APLICA,99,99,99,99,1,27/02/2022,4
12,Florida,120578,1,1,1,0,105,POLK (105),120,AUBURNDALE,3,Marzo,8,2022,5,0,SR-544,3,Highway estatal,Urbano,Arteria Principal,State Highway Agency,1,Sin jurisdiccion especial,99998,28.05221111,-81.77254722,Ciclista,El primer evento no fue una colision con un vehiculo automotor en transporte,Not an Intersection,No fue interseccion,Sobre calle,Ninguna,Oscuro con iluminacion,lluvia,No,NO APLICA,99,99,99,99,1,08/03/2022,1
12,Florida,120579,1,1,1,0,71,LEE (71),0,NO APLICA,3,Marzo,9,2022,19,15,SR-865,3,Highway estatal,Urbano,Arteria Menor,State Highway Agency,0,Sin jurisdiccion especial,99998,26.47921111,-81.95113889,Peaton,El primer evento no fue una colision con un vehiculo automotor en transporte,Not an Intersection,No fue interseccion,Sobre calle,Ninguna,Oscuro sin iluminacion,Despejado,No,NO APLICA,99,99,99,99,1,09/03/2022,1
12,Florida,120580,0,0,2,0,35,FLAGLER (35),0,NO APLICA,2,Febrero,25,2022,6,2,SR-100,3,Highway estatal,Rural,Arteria Principal,State Highway Agency,1,Sin jurisdiccion especial,99998,29.48107222,-81.41623333,Vehiculo en movimiento,Frente a frente,Not an Intersection,No fue interseccion,Sobre calle,Ninguna,Oscuro sin iluminacion,Neblina o Humo,No,NO APLICA,99,99,99,99,2,25/02/2022,2
12,Florida,120581,0,0,1,0,21,COLLIER (21),0,NO APLICA,3,Marzo,11,2022,4,53,I-75,1,Interestatal,Rural,Interestatal,State Highway Agency,1,Sin jurisdiccion especial,99998,26.16635,-81.23653056,Valla Ferrocarril,El primer evento no fue una colision con un vehiculo automotor en transporte,Not an Intersection,No fue interseccion,En el medio,Ninguna,Oscuro sin iluminacion,Neblina o Humo,No,NO APLICA,99,99,99,99,1,11/03/2022,2
12,Florida,120582,0,0,2,0,99,PALM BEACH (99),1560,JUPITER,3,Marzo,14,2022,20,19,I-95,1,Interestatal,Urbano,Interestatal,State Highway Agency,1,Sin jurisdiccion especial,99998,26.91814722,-80.14559722,Vehiculo en movimiento,Frente a Detrás,Not an Intersection,No fue interseccion,Sobre calle,Ninguna,Oscuro con iluminacion,Despejado,No,NO APLICA,99,99,99,99,1,14/03/2022,3
12,Florida,120584,0,0,5,3,86,MIAMI-DADE (86),2023,MIAMI GARDENS,2,Febrero,14,2022,1,52,NW 207TH ST,6,Calle Local Municipalidad,Urbano,Local,Not Reported,0,Sin jurisdiccion especial,99998,25.96449722,-80.23669167,Vehiculo en movimiento,Angulo,Not an Intersection,No fue interseccion,Sobre calle,Ninguna,Oscuro con iluminacion,Despejado,No,NO APLICA,99,99,99,99,1,14/02/2022,4
12,Florida,120585,0,0,3,0,86,MIAMI-DADE (86),2010,MIAMI,3,Marzo,7,2022,2,0,US-41 SR-90,2,US Highway,Urbano,Arteria Principal,State Highway Agency,1,Sin jurisdiccion especial,99998,25.76088056,-80.41675,Vehiculo en movimiento,Angulo,Four-Way Intersection,Interseccion de 4 direcciones,Sobre calle,Ninguna,Oscuro con iluminacion,Despejado,No,NO APLICA,99,99,99,99,1,07/03/2022,4
12,Florida,120586,0,0,1,0,11,BROWARD (11),771,DAVIE,3,Marzo,16,2022,1,40,SR-84,3,Highway estatal,Urbano,Arteria Menor,State Highway Agency,0,Sin jurisdiccion especial,99998,26.098275,-80.25104444,Banqueta,El primer evento no fue una colision con un vehiculo automotor en transporte,Four-Way Intersection,Interseccion de 4 direcciones,Sobre el lado de la calle,Ninguna,Oscuro con iluminacion,Despejado,No,NO APLICA,99,99,99,99,1,16/03/2022,1
12,Florida,120587,0,0,2,0,86,MIAMI-DADE (86),1340,HIALEAH,3,Marzo,13,2022,20,8,SR-953 SE 8TH AVE,3,Highway estatal,Urbano,Arteria Principal,State Highway Agency,1,Sin jurisdiccion especial,99998,25.81926389,-80.26493889,Vehiculo en movimiento,Frente a frente,Not an Intersection,No fue interseccion,Sobre calle,Ninguna,Atardecer,Despejado,No,NO APLICA,99,99,99,99,1,13/03/2022,2
12,Florida,120588,0,0,5,4,86,MIAMI-DADE (86),1340,HIALEAH,3,Marzo,12,2022,18,47,44TH PL,8,Otro,Urbano,Colector Mayor,City or Municipal Highway Agency,0,Sin jurisdiccion especial,99998,25.862475,-80.29216389,Arbol,El primer evento no fue una colision con un vehiculo automotor en transporte,Not an Intersection,No fue interseccion,Sobre el lado de la calle,Ninguna,Oscuro con iluminacion,Despejado,No,NO APLICA,99,99,99,99,1,12/03/2022,3
12,Florida,120589,2,2,1,0,71,LEE (71),0,NO APLICA,3,Marzo,2,2022,21,48,GUNNERY RD,8,Otro,Urbano,Arteria Menor,County Highway Agency,0,Sin jurisdiccion especial,99998,26.6217,-81.71521111,Peaton,El primer evento no fue una colision con un vehiculo automotor en transporte,T-Intersection,Interseccion de T,Sobre calle,Ninguna,Oscuro con iluminacion,Despejado,No,NO APLICA,99,99,99,99,1,02/03/2022,1
12,Florida,120590,0,0,2,0,57,HILLSBOROUGH (57),0,NO APLICA,2,Febrero,12,2022,19,42,US-301,2,US Highway,Urbano,Arteria Principal,State Highway Agency,1,Sin jurisdiccion especial,99998,27.90549167,-82.34502222,Vehiculo en movimiento,Frente a frente,T-Intersection,Interseccion de T,Sobre calle,Ninguna,Oscuro con iluminacion,Despejado,No,NO APLICA,99,99,99,99,1,12/02/2022,3
12,Florida,120591,0,0,1,0,71,LEE (71),0,NO APLICA,3,Marzo,12,2022,2,7,COLLEGE PARKWAY,6,Calle Local Municipalidad,Urbano,Arteria Menor,Not Reported,0,Sin jurisdiccion especial,99998,26.55686944,-81.89403056,Banqueta,El primer evento no fue una colision con un vehiculo automotor en transporte,Not an Intersection,No fue interseccion,Sobre el lado de la calle,Ninguna,Oscuro con iluminacion,Despejado,No,NO APLICA,99,99,99,99,1,12/03/2022,1
12,Florida,120592,0,0,2,0,103,PINELLAS (103),0,NO APLICA,2,Febrero,19,2022,9,0,CR-816,4,Calle del Condado,Urbano,Colector Mayor,Not Reported,0,Sin jurisdiccion especial,99998,28.09354722,-82.73059722,Vehiculo en movimiento,Angulo,T-Intersection,Interseccion de T,Sobre calle,Ninguna,Dia total,Despejado,No,NO APLICA,99,99,99,99,2,19/02/2022,3
12,Florida,120593,0,0,1,0,71,LEE (71),0,NO APLICA,3,Marzo,13,2022,6,19,UNICE  AVE,8,Otro,Urbano,Local,County Highway Agency,0,Sin jurisdiccion especial,99998,26.68157778,-81.69358056,Arbol,El primer evento no fue una colision con un vehiculo automotor en transporte,Not an Intersection,No fue interseccion,Sobre el lado de la calle,Ninguna,Oscuro sin iluminacion,Despejado,No,NO APLICA,99,99,99,99,1,13/03/2022,2
12,Florida,120594,2,2,1,0,103,PINELLAS (103),2730,SAINT PETERSBURG,3,Marzo,12,2022,22,30,62ND AVE N,8,Otro,Urbano,Colector Mayor,County Highway Agency,0,Sin jurisdiccion especial,99998,27.82838889,-82.64758333,Peaton,El primer evento no fue una colision con un vehiculo automotor en transporte,Not an Intersection,No fue interseccion,Sobre calle,Ninguna,Oscuro con iluminacion,Despejado,No,NO APLICA,99,99,99,99,1,12/03/2022,1
12,Florida,120596,0,0,2,0,86,MIAMI-DADE (86),2023,MIAMI GARDENS,3,Marzo,4,2022,22,8,SR-860 NE MIAMI GARDENS DR,3,Highway estatal,Urbano,Arteria Menor,State Highway Agency,0,Sin jurisdiccion especial,99998,25.94163056,-80.22935278,Vehiculo en movimiento,Angulo,Four-Way Intersection,Interseccion de 4 direcciones,Sobre calle,Ninguna,Oscuro con iluminacion,Despejado,No,NO APLICA,99,99,99,99,1,04/03/2022,2
12,Florida,120597,0,0,2,0,57,HILLSBOROUGH (57),2658,RIVERVIEW,3,Marzo,8,2022,10,30,BIG BEND RD,8,Otro,Urbano,Arteria Menor,County Highway Agency,0,Sin jurisdiccion especial,99998,27.79174444,-82.35441667,Vehiculo en movimiento,Frente a frente,T-Intersection,Interseccion de T,Sobre calle,"Zona de trabajo, tipo desconocido",Dia total,Despejado,No,NO APLICA,99,99,99,99,1,08/03/2022,2
12,Florida,120598,0,0,1,0,33,ESCAMBIA (33),2085,MOLINO,3,Marzo,5,2022,19,13,CR-182,4,Calle del Condado,Rural,Colector Menor,Not Reported,0,Sin jurisdiccion especial,99998,30.71763889,-87.33918333,Culvert,El primer evento no fue una colision con un vehiculo automotor en transporte,Four-Way Intersection,Interseccion de 4 direcciones,Sobre el lado de la calle,Ninguna,Oscuro sin iluminacion,Despejado,No,NO APLICA,99,99,99,99,1,05/03/2022,1
12,Florida,120599,0,0,2,0,57,HILLSBOROUGH (57),0,NO APLICA,3,Marzo,12,2022,23,15,TURKEY CREEK RD,8,Otro,Urbano,Arteria Menor,County Highway Agency,0,Sin jurisdiccion especial,99998,27.96703333,-82.17033611,Vehiculo en movimiento,Frente a Detrás,Four-Way Intersection,Interseccion de 4 direcciones,Sobre calle,Ninguna,Oscuro sin iluminacion,Despejado,No,NO APLICA,99,99,99,99,1,12/03/2022,7
12,Florida,120600,0,0,1,0,11,BROWARD (11),760,DANIA BEACH,3,Marzo,16,2022,22,41,MARINA DR,8,Otro,Urbano,Local,City or Municipal Highway Agency,0,Sin jurisdiccion especial,99998,26.08400556,-80.18073333,Otra barrera de trafico,El primer evento no fue una colision con un vehiculo automotor en transporte,T-Intersection,Interseccion de T,Sobre el lado de la calle,Ninguna,Oscuro con iluminacion,Nublado,No,NO APLICA,99,99,99,99,1,16/03/2022,1
12,Florida,120601,0,0,1,0,95,ORANGE (95),2360,ORLANDO,3,Marzo,6,2022,21,4,I-4 SR-400 RAMP,1,Interestatal,Urbano,Interestatal,State Highway Agency,1,Sin jurisdiccion especial,99998,28.53929444,-81.38170278,Valla para choques,El primer evento no fue una colision con un vehiculo automotor en transporte,Not an Intersection,No fue interseccion,Sobre el lado de la calle,Ninguna,Oscuro con iluminacion,Despejado,No,NO APLICA,99,99,99,99,1,06/03/2022,2
12,Florida,120603,0,0,1,0,81,MANATEE (81),0,NO APLICA,3,Marzo,13,2022,16,32,US-41,2,US Highway,Urbano,Arteria Principal,State Highway Agency,1,Sin jurisdiccion especial,99998,27.60096111,-82.53938056,Culvert,El primer evento no fue una colision con un vehiculo automotor en transporte,Not an Intersection,No fue interseccion,Sobre el lado de la calle,Ninguna,Dia total,Despejado,No,NO APLICA,99,99,99,99,1,13/03/2022,1
12,Florida,120604,0,0,2,0,33,ESCAMBIA (33),0,NO APLICA,3,Marzo,16,2022,22,2,CR-296,4,Calle del Condado,Rural,Colector Menor,Not Reported,0,Sin jurisdiccion especial,99998,30.46256944,-87.31579444,Vehiculo en movimiento,Angulo,Not an Intersection,No fue interseccion,Sobre calle,Ninguna,Oscuro sin iluminacion,Despejado,No,NO APLICA,99,99,99,99,1,16/03/2022,2
12,Florida,120605,0,0,1,0,99,PALM BEACH (99),1560,JUPITER,3,Marzo,9,2022,10,55,I-95,1,Interestatal,Urbano,Interestatal,State Highway Agency,1,Sin jurisdiccion especial,99998,26.92246667,-80.14713333,Poste de Señal de trafico,El primer evento no fue una colision con un vehiculo automotor en transporte,Not an Intersection,No fue interseccion,Sobre el lado de la calle,Ninguna,Dia total,Despejado,No,NO APLICA,99,99,99,99,1,09/03/2022,1
12,Florida,120606,1,1,1,0,1,ALACHUA (1),1130,GAINESVILLE,3,Marzo,17,2022,18,20,SR-121,3,Highway estatal,Urbano,Arteria Menor,State Highway Agency,0,Sin jurisdiccion especial,99998,29.62039167,-82.37279722,Peaton,El primer evento no fue una colision con un vehiculo automotor en transporte,Not an Intersection,No fue interseccion,Sobre el lado de la calle,Ninguna,Dia total,Despejado,No,NO APLICA,99,99,99,99,1,17/03/2022,1
12,Florida,120607,1,1,1,0,99,PALM BEACH (99),210,BELLE GLADE,2,Febrero,25,2022,18,53,SR-15,3,Highway estatal,Urbano,Colector Mayor,State Highway Agency,0,Sin jurisdiccion especial,99998,26.68228889,-80.667875,Peaton,El primer evento no fue una colision con un vehiculo automotor en transporte,Four-Way Intersection,Interseccion de 4 direcciones,Sobre calle,Ninguna,Oscuro con iluminacion,Despejado,No,NO APLICA,99,99,99,99,1,25/02/2022,1
12,Florida,120608,1,1,2,0,73,LEON (73),2940,TALLAHASSEE,3,Marzo,9,2022,20,10,US-27 N MONROE ST,2,US Highway,Urbano,Arteria Principal,State Highway Agency,1,Sin jurisdiccion especial,99998,30.47731389,-84.29827778,Vehiculo en movimiento,Angulo,Four-Way Intersection,Interseccion de 4 direcciones,Sobre calle,Ninguna,Oscuro con iluminacion,lluvia,No,NO APLICA,99,99,99,99,1,09/03/2022,7
12,Florida,120609,0,0,3,0,107,PUTNAM (107),0,NO APLICA,3,Marzo,3,2022,16,10,US-17,2,US Highway,Rural,Arteria Principal,State Highway Agency,1,Sin jurisdiccion especial,99998,29.57022222,-81.64204444,Vehiculo en movimiento,Golpe Lateral - direccion contraria,Not an Intersection,No fue interseccion,Sobre calle,Ninguna,Dia total,Despejado,No,NO APLICA,99,99,99,99,1,03/03/2022,6
12,Florida,120610,1,1,1,0,33,ESCAMBIA (33),3100,WARRINGTON,3,Marzo,5,2022,19,23,PATTON DR,8,Otro,Urbano,Local,County Highway Agency,0,Sin jurisdiccion especial,99998,30.39398056,-87.27815,Peaton,El primer evento no fue una colision con un vehiculo automotor en transporte,Not an Intersection,No fue interseccion,Sobre calle,Ninguna,Oscuro con iluminacion,Despejado,No,NO APLICA,99,99,99,99,1,05/03/2022,1
12,Florida,120611,0,0,3,0,11,BROWARD (11),1050,FORT LAUDERDALE,3,Marzo,16,2022,19,29,W MCNAB RD,6,Calle Local Municipalidad,Urbano,Arteria Menor,City or Municipal Highway Agency,0,Sin jurisdiccion especial,99998,26.21081111,-80.14735278,Vehiculo en movimiento,Angulo,T-Intersection,Interseccion de T,Sobre calle,Ninguna,Atardecer,Despejado,No,NO APLICA,99,99,99,99,1,16/03/2022,3
12,Florida,120612,1,1,1,0,7,BRADFORD (7),0,NO APLICA,2,Febrero,21,2022,19,0,US-301,2,US Highway,Rural,Arteria Principal,State Highway Agency,1,Sin jurisdiccion especial,99998,29.86418889,-82.15321944,Peaton,El primer evento no fue una colision con un vehiculo automotor en transporte,Not an Intersection,No fue interseccion,Sobre calle,Ninguna,Atardecer,Despejado,No,NO APLICA,99,99,99,99,1,21/02/2022,1
12,Florida,120613,1,1,1,0,11,BROWARD (11),1050,FORT LAUDERDALE,3,Marzo,17,2022,22,23,US-1,2,US Highway,Urbano,Arteria Principal,State Highway Agency,1,Sin jurisdiccion especial,99998,26.10537222,-80.13681667,Peaton,El primer evento no fue una colision con un vehiculo automotor en transporte,Not an Intersection,No fue interseccion,Sobre calle,Ninguna,Oscuro con iluminacion,Despejado,No,NO APLICA,99,99,99,99,1,17/03/2022,1
12,Florida,120614,0,0,2,0,61,INDIAN RIVER (61),3070,VERO BEACH,3,Marzo,19,2022,10,9,43RD AVE,8,Otro,Urbano,Arteria Menor,City or Municipal Highway Agency,0,Sin jurisdiccion especial,99998,27.65791111,-80.43191944,Vehiculo en movimiento,Frente a frente,Not an Intersection,No fue interseccion,Sobre calle,Ninguna,Dia total,Despejado,No,NO APLICA,10,99,10,99,1,19/03/2022,4
12,Florida,120615,0,0,1,0,81,MANATEE (81),0,NO APLICA,3,Marzo,6,2022,3,34,63RD AVE E,8,Otro,Urbano,Colector Mayor,County Highway Agency,0,Sin jurisdiccion especial,99998,27.42910833,-82.55481389,Soporte de  señalamiento de transito,El primer evento no fue una colision con un vehiculo automotor en transporte,Four-Way Intersection,Interseccion de 4 direcciones,Sobre el lado de la calle,Ninguna,Oscuro sin iluminacion,Despejado,No,NO APLICA,99,99,99,99,1,06/03/2022,1
12,Florida,120616,1,1,1,0,57,HILLSBOROUGH (57),0,NO APLICA,3,Marzo,20,2022,0,12,VALRICO RD,9,Desconocido,Rural,Colector Menor,Not Reported,0,Sin jurisdiccion especial,99998,27.98955,-82.25395278,Otro objeto (no fijo),El primer evento no fue una colision con un vehiculo automotor en transporte,Not an Intersection,No fue interseccion,Fuera de la calle,Ninguna,Oscuro sin iluminacion,Despejado,No,NO APLICA,99,99,99,99,1,20/03/2022,1
12,Florida,120617,0,0,2,0,103,PINELLAS (103),0,NO APLICA,3,Marzo,15,2022,5,19,US-19,2,US Highway,Urbano,Arteria Principal,State Highway Agency,1,Sin jurisdiccion especial,99998,28.04988611,-82.73852222,Vehiculo en movimiento,Frente a Detrás,Not an Intersection,No fue interseccion,Sobre calle,Ninguna,Dia total,Despejado,No,NO APLICA,99,99,99,99,1,15/03/2022,2
12,Florida,120618,1,1,1,0,99,PALM BEACH (99),3190,WEST PALM BEACH,3,Marzo,9,2022,7,28,AUSTRALIAN AVE,6,Calle Local Municipalidad,Urbano,Arteria Menor,Not Reported,0,Sin jurisdiccion especial,99998,26.71418611,-80.06590556,Ciclista,El primer evento no fue una colision con un vehiculo automotor en transporte,Not an Intersection,No fue interseccion,Sobre calle,Ninguna,Dia total,Nublado,No,NO APLICA,99,99,99,99,1,09/03/2022,1
12,Florida,120619,0,0,2,0,99,PALM BEACH (99),3190,WEST PALM BEACH,3,Marzo,10,2022,6,29,SR-704,3,Highway estatal,Urbano,Arteria Principal,State Highway Agency,1,Sin jurisdiccion especial,99998,26.70879444,-80.17586389,Vehiculo en movimiento,Angulo,Four-Way Intersection,Interseccion de 4 direcciones,Sobre calle,Ninguna,Dia total,Nublado,No,NO APLICA,99,99,99,99,1,10/03/2022,2
12,Florida,120620,0,0,1,0,105,POLK (105),0,NO APLICA,3,Marzo,12,2022,7,4,SR-60,3,Highway estatal,Urbano,Arteria Principal,State Highway Agency,1,Sin jurisdiccion especial,99998,27.91003889,-81.68247778,Arbol,El primer evento no fue una colision con un vehiculo automotor en transporte,Not an Intersection,No fue interseccion,Sobre el lado de la calle,Ninguna,Dia total,Nublado,No,NO APLICA,99,99,99,99,1,12/03/2022,1
12,Florida,120621,1,1,1,0,81,MANATEE (81),0,NO APLICA,3,Marzo,13,2022,20,25,CR-6,4,Calle del Condado,Urbano,Colector Mayor,Not Reported,0,Sin jurisdiccion especial,99998,27.60135833,-82.52589444,Ciclista,El primer evento no fue una colision con un vehiculo automotor en transporte,Not an Intersection,No fue interseccion,Sobre calle,Ninguna,Oscuro sin iluminacion,Despejado,No,NO APLICA,99,99,99,99,1,13/03/2022,1
12,Florida,120622,0,0,2,0,33,ESCAMBIA (33),0,NO APLICA,3,Marzo,8,2022,13,36,SR-297,3,Highway estatal,Urbano,Arteria Principal,State Highway Agency,1,Sin jurisdiccion especial,99998,30.51961944,-87.31346944,Vehiculo en movimiento,Angulo,Four-Way Intersection,Interseccion de 4 direcciones,Sobre calle,Ninguna,Dia total,Nublado,No,NO APLICA,99,99,99,99,1,08/03/2022,2
12,Florida,120623,0,0,1,0,53,HERNANDO (53),2656,RIDGE MANOR,3,Marzo,12,2022,16,2,CR-575,4,Calle del Condado,Rural,Colector Mayor,Not Reported,0,Sin jurisdiccion especial,99998,28.495875,-82.15673889,Barda,El primer evento no fue una colision con un vehiculo automotor en transporte,Not an Intersection,No fue interseccion,Fuera de la calle,Ninguna,Dia total,Despejado,No,NO APLICA,99,99,99,99,1,12/03/2022,1
12,Florida,120624,0,0,2,0,47,HAMILTON (47),0,NO APLICA,3,Marzo,15,2022,15,10,CR-141,4,Calle del Condado,Rural,Colector Menor,Not Reported,0,Sin jurisdiccion especial,99998,30.52666944,-83.10255,Vehiculo en movimiento,Angulo,Four-Way Intersection,Interseccion de 4 direcciones,Sobre calle,Ninguna,Dia total,lluvia,No,NO APLICA,99,99,99,99,1,15/03/2022,2
12,Florida,120625,1,1,1,0,86,MIAMI-DADE (86),0,NO APLICA,3,Marzo,13,2022,1,9,SR-997,3,Highway estatal,Rural,Arteria Principal,State Highway Agency,1,Sin jurisdiccion especial,99998,25.85443056,-80.48401389,Peaton,El primer evento no fue una colision con un vehiculo automotor en transporte,Not an Intersection,No fue interseccion,Sobre calle,Ninguna,Oscuro con iluminacion,Despejado,No,NO APLICA,99,99,99,99,1,13/03/2022,1
12,Florida,120626,0,0,2,0,103,PINELLAS (103),2730,SAINT PETERSBURG,3,Marzo,14,2022,14,28,US-19,2,US Highway,Urbano,Arteria Menor,State Highway Agency,0,Sin jurisdiccion especial,99998,27.78345278,-82.71737222,Vehiculo en movimiento,Angulo,Four-Way Intersection,Interseccion de 4 direcciones,Sobre calle,Ninguna,Dia total,Despejado,No,NO APLICA,99,99,99,99,1,14/03/2022,3
12,Florida,120628,0,0,1,0,101,PASCO (101),0,NO APLICA,3,Marzo,12,2022,2,0,CRYSTAL SPRINGS RD,9,Desconocido,Urbano,Colector Mayor,Not Reported,0,Sin jurisdiccion especial,99998,28.19216667,-82.18400556,Arbol,El primer evento no fue una colision con un vehiculo automotor en transporte,Not an Intersection,No fue interseccion,Sobre el lado de la calle,Ninguna,Oscuro sin iluminacion,Despejado,No,NO APLICA,99,99,99,99,2,12/03/2022,2
12,Florida,120629,0,0,1,0,81,MANATEE (81),340,BRADENTON,2,Febrero,21,2022,20,35,75TH ST,6,Calle Local Municipalidad,Urbano,Colector Mayor,State Highway Agency,0,Sin jurisdiccion especial,99998,27.49496111,-82.63657778,Arbol,El primer evento no fue una colision con un vehiculo automotor en transporte,Not an Intersection,No fue interseccion,Sobre el lado de la calle,Ninguna,Oscuro con iluminacion,Despejado,No,NO APLICA,99,99,99,99,1,21/02/2022,1
12,Florida,120630,0,0,2,0,81,MANATEE (81),0,NO APLICA,3,Marzo,4,2022,6,30,US-41,2,US Highway,Urbano,Arteria Principal,State Highway Agency,1,Sin jurisdiccion especial,99998,27.53213889,-82.56078889,Vehiculo en movimiento,Angulo,Four-Way Intersection,Interseccion de 4 direcciones,Sobre calle,Ninguna,Dia total,Despejado,No,NO APLICA,99,99,99,99,1,04/03/2022,8