Estado,Nombre de Estado,Numero de Caso,Peatones,Personas _no_vehiculos,Vehiculos automotores,Vehiculos estacionados,Condado,Nombre Condado,Ciudad,Nombre Ciudad,Mes,Nombre Mes,Dia,Año,Hora,Minuto,Calle,Ruta,Nombre Ruta,Rural o Urbanoo,Sistema Funcional,Dueño Calle,Sistema Nacional Carreteras,Jurisdiccion Especial,Milla,Latitud,Longitud,Causa del Accidente,Tipo de Accidente,Tipo Interseccion,Columna1,Lugar en la calle,Zona de Trabajo,Luz,Clima,Autobus Escolar,Cruce de Trenes,Hora Notificacion,Minuto Notificacion,Hora Llegada,Minuto Llegada,Decesos,Fecha,PersonaVehiculo
12,Florida,120631,1,1,1,0,99,PALM BEACH (99),3190,WEST PALM BEACH,3,Marzo,4,2022,23,51,45TH ST,6,Calle Local Municipalidad,Urbano,Colector Menor,Not Reported,0,Sin jurisdiccion especial,99998,26.75885,-80.08866667,Peaton,El primer evento no fue una colision con un vehiculo automotor en transporte,Four-Way Intersection,Interseccion de 4 direcciones,Sobre calle,Ninguna,Oscuro sin iluminacion,Despejado,No,NO APLICA,99,99,99,99,1,04/03/2022,1
12,Florida,120632,0,0,1,0,71,LEE (71),0,NO APLICA,3,Marzo,19,2022,21,38,TREELINE AVE,9,Desconocido,Rural,Local,Not Reported,0,Sin jurisdiccion especial,99998,26.54926389,-81.7866,Poste,El primer evento no fue una colision con un vehiculo automotor en transporte,Not an Intersection,No fue interseccion,Sobre el lado de la calle,Ninguna,Oscuro con iluminacion,Despejado,No,NO APLICA,99,99,99,99,1,19/03/2022,1
12,Florida,120633,0,0,1,0,127,VOLUSIA (127),780,DAYTONA BEACH,3,Marzo,13,2022,4,43,MIDWAY AVE,6,Calle Local Municipalidad,Urbano,Arteria Menor,Not Reported,0,Sin jurisdiccion especial,99998,29.18081944,-81.06371111,Banqueta,El primer evento no fue una colision con un vehiculo automotor en transporte,Not an Intersection,No fue interseccion,Sobre el lado de la calle,Ninguna,Oscuro con iluminacion,Despejado,No,NO APLICA,99,99,99,99,1,13/03/2022,1
12,Florida,120634,0,0,2,0,127,VOLUSIA (127),780,DAYTONA BEACH,3,Marzo,20,2022,20,52,SENECA ST,6,Calle Local Municipalidad,Urbano,Colector Menor,Not Reported,0,Sin jurisdiccion especial,99998,29.20531667,-81.04604444,Vehiculo en movimiento,Angulo,Four-Way Intersection,Interseccion de 4 direcciones,Sobre calle,Ninguna,Oscuro con iluminacion,Nublado,No,NO APLICA,99,99,99,99,1,20/03/2022,2
12,Florida,120635,0,0,2,1,86,MIAMI-DADE (86),2010,MIAMI,3,Marzo,16,2022,22,32,56TH ST,6,Calle Local Municipalidad,Urbano,Local,Not Reported,0,Sin jurisdiccion especial,99998,25.82688611,-80.21684722,Banqueta,El primer evento no fue una colision con un vehiculo automotor en transporte,Not an Intersection,No fue interseccion,Sobre el lado de la calle,Ninguna,Oscuro con iluminacion,Despejado,No,NO APLICA,99,99,99,99,1,16/03/2022,1
12,Florida,120636,1,1,1,0,99,PALM BEACH (99),0,NO APLICA,3,Marzo,18,2022,16,30,CORAL LAKES DR,9,Desconocido,Urbano,Local,Not Reported,0,Sin jurisdiccion especial,99998,26.49066111,-80.14348056,Peaton,El primer evento no fue una colision con un vehiculo automotor en transporte,Not an Intersection,No fue interseccion,Sobre calle,Ninguna,Dia total,Despejado,No,NO APLICA,99,99,99,99,1,18/03/2022,1
12,Florida,120637,0,0,2,0,19,CLAY (19),0,NO APLICA,3,Marzo,17,2022,1,30,US-17,2,US Highway,Rural,Arteria Principal,State Highway Agency,1,Sin jurisdiccion especial,99998,29.938925,-81.68701667,Vehiculo en movimiento,Frente a frente,Not an Intersection,No fue interseccion,Sobre calle,Ninguna,Oscuro sin iluminacion,Despejado,No,NO APLICA,99,99,99,99,1,17/03/2022,2
12,Florida,120638,0,0,1,0,121,SUWANNEE (121),0,NO APLICA,3,Marzo,13,2022,6,35,67TH RD,9,Desconocido,Rural,Colector Menor,Not Reported,0,Sin jurisdiccion especial,99998,29.99995556,-82.87779722,Barda,El primer evento no fue una colision con un vehiculo automotor en transporte,T-Intersection,Interseccion de T,Sobre el lado de la calle,Ninguna,Oscuro sin iluminacion,Despejado,No,NO APLICA,99,99,99,99,1,13/03/2022,1
12,Florida,120639,1,1,1,0,35,FLAGLER (35),1020,FLAGLER BEACH,3,Marzo,21,2022,20,7,SR-A1A,3,Highway estatal,Urbano,Arteria Menor,State Highway Agency,0,Sin jurisdiccion especial,99998,29.43898889,-81.10869722,Peaton,El primer evento no fue una colision con un vehiculo automotor en transporte,T-Intersection,Interseccion de T,Sobre calle,Ninguna,Oscuro sin iluminacion,Despejado,No,NO APLICA,99,99,99,99,1,21/03/2022,1
12,Florida,120641,1,1,1,0,103,PINELLAS (103),2730,SAINT PETERSBURG,3,Marzo,21,2022,8,47,1ST AVE,6,Calle Local Municipalidad,Urbano,Arteria Menor,Not Reported,0,Sin jurisdiccion especial,99998,27.77034167,-82.64116667,Peaton,El primer evento no fue una colision con un vehiculo automotor en transporte,Not an Intersection,No fue interseccion,Sobre calle,Ninguna,Dia total,Despejado,No,NO APLICA,99,99,99,99,1,21/03/2022,1
12,Florida,120642,0,0,1,0,1,ALACHUA (1),0,NO APLICA,3,Marzo,12,2022,12,55,CR-234,4,Calle del Condado,Rural,Colector Mayor,Not Reported,0,Sin jurisdiccion especial,99998,29.66573056,-82.18471111,Arbol,El primer evento no fue una colision con un vehiculo automotor en transporte,Not an Intersection,No fue interseccion,"Fuera de la calle, ubicacion desconocida",Ninguna,Dia total,Despejado,No,NO APLICA,99,99,99,99,1,12/03/2022,1
12,Florida,120643,0,0,1,0,19,CLAY (19),0,NO APLICA,3,Marzo,10,2022,5,45,US-17,2,US Highway,Rural,Arteria Principal,State Highway Agency,1,Sin jurisdiccion especial,99998,29.94731944,-81.67936944,Valla para choques,El primer evento no fue una colision con un vehiculo automotor en transporte,Not an Intersection,No fue interseccion,Sobre el lado de la calle,"Zona de trabajo, tipo desconocido",Oscuro sin iluminacion,lluvia,No,NO APLICA,99,99,99,99,1,10/03/2022,1
12,Florida,120644,1,1,1,0,105,POLK (105),0,NO APLICA,3,Marzo,15,2022,6,16,SR-540,3,Highway estatal,Urbano,Arteria Principal,State Highway Agency,1,Sin jurisdiccion especial,99998,27.98525833,-81.68573889,No vehiculo o remolque,El primer evento no fue una colision con un vehiculo automotor en transporte,Not an Intersection,No fue interseccion,Sobre calle,Ninguna,Oscuro sin iluminacion,Despejado,No,NO APLICA,99,99,99,99,1,15/03/2022,1
12,Florida,120645,0,0,2,0,127,VOLUSIA (127),780,DAYTONA BEACH,3,Marzo,13,2022,11,29,SR-430,3,Highway estatal,Urbano,Arteria Menor,State Highway Agency,0,Sin jurisdiccion especial,99998,29.22655833,-81.03118056,Vehiculo en movimiento,Angulo,Four-Way Intersection,Interseccion de 4 direcciones,Sobre calle,Ninguna,Dia total,Despejado,No,NO APLICA,99,99,99,99,1,13/03/2022,3
12,Florida,120647,1,1,1,0,9,BREVARD (9),1990,MELBOURNE,3,Marzo,10,2022,19,25,SR-A1A,3,Highway estatal,Urbano,Arteria Principal,State Highway Agency,1,Sin jurisdiccion especial,99998,28.12821944,-80.57836944,Peaton,El primer evento no fue una colision con un vehiculo automotor en transporte,Not an Intersection,No fue interseccion,Sobre calle,Ninguna,Oscuro con iluminacion,lluvia,No,NO APLICA,99,99,99,99,1,10/03/2022,1
12,Florida,120648,0,0,2,0,9,BREVARD (9),0,NO APLICA,3,Marzo,4,2022,19,56,I-95,1,Interestatal,Urbano,Interestatal,State Highway Agency,1,Sin jurisdiccion especial,99998,28.07211111,-80.70491111,Volcadura,El primer evento no fue una colision con un vehiculo automotor en transporte,Not an Intersection,No fue interseccion,Sobre calle,Ninguna,Oscuro con iluminacion,Despejado,No,NO APLICA,99,99,99,99,1,04/03/2022,3
12,Florida,120649,0,0,2,0,95,ORANGE (95),0,NO APLICA,3,Marzo,14,2022,19,30,CR-423,4,Calle del Condado,Urbano,Arteria Principal,Not Reported,0,Sin jurisdiccion especial,99998,28.41651667,-81.42290833,Vehiculo en movimiento,Angulo,Four-Way Intersection,Interseccion de 4 direcciones,Sobre calle,Ninguna,Atardecer,Despejado,No,NO APLICA,99,99,99,99,1,14/03/2022,3
12,Florida,120650,0,0,2,0,27,DE SOTO (27),0,NO APLICA,3,Marzo,14,2022,7,53,SR-70,3,Highway estatal,Rural,Arteria Principal,State Highway Agency,1,Sin jurisdiccion especial,99998,27.28485833,-82.038775,Vehiculo en movimiento,Frente a frente,Not an Intersection,No fue interseccion,Sobre calle,Ninguna,Dia total,Despejado,No,NO APLICA,99,99,99,99,1,14/03/2022,2
12,Florida,120651,0,0,2,0,103,PINELLAS (103),2530,PINELLAS PARK,3,Marzo,19,2022,19,36,US-19,2,US Highway,Urbano,Arteria Principal,State Highway Agency,1,Sin jurisdiccion especial,99998,27.87757222,-82.71128611,Vehiculo en movimiento,Frente a Detrás,T-Intersection,Interseccion de T,Sobre calle,Ninguna,Oscuro con iluminacion,Despejado,No,NO APLICA,99,99,99,99,1,19/03/2022,2
12,Florida,120652,0,0,1,0,15,CHARLOTTE (15),0,NO APLICA,3,Marzo,17,2022,18,51,28072 MERCHANTILE AVE,6,Calle Local Municipalidad,Rural,Local,Not Reported,0,Sin jurisdiccion especial,99998,26.93497778,-81.98391944,Volcadura,El primer evento no fue una colision con un vehiculo automotor en transporte,Not an Intersection,No fue interseccion,Sobre calle,Ninguna,Dia total,Despejado,No,NO APLICA,99,99,99,99,1,17/03/2022,1
12,Florida,120653,0,0,1,0,95,ORANGE (95),0,NO APLICA,3,Marzo,4,2022,6,55,AVALON PARK BOULEVARD,9,Desconocido,Urbano,Colector Mayor,County Highway Agency,0,Sin jurisdiccion especial,99998,28.55513611,-81.16490833,Banqueta,El primer evento no fue una colision con un vehiculo automotor en transporte,Not an Intersection,No fue interseccion,Sobre el lado de la calle,Ninguna,Dia total,Despejado,No,NO APLICA,99,99,99,99,1,04/03/2022,1
12,Florida,120654,0,0,1,0,57,HILLSBOROUGH (57),0,NO APLICA,3,Marzo,24,2022,1,0,CR-672,4,Calle del Condado,Rural,Colector Mayor,Not Reported,0,Sin jurisdiccion especial,99998,27.76259167,-82.18418056,Animal vivo,El primer evento no fue una colision con un vehiculo automotor en transporte,Not an Intersection,No fue interseccion,Sobre calle,Ninguna,Oscuro sin iluminacion,Despejado,No,NO APLICA,99,99,99,99,1,24/03/2022,1
12,Florida,120655,1,1,1,0,115,SARASOTA (115),0,NO APLICA,2,Febrero,25,2022,19,44,US-41,2,US Highway,Urbano,Arteria Principal,State Highway Agency,1,Sin jurisdiccion especial,99998,27.1562,-82.46968611,Peaton,El primer evento no fue una colision con un vehiculo automotor en transporte,Not an Intersection,No fue interseccion,Sobre calle,Ninguna,Oscuro sin iluminacion,Despejado,No,NO APLICA,99,99,99,99,1,25/02/2022,3
12,Florida,120656,1,1,1,0,99,PALM BEACH (99),290,BOCA RATON,3,Marzo,3,2022,23,37,I-95,1,Interestatal,Urbano,Interestatal,State Highway Agency,1,Sin jurisdiccion especial,99998,26.40163611,-80.08986389,Peaton,El primer evento no fue una colision con un vehiculo automotor en transporte,Not an Intersection,No fue interseccion,Sobre calle,Ninguna,Oscuro con iluminacion,Despejado,No,NO APLICA,99,99,99,99,1,03/03/2022,1
12,Florida,120657,0,0,2,0,21,COLLIER (21),0,NO APLICA,3,Marzo,11,2022,17,46,CR-846,4,Calle del Condado,Urbano,Colector Mayor,Not Reported,0,Sin jurisdiccion especial,99998,26.27308056,-81.67311944,Vehiculo en movimiento,Angulo,Four-Way Intersection,Interseccion de 4 direcciones,Sobre calle,Ninguna,Atardecer,Despejado,No,NO APLICA,99,99,99,99,1,11/03/2022,2
12,Florida,120658,0,0,1,0,69,LAKE (69),0,NO APLICA,3,Marzo,6,2022,10,40,AUSTIN MERRITT RD,9,Desconocido,Rural,Colector Menor,Not Reported,0,Sin jurisdiccion especial,99998,28.67165,-81.91308889,Volcadura,El primer evento no fue una colision con un vehiculo automotor en transporte,Not an Intersection,No fue interseccion,Sobre el lado de la calle,Ninguna,Dia total,Despejado,No,NO APLICA,99,99,99,99,1,06/03/2022,1
12,Florida,120659,0,0,2,0,95,ORANGE (95),0,NO APLICA,3,Marzo,5,2022,7,0,CR-526,4,Calle del Condado,Urbano,Arteria Menor,Not Reported,0,Sin jurisdiccion especial,99998,28.54043333,-81.48828056,Vehiculo en movimiento,Angulo,Four-Way Intersection,Interseccion de 4 direcciones,Sobre calle,Ninguna,Dia total,Despejado,No,NO APLICA,99,99,99,99,1,05/03/2022,3
12,Florida,120660,0,0,3,0,19,CLAY (19),0,NO APLICA,3,Marzo,19,2022,6,0,US-301,2,US Highway,Rural,Arteria Principal,State Highway Agency,1,Sin jurisdiccion especial,99998,30.15221667,-82.03262222,Vehiculo en movimiento,Frente a Detrás,Four-Way Intersection,Interseccion de 4 direcciones,Sobre calle,Ninguna,Oscuro con iluminacion,Despejado,No,NO APLICA,99,99,99,99,2,19/03/2022,12
12,Florida,120661,0,0,1,0,127,VOLUSIA (127),0,NO APLICA,3,Marzo,9,2022,4,10,CR-4118,4,Calle del Condado,Urbano,Colector Mayor,Not Reported,0,Sin jurisdiccion especial,99998,29.05118889,-81.039475,Culvert,El primer evento no fue una colision con un vehiculo automotor en transporte,Not an Intersection,No fue interseccion,Sobre el lado de la calle,Ninguna,Oscuro sin iluminacion,Despejado,No,NO APLICA,99,99,99,99,1,09/03/2022,1
12,Florida,120662,0,0,3,0,127,VOLUSIA (127),0,NO APLICA,3,Marzo,3,2022,1,56,I-95,1,Interestatal,Urbano,Interestatal,State Highway Agency,1,Sin jurisdiccion especial,99998,28.95713056,-80.95335,Vehiculo en movimiento,Frente a Detrás,Not an Intersection,No fue interseccion,Sobre calle,Ninguna,Oscuro con iluminacion,Neblina o Humo,No,NO APLICA,99,99,99,99,1,03/03/2022,7
12,Florida,120663,1,1,1,0,9,BREVARD (9),2424,PALM BAY,3,Marzo,9,2022,22,52,SR-507,3,Highway estatal,Urbano,Colector Mayor,Not Reported,0,Sin jurisdiccion especial,99998,27.94593333,-80.62268056,Otro objeto (no fijo),El primer evento no fue una colision con un vehiculo automotor en transporte,Not an Intersection,No fue interseccion,Sobre calle,Ninguna,Oscuro sin iluminacion,Despejado,No,NO APLICA,99,99,99,99,1,09/03/2022,1
12,Florida,120664,0,0,4,0,11,BROWARD (11),1050,FORT LAUDERDALE,3,Marzo,12,2022,2,53,I-95,1,Interestatal,Urbano,Interestatal,State Highway Agency,1,Sin jurisdiccion especial,99998,26.19771667,-80.14968611,Valla Ferrocarril,El primer evento no fue una colision con un vehiculo automotor en transporte,Not an Intersection,No fue interseccion,Sobre el lado de la calle,Ninguna,Oscuro con iluminacion,Despejado,No,NO APLICA,99,99,99,99,1,12/03/2022,7
12,Florida,120665,0,0,2,0,95,ORANGE (95),0,NO APLICA,3,Marzo,15,2022,20,30,SR-520,3,Highway estatal,Rural,Arteria Principal,State Highway Agency,1,Sin jurisdiccion especial,99998,28.38163889,-80.92041944,Vehiculo en movimiento,Angulo,T-Intersection,Interseccion de T,Sobre calle,Ninguna,Oscuro sin iluminacion,Despejado,No,NO APLICA,99,99,99,99,1,15/03/2022,2
12,Florida,120666,0,0,6,0,127,VOLUSIA (127),0,NO APLICA,3,Marzo,3,2022,1,33,I-95,1,Interestatal,Urbano,Interestatal,State Highway Agency,1,Sin jurisdiccion especial,99998,28.95713056,-80.95335,Vehiculo en movimiento,Frente a Detrás,Not an Intersection,No fue interseccion,Sobre calle,Ninguna,Oscuro con iluminacion,Neblina o Humo,No,NO APLICA,99,99,99,99,2,03/03/2022,7
12,Florida,120667,0,0,3,0,101,PASCO (101),0,NO APLICA,2,Febrero,20,2022,20,33,US-19,2,US Highway,Urbano,Arteria Principal,State Highway Agency,1,Sin jurisdiccion especial,99998,28.38246111,-82.67578889,Vehiculo en movimiento,Angulo,T-Intersection,Interseccion de T,Sobre calle,Ninguna,Oscuro con iluminacion,Despejado,No,NO APLICA,99,99,99,99,1,20/02/2022,4
12,Florida,120668,2,2,1,0,27,DE SOTO (27),80,ARCADIA,3,Marzo,16,2022,16,31,SR-70,3,Highway estatal,Urbano,Arteria Principal,State Highway Agency,1,Sin jurisdiccion especial,99998,27.21163333,-81.85291667,Banqueta,El primer evento no fue una colision con un vehiculo automotor en transporte,Not an Intersection,No fue interseccion,Sobre el lado de la calle,Ninguna,Dia total,Despejado,No,NO APLICA,99,99,99,99,1,16/03/2022,1
12,Florida,120669,1,1,1,0,15,CHARLOTTE (15),0,NO APLICA,3,Marzo,17,2022,21,30,REGINA DRIVE,9,Desconocido,Urbano,Local,Not Reported,0,Sin jurisdiccion especial,99998,26.9324,-82.27943889,Banqueta,El primer evento no fue una colision con un vehiculo automotor en transporte,Four-Way Intersection,Interseccion de 4 direcciones,Sobre el lado de la calle,Ninguna,Oscuro con iluminacion,Despejado,No,NO APLICA,99,99,99,99,1,17/03/2022,1
12,Florida,120670,0,0,2,0,31,DUVAL (31),1510,JACKSONVILLE,3,Marzo,24,2022,21,50,SR-111,3,Highway estatal,Urbano,Arteria Menor,State Highway Agency,0,Sin jurisdiccion especial,99998,30.30874444,-81.73066111,Vehiculo en movimiento,Frente a frente,Not an Intersection,No fue interseccion,Sobre calle,Ninguna,Oscuro con iluminacion,lluvia,No,NO APLICA,99,99,99,99,1,24/03/2022,2
12,Florida,120671,1,1,1,0,31,DUVAL (31),1510,JACKSONVILLE,3,Marzo,3,2022,20,18,SR-109,3,Highway estatal,Urbano,Arteria Menor,State Highway Agency,0,Sin jurisdiccion especial,99998,30.29228056,-81.60195556,No vehiculo o remolque,El primer evento no fue una colision con un vehiculo automotor en transporte,Four-Way Intersection,Interseccion de 4 direcciones,Sobre calle,Ninguna,Oscuro con iluminacion,Despejado,No,NO APLICA,99,99,99,99,1,03/03/2022,2
12,Florida,120672,0,0,2,0,95,ORANGE (95),0,NO APLICA,3,Marzo,13,2022,9,0,I-4,1,Interestatal,Urbano,Interestatal,State Highway Agency,1,Sin jurisdiccion especial,99998,28.3992,-81.48493889,Vehiculo en movimiento,Frente a frente,Not an Intersection,No fue interseccion,Sobre calle,Ninguna,Dia total,Despejado,No,NO APLICA,99,99,99,99,1,13/03/2022,4
12,Florida,120674,0,0,1,0,86,MIAMI-DADE (86),0,NO APLICA,2,Febrero,24,2022,15,4,72ND ST,6,Calle Local Municipalidad,Urbano,Colector Menor,Not Reported,0,Sin jurisdiccion especial,99998,25.70035,-80.40151389,Arbol,El primer evento no fue una colision con un vehiculo automotor en transporte,Not an Intersection,No fue interseccion,En el medio,Ninguna,Dia total,Despejado,No,NO APLICA,99,99,99,99,1,24/02/2022,1
12,Florida,120676,1,1,1,0,86,MIAMI-DADE (86),2010,MIAMI,3,Marzo,14,2022,11,21,US-41,2,US Highway,Urbano,Arteria Principal,State Highway Agency,1,Sin jurisdiccion especial,99998,25.76709444,-80.20266944,Peaton,El primer evento no fue una colision con un vehiculo automotor en transporte,Four-Way Intersection,Interseccion de 4 direcciones,Sobre calle,Ninguna,Dia total,Despejado,No,NO APLICA,99,99,99,99,1,14/03/2022,1
12,Florida,120677,0,0,2,0,11,BROWARD (11),0,NO APLICA,3,Marzo,8,2022,14,40,US-27,2,US Highway,Rural,Arteria Principal,State Highway Agency,1,Sin jurisdiccion especial,99998,26.33386667,-80.53690278,Vehiculo en movimiento,Frente a Detrás,Not an Intersection,No fue interseccion,Sobre calle,Ninguna,Dia total,Despejado,No,NO APLICA,99,99,99,99,1,08/03/2022,10
12,Florida,120678,1,1,1,0,19,CLAY (19),0,NO APLICA,3,Marzo,8,2022,19,12,WELLS RD,9,Desconocido,Urbano,Arteria Menor,Not Reported,0,Sin jurisdiccion especial,99998,30.18694722,-81.72500833,Peaton,El primer evento no fue una colision con un vehiculo automotor en transporte,Four-Way Intersection,Interseccion de 4 direcciones,Sobre calle,Ninguna,Oscuro con iluminacion,Despejado,No,NO APLICA,99,99,99,99,1,08/03/2022,1
12,Florida,120679,0,0,1,0,83,MARION (83),2270,OCALA,3,Marzo,15,2022,8,12,14TH PL,6,Calle Local Municipalidad,Rural,Local,Not Reported,0,Sin jurisdiccion especial,99998,29.20141944,-82.06236944,Edificio,El primer evento no fue una colision con un vehiculo automotor en transporte,T-Intersection,Interseccion de T,Fuera de la calle,Ninguna,Dia total,lluvia,No,NO APLICA,99,99,99,99,1,15/03/2022,1
12,Florida,120681,1,1,1,0,11,BROWARD (11),1782,LAUDERHILL,3,Marzo,6,2022,3,16,SR-842,3,Highway estatal,Urbano,Arteria Principal,State Highway Agency,1,Sin jurisdiccion especial,99998,26.12129722,-80.18993333,Peaton,El primer evento no fue una colision con un vehiculo automotor en transporte,Not an Intersection,No fue interseccion,Sobre calle,Ninguna,Oscuro con iluminacion,Despejado,No,NO APLICA,99,99,99,99,1,06/03/2022,1
12,Florida,120682,0,0,2,0,131,WALTON (131),800,DE FUNIAK SPRINGS,3,Marzo,18,2022,20,17,US-331,2,US Highway,Urbano,Arteria Principal,State Highway Agency,1,Sin jurisdiccion especial,99998,30.71965833,-86.12138056,Vehiculo en movimiento,Frente a Detrás,Four-Way Intersection,Interseccion de 4 direcciones,Sobre calle,Ninguna,Oscuro con iluminacion,Nublado,No,NO APLICA,99,99,99,99,1,18/03/2022,3
12,Florida,120684,1,1,1,0,11,BROWARD (11),1420,HOLLYWOOD,3,Marzo,23,2022,1,20,SR-91,3,Highway estatal,Urbano,Arterial Principal -Freeway o ExpressWay,State Highway Agency,1,Sin jurisdiccion especial,99998,26.00807778,-80.21383611,Peaton,El primer evento no fue una colision con un vehiculo automotor en transporte,Not an Intersection,No fue interseccion,Sobre calle,Ninguna,Oscuro sin iluminacion,Despejado,No,NO APLICA,99,99,99,99,1,23/03/2022,1
12,Florida,120685,0,0,2,0,99,PALM BEACH (99),0,NO APLICA,3,Marzo,17,2022,20,28,SR-710,3,Highway estatal,Rural,Arteria Principal,State Highway Agency,1,Sin jurisdiccion especial,99998,26.88989167,-80.27188056,Vehiculo en movimiento,Frente a Detrás,Not an Intersection,No fue interseccion,Sobre calle,Ninguna,Oscuro sin iluminacion,Despejado,No,NO APLICA,99,99,99,99,1,17/03/2022,2
12,Florida,120686,0,0,1,0,11,BROWARD (11),1050,FORT LAUDERDALE,2,Febrero,6,2022,4,57,I-95 RAMP,1,Interestatal,Urbano,Interestatal,State Highway Agency,1,Sin jurisdiccion especial,99998,26.12161944,-80.16856944,Poste,El primer evento no fue una colision con un vehiculo automotor en transporte,Not an Intersection,No fue interseccion,Sobre el lado de la calle,Ninguna,Oscuro con iluminacion,lluvia,No,NO APLICA,99,99,99,99,1,06/02/2022,3
12,Florida,120687,1,1,2,0,11,BROWARD (11),0,NO APLICA,3,Marzo,26,2022,17,47,SR-838,3,Highway estatal,Urbano,Arteria Principal,State Highway Agency,1,Sin jurisdiccion especial,99998,26.13641944,-80.17830556,Ciclista,El primer evento no fue una colision con un vehiculo automotor en transporte,Four-Way Intersection,Interseccion de 4 direcciones,Sobre calle,Ninguna,Dia total,Despejado,No,NO APLICA,99,99,99,99,2,26/03/2022,3
12,Florida,120688,1,1,1,0,99,PALM BEACH (99),3190,WEST PALM BEACH,3,Marzo,26,2022,2,59,US-1,2,US Highway,Urbano,Arteria Menor,State Highway Agency,0,Sin jurisdiccion especial,99998,26.65218889,-80.05607222,Peaton,El primer evento no fue una colision con un vehiculo automotor en transporte,Not an Intersection,No fue interseccion,Sobre calle,Ninguna,Oscuro con iluminacion,Despejado,No,NO APLICA,99,99,99,99,1,26/03/2022,1
12,Florida,120689,0,0,1,0,105,POLK (105),1690,LAKELAND,3,Marzo,27,2022,1,30,HALLAM DR,8,Otro,Urbano,Local,City or Municipal Highway Agency,0,Sin jurisdiccion especial,99998,27.98210556,-81.92898889,Valla Ferrocarril,El primer evento no fue una colision con un vehiculo automotor en transporte,Not an Intersection,No fue interseccion,Sobre el lado de la calle,Ninguna,Oscuro con iluminacion,Despejado,No,NO APLICA,99,99,99,99,1,27/03/2022,1
12,Florida,120690,0,0,2,0,57,HILLSBOROUGH (57),0,NO APLICA,3,Marzo,18,2022,17,55,SR-580,3,Highway estatal,Urbano,Arteria Principal,State Highway Agency,1,Sin jurisdiccion especial,99998,28.01646944,-82.505,Vehiculo en movimiento,Angulo,T-Intersection,Interseccion de T,Sobre calle,Ninguna,Dia total,Despejado,No,NO APLICA,99,99,99,99,1,18/03/2022,2
12,Florida,120691,0,0,3,0,86,MIAMI-DADE (86),2010,MIAMI,3,Marzo,12,2022,0,50,I-195,1,Interestatal,Urbano,Interestatal,State Highway Agency,1,Sin jurisdiccion especial,99998,25.81148056,-80.18700278,Vehiculo en movimiento,Golpe Lateral - misma direccion,Not an Intersection,No fue interseccion,Sobre calle,Ninguna,Oscuro con iluminacion,Despejado,No,NO APLICA,99,99,99,99,1,12/03/2022,3
12,Florida,120692,1,1,1,0,1,ALACHUA (1),0,NO APLICA,3,Marzo,15,2022,19,0,CR-232,4,Calle del Condado,Rural,Colector Mayor,Not Reported,0,Sin jurisdiccion especial,99998,29.71623056,-82.46578056,Peaton,El primer evento no fue una colision con un vehiculo automotor en transporte,Not an Intersection,No fue interseccion,Sobre el lado de la calle,Ninguna,Atardecer,lluvia,No,NO APLICA,99,99,99,99,1,15/03/2022,1
12,Florida,120693,0,0,2,0,29,DIXIE (29),0,NO APLICA,3,Marzo,14,2022,17,5,389TH AVE,9,Desconocido,Rural,Colector Menor,State Highway Agency,0,Sin jurisdiccion especial,99998,29.68415833,-82.99965,Vehiculo en movimiento,Frente a frente,Not an Intersection,No fue interseccion,Sobre calle,Ninguna,Dia total,Despejado,No,NO APLICA,99,99,99,99,1,14/03/2022,3
12,Florida,120694,1,1,1,0,83,MARION (83),0,NO APLICA,3,Marzo,21,2022,5,2,SR-40,3,Highway estatal,Urbano,Arteria Principal,State Highway Agency,1,Sin jurisdiccion especial,99998,29.21186944,-82.06401111,Peaton,El primer evento no fue una colision con un vehiculo automotor en transporte,Not an Intersection,No fue interseccion,Sobre calle,Ninguna,Oscuro con iluminacion,Despejado,No,NO APLICA,99,99,99,99,1,21/03/2022,1
12,Florida,120695,0,0,2,1,11,BROWARD (11),771,DAVIE,2,Febrero,12,2022,5,9,I-595,1,Interestatal,Urbano,Interestatal,State Highway Agency,1,Sin jurisdiccion especial,99998,26.10286111,-80.26625556,Vehiculo Aparcado,El primer evento no fue una colision con un vehiculo automotor en transporte,Not an Intersection,No fue interseccion,Sobre calle,Ninguna,Oscuro con iluminacion,Despejado,No,NO APLICA,99,99,99,99,1,12/02/2022,1
12,Florida,120696,0,0,2,0,79,MADISON (79),0,NO APLICA,3,Marzo,10,2022,5,35,SR-145,3,Highway estatal,Rural,Arteria Menor,State Highway Agency,0,Sin jurisdiccion especial,99998,30.5825,-83.35498056,Vehiculo en movimiento,Angulo,Four-Way Intersection,Interseccion de 4 direcciones,Sobre calle,Ninguna,Oscuro sin iluminacion,Nublado,No,NO APLICA,99,99,99,99,1,10/03/2022,2
12,Florida,120697,0,0,2,0,99,PALM BEACH (99),2446,PALM SPRINGS,2,Febrero,5,2022,14,41,10TH AVE N,8,Otro,Urbano,Arteria Menor,County Highway Agency,0,Sin jurisdiccion especial,99998,26.629375,-80.10992778,Vehiculo en movimiento,Angulo,Not an Intersection,No fue interseccion,Sobre calle,Ninguna,Dia total,Nublado,No,NO APLICA,99,99,99,99,1,05/02/2022,3