Estado,Nombre de Estado,Numero de Caso,Peatones,Personas _no_vehiculos,Vehiculos automotores,Vehiculos estacionados,Condado,Nombre Condado,Ciudad,Nombre Ciudad,Mes,Nombre Mes,Dia,Año,Hora,Minuto,Calle,Ruta,Nombre Ruta,Rural o Urbanoo,Sistema Funcional,Dueño Calle,Sistema Nacional Carreteras,Jurisdiccion Especial,Milla,Latitud,Longitud,Causa del Accidente,Tipo de Accidente,Tipo Interseccion,Columna1,Lugar en la calle,Zona de Trabajo,Luz,Clima,Autobus Escolar,Cruce de Trenes,Hora Notificacion,Minuto Notificacion,Hora Llegada,Minuto Llegada,Decesos,Fecha,PersonaVehiculo
12,Florida,120698,4,4,1,0,99,PALM BEACH (99),2674,ROYAL PALM BEACH,3,Marzo,22,2022,6,49,CRESTWOOD BLVD,6,Calle Local Municipalidad,Urbano,Colector Mayor,Not Reported,0,Sin jurisdiccion especial,99998,26.68734167,-80.24488333,Banqueta,El primer evento no fue una colision con un vehiculo automotor en transporte,T-Intersection,Interseccion de T,Sobre el lado de la calle,Ninguna,Oscuro - iluminacion desconocida,Despejado,No,NO APLICA,99,99,99,99,2,22/03/2022,1
12,Florida,120700,0,0,2,0,119,SUMTER (119),0,NO APLICA,3,Marzo,25,2022,6,50,US-301,2,US Highway,Rural,Arteria Principal,State Highway Agency,1,Sin jurisdiccion especial,99998,28.66853333,-82.10431111,Vehiculo en movimiento,Frente a frente,Four-Way Intersection,Interseccion de 4 direcciones,Sobre calle,Ninguna,Oscuro sin iluminacion,Nublado,No,NO APLICA,6,54,6,59,1,25/03/2022,2
12,Florida,120701,0,0,1,0,57,HILLSBOROUGH (57),0,NO APLICA,3,Marzo,23,2022,20,48,BONITA DR,8,Otro,Urbano,Local,County Highway Agency,0,Sin jurisdiccion especial,99998,27.67953056,-82.34470556,Arbol,El primer evento no fue una colision con un vehiculo automotor en transporte,Not an Intersection,No fue interseccion,Sobre el lado de la calle,Ninguna,Oscuro sin iluminacion,Despejado,No,NO APLICA,99,99,99,99,1,23/03/2022,1
12,Florida,120702,0,0,4,0,95,ORANGE (95),0,NO APLICA,3,Marzo,26,2022,11,7,SR-527,3,Highway estatal,Urbano,Arteria Principal,State Highway Agency,1,Sin jurisdiccion especial,99998,28.48433333,-81.37193889,Vehiculo en movimiento,Golpe Lateral - misma direccion,Not an Intersection,No fue interseccion,Sobre calle,Ninguna,Dia total,Despejado,No,NO APLICA,99,99,99,99,1,26/03/2022,7
12,Florida,120703,0,0,3,0,127,VOLUSIA (127),2375,ORMOND BEACH,3,Marzo,25,2022,20,20,US-1,2,US Highway,Urbano,Arteria Principal,State Highway Agency,1,Sin jurisdiccion especial,99998,29.28378056,-81.06248611,Vehiculo en movimiento,Frente a Detrás,Not an Intersection,No fue interseccion,Sobre calle,Ninguna,Oscuro con iluminacion,Despejado,No,NO APLICA,99,99,99,99,1,25/03/2022,6
12,Florida,120704,0,0,2,0,107,PUTNAM (107),0,NO APLICA,3,Marzo,23,2022,18,5,US-17,2,US Highway,Rural,Arteria Principal,State Highway Agency,1,Sin jurisdiccion especial,99998,29.77429722,-81.63949722,Vehiculo en movimiento,Frente a Detrás,Not an Intersection,No fue interseccion,Sobre calle,Ninguna,Dia total,Nublado,No,NO APLICA,99,99,99,99,1,23/03/2022,2
12,Florida,120705,0,0,2,0,71,LEE (71),0,NO APLICA,3,Marzo,10,2022,21,45,US-41,2,US Highway,Urbano,Arteria Principal,State Highway Agency,1,Sin jurisdiccion especial,99998,26.47612222,-81.83724444,Vehiculo en movimiento,Frente a Detrás,Not an Intersection,No fue interseccion,Sobre calle,Ninguna,Oscuro con iluminacion,Despejado,No,NO APLICA,99,99,99,99,1,10/03/2022,2
12,Florida,120706,1,1,1,0,111,ST LUCIE (111),0,NO APLICA,2,Febrero,25,2022,21,35,SR-A1A,3,Highway estatal,Urbano,Arteria Menor,State Highway Agency,0,Sin jurisdiccion especial,99998,27.52091944,-80.3109,No vehiculo o remolque,El primer evento no fue una colision con un vehiculo automotor en transporte,Not an Intersection,No fue interseccion,Sobre calle,Ninguna,Oscuro sin iluminacion,Despejado,No,NO APLICA,99,99,99,99,1,25/02/2022,1
12,Florida,120707,0,0,1,0,75,LEVY (75),0,NO APLICA,3,Marzo,18,2022,21,0,SE BUTLER RD,9,Desconocido,Rural,Local,Not Reported,0,Sin jurisdiccion especial,99998,29.06791944,-82.68545833,Volcadura,El primer evento no fue una colision con un vehiculo automotor en transporte,Not an Intersection,No fue interseccion,Sobre el lado de la calle,Ninguna,Oscuro sin iluminacion,Despejado,No,NO APLICA,99,99,99,99,1,18/03/2022,2
12,Florida,120708,0,0,1,0,81,MANATEE (81),0,NO APLICA,3,Marzo,13,2022,1,11,17TH ST,8,Otro,Urbano,Colector Mayor,County Highway Agency,0,Sin jurisdiccion especial,99998,27.52850278,-82.56279722,Banqueta,El primer evento no fue una colision con un vehiculo automotor en transporte,Not an Intersection,No fue interseccion,En el medio,Ninguna,Oscuro con iluminacion,Despejado,No,NO APLICA,99,99,99,99,2,13/03/2022,3
12,Florida,120709,0,0,2,0,127,VOLUSIA (127),0,NO APLICA,3,Marzo,18,2022,19,32,I-4,1,Interestatal,Urbano,Interestatal,State Highway Agency,1,Sin jurisdiccion especial,99998,29.140325,-81.11120556,Vehiculo en movimiento,Angulo,Not an Intersection,No fue interseccion,Sobre calle,Ninguna,Oscuro sin iluminacion,Nublado,No,NO APLICA,99,99,99,99,1,18/03/2022,8
12,Florida,120710,0,0,1,0,33,ESCAMBIA (33),0,NO APLICA,3,Marzo,16,2022,15,27,CR-292A,4,Calle del Condado,Urbano,Colector Mayor,Not Reported,0,Sin jurisdiccion especial,99998,30.34410556,-87.34234167,Arbol,El primer evento no fue una colision con un vehiculo automotor en transporte,Not an Intersection,No fue interseccion,"Fuera de la calle, ubicacion desconocida",Ninguna,Dia total,Despejado,No,NO APLICA,99,99,99,99,1,16/03/2022,1
12,Florida,120711,0,0,1,0,101,PASCO (101),0,NO APLICA,2,Febrero,20,2022,21,5,BELLAMY BROTHERS BLVD,6,Calle Local Municipalidad,Rural,Colector Mayor,Not Reported,0,Sin jurisdiccion especial,99998,28.409175,-82.37111944,Arbol,El primer evento no fue una colision con un vehiculo automotor en transporte,Not an Intersection,No fue interseccion,"Fuera de la calle, ubicacion desconocida",Ninguna,Oscuro sin iluminacion,Despejado,No,NO APLICA,21,2,21,19,1,20/02/2022,1
12,Florida,120712,0,0,1,0,73,LEON (73),2940,TALLAHASSEE,3,Marzo,19,2022,0,50,I-10,1,Interestatal,Urbano,Interestatal,State Highway Agency,1,Sin jurisdiccion especial,99998,30.48700556,-84.16122778,Arbol,El primer evento no fue una colision con un vehiculo automotor en transporte,Not an Intersection,No fue interseccion,Sobre el lado de la calle,Ninguna,Oscuro con iluminacion,lluvia,No,NO APLICA,99,99,99,99,1,19/03/2022,1
12,Florida,120713,1,1,1,0,17,CITRUS (17),0,NO APLICA,1,Enero,8,2022,6,45,CR-470,4,Calle del Condado,Urbano,Colector Mayor,Not Reported,0,Sin jurisdiccion especial,99998,28.85061111,-82.31361111,Ciclista,El primer evento no fue una colision con un vehiculo automotor en transporte,Not an Intersection,No fue interseccion,Sobre calle,Ninguna,Oscuro sin iluminacion,Neblina o Humo,No,NO APLICA,6,45,6,57,1,08/01/2022,1
12,Florida,120714,0,0,2,0,109,ST JOHNS (109),0,NO APLICA,3,Marzo,7,2022,7,16,US-1,2,US Highway,Urbano,Arteria Principal,State Highway Agency,1,Sin jurisdiccion especial,99998,29.75648056,-81.31278056,Vehiculo en movimiento,Angulo,Four-Way Intersection,Interseccion de 4 direcciones,Sobre calle,Ninguna,Dia total,Despejado,No,NO APLICA,99,99,99,99,1,07/03/2022,2
12,Florida,120715,0,0,2,0,31,DUVAL (31),1510,JACKSONVILLE,3,Marzo,29,2022,20,10,US-90,2,US Highway,Urbano,Arteria Principal,State Highway Agency,1,Sin jurisdiccion especial,99998,30.29477222,-81.60935556,Vehiculo en movimiento,Reportado como desconocido,Four-Way Intersection,Interseccion de 4 direcciones,Sobre calle,Ninguna,Oscuro con iluminacion,Despejado,No,NO APLICA,99,99,99,99,1,29/03/2022,2
12,Florida,120716,0,0,3,0,11,BROWARD (11),2570,POMPANO BEACH,2,Febrero,27,2022,19,0,US-1,2,US Highway,Urbano,Arteria Principal,State Highway Agency,1,Sin jurisdiccion especial,99998,26.10306667,-80.13688611,Vehiculo en movimiento,Angulo,Four-Way Intersection,Interseccion de 4 direcciones,Sobre calle,Ninguna,Oscuro con iluminacion,Despejado,No,NO APLICA,99,99,99,99,2,27/02/2022,7
12,Florida,120717,1,1,1,0,99,PALM BEACH (99),290,BOCA RATON,3,Marzo,24,2022,16,55,US-441,2,US Highway,Urbano,Arteria Principal,State Highway Agency,1,Sin jurisdiccion especial,99998,26.33165556,-80.20331667,Peaton,El primer evento no fue una colision con un vehiculo automotor en transporte,T-Intersection,Interseccion de T,Sobre calle,Ninguna,Dia total,Nublado,No,NO APLICA,99,99,99,99,1,24/03/2022,1
12,Florida,120718,0,0,2,0,99,PALM BEACH (99),0,NO APLICA,3,Marzo,26,2022,17,9,HAGEN RANCH RD,6,Calle Local Municipalidad,Urbano,Colector Mayor,Not Reported,0,Sin jurisdiccion especial,99998,26.51724167,-80.16401389,Vehiculo en movimiento,Angulo,T-Intersection,Interseccion de T,Sobre calle,Ninguna,Dia total,Despejado,No,NO APLICA,99,98,99,98,1,26/03/2022,3
12,Florida,120719,0,0,3,0,33,ESCAMBIA (33),0,NO APLICA,3,Marzo,15,2022,12,32,I-10,1,Interestatal,Urbano,Interestatal,State Highway Agency,1,Sin jurisdiccion especial,99998,30.54931667,-87.35610833,Vehiculo en movimiento,Frente a frente,Not an Intersection,No fue interseccion,Sobre calle,Ninguna,Dia total,lluvia,No,NO APLICA,99,99,99,99,1,15/03/2022,9
12,Florida,120720,0,0,2,0,55,HIGHLANDS (55),0,NO APLICA,3,Marzo,18,2022,23,14,PANTHER PKWY,8,Otro,Rural,Arteria Menor,Not Reported,0,Sin jurisdiccion especial,99998,27.5248,-81.46533611,Vehiculo en movimiento,Frente a frente,Not an Intersection,No fue interseccion,Sobre calle,Ninguna,Oscuro sin iluminacion,Despejado,No,NO APLICA,99,99,99,99,1,18/03/2022,2
12,Florida,120721,1,1,1,0,33,ESCAMBIA (33),0,NO APLICA,3,Marzo,26,2022,20,26,SR-296,3,Highway estatal,Urbano,Arteria Menor,State Highway Agency,0,Sin jurisdiccion especial,99998,30.46091111,-87.29175,Peaton,El primer evento no fue una colision con un vehiculo automotor en transporte,Not an Intersection,No fue interseccion,Sobre calle,Ninguna,Oscuro con iluminacion,Despejado,No,NO APLICA,99,99,99,99,1,26/03/2022,1
12,Florida,120722,0,0,2,0,57,HILLSBOROUGH (57),0,NO APLICA,3,Marzo,19,2022,23,20,US-92,2,US Highway,Urbano,Arteria Principal,State Highway Agency,1,Sin jurisdiccion especial,99998,28.01996944,-82.16593056,Vehiculo en movimiento,Frente a Detrás,Not an Intersection,No fue interseccion,Sobre calle,Ninguna,Oscuro con iluminacion,Despejado,No,NO APLICA,11,99,11,99,1,19/03/2022,3
12,Florida,120723,1,1,1,0,23,COLUMBIA (23),3110,WATERTOWN,3,Marzo,24,2022,20,35,US-90,2,US Highway,Urbano,Arteria Menor,State Highway Agency,0,Sin jurisdiccion especial,99998,30.18855833,-82.61433056,Peaton,El primer evento no fue una colision con un vehiculo automotor en transporte,Not an Intersection,No fue interseccion,Sobre calle,Ninguna,Oscuro con iluminacion,lluvia,No,NO APLICA,99,99,99,99,1,24/03/2022,1
12,Florida,120724,2,2,1,0,33,ESCAMBIA (33),944,ENSLEY,3,Marzo,27,2022,0,5,US-29,2,US Highway,Urbano,Arteria Principal,State Highway Agency,1,Sin jurisdiccion especial,99998,30.5188,-87.27263889,Peaton,El primer evento no fue una colision con un vehiculo automotor en transporte,Not an Intersection,No fue interseccion,Sobre calle,Ninguna,Oscuro sin iluminacion,Despejado,No,NO APLICA,99,99,99,99,2,27/03/2022,2
12,Florida,120725,0,0,2,0,113,SANTA ROSA (113),0,NO APLICA,3,Marzo,16,2022,22,36,I-10,1,Interestatal,Rural,Interestatal,State Highway Agency,1,Sin jurisdiccion especial,99998,30.66356111,-86.86223056,Vehiculo en movimiento,Frente a Detrás,Not an Intersection,No fue interseccion,Sobre calle,Ninguna,Oscuro sin iluminacion,Nublado,No,NO APLICA,99,99,99,99,1,16/03/2022,7
12,Florida,120726,0,0,2,0,83,MARION (83),0,NO APLICA,3,Marzo,16,2022,11,35,CR-314,4,Calle del Condado,Rural,Colector Mayor,Not Reported,0,Sin jurisdiccion especial,99998,29.32685,-81.77378056,Vehiculo en movimiento,Angulo,Four-Way Intersection,Interseccion de 4 direcciones,Sobre calle,Ninguna,Dia total,Nublado,No,NO APLICA,99,99,99,99,2,16/03/2022,4
12,Florida,120727,0,0,2,0,11,BROWARD (11),760,DANIA BEACH,3,Marzo,1,2022,1,17,SR-822,3,Highway estatal,Urbano,Arteria Menor,State Highway Agency,0,Sin jurisdiccion especial,99998,26.03341111,-80.15003333,Vehiculo en movimiento,Angulo,Four-Way Intersection,Interseccion de 4 direcciones,Sobre calle,Ninguna,Oscuro con iluminacion,Despejado,No,NO APLICA,99,99,99,99,1,01/03/2022,3
12,Florida,120728,1,1,1,0,86,MIAMI-DADE (86),0,NO APLICA,3,Marzo,22,2022,14,25,NW 112TH ST,6,Calle Local Municipalidad,Urbano,Colector Menor,Not Reported,0,Sin jurisdiccion especial,99998,25.87670833,-80.22648056,Peaton,El primer evento no fue una colision con un vehiculo automotor en transporte,Four-Way Intersection,Interseccion de 4 direcciones,Sobre calle,Ninguna,Dia total,Despejado,No,NO APLICA,99,99,99,99,1,22/03/2022,1
12,Florida,120729,2,2,1,0,71,LEE (71),1070,FORT MYERS,3,Marzo,29,2022,14,25,SR-80,3,Highway estatal,Urbano,Arteria Principal,State Highway Agency,1,Sin jurisdiccion especial,99998,26.672675,-81.81911111,Peaton,El primer evento no fue una colision con un vehiculo automotor en transporte,Not an Intersection,No fue interseccion,Sobre calle,Ninguna,Dia total,Despejado,No,NO APLICA,99,99,99,99,1,29/03/2022,2
12,Florida,120730,1,1,1,0,23,COLUMBIA (23),0,NO APLICA,3,Marzo,23,2022,23,33,US-441,2,US Highway,Urbano,Arteria Principal,State Highway Agency,1,Sin jurisdiccion especial,99998,30.14320278,-82.63631944,Ciclista,El primer evento no fue una colision con un vehiculo automotor en transporte,Not an Intersection,No fue interseccion,Sobre calle,Ninguna,Oscuro sin iluminacion,lluvia,No,NO APLICA,99,99,99,99,1,23/03/2022,1
12,Florida,120731,0,0,2,0,117,SEMINOLE (117),0,NO APLICA,3,Marzo,24,2022,0,47,SR-426,3,Highway estatal,Urbano,Arteria Menor,State Highway Agency,0,Sin jurisdiccion especial,99998,28.61858611,-81.25795,Vehiculo en movimiento,Angulo,T-Intersection,Interseccion de T,Sobre calle,Ninguna,Oscuro con iluminacion,Despejado,No,NO APLICA,99,99,99,99,2,24/03/2022,4
12,Florida,120732,0,0,2,0,55,HIGHLANDS (55),0,NO APLICA,3,Marzo,22,2022,18,35,SR-70,3,Highway estatal,Rural,Arteria Principal,State Highway Agency,1,Sin jurisdiccion especial,99998,27.20836389,-81.28383056,Vehiculo en movimiento,Frente a frente,T-Intersection,Interseccion de T,Sobre calle,Ninguna,Dia total,Despejado,No,NO APLICA,18,99,18,99,3,22/03/2022,4
12,Florida,120733,0,0,2,0,11,BROWARD (11),0,NO APLICA,3,Marzo,17,2022,2,30,US-27,2,US Highway,Urbano,Arteria Principal,State Highway Agency,1,Sin jurisdiccion especial,99998,26.15208333,-80.44335556,Vehiculo en movimiento,Frente a Detrás,Not an Intersection,No fue interseccion,Sobre calle,Ninguna,Oscuro sin iluminacion,Despejado,No,NO APLICA,99,99,99,99,1,17/03/2022,3
12,Florida,120734,0,0,1,0,81,MANATEE (81),0,NO APLICA,3,Marzo,22,2022,12,38,SR-64,3,Highway estatal,Urbano,Arteria Principal,State Highway Agency,1,Sin jurisdiccion especial,99998,27.48591667,-82.45695833,Volcadura,El primer evento no fue una colision con un vehiculo automotor en transporte,Four-Way Intersection,Interseccion de 4 direcciones,Sobre calle,Ninguna,Dia total,Despejado,No,NO APLICA,99,99,99,99,1,22/03/2022,2
12,Florida,120735,0,0,1,0,86,MIAMI-DADE (86),2010,MIAMI,3,Marzo,18,2022,22,18,I-95 EXPRESS LN,1,Interestatal,Urbano,Interestatal,State Highway Agency,1,Sin jurisdiccion especial,99998,25.84432222,-80.20674444,Otra barrera de trafico,El primer evento no fue una colision con un vehiculo automotor en transporte,Not an Intersection,No fue interseccion,Separador,Ninguna,Oscuro con iluminacion,Despejado,No,NO APLICA,99,99,99,99,1,18/03/2022,1
12,Florida,120736,0,0,1,0,86,MIAMI-DADE (86),0,NO APLICA,3,Marzo,18,2022,22,15,SR-989,3,Highway estatal,Urbano,Arteria Menor,State Highway Agency,0,Sin jurisdiccion especial,99998,25.56264444,-80.37218333,Banqueta,El primer evento no fue una colision con un vehiculo automotor en transporte,Not an Intersection,No fue interseccion,Sobre el lado de la calle,Ninguna,Oscuro con iluminacion,Despejado,No,NO APLICA,99,99,99,99,1,18/03/2022,1
12,Florida,120737,0,0,2,0,71,LEE (71),0,NO APLICA,3,Marzo,22,2022,15,28,PINE RIDGE RD,9,Desconocido,Urbano,Local,Not Reported,0,Sin jurisdiccion especial,99998,26.51128056,-81.93558889,Vehiculo en movimiento,Angulo,T-Intersection,Interseccion de T,Sobre calle,Ninguna,Dia total,Despejado,No,NO APLICA,99,99,99,99,1,22/03/2022,2
12,Florida,120738,1,1,1,0,117,SEMINOLE (117),0,NO APLICA,3,Marzo,6,2022,10,38,US-441,2,US Highway,Urbano,Arteria Principal,State Highway Agency,1,Sin jurisdiccion especial,99998,28.64244167,-81.45808056,Peaton,El primer evento no fue una colision con un vehiculo automotor en transporte,Not an Intersection,No fue interseccion,Sobre Acotamiento,Ninguna,Dia total,Despejado,No,NO APLICA,99,99,99,99,1,06/03/2022,3
12,Florida,120739,1,1,1,0,57,HILLSBOROUGH (57),355,BRANDON,3,Marzo,12,2022,5,43,I-75,1,Interestatal,Urbano,Interestatal,State Highway Agency,1,Sin jurisdiccion especial,99998,27.94930833,-82.32849444,Peaton,El primer evento no fue una colision con un vehiculo automotor en transporte,Not an Intersection,No fue interseccion,Sobre calle,Ninguna,Oscuro con iluminacion,Nublado,No,NO APLICA,5,38,5,47,1,12/03/2022,3
12,Florida,120740,0,0,2,0,95,ORANGE (95),0,NO APLICA,3,Marzo,16,2022,18,30,AMERICANA BLVD,9,Desconocido,Urbano,Arteria Menor,Not Reported,0,Sin jurisdiccion especial,99998,28.48698889,-81.41138889,Vehiculo en movimiento,Angulo,T-Intersection,Interseccion de T,Sobre calle,Ninguna,Dia total,Nublado,No,NO APLICA,99,99,99,99,1,16/03/2022,2
12,Florida,120741,0,0,2,0,113,SANTA ROSA (113),0,NO APLICA,3,Marzo,21,2022,9,15,CR-197,4,Calle del Condado,Urbano,Colector Mayor,Not Reported,0,Sin jurisdiccion especial,99998,30.64783056,-87.1811,Vehiculo en movimiento,Frente a frente,Not an Intersection,No fue interseccion,Sobre calle,Ninguna,Dia total,Despejado,No,NO APLICA,99,99,99,99,1,21/03/2022,2
12,Florida,120742,1,1,1,0,33,ESCAMBIA (33),1175,GONZALEZ,3,Marzo,25,2022,4,38,US-29,2,US Highway,Urbano,Arteria Principal,State Highway Agency,1,Sin jurisdiccion especial,99998,30.57625,-87.2934,Peaton,El primer evento no fue una colision con un vehiculo automotor en transporte,Four-Way Intersection,Interseccion de 4 direcciones,Sobre calle,Ninguna,Oscuro sin iluminacion,Despejado,No,NO APLICA,99,99,99,99,1,25/03/2022,1
12,Florida,120743,0,0,1,0,115,SARASOTA (115),0,NO APLICA,3,Marzo,27,2022,17,5,CR-780,4,Calle del Condado,Rural,Colector Mayor,State Highway Agency,0,Sin jurisdiccion especial,99998,27.33883333,-82.32510833,Arbol,El primer evento no fue una colision con un vehiculo automotor en transporte,Not an Intersection,No fue interseccion,Sobre el lado de la calle,Ninguna,Dia total,Despejado,No,NO APLICA,99,99,99,99,1,27/03/2022,1
12,Florida,120744,0,0,2,0,69,LAKE (69),0,NO APLICA,3,Marzo,19,2022,20,1,US-27,2,US Highway,Urbano,Arteria Principal,State Highway Agency,1,Sin jurisdiccion especial,99998,28.67661111,-81.85345833,Vehiculo en movimiento,Angulo,T-Intersection,Interseccion de T,Sobre calle,Ninguna,Oscuro sin iluminacion,Despejado,No,NO APLICA,99,99,99,99,1,19/03/2022,3
12,Florida,120745,0,0,1,0,127,VOLUSIA (127),2850,SOUTH DAYTONA,3,Marzo,5,2022,1,59,SR-5A,3,Highway estatal,Urbano,Arteria Principal,State Highway Agency,1,Sin jurisdiccion especial,99998,29.173925,-81.02823611,Poste,El primer evento no fue una colision con un vehiculo automotor en transporte,Not an Intersection,No fue interseccion,Sobre el lado de la calle,Ninguna,Oscuro con iluminacion,Neblina o Humo,No,NO APLICA,99,99,99,99,1,05/03/2022,1
12,Florida,120746,1,1,1,0,73,LEON (73),2940,TALLAHASSEE,3,Marzo,31,2022,23,13,SR-61,3,Highway estatal,Urbano,Arteria Principal,State Highway Agency,1,Sin jurisdiccion especial,99998,30.50514167,-84.25091389,Peaton,El primer evento no fue una colision con un vehiculo automotor en transporte,Not an Intersection,No fue interseccion,Sobre calle,Ninguna,Oscuro con iluminacion,Despejado,No,NO APLICA,99,99,99,99,1,31/03/2022,1
12,Florida,120747,1,1,1,0,95,ORANGE (95),2360,ORLANDO,3,Marzo,28,2022,23,48,SR-435,3,Highway estatal,Urbano,Arteria Principal,State Highway Agency,1,Sin jurisdiccion especial,99998,28.48305278,-81.45869722,Peaton,El primer evento no fue una colision con un vehiculo automotor en transporte,Four-Way Intersection,Interseccion de 4 direcciones,Sobre calle,Ninguna,Oscuro con iluminacion,Despejado,No,NO APLICA,99,99,99,99,1,28/03/2022,1
12,Florida,120748,1,1,1,0,95,ORANGE (95),2360,ORLANDO,3,Marzo,28,2022,15,18,SR-50,3,Highway estatal,Urbano,Arteria Principal,State Highway Agency,1,Sin jurisdiccion especial,99998,28.55287222,-81.42033333,Peaton,El primer evento no fue una colision con un vehiculo automotor en transporte,Not an Intersection,No fue interseccion,Sobre calle,Ninguna,Dia total,Despejado,No,NO APLICA,99,99,99,99,1,28/03/2022,2
12,Florida,120749,1,1,1,0,57,HILLSBOROUGH (57),355,BRANDON,3,Marzo,20,2022,7,10,FALKENBURG RD,6,Calle Local Municipalidad,Urbano,Arteria Menor,Not Reported,0,Sin jurisdiccion especial,99998,27.92916389,-82.33817778,Peaton,El primer evento no fue una colision con un vehiculo automotor en transporte,T-Intersection,Interseccion de T,Sobre calle,Ninguna,Oscuro sin iluminacion,Despejado,No,NO APLICA,99,99,99,99,1,20/03/2022,1
12,Florida,120750,0,0,3,0,71,LEE (71),0,NO APLICA,3,Marzo,26,2022,18,38,SANIBEL CSWY,9,Desconocido,Urbano,Arteria Menor,Not Reported,0,Sin jurisdiccion especial,99998,26.48055,-82.02205278,Vehiculo en movimiento,Golpe Lateral - misma direccion,Not an Intersection,No fue interseccion,Sobre calle,Ninguna,Dia total,Despejado,No,NO APLICA,99,99,99,99,1,26/03/2022,7
12,Florida,120751,1,1,1,0,1,ALACHUA (1),1130,GAINESVILLE,3,Marzo,28,2022,22,17,SW 20TH AVE,8,Otro,Urbano,Arteria Menor,County Highway Agency,0,Sin jurisdiccion especial,99998,29.63618056,-82.38907222,Peaton,El primer evento no fue una colision con un vehiculo automotor en transporte,Not an Intersection,No fue interseccion,Sobre calle,Ninguna,Oscuro con iluminacion,Despejado,No,NO APLICA,99,99,99,99,1,28/03/2022,1
12,Florida,120752,1,1,1,0,11,BROWARD (11),0,NO APLICA,3,Marzo,30,2022,23,5,US-441,2,US Highway,Urbano,Arteria Principal,State Highway Agency,1,Sin jurisdiccion especial,99998,26.10081944,-80.20123889,Peaton,El primer evento no fue una colision con un vehiculo automotor en transporte,Not an Intersection,No fue interseccion,Sobre calle,Ninguna,Oscuro con iluminacion,Nublado,No,NO APLICA,99,99,99,99,1,30/03/2022,1
12,Florida,120753,2,2,1,0,105,POLK (105),0,NO APLICA,3,Marzo,16,2022,3,57,SR-655,3,Highway estatal,Urbano,Arteria Menor,State Highway Agency,0,Sin jurisdiccion especial,99998,28.05139444,-81.80570556,Peaton,El primer evento no fue una colision con un vehiculo automotor en transporte,Not an Intersection,No fue interseccion,Sobre calle,Ninguna,Oscuro sin iluminacion,Nublado,No,NO APLICA,99,99,99,99,2,16/03/2022,1
12,Florida,120754,0,0,2,0,105,POLK (105),0,NO APLICA,3,Marzo,10,2022,23,40,US-27,2,US Highway,Urbano,Arteria Principal,State Highway Agency,1,Sin jurisdiccion especial,99998,28.32193056,-81.66956111,Vehiculo en movimiento,Frente a Detrás,Not an Intersection,No fue interseccion,Sobre calle,Ninguna,Oscuro sin iluminacion,Despejado,No,NO APLICA,99,99,99,99,1,10/03/2022,2
12,Florida,120755,0,0,1,0,71,LEE (71),1823,LEHIGH ACRES,3,Marzo,31,2022,7,18,E 12TH ST,6,Calle Local Municipalidad,Urbano,Colector Menor,Not Reported,0,Sin jurisdiccion especial,99998,26.64373889,-81.59045556,Volcadura,El primer evento no fue una colision con un vehiculo automotor en transporte,T-Intersection,Interseccion de T,Sobre el lado de la calle,Ninguna,Dia total,Nublado,No,NO APLICA,99,99,99,99,1,31/03/2022,1
12,Florida,120756,1,1,4,0,71,LEE (71),457,CAPE CORAL,3,Marzo,29,2022,6,3,CR-867A,4,Calle del Condado,Urbano,Colector Menor,Not Reported,0,Sin jurisdiccion especial,99998,26.60951389,-81.94112778,Peaton,El primer evento no fue una colision con un vehiculo automotor en transporte,Not an Intersection,No fue interseccion,Sobre calle,Ninguna,Oscuro con iluminacion,Neblina o Humo,No,NO APLICA,99,99,99,99,1,29/03/2022,4
12,Florida,120757,0,0,2,0,33,ESCAMBIA (33),0,NO APLICA,3,Marzo,11,2022,10,19,CR-97,4,Calle del Condado,Urbano,Colector Mayor,Not Reported,0,Sin jurisdiccion especial,99998,30.57846944,-87.34953056,Vehiculo en movimiento,Angulo,Four-Way Intersection,Interseccion de 4 direcciones,Sobre calle,Ninguna,Dia total,Nublado,No,NO APLICA,99,99,99,99,1,11/03/2022,3
12,Florida,120758,0,0,2,0,11,BROWARD (11),3193,WESTON,3,Marzo,26,2022,22,13,US-27,2,US Highway,Urbano,Arteria Principal,State Highway Agency,1,Sin jurisdiccion especial,99998,26.04411111,-80.43394167,Vehiculo en movimiento,Reportado como desconocido,T-Intersection,Interseccion de T,Sobre calle,Ninguna,Oscuro sin iluminacion,Despejado,No,NO APLICA,99,99,99,99,1,26/03/2022,3
12,Florida,120760,0,0,2,0,86,MIAMI-DADE (86),2220,NORTH MIAMI,3,Marzo,23,2022,22,42,SR-922,3,Highway estatal,Urbano,Arteria Menor,State Highway Agency,0,Sin jurisdiccion especial,99998,25.88951667,-80.20266667,Vehiculo en movimiento,Angulo,Four-Way Intersection,Interseccion de 4 direcciones,Sobre calle,Ninguna,Oscuro con iluminacion,Despejado,No,NO APLICA,99,99,99,99,1,23/03/2022,2
12,Florida,120761,1,1,1,0,86,MIAMI-DADE (86),2010,MIAMI,4,Abril,2,2022,6,7,59TH ST,6,Calle Local Municipalidad,Urbano,Colector Mayor,Not Reported,0,Sin jurisdiccion especial,99998,25.83014722,-80.21645556,Ciclista,El primer evento no fue una colision con un vehiculo automotor en transporte,T-Intersection,Interseccion de T,Sobre calle,Ninguna,Amanecer,Despejado,No,NO APLICA,99,99,99,99,1,02/04/2022,1
12,Florida,120762,1,1,1,0,86,MIAMI-DADE (86),0,NO APLICA,3,Marzo,24,2022,6,21,SR-948,3,Highway estatal,Urbano,Arteria Principal,State Highway Agency,0,Sin jurisdiccion especial,99998,25.80942778,-80.31388611,Peaton,El primer evento no fue una colision con un vehiculo automotor en transporte,Not an Intersection,No fue interseccion,Sobre calle,Ninguna,Oscuro con iluminacion,Despejado,No,NO APLICA,99,99,99,99,1,24/03/2022,1