Estado,Nombre de Estado,Numero de Caso,Peatones,Personas _no_vehiculos,Vehiculos automotores,Vehiculos estacionados,Condado,Nombre Condado,Ciudad,Nombre Ciudad,Mes,Nombre Mes,Dia,Año,Hora,Minuto,Calle,Ruta,Nombre Ruta,Rural o Urbanoo,Sistema Funcional,Dueño Calle,Sistema Nacional Carreteras,Jurisdiccion Especial,Milla,Latitud,Longitud,Causa del Accidente,Tipo de Accidente,Tipo Interseccion,Columna1,Lugar en la calle,Zona de Trabajo,Luz,Clima,Autobus Escolar,Cruce de Trenes,Hora Notificacion,Minuto Notificacion,Hora Llegada,Minuto Llegada,Decesos,Fecha,PersonaVehiculo
12,Florida,120763,0,0,2,0,121,SUWANNEE (121),0,NO APLICA,3,Marzo,25,2022,19,41,CR-250,4,Calle del Condado,Rural,Colector Menor,Not Reported,0,Sin jurisdiccion especial,99998,30.24601944,-83.19838889,Vehiculo en movimiento,Frente a Detrás,Not an Intersection,No fue interseccion,Sobre calle,Ninguna,Dia total,Despejado,No,NO APLICA,99,99,99,99,1,25/03/2022,2
12,Florida,120764,1,1,1,0,71,LEE (71),1070,FORT MYERS,4,Abril,3,2022,20,40,SR-739,3,Highway estatal,Urbano,Arteria Principal,State Highway Agency,1,Sin jurisdiccion especial,99998,26.63359444,-81.862225,Peaton,El primer evento no fue una colision con un vehiculo automotor en transporte,Four-Way Intersection,Interseccion de 4 direcciones,Sobre calle,Ninguna,Oscuro con iluminacion,Despejado,No,NO APLICA,99,99,99,99,1,03/04/2022,2
12,Florida,120765,0,0,1,0,29,DIXIE (29),0,NO APLICA,3,Marzo,24,2022,12,10,US-19,2,US Highway,Rural,Arteria Principal,State Highway Agency,1,Sin jurisdiccion especial,99998,29.62438889,-83.1081,Poste de Señal de trafico,El primer evento no fue una colision con un vehiculo automotor en transporte,Four-Way Intersection,Interseccion de 4 direcciones,Sobre el lado de la calle,Ninguna,Dia total,lluvia,No,NO APLICA,99,99,99,99,1,24/03/2022,1
12,Florida,120766,0,0,1,0,57,HILLSBOROUGH (57),0,NO APLICA,3,Marzo,12,2022,19,0,I-4,1,Interestatal,Urbano,Interestatal,State Highway Agency,1,Sin jurisdiccion especial,99998,28.02694167,-82.16443056,Volcadura,El primer evento no fue una colision con un vehiculo automotor en transporte,Not an Intersection,No fue interseccion,Sobre el lado de la calle,Ninguna,Atardecer,Nublado,No,NO APLICA,99,99,99,99,1,12/03/2022,1
12,Florida,120767,2,2,1,0,81,MANATEE (81),2440,PALMETTO,3,Marzo,23,2022,18,41,US-41,2,US Highway,Urbano,Arteria Principal,State Highway Agency,1,Sin jurisdiccion especial,99998,27.51389722,-82.57304722,Banqueta,El primer evento no fue una colision con un vehiculo automotor en transporte,Four-Way Intersection,Interseccion de 4 direcciones,Sobre el lado de la calle,Ninguna,Dia total,Despejado,No,NO APLICA,99,99,99,99,1,23/03/2022,1
12,Florida,120768,3,3,1,0,103,PINELLAS (103),2310,OLDSMAR,3,Marzo,26,2022,19,19,ST PETERSBURG DR,6,Calle Local Municipalidad,Urbano,Colector Mayor,Not Reported,0,Sin jurisdiccion especial,99998,28.034725,-82.66862778,Peaton,El primer evento no fue una colision con un vehiculo automotor en transporte,Not an Intersection,No fue interseccion,Sobre calle,Ninguna,Dia total,Despejado,No,NO APLICA,99,99,99,99,1,26/03/2022,1
12,Florida,120769,0,0,1,0,99,PALM BEACH (99),2840,SOUTH BAY,3,Marzo,18,2022,20,44,US-27,2,US Highway,Rural,Arteria Principal,State Highway Agency,1,Sin jurisdiccion especial,99998,26.68121111,-80.74773056,Volcadura,El primer evento no fue una colision con un vehiculo automotor en transporte,Not an Intersection,No fue interseccion,En el medio,Ninguna,Oscuro sin iluminacion,Nublado,No,NO APLICA,99,99,99,99,1,18/03/2022,3
12,Florida,120770,0,0,2,0,83,MARION (83),0,NO APLICA,3,Marzo,24,2022,15,11,CR-484,4,Calle del Condado,Urbano,Arteria Principal,Not Reported,0,Sin jurisdiccion especial,99998,29.0258,-82.10333889,Vehiculo en movimiento,Angulo,T-Intersection,Interseccion de T,Sobre calle,Ninguna,Dia total,lluvia,No,NO APLICA,99,99,99,99,1,24/03/2022,2
12,Florida,120771,1,1,1,0,11,BROWARD (11),1050,FORT LAUDERDALE,3,Marzo,12,2022,22,13,SR-736,3,Highway estatal,Urbano,Arteria Menor,State Highway Agency,0,Sin jurisdiccion especial,99998,26.10468889,-80.19556389,Peaton,El primer evento no fue una colision con un vehiculo automotor en transporte,Not an Intersection,No fue interseccion,Sobre calle,Ninguna,Oscuro - iluminacion desconocida,Despejado,No,NO APLICA,99,99,99,99,1,12/03/2022,1
12,Florida,120772,0,0,2,0,11,BROWARD (11),771,DAVIE,4,Abril,1,2022,3,45,SR-84,3,Highway estatal,Urbano,Interestatal,State Highway Agency,1,Sin jurisdiccion especial,99998,26.09106944,-80.21804444,Vehiculo en movimiento,Frente a Detrás,Not an Intersection,No fue interseccion,Sobre calle,Ninguna,Oscuro sin iluminacion,Despejado,No,NO APLICA,99,99,99,99,1,01/04/2022,2
12,Florida,120773,0,0,2,0,21,COLLIER (21),0,NO APLICA,3,Marzo,23,2022,2,5,I-75,1,Interestatal,Urbano,Interestatal,State Highway Agency,1,Sin jurisdiccion especial,99998,26.29647222,-81.74304722,Vehiculo en movimiento,Frente a Detrás,Not an Intersection,No fue interseccion,Sobre calle,Ninguna,Oscuro con iluminacion,Despejado,No,NO APLICA,99,99,99,99,1,23/03/2022,2
12,Florida,120774,0,0,2,0,97,OSCEOLA (97),0,NO APLICA,3,Marzo,30,2022,19,45,BUENAVENTURA BLVD,9,Desconocido,Urbano,Arteria Menor,Not Reported,0,Sin jurisdiccion especial,99998,28.34702222,-81.36279444,Vehiculo en movimiento,Angulo,Four-Way Intersection,Interseccion de 4 direcciones,Sobre calle,Ninguna,Oscuro sin iluminacion,Despejado,No,NO APLICA,99,99,99,99,1,30/03/2022,2
12,Florida,120775,1,1,1,0,86,MIAMI-DADE (86),2023,MIAMI GARDENS,3,Marzo,13,2022,21,35,SR-817,3,Highway estatal,Urbano,Arteria Principal,State Highway Agency,1,Sin jurisdiccion especial,99998,25.96455833,-80.24667222,Peaton,El primer evento no fue una colision con un vehiculo automotor en transporte,Four-Way Intersection,Interseccion de 4 direcciones,Sobre calle,Ninguna,Oscuro con iluminacion,Nublado,No,NO APLICA,99,99,99,99,1,13/03/2022,1
12,Florida,120776,1,1,1,0,35,FLAGLER (35),2439,PALM COAST,3,Marzo,31,2022,21,4,I-95,1,Interestatal,Urbano,Interestatal,State Highway Agency,1,Sin jurisdiccion especial,99998,29.52418889,-81.20206111,Peaton,El primer evento no fue una colision con un vehiculo automotor en transporte,Not an Intersection,No fue interseccion,Sobre calle,Ninguna,Oscuro sin iluminacion,lluvia,No,NO APLICA,99,99,99,99,1,31/03/2022,1
12,Florida,120777,1,1,1,0,83,MARION (83),2270,OCALA,3,Marzo,30,2022,9,36,SR-40,3,Highway estatal,Urbano,Arteria Principal,State Highway Agency,1,Sin jurisdiccion especial,99998,29.18693889,-82.10763056,Peaton,El primer evento no fue una colision con un vehiculo automotor en transporte,T-Intersection,Interseccion de T,Sobre calle,Ninguna,Dia total,Despejado,No,NO APLICA,99,99,99,99,1,30/03/2022,1
12,Florida,120778,0,0,1,0,11,BROWARD (11),771,DAVIE,4,Abril,5,2022,8,4,NOB HILL RD,6,Calle Local Municipalidad,Urbano,Arteria Menor,Not Reported,0,Sin jurisdiccion especial,99998,26.08386111,-80.28272778,Banqueta,El primer evento no fue una colision con un vehiculo automotor en transporte,Four-Way Intersection,Interseccion de 4 direcciones,Sobre el lado de la calle,Ninguna,Dia total,Despejado,No,NO APLICA,99,99,99,99,1,05/04/2022,3
12,Florida,120779,1,1,1,0,99,PALM BEACH (99),1750,LAKE WORTH,4,Abril,1,2022,21,21,US-1,2,US Highway,Urbano,Arteria Menor,State Highway Agency,0,Sin jurisdiccion especial,99998,26.62152778,-80.05718611,Peaton,El primer evento no fue una colision con un vehiculo automotor en transporte,Not an Intersection,No fue interseccion,Sobre calle,Ninguna,Oscuro con iluminacion,Despejado,No,NO APLICA,99,99,99,99,1,01/04/2022,2
12,Florida,120780,0,0,1,0,99,PALM BEACH (99),0,NO APLICA,4,Abril,2,2022,5,30,SR-808,3,Highway estatal,Urbano,Arteria Principal,State Highway Agency,1,Sin jurisdiccion especial,99998,26.36793889,-80.19453611,Banqueta,El primer evento no fue una colision con un vehiculo automotor en transporte,Four-Way Intersection,Interseccion de 4 direcciones,Sobre el lado de la calle,Ninguna,Oscuro - iluminacion desconocida,Despejado,No,NO APLICA,99,99,99,99,1,02/04/2022,1
12,Florida,120781,0,0,2,0,61,INDIAN RIVER (61),3070,VERO BEACH,3,Marzo,31,2022,18,46,US-1,2,US Highway,Urbano,Arteria Principal,State Highway Agency,1,Sin jurisdiccion especial,99998,27.65526944,-80.40195,Vehiculo en movimiento,Angulo,Not an Intersection,No fue interseccion,Sobre calle,Ninguna,Dia total,Nublado,No,NO APLICA,99,99,99,99,1,31/03/2022,3
12,Florida,120782,0,0,4,0,17,CITRUS (17),0,NO APLICA,3,Marzo,15,2022,23,51,US-19,2,US Highway,Urbano,Arteria Principal,State Highway Agency,1,Sin jurisdiccion especial,99998,28.76455278,-82.55321111,Vehiculo en movimiento,Frente a Detrás,Not an Intersection,No fue interseccion,Sobre calle,Ninguna,Oscuro sin iluminacion,Nublado,No,NO APLICA,23,45,23,51,1,15/03/2022,7
12,Florida,120783,1,1,1,0,101,PASCO (101),0,NO APLICA,3,Marzo,17,2022,20,35,CR-578,4,Calle del Condado,Urbano,Arteria Menor,Not Reported,0,Sin jurisdiccion especial,99998,28.43388611,-82.57981389,Peaton,El primer evento no fue una colision con un vehiculo automotor en transporte,Not an Intersection,No fue interseccion,Sobre calle,Ninguna,Oscuro sin iluminacion,Despejado,No,NO APLICA,20,42,20,49,1,17/03/2022,1
12,Florida,120784,0,0,3,0,31,DUVAL (31),1510,JACKSONVILLE,4,Abril,5,2022,16,40,SR-111,3,Highway estatal,Urbano,Arteria Menor,State Highway Agency,0,Sin jurisdiccion especial,99998,30.37870278,-81.70841111,Vehiculo en movimiento,Angulo,Four-Way Intersection,Interseccion de 4 direcciones,Sobre calle,Ninguna,Dia total,Despejado,No,NO APLICA,99,99,99,99,1,05/04/2022,8
12,Florida,120785,1,1,1,0,99,PALM BEACH (99),210,BELLE GLADE,4,Abril,4,2022,2,25,SR-715,3,Highway estatal,Urbano,Arteria Menor,State Highway Agency,0,Sin jurisdiccion especial,99998,26.68455,-80.68395,Peaton,El primer evento no fue una colision con un vehiculo automotor en transporte,Not an Intersection,No fue interseccion,Sobre calle,Ninguna,Oscuro sin iluminacion,Despejado,No,NO APLICA,99,99,99,99,1,04/04/2022,1
12,Florida,120786,0,0,1,0,86,MIAMI-DADE (86),0,NO APLICA,3,Marzo,30,2022,1,50,SR-826,3,Highway estatal,Urbano,Arterial Principal -Freeway o ExpressWay,State Highway Agency,1,Sin jurisdiccion especial,99998,25.92660556,-80.23801389,Valla Ferrocarril,El primer evento no fue una colision con un vehiculo automotor en transporte,Not an Intersection,No fue interseccion,Sobre el lado de la calle,Ninguna,Oscuro con iluminacion,Despejado,No,NO APLICA,99,99,99,99,1,30/03/2022,1
12,Florida,120787,0,0,1,0,57,HILLSBOROUGH (57),1919,MANGO,3,Marzo,2,2022,19,6,I-4,1,Interestatal,Urbano,Interestatal,State Highway Agency,1,Sin jurisdiccion especial,99998,28.00330556,-82.31938611,Barrera de Trafico de Concreto,El primer evento no fue una colision con un vehiculo automotor en transporte,Not an Intersection,No fue interseccion,En el medio,Ninguna,Oscuro con iluminacion,Despejado,No,NO APLICA,99,99,99,99,1,02/03/2022,1
12,Florida,120788,0,0,1,0,81,MANATEE (81),0,NO APLICA,3,Marzo,27,2022,2,33,44TH AVENUE EAST,9,Desconocido,Urbano,Arteria Menor,Not Reported,0,Sin jurisdiccion especial,99998,27.46225556,-82.53589444,Banqueta,El primer evento no fue una colision con un vehiculo automotor en transporte,Not an Intersection,No fue interseccion,Sobre el lado de la calle,Ninguna,Oscuro con iluminacion,Despejado,No,NO APLICA,99,99,99,99,1,27/03/2022,1
12,Florida,120790,0,0,2,0,31,DUVAL (31),1510,JACKSONVILLE,3,Marzo,22,2022,10,48,I-95,1,Interestatal,Urbano,Interestatal,State Highway Agency,1,Sin jurisdiccion especial,99998,30.29071111,-81.62971111,Barrera de Trafico de Concreto,El primer evento no fue una colision con un vehiculo automotor en transporte,Not an Intersection,No fue interseccion,Sobre el lado de la calle,Ninguna,Dia total,Despejado,No,NO APLICA,99,99,99,99,1,22/03/2022,3
12,Florida,120791,1,1,1,0,107,PUTNAM (107),0,NO APLICA,2,Febrero,27,2022,12,41,2513 WALKER DR,9,Desconocido,Rural,Local,Not Reported,0,Sin jurisdiccion especial,99998,29.70570278,-81.85842778,Peaton,El primer evento no fue una colision con un vehiculo automotor en transporte,Not an Intersection,No fue interseccion,Sobre calle,Ninguna,Dia total,Despejado,No,NO APLICA,99,99,99,99,1,27/02/2022,2
12,Florida,120792,0,0,3,0,99,PALM BEACH (99),330,BOYNTON BEACH,3,Marzo,23,2022,12,53,CR-807,4,Calle del Condado,Urbano,Arteria Principal,Not Reported,0,Sin jurisdiccion especial,99998,26.48671944,-80.08999444,Vehiculo en movimiento,Angulo,Four-Way Intersection,Interseccion de 4 direcciones,Sobre calle,Ninguna,Dia total,Despejado,Yes,NO APLICA,99,99,99,99,1,23/03/2022,4
12,Florida,120793,0,0,1,0,5,BAY (5),2451,PANAMA CITY BEACH,4,Abril,5,2022,2,44,SR-30,3,Highway estatal,Urbano,Arteria Menor,State Highway Agency,0,Sin jurisdiccion especial,99998,30.18845833,-85.76036944,Banqueta,El primer evento no fue una colision con un vehiculo automotor en transporte,Not an Intersection,No fue interseccion,Sobre el lado de la calle,Ninguna,Oscuro con iluminacion,Despejado,No,NO APLICA,99,98,99,98,1,05/04/2022,1
12,Florida,120794,1,1,1,0,5,BAY (5),488,CEDAR GROVE,3,Marzo,26,2022,14,0,2537 CEDAR LANE,9,Desconocido,Rural,Local,Not Reported,0,Sin jurisdiccion especial,99998,30.18075556,-85.62715833,Peaton,El primer evento no fue una colision con un vehiculo automotor en transporte,Not an Intersection,No fue interseccion,"Fuera de la calle, ubicacion desconocida",Ninguna,Dia total,Despejado,No,NO APLICA,99,99,99,99,1,26/03/2022,1
12,Florida,120795,0,0,1,0,99,PALM BEACH (99),330,BOYNTON BEACH,3,Marzo,26,2022,17,3,18TH ST,6,Calle Local Municipalidad,Urbano,Local,Not Reported,0,Sin jurisdiccion especial,99998,26.51855556,-80.08244722,Arbol,El primer evento no fue una colision con un vehiculo automotor en transporte,Not an Intersection,No fue interseccion,Sobre el lado de la calle,Ninguna,Dia total,Despejado,No,NO APLICA,99,99,99,99,1,26/03/2022,1
12,Florida,120796,0,0,1,0,115,SARASOTA (115),0,NO APLICA,3,Marzo,10,2022,16,40,I-75,1,Interestatal,Urbano,Interestatal,State Highway Agency,1,Sin jurisdiccion especial,99998,27.10871111,-82.38423056,Otro objeto (no fijo),El primer evento no fue una colision con un vehiculo automotor en transporte,Not an Intersection,No fue interseccion,Sobre calle,Ninguna,Dia total,Despejado,No,NO APLICA,99,99,99,99,1,10/03/2022,1
12,Florida,120798,0,0,2,1,86,MIAMI-DADE (86),2020,MIAMI BEACH,4,Abril,1,2022,7,8,SR-934,3,Highway estatal,Urbano,Arteria Principal,State Highway Agency,1,Sin jurisdiccion especial,99998,25.85576944,-80.12921944,Vehiculo Aparcado,El primer evento no fue una colision con un vehiculo automotor en transporte,Not an Intersection,No fue interseccion,Sobre el lado de la calle,Ninguna,Dia total,Despejado,No,NO APLICA,99,99,99,99,1,01/04/2022,1
12,Florida,120799,0,0,2,0,71,LEE (71),0,NO APLICA,4,Abril,6,2022,18,42,SUMMERLIN RD,6,Calle Local Municipalidad,Urbano,Arteria Menor,Not Reported,0,Sin jurisdiccion especial,99998,26.49396944,-81.95955556,Vehiculo en movimiento,Angulo,Four-Way Intersection,Interseccion de 4 direcciones,Sobre calle,Ninguna,Dia total,Despejado,No,NO APLICA,99,99,99,99,1,06/04/2022,3
12,Florida,120800,0,0,3,0,95,ORANGE (95),2360,ORLANDO,4,Abril,1,2022,2,14,SR-408 EB,3,Highway estatal,Urbano,Arterial Principal -Freeway o ExpressWay,State Highway Agency,1,Sin jurisdiccion especial,99998,28.53946667,-81.31624167,Vehiculo en movimiento,Frente a frente,Not an Intersection,No fue interseccion,Sobre calle,Ninguna,Oscuro con iluminacion,lluvia,No,NO APLICA,99,99,99,99,1,01/04/2022,9
12,Florida,120801,0,0,2,0,31,DUVAL (31),1510,JACKSONVILLE,3,Marzo,30,2022,20,47,SR-105,3,Highway estatal,Urbano,Arteria Menor,State Highway Agency,0,Sin jurisdiccion especial,99998,30.39668889,-81.46271111,Vehiculo en movimiento,Angulo,Not an Intersection,No fue interseccion,Sobre calle,Ninguna,Oscuro con iluminacion,Despejado,No,NO APLICA,99,99,99,99,1,30/03/2022,2
12,Florida,120802,0,0,2,0,86,MIAMI-DADE (86),0,NO APLICA,3,Marzo,10,2022,3,1,SR-997,3,Highway estatal,Rural,Arteria Principal,State Highway Agency,1,Sin jurisdiccion especial,99998,25.617175,-80.47941389,Vehiculo en movimiento,Angulo,Not an Intersection,No fue interseccion,Sobre calle,Ninguna,Oscuro con iluminacion,Despejado,No,NO APLICA,99,99,99,99,1,10/03/2022,2
12,Florida,120803,1,1,1,0,103,PINELLAS (103),2730,SAINT PETERSBURG,4,Abril,3,2022,0,52,CENTRAL AVE,6,Calle Local Municipalidad,Urbano,Arteria Menor,Not Reported,0,Sin jurisdiccion especial,99998,27.771075,-82.65558611,Peaton,El primer evento no fue una colision con un vehiculo automotor en transporte,Not an Intersection,No fue interseccion,Sobre calle,Ninguna,Oscuro con iluminacion,Nublado,No,NO APLICA,99,99,99,99,1,03/04/2022,2
12,Florida,120804,1,1,1,0,51,HENDRY (51),0,NO APLICA,4,Abril,2,2022,3,40,SR-29,3,Highway estatal,Rural,Arteria Principal,State Highway Agency,1,Sin jurisdiccion especial,99998,26.66813056,-81.43633056,Peaton,El primer evento no fue una colision con un vehiculo automotor en transporte,Not an Intersection,No fue interseccion,Sobre calle,Ninguna,Oscuro sin iluminacion,Neblina o Humo,No,NO APLICA,99,99,99,99,1,02/04/2022,1
12,Florida,120805,0,0,2,0,123,TAYLOR (123),0,NO APLICA,4,Abril,1,2022,20,55,US-19,2,US Highway,Rural,Arteria Principal,State Highway Agency,1,Sin jurisdiccion especial,99998,30.08277778,-83.5011,Vehiculo en movimiento,Frente a frente,Not an Intersection,No fue interseccion,Sobre calle,Ninguna,Oscuro sin iluminacion,Despejado,No,NO APLICA,99,99,99,99,2,01/04/2022,3
12,Florida,120806,0,0,3,0,127,VOLUSIA (127),0,NO APLICA,3,Marzo,1,2022,6,18,SR-415,3,Highway estatal,Rural,Arteria Menor,State Highway Agency,0,Sin jurisdiccion especial,99998,28.94591111,-81.10056944,Vehiculo en movimiento,Frente a frente,Not an Intersection,No fue interseccion,Sobre calle,Ninguna,Dia total,Despejado,No,NO APLICA,99,99,99,99,1,01/03/2022,3
12,Florida,120807,0,0,2,0,81,MANATEE (81),0,NO APLICA,4,Abril,2,2022,23,20,SR-70,3,Highway estatal,Urbano,Arteria Principal,State Highway Agency,1,Sin jurisdiccion especial,99998,27.44781944,-82.54668056,Vehiculo en movimiento,Frente a frente,Four-Way Intersection,Interseccion de 4 direcciones,Sobre calle,Ninguna,Oscuro con iluminacion,Nublado,No,NO APLICA,99,99,99,99,1,02/04/2022,6
12,Florida,120808,1,1,2,1,33,ESCAMBIA (33),0,NO APLICA,3,Marzo,30,2022,12,4,7200 FLOYD AVENUE,9,Desconocido,Rural,Local,Not Reported,0,Sin jurisdiccion especial,99998,30.49836944,-87.28765,Peaton,El primer evento no fue una colision con un vehiculo automotor en transporte,Not an Intersection,No fue interseccion,Sobre calle,Ninguna,Dia total,Nublado,No,NO APLICA,99,99,99,99,1,30/03/2022,1
12,Florida,120809,1,1,2,0,95,ORANGE (95),0,NO APLICA,4,Abril,5,2022,12,42,CURRY FORD ROAD,6,Calle Local Municipalidad,Urbano,Arteria Menor,Not Reported,0,Sin jurisdiccion especial,99998,28.51029722,-81.22454722,Peaton,El primer evento no fue una colision con un vehiculo automotor en transporte,Not an Intersection,No fue interseccion,Sobre calle,Ninguna,Dia total,Despejado,No,NO APLICA,99,99,99,99,1,05/04/2022,3
12,Florida,120810,1,1,1,0,83,MARION (83),0,NO APLICA,3,Marzo,28,2022,19,0,CR-318,4,Calle del Condado,Rural,Colector Mayor,Not Reported,0,Sin jurisdiccion especial,99998,29.40371111,-82.35995,Peaton,El primer evento no fue una colision con un vehiculo automotor en transporte,Not an Intersection,No fue interseccion,Sobre calle,Ninguna,Dia total,Despejado,No,NO APLICA,99,99,99,99,1,28/03/2022,1
12,Florida,120811,0,0,2,0,99,PALM BEACH (99),290,BOCA RATON,4,Abril,6,2022,23,1,I-95,1,Interestatal,Urbano,Interestatal,State Highway Agency,1,Sin jurisdiccion especial,99998,26.350725,-80.11721111,Vehiculo en movimiento,Angulo,Four-Way Intersection,Interseccion de 4 direcciones,Sobre calle,Ninguna,Oscuro con iluminacion,Despejado,No,NO APLICA,99,99,99,99,1,06/04/2022,2
12,Florida,120812,0,0,1,0,33,ESCAMBIA (33),0,NO APLICA,4,Abril,3,2022,14,45,SR-97,3,Highway estatal,Rural,Arteria Menor,State Highway Agency,0,Sin jurisdiccion especial,99998,30.84552222,-87.43529167,Culvert,El primer evento no fue una colision con un vehiculo automotor en transporte,Not an Intersection,No fue interseccion,Sobre el lado de la calle,Ninguna,Dia total,Despejado,No,NO APLICA,99,99,99,99,1,03/04/2022,1
12,Florida,120813,1,1,1,0,9,BREVARD (9),0,NO APLICA,3,Marzo,12,2022,0,30,US-1,2,US Highway,Urbano,Arteria Principal,County Highway Agency,1,Sin jurisdiccion especial,99998,28.4233,-80.7575,Peaton,El primer evento no fue una colision con un vehiculo automotor en transporte,Not an Intersection,No fue interseccion,Sobre calle,Ninguna,Oscuro con iluminacion,Nublado,No,NO APLICA,99,99,99,99,1,12/03/2022,1
12,Florida,120814,0,0,2,0,86,MIAMI-DADE (86),2023,MIAMI GARDENS,3,Marzo,23,2022,0,15,NW 199TH ST,6,Calle Local Municipalidad,Urbano,Arteria Menor,Not Reported,0,Sin jurisdiccion especial,99998,25.95487222,-80.234625,Vehiculo en movimiento,Frente a frente,Not an Intersection,No fue interseccion,Sobre calle,Ninguna,Oscuro con iluminacion,Nublado,No,NO APLICA,99,99,99,99,1,23/03/2022,3
12,Florida,120815,0,0,2,0,127,VOLUSIA (127),780,DAYTONA BEACH,4,Abril,1,2022,19,58,US-1,2,US Highway,Urbano,Arteria Principal,State Highway Agency,1,Sin jurisdiccion especial,99998,29.226525,-81.03120556,Vehiculo en movimiento,Angulo,Four-Way Intersection,Interseccion de 4 direcciones,Sobre calle,Ninguna,Atardecer,Despejado,No,NO APLICA,99,99,99,99,1,01/04/2022,2
12,Florida,120816,1,1,1,0,86,MIAMI-DADE (86),1030,FLORIDA CITY,4,Abril,6,2022,20,50,S REDLAND RD,6,Calle Local Municipalidad,Urbano,Arteria Menor,Not Reported,0,Sin jurisdiccion especial,99998,25.44376667,-80.49334167,Peaton,El primer evento no fue una colision con un vehiculo automotor en transporte,Not an Intersection,No fue interseccion,Sobre calle,Ninguna,Oscuro con iluminacion,Despejado,No,NO APLICA,99,99,99,99,1,06/04/2022,1
12,Florida,120817,0,0,2,0,127,VOLUSIA (127),810,DELAND,4,Abril,3,2022,22,4,US-92,2,US Highway,Urbano,Arteria Principal,State Highway Agency,1,Sin jurisdiccion especial,99998,29.05540556,-81.28253611,Vehiculo en movimiento,Frente a frente,Not an Intersection,No fue interseccion,Sobre calle,Ninguna,Oscuro sin iluminacion,Despejado,No,NO APLICA,99,99,99,99,1,03/04/2022,3
12,Florida,120818,0,0,2,0,9,BREVARD (9),0,NO APLICA,4,Abril,6,2022,20,6,SR-50,3,Highway estatal,Rural,Arteria Principal,State Highway Agency,1,Sin jurisdiccion especial,99998,28.55064167,-80.86793611,Vehiculo en movimiento,Frente a Detrás,Not an Intersection,No fue interseccion,Sobre calle,Ninguna,Oscuro sin iluminacion,Despejado,No,NO APLICA,99,99,99,99,1,06/04/2022,3
12,Florida,120819,0,0,2,0,83,MARION (83),0,NO APLICA,4,Abril,1,2022,11,28,CR-484,4,Calle del Condado,Urbano,Arteria Menor,Not Reported,0,Sin jurisdiccion especial,99998,29.02547778,-82.17003056,Vehiculo en movimiento,Angulo,T-Intersection,Interseccion de T,Sobre calle,Ninguna,Dia total,Nublado,No,NO APLICA,99,99,99,99,1,01/04/2022,2
12,Florida,120820,0,0,3,0,31,DUVAL (31),1510,JACKSONVILLE,4,Abril,10,2022,1,50,SR-102,3,Highway estatal,Urbano,Local,State Highway Agency,0,Sin jurisdiccion especial,99998,30.48310278,-81.65141667,Vehiculo en movimiento,Frente a frente,Four-Way Intersection,Interseccion de 4 direcciones,Sobre calle,Ninguna,Oscuro con iluminacion,Despejado,No,NO APLICA,99,99,99,99,1,10/04/2022,4
12,Florida,120821,0,0,1,0,1,ALACHUA (1),0,NO APLICA,4,Abril,3,2022,17,20,SR-20,3,Highway estatal,Rural,Arteria Principal,State Highway Agency,1,Sin jurisdiccion especial,99998,29.60951389,-82.23996389,Volcadura,El primer evento no fue una colision con un vehiculo automotor en transporte,Not an Intersection,No fue interseccion,En el medio,Ninguna,Dia total,Despejado,No,NO APLICA,99,99,99,99,1,03/04/2022,1
12,Florida,120822,0,0,2,0,103,PINELLAS (103),0,NO APLICA,3,Marzo,30,2022,17,40,46TH AVE N,8,Otro,Urbano,Colector Mayor,County Highway Agency,0,Sin jurisdiccion especial,99998,27.81366111,-82.7368,Vehiculo en movimiento,Frente a frente,Four-Way Intersection,Interseccion de 4 direcciones,Sobre calle,Ninguna,Dia total,Despejado,No,NO APLICA,99,99,99,99,1,30/03/2022,2
12,Florida,120823,0,1,2,1,105,POLK (105),1690,LAKELAND,4,Abril,10,2022,7,39,SR-546,3,Highway estatal,Urbano,Arteria Principal,State Highway Agency,1,Sin jurisdiccion especial,99998,28.05321667,-82.00504722,Vehiculo Aparcado,El primer evento no fue una colision con un vehiculo automotor en transporte,Not an Intersection,No fue interseccion,En el medio,Ninguna,Dia total,Despejado,No,NO APLICA,99,99,99,99,1,10/04/2022,1
12,Florida,120824,0,0,2,0,127,VOLUSIA (127),2190,NEW SMYRNA BEACH,4,Abril,3,2022,3,41,SR-44,3,Highway estatal,Urbano,Arteria Principal,State Highway Agency,1,Sin jurisdiccion especial,99998,29.01270278,-80.98720833,Vehiculo en movimiento,Frente a Detrás,Four-Way Intersection,Interseccion de 4 direcciones,Sobre calle,Ninguna,Oscuro sin iluminacion,Despejado,No,NO APLICA,99,99,99,99,1,03/04/2022,4
12,Florida,120825,0,0,2,0,9,BREVARD (9),3000,TITUSVILLE,4,Abril,4,2022,18,2,SISSON RD,6,Calle Local Municipalidad,Urbano,Colector Mayor,City or Municipal Highway Agency,0,Sin jurisdiccion especial,99998,28.53431944,-80.80753889,Vehiculo en movimiento,Angulo,Not an Intersection,No fue interseccion,Sobre calle,Ninguna,Dia total,Despejado,No,NO APLICA,99,99,99,99,1,04/04/2022,2
12,Florida,120826,0,0,4,0,11,BROWARD (11),2570,POMPANO BEACH,4,Abril,7,2022,14,14,I-95,1,Interestatal,Urbano,Interestatal,State Highway Agency,1,Sin jurisdiccion especial,99998,26.24821111,-80.13665556,Vehiculo en movimiento,Frente a Detrás,Not an Intersection,No fue interseccion,Sobre calle,Ninguna,Dia total,Nublado,No,NO APLICA,99,99,99,99,1,07/04/2022,5
12,Florida,120827,0,0,1,0,81,MANATEE (81),0,NO APLICA,3,Marzo,28,2022,15,25,US-301,2,US Highway,Urbano,Arteria Principal,State Highway Agency,1,Sin jurisdiccion especial,99998,27.52193333,-82.51760556,Volcadura,El primer evento no fue una colision con un vehiculo automotor en transporte,Not an Intersection,No fue interseccion,Sobre Acotamiento,Ninguna,Dia total,Despejado,No,NO APLICA,99,99,99,99,1,28/03/2022,1