Estado,Nombre de Estado,Numero de Caso,Peatones,Personas _no_vehiculos,Vehiculos automotores,Vehiculos estacionados,Condado,Nombre Condado,Ciudad,Nombre Ciudad,Mes,Nombre Mes,Dia,Año,Hora,Minuto,Calle,Ruta,Nombre Ruta,Rural o Urbanoo,Sistema Funcional,Dueño Calle,Sistema Nacional Carreteras,Jurisdiccion Especial,Milla,Latitud,Longitud,Causa del Accidente,Tipo de Accidente,Tipo Interseccion,Columna1,Lugar en la calle,Zona de Trabajo,Luz,Clima,Autobus Escolar,Cruce de Trenes,Hora Notificacion,Minuto Notificacion,Hora Llegada,Minuto Llegada,Decesos,Fecha,PersonaVehiculo
12,Florida,120828,0,0,1,0,95,ORANGE (95),0,NO APLICA,1,Enero,14,2022,2,30,SR-434,3,Highway estatal,Urbano,Arteria Principal,State Highway Agency,0,Sin jurisdiccion especial,99998,28.60496944,-81.41817778,Banqueta,El primer evento no fue una colision con un vehiculo automotor en transporte,Not an Intersection,No fue interseccion,En el medio,Ninguna,Oscuro con iluminacion,Despejado,No,NO APLICA,99,99,99,99,1,14/01/2022,1
12,Florida,120829,0,0,1,0,95,ORANGE (95),0,NO APLICA,2,Febrero,22,2022,14,35,SR-423,3,Highway estatal,Urbano,Arteria Principal,State Highway Agency,1,Sin jurisdiccion especial,99998,28.60586944,-81.38506111,Banqueta,El primer evento no fue una colision con un vehiculo automotor en transporte,Four-Way Intersection,Interseccion de 4 direcciones,Sobre el lado de la calle,Ninguna,Dia total,Despejado,No,NO APLICA,99,99,99,99,1,22/02/2022,1
12,Florida,120830,0,0,1,0,33,ESCAMBIA (33),0,NO APLICA,4,Abril,8,2022,0,10,US-90,2,US Highway,Urbano,Arteria Principal,State Highway Agency,1,Sin jurisdiccion especial,99998,30.52038333,-87.38418056,Culvert,El primer evento no fue una colision con un vehiculo automotor en transporte,Not an Intersection,No fue interseccion,Sobre el lado de la calle,Ninguna,Oscuro sin iluminacion,Despejado,No,NO APLICA,99,99,99,99,1,08/04/2022,1
12,Florida,120831,0,0,2,0,79,MADISON (79),0,NO APLICA,4,Abril,7,2022,6,30,SR-53,3,Highway estatal,Rural,Arteria Menor,State Highway Agency,0,Sin jurisdiccion especial,99998,30.58275278,-83.42773889,Vehiculo en movimiento,Angulo,Four-Way Intersection,Interseccion de 4 direcciones,Sobre calle,Ninguna,Oscuro sin iluminacion,Nublado,No,NO APLICA,6,99,6,99,1,07/04/2022,2
12,Florida,120832,1,1,1,0,117,SEMINOLE (117),1840,LONGWOOD,2,Febrero,24,2022,20,22,SR-434,3,Highway estatal,Urbano,Arteria Principal,State Highway Agency,1,Sin jurisdiccion especial,99998,28.69788889,-81.36638611,Peaton,El primer evento no fue una colision con un vehiculo automotor en transporte,Not an Intersection,No fue interseccion,Sobre calle,Ninguna,Oscuro sin iluminacion,Despejado,No,NO APLICA,99,99,99,99,1,24/02/2022,1
12,Florida,120833,0,0,1,0,69,LAKE (69),1820,LEESBURG,2,Febrero,16,2022,4,3,US-27,2,US Highway,Urbano,Arteria Principal,State Highway Agency,1,Sin jurisdiccion especial,99998,28.8248,-81.88731111,Banqueta,El primer evento no fue una colision con un vehiculo automotor en transporte,Not an Intersection,No fue interseccion,En el medio,Ninguna,Oscuro con iluminacion,Despejado,No,NO APLICA,99,99,99,99,2,16/02/2022,2
12,Florida,120834,0,0,2,0,71,LEE (71),1070,FORT MYERS,3,Marzo,3,2022,10,35,TREELINE AVE,6,Calle Local Municipalidad,Urbano,Arteria Menor,Not Reported,0,Sin jurisdiccion especial,99998,26.57205833,-81.78157222,Vehiculo en movimiento,Angulo,T-Intersection,Interseccion de T,Sobre calle,Ninguna,Dia total,Despejado,No,NO APLICA,99,99,99,99,1,03/03/2022,2
12,Florida,120835,0,0,2,0,103,PINELLAS (103),2530,PINELLAS PARK,3,Marzo,27,2022,11,2,PARK BLVD N,6,Calle Local Municipalidad,Urbano,Arteria Principal,Not Reported,0,Sin jurisdiccion especial,99998,27.83915,-82.73943056,Vehiculo en movimiento,Angulo,Four-Way Intersection,Interseccion de 4 direcciones,Sobre calle,Ninguna,Dia total,Despejado,No,NO APLICA,99,99,99,99,1,27/03/2022,2
12,Florida,120836,0,0,2,0,99,PALM BEACH (99),0,NO APLICA,4,Abril,9,2022,14,55,US-441,2,US Highway,Urbano,Arteria Principal,State Highway Agency,1,Sin jurisdiccion especial,99998,26.33319444,-80.20316389,Vehiculo en movimiento,Angulo,Four-Way Intersection,Interseccion de 4 direcciones,Sobre calle,Ninguna,Dia total,Despejado,No,NO APLICA,99,99,99,99,1,09/04/2022,2
12,Florida,120837,0,0,2,0,95,ORANGE (95),2360,ORLANDO,4,Abril,6,2022,6,56,SR-15,3,Highway estatal,Urbano,Arteria Menor,State Highway Agency,0,Sin jurisdiccion especial,99998,28.51681111,-81.33104722,Vehiculo en movimiento,Angulo,Not an Intersection,No fue interseccion,Sobre calle,Ninguna,Amanecer,Despejado,No,NO APLICA,99,99,99,99,1,06/04/2022,2
12,Florida,120838,1,1,1,0,99,PALM BEACH (99),1750,LAKE WORTH,3,Marzo,11,2022,14,9,12TH AVE S,6,Calle Local Municipalidad,Urbano,Local,Not Reported,0,Sin jurisdiccion especial,99998,26.60173056,-80.07021111,Buzon de correo,El primer evento no fue una colision con un vehiculo automotor en transporte,T-Intersection,Interseccion de T,Sobre el lado de la calle,Ninguna,Dia total,Despejado,No,NO APLICA,99,99,99,99,1,11/03/2022,4
12,Florida,120839,0,0,2,0,86,MIAMI-DADE (86),1340,HIALEAH,4,Abril,7,2022,11,30,SR-823,3,Highway estatal,Urbano,Arteria Principal,State Highway Agency,1,Sin jurisdiccion especial,99998,25.89361111,-80.29181389,Vehiculo en movimiento,Angulo,Not an Intersection,No fue interseccion,Sobre calle,Ninguna,Dia total,Despejado,No,NO APLICA,99,99,99,99,1,07/04/2022,2
12,Florida,120840,0,0,2,0,81,MANATEE (81),0,NO APLICA,3,Marzo,29,2022,23,35,SR-70,3,Highway estatal,Rural,Arteria Principal,State Highway Agency,1,Sin jurisdiccion especial,99998,27.31959444,-82.117025,Vehiculo en movimiento,Frente a frente,Not an Intersection,No fue interseccion,Sobre calle,Ninguna,Oscuro sin iluminacion,Despejado,No,NO APLICA,99,99,99,99,2,29/03/2022,7
12,Florida,120841,0,0,2,0,95,ORANGE (95),0,NO APLICA,3,Marzo,29,2022,21,56,SR-50,3,Highway estatal,Urbano,Arteria Principal,State Highway Agency,1,Sin jurisdiccion especial,99998,28.56161389,-81.30485833,Vehiculo en movimiento,Angulo,Not an Intersection,No fue interseccion,Sobre calle,Ninguna,Oscuro con iluminacion,Despejado,No,NO APLICA,99,99,99,99,1,29/03/2022,2
12,Florida,120842,0,0,2,0,83,MARION (83),0,NO APLICA,4,Abril,11,2022,13,36,CR-464,4,Calle del Condado,Urbano,Arteria Menor,Not Reported,0,Sin jurisdiccion especial,99998,29.10856111,-82.01708056,Vehiculo en movimiento,Angulo,Four-Way Intersection,Interseccion de 4 direcciones,Sobre calle,Ninguna,Dia total,Despejado,No,NO APLICA,99,99,99,99,1,11/04/2022,2
12,Florida,120843,0,0,1,0,9,BREVARD (9),1558,JUNE PARK,4,Abril,9,2022,4,30,I-95,1,Interestatal,Urbano,Interestatal,State Highway Agency,1,Sin jurisdiccion especial,99998,28.06285,-80.69248889,Volcadura,El primer evento no fue una colision con un vehiculo automotor en transporte,Not an Intersection,No fue interseccion,Sobre el lado de la calle,Ninguna,Oscuro sin iluminacion,Despejado,No,NO APLICA,99,99,99,99,1,09/04/2022,2
12,Florida,120844,0,0,8,0,131,WALTON (131),0,NO APLICA,4,Abril,3,2022,20,3,US-331,2,US Highway,Rural,Arteria Principal,State Highway Agency,1,Sin jurisdiccion especial,99998,30.49260833,-86.12075,Vehiculo en movimiento,Frente a Detrás,Four-Way Intersection,Interseccion de 4 direcciones,Sobre calle,Ninguna,Oscuro con iluminacion,Despejado,No,NO APLICA,99,99,99,99,1,03/04/2022,21
12,Florida,120845,0,0,2,0,99,PALM BEACH (99),0,NO APLICA,4,Abril,11,2022,15,4,US-441,2,US Highway,Urbano,Arteria Principal,State Highway Agency,1,Sin jurisdiccion especial,99998,26.41353333,-80.20395278,Vehiculo en movimiento,Angulo,Four-Way Intersection,Interseccion de 4 direcciones,Sobre calle,Ninguna,Dia total,Despejado,No,NO APLICA,99,99,99,99,1,11/04/2022,2
12,Florida,120846,0,0,1,0,83,MARION (83),0,NO APLICA,3,Marzo,5,2022,20,50,US-27,2,US Highway,Rural,Arteria Principal,State Highway Agency,1,Sin jurisdiccion especial,99998,29.23139722,-82.26806667,Volcadura,El primer evento no fue una colision con un vehiculo automotor en transporte,Not an Intersection,No fue interseccion,En el medio,Ninguna,Oscuro sin iluminacion,Despejado,No,NO APLICA,99,99,99,99,1,05/03/2022,1
12,Florida,120847,0,0,2,0,83,MARION (83),0,NO APLICA,4,Abril,4,2022,6,40,NE 42ND ST,8,Otro,Urbano,Local,County Highway Agency,0,Sin jurisdiccion especial,99998,29.23026944,-82.11618889,Vehiculo en movimiento,Frente a frente,Not an Intersection,No fue interseccion,Sobre calle,Ninguna,Oscuro sin iluminacion,Despejado,No,NO APLICA,99,99,99,99,1,04/04/2022,2
12,Florida,120848,0,0,1,0,117,SEMINOLE (117),0,NO APLICA,4,Abril,1,2022,23,48,SR-436,3,Highway estatal,Urbano,Arteria Principal,State Highway Agency,1,Sin jurisdiccion especial,99998,28.67065833,-81.45343889,Banqueta,El primer evento no fue una colision con un vehiculo automotor en transporte,Not an Intersection,No fue interseccion,En el medio,Ninguna,Oscuro con iluminacion,Despejado,No,NO APLICA,99,99,99,99,1,01/04/2022,1
12,Florida,120850,0,0,2,0,107,PUTNAM (107),0,NO APLICA,3,Marzo,28,2022,13,0,UNION AVE,6,Calle Local Municipalidad,Rural,Colector Menor,Not Reported,0,Sin jurisdiccion especial,99998,29.43746111,-81.5359,Vehiculo en movimiento,Detrás a Lado. ,Not an Intersection,No fue interseccion,Sobre calle,Ninguna,Dia total,Despejado,No,NO APLICA,99,99,99,99,1,28/03/2022,2
12,Florida,120851,0,0,2,0,119,SUMTER (119),0,NO APLICA,4,Abril,1,2022,16,32,SR-471,3,Highway estatal,Rural,Arteria Menor,State Highway Agency,0,Sin jurisdiccion especial,99998,28.59768333,-82.05468611,Vehiculo en movimiento,Frente a frente,Not an Intersection,No fue interseccion,Sobre calle,Ninguna,Dia total,Despejado,No,NO APLICA,16,32,16,40,2,01/04/2022,3
12,Florida,120852,0,0,1,0,57,HILLSBOROUGH (57),0,NO APLICA,4,Abril,9,2022,3,38,WILSKY BLVD,8,Otro,Urbano,Local,Not Reported,0,Sin jurisdiccion especial,99998,28.03240556,-82.56623056,Poste de Señal de trafico,El primer evento no fue una colision con un vehiculo automotor en transporte,Four-Way Intersection,Interseccion de 4 direcciones,En el medio,Ninguna,Oscuro con iluminacion,Despejado,No,NO APLICA,99,99,99,99,1,09/04/2022,1
12,Florida,120853,0,0,2,0,86,MIAMI-DADE (86),2030,MIAMI SHORES,4,Abril,10,2022,0,30,US-1,2,US Highway,Urbano,Arteria Principal,State Highway Agency,1,Sin jurisdiccion especial,99998,25.86135833,-80.18120278,Vehiculo en movimiento,Angulo,T-Intersection,Interseccion de T,Sobre calle,Ninguna,Oscuro con iluminacion,Despejado,No,NO APLICA,99,99,99,99,1,10/04/2022,2
12,Florida,120855,1,1,1,0,5,BAY (5),2450,PANAMA CITY,3,Marzo,31,2022,19,42,SR-30A,3,Highway estatal,Urbano,Arteria Principal,State Highway Agency,1,Sin jurisdiccion especial,99998,30.17535833,-85.68897222,Peaton,El primer evento no fue una colision con un vehiculo automotor en transporte,Four-Way Intersection,Interseccion de 4 direcciones,Sobre calle,Ninguna,Oscuro con iluminacion,Despejado,No,NO APLICA,99,99,99,99,1,31/03/2022,1
12,Florida,120856,2,2,1,0,69,LAKE (69),1630,LADY LAKE,4,Abril,9,2022,16,11,BICHARA BLVD,6,Calle Local Municipalidad,Urbano,Local,Not Reported,0,Sin jurisdiccion especial,99998,28.93659444,-81.944425,Otro objeto (no fijo),El primer evento no fue una colision con un vehiculo automotor en transporte,Not an Intersection,No fue interseccion,Sobre calle,Ninguna,Dia total,Despejado,No,NO APLICA,99,99,99,99,2,09/04/2022,1
12,Florida,120858,0,0,2,0,127,VOLUSIA (127),780,DAYTONA BEACH,3,Marzo,28,2022,17,33,US-92,2,US Highway,Urbano,Arteria Principal,State Highway Agency,1,Sin jurisdiccion especial,99998,29.20414167,-81.03800833,Vehiculo en movimiento,Angulo,Four-Way Intersection,Interseccion de 4 direcciones,Sobre calle,Ninguna,Dia total,Despejado,No,NO APLICA,99,99,99,99,1,28/03/2022,5
12,Florida,120859,0,0,1,0,127,VOLUSIA (127),0,NO APLICA,4,Abril,9,2022,3,0,CR-4137,4,Calle del Condado,Urbano,Colector Mayor,County Highway Agency,0,Sin jurisdiccion especial,99998,28.97464444,-80.94195556,Zanja,El primer evento no fue una colision con un vehiculo automotor en transporte,Not an Intersection,No fue interseccion,Sobre el lado de la calle,Ninguna,Oscuro sin iluminacion,Nublado,No,NO APLICA,99,99,99,99,1,09/04/2022,1
12,Florida,120860,1,1,1,0,11,BROWARD (11),1050,FORT LAUDERDALE,3,Marzo,28,2022,23,23,SR-A1A,3,Highway estatal,Urbano,Arteria Menor,State Highway Agency,0,Sin jurisdiccion especial,99998,26.05841667,-80.14385833,Peaton,El primer evento no fue una colision con un vehiculo automotor en transporte,Not an Intersection,No fue interseccion,Sobre calle,Ninguna,Oscuro - iluminacion desconocida,Despejado,No,NO APLICA,99,99,99,99,1,28/03/2022,1
12,Florida,120861,1,1,1,0,11,BROWARD (11),1050,FORT LAUDERDALE,3,Marzo,31,2022,2,0,SR-842,3,Highway estatal,Urbano,Arteria Menor,State Highway Agency,0,Sin jurisdiccion especial,99998,26.11956111,-80.10766111,Ciclista,El primer evento no fue una colision con un vehiculo automotor en transporte,Not an Intersection,No fue interseccion,Sobre el lado de la calle,Ninguna,Oscuro con iluminacion,Despejado,No,NO APLICA,99,99,99,99,1,31/03/2022,2
12,Florida,120862,1,1,1,0,86,MIAMI-DADE (86),0,NO APLICA,4,Abril,4,2022,20,21,22ND AVE,6,Calle Local Municipalidad,Urbano,Arteria Menor,Not Reported,0,Sin jurisdiccion especial,99998,25.81444444,-80.23217222,Peaton,El primer evento no fue una colision con un vehiculo automotor en transporte,Not an Intersection,No fue interseccion,Sobre calle,Ninguna,Oscuro con iluminacion,Despejado,No,NO APLICA,99,99,99,99,1,04/04/2022,1
12,Florida,120863,1,1,1,0,9,BREVARD (9),454,CAPE CANAVERAL,1,Enero,30,2022,20,50,SR-A1A,3,Highway estatal,Urbano,Arteria Principal,State Highway Agency,1,Sin jurisdiccion especial,99998,28.38148611,-80.60564167,Peaton,El primer evento no fue una colision con un vehiculo automotor en transporte,Four-Way Intersection,Interseccion de 4 direcciones,Sobre calle,Ninguna,Oscuro sin iluminacion,Despejado,No,NO APLICA,99,99,99,99,1,30/01/2022,1
12,Florida,120864,0,0,1,0,51,HENDRY (51),0,NO APLICA,3,Marzo,6,2022,15,50,SR-80,3,Highway estatal,Rural,Arteria Principal,State Highway Agency,1,Sin jurisdiccion especial,99998,26.75246389,-81.14561667,Volcadura,El primer evento no fue una colision con un vehiculo automotor en transporte,Not an Intersection,No fue interseccion,En el medio,Ninguna,Dia total,Nublado,No,NO APLICA,99,99,99,99,2,06/03/2022,2
12,Florida,120865,0,0,5,0,86,MIAMI-DADE (86),0,NO APLICA,3,Marzo,19,2022,22,35,SR-823,3,Highway estatal,Urbano,Arteria Principal,State Highway Agency,1,Sin jurisdiccion especial,99998,25.95154722,-80.29435278,Vehiculo en movimiento,Angulo,T-Intersection,Interseccion de T,Sobre calle,Ninguna,Oscuro con iluminacion,Despejado,No,NO APLICA,99,99,99,99,1,19/03/2022,7
12,Florida,120866,0,0,1,0,73,LEON (73),0,NO APLICA,3,Marzo,20,2022,20,50,WHIRLAWAY TRL,8,Otro,Urbano,Local,County Highway Agency,0,Sin jurisdiccion especial,99998,30.54244167,-84.21072778,Volcadura,El primer evento no fue una colision con un vehiculo automotor en transporte,Not an Intersection,No fue interseccion,Sobre calle,Ninguna,Oscuro sin iluminacion,Nublado,No,NO APLICA,99,99,99,99,1,20/03/2022,1
12,Florida,120867,0,0,1,0,105,POLK (105),0,NO APLICA,3,Marzo,29,2022,6,23,LAKE LOWERY RD,8,Otro,Rural,Local,County Highway Agency,0,Sin jurisdiccion especial,99998,28.12264167,-81.69418333,Volcadura,El primer evento no fue una colision con un vehiculo automotor en transporte,Not an Intersection,No fue interseccion,Sobre el lado de la calle,Ninguna,Oscuro sin iluminacion,Neblina o Humo,No,NO APLICA,99,99,99,99,1,29/03/2022,1
12,Florida,120868,0,0,1,0,69,LAKE (69),0,NO APLICA,4,Abril,6,2022,17,36,CR-44,4,Calle del Condado,Urbano,Colector Mayor,State Highway Agency,0,Sin jurisdiccion especial,99998,28.83373889,-81.82433889,Poste de Señal de trafico,El primer evento no fue una colision con un vehiculo automotor en transporte,Four-Way Intersection,Interseccion de 4 direcciones,Sobre el lado de la calle,Ninguna,Dia total,Despejado,No,NO APLICA,99,99,99,99,1,06/04/2022,1
12,Florida,120869,0,0,2,0,86,MIAMI-DADE (86),0,NO APLICA,4,Abril,5,2022,15,10,SR-826 NB EXPRESS,3,Highway estatal,Urbano,Interestatal,State Highway Agency,1,Sin jurisdiccion especial,99998,25.88416944,-80.32375,Vehiculo en movimiento,Angulo,Not an Intersection,No fue interseccion,Sobre calle,Ninguna,Dia total,Despejado,No,NO APLICA,99,99,99,99,1,05/04/2022,3
12,Florida,120870,0,0,1,0,3,BAKER (3),0,NO APLICA,4,Abril,10,2022,15,40,US-90,2,US Highway,Rural,Arteria Menor,State Highway Agency,0,Sin jurisdiccion especial,99998,30.22509722,-82.34271111,Volcadura,El primer evento no fue una colision con un vehiculo automotor en transporte,Not an Intersection,No fue interseccion,Sobre Acotamiento,Ninguna,Dia total,Despejado,No,NO APLICA,99,99,99,99,1,10/04/2022,8
12,Florida,120871,0,0,1,0,69,LAKE (69),0,NO APLICA,3,Marzo,19,2022,2,10,NUMBER 2 RD,9,Desconocido,Urbano,Arteria Menor,Not Reported,0,Sin jurisdiccion especial,99998,28.74398056,-81.83825,Poste o otros soportes,El primer evento no fue una colision con un vehiculo automotor en transporte,Not an Intersection,No fue interseccion,"Fuera de la calle, ubicacion desconocida",Ninguna,Oscuro con iluminacion,Despejado,No,NO APLICA,99,99,99,99,1,19/03/2022,1
12,Florida,120872,0,0,2,0,31,DUVAL (31),1510,JACKSONVILLE,4,Abril,10,2022,13,0,I-295,1,Interestatal,Urbano,Interestatal,State Highway Agency,1,Sin jurisdiccion especial,99998,30.25275278,-81.51328889,Valla Ferrocarril,El primer evento no fue una colision con un vehiculo automotor en transporte,Not an Intersection,No fue interseccion,Sobre el lado de la calle,Ninguna,Dia total,Despejado,No,NO APLICA,99,99,99,99,1,10/04/2022,2
12,Florida,120873,1,1,1,0,69,LAKE (69),0,NO APLICA,3,Marzo,17,2022,15,20,CR-455,4,Calle del Condado,Urbano,Colector Mayor,Not Reported,0,Sin jurisdiccion especial,99998,28.55416111,-81.68231111,Ciclista,El primer evento no fue una colision con un vehiculo automotor en transporte,Not an Intersection,No fue interseccion,Sobre calle,Ninguna,Dia total,Despejado,No,NO APLICA,99,99,99,99,1,17/03/2022,2
12,Florida,120874,0,0,2,0,99,PALM BEACH (99),3190,WEST PALM BEACH,3,Marzo,28,2022,14,15,I-95,1,Interestatal,Urbano,Interestatal,State Highway Agency,1,Sin jurisdiccion especial,99998,26.68985,-80.06660278,Barrera de Trafico de Concreto,El primer evento no fue una colision con un vehiculo automotor en transporte,Not an Intersection,No fue interseccion,En el medio,Ninguna,Dia total,Despejado,No,NO APLICA,99,99,99,99,1,28/03/2022,3
12,Florida,120875,1,1,1,0,57,HILLSBOROUGH (57),1139,GIBSONTON,3,Marzo,23,2022,20,11,US-41,2,US Highway,Urbano,Arteria Principal,State Highway Agency,1,Sin jurisdiccion especial,99998,27.84123056,-82.38158056,Peaton,El primer evento no fue una colision con un vehiculo automotor en transporte,Four-Way Intersection,Interseccion de 4 direcciones,Sobre calle,Ninguna,Oscuro con iluminacion,Despejado,No,NO APLICA,99,99,99,99,1,23/03/2022,1
12,Florida,120876,1,1,1,0,86,MIAMI-DADE (86),0,NO APLICA,3,Marzo,15,2022,20,40,SR-826,3,Highway estatal,Urbano,Interestatal,State Highway Agency,1,Sin jurisdiccion especial,99998,25.92494167,-80.30486389,Peaton,El primer evento no fue una colision con un vehiculo automotor en transporte,Not an Intersection,No fue interseccion,Sobre Acotamiento,Ninguna,Oscuro con iluminacion,Nublado,No,NO APLICA,99,99,99,99,1,15/03/2022,1
12,Florida,120877,0,0,1,0,115,SARASOTA (115),0,NO APLICA,4,Abril,10,2022,23,5,GLEN MEADOW RD,8,Otro,Urbano,Local,Private (other than Railroad),0,Sin jurisdiccion especial,99998,27.21538333,-82.47229167,Volcadura,El primer evento no fue una colision con un vehiculo automotor en transporte,Not an Intersection,No fue interseccion,Sobre el lado de la calle,Ninguna,Oscuro con iluminacion,Despejado,No,NO APLICA,99,99,99,99,1,10/04/2022,1
12,Florida,120878,0,0,1,0,31,DUVAL (31),1510,JACKSONVILLE,3,Marzo,13,2022,0,0,OLD KINGS RD S,6,Calle Local Municipalidad,Urbano,Local,Not Reported,0,Sin jurisdiccion especial,99998,30.23168889,-81.59815278,Banqueta,El primer evento no fue una colision con un vehiculo automotor en transporte,Not an Intersection,No fue interseccion,Sobre el lado de la calle,Ninguna,Oscuro - iluminacion desconocida,Otro,No,NO APLICA,99,98,99,98,1,13/03/2022,1
12,Florida,120879,0,0,2,0,15,CHARLOTTE (15),0,NO APLICA,4,Abril,2,2022,2,35,CR-74,4,Calle del Condado,Rural,Colector Mayor,County Highway Agency,0,Sin jurisdiccion especial,99998,26.94523611,-81.62968889,Vehiculo en movimiento,Frente a frente,Not an Intersection,No fue interseccion,Sobre calle,Ninguna,Oscuro sin iluminacion,Neblina o Humo,No,NO APLICA,99,99,99,99,3,02/04/2022,3
12,Florida,120880,0,0,2,0,99,PALM BEACH (99),0,NO APLICA,1,Enero,1,2022,14,2,SR-809 MILITARY TRL S,3,Highway estatal,Urbano,Arteria Principal,State Highway Agency,1,Sin jurisdiccion especial,99998,26.66679444,-80.11243056,Vehiculo en movimiento,Frente a Detrás,Not an Intersection,No fue interseccion,Sobre calle,Ninguna,Dia total,Despejado,No,NO APLICA,99,99,99,99,2,01/01/2022,3
12,Florida,120881,0,0,2,0,31,DUVAL (31),1510,JACKSONVILLE,4,Abril,19,2022,6,57,SR-13,3,Highway estatal,Urbano,Arteria Menor,State Highway Agency,0,Sin jurisdiccion especial,99998,30.16262222,-81.63256667,Vehiculo en movimiento,Angulo,T-Intersection,Interseccion de T,Sobre calle,Ninguna,Dia total,Despejado,No,NO APLICA,99,99,99,99,1,19/04/2022,2
12,Florida,120882,1,1,1,0,113,SANTA ROSA (113),0,NO APLICA,4,Abril,11,2022,12,46,US-90,2,US Highway,Urbano,Arteria Menor,State Highway Agency,0,Sin jurisdiccion especial,99998,30.60268889,-87.0845,Ciclista,El primer evento no fue una colision con un vehiculo automotor en transporte,Not an Intersection,No fue interseccion,Sobre calle,Ninguna,Dia total,Nublado,No,NO APLICA,99,99,99,99,1,11/04/2022,2
12,Florida,120883,0,0,2,0,105,POLK (105),0,NO APLICA,4,Abril,3,2022,10,45,STRAIN BLVD,8,Otro,Urbano,Local,County Highway Agency,0,Sin jurisdiccion especial,99998,28.05258889,-81.98762778,Vehiculo en movimiento,Frente a frente,Not an Intersection,No fue interseccion,Sobre calle,Ninguna,Dia total,Despejado,No,NO APLICA,99,99,99,99,1,03/04/2022,3
12,Florida,120884,0,0,2,0,11,BROWARD (11),2083,MIRAMAR,4,Abril,6,2022,22,20,SR-824,3,Highway estatal,Urbano,Arteria Principal,State Highway Agency,1,Sin jurisdiccion especial,99998,25.99476667,-80.23458611,Vehiculo en movimiento,Angulo,T-Intersection,Interseccion de T,Sobre calle,Ninguna,Oscuro con iluminacion,Despejado,No,NO APLICA,99,99,99,99,1,06/04/2022,2
12,Florida,120885,0,0,12,10,11,BROWARD (11),2083,MIRAMAR,4,Abril,11,2022,21,30,US-441,2,US Highway,Urbano,Arteria Principal,State Highway Agency,1,Sin jurisdiccion especial,99998,25.979475,-80.20646111,Vehiculo en movimiento,Frente a frente,T-Intersection,Interseccion de T,Sobre calle,Ninguna,Oscuro con iluminacion,Despejado,No,NO APLICA,99,99,99,99,2,11/04/2022,5
12,Florida,120886,0,0,2,0,105,POLK (105),1690,LAKELAND,4,Abril,12,2022,8,48,FRONTAGE ROAD SOUTH,6,Calle Local Municipalidad,Rural,Local,Not Reported,0,Sin jurisdiccion especial,99998,28.03719167,-82.03494167,Vehiculo en movimiento,Angulo,T-Intersection,Interseccion de T,Sobre calle,Ninguna,Dia total,Despejado,No,NO APLICA,99,99,99,99,1,12/04/2022,2
12,Florida,120887,0,0,1,0,105,POLK (105),0,NO APLICA,4,Abril,7,2022,19,28,I-4,1,Interestatal,Urbano,Interestatal,State Highway Agency,1,Sin jurisdiccion especial,99998,28.23053889,-81.65205278,Volcadura,El primer evento no fue una colision con un vehiculo automotor en transporte,Not an Intersection,No fue interseccion,Sobre el lado de la calle,Ninguna,Atardecer,Despejado,No,NO APLICA,99,99,99,99,2,07/04/2022,3
12,Florida,120888,0,0,2,0,99,PALM BEACH (99),1190,GREENACRES CITY,4,Abril,17,2022,21,51,SR-802,3,Highway estatal,Urbano,Arteria Principal,State Highway Agency,1,Sin jurisdiccion especial,99998,26.61926111,-80.14043889,Vehiculo en movimiento,Angulo,T-Intersection,Interseccion de T,Sobre calle,Ninguna,Oscuro con iluminacion,Despejado,No,NO APLICA,99,99,99,99,1,17/04/2022,2
12,Florida,120890,1,1,1,0,103,PINELLAS (103),570,CLEARWATER,1,Enero,17,2022,18,29,SR-590 DREW ST,3,Highway estatal,Urbano,Arteria Menor,State Highway Agency,0,Sin jurisdiccion especial,99998,27.96817222,-82.79193056,Peaton,El primer evento no fue una colision con un vehiculo automotor en transporte,Four-Way Intersection,Interseccion de 4 direcciones,Sobre calle,Ninguna,Oscuro con iluminacion,Despejado,No,NO APLICA,99,99,99,99,1,17/01/2022,1
12,Florida,120891,0,0,2,0,95,ORANGE (95),3290,WINTER GARDEN,2,Febrero,4,2022,19,30,SR-50,3,Highway estatal,Urbano,Arteria Principal,State Highway Agency,1,Sin jurisdiccion especial,99998,28.55098333,-81.61257778,Vehiculo en movimiento,Frente a frente,Not an Intersection,No fue interseccion,Sobre calle,Ninguna,Oscuro con iluminacion,Despejado,No,NO APLICA,99,99,99,99,1,04/02/2022,3
12,Florida,120893,0,0,3,0,85,MARTIN (85),0,NO APLICA,1,Enero,12,2022,20,30,DIXIE HWY,6,Calle Local Municipalidad,Urbano,Arteria Menor,Not Reported,0,Sin jurisdiccion especial,99998,27.15863333,-80.21257778,Banqueta,El primer evento no fue una colision con un vehiculo automotor en transporte,Not an Intersection,No fue interseccion,En el medio,Ninguna,Oscuro con iluminacion,Nublado,No,NO APLICA,99,99,99,99,1,12/01/2022,5
12,Florida,120894,0,0,1,0,95,ORANGE (95),0,NO APLICA,2,Febrero,6,2022,3,23,SR-528,3,Highway estatal,Urbano,Interestatal,State Highway Agency,1,Sin jurisdiccion especial,99998,28.42355556,-81.47385278,Zanja,El primer evento no fue una colision con un vehiculo automotor en transporte,Not an Intersection,No fue interseccion,Sobre el lado de la calle,Ninguna,Oscuro con iluminacion,lluvia,No,NO APLICA,99,99,99,99,1,06/02/2022,1