Estado,Nombre de Estado,Numero de Caso,Peatones,Personas _no_vehiculos,Vehiculos automotores,Vehiculos estacionados,Condado,Nombre Condado,Ciudad,Nombre Ciudad,Mes,Nombre Mes,Dia,Año,Hora,Minuto,Calle,Ruta,Nombre Ruta,Rural o Urbanoo,Sistema Funcional,Dueño Calle,Sistema Nacional Carreteras,Jurisdiccion Especial,Milla,Latitud,Longitud,Causa del Accidente,Tipo de Accidente,Tipo Interseccion,Columna1,Lugar en la calle,Zona de Trabajo,Luz,Clima,Autobus Escolar,Cruce de Trenes,Hora Notificacion,Minuto Notificacion,Hora Llegada,Minuto Llegada,Decesos,Fecha,PersonaVehiculo
12,Florida,120895,0,0,2,0,103,PINELLAS (103),2730,SAINT PETERSBURG,2,Febrero,11,2022,21,0,US-19,2,US Highway,Urbano,Arteria Principal,State Highway Agency,1,Sin jurisdiccion especial,99998,27.78093056,-82.67935833,Vehiculo en movimiento,Angulo,Four-Way Intersection,Interseccion de 4 direcciones,Sobre calle,Ninguna,Oscuro con iluminacion,Despejado,No,NO APLICA,99,98,99,98,1,11/02/2022,3
12,Florida,120896,0,0,1,0,73,LEON (73),2940,TALLAHASSEE,1,Enero,21,2022,9,29,CENTERVILLE RD,8,Otro,Urbano,Arteria Menor,County Highway Agency,0,Sin jurisdiccion especial,99998,30.52618611,-84.19130278,Arbol,El primer evento no fue una colision con un vehiculo automotor en transporte,T-Intersection,Interseccion de T,"Fuera de la calle, ubicacion desconocida",Ninguna,Dia total,Nublado,No,NO APLICA,99,99,99,99,1,21/01/2022,1
12,Florida,120898,1,1,2,0,86,MIAMI-DADE (86),2220,NORTH MIAMI,3,Marzo,22,2022,21,29,SR-915,3,Highway estatal,Urbano,Arteria Menor,State Highway Agency,0,Sin jurisdiccion especial,99998,25.90852778,-80.1873,Peaton,El primer evento no fue una colision con un vehiculo automotor en transporte,Four-Way Intersection,Interseccion de 4 direcciones,Sobre calle,Ninguna,Oscuro con iluminacion,Despejado,No,NO APLICA,99,99,99,99,1,22/03/2022,2
12,Florida,120899,0,0,1,0,105,POLK (105),0,NO APLICA,3,Marzo,19,2022,0,2,EWELL RD,9,Desconocido,Urbano,Colector Mayor,Not Reported,0,Sin jurisdiccion especial,99998,27.95269444,-82.02248889,Zanja,El primer evento no fue una colision con un vehiculo automotor en transporte,Not an Intersection,No fue interseccion,Sobre el lado de la calle,Ninguna,Oscuro sin iluminacion,Despejado,No,NO APLICA,99,99,99,99,1,19/03/2022,1
12,Florida,120900,1,1,1,0,99,PALM BEACH (99),330,BOYNTON BEACH,4,Abril,8,2022,20,36,NE 10TH AVE,6,Calle Local Municipalidad,Urbano,Colector Menor,Not Reported,0,Sin jurisdiccion especial,99998,26.5361,-80.06354722,Peaton,El primer evento no fue una colision con un vehiculo automotor en transporte,Not an Intersection,No fue interseccion,Sobre calle,Ninguna,Oscuro con iluminacion,Despejado,No,NO APLICA,99,99,99,99,1,08/04/2022,1
12,Florida,120901,1,1,1,0,86,MIAMI-DADE (86),2010,MIAMI,4,Abril,14,2022,21,31,12TH TERR,6,Calle Local Municipalidad,Urbano,Local,Not Reported,0,Sin jurisdiccion especial,99998,25.78403333,-80.25575556,Peaton,El primer evento no fue una colision con un vehiculo automotor en transporte,Four-Way Intersection,Interseccion de 4 direcciones,Sobre calle,Ninguna,Oscuro con iluminacion,Despejado,No,NO APLICA,99,99,99,99,1,14/04/2022,1
12,Florida,120902,0,0,2,0,95,ORANGE (95),0,NO APLICA,4,Abril,15,2022,0,0,STONEYBROOK PKWAY,6,Calle Local Municipalidad,Urbano,Local,Not Reported,0,Sin jurisdiccion especial,99998,28.51985,-81.5868,Vehiculo en movimiento,Frente a Detrás,T-Intersection,Interseccion de T,Sobre calle,Ninguna,Oscuro sin iluminacion,Despejado,No,NO APLICA,99,99,99,99,1,15/04/2022,3
12,Florida,120903,0,0,1,0,95,ORANGE (95),0,NO APLICA,3,Marzo,21,2022,3,49,SILVER STAR RD,6,Calle Local Municipalidad,Urbano,Arteria Menor,Not Reported,0,Sin jurisdiccion especial,99998,28.57548333,-81.50810556,Arbol,El primer evento no fue una colision con un vehiculo automotor en transporte,Not an Intersection,No fue interseccion,En el medio,Ninguna,Oscuro sin iluminacion,Despejado,No,NO APLICA,99,99,99,99,1,21/03/2022,1
12,Florida,120904,0,0,2,0,86,MIAMI-DADE (86),2023,MIAMI GARDENS,4,Abril,16,2022,3,19,SR-860,3,Highway estatal,Urbano,Arteria Menor,State Highway Agency,0,Sin jurisdiccion especial,99998,25.94192222,-80.22137778,Vehiculo en movimiento,Angulo,T-Intersection,Interseccion de T,Sobre calle,Ninguna,Oscuro con iluminacion,Despejado,No,NO APLICA,99,99,99,99,1,16/04/2022,5
12,Florida,120905,1,1,1,0,31,DUVAL (31),1510,JACKSONVILLE,4,Abril,16,2022,3,50,SR-228,3,Highway estatal,Urbano,Arteria Menor,State Highway Agency,0,Sin jurisdiccion especial,99998,30.30834444,-81.74424444,Peaton,El primer evento no fue una colision con un vehiculo automotor en transporte,Not an Intersection,No fue interseccion,Sobre calle,Ninguna,Oscuro con iluminacion,Despejado,No,NO APLICA,99,99,99,99,1,16/04/2022,2
12,Florida,120906,0,0,2,0,57,HILLSBOROUGH (57),2950,TAMPA,2,Febrero,11,2022,14,50,N 28TH ST,6,Calle Local Municipalidad,Rural,Local,Not Reported,0,Sin jurisdiccion especial,99998,27.97629444,-82.42851667,Vehiculo en movimiento,Angulo,Four-Way Intersection,Interseccion de 4 direcciones,Sobre calle,Ninguna,Dia total,Despejado,No,NO APLICA,99,99,99,99,1,11/02/2022,3
12,Florida,120907,0,0,2,0,95,ORANGE (95),0,NO APLICA,2,Febrero,11,2022,17,43,CR-439,4,Calle del Condado,Urbano,Arteria Menor,Not Reported,0,Sin jurisdiccion especial,99998,28.49376111,-81.49295,Vehiculo en movimiento,Angulo,Four-Way Intersection,Interseccion de 4 direcciones,Sobre calle,Ninguna,Dia total,Despejado,No,NO APLICA,99,99,99,99,1,11/02/2022,3
12,Florida,120908,0,0,2,0,86,MIAMI-DADE (86),1340,HIALEAH,4,Abril,17,2022,16,58,E 4TH AVE,6,Calle Local Municipalidad,Urbano,Arteria Menor,Not Reported,0,Sin jurisdiccion especial,99998,25.85883333,-80.2746,Vehiculo en movimiento,Angulo,Four-Way Intersection,Interseccion de 4 direcciones,Sobre calle,Ninguna,Dia total,Despejado,No,NO APLICA,99,99,99,99,1,17/04/2022,5
12,Florida,120909,1,1,1,0,57,HILLSBOROUGH (57),2950,TAMPA,4,Abril,14,2022,5,50,US-41,2,US Highway,Urbano,Arteria Principal,State Highway Agency,1,Sin jurisdiccion especial,99998,27.99601667,-82.42222778,Peaton,El primer evento no fue una colision con un vehiculo automotor en transporte,Four-Way Intersection,Interseccion de 4 direcciones,Sobre calle,Ninguna,Oscuro con iluminacion,Despejado,No,NO APLICA,99,99,99,99,1,14/04/2022,1
12,Florida,120910,0,0,2,0,86,MIAMI-DADE (86),1340,HIALEAH,4,Abril,16,2022,17,26,SR-823,3,Highway estatal,Urbano,Arteria Principal,State Highway Agency,1,Sin jurisdiccion especial,99998,25.85923333,-80.29045278,Vehiculo en movimiento,Frente a frente,T-Intersection,Interseccion de T,Sobre calle,Ninguna,Dia total,Despejado,No,NO APLICA,99,99,99,99,1,16/04/2022,3
12,Florida,120911,0,0,2,0,63,JACKSON (63),0,NO APLICA,4,Abril,8,2022,11,33,SR-69,3,Highway estatal,Rural,Colector Mayor,State Highway Agency,0,Sin jurisdiccion especial,99998,30.66106111,-85.03851111,Vehiculo en movimiento,Angulo,T-Intersection,Interseccion de T,Sobre calle,Ninguna,Dia total,Despejado,No,NO APLICA,99,99,99,99,1,08/04/2022,4
12,Florida,120912,0,0,3,0,105,POLK (105),0,NO APLICA,3,Marzo,24,2022,19,32,SR-471,3,Highway estatal,Rural,Arteria Menor,State Highway Agency,0,Sin jurisdiccion especial,99998,28.29676944,-82.05549722,Vehiculo en movimiento,Frente a Detrás,Not an Intersection,No fue interseccion,Sobre calle,Ninguna,Oscuro sin iluminacion,Despejado,No,NO APLICA,99,99,99,99,1,24/03/2022,5
12,Florida,120913,0,0,3,0,55,HIGHLANDS (55),0,NO APLICA,4,Abril,15,2022,16,8,US-98,2,US Highway,Rural,Arteria Principal,State Highway Agency,1,Sin jurisdiccion especial,99998,27.38217778,-81.12751944,Vehiculo en movimiento,Frente a frente,Not an Intersection,No fue interseccion,Sobre calle,Ninguna,Dia total,lluvia,No,NO APLICA,99,99,99,99,1,15/04/2022,4
12,Florida,120914,0,0,2,0,55,HIGHLANDS (55),0,NO APLICA,3,Marzo,31,2022,20,20,US-98,2,US Highway,Rural,Arteria Principal,State Highway Agency,1,Sin jurisdiccion especial,99998,27.36234167,-81.053975,Vehiculo en movimiento,Angulo,T-Intersection,Interseccion de T,Sobre calle,Ninguna,Oscuro sin iluminacion,Despejado,No,NO APLICA,99,99,99,99,1,31/03/2022,5
12,Florida,120915,1,1,1,0,101,PASCO (101),0,NO APLICA,2,Febrero,17,2022,19,15,SR-54,3,Highway estatal,Urbano,Arteria Principal,State Highway Agency,1,Sin jurisdiccion especial,99998,28.22698889,-82.22997222,Ciclista,El primer evento no fue una colision con un vehiculo automotor en transporte,Not an Intersection,No fue interseccion,Sobre calle,Ninguna,Oscuro sin iluminacion,Despejado,No,NO APLICA,99,99,99,99,1,17/02/2022,2
12,Florida,120916,0,0,1,0,53,HERNANDO (53),390,BROOKSVILLE,4,Abril,8,2022,1,0,US-19,2,US Highway,Urbano,Arteria Principal,State Highway Agency,1,Sin jurisdiccion especial,99998,28.60097222,-82.55157778,Banqueta,El primer evento no fue una colision con un vehiculo automotor en transporte,Not an Intersection,No fue interseccion,Sobre el lado de la calle,Ninguna,Oscuro sin iluminacion,Despejado,No,NO APLICA,0,53,1,5,1,08/04/2022,1
12,Florida,120917,1,1,1,0,86,MIAMI-DADE (86),0,NO APLICA,4,Abril,8,2022,15,15,I-75,1,Interestatal,Urbano,Interestatal,State Highway Agency,1,Sin jurisdiccion especial,99998,25.93491667,-80.35105,Peaton,El primer evento no fue una colision con un vehiculo automotor en transporte,Not an Intersection,No fue interseccion,Sobre calle,Ninguna,Dia total,Despejado,No,NO APLICA,99,99,99,99,1,08/04/2022,2
12,Florida,120918,0,0,2,0,71,LEE (71),2218,NORTH FORT MYERS,4,Abril,11,2022,9,42,US-41,2,US Highway,Urbano,Arteria Principal,State Highway Agency,1,Sin jurisdiccion especial,99998,26.68711667,-81.90126389,Vehiculo en movimiento,Angulo,Four-Way Intersection,Interseccion de 4 direcciones,Sobre calle,Ninguna,Dia total,Despejado,No,NO APLICA,99,99,99,99,1,11/04/2022,4
12,Florida,120919,1,1,1,0,97,OSCEOLA (97),0,NO APLICA,4,Abril,7,2022,0,58,US-192,2,US Highway,Urbano,Arteria Principal,State Highway Agency,1,Sin jurisdiccion especial,99998,28.33271667,-81.52585278,Peaton,El primer evento no fue una colision con un vehiculo automotor en transporte,T-Intersection,Interseccion de T,Sobre calle,Ninguna,Oscuro con iluminacion,Despejado,No,NO APLICA,99,99,99,99,1,07/04/2022,1
12,Florida,120920,0,0,2,0,101,PASCO (101),0,NO APLICA,4,Abril,11,2022,12,8,CR-524,4,Calle del Condado,Urbano,Arteria Menor,Not Reported,0,Sin jurisdiccion especial,99998,28.28053889,-82.69265,Vehiculo en movimiento,Angulo,Not an Intersection,No fue interseccion,Sobre calle,Ninguna,Dia total,Despejado,No,NO APLICA,12,4,12,10,1,11/04/2022,2
12,Florida,120921,1,1,2,0,11,BROWARD (11),1050,FORT LAUDERDALE,4,Abril,9,2022,6,36,I-595,1,Interestatal,Urbano,Interestatal,State Highway Agency,1,Sin jurisdiccion especial,99998,26.08144444,-80.159,Peaton,El primer evento no fue una colision con un vehiculo automotor en transporte,Not an Intersection,No fue interseccion,Sobre calle,Ninguna,Oscuro sin iluminacion,Nublado,No,NO APLICA,99,99,99,99,1,09/04/2022,2
12,Florida,120922,0,0,2,0,121,SUWANNEE (121),0,NO APLICA,4,Abril,10,2022,11,20,I-75,1,Interestatal,Rural,Interestatal,State Highway Agency,1,Sin jurisdiccion especial,99998,30.32375,-82.81383056,Vehiculo en movimiento,Frente a Detrás,Not an Intersection,No fue interseccion,Sobre calle,Ninguna,Dia total,Despejado,No,NO APLICA,99,99,99,99,2,10/04/2022,5
12,Florida,120923,0,0,1,0,99,PALM BEACH (99),1560,JUPITER,4,Abril,13,2022,23,40,I-95,1,Interestatal,Urbano,Interestatal,State Highway Agency,1,Sin jurisdiccion especial,99998,26.88963889,-80.13194167,Poste,El primer evento no fue una colision con un vehiculo automotor en transporte,Not an Intersection,No fue interseccion,Sobre el lado de la calle,Ninguna,Oscuro con iluminacion,Nublado,No,NO APLICA,99,99,99,99,1,13/04/2022,1
12,Florida,120924,0,0,1,0,115,SARASOTA (115),0,NO APLICA,4,Abril,10,2022,0,45,CR-773 BENEVA RD,4,Calle del Condado,Urbano,Arteria Menor,County Highway Agency,0,Sin jurisdiccion especial,99998,27.32523889,-82.49748056,Banqueta,El primer evento no fue una colision con un vehiculo automotor en transporte,Four-Way Intersection,Interseccion de 4 direcciones,Sobre el lado de la calle,Ninguna,Oscuro con iluminacion,Despejado,No,NO APLICA,99,99,99,99,1,10/04/2022,1
12,Florida,120925,1,1,1,0,109,ST JOHNS (109),0,NO APLICA,4,Abril,19,2022,0,46,I-95,1,Interestatal,Rural,Interestatal,State Highway Agency,1,Sin jurisdiccion especial,99998,29.93673889,-81.42636944,Peaton,El primer evento no fue una colision con un vehiculo automotor en transporte,Not an Intersection,No fue interseccion,Sobre calle,Ninguna,Oscuro sin iluminacion,Despejado,No,NO APLICA,99,99,99,99,1,19/04/2022,3
12,Florida,120926,0,0,2,0,83,MARION (83),0,NO APLICA,4,Abril,3,2022,19,46,US-41,2,US Highway,Urbano,Arteria Principal,State Highway Agency,1,Sin jurisdiccion especial,99998,29.14061111,-82.44283889,Vehiculo en movimiento,Angulo,T-Intersection,Interseccion de T,Sobre calle,Ninguna,Dia total,Despejado,No,NO APLICA,99,99,99,99,1,03/04/2022,3
12,Florida,120927,1,1,1,0,95,ORANGE (95),0,NO APLICA,4,Abril,11,2022,6,29,SR-438,3,Highway estatal,Urbano,Arteria Menor,State Highway Agency,0,Sin jurisdiccion especial,99998,28.57748889,-81.47706111,Peaton,El primer evento no fue una colision con un vehiculo automotor en transporte,Not an Intersection,No fue interseccion,Sobre calle,Ninguna,Amanecer,Nublado,No,NO APLICA,99,99,99,99,1,11/04/2022,1
12,Florida,120928,0,0,2,0,86,MIAMI-DADE (86),0,NO APLICA,4,Abril,10,2022,21,46,SR-997,3,Highway estatal,Rural,Arteria Principal,State Highway Agency,1,Sin jurisdiccion especial,99998,25.861725,-80.4841,Vehiculo en movimiento,Frente a Detrás,Not an Intersection,No fue interseccion,Sobre calle,Ninguna,Oscuro con iluminacion,Despejado,No,NO APLICA,99,99,99,99,1,10/04/2022,2
12,Florida,120929,0,0,1,0,31,DUVAL (31),1510,JACKSONVILLE,4,Abril,17,2022,0,0,I-95,1,Interestatal,Urbano,Interestatal,State Highway Agency,1,Sin jurisdiccion especial,99998,30.17185,-81.55836944,Poste,El primer evento no fue una colision con un vehiculo automotor en transporte,Not an Intersection,No fue interseccion,Sobre el lado de la calle,Ninguna,Oscuro con iluminacion,Despejado,No,NO APLICA,99,99,99,99,1,17/04/2022,1
12,Florida,120930,0,0,2,0,83,MARION (83),0,NO APLICA,4,Abril,3,2022,21,24,CR-25,6,Calle Local Municipalidad,Urbano,Local,Not Reported,0,Sin jurisdiccion especial,99998,29.05599722,-82.01675278,Vehiculo en movimiento,Angulo,Four-Way Intersection,Interseccion de 4 direcciones,Sobre calle,Ninguna,Oscuro sin iluminacion,Despejado,No,NO APLICA,99,99,99,99,1,03/04/2022,4
12,Florida,120931,0,0,1,0,47,HAMILTON (47),0,NO APLICA,4,Abril,12,2022,7,10,CR-137,4,Calle del Condado,Rural,Colector Mayor,Not Reported,0,Sin jurisdiccion especial,99998,30.47066389,-82.89089444,Volcadura,El primer evento no fue una colision con un vehiculo automotor en transporte,Not an Intersection,No fue interseccion,Sobre el lado de la calle,Ninguna,Dia total,Despejado,No,NO APLICA,99,99,99,99,1,12/04/2022,3
12,Florida,120932,0,0,3,0,95,ORANGE (95),0,NO APLICA,4,Abril,4,2022,18,8,SR-429,3,Highway estatal,Urbano,Arterial Principal -Freeway o ExpressWay,State Highway Agency,1,Sin jurisdiccion especial,99998,28.514075,-81.60093333,Vehiculo en movimiento,Angulo,Not an Intersection,No fue interseccion,Sobre calle,Ninguna,Dia total,Despejado,No,NO APLICA,99,99,99,99,1,04/04/2022,4
12,Florida,120933,0,0,3,0,81,MANATEE (81),0,NO APLICA,4,Abril,12,2022,16,0,SR-64,3,Highway estatal,Urbano,Colector Mayor,State Highway Agency,0,Sin jurisdiccion especial,99998,27.49642778,-82.690025,Vehiculo en movimiento,Frente a Detrás,Not an Intersection,No fue interseccion,Sobre calle,Ninguna,Dia total,Despejado,No,NO APLICA,99,99,99,99,1,12/04/2022,5
12,Florida,120934,0,0,2,0,97,OSCEOLA (97),0,NO APLICA,4,Abril,12,2022,13,0,US-17,2,US Highway,Urbano,Arteria Principal,State Highway Agency,1,Sin jurisdiccion especial,99998,28.25965,-81.54318056,Vehiculo en movimiento,Angulo,T-Intersection,Interseccion de T,Sobre calle,Ninguna,Dia total,Despejado,No,NO APLICA,99,99,99,99,1,12/04/2022,6
12,Florida,120935,0,0,2,0,101,PASCO (101),0,NO APLICA,4,Abril,14,2022,10,14,SR-54,3,Highway estatal,Urbano,Arteria Principal,State Highway Agency,1,Sin jurisdiccion especial,99998,28.23020556,-82.29309722,Otro objeto (no fijo),El primer evento no fue una colision con un vehiculo automotor en transporte,Not an Intersection,No fue interseccion,Sobre el lado de la calle,"Zona de trabajo, tipo desconocido",Dia total,Nublado,No,NO APLICA,10,12,10,22,1,14/04/2022,4
12,Florida,120936,1,1,1,0,99,PALM BEACH (99),210,BELLE GLADE,4,Abril,19,2022,3,59,US-98,2,US Highway,Urbano,Arteria Principal,State Highway Agency,1,Sin jurisdiccion especial,99998,26.72491111,-80.66730556,Peaton,El primer evento no fue una colision con un vehiculo automotor en transporte,Not an Intersection,No fue interseccion,Sobre calle,Ninguna,Oscuro sin iluminacion,Despejado,No,NO APLICA,99,99,99,99,1,19/04/2022,1
12,Florida,120937,0,0,1,0,86,MIAMI-DADE (86),2010,MIAMI,4,Abril,8,2022,12,17,SR-821 S,3,Highway estatal,Urbano,Arterial Principal -Freeway o ExpressWay,State Highway Agency,1,Sin jurisdiccion especial,99998,25.86028611,-80.38779167,Volcadura,El primer evento no fue una colision con un vehiculo automotor en transporte,Not an Intersection,No fue interseccion,Sobre el lado de la calle,Ninguna,Dia total,Despejado,No,NO APLICA,99,99,99,99,1,08/04/2022,1
12,Florida,120938,0,0,1,0,81,MANATEE (81),0,NO APLICA,4,Abril,17,2022,6,20,SR-64 E,3,Highway estatal,Rural,Arteria Principal,State Highway Agency,1,Sin jurisdiccion especial,99998,27.47581111,-82.276825,Poste de Señal de trafico,El primer evento no fue una colision con un vehiculo automotor en transporte,Not an Intersection,No fue interseccion,Sobre el lado de la calle,Ninguna,Amanecer,Despejado,No,NO APLICA,99,99,99,99,1,17/04/2022,1
12,Florida,120939,0,0,1,0,55,HIGHLANDS (55),0,NO APLICA,4,Abril,19,2022,0,4,PANTHER PARKWAY,8,Otro,Rural,Local,Not Reported,0,Sin jurisdiccion especial,99998,27.56161944,-81.4873,Volcadura,El primer evento no fue una colision con un vehiculo automotor en transporte,Not an Intersection,No fue interseccion,En el medio,Ninguna,Oscuro sin iluminacion,Despejado,No,NO APLICA,99,99,99,99,1,19/04/2022,1
12,Florida,120940,0,0,1,0,29,DIXIE (29),0,NO APLICA,4,Abril,11,2022,1,45,NORTHEAST 272ND AVENUE,9,Desconocido,Rural,Local,Not Reported,0,Sin jurisdiccion especial,99998,29.64978889,-82.99208889,Arbol,El primer evento no fue una colision con un vehiculo automotor en transporte,Not an Intersection,No fue interseccion,Sobre el lado de la calle,Ninguna,Oscuro sin iluminacion,Despejado,No,NO APLICA,99,99,99,99,1,11/04/2022,1
12,Florida,120941,0,0,2,0,51,HENDRY (51),0,NO APLICA,4,Abril,14,2022,10,10,SR-80,3,Highway estatal,Rural,Arteria Principal,State Highway Agency,1,Sin jurisdiccion especial,99998,26.75291111,-81.13586944,Vehiculo en movimiento,Detrás a Lado. ,Not an Intersection,No fue interseccion,Sobre calle,Ninguna,Dia total,Despejado,No,NO APLICA,10,99,10,99,1,14/04/2022,2
12,Florida,120942,0,0,2,1,103,PINELLAS (103),2960,TARPON SPRINGS,4,Abril,19,2022,2,17,US-19,2,US Highway,Urbano,Arteria Principal,State Highway Agency,1,Sin jurisdiccion especial,99998,28.12666111,-82.74017778,Vehiculo Aparcado,El primer evento no fue una colision con un vehiculo automotor en transporte,Not an Intersection,No fue interseccion,Sobre calle,Ninguna,Oscuro con iluminacion,Despejado,No,NO APLICA,99,99,99,99,1,19/04/2022,1
12,Florida,120943,0,0,2,0,117,SEMINOLE (117),0,NO APLICA,4,Abril,3,2022,1,18,SR-417,3,Highway estatal,Urbano,Arterial Principal -Freeway o ExpressWay,State Highway Agency,1,Sin jurisdiccion especial,99998,28.71135833,-81.24025,Vehiculo en movimiento,Frente a Detrás,Not an Intersection,No fue interseccion,Sobre calle,Ninguna,Oscuro con iluminacion,Nublado,No,NO APLICA,99,99,99,99,1,03/04/2022,5
12,Florida,120944,0,0,1,0,69,LAKE (69),0,NO APLICA,3,Marzo,10,2022,22,19,CR-437,4,Calle del Condado,Urbano,Colector Mayor,Not Reported,0,Sin jurisdiccion especial,99998,28.79588056,-81.55997222,Poste,El primer evento no fue una colision con un vehiculo automotor en transporte,T-Intersection,Interseccion de T,Sobre el lado de la calle,Ninguna,Oscuro con iluminacion,Despejado,No,NO APLICA,99,99,99,99,1,10/03/2022,5
12,Florida,120945,0,0,1,0,97,OSCEOLA (97),1565,KENANSVILLE,3,Marzo,26,2022,9,21,SR-91,3,Highway estatal,Rural,Arterial Principal -Freeway o ExpressWay,State Highway Agency,1,Sin jurisdiccion especial,99998,27.74591389,-80.93290833,Volcadura,El primer evento no fue una colision con un vehiculo automotor en transporte,Not an Intersection,No fue interseccion,Sobre el lado de la calle,Ninguna,Dia total,Despejado,No,NO APLICA,99,99,99,99,1,26/03/2022,2
12,Florida,120946,1,1,3,0,103,PINELLAS (103),0,NO APLICA,4,Abril,11,2022,20,17,US-19,2,US Highway,Urbano,Arteria Principal,State Highway Agency,1,Sin jurisdiccion especial,99998,27.81743889,-82.67956667,Peaton,El primer evento no fue una colision con un vehiculo automotor en transporte,T-Intersection,Interseccion de T,Sobre calle,Ninguna,Atardecer,Despejado,No,NO APLICA,99,99,99,99,1,11/04/2022,5
12,Florida,120947,0,0,2,0,83,MARION (83),0,NO APLICA,4,Abril,14,2022,12,50,US-27,2,US Highway,Rural,Arteria Principal,State Highway Agency,1,Sin jurisdiccion especial,99998,29.2312,-82.26793889,Vehiculo en movimiento,Angulo,Four-Way Intersection,Interseccion de 4 direcciones,Sobre calle,Ninguna,Dia total,Despejado,No,NO APLICA,99,99,99,99,1,14/04/2022,2
12,Florida,120948,0,0,2,0,39,GADSDEN (39),0,NO APLICA,4,Abril,18,2022,12,25,US-90,2,US Highway,Rural,Arteria Principal,State Highway Agency,1,Sin jurisdiccion especial,99998,30.51279167,-84.45878333,Vehiculo en movimiento,Angulo,Not an Intersection,No fue interseccion,Sobre calle,Ninguna,Dia total,Despejado,No,NO APLICA,99,99,99,99,1,18/04/2022,2
12,Florida,120950,1,1,1,0,86,MIAMI-DADE (86),2010,MIAMI,2,Febrero,18,2022,17,20,NE 15TH ST,6,Calle Local Municipalidad,Urbano,Local,State Highway Agency,0,Sin jurisdiccion especial,99998,25.78955833,-80.18805,Peaton,El primer evento no fue una colision con un vehiculo automotor en transporte,Not an Intersection,No fue interseccion,Sobre calle,Ninguna,Dia total,Despejado,No,NO APLICA,99,99,99,99,1,18/02/2022,1
12,Florida,120951,1,1,1,0,99,PALM BEACH (99),1720,LAKE PARK,3,Marzo,29,2022,9,40,SR-A1A,3,Highway estatal,Urbano,Colector Mayor,State Highway Agency,0,Sin jurisdiccion especial,99998,26.83642222,-80.04879722,Ciclista,El primer evento no fue una colision con un vehiculo automotor en transporte,Not an Intersection,No fue interseccion,Sobre calle,Ninguna,Dia total,Despejado,No,NO APLICA,99,99,99,99,1,29/03/2022,1
12,Florida,120952,0,0,1,0,127,VOLUSIA (127),0,NO APLICA,3,Marzo,31,2022,20,8,I-95,1,Interestatal,Rural,Interestatal,State Highway Agency,1,Sin jurisdiccion especial,99998,28.81412778,-80.90603889,Barrera de Trafico de Concreto,El primer evento no fue una colision con un vehiculo automotor en transporte,Not an Intersection,No fue interseccion,En el medio,Ninguna,Oscuro con iluminacion,lluvia,No,NO APLICA,99,99,99,99,1,31/03/2022,1
12,Florida,120953,0,0,2,0,15,CHARLOTTE (15),0,NO APLICA,4,Abril,1,2022,10,29,SR-776,3,Highway estatal,Urbano,Arteria Menor,State Highway Agency,0,Sin jurisdiccion especial,99998,26.93286944,-82.23640556,Vehiculo en movimiento,Angulo,Four-Way Intersection,Interseccion de 4 direcciones,Sobre calle,Ninguna,Dia total,Despejado,No,NO APLICA,99,99,99,99,1,01/04/2022,3
12,Florida,120954,0,0,2,0,57,HILLSBOROUGH (57),2950,TAMPA,4,Abril,8,2022,1,28,SR-60,3,Highway estatal,Urbano,Arteria Principal,State Highway Agency,1,Sin jurisdiccion especial,99998,27.97174167,-82.61005833,Vehiculo en movimiento,No reportado,Four-Way Intersection,Interseccion de 4 direcciones,Sobre calle,Ninguna,Oscuro con iluminacion,Despejado,No,NO APLICA,99,99,99,99,1,08/04/2022,3
12,Florida,120955,0,0,1,0,11,BROWARD (11),1420,HOLLYWOOD,3,Marzo,28,2022,10,15,RED BARN RD,6,Calle Local Municipalidad,Urbano,Local,Not Reported,0,Sin jurisdiccion especial,99998,99.9999,999.9999,Zanja,El primer evento no fue una colision con un vehiculo automotor en transporte,Not an Intersection,No fue interseccion,Sobre el lado de la calle,Ninguna,Dia total,Despejado,No,NO APLICA,99,99,99,99,2,28/03/2022,2
12,Florida,120956,1,1,1,0,11,BROWARD (11),2570,POMPANO BEACH,3,Marzo,12,2022,23,45,SR-834,3,Highway estatal,Urbano,Arteria Principal,State Highway Agency,1,Sin jurisdiccion especial,99998,26.274725,-80.13576944,Peaton,El primer evento no fue una colision con un vehiculo automotor en transporte,Four-Way Intersection,Interseccion de 4 direcciones,Sobre calle,Ninguna,Oscuro con iluminacion,Despejado,No,NO APLICA,99,99,99,99,1,12/03/2022,1
12,Florida,120959,1,1,1,0,71,LEE (71),0,NO APLICA,4,Abril,18,2022,19,13,BONITA BEACH RD,9,Desconocido,Urbano,Arteria Menor,Not Reported,0,Sin jurisdiccion especial,99998,26.33099167,-81.77931944,Ciclista,El primer evento no fue una colision con un vehiculo automotor en transporte,Four-Way Intersection,Interseccion de 4 direcciones,Sobre calle,Ninguna,Atardecer,Despejado,No,NO APLICA,99,99,99,99,1,18/04/2022,1
12,Florida,120960,0,0,1,0,69,LAKE (69),1820,LEESBURG,4,Abril,12,2022,13,48,SR-44,3,Highway estatal,Urbano,Arteria Principal,State Highway Agency,0,Sin jurisdiccion especial,99998,28.80295833,-81.88922222,Banqueta,El primer evento no fue una colision con un vehiculo automotor en transporte,Not an Intersection,No fue interseccion,Sobre el lado de la calle,Ninguna,Dia total,Despejado,No,NO APLICA,99,99,99,99,1,12/04/2022,1