Estado,Nombre de Estado,Numero de Caso,Peatones,Personas _no_vehiculos,Vehiculos automotores,Vehiculos estacionados,Condado,Nombre Condado,Ciudad,Nombre Ciudad,Mes,Nombre Mes,Dia,Año,Hora,Minuto,Calle,Ruta,Nombre Ruta,Rural o Urbanoo,Sistema Funcional,Dueño Calle,Sistema Nacional Carreteras,Jurisdiccion Especial,Milla,Latitud,Longitud,Causa del Accidente,Tipo de Accidente,Tipo Interseccion,Columna1,Lugar en la calle,Zona de Trabajo,Luz,Clima,Autobus Escolar,Cruce de Trenes,Hora Notificacion,Minuto Notificacion,Hora Llegada,Minuto Llegada,Decesos,Fecha,PersonaVehiculo
12,Florida,120961,1,1,1,0,119,SUMTER (119),3230,WILDWOOD,4,Abril,15,2022,5,55,US-301,2,US Highway,Rural,Arteria Principal,State Highway Agency,1,Sin jurisdiccion especial,99998,28.89919167,-82.03716944,Peaton,El primer evento no fue una colision con un vehiculo automotor en transporte,Not an Intersection,No fue interseccion,Sobre calle,Ninguna,Oscuro sin iluminacion,Despejado,No,NO APLICA,99,99,99,99,1,15/04/2022,1
12,Florida,120962,1,1,1,0,86,MIAMI-DADE (86),0,NO APLICA,4,Abril,10,2022,7,18,SW 113TH PL,9,Desconocido,Urbano,Local,Not Reported,0,Sin jurisdiccion especial,99998,25.70414167,-80.37695833,Peaton,El primer evento no fue una colision con un vehiculo automotor en transporte,Not an Intersection,No fue interseccion,Sobre calle,Ninguna,Reportada como desconocida,Despejado,No,NO APLICA,99,99,99,99,1,10/04/2022,1
12,Florida,120963,1,1,1,0,11,BROWARD (11),1280,HALLANDALE BEACH,4,Abril,12,2022,23,5,US-1,2,US Highway,Urbano,Arteria Principal,State Highway Agency,1,Sin jurisdiccion especial,99998,25.98559722,-80.14216389,Peaton,El primer evento no fue una colision con un vehiculo automotor en transporte,Four-Way Intersection,Interseccion de 4 direcciones,Sobre calle,Ninguna,Oscuro con iluminacion,Despejado,No,NO APLICA,99,99,99,99,1,12/04/2022,1
12,Florida,120964,1,1,1,0,1,ALACHUA (1),1130,GAINESVILLE,4,Abril,19,2022,22,0,SR-24,3,Highway estatal,Urbano,Arteria Menor,State Highway Agency,0,Sin jurisdiccion especial,99998,29.63378056,-82.35870833,Peaton,El primer evento no fue una colision con un vehiculo automotor en transporte,Four-Way Intersection,Interseccion de 4 direcciones,Sobre calle,Ninguna,Oscuro con iluminacion,Despejado,No,NO APLICA,99,99,99,99,1,19/04/2022,1
12,Florida,120965,1,1,1,0,86,MIAMI-DADE (86),1340,HIALEAH,4,Abril,22,2022,16,43,29TH ST,6,Calle Local Municipalidad,Urbano,Colector Mayor,Not Reported,0,Sin jurisdiccion especial,99998,25.84796111,-80.30368611,Peaton,El primer evento no fue una colision con un vehiculo automotor en transporte,Not an Intersection,No fue interseccion,Sobre calle,Ninguna,Dia total,Despejado,No,NO APLICA,99,99,99,99,1,22/04/2022,1
12,Florida,120966,0,0,3,0,86,MIAMI-DADE (86),0,NO APLICA,4,Abril,15,2022,11,42,137TH AVE,6,Calle Local Municipalidad,Urbano,Arteria Principal,Not Reported,0,Sin jurisdiccion especial,99998,25.64433889,-80.41527778,Vehiculo en movimiento,Frente a Detrás,Not an Intersection,No fue interseccion,Sobre calle,Ninguna,Dia total,lluvia,No,NO APLICA,99,99,99,99,1,15/04/2022,3
12,Florida,120967,0,0,2,0,107,PUTNAM (107),0,NO APLICA,4,Abril,17,2022,11,58,SR-21,3,Highway estatal,Rural,Arteria Menor,State Highway Agency,0,Sin jurisdiccion especial,99998,29.65618056,-82.033175,Vehiculo en movimiento,Angulo,Not an Intersection,No fue interseccion,Sobre calle,Ninguna,Dia total,Despejado,No,NO APLICA,99,99,99,99,1,17/04/2022,2
12,Florida,120968,0,0,2,0,53,HERNANDO (53),2882,SPRING HILL,4,Abril,15,2022,22,42,SR-50,3,Highway estatal,Urbano,Arteria Principal,State Highway Agency,1,Sin jurisdiccion especial,99998,28.53356389,-82.50839722,Vehiculo en movimiento,Frente a Detrás,Not an Intersection,No fue interseccion,Sobre calle,Ninguna,Oscuro sin iluminacion,Despejado,No,NO APLICA,22,42,22,48,1,15/04/2022,6
12,Florida,120969,0,0,2,0,69,LAKE (69),0,NO APLICA,4,Abril,20,2022,6,40,US-27,2,US Highway,Urbano,Arteria Principal,State Highway Agency,1,Sin jurisdiccion especial,99998,28.69647222,-81.85717222,Vehiculo en movimiento,Angulo,Four-Way Intersection,Interseccion de 4 direcciones,Sobre calle,Ninguna,Amanecer,Despejado,Yes,NO APLICA,99,99,99,99,1,20/04/2022,2
12,Florida,120970,0,0,3,0,17,CITRUS (17),0,NO APLICA,4,Abril,12,2022,10,40,US-19,2,US Highway,Rural,Arteria Principal,State Highway Agency,1,Sin jurisdiccion especial,99998,28.96998889,-82.63561944,Vehiculo en movimiento,Frente a Detrás,Four-Way Intersection,Interseccion de 4 direcciones,Sobre calle,Ninguna,Dia total,Despejado,No,NO APLICA,10,42,10,50,1,12/04/2022,4
12,Florida,120971,1,1,1,0,17,CITRUS (17),1330,HERNANDO,4,Abril,16,2022,6,16,SR-200,3,Highway estatal,Urbano,Arteria Principal,State Highway Agency,1,Sin jurisdiccion especial,99998,28.92928889,-82.37686111,Peaton,El primer evento no fue una colision con un vehiculo automotor en transporte,T-Intersection,Interseccion de T,Sobre calle,Ninguna,Oscuro sin iluminacion,Neblina o Humo,No,NO APLICA,6,25,6,33,1,16/04/2022,1
12,Florida,120972,0,0,2,0,109,ST JOHNS (109),0,NO APLICA,4,Abril,12,2022,8,41,I-95,1,Interestatal,Rural,Interestatal,State Highway Agency,1,Sin jurisdiccion especial,99998,29.75600833,-81.34993333,Vehiculo en movimiento,Golpe Lateral - misma direccion,Not an Intersection,No fue interseccion,Sobre calle,Ninguna,Dia total,Despejado,No,NO APLICA,99,99,99,99,1,12/04/2022,2
12,Florida,120973,0,0,2,0,1,ALACHUA (1),0,NO APLICA,4,Abril,16,2022,9,20,US-301,2,US Highway,Rural,Arteria Principal,State Highway Agency,1,Sin jurisdiccion especial,99998,29.68349722,-82.12535,Vehiculo en movimiento,Angulo,Not an Intersection,No fue interseccion,Sobre calle,Ninguna,Dia total,Nublado,No,NO APLICA,99,99,99,99,1,16/04/2022,4
12,Florida,120974,1,1,1,0,81,MANATEE (81),0,NO APLICA,4,Abril,25,2022,19,8,WHITFIELD AVE,6,Calle Local Municipalidad,Urbano,Colector Mayor,County Highway Agency,0,Sin jurisdiccion especial,99998,27.41970556,-82.513425,Peaton,El primer evento no fue una colision con un vehiculo automotor en transporte,Not an Intersection,No fue interseccion,Sobre calle,Ninguna,Atardecer,Despejado,No,NO APLICA,99,99,99,99,1,25/04/2022,1
12,Florida,120975,0,0,1,0,53,HERNANDO (53),2882,SPRING HILL,4,Abril,11,2022,1,32,CR-587,4,Calle del Condado,Urbano,Arteria Principal,Not Reported,0,Sin jurisdiccion especial,99998,28.50775556,-82.52164167,Soporte de  señalamiento de transito,El primer evento no fue una colision con un vehiculo automotor en transporte,Four-Way Intersection,Interseccion de 4 direcciones,Sobre el lado de la calle,Ninguna,Oscuro con iluminacion,Despejado,No,NO APLICA,99,99,99,99,1,11/04/2022,1
12,Florida,120976,0,0,1,0,103,PINELLAS (103),2730,SAINT PETERSBURG,2,Febrero,22,2022,0,5,I-175,1,Interestatal,Urbano,Interestatal,State Highway Agency,1,Sin jurisdiccion especial,99998,27.76596111,-82.64306111,Banqueta,El primer evento no fue una colision con un vehiculo automotor en transporte,Not an Intersection,No fue interseccion,Sobre el lado de la calle,Ninguna,Oscuro con iluminacion,Despejado,No,NO APLICA,99,99,99,99,1,22/02/2022,1
12,Florida,120977,0,0,4,0,5,BAY (5),0,NO APLICA,3,Marzo,25,2022,11,25,CR-3031,4,Calle del Condado,Urbano,Arteria Menor,Not Reported,0,Sin jurisdiccion especial,99998,30.17845278,-85.76045833,Vehiculo en movimiento,Frente a frente,Not an Intersection,No fue interseccion,Sobre calle,Ninguna,Dia total,Despejado,No,NO APLICA,99,99,99,99,1,25/03/2022,6
12,Florida,120979,0,0,2,0,86,MIAMI-DADE (86),0,NO APLICA,3,Marzo,26,2022,0,53,SR-934,3,Highway estatal,Urbano,Arteria Menor,State Highway Agency,0,Sin jurisdiccion especial,99998,25.84622778,-80.23365278,Vehiculo en movimiento,Angulo,Four-Way Intersection,Interseccion de 4 direcciones,Sobre calle,Ninguna,Oscuro con iluminacion,Despejado,No,NO APLICA,99,99,99,99,1,26/03/2022,6
12,Florida,120980,0,0,2,0,105,POLK (105),1690,LAKELAND,4,Abril,17,2022,13,55,SR-37,3,Highway estatal,Urbano,Arteria Menor,State Highway Agency,0,Sin jurisdiccion especial,99998,27.98558889,-81.95668611,Poste,El primer evento no fue una colision con un vehiculo automotor en transporte,Not an Intersection,No fue interseccion,Sobre el lado de la calle,Ninguna,Dia total,Despejado,No,NO APLICA,99,99,99,99,1,17/04/2022,4
12,Florida,120981,0,0,1,0,11,BROWARD (11),2916,SUNRISE,4,Abril,19,2022,22,20,SILVER PALM BLVD,6,Calle Local Municipalidad,Urbano,Local,Not Reported,0,Sin jurisdiccion especial,99998,26.13811944,-80.3238,Banqueta,El primer evento no fue una colision con un vehiculo automotor en transporte,T-Intersection,Interseccion de T,Sobre el lado de la calle,Ninguna,Oscuro con iluminacion,Despejado,No,NO APLICA,99,99,99,99,1,19/04/2022,1
12,Florida,120982,0,0,2,0,86,MIAMI-DADE (86),0,NO APLICA,3,Marzo,29,2022,19,30,SR-992,3,Highway estatal,Urbano,Arteria Principal,State Highway Agency,1,Sin jurisdiccion especial,99998,25.62763889,-80.37448056,Vehiculo en movimiento,Angulo,Four-Way Intersection,Interseccion de 4 direcciones,Sobre calle,Ninguna,Dia total,Despejado,No,NO APLICA,99,99,99,99,1,29/03/2022,2
12,Florida,120983,1,1,1,0,97,OSCEOLA (97),0,NO APLICA,4,Abril,16,2022,1,25,SR-91,3,Highway estatal,Rural,Arterial Principal -Freeway o ExpressWay,State Highway Agency,1,Sin jurisdiccion especial,99998,27.97166111,-81.10995,Peaton,El primer evento no fue una colision con un vehiculo automotor en transporte,Not an Intersection,No fue interseccion,Sobre calle,Ninguna,Oscuro sin iluminacion,Despejado,No,NO APLICA,99,99,99,99,1,16/04/2022,2
12,Florida,120984,0,0,1,0,65,JEFFERSON (65),0,NO APLICA,4,Abril,16,2022,1,15,CR-257,4,Calle del Condado,Rural,Colector Mayor,Not Reported,0,Sin jurisdiccion especial,99998,30.56646667,-83.75593056,Barda,El primer evento no fue una colision con un vehiculo automotor en transporte,Not an Intersection,No fue interseccion,Sobre el lado de la calle,Ninguna,Oscuro sin iluminacion,Despejado,No,NO APLICA,99,99,99,99,1,16/04/2022,1
12,Florida,120985,0,0,1,0,5,BAY (5),0,NO APLICA,4,Abril,12,2022,14,15,WOODLEIGH RD,8,Otro,Urbano,Local,County Highway Agency,0,Sin jurisdiccion especial,99998,30.30026667,-85.53493056,Volcadura,El primer evento no fue una colision con un vehiculo automotor en transporte,Not an Intersection,No fue interseccion,Sobre el lado de la calle,Ninguna,Dia total,Despejado,No,NO APLICA,99,99,99,99,1,12/04/2022,4
12,Florida,120986,0,0,2,0,89,NASSAU (89),0,NO APLICA,4,Abril,20,2022,12,41,US-1,2,US Highway,Rural,Arteria Principal,State Highway Agency,1,Sin jurisdiccion especial,99998,30.72718056,-81.94286111,Vehiculo en movimiento,Frente a Detrás,Not an Intersection,No fue interseccion,Sobre calle,Ninguna,Dia total,Despejado,No,NO APLICA,12,99,12,99,1,20/04/2022,3
12,Florida,120987,0,0,1,0,95,ORANGE (95),0,NO APLICA,4,Abril,10,2022,12,20,WETHERBEE ROAD,6,Calle Local Municipalidad,Urbano,Colector Mayor,Not Reported,0,Sin jurisdiccion especial,99998,28.39334167,-81.3832,Banqueta,El primer evento no fue una colision con un vehiculo automotor en transporte,Not an Intersection,No fue interseccion,Sobre el lado de la calle,Ninguna,Dia total,Despejado,No,NO APLICA,99,99,99,99,1,10/04/2022,1
12,Florida,120988,0,0,2,0,1,ALACHUA (1),1130,GAINESVILLE,4,Abril,23,2022,14,35,SR-24,3,Highway estatal,Urbano,Arteria Principal,State Highway Agency,1,Sin jurisdiccion especial,99998,29.67379722,-82.29686667,Vehiculo en movimiento,Frente a frente,Four-Way Intersection,Interseccion de 4 direcciones,Sobre calle,Ninguna,Dia total,Despejado,No,NO APLICA,99,99,99,99,1,23/04/2022,2
12,Florida,120989,1,1,1,0,53,HERNANDO (53),0,NO APLICA,4,Abril,7,2022,5,19,SR-50,3,Highway estatal,Rural,Arteria Principal,State Highway Agency,1,Sin jurisdiccion especial,99998,28.53587778,-82.33800556,Peaton,El primer evento no fue una colision con un vehiculo automotor en transporte,T-Intersection,Interseccion de T,Sobre calle,Ninguna,Oscuro sin iluminacion,Despejado,No,NO APLICA,5,19,5,28,1,07/04/2022,1
12,Florida,120990,0,0,2,0,83,MARION (83),0,NO APLICA,4,Abril,8,2022,12,27,CR-25,4,Calle del Condado,Urbano,Arteria Menor,Not Reported,0,Sin jurisdiccion especial,99998,28.98539722,-81.92091111,Vehiculo en movimiento,Angulo,Y-Intersection,Interseccion de Y,Sobre calle,Ninguna,Dia total,Despejado,No,NO APLICA,99,99,99,99,1,08/04/2022,3
12,Florida,120991,1,1,1,0,57,HILLSBOROUGH (57),0,NO APLICA,1,Enero,1,2022,18,40,US-92,2,US Highway,Urbano,Arteria Principal,State Highway Agency,1,Sin jurisdiccion especial,99998,28.004225,-82.29001111,Ciclista,El primer evento no fue una colision con un vehiculo automotor en transporte,Not an Intersection,No fue interseccion,Sobre calle,Ninguna,Atardecer,Despejado,No,NO APLICA,99,99,99,99,1,01/01/2022,1
12,Florida,120992,0,0,2,0,55,HIGHLANDS (55),2800,SEBRING,3,Marzo,25,2022,15,40,US-27,2,US Highway,Urbano,Arteria Principal,State Highway Agency,1,Sin jurisdiccion especial,99998,27.49779167,-81.48823889,Vehiculo en movimiento,Angulo,Not an Intersection,No fue interseccion,Sobre calle,Ninguna,Dia total,Despejado,No,NO APLICA,99,99,99,99,1,25/03/2022,3
12,Florida,120993,1,1,1,0,11,BROWARD (11),1782,LAUDERHILL,4,Abril,16,2022,3,34,US-441,2,US Highway,Urbano,Arteria Principal,State Highway Agency,1,Sin jurisdiccion especial,99998,26.14111944,-80.20259722,Peaton,El primer evento no fue una colision con un vehiculo automotor en transporte,Not an Intersection,No fue interseccion,Sobre calle,Ninguna,Oscuro con iluminacion,Despejado,No,NO APLICA,99,99,99,99,1,16/04/2022,1
12,Florida,120994,0,0,2,0,53,HERNANDO (53),2882,SPRING HILL,4,Abril,17,2022,20,59,CR-578,4,Calle del Condado,Urbano,Arteria Menor,County Highway Agency,0,Sin jurisdiccion especial,99998,28.43373889,-82.50845833,Vehiculo en movimiento,Angulo,T-Intersection,Interseccion de T,Sobre calle,Ninguna,Oscuro sin iluminacion,Despejado,No,NO APLICA,21,3,21,11,1,17/04/2022,4
12,Florida,120995,0,0,1,0,117,SEMINOLE (117),0,NO APLICA,4,Abril,16,2022,2,23,SR-417,3,Highway estatal,Urbano,Arterial Principal -Freeway o ExpressWay,State Highway Agency,1,Sin jurisdiccion especial,99998,28.75903611,-81.26946389,Poste de Señal de trafico,El primer evento no fue una colision con un vehiculo automotor en transporte,Not an Intersection,No fue interseccion,Sobre el lado de la calle,"Zona de trabajo, tipo desconocido",Oscuro con iluminacion,Despejado,No,NO APLICA,99,99,99,99,1,16/04/2022,1
12,Florida,120996,1,1,2,0,103,PINELLAS (103),0,NO APLICA,4,Abril,2,2022,2,11,54TH AVE N,9,Desconocido,Urbano,Arteria Menor,Not Reported,0,Sin jurisdiccion especial,99998,27.82110833,-82.67541667,Banqueta,El primer evento no fue una colision con un vehiculo automotor en transporte,Not an Intersection,No fue interseccion,Sobre el lado de la calle,Ninguna,Oscuro sin iluminacion,Despejado,No,NO APLICA,99,99,99,99,2,02/04/2022,2
12,Florida,120997,0,0,1,0,95,ORANGE (95),0,NO APLICA,4,Abril,20,2022,7,48,SR-429,3,Highway estatal,Urbano,Arterial Principal -Freeway o ExpressWay,State Highway Agency,1,Sin jurisdiccion especial,99998,28.47424167,-81.631525,Soporte de Puente,El primer evento no fue una colision con un vehiculo automotor en transporte,Not an Intersection,No fue interseccion,En el medio,Ninguna,Dia total,Despejado,No,NO APLICA,99,99,99,99,1,20/04/2022,1
12,Florida,120998,0,0,2,0,105,POLK (105),0,NO APLICA,3,Marzo,14,2022,5,15,US-27,2,US Highway,Urbano,Arteria Principal,State Highway Agency,1,Sin jurisdiccion especial,99998,28.15405,-81.63983056,Vehiculo en movimiento,Angulo,Four-Way Intersection,Interseccion de 4 direcciones,Sobre calle,Ninguna,Oscuro sin iluminacion,Despejado,No,NO APLICA,5,99,5,99,1,14/03/2022,2
12,Florida,121000,0,0,2,0,9,BREVARD (9),0,NO APLICA,4,Abril,23,2022,2,20,I-95,1,Interestatal,Urbano,Interestatal,State Highway Agency,1,Sin jurisdiccion especial,99998,27.86410556,-80.59176389,Vehiculo en movimiento,Frente a Detrás,Not an Intersection,No fue interseccion,Sobre calle,Ninguna,Oscuro sin iluminacion,Despejado,No,NO APLICA,99,99,99,99,2,23/04/2022,5
12,Florida,121001,0,0,1,0,1,ALACHUA (1),0,NO APLICA,4,Abril,17,2022,4,0,SR-121,3,Highway estatal,Rural,Arteria Menor,State Highway Agency,0,Sin jurisdiccion especial,99998,29.58198889,-82.39231944,Culvert,El primer evento no fue una colision con un vehiculo automotor en transporte,Not an Intersection,No fue interseccion,Sobre el lado de la calle,Ninguna,Oscuro sin iluminacion,Despejado,No,NO APLICA,99,99,99,99,1,17/04/2022,1
12,Florida,121002,0,0,1,0,105,POLK (105),3300,WINTER HAVEN,4,Abril,9,2022,2,34,SR-549,3,Highway estatal,Urbano,Arteria Menor,State Highway Agency,0,Sin jurisdiccion especial,99998,28.0298,-81.72658889,Arbol,El primer evento no fue una colision con un vehiculo automotor en transporte,Not an Intersection,No fue interseccion,En el medio,Ninguna,Oscuro con iluminacion,Despejado,No,NO APLICA,99,99,99,99,1,09/04/2022,1
12,Florida,121003,0,0,2,0,127,VOLUSIA (127),782,DAYTONA BEACH SHORES,4,Abril,22,2022,22,50,SR-A1A,3,Highway estatal,Urbano,Arteria Principal,State Highway Agency,1,Sin jurisdiccion especial,99998,29.18618889,-80.98808333,Vehiculo en movimiento,Golpe Lateral - direccion contraria,Not an Intersection,No fue interseccion,Sobre calle,Ninguna,Oscuro con iluminacion,Despejado,No,NO APLICA,99,99,99,99,1,22/04/2022,2
12,Florida,121004,1,1,1,0,86,MIAMI-DADE (86),0,NO APLICA,4,Abril,21,2022,0,10,CENTRAL BLVD,8,Otro,Urbano,Local,County Highway Agency,0,Sin jurisdiccion especial,99998,25.76883333,-80.32118889,Peaton,El primer evento no fue una colision con un vehiculo automotor en transporte,Not an Intersection,No fue interseccion,Sobre calle,Ninguna,Oscuro con iluminacion,Despejado,No,NO APLICA,99,99,99,99,1,21/04/2022,1
12,Florida,121005,0,0,2,0,127,VOLUSIA (127),780,DAYTONA BEACH,4,Abril,20,2022,11,46,SR-430,3,Highway estatal,Urbano,Arteria Menor,State Highway Agency,0,Sin jurisdiccion especial,99998,29.21694722,-81.05390278,Vehiculo en movimiento,Angulo,Four-Way Intersection,Interseccion de 4 direcciones,Sobre calle,Ninguna,Dia total,Despejado,No,NO APLICA,99,99,99,99,1,20/04/2022,2
12,Florida,121006,1,1,3,0,31,DUVAL (31),1510,JACKSONVILLE,4,Abril,23,2022,21,2,ARGYLE FOREST BLVD,6,Calle Local Municipalidad,Urbano,Colector Menor,Not Reported,0,Sin jurisdiccion especial,99998,30.19650278,-81.77506667,Peaton,El primer evento no fue una colision con un vehiculo automotor en transporte,T-Intersection,Interseccion de T,Sobre calle,Ninguna,Oscuro con iluminacion,Despejado,No,NO APLICA,99,99,99,99,1,23/04/2022,5
12,Florida,121007,0,0,2,0,57,HILLSBOROUGH (57),2950,TAMPA,4,Abril,13,2022,3,40,SR-60,3,Highway estatal,Urbano,Arteria Principal,State Highway Agency,1,Sin jurisdiccion especial,99998,27.97317222,-82.591025,Vehiculo en movimiento,Frente a Detrás,Not an Intersection,No fue interseccion,Sobre calle,Ninguna,Oscuro con iluminacion,Despejado,No,NO APLICA,99,99,99,99,2,13/04/2022,5
12,Florida,121008,1,1,1,0,81,MANATEE (81),3148,WEST BRADENTON,4,Abril,23,2022,0,19,SR-55,3,Highway estatal,Urbano,Arteria Principal,State Highway Agency,1,Sin jurisdiccion especial,99998,27.49041944,-82.56296389,Peaton,El primer evento no fue una colision con un vehiculo automotor en transporte,T-Intersection,Interseccion de T,Sobre calle,Ninguna,Oscuro con iluminacion,Despejado,No,NO APLICA,99,99,99,99,1,23/04/2022,2
12,Florida,121009,1,1,1,0,31,DUVAL (31),1510,JACKSONVILLE,3,Marzo,31,2022,21,30,SR-134,3,Highway estatal,Urbano,Arteria Menor,State Highway Agency,0,Sin jurisdiccion especial,99998,30.24745,-81.71857778,Peaton,El primer evento no fue una colision con un vehiculo automotor en transporte,Not an Intersection,No fue interseccion,Sobre calle,Ninguna,Oscuro con iluminacion,Despejado,No,NO APLICA,99,99,99,99,1,31/03/2022,4
12,Florida,121010,2,2,2,0,11,BROWARD (11),1050,FORT LAUDERDALE,4,Abril,3,2022,20,20,I-95,1,Interestatal,Urbano,Interestatal,State Highway Agency,1,Sin jurisdiccion especial,99998,26.09286111,-80.16875,Otro objeto (no fijo),El primer evento no fue una colision con un vehiculo automotor en transporte,Not an Intersection,No fue interseccion,Sobre calle,"Zona de trabajo, tipo desconocido",Oscuro con iluminacion,Despejado,No,NO APLICA,99,99,99,99,2,03/04/2022,2
12,Florida,121011,2,3,2,1,31,DUVAL (31),1510,JACKSONVILLE,4,Abril,24,2022,4,50,I-95,1,Interestatal,Urbano,Interestatal,State Highway Agency,1,Sin jurisdiccion especial,99998,30.50896667,-81.63425278,Vehiculo Aparcado,El primer evento no fue una colision con un vehiculo automotor en transporte,Not an Intersection,No fue interseccion,Sobre Acotamiento,Ninguna,Oscuro con iluminacion,Despejado,No,NO APLICA,99,99,99,99,2,24/04/2022,1
12,Florida,121012,0,0,4,1,31,DUVAL (31),1510,JACKSONVILLE,4,Abril,24,2022,20,15,SOUTEL DR,6,Calle Local Municipalidad,Urbano,Arteria Menor,Not Reported,0,Sin jurisdiccion especial,99998,30.38828056,-81.73245,Vehiculo en movimiento,Frente a frente,T-Intersection,Interseccion de T,Sobre calle,Ninguna,Oscuro con iluminacion,Despejado,No,NO APLICA,99,99,99,99,1,24/04/2022,4
12,Florida,121013,0,0,2,0,35,FLAGLER (35),410,BUNNELL,4,Abril,24,2022,10,50,SR-11,3,Highway estatal,Rural,Arteria Menor,State Highway Agency,0,Sin jurisdiccion especial,99998,29.45626944,-81.26653056,Vehiculo en movimiento,Frente a frente,Not an Intersection,No fue interseccion,Sobre calle,Ninguna,Dia total,Despejado,No,NO APLICA,99,99,99,99,1,24/04/2022,5
12,Florida,121014,0,0,3,0,63,JACKSON (63),0,NO APLICA,4,Abril,7,2022,21,30,SR-71,3,Highway estatal,Rural,Arteria Menor,State Highway Agency,0,Sin jurisdiccion especial,99998,30.85203056,-85.1645,Vehiculo en movimiento,Frente a frente,Not an Intersection,No fue interseccion,Sobre calle,Ninguna,Oscuro sin iluminacion,Despejado,No,NO APLICA,99,99,99,99,1,07/04/2022,5
12,Florida,121015,0,0,2,0,57,HILLSBOROUGH (57),1847,LUTZ,4,Abril,16,2022,2,30,I-275,1,Interestatal,Urbano,Interestatal,State Highway Agency,1,Sin jurisdiccion especial,99998,28.15753333,-82.40387222,Vehiculo en movimiento,Frente a Detrás,Not an Intersection,No fue interseccion,Sobre calle,Ninguna,Oscuro sin iluminacion,Despejado,No,NO APLICA,99,99,99,99,1,16/04/2022,4
12,Florida,121016,0,0,1,0,33,ESCAMBIA (33),3100,WARRINGTON,4,Abril,26,2022,4,50,SR-292,3,Highway estatal,Urbano,Arteria Menor,State Highway Agency,0,Sin jurisdiccion especial,99998,30.39028056,-87.26786944,Banqueta,El primer evento no fue una colision con un vehiculo automotor en transporte,Not an Intersection,No fue interseccion,Sobre el lado de la calle,Ninguna,Oscuro sin iluminacion,Despejado,No,NO APLICA,99,99,99,99,1,26/04/2022,1
12,Florida,121017,0,0,3,0,95,ORANGE (95),0,NO APLICA,4,Abril,1,2022,19,9,AVALON PARK BOULEVARD,6,Calle Local Municipalidad,Urbano,Colector Mayor,County Highway Agency,0,Sin jurisdiccion especial,99998,28.54278056,-81.15415,Vehiculo en movimiento,Frente a Detrás,Four-Way Intersection,Interseccion de 4 direcciones,Sobre calle,Ninguna,Atardecer,Despejado,No,NO APLICA,99,99,99,99,1,01/04/2022,3
12,Florida,121018,0,0,3,0,31,DUVAL (31),1510,JACKSONVILLE,4,Abril,26,2022,14,50,SR-10,3,Highway estatal,Urbano,Arteria Principal,State Highway Agency,1,Sin jurisdiccion especial,99998,30.32271389,-81.54075278,Vehiculo en movimiento,No reportado,Not an Intersection,No fue interseccion,Sobre calle,Ninguna,Dia total,Despejado,No,NO APLICA,99,99,99,99,1,26/04/2022,3
12,Florida,121019,1,1,1,0,101,PASCO (101),0,NO APLICA,3,Marzo,29,2022,18,18,RANGELAND BLVD,8,Otro,Rural,Local,Private (other than Railroad),0,Sin jurisdiccion especial,99998,28.20485,-82.61235556,Peaton,El primer evento no fue una colision con un vehiculo automotor en transporte,T-Intersection,Interseccion de T,Sobre calle,Ninguna,Dia total,Despejado,No,NO APLICA,99,99,99,99,1,29/03/2022,1
12,Florida,121020,1,1,1,0,53,HERNANDO (53),2882,SPRING HILL,3,Marzo,23,2022,23,15,US-19,2,US Highway,Urbano,Arteria Principal,State Highway Agency,1,Sin jurisdiccion especial,99998,28.50240556,-82.58901389,Peaton,El primer evento no fue una colision con un vehiculo automotor en transporte,Not an Intersection,No fue interseccion,Sobre calle,Ninguna,Oscuro sin iluminacion,lluvia,No,NO APLICA,23,15,23,22,1,23/03/2022,1
12,Florida,121021,0,0,1,0,91,OKALOOSA (91),0,NO APLICA,4,Abril,27,2022,22,0,SR-85,3,Highway estatal,Urbano,Arteria Principal,State Highway Agency,1,Sin jurisdiccion especial,99998,30.69505833,-86.571625,Arbol,El primer evento no fue una colision con un vehiculo automotor en transporte,Not an Intersection,No fue interseccion,Sobre el lado de la calle,Ninguna,Oscuro sin iluminacion,Despejado,No,NO APLICA,99,99,99,99,1,27/04/2022,1
12,Florida,121022,0,0,2,0,55,HIGHLANDS (55),0,NO APLICA,4,Abril,22,2022,22,30,US-27,2,US Highway,Rural,Arteria Principal,State Highway Agency,1,Sin jurisdiccion especial,99998,27.35486111,-81.38908889,Vehiculo en movimiento,Angulo,Four-Way Intersection,Interseccion de 4 direcciones,Sobre calle,Ninguna,Oscuro sin iluminacion,Despejado,No,NO APLICA,99,99,99,99,1,22/04/2022,3
12,Florida,121023,1,1,1,0,81,MANATEE (81),0,NO APLICA,4,Abril,29,2022,6,1,US-41,2,US Highway,Urbano,Arteria Principal,State Highway Agency,1,Sin jurisdiccion especial,99998,27.44468056,-82.5754,Peaton,El primer evento no fue una colision con un vehiculo automotor en transporte,Not an Intersection,No fue interseccion,Sobre calle,Ninguna,Oscuro con iluminacion,Despejado,No,NO APLICA,99,99,99,99,1,29/04/2022,1
12,Florida,121024,0,0,1,0,95,ORANGE (95),0,NO APLICA,4,Abril,20,2022,0,40,HIAWASSEE RD,8,Otro,Urbano,Local,County Highway Agency,0,Sin jurisdiccion especial,99998,28.64342778,-81.47477222,Barrera de Trafico de Concreto,El primer evento no fue una colision con un vehiculo automotor en transporte,Not an Intersection,No fue interseccion,Sobre el lado de la calle,Ninguna,Oscuro con iluminacion,Despejado,No,NO APLICA,99,99,99,99,1,20/04/2022,1
12,Florida,121025,0,0,2,0,99,PALM BEACH (99),0,NO APLICA,4,Abril,23,2022,16,8,SR-809,3,Highway estatal,Urbano,Arteria Menor,State Highway Agency,0,Sin jurisdiccion especial,99998,26.42550833,-80.12205556,Vehiculo en movimiento,Frente a frente,Not an Intersection,No fue interseccion,Sobre calle,Ninguna,Dia total,Despejado,No,NO APLICA,99,99,99,99,1,23/04/2022,3