Estado,Nombre de Estado,Numero de Caso,Peatones,Personas _no_vehiculos,Vehiculos automotores,Vehiculos estacionados,Condado,Nombre Condado,Ciudad,Nombre Ciudad,Mes,Nombre Mes,Dia,Año,Hora,Minuto,Calle,Ruta,Nombre Ruta,Rural o Urbanoo,Sistema Funcional,Dueño Calle,Sistema Nacional Carreteras,Jurisdiccion Especial,Milla,Latitud,Longitud,Causa del Accidente,Tipo de Accidente,Tipo Interseccion,Columna1,Lugar en la calle,Zona de Trabajo,Luz,Clima,Autobus Escolar,Cruce de Trenes,Hora Notificacion,Minuto Notificacion,Hora Llegada,Minuto Llegada,Decesos,Fecha,PersonaVehiculo
12,Florida,121026,0,0,1,0,99,PALM BEACH (99),0,NO APLICA,4,Abril,26,2022,20,30,JOG RD S,8,Otro,Urbano,Colector Menor,City or Municipal Highway Agency,0,Sin jurisdiccion especial,99998,26.4567,-80.14708611,Poste de Señal de trafico,El primer evento no fue una colision con un vehiculo automotor en transporte,Not an Intersection,No fue interseccion,En el medio,Ninguna,Oscuro con iluminacion,Despejado,No,NO APLICA,99,99,99,99,1,26/04/2022,1
12,Florida,121027,0,0,2,0,107,PUTNAM (107),0,NO APLICA,4,Abril,18,2022,10,6,WEST RIVER RD,9,Desconocido,Rural,Colector Menor,Not Reported,0,Sin jurisdiccion especial,99998,29.76207778,-81.57897778,Vehiculo en movimiento,Frente a frente,Not an Intersection,No fue interseccion,Sobre calle,Ninguna,Dia total,Despejado,No,NO APLICA,99,99,99,99,1,18/04/2022,3
12,Florida,121028,0,0,2,0,71,LEE (71),0,NO APLICA,5,Mayo,1,2022,1,25,SR-82,3,Highway estatal,Urbano,Arteria Principal,State Highway Agency,0,Sin jurisdiccion especial,99998,26.58170833,-81.71399444,Vehiculo en movimiento,Angulo,Four-Way Intersection,Interseccion de 4 direcciones,Sobre calle,Ninguna,Oscuro con iluminacion,Nublado,No,NO APLICA,99,99,99,99,1,01/05/2022,3
12,Florida,121029,1,1,1,0,1,ALACHUA (1),0,NO APLICA,4,Abril,24,2022,21,30,SR-24,3,Highway estatal,Rural,Arteria Principal,State Highway Agency,1,Sin jurisdiccion especial,99998,29.77631111,-82.1862,Ciclista,El primer evento no fue una colision con un vehiculo automotor en transporte,Not an Intersection,No fue interseccion,Sobre calle,Ninguna,Oscuro sin iluminacion,Despejado,No,NO APLICA,99,99,99,99,1,24/04/2022,1
12,Florida,121030,0,0,2,0,103,PINELLAS (103),2530,PINELLAS PARK,5,Mayo,2,2022,7,25,49TH ST N,6,Calle Local Municipalidad,Urbano,Arteria Principal,Not Reported,0,Sin jurisdiccion especial,99998,27.88649167,-82.70044722,Vehiculo en movimiento,Angulo,Four-Way Intersection,Interseccion de 4 direcciones,Sobre calle,Ninguna,Dia total,Despejado,No,NO APLICA,99,99,99,99,1,02/05/2022,4
12,Florida,121031,0,0,3,0,99,PALM BEACH (99),0,NO APLICA,4,Abril,29,2022,17,42,ROYAL PALM BEACH BLVD,6,Calle Local Municipalidad,Urbano,Arteria Menor,Not Reported,0,Sin jurisdiccion especial,99998,26.74356667,-80.22762222,Volcadura,El primer evento no fue una colision con un vehiculo automotor en transporte,Not an Intersection,No fue interseccion,Sobre calle,Ninguna,Dia total,Nublado,No,NO APLICA,99,99,99,99,1,29/04/2022,3
12,Florida,121032,0,0,1,0,111,ST LUCIE (111),0,NO APLICA,4,Abril,21,2022,8,20,SR-713,3,Highway estatal,Urbano,Arteria Principal,State Highway Agency,1,Sin jurisdiccion especial,99998,27.47025278,-80.39909722,Arbusto,El primer evento no fue una colision con un vehiculo automotor en transporte,Not an Intersection,No fue interseccion,Sobre el lado de la calle,Ninguna,Dia total,Nublado,No,NO APLICA,99,99,99,99,1,21/04/2022,1
12,Florida,121033,0,0,2,0,111,ST LUCIE (111),0,NO APLICA,4,Abril,18,2022,2,59,SR-91,3,Highway estatal,Urbano,Arterial Principal -Freeway o ExpressWay,State Highway Agency,1,Sin jurisdiccion especial,99998,27.39645278,-80.39475,Vehiculo en movimiento,Frente a Detrás,Not an Intersection,No fue interseccion,Sobre calle,Ninguna,Oscuro sin iluminacion,Despejado,No,NO APLICA,99,99,99,99,2,18/04/2022,5
12,Florida,121034,1,1,1,0,11,BROWARD (11),1420,HOLLYWOOD,4,Abril,26,2022,16,30,SR-1,3,Highway estatal,Urbano,Arteria Principal,State Highway Agency,1,Sin jurisdiccion especial,99998,26.02908333,-80.14328056,Peaton,El primer evento no fue una colision con un vehiculo automotor en transporte,T-Intersection,Interseccion de T,Sobre calle,Ninguna,Dia total,Despejado,No,NO APLICA,99,99,99,99,1,26/04/2022,1
12,Florida,121035,0,0,1,0,86,MIAMI-DADE (86),0,NO APLICA,4,Abril,20,2022,1,20,SW 102ND AVE,8,Otro,Urbano,Colector Mayor,County Highway Agency,0,Sin jurisdiccion especial,99998,25.7232,-80.359175,Poste de Señal de trafico,El primer evento no fue una colision con un vehiculo automotor en transporte,Four-Way Intersection,Interseccion de 4 direcciones,Sobre el lado de la calle,Ninguna,Oscuro con iluminacion,Despejado,No,NO APLICA,99,99,99,99,1,20/04/2022,1
12,Florida,121036,1,1,1,0,57,HILLSBOROUGH (57),2980,TEMPLE TERRACE,4,Abril,25,2022,21,47,SR-582,3,Highway estatal,Urbano,Arteria Principal,State Highway Agency,1,Sin jurisdiccion especial,99998,28.05447778,-82.38158333,Ciclista,El primer evento no fue una colision con un vehiculo automotor en transporte,T-Intersection,Interseccion de T,Sobre calle,Ninguna,Oscuro con iluminacion,Despejado,No,NO APLICA,99,99,99,99,1,25/04/2022,1
12,Florida,121037,1,1,1,0,95,ORANGE (95),0,NO APLICA,4,Abril,23,2022,20,10,INTERNATIONAL DRIVE,6,Calle Local Municipalidad,Urbano,Arteria Menor,State Highway Agency,0,Sin jurisdiccion especial,99998,28.45297222,-81.47083333,Peaton,El primer evento no fue una colision con un vehiculo automotor en transporte,Four-Way Intersection,Interseccion de 4 direcciones,Sobre calle,Ninguna,Oscuro - iluminacion desconocida,Despejado,No,NO APLICA,99,99,99,99,1,23/04/2022,1
12,Florida,121038,0,0,1,0,11,BROWARD (11),1050,FORT LAUDERDALE,4,Abril,26,2022,3,20,SR-838,3,Highway estatal,Urbano,Arteria Principal,State Highway Agency,1,Sin jurisdiccion especial,99998,26.137275,-80.12362222,Banqueta,El primer evento no fue una colision con un vehiculo automotor en transporte,Not an Intersection,No fue interseccion,Sobre el lado de la calle,Ninguna,Oscuro con iluminacion,Nublado,No,NO APLICA,99,99,99,99,1,26/04/2022,1
12,Florida,121039,0,0,1,0,35,FLAGLER (35),2439,PALM COAST,4,Abril,22,2022,14,45,US-1,2,US Highway,Rural,Arteria Principal,State Highway Agency,1,Sin jurisdiccion especial,99998,29.61113889,-81.281025,Puente de Ferrocarril,El primer evento no fue una colision con un vehiculo automotor en transporte,Not an Intersection,No fue interseccion,Sobre el lado de la calle,Ninguna,Dia total,Despejado,No,NO APLICA,99,99,99,99,1,22/04/2022,1
12,Florida,121040,3,3,1,0,57,HILLSBOROUGH (57),0,NO APLICA,4,Abril,29,2022,5,8,CULBREATH RD,8,Otro,Urbano,Local,County Highway Agency,0,Sin jurisdiccion especial,99998,27.88799444,-82.24741389,Peaton,El primer evento no fue una colision con un vehiculo automotor en transporte,Not an Intersection,No fue interseccion,Sobre calle,Ninguna,Oscuro con iluminacion,Despejado,No,NO APLICA,99,99,99,99,1,29/04/2022,1
12,Florida,121041,1,1,1,0,103,PINELLAS (103),570,CLEARWATER,4,Abril,21,2022,13,41,GULF BLVD,6,Calle Local Municipalidad,Urbano,Arteria Menor,Not Reported,0,Sin jurisdiccion especial,99998,27.95256389,-82.82982778,Peaton,El primer evento no fue una colision con un vehiculo automotor en transporte,Not an Intersection,No fue interseccion,Sobre calle,Ninguna,Dia total,Despejado,No,NO APLICA,99,99,99,99,1,21/04/2022,1
12,Florida,121042,1,1,1,0,11,BROWARD (11),1050,FORT LAUDERDALE,4,Abril,24,2022,3,0,US-1,2,US Highway,Urbano,Arteria Principal,State Highway Agency,1,Sin jurisdiccion especial,99998,26.10469167,-80.13697778,Peaton,El primer evento no fue una colision con un vehiculo automotor en transporte,Not an Intersection,No fue interseccion,Sobre calle,Ninguna,Oscuro - iluminacion desconocida,Despejado,No,NO APLICA,99,99,99,99,1,24/04/2022,1
12,Florida,121043,1,1,1,0,11,BROWARD (11),1050,FORT LAUDERDALE,4,Abril,29,2022,3,40,US-1,2,US Highway,Urbano,Arteria Principal,State Highway Agency,1,Sin jurisdiccion especial,99998,26.167525,-80.11699722,Ciclista,El primer evento no fue una colision con un vehiculo automotor en transporte,Not an Intersection,No fue interseccion,Sobre calle,Ninguna,Oscuro con iluminacion,Despejado,No,NO APLICA,99,99,99,99,1,29/04/2022,1
12,Florida,121044,0,0,2,0,11,BROWARD (11),2570,POMPANO BEACH,3,Marzo,29,2022,19,40,I-95,1,Interestatal,Urbano,Interestatal,State Highway Agency,1,Sin jurisdiccion especial,99998,26.27501111,-80.12518889,Vehiculo en movimiento,Frente a Detrás,Not an Intersection,No fue interseccion,Sobre calle,Ninguna,Atardecer,Despejado,No,NO APLICA,99,99,99,99,1,29/03/2022,4
12,Florida,121045,0,0,2,0,21,COLLIER (21),0,NO APLICA,5,Mayo,2,2022,14,49,SR-29,3,Highway estatal,Rural,Arteria Principal,State Highway Agency,1,Sin jurisdiccion especial,99998,26.30323611,-81.34272778,Vehiculo en movimiento,Angulo,Four-Way Intersection,Interseccion de 4 direcciones,Sobre calle,Ninguna,Dia total,Despejado,No,NO APLICA,99,99,99,99,1,02/05/2022,6
12,Florida,121046,0,0,1,0,97,OSCEOLA (97),0,NO APLICA,4,Abril,10,2022,11,40,CR-531A,4,Calle del Condado,Urbano,Colector Mayor,Not Reported,0,Sin jurisdiccion especial,99998,28.31896111,-81.39482778,Banqueta,El primer evento no fue una colision con un vehiculo automotor en transporte,Not an Intersection,No fue interseccion,En el medio,Ninguna,Dia total,Despejado,No,NO APLICA,99,99,99,99,1,10/04/2022,1
12,Florida,121047,0,0,2,0,81,MANATEE (81),0,NO APLICA,4,Abril,26,2022,18,40,12TH AVE,9,Desconocido,Rural,Local,Not Reported,0,Sin jurisdiccion especial,99998,27.53215,-82.55223611,Vehiculo en movimiento,Angulo,T-Intersection,Interseccion de T,Sobre calle,Ninguna,Dia total,Despejado,No,NO APLICA,99,99,99,99,1,26/04/2022,2
12,Florida,121048,0,0,3,1,71,LEE (71),0,NO APLICA,4,Abril,25,2022,19,55,LUCKETT RD,8,Otro,Urbano,Arteria Menor,County Highway Agency,0,Sin jurisdiccion especial,99998,26.65617222,-81.80907778,Vehiculo en movimiento,Frente a frente,Not an Intersection,No fue interseccion,Sobre calle,Ninguna,Atardecer,Despejado,No,NO APLICA,99,99,99,99,2,25/04/2022,3
12,Florida,121049,0,0,2,0,57,HILLSBOROUGH (57),0,NO APLICA,5,Mayo,2,2022,15,24,SR-60,3,Highway estatal,Urbano,Arteria Principal,State Highway Agency,1,Sin jurisdiccion especial,99998,27.9379,-82.09237778,Volcadura,El primer evento no fue una colision con un vehiculo automotor en transporte,Not an Intersection,No fue interseccion,Sobre calle,Ninguna,Dia total,Despejado,No,NO APLICA,99,99,99,99,1,02/05/2022,2
12,Florida,121050,0,0,1,0,86,MIAMI-DADE (86),0,NO APLICA,4,Abril,24,2022,11,55,US-27,2,US Highway,Rural,Arteria Principal,State Highway Agency,1,Sin jurisdiccion especial,99998,25.93028611,-80.42539722,Zanja,El primer evento no fue una colision con un vehiculo automotor en transporte,Not an Intersection,No fue interseccion,Sobre el lado de la calle,"Zona de trabajo, tipo desconocido",Dia total,Despejado,No,NO APLICA,99,99,99,99,1,24/04/2022,1
12,Florida,121052,0,0,1,0,99,PALM BEACH (99),290,BOCA RATON,4,Abril,23,2022,13,20,I-95,1,Interestatal,Urbano,Interestatal,State Highway Agency,1,Sin jurisdiccion especial,99998,26.40668056,-80.09017222,Valla para choques,El primer evento no fue una colision con un vehiculo automotor en transporte,Not an Intersection,No fue interseccion,En el medio,"Zona de trabajo, tipo desconocido",Dia total,Nublado,No,NO APLICA,99,99,99,99,1,23/04/2022,1
12,Florida,121053,0,0,1,0,9,BREVARD (9),0,NO APLICA,4,Abril,22,2022,19,35,I-95,1,Interestatal,Urbano,Interestatal,State Highway Agency,1,Sin jurisdiccion especial,99998,28.29700556,-80.750175,Volcadura,El primer evento no fue una colision con un vehiculo automotor en transporte,Not an Intersection,No fue interseccion,Sobre calle,Ninguna,Oscuro con iluminacion,Despejado,No,NO APLICA,99,99,99,99,1,22/04/2022,1
12,Florida,121054,0,0,4,0,95,ORANGE (95),0,NO APLICA,4,Abril,21,2022,4,37,SR-528,3,Highway estatal,Urbano,Arterial Principal -Freeway o ExpressWay,State Highway Agency,1,Sin jurisdiccion especial,99998,28.42103889,-81.44218056,Valla Ferrocarril,El primer evento no fue una colision con un vehiculo automotor en transporte,Not an Intersection,No fue interseccion,Sobre el lado de la calle,Ninguna,Oscuro con iluminacion,Despejado,No,NO APLICA,99,99,99,99,1,21/04/2022,4
12,Florida,121055,0,0,2,0,127,VOLUSIA (127),2580,PORT ORANGE,4,Abril,26,2022,0,52,SR-5A,3,Highway estatal,Urbano,Arteria Principal,State Highway Agency,1,Sin jurisdiccion especial,99998,29.13616111,-81.00988889,Vehiculo en movimiento,Angulo,T-Intersection,Interseccion de T,Sobre calle,Ninguna,Oscuro sin iluminacion,Despejado,No,NO APLICA,99,99,99,99,1,26/04/2022,3
12,Florida,121056,0,0,4,3,91,OKALOOSA (91),835,DESTIN,3,Marzo,23,2022,22,10,US-98,2,US Highway,Urbano,Arteria Principal,State Highway Agency,1,Sin jurisdiccion especial,99998,30.38570556,-86.46005278,Banqueta,El primer evento no fue una colision con un vehiculo automotor en transporte,Not an Intersection,No fue interseccion,Sobre el lado de la calle,Ninguna,Oscuro con iluminacion,Despejado,No,NO APLICA,99,99,99,99,1,23/03/2022,1
12,Florida,121057,0,0,3,0,11,BROWARD (11),1420,HOLLYWOOD,4,Abril,12,2022,16,27,N PARK RD,6,Calle Local Municipalidad,Urbano,Colector Mayor,City or Municipal Highway Agency,0,Sin jurisdiccion especial,99998,26.01044444,-80.17546389,Vehiculo en movimiento,Frente a Detrás,Four-Way Intersection,Interseccion de 4 direcciones,Sobre calle,Ninguna,Dia total,Despejado,No,NO APLICA,99,99,99,99,1,12/04/2022,3
12,Florida,121058,0,0,2,0,57,HILLSBOROUGH (57),0,NO APLICA,4,Abril,17,2022,10,42,CR-39 S,4,Calle del Condado,Rural,Local,Not Reported,0,Sin jurisdiccion especial,99998,27.82636389,-82.14569722,Vehiculo en movimiento,Angulo,Not an Intersection,No fue interseccion,Sobre calle,Ninguna,Dia total,Despejado,No,NO APLICA,99,99,99,99,1,17/04/2022,2
12,Florida,121059,0,0,1,0,11,BROWARD (11),1420,HOLLYWOOD,3,Marzo,9,2022,20,56,S PARK RD,6,Calle Local Municipalidad,Urbano,Local,Not Reported,0,Sin jurisdiccion especial,99998,26.00128333,-80.17748611,Poste de Señal de trafico,El primer evento no fue una colision con un vehiculo automotor en transporte,Not an Intersection,No fue interseccion,En el medio,Ninguna,Oscuro sin iluminacion,Despejado,No,NO APLICA,99,99,99,99,1,09/03/2022,1
12,Florida,121060,0,0,2,0,57,HILLSBOROUGH (57),1919,MANGO,4,Abril,19,2022,4,36,US-92,2,US Highway,Urbano,Arteria Principal,State Highway Agency,1,Sin jurisdiccion especial,99998,28.001925,-82.30208333,Vehiculo en movimiento,Frente a Detrás,Four-Way Intersection,Interseccion de 4 direcciones,Sobre calle,Ninguna,Oscuro con iluminacion,Despejado,No,NO APLICA,99,99,99,99,1,19/04/2022,3
12,Florida,121061,0,0,2,0,86,MIAMI-DADE (86),0,NO APLICA,4,Abril,26,2022,17,20,SW 268TH ST,6,Calle Local Municipalidad,Urbano,Colector Mayor,Not Reported,0,Sin jurisdiccion especial,99998,25.51811389,-80.41248611,Vehiculo en movimiento,Angulo,Four-Way Intersection,Interseccion de 4 direcciones,Sobre calle,Ninguna,Dia total,Despejado,No,NO APLICA,99,99,99,99,1,26/04/2022,5
12,Florida,121062,1,1,1,0,57,HILLSBOROUGH (57),0,NO APLICA,5,Mayo,2,2022,0,14,CR-587,4,Calle del Condado,Urbano,Colector Mayor,Not Reported,0,Sin jurisdiccion especial,99998,28.06208889,-82.54420278,Peaton,El primer evento no fue una colision con un vehiculo automotor en transporte,Not an Intersection,No fue interseccion,Sobre calle,Ninguna,Oscuro sin iluminacion,Despejado,No,NO APLICA,99,99,99,99,1,02/05/2022,2
12,Florida,121064,0,0,2,0,99,PALM BEACH (99),0,NO APLICA,4,Abril,22,2022,1,56,SR-91,3,Highway estatal,Urbano,Arterial Principal -Freeway o ExpressWay,State Highway Agency,1,Sin jurisdiccion especial,99998,26.42905,-80.17211111,Vehiculo en movimiento,Frente a frente,Not an Intersection,No fue interseccion,Sobre calle,Ninguna,Oscuro sin iluminacion,Nublado,No,NO APLICA,99,99,99,99,2,22/04/2022,2
12,Florida,121065,1,1,1,0,47,HAMILTON (47),0,NO APLICA,4,Abril,30,2022,18,50,I-75,1,Interestatal,Rural,Interestatal,State Highway Agency,1,Sin jurisdiccion especial,99998,30.61424722,-83.14841667,Peaton,El primer evento no fue una colision con un vehiculo automotor en transporte,Not an Intersection,No fue interseccion,Sobre calle,Ninguna,Dia total,Nublado,No,NO APLICA,99,99,99,99,1,30/04/2022,2
12,Florida,121066,1,1,1,0,101,PASCO (101),0,NO APLICA,4,Abril,14,2022,17,42,US-19,2,US Highway,Urbano,Arteria Principal,State Highway Agency,1,Sin jurisdiccion especial,99998,28.18455833,-82.740225,Peaton,El primer evento no fue una colision con un vehiculo automotor en transporte,Not an Intersection,No fue interseccion,Sobre calle,Ninguna,Dia total,Despejado,No,NO APLICA,99,99,99,99,1,14/04/2022,1
12,Florida,121067,1,1,1,0,86,MIAMI-DADE (86),2023,MIAMI GARDENS,4,Abril,26,2022,3,9,NW 207TH ST,6,Calle Local Municipalidad,Urbano,Local,City or Municipal Highway Agency,0,Sin jurisdiccion especial,99998,25.96456667,-80.23528889,Peaton,El primer evento no fue una colision con un vehiculo automotor en transporte,Not an Intersection,No fue interseccion,Sobre calle,Ninguna,Oscuro con iluminacion,Despejado,No,NO APLICA,99,99,99,99,1,26/04/2022,1
12,Florida,121068,0,0,2,0,85,MARTIN (85),0,NO APLICA,4,Abril,18,2022,17,25,SR-710,3,Highway estatal,Rural,Arteria Principal,State Highway Agency,1,Sin jurisdiccion especial,99998,27.15626111,-80.67335,Vehiculo en movimiento,Frente a frente,Not an Intersection,No fue interseccion,Sobre calle,Ninguna,Dia total,lluvia,No,NO APLICA,99,99,99,99,1,18/04/2022,2
12,Florida,121069,0,0,2,0,9,BREVARD (9),1990,MELBOURNE,5,Mayo,2,2022,14,28,DAIRY RD,6,Calle Local Municipalidad,Urbano,Arteria Menor,Not Reported,0,Sin jurisdiccion especial,99998,28.04246667,-80.63798056,Vehiculo en movimiento,Angulo,Four-Way Intersection,Interseccion de 4 direcciones,Sobre calle,Ninguna,Dia total,Despejado,No,NO APLICA,99,99,99,99,1,02/05/2022,2
12,Florida,121070,1,1,1,0,53,HERNANDO (53),1955,MASARYKTOWN,3,Marzo,18,2022,6,51,US-41,2,US Highway,Urbano,Arteria Principal,State Highway Agency,1,Sin jurisdiccion especial,99998,28.43456944,-82.46153611,Ciclista,El primer evento no fue una colision con un vehiculo automotor en transporte,Not an Intersection,No fue interseccion,Sobre calle,Ninguna,Oscuro sin iluminacion,Despejado,No,NO APLICA,6,53,6,56,1,18/03/2022,1
12,Florida,121071,0,0,1,0,9,BREVARD (9),620,COCOA,4,Abril,28,2022,15,0,US-1,2,US Highway,Urbano,Arteria Principal,State Highway Agency,1,Sin jurisdiccion especial,99998,28.41055,-80.75523889,Banqueta,El primer evento no fue una colision con un vehiculo automotor en transporte,Not an Intersection,No fue interseccion,Sobre el lado de la calle,Ninguna,Dia total,Despejado,No,NO APLICA,99,99,99,99,1,28/04/2022,2
12,Florida,121072,1,1,1,0,86,MIAMI-DADE (86),0,NO APLICA,3,Marzo,6,2022,21,11,I-95,1,Interestatal,Urbano,Interestatal,State Highway Agency,1,Sin jurisdiccion especial,99998,25.89415833,-80.20957222,Peaton,El primer evento no fue una colision con un vehiculo automotor en transporte,Not an Intersection,No fue interseccion,Sobre calle,Ninguna,Oscuro con iluminacion,Despejado,No,NO APLICA,99,99,99,99,1,06/03/2022,1
12,Florida,121073,0,0,2,0,21,COLLIER (21),0,NO APLICA,5,Mayo,1,2022,19,30,GOLDEN GATE BLVD E,6,Calle Local Municipalidad,Urbano,Colector Mayor,Not Reported,0,Sin jurisdiccion especial,99998,26.23074722,-81.5305,Vehiculo en movimiento,Frente a Detrás,Not an Intersection,No fue interseccion,Sobre calle,Ninguna,Atardecer,Despejado,No,NO APLICA,99,99,99,99,1,01/05/2022,3
12,Florida,121074,0,0,2,0,115,SARASOTA (115),0,NO APLICA,4,Abril,29,2022,15,52,CR-780,4,Calle del Condado,Rural,Colector Mayor,Not Reported,0,Sin jurisdiccion especial,99998,27.33821667,-82.40981111,Vehiculo en movimiento,Frente a Detrás,Not an Intersection,No fue interseccion,Sobre calle,Ninguna,Dia total,Despejado,No,NO APLICA,99,99,99,99,1,29/04/2022,2
12,Florida,121075,0,0,1,0,127,VOLUSIA (127),0,NO APLICA,5,Mayo,1,2022,10,20,SR-415,3,Highway estatal,Rural,Arteria Menor,State Highway Agency,0,Sin jurisdiccion especial,99998,28.887,-81.14388889,Valla Ferrocarril,El primer evento no fue una colision con un vehiculo automotor en transporte,Not an Intersection,No fue interseccion,Sobre el lado de la calle,Ninguna,Dia total,Despejado,No,NO APLICA,99,99,99,99,1,01/05/2022,1
12,Florida,121076,0,0,1,0,113,SANTA ROSA (113),0,NO APLICA,4,Abril,30,2022,10,45,NICHOLS LAKE ROAD,9,Desconocido,Rural,Local,Not Reported,0,Sin jurisdiccion especial,99998,30.59776111,-86.93013889,Volcadura,El primer evento no fue una colision con un vehiculo automotor en transporte,T-Intersection,Interseccion de T,Sobre calle,Ninguna,Dia total,Nublado,No,NO APLICA,99,99,99,99,1,30/04/2022,1
12,Florida,121080,0,0,1,0,131,WALTON (131),0,NO APLICA,4,Abril,23,2022,18,38,HATCHER CEMETERY RD,8,Otro,Rural,Local,Private (other than Railroad),0,Sin jurisdiccion especial,99998,30.50655278,-86.17900833,Volcadura,El primer evento no fue una colision con un vehiculo automotor en transporte,Not an Intersection,No fue interseccion,Sobre calle,Ninguna,Atardecer,Despejado,No,NO APLICA,99,99,99,99,1,23/04/2022,1
12,Florida,121081,1,1,1,0,31,DUVAL (31),1510,JACKSONVILLE,4,Abril,17,2022,1,58,SR-21,3,Highway estatal,Urbano,Arteria Principal,State Highway Agency,1,Sin jurisdiccion especial,99998,30.20469167,-81.73933333,Peaton,El primer evento no fue una colision con un vehiculo automotor en transporte,Not an Intersection,No fue interseccion,Sobre calle,Ninguna,Oscuro con iluminacion,Despejado,No,NO APLICA,99,99,99,99,1,17/04/2022,1
12,Florida,121082,0,0,2,0,9,BREVARD (9),0,NO APLICA,4,Abril,27,2022,7,58,US-1,2,US Highway,Urbano,Arteria Principal,State Highway Agency,1,Sin jurisdiccion especial,99998,27.96381944,-80.54178056,Vehiculo en movimiento,Angulo,T-Intersection,Interseccion de T,Sobre calle,Ninguna,Dia total,Despejado,No,NO APLICA,99,99,99,99,1,27/04/2022,2
12,Florida,121083,1,1,1,0,105,POLK (105),160,BARTOW,2,Febrero,4,2022,15,51,E SUMMERLIN ST,6,Calle Local Municipalidad,Rural,Local,Not Reported,0,Sin jurisdiccion especial,99998,27.89603333,-81.83216111,Peaton,El primer evento no fue una colision con un vehiculo automotor en transporte,Four-Way Intersection,Interseccion de 4 direcciones,Sobre calle,Ninguna,Dia total,Despejado,No,NO APLICA,99,99,99,99,1,04/02/2022,1
12,Florida,121085,0,0,1,0,107,PUTNAM (107),0,NO APLICA,4,Abril,24,2022,0,5,LAKE COMO DR,8,Otro,Rural,Local,County Highway Agency,0,Sin jurisdiccion especial,99998,29.48018889,-81.58669722,Volcadura,El primer evento no fue una colision con un vehiculo automotor en transporte,Not an Intersection,No fue interseccion,Sobre el lado de la calle,Ninguna,Oscuro sin iluminacion,Nublado,No,NO APLICA,99,99,99,99,1,24/04/2022,4
12,Florida,121086,0,0,1,0,69,LAKE (69),960,EUSTIS,4,Abril,24,2022,16,40,SR-19,3,Highway estatal,Urbano,Arteria Menor,State Highway Agency,9,Sin jurisdiccion especial,99998,28.86167778,-81.68386389,Otro objeto (no fijo),El primer evento no fue una colision con un vehiculo automotor en transporte,Not an Intersection,No fue interseccion,Sobre el lado de la calle,Ninguna,Dia total,Despejado,No,NO APLICA,99,99,99,99,1,24/04/2022,2
12,Florida,121088,0,0,1,0,35,FLAGLER (35),0,NO APLICA,4,Abril,25,2022,13,0,I-95,1,Interestatal,Urbano,Interestatal,State Highway Agency,1,Sin jurisdiccion especial,99998,29.41587222,-81.16058889,Valla Ferrocarril,El primer evento no fue una colision con un vehiculo automotor en transporte,Not an Intersection,No fue interseccion,En el medio,Ninguna,Dia total,Despejado,No,NO APLICA,99,99,99,99,1,25/04/2022,1
12,Florida,121090,0,0,1,0,11,BROWARD (11),1050,FORT LAUDERDALE,5,Mayo,1,2022,7,19,SR-A1A,3,Highway estatal,Urbano,Arteria Menor,State Highway Agency,0,Sin jurisdiccion especial,99998,26.12337778,-80.10399167,Alguien se cayo/avento del vehiculo,El primer evento no fue una colision con un vehiculo automotor en transporte,T-Intersection,Interseccion de T,Sobre calle,Ninguna,Dia total,Despejado,No,NO APLICA,99,99,99,99,1,01/05/2022,1
12,Florida,121091,0,0,1,0,105,POLK (105),1740,LAKE WALES,4,Abril,30,2022,1,50,US-27,2,US Highway,Urbano,Arteria Principal,State Highway Agency,1,Sin jurisdiccion especial,99998,27.95714444,-81.62175,Banqueta,El primer evento no fue una colision con un vehiculo automotor en transporte,Four-Way Intersection,Interseccion de 4 direcciones,Sobre el lado de la calle,Ninguna,Oscuro con iluminacion,Despejado,No,NO APLICA,99,99,99,99,1,30/04/2022,1
12,Florida,121092,0,0,2,0,81,MANATEE (81),340,BRADENTON,5,Mayo,1,2022,15,49,SR-64,3,Highway estatal,Urbano,Arteria Principal,State Highway Agency,1,Sin jurisdiccion especial,99998,27.49615,-82.54317222,Vehiculo en movimiento,Angulo,Four-Way Intersection,Interseccion de 4 direcciones,Sobre calle,Ninguna,Dia total,Despejado,No,NO APLICA,99,99,99,99,1,01/05/2022,2
12,Florida,121093,0,0,2,0,95,ORANGE (95),0,NO APLICA,3,Marzo,21,2022,8,52,SR-528,3,Highway estatal,Urbano,Arterial Principal -Freeway o ExpressWay,State Highway Agency,1,Sin jurisdiccion especial,99998,28.44959167,-81.25419444,Vehiculo en movimiento,Frente a Detrás,Not an Intersection,No fue interseccion,Sobre calle,Ninguna,Dia total,Despejado,No,NO APLICA,99,99,99,99,1,21/03/2022,2
12,Florida,121094,1,1,1,0,86,MIAMI-DADE (86),0,NO APLICA,4,Abril,29,2022,1,40,US-1,2,US Highway,Urbano,Arteria Principal,State Highway Agency,1,Sin jurisdiccion especial,99998,25.56628056,-80.3815,Peaton,El primer evento no fue una colision con un vehiculo automotor en transporte,Four-Way Intersection,Interseccion de 4 direcciones,Sobre calle,Ninguna,Oscuro con iluminacion,Despejado,No,NO APLICA,99,99,99,99,1,29/04/2022,2