Estado,Nombre de Estado,Numero de Caso,Peatones,Personas _no_vehiculos,Vehiculos automotores,Vehiculos estacionados,Condado,Nombre Condado,Ciudad,Nombre Ciudad,Mes,Nombre Mes,Dia,Año,Hora,Minuto,Calle,Ruta,Nombre Ruta,Rural o Urbanoo,Sistema Funcional,Dueño Calle,Sistema Nacional Carreteras,Jurisdiccion Especial,Milla,Latitud,Longitud,Causa del Accidente,Tipo de Accidente,Tipo Interseccion,Columna1,Lugar en la calle,Zona de Trabajo,Luz,Clima,Autobus Escolar,Cruce de Trenes,Hora Notificacion,Minuto Notificacion,Hora Llegada,Minuto Llegada,Decesos,Fecha,PersonaVehiculo
12,Florida,121095,0,0,1,0,117,SEMINOLE (117),0,NO APLICA,4,Abril,23,2022,2,40,SR-415,3,Highway estatal,Urbano,Arteria Menor,State Highway Agency,0,Sin jurisdiccion especial,99998,28.796575,-81.21275833,Volcadura,El primer evento no fue una colision con un vehiculo automotor en transporte,Not an Intersection,No fue interseccion,Sobre calle,Ninguna,Oscuro sin iluminacion,Despejado,No,NO APLICA,99,99,99,99,1,23/04/2022,2
12,Florida,121096,0,0,2,0,105,POLK (105),0,NO APLICA,4,Abril,28,2022,7,21,SR-37,3,Highway estatal,Rural,Arteria Menor,State Highway Agency,0,Sin jurisdiccion especial,99998,27.85082778,-81.977375,Vehiculo en movimiento,Frente a frente,Four-Way Intersection,Interseccion de 4 direcciones,Sobre calle,Ninguna,Dia total,Despejado,No,NO APLICA,99,99,99,99,1,28/04/2022,2
12,Florida,121097,0,0,1,0,71,LEE (71),1070,FORT MYERS,4,Abril,7,2022,21,13,TREELINE AVE,6,Calle Local Municipalidad,Urbano,Arteria Menor,Not Reported,0,Sin jurisdiccion especial,99998,26.60593889,-81.78413611,Banqueta,El primer evento no fue una colision con un vehiculo automotor en transporte,Not an Intersection,No fue interseccion,En el medio,Ninguna,Oscuro con iluminacion,Nublado,No,NO APLICA,99,99,99,99,1,07/04/2022,2
12,Florida,121099,0,0,2,0,86,MIAMI-DADE (86),2010,MIAMI,4,Abril,23,2022,5,39,US-41,2,US Highway,Urbano,Arteria Principal,State Highway Agency,1,Sin jurisdiccion especial,99998,25.76355,-80.28786389,Vehiculo en movimiento,Frente a frente,Four-Way Intersection,Interseccion de 4 direcciones,Sobre calle,Ninguna,Oscuro con iluminacion,Despejado,No,NO APLICA,99,99,99,99,1,23/04/2022,2
12,Florida,121100,0,0,2,0,86,MIAMI-DADE (86),2010,MIAMI,4,Abril,24,2022,6,47,US-27,2,US Highway,Urbano,Arteria Menor,State Highway Agency,0,Sin jurisdiccion especial,99998,25.80909722,-80.24025278,Vehiculo en movimiento,Frente a frente,Four-Way Intersection,Interseccion de 4 direcciones,Sobre calle,Ninguna,Dia total,Despejado,No,NO APLICA,99,99,99,99,1,24/04/2022,2
12,Florida,121101,0,0,1,0,83,MARION (83),0,NO APLICA,4,Abril,30,2022,12,52,CR-316,4,Calle del Condado,Rural,Colector Mayor,Not Reported,0,Sin jurisdiccion especial,99998,29.36661944,-81.82973056,Volcadura,El primer evento no fue una colision con un vehiculo automotor en transporte,Not an Intersection,No fue interseccion,"Fuera de la calle, ubicacion desconocida",Ninguna,Dia total,Despejado,No,NO APLICA,99,99,99,99,1,30/04/2022,1
12,Florida,121103,0,0,2,0,5,BAY (5),0,NO APLICA,4,Abril,29,2022,23,34,CR-392,4,Calle del Condado,Urbano,Colector Mayor,Not Reported,0,Sin jurisdiccion especial,99998,30.16309444,-85.78214722,Vehiculo en movimiento,Angulo,T-Intersection,Interseccion de T,Sobre calle,Ninguna,Oscuro con iluminacion,Despejado,No,NO APLICA,99,99,99,99,1,29/04/2022,3
12,Florida,121104,0,0,1,0,47,HAMILTON (47),0,NO APLICA,4,Abril,30,2022,16,35,CR-249,4,Calle del Condado,Rural,Colector Mayor,Not Reported,0,Sin jurisdiccion especial,99998,30.46577222,-83.00991111,Volcadura,El primer evento no fue una colision con un vehiculo automotor en transporte,Not an Intersection,No fue interseccion,Sobre el lado de la calle,Ninguna,Dia total,Nublado,No,NO APLICA,99,99,99,99,1,30/04/2022,4
12,Florida,121105,0,0,1,0,115,SARASOTA (115),0,NO APLICA,5,Mayo,1,2022,1,42,CR-610,4,Calle del Condado,Urbano,Arteria Principal,Not Reported,0,Sin jurisdiccion especial,99998,27.388225,-82.47509722,Arbol,El primer evento no fue una colision con un vehiculo automotor en transporte,Not an Intersection,No fue interseccion,"Fuera de la calle, ubicacion desconocida",Ninguna,Oscuro sin iluminacion,Nublado,No,NO APLICA,99,99,99,99,1,01/05/2022,1
12,Florida,121106,0,0,2,0,105,POLK (105),0,NO APLICA,4,Abril,22,2022,10,17,US-98,2,US Highway,Rural,Arteria Principal,State Highway Agency,0,Sin jurisdiccion especial,99998,27.97548611,-81.88519167,Vehiculo en movimiento,Angulo,T-Intersection,Interseccion de T,Sobre calle,Ninguna,Dia total,Despejado,No,NO APLICA,99,99,99,99,1,22/04/2022,2
12,Florida,121107,1,1,1,0,105,POLK (105),0,NO APLICA,4,Abril,24,2022,15,39,US-92,2,US Highway,Urbano,Arteria Principal,State Highway Agency,1,Sin jurisdiccion especial,99998,28.04794722,-81.903825,Peaton,El primer evento no fue una colision con un vehiculo automotor en transporte,Not an Intersection,No fue interseccion,Sobre calle,Ninguna,Dia total,Despejado,No,NO APLICA,99,99,99,99,1,24/04/2022,1
12,Florida,121108,0,0,1,0,39,GADSDEN (39),0,NO APLICA,4,Abril,26,2022,18,15,I-10,1,Interestatal,Rural,Interestatal,State Highway Agency,1,Sin jurisdiccion especial,99998,30.62719167,-84.894875,Volcadura,El primer evento no fue una colision con un vehiculo automotor en transporte,Not an Intersection,No fue interseccion,Sobre el lado de la calle,Ninguna,Dia total,Despejado,No,NO APLICA,99,99,99,99,1,26/04/2022,5
12,Florida,121109,0,0,1,0,33,ESCAMBIA (33),3192,WEST PENSACOLA,4,Abril,30,2022,19,4,SR-295,3,Highway estatal,Urbano,Arteria Principal,State Highway Agency,1,Sin jurisdiccion especial,99998,30.40073056,-87.27725556,Otro objeto (fijo),El primer evento no fue una colision con un vehiculo automotor en transporte,Not an Intersection,No fue interseccion,"Fuera de la calle, ubicacion desconocida",Ninguna,Dia total,Despejado,No,NO APLICA,99,99,99,99,1,30/04/2022,1
12,Florida,121110,1,1,1,0,61,INDIAN RIVER (61),0,NO APLICA,4,Abril,25,2022,20,40,CR-605,4,Calle del Condado,Urbano,Arteria Menor,Not Reported,0,Sin jurisdiccion especial,99998,27.62343889,-80.39431111,Peaton,El primer evento no fue una colision con un vehiculo automotor en transporte,Four-Way Intersection,Interseccion de 4 direcciones,Sobre calle,Ninguna,Oscuro con iluminacion,Despejado,No,NO APLICA,99,99,99,99,1,25/04/2022,1
12,Florida,121111,3,3,1,0,86,MIAMI-DADE (86),0,NO APLICA,4,Abril,27,2022,21,38,NW 10TH AVE,6,Calle Local Municipalidad,Urbano,Local,Not Reported,0,Sin jurisdiccion especial,99998,25.88133056,-80.2145,Ciclista,El primer evento no fue una colision con un vehiculo automotor en transporte,Four-Way Intersection,Interseccion de 4 direcciones,Sobre calle,Ninguna,Oscuro sin iluminacion,Despejado,No,NO APLICA,99,99,99,99,1,27/04/2022,1
12,Florida,121112,0,0,2,0,86,MIAMI-DADE (86),2010,MIAMI,5,Mayo,6,2022,4,4,SR-934,3,Highway estatal,Urbano,Arteria Principal,State Highway Agency,1,Sin jurisdiccion especial,99998,25.85013056,-80.18466944,Vehiculo en movimiento,Angulo,Four-Way Intersection,Interseccion de 4 direcciones,Sobre calle,Ninguna,Oscuro con iluminacion,Despejado,No,NO APLICA,99,99,99,99,1,06/05/2022,2
12,Florida,121114,0,0,1,0,95,ORANGE (95),2290,OCOEE,5,Mayo,5,2022,1,27,WURST RD,6,Calle Local Municipalidad,Urbano,Local,Not Reported,0,Sin jurisdiccion especial,99998,28.586375,-81.52746944,Poste,El primer evento no fue una colision con un vehiculo automotor en transporte,Not an Intersection,No fue interseccion,Sobre el lado de la calle,Ninguna,Oscuro con iluminacion,Despejado,No,NO APLICA,99,99,99,99,1,05/05/2022,2
12,Florida,121115,0,0,2,0,105,POLK (105),1690,LAKELAND,5,Mayo,10,2022,11,26,TROPICAL WAY,6,Calle Local Municipalidad,Urbano,Colector Mayor,Not Reported,0,Sin jurisdiccion especial,99998,28.06163333,-81.94938889,Vehiculo en movimiento,Angulo,T-Intersection,Interseccion de T,Sobre calle,Ninguna,Dia total,Despejado,No,NO APLICA,99,99,99,99,1,10/05/2022,2
12,Florida,121116,0,0,2,0,39,GADSDEN (39),0,NO APLICA,4,Abril,29,2022,11,6,US-90,2,US Highway,Rural,Arteria Menor,State Highway Agency,0,Sin jurisdiccion especial,99998,30.70108056,-84.80101944,Vehiculo en movimiento,Angulo,T-Intersection,Interseccion de T,Sobre calle,Ninguna,Dia total,Despejado,No,NO APLICA,11,99,11,99,1,29/04/2022,2
12,Florida,121117,1,1,1,0,97,OSCEOLA (97),0,NO APLICA,4,Abril,27,2022,8,40,US-192,2,US Highway,Urbano,Arteria Principal,State Highway Agency,1,Sin jurisdiccion especial,99998,28.25731944,-81.3226,Peaton,El primer evento no fue una colision con un vehiculo automotor en transporte,Not an Intersection,No fue interseccion,Sobre calle,Ninguna,Dia total,Despejado,No,NO APLICA,99,99,99,99,1,27/04/2022,1
12,Florida,121120,0,0,1,0,11,BROWARD (11),663,COOPER CITY,5,Mayo,8,2022,23,41,PINE ISLAND,6,Calle Local Municipalidad,Urbano,Arteria Menor,Not Reported,0,Sin jurisdiccion especial,99998,77.7777,777.7777,Banqueta,El primer evento no fue una colision con un vehiculo automotor en transporte,Not an Intersection,No fue interseccion,Sobre el lado de la calle,Ninguna,Oscuro con iluminacion,Despejado,No,NO APLICA,99,99,99,99,1,08/05/2022,1
12,Florida,121121,1,1,1,0,71,LEE (71),0,NO APLICA,5,Mayo,8,2022,3,34,SR-80,3,Highway estatal,Urbano,Arteria Principal,State Highway Agency,1,Sin jurisdiccion especial,99998,26.678375,-81.80868333,Peaton,El primer evento no fue una colision con un vehiculo automotor en transporte,T-Intersection,Interseccion de T,Sobre calle,Ninguna,Oscuro sin iluminacion,Despejado,No,NO APLICA,99,99,99,99,1,08/05/2022,1
12,Florida,121122,0,0,1,0,127,VOLUSIA (127),825,DELTONA,5,Mayo,7,2022,23,24,PROVIDENCE BLVD,6,Calle Local Municipalidad,Urbano,Arteria Menor,Not Reported,0,Sin jurisdiccion especial,99998,28.90059722,-81.22835278,Banqueta,El primer evento no fue una colision con un vehiculo automotor en transporte,Not an Intersection,No fue interseccion,En el medio,Ninguna,Oscuro con iluminacion,Despejado,No,NO APLICA,99,99,99,99,1,07/05/2022,2
12,Florida,121123,1,1,1,0,95,ORANGE (95),0,NO APLICA,4,Abril,14,2022,18,30,CR-527 ORANGE AVE S,4,Calle del Condado,Urbano,Arteria Menor,County Highway Agency,0,Sin jurisdiccion especial,99998,28.38015556,-81.37653889,Peaton,El primer evento no fue una colision con un vehiculo automotor en transporte,Not an Intersection,No fue interseccion,Sobre calle,Ninguna,Dia total,Despejado,No,NO APLICA,99,99,99,99,1,14/04/2022,2
12,Florida,121124,0,0,2,0,71,LEE (71),0,NO APLICA,5,Mayo,4,2022,17,40,IONA ROAD,9,Desconocido,Urbano,Colector Mayor,Not Reported,0,Sin jurisdiccion especial,99998,26.51420833,-81.96588611,Vehiculo en movimiento,Frente a frente,Not an Intersection,No fue interseccion,Sobre calle,Ninguna,Dia total,Despejado,No,NO APLICA,99,99,99,99,1,04/05/2022,2
12,Florida,121125,0,0,2,0,95,ORANGE (95),0,NO APLICA,4,Abril,16,2022,17,50,I-4,1,Interestatal,Urbano,Interestatal,State Highway Agency,1,Sin jurisdiccion especial,99998,28.58938889,-81.37784167,Volcadura,El primer evento no fue una colision con un vehiculo automotor en transporte,Not an Intersection,No fue interseccion,Sobre calle,Ninguna,Dia total,Despejado,No,NO APLICA,99,99,99,99,1,16/04/2022,6
12,Florida,121126,1,1,1,0,39,GADSDEN (39),0,NO APLICA,5,Mayo,4,2022,17,0,US-90,2,US Highway,Urbano,Arteria Menor,State Highway Agency,0,Sin jurisdiccion especial,99998,30.47689444,-84.41169167,Peaton,El primer evento no fue una colision con un vehiculo automotor en transporte,Not an Intersection,No fue interseccion,Sobre calle,Ninguna,Dia total,Despejado,No,NO APLICA,99,99,99,99,1,04/05/2022,1
12,Florida,121127,1,1,1,0,127,VOLUSIA (127),920,EDGEWATER,5,Mayo,7,2022,6,14,I-95,1,Interestatal,Urbano,Interestatal,State Highway Agency,1,Sin jurisdiccion especial,99998,28.942525,-80.94707778,Peaton,El primer evento no fue una colision con un vehiculo automotor en transporte,Not an Intersection,No fue interseccion,Sobre calle,Ninguna,Oscuro sin iluminacion,Nublado,No,NO APLICA,99,99,99,99,1,07/05/2022,2
12,Florida,121128,0,0,2,0,83,MARION (83),0,NO APLICA,5,Mayo,8,2022,6,33,SR-40,3,Highway estatal,Urbano,Arteria Principal,State Highway Agency,1,Sin jurisdiccion especial,99998,29.21241944,-82.06292778,Vehiculo en movimiento,Frente a frente,T-Intersection,Interseccion de T,Sobre calle,Ninguna,Amanecer,Despejado,No,NO APLICA,99,99,99,99,1,08/05/2022,2
12,Florida,121129,0,0,1,0,129,WAKULLA (129),0,NO APLICA,5,Mayo,7,2022,22,25,CR-368,4,Calle del Condado,Rural,Local,Not Reported,0,Sin jurisdiccion especial,99998,30.18851944,-84.40664167,Volcadura,El primer evento no fue una colision con un vehiculo automotor en transporte,Not an Intersection,No fue interseccion,Sobre el lado de la calle,Ninguna,Oscuro sin iluminacion,Despejado,No,NO APLICA,99,99,99,99,1,07/05/2022,1
12,Florida,121131,2,2,1,0,109,ST JOHNS (109),0,NO APLICA,4,Abril,2,2022,11,35,SR-A1A,3,Highway estatal,Urbano,Arteria Menor,State Highway Agency,0,Sin jurisdiccion especial,99998,29.95173889,-81.30443889,Peaton,El primer evento no fue una colision con un vehiculo automotor en transporte,Not an Intersection,No fue interseccion,Sobre calle,Ninguna,Dia total,Nublado,No,NO APLICA,99,99,99,99,1,02/04/2022,6
12,Florida,121132,1,1,1,0,73,LEON (73),0,NO APLICA,4,Abril,26,2022,22,11,SR-20,3,Highway estatal,Urbano,Arteria Principal,State Highway Agency,1,Sin jurisdiccion especial,99998,30.43491389,-84.36080833,Peaton,El primer evento no fue una colision con un vehiculo automotor en transporte,Not an Intersection,No fue interseccion,Sobre calle,Ninguna,Oscuro - iluminacion desconocida,Despejado,No,NO APLICA,99,99,99,99,1,26/04/2022,1
12,Florida,121133,0,0,2,0,109,ST JOHNS (109),1300,HASTINGS,4,Abril,15,2022,12,4,CR-13 S,4,Calle del Condado,Rural,Colector Menor,Not Reported,0,Sin jurisdiccion especial,99998,29.68938889,-81.48098889,Vehiculo en movimiento,Frente a frente,Not an Intersection,No fue interseccion,Sobre calle,Ninguna,Dia total,Despejado,No,NO APLICA,99,99,99,99,1,15/04/2022,4
12,Florida,121134,0,0,2,0,131,WALTON (131),0,NO APLICA,5,Mayo,8,2022,17,50,SR-20,3,Highway estatal,Rural,Arteria Principal,State Highway Agency,1,Sin jurisdiccion especial,99998,30.47755,-86.04922778,Vehiculo en movimiento,Frente a Detrás,T-Intersection,Interseccion de T,Sobre calle,Ninguna,Dia total,Despejado,No,NO APLICA,99,99,99,99,1,08/05/2022,2
12,Florida,121135,0,0,2,0,91,OKALOOSA (91),0,NO APLICA,5,Mayo,7,2022,15,45,SR-85,3,Highway estatal,Urbano,Arteria Principal,State Highway Agency,1,Sin jurisdiccion especial,99998,30.436575,-86.60199167,Vehiculo en movimiento,Angulo,Four-Way Intersection,Interseccion de 4 direcciones,Sobre calle,Ninguna,Dia total,Despejado,No,NO APLICA,99,99,99,99,1,07/05/2022,4
12,Florida,121136,1,1,1,0,11,BROWARD (11),1050,FORT LAUDERDALE,4,Abril,23,2022,0,41,I-95,1,Interestatal,Urbano,Interestatal,State Highway Agency,1,Sin jurisdiccion especial,99998,26.12161944,-80.16856944,Peaton,El primer evento no fue una colision con un vehiculo automotor en transporte,Not an Intersection,No fue interseccion,Sobre calle,Ninguna,Oscuro con iluminacion,Despejado,No,NO APLICA,99,99,99,99,1,23/04/2022,1
12,Florida,121137,0,0,2,0,17,CITRUS (17),0,NO APLICA,4,Abril,16,2022,19,0,WEST RIVERBEND ROAD,9,Desconocido,Rural,Local,Not Reported,0,Sin jurisdiccion especial,99998,29.03218333,-82.55948056,Vehiculo en movimiento,Frente a Detrás,Not an Intersection,No fue interseccion,Sobre calle,Ninguna,Dia total,Despejado,No,NO APLICA,99,99,99,99,1,16/04/2022,3
12,Florida,121138,0,0,2,0,57,HILLSBOROUGH (57),0,NO APLICA,5,Mayo,6,2022,4,33,I-4,1,Interestatal,Urbano,Interestatal,State Highway Agency,1,Sin jurisdiccion especial,99998,28.02691944,-82.17148056,Vehiculo en movimiento,Frente a Detrás,Not an Intersection,No fue interseccion,Sobre calle,Ninguna,Oscuro con iluminacion,Despejado,No,NO APLICA,4,99,4,99,1,06/05/2022,2
12,Florida,121139,0,0,2,0,103,PINELLAS (103),2730,SAINT PETERSBURG,5,Mayo,6,2022,22,30,US-19,2,US Highway,Urbano,Arteria Principal,State Highway Agency,1,Sin jurisdiccion especial,99998,27.80644444,-82.67958611,Vehiculo en movimiento,Angulo,Four-Way Intersection,Interseccion de 4 direcciones,Sobre calle,Ninguna,Oscuro con iluminacion,Despejado,No,NO APLICA,99,99,99,99,1,06/05/2022,2
12,Florida,121140,0,0,1,0,99,PALM BEACH (99),0,NO APLICA,5,Mayo,7,2022,10,23,SR-710,3,Highway estatal,Rural,Arteria Principal,State Highway Agency,1,Sin jurisdiccion especial,99998,26.94449167,-80.35401389,Poste,El primer evento no fue una colision con un vehiculo automotor en transporte,Not an Intersection,No fue interseccion,Sobre el lado de la calle,Ninguna,Dia total,Nublado,No,NO APLICA,99,99,99,99,1,07/05/2022,1
12,Florida,121141,0,0,2,0,125,UNION (125),1650,LAKE BUTLER,5,Mayo,2,2022,22,26,SR-121,3,Highway estatal,Rural,Arteria Menor,State Highway Agency,0,Sin jurisdiccion especial,99998,30.02345,-82.32413056,Vehiculo en movimiento,Frente a Detrás,Four-Way Intersection,Interseccion de 4 direcciones,Sobre calle,Ninguna,Oscuro con iluminacion,Despejado,No,NO APLICA,99,99,99,99,1,02/05/2022,2
12,Florida,121142,0,0,2,0,69,LAKE (69),0,NO APLICA,4,Abril,16,2022,17,40,SR-46,3,Highway estatal,Rural,Arteria Principal,State Highway Agency,1,Sin jurisdiccion especial,99998,28.81544444,-81.42711111,Vehiculo en movimiento,Frente a frente,Not an Intersection,No fue interseccion,Sobre el lado de la calle,Ninguna,Dia total,Despejado,No,NO APLICA,99,99,99,99,2,16/04/2022,10
12,Florida,121143,0,0,3,0,43,GLADES (43),0,NO APLICA,5,Mayo,5,2022,12,42,US-27,2,US Highway,Rural,Arteria Principal,State Highway Agency,1,Sin jurisdiccion especial,99998,26.83394167,-81.12255833,Vehiculo en movimiento,Angulo,T-Intersection,Interseccion de T,Sobre calle,Ninguna,Dia total,Despejado,No,NO APLICA,99,99,99,99,1,05/05/2022,7
12,Florida,121144,0,0,2,0,15,CHARLOTTE (15),0,NO APLICA,5,Mayo,4,2022,4,42,SR-31,3,Highway estatal,Rural,Arteria Menor,State Highway Agency,0,Sin jurisdiccion especial,99998,27.00795,-81.76039444,Vehiculo en movimiento,Frente a frente,Not an Intersection,No fue interseccion,Sobre calle,Ninguna,Oscuro sin iluminacion,Despejado,No,NO APLICA,99,99,99,99,1,04/05/2022,2
12,Florida,121145,1,1,1,0,107,PUTNAM (107),2420,PALATKA,5,Mayo,7,2022,21,13,SILVER LAKE DRIVE,6,Calle Local Municipalidad,Urbano,Colector Mayor,Not Reported,0,Sin jurisdiccion especial,99998,29.6257,-81.66543889,Peaton,El primer evento no fue una colision con un vehiculo automotor en transporte,Not an Intersection,No fue interseccion,Sobre calle,Ninguna,Oscuro sin iluminacion,Despejado,No,NO APLICA,99,99,99,99,1,07/05/2022,1
12,Florida,121146,1,1,1,0,21,COLLIER (21),1161,GOLDEN GATE,5,Mayo,8,2022,0,8,SANTA BARBARA BLVD,8,Otro,Urbano,Colector Mayor,County Highway Agency,0,Sin jurisdiccion especial,99998,26.191525,-81.71916389,Peaton,El primer evento no fue una colision con un vehiculo automotor en transporte,Not an Intersection,No fue interseccion,Sobre calle,Ninguna,Oscuro sin iluminacion,Despejado,No,NO APLICA,99,99,99,99,1,08/05/2022,1
12,Florida,121147,0,0,1,0,69,LAKE (69),0,NO APLICA,5,Mayo,6,2022,12,8,CR-42,4,Calle del Condado,Rural,Colector Mayor,County Highway Agency,0,Sin jurisdiccion especial,99998,29.00886111,-81.40735278,Poste de Señal de trafico,El primer evento no fue una colision con un vehiculo automotor en transporte,Not an Intersection,No fue interseccion,Sobre el lado de la calle,Ninguna,Dia total,Despejado,No,NO APLICA,99,99,99,99,1,06/05/2022,1
12,Florida,121148,1,1,1,0,109,ST JOHNS (109),0,NO APLICA,4,Abril,22,2022,16,25,US-1,2,US Highway,Urbano,Arteria Principal,State Highway Agency,1,Sin jurisdiccion especial,99998,29.78746667,-81.31821667,Peaton,El primer evento no fue una colision con un vehiculo automotor en transporte,Not an Intersection,No fue interseccion,Sobre calle,Ninguna,Dia total,Nublado,No,NO APLICA,99,99,99,99,1,22/04/2022,1
12,Florida,121149,0,0,1,0,31,DUVAL (31),1510,JACKSONVILLE,5,Mayo,9,2022,23,4,US-1,2,US Highway,Urbano,Arteria Principal,State Highway Agency,1,Sin jurisdiccion especial,99998,30.37418056,-81.7261,Fin de valla,El primer evento no fue una colision con un vehiculo automotor en transporte,Not an Intersection,No fue interseccion,Sobre el lado de la calle,Ninguna,Oscuro con iluminacion,Despejado,No,NO APLICA,99,99,99,99,1,09/05/2022,1
12,Florida,121150,0,0,2,0,99,PALM BEACH (99),330,BOYNTON BEACH,5,Mayo,4,2022,16,24,GATEWAY BLVD,6,Calle Local Municipalidad,Urbano,Arteria Menor,Not Reported,0,Sin jurisdiccion especial,99998,26.54603056,-80.11250556,Vehiculo en movimiento,Angulo,Four-Way Intersection,Interseccion de 4 direcciones,Sobre calle,Ninguna,Dia total,Despejado,No,NO APLICA,99,99,99,99,1,04/05/2022,4
12,Florida,121151,1,1,1,0,71,LEE (71),0,NO APLICA,4,Abril,15,2022,22,14,US-41,2,US Highway,Urbano,Arteria Principal,State Highway Agency,1,Sin jurisdiccion especial,99998,26.575825,-81.87189444,Peaton,El primer evento no fue una colision con un vehiculo automotor en transporte,Not an Intersection,No fue interseccion,Sobre calle,Ninguna,Oscuro con iluminacion,Despejado,No,NO APLICA,99,99,99,99,1,15/04/2022,1
12,Florida,121152,1,1,1,0,57,HILLSBOROUGH (57),0,NO APLICA,5,Mayo,8,2022,20,45,FALKENBURG RD,8,Otro,Urbano,Colector Mayor,County Highway Agency,0,Sin jurisdiccion especial,99998,27.99014722,-82.33520278,Peaton,El primer evento no fue una colision con un vehiculo automotor en transporte,Not an Intersection,No fue interseccion,Sobre calle,Ninguna,Oscuro sin iluminacion,Despejado,No,NO APLICA,99,99,99,99,1,08/05/2022,1
12,Florida,121153,0,0,2,0,127,VOLUSIA (127),2340,ORANGE CITY,5,Mayo,8,2022,17,28,CR-4146 SAXON BLVD,4,Calle del Condado,Urbano,Arteria Menor,County Highway Agency,0,Sin jurisdiccion especial,99998,28.91128333,-81.28143333,Vehiculo en movimiento,Frente a frente,Four-Way Intersection,Interseccion de 4 direcciones,Sobre calle,Ninguna,Dia total,Despejado,No,NO APLICA,99,99,99,99,1,08/05/2022,3
12,Florida,121154,0,0,2,0,31,DUVAL (31),1510,JACKSONVILLE,5,Mayo,8,2022,10,53,ARGYLE FOREST BLVD,6,Calle Local Municipalidad,Urbano,Colector Menor,Not Reported,0,Sin jurisdiccion especial,99998,30.19644167,-81.77531667,Vehiculo en movimiento,Frente a frente,Four-Way Intersection,Interseccion de 4 direcciones,Sobre calle,Ninguna,Dia total,Nublado,No,NO APLICA,99,99,99,99,1,08/05/2022,3
12,Florida,121155,0,0,1,0,49,HARDEE (49),0,NO APLICA,5,Mayo,14,2022,5,15,BOYD COWART RD,8,Otro,Rural,Local,Not Reported,0,Sin jurisdiccion especial,99998,27.617025,-81.760625,Poste de Señal de trafico,El primer evento no fue una colision con un vehiculo automotor en transporte,Not an Intersection,No fue interseccion,Sobre el lado de la calle,Ninguna,Oscuro sin iluminacion,Neblina o Humo,No,NO APLICA,99,99,99,99,1,14/05/2022,1
12,Florida,121156,0,0,2,0,53,HERNANDO (53),2882,SPRING HILL,4,Abril,22,2022,9,33,CR-585,4,Calle del Condado,Urbano,Colector Mayor,County Highway Agency,0,Sin jurisdiccion especial,99998,28.47076111,-82.48613056,Vehiculo en movimiento,Frente a frente,T-Intersection,Interseccion de T,Sobre calle,Ninguna,Dia total,Despejado,No,NO APLICA,9,34,9,50,1,22/04/2022,2
12,Florida,121158,0,0,1,0,31,DUVAL (31),1510,JACKSONVILLE,5,Mayo,10,2022,5,22,SR-202,3,Highway estatal,Urbano,Arterial Principal -Freeway o ExpressWay,State Highway Agency,1,Sin jurisdiccion especial,99998,30.2499,-81.54327778,Fin de valla,El primer evento no fue una colision con un vehiculo automotor en transporte,Not an Intersection,No fue interseccion,Sobre el lado de la calle,Ninguna,Oscuro con iluminacion,Despejado,No,NO APLICA,99,99,99,99,1,10/05/2022,1
12,Florida,121159,0,0,1,0,81,MANATEE (81),0,NO APLICA,5,Mayo,13,2022,6,0,CR-675,4,Calle del Condado,Rural,Colector Mayor,Not Reported,0,Sin jurisdiccion especial,99998,27.57226944,-82.38593889,Fin de valla,El primer evento no fue una colision con un vehiculo automotor en transporte,Not an Intersection,No fue interseccion,Sobre el lado de la calle,Ninguna,Oscuro sin iluminacion,Despejado,No,NO APLICA,99,99,99,99,1,13/05/2022,2
12,Florida,121160,0,0,3,0,103,PINELLAS (103),0,NO APLICA,4,Abril,16,2022,20,0,CLEARWATER LARGO RD,8,Otro,Urbano,Arteria Menor,County Highway Agency,0,Sin jurisdiccion especial,99998,27.93513056,-82.7957,Vehiculo en movimiento,Frente a frente,Four-Way Intersection,Interseccion de 4 direcciones,Sobre calle,Ninguna,Oscuro con iluminacion,Despejado,No,NO APLICA,99,99,99,99,1,16/04/2022,6
12,Florida,121161,0,0,2,0,91,OKALOOSA (91),0,NO APLICA,5,Mayo,3,2022,9,50,US-98,2,US Highway,Urbano,Arteria Principal,State Highway Agency,1,Sin jurisdiccion especial,99998,30.39827222,-86.598325,Vehiculo en movimiento,Angulo,Not an Intersection,No fue interseccion,Sobre calle,Ninguna,Dia total,Despejado,No,NO APLICA,99,99,99,99,1,03/05/2022,4
12,Florida,121162,1,1,1,0,86,MIAMI-DADE (86),2010,MIAMI,5,Mayo,6,2022,13,58,SR-9,3,Highway estatal,Urbano,Arteria Principal,State Highway Agency,1,Sin jurisdiccion especial,99998,25.78143333,-80.23928889,Ciclista,El primer evento no fue una colision con un vehiculo automotor en transporte,Not an Intersection,No fue interseccion,Sobre calle,Ninguna,Dia total,Despejado,No,NO APLICA,99,99,99,99,1,06/05/2022,2
12,Florida,121163,0,0,2,0,1,ALACHUA (1),1130,GAINESVILLE,5,Mayo,11,2022,12,35,SR-222,3,Highway estatal,Urbano,Arteria Principal,State Highway Agency,1,Sin jurisdiccion especial,99998,29.68855,-82.35839444,Vehiculo en movimiento,Frente a frente,Four-Way Intersection,Interseccion de 4 direcciones,Sobre calle,Ninguna,Dia total,Despejado,No,NO APLICA,99,99,99,99,1,11/05/2022,2
12,Florida,121164,0,0,1,0,97,OSCEOLA (97),0,NO APLICA,4,Abril,24,2022,22,0,SERALAGO BLVD,8,Otro,Rural,Local,Private (other than Railroad),0,Sin jurisdiccion especial,99998,28.33720833,-81.50673333,Arbol,El primer evento no fue una colision con un vehiculo automotor en transporte,Not an Intersection,No fue interseccion,En el medio,Ninguna,Oscuro sin iluminacion,Despejado,No,NO APLICA,99,99,99,99,2,24/04/2022,7