Estado,Nombre de Estado,Numero de Caso,Peatones,Personas _no_vehiculos,Vehiculos automotores,Vehiculos estacionados,Condado,Nombre Condado,Ciudad,Nombre Ciudad,Mes,Nombre Mes,Dia,Año,Hora,Minuto,Calle,Ruta,Nombre Ruta,Rural o Urbanoo,Sistema Funcional,Dueño Calle,Sistema Nacional Carreteras,Jurisdiccion Especial,Milla,Latitud,Longitud,Causa del Accidente,Tipo de Accidente,Tipo Interseccion,Columna1,Lugar en la calle,Zona de Trabajo,Luz,Clima,Autobus Escolar,Cruce de Trenes,Hora Notificacion,Minuto Notificacion,Hora Llegada,Minuto Llegada,Decesos,Fecha,PersonaVehiculo
12,Florida,121165,1,1,1,0,86,MIAMI-DADE (86),0,NO APLICA,5,Mayo,8,2022,13,48,SR-9,3,Highway estatal,Urbano,Arteria Principal,State Highway Agency,1,Sin jurisdiccion especial,99998,25.85657778,-80.24203889,Peaton,El primer evento no fue una colision con un vehiculo automotor en transporte,T-Intersection,Interseccion de T,Sobre calle,Ninguna,Dia total,Nublado,No,NO APLICA,99,99,99,99,1,08/05/2022,1
12,Florida,121166,1,1,1,0,86,MIAMI-DADE (86),0,NO APLICA,5,Mayo,15,2022,11,7,SR-933,3,Highway estatal,Urbano,Arteria Menor,State Highway Agency,0,Sin jurisdiccion especial,99998,25.80189722,-80.21548056,Ciclista,El primer evento no fue una colision con un vehiculo automotor en transporte,Not an Intersection,No fue interseccion,Sobre calle,Ninguna,Dia total,Despejado,No,NO APLICA,99,99,99,99,1,15/05/2022,1
12,Florida,121168,1,1,1,0,101,PASCO (101),0,NO APLICA,4,Abril,17,2022,2,55,US-98,2,US Highway,Urbano,Arteria Principal,State Highway Agency,1,Sin jurisdiccion especial,99998,28.41281111,-82.19143056,Peaton,El primer evento no fue una colision con un vehiculo automotor en transporte,Not an Intersection,No fue interseccion,"Fuera de la calle, ubicacion desconocida",Ninguna,Oscuro sin iluminacion,Neblina o Humo,No,NO APLICA,2,59,3,4,1,17/04/2022,1
12,Florida,121169,0,0,4,0,11,BROWARD (11),1420,HOLLYWOOD,4,Abril,29,2022,21,50,I-95,1,Interestatal,Urbano,Interestatal,State Highway Agency,1,Sin jurisdiccion especial,99998,26.03316944,-80.16421944,Vehiculo en movimiento,Golpe Lateral - misma direccion,Not an Intersection,No fue interseccion,Sobre calle,Ninguna,Oscuro con iluminacion,lluvia,No,NO APLICA,99,99,99,99,1,29/04/2022,7
12,Florida,121170,0,0,1,0,101,PASCO (101),0,NO APLICA,4,Abril,9,2022,19,50,EHREN CEMETARY RD,9,Desconocido,Rural,Local,Not Reported,0,Sin jurisdiccion especial,99998,28.26716667,-82.43575556,Arbol,El primer evento no fue una colision con un vehiculo automotor en transporte,Not an Intersection,No fue interseccion,Sobre el lado de la calle,Ninguna,Dia total,Despejado,No,NO APLICA,19,57,20,10,1,09/04/2022,2
12,Florida,121171,0,0,2,0,85,MARTIN (85),0,NO APLICA,5,Mayo,4,2022,14,25,SR-91,3,Highway estatal,Rural,Arterial Principal -Freeway o ExpressWay,State Highway Agency,1,Sin jurisdiccion especial,99998,27.08068056,-80.25065,Vehiculo en movimiento,Frente a Detrás,Not an Intersection,No fue interseccion,Sobre calle,Ninguna,Dia total,Nublado,No,NO APLICA,99,99,99,99,1,04/05/2022,2
12,Florida,121172,0,0,1,0,127,VOLUSIA (127),0,NO APLICA,5,Mayo,9,2022,14,33,CR-4162,4,Calle del Condado,Urbano,Arteria Menor,Not Reported,0,Sin jurisdiccion especial,99998,28.86259444,-81.20735833,Valla Ferrocarril,El primer evento no fue una colision con un vehiculo automotor en transporte,Not an Intersection,No fue interseccion,Sobre el lado de la calle,Ninguna,Dia total,Despejado,No,NO APLICA,99,99,99,99,1,09/05/2022,1
12,Florida,121173,0,0,2,0,55,HIGHLANDS (55),0,NO APLICA,3,Marzo,1,2022,9,0,SR-17,3,Highway estatal,Urbano,Colector Mayor,State Highway Agency,0,Sin jurisdiccion especial,99998,27.52941944,-81.45348611,Vehiculo en movimiento,Angulo,Four-Way Intersection,Interseccion de 4 direcciones,Sobre calle,Ninguna,Dia total,Nublado,No,NO APLICA,99,99,99,99,1,01/03/2022,2
12,Florida,121174,1,1,1,0,86,MIAMI-DADE (86),0,NO APLICA,4,Abril,11,2022,22,38,CR-934,4,Calle del Condado,Urbano,Arteria Menor,State Highway Agency,0,Sin jurisdiccion especial,99998,25.84576944,-80.24786944,Peaton,El primer evento no fue una colision con un vehiculo automotor en transporte,Four-Way Intersection,Interseccion de 4 direcciones,Sobre calle,Ninguna,Oscuro con iluminacion,Despejado,No,NO APLICA,99,99,99,99,1,11/04/2022,1
12,Florida,121175,0,0,2,0,86,MIAMI-DADE (86),0,NO APLICA,5,Mayo,9,2022,15,20,US-27,2,US Highway,Urbano,Arteria Principal,State Highway Agency,1,Sin jurisdiccion especial,99998,25.89596944,-80.37913889,Vehiculo en movimiento,Angulo,Four-Way Intersection,Interseccion de 4 direcciones,Sobre calle,Ninguna,Dia total,Despejado,No,NO APLICA,99,99,99,99,1,09/05/2022,2
12,Florida,121176,0,0,2,0,57,HILLSBOROUGH (57),2950,TAMPA,5,Mayo,12,2022,18,27,N JONES AVE,6,Calle Local Municipalidad,Urbano,Local,Not Reported,0,Sin jurisdiccion especial,99998,28.02860278,-82.47805556,Vehiculo en movimiento,Frente a frente,Four-Way Intersection,Interseccion de 4 direcciones,Sobre calle,Ninguna,Dia total,Despejado,No,NO APLICA,99,99,99,99,1,12/05/2022,2
12,Florida,121177,0,0,1,0,71,LEE (71),312,BONITA SPRINGS,5,Mayo,13,2022,23,21,MATHESON AVE,8,Otro,Urbano,Local,City or Municipal Highway Agency,0,Sin jurisdiccion especial,99998,26.345425,-81.77104722,Poste de Señal de trafico,El primer evento no fue una colision con un vehiculo automotor en transporte,Not an Intersection,No fue interseccion,Sobre el lado de la calle,Ninguna,Oscuro sin iluminacion,Despejado,No,NO APLICA,99,99,99,99,1,13/05/2022,2
12,Florida,121178,0,0,2,0,73,LEON (73),2940,TALLAHASSEE,5,Mayo,15,2022,2,11,W THARPE ST,6,Calle Local Municipalidad,Urbano,Arteria Menor,Not Reported,0,Sin jurisdiccion especial,99998,30.46356389,-84.30904444,Vehiculo en movimiento,Angulo,Not an Intersection,No fue interseccion,Sobre calle,Ninguna,Oscuro con iluminacion,Despejado,No,NO APLICA,99,99,99,99,1,15/05/2022,2
12,Florida,121179,0,0,3,0,5,BAY (5),2450,PANAMA CITY,5,Mayo,14,2022,14,17,US-231,2,US Highway,Urbano,Arteria Principal,State Highway Agency,1,Sin jurisdiccion especial,99998,30.18934722,-85.64100278,Vehiculo en movimiento,Frente a Detrás,T-Intersection,Interseccion de T,Sobre calle,Ninguna,Dia total,Despejado,No,NO APLICA,99,99,99,99,1,14/05/2022,4
12,Florida,121180,0,0,1,0,11,BROWARD (11),1050,FORT LAUDERDALE,4,Abril,30,2022,21,34,SR-842,3,Highway estatal,Urbano,Arteria Menor,Not Reported,0,Sin jurisdiccion especial,99998,26.11978889,-80.12267778,Banqueta,El primer evento no fue una colision con un vehiculo automotor en transporte,Not an Intersection,No fue interseccion,En el medio,Ninguna,Oscuro con iluminacion,Despejado,No,NO APLICA,99,99,99,99,1,30/04/2022,1
12,Florida,121182,0,0,1,0,51,HENDRY (51),0,NO APLICA,5,Mayo,11,2022,23,10,S W C OWEN AVE,8,Otro,Urbano,Local,Not Reported,0,Sin jurisdiccion especial,99998,26.73972778,-80.93603611,Barda,El primer evento no fue una colision con un vehiculo automotor en transporte,T-Intersection,Interseccion de T,Sobre el lado de la calle,Ninguna,Oscuro con iluminacion,Despejado,No,NO APLICA,99,99,99,99,1,11/05/2022,2
12,Florida,121183,0,0,2,0,31,DUVAL (31),1510,JACKSONVILLE,5,Mayo,12,2022,8,41,I-295,1,Interestatal,Urbano,Interestatal,State Highway Agency,1,Sin jurisdiccion especial,99998,30.26863611,-81.52038611,Vehiculo en movimiento,Golpe Lateral - misma direccion,Not an Intersection,No fue interseccion,Sobre calle,Ninguna,Dia total,Despejado,No,NO APLICA,99,99,99,99,1,12/05/2022,2
12,Florida,121184,0,0,2,1,39,GADSDEN (39),2630,QUINCY,4,Abril,22,2022,16,10,US-90,2,US Highway,Urbano,Arteria Menor,State Highway Agency,0,Sin jurisdiccion especial,99998,30.58505833,-84.60605833,Banqueta,El primer evento no fue una colision con un vehiculo automotor en transporte,Not an Intersection,No fue interseccion,Sobre el lado de la calle,Ninguna,Dia total,Despejado,No,NO APLICA,99,99,99,99,1,22/04/2022,1
12,Florida,121185,0,0,1,0,129,WAKULLA (129),0,NO APLICA,4,Abril,22,2022,21,45,HWY 13,8,Otro,Rural,Local,Not Reported,0,Sin jurisdiccion especial,99998,30.22363611,-84.48216944,Volcadura,El primer evento no fue una colision con un vehiculo automotor en transporte,Not an Intersection,No fue interseccion,Sobre calle,Ninguna,Oscuro sin iluminacion,Despejado,No,NO APLICA,99,99,99,99,1,22/04/2022,1
12,Florida,121186,0,0,1,0,37,FRANKLIN (37),460,CARRABELLE,4,Abril,24,2022,1,30,US-98,2,US Highway,Rural,Arteria Principal,State Highway Agency,1,Sin jurisdiccion especial,99998,29.85265,-84.6748,Puente de Ferrocarril,El primer evento no fue una colision con un vehiculo automotor en transporte,Not an Intersection,No fue interseccion,Sobre el lado de la calle,Ninguna,Oscuro con iluminacion,Despejado,No,NO APLICA,1,50,3,7,1,24/04/2022,1
12,Florida,121187,0,0,1,0,103,PINELLAS (103),2730,SAINT PETERSBURG,4,Abril,17,2022,18,6,I-275 RAMP,1,Interestatal,Urbano,Interestatal,State Highway Agency,1,Sin jurisdiccion especial,99998,27.71824722,-82.67948056,Barrera de Trafico de Concreto,El primer evento no fue una colision con un vehiculo automotor en transporte,Not an Intersection,No fue interseccion,Sobre el lado de la calle,Ninguna,Dia total,Despejado,No,NO APLICA,99,99,99,99,1,17/04/2022,1
12,Florida,121188,0,0,2,0,127,VOLUSIA (127),0,NO APLICA,4,Abril,12,2022,11,15,CR-4047,4,Calle del Condado,Urbano,Colector Menor,Not Reported,0,Sin jurisdiccion especial,99998,29.06660833,-81.27129722,Vehiculo en movimiento,Frente a frente,Not an Intersection,No fue interseccion,Sobre calle,Ninguna,Dia total,Despejado,No,NO APLICA,99,99,99,99,1,12/04/2022,3
12,Florida,121189,0,0,2,0,86,MIAMI-DADE (86),2441,PALMETTO BAY,3,Marzo,11,2022,18,35,US-1,2,US Highway,Urbano,Arteria Principal,State Highway Agency,1,Sin jurisdiccion especial,99998,25.91048889,-80.15725833,Vehiculo en movimiento,Angulo,Four-Way Intersection,Interseccion de 4 direcciones,Sobre calle,Ninguna,Oscuro con iluminacion,Nublado,No,NO APLICA,99,99,99,99,1,11/03/2022,2
12,Florida,121190,0,0,2,0,57,HILLSBOROUGH (57),2950,TAMPA,5,Mayo,1,2022,16,39,COLUMBUS DR W,5,Calle Local - Pueblo,Urbano,Arteria Menor,Not Reported,0,Sin jurisdiccion especial,99998,27.96674444,-82.48898889,Vehiculo en movimiento,Angulo,Four-Way Intersection,Interseccion de 4 direcciones,Sobre calle,Ninguna,Dia total,Despejado,No,NO APLICA,99,99,99,99,1,01/05/2022,3
12,Florida,121191,0,0,1,0,86,MIAMI-DADE (86),1340,HIALEAH,5,Mayo,15,2022,9,5,E 13TH ST,6,Calle Local Municipalidad,Urbano,Local,Not Reported,0,Sin jurisdiccion especial,99998,25.83433333,-80.25980278,Edificio,El primer evento no fue una colision con un vehiculo automotor en transporte,T-Intersection,Interseccion de T,Sobre el lado de la calle,Ninguna,Dia total,Despejado,No,NO APLICA,99,99,99,99,1,15/05/2022,1
12,Florida,121192,1,1,1,0,81,MANATEE (81),0,NO APLICA,5,Mayo,14,2022,23,41,37TH ST E,6,Calle Local Municipalidad,Urbano,Colector Mayor,Not Reported,0,Sin jurisdiccion especial,99998,27.54680556,-82.49195,Ciclista,El primer evento no fue una colision con un vehiculo automotor en transporte,Not an Intersection,No fue interseccion,Sobre calle,Ninguna,Oscuro sin iluminacion,Despejado,No,NO APLICA,99,99,99,99,1,14/05/2022,1
12,Florida,121193,2,2,1,0,86,MIAMI-DADE (86),2010,MIAMI,5,Mayo,15,2022,16,55,RICKENBACKER CSWY,8,Otro,Urbano,Arteria Menor,State Highway Agency,0,Sin jurisdiccion especial,99998,25.746175,-80.19211389,Ciclista,El primer evento no fue una colision con un vehiculo automotor en transporte,Not an Intersection,No fue interseccion,Sobre calle,Ninguna,Dia total,Nublado,No,NO APLICA,99,99,99,99,2,15/05/2022,2
12,Florida,121194,1,1,1,0,31,DUVAL (31),1510,JACKSONVILLE,5,Mayo,11,2022,15,35,ABESS BLVD,6,Calle Local Municipalidad,Urbano,Local,City or Municipal Highway Agency,0,Sin jurisdiccion especial,99998,30.32224167,-81.48968889,Ciclista,El primer evento no fue una colision con un vehiculo automotor en transporte,Four-Way Intersection,Interseccion de 4 direcciones,Sobre calle,Ninguna,Dia total,Despejado,No,NO APLICA,99,99,99,99,1,11/05/2022,1
12,Florida,121195,0,0,3,0,69,LAKE (69),9997,Other,4,Abril,5,2022,18,0,SR-44,3,Highway estatal,Rural,Arteria Principal,State Highway Agency,0,Sin jurisdiccion especial,99998,28.851325,-81.58825556,Vehiculo en movimiento,Angulo,Not an Intersection,No fue interseccion,Sobre calle,Ninguna,Dia total,Despejado,No,NO APLICA,99,99,99,99,1,05/04/2022,4
12,Florida,121196,0,0,2,0,21,COLLIER (21),0,NO APLICA,5,Mayo,13,2022,20,51,CR-846,4,Calle del Condado,Rural,Arteria Menor,Not Reported,0,Sin jurisdiccion especial,99998,26.27913611,-81.59741944,Vehiculo en movimiento,Angulo,Not an Intersection,No fue interseccion,Sobre calle,Ninguna,Oscuro con iluminacion,Despejado,No,NO APLICA,99,99,99,99,1,13/05/2022,2
12,Florida,121197,0,0,2,0,11,BROWARD (11),2570,POMPANO BEACH,5,Mayo,1,2022,21,11,I-95,1,Interestatal,Urbano,Interestatal,State Highway Agency,1,Sin jurisdiccion especial,99998,26.225975,-80.13625833,Vehiculo en movimiento,Frente a Detrás,Not an Intersection,No fue interseccion,Sobre calle,Ninguna,Oscuro con iluminacion,Despejado,No,NO APLICA,99,99,99,99,1,01/05/2022,4
12,Florida,121198,0,0,1,0,57,HILLSBOROUGH (57),2913,SUN CITY CENTER,4,Abril,8,2022,7,10,I-75 SB,1,Interestatal,Urbano,Interestatal,State Highway Agency,1,Sin jurisdiccion especial,99998,27.79145,-82.35695556,Volcadura,El primer evento no fue una colision con un vehiculo automotor en transporte,Not an Intersection,No fue interseccion,Sobre calle,Ninguna,Dia total,Despejado,No,NO APLICA,99,99,99,99,1,08/04/2022,6
12,Florida,121199,0,0,2,0,5,BAY (5),0,NO APLICA,5,Mayo,10,2022,20,34,CR-2293,4,Calle del Condado,Urbano,Local,Not Reported,0,Sin jurisdiccion especial,99998,30.24819167,-85.54623889,Vehiculo en movimiento,Frente a Detrás,Four-Way Intersection,Interseccion de 4 direcciones,Sobre calle,Ninguna,Oscuro sin iluminacion,Despejado,No,NO APLICA,99,99,99,99,2,10/05/2022,4
12,Florida,121200,0,0,2,0,31,DUVAL (31),1510,JACKSONVILLE,5,Mayo,12,2022,5,53,US-17,2,US Highway,Urbano,Arteria Principal,State Highway Agency,1,Sin jurisdiccion especial,99998,30.23204722,-81.69865,Vehiculo en movimiento,Frente a frente,Four-Way Intersection,Interseccion de 4 direcciones,Sobre calle,Ninguna,Oscuro con iluminacion,Despejado,No,NO APLICA,99,99,99,99,1,12/05/2022,2
12,Florida,121201,0,0,1,0,31,DUVAL (31),1510,JACKSONVILLE,5,Mayo,16,2022,14,40,I-10,1,Interestatal,Urbano,Interestatal,State Highway Agency,1,Sin jurisdiccion especial,99998,30.31556667,-81.75774167,Valla Ferrocarril,El primer evento no fue una colision con un vehiculo automotor en transporte,Not an Intersection,No fue interseccion,En el medio,"Zona de trabajo, tipo desconocido",Dia total,Despejado,No,NO APLICA,99,99,99,99,1,16/05/2022,1
12,Florida,121203,1,1,2,0,99,PALM BEACH (99),820,DELRAY BEACH,5,Mayo,5,2022,23,13,I-95,1,Interestatal,Urbano,Interestatal,State Highway Agency,1,Sin jurisdiccion especial,99998,26.45999722,-80.08861944,Vehiculo en movimiento,Angulo,Not an Intersection,No fue interseccion,Sobre calle,Ninguna,Oscuro con iluminacion,Despejado,No,NO APLICA,99,99,99,99,1,05/05/2022,1
12,Florida,121204,0,0,2,0,86,MIAMI-DADE (86),0,NO APLICA,5,Mayo,5,2022,19,20,US-1,2,US Highway,Urbano,Arteria Principal,State Highway Agency,1,Sin jurisdiccion especial,99998,25.6951,-80.30103889,Vehiculo en movimiento,Angulo,Four-Way Intersection,Interseccion de 4 direcciones,Sobre calle,Ninguna,Dia total,Despejado,No,NO APLICA,99,99,99,99,1,05/05/2022,2
12,Florida,121205,2,2,2,0,9,BREVARD (9),0,NO APLICA,5,Mayo,14,2022,5,55,I-95,1,Interestatal,Urbano,Interestatal,State Highway Agency,1,Sin jurisdiccion especial,99998,28.20226111,-80.71021111,Vehiculo en movimiento,Angulo,Not an Intersection,No fue interseccion,Sobre calle,Ninguna,Oscuro con iluminacion,Despejado,No,NO APLICA,99,99,99,99,1,14/05/2022,1
12,Florida,121206,0,0,2,0,121,SUWANNEE (121),0,NO APLICA,5,Mayo,18,2022,10,17,CR-49,4,Calle del Condado,Rural,Colector Mayor,Not Reported,0,Sin jurisdiccion especial,99998,30.00016111,-82.86118889,Vehiculo en movimiento,Angulo,Four-Way Intersection,Interseccion de 4 direcciones,Sobre calle,Ninguna,Dia total,Despejado,No,NO APLICA,10,99,10,99,1,18/05/2022,2
12,Florida,121207,1,1,1,0,113,SANTA ROSA (113),0,NO APLICA,5,Mayo,16,2022,4,44,US-98 EB,2,US Highway,Urbano,Arteria Principal,State Highway Agency,1,Sin jurisdiccion especial,99998,30.40173889,-86.90105278,Peaton,El primer evento no fue una colision con un vehiculo automotor en transporte,Not an Intersection,No fue interseccion,Sobre calle,Ninguna,Oscuro sin iluminacion,Nublado,No,NO APLICA,99,99,99,99,1,16/05/2022,1
12,Florida,121208,0,0,1,0,111,ST LUCIE (111),0,NO APLICA,5,Mayo,9,2022,22,41,CR-712,4,Calle del Condado,Urbano,Local,County Highway Agency,0,Sin jurisdiccion especial,99998,27.36801944,-80.28866944,Poste de Señal de trafico,El primer evento no fue una colision con un vehiculo automotor en transporte,T-Intersection,Interseccion de T,Sobre el lado de la calle,Ninguna,Oscuro sin iluminacion,Despejado,No,NO APLICA,99,99,99,99,1,09/05/2022,1
12,Florida,121209,0,0,1,0,95,ORANGE (95),0,NO APLICA,4,Abril,29,2022,4,48,OCOEE APOPKA RD,9,Desconocido,Urbano,Colector Mayor,Not Reported,0,Sin jurisdiccion especial,99998,28.58626944,-81.55068333,Barda,El primer evento no fue una colision con un vehiculo automotor en transporte,Not an Intersection,No fue interseccion,Fuera de la calle,Ninguna,Oscuro sin iluminacion,Despejado,No,NO APLICA,99,99,99,99,1,29/04/2022,1
12,Florida,121210,0,0,5,0,95,ORANGE (95),0,NO APLICA,5,Mayo,8,2022,0,27,SR-50,3,Highway estatal,Rural,Arteria Principal,State Highway Agency,1,Sin jurisdiccion especial,99998,28.54574167,-81.09091111,Final Destination ( Vehiculo es golpeado por carga o otro objeto puesto en movimiento por otro vehiculo en movimiento),Otro,Not an Intersection,No fue interseccion,Sobre calle,Ninguna,Oscuro sin iluminacion,Despejado,No,NO APLICA,99,99,99,99,1,08/05/2022,8
12,Florida,121211,0,0,4,0,119,SUMTER (119),0,NO APLICA,5,Mayo,6,2022,19,0,CR-48,4,Calle del Condado,Rural,Colector Mayor,Not Reported,0,Sin jurisdiccion especial,99998,28.65098056,-82.08735,Vehiculo en movimiento,Frente a frente,Not an Intersection,No fue interseccion,Sobre calle,Ninguna,Atardecer,Despejado,No,NO APLICA,19,1,19,7,2,06/05/2022,4
12,Florida,121213,2,2,2,0,95,ORANGE (95),0,NO APLICA,4,Abril,20,2022,23,35,COURTLAND STREET,9,Desconocido,Rural,Local,Not Reported,0,Sin jurisdiccion especial,99998,28.60387778,-81.39256944,Vehiculo en movimiento,Angulo,Not an Intersection,No fue interseccion,Sobre calle,Ninguna,Oscuro con iluminacion,Nublado,No,NO APLICA,99,99,99,99,1,20/04/2022,2
12,Florida,121214,0,0,1,0,113,SANTA ROSA (113),0,NO APLICA,5,Mayo,1,2022,0,49,BROWNSDALE LOOP ROAD,9,Desconocido,Rural,Local,Not Reported,0,Sin jurisdiccion especial,99998,30.87724722,-87.24293889,Barda,El primer evento no fue una colision con un vehiculo automotor en transporte,Not an Intersection,No fue interseccion,Sobre el lado de la calle,Ninguna,Oscuro sin iluminacion,Neblina o Humo,No,NO APLICA,99,99,99,99,1,01/05/2022,3
12,Florida,121215,0,0,2,0,95,ORANGE (95),0,NO APLICA,4,Abril,13,2022,12,40,SR-50,3,Highway estatal,Urbano,Arteria Principal,State Highway Agency,1,Sin jurisdiccion especial,99998,28.56165833,-81.13289722,Vehiculo en movimiento,Frente a Detrás,Not an Intersection,No fue interseccion,Sobre calle,Ninguna,Dia total,Despejado,No,NO APLICA,99,99,99,99,1,13/04/2022,1
12,Florida,121216,0,0,2,0,83,MARION (83),0,NO APLICA,5,Mayo,13,2022,14,10,CR-326,4,Calle del Condado,Rural,Colector Menor,County Highway Agency,0,Sin jurisdiccion especial,99998,29.28088333,-82.380625,Vehiculo en movimiento,Frente a frente,Not an Intersection,No fue interseccion,Sobre Acotamiento,Ninguna,Dia total,lluvia,No,NO APLICA,99,99,99,99,1,13/05/2022,4
12,Florida,121217,0,0,1,0,51,HENDRY (51),0,NO APLICA,5,Mayo,10,2022,6,42,YEEHAW AVE,8,Otro,Rural,Local,Not Reported,0,Sin jurisdiccion especial,99998,26.64795833,-81.28390556,Volcadura,El primer evento no fue una colision con un vehiculo automotor en transporte,Not an Intersection,No fue interseccion,Fuera de la calle,Ninguna,Oscuro sin iluminacion,Despejado,No,NO APLICA,99,99,99,99,1,10/05/2022,1
12,Florida,121218,0,0,1,0,69,LAKE (69),0,NO APLICA,5,Mayo,11,2022,0,19,CR-561,4,Calle del Condado,Urbano,Colector Mayor,Not Reported,0,Sin jurisdiccion especial,99998,28.52898889,-81.78536111,Otro objeto (fijo),El primer evento no fue una colision con un vehiculo automotor en transporte,Not an Intersection,No fue interseccion,Fuera de la calle,Ninguna,Oscuro sin iluminacion,Despejado,No,NO APLICA,99,99,99,99,1,11/05/2022,1
12,Florida,121219,1,1,1,0,109,ST JOHNS (109),0,NO APLICA,4,Abril,19,2022,9,18,COASTAL HIGHWAY,6,Calle Local Municipalidad,Urbano,Local,Not Reported,0,Sin jurisdiccion especial,99998,29.91676944,-81.29236111,Peaton,El primer evento no fue una colision con un vehiculo automotor en transporte,T-Intersection,Interseccion de T,Sobre calle,Ninguna,Dia total,Despejado,No,NO APLICA,99,99,99,99,1,19/04/2022,1
12,Florida,121220,0,0,1,0,91,OKALOOSA (91),0,NO APLICA,4,Abril,27,2022,16,30,CR-602,4,Calle del Condado,Rural,Local,County Highway Agency,0,Sin jurisdiccion especial,99998,30.94618889,-86.52931944,Arbol,El primer evento no fue una colision con un vehiculo automotor en transporte,Not an Intersection,No fue interseccion,Sobre el lado de la calle,Ninguna,Dia total,Despejado,No,NO APLICA,99,99,99,99,1,27/04/2022,1
12,Florida,121221,0,0,2,0,57,HILLSBOROUGH (57),1919,MANGO,5,Mayo,13,2022,20,29,CR-579,4,Calle del Condado,Urbano,Colector Mayor,Not Reported,0,Sin jurisdiccion especial,99998,27.98362222,-82.30225833,Vehiculo en movimiento,Angulo,Not an Intersection,No fue interseccion,Sobre calle,Ninguna,Atardecer,Despejado,No,NO APLICA,99,99,99,99,1,13/05/2022,2
12,Florida,121222,0,1,2,1,11,BROWARD (11),1050,FORT LAUDERDALE,3,Marzo,29,2022,1,19,I-95,1,Interestatal,Urbano,Interestatal,Not Reported,1,Sin jurisdiccion especial,99998,26.08903889,-80.16801667,Barrera de Trafico de Concreto,El primer evento no fue una colision con un vehiculo automotor en transporte,Not an Intersection,No fue interseccion,Sobre el lado de la calle,"Zona de trabajo, tipo desconocido",Oscuro con iluminacion,Despejado,No,NO APLICA,99,99,99,99,1,29/03/2022,1
12,Florida,121223,1,1,1,0,95,ORANGE (95),0,NO APLICA,4,Abril,29,2022,8,40,SR-551,3,Highway estatal,Urbano,Arteria Menor,State Highway Agency,0,Sin jurisdiccion especial,99998,28.50118889,-81.28536944,Peaton,El primer evento no fue una colision con un vehiculo automotor en transporte,T-Intersection,Interseccion de T,Sobre calle,Ninguna,Dia total,Despejado,No,NO APLICA,99,99,99,99,1,29/04/2022,1
12,Florida,121224,1,1,1,0,86,MIAMI-DADE (86),0,NO APLICA,5,Mayo,10,2022,20,50,W  FLAGLER ST,9,Desconocido,Urbano,Arteria Menor,Not Reported,0,Sin jurisdiccion especial,99998,25.76964722,-80.33725556,Peaton,El primer evento no fue una colision con un vehiculo automotor en transporte,Not an Intersection,No fue interseccion,Sobre calle,Ninguna,Oscuro con iluminacion,Despejado,No,NO APLICA,99,99,99,99,1,10/05/2022,1
12,Florida,121225,0,0,2,0,69,LAKE (69),1820,LEESBURG,5,Mayo,14,2022,19,12,US-27,2,US Highway,Urbano,Arteria Principal,State Highway Agency,1,Sin jurisdiccion especial,99998,28.83592778,-81.89053889,Vehiculo en movimiento,Frente a Detrás,Not an Intersection,No fue interseccion,Sobre calle,"Zona de trabajo, tipo desconocido",Dia total,Despejado,No,NO APLICA,99,99,99,99,1,14/05/2022,2
12,Florida,121226,0,0,2,0,83,MARION (83),2270,OCALA,5,Mayo,10,2022,5,13,SR-492,3,Highway estatal,Urbano,Arteria Principal,State Highway Agency,1,Sin jurisdiccion especial,99998,29.20056944,-82.10331111,Vehiculo en movimiento,Frente a frente,Four-Way Intersection,Interseccion de 4 direcciones,Sobre calle,Ninguna,Oscuro con iluminacion,Despejado,No,NO APLICA,99,99,99,99,1,10/05/2022,3
12,Florida,121227,1,1,1,0,57,HILLSBOROUGH (57),0,NO APLICA,5,Mayo,20,2022,2,30,HARTFORD ST,9,Desconocido,Rural,Local,Not Reported,0,Sin jurisdiccion especial,99998,27.91190556,-82.39009444,Ciclista,El primer evento no fue una colision con un vehiculo automotor en transporte,Not an Intersection,No fue interseccion,Sobre calle,Ninguna,Oscuro sin iluminacion,Despejado,No,NO APLICA,99,99,99,99,1,20/05/2022,1
12,Florida,121228,1,1,1,0,57,HILLSBOROUGH (57),0,NO APLICA,5,Mayo,20,2022,5,43,US-301,2,US Highway,Urbano,Arteria Principal,State Highway Agency,1,Sin jurisdiccion especial,99998,28.016225,-82.35307222,Peaton,El primer evento no fue una colision con un vehiculo automotor en transporte,Not an Intersection,No fue interseccion,Sobre calle,Ninguna,Amanecer,Despejado,No,NO APLICA,99,99,99,99,1,20/05/2022,1
12,Florida,121229,1,1,1,0,1,ALACHUA (1),1130,GAINESVILLE,5,Mayo,22,2022,0,15,CR-329,4,Calle del Condado,Urbano,Arteria Menor,Not Reported,0,Sin jurisdiccion especial,99998,29.66295833,-82.324525,Peaton,El primer evento no fue una colision con un vehiculo automotor en transporte,T-Intersection,Interseccion de T,Sobre calle,Ninguna,Oscuro con iluminacion,Nublado,No,NO APLICA,99,99,99,99,1,22/05/2022,1
12,Florida,121230,0,0,2,0,107,PUTNAM (107),0,NO APLICA,5,Mayo,7,2022,14,50,KEUKA ROAD,9,Desconocido,Rural,Local,Not Reported,0,Sin jurisdiccion especial,99998,29.59297222,-81.94925278,Vehiculo en movimiento,Frente a frente,T-Intersection,Interseccion de T,Sobre calle,Ninguna,Dia total,Despejado,No,NO APLICA,99,99,99,99,1,07/05/2022,2
12,Florida,121231,0,0,2,0,71,LEE (71),0,NO APLICA,5,Mayo,17,2022,14,34,SR-80,3,Highway estatal,Urbano,Arteria Principal,State Highway Agency,1,Sin jurisdiccion especial,99998,26.71233889,-81.70821944,Vehiculo en movimiento,Angulo,T-Intersection,Interseccion de T,Sobre calle,Ninguna,Dia total,Nublado,No,NO APLICA,99,99,99,99,2,17/05/2022,3