Estado,Nombre de Estado,Numero de Caso,Peatones,Personas _no_vehiculos,Vehiculos automotores,Vehiculos estacionados,Condado,Nombre Condado,Ciudad,Nombre Ciudad,Mes,Nombre Mes,Dia,Año,Hora,Minuto,Calle,Ruta,Nombre Ruta,Rural o Urbanoo,Sistema Funcional,Dueño Calle,Sistema Nacional Carreteras,Jurisdiccion Especial,Milla,Latitud,Longitud,Causa del Accidente,Tipo de Accidente,Tipo Interseccion,Columna1,Lugar en la calle,Zona de Trabajo,Luz,Clima,Autobus Escolar,Cruce de Trenes,Hora Notificacion,Minuto Notificacion,Hora Llegada,Minuto Llegada,Decesos,Fecha,PersonaVehiculo
12,Florida,121232,0,0,2,0,19,CLAY (19),0,NO APLICA,5,Mayo,20,2022,17,8,US-17,2,US Highway,Urbano,Arteria Principal,State Highway Agency,1,Sin jurisdiccion especial,99998,30.11466111,-81.70483056,Vehiculo en movimiento,Frente a frente,Not an Intersection,No fue interseccion,Sobre calle,Ninguna,Dia total,Despejado,No,NO APLICA,99,99,99,99,2,20/05/2022,2
12,Florida,121233,0,0,2,0,109,ST JOHNS (109),0,NO APLICA,5,Mayo,16,2022,1,7,I-95 ENTRANCE RAMP,1,Interestatal,Urbano,Interestatal,State Highway Agency,1,Sin jurisdiccion especial,99998,29.82885,-81.38066944,Vehiculo en movimiento,Frente a Detrás,Not an Intersection,No fue interseccion,Sobre calle,Ninguna,Oscuro sin iluminacion,Despejado,No,NO APLICA,1,99,1,99,1,16/05/2022,2
12,Florida,121234,1,1,1,0,97,OSCEOLA (97),0,NO APLICA,5,Mayo,13,2022,5,36,SR-535,3,Highway estatal,Urbano,Arteria Menor,State Highway Agency,0,Sin jurisdiccion especial,99998,28.33613611,-81.47961111,Peaton,El primer evento no fue una colision con un vehiculo automotor en transporte,Not an Intersection,No fue interseccion,Sobre calle,Ninguna,Amanecer,Despejado,No,NO APLICA,99,99,99,99,1,13/05/2022,1
12,Florida,121235,0,0,2,0,37,FRANKLIN (37),0,NO APLICA,5,Mayo,6,2022,10,54,US-98,2,US Highway,Rural,Arteria Principal,State Highway Agency,1,Sin jurisdiccion especial,99998,29.76811389,-84.80418889,Vehiculo en movimiento,Frente a frente,Not an Intersection,No fue interseccion,Sobre calle,Ninguna,Dia total,Nublado,No,NO APLICA,99,99,99,99,1,06/05/2022,3
12,Florida,121236,0,0,3,0,105,POLK (105),0,NO APLICA,5,Mayo,14,2022,10,27,COUNTRY CLUB RD,8,Otro,Urbano,Local,County Highway Agency,0,Sin jurisdiccion especial,99998,28.133625,-81.45835,Vehiculo en movimiento,Golpe Lateral - misma direccion,Not an Intersection,No fue interseccion,Sobre calle,Ninguna,Dia total,Despejado,No,NO APLICA,99,99,99,99,1,14/05/2022,3
12,Florida,121237,0,0,2,0,95,ORANGE (95),2360,ORLANDO,5,Mayo,17,2022,14,33,SR-423,3,Highway estatal,Urbano,Arteria Principal,State Highway Agency,0,Sin jurisdiccion especial,99998,28.58544444,-81.41657222,Vehiculo en movimiento,Angulo,Four-Way Intersection,Interseccion de 4 direcciones,Sobre calle,Ninguna,Dia total,Despejado,No,NO APLICA,99,99,99,99,1,17/05/2022,2
12,Florida,121238,0,0,2,0,93,OKEECHOBEE (93),0,NO APLICA,4,Abril,28,2022,5,13,US-441,2,US Highway,Rural,Arteria Principal,State Highway Agency,1,Sin jurisdiccion especial,99998,27.41226944,-80.81387778,Vehiculo en movimiento,Angulo,Not an Intersection,No fue interseccion,Sobre calle,Ninguna,Oscuro sin iluminacion,Neblina o Humo,No,NO APLICA,99,99,99,99,1,28/04/2022,8
12,Florida,121239,0,0,1,0,97,OSCEOLA (97),0,NO APLICA,4,Abril,20,2022,0,33,SR-91,3,Highway estatal,Rural,Arterial Principal -Freeway o ExpressWay,State Highway Agency,1,Sin jurisdiccion especial,99998,27.7191,-80.90333056,Volcadura,El primer evento no fue una colision con un vehiculo automotor en transporte,Not an Intersection,No fue interseccion,Sobre el lado de la calle,Ninguna,Oscuro sin iluminacion,Despejado,No,NO APLICA,99,99,99,99,2,20/04/2022,3
12,Florida,121240,0,0,1,0,109,ST JOHNS (109),0,NO APLICA,4,Abril,28,2022,1,47,SHORES BLVD,6,Calle Local Municipalidad,Urbano,Local,Not Reported,0,Sin jurisdiccion especial,99998,29.81825,-81.3055,Poste,El primer evento no fue una colision con un vehiculo automotor en transporte,Not an Intersection,No fue interseccion,Sobre el lado de la calle,Ninguna,Oscuro con iluminacion,Despejado,No,NO APLICA,99,99,99,99,1,28/04/2022,1
12,Florida,121241,0,0,1,0,111,ST LUCIE (111),2601,PORT SAINT LUCIE,4,Abril,26,2022,23,7,SE FLORIDIAN DR,6,Calle Local Municipalidad,Urbano,Local,Not Reported,0,Sin jurisdiccion especial,99998,27.20837778,-80.28814444,Alguien se cayo/avento del vehiculo,El primer evento no fue una colision con un vehiculo automotor en transporte,Not an Intersection,No fue interseccion,Sobre calle,Ninguna,Oscuro con iluminacion,Despejado,No,NO APLICA,99,99,99,99,1,26/04/2022,3
12,Florida,121242,1,1,1,0,11,BROWARD (11),1050,FORT LAUDERDALE,5,Mayo,18,2022,0,16,SR-838,3,Highway estatal,Urbano,Arteria Principal,State Highway Agency,1,Sin jurisdiccion especial,99998,26.13675,-80.14906944,Peaton,El primer evento no fue una colision con un vehiculo automotor en transporte,Not an Intersection,No fue interseccion,Sobre calle,Ninguna,Oscuro con iluminacion,Despejado,No,NO APLICA,99,99,99,99,1,18/05/2022,1
12,Florida,121243,0,0,1,0,11,BROWARD (11),760,DANIA BEACH,5,Mayo,8,2022,6,20,I-95,1,Interestatal,Urbano,Interestatal,State Highway Agency,1,Sin jurisdiccion especial,99998,26.07984444,-80.16903056,Barrera de Trafico de Concreto,El primer evento no fue una colision con un vehiculo automotor en transporte,Not an Intersection,No fue interseccion,En el medio,"Zona de trabajo, tipo desconocido",Oscuro con iluminacion,Nublado,No,NO APLICA,99,99,99,99,2,08/05/2022,4
12,Florida,121244,0,0,11,10,86,MIAMI-DADE (86),0,NO APLICA,4,Abril,10,2022,4,55,SR-976,3,Highway estatal,Urbano,Arteria Principal,State Highway Agency,1,Sin jurisdiccion especial,99998,25.73328056,-80.30385833,Banqueta,El primer evento no fue una colision con un vehiculo automotor en transporte,Not an Intersection,No fue interseccion,Sobre el lado de la calle,Ninguna,Amanecer,Despejado,No,NO APLICA,99,99,99,99,1,10/04/2022,2
12,Florida,121245,0,0,2,0,97,OSCEOLA (97),0,NO APLICA,3,Marzo,21,2022,11,1,US-192,2,US Highway,Rural,Arteria Principal,State Highway Agency,1,Sin jurisdiccion especial,99998,28.19193056,-81.15451944,Vehiculo en movimiento,Angulo,T-Intersection,Interseccion de T,Sobre calle,Ninguna,Dia total,Despejado,No,NO APLICA,99,99,99,99,1,21/03/2022,6
12,Florida,121246,0,0,1,0,119,SUMTER (119),3230,WILDWOOD,5,Mayo,7,2022,18,23,SR-91,3,Highway estatal,Rural,Arterial Principal -Freeway o ExpressWay,State Highway Agency,1,Sin jurisdiccion especial,99998,28.84881389,-82.08098333,Valla Ferrocarril,El primer evento no fue una colision con un vehiculo automotor en transporte,Not an Intersection,No fue interseccion,En el medio,Ninguna,Dia total,Despejado,No,NO APLICA,99,99,99,99,1,07/05/2022,3
12,Florida,121247,0,0,2,0,86,MIAMI-DADE (86),0,NO APLICA,3,Marzo,27,2022,11,30,US-27,2,US Highway,Rural,Arteria Principal,State Highway Agency,1,Sin jurisdiccion especial,99998,25.9039,-80.38894167,Vehiculo en movimiento,Angulo,T-Intersection,Interseccion de T,Sobre calle,Ninguna,Dia total,Despejado,No,NO APLICA,99,99,99,99,1,27/03/2022,4
12,Florida,121248,0,0,2,0,19,CLAY (19),0,NO APLICA,5,Mayo,20,2022,17,10,US-17,2,US Highway,Urbano,Arteria Principal,State Highway Agency,1,Sin jurisdiccion especial,99998,30.11116667,-81.70503889,Vehiculo en movimiento,Angulo,Not an Intersection,No fue interseccion,Sobre calle,Ninguna,Dia total,Despejado,No,NO APLICA,99,99,99,99,1,20/05/2022,3
12,Florida,121249,0,0,4,0,103,PINELLAS (103),0,NO APLICA,5,Mayo,14,2022,18,32,I-275,1,Interestatal,Urbano,Interestatal,State Highway Agency,1,Sin jurisdiccion especial,99998,27.88198333,-82.65570556,Valla para choques,El primer evento no fue una colision con un vehiculo automotor en transporte,Not an Intersection,No fue interseccion,Gore?,Ninguna,Dia total,Despejado,No,NO APLICA,99,99,99,99,1,14/05/2022,6
12,Florida,121250,0,0,2,0,97,OSCEOLA (97),0,NO APLICA,4,Abril,30,2022,10,17,CR-531,4,Calle del Condado,Urbano,Arteria Menor,Not Reported,0,Sin jurisdiccion especial,99998,28.33698889,-81.39001111,Vehiculo en movimiento,Angulo,Four-Way Intersection,Interseccion de 4 direcciones,Sobre calle,Ninguna,Dia total,Despejado,No,NO APLICA,99,99,99,99,1,30/04/2022,2
12,Florida,121251,0,0,2,0,111,ST LUCIE (111),0,NO APLICA,5,Mayo,18,2022,6,48,SR-91,3,Highway estatal,Rural,Arterial Principal -Freeway o ExpressWay,State Highway Agency,1,Sin jurisdiccion especial,99998,27.48515,-80.5338,Vehiculo en movimiento,Frente a Detrás,Not an Intersection,No fue interseccion,Sobre calle,Ninguna,Dia total,Despejado,No,NO APLICA,99,99,99,99,1,18/05/2022,3
12,Florida,121252,0,0,2,0,9,BREVARD (9),0,NO APLICA,5,Mayo,15,2022,1,1,US-1,2,US Highway,Rural,Arteria Principal,State Highway Agency,1,Sin jurisdiccion especial,99998,28.50001111,-80.78205,Vehiculo en movimiento,Angulo,Not an Intersection,No fue interseccion,Sobre calle,Ninguna,Oscuro sin iluminacion,Despejado,No,NO APLICA,99,99,99,99,1,15/05/2022,3
12,Florida,121253,1,1,1,0,99,PALM BEACH (99),0,NO APLICA,5,Mayo,22,2022,22,44,SR-809,3,Highway estatal,Urbano,Arteria Principal,State Highway Agency,1,Sin jurisdiccion especial,99998,26.64756111,-80.11228056,Peaton,El primer evento no fue una colision con un vehiculo automotor en transporte,Not an Intersection,No fue interseccion,Sobre calle,Ninguna,Oscuro con iluminacion,Despejado,No,NO APLICA,99,99,99,99,1,22/05/2022,1
12,Florida,121254,0,0,1,0,123,TAYLOR (123),0,NO APLICA,5,Mayo,13,2022,18,45,CR-361,4,Calle del Condado,Rural,Colector Mayor,Not Reported,0,Sin jurisdiccion especial,99998,29.93358889,-83.58736389,Arbol,El primer evento no fue una colision con un vehiculo automotor en transporte,Not an Intersection,No fue interseccion,"Fuera de la calle, ubicacion desconocida",Ninguna,Dia total,Despejado,No,NO APLICA,99,99,99,99,1,13/05/2022,1
12,Florida,121255,0,0,3,1,9,BREVARD (9),0,NO APLICA,5,Mayo,19,2022,17,23,SR-501,3,Highway estatal,Urbano,Arteria Menor,State Highway Agency,1,Sin jurisdiccion especial,99998,28.37716111,-80.75503889,Vehiculo en movimiento,Angulo,Four-Way Intersection,Interseccion de 4 direcciones,Sobre calle,Ninguna,Dia total,Despejado,No,NO APLICA,99,99,99,99,1,19/05/2022,3
12,Florida,121256,0,0,1,0,61,INDIAN RIVER (61),0,NO APLICA,5,Mayo,13,2022,12,54,I-95,1,Interestatal,Rural,Interestatal,State Highway Agency,1,Sin jurisdiccion especial,99998,27.57580278,-80.49294444,Poste de Señal de trafico,El primer evento no fue una colision con un vehiculo automotor en transporte,Not an Intersection,No fue interseccion,Sobre el lado de la calle,Ninguna,Dia total,Despejado,No,NO APLICA,99,99,99,99,1,13/05/2022,2
12,Florida,121257,0,0,2,0,19,CLAY (19),2056,MIDDLEBURG,5,Mayo,10,2022,16,6,SR-21,3,Highway estatal,Urbano,Arteria Principal,State Highway Agency,1,Sin jurisdiccion especial,99998,30.03838056,-81.89696111,Vehiculo en movimiento,Angulo,Four-Way Intersection,Interseccion de 4 direcciones,Sobre calle,Ninguna,Dia total,Despejado,No,NO APLICA,99,99,99,99,1,10/05/2022,2
12,Florida,121258,0,0,2,0,71,LEE (71),0,NO APLICA,5,Mayo,23,2022,16,54,MCGREGOR BLVD,8,Otro,Urbano,Local,Not Reported,0,Sin jurisdiccion especial,99998,26.55001389,-81.912825,Vehiculo en movimiento,Angulo,Not an Intersection,No fue interseccion,Sobre calle,Ninguna,Dia total,Despejado,No,NO APLICA,99,99,99,99,1,23/05/2022,2
12,Florida,121259,0,0,1,0,11,BROWARD (11),633,COCONUT CREEK,5,Mayo,22,2022,18,0,SW 46TH ST,6,Calle Local Municipalidad,Urbano,Local,City or Municipal Highway Agency,0,Sin jurisdiccion especial,99998,26.0612,-80.38241389,Valla Ferrocarril,El primer evento no fue una colision con un vehiculo automotor en transporte,Not an Intersection,No fue interseccion,Sobre el lado de la calle,Ninguna,Dia total,Nublado,No,NO APLICA,99,99,99,99,1,22/05/2022,1
12,Florida,121260,0,0,3,0,73,LEON (73),2940,TALLAHASSEE,5,Mayo,20,2022,23,55,SR-90,3,Highway estatal,Urbano,Arteria Menor,State Highway Agency,0,Sin jurisdiccion especial,99998,30.44912778,-84.30761944,Vehiculo en movimiento,Reportado como desconocido,Reported as Unknown,Desconocido,Reportado como desconocida,Ninguna,Oscuro con iluminacion,Despejado,No,NO APLICA,99,99,99,99,1,20/05/2022,3
12,Florida,121261,0,0,1,0,133,WASHINGTON (133),0,NO APLICA,5,Mayo,13,2022,15,54,I-10,1,Interestatal,Rural,Interestatal,State Highway Agency,1,Sin jurisdiccion especial,99998,30.74534444,-85.45770833,Volcadura,El primer evento no fue una colision con un vehiculo automotor en transporte,Not an Intersection,No fue interseccion,Sobre el lado de la calle,Ninguna,Dia total,Despejado,No,NO APLICA,99,99,99,99,1,13/05/2022,2
12,Florida,121262,0,0,2,0,97,OSCEOLA (97),0,NO APLICA,4,Abril,30,2022,2,23,SR-530,3,Highway estatal,Urbano,Arteria Menor,Not Reported,0,Sin jurisdiccion especial,99998,28.32315,-81.33660833,Vehiculo en movimiento,Frente a Detrás,Not an Intersection,No fue interseccion,Sobre calle,Ninguna,Oscuro con iluminacion,Despejado,No,NO APLICA,99,99,99,99,1,30/04/2022,3
12,Florida,121263,0,0,3,0,99,PALM BEACH (99),330,BOYNTON BEACH,5,Mayo,13,2022,8,2,SR-804,3,Highway estatal,Urbano,Arteria Principal,State Highway Agency,1,Sin jurisdiccion especial,99998,26.527475,-80.09370833,Vehiculo en movimiento,Angulo,Four-Way Intersection,Interseccion de 4 direcciones,Sobre calle,Ninguna,Dia total,Despejado,No,NO APLICA,99,99,99,99,1,13/05/2022,3
12,Florida,121264,0,0,1,0,11,BROWARD (11),1420,HOLLYWOOD,5,Mayo,3,2022,13,14,GARFIELD ST,6,Calle Local Municipalidad,Urbano,Local,Not Reported,0,Sin jurisdiccion especial,99998,26.02165556,-80.14940833,Vehiculo Ferrocarril,El primer evento no fue una colision con un vehiculo automotor en transporte,Not an Intersection,No fue interseccion,Sobre calle,Ninguna,Dia total,Despejado,No,Unknown,99,99,99,99,1,03/05/2022,1
12,Florida,121265,0,0,2,0,59,HOLMES (59),0,NO APLICA,5,Mayo,19,2022,19,40,I-10 W,1,Interestatal,Rural,Interestatal,State Highway Agency,1,Sin jurisdiccion especial,99998,30.763025,-85.71646944,Vehiculo en movimiento,Frente a frente,Not an Intersection,No fue interseccion,Sobre calle,Ninguna,Oscuro sin iluminacion,Despejado,No,NO APLICA,99,99,99,99,1,19/05/2022,2
12,Florida,121266,1,1,1,0,81,MANATEE (81),0,NO APLICA,5,Mayo,24,2022,2,18,US-41,2,US Highway,Urbano,Arteria Principal,State Highway Agency,1,Sin jurisdiccion especial,99998,27.46121667,-82.57534722,Peaton,El primer evento no fue una colision con un vehiculo automotor en transporte,Not an Intersection,No fue interseccion,Sobre calle,Ninguna,Oscuro sin iluminacion,Despejado,No,NO APLICA,99,99,99,99,1,24/05/2022,2
12,Florida,121267,0,0,1,0,105,POLK (105),0,NO APLICA,3,Marzo,16,2022,22,40,BUCKMORE RD,8,Otro,Urbano,Colector Mayor,County Highway Agency,0,Sin jurisdiccion especial,99998,27.90916944,-81.55590556,Poste de Señal de trafico,El primer evento no fue una colision con un vehiculo automotor en transporte,Not an Intersection,No fue interseccion,Sobre el lado de la calle,Ninguna,Oscuro sin iluminacion,Despejado,No,NO APLICA,99,99,99,99,1,16/03/2022,1
12,Florida,121268,0,0,1,0,57,HILLSBOROUGH (57),75,APOLLO BEACH,5,Mayo,2,2022,15,10,I-75,1,Interestatal,Urbano,Interestatal,State Highway Agency,1,Sin jurisdiccion especial,99998,27.7642,-82.36738889,Fin de valla,El primer evento no fue una colision con un vehiculo automotor en transporte,Not an Intersection,No fue interseccion,En el medio,Ninguna,Dia total,Despejado,No,NO APLICA,99,99,99,99,1,02/05/2022,1
12,Florida,121269,1,1,1,0,11,BROWARD (11),1782,LAUDERHILL,5,Mayo,18,2022,23,12,US-7,2,US Highway,Urbano,Arteria Principal,State Highway Agency,1,Sin jurisdiccion especial,99998,26.15918056,-80.2031,Peaton,El primer evento no fue una colision con un vehiculo automotor en transporte,Not an Intersection,No fue interseccion,Sobre calle,Ninguna,Oscuro con iluminacion,Despejado,No,NO APLICA,99,99,99,99,1,18/05/2022,1
12,Florida,121270,0,0,2,0,1,ALACHUA (1),1130,GAINESVILLE,5,Mayo,24,2022,15,1,28TH TERR,6,Calle Local Municipalidad,Urbano,Local,Not Reported,0,Sin jurisdiccion especial,99998,29.61692222,-82.36537222,Vehiculo en movimiento,Frente a frente,Not an Intersection,No fue interseccion,Sobre calle,Ninguna,Dia total,Despejado,No,NO APLICA,99,99,99,99,1,24/05/2022,7
12,Florida,121271,0,0,1,0,51,HENDRY (51),1600,LABELLE,5,Mayo,18,2022,19,56,MADDOX ST,8,Otro,Urbano,Local,City or Municipal Highway Agency,0,Sin jurisdiccion especial,99998,26.74853056,-81.44638889,Otro objeto (no fijo),El primer evento no fue una colision con un vehiculo automotor en transporte,Not an Intersection,No fue interseccion,"Fuera de la calle, ubicacion desconocida",Ninguna,Dia total,Despejado,No,NO APLICA,99,99,99,99,1,18/05/2022,1
12,Florida,121272,0,0,1,0,11,BROWARD (11),2083,MIRAMAR,5,Mayo,16,2022,5,30,PEMBROKE RD,6,Calle Local Municipalidad,Urbano,Arteria Menor,Not Reported,0,Sin jurisdiccion especial,99998,25.99421111,-80.25877222,Banqueta,El primer evento no fue una colision con un vehiculo automotor en transporte,Not an Intersection,No fue interseccion,Sobre el lado de la calle,Ninguna,Oscuro con iluminacion,Despejado,No,NO APLICA,99,99,99,99,1,16/05/2022,2
12,Florida,121273,1,1,1,0,21,COLLIER (21),2150,NAPLES,5,Mayo,14,2022,5,55,CR-31,4,Calle del Condado,Urbano,Arteria Menor,Not Reported,0,Sin jurisdiccion especial,99998,26.15875,-81.76698056,Ciclista,El primer evento no fue una colision con un vehiculo automotor en transporte,Not an Intersection,No fue interseccion,Sobre calle,Ninguna,Oscuro sin iluminacion,Despejado,No,NO APLICA,99,99,99,99,1,14/05/2022,1
12,Florida,121274,0,0,2,0,105,POLK (105),0,NO APLICA,5,Mayo,19,2022,6,0,CR-547 LEE JACKSON HWY,4,Calle del Condado,Urbano,Colector Mayor,County Highway Agency,0,Sin jurisdiccion especial,99998,28.17496389,-81.59843611,Poste,El primer evento no fue una colision con un vehiculo automotor en transporte,Not an Intersection,No fue interseccion,Sobre el lado de la calle,Ninguna,Oscuro sin iluminacion,Neblina o Humo,No,NO APLICA,99,99,99,99,1,19/05/2022,2
12,Florida,121275,0,0,1,0,99,PALM BEACH (99),0,NO APLICA,5,Mayo,20,2022,22,13,W WOOLBRIGHT RD,6,Calle Local Municipalidad,Urbano,Arteria Menor,Not Reported,0,Sin jurisdiccion especial,99998,26.51285278,-80.11784444,Poste,El primer evento no fue una colision con un vehiculo automotor en transporte,Not an Intersection,No fue interseccion,Sobre el lado de la calle,Ninguna,Oscuro con iluminacion,Nublado,No,NO APLICA,99,99,99,99,1,20/05/2022,2
12,Florida,121276,0,0,1,0,131,WALTON (131),0,NO APLICA,5,Mayo,21,2022,5,0,US-90,2,US Highway,Rural,Arteria Menor,State Highway Agency,0,Sin jurisdiccion especial,99998,30.72108889,-86.04743889,Arbol,El primer evento no fue una colision con un vehiculo automotor en transporte,Not an Intersection,No fue interseccion,"Fuera de la calle, ubicacion desconocida",Ninguna,Oscuro sin iluminacion,Nublado,No,NO APLICA,99,99,99,99,1,21/05/2022,1
12,Florida,121277,0,0,2,0,115,SARASOTA (115),0,NO APLICA,5,Mayo,22,2022,22,23,I-75,1,Interestatal,Urbano,Interestatal,State Highway Agency,1,Sin jurisdiccion especial,99998,27.27119444,-82.44876389,Vehiculo en movimiento,Frente a Detrás,Not an Intersection,No fue interseccion,Sobre calle,Ninguna,Oscuro con iluminacion,Despejado,No,NO APLICA,99,99,99,99,1,22/05/2022,6
12,Florida,121278,0,0,3,0,83,MARION (83),0,NO APLICA,5,Mayo,12,2022,14,40,NW 35TH STREET,9,Desconocido,Urbano,Colector Mayor,Not Reported,0,Sin jurisdiccion especial,99998,29.22323889,-82.16863056,Vehiculo en movimiento,Angulo,Four-Way Intersection,Interseccion de 4 direcciones,Sobre calle,Ninguna,Dia total,Despejado,No,NO APLICA,99,99,99,99,1,12/05/2022,5
12,Florida,121279,1,1,2,0,127,VOLUSIA (127),0,NO APLICA,5,Mayo,22,2022,3,30,LEMON BLUFF ROAD,9,Desconocido,Rural,Local,State Highway Agency,0,Sin jurisdiccion especial,99998,28.83080556,-81.17280278,Peaton,El primer evento no fue una colision con un vehiculo automotor en transporte,Not an Intersection,No fue interseccion,Sobre calle,Ninguna,Oscuro sin iluminacion,Nublado,No,NO APLICA,99,99,99,99,1,22/05/2022,2
12,Florida,121280,0,0,2,0,11,BROWARD (11),2260,OAKLAND PARK,1,Enero,3,2022,9,44,E OAKLAND PARK BLVD,5,Calle Local - Pueblo,Urbano,Arteria Principal,State Highway Agency,1,Sin jurisdiccion especial,99998,26.16688333,-80.12605278,Vehiculo en movimiento,Angulo,Four-Way Intersection,Interseccion de 4 direcciones,Sobre calle,Ninguna,Dia total,Despejado,No,NO APLICA,99,99,99,99,1,03/01/2022,2
12,Florida,121281,1,1,1,0,11,BROWARD (11),2219,NORTH LAUDERDALE,1,Enero,4,2022,18,10,BLVD OF CHAMPIONS,6,Calle Local Municipalidad,Urbano,Local,City or Municipal Highway Agency,0,Sin jurisdiccion especial,99998,26.21409444,-80.21786944,Peaton,El primer evento no fue una colision con un vehiculo automotor en transporte,T-Intersection,Interseccion de T,Sobre calle,Ninguna,Oscuro con iluminacion,Despejado,No,NO APLICA,99,99,99,99,1,04/01/2022,1
12,Florida,121282,0,0,2,0,99,PALM BEACH (99),0,NO APLICA,1,Enero,5,2022,8,49,LAKEFRONT BLVD,8,Otro,Urbano,Local,Private (other than Railroad),0,Sin jurisdiccion especial,99998,26.46455556,-80.12279722,Vehiculo en movimiento,Angulo,Four-Way Intersection,Interseccion de 4 direcciones,Sobre calle,Ninguna,Dia total,Nublado,No,NO APLICA,99,99,99,99,1,05/01/2022,3
12,Florida,121283,1,2,2,1,86,MIAMI-DADE (86),2330,OPA-LOCKA,1,Enero,11,2022,16,57,CAIRO LN,6,Calle Local Municipalidad,Urbano,Local,City or Municipal Highway Agency,0,Sin jurisdiccion especial,99998,25.89366111,-80.25775278,Peaton,El primer evento no fue una colision con un vehiculo automotor en transporte,Not an Intersection,No fue interseccion,Sobre calle,Ninguna,Dia total,Despejado,No,NO APLICA,99,99,99,99,1,11/01/2022,0
12,Florida,121284,1,1,1,0,101,PASCO (101),2180,NEW PORT RICHEY,1,Enero,10,2022,18,27,US-19,2,US Highway,Urbano,Arteria Principal,State Highway Agency,1,Sin jurisdiccion especial,99998,28.25211944,-82.72782778,Peaton,El primer evento no fue una colision con un vehiculo automotor en transporte,Not an Intersection,No fue interseccion,Sobre calle,Ninguna,Oscuro con iluminacion,Despejado,No,NO APLICA,99,99,99,99,1,10/01/2022,1
12,Florida,121285,0,0,2,0,117,SEMINOLE (117),2770,SANFORD,1,Enero,14,2022,20,30,E LAKE MARY BLVD,8,Otro,Urbano,Arteria Principal,City or Municipal Highway Agency,0,Sin jurisdiccion especial,99998,28.75682222,-81.23940278,Vehiculo en movimiento,Frente a frente,Not an Intersection,No fue interseccion,Sobre calle,Ninguna,Oscuro sin iluminacion,Despejado,No,NO APLICA,99,99,99,99,1,14/01/2022,4
12,Florida,121286,0,0,2,0,111,ST LUCIE (111),1080,FORT PIERCE,1,Enero,17,2022,18,15,SR-70 VIRGINIA AVE,3,Highway estatal,Urbano,Arteria Principal,State Highway Agency,1,Sin jurisdiccion especial,99998,27.42573333,-80.34371111,Vehiculo en movimiento,Angulo,Four-Way Intersection,Interseccion de 4 direcciones,Sobre calle,Ninguna,Oscuro con iluminacion,Despejado,No,NO APLICA,99,99,99,99,1,17/01/2022,6
12,Florida,121287,0,0,2,0,51,HENDRY (51),1600,LABELLE,1,Enero,18,2022,15,20,SR-80,3,Highway estatal,Rural,Arteria Principal,State Highway Agency,1,Sin jurisdiccion especial,99998,26.73581389,-81.47360833,Vehiculo en movimiento,Angulo,T-Intersection,Interseccion de T,Sobre calle,Ninguna,Dia total,Despejado,No,NO APLICA,99,99,99,99,1,18/01/2022,3
12,Florida,121288,0,0,2,1,11,BROWARD (11),2219,NORTH LAUDERDALE,1,Enero,21,2022,19,5,NONE,8,Otro,Trafficway Not in State Inventory,Via no en inventario estatal,Trafficway Not in State Inventory,0,Sin jurisdiccion especial,99998,26.20750556,-80.23705278,Vehiculo Aparcado,El primer evento no fue una colision con un vehiculo automotor en transporte,Not an Intersection,No fue interseccion,En estacionamiento,Ninguna,Oscuro con iluminacion,Despejado,No,NO APLICA,99,99,99,99,1,21/01/2022,1
12,Florida,121289,0,0,3,0,1,ALACHUA (1),2050,MICANOPY,1,Enero,15,2022,22,40,I-75,1,Interestatal,Rural,Interestatal,State Highway Agency,1,Sin jurisdiccion especial,99998,29.54705556,-82.33599722,Vehiculo en movimiento,Frente a Detrás,Not an Intersection,No fue interseccion,Sobre calle,Ninguna,Oscuro sin iluminacion,Nublado,No,NO APLICA,99,99,99,99,1,15/01/2022,5
12,Florida,121290,0,0,2,0,101,PASCO (101),2180,NEW PORT RICHEY,1,Enero,30,2022,19,10,NONE,8,Otro,Trafficway Not in State Inventory,Via no en inventario estatal,Trafficway Not in State Inventory,0,Sin jurisdiccion especial,99998,28.23455556,-82.72901944,Vehiculo en movimiento,Angulo,Not an Intersection,No fue interseccion,Sobre calle,Ninguna,Dia total,Despejado,No,NO APLICA,99,99,99,99,1,30/01/2022,3
12,Florida,121291,0,0,2,0,55,HIGHLANDS (55),1730,LAKE PLACID,1,Enero,29,2022,12,0,US-27,2,US Highway,Urbano,Arteria Principal,State Highway Agency,1,Sin jurisdiccion especial,99998,27.31811111,-81.36368056,Vehiculo en movimiento,Angulo,T-Intersection,Interseccion de T,Sobre calle,Ninguna,Dia total,Despejado,No,NO APLICA,99,99,99,99,1,29/01/2022,3
12,Florida,121292,1,1,1,0,86,MIAMI-DADE (86),0,NO APLICA,2,Febrero,1,2022,13,48,30TH AVENUE,6,Calle Local Municipalidad,Urbano,Local,Not Reported,0,Sin jurisdiccion especial,99998,25.80531389,-80.24417222,Ciclista,El primer evento no fue una colision con un vehiculo automotor en transporte,Four-Way Intersection,Interseccion de 4 direcciones,Sobre calle,Ninguna,Dia total,Despejado,No,NO APLICA,99,99,99,99,1,01/02/2022,1
12,Florida,121293,1,1,1,0,115,SARASOTA (115),2235,NORTH PORT,2,Febrero,3,2022,12,14,BISCAYNE DR,6,Calle Local Municipalidad,Urbano,Colector Mayor,Not Reported,0,Sin jurisdiccion especial,99998,27.04411111,-82.24783333,Peaton,El primer evento no fue una colision con un vehiculo automotor en transporte,Not an Intersection,No fue interseccion,Sobre calle,Ninguna,Dia total,Despejado,No,NO APLICA,99,99,99,99,1,03/02/2022,1