Estado,Nombre de Estado,Numero de Caso,Peatones,Personas _no_vehiculos,Vehiculos automotores,Vehiculos estacionados,Condado,Nombre Condado,Ciudad,Nombre Ciudad,Mes,Nombre Mes,Dia,Año,Hora,Minuto,Calle,Ruta,Nombre Ruta,Rural o Urbanoo,Sistema Funcional,Dueño Calle,Sistema Nacional Carreteras,Jurisdiccion Especial,Milla,Latitud,Longitud,Causa del Accidente,Tipo de Accidente,Tipo Interseccion,Columna1,Lugar en la calle,Zona de Trabajo,Luz,Clima,Autobus Escolar,Cruce de Trenes,Hora Notificacion,Minuto Notificacion,Hora Llegada,Minuto Llegada,Decesos,Fecha,PersonaVehiculo
12,Florida,121294,1,1,1,0,85,MARTIN (85),2900,STUART,2,Febrero,6,2022,18,32,US-1,2,US Highway,Urbano,Arteria Principal,State Highway Agency,1,Sin jurisdiccion especial,99998,27.15314444,-80.2192,Peaton,El primer evento no fue una colision con un vehiculo automotor en transporte,Not an Intersection,No fue interseccion,Sobre calle,Ninguna,Atardecer,Despejado,No,NO APLICA,99,99,99,99,1,06/02/2022,2
12,Florida,121295,0,0,1,0,86,MIAMI-DADE (86),0,NO APLICA,1,Enero,30,2022,15,32,BUSWAY,8,Otro,Urbano,Local,County Highway Agency,0,Sin jurisdiccion especial,99998,77.7777,777.7777,Alguien se cayo/avento del vehiculo,El primer evento no fue una colision con un vehiculo automotor en transporte,Not an Intersection,No fue interseccion,Sobre calle,Ninguna,Dia total,Despejado,No,NO APLICA,99,99,99,99,1,30/01/2022,1
12,Florida,121296,0,0,2,0,35,FLAGLER (35),410,BUNNELL,2,Febrero,12,2022,19,42,US-100,2,US Highway,Rural,Arteria Principal,State Highway Agency,1,Sin jurisdiccion especial,99998,29.48164167,-81.34641111,Vehiculo en movimiento,Frente a Detrás,Not an Intersection,No fue interseccion,Sobre calle,Ninguna,Oscuro con iluminacion,Despejado,No,NO APLICA,99,99,99,99,1,12/02/2022,2
12,Florida,121297,0,0,2,0,9,BREVARD (9),630,COCOA BEACH,2,Febrero,18,2022,19,5,SR-520 COCOA BEACH CSWY W,3,Highway estatal,Urbano,Arteria Principal,State Highway Agency,1,Sin jurisdiccion especial,99998,28.35771389,-80.62870278,Vehiculo en movimiento,Frente a Detrás,Not an Intersection,No fue interseccion,Sobre calle,Ninguna,Oscuro sin iluminacion,Despejado,No,NO APLICA,99,99,99,99,1,18/02/2022,5
12,Florida,121298,1,1,1,0,86,MIAMI-DADE (86),2010,MIAMI,2,Febrero,16,2022,20,36,CR-1,4,Calle del Condado,Urbano,Arteria Principal,State Highway Agency,1,Sin jurisdiccion especial,99998,25.78826944,-80.18914722,Peaton,El primer evento no fue una colision con un vehiculo automotor en transporte,Four-Way Intersection,Interseccion de 4 direcciones,Sobre calle,Ninguna,Oscuro con iluminacion,Nublado,No,NO APLICA,99,99,99,99,1,16/02/2022,1
12,Florida,121299,1,1,1,0,11,BROWARD (11),790,DEERFIELD BEACH,2,Febrero,22,2022,14,15,S MILITARY TRL,8,Otro,Urbano,Arteria Menor,City or Municipal Highway Agency,0,Sin jurisdiccion especial,99998,26.31561667,-80.12813611,Peaton,El primer evento no fue una colision con un vehiculo automotor en transporte,Not an Intersection,No fue interseccion,Sobre calle,Ninguna,Dia total,Nublado,No,NO APLICA,99,99,99,99,1,22/02/2022,1
12,Florida,121300,0,0,1,0,71,LEE (71),0,NO APLICA,2,Febrero,23,2022,15,55,ORANGE RIVER BLVD,8,Otro,Rural,Colector Mayor,County Highway Agency,0,Sin jurisdiccion especial,99998,26.67509722,-81.74257222,Volcadura,El primer evento no fue una colision con un vehiculo automotor en transporte,Not an Intersection,No fue interseccion,Sobre calle,Ninguna,Dia total,Despejado,No,NO APLICA,99,99,99,99,1,23/02/2022,1
12,Florida,121301,0,0,1,0,86,MIAMI-DADE (86),0,NO APLICA,2,Febrero,19,2022,11,24,SW 215TH ST,6,Calle Local Municipalidad,Urbano,Local,City or Municipal Highway Agency,0,Sin jurisdiccion especial,99998,25.56743056,-80.35239444,Barda,El primer evento no fue una colision con un vehiculo automotor en transporte,Not an Intersection,No fue interseccion,Fuera de la calle,Ninguna,Dia total,Despejado,No,NO APLICA,99,99,99,99,1,19/02/2022,2
12,Florida,121302,0,0,2,0,55,HIGHLANDS (55),130,AVON PARK,3,Marzo,1,2022,9,13,SR-25,3,Highway estatal,Urbano,Arteria Principal,State Highway Agency,1,Sin jurisdiccion especial,99998,27.6065,-81.51445,Vehiculo en movimiento,Angulo,Four-Way Intersection,Interseccion de 4 direcciones,Sobre calle,Ninguna,Dia total,Nublado,No,NO APLICA,99,99,99,99,1,01/03/2022,2
12,Florida,121303,1,1,1,0,11,BROWARD (11),3250,WILTON MANORS,3,Marzo,2,2022,7,3,SR-816 W OAKLAND PARK BLVD,3,Highway estatal,Urbano,Arteria Principal,State Highway Agency,1,Sin jurisdiccion especial,99998,26.16828056,-80.29851111,Peaton,El primer evento no fue una colision con un vehiculo automotor en transporte,Not an Intersection,No fue interseccion,Sobre calle,Ninguna,Amanecer,Nublado,No,NO APLICA,99,99,99,99,1,02/03/2022,1
12,Florida,121304,0,0,2,0,99,PALM BEACH (99),290,BOCA RATON,2,Febrero,16,2022,20,1,SR-A1A S OCEAN BLVD,3,Highway estatal,Urbano,Colector Mayor,State Highway Agency,0,Sin jurisdiccion especial,99998,26.33613333,-80.07360556,Vehiculo en movimiento,Angulo,T-Intersection,Interseccion de T,Sobre calle,Ninguna,Oscuro con iluminacion,lluvia,No,NO APLICA,99,99,99,99,1,16/02/2022,2
12,Florida,121305,0,0,2,0,5,BAY (5),2450,PANAMA CITY,3,Marzo,6,2022,17,10,US-98,2,US Highway,Urbano,Arteria Principal,State Highway Agency,1,Sin jurisdiccion especial,99998,30.18065278,-85.70698889,Vehiculo en movimiento,Frente a Detrás,Not an Intersection,No fue interseccion,Sobre calle,Ninguna,Atardecer,Despejado,No,NO APLICA,99,99,99,99,1,06/03/2022,2
12,Florida,121306,0,0,2,0,11,BROWARD (11),2916,SUNRISE,2,Febrero,28,2022,15,40,SR-817,3,Highway estatal,Urbano,Arteria Principal,State Highway Agency,1,Sin jurisdiccion especial,99998,26.15905556,-80.25738889,Vehiculo en movimiento,Angulo,Not an Intersection,No fue interseccion,Sobre calle,Ninguna,Dia total,Despejado,No,NO APLICA,99,99,99,99,1,28/02/2022,3
12,Florida,121307,0,0,2,0,11,BROWARD (11),1050,FORT LAUDERDALE,3,Marzo,8,2022,17,55,NW 31ST AVE,8,Otro,Urbano,Arteria Menor,County Highway Agency,0,Sin jurisdiccion especial,99998,26.12113333,-80.18624167,Soporte de  señalamiento de transito,El primer evento no fue una colision con un vehiculo automotor en transporte,Four-Way Intersection,Interseccion de 4 direcciones,Sobre el lado de la calle,Ninguna,Dia total,Despejado,No,NO APLICA,99,99,99,99,1,08/03/2022,3
12,Florida,121308,0,0,2,0,9,BREVARD (9),2670,ROCKLEDGE,3,Marzo,3,2022,18,14,CR-502 BARNES BLVD,4,Calle del Condado,Urbano,Arteria Principal,County Highway Agency,1,Sin jurisdiccion especial,99998,28.29535278,-80.72214444,Vehiculo en movimiento,Angulo,Four-Way Intersection,Interseccion de 4 direcciones,Sobre calle,Ninguna,Atardecer,Despejado,No,NO APLICA,99,99,99,99,1,03/03/2022,2
12,Florida,121309,1,1,1,0,86,MIAMI-DADE (86),2010,MIAMI,3,Marzo,10,2022,18,51,SR-9,3,Highway estatal,Urbano,Arteria Principal,State Highway Agency,1,Sin jurisdiccion especial,99998,25.7574,-80.2386,Peaton,El primer evento no fue una colision con un vehiculo automotor en transporte,Not an Intersection,No fue interseccion,Sobre calle,Ninguna,Dia total,Despejado,No,NO APLICA,99,99,99,99,1,10/03/2022,1
12,Florida,121310,1,1,1,0,86,MIAMI-DADE (86),2023,MIAMI GARDENS,3,Marzo,7,2022,8,10,NW 37TH AVE,8,Otro,Urbano,Arteria Menor,City or Municipal Highway Agency,0,Sin jurisdiccion especial,99998,25.96088056,-80.262225,Peaton,El primer evento no fue una colision con un vehiculo automotor en transporte,Not an Intersection,No fue interseccion,Sobre calle,Ninguna,Dia total,Despejado,No,NO APLICA,99,99,99,99,1,07/03/2022,1
12,Florida,121311,0,0,3,0,71,LEE (71),0,NO APLICA,3,Marzo,11,2022,12,43,SR-865,3,Highway estatal,Urbano,Arteria Menor,State Highway Agency,0,Sin jurisdiccion especial,99998,26.51589167,-81.94377778,Vehiculo en movimiento,Angulo,Four-Way Intersection,Interseccion de 4 direcciones,Sobre calle,Ninguna,Dia total,Despejado,No,NO APLICA,99,99,99,99,1,11/03/2022,3
12,Florida,121312,0,0,1,0,109,ST JOHNS (109),2690,SAINT AUGUSTINE,3,Marzo,19,2022,23,55,AVENIDA MENENDEZ,8,Otro,Urbano,Colector Mayor,County Highway Agency,0,Sin jurisdiccion especial,99998,29.88803056,-81.3096,Muro,El primer evento no fue una colision con un vehiculo automotor en transporte,Not an Intersection,No fue interseccion,Sobre el lado de la calle,Ninguna,Oscuro con iluminacion,Despejado,No,NO APLICA,99,99,99,99,1,19/03/2022,1
12,Florida,121313,0,0,1,0,105,POLK (105),0,NO APLICA,3,Marzo,15,2022,22,38,SR-655,3,Highway estatal,Urbano,Arteria Menor,State Highway Agency,0,Sin jurisdiccion especial,99998,28.03856111,-81.78424167,Culvert,El primer evento no fue una colision con un vehiculo automotor en transporte,Not an Intersection,No fue interseccion,Sobre el lado de la calle,Ninguna,Oscuro con iluminacion,Despejado,No,NO APLICA,99,99,99,99,1,15/03/2022,1
12,Florida,121314,0,0,3,0,127,VOLUSIA (127),2580,PORT ORANGE,3,Marzo,21,2022,14,45,YORKTOWNE BLVD,6,Calle Local Municipalidad,Urbano,Local,City or Municipal Highway Agency,0,Sin jurisdiccion especial,99998,29.11285,-81.0268,Vehiculo en movimiento,Frente a Detrás,Not an Intersection,No fue interseccion,Sobre calle,Ninguna,Dia total,Despejado,No,NO APLICA,99,99,99,99,1,21/03/2022,4
12,Florida,121315,0,0,2,0,95,ORANGE (95),2360,ORLANDO,3,Marzo,17,2022,22,41,SR-527,3,Highway estatal,Urbano,Arteria Principal,State Highway Agency,1,Sin jurisdiccion especial,99998,28.52024722,-81.37638611,Vehiculo en movimiento,Angulo,Four-Way Intersection,Interseccion de 4 direcciones,Sobre calle,Ninguna,Oscuro con iluminacion,Despejado,No,NO APLICA,99,99,99,99,1,17/03/2022,2
12,Florida,121316,1,1,2,0,86,MIAMI-DADE (86),2010,MIAMI,3,Marzo,20,2022,23,30,SR-9,3,Highway estatal,Urbano,Arteria Principal,State Highway Agency,1,Sin jurisdiccion especial,99998,25.79063889,-80.23964444,Vehiculo en movimiento,Frente a frente,Four-Way Intersection,Interseccion de 4 direcciones,Sobre calle,Ninguna,Oscuro con iluminacion,Despejado,No,NO APLICA,99,99,99,99,1,20/03/2022,2
12,Florida,121317,0,0,3,0,71,LEE (71),1070,FORT MYERS,3,Marzo,28,2022,20,33,SR-739 EVANS AVE,3,Highway estatal,Urbano,Arteria Principal,State Highway Agency,0,Sin jurisdiccion especial,99998,26.64088333,-81.86054167,Vehiculo en movimiento,Angulo,Four-Way Intersection,Interseccion de 4 direcciones,Sobre calle,Ninguna,Oscuro sin iluminacion,Despejado,No,NO APLICA,99,99,99,99,1,28/03/2022,5
12,Florida,121319,1,1,1,0,86,MIAMI-DADE (86),0,NO APLICA,3,Marzo,24,2022,14,44,NW 25TH AVE,8,Otro,Urbano,Local,County Highway Agency,0,Sin jurisdiccion especial,99998,25.83119444,-80.23928889,Peaton,El primer evento no fue una colision con un vehiculo automotor en transporte,Four-Way Intersection,Interseccion de 4 direcciones,Sobre calle,Ninguna,Dia total,Despejado,No,NO APLICA,99,99,99,99,1,24/03/2022,1
12,Florida,121320,1,1,1,0,57,HILLSBOROUGH (57),0,NO APLICA,3,Marzo,28,2022,7,39,CR-676A PROGRESS BLVD,4,Calle del Condado,Urbano,Arteria Menor,County Highway Agency,0,Sin jurisdiccion especial,99998,27.89832222,-82.35240556,Ciclista,El primer evento no fue una colision con un vehiculo automotor en transporte,Not an Intersection,No fue interseccion,Sobre calle,Ninguna,Amanecer,Despejado,No,NO APLICA,99,99,99,99,1,28/03/2022,1
12,Florida,121321,1,1,1,0,86,MIAMI-DADE (86),2330,OPA-LOCKA,4,Abril,4,2022,16,47,NW 139TH ST,6,Calle Local Municipalidad,Urbano,Local,City or Municipal Highway Agency,0,Sin jurisdiccion especial,99998,25.90123056,-80.24165556,Peaton,El primer evento no fue una colision con un vehiculo automotor en transporte,Not an Intersection,No fue interseccion,Sobre calle,Ninguna,Dia total,Despejado,No,NO APLICA,99,99,99,99,1,04/04/2022,1
12,Florida,121322,0,0,2,0,105,POLK (105),0,NO APLICA,4,Abril,6,2022,4,10,I-4,1,Interestatal,Urbano,Interestatal,State Highway Agency,1,Sin jurisdiccion especial,99998,28.1574,-81.82778889,Vehiculo en movimiento,Frente a Detrás,Not an Intersection,No fue interseccion,Sobre calle,Ninguna,Oscuro con iluminacion,Despejado,No,NO APLICA,99,99,99,99,1,06/04/2022,8
12,Florida,121323,1,1,1,0,83,MARION (83),2270,OCALA,4,Abril,6,2022,4,55,US-441 PINE AVE,2,US Highway,Urbano,Arteria Principal,State Highway Agency,1,Sin jurisdiccion especial,99998,29.18713889,-82.14056111,Ciclista,El primer evento no fue una colision con un vehiculo automotor en transporte,Four-Way Intersection,Interseccion de 4 direcciones,Sobre calle,Ninguna,Oscuro con iluminacion,Despejado,No,NO APLICA,99,99,99,99,1,06/04/2022,1
12,Florida,121324,0,0,2,0,11,BROWARD (11),771,DAVIE,4,Abril,14,2022,17,9,SR-823,3,Highway estatal,Urbano,Arteria Principal,State Highway Agency,1,Sin jurisdiccion especial,99998,26.0877,-80.31374167,Vehiculo en movimiento,Frente a frente,Four-Way Intersection,Interseccion de 4 direcciones,Sobre calle,Ninguna,Dia total,Despejado,No,NO APLICA,99,99,99,99,1,14/04/2022,3
12,Florida,121325,0,0,2,0,11,BROWARD (11),1280,HALLANDALE BEACH,4,Abril,18,2022,12,6,SR-858 E HALLANDALE BEACH BLVD,3,Highway estatal,Urbano,Arteria Principal,State Highway Agency,1,Sin jurisdiccion especial,99998,25.985925,-80.13791111,Vehiculo en movimiento,Frente a Detrás,Not an Intersection,No fue interseccion,Sobre calle,Ninguna,Dia total,Despejado,No,NO APLICA,99,99,99,99,1,18/04/2022,2
12,Florida,121326,1,1,1,0,11,BROWARD (11),1782,LAUDERHILL,4,Abril,21,2022,16,30,US-441,2,US Highway,Urbano,Arteria Principal,State Highway Agency,1,Sin jurisdiccion especial,99998,26.16135278,-80.20314444,Peaton,El primer evento no fue una colision con un vehiculo automotor en transporte,Not an Intersection,No fue interseccion,Sobre calle,Ninguna,Dia total,Despejado,No,NO APLICA,99,99,99,99,1,21/04/2022,1
12,Florida,121327,0,0,2,0,103,PINELLAS (103),2530,PINELLAS PARK,4,Abril,17,2022,14,46,CR-611 49TH ST,4,Calle del Condado,Urbano,Arteria Menor,County Highway Agency,0,Sin jurisdiccion especial,99998,27.85015278,-82.70019444,Vehiculo en movimiento,Angulo,Four-Way Intersection,Interseccion de 4 direcciones,Sobre calle,Ninguna,Dia total,Despejado,No,NO APLICA,99,99,99,99,1,17/04/2022,2
12,Florida,121328,1,1,2,0,86,MIAMI-DADE (86),0,NO APLICA,4,Abril,7,2022,22,49,152ND ST,6,Calle Local Municipalidad,Urbano,Arteria Principal,Not Reported,0,Sin jurisdiccion especial,99998,25.62690833,-80.394625,Peaton,El primer evento no fue una colision con un vehiculo automotor en transporte,Not an Intersection,No fue interseccion,Sobre calle,Ninguna,Oscuro con iluminacion,Despejado,No,NO APLICA,99,99,99,99,1,07/04/2022,1
12,Florida,121329,0,0,1,0,61,INDIAN RIVER (61),2790,SEBASTIAN,2,Febrero,2,2022,2,14,US-1,2,US Highway,Urbano,Arteria Principal,State Highway Agency,1,Sin jurisdiccion especial,99998,27.81831944,-80.46973889,Banqueta,El primer evento no fue una colision con un vehiculo automotor en transporte,Not an Intersection,No fue interseccion,Sobre el lado de la calle,"Zona de trabajo, tipo desconocido",Oscuro - iluminacion desconocida,Otro,No,NO APLICA,99,99,99,99,1,02/02/2022,1
12,Florida,121330,1,1,1,0,101,PASCO (101),0,NO APLICA,5,Mayo,22,2022,2,28,CR-54,4,Calle del Condado,Urbano,Arteria Menor,Not Reported,0,Sin jurisdiccion especial,99998,28.19907222,-82.39909167,Peaton,El primer evento no fue una colision con un vehiculo automotor en transporte,Not an Intersection,No fue interseccion,Sobre calle,Ninguna,Oscuro sin iluminacion,Nublado,No,NO APLICA,99,99,99,99,1,22/05/2022,1
12,Florida,121331,0,0,1,0,103,PINELLAS (103),2730,SAINT PETERSBURG,5,Mayo,22,2022,2,5,54TH AVE S,6,Calle Local Municipalidad,Urbano,Colector Mayor,City or Municipal Highway Agency,0,Sin jurisdiccion especial,99998,27.7195,-82.65686389,Banqueta,El primer evento no fue una colision con un vehiculo automotor en transporte,Not an Intersection,No fue interseccion,Sobre el lado de la calle,Ninguna,Oscuro sin iluminacion,Nublado,No,NO APLICA,99,99,99,99,1,22/05/2022,4
12,Florida,121332,1,1,1,0,11,BROWARD (11),771,DAVIE,5,Mayo,26,2022,5,35,SR-84 EB,3,Highway estatal,Urbano,Arteria Menor,State Highway Agency,0,Sin jurisdiccion especial,99998,26.10646667,-80.28209167,Ciclista,El primer evento no fue una colision con un vehiculo automotor en transporte,Four-Way Intersection,Interseccion de 4 direcciones,Sobre calle,Ninguna,Oscuro con iluminacion,Despejado,No,NO APLICA,99,99,99,99,1,26/05/2022,1
12,Florida,121333,0,0,2,0,57,HILLSBOROUGH (57),2950,TAMPA,5,Mayo,21,2022,0,14,SR-60 W KENNEDY BLVD,3,Highway estatal,Urbano,Arteria Principal,State Highway Agency,1,Sin jurisdiccion especial,99998,27.94481389,-82.49739722,Vehiculo en movimiento,Angulo,Four-Way Intersection,Interseccion de 4 direcciones,Sobre calle,Ninguna,Oscuro con iluminacion,Despejado,No,NO APLICA,99,99,99,99,1,21/05/2022,2
12,Florida,121334,0,0,2,0,111,ST LUCIE (111),2601,PORT SAINT LUCIE,5,Mayo,5,2022,15,24,MELALEUCA BLVD,6,Calle Local Municipalidad,Urbano,Arteria Menor,Not Reported,0,Sin jurisdiccion especial,99998,27.28200278,-80.26651944,Vehiculo en movimiento,Frente a Detrás,Four-Way Intersection,Interseccion de 4 direcciones,Sobre calle,Ninguna,Dia total,Despejado,No,NO APLICA,99,99,99,99,1,05/05/2022,2
12,Florida,121335,0,0,1,0,109,ST JOHNS (109),2690,SAINT AUGUSTINE,5,Mayo,25,2022,2,10,SR-16,3,Highway estatal,Urbano,Arteria Principal,State Highway Agency,1,Sin jurisdiccion especial,99998,29.91493056,-81.33420833,Poste de Señal de trafico,El primer evento no fue una colision con un vehiculo automotor en transporte,Not an Intersection,No fue interseccion,Sobre el lado de la calle,Ninguna,Oscuro con iluminacion,Despejado,No,NO APLICA,99,99,99,99,1,25/05/2022,1
12,Florida,121336,0,0,6,0,127,VOLUSIA (127),2190,NEW SMYRNA BEACH,5,Mayo,25,2022,15,20,SR-44,3,Highway estatal,Urbano,Arteria Principal,State Highway Agency,1,Sin jurisdiccion especial,99998,29.01318056,-80.964875,Vehiculo en movimiento,Frente a Detrás,Four-Way Intersection,Interseccion de 4 direcciones,Sobre calle,Ninguna,Dia total,Despejado,No,NO APLICA,99,99,99,99,1,25/05/2022,10
12,Florida,121337,0,0,2,0,69,LAKE (69),2970,TAVARES,5,Mayo,27,2022,13,51,DEAD RIVER RD,8,Otro,Urbano,Local,City or Municipal Highway Agency,0,Sin jurisdiccion especial,99998,28.79951389,-81.74447222,Vehiculo en movimiento,Frente a frente,Not an Intersection,No fue interseccion,Sobre calle,Ninguna,Dia total,lluvia,No,NO APLICA,99,99,99,99,1,27/05/2022,3
12,Florida,121338,0,0,1,0,33,ESCAMBIA (33),0,NO APLICA,5,Mayo,29,2022,16,0,CR-99A,4,Calle del Condado,Rural,Colector Menor,Not Reported,0,Sin jurisdiccion especial,99998,30.88591944,-87.50566111,Otro objeto (fijo),El primer evento no fue una colision con un vehiculo automotor en transporte,Not an Intersection,No fue interseccion,Sobre el lado de la calle,Ninguna,Dia total,lluvia,No,NO APLICA,99,99,99,99,1,29/05/2022,1
12,Florida,121339,1,1,1,0,31,DUVAL (31),1510,JACKSONVILLE,5,Mayo,15,2022,20,50,US-1,2,US Highway,Urbano,Arteria Principal,State Highway Agency,1,Sin jurisdiccion especial,99998,30.34531944,-81.63675,Peaton,El primer evento no fue una colision con un vehiculo automotor en transporte,Not an Intersection,No fue interseccion,Sobre calle,Ninguna,Oscuro con iluminacion,Despejado,No,NO APLICA,99,99,99,99,1,15/05/2022,1
12,Florida,121340,1,1,1,0,99,PALM BEACH (99),1750,LAKE WORTH,5,Mayo,28,2022,1,41,US-1,2,US Highway,Urbano,Arteria Menor,State Highway Agency,0,Sin jurisdiccion especial,99998,26.63470278,-80.05671111,Peaton,El primer evento no fue una colision con un vehiculo automotor en transporte,Not an Intersection,No fue interseccion,Sobre calle,Ninguna,Oscuro con iluminacion,Despejado,No,NO APLICA,99,99,99,99,1,28/05/2022,3
12,Florida,121341,0,0,3,0,69,LAKE (69),580,CLERMONT,5,Mayo,23,2022,9,13,SR-50,3,Highway estatal,Urbano,Arteria Principal,State Highway Agency,1,Sin jurisdiccion especial,99998,28.54929722,-81.74828333,Vehiculo en movimiento,Angulo,Not an Intersection,No fue interseccion,Sobre calle,Ninguna,Dia total,Despejado,No,NO APLICA,99,99,99,99,1,23/05/2022,3
12,Florida,121342,0,0,2,0,97,OSCEOLA (97),2700,SAINT CLOUD,5,Mayo,25,2022,12,32,MICHIGAN AVE,6,Calle Local Municipalidad,Urbano,Colector Menor,City or Municipal Highway Agency,0,Sin jurisdiccion especial,99998,28.22783889,-81.27665,Vehiculo en movimiento,Frente a frente,T-Intersection,Interseccion de T,Sobre calle,Ninguna,Dia total,Despejado,No,NO APLICA,99,99,99,99,1,25/05/2022,3
12,Florida,121343,1,1,1,0,11,BROWARD (11),1420,HOLLYWOOD,5,Mayo,18,2022,4,0,US-441,2,US Highway,Urbano,Arteria Principal,State Highway Agency,1,Sin jurisdiccion especial,99998,26.16143889,-80.20315,Peaton,El primer evento no fue una colision con un vehiculo automotor en transporte,Not an Intersection,No fue interseccion,Sobre el lado de la calle,Ninguna,Oscuro con iluminacion,Despejado,No,NO APLICA,99,99,99,99,1,18/05/2022,1
12,Florida,121344,0,0,2,0,11,BROWARD (11),2468,PEMBROKE PINES,5,Mayo,29,2022,1,37,SR-820,3,Highway estatal,Urbano,Arteria Principal,State Highway Agency,1,Sin jurisdiccion especial,99998,26.00868333,-80.26098333,Vehiculo en movimiento,Golpe Lateral - misma direccion,Not an Intersection,No fue interseccion,Sobre calle,Ninguna,Oscuro sin iluminacion,Nublado,No,NO APLICA,99,99,99,99,1,29/05/2022,2
12,Florida,121345,0,0,4,0,79,MADISON (79),0,NO APLICA,5,Mayo,26,2022,13,0,I-10,1,Interestatal,Rural,Interestatal,State Highway Agency,1,Sin jurisdiccion especial,99998,30.44515556,-83.71674167,Vehiculo en movimiento,Angulo,Not an Intersection,No fue interseccion,Sobre calle,Ninguna,Dia total,lluvia,No,NO APLICA,99,99,99,99,3,26/05/2022,9
12,Florida,121346,0,0,1,0,101,PASCO (101),0,NO APLICA,5,Mayo,5,2022,19,40,SR-54,3,Highway estatal,Urbano,Arteria Principal,State Highway Agency,1,Sin jurisdiccion especial,99998,28.19454167,-82.63902778,Banqueta,El primer evento no fue una colision con un vehiculo automotor en transporte,Not an Intersection,No fue interseccion,En el medio,Ninguna,Dia total,Despejado,No,NO APLICA,19,35,19,41,1,05/05/2022,2
12,Florida,121347,0,0,3,0,101,PASCO (101),0,NO APLICA,5,Mayo,13,2022,12,32,CR-54,4,Calle del Condado,Rural,Arteria Menor,State Highway Agency,0,Sin jurisdiccion especial,99998,28.25925,-82.11201111,Vehiculo en movimiento,Golpe Lateral - misma direccion,Not an Intersection,No fue interseccion,Sobre calle,Ninguna,Dia total,Nublado,No,NO APLICA,99,99,99,99,1,13/05/2022,5
12,Florida,121348,0,0,2,0,69,LAKE (69),0,NO APLICA,4,Abril,30,2022,20,45,OLD US HWY 441,9,Desconocido,Urbano,Colector Mayor,Not Reported,0,Sin jurisdiccion especial,99998,28.80541111,-81.68261944,Vehiculo en movimiento,Frente a Detrás,T-Intersection,Interseccion de T,Sobre calle,Ninguna,Oscuro sin iluminacion,Despejado,No,NO APLICA,99,99,99,99,1,30/04/2022,2
12,Florida,121349,0,0,1,0,83,MARION (83),0,NO APLICA,5,Mayo,28,2022,3,55,CR-484,4,Calle del Condado,Rural,Arteria Menor,Not Reported,0,Sin jurisdiccion especial,99998,29.05346944,-82.43576944,Barda,El primer evento no fue una colision con un vehiculo automotor en transporte,Not an Intersection,No fue interseccion,Fuera de la calle,Ninguna,Oscuro sin iluminacion,Neblina o Humo,No,NO APLICA,99,99,99,99,1,28/05/2022,2
12,Florida,121351,0,0,1,0,95,ORANGE (95),0,NO APLICA,5,Mayo,13,2022,23,5,CR-419,4,Calle del Condado,Urbano,Arteria Menor,Not Reported,0,Sin jurisdiccion especial,99998,28.57136667,-81.12587778,Arbol,El primer evento no fue una colision con un vehiculo automotor en transporte,Not an Intersection,No fue interseccion,Sobre el lado de la calle,Ninguna,Oscuro con iluminacion,Despejado,No,NO APLICA,99,99,99,99,1,13/05/2022,1
12,Florida,121352,0,0,2,0,123,TAYLOR (123),0,NO APLICA,5,Mayo,29,2022,19,28,CR-361,4,Calle del Condado,Rural,Colector Mayor,Not Reported,0,Sin jurisdiccion especial,99998,29.81615,-83.57811111,Vehiculo en movimiento,Angulo,T-Intersection,Interseccion de T,Sobre calle,Ninguna,Dia total,Despejado,No,NO APLICA,99,99,99,99,1,29/05/2022,6
12,Florida,121354,0,2,2,1,99,PALM BEACH (99),112,ATLANTIS,5,Mayo,22,2022,21,4,S CONGRESS AVE,8,Otro,Urbano,Arteria Principal,County Highway Agency,1,Sin jurisdiccion especial,99998,26.58958333,-80.09396667,Arbusto,El primer evento no fue una colision con un vehiculo automotor en transporte,Not an Intersection,No fue interseccion,Sobre el lado de la calle,Ninguna,Oscuro con iluminacion,Despejado,No,NO APLICA,99,99,99,99,1,22/05/2022,1
12,Florida,121355,0,0,1,0,11,BROWARD (11),1050,FORT LAUDERDALE,5,Mayo,26,2022,6,4,US-1,2,US Highway,Urbano,Arteria Principal,State Highway Agency,1,Sin jurisdiccion especial,99998,77.7777,777.7777,Arbol,El primer evento no fue una colision con un vehiculo automotor en transporte,Not an Intersection,No fue interseccion,Sobre el lado de la calle,Ninguna,Amanecer,Despejado,No,NO APLICA,99,99,99,99,1,26/05/2022,1
12,Florida,121356,0,0,3,0,69,LAKE (69),2970,TAVARES,5,Mayo,31,2022,10,18,DAVID WALKER DR,6,Calle Local Municipalidad,Urbano,Colector Mayor,Not Reported,0,Sin jurisdiccion especial,99998,28.81721111,-81.70569722,Vehiculo en movimiento,Angulo,Four-Way Intersection,Interseccion de 4 direcciones,Sobre calle,Ninguna,Dia total,Despejado,No,NO APLICA,99,99,99,99,1,31/05/2022,3
12,Florida,121357,0,0,2,0,103,PINELLAS (103),570,CLEARWATER,4,Abril,23,2022,23,29,SR-60,3,Highway estatal,Urbano,Arteria Principal,State Highway Agency,1,Sin jurisdiccion especial,99998,27.96043889,-82.74347222,Vehiculo en movimiento,Angulo,Not an Intersection,No fue interseccion,Sobre calle,Ninguna,Oscuro con iluminacion,Despejado,No,NO APLICA,99,99,99,99,1,23/04/2022,2
12,Florida,121358,0,0,2,0,86,MIAMI-DADE (86),0,NO APLICA,5,Mayo,13,2022,1,25,I-95 SOUTH,1,Interestatal,Urbano,Interestatal,State Highway Agency,1,Sin jurisdiccion especial,99998,25.88953889,-80.20916111,Vehiculo en movimiento,Frente a Detrás,Not an Intersection,No fue interseccion,Sobre calle,Ninguna,Oscuro con iluminacion,Despejado,No,NO APLICA,99,99,99,99,1,13/05/2022,2