Estado,Nombre de Estado,Numero de Caso,Peatones,Personas _no_vehiculos,Vehiculos automotores,Vehiculos estacionados,Condado,Nombre Condado,Ciudad,Nombre Ciudad,Mes,Nombre Mes,Dia,Año,Hora,Minuto,Calle,Ruta,Nombre Ruta,Rural o Urbanoo,Sistema Funcional,Dueño Calle,Sistema Nacional Carreteras,Jurisdiccion Especial,Milla,Latitud,Longitud,Causa del Accidente,Tipo de Accidente,Tipo Interseccion,Columna1,Lugar en la calle,Zona de Trabajo,Luz,Clima,Autobus Escolar,Cruce de Trenes,Hora Notificacion,Minuto Notificacion,Hora Llegada,Minuto Llegada,Decesos,Fecha,PersonaVehiculo
12,Florida,121359,0,0,1,0,71,LEE (71),0,NO APLICA,5,Mayo,25,2022,8,10,I-75,1,Interestatal,Urbano,Interestatal,State Highway Agency,1,Sin jurisdiccion especial,99998,26.66795833,-81.79954167,Poste,El primer evento no fue una colision con un vehiculo automotor en transporte,Not an Intersection,No fue interseccion,Sobre el lado de la calle,Ninguna,Dia total,Despejado,No,NO APLICA,99,99,99,99,1,25/05/2022,1
12,Florida,121360,0,0,1,0,73,LEON (73),0,NO APLICA,3,Marzo,19,2022,23,20,US-90,2,US Highway,Urbano,Arteria Menor,State Highway Agency,0,Sin jurisdiccion especial,99998,30.47318889,-84.19149444,Poste,El primer evento no fue una colision con un vehiculo automotor en transporte,T-Intersection,Interseccion de T,Sobre el lado de la calle,Ninguna,Oscuro sin iluminacion,Nublado,No,NO APLICA,99,99,99,99,1,19/03/2022,1
12,Florida,121361,1,1,1,0,103,PINELLAS (103),1770,LARGO,4,Abril,2,2022,12,11,8TH AVE,6,Calle Local Municipalidad,Urbano,Colector Mayor,City or Municipal Highway Agency,0,Sin jurisdiccion especial,99998,27.90945,-82.79963611,Ciclista,El primer evento no fue una colision con un vehiculo automotor en transporte,Not an Intersection,No fue interseccion,Sobre calle,Ninguna,Dia total,Nublado,No,NO APLICA,99,99,99,99,1,02/04/2022,2
12,Florida,121362,0,0,1,0,21,COLLIER (21),0,NO APLICA,4,Abril,4,2022,23,1,CR-862,4,Calle del Condado,Urbano,Colector Mayor,Not Reported,0,Sin jurisdiccion especial,99998,26.24411111,-81.73463056,Banqueta,El primer evento no fue una colision con un vehiculo automotor en transporte,Not an Intersection,No fue interseccion,En el medio,Ninguna,Oscuro con iluminacion,Despejado,No,NO APLICA,99,99,99,99,1,04/04/2022,1
12,Florida,121363,0,0,2,0,105,POLK (105),0,NO APLICA,4,Abril,1,2022,11,10,US-17,2,US Highway,Rural,Arteria Principal,State Highway Agency,1,Sin jurisdiccion especial,99998,27.66519444,-81.82279444,Vehiculo en movimiento,Angulo,Not an Intersection,No fue interseccion,Sobre calle,Ninguna,Dia total,lluvia,No,NO APLICA,99,99,99,99,1,01/04/2022,5
12,Florida,121364,0,0,3,0,9,BREVARD (9),3000,TITUSVILLE,5,Mayo,25,2022,10,53,SR-50,3,Highway estatal,Urbano,Arteria Menor,State Highway Agency,0,Sin jurisdiccion especial,99998,28.55691389,-80.84356111,Vehiculo en movimiento,Angulo,Four-Way Intersection,Interseccion de 4 direcciones,Sobre calle,Ninguna,Dia total,Despejado,No,NO APLICA,99,99,99,99,1,25/05/2022,3
12,Florida,121365,0,0,2,0,86,MIAMI-DADE (86),2010,MIAMI,5,Mayo,27,2022,22,28,22ND AVE,8,Otro,Urbano,Arteria Menor,City or Municipal Highway Agency,0,Sin jurisdiccion especial,99998,25.80373056,-80.23183611,Vehiculo en movimiento,Angulo,Four-Way Intersection,Interseccion de 4 direcciones,Sobre calle,Ninguna,Oscuro con iluminacion,Despejado,No,NO APLICA,99,99,99,99,1,27/05/2022,2
12,Florida,121366,0,0,2,0,11,BROWARD (11),2083,MIRAMAR,5,Mayo,22,2022,15,0,NEWPORT RD,6,Calle Local Municipalidad,Urbano,Arteria Principal,Not Reported,0,Sin jurisdiccion especial,99998,25.98115,-80.25713056,Vehiculo en movimiento,Angulo,T-Intersection,Interseccion de T,Sobre calle,Ninguna,Dia total,Despejado,No,NO APLICA,99,99,99,99,1,22/05/2022,2
12,Florida,121367,0,0,1,0,13,CALHOUN (13),0,NO APLICA,5,Mayo,20,2022,4,45,MELVIN NEW GRADE RD,9,Desconocido,Rural,Local,State Highway Agency,0,Sin jurisdiccion especial,99998,30.44910833,-85.28594722,Zanja,El primer evento no fue una colision con un vehiculo automotor en transporte,Not an Intersection,No fue interseccion,Sobre el lado de la calle,Ninguna,Oscuro sin iluminacion,Despejado,No,NO APLICA,99,99,99,99,1,20/05/2022,1
12,Florida,121369,0,0,2,0,86,MIAMI-DADE (86),1340,HIALEAH,5,Mayo,13,2022,5,10,SR-826,3,Highway estatal,Urbano,Arterial Principal -Freeway o ExpressWay,State Highway Agency,1,Sin jurisdiccion especial,99998,25.90035278,-80.32218611,Vehiculo en movimiento,Frente a frente,Not an Intersection,No fue interseccion,Sobre calle,Ninguna,Oscuro con iluminacion,Despejado,No,NO APLICA,5,25,5,45,1,13/05/2022,2
12,Florida,121370,0,0,2,0,35,FLAGLER (35),0,NO APLICA,5,Mayo,31,2022,16,17,SR-11,3,Highway estatal,Rural,Arteria Menor,State Highway Agency,0,Sin jurisdiccion especial,99998,29.34331111,-81.31096111,Vehiculo en movimiento,Angulo,Four-Way Intersection,Interseccion de 4 direcciones,Sobre calle,Ninguna,Dia total,Despejado,No,NO APLICA,99,99,99,99,1,31/05/2022,2
12,Florida,121371,2,2,1,0,31,DUVAL (31),1510,JACKSONVILLE,5,Mayo,27,2022,23,14,SR-111,3,Highway estatal,Urbano,Arteria Menor,State Highway Agency,0,Sin jurisdiccion especial,99998,30.374775,-81.71414167,Peaton,El primer evento no fue una colision con un vehiculo automotor en transporte,Four-Way Intersection,Interseccion de 4 direcciones,Sobre calle,Ninguna,Oscuro con iluminacion,Despejado,No,NO APLICA,99,99,99,99,1,27/05/2022,1
12,Florida,121372,0,0,1,0,33,ESCAMBIA (33),0,NO APLICA,5,Mayo,28,2022,22,45,SR-173,3,Highway estatal,Urbano,Arteria Menor,State Highway Agency,1,Sin jurisdiccion especial,99998,30.449325,-87.32719444,Arbol,El primer evento no fue una colision con un vehiculo automotor en transporte,T-Intersection,Interseccion de T,"Fuera de la calle, ubicacion desconocida",Ninguna,Oscuro sin iluminacion,Despejado,No,NO APLICA,99,99,99,99,1,28/05/2022,1
12,Florida,121373,0,0,1,0,81,MANATEE (81),0,NO APLICA,5,Mayo,25,2022,0,15,SR-70,3,Highway estatal,Rural,Arteria Principal,State Highway Agency,1,Sin jurisdiccion especial,99998,27.40143889,-82.31007222,Volcadura,El primer evento no fue una colision con un vehiculo automotor en transporte,Not an Intersection,No fue interseccion,"Fuera de la calle, ubicacion desconocida",Ninguna,Oscuro sin iluminacion,Nublado,No,NO APLICA,99,99,99,99,1,25/05/2022,1
12,Florida,121374,0,0,1,0,11,BROWARD (11),2083,MIRAMAR,5,Mayo,25,2022,23,4,SR-821 RAMP,3,Highway estatal,Urbano,Arterial Principal -Freeway o ExpressWay,State Highway Agency,0,Sin jurisdiccion especial,99998,25.97391667,-80.22900556,Volcadura,El primer evento no fue una colision con un vehiculo automotor en transporte,Not an Intersection,No fue interseccion,Sobre el lado de la calle,Ninguna,Oscuro con iluminacion,Despejado,No,NO APLICA,99,99,99,99,1,25/05/2022,1
12,Florida,121375,0,0,2,0,95,ORANGE (95),0,NO APLICA,4,Abril,9,2022,22,9,SR-50,3,Highway estatal,Urbano,Arteria Principal,State Highway Agency,1,Sin jurisdiccion especial,99998,28.56976111,-81.23228889,Vehiculo en movimiento,Angulo,Four-Way Intersection,Interseccion de 4 direcciones,Sobre calle,Ninguna,Oscuro con iluminacion,Despejado,No,NO APLICA,99,99,99,99,1,09/04/2022,2
12,Florida,121376,0,0,3,0,11,BROWARD (11),0,NO APLICA,5,Mayo,10,2022,16,15,US-27,2,US Highway,Rural,Arteria Principal,State Highway Agency,1,Sin jurisdiccion especial,99998,26.25195,-80.47356111,Vehiculo en movimiento,Angulo,Not an Intersection,No fue interseccion,Sobre calle,"Zona de trabajo, tipo desconocido",Dia total,Despejado,No,NO APLICA,99,99,99,99,1,10/05/2022,4
12,Florida,121377,0,0,2,0,119,SUMTER (119),0,NO APLICA,5,Mayo,19,2022,11,50,I-75,1,Interestatal,Rural,Interestatal,State Highway Agency,1,Sin jurisdiccion especial,99998,28.75872778,-82.09785833,Final Destination ( Vehiculo es golpeado por carga o otro objeto puesto en movimiento por otro vehiculo en movimiento),Otro,Not an Intersection,No fue interseccion,Sobre calle,Ninguna,Dia total,Despejado,No,NO APLICA,11,56,12,5,1,19/05/2022,2
12,Florida,121378,1,1,1,0,103,PINELLAS (103),2730,SAINT PETERSBURG,5,Mayo,16,2022,22,31,US-19,2,US Highway,Urbano,Arteria Principal,State Highway Agency,1,Sin jurisdiccion especial,99998,27.80156667,-82.67943611,Peaton,El primer evento no fue una colision con un vehiculo automotor en transporte,Not an Intersection,No fue interseccion,Sobre calle,Ninguna,Oscuro con iluminacion,Despejado,No,NO APLICA,99,99,99,99,1,16/05/2022,1
12,Florida,121379,1,1,1,0,103,PINELLAS (103),2730,SAINT PETERSBURG,5,Mayo,22,2022,2,53,US-19,2,US Highway,Urbano,Arteria Principal,State Highway Agency,1,Sin jurisdiccion especial,99998,27.80415,-82.67949722,No vehiculo o remolque,El primer evento no fue una colision con un vehiculo automotor en transporte,Not an Intersection,No fue interseccion,Sobre calle,Ninguna,Oscuro con iluminacion,Despejado,No,NO APLICA,99,99,99,99,1,22/05/2022,1
12,Florida,121380,0,0,1,0,57,HILLSBOROUGH (57),2950,TAMPA,3,Marzo,2,2022,2,0,SR-618,3,Highway estatal,Urbano,Arteria Principal,State Highway Agency,0,Sin jurisdiccion especial,99998,27.94364722,-82.45650556,Barrera de Trafico de Concreto,El primer evento no fue una colision con un vehiculo automotor en transporte,Not an Intersection,No fue interseccion,Sobre el lado de la calle,Ninguna,Oscuro con iluminacion,Despejado,No,NO APLICA,99,99,99,99,1,02/03/2022,1
12,Florida,121381,0,0,1,0,11,BROWARD (11),2916,SUNRISE,5,Mayo,11,2022,2,18,I-75,1,Interestatal,Urbano,Interestatal,State Highway Agency,1,Sin jurisdiccion especial,99998,26.11560278,-80.35098056,Poste o otros soportes,El primer evento no fue una colision con un vehiculo automotor en transporte,Not an Intersection,No fue interseccion,"Fuera de la calle, ubicacion desconocida",Ninguna,Oscuro con iluminacion,Despejado,No,NO APLICA,99,99,99,99,1,11/05/2022,1
12,Florida,121382,0,0,1,0,71,LEE (71),0,NO APLICA,5,Mayo,23,2022,16,59,HOMESTEAD RD S,8,Otro,Urbano,Arteria Menor,Not Reported,0,Sin jurisdiccion especial,99998,26.57856667,-81.62545833,Volcadura,El primer evento no fue una colision con un vehiculo automotor en transporte,Not an Intersection,No fue interseccion,Sobre el lado de la calle,Ninguna,Dia total,Despejado,No,NO APLICA,99,99,99,99,1,23/05/2022,1
12,Florida,121383,0,0,2,0,95,ORANGE (95),2360,ORLANDO,5,Mayo,28,2022,23,36,SR-423 JOHN YOUNG PKWY,3,Highway estatal,Urbano,Arteria Principal,State Highway Agency,0,Sin jurisdiccion especial,99998,28.58631111,-81.41658333,Vehiculo en movimiento,Golpe Lateral - misma direccion,Not an Intersection,No fue interseccion,Sobre calle,Ninguna,Oscuro con iluminacion,Despejado,No,NO APLICA,99,99,99,99,1,28/05/2022,2
12,Florida,121384,0,0,3,0,53,HERNANDO (53),0,NO APLICA,5,Mayo,19,2022,17,24,SR-50,3,Highway estatal,Rural,Arteria Menor,State Highway Agency,0,Sin jurisdiccion especial,99998,28.523325,-82.30310833,Vehiculo en movimiento,Frente a frente,Four-Way Intersection,Interseccion de 4 direcciones,Sobre calle,Ninguna,Dia total,Despejado,No,NO APLICA,99,99,99,99,1,19/05/2022,3
12,Florida,121385,1,1,1,0,101,PASCO (101),0,NO APLICA,5,Mayo,19,2022,22,21,SR-54,3,Highway estatal,Urbano,Arteria Principal,State Highway Agency,1,Sin jurisdiccion especial,99998,28.21711111,-82.70571944,Peaton,El primer evento no fue una colision con un vehiculo automotor en transporte,T-Intersection,Interseccion de T,Sobre calle,Ninguna,Oscuro sin iluminacion,Despejado,No,NO APLICA,99,99,99,99,1,19/05/2022,1
12,Florida,121386,0,0,1,0,127,VOLUSIA (127),2190,NEW SMYRNA BEACH,5,Mayo,8,2022,12,45,SR-44,3,Highway estatal,Urbano,Arteria Principal,State Highway Agency,1,Sin jurisdiccion especial,99998,29.01254444,-80.99863056,Volcadura,El primer evento no fue una colision con un vehiculo automotor en transporte,Not an Intersection,No fue interseccion,Sobre el lado de la calle,Ninguna,Dia total,Despejado,No,NO APLICA,99,99,99,99,1,08/05/2022,1
12,Florida,121387,0,0,1,0,86,MIAMI-DADE (86),0,NO APLICA,5,Mayo,21,2022,22,55,178TH ST,8,Otro,Urbano,Local,Not Reported,0,Sin jurisdiccion especial,99998,25.93506389,-80.32603889,Otro objeto (fijo),El primer evento no fue una colision con un vehiculo automotor en transporte,T-Intersection,Interseccion de T,Fuera de la calle,Ninguna,Oscuro sin iluminacion,Despejado,No,NO APLICA,99,99,99,99,1,21/05/2022,1
12,Florida,121388,1,1,1,0,86,MIAMI-DADE (86),0,NO APLICA,5,Mayo,23,2022,5,21,US-1,2,US Highway,Urbano,Arteria Principal,State Highway Agency,1,Sin jurisdiccion especial,99998,25.88130556,-80.16654167,Peaton,El primer evento no fue una colision con un vehiculo automotor en transporte,Not an Intersection,No fue interseccion,Sobre calle,Ninguna,Oscuro con iluminacion,Despejado,No,NO APLICA,99,99,99,99,1,23/05/2022,1
12,Florida,121389,0,0,2,0,127,VOLUSIA (127),810,DELAND,5,Mayo,26,2022,22,32,SR-15A,3,Highway estatal,Urbano,Arteria Principal,State Highway Agency,0,Sin jurisdiccion especial,99998,29.02073889,-81.32398889,Vehiculo en movimiento,Angulo,Four-Way Intersection,Interseccion de 4 direcciones,Sobre calle,Ninguna,Oscuro sin iluminacion,Despejado,No,NO APLICA,99,99,99,99,1,26/05/2022,3
12,Florida,121390,0,0,3,0,69,LAKE (69),0,NO APLICA,5,Mayo,16,2022,15,50,CR-44A,4,Calle del Condado,Urbano,Colector Mayor,Not Reported,0,Sin jurisdiccion especial,99998,28.872075,-81.63111944,Vehiculo en movimiento,Angulo,Not an Intersection,No fue interseccion,Sobre calle,Ninguna,Dia total,Despejado,No,NO APLICA,15,50,15,58,1,16/05/2022,4
12,Florida,121391,1,1,1,0,115,SARASOTA (115),0,NO APLICA,6,Junio,3,2022,20,37,US-41,2,US Highway,Urbano,Arteria Principal,State Highway Agency,1,Sin jurisdiccion especial,99998,27.26009444,-82.522925,Peaton,El primer evento no fue una colision con un vehiculo automotor en transporte,Four-Way Intersection,Interseccion de 4 direcciones,Sobre calle,Ninguna,Oscuro con iluminacion,Nublado,No,NO APLICA,99,99,99,99,1,03/06/2022,1
12,Florida,121392,2,2,1,0,86,MIAMI-DADE (86),2010,MIAMI,5,Mayo,25,2022,5,8,SR-934,3,Highway estatal,Urbano,Arteria Principal,State Highway Agency,0,Sin jurisdiccion especial,99998,25.84967222,-80.19066389,Banqueta,El primer evento no fue una colision con un vehiculo automotor en transporte,Not an Intersection,No fue interseccion,Sobre el lado de la calle,Ninguna,Oscuro con iluminacion,Nublado,No,NO APLICA,99,99,99,99,3,25/05/2022,3
12,Florida,121393,0,0,1,0,57,HILLSBOROUGH (57),355,BRANDON,5,Mayo,29,2022,11,36,DURANT RD,8,Otro,Urbano,Colector Menor,County Highway Agency,0,Sin jurisdiccion especial,99998,27.92244167,-82.26793056,Poste,El primer evento no fue una colision con un vehiculo automotor en transporte,Not an Intersection,No fue interseccion,Sobre el lado de la calle,Ninguna,Dia total,Despejado,No,NO APLICA,99,99,99,99,1,29/05/2022,1
12,Florida,121394,0,0,1,0,11,BROWARD (11),2570,POMPANO BEACH,5,Mayo,25,2022,13,21,I-95,1,Interestatal,Urbano,Interestatal,State Highway Agency,1,Sin jurisdiccion especial,99998,26.21997222,-80.13623611,Poste de Señal de trafico,El primer evento no fue una colision con un vehiculo automotor en transporte,Not an Intersection,No fue interseccion,Sobre el lado de la calle,Ninguna,Dia total,Despejado,No,NO APLICA,99,99,99,99,2,25/05/2022,2
12,Florida,121395,0,0,1,0,101,PASCO (101),0,NO APLICA,5,Mayo,30,2022,22,1,ESTANCIA BLVD,8,Otro,Rural,Local,Private (other than Railroad),0,Sin jurisdiccion especial,99998,28.21803333,-82.34109444,Banqueta,El primer evento no fue una colision con un vehiculo automotor en transporte,Not an Intersection,No fue interseccion,Sobre el lado de la calle,Ninguna,Oscuro con iluminacion,lluvia,No,NO APLICA,99,99,99,99,2,30/05/2022,2
12,Florida,121396,0,0,3,0,117,SEMINOLE (117),0,NO APLICA,5,Mayo,21,2022,22,15,I-4,1,Interestatal,Urbano,Interestatal,State Highway Agency,1,Sin jurisdiccion especial,99998,28.69603889,-81.38708056,Vehiculo en movimiento,Golpe Lateral - misma direccion,Not an Intersection,No fue interseccion,Sobre calle,Ninguna,Oscuro sin iluminacion,lluvia,No,NO APLICA,99,99,99,99,1,21/05/2022,5
12,Florida,121397,0,0,2,0,83,MARION (83),0,NO APLICA,5,Mayo,31,2022,11,50,SW RAINBOW LAKES BLVD,8,Otro,Rural,Local,Not Reported,0,Sin jurisdiccion especial,99998,29.14048889,-82.47055,Vehiculo en movimiento,Angulo,Four-Way Intersection,Interseccion de 4 direcciones,Sobre calle,Ninguna,Dia total,Despejado,No,NO APLICA,99,99,99,99,1,31/05/2022,4
12,Florida,121398,1,1,1,0,71,LEE (71),1070,FORT MYERS,6,Junio,4,2022,1,57,US-41,2,US Highway,Urbano,Arteria Principal,State Highway Agency,1,Sin jurisdiccion especial,99998,26.60974167,-81.87204167,Peaton,El primer evento no fue una colision con un vehiculo automotor en transporte,Four-Way Intersection,Interseccion de 4 direcciones,Sobre calle,Ninguna,Oscuro con iluminacion,lluvia,No,NO APLICA,99,99,99,99,1,04/06/2022,3
12,Florida,121399,0,0,1,0,86,MIAMI-DADE (86),0,NO APLICA,5,Mayo,25,2022,0,30,SR-94,3,Highway estatal,Urbano,Arteria Principal,State Highway Agency,1,Sin jurisdiccion especial,99998,25.68870556,-80.47694722,Fin de valla,El primer evento no fue una colision con un vehiculo automotor en transporte,Not an Intersection,No fue interseccion,Sobre el lado de la calle,Ninguna,Oscuro con iluminacion,Despejado,No,NO APLICA,99,99,99,99,1,25/05/2022,1
12,Florida,121400,0,0,1,0,86,MIAMI-DADE (86),0,NO APLICA,5,Mayo,27,2022,19,14,SR-821,3,Highway estatal,Urbano,Arterial Principal -Freeway o ExpressWay,State Highway Agency,1,Sin jurisdiccion especial,99998,25.45508056,-80.472775,Poste de Señal de trafico,El primer evento no fue una colision con un vehiculo automotor en transporte,Not an Intersection,No fue interseccion,En el medio,Ninguna,Atardecer,Despejado,No,NO APLICA,99,99,99,99,1,27/05/2022,1
12,Florida,121401,0,0,1,0,85,MARTIN (85),0,NO APLICA,6,Junio,1,2022,6,16,SR-76,3,Highway estatal,Rural,Arteria Menor,State Highway Agency,0,Sin jurisdiccion especial,99998,27.05921944,-80.30558056,Volcadura,El primer evento no fue una colision con un vehiculo automotor en transporte,Not an Intersection,No fue interseccion,Sobre el lado de la calle,Ninguna,Amanecer,Otro,No,NO APLICA,99,99,99,99,1,01/06/2022,1
12,Florida,121402,0,0,3,0,103,PINELLAS (103),0,NO APLICA,5,Mayo,18,2022,18,40,CR-611 49TH ST,4,Calle del Condado,Urbano,Arteria Menor,County Highway Agency,0,Sin jurisdiccion especial,99998,27.82471111,-82.70001944,Vehiculo en movimiento,Frente a frente,Four-Way Intersection,Interseccion de 4 direcciones,Sobre calle,Ninguna,Dia total,Despejado,No,NO APLICA,99,99,99,99,1,18/05/2022,4
12,Florida,121404,1,1,2,0,27,DE SOTO (27),80,ARCADIA,6,Junio,3,2022,16,30,SR-70,3,Highway estatal,Urbano,Arteria Principal,State Highway Agency,1,Sin jurisdiccion especial,99998,27.21389444,-81.85940278,Ciclista,El primer evento no fue una colision con un vehiculo automotor en transporte,Four-Way Intersection,Interseccion de 4 direcciones,Sobre calle,Ninguna,Dia total,lluvia,No,NO APLICA,99,99,99,99,1,03/06/2022,3
12,Florida,121405,1,1,1,0,86,MIAMI-DADE (86),0,NO APLICA,5,Mayo,28,2022,4,19,117TH AVE,8,Otro,Urbano,Arteria Menor,County Highway Agency,0,Sin jurisdiccion especial,99998,25.65640556,-80.38346389,Peaton,El primer evento no fue una colision con un vehiculo automotor en transporte,T-Intersection,Interseccion de T,Sobre calle,Ninguna,Oscuro con iluminacion,Despejado,No,NO APLICA,99,99,99,99,1,28/05/2022,1
12,Florida,121406,1,1,1,0,86,MIAMI-DADE (86),0,NO APLICA,5,Mayo,18,2022,5,26,SW 112TH AVE,8,Otro,Urbano,Colector Mayor,County Highway Agency,0,Sin jurisdiccion especial,99998,25.60248889,-80.37296667,Ciclista,El primer evento no fue una colision con un vehiculo automotor en transporte,Four-Way Intersection,Interseccion de 4 direcciones,Sobre calle,Ninguna,Amanecer,Despejado,No,NO APLICA,99,99,99,99,1,18/05/2022,1
12,Florida,121407,0,0,1,0,71,LEE (71),0,NO APLICA,6,Junio,5,2022,4,18,CYPRESS DR,8,Otro,Urbano,Local,County Highway Agency,0,Sin jurisdiccion especial,99998,26.56899444,-81.87532222,Alguien se cayo/avento del vehiculo,El primer evento no fue una colision con un vehiculo automotor en transporte,Not an Intersection,No fue interseccion,Sobre calle,Ninguna,Dia total,Despejado,No,NO APLICA,99,99,99,99,1,05/06/2022,2
12,Florida,121408,0,0,1,0,99,PALM BEACH (99),290,BOCA RATON,5,Mayo,25,2022,23,40,I-95,1,Interestatal,Urbano,Interestatal,State Highway Agency,1,Sin jurisdiccion especial,99998,26.39988056,-80.09018056,Valla Ferrocarril,El primer evento no fue una colision con un vehiculo automotor en transporte,Not an Intersection,No fue interseccion,Sobre el lado de la calle,Ninguna,Oscuro con iluminacion,Despejado,No,NO APLICA,99,99,99,99,1,25/05/2022,1
12,Florida,121409,0,0,1,0,95,ORANGE (95),0,NO APLICA,5,Mayo,21,2022,18,21,CR-431,6,Calle Local Municipalidad,Urbano,Colector Mayor,Not Reported,0,Sin jurisdiccion especial,99998,28.598425,-81.45143889,Barda,El primer evento no fue una colision con un vehiculo automotor en transporte,Not an Intersection,No fue interseccion,Sobre el lado de la calle,Ninguna,Dia total,Despejado,No,NO APLICA,99,99,99,99,1,21/05/2022,2
12,Florida,121410,0,0,5,0,83,MARION (83),0,NO APLICA,5,Mayo,24,2022,15,7,US-27,2,US Highway,Urbano,Arteria Principal,State Highway Agency,1,Sin jurisdiccion especial,99998,29.00755278,-82.00614167,Vehiculo en movimiento,Angulo,Four-Way Intersection,Interseccion de 4 direcciones,Sobre calle,Ninguna,Dia total,Despejado,No,NO APLICA,99,99,99,99,1,24/05/2022,13
12,Florida,121411,0,0,2,0,127,VOLUSIA (127),0,NO APLICA,6,Junio,3,2022,0,28,I-4,1,Interestatal,Urbano,Interestatal,State Highway Agency,1,Sin jurisdiccion especial,99998,28.90248889,-81.27433056,Vehiculo en movimiento,Frente a frente,Not an Intersection,No fue interseccion,Sobre calle,Ninguna,Oscuro sin iluminacion,Despejado,No,NO APLICA,99,99,99,99,1,03/06/2022,3
12,Florida,121412,0,0,1,0,83,MARION (83),0,NO APLICA,5,Mayo,27,2022,19,50,CR-314A,4,Calle del Condado,Rural,Colector Menor,County Highway Agency,0,Sin jurisdiccion especial,99998,29.20596111,-81.87874167,Arbol,El primer evento no fue una colision con un vehiculo automotor en transporte,Not an Intersection,No fue interseccion,Sobre el lado de la calle,Ninguna,Oscuro sin iluminacion,Nublado,No,NO APLICA,99,99,99,99,1,27/05/2022,1
12,Florida,121413,0,0,1,0,99,PALM BEACH (99),0,NO APLICA,5,Mayo,11,2022,11,52,CR-706,4,Calle del Condado,Urbano,Arteria Menor,County Highway Agency,0,Sin jurisdiccion especial,99998,26.94243889,-80.19795278,Alguien se cayo/avento del vehiculo,El primer evento no fue una colision con un vehiculo automotor en transporte,Not an Intersection,No fue interseccion,Sobre calle,Ninguna,Dia total,Despejado,No,NO APLICA,99,99,99,99,1,11/05/2022,5
12,Florida,121414,1,1,1,0,99,PALM BEACH (99),0,NO APLICA,5,Mayo,21,2022,12,9,CR-809,4,Calle del Condado,Urbano,Arteria Menor,State Highway Agency,0,Sin jurisdiccion especial,99998,26.41206389,-80.12171667,Peaton,El primer evento no fue una colision con un vehiculo automotor en transporte,T-Intersection,Interseccion de T,Sobre calle,Ninguna,Dia total,Despejado,No,NO APLICA,99,99,99,99,1,21/05/2022,1
12,Florida,121415,0,0,2,0,9,BREVARD (9),3000,TITUSVILLE,5,Mayo,30,2022,16,25,US-1,2,US Highway,Urbano,Arteria Principal,State Highway Agency,1,Sin jurisdiccion especial,99998,28.5508,-80.79598056,Vehiculo en movimiento,Frente a Detrás,Not an Intersection,No fue interseccion,Sobre calle,Ninguna,Dia total,Despejado,No,NO APLICA,99,99,99,99,1,30/05/2022,3
12,Florida,121416,0,0,1,0,69,LAKE (69),1820,LEESBURG,6,Junio,4,2022,18,20,US-27,2,US Highway,Urbano,Arteria Principal,State Highway Agency,1,Sin jurisdiccion especial,99998,28.77580278,-81.88716667,Banqueta,El primer evento no fue una colision con un vehiculo automotor en transporte,Not an Intersection,No fue interseccion,Sobre el lado de la calle,Ninguna,Dia total,Despejado,No,NO APLICA,99,99,99,99,1,04/06/2022,1
12,Florida,121417,1,1,1,0,11,BROWARD (11),1050,FORT LAUDERDALE,6,Junio,4,2022,22,8,US-1 S FEDERAL HWY,2,US Highway,Urbano,Arteria Menor,State Highway Agency,0,Sin jurisdiccion especial,99998,26.11135833,-80.13711667,Peaton,El primer evento no fue una colision con un vehiculo automotor en transporte,T-Intersection,Interseccion de T,Sobre calle,Ninguna,Oscuro con iluminacion,Nublado,No,NO APLICA,99,99,99,99,1,04/06/2022,1
12,Florida,121418,0,0,1,0,15,CHARLOTTE (15),0,NO APLICA,5,Mayo,28,2022,23,20,WILLIAMS DRIVE,8,Otro,Rural,Local,Not Reported,0,Sin jurisdiccion especial,99998,26.78305,-81.82596944,Volcadura,El primer evento no fue una colision con un vehiculo automotor en transporte,Not an Intersection,No fue interseccion,Sobre el lado de la calle,Ninguna,Oscuro sin iluminacion,Despejado,No,NO APLICA,99,99,99,99,1,28/05/2022,4
12,Florida,121420,0,0,3,0,86,MIAMI-DADE (86),0,NO APLICA,5,Mayo,11,2022,15,48,US-1,2,US Highway,Rural,Arteria Principal,State Highway Agency,1,Sin jurisdiccion especial,99998,25.38464444,-80.46548056,Vehiculo en movimiento,Frente a frente,Not an Intersection,No fue interseccion,Sobre calle,Ninguna,Dia total,Nublado,No,NO APLICA,99,99,99,99,2,11/05/2022,3
12,Florida,121423,0,0,2,0,86,MIAMI-DADE (86),2010,MIAMI,6,Junio,4,2022,23,40,NW 22ND AVE,6,Calle Local Municipalidad,Urbano,Local,Not Reported,0,Sin jurisdiccion especial,99998,25.78557778,-80.23134444,Vehiculo en movimiento,Frente a Detrás,Not an Intersection,No fue interseccion,Sobre calle,Ninguna,Oscuro con iluminacion,Despejado,No,NO APLICA,99,99,99,99,1,04/06/2022,5
12,Florida,121424,1,1,1,0,86,MIAMI-DADE (86),2010,MIAMI,4,Abril,29,2022,18,0,SR-944,3,Highway estatal,Urbano,Arteria Menor,State Highway Agency,0,Sin jurisdiccion especial,99998,25.82501667,-80.196,Peaton,El primer evento no fue una colision con un vehiculo automotor en transporte,Not an Intersection,No fue interseccion,Sobre calle,Ninguna,Dia total,Despejado,No,NO APLICA,99,99,99,99,1,29/04/2022,1