Estado,Nombre de Estado,Numero de Caso,Peatones,Personas _no_vehiculos,Vehiculos automotores,Vehiculos estacionados,Condado,Nombre Condado,Ciudad,Nombre Ciudad,Mes,Nombre Mes,Dia,Año,Hora,Minuto,Calle,Ruta,Nombre Ruta,Rural o Urbanoo,Sistema Funcional,Dueño Calle,Sistema Nacional Carreteras,Jurisdiccion Especial,Milla,Latitud,Longitud,Causa del Accidente,Tipo de Accidente,Tipo Interseccion,Columna1,Lugar en la calle,Zona de Trabajo,Luz,Clima,Autobus Escolar,Cruce de Trenes,Hora Notificacion,Minuto Notificacion,Hora Llegada,Minuto Llegada,Decesos,Fecha,PersonaVehiculo
12,Florida,121425,0,0,2,0,11,BROWARD (11),0,NO APLICA,5,Mayo,26,2022,15,20,US-27,2,US Highway,Rural,Arteria Principal,State Highway Agency,1,Sin jurisdiccion especial,99998,26.18035278,-80.44959167,Vehiculo en movimiento,Frente a Detrás,Not an Intersection,No fue interseccion,Sobre calle,"Zona de trabajo, tipo desconocido",Dia total,Despejado,No,NO APLICA,99,99,99,99,3,26/05/2022,5
12,Florida,121426,0,0,5,0,35,FLAGLER (35),2439,PALM COAST,5,Mayo,24,2022,21,39,I-95,1,Interestatal,Rural,Interestatal,State Highway Agency,1,Sin jurisdiccion especial,99998,29.64036944,-81.27008056,Volcadura,El primer evento no fue una colision con un vehiculo automotor en transporte,Not an Intersection,No fue interseccion,Sobre calle,Ninguna,Oscuro sin iluminacion,Despejado,No,NO APLICA,99,99,99,99,2,24/05/2022,6
12,Florida,121427,0,0,2,0,83,MARION (83),0,NO APLICA,6,Junio,3,2022,13,40,US-301,2,US Highway,Rural,Arteria Principal,State Highway Agency,1,Sin jurisdiccion especial,99998,29.33445556,-82.15175556,Vehiculo en movimiento,Angulo,Not an Intersection,No fue interseccion,Sobre calle,Ninguna,Dia total,Nublado,No,NO APLICA,99,99,99,99,1,03/06/2022,2
12,Florida,121428,0,0,1,0,86,MIAMI-DADE (86),2010,MIAMI,5,Mayo,27,2022,11,35,SR-821 EXIT RAMP,3,Highway estatal,Urbano,Arterial Principal -Freeway o ExpressWay,State Highway Agency,1,Sin jurisdiccion especial,99998,25.76240556,-80.38606944,Volcadura,El primer evento no fue una colision con un vehiculo automotor en transporte,Not an Intersection,No fue interseccion,Sobre el lado de la calle,Ninguna,Dia total,Despejado,No,NO APLICA,99,99,99,99,1,27/05/2022,2
12,Florida,121429,1,1,1,0,31,DUVAL (31),1510,JACKSONVILLE,6,Junio,7,2022,21,45,US-1,2,US Highway,Urbano,Arteria Principal,State Highway Agency,1,Sin jurisdiccion especial,99998,30.41604167,-81.749725,Peaton,El primer evento no fue una colision con un vehiculo automotor en transporte,Four-Way Intersection,Interseccion de 4 direcciones,Sobre calle,Ninguna,Oscuro con iluminacion,Despejado,No,NO APLICA,99,99,99,99,1,07/06/2022,2
12,Florida,121430,0,0,1,0,11,BROWARD (11),2083,MIRAMAR,5,Mayo,27,2022,18,0,SR-821,3,Highway estatal,Urbano,Arterial Principal -Freeway o ExpressWay,State Highway Agency,0,Sin jurisdiccion especial,99998,25.97293889,-80.24866667,Valla Ferrocarril,El primer evento no fue una colision con un vehiculo automotor en transporte,Not an Intersection,No fue interseccion,Sobre el lado de la calle,Ninguna,Dia total,Despejado,No,NO APLICA,99,99,99,99,1,27/05/2022,1
12,Florida,121431,1,1,1,0,117,SEMINOLE (117),0,NO APLICA,6,Junio,1,2022,20,15,EAGLE CIR,8,Otro,Urbano,Local,County Highway Agency,0,Sin jurisdiccion especial,99998,28.66392778,-81.29446111,Peaton,El primer evento no fue una colision con un vehiculo automotor en transporte,Not an Intersection,No fue interseccion,Sobre calle,Ninguna,Atardecer,Despejado,No,NO APLICA,99,99,99,99,1,01/06/2022,1
12,Florida,121432,0,0,2,0,86,MIAMI-DADE (86),0,NO APLICA,5,Mayo,28,2022,23,15,SR-836,3,Highway estatal,Urbano,Arterial Principal -Freeway o ExpressWay,State Highway Agency,1,Sin jurisdiccion especial,99998,25.78162222,-80.35068889,Vehiculo en movimiento,Frente a Detrás,Not an Intersection,No fue interseccion,Sobre calle,Ninguna,Oscuro con iluminacion,Despejado,No,NO APLICA,99,99,99,99,3,28/05/2022,6
12,Florida,121433,1,1,1,0,21,COLLIER (21),0,NO APLICA,6,Junio,6,2022,10,50,US-41,2,US Highway,Urbano,Arteria Principal,State Highway Agency,1,Sin jurisdiccion especial,99998,26.03455556,-81.65471389,Ciclista,El primer evento no fue una colision con un vehiculo automotor en transporte,Four-Way Intersection,Interseccion de 4 direcciones,Sobre calle,Ninguna,Dia total,Nublado,No,NO APLICA,99,99,99,99,1,06/06/2022,1
12,Florida,121434,0,0,1,0,21,COLLIER (21),0,NO APLICA,5,Mayo,27,2022,22,50,CR-858,4,Calle del Condado,Rural,Colector Menor,Not Reported,0,Sin jurisdiccion especial,99998,26.31142778,-81.27010833,Arbol,El primer evento no fue una colision con un vehiculo automotor en transporte,T-Intersection,Interseccion de T,Fuera de la calle,Ninguna,Oscuro sin iluminacion,Nublado,No,NO APLICA,99,99,99,99,2,27/05/2022,2
12,Florida,121435,0,0,2,0,97,OSCEOLA (97),0,NO APLICA,6,Junio,5,2022,16,15,US-192,2,US Highway,Rural,Arteria Principal,State Highway Agency,1,Sin jurisdiccion especial,99998,28.19181389,-81.15467222,Vehiculo en movimiento,Frente a Detrás,T-Intersection,Interseccion de T,Sobre calle,Ninguna,Dia total,Despejado,No,NO APLICA,99,99,99,99,2,05/06/2022,4
12,Florida,121436,1,1,1,0,86,MIAMI-DADE (86),2220,NORTH MIAMI,6,Junio,3,2022,0,55,SR-916,3,Highway estatal,Urbano,Arteria Menor,State Highway Agency,0,Sin jurisdiccion especial,99998,25.89978056,-80.17709722,Peaton,El primer evento no fue una colision con un vehiculo automotor en transporte,Not an Intersection,No fue interseccion,Sobre calle,Ninguna,Oscuro sin iluminacion,Nublado,No,NO APLICA,99,99,99,99,1,03/06/2022,1
12,Florida,121437,0,0,1,0,31,DUVAL (31),1510,JACKSONVILLE,5,Mayo,20,2022,13,40,SR-228,3,Highway estatal,Urbano,Arterial Principal -Freeway o ExpressWay,State Highway Agency,1,Sin jurisdiccion especial,99998,30.29697222,-81.60025,Acotamiento,El primer evento no fue una colision con un vehiculo automotor en transporte,Not an Intersection,No fue interseccion,Sobre el lado de la calle,Ninguna,Dia total,Despejado,No,NO APLICA,99,99,99,99,1,20/05/2022,1
12,Florida,121438,0,0,2,0,9,BREVARD (9),1990,MELBOURNE,6,Junio,7,2022,11,8,HIBISCUS BLVD,8,Otro,Urbano,Arteria Menor,City or Municipal Highway Agency,0,Sin jurisdiccion especial,99998,28.08515278,-80.61485556,Vehiculo en movimiento,Angulo,Four-Way Intersection,Interseccion de 4 direcciones,Sobre calle,Ninguna,Dia total,Despejado,No,NO APLICA,99,99,99,99,1,07/06/2022,2
12,Florida,121440,1,1,1,0,127,VOLUSIA (127),780,DAYTONA BEACH,6,Junio,2,2022,22,45,SR-5A,3,Highway estatal,Urbano,Arteria Principal,State Highway Agency,1,Sin jurisdiccion especial,99998,29.18952778,-81.03194167,Peaton,El primer evento no fue una colision con un vehiculo automotor en transporte,Four-Way Intersection,Interseccion de 4 direcciones,Sobre calle,Ninguna,Oscuro con iluminacion,Despejado,No,NO APLICA,99,99,99,99,1,02/06/2022,1
12,Florida,121441,1,1,1,0,31,DUVAL (31),1510,JACKSONVILLE,6,Junio,10,2022,14,4,MERRILL RD,8,Otro,Urbano,Arteria Menor,City or Municipal Highway Agency,0,Sin jurisdiccion especial,99998,30.351775,-81.59361944,Peaton,El primer evento no fue una colision con un vehiculo automotor en transporte,Four-Way Intersection,Interseccion de 4 direcciones,Sobre calle,Ninguna,Dia total,Despejado,No,NO APLICA,99,99,99,99,1,10/06/2022,1
12,Florida,121442,0,0,1,0,109,ST JOHNS (109),2690,SAINT AUGUSTINE,6,Junio,11,2022,1,10,AGRICULTURAL DR,9,Desconocido,Rural,Local,Not Reported,0,Sin jurisdiccion especial,99998,29.91844167,-81.416625,Zanja,El primer evento no fue una colision con un vehiculo automotor en transporte,T-Intersection,Interseccion de T,Sobre el lado de la calle,Ninguna,Oscuro sin iluminacion,Despejado,No,NO APLICA,99,99,99,99,1,11/06/2022,2
12,Florida,121443,0,0,3,0,91,OKALOOSA (91),0,NO APLICA,5,Mayo,23,2022,15,0,US-90,2,US Highway,Rural,Arteria Menor,State Highway Agency,0,Sin jurisdiccion especial,99998,30.74943056,-86.42533889,Vehiculo en movimiento,Frente a frente,Not an Intersection,No fue interseccion,Sobre calle,Ninguna,Dia total,Nublado,No,NO APLICA,99,99,99,99,1,23/05/2022,3
12,Florida,121444,0,0,3,0,105,POLK (105),770,DAVENPORT,5,Mayo,27,2022,15,10,DAVENPORT BLVD,8,Otro,Urbano,Local,Not Reported,0,Sin jurisdiccion especial,99998,27.89941111,-81.83490833,Vehiculo en movimiento,Angulo,T-Intersection,Interseccion de T,Sobre calle,Ninguna,Dia total,Despejado,No,NO APLICA,99,99,99,99,1,27/05/2022,4
12,Florida,121445,1,1,1,0,95,ORANGE (95),2360,ORLANDO,5,Mayo,24,2022,21,21,SR-552 CURRY FORD RD,3,Highway estatal,Urbano,Arteria Menor,State Highway Agency,0,Sin jurisdiccion especial,99998,28.52193333,-81.30619167,Peaton,El primer evento no fue una colision con un vehiculo automotor en transporte,T-Intersection,Interseccion de T,Sobre calle,Ninguna,Oscuro con iluminacion,Despejado,No,NO APLICA,99,99,99,99,1,24/05/2022,1
12,Florida,121446,0,0,2,0,95,ORANGE (95),0,NO APLICA,5,Mayo,23,2022,17,20,CLARCONA OCOEE ROAD,6,Calle Local Municipalidad,Urbano,Arteria Menor,Not Reported,0,Sin jurisdiccion especial,99998,28.61265833,-81.43398611,Banqueta,El primer evento no fue una colision con un vehiculo automotor en transporte,Not an Intersection,No fue interseccion,En el medio,Ninguna,Dia total,Despejado,No,NO APLICA,99,99,99,99,1,23/05/2022,4
12,Florida,121448,0,0,2,0,35,FLAGLER (35),2439,PALM COAST,6,Junio,8,2022,19,6,US-1,2,US Highway,Urbano,Arteria Principal,State Highway Agency,1,Sin jurisdiccion especial,99998,29.52261944,-81.26271111,Vehiculo en movimiento,Angulo,T-Intersection,Interseccion de T,Sobre calle,Ninguna,Atardecer,Despejado,No,NO APLICA,99,99,99,99,1,08/06/2022,4
12,Florida,121449,0,0,2,0,95,ORANGE (95),0,NO APLICA,4,Abril,17,2022,3,23,CR-424,4,Calle del Condado,Urbano,Colector Mayor,Not Reported,0,Sin jurisdiccion especial,99998,28.62555,-81.44395,Vehiculo en movimiento,Golpe Lateral - misma direccion,Four-Way Intersection,Interseccion de 4 direcciones,Sobre calle,Ninguna,Oscuro con iluminacion,Despejado,No,NO APLICA,99,99,99,99,1,17/04/2022,4
12,Florida,121451,0,2,2,1,31,DUVAL (31),1510,JACKSONVILLE,6,Junio,5,2022,16,2,I-95,1,Interestatal,Urbano,Interestatal,State Highway Agency,1,Sin jurisdiccion especial,99998,30.26004444,-81.60509444,Vehiculo Aparcado,El primer evento no fue una colision con un vehiculo automotor en transporte,Not an Intersection,No fue interseccion,Sobre el lado de la calle,Ninguna,Dia total,Nublado,No,NO APLICA,99,99,99,99,1,05/06/2022,1
12,Florida,121452,1,1,3,2,59,HOLMES (59),0,NO APLICA,6,Junio,3,2022,19,45,I-10,1,Interestatal,Rural,Interestatal,State Highway Agency,1,Sin jurisdiccion especial,99998,30.75976944,-85.73248889,Peaton,El primer evento no fue una colision con un vehiculo automotor en transporte,Not an Intersection,No fue interseccion,Sobre Acotamiento,Ninguna,Oscuro sin iluminacion,Nublado,No,NO APLICA,99,99,99,99,1,03/06/2022,1
12,Florida,121453,1,1,1,0,31,DUVAL (31),1510,JACKSONVILLE,6,Junio,5,2022,4,48,SR-21,3,Highway estatal,Urbano,Arteria Principal,State Highway Agency,1,Sin jurisdiccion especial,99998,30.22623889,-81.73801944,Peaton,El primer evento no fue una colision con un vehiculo automotor en transporte,Not an Intersection,No fue interseccion,Sobre calle,Ninguna,Oscuro con iluminacion,Nublado,No,NO APLICA,99,99,99,99,1,05/06/2022,1
12,Florida,121454,1,1,1,0,31,DUVAL (31),1510,JACKSONVILLE,6,Junio,5,2022,6,5,I-10,1,Interestatal,Urbano,Interestatal,State Highway Agency,1,Sin jurisdiccion especial,99998,30.28866667,-81.98896111,Peaton,El primer evento no fue una colision con un vehiculo automotor en transporte,Not an Intersection,No fue interseccion,Sobre calle,"Zona de trabajo, tipo desconocido",Amanecer,Despejado,No,NO APLICA,99,99,99,99,1,05/06/2022,1
12,Florida,121455,0,0,2,0,99,PALM BEACH (99),0,NO APLICA,6,Junio,4,2022,19,44,200TH TRL N,8,Otro,Rural,Local,Not Reported,0,Sin jurisdiccion especial,99998,26.75309167,-80.36147222,Volcadura,El primer evento no fue una colision con un vehiculo automotor en transporte,Not an Intersection,No fue interseccion,Sobre calle,Ninguna,Dia total,Despejado,No,NO APLICA,99,99,99,99,1,04/06/2022,3
12,Florida,121456,1,1,1,0,99,PALM BEACH (99),0,NO APLICA,6,Junio,5,2022,17,23,CR-807,4,Calle del Condado,Urbano,Arteria Principal,State Highway Agency,0,Sin jurisdiccion especial,99998,26.60688889,-80.08928611,Ciclista,El primer evento no fue una colision con un vehiculo automotor en transporte,Not an Intersection,No fue interseccion,Sobre calle,Ninguna,Dia total,Despejado,No,NO APLICA,99,99,99,99,1,05/06/2022,1
12,Florida,121457,0,0,1,0,99,PALM BEACH (99),0,NO APLICA,6,Junio,10,2022,0,35,CR-JOG RD N,4,Calle del Condado,Urbano,Arteria Menor,Not Reported,0,Sin jurisdiccion especial,99998,26.88181944,-80.14420278,Banqueta,El primer evento no fue una colision con un vehiculo automotor en transporte,Traffic Circle,Circulo de Trafico,Sobre el lado de la calle,Ninguna,Oscuro con iluminacion,Despejado,No,NO APLICA,99,99,99,99,1,10/06/2022,1
12,Florida,121458,0,0,1,0,95,ORANGE (95),2360,ORLANDO,6,Junio,6,2022,9,56,SR-408 RAMP,3,Highway estatal,Urbano,Arterial Principal -Freeway o ExpressWay,State Highway Agency,1,Sin jurisdiccion especial,99998,28.53529167,-81.38374444,Barrera de Trafico de Concreto,El primer evento no fue una colision con un vehiculo automotor en transporte,Not an Intersection,No fue interseccion,Sobre el lado de la calle,Ninguna,Dia total,Despejado,No,NO APLICA,99,99,99,99,1,06/06/2022,1
12,Florida,121460,0,0,2,0,73,LEON (73),2940,TALLAHASSEE,6,Junio,8,2022,1,16,SR-263 CAPITAL CIR NW,3,Highway estatal,Urbano,Arteria Principal,State Highway Agency,1,Sin jurisdiccion especial,99998,30.47059722,-84.3614,Vehiculo en movimiento,Frente a frente,Not an Intersection,No fue interseccion,Sobre calle,Ninguna,Oscuro con iluminacion,Despejado,No,NO APLICA,99,99,99,99,1,08/06/2022,2
12,Florida,121461,0,0,1,0,81,MANATEE (81),0,NO APLICA,6,Junio,9,2022,5,10,US-19,2,US Highway,Rural,Arteria Principal,State Highway Agency,1,Sin jurisdiccion especial,99998,27.57420556,-82.57494444,Zanja,El primer evento no fue una colision con un vehiculo automotor en transporte,Not an Intersection,No fue interseccion,Sobre el lado de la calle,Ninguna,Oscuro sin iluminacion,Nublado,No,NO APLICA,99,99,99,99,1,09/06/2022,1
12,Florida,121462,1,1,2,0,81,MANATEE (81),0,NO APLICA,5,Mayo,27,2022,0,30,US-301,2,US Highway,Urbano,Arteria Principal,State Highway Agency,1,Sin jurisdiccion especial,99998,27.52951667,-82.50782778,Peaton,El primer evento no fue una colision con un vehiculo automotor en transporte,Not an Intersection,No fue interseccion,Sobre calle,Ninguna,Oscuro sin iluminacion,Despejado,No,NO APLICA,99,99,99,99,1,27/05/2022,2
12,Florida,121463,0,0,1,0,119,SUMTER (119),0,NO APLICA,5,Mayo,29,2022,3,22,CR-209,4,Calle del Condado,Rural,Local,County Highway Agency,0,Sin jurisdiccion especial,99998,28.94606111,-82.05363056,Volcadura,El primer evento no fue una colision con un vehiculo automotor en transporte,Not an Intersection,No fue interseccion,Sobre calle,Ninguna,Oscuro sin iluminacion,Despejado,No,NO APLICA,3,24,3,31,2,29/05/2022,2
12,Florida,121464,0,0,2,0,95,ORANGE (95),0,NO APLICA,6,Junio,5,2022,2,21,SR-417,3,Highway estatal,Urbano,Arterial Principal -Freeway o ExpressWay,State Highway Agency,1,Sin jurisdiccion especial,99998,28.36763056,-81.33485,Vehiculo en movimiento,Frente a Detrás,Not an Intersection,No fue interseccion,Sobre calle,Ninguna,Oscuro sin iluminacion,Despejado,No,NO APLICA,99,99,99,99,1,05/06/2022,2
12,Florida,121465,0,0,2,0,33,ESCAMBIA (33),0,NO APLICA,6,Junio,13,2022,16,36,SR-292,3,Highway estatal,Urbano,Arteria Principal,State Highway Agency,1,Sin jurisdiccion especial,99998,30.35001944,-87.38851389,Vehiculo en movimiento,Frente a frente,Not an Intersection,No fue interseccion,Sobre calle,Ninguna,Dia total,Despejado,No,NO APLICA,99,99,99,99,1,13/06/2022,3
12,Florida,121466,1,1,1,0,103,PINELLAS (103),2730,SAINT PETERSBURG,6,Junio,12,2022,21,5,US-19,2,US Highway,Urbano,Arteria Principal,State Highway Agency,1,Sin jurisdiccion especial,99998,27.72618056,-82.67934167,Peaton,El primer evento no fue una colision con un vehiculo automotor en transporte,Not an Intersection,No fue interseccion,Sobre calle,Ninguna,Oscuro con iluminacion,Despejado,No,NO APLICA,99,99,99,99,1,12/06/2022,1
12,Florida,121467,0,0,1,0,119,SUMTER (119),0,NO APLICA,5,Mayo,22,2022,4,7,OAK BEND PL,8,Otro,Urbano,Local,Private (other than Railroad),0,Sin jurisdiccion especial,99998,28.924425,-82.0105,Alguien se cayo/avento del vehiculo,El primer evento no fue una colision con un vehiculo automotor en transporte,Not an Intersection,No fue interseccion,Sobre calle,Ninguna,Oscuro sin iluminacion,Nublado,No,NO APLICA,99,99,99,99,1,22/05/2022,1
12,Florida,121468,0,0,1,0,9,BREVARD (9),0,NO APLICA,6,Junio,11,2022,11,0,ALTON TERR,8,Otro,Urbano,Local,County Highway Agency,0,Sin jurisdiccion especial,99998,28.47029167,-80.78848889,Volcadura,El primer evento no fue una colision con un vehiculo automotor en transporte,Not an Intersection,No fue interseccion,Sobre calle,Ninguna,Dia total,Nublado,No,NO APLICA,99,99,99,99,1,11/06/2022,1
12,Florida,121469,0,0,2,0,73,LEON (73),0,NO APLICA,6,Junio,9,2022,10,0,SR-20 BLOUNTSTOWN HWY,3,Highway estatal,Rural,Arteria Principal,State Highway Agency,1,Sin jurisdiccion especial,99998,30.39045556,-84.625175,Vehiculo en movimiento,Frente a frente,Not an Intersection,No fue interseccion,Sobre calle,Ninguna,Dia total,Despejado,No,NO APLICA,99,99,99,99,1,09/06/2022,2
12,Florida,121470,0,0,2,0,115,SARASOTA (115),2780,SARASOTA,5,Mayo,23,2022,16,51,US-41 N TAMIAMI TRL,2,US Highway,Urbano,Arteria Principal,State Highway Agency,1,Sin jurisdiccion especial,99998,27.38208889,-82.55682222,Vehiculo en movimiento,Frente a Detrás,Not an Intersection,No fue interseccion,Sobre calle,Ninguna,Dia total,Despejado,No,NO APLICA,99,99,99,99,1,23/05/2022,2
12,Florida,121471,0,0,2,0,71,LEE (71),0,NO APLICA,6,Junio,11,2022,22,5,I-75,1,Interestatal,Urbano,Interestatal,State Highway Agency,1,Sin jurisdiccion especial,99998,26.57815833,-81.79288333,Barrera de Cable,El primer evento no fue una colision con un vehiculo automotor en transporte,Not an Intersection,No fue interseccion,En el medio,Ninguna,Oscuro sin iluminacion,Nublado,No,NO APLICA,99,99,99,99,2,11/06/2022,2
12,Florida,121472,0,0,2,0,49,HARDEE (49),0,NO APLICA,6,Junio,10,2022,16,36,E COUNTY LINE RD,6,Calle Local Municipalidad,Rural,Colector Mayor,County Highway Agency,0,Sin jurisdiccion especial,99998,27.64618333,-81.768475,Vehiculo en movimiento,Frente a frente,Not an Intersection,No fue interseccion,Sobre calle,Ninguna,Dia total,lluvia,No,NO APLICA,99,99,99,99,1,10/06/2022,2
12,Florida,121473,0,0,2,0,81,MANATEE (81),0,NO APLICA,6,Junio,12,2022,16,50,US-41,2,US Highway,Rural,Arterial Principal -Freeway o ExpressWay,State Highway Agency,1,Sin jurisdiccion especial,99998,27.55246111,-82.56217778,Poste de Señal de trafico,El primer evento no fue una colision con un vehiculo automotor en transporte,Not an Intersection,No fue interseccion,Sobre el lado de la calle,Ninguna,Dia total,Despejado,No,NO APLICA,99,99,99,99,1,12/06/2022,2
12,Florida,121474,0,0,2,0,57,HILLSBOROUGH (57),0,NO APLICA,5,Mayo,10,2022,23,3,SR-60,3,Highway estatal,Urbano,Arteria Principal,State Highway Agency,1,Sin jurisdiccion especial,99998,27.93771944,-82.18921944,Vehiculo en movimiento,Frente a Detrás,Not an Intersection,No fue interseccion,Sobre calle,Ninguna,Oscuro sin iluminacion,Despejado,No,NO APLICA,99,99,99,99,1,10/05/2022,2
12,Florida,121475,2,2,4,1,19,CLAY (19),2056,MIDDLEBURG,6,Junio,6,2022,11,3,SR-21,3,Highway estatal,Urbano,Arteria Principal,State Highway Agency,1,Sin jurisdiccion especial,99998,30.0383,-81.89678056,Vehiculo en movimiento,Frente a Detrás,T-Intersection,Interseccion de T,Sobre calle,Ninguna,Dia total,Nublado,No,NO APLICA,99,99,99,99,2,06/06/2022,4
12,Florida,121476,0,0,2,0,109,ST JOHNS (109),0,NO APLICA,6,Junio,4,2022,22,22,SR-A1A,3,Highway estatal,Urbano,Arteria Menor,State Highway Agency,0,Sin jurisdiccion especial,99998,29.86095,-81.28146111,Vehiculo en movimiento,Frente a frente,Four-Way Intersection,Interseccion de 4 direcciones,Sobre calle,Ninguna,Oscuro con iluminacion,Despejado,No,NO APLICA,99,99,99,99,1,04/06/2022,5
12,Florida,121477,0,0,2,0,31,DUVAL (31),1510,JACKSONVILLE,5,Mayo,16,2022,20,35,US-1,2,US Highway,Urbano,Arteria Principal,State Highway Agency,1,Sin jurisdiccion especial,99998,30.43623056,-81.76238056,Vehiculo en movimiento,Angulo,T-Intersection,Interseccion de T,Sobre calle,Ninguna,Oscuro con iluminacion,Despejado,No,NO APLICA,99,99,99,99,1,16/05/2022,2
12,Florida,121478,0,0,2,0,11,BROWARD (11),2541,PLANTATION,5,Mayo,13,2022,22,45,W SUNRISE BLVD,5,Calle Local - Pueblo,Urbano,Arteria Principal,State Highway Agency,1,Sin jurisdiccion especial,99998,26.1447,-80.23931389,Vehiculo en movimiento,Angulo,Four-Way Intersection,Interseccion de 4 direcciones,Sobre calle,Ninguna,Oscuro con iluminacion,Despejado,No,NO APLICA,99,99,99,99,1,13/05/2022,2
12,Florida,121479,0,0,1,0,5,BAY (5),2450,PANAMA CITY,6,Junio,11,2022,22,59,11TH ST,6,Calle Local Municipalidad,Urbano,Colector Mayor,Not Reported,0,Sin jurisdiccion especial,99998,30.16811389,-85.70073889,Edificio,El primer evento no fue una colision con un vehiculo automotor en transporte,Not an Intersection,No fue interseccion,Fuera de la calle,Ninguna,Oscuro con iluminacion,Despejado,No,NO APLICA,99,99,99,99,1,11/06/2022,1
12,Florida,121480,0,0,1,0,57,HILLSBOROUGH (57),2950,TAMPA,6,Junio,14,2022,0,50,INDEPENDENCE PKWY RAMP,8,Otro,Urbano,Arteria Principal,Not Reported,0,Sin jurisdiccion especial,99998,27.976425,-82.54672778,Valla Ferrocarril,El primer evento no fue una colision con un vehiculo automotor en transporte,Not an Intersection,No fue interseccion,Sobre el lado de la calle,Ninguna,Oscuro con iluminacion,Despejado,No,NO APLICA,99,99,99,99,1,14/06/2022,1
12,Florida,121481,0,0,1,0,31,DUVAL (31),1510,JACKSONVILLE,6,Junio,12,2022,7,22,I-10,1,Interestatal,Urbano,Interestatal,State Highway Agency,1,Sin jurisdiccion especial,99998,30.29493889,-81.94724722,Arbol,El primer evento no fue una colision con un vehiculo automotor en transporte,Not an Intersection,No fue interseccion,"Fuera de la calle, ubicacion desconocida",Ninguna,Dia total,Despejado,No,NO APLICA,99,99,99,99,1,12/06/2022,1
12,Florida,121482,0,0,2,0,71,LEE (71),1070,FORT MYERS,6,Junio,13,2022,15,16,FORD ST,6,Calle Local Municipalidad,Urbano,Colector Mayor,Not Reported,0,Sin jurisdiccion especial,99998,26.60459722,-81.84645278,Vehiculo en movimiento,Angulo,T-Intersection,Interseccion de T,Sobre calle,Ninguna,Dia total,Despejado,No,NO APLICA,99,99,99,99,1,13/06/2022,7
12,Florida,121483,0,0,2,0,83,MARION (83),2270,OCALA,6,Junio,6,2022,6,48,US-27,2,US Highway,Urbano,Arteria Principal,State Highway Agency,1,Sin jurisdiccion especial,99998,29.17162778,-82.14023056,Vehiculo en movimiento,Angulo,Four-Way Intersection,Interseccion de 4 direcciones,Sobre calle,Ninguna,Amanecer,Nublado,No,NO APLICA,99,99,99,99,1,06/06/2022,3
12,Florida,121484,0,0,2,0,11,BROWARD (11),771,DAVIE,6,Junio,15,2022,7,20,SR-823,3,Highway estatal,Urbano,Arteria Principal,State Highway Agency,1,Sin jurisdiccion especial,99998,26.09494167,-80.31373333,Vehiculo en movimiento,Angulo,T-Intersection,Interseccion de T,Sobre calle,Ninguna,Dia total,Despejado,No,NO APLICA,99,99,99,99,1,15/06/2022,2
12,Florida,121485,0,0,1,0,86,MIAMI-DADE (86),2010,MIAMI,6,Junio,10,2022,1,10,SR-934,3,Highway estatal,Urbano,Arteria Principal,State Highway Agency,1,Sin jurisdiccion especial,99998,25.84979444,-80.19446944,Barda,El primer evento no fue una colision con un vehiculo automotor en transporte,Not an Intersection,No fue interseccion,"Fuera de la calle, ubicacion desconocida",Ninguna,Oscuro con iluminacion,Despejado,No,NO APLICA,99,99,99,99,1,10/06/2022,2
12,Florida,121486,3,3,2,0,11,BROWARD (11),1280,HALLANDALE BEACH,6,Junio,12,2022,1,5,SR-858,3,Highway estatal,Urbano,Arteria Principal,State Highway Agency,1,Sin jurisdiccion especial,99998,25.98580556,-80.14060278,Vehiculo en movimiento,Frente a Detrás,Not an Intersection,No fue interseccion,Sobre calle,Ninguna,Oscuro con iluminacion,Despejado,No,NO APLICA,99,99,99,99,2,12/06/2022,2
12,Florida,121488,0,0,2,0,103,PINELLAS (103),860,DUNEDIN,6,Junio,8,2022,17,46,CR-1,4,Calle del Condado,Urbano,Arteria Menor,Not Reported,0,Sin jurisdiccion especial,99998,28.03776389,-82.76067222,Vehiculo en movimiento,Angulo,Four-Way Intersection,Interseccion de 4 direcciones,Sobre calle,Ninguna,Dia total,Nublado,No,NO APLICA,99,99,99,99,1,08/06/2022,3
12,Florida,121489,0,0,2,0,86,MIAMI-DADE (86),1340,HIALEAH,6,Junio,14,2022,14,50,WEST 8TH AVENUE,6,Calle Local Municipalidad,Urbano,Colector Mayor,Not Reported,0,Sin jurisdiccion especial,99998,25.86721667,-80.29883611,Vehiculo en movimiento,Angulo,Not an Intersection,No fue interseccion,Sobre calle,Ninguna,Dia total,Despejado,No,NO APLICA,99,99,99,99,1,14/06/2022,3
12,Florida,121490,1,1,1,0,9,BREVARD (9),2005,MERRITT ISLAND,6,Junio,3,2022,21,36,SR-520 MERRIT ISLAND CSWY,3,Highway estatal,Urbano,Arteria Principal,State Highway Agency,1,Sin jurisdiccion especial,99998,28.3565,-80.71221667,Ciclista,El primer evento no fue una colision con un vehiculo automotor en transporte,Not an Intersection,No fue interseccion,Sobre Acotamiento,Ninguna,Oscuro sin iluminacion,lluvia,No,NO APLICA,99,99,99,99,1,03/06/2022,1
12,Florida,121491,0,0,2,0,99,PALM BEACH (99),2446,PALM SPRINGS,5,Mayo,24,2022,21,25,SR-882,3,Highway estatal,Urbano,Arteria Principal,State Highway Agency,1,Sin jurisdiccion especial,99998,26.65075278,-80.08403056,Vehiculo en movimiento,Angulo,Four-Way Intersection,Interseccion de 4 direcciones,Sobre calle,Ninguna,Oscuro con iluminacion,Despejado,No,NO APLICA,99,99,99,99,1,24/05/2022,4