Estado,Nombre de Estado,Numero de Caso,Peatones,Personas _no_vehiculos,Vehiculos automotores,Vehiculos estacionados,Condado,Nombre Condado,Ciudad,Nombre Ciudad,Mes,Nombre Mes,Dia,Año,Hora,Minuto,Calle,Ruta,Nombre Ruta,Rural o Urbanoo,Sistema Funcional,Dueño Calle,Sistema Nacional Carreteras,Jurisdiccion Especial,Milla,Latitud,Longitud,Causa del Accidente,Tipo de Accidente,Tipo Interseccion,Columna1,Lugar en la calle,Zona de Trabajo,Luz,Clima,Autobus Escolar,Cruce de Trenes,Hora Notificacion,Minuto Notificacion,Hora Llegada,Minuto Llegada,Decesos,Fecha,PersonaVehiculo
12,Florida,121492,0,0,1,0,95,ORANGE (95),2360,ORLANDO,6,Junio,11,2022,1,25,MICHIGAN ST,6,Calle Local Municipalidad,Urbano,Colector Mayor,Not Reported,0,Sin jurisdiccion especial,99998,28.51560278,-81.321075,Arbol,El primer evento no fue una colision con un vehiculo automotor en transporte,Not an Intersection,No fue interseccion,En el medio,Ninguna,Oscuro con iluminacion,Despejado,No,NO APLICA,99,99,99,99,1,11/06/2022,1
12,Florida,121493,1,1,2,0,86,MIAMI-DADE (86),0,NO APLICA,5,Mayo,28,2022,2,17,I-95,1,Interestatal,Urbano,Interestatal,State Highway Agency,1,Sin jurisdiccion especial,99998,25.91311111,-80.20995,Peaton,El primer evento no fue una colision con un vehiculo automotor en transporte,Not an Intersection,No fue interseccion,Sobre calle,Ninguna,Oscuro con iluminacion,Despejado,No,NO APLICA,99,99,99,99,1,28/05/2022,4
12,Florida,121494,1,1,1,0,95,ORANGE (95),0,NO APLICA,6,Junio,4,2022,0,30,US-441,2,US Highway,Urbano,Arteria Principal,State Highway Agency,1,Sin jurisdiccion especial,99998,28.44202222,-81.40306389,Peaton,El primer evento no fue una colision con un vehiculo automotor en transporte,Not an Intersection,No fue interseccion,Sobre calle,Ninguna,Oscuro con iluminacion,Nublado,No,NO APLICA,99,99,99,99,1,04/06/2022,1
12,Florida,121495,0,0,2,0,95,ORANGE (95),0,NO APLICA,6,Junio,4,2022,5,0,SR-520,3,Highway estatal,Rural,Arteria Principal,State Highway Agency,1,Sin jurisdiccion especial,99998,28.37435556,-80.90430556,Vehiculo en movimiento,Angulo,Not an Intersection,No fue interseccion,Sobre calle,Ninguna,Oscuro sin iluminacion,lluvia,No,NO APLICA,5,99,5,99,1,04/06/2022,10
12,Florida,121497,0,0,2,0,69,LAKE (69),960,EUSTIS,5,Mayo,23,2022,0,9,N BAY ST,6,Calle Local Municipalidad,Urbano,Arteria Menor,State Highway Agency,0,Sin jurisdiccion especial,99998,28.85635278,-81.68567222,Vehiculo en movimiento,Angulo,Four-Way Intersection,Interseccion de 4 direcciones,Sobre calle,Ninguna,Oscuro con iluminacion,Despejado,No,NO APLICA,99,99,99,99,1,23/05/2022,2
12,Florida,121498,0,0,3,1,95,ORANGE (95),0,NO APLICA,5,Mayo,7,2022,18,51,SR-438,3,Highway estatal,Urbano,Arteria Menor,State Highway Agency,0,Sin jurisdiccion especial,99998,28.57763056,-81.46776111,Vehiculo en movimiento,Angulo,Four-Way Intersection,Interseccion de 4 direcciones,Sobre calle,Ninguna,Dia total,Despejado,No,NO APLICA,99,99,99,99,1,07/05/2022,3
12,Florida,121499,0,0,1,0,86,MIAMI-DADE (86),0,NO APLICA,5,Mayo,13,2022,22,20,65TH AVE,8,Otro,Urbano,Arteria Menor,Not Reported,0,Sin jurisdiccion especial,99998,25.77779722,-80.30140278,Alguien se cayo/avento del vehiculo,El primer evento no fue una colision con un vehiculo automotor en transporte,T-Intersection,Interseccion de T,Sobre calle,Ninguna,Oscuro con iluminacion,Otro,No,NO APLICA,99,99,99,99,1,13/05/2022,1
12,Florida,121500,0,0,1,0,9,BREVARD (9),2670,ROCKLEDGE,6,Junio,4,2022,6,20,I-95,1,Interestatal,Urbano,Interestatal,State Highway Agency,1,Sin jurisdiccion especial,99998,28.25976389,-80.72678889,Poste o otros soportes,El primer evento no fue una colision con un vehiculo automotor en transporte,Not an Intersection,No fue interseccion,"Fuera de la calle, ubicacion desconocida",Ninguna,Dia total,Despejado,No,NO APLICA,99,99,99,99,1,04/06/2022,1
12,Florida,121501,0,0,1,0,11,BROWARD (11),2570,POMPANO BEACH,6,Junio,12,2022,17,15,E COPANS RD,6,Calle Local Municipalidad,Urbano,Arteria Menor,Not Reported,0,Sin jurisdiccion especial,99998,26.25878056,-80.1148,Valla Ferrocarril,El primer evento no fue una colision con un vehiculo automotor en transporte,Not an Intersection,No fue interseccion,Sobre el lado de la calle,Ninguna,Dia total,Despejado,No,NO APLICA,99,99,99,99,1,12/06/2022,1
12,Florida,121502,0,0,2,0,127,VOLUSIA (127),2375,ORMOND BEACH,6,Junio,10,2022,11,4,SR-A1A,3,Highway estatal,Urbano,Arteria Principal,State Highway Agency,1,Sin jurisdiccion especial,99998,29.28939167,-81.03886667,Vehiculo en movimiento,Angulo,Four-Way Intersection,Interseccion de 4 direcciones,Sobre calle,Ninguna,Dia total,Nublado,No,NO APLICA,99,99,99,99,1,10/06/2022,3
12,Florida,121503,0,0,2,0,103,PINELLAS (103),0,NO APLICA,6,Junio,16,2022,16,58,CR-611,4,Calle del Condado,Urbano,Arteria Principal,Not Reported,0,Sin jurisdiccion especial,99998,28.09351111,-82.69596111,Vehiculo en movimiento,Angulo,T-Intersection,Interseccion de T,Sobre calle,Ninguna,Dia total,Despejado,No,NO APLICA,99,99,99,99,1,16/06/2022,3
12,Florida,121504,1,1,1,0,95,ORANGE (95),2360,ORLANDO,6,Junio,12,2022,0,47,I-4,1,Interestatal,Urbano,Interestatal,State Highway Agency,1,Sin jurisdiccion especial,99998,28.47659444,-81.45179167,Peaton,El primer evento no fue una colision con un vehiculo automotor en transporte,Not an Intersection,No fue interseccion,Sobre calle,Ninguna,Oscuro con iluminacion,Despejado,No,NO APLICA,99,99,99,99,1,12/06/2022,2
12,Florida,121505,0,0,2,0,53,HERNANDO (53),2882,SPRING HILL,6,Junio,14,2022,18,27,CR-585,4,Calle del Condado,Urbano,Colector Mayor,Not Reported,0,Sin jurisdiccion especial,99998,28.46339167,-82.48588056,Vehiculo en movimiento,Frente a frente,Not an Intersection,No fue interseccion,Sobre calle,Ninguna,Dia total,Despejado,No,NO APLICA,18,27,18,34,1,14/06/2022,3
12,Florida,121506,1,1,1,0,95,ORANGE (95),2360,ORLANDO,6,Junio,13,2022,1,3,SR-435,3,Highway estatal,Urbano,Arteria Principal,State Highway Agency,1,Sin jurisdiccion especial,99998,28.46203889,-81.45880833,Peaton,El primer evento no fue una colision con un vehiculo automotor en transporte,Four-Way Intersection,Interseccion de 4 direcciones,Sobre calle,Ninguna,Oscuro con iluminacion,Despejado,No,NO APLICA,99,99,99,99,1,13/06/2022,1
12,Florida,121507,0,0,1,0,11,BROWARD (11),2468,PEMBROKE PINES,5,Mayo,30,2022,23,15,SHERIDAN ST,6,Calle Local Municipalidad,Urbano,Arteria Principal,Not Reported,0,Sin jurisdiccion especial,99998,26.02869722,-80.3359,Banqueta,El primer evento no fue una colision con un vehiculo automotor en transporte,Not an Intersection,No fue interseccion,En el medio,Ninguna,Oscuro sin iluminacion,Despejado,No,NO APLICA,99,99,99,99,1,30/05/2022,1
12,Florida,121508,0,0,1,0,33,ESCAMBIA (33),0,NO APLICA,6,Junio,10,2022,12,36,US-29,2,US Highway,Rural,Arteria Principal,State Highway Agency,1,Sin jurisdiccion especial,99998,30.68043056,-87.35095,Volcadura,El primer evento no fue una colision con un vehiculo automotor en transporte,Not an Intersection,No fue interseccion,Sobre el lado de la calle,Ninguna,Dia total,Nublado,No,NO APLICA,99,99,99,99,1,10/06/2022,2
12,Florida,121509,0,0,2,0,95,ORANGE (95),0,NO APLICA,6,Junio,15,2022,1,0,SR-551,3,Highway estatal,Urbano,Arteria Menor,State Highway Agency,0,Sin jurisdiccion especial,99998,28.54497778,-81.28584167,Vehiculo en movimiento,Frente a frente,Not an Intersection,No fue interseccion,Sobre calle,Ninguna,Oscuro con iluminacion,Despejado,No,NO APLICA,99,99,99,99,1,15/06/2022,2
12,Florida,121510,0,0,2,0,95,ORANGE (95),0,NO APLICA,5,Mayo,19,2022,23,0,SR-551,3,Highway estatal,Urbano,Arteria Menor,State Highway Agency,0,Sin jurisdiccion especial,99998,28.52583056,-81.28568056,Volcadura,El primer evento no fue una colision con un vehiculo automotor en transporte,Not an Intersection,No fue interseccion,Sobre calle,Ninguna,Oscuro con iluminacion,Despejado,No,NO APLICA,99,99,99,99,1,19/05/2022,4
12,Florida,121511,1,1,1,0,101,PASCO (101),0,NO APLICA,6,Junio,5,2022,0,26,KIEFER RD,5,Calle Local - Pueblo,Rural,Local,Not Reported,0,Sin jurisdiccion especial,99998,28.29183889,-82.24859167,Peaton,El primer evento no fue una colision con un vehiculo automotor en transporte,Not an Intersection,No fue interseccion,Sobre calle,Ninguna,Oscuro sin iluminacion,Despejado,No,NO APLICA,0,31,0,40,1,05/06/2022,1
12,Florida,121512,0,0,2,0,111,ST LUCIE (111),0,NO APLICA,6,Junio,9,2022,12,6,SR-70 OKEECHOBEE RD,3,Highway estatal,Rural,Arteria Principal,State Highway Agency,1,Sin jurisdiccion especial,99998,27.36792222,-80.51683889,Vehiculo en movimiento,Frente a frente,Not an Intersection,No fue interseccion,Sobre calle,Ninguna,Dia total,Despejado,No,NO APLICA,99,99,99,99,2,09/06/2022,2
12,Florida,121513,0,0,2,0,17,CITRUS (17),0,NO APLICA,6,Junio,1,2022,14,15,CR-491 N LECANTO HWY,4,Calle del Condado,Urbano,Arteria Menor,County Highway Agency,0,Sin jurisdiccion especial,99998,28.86621389,-82.48810556,Vehiculo en movimiento,Frente a Detrás,Not an Intersection,No fue interseccion,Sobre calle,Ninguna,Dia total,Despejado,No,NO APLICA,99,99,99,99,1,01/06/2022,2
12,Florida,121514,0,0,2,0,81,MANATEE (81),0,NO APLICA,5,Mayo,28,2022,18,15,CR-675,4,Calle del Condado,Rural,Colector Mayor,County Highway Agency,0,Sin jurisdiccion especial,99998,27.55788611,-82.36860556,Vehiculo en movimiento,Angulo,Four-Way Intersection,Interseccion de 4 direcciones,Sobre calle,Ninguna,Dia total,Despejado,No,NO APLICA,99,99,99,99,1,28/05/2022,3
12,Florida,121515,0,0,2,0,95,ORANGE (95),0,NO APLICA,6,Junio,13,2022,12,30,WEST OAK RIDGE ROAD,9,Desconocido,Urbano,Colector Mayor,Not Reported,0,Sin jurisdiccion especial,99998,28.47255556,-81.40162778,Vehiculo en movimiento,Frente a frente,Not an Intersection,No fue interseccion,Sobre calle,Ninguna,Dia total,Nublado,No,NO APLICA,99,99,99,99,1,13/06/2022,2
12,Florida,121516,0,0,2,0,95,ORANGE (95),0,NO APLICA,6,Junio,6,2022,22,35,SR-408,3,Highway estatal,Urbano,Arterial Principal -Freeway o ExpressWay,State Highway Agency,1,Sin jurisdiccion especial,99998,28.5484,-81.47477222,Vehiculo en movimiento,Frente a Detrás,Not an Intersection,No fue interseccion,Sobre calle,Ninguna,Oscuro con iluminacion,Despejado,No,NO APLICA,99,99,99,99,1,06/06/2022,3
12,Florida,121517,0,0,2,0,105,POLK (105),0,NO APLICA,4,Abril,26,2022,17,25,MAINE AVE,9,Desconocido,Rural,Local,Not Reported,0,Sin jurisdiccion especial,99998,28.01151667,-81.88406389,Vehiculo en movimiento,Frente a frente,T-Intersection,Interseccion de T,Sobre calle,Ninguna,Dia total,Despejado,No,NO APLICA,99,99,99,99,1,26/04/2022,2
12,Florida,121518,1,1,1,0,9,BREVARD (9),2424,PALM BAY,6,Junio,19,2022,23,48,SR-507 BABCOCK ST NE,3,Highway estatal,Urbano,Arteria Principal,State Highway Agency,1,Sin jurisdiccion especial,99998,28.01665278,-80.62211389,Peaton,El primer evento no fue una colision con un vehiculo automotor en transporte,Not an Intersection,No fue interseccion,Sobre calle,Ninguna,Oscuro con iluminacion,Nublado,No,NO APLICA,99,99,99,99,1,19/06/2022,2
12,Florida,121519,0,0,1,0,31,DUVAL (31),1510,JACKSONVILLE,6,Junio,15,2022,13,50,I-95,1,Interestatal,Urbano,Interestatal,State Highway Agency,1,Sin jurisdiccion especial,99998,30.12066111,-81.51728889,Soporte de Puente,El primer evento no fue una colision con un vehiculo automotor en transporte,Not an Intersection,No fue interseccion,Sobre el lado de la calle,Ninguna,Dia total,Despejado,No,NO APLICA,99,99,99,99,1,15/06/2022,1
12,Florida,121520,0,0,2,0,95,ORANGE (95),3310,WINTER PARK,6,Junio,19,2022,22,0,SR-426,3,Highway estatal,Urbano,Arteria Principal,State Highway Agency,1,Sin jurisdiccion especial,99998,28.59578056,-81.34195278,Vehiculo en movimiento,Frente a frente,T-Intersection,Interseccion de T,Sobre calle,Ninguna,Oscuro con iluminacion,Despejado,No,NO APLICA,99,99,99,99,1,19/06/2022,8
12,Florida,121521,0,0,1,0,99,PALM BEACH (99),3190,WEST PALM BEACH,6,Junio,15,2022,15,7,45TH ST,6,Calle Local Municipalidad,Urbano,Arteria Menor,Not Reported,0,Sin jurisdiccion especial,99998,26.76219167,-80.14173056,Banqueta,El primer evento no fue una colision con un vehiculo automotor en transporte,Not an Intersection,No fue interseccion,Sobre el lado de la calle,Ninguna,Dia total,Despejado,No,NO APLICA,99,99,99,99,1,15/06/2022,1
12,Florida,121522,0,0,1,0,101,PASCO (101),2760,SAN ANTONIO,6,Junio,5,2022,16,17,SR-52,3,Highway estatal,Urbano,Arteria Principal,State Highway Agency,1,Sin jurisdiccion especial,99998,28.33456667,-82.270325,Arbol,El primer evento no fue una colision con un vehiculo automotor en transporte,Not an Intersection,No fue interseccion,Sobre el lado de la calle,Ninguna,Dia total,Despejado,No,NO APLICA,16,17,16,24,1,05/06/2022,1
12,Florida,121523,1,1,1,0,97,OSCEOLA (97),0,NO APLICA,3,Marzo,31,2022,23,20,US-17,2,US Highway,Urbano,Arteria Principal,State Highway Agency,1,Sin jurisdiccion especial,99998,28.25495278,-81.48047222,Ciclista,El primer evento no fue una colision con un vehiculo automotor en transporte,T-Intersection,Interseccion de T,Sobre calle,Ninguna,Oscuro sin iluminacion,Nublado,No,NO APLICA,99,99,99,99,1,31/03/2022,1
12,Florida,121524,0,0,2,0,85,MARTIN (85),0,NO APLICA,6,Junio,8,2022,13,0,SR-714,3,Highway estatal,Rural,Arteria Principal,State Highway Agency,1,Sin jurisdiccion especial,99998,27.16154444,-80.32672222,Vehiculo en movimiento,Angulo,Four-Way Intersection,Interseccion de 4 direcciones,Sobre calle,Ninguna,Dia total,Despejado,No,NO APLICA,99,99,99,99,1,08/06/2022,2
12,Florida,121525,1,1,1,0,107,PUTNAM (107),2420,PALATKA,5,Mayo,31,2022,7,9,SR-44,3,Highway estatal,Rural,Arteria Menor,State Highway Agency,0,Sin jurisdiccion especial,99998,29.67631667,-81.71534722,Ciclista,El primer evento no fue una colision con un vehiculo automotor en transporte,Not an Intersection,No fue interseccion,Sobre calle,Ninguna,Dia total,Despejado,No,NO APLICA,99,99,99,99,1,31/05/2022,1
12,Florida,121526,0,0,2,0,53,HERNANDO (53),2882,SPRING HILL,5,Mayo,30,2022,0,15,CR-578,4,Calle del Condado,Urbano,Arteria Menor,Not Reported,0,Sin jurisdiccion especial,99998,28.433925,-82.58256667,Vehiculo en movimiento,Frente a frente,Four-Way Intersection,Interseccion de 4 direcciones,Sobre calle,Ninguna,Oscuro con iluminacion,Despejado,No,NO APLICA,0,16,0,23,1,30/05/2022,4
12,Florida,121527,0,0,2,0,119,SUMTER (119),0,NO APLICA,6,Junio,2,2022,2,42,I-75,1,Interestatal,Rural,Interestatal,State Highway Agency,1,Sin jurisdiccion especial,99998,28.79049167,-82.08778611,Vehiculo en movimiento,Frente a Detrás,Not an Intersection,No fue interseccion,Sobre calle,Ninguna,Oscuro sin iluminacion,Despejado,No,NO APLICA,2,46,2,57,1,02/06/2022,5
12,Florida,121528,1,1,3,0,31,DUVAL (31),1510,JACKSONVILLE,6,Junio,11,2022,22,3,I-10,1,Interestatal,Urbano,Interestatal,State Highway Agency,1,Sin jurisdiccion especial,99998,30.31528056,-81.75833611,Peaton,El primer evento no fue una colision con un vehiculo automotor en transporte,Not an Intersection,No fue interseccion,Sobre calle,Ninguna,Oscuro con iluminacion,Nublado,No,NO APLICA,99,99,99,99,1,11/06/2022,3
12,Florida,121529,0,0,3,0,31,DUVAL (31),1510,JACKSONVILLE,6,Junio,20,2022,21,5,SR-228,3,Highway estatal,Urbano,Arteria Principal,State Highway Agency,1,Sin jurisdiccion especial,99998,30.27520556,-81.83183889,Vehiculo en movimiento,Angulo,Four-Way Intersection,Interseccion de 4 direcciones,Sobre calle,Ninguna,Oscuro sin iluminacion,Despejado,No,NO APLICA,99,99,99,99,1,20/06/2022,4
12,Florida,121530,0,0,1,0,53,HERNANDO (53),0,NO APLICA,6,Junio,5,2022,19,40,I-75,1,Interestatal,Rural,Interestatal,State Highway Agency,1,Sin jurisdiccion especial,99998,28.53671944,-82.23691111,Valla Ferrocarril,El primer evento no fue una colision con un vehiculo automotor en transporte,Not an Intersection,No fue interseccion,En el medio,Ninguna,Atardecer,lluvia,No,NO APLICA,19,43,19,50,1,05/06/2022,1
12,Florida,121531,0,0,1,0,75,LEVY (75),0,NO APLICA,6,Junio,16,2022,17,55,CR-339,4,Calle del Condado,Rural,Colector Mayor,Not Reported,0,Sin jurisdiccion especial,99998,29.5481,-82.75808056,Volcadura,El primer evento no fue una colision con un vehiculo automotor en transporte,Not an Intersection,No fue interseccion,Sobre el lado de la calle,Ninguna,Dia total,Despejado,No,NO APLICA,99,99,99,99,1,16/06/2022,1
12,Florida,121532,0,0,2,0,95,ORANGE (95),2360,ORLANDO,1,Enero,7,2022,15,20,SR-435,3,Highway estatal,Urbano,Arteria Principal,State Highway Agency,0,Servicio de Parques Nacional,99998,28.53501389,-81.45828333,Vehiculo en movimiento,Angulo,Not an Intersection,No fue interseccion,Sobre calle,Ninguna,Dia total,Despejado,No,NO APLICA,99,99,99,99,1,07/01/2022,2
12,Florida,121533,0,0,3,0,57,HILLSBOROUGH (57),0,NO APLICA,1,Enero,22,2022,10,14,CR-640 LITHIA PINECREST RD,4,Calle del Condado,Rural,Colector Mayor,County Highway Agency,0,Sin jurisdiccion especial,99998,27.85066389,-82.11161667,Vehiculo en movimiento,Frente a frente,Not an Intersection,No fue interseccion,Sobre calle,Ninguna,Dia total,Nublado,No,NO APLICA,99,99,99,99,1,22/01/2022,4
12,Florida,121534,0,0,1,0,95,ORANGE (95),2360,ORLANDO,5,Mayo,15,2022,14,14,E PINELOCH AV,6,Calle Local Municipalidad,Urbano,Local,Not Reported,0,Sin jurisdiccion especial,99998,28.50944167,-81.37493056,Poste,El primer evento no fue una colision con un vehiculo automotor en transporte,Not an Intersection,No fue interseccion,Sobre el lado de la calle,Ninguna,Dia total,Despejado,No,NO APLICA,88,88,88,88,1,15/05/2022,1
12,Florida,121535,0,0,1,0,109,ST JOHNS (109),2690,SAINT AUGUSTINE,6,Junio,20,2022,23,35,FOUR MILE RD/ E AIKEN ST,6,Calle Local Municipalidad,Urbano,Local,Not Reported,0,Sin jurisdiccion especial,99998,29.89821111,-81.34618889,Banqueta,El primer evento no fue una colision con un vehiculo automotor en transporte,Roundabout,Glorieta,Sobre el lado de la calle,Ninguna,Oscuro con iluminacion,Despejado,No,NO APLICA,99,99,99,99,1,20/06/2022,1
12,Florida,121536,0,0,2,0,97,OSCEOLA (97),1590,KISSIMMEE,6,Junio,18,2022,1,36,US-192,2,US Highway,Urbano,Arteria Principal,State Highway Agency,1,Sin jurisdiccion especial,99998,28.30448611,-81.44913889,Vehiculo en movimiento,Frente a Detrás,T-Intersection,Interseccion de T,Sobre calle,Ninguna,Oscuro con iluminacion,Despejado,No,NO APLICA,99,99,99,99,1,18/06/2022,2
12,Florida,121537,0,0,2,0,105,POLK (105),0,NO APLICA,5,Mayo,31,2022,12,19,SR-33,3,Highway estatal,Rural,Arteria Menor,State Highway Agency,0,Sin jurisdiccion especial,99998,28.20325278,-81.82039444,Vehiculo en movimiento,Frente a Detrás,Not an Intersection,No fue interseccion,Sobre calle,"Zona de trabajo, tipo desconocido",Dia total,Nublado,No,NO APLICA,99,99,99,99,1,31/05/2022,3
12,Florida,121538,0,0,1,0,99,PALM BEACH (99),2430,PALM BEACH,6,Junio,18,2022,3,0,S COUNTY RD,8,Otro,Urbano,Colector Mayor,State Highway Agency,0,Sin jurisdiccion especial,99998,26.68947778,-80.03591667,Poste,El primer evento no fue una colision con un vehiculo automotor en transporte,Not an Intersection,No fue interseccion,Sobre el lado de la calle,Ninguna,Oscuro con iluminacion,Despejado,No,NO APLICA,99,99,99,99,1,18/06/2022,1
12,Florida,121539,1,1,1,0,86,MIAMI-DADE (86),2010,MIAMI,6,Junio,20,2022,20,45,SW 17TH AVE,6,Calle Local Municipalidad,Urbano,Local,City or Municipal Highway Agency,0,Sin jurisdiccion especial,99998,25.76412222,-80.22243611,Peaton,El primer evento no fue una colision con un vehiculo automotor en transporte,Four-Way Intersection,Interseccion de 4 direcciones,Sobre calle,Ninguna,Oscuro con iluminacion,Despejado,No,NO APLICA,99,99,99,99,1,20/06/2022,2
12,Florida,121541,1,1,1,0,117,SEMINOLE (117),0,NO APLICA,6,Junio,9,2022,1,17,LAKE MILLS RD,8,Otro,Urbano,Colector Menor,County Highway Agency,0,Sin jurisdiccion especial,99998,28.62836944,-81.11749722,Peaton,El primer evento no fue una colision con un vehiculo automotor en transporte,Not an Intersection,No fue interseccion,Sobre calle,Ninguna,Oscuro con iluminacion,Nublado,No,NO APLICA,99,99,99,99,1,09/06/2022,1
12,Florida,121542,0,0,1,0,69,LAKE (69),0,NO APLICA,6,Junio,8,2022,0,9,CR-561,4,Calle del Condado,Rural,Colector Mayor,Not Reported,0,Sin jurisdiccion especial,99998,28.47635556,-81.78702778,Arbol,El primer evento no fue una colision con un vehiculo automotor en transporte,Not an Intersection,No fue interseccion,"Fuera de la calle, ubicacion desconocida",Ninguna,Oscuro sin iluminacion,Despejado,No,NO APLICA,99,99,99,99,4,08/06/2022,4
12,Florida,121543,0,0,2,0,55,HIGHLANDS (55),0,NO APLICA,6,Junio,19,2022,22,38,SR-70,3,Highway estatal,Rural,Arteria Principal,State Highway Agency,1,Sin jurisdiccion especial,99998,27.23615278,-81.062925,Vehiculo en movimiento,Angulo,Not an Intersection,No fue interseccion,Sobre calle,Ninguna,Oscuro sin iluminacion,Despejado,No,NO APLICA,99,99,99,99,2,19/06/2022,4
12,Florida,121544,0,0,2,0,69,LAKE (69),0,NO APLICA,5,Mayo,31,2022,8,30,SR-44,3,Highway estatal,Rural,Arteria Principal,State Highway Agency,0,Sin jurisdiccion especial,99998,28.90691667,-81.45418889,Vehiculo en movimiento,Angulo,Not an Intersection,No fue interseccion,Sobre calle,Ninguna,Dia total,Despejado,No,NO APLICA,99,99,99,99,1,31/05/2022,2
12,Florida,121545,2,2,3,0,31,DUVAL (31),1510,JACKSONVILLE,6,Junio,13,2022,0,42,SR-113,3,Highway estatal,Urbano,Arterial Principal -Freeway o ExpressWay,State Highway Agency,1,Sin jurisdiccion especial,99998,30.34465833,-81.55226111,Vehiculo en movimiento,Frente a frente,Not an Intersection,No fue interseccion,Sobre calle,Ninguna,Oscuro con iluminacion,Nublado,No,NO APLICA,99,99,99,99,2,13/06/2022,1
12,Florida,121546,0,0,1,0,81,MANATEE (81),0,NO APLICA,6,Junio,18,2022,23,48,CR-683 15TH ST E,4,Calle del Condado,Urbano,Arteria Menor,County Highway Agency,0,Sin jurisdiccion especial,99998,27.44708056,-82.54677778,Otro objeto (no fijo),El primer evento no fue una colision con un vehiculo automotor en transporte,Not an Intersection,No fue interseccion,Sobre calle,Ninguna,Oscuro sin iluminacion,Despejado,No,NO APLICA,99,99,99,99,1,18/06/2022,3
12,Florida,121547,0,0,2,0,127,VOLUSIA (127),1410,HOLLY HILL,5,Mayo,22,2022,17,11,US-1,2,US Highway,Urbano,Arteria Principal,State Highway Agency,1,Sin jurisdiccion especial,99998,29.25615278,-81.04720556,Vehiculo en movimiento,Frente a Detrás,Not an Intersection,No fue interseccion,Sobre calle,Ninguna,Dia total,Despejado,No,NO APLICA,99,99,99,99,1,22/05/2022,6
12,Florida,121548,0,0,1,0,11,BROWARD (11),1050,FORT LAUDERDALE,5,Mayo,22,2022,18,18,I-95,1,Interestatal,Urbano,Interestatal,State Highway Agency,1,Sin jurisdiccion especial,99998,26.11594167,-80.16861111,Barrera de Trafico de Concreto,El primer evento no fue una colision con un vehiculo automotor en transporte,Not an Intersection,No fue interseccion,Sobre el lado de la calle,"Zona de trabajo, tipo desconocido",Dia total,Despejado,No,NO APLICA,99,99,99,99,1,22/05/2022,1
12,Florida,121549,1,1,1,0,99,PALM BEACH (99),3190,WEST PALM BEACH,6,Junio,14,2022,9,51,45TH ST,6,Calle Local Municipalidad,Urbano,Arteria Menor,Not Reported,0,Sin jurisdiccion especial,99998,26.75308889,-80.06275833,Peaton,El primer evento no fue una colision con un vehiculo automotor en transporte,Not an Intersection,No fue interseccion,Sobre calle,Ninguna,Dia total,Despejado,No,NO APLICA,99,99,99,99,1,14/06/2022,4
12,Florida,121550,0,0,2,0,15,CHARLOTTE (15),0,NO APLICA,6,Junio,10,2022,7,0,US-41,2,US Highway,Urbano,Arteria Principal,State Highway Agency,1,Sin jurisdiccion especial,99998,26.88126944,-82.01406111,Vehiculo en movimiento,Angulo,T-Intersection,Interseccion de T,Sobre calle,Ninguna,Dia total,Despejado,No,NO APLICA,99,99,99,99,1,10/06/2022,2
12,Florida,121551,0,0,1,0,31,DUVAL (31),1510,JACKSONVILLE,6,Junio,18,2022,11,0,I-10,1,Interestatal,Urbano,Interestatal,State Highway Agency,1,Sin jurisdiccion especial,99998,30.31185,-81.82083056,Volcadura,El primer evento no fue una colision con un vehiculo automotor en transporte,Not an Intersection,No fue interseccion,En el medio,Ninguna,Dia total,Despejado,No,NO APLICA,99,99,99,99,1,18/06/2022,1
12,Florida,121552,0,0,1,0,86,MIAMI-DADE (86),0,NO APLICA,6,Junio,11,2022,20,20,181ST ST,9,Desconocido,Urbano,Local,Not Reported,0,Sin jurisdiccion especial,99998,25.93704444,-80.33163611,Arbol,El primer evento no fue una colision con un vehiculo automotor en transporte,Not an Intersection,No fue interseccion,Sobre el lado de la calle,Ninguna,Oscuro con iluminacion,Despejado,No,NO APLICA,99,99,99,99,1,11/06/2022,1
12,Florida,121553,0,0,2,0,71,LEE (71),0,NO APLICA,6,Junio,13,2022,4,32,SR-78,3,Highway estatal,Urbano,Arteria Principal,State Highway Agency,1,Sin jurisdiccion especial,99998,26.68198056,-81.8974,Vehiculo en movimiento,Angulo,Four-Way Intersection,Interseccion de 4 direcciones,Sobre calle,Ninguna,Oscuro con iluminacion,Despejado,No,NO APLICA,99,99,99,99,1,13/06/2022,2
12,Florida,121554,0,0,2,0,101,PASCO (101),0,NO APLICA,5,Mayo,5,2022,22,11,CR-54,4,Calle del Condado,Urbano,Arteria Menor,Not Reported,0,Sin jurisdiccion especial,99998,28.24390278,-82.24558333,Animal vivo,El primer evento no fue una colision con un vehiculo automotor en transporte,Not an Intersection,No fue interseccion,Sobre calle,Ninguna,Oscuro sin iluminacion,Despejado,No,NO APLICA,99,99,99,99,1,05/05/2022,2
12,Florida,121555,0,0,2,0,73,LEON (73),2940,TALLAHASSEE,6,Junio,4,2022,3,0,MISSION RD,6,Calle Local Municipalidad,Urbano,Colector Mayor,City or Municipal Highway Agency,0,Sin jurisdiccion especial,99998,30.45417778,-84.32848056,Vehiculo en movimiento,Angulo,Not an Intersection,No fue interseccion,Sobre calle,Ninguna,Oscuro con iluminacion,Despejado,No,NO APLICA,99,99,99,99,1,04/06/2022,4
12,Florida,121556,0,0,2,0,53,HERNANDO (53),0,NO APLICA,6,Junio,20,2022,2,18,SR-50,3,Highway estatal,Rural,Arteria Principal,State Highway Agency,1,Sin jurisdiccion especial,99998,28.50768611,-82.14701667,Vehiculo en movimiento,Frente a frente,Not an Intersection,No fue interseccion,Sobre calle,"Zona de trabajo, tipo desconocido",Oscuro sin iluminacion,Despejado,No,NO APLICA,2,19,2,31,1,20/06/2022,2