Estado,Nombre de Estado,Numero de Caso,Peatones,Personas _no_vehiculos,Vehiculos automotores,Vehiculos estacionados,Condado,Nombre Condado,Ciudad,Nombre Ciudad,Mes,Nombre Mes,Dia,Año,Hora,Minuto,Calle,Ruta,Nombre Ruta,Rural o Urbanoo,Sistema Funcional,Dueño Calle,Sistema Nacional Carreteras,Jurisdiccion Especial,Milla,Latitud,Longitud,Causa del Accidente,Tipo de Accidente,Tipo Interseccion,Columna1,Lugar en la calle,Zona de Trabajo,Luz,Clima,Autobus Escolar,Cruce de Trenes,Hora Notificacion,Minuto Notificacion,Hora Llegada,Minuto Llegada,Decesos,Fecha,PersonaVehiculo
12,Florida,121557,0,0,2,0,71,LEE (71),0,NO APLICA,6,Junio,18,2022,1,30,SR-867,3,Highway estatal,Urbano,Arteria Menor,State Highway Agency,0,Sin jurisdiccion especial,99998,26.54527222,-81.91446667,Vehiculo en movimiento,Frente a frente,Not an Intersection,No fue interseccion,Sobre calle,Ninguna,Oscuro con iluminacion,Despejado,No,NO APLICA,99,99,99,99,1,18/06/2022,2
12,Florida,121558,0,0,2,0,86,MIAMI-DADE (86),0,NO APLICA,6,Junio,15,2022,4,10,SR-823,3,Highway estatal,Urbano,Arteria Principal,State Highway Agency,1,Sin jurisdiccion especial,99998,25.92478611,-80.29319722,Vehiculo en movimiento,Angulo,Four-Way Intersection,Interseccion de 4 direcciones,Sobre calle,Ninguna,Oscuro con iluminacion,Despejado,No,NO APLICA,99,99,99,99,1,15/06/2022,2
12,Florida,121559,0,0,1,0,21,COLLIER (21),1465,IMMOKALEE,6,Junio,14,2022,23,10,CR-846,4,Calle del Condado,Rural,Arteria Menor,Not Reported,0,Sin jurisdiccion especial,99998,26.36796389,-81.42185278,Arbol,El primer evento no fue una colision con un vehiculo automotor en transporte,Not an Intersection,No fue interseccion,"Fuera de la calle, ubicacion desconocida",Ninguna,Oscuro sin iluminacion,Despejado,No,NO APLICA,99,99,99,99,1,14/06/2022,1
12,Florida,121561,0,0,2,0,11,BROWARD (11),2083,MIRAMAR,6,Junio,5,2022,15,30,MIRAMAR PKWY,6,Calle Local Municipalidad,Urbano,Arteria Menor,Not Reported,0,Sin jurisdiccion especial,99998,25.97852222,-80.38281667,Vehiculo en movimiento,Frente a frente,Four-Way Intersection,Interseccion de 4 direcciones,Sobre calle,"Zona de trabajo, tipo desconocido",Dia total,Despejado,No,NO APLICA,99,99,99,99,1,05/06/2022,3
12,Florida,121562,0,0,2,0,87,MONROE (87),0,NO APLICA,3,Marzo,9,2022,15,30,US-1,2,US Highway,Urbano,Arteria Principal,State Highway Agency,1,Sin jurisdiccion especial,99998,25.07688611,-80.45945,Vehiculo en movimiento,Frente a Detrás,Not an Intersection,No fue interseccion,Sobre calle,Ninguna,Dia total,Despejado,No,NO APLICA,99,99,99,99,1,09/03/2022,6
12,Florida,121563,0,0,3,0,11,BROWARD (11),1826,LIGHTHOUSE POINT,3,Marzo,26,2022,18,5,US-1,2,US Highway,Urbano,Arteria Principal,State Highway Agency,1,Sin jurisdiccion especial,99998,26.27630278,-80.097475,Vehiculo en movimiento,Frente a Detrás,Not an Intersection,No fue interseccion,Sobre calle,Ninguna,Dia total,Despejado,No,NO APLICA,99,99,99,99,1,26/03/2022,8
12,Florida,121564,0,0,1,0,105,POLK (105),1690,LAKELAND,2,Febrero,26,2022,0,44,LAKE BEULAH DR,6,Calle Local Municipalidad,Urbano,Colector Mayor,City or Municipal Highway Agency,0,Sin jurisdiccion especial,99998,28.04170556,-81.96744722,Immersion total o parcial,El primer evento no fue una colision con un vehiculo automotor en transporte,Not an Intersection,No fue interseccion,Fuera de la calle,Ninguna,Oscuro con iluminacion,Despejado,No,NO APLICA,99,99,99,99,1,26/02/2022,1
12,Florida,121565,0,0,1,0,5,BAY (5),2456,PARKER,3,Marzo,23,2022,14,16,US-98,2,US Highway,Urbano,Arteria Principal,State Highway Agency,1,Sin jurisdiccion especial,99998,30.11919167,-85.59478889,Banqueta,El primer evento no fue una colision con un vehiculo automotor en transporte,Not an Intersection,No fue interseccion,Sobre el lado de la calle,Ninguna,Dia total,Despejado,No,NO APLICA,99,99,99,99,1,23/03/2022,1
12,Florida,121566,0,0,1,0,71,LEE (71),457,CAPE CORAL,3,Marzo,30,2022,18,24,NW 17TH ST,6,Calle Local Municipalidad,Urbano,Local,City or Municipal Highway Agency,0,Sin jurisdiccion especial,99998,26.68446667,-81.98905556,Poste,El primer evento no fue una colision con un vehiculo automotor en transporte,Four-Way Intersection,Interseccion de 4 direcciones,Sobre el lado de la calle,Ninguna,Dia total,Despejado,No,NO APLICA,99,99,99,99,1,30/03/2022,1
12,Florida,121567,0,0,2,0,97,OSCEOLA (97),1590,KISSIMMEE,4,Abril,11,2022,20,46,US-192 N THACKER AVE,2,US Highway,Urbano,Arteria Principal,State Highway Agency,1,Sin jurisdiccion especial,99998,28.30455278,-81.42424167,Vehiculo en movimiento,Angulo,Four-Way Intersection,Interseccion de 4 direcciones,Sobre calle,Ninguna,Oscuro con iluminacion,Despejado,No,NO APLICA,99,99,99,99,1,11/04/2022,3
12,Florida,121568,0,0,2,0,71,LEE (71),1071,FORT MYERS BEACH,4,Abril,13,2022,6,50,SR-867 MCGREGOR BLVD,3,Highway estatal,Urbano,Arteria Menor,State Highway Agency,0,Sin jurisdiccion especial,99998,26.54180278,-81.91573611,Vehiculo en movimiento,Angulo,T-Intersection,Interseccion de T,Sobre calle,Ninguna,Dia total,Despejado,No,NO APLICA,99,99,99,99,1,13/04/2022,2
12,Florida,121569,0,0,2,0,101,PASCO (101),0,NO APLICA,4,Abril,13,2022,10,30,US-301,2,US Highway,Urbano,Arteria Principal,State Highway Agency,1,Sin jurisdiccion especial,99998,28.46401111,-82.18343056,Vehiculo en movimiento,Angulo,Four-Way Intersection,Interseccion de 4 direcciones,Sobre calle,Ninguna,Dia total,Despejado,No,NO APLICA,99,99,99,99,1,13/04/2022,3
12,Florida,121570,0,0,2,0,13,CALHOUN (13),40,ALTHA,4,Abril,15,2022,9,30,SR-71,3,Highway estatal,Rural,Arteria Menor,State Highway Agency,0,Sin jurisdiccion especial,99998,30.57194444,-85.12716111,Vehiculo en movimiento,Angulo,Four-Way Intersection,Interseccion de 4 direcciones,Sobre calle,Ninguna,Dia total,Despejado,No,NO APLICA,99,99,99,99,1,15/04/2022,4
12,Florida,121571,0,0,2,0,57,HILLSBOROUGH (57),0,NO APLICA,4,Abril,29,2022,14,48,CR-39 S ISTACHATTA RD,4,Calle del Condado,Rural,Colector Mayor,County Highway Agency,0,Sin jurisdiccion especial,99998,27.87025,-82.13769444,Vehiculo en movimiento,Angulo,Not an Intersection,No fue interseccion,Sobre calle,Ninguna,Dia total,Despejado,No,NO APLICA,99,99,99,99,1,29/04/2022,3
12,Florida,121572,0,0,3,0,71,LEE (71),1070,FORT MYERS,4,Abril,28,2022,22,51,SR-739 FOWLER AVE,3,Highway estatal,Urbano,Arteria Principal,State Highway Agency,1,Sin jurisdiccion especial,99998,26.62415278,-81.86207778,Vehiculo en movimiento,Frente a frente,T-Intersection,Interseccion de T,Sobre calle,Ninguna,Oscuro con iluminacion,Despejado,No,NO APLICA,99,99,99,99,1,28/04/2022,6
12,Florida,121573,0,0,2,0,127,VOLUSIA (127),2240,OAK HILL,4,Abril,16,2022,20,17,US-1,2,US Highway,Rural,Arteria Principal,State Highway Agency,1,Sin jurisdiccion especial,99998,28.88441111,-80.85667778,Poste,El primer evento no fue una colision con un vehiculo automotor en transporte,Not an Intersection,No fue interseccion,Sobre el lado de la calle,Ninguna,Oscuro sin iluminacion,Despejado,No,NO APLICA,99,99,99,99,2,16/04/2022,4
12,Florida,121574,0,0,2,0,97,OSCEOLA (97),1590,KISSIMMEE,5,Mayo,11,2022,12,2,N THACKER AVE,6,Calle Local Municipalidad,Urbano,Colector Mayor,County Highway Agency,0,Sin jurisdiccion especial,99998,28.29183611,-81.42424444,Vehiculo en movimiento,Angulo,Four-Way Intersection,Interseccion de 4 direcciones,Sobre calle,Ninguna,Dia total,Despejado,No,NO APLICA,99,99,99,99,1,11/05/2022,2
12,Florida,121575,1,1,1,0,57,HILLSBOROUGH (57),0,NO APLICA,5,Mayo,28,2022,3,47,WATERS AVE,6,Calle Local Municipalidad,Urbano,Colector Mayor,Not Reported,0,Sin jurisdiccion especial,99998,28.02604167,-82.58473333,Peaton,El primer evento no fue una colision con un vehiculo automotor en transporte,Not an Intersection,No fue interseccion,Sobre calle,Ninguna,Oscuro sin iluminacion,Despejado,No,NO APLICA,99,99,99,99,1,28/05/2022,1
12,Florida,121576,0,0,2,0,57,HILLSBOROUGH (57),0,NO APLICA,4,Abril,14,2022,2,50,US-301,2,US Highway,Rural,Arteria Principal,State Highway Agency,1,Sin jurisdiccion especial,99998,28.10166667,-82.2522,Vehiculo en movimiento,Frente a frente,Not an Intersection,No fue interseccion,Sobre calle,Ninguna,Oscuro sin iluminacion,Despejado,No,NO APLICA,99,99,99,99,2,14/04/2022,3
12,Florida,121577,0,0,1,0,83,MARION (83),220,BELLEVIEW,6,Junio,17,2022,12,33,SE 115TH ST,8,Otro,Urbano,Local,County Highway Agency,0,Sin jurisdiccion especial,99998,29.05503889,-82.06027778,Arbol,El primer evento no fue una colision con un vehiculo automotor en transporte,Not an Intersection,No fue interseccion,Sobre el lado de la calle,Ninguna,Dia total,Despejado,No,NO APLICA,99,99,99,99,1,17/06/2022,1
12,Florida,121578,1,1,1,0,101,PASCO (101),750,DADE CITY,6,Junio,24,2022,16,56,TUSKEEGEE AVE,6,Calle Local Municipalidad,Urbano,Local,City or Municipal Highway Agency,0,Sin jurisdiccion especial,99998,28.36204444,-82.18318333,No vehiculo o remolque,El primer evento no fue una colision con un vehiculo automotor en transporte,Four-Way Intersection,Interseccion de 4 direcciones,Sobre calle,Ninguna,Atardecer,Nublado,No,NO APLICA,99,99,99,99,1,24/06/2022,1
12,Florida,121579,0,0,1,0,95,ORANGE (95),2360,ORLANDO,6,Junio,12,2022,20,24,I-4,1,Interestatal,Urbano,Interestatal,State Highway Agency,1,Sin jurisdiccion especial,99998,28.57057222,-81.37569444,Alguien se cayo/avento del vehiculo,El primer evento no fue una colision con un vehiculo automotor en transporte,Not an Intersection,No fue interseccion,Sobre calle,Ninguna,Oscuro con iluminacion,Despejado,No,NO APLICA,99,99,99,99,1,12/06/2022,1
12,Florida,121580,0,0,1,0,95,ORANGE (95),0,NO APLICA,6,Junio,9,2022,5,25,TURKEY LAKE SERVICE PLAZA RAMP,8,Otro,Trafficway Not in State Inventory,Via no en inventario estatal,Trafficway Not in State Inventory,0,Sin jurisdiccion especial,99998,28.51405,-81.49728611,Banqueta,El primer evento no fue una colision con un vehiculo automotor en transporte,Not an Intersection,No fue interseccion,Sobre el lado de la calle,Ninguna,Oscuro con iluminacion,Despejado,No,NO APLICA,99,99,99,99,1,09/06/2022,1
12,Florida,121581,0,0,1,0,97,OSCEOLA (97),0,NO APLICA,6,Junio,7,2022,13,53,CROSS PRAIRIE PARKWAY,8,Otro,Trafficway Not in State Inventory,Via no en inventario estatal,Trafficway Not in State Inventory,0,Sin jurisdiccion especial,99998,28.27256944,-81.35581111,Volcadura,El primer evento no fue una colision con un vehiculo automotor en transporte,Not an Intersection,No fue interseccion,En el medio,Ninguna,Dia total,Despejado,No,NO APLICA,99,99,99,99,1,07/06/2022,1
12,Florida,121582,1,1,2,0,71,LEE (71),0,NO APLICA,6,Junio,22,2022,21,28,US-41 S TAMIAMI TRL,2,US Highway,Urbano,Arteria Principal,State Highway Agency,1,Sin jurisdiccion especial,99998,26.46108889,-81.82836944,Peaton,El primer evento no fue una colision con un vehiculo automotor en transporte,Not an Intersection,No fue interseccion,Sobre calle,Ninguna,Oscuro sin iluminacion,Despejado,No,NO APLICA,99,99,99,99,1,22/06/2022,2
12,Florida,121583,0,0,2,0,119,SUMTER (119),0,NO APLICA,5,Mayo,23,2022,10,6,MORSE BLVD,8,Otro,Urbano,Colector Mayor,County Highway Agency,0,Sin jurisdiccion especial,99998,28.94826389,-81.95501111,Vehiculo en movimiento,Angulo,Traffic Circle,Circulo de Trafico,Sobre calle,Ninguna,Dia total,Despejado,No,NO APLICA,99,99,99,99,1,23/05/2022,2
12,Florida,121584,0,0,1,0,97,OSCEOLA (97),0,NO APLICA,6,Junio,17,2022,19,8,US-192,2,US Highway,Rural,Arteria Principal,State Highway Agency,1,Sin jurisdiccion especial,99998,28.13819722,-81.04192778,Volcadura,El primer evento no fue una colision con un vehiculo automotor en transporte,Not an Intersection,No fue interseccion,Sobre el lado de la calle,Ninguna,Dia total,Despejado,No,NO APLICA,99,99,99,99,1,17/06/2022,1
12,Florida,121585,0,0,2,0,91,OKALOOSA (91),710,CRESTVIEW,6,Junio,17,2022,15,34,SR-85,3,Highway estatal,Urbano,Arteria Principal,State Highway Agency,1,Sin jurisdiccion especial,99998,30.76579167,-86.568575,Volcadura,El primer evento no fue una colision con un vehiculo automotor en transporte,T-Intersection,Interseccion de T,Sobre calle,Ninguna,Dia total,Despejado,No,NO APLICA,99,99,99,99,1,17/06/2022,3
12,Florida,121586,0,0,2,0,11,BROWARD (11),1782,LAUDERHILL,6,Junio,6,2022,9,8,31ST AVE,8,Otro,Urbano,Arteria Menor,County Highway Agency,0,Sin jurisdiccion especial,99998,26.13805833,-80.18656111,Vehiculo en movimiento,Angulo,T-Intersection,Interseccion de T,Sobre calle,Ninguna,Dia total,Despejado,No,NO APLICA,99,99,99,99,1,06/06/2022,2
12,Florida,121587,1,1,1,0,103,PINELLAS (103),570,CLEARWATER,6,Junio,16,2022,20,53,SR-60,3,Highway estatal,Urbano,Arteria Principal,State Highway Agency,1,Sin jurisdiccion especial,99998,27.9606,-82.72760833,Peaton,El primer evento no fue una colision con un vehiculo automotor en transporte,Not an Intersection,No fue interseccion,Sobre calle,Ninguna,Oscuro con iluminacion,Despejado,No,NO APLICA,99,99,99,99,1,16/06/2022,1
12,Florida,121588,0,0,2,0,86,MIAMI-DADE (86),2010,MIAMI,5,Mayo,15,2022,3,0,SR-821,3,Highway estatal,Urbano,Arterial Principal -Freeway o ExpressWay,State Highway Agency,1,Sin jurisdiccion especial,99998,25.58456111,-80.36698889,Vehiculo en movimiento,Frente a Detrás,Not an Intersection,No fue interseccion,Sobre calle,Ninguna,Oscuro con iluminacion,Despejado,No,NO APLICA,99,99,99,99,1,15/05/2022,5
12,Florida,121590,1,1,3,0,11,BROWARD (11),771,DAVIE,6,Junio,8,2022,5,33,I-595,1,Interestatal,Urbano,Interestatal,State Highway Agency,1,Sin jurisdiccion especial,99998,26.08893611,-80.21033889,Vehiculo en movimiento,Frente a Detrás,Not an Intersection,No fue interseccion,Sobre calle,"Zona de trabajo, tipo desconocido",Oscuro sin iluminacion,Nublado,No,NO APLICA,99,99,99,99,1,08/06/2022,3
12,Florida,121591,0,0,1,0,57,HILLSBOROUGH (57),0,NO APLICA,6,Junio,23,2022,2,48,FISHHAWK BLVD,8,Otro,Urbano,Arteria Menor,County Highway Agency,0,Sin jurisdiccion especial,99998,27.85440556,-82.20695833,Banqueta,El primer evento no fue una colision con un vehiculo automotor en transporte,T-Intersection,Interseccion de T,Sobre el lado de la calle,Ninguna,Oscuro con iluminacion,Despejado,No,NO APLICA,99,99,99,99,1,23/06/2022,1
12,Florida,121593,1,1,1,0,57,HILLSBOROUGH (57),0,NO APLICA,6,Junio,27,2022,5,5,MORRIS BRIDGE RD,8,Otro,Trafficway Not in State Inventory,Via no en inventario estatal,Trafficway Not in State Inventory,0,Sin jurisdiccion especial,99998,28.06874722,-82.35972778,Peaton,El primer evento no fue una colision con un vehiculo automotor en transporte,Not an Intersection,No fue interseccion,Sobre calle,Ninguna,Amanecer,Despejado,No,NO APLICA,99,99,99,99,1,27/06/2022,1
12,Florida,121595,0,0,1,0,71,LEE (71),0,NO APLICA,6,Junio,14,2022,8,25,I-75,1,Interestatal,Urbano,Interestatal,State Highway Agency,1,Sin jurisdiccion especial,99998,26.50568889,-81.79436944,Valla Ferrocarril,El primer evento no fue una colision con un vehiculo automotor en transporte,Not an Intersection,No fue interseccion,En el medio,Ninguna,Dia total,Despejado,No,NO APLICA,99,99,99,99,1,14/06/2022,2
12,Florida,121596,0,0,1,0,11,BROWARD (11),1050,FORT LAUDERDALE,6,Junio,19,2022,5,28,NW 23RD AV,9,Desconocido,Urbano,Colector Mayor,City or Municipal Highway Agency,0,Sin jurisdiccion especial,99998,26.13938889,-80.17145556,Poste,El primer evento no fue una colision con un vehiculo automotor en transporte,Not an Intersection,No fue interseccion,Sobre el lado de la calle,Ninguna,Oscuro con iluminacion,Despejado,No,NO APLICA,99,99,99,99,1,19/06/2022,1
12,Florida,121597,1,1,1,0,103,PINELLAS (103),0,NO APLICA,6,Junio,9,2022,3,34,US-19,2,US Highway,Urbano,Arteria Principal,State Highway Agency,1,Sin jurisdiccion especial,99998,28.05953889,-82.73876111,Peaton,El primer evento no fue una colision con un vehiculo automotor en transporte,T-Intersection,Interseccion de T,Sobre calle,Ninguna,Oscuro con iluminacion,Despejado,No,NO APLICA,99,99,99,99,1,09/06/2022,1
12,Florida,121598,0,0,4,0,105,POLK (105),0,NO APLICA,6,Junio,8,2022,18,10,US-17,2,US Highway,Urbano,Arteria Principal,State Highway Agency,1,Sin jurisdiccion especial,99998,27.819375,-81.82141944,Vehiculo en movimiento,Detrás a Lado. ,Not an Intersection,No fue interseccion,Sobre calle,Ninguna,Dia total,lluvia,No,NO APLICA,99,99,99,99,1,08/06/2022,6
12,Florida,121599,0,0,2,0,57,HILLSBOROUGH (57),2950,TAMPA,6,Junio,18,2022,1,14,GEORGE J BEAN PKWY,8,Otro,Urbano,Local,"Other Public Instrumentality (i.e., Airport)",0,Sin jurisdiccion especial,99998,27.97363611,-82.53647778,Vehiculo en movimiento,Angulo,Not an Intersection,No fue interseccion,Sobre calle,Ninguna,Oscuro con iluminacion,Despejado,No,NO APLICA,99,99,99,99,1,18/06/2022,2
12,Florida,121600,1,1,1,0,99,PALM BEACH (99),3190,WEST PALM BEACH,6,Junio,6,2022,21,0,WEISMAN WAY,6,Calle Local Municipalidad,Urbano,Local,Not Reported,0,Sin jurisdiccion especial,99998,26.68801667,-80.19492778,Peaton,El primer evento no fue una colision con un vehiculo automotor en transporte,Not an Intersection,No fue interseccion,Sobre calle,Ninguna,Oscuro sin iluminacion,lluvia,No,NO APLICA,99,99,99,99,1,06/06/2022,1
12,Florida,121601,1,1,1,0,111,ST LUCIE (111),2601,PORT SAINT LUCIE,3,Marzo,3,2022,10,43,NW ST JAMES DR,6,Calle Local Municipalidad,Urbano,Arteria Principal,Not Reported,0,Sin jurisdiccion especial,99998,27.3416,-80.35129444,Ciclista,El primer evento no fue una colision con un vehiculo automotor en transporte,T-Intersection,Interseccion de T,Sobre calle,Ninguna,Dia total,Despejado,No,NO APLICA,99,99,99,99,1,03/03/2022,1
12,Florida,121602,0,0,2,0,11,BROWARD (11),1420,HOLLYWOOD,5,Mayo,14,2022,21,37,JOHNSON ST,6,Calle Local Municipalidad,Urbano,Colector Mayor,City or Municipal Highway Agency,0,Sin jurisdiccion especial,99998,26.01702222,-80.22972778,Vehiculo en movimiento,Frente a frente,Not an Intersection,No fue interseccion,Sobre calle,Ninguna,Oscuro con iluminacion,Despejado,No,NO APLICA,99,99,99,99,1,14/05/2022,2
12,Florida,121603,1,1,1,0,11,BROWARD (11),1420,HOLLYWOOD,6,Junio,13,2022,21,29,SR-822,3,Highway estatal,Urbano,Arteria Menor,State Highway Agency,0,Sin jurisdiccion especial,99998,26.03337778,-80.15775278,No vehiculo o remolque,El primer evento no fue una colision con un vehiculo automotor en transporte,Not an Intersection,No fue interseccion,Sobre calle,Ninguna,Oscuro sin iluminacion,Despejado,No,NO APLICA,99,99,99,99,1,13/06/2022,1
12,Florida,121604,0,0,2,0,57,HILLSBOROUGH (57),0,NO APLICA,6,Junio,23,2022,12,0,W BEARSS AVE,8,Otro,Urbano,Arteria Menor,County Highway Agency,0,Sin jurisdiccion especial,99998,28.084675,-82.50190278,Vehiculo en movimiento,Angulo,Four-Way Intersection,Interseccion de 4 direcciones,Sobre calle,Ninguna,Dia total,Despejado,No,NO APLICA,99,99,99,99,1,23/06/2022,5
12,Florida,121606,0,0,2,0,86,MIAMI-DADE (86),2023,MIAMI GARDENS,6,Junio,5,2022,15,21,SR-817 NW 27TH AVE,3,Highway estatal,Urbano,Arteria Principal,State Highway Agency,1,Sin jurisdiccion especial,99998,25.93098889,-80.24476111,Vehiculo en movimiento,Angulo,T-Intersection,Interseccion de T,Sobre calle,Ninguna,Dia total,Nublado,No,NO APLICA,99,99,99,99,1,05/06/2022,3
12,Florida,121607,0,0,2,0,86,MIAMI-DADE (86),2023,MIAMI GARDENS,6,Junio,16,2022,1,28,SR-817 NW 27TH AVE,3,Highway estatal,Urbano,Arteria Principal,State Highway Agency,1,Sin jurisdiccion especial,99998,25.94106667,-80.24522778,Vehiculo en movimiento,Angulo,Four-Way Intersection,Interseccion de 4 direcciones,Sobre calle,Ninguna,Oscuro con iluminacion,Despejado,No,NO APLICA,99,99,99,99,1,16/06/2022,2
12,Florida,121608,0,0,3,0,57,HILLSBOROUGH (57),0,NO APLICA,5,Mayo,3,2022,22,0,I-75,1,Interestatal,Urbano,Interestatal,State Highway Agency,1,Sin jurisdiccion especial,99998,28.09703889,-82.36116111,Vehiculo en movimiento,Frente a Detrás,Not an Intersection,No fue interseccion,Sobre calle,Ninguna,Oscuro con iluminacion,Nublado,No,NO APLICA,99,99,99,99,1,03/05/2022,6
12,Florida,121609,0,0,2,0,83,MARION (83),0,NO APLICA,6,Junio,22,2022,18,10,CR-42,4,Calle del Condado,Rural,Colector Menor,County Highway Agency,0,Sin jurisdiccion especial,99998,28.99305278,-81.81703056,Vehiculo en movimiento,Frente a frente,Not an Intersection,No fue interseccion,Sobre calle,Ninguna,Dia total,Despejado,No,NO APLICA,99,99,99,99,1,22/06/2022,4
12,Florida,121611,0,0,1,0,69,LAKE (69),1630,LADY LAKE,4,Abril,24,2022,3,15,US-441,2,US Highway,Urbano,Arteria Principal,State Highway Agency,1,Sin jurisdiccion especial,99998,28.92308611,-81.92475,Banqueta,El primer evento no fue una colision con un vehiculo automotor en transporte,Not an Intersection,No fue interseccion,Sobre el lado de la calle,"Zona de trabajo, tipo desconocido",Oscuro sin iluminacion,Despejado,No,NO APLICA,99,99,99,99,2,24/04/2022,4
12,Florida,121612,0,0,1,0,86,MIAMI-DADE (86),670,CORAL GABLES,4,Abril,17,2022,2,59,SR-972,3,Highway estatal,Urbano,Arteria Principal,State Highway Agency,1,Sin jurisdiccion especial,99998,25.74938889,-80.26297222,Banqueta,El primer evento no fue una colision con un vehiculo automotor en transporte,"Five Point, or More",5 Puntos o mas,Sobre el lado de la calle,Ninguna,Oscuro con iluminacion,Despejado,No,NO APLICA,99,99,99,99,1,17/04/2022,1
12,Florida,121613,0,0,2,0,99,PALM BEACH (99),3190,WEST PALM BEACH,6,Junio,23,2022,22,19,US-1 BROADWAY,2,US Highway,Urbano,Arteria Menor,State Highway Agency,0,Sin jurisdiccion especial,99998,26.74170556,-80.05667778,Vehiculo en movimiento,Angulo,T-Intersection,Interseccion de T,Sobre calle,Ninguna,Oscuro con iluminacion,Nublado,No,NO APLICA,99,99,99,99,1,23/06/2022,2
12,Florida,121614,0,0,2,0,11,BROWARD (11),2541,PLANTATION,5,Mayo,29,2022,13,39,PETERS RD,6,Calle Local Municipalidad,Urbano,Colector Mayor,Not Reported,0,Sin jurisdiccion especial,99998,26.10557778,-80.24303333,Vehiculo en movimiento,Angulo,T-Intersection,Interseccion de T,Sobre calle,Ninguna,Dia total,Nublado,No,NO APLICA,99,99,99,99,1,29/05/2022,3
12,Florida,121615,0,0,2,0,127,VOLUSIA (127),920,EDGEWATER,6,Junio,23,2022,11,44,US-1 S RIDGEWOOD AVE,2,US Highway,Urbano,Arteria Principal,State Highway Agency,1,Sin jurisdiccion especial,99998,28.97763333,-80.89904444,Vehiculo en movimiento,Angulo,Four-Way Intersection,Interseccion de 4 direcciones,Sobre calle,Ninguna,Dia total,Despejado,No,NO APLICA,99,99,99,99,1,23/06/2022,2
12,Florida,121616,0,0,1,0,101,PASCO (101),0,NO APLICA,5,Mayo,4,2022,18,9,BELLAMY BROTHERS BLVD,9,Desconocido,Rural,Colector Mayor,County Highway Agency,0,Sin jurisdiccion especial,99998,28.40805556,-82.37154167,Volcadura,El primer evento no fue una colision con un vehiculo automotor en transporte,Not an Intersection,No fue interseccion,Sobre el lado de la calle,Ninguna,Dia total,Despejado,No,NO APLICA,99,99,99,99,1,04/05/2022,1
12,Florida,121617,0,0,2,0,97,OSCEOLA (97),0,NO APLICA,6,Junio,15,2022,9,22,SR-60,3,Highway estatal,Rural,Arteria Principal,State Highway Agency,1,Sin jurisdiccion especial,99998,27.74169444,-81.045,Vehiculo en movimiento,Frente a frente,Not an Intersection,No fue interseccion,Sobre calle,Ninguna,Dia total,Despejado,No,NO APLICA,99,99,99,99,2,15/06/2022,4
12,Florida,121618,0,0,3,0,95,ORANGE (95),0,NO APLICA,6,Junio,18,2022,1,0,SR-417,3,Highway estatal,Urbano,Arterial Principal -Freeway o ExpressWay,State Highway Agency,1,Sin jurisdiccion especial,99998,28.53206944,-81.25073889,Vehiculo en movimiento,Frente a Detrás,Not an Intersection,No fue interseccion,Sobre calle,Ninguna,Oscuro con iluminacion,Despejado,No,NO APLICA,99,99,99,99,1,18/06/2022,4
12,Florida,121619,0,0,1,0,127,VOLUSIA (127),0,NO APLICA,6,Junio,25,2022,19,25,I-95,1,Interestatal,Urbano,Interestatal,State Highway Agency,1,Sin jurisdiccion especial,99998,29.34790556,-81.131,Valla Ferrocarril,El primer evento no fue una colision con un vehiculo automotor en transporte,Not an Intersection,No fue interseccion,En el medio,Ninguna,Dia total,Despejado,No,NO APLICA,99,99,99,99,1,25/06/2022,1
12,Florida,121620,1,1,1,0,69,LAKE (69),0,NO APLICA,6,Junio,24,2022,4,45,US-27,2,US Highway,Urbano,Arteria Principal,State Highway Agency,1,Sin jurisdiccion especial,99998,28.34736389,-81.67393333,Ciclista,El primer evento no fue una colision con un vehiculo automotor en transporte,Not an Intersection,No fue interseccion,Sobre calle,Ninguna,Oscuro con iluminacion,Despejado,No,NO APLICA,99,99,99,99,1,24/06/2022,1
12,Florida,121621,1,1,2,0,57,HILLSBOROUGH (57),0,NO APLICA,5,Mayo,22,2022,2,15,I-75,1,Interestatal,Urbano,Interestatal,State Highway Agency,1,Sin jurisdiccion especial,99998,28.03107222,-82.34360833,Vehiculo en movimiento,Frente a Detrás,Not an Intersection,No fue interseccion,Sobre calle,Ninguna,Oscuro sin iluminacion,Despejado,No,NO APLICA,99,99,99,99,1,22/05/2022,3
12,Florida,121622,1,1,2,0,31,DUVAL (31),1510,JACKSONVILLE,6,Junio,25,2022,2,47,I-10,1,Interestatal,Urbano,Interestatal,State Highway Agency,1,Sin jurisdiccion especial,99998,30.32078889,-81.70546944,Peaton,El primer evento no fue una colision con un vehiculo automotor en transporte,Not an Intersection,No fue interseccion,Sobre calle,Ninguna,Oscuro sin iluminacion,Despejado,No,NO APLICA,99,99,99,99,1,25/06/2022,2
12,Florida,121623,1,1,1,0,105,POLK (105),0,NO APLICA,6,Junio,17,2022,0,35,US-27,2,US Highway,Urbano,Arteria Principal,State Highway Agency,1,Sin jurisdiccion especial,99998,28.33744444,-81.67205833,Peaton,El primer evento no fue una colision con un vehiculo automotor en transporte,Not an Intersection,No fue interseccion,Sobre calle,Ninguna,Oscuro sin iluminacion,Despejado,No,NO APLICA,99,99,99,99,1,17/06/2022,1
12,Florida,121624,0,0,3,0,49,HARDEE (49),0,NO APLICA,6,Junio,21,2022,16,2,US-17,2,US Highway,Urbano,Arteria Principal,State Highway Agency,1,Sin jurisdiccion especial,99998,27.49345,-81.79635,Vehiculo en movimiento,Detrás a Lado. ,Four-Way Intersection,Interseccion de 4 direcciones,Sobre calle,Ninguna,Dia total,Despejado,No,NO APLICA,99,99,99,99,1,21/06/2022,4