Estado,Nombre de Estado,Numero de Caso,Peatones,Personas _no_vehiculos,Vehiculos automotores,Vehiculos estacionados,Condado,Nombre Condado,Ciudad,Nombre Ciudad,Mes,Nombre Mes,Dia,Año,Hora,Minuto,Calle,Ruta,Nombre Ruta,Rural o Urbanoo,Sistema Funcional,Dueño Calle,Sistema Nacional Carreteras,Jurisdiccion Especial,Milla,Latitud,Longitud,Causa del Accidente,Tipo de Accidente,Tipo Interseccion,Columna1,Lugar en la calle,Zona de Trabajo,Luz,Clima,Autobus Escolar,Cruce de Trenes,Hora Notificacion,Minuto Notificacion,Hora Llegada,Minuto Llegada,Decesos,Fecha,PersonaVehiculo
12,Florida,121625,0,0,2,0,86,MIAMI-DADE (86),0,NO APLICA,6,Junio,23,2022,23,15,SR-932 103RD ST,3,Highway estatal,Urbano,Arteria Principal,State Highway Agency,1,Sin jurisdiccion especial,99998,25.86781667,-80.25084722,Vehiculo en movimiento,Angulo,Four-Way Intersection,Interseccion de 4 direcciones,Sobre calle,Ninguna,Oscuro con iluminacion,Despejado,No,NO APLICA,99,99,99,99,1,23/06/2022,3
12,Florida,121626,0,0,1,0,99,PALM BEACH (99),0,NO APLICA,6,Junio,26,2022,5,30,SR-98 RAMP,3,Highway estatal,Urbano,Arteria Principal,State Highway Agency,1,Sin jurisdiccion especial,99998,26.67686111,-80.08728056,Poste de Señal de trafico,El primer evento no fue una colision con un vehiculo automotor en transporte,Not an Intersection,No fue interseccion,Sobre el lado de la calle,Ninguna,Reportada como desconocida,Despejado,No,NO APLICA,99,99,99,99,3,26/06/2022,3
12,Florida,121627,0,0,1,0,99,PALM BEACH (99),290,BOCA RATON,6,Junio,24,2022,14,37,US-441,2,US Highway,Urbano,Arteria Principal,State Highway Agency,1,Sin jurisdiccion especial,99998,26.34464167,-80.20313611,Muro,El primer evento no fue una colision con un vehiculo automotor en transporte,Not an Intersection,No fue interseccion,Fuera de la calle,Ninguna,Dia total,Despejado,No,NO APLICA,99,99,99,99,1,24/06/2022,1
12,Florida,121628,0,0,1,0,127,VOLUSIA (127),1410,HOLLY HILL,6,Junio,28,2022,23,0,US-1 RIDGEWOOD AVE,2,US Highway,Urbano,Arteria Principal,State Highway Agency,1,Sin jurisdiccion especial,99998,29.25488611,-81.04660833,Poste,El primer evento no fue una colision con un vehiculo automotor en transporte,Not an Intersection,No fue interseccion,Sobre el lado de la calle,Ninguna,Oscuro con iluminacion,Despejado,No,NO APLICA,99,99,99,99,1,28/06/2022,1
12,Florida,121629,0,0,2,0,35,FLAGLER (35),2439,PALM COAST,6,Junio,16,2022,11,58,PALM COAST PARKWAY,8,Otro,Urbano,Arteria Principal,City or Municipal Highway Agency,1,Sin jurisdiccion especial,99998,29.55343056,-81.23196944,Vehiculo en movimiento,Frente a frente,Four-Way Intersection,Interseccion de 4 direcciones,Sobre calle,Ninguna,Dia total,Despejado,No,NO APLICA,99,99,99,99,1,16/06/2022,3
12,Florida,121630,0,0,2,0,95,ORANGE (95),0,NO APLICA,5,Mayo,29,2022,12,37,SR-551,3,Highway estatal,Urbano,Arteria Menor,State Highway Agency,0,Sin jurisdiccion especial,99998,28.55963056,-81.28601111,Vehiculo en movimiento,Angulo,Four-Way Intersection,Interseccion de 4 direcciones,Sobre calle,Ninguna,Dia total,Despejado,No,NO APLICA,99,99,99,99,1,29/05/2022,2
12,Florida,121631,0,0,2,0,109,ST JOHNS (109),0,NO APLICA,6,Junio,27,2022,13,54,SR-13,3,Highway estatal,Urbano,Arteria Menor,State Highway Agency,0,Sin jurisdiccion especial,99998,30.08898889,-81.63049444,Vehiculo en movimiento,Frente a frente,Not an Intersection,No fue interseccion,Sobre calle,Ninguna,Dia total,Nublado,No,NO APLICA,99,99,99,99,1,27/06/2022,2
12,Florida,121632,0,0,2,0,83,MARION (83),2270,OCALA,6,Junio,14,2022,14,12,SR-200,3,Highway estatal,Urbano,Arteria Principal,State Highway Agency,1,Sin jurisdiccion especial,99998,29.14061944,-82.1947,Vehiculo en movimiento,Angulo,Four-Way Intersection,Interseccion de 4 direcciones,Sobre calle,Ninguna,Dia total,Despejado,No,NO APLICA,99,99,99,99,1,14/06/2022,2
12,Florida,121633,0,0,1,0,111,ST LUCIE (111),2601,PORT SAINT LUCIE,3,Marzo,22,2022,21,1,SW JACOBY AVE,8,Otro,Trafficway Not in State Inventory,Via no en inventario estatal,Trafficway Not in State Inventory,0,Sin jurisdiccion especial,99998,27.22875278,-80.37239444,Buzon de correo,El primer evento no fue una colision con un vehiculo automotor en transporte,Not an Intersection,No fue interseccion,Sobre el lado de la calle,Ninguna,Oscuro sin iluminacion,Despejado,No,NO APLICA,99,99,99,99,1,22/03/2022,1
12,Florida,121634,0,0,2,0,86,MIAMI-DADE (86),2220,NORTH MIAMI,6,Junio,21,2022,18,59,NE 7TH AVE,6,Calle Local Municipalidad,Urbano,Local,City or Municipal Highway Agency,0,Sin jurisdiccion especial,99998,25.89035278,-80.18445278,Vehiculo en movimiento,Angulo,Four-Way Intersection,Interseccion de 4 direcciones,Sobre calle,Ninguna,Dia total,Despejado,No,NO APLICA,99,99,99,99,1,21/06/2022,2
12,Florida,121635,0,0,2,0,127,VOLUSIA (127),2580,PORT ORANGE,6,Junio,24,2022,14,52,I-95,1,Interestatal,Urbano,Interestatal,State Highway Agency,1,Sin jurisdiccion especial,2560,29.11103889,-81.03091111,Vehiculo en movimiento,Frente a Detrás,Not an Intersection,No fue interseccion,Sobre calle,Ninguna,Dia total,Nublado,No,NO APLICA,99,99,99,99,1,24/06/2022,4
12,Florida,121636,0,0,4,0,127,VOLUSIA (127),2340,ORANGE CITY,6,Junio,21,2022,3,10,I-4,1,Interestatal,Urbano,Interestatal,State Highway Agency,1,Sin jurisdiccion especial,1130,28.944425,-81.26101111,Vehiculo en movimiento,Frente a Detrás,Not an Intersection,No fue interseccion,Sobre calle,Ninguna,Oscuro sin iluminacion,Despejado,No,NO APLICA,99,99,99,99,1,21/06/2022,5
12,Florida,121637,0,0,2,0,103,PINELLAS (103),0,NO APLICA,6,Junio,17,2022,17,12,US-19,2,US Highway,Urbano,Arteria Principal,State Highway Agency,1,Sin jurisdiccion especial,99998,28.08015833,-82.73901944,Vehiculo en movimiento,Golpe Lateral - misma direccion,Not an Intersection,No fue interseccion,Sobre calle,Ninguna,Dia total,Despejado,No,NO APLICA,99,99,99,99,1,17/06/2022,3
12,Florida,121638,0,0,2,1,31,DUVAL (31),1510,JACKSONVILLE,7,Julio,4,2022,3,19,SACHA RD,6,Calle Local Municipalidad,Rural,Local,City or Municipal Highway Agency,0,Sin jurisdiccion especial,99998,30.46247778,-81.55141389,Vehiculo Aparcado,El primer evento no fue una colision con un vehiculo automotor en transporte,Not an Intersection,No fue interseccion,Sobre el lado de la calle,Ninguna,Oscuro - iluminacion desconocida,Despejado,No,NO APLICA,99,99,99,99,1,04/07/2022,1
12,Florida,121640,0,0,2,0,95,ORANGE (95),0,NO APLICA,6,Junio,1,2022,6,59,CR-527,4,Calle del Condado,Urbano,Arteria Menor,County Highway Agency,0,Sin jurisdiccion especial,99998,28.40134167,-81.37660278,Banqueta,El primer evento no fue una colision con un vehiculo automotor en transporte,Not an Intersection,No fue interseccion,En el medio,Ninguna,Dia total,Despejado,No,NO APLICA,99,99,99,99,1,01/06/2022,2
12,Florida,121641,0,0,1,0,86,MIAMI-DADE (86),2010,MIAMI,7,Julio,3,2022,0,50,US-27 NW 36TH ST,2,US Highway,Urbano,Arteria Menor,State Highway Agency,1,Sin jurisdiccion especial,99998,25.809725,-80.20545278,Poste o otros soportes,El primer evento no fue una colision con un vehiculo automotor en transporte,Not an Intersection,No fue interseccion,Sobre el lado de la calle,Ninguna,Oscuro con iluminacion,Despejado,No,NO APLICA,99,99,99,99,1,03/07/2022,1
12,Florida,121642,0,0,2,0,31,DUVAL (31),1510,JACKSONVILLE,7,Julio,4,2022,21,7,ARGYLE FOREST BLVD,6,Calle Local Municipalidad,Urbano,Colector Menor,City or Municipal Highway Agency,0,Sin jurisdiccion especial,99998,30.19633056,-81.7754,Vehiculo en movimiento,Angulo,T-Intersection,Interseccion de T,Sobre calle,Ninguna,Oscuro con iluminacion,Despejado,No,NO APLICA,99,99,99,99,2,04/07/2022,3
12,Florida,121643,0,0,4,2,86,MIAMI-DADE (86),2010,MIAMI,7,Julio,4,2022,1,45,SW 7TH AVE,6,Calle Local Municipalidad,Urbano,Local,City or Municipal Highway Agency,0,Sin jurisdiccion especial,99998,25.77274444,-80.20601944,Vehiculo en movimiento,Angulo,Four-Way Intersection,Interseccion de 4 direcciones,Sobre calle,Ninguna,Oscuro con iluminacion,Despejado,No,NO APLICA,99,99,99,99,1,04/07/2022,3
12,Florida,121644,0,0,1,0,57,HILLSBOROUGH (57),2540,PLANT CITY,6,Junio,28,2022,18,58,W WARREN ST,6,Calle Local Municipalidad,Urbano,Local,City or Municipal Highway Agency,0,Sin jurisdiccion especial,99998,28.01093333,-82.13303056,Poste,El primer evento no fue una colision con un vehiculo automotor en transporte,Not an Intersection,No fue interseccion,Sobre el lado de la calle,Ninguna,Dia total,Despejado,No,NO APLICA,99,99,99,99,1,28/06/2022,1
12,Florida,121645,0,0,2,0,95,ORANGE (95),0,NO APLICA,6,Junio,23,2022,20,35,SR-434,3,Highway estatal,Urbano,Arteria Principal,State Highway Agency,1,Sin jurisdiccion especial,99998,28.57953889,-81.20785,Vehiculo en movimiento,Angulo,T-Intersection,Interseccion de T,Sobre calle,Ninguna,Atardecer,Despejado,No,NO APLICA,99,99,99,99,1,23/06/2022,2
12,Florida,121646,0,0,2,1,95,ORANGE (95),0,NO APLICA,6,Junio,29,2022,21,54,W KALEY ST,8,Otro,Urbano,Colector Mayor,County Highway Agency,0,Sin jurisdiccion especial,99998,28.52000556,-81.40081944,Vehiculo Aparcado,El primer evento no fue una colision con un vehiculo automotor en transporte,Not an Intersection,No fue interseccion,Sobre el lado de la calle,Ninguna,Oscuro con iluminacion,Despejado,No,NO APLICA,99,99,99,99,1,29/06/2022,1
12,Florida,121647,0,0,1,0,31,DUVAL (31),1510,JACKSONVILLE,6,Junio,30,2022,16,0,SR-115,3,Highway estatal,Urbano,Arteria Principal,State Highway Agency,0,Sin jurisdiccion especial,99998,30.32606111,-81.56635,Barrera de Trafico de Concreto,El primer evento no fue una colision con un vehiculo automotor en transporte,Not an Intersection,No fue interseccion,En el medio,Ninguna,Dia total,Despejado,No,NO APLICA,99,99,99,99,1,30/06/2022,1
12,Florida,121648,0,0,1,0,105,POLK (105),0,NO APLICA,6,Junio,18,2022,15,52,US-98,2,US Highway,Urbano,Arteria Principal,State Highway Agency,1,Sin jurisdiccion especial,99998,28.16055278,-81.97382778,Volcadura,El primer evento no fue una colision con un vehiculo automotor en transporte,Not an Intersection,No fue interseccion,Sobre el lado de la calle,Ninguna,Dia total,Nublado,No,NO APLICA,99,99,99,99,1,18/06/2022,1
12,Florida,121649,0,0,2,0,105,POLK (105),0,NO APLICA,6,Junio,26,2022,3,17,SR-60,3,Highway estatal,Rural,Arteria Principal,State Highway Agency,1,Sin jurisdiccion especial,99998,27.89381111,-81.51846944,Vehiculo en movimiento,Frente a frente,Not an Intersection,No fue interseccion,Sobre calle,Ninguna,Oscuro sin iluminacion,Despejado,No,NO APLICA,99,99,99,99,1,26/06/2022,5
12,Florida,121650,0,0,2,0,73,LEON (73),0,NO APLICA,7,Julio,6,2022,14,57,CR-2203 SPRINGHILL RD,4,Calle del Condado,Rural,Colector Menor,County Highway Agency,0,Sin jurisdiccion especial,99998,30.32802222,-84.39650278,Vehiculo en movimiento,Frente a frente,Not an Intersection,No fue interseccion,Sobre calle,Ninguna,Dia total,Despejado,No,NO APLICA,99,99,99,99,1,06/07/2022,2
12,Florida,121651,1,1,1,0,97,OSCEOLA (97),0,NO APLICA,6,Junio,20,2022,21,25,CR-9250 FORTUNE RD,4,Calle del Condado,Urbano,Arteria Menor,County Highway Agency,0,Sin jurisdiccion especial,99998,28.30419722,-81.36991667,Peaton,El primer evento no fue una colision con un vehiculo automotor en transporte,Not an Intersection,No fue interseccion,Sobre calle,Ninguna,Oscuro con iluminacion,Despejado,No,NO APLICA,99,99,99,99,1,20/06/2022,1
12,Florida,121652,1,1,1,0,111,ST LUCIE (111),2601,PORT SAINT LUCIE,2,Febrero,8,2022,19,52,BAYSHORE BLVD,6,Calle Local Municipalidad,Urbano,Colector Mayor,City or Municipal Highway Agency,0,Sin jurisdiccion especial,99998,27.32152222,-80.37153889,Peaton,El primer evento no fue una colision con un vehiculo automotor en transporte,Not an Intersection,No fue interseccion,Sobre calle,Ninguna,Oscuro con iluminacion,Otro,No,NO APLICA,99,99,99,99,1,08/02/2022,1
12,Florida,121653,0,0,2,0,101,PASCO (101),0,NO APLICA,5,Mayo,16,2022,2,15,I-75,1,Interestatal,Rural,Interestatal,State Highway Agency,1,Sin jurisdiccion especial,2890,28.37731111,-82.31933889,Vehiculo en movimiento,Frente a Detrás,Not an Intersection,No fue interseccion,Sobre calle,Ninguna,Oscuro sin iluminacion,Despejado,No,NO APLICA,99,99,99,99,1,16/05/2022,7
12,Florida,121654,0,0,4,0,57,HILLSBOROUGH (57),355,BRANDON,6,Junio,17,2022,10,1,I-75,1,Interestatal,Urbano,Interestatal,State Highway Agency,1,Sin jurisdiccion especial,99998,27.90551111,-82.34233056,Vehiculo en movimiento,Golpe Lateral - misma direccion,Not an Intersection,No fue interseccion,Sobre calle,Ninguna,Dia total,Nublado,No,NO APLICA,99,99,99,99,1,17/06/2022,10
12,Florida,121655,0,0,1,0,83,MARION (83),0,NO APLICA,7,Julio,1,2022,9,30,US-301,2,US Highway,Urbano,Arteria Principal,State Highway Agency,1,Sin jurisdiccion especial,99998,29.00103611,-82.04148333,Arbol,El primer evento no fue una colision con un vehiculo automotor en transporte,Not an Intersection,No fue interseccion,Sobre el lado de la calle,Ninguna,Dia total,Despejado,No,NO APLICA,99,99,99,99,1,01/07/2022,1
12,Florida,121656,0,0,2,0,53,HERNANDO (53),0,NO APLICA,6,Junio,19,2022,11,12,US-98,2,US Highway,Urbano,Arteria Principal,State Highway Agency,1,Sin jurisdiccion especial,99998,28.62923056,-82.42281944,Vehiculo en movimiento,Angulo,Four-Way Intersection,Interseccion de 4 direcciones,Sobre calle,Ninguna,Dia total,Despejado,No,NO APLICA,11,14,11,22,1,19/06/2022,6
12,Florida,121657,1,1,1,0,105,POLK (105),0,NO APLICA,6,Junio,11,2022,21,58,RIFLE RANGE RD,8,Otro,Rural,Colector Mayor,County Highway Agency,0,Sin jurisdiccion especial,99998,27.94852222,-81.72660556,Peaton,El primer evento no fue una colision con un vehiculo automotor en transporte,Not an Intersection,No fue interseccion,Sobre calle,Ninguna,Oscuro con iluminacion,lluvia,No,NO APLICA,99,99,99,99,1,11/06/2022,1
12,Florida,121658,0,0,1,0,57,HILLSBOROUGH (57),2950,TAMPA,6,Junio,15,2022,15,6,I-75 NB EXIT RAMP,1,Interestatal,Urbano,Interestatal,State Highway Agency,1,Sin jurisdiccion especial,99998,28.12745,-82.37649167,Poste de Señal de trafico,El primer evento no fue una colision con un vehiculo automotor en transporte,Not an Intersection,No fue interseccion,Sobre el lado de la calle,Ninguna,Dia total,Despejado,No,NO APLICA,99,99,99,99,1,15/06/2022,1
12,Florida,121659,1,1,1,0,95,ORANGE (95),2360,ORLANDO,6,Junio,11,2022,22,15,I-4 SR-400,1,Interestatal,Urbano,Interestatal,State Highway Agency,1,Sin jurisdiccion especial,99998,28.52644167,-81.38621111,Peaton,El primer evento no fue una colision con un vehiculo automotor en transporte,Not an Intersection,No fue interseccion,Sobre calle,Ninguna,Oscuro con iluminacion,Despejado,No,NO APLICA,99,99,99,99,1,11/06/2022,2
12,Florida,121660,1,1,1,0,99,PALM BEACH (99),0,NO APLICA,7,Julio,4,2022,0,32,D RD,8,Otro,Rural,Local,City or Municipal Highway Agency,0,Sin jurisdiccion especial,99998,26.6856,-80.27476389,Peaton,El primer evento no fue una colision con un vehiculo automotor en transporte,Not an Intersection,No fue interseccion,Sobre calle,Ninguna,Oscuro sin iluminacion,Despejado,No,NO APLICA,99,99,99,99,1,04/07/2022,2
12,Florida,121661,1,1,1,0,61,INDIAN RIVER (61),3070,VERO BEACH,7,Julio,1,2022,0,17,41ST AVE,6,Calle Local Municipalidad,Urbano,Local,City or Municipal Highway Agency,0,Sin jurisdiccion especial,99998,27.63551389,-80.42785556,Ciclista,El primer evento no fue una colision con un vehiculo automotor en transporte,Not an Intersection,No fue interseccion,Sobre calle,Ninguna,Oscuro sin iluminacion,Despejado,No,NO APLICA,99,99,99,99,1,01/07/2022,1
12,Florida,121662,0,0,2,0,21,COLLIER (21),0,NO APLICA,6,Junio,27,2022,20,24,WHITE BLVD,8,Otro,Urbano,Colector Mayor,County Highway Agency,0,Sin jurisdiccion especial,99998,26.21248056,-81.6769,Vehiculo en movimiento,Golpe Lateral - misma direccion,Not an Intersection,No fue interseccion,Sobre calle,Ninguna,Atardecer,Despejado,No,NO APLICA,99,99,99,99,1,27/06/2022,2
12,Florida,121663,0,0,1,0,5,BAY (5),0,NO APLICA,6,Junio,26,2022,18,35,CR-2297,4,Calle del Condado,Rural,Local,County Highway Agency,0,Sin jurisdiccion especial,99998,30.07171111,-85.46758611,Poste,El primer evento no fue una colision con un vehiculo automotor en transporte,Not an Intersection,No fue interseccion,Sobre el lado de la calle,Ninguna,Dia total,Despejado,No,NO APLICA,99,99,99,99,1,26/06/2022,1
12,Florida,121664,1,1,1,0,131,WALTON (131),0,NO APLICA,6,Junio,30,2022,23,18,US-98,2,US Highway,Rural,Arteria Principal,State Highway Agency,1,Sin jurisdiccion especial,99998,30.374725,-86.26109167,Ciclista,El primer evento no fue una colision con un vehiculo automotor en transporte,Not an Intersection,No fue interseccion,Sobre calle,Ninguna,Oscuro sin iluminacion,Despejado,No,NO APLICA,11,99,11,99,1,30/06/2022,2
12,Florida,121665,0,0,2,0,103,PINELLAS (103),1770,LARGO,6,Junio,13,2022,12,54,SR-688,3,Highway estatal,Urbano,Arteria Principal,State Highway Agency,1,Sin jurisdiccion especial,99998,27.89420278,-82.74366944,Vehiculo en movimiento,Angulo,Four-Way Intersection,Interseccion de 4 direcciones,Sobre calle,Ninguna,Dia total,Despejado,No,NO APLICA,99,99,99,99,1,13/06/2022,3
12,Florida,121666,0,0,2,0,103,PINELLAS (103),1770,LARGO,6,Junio,28,2022,10,27,US-19,2,US Highway,Urbano,Arteria Principal,State Highway Agency,1,Sin jurisdiccion especial,99998,27.92399722,-82.73041111,Vehiculo en movimiento,Golpe Lateral - misma direccion,Not an Intersection,No fue interseccion,Sobre calle,Ninguna,Dia total,Despejado,No,NO APLICA,99,99,99,99,1,28/06/2022,4
12,Florida,121667,0,0,2,0,103,PINELLAS (103),1770,LARGO,6,Junio,28,2022,19,22,SR-688,3,Highway estatal,Urbano,Arteria Principal,State Highway Agency,0,Sin jurisdiccion especial,99998,27.89450556,-82.75821389,Vehiculo en movimiento,Angulo,Four-Way Intersection,Interseccion de 4 direcciones,Sobre calle,Ninguna,Dia total,Despejado,No,NO APLICA,99,99,99,99,1,28/06/2022,2
12,Florida,121668,1,1,1,0,121,SUWANNEE (121),0,NO APLICA,7,Julio,3,2022,0,27,US-90,2,US Highway,Rural,Arteria Principal,State Highway Agency,0,Sin jurisdiccion especial,99998,30.28291944,-82.95236944,Peaton,El primer evento no fue una colision con un vehiculo automotor en transporte,Not an Intersection,No fue interseccion,Sobre calle,Ninguna,Oscuro sin iluminacion,Despejado,No,NO APLICA,99,99,99,99,1,03/07/2022,1
12,Florida,121669,0,0,8,0,119,SUMTER (119),0,NO APLICA,6,Junio,22,2022,17,35,SR-44,3,Highway estatal,Urbano,Arteria Principal,State Highway Agency,0,Sin jurisdiccion especial,99998,28.82403889,-81.97448056,Vehiculo en movimiento,Frente a Detrás,Four-Way Intersection,Interseccion de 4 direcciones,Sobre calle,Ninguna,Dia total,Despejado,No,NO APLICA,99,99,99,99,1,22/06/2022,10
12,Florida,121670,1,1,1,0,99,PALM BEACH (99),0,NO APLICA,7,Julio,6,2022,10,34,CONGRESS AVE,6,Calle Local Municipalidad,Urbano,Arteria Principal,Not Reported,0,Sin jurisdiccion especial,99998,26.75629444,-80.08729444,Ciclista,El primer evento no fue una colision con un vehiculo automotor en transporte,Four-Way Intersection,Interseccion de 4 direcciones,Sobre calle,Ninguna,Dia total,Despejado,No,NO APLICA,99,99,99,99,1,06/07/2022,1
12,Florida,121671,0,0,1,0,101,PASCO (101),0,NO APLICA,6,Junio,23,2022,11,50,SR-589,3,Highway estatal,Rural,Arterial Principal -Freeway o ExpressWay,State Highway Agency,0,Sin jurisdiccion especial,99998,28.3303,-82.55138056,Poste,El primer evento no fue una colision con un vehiculo automotor en transporte,Not an Intersection,No fue interseccion,Sobre el lado de la calle,Ninguna,Dia total,Despejado,No,NO APLICA,99,99,99,99,1,23/06/2022,1
12,Florida,121672,1,1,1,0,86,MIAMI-DADE (86),0,NO APLICA,6,Junio,7,2022,21,34,US-41,2,US Highway,Urbano,Arteria Principal,State Highway Agency,0,Sin jurisdiccion especial,99998,25.76141111,-80.36833056,Peaton,El primer evento no fue una colision con un vehiculo automotor en transporte,Four-Way Intersection,Interseccion de 4 direcciones,Sobre calle,Ninguna,Oscuro con iluminacion,Despejado,No,NO APLICA,99,99,99,99,1,07/06/2022,2
12,Florida,121674,0,0,2,0,21,COLLIER (21),0,NO APLICA,6,Junio,26,2022,22,40,SR-29,3,Highway estatal,Urbano,Arteria Principal,State Highway Agency,1,Sin jurisdiccion especial,99998,26.30321944,-81.34273056,Vehiculo en movimiento,Angulo,Four-Way Intersection,Interseccion de 4 direcciones,Sobre calle,Ninguna,Oscuro sin iluminacion,Nublado,No,NO APLICA,99,99,99,99,1,26/06/2022,6
12,Florida,121675,0,0,2,0,86,MIAMI-DADE (86),2210,NORTH BAY VILLAGE,6,Junio,27,2022,21,26,SR-934,3,Highway estatal,Urbano,Arteria Principal,State Highway Agency,0,Sin jurisdiccion especial,99998,25.848575,-80.15862222,Vehiculo en movimiento,Angulo,Four-Way Intersection,Interseccion de 4 direcciones,Sobre calle,Ninguna,Oscuro con iluminacion,Despejado,No,NO APLICA,99,99,99,99,2,27/06/2022,4
12,Florida,121676,0,0,3,0,127,VOLUSIA (127),825,DELTONA,7,Julio,2,2022,12,48,HOWLAND BLVD,6,Calle Local Municipalidad,Urbano,Arteria Menor,County Highway Agency,0,Sin jurisdiccion especial,99998,28.91721667,-81.18250833,Poste de Señal de trafico,El primer evento no fue una colision con un vehiculo automotor en transporte,T-Intersection,Interseccion de T,Sobre el lado de la calle,Ninguna,Dia total,lluvia,No,NO APLICA,99,99,99,99,1,02/07/2022,3
12,Florida,121677,0,0,1,0,86,MIAMI-DADE (86),2023,MIAMI GARDENS,6,Junio,12,2022,0,56,SR-860,3,Highway estatal,Urbano,Arteria Menor,State Highway Agency,0,Sin jurisdiccion especial,99998,25.94095556,-80.24380278,Banqueta,El primer evento no fue una colision con un vehiculo automotor en transporte,Not an Intersection,No fue interseccion,En el medio,Ninguna,Oscuro con iluminacion,Despejado,No,NO APLICA,99,99,99,99,1,12/06/2022,4
12,Florida,121678,0,0,1,0,86,MIAMI-DADE (86),0,NO APLICA,7,Julio,3,2022,18,40,SR-821 RAMP,3,Highway estatal,Urbano,Arterial Principal -Freeway o ExpressWay,State Highway Agency,0,Sin jurisdiccion especial,99998,25.75726111,-80.38483611,Valla Ferrocarril,El primer evento no fue una colision con un vehiculo automotor en transporte,Not an Intersection,No fue interseccion,Sobre el lado de la calle,Ninguna,Dia total,Nublado,No,NO APLICA,99,99,99,99,1,03/07/2022,1
12,Florida,121680,0,0,1,0,121,SUWANNEE (121),0,NO APLICA,7,Julio,2,2022,15,20,I-10 RAMP,1,Interestatal,Rural,Interestatal,State Highway Agency,1,Sin jurisdiccion especial,99998,30.27898889,-82.81833889,Alguien se cayo/avento del vehiculo,El primer evento no fue una colision con un vehiculo automotor en transporte,Not an Intersection,No fue interseccion,Sobre el lado de la calle,Ninguna,Dia total,Despejado,No,NO APLICA,99,99,99,99,1,02/07/2022,1
12,Florida,121681,1,1,1,0,83,MARION (83),0,NO APLICA,6,Junio,23,2022,1,58,SR-40,3,Highway estatal,Urbano,Arteria Principal,State Highway Agency,1,Sin jurisdiccion especial,99998,29.21530278,-82.05906944,Peaton,El primer evento no fue una colision con un vehiculo automotor en transporte,Not an Intersection,No fue interseccion,Sobre calle,Ninguna,Oscuro sin iluminacion,Despejado,No,NO APLICA,99,99,99,99,1,23/06/2022,1
12,Florida,121682,0,0,2,0,5,BAY (5),0,NO APLICA,6,Junio,30,2022,23,0,US-231,2,US Highway,Urbano,Arteria Principal,State Highway Agency,1,Sin jurisdiccion especial,99998,30.23805278,-85.57249167,Vehiculo en movimiento,Frente a frente,Not an Intersection,No fue interseccion,Sobre calle,Ninguna,Oscuro sin iluminacion,Despejado,No,NO APLICA,99,99,99,99,1,30/06/2022,2
12,Florida,121683,0,0,1,0,83,MARION (83),0,NO APLICA,6,Junio,29,2022,13,52,193RD ST,9,Desconocido,Rural,Colector Menor,County Highway Agency,0,Sin jurisdiccion especial,99998,29.42903889,-82.2312,Arbol,El primer evento no fue una colision con un vehiculo automotor en transporte,Not an Intersection,No fue interseccion,Sobre el lado de la calle,Ninguna,Dia total,Despejado,No,NO APLICA,99,99,99,99,1,29/06/2022,1
12,Florida,121684,0,0,1,0,57,HILLSBOROUGH (57),0,NO APLICA,4,Abril,26,2022,14,57,HIDDEN CREEK BLVD,9,Desconocido,Urbano,Arteria Principal,State Highway Agency,1,Sin jurisdiccion especial,99998,27.70414722,-82.33781944,Banqueta,El primer evento no fue una colision con un vehiculo automotor en transporte,Not an Intersection,No fue interseccion,Sobre el lado de la calle,Ninguna,Dia total,Despejado,No,NO APLICA,99,99,99,99,1,26/04/2022,1
12,Florida,121685,0,0,1,0,111,ST LUCIE (111),1080,FORT PIERCE,5,Mayo,5,2022,18,13,US-1,2,US Highway,Urbano,Arteria Principal,State Highway Agency,1,Sin jurisdiccion especial,99998,27.42363889,-80.32589722,Banqueta,El primer evento no fue una colision con un vehiculo automotor en transporte,Not an Intersection,No fue interseccion,Sobre el lado de la calle,Ninguna,Dia total,Despejado,No,NO APLICA,99,99,99,99,1,05/05/2022,1
12,Florida,121686,0,0,2,0,86,MIAMI-DADE (86),0,NO APLICA,4,Abril,22,2022,18,25,199TH ST,6,Calle Local Municipalidad,Urbano,Arteria Menor,County Highway Agency,0,Sin jurisdiccion especial,99998,25.95771111,-80.19527778,Vehiculo en movimiento,Angulo,Four-Way Intersection,Interseccion de 4 direcciones,Sobre calle,Ninguna,Dia total,Despejado,No,NO APLICA,99,99,99,99,1,22/04/2022,6
12,Florida,121687,0,0,2,0,63,JACKSON (63),0,NO APLICA,6,Junio,19,2022,7,50,DILMORE RD,9,Desconocido,Rural,Local,County Highway Agency,0,Sin jurisdiccion especial,99998,30.74823056,-85.372975,Vehiculo en movimiento,Frente a frente,Not an Intersection,No fue interseccion,Sobre calle,Ninguna,Dia total,Despejado,No,NO APLICA,99,99,99,99,1,19/06/2022,2
12,Florida,121688,1,1,1,0,95,ORANGE (95),0,NO APLICA,6,Junio,25,2022,19,35,US-441,2,US Highway,Urbano,Arteria Principal,County Highway Agency,1,Sin jurisdiccion especial,99998,28.388525,-81.40469722,Ciclista,El primer evento no fue una colision con un vehiculo automotor en transporte,Not an Intersection,No fue interseccion,Sobre calle,Ninguna,Dia total,Despejado,No,NO APLICA,99,99,99,99,1,25/06/2022,1