Estado,Nombre de Estado,Numero de Caso,Peatones,Personas _no_vehiculos,Vehiculos automotores,Vehiculos estacionados,Condado,Nombre Condado,Ciudad,Nombre Ciudad,Mes,Nombre Mes,Dia,Año,Hora,Minuto,Calle,Ruta,Nombre Ruta,Rural o Urbanoo,Sistema Funcional,Dueño Calle,Sistema Nacional Carreteras,Jurisdiccion Especial,Milla,Latitud,Longitud,Causa del Accidente,Tipo de Accidente,Tipo Interseccion,Columna1,Lugar en la calle,Zona de Trabajo,Luz,Clima,Autobus Escolar,Cruce de Trenes,Hora Notificacion,Minuto Notificacion,Hora Llegada,Minuto Llegada,Decesos,Fecha,PersonaVehiculo
12,Florida,121690,0,0,2,0,5,BAY (5),0,NO APLICA,6,Junio,24,2022,16,48,US-231,2,US Highway,Rural,Arteria Principal,State Highway Agency,1,Sin jurisdiccion especial,99998,30.50891111,-85.41161111,Vehiculo en movimiento,Angulo,T-Intersection,Interseccion de T,Sobre calle,Ninguna,Dia total,Despejado,No,NO APLICA,99,99,99,99,1,24/06/2022,6
12,Florida,121691,0,0,1,0,99,PALM BEACH (99),0,NO APLICA,6,Junio,3,2022,3,41,CENTER ST,6,Calle Local Municipalidad,Urbano,Colector Mayor,City or Municipal Highway Agency,0,Sin jurisdiccion especial,99998,26.93471667,-80.1273,Banqueta,El primer evento no fue una colision con un vehiculo automotor en transporte,Not an Intersection,No fue interseccion,Sobre el lado de la calle,Ninguna,Oscuro - iluminacion desconocida,Nublado,No,NO APLICA,99,98,99,98,1,03/06/2022,1
12,Florida,121692,0,0,2,0,19,CLAY (19),0,NO APLICA,7,Julio,1,2022,19,55,CR-315,4,Calle del Condado,Urbano,Colector Mayor,County Highway Agency,0,Sin jurisdiccion especial,99998,30.02243889,-81.71688333,Vehiculo en movimiento,Frente a frente,Not an Intersection,No fue interseccion,Sobre calle,Ninguna,Dia total,lluvia,No,NO APLICA,99,99,99,99,1,01/07/2022,2
12,Florida,121694,1,1,1,0,97,OSCEOLA (97),0,NO APLICA,6,Junio,4,2022,2,25,US-92,2,US Highway,Urbano,Arteria Principal,State Highway Agency,1,Sin jurisdiccion especial,99998,28.33296111,-81.50363056,Peaton,El primer evento no fue una colision con un vehiculo automotor en transporte,Not an Intersection,No fue interseccion,Sobre calle,Ninguna,Oscuro con iluminacion,Despejado,No,NO APLICA,99,99,99,99,1,04/06/2022,1
12,Florida,121695,0,0,2,0,33,ESCAMBIA (33),0,NO APLICA,7,Julio,7,2022,19,22,CR-453,4,Calle del Condado,Urbano,Arteria Menor,County Highway Agency,0,Sin jurisdiccion especial,99998,30.45570833,-87.25003056,Vehiculo en movimiento,Angulo,Four-Way Intersection,Interseccion de 4 direcciones,Sobre calle,Ninguna,Atardecer,Despejado,No,NO APLICA,99,99,99,99,1,07/07/2022,4
12,Florida,121696,0,0,1,0,103,PINELLAS (103),2730,SAINT PETERSBURG,7,Julio,6,2022,23,38,CENTRAL AVE,6,Calle Local Municipalidad,Urbano,Arteria Menor,City or Municipal Highway Agency,0,Sin jurisdiccion especial,99998,27.77100278,-82.70656944,Arbol,El primer evento no fue una colision con un vehiculo automotor en transporte,Not an Intersection,No fue interseccion,Sobre el lado de la calle,Ninguna,Oscuro con iluminacion,Despejado,No,NO APLICA,99,99,99,99,2,06/07/2022,4
12,Florida,121697,0,0,1,0,95,ORANGE (95),0,NO APLICA,7,Julio,4,2022,22,5,FORT CHRISTMAS RD,9,Desconocido,Rural,Colector Mayor,Not Reported,0,Sin jurisdiccion especial,99998,28.56940556,-81.04021944,Volcadura,El primer evento no fue una colision con un vehiculo automotor en transporte,Y-Intersection,Interseccion de Y,Sobre el lado de la calle,Ninguna,Oscuro sin iluminacion,Despejado,No,NO APLICA,99,99,99,99,1,04/07/2022,1
12,Florida,121698,1,1,1,0,101,PASCO (101),3330,ZEPHYRHILLS,6,Junio,10,2022,22,52,PALM GROVE DR,6,Calle Local Municipalidad,Urbano,Colector Menor,County Highway Agency,0,Sin jurisdiccion especial,99998,28.21778056,-82.18311944,Peaton,El primer evento no fue una colision con un vehiculo automotor en transporte,Not an Intersection,No fue interseccion,Sobre Acotamiento,Ninguna,Oscuro sin iluminacion,Despejado,No,NO APLICA,99,99,99,99,1,10/06/2022,1
12,Florida,121699,0,0,1,0,11,BROWARD (11),2468,PEMBROKE PINES,6,Junio,26,2022,4,8,SR-817,3,Highway estatal,Urbano,Arteria Principal,State Highway Agency,1,Sin jurisdiccion especial,99998,26.02356389,-80.24869444,Banqueta,El primer evento no fue una colision con un vehiculo automotor en transporte,Four-Way Intersection,Interseccion de 4 direcciones,En el medio,Ninguna,Oscuro con iluminacion,Despejado,No,NO APLICA,99,99,99,99,1,26/06/2022,1
12,Florida,121700,0,0,2,0,11,BROWARD (11),1782,LAUDERHILL,7,Julio,2,2022,23,33,SR-842,3,Highway estatal,Urbano,Arteria Principal,State Highway Agency,1,Sin jurisdiccion especial,99998,26.12116944,-80.19439444,Vehiculo en movimiento,Golpe Lateral - direccion contraria,Not an Intersection,No fue interseccion,Sobre calle,Ninguna,Oscuro con iluminacion,Despejado,No,NO APLICA,99,99,99,99,1,02/07/2022,3
12,Florida,121701,0,0,2,0,131,WALTON (131),0,NO APLICA,7,Julio,1,2022,13,25,SR- 20,3,Highway estatal,Rural,Arteria Principal,State Highway Agency,1,Sin jurisdiccion especial,99998,30.46256111,-85.93291111,Vehiculo en movimiento,Frente a frente,Not an Intersection,No fue interseccion,Sobre calle,Ninguna,Dia total,Despejado,No,NO APLICA,99,99,99,99,2,01/07/2022,2
12,Florida,121702,0,0,2,0,5,BAY (5),2450,PANAMA CITY,7,Julio,8,2022,6,16,SR-79,3,Highway estatal,Rural,Arteria Principal,State Highway Agency,1,Sin jurisdiccion especial,99998,30.37895,-85.86652222,Vehiculo en movimiento,Frente a frente,Not an Intersection,No fue interseccion,Sobre calle,Ninguna,Dia total,Despejado,No,NO APLICA,99,99,99,99,2,08/07/2022,4
12,Florida,121703,1,1,1,0,83,MARION (83),0,NO APLICA,6,Junio,25,2022,22,13,CR-326,4,Calle del Condado,Urbano,Arteria Principal,State Highway Agency,1,Sin jurisdiccion especial,99998,29.26706111,-82.19908889,Ciclista,El primer evento no fue una colision con un vehiculo automotor en transporte,Not an Intersection,No fue interseccion,Sobre calle,Ninguna,Oscuro sin iluminacion,Nublado,No,NO APLICA,99,99,99,99,1,25/06/2022,1
12,Florida,121704,0,0,1,0,57,HILLSBOROUGH (57),0,NO APLICA,6,Junio,6,2022,12,7,US-301,2,US Highway,Urbano,Arteria Principal,State Highway Agency,1,Sin jurisdiccion especial,99998,27.65748889,-82.37061111,Volcadura,El primer evento no fue una colision con un vehiculo automotor en transporte,T-Intersection,Interseccion de T,Sobre el lado de la calle,Ninguna,Dia total,Despejado,No,NO APLICA,99,99,99,99,1,06/06/2022,1
12,Florida,121705,0,0,1,0,83,MARION (83),0,NO APLICA,7,Julio,1,2022,22,40,95TH ST,9,Desconocido,Rural,Colector Menor,County Highway Agency,0,Sin jurisdiccion especial,99998,29.08456389,-82.11628333,Arbol,El primer evento no fue una colision con un vehiculo automotor en transporte,Not an Intersection,No fue interseccion,Sobre el lado de la calle,Ninguna,Oscuro sin iluminacion,Nublado,No,NO APLICA,99,99,99,99,1,01/07/2022,1
12,Florida,121706,0,0,4,0,83,MARION (83),2270,OCALA,6,Junio,24,2022,12,21,SR-200,3,Highway estatal,Urbano,Arteria Principal,State Highway Agency,0,Sin jurisdiccion especial,99998,29.14733889,-82.18811111,Vehiculo en movimiento,Frente a Detrás,Not an Intersection,No fue interseccion,Sobre calle,Ninguna,Dia total,Despejado,No,NO APLICA,99,99,99,99,1,24/06/2022,6
12,Florida,121707,0,0,2,0,99,PALM BEACH (99),0,NO APLICA,7,Julio,13,2022,12,37,PALMETTO PARK RD,6,Calle Local Municipalidad,Urbano,Arteria Principal,County Highway Agency,1,Sin jurisdiccion especial,99998,26.34949167,-80.20113333,Vehiculo en movimiento,Frente a frente,Four-Way Intersection,Interseccion de 4 direcciones,Sobre calle,Ninguna,Dia total,Despejado,No,NO APLICA,99,99,99,99,1,13/07/2022,3
12,Florida,121708,0,0,1,0,57,HILLSBOROUGH (57),0,NO APLICA,7,Julio,5,2022,21,17,CALHOUN RD,9,Desconocido,Urbano,Local,Not Reported,0,Sin jurisdiccion especial,99998,27.95057222,-82.16626667,Volcadura,El primer evento no fue una colision con un vehiculo automotor en transporte,T-Intersection,Interseccion de T,Sobre calle,Ninguna,Oscuro con iluminacion,Despejado,No,NO APLICA,99,99,99,99,1,05/07/2022,1
12,Florida,121709,0,0,2,0,9,BREVARD (9),2005,MERRITT ISLAND,7,Julio,5,2022,2,5,SR-520,3,Highway estatal,Urbano,Arteria Principal,Not Reported,0,Sin jurisdiccion especial,99998,28.35663333,-80.71024444,Vehiculo en movimiento,Frente a frente,Not an Intersection,No fue interseccion,Sobre calle,Ninguna,Oscuro con iluminacion,Despejado,No,NO APLICA,99,99,99,99,1,05/07/2022,2
12,Florida,121710,0,0,1,0,69,LAKE (69),0,NO APLICA,7,Julio,8,2022,17,24,CR-33,4,Calle del Condado,Rural,Colector Mayor,County Highway Agency,0,Sin jurisdiccion especial,99998,28.67158333,-81.89752222,Poste,El primer evento no fue una colision con un vehiculo automotor en transporte,Not an Intersection,No fue interseccion,Sobre el lado de la calle,Ninguna,Dia total,Despejado,No,NO APLICA,99,99,99,99,1,08/07/2022,1
12,Florida,121711,0,0,2,0,15,CHARLOTTE (15),0,NO APLICA,5,Mayo,23,2022,20,38,US-41,2,US Highway,Rural,Arteria Principal,State Highway Agency,1,Sin jurisdiccion especial,99998,26.80068056,-81.95083056,Vehiculo en movimiento,Frente a frente,Not an Intersection,No fue interseccion,Sobre calle,Ninguna,Oscuro sin iluminacion,Nublado,No,NO APLICA,99,99,99,99,2,23/05/2022,2
12,Florida,121712,0,0,1,0,99,PALM BEACH (99),0,NO APLICA,7,Julio,2,2022,15,43,US-441,2,US Highway,Urbano,Arterial Principal -Freeway o ExpressWay,County Highway Agency,1,Sin jurisdiccion especial,99998,26.72482222,-80.44036111,Poste de Señal de trafico,El primer evento no fue una colision con un vehiculo automotor en transporte,Not an Intersection,No fue interseccion,Sobre el lado de la calle,Ninguna,Dia total,Despejado,No,NO APLICA,99,99,99,99,1,02/07/2022,1
12,Florida,121713,0,0,1,0,95,ORANGE (95),2360,ORLANDO,7,Julio,9,2022,2,33,JEFF FUQUA BV,5,Calle Local - Pueblo,Urbano,Arteria Principal,City or Municipal Highway Agency,0,Sin jurisdiccion especial,99998,28.43983333,-81.31163056,Banqueta,El primer evento no fue una colision con un vehiculo automotor en transporte,Not an Intersection,No fue interseccion,Sobre el lado de la calle,Ninguna,Oscuro con iluminacion,Despejado,No,NO APLICA,99,99,99,99,2,09/07/2022,4
12,Florida,121714,0,0,1,0,119,SUMTER (119),0,NO APLICA,7,Julio,9,2022,7,25,CR-673,4,Calle del Condado,Rural,Colector Mayor,County Highway Agency,0,Sin jurisdiccion especial,99998,28.60457778,-82.16676944,Arbol,El primer evento no fue una colision con un vehiculo automotor en transporte,Not an Intersection,No fue interseccion,Sobre el lado de la calle,Ninguna,Dia total,Despejado,No,NO APLICA,99,99,99,99,1,09/07/2022,1
12,Florida,121715,1,1,1,0,75,LEVY (75),0,NO APLICA,6,Junio,24,2022,19,0,CR-337,4,Calle del Condado,Rural,Colector Mayor,County Highway Agency,0,Sin jurisdiccion especial,99998,29.24686111,-82.58208611,Ciclista,El primer evento no fue una colision con un vehiculo automotor en transporte,Not an Intersection,No fue interseccion,Sobre calle,Ninguna,Dia total,Nublado,No,NO APLICA,99,99,99,99,1,24/06/2022,3
12,Florida,121716,0,0,2,0,47,HAMILTON (47),0,NO APLICA,7,Julio,6,2022,17,44,SR-6,3,Highway estatal,Rural,Arteria Menor,State Highway Agency,0,Sin jurisdiccion especial,99998,30.51341944,-83.06218889,Vehiculo en movimiento,Golpe Lateral - direccion contraria,Not an Intersection,No fue interseccion,Sobre calle,Ninguna,Dia total,Despejado,No,NO APLICA,99,99,99,99,1,06/07/2022,2
12,Florida,121717,1,1,1,0,15,CHARLOTTE (15),0,NO APLICA,7,Julio,12,2022,20,59,CR-769,4,Calle del Condado,Urbano,Colector Mayor,County Highway Agency,0,Sin jurisdiccion especial,99998,27.02763056,-82.04253056,Peaton,El primer evento no fue una colision con un vehiculo automotor en transporte,Not an Intersection,No fue interseccion,Sobre calle,Ninguna,Oscuro sin iluminacion,Despejado,No,NO APLICA,99,99,99,99,1,12/07/2022,2
12,Florida,121718,0,0,1,0,9,BREVARD (9),3000,TITUSVILLE,7,Julio,8,2022,16,33,HARRISON ST,6,Calle Local Municipalidad,Urbano,Colector Mayor,City or Municipal Highway Agency,0,Sin jurisdiccion especial,99998,28.58994167,-80.83115,Arbol,El primer evento no fue una colision con un vehiculo automotor en transporte,Not an Intersection,No fue interseccion,Sobre el lado de la calle,Ninguna,Dia total,Despejado,No,NO APLICA,99,99,99,99,1,08/07/2022,1
12,Florida,121719,0,0,1,0,95,ORANGE (95),0,NO APLICA,7,Julio,3,2022,23,44,CR-423,4,Calle del Condado,Urbano,Arteria Principal,County Highway Agency,1,Sin jurisdiccion especial,99998,28.40971389,-81.42441944,Volcadura,El primer evento no fue una colision con un vehiculo automotor en transporte,Not an Intersection,No fue interseccion,Sobre calle,Ninguna,Oscuro con iluminacion,lluvia,No,NO APLICA,99,99,99,99,1,03/07/2022,1
12,Florida,121720,0,0,1,0,31,DUVAL (31),1510,JACKSONVILLE,7,Julio,11,2022,18,42,I-10,1,Interestatal,Urbano,Interestatal,State Highway Agency,1,Sin jurisdiccion especial,99998,30.30931111,-81.848525,Barrera de Trafico de Concreto,El primer evento no fue una colision con un vehiculo automotor en transporte,Not an Intersection,No fue interseccion,Sobre el lado de la calle,Ninguna,Dia total,lluvia,No,NO APLICA,99,99,99,99,1,11/07/2022,1
12,Florida,121721,0,0,1,0,86,MIAMI-DADE (86),0,NO APLICA,7,Julio,4,2022,7,43,I-95 RAMP,1,Interestatal,Urbano,Interestatal,State Highway Agency,1,Sin jurisdiccion especial,99998,25.87045833,-80.2089,Poste o otros soportes,El primer evento no fue una colision con un vehiculo automotor en transporte,Not an Intersection,No fue interseccion,Sobre el lado de la calle,Ninguna,Dia total,Despejado,No,NO APLICA,99,99,99,99,1,04/07/2022,1
12,Florida,121722,1,1,1,0,95,ORANGE (95),0,NO APLICA,7,Julio,4,2022,22,41,INDIAN HILL ROAD,9,Desconocido,Urbano,Colector Menor,Not Reported,0,Sin jurisdiccion especial,99998,28.58902222,-81.45711111,Ciclista,El primer evento no fue una colision con un vehiculo automotor en transporte,T-Intersection,Interseccion de T,Sobre calle,Ninguna,Oscuro con iluminacion,Despejado,No,NO APLICA,99,99,99,99,1,04/07/2022,1
12,Florida,121723,0,0,4,0,11,BROWARD (11),1782,LAUDERHILL,7,Julio,4,2022,14,0,SR-838,3,Highway estatal,Urbano,Arterial Principal -Freeway o ExpressWay,Not Reported,1,Sin jurisdiccion especial,99998,26.13616111,-80.19357222,Arbol,El primer evento no fue una colision con un vehiculo automotor en transporte,Not an Intersection,No fue interseccion,En el medio,Ninguna,Dia total,Despejado,No,NO APLICA,99,99,99,99,1,04/07/2022,4
12,Florida,121724,0,0,1,0,7,BRADFORD (7),2890,STARKE,7,Julio,2,2022,22,45,US-301,2,US Highway,Urbano,Arteria Principal,State Highway Agency,1,Sin jurisdiccion especial,99998,29.93363056,-82.11546111,Banqueta,El primer evento no fue una colision con un vehiculo automotor en transporte,Y-Intersection,Interseccion de Y,Sobre el lado de la calle,Ninguna,Oscuro con iluminacion,Despejado,No,NO APLICA,99,99,99,99,1,02/07/2022,1
12,Florida,121725,0,0,2,0,11,BROWARD (11),1420,HOLLYWOOD,7,Julio,2,2022,5,9,I-95,1,Interestatal,Urbano,Interestatal,State Highway Agency,1,Sin jurisdiccion especial,99998,26.02547778,-80.16689167,Vehiculo en movimiento,Frente a Detrás,Not an Intersection,No fue interseccion,Sobre calle,Ninguna,Oscuro sin iluminacion,Despejado,No,NO APLICA,99,99,99,99,1,02/07/2022,2
12,Florida,121726,0,0,1,0,21,COLLIER (21),0,NO APLICA,7,Julio,12,2022,5,41,CR-846,4,Calle del Condado,Rural,Arteria Menor,Not Reported,0,Sin jurisdiccion especial,99998,26.36753611,-81.44318611,Zanja,El primer evento no fue una colision con un vehiculo automotor en transporte,Not an Intersection,No fue interseccion,Sobre el lado de la calle,Ninguna,Oscuro sin iluminacion,Despejado,No,NO APLICA,99,99,99,99,1,12/07/2022,1
12,Florida,121727,0,0,1,0,31,DUVAL (31),1510,JACKSONVILLE,7,Julio,15,2022,6,20,ORTEGA BRG,6,Calle Local Municipalidad,Rural,Local,Not Reported,0,Sin jurisdiccion especial,99998,30.27525833,-81.7186,Poste,El primer evento no fue una colision con un vehiculo automotor en transporte,Not an Intersection,No fue interseccion,Sobre el lado de la calle,Ninguna,Amanecer,Nublado,No,NO APLICA,99,99,99,99,1,15/07/2022,2
12,Florida,121728,1,1,1,0,31,DUVAL (31),1510,JACKSONVILLE,7,Julio,15,2022,21,50,BROADWAY AVE,6,Calle Local Municipalidad,Urbano,Arteria Menor,City or Municipal Highway Agency,0,Sin jurisdiccion especial,99998,30.33269444,-81.73110833,Peaton,El primer evento no fue una colision con un vehiculo automotor en transporte,Four-Way Intersection,Interseccion de 4 direcciones,Sobre calle,Ninguna,Oscuro con iluminacion,Despejado,No,NO APLICA,99,99,99,99,1,15/07/2022,1
12,Florida,121729,0,0,2,0,57,HILLSBOROUGH (57),2950,TAMPA,7,Julio,15,2022,19,43,E HILLSBOROUGH AVE,5,Calle Local - Pueblo,Urbano,Arteria Principal,State Highway Agency,1,Sin jurisdiccion especial,99998,27.99605278,-82.443,Vehiculo en movimiento,Angulo,Four-Way Intersection,Interseccion de 4 direcciones,Sobre calle,Ninguna,Dia total,Nublado,No,NO APLICA,99,99,99,99,1,15/07/2022,2
12,Florida,121730,0,0,2,0,105,POLK (105),1690,LAKELAND,7,Julio,15,2022,23,46,SR-37,3,Highway estatal,Urbano,Arteria Menor,State Highway Agency,0,Sin jurisdiccion especial,99998,27.98903889,-81.95690278,Vehiculo en movimiento,Angulo,T-Intersection,Interseccion de T,Sobre calle,Ninguna,Oscuro con iluminacion,Despejado,No,NO APLICA,99,99,99,99,1,15/07/2022,3
12,Florida,121731,1,1,1,0,83,MARION (83),0,NO APLICA,7,Julio,2,2022,1,26,SR-40,3,Highway estatal,Urbano,Arteria Principal,State Highway Agency,0,Sin jurisdiccion especial,99998,29.186725,-82.21388889,Peaton,El primer evento no fue una colision con un vehiculo automotor en transporte,T-Intersection,Interseccion de T,Sobre calle,Ninguna,Oscuro sin iluminacion,Otro,No,NO APLICA,99,99,99,99,1,02/07/2022,1
12,Florida,121732,1,1,1,0,83,MARION (83),2270,OCALA,7,Julio,17,2022,0,10,SR-200,3,Highway estatal,Urbano,Arteria Principal,State Highway Agency,1,Sin jurisdiccion especial,99998,29.12545833,-82.21001944,Peaton,El primer evento no fue una colision con un vehiculo automotor en transporte,Four-Way Intersection,Interseccion de 4 direcciones,Sobre calle,Ninguna,Oscuro sin iluminacion,Despejado,No,NO APLICA,99,99,99,99,1,17/07/2022,1
12,Florida,121733,0,0,2,0,105,POLK (105),120,AUBURNDALE,7,Julio,6,2022,16,7,SR-655,3,Highway estatal,Urbano,Colector Mayor,State Highway Agency,0,Sin jurisdiccion especial,99998,28.094225,-81.81821667,Vehiculo en movimiento,Angulo,Four-Way Intersection,Interseccion de 4 direcciones,Sobre calle,Ninguna,Dia total,Nublado,No,NO APLICA,99,99,99,99,2,06/07/2022,4
12,Florida,121734,0,0,2,0,95,ORANGE (95),2360,ORLANDO,7,Julio,11,2022,21,30,SR-552,3,Highway estatal,Urbano,Arteria Menor,State Highway Agency,0,Sin jurisdiccion especial,99998,28.51840833,-81.29667222,Vehiculo en movimiento,Angulo,Four-Way Intersection,Interseccion de 4 direcciones,Sobre calle,Ninguna,Oscuro sin iluminacion,Despejado,No,NO APLICA,99,99,99,99,1,11/07/2022,6
12,Florida,121735,0,0,2,0,105,POLK (105),0,NO APLICA,2,Febrero,19,2022,11,46,US-60,2,US Highway,Rural,Arteria Principal,State Highway Agency,1,Sin jurisdiccion especial,99998,27.80616389,-81.31590278,Vehiculo en movimiento,Angulo,T-Intersection,Interseccion de T,Sobre calle,Ninguna,Dia total,Nublado,No,NO APLICA,99,99,99,99,1,19/02/2022,2
12,Florida,121736,1,1,1,0,11,BROWARD (11),1420,HOLLYWOOD,2,Febrero,11,2022,17,52,US-1,2,US Highway,Urbano,Arteria Principal,State Highway Agency,1,Sin jurisdiccion especial,99998,26.00415,-80.14283889,No vehiculo o remolque,El primer evento no fue una colision con un vehiculo automotor en transporte,Four-Way Intersection,Interseccion de 4 direcciones,Sobre calle,Ninguna,Dia total,lluvia,No,NO APLICA,99,99,99,99,1,11/02/2022,1
12,Florida,121737,1,1,1,0,127,VOLUSIA (127),780,DAYTONA BEACH,4,Abril,24,2022,10,39,WILLIAMSON BLVD,6,Calle Local Municipalidad,Urbano,Arteria Principal,County Highway Agency,0,Sin jurisdiccion especial,99998,29.18386389,-81.08133889,Ciclista,El primer evento no fue una colision con un vehiculo automotor en transporte,Not an Intersection,No fue interseccion,Sobre calle,Ninguna,Dia total,Despejado,No,NO APLICA,99,99,99,99,1,24/04/2022,1
12,Florida,121738,0,0,3,0,5,BAY (5),2451,PANAMA CITY BEACH,5,Mayo,5,2022,16,21,US-98,2,US Highway,Rural,Arteria Principal,State Highway Agency,0,Sin jurisdiccion especial,99998,30.19500278,-85.80799722,Vehiculo en movimiento,Angulo,Not an Intersection,No fue interseccion,Sobre calle,Ninguna,Dia total,Despejado,No,NO APLICA,99,99,99,99,1,05/05/2022,3
12,Florida,121739,1,1,1,0,83,MARION (83),2270,OCALA,5,Mayo,4,2022,16,34,3RD ST,5,Calle Local - Pueblo,Urbano,Local,City or Municipal Highway Agency,0,Sin jurisdiccion especial,99998,29.18400278,-82.14476389,Ciclista,El primer evento no fue una colision con un vehiculo automotor en transporte,Four-Way Intersection,Interseccion de 4 direcciones,Sobre calle,Ninguna,Dia total,Despejado,No,NO APLICA,99,99,99,99,1,04/05/2022,1
12,Florida,121740,0,0,2,0,127,VOLUSIA (127),2190,NEW SMYRNA BEACH,5,Mayo,7,2022,20,26,US-1,2,US Highway,Urbano,Arteria Principal,State Highway Agency,1,Sin jurisdiccion especial,99998,29.06237778,-80.94384722,Vehiculo en movimiento,Frente a Detrás,Not an Intersection,No fue interseccion,Sobre calle,Ninguna,Oscuro sin iluminacion,Despejado,No,NO APLICA,99,99,99,99,1,07/05/2022,2
12,Florida,121741,1,1,1,0,127,VOLUSIA (127),787,DEBARY,5,Mayo,6,2022,10,14,DIRKSEN DR,5,Calle Local - Pueblo,Urbano,Arteria Menor,County Highway Agency,0,Sin jurisdiccion especial,99998,28.86937222,-81.29408889,Ciclista,El primer evento no fue una colision con un vehiculo automotor en transporte,Four-Way Intersection,Interseccion de 4 direcciones,Sobre calle,Ninguna,Dia total,Despejado,No,NO APLICA,99,99,99,99,1,06/05/2022,1
12,Florida,121742,1,1,1,0,111,ST LUCIE (111),2601,PORT SAINT LUCIE,5,Mayo,30,2022,13,22,SW TULIP BLVD,5,Calle Local - Pueblo,Urbano,Colector Mayor,City or Municipal Highway Agency,0,Sin jurisdiccion especial,99998,27.25637222,-80.36644722,Ciclista,El primer evento no fue una colision con un vehiculo automotor en transporte,Not an Intersection,No fue interseccion,Sobre calle,Ninguna,Dia total,Despejado,No,NO APLICA,99,99,99,99,1,30/05/2022,1
12,Florida,121743,0,0,1,0,127,VOLUSIA (127),2375,ORMOND BEACH,6,Junio,9,2022,11,10,BEACH ST,6,Calle Local Municipalidad,Urbano,Colector Mayor,County Highway Agency,0,Sin jurisdiccion especial,99998,29.28073889,-81.05329167,Arbol,El primer evento no fue una colision con un vehiculo automotor en transporte,Not an Intersection,No fue interseccion,Sobre el lado de la calle,Ninguna,Dia total,Despejado,No,NO APLICA,99,99,99,99,1,09/06/2022,1
12,Florida,121744,0,0,1,0,31,DUVAL (31),1510,JACKSONVILLE,3,Marzo,31,2022,19,58,I-95 RAMP,1,Interestatal,Urbano,Interestatal,State Highway Agency,1,Sin jurisdiccion especial,99998,30.11489722,-81.51554722,Immersion total o parcial,El primer evento no fue una colision con un vehiculo automotor en transporte,Not an Intersection,No fue interseccion,Sobre el lado de la calle,Ninguna,Oscuro con iluminacion,Nublado,No,NO APLICA,99,99,99,99,1,31/03/2022,2
12,Florida,121745,0,0,1,0,69,LAKE (69),3030,UMATILLA,6,Junio,18,2022,10,45,CR-450,4,Calle del Condado,Urbano,Colector Menor,County Highway Agency,0,Sin jurisdiccion especial,99998,28.93538056,-81.64235,Banqueta,El primer evento no fue una colision con un vehiculo automotor en transporte,Not an Intersection,No fue interseccion,Sobre el lado de la calle,Ninguna,Dia total,Despejado,No,NO APLICA,99,99,99,99,1,18/06/2022,1
12,Florida,121746,0,0,2,0,89,NASSAU (89),3326,YULEE,6,Junio,16,2022,9,45,I-95,1,Interestatal,Rural,Interestatal,State Highway Agency,1,Sin jurisdiccion especial,99998,30.69338056,-81.67583889,Vehiculo en movimiento,Angulo,Not an Intersection,No fue interseccion,Sobre calle,Ninguna,Dia total,Despejado,No,NO APLICA,99,99,99,99,2,16/06/2022,4
12,Florida,121747,0,0,2,0,97,OSCEOLA (97),0,NO APLICA,6,Junio,23,2022,3,28,FIVE OAKS DR,9,Desconocido,Rural,Local,Not Reported,0,Sin jurisdiccion especial,99998,28.18965833,-81.14043889,Vehiculo en movimiento,Frente a Detrás,Not an Intersection,No fue interseccion,Sobre calle,Ninguna,Oscuro sin iluminacion,Despejado,No,NO APLICA,99,99,99,99,1,23/06/2022,2
12,Florida,121748,0,0,1,0,19,CLAY (19),0,NO APLICA,7,Julio,9,2022,21,35,SR-16,3,Highway estatal,Rural,Arteria Principal,State Highway Agency,1,Sin jurisdiccion especial,99998,29.96118056,-82.01787778,Volcadura,El primer evento no fue una colision con un vehiculo automotor en transporte,Not an Intersection,No fue interseccion,Fuera de la calle,Ninguna,Oscuro sin iluminacion,Nublado,No,NO APLICA,99,99,99,99,1,09/07/2022,1
12,Florida,121749,0,0,1,0,105,POLK (105),0,NO APLICA,7,Julio,10,2022,13,16,ADAMS BARN RD,6,Calle Local Municipalidad,Rural,Local,County Highway Agency,0,Sin jurisdiccion especial,99998,28.11746389,-81.75642222,Poste,El primer evento no fue una colision con un vehiculo automotor en transporte,Not an Intersection,No fue interseccion,Sobre el lado de la calle,Ninguna,Dia total,lluvia,No,NO APLICA,99,99,99,99,1,10/07/2022,2
12,Florida,121750,0,0,4,0,105,POLK (105),1740,LAKE WALES,7,Julio,8,2022,18,45,BUCK MOORE RD,5,Calle Local - Pueblo,Urbano,Colector Mayor,County Highway Agency,0,Sin jurisdiccion especial,99998,27.90902778,-81.55595,Vehiculo en movimiento,Frente a Detrás,Not an Intersection,No fue interseccion,Sobre calle,Ninguna,Dia total,Despejado,No,NO APLICA,99,99,99,99,1,08/07/2022,8
12,Florida,121751,0,0,1,0,23,COLUMBIA (23),0,NO APLICA,7,Julio,8,2022,3,0,MOUNT CARMEL AVE,9,Desconocido,Rural,Local,County Highway Agency,0,Sin jurisdiccion especial,99998,30.16898333,-82.71996389,Arbol,El primer evento no fue una colision con un vehiculo automotor en transporte,Not an Intersection,No fue interseccion,Sobre el lado de la calle,Ninguna,Oscuro sin iluminacion,Despejado,No,NO APLICA,99,99,99,99,1,08/07/2022,1