Estado,Nombre de Estado,Numero de Caso,Peatones,Personas _no_vehiculos,Vehiculos automotores,Vehiculos estacionados,Condado,Nombre Condado,Ciudad,Nombre Ciudad,Mes,Nombre Mes,Dia,Año,Hora,Minuto,Calle,Ruta,Nombre Ruta,Rural o Urbanoo,Sistema Funcional,Dueño Calle,Sistema Nacional Carreteras,Jurisdiccion Especial,Milla,Latitud,Longitud,Causa del Accidente,Tipo de Accidente,Tipo Interseccion,Columna1,Lugar en la calle,Zona de Trabajo,Luz,Clima,Autobus Escolar,Cruce de Trenes,Hora Notificacion,Minuto Notificacion,Hora Llegada,Minuto Llegada,Decesos,Fecha,PersonaVehiculo
12,Florida,121752,0,0,1,0,97,OSCEOLA (97),0,NO APLICA,7,Julio,3,2022,17,35,PLEASANT HILL RD,6,Calle Local Municipalidad,Urbano,Arteria Menor,County Highway Agency,0,Sin jurisdiccion especial,99998,28.24310556,-81.43622222,Banqueta,El primer evento no fue una colision con un vehiculo automotor en transporte,Not an Intersection,No fue interseccion,Sobre el lado de la calle,Ninguna,Dia total,lluvia,No,NO APLICA,99,99,99,99,1,03/07/2022,1
12,Florida,121753,1,1,1,0,101,PASCO (101),0,NO APLICA,7,Julio,4,2022,2,27,LAKEVIEW DR,9,Desconocido,Rural,Local,City or Municipal Highway Agency,0,Sin jurisdiccion especial,99998,28.30576667,-82.63411111,Peaton,El primer evento no fue una colision con un vehiculo automotor en transporte,Not an Intersection,No fue interseccion,Sobre calle,Ninguna,Oscuro sin iluminacion,Nublado,No,NO APLICA,99,99,99,99,1,04/07/2022,2
12,Florida,121754,1,1,1,0,95,ORANGE (95),2290,OCOEE,7,Julio,13,2022,21,7,SR-408,3,Highway estatal,Urbano,Arteria Principal,State Highway Agency,1,Sin jurisdiccion especial,99998,28.5518,-81.52046111,Peaton,El primer evento no fue una colision con un vehiculo automotor en transporte,Four-Way Intersection,Interseccion de 4 direcciones,Sobre calle,Ninguna,Oscuro sin iluminacion,lluvia,No,NO APLICA,99,99,99,99,1,13/07/2022,2
12,Florida,121755,0,0,1,0,85,MARTIN (85),0,NO APLICA,7,Julio,14,2022,6,15,CR-714,4,Calle del Condado,Rural,Colector Mayor,Not Reported,0,Sin jurisdiccion especial,99998,27.16206667,-80.548275,Arbol,El primer evento no fue una colision con un vehiculo automotor en transporte,Not an Intersection,No fue interseccion,"Fuera de la calle, ubicacion desconocida",Ninguna,Amanecer,Despejado,No,NO APLICA,99,99,99,99,1,14/07/2022,1
12,Florida,121756,1,1,1,0,99,PALM BEACH (99),0,NO APLICA,7,Julio,15,2022,18,27,JOG RD,6,Calle Local Municipalidad,Urbano,Arteria Principal,City or Municipal Highway Agency,0,Sin jurisdiccion especial,99998,26.58801667,-80.14658889,Peaton,El primer evento no fue una colision con un vehiculo automotor en transporte,Not an Intersection,No fue interseccion,Sobre calle,Ninguna,Dia total,Despejado,No,NO APLICA,99,99,99,99,1,15/07/2022,2
12,Florida,121757,0,0,2,0,97,OSCEOLA (97),0,NO APLICA,7,Julio,18,2022,6,24,SR-60,3,Highway estatal,Rural,Arteria Principal,State Highway Agency,1,Sin jurisdiccion especial,99998,27.7304,-81.0152,Vehiculo en movimiento,Frente a frente,Not an Intersection,No fue interseccion,Sobre calle,Ninguna,Amanecer,Despejado,No,NO APLICA,99,99,99,99,1,18/07/2022,5
12,Florida,121758,0,0,1,0,86,MIAMI-DADE (86),2010,MIAMI,6,Junio,19,2022,15,20,16TH ST,6,Calle Local Municipalidad,Urbano,Colector Mayor,City or Municipal Highway Agency,0,Sin jurisdiccion especial,99998,25.75749167,-80.24901111,Banqueta,El primer evento no fue una colision con un vehiculo automotor en transporte,Not an Intersection,No fue interseccion,Sobre el lado de la calle,Ninguna,Dia total,Despejado,No,NO APLICA,99,99,99,99,1,19/06/2022,1
12,Florida,121759,0,0,1,0,127,VOLUSIA (127),787,DEBARY,7,Julio,6,2022,23,31,SPRING VISTA DR,5,Calle Local - Pueblo,Rural,Local,City or Municipal Highway Agency,0,Sin jurisdiccion especial,99998,28.87038333,-81.31802222,Poste de Señal de trafico,El primer evento no fue una colision con un vehiculo automotor en transporte,Not an Intersection,No fue interseccion,Sobre el lado de la calle,Ninguna,Oscuro sin iluminacion,Despejado,No,NO APLICA,99,99,99,99,1,06/07/2022,1
12,Florida,121760,0,0,2,0,93,OKEECHOBEE (93),0,NO APLICA,4,Abril,7,2022,12,37,US-441,2,US Highway,Rural,Arteria Principal,State Highway Agency,1,Sin jurisdiccion especial,99998,27.39058056,-80.81589444,Vehiculo en movimiento,Angulo,T-Intersection,Interseccion de T,Sobre calle,Ninguna,Dia total,lluvia,No,NO APLICA,99,99,99,99,1,07/04/2022,2
12,Florida,121761,0,0,1,0,43,GLADES (43),9997,Other,7,Julio,8,2022,23,58,MARGARIA RD,6,Calle Local Municipalidad,Rural,Local,"Other Public Instrumentality (i.e., Airport)",0,Sin jurisdiccion especial,99998,27.07565833,-81.07503056,Volcadura,El primer evento no fue una colision con un vehiculo automotor en transporte,Not an Intersection,No fue interseccion,Sobre calle,Ninguna,Oscuro sin iluminacion,Nublado,No,NO APLICA,99,99,99,99,1,08/07/2022,4
12,Florida,121762,0,0,2,0,17,CITRUS (17),0,NO APLICA,7,Julio,11,2022,14,57,US-19,2,US Highway,Rural,Arteria Principal,State Highway Agency,1,Sin jurisdiccion especial,99998,28.97001944,-82.63536944,Vehiculo en movimiento,Angulo,Four-Way Intersection,Interseccion de 4 direcciones,Sobre calle,Ninguna,Dia total,Despejado,No,NO APLICA,99,99,99,99,1,11/07/2022,6
12,Florida,121763,0,0,2,0,97,OSCEOLA (97),0,NO APLICA,7,Julio,13,2022,16,47,SR-530,3,Highway estatal,Urbano,Arteria Menor,County Highway Agency,0,Sin jurisdiccion especial,99998,28.30879167,-81.34743889,Vehiculo en movimiento,Frente a Detrás,Not an Intersection,No fue interseccion,Sobre calle,Ninguna,Dia total,Nublado,No,NO APLICA,99,99,99,99,1,13/07/2022,2
12,Florida,121764,1,1,1,0,81,MANATEE (81),0,NO APLICA,7,Julio,16,2022,22,15,US-301,2,US Highway,Urbano,Arteria Principal,State Highway Agency,1,Sin jurisdiccion especial,99998,27.47516944,-82.5466,Peaton,El primer evento no fue una colision con un vehiculo automotor en transporte,Not an Intersection,No fue interseccion,Sobre calle,Ninguna,Oscuro sin iluminacion,Nublado,No,NO APLICA,99,99,99,99,1,16/07/2022,3
12,Florida,121765,0,0,1,0,57,HILLSBOROUGH (57),2675,RUSKIN,7,Julio,18,2022,17,10,US-41,2,US Highway,Urbano,Arteria Principal,State Highway Agency,1,Sin jurisdiccion especial,99998,27.70348889,-82.45089444,Volcadura,El primer evento no fue una colision con un vehiculo automotor en transporte,Not an Intersection,No fue interseccion,Sobre el lado de la calle,Ninguna,Dia total,Nublado,No,NO APLICA,99,99,99,99,1,18/07/2022,1
12,Florida,121766,1,1,1,0,81,MANATEE (81),0,NO APLICA,7,Julio,19,2022,23,38,US-41,2,US Highway,Urbano,Arteria Principal,State Highway Agency,1,Sin jurisdiccion especial,99998,27.4251,-82.57553611,Peaton,El primer evento no fue una colision con un vehiculo automotor en transporte,Not an Intersection,No fue interseccion,Sobre calle,Ninguna,Oscuro sin iluminacion,Despejado,No,NO APLICA,99,99,99,99,1,19/07/2022,1
12,Florida,121767,0,0,3,0,83,MARION (83),0,NO APLICA,7,Julio,12,2022,14,50,US-27,2,US Highway,Rural,Arteria Principal,State Highway Agency,1,Sin jurisdiccion especial,99998,29.28210556,-82.33659444,Vehiculo en movimiento,Frente a Detrás,Four-Way Intersection,Interseccion de 4 direcciones,Sobre calle,Ninguna,Dia total,Nublado,No,NO APLICA,99,99,99,99,1,12/07/2022,3
12,Florida,121768,0,0,3,0,1,ALACHUA (1),1130,GAINESVILLE,7,Julio,15,2022,12,15,SR-24,3,Highway estatal,Urbano,Arteria Principal,State Highway Agency,1,Sin jurisdiccion especial,99998,29.67379444,-82.29679167,Vehiculo en movimiento,Angulo,Four-Way Intersection,Interseccion de 4 direcciones,Sobre calle,Ninguna,Dia total,Despejado,No,NO APLICA,99,99,99,99,1,15/07/2022,5
12,Florida,121769,0,0,2,0,101,PASCO (101),0,NO APLICA,7,Julio,17,2022,10,45,US-19,2,US Highway,Urbano,Arteria Principal,State Highway Agency,1,Sin jurisdiccion especial,99998,28.38611944,-82.67238056,Vehiculo en movimiento,Frente a Detrás,Not an Intersection,No fue interseccion,Sobre calle,Ninguna,Dia total,Despejado,No,NO APLICA,99,99,99,99,1,17/07/2022,5
12,Florida,121770,1,1,1,0,105,POLK (105),0,NO APLICA,6,Junio,26,2022,7,9,SR-559,3,Highway estatal,Urbano,Arteria Menor,County Highway Agency,0,Sin jurisdiccion especial,99998,28.12355,-81.78933889,Ciclista,El primer evento no fue una colision con un vehiculo automotor en transporte,Not an Intersection,No fue interseccion,Sobre calle,Ninguna,Oscuro sin iluminacion,Nublado,No,NO APLICA,99,99,99,99,1,26/06/2022,1
12,Florida,121771,1,1,2,0,95,ORANGE (95),0,NO APLICA,7,Julio,2,2022,21,0,SR-50,3,Highway estatal,Urbano,Arteria Principal,State Highway Agency,1,Sin jurisdiccion especial,99998,28.56548056,-81.15736944,Peaton,El primer evento no fue una colision con un vehiculo automotor en transporte,Not an Intersection,No fue interseccion,Sobre calle,Ninguna,Oscuro sin iluminacion,Neblina o Humo,No,NO APLICA,99,99,99,99,1,02/07/2022,6
12,Florida,121773,0,0,2,0,105,POLK (105),1270,HAINES CITY,7,Julio,14,2022,7,15,US-27,2,US Highway,Urbano,Arteria Principal,State Highway Agency,1,Sin jurisdiccion especial,99998,28.05534444,-81.63509722,Vehiculo en movimiento,Angulo,T-Intersection,Interseccion de T,Sobre calle,Ninguna,Dia total,Nublado,No,NO APLICA,99,99,99,99,1,14/07/2022,3
12,Florida,121774,0,0,2,0,19,CLAY (19),0,NO APLICA,7,Julio,17,2022,6,59,CARTER SPENCER RD,5,Calle Local - Pueblo,Rural,Local,County Highway Agency,0,Sin jurisdiccion especial,99998,30.06963056,-81.94408056,Vehiculo en movimiento,Frente a frente,Not an Intersection,No fue interseccion,Sobre calle,Ninguna,Dia total,Despejado,No,NO APLICA,99,99,99,99,1,17/07/2022,2
12,Florida,121775,0,0,2,0,61,INDIAN RIVER (61),3070,VERO BEACH,7,Julio,18,2022,7,15,US-1,2,US Highway,Urbano,Arteria Principal,State Highway Agency,1,Sin jurisdiccion especial,99998,27.65148889,-80.40101944,Vehiculo en movimiento,Angulo,Four-Way Intersection,Interseccion de 4 direcciones,Sobre calle,Ninguna,Dia total,Despejado,No,NO APLICA,99,99,99,99,1,18/07/2022,2
12,Florida,121776,0,0,2,0,55,HIGHLANDS (55),0,NO APLICA,7,Julio,16,2022,16,53,SR-70,3,Highway estatal,Rural,Arteria Principal,State Highway Agency,1,Sin jurisdiccion especial,99998,27.20868056,-81.39715556,Vehiculo en movimiento,Frente a frente,Not an Intersection,No fue interseccion,Sobre calle,Ninguna,Dia total,lluvia,No,NO APLICA,99,99,99,99,1,16/07/2022,5
12,Florida,121777,0,0,2,0,95,ORANGE (95),0,NO APLICA,7,Julio,20,2022,16,25,CLARCONA OCOEE RD,6,Calle Local Municipalidad,Urbano,Colector Mayor,County Highway Agency,0,Sin jurisdiccion especial,99998,28.61380278,-81.48045,Vehiculo en movimiento,Frente a Detrás,T-Intersection,Interseccion de T,Sobre calle,Ninguna,Dia total,Despejado,No,NO APLICA,99,99,99,99,1,20/07/2022,2
12,Florida,121778,0,0,1,0,31,DUVAL (31),1510,JACKSONVILLE,7,Julio,20,2022,21,50,MONUMENT RD,6,Calle Local Municipalidad,Urbano,Arteria Menor,City or Municipal Highway Agency,0,Sin jurisdiccion especial,99998,30.35615278,-81.50457222,Banqueta,El primer evento no fue una colision con un vehiculo automotor en transporte,Not an Intersection,No fue interseccion,En el medio,Ninguna,Oscuro con iluminacion,Nublado,No,NO APLICA,99,99,99,99,1,20/07/2022,1
12,Florida,121779,0,0,1,0,113,SANTA ROSA (113),0,NO APLICA,7,Julio,8,2022,11,20,I-10,1,Interestatal,Rural,Interestatal,State Highway Agency,1,Sin jurisdiccion especial,99998,30.67035,-86.84748056,Arbol,El primer evento no fue una colision con un vehiculo automotor en transporte,Not an Intersection,No fue interseccion,Sobre el lado de la calle,Ninguna,Dia total,Despejado,No,NO APLICA,99,99,99,99,1,08/07/2022,1
12,Florida,121781,0,0,2,0,19,CLAY (19),0,NO APLICA,7,Julio,9,2022,8,34,US-17,2,US Highway,Urbano,Arteria Principal,State Highway Agency,0,Sin jurisdiccion especial,99998,30.15339167,-81.70073056,Vehiculo en movimiento,Angulo,Four-Way Intersection,Interseccion de 4 direcciones,Sobre calle,Ninguna,Dia total,Despejado,No,NO APLICA,99,99,99,99,1,09/07/2022,2
12,Florida,121782,1,1,2,0,71,LEE (71),0,NO APLICA,7,Julio,13,2022,21,15,SR-78,3,Highway estatal,Urbano,Arteria Principal,State Highway Agency,1,Sin jurisdiccion especial,99998,26.68493611,-81.87047778,Vehiculo en movimiento,Frente a Detrás,Not an Intersection,No fue interseccion,Sobre calle,Ninguna,Oscuro sin iluminacion,Despejado,No,NO APLICA,99,99,99,99,1,13/07/2022,2
12,Florida,121783,0,0,2,0,15,CHARLOTTE (15),0,NO APLICA,7,Julio,14,2022,17,27,US-41,2,US Highway,Rural,Arteria Principal,State Highway Agency,1,Sin jurisdiccion especial,99998,26.80726389,-81.95531667,Vehiculo en movimiento,Frente a Detrás,Not an Intersection,No fue interseccion,Sobre calle,Ninguna,Atardecer,lluvia,No,NO APLICA,99,99,99,99,1,14/07/2022,2
12,Florida,121784,0,0,1,0,107,PUTNAM (107),0,NO APLICA,7,Julio,11,2022,13,15,SR-207,3,Highway estatal,Rural,Arteria Principal,Not Reported,0,Sin jurisdiccion especial,99998,29.70488056,-81.5417,Volcadura,El primer evento no fue una colision con un vehiculo automotor en transporte,Not an Intersection,No fue interseccion,En el medio,Ninguna,Dia total,Nublado,No,NO APLICA,99,99,99,99,1,11/07/2022,3
12,Florida,121785,0,0,1,0,19,CLAY (19),0,NO APLICA,7,Julio,13,2022,21,30,SR-23,3,Highway estatal,Urbano,Arterial Principal -Freeway o ExpressWay,State Highway Agency,0,Sin jurisdiccion especial,99998,30.15961111,-81.83141944,Volcadura,El primer evento no fue una colision con un vehiculo automotor en transporte,Not an Intersection,No fue interseccion,Sobre el lado de la calle,Ninguna,Oscuro con iluminacion,Despejado,No,NO APLICA,99,99,99,99,1,13/07/2022,1
12,Florida,121786,0,0,1,0,31,DUVAL (31),1510,JACKSONVILLE,7,Julio,14,2022,23,5,I-95,1,Interestatal,Urbano,Interestatal,State Highway Agency,1,Sin jurisdiccion especial,99998,30.15766111,-81.55035556,Valla Ferrocarril,El primer evento no fue una colision con un vehiculo automotor en transporte,Not an Intersection,No fue interseccion,En el medio,Ninguna,Oscuro con iluminacion,Nublado,No,NO APLICA,99,99,99,99,1,14/07/2022,1
12,Florida,121787,0,0,1,0,127,VOLUSIA (127),0,NO APLICA,7,Julio,5,2022,12,30,CR-4164,4,Calle del Condado,Rural,Colector Menor,County Highway Agency,0,Sin jurisdiccion especial,99998,28.86419722,-80.87631389,Arbol,El primer evento no fue una colision con un vehiculo automotor en transporte,Not an Intersection,No fue interseccion,"Fuera de la calle, ubicacion desconocida",Ninguna,Dia total,Despejado,No,NO APLICA,99,99,99,99,1,05/07/2022,1
12,Florida,121788,0,0,2,0,9,BREVARD (9),0,NO APLICA,7,Julio,20,2022,18,13,US-1,2,US Highway,Urbano,Arteria Principal,State Highway Agency,0,Sin jurisdiccion especial,99998,28.48843889,-80.7741,Vehiculo en movimiento,Angulo,Four-Way Intersection,Interseccion de 4 direcciones,Sobre calle,Ninguna,Dia total,Despejado,No,NO APLICA,99,99,99,99,1,20/07/2022,2
12,Florida,121789,0,0,2,0,57,HILLSBOROUGH (57),0,NO APLICA,6,Junio,24,2022,11,48,US-41,2,US Highway,Rural,Arteria Principal,Not Reported,1,Sin jurisdiccion especial,99998,27.65212222,-82.51221111,Vehiculo en movimiento,Angulo,Four-Way Intersection,Interseccion de 4 direcciones,Sobre calle,Ninguna,Dia total,Despejado,No,NO APLICA,99,99,99,99,1,24/06/2022,4
12,Florida,121790,1,1,1,0,91,OKALOOSA (91),0,NO APLICA,7,Julio,18,2022,17,30,GENERAL ROBERT M BOND BLVD,9,Desconocido,Rural,Local,Not Reported,0,Sin jurisdiccion especial,99998,30.48525,-86.56910833,Ciclista,El primer evento no fue una colision con un vehiculo automotor en transporte,Not an Intersection,No fue interseccion,Sobre calle,Ninguna,Dia total,Despejado,No,NO APLICA,99,99,99,99,1,18/07/2022,6
12,Florida,121791,0,0,1,0,117,SEMINOLE (117),0,NO APLICA,7,Julio,1,2022,12,30,UPSALA RD,9,Desconocido,Urbano,Colector Mayor,Not Reported,0,Sin jurisdiccion especial,99998,28.79948889,-81.32198333,Banqueta,El primer evento no fue una colision con un vehiculo automotor en transporte,Not an Intersection,No fue interseccion,Sobre el lado de la calle,Ninguna,Dia total,Despejado,No,NO APLICA,99,99,99,99,1,01/07/2022,1
12,Florida,121793,0,0,2,0,99,PALM BEACH (99),112,ATLANTIS,7,Julio,9,2022,17,44,CONGRESS AVE,6,Calle Local Municipalidad,Urbano,Arteria Principal,County Highway Agency,0,Sin jurisdiccion especial,99998,26.59714722,-80.09118333,Vehiculo en movimiento,Angulo,T-Intersection,Interseccion de T,Sobre calle,Ninguna,Dia total,Despejado,No,NO APLICA,99,99,99,99,1,09/07/2022,4
12,Florida,121794,0,0,2,0,31,DUVAL (31),1510,JACKSONVILLE,7,Julio,24,2022,21,33,US-17,2,US Highway,Urbano,Arteria Principal,City or Municipal Highway Agency,1,Sin jurisdiccion especial,99998,30.33573056,-81.66699722,Vehiculo en movimiento,Angulo,Four-Way Intersection,Interseccion de 4 direcciones,Sobre calle,Ninguna,Oscuro con iluminacion,Despejado,No,NO APLICA,99,99,99,99,1,24/07/2022,4
12,Florida,121795,0,0,1,0,85,MARTIN (85),0,NO APLICA,7,Julio,6,2022,16,55,I-95 SR-9,1,Interestatal,Rural,Interestatal,State Highway Agency,1,Sin jurisdiccion especial,1120,27.19228333,-80.40034167,Poste de Señal de trafico,El primer evento no fue una colision con un vehiculo automotor en transporte,Not an Intersection,No fue interseccion,Sobre el lado de la calle,Ninguna,Dia total,Nublado,No,NO APLICA,99,99,99,99,1,06/07/2022,2
12,Florida,121796,0,0,1,0,127,VOLUSIA (127),0,NO APLICA,7,Julio,17,2022,20,20,I-95,1,Interestatal,Urbano,Interestatal,State Highway Agency,1,Sin jurisdiccion especial,99998,29.15425833,-81.07758333,Poste de Señal de trafico,El primer evento no fue una colision con un vehiculo automotor en transporte,Not an Intersection,No fue interseccion,Sobre el lado de la calle,Ninguna,Oscuro con iluminacion,lluvia,No,NO APLICA,99,99,99,99,2,17/07/2022,5
12,Florida,121797,0,0,1,0,59,HOLMES (59),310,BONIFAY,7,Julio,20,2022,5,40,I-10,1,Interestatal,Rural,Interestatal,State Highway Agency,1,Sin jurisdiccion especial,1120,30.76273056,-85.68090278,Volcadura,El primer evento no fue una colision con un vehiculo automotor en transporte,Not an Intersection,No fue interseccion,En el medio,Ninguna,Amanecer,Despejado,No,NO APLICA,99,99,99,99,1,20/07/2022,1
12,Florida,121798,0,0,1,0,53,HERNANDO (53),0,NO APLICA,7,Julio,19,2022,2,30,US-41,2,US Highway,Urbano,Arteria Principal,State Highway Agency,1,Sin jurisdiccion especial,99998,28.51828056,-82.4156,Zanja,El primer evento no fue una colision con un vehiculo automotor en transporte,Not an Intersection,No fue interseccion,Sobre el lado de la calle,Ninguna,Oscuro sin iluminacion,Despejado,No,NO APLICA,2,30,2,34,1,19/07/2022,1
12,Florida,121799,0,0,2,0,91,OKALOOSA (91),0,NO APLICA,7,Julio,7,2022,7,52,SR-285,3,Highway estatal,Urbano,Arteria Menor,State Highway Agency,0,Sin jurisdiccion especial,99998,30.61761389,-86.42191667,Vehiculo en movimiento,Frente a frente,Not an Intersection,No fue interseccion,Sobre calle,Ninguna,Dia total,Despejado,No,NO APLICA,99,99,99,99,1,07/07/2022,4
12,Florida,121800,1,1,1,0,101,PASCO (101),0,NO APLICA,7,Julio,12,2022,21,8,WIRE RD,9,Desconocido,Rural,Local,City or Municipal Highway Agency,0,Sin jurisdiccion especial,99998,28.27324167,-82.179825,Ciclista,El primer evento no fue una colision con un vehiculo automotor en transporte,Not an Intersection,No fue interseccion,Sobre calle,Ninguna,Oscuro sin iluminacion,Despejado,No,NO APLICA,99,99,99,99,1,12/07/2022,1
12,Florida,121801,0,0,2,0,33,ESCAMBIA (33),0,NO APLICA,7,Julio,7,2022,17,58,US-90,2,US Highway,Urbano,Arteria Principal,State Highway Agency,1,Sin jurisdiccion especial,99998,30.4592,-87.29991944,Vehiculo en movimiento,Angulo,T-Intersection,Interseccion de T,Sobre calle,Ninguna,Dia total,Despejado,No,NO APLICA,99,99,99,99,1,07/07/2022,2
12,Florida,121802,0,0,1,0,123,TAYLOR (123),0,NO APLICA,7,Julio,11,2022,16,41,US-19,2,US Highway,Rural,Arteria Principal,State Highway Agency,1,Sin jurisdiccion especial,99998,30.24069167,-83.69150278,Arbol,El primer evento no fue una colision con un vehiculo automotor en transporte,Not an Intersection,No fue interseccion,Sobre el lado de la calle,Ninguna,Dia total,lluvia,No,NO APLICA,99,99,99,99,1,11/07/2022,1
12,Florida,121803,0,0,1,0,69,LAKE (69),3030,UMATILLA,1,Enero,1,2022,0,30,EAST LAKEVIEW ST,6,Calle Local Municipalidad,Urbano,Colector Mayor,Not Reported,0,Sin jurisdiccion especial,99998,28.91737778,-81.66616389,Volcadura,El primer evento no fue una colision con un vehiculo automotor en transporte,Not an Intersection,No fue interseccion,Sobre calle,Ninguna,Oscuro con iluminacion,Despejado,No,NO APLICA,99,99,99,99,1,01/01/2022,1
12,Florida,121804,0,0,1,0,95,ORANGE (95),0,NO APLICA,4,Abril,23,2022,6,50,SR-50,3,Highway estatal,Rural,Arteria Principal,Not Reported,0,Sin jurisdiccion especial,99998,28.53978889,-81.08383889,Arbol,El primer evento no fue una colision con un vehiculo automotor en transporte,Not an Intersection,No fue interseccion,Sobre el lado de la calle,Ninguna,Amanecer,Despejado,No,NO APLICA,99,99,99,99,1,23/04/2022,1
12,Florida,121805,0,0,1,0,69,LAKE (69),0,NO APLICA,5,Mayo,22,2022,2,0,SR-19,3,Highway estatal,Rural,Arteria Menor,State Highway Agency,0,Sin jurisdiccion especial,99998,29.02964167,-81.64032778,Arbol,El primer evento no fue una colision con un vehiculo automotor en transporte,Not an Intersection,No fue interseccion,Sobre el lado de la calle,Ninguna,Oscuro sin iluminacion,Nublado,No,NO APLICA,99,99,99,99,1,22/05/2022,1
12,Florida,121807,0,0,1,0,99,PALM BEACH (99),0,NO APLICA,7,Julio,23,2022,19,16,DUDA RD,9,Desconocido,Rural,Local,County Highway Agency,0,Sin jurisdiccion especial,99998,26.67968889,-80.63738056,Volcadura,El primer evento no fue una colision con un vehiculo automotor en transporte,Not an Intersection,No fue interseccion,Sobre Acotamiento,Ninguna,Dia total,Despejado,No,NO APLICA,99,99,99,99,1,23/07/2022,2
12,Florida,121808,0,0,1,0,95,ORANGE (95),0,NO APLICA,7,Julio,8,2022,9,42,DESOTO AVENUE,6,Calle Local Municipalidad,Urbano,Local,County Highway Agency,0,Sin jurisdiccion especial,99998,28.48073611,-81.28464167,Poste de Señal de trafico,El primer evento no fue una colision con un vehiculo automotor en transporte,Not an Intersection,No fue interseccion,En el medio,Ninguna,Dia total,Despejado,No,NO APLICA,99,99,99,99,1,08/07/2022,1
12,Florida,121809,0,0,2,0,21,COLLIER (21),0,NO APLICA,7,Julio,10,2022,12,18,CR-856,4,Calle del Condado,Urbano,Arteria Menor,County Highway Agency,0,Sin jurisdiccion especial,99998,26.15435,-81.72266944,Vehiculo en movimiento,Angulo,Four-Way Intersection,Interseccion de 4 direcciones,Sobre calle,Ninguna,Dia total,Nublado,No,NO APLICA,99,99,99,99,1,10/07/2022,3
12,Florida,121810,0,0,2,0,89,NASSAU (89),3326,YULEE,7,Julio,14,2022,12,0,SR-200 EB,3,Highway estatal,Urbano,Arteria Menor,State Highway Agency,0,Sin jurisdiccion especial,99998,30.61908889,-81.52043056,Vehiculo en movimiento,Frente a Detrás,Four-Way Intersection,Interseccion de 4 direcciones,Sobre calle,Ninguna,Dia total,Nublado,No,NO APLICA,99,99,99,99,1,14/07/2022,4
12,Florida,121811,0,0,4,0,103,PINELLAS (103),2730,SAINT PETERSBURG,7,Julio,18,2022,16,15,US-19,2,US Highway,Urbano,Arteria Principal,State Highway Agency,1,Sin jurisdiccion especial,99998,27.80496389,-82.67948333,Vehiculo en movimiento,Angulo,Not an Intersection,No fue interseccion,Sobre calle,Ninguna,Dia total,Despejado,No,NO APLICA,99,99,99,99,1,18/07/2022,7
12,Florida,121812,1,1,1,0,69,LAKE (69),2130,MOUNT DORA,7,Julio,23,2022,23,25,SR-19A,3,Highway estatal,Urbano,Arteria Menor,County Highway Agency,0,Sin jurisdiccion especial,99998,28.812375,-81.68451667,Peaton,El primer evento no fue una colision con un vehiculo automotor en transporte,T-Intersection,Interseccion de T,Sobre calle,Ninguna,Oscuro sin iluminacion,Despejado,No,NO APLICA,99,99,99,99,1,23/07/2022,1
12,Florida,121813,0,0,1,0,57,HILLSBOROUGH (57),0,NO APLICA,7,Julio,24,2022,19,38,CR-587A,4,Calle del Condado,Urbano,Arteria Menor,County Highway Agency,0,Sin jurisdiccion especial,99998,28.025475,-82.49326667,Banqueta,El primer evento no fue una colision con un vehiculo automotor en transporte,Not an Intersection,No fue interseccion,Sobre el lado de la calle,Ninguna,Dia total,Despejado,No,NO APLICA,99,99,99,99,1,24/07/2022,1
12,Florida,121814,0,0,2,0,85,MARTIN (85),1552,JENSEN BEACH,7,Julio,15,2022,8,14,US-1,2,US Highway,Urbano,Arteria Principal,State Highway Agency,1,Sin jurisdiccion especial,99998,27.25756667,-80.28010556,Vehiculo en movimiento,Angulo,Four-Way Intersection,Interseccion de 4 direcciones,Sobre calle,Ninguna,Dia total,lluvia,No,NO APLICA,99,99,99,99,1,15/07/2022,2
12,Florida,121815,0,0,1,0,86,MIAMI-DADE (86),2010,MIAMI,5,Mayo,23,2022,0,53,56TH ST,6,Calle Local Municipalidad,Urbano,Arteria Menor,Not Reported,0,Sin jurisdiccion especial,99998,25.71461944,-80.40818611,Arbol,El primer evento no fue una colision con un vehiculo automotor en transporte,Not an Intersection,No fue interseccion,"Fuera de la calle, ubicacion desconocida",Ninguna,Oscuro con iluminacion,Despejado,No,NO APLICA,99,99,99,99,1,23/05/2022,1
12,Florida,121816,0,0,1,0,105,POLK (105),1690,LAKELAND,7,Julio,25,2022,0,32,COUNTY LINE RD,6,Calle Local Municipalidad,Urbano,Arteria Menor,County Highway Agency,0,Sin jurisdiccion especial,99998,28.04034167,-82.05583611,Arbol,El primer evento no fue una colision con un vehiculo automotor en transporte,T-Intersection,Interseccion de T,Sobre el lado de la calle,Ninguna,Oscuro con iluminacion,Despejado,No,NO APLICA,99,99,99,99,1,25/07/2022,1
12,Florida,121817,1,1,1,0,91,OKALOOSA (91),835,DESTIN,7,Julio,17,2022,0,30,US-98,2,US Highway,Urbano,Arteria Principal,State Highway Agency,1,Sin jurisdiccion especial,99998,30.38949167,-86.42181667,Ciclista,El primer evento no fue una colision con un vehiculo automotor en transporte,Four-Way Intersection,Interseccion de 4 direcciones,Sobre el lado de la calle,Ninguna,Oscuro sin iluminacion,Despejado,No,NO APLICA,99,99,99,99,1,17/07/2022,4
12,Florida,121818,1,1,1,0,11,BROWARD (11),1050,FORT LAUDERDALE,7,Julio,23,2022,0,2,6TH ST,6,Calle Local Municipalidad,Urbano,Colector Menor,City or Municipal Highway Agency,0,Sin jurisdiccion especial,99998,26.12941389,-80.15541389,Peaton,El primer evento no fue una colision con un vehiculo automotor en transporte,Not an Intersection,No fue interseccion,Sobre calle,Ninguna,Oscuro sin iluminacion,lluvia,No,NO APLICA,99,99,99,99,1,23/07/2022,1