Estado,Nombre de Estado,Numero de Caso,Peatones,Personas _no_vehiculos,Vehiculos automotores,Vehiculos estacionados,Condado,Nombre Condado,Ciudad,Nombre Ciudad,Mes,Nombre Mes,Dia,Año,Hora,Minuto,Calle,Ruta,Nombre Ruta,Rural o Urbanoo,Sistema Funcional,Dueño Calle,Sistema Nacional Carreteras,Jurisdiccion Especial,Milla,Latitud,Longitud,Causa del Accidente,Tipo de Accidente,Tipo Interseccion,Columna1,Lugar en la calle,Zona de Trabajo,Luz,Clima,Autobus Escolar,Cruce de Trenes,Hora Notificacion,Minuto Notificacion,Hora Llegada,Minuto Llegada,Decesos,Fecha,PersonaVehiculo
12,Florida,121819,0,0,1,0,105,POLK (105),0,NO APLICA,7,Julio,20,2022,1,15,NICHOLS RD,9,Desconocido,Rural,Local,County Highway Agency,0,Sin jurisdiccion especial,99998,27.879975,-82.02683611,Zanja,El primer evento no fue una colision con un vehiculo automotor en transporte,Not an Intersection,No fue interseccion,Sobre el lado de la calle,Ninguna,Oscuro sin iluminacion,Despejado,No,NO APLICA,99,99,99,99,1,20/07/2022,1
12,Florida,121820,0,0,1,0,86,MIAMI-DADE (86),0,NO APLICA,7,Julio,12,2022,8,19,192ND ST,9,Desconocido,Rural,Local,County Highway Agency,0,Sin jurisdiccion especial,99998,25.58685278,-80.50679722,Immersion total o parcial,El primer evento no fue una colision con un vehiculo automotor en transporte,T-Intersection,Interseccion de T,Sobre el lado de la calle,Ninguna,Dia total,Despejado,No,NO APLICA,99,99,99,99,1,12/07/2022,1
12,Florida,121821,0,0,2,0,99,PALM BEACH (99),820,DELRAY BEACH,7,Julio,19,2022,5,17,I-95,1,Interestatal,Urbano,Interestatal,State Highway Agency,1,Sin jurisdiccion especial,99998,26.42604167,-80.09027778,Vehiculo en movimiento,Frente a Detrás,Not an Intersection,No fue interseccion,Sobre calle,"Zona de trabajo, tipo desconocido",Oscuro con iluminacion,Despejado,No,NO APLICA,99,99,99,99,1,19/07/2022,2
12,Florida,121822,0,0,3,0,9,BREVARD (9),1990,MELBOURNE,7,Julio,13,2022,21,3,I-95,1,Interestatal,Urbano,Interestatal,State Highway Agency,1,Sin jurisdiccion especial,99998,28.07211111,-80.70491111,Volcadura,El primer evento no fue una colision con un vehiculo automotor en transporte,Not an Intersection,No fue interseccion,Sobre calle,Ninguna,Oscuro con iluminacion,Despejado,No,NO APLICA,99,99,99,99,1,13/07/2022,3
12,Florida,121823,1,1,1,0,33,ESCAMBIA (33),0,NO APLICA,7,Julio,23,2022,18,28,CR-297A,4,Calle del Condado,Urbano,Colector Mayor,County Highway Agency,0,Sin jurisdiccion especial,99998,30.58076389,-87.32835556,Ciclista,El primer evento no fue una colision con un vehiculo automotor en transporte,T-Intersection,Interseccion de T,Sobre calle,Ninguna,Dia total,Despejado,No,NO APLICA,99,99,99,99,1,23/07/2022,1
12,Florida,121824,0,0,2,0,95,ORANGE (95),0,NO APLICA,7,Julio,19,2022,11,22,LANDSTAR BLVD,6,Calle Local Municipalidad,Urbano,Colector Mayor,Not Reported,0,Sin jurisdiccion especial,99998,28.38473056,-81.37204444,Vehiculo en movimiento,Angulo,Not an Intersection,No fue interseccion,Sobre calle,Ninguna,Dia total,Despejado,No,NO APLICA,99,99,99,99,1,19/07/2022,3
12,Florida,121825,0,0,2,0,69,LAKE (69),1120,FRUITLAND PARK,7,Julio,20,2022,17,26,SR-25,3,Highway estatal,Urbano,Arteria Principal,Not Reported,0,Sin jurisdiccion especial,99998,28.85048333,-81.90076389,Vehiculo en movimiento,Angulo,Four-Way Intersection,Interseccion de 4 direcciones,Sobre calle,Ninguna,Dia total,Nublado,No,NO APLICA,99,99,99,99,1,20/07/2022,2
12,Florida,121827,0,0,1,0,103,PINELLAS (103),1481,INDIAN ROCKS BEACH SOUTH SHORE,7,Julio,18,2022,20,22,PARK BLVD RAMP,6,Calle Local Municipalidad,Urbano,Arteria Menor,City or Municipal Highway Agency,0,Sin jurisdiccion especial,99998,27.843225,-82.83945278,Valla Ferrocarril,El primer evento no fue una colision con un vehiculo automotor en transporte,Not an Intersection,No fue interseccion,Sobre el lado de la calle,Ninguna,Atardecer,Despejado,No,NO APLICA,99,99,99,99,1,18/07/2022,1
12,Florida,121828,0,0,2,0,85,MARTIN (85),0,NO APLICA,7,Julio,24,2022,10,20,SR-714,3,Highway estatal,Rural,Arteria Principal,State Highway Agency,1,Sin jurisdiccion especial,99998,27.16158056,-80.3189,Vehiculo en movimiento,Angulo,Four-Way Intersection,Interseccion de 4 direcciones,Sobre calle,"Zona de trabajo, tipo desconocido",Dia total,Despejado,No,NO APLICA,99,99,99,99,1,24/07/2022,3
12,Florida,121829,0,0,2,0,99,PALM BEACH (99),0,NO APLICA,7,Julio,28,2022,0,49,10TH AVE,6,Calle Local Municipalidad,Urbano,Arteria Menor,County Highway Agency,0,Sin jurisdiccion especial,99998,26.62923611,-80.10515,Vehiculo en movimiento,Frente a Detrás,Four-Way Intersection,Interseccion de 4 direcciones,Sobre calle,Ninguna,Oscuro con iluminacion,Despejado,No,NO APLICA,99,99,99,99,1,28/07/2022,2
12,Florida,121830,0,0,1,0,95,ORANGE (95),0,NO APLICA,7,Julio,21,2022,20,25,SR-50,3,Highway estatal,Urbano,Arteria Principal,State Highway Agency,0,Sin jurisdiccion especial,99998,28.53613333,-81.07074167,Arbol,El primer evento no fue una colision con un vehiculo automotor en transporte,Not an Intersection,No fue interseccion,Sobre el lado de la calle,Ninguna,Oscuro sin iluminacion,Despejado,No,NO APLICA,99,99,99,99,1,21/07/2022,1
12,Florida,121831,1,1,3,0,9,BREVARD (9),2670,ROCKLEDGE,7,Julio,20,2022,22,37,US-1,2,US Highway,Urbano,Arteria Principal,State Highway Agency,1,Sin jurisdiccion especial,99998,28.23913056,-80.67688333,Peaton,El primer evento no fue una colision con un vehiculo automotor en transporte,Not an Intersection,No fue interseccion,Sobre calle,Ninguna,Oscuro sin iluminacion,Despejado,No,NO APLICA,99,99,99,99,1,20/07/2022,5
12,Florida,121832,0,0,1,0,117,SEMINOLE (117),0,NO APLICA,7,Julio,23,2022,15,15,CR-425,4,Calle del Condado,Urbano,Colector Menor,County Highway Agency,0,Sin jurisdiccion especial,99998,28.74709167,-81.26444444,Acotamiento,El primer evento no fue una colision con un vehiculo automotor en transporte,Not an Intersection,No fue interseccion,Sobre el lado de la calle,Ninguna,Dia total,Nublado,No,NO APLICA,99,99,99,99,1,23/07/2022,2
12,Florida,121833,0,0,6,0,115,SARASOTA (115),0,NO APLICA,7,Julio,11,2022,10,20,I-75,1,Interestatal,Urbano,Interestatal,State Highway Agency,1,Sin jurisdiccion especial,99998,27.27661111,-82.44904444,Vehiculo en movimiento,Frente a Detrás,Not an Intersection,No fue interseccion,Sobre calle,"Zona de trabajo, tipo desconocido",Dia total,Despejado,No,NO APLICA,99,99,99,99,1,11/07/2022,9
12,Florida,121834,0,0,2,0,11,BROWARD (11),2916,SUNRISE,7,Julio,20,2022,9,46,HIATUS RD,6,Calle Local Municipalidad,Urbano,Colector Mayor,City or Municipal Highway Agency,0,Sin jurisdiccion especial,99998,26.18639167,-80.29096944,Vehiculo en movimiento,Angulo,Four-Way Intersection,Interseccion de 4 direcciones,Sobre calle,Ninguna,Dia total,Despejado,No,NO APLICA,99,99,99,99,1,20/07/2022,2
12,Florida,121835,0,0,2,0,9,BREVARD (9),3000,TITUSVILLE,7,Julio,22,2022,9,25,SR-405,3,Highway estatal,Urbano,Arteria Menor,State Highway Agency,0,Sin jurisdiccion especial,99998,28.55795278,-80.84713889,Vehiculo en movimiento,Angulo,Four-Way Intersection,Interseccion de 4 direcciones,Sobre calle,Ninguna,Dia total,Despejado,No,NO APLICA,99,99,99,99,1,22/07/2022,3
12,Florida,121836,1,1,2,0,105,POLK (105),1690,LAKELAND,7,Julio,29,2022,22,15,CRYSTAL LAKE DR,6,Calle Local Municipalidad,Urbano,Local,City or Municipal Highway Agency,0,Sin jurisdiccion especial,99998,28.02413889,-81.91601111,Vehiculo en movimiento,Angulo,T-Intersection,Interseccion de T,Sobre calle,Ninguna,Oscuro con iluminacion,Despejado,No,NO APLICA,99,99,99,99,1,29/07/2022,3
12,Florida,121837,0,0,1,0,7,BRADFORD (7),2890,STARKE,7,Julio,21,2022,22,33,E MARKET RD,6,Calle Local Municipalidad,Rural,Local,City or Municipal Highway Agency,0,Sin jurisdiccion especial,99998,29.96568056,-82.10036944,Vehiculo Ferrocarril,El primer evento no fue una colision con un vehiculo automotor en transporte,Not an Intersection,No fue interseccion,Sobre calle,Ninguna,Oscuro sin iluminacion,Despejado,No,627503D,99,99,99,99,1,21/07/2022,3
12,Florida,121838,0,0,1,0,81,MANATEE (81),0,NO APLICA,7,Julio,28,2022,15,7,US-41,2,US Highway,Urbano,Arteria Principal,State Highway Agency,1,Sin jurisdiccion especial,99998,27.39013333,-82.5596,Banqueta,El primer evento no fue una colision con un vehiculo automotor en transporte,Not an Intersection,No fue interseccion,Sobre el lado de la calle,Ninguna,Dia total,Despejado,No,NO APLICA,99,99,99,99,1,28/07/2022,1
12,Florida,121839,0,0,2,0,101,PASCO (101),0,NO APLICA,7,Julio,15,2022,22,53,US-19,2,US Highway,Urbano,Arteria Principal,State Highway Agency,1,Sin jurisdiccion especial,99998,28.3936,-82.66536944,Vehiculo en movimiento,Angulo,Not an Intersection,No fue interseccion,Sobre calle,Ninguna,Oscuro con iluminacion,Nublado,No,NO APLICA,99,99,99,99,1,15/07/2022,5
12,Florida,121840,0,0,1,0,119,SUMTER (119),0,NO APLICA,7,Julio,15,2022,11,7,SR-44,3,Highway estatal,Rural,Arteria Principal,State Highway Agency,1,Sin jurisdiccion especial,99998,28.88002778,-82.12520556,Volcadura,El primer evento no fue una colision con un vehiculo automotor en transporte,Not an Intersection,No fue interseccion,En el medio,Ninguna,Dia total,Despejado,No,NO APLICA,11,7,11,9,1,15/07/2022,1
12,Florida,121841,0,0,4,0,86,MIAMI-DADE (86),2010,MIAMI,7,Julio,15,2022,14,40,SR-821,3,Highway estatal,Urbano,Arterial Principal -Freeway o ExpressWay,State Highway Agency,1,Sin jurisdiccion especial,99998,25.88434444,-80.38871667,Vehiculo en movimiento,Frente a Detrás,Not an Intersection,No fue interseccion,Sobre calle,Ninguna,Dia total,Despejado,No,NO APLICA,99,99,99,99,1,15/07/2022,5
12,Florida,121842,0,0,2,0,86,MIAMI-DADE (86),0,NO APLICA,6,Junio,24,2022,5,10,137TH AVE,6,Calle Local Municipalidad,Urbano,Arteria Menor,Not Reported,0,Sin jurisdiccion especial,99998,25.59659444,-80.41346667,Vehiculo en movimiento,Angulo,Four-Way Intersection,Interseccion de 4 direcciones,Sobre calle,Ninguna,Amanecer,Despejado,No,NO APLICA,99,99,99,99,1,24/06/2022,2
12,Florida,121843,0,0,2,0,11,BROWARD (11),2083,MIRAMAR,7,Julio,16,2022,1,19,SR-817,3,Highway estatal,Urbano,Arteria Principal,State Highway Agency,0,Sin jurisdiccion especial,99998,25.98140833,-80.24730556,Vehiculo en movimiento,Angulo,Four-Way Intersection,Interseccion de 4 direcciones,Sobre calle,Ninguna,Oscuro con iluminacion,Despejado,No,NO APLICA,99,99,99,99,1,16/07/2022,2
12,Florida,121844,1,1,1,0,107,PUTNAM (107),0,NO APLICA,7,Julio,24,2022,3,43,SR-20,3,Highway estatal,Urbano,Arteria Principal,State Highway Agency,1,Sin jurisdiccion especial,99998,29.62358889,-81.94086944,Peaton,El primer evento no fue una colision con un vehiculo automotor en transporte,T-Intersection,Interseccion de T,Sobre calle,Ninguna,Oscuro sin iluminacion,Despejado,No,NO APLICA,99,99,99,99,1,24/07/2022,2
12,Florida,121845,0,0,1,0,129,WAKULLA (129),0,NO APLICA,7,Julio,23,2022,18,55,US-319,2,US Highway,Rural,Arteria Principal,State Highway Agency,1,Sin jurisdiccion especial,99998,30.25189444,-84.36198056,Volcadura,El primer evento no fue una colision con un vehiculo automotor en transporte,Not an Intersection,No fue interseccion,Sobre el lado de la calle,Ninguna,Dia total,Despejado,No,NO APLICA,99,99,99,99,1,23/07/2022,2
12,Florida,121846,0,0,2,0,31,DUVAL (31),1510,JACKSONVILLE,7,Julio,17,2022,23,50,SR-113,3,Highway estatal,Urbano,Arterial Principal -Freeway o ExpressWay,State Highway Agency,1,Sin jurisdiccion especial,99998,30.32987778,-81.55356667,Vehiculo en movimiento,Frente a frente,Not an Intersection,No fue interseccion,Sobre calle,Ninguna,Oscuro con iluminacion,Despejado,No,NO APLICA,99,99,99,99,1,17/07/2022,3
12,Florida,121847,0,0,4,0,71,LEE (71),0,NO APLICA,7,Julio,19,2022,20,40,CR-884,4,Calle del Condado,Urbano,Arteria Menor,County Highway Agency,0,Sin jurisdiccion especial,99998,26.63261944,-81.59812222,Vehiculo en movimiento,Angulo,Four-Way Intersection,Interseccion de 4 direcciones,Sobre calle,Ninguna,Oscuro con iluminacion,Despejado,No,NO APLICA,99,99,99,99,1,19/07/2022,4
12,Florida,121848,1,1,1,0,95,ORANGE (95),0,NO APLICA,7,Julio,23,2022,5,54,MCCULLOCH RD,9,Desconocido,Urbano,Colector Mayor,County Highway Agency,0,Sin jurisdiccion especial,99998,28.61179167,-81.20220556,Peaton,El primer evento no fue una colision con un vehiculo automotor en transporte,Not an Intersection,No fue interseccion,Sobre calle,Ninguna,Oscuro sin iluminacion,Despejado,No,NO APLICA,99,99,99,99,1,23/07/2022,1
12,Florida,121849,0,0,2,0,105,POLK (105),0,NO APLICA,7,Julio,22,2022,7,52,POLK CITY RD,9,Desconocido,Rural,Colector Mayor,County Highway Agency,0,Sin jurisdiccion especial,99998,28.15888333,-81.68793333,Vehiculo en movimiento,Frente a frente,T-Intersection,Interseccion de T,Sobre calle,Ninguna,Dia total,Despejado,No,NO APLICA,99,99,99,99,2,22/07/2022,4
12,Florida,121850,1,1,1,0,99,PALM BEACH (99),330,BOYNTON BEACH,7,Julio,27,2022,21,38,CR-807,4,Calle del Condado,Urbano,Arteria Principal,City or Municipal Highway Agency,0,Sin jurisdiccion especial,99998,26.52741389,-80.09051667,Peaton,El primer evento no fue una colision con un vehiculo automotor en transporte,Not an Intersection,No fue interseccion,Sobre calle,Ninguna,Oscuro con iluminacion,Despejado,No,NO APLICA,99,99,99,99,1,27/07/2022,4
12,Florida,121851,0,0,1,0,86,MIAMI-DADE (86),2010,MIAMI,7,Julio,16,2022,3,32,I-195 E,1,Interestatal,Urbano,Interestatal,State Highway Agency,1,Sin jurisdiccion especial,99998,25.81066389,-80.1802,Barrera de Trafico de Concreto,El primer evento no fue una colision con un vehiculo automotor en transporte,Not an Intersection,No fue interseccion,En el medio,Ninguna,Oscuro - iluminacion desconocida,Despejado,No,NO APLICA,99,99,99,99,1,16/07/2022,1
12,Florida,121852,0,0,1,0,86,MIAMI-DADE (86),0,NO APLICA,7,Julio,22,2022,4,47,I-95,1,Interestatal,Urbano,Interestatal,State Highway Agency,1,Sin jurisdiccion especial,99998,25.87681389,-80.20873611,Valla Ferrocarril,El primer evento no fue una colision con un vehiculo automotor en transporte,Not an Intersection,No fue interseccion,Sobre el lado de la calle,Ninguna,Oscuro con iluminacion,Despejado,No,NO APLICA,99,99,99,99,1,22/07/2022,1
12,Florida,121854,0,0,2,0,71,LEE (71),0,NO APLICA,5,Mayo,22,2022,21,10,US-41,2,US Highway,Urbano,Arteria Principal,State Highway Agency,1,Sin jurisdiccion especial,99998,26.42025833,-81.81181667,Vehiculo en movimiento,Angulo,Four-Way Intersection,Interseccion de 4 direcciones,Sobre calle,Ninguna,Oscuro con iluminacion,Despejado,No,NO APLICA,99,99,99,99,1,22/05/2022,5
12,Florida,121855,0,0,1,0,107,PUTNAM (107),0,NO APLICA,5,Mayo,28,2022,17,20,US-17,2,US Highway,Rural,Arteria Principal,State Highway Agency,1,Sin jurisdiccion especial,99998,29.48783889,-81.57438889,Arbol,El primer evento no fue una colision con un vehiculo automotor en transporte,Not an Intersection,No fue interseccion,Sobre el lado de la calle,Ninguna,Dia total,Despejado,No,NO APLICA,99,99,99,99,1,28/05/2022,1
12,Florida,121856,1,1,1,0,73,LEON (73),2940,TALLAHASSEE,7,Julio,29,2022,22,0,FAIRBANKS FERRY RD,6,Calle Local Municipalidad,Rural,Colector Mayor,City or Municipal Highway Agency,0,Sin jurisdiccion especial,99998,30.66772778,-84.2763,Peaton,El primer evento no fue una colision con un vehiculo automotor en transporte,Not an Intersection,No fue interseccion,Sobre Acotamiento,Ninguna,Reportada como desconocida,Despejado,No,NO APLICA,99,99,99,99,1,29/07/2022,1
12,Florida,121857,1,1,2,0,127,VOLUSIA (127),810,DELAND,7,Julio,23,2022,21,30,CR-4106,4,Calle del Condado,Urbano,Colector Mayor,County Highway Agency,0,Sin jurisdiccion especial,99998,29.02457222,-81.28245278,Vehiculo en movimiento,Golpe Lateral - misma direccion,Not an Intersection,No fue interseccion,Sobre calle,Ninguna,Oscuro con iluminacion,Despejado,No,NO APLICA,99,99,99,99,1,23/07/2022,3
12,Florida,121858,2,2,1,0,95,ORANGE (95),0,NO APLICA,7,Julio,19,2022,0,11,SR-535,3,Highway estatal,Urbano,Arteria Menor,State Highway Agency,0,Sin jurisdiccion especial,99998,28.36996111,-81.50310278,Peaton,El primer evento no fue una colision con un vehiculo automotor en transporte,Not an Intersection,No fue interseccion,Sobre calle,Ninguna,Oscuro sin iluminacion,Despejado,No,NO APLICA,99,99,99,99,1,19/07/2022,1
12,Florida,121860,0,0,1,0,1,ALACHUA (1),0,NO APLICA,7,Julio,10,2022,9,50,21ST ST,9,Desconocido,Rural,Local,Not Reported,0,Sin jurisdiccion especial,99998,29.82178056,-82.3017,Zanja,El primer evento no fue una colision con un vehiculo automotor en transporte,Not an Intersection,No fue interseccion,Sobre el lado de la calle,Ninguna,Dia total,Nublado,No,NO APLICA,99,99,99,99,1,10/07/2022,2
12,Florida,121861,0,0,2,0,71,LEE (71),0,NO APLICA,7,Julio,22,2022,19,38,HOMESTEAD ROAD S,9,Desconocido,Urbano,Arteria Menor,County Highway Agency,0,Sin jurisdiccion especial,99998,26.55753889,-81.62125,Vehiculo en movimiento,Angulo,Four-Way Intersection,Interseccion de 4 direcciones,Sobre calle,Ninguna,Dia total,Despejado,No,NO APLICA,99,99,99,99,1,22/07/2022,2
12,Florida,121862,1,1,2,0,97,OSCEOLA (97),0,NO APLICA,7,Julio,30,2022,5,44,CR-538,4,Calle del Condado,Urbano,Colector Mayor,County Highway Agency,0,Sin jurisdiccion especial,99998,28.19446667,-81.50585556,Peaton,El primer evento no fue una colision con un vehiculo automotor en transporte,Not an Intersection,No fue interseccion,Sobre calle,"Zona de trabajo, tipo desconocido",Oscuro sin iluminacion,Despejado,No,NO APLICA,99,99,99,99,1,30/07/2022,3
12,Florida,121864,1,1,1,0,9,BREVARD (9),2822,SHARPES,7,Julio,27,2022,5,16,US-1,2,US Highway,Urbano,Arteria Principal,State Highway Agency,0,Sin jurisdiccion especial,99998,28.43264722,-80.76031944,Peaton,El primer evento no fue una colision con un vehiculo automotor en transporte,Not an Intersection,No fue interseccion,Sobre calle,Ninguna,Oscuro con iluminacion,Nublado,No,NO APLICA,99,99,99,99,1,27/07/2022,1
12,Florida,121865,0,0,2,0,83,MARION (83),2270,OCALA,6,Junio,4,2022,22,2,SR-200,3,Highway estatal,Urbano,Arteria Principal,State Highway Agency,1,Sin jurisdiccion especial,99998,29.15701111,-82.17828056,Vehiculo en movimiento,Angulo,Not an Intersection,No fue interseccion,Sobre calle,Ninguna,Oscuro con iluminacion,Despejado,No,NO APLICA,99,99,99,99,1,04/06/2022,7
12,Florida,121866,0,0,2,0,27,DE SOTO (27),0,NO APLICA,7,Julio,21,2022,11,10,SR-70,3,Highway estatal,Rural,Arteria Principal,State Highway Agency,1,Sin jurisdiccion especial,99998,27.24808889,-81.95333056,Vehiculo en movimiento,Angulo,T-Intersection,Interseccion de T,Sobre calle,Ninguna,Dia total,Despejado,No,NO APLICA,99,99,99,99,1,21/07/2022,2
12,Florida,121867,0,0,2,0,57,HILLSBOROUGH (57),2950,TAMPA,7,Julio,27,2022,3,15,22ND ST,6,Calle Local Municipalidad,Urbano,Arteria Menor,City or Municipal Highway Agency,0,Sin jurisdiccion especial,99998,27.96236944,-82.43476389,Vehiculo en movimiento,Angulo,Four-Way Intersection,Interseccion de 4 direcciones,Sobre calle,Ninguna,Oscuro con iluminacion,Despejado,No,NO APLICA,99,99,99,99,1,27/07/2022,2
12,Florida,121868,1,1,1,0,99,PALM BEACH (99),3190,WEST PALM BEACH,8,Agosto,2,2022,11,4,US-1,2,US Highway,Urbano,Arteria Menor,State Highway Agency,0,Sin jurisdiccion especial,99998,26.64521667,-80.05623889,Ciclista,El primer evento no fue una colision con un vehiculo automotor en transporte,Not an Intersection,No fue interseccion,Sobre calle,Ninguna,Dia total,Despejado,No,NO APLICA,99,99,99,99,1,02/08/2022,1
12,Florida,121869,1,1,1,0,69,LAKE (69),0,NO APLICA,7,Julio,24,2022,4,24,US-192,2,US Highway,Urbano,Arteria Principal,State Highway Agency,1,Sin jurisdiccion especial,99998,28.34708889,-81.66455556,Peaton,El primer evento no fue una colision con un vehiculo automotor en transporte,Four-Way Intersection,Interseccion de 4 direcciones,Sobre calle,Ninguna,Oscuro con iluminacion,Despejado,No,NO APLICA,99,99,99,99,1,24/07/2022,2
12,Florida,121871,1,1,1,0,11,BROWARD (11),1420,HOLLYWOOD,7,Julio,20,2022,23,28,28TH AVE,6,Calle Local Municipalidad,Urbano,Colector Mayor,City or Municipal Highway Agency,0,Sin jurisdiccion especial,99998,25.99626389,-80.16281667,Peaton,El primer evento no fue una colision con un vehiculo automotor en transporte,Four-Way Intersection,Interseccion de 4 direcciones,Sobre calle,Ninguna,Oscuro con iluminacion,Despejado,No,NO APLICA,99,99,99,99,1,20/07/2022,1
12,Florida,121872,0,0,2,0,105,POLK (105),0,NO APLICA,2,Febrero,22,2022,6,40,US-92,2,US Highway,Urbano,Arteria Principal,State Highway Agency,1,Sin jurisdiccion especial,99998,28.05488056,-81.83238611,Vehiculo en movimiento,Frente a frente,T-Intersection,Interseccion de T,Sobre calle,Ninguna,Dia total,Despejado,No,NO APLICA,99,99,99,99,1,22/02/2022,2
12,Florida,121873,0,0,2,0,71,LEE (71),0,NO APLICA,7,Julio,27,2022,11,45,CR-884,4,Calle del Condado,Urbano,Arteria Menor,County Highway Agency,0,Sin jurisdiccion especial,99998,26.61721389,-81.67129167,Vehiculo en movimiento,Angulo,Not an Intersection,No fue interseccion,Sobre calle,Ninguna,Dia total,Nublado,No,NO APLICA,99,99,99,99,1,27/07/2022,3
12,Florida,121874,1,1,2,0,115,SARASOTA (115),0,NO APLICA,7,Julio,30,2022,10,55,SR-758,3,Highway estatal,Urbano,Arteria Menor,State Highway Agency,0,Sin jurisdiccion especial,99998,27.29875,-82.46455,Vehiculo en movimiento,Angulo,Four-Way Intersection,Interseccion de 4 direcciones,Sobre calle,Ninguna,Dia total,Despejado,No,NO APLICA,99,99,99,99,1,30/07/2022,3
12,Florida,121875,1,1,1,0,71,LEE (71),1070,FORT MYERS,7,Julio,30,2022,3,23,HIGHLAND AVE,6,Calle Local Municipalidad,Urbano,Local,City or Municipal Highway Agency,0,Sin jurisdiccion especial,99998,26.63771111,-81.84210278,Peaton,El primer evento no fue una colision con un vehiculo automotor en transporte,Not an Intersection,No fue interseccion,Sobre calle,Ninguna,Oscuro con iluminacion,Despejado,No,NO APLICA,99,99,99,99,1,30/07/2022,1
12,Florida,121876,0,0,1,0,99,PALM BEACH (99),0,NO APLICA,7,Julio,30,2022,4,8,BELVEDERE RD,6,Calle Local Municipalidad,Urbano,Arteria Menor,City or Municipal Highway Agency,0,Sin jurisdiccion especial,99998,26.69125833,-80.08395,Banqueta,El primer evento no fue una colision con un vehiculo automotor en transporte,Not an Intersection,No fue interseccion,En el medio,Ninguna,Oscuro sin iluminacion,Despejado,No,NO APLICA,99,99,99,99,1,30/07/2022,1
12,Florida,121877,1,1,1,0,95,ORANGE (95),2360,ORLANDO,7,Julio,27,2022,21,57,HIAWASSEE RD,6,Calle Local Municipalidad,Urbano,Arteria Menor,City or Municipal Highway Agency,0,Sin jurisdiccion especial,99998,28.51971111,-81.47318889,No vehiculo o remolque,El primer evento no fue una colision con un vehiculo automotor en transporte,T-Intersection,Interseccion de T,Sobre calle,Ninguna,Oscuro con iluminacion,Despejado,No,NO APLICA,99,98,99,98,1,27/07/2022,1
12,Florida,121878,0,0,1,0,71,LEE (71),0,NO APLICA,7,Julio,30,2022,3,19,COLLEGE PARKWAY,6,Calle Local Municipalidad,Urbano,Arteria Menor,City or Municipal Highway Agency,0,Sin jurisdiccion especial,99998,26.55671111,-81.91046944,Barrera de Trafico de Concreto,El primer evento no fue una colision con un vehiculo automotor en transporte,Not an Intersection,No fue interseccion,En el medio,Ninguna,Oscuro con iluminacion,Despejado,No,NO APLICA,99,99,99,99,1,30/07/2022,1
12,Florida,121879,0,0,1,0,111,ST LUCIE (111),0,NO APLICA,7,Julio,16,2022,1,25,US-1,2,US Highway,Urbano,Arteria Principal,State Highway Agency,1,Sin jurisdiccion especial,99998,27.4986,-80.34533889,Banqueta,El primer evento no fue una colision con un vehiculo automotor en transporte,T-Intersection,Interseccion de T,Sobre el lado de la calle,Ninguna,Oscuro sin iluminacion,Despejado,No,NO APLICA,99,99,99,99,1,16/07/2022,1
12,Florida,121880,0,0,1,0,61,INDIAN RIVER (61),0,NO APLICA,7,Julio,17,2022,13,8,I-95,1,Interestatal,Rural,Interestatal,State Highway Agency,1,Sin jurisdiccion especial,99998,27.69968056,-80.5395,Volcadura,El primer evento no fue una colision con un vehiculo automotor en transporte,Not an Intersection,No fue interseccion,En el medio,Ninguna,Dia total,Despejado,No,NO APLICA,99,99,99,99,1,17/07/2022,1
12,Florida,121881,0,0,3,0,11,BROWARD (11),2083,MIRAMAR,7,Julio,24,2022,3,39,ISLAND DR,6,Calle Local Municipalidad,Urbano,Arteria Menor,City or Municipal Highway Agency,0,Sin jurisdiccion especial,99998,25.99474722,-80.2386,Vehiculo en movimiento,Angulo,Four-Way Intersection,Interseccion de 4 direcciones,Sobre calle,Ninguna,Oscuro con iluminacion,Despejado,No,NO APLICA,99,99,99,99,1,24/07/2022,6
12,Florida,121882,0,0,2,0,11,BROWARD (11),1782,LAUDERHILL,6,Junio,11,2022,17,40,SR-91,3,Highway estatal,Urbano,Arterial Principal -Freeway o ExpressWay,State Highway Agency,1,Sin jurisdiccion especial,99998,26.15203889,-80.21944722,Vehiculo en movimiento,Golpe Lateral - misma direccion,Not an Intersection,No fue interseccion,Sobre calle,Ninguna,Dia total,Nublado,No,NO APLICA,99,99,99,99,1,11/06/2022,3
12,Florida,121883,1,1,1,0,17,CITRUS (17),0,NO APLICA,8,Agosto,2,2022,4,14,NORTH CITRUS SPRINGS BLVD,9,Desconocido,Urbano,Colector Menor,County Highway Agency,0,Sin jurisdiccion especial,99998,28.99668056,-82.49401944,Peaton,El primer evento no fue una colision con un vehiculo automotor en transporte,Not an Intersection,No fue interseccion,Sobre calle,Ninguna,Oscuro sin iluminacion,Despejado,No,NO APLICA,4,20,4,26,1,02/08/2022,1
12,Florida,121884,0,0,2,0,31,DUVAL (31),1510,JACKSONVILLE,7,Julio,21,2022,14,28,US-301,2,US Highway,Urbano,Arteria Principal,State Highway Agency,1,Sin jurisdiccion especial,99998,30.30278889,-81.97248056,Vehiculo en movimiento,Angulo,T-Intersection,Interseccion de T,Sobre calle,Ninguna,Dia total,Nublado,No,NO APLICA,99,99,99,99,1,21/07/2022,4