Estado,Nombre de Estado,Numero de Caso,Peatones,Personas _no_vehiculos,Vehiculos automotores,Vehiculos estacionados,Condado,Nombre Condado,Ciudad,Nombre Ciudad,Mes,Nombre Mes,Dia,Año,Hora,Minuto,Calle,Ruta,Nombre Ruta,Rural o Urbanoo,Sistema Funcional,Dueño Calle,Sistema Nacional Carreteras,Jurisdiccion Especial,Milla,Latitud,Longitud,Causa del Accidente,Tipo de Accidente,Tipo Interseccion,Columna1,Lugar en la calle,Zona de Trabajo,Luz,Clima,Autobus Escolar,Cruce de Trenes,Hora Notificacion,Minuto Notificacion,Hora Llegada,Minuto Llegada,Decesos,Fecha,PersonaVehiculo
12,Florida,121885,0,0,1,0,86,MIAMI-DADE (86),2010,MIAMI,8,Agosto,3,2022,14,7,US-1,2,US Highway,Urbano,Arteria Principal,State Highway Agency,1,Sin jurisdiccion especial,99998,25.75808333,-80.1927,Arbol,El primer evento no fue una colision con un vehiculo automotor en transporte,Four-Way Intersection,Interseccion de 4 direcciones,Sobre el lado de la calle,Ninguna,Dia total,Despejado,No,NO APLICA,99,99,99,99,1,03/08/2022,1
12,Florida,121886,1,1,2,0,101,PASCO (101),0,NO APLICA,8,Agosto,2,2022,21,13,US-19,2,US Highway,Urbano,Arteria Principal,State Highway Agency,1,Sin jurisdiccion especial,99998,28.17720556,-82.74056111,No vehiculo o remolque,El primer evento no fue una colision con un vehiculo automotor en transporte,Four-Way Intersection,Interseccion de 4 direcciones,Sobre calle,Ninguna,Oscuro con iluminacion,Despejado,No,NO APLICA,21,17,21,20,1,02/08/2022,2
12,Florida,121887,0,0,1,0,9,BREVARD (9),0,NO APLICA,7,Julio,27,2022,9,0,CR-509,4,Calle del Condado,Urbano,Arteria Principal,County Highway Agency,0,Sin jurisdiccion especial,99998,28.20981944,-80.67204167,Banqueta,El primer evento no fue una colision con un vehiculo automotor en transporte,Not an Intersection,No fue interseccion,En el medio,Ninguna,Dia total,Despejado,No,NO APLICA,99,99,99,99,1,27/07/2022,1
12,Florida,121888,1,1,1,0,31,DUVAL (31),1510,JACKSONVILLE,7,Julio,28,2022,21,25,US-1,2,US Highway,Urbano,Arteria Principal,State Highway Agency,1,Sin jurisdiccion especial,99998,30.19645556,-81.56998611,Peaton,El primer evento no fue una colision con un vehiculo automotor en transporte,T-Intersection,Interseccion de T,Sobre calle,Ninguna,Oscuro con iluminacion,Despejado,No,NO APLICA,99,99,99,99,1,28/07/2022,2
12,Florida,121889,0,0,1,0,105,POLK (105),1270,HAINES CITY,7,Julio,23,2022,22,0,15TH ST,6,Calle Local Municipalidad,Rural,Local,City or Municipal Highway Agency,0,Sin jurisdiccion especial,99998,28.11378611,-81.61957778,Volcadura,El primer evento no fue una colision con un vehiculo automotor en transporte,Not an Intersection,No fue interseccion,Sobre calle,Ninguna,Oscuro sin iluminacion,Despejado,No,NO APLICA,99,99,99,99,1,23/07/2022,1
12,Florida,121891,1,1,1,0,86,MIAMI-DADE (86),0,NO APLICA,2,Febrero,20,2022,12,13,87TH AVE,6,Calle Local Municipalidad,Urbano,Colector Mayor,Not Reported,0,Sin jurisdiccion especial,99998,25.74759444,-80.33494722,Peaton,El primer evento no fue una colision con un vehiculo automotor en transporte,Four-Way Intersection,Interseccion de 4 direcciones,Sobre calle,Ninguna,Dia total,Despejado,No,NO APLICA,99,99,99,99,1,20/02/2022,1
12,Florida,121892,1,1,1,0,31,DUVAL (31),1510,JACKSONVILLE,7,Julio,25,2022,8,35,SR-115,3,Highway estatal,Urbano,Arteria Principal,State Highway Agency,0,Sin jurisdiccion especial,99998,30.27566667,-81.55934722,Peaton,El primer evento no fue una colision con un vehiculo automotor en transporte,Not an Intersection,No fue interseccion,Sobre calle,Ninguna,Dia total,Despejado,No,NO APLICA,99,99,99,99,1,25/07/2022,1
12,Florida,121893,0,0,2,0,11,BROWARD (11),1420,HOLLYWOOD,7,Julio,28,2022,19,59,N FEDERAL HWY,6,Calle Local Municipalidad,Urbano,Local,State Highway Agency,0,Sin jurisdiccion especial,99998,26.01531389,-80.14320278,Vehiculo en movimiento,Angulo,Four-Way Intersection,Interseccion de 4 direcciones,Sobre calle,Ninguna,Dia total,Despejado,No,NO APLICA,99,99,99,99,1,28/07/2022,5
12,Florida,121894,0,0,1,0,85,MARTIN (85),1482,INDIANTOWN,7,Julio,24,2022,0,30,INDIANTOWN AVE,6,Calle Local Municipalidad,Urbano,Arteria Principal,Not Reported,0,Sin jurisdiccion especial,99998,27.00883056,-80.44818611,Immersion total o parcial,El primer evento no fue una colision con un vehiculo automotor en transporte,Not an Intersection,No fue interseccion,Fuera de la calle,Ninguna,Oscuro sin iluminacion,Nublado,No,NO APLICA,99,99,99,99,2,24/07/2022,2
12,Florida,121895,0,0,2,0,49,HARDEE (49),0,NO APLICA,8,Agosto,2,2022,15,27,CR-664A,4,Calle del Condado,Rural,Colector Menor,County Highway Agency,0,Sin jurisdiccion especial,99998,27.62416111,-81.77691389,Vehiculo en movimiento,Angulo,Four-Way Intersection,Interseccion de 4 direcciones,Sobre calle,Ninguna,Dia total,Nublado,No,NO APLICA,99,99,99,99,1,02/08/2022,6
12,Florida,121896,1,1,1,0,101,PASCO (101),2590,PORT RICHEY,7,Julio,19,2022,22,56,US-19,2,US Highway,Urbano,Arteria Principal,State Highway Agency,1,Sin jurisdiccion especial,99998,28.31361111,-82.69915833,Peaton,El primer evento no fue una colision con un vehiculo automotor en transporte,Not an Intersection,No fue interseccion,Sobre calle,Ninguna,Oscuro con iluminacion,Despejado,No,NO APLICA,99,99,99,99,1,19/07/2022,1
12,Florida,121897,1,1,1,0,103,PINELLAS (103),1250,GULFPORT,8,Agosto,2,2022,14,10,S 49TH ST,6,Calle Local Municipalidad,Urbano,Local,City or Municipal Highway Agency,0,Sin jurisdiccion especial,99998,27.74249722,-82.70650833,Peaton,El primer evento no fue una colision con un vehiculo automotor en transporte,Not an Intersection,No fue interseccion,Sobre calle,Ninguna,Dia total,Despejado,No,NO APLICA,99,99,99,99,1,02/08/2022,1
12,Florida,121898,1,1,1,0,86,MIAMI-DADE (86),2010,MIAMI,7,Julio,27,2022,19,20,17TH AVE,6,Calle Local Municipalidad,Urbano,Arteria Menor,City or Municipal Highway Agency,0,Sin jurisdiccion especial,99998,25.75881111,-80.22228889,Ciclista,El primer evento no fue una colision con un vehiculo automotor en transporte,Not an Intersection,No fue interseccion,Sobre calle,Ninguna,Dia total,Despejado,No,NO APLICA,99,99,99,99,1,27/07/2022,1
12,Florida,121899,1,1,1,0,86,MIAMI-DADE (86),2010,MIAMI,7,Julio,30,2022,23,19,NW 17TH AVE,6,Calle Local Municipalidad,Urbano,Arteria Menor,City or Municipal Highway Agency,0,Sin jurisdiccion especial,99998,25.81865,-80.22435,Peaton,El primer evento no fue una colision con un vehiculo automotor en transporte,Not an Intersection,No fue interseccion,Sobre calle,Ninguna,Oscuro con iluminacion,Despejado,No,NO APLICA,99,99,99,99,1,30/07/2022,2
12,Florida,121900,1,1,3,1,69,LAKE (69),2130,MOUNT DORA,7,Julio,23,2022,2,35,US-441,2,US Highway,Urbano,Arteria Menor,County Highway Agency,0,Sin jurisdiccion especial,99998,28.80746111,-81.66885278,Vehiculo en movimiento,Frente a Detrás,Four-Way Intersection,Interseccion de 4 direcciones,Sobre calle,Ninguna,Oscuro con iluminacion,Nublado,No,NO APLICA,99,99,99,99,1,23/07/2022,2
12,Florida,121901,0,0,1,0,11,BROWARD (11),0,NO APLICA,7,Julio,24,2022,12,44,US-27,2,US Highway,Urbano,Arteria Principal,State Highway Agency,0,Sin jurisdiccion especial,99998,26.23674167,-80.462325,Otro objeto (fijo),El primer evento no fue una colision con un vehiculo automotor en transporte,Not an Intersection,No fue interseccion,En el medio,"Zona de trabajo, tipo desconocido",Dia total,Despejado,No,NO APLICA,99,99,99,99,1,24/07/2022,1
12,Florida,121902,0,0,2,0,107,PUTNAM (107),0,NO APLICA,7,Julio,17,2022,16,58,US-17,2,US Highway,Urbano,Arteria Principal,State Highway Agency,1,Sin jurisdiccion especial,99998,29.58112222,-81.61879444,Vehiculo en movimiento,Angulo,Four-Way Intersection,Interseccion de 4 direcciones,Sobre calle,Ninguna,Dia total,Despejado,No,NO APLICA,99,99,99,99,1,17/07/2022,2
12,Florida,121903,1,1,1,0,57,HILLSBOROUGH (57),2950,TAMPA,7,Julio,23,2022,15,26,9TH ST,6,Calle Local Municipalidad,Urbano,Local,City or Municipal Highway Agency,0,Sin jurisdiccion especial,99998,27.99834722,-82.45017222,Peaton,El primer evento no fue una colision con un vehiculo automotor en transporte,Not an Intersection,No fue interseccion,Sobre calle,Ninguna,Dia total,Despejado,No,NO APLICA,99,99,99,99,1,23/07/2022,1
12,Florida,121904,0,0,1,0,57,HILLSBOROUGH (57),2950,TAMPA,7,Julio,24,2022,3,0,SR-60,3,Highway estatal,Urbano,Arteria Principal,State Highway Agency,1,Sin jurisdiccion especial,99998,27.95210833,-82.39325278,Zanja,El primer evento no fue una colision con un vehiculo automotor en transporte,Not an Intersection,No fue interseccion,En el medio,Ninguna,Oscuro sin iluminacion,Despejado,No,NO APLICA,99,99,99,99,1,24/07/2022,3
12,Florida,121906,0,0,2,0,86,MIAMI-DADE (86),2220,NORTH MIAMI,7,Julio,29,2022,19,50,US-1,2,US Highway,Urbano,Arteria Principal,State Highway Agency,1,Sin jurisdiccion especial,99998,25.89634722,-80.161575,Vehiculo en movimiento,Angulo,Four-Way Intersection,Interseccion de 4 direcciones,Sobre calle,Ninguna,Atardecer,Despejado,No,NO APLICA,99,99,99,99,1,29/07/2022,2
12,Florida,121907,0,0,2,0,75,LEVY (75),3240,WILLISTON,8,Agosto,3,2022,7,16,CR-121,4,Calle del Condado,Urbano,Arteria Menor,County Highway Agency,0,Sin jurisdiccion especial,99998,29.42275278,-82.42411389,Vehiculo en movimiento,Frente a frente,Not an Intersection,No fue interseccion,Sobre calle,Ninguna,Dia total,Despejado,No,NO APLICA,99,99,99,99,1,03/08/2022,2
12,Florida,121908,1,1,4,0,13,CALHOUN (13),0,NO APLICA,7,Julio,28,2022,21,50,SR-20,3,Highway estatal,Rural,Arteria Principal,State Highway Agency,1,Sin jurisdiccion especial,99998,30.42453056,-85.29849167,Ciclista,El primer evento no fue una colision con un vehiculo automotor en transporte,Not an Intersection,No fue interseccion,Sobre calle,Ninguna,Oscuro sin iluminacion,Despejado,No,NO APLICA,99,99,99,99,1,28/07/2022,7
12,Florida,121909,0,0,2,0,69,LAKE (69),0,NO APLICA,7,Julio,25,2022,9,15,HAMMOCK RIDGE RD,6,Calle Local Municipalidad,Urbano,Colector Mayor,City or Municipal Highway Agency,0,Sin jurisdiccion especial,99998,28.5142,-81.74051111,Vehiculo en movimiento,Frente a Detrás,Not an Intersection,No fue interseccion,Sobre calle,Ninguna,Dia total,Despejado,No,NO APLICA,99,99,99,99,1,25/07/2022,2
12,Florida,121910,0,0,3,1,113,SANTA ROSA (113),0,NO APLICA,7,Julio,17,2022,18,30,SR-89,3,Highway estatal,Urbano,Arteria Menor,State Highway Agency,0,Sin jurisdiccion especial,99998,30.65880556,-87.05510278,Vehiculo en movimiento,Angulo,Not an Intersection,No fue interseccion,Sobre calle,Ninguna,Dia total,Despejado,No,NO APLICA,99,99,99,99,1,17/07/2022,5
12,Florida,121911,0,0,2,0,97,OSCEOLA (97),0,NO APLICA,7,Julio,15,2022,21,25,US-192,2,US Highway,Rural,Arteria Principal,County Highway Agency,1,Sin jurisdiccion especial,99998,28.11718056,-80.93243056,Vehiculo en movimiento,Frente a frente,Not an Intersection,No fue interseccion,Sobre calle,Ninguna,Oscuro sin iluminacion,Despejado,No,NO APLICA,99,99,99,99,1,15/07/2022,3
12,Florida,121912,0,0,3,0,81,MANATEE (81),0,NO APLICA,8,Agosto,3,2022,10,50,LAKEWOOD RANCH BLVD,9,Desconocido,Rural,Arteria Menor,Not Reported,0,Sin jurisdiccion especial,99998,27.47568333,-82.43398056,Vehiculo en movimiento,Angulo,T-Intersection,Interseccion de T,Sobre calle,Ninguna,Dia total,Despejado,No,NO APLICA,99,99,99,99,1,03/08/2022,3
12,Florida,121913,1,1,1,0,99,PALM BEACH (99),0,NO APLICA,8,Agosto,2,2022,16,1,US-98,2,US Highway,Urbano,Arteria Principal,State Highway Agency,1,Sin jurisdiccion especial,99998,26.67715278,-80.08975,Banqueta,El primer evento no fue una colision con un vehiculo automotor en transporte,Not an Intersection,No fue interseccion,En el medio,"Zona de trabajo, tipo desconocido",Dia total,Despejado,No,NO APLICA,99,99,99,99,1,02/08/2022,2
12,Florida,121914,1,1,1,0,99,PALM BEACH (99),0,NO APLICA,8,Agosto,7,2022,5,22,EL CLAIR RANCH RD,9,Desconocido,Urbano,Colector Mayor,Not Reported,0,Sin jurisdiccion especial,99998,26.49050556,-80.13897222,Peaton,El primer evento no fue una colision con un vehiculo automotor en transporte,Not an Intersection,No fue interseccion,Sobre calle,Ninguna,Oscuro - iluminacion desconocida,Despejado,No,NO APLICA,99,99,99,99,1,07/08/2022,1
12,Florida,121915,1,1,1,0,11,BROWARD (11),1826,LIGHTHOUSE POINT,8,Agosto,6,2022,21,46,US-1,2,US Highway,Urbano,Arteria Principal,State Highway Agency,1,Sin jurisdiccion especial,99998,26.26940278,-80.09840278,Peaton,El primer evento no fue una colision con un vehiculo automotor en transporte,Not an Intersection,No fue interseccion,Sobre calle,Ninguna,Oscuro con iluminacion,Despejado,No,NO APLICA,99,99,99,99,1,06/08/2022,1
12,Florida,121917,2,2,3,2,95,ORANGE (95),0,NO APLICA,7,Julio,22,2022,21,24,ORANGE AVE,6,Calle Local Municipalidad,Urbano,Arteria Menor,Not Reported,0,Sin jurisdiccion especial,99998,28.41687778,-81.372275,Vehiculo Aparcado,El primer evento no fue una colision con un vehiculo automotor en transporte,Not an Intersection,No fue interseccion,Sobre calle,Ninguna,Oscuro con iluminacion,Despejado,No,NO APLICA,99,99,99,99,1,22/07/2022,1
12,Florida,121918,0,0,2,0,87,MONROE (87),1925,MARATHON,7,Julio,18,2022,0,0,US-1,2,US Highway,Rural,Arteria Principal,State Highway Agency,1,Sin jurisdiccion especial,99998,24.70687222,-81.12466111,Vehiculo en movimiento,Frente a Detrás,Not an Intersection,No fue interseccion,Sobre calle,Ninguna,Oscuro sin iluminacion,Despejado,No,NO APLICA,99,99,99,99,1,18/07/2022,9
12,Florida,121919,0,0,2,0,107,PUTNAM (107),0,NO APLICA,7,Julio,25,2022,11,19,SR-20,3,Highway estatal,Urbano,Arteria Principal,State Highway Agency,0,Sin jurisdiccion especial,99998,29.62806111,-81.76994167,Vehiculo en movimiento,Frente a Detrás,Not an Intersection,No fue interseccion,Sobre calle,Ninguna,Dia total,Despejado,No,NO APLICA,99,99,99,99,1,25/07/2022,2
12,Florida,121921,1,1,2,0,31,DUVAL (31),1510,JACKSONVILLE,8,Agosto,1,2022,1,39,US-1,2,US Highway,Urbano,Arterial Principal -Freeway o ExpressWay,State Highway Agency,1,Sin jurisdiccion especial,99998,30.35019444,-81.63689444,Peaton,El primer evento no fue una colision con un vehiculo automotor en transporte,Not an Intersection,No fue interseccion,Sobre calle,Ninguna,Oscuro con iluminacion,Despejado,No,NO APLICA,99,99,99,99,1,01/08/2022,2
12,Florida,121922,0,0,1,0,103,PINELLAS (103),2730,SAINT PETERSBURG,6,Junio,13,2022,1,44,I-275,1,Interestatal,Urbano,Interestatal,State Highway Agency,1,Sin jurisdiccion especial,99998,27.76046944,-82.67546667,Banqueta,El primer evento no fue una colision con un vehiculo automotor en transporte,Not an Intersection,No fue interseccion,Sobre el lado de la calle,Ninguna,Oscuro con iluminacion,Despejado,No,NO APLICA,99,99,99,99,1,13/06/2022,1
12,Florida,121923,1,1,1,0,99,PALM BEACH (99),820,DELRAY BEACH,8,Agosto,2,2022,15,25,LANTANA RD,8,Otro,Urbano,Arteria Principal,County Highway Agency,0,Sin jurisdiccion especial,99998,26.5883,-80.09426944,Ciclista,El primer evento no fue una colision con un vehiculo automotor en transporte,Four-Way Intersection,Interseccion de 4 direcciones,Sobre calle,Ninguna,Dia total,Despejado,No,NO APLICA,99,99,99,99,1,02/08/2022,1
12,Florida,121924,0,0,2,0,115,SARASOTA (115),2235,NORTH PORT,8,Agosto,5,2022,21,14,N SALFORD BLVD,6,Calle Local Municipalidad,Rural,Local,State Highway Agency,0,Sin jurisdiccion especial,99998,27.09537778,-82.19398889,Vehiculo en movimiento,Angulo,Not an Intersection,No fue interseccion,Sobre calle,Ninguna,Oscuro sin iluminacion,Nublado,No,NO APLICA,99,99,99,99,1,05/08/2022,2
12,Florida,121925,1,1,2,0,103,PINELLAS (103),0,NO APLICA,6,Junio,5,2022,17,20,ANCLOTE BLVD,6,Calle Local Municipalidad,Urbano,Colector Mayor,Not Reported,0,Sin jurisdiccion especial,99998,28.17296944,-82.75293056,Vehiculo en movimiento,Angulo,T-Intersection,Interseccion de T,Sobre calle,Ninguna,Dia total,Despejado,No,NO APLICA,99,99,99,99,1,05/06/2022,4
12,Florida,121927,0,0,2,0,11,BROWARD (11),1420,HOLLYWOOD,7,Julio,11,2022,18,31,US-41,2,US Highway,Urbano,Arteria Principal,State Highway Agency,1,Sin jurisdiccion especial,99998,26.00632778,-80.20736667,Volcadura,El primer evento no fue una colision con un vehiculo automotor en transporte,Not an Intersection,No fue interseccion,Sobre calle,Ninguna,Dia total,Despejado,No,NO APLICA,99,99,99,99,1,11/07/2022,2
12,Florida,121928,1,1,1,0,11,BROWARD (11),1420,HOLLYWOOD,7,Julio,16,2022,1,5,SR-822,3,Highway estatal,Urbano,Arteria Menor,State Highway Agency,0,Sin jurisdiccion especial,99998,26.03330278,-80.15580833,Ciclista,El primer evento no fue una colision con un vehiculo automotor en transporte,Not an Intersection,No fue interseccion,Sobre calle,Ninguna,Oscuro - iluminacion desconocida,Despejado,No,NO APLICA,99,99,99,99,1,16/07/2022,5
12,Florida,121929,1,1,1,0,31,DUVAL (31),1510,JACKSONVILLE,8,Agosto,10,2022,21,25,US-1,2,US Highway,Urbano,Arteria Principal,State Highway Agency,1,Sin jurisdiccion especial,99998,30.39577778,-81.738375,Peaton,El primer evento no fue una colision con un vehiculo automotor en transporte,Not an Intersection,No fue interseccion,Sobre calle,Ninguna,Oscuro con iluminacion,Otro,No,NO APLICA,99,99,99,99,1,10/08/2022,1
12,Florida,121930,1,1,1,0,99,PALM BEACH (99),3190,WEST PALM BEACH,7,Julio,29,2022,5,39,I-95,1,Interestatal,Urbano,Interestatal,State Highway Agency,1,Sin jurisdiccion especial,99998,26.70399444,-80.07432778,Peaton,El primer evento no fue una colision con un vehiculo automotor en transporte,Not an Intersection,No fue interseccion,Sobre calle,Ninguna,Oscuro con iluminacion,Despejado,No,NO APLICA,99,99,99,99,1,29/07/2022,1
12,Florida,121931,0,0,2,0,109,ST JOHNS (109),0,NO APLICA,7,Julio,24,2022,2,45,I-95,1,Interestatal,Rural,Interestatal,State Highway Agency,1,Sin jurisdiccion especial,99998,30.09448889,-81.49803056,Valla Ferrocarril,El primer evento no fue una colision con un vehiculo automotor en transporte,Not an Intersection,No fue interseccion,En el medio,Ninguna,Oscuro con iluminacion,Despejado,No,NO APLICA,99,99,99,99,1,24/07/2022,7
12,Florida,121932,0,0,1,0,95,ORANGE (95),2360,ORLANDO,8,Agosto,4,2022,3,15,SR-50,3,Highway estatal,Urbano,Arteria Principal,State Highway Agency,0,Sin jurisdiccion especial,99998,28.55315278,-81.36337778,Edificio,El primer evento no fue una colision con un vehiculo automotor en transporte,Not an Intersection,No fue interseccion,Fuera de la calle,Ninguna,Oscuro con iluminacion,Despejado,No,NO APLICA,99,99,99,99,1,04/08/2022,2
12,Florida,121933,0,0,3,2,31,DUVAL (31),1510,JACKSONVILLE,8,Agosto,10,2022,14,20,ROGERO RD,6,Calle Local Municipalidad,Urbano,Local,Not Reported,0,Sin jurisdiccion especial,99998,30.32970556,-81.58899722,Poste,El primer evento no fue una colision con un vehiculo automotor en transporte,Not an Intersection,No fue interseccion,Sobre el lado de la calle,Ninguna,Dia total,Despejado,No,NO APLICA,99,99,99,99,1,10/08/2022,1
12,Florida,121934,0,0,1,0,105,POLK (105),1690,LAKELAND,8,Agosto,7,2022,2,28,SR-546,3,Highway estatal,Urbano,Arteria Principal,State Highway Agency,0,Sin jurisdiccion especial,99998,28.05120833,-82.01305556,Barrera de Trafico de Concreto,El primer evento no fue una colision con un vehiculo automotor en transporte,Not an Intersection,No fue interseccion,En el medio,Ninguna,Oscuro con iluminacion,Despejado,No,NO APLICA,99,99,99,99,1,07/08/2022,2
12,Florida,121935,2,2,1,0,95,ORANGE (95),2360,ORLANDO,2,Febrero,13,2022,16,0,LAKE UNDERHILL DR,6,Calle Local Municipalidad,Urbano,Colector Menor,Not Reported,0,Sin jurisdiccion especial,99998,28.53908611,-81.29508333,Banqueta,El primer evento no fue una colision con un vehiculo automotor en transporte,Not an Intersection,No fue interseccion,Sobre el lado de la calle,Ninguna,Dia total,Despejado,No,NO APLICA,99,99,99,99,1,13/02/2022,1
12,Florida,121936,0,0,1,0,95,ORANGE (95),2360,ORLANDO,5,Mayo,4,2022,22,21,SR-423,3,Highway estatal,Urbano,Arteria Principal,State Highway Agency,0,Sin jurisdiccion especial,99998,28.59732222,-81.41810833,Otro objeto (fijo),El primer evento no fue una colision con un vehiculo automotor en transporte,Not an Intersection,No fue interseccion,Sobre el lado de la calle,Ninguna,Oscuro con iluminacion,Despejado,No,NO APLICA,99,99,99,99,1,04/05/2022,1
12,Florida,121937,0,0,2,0,111,ST LUCIE (111),0,NO APLICA,5,Mayo,23,2022,19,13,SR-614,3,Highway estatal,Rural,Arteria Principal,State Highway Agency,1,Sin jurisdiccion especial,99998,27.52139722,-80.43126111,Vehiculo en movimiento,Angulo,Four-Way Intersection,Interseccion de 4 direcciones,Sobre calle,Ninguna,Dia total,Despejado,No,NO APLICA,99,99,99,99,2,23/05/2022,4
12,Florida,121938,0,0,2,0,105,POLK (105),160,BARTOW,6,Junio,16,2022,12,57,US-17,2,US Highway,Urbano,Arterial Principal -Freeway o ExpressWay,State Highway Agency,1,Sin jurisdiccion especial,99998,27.92396389,-81.82163333,Vehiculo en movimiento,Frente a Detrás,T-Intersection,Interseccion de T,Sobre calle,Ninguna,Dia total,Despejado,No,NO APLICA,99,99,99,99,2,16/06/2022,4
12,Florida,121939,0,0,3,0,101,PASCO (101),0,NO APLICA,7,Julio,17,2022,21,31,CR-587,4,Calle del Condado,Urbano,Arteria Menor,County Highway Agency,0,Sin jurisdiccion especial,99998,28.19041111,-82.59231944,Vehiculo en movimiento,Angulo,T-Intersection,Interseccion de T,Sobre calle,Ninguna,Oscuro sin iluminacion,Despejado,No,NO APLICA,99,99,99,99,1,17/07/2022,5
12,Florida,121941,0,0,2,0,101,PASCO (101),3330,ZEPHYRHILLS,7,Julio,23,2022,23,3,US-301,2,US Highway,Urbano,Arteria Principal,State Highway Agency,1,Sin jurisdiccion especial,99998,28.22279167,-82.17996667,Volcadura,El primer evento no fue una colision con un vehiculo automotor en transporte,Four-Way Intersection,Interseccion de 4 direcciones,Sobre calle,Ninguna,Oscuro sin iluminacion,Despejado,No,NO APLICA,99,99,99,99,1,23/07/2022,3
12,Florida,121942,0,0,2,0,117,SEMINOLE (117),0,NO APLICA,8,Agosto,1,2022,13,29,OLD LOCKWOOD ROAD,6,Calle Local Municipalidad,Urbano,Colector Mayor,Not Reported,0,Sin jurisdiccion especial,99998,28.6125,-81.17455278,Vehiculo en movimiento,Frente a frente,Four-Way Intersection,Interseccion de 4 direcciones,Sobre calle,Ninguna,Dia total,Despejado,No,NO APLICA,99,99,99,99,1,01/08/2022,2
12,Florida,121943,0,0,2,0,86,MIAMI-DADE (86),0,NO APLICA,6,Junio,20,2022,5,18,79TH ST,6,Calle Local Municipalidad,Urbano,Arteria Principal,Not Reported,0,Sin jurisdiccion especial,99998,25.84743611,-80.19797778,Vehiculo en movimiento,Angulo,T-Intersection,Interseccion de T,Sobre calle,Ninguna,Dia total,Despejado,No,NO APLICA,99,99,99,99,1,20/06/2022,2
12,Florida,121944,1,1,1,0,86,MIAMI-DADE (86),0,NO APLICA,7,Julio,24,2022,1,44,SR-985,3,Highway estatal,Urbano,Arteria Menor,Not Reported,0,Sin jurisdiccion especial,99998,25.76870833,-80.36906667,Peaton,El primer evento no fue una colision con un vehiculo automotor en transporte,Four-Way Intersection,Interseccion de 4 direcciones,Sobre calle,Ninguna,Oscuro con iluminacion,Despejado,No,NO APLICA,99,99,99,99,1,24/07/2022,1
12,Florida,121945,1,1,1,0,11,BROWARD (11),1782,LAUDERHILL,8,Agosto,2,2022,5,0,26TH ST,6,Calle Local Municipalidad,Urbano,Colector Mayor,City or Municipal Highway Agency,0,Sin jurisdiccion especial,99998,26.15881667,-80.20318889,Peaton,El primer evento no fue una colision con un vehiculo automotor en transporte,Four-Way Intersection,Interseccion de 4 direcciones,Sobre calle,Ninguna,Oscuro con iluminacion,Despejado,No,NO APLICA,99,99,99,99,1,02/08/2022,1
12,Florida,121946,0,0,1,0,63,JACKSON (63),0,NO APLICA,8,Agosto,6,2022,1,30,SR-73,3,Highway estatal,Urbano,Arteria Principal,State Highway Agency,0,Sin jurisdiccion especial,99998,30.70735556,-85.23090833,Buzon de correo,El primer evento no fue una colision con un vehiculo automotor en transporte,Not an Intersection,No fue interseccion,Sobre el lado de la calle,Ninguna,Oscuro sin iluminacion,Despejado,No,NO APLICA,99,99,99,99,1,06/08/2022,1
12,Florida,121947,0,0,2,0,71,LEE (71),0,NO APLICA,8,Agosto,6,2022,4,55,CR-884,4,Calle del Condado,Urbano,Arteria Menor,State Highway Agency,0,Sin jurisdiccion especial,99998,26.62101944,-81.74958889,Vehiculo en movimiento,Frente a frente,Four-Way Intersection,Interseccion de 4 direcciones,Sobre calle,Ninguna,Oscuro con iluminacion,Despejado,No,NO APLICA,99,99,99,99,2,06/08/2022,4
12,Florida,121948,1,1,1,0,103,PINELLAS (103),0,NO APLICA,7,Julio,19,2022,8,25,BELLEAIR RD,9,Desconocido,Urbano,Arteria Menor,County Highway Agency,0,Sin jurisdiccion especial,99998,27.93895556,-82.79567222,Ciclista,El primer evento no fue una colision con un vehiculo automotor en transporte,Four-Way Intersection,Interseccion de 4 direcciones,Sobre calle,Ninguna,Dia total,Despejado,No,NO APLICA,99,99,99,99,1,19/07/2022,1
12,Florida,121949,0,0,2,0,119,SUMTER (119),0,NO APLICA,7,Julio,28,2022,18,6,CR-101,4,Calle del Condado,Urbano,Colector Mayor,County Highway Agency,0,Sin jurisdiccion especial,99998,28.93148889,-82.01628056,Vehiculo en movimiento,Angulo,Four-Way Intersection,Interseccion de 4 direcciones,Sobre calle,Ninguna,Dia total,Despejado,No,NO APLICA,18,9,18,13,1,28/07/2022,3
12,Florida,121950,0,0,2,0,43,GLADES (43),0,NO APLICA,8,Agosto,6,2022,23,45,SR-78,3,Highway estatal,Rural,Arteria Menor,State Highway Agency,0,Sin jurisdiccion especial,99998,27.14271944,-80.88111111,Vehiculo en movimiento,Frente a frente,Not an Intersection,No fue interseccion,Sobre calle,Ninguna,Oscuro sin iluminacion,Despejado,No,NO APLICA,99,99,99,99,2,06/08/2022,3
12,Florida,121951,1,1,1,0,101,PASCO (101),0,NO APLICA,7,Julio,31,2022,8,35,SCENIC DR,9,Desconocido,Urbano,Colector Menor,Not Reported,0,Sin jurisdiccion especial,99998,28.311825,-82.70220556,Ciclista,El primer evento no fue una colision con un vehiculo automotor en transporte,Not an Intersection,No fue interseccion,Sobre calle,Ninguna,Reportada como desconocida,Otro,No,NO APLICA,8,39,8,50,1,31/07/2022,1