Estado,Nombre de Estado,Numero de Caso,Peatones,Personas _no_vehiculos,Vehiculos automotores,Vehiculos estacionados,Condado,Nombre Condado,Ciudad,Nombre Ciudad,Mes,Nombre Mes,Dia,Año,Hora,Minuto,Calle,Ruta,Nombre Ruta,Rural o Urbanoo,Sistema Funcional,Dueño Calle,Sistema Nacional Carreteras,Jurisdiccion Especial,Milla,Latitud,Longitud,Causa del Accidente,Tipo de Accidente,Tipo Interseccion,Columna1,Lugar en la calle,Zona de Trabajo,Luz,Clima,Autobus Escolar,Cruce de Trenes,Hora Notificacion,Minuto Notificacion,Hora Llegada,Minuto Llegada,Decesos,Fecha,PersonaVehiculo
12,Florida,121952,0,0,2,0,71,LEE (71),0,NO APLICA,7,Julio,25,2022,7,50,MELLOW DR,9,Desconocido,Urbano,Colector Mayor,County Highway Agency,0,Sin jurisdiccion especial,99998,26.72638889,-81.87811111,Vehiculo en movimiento,Golpe Lateral - direccion contraria,Not an Intersection,No fue interseccion,Sobre calle,Ninguna,Dia total,Despejado,No,NO APLICA,99,99,99,99,1,25/07/2022,2
12,Florida,121953,1,1,1,0,99,PALM BEACH (99),290,BOCA RATON,8,Agosto,3,2022,6,25,W GLADES RD,6,Calle Local Municipalidad,Urbano,Arteria Principal,Not Reported,1,Sin jurisdiccion especial,99998,26.36837778,-80.12919167,Peaton,El primer evento no fue una colision con un vehiculo automotor en transporte,Four-Way Intersection,Interseccion de 4 direcciones,Sobre calle,Ninguna,Oscuro con iluminacion,Nublado,No,NO APLICA,99,98,99,98,1,03/08/2022,1
12,Florida,121954,0,0,1,0,121,SUWANNEE (121),0,NO APLICA,8,Agosto,3,2022,0,10,CR-250,4,Calle del Condado,Rural,Colector Mayor,Not Reported,0,Sin jurisdiccion especial,99998,30.24644444,-83.09008889,Arbol,El primer evento no fue una colision con un vehiculo automotor en transporte,Not an Intersection,No fue interseccion,Fuera de la calle,Ninguna,Oscuro sin iluminacion,Nublado,No,NO APLICA,99,99,99,99,1,03/08/2022,1
12,Florida,121955,0,0,1,0,99,PALM BEACH (99),0,NO APLICA,8,Agosto,2,2022,18,50,US-27,2,US Highway,Rural,Arteria Principal,State Highway Agency,1,Sin jurisdiccion especial,99998,26.446,-80.62366667,Poste de Señal de trafico,El primer evento no fue una colision con un vehiculo automotor en transporte,Not an Intersection,No fue interseccion,En el medio,Ninguna,Dia total,Despejado,No,NO APLICA,99,99,99,99,1,02/08/2022,2
12,Florida,121956,0,0,2,0,33,ESCAMBIA (33),3192,WEST PENSACOLA,8,Agosto,9,2022,22,41,SR-298,3,Highway estatal,Urbano,Arteria Menor,Not Reported,0,Sin jurisdiccion especial,99998,30.42650278,-87.276775,Vehiculo en movimiento,Angulo,T-Intersection,Interseccion de T,Sobre calle,Ninguna,Oscuro con iluminacion,Despejado,No,NO APLICA,99,99,99,99,1,09/08/2022,3
12,Florida,121957,2,2,1,0,11,BROWARD (11),1280,HALLANDALE BEACH,7,Julio,31,2022,3,12,I-95,1,Interestatal,Urbano,Interestatal,State Highway Agency,1,Sin jurisdiccion especial,99998,25.98671944,-80.16594722,Peaton,El primer evento no fue una colision con un vehiculo automotor en transporte,Not an Intersection,No fue interseccion,Sobre Acotamiento,Ninguna,Oscuro con iluminacion,Despejado,No,NO APLICA,99,99,99,99,1,31/07/2022,1
12,Florida,121958,0,0,3,0,115,SARASOTA (115),0,NO APLICA,8,Agosto,8,2022,21,21,US-41,2,US Highway,Urbano,Arteria Principal,State Highway Agency,1,Sin jurisdiccion especial,99998,27.13229444,-82.45413611,Vehiculo en movimiento,Golpe Lateral - misma direccion,Not an Intersection,No fue interseccion,Sobre calle,Ninguna,Oscuro con iluminacion,Nublado,No,NO APLICA,99,99,99,99,1,08/08/2022,5
12,Florida,121959,1,1,1,0,31,DUVAL (31),1510,JACKSONVILLE,8,Agosto,7,2022,19,28,SR-109,3,Highway estatal,Urbano,Arteria Menor,State Highway Agency,0,Sin jurisdiccion especial,99998,30.27315278,-81.60773611,Ciclista,El primer evento no fue una colision con un vehiculo automotor en transporte,Not an Intersection,No fue interseccion,Sobre calle,Ninguna,Dia total,Despejado,No,NO APLICA,99,99,99,99,1,07/08/2022,1
12,Florida,121960,0,0,1,0,95,ORANGE (95),0,NO APLICA,7,Julio,25,2022,12,25,UNIVERSAL BOULEVARD,6,Calle Local Municipalidad,Urbano,Arteria Menor,County Highway Agency,0,Sin jurisdiccion especial,99998,28.43563889,-81.46721111,Poste de Señal de trafico,El primer evento no fue una colision con un vehiculo automotor en transporte,Not an Intersection,No fue interseccion,En el medio,Ninguna,Dia total,Despejado,No,NO APLICA,99,99,99,99,1,25/07/2022,1
12,Florida,121961,0,0,1,0,103,PINELLAS (103),2730,SAINT PETERSBURG,8,Agosto,7,2022,23,8,58TH ST,6,Calle Local Municipalidad,Urbano,Colector Mayor,Not Reported,0,Sin jurisdiccion especial,99998,27.769825,-82.71224722,Poste,El primer evento no fue una colision con un vehiculo automotor en transporte,Not an Intersection,No fue interseccion,Sobre el lado de la calle,Ninguna,Oscuro con iluminacion,Despejado,No,NO APLICA,99,99,99,99,1,07/08/2022,1
12,Florida,121963,1,1,1,0,55,HIGHLANDS (55),2800,SEBRING,7,Julio,13,2022,15,19,US-27,2,US Highway,Urbano,Arteria Principal,State Highway Agency,1,Sin jurisdiccion especial,99998,27.47125,-81.44247222,Ciclista,El primer evento no fue una colision con un vehiculo automotor en transporte,Not an Intersection,No fue interseccion,Sobre calle,Ninguna,Dia total,Nublado,No,NO APLICA,99,99,99,99,1,13/07/2022,1
12,Florida,121964,0,0,2,0,127,VOLUSIA (127),825,DELTONA,6,Junio,18,2022,0,28,HOWLAND BLVD,6,Calle Local Municipalidad,Urbano,Arteria Menor,Not Reported,0,Sin jurisdiccion especial,99998,28.94777778,-81.23823889,Vehiculo en movimiento,Frente a Detrás,Not an Intersection,No fue interseccion,Sobre calle,Ninguna,Oscuro con iluminacion,Despejado,No,NO APLICA,99,99,99,99,1,18/06/2022,2
12,Florida,121965,1,1,1,0,81,MANATEE (81),0,NO APLICA,8,Agosto,9,2022,5,31,CR-683,4,Calle del Condado,Urbano,Arteria Menor,Not Reported,0,Sin jurisdiccion especial,99998,27.44281111,-82.54668611,Peaton,El primer evento no fue una colision con un vehiculo automotor en transporte,Not an Intersection,No fue interseccion,Sobre calle,Ninguna,Oscuro sin iluminacion,Despejado,No,NO APLICA,99,99,99,99,1,09/08/2022,1
12,Florida,121966,1,1,2,0,11,BROWARD (11),1050,FORT LAUDERDALE,8,Agosto,9,2022,10,9,SR-842,3,Highway estatal,Urbano,Arteria Principal,State Highway Agency,1,Sin jurisdiccion especial,99998,26.12235278,-80.14351111,Vehiculo en movimiento,Angulo,Four-Way Intersection,Interseccion de 4 direcciones,Sobre calle,Ninguna,Dia total,Despejado,No,NO APLICA,99,99,99,99,1,09/08/2022,2
12,Florida,121967,1,1,1,0,103,PINELLAS (103),2806,SEMINOLE,7,Julio,24,2022,21,5,US-19,2,US Highway,Urbano,Arteria Principal,State Highway Agency,1,Sin jurisdiccion especial,99998,27.82650278,-82.78695556,Peaton,El primer evento no fue una colision con un vehiculo automotor en transporte,Four-Way Intersection,Interseccion de 4 direcciones,Sobre calle,Ninguna,Oscuro con iluminacion,Despejado,No,NO APLICA,99,99,99,99,1,24/07/2022,1
12,Florida,121968,0,0,1,0,57,HILLSBOROUGH (57),0,NO APLICA,8,Agosto,13,2022,1,0,TOWN N COUNTRY GREENWAY,9,Desconocido,Rural,Colector Menor,Not Reported,0,Sin jurisdiccion especial,99998,28.01178056,-82.56070556,Barda,El primer evento no fue una colision con un vehiculo automotor en transporte,Not an Intersection,No fue interseccion,Sobre el lado de la calle,Ninguna,Oscuro sin iluminacion,Despejado,No,NO APLICA,99,98,99,98,1,13/08/2022,1
12,Florida,121969,0,0,2,0,63,JACKSON (63),0,NO APLICA,8,Agosto,12,2022,14,40,US-90,2,US Highway,Rural,Arteria Principal,Not Reported,1,otro,99998,30.743675,-85.15834722,Vehiculo en movimiento,Frente a frente,Not an Intersection,No fue interseccion,Sobre calle,Ninguna,Dia total,Nublado,No,NO APLICA,99,99,99,99,1,12/08/2022,2
12,Florida,121970,0,0,1,0,53,HERNANDO (53),0,NO APLICA,8,Agosto,7,2022,15,37,PRESTON RD,9,Desconocido,Rural,Local,Not Reported,0,Sin jurisdiccion especial,99998,28.56014444,-82.32184444,Poste o otros soportes,El primer evento no fue una colision con un vehiculo automotor en transporte,T-Intersection,Interseccion de T,"Fuera de la calle, ubicacion desconocida",Ninguna,Dia total,Despejado,No,NO APLICA,99,99,99,99,1,07/08/2022,1
12,Florida,121971,0,0,1,0,1,ALACHUA (1),1130,GAINESVILLE,8,Agosto,13,2022,23,35,6TH ST,6,Calle Local Municipalidad,Urbano,Arteria Menor,Not Reported,0,Sin jurisdiccion especial,99998,29.63619722,-82.33000278,Poste,El primer evento no fue una colision con un vehiculo automotor en transporte,T-Intersection,Interseccion de T,Sobre el lado de la calle,Ninguna,Oscuro con iluminacion,Despejado,No,NO APLICA,99,99,99,99,1,13/08/2022,1
12,Florida,121972,0,0,2,0,1,ALACHUA (1),0,NO APLICA,8,Agosto,10,2022,7,50,SR-26 WB,3,Highway estatal,Rural,Arteria Principal,State Highway Agency,1,Sin jurisdiccion especial,99998,29.65429167,-82.54158611,Vehiculo en movimiento,Frente a Detrás,Not an Intersection,No fue interseccion,Sobre calle,Ninguna,Dia total,Despejado,No,NO APLICA,99,99,99,99,1,10/08/2022,2
12,Florida,121973,0,0,2,0,97,OSCEOLA (97),1590,KISSIMMEE,7,Julio,31,2022,11,20,CR-525,4,Calle del Condado,Urbano,Arteria Principal,County Highway Agency,1,Sin jurisdiccion especial,99998,28.33716111,-81.41958056,Vehiculo en movimiento,Angulo,Four-Way Intersection,Interseccion de 4 direcciones,Sobre calle,Ninguna,Dia total,Despejado,No,NO APLICA,99,99,99,99,1,31/07/2022,6
12,Florida,121974,1,1,1,0,17,CITRUS (17),1445,HOMOSASSA SPRINGS,7,Julio,31,2022,23,38,W GROVER CLEVELAND BLVD,6,Calle Local Municipalidad,Urbano,Colector Mayor,Not Reported,0,Sin jurisdiccion especial,99998,28.80378056,-82.56431111,Ciclista,El primer evento no fue una colision con un vehiculo automotor en transporte,Not an Intersection,No fue interseccion,Sobre calle,Ninguna,Oscuro sin iluminacion,Despejado,No,NO APLICA,23,36,23,43,1,31/07/2022,3
12,Florida,121975,1,1,1,0,101,PASCO (101),0,NO APLICA,3,Marzo,5,2022,11,32,COLLIER PKWY,8,Otro,Urbano,Colector Mayor,County Highway Agency,0,Sin jurisdiccion especial,99998,28.184175,-82.43797222,No vehiculo o remolque,El primer evento no fue una colision con un vehiculo automotor en transporte,Four-Way Intersection,Interseccion de 4 direcciones,Sobre calle,Ninguna,Dia total,Despejado,No,NO APLICA,99,99,99,99,1,05/03/2022,1
12,Florida,121976,1,1,1,0,85,MARTIN (85),0,NO APLICA,8,Agosto,4,2022,22,15,SR-710,3,Highway estatal,Urbano,Arteria Principal,State Highway Agency,1,Sin jurisdiccion especial,99998,27.01836111,-80.46355,Ciclista,El primer evento no fue una colision con un vehiculo automotor en transporte,Not an Intersection,No fue interseccion,Sobre calle,Ninguna,Oscuro con iluminacion,Despejado,No,NO APLICA,99,99,99,99,1,04/08/2022,2
12,Florida,121977,1,1,1,0,57,HILLSBOROUGH (57),0,NO APLICA,7,Julio,13,2022,21,1,SR-580,3,Highway estatal,Urbano,Arteria Principal,State Highway Agency,0,Sin jurisdiccion especial,99998,28.03345556,-82.50500556,Peaton,El primer evento no fue una colision con un vehiculo automotor en transporte,Not an Intersection,No fue interseccion,Sobre calle,Ninguna,Oscuro con iluminacion,Despejado,No,NO APLICA,99,99,99,99,1,13/07/2022,1
12,Florida,121979,0,0,1,0,71,LEE (71),0,NO APLICA,8,Agosto,8,2022,19,27,AMERICAN COLONY BLVD,9,Desconocido,Urbano,Local,Not Reported,0,Sin jurisdiccion especial,99998,26.54473333,-81.82615556,Arbol,El primer evento no fue una colision con un vehiculo automotor en transporte,Not an Intersection,No fue interseccion,Fuera de la calle,Ninguna,Atardecer,Despejado,No,NO APLICA,99,99,99,99,1,08/08/2022,2
12,Florida,121980,0,0,2,0,103,PINELLAS (103),0,NO APLICA,7,Julio,27,2022,13,40,US-19,2,US Highway,Urbano,Arteria Principal,State Highway Agency,0,Sin jurisdiccion especial,99998,28.10250556,-82.73991667,Vehiculo en movimiento,Angulo,T-Intersection,Interseccion de T,Sobre calle,Ninguna,Dia total,Despejado,No,NO APLICA,99,99,99,99,1,27/07/2022,2
12,Florida,121981,1,1,1,0,57,HILLSBOROUGH (57),0,NO APLICA,8,Agosto,13,2022,21,10,SYDNEY DOVER RD,6,Calle Local Municipalidad,Urbano,Local,City or Municipal Highway Agency,0,Sin jurisdiccion especial,99998,27.99612778,-82.20736944,Ciclista,El primer evento no fue una colision con un vehiculo automotor en transporte,Not an Intersection,No fue interseccion,Sobre el lado de la calle,Ninguna,Oscuro con iluminacion,Despejado,No,NO APLICA,99,99,99,99,1,13/08/2022,1
12,Florida,121982,0,0,1,0,99,PALM BEACH (99),112,ATLANTIS,8,Agosto,12,2022,23,30,LANTANA RD,6,Calle Local Municipalidad,Urbano,Arteria Menor,Not Reported,0,Sin jurisdiccion especial,99998,26.588575,-80.10503056,Banqueta,El primer evento no fue una colision con un vehiculo automotor en transporte,Not an Intersection,No fue interseccion,Sobre el lado de la calle,Ninguna,Oscuro con iluminacion,Despejado,No,NO APLICA,99,99,99,99,1,12/08/2022,2
12,Florida,121983,0,0,2,0,105,POLK (105),0,NO APLICA,4,Abril,28,2022,21,34,PINE TREE TRAIL,6,Calle Local Municipalidad,Urbano,Local,Not Reported,0,Sin jurisdiccion especial,99998,28.22538611,-81.60748333,Vehiculo en movimiento,Frente a frente,Not an Intersection,No fue interseccion,Sobre calle,Ninguna,Oscuro con iluminacion,Despejado,No,NO APLICA,99,99,99,99,1,28/04/2022,4
12,Florida,121984,0,0,1,0,105,POLK (105),0,NO APLICA,6,Junio,28,2022,15,28,ELEANOR DR,9,Desconocido,Urbano,Colector Mayor,Not Reported,0,Sin jurisdiccion especial,99998,28.04429444,-81.89755833,Zanja,El primer evento no fue una colision con un vehiculo automotor en transporte,Not an Intersection,No fue interseccion,Sobre el lado de la calle,Ninguna,Dia total,Despejado,No,NO APLICA,99,99,99,99,1,28/06/2022,1
12,Florida,121985,1,1,1,0,51,HENDRY (51),0,NO APLICA,8,Agosto,6,2022,20,30,QUEBRADA  ST,9,Desconocido,Rural,Local,Not Reported,0,Sin jurisdiccion especial,99998,26.63968056,-81.09555,Peaton,El primer evento no fue una colision con un vehiculo automotor en transporte,Not an Intersection,No fue interseccion,Sobre calle,Ninguna,Atardecer,Despejado,No,NO APLICA,99,99,99,99,1,06/08/2022,1
12,Florida,121986,0,0,2,0,9,BREVARD (9),2073,MIMS,8,Agosto,9,2022,16,35,US-1,2,US Highway,Urbano,Arteria Principal,State Highway Agency,1,Sin jurisdiccion especial,99998,28.67374167,-80.84866111,Vehiculo en movimiento,Angulo,Four-Way Intersection,Interseccion de 4 direcciones,Sobre calle,Ninguna,Dia total,Nublado,No,NO APLICA,99,99,99,99,1,09/08/2022,3
12,Florida,121987,0,0,1,0,86,MIAMI-DADE (86),2220,NORTH MIAMI,8,Agosto,5,2022,1,10,I-95,1,Interestatal,Urbano,Interestatal,State Highway Agency,1,Sin jurisdiccion especial,99998,25.88878611,-80.20921667,Otro objeto (no fijo),El primer evento no fue una colision con un vehiculo automotor en transporte,Not an Intersection,No fue interseccion,Sobre calle,Ninguna,Oscuro con iluminacion,Despejado,No,NO APLICA,99,99,99,99,1,05/08/2022,2
12,Florida,121988,1,1,1,0,119,SUMTER (119),0,NO APLICA,8,Agosto,1,2022,5,13,US-441,2,US Highway,Urbano,Arteria Principal,State Highway Agency,1,Sin jurisdiccion especial,99998,28.95193056,-81.95689444,Peaton,El primer evento no fue una colision con un vehiculo automotor en transporte,Not an Intersection,No fue interseccion,Sobre calle,Ninguna,Amanecer,Despejado,No,NO APLICA,5,13,5,16,1,01/08/2022,1
12,Florida,121989,0,0,2,0,86,MIAMI-DADE (86),0,NO APLICA,8,Agosto,5,2022,12,38,SR-9,3,Highway estatal,Urbano,Arteria Principal,State Highway Agency,1,Sin jurisdiccion especial,99998,25.91333056,-80.22583333,Arbusto,El primer evento no fue una colision con un vehiculo automotor en transporte,Not an Intersection,No fue interseccion,Sobre el lado de la calle,Ninguna,Dia total,Despejado,No,NO APLICA,99,99,99,99,1,05/08/2022,3
12,Florida,121990,1,1,2,0,9,BREVARD (9),2005,MERRITT ISLAND,8,Agosto,12,2022,6,0,SR-3,3,Highway estatal,Urbano,Arteria Principal,State Highway Agency,1,Sin jurisdiccion especial,99998,28.37541667,-80.70123056,Peaton,El primer evento no fue una colision con un vehiculo automotor en transporte,Not an Intersection,No fue interseccion,Sobre calle,Ninguna,Oscuro sin iluminacion,Nublado,No,NO APLICA,99,99,99,99,1,12/08/2022,2
12,Florida,121991,0,0,2,0,101,PASCO (101),0,NO APLICA,7,Julio,30,2022,18,0,US-301,2,US Highway,Urbano,Arteria Principal,State Highway Agency,1,Sin jurisdiccion especial,99998,28.39976944,-82.19555833,Vehiculo en movimiento,Angulo,T-Intersection,Interseccion de T,Sobre calle,Ninguna,Dia total,Despejado,No,NO APLICA,18,32,18,38,1,30/07/2022,2
12,Florida,121992,0,0,1,0,101,PASCO (101),0,NO APLICA,7,Julio,29,2022,1,3,KITTEN TRAIL,8,Otro,Urbano,Colector Mayor,City or Municipal Highway Agency,0,Sin jurisdiccion especial,99998,28.37361389,-82.63260556,Barda,El primer evento no fue una colision con un vehiculo automotor en transporte,Not an Intersection,No fue interseccion,"Fuera de la calle, ubicacion desconocida",Ninguna,Oscuro sin iluminacion,Despejado,No,NO APLICA,99,99,99,99,1,29/07/2022,1
12,Florida,121993,0,0,1,0,95,ORANGE (95),0,NO APLICA,7,Julio,14,2022,14,2,CR-435,4,Calle del Condado,Urbano,Arteria Principal,State Highway Agency,0,Sin jurisdiccion especial,99998,28.50216389,-81.50773056,Banqueta,El primer evento no fue una colision con un vehiculo automotor en transporte,Not an Intersection,No fue interseccion,En el medio,Ninguna,Dia total,Despejado,No,NO APLICA,99,99,99,99,1,14/07/2022,1
12,Florida,121994,0,0,2,0,95,ORANGE (95),3290,WINTER GARDEN,7,Julio,24,2022,10,50,SR-50,3,Highway estatal,Urbano,Arteria Principal,State Highway Agency,0,Sin jurisdiccion especial,99998,28.55043889,-81.5901,Vehiculo en movimiento,Frente a Detrás,Not an Intersection,No fue interseccion,Sobre calle,Ninguna,Dia total,Despejado,No,NO APLICA,99,99,99,99,1,24/07/2022,2
12,Florida,121995,1,1,1,0,73,LEON (73),2940,TALLAHASSEE,7,Julio,23,2022,23,55,SR-61,3,Highway estatal,Urbano,Arteria Principal,State Highway Agency,0,Sin jurisdiccion especial,99998,30.45452778,-84.27825,Peaton,El primer evento no fue una colision con un vehiculo automotor en transporte,Not an Intersection,No fue interseccion,Sobre calle,Ninguna,Oscuro con iluminacion,Despejado,No,NO APLICA,99,99,99,99,1,23/07/2022,1
12,Florida,121997,0,0,3,0,91,OKALOOSA (91),2200,NICEVILLE,8,Agosto,15,2022,20,50,SR-20,3,Highway estatal,Urbano,Arteria Principal,State Highway Agency,0,Sin jurisdiccion especial,99998,30.5121,-86.44886111,Vehiculo en movimiento,Frente a frente,Four-Way Intersection,Interseccion de 4 direcciones,Sobre calle,Ninguna,Oscuro con iluminacion,Despejado,No,NO APLICA,99,99,99,99,1,15/08/2022,3
12,Florida,121998,0,0,2,0,15,CHARLOTTE (15),0,NO APLICA,7,Julio,30,2022,12,21,CR-768,4,Calle del Condado,Urbano,Colector Mayor,County Highway Agency,0,Sin jurisdiccion especial,99998,26.89511944,-82.00256944,Vehiculo en movimiento,Angulo,Four-Way Intersection,Interseccion de 4 direcciones,Sobre calle,Ninguna,Dia total,Despejado,No,NO APLICA,99,99,99,99,1,30/07/2022,3
12,Florida,121999,0,0,2,0,27,DE SOTO (27),0,NO APLICA,8,Agosto,8,2022,5,40,US-17,2,US Highway,Rural,Arteria Principal,Not Reported,1,Sin jurisdiccion especial,99998,27.12699167,-81.90875278,Vehiculo en movimiento,Frente a frente,Not an Intersection,No fue interseccion,Sobre calle,Ninguna,Oscuro sin iluminacion,Despejado,No,NO APLICA,99,99,99,99,1,08/08/2022,2
12,Florida,122000,0,0,2,0,101,PASCO (101),0,NO APLICA,7,Julio,14,2022,0,26,I-75,1,Interestatal,Urbano,Interestatal,State Highway Agency,1,Sin jurisdiccion especial,99998,28.33408889,-82.32414444,Vehiculo en movimiento,Frente a Detrás,Not an Intersection,No fue interseccion,Sobre calle,Ninguna,Oscuro sin iluminacion,Despejado,No,NO APLICA,99,99,99,99,1,14/07/2022,6
12,Florida,122001,0,0,2,1,115,SARASOTA (115),0,NO APLICA,8,Agosto,14,2022,19,7,N LOCKWOOD RIDGE,9,Desconocido,Rural,Local,Not Reported,0,Sin jurisdiccion especial,99998,27.29620556,-82.50592222,Buzon de correo,El primer evento no fue una colision con un vehiculo automotor en transporte,Not an Intersection,No fue interseccion,Sobre el lado de la calle,Ninguna,Dia total,Despejado,No,NO APLICA,99,99,99,99,1,14/08/2022,1
12,Florida,122002,0,0,3,0,57,HILLSBOROUGH (57),0,NO APLICA,8,Agosto,8,2022,9,28,SR-674,3,Highway estatal,Rural,Arteria Menor,Not Reported,0,Sin jurisdiccion especial,99998,27.70462222,-82.18251667,Vehiculo en movimiento,Frente a frente,Not an Intersection,No fue interseccion,Sobre calle,Ninguna,Dia total,Despejado,No,NO APLICA,99,99,99,99,1,08/08/2022,3
12,Florida,122003,0,0,1,0,103,PINELLAS (103),2730,SAINT PETERSBURG,8,Agosto,8,2022,0,30,11TH AVE S,6,Calle Local Municipalidad,Urbano,Local,City or Municipal Highway Agency,0,Sin jurisdiccion especial,99998,27.75921667,-82.69097778,Poste,El primer evento no fue una colision con un vehiculo automotor en transporte,Four-Way Intersection,Interseccion de 4 direcciones,Sobre el lado de la calle,Ninguna,Oscuro con iluminacion,Despejado,No,NO APLICA,99,99,99,99,2,08/08/2022,3
12,Florida,122004,0,0,1,0,103,PINELLAS (103),2730,SAINT PETERSBURG,8,Agosto,13,2022,9,25,GANDY BLVD N,6,Calle Local Municipalidad,Urbano,Arteria Principal,State Highway Agency,1,Sin jurisdiccion especial,99998,27.864125,-82.64175278,Valla Ferrocarril,El primer evento no fue una colision con un vehiculo automotor en transporte,Not an Intersection,No fue interseccion,Sobre el lado de la calle,Ninguna,Dia total,Despejado,No,NO APLICA,99,99,99,99,1,13/08/2022,1
12,Florida,122005,0,0,1,0,86,MIAMI-DADE (86),0,NO APLICA,7,Julio,27,2022,17,41,SR-836 EXIT RAMP,3,Highway estatal,Urbano,Interestatal,State Highway Agency,1,Sin jurisdiccion especial,99998,25.77655278,-80.38566944,Barrera de Trafico de Concreto,El primer evento no fue una colision con un vehiculo automotor en transporte,Not an Intersection,No fue interseccion,Sobre el lado de la calle,Ninguna,Dia total,Despejado,No,NO APLICA,99,99,99,99,1,27/07/2022,1
12,Florida,122006,0,0,2,0,99,PALM BEACH (99),0,NO APLICA,7,Julio,21,2022,15,59,W BOYNTON BEACH BLVD,6,Calle Local Municipalidad,Urbano,Colector Mayor,Not Reported,0,Sin jurisdiccion especial,99998,26.52817222,-80.13294167,Vehiculo en movimiento,Frente a Detrás,Four-Way Intersection,Interseccion de 4 direcciones,Sobre calle,Ninguna,Dia total,Despejado,No,NO APLICA,99,99,99,99,1,21/07/2022,4
12,Florida,122007,0,0,3,1,9,BREVARD (9),620,COCOA,6,Junio,19,2022,22,14,SR-501,3,Highway estatal,Urbano,Arteria Menor,Not Reported,0,Sin jurisdiccion especial,99998,28.36740556,-80.75504444,Vehiculo en movimiento,Angulo,T-Intersection,Interseccion de T,Sobre calle,Ninguna,Oscuro con iluminacion,Despejado,No,NO APLICA,99,99,99,99,1,19/06/2022,4
12,Florida,122008,0,0,2,0,5,BAY (5),2450,PANAMA CITY,8,Agosto,12,2022,21,20,23RD ST,6,Calle Local Municipalidad,Urbano,Arteria Menor,Not Reported,0,Sin jurisdiccion especial,99998,30.18981944,-85.672975,Vehiculo en movimiento,Angulo,Not an Intersection,No fue interseccion,Sobre calle,Ninguna,Oscuro con iluminacion,Despejado,No,NO APLICA,99,99,99,99,1,12/08/2022,7
12,Florida,122009,0,0,1,0,81,MANATEE (81),0,NO APLICA,8,Agosto,12,2022,3,15,I-75,1,Interestatal,Rural,Interestatal,State Highway Agency,1,Sin jurisdiccion especial,99998,27.62787222,-82.47286944,Barrera de Cable,El primer evento no fue una colision con un vehiculo automotor en transporte,Not an Intersection,No fue interseccion,En el medio,Ninguna,Oscuro sin iluminacion,Nublado,No,NO APLICA,99,99,99,99,1,12/08/2022,1
12,Florida,122010,0,0,1,0,97,OSCEOLA (97),1590,KISSIMMEE,8,Agosto,16,2022,18,36,US-192,2,US Highway,Urbano,Arteria Principal,Not Reported,1,Sin jurisdiccion especial,99998,28.30445556,-81.39945278,Vehiculo Ferrocarril,El primer evento no fue una colision con un vehiculo automotor en transporte,Not an Intersection,No fue interseccion,Sobre calle,Ninguna,Dia total,Despejado,No,622410S,99,99,99,99,1,16/08/2022,1
12,Florida,122011,0,0,2,0,115,SARASOTA (115),0,NO APLICA,8,Agosto,13,2022,12,52,SR-72,3,Highway estatal,Urbano,Arteria Menor,Not Reported,0,Sin jurisdiccion especial,99998,27.26941667,-82.50033611,Vehiculo en movimiento,Angulo,T-Intersection,Interseccion de T,Sobre calle,Ninguna,Dia total,Despejado,No,NO APLICA,99,99,99,99,1,13/08/2022,2
12,Florida,122012,0,0,2,0,83,MARION (83),0,NO APLICA,8,Agosto,13,2022,11,26,CR-314A,4,Calle del Condado,Rural,Colector Menor,Not Reported,0,Sin jurisdiccion especial,99998,29.18516389,-81.88756667,Vehiculo en movimiento,Frente a frente,Not an Intersection,No fue interseccion,Sobre calle,Ninguna,Dia total,Nublado,No,NO APLICA,99,99,99,99,1,13/08/2022,2
12,Florida,122013,0,0,2,0,39,GADSDEN (39),0,NO APLICA,8,Agosto,13,2022,16,10,US-90,2,US Highway,Urbano,Arteria Principal,State Highway Agency,1,Sin jurisdiccion especial,99998,30.56441944,-84.54155,Vehiculo en movimiento,Angulo,Not an Intersection,No fue interseccion,Sobre calle,Ninguna,Dia total,Nublado,No,NO APLICA,99,99,99,99,1,13/08/2022,2
12,Florida,122014,0,0,1,0,109,ST JOHNS (109),0,NO APLICA,8,Agosto,4,2022,9,35,SR-207,3,Highway estatal,Rural,Arteria Principal,State Highway Agency,0,Sin jurisdiccion especial,99998,29.74616389,-81.47109444,Arbol,El primer evento no fue una colision con un vehiculo automotor en transporte,Not an Intersection,No fue interseccion,"Fuera de la calle, ubicacion desconocida",Ninguna,Dia total,Despejado,No,NO APLICA,99,99,99,99,1,04/08/2022,1
12,Florida,122015,0,0,3,0,9,BREVARD (9),2005,MERRITT ISLAND,8,Agosto,17,2022,8,24,SR-3,3,Highway estatal,Urbano,Arteria Principal,State Highway Agency,0,Sin jurisdiccion especial,99998,28.43435278,-80.70831111,Vehiculo en movimiento,Angulo,Four-Way Intersection,Interseccion de 4 direcciones,Sobre calle,Ninguna,Dia total,Despejado,No,NO APLICA,99,99,99,99,1,17/08/2022,4
12,Florida,122016,0,0,2,0,83,MARION (83),0,NO APLICA,8,Agosto,7,2022,14,25,NE 36TH AVENUE RD,9,Desconocido,Urbano,Colector Menor,Unknown,0,Sin jurisdiccion especial,99998,29.23748889,-82.08688889,Vehiculo en movimiento,Angulo,Four-Way Intersection,Interseccion de 4 direcciones,Sobre calle,Ninguna,Dia total,Despejado,No,NO APLICA,99,99,99,99,1,07/08/2022,6