Estado,Nombre de Estado,Numero de Caso,Peatones,Personas _no_vehiculos,Vehiculos automotores,Vehiculos estacionados,Condado,Nombre Condado,Ciudad,Nombre Ciudad,Mes,Nombre Mes,Dia,Año,Hora,Minuto,Calle,Ruta,Nombre Ruta,Rural o Urbanoo,Sistema Funcional,Dueño Calle,Sistema Nacional Carreteras,Jurisdiccion Especial,Milla,Latitud,Longitud,Causa del Accidente,Tipo de Accidente,Tipo Interseccion,Columna1,Lugar en la calle,Zona de Trabajo,Luz,Clima,Autobus Escolar,Cruce de Trenes,Hora Notificacion,Minuto Notificacion,Hora Llegada,Minuto Llegada,Decesos,Fecha,PersonaVehiculo
12,Florida,122017,0,0,6,0,57,HILLSBOROUGH (57),2950,TAMPA,7,Julio,18,2022,7,5,I-275 RAMP,1,Interestatal,Urbano,Interestatal,State Highway Agency,1,Sin jurisdiccion especial,99998,27.94290278,-82.54394444,Vehiculo en movimiento,Frente a Detrás,Not an Intersection,No fue interseccion,Sobre calle,Ninguna,Dia total,Despejado,No,NO APLICA,99,99,99,99,2,18/07/2022,8
12,Florida,122018,0,0,1,0,115,SARASOTA (115),0,NO APLICA,8,Agosto,8,2022,11,29,SR-681 RAMP,3,Highway estatal,Urbano,Arteria Principal,State Highway Agency,0,Sin jurisdiccion especial,99998,27.14678056,-82.46248056,Barrera de Trafico de Concreto,El primer evento no fue una colision con un vehiculo automotor en transporte,Not an Intersection,No fue interseccion,Sobre el lado de la calle,Ninguna,Dia total,Despejado,No,NO APLICA,99,99,99,99,1,08/08/2022,1
12,Florida,122019,0,0,1,0,127,VOLUSIA (127),2190,NEW SMYRNA BEACH,7,Julio,15,2022,12,41,MYRTLE AVE,6,Calle Local Municipalidad,Rural,Local,Not Reported,0,Sin jurisdiccion especial,99998,29.01701111,-80.92806111,Buzon de correo,El primer evento no fue una colision con un vehiculo automotor en transporte,Not an Intersection,No fue interseccion,Sobre el lado de la calle,Ninguna,Dia total,Despejado,No,NO APLICA,99,99,99,99,1,15/07/2022,1
12,Florida,122020,0,0,1,0,83,MARION (83),0,NO APLICA,8,Agosto,8,2022,19,55,SE 100TH AVE,9,Desconocido,Urbano,Colector Menor,Not Reported,0,Sin jurisdiccion especial,99998,29.03118056,-81.98703889,Poste de Señal de trafico,El primer evento no fue una colision con un vehiculo automotor en transporte,Not an Intersection,No fue interseccion,Sobre el lado de la calle,Ninguna,Atardecer,Nublado,No,NO APLICA,99,99,99,99,1,08/08/2022,1
12,Florida,122021,0,0,1,0,57,HILLSBOROUGH (57),0,NO APLICA,6,Junio,3,2022,23,10,I-4,1,Interestatal,Urbano,Interestatal,State Highway Agency,1,Sin jurisdiccion especial,99998,28.02688333,-82.17149167,Barda,El primer evento no fue una colision con un vehiculo automotor en transporte,Not an Intersection,No fue interseccion,"Fuera de la calle, ubicacion desconocida",Ninguna,Oscuro con iluminacion,Nublado,No,NO APLICA,99,99,99,99,1,03/06/2022,1
12,Florida,122022,0,0,2,0,11,BROWARD (11),1420,HOLLYWOOD,7,Julio,21,2022,1,54,I-95,1,Interestatal,Urbano,Interestatal,State Highway Agency,1,Sin jurisdiccion especial,99998,26.00246389,-80.16712222,Vehiculo en movimiento,Frente a Detrás,Not an Intersection,No fue interseccion,Sobre calle,Ninguna,Oscuro con iluminacion,Despejado,No,NO APLICA,99,99,99,99,1,21/07/2022,2
12,Florida,122023,0,0,2,0,127,VOLUSIA (127),0,NO APLICA,8,Agosto,8,2022,22,25,US-17,2,US Highway,Rural,Arteria Principal,State Highway Agency,1,Sin jurisdiccion especial,99998,29.198175,-81.43418333,Vehiculo en movimiento,Frente a frente,Not an Intersection,No fue interseccion,Sobre calle,Ninguna,Oscuro sin iluminacion,Despejado,No,NO APLICA,99,99,99,99,1,08/08/2022,3
12,Florida,122024,0,0,2,0,117,SEMINOLE (117),2770,SANFORD,8,Agosto,3,2022,11,10,I-4,1,Interestatal,Urbano,Interestatal,State Highway Agency,1,Sin jurisdiccion especial,99998,28.81183611,-81.33786944,Vehiculo en movimiento,Frente a Detrás,Not an Intersection,No fue interseccion,Sobre calle,Ninguna,Dia total,Despejado,No,NO APLICA,99,99,99,99,1,03/08/2022,4
12,Florida,122025,0,0,2,0,131,WALTON (131),0,NO APLICA,8,Agosto,15,2022,16,7,US-90,2,US Highway,Rural,Arteria Principal,State Highway Agency,1,Sin jurisdiccion especial,99998,30.72178056,-86.03828889,Vehiculo en movimiento,Frente a frente,Y-Intersection,Interseccion de Y,Sobre calle,Ninguna,Dia total,Nublado,No,NO APLICA,99,99,99,99,1,15/08/2022,3
12,Florida,122026,0,0,2,0,33,ESCAMBIA (33),0,NO APLICA,8,Agosto,16,2022,21,36,SR-296,3,Highway estatal,Urbano,Arteria Menor,Not Reported,0,Sin jurisdiccion especial,99998,30.46091944,-87.29140833,Vehiculo en movimiento,Frente a frente,T-Intersection,Interseccion de T,Sobre calle,Ninguna,Oscuro con iluminacion,Despejado,No,NO APLICA,99,99,99,99,1,16/08/2022,2
12,Florida,122027,0,0,2,0,113,SANTA ROSA (113),0,NO APLICA,8,Agosto,12,2022,1,39,I-10,1,Interestatal,Rural,Interestatal,State Highway Agency,1,Sin jurisdiccion especial,99998,30.62821111,-86.93521111,Vehiculo en movimiento,Frente a Detrás,Not an Intersection,No fue interseccion,Sobre calle,Ninguna,Oscuro sin iluminacion,Nublado,No,NO APLICA,99,99,99,99,1,12/08/2022,2
12,Florida,122028,0,0,2,0,53,HERNANDO (53),390,BROOKSVILLE,2,Febrero,18,2022,1,23,SR-50,3,Highway estatal,Urbano,Arteria Principal,State Highway Agency,0,Sin jurisdiccion especial,99998,28.54019167,-82.40390833,Vehiculo en movimiento,Frente a Detrás,Four-Way Intersection,Interseccion de 4 direcciones,Sobre calle,Ninguna,Oscuro sin iluminacion,Despejado,No,NO APLICA,99,99,99,99,1,18/02/2022,2
12,Florida,122030,0,0,1,0,95,ORANGE (95),1895,MAITLAND,5,Mayo,14,2022,0,47,LAKE AVE,6,Calle Local Municipalidad,Urbano,Colector Mayor,City or Municipal Highway Agency,0,Sin jurisdiccion especial,99998,28.61851111,-81.36639722,Banqueta,El primer evento no fue una colision con un vehiculo automotor en transporte,Not an Intersection,No fue interseccion,En el medio,Ninguna,Oscuro con iluminacion,Despejado,No,NO APLICA,99,99,99,99,1,14/05/2022,1
12,Florida,122032,0,0,2,0,57,HILLSBOROUGH (57),0,NO APLICA,7,Julio,17,2022,8,16,SR-674,3,Highway estatal,Urbano,Arteria Principal,State Highway Agency,0,Sin jurisdiccion especial,99998,27.71243889,-82.34115,Vehiculo en movimiento,Angulo,Four-Way Intersection,Interseccion de 4 direcciones,Sobre calle,Ninguna,Dia total,Despejado,No,NO APLICA,99,99,99,99,1,17/07/2022,3
12,Florida,122033,0,0,2,0,127,VOLUSIA (127),780,DAYTONA BEACH,8,Agosto,14,2022,1,21,MASON AVE,6,Calle Local Municipalidad,Urbano,Arteria Menor,Not Reported,0,Sin jurisdiccion especial,99998,29.21689722,-81.05414722,Vehiculo en movimiento,Frente a Detrás,Four-Way Intersection,Interseccion de 4 direcciones,Sobre calle,Ninguna,Oscuro con iluminacion,Despejado,No,NO APLICA,99,99,99,99,1,14/08/2022,5
12,Florida,122034,0,0,2,0,103,PINELLAS (103),2806,SEMINOLE,7,Julio,30,2022,9,37,US-19-ALT,2,US Highway,Urbano,Arteria Principal,State Highway Agency,1,Sin jurisdiccion especial,99998,27.86535278,-82.78693056,Vehiculo en movimiento,Angulo,Four-Way Intersection,Interseccion de 4 direcciones,Sobre calle,Ninguna,Dia total,Despejado,No,NO APLICA,99,99,99,99,1,30/07/2022,2
12,Florida,122036,0,0,1,0,31,DUVAL (31),1510,JACKSONVILLE,8,Agosto,20,2022,4,50,SAN PABLO RD,6,Calle Local Municipalidad,Urbano,Colector Mayor,Not Reported,0,Sin jurisdiccion especial,99998,30.28341111,-81.43766111,Arbol,El primer evento no fue una colision con un vehiculo automotor en transporte,Not an Intersection,No fue interseccion,Fuera de la calle,Ninguna,Oscuro con iluminacion,Nublado,No,NO APLICA,99,99,99,99,1,20/08/2022,2
12,Florida,122037,1,1,1,0,95,ORANGE (95),0,NO APLICA,8,Agosto,13,2022,3,18,US-441,2,US Highway,Urbano,Arteria Principal,State Highway Agency,1,Sin jurisdiccion especial,99998,28.49504722,-81.39677778,Peaton,El primer evento no fue una colision con un vehiculo automotor en transporte,Not an Intersection,No fue interseccion,Sobre calle,Ninguna,Oscuro con iluminacion,Nublado,No,NO APLICA,99,99,99,99,1,13/08/2022,1
12,Florida,122038,1,1,1,0,86,MIAMI-DADE (86),1340,HIALEAH,7,Julio,16,2022,5,0,SR-953,3,Highway estatal,Urbano,Arteria Principal,State Highway Agency,0,Sin jurisdiccion especial,99998,25.82569167,-80.26525833,Peaton,El primer evento no fue una colision con un vehiculo automotor en transporte,Not an Intersection,No fue interseccion,Sobre calle,Ninguna,Oscuro con iluminacion,Despejado,No,NO APLICA,99,99,99,99,1,16/07/2022,2
12,Florida,122039,0,0,2,0,83,MARION (83),870,DUNNELLON,8,Agosto,1,2022,15,15,CR-40,4,Calle del Condado,Urbano,Colector Mayor,County Highway Agency,0,Sin jurisdiccion especial,99998,29.04948889,-82.46296944,Volcadura,El primer evento no fue una colision con un vehiculo automotor en transporte,Four-Way Intersection,Interseccion de 4 direcciones,Sobre calle,"Zona de trabajo, tipo desconocido",Dia total,Despejado,No,NO APLICA,99,99,99,99,1,01/08/2022,2
12,Florida,122040,0,0,1,0,95,ORANGE (95),0,NO APLICA,8,Agosto,16,2022,17,45,HUNTER CREEK BLVD,6,Calle Local Municipalidad,Urbano,Colector Mayor,Not Reported,0,Sin jurisdiccion especial,99998,28.3514,-81.42963889,Arbol,El primer evento no fue una colision con un vehiculo automotor en transporte,Not an Intersection,No fue interseccion,En el medio,Ninguna,Dia total,Despejado,No,NO APLICA,99,99,99,99,1,16/08/2022,1
12,Florida,122041,0,0,1,0,127,VOLUSIA (127),780,DAYTONA BEACH,7,Julio,20,2022,23,53,ATLANTIC AVE,6,Calle Local Municipalidad,Urbano,Arteria Principal,Not Reported,0,Sin jurisdiccion especial,99998,29.21079444,-81.00019167,Poste,El primer evento no fue una colision con un vehiculo automotor en transporte,Not an Intersection,No fue interseccion,Sobre el lado de la calle,Ninguna,Oscuro con iluminacion,Despejado,No,NO APLICA,99,99,99,99,1,20/07/2022,1
12,Florida,122042,0,0,2,0,86,MIAMI-DADE (86),0,NO APLICA,8,Agosto,6,2022,22,15,SR-924,3,Highway estatal,Urbano,Arteria Menor,State Highway Agency,0,Sin jurisdiccion especial,99998,25.88290278,-80.23074444,Vehiculo en movimiento,Angulo,Four-Way Intersection,Interseccion de 4 direcciones,Sobre calle,Ninguna,Oscuro con iluminacion,Despejado,No,NO APLICA,99,99,99,99,1,06/08/2022,3
12,Florida,122043,1,1,1,0,9,BREVARD (9),2005,MERRITT ISLAND,8,Agosto,19,2022,10,50,WINDJAMMER POINT,8,Otro,Rural,Local,County Highway Agency,0,Sin jurisdiccion especial,99998,28.16005,-80.61416944,Peaton,El primer evento no fue una colision con un vehiculo automotor en transporte,Not an Intersection,No fue interseccion,Sobre calle,Ninguna,Dia total,Despejado,No,NO APLICA,99,99,99,99,1,19/08/2022,0
12,Florida,122044,1,1,1,0,19,CLAY (19),0,NO APLICA,8,Agosto,12,2022,22,5,SR-21,3,Highway estatal,Urbano,Arteria Principal,State Highway Agency,1,Sin jurisdiccion especial,99998,30.17878333,-81.74134722,Peaton,El primer evento no fue una colision con un vehiculo automotor en transporte,Four-Way Intersection,Interseccion de 4 direcciones,Sobre calle,Ninguna,Oscuro con iluminacion,Despejado,No,NO APLICA,99,99,99,99,1,12/08/2022,4
12,Florida,122045,1,1,1,0,97,OSCEOLA (97),0,NO APLICA,8,Agosto,2,2022,6,26,CR-525,4,Calle del Condado,Rural,Colector Menor,County Highway Agency,0,Sin jurisdiccion especial,99998,28.2024,-81.33391944,Ciclista,El primer evento no fue una colision con un vehiculo automotor en transporte,Not an Intersection,No fue interseccion,Sobre calle,Ninguna,Amanecer,Despejado,No,NO APLICA,99,99,99,99,1,02/08/2022,1
12,Florida,122046,0,0,2,0,117,SEMINOLE (117),1705,LAKE MARY,8,Agosto,1,2022,5,55,I-4,1,Interestatal,Urbano,Interestatal,State Highway Agency,1,Sin jurisdiccion especial,99998,28.78163056,-81.35256667,Vehiculo en movimiento,Frente a Detrás,Not an Intersection,No fue interseccion,Sobre calle,"Zona de trabajo, tipo desconocido",Oscuro con iluminacion,Despejado,No,NO APLICA,99,99,99,99,1,01/08/2022,2
12,Florida,122047,1,1,2,0,95,ORANGE (95),0,NO APLICA,8,Agosto,9,2022,7,23,UNIVERSITY BOULEVARD,6,Calle Local Municipalidad,Urbano,Arteria Menor,County Highway Agency,0,Sin jurisdiccion especial,99998,28.59733056,-81.25401944,Vehiculo en movimiento,Angulo,T-Intersection,Interseccion de T,Sobre calle,Ninguna,Dia total,Despejado,No,NO APLICA,99,99,99,99,2,09/08/2022,3
12,Florida,122048,0,0,1,0,31,DUVAL (31),1510,JACKSONVILLE,8,Agosto,10,2022,13,23,SR-113,3,Highway estatal,Urbano,Arterial Principal -Freeway o ExpressWay,State Highway Agency,1,Sin jurisdiccion especial,99998,30.35507778,-81.55274722,Arbol,El primer evento no fue una colision con un vehiculo automotor en transporte,Not an Intersection,No fue interseccion,Sobre el lado de la calle,Ninguna,Dia total,Despejado,No,NO APLICA,99,99,99,99,1,10/08/2022,1
12,Florida,122049,0,0,1,0,131,WALTON (131),0,NO APLICA,8,Agosto,18,2022,13,49,I-10,1,Interestatal,Rural,Interestatal,State Highway Agency,1,Sin jurisdiccion especial,99998,30.69106944,-86.08406111,Arbol,El primer evento no fue una colision con un vehiculo automotor en transporte,Not an Intersection,No fue interseccion,Sobre el lado de la calle,Ninguna,Dia total,Nublado,No,NO APLICA,99,99,99,99,1,18/08/2022,2
12,Florida,122050,1,1,1,0,95,ORANGE (95),0,NO APLICA,7,Julio,15,2022,22,16,SR-423,3,Highway estatal,Urbano,Arteria Principal,County Highway Agency,0,Sin jurisdiccion especial,99998,28.54535,-81.41378333,Peaton,El primer evento no fue una colision con un vehiculo automotor en transporte,Not an Intersection,No fue interseccion,Sobre calle,Ninguna,Oscuro sin iluminacion,Despejado,No,NO APLICA,99,99,99,99,1,15/07/2022,1
12,Florida,122051,1,1,1,0,95,ORANGE (95),0,NO APLICA,8,Agosto,15,2022,20,22,SR-435,3,Highway estatal,Urbano,Arteria Principal,State Highway Agency,1,Sin jurisdiccion especial,99998,28.54257222,-81.45811111,Ciclista,El primer evento no fue una colision con un vehiculo automotor en transporte,Not an Intersection,No fue interseccion,Sobre calle,Ninguna,Oscuro sin iluminacion,Despejado,No,NO APLICA,99,99,99,99,1,15/08/2022,1
12,Florida,122052,0,0,2,0,61,INDIAN RIVER (61),0,NO APLICA,8,Agosto,6,2022,21,17,SR-60,3,Highway estatal,Rural,Arteria Principal,State Highway Agency,0,Sin jurisdiccion especial,99998,27.63910556,-80.45046667,Vehiculo en movimiento,Frente a Detrás,T-Intersection,Interseccion de T,Sobre calle,Ninguna,Oscuro con iluminacion,Despejado,No,NO APLICA,99,99,99,99,1,06/08/2022,3
12,Florida,122053,0,0,3,1,7,BRADFORD (7),0,NO APLICA,8,Agosto,5,2022,11,24,SR-16,3,Highway estatal,Urbano,Arteria Menor,State Highway Agency,0,Sin jurisdiccion especial,99998,30.03956944,-82.16545,Vehiculo en movimiento,Angulo,Four-Way Intersection,Interseccion de 4 direcciones,Sobre calle,Ninguna,Dia total,Despejado,No,NO APLICA,99,99,99,99,1,05/08/2022,3
12,Florida,122054,1,1,1,0,95,ORANGE (95),2360,ORLANDO,8,Agosto,14,2022,1,37,SR-436,3,Highway estatal,Urbano,Arteria Principal,State Highway Agency,1,Sin jurisdiccion especial,99998,28.53058611,-81.31055556,Peaton,El primer evento no fue una colision con un vehiculo automotor en transporte,Not an Intersection,No fue interseccion,Sobre calle,Ninguna,Oscuro con iluminacion,Despejado,No,NO APLICA,99,99,99,99,1,14/08/2022,1
12,Florida,122055,1,1,1,0,105,POLK (105),0,NO APLICA,8,Agosto,12,2022,5,47,US-17,2,US Highway,Urbano,Arteria Principal,State Highway Agency,1,Sin jurisdiccion especial,99998,28.08468611,-81.72988889,Peaton,El primer evento no fue una colision con un vehiculo automotor en transporte,Not an Intersection,No fue interseccion,Sobre calle,Ninguna,Oscuro sin iluminacion,Despejado,No,NO APLICA,99,99,99,99,1,12/08/2022,1
12,Florida,122056,0,0,2,0,119,SUMTER (119),0,NO APLICA,6,Junio,30,2022,15,45,MORSE BLVD,9,Desconocido,Urbano,Colector Mayor,Not Reported,0,Sin jurisdiccion especial,99998,28.9383,-81.96432222,Vehiculo en movimiento,Angulo,T-Intersection,Interseccion de T,Sobre calle,Ninguna,Dia total,Despejado,No,NO APLICA,15,99,5,49,1,30/06/2022,2
12,Florida,122057,0,0,1,0,73,LEON (73),0,NO APLICA,8,Agosto,1,2022,15,56,CR-155,4,Calle del Condado,Rural,Arteria Menor,County Highway Agency,0,Sin jurisdiccion especial,99998,30.66497222,-84.261475,Acotamiento,El primer evento no fue una colision con un vehiculo automotor en transporte,Not an Intersection,No fue interseccion,Sobre el lado de la calle,Ninguna,Dia total,Despejado,No,NO APLICA,99,99,99,99,1,01/08/2022,2
12,Florida,122058,0,0,3,0,86,MIAMI-DADE (86),2020,MIAMI BEACH,8,Agosto,15,2022,23,25,SR-A1A,3,Highway estatal,Urbano,Arteria Principal,State Highway Agency,0,Sin jurisdiccion especial,99998,25.77729167,-80.1632,Vehiculo en movimiento,Frente a Detrás,Not an Intersection,No fue interseccion,Sobre calle,Ninguna,Oscuro con iluminacion,Despejado,No,NO APLICA,99,99,99,99,1,15/08/2022,5
12,Florida,122059,0,0,2,0,57,HILLSBOROUGH (57),2950,TAMPA,8,Agosto,18,2022,20,11,BOY SCOUT BLVD,6,Calle Local Municipalidad,Urbano,Arteria Menor,Not Reported,0,Sin jurisdiccion especial,99998,27.961,-82.51802222,Vehiculo en movimiento,Angulo,Four-Way Intersection,Interseccion de 4 direcciones,Sobre calle,Ninguna,Dia total,Despejado,No,NO APLICA,99,99,99,99,1,18/08/2022,6
12,Florida,122060,0,0,3,0,11,BROWARD (11),790,DEERFIELD BEACH,8,Agosto,20,2022,1,47,W HILLSBORO BLVD,6,Calle Local Municipalidad,Urbano,Arteria Principal,Not Reported,0,Sin jurisdiccion especial,99998,26.31800556,-80.14871944,Vehiculo en movimiento,Golpe Lateral - misma direccion,Not an Intersection,No fue interseccion,Sobre calle,Ninguna,Oscuro con iluminacion,Despejado,No,NO APLICA,99,99,99,99,1,20/08/2022,4
12,Florida,122061,1,1,1,0,57,HILLSBOROUGH (57),0,NO APLICA,8,Agosto,20,2022,22,18,US-580,2,US Highway,Urbano,Arteria Principal,State Highway Agency,1,Sin jurisdiccion especial,99998,27.99602778,-82.51280556,Peaton,El primer evento no fue una colision con un vehiculo automotor en transporte,Not an Intersection,No fue interseccion,Sobre calle,Ninguna,Oscuro con iluminacion,Nublado,No,NO APLICA,99,99,99,99,1,20/08/2022,1
12,Florida,122062,0,0,2,0,127,VOLUSIA (127),0,NO APLICA,8,Agosto,13,2022,23,31,SR-44,3,Highway estatal,Rural,Arteria Principal,State Highway Agency,0,Sin jurisdiccion especial,99998,29.01317222,-81.08798056,Vehiculo en movimiento,Frente a frente,Not an Intersection,No fue interseccion,Sobre calle,Ninguna,Oscuro sin iluminacion,Despejado,No,NO APLICA,99,99,99,99,1,13/08/2022,2
12,Florida,122063,0,0,1,0,119,SUMTER (119),0,NO APLICA,8,Agosto,9,2022,6,42,SR-44,3,Highway estatal,Rural,Arteria Principal,State Highway Agency,1,Sin jurisdiccion especial,99998,28.85391111,-82.20776111,Volcadura,El primer evento no fue una colision con un vehiculo automotor en transporte,Not an Intersection,No fue interseccion,En el medio,Ninguna,Amanecer,Despejado,No,NO APLICA,99,99,99,99,1,09/08/2022,1
12,Florida,122064,0,0,2,0,71,LEE (71),0,NO APLICA,8,Agosto,17,2022,18,19,CR-865,4,Calle del Condado,Urbano,Arteria Menor,Not Reported,0,Sin jurisdiccion especial,99998,26.66568333,-81.81229167,Vehiculo en movimiento,Angulo,T-Intersection,Interseccion de T,Sobre calle,Ninguna,Dia total,Despejado,No,NO APLICA,99,99,99,99,1,17/08/2022,5
12,Florida,122065,0,0,1,0,15,CHARLOTTE (15),0,NO APLICA,8,Agosto,17,2022,21,12,I-75,1,Interestatal,Rural,Interestatal,State Highway Agency,1,Sin jurisdiccion especial,99998,26.83245278,-81.95619722,Volcadura,El primer evento no fue una colision con un vehiculo automotor en transporte,Not an Intersection,No fue interseccion,En el medio,Ninguna,Oscuro sin iluminacion,Nublado,No,NO APLICA,99,99,99,99,2,17/08/2022,3
12,Florida,122066,1,1,1,0,103,PINELLAS (103),1770,LARGO,8,Agosto,18,2022,20,15,US-19,2,US Highway,Urbano,Arteria Principal,State Highway Agency,1,Sin jurisdiccion especial,99998,27.86428611,-82.64024722,Ciclista,El primer evento no fue una colision con un vehiculo automotor en transporte,T-Intersection,Interseccion de T,Sobre calle,Ninguna,Atardecer,Despejado,No,NO APLICA,99,99,99,99,1,18/08/2022,1
12,Florida,122067,0,0,1,0,53,HERNANDO (53),390,BROOKSVILLE,6,Junio,26,2022,10,27,POWELL RD,5,Calle Local - Pueblo,Rural,Colector Mayor,Not Reported,0,Sin jurisdiccion especial,99998,28.49989722,-82.32420278,Barda,El primer evento no fue una colision con un vehiculo automotor en transporte,Not an Intersection,No fue interseccion,Fuera de la calle,Ninguna,Dia total,Despejado,No,NO APLICA,99,99,99,99,1,26/06/2022,1
12,Florida,122068,0,0,1,0,127,VOLUSIA (127),0,NO APLICA,8,Agosto,14,2022,18,35,US-1,2,US Highway,Urbano,Arteria Principal,State Highway Agency,1,Sin jurisdiccion especial,99998,29.09138889,-80.97076389,Arbol,El primer evento no fue una colision con un vehiculo automotor en transporte,Not an Intersection,No fue interseccion,Sobre el lado de la calle,Ninguna,Dia total,Nublado,No,NO APLICA,99,99,99,99,1,14/08/2022,1
12,Florida,122069,0,0,2,0,127,VOLUSIA (127),2375,ORMOND BEACH,8,Agosto,22,2022,20,10,SR-40,3,Highway estatal,Urbano,Arteria Principal,State Highway Agency,0,Sin jurisdiccion especial,99998,29.28288611,-81.08246944,Vehiculo en movimiento,Frente a frente,Not an Intersection,No fue interseccion,Sobre calle,Ninguna,Oscuro con iluminacion,Despejado,No,NO APLICA,99,99,99,99,1,22/08/2022,3
12,Florida,122070,0,0,1,0,11,BROWARD (11),1050,FORT LAUDERDALE,8,Agosto,21,2022,2,9,US-1,2,US Highway,Urbano,Arteria Principal,Not Reported,1,Sin jurisdiccion especial,99998,26.136825,-80.13627222,Banqueta,El primer evento no fue una colision con un vehiculo automotor en transporte,T-Intersection,Interseccion de T,Sobre el lado de la calle,Ninguna,Oscuro con iluminacion,Despejado,No,NO APLICA,99,99,99,99,1,21/08/2022,1
12,Florida,122071,1,1,1,0,33,ESCAMBIA (33),2490,PENSACOLA,8,Agosto,15,2022,2,50,US-90,2,US Highway,Urbano,Arteria Principal,State Highway Agency,1,Sin jurisdiccion especial,99998,30.42583333,-87.18921667,Ciclista,El primer evento no fue una colision con un vehiculo automotor en transporte,Not an Intersection,No fue interseccion,Sobre calle,Ninguna,Oscuro con iluminacion,Despejado,No,NO APLICA,99,99,99,99,1,15/08/2022,1
12,Florida,122072,0,0,2,0,51,HENDRY (51),0,NO APLICA,8,Agosto,22,2022,14,59,SR-80,3,Highway estatal,Urbano,Arteria Principal,Not Reported,0,Sin jurisdiccion especial,99998,26.76837778,-81.21184167,Vehiculo en movimiento,Angulo,T-Intersection,Interseccion de T,Sobre calle,Ninguna,Dia total,Nublado,No,NO APLICA,99,99,99,99,1,22/08/2022,3
12,Florida,122073,0,0,2,0,17,CITRUS (17),1027,FLORAL CITY,6,Junio,11,2022,22,40,US-41,2,US Highway,Urbano,Arteria Principal,State Highway Agency,1,Sin jurisdiccion especial,99998,28.74236944,-82.29985278,Vehiculo en movimiento,Angulo,Not an Intersection,No fue interseccion,Sobre calle,Ninguna,Oscuro con iluminacion,Despejado,No,NO APLICA,99,99,99,99,1,11/06/2022,3
12,Florida,122074,0,0,3,0,95,ORANGE (95),0,NO APLICA,8,Agosto,8,2022,10,0,CR-437,4,Calle del Condado,Urbano,Colector Mayor,Not Reported,0,Sin jurisdiccion especial,99998,28.7714,-81.55983889,Vehiculo en movimiento,Angulo,Four-Way Intersection,Interseccion de 4 direcciones,Sobre calle,Ninguna,Dia total,Despejado,No,NO APLICA,99,99,99,99,1,08/08/2022,4
12,Florida,122076,0,0,2,0,71,LEE (71),457,CAPE CORAL,8,Agosto,5,2022,10,20,SR-78,3,Highway estatal,Urbano,Arteria Principal,State Highway Agency,0,Sin jurisdiccion especial,99998,26.67793056,-81.9191,Vehiculo en movimiento,Angulo,T-Intersection,Interseccion de T,Sobre calle,Ninguna,Dia total,Despejado,No,NO APLICA,99,99,99,99,1,05/08/2022,3
12,Florida,122077,0,0,2,0,57,HILLSBOROUGH (57),355,BRANDON,8,Agosto,24,2022,9,38,PARSONS AVE,6,Calle Local Municipalidad,Urbano,Arteria Menor,State Highway Agency,0,Sin jurisdiccion especial,99998,27.94094167,-82.28578611,Vehiculo en movimiento,Angulo,T-Intersection,Interseccion de T,Sobre calle,Ninguna,Dia total,Despejado,No,NO APLICA,99,99,99,99,1,24/08/2022,2
12,Florida,122078,0,0,1,0,115,SARASOTA (115),0,NO APLICA,8,Agosto,16,2022,9,20,I-75,1,Interestatal,Urbano,Interestatal,State Highway Agency,1,Sin jurisdiccion especial,99998,27.34690556,-82.44685833,Volcadura,El primer evento no fue una colision con un vehiculo automotor en transporte,Not an Intersection,No fue interseccion,En el medio,Ninguna,Dia total,Nublado,No,NO APLICA,99,99,99,99,2,16/08/2022,2
12,Florida,122079,0,0,2,0,69,LAKE (69),1240,GROVELAND,8,Agosto,13,2022,15,58,SR-50,3,Highway estatal,Urbano,Arteria Principal,State Highway Agency,1,Sin jurisdiccion especial,99998,28.55795556,-81.81229167,Vehiculo en movimiento,Angulo,Four-Way Intersection,Interseccion de 4 direcciones,Sobre calle,Ninguna,Dia total,Despejado,No,NO APLICA,99,99,99,99,1,13/08/2022,4
12,Florida,122080,0,0,2,0,127,VOLUSIA (127),780,DAYTONA BEACH,8,Agosto,21,2022,3,24,OAKRIDGE BLVD,6,Calle Local Municipalidad,Urbano,Arteria Menor,Not Reported,0,Sin jurisdiccion especial,99998,29.23355556,-81.01270278,Vehiculo en movimiento,Angulo,Four-Way Intersection,Interseccion de 4 direcciones,Sobre calle,Ninguna,Oscuro con iluminacion,Despejado,No,NO APLICA,99,99,99,99,1,21/08/2022,3
12,Florida,122081,1,1,1,0,5,BAY (5),1850,LYNN HAVEN,8,Agosto,20,2022,20,29,SR-77,3,Highway estatal,Urbano,Arteria Principal,State Highway Agency,1,Sin jurisdiccion especial,99998,30.2328,-85.64896667,Peaton,El primer evento no fue una colision con un vehiculo automotor en transporte,Four-Way Intersection,Interseccion de 4 direcciones,Sobre calle,Ninguna,Oscuro con iluminacion,Despejado,No,NO APLICA,99,99,99,99,1,20/08/2022,1
12,Florida,122082,1,1,1,0,21,COLLIER (21),1465,IMMOKALEE,8,Agosto,21,2022,21,32,SR-29,3,Highway estatal,Urbano,Arteria Principal,State Highway Agency,1,Sin jurisdiccion especial,99998,26.42418056,-81.43363889,Ciclista,El primer evento no fue una colision con un vehiculo automotor en transporte,Not an Intersection,No fue interseccion,Sobre calle,Ninguna,Oscuro con iluminacion,Despejado,No,NO APLICA,99,99,99,99,1,21/08/2022,1
12,Florida,122083,1,1,1,0,31,DUVAL (31),1510,JACKSONVILLE,7,Julio,28,2022,3,50,I-10,1,Interestatal,Urbano,Interestatal,State Highway Agency,1,Sin jurisdiccion especial,99998,30.29786111,-81.93655,Peaton,El primer evento no fue una colision con un vehiculo automotor en transporte,Not an Intersection,No fue interseccion,Sobre calle,Ninguna,Oscuro sin iluminacion,Nublado,No,NO APLICA,99,99,99,99,1,28/07/2022,2