Estado,Nombre de Estado,Numero de Caso,Peatones,Personas _no_vehiculos,Vehiculos automotores,Vehiculos estacionados,Condado,Nombre Condado,Ciudad,Nombre Ciudad,Mes,Nombre Mes,Dia,Año,Hora,Minuto,Calle,Ruta,Nombre Ruta,Rural o Urbanoo,Sistema Funcional,Dueño Calle,Sistema Nacional Carreteras,Jurisdiccion Especial,Milla,Latitud,Longitud,Causa del Accidente,Tipo de Accidente,Tipo Interseccion,Columna1,Lugar en la calle,Zona de Trabajo,Luz,Clima,Autobus Escolar,Cruce de Trenes,Hora Notificacion,Minuto Notificacion,Hora Llegada,Minuto Llegada,Decesos,Fecha,PersonaVehiculo
12,Florida,122084,0,0,2,0,93,OKEECHOBEE (93),0,NO APLICA,8,Agosto,12,2022,21,24,SR-91 FLORIDA TURNPIKE SB MM,3,Highway estatal,Rural,Arterial Principal -Freeway o ExpressWay,State Highway Agency,1,Sin jurisdiccion especial,99998,27.58306389,-80.80656944,Vehiculo en movimiento,Frente a Detrás,Not an Intersection,No fue interseccion,Sobre calle,Ninguna,Oscuro sin iluminacion,Despejado,No,NO APLICA,99,99,99,99,1,12/08/2022,2
12,Florida,122085,0,0,2,0,71,LEE (71),0,NO APLICA,8,Agosto,15,2022,17,25,E 2ND ST,9,Desconocido,Rural,Local,Not Reported,0,Sin jurisdiccion especial,99998,26.60687222,-81.59731111,Vehiculo en movimiento,Angulo,Not an Intersection,No fue interseccion,Sobre calle,Ninguna,Dia total,Despejado,No,NO APLICA,99,99,99,99,1,15/08/2022,2
12,Florida,122086,0,0,3,0,9,BREVARD (9),2424,PALM BAY,7,Julio,27,2022,8,6,US-1,2,US Highway,Urbano,Arteria Principal,State Highway Agency,0,Sin jurisdiccion especial,99998,28.18141667,-80.65187222,Vehiculo en movimiento,Angulo,Not an Intersection,No fue interseccion,Sobre calle,Ninguna,Dia total,Despejado,No,NO APLICA,99,99,99,99,1,27/07/2022,3
12,Florida,122087,0,0,2,0,61,INDIAN RIVER (61),0,NO APLICA,8,Agosto,17,2022,6,43,US-1,2,US Highway,Urbano,Arteria Principal,State Highway Agency,1,Sin jurisdiccion especial,99998,27.67495,-80.40757222,Vehiculo en movimiento,Angulo,Four-Way Intersection,Interseccion de 4 direcciones,Sobre calle,Ninguna,Dia total,Despejado,No,NO APLICA,99,99,99,99,1,17/08/2022,2
12,Florida,122088,0,0,1,0,51,HENDRY (51),0,NO APLICA,8,Agosto,13,2022,1,51,CR-835,4,Calle del Condado,Rural,Colector Menor,Not Reported,0,Sin jurisdiccion especial,99998,26.65341111,-80.90248889,Banqueta,El primer evento no fue una colision con un vehiculo automotor en transporte,Y-Intersection,Interseccion de Y,Sobre el lado de la calle,Ninguna,Oscuro sin iluminacion,Nublado,No,NO APLICA,99,99,99,99,2,13/08/2022,2
12,Florida,122089,0,0,2,0,31,DUVAL (31),1510,JACKSONVILLE,7,Julio,30,2022,19,48,SR-134,3,Highway estatal,Urbano,Arteria Menor,State Highway Agency,0,Sin jurisdiccion especial,99998,30.24839722,-81.73899722,Vehiculo en movimiento,Angulo,Four-Way Intersection,Interseccion de 4 direcciones,Sobre calle,Ninguna,Dia total,Despejado,No,NO APLICA,99,99,99,99,2,30/07/2022,5
12,Florida,122090,0,0,2,0,107,PUTNAM (107),2420,PALATKA,8,Agosto,14,2022,13,19,SR-19,3,Highway estatal,Urbano,Arteria Menor,Not Reported,0,Sin jurisdiccion especial,99998,29.64452222,-81.67503056,Vehiculo en movimiento,Angulo,Not an Intersection,No fue interseccion,Sobre calle,Ninguna,Dia total,Despejado,No,NO APLICA,99,99,99,99,1,14/08/2022,2
12,Florida,122091,0,0,2,0,107,PUTNAM (107),0,NO APLICA,8,Agosto,18,2022,11,17,US-17,2,US Highway,Rural,Arteria Principal,State Highway Agency,1,Sin jurisdiccion especial,99998,29.45303889,-81.51501667,Volcadura,El primer evento no fue una colision con un vehiculo automotor en transporte,Not an Intersection,No fue interseccion,Sobre calle,Ninguna,Dia total,Despejado,No,NO APLICA,99,99,99,99,1,18/08/2022,3
12,Florida,122092,1,1,1,0,115,SARASOTA (115),0,NO APLICA,8,Agosto,16,2022,16,18,E BAY ST,6,Calle Local Municipalidad,Urbano,Local,City or Municipal Highway Agency,0,Sin jurisdiccion especial,99998,27.19628056,-82.4821,Ciclista,El primer evento no fue una colision con un vehiculo automotor en transporte,T-Intersection,Interseccion de T,Sobre calle,Ninguna,Dia total,Nublado,No,NO APLICA,99,99,99,99,1,16/08/2022,1
12,Florida,122093,1,1,1,0,86,MIAMI-DADE (86),2330,OPA-LOCKA,8,Agosto,21,2022,22,5,ORIENTAL BLVD,6,Calle Local Municipalidad,Urbano,Colector Mayor,City or Municipal Highway Agency,0,Sin jurisdiccion especial,99998,25.91138889,-80.25606389,Ciclista,El primer evento no fue una colision con un vehiculo automotor en transporte,Not an Intersection,No fue interseccion,Sobre calle,Ninguna,Oscuro con iluminacion,Despejado,No,NO APLICA,99,99,99,99,1,21/08/2022,3
12,Florida,122094,0,0,2,0,101,PASCO (101),3330,ZEPHYRHILLS,8,Agosto,6,2022,21,50,US-301,2,US Highway,Urbano,Arteria Principal,State Highway Agency,1,Sin jurisdiccion especial,99998,28.24823889,-82.18933056,Vehiculo en movimiento,Frente a frente,Four-Way Intersection,Interseccion de 4 direcciones,Sobre calle,Ninguna,Oscuro con iluminacion,Despejado,No,NO APLICA,99,99,99,99,1,06/08/2022,2
12,Florida,122095,1,1,1,0,57,HILLSBOROUGH (57),2950,TAMPA,8,Agosto,20,2022,20,39,SR-574,3,Highway estatal,Urbano,Arteria Principal,State Highway Agency,1,Sin jurisdiccion especial,99998,27.98155,-82.47150556,Peaton,El primer evento no fue una colision con un vehiculo automotor en transporte,Not an Intersection,No fue interseccion,Sobre calle,Ninguna,Oscuro con iluminacion,lluvia,No,NO APLICA,99,99,99,99,1,20/08/2022,1
12,Florida,122096,1,1,4,0,127,VOLUSIA (127),0,NO APLICA,8,Agosto,16,2022,5,31,US-92,2,US Highway,Rural,Arteria Principal,State Highway Agency,1,Sin jurisdiccion especial,99998,29.12174167,-81.17520278,Peaton,El primer evento no fue una colision con un vehiculo automotor en transporte,Not an Intersection,No fue interseccion,Sobre calle,Ninguna,Oscuro sin iluminacion,Despejado,No,NO APLICA,99,99,99,99,1,16/08/2022,4
12,Florida,122097,0,0,1,0,11,BROWARD (11),790,DEERFIELD BEACH,7,Julio,28,2022,21,10,I-95,1,Interestatal,Urbano,Interestatal,State Highway Agency,1,Sin jurisdiccion especial,99998,26.28063333,-80.12526667,Otro objeto (fijo),El primer evento no fue una colision con un vehiculo automotor en transporte,Not an Intersection,No fue interseccion,Separador,Ninguna,Oscuro con iluminacion,Despejado,No,NO APLICA,99,99,99,99,1,28/07/2022,1
12,Florida,122098,0,0,2,0,99,PALM BEACH (99),1750,LAKE WORTH,8,Agosto,12,2022,4,26,I-95,1,Interestatal,Urbano,Interestatal,State Highway Agency,1,Sin jurisdiccion especial,99998,26.57629722,-80.06951389,Vehiculo en movimiento,Frente a Detrás,Not an Intersection,No fue interseccion,Sobre calle,Ninguna,Oscuro con iluminacion,Despejado,No,NO APLICA,99,99,99,99,1,12/08/2022,3
12,Florida,122099,0,0,3,0,103,PINELLAS (103),0,NO APLICA,8,Agosto,20,2022,11,18,US-19,2,US Highway,Urbano,Arteria Principal,State Highway Agency,1,Sin jurisdiccion especial,99998,28.10816944,-82.73993889,Volcadura,El primer evento no fue una colision con un vehiculo automotor en transporte,Not an Intersection,No fue interseccion,Sobre calle,Ninguna,Dia total,Despejado,No,NO APLICA,99,99,99,99,2,20/08/2022,7
12,Florida,122101,0,0,3,0,99,PALM BEACH (99),0,NO APLICA,8,Agosto,20,2022,18,39,LANTANA RD,6,Calle Local Municipalidad,Urbano,Arteria Principal,City or Municipal Highway Agency,0,Sin jurisdiccion especial,99998,26.58879722,-80.11778333,Vehiculo en movimiento,Golpe Lateral - misma direccion,Not an Intersection,No fue interseccion,Sobre calle,Ninguna,Dia total,Despejado,No,NO APLICA,99,99,99,99,1,20/08/2022,5
12,Florida,122102,0,0,2,0,99,PALM BEACH (99),0,NO APLICA,8,Agosto,24,2022,1,53,SR-809,3,Highway estatal,Urbano,Arteria Principal,State Highway Agency,0,Sin jurisdiccion especial,99998,26.65154167,-80.11249444,Vehiculo en movimiento,Angulo,Four-Way Intersection,Interseccion de 4 direcciones,Sobre calle,Ninguna,Oscuro con iluminacion,Despejado,No,NO APLICA,99,99,99,99,1,24/08/2022,2
12,Florida,122103,2,2,1,0,91,OKALOOSA (91),1091,FORT WALTON BEACH,7,Julio,31,2022,0,11,US-98,2,US Highway,Urbano,Arteria Principal,State Highway Agency,1,Sin jurisdiccion especial,99998,30.40511389,-86.62259167,Peaton,El primer evento no fue una colision con un vehiculo automotor en transporte,Not an Intersection,No fue interseccion,Sobre calle,Ninguna,Oscuro con iluminacion,Despejado,No,NO APLICA,99,99,99,99,1,31/07/2022,1
12,Florida,122104,0,0,1,0,23,COLUMBIA (23),1660,LAKE CITY,8,Agosto,28,2022,5,40,US-90,2,US Highway,Urbano,Arteria Principal,State Highway Agency,1,Sin jurisdiccion especial,99998,30.18126944,-82.701525,Soporte de  señalamiento de transito,El primer evento no fue una colision con un vehiculo automotor en transporte,T-Intersection,Interseccion de T,Sobre el lado de la calle,Ninguna,Oscuro con iluminacion,Neblina o Humo,No,NO APLICA,99,99,99,99,1,28/08/2022,3
12,Florida,122105,0,0,2,0,57,HILLSBOROUGH (57),0,NO APLICA,8,Agosto,23,2022,5,57,SR-674,3,Highway estatal,Urbano,Arteria Principal,Not Reported,0,Sin jurisdiccion especial,99998,27.70456667,-82.173575,Vehiculo en movimiento,Frente a frente,Not an Intersection,No fue interseccion,Sobre calle,Ninguna,Amanecer,Despejado,No,NO APLICA,99,99,99,99,1,23/08/2022,2
12,Florida,122106,0,0,6,0,103,PINELLAS (103),0,NO APLICA,8,Agosto,9,2022,14,15,102 2ND AVE,6,Calle Local Municipalidad,Urbano,Arteria Principal,State Highway Agency,0,Sin jurisdiccion especial,99998,27.86520833,-82.77502778,Vehiculo en movimiento,Frente a Detrás,Four-Way Intersection,Interseccion de 4 direcciones,Sobre calle,Ninguna,Dia total,Nublado,No,NO APLICA,99,99,99,99,1,09/08/2022,7
12,Florida,122108,0,0,2,0,57,HILLSBOROUGH (57),2540,PLANT CITY,8,Agosto,27,2022,0,45,ALEXANDER ST,6,Calle Local Municipalidad,Urbano,Arteria Principal,State Highway Agency,0,Sin jurisdiccion especial,99998,28.00375,-82.13768889,Vehiculo en movimiento,Frente a frente,Four-Way Intersection,Interseccion de 4 direcciones,Sobre calle,Ninguna,Oscuro con iluminacion,Despejado,No,NO APLICA,99,99,99,99,1,27/08/2022,2
12,Florida,122109,1,1,1,0,57,HILLSBOROUGH (57),0,NO APLICA,5,Mayo,19,2022,10,14,NORTH BLVD,6,Calle Local Municipalidad,Urbano,Colector Mayor,Not Reported,0,Sin jurisdiccion especial,99998,28.08726111,-82.46778056,Peaton,El primer evento no fue una colision con un vehiculo automotor en transporte,Not an Intersection,No fue interseccion,Sobre el lado de la calle,Ninguna,Dia total,Despejado,No,NO APLICA,99,99,99,99,1,19/05/2022,2
12,Florida,122110,1,1,1,0,86,MIAMI-DADE (86),2010,MIAMI,5,Mayo,26,2022,23,24,80TH ST,6,Calle Local Municipalidad,Urbano,Colector Mayor,Not Reported,0,Sin jurisdiccion especial,99998,25.84865833,-80.18458889,Peaton,El primer evento no fue una colision con un vehiculo automotor en transporte,Four-Way Intersection,Interseccion de 4 direcciones,Sobre calle,Ninguna,Oscuro con iluminacion,Despejado,No,NO APLICA,99,99,99,99,1,26/05/2022,1
12,Florida,122111,0,0,1,0,103,PINELLAS (103),2530,PINELLAS PARK,5,Mayo,29,2022,21,16,BELCHER RD,6,Calle Local Municipalidad,Urbano,Arteria Menor,City or Municipal Highway Agency,0,Sin jurisdiccion especial,99998,27.86523611,-82.74107778,Arbol,El primer evento no fue una colision con un vehiculo automotor en transporte,Not an Intersection,No fue interseccion,En el medio,Ninguna,Oscuro con iluminacion,Despejado,No,NO APLICA,99,99,99,99,1,29/05/2022,1
12,Florida,122112,0,0,1,0,11,BROWARD (11),1050,FORT LAUDERDALE,6,Junio,11,2022,13,58,15TH AVE,6,Calle Local Municipalidad,Urbano,Local,Not Reported,0,Sin jurisdiccion especial,99998,26.12928056,-80.16181389,Otro objeto (fijo),El primer evento no fue una colision con un vehiculo automotor en transporte,Not an Intersection,No fue interseccion,Sobre el lado de la calle,Ninguna,Dia total,Despejado,No,NO APLICA,99,99,99,99,1,11/06/2022,2
12,Florida,122113,1,1,1,0,57,HILLSBOROUGH (57),2540,PLANT CITY,6,Junio,15,2022,22,20,WHITEHURST RD,6,Calle Local Municipalidad,Urbano,Arteria Menor,Not Reported,0,Sin jurisdiccion especial,99998,28.02109167,-82.15818333,Peaton,El primer evento no fue una colision con un vehiculo automotor en transporte,Not an Intersection,No fue interseccion,Sobre calle,Ninguna,Oscuro con iluminacion,lluvia,No,NO APLICA,99,99,99,99,1,15/06/2022,1
12,Florida,122114,0,0,2,0,61,INDIAN RIVER (61),3070,VERO BEACH,6,Junio,27,2022,11,38,US-1,2,US Highway,Urbano,Arteria Principal,State Highway Agency,1,Sin jurisdiccion especial,99998,27.65676389,-80.402625,Vehiculo en movimiento,Angulo,T-Intersection,Interseccion de T,Sobre calle,Ninguna,Dia total,Despejado,No,NO APLICA,99,99,99,99,1,27/06/2022,3
12,Florida,122115,0,0,2,0,85,MARTIN (85),2438,PALM CITY,6,Junio,22,2022,13,46,SR-76,3,Highway estatal,Urbano,Arteria Principal,State Highway Agency,0,Sin jurisdiccion especial,99998,27.11194722,-80.25713889,Vehiculo en movimiento,Angulo,Four-Way Intersection,Interseccion de 4 direcciones,Sobre calle,Ninguna,Dia total,Nublado,No,NO APLICA,99,99,99,99,1,22/06/2022,3
12,Florida,122116,0,0,1,0,11,BROWARD (11),2541,PLANTATION,6,Junio,23,2022,16,40,SR-838,3,Highway estatal,Urbano,Arteria Principal,State Highway Agency,0,Sin jurisdiccion especial,99998,26.14870278,-80.25017222,Banqueta,El primer evento no fue una colision con un vehiculo automotor en transporte,Not an Intersection,No fue interseccion,Sobre el lado de la calle,Ninguna,Dia total,Despejado,No,NO APLICA,99,99,99,99,1,23/06/2022,2
12,Florida,122117,1,1,1,0,5,BAY (5),2450,PANAMA CITY,7,Julio,1,2022,22,30,US-98,2,US Highway,Urbano,Arteria Principal,State Highway Agency,1,Sin jurisdiccion especial,99998,30.180775,-85.70781111,Ciclista,El primer evento no fue una colision con un vehiculo automotor en transporte,Not an Intersection,No fue interseccion,Sobre calle,Ninguna,Oscuro con iluminacion,Despejado,No,NO APLICA,99,99,99,99,1,01/07/2022,1
12,Florida,122118,0,0,1,0,83,MARION (83),0,NO APLICA,6,Junio,23,2022,21,53,CR-464C,4,Calle del Condado,Rural,Colector Mayor,Not Reported,0,Sin jurisdiccion especial,99998,29.079925,-81.89315556,Volcadura,El primer evento no fue una colision con un vehiculo automotor en transporte,Not an Intersection,No fue interseccion,Sobre el lado de la calle,Ninguna,Oscuro sin iluminacion,Nublado,No,NO APLICA,99,99,99,99,1,23/06/2022,1
12,Florida,122119,0,0,3,0,5,BAY (5),2451,PANAMA CITY BEACH,7,Julio,15,2022,15,33,US-98,2,US Highway,Urbano,Arteria Principal,State Highway Agency,1,Sin jurisdiccion especial,99998,30.19753333,-85.81462778,Vehiculo en movimiento,Angulo,T-Intersection,Interseccion de T,Sobre calle,Ninguna,Dia total,lluvia,No,NO APLICA,99,99,99,99,1,15/07/2022,6
12,Florida,122121,1,1,1,0,11,BROWARD (11),1782,LAUDERHILL,6,Junio,20,2022,22,30,31ST AVE,6,Calle Local Municipalidad,Urbano,Colector Mayor,Not Reported,0,Sin jurisdiccion especial,99998,26.13693056,-80.186675,Peaton,El primer evento no fue una colision con un vehiculo automotor en transporte,Not an Intersection,No fue interseccion,Sobre calle,Ninguna,Oscuro sin iluminacion,lluvia,No,NO APLICA,99,99,99,99,1,20/06/2022,1
12,Florida,122122,0,0,2,0,115,SARASOTA (115),0,NO APLICA,8,Agosto,21,2022,15,51,I-75,1,Interestatal,Rural,Interestatal,State Highway Agency,1,Sin jurisdiccion especial,99998,27.20865556,-82.44390833,Vehiculo en movimiento,Frente a Detrás,Not an Intersection,No fue interseccion,Sobre calle,Ninguna,Dia total,Despejado,No,NO APLICA,99,99,99,99,1,21/08/2022,4
12,Florida,122123,1,1,1,0,57,HILLSBOROUGH (57),2950,TAMPA,7,Julio,10,2022,19,45,SR-583,3,Highway estatal,Urbano,Arteria Menor,State Highway Agency,0,Sin jurisdiccion especial,99998,27.97217778,-82.40158056,Ciclista,El primer evento no fue una colision con un vehiculo automotor en transporte,Not an Intersection,No fue interseccion,Sobre calle,Ninguna,Dia total,Despejado,No,NO APLICA,99,99,99,99,1,10/07/2022,1
12,Florida,122124,1,1,1,0,57,HILLSBOROUGH (57),0,NO APLICA,8,Agosto,26,2022,1,5,WEST WATERS AVE,6,Calle Local Municipalidad,Urbano,Arteria Menor,County Highway Agency,0,Sin jurisdiccion especial,99998,28.02527778,-82.45937778,Peaton,El primer evento no fue una colision con un vehiculo automotor en transporte,Four-Way Intersection,Interseccion de 4 direcciones,Sobre calle,Ninguna,Oscuro con iluminacion,Nublado,No,NO APLICA,99,99,99,99,1,26/08/2022,1
12,Florida,122125,1,1,1,0,57,HILLSBOROUGH (57),2658,RIVERVIEW,8,Agosto,28,2022,20,31,PROGRESS BLVD,6,Calle Local Municipalidad,Urbano,Arteria Menor,Not Reported,0,Sin jurisdiccion especial,99998,27.893825,-82.34005278,Peaton,El primer evento no fue una colision con un vehiculo automotor en transporte,Y-Intersection,Interseccion de Y,Sobre calle,Ninguna,Oscuro sin iluminacion,Despejado,No,NO APLICA,99,99,99,99,1,28/08/2022,2
12,Florida,122126,0,0,2,0,103,PINELLAS (103),0,NO APLICA,8,Agosto,3,2022,20,45,US-19,2,US Highway,Urbano,Arteria Principal,State Highway Agency,1,Sin jurisdiccion especial,99998,28.08636111,-82.73930278,Vehiculo en movimiento,Frente a Detrás,T-Intersection,Interseccion de T,Sobre calle,Ninguna,Oscuro con iluminacion,Despejado,No,NO APLICA,99,99,99,99,1,03/08/2022,2
12,Florida,122127,0,0,1,0,86,MIAMI-DADE (86),0,NO APLICA,7,Julio,18,2022,15,13,I-95,1,Interestatal,Urbano,Interestatal,State Highway Agency,1,Sin jurisdiccion especial,99998,25.78165,-80.20008889,Poste de Señal de trafico,El primer evento no fue una colision con un vehiculo automotor en transporte,Not an Intersection,No fue interseccion,Sobre el lado de la calle,Ninguna,Dia total,Despejado,No,NO APLICA,99,99,99,99,1,18/07/2022,2
12,Florida,122128,0,0,3,0,86,MIAMI-DADE (86),0,NO APLICA,8,Agosto,1,2022,5,15,SR-826,3,Highway estatal,Urbano,Arterial Principal -Freeway o ExpressWay,State Highway Agency,1,Sin jurisdiccion especial,99998,25.768675,-80.32061111,Vehiculo en movimiento,Frente a Detrás,Not an Intersection,No fue interseccion,Sobre calle,Ninguna,Oscuro con iluminacion,Despejado,No,NO APLICA,99,99,99,99,1,01/08/2022,3
12,Florida,122129,0,0,1,0,11,BROWARD (11),1826,LIGHTHOUSE POINT,8,Agosto,26,2022,20,25,US-1,2,US Highway,Urbano,Arteria Principal,State Highway Agency,1,Sin jurisdiccion especial,99998,26.28233056,-80.09655278,Poste,El primer evento no fue una colision con un vehiculo automotor en transporte,Not an Intersection,No fue interseccion,Sobre el lado de la calle,Ninguna,Oscuro con iluminacion,Despejado,No,NO APLICA,99,99,99,99,1,26/08/2022,1
12,Florida,122130,0,0,2,0,13,CALHOUN (13),0,NO APLICA,7,Julio,31,2022,14,40,SR-73,3,Highway estatal,Rural,Colector Mayor,Town or Township Highway Agency,0,Sin jurisdiccion especial,99998,30.3815,-85.21508056,Vehiculo en movimiento,Frente a frente,Not an Intersection,No fue interseccion,Sobre calle,Ninguna,Dia total,Despejado,No,NO APLICA,99,99,99,99,2,31/07/2022,2
12,Florida,122131,0,0,1,0,9,BREVARD (9),620,COCOA,8,Agosto,25,2022,12,17,CANAVERAL GROVES BLVD,6,Calle Local Municipalidad,Urbano,Colector Mayor,Not Reported,0,Sin jurisdiccion especial,99998,28.43205556,-80.76947222,Arbol,El primer evento no fue una colision con un vehiculo automotor en transporte,Not an Intersection,No fue interseccion,"Fuera de la calle, ubicacion desconocida",Ninguna,Dia total,Nublado,No,NO APLICA,99,99,99,99,1,25/08/2022,2
12,Florida,122132,0,0,2,0,45,GULF (45),0,NO APLICA,8,Agosto,28,2022,10,35,CR-386,4,Calle del Condado,Rural,Colector Mayor,Not Reported,0,Sin jurisdiccion especial,99998,30.07099722,-85.23931389,Vehiculo en movimiento,Frente a frente,Not an Intersection,No fue interseccion,Sobre calle,Ninguna,Dia total,Despejado,No,NO APLICA,99,99,99,99,2,28/08/2022,2
12,Florida,122133,0,0,2,0,97,OSCEOLA (97),0,NO APLICA,8,Agosto,7,2022,23,20,SR-60,3,Highway estatal,Rural,Arteria Principal,Not Reported,0,Sin jurisdiccion especial,99998,27.73879167,-81.03745,Vehiculo en movimiento,Frente a frente,Not an Intersection,No fue interseccion,Sobre calle,Ninguna,Oscuro sin iluminacion,Despejado,No,NO APLICA,99,99,99,99,1,07/08/2022,2
12,Florida,122134,0,0,2,0,97,OSCEOLA (97),0,NO APLICA,8,Agosto,13,2022,9,21,SR-60,3,Highway estatal,Rural,Arteria Principal,Not Reported,0,Sin jurisdiccion especial,99998,27.7172,-80.94849167,Vehiculo en movimiento,Frente a frente,Not an Intersection,No fue interseccion,Sobre calle,Ninguna,Dia total,Despejado,No,NO APLICA,99,99,99,99,1,13/08/2022,6
12,Florida,122135,0,0,2,0,83,MARION (83),2270,OCALA,8,Agosto,17,2022,14,55,SW 66TH STREET,6,Calle Local Municipalidad,Urbano,Colector Menor,City or Municipal Highway Agency,0,Sin jurisdiccion especial,99998,29.12096667,-82.18861944,Vehiculo en movimiento,Frente a Detrás,Not an Intersection,No fue interseccion,Sobre calle,Ninguna,Dia total,lluvia,No,NO APLICA,99,99,99,99,1,17/08/2022,2
12,Florida,122136,0,0,1,0,99,PALM BEACH (99),0,NO APLICA,8,Agosto,25,2022,20,18,SIMS RD,8,Otro,Urbano,Colector Mayor,County Highway Agency,0,Sin jurisdiccion especial,99998,26.46406667,-80.13098056,Banqueta,El primer evento no fue una colision con un vehiculo automotor en transporte,Not an Intersection,No fue interseccion,Sobre el lado de la calle,Ninguna,Oscuro sin iluminacion,Despejado,No,NO APLICA,99,99,99,99,1,25/08/2022,1
12,Florida,122137,0,0,2,0,85,MARTIN (85),0,NO APLICA,8,Agosto,18,2022,10,54,CR-714,4,Calle del Condado,Rural,Colector Mayor,Not Reported,0,Sin jurisdiccion especial,99998,27.16205833,-80.55168889,Vehiculo en movimiento,Frente a frente,Not an Intersection,No fue interseccion,Sobre calle,Ninguna,Dia total,Despejado,No,NO APLICA,99,99,99,99,2,18/08/2022,2
12,Florida,122138,0,0,2,0,11,BROWARD (11),771,DAVIE,8,Agosto,17,2022,0,21,SR-91,3,Highway estatal,Urbano,Interestatal,State Highway Agency,1,Sin jurisdiccion especial,99998,26.06840833,-80.21543611,Vehiculo en movimiento,Frente a Detrás,Not an Intersection,No fue interseccion,Sobre calle,Ninguna,Oscuro con iluminacion,Despejado,No,NO APLICA,99,99,99,99,1,17/08/2022,4
12,Florida,122139,1,1,1,0,111,ST LUCIE (111),1080,FORT PIERCE,8,Agosto,29,2022,17,3,SR-70,3,Highway estatal,Urbano,Arteria Principal,State Highway Agency,1,Sin jurisdiccion especial,99998,27.42580278,-80.34452222,Peaton,El primer evento no fue una colision con un vehiculo automotor en transporte,Not an Intersection,No fue interseccion,Sobre calle,Ninguna,Dia total,Despejado,No,NO APLICA,99,99,99,99,1,29/08/2022,1
12,Florida,122140,1,1,1,0,86,MIAMI-DADE (86),2010,MIAMI,8,Agosto,29,2022,23,50,NW 22ND AVE,6,Calle Local Municipalidad,Urbano,Arteria Menor,City or Municipal Highway Agency,0,Sin jurisdiccion especial,99998,25.80360556,-80.23183611,Peaton,El primer evento no fue una colision con un vehiculo automotor en transporte,Not an Intersection,No fue interseccion,Sobre calle,Ninguna,Oscuro sin iluminacion,Despejado,No,NO APLICA,99,99,99,99,1,29/08/2022,1
12,Florida,122141,0,0,2,0,99,PALM BEACH (99),2431,PALM BEACH GARDENS,8,Agosto,23,2022,14,48,SR-811,3,Highway estatal,Urbano,Arteria Menor,Not Reported,0,Sin jurisdiccion especial,99998,26.81924722,-80.083425,Vehiculo en movimiento,Angulo,Four-Way Intersection,Interseccion de 4 direcciones,Sobre calle,Ninguna,Dia total,Nublado,No,NO APLICA,99,99,99,99,1,23/08/2022,2
12,Florida,122142,0,0,1,0,99,PALM BEACH (99),0,NO APLICA,8,Agosto,30,2022,22,46,HAVERHILL RD,6,Calle Local Municipalidad,Urbano,Arteria Menor,Not Reported,0,Sin jurisdiccion especial,99998,26.58646389,-80.12276667,Banqueta,El primer evento no fue una colision con un vehiculo automotor en transporte,Not an Intersection,No fue interseccion,Sobre el lado de la calle,Ninguna,Oscuro con iluminacion,Despejado,No,NO APLICA,99,99,99,99,1,30/08/2022,1
12,Florida,122143,1,1,1,0,71,LEE (71),457,CAPE CORAL,8,Agosto,29,2022,22,6,CAPE CORAL PKWY,6,Calle Local Municipalidad,Urbano,Arteria Menor,City or Municipal Highway Agency,0,Sin jurisdiccion especial,99998,26.56278056,-81.96644167,Peaton,El primer evento no fue una colision con un vehiculo automotor en transporte,Not an Intersection,No fue interseccion,Sobre calle,Ninguna,Oscuro con iluminacion,Despejado,No,NO APLICA,99,99,99,99,1,29/08/2022,2
12,Florida,122144,1,1,2,0,105,POLK (105),1690,LAKELAND,8,Agosto,30,2022,20,44,US-98 N,2,US Highway,Urbano,Arteria Principal,State Highway Agency,1,Sin jurisdiccion especial,99998,28.08017778,-81.96519167,Peaton,El primer evento no fue una colision con un vehiculo automotor en transporte,Four-Way Intersection,Interseccion de 4 direcciones,Sobre calle,Ninguna,Oscuro con iluminacion,Despejado,No,NO APLICA,99,99,99,99,1,30/08/2022,4
12,Florida,122145,0,0,1,0,89,NASSAU (89),0,NO APLICA,8,Agosto,28,2022,15,42,CR-108,4,Calle del Condado,Rural,Colector Mayor,Not Reported,0,Sin jurisdiccion especial,99998,30.55437222,-81.90243333,Arbol,El primer evento no fue una colision con un vehiculo automotor en transporte,Not an Intersection,No fue interseccion,Fuera de la calle,Ninguna,Dia total,lluvia,No,NO APLICA,99,99,99,99,1,28/08/2022,1
12,Florida,122146,1,1,1,0,103,PINELLAS (103),2530,PINELLAS PARK,8,Agosto,26,2022,11,15,110TH AVE N,6,Calle Local Municipalidad,Urbano,Local,City or Municipal Highway Agency,0,Sin jurisdiccion especial,99998,27.87191389,-82.70666667,Ciclista,El primer evento no fue una colision con un vehiculo automotor en transporte,Four-Way Intersection,Interseccion de 4 direcciones,Sobre calle,Ninguna,Dia total,Nublado,No,NO APLICA,99,99,99,99,1,26/08/2022,2
12,Florida,122147,1,1,2,0,99,PALM BEACH (99),0,NO APLICA,8,Agosto,24,2022,23,4,S CONGRESS AVE,6,Calle Local Municipalidad,Urbano,Arteria Principal,Not Reported,0,Sin jurisdiccion especial,99998,26.60915833,-80.08941667,Peaton,El primer evento no fue una colision con un vehiculo automotor en transporte,Not an Intersection,No fue interseccion,Sobre calle,Ninguna,Oscuro - iluminacion desconocida,Despejado,No,NO APLICA,99,99,99,99,1,24/08/2022,3