Estado,Nombre de Estado,Numero de Caso,Peatones,Personas _no_vehiculos,Vehiculos automotores,Vehiculos estacionados,Condado,Nombre Condado,Ciudad,Nombre Ciudad,Mes,Nombre Mes,Dia,Año,Hora,Minuto,Calle,Ruta,Nombre Ruta,Rural o Urbanoo,Sistema Funcional,Dueño Calle,Sistema Nacional Carreteras,Jurisdiccion Especial,Milla,Latitud,Longitud,Causa del Accidente,Tipo de Accidente,Tipo Interseccion,Columna1,Lugar en la calle,Zona de Trabajo,Luz,Clima,Autobus Escolar,Cruce de Trenes,Hora Notificacion,Minuto Notificacion,Hora Llegada,Minuto Llegada,Decesos,Fecha,PersonaVehiculo
12,Florida,122148,0,0,2,0,99,PALM BEACH (99),0,NO APLICA,8,Agosto,26,2022,2,9,18TH ST,6,Calle Local Municipalidad,Urbano,Colector Mayor,Not Reported,0,Sin jurisdiccion especial,99998,26.33158333,-80.17085,Vehiculo en movimiento,Frente a Detrás,Not an Intersection,No fue interseccion,Sobre calle,Ninguna,Oscuro sin iluminacion,Despejado,No,NO APLICA,99,99,99,99,1,26/08/2022,2
12,Florida,122149,0,0,1,0,15,CHARLOTTE (15),2620,PUNTA GORDA,8,Agosto,28,2022,21,24,MARY ST,6,Calle Local Municipalidad,Urbano,Local,Not Reported,0,Sin jurisdiccion especial,99998,26.93533611,-82.04008056,Otro objeto (fijo),El primer evento no fue una colision con un vehiculo automotor en transporte,T-Intersection,Interseccion de T,Sobre el lado de la calle,Ninguna,Oscuro con iluminacion,Despejado,No,NO APLICA,99,99,99,99,1,28/08/2022,1
12,Florida,122150,0,0,2,0,57,HILLSBOROUGH (57),2950,TAMPA,8,Agosto,29,2022,13,20,US-41,2,US Highway,Urbano,Arteria Principal,State Highway Agency,1,Sin jurisdiccion especial,99998,27.96176389,-82.40175,Volcadura,El primer evento no fue una colision con un vehiculo automotor en transporte,Four-Way Intersection,Interseccion de 4 direcciones,Sobre calle,Ninguna,Dia total,Nublado,No,NO APLICA,99,99,99,99,1,29/08/2022,2
12,Florida,122151,0,0,1,0,1,ALACHUA (1),0,NO APLICA,8,Agosto,26,2022,17,0,I-75,1,Interestatal,Rural,Interestatal,State Highway Agency,1,Sin jurisdiccion especial,99998,29.57236111,-82.35226944,Arbol,El primer evento no fue una colision con un vehiculo automotor en transporte,Not an Intersection,No fue interseccion,Sobre el lado de la calle,Ninguna,Dia total,Nublado,No,NO APLICA,99,99,99,99,2,26/08/2022,2
12,Florida,122152,1,1,1,0,3,BAKER (3),0,NO APLICA,8,Agosto,23,2022,23,30,CR-139,4,Calle del Condado,Rural,Local,County Highway Agency,0,Sin jurisdiccion especial,99998,30.2801,-82.21253889,Peaton,El primer evento no fue una colision con un vehiculo automotor en transporte,Not an Intersection,No fue interseccion,Sobre calle,Ninguna,Oscuro sin iluminacion,Despejado,No,NO APLICA,99,99,99,99,1,23/08/2022,1
12,Florida,122153,0,0,1,0,11,BROWARD (11),760,DANIA BEACH,8,Agosto,17,2022,14,20,I-95,1,Interestatal,Urbano,Interestatal,State Highway Agency,1,Sin jurisdiccion especial,99998,26.06286944,-80.16416111,Poste o otros soportes,El primer evento no fue una colision con un vehiculo automotor en transporte,Not an Intersection,No fue interseccion,Sobre el lado de la calle,"Zona de trabajo, tipo desconocido",Dia total,Despejado,No,NO APLICA,99,99,99,99,1,17/08/2022,1
12,Florida,122154,0,0,2,0,35,FLAGLER (35),0,NO APLICA,8,Agosto,27,2022,3,41,US-1,2,US Highway,Urbano,Arteria Principal,State Highway Agency,1,Sin jurisdiccion especial,99998,29.36362778,-81.16836111,Vehiculo en movimiento,Frente a frente,Not an Intersection,No fue interseccion,Sobre calle,Ninguna,Oscuro sin iluminacion,Despejado,No,NO APLICA,99,99,99,99,1,27/08/2022,3
12,Florida,122155,0,0,2,0,101,PASCO (101),0,NO APLICA,7,Julio,26,2022,13,5,CR-581,4,Calle del Condado,Rural,Colector Mayor,County Highway Agency,0,Sin jurisdiccion especial,99998,28.40835556,-82.37156944,Vehiculo en movimiento,Golpe Lateral - direccion contraria,Not an Intersection,No fue interseccion,Sobre calle,Ninguna,Dia total,Despejado,No,NO APLICA,99,99,99,99,1,26/07/2022,2
12,Florida,122156,1,1,1,0,103,PINELLAS (103),0,NO APLICA,8,Agosto,21,2022,17,34,US-19,2,US Highway,Urbano,Arteria Principal,State Highway Agency,1,Sin jurisdiccion especial,99998,28.11713889,-82.73978889,Ciclista,El primer evento no fue una colision con un vehiculo automotor en transporte,Not an Intersection,No fue interseccion,"Fuera de la calle, ubicacion desconocida",Ninguna,Dia total,Despejado,No,NO APLICA,99,99,99,99,1,21/08/2022,2
12,Florida,122157,0,0,2,0,19,CLAY (19),0,NO APLICA,8,Agosto,22,2022,18,49,US-301,2,US Highway,Rural,Arteria Principal,State Highway Agency,1,Sin jurisdiccion especial,99998,30.13839722,-82.03798056,Zanja,El primer evento no fue una colision con un vehiculo automotor en transporte,Not an Intersection,No fue interseccion,En el medio,Ninguna,Dia total,Nublado,No,NO APLICA,99,99,99,99,1,22/08/2022,4
12,Florida,122158,1,1,1,0,71,LEE (71),0,NO APLICA,8,Agosto,28,2022,0,50,BAYLINE DR,9,Desconocido,Rural,Local,Not Reported,0,Sin jurisdiccion especial,99998,26.68203056,-81.87805278,Peaton,El primer evento no fue una colision con un vehiculo automotor en transporte,Not an Intersection,No fue interseccion,Sobre calle,Ninguna,Oscuro con iluminacion,Despejado,No,NO APLICA,99,99,99,99,1,28/08/2022,1
12,Florida,122159,0,0,2,0,95,ORANGE (95),0,NO APLICA,8,Agosto,28,2022,18,5,WEST WETHERBEE ROAD,6,Calle Local Municipalidad,Urbano,Colector Mayor,Not Reported,0,Sin jurisdiccion especial,99998,28.38868889,-81.39818056,Vehiculo en movimiento,Angulo,Four-Way Intersection,Interseccion de 4 direcciones,Sobre calle,Ninguna,Dia total,Nublado,No,NO APLICA,99,99,99,99,1,28/08/2022,2
12,Florida,122160,1,1,6,2,57,HILLSBOROUGH (57),0,NO APLICA,8,Agosto,18,2022,8,24,I-75,1,Interestatal,Urbano,Interestatal,State Highway Agency,1,Sin jurisdiccion especial,99998,28.11857778,-82.37319444,Vehiculo en movimiento,Angulo,Not an Intersection,No fue interseccion,Sobre calle,Ninguna,Dia total,Despejado,No,NO APLICA,99,99,99,99,1,18/08/2022,5
12,Florida,122161,0,0,2,0,5,BAY (5),0,NO APLICA,8,Agosto,30,2022,14,5,US-231,2,US Highway,Urbano,Arteria Principal,State Highway Agency,1,Sin jurisdiccion especial,99998,30.22521111,-85.59028889,Vehiculo en movimiento,Angulo,T-Intersection,Interseccion de T,Sobre calle,Ninguna,Dia total,Despejado,No,NO APLICA,99,99,99,99,1,30/08/2022,2
12,Florida,122162,2,2,2,1,89,NASSAU (89),0,NO APLICA,8,Agosto,28,2022,0,1,SR-200,3,Highway estatal,Rural,Arteria Principal,State Highway Agency,1,Sin jurisdiccion especial,99998,30.61511944,-81.70086111,Vehiculo Aparcado,El primer evento no fue una colision con un vehiculo automotor en transporte,Not an Intersection,No fue interseccion,Sobre calle,Ninguna,Oscuro sin iluminacion,Nublado,No,NO APLICA,99,99,99,99,1,28/08/2022,1
12,Florida,122163,0,0,1,0,19,CLAY (19),0,NO APLICA,8,Agosto,23,2022,1,30,US-17,2,US Highway,Urbano,Arteria Principal,State Highway Agency,1,Sin jurisdiccion especial,99998,30.10760556,-81.70520833,Arbol,El primer evento no fue una colision con un vehiculo automotor en transporte,Not an Intersection,No fue interseccion,Sobre el lado de la calle,Ninguna,Oscuro con iluminacion,Despejado,No,NO APLICA,99,99,99,99,1,23/08/2022,1
12,Florida,122164,0,0,1,0,57,HILLSBOROUGH (57),0,NO APLICA,8,Agosto,27,2022,16,22,US-41,2,US Highway,Urbano,Arteria Principal,State Highway Agency,1,Sin jurisdiccion especial,99998,27.89373889,-82.40176944,Volcadura,El primer evento no fue una colision con un vehiculo automotor en transporte,Not an Intersection,No fue interseccion,En el medio,Ninguna,Dia total,Nublado,No,NO APLICA,99,99,99,99,1,27/08/2022,1
12,Florida,122165,0,0,2,0,31,DUVAL (31),1510,JACKSONVILLE,8,Agosto,25,2022,20,50,SR-115,3,Highway estatal,Urbano,Arteria Principal,State Highway Agency,0,Sin jurisdiccion especial,99998,30.2183,-81.55189722,Vehiculo en movimiento,Frente a frente,Four-Way Intersection,Interseccion de 4 direcciones,Sobre calle,Ninguna,Oscuro con iluminacion,Despejado,No,NO APLICA,99,99,99,99,1,25/08/2022,3
12,Florida,122166,1,1,1,0,99,PALM BEACH (99),2446,PALM SPRINGS,8,Agosto,22,2022,23,10,2ND AVE N,6,Calle Local Municipalidad,Urbano,Colector Mayor,City or Municipal Highway Agency,0,Sin jurisdiccion especial,99998,26.61948889,-80.09193889,Peaton,El primer evento no fue una colision con un vehiculo automotor en transporte,Not an Intersection,No fue interseccion,Sobre calle,Ninguna,Oscuro sin iluminacion,Despejado,No,NO APLICA,99,99,99,99,1,22/08/2022,2
12,Florida,122167,0,0,2,0,11,BROWARD (11),633,COCONUT CREEK,8,Agosto,14,2022,3,59,SR-834,3,Highway estatal,Urbano,Arteria Principal,State Highway Agency,0,Sin jurisdiccion especial,99998,26.27387222,-80.18029167,Vehiculo en movimiento,Angulo,Not an Intersection,No fue interseccion,Sobre calle,Ninguna,Oscuro con iluminacion,Despejado,No,NO APLICA,99,99,99,99,1,14/08/2022,2
12,Florida,122168,0,0,3,0,11,BROWARD (11),2260,OAKLAND PARK,8,Agosto,28,2022,5,56,SR-816,3,Highway estatal,Urbano,Arteria Principal,Not Reported,0,Sin jurisdiccion especial,99998,26.16614167,-80.15458056,Vehiculo en movimiento,Angulo,Four-Way Intersection,Interseccion de 4 direcciones,Sobre calle,Ninguna,Oscuro con iluminacion,Despejado,No,NO APLICA,99,99,99,99,1,28/08/2022,8
12,Florida,122169,0,0,1,0,11,BROWARD (11),0,NO APLICA,8,Agosto,23,2022,5,37,US-27,2,US Highway,Rural,Arteria Principal,State Highway Agency,1,Sin jurisdiccion especial,99998,26.2597,-80.47966944,Volcadura,El primer evento no fue una colision con un vehiculo automotor en transporte,Not an Intersection,No fue interseccion,En el medio,"Zona de trabajo, tipo desconocido",Oscuro sin iluminacion,Despejado,No,NO APLICA,99,99,99,99,1,23/08/2022,1
12,Florida,122170,0,0,1,0,21,COLLIER (21),0,NO APLICA,8,Agosto,25,2022,0,0,25TH AVE NE,9,Desconocido,Rural,Local,Not Reported,0,Sin jurisdiccion especial,99998,26.27925833,-81.60132222,Immersion total o parcial,El primer evento no fue una colision con un vehiculo automotor en transporte,Not an Intersection,No fue interseccion,"Fuera de la calle, ubicacion desconocida",Ninguna,Oscuro - iluminacion desconocida,No reportado,No,NO APLICA,99,99,99,99,1,25/08/2022,1
12,Florida,122171,0,0,1,0,21,COLLIER (21),0,NO APLICA,8,Agosto,30,2022,3,8,SANTA BARBARA BOULEVARD,6,Calle Local Municipalidad,Urbano,Colector Mayor,State Highway Agency,0,Sin jurisdiccion especial,99998,26.14443889,-81.71826111,Soporte de  señalamiento de transito,El primer evento no fue una colision con un vehiculo automotor en transporte,Not an Intersection,No fue interseccion,Sobre el lado de la calle,"Zona de trabajo, tipo desconocido",Oscuro con iluminacion,lluvia,No,NO APLICA,99,99,99,99,1,30/08/2022,1
12,Florida,122172,0,0,3,0,103,PINELLAS (103),2530,PINELLAS PARK,8,Agosto,28,2022,21,41,BRYAN DAIRY RD,6,Calle Local Municipalidad,Urbano,Arteria Principal,Not Reported,0,Sin jurisdiccion especial,99998,27.87221667,-82.73990833,Vehiculo en movimiento,Frente a frente,Not an Intersection,No fue interseccion,Sobre calle,Ninguna,Oscuro con iluminacion,lluvia,No,NO APLICA,99,99,99,99,2,28/08/2022,4
12,Florida,122173,0,0,2,0,86,MIAMI-DADE (86),0,NO APLICA,8,Agosto,2,2022,23,45,127TH AVE,6,Calle Local Municipalidad,Rural,Colector Mayor,State Highway Agency,0,Sin jurisdiccion especial,99998,25.77544167,-80.40097222,Vehiculo en movimiento,Angulo,T-Intersection,Interseccion de T,Sobre calle,Ninguna,Oscuro con iluminacion,Despejado,No,NO APLICA,99,99,99,99,1,02/08/2022,2
12,Florida,122174,1,1,1,0,71,LEE (71),0,NO APLICA,8,Agosto,28,2022,20,41,SR-80,3,Highway estatal,Urbano,Arteria Principal,State Highway Agency,1,Sin jurisdiccion especial,99998,26.675925,-81.81338889,Peaton,El primer evento no fue una colision con un vehiculo automotor en transporte,T-Intersection,Interseccion de T,Sobre calle,Ninguna,Oscuro sin iluminacion,lluvia,No,NO APLICA,99,99,99,99,1,28/08/2022,2
12,Florida,122175,1,1,1,0,101,PASCO (101),3330,ZEPHYRHILLS,9,Septiembre,3,2022,0,20,GEIGER RD,9,Desconocido,Urbano,Colector Menor,City or Municipal Highway Agency,0,Sin jurisdiccion especial,99998,28.24461667,-82.19526111,Peaton,El primer evento no fue una colision con un vehiculo automotor en transporte,Not an Intersection,No fue interseccion,Sobre calle,Ninguna,Oscuro - iluminacion desconocida,lluvia,No,NO APLICA,99,99,99,99,1,03/09/2022,1
12,Florida,122176,0,0,1,0,11,BROWARD (11),2219,NORTH LAUDERDALE,9,Septiembre,3,2022,0,10,W MCNAB RD,6,Calle Local Municipalidad,Urbano,Arteria Principal,Not Reported,0,Sin jurisdiccion especial,99998,26.20843889,-80.28072222,Poste,El primer evento no fue una colision con un vehiculo automotor en transporte,Not an Intersection,No fue interseccion,Sobre el lado de la calle,Ninguna,Oscuro sin iluminacion,Despejado,No,NO APLICA,99,99,99,99,1,03/09/2022,2
12,Florida,122177,1,1,1,0,103,PINELLAS (103),0,NO APLICA,9,Septiembre,3,2022,2,2,US-19,2,US Highway,Urbano,Arteria Menor,State Highway Agency,0,Sin jurisdiccion especial,99998,28.10686944,-82.76863611,Peaton,El primer evento no fue una colision con un vehiculo automotor en transporte,Not an Intersection,No fue interseccion,Sobre calle,Ninguna,Oscuro sin iluminacion,Despejado,No,NO APLICA,99,99,99,99,1,03/09/2022,1
12,Florida,122178,1,1,1,0,86,MIAMI-DADE (86),0,NO APLICA,8,Agosto,20,2022,21,31,SR-934,3,Highway estatal,Urbano,Arteria Menor,Not Reported,0,Sin jurisdiccion especial,99998,25.846475,-80.22418889,Peaton,El primer evento no fue una colision con un vehiculo automotor en transporte,Not an Intersection,No fue interseccion,Sobre calle,Ninguna,Oscuro con iluminacion,Despejado,No,NO APLICA,99,99,99,99,1,20/08/2022,1
12,Florida,122179,0,0,1,0,127,VOLUSIA (127),2375,ORMOND BEACH,9,Septiembre,3,2022,22,2,US-1,2,US Highway,Urbano,Arteria Principal,Not Reported,1,Sin jurisdiccion especial,99998,29.31930833,-81.10908889,Animal vivo,El primer evento no fue una colision con un vehiculo automotor en transporte,Not an Intersection,No fue interseccion,Sobre calle,Ninguna,Oscuro sin iluminacion,Despejado,No,NO APLICA,99,99,99,99,1,03/09/2022,1
12,Florida,122180,0,0,1,0,97,OSCEOLA (97),0,NO APLICA,8,Agosto,10,2022,6,4,I-4 RAMP,1,Interestatal,Urbano,Interestatal,State Highway Agency,1,Sin jurisdiccion especial,99998,28.34401944,-81.53636111,Valla Ferrocarril,El primer evento no fue una colision con un vehiculo automotor en transporte,Not an Intersection,No fue interseccion,Sobre el lado de la calle,Ninguna,Amanecer,Despejado,No,NO APLICA,99,99,99,99,1,10/08/2022,1
12,Florida,122181,0,0,2,0,69,LAKE (69),0,NO APLICA,8,Agosto,12,2022,14,37,CR-48,4,Calle del Condado,Urbano,Colector Mayor,Not Reported,0,Sin jurisdiccion especial,99998,28.74033056,-81.89624167,Vehiculo en movimiento,Angulo,T-Intersection,Interseccion de T,Sobre calle,Ninguna,Dia total,Nublado,No,NO APLICA,99,99,99,99,1,12/08/2022,3
12,Florida,122182,0,0,2,1,33,ESCAMBIA (33),2490,PENSACOLA,8,Agosto,26,2022,16,39,US-90,2,US Highway,Urbano,Arteria Principal,State Highway Agency,1,Sin jurisdiccion especial,99998,30.42508333,-87.17931944,Banqueta,El primer evento no fue una colision con un vehiculo automotor en transporte,T-Intersection,Interseccion de T,Sobre el lado de la calle,Ninguna,Dia total,Despejado,No,NO APLICA,99,99,99,99,1,26/08/2022,1
12,Florida,122183,0,0,1,0,71,LEE (71),312,BONITA SPRINGS,9,Septiembre,4,2022,16,27,IMPERIAL PKWY,6,Calle Local Municipalidad,Urbano,Arteria Menor,Not Reported,0,Sin jurisdiccion especial,99998,26.35208611,-81.763925,Banqueta,El primer evento no fue una colision con un vehiculo automotor en transporte,Not an Intersection,No fue interseccion,En el medio,Ninguna,Dia total,Despejado,No,NO APLICA,99,99,99,99,1,04/09/2022,1
12,Florida,122184,0,0,1,0,71,LEE (71),0,NO APLICA,9,Septiembre,3,2022,22,25,53RD ST W,8,Otro,Rural,Local,Not Reported,0,Sin jurisdiccion especial,99998,26.66446667,-81.66559167,Buzon de correo,El primer evento no fue una colision con un vehiculo automotor en transporte,Not an Intersection,No fue interseccion,Sobre el lado de la calle,Ninguna,Oscuro sin iluminacion,Despejado,No,NO APLICA,99,99,99,99,1,03/09/2022,3
12,Florida,122185,1,1,1,0,57,HILLSBOROUGH (57),2950,TAMPA,8,Agosto,26,2022,14,25,SR-582,3,Highway estatal,Urbano,Arteria Principal,State Highway Agency,1,Sin jurisdiccion especial,99998,28.05451667,-82.43243889,Ciclista,El primer evento no fue una colision con un vehiculo automotor en transporte,Not an Intersection,No fue interseccion,Sobre calle,Ninguna,Dia total,lluvia,No,NO APLICA,99,99,99,99,1,26/08/2022,1
12,Florida,122186,1,1,2,0,115,SARASOTA (115),2235,NORTH PORT,9,Septiembre,2,2022,15,57,US-41,2,US Highway,Urbano,Arteria Principal,State Highway Agency,1,Sin jurisdiccion especial,99998,27.049375,-82.32083333,Ciclista,El primer evento no fue una colision con un vehiculo automotor en transporte,Four-Way Intersection,Interseccion de 4 direcciones,Sobre calle,Ninguna,Dia total,Despejado,No,NO APLICA,99,99,99,99,1,02/09/2022,3
12,Florida,122187,0,0,1,0,11,BROWARD (11),0,NO APLICA,8,Agosto,26,2022,18,45,US-27,2,US Highway,Rural,Arteria Principal,State Highway Agency,1,Sin jurisdiccion especial,99998,26.18485,-80.45081111,Otro objeto (no fijo),El primer evento no fue una colision con un vehiculo automotor en transporte,Not an Intersection,No fue interseccion,En el medio,"Zona de trabajo, tipo desconocido",Dia total,Despejado,No,NO APLICA,99,99,99,99,1,26/08/2022,1
12,Florida,122188,1,1,1,0,86,MIAMI-DADE (86),0,NO APLICA,8,Agosto,31,2022,20,45,SR-94,3,Highway estatal,Rural,Arterial Principal -Freeway o ExpressWay,State Highway Agency,1,Sin jurisdiccion especial,99998,25.68683889,-80.36683611,Peaton,El primer evento no fue una colision con un vehiculo automotor en transporte,Not an Intersection,No fue interseccion,Sobre calle,Ninguna,Oscuro sin iluminacion,Despejado,No,NO APLICA,99,99,99,99,1,31/08/2022,1
12,Florida,122189,0,0,2,0,95,ORANGE (95),0,NO APLICA,8,Agosto,25,2022,6,25,CR-423,4,Calle del Condado,Urbano,Arteria Principal,Not Reported,0,Sin jurisdiccion especial,99998,28.47730833,-81.417575,Vehiculo en movimiento,Angulo,Not an Intersection,No fue interseccion,Sobre calle,Ninguna,Oscuro sin iluminacion,Despejado,No,NO APLICA,99,99,99,99,1,25/08/2022,2
12,Florida,122190,1,1,1,0,103,PINELLAS (103),570,CLEARWATER,8,Agosto,16,2022,14,55,JONES ST,6,Calle Local Municipalidad,Urbano,Local,City or Municipal Highway Agency,0,Sin jurisdiccion especial,99998,27.96905833,-82.79593056,Ciclista,El primer evento no fue una colision con un vehiculo automotor en transporte,Four-Way Intersection,Interseccion de 4 direcciones,Sobre calle,Ninguna,Dia total,Despejado,No,NO APLICA,99,99,99,99,1,16/08/2022,2
12,Florida,122191,0,0,2,0,21,COLLIER (21),0,NO APLICA,8,Agosto,23,2022,2,40,SR-29 S,3,Highway estatal,Rural,Arteria Principal,Not Reported,0,Sin jurisdiccion especial,99998,26.39018056,-81.37718611,Vehiculo en movimiento,Frente a frente,Not an Intersection,No fue interseccion,Sobre calle,Ninguna,Oscuro sin iluminacion,Despejado,No,NO APLICA,99,99,99,99,1,23/08/2022,4
12,Florida,122192,1,1,1,0,103,PINELLAS (103),0,NO APLICA,8,Agosto,26,2022,6,44,CR-464,4,Calle del Condado,Urbano,Arteria Menor,County Highway Agency,0,Sin jurisdiccion especial,99998,27.93842778,-82.73568056,Peaton,El primer evento no fue una colision con un vehiculo automotor en transporte,Not an Intersection,No fue interseccion,Sobre calle,Ninguna,Amanecer,Despejado,No,NO APLICA,99,99,99,99,1,26/08/2022,1
12,Florida,122193,0,0,1,0,86,MIAMI-DADE (86),2441,PALMETTO BAY,8,Agosto,27,2022,5,44,OLD CUTLER RD,6,Calle Local Municipalidad,Urbano,Arteria Menor,Not Reported,0,Sin jurisdiccion especial,99998,25.64332778,-80.30497222,Arbol,El primer evento no fue una colision con un vehiculo automotor en transporte,Not an Intersection,No fue interseccion,Sobre el lado de la calle,Ninguna,Oscuro sin iluminacion,Despejado,No,NO APLICA,99,99,99,99,1,27/08/2022,1
12,Florida,122194,0,0,4,0,101,PASCO (101),0,NO APLICA,8,Agosto,10,2022,14,55,SR-52,3,Highway estatal,Urbano,Arteria Principal,State Highway Agency,1,Sin jurisdiccion especial,99998,28.33091111,-82.64971111,Vehiculo en movimiento,Angulo,Four-Way Intersection,Interseccion de 4 direcciones,Sobre calle,Ninguna,Dia total,Despejado,No,NO APLICA,99,99,99,99,1,10/08/2022,5
12,Florida,122196,0,0,2,0,11,BROWARD (11),771,DAVIE,9,Septiembre,5,2022,0,49,US-441,2,US Highway,Urbano,Arteria Principal,Not Reported,1,Sin jurisdiccion especial,99998,26.2826,-80.20180278,Vehiculo en movimiento,Frente a Detrás,Not an Intersection,No fue interseccion,Sobre calle,Ninguna,Oscuro con iluminacion,Despejado,No,NO APLICA,99,99,99,99,1,05/09/2022,3
12,Florida,122197,0,0,1,0,111,ST LUCIE (111),0,NO APLICA,8,Agosto,15,2022,9,7,INDRIO RD,9,Desconocido,Rural,Local,Not Reported,0,Sin jurisdiccion especial,99998,27.52075,-80.35288889,Immersion total o parcial,El primer evento no fue una colision con un vehiculo automotor en transporte,T-Intersection,Interseccion de T,"Fuera de la calle, ubicacion desconocida",Ninguna,Dia total,Despejado,No,NO APLICA,99,99,99,99,1,15/08/2022,1
12,Florida,122198,1,1,1,0,86,MIAMI-DADE (86),2010,MIAMI,9,Septiembre,3,2022,1,18,NW 62ND ST,6,Calle Local Municipalidad,Urbano,Arteria Menor,City or Municipal Highway Agency,0,Sin jurisdiccion especial,99998,25.83173889,-80.22315556,Peaton,El primer evento no fue una colision con un vehiculo automotor en transporte,Four-Way Intersection,Interseccion de 4 direcciones,Sobre calle,Ninguna,Oscuro sin iluminacion,Despejado,No,NO APLICA,99,99,99,99,1,03/09/2022,2
12,Florida,122199,0,0,1,0,117,SEMINOLE (117),1705,LAKE MARY,9,Septiembre,2,2022,0,0,I-4,1,Interestatal,Urbano,Interestatal,State Highway Agency,1,Sin jurisdiccion especial,99998,28.73891944,-81.36920833,Arbol,El primer evento no fue una colision con un vehiculo automotor en transporte,Not an Intersection,No fue interseccion,Sobre el lado de la calle,Ninguna,Oscuro sin iluminacion,Nublado,No,NO APLICA,99,99,99,99,1,02/09/2022,1
12,Florida,122200,1,1,1,0,103,PINELLAS (103),2806,SEMINOLE,8,Agosto,26,2022,5,55,STARKEY RD,6,Calle Local Municipalidad,Urbano,Arteria Menor,City or Municipal Highway Agency,0,Sin jurisdiccion especial,99998,27.84104722,-82.76226111,Peaton,El primer evento no fue una colision con un vehiculo automotor en transporte,Not an Intersection,No fue interseccion,Sobre calle,Ninguna,Oscuro sin iluminacion,Despejado,No,NO APLICA,99,99,99,99,1,26/08/2022,3
12,Florida,122201,1,1,1,0,97,OSCEOLA (97),0,NO APLICA,8,Agosto,13,2022,21,30,SIMPSON ROAD,9,Desconocido,Urbano,Arteria Menor,City or Municipal Highway Agency,0,Sin jurisdiccion especial,99998,28.29862778,-81.35081944,Peaton,El primer evento no fue una colision con un vehiculo automotor en transporte,T-Intersection,Interseccion de T,Sobre calle,Ninguna,Oscuro con iluminacion,lluvia,No,NO APLICA,99,99,99,99,1,13/08/2022,1
12,Florida,122202,1,1,2,0,11,BROWARD (11),1420,HOLLYWOOD,8,Agosto,14,2022,3,25,I-95,1,Interestatal,Urbano,Interestatal,State Highway Agency,1,Sin jurisdiccion especial,99998,26.00728333,-80.16680556,Peaton,El primer evento no fue una colision con un vehiculo automotor en transporte,Not an Intersection,No fue interseccion,Sobre calle,Ninguna,Oscuro con iluminacion,Nublado,No,NO APLICA,99,99,99,99,1,14/08/2022,2
12,Florida,122203,0,0,3,0,127,VOLUSIA (127),0,NO APLICA,8,Agosto,21,2022,2,1,I-4,1,Interestatal,Urbano,Interestatal,State Highway Agency,1,Sin jurisdiccion especial,99998,29.01688333,-81.23231944,Valla Ferrocarril,El primer evento no fue una colision con un vehiculo automotor en transporte,Not an Intersection,No fue interseccion,En el medio,Ninguna,Oscuro con iluminacion,Despejado,No,NO APLICA,99,99,99,99,1,21/08/2022,4
12,Florida,122204,1,1,1,0,127,VOLUSIA (127),0,NO APLICA,9,Septiembre,3,2022,9,17,TALTON AVE,8,Otro,Rural,Local,City or Municipal Highway Agency,0,Sin jurisdiccion especial,99998,29.02333056,-81.32873056,Ciclista,El primer evento no fue una colision con un vehiculo automotor en transporte,Four-Way Intersection,Interseccion de 4 direcciones,Sobre calle,Ninguna,Dia total,Despejado,No,NO APLICA,99,99,99,99,1,03/09/2022,2
12,Florida,122205,0,0,2,0,83,MARION (83),0,NO APLICA,8,Agosto,27,2022,14,29,SR-40,3,Highway estatal,Urbano,Arteria Principal,State Highway Agency,0,Sin jurisdiccion especial,99998,29.18648889,-82.23188889,Vehiculo en movimiento,Angulo,Four-Way Intersection,Interseccion de 4 direcciones,Sobre calle,Ninguna,Dia total,Despejado,No,NO APLICA,99,99,99,99,2,27/08/2022,3
12,Florida,122206,0,0,2,0,113,SANTA ROSA (113),0,NO APLICA,8,Agosto,22,2022,15,29,I-10,1,Interestatal,Rural,Interestatal,State Highway Agency,1,Sin jurisdiccion especial,99998,30.67456944,-86.83146944,Vehiculo en movimiento,Angulo,Not an Intersection,No fue interseccion,Sobre calle,Ninguna,Dia total,lluvia,No,NO APLICA,99,99,99,99,1,22/08/2022,6
12,Florida,122207,0,0,2,0,57,HILLSBOROUGH (57),0,NO APLICA,8,Agosto,24,2022,6,0,US-301,2,US Highway,Urbano,Arteria Principal,State Highway Agency,1,Sin jurisdiccion especial,99998,27.93016944,-82.35123056,Vehiculo en movimiento,Angulo,Four-Way Intersection,Interseccion de 4 direcciones,Sobre calle,Ninguna,Oscuro con iluminacion,Despejado,No,NO APLICA,99,99,99,99,1,24/08/2022,4
12,Florida,122208,1,1,1,0,86,MIAMI-DADE (86),0,NO APLICA,9,Septiembre,2,2022,20,32,US-41,2,US Highway,Rural,Arteria Principal,State Highway Agency,1,Sin jurisdiccion especial,99998,25.76108056,-80.46865556,Peaton,El primer evento no fue una colision con un vehiculo automotor en transporte,Not an Intersection,No fue interseccion,Sobre calle,Ninguna,Oscuro sin iluminacion,Despejado,No,NO APLICA,99,99,99,99,1,02/09/2022,1
12,Florida,122209,0,0,2,0,99,PALM BEACH (99),0,NO APLICA,9,Septiembre,2,2022,21,31,ORANGE GROVE BLVD,9,Desconocido,Rural,Local,Not Reported,0,Sin jurisdiccion especial,99998,26.74364722,-80.23364722,Vehiculo en movimiento,Frente a frente,Four-Way Intersection,Interseccion de 4 direcciones,Sobre calle,Ninguna,Oscuro sin iluminacion,Despejado,No,NO APLICA,99,99,99,99,1,02/09/2022,2