Estado,Nombre de Estado,Numero de Caso,Peatones,Personas _no_vehiculos,Vehiculos automotores,Vehiculos estacionados,Condado,Nombre Condado,Ciudad,Nombre Ciudad,Mes,Nombre Mes,Dia,Año,Hora,Minuto,Calle,Ruta,Nombre Ruta,Rural o Urbanoo,Sistema Funcional,Dueño Calle,Sistema Nacional Carreteras,Jurisdiccion Especial,Milla,Latitud,Longitud,Causa del Accidente,Tipo de Accidente,Tipo Interseccion,Columna1,Lugar en la calle,Zona de Trabajo,Luz,Clima,Autobus Escolar,Cruce de Trenes,Hora Notificacion,Minuto Notificacion,Hora Llegada,Minuto Llegada,Decesos,Fecha,PersonaVehiculo
12,Florida,122210,0,0,2,0,99,PALM BEACH (99),0,NO APLICA,9,Septiembre,4,2022,10,35,US-441,2,US Highway,Urbano,Arteria Principal,Not Reported,1,Sin jurisdiccion especial,99998,26.43135556,-80.20441111,Vehiculo en movimiento,Angulo,T-Intersection,Interseccion de T,Sobre calle,Ninguna,Dia total,Despejado,No,NO APLICA,99,99,99,99,1,04/09/2022,6
12,Florida,122211,0,0,1,0,99,PALM BEACH (99),0,NO APLICA,9,Septiembre,5,2022,23,22,SR-706,3,Highway estatal,Rural,Arteria Menor,Not Reported,0,Sin jurisdiccion especial,99998,26.94289167,-80.30105,Animal vivo,El primer evento no fue una colision con un vehiculo automotor en transporte,Not an Intersection,No fue interseccion,Sobre calle,Ninguna,Oscuro sin iluminacion,Despejado,No,NO APLICA,99,99,99,99,1,05/09/2022,1
12,Florida,122212,1,1,1,0,99,PALM BEACH (99),1560,JUPITER,9,Septiembre,4,2022,23,49,SR-811,3,Highway estatal,Urbano,Arteria Menor,State Highway Agency,0,Sin jurisdiccion especial,99998,26.93371667,-80.09358611,Peaton,El primer evento no fue una colision con un vehiculo automotor en transporte,Not an Intersection,No fue interseccion,Sobre calle,Ninguna,Oscuro sin iluminacion,Despejado,No,NO APLICA,99,99,99,99,1,04/09/2022,1
12,Florida,122213,0,0,2,0,123,TAYLOR (123),0,NO APLICA,8,Agosto,31,2022,15,18,CARLTON CEMETARY RD,9,Desconocido,Rural,Colector Mayor,Not Reported,0,Sin jurisdiccion especial,99998,30.06068056,-83.58838611,Vehiculo en movimiento,Frente a frente,Four-Way Intersection,Interseccion de 4 direcciones,Sobre calle,Ninguna,Dia total,Despejado,No,NO APLICA,99,99,99,99,1,31/08/2022,2
12,Florida,122214,1,1,1,0,57,HILLSBOROUGH (57),2950,TAMPA,9,Septiembre,6,2022,19,0,E HANNA AVE,7,Calle Local,Urbano,Arteria Principal,City or Municipal Highway Agency,0,Sin jurisdiccion especial,99998,28.00339167,-82.41021944,Ciclista,El primer evento no fue una colision con un vehiculo automotor en transporte,Not an Intersection,No fue interseccion,Sobre calle,Ninguna,Dia total,Despejado,No,NO APLICA,99,99,99,99,1,06/09/2022,1
12,Florida,122215,0,0,1,0,15,CHARLOTTE (15),0,NO APLICA,9,Septiembre,4,2022,17,59,CR-762,4,Calle del Condado,Urbano,Arteria Menor,Not Reported,0,Sin jurisdiccion especial,99998,26.858375,-81.97505833,Poste de Señal de trafico,El primer evento no fue una colision con un vehiculo automotor en transporte,Not an Intersection,No fue interseccion,Sobre el lado de la calle,Ninguna,Dia total,Despejado,No,NO APLICA,99,99,99,99,1,04/09/2022,1
12,Florida,122216,0,0,2,0,99,PALM BEACH (99),3147,WELLINGTON,9,Septiembre,4,2022,20,20,GREENVIEW SHORES BLVD,6,Calle Local Municipalidad,Urbano,Colector Menor,Not Reported,0,Sin jurisdiccion especial,99998,26.66364722,-80.26905833,Vehiculo en movimiento,Angulo,T-Intersection,Interseccion de T,Sobre calle,Ninguna,Oscuro con iluminacion,Despejado,No,NO APLICA,99,99,99,99,1,04/09/2022,3
12,Florida,122217,1,1,1,0,57,HILLSBOROUGH (57),2950,TAMPA,8,Agosto,9,2022,6,18,US-92,2,US Highway,Urbano,Arteria Principal,State Highway Agency,1,Sin jurisdiccion especial,99998,27.99605556,-82.48410556,Peaton,El primer evento no fue una colision con un vehiculo automotor en transporte,Not an Intersection,No fue interseccion,Sobre calle,Ninguna,Oscuro con iluminacion,Despejado,No,NO APLICA,99,99,99,99,1,09/08/2022,1
12,Florida,122218,1,1,1,0,57,HILLSBOROUGH (57),2950,TAMPA,8,Agosto,11,2022,23,0,ROWLETT PARK DR,6,Calle Local Municipalidad,Urbano,Colector Menor,City or Municipal Highway Agency,0,Sin jurisdiccion especial,99998,28.01338889,-82.43093333,Peaton,El primer evento no fue una colision con un vehiculo automotor en transporte,Not an Intersection,No fue interseccion,Sobre calle,Ninguna,Oscuro sin iluminacion,Despejado,No,NO APLICA,99,99,99,99,1,11/08/2022,1
12,Florida,122219,0,0,1,0,5,BAY (5),0,NO APLICA,9,Septiembre,6,2022,13,20,CR-2300,4,Calle del Condado,Rural,Local,Not Reported,0,Sin jurisdiccion especial,99998,30.28990278,-85.69544444,Arbol,El primer evento no fue una colision con un vehiculo automotor en transporte,Not an Intersection,No fue interseccion,Fuera de la calle,Ninguna,Dia total,Despejado,No,NO APLICA,99,99,99,99,1,06/09/2022,1
12,Florida,122220,0,0,2,0,27,DE SOTO (27),0,NO APLICA,9,Septiembre,2,2022,19,37,CR-660,4,Calle del Condado,Rural,Local,Not Reported,0,Sin jurisdiccion especial,99998,27.26017778,-81.83188611,Vehiculo en movimiento,Frente a Detrás,Not an Intersection,No fue interseccion,Sobre calle,Ninguna,Dia total,Nublado,No,NO APLICA,99,99,99,99,2,02/09/2022,5
12,Florida,122221,0,0,1,0,107,PUTNAM (107),0,NO APLICA,9,Septiembre,5,2022,14,43,US-17,2,US Highway,Urbano,Arteria Principal,Not Reported,1,Sin jurisdiccion especial,99998,29.58106389,-81.61880278,Culvert,El primer evento no fue una colision con un vehiculo automotor en transporte,Not an Intersection,No fue interseccion,Sobre el lado de la calle,Ninguna,Dia total,Despejado,No,NO APLICA,99,99,99,99,1,05/09/2022,1
12,Florida,122222,1,1,1,0,86,MIAMI-DADE (86),0,NO APLICA,8,Agosto,28,2022,21,50,SR-989,3,Highway estatal,Urbano,Arteria Menor,State Highway Agency,0,Sin jurisdiccion especial,99998,25.55145,-80.37210556,Peaton,El primer evento no fue una colision con un vehiculo automotor en transporte,Not an Intersection,No fue interseccion,Sobre calle,Ninguna,Oscuro con iluminacion,Despejado,No,NO APLICA,99,99,99,99,1,28/08/2022,1
12,Florida,122223,0,0,2,0,1,ALACHUA (1),0,NO APLICA,7,Julio,27,2022,9,9,US-441,2,US Highway,Rural,Arteria Principal,State Highway Agency,1,Sin jurisdiccion especial,99998,29.8452,-82.60681944,Vehiculo en movimiento,Angulo,Not an Intersection,No fue interseccion,Sobre calle,Ninguna,Dia total,Despejado,No,NO APLICA,99,99,99,99,1,27/07/2022,2
12,Florida,122224,1,1,1,0,86,MIAMI-DADE (86),0,NO APLICA,7,Julio,18,2022,8,20,SR-9,3,Highway estatal,Urbano,Arteria Principal,State Highway Agency,0,Sin jurisdiccion especial,99998,25.79890556,-80.23988889,Ciclista,El primer evento no fue una colision con un vehiculo automotor en transporte,Four-Way Intersection,Interseccion de 4 direcciones,Sobre calle,Ninguna,Dia total,Despejado,No,NO APLICA,99,99,99,99,1,18/07/2022,1
12,Florida,122225,1,1,1,0,86,MIAMI-DADE (86),1030,FLORIDA CITY,7,Julio,26,2022,23,36,1ST AVE,6,Calle Local Municipalidad,Urbano,Local,City or Municipal Highway Agency,0,Sin jurisdiccion especial,99998,25.46214167,-80.47865278,Ciclista,El primer evento no fue una colision con un vehiculo automotor en transporte,Not an Intersection,No fue interseccion,Sobre calle,Ninguna,Oscuro con iluminacion,Despejado,No,NO APLICA,99,99,99,99,1,26/07/2022,1
12,Florida,122226,0,0,1,0,57,HILLSBOROUGH (57),0,NO APLICA,8,Agosto,31,2022,9,4,SR-60,3,Highway estatal,Urbano,Arteria Principal,State Highway Agency,0,Sin jurisdiccion especial,99998,27.93770833,-82.14201944,Acotamiento,El primer evento no fue una colision con un vehiculo automotor en transporte,Not an Intersection,No fue interseccion,Sobre el lado de la calle,Ninguna,Dia total,Despejado,No,NO APLICA,9,6,9,17,1,31/08/2022,1
12,Florida,122227,1,1,1,0,57,HILLSBOROUGH (57),2950,TAMPA,7,Julio,30,2022,4,28,SR-616,3,Highway estatal,Urbano,Arteria Menor,City or Municipal Highway Agency,0,Sin jurisdiccion especial,99998,27.959775,-82.52911667,Peaton,El primer evento no fue una colision con un vehiculo automotor en transporte,Not an Intersection,No fue interseccion,Sobre calle,Ninguna,Oscuro sin iluminacion,Despejado,No,NO APLICA,99,99,99,99,1,30/07/2022,1
12,Florida,122228,1,1,1,0,71,LEE (71),0,NO APLICA,9,Septiembre,10,2022,6,42,SUNSHINE BLVD,8,Otro,Urbano,Colector Menor,City or Municipal Highway Agency,0,Sin jurisdiccion especial,99998,26.65858056,-81.66347222,Ciclista,El primer evento no fue una colision con un vehiculo automotor en transporte,Not an Intersection,No fue interseccion,Sobre calle,Ninguna,Amanecer,Despejado,No,NO APLICA,99,99,99,99,1,10/09/2022,1
12,Florida,122229,0,0,2,0,107,PUTNAM (107),2420,PALATKA,8,Agosto,29,2022,9,20,SR-19,3,Highway estatal,Urbano,Arteria Menor,State Highway Agency,0,Sin jurisdiccion especial,99998,29.64711389,-81.67408333,Vehiculo en movimiento,Frente a Detrás,Not an Intersection,No fue interseccion,Sobre calle,Ninguna,Dia total,Despejado,No,NO APLICA,99,99,99,99,1,29/08/2022,3
12,Florida,122230,1,1,1,0,86,MIAMI-DADE (86),2010,MIAMI,8,Agosto,31,2022,21,50,SW 12TH AVE,6,Calle Local Municipalidad,Urbano,Arteria Menor,City or Municipal Highway Agency,0,Sin jurisdiccion especial,99998,25.76856667,-80.21453333,Peaton,El primer evento no fue una colision con un vehiculo automotor en transporte,Not an Intersection,No fue interseccion,Sobre calle,Ninguna,Oscuro con iluminacion,lluvia,No,NO APLICA,99,99,99,99,1,31/08/2022,1
12,Florida,122232,0,0,2,0,111,ST LUCIE (111),2601,PORT SAINT LUCIE,8,Agosto,5,2022,9,22,SW AIROSO BLVD,6,Calle Local Municipalidad,Urbano,Arteria Menor,State Highway Agency,0,Sin jurisdiccion especial,99998,27.297025,-80.349825,Vehiculo en movimiento,Angulo,Four-Way Intersection,Interseccion de 4 direcciones,Sobre calle,Ninguna,Dia total,Despejado,No,NO APLICA,99,99,99,99,1,05/08/2022,2
12,Florida,122233,0,0,2,0,23,COLUMBIA (23),0,NO APLICA,9,Septiembre,5,2022,17,7,SW KING ST,8,Otro,Rural,Local,Not Reported,0,Sin jurisdiccion especial,99998,30.10368056,-82.69601944,Vehiculo en movimiento,Frente a frente,T-Intersection,Interseccion de T,Sobre calle,Ninguna,Dia total,Nublado,No,NO APLICA,99,99,99,99,1,05/09/2022,2
12,Florida,122234,1,1,1,0,75,LEVY (75),2382,OTTER CREEK,9,Septiembre,3,2022,4,33,SR-24,3,Highway estatal,Urbano,Arteria Menor,State Highway Agency,1,Sin jurisdiccion especial,99998,29.32279722,-82.77709444,Ciclista,El primer evento no fue una colision con un vehiculo automotor en transporte,Not an Intersection,No fue interseccion,Sobre calle,Ninguna,Oscuro sin iluminacion,Neblina o Humo,No,NO APLICA,99,99,99,99,1,03/09/2022,1
12,Florida,122235,1,1,1,0,101,PASCO (101),0,NO APLICA,8,Agosto,26,2022,4,11,US-19,2,US Highway,Urbano,Arteria Principal,State Highway Agency,1,Sin jurisdiccion especial,99998,28.1879,-82.73994167,Peaton,El primer evento no fue una colision con un vehiculo automotor en transporte,Four-Way Intersection,Interseccion de 4 direcciones,Sobre calle,Ninguna,Oscuro con iluminacion,Nublado,No,NO APLICA,99,99,99,99,1,26/08/2022,2
12,Florida,122236,0,0,2,0,33,ESCAMBIA (33),0,NO APLICA,8,Agosto,29,2022,7,9,US-90,2,US Highway,Urbano,Arteria Principal,Not Reported,1,Sin jurisdiccion especial,99998,30.47581944,-87.30817222,Vehiculo en movimiento,Angulo,Four-Way Intersection,Interseccion de 4 direcciones,Sobre calle,Ninguna,Dia total,Despejado,No,NO APLICA,99,99,99,99,1,29/08/2022,2
12,Florida,122237,0,0,1,0,83,MARION (83),0,NO APLICA,9,Septiembre,4,2022,0,40,US-301,2,US Highway,Urbano,Arteria Principal,Not Reported,1,Sin jurisdiccion especial,99998,29.01911667,-82.04491111,Volcadura,El primer evento no fue una colision con un vehiculo automotor en transporte,Not an Intersection,No fue interseccion,En el medio,Ninguna,Oscuro sin iluminacion,Despejado,No,NO APLICA,99,99,99,99,1,04/09/2022,1
12,Florida,122238,0,0,2,0,103,PINELLAS (103),2310,OLDSMAR,9,Septiembre,2,2022,18,22,TAMPA RD,6,Calle Local Municipalidad,Urbano,Arteria Menor,Not Reported,0,Sin jurisdiccion especial,99998,28.05307222,-82.699975,Vehiculo en movimiento,Angulo,Four-Way Intersection,Interseccion de 4 direcciones,Sobre calle,Ninguna,Dia total,Nublado,No,NO APLICA,99,99,99,99,1,02/09/2022,3
12,Florida,122239,0,0,1,0,53,HERNANDO (53),2882,SPRING HILL,9,Septiembre,1,2022,20,10,CR-574,4,Calle del Condado,Urbano,Arteria Menor,County Highway Agency,0,Sin jurisdiccion especial,99998,28.45761944,-82.554525,Arbol,El primer evento no fue una colision con un vehiculo automotor en transporte,Not an Intersection,No fue interseccion,Fuera de la calle,Ninguna,Oscuro sin iluminacion,lluvia,No,NO APLICA,20,11,20,14,1,01/09/2022,1
12,Florida,122240,0,0,2,0,97,OSCEOLA (97),0,NO APLICA,9,Septiembre,2,2022,21,17,POINCIANA BLVD,6,Calle Local Municipalidad,Urbano,Arteria Principal,City or Municipal Highway Agency,0,Sin jurisdiccion especial,99998,28.18618889,-81.46088056,Vehiculo en movimiento,Angulo,T-Intersection,Interseccion de T,Sobre calle,Ninguna,Oscuro con iluminacion,lluvia,No,NO APLICA,99,99,99,99,1,02/09/2022,2
12,Florida,122241,0,0,1,0,127,VOLUSIA (127),2850,SOUTH DAYTONA,9,Septiembre,11,2022,22,0,US-1,2,US Highway,Urbano,Arteria Principal,State Highway Agency,1,Sin jurisdiccion especial,99998,29.15392222,-80.99300278,Poste,El primer evento no fue una colision con un vehiculo automotor en transporte,Not an Intersection,No fue interseccion,Sobre el lado de la calle,Ninguna,Oscuro con iluminacion,Nublado,No,NO APLICA,99,99,99,99,1,11/09/2022,1
12,Florida,122242,1,1,2,0,11,BROWARD (11),2916,SUNRISE,9,Septiembre,2,2022,20,32,OAKLAND PARK BLVD,6,Calle Local Municipalidad,Urbano,Arteria Principal,City or Municipal Highway Agency,1,Sin jurisdiccion especial,99998,26.1684,-80.27008056,Peaton,El primer evento no fue una colision con un vehiculo automotor en transporte,Not an Intersection,No fue interseccion,Sobre calle,Ninguna,Oscuro sin iluminacion,Despejado,No,NO APLICA,99,99,99,99,1,02/09/2022,2
12,Florida,122243,0,0,2,0,57,HILLSBOROUGH (57),0,NO APLICA,9,Septiembre,3,2022,0,17,I-4,1,Interestatal,Urbano,Interestatal,State Highway Agency,1,Sin jurisdiccion especial,99998,28.03711389,-82.06992222,Valla Ferrocarril,El primer evento no fue una colision con un vehiculo automotor en transporte,Not an Intersection,No fue interseccion,En el medio,Ninguna,Oscuro sin iluminacion,Nublado,No,NO APLICA,99,99,99,99,1,03/09/2022,4
12,Florida,122244,0,0,1,0,69,LAKE (69),0,NO APLICA,8,Agosto,5,2022,1,54,CR-42,4,Calle del Condado,Rural,Colector Mayor,State Highway Agency,0,Sin jurisdiccion especial,99998,29.00643889,-81.41198056,Arbol,El primer evento no fue una colision con un vehiculo automotor en transporte,Not an Intersection,No fue interseccion,Sobre el lado de la calle,Ninguna,Oscuro sin iluminacion,Despejado,No,NO APLICA,99,99,99,99,1,05/08/2022,1
12,Florida,122245,1,1,1,0,121,SUWANNEE (121),0,NO APLICA,9,Septiembre,3,2022,20,30,US-27,2,US Highway,Rural,Arteria Principal,State Highway Agency,1,Sin jurisdiccion especial,99998,29.95286389,-82.81240556,Peaton,El primer evento no fue una colision con un vehiculo automotor en transporte,Not an Intersection,No fue interseccion,Sobre calle,Ninguna,Oscuro sin iluminacion,Despejado,No,NO APLICA,99,99,99,99,1,03/09/2022,1
12,Florida,122246,1,1,1,0,23,COLUMBIA (23),0,NO APLICA,9,Septiembre,9,2022,6,45,US-41,2,US Highway,Rural,Arteria Principal,State Highway Agency,1,Sin jurisdiccion especial,99998,30.02871111,-82.59761667,Peaton,El primer evento no fue una colision con un vehiculo automotor en transporte,Not an Intersection,No fue interseccion,Sobre Acotamiento,Ninguna,Oscuro sin iluminacion,Nublado,No,NO APLICA,99,99,99,99,1,09/09/2022,1
12,Florida,122247,0,0,2,0,86,MIAMI-DADE (86),0,NO APLICA,8,Agosto,20,2022,4,25,SR-826,3,Highway estatal,Urbano,Arteria Principal,Not Reported,0,Sin jurisdiccion especial,99998,25.92486944,-80.30951944,Vehiculo en movimiento,Frente a frente,Not an Intersection,No fue interseccion,Sobre calle,Ninguna,Oscuro con iluminacion,Nublado,No,NO APLICA,99,99,99,99,5,20/08/2022,6
12,Florida,122248,0,0,2,0,63,JACKSON (63),0,NO APLICA,9,Septiembre,6,2022,1,58,I-10,1,Interestatal,Rural,Interestatal,State Highway Agency,1,Sin jurisdiccion especial,99998,30.74072778,-85.24643611,Vehiculo en movimiento,Frente a frente,Not an Intersection,No fue interseccion,Sobre calle,Ninguna,Oscuro sin iluminacion,Despejado,No,NO APLICA,99,99,99,99,1,06/09/2022,2
12,Florida,122249,0,0,2,0,95,ORANGE (95),0,NO APLICA,8,Agosto,27,2022,14,55,UNIVERSITY BLVD,6,Calle Local Municipalidad,Urbano,Arteria Menor,Not Reported,0,Sin jurisdiccion especial,99998,28.59733056,-81.25401944,Vehiculo en movimiento,Angulo,T-Intersection,Interseccion de T,Sobre calle,Ninguna,Dia total,lluvia,No,NO APLICA,99,99,99,99,1,27/08/2022,3
12,Florida,122250,0,0,1,0,61,INDIAN RIVER (61),0,NO APLICA,9,Septiembre,2,2022,6,55,SR-91,3,Highway estatal,Rural,Arterial Principal -Freeway o ExpressWay,State Highway Agency,1,Sin jurisdiccion especial,99998,27.55946944,-80.76168889,Poste de Señal de trafico,El primer evento no fue una colision con un vehiculo automotor en transporte,Not an Intersection,No fue interseccion,Sobre el lado de la calle,Ninguna,Amanecer,Despejado,No,NO APLICA,99,99,99,99,1,02/09/2022,1
12,Florida,122251,1,1,1,0,57,HILLSBOROUGH (57),2950,TAMPA,9,Septiembre,8,2022,23,30,N NEBRASKA AVE,6,Calle Local Municipalidad,Urbano,Arteria Principal,State Highway Agency,1,Sin jurisdiccion especial,99998,28.00158056,-82.45126944,Peaton,El primer evento no fue una colision con un vehiculo automotor en transporte,Four-Way Intersection,Interseccion de 4 direcciones,Sobre calle,Ninguna,Oscuro con iluminacion,Despejado,No,NO APLICA,99,99,99,99,1,08/09/2022,3
12,Florida,122252,0,0,1,0,57,HILLSBOROUGH (57),2950,TAMPA,8,Agosto,29,2022,0,27,SR-60,3,Highway estatal,Urbano,Arteria Principal,Not Reported,1,Sin jurisdiccion especial,99998,27.96482778,-82.54708889,Valla Ferrocarril,El primer evento no fue una colision con un vehiculo automotor en transporte,Not an Intersection,No fue interseccion,Sobre el lado de la calle,Ninguna,Oscuro con iluminacion,Nublado,No,NO APLICA,99,99,99,99,1,29/08/2022,3
12,Florida,122253,0,0,2,0,1,ALACHUA (1),1130,GAINESVILLE,9,Septiembre,13,2022,6,30,SR-24,3,Highway estatal,Urbano,Arteria Principal,State Highway Agency,0,Sin jurisdiccion especial,99998,29.620475,-82.38015278,Vehiculo en movimiento,Angulo,Four-Way Intersection,Interseccion de 4 direcciones,Sobre calle,Ninguna,Oscuro con iluminacion,Despejado,No,NO APLICA,99,99,99,99,1,13/09/2022,3
12,Florida,122254,1,1,1,0,101,PASCO (101),2180,NEW PORT RICHEY,9,Septiembre,12,2022,22,51,US-19,2,US Highway,Urbano,Arteria Principal,State Highway Agency,1,Sin jurisdiccion especial,99998,28.26694722,-82.72718333,Peaton,El primer evento no fue una colision con un vehiculo automotor en transporte,Not an Intersection,No fue interseccion,Sobre calle,Ninguna,Oscuro con iluminacion,Despejado,No,NO APLICA,99,99,99,99,1,12/09/2022,1
12,Florida,122255,1,1,2,0,86,MIAMI-DADE (86),2010,MIAMI,8,Agosto,31,2022,22,49,NE 2ND AVE,6,Calle Local Municipalidad,Urbano,Colector Mayor,City or Municipal Highway Agency,0,Sin jurisdiccion especial,99998,25.85225833,-80.19301389,Ciclista,El primer evento no fue una colision con un vehiculo automotor en transporte,T-Intersection,Interseccion de T,Sobre el lado de la calle,Ninguna,Oscuro sin iluminacion,Nublado,No,NO APLICA,99,99,99,99,1,31/08/2022,2
12,Florida,122256,0,0,7,0,57,HILLSBOROUGH (57),2658,RIVERVIEW,9,Septiembre,3,2022,23,7,I-75,1,Interestatal,Urbano,Arteria Principal,Not Reported,1,Sin jurisdiccion especial,99998,27.87763056,-82.3478,Alguien se cayo/avento del vehiculo,El primer evento no fue una colision con un vehiculo automotor en transporte,Not an Intersection,No fue interseccion,Sobre calle,Ninguna,Oscuro sin iluminacion,Despejado,No,NO APLICA,99,99,99,99,1,03/09/2022,9
12,Florida,122257,1,1,2,1,95,ORANGE (95),2360,ORLANDO,8,Agosto,28,2022,3,5,I-4 RAMP,1,Interestatal,Urbano,Interestatal,State Highway Agency,1,Sin jurisdiccion especial,99998,28.54047222,-81.38188611,Vehiculo Aparcado,El primer evento no fue una colision con un vehiculo automotor en transporte,Not an Intersection,No fue interseccion,Fuera de la calle,Ninguna,Oscuro sin iluminacion,Despejado,No,NO APLICA,99,99,99,99,1,28/08/2022,1
12,Florida,122258,0,0,2,0,43,GLADES (43),0,NO APLICA,9,Septiembre,4,2022,14,22,SR-78,3,Highway estatal,Rural,Arteria Menor,Not Reported,0,Sin jurisdiccion especial,99998,27.10825833,-80.94235,Vehiculo en movimiento,Frente a frente,Not an Intersection,No fue interseccion,Sobre calle,Ninguna,Dia total,Despejado,No,NO APLICA,99,99,99,99,1,04/09/2022,4
12,Florida,122259,2,2,1,0,86,MIAMI-DADE (86),0,NO APLICA,7,Julio,11,2022,20,30,22ND AVE,8,Otro,Urbano,Local,County Highway Agency,0,Sin jurisdiccion especial,99998,25.94476389,-80.15661389,Peaton,El primer evento no fue una colision con un vehiculo automotor en transporte,Not an Intersection,No fue interseccion,Sobre calle,Ninguna,Oscuro con iluminacion,Despejado,No,NO APLICA,99,99,99,99,1,11/07/2022,1
12,Florida,122260,1,1,1,0,31,DUVAL (31),1510,JACKSONVILLE,9,Septiembre,10,2022,20,16,SR-128,3,Highway estatal,Urbano,Arteria Menor,State Highway Agency,0,Sin jurisdiccion especial,99998,30.28205278,-81.74473889,Peaton,El primer evento no fue una colision con un vehiculo automotor en transporte,Not an Intersection,No fue interseccion,Sobre calle,Ninguna,Oscuro con iluminacion,Despejado,No,NO APLICA,99,99,99,99,1,10/09/2022,2
12,Florida,122261,0,0,1,0,57,HILLSBOROUGH (57),2658,RIVERVIEW,9,Septiembre,5,2022,22,27,I-75,1,Interestatal,Urbano,Interestatal,State Highway Agency,1,Sin jurisdiccion especial,99998,27.85205278,-82.34631667,Volcadura,El primer evento no fue una colision con un vehiculo automotor en transporte,Not an Intersection,No fue interseccion,Fuera de la calle,Ninguna,Oscuro con iluminacion,Despejado,No,NO APLICA,99,99,99,99,1,05/09/2022,1
12,Florida,122262,1,1,1,0,86,MIAMI-DADE (86),0,NO APLICA,8,Agosto,12,2022,21,16,SR-915,3,Highway estatal,Urbano,Arteria Menor,State Highway Agency,0,Sin jurisdiccion especial,99998,25.91749722,-80.18777778,Ciclista,El primer evento no fue una colision con un vehiculo automotor en transporte,Not an Intersection,No fue interseccion,"Izquierda continua, carril de vuelta",Ninguna,Oscuro con iluminacion,Despejado,No,NO APLICA,99,99,99,99,1,12/08/2022,1
12,Florida,122263,1,1,2,0,127,VOLUSIA (127),780,DAYTONA BEACH,9,Septiembre,8,2022,0,34,SR-5A,3,Highway estatal,Urbano,Arteria Principal,State Highway Agency,1,Sin jurisdiccion especial,99998,29.1878,-81.03120833,Ciclista,El primer evento no fue una colision con un vehiculo automotor en transporte,Not an Intersection,No fue interseccion,Sobre calle,Ninguna,Oscuro sin iluminacion,Despejado,No,NO APLICA,99,99,99,99,1,08/09/2022,3
12,Florida,122264,1,1,1,0,11,BROWARD (11),2541,PLANTATION,4,Abril,1,2022,5,56,12TH ST,6,Calle Local Municipalidad,Urbano,Colector Mayor,Not Reported,0,Sin jurisdiccion especial,99998,26.10593056,-80.22461111,Peaton,El primer evento no fue una colision con un vehiculo automotor en transporte,Not an Intersection,No fue interseccion,Sobre calle,Ninguna,Oscuro con iluminacion,Despejado,No,NO APLICA,99,99,99,99,1,01/04/2022,1
12,Florida,122265,0,0,3,0,111,ST LUCIE (111),2601,PORT SAINT LUCIE,8,Agosto,25,2022,18,32,SELVITZ RD,6,Calle Local Municipalidad,Urbano,Arteria Menor,Not Reported,0,Sin jurisdiccion especial,99998,27.33856111,-80.36664444,Vehiculo en movimiento,Golpe Lateral - direccion contraria,Not an Intersection,No fue interseccion,Sobre calle,Ninguna,Dia total,Despejado,No,NO APLICA,99,99,99,99,1,25/08/2022,4
12,Florida,122267,0,0,4,0,86,MIAMI-DADE (86),0,NO APLICA,9,Septiembre,6,2022,6,38,SR-836,3,Highway estatal,Urbano,Arterial Principal -Freeway o ExpressWay,Not Reported,0,Sin jurisdiccion especial,99998,25.78513889,-80.26398889,Vehiculo en movimiento,Frente a Detrás,Not an Intersection,No fue interseccion,Sobre calle,Ninguna,Oscuro con iluminacion,Despejado,No,NO APLICA,99,99,99,99,1,06/09/2022,2
12,Florida,122268,0,0,2,0,71,LEE (71),0,NO APLICA,9,Septiembre,9,2022,19,42,SR-78,3,Highway estatal,Urbano,Arteria Principal,Not Reported,0,Sin jurisdiccion especial,99998,26.68748889,-81.86616111,Vehiculo en movimiento,Angulo,Four-Way Intersection,Interseccion de 4 direcciones,Sobre calle,Ninguna,Oscuro con iluminacion,Despejado,No,NO APLICA,99,99,99,99,1,09/09/2022,3
12,Florida,122269,0,0,2,0,86,MIAMI-DADE (86),0,NO APLICA,9,Septiembre,2,2022,22,25,SR-994,3,Highway estatal,Rural,Colector Mayor,Not Reported,0,Sin jurisdiccion especial,99998,25.58028056,-80.45391944,Vehiculo en movimiento,Angulo,T-Intersection,Interseccion de T,Sobre calle,Ninguna,Oscuro sin iluminacion,Nublado,No,NO APLICA,99,99,99,99,1,02/09/2022,3
12,Florida,122270,1,1,2,0,99,PALM BEACH (99),820,DELRAY BEACH,9,Septiembre,9,2022,6,35,I-95,1,Interestatal,Urbano,Interestatal,State Highway Agency,1,Sin jurisdiccion especial,99998,26.46261944,-80.08788333,Vehiculo en movimiento,Frente a Detrás,Not an Intersection,No fue interseccion,Sobre calle,Ninguna,Oscuro con iluminacion,Nublado,No,NO APLICA,99,99,99,99,1,09/09/2022,2
12,Florida,122271,0,0,1,0,53,HERNANDO (53),2882,SPRING HILL,7,Julio,31,2022,18,58,CR-574,4,Calle del Condado,Urbano,Arteria Menor,County Highway Agency,0,Sin jurisdiccion especial,99998,28.45161944,-82.60671944,Arbol,El primer evento no fue una colision con un vehiculo automotor en transporte,Not an Intersection,No fue interseccion,En el medio,Ninguna,Dia total,Despejado,No,NO APLICA,99,99,99,99,1,31/07/2022,1
12,Florida,122272,0,0,2,0,75,LEVY (75),0,NO APLICA,9,Septiembre,6,2022,11,30,US-27 ALT,2,US Highway,Rural,Arteria Principal,Not Reported,1,Sin jurisdiccion especial,99998,29.47495556,-82.82268611,Vehiculo en movimiento,Angulo,Four-Way Intersection,Interseccion de 4 direcciones,Sobre calle,Ninguna,Dia total,Despejado,No,NO APLICA,99,99,99,99,1,06/09/2022,2