Estado,Nombre de Estado,Numero de Caso,Peatones,Personas _no_vehiculos,Vehiculos automotores,Vehiculos estacionados,Condado,Nombre Condado,Ciudad,Nombre Ciudad,Mes,Nombre Mes,Dia,Año,Hora,Minuto,Calle,Ruta,Nombre Ruta,Rural o Urbanoo,Sistema Funcional,Dueño Calle,Sistema Nacional Carreteras,Jurisdiccion Especial,Milla,Latitud,Longitud,Causa del Accidente,Tipo de Accidente,Tipo Interseccion,Columna1,Lugar en la calle,Zona de Trabajo,Luz,Clima,Autobus Escolar,Cruce de Trenes,Hora Notificacion,Minuto Notificacion,Hora Llegada,Minuto Llegada,Decesos,Fecha,PersonaVehiculo
12,Florida,122273,0,0,2,0,73,LEON (73),0,NO APLICA,9,Septiembre,11,2022,0,10,I-10,1,Interestatal,Urbano,Arteria Principal,State Highway Agency,1,Sin jurisdiccion especial,99998,30.49835556,-84.19996667,Vehiculo en movimiento,Frente a frente,Not an Intersection,No fue interseccion,Sobre calle,Ninguna,Oscuro sin iluminacion,Despejado,No,NO APLICA,99,99,99,99,2,11/09/2022,2
12,Florida,122274,0,0,1,0,53,HERNANDO (53),2882,SPRING HILL,8,Agosto,31,2022,22,45,CR-578,4,Calle del Condado,Urbano,Arteria Menor,County Highway Agency,0,Sin jurisdiccion especial,99998,28.43394722,-82.47915556,Volcadura,El primer evento no fue una colision con un vehiculo automotor en transporte,Not an Intersection,No fue interseccion,En el medio,Ninguna,Oscuro sin iluminacion,Despejado,No,NO APLICA,22,47,22,54,1,31/08/2022,1
12,Florida,122275,1,1,1,0,57,HILLSBOROUGH (57),0,NO APLICA,9,Septiembre,8,2022,20,21,US-41,2,US Highway,Urbano,Arteria Principal,State Highway Agency,1,Sin jurisdiccion especial,99998,28.07468611,-82.45126667,Peaton,El primer evento no fue una colision con un vehiculo automotor en transporte,Not an Intersection,No fue interseccion,Sobre calle,Ninguna,Oscuro con iluminacion,Despejado,No,NO APLICA,99,99,99,99,1,08/09/2022,2
12,Florida,122276,0,0,1,0,43,GLADES (43),0,NO APLICA,9,Septiembre,12,2022,15,38,US-27,2,US Highway,Rural,Arteria Principal,State Highway Agency,1,Sin jurisdiccion especial,99998,26.828125,-81.08280833,Zanja,El primer evento no fue una colision con un vehiculo automotor en transporte,Not an Intersection,No fue interseccion,Sobre el lado de la calle,Ninguna,Dia total,Nublado,No,NO APLICA,99,99,99,99,1,12/09/2022,1
12,Florida,122277,1,1,1,0,131,WALTON (131),0,NO APLICA,9,Septiembre,4,2022,21,30,CR-280,4,Calle del Condado,Rural,Colector Mayor,County Highway Agency,0,Sin jurisdiccion especial,99998,30.70631111,-86.15146111,Peaton,El primer evento no fue una colision con un vehiculo automotor en transporte,Not an Intersection,No fue interseccion,Sobre calle,Ninguna,Oscuro sin iluminacion,Nublado,No,NO APLICA,99,99,99,99,1,04/09/2022,2
12,Florida,122278,0,0,1,0,53,HERNANDO (53),0,NO APLICA,9,Septiembre,7,2022,11,20,FULTON AVE,8,Otro,Rural,Colector Menor,Not Reported,0,Sin jurisdiccion especial,99998,28.4812,-82.25055,Culvert,El primer evento no fue una colision con un vehiculo automotor en transporte,Not an Intersection,No fue interseccion,Sobre el lado de la calle,Ninguna,Dia total,Nublado,No,NO APLICA,99,99,99,99,1,07/09/2022,1
12,Florida,122279,2,2,1,0,69,LAKE (69),0,NO APLICA,9,Septiembre,11,2022,21,45,ROLLING ACRES RD,9,Desconocido,Urbano,Colector Menor,Not Reported,0,Sin jurisdiccion especial,99998,28.90962222,-81.93675833,Peaton,El primer evento no fue una colision con un vehiculo automotor en transporte,Not an Intersection,No fue interseccion,"Fuera de la calle, ubicacion desconocida",Ninguna,Oscuro sin iluminacion,Despejado,No,NO APLICA,99,99,99,99,1,11/09/2022,1
12,Florida,122280,1,1,1,0,86,MIAMI-DADE (86),2906,SUNNY ISLES,1,Enero,21,2022,19,33,SR-A1A,3,Highway estatal,Urbano,Arteria Principal,State Highway Agency,0,Sin jurisdiccion especial,99998,25.94585833,-80.120925,Peaton,El primer evento no fue una colision con un vehiculo automotor en transporte,Not an Intersection,No fue interseccion,Sobre calle,Ninguna,Oscuro con iluminacion,Despejado,No,NO APLICA,99,99,99,99,1,21/01/2022,1
12,Florida,122281,1,1,1,0,105,POLK (105),1690,LAKELAND,5,Mayo,8,2022,22,35,SR-600,3,Highway estatal,Urbano,Arteria Principal,State Highway Agency,0,Sin jurisdiccion especial,99998,28.04150833,-81.98994167,Ciclista,El primer evento no fue una colision con un vehiculo automotor en transporte,Four-Way Intersection,Interseccion de 4 direcciones,Sobre calle,Ninguna,Oscuro con iluminacion,Despejado,No,NO APLICA,99,99,99,99,1,08/05/2022,1
12,Florida,122282,0,0,2,0,11,BROWARD (11),1050,FORT LAUDERDALE,6,Junio,30,2022,20,32,DAYTON CIR,6,Calle Local Municipalidad,Urbano,Local,Not Reported,0,Sin jurisdiccion especial,99998,26.11377778,-80.19700278,Vehiculo en movimiento,Angulo,Four-Way Intersection,Interseccion de 4 direcciones,Sobre calle,Ninguna,Oscuro sin iluminacion,Despejado,No,NO APLICA,99,99,99,99,1,30/06/2022,2
12,Florida,122283,1,1,1,0,33,ESCAMBIA (33),0,NO APLICA,9,Septiembre,9,2022,21,7,US-90A,2,US Highway,Urbano,Arteria Menor,State Highway Agency,0,Sin jurisdiccion especial,99998,30.53227222,-87.22273611,No vehiculo o remolque,El primer evento no fue una colision con un vehiculo automotor en transporte,Not an Intersection,No fue interseccion,Sobre calle,Ninguna,Oscuro sin iluminacion,lluvia,No,NO APLICA,99,99,99,99,1,09/09/2022,1
12,Florida,122284,0,0,1,0,99,PALM BEACH (99),0,NO APLICA,9,Septiembre,13,2022,2,59,US-27,2,US Highway,Rural,Arteria Principal,State Highway Agency,1,Sin jurisdiccion especial,99998,26.66391944,-80.71586667,Zanja,El primer evento no fue una colision con un vehiculo automotor en transporte,Not an Intersection,No fue interseccion,Sobre el lado de la calle,Ninguna,Oscuro sin iluminacion,Despejado,No,NO APLICA,99,99,99,99,1,13/09/2022,4
12,Florida,122285,1,1,1,0,87,MONROE (87),0,NO APLICA,9,Septiembre,15,2022,6,25,US-1 MM 4 SB,2,US Highway,Urbano,Arteria Principal,State Highway Agency,1,Sin jurisdiccion especial,99998,24.57316111,-81.74216111,Peaton,El primer evento no fue una colision con un vehiculo automotor en transporte,Not an Intersection,No fue interseccion,Sobre calle,Ninguna,Oscuro con iluminacion,Despejado,No,NO APLICA,99,99,99,99,1,15/09/2022,4
12,Florida,122286,1,1,1,0,57,HILLSBOROUGH (57),0,NO APLICA,8,Agosto,19,2022,23,51,SR-580,3,Highway estatal,Urbano,Arteria Principal,State Highway Agency,0,Sin jurisdiccion especial,99998,27.99665833,-82.56464444,Peaton,El primer evento no fue una colision con un vehiculo automotor en transporte,Not an Intersection,No fue interseccion,Sobre calle,Ninguna,Oscuro con iluminacion,Despejado,No,NO APLICA,99,99,99,99,1,19/08/2022,2
12,Florida,122287,0,0,1,0,57,HILLSBOROUGH (57),0,NO APLICA,9,Septiembre,13,2022,21,46,JOE MCINTOSH RD,9,Desconocido,Rural,Local,City or Municipal Highway Agency,1,Sin jurisdiccion especial,99998,28.062175,-82.12763889,Barda,El primer evento no fue una colision con un vehiculo automotor en transporte,Not an Intersection,No fue interseccion,Sobre el lado de la calle,Ninguna,Oscuro sin iluminacion,Despejado,No,NO APLICA,99,99,99,99,1,13/09/2022,3
12,Florida,122288,0,0,2,0,9,BREVARD (9),0,NO APLICA,9,Septiembre,13,2022,14,21,PLANTATION DR,8,Otro,Urbano,Local,Not Reported,0,Sin jurisdiccion especial,99998,28.51670833,-80.867075,Vehiculo en movimiento,Frente a frente,Not an Intersection,No fue interseccion,Sobre calle,Ninguna,Dia total,Nublado,No,NO APLICA,99,99,99,99,1,13/09/2022,3
12,Florida,122289,0,0,2,0,35,FLAGLER (35),1020,FLAGLER BEACH,9,Septiembre,16,2022,23,10,I-95,1,Interestatal,Urbano,Arteria Principal,State Highway Agency,1,Sin jurisdiccion especial,2808,29.42773611,-81.16530833,Vehiculo en movimiento,Frente a Detrás,Not an Intersection,No fue interseccion,Sobre calle,Ninguna,Oscuro sin iluminacion,Despejado,No,NO APLICA,99,99,99,99,1,16/09/2022,3
12,Florida,122290,0,0,1,0,101,PASCO (101),0,NO APLICA,8,Agosto,1,2022,16,29,JOY DR,9,Desconocido,Rural,Local,Not Reported,0,Sin jurisdiccion especial,99998,28.21586667,-82.48928889,Arbol,El primer evento no fue una colision con un vehiculo automotor en transporte,Not an Intersection,No fue interseccion,Sobre el lado de la calle,Ninguna,Dia total,Despejado,No,NO APLICA,99,99,99,99,1,01/08/2022,2
12,Florida,122291,1,1,1,0,57,HILLSBOROUGH (57),0,NO APLICA,8,Agosto,26,2022,6,20,I-4 SR-400,1,Interestatal,Urbano,Interestatal,State Highway Agency,1,Sin jurisdiccion especial,99998,27.99338611,-82.36833333,Peaton,El primer evento no fue una colision con un vehiculo automotor en transporte,Not an Intersection,No fue interseccion,Sobre Acotamiento,Ninguna,Oscuro con iluminacion,Despejado,No,NO APLICA,99,99,99,99,1,26/08/2022,1
12,Florida,122292,0,0,2,0,117,SEMINOLE (117),0,NO APLICA,9,Septiembre,3,2022,3,58,US-17-92,2,US Highway,Urbano,Arteria Principal,Not Reported,1,Sin jurisdiccion especial,99998,28.72708056,-81.313525,Vehiculo en movimiento,Frente a frente,Not an Intersection,No fue interseccion,Sobre calle,Ninguna,Oscuro con iluminacion,Nublado,No,NO APLICA,99,99,99,99,1,03/09/2022,2
12,Florida,122294,1,1,1,0,31,DUVAL (31),1510,JACKSONVILLE,9,Septiembre,9,2022,22,4,SR-21,3,Highway estatal,Urbano,Arteria Principal,State Highway Agency,1,Sin jurisdiccion especial,99998,30.20304722,-81.73961389,Peaton,El primer evento no fue una colision con un vehiculo automotor en transporte,Not an Intersection,No fue interseccion,Sobre calle,Ninguna,Oscuro con iluminacion,Nublado,No,NO APLICA,99,99,99,99,1,09/09/2022,1
12,Florida,122295,0,0,1,0,85,MARTIN (85),0,NO APLICA,9,Septiembre,10,2022,2,50,CR-609,4,Calle del Condado,Rural,Arteria Menor,County Highway Agency,0,Sin jurisdiccion especial,99998,27.1183,-80.48198889,Zanja,El primer evento no fue una colision con un vehiculo automotor en transporte,Not an Intersection,No fue interseccion,Sobre el lado de la calle,Ninguna,Oscuro sin iluminacion,Nublado,No,NO APLICA,99,99,99,99,2,10/09/2022,6
12,Florida,122296,0,0,1,0,35,FLAGLER (35),410,BUNNELL,9,Septiembre,14,2022,0,0,US-1,2,US Highway,Urbano,Arteria Principal,State Highway Agency,1,Sin jurisdiccion especial,99998,29.40694722,-81.19676667,Banqueta,El primer evento no fue una colision con un vehiculo automotor en transporte,Roundabout,Glorieta,Sobre el lado de la calle,Ninguna,Oscuro con iluminacion,Nublado,No,NO APLICA,99,99,99,99,1,14/09/2022,1
12,Florida,122298,1,1,1,0,86,MIAMI-DADE (86),2023,MIAMI GARDENS,9,Septiembre,15,2022,21,27,199TH ST,6,Calle Local Municipalidad,Urbano,Arteria Menor,City or Municipal Highway Agency,0,Sin jurisdiccion especial,99998,25.95503611,-80.25835278,Peaton,El primer evento no fue una colision con un vehiculo automotor en transporte,Not an Intersection,No fue interseccion,Sobre calle,Ninguna,Oscuro con iluminacion,lluvia,No,NO APLICA,99,99,99,99,1,15/09/2022,1
12,Florida,122299,0,0,2,0,11,BROWARD (11),2570,POMPANO BEACH,9,Septiembre,18,2022,1,40,SR-869,3,Highway estatal,Urbano,Arterial Principal -Freeway o ExpressWay,State Highway Agency,1,Sin jurisdiccion especial,99998,26.30024722,-80.18869444,Vehiculo en movimiento,Frente a frente,Not an Intersection,No fue interseccion,Sobre calle,Ninguna,Oscuro con iluminacion,lluvia,No,NO APLICA,99,99,99,99,1,18/09/2022,2
12,Florida,122300,0,0,3,0,11,BROWARD (11),633,COCONUT CREEK,9,Septiembre,15,2022,14,44,SR-834,3,Highway estatal,Urbano,Arteria Principal,State Highway Agency,0,Sin jurisdiccion especial,99998,26.27386944,-80.188525,Vehiculo en movimiento,Frente a frente,Not an Intersection,No fue interseccion,Sobre calle,Ninguna,Dia total,lluvia,No,NO APLICA,99,99,99,99,1,15/09/2022,3
12,Florida,122301,1,1,1,0,101,PASCO (101),2590,PORT RICHEY,8,Agosto,29,2022,21,18,US-19,2,US Highway,Urbano,Arteria Principal,State Highway Agency,1,Sin jurisdiccion especial,99998,28.27599444,-82.72042222,Ciclista,El primer evento no fue una colision con un vehiculo automotor en transporte,Not an Intersection,No fue interseccion,Sobre calle,Ninguna,Oscuro con iluminacion,Despejado,No,NO APLICA,99,99,99,99,1,29/08/2022,1
12,Florida,122302,1,1,1,0,11,BROWARD (11),2541,PLANTATION,8,Agosto,31,2022,21,55,US-441,2,US Highway,Urbano,Arteria Principal,State Highway Agency,1,Sin jurisdiccion especial,99998,26.10498333,-80.20161111,Peaton,El primer evento no fue una colision con un vehiculo automotor en transporte,Not an Intersection,No fue interseccion,Sobre calle,Ninguna,Oscuro con iluminacion,Nublado,No,NO APLICA,99,99,99,99,1,31/08/2022,1
12,Florida,122303,0,0,2,0,86,MIAMI-DADE (86),0,NO APLICA,9,Septiembre,2,2022,22,8,SW 187TH AVE,9,Desconocido,Urbano,Local,Not Reported,0,Sin jurisdiccion especial,99998,25.52774722,-80.49419167,Vehiculo en movimiento,Angulo,Not an Intersection,No fue interseccion,Sobre calle,Ninguna,Oscuro sin iluminacion,Despejado,No,NO APLICA,99,99,99,99,1,02/09/2022,2
12,Florida,122304,0,0,1,0,11,BROWARD (11),672,CORAL SPRINGS,9,Septiembre,9,2022,9,55,SW 1ST CT,6,Calle Local Municipalidad,Urbano,Local,Not Reported,0,Sin jurisdiccion especial,99998,26.11932778,-80.30408333,Arbol,El primer evento no fue una colision con un vehiculo automotor en transporte,Not an Intersection,No fue interseccion,"Fuera de la calle, ubicacion desconocida",Ninguna,Dia total,Despejado,No,NO APLICA,99,99,99,99,1,09/09/2022,1
12,Florida,122305,0,0,1,0,83,MARION (83),0,NO APLICA,9,Septiembre,10,2022,20,30,180TH AVE,8,Otro,Rural,Colector Menor,Town or Township Highway Agency,0,Sin jurisdiccion especial,99998,29.05333056,-82.41903889,Barda,El primer evento no fue una colision con un vehiculo automotor en transporte,T-Intersection,Interseccion de T,Fuera de la calle,Ninguna,Oscuro con iluminacion,Nublado,No,NO APLICA,99,99,99,99,1,10/09/2022,5
12,Florida,122306,0,0,1,0,71,LEE (71),0,NO APLICA,9,Septiembre,14,2022,22,38,N 2ND STREET,8,Otro,Rural,Local,City or Municipal Highway Agency,0,Sin jurisdiccion especial,99998,26.71133056,-81.88936944,Otra barrera de trafico,El primer evento no fue una colision con un vehiculo automotor en transporte,Not an Intersection,No fue interseccion,Sobre el lado de la calle,Ninguna,Oscuro sin iluminacion,Nublado,No,NO APLICA,99,99,99,99,1,14/09/2022,1
12,Florida,122307,0,0,2,0,99,PALM BEACH (99),0,NO APLICA,9,Septiembre,16,2022,16,35,WOOLBRIGHT RD,6,Calle Local Municipalidad,Urbano,Arteria Menor,Town or Township Highway Agency,0,Sin jurisdiccion especial,99998,77.7777,777.7777,Vehiculo en movimiento,Angulo,T-Intersection,Interseccion de T,Sobre calle,Ninguna,Dia total,Nublado,No,NO APLICA,99,99,99,99,1,16/09/2022,2
12,Florida,122308,0,0,2,0,57,HILLSBOROUGH (57),355,BRANDON,9,Septiembre,16,2022,6,44,KINGS AV,6,Calle Local Municipalidad,Urbano,Local,City or Municipal Highway Agency,0,Sin jurisdiccion especial,99998,27.914225,-82.29382778,Vehiculo en movimiento,Frente a Detrás,Not an Intersection,No fue interseccion,Sobre calle,Ninguna,Amanecer,Nublado,No,NO APLICA,99,99,99,99,1,16/09/2022,9
12,Florida,122309,1,1,1,0,95,ORANGE (95),0,NO APLICA,8,Agosto,20,2022,1,48,UNIVERSITY BLVD,6,Calle Local Municipalidad,Urbano,Arteria Menor,Not Reported,0,Sin jurisdiccion especial,99998,28.59771111,-81.22033889,Peaton,El primer evento no fue una colision con un vehiculo automotor en transporte,Not an Intersection,No fue interseccion,Sobre calle,Ninguna,Oscuro con iluminacion,Despejado,No,NO APLICA,99,99,99,99,1,20/08/2022,2
12,Florida,122310,1,1,3,0,95,ORANGE (95),0,NO APLICA,9,Septiembre,8,2022,2,24,US-441,2,US Highway,Urbano,Arteria Principal,State Highway Agency,1,Sin jurisdiccion especial,99998,28.46033889,-81.39806667,Peaton,El primer evento no fue una colision con un vehiculo automotor en transporte,Not an Intersection,No fue interseccion,Sobre calle,Ninguna,Oscuro con iluminacion,Despejado,No,NO APLICA,99,99,99,99,1,08/09/2022,3
12,Florida,122311,0,0,2,0,131,WALTON (131),0,NO APLICA,9,Septiembre,13,2022,20,8,US-331,2,US Highway,Rural,Arteria Principal,State Highway Agency,1,Sin jurisdiccion especial,99998,30.52582778,-86.10806667,Vehiculo en movimiento,Frente a frente,Not an Intersection,No fue interseccion,Sobre calle,Ninguna,Oscuro sin iluminacion,Despejado,No,NO APLICA,99,99,99,99,2,13/09/2022,2
12,Florida,122312,0,0,1,0,113,SANTA ROSA (113),0,NO APLICA,9,Septiembre,16,2022,12,10,CEMETERY RD,8,Otro,Rural,Local,City or Municipal Highway Agency,0,Sin jurisdiccion especial,99998,30.82816111,-86.840975,Volcadura,El primer evento no fue una colision con un vehiculo automotor en transporte,Not an Intersection,No fue interseccion,Sobre calle,Ninguna,Dia total,Despejado,No,NO APLICA,99,99,99,99,1,16/09/2022,1
12,Florida,122313,0,0,2,0,55,HIGHLANDS (55),0,NO APLICA,9,Septiembre,17,2022,15,36,SR-70,3,Highway estatal,Rural,Arteria Principal,State Highway Agency,0,Sin jurisdiccion especial,99998,27.2089,-81.4813,Vehiculo en movimiento,Frente a frente,Not an Intersection,No fue interseccion,Sobre calle,Ninguna,Dia total,lluvia,No,NO APLICA,99,99,99,99,1,17/09/2022,4
12,Florida,122315,0,0,2,0,86,MIAMI-DADE (86),0,NO APLICA,9,Septiembre,4,2022,19,15,US-41,2,US Highway,Urbano,Arteria Principal,State Highway Agency,1,Sin jurisdiccion especial,99998,25.76229722,-80.32696944,Vehiculo en movimiento,Golpe Lateral - misma direccion,Not an Intersection,No fue interseccion,Sobre calle,Ninguna,Dia total,Despejado,No,NO APLICA,99,99,99,99,1,04/09/2022,2
12,Florida,122316,1,1,1,0,69,LAKE (69),0,NO APLICA,9,Septiembre,8,2022,21,45,SR-91,3,Highway estatal,Urbano,Arterial Principal -Freeway o ExpressWay,Not Reported,1,Sin jurisdiccion especial,99998,28.56203889,-81.68383889,Peaton,El primer evento no fue una colision con un vehiculo automotor en transporte,Not an Intersection,No fue interseccion,Sobre calle,"Zona de trabajo, tipo desconocido",Oscuro sin iluminacion,Nublado,No,NO APLICA,99,99,99,99,1,08/09/2022,1
12,Florida,122317,0,0,2,0,105,POLK (105),1690,LAKELAND,9,Septiembre,21,2022,8,38,SWINDELL RD,6,Calle Local Municipalidad,Urbano,Local,City or Municipal Highway Agency,0,Sin jurisdiccion especial,99998,28.05495,-82.004625,Vehiculo en movimiento,Angulo,Not an Intersection,No fue interseccion,Sobre calle,Ninguna,Dia total,Despejado,No,NO APLICA,99,99,99,99,1,21/09/2022,2
12,Florida,122318,1,1,1,0,103,PINELLAS (103),1770,LARGO,9,Septiembre,18,2022,9,16,SR-688,3,Highway estatal,Urbano,Arteria Principal,State Highway Agency,1,Sin jurisdiccion especial,99998,27.89449444,-82.75723611,Ciclista,El primer evento no fue una colision con un vehiculo automotor en transporte,Not an Intersection,No fue interseccion,Sobre calle,Ninguna,Dia total,Despejado,No,NO APLICA,99,99,99,99,1,18/09/2022,1
12,Florida,122319,0,0,2,0,99,PALM BEACH (99),0,NO APLICA,9,Septiembre,20,2022,17,20,JOG RD,6,Calle Local Municipalidad,Rural,Arteria Principal,City or Municipal Highway Agency,0,Sin jurisdiccion especial,99998,26.44566389,-80.14671667,Vehiculo en movimiento,Frente a frente,T-Intersection,Interseccion de T,Sobre calle,Ninguna,Dia total,Despejado,No,NO APLICA,99,99,99,99,1,20/09/2022,3
12,Florida,122320,0,0,2,0,53,HERNANDO (53),0,NO APLICA,8,Agosto,24,2022,23,11,SR-50,3,Highway estatal,Urbano,Arteria Principal,Not Reported,0,Sin jurisdiccion especial,99998,28.53829167,-82.39217222,Vehiculo en movimiento,Angulo,Four-Way Intersection,Interseccion de 4 direcciones,Sobre calle,Ninguna,Oscuro sin iluminacion,Nublado,No,NO APLICA,23,11,23,19,1,24/08/2022,2
12,Florida,122322,0,0,2,0,99,PALM BEACH (99),0,NO APLICA,9,Septiembre,4,2022,7,24,SR-806,3,Highway estatal,Urbano,Arteria Principal,Not Reported,0,Sin jurisdiccion especial,99998,26.45366667,-80.17271111,Vehiculo en movimiento,Frente a frente,Four-Way Intersection,Interseccion de 4 direcciones,Sobre calle,Ninguna,Dia total,Despejado,No,NO APLICA,99,99,99,99,1,04/09/2022,4
12,Florida,122323,1,1,1,0,131,WALTON (131),0,NO APLICA,9,Septiembre,4,2022,20,16,SR-81,3,Highway estatal,Rural,Colector Mayor,State Highway Agency,0,Sin jurisdiccion especial,99998,30.66862222,-85.936525,Peaton,El primer evento no fue una colision con un vehiculo automotor en transporte,Not an Intersection,No fue interseccion,Sobre calle,Ninguna,Oscuro sin iluminacion,Despejado,No,NO APLICA,99,99,99,99,1,04/09/2022,2
12,Florida,122324,0,0,1,0,73,LEON (73),0,NO APLICA,9,Septiembre,10,2022,20,29,CR-12,4,Calle del Condado,Rural,Colector Mayor,County Highway Agency,0,Sin jurisdiccion especial,99998,30.66794167,-84.27580278,Zanja,El primer evento no fue una colision con un vehiculo automotor en transporte,Not an Intersection,No fue interseccion,Sobre el lado de la calle,Ninguna,Oscuro sin iluminacion,Nublado,No,NO APLICA,99,99,99,99,1,10/09/2022,1
12,Florida,122325,0,0,2,0,127,VOLUSIA (127),0,NO APLICA,9,Septiembre,11,2022,6,32,SR-472,3,Highway estatal,Urbano,Arteria Principal,State Highway Agency,0,Sin jurisdiccion especial,99998,28.97104167,-81.28277222,Vehiculo en movimiento,Frente a frente,Not an Intersection,No fue interseccion,Sobre calle,Ninguna,Dia total,Despejado,No,NO APLICA,99,99,99,99,1,11/09/2022,3
12,Florida,122326,0,0,2,0,115,SARASOTA (115),0,NO APLICA,9,Septiembre,12,2022,7,51,SR-758,3,Highway estatal,Urbano,Arteria Menor,State Highway Agency,0,Sin jurisdiccion especial,99998,27.29877222,-82.47664444,Vehiculo en movimiento,Angulo,T-Intersection,Interseccion de T,Sobre calle,Ninguna,Dia total,Nublado,No,NO APLICA,99,99,99,99,1,12/09/2022,2
12,Florida,122327,0,0,2,0,115,SARASOTA (115),0,NO APLICA,9,Septiembre,12,2022,18,27,SR-776,3,Highway estatal,Urbano,Arteria Menor,State Highway Agency,0,Sin jurisdiccion especial,99998,26.97496944,-82.35465,Vehiculo en movimiento,Angulo,Four-Way Intersection,Interseccion de 4 direcciones,Sobre calle,Ninguna,Atardecer,Despejado,No,NO APLICA,99,99,99,99,3,12/09/2022,4
12,Florida,122328,0,0,2,0,71,LEE (71),0,NO APLICA,9,Septiembre,13,2022,14,10,CR-884,4,Calle del Condado,Urbano,Arteria Menor,County Highway Agency,0,Sin jurisdiccion especial,99998,26.61713056,-81.69988056,Vehiculo en movimiento,Angulo,T-Intersection,Interseccion de T,Sobre calle,Ninguna,Dia total,Despejado,Yes,NO APLICA,99,99,99,99,1,13/09/2022,2
12,Florida,122329,1,1,1,0,95,ORANGE (95),0,NO APLICA,9,Septiembre,14,2022,4,21,JETPORT DRIVE,6,Calle Local Municipalidad,Urbano,Colector Mayor,City or Municipal Highway Agency,0,Sin jurisdiccion especial,99998,28.449925,-81.34727222,Peaton,El primer evento no fue una colision con un vehiculo automotor en transporte,Not an Intersection,No fue interseccion,Sobre calle,Ninguna,Oscuro sin iluminacion,Despejado,No,NO APLICA,99,99,99,99,1,14/09/2022,1
12,Florida,122330,1,1,1,0,55,HIGHLANDS (55),0,NO APLICA,9,Septiembre,17,2022,20,21,US-27,2,US Highway,Urbano,Arteria Principal,State Highway Agency,1,Sin jurisdiccion especial,99998,27.52703333,-81.49940833,Peaton,El primer evento no fue una colision con un vehiculo automotor en transporte,Four-Way Intersection,Interseccion de 4 direcciones,Sobre calle,Ninguna,Oscuro con iluminacion,lluvia,No,NO APLICA,99,99,99,99,1,17/09/2022,1
12,Florida,122331,1,1,1,0,101,PASCO (101),0,NO APLICA,9,Septiembre,10,2022,22,49,US-19,2,US Highway,Urbano,Arteria Principal,State Highway Agency,1,Sin jurisdiccion especial,99998,28.3751,-82.68289444,Peaton,El primer evento no fue una colision con un vehiculo automotor en transporte,Four-Way Intersection,Interseccion de 4 direcciones,Sobre calle,Ninguna,Oscuro con iluminacion,Despejado,No,NO APLICA,22,49,22,55,1,10/09/2022,2
12,Florida,122333,1,1,1,0,105,POLK (105),0,NO APLICA,9,Septiembre,6,2022,20,8,US-17,2,US Highway,Urbano,Arteria Principal,State Highway Agency,1,Sin jurisdiccion especial,99998,27.99374722,-81.73921111,Ciclista,El primer evento no fue una colision con un vehiculo automotor en transporte,Not an Intersection,No fue interseccion,Sobre calle,Ninguna,Oscuro sin iluminacion,lluvia,No,NO APLICA,99,99,99,99,1,06/09/2022,1
12,Florida,122334,0,0,1,0,86,MIAMI-DADE (86),0,NO APLICA,9,Septiembre,17,2022,22,38,SR-924 RAMP,3,Highway estatal,Urbano,Arterial Principal -Freeway o ExpressWay,State Highway Agency,0,Sin jurisdiccion especial,99998,25.89617778,-80.28886667,Arbol,El primer evento no fue una colision con un vehiculo automotor en transporte,Not an Intersection,No fue interseccion,Fuera de la calle,Ninguna,Oscuro sin iluminacion,lluvia,No,NO APLICA,99,99,99,99,1,17/09/2022,5
12,Florida,122335,1,1,1,0,111,ST LUCIE (111),2601,PORT SAINT LUCIE,8,Agosto,3,2022,19,10,SE CHARLESTON DR,6,Calle Local Municipalidad,Urbano,Local,City or Municipal Highway Agency,0,Sin jurisdiccion especial,99998,27.26918056,-80.26018056,Peaton,El primer evento no fue una colision con un vehiculo automotor en transporte,Not an Intersection,No fue interseccion,Sobre calle,Ninguna,Dia total,Despejado,No,NO APLICA,19,10,19,15,1,03/08/2022,1
12,Florida,122336,0,0,3,0,97,OSCEOLA (97),1590,KISSIMMEE,9,Septiembre,3,2022,2,21,US-17,2,US Highway,Urbano,Arteria Principal,Not Reported,1,Sin jurisdiccion especial,99998,28.30446944,-81.40781944,Vehiculo en movimiento,Frente a Detrás,Four-Way Intersection,Interseccion de 4 direcciones,Sobre calle,Ninguna,Oscuro con iluminacion,Despejado,No,NO APLICA,99,99,99,99,1,03/09/2022,4
12,Florida,122337,1,1,1,0,86,MIAMI-DADE (86),1440,HOMESTEAD,9,Septiembre,9,2022,6,40,KROME AVE,6,Calle Local Municipalidad,Urbano,Arteria Principal,City or Municipal Highway Agency,1,Sin jurisdiccion especial,99998,25.47076111,-80.47734167,Peaton,El primer evento no fue una colision con un vehiculo automotor en transporte,Not an Intersection,No fue interseccion,Sobre calle,Ninguna,Dia total,Despejado,No,NO APLICA,99,99,99,99,1,09/09/2022,1
12,Florida,122338,0,0,2,0,86,MIAMI-DADE (86),0,NO APLICA,9,Septiembre,14,2022,7,59,SW 137TH AVE,6,Calle Local Municipalidad,Urbano,Colector Mayor,City or Municipal Highway Agency,0,Sin jurisdiccion especial,99998,25.52911667,-80.41274167,Vehiculo en movimiento,Angulo,Four-Way Intersection,Interseccion de 4 direcciones,Sobre calle,Ninguna,Dia total,Despejado,No,NO APLICA,99,99,99,99,1,14/09/2022,2