Estado,Nombre de Estado,Numero de Caso,Peatones,Personas _no_vehiculos,Vehiculos automotores,Vehiculos estacionados,Condado,Nombre Condado,Ciudad,Nombre Ciudad,Mes,Nombre Mes,Dia,Año,Hora,Minuto,Calle,Ruta,Nombre Ruta,Rural o Urbanoo,Sistema Funcional,Dueño Calle,Sistema Nacional Carreteras,Jurisdiccion Especial,Milla,Latitud,Longitud,Causa del Accidente,Tipo de Accidente,Tipo Interseccion,Columna1,Lugar en la calle,Zona de Trabajo,Luz,Clima,Autobus Escolar,Cruce de Trenes,Hora Notificacion,Minuto Notificacion,Hora Llegada,Minuto Llegada,Decesos,Fecha,PersonaVehiculo
12,Florida,122339,1,1,1,0,86,MIAMI-DADE (86),0,NO APLICA,9,Septiembre,14,2022,6,24,46TH ST,6,Calle Local Municipalidad,Urbano,Colector Mayor,City or Municipal Highway Agency,0,Sin jurisdiccion especial,99998,25.81669167,-80.234925,Peaton,El primer evento no fue una colision con un vehiculo automotor en transporte,Not an Intersection,No fue interseccion,Sobre calle,Ninguna,Oscuro con iluminacion,Despejado,No,NO APLICA,99,99,99,99,1,14/09/2022,2
12,Florida,122340,1,1,2,0,11,BROWARD (11),1927,HAMMONDVILLE,9,Septiembre,18,2022,19,54,US-441,2,US Highway,Urbano,Arteria Principal,State Highway Agency,1,Sin jurisdiccion especial,99998,26.22811111,-80.20463333,Peaton,El primer evento no fue una colision con un vehiculo automotor en transporte,Four-Way Intersection,Interseccion de 4 direcciones,Sobre calle,Ninguna,Dia total,Despejado,No,NO APLICA,99,99,99,99,1,18/09/2022,2
12,Florida,122342,1,1,1,0,86,MIAMI-DADE (86),2010,MIAMI,9,Septiembre,23,2022,6,30,12TH AVE,6,Calle Local Municipalidad,Urbano,Arteria Menor,State Highway Agency,0,Sin jurisdiccion especial,99998,25.774425,-80.21467222,Peaton,El primer evento no fue una colision con un vehiculo automotor en transporte,Not an Intersection,No fue interseccion,Sobre calle,Ninguna,Oscuro con iluminacion,Despejado,No,NO APLICA,99,99,99,99,1,23/09/2022,1
12,Florida,122343,0,0,2,0,49,HARDEE (49),0,NO APLICA,9,Septiembre,24,2022,17,19,CR-663,4,Calle del Condado,Rural,Colector Mayor,County Highway Agency,0,Sin jurisdiccion especial,99998,27.40331667,-81.91601944,Vehiculo en movimiento,Angulo,T-Intersection,Interseccion de T,Sobre el lado de la calle,Ninguna,Dia total,Despejado,No,NO APLICA,99,99,99,99,1,24/09/2022,5
12,Florida,122344,0,0,1,0,97,OSCEOLA (97),0,NO APLICA,8,Agosto,28,2022,0,30,US-192,2,US Highway,Rural,Arteria Principal,State Highway Agency,1,Sin jurisdiccion especial,99998,28.17076667,-81.12918056,Volcadura,El primer evento no fue una colision con un vehiculo automotor en transporte,Not an Intersection,No fue interseccion,Sobre el lado de la calle,Ninguna,Oscuro con iluminacion,Despejado,No,NO APLICA,99,99,99,99,1,28/08/2022,1
12,Florida,122345,0,0,2,0,97,OSCEOLA (97),1590,KISSIMMEE,9,Septiembre,10,2022,12,40,CR-531,4,Calle del Condado,Urbano,Arteria Menor,County Highway Agency,0,Sin jurisdiccion especial,99998,28.22969444,-81.43699167,Vehiculo en movimiento,Angulo,T-Intersection,Interseccion de T,Sobre calle,Ninguna,Dia total,Despejado,No,NO APLICA,99,99,99,99,1,10/09/2022,2
12,Florida,122346,0,0,1,0,95,ORANGE (95),0,NO APLICA,9,Septiembre,11,2022,5,3,SR-551,3,Highway estatal,Urbano,Arteria Menor,State Highway Agency,0,Sin jurisdiccion especial,99998,28.50118889,-81.28536944,Volcadura,El primer evento no fue una colision con un vehiculo automotor en transporte,T-Intersection,Interseccion de T,Sobre calle,Ninguna,Oscuro con iluminacion,Despejado,No,NO APLICA,99,99,99,99,1,11/09/2022,1
12,Florida,122347,0,0,2,0,95,ORANGE (95),0,NO APLICA,9,Septiembre,10,2022,12,5,CR-424,4,Calle del Condado,Urbano,Colector Mayor,County Highway Agency,0,Sin jurisdiccion especial,99998,28.61996111,-81.4346,Vehiculo en movimiento,Angulo,T-Intersection,Interseccion de T,Sobre calle,Ninguna,Dia total,Despejado,No,NO APLICA,99,99,99,99,1,10/09/2022,3
12,Florida,122348,0,0,1,0,39,GADSDEN (39),0,NO APLICA,9,Septiembre,15,2022,19,52,I-10,1,Interestatal,Rural,Interestatal,State Highway Agency,1,Sin jurisdiccion especial,99998,30.53084444,-84.55653611,Arbol,El primer evento no fue una colision con un vehiculo automotor en transporte,Not an Intersection,No fue interseccion,"Fuera de la calle, ubicacion desconocida",Ninguna,Atardecer,Despejado,No,NO APLICA,99,99,99,99,1,15/09/2022,1
12,Florida,122349,0,0,1,0,71,LEE (71),0,NO APLICA,9,Septiembre,16,2022,20,10,SR-865,3,Highway estatal,Urbano,Arteria Menor,State Highway Agency,0,Sin jurisdiccion especial,99998,26.48631944,-81.94311111,Banqueta,El primer evento no fue una colision con un vehiculo automotor en transporte,Not an Intersection,No fue interseccion,Sobre el lado de la calle,Ninguna,Oscuro con iluminacion,lluvia,No,NO APLICA,99,99,99,99,1,16/09/2022,1
12,Florida,122350,0,0,2,0,41,GILCHRIST (41),0,NO APLICA,9,Septiembre,18,2022,10,53,US-129,2,US Highway,Rural,Arteria Menor,State Highway Agency,0,Sin jurisdiccion especial,99998,29.79607778,-82.86688056,Vehiculo en movimiento,Angulo,Four-Way Intersection,Interseccion de 4 direcciones,Sobre calle,Ninguna,Dia total,Despejado,No,NO APLICA,99,99,99,99,1,18/09/2022,3
12,Florida,122351,1,1,2,0,97,OSCEOLA (97),0,NO APLICA,9,Septiembre,21,2022,9,30,POINCIANA BOULEVARD,6,Calle Local Municipalidad,Urbano,Arteria Principal,Not Reported,0,Sin jurisdiccion especial,99998,28.33173611,-81.48965278,Vehiculo en movimiento,Angulo,Not an Intersection,No fue interseccion,Sobre calle,Ninguna,Dia total,Despejado,No,NO APLICA,99,99,99,99,1,21/09/2022,4
12,Florida,122352,0,0,4,0,71,LEE (71),1070,FORT MYERS,9,Septiembre,22,2022,9,42,COLONIAL BLVD,6,Calle Local Municipalidad,Urbano,Arteria Principal,State Highway Agency,1,Sin jurisdiccion especial,99998,26.61278889,-81.80042222,Vehiculo en movimiento,Frente a Detrás,T-Intersection,Interseccion de T,Sobre calle,"Zona de trabajo, tipo desconocido",Dia total,Despejado,No,NO APLICA,99,99,99,99,1,22/09/2022,7
12,Florida,122353,1,1,1,0,53,HERNANDO (53),390,BROOKSVILLE,9,Septiembre,15,2022,20,25,US-98,2,US Highway,Urbano,Arteria Principal,State Highway Agency,1,Sin jurisdiccion especial,99998,28.54736667,-82.38077778,Peaton,El primer evento no fue una colision con un vehiculo automotor en transporte,Four-Way Intersection,Interseccion de 4 direcciones,Sobre calle,Ninguna,Oscuro sin iluminacion,Nublado,No,NO APLICA,99,99,99,99,1,15/09/2022,1
12,Florida,122354,0,0,2,0,95,ORANGE (95),0,NO APLICA,9,Septiembre,23,2022,6,30,US-441,2,US Highway,Urbano,Arteria Principal,City or Municipal Highway Agency,1,Sin jurisdiccion especial,99998,28.73658889,-81.61366111,Vehiculo en movimiento,Angulo,T-Intersection,Interseccion de T,Sobre calle,Ninguna,Oscuro sin iluminacion,Despejado,No,NO APLICA,99,99,99,99,1,23/09/2022,2
12,Florida,122357,0,0,1,0,31,DUVAL (31),1510,JACKSONVILLE,9,Septiembre,3,2022,19,36,BOULEVARD ST,6,Calle Local Municipalidad,Urbano,Arteria Menor,City or Municipal Highway Agency,0,Sin jurisdiccion especial,99998,30.34243889,-81.66165556,Arbol,El primer evento no fue una colision con un vehiculo automotor en transporte,Not an Intersection,No fue interseccion,Fuera de la calle,Ninguna,Atardecer,Despejado,No,NO APLICA,99,99,99,99,1,03/09/2022,2
12,Florida,122358,0,0,2,0,86,MIAMI-DADE (86),0,NO APLICA,9,Septiembre,18,2022,22,27,22ND ST,6,Calle Local Municipalidad,Urbano,Colector Mayor,Not Reported,0,Sin jurisdiccion especial,99998,25.79381667,-80.30081944,Vehiculo en movimiento,Angulo,Not an Intersection,No fue interseccion,Sobre calle,Ninguna,Oscuro con iluminacion,Nublado,No,NO APLICA,99,99,99,99,1,18/09/2022,2
12,Florida,122360,0,0,1,0,17,CITRUS (17),0,NO APLICA,9,Septiembre,7,2022,1,30,FORT ISLAND TRL,8,Otro,Rural,Colector Menor,Not Reported,0,Sin jurisdiccion especial,99998,28.90908889,-82.69093889,Arbol,El primer evento no fue una colision con un vehiculo automotor en transporte,Not an Intersection,No fue interseccion,Fuera de la calle,Ninguna,Oscuro sin iluminacion,Despejado,No,NO APLICA,1,32,99,99,1,07/09/2022,1
12,Florida,122361,0,0,2,0,97,OSCEOLA (97),0,NO APLICA,9,Septiembre,11,2022,8,0,US-192,2,US Highway,Rural,Arteria Principal,City or Municipal Highway Agency,1,Sin jurisdiccion especial,99998,28.19193056,-81.15451944,Vehiculo en movimiento,Frente a Detrás,T-Intersection,Interseccion de T,Sobre calle,Ninguna,Dia total,Nublado,No,NO APLICA,99,99,99,99,1,11/09/2022,3
12,Florida,122362,0,0,2,0,91,OKALOOSA (91),0,NO APLICA,9,Septiembre,14,2022,19,40,US-90,2,US Highway,Urbano,Arteria Menor,City or Municipal Highway Agency,1,Sin jurisdiccion especial,99998,30.75496944,-86.52198056,Vehiculo en movimiento,Frente a frente,Four-Way Intersection,Interseccion de 4 direcciones,Sobre calle,Ninguna,Oscuro sin iluminacion,Despejado,No,NO APLICA,99,99,99,99,1,14/09/2022,4
12,Florida,122363,3,3,1,0,27,DE SOTO (27),80,ARCADIA,9,Septiembre,17,2022,12,40,US-17,2,US Highway,Urbano,Arteria Principal,State Highway Agency,1,Sin jurisdiccion especial,99998,27.21218889,-81.86132778,Peaton,El primer evento no fue una colision con un vehiculo automotor en transporte,Four-Way Intersection,Interseccion de 4 direcciones,Sobre calle,Ninguna,Dia total,Despejado,No,NO APLICA,99,99,99,99,1,17/09/2022,1
12,Florida,122364,0,0,1,0,117,SEMINOLE (117),0,NO APLICA,9,Septiembre,18,2022,2,8,SR-415,3,Highway estatal,Rural,Arteria Menor,State Highway Agency,0,Sin jurisdiccion especial,99998,28.79525278,-81.21288611,Volcadura,El primer evento no fue una colision con un vehiculo automotor en transporte,Not an Intersection,No fue interseccion,Sobre el lado de la calle,Ninguna,Oscuro sin iluminacion,Despejado,No,NO APLICA,99,99,99,99,1,18/09/2022,1
12,Florida,122365,0,0,2,0,31,DUVAL (31),1510,JACKSONVILLE,9,Septiembre,16,2022,20,24,US-1,2,US Highway,Urbano,Arteria Principal,State Highway Agency,1,Sin jurisdiccion especial,99998,30.17997222,-81.55344167,Vehiculo en movimiento,Frente a frente,Not an Intersection,No fue interseccion,Sobre calle,Ninguna,Oscuro con iluminacion,Despejado,No,NO APLICA,99,99,99,99,1,16/09/2022,2
12,Florida,122366,1,1,1,0,97,OSCEOLA (97),1590,KISSIMMEE,9,Septiembre,19,2022,5,50,US-192,2,US Highway,Urbano,Arteria Principal,State Highway Agency,1,Sin jurisdiccion especial,99998,28.26246944,-81.3301,Ciclista,El primer evento no fue una colision con un vehiculo automotor en transporte,Not an Intersection,No fue interseccion,Sobre el lado de la calle,Ninguna,Oscuro con iluminacion,Despejado,No,NO APLICA,99,99,99,99,1,19/09/2022,1
12,Florida,122367,1,1,1,0,55,HIGHLANDS (55),0,NO APLICA,9,Septiembre,21,2022,6,7,CR-623,4,Calle del Condado,Urbano,Colector Mayor,County Highway Agency,0,Sin jurisdiccion especial,99998,27.46469444,-81.39208333,Ciclista,El primer evento no fue una colision con un vehiculo automotor en transporte,Not an Intersection,No fue interseccion,Sobre calle,Ninguna,Oscuro sin iluminacion,Despejado,No,NO APLICA,99,99,99,99,1,21/09/2022,1
12,Florida,122368,0,0,1,0,27,DE SOTO (27),0,NO APLICA,9,Septiembre,25,2022,2,20,CR-769,4,Calle del Condado,Rural,Colector Mayor,County Highway Agency,0,Sin jurisdiccion especial,99998,27.07223611,-82.01958333,Culvert,El primer evento no fue una colision con un vehiculo automotor en transporte,T-Intersection,Interseccion de T,Sobre el lado de la calle,Ninguna,Oscuro sin iluminacion,Nublado,No,NO APLICA,99,99,99,99,1,25/09/2022,2
12,Florida,122369,0,0,1,0,83,MARION (83),0,NO APLICA,9,Septiembre,8,2022,1,40,US-441,2,US Highway,Urbano,Arteria Principal,State Highway Agency,1,Sin jurisdiccion especial,99998,29.04920833,-82.03647222,Animal vivo,El primer evento no fue una colision con un vehiculo automotor en transporte,Not an Intersection,No fue interseccion,Sobre calle,Ninguna,Oscuro sin iluminacion,Nublado,No,NO APLICA,99,99,99,99,1,08/09/2022,2
12,Florida,122370,0,0,3,0,99,PALM BEACH (99),330,BOYNTON BEACH,9,Septiembre,12,2022,17,20,CR-807,4,Calle del Condado,Urbano,Colector Mayor,County Highway Agency,0,Sin jurisdiccion especial,99998,26.53177778,-80.09063333,Vehiculo en movimiento,Angulo,Four-Way Intersection,Interseccion de 4 direcciones,Sobre calle,Ninguna,Dia total,Despejado,No,NO APLICA,99,99,99,99,1,12/09/2022,4
12,Florida,122371,0,0,1,0,31,DUVAL (31),1510,JACKSONVILLE,9,Septiembre,13,2022,10,31,I-10,1,Interestatal,Urbano,Arteria Principal,State Highway Agency,1,Sin jurisdiccion especial,99998,30.30835833,-81.86103611,Valla Ferrocarril,El primer evento no fue una colision con un vehiculo automotor en transporte,Not an Intersection,No fue interseccion,En el medio,Ninguna,Dia total,Nublado,No,NO APLICA,99,99,99,99,1,13/09/2022,1
12,Florida,122372,0,0,2,0,117,SEMINOLE (117),0,NO APLICA,9,Septiembre,16,2022,13,34,SR-436,3,Highway estatal,Urbano,Arteria Principal,State Highway Agency,1,Sin jurisdiccion especial,99998,28.66658889,-81.43013056,Volcadura,El primer evento no fue una colision con un vehiculo automotor en transporte,Not an Intersection,No fue interseccion,Sobre calle,Ninguna,Dia total,Despejado,No,NO APLICA,99,99,99,99,1,16/09/2022,2
12,Florida,122373,1,1,1,0,33,ESCAMBIA (33),2146,MYRTLE GROVE,9,Septiembre,17,2022,21,39,SR-727,3,Highway estatal,Urbano,Arteria Menor,State Highway Agency,0,Sin jurisdiccion especial,99998,30.42716944,-87.31543889,Peaton,El primer evento no fue una colision con un vehiculo automotor en transporte,T-Intersection,Interseccion de T,Sobre calle,Ninguna,Oscuro sin iluminacion,Despejado,No,NO APLICA,99,99,99,99,1,17/09/2022,1
12,Florida,122374,1,1,1,0,5,BAY (5),2450,PANAMA CITY,9,Septiembre,24,2022,22,27,SR-368,3,Highway estatal,Urbano,Arteria Menor,State Highway Agency,0,Sin jurisdiccion especial,99998,30.18958889,-85.66224444,Peaton,El primer evento no fue una colision con un vehiculo automotor en transporte,Not an Intersection,No fue interseccion,Sobre calle,Ninguna,Oscuro con iluminacion,Despejado,No,NO APLICA,99,99,99,99,1,24/09/2022,1
12,Florida,122375,1,1,1,0,57,HILLSBOROUGH (57),2950,TAMPA,9,Septiembre,24,2022,9,37,US-92,2,US Highway,Urbano,Arteria Principal,State Highway Agency,1,Sin jurisdiccion especial,99998,27.891025,-82.54016111,Ciclista,El primer evento no fue una colision con un vehiculo automotor en transporte,Not an Intersection,No fue interseccion,Sobre calle,Ninguna,Dia total,Despejado,No,NO APLICA,99,99,99,99,1,24/09/2022,1
12,Florida,122376,0,0,1,0,31,DUVAL (31),1510,JACKSONVILLE,9,Septiembre,25,2022,2,6,SR-212,3,Highway estatal,Urbano,Arteria Principal,State Highway Agency,1,Sin jurisdiccion especial,99998,30.28656389,-81.56019444,Volcadura,El primer evento no fue una colision con un vehiculo automotor en transporte,Four-Way Intersection,Interseccion de 4 direcciones,Sobre calle,Ninguna,Oscuro con iluminacion,Nublado,No,NO APLICA,99,99,99,99,1,25/09/2022,1
12,Florida,122377,0,0,1,0,99,PALM BEACH (99),0,NO APLICA,9,Septiembre,26,2022,8,48,VEDRA LAKE CIRCLE,6,Calle Local Municipalidad,Urbano,Local,City or Municipal Highway Agency,0,Sin jurisdiccion especial,99998,26.48035556,-80.15604444,Banqueta,El primer evento no fue una colision con un vehiculo automotor en transporte,Not an Intersection,No fue interseccion,Sobre el lado de la calle,Ninguna,Dia total,Despejado,No,NO APLICA,99,99,99,99,1,26/09/2022,1
12,Florida,122378,1,1,1,0,117,SEMINOLE (117),30,ALTAMONTE SPRINGS,9,Septiembre,26,2022,1,44,ALTAMONTE DR,6,Calle Local Municipalidad,Urbano,Arteria Principal,State Highway Agency,1,Sin jurisdiccion especial,99998,28.66326667,-81.34674167,Peaton,El primer evento no fue una colision con un vehiculo automotor en transporte,Not an Intersection,No fue interseccion,Sobre calle,Ninguna,Oscuro con iluminacion,Despejado,No,NO APLICA,99,99,99,99,1,26/09/2022,1
12,Florida,122379,0,0,1,0,5,BAY (5),0,NO APLICA,9,Septiembre,13,2022,17,30,SUZIE LANE,8,Otro,Rural,Local,Town or Township Highway Agency,0,Sin jurisdiccion especial,99998,30.50935,-85.407525,Arbol,El primer evento no fue una colision con un vehiculo automotor en transporte,Not an Intersection,No fue interseccion,Sobre el lado de la calle,Ninguna,Dia total,Nublado,No,NO APLICA,99,99,99,99,1,13/09/2022,1
12,Florida,122380,0,0,2,0,123,TAYLOR (123),0,NO APLICA,9,Septiembre,25,2022,16,15,CR-361,4,Calle del Condado,Rural,Colector Mayor,County Highway Agency,0,Sin jurisdiccion especial,99998,29.81266667,-83.57895833,Vehiculo en movimiento,Frente a Detrás,T-Intersection,Interseccion de T,Sobre calle,Ninguna,Dia total,Despejado,No,NO APLICA,99,99,99,99,1,25/09/2022,2
12,Florida,122381,1,1,1,0,127,VOLUSIA (127),2580,PORT ORANGE,9,Septiembre,26,2022,9,56,SR-5,3,Highway estatal,Urbano,Arteria Principal,State Highway Agency,0,Sin jurisdiccion especial,99998,29.12622778,-80.97884722,Ciclista,El primer evento no fue una colision con un vehiculo automotor en transporte,T-Intersection,Interseccion de T,Sobre calle,Ninguna,Dia total,Despejado,No,NO APLICA,99,99,99,99,1,26/09/2022,1
12,Florida,122382,0,0,2,0,5,BAY (5),2450,PANAMA CITY,9,Septiembre,21,2022,19,50,SR-368,3,Highway estatal,Urbano,Arteria Menor,State Highway Agency,1,Sin jurisdiccion especial,99998,30.18980556,-85.70839444,Vehiculo en movimiento,Angulo,Four-Way Intersection,Interseccion de 4 direcciones,Sobre calle,Ninguna,Oscuro con iluminacion,Despejado,No,NO APLICA,99,99,99,99,1,21/09/2022,3
12,Florida,122383,0,0,1,0,31,DUVAL (31),1510,JACKSONVILLE,9,Septiembre,26,2022,14,55,CARAVELLE DR,6,Calle Local Municipalidad,Urbano,Local,City or Municipal Highway Agency,0,Sin jurisdiccion especial,99998,30.24181111,-81.78698333,Buzon de correo,El primer evento no fue una colision con un vehiculo automotor en transporte,Not an Intersection,No fue interseccion,Sobre el lado de la calle,Ninguna,Dia total,Despejado,No,NO APLICA,99,99,99,99,1,26/09/2022,1
12,Florida,122384,0,0,1,0,31,DUVAL (31),1510,JACKSONVILLE,9,Septiembre,27,2022,6,0,SR-13 RAMP,3,Highway estatal,Urbano,Arteria Menor,State Highway Agency,0,Sin jurisdiccion especial,99998,30.32513056,-81.66731667,Barrera de Trafico de Concreto,El primer evento no fue una colision con un vehiculo automotor en transporte,Not an Intersection,No fue interseccion,Sobre el lado de la calle,Ninguna,Oscuro con iluminacion,Despejado,No,NO APLICA,99,99,99,99,1,27/09/2022,1
12,Florida,122385,0,0,1,0,95,ORANGE (95),0,NO APLICA,9,Septiembre,17,2022,20,30,SR-50,3,Highway estatal,Urbano,Arteria Principal,State Highway Agency,0,Sin jurisdiccion especial,99998,28.55801944,-81.12121944,Volcadura,El primer evento no fue una colision con un vehiculo automotor en transporte,Not an Intersection,No fue interseccion,Sobre el lado de la calle,Ninguna,Oscuro sin iluminacion,lluvia,No,NO APLICA,99,99,99,99,1,17/09/2022,1
12,Florida,122386,2,2,1,0,109,ST JOHNS (109),0,NO APLICA,9,Septiembre,16,2022,22,30,SR-A1A,3,Highway estatal,Urbano,Arteria Menor,State Highway Agency,1,Sin jurisdiccion especial,99998,30.04994722,-81.33013611,Peaton,El primer evento no fue una colision con un vehiculo automotor en transporte,Not an Intersection,No fue interseccion,Sobre calle,Ninguna,Oscuro sin iluminacion,Nublado,No,NO APLICA,99,99,99,99,1,16/09/2022,2
12,Florida,122387,0,0,2,0,89,NASSAU (89),0,NO APLICA,9,Septiembre,27,2022,19,44,US-1,2,US Highway,Rural,Arteria Principal,State Highway Agency,1,Sin jurisdiccion especial,99998,30.74291111,-81.95383056,Vehiculo en movimiento,Frente a Detrás,T-Intersection,Interseccion de T,Sobre calle,Ninguna,Oscuro con iluminacion,Despejado,No,NO APLICA,99,99,99,99,1,27/09/2022,2
12,Florida,122388,0,0,1,0,41,GILCHRIST (41),0,NO APLICA,9,Septiembre,28,2022,1,30,SW 47TH COURT,8,Otro,Rural,Local,City or Municipal Highway Agency,0,Sin jurisdiccion especial,99998,29.690975,-82.88649722,Barda,El primer evento no fue una colision con un vehiculo automotor en transporte,Not an Intersection,No fue interseccion,Sobre el lado de la calle,Ninguna,Oscuro sin iluminacion,Nublado,No,NO APLICA,99,99,99,99,1,28/09/2022,1
12,Florida,122389,1,1,1,0,127,VOLUSIA (127),0,NO APLICA,9,Septiembre,11,2022,8,8,US-92,2,US Highway,Urbano,Arteria Principal,State Highway Agency,1,Sin jurisdiccion especial,99998,29.13925556,-81.13142222,Ciclista,El primer evento no fue una colision con un vehiculo automotor en transporte,Not an Intersection,No fue interseccion,Sobre Acotamiento,Ninguna,Oscuro sin iluminacion,Despejado,No,NO APLICA,99,99,99,99,1,11/09/2022,1
12,Florida,122390,1,1,1,0,69,LAKE (69),1120,FRUITLAND PARK,9,Septiembre,22,2022,6,53,PICCIOLA CUTOFF RD,6,Calle Local Municipalidad,Urbano,Local,City or Municipal Highway Agency,0,Sin jurisdiccion especial,99998,28.84960556,-81.895475,Peaton,El primer evento no fue una colision con un vehiculo automotor en transporte,Not an Intersection,No fue interseccion,Sobre calle,Ninguna,Amanecer,Neblina o Humo,No,NO APLICA,99,99,99,99,1,22/09/2022,1
12,Florida,122391,1,1,1,0,91,OKALOOSA (91),0,NO APLICA,9,Septiembre,24,2022,2,24,SR-85,3,Highway estatal,Urbano,Arteria Principal,State Highway Agency,1,Sin jurisdiccion especial,99998,30.81840278,-86.53821389,Peaton,El primer evento no fue una colision con un vehiculo automotor en transporte,Not an Intersection,No fue interseccion,Sobre calle,Ninguna,Oscuro sin iluminacion,Despejado,No,NO APLICA,99,99,99,99,1,24/09/2022,2
12,Florida,122392,0,0,2,0,99,PALM BEACH (99),0,NO APLICA,9,Septiembre,26,2022,22,56,6TH AVE S,6,Calle Local Municipalidad,Urbano,Arteria Menor,Not Reported,0,Sin jurisdiccion especial,99998,26.60929444,-80.08235833,Vehiculo en movimiento,Frente a frente,Not an Intersection,No fue interseccion,Sobre calle,Ninguna,Oscuro sin iluminacion,lluvia,No,NO APLICA,99,99,99,99,1,26/09/2022,4
12,Florida,122395,0,0,1,0,69,LAKE (69),0,NO APLICA,9,Septiembre,25,2022,17,57,CR-565,4,Calle del Condado,Rural,Colector Menor,County Highway Agency,0,Sin jurisdiccion especial,99998,28.63060278,-81.84776667,Zanja,El primer evento no fue una colision con un vehiculo automotor en transporte,Not an Intersection,No fue interseccion,Sobre el lado de la calle,Ninguna,Dia total,Despejado,No,NO APLICA,99,99,99,99,1,25/09/2022,1
12,Florida,122396,0,0,2,0,103,PINELLAS (103),0,NO APLICA,9,Septiembre,11,2022,10,15,US-19,2,US Highway,Urbano,Arteria Principal,State Highway Agency,1,Sin jurisdiccion especial,99998,28.03386667,-82.73832222,Vehiculo en movimiento,Frente a Detrás,Not an Intersection,No fue interseccion,Sobre calle,Ninguna,Dia total,Despejado,No,NO APLICA,99,99,99,99,1,11/09/2022,2
12,Florida,122397,2,2,4,3,86,MIAMI-DADE (86),0,NO APLICA,9,Septiembre,20,2022,19,43,99TH ST,9,Desconocido,Urbano,Local,Not Reported,0,Sin jurisdiccion especial,99998,25.86464722,-80.23342222,Vehiculo Aparcado,El primer evento no fue una colision con un vehiculo automotor en transporte,Not an Intersection,No fue interseccion,Fuera de la calle,Ninguna,Oscuro con iluminacion,Despejado,No,NO APLICA,99,99,99,99,1,20/09/2022,1
12,Florida,122398,1,1,1,0,86,MIAMI-DADE (86),0,NO APLICA,9,Septiembre,22,2022,22,44,N  PERIMETER RD,6,Calle Local Municipalidad,Urbano,Local,Not Reported,0,Sin jurisdiccion especial,99998,25.67851389,-80.37759722,Peaton,El primer evento no fue una colision con un vehiculo automotor en transporte,Not an Intersection,No fue interseccion,Sobre calle,Ninguna,Oscuro con iluminacion,Despejado,No,NO APLICA,99,99,99,99,1,22/09/2022,1
12,Florida,122399,0,0,1,0,11,BROWARD (11),2570,POMPANO BEACH,9,Septiembre,24,2022,1,15,SR-801,3,Highway estatal,Urbano,Arteria Menor,State Highway Agency,0,Sin jurisdiccion especial,99998,26.21081389,-80.13240278,Otra no colicion,El primer evento no fue una colision con un vehiculo automotor en transporte,Four-Way Intersection,Interseccion de 4 direcciones,"Fuera de la calle, ubicacion desconocida",Ninguna,Oscuro sin iluminacion,Despejado,No,NO APLICA,99,99,99,99,1,24/09/2022,1
12,Florida,122400,0,0,1,0,86,MIAMI-DADE (86),1340,HIALEAH,9,Septiembre,24,2022,12,19,SR-823 W 41ST ST,3,Highway estatal,Urbano,Arteria Principal,State Highway Agency,1,Sin jurisdiccion especial,99998,25.85895278,-80.29025833,Barda,El primer evento no fue una colision con un vehiculo automotor en transporte,Not an Intersection,No fue interseccion,Fuera de la calle,Ninguna,Dia total,Despejado,No,NO APLICA,99,99,99,99,1,24/09/2022,1
12,Florida,122401,1,1,1,0,71,LEE (71),0,NO APLICA,9,Septiembre,25,2022,20,12,SR-80,3,Highway estatal,Urbano,Arteria Principal,State Highway Agency,1,Sin jurisdiccion especial,99998,26.67581944,-81.81345,Ciclista,El primer evento no fue una colision con un vehiculo automotor en transporte,T-Intersection,Interseccion de T,Sobre calle,Ninguna,Atardecer,Despejado,No,NO APLICA,99,99,99,99,1,25/09/2022,1
12,Florida,122402,0,0,2,0,57,HILLSBOROUGH (57),2950,TAMPA,9,Septiembre,27,2022,17,7,W LEROY ST,6,Calle Local Municipalidad,Urbano,Local,Town or Township Highway Agency,0,Sin jurisdiccion especial,99998,27.97184444,-82.49515833,Vehiculo en movimiento,Angulo,Four-Way Intersection,Interseccion de 4 direcciones,Sobre calle,Ninguna,Dia total,Nublado,No,NO APLICA,99,99,99,99,1,27/09/2022,3
12,Florida,122403,1,1,1,0,31,DUVAL (31),1510,JACKSONVILLE,10,Octubre,1,2022,20,40,NOROAD,6,Calle Local Municipalidad,Urbano,Local,Not Reported,0,Sin jurisdiccion especial,99998,30.25485,-81.79758889,Peaton,El primer evento no fue una colision con un vehiculo automotor en transporte,Not an Intersection,No fue interseccion,Sobre calle,Ninguna,Oscuro con iluminacion,Despejado,No,NO APLICA,99,99,99,99,1,01/10/2022,1
12,Florida,122404,0,0,2,0,101,PASCO (101),0,NO APLICA,9,Septiembre,2,2022,22,50,US-41,2,US Highway,Urbano,Arteria Principal,Not Reported,1,Sin jurisdiccion especial,99998,28.41918056,-82.46993056,Vehiculo en movimiento,Angulo,Four-Way Intersection,Interseccion de 4 direcciones,Sobre calle,Ninguna,Oscuro sin iluminacion,Nublado,No,NO APLICA,99,99,99,99,1,02/09/2022,4