Estado,Nombre de Estado,Numero de Caso,Peatones,Personas _no_vehiculos,Vehiculos automotores,Vehiculos estacionados,Condado,Nombre Condado,Ciudad,Nombre Ciudad,Mes,Nombre Mes,Dia,Año,Hora,Minuto,Calle,Ruta,Nombre Ruta,Rural o Urbanoo,Sistema Funcional,Dueño Calle,Sistema Nacional Carreteras,Jurisdiccion Especial,Milla,Latitud,Longitud,Causa del Accidente,Tipo de Accidente,Tipo Interseccion,Columna1,Lugar en la calle,Zona de Trabajo,Luz,Clima,Autobus Escolar,Cruce de Trenes,Hora Notificacion,Minuto Notificacion,Hora Llegada,Minuto Llegada,Decesos,Fecha,PersonaVehiculo
12,Florida,122405,1,1,2,1,131,WALTON (131),0,NO APLICA,9,Septiembre,10,2022,20,26,CR-393,4,Calle del Condado,Rural,Colector Menor,County Highway Agency,0,Sin jurisdiccion especial,99998,30.39518056,-86.22856111,Peaton,El primer evento no fue una colision con un vehiculo automotor en transporte,Not an Intersection,No fue interseccion,Sobre calle,Ninguna,Oscuro sin iluminacion,Nublado,No,NO APLICA,99,99,99,99,1,10/09/2022,1
12,Florida,122406,0,0,2,0,105,POLK (105),0,NO APLICA,9,Septiembre,17,2022,6,35,US-98,2,US Highway,Rural,Arteria Principal,State Highway Agency,1,Sin jurisdiccion especial,99998,28.22976944,-82.03443333,Vehiculo en movimiento,Angulo,Not an Intersection,No fue interseccion,Sobre calle,Ninguna,Oscuro sin iluminacion,Despejado,No,NO APLICA,99,99,99,99,1,17/09/2022,2
12,Florida,122407,0,0,2,0,83,MARION (83),0,NO APLICA,9,Septiembre,22,2022,13,30,SR-40,3,Highway estatal,Rural,Arteria Principal,State Highway Agency,0,Sin jurisdiccion especial,99998,29.199225,-81.92114722,Vehiculo en movimiento,Frente a frente,Not an Intersection,No fue interseccion,Sobre calle,Ninguna,Dia total,Despejado,No,NO APLICA,99,99,99,99,2,22/09/2022,3
12,Florida,122408,0,0,3,0,93,OKEECHOBEE (93),0,NO APLICA,9,Septiembre,22,2022,6,55,SR-78,3,Highway estatal,Rural,Arteria Menor,State Highway Agency,0,Sin jurisdiccion especial,99998,27.15269167,-80.86741111,Vehiculo en movimiento,Angulo,Four-Way Intersection,Interseccion de 4 direcciones,Sobre calle,Ninguna,Dia total,Despejado,No,NO APLICA,99,99,99,99,1,22/09/2022,3
12,Florida,122409,0,0,1,0,95,ORANGE (95),0,NO APLICA,9,Septiembre,24,2022,0,35,CR-439,4,Calle del Condado,Urbano,Arteria Menor,County Highway Agency,0,Sin jurisdiccion especial,99998,28.44949722,-81.47770556,Banqueta,El primer evento no fue una colision con un vehiculo automotor en transporte,Not an Intersection,No fue interseccion,Sobre el lado de la calle,Ninguna,Oscuro con iluminacion,Despejado,No,NO APLICA,99,99,99,99,1,24/09/2022,1
12,Florida,122410,0,0,2,0,83,MARION (83),0,NO APLICA,9,Septiembre,24,2022,15,10,31ST ST,6,Calle Local Municipalidad,Urbano,Arteria Menor,Town or Township Highway Agency,0,Sin jurisdiccion especial,99998,29.15508056,-82.08683889,Vehiculo en movimiento,Angulo,Four-Way Intersection,Interseccion de 4 direcciones,Sobre calle,Ninguna,Dia total,Despejado,No,NO APLICA,99,99,99,99,1,24/09/2022,2
12,Florida,122411,0,0,2,0,57,HILLSBOROUGH (57),2658,RIVERVIEW,9,Septiembre,25,2022,18,42,US-301,2,US Highway,Urbano,Arteria Principal,State Highway Agency,1,Sin jurisdiccion especial,99998,27.87823056,-82.32666944,Vehiculo en movimiento,Angulo,Not an Intersection,No fue interseccion,Sobre calle,Ninguna,Dia total,Despejado,No,NO APLICA,99,99,99,99,1,25/09/2022,2
12,Florida,122412,0,0,2,0,97,OSCEOLA (97),0,NO APLICA,9,Septiembre,27,2022,6,15,POLYNESIAN ISLE BLVD,6,Calle Local Municipalidad,Urbano,Local,City or Municipal Highway Agency,0,Sin jurisdiccion especial,99998,28.34216111,-81.49516944,Vehiculo en movimiento,Angulo,Four-Way Intersection,Interseccion de 4 direcciones,Sobre calle,Ninguna,Oscuro con iluminacion,Nublado,No,NO APLICA,99,99,99,99,1,27/09/2022,2
12,Florida,122413,0,0,2,0,69,LAKE (69),0,NO APLICA,9,Septiembre,28,2022,12,30,CR-48,4,Calle del Condado,Rural,Colector Mayor,County Highway Agency,0,Sin jurisdiccion especial,99998,28.71293056,-81.71028889,Vehiculo en movimiento,Frente a frente,Not an Intersection,No fue interseccion,Sobre calle,Ninguna,Dia total,lluvia,No,NO APLICA,99,99,99,99,1,28/09/2022,2
12,Florida,122414,1,1,1,0,11,BROWARD (11),2468,PEMBROKE PINES,9,Septiembre,29,2022,11,48,107TH AVE,6,Calle Local Municipalidad,Urbano,Local,City or Municipal Highway Agency,0,Sin jurisdiccion especial,99998,26.026575,-80.29175,No vehiculo o remolque,El primer evento no fue una colision con un vehiculo automotor en transporte,Not an Intersection,No fue interseccion,Sobre calle,Ninguna,Dia total,Nublado,No,NO APLICA,99,99,99,99,1,29/09/2022,1
12,Florida,122415,0,0,1,0,57,HILLSBOROUGH (57),0,NO APLICA,9,Septiembre,30,2022,17,16,ROGERS RD,9,Desconocido,Rural,Local,City or Municipal Highway Agency,0,Sin jurisdiccion especial,99998,28.02118889,-82.19119722,Otro objeto (no fijo),El primer evento no fue una colision con un vehiculo automotor en transporte,Not an Intersection,No fue interseccion,Sobre calle,Ninguna,Reportada como desconocida,Otro,No,NO APLICA,99,99,99,99,1,30/09/2022,1
12,Florida,122416,2,2,2,0,69,LAKE (69),0,NO APLICA,10,Octubre,1,2022,22,27,CR-473,4,Calle del Condado,Urbano,Arteria Menor,County Highway Agency,0,Sin jurisdiccion especial,99998,28.83195,-81.77341944,Vehiculo en movimiento,Frente a frente,Not an Intersection,No fue interseccion,Sobre calle,Ninguna,Oscuro sin iluminacion,Despejado,No,NO APLICA,99,99,99,99,1,01/10/2022,1
12,Florida,122417,1,1,1,0,11,BROWARD (11),0,NO APLICA,10,Octubre,1,2022,2,55,I-75,1,Interestatal,Urbano,Interestatal,State Highway Agency,1,Sin jurisdiccion especial,99998,26.14581944,-80.45366111,Peaton,El primer evento no fue una colision con un vehiculo automotor en transporte,Not an Intersection,No fue interseccion,Sobre calle,"Zona de trabajo, tipo desconocido",Oscuro sin iluminacion,Despejado,No,NO APLICA,99,99,99,99,1,01/10/2022,1
12,Florida,122419,0,0,2,0,9,BREVARD (9),0,NO APLICA,9,Septiembre,25,2022,3,21,US-1,2,US Highway,Urbano,Arteria Principal,State Highway Agency,1,Sin jurisdiccion especial,99998,28.64030278,-80.83167222,Vehiculo en movimiento,Frente a frente,Four-Way Intersection,Interseccion de 4 direcciones,Sobre calle,Ninguna,Oscuro con iluminacion,Despejado,No,NO APLICA,99,99,99,99,1,25/09/2022,4
12,Florida,122420,1,1,1,0,11,BROWARD (11),1420,HOLLYWOOD,9,Septiembre,10,2022,20,32,JOHNSON ST,6,Calle Local Municipalidad,Urbano,Colector Mayor,City or Municipal Highway Agency,0,Sin jurisdiccion especial,99998,26.01763333,-80.21004722,Ciclista,El primer evento no fue una colision con un vehiculo automotor en transporte,Four-Way Intersection,Interseccion de 4 direcciones,Sobre calle,Ninguna,Oscuro con iluminacion,Despejado,No,NO APLICA,99,99,99,99,1,10/09/2022,1
12,Florida,122421,1,1,1,0,11,BROWARD (11),2541,PLANTATION,9,Septiembre,7,2022,19,35,N HIATUS RD,6,Calle Local Municipalidad,Urbano,Arteria Menor,City or Municipal Highway Agency,0,Sin jurisdiccion especial,99998,26.12651389,-80.2973,Ciclista,El primer evento no fue una colision con un vehiculo automotor en transporte,Not an Intersection,No fue interseccion,Sobre calle,Ninguna,Atardecer,Nublado,No,NO APLICA,99,99,99,99,1,07/09/2022,1
12,Florida,122422,0,0,1,0,83,MARION (83),0,NO APLICA,9,Septiembre,25,2022,17,43,58TH AVE,8,Otro,Rural,Local,Not Reported,0,Sin jurisdiccion especial,99998,28.96163333,-82.05361667,Barda,El primer evento no fue una colision con un vehiculo automotor en transporte,Not an Intersection,No fue interseccion,Fuera de la calle,Ninguna,Dia total,Despejado,No,NO APLICA,99,99,99,99,1,25/09/2022,3
12,Florida,122424,0,0,1,0,55,HIGHLANDS (55),0,NO APLICA,9,Septiembre,30,2022,15,9,US-27,2,US Highway,Urbano,Arteria Principal,State Highway Agency,1,Sin jurisdiccion especial,99998,27.412,-81.41598611,Arbol,El primer evento no fue una colision con un vehiculo automotor en transporte,Not an Intersection,No fue interseccion,"Fuera de la calle, ubicacion desconocida",Ninguna,Dia total,Despejado,No,NO APLICA,99,99,99,99,1,30/09/2022,1
12,Florida,122425,0,0,2,0,86,MIAMI-DADE (86),2025,MIAMI LAKES,5,Mayo,19,2022,16,0,82ND AVE,5,Calle Local - Pueblo,Urbano,Colector Mayor,Not Reported,0,Sin jurisdiccion especial,99999,25.91333056,-80.33295,Vehiculo en movimiento,Frente a frente,Four-Way Intersection,Interseccion de 4 direcciones,Sobre calle,Ninguna,Dia total,Despejado,No,NO APLICA,99,99,99,99,1,19/05/2022,2
12,Florida,122426,0,0,3,0,86,MIAMI-DADE (86),0,NO APLICA,9,Septiembre,4,2022,18,20,US-1,2,US Highway,Urbano,Arteria Principal,Not Reported,1,Sin jurisdiccion especial,99998,25.53043889,-80.41678889,Banqueta,El primer evento no fue una colision con un vehiculo automotor en transporte,Not an Intersection,No fue interseccion,En el medio,Ninguna,Dia total,Despejado,No,NO APLICA,99,99,99,99,1,04/09/2022,5
12,Florida,122427,0,0,2,0,86,MIAMI-DADE (86),0,NO APLICA,9,Septiembre,11,2022,14,59,SR-976,3,Highway estatal,Urbano,Arteria Principal,State Highway Agency,1,Sin jurisdiccion especial,99998,25.73317222,-80.31092778,Vehiculo en movimiento,Angulo,Four-Way Intersection,Interseccion de 4 direcciones,Sobre calle,Ninguna,Dia total,Despejado,No,NO APLICA,99,99,99,99,1,11/09/2022,4
12,Florida,122428,0,0,2,0,119,SUMTER (119),0,NO APLICA,9,Septiembre,20,2022,20,28,CR-466,4,Calle del Condado,Rural,Colector Mayor,County Highway Agency,0,Sin jurisdiccion especial,99998,28.92729722,-82.07032778,Vehiculo en movimiento,Frente a frente,Four-Way Intersection,Interseccion de 4 direcciones,Sobre calle,Ninguna,Oscuro sin iluminacion,Despejado,No,NO APLICA,20,20,20,36,1,20/09/2022,2
12,Florida,122429,0,0,2,0,21,COLLIER (21),0,NO APLICA,9,Septiembre,25,2022,4,2,CR-846,4,Calle del Condado,Rural,Arteria Menor,County Highway Agency,0,Sin jurisdiccion especial,99998,26.36661111,-81.52153889,Vehiculo en movimiento,Frente a frente,Not an Intersection,No fue interseccion,Sobre calle,Ninguna,Oscuro sin iluminacion,Despejado,No,NO APLICA,99,99,99,99,1,25/09/2022,2
12,Florida,122430,0,0,2,0,17,CITRUS (17),0,NO APLICA,9,Septiembre,26,2022,8,20,CR-491,4,Calle del Condado,Urbano,Arteria Menor,County Highway Agency,0,Sin jurisdiccion especial,99998,28.91507222,-82.47215278,Vehiculo en movimiento,Golpe Lateral - misma direccion,Not an Intersection,No fue interseccion,Sobre calle,Ninguna,Dia total,Despejado,No,NO APLICA,99,99,99,99,1,26/09/2022,2
12,Florida,122431,0,0,2,0,119,SUMTER (119),0,NO APLICA,9,Septiembre,27,2022,8,10,CR-476,4,Calle del Condado,Rural,Colector Mayor,County Highway Agency,0,Sin jurisdiccion especial,99998,28.64407778,-82.25585833,Vehiculo en movimiento,Angulo,Not an Intersection,No fue interseccion,Sobre calle,Ninguna,Dia total,Nublado,No,NO APLICA,99,99,99,99,1,27/09/2022,3
12,Florida,122432,1,1,1,0,33,ESCAMBIA (33),0,NO APLICA,10,Octubre,3,2022,23,50,SR-292,3,Highway estatal,Urbano,Arteria Menor,State Highway Agency,0,Sin jurisdiccion especial,99998,30.44338056,-87.23994444,Peaton,El primer evento no fue una colision con un vehiculo automotor en transporte,Not an Intersection,No fue interseccion,Sobre calle,Ninguna,Oscuro sin iluminacion,Despejado,No,NO APLICA,99,99,99,99,1,03/10/2022,1
12,Florida,122433,0,0,2,0,119,SUMTER (119),0,NO APLICA,10,Octubre,3,2022,17,41,BUFFALO TRL,9,Desconocido,Rural,Local,Not Reported,0,Sin jurisdiccion especial,99998,28.92826111,-82.02028889,Vehiculo en movimiento,Angulo,Four-Way Intersection,Interseccion de 4 direcciones,Sobre calle,Ninguna,Dia total,Despejado,No,NO APLICA,17,41,17,47,1,03/10/2022,3
12,Florida,122434,0,0,1,0,91,OKALOOSA (91),0,NO APLICA,10,Octubre,3,2022,19,0,SR-293,3,Highway estatal,Rural,Arteria Menor,State Highway Agency,0,Sin jurisdiccion especial,99998,30.52803889,-86.41783056,Volcadura,El primer evento no fue una colision con un vehiculo automotor en transporte,Not an Intersection,No fue interseccion,Sobre el lado de la calle,Ninguna,Oscuro sin iluminacion,Despejado,No,NO APLICA,99,99,99,99,1,03/10/2022,1
12,Florida,122435,0,0,2,0,11,BROWARD (11),1050,FORT LAUDERDALE,9,Septiembre,5,2022,17,17,US-1,2,US Highway,Urbano,Arteria Principal,Not Reported,1,Sin jurisdiccion especial,99998,26.12614722,-80.13744167,Vehiculo en movimiento,Reportado como desconocido,Four-Way Intersection,Interseccion de 4 direcciones,Sobre calle,Ninguna,Dia total,Despejado,No,NO APLICA,99,99,99,99,1,05/09/2022,3
12,Florida,122436,0,0,2,0,86,MIAMI-DADE (86),1440,HOMESTEAD,9,Septiembre,9,2022,22,51,8TH ST,6,Calle Local Municipalidad,Urbano,Colector Mayor,Not Reported,0,Sin jurisdiccion especial,99998,25.47757222,-80.43613333,Vehiculo en movimiento,Angulo,Four-Way Intersection,Interseccion de 4 direcciones,Sobre calle,Ninguna,Oscuro con iluminacion,Despejado,No,NO APLICA,99,99,99,99,1,09/09/2022,9
12,Florida,122437,0,0,3,0,127,VOLUSIA (127),780,DAYTONA BEACH,9,Septiembre,17,2022,16,5,ORANGE AVE,6,Calle Local Municipalidad,Urbano,Arteria Menor,Town or Township Highway Agency,0,Sin jurisdiccion especial,99998,29.20118611,-81.03511667,Vehiculo en movimiento,Angulo,Four-Way Intersection,Interseccion de 4 direcciones,Sobre calle,Ninguna,Dia total,lluvia,No,NO APLICA,99,99,99,99,1,17/09/2022,6
12,Florida,122438,0,0,2,0,71,LEE (71),1070,FORT MYERS,9,Septiembre,24,2022,16,28,US-41,2,US Highway,Urbano,Arteria Principal,City or Municipal Highway Agency,1,Sin jurisdiccion especial,99998,26.65978333,-81.87506389,Vehiculo en movimiento,Frente a frente,Not an Intersection,No fue interseccion,Sobre calle,Ninguna,Dia total,Despejado,No,NO APLICA,99,99,99,99,4,24/09/2022,5
12,Florida,122439,0,0,2,0,57,HILLSBOROUGH (57),2950,TAMPA,9,Septiembre,29,2022,21,52,ADAMO DR,6,Calle Local Municipalidad,Urbano,Arteria Principal,Town or Township Highway Agency,0,Sin jurisdiccion especial,99998,27.95224444,-82.388375,Vehiculo en movimiento,Frente a Detrás,Four-Way Intersection,Interseccion de 4 direcciones,Sobre calle,Ninguna,Oscuro sin iluminacion,Despejado,No,NO APLICA,99,99,99,99,1,29/09/2022,5
12,Florida,122440,0,0,3,0,97,OSCEOLA (97),0,NO APLICA,9,Septiembre,21,2022,6,13,SR-60,3,Highway estatal,Rural,Arteria Principal,State Highway Agency,0,Sin jurisdiccion especial,99998,27.73343889,-81.02341111,Vehiculo en movimiento,Frente a frente,Not an Intersection,No fue interseccion,Sobre calle,Ninguna,Oscuro sin iluminacion,Neblina o Humo,No,NO APLICA,99,99,99,99,1,21/09/2022,18
12,Florida,122441,0,0,1,0,85,MARTIN (85),0,NO APLICA,9,Septiembre,25,2022,12,23,I-95,1,Interestatal,Rural,Interestatal,State Highway Agency,1,Sin jurisdiccion especial,99998,27.04518056,-80.23421111,Barda,El primer evento no fue una colision con un vehiculo automotor en transporte,Not an Intersection,No fue interseccion,Sobre el lado de la calle,Ninguna,Dia total,Despejado,No,NO APLICA,99,99,99,99,1,25/09/2022,1
12,Florida,122442,0,0,2,0,57,HILLSBOROUGH (57),0,NO APLICA,9,Septiembre,26,2022,16,47,US-301,2,US Highway,Urbano,Arteria Principal,State Highway Agency,1,Sin jurisdiccion especial,99998,28.05145,-82.3354,Vehiculo en movimiento,Frente a frente,Not an Intersection,No fue interseccion,Sobre calle,Ninguna,Dia total,Despejado,No,NO APLICA,99,99,99,99,1,26/09/2022,6
12,Florida,122443,1,1,1,0,81,MANATEE (81),2440,PALMETTO,10,Octubre,5,2022,18,0,US-41 8TH AVE W,2,US Highway,Urbano,Arteria Principal,State Highway Agency,1,Sin jurisdiccion especial,99998,27.52271944,-82.572925,Peaton,El primer evento no fue una colision con un vehiculo automotor en transporte,Not an Intersection,No fue interseccion,Sobre calle,Ninguna,Dia total,Despejado,No,NO APLICA,99,99,99,99,1,05/10/2022,1
12,Florida,122444,0,0,1,0,75,LEVY (75),0,NO APLICA,9,Septiembre,30,2022,23,0,SE 11TH COURT,8,Otro,Rural,Colector Mayor,City or Municipal Highway Agency,0,Sin jurisdiccion especial,99998,29.04295,-82.58236111,Poste,El primer evento no fue una colision con un vehiculo automotor en transporte,T-Intersection,Interseccion de T,Sobre el lado de la calle,Ninguna,Oscuro sin iluminacion,Despejado,No,NO APLICA,99,99,99,99,1,30/09/2022,1
12,Florida,122445,0,0,2,0,53,HERNANDO (53),2882,SPRING HILL,9,Septiembre,11,2022,17,58,US-19,2,US Highway,Urbano,Arteria Principal,City or Municipal Highway Agency,1,Sin jurisdiccion especial,99998,28.45971111,-82.62716944,Vehiculo en movimiento,Angulo,Four-Way Intersection,Interseccion de 4 direcciones,Sobre calle,Ninguna,Dia total,Despejado,No,NO APLICA,17,58,18,0,1,11/09/2022,4
12,Florida,122446,1,1,1,0,101,PASCO (101),0,NO APLICA,9,Septiembre,17,2022,22,11,US-19,2,US Highway,Urbano,Arteria Principal,State Highway Agency,1,Sin jurisdiccion especial,99998,28.38790556,-82.67103056,Peaton,El primer evento no fue una colision con un vehiculo automotor en transporte,T-Intersection,Interseccion de T,Sobre calle,Ninguna,Oscuro con iluminacion,Despejado,No,NO APLICA,99,99,99,99,1,17/09/2022,2
12,Florida,122447,1,1,1,0,57,HILLSBOROUGH (57),155,BALM,9,Septiembre,26,2022,7,6,SUMNER ROAD,8,Otro,Rural,Local,Not Reported,0,Sin jurisdiccion especial,99998,27.75570278,-82.33494167,Peaton,El primer evento no fue una colision con un vehiculo automotor en transporte,Not an Intersection,No fue interseccion,Sobre calle,Ninguna,Amanecer,Nublado,No,NO APLICA,99,99,99,99,1,26/09/2022,1
12,Florida,122448,0,0,1,0,5,BAY (5),431,CALLAWAY,10,Octubre,1,2022,9,35,US-1,2,US Highway,Urbano,Arteria Principal,State Highway Agency,1,Sin jurisdiccion especial,99998,30.1647,-85.58995833,Banqueta,El primer evento no fue una colision con un vehiculo automotor en transporte,Not an Intersection,No fue interseccion,Sobre el lado de la calle,Ninguna,Dia total,Despejado,No,NO APLICA,99,99,99,99,1,01/10/2022,1
12,Florida,122449,1,1,1,0,11,BROWARD (11),1050,FORT LAUDERDALE,6,Junio,5,2022,21,47,US-1,2,US Highway,Urbano,Arteria Principal,State Highway Agency,1,Sin jurisdiccion especial,99998,26.09707222,-80.13660556,No vehiculo o remolque,El primer evento no fue una colision con un vehiculo automotor en transporte,Not an Intersection,No fue interseccion,Sobre calle,Ninguna,Oscuro con iluminacion,Despejado,No,NO APLICA,99,99,99,99,1,05/06/2022,1
12,Florida,122450,0,0,2,0,1,ALACHUA (1),1130,GAINESVILLE,6,Junio,16,2022,22,25,SR-26,3,Highway estatal,Urbano,Arteria Principal,State Highway Agency,0,Sin jurisdiccion especial,99998,29.65238056,-82.38089444,Vehiculo en movimiento,Angulo,Four-Way Intersection,Interseccion de 4 direcciones,Sobre calle,Ninguna,Oscuro con iluminacion,Despejado,No,NO APLICA,99,99,99,99,1,16/06/2022,2
12,Florida,122451,0,0,1,0,117,SEMINOLE (117),0,NO APLICA,6,Junio,16,2022,12,0,I-4,1,Interestatal,Urbano,Interestatal,State Highway Agency,1,Sin jurisdiccion especial,99998,28.69603889,-81.38708056,Poste,El primer evento no fue una colision con un vehiculo automotor en transporte,Not an Intersection,No fue interseccion,Sobre el lado de la calle,Ninguna,Dia total,Despejado,No,NO APLICA,99,99,99,99,1,16/06/2022,1
12,Florida,122452,1,1,1,0,11,BROWARD (11),1050,FORT LAUDERDALE,6,Junio,20,2022,21,37,US-1,2,US Highway,Urbano,Arteria Principal,State Highway Agency,1,Sin jurisdiccion especial,99998,26.11315,-80.13713611,Peaton,El primer evento no fue una colision con un vehiculo automotor en transporte,Four-Way Intersection,Interseccion de 4 direcciones,Sobre calle,Ninguna,Oscuro sin iluminacion,lluvia,No,NO APLICA,99,99,99,99,1,20/06/2022,1
12,Florida,122453,0,0,2,0,105,POLK (105),1690,LAKELAND,6,Junio,27,2022,16,53,US-92,2,US Highway,Urbano,Arteria Principal,State Highway Agency,1,Sin jurisdiccion especial,99998,28.03503056,-82.01925556,Vehiculo en movimiento,Angulo,Four-Way Intersection,Interseccion de 4 direcciones,Sobre calle,Ninguna,Dia total,Despejado,No,NO APLICA,99,99,99,99,1,27/06/2022,3
12,Florida,122454,0,0,2,0,99,PALM BEACH (99),0,NO APLICA,7,Julio,2,2022,17,55,18TH ST,6,Calle Local Municipalidad,Urbano,Colector Mayor,Not Reported,0,Sin jurisdiccion especial,99998,26.33176667,-80.15999722,Vehiculo en movimiento,Angulo,Four-Way Intersection,Interseccion de 4 direcciones,Sobre calle,Ninguna,Dia total,Despejado,No,NO APLICA,99,99,99,99,1,02/07/2022,4
12,Florida,122455,0,0,3,0,73,LEON (73),2940,TALLAHASSEE,7,Julio,15,2022,15,1,SR-319,3,Highway estatal,Urbano,Arteria Principal,State Highway Agency,0,Sin jurisdiccion especial,99998,30.375925,-84.29264167,Vehiculo en movimiento,Angulo,Four-Way Intersection,Interseccion de 4 direcciones,Sobre calle,Ninguna,Dia total,Despejado,No,NO APLICA,99,99,99,99,1,15/07/2022,3
12,Florida,122456,0,0,2,0,115,SARASOTA (115),2235,NORTH PORT,7,Julio,16,2022,18,20,SUMTER BLVD,6,Calle Local Municipalidad,Urbano,Colector Mayor,Not Reported,0,Sin jurisdiccion especial,99998,27.04960278,-82.21654444,Vehiculo en movimiento,Angulo,T-Intersection,Interseccion de T,Sobre calle,Ninguna,Dia total,Nublado,No,NO APLICA,99,99,99,99,1,16/07/2022,3
12,Florida,122457,0,0,2,0,113,SANTA ROSA (113),2070,MILTON,7,Julio,18,2022,7,56,SR-87,3,Highway estatal,Urbano,Arteria Menor,State Highway Agency,0,Sin jurisdiccion especial,99998,30.64535556,-87.04415556,Vehiculo en movimiento,Angulo,T-Intersection,Interseccion de T,Sobre calle,Ninguna,Dia total,Despejado,No,NO APLICA,99,99,99,99,1,18/07/2022,3
12,Florida,122458,0,0,2,0,113,SANTA ROSA (113),2070,MILTON,7,Julio,23,2022,19,33,SR-89,3,Highway estatal,Urbano,Arteria Principal,State Highway Agency,0,Sin jurisdiccion especial,99998,30.62959722,-87.05568611,Vehiculo en movimiento,Frente a Detrás,Not an Intersection,No fue interseccion,Sobre calle,Ninguna,Dia total,Despejado,No,NO APLICA,99,99,99,99,1,23/07/2022,2
12,Florida,122459,0,0,2,0,86,MIAMI-DADE (86),2023,MIAMI GARDENS,7,Julio,31,2022,21,26,NW 27TH AVE,6,Calle Local Municipalidad,Urbano,Arteria Principal,City or Municipal Highway Agency,0,Sin jurisdiccion especial,99998,25.919075,-80.24448611,Vehiculo en movimiento,Angulo,T-Intersection,Interseccion de T,Sobre calle,Ninguna,Oscuro sin iluminacion,Despejado,No,NO APLICA,99,99,99,99,1,31/07/2022,2
12,Florida,122460,0,0,1,0,103,PINELLAS (103),1770,LARGO,7,Julio,31,2022,11,50,US-19,2,US Highway,Urbano,Arteria Principal,State Highway Agency,1,Sin jurisdiccion especial,99998,27.90838333,-82.72953333,Poste de Señal de trafico,El primer evento no fue una colision con un vehiculo automotor en transporte,Not an Intersection,No fue interseccion,Sobre el lado de la calle,Ninguna,Dia total,Despejado,No,NO APLICA,99,99,99,99,1,31/07/2022,1
12,Florida,122461,0,0,1,0,11,BROWARD (11),1050,FORT LAUDERDALE,8,Agosto,3,2022,21,57,US-1,2,US Highway,Urbano,Arteria Principal,State Highway Agency,1,Sin jurisdiccion especial,99998,26.19108889,-80.11404722,Banqueta,El primer evento no fue una colision con un vehiculo automotor en transporte,Not an Intersection,No fue interseccion,En el medio,Ninguna,Oscuro sin iluminacion,Despejado,No,NO APLICA,99,99,99,99,1,03/08/2022,2
12,Florida,122462,0,0,2,0,86,MIAMI-DADE (86),1030,FLORIDA CITY,8,Agosto,5,2022,13,55,US-1 S DIXIE HWY,2,US Highway,Urbano,Arteria Principal,State Highway Agency,1,Sin jurisdiccion especial,99998,25.44416111,-80.47515833,Vehiculo en movimiento,Angulo,Four-Way Intersection,Interseccion de 4 direcciones,Sobre calle,Ninguna,Dia total,Despejado,No,NO APLICA,99,99,99,99,1,05/08/2022,2
12,Florida,122463,0,0,2,0,83,MARION (83),0,NO APLICA,8,Agosto,5,2022,12,25,SE SUNSET HARBOR ROAD,6,Calle Local Municipalidad,Urbano,Colector Menor,City or Municipal Highway Agency,0,Sin jurisdiccion especial,99998,28.98613333,-81.96178611,Vehiculo en movimiento,Angulo,Not an Intersection,No fue interseccion,Sobre calle,Ninguna,Dia total,Despejado,No,NO APLICA,99,99,99,99,1,05/08/2022,2
12,Florida,122464,0,0,2,0,11,BROWARD (11),663,COOPER CITY,8,Agosto,6,2022,17,48,SHERIDAN ST,6,Calle Local Municipalidad,Urbano,Arteria Principal,City or Municipal Highway Agency,0,Sin jurisdiccion especial,99998,26.03058056,-80.26686944,Vehiculo en movimiento,Angulo,T-Intersection,Interseccion de T,Sobre calle,Ninguna,Dia total,Despejado,No,NO APLICA,99,99,99,99,1,06/08/2022,2
12,Florida,122465,1,1,1,0,86,MIAMI-DADE (86),1345,HIALEAH GARDENS,8,Agosto,12,2022,14,8,NONE,8,Otro,Trafficway Not in State Inventory,Via no en inventario estatal,Trafficway Not in State Inventory,0,Sin jurisdiccion especial,99998,25.88143056,-80.35251111,Peaton,El primer evento no fue una colision con un vehiculo automotor en transporte,Not an Intersection,No fue interseccion,Sobre calle,Ninguna,Dia total,Despejado,No,NO APLICA,99,99,99,99,1,12/08/2022,1
12,Florida,122466,0,0,1,0,13,CALHOUN (13),40,ALTHA,9,Septiembre,25,2022,3,11,NW WALTER POTTS RD,8,Otro,Rural,Local,Not Reported,0,Sin jurisdiccion especial,99998,30.54724722,-85.34168611,Culvert,El primer evento no fue una colision con un vehiculo automotor en transporte,Not an Intersection,No fue interseccion,Sobre el lado de la calle,Ninguna,Oscuro sin iluminacion,Despejado,No,NO APLICA,99,99,99,99,1,25/09/2022,2
12,Florida,122467,0,0,2,0,113,SANTA ROSA (113),0,NO APLICA,9,Septiembre,26,2022,21,20,HAMILTON BRIDGE ROAD,9,Desconocido,Urbano,Colector Mayor,Not Reported,0,Sin jurisdiccion especial,99998,30.62506944,-87.12558889,Vehiculo en movimiento,Angulo,T-Intersection,Interseccion de T,Sobre calle,Ninguna,Oscuro sin iluminacion,Despejado,No,NO APLICA,99,99,99,99,1,26/09/2022,2
12,Florida,122468,1,1,1,0,95,ORANGE (95),0,NO APLICA,10,Octubre,2,2022,6,49,CR-439,4,Calle del Condado,Urbano,Arteria Menor,Not Reported,0,Sin jurisdiccion especial,99998,28.45008056,-81.47793889,Peaton,El primer evento no fue una colision con un vehiculo automotor en transporte,Not an Intersection,No fue interseccion,Sobre calle,Ninguna,Amanecer,Despejado,No,NO APLICA,99,99,99,99,1,02/10/2022,1
12,Florida,122469,1,1,1,0,33,ESCAMBIA (33),2146,MYRTLE GROVE,10,Octubre,2,2022,21,33,SR-727,3,Highway estatal,Urbano,Arteria Menor,State Highway Agency,0,Sin jurisdiccion especial,99998,30.42555278,-87.316875,Peaton,El primer evento no fue una colision con un vehiculo automotor en transporte,Not an Intersection,No fue interseccion,Sobre el lado de la calle,Ninguna,Oscuro sin iluminacion,Despejado,No,NO APLICA,99,99,99,99,1,02/10/2022,1