Estado,Nombre de Estado,Numero de Caso,Peatones,Personas _no_vehiculos,Vehiculos automotores,Vehiculos estacionados,Condado,Nombre Condado,Ciudad,Nombre Ciudad,Mes,Nombre Mes,Dia,Año,Hora,Minuto,Calle,Ruta,Nombre Ruta,Rural o Urbanoo,Sistema Funcional,Dueño Calle,Sistema Nacional Carreteras,Jurisdiccion Especial,Milla,Latitud,Longitud,Causa del Accidente,Tipo de Accidente,Tipo Interseccion,Columna1,Lugar en la calle,Zona de Trabajo,Luz,Clima,Autobus Escolar,Cruce de Trenes,Hora Notificacion,Minuto Notificacion,Hora Llegada,Minuto Llegada,Decesos,Fecha,PersonaVehiculo
12,Florida,122470,1,1,1,0,81,MANATEE (81),0,NO APLICA,10,Octubre,4,2022,9,50,US-41,2,US Highway,Urbano,Arteria Principal,State Highway Agency,1,Sin jurisdiccion especial,99998,27.45836111,-82.57535,Ciclista,El primer evento no fue una colision con un vehiculo automotor en transporte,Not an Intersection,No fue interseccion,Sobre calle,Ninguna,Dia total,Despejado,No,NO APLICA,99,99,99,99,1,04/10/2022,1
12,Florida,122471,0,0,2,0,39,GADSDEN (39),0,NO APLICA,10,Octubre,6,2022,9,20,CR-268,4,Calle del Condado,Rural,Colector Menor,County Highway Agency,0,Sin jurisdiccion especial,99998,30.62116944,-84.7073,Final Destination ( Vehiculo es golpeado por carga o otro objeto puesto en movimiento por otro vehiculo en movimiento),Otro,Not an Intersection,No fue interseccion,Sobre calle,Ninguna,Dia total,Despejado,No,NO APLICA,99,99,99,99,1,06/10/2022,2
12,Florida,122472,0,0,2,0,86,MIAMI-DADE (86),1340,HIALEAH,10,Octubre,7,2022,1,17,W OKEECHOBEE RD,6,Calle Local Municipalidad,Urbano,Arteria Principal,State Highway Agency,1,Sin jurisdiccion especial,99998,25.83878333,-80.30211667,Vehiculo en movimiento,Frente a frente,T-Intersection,Interseccion de T,Sobre calle,Ninguna,Oscuro con iluminacion,Despejado,No,NO APLICA,99,99,99,99,1,07/10/2022,2
12,Florida,122473,1,1,1,0,31,DUVAL (31),1510,JACKSONVILLE,10,Octubre,9,2022,21,59,US-90,2,US Highway,Urbano,Arteria Principal,State Highway Agency,1,Sin jurisdiccion especial,99998,30.30622778,-81.63873889,Peaton,El primer evento no fue una colision con un vehiculo automotor en transporte,Not an Intersection,No fue interseccion,Sobre calle,Ninguna,Oscuro con iluminacion,Despejado,No,NO APLICA,99,99,99,99,1,09/10/2022,1
12,Florida,122474,0,0,1,0,95,ORANGE (95),0,NO APLICA,9,Septiembre,18,2022,20,31,SR-528,3,Highway estatal,Rural,Arterial Principal -Freeway o ExpressWay,State Highway Agency,1,Sin jurisdiccion especial,99998,28.45157222,-81.15509722,Volcadura,El primer evento no fue una colision con un vehiculo automotor en transporte,Not an Intersection,No fue interseccion,Sobre Acotamiento,Ninguna,Oscuro sin iluminacion,Despejado,No,NO APLICA,99,99,99,99,1,18/09/2022,1
12,Florida,122475,0,0,2,0,117,SEMINOLE (117),0,NO APLICA,9,Septiembre,20,2022,13,30,FLORIDA AVENUE,8,Otro,Rural,Local,Town or Township Highway Agency,0,Sin jurisdiccion especial,99998,28.69238333,-81.1798,Vehiculo en movimiento,Angulo,Four-Way Intersection,Interseccion de 4 direcciones,Sobre calle,Ninguna,Dia total,Despejado,No,NO APLICA,99,99,99,99,1,20/09/2022,2
12,Florida,122476,0,0,2,0,127,VOLUSIA (127),0,NO APLICA,9,Septiembre,25,2022,19,48,BLUE SPRINGS AVE,8,Otro,Rural,Local,City or Municipal Highway Agency,0,Sin jurisdiccion especial,99998,28.94331111,-81.3237,Vehiculo en movimiento,Angulo,Four-Way Intersection,Interseccion de 4 direcciones,Sobre calle,Ninguna,Oscuro sin iluminacion,Despejado,No,NO APLICA,99,99,99,99,1,25/09/2022,3
12,Florida,122477,0,0,1,0,107,PUTNAM (107),0,NO APLICA,9,Septiembre,29,2022,17,0,EAST CRACKER SWAMP ROAD,8,Otro,Rural,Colector Menor,City or Municipal Highway Agency,0,Sin jurisdiccion especial,99998,29.66681111,-81.54436944,Volcadura,El primer evento no fue una colision con un vehiculo automotor en transporte,Not an Intersection,No fue interseccion,Sobre el lado de la calle,Ninguna,Dia total,Nublado,No,NO APLICA,99,99,99,99,2,29/09/2022,2
12,Florida,122478,1,1,1,0,99,PALM BEACH (99),0,NO APLICA,10,Octubre,4,2022,20,14,LANTANA RD,6,Calle Local Municipalidad,Urbano,Arteria Principal,State Highway Agency,0,Sin jurisdiccion especial,99998,26.58816389,-80.09421389,Ciclista,El primer evento no fue una colision con un vehiculo automotor en transporte,Four-Way Intersection,Interseccion de 4 direcciones,Sobre calle,Ninguna,Oscuro con iluminacion,Despejado,No,NO APLICA,99,99,99,99,1,04/10/2022,1
12,Florida,122480,1,1,1,0,105,POLK (105),160,BARTOW,10,Octubre,7,2022,22,21,US-98,2,US Highway,Urbano,Arteria Principal,State Highway Agency,1,Sin jurisdiccion especial,99998,27.9062,-81.84360833,Peaton,El primer evento no fue una colision con un vehiculo automotor en transporte,Not an Intersection,No fue interseccion,Sobre calle,Ninguna,Oscuro sin iluminacion,Despejado,No,NO APLICA,99,99,99,99,1,07/10/2022,3
12,Florida,122481,0,0,2,0,61,INDIAN RIVER (61),0,NO APLICA,10,Octubre,7,2022,8,1,CR-606,4,Calle del Condado,Urbano,Arteria Menor,Not Reported,0,Sin jurisdiccion especial,99998,27.5872,-80.41421944,Vehiculo en movimiento,Angulo,Four-Way Intersection,Interseccion de 4 direcciones,Sobre calle,Ninguna,Dia total,Despejado,No,NO APLICA,99,99,99,99,1,07/10/2022,2
12,Florida,122482,1,1,1,0,83,MARION (83),2270,OCALA,9,Septiembre,15,2022,6,52,SW 20TH STREET,6,Calle Local Municipalidad,Urbano,Colector Mayor,City or Municipal Highway Agency,0,Sin jurisdiccion especial,99998,29.16811944,-82.17258889,Peaton,El primer evento no fue una colision con un vehiculo automotor en transporte,Not an Intersection,No fue interseccion,Sobre calle,Ninguna,Oscuro sin iluminacion,Despejado,No,NO APLICA,99,99,99,99,1,15/09/2022,1
12,Florida,122485,1,1,1,0,103,PINELLAS (103),2960,TARPON SPRINGS,10,Octubre,5,2022,12,30,US-19 N,2,US Highway,Urbano,Arteria Principal,State Highway Agency,1,Sin jurisdiccion especial,99998,28.13845278,-82.74005278,No vehiculo o remolque,El primer evento no fue una colision con un vehiculo automotor en transporte,Four-Way Intersection,Interseccion de 4 direcciones,Sobre calle,Ninguna,Dia total,Despejado,No,NO APLICA,99,99,99,99,1,05/10/2022,1
12,Florida,122486,1,1,1,0,86,MIAMI-DADE (86),0,NO APLICA,9,Septiembre,23,2022,23,55,SR-997,3,Highway estatal,Urbano,Arteria Principal,State Highway Agency,0,Sin jurisdiccion especial,99998,25.572625,-80.47827778,Peaton,El primer evento no fue una colision con un vehiculo automotor en transporte,Not an Intersection,No fue interseccion,Sobre calle,Ninguna,Oscuro con iluminacion,Despejado,No,NO APLICA,99,99,99,99,1,23/09/2022,2
12,Florida,122487,0,0,2,0,57,HILLSBOROUGH (57),2658,RIVERVIEW,10,Octubre,1,2022,2,25,SYMMES RD,6,Calle Local Municipalidad,Urbano,Colector Mayor,City or Municipal Highway Agency,0,Sin jurisdiccion especial,99998,27.83453333,-82.31530556,Vehiculo en movimiento,Frente a frente,T-Intersection,Interseccion de T,Sobre calle,Ninguna,Oscuro con iluminacion,Despejado,No,NO APLICA,99,99,99,99,1,01/10/2022,2
12,Florida,122488,1,1,1,0,31,DUVAL (31),1510,JACKSONVILLE,9,Septiembre,20,2022,3,30,SR-13,3,Highway estatal,Urbano,Arteria Menor,State Highway Agency,0,Sin jurisdiccion especial,99998,30.20841389,-81.61721667,Ciclista,El primer evento no fue una colision con un vehiculo automotor en transporte,Not an Intersection,No fue interseccion,Sobre calle,Ninguna,Oscuro con iluminacion,Despejado,No,NO APLICA,99,99,99,99,1,20/09/2022,1
12,Florida,122489,0,0,2,0,103,PINELLAS (103),0,NO APLICA,10,Octubre,6,2022,20,26,US-19,2,US Highway,Urbano,Arteria Principal,State Highway Agency,1,Sin jurisdiccion especial,99998,28.08631111,-82.73950278,Vehiculo en movimiento,Angulo,T-Intersection,Interseccion de T,Sobre calle,Ninguna,Oscuro con iluminacion,Despejado,No,NO APLICA,99,99,99,99,1,06/10/2022,2
12,Florida,122490,0,0,2,0,55,HIGHLANDS (55),0,NO APLICA,10,Octubre,7,2022,19,29,CRESTMORE DR,9,Desconocido,Rural,Local,Town or Township Highway Agency,0,Sin jurisdiccion especial,99998,27.2756,-81.35171111,Vehiculo en movimiento,Angulo,Four-Way Intersection,Interseccion de 4 direcciones,Sobre calle,Ninguna,Atardecer,Despejado,No,NO APLICA,99,99,99,99,1,07/10/2022,2
12,Florida,122491,1,1,1,0,27,DE SOTO (27),0,NO APLICA,10,Octubre,7,2022,6,50,OWENS AVE,8,Otro,Rural,Local,County Highway Agency,0,Sin jurisdiccion especial,99998,27.22668889,-81.90401944,Ciclista,El primer evento no fue una colision con un vehiculo automotor en transporte,T-Intersection,Interseccion de T,Sobre calle,Ninguna,Amanecer,Despejado,No,NO APLICA,99,99,99,99,1,07/10/2022,1
12,Florida,122492,0,0,3,0,105,POLK (105),1690,LAKELAND,9,Septiembre,17,2022,10,35,US-98,2,US Highway,Urbano,Arteria Principal,State Highway Agency,1,Sin jurisdiccion especial,99998,28.02383611,-81.92493611,Vehiculo en movimiento,Frente a frente,Four-Way Intersection,Interseccion de 4 direcciones,Sobre calle,Ninguna,Dia total,Nublado,No,NO APLICA,99,99,99,99,1,17/09/2022,4
12,Florida,122493,1,1,1,0,86,MIAMI-DADE (86),0,NO APLICA,9,Septiembre,18,2022,0,40,US-1,2,US Highway,Urbano,Arteria Principal,State Highway Agency,1,Sin jurisdiccion especial,99998,25.49203889,-80.45388056,Peaton,El primer evento no fue una colision con un vehiculo automotor en transporte,Four-Way Intersection,Interseccion de 4 direcciones,Sobre calle,Ninguna,Oscuro con iluminacion,lluvia,No,NO APLICA,99,99,99,99,1,18/09/2022,1
12,Florida,122494,0,0,1,0,99,PALM BEACH (99),2431,PALM BEACH GARDENS,9,Septiembre,19,2022,15,22,GARDENS PKWY,6,Calle Local Municipalidad,Urbano,Colector Menor,City or Municipal Highway Agency,0,Sin jurisdiccion especial,99998,26.85045278,-80.09116667,Banqueta,El primer evento no fue una colision con un vehiculo automotor en transporte,Not an Intersection,No fue interseccion,En el medio,Ninguna,Dia total,Despejado,No,NO APLICA,99,99,99,99,1,19/09/2022,1
12,Florida,122495,0,0,3,0,17,CITRUS (17),0,NO APLICA,9,Septiembre,27,2022,11,50,US-41,2,US Highway,Urbano,Arteria Principal,State Highway Agency,1,Sin jurisdiccion especial,99998,28.7814,-82.29686111,Vehiculo en movimiento,Angulo,Four-Way Intersection,Interseccion de 4 direcciones,Sobre calle,Ninguna,Dia total,Despejado,No,NO APLICA,99,99,99,99,1,27/09/2022,5
12,Florida,122497,1,1,1,0,119,SUMTER (119),3230,WILDWOOD,10,Octubre,6,2022,16,32,CR-462,4,Calle del Condado,Urbano,Colector Mayor,City or Municipal Highway Agency,0,Sin jurisdiccion especial,99998,28.86565278,-82.02055,Peaton,El primer evento no fue una colision con un vehiculo automotor en transporte,Four-Way Intersection,Interseccion de 4 direcciones,Sobre calle,Ninguna,Dia total,Despejado,No,NO APLICA,99,99,99,99,1,06/10/2022,1
12,Florida,122499,0,0,2,0,9,BREVARD (9),1990,MELBOURNE,9,Septiembre,19,2022,17,50,N WICKHAM RD,6,Calle Local Municipalidad,Urbano,Arteria Principal,Town or Township Highway Agency,0,Sin jurisdiccion especial,99998,28.17431111,-80.67199167,Vehiculo en movimiento,Angulo,Four-Way Intersection,Interseccion de 4 direcciones,Sobre calle,Ninguna,Dia total,Despejado,No,NO APLICA,99,99,99,99,2,19/09/2022,3
12,Florida,122500,0,0,2,0,57,HILLSBOROUGH (57),2950,TAMPA,9,Septiembre,21,2022,9,40,US-41,2,US Highway,Urbano,Arteria Principal,State Highway Agency,1,Sin jurisdiccion especial,99998,27.92661944,-82.40188056,Vehiculo en movimiento,Angulo,T-Intersection,Interseccion de T,Sobre calle,Ninguna,Dia total,Despejado,No,NO APLICA,99,99,99,99,1,21/09/2022,2
12,Florida,122501,0,0,2,0,5,BAY (5),0,NO APLICA,10,Octubre,4,2022,7,38,SR-22,3,Highway estatal,Rural,Arteria Principal,State Highway Agency,0,Sin jurisdiccion especial,99998,30.15261111,-85.49833056,Vehiculo en movimiento,Frente a frente,Not an Intersection,No fue interseccion,Sobre Acotamiento,Ninguna,Dia total,Despejado,No,NO APLICA,99,99,99,99,1,04/10/2022,4
12,Florida,122502,0,0,2,0,95,ORANGE (95),2360,ORLANDO,10,Octubre,7,2022,10,54,SR-551,3,Highway estatal,Urbano,Arteria Menor,State Highway Agency,0,Sin jurisdiccion especial,99998,28.45116389,-81.28621389,Vehiculo en movimiento,Angulo,Four-Way Intersection,Interseccion de 4 direcciones,Sobre calle,Ninguna,Dia total,Despejado,No,NO APLICA,99,99,99,99,1,07/10/2022,2
12,Florida,122504,1,1,1,0,33,ESCAMBIA (33),0,NO APLICA,10,Octubre,2,2022,9,43,W LEE ST,9,Desconocido,Urbano,Local,Not Reported,0,Sin jurisdiccion especial,99998,30.42683889,-87.25953889,Ciclista,El primer evento no fue una colision con un vehiculo automotor en transporte,Four-Way Intersection,Interseccion de 4 direcciones,Sobre calle,Ninguna,Dia total,Despejado,No,NO APLICA,99,99,99,99,1,02/10/2022,1
12,Florida,122505,0,0,1,0,11,BROWARD (11),2948,TAMARAC,10,Octubre,6,2022,11,25,SR-817 N UNIVERSITY DR,3,Highway estatal,Urbano,Arteria Principal,State Highway Agency,1,Sin jurisdiccion especial,99998,26.15007222,-80.25720278,Banqueta,El primer evento no fue una colision con un vehiculo automotor en transporte,Not an Intersection,No fue interseccion,Sobre el lado de la calle,Ninguna,Dia total,Despejado,No,NO APLICA,99,99,99,99,1,06/10/2022,1
12,Florida,122506,1,1,1,0,57,HILLSBOROUGH (57),0,NO APLICA,10,Octubre,10,2022,7,11,LINEBAUGH AVE,6,Calle Local Municipalidad,Urbano,Colector Mayor,State Highway Agency,0,Sin jurisdiccion especial,99998,28.04043889,-82.56653333,Peaton,El primer evento no fue una colision con un vehiculo automotor en transporte,Four-Way Intersection,Interseccion de 4 direcciones,Sobre calle,Ninguna,Oscuro con iluminacion,Despejado,No,NO APLICA,99,99,99,99,1,10/10/2022,1
12,Florida,122507,0,0,1,0,99,PALM BEACH (99),3190,WEST PALM BEACH,10,Octubre,12,2022,17,22,FERN ST,6,Calle Local Municipalidad,Urbano,Local,City or Municipal Highway Agency,0,Sin jurisdiccion especial,99998,26.710425,-80.05529167,Vehiculo Ferrocarril,El primer evento no fue una colision con un vehiculo automotor en transporte,Not an Intersection,No fue interseccion,Sobre calle,Ninguna,Dia total,Despejado,No,Unknown,99,99,99,99,1,12/10/2022,1
12,Florida,122508,0,0,3,0,101,PASCO (101),0,NO APLICA,10,Octubre,12,2022,16,32,SR-54,3,Highway estatal,Urbano,Arteria Principal,State Highway Agency,0,Sin jurisdiccion especial,99998,28.18735,-82.45415,Vehiculo en movimiento,Frente a frente,Not an Intersection,No fue interseccion,Sobre calle,Ninguna,Dia total,Despejado,No,NO APLICA,16,33,16,40,1,12/10/2022,5
12,Florida,122510,0,0,1,0,81,MANATEE (81),0,NO APLICA,10,Octubre,1,2022,2,54,I-75,1,Interestatal,Urbano,Interestatal,State Highway Agency,1,Sin jurisdiccion especial,99998,27.397025,-82.45155833,Zanja,El primer evento no fue una colision con un vehiculo automotor en transporte,Not an Intersection,No fue interseccion,Sobre el lado de la calle,Ninguna,Oscuro sin iluminacion,Despejado,No,NO APLICA,99,99,99,99,1,01/10/2022,1
12,Florida,122511,0,0,1,0,95,ORANGE (95),2360,ORLANDO,10,Octubre,9,2022,4,2,JOHN YOUNG PKWY,6,Calle Local Municipalidad,Urbano,Arteria Principal,Not Reported,1,Sin jurisdiccion especial,99998,28.53290833,-81.41395278,Banqueta,El primer evento no fue una colision con un vehiculo automotor en transporte,Not an Intersection,No fue interseccion,Sobre el lado de la calle,Ninguna,Oscuro con iluminacion,Despejado,No,NO APLICA,99,99,99,99,1,09/10/2022,2
12,Florida,122512,0,0,2,0,99,PALM BEACH (99),0,NO APLICA,10,Octubre,12,2022,9,18,SR-809,3,Highway estatal,Urbano,Arteria Principal,State Highway Agency,0,Sin jurisdiccion especial,99998,26.47798333,-80.122675,Vehiculo en movimiento,Angulo,Not an Intersection,No fue interseccion,Sobre calle,Ninguna,Dia total,Despejado,No,NO APLICA,99,99,99,99,1,12/10/2022,2
12,Florida,122513,0,0,1,0,109,ST JOHNS (109),0,NO APLICA,7,Julio,23,2022,9,30,CR-13,4,Calle del Condado,Urbano,Arteria Principal,State Highway Agency,0,Sin jurisdiccion especial,99998,29.91791944,-81.59396111,Arbol,El primer evento no fue una colision con un vehiculo automotor en transporte,Not an Intersection,No fue interseccion,Fuera de la calle,Ninguna,Dia total,Despejado,No,NO APLICA,99,99,99,99,1,23/07/2022,1
12,Florida,122514,0,0,2,0,127,VOLUSIA (127),810,DELAND,10,Octubre,6,2022,19,29,SR-15A,3,Highway estatal,Urbano,Arteria Principal,Not Reported,0,Sin jurisdiccion especial,99998,29.05441111,-81.32498056,Vehiculo en movimiento,Angulo,Four-Way Intersection,Interseccion de 4 direcciones,Sobre calle,Ninguna,Atardecer,Despejado,No,NO APLICA,99,99,99,99,1,06/10/2022,4
12,Florida,122515,1,1,1,0,95,ORANGE (95),2360,ORLANDO,10,Octubre,2,2022,0,1,US-17,2,US Highway,Urbano,Arteria Principal,State Highway Agency,1,Sin jurisdiccion especial,99998,28.53645,-81.39716667,Ciclista,El primer evento no fue una colision con un vehiculo automotor en transporte,Four-Way Intersection,Interseccion de 4 direcciones,Sobre calle,Ninguna,Oscuro con iluminacion,Despejado,No,NO APLICA,99,99,99,99,1,02/10/2022,1
12,Florida,122516,0,0,1,0,83,MARION (83),0,NO APLICA,10,Octubre,7,2022,10,10,DEL WEBB BLVD,6,Calle Local Municipalidad,Urbano,Local,Not Reported,0,Sin jurisdiccion especial,99998,29.01949167,-82.00980556,Banqueta,El primer evento no fue una colision con un vehiculo automotor en transporte,Not an Intersection,No fue interseccion,Sobre el lado de la calle,Ninguna,Dia total,Despejado,No,NO APLICA,99,99,99,99,2,07/10/2022,2
12,Florida,122517,1,1,1,0,97,OSCEOLA (97),1590,KISSIMMEE,1,Enero,27,2022,6,30,DYER BLVD,6,Calle Local Municipalidad,Urbano,Colector Mayor,Not Reported,0,Sin jurisdiccion especial,99998,28.31723056,-81.43655,Peaton,El primer evento no fue una colision con un vehiculo automotor en transporte,Four-Way Intersection,Interseccion de 4 direcciones,Sobre calle,Ninguna,Oscuro con iluminacion,Despejado,No,NO APLICA,99,99,99,99,1,27/01/2022,1
12,Florida,122518,1,1,2,0,5,BAY (5),0,NO APLICA,9,Septiembre,6,2022,22,14,SR-30,3,Highway estatal,Urbano,Arteria Menor,State Highway Agency,0,Sin jurisdiccion especial,99998,30.18488889,-85.77609722,Peaton,El primer evento no fue una colision con un vehiculo automotor en transporte,Not an Intersection,No fue interseccion,Sobre calle,Ninguna,Oscuro con iluminacion,Despejado,No,NO APLICA,99,99,99,99,1,06/09/2022,3
12,Florida,122519,0,0,2,0,69,LAKE (69),0,NO APLICA,10,Octubre,2,2022,8,48,CR-33,4,Calle del Condado,Urbano,Colector Mayor,County Highway Agency,0,Sin jurisdiccion especial,99998,28.74772778,-81.89565,Vehiculo en movimiento,Angulo,Four-Way Intersection,Interseccion de 4 direcciones,Sobre calle,Ninguna,Dia total,Despejado,No,NO APLICA,99,99,99,99,1,02/10/2022,3
12,Florida,122520,0,0,1,0,127,VOLUSIA (127),0,NO APLICA,10,Octubre,8,2022,19,43,FATIO ROAD,9,Desconocido,Urbano,Colector Menor,Not Reported,0,Sin jurisdiccion especial,99998,28.98386111,-81.33425,Arbol,El primer evento no fue una colision con un vehiculo automotor en transporte,Not an Intersection,No fue interseccion,Sobre el lado de la calle,Ninguna,Oscuro sin iluminacion,Despejado,No,NO APLICA,99,99,99,99,1,08/10/2022,1
12,Florida,122521,0,0,1,0,27,DE SOTO (27),0,NO APLICA,10,Octubre,12,2022,11,50,CR-661,4,Calle del Condado,Urbano,Colector Mayor,County Highway Agency,0,Sin jurisdiccion especial,99998,27.25604167,-81.89080556,Zanja,El primer evento no fue una colision con un vehiculo automotor en transporte,Not an Intersection,No fue interseccion,Sobre el lado de la calle,Ninguna,Dia total,Nublado,No,NO APLICA,99,99,99,99,1,12/10/2022,1
12,Florida,122522,1,1,1,0,57,HILLSBOROUGH (57),1919,MANGO,10,Octubre,13,2022,22,0,WILLIAMS RD,9,Desconocido,Urbano,Colector Mayor,Not Reported,0,Sin jurisdiccion especial,99998,27.99958333,-82.31886944,Peaton,El primer evento no fue una colision con un vehiculo automotor en transporte,Not an Intersection,No fue interseccion,Sobre calle,Ninguna,Oscuro sin iluminacion,Despejado,No,NO APLICA,99,99,99,99,1,13/10/2022,1
12,Florida,122523,1,1,1,0,11,BROWARD (11),672,CORAL SPRINGS,10,Octubre,15,2022,22,18,CORAL RIDGE DR,8,Otro,Urbano,Arterial Principal -Freeway o ExpressWay,Not Reported,0,Sin jurisdiccion especial,99998,26.30292778,-80.2786,No vehiculo o remolque,El primer evento no fue una colision con un vehiculo automotor en transporte,Four-Way Intersection,Interseccion de 4 direcciones,Sobre calle,Ninguna,Oscuro con iluminacion,Despejado,No,NO APLICA,99,99,99,99,1,15/10/2022,1
12,Florida,122524,0,0,2,0,86,MIAMI-DADE (86),0,NO APLICA,9,Septiembre,17,2022,23,43,SW 144TH AVE,6,Calle Local Municipalidad,Urbano,Colector Mayor,City or Municipal Highway Agency,0,Sin jurisdiccion especial,99998,25.50696667,-80.42470833,Vehiculo en movimiento,Angulo,T-Intersection,Interseccion de T,Sobre calle,Ninguna,Oscuro sin iluminacion,Despejado,No,NO APLICA,99,99,99,99,1,17/09/2022,2
12,Florida,122525,1,1,1,0,111,ST LUCIE (111),0,NO APLICA,9,Septiembre,25,2022,14,15,GRAHAM RD,8,Otro,Urbano,Local,County Highway Agency,0,Sin jurisdiccion especial,99998,27.42918889,-80.38838333,Peaton,El primer evento no fue una colision con un vehiculo automotor en transporte,Not an Intersection,No fue interseccion,Sobre calle,Ninguna,Dia total,Despejado,No,NO APLICA,99,99,99,99,1,25/09/2022,1
12,Florida,122526,1,1,1,0,9,BREVARD (9),1990,MELBOURNE,10,Octubre,2,2022,20,20,SARNO RD,6,Calle Local Municipalidad,Urbano,Arteria Menor,City or Municipal Highway Agency,0,Sin jurisdiccion especial,99998,28.12154722,-80.64288889,Peaton,El primer evento no fue una colision con un vehiculo automotor en transporte,Not an Intersection,No fue interseccion,Sobre calle,Ninguna,Oscuro con iluminacion,Despejado,No,NO APLICA,99,99,99,99,1,02/10/2022,1
12,Florida,122527,1,1,1,0,111,ST LUCIE (111),2601,PORT SAINT LUCIE,10,Octubre,8,2022,21,18,SE WALTON RD,6,Calle Local Municipalidad,Urbano,Arteria Menor,City or Municipal Highway Agency,0,Sin jurisdiccion especial,99998,27.298925,-80.29723333,Peaton,El primer evento no fue una colision con un vehiculo automotor en transporte,Four-Way Intersection,Interseccion de 4 direcciones,Sobre calle,Ninguna,Oscuro con iluminacion,Despejado,No,NO APLICA,99,99,99,99,1,08/10/2022,1
12,Florida,122528,1,1,1,0,11,BROWARD (11),2948,TAMARAC,10,Octubre,8,2022,22,42,SR-870,3,Highway estatal,Urbano,Arteria Principal,State Highway Agency,0,Sin jurisdiccion especial,99998,26.18915278,-80.20886944,Ciclista,El primer evento no fue una colision con un vehiculo automotor en transporte,Four-Way Intersection,Interseccion de 4 direcciones,Sobre calle,Ninguna,Oscuro con iluminacion,Despejado,No,NO APLICA,99,99,99,99,1,08/10/2022,1
12,Florida,122529,1,1,2,0,5,BAY (5),2451,PANAMA CITY BEACH,10,Octubre,12,2022,21,53,US-98,2,US Highway,Urbano,Arteria Principal,State Highway Agency,1,Sin jurisdiccion especial,99998,30.23621111,-85.90421389,Peaton,El primer evento no fue una colision con un vehiculo automotor en transporte,Not an Intersection,No fue interseccion,Sobre calle,Ninguna,Oscuro sin iluminacion,Despejado,No,NO APLICA,99,99,99,99,1,12/10/2022,4
12,Florida,122530,0,0,2,0,11,BROWARD (11),771,DAVIE,10,Octubre,12,2022,22,35,SW 45TH ST,6,Calle Local Municipalidad,Urbano,Local,City or Municipal Highway Agency,0,Sin jurisdiccion especial,99998,26.04771111,-80.20711389,Vehiculo en movimiento,Angulo,T-Intersection,Interseccion de T,Sobre calle,Ninguna,Oscuro con iluminacion,Despejado,No,NO APLICA,99,99,99,99,1,12/10/2022,2
12,Florida,122531,1,1,1,0,57,HILLSBOROUGH (57),2950,TAMPA,10,Octubre,12,2022,2,7,NEBRASKA AVE,6,Calle Local Municipalidad,Urbano,Arteria Principal,State Highway Agency,1,Sin jurisdiccion especial,99998,28.02003333,-82.45123889,Peaton,El primer evento no fue una colision con un vehiculo automotor en transporte,Not an Intersection,No fue interseccion,Sobre calle,Ninguna,Oscuro con iluminacion,Despejado,No,NO APLICA,99,99,99,99,1,12/10/2022,1
12,Florida,122532,1,1,1,0,99,PALM BEACH (99),0,NO APLICA,10,Octubre,15,2022,19,49,BEE LINE HWY,6,Calle Local Municipalidad,Urbano,Arteria Principal,State Highway Agency,1,Sin jurisdiccion especial,99998,26.92278611,-80.32143056,Peaton,El primer evento no fue una colision con un vehiculo automotor en transporte,Not an Intersection,No fue interseccion,Sobre calle,Ninguna,Oscuro sin iluminacion,Despejado,No,NO APLICA,99,99,99,99,1,15/10/2022,2
12,Florida,122533,1,1,2,0,99,PALM BEACH (99),0,NO APLICA,10,Octubre,14,2022,3,3,US-98,2,US Highway,Urbano,Arteria Principal,State Highway Agency,1,Sin jurisdiccion especial,99998,26.68493056,-80.35961111,Peaton,El primer evento no fue una colision con un vehiculo automotor en transporte,Not an Intersection,No fue interseccion,Sobre calle,Ninguna,Oscuro sin iluminacion,Despejado,No,NO APLICA,99,99,99,99,1,14/10/2022,2
12,Florida,122534,0,0,2,0,9,BREVARD (9),0,NO APLICA,10,Octubre,1,2022,13,35,SR-520,3,Highway estatal,Urbano,Arteria Principal,State Highway Agency,1,Sin jurisdiccion especial,99998,28.35976944,-80.80261944,Vehiculo en movimiento,Frente a Detrás,T-Intersection,Interseccion de T,Sobre calle,Ninguna,Dia total,Despejado,No,NO APLICA,99,99,99,99,1,01/10/2022,2
12,Florida,122535,0,0,3,0,9,BREVARD (9),0,NO APLICA,10,Octubre,2,2022,12,25,SR-407,3,Highway estatal,Urbano,Arteria Principal,State Highway Agency,1,Sin jurisdiccion especial,99998,28.45863889,-80.86796389,Vehiculo en movimiento,Frente a frente,Not an Intersection,No fue interseccion,Sobre calle,Ninguna,Dia total,Despejado,No,NO APLICA,99,99,99,99,1,02/10/2022,4
12,Florida,122536,0,0,2,0,97,OSCEOLA (97),1590,KISSIMMEE,10,Octubre,16,2022,20,51,SR-423,3,Highway estatal,Urbano,Arteria Principal,State Highway Agency,1,Sin jurisdiccion especial,99998,28.27652778,-81.41887778,Vehiculo en movimiento,Frente a Detrás,Not an Intersection,No fue interseccion,Sobre calle,Ninguna,Oscuro sin iluminacion,Despejado,No,NO APLICA,99,99,99,99,1,16/10/2022,2
12,Florida,122537,1,1,1,0,86,MIAMI-DADE (86),2010,MIAMI,10,Octubre,5,2022,23,31,NW 27TH AVE,6,Calle Local Municipalidad,Urbano,Arteria Principal,State Highway Agency,1,Sin jurisdiccion especial,99998,25.79617778,-80.23978889,Peaton,El primer evento no fue una colision con un vehiculo automotor en transporte,Four-Way Intersection,Interseccion de 4 direcciones,Sobre calle,Ninguna,Oscuro con iluminacion,Despejado,No,NO APLICA,99,99,99,99,1,05/10/2022,1