Estado,Nombre de Estado,Numero de Caso,Peatones,Personas _no_vehiculos,Vehiculos automotores,Vehiculos estacionados,Condado,Nombre Condado,Ciudad,Nombre Ciudad,Mes,Nombre Mes,Dia,Año,Hora,Minuto,Calle,Ruta,Nombre Ruta,Rural o Urbanoo,Sistema Funcional,Dueño Calle,Sistema Nacional Carreteras,Jurisdiccion Especial,Milla,Latitud,Longitud,Causa del Accidente,Tipo de Accidente,Tipo Interseccion,Columna1,Lugar en la calle,Zona de Trabajo,Luz,Clima,Autobus Escolar,Cruce de Trenes,Hora Notificacion,Minuto Notificacion,Hora Llegada,Minuto Llegada,Decesos,Fecha,PersonaVehiculo
12,Florida,122538,1,1,1,0,93,OKEECHOBEE (93),0,NO APLICA,9,Septiembre,11,2022,20,59,US-98,2,US Highway,Urbano,Arteria Principal,State Highway Agency,1,Sin jurisdiccion especial,99998,27.26272222,-80.86241111,Peaton,El primer evento no fue una colision con un vehiculo automotor en transporte,Not an Intersection,No fue interseccion,Sobre calle,Ninguna,Oscuro sin iluminacion,Despejado,No,NO APLICA,99,99,99,99,1,11/09/2022,1
12,Florida,122539,0,0,2,0,103,PINELLAS (103),0,NO APLICA,9,Septiembre,24,2022,21,16,SR-686,3,Highway estatal,Urbano,Arteria Menor,State Highway Agency,0,Sin jurisdiccion especial,99998,27.9162,-82.72130833,Vehiculo en movimiento,Angulo,Four-Way Intersection,Interseccion de 4 direcciones,Sobre calle,Ninguna,Oscuro con iluminacion,Despejado,No,NO APLICA,99,99,99,99,1,24/09/2022,6
12,Florida,122540,4,4,2,0,95,ORANGE (95),0,NO APLICA,10,Octubre,6,2022,17,40,23RD STREET,5,Calle Local - Pueblo,Urbano,Local,City or Municipal Highway Agency,0,Sin jurisdiccion especial,99998,28.51818056,-81.39916111,Vehiculo en movimiento,Angulo,Four-Way Intersection,Interseccion de 4 direcciones,Sobre calle,Ninguna,Dia total,Despejado,No,NO APLICA,99,99,99,99,1,06/10/2022,3
12,Florida,122541,0,0,2,0,57,HILLSBOROUGH (57),0,NO APLICA,10,Octubre,8,2022,1,22,US-301,2,US Highway,Urbano,Arteria Principal,State Highway Agency,1,Sin jurisdiccion especial,99998,27.98943056,-82.35889444,Vehiculo en movimiento,Angulo,Not an Intersection,No fue interseccion,Sobre calle,Ninguna,Oscuro con iluminacion,Despejado,No,NO APLICA,99,99,99,99,1,08/10/2022,6
12,Florida,122542,1,1,2,0,119,SUMTER (119),0,NO APLICA,10,Octubre,9,2022,21,3,SR-471,3,Highway estatal,Rural,Arteria Menor,State Highway Agency,0,Sin jurisdiccion especial,99998,28.52908889,-82.05459444,Ciclista,El primer evento no fue una colision con un vehiculo automotor en transporte,Not an Intersection,No fue interseccion,Sobre calle,Ninguna,Oscuro sin iluminacion,Despejado,No,NO APLICA,21,3,21,11,1,09/10/2022,3
12,Florida,122543,0,0,2,0,57,HILLSBOROUGH (57),0,NO APLICA,10,Octubre,9,2022,7,50,SR-60,3,Highway estatal,Urbano,Arteria Principal,State Highway Agency,0,Sin jurisdiccion especial,99998,27.92783056,-82.07483056,Vehiculo en movimiento,Angulo,Not an Intersection,No fue interseccion,Sobre calle,Ninguna,Dia total,Despejado,No,NO APLICA,99,99,99,99,1,09/10/2022,3
12,Florida,122544,0,0,2,0,127,VOLUSIA (127),2340,ORANGE CITY,10,Octubre,12,2022,22,51,ENTERPRISE RD,6,Calle Local Municipalidad,Urbano,Arteria Menor,County Highway Agency,0,Sin jurisdiccion especial,99998,28.91995556,-81.29673889,Vehiculo en movimiento,Angulo,Not an Intersection,No fue interseccion,Sobre calle,Ninguna,Oscuro sin iluminacion,Despejado,No,NO APLICA,99,99,99,99,1,12/10/2022,3
12,Florida,122545,0,0,1,0,71,LEE (71),0,NO APLICA,10,Octubre,8,2022,19,0,I-75,1,Interestatal,Urbano,Interestatal,State Highway Agency,1,Sin jurisdiccion especial,99998,26.57459444,-81.79185,Otro objeto (no fijo),El primer evento no fue una colision con un vehiculo automotor en transporte,Not an Intersection,No fue interseccion,Fuera de la calle,Ninguna,Atardecer,Despejado,No,NO APLICA,99,99,99,99,1,08/10/2022,1
12,Florida,122546,0,0,5,0,27,DE SOTO (27),0,NO APLICA,10,Octubre,13,2022,16,18,SR-70,3,Highway estatal,Rural,Arteria Principal,State Highway Agency,0,Sin jurisdiccion especial,99998,27.28992222,-82.05114722,Vehiculo en movimiento,Frente a frente,Not an Intersection,No fue interseccion,Sobre calle,Ninguna,Dia total,Nublado,No,NO APLICA,99,99,99,99,2,13/10/2022,6
12,Florida,122548,0,0,1,0,101,PASCO (101),0,NO APLICA,10,Octubre,15,2022,14,12,US-41,2,US Highway,Urbano,Arteria Principal,State Highway Agency,1,Sin jurisdiccion especial,99998,28.20646111,-82.4627,Arbol,El primer evento no fue una colision con un vehiculo automotor en transporte,Not an Intersection,No fue interseccion,En el medio,Ninguna,Dia total,Despejado,No,NO APLICA,14,13,14,21,1,15/10/2022,2
12,Florida,122549,1,1,1,0,53,HERNANDO (53),0,NO APLICA,10,Octubre,16,2022,8,6,US-41,2,US Highway,Urbano,Arteria Principal,State Highway Agency,1,Sin jurisdiccion especial,99998,28.48029167,-82.43583333,Peaton,El primer evento no fue una colision con un vehiculo automotor en transporte,Not an Intersection,No fue interseccion,Sobre calle,Ninguna,Dia total,Despejado,No,NO APLICA,8,8,8,11,1,16/10/2022,1
12,Florida,122550,1,1,1,0,47,HAMILTON (47),0,NO APLICA,10,Octubre,16,2022,4,46,I-75,1,Interestatal,Rural,Interestatal,State Highway Agency,1,Sin jurisdiccion especial,99998,30.57873056,-83.10448056,Peaton,El primer evento no fue una colision con un vehiculo automotor en transporte,Not an Intersection,No fue interseccion,Sobre calle,Ninguna,Oscuro sin iluminacion,Despejado,No,NO APLICA,99,99,99,99,1,16/10/2022,2
12,Florida,122551,1,1,1,0,73,LEON (73),2940,TALLAHASSEE,10,Octubre,13,2022,14,36,TENNESSEE ST W,8,Otro,Trafficway Not in State Inventory,Via no en inventario estatal,Trafficway Not in State Inventory,0,Sin jurisdiccion especial,99998,30.46137778,-84.35948889,Peaton,El primer evento no fue una colision con un vehiculo automotor en transporte,Not an Intersection,No fue interseccion,Sobre calle,Ninguna,Dia total,Despejado,No,NO APLICA,99,99,99,99,1,13/10/2022,2
12,Florida,122552,0,0,1,0,55,HIGHLANDS (55),0,NO APLICA,10,Octubre,16,2022,20,6,SPARTA ROAD,9,Desconocido,Rural,Local,County Highway Agency,0,Sin jurisdiccion especial,99998,27.43351667,-81.44356389,Alguien se cayo/avento del vehiculo,El primer evento no fue una colision con un vehiculo automotor en transporte,Not an Intersection,No fue interseccion,Sobre calle,Ninguna,Oscuro sin iluminacion,Despejado,No,NO APLICA,99,99,99,99,1,16/10/2022,3
12,Florida,122553,0,0,2,0,31,DUVAL (31),1510,JACKSONVILLE,10,Octubre,18,2022,18,43,US-90,2,US Highway,Urbano,Arteria Menor,State Highway Agency,1,Sin jurisdiccion especial,99998,30.33294444,-81.69799167,Vehiculo en movimiento,Angulo,T-Intersection,Interseccion de T,Sobre calle,Ninguna,Atardecer,Despejado,No,NO APLICA,99,99,99,99,1,18/10/2022,7
12,Florida,122554,0,0,1,0,83,MARION (83),0,NO APLICA,10,Octubre,19,2022,9,30,47TH AVE,9,Desconocido,Rural,Colector Menor,County Highway Agency,0,Sin jurisdiccion especial,99998,29.34870556,-82.071975,Barda,El primer evento no fue una colision con un vehiculo automotor en transporte,Not an Intersection,No fue interseccion,Fuera de la calle,Ninguna,Dia total,Despejado,No,NO APLICA,99,99,99,99,1,19/10/2022,1
12,Florida,122555,0,0,1,0,81,MANATEE (81),0,NO APLICA,10,Octubre,16,2022,17,11,OLD TAMPA RD,9,Desconocido,Urbano,Colector Mayor,County Highway Agency,0,Sin jurisdiccion especial,99998,27.54852222,-82.44718333,Poste de Señal de trafico,El primer evento no fue una colision con un vehiculo automotor en transporte,Not an Intersection,No fue interseccion,Sobre el lado de la calle,Ninguna,Dia total,Despejado,No,NO APLICA,99,99,99,99,1,16/10/2022,1
12,Florida,122556,0,0,2,0,57,HILLSBOROUGH (57),0,NO APLICA,10,Octubre,20,2022,3,9,LITHIA PINECREST RD,8,Otro,Rural,Colector Mayor,County Highway Agency,0,Sin jurisdiccion especial,99998,27.85073056,-82.06341389,Vehiculo en movimiento,Frente a frente,T-Intersection,Interseccion de T,Sobre calle,Ninguna,Oscuro sin iluminacion,Despejado,No,NO APLICA,99,99,99,99,1,20/10/2022,2
12,Florida,122557,1,1,1,0,9,BREVARD (9),3000,TITUSVILLE,10,Octubre,5,2022,6,44,DAIRY ROAD,6,Calle Local Municipalidad,Urbano,Colector Mayor,City or Municipal Highway Agency,0,Sin jurisdiccion especial,99998,28.63725278,-80.84007778,Peaton,El primer evento no fue una colision con un vehiculo automotor en transporte,Not an Intersection,No fue interseccion,Sobre calle,Ninguna,Oscuro sin iluminacion,Despejado,No,NO APLICA,99,99,99,99,1,05/10/2022,1
12,Florida,122558,0,0,2,0,11,BROWARD (11),2468,PEMBROKE PINES,10,Octubre,5,2022,14,5,N HIATUS RD,8,Otro,Urbano,Arteria Menor,City or Municipal Highway Agency,0,Sin jurisdiccion especial,99998,26.01486667,-80.29641944,Vehiculo en movimiento,Frente a frente,Four-Way Intersection,Interseccion de 4 direcciones,Sobre calle,Ninguna,Dia total,Nublado,No,NO APLICA,99,99,99,99,1,05/10/2022,4
12,Florida,122559,0,0,1,0,57,HILLSBOROUGH (57),2658,RIVERVIEW,8,Agosto,1,2022,16,17,US-301,2,US Highway,Urbano,Arteria Principal,State Highway Agency,1,Sin jurisdiccion especial,99998,27.88390833,-82.32691944,Volcadura,El primer evento no fue una colision con un vehiculo automotor en transporte,Not an Intersection,No fue interseccion,Sobre Acotamiento,Ninguna,Dia total,Despejado,No,NO APLICA,99,99,99,99,1,01/08/2022,1
12,Florida,122560,0,0,2,0,57,HILLSBOROUGH (57),0,NO APLICA,9,Septiembre,23,2022,13,47,SR-597,3,Highway estatal,Urbano,Arteria Principal,State Highway Agency,0,Sin jurisdiccion especial,99998,28.09608889,-82.50234444,Vehiculo en movimiento,Frente a Detrás,Not an Intersection,No fue interseccion,Sobre calle,Ninguna,Dia total,Despejado,No,NO APLICA,99,99,99,99,1,23/09/2022,2
12,Florida,122561,1,1,1,0,97,OSCEOLA (97),0,NO APLICA,10,Octubre,11,2022,6,28,CR-532,4,Calle del Condado,Rural,Arteria Menor,County Highway Agency,0,Sin jurisdiccion especial,99998,28.27504722,-81.03441389,Ciclista,El primer evento no fue una colision con un vehiculo automotor en transporte,Not an Intersection,No fue interseccion,Sobre calle,Ninguna,Oscuro sin iluminacion,Despejado,No,NO APLICA,99,99,99,99,1,11/10/2022,1
12,Florida,122563,1,1,2,0,55,HIGHLANDS (55),0,NO APLICA,10,Octubre,12,2022,19,43,CR-621,4,Calle del Condado,Rural,Colector Mayor,County Highway Agency,0,Sin jurisdiccion especial,99998,27.34770278,-81.23146944,Vehiculo en movimiento,Frente a frente,Not an Intersection,No fue interseccion,Sobre calle,Ninguna,Oscuro sin iluminacion,Nublado,No,NO APLICA,99,99,99,99,1,12/10/2022,2
12,Florida,122564,0,0,1,0,1,ALACHUA (1),2050,MICANOPY,10,Octubre,15,2022,9,23,US-441,2,US Highway,Rural,Arteria Principal,State Highway Agency,1,Sin jurisdiccion especial,99998,29.51144722,-82.28126944,Poste de Señal de trafico,El primer evento no fue una colision con un vehiculo automotor en transporte,T-Intersection,Interseccion de T,Sobre el lado de la calle,Ninguna,Dia total,Despejado,No,NO APLICA,99,99,99,99,1,15/10/2022,1
12,Florida,122565,0,0,3,0,86,MIAMI-DADE (86),2020,MIAMI BEACH,10,Octubre,15,2022,0,28,I-195 E,1,Interestatal,Urbano,Interestatal,State Highway Agency,1,Sin jurisdiccion especial,99998,25.81095,-80.14063611,Vehiculo en movimiento,Frente a Detrás,Not an Intersection,No fue interseccion,Sobre calle,Ninguna,Oscuro con iluminacion,Despejado,No,NO APLICA,99,99,99,99,1,15/10/2022,4
12,Florida,122566,0,0,2,0,95,ORANGE (95),0,NO APLICA,10,Octubre,17,2022,8,55,WEST TAFT VINELANDO RD,8,Otro,Urbano,Arteria Menor,County Highway Agency,0,Sin jurisdiccion especial,99998,28.42148056,-81.38838056,Vehiculo en movimiento,Angulo,T-Intersection,Interseccion de T,Sobre calle,Ninguna,Dia total,Nublado,No,NO APLICA,99,99,99,99,1,17/10/2022,2
12,Florida,122567,0,0,2,0,1,ALACHUA (1),0,NO APLICA,10,Octubre,20,2022,19,30,US-301,2,US Highway,Rural,Arteria Principal,State Highway Agency,0,Sin jurisdiccion especial,99998,29.71246944,-82.13820833,Volcadura,El primer evento no fue una colision con un vehiculo automotor en transporte,Not an Intersection,No fue interseccion,En el medio,Ninguna,Oscuro sin iluminacion,Despejado,No,NO APLICA,99,99,99,99,1,20/10/2022,3
12,Florida,122568,1,1,1,0,127,VOLUSIA (127),810,DELAND,9,Septiembre,3,2022,20,19,US-17,2,US Highway,Urbano,Arteria Principal,Not Reported,1,Sin jurisdiccion especial,99998,28.98353333,-81.29942222,Peaton,El primer evento no fue una colision con un vehiculo automotor en transporte,Not an Intersection,No fue interseccion,Sobre calle,Ninguna,Oscuro sin iluminacion,Despejado,No,NO APLICA,99,99,99,99,1,03/09/2022,2
12,Florida,122569,0,0,2,0,105,POLK (105),0,NO APLICA,10,Octubre,13,2022,14,26,BELLA VISTA ST,9,Desconocido,Urbano,Local,County Highway Agency,0,Sin jurisdiccion especial,99998,28.06965556,-82.014875,Vehiculo en movimiento,Angulo,Four-Way Intersection,Interseccion de 4 direcciones,Sobre calle,Ninguna,Dia total,Nublado,No,NO APLICA,99,99,99,99,1,13/10/2022,3
12,Florida,122570,0,0,1,0,39,GADSDEN (39),0,NO APLICA,10,Octubre,14,2022,23,38,I-10,1,Interestatal,Rural,Interestatal,State Highway Agency,1,Sin jurisdiccion especial,99998,30.51715556,-84.48308889,Arbol,El primer evento no fue una colision con un vehiculo automotor en transporte,Not an Intersection,No fue interseccion,En el medio,Ninguna,Oscuro sin iluminacion,Despejado,No,NO APLICA,99,99,99,99,2,14/10/2022,2
12,Florida,122571,1,1,1,0,31,DUVAL (31),1510,JACKSONVILLE,10,Octubre,19,2022,19,32,SR-202,3,Highway estatal,Urbano,Arterial Principal -Freeway o ExpressWay,State Highway Agency,1,Sin jurisdiccion especial,99998,30.25112222,-81.48520278,Peaton,El primer evento no fue una colision con un vehiculo automotor en transporte,Not an Intersection,No fue interseccion,Sobre calle,Ninguna,Oscuro con iluminacion,Nublado,No,NO APLICA,99,99,99,99,1,19/10/2022,2
12,Florida,122572,0,0,1,0,99,PALM BEACH (99),3190,WEST PALM BEACH,10,Octubre,21,2022,20,40,N CONGRESS AVE,6,Calle Local Municipalidad,Urbano,Arteria Menor,City or Municipal Highway Agency,0,Sin jurisdiccion especial,99998,26.74391389,-80.08938889,Banqueta,El primer evento no fue una colision con un vehiculo automotor en transporte,Not an Intersection,No fue interseccion,Sobre el lado de la calle,Ninguna,Oscuro con iluminacion,Nublado,No,NO APLICA,99,99,99,99,1,21/10/2022,1
12,Florida,122573,0,0,1,0,11,BROWARD (11),633,COCONUT CREEK,10,Octubre,9,2022,5,10,LYONS RD,6,Calle Local Municipalidad,Urbano,Arteria Menor,City or Municipal Highway Agency,0,Sin jurisdiccion especial,99998,26.25843611,-80.186375,Banqueta,El primer evento no fue una colision con un vehiculo automotor en transporte,Not an Intersection,No fue interseccion,En el medio,Ninguna,Oscuro con iluminacion,Nublado,No,NO APLICA,99,99,99,99,2,09/10/2022,2
12,Florida,122574,1,1,1,0,99,PALM BEACH (99),3190,WEST PALM BEACH,10,Octubre,24,2022,10,58,45TH ST,6,Calle Local Municipalidad,Urbano,Arteria Menor,City or Municipal Highway Agency,0,Sin jurisdiccion especial,99998,26.75953333,-80.10418333,Peaton,El primer evento no fue una colision con un vehiculo automotor en transporte,Not an Intersection,No fue interseccion,Sobre calle,Ninguna,Dia total,Nublado,No,NO APLICA,99,99,99,99,1,24/10/2022,1
12,Florida,122576,1,1,1,0,31,DUVAL (31),1510,JACKSONVILLE,10,Octubre,25,2022,13,15,ARNEY ST,6,Calle Local Municipalidad,Urbano,Local,City or Municipal Highway Agency,0,Sin jurisdiccion especial,99998,30.32495833,-81.70661111,Peaton,El primer evento no fue una colision con un vehiculo automotor en transporte,Not an Intersection,No fue interseccion,Sobre calle,Ninguna,Dia total,Despejado,No,NO APLICA,99,99,99,99,1,25/10/2022,1
12,Florida,122577,0,0,1,0,33,ESCAMBIA (33),0,NO APLICA,10,Octubre,12,2022,21,30,US-98,2,US Highway,Urbano,Arteria Principal,State Highway Agency,1,Sin jurisdiccion especial,99998,30.39798056,-87.41781944,Poste,El primer evento no fue una colision con un vehiculo automotor en transporte,Not an Intersection,No fue interseccion,Sobre el lado de la calle,Ninguna,Oscuro sin iluminacion,Nublado,No,NO APLICA,99,99,99,99,1,12/10/2022,1
12,Florida,122578,1,1,1,0,99,PALM BEACH (99),0,NO APLICA,10,Octubre,23,2022,6,7,SR-809,3,Highway estatal,Urbano,Arteria Principal,State Highway Agency,1,Sin jurisdiccion especial,99998,26.65880833,-80.11264167,Peaton,El primer evento no fue una colision con un vehiculo automotor en transporte,Not an Intersection,No fue interseccion,Sobre calle,Ninguna,Oscuro con iluminacion,Despejado,No,NO APLICA,99,99,99,99,1,23/10/2022,1
12,Florida,122579,1,1,1,0,57,HILLSBOROUGH (57),2950,TAMPA,10,Octubre,26,2022,4,45,W JOHN F KENNEDY BLVD,8,Otro,Urbano,Arteria Principal,State Highway Agency,1,Sin jurisdiccion especial,99998,27.94474722,-82.52367778,Peaton,El primer evento no fue una colision con un vehiculo automotor en transporte,Not an Intersection,No fue interseccion,Sobre calle,"Zona de trabajo, tipo desconocido",Oscuro con iluminacion,Despejado,No,NO APLICA,99,99,99,99,1,26/10/2022,1
12,Florida,122580,1,1,1,0,86,MIAMI-DADE (86),0,NO APLICA,10,Octubre,5,2022,6,13,SR-973,3,Highway estatal,Urbano,Arteria Principal,State Highway Agency,0,Sin jurisdiccion especial,99998,25.7769,-80.33674722,Peaton,El primer evento no fue una colision con un vehiculo automotor en transporte,Not an Intersection,No fue interseccion,Sobre calle,Ninguna,Oscuro con iluminacion,Despejado,No,NO APLICA,99,99,99,99,1,05/10/2022,1
12,Florida,122581,0,0,1,0,53,HERNANDO (53),0,NO APLICA,10,Octubre,16,2022,9,57,CR-576,4,Calle del Condado,Rural,Colector Mayor,County Highway Agency,0,Sin jurisdiccion especial,99998,28.45256111,-82.35238889,Culvert,El primer evento no fue una colision con un vehiculo automotor en transporte,Not an Intersection,No fue interseccion,Sobre el lado de la calle,Ninguna,Dia total,Despejado,No,NO APLICA,9,57,10,9,2,16/10/2022,2
12,Florida,122582,0,0,1,0,71,LEE (71),0,NO APLICA,10,Octubre,20,2022,4,40,I-75,1,Interestatal,Urbano,Interestatal,State Highway Agency,1,Sin jurisdiccion especial,99998,26.56399167,-81.79416944,Volcadura,El primer evento no fue una colision con un vehiculo automotor en transporte,Not an Intersection,No fue interseccion,En el medio,Ninguna,Oscuro sin iluminacion,Despejado,No,NO APLICA,99,99,99,99,1,20/10/2022,1
12,Florida,122583,0,0,1,0,86,MIAMI-DADE (86),0,NO APLICA,10,Octubre,21,2022,2,15,SR-821,3,Highway estatal,Urbano,Arterial Principal -Freeway o ExpressWay,State Highway Agency,1,Sin jurisdiccion especial,99998,25.46865,-80.4531,Barrera de Trafico de Concreto,El primer evento no fue una colision con un vehiculo automotor en transporte,Not an Intersection,No fue interseccion,En el medio,Ninguna,Oscuro con iluminacion,Despejado,No,NO APLICA,99,99,99,99,1,21/10/2022,2
12,Florida,122584,0,0,2,0,91,OKALOOSA (91),0,NO APLICA,10,Octubre,15,2022,20,30,SR-85,3,Highway estatal,Rural,Arteria Principal,State Highway Agency,0,Sin jurisdiccion especial,99998,30.96675,-86.40548889,Vehiculo en movimiento,Angulo,Four-Way Intersection,Interseccion de 4 direcciones,Sobre calle,Ninguna,Oscuro sin iluminacion,Despejado,No,NO APLICA,99,99,99,99,1,15/10/2022,3
12,Florida,122585,0,0,2,0,101,PASCO (101),0,NO APLICA,10,Octubre,10,2022,19,55,SR-54,3,Highway estatal,Urbano,Arteria Principal,State Highway Agency,1,Sin jurisdiccion especial,99998,28.21711111,-82.70228889,Vehiculo en movimiento,Angulo,T-Intersection,Interseccion de T,Sobre calle,Ninguna,Oscuro con iluminacion,Despejado,No,NO APLICA,99,99,99,99,1,10/10/2022,2
12,Florida,122586,0,0,2,0,101,PASCO (101),0,NO APLICA,10,Octubre,19,2022,21,48,SR-54,3,Highway estatal,Urbano,Arteria Principal,State Highway Agency,0,Sin jurisdiccion especial,99998,28.1861,-82.42385,Vehiculo en movimiento,Angulo,T-Intersection,Interseccion de T,Sobre calle,Ninguna,Oscuro sin iluminacion,Despejado,No,NO APLICA,99,99,99,99,1,19/10/2022,2
12,Florida,122587,1,1,1,0,11,BROWARD (11),2083,MIRAMAR,8,Agosto,3,2022,5,40,SR-823,3,Highway estatal,Urbano,Arteria Principal,State Highway Agency,1,Sin jurisdiccion especial,99998,25.97419722,-80.29515,Peaton,El primer evento no fue una colision con un vehiculo automotor en transporte,Not an Intersection,No fue interseccion,Sobre calle,Ninguna,Oscuro con iluminacion,Nublado,No,NO APLICA,99,99,99,99,1,03/08/2022,1
12,Florida,122588,0,0,1,0,131,WALTON (131),0,NO APLICA,10,Octubre,17,2022,21,0,LONG ROAD,9,Desconocido,Rural,Local,County Highway Agency,0,Sin jurisdiccion especial,99998,30.82824722,-86.34194722,Arbol,El primer evento no fue una colision con un vehiculo automotor en transporte,Not an Intersection,No fue interseccion,Sobre el lado de la calle,Ninguna,Oscuro sin iluminacion,Despejado,No,NO APLICA,99,99,99,99,1,17/10/2022,1
12,Florida,122589,0,0,2,0,85,MARTIN (85),2900,STUART,10,Octubre,18,2022,12,33,US-1,2,US Highway,Urbano,Arteria Principal,City or Municipal Highway Agency,1,Sin jurisdiccion especial,99998,27.2224,-80.26367222,Vehiculo en movimiento,Angulo,Four-Way Intersection,Interseccion de 4 direcciones,Sobre calle,Ninguna,Dia total,Nublado,No,NO APLICA,99,99,99,99,4,18/10/2022,4
12,Florida,122590,0,0,1,0,105,POLK (105),0,NO APLICA,10,Octubre,12,2022,0,15,DEEN STILL ROAD,9,Desconocido,Rural,Local,County Highway Agency,0,Sin jurisdiccion especial,99998,28.25909722,-81.76185278,Barda,El primer evento no fue una colision con un vehiculo automotor en transporte,Not an Intersection,No fue interseccion,Sobre el lado de la calle,Ninguna,Oscuro sin iluminacion,Despejado,No,NO APLICA,99,99,99,99,1,12/10/2022,3
12,Florida,122591,0,0,3,0,99,PALM BEACH (99),210,BELLE GLADE,10,Octubre,21,2022,13,55,SR-80,3,Highway estatal,Rural,Colector Mayor,State Highway Agency,1,Sin jurisdiccion especial,99998,26.725625,-80.45128889,Vehiculo en movimiento,Angulo,Four-Way Intersection,Interseccion de 4 direcciones,Sobre calle,Ninguna,Dia total,Despejado,No,NO APLICA,99,99,99,99,1,21/10/2022,3
12,Florida,122592,0,0,2,0,99,PALM BEACH (99),2431,PALM BEACH GARDENS,10,Octubre,21,2022,0,8,SR-811,3,Highway estatal,Urbano,Arteria Menor,State Highway Agency,0,Sin jurisdiccion especial,99998,26.83792222,-80.09370556,Vehiculo en movimiento,Angulo,Four-Way Intersection,Interseccion de 4 direcciones,Sobre calle,Ninguna,Oscuro con iluminacion,Despejado,No,NO APLICA,99,99,99,99,1,21/10/2022,3
12,Florida,122593,0,0,1,0,85,MARTIN (85),0,NO APLICA,10,Octubre,24,2022,20,6,SR-710,3,Highway estatal,Rural,Arteria Principal,State Highway Agency,1,Sin jurisdiccion especial,99998,27.10136389,-80.59059167,Arbol,El primer evento no fue una colision con un vehiculo automotor en transporte,Not an Intersection,No fue interseccion,"Fuera de la calle, ubicacion desconocida",Ninguna,Oscuro sin iluminacion,Despejado,No,NO APLICA,99,99,99,99,1,24/10/2022,1
12,Florida,122594,0,0,2,0,21,COLLIER (21),0,NO APLICA,10,Octubre,24,2022,22,24,CR-896,4,Calle del Condado,Rural,Arteria Menor,County Highway Agency,0,Sin jurisdiccion especial,99998,26.21198056,-81.71230278,Vehiculo en movimiento,Golpe Lateral - misma direccion,Not an Intersection,No fue interseccion,Sobre calle,Ninguna,Oscuro sin iluminacion,Despejado,No,NO APLICA,99,99,99,99,1,24/10/2022,4
12,Florida,122595,1,1,1,0,13,CALHOUN (13),0,NO APLICA,10,Octubre,24,2022,6,44,SR-69,3,Highway estatal,Rural,Colector Mayor,State Highway Agency,0,Sin jurisdiccion especial,99998,30.46331944,-85.04496667,Peaton,El primer evento no fue una colision con un vehiculo automotor en transporte,Not an Intersection,No fue interseccion,Sobre Acotamiento,"Zona de trabajo, tipo desconocido",Amanecer,Despejado,No,NO APLICA,99,99,99,99,1,24/10/2022,1
12,Florida,122596,0,0,2,0,57,HILLSBOROUGH (57),2950,TAMPA,10,Octubre,24,2022,7,20,US-41 N NEBRASKA AVE,2,US Highway,Urbano,Arteria Principal,State Highway Agency,1,Sin jurisdiccion especial,99998,28.04350278,-82.45124167,Vehiculo en movimiento,Angulo,Four-Way Intersection,Interseccion de 4 direcciones,Sobre calle,Ninguna,Dia total,Despejado,No,NO APLICA,99,99,99,99,1,24/10/2022,2
12,Florida,122597,0,0,3,0,131,WALTON (131),0,NO APLICA,10,Octubre,26,2022,20,2,US-331,2,US Highway,Rural,Arteria Principal,State Highway Agency,1,Sin jurisdiccion especial,99998,30.49108889,-86.1212,Vehiculo en movimiento,Angulo,Four-Way Intersection,Interseccion de 4 direcciones,Sobre calle,Ninguna,Oscuro sin iluminacion,Despejado,No,NO APLICA,99,99,99,99,1,26/10/2022,4
12,Florida,122598,1,1,1,0,105,POLK (105),1690,LAKELAND,10,Octubre,30,2022,21,50,US-92,2,US Highway,Urbano,Arteria Principal,State Highway Agency,1,Sin jurisdiccion especial,99998,28.05182222,-81.92908333,Peaton,El primer evento no fue una colision con un vehiculo automotor en transporte,Not an Intersection,No fue interseccion,Sobre calle,Ninguna,Oscuro con iluminacion,Despejado,No,NO APLICA,99,99,99,99,1,30/10/2022,1
12,Florida,122599,0,0,3,1,99,PALM BEACH (99),330,BOYNTON BEACH,10,Octubre,24,2022,9,5,W WOOLBRIGHT RD,6,Calle Local Municipalidad,Urbano,Arteria Menor,City or Municipal Highway Agency,0,Sin jurisdiccion especial,99998,26.51458056,-80.06785,Vehiculo en movimiento,Angulo,T-Intersection,Interseccion de T,Sobre calle,Ninguna,Dia total,Despejado,No,NO APLICA,99,99,99,99,1,24/10/2022,4
12,Florida,122600,0,0,1,0,99,PALM BEACH (99),0,NO APLICA,10,Octubre,25,2022,12,16,OKEECHOBEE BLVD,6,Calle Local Municipalidad,Urbano,Colector Menor,County Highway Agency,0,Sin jurisdiccion especial,99998,26.70719722,-80.30853333,Banqueta,El primer evento no fue una colision con un vehiculo automotor en transporte,Not an Intersection,No fue interseccion,Sobre el lado de la calle,Ninguna,Dia total,Despejado,No,NO APLICA,99,99,99,99,1,25/10/2022,1
12,Florida,122601,0,0,2,0,99,PALM BEACH (99),0,NO APLICA,10,Octubre,28,2022,7,5,HAVERHILL RD S,6,Calle Local Municipalidad,Urbano,Arteria Menor,County Highway Agency,0,Sin jurisdiccion especial,99998,26.67022778,-80.12052222,Vehiculo en movimiento,Angulo,T-Intersection,Interseccion de T,Sobre calle,Ninguna,Amanecer,Despejado,No,NO APLICA,99,99,99,99,1,28/10/2022,5