Estado,Nombre de Estado,Numero de Caso,Peatones,Personas _no_vehiculos,Vehiculos automotores,Vehiculos estacionados,Condado,Nombre Condado,Ciudad,Nombre Ciudad,Mes,Nombre Mes,Dia,Año,Hora,Minuto,Calle,Ruta,Nombre Ruta,Rural o Urbanoo,Sistema Funcional,Dueño Calle,Sistema Nacional Carreteras,Jurisdiccion Especial,Milla,Latitud,Longitud,Causa del Accidente,Tipo de Accidente,Tipo Interseccion,Columna1,Lugar en la calle,Zona de Trabajo,Luz,Clima,Autobus Escolar,Cruce de Trenes,Hora Notificacion,Minuto Notificacion,Hora Llegada,Minuto Llegada,Decesos,Fecha,PersonaVehiculo
12,Florida,122602,0,0,1,0,131,WALTON (131),0,NO APLICA,9,Septiembre,26,2022,9,28,US-331,2,US Highway,Urbano,Arteria Principal,State Highway Agency,1,Sin jurisdiccion especial,99998,30.49148889,-86.12066667,Banqueta,El primer evento no fue una colision con un vehiculo automotor en transporte,Four-Way Intersection,Interseccion de 4 direcciones,Sobre el lado de la calle,Ninguna,Dia total,Despejado,No,NO APLICA,99,99,99,99,1,26/09/2022,1
12,Florida,122603,1,1,1,0,11,BROWARD (11),2541,PLANTATION,9,Septiembre,30,2022,22,48,SR-817 S UNIVERSITY DR,3,Highway estatal,Urbano,Arteria Principal,State Highway Agency,1,Sin jurisdiccion especial,99998,26.11014722,-80.25018889,Peaton,El primer evento no fue una colision con un vehiculo automotor en transporte,Not an Intersection,No fue interseccion,Sobre calle,"Zona de trabajo, tipo desconocido",Oscuro con iluminacion,Despejado,No,NO APLICA,99,99,99,99,1,30/09/2022,2
12,Florida,122604,0,0,1,0,103,PINELLAS (103),2730,SAINT PETERSBURG,10,Octubre,2,2022,3,36,N 62ND AVE,6,Calle Local Municipalidad,Urbano,Colector Mayor,City or Municipal Highway Agency,0,Sin jurisdiccion especial,99998,27.8283,-82.64892778,Banqueta,El primer evento no fue una colision con un vehiculo automotor en transporte,Not an Intersection,No fue interseccion,Sobre el lado de la calle,Ninguna,Oscuro con iluminacion,Despejado,No,NO APLICA,99,99,99,99,1,02/10/2022,3
12,Florida,122605,1,1,1,0,105,POLK (105),0,NO APLICA,10,Octubre,7,2022,21,41,US-27,2,US Highway,Urbano,Arteria Principal,State Highway Agency,1,Sin jurisdiccion especial,99998,27.71131667,-81.56102222,Peaton,El primer evento no fue una colision con un vehiculo automotor en transporte,Not an Intersection,No fue interseccion,Sobre calle,Ninguna,Oscuro sin iluminacion,Despejado,No,NO APLICA,99,99,99,99,1,07/10/2022,1
12,Florida,122606,0,0,2,0,51,HENDRY (51),0,NO APLICA,10,Octubre,8,2022,19,39,SR-80,3,Highway estatal,Urbano,Arteria Principal,State Highway Agency,0,Sin jurisdiccion especial,99998,26.76388611,-81.39012222,Vehiculo en movimiento,Angulo,Four-Way Intersection,Interseccion de 4 direcciones,Sobre calle,Ninguna,Oscuro sin iluminacion,Despejado,No,NO APLICA,99,99,99,99,2,08/10/2022,5
12,Florida,122607,0,0,1,0,35,FLAGLER (35),2439,PALM COAST,10,Octubre,17,2022,19,23,SEMINOLE WOODS BOULEVARD,6,Calle Local Municipalidad,Urbano,Colector Mayor,City or Municipal Highway Agency,0,Sin jurisdiccion especial,99998,29.44453333,-81.18080556,Arbol,El primer evento no fue una colision con un vehiculo automotor en transporte,Not an Intersection,No fue interseccion,En el medio,Ninguna,Oscuro sin iluminacion,lluvia,No,NO APLICA,99,99,99,99,2,17/10/2022,2
12,Florida,122608,1,1,1,0,83,MARION (83),2270,OCALA,10,Octubre,14,2022,20,5,US-441,2,US Highway,Urbano,Arteria Principal,State Highway Agency,1,Sin jurisdiccion especial,99998,29.146275,-82.11403056,Peaton,El primer evento no fue una colision con un vehiculo automotor en transporte,Not an Intersection,No fue interseccion,Sobre el lado de la calle,Ninguna,Oscuro sin iluminacion,Despejado,No,NO APLICA,99,99,99,99,1,14/10/2022,1
12,Florida,122609,0,0,2,0,15,CHARLOTTE (15),0,NO APLICA,10,Octubre,17,2022,15,23,QUESADA AVE,9,Desconocido,Urbano,Colector Mayor,County Highway Agency,0,Sin jurisdiccion especial,99998,27.01005,-82.09051111,Vehiculo en movimiento,Angulo,Four-Way Intersection,Interseccion de 4 direcciones,Sobre calle,Ninguna,Dia total,Despejado,No,NO APLICA,99,99,99,99,1,17/10/2022,2
12,Florida,122610,2,2,1,0,9,BREVARD (9),1990,MELBOURNE,10,Octubre,18,2022,19,13,FRONT ST,6,Calle Local Municipalidad,Urbano,Colector Menor,City or Municipal Highway Agency,0,Sin jurisdiccion especial,99998,28.07951389,-80.60093056,Peaton,El primer evento no fue una colision con un vehiculo automotor en transporte,Not an Intersection,No fue interseccion,"Fuera de la calle, ubicacion desconocida",Ninguna,Oscuro con iluminacion,Nublado,No,NO APLICA,99,99,99,99,2,18/10/2022,1
12,Florida,122611,1,1,1,0,57,HILLSBOROUGH (57),2950,TAMPA,10,Octubre,17,2022,5,37,SR-573,3,Highway estatal,Urbano,Arteria Principal,State Highway Agency,0,Sin jurisdiccion especial,99998,27.88485556,-82.50635833,Ciclista,El primer evento no fue una colision con un vehiculo automotor en transporte,Not an Intersection,No fue interseccion,Sobre calle,Ninguna,Oscuro con iluminacion,Despejado,No,NO APLICA,99,99,99,99,1,17/10/2022,1
12,Florida,122612,0,0,3,1,57,HILLSBOROUGH (57),2950,TAMPA,10,Octubre,17,2022,5,39,SR-580,3,Highway estatal,Urbano,Arteria Principal,State Highway Agency,1,Sin jurisdiccion especial,99998,27.99599167,-82.46807222,Vehiculo en movimiento,Golpe Lateral - misma direccion,T-Intersection,Interseccion de T,Sobre calle,Ninguna,Oscuro con iluminacion,Despejado,No,NO APLICA,99,99,99,99,1,17/10/2022,2
12,Florida,122614,0,0,1,0,86,MIAMI-DADE (86),0,NO APLICA,10,Octubre,15,2022,15,20,SR-973,3,Highway estatal,Urbano,Arteria Principal,State Highway Agency,0,Sin jurisdiccion especial,99998,25.73343333,-80.33588889,Otra barrera de trafico,El primer evento no fue una colision con un vehiculo automotor en transporte,Not an Intersection,No fue interseccion,Sobre el lado de la calle,Ninguna,Dia total,Despejado,No,NO APLICA,99,99,99,99,1,15/10/2022,1
12,Florida,122615,0,0,2,0,35,FLAGLER (35),0,NO APLICA,10,Octubre,23,2022,16,33,SR-11,3,Highway estatal,Rural,Colector Menor,County Highway Agency,0,Sin jurisdiccion especial,99998,29.34331111,-81.31096111,Vehiculo en movimiento,Angulo,Four-Way Intersection,Interseccion de 4 direcciones,Sobre calle,Ninguna,Dia total,Despejado,No,NO APLICA,99,99,99,99,1,23/10/2022,3
12,Florida,122616,0,0,2,0,73,LEON (73),2940,TALLAHASSEE,10,Octubre,23,2022,0,43,CALIFORNIA ST,6,Calle Local Municipalidad,Urbano,Local,City or Municipal Highway Agency,0,Sin jurisdiccion especial,99998,30.45634444,-84.30936111,Vehiculo en movimiento,Angulo,Four-Way Intersection,Interseccion de 4 direcciones,Sobre calle,Ninguna,Oscuro con iluminacion,Despejado,No,NO APLICA,99,99,99,99,1,23/10/2022,3
12,Florida,122617,0,0,1,0,99,PALM BEACH (99),2840,SOUTH BAY,10,Octubre,22,2022,14,34,US-27,2,US Highway,Urbano,Arteria Principal,State Highway Agency,1,Sin jurisdiccion especial,99998,26.48515278,-80.654125,Volcadura,El primer evento no fue una colision con un vehiculo automotor en transporte,Not an Intersection,No fue interseccion,En el medio,Ninguna,Dia total,Despejado,No,NO APLICA,99,99,99,99,1,22/10/2022,3
12,Florida,122618,0,0,2,0,99,PALM BEACH (99),0,NO APLICA,10,Octubre,22,2022,17,13,KEYLIME BLVD,9,Desconocido,Urbano,Local,Private (other than Railroad),0,Sin jurisdiccion especial,99998,26.78715278,-80.26333611,Vehiculo en movimiento,Angulo,Not an Intersection,No fue interseccion,Sobre calle,Ninguna,Dia total,Despejado,No,NO APLICA,99,99,99,99,1,22/10/2022,2
12,Florida,122619,0,0,1,0,105,POLK (105),0,NO APLICA,10,Octubre,21,2022,13,55,US-27,2,US Highway,Rural,Arteria Principal,State Highway Agency,1,Sin jurisdiccion especial,99998,27.76807222,-81.59606944,Volcadura,El primer evento no fue una colision con un vehiculo automotor en transporte,Not an Intersection,No fue interseccion,Sobre el lado de la calle,Ninguna,Dia total,Despejado,No,NO APLICA,99,99,99,99,1,21/10/2022,3
12,Florida,122620,0,0,2,0,86,MIAMI-DADE (86),2010,MIAMI,10,Octubre,25,2022,6,32,S MIAMI AVE,6,Calle Local Municipalidad,Urbano,Arteria Menor,City or Municipal Highway Agency,0,Sin jurisdiccion especial,99998,25.74998333,-80.206725,Vehiculo en movimiento,Frente a frente,Four-Way Intersection,Interseccion de 4 direcciones,Sobre calle,Ninguna,Dia total,Despejado,No,NO APLICA,99,99,99,99,1,25/10/2022,2
12,Florida,122621,0,0,1,0,11,BROWARD (11),1050,FORT LAUDERDALE,9,Septiembre,9,2022,0,28,6TH ST,6,Calle Local Municipalidad,Urbano,Colector Menor,Not Reported,0,Sin jurisdiccion especial,99998,26.12933889,-80.16108889,Banqueta,El primer evento no fue una colision con un vehiculo automotor en transporte,Not an Intersection,No fue interseccion,En el medio,Ninguna,Oscuro con iluminacion,Despejado,No,NO APLICA,99,99,99,99,1,09/09/2022,1
12,Florida,122622,0,0,4,0,9,BREVARD (9),2424,PALM BAY,10,Octubre,27,2022,17,40,I-95,1,Interestatal,Urbano,Interestatal,State Highway Agency,1,Sin jurisdiccion especial,99998,28.00996111,-80.63845,Vehiculo en movimiento,Frente a Detrás,Not an Intersection,No fue interseccion,Sobre calle,Ninguna,Dia total,Despejado,No,NO APLICA,99,99,99,99,1,27/10/2022,6
12,Florida,122623,1,1,1,0,99,PALM BEACH (99),290,BOCA RATON,10,Octubre,15,2022,19,54,NW 7TH ST,6,Calle Local Municipalidad,Urbano,Local,City or Municipal Highway Agency,0,Sin jurisdiccion especial,99998,26.35715,-80.10608889,Peaton,El primer evento no fue una colision con un vehiculo automotor en transporte,Not an Intersection,No fue interseccion,Sobre calle,Ninguna,Oscuro sin iluminacion,Despejado,No,NO APLICA,99,99,99,99,1,15/10/2022,1
12,Florida,122624,0,0,2,0,99,PALM BEACH (99),9997,Other,10,Octubre,30,2022,16,9,DIXI HWY,8,Otro,Urbano,Arteria Menor,State Highway Agency,0,Sin jurisdiccion especial,99998,26.62758611,-80.05696389,Vehiculo en movimiento,Angulo,Four-Way Intersection,Interseccion de 4 direcciones,Sobre calle,Ninguna,Dia total,Despejado,No,NO APLICA,99,99,99,99,1,30/10/2022,2
12,Florida,122626,0,0,2,0,127,VOLUSIA (127),2375,ORMOND BEACH,10,Octubre,7,2022,12,48,SR-40,3,Highway estatal,Urbano,Arteria Principal,State Highway Agency,1,Sin jurisdiccion especial,99998,29.28312222,-81.06208333,Vehiculo en movimiento,Angulo,Four-Way Intersection,Interseccion de 4 direcciones,Sobre calle,Ninguna,Dia total,Despejado,No,NO APLICA,99,99,99,99,1,07/10/2022,3
12,Florida,122627,0,0,3,0,127,VOLUSIA (127),825,DELTONA,10,Octubre,7,2022,16,36,POND CT,6,Calle Local Municipalidad,Urbano,Arteria Menor,Private (other than Railroad),0,Sin jurisdiccion especial,99998,28.89673889,-81.284275,Vehiculo en movimiento,Frente a frente,T-Intersection,Interseccion de T,Sobre calle,Ninguna,Dia total,Despejado,No,NO APLICA,99,99,99,99,1,07/10/2022,4
12,Florida,122628,0,0,1,0,83,MARION (83),0,NO APLICA,10,Octubre,9,2022,12,39,NW 14TH ST,9,Desconocido,Rural,Local,Unknown,0,Sin jurisdiccion especial,99998,29.20183611,-82.30590833,Poste,El primer evento no fue una colision con un vehiculo automotor en transporte,Not an Intersection,No fue interseccion,Sobre el lado de la calle,Ninguna,Dia total,Despejado,No,NO APLICA,99,99,99,99,1,09/10/2022,1
12,Florida,122629,0,0,2,0,95,ORANGE (95),0,NO APLICA,10,Octubre,11,2022,15,16,CR-435,4,Calle del Condado,Urbano,Arteria Menor,County Highway Agency,0,Sin jurisdiccion especial,99998,28.43800556,-81.504125,Vehiculo en movimiento,Frente a Detrás,Not an Intersection,No fue interseccion,Sobre calle,Ninguna,Dia total,Despejado,No,NO APLICA,99,99,99,99,1,11/10/2022,2
12,Florida,122630,1,1,2,0,95,ORANGE (95),2360,ORLANDO,10,Octubre,17,2022,23,15,SR-435,3,Highway estatal,Urbano,Arteria Principal,State Highway Agency,1,Sin jurisdiccion especial,99998,28.49643333,-81.45911389,Peaton,El primer evento no fue una colision con un vehiculo automotor en transporte,Not an Intersection,No fue interseccion,Sobre calle,Ninguna,Oscuro con iluminacion,Despejado,No,NO APLICA,99,99,99,99,1,17/10/2022,3
12,Florida,122631,0,0,2,0,86,MIAMI-DADE (86),1440,HOMESTEAD,10,Octubre,17,2022,18,35,NW 6TH ST,6,Calle Local Municipalidad,Urbano,Local,State Highway Agency,0,Sin jurisdiccion especial,99998,25.47528889,-80.48153889,Vehiculo en movimiento,Angulo,Four-Way Intersection,Interseccion de 4 direcciones,Sobre calle,Ninguna,Dia total,Despejado,No,NO APLICA,99,99,99,99,1,17/10/2022,2
12,Florida,122633,0,0,2,0,9,BREVARD (9),1990,MELBOURNE,10,Octubre,23,2022,18,17,SARNO RD,6,Calle Local Municipalidad,Urbano,Arteria Menor,County Highway Agency,0,Sin jurisdiccion especial,99998,28.1216,-80.65487778,Vehiculo en movimiento,Angulo,Four-Way Intersection,Interseccion de 4 direcciones,Sobre calle,Ninguna,Dia total,Despejado,No,NO APLICA,99,99,99,99,2,23/10/2022,3
12,Florida,122634,0,0,2,0,55,HIGHLANDS (55),0,NO APLICA,10,Octubre,23,2022,17,57,US-27,2,US Highway,Urbano,Arteria Principal,State Highway Agency,1,Sin jurisdiccion especial,99998,27.26691111,-81.3477,Vehiculo en movimiento,Angulo,T-Intersection,Interseccion de T,Sobre calle,Ninguna,Dia total,Despejado,No,NO APLICA,99,99,99,99,1,23/10/2022,3
12,Florida,122635,0,0,1,0,5,BAY (5),2451,PANAMA CITY BEACH,10,Octubre,24,2022,22,14,US-98,2,US Highway,Urbano,Arteria Principal,State Highway Agency,1,Sin jurisdiccion especial,99998,30.23519722,-85.90178333,Banqueta,El primer evento no fue una colision con un vehiculo automotor en transporte,T-Intersection,Interseccion de T,En el medio,Ninguna,Oscuro sin iluminacion,Despejado,No,NO APLICA,99,99,99,99,1,24/10/2022,1
12,Florida,122637,1,1,1,0,115,SARASOTA (115),2235,NORTH PORT,10,Octubre,27,2022,20,11,US-41,2,US Highway,Urbano,Arteria Principal,State Highway Agency,1,Sin jurisdiccion especial,99998,27.04497222,-82.24083611,Peaton,El primer evento no fue una colision con un vehiculo automotor en transporte,Not an Intersection,No fue interseccion,Sobre calle,Ninguna,Oscuro con iluminacion,Despejado,No,NO APLICA,99,99,99,99,1,27/10/2022,1
12,Florida,122638,1,1,1,0,109,ST JOHNS (109),2690,SAINT AUGUSTINE,10,Octubre,29,2022,22,55,A1A SOUTH,8,Otro,Urbano,Arteria Menor,State Highway Agency,0,Sin jurisdiccion especial,99998,29.89196111,-81.30116944,Peaton,El primer evento no fue una colision con un vehiculo automotor en transporte,Not an Intersection,No fue interseccion,Sobre calle,Ninguna,Oscuro sin iluminacion,Despejado,No,NO APLICA,99,99,99,99,1,29/10/2022,2
12,Florida,122639,0,0,2,0,57,HILLSBOROUGH (57),0,NO APLICA,11,Noviembre,1,2022,5,35,KEYSVILLE RD E,8,Otro,Rural,Colector Menor,County Highway Agency,0,Sin jurisdiccion especial,99998,27.87218611,-82.09584722,Vehiculo en movimiento,Frente a frente,Not an Intersection,No fue interseccion,Sobre calle,Ninguna,Oscuro sin iluminacion,Despejado,No,NO APLICA,99,99,99,99,1,01/11/2022,2
12,Florida,122640,0,0,2,0,103,PINELLAS (103),2730,SAINT PETERSBURG,3,Marzo,20,2022,17,4,1ST AVE,6,Calle Local Municipalidad,Urbano,Colector Mayor,Not Reported,0,Sin jurisdiccion especial,99998,27.770125,-82.67398889,Vehiculo en movimiento,Frente a Detrás,Four-Way Intersection,Interseccion de 4 direcciones,Sobre calle,Ninguna,Dia total,Despejado,No,NO APLICA,99,99,99,99,1,20/03/2022,2
12,Florida,122641,0,1,2,1,99,PALM BEACH (99),0,NO APLICA,10,Octubre,12,2022,8,3,SR-91,3,Highway estatal,Urbano,Arterial Principal -Freeway o ExpressWay,State Highway Agency,1,Sin jurisdiccion especial,99998,26.49053056,-80.17254167,Valla Ferrocarril,El primer evento no fue una colision con un vehiculo automotor en transporte,Not an Intersection,No fue interseccion,Sobre el lado de la calle,Ninguna,Dia total,Despejado,No,NO APLICA,99,99,99,99,1,12/10/2022,1
12,Florida,122642,0,0,5,0,21,COLLIER (21),0,NO APLICA,10,Octubre,21,2022,15,38,US-41,2,US Highway,Urbano,Arteria Principal,State Highway Agency,1,Sin jurisdiccion especial,99998,26.29821944,-81.80254444,Vehiculo en movimiento,Frente a Detrás,Not an Intersection,No fue interseccion,Sobre calle,Ninguna,Dia total,Nublado,No,NO APLICA,99,99,99,99,1,21/10/2022,9
12,Florida,122643,0,1,2,1,109,ST JOHNS (109),0,NO APLICA,10,Octubre,24,2022,23,35,I-95,1,Interestatal,Rural,Interestatal,State Highway Agency,1,Sin jurisdiccion especial,99998,30.08813889,-81.49791389,Vehiculo Aparcado,El primer evento no fue una colision con un vehiculo automotor en transporte,Not an Intersection,No fue interseccion,"Fuera de la calle, ubicacion desconocida",Ninguna,Oscuro sin iluminacion,Despejado,No,NO APLICA,99,99,99,99,1,24/10/2022,1
12,Florida,122644,0,0,2,0,121,SUWANNEE (121),0,NO APLICA,10,Octubre,24,2022,19,5,US-90,2,US Highway,Rural,Arteria Menor,State Highway Agency,1,Sin jurisdiccion especial,99998,30.25336111,-82.89728056,Vehiculo en movimiento,Frente a frente,Not an Intersection,No fue interseccion,Sobre Acotamiento,Ninguna,Atardecer,Despejado,No,NO APLICA,99,99,99,99,2,24/10/2022,3
12,Florida,122645,0,0,2,0,87,MONROE (87),1568,KEY LARGO,10,Octubre,14,2022,9,45,US-1,2,US Highway,Urbano,Arteria Principal,State Highway Agency,1,Sin jurisdiccion especial,99998,25.11459167,-80.42186111,Vehiculo en movimiento,Angulo,T-Intersection,Interseccion de T,Sobre calle,Ninguna,Dia total,Despejado,No,NO APLICA,99,99,99,99,1,14/10/2022,2
12,Florida,122646,1,1,1,0,86,MIAMI-DADE (86),0,NO APLICA,8,Agosto,18,2022,6,13,264TH ST,9,Desconocido,Rural,Colector Menor,Not Reported,0,Sin jurisdiccion especial,99998,25.52128889,-80.45932222,Peaton,El primer evento no fue una colision con un vehiculo automotor en transporte,Not an Intersection,No fue interseccion,Sobre calle,Ninguna,Oscuro sin iluminacion,Despejado,No,NO APLICA,99,99,99,99,1,18/08/2022,1
12,Florida,122647,1,1,1,0,99,PALM BEACH (99),0,NO APLICA,9,Septiembre,17,2022,20,51,10TH AVE N,6,Calle Local Municipalidad,Urbano,Arteria Menor,Not Reported,0,Sin jurisdiccion especial,99998,26.62802222,-80.07541667,Peaton,El primer evento no fue una colision con un vehiculo automotor en transporte,Four-Way Intersection,Interseccion de 4 direcciones,Sobre calle,Ninguna,Oscuro con iluminacion,Despejado,No,NO APLICA,99,99,99,99,1,17/09/2022,1
12,Florida,122648,1,1,1,0,111,ST LUCIE (111),2601,PORT SAINT LUCIE,9,Septiembre,30,2022,5,51,US-1,2,US Highway,Urbano,Arteria Principal,City or Municipal Highway Agency,1,Sin jurisdiccion especial,99998,27.28271111,-80.31148889,Ciclista,El primer evento no fue una colision con un vehiculo automotor en transporte,T-Intersection,Interseccion de T,Sobre calle,Ninguna,Oscuro sin iluminacion,Despejado,No,NO APLICA,99,99,99,99,1,30/09/2022,1
12,Florida,122649,0,0,1,0,85,MARTIN (85),2900,STUART,10,Octubre,1,2022,15,30,I-95,1,Interestatal,Urbano,Arteria Principal,State Highway Agency,1,Sin jurisdiccion especial,99998,27.17383889,-80.23264722,Volcadura,El primer evento no fue una colision con un vehiculo automotor en transporte,Not an Intersection,No fue interseccion,Sobre calle,Ninguna,Dia total,Nublado,No,NO APLICA,99,99,99,99,1,01/10/2022,1
12,Florida,122650,0,0,2,0,57,HILLSBOROUGH (57),2540,PLANT CITY,10,Octubre,9,2022,11,50,JAMES L REDMAN PKWY,6,Calle Local Municipalidad,Urbano,Arteria Principal,State Highway Agency,0,Sin jurisdiccion especial,99998,27.97794722,-82.12178611,Vehiculo en movimiento,Angulo,T-Intersection,Interseccion de T,Sobre calle,Ninguna,Dia total,Despejado,No,NO APLICA,99,99,99,99,1,09/10/2022,4
12,Florida,122651,0,0,1,0,83,MARION (83),0,NO APLICA,10,Octubre,21,2022,18,40,FISHER WAY,9,Desconocido,Rural,Local,Not Reported,0,Sin jurisdiccion especial,99998,29.04308611,-81.88289722,Volcadura,El primer evento no fue una colision con un vehiculo automotor en transporte,Not an Intersection,No fue interseccion,Sobre el lado de la calle,Ninguna,Atardecer,Despejado,No,NO APLICA,99,99,99,99,1,21/10/2022,1
12,Florida,122653,1,1,1,0,49,HARDEE (49),0,NO APLICA,9,Septiembre,19,2022,6,30,STEVE ROBERTS SPECIAL,8,Otro,Rural,Colector Menor,Not Reported,0,Sin jurisdiccion especial,99998,27.50025,-81.78072778,Peaton,El primer evento no fue una colision con un vehiculo automotor en transporte,Not an Intersection,No fue interseccion,Sobre calle,Ninguna,Oscuro sin iluminacion,Despejado,No,NO APLICA,99,99,99,99,1,19/09/2022,1
12,Florida,122654,1,1,1,0,109,ST JOHNS (109),0,NO APLICA,10,Octubre,11,2022,20,35,SR-207,3,Highway estatal,Rural,Arteria Principal,State Highway Agency,0,Sin jurisdiccion especial,99998,29.82719722,-81.37784722,Peaton,El primer evento no fue una colision con un vehiculo automotor en transporte,Not an Intersection,No fue interseccion,Sobre calle,Ninguna,Oscuro sin iluminacion,Despejado,No,NO APLICA,99,99,99,99,1,11/10/2022,1
12,Florida,122655,1,1,1,0,83,MARION (83),0,NO APLICA,10,Octubre,20,2022,7,12,JUNIPER ROAD,8,Otro,Urbano,Colector Menor,City or Municipal Highway Agency,0,Sin jurisdiccion especial,99998,29.09865556,-82.05535833,Peaton,El primer evento no fue una colision con un vehiculo automotor en transporte,Not an Intersection,No fue interseccion,Sobre calle,Ninguna,Oscuro sin iluminacion,Despejado,No,NO APLICA,99,99,99,99,1,20/10/2022,1
12,Florida,122656,0,0,1,0,63,JACKSON (63),0,NO APLICA,10,Octubre,22,2022,17,53,LAKEPOINT RD,9,Desconocido,Urbano,Colector Mayor,County Highway Agency,0,Sin jurisdiccion especial,99998,30.63156389,-85.397,Zanja,El primer evento no fue una colision con un vehiculo automotor en transporte,Not an Intersection,No fue interseccion,Sobre el lado de la calle,Ninguna,Atardecer,Despejado,No,NO APLICA,99,99,99,99,1,22/10/2022,1
12,Florida,122657,0,0,1,0,1,ALACHUA (1),1130,GAINESVILLE,10,Octubre,25,2022,7,49,I-75,1,Interestatal,Urbano,Interestatal,State Highway Agency,1,Sin jurisdiccion especial,99998,29.61640278,-82.38562222,Valla Ferrocarril,El primer evento no fue una colision con un vehiculo automotor en transporte,Not an Intersection,No fue interseccion,Sobre el lado de la calle,Ninguna,Dia total,Despejado,No,NO APLICA,99,99,99,99,1,25/10/2022,1
12,Florida,122658,0,0,2,0,23,COLUMBIA (23),0,NO APLICA,10,Octubre,27,2022,15,45,US-441,2,US Highway,Rural,Arteria Principal,State Highway Agency,1,Sin jurisdiccion especial,99998,30.11048056,-82.61201111,Vehiculo en movimiento,Frente a Detrás,Not an Intersection,No fue interseccion,Sobre calle,Ninguna,Dia total,Despejado,No,NO APLICA,99,99,99,99,1,27/10/2022,4
12,Florida,122659,0,0,1,0,107,PUTNAM (107),0,NO APLICA,10,Octubre,28,2022,21,25,CR-309,4,Calle del Condado,Rural,Colector Mayor,County Highway Agency,0,Sin jurisdiccion especial,99998,29.41573056,-81.64337778,Volcadura,El primer evento no fue una colision con un vehiculo automotor en transporte,Not an Intersection,No fue interseccion,Sobre Acotamiento,Ninguna,Oscuro sin iluminacion,Despejado,No,NO APLICA,99,99,99,99,1,28/10/2022,7
12,Florida,122660,0,0,2,0,83,MARION (83),0,NO APLICA,10,Octubre,28,2022,15,6,SR-40,3,Highway estatal,Rural,Arteria Principal,State Highway Agency,1,Sin jurisdiccion especial,99998,29.20986667,-81.947725,Vehiculo en movimiento,Frente a frente,Not an Intersection,No fue interseccion,Sobre calle,Ninguna,Dia total,Nublado,No,NO APLICA,99,99,99,99,1,28/10/2022,3
12,Florida,122661,0,0,2,0,31,DUVAL (31),1510,JACKSONVILLE,10,Octubre,26,2022,0,4,US-1,2,US Highway,Urbano,Arteria Principal,State Highway Agency,1,Sin jurisdiccion especial,99998,30.43865278,-81.76386944,Vehiculo en movimiento,Golpe Lateral - misma direccion,Not an Intersection,No fue interseccion,Sobre calle,Ninguna,Oscuro sin iluminacion,Nublado,No,NO APLICA,99,99,99,99,1,26/10/2022,2
12,Florida,122663,1,1,1,0,5,BAY (5),2450,PANAMA CITY,10,Octubre,25,2022,20,18,US-231,2,US Highway,Urbano,Arteria Principal,State Highway Agency,1,Sin jurisdiccion especial,99998,30.23355,-85.57856944,Peaton,El primer evento no fue una colision con un vehiculo automotor en transporte,Not an Intersection,No fue interseccion,Sobre calle,Ninguna,Oscuro sin iluminacion,Nublado,No,NO APLICA,99,99,99,99,1,25/10/2022,1
12,Florida,122664,0,0,3,0,95,ORANGE (95),0,NO APLICA,10,Octubre,9,2022,13,7,SR-438,3,Highway estatal,Urbano,Arteria Menor,State Highway Agency,0,Sin jurisdiccion especial,99998,28.57790278,-81.45991944,Vehiculo en movimiento,Angulo,Four-Way Intersection,Interseccion de 4 direcciones,Sobre calle,Ninguna,Dia total,Despejado,No,NO APLICA,99,99,99,99,1,09/10/2022,4
12,Florida,122665,0,0,1,0,95,ORANGE (95),0,NO APLICA,10,Octubre,20,2022,11,45,US-441,2,US Highway,Urbano,Arteria Principal,State Highway Agency,1,Sin jurisdiccion especial,99998,28.63330278,-81.45219167,Banqueta,El primer evento no fue una colision con un vehiculo automotor en transporte,T-Intersection,Interseccion de T,Sobre el lado de la calle,Ninguna,Dia total,Despejado,No,NO APLICA,99,99,99,99,1,20/10/2022,1
12,Florida,122666,1,1,1,0,5,BAY (5),0,NO APLICA,10,Octubre,21,2022,8,45,LAURIE AVENUE,5,Calle Local - Pueblo,Rural,Local,Not Reported,0,Sin jurisdiccion especial,99998,30.17615278,-85.78237778,Ciclista,El primer evento no fue una colision con un vehiculo automotor en transporte,Not an Intersection,No fue interseccion,Sobre calle,Ninguna,Dia total,Despejado,No,NO APLICA,99,99,99,99,1,21/10/2022,1
12,Florida,122667,0,0,2,0,27,DE SOTO (27),0,NO APLICA,10,Octubre,21,2022,15,15,CR-760A,4,Calle del Condado,Rural,Colector Mayor,County Highway Agency,0,Sin jurisdiccion especial,99998,27.15081944,-81.84376944,Vehiculo en movimiento,Angulo,Four-Way Intersection,Interseccion de 4 direcciones,Sobre calle,Ninguna,Dia total,Despejado,No,NO APLICA,99,99,99,99,1,21/10/2022,2
12,Florida,122668,1,1,1,0,9,BREVARD (9),2005,MERRITT ISLAND,10,Octubre,25,2022,21,26,SR-520,3,Highway estatal,Urbano,Arteria Principal,State Highway Agency,1,Sin jurisdiccion especial,99998,28.35741389,-80.66337778,Peaton,El primer evento no fue una colision con un vehiculo automotor en transporte,Not an Intersection,No fue interseccion,Sobre calle,Ninguna,Oscuro sin iluminacion,Despejado,No,NO APLICA,99,99,99,99,1,25/10/2022,1