Estado,Nombre de Estado,Numero de Caso,Peatones,Personas _no_vehiculos,Vehiculos automotores,Vehiculos estacionados,Condado,Nombre Condado,Ciudad,Nombre Ciudad,Mes,Nombre Mes,Dia,Año,Hora,Minuto,Calle,Ruta,Nombre Ruta,Rural o Urbanoo,Sistema Funcional,Dueño Calle,Sistema Nacional Carreteras,Jurisdiccion Especial,Milla,Latitud,Longitud,Causa del Accidente,Tipo de Accidente,Tipo Interseccion,Columna1,Lugar en la calle,Zona de Trabajo,Luz,Clima,Autobus Escolar,Cruce de Trenes,Hora Notificacion,Minuto Notificacion,Hora Llegada,Minuto Llegada,Decesos,Fecha,PersonaVehiculo
12,Florida,122669,1,1,1,0,15,CHARLOTTE (15),2834,SOLANA,10,Octubre,26,2022,22,12,COOPER ST,6,Calle Local Municipalidad,Urbano,Colector Mayor,County Highway Agency,0,Sin jurisdiccion especial,99998,26.93426944,-82.03944722,Peaton,El primer evento no fue una colision con un vehiculo automotor en transporte,Not an Intersection,No fue interseccion,Sobre calle,Ninguna,Oscuro sin iluminacion,Despejado,No,623235G,99,99,99,99,1,26/10/2022,1
12,Florida,122670,0,0,2,0,71,LEE (71),0,NO APLICA,10,Octubre,27,2022,23,40,I-75 S,1,Interestatal,Urbano,Interestatal,State Highway Agency,1,Sin jurisdiccion especial,99998,26.52021944,-81.79453056,Vehiculo en movimiento,Frente a Detrás,Not an Intersection,No fue interseccion,Sobre calle,Ninguna,Oscuro sin iluminacion,Despejado,No,NO APLICA,99,99,99,99,1,27/10/2022,2
12,Florida,122671,0,0,1,0,95,ORANGE (95),0,NO APLICA,10,Octubre,30,2022,3,41,CR-437 OCOEE APOPKA RD,4,Calle del Condado,Urbano,Colector Mayor,County Highway Agency,0,Sin jurisdiccion especial,99998,28.57891667,-81.55069722,Buzon de correo,El primer evento no fue una colision con un vehiculo automotor en transporte,Not an Intersection,No fue interseccion,Sobre el lado de la calle,Ninguna,Oscuro sin iluminacion,Neblina o Humo,No,NO APLICA,99,99,99,99,1,30/10/2022,1
12,Florida,122672,0,0,2,0,99,PALM BEACH (99),0,NO APLICA,10,Octubre,30,2022,0,44,SR-809,3,Highway estatal,Urbano,Arteria Principal,State Highway Agency,1,Sin jurisdiccion especial,99998,26.68098889,-80.11206667,Volcadura,El primer evento no fue una colision con un vehiculo automotor en transporte,Four-Way Intersection,Interseccion de 4 direcciones,Sobre calle,Ninguna,Oscuro con iluminacion,Despejado,No,NO APLICA,99,99,99,99,1,30/10/2022,3
12,Florida,122673,0,0,2,0,97,OSCEOLA (97),0,NO APLICA,10,Octubre,31,2022,7,1,SR-91,3,Highway estatal,Rural,Arterial Principal -Freeway o ExpressWay,State Highway Agency,1,Sin jurisdiccion especial,99998,28.13185,-81.28971111,Vehiculo en movimiento,Frente a Detrás,Not an Intersection,No fue interseccion,Sobre calle,Ninguna,Oscuro sin iluminacion,Despejado,No,NO APLICA,99,99,99,99,1,31/10/2022,2
12,Florida,122674,1,1,1,0,83,MARION (83),0,NO APLICA,10,Octubre,27,2022,18,4,CR-464,4,Calle del Condado,Urbano,Arteria Menor,County Highway Agency,0,Sin jurisdiccion especial,99998,29.10279167,-82.01114167,Peaton,El primer evento no fue una colision con un vehiculo automotor en transporte,Not an Intersection,No fue interseccion,Sobre calle,Ninguna,Dia total,Nublado,No,NO APLICA,99,99,99,99,1,27/10/2022,1
12,Florida,122675,0,0,2,0,11,BROWARD (11),2570,POMPANO BEACH,10,Octubre,30,2022,3,12,SR-91 NB MM68,3,Highway estatal,Urbano,Arterial Principal -Freeway o ExpressWay,State Highway Agency,1,Sin jurisdiccion especial,99998,26.26060833,-80.16755278,Vehiculo en movimiento,Frente a Detrás,Not an Intersection,No fue interseccion,Sobre calle,Ninguna,Oscuro con iluminacion,Despejado,No,NO APLICA,99,99,99,99,1,30/10/2022,2
12,Florida,122676,0,0,2,0,101,PASCO (101),0,NO APLICA,10,Octubre,28,2022,17,25,US-19,2,US Highway,Urbano,Arteria Menor,State Highway Agency,0,Sin jurisdiccion especial,99998,28.17506944,-82.74773056,Vehiculo en movimiento,Angulo,Not an Intersection,No fue interseccion,Sobre calle,Ninguna,Dia total,Nublado,No,NO APLICA,17,25,17,31,1,28/10/2022,4
12,Florida,122677,0,0,1,0,109,ST JOHNS (109),0,NO APLICA,9,Septiembre,17,2022,20,35,CR-214,4,Calle del Condado,Rural,Colector Menor,County Highway Agency,0,Sin jurisdiccion especial,99998,29.84505,-81.5588,Arbol,El primer evento no fue una colision con un vehiculo automotor en transporte,T-Intersection,Interseccion de T,Fuera de la calle,Ninguna,Oscuro sin iluminacion,Nublado,No,NO APLICA,99,99,99,99,1,17/09/2022,1
12,Florida,122678,0,0,2,0,83,MARION (83),0,NO APLICA,10,Octubre,13,2022,19,5,CR-464,4,Calle del Condado,Urbano,Arteria Menor,County Highway Agency,0,Sin jurisdiccion especial,99998,29.13536111,-82.04531111,Vehiculo en movimiento,Angulo,T-Intersection,Interseccion de T,Sobre calle,Ninguna,Oscuro sin iluminacion,Despejado,No,NO APLICA,99,99,99,99,1,13/10/2022,3
12,Florida,122679,0,0,1,0,81,MANATEE (81),0,NO APLICA,10,Octubre,26,2022,11,43,SR-683,3,Highway estatal,Urbano,Arteria Menor,State Highway Agency,0,Sin jurisdiccion especial,99998,27.46054444,-82.55501944,Poste,El primer evento no fue una colision con un vehiculo automotor en transporte,Not an Intersection,No fue interseccion,Sobre el lado de la calle,Ninguna,Dia total,Despejado,No,NO APLICA,99,99,99,99,1,26/10/2022,1
12,Florida,122680,0,0,2,0,86,MIAMI-DADE (86),0,NO APLICA,10,Octubre,27,2022,11,24,106TH ST,6,Calle Local Municipalidad,Urbano,Local,County Highway Agency,0,Sin jurisdiccion especial,99998,25.87043611,-80.25086667,Vehiculo en movimiento,Angulo,Four-Way Intersection,Interseccion de 4 direcciones,Sobre calle,Ninguna,Dia total,Despejado,No,NO APLICA,99,99,99,99,1,27/10/2022,2
12,Florida,122681,1,1,1,0,105,POLK (105),1740,LAKE WALES,10,Octubre,29,2022,3,25,US-27,2,US Highway,Urbano,Arteria Principal,State Highway Agency,1,Sin jurisdiccion especial,99998,27.9469,-81.61651111,Peaton,El primer evento no fue una colision con un vehiculo automotor en transporte,Not an Intersection,No fue interseccion,Sobre calle,Ninguna,Oscuro sin iluminacion,Nublado,No,NO APLICA,99,99,99,99,1,29/10/2022,1
12,Florida,122682,0,0,1,0,57,HILLSBOROUGH (57),0,NO APLICA,11,Noviembre,3,2022,9,50,HARNEY RD,8,Otro,Urbano,Arteria Menor,State Highway Agency,0,Sin jurisdiccion especial,99998,28.01465556,-82.37458889,Arbol,El primer evento no fue una colision con un vehiculo automotor en transporte,Not an Intersection,No fue interseccion,Sobre el lado de la calle,Ninguna,Dia total,Despejado,No,NO APLICA,99,99,99,99,1,03/11/2022,1
12,Florida,122683,1,1,1,0,99,PALM BEACH (99),0,NO APLICA,11,Noviembre,3,2022,16,12,SKEES RD,8,Otro,Urbano,Colector Mayor,County Highway Agency,0,Sin jurisdiccion especial,99998,26.69994444,-80.15768333,Banqueta,El primer evento no fue una colision con un vehiculo automotor en transporte,Not an Intersection,No fue interseccion,Sobre el lado de la calle,Ninguna,Dia total,Despejado,No,NO APLICA,99,99,99,99,1,03/11/2022,1
12,Florida,122684,0,0,1,0,31,DUVAL (31),1510,JACKSONVILLE,11,Noviembre,5,2022,22,45,SR-103,3,Highway estatal,Urbano,Arteria Menor,Not Reported,0,Sin jurisdiccion especial,99998,30.29069167,-81.75518611,Banqueta,El primer evento no fue una colision con un vehiculo automotor en transporte,Not an Intersection,No fue interseccion,Sobre el lado de la calle,Ninguna,Oscuro con iluminacion,Otro,No,NO APLICA,99,99,99,99,1,05/11/2022,1
12,Florida,122685,0,0,1,0,127,VOLUSIA (127),0,NO APLICA,11,Noviembre,6,2022,12,33,I-95,1,Interestatal,Rural,Interestatal,State Highway Agency,1,Sin jurisdiccion especial,99998,28.82335278,-80.90906667,Volcadura,El primer evento no fue una colision con un vehiculo automotor en transporte,Not an Intersection,No fue interseccion,Sobre calle,Ninguna,Dia total,Despejado,No,NO APLICA,99,99,99,99,1,06/11/2022,1
12,Florida,122686,0,0,2,0,31,DUVAL (31),1510,JACKSONVILLE,11,Noviembre,6,2022,0,46,BEACH BLVD,6,Calle Local Municipalidad,Urbano,Arteria Principal,Not Reported,0,Sin jurisdiccion especial,99998,30.28643056,-81.55737778,Vehiculo en movimiento,Angulo,Not an Intersection,No fue interseccion,Sobre calle,Ninguna,Oscuro con iluminacion,Despejado,No,NO APLICA,99,99,99,99,2,06/11/2022,3
12,Florida,122687,1,1,1,0,95,ORANGE (95),1895,MAITLAND,6,Junio,28,2022,15,41,US-17,2,US Highway,Urbano,Arteria Principal,State Highway Agency,1,Sin jurisdiccion especial,99998,28.63312222,-81.36230833,Ciclista,El primer evento no fue una colision con un vehiculo automotor en transporte,Reported as Unknown,Desconocido,Reportado como desconocida,Ninguna,Dia total,Reportado como desconocido,No,NO APLICA,99,99,99,99,1,28/06/2022,1
12,Florida,122688,2,2,1,0,33,ESCAMBIA (33),0,NO APLICA,10,Octubre,19,2022,19,0,SR-292,3,Highway estatal,Urbano,Arteria Principal,State Highway Agency,1,Sin jurisdiccion especial,99998,30.36104722,-87.35756111,Ciclista,El primer evento no fue una colision con un vehiculo automotor en transporte,Not an Intersection,No fue interseccion,Sobre calle,Ninguna,Oscuro sin iluminacion,Despejado,No,NO APLICA,99,99,99,99,1,19/10/2022,1
12,Florida,122689,2,2,2,0,95,ORANGE (95),0,NO APLICA,10,Octubre,23,2022,1,0,DALLAS BOULEVARD,9,Desconocido,Rural,Colector Menor,County Highway Agency,0,Sin jurisdiccion especial,99998,28.49586667,-81.09501944,Vehiculo en movimiento,Angulo,Not an Intersection,No fue interseccion,Sobre calle,Ninguna,Oscuro sin iluminacion,Despejado,No,NO APLICA,99,99,99,99,1,23/10/2022,2
12,Florida,122690,0,0,1,0,95,ORANGE (95),0,NO APLICA,10,Octubre,27,2022,15,12,SR-429,3,Highway estatal,Urbano,Arterial Principal -Freeway o ExpressWay,State Highway Agency,1,Sin jurisdiccion especial,99998,28.52985,-81.56215,Valla Ferrocarril,El primer evento no fue una colision con un vehiculo automotor en transporte,Not an Intersection,No fue interseccion,Sobre el lado de la calle,Ninguna,Dia total,Nublado,No,NO APLICA,99,99,99,99,1,27/10/2022,1
12,Florida,122691,0,0,2,0,27,DE SOTO (27),0,NO APLICA,10,Octubre,28,2022,22,11,US-17,2,US Highway,Urbano,Arteria Principal,State Highway Agency,1,Sin jurisdiccion especial,99998,27.27456111,-81.83400278,Vehiculo en movimiento,Frente a Detrás,Not an Intersection,No fue interseccion,Sobre calle,Ninguna,Oscuro sin iluminacion,Despejado,No,NO APLICA,99,99,99,99,1,28/10/2022,2
12,Florida,122692,2,2,1,0,95,ORANGE (95),0,NO APLICA,11,Noviembre,4,2022,19,25,SR-50,3,Highway estatal,Urbano,Arteria Principal,State Highway Agency,1,Sin jurisdiccion especial,99998,28.55241944,-81.44641111,Peaton,El primer evento no fue una colision con un vehiculo automotor en transporte,Not an Intersection,No fue interseccion,Sobre calle,Ninguna,Oscuro con iluminacion,Despejado,No,NO APLICA,99,99,99,99,1,04/11/2022,1
12,Florida,122693,1,1,1,0,11,BROWARD (11),2468,PEMBROKE PINES,11,Noviembre,5,2022,0,25,SR-824,3,Highway estatal,Urbano,Arteria Principal,Not Reported,0,Sin jurisdiccion especial,99998,25.99512222,-80.22230833,No vehiculo o remolque,El primer evento no fue una colision con un vehiculo automotor en transporte,Not an Intersection,No fue interseccion,Sobre calle,Ninguna,Oscuro con iluminacion,Despejado,No,NO APLICA,99,99,99,99,1,05/11/2022,5
12,Florida,122694,1,1,1,0,11,BROWARD (11),2468,PEMBROKE PINES,11,Noviembre,5,2022,5,25,SR-824,3,Highway estatal,Urbano,Arteria Principal,State Highway Agency,1,Sin jurisdiccion especial,99998,25.99485833,-80.23846111,Ciclista,El primer evento no fue una colision con un vehiculo automotor en transporte,Not an Intersection,No fue interseccion,Sobre calle,Ninguna,Oscuro con iluminacion,lluvia,No,NO APLICA,99,99,99,99,1,05/11/2022,1
12,Florida,122695,0,0,1,0,71,LEE (71),0,NO APLICA,11,Noviembre,6,2022,15,59,27TH ST W,6,Calle Local Municipalidad,Rural,Local,Not Reported,0,Sin jurisdiccion especial,99998,26.63834722,-81.67035833,Arbol,El primer evento no fue una colision con un vehiculo automotor en transporte,Not an Intersection,No fue interseccion,Sobre el lado de la calle,Ninguna,Dia total,Despejado,No,NO APLICA,99,99,99,99,1,06/11/2022,2
12,Florida,122696,0,0,1,0,86,MIAMI-DADE (86),1440,HOMESTEAD,10,Octubre,7,2022,8,0,NE 18TH AVE,6,Calle Local Municipalidad,Urbano,Local,City or Municipal Highway Agency,0,Sin jurisdiccion especial,99998,25.4762,-80.45253611,Banqueta,El primer evento no fue una colision con un vehiculo automotor en transporte,Not an Intersection,No fue interseccion,Sobre el lado de la calle,Ninguna,Dia total,Despejado,No,NO APLICA,99,99,99,99,1,07/10/2022,1
12,Florida,122697,0,0,2,0,119,SUMTER (119),0,NO APLICA,10,Octubre,31,2022,12,22,CR-466A,4,Calle del Condado,Urbano,Arteria Menor,County Highway Agency,0,Sin jurisdiccion especial,99998,28.86548889,-81.99711111,Vehiculo en movimiento,Angulo,Four-Way Intersection,Interseccion de 4 direcciones,Sobre calle,Ninguna,Dia total,Despejado,No,NO APLICA,99,99,99,99,1,31/10/2022,2
12,Florida,122698,1,1,1,0,11,BROWARD (11),2948,TAMARAC,11,Noviembre,4,2022,19,20,PINE ISLAND RD,6,Calle Local Municipalidad,Urbano,Colector Mayor,City or Municipal Highway Agency,0,Sin jurisdiccion especial,99998,26.20544167,-80.26847778,Peaton,El primer evento no fue una colision con un vehiculo automotor en transporte,Not an Intersection,No fue interseccion,Sobre calle,Ninguna,Oscuro sin iluminacion,Despejado,No,NO APLICA,99,99,99,99,1,04/11/2022,1
12,Florida,122699,0,0,1,0,1,ALACHUA (1),1130,GAINESVILLE,8,Agosto,19,2022,8,30,SR-26,3,Highway estatal,Urbano,Arteria Menor,State Highway Agency,0,Sin jurisdiccion especial,99998,29.67590278,-82.23843889,Poste,El primer evento no fue una colision con un vehiculo automotor en transporte,T-Intersection,Interseccion de T,Sobre el lado de la calle,Ninguna,Dia total,Despejado,No,NO APLICA,99,99,99,99,1,19/08/2022,1
12,Florida,122700,0,0,2,0,9,BREVARD (9),3000,TITUSVILLE,9,Septiembre,4,2022,6,52,SR-406 GARDEN ST,3,Highway estatal,Urbano,Arteria Principal,State Highway Agency,1,Sin jurisdiccion especial,99998,28.61539444,-80.80753889,Vehiculo en movimiento,Angulo,Four-Way Intersection,Interseccion de 4 direcciones,Sobre calle,Ninguna,Amanecer,Despejado,No,NO APLICA,99,99,99,99,1,04/09/2022,2
12,Florida,122701,0,0,2,0,57,HILLSBOROUGH (57),2950,TAMPA,8,Agosto,24,2022,11,35,SR-574,3,Highway estatal,Urbano,Arteria Principal,Not Reported,0,Sin jurisdiccion especial,99998,27.98129722,-82.49986389,Vehiculo en movimiento,Golpe Lateral - misma direccion,Not an Intersection,No fue interseccion,Sobre calle,Ninguna,Dia total,Despejado,No,NO APLICA,99,99,99,99,1,24/08/2022,2
12,Florida,122702,1,1,1,0,117,SEMINOLE (117),480,CASSELBERRY,8,Agosto,24,2022,20,59,SR-436 SEMORAN BLVD,3,Highway estatal,Urbano,Arteria Principal,State Highway Agency,1,Sin jurisdiccion especial,99998,28.65311667,-81.33036389,Peaton,El primer evento no fue una colision con un vehiculo automotor en transporte,Not an Intersection,No fue interseccion,Sobre calle,Ninguna,Oscuro con iluminacion,Despejado,No,NO APLICA,99,99,99,99,1,24/08/2022,1
12,Florida,122703,0,0,2,0,127,VOLUSIA (127),780,DAYTONA BEACH,9,Septiembre,10,2022,7,31,N CLYDE MORRIS BLVD,8,Otro,Urbano,Arteria Principal,County Highway Agency,1,Sin jurisdiccion especial,99998,29.21485,-81.0702,Vehiculo en movimiento,Angulo,Four-Way Intersection,Interseccion de 4 direcciones,Sobre calle,Ninguna,Dia total,Despejado,No,NO APLICA,99,99,99,99,1,10/09/2022,3
12,Florida,122704,3,3,4,3,11,BROWARD (11),2541,PLANTATION,10,Octubre,8,2022,5,4,SR-91,3,Highway estatal,Urbano,Arterial Principal -Freeway o ExpressWay,State Highway Agency,1,Sin jurisdiccion especial,99998,26.13428611,-80.21903333,Vehiculo Aparcado,El primer evento no fue una colision con un vehiculo automotor en transporte,Not an Intersection,No fue interseccion,Sobre Acotamiento,Ninguna,Oscuro con iluminacion,Despejado,No,NO APLICA,99,99,99,99,1,08/10/2022,1
12,Florida,122705,2,2,1,0,103,PINELLAS (103),2740,SAINT PETE BEACH,10,Octubre,16,2022,19,1,GULF WAY,6,Calle Local Municipalidad,Urbano,Colector Mayor,City or Municipal Highway Agency,0,Sin jurisdiccion especial,99998,27.68800278,-82.73792778,Peaton,El primer evento no fue una colision con un vehiculo automotor en transporte,T-Intersection,Interseccion de T,Sobre calle,Ninguna,Atardecer,Despejado,No,NO APLICA,99,99,99,99,1,16/10/2022,1
12,Florida,122706,0,0,1,0,105,POLK (105),3300,WINTER HAVEN,10,Octubre,9,2022,0,0,EVERGREEN PLACE SOUTHWEST,6,Calle Local Municipalidad,Urbano,Arteria Menor,City or Municipal Highway Agency,0,Sin jurisdiccion especial,99998,28.00666944,-81.751625,Alguien se cayo/avento del vehiculo,El primer evento no fue una colision con un vehiculo automotor en transporte,Not an Intersection,No fue interseccion,Sobre calle,Ninguna,Oscuro sin iluminacion,Despejado,No,NO APLICA,99,99,99,99,1,09/10/2022,5
12,Florida,122707,0,0,2,0,57,HILLSBOROUGH (57),2950,TAMPA,10,Octubre,16,2022,15,47,WATERS AVE,6,Calle Local Municipalidad,Urbano,Arteria Menor,County Highway Agency,0,Sin jurisdiccion especial,99998,28.02537222,-82.46971389,Volcadura,El primer evento no fue una colision con un vehiculo automotor en transporte,Four-Way Intersection,Interseccion de 4 direcciones,Sobre calle,Ninguna,Dia total,Despejado,No,NO APLICA,99,99,99,99,1,16/10/2022,3
12,Florida,122708,0,0,1,0,53,HERNANDO (53),0,NO APLICA,10,Octubre,26,2022,10,33,SR-50,3,Highway estatal,Urbano,Arteria Principal,State Highway Agency,1,Sin jurisdiccion especial,99998,28.54276944,-82.43177778,Arbol,El primer evento no fue una colision con un vehiculo automotor en transporte,Not an Intersection,No fue interseccion,Fuera de la calle,Ninguna,Dia total,Despejado,No,NO APLICA,99,99,99,99,1,26/10/2022,1
12,Florida,122709,0,0,2,0,86,MIAMI-DADE (86),2010,MIAMI,10,Octubre,31,2022,11,10,NW 3RD AVE,5,Calle Local - Pueblo,Urbano,Local,City or Municipal Highway Agency,0,Sin jurisdiccion especial,99998,25.81474722,-80.20161667,Vehiculo en movimiento,Angulo,Four-Way Intersection,Interseccion de 4 direcciones,Sobre calle,Ninguna,Dia total,Despejado,No,NO APLICA,99,99,99,99,1,31/10/2022,2
12,Florida,122710,1,1,1,0,101,PASCO (101),0,NO APLICA,11,Noviembre,1,2022,9,29,SR-589,3,Highway estatal,Rural,Arterial Principal -Freeway o ExpressWay,State Highway Agency,1,Sin jurisdiccion especial,250,28.30073056,-82.55075278,Ciclista,El primer evento no fue una colision con un vehiculo automotor en transporte,Not an Intersection,No fue interseccion,Sobre calle,Ninguna,Dia total,Despejado,No,NO APLICA,9,27,9,35,1,01/11/2022,1
12,Florida,122712,0,0,2,0,69,LAKE (69),0,NO APLICA,10,Octubre,29,2022,8,22,CR-448,4,Calle del Condado,Rural,Colector Mayor,County Highway Agency,0,Sin jurisdiccion especial,99998,28.75034444,-81.70133333,Vehiculo en movimiento,Frente a frente,Not an Intersection,No fue interseccion,Sobre calle,Ninguna,Dia total,Despejado,No,NO APLICA,99,99,99,99,1,29/10/2022,3
12,Florida,122713,0,0,3,0,86,MIAMI-DADE (86),2023,MIAMI GARDENS,11,Noviembre,3,2022,8,57,NW 27TH AVE,8,Otro,Urbano,Arteria Principal,State Highway Agency,1,Sin jurisdiccion especial,99998,25.96061389,-80.24642778,Vehiculo en movimiento,Golpe Lateral - misma direccion,Four-Way Intersection,Interseccion de 4 direcciones,Sobre calle,Ninguna,Dia total,Despejado,No,NO APLICA,99,99,99,99,1,03/11/2022,4
12,Florida,122714,1,1,1,0,57,HILLSBOROUGH (57),2950,TAMPA,11,Noviembre,4,2022,16,13,N NEBRASKA AVE,8,Otro,Urbano,Arteria Principal,State Highway Agency,1,Sin jurisdiccion especial,99998,28.00499167,-82.45135833,Ciclista,El primer evento no fue una colision con un vehiculo automotor en transporte,Not an Intersection,No fue interseccion,Sobre calle,Ninguna,Dia total,Despejado,No,NO APLICA,99,99,99,99,1,04/11/2022,1
12,Florida,122715,0,0,3,0,93,OKEECHOBEE (93),0,NO APLICA,10,Octubre,21,2022,7,45,US-441,2,US Highway,Rural,Arteria Principal,State Highway Agency,1,Sin jurisdiccion especial,99998,27.17223611,-80.72520833,Vehiculo en movimiento,Golpe Lateral - misma direccion,Not an Intersection,No fue interseccion,Sobre calle,Ninguna,Amanecer,Despejado,No,NO APLICA,99,99,99,99,1,21/10/2022,3
12,Florida,122716,1,1,1,0,86,MIAMI-DADE (86),2010,MIAMI,10,Octubre,30,2022,3,15,US-1 BISCAYNE BLVD,2,US Highway,Urbano,Arteria Principal,State Highway Agency,1,Sin jurisdiccion especial,99998,25.79886389,-80.18916389,Ciclista,El primer evento no fue una colision con un vehiculo automotor en transporte,Not an Intersection,No fue interseccion,Sobre calle,Ninguna,Oscuro con iluminacion,Despejado,No,NO APLICA,99,99,99,99,1,30/10/2022,1
12,Florida,122717,2,2,1,0,103,PINELLAS (103),2730,SAINT PETERSBURG,11,Noviembre,5,2022,21,30,4TH ST S,6,Calle Local Municipalidad,Urbano,Colector Mayor,City or Municipal Highway Agency,0,Sin jurisdiccion especial,99998,27.75696111,-82.63841667,Peaton,El primer evento no fue una colision con un vehiculo automotor en transporte,Four-Way Intersection,Interseccion de 4 direcciones,Sobre calle,Ninguna,Oscuro con iluminacion,Despejado,No,NO APLICA,99,99,99,99,2,05/11/2022,1
12,Florida,122718,1,1,1,0,11,BROWARD (11),1420,HOLLYWOOD,8,Agosto,27,2022,0,44,56TH AVE,6,Calle Local Municipalidad,Urbano,Colector Mayor,State Highway Agency,0,Sin jurisdiccion especial,99998,25.99535556,-80.19882222,Peaton,El primer evento no fue una colision con un vehiculo automotor en transporte,Four-Way Intersection,Interseccion de 4 direcciones,Sobre calle,Ninguna,Oscuro - iluminacion desconocida,Despejado,No,NO APLICA,99,99,99,99,1,27/08/2022,1
12,Florida,122719,0,0,1,0,109,ST JOHNS (109),0,NO APLICA,10,Octubre,12,2022,13,5,I-95,1,Interestatal,Rural,Interestatal,State Highway Agency,1,Sin jurisdiccion especial,99998,29.88383056,-81.40166944,Arbol,El primer evento no fue una colision con un vehiculo automotor en transporte,Not an Intersection,No fue interseccion,Fuera de la calle,Ninguna,Dia total,Nublado,No,NO APLICA,99,99,99,99,1,12/10/2022,1
12,Florida,122720,0,0,1,0,115,SARASOTA (115),2780,SARASOTA,8,Agosto,23,2022,23,39,US-41,2,US Highway,Urbano,Arteria Principal,State Highway Agency,1,Sin jurisdiccion especial,99998,27.35095,-82.54693889,Poste,El primer evento no fue una colision con un vehiculo automotor en transporte,Roundabout,Glorieta,Sobre el lado de la calle,Ninguna,Oscuro con iluminacion,Despejado,No,NO APLICA,99,99,99,99,1,23/08/2022,1
12,Florida,122721,0,0,2,0,57,HILLSBOROUGH (57),0,NO APLICA,10,Octubre,30,2022,21,21,SR-39,3,Highway estatal,Rural,Arteria Principal,State Highway Agency,1,Sin jurisdiccion especial,99998,28.11074167,-82.14445278,Vehiculo en movimiento,Frente a frente,Not an Intersection,No fue interseccion,Sobre calle,Ninguna,Oscuro sin iluminacion,Despejado,No,NO APLICA,21,23,21,43,5,30/10/2022,8
12,Florida,122722,1,1,1,0,57,HILLSBOROUGH (57),2950,TAMPA,11,Noviembre,1,2022,21,40,W HILLSBOROUGH AVE,8,Otro,Urbano,Arteria Principal,State Highway Agency,1,Sin jurisdiccion especial,99998,27.99611111,-82.49014722,Peaton,El primer evento no fue una colision con un vehiculo automotor en transporte,Not an Intersection,No fue interseccion,Sobre calle,Ninguna,Oscuro con iluminacion,Despejado,No,NO APLICA,99,99,99,99,1,01/11/2022,1
12,Florida,122723,0,0,1,0,73,LEON (73),0,NO APLICA,11,Noviembre,3,2022,4,20,I-10,1,Interestatal,Urbano,Interestatal,State Highway Agency,1,Sin jurisdiccion especial,99998,30.47806111,-84.10788889,Arbol,El primer evento no fue una colision con un vehiculo automotor en transporte,Not an Intersection,No fue interseccion,Fuera de la calle,Ninguna,Oscuro sin iluminacion,Despejado,No,NO APLICA,99,99,99,99,1,03/11/2022,1
12,Florida,122724,0,0,2,0,57,HILLSBOROUGH (57),0,NO APLICA,11,Noviembre,5,2022,23,32,GORNTO LAKE RD,6,Calle Local Municipalidad,Urbano,Colector Mayor,Not Reported,0,Sin jurisdiccion especial,99998,27.920775,-82.32293056,Vehiculo en movimiento,Angulo,T-Intersection,Interseccion de T,Sobre calle,Ninguna,Oscuro con iluminacion,Despejado,No,NO APLICA,99,99,99,99,1,05/11/2022,3
12,Florida,122725,0,0,2,0,11,BROWARD (11),1420,HOLLYWOOD,10,Octubre,30,2022,6,14,SR-91,3,Highway estatal,Urbano,Arterial Principal -Freeway o ExpressWay,State Highway Agency,1,Sin jurisdiccion especial,99998,25.99641944,-80.22296111,Vehiculo en movimiento,Frente a Detrás,Not an Intersection,No fue interseccion,Sobre calle,Ninguna,Oscuro con iluminacion,Despejado,No,NO APLICA,99,99,99,99,1,30/10/2022,2
12,Florida,122726,0,0,1,0,31,DUVAL (31),1510,JACKSONVILLE,11,Noviembre,4,2022,0,52,ST JOHNS AVE,8,Otro,Urbano,Arteria Menor,State Highway Agency,0,Sin jurisdiccion especial,99998,30.30750556,-81.6914,Algún evento nocivo sin detalles,El primer evento no fue una colision con un vehiculo automotor en transporte,Not an Intersection,No fue interseccion,Sobre calle,Ninguna,Oscuro con iluminacion,Despejado,No,NO APLICA,99,99,99,99,1,04/11/2022,1
12,Florida,122727,1,1,1,0,71,LEE (71),457,CAPE CORAL,11,Noviembre,4,2022,19,25,47TH TERR,6,Calle Local Municipalidad,Urbano,Local,City or Municipal Highway Agency,0,Sin jurisdiccion especial,99998,26.56373889,-81.95298889,Peaton,El primer evento no fue una colision con un vehiculo automotor en transporte,Not an Intersection,No fue interseccion,Sobre calle,Ninguna,Oscuro con iluminacion,Despejado,No,NO APLICA,99,99,99,99,1,04/11/2022,1
12,Florida,122728,0,0,1,0,95,ORANGE (95),2360,ORLANDO,10,Octubre,29,2022,3,56,SR-527 N ORANGE AVE,3,Highway estatal,Urbano,Arteria Principal,State Highway Agency,1,Sin jurisdiccion especial,99998,28.56334444,-81.37295278,Banqueta,El primer evento no fue una colision con un vehiculo automotor en transporte,Not an Intersection,No fue interseccion,Sobre el lado de la calle,Ninguna,Oscuro con iluminacion,Despejado,No,NO APLICA,99,99,99,99,1,29/10/2022,2
12,Florida,122729,0,0,1,0,29,DIXIE (29),0,NO APLICA,11,Noviembre,6,2022,3,0,CR-351,4,Calle del Condado,Rural,Colector Mayor,Not Reported,0,Sin jurisdiccion especial,99998,29.46581944,-83.27548056,Arbol,El primer evento no fue una colision con un vehiculo automotor en transporte,Not an Intersection,No fue interseccion,Sobre el lado de la calle,Ninguna,Oscuro sin iluminacion,Neblina o Humo,No,NO APLICA,99,99,99,99,2,06/11/2022,2