Estado,Nombre de Estado,Numero de Caso,Peatones,Personas _no_vehiculos,Vehiculos automotores,Vehiculos estacionados,Condado,Nombre Condado,Ciudad,Nombre Ciudad,Mes,Nombre Mes,Dia,Año,Hora,Minuto,Calle,Ruta,Nombre Ruta,Rural o Urbanoo,Sistema Funcional,Dueño Calle,Sistema Nacional Carreteras,Jurisdiccion Especial,Milla,Latitud,Longitud,Causa del Accidente,Tipo de Accidente,Tipo Interseccion,Columna1,Lugar en la calle,Zona de Trabajo,Luz,Clima,Autobus Escolar,Cruce de Trenes,Hora Notificacion,Minuto Notificacion,Hora Llegada,Minuto Llegada,Decesos,Fecha,PersonaVehiculo
12,Florida,122730,1,1,1,0,97,OSCEOLA (97),0,NO APLICA,10,Octubre,27,2022,7,3,BUENAVENTURA BLVD,6,Calle Local Municipalidad,Urbano,Arteria Menor,County Highway Agency,0,Sin jurisdiccion especial,99998,28.32372778,-81.34592778,Ciclista,El primer evento no fue una colision con un vehiculo automotor en transporte,Not an Intersection,No fue interseccion,Sobre calle,Ninguna,Amanecer,Despejado,No,NO APLICA,99,99,99,99,1,27/10/2022,2
12,Florida,122731,0,0,2,0,131,WALTON (131),0,NO APLICA,10,Octubre,28,2022,20,48,CR-192,4,Calle del Condado,Rural,Colector Menor,County Highway Agency,0,Sin jurisdiccion especial,99998,30.80794722,-86.12370556,Vehiculo en movimiento,Angulo,T-Intersection,Interseccion de T,Sobre calle,Ninguna,Oscuro sin iluminacion,Despejado,No,NO APLICA,99,99,99,99,1,28/10/2022,3
12,Florida,122732,1,1,1,0,81,MANATEE (81),0,NO APLICA,10,Octubre,29,2022,21,17,US-41,2,US Highway,Urbano,Arteria Principal,State Highway Agency,1,Sin jurisdiccion especial,99998,27.45254722,-82.57540556,Ciclista,El primer evento no fue una colision con un vehiculo automotor en transporte,Not an Intersection,No fue interseccion,Sobre calle,Ninguna,Oscuro con iluminacion,Despejado,No,NO APLICA,99,99,99,99,1,29/10/2022,2
12,Florida,122733,1,1,1,0,133,WASHINGTON (133),0,NO APLICA,11,Noviembre,6,2022,21,20,HOLMES VALLEY RD,5,Calle Local - Pueblo,Rural,Local,Not Reported,0,Sin jurisdiccion especial,99998,30.58407222,-85.683875,Peaton,El primer evento no fue una colision con un vehiculo automotor en transporte,Not an Intersection,No fue interseccion,Sobre calle,Ninguna,Oscuro sin iluminacion,Despejado,No,NO APLICA,99,99,99,99,1,06/11/2022,1
12,Florida,122734,1,1,1,0,103,PINELLAS (103),2730,SAINT PETERSBURG,11,Noviembre,9,2022,12,30,5TH AVE,6,Calle Local Municipalidad,Urbano,Arteria Menor,City or Municipal Highway Agency,0,Sin jurisdiccion especial,99998,27.77713889,-82.70291389,Peaton,El primer evento no fue una colision con un vehiculo automotor en transporte,Not an Intersection,No fue interseccion,Sobre calle,Ninguna,Dia total,Despejado,No,NO APLICA,99,99,99,99,1,09/11/2022,1
12,Florida,122735,0,0,1,0,99,PALM BEACH (99),0,NO APLICA,10,Octubre,30,2022,5,13,I-95 SB,1,Interestatal,Urbano,Interestatal,State Highway Agency,1,Sin jurisdiccion especial,99998,26.53393333,-80.07380556,Valla Ferrocarril,El primer evento no fue una colision con un vehiculo automotor en transporte,Not an Intersection,No fue interseccion,Sobre el lado de la calle,Ninguna,Amanecer,Despejado,No,NO APLICA,99,99,99,99,1,30/10/2022,1
12,Florida,122736,1,1,1,0,101,PASCO (101),0,NO APLICA,10,Octubre,30,2022,22,35,SR-581,3,Highway estatal,Urbano,Arteria Principal,State Highway Agency,1,Sin jurisdiccion especial,99998,28.19444167,-82.35339444,Peaton,El primer evento no fue una colision con un vehiculo automotor en transporte,Not an Intersection,No fue interseccion,Sobre calle,Ninguna,Oscuro sin iluminacion,Despejado,No,NO APLICA,99,99,99,99,1,30/10/2022,1
12,Florida,122737,0,3,2,1,86,MIAMI-DADE (86),2010,MIAMI,10,Octubre,31,2022,4,35,I-195,1,Interestatal,Urbano,Interestatal,State Highway Agency,1,Sin jurisdiccion especial,99998,25.81071667,-80.16825833,Valla Ferrocarril,El primer evento no fue una colision con un vehiculo automotor en transporte,Not an Intersection,No fue interseccion,Sobre el lado de la calle,Ninguna,Oscuro con iluminacion,Nublado,No,NO APLICA,99,99,99,99,1,31/10/2022,1
12,Florida,122738,1,1,1,0,105,POLK (105),0,NO APLICA,11,Noviembre,2,2022,10,40,I-4,1,Interestatal,Urbano,Interestatal,State Highway Agency,1,Sin jurisdiccion especial,99998,28.07080556,-81.98935833,Peaton,El primer evento no fue una colision con un vehiculo automotor en transporte,Not an Intersection,No fue interseccion,Sobre calle,Ninguna,Dia total,Despejado,No,NO APLICA,99,98,99,98,1,02/11/2022,1
12,Florida,122739,0,0,1,0,103,PINELLAS (103),0,NO APLICA,10,Octubre,22,2022,16,32,I-275 RAMP,1,Interestatal,Urbano,Interestatal,State Highway Agency,1,Sin jurisdiccion especial,99998,27.87775833,-82.66405278,Volcadura,El primer evento no fue una colision con un vehiculo automotor en transporte,Not an Intersection,No fue interseccion,"Fuera de la calle, ubicacion desconocida",Ninguna,Dia total,Despejado,No,NO APLICA,99,99,99,99,1,22/10/2022,1
12,Florida,122740,0,0,2,0,57,HILLSBOROUGH (57),0,NO APLICA,11,Noviembre,1,2022,21,20,SR-580,3,Highway estatal,Urbano,Arteria Principal,State Highway Agency,1,Sin jurisdiccion especial,99998,28.00235556,-82.59556944,Vehiculo en movimiento,Angulo,T-Intersection,Interseccion de T,Sobre calle,Ninguna,Oscuro con iluminacion,Despejado,No,NO APLICA,99,99,99,99,1,01/11/2022,3
12,Florida,122741,1,1,1,0,87,MONROE (87),0,NO APLICA,11,Noviembre,5,2022,21,1,3RD ST,6,Calle Local Municipalidad,Rural,Local,Not Reported,0,Sin jurisdiccion especial,99998,24.57404167,-81.73760278,Ciclista,El primer evento no fue una colision con un vehiculo automotor en transporte,Not an Intersection,No fue interseccion,Sobre calle,Ninguna,Oscuro con iluminacion,Despejado,No,NO APLICA,99,99,99,99,1,05/11/2022,1
12,Florida,122743,1,1,1,0,103,PINELLAS (103),0,NO APLICA,9,Septiembre,11,2022,2,33,62ND AVE N,6,Calle Local Municipalidad,Urbano,Arteria Menor,City or Municipal Highway Agency,0,Sin jurisdiccion especial,99998,27.82833333,-82.68698611,Ciclista,El primer evento no fue una colision con un vehiculo automotor en transporte,Not an Intersection,No fue interseccion,Sobre calle,Ninguna,Oscuro sin iluminacion,Despejado,No,NO APLICA,99,99,99,99,1,11/09/2022,1
12,Florida,122744,0,0,2,0,23,COLUMBIA (23),0,NO APLICA,10,Octubre,1,2022,2,50,US-90,2,US Highway,Urbano,Arteria Principal,State Highway Agency,1,Sin jurisdiccion especial,99998,30.18841667,-82.55163889,Vehiculo en movimiento,Frente a frente,Not an Intersection,No fue interseccion,Sobre calle,Ninguna,Oscuro sin iluminacion,Despejado,No,NO APLICA,99,99,99,99,2,01/10/2022,2
12,Florida,122745,0,0,2,0,127,VOLUSIA (127),0,NO APLICA,10,Octubre,23,2022,4,53,US-92,2,US Highway,Urbano,Arteria Principal,State Highway Agency,0,Sin jurisdiccion especial,99998,29.06928056,-81.25498056,Vehiculo en movimiento,Frente a Detrás,T-Intersection,Interseccion de T,Sobre calle,Ninguna,Oscuro sin iluminacion,Despejado,No,NO APLICA,99,99,99,99,1,23/10/2022,3
12,Florida,122746,0,0,2,0,71,LEE (71),9997,Other,10,Octubre,26,2022,14,34,JAGUAR BLVD,8,Otro,Urbano,Colector Menor,County Highway Agency,0,Sin jurisdiccion especial,99998,26.54780278,-81.59782222,Vehiculo en movimiento,Golpe Lateral - misma direccion,T-Intersection,Interseccion de T,Sobre calle,Ninguna,Dia total,Despejado,No,NO APLICA,99,99,99,99,1,26/10/2022,2
12,Florida,122747,0,0,1,0,117,SEMINOLE (117),0,NO APLICA,10,Octubre,27,2022,1,35,MARKHAM WOODS ROAD,8,Otro,Urbano,Colector Mayor,County Highway Agency,0,Sin jurisdiccion especial,99998,28.71296111,-81.38448056,Volcadura,El primer evento no fue una colision con un vehiculo automotor en transporte,Not an Intersection,No fue interseccion,Sobre el lado de la calle,Ninguna,Oscuro con iluminacion,Despejado,No,NO APLICA,99,99,99,99,1,27/10/2022,1
12,Florida,122749,1,1,1,0,115,SARASOTA (115),0,NO APLICA,10,Octubre,30,2022,21,42,US-41,2,US Highway,Urbano,Arteria Principal,State Highway Agency,0,Sin jurisdiccion especial,99998,27.26391944,-82.52593056,Peaton,El primer evento no fue una colision con un vehiculo automotor en transporte,Not an Intersection,No fue interseccion,Sobre calle,Ninguna,Oscuro con iluminacion,Despejado,No,NO APLICA,99,99,99,99,1,30/10/2022,2
12,Florida,122750,0,0,1,0,115,SARASOTA (115),0,NO APLICA,11,Noviembre,6,2022,21,16,I-75,1,Interestatal,Rural,Interestatal,State Highway Agency,1,Sin jurisdiccion especial,99998,27.19896944,-82.4394,Arbol,El primer evento no fue una colision con un vehiculo automotor en transporte,Not an Intersection,No fue interseccion,Sobre el lado de la calle,Ninguna,Oscuro sin iluminacion,Despejado,No,NO APLICA,99,99,99,99,1,06/11/2022,1
12,Florida,122751,0,0,2,0,83,MARION (83),0,NO APLICA,11,Noviembre,6,2022,8,49,CR-314,4,Calle del Condado,Rural,Colector Mayor,Not Reported,0,Sin jurisdiccion especial,99998,29.23391111,-81.94773889,Vehiculo en movimiento,Frente a frente,T-Intersection,Interseccion de T,Sobre calle,Ninguna,Dia total,Despejado,No,NO APLICA,99,99,99,99,1,06/11/2022,2
12,Florida,122752,1,1,1,0,71,LEE (71),0,NO APLICA,11,Noviembre,9,2022,19,8,US-41,2,US Highway,Urbano,Arteria Principal,State Highway Agency,1,Sin jurisdiccion especial,99998,26.52598056,-81.87101944,Peaton,El primer evento no fue una colision con un vehiculo automotor en transporte,Not an Intersection,No fue interseccion,Sobre calle,Ninguna,Oscuro con iluminacion,Nublado,No,NO APLICA,99,99,99,99,1,09/11/2022,2
12,Florida,122753,0,0,1,0,75,LEVY (75),540,CHIEFLAND,11,Noviembre,9,2022,12,29,CR-207,4,Calle del Condado,Rural,Local,Not Reported,0,Sin jurisdiccion especial,99998,29.51695833,-82.88466667,Poste,El primer evento no fue una colision con un vehiculo automotor en transporte,Not an Intersection,No fue interseccion,Sobre el lado de la calle,Ninguna,Dia total,Nublado,No,NO APLICA,99,99,99,99,1,09/11/2022,1
12,Florida,122754,0,0,1,0,95,ORANGE (95),0,NO APLICA,11,Noviembre,12,2022,13,4,ROUND LAKE RD,9,Desconocido,Urbano,Colector Mayor,Not Reported,0,Sin jurisdiccion especial,99998,28.73365,-81.59214444,Arbol,El primer evento no fue una colision con un vehiculo automotor en transporte,Not an Intersection,No fue interseccion,Fuera de la calle,Ninguna,Dia total,Despejado,No,NO APLICA,99,99,99,99,1,12/11/2022,1
12,Florida,122755,0,0,2,0,11,BROWARD (11),771,DAVIE,11,Noviembre,1,2022,5,25,DAVIE RD,5,Calle Local - Pueblo,Urbano,Arteria Menor,City or Municipal Highway Agency,0,Sin jurisdiccion especial,99998,26.06490556,-80.23220833,Vehiculo en movimiento,Angulo,Four-Way Intersection,Interseccion de 4 direcciones,Sobre calle,Ninguna,Oscuro con iluminacion,Despejado,No,NO APLICA,99,99,99,99,1,01/11/2022,2
12,Florida,122757,1,1,1,0,57,HILLSBOROUGH (57),0,NO APLICA,11,Noviembre,12,2022,0,10,ORIENT RD,9,Desconocido,Urbano,Colector Mayor,Not Reported,0,Sin jurisdiccion especial,99998,27.99781667,-82.37310278,Peaton,El primer evento no fue una colision con un vehiculo automotor en transporte,Not an Intersection,No fue interseccion,Sobre calle,Ninguna,Oscuro sin iluminacion,Despejado,No,NO APLICA,99,99,99,99,1,12/11/2022,1
12,Florida,122758,0,0,2,0,31,DUVAL (31),1510,JACKSONVILLE,11,Noviembre,14,2022,1,0,HAMMOND BLVD,6,Calle Local Municipalidad,Urbano,Colector Mayor,Not Reported,0,Sin jurisdiccion especial,99998,30.30215833,-81.79798611,Vehiculo en movimiento,Angulo,Four-Way Intersection,Interseccion de 4 direcciones,Sobre calle,Ninguna,Oscuro con iluminacion,Despejado,No,NO APLICA,99,99,99,99,1,14/11/2022,2
12,Florida,122759,0,0,3,1,57,HILLSBOROUGH (57),2950,TAMPA,9,Septiembre,1,2022,13,49,26TH ST,6,Calle Local Municipalidad,Urbano,Colector Menor,Not Reported,0,Sin jurisdiccion especial,99998,27.96750556,-82.43060278,Vehiculo en movimiento,Angulo,Four-Way Intersection,Interseccion de 4 direcciones,Sobre calle,Ninguna,Dia total,Nublado,No,NO APLICA,99,99,99,99,1,01/09/2022,3
12,Florida,122760,0,0,1,0,99,PALM BEACH (99),0,NO APLICA,11,Noviembre,10,2022,20,24,PHEASANT WAY,6,Calle Local Municipalidad,Urbano,Local,Not Reported,0,Sin jurisdiccion especial,99998,26.41604444,-80.11036111,Arbol,El primer evento no fue una colision con un vehiculo automotor en transporte,Not an Intersection,No fue interseccion,Fuera de la calle,Ninguna,Oscuro con iluminacion,Despejado,No,NO APLICA,99,99,99,99,1,10/11/2022,1
12,Florida,122761,1,1,1,0,73,LEON (73),2940,TALLAHASSEE,10,Octubre,21,2022,6,50,APPLEYARD DR,6,Calle Local Municipalidad,Urbano,Colector Mayor,City or Municipal Highway Agency,0,Sin jurisdiccion especial,99998,30.45025,-84.33795278,Peaton,El primer evento no fue una colision con un vehiculo automotor en transporte,Not an Intersection,No fue interseccion,Sobre calle,Ninguna,Oscuro con iluminacion,Despejado,No,NO APLICA,99,99,99,99,1,21/10/2022,1
12,Florida,122762,1,1,1,0,93,OKEECHOBEE (93),0,NO APLICA,10,Octubre,31,2022,19,28,SR-70,3,Highway estatal,Rural,Arteria Principal,State Highway Agency,1,Sin jurisdiccion especial,99998,27.24356389,-80.84673611,Peaton,El primer evento no fue una colision con un vehiculo automotor en transporte,Not an Intersection,No fue interseccion,Sobre calle,Ninguna,Atardecer,Despejado,No,NO APLICA,99,99,99,99,1,31/10/2022,1
12,Florida,122763,0,0,1,0,99,PALM BEACH (99),0,NO APLICA,11,Noviembre,4,2022,14,39,CENTURY VILLAGE BLVD,8,Otro,Urbano,Local,Private (other than Railroad),0,Sin jurisdiccion especial,99998,26.38423889,-80.18333889,Otro objeto (fijo),El primer evento no fue una colision con un vehiculo automotor en transporte,Not an Intersection,No fue interseccion,Sobre el lado de la calle,Ninguna,Dia total,Despejado,No,NO APLICA,99,99,99,99,1,04/11/2022,1
12,Florida,122764,0,0,2,0,99,PALM BEACH (99),0,NO APLICA,11,Noviembre,8,2022,15,16,LYONS RD,8,Otro,Urbano,Arteria Menor,County Highway Agency,0,Sin jurisdiccion especial,99998,26.39649167,-80.1867,Vehiculo en movimiento,Frente a Detrás,Not an Intersection,No fue interseccion,Sobre calle,Ninguna,Dia total,Nublado,No,NO APLICA,99,99,99,99,1,08/11/2022,2
12,Florida,122765,0,0,1,0,117,SEMINOLE (117),2770,SANFORD,11,Noviembre,9,2022,13,15,RINEHART RD,6,Calle Local Municipalidad,Urbano,Colector Mayor,Not Reported,0,Sin jurisdiccion especial,99998,28.80798889,-81.33133889,Poste de Señal de trafico,El primer evento no fue una colision con un vehiculo automotor en transporte,Not an Intersection,No fue interseccion,Sobre el lado de la calle,Ninguna,Dia total,lluvia,No,NO APLICA,99,99,99,99,1,09/11/2022,3
12,Florida,122766,0,0,2,0,11,BROWARD (11),1420,HOLLYWOOD,10,Octubre,19,2022,18,30,DAVIE RD,6,Calle Local Municipalidad,Urbano,Arteria Menor,City or Municipal Highway Agency,0,Sin jurisdiccion especial,99998,26.03785278,-80.237925,Vehiculo en movimiento,Frente a frente,Not an Intersection,No fue interseccion,Sobre calle,Ninguna,Oscuro con iluminacion,Nublado,No,NO APLICA,99,99,99,99,1,19/10/2022,2
12,Florida,122767,1,1,1,0,71,LEE (71),1070,FORT MYERS,11,Noviembre,11,2022,21,25,DR MARTIN LUTHER KING BLVD,5,Calle Local - Pueblo,Urbano,Arteria Principal,State Highway Agency,0,Sin jurisdiccion especial,99998,26.64105278,-81.85068056,Ciclista,El primer evento no fue una colision con un vehiculo automotor en transporte,T-Intersection,Interseccion de T,Sobre calle,Ninguna,Oscuro con iluminacion,Despejado,No,NO APLICA,99,99,99,99,1,11/11/2022,1
12,Florida,122768,0,0,1,0,71,LEE (71),1070,FORT MYERS,11,Noviembre,12,2022,1,4,EDISON BRG,5,Calle Local - Pueblo,Urbano,Arteria Principal,Not Reported,1,Sin jurisdiccion especial,99998,26.65948333,-81.87475833,Banqueta,El primer evento no fue una colision con un vehiculo automotor en transporte,Not an Intersection,No fue interseccion,Sobre el lado de la calle,Ninguna,Oscuro con iluminacion,Despejado,No,NO APLICA,99,99,99,99,1,12/11/2022,1
12,Florida,122769,0,0,4,0,117,SEMINOLE (117),30,ALTAMONTE SPRINGS,10,Octubre,19,2022,15,12,I-4 RAMP,1,Interestatal,Urbano,Interestatal,State Highway Agency,1,Sin jurisdiccion especial,99998,28.66106111,-81.388075,Vehiculo en movimiento,Frente a Detrás,Not an Intersection,No fue interseccion,Sobre calle,Ninguna,Dia total,Despejado,No,NO APLICA,99,99,99,99,1,19/10/2022,5
12,Florida,122770,0,0,1,0,71,LEE (71),0,NO APLICA,11,Noviembre,1,2022,0,12,CR-884,4,Calle del Condado,Urbano,Arterial Principal -Freeway o ExpressWay,City or Municipal Highway Agency,0,Sin jurisdiccion especial,99998,26.60803333,-81.91225,Barrera de Trafico de Concreto,El primer evento no fue una colision con un vehiculo automotor en transporte,Not an Intersection,No fue interseccion,En el medio,Ninguna,Oscuro sin iluminacion,Despejado,No,NO APLICA,0,28,1,19,1,01/11/2022,1
12,Florida,122771,1,1,1,0,71,LEE (71),0,NO APLICA,11,Noviembre,1,2022,7,25,US-41,2,US Highway,Urbano,Arteria Principal,State Highway Agency,1,Sin jurisdiccion especial,99998,26.52444722,-81.87104444,Peaton,El primer evento no fue una colision con un vehiculo automotor en transporte,Not an Intersection,No fue interseccion,Sobre calle,Ninguna,Amanecer,Neblina o Humo,No,NO APLICA,99,99,99,97,1,01/11/2022,1
12,Florida,122772,0,0,1,0,21,COLLIER (21),0,NO APLICA,11,Noviembre,1,2022,19,0,CR-881,4,Calle del Condado,Urbano,Arteria Menor,County Highway Agency,0,Sin jurisdiccion especial,99998,26.21592222,-81.75201389,Banqueta,El primer evento no fue una colision con un vehiculo automotor en transporte,Not an Intersection,No fue interseccion,En el medio,Ninguna,Dia total,Despejado,No,NO APLICA,99,99,99,99,1,01/11/2022,1
12,Florida,122773,0,0,1,0,21,COLLIER (21),0,NO APLICA,11,Noviembre,6,2022,18,38,I-75,1,Interestatal,Rural,Interestatal,State Highway Agency,1,Sin jurisdiccion especial,99998,26.15313056,-81.55463056,Valla Ferrocarril,El primer evento no fue una colision con un vehiculo automotor en transporte,Not an Intersection,No fue interseccion,Sobre el lado de la calle,Ninguna,Oscuro sin iluminacion,Despejado,No,NO APLICA,99,99,99,99,1,06/11/2022,1
12,Florida,122774,0,0,1,0,21,COLLIER (21),2150,NAPLES,11,Noviembre,11,2022,17,45,YAHL STREET,6,Calle Local Municipalidad,Urbano,Local,Not Reported,0,Sin jurisdiccion especial,99998,26.21703056,-81.77748889,Poste,El primer evento no fue una colision con un vehiculo automotor en transporte,Not an Intersection,No fue interseccion,Sobre el lado de la calle,Ninguna,Atardecer,Despejado,No,NO APLICA,99,99,99,99,1,11/11/2022,1
12,Florida,122775,0,0,1,0,11,BROWARD (11),1420,HOLLYWOOD,11,Noviembre,1,2022,10,25,DAVIE RD EXT,6,Calle Local Municipalidad,Urbano,Arteria Menor,City or Municipal Highway Agency,0,Sin jurisdiccion especial,99998,26.03492778,-80.24476389,Arbol,El primer evento no fue una colision con un vehiculo automotor en transporte,Four-Way Intersection,Interseccion de 4 direcciones,"Fuera de la calle, ubicacion desconocida",Ninguna,Dia total,Despejado,No,NO APLICA,99,99,99,99,1,01/11/2022,1
12,Florida,122776,0,0,1,0,127,VOLUSIA (127),2850,SOUTH DAYTONA,11,Noviembre,2,2022,19,32,SAULS ST,6,Calle Local Municipalidad,Urbano,Local,City or Municipal Highway Agency,0,Sin jurisdiccion especial,99998,29.15818611,-81.01033611,Banqueta,El primer evento no fue una colision con un vehiculo automotor en transporte,T-Intersection,Interseccion de T,Sobre el lado de la calle,Ninguna,Oscuro sin iluminacion,Despejado,No,NO APLICA,99,99,99,99,2,02/11/2022,3
12,Florida,122777,0,0,2,0,86,MIAMI-DADE (86),0,NO APLICA,11,Noviembre,6,2022,18,0,NW 199TH ST,6,Calle Local Municipalidad,Urbano,Local,Not Reported,0,Sin jurisdiccion especial,99998,25.95234722,-80.30225,Vehiculo en movimiento,Angulo,Four-Way Intersection,Interseccion de 4 direcciones,Sobre calle,Ninguna,Oscuro con iluminacion,lluvia,No,NO APLICA,99,99,99,99,1,06/11/2022,4
12,Florida,122778,1,1,1,0,91,OKALOOSA (91),1091,FORT WALTON BEACH,11,Noviembre,10,2022,14,37,US-98,2,US Highway,Urbano,Arteria Principal,City or Municipal Highway Agency,1,Sin jurisdiccion especial,99998,30.40773611,-86.63991111,Peaton,El primer evento no fue una colision con un vehiculo automotor en transporte,Not an Intersection,No fue interseccion,Sobre calle,Ninguna,Dia total,Nublado,No,NO APLICA,99,99,99,99,1,10/11/2022,3
12,Florida,122779,0,0,2,0,127,VOLUSIA (127),780,DAYTONA BEACH,9,Septiembre,16,2022,5,30,US-1 RIDGEWOOD AVE,2,US Highway,Urbano,Arteria Principal,State Highway Agency,1,Sin jurisdiccion especial,99998,29.22352778,-81.02952222,Vehiculo en movimiento,Angulo,Four-Way Intersection,Interseccion de 4 direcciones,Sobre calle,Ninguna,Oscuro con iluminacion,Despejado,No,NO APLICA,99,99,99,99,1,16/09/2022,2
12,Florida,122780,0,0,2,0,109,ST JOHNS (109),0,NO APLICA,10,Octubre,25,2022,13,58,US-1,2,US Highway,Urbano,Arteria Principal,State Highway Agency,0,Sin jurisdiccion especial,99998,29.82493889,-81.32221667,Vehiculo en movimiento,Angulo,T-Intersection,Interseccion de T,Sobre calle,Ninguna,Dia total,Despejado,No,NO APLICA,99,99,99,99,1,25/10/2022,2
12,Florida,122782,0,0,2,0,5,BAY (5),2450,PANAMA CITY,11,Noviembre,4,2022,16,40,CR-2301,4,Calle del Condado,Urbano,Colector Mayor,County Highway Agency,0,Sin jurisdiccion especial,99998,30.29075556,-85.54029167,Vehiculo en movimiento,Angulo,T-Intersection,Interseccion de T,Sobre calle,Ninguna,Dia total,Despejado,No,NO APLICA,99,99,99,99,1,04/11/2022,3
12,Florida,122783,0,0,1,0,131,WALTON (131),0,NO APLICA,11,Noviembre,7,2022,23,50,ROCK HILL RD,9,Desconocido,Rural,Local,Unknown,0,Sin jurisdiccion especial,99998,30.59139722,-86.07227778,Arbol,El primer evento no fue una colision con un vehiculo automotor en transporte,Not an Intersection,No fue interseccion,Fuera de la calle,Ninguna,Oscuro sin iluminacion,Despejado,No,NO APLICA,99,99,99,99,1,07/11/2022,1
12,Florida,122784,0,0,1,0,33,ESCAMBIA (33),0,NO APLICA,11,Noviembre,9,2022,9,10,I-110,1,Interestatal,Urbano,Interestatal,State Highway Agency,1,Sin jurisdiccion especial,99998,30.50303056,-87.229875,Valla Ferrocarril,El primer evento no fue una colision con un vehiculo automotor en transporte,Not an Intersection,No fue interseccion,Sobre el lado de la calle,Ninguna,Dia total,Despejado,No,NO APLICA,99,99,99,99,1,09/11/2022,1
12,Florida,122785,1,1,1,0,55,HIGHLANDS (55),0,NO APLICA,11,Noviembre,11,2022,1,50,US-27,2,US Highway,Urbano,Arteria Principal,State Highway Agency,1,Sin jurisdiccion especial,99998,27.415075,-81.41671389,Ciclista,El primer evento no fue una colision con un vehiculo automotor en transporte,Not an Intersection,No fue interseccion,Sobre calle,"Zona de trabajo, tipo desconocido",Oscuro sin iluminacion,Despejado,No,NO APLICA,99,99,99,99,1,11/11/2022,1
12,Florida,122786,0,0,2,0,33,ESCAMBIA (33),944,ENSLEY,11,Noviembre,11,2022,4,54,US-90,2,US Highway,Urbano,Arteria Menor,Not Reported,1,Sin jurisdiccion especial,99998,30.53276111,-87.2477,Vehiculo en movimiento,Angulo,T-Intersection,Interseccion de T,Sobre calle,"Zona de trabajo, tipo desconocido",Oscuro sin iluminacion,Despejado,No,NO APLICA,99,99,99,99,1,11/11/2022,2
12,Florida,122787,0,0,2,0,101,PASCO (101),0,NO APLICA,11,Noviembre,11,2022,16,43,CR-1,4,Calle del Condado,Urbano,Arteria Menor,Not Reported,0,Sin jurisdiccion especial,99998,28.29088056,-82.67579167,Vehiculo en movimiento,Angulo,Four-Way Intersection,Interseccion de 4 direcciones,Sobre calle,Ninguna,Dia total,Despejado,No,NO APLICA,16,43,16,48,1,11/11/2022,5
12,Florida,122788,0,0,2,0,83,MARION (83),0,NO APLICA,11,Noviembre,16,2022,6,4,CR-329,4,Calle del Condado,Rural,Colector Menor,Not Reported,0,Sin jurisdiccion especial,99998,29.33066111,-82.1599,Vehiculo en movimiento,Angulo,Not an Intersection,No fue interseccion,Sobre calle,Ninguna,Amanecer,Nublado,No,NO APLICA,99,99,99,99,1,16/11/2022,5
12,Florida,122789,1,1,1,0,103,PINELLAS (103),2730,SAINT PETERSBURG,11,Noviembre,4,2022,16,46,TYRONE BLVD N,8,Otro,Urbano,Arteria Menor,State Highway Agency,0,Sin jurisdiccion especial,99998,27.79201389,-82.72822778,Peaton,El primer evento no fue una colision con un vehiculo automotor en transporte,Four-Way Intersection,Interseccion de 4 direcciones,Sobre calle,Ninguna,Dia total,Despejado,No,NO APLICA,99,99,99,99,1,04/11/2022,4
12,Florida,122791,1,1,1,0,111,ST LUCIE (111),0,NO APLICA,10,Octubre,29,2022,21,17,US-1,2,US Highway,Urbano,Arteria Principal,State Highway Agency,1,Sin jurisdiccion especial,99998,27.491925,-80.34313333,Peaton,El primer evento no fue una colision con un vehiculo automotor en transporte,Not an Intersection,No fue interseccion,Sobre calle,Ninguna,Oscuro sin iluminacion,Despejado,No,NO APLICA,99,99,99,99,1,29/10/2022,1
12,Florida,122792,0,0,2,0,119,SUMTER (119),0,NO APLICA,11,Noviembre,2,2022,12,31,CR-470,4,Calle del Condado,Rural,Colector Mayor,County Highway Agency,0,Sin jurisdiccion especial,99998,28.75549722,-81.96121111,Vehiculo en movimiento,Frente a frente,Not an Intersection,No fue interseccion,Sobre calle,Ninguna,Dia total,Despejado,No,NO APLICA,12,31,12,44,1,02/11/2022,2
12,Florida,122793,0,0,1,0,29,DIXIE (29),0,NO APLICA,11,Noviembre,5,2022,14,15,US-19,2,US Highway,Rural,Arteria Principal,Not Reported,1,Sin jurisdiccion especial,99998,29.60158889,-82.98175,Poste de Señal de trafico,El primer evento no fue una colision con un vehiculo automotor en transporte,Not an Intersection,No fue interseccion,Sobre el lado de la calle,Ninguna,Dia total,Nublado,No,NO APLICA,99,99,99,99,1,05/11/2022,1
12,Florida,122794,0,0,2,0,55,HIGHLANDS (55),0,NO APLICA,11,Noviembre,6,2022,14,15,SR-70,3,Highway estatal,Rural,Arteria Principal,Not Reported,0,Sin jurisdiccion especial,99998,27.225425,-81.09474444,Vehiculo en movimiento,Angulo,T-Intersection,Interseccion de T,Sobre calle,Ninguna,Dia total,Despejado,No,NO APLICA,99,99,99,99,1,06/11/2022,2
12,Florida,122795,1,1,1,0,95,ORANGE (95),0,NO APLICA,11,Noviembre,6,2022,20,42,SR-50,3,Highway estatal,Urbano,Arteria Principal,State Highway Agency,1,Sin jurisdiccion especial,99998,28.55196389,-81.47860278,Peaton,El primer evento no fue una colision con un vehiculo automotor en transporte,Not an Intersection,No fue interseccion,Sobre calle,Ninguna,Oscuro con iluminacion,Despejado,No,NO APLICA,99,99,99,99,1,06/11/2022,1