Estado,Nombre de Estado,Numero de Caso,Peatones,Personas _no_vehiculos,Vehiculos automotores,Vehiculos estacionados,Condado,Nombre Condado,Ciudad,Nombre Ciudad,Mes,Nombre Mes,Dia,Año,Hora,Minuto,Calle,Ruta,Nombre Ruta,Rural o Urbanoo,Sistema Funcional,Dueño Calle,Sistema Nacional Carreteras,Jurisdiccion Especial,Milla,Latitud,Longitud,Causa del Accidente,Tipo de Accidente,Tipo Interseccion,Columna1,Lugar en la calle,Zona de Trabajo,Luz,Clima,Autobus Escolar,Cruce de Trenes,Hora Notificacion,Minuto Notificacion,Hora Llegada,Minuto Llegada,Decesos,Fecha,PersonaVehiculo
12,Florida,122796,0,0,2,0,93,OKEECHOBEE (93),0,NO APLICA,11,Noviembre,8,2022,20,37,US-441,2,US Highway,Rural,Arteria Principal,State Highway Agency,1,Sin jurisdiccion especial,99998,27.13782222,-80.68908889,Vehiculo en movimiento,Frente a frente,Not an Intersection,No fue interseccion,Sobre calle,Ninguna,Oscuro sin iluminacion,Despejado,No,NO APLICA,99,99,99,99,1,08/11/2022,2
12,Florida,122797,0,0,1,0,113,SANTA ROSA (113),0,NO APLICA,11,Noviembre,8,2022,19,35,CR-184,4,Calle del Condado,Rural,Colector Mayor,Not Reported,0,Sin jurisdiccion especial,99998,30.67127778,-87.26210556,Valla Ferrocarril,El primer evento no fue una colision con un vehiculo automotor en transporte,Not an Intersection,No fue interseccion,Sobre el lado de la calle,Ninguna,Oscuro sin iluminacion,Despejado,No,NO APLICA,99,99,99,99,1,08/11/2022,1
12,Florida,122798,1,1,1,0,115,SARASOTA (115),0,NO APLICA,11,Noviembre,11,2022,18,58,SR-72,3,Highway estatal,Urbano,Arteria Menor,State Highway Agency,0,Sin jurisdiccion especial,99998,27.26937222,-82.51166944,Peaton,El primer evento no fue una colision con un vehiculo automotor en transporte,Not an Intersection,No fue interseccion,Sobre calle,Ninguna,Oscuro con iluminacion,Despejado,No,NO APLICA,99,99,99,99,1,11/11/2022,1
12,Florida,122799,1,1,1,0,31,DUVAL (31),1510,JACKSONVILLE,11,Noviembre,17,2022,21,20,SR-10,3,Highway estatal,Urbano,Arteria Principal,State Highway Agency,1,Sin jurisdiccion especial,99998,30.31947222,-81.55386944,Peaton,El primer evento no fue una colision con un vehiculo automotor en transporte,Not an Intersection,No fue interseccion,Sobre calle,Ninguna,Oscuro con iluminacion,Despejado,No,NO APLICA,99,99,99,99,1,17/11/2022,2
12,Florida,122800,0,0,3,0,127,VOLUSIA (127),2190,NEW SMYRNA BEACH,11,Noviembre,3,2022,14,32,SR-44,3,Highway estatal,Urbano,Arteria Principal,State Highway Agency,1,Sin jurisdiccion especial,99998,29.01217222,-81.02045,Vehiculo en movimiento,Frente a Detrás,Not an Intersection,No fue interseccion,Sobre calle,Ninguna,Dia total,Despejado,No,NO APLICA,99,99,99,99,1,03/11/2022,4
12,Florida,122801,1,1,1,0,15,CHARLOTTE (15),2573,PORT CHARLOTTE,11,Noviembre,14,2022,18,10,PRINEVILLE ST,8,Otro,Urbano,Colector Mayor,Not Reported,0,Sin jurisdiccion especial,99998,27.01696944,-82.14018611,Ciclista,El primer evento no fue una colision con un vehiculo automotor en transporte,Not an Intersection,No fue interseccion,Sobre calle,Ninguna,Oscuro sin iluminacion,Despejado,No,NO APLICA,99,99,99,99,1,14/11/2022,1
12,Florida,122802,0,0,1,0,11,BROWARD (11),1927,HAMMONDVILLE,8,Agosto,4,2022,12,3,US-441 N STATE ROAD 7,2,US Highway,Urbano,Arteria Principal,State Highway Agency,1,Sin jurisdiccion especial,99998,26.23570556,-80.20473889,Volcadura,El primer evento no fue una colision con un vehiculo automotor en transporte,Not an Intersection,No fue interseccion,Sobre calle,Ninguna,Dia total,Despejado,No,NO APLICA,99,99,99,99,1,04/08/2022,1
12,Florida,122803,0,0,4,0,69,LAKE (69),0,NO APLICA,11,Noviembre,7,2022,7,16,CR-44,4,Calle del Condado,Rural,Colector Mayor,Not Reported,0,Sin jurisdiccion especial,99998,28.83734167,-81.81548611,Vehiculo en movimiento,Frente a Detrás,T-Intersection,Interseccion de T,Sobre calle,Ninguna,Dia total,Despejado,No,NO APLICA,99,99,99,99,1,07/11/2022,4
12,Florida,122804,0,0,2,0,69,LAKE (69),580,CLERMONT,11,Noviembre,9,2022,0,54,SR-50,3,Highway estatal,Urbano,Arteria Principal,State Highway Agency,1,Sin jurisdiccion especial,99998,28.54686389,-81.72319167,Vehiculo en movimiento,Frente a frente,Four-Way Intersection,Interseccion de 4 direcciones,Sobre calle,Ninguna,Oscuro sin iluminacion,lluvia,No,NO APLICA,99,99,99,99,2,09/11/2022,3
12,Florida,122805,0,0,1,0,101,PASCO (101),0,NO APLICA,11,Noviembre,15,2022,22,23,CR-77,4,Calle del Condado,Urbano,Arteria Principal,County Highway Agency,1,Sin jurisdiccion especial,99998,28.20971944,-82.69378889,Poste de Señal de trafico,El primer evento no fue una colision con un vehiculo automotor en transporte,Not an Intersection,No fue interseccion,Sobre el lado de la calle,Ninguna,Oscuro con iluminacion,Despejado,No,NO APLICA,22,22,22,34,1,15/11/2022,1
12,Florida,122806,1,1,1,0,103,PINELLAS (103),2730,SAINT PETERSBURG,11,Noviembre,18,2022,20,58,CENTRAL AVE,6,Calle Local Municipalidad,Urbano,Arteria Menor,City or Municipal Highway Agency,0,Sin jurisdiccion especial,99998,27.77103333,-82.6675,Peaton,El primer evento no fue una colision con un vehiculo automotor en transporte,Not an Intersection,No fue interseccion,Sobre calle,Ninguna,Oscuro sin iluminacion,Despejado,No,NO APLICA,99,99,99,99,1,18/11/2022,1
12,Florida,122807,0,0,1,0,11,BROWARD (11),771,DAVIE,8,Agosto,27,2022,8,0,I-75,1,Interestatal,Urbano,Interestatal,State Highway Agency,1,Sin jurisdiccion especial,99998,26.06242222,-80.35417778,Barrera de Trafico de Concreto,El primer evento no fue una colision con un vehiculo automotor en transporte,Not an Intersection,No fue interseccion,En el medio,Ninguna,Dia total,Nublado,No,NO APLICA,99,99,99,99,1,27/08/2022,1
12,Florida,122808,0,0,1,0,11,BROWARD (11),2570,POMPANO BEACH,9,Septiembre,25,2022,4,25,I-95,1,Interestatal,Urbano,Interestatal,State Highway Agency,1,Sin jurisdiccion especial,99998,26.22653333,-80.13408056,Valla para choques,El primer evento no fue una colision con un vehiculo automotor en transporte,Not an Intersection,No fue interseccion,Sobre el lado de la calle,Ninguna,Oscuro con iluminacion,Nublado,No,NO APLICA,99,99,99,99,1,25/09/2022,4
12,Florida,122809,0,0,1,0,57,HILLSBOROUGH (57),2950,TAMPA,10,Octubre,22,2022,0,49,TAMPA PALMS BLVD E,6,Calle Local Municipalidad,Urbano,Colector Menor,City or Municipal Highway Agency,0,Sin jurisdiccion especial,99998,28.10523333,-82.37323333,Banqueta,El primer evento no fue una colision con un vehiculo automotor en transporte,Not an Intersection,No fue interseccion,En el medio,Ninguna,Oscuro con iluminacion,Despejado,No,NO APLICA,99,99,99,99,1,22/10/2022,1
12,Florida,122810,0,0,1,0,33,ESCAMBIA (33),3192,WEST PENSACOLA,10,Octubre,29,2022,4,1,SR-295,3,Highway estatal,Urbano,Arteria Principal,State Highway Agency,0,Sin jurisdiccion especial,99998,30.42123889,-87.27528056,Alguien se cayo/avento del vehiculo,El primer evento no fue una colision con un vehiculo automotor en transporte,Not an Intersection,No fue interseccion,Sobre calle,Ninguna,Oscuro sin iluminacion,lluvia,No,NO APLICA,99,99,99,99,1,29/10/2022,2
12,Florida,122811,0,0,3,0,83,MARION (83),2270,OCALA,11,Noviembre,5,2022,21,40,US-27,2,US Highway,Urbano,Arteria Principal,Not Reported,1,Sin jurisdiccion especial,99998,29.197,-82.16846944,Vehiculo en movimiento,Angulo,Four-Way Intersection,Interseccion de 4 direcciones,Sobre calle,Ninguna,Oscuro con iluminacion,Despejado,No,NO APLICA,99,99,99,99,1,05/11/2022,4
12,Florida,122813,1,1,1,0,57,HILLSBOROUGH (57),2950,TAMPA,11,Noviembre,15,2022,18,50,E 7TH AVE,6,Calle Local Municipalidad,Urbano,Colector Mayor,City or Municipal Highway Agency,0,Sin jurisdiccion especial,99998,27.960725,-82.40635833,Peaton,El primer evento no fue una colision con un vehiculo automotor en transporte,Not an Intersection,No fue interseccion,Sobre calle,Ninguna,Oscuro sin iluminacion,Despejado,No,NO APLICA,99,99,99,99,1,15/11/2022,2
12,Florida,122814,0,0,2,0,57,HILLSBOROUGH (57),2950,TAMPA,11,Noviembre,17,2022,23,23,SR-580,3,Highway estatal,Urbano,Arteria Principal,State Highway Agency,0,Sin jurisdiccion especial,99998,28.03284167,-82.45115833,Vehiculo en movimiento,Frente a frente,Four-Way Intersection,Interseccion de 4 direcciones,Sobre calle,Ninguna,Oscuro con iluminacion,Despejado,No,NO APLICA,99,99,99,99,1,17/11/2022,2
12,Florida,122815,1,1,1,0,99,PALM BEACH (99),0,NO APLICA,11,Noviembre,17,2022,17,53,US-441,2,US Highway,Urbano,Arteria Principal,State Highway Agency,1,Sin jurisdiccion especial,99998,26.401625,-80.20373889,Ciclista,El primer evento no fue una colision con un vehiculo automotor en transporte,T-Intersection,Interseccion de T,Sobre calle,Ninguna,Oscuro con iluminacion,Despejado,No,NO APLICA,99,99,99,99,1,17/11/2022,1
12,Florida,122816,1,1,1,0,127,VOLUSIA (127),780,DAYTONA BEACH,10,Octubre,31,2022,8,33,KEECH ST,6,Calle Local Municipalidad,Urbano,Local,City or Municipal Highway Agency,0,Sin jurisdiccion especial,99998,29.21050278,-81.04004444,Ciclista,El primer evento no fue una colision con un vehiculo automotor en transporte,Not an Intersection,No fue interseccion,Sobre calle,Ninguna,Dia total,Despejado,No,NO APLICA,99,99,99,99,1,31/10/2022,1
12,Florida,122817,0,0,2,0,86,MIAMI-DADE (86),844,DORAL,11,Noviembre,5,2022,22,34,NW 87TH AVE,6,Calle Local Municipalidad,Urbano,Arteria Principal,Not Reported,0,Sin jurisdiccion especial,99998,25.79397222,-80.33812778,Vehiculo en movimiento,Angulo,T-Intersection,Interseccion de T,Sobre calle,Ninguna,Oscuro con iluminacion,Despejado,No,NO APLICA,99,99,99,99,1,05/11/2022,2
12,Florida,122818,0,0,2,0,86,MIAMI-DADE (86),0,NO APLICA,11,Noviembre,9,2022,5,35,SR-907 ALTON RD,3,Highway estatal,Urbano,Arteria Menor,State Highway Agency,0,Sin jurisdiccion especial,99998,25.80178056,-80.138275,Vehiculo en movimiento,Frente a Detrás,Not an Intersection,No fue interseccion,Sobre calle,Ninguna,Oscuro - iluminacion desconocida,lluvia,No,NO APLICA,99,99,99,99,1,09/11/2022,2
12,Florida,122820,0,0,2,0,86,MIAMI-DADE (86),0,NO APLICA,11,Noviembre,10,2022,18,43,NE 164TH TER,6,Calle Local Municipalidad,Urbano,Arteria Menor,Not Reported,0,Sin jurisdiccion especial,99998,25.92644722,-80.18817778,Vehiculo en movimiento,Frente a frente,T-Intersection,Interseccion de T,Sobre calle,Ninguna,Oscuro con iluminacion,Despejado,No,NO APLICA,99,99,99,99,1,10/11/2022,2
12,Florida,122821,1,1,1,0,83,MARION (83),2270,OCALA,11,Noviembre,12,2022,18,12,NW 27TH AVE,6,Calle Local Municipalidad,Urbano,Colector Menor,City or Municipal Highway Agency,0,Sin jurisdiccion especial,99998,29.20128889,-82.16861944,Ciclista,El primer evento no fue una colision con un vehiculo automotor en transporte,Not an Intersection,No fue interseccion,Sobre calle,Ninguna,Oscuro sin iluminacion,Despejado,No,NO APLICA,99,99,99,99,1,12/11/2022,4
12,Florida,122822,0,0,1,0,86,MIAMI-DADE (86),2023,MIAMI GARDENS,11,Noviembre,12,2022,11,15,12TH AVE,6,Calle Local Municipalidad,Urbano,Colector Mayor,Not Reported,0,Sin jurisdiccion especial,99998,25.95549167,-80.22192222,Arbol,El primer evento no fue una colision con un vehiculo automotor en transporte,Not an Intersection,No fue interseccion,Fuera de la calle,Ninguna,Dia total,Despejado,No,NO APLICA,99,99,99,99,1,12/11/2022,1
12,Florida,122823,0,0,5,0,55,HIGHLANDS (55),0,NO APLICA,11,Noviembre,14,2022,8,15,CR-634A,4,Calle del Condado,Urbano,Colector Mayor,Not Reported,0,Sin jurisdiccion especial,99998,27.51489722,-81.48986111,Vehiculo en movimiento,Golpe Lateral - direccion contraria,Not an Intersection,No fue interseccion,Sobre calle,Ninguna,Dia total,Nublado,No,NO APLICA,99,99,99,99,1,14/11/2022,5
12,Florida,122824,0,0,2,0,57,HILLSBOROUGH (57),2658,RIVERVIEW,11,Noviembre,15,2022,16,29,BLOOMINGDALE AVE,6,Calle Local Municipalidad,Urbano,Arteria Menor,City or Municipal Highway Agency,0,Sin jurisdiccion especial,99998,27.89360278,-82.31035556,Vehiculo en movimiento,Angulo,Four-Way Intersection,Interseccion de 4 direcciones,Sobre calle,Ninguna,Dia total,Nublado,No,NO APLICA,99,99,99,99,1,15/11/2022,5
12,Florida,122825,0,0,2,0,31,DUVAL (31),1510,JACKSONVILLE,11,Noviembre,20,2022,10,59,COLONIAL AVE,6,Calle Local Municipalidad,Urbano,Arteria Principal,City or Municipal Highway Agency,0,Sin jurisdiccion especial,99998,30.27966111,-81.72693611,Vehiculo en movimiento,Angulo,Four-Way Intersection,Interseccion de 4 direcciones,Sobre calle,Ninguna,Dia total,Nublado,No,NO APLICA,99,99,99,99,1,20/11/2022,4
12,Florida,122826,0,0,3,0,81,MANATEE (81),0,NO APLICA,11,Noviembre,12,2022,20,21,UPPER MANATEE RIVER ROAD,6,Calle Local Municipalidad,Urbano,Arteria Menor,Not Reported,0,Sin jurisdiccion especial,99998,27.50614722,-82.43358333,Vehiculo en movimiento,Angulo,T-Intersection,Interseccion de T,Sobre calle,Ninguna,Oscuro sin iluminacion,Despejado,No,NO APLICA,99,99,99,99,1,12/11/2022,4
12,Florida,122827,1,1,1,0,95,ORANGE (95),0,NO APLICA,11,Noviembre,16,2022,7,15,WESTMORELAND DR,9,Desconocido,Urbano,Local,Not Reported,0,Sin jurisdiccion especial,99998,28.507825,-81.3928,Peaton,El primer evento no fue una colision con un vehiculo automotor en transporte,Not an Intersection,No fue interseccion,Sobre calle,Ninguna,Oscuro con iluminacion,Nublado,No,NO APLICA,99,99,99,99,1,16/11/2022,1
12,Florida,122828,0,0,2,0,113,SANTA ROSA (113),0,NO APLICA,11,Noviembre,17,2022,7,24,CR-197,4,Calle del Condado,Rural,Colector Mayor,Not Reported,0,Sin jurisdiccion especial,99998,30.71244167,-87.18860556,Vehiculo en movimiento,Frente a frente,Not an Intersection,No fue interseccion,Sobre calle,Ninguna,Dia total,Nublado,No,NO APLICA,99,99,99,99,1,17/11/2022,3
12,Florida,122829,0,0,1,0,83,MARION (83),0,NO APLICA,11,Noviembre,17,2022,6,0,CR-464,4,Calle del Condado,Urbano,Arteria Menor,County Highway Agency,0,Sin jurisdiccion especial,99998,29.08053889,-81.98601667,Banqueta,El primer evento no fue una colision con un vehiculo automotor en transporte,Not an Intersection,No fue interseccion,Sobre el lado de la calle,Ninguna,Oscuro sin iluminacion,Nublado,No,NO APLICA,99,99,99,99,1,17/11/2022,1
12,Florida,122830,1,1,1,0,86,MIAMI-DADE (86),0,NO APLICA,11,Noviembre,19,2022,19,47,SR-976,3,Highway estatal,Urbano,Arteria Principal,State Highway Agency,0,Sin jurisdiccion especial,99998,25.73278056,-80.35173056,Peaton,El primer evento no fue una colision con un vehiculo automotor en transporte,T-Intersection,Interseccion de T,Sobre calle,Ninguna,Oscuro con iluminacion,Despejado,No,NO APLICA,99,99,99,99,1,19/11/2022,1
12,Florida,122831,1,1,1,0,15,CHARLOTTE (15),2573,PORT CHARLOTTE,10,Octubre,6,2022,6,50,US-41,2,US Highway,Urbano,Arteria Principal,State Highway Agency,1,Sin jurisdiccion especial,99998,27.00726111,-82.13385,Peaton,El primer evento no fue una colision con un vehiculo automotor en transporte,Four-Way Intersection,Interseccion de 4 direcciones,Sobre calle,Ninguna,Oscuro sin iluminacion,Despejado,No,NO APLICA,99,99,99,99,1,06/10/2022,1
12,Florida,122832,0,0,2,0,91,OKALOOSA (91),0,NO APLICA,10,Octubre,22,2022,22,40,INDUSTRIAL DRIVE,9,Desconocido,Urbano,Arteria Principal,City or Municipal Highway Agency,0,Sin jurisdiccion especial,99998,30.78023889,-86.56055,Vehiculo en movimiento,Angulo,Four-Way Intersection,Interseccion de 4 direcciones,Sobre calle,Ninguna,Oscuro con iluminacion,Despejado,No,NO APLICA,99,99,99,99,1,22/10/2022,2
12,Florida,122833,0,0,1,0,53,HERNANDO (53),0,NO APLICA,11,Noviembre,3,2022,4,20,CR-572,4,Calle del Condado,Urbano,Colector Mayor,County Highway Agency,0,Sin jurisdiccion especial,99998,28.49202222,-82.41395,Buzon de correo,El primer evento no fue una colision con un vehiculo automotor en transporte,Not an Intersection,No fue interseccion,Sobre el lado de la calle,Ninguna,Oscuro sin iluminacion,Neblina o Humo,No,NO APLICA,4,22,99,99,1,03/11/2022,1
12,Florida,122834,0,0,2,0,65,JEFFERSON (65),0,NO APLICA,11,Noviembre,4,2022,3,5,US-98,2,US Highway,Rural,Arteria Principal,State Highway Agency,1,Sin jurisdiccion especial,99998,30.18498333,-84.01745278,Vehiculo en movimiento,Frente a frente,Not an Intersection,No fue interseccion,Sobre calle,Ninguna,Oscuro sin iluminacion,Despejado,No,NO APLICA,99,99,99,99,2,04/11/2022,3
12,Florida,122835,0,0,2,0,81,MANATEE (81),0,NO APLICA,11,Noviembre,13,2022,2,37,US-41,2,US Highway,Urbano,Arteria Principal,Not Reported,1,Sin jurisdiccion especial,99998,27.39647222,-82.56328056,Vehiculo en movimiento,Angulo,Four-Way Intersection,Interseccion de 4 direcciones,Sobre calle,Ninguna,Oscuro con iluminacion,Despejado,No,NO APLICA,99,99,99,99,1,13/11/2022,4
12,Florida,122836,0,0,1,0,41,GILCHRIST (41),0,NO APLICA,11,Noviembre,15,2022,0,30,80TH AVE,8,Otro,Rural,Local,Not Reported,0,Sin jurisdiccion especial,99998,29.63411389,-82.67379167,Arbol,El primer evento no fue una colision con un vehiculo automotor en transporte,Not an Intersection,No fue interseccion,Fuera de la calle,Ninguna,Oscuro sin iluminacion,Nublado,No,NO APLICA,99,99,99,99,1,15/11/2022,1
12,Florida,122837,0,0,1,0,119,SUMTER (119),0,NO APLICA,11,Noviembre,14,2022,19,18,ODELL CIR,8,Otro,Urbano,Colector Menor,County Highway Agency,0,Sin jurisdiccion especial,99998,28.87348889,-81.98726944,Banqueta,El primer evento no fue una colision con un vehiculo automotor en transporte,T-Intersection,Interseccion de T,Sobre el lado de la calle,Ninguna,Oscuro sin iluminacion,Despejado,No,NO APLICA,99,99,99,99,1,14/11/2022,1
12,Florida,122839,0,0,2,0,29,DIXIE (29),0,NO APLICA,10,Octubre,30,2022,0,50,CR-361,4,Calle del Condado,Rural,Colector Menor,County Highway Agency,0,Sin jurisdiccion especial,99998,29.62256944,-83.36333056,Vehiculo en movimiento,Frente a Detrás,Not an Intersection,No fue interseccion,Sobre calle,Ninguna,Oscuro sin iluminacion,Nublado,No,NO APLICA,99,99,99,99,1,30/10/2022,6
12,Florida,122840,1,1,2,0,1,ALACHUA (1),0,NO APLICA,11,Noviembre,4,2022,6,45,SR-24,3,Highway estatal,Urbano,Arteria Menor,State Highway Agency,0,Sin jurisdiccion especial,99998,29.6053,-82.40903333,Peaton,El primer evento no fue una colision con un vehiculo automotor en transporte,T-Intersection,Interseccion de T,Sobre calle,Ninguna,Dia total,Nublado,No,NO APLICA,99,99,99,99,1,04/11/2022,2
12,Florida,122841,0,0,3,0,95,ORANGE (95),0,NO APLICA,11,Noviembre,6,2022,2,0,I-4,1,Interestatal,Urbano,Arterial Principal -Freeway o ExpressWay,Not Reported,1,Sin jurisdiccion especial,99998,28.58918056,-81.377725,Vehiculo en movimiento,Frente a frente,Not an Intersection,No fue interseccion,Sobre calle,Ninguna,Oscuro con iluminacion,Despejado,No,NO APLICA,99,99,99,99,1,06/11/2022,3
12,Florida,122843,1,1,1,0,39,GADSDEN (39),0,NO APLICA,11,Noviembre,17,2022,20,24,US-90,2,US Highway,Urbano,Arteria Menor,State Highway Agency,1,Sin jurisdiccion especial,99998,30.58958056,-84.62589722,Peaton,El primer evento no fue una colision con un vehiculo automotor en transporte,Not an Intersection,No fue interseccion,Sobre calle,Ninguna,Oscuro con iluminacion,Despejado,No,NO APLICA,99,99,99,99,1,17/11/2022,1
12,Florida,122844,0,0,1,0,107,PUTNAM (107),0,NO APLICA,11,Noviembre,16,2022,18,3,SR-20,3,Highway estatal,Rural,Arteria Principal,Not Reported,0,Sin jurisdiccion especial,99998,29.62641944,-81.79386944,Volcadura,El primer evento no fue una colision con un vehiculo automotor en transporte,Not an Intersection,No fue interseccion,Sobre calle,Ninguna,Oscuro sin iluminacion,Despejado,No,NO APLICA,99,99,99,99,1,16/11/2022,4
12,Florida,122845,1,1,1,0,11,BROWARD (11),2570,POMPANO BEACH,5,Mayo,27,2022,16,47,12TH AVE,5,Calle Local - Pueblo,Urbano,Colector Mayor,Not Reported,0,Sin jurisdiccion especial,99999,26.22266667,-80.13870278,Ciclista,El primer evento no fue una colision con un vehiculo automotor en transporte,Not an Intersection,No fue interseccion,Sobre calle,Ninguna,Dia total,Despejado,No,NO APLICA,99,99,99,99,1,27/05/2022,1
12,Florida,122847,0,0,1,0,11,BROWARD (11),1050,FORT LAUDERDALE,11,Noviembre,20,2022,5,40,I-95,1,Interestatal,Urbano,Interestatal,State Highway Agency,1,Sin jurisdiccion especial,99998,26.20358333,-80.14358611,Barrera de Trafico de Concreto,El primer evento no fue una colision con un vehiculo automotor en transporte,Not an Intersection,No fue interseccion,En el medio,Ninguna,Dia total,Despejado,No,NO APLICA,99,99,99,99,1,20/11/2022,1
12,Florida,122849,0,0,2,0,85,MARTIN (85),1482,INDIANTOWN,10,Octubre,18,2022,7,9,SW MARTIN HWY,9,Desconocido,Rural,Arteria Menor,Not Reported,0,Sin jurisdiccion especial,99998,27.16168611,-80.42387778,Vehiculo en movimiento,Frente a frente,Not an Intersection,No fue interseccion,Sobre calle,Ninguna,Amanecer,Neblina o Humo,No,NO APLICA,99,99,99,99,1,18/10/2022,2
12,Florida,122850,1,1,1,0,71,LEE (71),1070,FORT MYERS,10,Octubre,22,2022,22,45,FOWLER ST,6,Calle Local Municipalidad,Urbano,Arteria Menor,City or Municipal Highway Agency,0,Sin jurisdiccion especial,99998,26.60963056,-81.86190278,Peaton,El primer evento no fue una colision con un vehiculo automotor en transporte,Not an Intersection,No fue interseccion,Sobre calle,Ninguna,Oscuro con iluminacion,Despejado,No,NO APLICA,99,99,99,99,1,22/10/2022,1
12,Florida,122851,0,0,6,1,11,BROWARD (11),2570,POMPANO BEACH,11,Noviembre,5,2022,3,45,I-95,1,Interestatal,Urbano,Interestatal,State Highway Agency,1,Sin jurisdiccion especial,99998,26.23008056,-80.1363,Vehiculo en movimiento,Frente a Detrás,Not an Intersection,No fue interseccion,Sobre calle,Ninguna,Oscuro con iluminacion,lluvia,No,NO APLICA,99,99,99,99,1,05/11/2022,8
12,Florida,122852,0,0,2,0,63,JACKSON (63),1930,MARIANNA,11,Noviembre,12,2022,12,35,SR-276,3,Highway estatal,Urbano,Colector Mayor,Not Reported,0,Sin jurisdiccion especial,99998,30.7644,-85.25471111,Vehiculo en movimiento,Frente a frente,T-Intersection,Interseccion de T,Sobre calle,Ninguna,Dia total,Despejado,No,NO APLICA,99,99,99,99,1,12/11/2022,2
12,Florida,122853,0,0,2,0,105,POLK (105),3300,WINTER HAVEN,11,Noviembre,13,2022,18,50,SR-544,3,Highway estatal,Urbano,Arteria Menor,Not Reported,0,Sin jurisdiccion especial,99998,28.07135556,-81.67334444,Vehiculo en movimiento,Frente a frente,Not an Intersection,No fue interseccion,Sobre calle,Ninguna,Oscuro sin iluminacion,Nublado,No,NO APLICA,99,99,99,99,1,13/11/2022,2
12,Florida,122854,0,0,2,0,99,PALM BEACH (99),3190,WEST PALM BEACH,11,Noviembre,14,2022,14,38,SR-710 BEE LINE HWY,3,Highway estatal,Urbano,Arteria Principal,State Highway Agency,1,Sin jurisdiccion especial,99998,26.8102,-80.15307222,Vehiculo en movimiento,Frente a Detrás,Four-Way Intersection,Interseccion de 4 direcciones,Sobre calle,Ninguna,Dia total,Despejado,No,NO APLICA,99,99,99,99,1,14/11/2022,3
12,Florida,122855,1,1,2,0,69,LAKE (69),0,NO APLICA,11,Noviembre,17,2022,6,20,CR-455,4,Calle del Condado,Urbano,Colector Mayor,County Highway Agency,0,Sin jurisdiccion especial,99998,28.56852778,-81.68917778,Peaton,El primer evento no fue una colision con un vehiculo automotor en transporte,T-Intersection,Interseccion de T,Sobre calle,Ninguna,Dia total,Despejado,No,NO APLICA,99,99,99,99,1,17/11/2022,2
12,Florida,122856,1,1,1,0,117,SEMINOLE (117),1705,LAKE MARY,11,Noviembre,19,2022,13,2,LAKE MARY BLVD,6,Calle Local Municipalidad,Urbano,Arteria Principal,City or Municipal Highway Agency,1,Sin jurisdiccion especial,99998,28.75634444,-81.35926944,Peaton,El primer evento no fue una colision con un vehiculo automotor en transporte,Not an Intersection,No fue interseccion,Sobre calle,Ninguna,Dia total,Despejado,No,NO APLICA,99,99,99,99,1,19/11/2022,1
12,Florida,122857,1,1,1,0,5,BAY (5),2450,PANAMA CITY,11,Noviembre,19,2022,21,0,SR-368,3,Highway estatal,Urbano,Arteria Menor,State Highway Agency,0,Sin jurisdiccion especial,99998,30.18951111,-85.65300833,Peaton,El primer evento no fue una colision con un vehiculo automotor en transporte,Not an Intersection,No fue interseccion,Sobre calle,Ninguna,Oscuro sin iluminacion,lluvia,No,NO APLICA,99,99,99,99,1,19/11/2022,1
12,Florida,122858,0,0,1,0,83,MARION (83),0,NO APLICA,11,Noviembre,22,2022,3,50,CR-315,4,Calle del Condado,Rural,Colector Mayor,County Highway Agency,0,Sin jurisdiccion especial,99998,29.34299444,-81.96498889,Poste,El primer evento no fue una colision con un vehiculo automotor en transporte,Not an Intersection,No fue interseccion,Sobre el lado de la calle,Ninguna,Oscuro sin iluminacion,Nublado,No,NO APLICA,99,99,99,99,1,22/11/2022,1
12,Florida,122859,0,0,2,0,111,ST LUCIE (111),1080,FORT PIERCE,11,Noviembre,22,2022,19,41,BOSTON AVE,6,Calle Local Municipalidad,Urbano,Colector Mayor,City or Municipal Highway Agency,0,Sin jurisdiccion especial,99998,27.44563056,-80.33721667,Vehiculo en movimiento,Angulo,Four-Way Intersection,Interseccion de 4 direcciones,Sobre calle,Ninguna,Oscuro sin iluminacion,Despejado,No,NO APLICA,99,99,99,99,1,22/11/2022,5
12,Florida,122860,0,0,1,0,9,BREVARD (9),1471,INDIAN HARBOUR BEACH,11,Noviembre,23,2022,18,12,PINE TREE DR,6,Calle Local Municipalidad,Urbano,Colector Mayor,Town or Township Highway Agency,0,Sin jurisdiccion especial,99998,28.15259722,-80.58704722,Poste,El primer evento no fue una colision con un vehiculo automotor en transporte,Not an Intersection,No fue interseccion,Sobre el lado de la calle,Ninguna,Oscuro con iluminacion,Despejado,No,NO APLICA,99,99,99,99,1,23/11/2022,1
12,Florida,122861,0,0,2,0,57,HILLSBOROUGH (57),0,NO APLICA,11,Noviembre,25,2022,17,56,W KEYSVILLE RD,9,Desconocido,Rural,Colector Mayor,Town or Township Highway Agency,0,Sin jurisdiccion especial,99998,27.88649722,-82.16465278,Vehiculo en movimiento,Angulo,Not an Intersection,No fue interseccion,Sobre calle,Ninguna,Oscuro sin iluminacion,Despejado,No,NO APLICA,99,99,99,99,1,25/11/2022,2