Estado,Nombre de Estado,Numero de Caso,Peatones,Personas _no_vehiculos,Vehiculos automotores,Vehiculos estacionados,Condado,Nombre Condado,Ciudad,Nombre Ciudad,Mes,Nombre Mes,Dia,Año,Hora,Minuto,Calle,Ruta,Nombre Ruta,Rural o Urbanoo,Sistema Funcional,Dueño Calle,Sistema Nacional Carreteras,Jurisdiccion Especial,Milla,Latitud,Longitud,Causa del Accidente,Tipo de Accidente,Tipo Interseccion,Columna1,Lugar en la calle,Zona de Trabajo,Luz,Clima,Autobus Escolar,Cruce de Trenes,Hora Notificacion,Minuto Notificacion,Hora Llegada,Minuto Llegada,Decesos,Fecha,PersonaVehiculo
12,Florida,122862,1,1,1,0,1,ALACHUA (1),1130,GAINESVILLE,11,Noviembre,18,2022,22,48,SR-26,3,Highway estatal,Urbano,Arteria Principal,State Highway Agency,0,Sin jurisdiccion especial,99998,29.65199722,-82.32895556,Peaton,El primer evento no fue una colision con un vehiculo automotor en transporte,Not an Intersection,No fue interseccion,Sobre calle,Ninguna,Oscuro con iluminacion,Despejado,No,NO APLICA,99,99,99,99,1,18/11/2022,1
12,Florida,122863,1,1,1,0,11,BROWARD (11),771,DAVIE,11,Noviembre,25,2022,18,8,6600 ORANGE DR,6,Calle Local Municipalidad,Urbano,Local,Town or Township Highway Agency,0,Sin jurisdiccion especial,99998,26.06567778,-80.23564444,Peaton,El primer evento no fue una colision con un vehiculo automotor en transporte,T-Intersection,Interseccion de T,Sobre calle,Ninguna,Oscuro con iluminacion,Despejado,No,NO APLICA,99,99,99,99,1,25/11/2022,1
12,Florida,122864,1,1,1,0,86,MIAMI-DADE (86),0,NO APLICA,10,Octubre,20,2022,19,25,SW 117TH AVE,6,Calle Local Municipalidad,Urbano,Colector Mayor,City or Municipal Highway Agency,0,Sin jurisdiccion especial,99998,25.59542778,-80.38088333,Peaton,El primer evento no fue una colision con un vehiculo automotor en transporte,Not an Intersection,No fue interseccion,Sobre calle,Ninguna,Oscuro con iluminacion,Despejado,No,NO APLICA,99,99,99,99,1,20/10/2022,1
12,Florida,122865,0,0,1,0,73,LEON (73),0,NO APLICA,10,Octubre,22,2022,15,5,CR-0342,4,Calle del Condado,Rural,Colector Menor,County Highway Agency,0,Sin jurisdiccion especial,99998,30.53529722,-84.17056111,Volcadura,El primer evento no fue una colision con un vehiculo automotor en transporte,Not an Intersection,No fue interseccion,Sobre el lado de la calle,Ninguna,Dia total,Despejado,No,NO APLICA,99,99,99,99,1,22/10/2022,1
12,Florida,122866,1,1,2,0,86,MIAMI-DADE (86),0,NO APLICA,10,Octubre,26,2022,0,27,NW 32ND AVE,6,Calle Local Municipalidad,Urbano,Arteria Menor,County Highway Agency,0,Sin jurisdiccion especial,99998,25.81701111,-80.24865278,Peaton,El primer evento no fue una colision con un vehiculo automotor en transporte,Four-Way Intersection,Interseccion de 4 direcciones,Sobre calle,Ninguna,Oscuro con iluminacion,Despejado,No,NO APLICA,99,99,99,99,1,26/10/2022,2
12,Florida,122867,1,1,1,0,86,MIAMI-DADE (86),2030,MIAMI SHORES,11,Noviembre,10,2022,5,12,US-1 BISCAYNE BLVD,2,US Highway,Urbano,Arteria Principal,State Highway Agency,1,Sin jurisdiccion especial,99998,25.86495556,-80.17818889,Peaton,El primer evento no fue una colision con un vehiculo automotor en transporte,Not an Intersection,No fue interseccion,Sobre calle,Ninguna,Oscuro sin iluminacion,Nublado,No,NO APLICA,99,99,99,99,1,10/11/2022,1
12,Florida,122868,0,0,2,0,86,MIAMI-DADE (86),0,NO APLICA,11,Noviembre,14,2022,7,1,42ND ST,6,Calle Local Municipalidad,Urbano,Colector Mayor,Not Reported,0,Sin jurisdiccion especial,99998,25.72864167,-80.43355556,Vehiculo en movimiento,Angulo,T-Intersection,Interseccion de T,Sobre calle,Ninguna,Dia total,Despejado,No,NO APLICA,99,99,99,99,1,14/11/2022,2
12,Florida,122869,1,1,1,0,71,LEE (71),1070,FORT MYERS,11,Noviembre,27,2022,10,48,SR-82,3,Highway estatal,Urbano,Arteria Principal,State Highway Agency,0,Sin jurisdiccion especial,99998,26.623425,-81.77343611,Ciclista,El primer evento no fue una colision con un vehiculo automotor en transporte,Not an Intersection,No fue interseccion,Sobre calle,Ninguna,Dia total,Despejado,No,NO APLICA,99,99,99,99,1,27/11/2022,1
12,Florida,122870,0,0,1,0,11,BROWARD (11),2570,POMPANO BEACH,5,Mayo,2,2022,5,36,6TH ST,5,Calle Local - Pueblo,Urbano,Colector Mayor,Not Reported,0,Sin jurisdiccion especial,99999,26.23696389,-80.12426944,Vehiculo Ferrocarril,El primer evento no fue una colision con un vehiculo automotor en transporte,Not an Intersection,No fue interseccion,Sobre calle,Ninguna,Dia total,Despejado,No,272528N,99,99,99,99,1,02/05/2022,1
12,Florida,122871,0,0,2,0,99,PALM BEACH (99),820,DELRAY BEACH,4,Abril,5,2022,9,44,SR-809,3,Highway estatal,Urbano,Arteria Principal,State Highway Agency,0,Sin jurisdiccion especial,99998,26.43624444,-80.12224444,Vehiculo en movimiento,Angulo,Four-Way Intersection,Interseccion de 4 direcciones,Sobre calle,Ninguna,Dia total,Despejado,No,NO APLICA,99,99,99,99,1,05/04/2022,2
12,Florida,122872,0,0,2,0,83,MARION (83),0,NO APLICA,10,Octubre,22,2022,1,16,US-441,2,US Highway,Urbano,Arteria Principal,State Highway Agency,1,Sin jurisdiccion especial,99998,29.03391944,-82.02528056,Vehiculo en movimiento,Frente a Detrás,Four-Way Intersection,Interseccion de 4 direcciones,Sobre calle,Ninguna,Oscuro sin iluminacion,Despejado,No,NO APLICA,99,99,99,99,1,22/10/2022,3
12,Florida,122873,1,1,2,1,95,ORANGE (95),0,NO APLICA,11,Noviembre,10,2022,5,43,SR-91 FLORIDAS,3,Highway estatal,Urbano,Arterial Principal -Freeway o ExpressWay,State Highway Agency,1,Sin jurisdiccion especial,99998,28.53905833,-81.5339,Vehiculo Aparcado,El primer evento no fue una colision con un vehiculo automotor en transporte,Not an Intersection,No fue interseccion,En el medio,Ninguna,Oscuro con iluminacion,lluvia,No,NO APLICA,99,99,99,99,2,10/11/2022,2
12,Florida,122874,0,0,2,0,103,PINELLAS (103),0,NO APLICA,11,Noviembre,19,2022,18,5,SR-600,3,Highway estatal,Urbano,Arteria Principal,State Highway Agency,1,Sin jurisdiccion especial,99998,27.86741111,-82.62554167,Vehiculo en movimiento,Angulo,Not an Intersection,No fue interseccion,Sobre calle,Ninguna,Atardecer,Despejado,No,NO APLICA,99,99,99,99,2,19/11/2022,3
12,Florida,122875,0,0,1,0,75,LEVY (75),0,NO APLICA,11,Noviembre,13,2022,0,0,SR-121,3,Highway estatal,Rural,Arteria Menor,Not Reported,0,Sin jurisdiccion especial,99998,29.26036667,-82.54803056,Volcadura,El primer evento no fue una colision con un vehiculo automotor en transporte,Not an Intersection,No fue interseccion,Sobre el lado de la calle,Ninguna,Oscuro sin iluminacion,Despejado,No,NO APLICA,99,99,99,99,1,13/11/2022,1
12,Florida,122876,0,0,2,0,69,LAKE (69),0,NO APLICA,11,Noviembre,19,2022,13,57,SR-44,3,Highway estatal,Rural,Arteria Principal,State Highway Agency,0,Sin jurisdiccion especial,99998,28.93225278,-81.43897778,Vehiculo en movimiento,Angulo,Not an Intersection,No fue interseccion,Sobre calle,Ninguna,Dia total,Nublado,No,NO APLICA,99,99,99,99,1,19/11/2022,3
12,Florida,122877,0,0,1,0,9,BREVARD (9),3000,TITUSVILLE,11,Noviembre,23,2022,6,50,US-1,2,US Highway,Urbano,Arteria Principal,State Highway Agency,1,Sin jurisdiccion especial,99998,28.54823333,-80.79570833,Culvert,El primer evento no fue una colision con un vehiculo automotor en transporte,Not an Intersection,No fue interseccion,Sobre el lado de la calle,Ninguna,Dia total,Nublado,No,NO APLICA,99,99,99,99,1,23/11/2022,1
12,Florida,122878,0,0,3,0,99,PALM BEACH (99),2660,RIVIERA BEACH,11,Noviembre,25,2022,18,10,SR-708,3,Highway estatal,Urbano,Arteria Menor,State Highway Agency,0,Sin jurisdiccion especial,99998,26.78119167,-80.08076944,Vehiculo en movimiento,Angulo,Four-Way Intersection,Interseccion de 4 direcciones,Sobre calle,Ninguna,Oscuro con iluminacion,Despejado,No,NO APLICA,99,99,99,99,1,25/11/2022,9
12,Florida,122879,0,0,2,0,103,PINELLAS (103),2730,SAINT PETERSBURG,11,Noviembre,26,2022,22,9,30TH AVE,6,Calle Local Municipalidad,Urbano,Arteria Menor,Town or Township Highway Agency,0,Sin jurisdiccion especial,99998,27.741225,-82.64653889,Vehiculo en movimiento,Angulo,T-Intersection,Interseccion de T,Sobre calle,Ninguna,Oscuro con iluminacion,Despejado,No,NO APLICA,99,99,99,99,1,26/11/2022,2
12,Florida,122880,0,0,2,0,43,GLADES (43),0,NO APLICA,11,Noviembre,26,2022,13,22,SR-78,3,Highway estatal,Rural,Arteria Menor,State Highway Agency,0,Sin jurisdiccion especial,99998,26.92285556,-81.12228056,Vehiculo en movimiento,Frente a frente,Not an Intersection,No fue interseccion,Sobre calle,Ninguna,Dia total,Despejado,No,NO APLICA,99,99,99,99,2,26/11/2022,4
12,Florida,122881,1,1,1,0,111,ST LUCIE (111),1080,FORT PIERCE,11,Noviembre,27,2022,20,13,US-1,2,US Highway,Urbano,Arteria Principal,State Highway Agency,1,Sin jurisdiccion especial,99998,27.452375,-80.3272,No vehiculo o remolque,El primer evento no fue una colision con un vehiculo automotor en transporte,Four-Way Intersection,Interseccion de 4 direcciones,Sobre calle,Ninguna,Oscuro con iluminacion,Despejado,No,NO APLICA,99,99,99,99,1,27/11/2022,2
12,Florida,122882,0,0,2,0,99,PALM BEACH (99),0,NO APLICA,11,Noviembre,26,2022,19,17,6TH AVE N,6,Calle Local Municipalidad,Urbano,Arteria Menor,Town or Township Highway Agency,0,Sin jurisdiccion especial,99998,26.60904444,-80.07464167,Vehiculo en movimiento,Angulo,T-Intersection,Interseccion de T,Sobre calle,Ninguna,Oscuro con iluminacion,Despejado,No,NO APLICA,99,99,99,99,2,26/11/2022,4
12,Florida,122883,0,0,2,0,86,MIAMI-DADE (86),2023,MIAMI GARDENS,11,Noviembre,27,2022,18,13,SR-860,3,Highway estatal,Urbano,Arteria Menor,State Highway Agency,0,Sin jurisdiccion especial,99998,25.94247222,-80.20917222,Vehiculo en movimiento,Angulo,Four-Way Intersection,Interseccion de 4 direcciones,Sobre calle,Ninguna,Oscuro con iluminacion,Despejado,No,NO APLICA,99,99,99,99,1,27/11/2022,2
12,Florida,122884,1,1,1,0,127,VOLUSIA (127),782,DAYTONA BEACH SHORES,11,Noviembre,5,2022,20,6,SR-A1A,3,Highway estatal,Urbano,Arteria Principal,State Highway Agency,1,Sin jurisdiccion especial,99998,29.16993611,-80.97910278,Peaton,El primer evento no fue una colision con un vehiculo automotor en transporte,Not an Intersection,No fue interseccion,Sobre el lado de la calle,Ninguna,Oscuro con iluminacion,Despejado,No,NO APLICA,99,99,99,99,1,05/11/2022,2
12,Florida,122885,0,0,1,0,85,MARTIN (85),0,NO APLICA,11,Noviembre,16,2022,18,23,SILVER FOX LN,8,Otro,Urbano,Colector Menor,County Highway Agency,0,Sin jurisdiccion especial,99998,27.04153056,-80.52107222,Alguien se cayo/avento del vehiculo,El primer evento no fue una colision con un vehiculo automotor en transporte,Not an Intersection,No fue interseccion,Sobre calle,Ninguna,Oscuro sin iluminacion,Despejado,No,NO APLICA,99,99,99,99,1,16/11/2022,2
12,Florida,122886,0,0,2,0,127,VOLUSIA (127),780,DAYTONA BEACH,11,Noviembre,18,2022,14,43,SR-483,3,Highway estatal,Urbano,Arteria Principal,State Highway Agency,0,Sin jurisdiccion especial,99998,29.18456389,-81.04243611,Volcadura,El primer evento no fue una colision con un vehiculo automotor en transporte,Four-Way Intersection,Interseccion de 4 direcciones,Sobre calle,Ninguna,Dia total,Despejado,No,NO APLICA,99,99,99,99,1,18/11/2022,6
12,Florida,122887,0,0,2,0,127,VOLUSIA (127),825,DELTONA,11,Noviembre,19,2022,14,12,WINTERVILLE ST,9,Desconocido,Rural,Local,City or Municipal Highway Agency,0,Sin jurisdiccion especial,99998,28.93734722,-81.237175,Vehiculo en movimiento,Angulo,Not an Intersection,No fue interseccion,Sobre calle,Ninguna,Dia total,Despejado,No,NO APLICA,99,99,99,99,1,19/11/2022,3
12,Florida,122888,0,0,1,0,9,BREVARD (9),2670,ROCKLEDGE,11,Noviembre,26,2022,2,43,MURRELL RD,6,Calle Local Municipalidad,Urbano,Colector Mayor,City or Municipal Highway Agency,0,Sin jurisdiccion especial,99998,28.32481667,-80.72200556,Banqueta,El primer evento no fue una colision con un vehiculo automotor en transporte,Not an Intersection,No fue interseccion,Sobre el lado de la calle,Ninguna,Oscuro con iluminacion,Despejado,No,NO APLICA,99,99,99,99,1,26/11/2022,1
12,Florida,122889,0,0,1,0,11,BROWARD (11),3193,WESTON,10,Octubre,16,2022,22,43,I-75,1,Interestatal,Urbano,Interestatal,State Highway Agency,1,Sin jurisdiccion especial,99998,26.11330833,-80.35244167,Poste,El primer evento no fue una colision con un vehiculo automotor en transporte,Not an Intersection,No fue interseccion,Sobre el lado de la calle,Ninguna,Oscuro con iluminacion,Despejado,No,NO APLICA,99,99,99,99,1,16/10/2022,2
12,Florida,122890,1,1,1,0,101,PASCO (101),0,NO APLICA,10,Octubre,23,2022,23,23,US-19,2,US Highway,Urbano,Arteria Principal,State Highway Agency,1,Sin jurisdiccion especial,99998,28.21719167,-82.73711667,Ciclista,El primer evento no fue una colision con un vehiculo automotor en transporte,Four-Way Intersection,Interseccion de 4 direcciones,Sobre calle,Ninguna,Oscuro con iluminacion,Despejado,No,NO APLICA,99,99,99,99,1,23/10/2022,1
12,Florida,122891,1,1,1,0,83,MARION (83),2270,OCALA,8,Agosto,30,2022,12,48,US-441,2,US Highway,Urbano,Arteria Principal,State Highway Agency,1,Sin jurisdiccion especial,99998,29.17041111,-82.13978056,Peaton,El primer evento no fue una colision con un vehiculo automotor en transporte,Not an Intersection,No fue interseccion,Sobre calle,Ninguna,Dia total,Despejado,No,NO APLICA,99,99,99,99,1,30/08/2022,1
12,Florida,122892,0,0,2,0,73,LEON (73),0,NO APLICA,11,Noviembre,1,2022,19,30,US-90,2,US Highway,Urbano,Arteria Menor,State Highway Agency,0,Sin jurisdiccion especial,99998,30.49148056,-84.1255,Vehiculo en movimiento,Frente a frente,Four-Way Intersection,Interseccion de 4 direcciones,Sobre calle,Ninguna,Oscuro sin iluminacion,Despejado,No,NO APLICA,99,99,99,99,1,01/11/2022,4
12,Florida,122893,1,1,1,0,73,LEON (73),2940,TALLAHASSEE,11,Noviembre,17,2022,19,30,MABRY ST,6,Calle Local Municipalidad,Urbano,Local,City or Municipal Highway Agency,0,Sin jurisdiccion especial,99998,30.44096667,-84.32780556,Peaton,El primer evento no fue una colision con un vehiculo automotor en transporte,T-Intersection,Interseccion de T,Sobre calle,Ninguna,Oscuro con iluminacion,Despejado,No,NO APLICA,99,99,99,99,1,17/11/2022,1
12,Florida,122894,1,1,1,0,23,COLUMBIA (23),0,NO APLICA,11,Noviembre,21,2022,18,18,I-75,1,Interestatal,Rural,Interestatal,State Highway Agency,1,Sin jurisdiccion especial,99998,30.24369167,-82.74158333,Peaton,El primer evento no fue una colision con un vehiculo automotor en transporte,Not an Intersection,No fue interseccion,Sobre calle,Ninguna,Oscuro sin iluminacion,Despejado,No,NO APLICA,99,99,99,99,1,21/11/2022,1
12,Florida,122895,1,1,1,0,15,CHARLOTTE (15),0,NO APLICA,11,Noviembre,22,2022,21,36,CR-768,4,Calle del Condado,Urbano,Colector Mayor,County Highway Agency,0,Sin jurisdiccion especial,99998,26.884475,-81.99763333,Peaton,El primer evento no fue una colision con un vehiculo automotor en transporte,T-Intersection,Interseccion de T,Sobre calle,Ninguna,Oscuro sin iluminacion,Despejado,No,NO APLICA,99,99,99,99,1,22/11/2022,1
12,Florida,122896,0,0,2,0,129,WAKULLA (129),0,NO APLICA,11,Noviembre,22,2022,18,50,CR-61,4,Calle del Condado,Urbano,Colector Mayor,County Highway Agency,0,Sin jurisdiccion especial,99998,30.19469444,-84.32409722,Vehiculo en movimiento,Golpe Lateral - misma direccion,Not an Intersection,No fue interseccion,Sobre calle,Ninguna,Oscuro sin iluminacion,Despejado,No,NO APLICA,99,99,99,99,1,22/11/2022,2
12,Florida,122897,0,0,2,0,86,MIAMI-DADE (86),2010,MIAMI,11,Noviembre,23,2022,7,5,SR-997,3,Highway estatal,Rural,Arteria Principal,State Highway Agency,0,Sin jurisdiccion especial,99998,25.76538889,-80.4817,Vehiculo en movimiento,Angulo,T-Intersection,Interseccion de T,Sobre calle,Ninguna,Dia total,Neblina o Humo,No,NO APLICA,99,99,99,99,1,23/11/2022,3
12,Florida,122898,0,0,2,0,23,COLUMBIA (23),0,NO APLICA,11,Noviembre,24,2022,19,40,I-10,1,Interestatal,Rural,Interestatal,State Highway Agency,1,Sin jurisdiccion especial,99998,30.24255,-82.65066944,Vehiculo en movimiento,Angulo,Not an Intersection,No fue interseccion,Sobre calle,Ninguna,Oscuro sin iluminacion,Despejado,No,NO APLICA,99,99,99,99,1,24/11/2022,5
12,Florida,122899,1,1,1,0,95,ORANGE (95),2290,OCOEE,11,Noviembre,25,2022,3,25,OCOEE APOPKA RD,6,Calle Local Municipalidad,Urbano,Colector Mayor,City or Municipal Highway Agency,0,Sin jurisdiccion especial,99998,28.62163889,-81.54445,Peaton,El primer evento no fue una colision con un vehiculo automotor en transporte,Four-Way Intersection,Interseccion de 4 direcciones,Sobre calle,Ninguna,Oscuro con iluminacion,Neblina o Humo,No,NO APLICA,99,99,99,99,1,25/11/2022,1
12,Florida,122900,1,1,1,0,31,DUVAL (31),1510,JACKSONVILLE,11,Noviembre,29,2022,20,30,SR-212,3,Highway estatal,Urbano,Arteria Principal,State Highway Agency,1,Sin jurisdiccion especial,99998,30.28694167,-81.5347,Peaton,El primer evento no fue una colision con un vehiculo automotor en transporte,Not an Intersection,No fue interseccion,Sobre calle,Ninguna,Oscuro con iluminacion,Despejado,No,NO APLICA,99,99,99,99,1,29/11/2022,2
12,Florida,122901,0,0,4,0,57,HILLSBOROUGH (57),2658,RIVERVIEW,11,Noviembre,2,2022,16,15,I-75,1,Interestatal,Urbano,Interestatal,State Highway Agency,1,Sin jurisdiccion especial,99998,27.86311944,-82.34691111,Vehiculo en movimiento,Frente a Detrás,Not an Intersection,No fue interseccion,Sobre calle,Ninguna,Dia total,Despejado,No,NO APLICA,99,99,99,99,1,02/11/2022,6
12,Florida,122902,1,1,1,0,99,PALM BEACH (99),0,NO APLICA,11,Noviembre,20,2022,18,18,ELMHURST RD,8,Otro,Urbano,Colector Mayor,County Highway Agency,0,Sin jurisdiccion especial,99998,26.70313611,-80.11235,Peaton,El primer evento no fue una colision con un vehiculo automotor en transporte,Not an Intersection,No fue interseccion,Sobre calle,Ninguna,Oscuro sin iluminacion,lluvia,No,NO APLICA,99,99,99,99,1,20/11/2022,1
12,Florida,122903,1,1,1,0,117,SEMINOLE (117),2770,SANFORD,11,Noviembre,19,2022,22,48,W 1ST ST,6,Calle Local Municipalidad,Urbano,Local,City or Municipal Highway Agency,0,Sin jurisdiccion especial,99998,28.81171944,-81.26803333,Peaton,El primer evento no fue una colision con un vehiculo automotor en transporte,Four-Way Intersection,Interseccion de 4 direcciones,Sobre calle,Ninguna,Oscuro con iluminacion,Despejado,No,NO APLICA,99,99,99,99,1,19/11/2022,1
12,Florida,122904,0,0,2,0,86,MIAMI-DADE (86),2220,NORTH MIAMI,11,Noviembre,24,2022,15,20,8TH AVE,6,Calle Local Municipalidad,Urbano,Local,County Highway Agency,0,Sin jurisdiccion especial,99998,25.89365278,-80.213075,Vehiculo en movimiento,Angulo,Four-Way Intersection,Interseccion de 4 direcciones,Sobre calle,Ninguna,Dia total,Despejado,No,NO APLICA,99,99,99,99,1,24/11/2022,3
12,Florida,122905,0,0,2,0,71,LEE (71),457,CAPE CORAL,11,Noviembre,26,2022,22,30,SKYLINE BLVD,6,Calle Local Municipalidad,Urbano,Colector Mayor,City or Municipal Highway Agency,0,Sin jurisdiccion especial,99998,26.55641111,-81.99061667,Vehiculo en movimiento,Angulo,Four-Way Intersection,Interseccion de 4 direcciones,Sobre calle,Ninguna,Oscuro con iluminacion,Despejado,No,NO APLICA,99,99,99,99,1,26/11/2022,2
12,Florida,122906,0,0,2,0,57,HILLSBOROUGH (57),0,NO APLICA,11,Noviembre,28,2022,5,45,SYDNEY RD,9,Desconocido,Urbano,Colector Menor,City or Municipal Highway Agency,0,Sin jurisdiccion especial,99998,27.96835,-82.20055556,Vehiculo en movimiento,Frente a frente,Not an Intersection,No fue interseccion,Sobre calle,Ninguna,Oscuro sin iluminacion,Despejado,No,NO APLICA,99,99,99,99,1,28/11/2022,1
12,Florida,122907,1,1,1,0,53,HERNANDO (53),2882,SPRING HILL,10,Octubre,29,2022,0,14,CR-574 SPRING HILL DR,4,Calle del Condado,Urbano,Arteria Menor,County Highway Agency,0,Sin jurisdiccion especial,99998,28.4609,-82.54288889,Peaton,El primer evento no fue una colision con un vehiculo automotor en transporte,Not an Intersection,No fue interseccion,Sobre calle,Ninguna,Oscuro sin iluminacion,Despejado,No,NO APLICA,0,15,0,18,1,29/10/2022,1
12,Florida,122908,1,1,1,0,33,ESCAMBIA (33),0,NO APLICA,11,Noviembre,1,2022,1,40,US-29 PENSACOLA BLVD,2,US Highway,Urbano,Arteria Principal,State Highway Agency,1,Sin jurisdiccion especial,99998,30.49053056,-87.2603,Peaton,El primer evento no fue una colision con un vehiculo automotor en transporte,Not an Intersection,No fue interseccion,Sobre calle,Ninguna,Oscuro sin iluminacion,Despejado,No,NO APLICA,99,99,99,99,1,01/11/2022,1
12,Florida,122909,1,1,1,0,1,ALACHUA (1),2170,NEWBERRY,11,Noviembre,20,2022,21,32,SR-26,3,Highway estatal,Rural,Arteria Principal,State Highway Agency,1,Sin jurisdiccion especial,99998,29.64579444,-82.61708889,Peaton,El primer evento no fue una colision con un vehiculo automotor en transporte,Not an Intersection,No fue interseccion,Sobre calle,Ninguna,Oscuro con iluminacion,Nublado,No,NO APLICA,99,99,99,99,1,20/11/2022,2
12,Florida,122911,0,0,3,0,11,BROWARD (11),2916,SUNRISE,11,Noviembre,23,2022,18,21,N FLAMINGO RD,6,Calle Local Municipalidad,Urbano,Arteria Principal,Town or Township Highway Agency,0,Sin jurisdiccion especial,99998,26.13622222,-80.31439722,Vehiculo en movimiento,Angulo,T-Intersection,Interseccion de T,Sobre calle,Ninguna,Oscuro con iluminacion,Despejado,No,NO APLICA,99,99,99,99,1,23/11/2022,4
12,Florida,122912,0,0,1,0,86,MIAMI-DADE (86),2010,MIAMI,11,Noviembre,24,2022,4,50,SR-826 EXIT RAMP,3,Highway estatal,Urbano,Arterial Principal -Freeway o ExpressWay,State Highway Agency,1,Sin jurisdiccion especial,99998,25.76219167,-80.31970833,Arbol,El primer evento no fue una colision con un vehiculo automotor en transporte,Not an Intersection,No fue interseccion,Sobre el lado de la calle,Ninguna,Oscuro con iluminacion,Nublado,No,NO APLICA,99,99,99,99,1,24/11/2022,1
12,Florida,122913,0,0,2,0,11,BROWARD (11),771,DAVIE,11,Noviembre,24,2022,0,25,I-595,1,Interestatal,Urbano,Arterial Principal -Freeway o ExpressWay,State Highway Agency,1,Sin jurisdiccion especial,99998,26.08404722,-80.19506389,Vehiculo en movimiento,Frente a Detrás,Not an Intersection,No fue interseccion,Sobre calle,Ninguna,Oscuro con iluminacion,Nublado,No,NO APLICA,99,99,99,99,1,24/11/2022,2
12,Florida,122914,0,0,2,0,81,MANATEE (81),0,NO APLICA,11,Noviembre,25,2022,21,44,SR-70,3,Highway estatal,Urbano,Arteria Principal,State Highway Agency,0,Sin jurisdiccion especial,99998,27.44103889,-82.45859167,Vehiculo en movimiento,Frente a Detrás,Not an Intersection,No fue interseccion,Sobre calle,Ninguna,Oscuro con iluminacion,Despejado,No,NO APLICA,99,99,99,99,2,25/11/2022,4
12,Florida,122915,0,0,1,0,115,SARASOTA (115),2235,NORTH PORT,11,Noviembre,16,2022,10,20,SUMTER BLVD N,6,Calle Local Municipalidad,Urbano,Arteria Menor,Not Reported,0,Sin jurisdiccion especial,99998,27.09415278,-82.20660278,Puente de Ferrocarril,El primer evento no fue una colision con un vehiculo automotor en transporte,Not an Intersection,No fue interseccion,En el medio,Ninguna,Dia total,Despejado,No,NO APLICA,99,99,99,99,2,16/11/2022,2
12,Florida,122916,0,0,2,0,97,OSCEOLA (97),0,NO APLICA,11,Noviembre,25,2022,18,24,PEPPERMILL CIR,8,Otro,Urbano,Local,County Highway Agency,0,Sin jurisdiccion especial,99998,28.14695278,-81.46763333,Vehiculo en movimiento,Frente a frente,T-Intersection,Interseccion de T,Sobre calle,Ninguna,Atardecer,Despejado,No,NO APLICA,99,99,99,99,1,25/11/2022,2
12,Florida,122917,0,0,2,0,57,HILLSBOROUGH (57),2950,TAMPA,11,Noviembre,30,2022,16,46,MCKINLEY DR,5,Calle Local - Pueblo,Urbano,Arteria Menor,Town or Township Highway Agency,0,Sin jurisdiccion especial,99998,28.04361111,-82.41638333,Vehiculo en movimiento,Angulo,Four-Way Intersection,Interseccion de 4 direcciones,Sobre calle,Ninguna,Dia total,lluvia,No,NO APLICA,99,99,99,99,1,30/11/2022,2
12,Florida,122918,1,1,1,0,111,ST LUCIE (111),0,NO APLICA,1,Enero,30,2022,19,20,SR-615,3,Highway estatal,Urbano,Arteria Principal,State Highway Agency,0,Sin jurisdiccion especial,99998,27.48399722,-80.35002778,Peaton,El primer evento no fue una colision con un vehiculo automotor en transporte,Four-Way Intersection,Interseccion de 4 direcciones,Sobre calle,Ninguna,Oscuro sin iluminacion,Despejado,No,NO APLICA,99,99,99,99,1,30/01/2022,1
12,Florida,122919,0,0,2,0,57,HILLSBOROUGH (57),0,NO APLICA,11,Noviembre,14,2022,21,7,SR-676,3,Highway estatal,Urbano,Arteria Principal,Not Reported,0,Sin jurisdiccion especial,99998,27.92280833,-82.37688056,Vehiculo en movimiento,Angulo,T-Intersection,Interseccion de T,Sobre calle,Ninguna,Oscuro con iluminacion,Despejado,No,NO APLICA,99,99,99,99,1,14/11/2022,4
12,Florida,122920,0,0,2,0,27,DE SOTO (27),0,NO APLICA,11,Noviembre,17,2022,18,37,SR-72,3,Highway estatal,Rural,Arteria Menor,State Highway Agency,0,Sin jurisdiccion especial,99998,27.21647778,-81.90414722,Vehiculo en movimiento,Angulo,T-Intersection,Interseccion de T,Sobre calle,Ninguna,Oscuro sin iluminacion,Despejado,No,NO APLICA,99,99,99,99,1,17/11/2022,2
12,Florida,122921,0,0,2,0,117,SEMINOLE (117),0,NO APLICA,11,Noviembre,24,2022,19,29,EAST LAKE DRIVE,8,Otro,Urbano,Arteria Menor,City or Municipal Highway Agency,0,Sin jurisdiccion especial,99998,28.66919444,-81.28732222,Vehiculo en movimiento,Angulo,T-Intersection,Interseccion de T,Sobre calle,Ninguna,Oscuro con iluminacion,Despejado,No,NO APLICA,99,99,99,99,1,24/11/2022,3
12,Florida,122922,1,1,1,0,31,DUVAL (31),1510,JACKSONVILLE,12,Diciembre,1,2022,21,10,MERRILL RD,6,Calle Local Municipalidad,Urbano,Arteria Menor,Town or Township Highway Agency,0,Sin jurisdiccion especial,99998,30.35194722,-81.58039167,Peaton,El primer evento no fue una colision con un vehiculo automotor en transporte,Not an Intersection,No fue interseccion,Sobre calle,Ninguna,Oscuro con iluminacion,Despejado,No,NO APLICA,99,99,99,99,1,01/12/2022,1
12,Florida,122923,0,0,2,0,57,HILLSBOROUGH (57),0,NO APLICA,11,Noviembre,4,2022,2,40,I-75,1,Interestatal,Urbano,Interestatal,State Highway Agency,1,Sin jurisdiccion especial,99998,27.75201111,-82.37628056,Vehiculo en movimiento,Frente a Detrás,Not an Intersection,No fue interseccion,Sobre calle,Ninguna,Oscuro sin iluminacion,Despejado,No,NO APLICA,99,99,99,97,1,04/11/2022,2