Estado,Nombre de Estado,Numero de Caso,Peatones,Personas _no_vehiculos,Vehiculos automotores,Vehiculos estacionados,Condado,Nombre Condado,Ciudad,Nombre Ciudad,Mes,Nombre Mes,Dia,Año,Hora,Minuto,Calle,Ruta,Nombre Ruta,Rural o Urbanoo,Sistema Funcional,Dueño Calle,Sistema Nacional Carreteras,Jurisdiccion Especial,Milla,Latitud,Longitud,Causa del Accidente,Tipo de Accidente,Tipo Interseccion,Columna1,Lugar en la calle,Zona de Trabajo,Luz,Clima,Autobus Escolar,Cruce de Trenes,Hora Notificacion,Minuto Notificacion,Hora Llegada,Minuto Llegada,Decesos,Fecha,PersonaVehiculo
12,Florida,122924,0,0,2,0,9,BREVARD (9),3175,WEST MELBOURNE,11,Noviembre,28,2022,16,15,US-192,2,US Highway,Urbano,Arteria Principal,State Highway Agency,1,Sin jurisdiccion especial,99998,28.07895278,-80.70017222,Vehiculo en movimiento,Frente a Detrás,T-Intersection,Interseccion de T,Sobre calle,Ninguna,Dia total,Nublado,No,NO APLICA,99,99,99,99,1,28/11/2022,2
12,Florida,122925,1,1,1,0,71,LEE (71),1070,FORT MYERS,1,Enero,17,2022,19,45,SR-82,3,Highway estatal,Urbano,Arteria Menor,State Highway Agency,0,Sin jurisdiccion especial,99998,26.641125,-81.84511667,Ciclista,El primer evento no fue una colision con un vehiculo automotor en transporte,Not an Intersection,No fue interseccion,Sobre calle,Ninguna,Oscuro con iluminacion,Despejado,No,NO APLICA,99,99,99,99,1,17/01/2022,2
12,Florida,122926,1,1,1,0,133,WASHINGTON (133),0,NO APLICA,10,Octubre,23,2022,4,55,SR-79,3,Highway estatal,Rural,Arteria Principal,State Highway Agency,1,Sin jurisdiccion especial,99998,30.46747778,-85.857,Peaton,El primer evento no fue una colision con un vehiculo automotor en transporte,Not an Intersection,No fue interseccion,Sobre calle,Ninguna,Oscuro sin iluminacion,Despejado,No,NO APLICA,99,99,99,99,1,23/10/2022,1
12,Florida,122927,0,0,3,0,57,HILLSBOROUGH (57),0,NO APLICA,11,Noviembre,1,2022,1,4,I-4,1,Interestatal,Urbano,Interestatal,State Highway Agency,1,Sin jurisdiccion especial,99998,27.99858056,-82.34064444,Vehiculo en movimiento,Frente a Detrás,Not an Intersection,No fue interseccion,Sobre calle,Ninguna,Oscuro con iluminacion,Despejado,No,NO APLICA,99,99,99,99,1,01/11/2022,4
12,Florida,122928,0,0,1,0,95,ORANGE (95),0,NO APLICA,11,Noviembre,5,2022,7,48,PALM PARKWAY,6,Calle Local Municipalidad,Urbano,Arteria Menor,County Highway Agency,0,Sin jurisdiccion especial,99998,28.39359722,-81.49533056,Banqueta,El primer evento no fue una colision con un vehiculo automotor en transporte,Not an Intersection,No fue interseccion,Sobre el lado de la calle,Ninguna,Dia total,lluvia,No,NO APLICA,99,99,99,99,1,05/11/2022,1
12,Florida,122929,0,0,1,0,69,LAKE (69),1820,LEESBURG,11,Noviembre,18,2022,21,41,US-441,2,US Highway,Urbano,Arteria Principal,State Highway Agency,1,Sin jurisdiccion especial,99998,28.81455,-81.85028056,Banqueta,El primer evento no fue una colision con un vehiculo automotor en transporte,Not an Intersection,No fue interseccion,En el medio,Ninguna,Oscuro con iluminacion,Despejado,No,NO APLICA,99,99,99,99,1,18/11/2022,1
12,Florida,122930,0,0,1,0,9,BREVARD (9),0,NO APLICA,11,Noviembre,19,2022,1,15,SATELLITE BLVD,8,Otro,Rural,Local,City or Municipal Highway Agency,0,Sin jurisdiccion especial,99998,28.41131944,-80.84549444,Arbol,El primer evento no fue una colision con un vehiculo automotor en transporte,Not an Intersection,No fue interseccion,Fuera de la calle,Ninguna,Oscuro sin iluminacion,Despejado,No,NO APLICA,99,99,99,99,1,19/11/2022,1
12,Florida,122931,0,0,3,0,95,ORANGE (95),2360,ORLANDO,11,Noviembre,19,2022,4,45,TRADEPORT DR,6,Calle Local Municipalidad,Urbano,Colector Mayor,Town or Township Highway Agency,0,Sin jurisdiccion especial,99998,28.41652778,-81.337525,Vehiculo en movimiento,Frente a Detrás,Not an Intersection,No fue interseccion,Sobre calle,Ninguna,Oscuro con iluminacion,Despejado,No,NO APLICA,99,99,99,99,1,19/11/2022,3
12,Florida,122932,0,0,2,0,95,ORANGE (95),0,NO APLICA,11,Noviembre,23,2022,5,32,SR-91,3,Highway estatal,Urbano,Arterial Principal -Freeway o ExpressWay,State Highway Agency,1,Sin jurisdiccion especial,99998,28.47453333,-81.44839444,Vehiculo en movimiento,Frente a frente,Not an Intersection,No fue interseccion,Sobre calle,Ninguna,Oscuro con iluminacion,Nublado,No,NO APLICA,99,99,99,99,1,23/11/2022,2
12,Florida,122933,0,0,2,0,71,LEE (71),0,NO APLICA,11,Noviembre,24,2022,6,18,I-75,1,Interestatal,Rural,Interestatal,State Highway Agency,1,Sin jurisdiccion especial,99998,26.72226944,-81.8217,Vehiculo en movimiento,Frente a Detrás,Not an Intersection,No fue interseccion,Sobre calle,Ninguna,Oscuro sin iluminacion,Despejado,No,NO APLICA,99,99,99,99,1,24/11/2022,2
12,Florida,122934,0,0,2,0,59,HOLMES (59),0,NO APLICA,11,Noviembre,10,2022,18,0,SR-81,3,Highway estatal,Rural,Colector Mayor,State Highway Agency,0,Sin jurisdiccion especial,99998,30.85141111,-85.94691111,Vehiculo en movimiento,Angulo,Four-Way Intersection,Interseccion de 4 direcciones,Sobre calle,Ninguna,Oscuro sin iluminacion,lluvia,No,NO APLICA,99,99,99,99,1,10/11/2022,7
12,Florida,122935,1,1,1,0,86,MIAMI-DADE (86),0,NO APLICA,11,Noviembre,7,2022,23,59,280TH ST,6,Calle Local Municipalidad,Urbano,Colector Mayor,County Highway Agency,0,Sin jurisdiccion especial,99998,25.50696389,-80.42215556,Peaton,El primer evento no fue una colision con un vehiculo automotor en transporte,Not an Intersection,No fue interseccion,Sobre calle,Ninguna,Oscuro sin iluminacion,Despejado,No,NO APLICA,99,99,99,99,1,07/11/2022,1
12,Florida,122936,0,0,2,0,127,VOLUSIA (127),780,DAYTONA BEACH,11,Noviembre,8,2022,6,9,N CLYDE MORRIS BLVD,6,Calle Local Municipalidad,Urbano,Arteria Menor,County Highway Agency,0,Sin jurisdiccion especial,99998,29.22710278,-81.08653333,Vehiculo en movimiento,Angulo,Four-Way Intersection,Interseccion de 4 direcciones,Sobre calle,Ninguna,Amanecer,lluvia,No,NO APLICA,99,99,99,99,1,08/11/2022,6
12,Florida,122937,0,0,2,0,15,CHARLOTTE (15),2620,PUNTA GORDA,11,Noviembre,23,2022,13,34,EDUCATION AVE,5,Calle Local - Pueblo,Urbano,Colector Mayor,Town or Township Highway Agency,0,Sin jurisdiccion especial,99998,26.92981667,-82.03325278,Vehiculo en movimiento,Angulo,Four-Way Intersection,Interseccion de 4 direcciones,Sobre calle,Ninguna,Dia total,Despejado,No,NO APLICA,99,99,99,99,1,23/11/2022,3
12,Florida,122938,0,0,2,0,15,CHARLOTTE (15),0,NO APLICA,11,Noviembre,23,2022,18,34,AVENUE OF THE AMERICAS,8,Otro,Urbano,Local,Town or Township Highway Agency,0,Sin jurisdiccion especial,99998,26.91703889,-82.30577222,Vehiculo en movimiento,Frente a Detrás,Not an Intersection,No fue interseccion,Sobre calle,Ninguna,Oscuro sin iluminacion,Despejado,No,NO APLICA,99,99,99,99,1,23/11/2022,3
12,Florida,122939,0,0,2,0,11,BROWARD (11),2948,TAMARAC,11,Noviembre,26,2022,18,0,SR-870,3,Highway estatal,Urbano,Arteria Principal,State Highway Agency,1,Sin jurisdiccion especial,99998,26.19375556,-80.21753889,Vehiculo en movimiento,Angulo,Four-Way Intersection,Interseccion de 4 direcciones,Sobre calle,Ninguna,Oscuro con iluminacion,Despejado,No,NO APLICA,99,99,99,99,1,26/11/2022,12
12,Florida,122940,0,0,2,0,105,POLK (105),1690,LAKELAND,12,Diciembre,1,2022,19,14,SR-563,3,Highway estatal,Urbano,Arteria Menor,State Highway Agency,1,Sin jurisdiccion especial,99998,28.01631667,-81.97432778,Alguien se cayo/avento del vehiculo,El primer evento no fue una colision con un vehiculo automotor en transporte,Not an Intersection,No fue interseccion,Sobre calle,Ninguna,Oscuro con iluminacion,Despejado,No,NO APLICA,99,99,99,99,2,01/12/2022,3
12,Florida,122941,0,0,1,0,95,ORANGE (95),2360,ORLANDO,10,Octubre,22,2022,6,35,SR-429 RAMP,3,Highway estatal,Urbano,Arterial Principal -Freeway o ExpressWay,State Highway Agency,0,Sin jurisdiccion especial,99998,28.54039167,-81.55650833,Poste de Señal de trafico,El primer evento no fue una colision con un vehiculo automotor en transporte,Not an Intersection,No fue interseccion,Sobre el lado de la calle,Ninguna,Oscuro con iluminacion,Despejado,No,NO APLICA,99,99,99,99,1,22/10/2022,1
12,Florida,122942,1,1,1,0,95,ORANGE (95),0,NO APLICA,11,Noviembre,9,2022,20,56,SR-50,3,Highway estatal,Urbano,Arteria Principal,State Highway Agency,0,Sin jurisdiccion especial,99998,28.55228889,-81.45541667,Peaton,El primer evento no fue una colision con un vehiculo automotor en transporte,Not an Intersection,No fue interseccion,Sobre calle,Ninguna,Oscuro con iluminacion,lluvia,No,NO APLICA,99,99,99,97,1,09/11/2022,3
12,Florida,122943,0,0,2,0,95,ORANGE (95),0,NO APLICA,11,Noviembre,19,2022,20,54,CR-437,4,Calle del Condado,Urbano,Colector Mayor,County Highway Agency,0,Sin jurisdiccion especial,99998,28.63151944,-81.5486,Vehiculo en movimiento,Frente a frente,Not an Intersection,No fue interseccion,Sobre calle,Ninguna,Oscuro sin iluminacion,Despejado,No,NO APLICA,99,99,99,99,1,19/11/2022,2
12,Florida,122944,0,0,2,0,85,MARTIN (85),0,NO APLICA,11,Noviembre,18,2022,11,30,SR-710,3,Highway estatal,Rural,Arteria Principal,State Highway Agency,0,Sin jurisdiccion especial,99998,27.1591,-80.67722222,Vehiculo en movimiento,Reportado como desconocido,T-Intersection,Interseccion de T,Sobre calle,Ninguna,Dia total,Nublado,No,NO APLICA,99,99,99,99,1,18/11/2022,3
12,Florida,122945,1,1,1,0,95,ORANGE (95),0,NO APLICA,11,Noviembre,21,2022,15,55,SR-535,3,Highway estatal,Urbano,Arteria Menor,State Highway Agency,0,Sin jurisdiccion especial,99998,28.36396944,-81.50175556,Ciclista,El primer evento no fue una colision con un vehiculo automotor en transporte,T-Intersection,Interseccion de T,Sobre calle,Ninguna,Dia total,Nublado,No,NO APLICA,99,99,99,99,1,21/11/2022,1
12,Florida,122946,0,0,1,0,127,VOLUSIA (127),0,NO APLICA,11,Noviembre,26,2022,19,5,CR-4038,4,Calle del Condado,Urbano,Colector Menor,County Highway Agency,0,Sin jurisdiccion especial,99998,29.11738056,-81.33463056,Barda,El primer evento no fue una colision con un vehiculo automotor en transporte,Not an Intersection,No fue interseccion,Fuera de la calle,Ninguna,Oscuro sin iluminacion,Despejado,No,NO APLICA,99,99,99,99,1,26/11/2022,1
12,Florida,122947,1,1,1,0,35,FLAGLER (35),0,NO APLICA,11,Noviembre,26,2022,6,30,US-1,2,US Highway,Urbano,Arteria Principal,State Highway Agency,1,Sin jurisdiccion especial,99998,29.35388333,-81.15557222,Peaton,El primer evento no fue una colision con un vehiculo automotor en transporte,Not an Intersection,No fue interseccion,En el medio,Ninguna,Oscuro sin iluminacion,Nublado,No,NO APLICA,99,99,99,97,1,26/11/2022,1
12,Florida,122948,1,1,1,0,95,ORANGE (95),0,NO APLICA,11,Noviembre,27,2022,11,40,N POWERS DRIVE,6,Calle Local Municipalidad,Urbano,Colector Mayor,City or Municipal Highway Agency,0,Sin jurisdiccion especial,99998,28.54671944,-81.46761944,Ciclista,El primer evento no fue una colision con un vehiculo automotor en transporte,T-Intersection,Interseccion de T,Sobre calle,Ninguna,Dia total,Despejado,No,NO APLICA,99,99,99,99,1,27/11/2022,1
12,Florida,122949,1,1,1,0,71,LEE (71),0,NO APLICA,11,Noviembre,27,2022,0,32,I-75,1,Interestatal,Rural,Interestatal,State Highway Agency,1,Sin jurisdiccion especial,99998,26.76654722,-81.87619167,Peaton,El primer evento no fue una colision con un vehiculo automotor en transporte,Not an Intersection,No fue interseccion,Sobre calle,Ninguna,Oscuro sin iluminacion,Despejado,No,NO APLICA,99,99,99,99,1,27/11/2022,5
12,Florida,122950,1,1,1,0,15,CHARLOTTE (15),2573,PORT CHARLOTTE,11,Noviembre,26,2022,18,42,US-41,2,US Highway,Urbano,Arteria Principal,State Highway Agency,1,Sin jurisdiccion especial,99998,26.98295,-82.10022222,Volcadura,El primer evento no fue una colision con un vehiculo automotor en transporte,Not an Intersection,No fue interseccion,Sobre calle,Ninguna,Oscuro sin iluminacion,Nublado,No,NO APLICA,99,99,99,99,1,26/11/2022,2
12,Florida,122951,1,1,1,0,71,LEE (71),0,NO APLICA,11,Noviembre,22,2022,18,0,CAMELOT DR,8,Otro,Urbano,Local,County Highway Agency,0,Sin jurisdiccion especial,99998,26.55251111,-81.90956389,Peaton,El primer evento no fue una colision con un vehiculo automotor en transporte,Not an Intersection,No fue interseccion,Sobre calle,Ninguna,Oscuro sin iluminacion,Despejado,No,NO APLICA,99,99,99,99,1,22/11/2022,1
12,Florida,122952,0,0,3,0,86,MIAMI-DADE (86),0,NO APLICA,11,Noviembre,26,2022,21,38,SR-994,3,Highway estatal,Urbano,Arteria Menor,State Highway Agency,0,Sin jurisdiccion especial,99998,25.59533611,-80.3715,Vehiculo en movimiento,Angulo,Four-Way Intersection,Interseccion de 4 direcciones,Sobre calle,Ninguna,Oscuro con iluminacion,Despejado,No,NO APLICA,99,99,99,99,1,26/11/2022,8
12,Florida,122953,0,0,3,0,105,POLK (105),0,NO APLICA,11,Noviembre,26,2022,11,26,CR-655,4,Calle del Condado,Urbano,Colector Mayor,Town or Township Highway Agency,0,Sin jurisdiccion especial,99998,27.95349444,-81.72668611,Vehiculo en movimiento,Frente a Detrás,T-Intersection,Interseccion de T,Sobre calle,Ninguna,Dia total,Despejado,No,NO APLICA,99,99,99,99,1,26/11/2022,4
12,Florida,122954,1,1,1,0,1,ALACHUA (1),1130,GAINESVILLE,11,Noviembre,28,2022,5,0,SR-329 MAIN ST,3,Highway estatal,Urbano,Colector Mayor,State Highway Agency,0,Sin jurisdiccion especial,99998,29.62180556,-82.33160278,Ciclista,El primer evento no fue una colision con un vehiculo automotor en transporte,T-Intersection,Interseccion de T,Sobre calle,Ninguna,Reportada como desconocida,Despejado,No,NO APLICA,99,99,99,99,1,28/11/2022,1
12,Florida,122955,1,1,1,0,115,SARASOTA (115),2780,SARASOTA,10,Octubre,24,2022,10,28,9TH ST,8,Otro,Urbano,Local,City or Municipal Highway Agency,0,Sin jurisdiccion especial,99998,27.34379722,-82.52867222,Peaton,El primer evento no fue una colision con un vehiculo automotor en transporte,Not an Intersection,No fue interseccion,Sobre calle,Ninguna,Dia total,Despejado,No,NO APLICA,99,99,99,99,1,24/10/2022,1
12,Florida,122956,1,1,1,0,17,CITRUS (17),0,NO APLICA,10,Octubre,25,2022,19,34,SR-44 W GULF TO LAKE HWY,3,Highway estatal,Urbano,Arteria Principal,State Highway Agency,1,Sin jurisdiccion especial,99998,28.85183333,-82.48623889,Peaton,El primer evento no fue una colision con un vehiculo automotor en transporte,Not an Intersection,No fue interseccion,Sobre calle,Ninguna,Oscuro sin iluminacion,Despejado,No,NO APLICA,19,34,19,38,1,25/10/2022,4
12,Florida,122957,1,1,1,0,101,PASCO (101),0,NO APLICA,10,Octubre,29,2022,0,13,SR- 581,3,Highway estatal,Urbano,Arteria Principal,State Highway Agency,1,Sin jurisdiccion especial,99998,28.20929722,-82.35320278,Peaton,El primer evento no fue una colision con un vehiculo automotor en transporte,Not an Intersection,No fue interseccion,Sobre calle,Ninguna,Oscuro sin iluminacion,Despejado,No,NO APLICA,99,99,99,97,1,29/10/2022,1
12,Florida,122958,1,1,1,0,115,SARASOTA (115),2780,SARASOTA,11,Noviembre,3,2022,7,1,RINGLING BLVD,8,Otro,Urbano,Colector Mayor,County Highway Agency,0,Sin jurisdiccion especial,99998,27.33402222,-82.54038333,Ciclista,El primer evento no fue una colision con un vehiculo automotor en transporte,Traffic Circle,Circulo de Trafico,Sobre calle,Ninguna,Oscuro con iluminacion,Nublado,No,NO APLICA,99,99,99,99,1,03/11/2022,1
12,Florida,122959,0,0,1,0,113,SANTA ROSA (113),0,NO APLICA,11,Noviembre,17,2022,9,6,WHITE RD,8,Otro,Rural,Local,County Highway Agency,0,Sin jurisdiccion especial,99998,30.61091389,-87.13978056,Arbol,El primer evento no fue una colision con un vehiculo automotor en transporte,Not an Intersection,No fue interseccion,"Fuera de la calle, ubicacion desconocida",Ninguna,Dia total,Nublado,No,NO APLICA,99,99,99,97,1,17/11/2022,1
12,Florida,122960,0,0,1,0,127,VOLUSIA (127),0,NO APLICA,11,Noviembre,21,2022,7,20,I-95,1,Interestatal,Rural,Interestatal,State Highway Agency,1,Sin jurisdiccion especial,99998,28.81331944,-80.90621944,Culvert,El primer evento no fue una colision con un vehiculo automotor en transporte,Not an Intersection,No fue interseccion,Sobre el lado de la calle,Ninguna,Dia total,Nublado,No,NO APLICA,99,99,99,99,1,21/11/2022,1
12,Florida,122961,0,0,3,0,57,HILLSBOROUGH (57),1847,LUTZ,11,Noviembre,24,2022,20,16,I-275,1,Interestatal,Urbano,Interestatal,State Highway Agency,1,Sin jurisdiccion especial,99998,28.10278333,-82.44220556,Vehiculo en movimiento,Golpe Lateral - misma direccion,Not an Intersection,No fue interseccion,Sobre calle,Ninguna,Oscuro sin iluminacion,Despejado,No,NO APLICA,99,99,99,99,1,24/11/2022,4
12,Florida,122962,0,0,1,0,113,SANTA ROSA (113),0,NO APLICA,11,Noviembre,25,2022,1,37,US-90,2,US Highway,Urbano,Arteria Menor,State Highway Agency,0,Sin jurisdiccion especial,99998,30.57801944,-87.18171111,Poste de Señal de trafico,El primer evento no fue una colision con un vehiculo automotor en transporte,Not an Intersection,No fue interseccion,Sobre el lado de la calle,"Zona de trabajo, tipo desconocido",Oscuro sin iluminacion,lluvia,No,NO APLICA,99,99,99,99,1,25/11/2022,1
12,Florida,122963,0,0,1,0,23,COLUMBIA (23),0,NO APLICA,11,Noviembre,26,2022,22,32,SOUTHWEST ILLINOIS STREET,8,Otro,Rural,Local,Town or Township Highway Agency,0,Sin jurisdiccion especial,99998,29.93523611,-82.76158611,Volcadura,El primer evento no fue una colision con un vehiculo automotor en transporte,Not an Intersection,No fue interseccion,Sobre calle,Ninguna,Oscuro sin iluminacion,Nublado,No,NO APLICA,99,99,99,99,1,26/11/2022,1
12,Florida,122964,2,3,3,2,15,CHARLOTTE (15),0,NO APLICA,11,Noviembre,22,2022,20,44,I-75,1,Interestatal,Urbano,Interestatal,State Highway Agency,1,Sin jurisdiccion especial,99998,26.99935833,-82.03509722,Vehiculo Aparcado,El primer evento no fue una colision con un vehiculo automotor en transporte,Not an Intersection,No fue interseccion,Sobre Acotamiento,Ninguna,Oscuro con iluminacion,Despejado,No,NO APLICA,99,99,99,99,1,22/11/2022,1
12,Florida,122965,0,0,1,0,1,ALACHUA (1),0,NO APLICA,12,Diciembre,3,2022,18,20,CR-225,4,Calle del Condado,Rural,Colector Mayor,County Highway Agency,0,Sin jurisdiccion especial,99998,29.83441111,-82.26321111,Acotamiento,El primer evento no fue una colision con un vehiculo automotor en transporte,Not an Intersection,No fue interseccion,Sobre el lado de la calle,Ninguna,Oscuro sin iluminacion,Despejado,No,NO APLICA,99,99,99,99,1,03/12/2022,1
12,Florida,122966,0,0,1,0,9,BREVARD (9),1990,MELBOURNE,12,Diciembre,3,2022,3,20,EAU GALLIE CSWY,5,Calle Local - Pueblo,Urbano,Arteria Principal,Town or Township Highway Agency,0,Sin jurisdiccion especial,99998,28.13116667,-80.62288333,Valla Ferrocarril,El primer evento no fue una colision con un vehiculo automotor en transporte,Not an Intersection,No fue interseccion,Sobre el lado de la calle,Ninguna,Oscuro con iluminacion,Despejado,No,NO APLICA,99,99,99,99,1,03/12/2022,1
12,Florida,122967,0,0,1,0,101,PASCO (101),3330,ZEPHYRHILLS,10,Octubre,26,2022,14,45,CR-54,4,Calle del Condado,Urbano,Arteria Menor,County Highway Agency,0,Sin jurisdiccion especial,99998,28.25165278,-82.18308889,Barda,El primer evento no fue una colision con un vehiculo automotor en transporte,Not an Intersection,No fue interseccion,Sobre el lado de la calle,"Zona de trabajo, tipo desconocido",Dia total,Despejado,No,NO APLICA,99,99,99,99,1,26/10/2022,1
12,Florida,122968,1,1,1,0,99,PALM BEACH (99),2446,PALM SPRINGS,11,Noviembre,19,2022,2,40,DAVIS RD,6,Calle Local Municipalidad,Urbano,Arteria Menor,City or Municipal Highway Agency,0,Sin jurisdiccion especial,99998,26.62883611,-80.09679722,Peaton,El primer evento no fue una colision con un vehiculo automotor en transporte,Four-Way Intersection,Interseccion de 4 direcciones,Sobre calle,Ninguna,Oscuro - iluminacion desconocida,Despejado,No,NO APLICA,99,99,99,99,1,19/11/2022,1
12,Florida,122969,0,0,2,0,99,PALM BEACH (99),290,BOCA RATON,11,Noviembre,24,2022,12,13,SR-794,3,Highway estatal,Urbano,Arteria Principal,State Highway Agency,0,Sin jurisdiccion especial,99998,26.39450556,-80.09555,Vehiculo en movimiento,Angulo,Four-Way Intersection,Interseccion de 4 direcciones,Sobre calle,Ninguna,Dia total,Despejado,No,NO APLICA,99,99,99,99,1,24/11/2022,2
12,Florida,122970,0,0,1,0,31,DUVAL (31),1510,JACKSONVILLE,11,Noviembre,26,2022,12,40,US-17,2,US Highway,Urbano,Arteria Principal,State Highway Agency,1,Sin jurisdiccion especial,99998,30.22055,-81.70201944,Poste,El primer evento no fue una colision con un vehiculo automotor en transporte,Not an Intersection,No fue interseccion,Sobre el lado de la calle,Ninguna,Dia total,Nublado,No,NO APLICA,99,99,99,99,1,26/11/2022,1
12,Florida,122971,0,0,2,0,86,MIAMI-DADE (86),0,NO APLICA,11,Noviembre,26,2022,10,50,NW 32ND AVE,6,Calle Local Municipalidad,Urbano,Arteria Menor,City or Municipal Highway Agency,0,Sin jurisdiccion especial,99998,25.86519444,-80.25067222,Vehiculo en movimiento,Frente a frente,Not an Intersection,No fue interseccion,Sobre calle,Ninguna,Dia total,Despejado,No,NO APLICA,99,99,99,99,1,26/11/2022,3
12,Florida,122972,0,0,2,0,49,HARDEE (49),0,NO APLICA,12,Diciembre,1,2022,18,26,SR-64,3,Highway estatal,Rural,Arteria Menor,State Highway Agency,1,Sin jurisdiccion especial,99998,27.54875833,-81.70879722,Vehiculo en movimiento,Frente a frente,Not an Intersection,No fue interseccion,Sobre calle,Ninguna,Oscuro sin iluminacion,Despejado,No,NO APLICA,99,99,99,99,1,01/12/2022,3
12,Florida,122973,1,1,1,0,9,BREVARD (9),1990,MELBOURNE,11,Noviembre,21,2022,19,27,W NASA BLVD,6,Calle Local Municipalidad,Urbano,Arteria Principal,Not Reported,1,Sin jurisdiccion especial,99998,28.09779444,-80.65983889,Ciclista,El primer evento no fue una colision con un vehiculo automotor en transporte,Not an Intersection,No fue interseccion,Sobre calle,Ninguna,Oscuro con iluminacion,lluvia,No,NO APLICA,99,99,99,99,1,21/11/2022,1
12,Florida,122974,0,0,1,0,127,VOLUSIA (127),810,DELAND,11,Noviembre,24,2022,1,20,SR-44,3,Highway estatal,Urbano,Arteria Principal,State Highway Agency,0,Sin jurisdiccion especial,99998,29.02793889,-81.32418056,Poste o otros soportes,El primer evento no fue una colision con un vehiculo automotor en transporte,Four-Way Intersection,Interseccion de 4 direcciones,Sobre el lado de la calle,Ninguna,Oscuro con iluminacion,Neblina o Humo,No,NO APLICA,99,99,99,99,1,24/11/2022,1
12,Florida,122975,0,0,2,0,105,POLK (105),0,NO APLICA,11,Noviembre,26,2022,17,41,SR-540,3,Highway estatal,Urbano,Arteria Principal,State Highway Agency,0,Sin jurisdiccion especial,99998,27.98199722,-81.67575,Vehiculo en movimiento,Angulo,Four-Way Intersection,Interseccion de 4 direcciones,Sobre calle,Ninguna,Atardecer,Despejado,No,NO APLICA,99,99,99,99,1,26/11/2022,4
12,Florida,122976,0,0,1,0,23,COLUMBIA (23),0,NO APLICA,11,Noviembre,27,2022,20,15,US-27,2,US Highway,Rural,Arteria Principal,State Highway Agency,1,Sin jurisdiccion especial,99998,29.8782,-82.66095,Arbol,El primer evento no fue una colision con un vehiculo automotor en transporte,Not an Intersection,No fue interseccion,Sobre el lado de la calle,Ninguna,Oscuro sin iluminacion,Despejado,No,NO APLICA,99,99,99,99,1,27/11/2022,3
12,Florida,122977,0,0,2,0,121,SUWANNEE (121),0,NO APLICA,12,Diciembre,1,2022,18,5,SR-51,3,Highway estatal,Rural,Arteria Menor,State Highway Agency,0,Sin jurisdiccion especial,99998,30.24636944,-83.04701111,Vehiculo en movimiento,Angulo,Four-Way Intersection,Interseccion de 4 direcciones,Sobre calle,Ninguna,Oscuro sin iluminacion,Despejado,No,NO APLICA,99,99,99,99,1,01/12/2022,5
12,Florida,122978,1,1,1,0,101,PASCO (101),0,NO APLICA,12,Diciembre,4,2022,20,45,CR-54,4,Calle del Condado,Urbano,Arteria Menor,County Highway Agency,0,Sin jurisdiccion especial,99998,28.25193056,-82.14525833,No vehiculo o remolque,El primer evento no fue una colision con un vehiculo automotor en transporte,Not an Intersection,No fue interseccion,Sobre calle,Ninguna,Oscuro sin iluminacion,Otro,No,NO APLICA,99,99,99,99,1,04/12/2022,2
12,Florida,122980,0,0,2,0,31,DUVAL (31),1510,JACKSONVILLE,10,Octubre,24,2022,18,30,OLD PLANK RD,8,Otro,Urbano,Colector Mayor,City or Municipal Highway Agency,0,Sin jurisdiccion especial,99998,30.32651667,-81.77494444,Vehiculo en movimiento,Frente a frente,Not an Intersection,No fue interseccion,Sobre calle,Ninguna,Dia total,Despejado,No,NO APLICA,99,99,99,99,1,24/10/2022,2
12,Florida,122981,0,0,2,0,117,SEMINOLE (117),2770,SANFORD,11,Noviembre,2,2022,15,34,US-17 S FRENCH AVE,2,US Highway,Urbano,Arteria Principal,State Highway Agency,1,Sin jurisdiccion especial,99998,28.78662778,-81.27308889,Vehiculo en movimiento,Angulo,Four-Way Intersection,Interseccion de 4 direcciones,Sobre calle,Ninguna,Dia total,Despejado,No,NO APLICA,99,99,99,99,1,02/11/2022,4
12,Florida,122982,1,1,1,0,111,ST LUCIE (111),2601,PORT SAINT LUCIE,11,Noviembre,17,2022,1,37,SW SAVONA BLVD,6,Calle Local Municipalidad,Urbano,Arteria Menor,City or Municipal Highway Agency,0,Sin jurisdiccion especial,99998,27.25589167,-80.38997778,Peaton,El primer evento no fue una colision con un vehiculo automotor en transporte,Not an Intersection,No fue interseccion,Sobre calle,Ninguna,Oscuro con iluminacion,Despejado,No,NO APLICA,99,99,99,99,1,17/11/2022,2
12,Florida,122983,0,0,1,0,11,BROWARD (11),771,DAVIE,11,Noviembre,27,2022,2,3,I-75,1,Interestatal,Urbano,Interestatal,State Highway Agency,1,Sin jurisdiccion especial,99998,26.0418,-80.35305278,Arbol,El primer evento no fue una colision con un vehiculo automotor en transporte,Not an Intersection,No fue interseccion,Sobre el lado de la calle,Ninguna,Oscuro con iluminacion,Despejado,No,NO APLICA,99,99,99,99,1,27/11/2022,1
12,Florida,122984,1,1,1,0,15,CHARLOTTE (15),2573,PORT CHARLOTTE,12,Diciembre,1,2022,15,30,CR-769 KINGS HWY,4,Calle del Condado,Urbano,Arteria Menor,County Highway Agency,0,Sin jurisdiccion especial,99998,26.97265556,-82.0665,Ciclista,El primer evento no fue una colision con un vehiculo automotor en transporte,Four-Way Intersection,Interseccion de 4 direcciones,Sobre calle,Ninguna,Dia total,Despejado,No,NO APLICA,99,99,99,99,1,01/12/2022,2