Estado,Nombre de Estado,Numero de Caso,Peatones,Personas _no_vehiculos,Vehiculos automotores,Vehiculos estacionados,Condado,Nombre Condado,Ciudad,Nombre Ciudad,Mes,Nombre Mes,Dia,Año,Hora,Minuto,Calle,Ruta,Nombre Ruta,Rural o Urbanoo,Sistema Funcional,Dueño Calle,Sistema Nacional Carreteras,Jurisdiccion Especial,Milla,Latitud,Longitud,Causa del Accidente,Tipo de Accidente,Tipo Interseccion,Columna1,Lugar en la calle,Zona de Trabajo,Luz,Clima,Autobus Escolar,Cruce de Trenes,Hora Notificacion,Minuto Notificacion,Hora Llegada,Minuto Llegada,Decesos,Fecha,PersonaVehiculo
12,Florida,122986,1,1,1,0,31,DUVAL (31),1510,JACKSONVILLE,10,Octubre,24,2022,11,0,SR-115,3,Highway estatal,Urbano,Arteria Menor,State Highway Agency,0,Sin jurisdiccion especial,99998,30.3996,-81.683725,Ciclista,El primer evento no fue una colision con un vehiculo automotor en transporte,Four-Way Intersection,Interseccion de 4 direcciones,Sobre calle,Ninguna,Dia total,Despejado,No,NO APLICA,99,99,99,99,1,24/10/2022,1
12,Florida,122988,0,0,2,0,67,LAFAYETTE (67),0,NO APLICA,12,Diciembre,2,2022,22,0,US-27,2,US Highway,Rural,Arteria Principal,State Highway Agency,1,Sin jurisdiccion especial,99998,30.10477778,-83.24556667,Vehiculo en movimiento,Angulo,Not an Intersection,No fue interseccion,Sobre calle,Ninguna,Oscuro sin iluminacion,Despejado,No,NO APLICA,99,99,99,99,1,02/12/2022,5
12,Florida,122989,0,0,3,0,73,LEON (73),0,NO APLICA,12,Diciembre,2,2022,12,5,SR-263,3,Highway estatal,Urbano,Arteria Principal,State Highway Agency,1,Sin jurisdiccion especial,99998,30.50655278,-84.36175278,Vehiculo en movimiento,Angulo,Not an Intersection,No fue interseccion,Sobre calle,Ninguna,Dia total,Despejado,No,NO APLICA,99,99,99,99,1,02/12/2022,3
12,Florida,122990,0,0,1,0,71,LEE (71),1070,FORT MYERS,12,Diciembre,5,2022,3,24,LEE BLVD,6,Calle Local Municipalidad,Urbano,Arteria Menor,County Highway Agency,0,Sin jurisdiccion especial,99998,26.61980278,-81.76666389,Arbol,El primer evento no fue una colision con un vehiculo automotor en transporte,Not an Intersection,No fue interseccion,Sobre el lado de la calle,Ninguna,Oscuro con iluminacion,Despejado,No,NO APLICA,99,99,99,99,1,05/12/2022,1
12,Florida,122991,0,0,2,0,86,MIAMI-DADE (86),0,NO APLICA,12,Diciembre,3,2022,13,10,SR-997 SB,3,Highway estatal,Rural,Arteria Principal,State Highway Agency,0,Sin jurisdiccion especial,99998,25.95068056,-80.43106944,Vehiculo en movimiento,Frente a Detrás,Not an Intersection,No fue interseccion,Sobre calle,Ninguna,Dia total,Despejado,No,NO APLICA,99,99,99,99,1,03/12/2022,2
12,Florida,122993,0,0,2,0,71,LEE (71),457,CAPE CORAL,11,Noviembre,24,2022,15,48,NW 15TH TER,8,Otro,Urbano,Local,City or Municipal Highway Agency,0,Sin jurisdiccion especial,99998,77.7777,777.7777,Vehiculo en movimiento,Angulo,Four-Way Intersection,Interseccion de 4 direcciones,Sobre calle,Ninguna,Dia total,Despejado,No,NO APLICA,99,99,99,99,1,24/11/2022,3
12,Florida,122994,0,0,3,0,9,BREVARD (9),0,NO APLICA,11,Noviembre,26,2022,2,0,US-1,2,US Highway,Urbano,Arteria Principal,State Highway Agency,1,Sin jurisdiccion especial,99998,28.50563889,-80.78428056,Vehiculo en movimiento,Frente a Detrás,Not an Intersection,No fue interseccion,Sobre calle,Ninguna,Oscuro - iluminacion desconocida,Despejado,No,NO APLICA,99,99,99,99,1,26/11/2022,4
12,Florida,122995,0,0,1,0,13,CALHOUN (13),40,ALTHA,12,Diciembre,3,2022,12,30,NW WALTER POTTS RD,8,Otro,Rural,Local,Town or Township Highway Agency,0,Sin jurisdiccion especial,99998,30.54724167,-85.34156111,Poste,El primer evento no fue una colision con un vehiculo automotor en transporte,Not an Intersection,No fue interseccion,Sobre el lado de la calle,Ninguna,Dia total,Despejado,No,NO APLICA,99,99,99,99,1,03/12/2022,1
12,Florida,122996,0,0,2,0,103,PINELLAS (103),570,CLEARWATER,12,Diciembre,4,2022,0,25,SR-60,3,Highway estatal,Urbano,Arteria Principal,State Highway Agency,1,Sin jurisdiccion especial,99998,27.96044722,-82.73046667,Vehiculo en movimiento,Angulo,Four-Way Intersection,Interseccion de 4 direcciones,Sobre calle,"Zona de trabajo, tipo desconocido",Oscuro con iluminacion,Despejado,No,NO APLICA,99,99,99,99,1,04/12/2022,2
12,Florida,122997,1,1,2,0,87,MONROE (87),0,NO APLICA,11,Noviembre,12,2022,16,45,US-1,2,US Highway,Rural,Arteria Principal,State Highway Agency,1,Sin jurisdiccion especial,99998,24.78011944,-80.91548056,Vehiculo en movimiento,Angulo,T-Intersection,Interseccion de T,Sobre calle,Ninguna,Dia total,Despejado,No,NO APLICA,99,99,99,99,1,12/11/2022,2
12,Florida,122998,1,1,1,0,57,HILLSBOROUGH (57),0,NO APLICA,11,Noviembre,24,2022,19,52,SR-60,3,Highway estatal,Urbano,Arteria Principal,State Highway Agency,1,Sin jurisdiccion especial,99998,27.93791667,-82.23239167,Peaton,El primer evento no fue una colision con un vehiculo automotor en transporte,Not an Intersection,No fue interseccion,Sobre calle,Ninguna,Oscuro sin iluminacion,Despejado,No,NO APLICA,99,99,99,99,1,24/11/2022,1
12,Florida,122999,0,0,1,0,103,PINELLAS (103),0,NO APLICA,11,Noviembre,29,2022,16,3,I-275,1,Interestatal,Urbano,Interestatal,State Highway Agency,1,Sin jurisdiccion especial,99998,27.90788889,-82.63076944,Volcadura,El primer evento no fue una colision con un vehiculo automotor en transporte,Not an Intersection,No fue interseccion,Fuera de la calle,Ninguna,Dia total,Despejado,No,NO APLICA,99,99,99,99,1,29/11/2022,1
12,Florida,123000,0,0,2,0,1,ALACHUA (1),0,NO APLICA,12,Diciembre,2,2022,16,0,SR-26,3,Highway estatal,Rural,Arteria Principal,State Highway Agency,0,Sin jurisdiccion especial,99998,29.65405,-82.52348056,Vehiculo en movimiento,Angulo,Four-Way Intersection,Interseccion de 4 direcciones,Sobre calle,Ninguna,Dia total,Despejado,No,NO APLICA,99,99,99,99,2,02/12/2022,3
12,Florida,123001,1,1,1,0,95,ORANGE (95),0,NO APLICA,12,Diciembre,6,2022,18,55,SR- 436,3,Highway estatal,Urbano,Arteria Principal,State Highway Agency,1,Sin jurisdiccion especial,99998,28.60180556,-81.30726944,Peaton,El primer evento no fue una colision con un vehiculo automotor en transporte,Not an Intersection,No fue interseccion,Sobre calle,Ninguna,Oscuro con iluminacion,Despejado,No,NO APLICA,99,99,99,99,1,06/12/2022,1
12,Florida,123002,0,0,6,0,83,MARION (83),0,NO APLICA,10,Octubre,26,2022,13,10,I-75,1,Interestatal,Urbano,Interestatal,State Highway Agency,1,Sin jurisdiccion especial,99998,28.99271111,-82.14296111,Vehiculo en movimiento,Golpe Lateral - misma direccion,Not an Intersection,No fue interseccion,Sobre calle,Ninguna,Dia total,Despejado,No,NO APLICA,99,99,99,99,3,26/10/2022,12
12,Florida,123003,0,0,1,0,95,ORANGE (95),0,NO APLICA,12,Diciembre,4,2022,23,50,EXCHANGE DR,6,Calle Local Municipalidad,Urbano,Colector Mayor,City or Municipal Highway Agency,0,Sin jurisdiccion especial,99998,28.44165556,-81.41303056,Acotamiento,El primer evento no fue una colision con un vehiculo automotor en transporte,Not an Intersection,No fue interseccion,Sobre el lado de la calle,Ninguna,Oscuro con iluminacion,Despejado,No,NO APLICA,99,99,99,99,1,04/12/2022,1
12,Florida,123004,1,1,1,0,95,ORANGE (95),0,NO APLICA,12,Diciembre,5,2022,6,5,SR-551,3,Highway estatal,Urbano,Arteria Menor,State Highway Agency,0,Sin jurisdiccion especial,99998,28.523225,-81.28551667,Peaton,El primer evento no fue una colision con un vehiculo automotor en transporte,Not an Intersection,No fue interseccion,Sobre calle,Ninguna,Amanecer,Despejado,No,NO APLICA,99,99,99,99,1,05/12/2022,1
12,Florida,123005,1,1,1,0,127,VOLUSIA (127),920,EDGEWATER,4,Abril,5,2022,8,44,US-1 RIDGEWOOD AVE,2,US Highway,Urbano,Arteria Principal,State Highway Agency,1,Sin jurisdiccion especial,99998,77.7777,777.7777,Ciclista,El primer evento no fue una colision con un vehiculo automotor en transporte,Not an Intersection,No fue interseccion,Sobre calle,Ninguna,Dia total,Despejado,No,NO APLICA,99,99,99,99,1,05/04/2022,1
12,Florida,123006,2,2,1,0,86,MIAMI-DADE (86),2010,MIAMI,12,Diciembre,4,2022,10,20,8TH AVE,6,Calle Local Municipalidad,Urbano,Local,City or Municipal Highway Agency,0,Sin jurisdiccion especial,99998,25.79185833,-80.20893889,Peaton,El primer evento no fue una colision con un vehiculo automotor en transporte,Not an Intersection,No fue interseccion,Sobre el lado de la calle,Ninguna,Dia total,Despejado,No,NO APLICA,99,99,99,99,1,04/12/2022,1
12,Florida,123007,0,0,2,0,71,LEE (71),0,NO APLICA,12,Diciembre,6,2022,16,10,GREENBRIAR BLVD,8,Otro,Urbano,Colector Mayor,County Highway Agency,0,Sin jurisdiccion especial,99998,26.67755278,-81.61124167,Vehiculo en movimiento,Angulo,Four-Way Intersection,Interseccion de 4 direcciones,Sobre calle,Ninguna,Dia total,Despejado,No,NO APLICA,99,99,99,99,1,06/12/2022,2
12,Florida,123008,0,0,1,0,117,SEMINOLE (117),30,ALTAMONTE SPRINGS,12,Diciembre,3,2022,1,35,SR-414 RAMP,3,Highway estatal,Urbano,Arteria Principal,State Highway Agency,0,Sin jurisdiccion especial,99998,28.64014444,-81.40833333,Volcadura,El primer evento no fue una colision con un vehiculo automotor en transporte,Not an Intersection,No fue interseccion,Sobre calle,Ninguna,Oscuro con iluminacion,Nublado,No,NO APLICA,99,99,99,99,1,03/12/2022,1
12,Florida,123009,1,1,1,0,57,HILLSBOROUGH (57),355,BRANDON,12,Diciembre,8,2022,17,45,WOODBERRY RD,8,Otro,Urbano,Colector Mayor,County Highway Agency,0,Sin jurisdiccion especial,99998,27.95234444,-82.31803056,Peaton,El primer evento no fue una colision con un vehiculo automotor en transporte,Not an Intersection,No fue interseccion,Sobre calle,Ninguna,Dia total,Despejado,No,NO APLICA,99,99,99,99,1,08/12/2022,2
12,Florida,123010,1,1,1,0,95,ORANGE (95),0,NO APLICA,10,Octubre,10,2022,20,46,LANCASTER RD,5,Calle Local - Pueblo,Urbano,Colector Menor,County Highway Agency,0,Sin jurisdiccion especial,99998,28.46539722,-81.37747778,Ciclista,El primer evento no fue una colision con un vehiculo automotor en transporte,Four-Way Intersection,Interseccion de 4 direcciones,Sobre calle,Ninguna,Oscuro sin iluminacion,Despejado,No,NO APLICA,99,99,99,99,1,10/10/2022,1
12,Florida,123011,0,0,3,0,31,DUVAL (31),1510,JACKSONVILLE,11,Noviembre,4,2022,21,15,SR-15,3,Highway estatal,Urbano,Arterial Principal -Freeway o ExpressWay,State Highway Agency,1,Sin jurisdiccion especial,99998,30.28653611,-81.55877778,Vehiculo en movimiento,Frente a Detrás,Not an Intersection,No fue interseccion,Sobre calle,"Zona de trabajo, tipo desconocido",Oscuro con iluminacion,Despejado,No,NO APLICA,99,99,99,99,2,04/11/2022,4
12,Florida,123012,0,0,1,0,95,ORANGE (95),0,NO APLICA,11,Noviembre,16,2022,3,6,PALM PARKWAY,8,Otro,Urbano,Arteria Menor,County Highway Agency,0,Sin jurisdiccion especial,99998,28.38784167,-81.49900556,Banqueta,El primer evento no fue una colision con un vehiculo automotor en transporte,Not an Intersection,No fue interseccion,En el medio,Ninguna,Oscuro con iluminacion,Nublado,No,NO APLICA,99,99,99,99,1,16/11/2022,1
12,Florida,123013,1,1,1,0,105,POLK (105),0,NO APLICA,11,Noviembre,22,2022,5,57,US-98,2,US Highway,Urbano,Arteria Principal,State Highway Agency,1,Sin jurisdiccion especial,99998,27.87514444,-81.82854444,Peaton,El primer evento no fue una colision con un vehiculo automotor en transporte,Four-Way Intersection,Interseccion de 4 direcciones,Sobre calle,Ninguna,Oscuro sin iluminacion,Despejado,No,NO APLICA,99,99,99,99,1,22/11/2022,1
12,Florida,123014,1,1,2,1,86,MIAMI-DADE (86),0,NO APLICA,11,Noviembre,7,2022,12,4,SR-821,3,Highway estatal,Urbano,Arterial Principal -Freeway o ExpressWay,State Highway Agency,1,Sin jurisdiccion especial,99998,25.84083611,-80.38716111,Vehiculo Aparcado,El primer evento no fue una colision con un vehiculo automotor en transporte,Not an Intersection,No fue interseccion,Sobre el lado de la calle,Ninguna,Dia total,Nublado,No,NO APLICA,99,99,99,99,1,07/11/2022,1
12,Florida,123015,1,1,1,0,51,HENDRY (51),0,NO APLICA,11,Noviembre,28,2022,2,45,US-27,2,US Highway,Urbano,Arteria Principal,State Highway Agency,1,Sin jurisdiccion especial,99998,26.75406944,-80.95301944,Soporte de  señalamiento de transito,El primer evento no fue una colision con un vehiculo automotor en transporte,Not an Intersection,No fue interseccion,Sobre calle,Ninguna,Oscuro con iluminacion,Neblina o Humo,No,627695X,99,99,99,97,1,28/11/2022,1
12,Florida,123016,1,1,1,0,97,OSCEOLA (97),0,NO APLICA,12,Diciembre,2,2022,23,50,US-17,2,US Highway,Urbano,Arteria Principal,State Highway Agency,1,Sin jurisdiccion especial,99998,28.26029444,-81.506975,Ciclista,El primer evento no fue una colision con un vehiculo automotor en transporte,Not an Intersection,No fue interseccion,Sobre calle,Ninguna,Oscuro con iluminacion,Despejado,No,NO APLICA,99,99,99,99,1,02/12/2022,1
12,Florida,123017,1,1,1,0,97,OSCEOLA (97),0,NO APLICA,12,Diciembre,6,2022,21,30,POINCIANA BLVD,6,Calle Local Municipalidad,Urbano,Local,City or Municipal Highway Agency,0,Sin jurisdiccion especial,99998,28.33301111,-81.4895,Peaton,El primer evento no fue una colision con un vehiculo automotor en transporte,Four-Way Intersection,Interseccion de 4 direcciones,Sobre calle,Ninguna,Oscuro con iluminacion,Despejado,No,NO APLICA,99,99,99,99,1,06/12/2022,1
12,Florida,123018,1,1,1,0,61,INDIAN RIVER (61),0,NO APLICA,12,Diciembre,9,2022,17,25,CR-605,4,Calle del Condado,Urbano,Arteria Menor,County Highway Agency,0,Sin jurisdiccion especial,99998,27.6087,-80.38841111,Ciclista,El primer evento no fue una colision con un vehiculo automotor en transporte,Not an Intersection,No fue interseccion,Sobre calle,Ninguna,Dia total,Despejado,No,NO APLICA,99,99,99,99,1,09/12/2022,2
12,Florida,123019,1,1,1,0,95,ORANGE (95),0,NO APLICA,12,Diciembre,9,2022,19,22,SR-436,3,Highway estatal,Urbano,Arteria Principal,State Highway Agency,1,Sin jurisdiccion especial,99998,28.57891111,-81.30888056,Peaton,El primer evento no fue una colision con un vehiculo automotor en transporte,T-Intersection,Interseccion de T,Sobre calle,Ninguna,Oscuro con iluminacion,Despejado,No,NO APLICA,99,99,99,99,1,09/12/2022,1
12,Florida,123020,1,1,1,0,99,PALM BEACH (99),3190,WEST PALM BEACH,12,Diciembre,9,2022,17,7,SR-704,3,Highway estatal,Urbano,Arteria Principal,State Highway Agency,1,Sin jurisdiccion especial,99998,26.70905278,-80.18564167,Ciclista,El primer evento no fue una colision con un vehiculo automotor en transporte,Not an Intersection,No fue interseccion,Sobre el lado de la calle,Ninguna,Dia total,Despejado,No,NO APLICA,99,99,99,99,1,09/12/2022,1
12,Florida,123021,0,0,2,0,95,ORANGE (95),0,NO APLICA,12,Diciembre,11,2022,14,40,PALM PARKWAY,6,Calle Local Municipalidad,Urbano,Arteria Menor,City or Municipal Highway Agency,0,Sin jurisdiccion especial,99998,28.40769167,-81.480475,Vehiculo en movimiento,Frente a frente,Not an Intersection,No fue interseccion,Sobre calle,Ninguna,Dia total,Despejado,No,NO APLICA,99,99,99,99,2,11/12/2022,2
12,Florida,123023,0,0,1,0,105,POLK (105),0,NO APLICA,10,Octubre,1,2022,6,11,OLD BARTOW LAKE WALES RD,8,Otro,Rural,Local,City or Municipal Highway Agency,0,Sin jurisdiccion especial,99998,27.92356667,-81.696775,Otro objeto (no fijo),El primer evento no fue una colision con un vehiculo automotor en transporte,Not an Intersection,No fue interseccion,Sobre calle,Ninguna,Oscuro sin iluminacion,Despejado,No,NO APLICA,99,99,99,99,1,01/10/2022,2
12,Florida,123024,2,3,3,2,86,MIAMI-DADE (86),0,NO APLICA,11,Noviembre,19,2022,23,57,SR-41,3,Highway estatal,Urbano,Arteria Principal,State Highway Agency,1,Sin jurisdiccion especial,99998,25.7619,-80.34414444,Vehiculo Aparcado,El primer evento no fue una colision con un vehiculo automotor en transporte,Not an Intersection,No fue interseccion,Sobre calle,Ninguna,Oscuro con iluminacion,Despejado,No,NO APLICA,99,99,99,99,1,19/11/2022,2
12,Florida,123025,0,0,2,0,81,MANATEE (81),0,NO APLICA,12,Diciembre,2,2022,14,10,SR-684,3,Highway estatal,Urbano,Arteria Principal,State Highway Agency,0,Sin jurisdiccion especial,99998,27.46371944,-82.66946111,Vehiculo en movimiento,Angulo,T-Intersection,Interseccion de T,Sobre calle,Ninguna,Dia total,Despejado,No,NO APLICA,99,99,99,99,1,02/12/2022,2
12,Florida,123026,0,0,2,0,99,PALM BEACH (99),1750,LAKE WORTH,12,Diciembre,2,2022,3,58,I-95,1,Interestatal,Urbano,Interestatal,State Highway Agency,1,Sin jurisdiccion especial,99998,26.6158,-80.06845833,Vehiculo en movimiento,Frente a frente,Not an Intersection,No fue interseccion,Sobre calle,Ninguna,Oscuro con iluminacion,Despejado,No,NO APLICA,99,99,99,99,1,02/12/2022,2
12,Florida,123028,1,1,1,0,127,VOLUSIA (127),2375,ORMOND BEACH,11,Noviembre,21,2022,18,50,SR-5A,3,Highway estatal,Urbano,Arteria Principal,State Highway Agency,1,Sin jurisdiccion especial,99998,29.27705833,-81.08280833,Peaton,El primer evento no fue una colision con un vehiculo automotor en transporte,Not an Intersection,No fue interseccion,Sobre calle,Ninguna,Oscuro con iluminacion,Despejado,No,NO APLICA,99,99,99,99,1,21/11/2022,1
12,Florida,123029,0,0,3,0,105,POLK (105),0,NO APLICA,12,Diciembre,3,2022,7,56,SR-60 W,3,Highway estatal,Urbano,Arteria Principal,State Highway Agency,0,Sin jurisdiccion especial,99998,27.90133611,-81.65265278,Vehiculo en movimiento,Angulo,Not an Intersection,No fue interseccion,Sobre calle,Ninguna,Dia total,Despejado,No,NO APLICA,99,99,99,99,2,03/12/2022,7
12,Florida,123030,1,1,1,0,57,HILLSBOROUGH (57),1847,LUTZ,12,Diciembre,6,2022,17,55,US-41,2,US Highway,Urbano,Arteria Principal,State Highway Agency,1,Sin jurisdiccion especial,99998,28.13919722,-82.46296111,Peaton,El primer evento no fue una colision con un vehiculo automotor en transporte,Not an Intersection,No fue interseccion,Sobre calle,Ninguna,Atardecer,Despejado,No,NO APLICA,17,54,18,0,1,06/12/2022,1
12,Florida,123031,0,0,2,0,103,PINELLAS (103),2730,SAINT PETERSBURG,12,Diciembre,7,2022,21,24,1ST AVE N,6,Calle Local Municipalidad,Urbano,Arteria Menor,City or Municipal Highway Agency,0,Sin jurisdiccion especial,99998,27.77183333,-82.69025,Vehiculo en movimiento,Angulo,Four-Way Intersection,Interseccion de 4 direcciones,Sobre calle,Ninguna,Oscuro con iluminacion,Despejado,No,NO APLICA,99,99,99,99,1,07/12/2022,4
12,Florida,123032,0,0,1,0,103,PINELLAS (103),2730,SAINT PETERSBURG,12,Diciembre,7,2022,12,40,CENTRAL AVE,6,Calle Local Municipalidad,Urbano,Arteria Menor,Town or Township Highway Agency,0,Sin jurisdiccion especial,99998,27.77081111,-82.71943333,Banqueta,El primer evento no fue una colision con un vehiculo automotor en transporte,Not an Intersection,No fue interseccion,Sobre el lado de la calle,Ninguna,Dia total,Despejado,No,NO APLICA,99,99,99,99,1,07/12/2022,1
12,Florida,123033,0,0,2,0,115,SARASOTA (115),2780,SARASOTA,10,Octubre,17,2022,19,18,DR MLK JR WAY,6,Calle Local Municipalidad,Urbano,Colector Menor,County Highway Agency,0,Sin jurisdiccion especial,99998,27.35965833,-82.53380278,Vehiculo en movimiento,Frente a frente,Four-Way Intersection,Interseccion de 4 direcciones,Sobre calle,Ninguna,Oscuro con iluminacion,Despejado,No,NO APLICA,99,99,99,99,1,17/10/2022,2
12,Florida,123034,1,1,1,0,71,LEE (71),312,BONITA SPRINGS,12,Diciembre,10,2022,18,17,BONITA BEACH RD SE,6,Calle Local Municipalidad,Urbano,Arteria Menor,City or Municipal Highway Agency,0,Sin jurisdiccion especial,99998,26.33111389,-81.78229444,Peaton,El primer evento no fue una colision con un vehiculo automotor en transporte,Not an Intersection,No fue interseccion,Sobre calle,Ninguna,Oscuro sin iluminacion,Despejado,No,NO APLICA,99,99,99,99,1,10/12/2022,1
12,Florida,123035,1,1,1,0,83,MARION (83),0,NO APLICA,12,Diciembre,13,2022,4,35,CR-316,4,Calle del Condado,Rural,Colector Mayor,County Highway Agency,1,Sin jurisdiccion especial,99998,29.37179444,-81.91496389,Ciclista,El primer evento no fue una colision con un vehiculo automotor en transporte,Not an Intersection,No fue interseccion,Sobre calle,Ninguna,Oscuro sin iluminacion,Neblina o Humo,No,NO APLICA,99,99,99,99,1,13/12/2022,1
12,Florida,123036,0,0,1,0,31,DUVAL (31),1510,JACKSONVILLE,12,Diciembre,13,2022,14,23,SR-228,3,Highway estatal,Urbano,Arterial Principal -Freeway o ExpressWay,City or Municipal Highway Agency,0,Sin jurisdiccion especial,99998,30.30264444,-81.61210556,Barrera de Trafico de Concreto,El primer evento no fue una colision con un vehiculo automotor en transporte,Not an Intersection,No fue interseccion,Sobre el lado de la calle,Ninguna,Dia total,Despejado,No,NO APLICA,99,99,99,99,1,13/12/2022,1
12,Florida,123037,1,1,1,0,105,POLK (105),0,NO APLICA,9,Septiembre,22,2022,1,30,OTTO POLK RD,8,Otro,Rural,Local,City or Municipal Highway Agency,0,Sin jurisdiccion especial,99998,27.70135556,-81.58216111,Peaton,El primer evento no fue una colision con un vehiculo automotor en transporte,Not an Intersection,No fue interseccion,Sobre calle,Ninguna,Oscuro sin iluminacion,Despejado,No,NO APLICA,99,99,99,99,1,22/09/2022,3
12,Florida,123038,0,0,2,0,95,ORANGE (95),0,NO APLICA,10,Octubre,29,2022,19,16,SR-91 FLORIDAS TPKE,3,Highway estatal,Urbano,Arterial Principal -Freeway o ExpressWay,State Highway Agency,1,Sin jurisdiccion especial,99998,28.41688889,-81.39186944,Vehiculo en movimiento,Frente a Detrás,Not an Intersection,No fue interseccion,Sobre calle,Ninguna,Atardecer,Despejado,No,NO APLICA,99,99,99,99,1,29/10/2022,2
12,Florida,123039,0,1,2,1,117,SEMINOLE (117),2770,SANFORD,11,Noviembre,4,2022,14,50,I-4,1,Interestatal,Urbano,Interestatal,State Highway Agency,1,Sin jurisdiccion especial,99998,28.80919722,-81.338725,Vehiculo Aparcado,El primer evento no fue una colision con un vehiculo automotor en transporte,Not an Intersection,No fue interseccion,Sobre calle,"Zona de trabajo, tipo desconocido",Dia total,Despejado,No,NO APLICA,99,99,99,99,1,04/11/2022,1
12,Florida,123040,1,1,1,0,105,POLK (105),1690,LAKELAND,11,Noviembre,7,2022,22,55,US-98,2,US Highway,Urbano,Arteria Principal,State Highway Agency,1,Sin jurisdiccion especial,99998,77.7777,777.7777,Peaton,El primer evento no fue una colision con un vehiculo automotor en transporte,Not an Intersection,No fue interseccion,Sobre calle,Ninguna,Oscuro sin iluminacion,Despejado,No,NO APLICA,99,99,99,97,1,07/11/2022,2
12,Florida,123041,0,0,1,0,69,LAKE (69),3030,UMATILLA,11,Noviembre,10,2022,21,0,W 4TH AVE,5,Calle Local - Pueblo,Rural,Local,County Highway Agency,0,Sin jurisdiccion especial,99998,28.94409722,-81.63809722,Arbol,El primer evento no fue una colision con un vehiculo automotor en transporte,T-Intersection,Interseccion de T,Sobre el lado de la calle,Ninguna,Oscuro sin iluminacion,Nublado,No,NO APLICA,99,99,99,99,1,10/11/2022,1
12,Florida,123042,0,0,2,0,57,HILLSBOROUGH (57),0,NO APLICA,11,Noviembre,30,2022,19,15,US-301,2,US Highway,Urbano,Arteria Principal,State Highway Agency,1,Sin jurisdiccion especial,99998,27.93086667,-82.35133611,Vehiculo en movimiento,Angulo,Four-Way Intersection,Interseccion de 4 direcciones,Sobre calle,Ninguna,Oscuro con iluminacion,Nublado,No,NO APLICA,99,99,99,99,1,30/11/2022,2
12,Florida,123043,0,0,1,0,7,BRADFORD (7),0,NO APLICA,12,Diciembre,3,2022,21,17,US-301,2,US Highway,Rural,Arteria Principal,State Highway Agency,1,Sin jurisdiccion especial,99998,29.91043889,-82.13456111,Acotamiento,El primer evento no fue una colision con un vehiculo automotor en transporte,Four-Way Intersection,Interseccion de 4 direcciones,Sobre el lado de la calle,Ninguna,Oscuro con iluminacion,Despejado,No,NO APLICA,99,99,99,99,1,03/12/2022,1
12,Florida,123044,0,0,1,0,31,DUVAL (31),1510,JACKSONVILLE,12,Diciembre,4,2022,15,18,SR-202,3,Highway estatal,Urbano,Interestatal,State Highway Agency,1,Sin jurisdiccion especial,99998,30.25052222,-81.51580833,Barrera de Trafico de Concreto,El primer evento no fue una colision con un vehiculo automotor en transporte,Not an Intersection,No fue interseccion,Sobre el lado de la calle,Ninguna,Dia total,Despejado,No,NO APLICA,99,99,99,99,1,04/12/2022,1
12,Florida,123045,0,0,1,0,23,COLUMBIA (23),0,NO APLICA,12,Diciembre,5,2022,20,50,I-10 RAMP,1,Interestatal,Rural,Interestatal,State Highway Agency,1,Sin jurisdiccion especial,99998,30.24590278,-82.67643333,Poste de Señal de trafico,El primer evento no fue una colision con un vehiculo automotor en transporte,Not an Intersection,No fue interseccion,Sobre el lado de la calle,Ninguna,Oscuro con iluminacion,Nublado,No,NO APLICA,99,99,99,99,1,05/12/2022,1
12,Florida,123046,0,1,2,1,99,PALM BEACH (99),330,BOYNTON BEACH,12,Diciembre,7,2022,18,0,I-95,1,Interestatal,Urbano,Interestatal,State Highway Agency,1,Sin jurisdiccion especial,99998,26.52579444,-80.07256389,Vehiculo Aparcado,El primer evento no fue una colision con un vehiculo automotor en transporte,Not an Intersection,No fue interseccion,Sobre el lado de la calle,Ninguna,Oscuro con iluminacion,Despejado,No,NO APLICA,99,99,99,99,1,07/12/2022,1
12,Florida,123047,1,1,1,0,83,MARION (83),0,NO APLICA,12,Diciembre,7,2022,14,40,SR-35,3,Highway estatal,Urbano,Arteria Menor,State Highway Agency,1,Sin jurisdiccion especial,99998,29.16251111,-82.0535,Peaton,El primer evento no fue una colision con un vehiculo automotor en transporte,Not an Intersection,No fue interseccion,Sobre calle,Ninguna,Dia total,Despejado,No,NO APLICA,99,99,99,99,1,07/12/2022,1
12,Florida,123048,0,0,2,0,57,HILLSBOROUGH (57),2950,TAMPA,12,Diciembre,10,2022,11,40,SR-676,3,Highway estatal,Urbano,Arteria Principal,State Highway Agency,0,Sin jurisdiccion especial,99998,27.92841111,-82.42496389,Vehiculo en movimiento,Angulo,Not an Intersection,No fue interseccion,Sobre calle,Ninguna,Dia total,Despejado,No,NO APLICA,99,99,99,99,1,10/12/2022,2
12,Florida,123049,0,0,1,0,86,MIAMI-DADE (86),2040,MIAMI SPRINGS,11,Noviembre,24,2022,9,17,MELROSE DR,6,Calle Local Municipalidad,Urbano,Local,Town or Township Highway Agency,0,Sin jurisdiccion especial,99998,25.81303611,-80.30383333,Immersion total o parcial,El primer evento no fue una colision con un vehiculo automotor en transporte,T-Intersection,Interseccion de T,Fuera de la calle,Ninguna,Reportada como desconocida,Otro,No,NO APLICA,99,99,99,99,1,24/11/2022,1