Estado,Nombre de Estado,Numero de Caso,Peatones,Personas _no_vehiculos,Vehiculos automotores,Vehiculos estacionados,Condado,Nombre Condado,Ciudad,Nombre Ciudad,Mes,Nombre Mes,Dia,Año,Hora,Minuto,Calle,Ruta,Nombre Ruta,Rural o Urbanoo,Sistema Funcional,Dueño Calle,Sistema Nacional Carreteras,Jurisdiccion Especial,Milla,Latitud,Longitud,Causa del Accidente,Tipo de Accidente,Tipo Interseccion,Columna1,Lugar en la calle,Zona de Trabajo,Luz,Clima,Autobus Escolar,Cruce de Trenes,Hora Notificacion,Minuto Notificacion,Hora Llegada,Minuto Llegada,Decesos,Fecha,PersonaVehiculo
12,Florida,123050,0,0,1,0,86,MIAMI-DADE (86),0,NO APLICA,12,Diciembre,3,2022,4,59,SR-9,3,Highway estatal,Urbano,Arteria Principal,State Highway Agency,0,Sin jurisdiccion especial,99998,25.83887222,-80.24149444,Poste o otros soportes,El primer evento no fue una colision con un vehiculo automotor en transporte,Not an Intersection,No fue interseccion,Sobre el lado de la calle,Ninguna,Oscuro con iluminacion,Despejado,No,NO APLICA,99,99,99,99,1,03/12/2022,1
12,Florida,123051,0,0,1,0,127,VOLUSIA (127),780,DAYTONA BEACH,12,Diciembre,3,2022,9,30,BELLEVUE AVE,6,Calle Local Municipalidad,Urbano,Colector Menor,City or Municipal Highway Agency,0,Sin jurisdiccion especial,99998,29.17311111,-81.05740556,Arbol,El primer evento no fue una colision con un vehiculo automotor en transporte,Not an Intersection,No fue interseccion,Sobre el lado de la calle,Ninguna,Dia total,Despejado,No,NO APLICA,99,99,99,99,1,03/12/2022,1
12,Florida,123052,0,0,1,0,99,PALM BEACH (99),3190,WEST PALM BEACH,12,Diciembre,10,2022,3,50,NORTHLAKE BLVD,6,Calle Local Municipalidad,Urbano,Arteria Menor,Town or Township Highway Agency,0,Sin jurisdiccion especial,99998,26.81154167,-80.19724722,Banqueta,El primer evento no fue una colision con un vehiculo automotor en transporte,T-Intersection,Interseccion de T,Sobre el lado de la calle,Ninguna,Oscuro con iluminacion,Despejado,No,NO APLICA,99,99,99,99,1,10/12/2022,1
12,Florida,123053,0,0,2,0,99,PALM BEACH (99),2431,PALM BEACH GARDENS,3,Marzo,25,2022,19,15,SR-786,3,Highway estatal,Urbano,Arteria Principal,State Highway Agency,0,Sin jurisdiccion especial,99998,26.83962778,-80.15102222,Vehiculo en movimiento,Angulo,Four-Way Intersection,Interseccion de 4 direcciones,Sobre calle,Ninguna,Atardecer,Despejado,No,NO APLICA,99,99,99,99,1,25/03/2022,2
12,Florida,123054,0,0,3,0,105,POLK (105),0,NO APLICA,12,Diciembre,3,2022,18,29,SR-60,3,Highway estatal,Urbano,Arteria Principal,State Highway Agency,0,Sin jurisdiccion especial,99998,27.89413056,-81.52995278,Vehiculo en movimiento,Angulo,Not an Intersection,No fue interseccion,Sobre calle,Ninguna,Oscuro sin iluminacion,Despejado,No,NO APLICA,99,99,99,99,1,03/12/2022,4
12,Florida,123055,0,0,1,0,81,MANATEE (81),0,NO APLICA,12,Diciembre,5,2022,1,30,SR-70,3,Highway estatal,Urbano,Arteria Principal,State Highway Agency,0,Sin jurisdiccion especial,99998,27.36909444,-82.21396389,Animal vivo,El primer evento no fue una colision con un vehiculo automotor en transporte,Not an Intersection,No fue interseccion,Sobre calle,Ninguna,Oscuro sin iluminacion,Despejado,No,NO APLICA,99,99,99,99,1,05/12/2022,1
12,Florida,123057,0,0,1,0,21,COLLIER (21),0,NO APLICA,12,Diciembre,11,2022,14,55,I-75,1,Interestatal,Rural,Interestatal,State Highway Agency,1,Sin jurisdiccion especial,99998,26.16780833,-81.14748056,Volcadura,El primer evento no fue una colision con un vehiculo automotor en transporte,Not an Intersection,No fue interseccion,Sobre calle,"Zona de trabajo, tipo desconocido",Dia total,Despejado,No,NO APLICA,99,99,99,99,1,11/12/2022,1
12,Florida,123058,1,1,1,0,99,PALM BEACH (99),3190,WEST PALM BEACH,12,Diciembre,12,2022,5,13,SR-704 OKEECHOBEE BLVD,3,Highway estatal,Urbano,Arteria Principal,State Highway Agency,1,Sin jurisdiccion especial,99998,26.70623611,-80.24014722,Peaton,El primer evento no fue una colision con un vehiculo automotor en transporte,Not an Intersection,No fue interseccion,Sobre calle,Ninguna,Oscuro con iluminacion,Despejado,No,NO APLICA,99,99,99,99,1,12/12/2022,1
12,Florida,123059,0,0,1,0,99,PALM BEACH (99),1750,LAKE WORTH,12,Diciembre,9,2022,18,49,WASHINGTON AVE,6,Calle Local Municipalidad,Urbano,Local,Town or Township Highway Agency,0,Sin jurisdiccion especial,99998,26.59613611,-80.05473889,Vehiculo Ferrocarril,El primer evento no fue una colision con un vehiculo automotor en transporte,Not an Intersection,No fue interseccion,Sobre calle,Ninguna,Oscuro - iluminacion desconocida,Despejado,No,Unknown,99,99,99,99,1,09/12/2022,1
12,Florida,123060,0,0,2,0,83,MARION (83),870,DUNNELLON,12,Diciembre,10,2022,19,13,CR-484,4,Calle del Condado,Rural,Arteria Menor,County Highway Agency,0,Sin jurisdiccion especial,99998,29.05336944,-82.40363889,Vehiculo en movimiento,Frente a frente,Not an Intersection,No fue interseccion,Sobre calle,Ninguna,Oscuro sin iluminacion,Despejado,No,NO APLICA,99,99,99,99,1,10/12/2022,7
12,Florida,123061,0,0,1,0,99,PALM BEACH (99),0,NO APLICA,12,Diciembre,13,2022,23,12,SR-704,3,Highway estatal,Urbano,Arteria Principal,State Highway Agency,0,Sin jurisdiccion especial,99998,26.70804722,-80.15774167,Banqueta,El primer evento no fue una colision con un vehiculo automotor en transporte,Four-Way Intersection,Interseccion de 4 direcciones,Sobre el lado de la calle,Ninguna,Oscuro con iluminacion,lluvia,No,NO APLICA,99,99,99,99,1,13/12/2022,1
12,Florida,123062,1,1,1,0,101,PASCO (101),750,DADE CITY,12,Diciembre,14,2022,18,21,US-301,2,US Highway,Urbano,Arteria Principal,State Highway Agency,1,Sin jurisdiccion especial,99998,28.33759167,-82.18761667,Peaton,El primer evento no fue una colision con un vehiculo automotor en transporte,Four-Way Intersection,Interseccion de 4 direcciones,Sobre calle,Ninguna,Oscuro sin iluminacion,Despejado,No,NO APLICA,99,98,99,98,1,14/12/2022,4
12,Florida,123063,1,1,1,0,107,PUTNAM (107),1490,INTERLACHEN,11,Noviembre,18,2022,16,1,SR-20,3,Highway estatal,Urbano,Arteria Principal,State Highway Agency,1,Sin jurisdiccion especial,99998,29.62942778,-81.87829444,Peaton,El primer evento no fue una colision con un vehiculo automotor en transporte,Not an Intersection,No fue interseccion,Sobre calle,Ninguna,Dia total,Despejado,No,NO APLICA,99,99,99,99,1,18/11/2022,1
12,Florida,123064,1,1,1,0,21,COLLIER (21),1465,IMMOKALEE,12,Diciembre,5,2022,19,14,LITTLE LEAGUE RD,6,Calle Local Municipalidad,Rural,Local,County Highway Agency,0,Sin jurisdiccion especial,99998,26.43710833,-81.46519444,Peaton,El primer evento no fue una colision con un vehiculo automotor en transporte,Not an Intersection,No fue interseccion,Sobre calle,Ninguna,Oscuro con iluminacion,Despejado,No,NO APLICA,99,99,99,99,1,05/12/2022,1
12,Florida,123065,0,0,2,0,1,ALACHUA (1),1370,HIGH SPRINGS,12,Diciembre,6,2022,18,7,US-441,2,US Highway,Rural,Arteria Principal,State Highway Agency,1,Sin jurisdiccion especial,99998,29.83281111,-82.59734167,Vehiculo en movimiento,Angulo,T-Intersection,Interseccion de T,Sobre calle,Ninguna,Oscuro con iluminacion,Despejado,No,NO APLICA,99,99,99,99,1,06/12/2022,2
12,Florida,123066,0,0,3,0,85,MARTIN (85),0,NO APLICA,12,Diciembre,6,2022,18,15,CR-A1A,4,Calle del Condado,Urbano,Arteria Menor,County Highway Agency,0,Sin jurisdiccion especial,99998,27.13616111,-80.18149722,Vehiculo en movimiento,Frente a frente,Not an Intersection,No fue interseccion,Sobre calle,Ninguna,Oscuro con iluminacion,Nublado,No,NO APLICA,99,99,99,99,1,06/12/2022,4
12,Florida,123067,0,0,2,0,21,COLLIER (21),0,NO APLICA,12,Diciembre,7,2022,23,50,SR-951,3,Highway estatal,Urbano,Arteria Menor,State Highway Agency,0,Sin jurisdiccion especial,99998,26.04756944,-81.69983889,Vehiculo en movimiento,Frente a Detrás,T-Intersection,Interseccion de T,Sobre calle,Ninguna,Oscuro con iluminacion,Despejado,No,NO APLICA,99,99,99,99,1,07/12/2022,4
12,Florida,123068,0,0,5,0,71,LEE (71),0,NO APLICA,12,Diciembre,9,2022,10,44,CR-884,6,Calle Local Municipalidad,Urbano,Arterial Principal -Freeway o ExpressWay,County Highway Agency,1,Sin jurisdiccion especial,99998,26.59704444,-81.89471389,Vehiculo en movimiento,Frente a Detrás,Not an Intersection,No fue interseccion,Sobre calle,Ninguna,Dia total,Despejado,No,NO APLICA,99,99,99,99,1,09/12/2022,5
12,Florida,123069,0,0,1,0,11,BROWARD (11),2468,PEMBROKE PINES,12,Diciembre,9,2022,19,15,SR-820,3,Highway estatal,Urbano,Arteria Principal,State Highway Agency,1,Sin jurisdiccion especial,99998,26.00774444,-80.38714167,Banqueta,El primer evento no fue una colision con un vehiculo automotor en transporte,T-Intersection,Interseccion de T,En el medio,Ninguna,Oscuro con iluminacion,Despejado,No,NO APLICA,99,99,99,99,1,09/12/2022,1
12,Florida,123070,1,1,1,0,23,COLUMBIA (23),0,NO APLICA,12,Diciembre,11,2022,18,30,NW WHITE SPRINGS AVE,8,Otro,Rural,Local,County Highway Agency,0,Sin jurisdiccion especial,99998,30.30119722,-82.76104167,Peaton,El primer evento no fue una colision con un vehiculo automotor en transporte,Not an Intersection,No fue interseccion,Sobre calle,Ninguna,Oscuro sin iluminacion,Nublado,No,NO APLICA,99,99,99,99,1,11/12/2022,1
12,Florida,123071,0,0,2,0,115,SARASOTA (115),0,NO APLICA,12,Diciembre,11,2022,9,50,SR-758,3,Highway estatal,Urbano,Arteria Menor,State Highway Agency,0,Sin jurisdiccion especial,99998,27.29875,-82.46446111,Vehiculo en movimiento,Frente a frente,Four-Way Intersection,Interseccion de 4 direcciones,Sobre calle,Ninguna,Dia total,Neblina o Humo,No,NO APLICA,99,99,99,99,1,11/12/2022,3
12,Florida,123072,1,1,1,0,21,COLLIER (21),1161,GOLDEN GATE,12,Diciembre,9,2022,18,44,41ST ST SW,8,Otro,Urbano,Local,City or Municipal Highway Agency,0,Sin jurisdiccion especial,99998,26.18958056,-81.68948056,Ciclista,El primer evento no fue una colision con un vehiculo automotor en transporte,Not an Intersection,No fue interseccion,Sobre calle,Ninguna,Oscuro sin iluminacion,Nublado,No,NO APLICA,99,98,99,98,1,09/12/2022,2
12,Florida,123073,0,0,2,0,86,MIAMI-DADE (86),0,NO APLICA,9,Septiembre,6,2022,11,20,56TH ST,6,Calle Local Municipalidad,Urbano,Arteria Menor,County Highway Agency,0,Sin jurisdiccion especial,99998,25.71613889,-80.35089167,Vehiculo en movimiento,Angulo,Four-Way Intersection,Interseccion de 4 direcciones,Sobre calle,Ninguna,Dia total,Despejado,No,NO APLICA,99,99,99,99,1,06/09/2022,2
12,Florida,123074,0,0,1,0,103,PINELLAS (103),1481,INDIAN ROCKS BEACH SOUTH SHORE,11,Noviembre,24,2022,16,36,PARK BLVD,8,Otro,Urbano,Arteria Menor,City or Municipal Highway Agency,0,Sin jurisdiccion especial,99998,27.84405833,-82.84016667,Valla Ferrocarril,El primer evento no fue una colision con un vehiculo automotor en transporte,Not an Intersection,No fue interseccion,Sobre el lado de la calle,Ninguna,Dia total,Despejado,No,NO APLICA,99,99,99,99,1,24/11/2022,1
12,Florida,123075,0,0,3,0,107,PUTNAM (107),0,NO APLICA,12,Diciembre,3,2022,13,27,US-17,2,US Highway,Rural,Arteria Principal,County Highway Agency,1,Sin jurisdiccion especial,99998,29.51277222,-81.61239722,Vehiculo en movimiento,Angulo,Not an Intersection,No fue interseccion,Sobre calle,Ninguna,Dia total,Despejado,No,NO APLICA,99,99,99,99,1,03/12/2022,3
12,Florida,123076,0,0,2,0,101,PASCO (101),0,NO APLICA,12,Diciembre,3,2022,11,18,US-301,2,US Highway,Urbano,Arteria Principal,State Highway Agency,1,Sin jurisdiccion especial,99998,28.44061111,-82.18993889,Otro objeto (no fijo),El primer evento no fue una colision con un vehiculo automotor en transporte,Not an Intersection,No fue interseccion,Sobre calle,Ninguna,Dia total,Despejado,No,NO APLICA,11,18,11,41,1,03/12/2022,3
12,Florida,123077,1,1,1,0,103,PINELLAS (103),3010,TREASURE ISLAND,12,Diciembre,6,2022,19,46,108TH AVE,6,Calle Local Municipalidad,Urbano,Local,City or Municipal Highway Agency,0,Sin jurisdiccion especial,99998,27.76997222,-82.76979167,Peaton,El primer evento no fue una colision con un vehiculo automotor en transporte,T-Intersection,Interseccion de T,Sobre calle,Ninguna,Oscuro con iluminacion,Despejado,No,NO APLICA,99,99,99,99,1,06/12/2022,1
12,Florida,123078,1,1,1,0,105,POLK (105),3300,WINTER HAVEN,12,Diciembre,3,2022,18,51,LAKE HOWARD DR,6,Calle Local Municipalidad,Urbano,Colector Mayor,City or Municipal Highway Agency,0,Sin jurisdiccion especial,99998,28.03271111,-81.74331389,Peaton,El primer evento no fue una colision con un vehiculo automotor en transporte,Not an Intersection,No fue interseccion,Sobre calle,Ninguna,Oscuro sin iluminacion,Despejado,No,NO APLICA,99,99,99,99,1,03/12/2022,1
12,Florida,123079,0,0,1,0,86,MIAMI-DADE (86),0,NO APLICA,11,Noviembre,17,2022,21,45,12TH ST,6,Calle Local Municipalidad,Urbano,Arteria Menor,Town or Township Highway Agency,0,Sin jurisdiccion especial,99998,25.78257778,-80.31720833,Banqueta,El primer evento no fue una colision con un vehiculo automotor en transporte,Not an Intersection,No fue interseccion,Sobre el lado de la calle,Ninguna,Oscuro con iluminacion,Despejado,No,NO APLICA,99,99,99,99,1,17/11/2022,1
12,Florida,123080,0,0,2,0,103,PINELLAS (103),1770,LARGO,12,Diciembre,2,2022,12,52,CR-1 STARKEY RD,4,Calle del Condado,Urbano,Arteria Menor,County Highway Agency,0,Sin jurisdiccion especial,99998,27.90898333,-82.76238611,Vehiculo en movimiento,Angulo,T-Intersection,Interseccion de T,Sobre calle,Ninguna,Dia total,Despejado,No,NO APLICA,99,99,99,99,1,02/12/2022,3
12,Florida,123082,0,0,2,0,86,MIAMI-DADE (86),2010,MIAMI,12,Diciembre,11,2022,0,20,SW 17TH ST,6,Calle Local Municipalidad,Urbano,Arteria Menor,City or Municipal Highway Agency,0,Sin jurisdiccion especial,99998,25.75664722,-80.23031944,Vehiculo en movimiento,Angulo,Four-Way Intersection,Interseccion de 4 direcciones,Sobre calle,Ninguna,Oscuro con iluminacion,Despejado,No,NO APLICA,99,99,99,99,1,11/12/2022,2
12,Florida,123083,1,1,1,0,93,OKEECHOBEE (93),0,NO APLICA,12,Diciembre,11,2022,1,1,5TH ST,8,Otro,Urbano,Local,County Highway Agency,0,Sin jurisdiccion especial,99998,27.23940556,-80.81301111,Peaton,El primer evento no fue una colision con un vehiculo automotor en transporte,T-Intersection,Interseccion de T,Sobre calle,Ninguna,Oscuro sin iluminacion,Neblina o Humo,No,NO APLICA,99,99,99,99,1,11/12/2022,1
12,Florida,123084,1,1,2,0,57,HILLSBOROUGH (57),0,NO APLICA,12,Diciembre,13,2022,18,50,CR-39,4,Calle del Condado,Urbano,Colector Mayor,County Highway Agency,0,Sin jurisdiccion especial,99998,27.88611667,-82.12751111,Peaton,El primer evento no fue una colision con un vehiculo automotor en transporte,Not an Intersection,No fue interseccion,Sobre calle,Ninguna,Atardecer,Despejado,No,NO APLICA,99,99,99,99,1,13/12/2022,2
12,Florida,123085,0,0,2,0,31,DUVAL (31),1510,JACKSONVILLE,12,Diciembre,13,2022,7,20,OLD ST AUGUSTINE RD,6,Calle Local Municipalidad,Urbano,Colector Mayor,City or Municipal Highway Agency,0,Sin jurisdiccion especial,99998,30.14117222,-81.53685278,Vehiculo en movimiento,Angulo,T-Intersection,Interseccion de T,Sobre calle,Ninguna,Dia total,Despejado,No,NO APLICA,99,99,99,99,1,13/12/2022,2
12,Florida,123086,1,1,1,0,31,DUVAL (31),1510,JACKSONVILLE,12,Diciembre,16,2022,21,10,LIVE OAK DR,6,Calle Local Municipalidad,Urbano,Colector Mayor,City or Municipal Highway Agency,0,Sin jurisdiccion especial,99998,30.31403333,-81.54712778,Peaton,El primer evento no fue una colision con un vehiculo automotor en transporte,Not an Intersection,No fue interseccion,Sobre calle,Ninguna,Oscuro sin iluminacion,Despejado,No,NO APLICA,99,99,99,99,1,16/12/2022,1
12,Florida,123088,0,0,2,0,11,BROWARD (11),0,NO APLICA,12,Diciembre,16,2022,22,42,8TH CT,8,Otro,Urbano,Local,City or Municipal Highway Agency,0,Sin jurisdiccion especial,99998,26.13231944,-80.18345,Vehiculo en movimiento,Angulo,Four-Way Intersection,Interseccion de 4 direcciones,Sobre calle,Ninguna,Oscuro con iluminacion,Despejado,No,NO APLICA,99,99,99,99,1,16/12/2022,2
12,Florida,123089,0,0,2,0,57,HILLSBOROUGH (57),355,BRANDON,12,Diciembre,16,2022,20,25,OAKFIELD DR,6,Calle Local Municipalidad,Urbano,Colector Mayor,Town or Township Highway Agency,0,Sin jurisdiccion especial,99998,27.93417778,-82.29633889,Vehiculo en movimiento,Angulo,T-Intersection,Interseccion de T,Sobre calle,Ninguna,Oscuro sin iluminacion,Despejado,No,NO APLICA,99,99,99,99,1,16/12/2022,3
12,Florida,123090,0,0,2,0,31,DUVAL (31),1510,JACKSONVILLE,12,Diciembre,18,2022,3,0,NB MCDUFF AVE,6,Calle Local Municipalidad,Urbano,Local,City or Municipal Highway Agency,0,Sin jurisdiccion especial,99998,30.33759722,-81.70551389,Vehiculo en movimiento,Frente a frente,Not an Intersection,No fue interseccion,Sobre calle,Ninguna,Oscuro con iluminacion,Despejado,No,NO APLICA,99,99,99,99,1,18/12/2022,1
12,Florida,123091,0,0,3,0,17,CITRUS (17),233,BEVERLY HILLS,9,Septiembre,26,2022,14,20,CR-491 N LECANTO HWY,4,Calle del Condado,Urbano,Arteria Menor,County Highway Agency,0,Sin jurisdiccion especial,99998,28.91676389,-82.47060556,Vehiculo en movimiento,Angulo,Not an Intersection,No fue interseccion,Sobre calle,Ninguna,Dia total,Despejado,No,NO APLICA,99,99,99,99,1,26/09/2022,4
12,Florida,123092,1,1,1,0,9,BREVARD (9),2822,SHARPES,11,Noviembre,23,2022,18,4,US-1,2,US Highway,Urbano,Arteria Principal,State Highway Agency,1,Sin jurisdiccion especial,99998,28.46038056,-80.76336111,Peaton,El primer evento no fue una colision con un vehiculo automotor en transporte,T-Intersection,Interseccion de T,Sobre calle,Ninguna,Oscuro sin iluminacion,Nublado,No,NO APLICA,99,99,99,99,1,23/11/2022,1
12,Florida,123093,1,1,1,0,103,PINELLAS (103),0,NO APLICA,11,Noviembre,26,2022,18,36,SR-689,3,Highway estatal,Urbano,Colector Mayor,State Highway Agency,0,Sin jurisdiccion especial,99998,27.82466667,-82.67209167,Peaton,El primer evento no fue una colision con un vehiculo automotor en transporte,Not an Intersection,No fue interseccion,Sobre calle,Ninguna,Oscuro con iluminacion,Despejado,No,NO APLICA,99,99,99,99,1,26/11/2022,3
12,Florida,123094,0,0,3,0,9,BREVARD (9),0,NO APLICA,12,Diciembre,2,2022,0,50,SR-520,3,Highway estatal,Urbano,Arteria Principal,State Highway Agency,0,Sin jurisdiccion especial,99998,28.35973889,-80.79338889,Vehiculo en movimiento,Frente a Detrás,Four-Way Intersection,Interseccion de 4 direcciones,Sobre calle,Ninguna,Oscuro con iluminacion,Despejado,No,NO APLICA,99,99,99,99,1,02/12/2022,4
12,Florida,123095,1,1,2,0,9,BREVARD (9),0,NO APLICA,12,Diciembre,7,2022,18,33,SR-A1A,3,Highway estatal,Urbano,Arteria Menor,State Highway Agency,0,Sin jurisdiccion especial,99998,28.04485,-80.54675,Peaton,El primer evento no fue una colision con un vehiculo automotor en transporte,Not an Intersection,No fue interseccion,Sobre calle,Ninguna,Oscuro sin iluminacion,Despejado,No,NO APLICA,99,99,99,99,1,07/12/2022,3
12,Florida,123096,1,1,1,0,69,LAKE (69),0,NO APLICA,12,Diciembre,1,2022,16,10,BELLE MEDE DRIVE,8,Otro,Rural,Local,Town or Township Highway Agency,0,Sin jurisdiccion especial,99998,28.7013,-81.864025,Peaton,El primer evento no fue una colision con un vehiculo automotor en transporte,Not an Intersection,No fue interseccion,Sobre calle,Ninguna,Dia total,Despejado,No,NO APLICA,99,99,99,99,1,01/12/2022,1
12,Florida,123097,0,0,2,0,9,BREVARD (9),2054,MICCO,12,Diciembre,6,2022,15,0,US-1,2,US Highway,Urbano,Arteria Principal,State Highway Agency,1,Sin jurisdiccion especial,99998,27.85676944,-80.49171944,Vehiculo en movimiento,Angulo,T-Intersection,Interseccion de T,Sobre calle,Ninguna,Dia total,Despejado,No,NO APLICA,99,99,99,99,1,06/12/2022,2
12,Florida,123098,0,0,1,0,89,NASSAU (89),0,NO APLICA,12,Diciembre,8,2022,20,30,WIND CHIME LN,8,Otro,Urbano,Local,Town or Township Highway Agency,0,Sin jurisdiccion especial,99998,30.51136667,-81.79545556,Poste de Señal de trafico,El primer evento no fue una colision con un vehiculo automotor en transporte,Not an Intersection,No fue interseccion,Sobre el lado de la calle,Ninguna,Oscuro sin iluminacion,Despejado,No,NO APLICA,99,99,99,99,2,08/12/2022,2
12,Florida,123099,0,0,3,0,69,LAKE (69),0,NO APLICA,12,Diciembre,12,2022,18,0,SR-44,3,Highway estatal,Rural,Arteria Principal,State Highway Agency,0,Sin jurisdiccion especial,99998,28.85153889,-81.55153889,Vehiculo en movimiento,Angulo,T-Intersection,Interseccion de T,Sobre calle,Ninguna,Oscuro sin iluminacion,Despejado,No,NO APLICA,99,99,99,99,1,12/12/2022,5
12,Florida,123100,0,0,2,0,121,SUWANNEE (121),0,NO APLICA,12,Diciembre,13,2022,12,20,CR-49,4,Calle del Condado,Rural,Colector Mayor,County Highway Agency,0,Sin jurisdiccion especial,99998,30.26419167,-82.954375,Vehiculo en movimiento,Frente a frente,Not an Intersection,No fue interseccion,Sobre calle,Ninguna,Dia total,Despejado,No,NO APLICA,99,99,99,99,1,13/12/2022,2
12,Florida,123101,0,0,2,0,53,HERNANDO (53),0,NO APLICA,12,Diciembre,7,2022,17,41,US-41,2,US Highway,Rural,Arteria Principal,State Highway Agency,1,Sin jurisdiccion especial,99998,28.60903889,-82.35936944,Vehiculo en movimiento,Frente a frente,T-Intersection,Interseccion de T,Sobre calle,Ninguna,Atardecer,Despejado,No,NO APLICA,17,41,17,55,2,07/12/2022,6
12,Florida,123102,0,0,2,0,101,PASCO (101),0,NO APLICA,12,Diciembre,13,2022,14,25,CR-587,4,Calle del Condado,Urbano,Arteria Menor,County Highway Agency,0,Sin jurisdiccion especial,99998,28.25871667,-82.674425,Vehiculo en movimiento,Frente a frente,Four-Way Intersection,Interseccion de 4 direcciones,Sobre calle,Ninguna,Dia total,Despejado,No,NO APLICA,14,26,14,30,2,13/12/2022,3
12,Florida,123103,1,1,1,0,117,SEMINOLE (117),2770,SANFORD,12,Diciembre,15,2022,18,20,SR-46,3,Highway estatal,Urbano,Arteria Principal,State Highway Agency,1,Sin jurisdiccion especial,99998,28.81156944,-81.28298889,Peaton,El primer evento no fue una colision con un vehiculo automotor en transporte,Not an Intersection,No fue interseccion,Sobre calle,Ninguna,Oscuro con iluminacion,Despejado,No,NO APLICA,99,99,99,99,1,15/12/2022,1
12,Florida,123104,0,0,2,0,115,SARASOTA (115),0,NO APLICA,12,Diciembre,16,2022,13,3,JACARANDA BLVD,8,Otro,Urbano,Arteria Principal,Town or Township Highway Agency,0,Sin jurisdiccion especial,99998,27.11007778,-82.38430278,Vehiculo en movimiento,Angulo,Four-Way Intersection,Interseccion de 4 direcciones,Sobre calle,Ninguna,Dia total,Nublado,No,NO APLICA,99,99,99,99,1,16/12/2022,2
12,Florida,123106,1,1,1,0,73,LEON (73),2940,TALLAHASSEE,12,Diciembre,10,2022,23,27,US-319,2,US Highway,Urbano,Arteria Principal,State Highway Agency,1,Sin jurisdiccion especial,99998,30.44893333,-84.22646389,Peaton,El primer evento no fue una colision con un vehiculo automotor en transporte,Not an Intersection,No fue interseccion,Sobre calle,Ninguna,Oscuro sin iluminacion,Despejado,No,NO APLICA,99,99,99,99,1,10/12/2022,1
12,Florida,123108,1,1,1,0,99,PALM BEACH (99),0,NO APLICA,12,Diciembre,18,2022,0,43,WESTGATE AVE,8,Otro,Urbano,Colector Mayor,County Highway Agency,0,Sin jurisdiccion especial,99998,26.70323333,-80.1006,Peaton,El primer evento no fue una colision con un vehiculo automotor en transporte,Four-Way Intersection,Interseccion de 4 direcciones,Sobre calle,Ninguna,Oscuro con iluminacion,Nublado,No,NO APLICA,99,99,99,99,1,18/12/2022,1
12,Florida,123109,1,1,1,0,11,BROWARD (11),1420,HOLLYWOOD,11,Noviembre,30,2022,14,18,DAVIE RD EXT,8,Otro,Urbano,Arteria Menor,City or Municipal Highway Agency,0,Sin jurisdiccion especial,99998,26.03866111,-80.23674722,Peaton,El primer evento no fue una colision con un vehiculo automotor en transporte,T-Intersection,Interseccion de T,Sobre calle,Ninguna,Dia total,Despejado,No,NO APLICA,99,99,99,99,1,30/11/2022,1
12,Florida,123110,0,0,2,0,71,LEE (71),0,NO APLICA,12,Diciembre,10,2022,7,50,CR-884,4,Calle del Condado,Urbano,Colector Mayor,County Highway Agency,0,Sin jurisdiccion especial,99998,26.61718889,-81.69336111,Vehiculo en movimiento,Angulo,T-Intersection,Interseccion de T,Sobre calle,Ninguna,Dia total,Despejado,No,NO APLICA,99,99,99,99,1,10/12/2022,2
12,Florida,123111,0,0,1,0,23,COLUMBIA (23),0,NO APLICA,12,Diciembre,12,2022,14,47,I-10,1,Interestatal,Rural,Interestatal,State Highway Agency,1,Sin jurisdiccion especial,99998,30.26587222,-82.75078611,Zanja,El primer evento no fue una colision con un vehiculo automotor en transporte,Not an Intersection,No fue interseccion,Sobre el lado de la calle,Ninguna,Dia total,Nublado,No,NO APLICA,99,99,99,99,1,12/12/2022,1
12,Florida,123112,0,0,2,0,105,POLK (105),0,NO APLICA,12,Diciembre,12,2022,13,21,SR-60,3,Highway estatal,Rural,Local,State Highway Agency,0,Sin jurisdiccion especial,99998,27.8831,-81.448625,Vehiculo en movimiento,Angulo,Four-Way Intersection,Interseccion de 4 direcciones,Sobre calle,Ninguna,Dia total,Despejado,No,NO APLICA,99,99,99,99,1,12/12/2022,3
12,Florida,123113,0,0,1,0,83,MARION (83),220,BELLEVIEW,12,Diciembre,18,2022,23,30,SE HAMES RD,8,Otro,Rural,Local,County Highway Agency,0,Sin jurisdiccion especial,99998,29.055325,-82.05880833,Arbol,El primer evento no fue una colision con un vehiculo automotor en transporte,Not an Intersection,No fue interseccion,"Fuera de la calle, ubicacion desconocida",Ninguna,Oscuro - iluminacion desconocida,Despejado,No,NO APLICA,99,99,99,99,1,18/12/2022,1
12,Florida,123114,0,0,1,0,65,JEFFERSON (65),0,NO APLICA,12,Diciembre,19,2022,7,55,US-19,2,US Highway,Rural,Arteria Principal,State Highway Agency,1,Sin jurisdiccion especial,99998,30.66519444,-83.87926111,Volcadura,El primer evento no fue una colision con un vehiculo automotor en transporte,Not an Intersection,No fue interseccion,Sobre el lado de la calle,Ninguna,Dia total,Despejado,No,NO APLICA,99,99,99,99,1,19/12/2022,1
12,Florida,123115,0,0,2,0,15,CHARLOTTE (15),0,NO APLICA,12,Diciembre,1,2022,15,1,CR-776 HARBORVIEW RD,4,Calle del Condado,Urbano,Arteria Menor,County Highway Agency,0,Sin jurisdiccion especial,99998,26.98018889,-82.02359722,Vehiculo en movimiento,Angulo,Four-Way Intersection,Interseccion de 4 direcciones,Sobre calle,Ninguna,Dia total,Despejado,No,NO APLICA,99,99,99,99,1,01/12/2022,3