Estado,Nombre de Estado,Numero de Caso,Peatones,Personas _no_vehiculos,Vehiculos automotores,Vehiculos estacionados,Condado,Nombre Condado,Ciudad,Nombre Ciudad,Mes,Nombre Mes,Dia,Año,Hora,Minuto,Calle,Ruta,Nombre Ruta,Rural o Urbanoo,Sistema Funcional,Dueño Calle,Sistema Nacional Carreteras,Jurisdiccion Especial,Milla,Latitud,Longitud,Causa del Accidente,Tipo de Accidente,Tipo Interseccion,Columna1,Lugar en la calle,Zona de Trabajo,Luz,Clima,Autobus Escolar,Cruce de Trenes,Hora Notificacion,Minuto Notificacion,Hora Llegada,Minuto Llegada,Decesos,Fecha,PersonaVehiculo
12,Florida,123116,0,0,2,0,7,BRADFORD (7),2890,STARKE,12,Diciembre,2,2022,14,30,US-301 SR-223,2,US Highway,Rural,Arteria Principal,State Highway Agency,1,Sin jurisdiccion especial,99998,29.91236111,-82.13426111,Vehiculo en movimiento,Angulo,T-Intersection,Interseccion de T,Sobre calle,Ninguna,Dia total,Despejado,No,NO APLICA,99,99,99,99,1,02/12/2022,2
12,Florida,123117,0,0,2,0,95,ORANGE (95),2360,ORLANDO,10,Octubre,20,2022,13,33,W GORE STREET,6,Calle Local Municipalidad,Urbano,Arteria Menor,City or Municipal Highway Agency,0,Sin jurisdiccion especial,99998,77.7777,777.7777,Vehiculo en movimiento,No reportado,Four-Way Intersection,Interseccion de 4 direcciones,Sobre calle,Ninguna,Dia total,Nublado,No,NO APLICA,99,99,99,99,1,20/10/2022,3
12,Florida,123118,1,1,1,0,57,HILLSBOROUGH (57),2950,TAMPA,11,Noviembre,15,2022,4,6,22ND ST,6,Calle Local Municipalidad,Urbano,Colector Mayor,City or Municipal Highway Agency,0,Sin jurisdiccion especial,99998,28.00045,-82.43475556,Peaton,El primer evento no fue una colision con un vehiculo automotor en transporte,Not an Intersection,No fue interseccion,Sobre calle,Ninguna,Oscuro con iluminacion,Despejado,No,NO APLICA,99,99,99,99,1,15/11/2022,1
12,Florida,123119,0,0,2,0,115,SARASOTA (115),0,NO APLICA,12,Diciembre,10,2022,9,24,I-75,1,Interestatal,Urbano,Interestatal,State Highway Agency,1,Sin jurisdiccion especial,99998,27.11106667,-82.38378611,Vehiculo en movimiento,Angulo,Not an Intersection,No fue interseccion,Sobre calle,Ninguna,Dia total,Despejado,No,NO APLICA,99,99,99,99,1,10/12/2022,2
12,Florida,123120,1,1,1,0,29,DIXIE (29),0,NO APLICA,12,Diciembre,12,2022,19,15,SE 136 AVE,8,Otro,Rural,Colector Menor,City or Municipal Highway Agency,0,Sin jurisdiccion especial,99998,29.5907,-82.96396111,Peaton,El primer evento no fue una colision con un vehiculo automotor en transporte,Not an Intersection,No fue interseccion,Sobre calle,Ninguna,Oscuro sin iluminacion,Despejado,No,NO APLICA,99,99,99,99,1,12/12/2022,1
12,Florida,123121,0,0,2,0,103,PINELLAS (103),2730,SAINT PETERSBURG,12,Diciembre,12,2022,15,5,9TH ST,6,Calle Local Municipalidad,Urbano,Arteria Menor,Town or Township Highway Agency,0,Sin jurisdiccion especial,99998,27.80650833,-82.64674167,Vehiculo en movimiento,Golpe Lateral - misma direccion,Not an Intersection,No fue interseccion,Sobre calle,Ninguna,Dia total,Despejado,No,NO APLICA,99,99,99,99,1,12/12/2022,3
12,Florida,123122,1,1,1,0,33,ESCAMBIA (33),0,NO APLICA,12,Diciembre,17,2022,22,6,SR-295,3,Highway estatal,Urbano,Arteria Principal,State Highway Agency,0,Sin jurisdiccion especial,99998,30.40423056,-87.27693056,Peaton,El primer evento no fue una colision con un vehiculo automotor en transporte,Not an Intersection,No fue interseccion,Sobre calle,Ninguna,Oscuro con iluminacion,Despejado,No,NO APLICA,99,99,99,99,1,17/12/2022,1
12,Florida,123123,0,0,2,0,115,SARASOTA (115),0,NO APLICA,12,Diciembre,16,2022,17,10,CATTLEMEN RD,9,Desconocido,Urbano,Colector Mayor,Town or Township Highway Agency,0,Sin jurisdiccion especial,99998,27.28897778,-82.45219167,Vehiculo en movimiento,Angulo,Four-Way Intersection,Interseccion de 4 direcciones,Sobre calle,Ninguna,Dia total,Despejado,No,NO APLICA,99,99,99,99,1,16/12/2022,2
12,Florida,123124,0,0,4,0,81,MANATEE (81),340,BRADENTON,11,Noviembre,26,2022,9,25,MANATEE AVE W,6,Calle Local Municipalidad,Urbano,Arteria Principal,City or Municipal Highway Agency,0,Sin jurisdiccion especial,99998,27.49584167,-82.60816389,Vehiculo en movimiento,Angulo,T-Intersection,Interseccion de T,Sobre calle,Ninguna,Dia total,Nublado,No,NO APLICA,99,99,99,99,1,26/11/2022,6
12,Florida,123125,1,1,1,0,101,PASCO (101),0,NO APLICA,11,Noviembre,29,2022,23,57,BOLTON AVENUE,8,Otro,Urbano,Local,County Highway Agency,0,Sin jurisdiccion especial,99998,28.38237222,-82.67248056,Peaton,El primer evento no fue una colision con un vehiculo automotor en transporte,Not an Intersection,No fue interseccion,Sobre calle,Ninguna,Oscuro sin iluminacion,Despejado,No,NO APLICA,0,0,0,5,1,29/11/2022,1
12,Florida,123126,0,0,2,0,61,INDIAN RIVER (61),0,NO APLICA,12,Diciembre,2,2022,18,36,US-1,2,US Highway,Urbano,Arteria Principal,State Highway Agency,1,Sin jurisdiccion especial,99998,27.74855,-80.43566111,Vehiculo en movimiento,Angulo,Four-Way Intersection,Interseccion de 4 direcciones,Sobre calle,Ninguna,Oscuro con iluminacion,Despejado,No,NO APLICA,99,99,99,99,1,02/12/2022,3
12,Florida,123127,1,1,1,0,99,PALM BEACH (99),330,BOYNTON BEACH,12,Diciembre,14,2022,19,30,GATEWAY BLVD,6,Calle Local Municipalidad,Urbano,Arteria Menor,City or Municipal Highway Agency,0,Sin jurisdiccion especial,99998,26.54660278,-80.09371111,Peaton,El primer evento no fue una colision con un vehiculo automotor en transporte,Not an Intersection,No fue interseccion,Sobre calle,Ninguna,Oscuro con iluminacion,Despejado,No,NO APLICA,99,99,99,99,1,14/12/2022,1
12,Florida,123128,1,1,1,0,11,BROWARD (11),1826,LIGHTHOUSE POINT,12,Diciembre,18,2022,22,44,US-1,2,US Highway,Urbano,Arteria Principal,State Highway Agency,1,Sin jurisdiccion especial,99998,26.28352222,-80.09636667,Peaton,El primer evento no fue una colision con un vehiculo automotor en transporte,Not an Intersection,No fue interseccion,Sobre calle,Ninguna,Oscuro con iluminacion,Despejado,No,NO APLICA,99,99,99,99,1,18/12/2022,3
12,Florida,123131,1,1,1,0,71,LEE (71),0,NO APLICA,11,Noviembre,28,2022,19,43,SR-82,3,Highway estatal,Urbano,Arteria Principal,State Highway Agency,0,Sin jurisdiccion especial,99998,26.60825,-81.75593889,Peaton,El primer evento no fue una colision con un vehiculo automotor en transporte,T-Intersection,Interseccion de T,Sobre calle,Ninguna,Oscuro con iluminacion,Despejado,No,NO APLICA,99,99,99,99,1,28/11/2022,1
12,Florida,123132,0,0,1,0,35,FLAGLER (35),2439,PALM COAST,12,Diciembre,4,2022,0,38,FIRETHORN LN,6,Calle Local Municipalidad,Rural,Local,City or Municipal Highway Agency,0,Sin jurisdiccion especial,99998,29.59580833,-81.23618889,Animal vivo,El primer evento no fue una colision con un vehiculo automotor en transporte,Not an Intersection,No fue interseccion,Sobre calle,Ninguna,Oscuro sin iluminacion,Despejado,No,NO APLICA,99,99,99,99,1,04/12/2022,1
12,Florida,123133,0,0,1,0,83,MARION (83),0,NO APLICA,12,Diciembre,10,2022,3,10,CR-42,4,Calle del Condado,Rural,Colector Menor,County Highway Agency,0,Sin jurisdiccion especial,99998,28.97423056,-81.68568056,Buzon de correo,El primer evento no fue una colision con un vehiculo automotor en transporte,Not an Intersection,No fue interseccion,Sobre el lado de la calle,Ninguna,Oscuro sin iluminacion,Neblina o Humo,No,NO APLICA,99,99,99,99,1,10/12/2022,1
12,Florida,123134,0,0,1,0,69,LAKE (69),0,NO APLICA,12,Diciembre,13,2022,23,10,LAKE LOUISA ROAD,9,Desconocido,Urbano,Colector Mayor,Town or Township Highway Agency,0,Sin jurisdiccion especial,99998,28.49981944,-81.73695,Barda,El primer evento no fue una colision con un vehiculo automotor en transporte,Not an Intersection,No fue interseccion,Sobre el lado de la calle,Ninguna,Oscuro sin iluminacion,Nublado,No,NO APLICA,99,99,99,99,1,13/12/2022,1
12,Florida,123135,1,1,1,0,21,COLLIER (21),0,NO APLICA,12,Diciembre,13,2022,1,40,CR-896,4,Calle del Condado,Urbano,Arteria Menor,County Highway Agency,0,Sin jurisdiccion especial,99998,26.21151389,-81.73476111,Peaton,El primer evento no fue una colision con un vehiculo automotor en transporte,Not an Intersection,No fue interseccion,Sobre calle,Ninguna,Oscuro con iluminacion,Despejado,No,NO APLICA,99,99,99,99,1,13/12/2022,1
12,Florida,123137,0,0,1,0,73,LEON (73),0,NO APLICA,12,Diciembre,18,2022,20,27,CR-0342,4,Calle del Condado,Urbano,Colector Mayor,County Highway Agency,0,Sin jurisdiccion especial,99998,30.58731111,-84.27452222,Culvert,El primer evento no fue una colision con un vehiculo automotor en transporte,Not an Intersection,No fue interseccion,Sobre el lado de la calle,Ninguna,Oscuro sin iluminacion,Despejado,No,NO APLICA,99,99,99,99,1,18/12/2022,1
12,Florida,123138,0,0,1,0,89,NASSAU (89),0,NO APLICA,12,Diciembre,19,2022,16,42,WADE PL,6,Calle Local Municipalidad,Urbano,Local,Town or Township Highway Agency,0,Sin jurisdiccion especial,99998,30.62604722,-81.48720278,Arbol,El primer evento no fue una colision con un vehiculo automotor en transporte,Not an Intersection,No fue interseccion,Fuera de la calle,Ninguna,Dia total,Nublado,No,NO APLICA,99,99,99,99,1,19/12/2022,1
12,Florida,123139,2,2,1,0,53,HERNANDO (53),0,NO APLICA,11,Noviembre,19,2022,0,49,MARVELWOOD ROAD,8,Otro,Rural,Local,County Highway Agency,0,Sin jurisdiccion especial,99998,28.60193889,-82.51673056,Peaton,El primer evento no fue una colision con un vehiculo automotor en transporte,Not an Intersection,No fue interseccion,Sobre calle,Ninguna,Oscuro con iluminacion,Despejado,No,NO APLICA,99,99,99,99,1,19/11/2022,1
12,Florida,123140,0,0,1,0,91,OKALOOSA (91),0,NO APLICA,12,Diciembre,5,2022,3,55,MONTERREY ROAD,9,Desconocido,Rural,Local,Town or Township Highway Agency,0,Sin jurisdiccion especial,99998,30.77278333,-86.53853056,Arbol,El primer evento no fue una colision con un vehiculo automotor en transporte,Not an Intersection,No fue interseccion,Sobre el lado de la calle,Ninguna,Oscuro sin iluminacion,Neblina o Humo,No,NO APLICA,99,99,99,99,1,05/12/2022,2
12,Florida,123141,1,1,1,0,95,ORANGE (95),0,NO APLICA,12,Diciembre,7,2022,23,35,DEAN ROAD,9,Desconocido,Urbano,Arteria Menor,Town or Township Highway Agency,0,Sin jurisdiccion especial,99998,28.55573056,-81.24475,No vehiculo o remolque,El primer evento no fue una colision con un vehiculo automotor en transporte,Not an Intersection,No fue interseccion,Sobre calle,Ninguna,Oscuro con iluminacion,Despejado,No,NO APLICA,99,99,99,99,1,07/12/2022,1
12,Florida,123142,0,0,3,0,53,HERNANDO (53),0,NO APLICA,12,Diciembre,7,2022,17,56,US-41,2,US Highway,Urbano,Arteria Principal,State Highway Agency,1,Sin jurisdiccion especial,99998,28.49208889,-82.42908889,Vehiculo en movimiento,Angulo,Four-Way Intersection,Interseccion de 4 direcciones,Sobre calle,Ninguna,Oscuro con iluminacion,Despejado,No,NO APLICA,17,56,18,3,1,07/12/2022,4
12,Florida,123143,0,0,2,0,117,SEMINOLE (117),0,NO APLICA,12,Diciembre,18,2022,9,36,SR-46,3,Highway estatal,Rural,Arteria Principal,State Highway Agency,0,Sin jurisdiccion especial,99998,28.78682778,-81.20607222,Vehiculo en movimiento,Angulo,T-Intersection,Interseccion de T,Sobre calle,Ninguna,Dia total,Despejado,No,NO APLICA,99,99,99,99,1,18/12/2022,3
12,Florida,123144,0,0,2,0,129,WAKULLA (129),0,NO APLICA,12,Diciembre,19,2022,16,13,US-98,2,US Highway,Rural,Arteria Principal,State Highway Agency,1,Sin jurisdiccion especial,99998,30.1409,-84.31383056,Vehiculo en movimiento,Angulo,Four-Way Intersection,Interseccion de 4 direcciones,Sobre calle,Ninguna,Dia total,Despejado,No,NO APLICA,99,99,99,99,2,19/12/2022,4
12,Florida,123145,2,3,3,1,99,PALM BEACH (99),0,NO APLICA,11,Noviembre,23,2022,6,42,SR-91,3,Highway estatal,Urbano,Interestatal,State Highway Agency,1,Sin jurisdiccion especial,99998,26.40001111,-80.17118056,Peaton,El primer evento no fue una colision con un vehiculo automotor en transporte,Not an Intersection,No fue interseccion,Sobre Acotamiento,Ninguna,Amanecer,Despejado,No,NO APLICA,99,99,99,99,1,23/11/2022,2
12,Florida,123146,1,1,1,0,113,SANTA ROSA (113),0,NO APLICA,12,Diciembre,4,2022,17,12,US-90,2,US Highway,Urbano,Arteria Menor,State Highway Agency,0,Sin jurisdiccion especial,99998,30.60361111,-87.12725,Peaton,El primer evento no fue una colision con un vehiculo automotor en transporte,Not an Intersection,No fue interseccion,Sobre calle,Ninguna,Atardecer,Despejado,No,NO APLICA,99,99,99,99,1,04/12/2022,4
12,Florida,123147,1,1,1,0,11,BROWARD (11),2083,MIRAMAR,12,Diciembre,6,2022,0,0,US-27,2,US Highway,Urbano,Arteria Principal,State Highway Agency,1,Sin jurisdiccion especial,99998,25.96298333,-80.43095833,Peaton,El primer evento no fue una colision con un vehiculo automotor en transporte,Not an Intersection,No fue interseccion,Sobre calle,Ninguna,Oscuro sin iluminacion,Despejado,No,NO APLICA,99,99,99,99,1,06/12/2022,1
12,Florida,123148,0,0,2,0,95,ORANGE (95),0,NO APLICA,12,Diciembre,5,2022,14,10,CR-435,4,Calle del Condado,Urbano,Arteria Menor,County Highway Agency,0,Sin jurisdiccion especial,99998,28.61280833,-81.47620278,Vehiculo en movimiento,Angulo,T-Intersection,Interseccion de T,Sobre calle,Ninguna,Dia total,Despejado,No,NO APLICA,99,99,99,99,1,05/12/2022,2
12,Florida,123149,1,1,1,0,105,POLK (105),0,NO APLICA,12,Diciembre,10,2022,6,0,US-98,2,US Highway,Urbano,Arteria Principal,State Highway Agency,1,Sin jurisdiccion especial,99998,27.98031667,-81.88843056,Peaton,El primer evento no fue una colision con un vehiculo automotor en transporte,Not an Intersection,No fue interseccion,Sobre calle,Ninguna,Oscuro sin iluminacion,Neblina o Humo,No,NO APLICA,99,99,99,99,1,10/12/2022,1
12,Florida,123150,1,1,1,0,95,ORANGE (95),0,NO APLICA,12,Diciembre,11,2022,23,0,SOUTH DEAN ROAD,8,Otro,Urbano,Arteria Menor,County Highway Agency,0,Sin jurisdiccion especial,99998,28.53249167,-81.24071667,Ciclista,El primer evento no fue una colision con un vehiculo automotor en transporte,Not an Intersection,No fue interseccion,Sobre calle,Ninguna,Oscuro sin iluminacion,Despejado,No,NO APLICA,99,99,99,99,1,11/12/2022,1
12,Florida,123151,1,1,1,0,99,PALM BEACH (99),330,BOYNTON BEACH,12,Diciembre,12,2022,18,58,N SEACREST BLVD,6,Calle Local Municipalidad,Urbano,Colector Menor,City or Municipal Highway Agency,0,Sin jurisdiccion especial,99998,26.55846667,-80.06680278,Peaton,El primer evento no fue una colision con un vehiculo automotor en transporte,Not an Intersection,No fue interseccion,Sobre calle,Ninguna,Oscuro sin iluminacion,Despejado,No,NO APLICA,99,99,99,99,1,12/12/2022,1
12,Florida,123152,0,0,1,0,107,PUTNAM (107),0,NO APLICA,12,Diciembre,10,2022,1,20,US-17,2,US Highway,Urbano,Arteria Principal,State Highway Agency,1,Sin jurisdiccion especial,99998,29.64499167,-81.59489444,Volcadura,El primer evento no fue una colision con un vehiculo automotor en transporte,Not an Intersection,No fue interseccion,Sobre el lado de la calle,Ninguna,Oscuro sin iluminacion,Despejado,No,NO APLICA,99,99,99,99,1,10/12/2022,1
12,Florida,123153,1,1,1,0,105,POLK (105),0,NO APLICA,12,Diciembre,15,2022,3,0,SR-60,3,Highway estatal,Urbano,Arteria Principal,State Highway Agency,1,Sin jurisdiccion especial,99998,27.90399722,-81.62189722,Peaton,El primer evento no fue una colision con un vehiculo automotor en transporte,Not an Intersection,No fue interseccion,Sobre calle,Ninguna,Oscuro sin iluminacion,Nublado,No,NO APLICA,99,99,99,99,1,15/12/2022,1
12,Florida,123154,0,0,2,0,81,MANATEE (81),0,NO APLICA,12,Diciembre,17,2022,13,5,US-41,2,US Highway,Urbano,Arteria Principal,State Highway Agency,1,Sin jurisdiccion especial,99998,27.47068056,-82.56298889,Vehiculo en movimiento,Angulo,T-Intersection,Interseccion de T,Sobre calle,Ninguna,Dia total,Nublado,No,NO APLICA,99,99,99,99,1,17/12/2022,2
12,Florida,123155,0,0,2,0,97,OSCEOLA (97),0,NO APLICA,12,Diciembre,18,2022,5,30,SIMPSON RD,9,Desconocido,Urbano,Arteria Menor,Town or Township Highway Agency,0,Sin jurisdiccion especial,99998,28.33556944,-81.33028889,Vehiculo en movimiento,Frente a frente,Not an Intersection,No fue interseccion,Sobre calle,Ninguna,Oscuro sin iluminacion,Despejado,No,NO APLICA,99,99,99,99,1,18/12/2022,3
12,Florida,123156,0,0,3,0,101,PASCO (101),0,NO APLICA,12,Diciembre,16,2022,14,38,US-301,2,US Highway,Urbano,Arteria Principal,State Highway Agency,1,Sin jurisdiccion especial,99998,28.32848056,-82.18766111,Vehiculo en movimiento,Frente a Detrás,Four-Way Intersection,Interseccion de 4 direcciones,Sobre calle,Ninguna,Dia total,Despejado,No,NO APLICA,99,99,99,99,1,16/12/2022,3
12,Florida,123157,0,0,2,0,11,BROWARD (11),771,DAVIE,12,Diciembre,14,2022,8,20,I-595 E,1,Interestatal,Urbano,Interestatal,State Highway Agency,1,Sin jurisdiccion especial,99998,26.08656389,-80.20541667,Barrera de Trafico de Concreto,El primer evento no fue una colision con un vehiculo automotor en transporte,Not an Intersection,No fue interseccion,Sobre el lado de la calle,Ninguna,Dia total,lluvia,No,NO APLICA,99,99,99,99,1,14/12/2022,2
12,Florida,123158,0,0,2,0,83,MARION (83),0,NO APLICA,12,Diciembre,18,2022,20,40,US-27,2,US Highway,Rural,Arteria Principal,State Highway Agency,1,Sin jurisdiccion especial,99998,29.23115,-82.25126111,Vehiculo en movimiento,Angulo,T-Intersection,Interseccion de T,Sobre calle,Ninguna,Oscuro con iluminacion,Despejado,No,NO APLICA,99,99,99,99,1,18/12/2022,2
12,Florida,123159,0,0,2,0,101,PASCO (101),0,NO APLICA,12,Diciembre,14,2022,22,45,US-19,2,US Highway,Urbano,Arteria Principal,State Highway Agency,1,Sin jurisdiccion especial,99998,28.34959167,-82.69924722,Vehiculo en movimiento,Angulo,T-Intersection,Interseccion de T,Sobre calle,Ninguna,Oscuro con iluminacion,Despejado,No,NO APLICA,99,99,99,99,1,14/12/2022,2
12,Florida,123160,1,1,1,0,117,SEMINOLE (117),480,CASSELBERRY,12,Diciembre,18,2022,5,40,SR-436,3,Highway estatal,Urbano,Arteria Principal,State Highway Agency,0,Sin jurisdiccion especial,99998,28.66035833,-81.34100556,Peaton,El primer evento no fue una colision con un vehiculo automotor en transporte,Not an Intersection,No fue interseccion,Sobre calle,Ninguna,Amanecer,Despejado,No,NO APLICA,99,99,99,99,1,18/12/2022,1
12,Florida,123163,1,1,1,0,81,MANATEE (81),340,BRADENTON,11,Noviembre,23,2022,5,22,SR-55,3,Highway estatal,Urbano,Arteria Principal,State Highway Agency,1,Sin jurisdiccion especial,99998,27.49706667,-82.56295556,Ciclista,El primer evento no fue una colision con un vehiculo automotor en transporte,Not an Intersection,No fue interseccion,Sobre calle,Ninguna,Oscuro sin iluminacion,Nublado,No,NO APLICA,99,99,99,99,1,23/11/2022,1
12,Florida,123164,0,0,1,0,11,BROWARD (11),2541,PLANTATION,12,Diciembre,3,2022,0,26,SR-838,3,Highway estatal,Urbano,Arteria Principal,State Highway Agency,0,Sin jurisdiccion especial,99998,26.1486,-80.24835,Banqueta,El primer evento no fue una colision con un vehiculo automotor en transporte,Not an Intersection,No fue interseccion,En el medio,Ninguna,Oscuro con iluminacion,Despejado,No,NO APLICA,99,99,99,99,1,03/12/2022,3
12,Florida,123165,0,0,3,0,86,MIAMI-DADE (86),2023,MIAMI GARDENS,12,Diciembre,5,2022,5,0,27TH AVE NW,6,Calle Local Municipalidad,Urbano,Arteria Principal,City or Municipal Highway Agency,0,Sin jurisdiccion especial,99998,25.96564722,-80.24657222,Vehiculo en movimiento,Angulo,T-Intersection,Interseccion de T,Sobre calle,Ninguna,Oscuro con iluminacion,Despejado,No,NO APLICA,99,99,99,99,1,05/12/2022,4
12,Florida,123166,1,1,1,0,9,BREVARD (9),3175,WEST MELBOURNE,12,Diciembre,11,2022,18,32,US-192,2,US Highway,Urbano,Arteria Principal,State Highway Agency,1,Sin jurisdiccion especial,99998,28.07881389,-80.69990556,Peaton,El primer evento no fue una colision con un vehiculo automotor en transporte,Four-Way Intersection,Interseccion de 4 direcciones,Sobre calle,Ninguna,Atardecer,Despejado,No,NO APLICA,99,99,99,99,1,11/12/2022,1
12,Florida,123167,0,0,2,0,86,MIAMI-DADE (86),2010,MIAMI,12,Diciembre,21,2022,18,17,US-41,2,US Highway,Urbano,Arteria Principal,State Highway Agency,1,Sin jurisdiccion especial,99998,25.76411111,-80.271825,Vehiculo en movimiento,Golpe Lateral - misma direccion,Not an Intersection,No fue interseccion,Sobre calle,Ninguna,Oscuro con iluminacion,Despejado,No,NO APLICA,99,99,99,99,1,21/12/2022,2
12,Florida,123168,0,0,1,0,75,LEVY (75),0,NO APLICA,12,Diciembre,22,2022,7,20,SR-24,3,Highway estatal,Rural,Arteria Menor,State Highway Agency,0,Sin jurisdiccion especial,99998,29.31,-82.799175,Zanja,El primer evento no fue una colision con un vehiculo automotor en transporte,Not an Intersection,No fue interseccion,Sobre el lado de la calle,Ninguna,Dia total,Neblina o Humo,No,NO APLICA,99,99,99,99,1,22/12/2022,1
12,Florida,123169,0,0,2,0,119,SUMTER (119),0,NO APLICA,12,Diciembre,22,2022,0,57,SR-91,3,Highway estatal,Urbano,Arterial Principal -Freeway o ExpressWay,State Highway Agency,1,Sin jurisdiccion especial,99998,28.81809722,-82.01836944,Vehiculo en movimiento,Frente a Detrás,Not an Intersection,No fue interseccion,Sobre calle,Ninguna,Oscuro sin iluminacion,Neblina o Humo,No,NO APLICA,99,99,99,99,2,22/12/2022,8
12,Florida,123170,1,1,1,0,57,HILLSBOROUGH (57),0,NO APLICA,12,Diciembre,23,2022,23,58,6209 HARTFORD ST,8,Otro,Rural,Local,County Highway Agency,0,Sin jurisdiccion especial,99998,27.91185556,-82.38099722,Peaton,El primer evento no fue una colision con un vehiculo automotor en transporte,Four-Way Intersection,Interseccion de 4 direcciones,Sobre calle,Ninguna,Oscuro sin iluminacion,Despejado,No,NO APLICA,99,99,99,99,1,23/12/2022,1
12,Florida,123171,1,1,1,0,31,DUVAL (31),1510,JACKSONVILLE,12,Diciembre,24,2022,5,55,SR-109,3,Highway estatal,Urbano,Arteria Menor,State Highway Agency,0,Sin jurisdiccion especial,99998,30.32836667,-81.60414167,Peaton,El primer evento no fue una colision con un vehiculo automotor en transporte,Not an Intersection,No fue interseccion,Sobre calle,Ninguna,Oscuro - iluminacion desconocida,Despejado,No,NO APLICA,99,99,99,99,1,24/12/2022,4
12,Florida,123173,0,0,2,0,105,POLK (105),0,NO APLICA,11,Noviembre,15,2022,1,38,I-4,1,Interestatal,Urbano,Interestatal,State Highway Agency,1,Sin jurisdiccion especial,99998,28.14596667,-81.87835833,Vehiculo en movimiento,Frente a Detrás,Not an Intersection,No fue interseccion,Sobre calle,Ninguna,Oscuro sin iluminacion,Nublado,No,NO APLICA,99,99,99,99,1,15/11/2022,3
12,Florida,123174,0,0,2,0,95,ORANGE (95),0,NO APLICA,12,Diciembre,8,2022,3,30,SR-528,3,Highway estatal,Rural,Arterial Principal -Freeway o ExpressWay,State Highway Agency,1,Sin jurisdiccion especial,99998,28.45196111,-81.05918056,Vehiculo en movimiento,Angulo,Not an Intersection,No fue interseccion,Sobre calle,Ninguna,Oscuro con iluminacion,Despejado,No,NO APLICA,99,99,99,99,1,08/12/2022,4
12,Florida,123175,1,1,1,0,107,PUTNAM (107),0,NO APLICA,12,Diciembre,13,2022,18,25,CR-309,4,Calle del Condado,Rural,Colector Mayor,County Highway Agency,0,Sin jurisdiccion especial,99998,29.40084167,-81.64417778,Peaton,El primer evento no fue una colision con un vehiculo automotor en transporte,Not an Intersection,No fue interseccion,Sobre calle,Ninguna,Oscuro sin iluminacion,Despejado,No,NO APLICA,99,99,99,99,1,13/12/2022,1
12,Florida,123176,0,0,3,0,95,ORANGE (95),0,NO APLICA,12,Diciembre,17,2022,3,35,SR-417,3,Highway estatal,Urbano,Arterial Principal -Freeway o ExpressWay,State Highway Agency,0,Sin jurisdiccion especial,99998,28.59423333,-81.25031667,Vehiculo en movimiento,Frente a frente,Not an Intersection,No fue interseccion,Sobre calle,Ninguna,Oscuro con iluminacion,Nublado,No,NO APLICA,99,99,99,99,1,17/12/2022,3
12,Florida,123177,0,0,2,0,11,BROWARD (11),2541,PLANTATION,12,Diciembre,18,2022,15,48,N NOB HILL RD,6,Calle Local Municipalidad,Urbano,Arteria Menor,Town or Township Highway Agency,0,Sin jurisdiccion especial,99998,26.14891944,-80.28613333,Vehiculo en movimiento,Angulo,Not an Intersection,No fue interseccion,Sobre calle,Ninguna,Dia total,Despejado,No,NO APLICA,99,99,99,99,1,18/12/2022,2
12,Florida,123178,0,0,2,0,23,COLUMBIA (23),0,NO APLICA,12,Diciembre,21,2022,18,55,SW LITTLE RD,8,Otro,Rural,Local,County Highway Agency,0,Sin jurisdiccion especial,99998,30.07197778,-82.65769444,Vehiculo en movimiento,Frente a frente,T-Intersection,Interseccion de T,Sobre calle,Ninguna,Oscuro sin iluminacion,Nublado,No,NO APLICA,99,99,99,99,1,21/12/2022,4
12,Florida,123179,0,0,2,0,99,PALM BEACH (99),0,NO APLICA,12,Diciembre,21,2022,6,50,NASSAU RD,8,Otro,Urbano,Local,County Highway Agency,0,Sin jurisdiccion especial,99998,26.62536389,-80.16511944,Vehiculo en movimiento,Angulo,Four-Way Intersection,Interseccion de 4 direcciones,Sobre calle,"Zona de trabajo, tipo desconocido",Amanecer,Otro,No,NO APLICA,99,99,99,99,1,21/12/2022,2
12,Florida,123180,0,0,2,0,99,PALM BEACH (99),1190,GREENACRES CITY,12,Diciembre,24,2022,18,0,SR-802,3,Highway estatal,Urbano,Arteria Principal,State Highway Agency,0,Sin jurisdiccion especial,99998,26.61904167,-80.12533889,Vehiculo en movimiento,Angulo,Four-Way Intersection,Interseccion de 4 direcciones,Sobre calle,Ninguna,Oscuro con iluminacion,Despejado,No,NO APLICA,99,99,99,99,1,24/12/2022,2
12,Florida,123181,0,0,2,0,95,ORANGE (95),0,NO APLICA,12,Diciembre,24,2022,0,42,SR-551,3,Highway estatal,Urbano,Arteria Menor,State Highway Agency,0,Sin jurisdiccion especial,99998,28.486,-81.28530278,Vehiculo en movimiento,Angulo,T-Intersection,Interseccion de T,Sobre calle,Ninguna,Oscuro con iluminacion,Despejado,No,NO APLICA,99,99,99,99,1,24/12/2022,5
12,Florida,123182,1,1,1,0,99,PALM BEACH (99),2840,SOUTH BAY,12,Diciembre,9,2022,13,4,SHERWOOD FOREST BLVD,6,Calle Local Municipalidad,Urbano,Colector Mayor,City or Municipal Highway Agency,0,Sin jurisdiccion especial,99998,26.63190556,-80.13775556,Ciclista,El primer evento no fue una colision con un vehiculo automotor en transporte,Not an Intersection,No fue interseccion,Sobre calle,Ninguna,Dia total,Despejado,No,NO APLICA,99,99,99,99,1,09/12/2022,1