Estado,Nombre de Estado,Numero de Caso,Peatones,Personas _no_vehiculos,Vehiculos automotores,Vehiculos estacionados,Condado,Nombre Condado,Ciudad,Nombre Ciudad,Mes,Nombre Mes,Dia,Año,Hora,Minuto,Calle,Ruta,Nombre Ruta,Rural o Urbanoo,Sistema Funcional,Dueño Calle,Sistema Nacional Carreteras,Jurisdiccion Especial,Milla,Latitud,Longitud,Causa del Accidente,Tipo de Accidente,Tipo Interseccion,Columna1,Lugar en la calle,Zona de Trabajo,Luz,Clima,Autobus Escolar,Cruce de Trenes,Hora Notificacion,Minuto Notificacion,Hora Llegada,Minuto Llegada,Decesos,Fecha,PersonaVehiculo
12,Florida,123183,0,0,2,0,11,BROWARD (11),2570,POMPANO BEACH,12,Diciembre,11,2022,14,5,NW 7TH TER,6,Calle Local Municipalidad,Urbano,Local,City or Municipal Highway Agency,0,Sin jurisdiccion especial,99998,26.25373056,-80.13479722,Vehiculo en movimiento,Frente a frente,T-Intersection,Interseccion de T,Sobre calle,Ninguna,Dia total,Despejado,No,NO APLICA,99,99,99,99,1,11/12/2022,3
12,Florida,123185,0,0,3,0,71,LEE (71),0,NO APLICA,12,Diciembre,21,2022,20,13,SR-82,3,Highway estatal,Urbano,Arteria Principal,State Highway Agency,0,Sin jurisdiccion especial,99998,26.580625,-81.71185833,Poste,El primer evento no fue una colision con un vehiculo automotor en transporte,Four-Way Intersection,Interseccion de 4 direcciones,Sobre el lado de la calle,Ninguna,Oscuro con iluminacion,Despejado,No,NO APLICA,99,99,99,99,1,21/12/2022,4
12,Florida,123186,0,0,2,0,99,PALM BEACH (99),0,NO APLICA,12,Diciembre,26,2022,23,8,CALLIANDRA DR,9,Desconocido,Urbano,Local,Town or Township Highway Agency,0,Sin jurisdiccion especial,99998,26.53186389,-80.10865833,Vehiculo en movimiento,Angulo,T-Intersection,Interseccion de T,Sobre calle,Ninguna,Oscuro con iluminacion,lluvia,No,NO APLICA,99,99,99,99,2,26/12/2022,3
12,Florida,123187,0,0,1,0,31,DUVAL (31),1510,JACKSONVILLE,12,Diciembre,27,2022,0,5,S LANE AVE,6,Calle Local Municipalidad,Urbano,Arteria Menor,City or Municipal Highway Agency,0,Sin jurisdiccion especial,99998,30.28209167,-81.75589722,Otro objeto (fijo),El primer evento no fue una colision con un vehiculo automotor en transporte,T-Intersection,Interseccion de T,Sobre el lado de la calle,Ninguna,Oscuro con iluminacion,Despejado,No,NO APLICA,99,99,99,99,1,27/12/2022,2
12,Florida,123188,0,0,2,0,86,MIAMI-DADE (86),0,NO APLICA,9,Septiembre,11,2022,14,0,SR-9,3,Highway estatal,Urbano,Arteria Principal,State Highway Agency,0,Sin jurisdiccion especial,99998,25.91859167,-80.21961944,Vehiculo en movimiento,Angulo,T-Intersection,Interseccion de T,Sobre calle,Ninguna,Dia total,Despejado,No,NO APLICA,99,99,99,99,2,11/09/2022,3
12,Florida,123189,1,1,2,0,95,ORANGE (95),0,NO APLICA,11,Noviembre,9,2022,5,32,SR-417,3,Highway estatal,Urbano,Arterial Principal -Freeway o ExpressWay,State Highway Agency,1,Sin jurisdiccion especial,99998,28.37374722,-81.40707222,Peaton,El primer evento no fue una colision con un vehiculo automotor en transporte,Not an Intersection,No fue interseccion,Sobre calle,"Zona de trabajo, tipo desconocido",Oscuro con iluminacion,Nublado,No,NO APLICA,99,99,99,99,1,09/11/2022,2
12,Florida,123190,0,0,1,0,86,MIAMI-DADE (86),2010,MIAMI,12,Diciembre,1,2022,0,35,SR-874,3,Highway estatal,Urbano,Arterial Principal -Freeway o ExpressWay,State Highway Agency,0,Sin jurisdiccion especial,99998,25.67253333,-80.36684722,Barrera de Trafico de Concreto,El primer evento no fue una colision con un vehiculo automotor en transporte,T-Intersection,Interseccion de T,En el medio,Ninguna,Oscuro con iluminacion,Nublado,No,NO APLICA,99,99,99,99,1,01/12/2022,1
12,Florida,123191,1,1,2,1,31,DUVAL (31),1510,JACKSONVILLE,12,Diciembre,4,2022,18,0,I-95,1,Interestatal,Urbano,Interestatal,State Highway Agency,1,Sin jurisdiccion especial,99998,30.14133056,-81.54041111,Peaton,El primer evento no fue una colision con un vehiculo automotor en transporte,Not an Intersection,No fue interseccion,Sobre calle,Ninguna,Oscuro con iluminacion,Despejado,No,NO APLICA,99,99,99,99,1,04/12/2022,1
12,Florida,123192,0,0,4,0,127,VOLUSIA (127),0,NO APLICA,12,Diciembre,11,2022,2,13,SR-44,3,Highway estatal,Rural,Arteria Principal,State Highway Agency,0,Sin jurisdiccion especial,99998,29.01923056,-81.2158,Vehiculo en movimiento,Frente a frente,Not an Intersection,No fue interseccion,Sobre calle,Ninguna,Oscuro sin iluminacion,Despejado,No,NO APLICA,99,99,99,99,3,11/12/2022,8
12,Florida,123193,0,0,2,0,55,HIGHLANDS (55),0,NO APLICA,12,Diciembre,12,2022,18,58,US-27,2,US Highway,Urbano,Arteria Principal,State Highway Agency,1,Sin jurisdiccion especial,99998,27.56190278,-81.51213056,Vehiculo en movimiento,Frente a Detrás,Not an Intersection,No fue interseccion,Sobre calle,Ninguna,Oscuro sin iluminacion,Despejado,No,NO APLICA,99,99,99,99,1,12/12/2022,2
12,Florida,123194,1,1,1,0,105,POLK (105),0,NO APLICA,12,Diciembre,14,2022,17,51,SR-60,3,Highway estatal,Urbano,Arteria Principal,State Highway Agency,1,Sin jurisdiccion especial,99998,27.8944,-81.53606944,Ciclista,El primer evento no fue una colision con un vehiculo automotor en transporte,Not an Intersection,No fue interseccion,Sobre calle,Ninguna,Atardecer,Despejado,No,NO APLICA,99,99,99,99,1,14/12/2022,1
12,Florida,123195,0,0,1,0,127,VOLUSIA (127),0,NO APLICA,12,Diciembre,15,2022,13,45,I-4,1,Interestatal,Urbano,Interestatal,State Highway Agency,1,Sin jurisdiccion especial,99998,29.115,-81.13935,Poste de Señal de trafico,El primer evento no fue una colision con un vehiculo automotor en transporte,Not an Intersection,No fue interseccion,Sobre el lado de la calle,Ninguna,Dia total,lluvia,No,NO APLICA,99,99,99,99,1,15/12/2022,1
12,Florida,123196,0,0,2,0,35,FLAGLER (35),2439,PALM COAST,12,Diciembre,16,2022,20,38,US-1,2,US Highway,Urbano,Arteria Principal,State Highway Agency,1,Sin jurisdiccion especial,99998,29.545,-81.26431944,Vehiculo en movimiento,Frente a frente,Not an Intersection,No fue interseccion,Sobre calle,Ninguna,Oscuro sin iluminacion,Despejado,No,NO APLICA,99,99,99,99,1,16/12/2022,2
12,Florida,123197,1,1,2,0,115,SARASOTA (115),0,NO APLICA,12,Diciembre,19,2022,20,42,US-41,2,US Highway,Urbano,Arteria Principal,State Highway Agency,1,Sin jurisdiccion especial,99998,27.19139167,-82.48836111,Ciclista,El primer evento no fue una colision con un vehiculo automotor en transporte,Not an Intersection,No fue interseccion,Sobre calle,Ninguna,Oscuro sin iluminacion,Despejado,No,NO APLICA,99,99,99,99,1,19/12/2022,2
12,Florida,123198,0,0,2,0,71,LEE (71),0,NO APLICA,12,Diciembre,21,2022,6,39,CR-884,4,Calle del Condado,Urbano,Arteria Menor,County Highway Agency,0,Sin jurisdiccion especial,99998,26.62079722,-81.75479167,Vehiculo en movimiento,Angulo,Not an Intersection,No fue interseccion,Sobre calle,Ninguna,Amanecer,Nublado,No,NO APLICA,99,99,99,99,1,21/12/2022,2
12,Florida,123199,0,0,1,0,31,DUVAL (31),1510,JACKSONVILLE,11,Noviembre,13,2022,4,0,I-295,1,Interestatal,Urbano,Interestatal,State Highway Agency,1,Sin jurisdiccion especial,99998,30.40711944,-81.75301944,Volcadura,El primer evento no fue una colision con un vehiculo automotor en transporte,Not an Intersection,No fue interseccion,Sobre el lado de la calle,Ninguna,Oscuro con iluminacion,Despejado,No,NO APLICA,99,99,99,99,1,13/11/2022,1
12,Florida,123200,0,0,2,0,105,POLK (105),0,NO APLICA,12,Diciembre,21,2022,10,53,US-98,2,US Highway,Urbano,Arteria Principal,State Highway Agency,1,Sin jurisdiccion especial,99998,28.15383889,-81.97363333,Vehiculo en movimiento,Angulo,T-Intersection,Interseccion de T,Sobre calle,Ninguna,Dia total,Nublado,No,NO APLICA,99,99,99,99,1,21/12/2022,2
12,Florida,123201,0,0,1,0,119,SUMTER (119),0,NO APLICA,12,Diciembre,22,2022,7,25,CR-548,4,Calle del Condado,Rural,Arteria Menor,County Highway Agency,0,Sin jurisdiccion especial,99998,28.66843889,-82.09203889,Arbol,El primer evento no fue una colision con un vehiculo automotor en transporte,Not an Intersection,No fue interseccion,Sobre el lado de la calle,Ninguna,Dia total,Despejado,No,NO APLICA,99,99,99,99,1,22/12/2022,1
12,Florida,123202,0,0,2,0,97,OSCEOLA (97),2700,SAINT CLOUD,12,Diciembre,23,2022,14,13,VERMONT AVE,6,Calle Local Municipalidad,Urbano,Local,Town or Township Highway Agency,0,Sin jurisdiccion especial,99998,28.25653611,-81.292475,Vehiculo en movimiento,Angulo,Four-Way Intersection,Interseccion de 4 direcciones,Sobre calle,Ninguna,Dia total,Despejado,No,NO APLICA,99,99,99,99,1,23/12/2022,3
12,Florida,123203,1,1,1,0,71,LEE (71),312,BONITA SPRINGS,12,Diciembre,23,2022,19,6,CR-887 OLD 41 RD,4,Calle del Condado,Urbano,Colector Mayor,County Highway Agency,0,Sin jurisdiccion especial,99998,26.32560278,-81.78284722,Peaton,El primer evento no fue una colision con un vehiculo automotor en transporte,Not an Intersection,No fue interseccion,Sobre calle,Ninguna,Oscuro sin iluminacion,Despejado,No,NO APLICA,99,99,99,99,1,23/12/2022,1
12,Florida,123204,0,0,2,0,33,ESCAMBIA (33),0,NO APLICA,12,Diciembre,25,2022,0,15,SR-292,3,Highway estatal,Urbano,Arteria Principal,State Highway Agency,0,Sin jurisdiccion especial,99998,30.38675,-87.29071111,Vehiculo en movimiento,Angulo,Not an Intersection,No fue interseccion,Sobre calle,Ninguna,Oscuro sin iluminacion,Despejado,No,NO APLICA,99,99,99,99,4,25/12/2022,5
12,Florida,123205,0,0,2,0,99,PALM BEACH (99),0,NO APLICA,9,Septiembre,20,2022,15,25,SR-808,3,Highway estatal,Urbano,Arteria Principal,State Highway Agency,1,Sin jurisdiccion especial,99998,26.36784722,-80.17384722,Vehiculo en movimiento,Angulo,Not an Intersection,No fue interseccion,Sobre calle,Ninguna,Dia total,Despejado,No,NO APLICA,99,99,99,99,1,20/09/2022,2
12,Florida,123206,0,0,1,0,63,JACKSON (63),0,NO APLICA,9,Septiembre,24,2022,17,29,US-231,2,US Highway,Rural,Arteria Principal,State Highway Agency,1,Sin jurisdiccion especial,99998,30.57615,-85.38691667,Volcadura,El primer evento no fue una colision con un vehiculo automotor en transporte,Not an Intersection,No fue interseccion,Sobre calle,Ninguna,Dia total,Despejado,No,NO APLICA,99,99,99,99,1,24/09/2022,1
12,Florida,123208,1,1,1,0,57,HILLSBOROUGH (57),2540,PLANT CITY,10,Octubre,5,2022,0,16,CALHOUN ST E,6,Calle Local Municipalidad,Urbano,Local,City or Municipal Highway Agency,0,Sin jurisdiccion especial,99998,28.02210278,-82.10618056,Peaton,El primer evento no fue una colision con un vehiculo automotor en transporte,Not an Intersection,No fue interseccion,Sobre calle,Ninguna,Oscuro sin iluminacion,Despejado,No,NO APLICA,99,99,99,99,1,05/10/2022,1
12,Florida,123209,0,0,2,0,117,SEMINOLE (117),1705,LAKE MARY,10,Octubre,13,2022,10,28,RINEHART RD,8,Otro,Urbano,Colector Mayor,County Highway Agency,0,Sin jurisdiccion especial,99998,28.76523056,-81.34724167,Vehiculo en movimiento,Angulo,Four-Way Intersection,Interseccion de 4 direcciones,Sobre calle,Ninguna,Dia total,Nublado,No,NO APLICA,99,99,99,99,1,13/10/2022,2
12,Florida,123211,1,1,1,0,117,SEMINOLE (117),2770,SANFORD,10,Octubre,17,2022,19,40,SR-46,3,Highway estatal,Urbano,Arteria Principal,State Highway Agency,1,Sin jurisdiccion especial,99998,28.81148056,-81.314325,Peaton,El primer evento no fue una colision con un vehiculo automotor en transporte,T-Intersection,Interseccion de T,Sobre calle,Ninguna,Oscuro con iluminacion,Despejado,No,NO APLICA,99,99,99,99,1,17/10/2022,1
12,Florida,123212,0,0,1,0,127,VOLUSIA (127),0,NO APLICA,10,Octubre,21,2022,19,11,MADISON AVE,8,Otro,Urbano,Colector Menor,County Highway Agency,0,Sin jurisdiccion especial,99998,29.21842222,-81.04207778,Alguien se cayo/avento del vehiculo,El primer evento no fue una colision con un vehiculo automotor en transporte,Not an Intersection,No fue interseccion,Sobre calle,Ninguna,Atardecer,Despejado,No,NO APLICA,99,99,99,99,1,21/10/2022,1
12,Florida,123213,0,0,2,0,57,HILLSBOROUGH (57),0,NO APLICA,10,Octubre,22,2022,0,9,LUTZ LAKE FERN RD,6,Calle Local Municipalidad,Urbano,Colector Mayor,City or Municipal Highway Agency,1,Sin jurisdiccion especial,99998,28.1559,-82.53542222,Vehiculo en movimiento,Angulo,T-Intersection,Interseccion de T,Sobre calle,Ninguna,Oscuro con iluminacion,Despejado,No,NO APLICA,99,99,99,99,1,22/10/2022,2
12,Florida,123214,0,0,2,0,99,PALM BEACH (99),820,DELRAY BEACH,10,Octubre,24,2022,11,9,SR-806,3,Highway estatal,Urbano,Arteria Principal,State Highway Agency,1,Sin jurisdiccion especial,99998,26.45776389,-80.12496111,Vehiculo en movimiento,Angulo,T-Intersection,Interseccion de T,Sobre calle,Ninguna,Dia total,Despejado,No,NO APLICA,99,99,99,99,1,24/10/2022,2
12,Florida,123215,1,1,1,0,117,SEMINOLE (117),2770,SANFORD,10,Octubre,29,2022,19,48,CR-46A W 25TH ST,4,Calle del Condado,Urbano,Arteria Menor,County Highway Agency,0,Sin jurisdiccion especial,99998,28.78659444,-81.28173889,Peaton,El primer evento no fue una colision con un vehiculo automotor en transporte,Not an Intersection,No fue interseccion,Sobre calle,Ninguna,Oscuro sin iluminacion,Despejado,No,NO APLICA,99,99,99,99,1,29/10/2022,1
12,Florida,123216,0,0,2,0,71,LEE (71),1070,FORT MYERS,10,Octubre,31,2022,1,26,METRO PKWY,8,Otro,Urbano,Arteria Principal,City or Municipal Highway Agency,0,Sin jurisdiccion especial,99998,26.61197222,-81.85454444,Vehiculo en movimiento,Frente a frente,Not an Intersection,No fue interseccion,Sobre calle,Ninguna,Oscuro con iluminacion,Despejado,No,NO APLICA,99,99,99,99,1,31/10/2022,2
12,Florida,123217,0,0,2,0,71,LEE (71),0,NO APLICA,10,Octubre,31,2022,12,47,COLLEGE PKWY,8,Otro,Urbano,Arteria Menor,City or Municipal Highway Agency,0,Sin jurisdiccion especial,99998,26.55693611,-81.89359444,Vehiculo en movimiento,Angulo,Four-Way Intersection,Interseccion de 4 direcciones,Sobre calle,Ninguna,Dia total,Despejado,No,NO APLICA,99,99,99,99,1,31/10/2022,2
12,Florida,123218,0,0,2,0,5,BAY (5),2450,PANAMA CITY,11,Noviembre,1,2022,3,15,US-231,2,US Highway,Urbano,Arteria Principal,State Highway Agency,1,Sin jurisdiccion especial,99998,30.27058056,-85.526225,Vehiculo en movimiento,Angulo,T-Intersection,Interseccion de T,Sobre calle,Ninguna,Oscuro con iluminacion,Nublado,No,NO APLICA,99,99,99,99,1,01/11/2022,2
12,Florida,123219,0,0,1,0,5,BAY (5),2450,PANAMA CITY,11,Noviembre,8,2022,17,10,COLLEGIATE DR,6,Calle Local Municipalidad,Urbano,Local,Not Reported,0,Sin jurisdiccion especial,99998,30.18527222,-85.73059167,Soporte de  señalamiento de transito,El primer evento no fue una colision con un vehiculo automotor en transporte,Four-Way Intersection,Interseccion de 4 direcciones,Sobre el lado de la calle,Ninguna,Oscuro con iluminacion,Despejado,No,NO APLICA,99,99,99,99,1,08/11/2022,1
12,Florida,123220,0,0,2,0,109,ST JOHNS (109),0,NO APLICA,11,Noviembre,12,2022,12,43,PALM VALLEY RD,8,Otro,Rural,Colector Mayor,County Highway Agency,0,Sin jurisdiccion especial,99998,30.12318056,-81.39945,Vehiculo en movimiento,Angulo,Four-Way Intersection,Interseccion de 4 direcciones,Sobre calle,Ninguna,Dia total,Despejado,No,NO APLICA,99,99,99,99,1,12/11/2022,5
12,Florida,123221,0,0,2,0,11,BROWARD (11),2570,POMPANO BEACH,11,Noviembre,17,2022,13,5,SR-814 W ATLANTIC BLVD,3,Highway estatal,Urbano,Arteria Principal,State Highway Agency,1,Sin jurisdiccion especial,99998,26.23141944,-80.15371389,Vehiculo en movimiento,Angulo,T-Intersection,Interseccion de T,Sobre calle,Ninguna,Dia total,Despejado,No,NO APLICA,99,99,99,99,1,17/11/2022,2
12,Florida,123222,0,0,2,0,35,FLAGLER (35),0,NO APLICA,12,Diciembre,28,2022,8,30,I-95,1,Interestatal,Rural,Interestatal,State Highway Agency,1,Sin jurisdiccion especial,99998,29.64061944,-81.27019167,Vehiculo en movimiento,Frente a Detrás,Not an Intersection,No fue interseccion,Sobre calle,Ninguna,Dia total,Despejado,No,NO APLICA,99,99,99,99,1,28/12/2022,2
12,Florida,123223,0,0,3,0,101,PASCO (101),0,NO APLICA,12,Diciembre,11,2022,17,18,I-75,1,Interestatal,Rural,Interestatal,State Highway Agency,1,Sin jurisdiccion especial,99998,28.41742222,-82.29315278,Vehiculo en movimiento,Frente a Detrás,Not an Intersection,No fue interseccion,Sobre calle,Ninguna,Dia total,Despejado,No,NO APLICA,99,99,99,99,1,11/12/2022,4
12,Florida,123224,0,0,1,0,121,SUWANNEE (121),0,NO APLICA,12,Diciembre,25,2022,23,20,US-90,2,US Highway,Rural,Arteria Menor,State Highway Agency,1,Sin jurisdiccion especial,99998,30.37076111,-83.15053056,Arbol,El primer evento no fue una colision con un vehiculo automotor en transporte,Not an Intersection,No fue interseccion,Sobre el lado de la calle,Ninguna,Oscuro sin iluminacion,Despejado,No,NO APLICA,99,99,99,99,1,25/12/2022,1
12,Florida,123225,0,0,1,0,127,VOLUSIA (127),2190,NEW SMYRNA BEACH,12,Diciembre,23,2022,22,30,CR-4118 PIONEER TRL,4,Calle del Condado,Urbano,Colector Mayor,County Highway Agency,0,Sin jurisdiccion especial,99998,29.02416111,-80.96778611,Buzon de correo,El primer evento no fue una colision con un vehiculo automotor en transporte,Not an Intersection,No fue interseccion,Sobre el lado de la calle,Ninguna,Oscuro sin iluminacion,Despejado,No,NO APLICA,99,99,99,99,1,23/12/2022,2
12,Florida,123226,0,0,1,0,11,BROWARD (11),771,DAVIE,11,Noviembre,12,2022,10,50,I-75,1,Interestatal,Urbano,Interestatal,State Highway Agency,1,Sin jurisdiccion especial,99998,26.09023889,-80.36334722,Valla Ferrocarril,El primer evento no fue una colision con un vehiculo automotor en transporte,Not an Intersection,No fue interseccion,En el medio,Ninguna,Dia total,Despejado,No,NO APLICA,99,99,99,99,1,12/11/2022,6
12,Florida,123227,0,0,1,0,117,SEMINOLE (117),0,NO APLICA,12,Diciembre,19,2022,15,41,AIRPORT BLVD,6,Calle Local Municipalidad,Urbano,Arteria Menor,Town or Township Highway Agency,0,Sin jurisdiccion especial,99998,28.779675,-81.29675833,Vehiculo Ferrocarril,El primer evento no fue una colision con un vehiculo automotor en transporte,Not an Intersection,No fue interseccion,Sobre calle,Ninguna,Dia total,Despejado,No,Unknown,99,99,99,99,1,19/12/2022,1
12,Florida,123228,0,0,2,0,93,OKEECHOBEE (93),0,NO APLICA,12,Diciembre,20,2022,17,48,US-98,2,US Highway,Urbano,Arteria Principal,State Highway Agency,1,Sin jurisdiccion especial,99998,27.31605833,-80.91048889,Vehiculo en movimiento,Frente a frente,Not an Intersection,No fue interseccion,Sobre calle,Ninguna,Oscuro con iluminacion,lluvia,No,NO APLICA,99,99,99,99,1,20/12/2022,2
12,Florida,123229,1,1,2,0,69,LAKE (69),1820,LEESBURG,12,Diciembre,25,2022,19,44,SR-44,3,Highway estatal,Urbano,Arteria Principal,State Highway Agency,0,Sin jurisdiccion especial,99998,28.80614167,-81.88136944,Peaton,El primer evento no fue una colision con un vehiculo automotor en transporte,T-Intersection,Interseccion de T,Sobre calle,Ninguna,Oscuro con iluminacion,Despejado,No,NO APLICA,99,99,99,99,1,25/12/2022,7
12,Florida,123230,1,1,1,0,11,BROWARD (11),2570,POMPANO BEACH,12,Diciembre,16,2022,2,54,SR-814 W ATLANTIC BLVD,3,Highway estatal,Urbano,Arteria Principal,State Highway Agency,1,Sin jurisdiccion especial,99998,26.23130833,-80.15649722,Peaton,El primer evento no fue una colision con un vehiculo automotor en transporte,Four-Way Intersection,Interseccion de 4 direcciones,Sobre calle,Ninguna,Oscuro con iluminacion,Despejado,No,NO APLICA,99,99,99,99,1,16/12/2022,1
12,Florida,123231,0,0,1,0,119,SUMTER (119),0,NO APLICA,12,Diciembre,18,2022,1,10,SR-50,3,Highway estatal,Rural,Arteria Principal,State Highway Agency,1,Sin jurisdiccion especial,99998,28.56585,-82.01996111,Volcadura,El primer evento no fue una colision con un vehiculo automotor en transporte,Not an Intersection,No fue interseccion,"Fuera de la calle, ubicacion desconocida",Ninguna,Oscuro sin iluminacion,Despejado,No,NO APLICA,99,99,99,99,1,18/12/2022,2
12,Florida,123232,0,0,2,0,119,SUMTER (119),0,NO APLICA,12,Diciembre,20,2022,18,55,SR-44,3,Highway estatal,Rural,Arteria Principal,State Highway Agency,1,Sin jurisdiccion especial,99998,28.873675,-82.09322778,Vehiculo en movimiento,Angulo,Four-Way Intersection,Interseccion de 4 direcciones,Sobre calle,Ninguna,Oscuro sin iluminacion,Nublado,No,NO APLICA,99,99,99,99,1,20/12/2022,3
12,Florida,123233,0,0,2,0,57,HILLSBOROUGH (57),0,NO APLICA,12,Diciembre,20,2022,14,45,US-41,2,US Highway,Rural,Arteria Principal,State Highway Agency,1,Sin jurisdiccion especial,99998,27.65396111,-82.51023889,Volcadura,El primer evento no fue una colision con un vehiculo automotor en transporte,Not an Intersection,No fue interseccion,Sobre el lado de la calle,Ninguna,Dia total,lluvia,No,NO APLICA,99,99,99,99,1,20/12/2022,2
12,Florida,123234,1,1,1,0,115,SARASOTA (115),0,NO APLICA,12,Diciembre,23,2022,15,8,JARVIS RD,8,Otro,Urbano,Local,County Highway Agency,0,Sin jurisdiccion especial,99998,27.29178611,-82.4294,Peaton,El primer evento no fue una colision con un vehiculo automotor en transporte,Not an Intersection,No fue interseccion,Sobre calle,Ninguna,Dia total,Despejado,No,NO APLICA,99,99,99,99,1,23/12/2022,1
12,Florida,123235,0,0,2,0,11,BROWARD (11),2219,NORTH LAUDERDALE,12,Diciembre,27,2022,14,26,W MCNAB RD,6,Calle Local Municipalidad,Urbano,Arteria Principal,County Highway Agency,0,Sin jurisdiccion especial,99998,26.20841111,-80.21395278,Banqueta,El primer evento no fue una colision con un vehiculo automotor en transporte,Not an Intersection,No fue interseccion,En el medio,Ninguna,Dia total,Despejado,No,NO APLICA,99,99,99,99,1,27/12/2022,2
12,Florida,123236,0,0,2,0,101,PASCO (101),750,DADE CITY,12,Diciembre,30,2022,18,27,US-301,2,US Highway,Urbano,Arteria Principal,State Highway Agency,1,Sin jurisdiccion especial,99998,28.34306111,-82.18734444,Vehiculo en movimiento,Frente a frente,Four-Way Intersection,Interseccion de 4 direcciones,Sobre calle,Ninguna,Oscuro con iluminacion,Despejado,No,NO APLICA,99,99,99,99,1,30/12/2022,2
12,Florida,123237,0,0,2,0,99,PALM BEACH (99),0,NO APLICA,12,Diciembre,30,2022,20,7,MUCK CITY RD,8,Otro,Rural,Colector Menor,County Highway Agency,0,Sin jurisdiccion especial,99998,26.81258611,-80.57343056,Vehiculo en movimiento,Frente a frente,Not an Intersection,No fue interseccion,Sobre calle,Ninguna,Oscuro sin iluminacion,Despejado,No,NO APLICA,99,99,99,99,1,30/12/2022,2
12,Florida,123238,1,1,1,0,87,MONROE (87),0,NO APLICA,12,Diciembre,31,2022,19,50,US-1,2,US Highway,Urbano,Arteria Principal,State Highway Agency,1,Sin jurisdiccion especial,99998,24.59929444,-81.65201389,Peaton,El primer evento no fue una colision con un vehiculo automotor en transporte,Not an Intersection,No fue interseccion,Sobre calle,Ninguna,Dia total,Despejado,No,NO APLICA,99,99,99,99,1,31/12/2022,2
12,Florida,123239,1,1,1,0,57,HILLSBOROUGH (57),0,NO APLICA,12,Diciembre,31,2022,18,55,CR-676A PROGRESS BLVD,4,Calle del Condado,Urbano,Arteria Menor,County Highway Agency,0,Sin jurisdiccion especial,99998,27.89377222,-82.340025,Ciclista,El primer evento no fue una colision con un vehiculo automotor en transporte,Four-Way Intersection,Interseccion de 4 direcciones,Sobre calle,Ninguna,Atardecer,Nublado,No,NO APLICA,99,99,99,99,1,31/12/2022,2
12,Florida,123240,1,1,1,0,103,PINELLAS (103),0,NO APLICA,6,Junio,27,2022,22,27,SR-688,3,Highway estatal,Urbano,Arteria Principal,State Highway Agency,1,Sin jurisdiccion especial,99998,27.89397778,-82.68310833,Peaton,El primer evento no fue una colision con un vehiculo automotor en transporte,Not an Intersection,No fue interseccion,Sobre calle,Ninguna,Oscuro con iluminacion,Despejado,No,NO APLICA,99,99,99,99,1,27/06/2022,1
12,Florida,123242,0,0,1,0,99,PALM BEACH (99),820,DELRAY BEACH,12,Diciembre,16,2022,6,11,SR-809 S MILITARY TRL,3,Highway estatal,Urbano,Arteria Principal,State Highway Agency,1,Sin jurisdiccion especial,99998,26.45959722,-80.12259444,Banqueta,El primer evento no fue una colision con un vehiculo automotor en transporte,Not an Intersection,No fue interseccion,En el medio,Ninguna,Oscuro con iluminacion,Despejado,No,NO APLICA,99,99,99,99,1,16/12/2022,1
12,Florida,123243,0,0,1,0,127,VOLUSIA (127),1410,HOLLY HILL,12,Diciembre,19,2022,12,30,CARSWELL AVE,6,Calle Local Municipalidad,Urbano,Colector Mayor,City or Municipal Highway Agency,0,Sin jurisdiccion especial,99998,29.22838056,-81.03406111,Edificio,El primer evento no fue una colision con un vehiculo automotor en transporte,Not an Intersection,No fue interseccion,Fuera de la calle,Ninguna,Dia total,Despejado,No,NO APLICA,99,99,99,99,1,19/12/2022,1
12,Florida,123244,0,0,4,0,31,DUVAL (31),1510,JACKSONVILLE,12,Diciembre,28,2022,9,16,US-1,2,US Highway,Urbano,Arteria Principal,State Highway Agency,1,Sin jurisdiccion especial,99998,30.156625,-81.53024444,Vehiculo en movimiento,Frente a Detrás,Not an Intersection,No fue interseccion,Sobre calle,Ninguna,Dia total,Despejado,No,NO APLICA,99,99,99,99,1,28/12/2022,4
12,Florida,123245,1,1,1,0,127,VOLUSIA (127),780,DAYTONA BEACH,10,Octubre,21,2022,15,55,BIG TREE RD,8,Otro,Urbano,Colector Menor,County Highway Agency,0,Sin jurisdiccion especial,99998,29.15730278,-81.03555,No vehiculo o remolque,El primer evento no fue una colision con un vehiculo automotor en transporte,Four-Way Intersection,Interseccion de 4 direcciones,Sobre calle,Ninguna,Dia total,Despejado,No,NO APLICA,99,99,99,99,1,21/10/2022,1
12,Florida,123246,0,0,2,0,85,MARTIN (85),0,NO APLICA,11,Noviembre,7,2022,13,25,CR-A1A,4,Calle del Condado,Urbano,Arteria Menor,Not Reported,0,Sin jurisdiccion especial,99998,27.10158889,-80.15148889,Vehiculo en movimiento,Angulo,Four-Way Intersection,Interseccion de 4 direcciones,Sobre calle,Ninguna,Dia total,Despejado,No,NO APLICA,99,99,99,99,1,07/11/2022,3
12,Florida,123247,0,0,2,0,73,LEON (73),2940,TALLAHASSEE,11,Noviembre,28,2022,20,40,US-27,2,US Highway,Urbano,Arteria Principal,State Highway Agency,1,Sin jurisdiccion especial,99998,30.4322,-84.2495,Vehiculo en movimiento,Angulo,Four-Way Intersection,Interseccion de 4 direcciones,Sobre calle,Ninguna,Oscuro con iluminacion,Despejado,No,NO APLICA,99,99,99,99,1,28/11/2022,2