Estado,Nombre de Estado,Numero de Caso,Peatones,Personas _no_vehiculos,Vehiculos automotores,Vehiculos estacionados,Condado,Nombre Condado,Ciudad,Nombre Ciudad,Mes,Nombre Mes,Dia,Año,Hora,Minuto,Calle,Ruta,Nombre Ruta,Rural o Urbanoo,Sistema Funcional,Dueño Calle,Sistema Nacional Carreteras,Jurisdiccion Especial,Milla,Latitud,Longitud,Causa del Accidente,Tipo de Accidente,Tipo Interseccion,Columna1,Lugar en la calle,Zona de Trabajo,Luz,Clima,Autobus Escolar,Cruce de Trenes,Hora Notificacion,Minuto Notificacion,Hora Llegada,Minuto Llegada,Decesos,Fecha,PersonaVehiculo
12,Florida,123248,1,1,1,0,127,VOLUSIA (127),2340,ORANGE CITY,12,Diciembre,12,2022,2,29,US-7-92,2,US Highway,Urbano,Arteria Principal,State Highway Agency,1,Sin jurisdiccion especial,99998,28.92456111,-81.299,Peaton,El primer evento no fue una colision con un vehiculo automotor en transporte,Not an Intersection,No fue interseccion,Sobre calle,Ninguna,Oscuro sin iluminacion,Despejado,No,NO APLICA,99,99,99,99,1,12/12/2022,1
12,Florida,123249,0,0,1,0,27,DE SOTO (27),0,NO APLICA,12,Diciembre,10,2022,22,10,CR-760,4,Calle del Condado,Rural,Colector Mayor,County Highway Agency,0,Sin jurisdiccion especial,99998,27.16912222,-81.95698889,Culvert,El primer evento no fue una colision con un vehiculo automotor en transporte,Not an Intersection,No fue interseccion,Sobre el lado de la calle,Ninguna,Oscuro sin iluminacion,Despejado,No,NO APLICA,99,99,99,99,1,10/12/2022,2
12,Florida,123250,0,0,1,0,105,POLK (105),0,NO APLICA,12,Diciembre,17,2022,15,58,SR-60,3,Highway estatal,Urbano,Arteria Principal,State Highway Agency,0,Sin jurisdiccion especial,99998,27.89456944,-81.92762222,Volcadura,El primer evento no fue una colision con un vehiculo automotor en transporte,Not an Intersection,No fue interseccion,Sobre el lado de la calle,Ninguna,Dia total,Despejado,No,NO APLICA,99,99,99,99,1,17/12/2022,1
12,Florida,123251,0,0,3,0,31,DUVAL (31),1510,JACKSONVILLE,12,Diciembre,18,2022,1,50,I-295,1,Interestatal,Urbano,Interestatal,State Highway Agency,1,Sin jurisdiccion especial,99998,30.18946111,-81.66393333,Vehiculo en movimiento,Frente a Detrás,Not an Intersection,No fue interseccion,Sobre calle,Ninguna,Oscuro con iluminacion,Despejado,No,NO APLICA,99,99,99,99,1,18/12/2022,3
12,Florida,123252,0,0,3,0,97,OSCEOLA (97),0,NO APLICA,12,Diciembre,19,2022,18,16,SR-429,3,Highway estatal,Rural,Arterial Principal -Freeway o ExpressWay,State Highway Agency,1,Sin jurisdiccion especial,99998,28.30008333,-81.60621944,Vehiculo en movimiento,Frente a Detrás,Not an Intersection,No fue interseccion,Sobre calle,Ninguna,Oscuro con iluminacion,Despejado,No,NO APLICA,99,99,99,99,2,19/12/2022,8
12,Florida,123253,0,0,3,0,119,SUMTER (119),0,NO APLICA,12,Diciembre,19,2022,21,53,CR-466,4,Calle del Condado,Urbano,Colector Mayor,County Highway Agency,0,Sin jurisdiccion especial,99998,28.92726944,-82.00403056,Vehiculo en movimiento,Angulo,Four-Way Intersection,Interseccion de 4 direcciones,Sobre calle,Ninguna,Oscuro con iluminacion,Despejado,No,NO APLICA,21,53,21,59,2,19/12/2022,6
12,Florida,123254,0,0,1,0,101,PASCO (101),0,NO APLICA,12,Diciembre,22,2022,2,16,CR-County line Rd,4,Calle del Condado,Rural,Arteria Menor,County Highway Agency,0,Sin jurisdiccion especial,99998,28.17252222,-82.44978333,Banqueta,El primer evento no fue una colision con un vehiculo automotor en transporte,Not an Intersection,No fue interseccion,Sobre el lado de la calle,Ninguna,Oscuro sin iluminacion,Neblina o Humo,No,NO APLICA,99,99,99,99,1,22/12/2022,1
12,Florida,123255,0,0,2,0,19,CLAY (19),0,NO APLICA,12,Diciembre,23,2022,14,36,CR-214,4,Calle del Condado,Rural,Colector Mayor,County Highway Agency,0,Sin jurisdiccion especial,99998,29.78998889,-81.94343889,Vehiculo en movimiento,Frente a frente,Not an Intersection,No fue interseccion,Sobre calle,Ninguna,Dia total,Despejado,No,NO APLICA,99,99,99,99,2,23/12/2022,4
12,Florida,123256,1,1,1,0,97,OSCEOLA (97),0,NO APLICA,12,Diciembre,24,2022,21,40,US-192,2,US Highway,Urbano,Arteria Principal,State Highway Agency,1,Sin jurisdiccion especial,99998,28.31483889,-81.46796944,Peaton,El primer evento no fue una colision con un vehiculo automotor en transporte,Not an Intersection,No fue interseccion,Sobre calle,Ninguna,Oscuro con iluminacion,Despejado,No,NO APLICA,99,99,99,99,1,24/12/2022,3
12,Florida,123257,1,1,3,0,27,DE SOTO (27),0,NO APLICA,12,Diciembre,25,2022,2,57,SE HILLSBOROUGH AVE,5,Calle Local - Pueblo,Urbano,Colector Mayor,Not Reported,0,Sin jurisdiccion especial,99998,27.19365556,-81.85935278,Peaton,El primer evento no fue una colision con un vehiculo automotor en transporte,Not an Intersection,No fue interseccion,Sobre calle,Ninguna,Oscuro sin iluminacion,Nublado,No,NO APLICA,99,99,99,99,1,25/12/2022,3
12,Florida,123258,0,0,2,0,83,MARION (83),0,NO APLICA,12,Diciembre,26,2022,14,3,CR-484,4,Calle del Condado,Urbano,Colector Menor,County Highway Agency,1,Sin jurisdiccion especial,99998,29.02591944,-82.08685,Vehiculo en movimiento,Frente a frente,Four-Way Intersection,Interseccion de 4 direcciones,Sobre calle,Ninguna,Dia total,Nublado,No,NO APLICA,99,99,99,99,1,26/12/2022,3
12,Florida,123259,0,0,2,0,33,ESCAMBIA (33),2146,MYRTLE GROVE,12,Diciembre,23,2022,1,58,US-90,2,US Highway,Urbano,Arteria Principal,State Highway Agency,1,Sin jurisdiccion especial,99998,30.44076944,-87.28268056,Vehiculo en movimiento,Angulo,T-Intersection,Interseccion de T,Sobre calle,Ninguna,Oscuro con iluminacion,Despejado,No,NO APLICA,99,99,99,99,1,23/12/2022,2
12,Florida,123260,0,0,2,0,81,MANATEE (81),0,NO APLICA,12,Diciembre,26,2022,16,49,SR-62,3,Highway estatal,Rural,Arteria Menor,State Highway Agency,0,Sin jurisdiccion especial,99998,27.59413333,-82.26631944,Vehiculo en movimiento,Frente a frente,Not an Intersection,No fue interseccion,Sobre calle,Ninguna,Dia total,Nublado,No,NO APLICA,99,99,99,99,3,26/12/2022,3
12,Florida,123261,0,0,2,0,105,POLK (105),0,NO APLICA,12,Diciembre,27,2022,10,1,US-17,2,US Highway,Urbano,Arteria Principal,State Highway Agency,1,Sin jurisdiccion especial,99998,28.07126111,-81.75145278,Vehiculo en movimiento,Angulo,T-Intersection,Interseccion de T,Sobre calle,Ninguna,Dia total,Despejado,No,NO APLICA,99,99,99,99,1,27/12/2022,2
12,Florida,123262,0,0,2,0,31,DUVAL (31),1510,JACKSONVILLE,12,Diciembre,29,2022,14,1,SR-21,3,Highway estatal,Urbano,Arteria Principal,State Highway Agency,0,Sin jurisdiccion especial,99998,30.22321111,-81.73728889,Vehiculo en movimiento,Angulo,Four-Way Intersection,Interseccion de 4 direcciones,Sobre calle,Ninguna,Dia total,Nublado,No,NO APLICA,99,99,99,99,1,29/12/2022,2
12,Florida,123263,1,1,1,0,83,MARION (83),0,NO APLICA,12,Diciembre,30,2022,21,11,US-27,2,US Highway,Rural,Arteria Principal,State Highway Agency,1,Sin jurisdiccion especial,99998,29.29183056,-82.34528333,Peaton,El primer evento no fue una colision con un vehiculo automotor en transporte,Not an Intersection,No fue interseccion,Sobre calle,Ninguna,Oscuro sin iluminacion,Despejado,No,NO APLICA,99,99,99,99,1,30/12/2022,1
12,Florida,123264,0,0,2,0,119,SUMTER (119),0,NO APLICA,12,Diciembre,30,2022,19,25,SR-44,3,Highway estatal,Urbano,Arteria Principal,State Highway Agency,0,Sin jurisdiccion especial,99998,28.83498056,-82.00396667,Vehiculo en movimiento,Angulo,Not an Intersection,No fue interseccion,Sobre calle,Ninguna,Oscuro sin iluminacion,Despejado,No,NO APLICA,19,25,19,3,1,30/12/2022,2
12,Florida,123265,1,1,1,0,95,ORANGE (95),70,APOPKA,12,Diciembre,30,2022,6,18,US-441,2,US Highway,Urbano,Arteria Principal,State Highway Agency,1,Sin jurisdiccion especial,99998,28.67305833,-81.50931111,Ciclista,El primer evento no fue una colision con un vehiculo automotor en transporte,Four-Way Intersection,Interseccion de 4 direcciones,Sobre calle,Ninguna,Oscuro con iluminacion,Despejado,No,NO APLICA,99,99,99,99,1,30/12/2022,1
12,Florida,123266,0,0,1,0,99,PALM BEACH (99),330,BOYNTON BEACH,12,Diciembre,30,2022,19,13,CR-807,4,Calle del Condado,Urbano,Arteria Principal,City or Municipal Highway Agency,1,Sin jurisdiccion especial,99998,26.51338889,-80.08998333,Poste o otros soportes,El primer evento no fue una colision con un vehiculo automotor en transporte,Four-Way Intersection,Interseccion de 4 direcciones,"Fuera de la calle, ubicacion desconocida",Ninguna,Oscuro con iluminacion,Despejado,No,NO APLICA,99,99,99,99,1,30/12/2022,1
12,Florida,123267,0,0,1,0,9,BREVARD (9),1990,MELBOURNE,12,Diciembre,30,2022,15,51,POST RD,6,Calle Local Municipalidad,Urbano,Arteria Menor,Town or Township Highway Agency,0,Sin jurisdiccion especial,99998,28.17193333,-80.673125,Arbol,El primer evento no fue una colision con un vehiculo automotor en transporte,Not an Intersection,No fue interseccion,Fuera de la calle,Ninguna,Dia total,Despejado,No,NO APLICA,99,99,99,99,1,30/12/2022,1
12,Florida,123268,1,1,1,0,31,DUVAL (31),1510,JACKSONVILLE,12,Diciembre,31,2022,0,11,SR-134 103RD ST,3,Highway estatal,Urbano,Arteria Menor,State Highway Agency,0,Sin jurisdiccion especial,99998,30.24825278,-81.78026389,Peaton,El primer evento no fue una colision con un vehiculo automotor en transporte,Not an Intersection,No fue interseccion,Sobre calle,Ninguna,Oscuro con iluminacion,Despejado,No,NO APLICA,99,99,99,99,1,31/12/2022,1
12,Florida,123269,1,1,1,0,71,LEE (71),1070,FORT MYERS,12,Diciembre,31,2022,20,37,SR-739 FOWLER ST,3,Highway estatal,Urbano,Arteria Principal,State Highway Agency,1,Sin jurisdiccion especial,99998,26.62934722,-81.86211389,Peaton,El primer evento no fue una colision con un vehiculo automotor en transporte,Not an Intersection,No fue interseccion,Sobre calle,Ninguna,Oscuro con iluminacion,Despejado,No,NO APLICA,99,99,99,99,1,31/12/2022,3
12,Florida,123270,0,0,2,0,111,ST LUCIE (111),0,NO APLICA,12,Diciembre,15,2022,9,22,SR-614 INDRIO RD,3,Highway estatal,Rural,Arteria Principal,State Highway Agency,1,Sin jurisdiccion especial,99998,27.52162778,-80.44933333,Vehiculo en movimiento,Angulo,T-Intersection,Interseccion de T,Sobre calle,Ninguna,Dia total,Despejado,No,NO APLICA,99,99,99,99,1,15/12/2022,3
12,Florida,123273,0,0,3,0,101,PASCO (101),0,NO APLICA,12,Diciembre,28,2022,7,37,US-19,2,US Highway,Urbano,Arteria Principal,State Highway Agency,1,Sin jurisdiccion especial,99998,28.425825,-82.64366667,Vehiculo en movimiento,Frente a Detrás,Not an Intersection,No fue interseccion,Sobre calle,Ninguna,Dia total,Despejado,No,NO APLICA,99,99,99,99,1,28/12/2022,7
12,Florida,123274,0,0,1,0,86,MIAMI-DADE (86),0,NO APLICA,6,Junio,18,2022,6,32,SR-836,3,Highway estatal,Urbano,Interestatal,State Highway Agency,1,Sin jurisdiccion especial,99998,25.78146667,-80.36686111,Valla para choques,El primer evento no fue una colision con un vehiculo automotor en transporte,Not an Intersection,No fue interseccion,Gore?,Ninguna,Dia total,Despejado,No,NO APLICA,99,99,99,99,1,18/06/2022,1
12,Florida,123275,0,0,2,0,86,MIAMI-DADE (86),2023,MIAMI GARDENS,12,Diciembre,15,2022,11,46,MIAMI GARDENS DR,6,Calle Local Municipalidad,Urbano,Arteria Menor,State Highway Agency,0,Sin jurisdiccion especial,99998,25.93995,-80.27310556,Vehiculo en movimiento,Frente a frente,Not an Intersection,No fue interseccion,Sobre calle,Ninguna,Dia total,Despejado,No,NO APLICA,99,99,99,99,1,15/12/2022,3
12,Florida,123276,0,0,2,0,69,LAKE (69),1820,LEESBURG,12,Diciembre,29,2022,22,47,US-441,2,US Highway,Urbano,Arteria Principal,State Highway Agency,1,Sin jurisdiccion especial,99998,28.822475,-81.78468889,Vehiculo en movimiento,Frente a Detrás,Not an Intersection,No fue interseccion,Sobre calle,Ninguna,Oscuro con iluminacion,Neblina o Humo,No,NO APLICA,99,99,99,99,1,29/12/2022,4
12,Florida,123277,0,0,2,1,86,MIAMI-DADE (86),1340,HIALEAH,12,Diciembre,30,2022,22,28,W 32ND ST,8,Otro,Urbano,Local,City or Municipal Highway Agency,0,Sin jurisdiccion especial,99998,25.85064444,-80.30016944,Buzon de correo,El primer evento no fue una colision con un vehiculo automotor en transporte,Not an Intersection,No fue interseccion,Sobre el lado de la calle,Ninguna,Oscuro con iluminacion,Despejado,No,NO APLICA,99,99,99,99,1,30/12/2022,1
12,Florida,123278,1,1,1,0,103,PINELLAS (103),2730,SAINT PETERSBURG,12,Diciembre,31,2022,18,16,5TH AVE N,8,Otro,Urbano,Colector Mayor,City or Municipal Highway Agency,0,Sin jurisdiccion especial,99998,27.77712222,-82.7282,Ciclista,El primer evento no fue una colision con un vehiculo automotor en transporte,Four-Way Intersection,Interseccion de 4 direcciones,Sobre calle,Ninguna,Oscuro con iluminacion,Nublado,No,NO APLICA,99,99,99,99,1,31/12/2022,1
12,Florida,123279,0,0,2,0,127,VOLUSIA (127),780,DAYTONA BEACH,12,Diciembre,15,2022,18,20,US-1,2,US Highway,Urbano,Arteria Principal,State Highway Agency,1,Sin jurisdiccion especial,99998,29.2265,-81.03123056,Vehiculo en movimiento,Frente a frente,Four-Way Intersection,Interseccion de 4 direcciones,Sobre calle,Ninguna,Oscuro con iluminacion,lluvia,No,NO APLICA,99,99,99,99,1,15/12/2022,2
12,Florida,123280,0,0,1,0,86,MIAMI-DADE (86),0,NO APLICA,12,Diciembre,16,2022,16,20,US-27,2,US Highway,Rural,Arteria Principal,State Highway Agency,0,Sin jurisdiccion especial,99998,25.91343056,-80.402275,Barrera de Trafico de Concreto,El primer evento no fue una colision con un vehiculo automotor en transporte,Not an Intersection,No fue interseccion,En el medio,Ninguna,Dia total,Despejado,No,NO APLICA,99,99,99,99,1,16/12/2022,1
12,Florida,123281,1,1,1,0,11,BROWARD (11),2916,SUNRISE,12,Diciembre,26,2022,18,56,W SUNRISE BLVD,8,Otro,Urbano,Colector Mayor,City or Municipal Highway Agency,0,Sin jurisdiccion especial,99998,26.14588889,-80.31635556,Peaton,El primer evento no fue una colision con un vehiculo automotor en transporte,Not an Intersection,No fue interseccion,Sobre calle,Ninguna,Oscuro con iluminacion,lluvia,No,NO APLICA,99,99,99,99,1,26/12/2022,4
12,Florida,123282,0,0,1,0,99,PALM BEACH (99),3190,WEST PALM BEACH,12,Diciembre,31,2022,23,59,S FLAGLER DR,8,Otro,Urbano,Colector Mayor,City or Municipal Highway Agency,0,Sin jurisdiccion especial,99998,26.693775,-80.0502,Banqueta,El primer evento no fue una colision con un vehiculo automotor en transporte,Not an Intersection,No fue interseccion,Sobre el lado de la calle,Ninguna,Oscuro con iluminacion,Despejado,No,NO APLICA,99,99,99,99,2,31/12/2022,2
12,Florida,123283,1,1,1,0,19,CLAY (19),0,NO APLICA,12,Diciembre,9,2022,22,7,US-17,2,US Highway,Urbano,Arteria Principal,State Highway Agency,1,Sin jurisdiccion especial,99998,30.06918056,-81.70718889,Peaton,El primer evento no fue una colision con un vehiculo automotor en transporte,Four-Way Intersection,Interseccion de 4 direcciones,Sobre calle,Ninguna,Oscuro con iluminacion,Despejado,No,NO APLICA,99,99,99,99,1,09/12/2022,1
12,Florida,123284,0,0,3,0,97,OSCEOLA (97),0,NO APLICA,12,Diciembre,15,2022,5,50,CR-532,4,Calle del Condado,Rural,Arteria Menor,County Highway Agency,0,Sin jurisdiccion especial,99998,28.25992222,-81.564125,Vehiculo en movimiento,Frente a frente,Not an Intersection,No fue interseccion,Sobre calle,Ninguna,Oscuro sin iluminacion,Despejado,No,NO APLICA,99,99,99,99,1,15/12/2022,4
12,Florida,123285,0,0,1,0,117,SEMINOLE (117),0,NO APLICA,12,Diciembre,16,2022,0,50,SR-417,3,Highway estatal,Urbano,Arterial Principal -Freeway o ExpressWay,Not Reported,0,Sin jurisdiccion especial,99998,28.66052222,-81.23095,Arbol,El primer evento no fue una colision con un vehiculo automotor en transporte,Not an Intersection,No fue interseccion,"Fuera de la calle, ubicacion desconocida",Ninguna,Oscuro con iluminacion,lluvia,No,NO APLICA,99,99,99,97,1,16/12/2022,1
12,Florida,123286,1,1,1,0,71,LEE (71),1070,FORT MYERS,12,Diciembre,23,2022,4,25,SR-80,3,Highway estatal,Urbano,Arteria Principal,State Highway Agency,1,Sin jurisdiccion especial,99998,26.67728056,-81.81083889,Peaton,El primer evento no fue una colision con un vehiculo automotor en transporte,Not an Intersection,No fue interseccion,Sobre calle,Ninguna,Oscuro con iluminacion,lluvia,No,NO APLICA,99,99,99,99,1,23/12/2022,1
12,Florida,123287,0,0,2,0,89,NASSAU (89),0,NO APLICA,12,Diciembre,27,2022,2,16,US-17,2,US Highway,Rural,Arteria Principal,State Highway Agency,1,Sin jurisdiccion especial,99998,30.63199722,-81.60110833,Vehiculo en movimiento,Angulo,Four-Way Intersection,Interseccion de 4 direcciones,Sobre calle,Ninguna,Oscuro con iluminacion,Despejado,No,NO APLICA,99,99,99,99,1,27/12/2022,2
12,Florida,123288,0,0,2,0,115,SARASOTA (115),0,NO APLICA,12,Diciembre,30,2022,12,41,SR-72,3,Highway estatal,Rural,Arteria Menor,State Highway Agency,0,Sin jurisdiccion especial,99998,27.19345833,-82.10709722,Vehiculo en movimiento,Frente a frente,Not an Intersection,No fue interseccion,Sobre calle,Ninguna,Dia total,Despejado,No,NO APLICA,99,99,99,99,1,30/12/2022,2
12,Florida,123289,0,0,2,0,17,CITRUS (17),1330,HERNANDO,12,Diciembre,30,2022,19,0,CR-486,4,Calle del Condado,Urbano,Arteria Menor,County Highway Agency,0,Sin jurisdiccion especial,99998,28.89848889,-82.3922,Vehiculo en movimiento,Angulo,Four-Way Intersection,Interseccion de 4 direcciones,Sobre calle,Ninguna,Oscuro sin iluminacion,Despejado,No,NO APLICA,19,0,19,13,1,30/12/2022,3
12,Florida,123290,0,0,2,0,19,CLAY (19),0,NO APLICA,12,Diciembre,31,2022,19,40,SR-21,3,Highway estatal,Urbano,Arteria Menor,County Highway Agency,0,Sin jurisdiccion especial,99998,30.08648333,-81.85784444,Vehiculo en movimiento,Angulo,Four-Way Intersection,Interseccion de 4 direcciones,Sobre calle,"Zona de trabajo, tipo desconocido",Oscuro con iluminacion,Despejado,No,NO APLICA,99,99,99,99,1,31/12/2022,2
12,Florida,123291,0,0,2,0,33,ESCAMBIA (33),0,NO APLICA,12,Diciembre,26,2022,10,26,US-29,2,US Highway,Urbano,Arteria Principal,State Highway Agency,1,Sin jurisdiccion especial,99998,30.49616111,-87.26291944,Vehiculo en movimiento,Angulo,Four-Way Intersection,Interseccion de 4 direcciones,Sobre calle,Ninguna,Dia total,Despejado,No,NO APLICA,99,99,99,99,1,26/12/2022,3
12,Florida,123292,1,1,1,0,95,ORANGE (95),2360,ORLANDO,12,Diciembre,30,2022,23,57,SR-482,3,Highway estatal,Urbano,Arteria Menor,State Highway Agency,0,Sin jurisdiccion especial,99998,28.45003333,-81.45667778,Ciclista,El primer evento no fue una colision con un vehiculo automotor en transporte,Not an Intersection,No fue interseccion,Sobre calle,"Zona de trabajo, tipo desconocido",Oscuro sin iluminacion,Despejado,No,NO APLICA,99,99,99,99,1,30/12/2022,1
12,Florida,123293,0,0,2,0,19,CLAY (19),0,NO APLICA,12,Diciembre,26,2022,20,35,SR-21,3,Highway estatal,Rural,Arteria Menor,State Highway Agency,0,Sin jurisdiccion especial,99998,29.9597,-81.89768889,Vehiculo en movimiento,Frente a frente,Not an Intersection,No fue interseccion,Sobre calle,Ninguna,Oscuro sin iluminacion,Despejado,No,NO APLICA,99,99,99,99,1,26/12/2022,4
12,Florida,123294,0,0,1,0,21,COLLIER (21),0,NO APLICA,11,Noviembre,29,2022,6,6,I-75,1,Interestatal,Urbano,Interestatal,State Highway Agency,1,Sin jurisdiccion especial,99998,26.26021111,-81.741875,Arbol,El primer evento no fue una colision con un vehiculo automotor en transporte,Not an Intersection,No fue interseccion,"Fuera de la calle, ubicacion desconocida",Ninguna,Dia total,Despejado,No,NO APLICA,99,99,99,99,1,29/11/2022,5
12,Florida,123295,0,0,2,0,117,SEMINOLE (117),0,NO APLICA,12,Diciembre,16,2022,12,59,HOWELL BRANCH RD,8,Otro,Urbano,Arteria Menor,City or Municipal Highway Agency,0,Sin jurisdiccion especial,99998,28.62516389,-81.32105,Vehiculo en movimiento,Frente a frente,Four-Way Intersection,Interseccion de 4 direcciones,Sobre calle,Ninguna,Dia total,Despejado,No,NO APLICA,99,99,99,99,1,16/12/2022,2
12,Florida,123296,1,1,1,0,95,ORANGE (95),2360,ORLANDO,12,Diciembre,21,2022,22,12,SR-50,3,Highway estatal,Urbano,Arteria Principal,State Highway Agency,0,Sin jurisdiccion especial,99998,28.55345833,-81.32697222,Peaton,El primer evento no fue una colision con un vehiculo automotor en transporte,Not an Intersection,No fue interseccion,Sobre calle,Ninguna,Oscuro con iluminacion,Despejado,No,NO APLICA,99,99,99,99,1,21/12/2022,1
12,Florida,123297,1,1,1,0,86,MIAMI-DADE (86),2010,MIAMI,12,Diciembre,24,2022,21,20,NW 54TH ST,6,Calle Local Municipalidad,Urbano,Arteria Menor,City or Municipal Highway Agency,0,Sin jurisdiccion especial,99998,25.82471944,-80.21269444,Peaton,El primer evento no fue una colision con un vehiculo automotor en transporte,Not an Intersection,No fue interseccion,Sobre calle,Ninguna,Oscuro sin iluminacion,Despejado,No,NO APLICA,99,99,99,99,1,24/12/2022,1
12,Florida,123298,0,0,2,0,33,ESCAMBIA (33),0,NO APLICA,12,Diciembre,19,2022,16,29,I-110,1,Interestatal,Urbano,Interestatal,State Highway Agency,1,Sin jurisdiccion especial,99998,30.4411,-87.2167,Vehiculo en movimiento,Frente a Detrás,Not an Intersection,No fue interseccion,Sobre calle,Ninguna,Atardecer,Despejado,No,NO APLICA,99,99,99,99,1,19/12/2022,3
12,Florida,123299,1,1,1,0,127,VOLUSIA (127),2190,NEW SMYRNA BEACH,11,Noviembre,13,2022,22,2,SR-44 LYTLE AVE,3,Highway estatal,Urbano,Arteria Principal,State Highway Agency,0,Sin jurisdiccion especial,99998,29.01876389,-80.93108889,Ciclista,El primer evento no fue una colision con un vehiculo automotor en transporte,Other Intersection Type,Otro tipo de interseccion,Sobre calle,Ninguna,Oscuro sin iluminacion,Despejado,No,NO APLICA,99,99,99,99,1,13/11/2022,1
12,Florida,123300,0,0,2,0,57,HILLSBOROUGH (57),0,NO APLICA,12,Diciembre,5,2022,21,9,SR-583,3,Highway estatal,Urbano,Arteria Menor,State Highway Agency,0,Sin jurisdiccion especial,99998,27.98237778,-82.40130556,Vehiculo en movimiento,Angulo,T-Intersection,Interseccion de T,Sobre calle,Ninguna,Oscuro con iluminacion,Despejado,No,NO APLICA,21,10,21,16,1,05/12/2022,2
12,Florida,123301,1,1,1,0,101,PASCO (101),0,NO APLICA,12,Diciembre,11,2022,19,28,FLINT STREET,5,Calle Local - Pueblo,Urbano,Local,County Highway Agency,0,Sin jurisdiccion especial,99998,28.32066111,-82.66587222,Ciclista,El primer evento no fue una colision con un vehiculo automotor en transporte,T-Intersection,Interseccion de T,Sobre calle,Ninguna,Oscuro con iluminacion,Despejado,No,NO APLICA,19,29,19,35,1,11/12/2022,1
12,Florida,123302,1,1,1,0,11,BROWARD (11),1050,FORT LAUDERDALE,12,Diciembre,15,2022,21,45,I-95,1,Interestatal,Urbano,Interestatal,State Highway Agency,1,Sin jurisdiccion especial,99998,26.13636111,-80.16755556,Peaton,El primer evento no fue una colision con un vehiculo automotor en transporte,Not an Intersection,No fue interseccion,Sobre Acotamiento,Ninguna,Atardecer,Despejado,No,NO APLICA,99,99,99,99,1,15/12/2022,1
12,Florida,123303,0,0,2,0,83,MARION (83),0,NO APLICA,12,Diciembre,30,2022,8,50,SR-326,3,Highway estatal,Urbano,Arteria Principal,State Highway Agency,1,Sin jurisdiccion especial,99998,29.25963056,-82.15591111,Vehiculo en movimiento,Angulo,T-Intersection,Interseccion de T,Sobre calle,Ninguna,Dia total,Despejado,No,NO APLICA,99,99,99,99,2,30/12/2022,2
12,Florida,123304,1,1,1,0,83,MARION (83),0,NO APLICA,12,Diciembre,31,2022,23,19,SR-35,3,Highway estatal,Urbano,Arteria Menor,State Highway Agency,0,Sin jurisdiccion especial,99998,29.16005556,-82.05356944,Peaton,El primer evento no fue una colision con un vehiculo automotor en transporte,Four-Way Intersection,Interseccion de 4 direcciones,Sobre calle,Ninguna,Oscuro sin iluminacion,Neblina o Humo,No,NO APLICA,99,99,99,99,1,31/12/2022,1
12,Florida,123305,0,0,5,0,115,SARASOTA (115),0,NO APLICA,12,Diciembre,27,2022,14,43,LAUREL RD E,9,Desconocido,Urbano,Arteria Menor,County Highway Agency,0,Sin jurisdiccion especial,99998,27.13743889,-82.41836111,Vehiculo en movimiento,Frente a Detrás,Not an Intersection,No fue interseccion,Sobre calle,Ninguna,Dia total,Despejado,No,NO APLICA,99,99,99,99,1,27/12/2022,8
12,Florida,123307,0,0,1,0,31,DUVAL (31),1510,JACKSONVILLE,12,Diciembre,26,2022,18,15,Pulaski Rd,6,Calle Local Municipalidad,Urbano,Colector Mayor,City or Municipal Highway Agency,0,Sin jurisdiccion especial,99998,30.46115833,-81.61679722,Banqueta,El primer evento no fue una colision con un vehiculo automotor en transporte,Not an Intersection,No fue interseccion,Sobre el lado de la calle,Ninguna,Oscuro con iluminacion,Nublado,No,NO APLICA,99,99,99,99,1,26/12/2022,1
12,Florida,123308,0,0,4,0,101,PASCO (101),0,NO APLICA,12,Diciembre,29,2022,14,21,SR-54,3,Highway estatal,Urbano,Arteria Principal,State Highway Agency,0,Sin jurisdiccion especial,99998,28.19244444,-82.57614444,Vehiculo en movimiento,Frente a Detrás,Not an Intersection,No fue interseccion,Sobre calle,Ninguna,Dia total,Despejado,No,NO APLICA,99,99,99,99,1,29/12/2022,7
12,Florida,123309,1,1,1,0,11,BROWARD (11),2219,NORTH LAUDERDALE,12,Diciembre,30,2022,22,1,SW 81ST AV,5,Calle Local - Pueblo,Urbano,Colector Mayor,City or Municipal Highway Agency,0,Sin jurisdiccion especial,99998,26.21423056,-80.23665,Ciclista,El primer evento no fue una colision con un vehiculo automotor en transporte,T-Intersection,Interseccion de T,Sobre calle,Ninguna,Oscuro con iluminacion,Despejado,No,NO APLICA,99,99,99,99,1,30/12/2022,4
12,Florida,123310,0,0,2,0,71,LEE (71),1070,FORT MYERS,12,Diciembre,31,2022,22,40,CANAL ST,8,Otro,Urbano,Local,City or Municipal Highway Agency,0,Sin jurisdiccion especial,99998,26.62636111,-81.86205,Vehiculo en movimiento,No reportado,Four-Way Intersection,Interseccion de 4 direcciones,Sobre calle,Ninguna,Oscuro - iluminacion desconocida,Despejado,No,NO APLICA,99,99,99,99,1,31/12/2022,4
12,Florida,123311,0,0,2,0,95,ORANGE (95),0,NO APLICA,12,Diciembre,1,2022,5,10,SR-520,3,Highway estatal,Rural,Arteria Principal,State Highway Agency,1,Sin jurisdiccion especial,99998,28.44822222,-80.97595,Vehiculo en movimiento,Frente a frente,Not an Intersection,No fue interseccion,Sobre calle,"Zona de trabajo, tipo desconocido",Oscuro sin iluminacion,Despejado,No,NO APLICA,99,99,99,99,1,01/12/2022,2