Estado,Nombre de Estado,Numero de Caso,Peatones,Personas _no_vehiculos,Vehiculos automotores,Vehiculos estacionados,Condado,Nombre Condado,Ciudad,Nombre Ciudad,Mes,Nombre Mes,Dia,Año,Hora,Minuto,Calle,Ruta,Nombre Ruta,Rural o Urbanoo,Sistema Funcional,Dueño Calle,Sistema Nacional Carreteras,Jurisdiccion Especial,Milla,Latitud,Longitud,Causa del Accidente,Tipo de Accidente,Tipo Interseccion,Columna1,Lugar en la calle,Zona de Trabajo,Luz,Clima,Autobus Escolar,Cruce de Trenes,Hora Notificacion,Minuto Notificacion,Hora Llegada,Minuto Llegada,Decesos,Fecha,PersonaVehiculo
12,Florida,123312,1,1,3,0,11,BROWARD (11),771,DAVIE,12,Diciembre,13,2022,12,48,SR-84,3,Highway estatal,Urbano,Arteria Menor,State Highway Agency,0,Sin jurisdiccion especial,99998,26.09301111,-80.2273,Muro,El primer evento no fue una colision con un vehiculo automotor en transporte,T-Intersection,Interseccion de T,Sobre el lado de la calle,Ninguna,Dia total,Despejado,No,NO APLICA,99,99,99,99,1,13/12/2022,4
12,Florida,123313,0,0,1,0,99,PALM BEACH (99),2280,OCEAN RIDGE,10,Octubre,24,2022,15,45,N OCEAN BLVD,6,Calle Local Municipalidad,Urbano,Colector Mayor,State Highway Agency,0,Sin jurisdiccion especial,99998,26.54234167,-80.04508333,Arbusto,El primer evento no fue una colision con un vehiculo automotor en transporte,Not an Intersection,No fue interseccion,"Fuera de la calle, ubicacion desconocida",Ninguna,Dia total,Despejado,No,NO APLICA,99,99,99,99,1,24/10/2022,1
12,Florida,123314,1,1,1,0,73,LEON (73),0,NO APLICA,12,Diciembre,27,2022,14,55,CR-1585,4,Calle del Condado,Urbano,Colector Menor,County Highway Agency,0,Sin jurisdiccion especial,99998,30.45464722,-84.40368333,Ciclista,El primer evento no fue una colision con un vehiculo automotor en transporte,Not an Intersection,No fue interseccion,Sobre calle,Ninguna,Dia total,Despejado,No,NO APLICA,99,99,99,99,1,27/12/2022,1
12,Florida,123315,1,1,1,0,103,PINELLAS (103),1770,LARGO,12,Diciembre,27,2022,19,21,WEST BAY DR,6,Calle Local Municipalidad,Urbano,Arteria Menor,City or Municipal Highway Agency,0,Sin jurisdiccion especial,99998,27.91673333,-82.799625,Peaton,El primer evento no fue una colision con un vehiculo automotor en transporte,Not an Intersection,No fue interseccion,Sobre calle,Ninguna,Oscuro sin iluminacion,Despejado,No,NO APLICA,99,99,99,99,1,27/12/2022,1
12,Florida,123316,0,0,3,0,127,VOLUSIA (127),0,NO APLICA,12,Diciembre,29,2022,15,5,I-4 RAMP,1,Interestatal,Urbano,Interestatal,State Highway Agency,1,Sin jurisdiccion especial,99998,29.15581667,-81.075675,Valla Ferrocarril,El primer evento no fue una colision con un vehiculo automotor en transporte,Not an Intersection,No fue interseccion,Sobre el lado de la calle,Ninguna,Dia total,Despejado,No,NO APLICA,99,99,99,99,1,29/12/2022,6
12,Florida,123317,0,0,2,0,71,LEE (71),0,NO APLICA,12,Diciembre,29,2022,5,55,US-41,2,US Highway,Urbano,Arteria Principal,State Highway Agency,1,Sin jurisdiccion especial,99998,26.55193889,-81.87176111,Vehiculo en movimiento,Frente a Detrás,Not an Intersection,No fue interseccion,Sobre calle,Ninguna,Oscuro con iluminacion,Nublado,No,NO APLICA,99,99,99,99,1,29/12/2022,2
12,Florida,123318,0,0,2,0,83,MARION (83),0,NO APLICA,12,Diciembre,30,2022,13,54,80TH AVE,8,Otro,Urbano,Local,City or Municipal Highway Agency,0,Sin jurisdiccion especial,99998,29.09199167,-82.25260556,Vehiculo en movimiento,Angulo,Four-Way Intersection,Interseccion de 4 direcciones,Sobre calle,Ninguna,Dia total,Despejado,No,NO APLICA,99,99,99,99,1,30/12/2022,2
12,Florida,123320,1,1,1,0,117,SEMINOLE (117),30,ALTAMONTE SPRINGS,11,Noviembre,25,2022,22,25,E ALTAMONTE DR,6,Calle Local Municipalidad,Urbano,Arteria Principal,State Highway Agency,1,Sin jurisdiccion especial,99998,28.66216667,-81.38220833,Peaton,El primer evento no fue una colision con un vehiculo automotor en transporte,Four-Way Intersection,Interseccion de 4 direcciones,Sobre calle,Ninguna,Oscuro con iluminacion,Despejado,No,NO APLICA,99,99,99,99,1,25/11/2022,2
12,Florida,123321,1,1,1,0,73,LEON (73),2940,TALLAHASSEE,12,Diciembre,1,2022,18,39,N MONROE ST,5,Calle Local - Pueblo,Urbano,Arteria Principal,State Highway Agency,1,Sin jurisdiccion especial,99998,30.47977778,-84.30215556,Ciclista,El primer evento no fue una colision con un vehiculo automotor en transporte,Not an Intersection,No fue interseccion,Sobre calle,Ninguna,Oscuro con iluminacion,Despejado,No,NO APLICA,99,99,99,99,1,01/12/2022,2
12,Florida,123322,1,1,1,0,83,MARION (83),0,NO APLICA,12,Diciembre,3,2022,21,0,SE 47TH AVENUE,8,Otro,Rural,Local,City or Municipal Highway Agency,0,Sin jurisdiccion especial,99998,29.02081389,-82.07031944,Ciclista,El primer evento no fue una colision con un vehiculo automotor en transporte,Not an Intersection,No fue interseccion,Sobre calle,Ninguna,Oscuro sin iluminacion,Despejado,No,NO APLICA,99,99,99,99,1,03/12/2022,1
12,Florida,123323,0,0,2,0,63,JACKSON (63),0,NO APLICA,12,Diciembre,9,2022,11,10,US-231,2,US Highway,Rural,Arteria Principal,State Highway Agency,1,Sin jurisdiccion especial,99998,30.74822222,-85.38381944,Vehiculo en movimiento,Angulo,Four-Way Intersection,Interseccion de 4 direcciones,Sobre calle,Ninguna,Dia total,Despejado,No,NO APLICA,99,99,99,99,1,09/12/2022,2
12,Florida,123324,0,0,2,0,57,HILLSBOROUGH (57),0,NO APLICA,12,Diciembre,10,2022,23,30,SR-574,3,Highway estatal,Urbano,Arteria Principal,State Highway Agency,1,Sin jurisdiccion especial,99998,28.00255,-82.18691111,Vehiculo en movimiento,Angulo,Four-Way Intersection,Interseccion de 4 direcciones,Sobre calle,Ninguna,Oscuro con iluminacion,Despejado,No,NO APLICA,99,99,99,99,1,10/12/2022,3
12,Florida,123325,0,0,1,0,31,DUVAL (31),1510,JACKSONVILLE,12,Diciembre,18,2022,4,16,SR-202,3,Highway estatal,Urbano,Arterial Principal -Freeway o ExpressWay,State Highway Agency,1,Sin jurisdiccion especial,99998,30.24991944,-81.5524,Arbol,El primer evento no fue una colision con un vehiculo automotor en transporte,Not an Intersection,No fue interseccion,Sobre el lado de la calle,Ninguna,Oscuro con iluminacion,Despejado,No,NO APLICA,99,99,99,99,1,18/12/2022,2
12,Florida,123326,1,1,1,0,86,MIAMI-DADE (86),2023,MIAMI GARDENS,12,Diciembre,30,2022,18,9,NW 187TH ST,8,Otro,Urbano,Local,City or Municipal Highway Agency,0,Sin jurisdiccion especial,99998,25.94619167,-80.20579444,Peaton,El primer evento no fue una colision con un vehiculo automotor en transporte,Not an Intersection,No fue interseccion,Sobre calle,Ninguna,Oscuro con iluminacion,Despejado,No,NO APLICA,99,99,99,99,1,30/12/2022,1
12,Florida,123327,0,0,2,0,57,HILLSBOROUGH (57),0,NO APLICA,8,Agosto,25,2022,21,43,CR-672,4,Calle del Condado,Rural,Colector Mayor,County Highway Agency,0,Sin jurisdiccion especial,99998,27.76299722,-82.24168056,Vehiculo en movimiento,Frente a frente,Not an Intersection,No fue interseccion,Sobre calle,Ninguna,Oscuro sin iluminacion,lluvia,No,NO APLICA,99,99,99,99,1,25/08/2022,3
12,Florida,123328,0,0,1,0,85,MARTIN (85),0,NO APLICA,12,Diciembre,18,2022,18,39,NE SUNVIEW TER,9,Desconocido,Rural,Local,County Highway Agency,0,Sin jurisdiccion especial,99998,27.24501944,-80.22801111,Poste o otros soportes,El primer evento no fue una colision con un vehiculo automotor en transporte,T-Intersection,Interseccion de T,Sobre el lado de la calle,Ninguna,Oscuro con iluminacion,Despejado,No,NO APLICA,99,99,99,99,1,18/12/2022,3
12,Florida,123329,1,1,1,0,111,ST LUCIE (111),0,NO APLICA,12,Diciembre,30,2022,8,40,SR-A1A,3,Highway estatal,Urbano,Arteria Menor,State Highway Agency,0,Sin jurisdiccion especial,99998,27.39600556,-80.26382222,Peaton,El primer evento no fue una colision con un vehiculo automotor en transporte,Not an Intersection,No fue interseccion,Sobre calle,Ninguna,Dia total,Despejado,No,NO APLICA,99,99,99,99,1,30/12/2022,1
12,Florida,123330,0,0,2,0,86,MIAMI-DADE (86),0,NO APLICA,12,Diciembre,18,2022,2,22,SW 72ND ST,6,Calle Local Municipalidad,Urbano,Colector Mayor,State Highway Agency,0,Sin jurisdiccion especial,99998,25.69868889,-80.45454722,Vehiculo en movimiento,Angulo,Four-Way Intersection,Interseccion de 4 direcciones,Sobre calle,Ninguna,Oscuro con iluminacion,Despejado,No,NO APLICA,99,99,99,99,1,18/12/2022,3
12,Florida,123331,0,0,3,1,71,LEE (71),0,NO APLICA,12,Diciembre,31,2022,7,50,CR-884 LEE BLVD,4,Calle del Condado,Urbano,Arteria Principal,State Highway Agency,0,Sin jurisdiccion especial,99998,26.61724722,-81.67484167,Vehiculo en movimiento,Angulo,Not an Intersection,No fue interseccion,Sobre calle,Ninguna,Dia total,Despejado,No,NO APLICA,99,99,99,99,1,31/12/2022,3
12,Florida,123332,0,0,1,0,101,PASCO (101),0,NO APLICA,12,Diciembre,19,2022,0,7,US-41,2,US Highway,Urbano,Arteria Principal,State Highway Agency,1,Sin jurisdiccion especial,99998,28.174475,-82.46248056,Zanja,El primer evento no fue una colision con un vehiculo automotor en transporte,Not an Intersection,No fue interseccion,Sobre el lado de la calle,Ninguna,Oscuro con iluminacion,Despejado,No,NO APLICA,0,7,0,15,2,19/12/2022,5
12,Florida,123334,0,0,1,0,11,BROWARD (11),1782,LAUDERHILL,5,Mayo,12,2022,17,45,SUNRISE BLVD,6,Calle Local Municipalidad,Urbano,Arteria Principal,State Highway Agency,1,Sin jurisdiccion especial,99998,26.13610556,-80.19224444,Banqueta,El primer evento no fue una colision con un vehiculo automotor en transporte,Not an Intersection,No fue interseccion,En el medio,Ninguna,Dia total,Despejado,No,NO APLICA,99,99,99,99,1,12/05/2022,1
12,Florida,123335,0,0,2,0,105,POLK (105),0,NO APLICA,12,Diciembre,4,2022,2,53,SR-33,3,Highway estatal,Urbano,Arteria Menor,State Highway Agency,0,Sin jurisdiccion especial,99998,28.16045833,-81.85891389,Vehiculo en movimiento,Frente a frente,Not an Intersection,No fue interseccion,Sobre calle,Ninguna,Oscuro sin iluminacion,Despejado,No,NO APLICA,99,99,99,99,1,04/12/2022,2
12,Florida,123336,0,0,1,0,95,ORANGE (95),2360,ORLANDO,12,Diciembre,17,2022,12,53,INNOVATION WAY,6,Calle Local Municipalidad,Rural,Colector Mayor,Town or Township Highway Agency,0,Sin jurisdiccion especial,99998,28.48442222,-81.18577778,Banqueta,El primer evento no fue una colision con un vehiculo automotor en transporte,Not an Intersection,No fue interseccion,Sobre el lado de la calle,Ninguna,Dia total,Despejado,No,NO APLICA,99,99,99,99,1,17/12/2022,1
12,Florida,123337,0,0,2,0,115,SARASOTA (115),2780,SARASOTA,12,Diciembre,21,2022,16,7,OSPREY AVE,6,Calle Local Municipalidad,Urbano,Local,City or Municipal Highway Agency,0,Sin jurisdiccion especial,99998,27.36416667,-82.53463889,Vehiculo en movimiento,Frente a frente,T-Intersection,Interseccion de T,Sobre calle,Ninguna,Dia total,Despejado,No,NO APLICA,99,99,99,99,1,21/12/2022,2
12,Florida,123338,0,0,2,0,85,MARTIN (85),0,NO APLICA,12,Diciembre,26,2022,9,30,SR-5,3,Highway estatal,Urbano,Arteria Principal,State Highway Agency,1,Sin jurisdiccion especial,99998,27.25568056,-80.2788,Vehiculo en movimiento,Angulo,T-Intersection,Interseccion de T,Sobre calle,Ninguna,Dia total,Nublado,No,NO APLICA,99,99,99,99,1,26/12/2022,2
12,Florida,123339,0,0,3,0,45,GULF (45),0,NO APLICA,12,Diciembre,29,2022,17,40,SR-71,3,Highway estatal,Rural,Arteria Menor,State Highway Agency,0,Sin jurisdiccion especial,99998,30.05199167,-85.18786111,Vehiculo en movimiento,Angulo,Not an Intersection,No fue interseccion,Sobre calle,Ninguna,Oscuro sin iluminacion,Despejado,No,NO APLICA,99,99,99,99,1,29/12/2022,3
12,Florida,123340,0,0,2,0,86,MIAMI-DADE (86),0,NO APLICA,12,Diciembre,30,2022,18,30,SR-997,3,Highway estatal,Rural,Arteria Principal,State Highway Agency,0,Sin jurisdiccion especial,99998,25.95058056,-80.43056111,Final Destination ( Vehiculo es golpeado por carga o otro objeto puesto en movimiento por otro vehiculo en movimiento),Otro,Not an Intersection,No fue interseccion,Sobre calle,"Zona de trabajo, tipo desconocido",Oscuro con iluminacion,Despejado,No,NO APLICA,99,99,99,99,1,30/12/2022,2
12,Florida,123341,0,0,1,0,1,ALACHUA (1),1130,GAINESVILLE,12,Diciembre,31,2022,22,45,I-75,1,Interestatal,Urbano,Interestatal,State Highway Agency,1,Sin jurisdiccion especial,99998,29.62083056,-82.38843889,Zanja,El primer evento no fue una colision con un vehiculo automotor en transporte,Not an Intersection,No fue interseccion,Sobre el lado de la calle,Ninguna,Oscuro con iluminacion,Nublado,No,NO APLICA,99,99,99,99,1,31/12/2022,4
12,Florida,123342,0,0,2,0,99,PALM BEACH (99),2446,PALM SPRINGS,12,Diciembre,28,2022,13,6,LAKE WORTH RD,6,Calle Local Municipalidad,Urbano,Arteria Principal,State Highway Agency,0,Sin jurisdiccion especial,99998,26.61807778,-80.105125,Vehiculo en movimiento,Frente a Detrás,Four-Way Intersection,Interseccion de 4 direcciones,Sobre calle,Ninguna,Dia total,Despejado,No,NO APLICA,99,99,99,99,1,28/12/2022,3
12,Florida,123343,0,0,2,0,105,POLK (105),1690,LAKELAND,12,Diciembre,28,2022,15,55,LAKE MIRIAM DR,6,Calle Local Municipalidad,Urbano,Colector Mayor,Town or Township Highway Agency,0,Sin jurisdiccion especial,99998,27.97472222,-81.93779444,Vehiculo en movimiento,Angulo,T-Intersection,Interseccion de T,Sobre calle,Ninguna,Dia total,Despejado,No,NO APLICA,99,99,99,99,1,28/12/2022,2
12,Florida,123344,1,1,1,0,105,POLK (105),0,NO APLICA,6,Junio,25,2022,18,55,WEST FROSTPROOF RD,6,Calle Local Municipalidad,Urbano,Local,County Highway Agency,0,Sin jurisdiccion especial,99998,27.722625,-81.58191389,Peaton,El primer evento no fue una colision con un vehiculo automotor en transporte,Not an Intersection,No fue interseccion,Sobre calle,Ninguna,Atardecer,lluvia,No,NO APLICA,99,99,99,99,1,25/06/2022,1
12,Florida,123346,0,0,2,0,127,VOLUSIA (127),0,NO APLICA,12,Diciembre,28,2022,8,13,CR-4118,4,Calle del Condado,Urbano,Colector Mayor,County Highway Agency,0,Sin jurisdiccion especial,99998,29.03593889,-80.99178056,Vehiculo en movimiento,Frente a Detrás,Not an Intersection,No fue interseccion,Sobre calle,Ninguna,Dia total,Nublado,No,NO APLICA,99,99,99,99,1,28/12/2022,2
12,Florida,123347,0,0,2,0,47,HAMILTON (47),0,NO APLICA,12,Diciembre,31,2022,3,33,I-75,1,Interestatal,Rural,Interestatal,State Highway Agency,1,Sin jurisdiccion especial,4670,30.59653056,-83.12171944,Vehiculo en movimiento,Frente a Detrás,Not an Intersection,No fue interseccion,Sobre calle,Ninguna,Oscuro sin iluminacion,Despejado,No,NO APLICA,99,99,99,99,4,31/12/2022,15
12,Florida,123348,1,1,1,0,21,COLLIER (21),0,NO APLICA,12,Diciembre,31,2022,20,22,US-41,2,US Highway,Urbano,Arteria Principal,State Highway Agency,1,Sin jurisdiccion especial,99998,26.12673056,-81.76623333,Ciclista,El primer evento no fue una colision con un vehiculo automotor en transporte,T-Intersection,Interseccion de T,Sobre calle,Ninguna,Oscuro con iluminacion,Despejado,No,NO APLICA,99,99,99,99,1,31/12/2022,1
12,Florida,123349,0,0,2,0,57,HILLSBOROUGH (57),0,NO APLICA,12,Diciembre,30,2022,14,39,SR-676,3,Highway estatal,Urbano,Arteria Principal,State Highway Agency,0,Sin jurisdiccion especial,99998,27.92278056,-82.35986667,Vehiculo en movimiento,Frente a Detrás,Not an Intersection,No fue interseccion,Sobre calle,Ninguna,Dia total,Despejado,No,NO APLICA,99,99,99,99,1,30/12/2022,2
12,Florida,123350,0,0,1,0,107,PUTNAM (107),0,NO APLICA,12,Diciembre,31,2022,14,37,SR-100,3,Highway estatal,Rural,Arteria Menor,State Highway Agency,0,Sin jurisdiccion especial,99998,29.73092222,-81.91091944,Valla Ferrocarril,El primer evento no fue una colision con un vehiculo automotor en transporte,Not an Intersection,No fue interseccion,Sobre el lado de la calle,Ninguna,Dia total,lluvia,No,NO APLICA,99,99,99,99,1,31/12/2022,1
12,Florida,123352,0,0,2,0,105,POLK (105),0,NO APLICA,9,Septiembre,6,2022,6,10,I-4,1,Interestatal,Urbano,Interestatal,State Highway Agency,1,Sin jurisdiccion especial,99998,28.03649444,-82.04107222,Vehiculo en movimiento,Golpe Lateral - misma direccion,Not an Intersection,No fue interseccion,Sobre calle,Ninguna,Amanecer,Despejado,No,NO APLICA,99,99,99,99,1,06/09/2022,6
12,Florida,123353,0,0,2,0,61,INDIAN RIVER (61),1476,INDIAN RIVER SHORES,5,Mayo,10,2022,20,45,SR-A1A,3,Highway estatal,Urbano,Arteria Principal,State Highway Agency,0,Sin jurisdiccion especial,99998,27.69625556,-80.37272778,Vehiculo en movimiento,Frente a Detrás,Not an Intersection,No fue interseccion,Sobre calle,Ninguna,Oscuro sin iluminacion,Despejado,No,NO APLICA,99,99,99,99,1,10/05/2022,4
12,Florida,123354,1,1,1,0,81,MANATEE (81),340,BRADENTON,12,Diciembre,19,2022,18,32,26TH ST,6,Calle Local Municipalidad,Urbano,Colector Mayor,City or Municipal Highway Agency,0,Sin jurisdiccion especial,99998,27.487325,-82.58753611,Peaton,El primer evento no fue una colision con un vehiculo automotor en transporte,Not an Intersection,No fue interseccion,Sobre calle,Ninguna,Oscuro con iluminacion,Despejado,No,NO APLICA,99,99,99,99,1,19/12/2022,1
12,Florida,123355,0,0,2,0,5,BAY (5),2450,PANAMA CITY,12,Diciembre,29,2022,19,26,US-231,2,US Highway,Rural,Arteria Principal,State Highway Agency,1,Sin jurisdiccion especial,99998,30.33244444,-85.44432222,Vehiculo en movimiento,Frente a frente,Not an Intersection,No fue interseccion,Sobre calle,Ninguna,Oscuro sin iluminacion,Despejado,No,NO APLICA,99,99,99,99,1,29/12/2022,3
12,Florida,123356,1,1,1,0,19,CLAY (19),0,NO APLICA,11,Noviembre,23,2022,3,56,SR-21,3,Highway estatal,Urbano,Arteria Principal,State Highway Agency,1,Sin jurisdiccion especial,99998,30.13231944,-81.78346111,Peaton,El primer evento no fue una colision con un vehiculo automotor en transporte,Four-Way Intersection,Interseccion de 4 direcciones,Sobre calle,Ninguna,Oscuro con iluminacion,Despejado,No,NO APLICA,99,99,99,99,1,23/11/2022,1
12,Florida,123357,0,0,1,0,95,ORANGE (95),0,NO APLICA,12,Diciembre,25,2022,0,40,SR-429,3,Highway estatal,Urbano,Arterial Principal -Freeway o ExpressWay,State Highway Agency,1,Sin jurisdiccion especial,99998,28.62654167,-81.53725556,Otro objeto (no fijo),El primer evento no fue una colision con un vehiculo automotor en transporte,Not an Intersection,No fue interseccion,En el medio,"Zona de trabajo, tipo desconocido",Oscuro sin iluminacion,Despejado,No,NO APLICA,99,99,99,99,1,25/12/2022,1
12,Florida,123358,1,1,1,0,86,MIAMI-DADE (86),0,NO APLICA,12,Diciembre,31,2022,22,31,CR-932,4,Calle del Condado,Urbano,Arteria Principal,State Highway Agency,1,Sin jurisdiccion especial,99998,25.86877222,-80.22006944,Ciclista,El primer evento no fue una colision con un vehiculo automotor en transporte,Four-Way Intersection,Interseccion de 4 direcciones,Sobre calle,Ninguna,Oscuro con iluminacion,Despejado,No,NO APLICA,99,99,99,99,1,31/12/2022,4
12,Florida,123359,0,0,2,0,11,BROWARD (11),790,DEERFIELD BEACH,7,Julio,17,2022,20,44,41ST ST,5,Calle Local - Pueblo,Urbano,Local,City or Municipal Highway Agency,0,Sin jurisdiccion especial,99999,26.17767778,-80.14272778,Vehiculo en movimiento,Angulo,Four-Way Intersection,Interseccion de 4 direcciones,Sobre calle,Ninguna,Dia total,Despejado,No,NO APLICA,99,99,99,99,1,17/07/2022,4
12,Florida,123360,1,1,1,0,11,BROWARD (11),2219,NORTH LAUDERDALE,5,Mayo,24,2022,21,31,71ST AVE,5,Calle Local - Pueblo,Urbano,Colector Mayor,City or Municipal Highway Agency,0,Sin jurisdiccion especial,99999,26.22266944,-80.22055278,Peaton,El primer evento no fue una colision con un vehiculo automotor en transporte,Four-Way Intersection,Interseccion de 4 direcciones,Sobre calle,Ninguna,Oscuro con iluminacion,Despejado,No,NO APLICA,99,99,99,99,1,24/05/2022,1
12,Florida,123362,0,0,2,0,86,MIAMI-DADE (86),2010,MIAMI,12,Diciembre,29,2022,20,17,SR-821,3,Highway estatal,Urbano,Arterial Principal -Freeway o ExpressWay,State Highway Agency,1,Sin jurisdiccion especial,99998,25.67889167,-80.38891111,Vehiculo en movimiento,Frente a Detrás,Not an Intersection,No fue interseccion,Sobre calle,Ninguna,Oscuro con iluminacion,Despejado,No,NO APLICA,99,99,99,99,1,29/12/2022,3
12,Florida,123363,0,0,2,0,71,LEE (71),457,CAPE CORAL,12,Diciembre,30,2022,12,37,CR-867A,4,Calle del Condado,Urbano,Arteria Menor,County Highway Agency,0,Sin jurisdiccion especial,99998,26.581275,-81.94228056,Vehiculo en movimiento,Angulo,T-Intersection,Interseccion de T,Sobre calle,Ninguna,Dia total,Despejado,No,NO APLICA,99,99,99,99,1,30/12/2022,2
12,Florida,123365,1,1,1,0,11,BROWARD (11),2447,POMPANO,7,Julio,29,2022,5,30,N OCEAN BLVD,5,Calle Local - Pueblo,Urbano,Local,City or Municipal Highway Agency,0,Sin jurisdiccion especial,99998,26.24496389,-80.09750556,Peaton,El primer evento no fue una colision con un vehiculo automotor en transporte,Not an Intersection,No fue interseccion,Sobre calle,Ninguna,Oscuro sin iluminacion,Despejado,No,NO APLICA,99,99,99,99,1,29/07/2022,1
12,Florida,123366,0,0,2,0,11,BROWARD (11),771,DAVIE,1,Enero,6,2022,21,27,FLAMINGO RD,5,Calle Local - Pueblo,Urbano,Arteria Principal,State Highway Agency,0,Sin jurisdiccion especial,99999,26.10724167,-80.31383333,Vehiculo en movimiento,Angulo,T-Intersection,Interseccion de T,Sobre calle,Ninguna,Oscuro con iluminacion,Despejado,No,NO APLICA,99,99,99,99,1,06/01/2022,2
12,Florida,123367,1,1,1,0,11,BROWARD (11),760,DANIA BEACH,8,Agosto,18,2022,2,4,US-1,2,US Highway,Urbano,Arteria Principal,State Highway Agency,1,Sin jurisdiccion especial,99999,26.04398056,-80.14346667,Peaton,El primer evento no fue una colision con un vehiculo automotor en transporte,Not an Intersection,No fue interseccion,Sobre calle,Ninguna,Oscuro con iluminacion,Despejado,No,NO APLICA,99,99,99,99,1,18/08/2022,3
12,Florida,123369,1,1,1,0,11,BROWARD (11),1420,HOLLYWOOD,12,Diciembre,25,2022,4,32,SR-7,3,Highway estatal,Urbano,Arteria Principal,State Highway Agency,1,Sin jurisdiccion especial,99998,26.00250278,-80.20741111,Peaton,El primer evento no fue una colision con un vehiculo automotor en transporte,Four-Way Intersection,Interseccion de 4 direcciones,Sobre calle,Ninguna,Oscuro con iluminacion,Despejado,No,NO APLICA,99,99,99,99,1,25/12/2022,1
12,Florida,123370,0,1,2,1,101,PASCO (101),0,NO APLICA,12,Diciembre,3,2022,22,27,I-75,1,Interestatal,Urbano,Interestatal,State Highway Agency,1,Sin jurisdiccion especial,99998,28.30511111,-82.3249,Vehiculo Aparcado,El primer evento no fue una colision con un vehiculo automotor en transporte,Not an Intersection,No fue interseccion,Sobre Acotamiento,Ninguna,Oscuro sin iluminacion,Despejado,No,NO APLICA,99,99,99,99,1,03/12/2022,5
12,Florida,123371,1,1,1,0,101,PASCO (101),0,NO APLICA,12,Diciembre,28,2022,5,5,CR-54,4,Calle del Condado,Urbano,Arteria Menor,County Highway Agency,0,Sin jurisdiccion especial,99998,28.2519,-82.17611944,Ciclista,El primer evento no fue una colision con un vehiculo automotor en transporte,Not an Intersection,No fue interseccion,Sobre calle,Ninguna,Oscuro sin iluminacion,Despejado,No,NO APLICA,99,99,99,99,1,28/12/2022,1
12,Florida,123372,0,0,2,0,11,BROWARD (11),1050,FORT LAUDERDALE,11,Noviembre,4,2022,10,25,18TH AVE,6,Calle Local Municipalidad,Urbano,Colector Mayor,City or Municipal Highway Agency,0,Sin jurisdiccion especial,99998,26.20299167,-80.12297222,Vehiculo en movimiento,Angulo,T-Intersection,Interseccion de T,Sobre calle,Ninguna,Dia total,Despejado,No,NO APLICA,99,99,99,99,1,04/11/2022,2
12,Florida,123373,1,1,1,0,11,BROWARD (11),1050,FORT LAUDERDALE,11,Noviembre,13,2022,21,44,SR-816 OAKLAND PARK BLVD,3,Highway estatal,Urbano,Arteria Principal,State Highway Agency,1,Sin jurisdiccion especial,99998,26.16214444,-80.14189444,Peaton,El primer evento no fue una colision con un vehiculo automotor en transporte,Not an Intersection,No fue interseccion,Sobre calle,Ninguna,Oscuro con iluminacion,Despejado,No,NO APLICA,99,99,99,99,1,13/11/2022,1
12,Florida,123374,1,1,1,0,11,BROWARD (11),1050,FORT LAUDERDALE,9,Septiembre,22,2022,20,36,DAVIE BLVD,6,Calle Local Municipalidad,Urbano,Arteria Menor,State Highway Agency,0,Sin jurisdiccion especial,99998,26.10621111,-80.17940278,Peaton,El primer evento no fue una colision con un vehiculo automotor en transporte,Not an Intersection,No fue interseccion,Sobre calle,Ninguna,Oscuro con iluminacion,Despejado,No,NO APLICA,99,99,99,99,1,22/09/2022,1
12,Florida,123376,1,1,2,0,11,BROWARD (11),1050,FORT LAUDERDALE,10,Octubre,9,2022,4,11,W BROWARD BLVD,5,Calle Local - Pueblo,Urbano,Arteria Principal,State Highway Agency,0,Sin jurisdiccion especial,99998,26.12195556,-80.16124167,Peaton,El primer evento no fue una colision con un vehiculo automotor en transporte,Not an Intersection,No fue interseccion,Sobre calle,Ninguna,Oscuro con iluminacion,lluvia,No,NO APLICA,99,99,99,99,1,09/10/2022,1
12,Florida,123377,0,0,1,0,95,ORANGE (95),0,NO APLICA,12,Diciembre,13,2022,0,55,LAKE UNDERHILL ROAD,6,Calle Local Municipalidad,Urbano,Arteria Menor,County Highway Agency,0,Sin jurisdiccion especial,99998,28.5392,-81.26866111,Poste de Señal de trafico,El primer evento no fue una colision con un vehiculo automotor en transporte,T-Intersection,Interseccion de T,Sobre el lado de la calle,Ninguna,Oscuro con iluminacion,Despejado,No,NO APLICA,99,99,99,99,1,13/12/2022,1
12,Florida,123378,0,0,2,0,11,BROWARD (11),2083,MIRAMAR,12,Diciembre,19,2022,14,50,S FLAMINGO RD,6,Calle Local Municipalidad,Urbano,Arteria Menor,State Highway Agency,0,Sin jurisdiccion especial,99998,25.95964722,-80.31075,Vehiculo en movimiento,Frente a Detrás,Four-Way Intersection,Interseccion de 4 direcciones,Sobre calle,Ninguna,Dia total,Despejado,No,NO APLICA,99,99,99,99,1,19/12/2022,4
12,Florida,123379,0,0,1,0,101,PASCO (101),0,NO APLICA,12,Diciembre,20,2022,5,30,I-75,1,Interestatal,Urbano,Interestatal,State Highway Agency,1,Sin jurisdiccion especial,99998,28.19141111,-82.38587778,Volcadura,El primer evento no fue una colision con un vehiculo automotor en transporte,Not an Intersection,No fue interseccion,Sobre el lado de la calle,Ninguna,Oscuro con iluminacion,Despejado,No,NO APLICA,99,99,99,99,1,20/12/2022,1
12,Florida,123380,0,0,2,0,105,POLK (105),3300,WINTER HAVEN,10,Octubre,2,2022,23,33,SR-540,3,Highway estatal,Urbano,Arteria Menor,State Highway Agency,0,Sin jurisdiccion especial,99998,28.0048,-81.77957222,Vehiculo en movimiento,Frente a frente,Not an Intersection,No fue interseccion,Sobre calle,Ninguna,Oscuro con iluminacion,Despejado,No,NO APLICA,99,99,99,99,1,02/10/2022,2