Estado,Nombre de Estado,Numero de Caso,Peatones,Personas _no_vehiculos,Vehiculos automotores,Vehiculos estacionados,Condado,Nombre Condado,Ciudad,Nombre Ciudad,Mes,Nombre Mes,Dia,Año,Hora,Minuto,Calle,Ruta,Nombre Ruta,Rural o Urbanoo,Sistema Funcional,Dueño Calle,Sistema Nacional Carreteras,Jurisdiccion Especial,Milla,Latitud,Longitud,Causa del Accidente,Tipo de Accidente,Tipo Interseccion,Columna1,Lugar en la calle,Zona de Trabajo,Luz,Clima,Autobus Escolar,Cruce de Trenes,Hora Notificacion,Minuto Notificacion,Hora Llegada,Minuto Llegada,Decesos,Fecha,PersonaVehiculo
12,Florida,123381,0,0,1,0,57,HILLSBOROUGH (57),2950,TAMPA,12,Diciembre,18,2022,9,14,SR-60,3,Highway estatal,Urbano,Arteria Principal,Not Reported,0,Sin jurisdiccion especial,99998,27.9593,-82.53928889,Valla Ferrocarril,El primer evento no fue una colision con un vehiculo automotor en transporte,Not an Intersection,No fue interseccion,Sobre el lado de la calle,Ninguna,Dia total,Despejado,No,NO APLICA,99,99,99,99,1,18/12/2022,1
12,Florida,123382,0,0,1,0,11,BROWARD (11),1050,FORT LAUDERDALE,12,Diciembre,23,2022,21,35,A1A,6,Calle Local Municipalidad,Urbano,Arteria Menor,State Highway Agency,0,Sin jurisdiccion especial,99998,26.10139444,-80.110375,Banqueta,El primer evento no fue una colision con un vehiculo automotor en transporte,Not an Intersection,No fue interseccion,Sobre el lado de la calle,Ninguna,Oscuro con iluminacion,Despejado,No,NO APLICA,99,99,99,99,1,23/12/2022,1
12,Florida,123383,0,0,2,0,86,MIAMI-DADE (86),0,NO APLICA,12,Diciembre,27,2022,5,7,CR-969,4,Calle del Condado,Urbano,Arteria Menor,State Highway Agency,0,Sin jurisdiccion especial,99998,25.82793611,-80.31386389,Vehiculo en movimiento,Angulo,Four-Way Intersection,Interseccion de 4 direcciones,Sobre calle,Ninguna,Oscuro con iluminacion,lluvia,No,NO APLICA,99,99,99,99,1,27/12/2022,2
12,Florida,123385,0,0,3,0,127,VOLUSIA (127),825,DELTONA,12,Diciembre,31,2022,23,26,FORT SMITH BLVD,5,Calle Local - Pueblo,Urbano,Colector Mayor,County Highway Agency,0,Sin jurisdiccion especial,99998,28.88003333,-81.16546667,Vehiculo en movimiento,Angulo,Four-Way Intersection,Interseccion de 4 direcciones,Sobre calle,Ninguna,Oscuro con iluminacion,Neblina o Humo,No,NO APLICA,99,99,99,99,1,31/12/2022,3
12,Florida,123386,1,1,1,0,111,ST LUCIE (111),1080,FORT PIERCE,10,Octubre,3,2022,8,53,OLEANDER BLVD,6,Calle Local Municipalidad,Urbano,Arteria Menor,City or Municipal Highway Agency,0,Sin jurisdiccion especial,99998,27.41681667,-80.33246111,Ciclista,El primer evento no fue una colision con un vehiculo automotor en transporte,Four-Way Intersection,Interseccion de 4 direcciones,Sobre calle,Ninguna,Dia total,Despejado,No,NO APLICA,99,99,99,99,1,03/10/2022,1
12,Florida,123387,0,0,3,0,11,BROWARD (11),1050,FORT LAUDERDALE,10,Octubre,26,2022,1,0,SR-5,3,Highway estatal,Urbano,Arteria Principal,State Highway Agency,1,Sin jurisdiccion especial,99998,26.12961111,-80.13756389,Vehiculo en movimiento,Frente a Detrás,Not an Intersection,No fue interseccion,Sobre calle,Ninguna,Oscuro con iluminacion,Despejado,No,NO APLICA,99,99,99,99,1,26/10/2022,3
12,Florida,123389,0,0,1,0,105,POLK (105),1690,LAKELAND,5,Mayo,19,2022,16,36,W 10TH ST,6,Calle Local Municipalidad,Urbano,Colector Mayor,City or Municipal Highway Agency,0,Sin jurisdiccion especial,99998,28.06233889,-81.96741389,Poste o otros soportes,El primer evento no fue una colision con un vehiculo automotor en transporte,Not an Intersection,No fue interseccion,Sobre el lado de la calle,Ninguna,Dia total,Despejado,No,NO APLICA,99,99,99,99,1,19/05/2022,1
12,Florida,123391,0,0,1,0,57,HILLSBOROUGH (57),0,NO APLICA,6,Junio,11,2022,3,50,THONOTOSASSA RD,6,Calle Local Municipalidad,Urbano,Colector Mayor,County Highway Agency,0,Sin jurisdiccion especial,99998,28.03592778,-82.16336111,Valla Ferrocarril,El primer evento no fue una colision con un vehiculo automotor en transporte,Not an Intersection,No fue interseccion,Sobre el lado de la calle,Ninguna,Oscuro sin iluminacion,lluvia,No,NO APLICA,99,99,99,99,1,11/06/2022,1
12,Florida,123392,0,0,2,0,105,POLK (105),1690,LAKELAND,9,Septiembre,4,2022,20,42,SR-572,3,Highway estatal,Urbano,Colector Mayor,State Highway Agency,0,Sin jurisdiccion especial,99998,27.99668889,-82.01728056,Vehiculo en movimiento,Angulo,T-Intersection,Interseccion de T,Sobre calle,"Zona de trabajo, tipo desconocido",Oscuro sin iluminacion,Despejado,No,NO APLICA,99,99,99,99,1,04/09/2022,2
12,Florida,123393,0,0,1,0,53,HERNANDO (53),390,BROOKSVILLE,11,Noviembre,5,2022,0,6,HOWELL AVE,8,Otro,Urbano,Colector Mayor,County Highway Agency,0,Sin jurisdiccion especial,99998,28.560925,-82.38611667,Arbol,El primer evento no fue una colision con un vehiculo automotor en transporte,Not an Intersection,No fue interseccion,Fuera de la calle,Ninguna,Oscuro con iluminacion,Despejado,No,NO APLICA,99,99,99,99,1,05/11/2022,2
12,Florida,123394,1,1,1,0,86,MIAMI-DADE (86),0,NO APLICA,11,Noviembre,22,2022,14,1,SR-932 103RD ST,3,Highway estatal,Urbano,Arteria Principal,State Highway Agency,1,Sin jurisdiccion especial,99998,25.86919722,-80.20998611,Peaton,El primer evento no fue una colision con un vehiculo automotor en transporte,Four-Way Intersection,Interseccion de 4 direcciones,Sobre calle,Ninguna,Dia total,Despejado,No,NO APLICA,99,99,99,99,1,22/11/2022,1
12,Florida,123395,0,0,1,0,86,MIAMI-DADE (86),1980,MEDLEY,11,Noviembre,23,2022,19,16,NW 79TH AVE,6,Calle Local Municipalidad,Urbano,Colector Mayor,City or Municipal Highway Agency,0,Sin jurisdiccion especial,99998,25.85493333,-80.32589167,Banqueta,El primer evento no fue una colision con un vehiculo automotor en transporte,Not an Intersection,No fue interseccion,Sobre calle,Ninguna,Oscuro con iluminacion,Despejado,No,NO APLICA,99,99,99,99,1,23/11/2022,1
12,Florida,123396,0,0,1,0,115,SARASOTA (115),2235,NORTH PORT,11,Noviembre,23,2022,15,5,SUMTER BLVD,6,Calle Local Municipalidad,Urbano,Colector Mayor,City or Municipal Highway Agency,0,Sin jurisdiccion especial,99998,27.03628333,-82.218175,Valla Ferrocarril,El primer evento no fue una colision con un vehiculo automotor en transporte,Not an Intersection,No fue interseccion,Sobre el lado de la calle,Ninguna,Dia total,Despejado,No,NO APLICA,99,99,99,99,1,23/11/2022,1
12,Florida,123397,1,1,1,0,57,HILLSBOROUGH (57),2540,PLANT CITY,11,Noviembre,27,2022,18,24,W BALL ST,6,Calle Local Municipalidad,Urbano,Local,City or Municipal Highway Agency,0,Sin jurisdiccion especial,99998,28.00875278,-82.136125,Peaton,El primer evento no fue una colision con un vehiculo automotor en transporte,Not an Intersection,No fue interseccion,Sobre calle,Ninguna,Oscuro sin iluminacion,lluvia,No,NO APLICA,99,99,99,99,1,27/11/2022,2
12,Florida,123398,0,0,1,0,57,HILLSBOROUGH (57),2950,TAMPA,11,Noviembre,30,2022,17,47,SR-E BUSCH BLVD,3,Highway estatal,Urbano,Arteria Principal,State Highway Agency,1,Sin jurisdiccion especial,99998,28.03279722,-82.40829722,Banqueta,El primer evento no fue una colision con un vehiculo automotor en transporte,T-Intersection,Interseccion de T,Sobre el lado de la calle,Ninguna,Atardecer,Nublado,No,NO APLICA,99,99,99,99,1,30/11/2022,1
12,Florida,123399,0,0,1,0,61,INDIAN RIVER (61),0,NO APLICA,12,Diciembre,4,2022,1,12,US-1,2,US Highway,Urbano,Arteria Principal,Not Reported,1,Sin jurisdiccion especial,99998,27.71145556,-80.41883611,Volcadura,El primer evento no fue una colision con un vehiculo automotor en transporte,Not an Intersection,No fue interseccion,Sobre el lado de la calle,Ninguna,Oscuro con iluminacion,Despejado,No,NO APLICA,99,99,99,99,1,04/12/2022,1
12,Florida,123400,1,1,3,0,101,PASCO (101),0,NO APLICA,10,Octubre,27,2022,5,7,I-75,1,Interestatal,Urbano,Interestatal,State Highway Agency,1,Sin jurisdiccion especial,99998,28.17646111,-82.39145,Peaton,El primer evento no fue una colision con un vehiculo automotor en transporte,Not an Intersection,No fue interseccion,Sobre calle,Ninguna,Oscuro con iluminacion,Despejado,No,NO APLICA,5,12,5,22,1,27/10/2022,3
12,Florida,123401,0,0,2,0,9,BREVARD (9),1990,MELBOURNE,8,Agosto,10,2022,6,29,SR-E NASA BLVD,3,Highway estatal,Urbano,Arteria Principal,State Highway Agency,1,Sin jurisdiccion especial,99998,28.09329444,-80.61763611,Vehiculo en movimiento,Angulo,Four-Way Intersection,Interseccion de 4 direcciones,Sobre calle,Ninguna,Amanecer,Despejado,No,NO APLICA,99,99,99,99,1,10/08/2022,2
12,Florida,123402,0,0,2,0,86,MIAMI-DADE (86),0,NO APLICA,12,Diciembre,27,2022,13,30,CR-LINDGREN RD,6,Calle Local Municipalidad,Urbano,Arteria Principal,County Highway Agency,1,Sin jurisdiccion especial,99998,25.63167222,-80.41464722,Vehiculo en movimiento,Angulo,Four-Way Intersection,Interseccion de 4 direcciones,Sobre calle,Ninguna,Dia total,Despejado,No,NO APLICA,99,99,99,99,1,27/12/2022,2
12,Florida,123403,1,1,2,0,9,BREVARD (9),620,COCOA,2,Febrero,17,2022,6,12,PEACHTREE ST,6,Calle Local Municipalidad,Urbano,Colector Mayor,Not Reported,0,Sin jurisdiccion especial,99998,28.35779167,-80.73245278,Peaton,El primer evento no fue una colision con un vehiculo automotor en transporte,Four-Way Intersection,Interseccion de 4 direcciones,Sobre calle,Ninguna,Oscuro con iluminacion,lluvia,No,NO APLICA,99,99,99,99,1,17/02/2022,2
12,Florida,123404,1,1,1,0,127,VOLUSIA (127),810,DELAND,6,Junio,21,2022,23,0,W HOWRY AVE,6,Calle Local Municipalidad,Urbano,Colector Menor,City or Municipal Highway Agency,0,Sin jurisdiccion especial,99998,29.026275,-81.30686389,Ciclista,El primer evento no fue una colision con un vehiculo automotor en transporte,Not an Intersection,No fue interseccion,Sobre calle,Ninguna,Oscuro con iluminacion,Despejado,No,NO APLICA,99,98,99,98,1,21/06/2022,1
12,Florida,123405,0,0,2,0,11,BROWARD (11),790,DEERFIELD BEACH,9,Septiembre,2,2022,6,43,SR-869 SW 10TH ST,3,Highway estatal,Urbano,Arteria Principal,State Highway Agency,1,Sin jurisdiccion especial,99999,26.30467222,-80.12311389,Vehiculo en movimiento,Angulo,Four-Way Intersection,Interseccion de 4 direcciones,Sobre calle,Ninguna,Dia total,Despejado,No,NO APLICA,99,99,99,99,1,02/09/2022,2
12,Florida,123406,1,1,1,0,11,BROWARD (11),2570,POMPANO BEACH,9,Septiembre,9,2022,10,18,W ATLANTIC BLVD,5,Calle Local - Pueblo,Urbano,Arteria Principal,State Highway Agency,1,Sin jurisdiccion especial,99998,26.232025,-80.16821111,Peaton,El primer evento no fue una colision con un vehiculo automotor en transporte,Not an Intersection,No fue interseccion,Sobre calle,Ninguna,Dia total,Despejado,No,NO APLICA,99,99,99,99,1,09/09/2022,1
12,Florida,123407,1,1,1,0,11,BROWARD (11),1050,FORT LAUDERDALE,9,Septiembre,14,2022,7,51,US-1,2,US Highway,Not Reported,Arteria Principal,State Highway Agency,0,Sin jurisdiccion especial,99998,26.12799167,-80.13749167,Peaton,El primer evento no fue una colision con un vehiculo automotor en transporte,Four-Way Intersection,Interseccion de 4 direcciones,Sobre calle,Ninguna,Dia total,Despejado,No,NO APLICA,99,99,99,99,1,14/09/2022,1
12,Florida,123408,0,0,1,0,11,BROWARD (11),1050,FORT LAUDERDALE,10,Octubre,2,2022,14,55,NW 6TH ST,6,Calle Local Municipalidad,Urbano,Colector Menor,City or Municipal Highway Agency,0,Sin jurisdiccion especial,99998,26.12906111,-80.17001111,Otro objeto (no fijo),El primer evento no fue una colision con un vehiculo automotor en transporte,Not an Intersection,No fue interseccion,Sobre calle,Ninguna,Dia total,Despejado,No,272552P,99,99,99,99,1,02/10/2022,1
12,Florida,123410,0,0,3,0,11,BROWARD (11),771,DAVIE,12,Diciembre,28,2022,19,0,I-595,1,Interestatal,Urbano,Arteria Principal,State Highway Agency,1,Sin jurisdiccion especial,99998,26.11466111,-80.3138,Vehiculo en movimiento,Frente a Detrás,Not an Intersection,No fue interseccion,Sobre calle,Ninguna,Oscuro con iluminacion,Despejado,No,NO APLICA,99,99,99,99,1,28/12/2022,8
12,Florida,123411,0,0,2,1,86,MIAMI-DADE (86),670,CORAL GABLES,12,Diciembre,16,2022,15,1,RIVIERA DR,5,Calle Local - Pueblo,Urbano,Colector Mayor,City or Municipal Highway Agency,0,Sin jurisdiccion especial,99998,25.70930556,-80.263225,Vehiculo Aparcado,El primer evento no fue una colision con un vehiculo automotor en transporte,Not an Intersection,No fue interseccion,"Fuera de la calle, ubicacion desconocida",Ninguna,Dia total,Despejado,No,NO APLICA,99,99,99,99,1,16/12/2022,1
12,Florida,123412,0,0,1,0,105,POLK (105),1740,LAKE WALES,11,Noviembre,25,2022,18,50,SR-17,3,Highway estatal,Urbano,Colector Mayor,State Highway Agency,0,Sin jurisdiccion especial,99998,27.99223611,-81.59492778,Animal vivo,El primer evento no fue una colision con un vehiculo automotor en transporte,Not an Intersection,No fue interseccion,Sobre calle,Ninguna,Oscuro sin iluminacion,Despejado,No,NO APLICA,99,99,99,99,1,25/11/2022,2
12,Florida,123413,0,0,2,0,73,LEON (73),0,NO APLICA,12,Diciembre,23,2022,9,9,US-90,2,US Highway,Urbano,Arteria Menor,State Highway Agency,1,Sin jurisdiccion especial,99998,30.46658056,-84.21016111,Vehiculo en movimiento,Angulo,Four-Way Intersection,Interseccion de 4 direcciones,Sobre calle,Ninguna,Dia total,Despejado,No,NO APLICA,99,99,99,99,1,23/12/2022,2
12,Florida,123414,0,0,2,0,86,MIAMI-DADE (86),0,NO APLICA,12,Diciembre,25,2022,18,15,US-441,2,US Highway,Urbano,Arteria Menor,State Highway Agency,0,Sin jurisdiccion especial,99998,25.91741944,-80.21181944,Vehiculo en movimiento,No reportado,Four-Way Intersection,Interseccion de 4 direcciones,Sobre calle,Ninguna,Oscuro sin iluminacion,Despejado,No,NO APLICA,99,99,99,99,1,25/12/2022,5
12,Florida,123415,0,0,1,0,103,PINELLAS (103),570,CLEARWATER,11,Noviembre,23,2022,12,29,CR-MONTCLAIR RD,4,Calle del Condado,Urbano,Colector Mayor,County Highway Agency,0,Sin jurisdiccion especial,99998,27.99353056,-82.76039444,Volcadura,El primer evento no fue una colision con un vehiculo automotor en transporte,Not an Intersection,No fue interseccion,Sobre calle,Ninguna,Dia total,Despejado,No,NO APLICA,99,99,99,99,1,23/11/2022,1
12,Florida,123416,0,0,1,0,11,BROWARD (11),2541,PLANTATION,11,Noviembre,30,2022,0,47,N PINE ISLAND RD,6,Calle Local Municipalidad,Urbano,Arteria Menor,City or Municipal Highway Agency,0,Sin jurisdiccion especial,99998,26.12211389,-80.26432222,Banqueta,El primer evento no fue una colision con un vehiculo automotor en transporte,Not an Intersection,No fue interseccion,En el medio,Ninguna,Oscuro con iluminacion,Despejado,No,NO APLICA,99,99,99,99,1,30/11/2022,1
12,Florida,123417,0,0,2,0,86,MIAMI-DADE (86),2330,OPA-LOCKA,9,Septiembre,27,2022,1,55,SR-817,3,Highway estatal,Urbano,Arteria Principal,State Highway Agency,0,Sin jurisdiccion especial,99998,25.90981389,-80.24418056,Vehiculo en movimiento,Frente a Detrás,Not an Intersection,No fue interseccion,Sobre calle,Ninguna,Oscuro con iluminacion,Nublado,No,NO APLICA,99,99,99,99,1,27/09/2022,2
12,Florida,123418,0,0,7,0,11,BROWARD (11),1420,HOLLYWOOD,11,Noviembre,20,2022,6,49,SR-91,3,Highway estatal,Urbano,Arterial Principal -Freeway o ExpressWay,State Highway Agency,1,Sin jurisdiccion especial,99998,26.0384,-80.21376944,Vehiculo en movimiento,Frente a Detrás,Not an Intersection,No fue interseccion,Sobre calle,Ninguna,Oscuro con iluminacion,Despejado,No,NO APLICA,99,99,99,99,1,20/11/2022,7
12,Florida,123419,1,1,1,0,117,SEMINOLE (117),2770,SANFORD,12,Diciembre,12,2022,19,0,SR-S FRENCH AVE,3,Highway estatal,Urbano,Arteria Principal,State Highway Agency,1,Sin jurisdiccion especial,99998,28.80690278,-81.27319444,Peaton,El primer evento no fue una colision con un vehiculo automotor en transporte,Not an Intersection,No fue interseccion,Sobre calle,Ninguna,Oscuro con iluminacion,Despejado,No,NO APLICA,99,99,99,99,1,12/12/2022,1
12,Florida,123420,0,0,2,0,111,ST LUCIE (111),0,NO APLICA,12,Diciembre,15,2022,16,32,SR-70,3,Highway estatal,Rural,Arteria Principal,State Highway Agency,1,Sin jurisdiccion especial,99998,27.37605,-80.48609444,Vehiculo en movimiento,Angulo,Four-Way Intersection,Interseccion de 4 direcciones,Sobre calle,Ninguna,Dia total,Nublado,No,NO APLICA,99,99,99,99,1,15/12/2022,2
12,Florida,123421,1,1,1,0,11,BROWARD (11),790,DEERFIELD BEACH,8,Agosto,27,2022,14,50,WEST DR,5,Calle Local - Pueblo,Not Reported,Local,Private (other than Railroad),0,Sin jurisdiccion especial,99999,26.30925,-80.14626667,Peaton,El primer evento no fue una colision con un vehiculo automotor en transporte,T-Intersection,Interseccion de T,Sobre calle,Ninguna,Dia total,Despejado,No,NO APLICA,99,99,99,99,1,27/08/2022,1
12,Florida,123422,0,0,1,0,61,INDIAN RIVER (61),0,NO APLICA,12,Diciembre,6,2022,11,37,I-95,1,Interestatal,Rural,Interestatal,State Highway Agency,1,Sin jurisdiccion especial,99998,27.79935,-80.54906944,Volcadura,El primer evento no fue una colision con un vehiculo automotor en transporte,Not an Intersection,No fue interseccion,En el medio,Ninguna,Dia total,Despejado,No,NO APLICA,99,99,99,99,1,06/12/2022,1
12,Florida,123423,0,0,1,0,11,BROWARD (11),771,DAVIE,4,Abril,4,2022,2,0,SW 130TH AVE,5,Calle Local - Pueblo,Urbano,Colector Mayor,City or Municipal Highway Agency,0,Sin jurisdiccion especial,99999,26.087125,-80.32217778,Zanja,El primer evento no fue una colision con un vehiculo automotor en transporte,Not an Intersection,No fue interseccion,Sobre el lado de la calle,Ninguna,Oscuro sin iluminacion,Despejado,No,NO APLICA,99,99,99,99,1,04/04/2022,3
12,Florida,123424,0,0,2,0,11,BROWARD (11),2570,POMPANO BEACH,9,Septiembre,6,2022,13,10,N POWERLINE RD,5,Calle Local - Pueblo,Urbano,Arteria Principal,State Highway Agency,1,Sin jurisdiccion especial,99999,26.25649167,-80.15167222,Vehiculo en movimiento,Angulo,Four-Way Intersection,Interseccion de 4 direcciones,Sobre calle,Ninguna,Dia total,Despejado,No,NO APLICA,99,99,99,99,1,06/09/2022,2
12,Florida,123425,0,0,2,0,57,HILLSBOROUGH (57),0,NO APLICA,12,Diciembre,12,2022,12,15,SR-574,3,Highway estatal,Urbano,Arteria Principal,State Highway Agency,1,Sin jurisdiccion especial,99998,28.00245,-82.18735278,Vehiculo en movimiento,Angulo,Not an Intersection,No fue interseccion,Sobre calle,Ninguna,Dia total,Despejado,No,NO APLICA,99,99,99,99,1,12/12/2022,3
12,Florida,123426,0,0,5,0,115,SARASOTA (115),0,NO APLICA,12,Diciembre,28,2022,18,12,SR-TAMIAMI TRL S,3,Highway estatal,Urbano,Arteria Principal,State Highway Agency,1,Sin jurisdiccion especial,99998,27.07455833,-82.42551111,Vehiculo en movimiento,Golpe Lateral - misma direccion,Y-Intersection,Interseccion de Y,Sobre calle,Ninguna,Oscuro con iluminacion,Despejado,No,NO APLICA,99,99,99,99,1,28/12/2022,8
12,Florida,123427,1,1,1,0,11,BROWARD (11),1050,FORT LAUDERDALE,7,Julio,19,2022,16,3,NW 2TH AV,5,Calle Local - Pueblo,Urbano,Colector Mayor,County Highway Agency,0,Sin jurisdiccion especial,99998,26.12978889,-80.17815,Ciclista,El primer evento no fue una colision con un vehiculo automotor en transporte,Not an Intersection,No fue interseccion,Sobre calle,Ninguna,Dia total,Despejado,No,NO APLICA,99,99,99,99,1,19/07/2022,1
12,Florida,123428,1,1,1,0,87,MONROE (87),1580,KEY WEST,11,Noviembre,5,2022,11,46,US-1 N ROOSEVELT BLVD,2,US Highway,Urbano,Arteria Principal,State Highway Agency,1,Sin jurisdiccion especial,99998,24.57199722,-81.75966111,Ciclista,El primer evento no fue una colision con un vehiculo automotor en transporte,T-Intersection,Interseccion de T,Sobre calle,Ninguna,Dia total,Nublado,No,NO APLICA,99,99,99,99,1,05/11/2022,1
12,Florida,123429,1,1,1,0,11,BROWARD (11),2570,POMPANO BEACH,10,Octubre,1,2022,19,12,E ATLANTIC BLVD,6,Calle Local Municipalidad,Urbano,Arteria Menor,City or Municipal Highway Agency,0,Sin jurisdiccion especial,99998,26.23165833,-80.11746389,Peaton,El primer evento no fue una colision con un vehiculo automotor en transporte,Not an Intersection,No fue interseccion,Sobre calle,Ninguna,Atardecer,Despejado,No,NO APLICA,99,99,99,99,1,01/10/2022,1
12,Florida,123430,0,0,1,0,86,MIAMI-DADE (86),0,NO APLICA,10,Octubre,24,2022,7,20,SW 154TH CT,5,Calle Local - Pueblo,Urbano,Colector Mayor,County Highway Agency,0,Sin jurisdiccion especial,99998,25.71351389,-80.44387778,Arbol,El primer evento no fue una colision con un vehiculo automotor en transporte,Not an Intersection,No fue interseccion,En el medio,Ninguna,Dia total,Despejado,No,NO APLICA,99,99,99,99,1,24/10/2022,1
12,Florida,123431,1,1,1,0,57,HILLSBOROUGH (57),2950,TAMPA,6,Junio,14,2022,6,43,E BUSCH BLVD,6,Calle Local Municipalidad,Urbano,Arteria Principal,State Highway Agency,0,Sin jurisdiccion especial,99998,28.03274167,-82.40208889,Peaton,El primer evento no fue una colision con un vehiculo automotor en transporte,Not an Intersection,No fue interseccion,Sobre calle,Ninguna,Dia total,Despejado,No,NO APLICA,99,99,99,99,1,14/06/2022,1
12,Florida,123432,0,0,2,0,9,BREVARD (9),2424,PALM BAY,11,Noviembre,27,2022,16,30,I-95,1,Interestatal,Urbano,Interestatal,State Highway Agency,1,Sin jurisdiccion especial,99998,27.99768056,-80.62971111,Valla Ferrocarril,El primer evento no fue una colision con un vehiculo automotor en transporte,Not an Intersection,No fue interseccion,En el medio,Ninguna,Dia total,Despejado,No,NO APLICA,99,99,99,99,1,27/11/2022,3
12,Florida,123434,1,1,1,0,95,ORANGE (95),2290,OCOEE,12,Diciembre,5,2022,16,5,SR-50,3,Highway estatal,Urbano,Arteria Principal,State Highway Agency,1,Sin jurisdiccion especial,99998,28.55143889,-81.55815,Ciclista,El primer evento no fue una colision con un vehiculo automotor en transporte,T-Intersection,Interseccion de T,Sobre calle,Ninguna,Dia total,Despejado,No,NO APLICA,99,99,99,99,1,05/12/2022,1
12,Florida,123435,0,0,2,0,57,HILLSBOROUGH (57),0,NO APLICA,12,Diciembre,7,2022,0,8,CR-579,4,Calle del Condado,Urbano,Arteria Menor,County Highway Agency,0,Sin jurisdiccion especial,99998,28.005075,-82.30230278,Vehiculo en movimiento,Angulo,Four-Way Intersection,Interseccion de 4 direcciones,Sobre calle,Ninguna,Oscuro con iluminacion,Despejado,No,NO APLICA,99,99,99,99,1,07/12/2022,2
12,Florida,123436,0,0,1,0,86,MIAMI-DADE (86),0,NO APLICA,12,Diciembre,10,2022,3,32,CR-SW 87TH AVE,4,Calle del Condado,Rural,Local,County Highway Agency,0,Sin jurisdiccion especial,99998,25.53873056,-80.33133333,Banqueta,El primer evento no fue una colision con un vehiculo automotor en transporte,Not an Intersection,No fue interseccion,Sobre el lado de la calle,Ninguna,Oscuro con iluminacion,Despejado,No,NO APLICA,99,99,99,99,2,10/12/2022,4
12,Florida,123437,1,1,1,0,86,MIAMI-DADE (86),0,NO APLICA,12,Diciembre,12,2022,6,30,CR-SW 86TH CT,4,Calle del Condado,Urbano,Local,County Highway Agency,0,Sin jurisdiccion especial,99998,25.76044444,-80.33508056,Peaton,El primer evento no fue una colision con un vehiculo automotor en transporte,Not an Intersection,No fue interseccion,Sobre calle,Ninguna,Oscuro sin iluminacion,Neblina o Humo,No,NO APLICA,99,99,99,99,1,12/12/2022,1
12,Florida,123438,0,0,2,0,83,MARION (83),2270,OCALA,12,Diciembre,13,2022,10,56,US-441,2,US Highway,Urbano,Colector Mayor,County Highway Agency,0,Sin jurisdiccion especial,99998,29.19431944,-82.14168889,Vehiculo en movimiento,Angulo,Four-Way Intersection,Interseccion de 4 direcciones,Sobre calle,Ninguna,Dia total,Despejado,No,NO APLICA,99,99,99,99,1,13/12/2022,3
12,Florida,123439,0,0,3,0,71,LEE (71),1070,FORT MYERS,12,Diciembre,17,2022,6,54,US-41,2,US Highway,Urbano,Arteria Principal,State Highway Agency,1,Sin jurisdiccion especial,99998,26.65424167,-81.880175,Vehiculo en movimiento,Frente a Detrás,Not an Intersection,No fue interseccion,Sobre calle,Ninguna,Amanecer,Despejado,No,NO APLICA,99,99,99,99,1,17/12/2022,3
12,Florida,123440,1,1,1,0,86,MIAMI-DADE (86),0,NO APLICA,12,Diciembre,19,2022,6,15,SW 127TH AVE,8,Otro,Urbano,Local,Private (other than Railroad),0,Sin jurisdiccion especial,99998,25.63017778,-80.39704167,Peaton,El primer evento no fue una colision con un vehiculo automotor en transporte,Not an Intersection,No fue interseccion,Sobre calle,Ninguna,Oscuro sin iluminacion,Despejado,No,NO APLICA,99,99,99,99,1,19/12/2022,1
12,Florida,123441,0,0,3,0,9,BREVARD (9),3175,WEST MELBOURNE,12,Diciembre,21,2022,11,41,W NEW HAVEN AVE,5,Calle Local - Pueblo,Urbano,Arteria Principal,State Highway Agency,1,Sin jurisdiccion especial,99998,28.0788,-80.69543611,Vehiculo en movimiento,Angulo,Not an Intersection,No fue interseccion,Sobre calle,Ninguna,Dia total,Despejado,No,NO APLICA,99,99,99,99,1,21/12/2022,4
12,Florida,123442,0,0,2,0,109,ST JOHNS (109),2690,SAINT AUGUSTINE,12,Diciembre,30,2022,17,20,CR-16A,4,Calle del Condado,Rural,Colector Menor,County Highway Agency,0,Sin jurisdiccion especial,99998,29.99756111,-81.54101111,Vehiculo en movimiento,Angulo,T-Intersection,Interseccion de T,Sobre calle,Ninguna,Atardecer,Despejado,No,NO APLICA,99,99,99,99,1,30/12/2022,2
12,Florida,123443,1,1,1,0,1,ALACHUA (1),1130,GAINESVILLE,6,Junio,16,2022,20,51,SW 23RD ST,6,Calle Local Municipalidad,Urbano,Local,City or Municipal Highway Agency,0,Sin jurisdiccion especial,99998,29.65059444,-82.35583611,Peaton,El primer evento no fue una colision con un vehiculo automotor en transporte,Not an Intersection,No fue interseccion,Sobre calle,Ninguna,Oscuro con iluminacion,Despejado,No,NO APLICA,99,99,99,99,1,16/06/2022,5
12,Florida,123446,1,1,1,0,11,BROWARD (11),2570,POMPANO BEACH,7,Julio,3,2022,2,12,N POWERLINE ROAD,5,Calle Local - Pueblo,Urbano,Arteria Principal,State Highway Agency,1,Sin jurisdiccion especial,99999,26.25756667,-80.15170556,Peaton,El primer evento no fue una colision con un vehiculo automotor en transporte,Not an Intersection,No fue interseccion,Sobre calle,Ninguna,Oscuro con iluminacion,Despejado,No,NO APLICA,99,99,99,99,1,03/07/2022,1