Estado,Nombre de Estado,Numero de Caso,Peatones,Personas _no_vehiculos,Vehiculos automotores,Vehiculos estacionados,Condado,Nombre Condado,Ciudad,Nombre Ciudad,Mes,Nombre Mes,Dia,Año,Hora,Minuto,Calle,Ruta,Nombre Ruta,Rural o Urbanoo,Sistema Funcional,Dueño Calle,Sistema Nacional Carreteras,Jurisdiccion Especial,Milla,Latitud,Longitud,Causa del Accidente,Tipo de Accidente,Tipo Interseccion,Columna1,Lugar en la calle,Zona de Trabajo,Luz,Clima,Autobus Escolar,Cruce de Trenes,Hora Notificacion,Minuto Notificacion,Hora Llegada,Minuto Llegada,Decesos,Fecha,PersonaVehiculo
12,Florida,123447,1,1,1,0,11,BROWARD (11),790,DEERFIELD BEACH,7,Julio,22,2022,19,27,9TH AVE,5,Calle Local - Pueblo,Urbano,Local,Not Reported,0,Sin jurisdiccion especial,99999,26.28065556,-80.13595278,Ciclista,El primer evento no fue una colision con un vehiculo automotor en transporte,Not an Intersection,No fue interseccion,Sobre calle,Ninguna,Dia total,lluvia,No,NO APLICA,99,99,99,99,1,22/07/2022,1
12,Florida,123448,0,0,2,0,11,BROWARD (11),2948,TAMARAC,9,Septiembre,27,2022,13,50,W COMMERCIAL BLVD,5,Calle Local - Pueblo,Urbano,Arteria Principal,State Highway Agency,1,Sin jurisdiccion especial,99998,26.18649444,-80.20525278,Vehiculo en movimiento,Angulo,Four-Way Intersection,Interseccion de 4 direcciones,Sobre calle,Ninguna,Dia total,lluvia,No,NO APLICA,99,99,99,99,1,27/09/2022,3
12,Florida,123449,0,0,2,0,11,BROWARD (11),663,COOPER CITY,10,Octubre,17,2022,23,0,SHERIDAN ST,6,Calle Local Municipalidad,Urbano,Arteria Principal,City or Municipal Highway Agency,1,Sin jurisdiccion especial,99998,26.02904167,-80.32115833,Vehiculo en movimiento,Frente a Detrás,Not an Intersection,No fue interseccion,Sobre calle,Ninguna,Oscuro - iluminacion desconocida,Despejado,No,NO APLICA,99,99,99,99,1,17/10/2022,3
12,Florida,123450,0,0,3,0,11,BROWARD (11),2570,POMPANO BEACH,10,Octubre,20,2022,2,24,E SAMPLE RD,5,Calle Local - Pueblo,Urbano,Arteria Principal,State Highway Agency,1,Sin jurisdiccion especial,99999,26.27506944,-80.11972222,Vehiculo en movimiento,Frente a Detrás,Four-Way Intersection,Interseccion de 4 direcciones,Sobre calle,Ninguna,Oscuro con iluminacion,Despejado,No,NO APLICA,99,99,99,99,1,20/10/2022,3
12,Florida,123451,0,0,2,0,11,BROWARD (11),2570,POMPANO BEACH,10,Octubre,26,2022,0,48,W SMAPLE RD,5,Calle Local - Pueblo,Urbano,Arteria Principal,State Highway Agency,1,Sin jurisdiccion especial,99998,26.27480833,-80.13351389,Vehiculo en movimiento,Frente a frente,T-Intersection,Interseccion de T,Sobre calle,Ninguna,Oscuro con iluminacion,Despejado,No,NO APLICA,99,99,99,99,1,26/10/2022,4
12,Florida,123452,0,0,2,0,11,BROWARD (11),760,DANIA BEACH,7,Julio,24,2022,3,23,SW 4TH AV,8,Otro,Rural,Local,City or Municipal Highway Agency,0,Sin jurisdiccion especial,99998,26.04503611,-80.14789722,Vehiculo en movimiento,Angulo,Not an Intersection,No fue interseccion,Sobre calle,Ninguna,Oscuro con iluminacion,Despejado,No,NO APLICA,99,99,99,99,1,24/07/2022,2
12,Florida,123453,1,1,1,0,11,BROWARD (11),2570,POMPANO BEACH,1,Enero,6,2022,22,19,SR-W ATLANTIC BLVD,3,Highway estatal,Urbano,Arteria Principal,State Highway Agency,1,Sin jurisdiccion especial,99998,26.23117778,-80.15771111,Peaton,El primer evento no fue una colision con un vehiculo automotor en transporte,Not an Intersection,No fue interseccion,Sobre calle,Ninguna,Oscuro con iluminacion,Despejado,No,NO APLICA,99,99,99,99,1,06/01/2022,1
12,Florida,123454,1,1,1,0,11,BROWARD (11),2570,POMPANO BEACH,10,Octubre,13,2022,1,54,W ATLANTIC BLVD,6,Calle Local Municipalidad,Urbano,Colector Menor,City or Municipal Highway Agency,0,Sin jurisdiccion especial,99998,26.23153611,-80.14150278,Peaton,El primer evento no fue una colision con un vehiculo automotor en transporte,Four-Way Intersection,Interseccion de 4 direcciones,Sobre calle,Ninguna,Oscuro sin iluminacion,lluvia,No,NO APLICA,99,99,99,99,1,13/10/2022,1
12,Florida,123455,0,0,3,0,11,BROWARD (11),1050,FORT LAUDERDALE,11,Noviembre,5,2022,21,39,SR-838 W SUNRISE BLVD,3,Highway estatal,Urbano,Arteria Principal,State Highway Agency,1,Sin jurisdiccion especial,99998,26.13666389,-80.16938889,Vehiculo en movimiento,Frente a Detrás,Four-Way Intersection,Interseccion de 4 direcciones,Sobre calle,Ninguna,Dia total,Despejado,No,NO APLICA,99,99,99,99,1,05/11/2022,17
12,Florida,123456,0,0,3,0,11,BROWARD (11),2948,TAMARAC,8,Agosto,12,2022,12,46,W COMMERCIAL BLVD,5,Calle Local - Pueblo,Urbano,Arteria Principal,State Highway Agency,0,Sin jurisdiccion especial,99998,26.18813611,-80.17514167,Vehiculo en movimiento,Angulo,Four-Way Intersection,Interseccion de 4 direcciones,Sobre calle,Ninguna,Dia total,Despejado,No,NO APLICA,99,99,99,99,1,12/08/2022,5
12,Florida,123457,0,0,3,0,105,POLK (105),1270,HAINES CITY,12,Diciembre,17,2022,1,8,US-27,2,US Highway,Rural,Arteria Principal,State Highway Agency,1,Sin jurisdiccion especial,99998,28.15938333,-81.639925,Vehiculo en movimiento,Frente a Detrás,Not an Intersection,No fue interseccion,Sobre calle,Ninguna,Oscuro con iluminacion,Despejado,No,NO APLICA,99,99,99,99,1,17/12/2022,6
12,Florida,123458,1,1,1,0,11,BROWARD (11),1050,FORT LAUDERDALE,12,Diciembre,23,2022,20,49,SR-A1A,3,Highway estatal,Urbano,Local,City or Municipal Highway Agency,0,Sin jurisdiccion especial,99998,26.10031111,-80.12765278,Peaton,El primer evento no fue una colision con un vehiculo automotor en transporte,Four-Way Intersection,Interseccion de 4 direcciones,Sobre calle,Ninguna,Oscuro con iluminacion,Despejado,No,NO APLICA,99,99,99,99,1,23/12/2022,1
12,Florida,123459,1,1,1,0,11,BROWARD (11),1280,HALLANDALE BEACH,7,Julio,6,2022,20,32,W HALLANDALE BEACH BLVD,5,Calle Local - Pueblo,Urbano,Colector Mayor,Not Reported,0,Sin jurisdiccion especial,99998,25.98508611,-80.16280556,Peaton,El primer evento no fue una colision con un vehiculo automotor en transporte,Four-Way Intersection,Interseccion de 4 direcciones,Sobre calle,Ninguna,Atardecer,Despejado,No,NO APLICA,99,99,99,99,1,06/07/2022,1
12,Florida,123460,0,0,1,0,9,BREVARD (9),3000,TITUSVILLE,1,Enero,22,2022,2,29,PARK LANE,5,Calle Local - Pueblo,Urbano,Local,Private (other than Railroad),0,Sin jurisdiccion especial,99998,28.58986667,-80.80383611,Barda,El primer evento no fue una colision con un vehiculo automotor en transporte,Not an Intersection,No fue interseccion,Sobre el lado de la calle,Ninguna,Oscuro con iluminacion,Despejado,No,NO APLICA,99,99,99,99,1,22/01/2022,1
12,Florida,123462,0,0,2,0,9,BREVARD (9),620,COCOA,8,Agosto,14,2022,9,53,GRIMES ST,5,Calle Local - Pueblo,Urbano,Local,City or Municipal Highway Agency,0,Sin jurisdiccion especial,99998,28.36488333,-80.73544444,Vehiculo en movimiento,Angulo,Four-Way Intersection,Interseccion de 4 direcciones,Sobre calle,Ninguna,Dia total,Despejado,No,NO APLICA,99,99,99,99,1,14/08/2022,2
12,Florida,123464,0,0,1,0,105,POLK (105),1110,FROSTPROOF,5,Mayo,15,2022,17,39,US-27,2,US Highway,Rural,Arteria Principal,State Highway Agency,1,Sin jurisdiccion especial,99998,27.65221667,-81.53501111,Volcadura,El primer evento no fue una colision con un vehiculo automotor en transporte,Not an Intersection,No fue interseccion,En el medio,Ninguna,Dia total,Despejado,No,NO APLICA,99,99,99,99,1,15/05/2022,1
12,Florida,123465,0,0,3,0,11,BROWARD (11),2570,POMPANO BEACH,6,Junio,7,2022,16,6,W COPANS RD,5,Calle Local - Pueblo,Urbano,Arteria Menor,City or Municipal Highway Agency,0,Sin jurisdiccion especial,99998,26.26053611,-80.12743889,Vehiculo en movimiento,Angulo,T-Intersection,Interseccion de T,Sobre calle,Ninguna,Oscuro con iluminacion,Despejado,No,NO APLICA,99,99,99,99,1,07/06/2022,3
12,Florida,123466,1,1,3,0,86,MIAMI-DADE (86),1340,HIALEAH,11,Noviembre,1,2022,6,42,W 84TH ST,5,Calle Local - Pueblo,Urbano,Arteria Menor,State Highway Agency,0,Sin jurisdiccion especial,99998,25.89874444,-80.30049167,Peaton,El primer evento no fue una colision con un vehiculo automotor en transporte,Not an Intersection,No fue interseccion,Sobre calle,Ninguna,Oscuro con iluminacion,Despejado,No,NO APLICA,99,99,99,99,1,01/11/2022,5
12,Florida,123467,2,2,3,0,11,BROWARD (11),1050,FORT LAUDERDALE,11,Noviembre,16,2022,15,7,NW 23/21 AVENUE,5,Calle Local - Pueblo,Urbano,Colector Mayor,City or Municipal Highway Agency,0,Sin jurisdiccion especial,99998,26.15116944,-80.17058333,Banqueta,El primer evento no fue una colision con un vehiculo automotor en transporte,Four-Way Intersection,Interseccion de 4 direcciones,Sobre el lado de la calle,Ninguna,Dia total,Nublado,No,NO APLICA,99,99,99,99,1,16/11/2022,4
12,Florida,123468,1,1,1,0,9,BREVARD (9),620,COCOA,1,Enero,16,2022,1,24,SR-501/524 CLEARLAKE RD,3,Highway estatal,Urbano,Arteria Menor,State Highway Agency,1,Sin jurisdiccion especial,99998,28.39687778,-80.76271667,Peaton,El primer evento no fue una colision con un vehiculo automotor en transporte,Not an Intersection,No fue interseccion,Sobre calle,Ninguna,Oscuro sin iluminacion,Despejado,No,NO APLICA,99,99,99,99,1,16/01/2022,1
12,Florida,123470,1,1,1,0,86,MIAMI-DADE (86),2906,SUNNY ISLES,7,Julio,18,2022,16,26,SR-A1A,3,Highway estatal,Urbano,Arteria Principal,State Highway Agency,1,Sin jurisdiccion especial,99998,25.92257778,-80.12251111,Peaton,El primer evento no fue una colision con un vehiculo automotor en transporte,T-Intersection,Interseccion de T,Sobre calle,Ninguna,Dia total,Despejado,No,NO APLICA,99,99,99,99,1,18/07/2022,1
12,Florida,123471,1,1,1,0,5,BAY (5),0,NO APLICA,6,Junio,23,2022,21,45,SR-22,3,Highway estatal,Urbano,Arteria Menor,State Highway Agency,0,Sin jurisdiccion especial,99998,30.15286389,-85.56558889,Peaton,El primer evento no fue una colision con un vehiculo automotor en transporte,Not an Intersection,No fue interseccion,Sobre calle,Ninguna,Oscuro sin iluminacion,Despejado,No,NO APLICA,99,99,99,99,1,23/06/2022,1
12,Florida,123472,0,0,2,0,105,POLK (105),3300,WINTER HAVEN,5,Mayo,30,2022,11,18,AVE G NW,8,Otro,Urbano,Colector Mayor,County Highway Agency,0,Sin jurisdiccion especial,99998,28.02965,-81.759175,Vehiculo en movimiento,Angulo,Four-Way Intersection,Interseccion de 4 direcciones,Sobre calle,Ninguna,Dia total,Despejado,No,NO APLICA,99,99,99,99,1,30/05/2022,3
12,Florida,123476,1,1,1,0,9,BREVARD (9),1990,MELBOURNE,8,Agosto,27,2022,9,41,CR-509 N WICKHAM RD,4,Calle del Condado,Urbano,Arteria Principal,County Highway Agency,1,Sin jurisdiccion especial,99998,28.14742778,-80.67175556,Peaton,El primer evento no fue una colision con un vehiculo automotor en transporte,Not an Intersection,No fue interseccion,Sobre calle,Ninguna,Dia total,Despejado,No,NO APLICA,99,99,99,99,1,27/08/2022,1
12,Florida,123479,1,1,1,0,5,BAY (5),2450,PANAMA CITY,11,Noviembre,19,2022,21,3,SR-368 E 23RD ST,3,Highway estatal,Urbano,Arteria Menor,State Highway Agency,0,Sin jurisdiccion especial,99998,30.18951944,-85.65366944,Peaton,El primer evento no fue una colision con un vehiculo automotor en transporte,Not an Intersection,No fue interseccion,Sobre calle,Ninguna,Oscuro con iluminacion,lluvia,No,NO APLICA,99,99,99,99,1,19/11/2022,1
12,Florida,123481,1,1,1,0,61,INDIAN RIVER (61),0,NO APLICA,12,Diciembre,30,2022,3,30,US-1,2,US Highway,Urbano,Arteria Principal,State Highway Agency,1,Sin jurisdiccion especial,99998,27.61420278,-80.38696389,Peaton,El primer evento no fue una colision con un vehiculo automotor en transporte,Not an Intersection,No fue interseccion,"Fuera de la calle, ubicacion desconocida",Ninguna,Oscuro con iluminacion,Despejado,No,NO APLICA,99,99,99,97,1,30/12/2022,1
12,Florida,123482,1,1,1,0,11,BROWARD (11),1781,LAUDERDALE LAKES,10,Octubre,26,2022,7,27,US-441 SR-7,2,US Highway,Urbano,Arteria Principal,State Highway Agency,1,Sin jurisdiccion especial,99999,26.16378056,-80.20317778,Peaton,El primer evento no fue una colision con un vehiculo automotor en transporte,Not an Intersection,No fue interseccion,Sobre calle,Ninguna,Dia total,Despejado,No,NO APLICA,99,99,99,99,1,26/10/2022,1
12,Florida,123483,0,0,2,0,11,BROWARD (11),1781,LAUDERDALE LAKES,8,Agosto,25,2022,16,3,US-441 SR-7,2,US Highway,Urbano,Arteria Principal,State Highway Agency,1,Sin jurisdiccion especial,99999,26.18028889,-80.20361944,Vehiculo en movimiento,Angulo,Four-Way Intersection,Interseccion de 4 direcciones,Sobre calle,Ninguna,Oscuro con iluminacion,Despejado,No,NO APLICA,99,99,99,99,1,25/08/2022,2
12,Florida,123484,0,0,2,0,11,BROWARD (11),1781,LAUDERDALE LAKES,7,Julio,4,2022,2,3,US-441 SR-7,2,US Highway,Urbano,Arteria Principal,State Highway Agency,1,Sin jurisdiccion especial,99999,26.17761667,-80.20354722,Vehiculo en movimiento,Frente a Detrás,Not an Intersection,No fue interseccion,Sobre calle,Ninguna,Oscuro con iluminacion,Despejado,No,NO APLICA,99,99,99,99,1,04/07/2022,3
12,Florida,123485,0,0,2,0,11,BROWARD (11),1050,FORT LAUDERDALE,9,Septiembre,20,2022,13,36,US-1 SUNRISE BLVD,2,US Highway,Urbano,Arteria Principal,State Highway Agency,1,Sin jurisdiccion especial,99998,26.13729167,-80.12396944,Vehiculo en movimiento,Angulo,Four-Way Intersection,Interseccion de 4 direcciones,Sobre calle,Ninguna,Dia total,Despejado,No,NO APLICA,99,99,99,99,1,20/09/2022,2
12,Florida,123486,0,1,2,1,1,ALACHUA (1),0,NO APLICA,7,Julio,6,2022,13,57,I 75 SB REST AREA RAMP,8,Otro,Trafficway Not in State Inventory,Via no en inventario estatal,Trafficway Not in State Inventory,0,Sin jurisdiccion especial,3820,29.59019722,-82.36350833,Banqueta,El primer evento no fue una colision con un vehiculo automotor en transporte,Not an Intersection,No fue interseccion,Sobre el lado de la calle,Ninguna,Dia total,Despejado,No,NO APLICA,99,99,99,99,2,06/07/2022,2
12,Florida,123487,0,0,2,0,11,BROWARD (11),790,DEERFIELD BEACH,12,Diciembre,5,2022,20,0,NE 3RD AVE,6,Calle Local Municipalidad,Urbano,Arteria Menor,City or Municipal Highway Agency,0,Sin jurisdiccion especial,99999,26.28973333,-80.11955278,Vehiculo en movimiento,Frente a frente,Four-Way Intersection,Interseccion de 4 direcciones,Sobre calle,Ninguna,Dia total,Nublado,No,NO APLICA,99,99,99,99,1,05/12/2022,2
12,Florida,123488,0,0,3,0,11,BROWARD (11),1781,LAUDERDALE LAKES,11,Noviembre,27,2022,11,30,SR-816 W OAKLAND PARK BLVD,3,Highway estatal,Urbano,Arteria Principal,State Highway Agency,1,Sin jurisdiccion especial,99999,26.16481111,-80.22055833,Vehiculo en movimiento,Golpe Lateral - misma direccion,Not an Intersection,No fue interseccion,Sobre calle,Ninguna,Dia total,Despejado,No,NO APLICA,99,99,99,99,1,27/11/2022,5
12,Florida,123489,0,0,3,0,11,BROWARD (11),2570,POMPANO BEACH,8,Agosto,10,2022,19,40,W COPANS RD,8,Otro,Urbano,Arteria Menor,County Highway Agency,0,Sin jurisdiccion especial,99998,26.25990833,-80.16467778,Vehiculo en movimiento,Angulo,Not an Intersection,No fue interseccion,Sobre calle,Ninguna,Dia total,Despejado,No,NO APLICA,99,99,99,99,1,10/08/2022,4
12,Florida,123490,0,4,4,2,11,BROWARD (11),2219,NORTH LAUDERDALE,9,Septiembre,3,2022,17,2,AVON LN,8,Otro,Urbano,Local,County Highway Agency,0,Sin jurisdiccion especial,99998,26.20844722,-80.22903889,Vehiculo en movimiento,Angulo,T-Intersection,Interseccion de T,Sobre calle,Ninguna,Dia total,Despejado,No,NO APLICA,99,99,99,99,1,03/09/2022,3
12,Florida,123491,0,0,4,0,11,BROWARD (11),2260,OAKLAND PARK,5,Mayo,21,2022,3,45,SR-816 E OAKLAND PARK BLVD,3,Highway estatal,Urbano,Arteria Principal,State Highway Agency,1,Sin jurisdiccion especial,99998,26.16648056,-80.14460833,Vehiculo en movimiento,Frente a Detrás,T-Intersection,Interseccion de T,Sobre calle,Ninguna,Oscuro con iluminacion,Despejado,No,NO APLICA,99,99,99,99,1,21/05/2022,4
12,Florida,123492,0,0,2,0,9,BREVARD (9),620,COCOA,11,Noviembre,8,2022,16,42,SR-524,3,Highway estatal,Urbano,Arteria Menor,State Highway Agency,0,Sin jurisdiccion especial,99998,28.37478333,-80.80401944,Vehiculo en movimiento,Frente a frente,Four-Way Intersection,Interseccion de 4 direcciones,Sobre calle,Ninguna,Dia total,Nublado,No,NO APLICA,99,99,99,99,1,08/11/2022,4
12,Florida,123493,0,0,2,0,5,BAY (5),2451,PANAMA CITY BEACH,12,Diciembre,20,2022,7,1,US-98,2,US Highway,Urbano,Arteria Principal,State Highway Agency,1,Sin jurisdiccion especial,99998,30.23687222,-85.90565,Vehiculo en movimiento,Frente a frente,T-Intersection,Interseccion de T,Sobre calle,Ninguna,Dia total,Despejado,No,NO APLICA,99,99,99,99,1,20/12/2022,4
12,Florida,123494,1,1,1,0,9,BREVARD (9),620,COCOA,11,Noviembre,28,2022,18,7,DIXON BLVD,8,Otro,Urbano,Arteria Menor,County Highway Agency,0,Sin jurisdiccion especial,99998,28.3741,-80.74209722,Peaton,El primer evento no fue una colision con un vehiculo automotor en transporte,Not an Intersection,No fue interseccion,Sobre calle,Ninguna,Oscuro con iluminacion,Despejado,No,NO APLICA,99,99,99,99,1,28/11/2022,1
12,Florida,123495,1,1,1,0,11,BROWARD (11),2570,POMPANO BEACH,9,Septiembre,28,2022,16,15,SR-834 E SAMPLE RD,3,Highway estatal,Urbano,Arteria Principal,State Highway Agency,1,Sin jurisdiccion especial,99999,26.27516389,-80.11440556,Peaton,El primer evento no fue una colision con un vehiculo automotor en transporte,Not an Intersection,No fue interseccion,Sobre calle,Ninguna,Dia total,Despejado,No,NO APLICA,99,99,99,99,1,28/09/2022,2
12,Florida,123496,0,0,1,0,97,OSCEOLA (97),0,NO APLICA,12,Diciembre,26,2022,6,50,CR-522 OSCEOLA PKWY,4,Calle del Condado,Urbano,Arteria Principal,County Highway Agency,1,Servicio de Parques Nacional,99998,28.34559444,-81.53001944,Poste de Señal de trafico,El primer evento no fue una colision con un vehiculo automotor en transporte,Four-Way Intersection,Interseccion de 4 direcciones,Sobre el lado de la calle,Ninguna,Dia total,Despejado,No,NO APLICA,99,99,99,99,1,26/12/2022,1
12,Florida,123497,1,1,1,0,11,BROWARD (11),2948,TAMARAC,3,Marzo,7,2022,9,55,ROCK ISLAND RD,6,Calle Local Municipalidad,Rural,Colector Menor,Not Reported,0,Sin jurisdiccion especial,99999,26.17984444,-80.21963611,Ciclista,El primer evento no fue una colision con un vehiculo automotor en transporte,Not an Intersection,No fue interseccion,Sobre calle,Ninguna,Reportada como desconocida,Despejado,No,NO APLICA,99,99,99,99,1,07/03/2022,1
12,Florida,123498,0,0,1,0,11,BROWARD (11),2260,OAKLAND PARK,6,Junio,7,2022,14,29,62ND ST,6,Calle Local Municipalidad,Urbano,Colector Mayor,Not Reported,0,Sin jurisdiccion especial,99998,26.20366944,-80.132375,Vehiculo Ferrocarril,El primer evento no fue una colision con un vehiculo automotor en transporte,Not an Intersection,No fue interseccion,Sobre calle,Ninguna,Dia total,lluvia,No,272536F,99,99,99,99,1,07/06/2022,1
12,Florida,123499,1,1,1,0,11,BROWARD (11),2948,TAMARAC,11,Noviembre,15,2022,8,30,W COMMERCIAL BLVD,6,Calle Local Municipalidad,Urbano,Arteria Principal,City or Municipal Highway Agency,1,Sin jurisdiccion especial,99998,26.19369167,-80.25245,Peaton,El primer evento no fue una colision con un vehiculo automotor en transporte,T-Intersection,Interseccion de T,Sobre calle,Ninguna,Dia total,Despejado,No,NO APLICA,99,99,99,99,1,15/11/2022,1
12,Florida,123500,0,0,3,0,99,PALM BEACH (99),820,DELRAY BEACH,9,Septiembre,2,2022,17,10,10TH ST,6,Calle Local Municipalidad,Urbano,Colector Mayor,City or Municipal Highway Agency,0,Sin jurisdiccion especial,99998,26.44693056,-80.08935278,Vehiculo en movimiento,Angulo,T-Intersection,Interseccion de T,Sobre calle,Ninguna,Dia total,Despejado,No,NO APLICA,99,99,99,99,1,02/09/2022,5
12,Florida,123502,0,0,2,0,57,HILLSBOROUGH (57),2950,TAMPA,11,Noviembre,10,2022,18,40,US-92,2,US Highway,Urbano,Arteria Principal,State Highway Agency,1,Sin jurisdiccion especial,99999,27.99635833,-82.50252222,Alguien se cayo/avento del vehiculo,El primer evento no fue una colision con un vehiculo automotor en transporte,Not an Intersection,No fue interseccion,Sobre calle,Ninguna,Oscuro con iluminacion,Nublado,No,NO APLICA,99,99,99,99,1,10/11/2022,3
12,Florida,123503,0,0,2,0,86,MIAMI-DADE (86),0,NO APLICA,12,Diciembre,16,2022,20,40,SR-924 NW 119TH ST,3,Highway estatal,Urbano,Arteria Principal,State Highway Agency,1,Sin jurisdiccion especial,99998,25.88281667,-80.23483056,Vehiculo en movimiento,Angulo,Four-Way Intersection,Interseccion de 4 direcciones,Sobre calle,Ninguna,Oscuro con iluminacion,Despejado,No,NO APLICA,99,98,99,98,1,16/12/2022,6
12,Florida,123504,0,0,2,0,15,CHARLOTTE (15),0,NO APLICA,2,Febrero,22,2022,6,46,COCHRAN BLVD,6,Calle Local Municipalidad,Urbano,Arteria Menor,State Highway Agency,0,Sin jurisdiccion especial,99998,27.01575,-82.133675,Vehiculo en movimiento,Angulo,Four-Way Intersection,Interseccion de 4 direcciones,Sobre calle,Ninguna,Dia total,Despejado,No,NO APLICA,99,99,99,99,1,22/02/2022,2
12,Florida,123505,1,1,1,0,11,BROWARD (11),1781,LAUDERDALE LAKES,10,Octubre,16,2022,21,4,NW 31ST AVE,6,Calle Local Municipalidad,Urbano,Colector Mayor,City or Municipal Highway Agency,0,Sin jurisdiccion especial,99998,26.15803889,-80.18701667,Peaton,El primer evento no fue una colision con un vehiculo automotor en transporte,Not an Intersection,No fue interseccion,Sobre calle,Ninguna,Oscuro con iluminacion,Despejado,No,NO APLICA,99,99,99,99,1,16/10/2022,1
12,Florida,123507,1,1,1,0,86,MIAMI-DADE (86),0,NO APLICA,1,Enero,16,2022,0,30,SW 187TH TER,6,Calle Local Municipalidad,Urbano,Local,City or Municipal Highway Agency,0,Sin jurisdiccion especial,99998,25.59288056,-80.33761667,Peaton,El primer evento no fue una colision con un vehiculo automotor en transporte,Not an Intersection,No fue interseccion,Fuera de la calle,Ninguna,Oscuro sin iluminacion,Despejado,No,NO APLICA,99,99,99,99,1,16/01/2022,0
12,Florida,123508,3,3,2,0,71,LEE (71),457,CAPE CORAL,6,Junio,22,2022,13,58,DEL PRADO BLVD S,6,Calle Local Municipalidad,Urbano,Arteria Principal,City or Municipal Highway Agency,0,Sin jurisdiccion especial,99998,26.62072222,-81.93786111,Peaton,El primer evento no fue una colision con un vehiculo automotor en transporte,Not an Intersection,No fue interseccion,Sobre calle,Ninguna,Dia total,Despejado,No,NO APLICA,99,99,99,99,1,22/06/2022,3
12,Florida,123509,0,0,2,0,19,CLAY (19),0,NO APLICA,12,Diciembre,1,2022,18,50,FILMORE ST,8,Otro,Urbano,Local,County Highway Agency,0,Sin jurisdiccion especial,99998,30.14837778,-81.75630278,Vehiculo en movimiento,Angulo,Four-Way Intersection,Interseccion de 4 direcciones,Sobre calle,Ninguna,Oscuro con iluminacion,Despejado,No,NO APLICA,99,99,99,99,1,01/12/2022,3
12,Florida,123510,1,1,1,0,86,MIAMI-DADE (86),0,NO APLICA,12,Diciembre,26,2022,19,34,SW 147TH CT,8,Otro,Urbano,Local,County Highway Agency,0,Sin jurisdiccion especial,99998,25.59996111,-80.43103333,Peaton,El primer evento no fue una colision con un vehiculo automotor en transporte,Not an Intersection,No fue interseccion,Sobre calle,Ninguna,Oscuro sin iluminacion,lluvia,No,NO APLICA,99,99,99,99,1,26/12/2022,1
12,Florida,123512,0,0,1,0,29,DIXIE (29),720,CROSS CITY,2,Febrero,13,2022,18,25,NE 351 HWY,8,Otro,Rural,Colector Mayor,County Highway Agency,0,Sin jurisdiccion especial,99998,29.64092778,-83.12323333,Arbol,El primer evento no fue una colision con un vehiculo automotor en transporte,Not an Intersection,No fue interseccion,Sobre el lado de la calle,Ninguna,Dia total,lluvia,No,NO APLICA,99,99,99,99,1,13/02/2022,1
12,Florida,123513,1,1,1,0,103,PINELLAS (103),2730,SAINT PETERSBURG,3,Marzo,18,2022,6,35,28TH ST N,6,Calle Local Municipalidad,Urbano,Colector Mayor,Not Reported,0,Sin jurisdiccion especial,99998,27.86486667,-82.67163611,Peaton,El primer evento no fue una colision con un vehiculo automotor en transporte,Not an Intersection,No fue interseccion,Sobre calle,Ninguna,Oscuro sin iluminacion,Despejado,No,NO APLICA,99,99,99,99,1,18/03/2022,1
12,Florida,123514,0,0,2,0,117,SEMINOLE (117),1840,LONGWOOD,7,Julio,28,2022,15,19,US-17,2,US Highway,Urbano,Arteria Principal,State Highway Agency,1,Sin jurisdiccion especial,99998,28.68569167,-81.33260278,Vehiculo en movimiento,Angulo,T-Intersection,Interseccion de T,Sobre calle,Ninguna,Dia total,Despejado,No,NO APLICA,99,99,99,99,1,28/07/2022,7
12,Florida,123515,0,0,2,0,105,POLK (105),0,NO APLICA,10,Octubre,29,2022,11,40,N COMBEE RD,6,Calle Local Municipalidad,Rural,Local,Town or Township Highway Agency,0,Sin jurisdiccion especial,99998,28.09230556,-81.90563056,Vehiculo en movimiento,Frente a frente,T-Intersection,Interseccion de T,Sobre calle,Ninguna,Dia total,Despejado,No,NO APLICA,99,99,99,99,1,29/10/2022,3
12,Florida,123516,1,1,2,1,73,LEON (73),2940,TALLAHASSEE,9,Septiembre,21,2022,8,0,GAMBLE ST,6,Calle Local Municipalidad,Urbano,Local,Town or Township Highway Agency,0,Sin jurisdiccion especial,99999,30.428775,-84.28785833,Peaton,El primer evento no fue una colision con un vehiculo automotor en transporte,Not an Intersection,No fue interseccion,Sobre calle,Ninguna,Amanecer,Despejado,No,NO APLICA,99,99,99,99,1,21/09/2022,1
13,Georgia,130001,0,0,1,0,245,RICHMOND (245),310,AUGUSTA,2,Febrero,3,2022,7,12,CR-150100/WRIGHTSBORO RD,4,Calle del Condado,Urbano,Arteria Principal,Other Local Agency,1,Sin jurisdiccion especial,23,33.46445833,-82.09175556,Banqueta,El primer evento no fue una colision con un vehiculo automotor en transporte,Not an Intersection,No fue interseccion,Sobre el lado de la calle,Ninguna,Oscuro con iluminacion,Despejado,No,NO APLICA,7,18,7,23,1,03/02/2022,1
13,Georgia,130002,0,1,2,1,179,LIBERTY (179),4640,RICEBORO,2,Febrero,1,2022,14,27,I-95,1,Interestatal,Rural,Interestatal,State Highway Agency,1,Sin jurisdiccion especial,44,31.70648611,-81.39026944,Vehiculo Aparcado,El primer evento no fue una colision con un vehiculo automotor en transporte,Not an Intersection,No fue interseccion,Sobre Acotamiento,Ninguna,Dia total,Despejado,No,NO APLICA,14,33,14,45,1,01/02/2022,1
13,Georgia,130003,0,0,1,0,57,CHEROKEE (57),0,NO APLICA,1,Enero,1,2022,0,25,CR-104800/HIDDEN BRANCHES TRL,4,Calle del Condado,Rural,Local,County Highway Agency,0,Sin jurisdiccion especial,7,34.21510278,-84.45634722,Volcadura,El primer evento no fue una colision con un vehiculo automotor en transporte,Not an Intersection,No fue interseccion,Sobre calle,Ninguna,Oscuro sin iluminacion,Neblina o Humo,No,NO APLICA,0,26,0,29,1,01/01/2022,3