Estado,Nombre de Estado,Numero de Caso,Peatones,Personas _no_vehiculos,Vehiculos automotores,Vehiculos estacionados,Condado,Nombre Condado,Ciudad,Nombre Ciudad,Mes,Nombre Mes,Dia,Año,Hora,Minuto,Calle,Ruta,Nombre Ruta,Rural o Urbanoo,Sistema Funcional,Dueño Calle,Sistema Nacional Carreteras,Jurisdiccion Especial,Milla,Latitud,Longitud,Causa del Accidente,Tipo de Accidente,Tipo Interseccion,Columna1,Lugar en la calle,Zona de Trabajo,Luz,Clima,Autobus Escolar,Cruce de Trenes,Hora Notificacion,Minuto Notificacion,Hora Llegada,Minuto Llegada,Decesos,Fecha,PersonaVehiculo
13,Georgia,130004,1,1,1,0,255,SPALDING (255),0,NO APLICA,1,Enero,26,2022,18,56,CR-016600/PATTERSON RD,4,Calle del Condado,Urbano,Local,County Highway Agency,0,Sin jurisdiccion especial,16,33.33754167,-84.32119167,Peaton,El primer evento no fue una colision con un vehiculo automotor en transporte,Not an Intersection,No fue interseccion,Sobre Acotamiento,Ninguna,Oscuro sin iluminacion,Despejado,No,NO APLICA,18,48,19,4,1,26/01/2022,1
13,Georgia,130005,0,0,1,0,97,DOUGLAS (97),0,NO APLICA,2,Febrero,2,2022,6,47,SR-92,3,Highway estatal,Urbano,Arteria Principal,State Highway Agency,1,Sin jurisdiccion especial,88,33.749625,-84.71040556,Banqueta,El primer evento no fue una colision con un vehiculo automotor en transporte,Four-Way Intersection,Interseccion de 4 direcciones,Sobre el lado de la calle,Ninguna,Oscuro sin iluminacion,Despejado,No,NO APLICA,6,47,6,55,1,02/02/2022,1
13,Georgia,130006,1,1,1,0,89,DEKALB (89),0,NO APLICA,1,Enero,11,2022,19,56,SR-120 COVINGTON HWY,3,Highway estatal,Urbano,Arteria Menor,State Highway Agency,0,Sin jurisdiccion especial,15,33.75753333,-84.2391,Peaton,El primer evento no fue una colision con un vehiculo automotor en transporte,Not an Intersection,No fue interseccion,Sobre calle,Ninguna,Oscuro sin iluminacion,Despejado,No,NO APLICA,19,56,20,4,1,11/01/2022,1
13,Georgia,130007,0,0,1,0,9,BALDWIN (9),0,NO APLICA,1,Enero,4,2022,17,36,CR-014800/MT PLEASANT CHURCH R,4,Calle del Condado,Rural,Colector Menor,County Highway Agency,0,Sin jurisdiccion especial,4,32.97568333,-83.23930278,Volcadura,El primer evento no fue una colision con un vehiculo automotor en transporte,Not an Intersection,No fue interseccion,Sobre calle,Ninguna,Dia total,Despejado,No,NO APLICA,17,37,17,51,1,04/01/2022,1
13,Georgia,130008,1,1,1,0,89,DEKALB (89),9997,Other,1,Enero,31,2022,6,0,CR-068000/MARBUT RD,4,Calle del Condado,Urbano,Colector Mayor,County Highway Agency,0,Sin jurisdiccion especial,10,33.72654167,-84.12417778,Peaton,El primer evento no fue una colision con un vehiculo automotor en transporte,Not an Intersection,No fue interseccion,No reportado,Ninguna,Oscuro sin iluminacion,Despejado,No,NO APLICA,7,48,7,50,1,31/01/2022,1
13,Georgia,130009,0,0,1,0,297,WALTON (297),0,NO APLICA,1,Enero,30,2022,1,21,SR-20,3,Highway estatal,Urbano,Arteria Menor,State Highway Agency,0,Sin jurisdiccion especial,69,33.78191111,-83.96933889,Buzon de correo,El primer evento no fue una colision con un vehiculo automotor en transporte,Not an Intersection,No fue interseccion,Sobre el lado de la calle,Ninguna,Oscuro sin iluminacion,Despejado,No,NO APLICA,1,22,1,37,1,30/01/2022,1
13,Georgia,130010,0,0,1,0,289,TWIGGS (289),0,NO APLICA,1,Enero,29,2022,17,35,CR-010800 ELSHARAH CHURCH RD,4,Calle del Condado,Rural,Local,County Highway Agency,0,Sin jurisdiccion especial,10,32.53235,-83.35333611,Arbol,El primer evento no fue una colision con un vehiculo automotor en transporte,Not an Intersection,No fue interseccion,Sobre el lado de la calle,Ninguna,Dia total,Despejado,No,NO APLICA,17,16,17,38,1,29/01/2022,3
13,Georgia,130011,0,0,1,0,75,COOK (75),0,NO APLICA,1,Enero,29,2022,9,55,CR-006000,4,Calle del Condado,Rural,Local,County Highway Agency,0,Sin jurisdiccion especial,20,31.25955556,-83.44884722,Volcadura,El primer evento no fue una colision con un vehiculo automotor en transporte,Not an Intersection,No fue interseccion,Sobre calle,Ninguna,Dia total,Despejado,No,NO APLICA,10,3,10,28,1,29/01/2022,1
13,Georgia,130012,0,0,1,0,209,MONTGOMERY (209),0,NO APLICA,1,Enero,28,2022,19,19,SR-30,3,Highway estatal,Rural,Arteria Principal,State Highway Agency,1,Sin jurisdiccion especial,52,32.179875,-82.55269722,Acotamiento,El primer evento no fue una colision con un vehiculo automotor en transporte,Not an Intersection,No fue interseccion,Sobre el lado de la calle,Ninguna,Oscuro sin iluminacion,Despejado,No,NO APLICA,19,19,19,30,1,28/01/2022,1
13,Georgia,130013,0,0,2,0,61,CLAY (61),0,NO APLICA,1,Enero,28,2022,17,41,SR-37,3,Highway estatal,Rural,Arteria Principal,State Highway Agency,0,Sin jurisdiccion especial,126,31.60046667,-84.84430556,Vehiculo en movimiento,Angulo,Four-Way Intersection,Interseccion de 4 direcciones,Sobre calle,Ninguna,Atardecer,Despejado,No,NO APLICA,17,44,17,53,1,28/01/2022,2
13,Georgia,130014,1,1,1,0,277,TIFT (277),0,NO APLICA,1,Enero,28,2022,3,46,CR-034300/CENTRAL AVE,4,Calle del Condado,Urbano,Arteria Menor,County Highway Agency,0,Sin jurisdiccion especial,4,31.43571389,-83.51692778,Peaton,El primer evento no fue una colision con un vehiculo automotor en transporte,T-Intersection,Interseccion de T,Sobre calle,Ninguna,Oscuro con iluminacion,Despejado,No,NO APLICA,3,52,4,0,1,28/01/2022,1
13,Georgia,130015,0,0,2,0,153,HOUSTON (153),5790,WARNER ROBINS,1,Enero,26,2022,2,32,SR-96,3,Highway estatal,Urbano,Arteria Principal,State Highway Agency,0,Sin jurisdiccion especial,50,32.55457222,-83.63689167,Vehiculo en movimiento,Frente a frente,Four-Way Intersection,Interseccion de 4 direcciones,Sobre calle,Ninguna,Oscuro sin iluminacion,Despejado,No,NO APLICA,2,33,2,40,1,26/01/2022,4
13,Georgia,130016,0,0,1,0,245,RICHMOND (245),310,AUGUSTA,1,Enero,29,2022,22,34,I-520,1,Interestatal,Urbano,Interestatal,State Highway Agency,1,Sin jurisdiccion especial,30,33.45124167,-82.07399722,Culvert,El primer evento no fue una colision con un vehiculo automotor en transporte,Not an Intersection,No fue interseccion,Sobre el lado de la calle,Ninguna,Oscuro con iluminacion,Despejado,No,NO APLICA,22,37,22,39,1,29/01/2022,1
13,Georgia,130017,0,0,1,0,245,RICHMOND (245),310,AUGUSTA,1,Enero,29,2022,12,1,CR-161500,4,Calle del Condado,Urbano,Arteria Menor,County Highway Agency,0,Sin jurisdiccion especial,7,33.44865833,-81.98906667,Barda,El primer evento no fue una colision con un vehiculo automotor en transporte,Not an Intersection,No fue interseccion,Fuera de la calle,Ninguna,Dia total,Despejado,No,NO APLICA,12,3,12,17,1,29/01/2022,1
13,Georgia,130018,0,0,2,0,157,JACKSON (157),2920,JEFFERSON,1,Enero,28,2022,20,15,SR-82,3,Highway estatal,Urbano,Colector Mayor,State Highway Agency,0,Sin jurisdiccion especial,132,34.18499722,-83.58985833,Vehiculo en movimiento,Angulo,Four-Way Intersection,Interseccion de 4 direcciones,Sobre calle,Ninguna,Oscuro sin iluminacion,Despejado,No,NO APLICA,20,12,20,21,2,28/01/2022,5
13,Georgia,130019,1,1,1,0,313,WHITFIELD (313),0,NO APLICA,1,Enero,27,2022,21,33,SR-3,3,Highway estatal,Urbano,Arteria Menor,State Highway Agency,0,Sin jurisdiccion especial,216,34.80167778,-85.01352778,Peaton,El primer evento no fue una colision con un vehiculo automotor en transporte,Not an Intersection,No fue interseccion,Sobre calle,Ninguna,Dia total,Despejado,No,NO APLICA,21,33,21,38,1,27/01/2022,1
13,Georgia,130020,0,0,1,0,149,HEARD (149),0,NO APLICA,1,Enero,27,2022,16,48,CR-021300,4,Calle del Condado,Rural,Colector Mayor,County Highway Agency,0,Sin jurisdiccion especial,21,33.30367222,-84.98318056,Acotamiento,El primer evento no fue una colision con un vehiculo automotor en transporte,Not an Intersection,No fue interseccion,Sobre el lado de la calle,Ninguna,Dia total,Despejado,No,NO APLICA,16,52,16,59,1,27/01/2022,1
13,Georgia,130021,1,1,2,0,103,EFFINGHAM (103),5130,SPRINGFIELD,1,Enero,27,2022,11,0,SR-21,3,Highway estatal,Rural,Arteria Principal,State Highway Agency,1,Sin jurisdiccion especial,102,32.35052778,-81.28978056,Vehiculo en movimiento,Frente a Detrás,Not an Intersection,No fue interseccion,Sobre calle,Ninguna,Dia total,Despejado,No,NO APLICA,11,0,11,5,1,27/01/2022,1
13,Georgia,130022,0,0,1,0,31,BULLOCH (31),0,NO APLICA,1,Enero,27,2022,7,45,SR-119,3,Highway estatal,Rural,Colector Mayor,State Highway Agency,0,Sin jurisdiccion especial,39,32.30934167,-81.49385,Arbol,El primer evento no fue una colision con un vehiculo automotor en transporte,Not an Intersection,No fue interseccion,Sobre el lado de la calle,Ninguna,Dia total,Despejado,No,NO APLICA,7,44,8,2,1,27/01/2022,1
13,Georgia,130024,0,0,1,0,175,LAURENS (175),0,NO APLICA,1,Enero,26,2022,15,19,SR-257,3,Highway estatal,Rural,Colector Mayor,State Highway Agency,0,Sin jurisdiccion especial,19,32.43072222,-83.10774444,Culvert,El primer evento no fue una colision con un vehiculo automotor en transporte,Not an Intersection,No fue interseccion,Sobre el lado de la calle,Ninguna,Dia total,Despejado,No,NO APLICA,15,25,15,35,1,26/01/2022,1
13,Georgia,130025,1,1,1,0,143,HARALSON (143),0,NO APLICA,1,Enero,25,2022,18,16,SR-1 ALABAMA AVE,3,Highway estatal,Urbano,Colector Mayor,State Highway Agency,0,Sin jurisdiccion especial,7,33.70988056,-85.14136667,Peaton,El primer evento no fue una colision con un vehiculo automotor en transporte,Not an Intersection,No fue interseccion,Sobre calle,Ninguna,Dia total,Nublado,No,NO APLICA,18,18,18,29,1,25/01/2022,1
13,Georgia,130026,1,1,1,0,89,DEKALB (89),9997,Other,1,Enero,27,2022,19,15,PR-061600/HILLANDALE DR,8,Otro,Urbano,Colector Mayor,County Highway Agency,0,Sin jurisdiccion especial,14,33.70677778,-84.16858889,Peaton,El primer evento no fue una colision con un vehiculo automotor en transporte,Not an Intersection,No fue interseccion,Sobre calle,Ninguna,Oscuro con iluminacion,Despejado,No,NO APLICA,19,24,19,27,1,27/01/2022,1
13,Georgia,130027,0,0,2,0,313,WHITFIELD (313),0,NO APLICA,1,Enero,26,2022,13,40,SR-71,3,Highway estatal,Urbano,Arteria Menor,State Highway Agency,0,Sin jurisdiccion especial,21,34.82347222,-84.94518611,Vehiculo en movimiento,Frente a frente,Not an Intersection,No fue interseccion,Sobre calle,Ninguna,Dia total,Despejado,No,NO APLICA,13,37,13,40,1,26/01/2022,3
13,Georgia,130029,0,0,1,0,65,CLINCH (65),0,NO APLICA,1,Enero,25,2022,20,23,SR-38,3,Highway estatal,Rural,Arteria Principal,State Highway Agency,1,Sin jurisdiccion especial,115,31.02223056,-82.79951667,Zanja,El primer evento no fue una colision con un vehiculo automotor en transporte,Not an Intersection,No fue interseccion,Sobre el lado de la calle,Ninguna,Oscuro sin iluminacion,Nublado,No,NO APLICA,20,25,20,33,1,25/01/2022,1
13,Georgia,130030,0,0,2,0,285,TROUP (285),3050,LA GRANGE,1,Enero,25,2022,16,58,CR-096900/PEGASUS PKWY W,4,Calle del Condado,Urbano,Arteria Menor,County Highway Agency,0,Sin jurisdiccion especial,8,33.02741944,-85.08573056,Vehiculo en movimiento,Angulo,Four-Way Intersection,Interseccion de 4 direcciones,Sobre calle,Ninguna,Dia total,Nublado,No,NO APLICA,16,58,17,11,1,25/01/2022,2
13,Georgia,130031,0,0,2,0,321,WORTH (321),0,NO APLICA,1,Enero,24,2022,8,50,SR-520,3,Highway estatal,Rural,Arteria Principal,State Highway Agency,1,Sin jurisdiccion especial,66,31.54052778,-83.87287778,Vehiculo en movimiento,Frente a frente,Not an Intersection,No fue interseccion,Sobre calle,Ninguna,Dia total,Despejado,No,NO APLICA,8,58,9,10,2,24/01/2022,2
13,Georgia,130032,0,0,1,0,155,IRWIN (155),0,NO APLICA,1,Enero,23,2022,3,40,CR-026000 FIVE BRIDGES RD,4,Calle del Condado,Rural,Colector Mayor,County Highway Agency,0,Sin jurisdiccion especial,0,31.4764,-83.34533611,Fin de valla,El primer evento no fue una colision con un vehiculo automotor en transporte,Not an Intersection,No fue interseccion,Sobre el lado de la calle,Ninguna,Oscuro - iluminacion desconocida,Despejado,No,NO APLICA,13,18,13,30,1,23/01/2022,1
13,Georgia,130033,0,0,1,0,117,FORSYTH (117),0,NO APLICA,1,Enero,23,2022,3,2,CR-014900/MARTIN RD,4,Calle del Condado,Urbano,Local,County Highway Agency,0,Sin jurisdiccion especial,16,34.28034722,-84.08371389,Arbol,El primer evento no fue una colision con un vehiculo automotor en transporte,Not an Intersection,No fue interseccion,Sobre el lado de la calle,Ninguna,Oscuro sin iluminacion,Despejado,No,NO APLICA,3,4,3,6,1,23/01/2022,1
13,Georgia,130034,1,1,1,0,47,CATOOSA (47),4680,RINGGOLD,1,Enero,22,2022,20,0,SR-3,3,Highway estatal,Urbano,Arteria Principal,State Highway Agency,0,Sin jurisdiccion especial,20,34.88932222,-85.07298333,Peaton,El primer evento no fue una colision con un vehiculo automotor en transporte,T-Intersection,Interseccion de T,Sobre calle,Ninguna,Oscuro sin iluminacion,Despejado,No,NO APLICA,20,14,20,21,1,22/01/2022,4
13,Georgia,130035,0,0,1,0,151,HENRY (151),5210,STOCKBRIDGE,1,Enero,21,2022,17,56,CR-007600 VALLEY HILL RD,4,Calle del Condado,Urbano,Colector Mayor,County Highway Agency,0,Sin jurisdiccion especial,3,33.56802778,-84.25571111,Poste,El primer evento no fue una colision con un vehiculo automotor en transporte,Not an Intersection,No fue interseccion,Sobre el lado de la calle,Ninguna,Oscuro sin iluminacion,lluvia,No,NO APLICA,18,0,18,7,1,21/01/2022,4
13,Georgia,130036,0,0,2,0,63,CLAYTON (63),0,NO APLICA,1,Enero,15,2022,5,27,I-675,1,Interestatal,Urbano,Interestatal,State Highway Agency,1,Sin jurisdiccion especial,14,33.56942222,-84.27444722,Vehiculo en movimiento,Golpe Lateral - misma direccion,Not an Intersection,No fue interseccion,Sobre calle,Ninguna,Oscuro sin iluminacion,Despejado,No,NO APLICA,6,0,6,8,1,15/01/2022,4
13,Georgia,130037,1,1,2,0,121,FULTON (121),280,ATLANTA,1,Enero,14,2022,5,28,I-75,1,Interestatal,Urbano,Interestatal,State Highway Agency,1,Sin jurisdiccion especial,96,33.774725,-84.39013611,Vehiculo en movimiento,Frente a Detrás,Not an Intersection,No fue interseccion,Sobre calle,Ninguna,Oscuro sin iluminacion,Despejado,No,NO APLICA,5,31,5,35,1,14/01/2022,2
13,Georgia,130038,1,1,1,0,121,FULTON (121),280,ATLANTA,1,Enero,14,2022,0,15,I-20 RAMP,1,Interestatal,Urbano,Interestatal,State Highway Agency,1,Sin jurisdiccion especial,4,33.74546389,-84.39632778,Peaton,El primer evento no fue una colision con un vehiculo automotor en transporte,Not an Intersection,No fue interseccion,Sobre calle,Ninguna,Oscuro con iluminacion,Nublado,No,NO APLICA,0,23,0,25,1,14/01/2022,1
13,Georgia,130039,0,0,1,0,89,DEKALB (89),9997,Other,1,Enero,30,2022,16,11,CR-868300/KLONDIKE RD,4,Calle del Condado,Urbano,Arteria Menor,County Highway Agency,0,Sin jurisdiccion especial,26,33.66569167,-84.12268056,Valla Ferrocarril,El primer evento no fue una colision con un vehiculo automotor en transporte,Not an Intersection,No fue interseccion,Sobre el lado de la calle,Ninguna,Dia total,Despejado,No,NO APLICA,16,15,16,24,2,30/01/2022,2
13,Georgia,130040,0,0,1,0,105,ELBERT (105),0,NO APLICA,1,Enero,25,2022,6,53,SR-368,3,Highway estatal,Rural,Arteria Menor,State Highway Agency,0,Sin jurisdiccion especial,94,34.25140556,-82.76453056,Arbol,El primer evento no fue una colision con un vehiculo automotor en transporte,Not an Intersection,No fue interseccion,Sobre el lado de la calle,Ninguna,Oscuro sin iluminacion,Despejado,No,NO APLICA,7,10,7,25,1,25/01/2022,1
13,Georgia,130041,0,0,1,0,153,HOUSTON (153),5790,WARNER ROBINS,1,Enero,21,2022,0,51,CS-076215 RICHARD B RUSSELL PK,6,Calle Local Municipalidad,Urbano,Arteria Principal,City or Municipal Highway Agency,1,Sin jurisdiccion especial,4,32.593925,-83.64554722,Banqueta,El primer evento no fue una colision con un vehiculo automotor en transporte,Not an Intersection,No fue interseccion,Sobre el lado de la calle,Ninguna,Oscuro sin iluminacion,Nublado,No,NO APLICA,0,52,0,53,2,21/01/2022,2
13,Georgia,130043,0,0,2,0,121,FULTON (121),0,NO APLICA,1,Enero,12,2022,8,4,CR-374000/OAKLEY INDUSTRIAL BL,4,Calle del Condado,Urbano,Colector Mayor,State Highway Agency,0,Sin jurisdiccion especial,4,33.54270278,-84.57152222,Vehiculo en movimiento,Angulo,T-Intersection,Interseccion de T,Sobre calle,Ninguna,Dia total,Despejado,No,NO APLICA,8,11,8,18,1,12/01/2022,2
13,Georgia,130044,0,0,1,0,59,CLARKE (59),270,ATHENS,1,Enero,20,2022,12,9,CR-083900/S LUMPKIN ST,4,Calle del Condado,Urbano,Arteria Menor,County Highway Agency,0,Sin jurisdiccion especial,6,33.92716667,-83.38962778,Volcadura,El primer evento no fue una colision con un vehiculo automotor en transporte,Not an Intersection,No fue interseccion,Sobre el lado de la calle,Ninguna,Dia total,lluvia,No,NO APLICA,12,12,12,18,1,20/01/2022,2
13,Georgia,130045,1,1,1,0,121,FULTON (121),1250,COLLEGE PARK,1,Enero,18,2022,23,55,SR-279,3,Highway estatal,Urbano,Arteria Menor,State Highway Agency,0,Sin jurisdiccion especial,49,33.61910278,-84.47314722,Peaton,El primer evento no fue una colision con un vehiculo automotor en transporte,Not an Intersection,No fue interseccion,Sobre calle,Ninguna,Oscuro con iluminacion,Despejado,No,NO APLICA,0,4,0,10,1,18/01/2022,1
13,Georgia,130046,1,1,1,0,261,SUMTER (261),170,AMERICUS,1,Enero,14,2022,8,17,US-280/SR-30 E FORSYTH ST,2,US Highway,Urbano,Arteria Principal,State Highway Agency,1,Sin jurisdiccion especial,148,32.07058333,-84.20795556,Peaton,El primer evento no fue una colision con un vehiculo automotor en transporte,T-Intersection,Interseccion de T,Sobre calle,Ninguna,Dia total,Nublado,No,NO APLICA,8,18,8,24,1,14/01/2022,2
13,Georgia,130047,0,0,2,0,67,COBB (67),3440,MARIETTA,1,Enero,10,2022,15,34,SR-92/ALABAMA RD,3,Highway estatal,Urbano,Arteria Principal,State Highway Agency,1,Sin jurisdiccion especial,291,34.06633333,-84.42471111,Vehiculo en movimiento,Frente a frente,Four-Way Intersection,Interseccion de 4 direcciones,Sobre calle,Ninguna,Dia total,Despejado,No,NO APLICA,15,34,15,43,1,10/01/2022,4
13,Georgia,130048,0,0,1,0,157,JACKSON (157),0,NO APLICA,1,Enero,8,2022,21,44,SR-98,3,Highway estatal,Rural,Arteria Menor,State Highway Agency,0,Sin jurisdiccion especial,17,34.24266667,-83.53586944,Volcadura,El primer evento no fue una colision con un vehiculo automotor en transporte,Not an Intersection,No fue interseccion,Sobre el lado de la calle,Ninguna,Oscuro sin iluminacion,Despejado,No,NO APLICA,21,46,21,58,1,08/01/2022,3
13,Georgia,130049,0,0,1,0,247,ROCKDALE (247),0,NO APLICA,1,Enero,21,2022,23,20,CR-016700 OLD SALEM RD,4,Calle del Condado,Urbano,Arteria Menor,County Highway Agency,0,Sin jurisdiccion especial,20,33.62499722,-83.99814722,Banqueta,El primer evento no fue una colision con un vehiculo automotor en transporte,Not an Intersection,No fue interseccion,Sobre el lado de la calle,Ninguna,Oscuro sin iluminacion,Nublado,No,NO APLICA,23,20,23,25,1,21/01/2022,1
13,Georgia,130050,0,0,1,0,185,LOWNDES (185),5680,VALDOSTA,1,Enero,21,2022,21,48,CS-127313 MADISON HWY,6,Calle Local Municipalidad,Urbano,Colector Mayor,City or Municipal Highway Agency,0,Sin jurisdiccion especial,13,30.80254444,-83.27393889,Poste,El primer evento no fue una colision con un vehiculo automotor en transporte,Not an Intersection,No fue interseccion,Sobre el lado de la calle,Ninguna,Oscuro con iluminacion,lluvia,No,NO APLICA,21,50,21,55,1,21/01/2022,1
13,Georgia,130051,1,1,1,0,141,HANCOCK (141),0,NO APLICA,1,Enero,20,2022,20,10,SR-22 MILLEDGEVILLE,3,Highway estatal,Urbano,Arteria Menor,State Highway Agency,0,Sin jurisdiccion especial,37,33.19624722,-83.07835,Peaton,El primer evento no fue una colision con un vehiculo automotor en transporte,Not an Intersection,No fue interseccion,Sobre calle,Ninguna,Oscuro sin iluminacion,lluvia,No,NO APLICA,20,13,20,37,1,20/01/2022,2
13,Georgia,130052,1,1,1,0,11,BANKS (11),0,NO APLICA,1,Enero,20,2022,8,19,SR-15,3,Highway estatal,Urbano,Arteria Principal,State Highway Agency,1,Sin jurisdiccion especial,1,34.24415278,-83.45834722,Peaton,El primer evento no fue una colision con un vehiculo automotor en transporte,Not an Intersection,No fue interseccion,Sobre Acotamiento,Ninguna,Dia total,lluvia,No,NO APLICA,8,23,8,27,1,20/01/2022,1
13,Georgia,130053,0,0,2,0,9,BALDWIN (9),3620,MILLEDGEVILLE,1,Enero,20,2022,6,50,SR-24,3,Highway estatal,Urbano,Arteria Principal,State Highway Agency,1,Sin jurisdiccion especial,201,33.14908333,-83.27344722,Vehiculo en movimiento,Frente a Detrás,T-Intersection,Interseccion de T,Sobre calle,Ninguna,Oscuro sin iluminacion,Nublado,No,NO APLICA,6,54,7,0,1,20/01/2022,2
13,Georgia,130054,0,0,1,0,89,DEKALB (89),0,NO APLICA,1,Enero,19,2022,22,28,I-85,1,Interestatal,Urbano,Interestatal,State Highway Agency,1,Sin jurisdiccion especial,42,33.86304722,-84.2901,Arbol,El primer evento no fue una colision con un vehiculo automotor en transporte,Not an Intersection,No fue interseccion,Gore?,Ninguna,Oscuro sin iluminacion,Despejado,No,NO APLICA,22,29,22,38,1,19/01/2022,2
13,Georgia,130055,0,0,2,0,119,FRANKLIN (119),0,NO APLICA,1,Enero,18,2022,7,52,SR-51,3,Highway estatal,Rural,Colector Mayor,State Highway Agency,0,Sin jurisdiccion especial,20,34.36681667,-83.35613333,Vehiculo en movimiento,Angulo,T-Intersection,Interseccion de T,Sobre calle,Ninguna,Dia total,Despejado,No,NO APLICA,7,55,8,11,1,18/01/2022,2
13,Georgia,130057,0,0,1,0,123,GILMER (123),0,NO APLICA,1,Enero,16,2022,20,13,US-76/SR-5,2,US Highway,Rural,Arterial Principal -Freeway o ExpressWay,State Highway Agency,1,Sin jurisdiccion especial,149,34.73766944,-84.42289722,Arbol,El primer evento no fue una colision con un vehiculo automotor en transporte,Not an Intersection,No fue interseccion,En el medio,Ninguna,Oscuro sin iluminacion,Nieve,No,NO APLICA,20,21,20,23,1,16/01/2022,1
13,Georgia,130058,0,0,2,0,63,CLAYTON (63),0,NO APLICA,1,Enero,15,2022,5,34,I-75,1,Interestatal,Urbano,Interestatal,State Highway Agency,1,Sin jurisdiccion especial,103,33.64156111,-84.40019444,Vehiculo en movimiento,Frente a Detrás,Not an Intersection,No fue interseccion,Sobre calle,Ninguna,Oscuro con iluminacion,Despejado,No,NO APLICA,6,7,6,15,1,15/01/2022,2
13,Georgia,130059,0,0,3,0,255,SPALDING (255),0,NO APLICA,1,Enero,14,2022,6,49,SR-362,3,Highway estatal,Rural,Arteria Menor,State Highway Agency,0,Sin jurisdiccion especial,7,33.19726111,-84.343675,Vehiculo en movimiento,Frente a Detrás,Not an Intersection,No fue interseccion,Sobre calle,Ninguna,Oscuro sin iluminacion,Despejado,No,NO APLICA,6,46,6,53,1,14/01/2022,3
13,Georgia,130060,0,0,1,0,117,FORSYTH (117),0,NO APLICA,1,Enero,14,2022,1,40,CR-008500/BUFORD DAM RD,4,Calle del Condado,Urbano,Arteria Menor,County Highway Agency,0,Sin jurisdiccion especial,12,34.1783,-84.08230833,Culvert,El primer evento no fue una colision con un vehiculo automotor en transporte,Not an Intersection,No fue interseccion,Sobre el lado de la calle,Ninguna,Oscuro sin iluminacion,Despejado,No,NO APLICA,1,35,1,45,1,14/01/2022,1
13,Georgia,130061,0,0,2,0,77,COWETA (77),0,NO APLICA,1,Enero,12,2022,13,40,SR-16,3,Highway estatal,Rural,Arteria Menor,State Highway Agency,0,Sin jurisdiccion especial,298,33.27368889,-84.53037222,Vehiculo en movimiento,Golpe Lateral - direccion contraria,Not an Intersection,No fue interseccion,Sobre calle,Ninguna,Dia total,Despejado,No,NO APLICA,13,42,13,44,1,12/01/2022,2
13,Georgia,130062,0,0,1,0,89,DEKALB (89),1140,CLARKSTON,2,Febrero,9,2022,7,22,US-78 STONE MOUNTAIN FWY,2,US Highway,Urbano,Arterial Principal -Freeway o ExpressWay,State Highway Agency,1,Sin jurisdiccion especial,32,33.82831111,-84.22723056,Barrera de Cable,El primer evento no fue una colision con un vehiculo automotor en transporte,Not an Intersection,No fue interseccion,En el medio,Ninguna,Dia total,Despejado,No,NO APLICA,7,22,7,27,1,09/02/2022,1
13,Georgia,130063,0,0,2,0,245,RICHMOND (245),310,AUGUSTA,2,Febrero,8,2022,17,43,I-520,1,Interestatal,Urbano,Interestatal,State Highway Agency,1,Sin jurisdiccion especial,97,33.40470556,-81.99078056,Vehiculo en movimiento,Frente a Detrás,Not an Intersection,No fue interseccion,Sobre calle,Ninguna,Dia total,Despejado,No,NO APLICA,17,44,17,51,1,08/02/2022,2
13,Georgia,130064,0,0,1,0,129,GORDON (129),0,NO APLICA,2,Febrero,7,2022,0,10,I-75,1,Interestatal,Rural,Interestatal,State Highway Agency,1,Sin jurisdiccion especial,132,34.58177222,-84.95219167,Valla Ferrocarril,El primer evento no fue una colision con un vehiculo automotor en transporte,Not an Intersection,No fue interseccion,Sobre el lado de la calle,Ninguna,Oscuro sin iluminacion,Despejado,No,NO APLICA,0,16,0,24,1,07/02/2022,1
13,Georgia,130065,0,0,2,0,121,FULTON (121),4882,SANDY SPRINGS,2,Febrero,6,2022,5,27,SR-400,3,Highway estatal,Urbano,Arterial Principal -Freeway o ExpressWay,State Highway Agency,1,Sin jurisdiccion especial,136,34.00512222,-84.33277222,Vehiculo en movimiento,Frente a frente,Not an Intersection,No fue interseccion,Sobre calle,Ninguna,Oscuro sin iluminacion,Despejado,No,NO APLICA,5,32,5,38,2,06/02/2022,2
13,Georgia,130066,0,0,1,0,89,DEKALB (89),1815,DUNWOODY,2,Febrero,6,2022,5,25,I-285,1,Interestatal,Urbano,Interestatal,State Highway Agency,1,Sin jurisdiccion especial,29,33.92018333,-84.297025,Volcadura,El primer evento no fue una colision con un vehiculo automotor en transporte,Not an Intersection,No fue interseccion,Sobre calle,Ninguna,Oscuro sin iluminacion,Despejado,No,NO APLICA,5,42,5,48,1,06/02/2022,2
13,Georgia,130067,1,1,3,0,139,HALL (139),2285,GAINESVILLE,2,Febrero,5,2022,22,30,I-985,1,Interestatal,Urbano,Interestatal,State Highway Agency,1,Sin jurisdiccion especial,120,34.2582,-83.82223611,Vehiculo en movimiento,Detrás a Lado. ,Not an Intersection,No fue interseccion,Sobre calle,Ninguna,Oscuro sin iluminacion,Despejado,No,NO APLICA,22,30,22,36,1,05/02/2022,2
13,Georgia,130068,1,1,1,0,193,MACON (193),3720,MONTEZUMA,2,Febrero,5,2022,19,55,SR-26,3,Highway estatal,Urbano,Arteria Menor,State Highway Agency,0,Sin jurisdiccion especial,130,32.29351389,-84.02498611,Peaton,El primer evento no fue una colision con un vehiculo automotor en transporte,T-Intersection,Interseccion de T,Sobre calle,Ninguna,Oscuro con iluminacion,Nublado,No,NO APLICA,19,51,19,52,1,05/02/2022,1