Estado,Nombre de Estado,Numero de Caso,Peatones,Personas _no_vehiculos,Vehiculos automotores,Vehiculos estacionados,Condado,Nombre Condado,Ciudad,Nombre Ciudad,Mes,Nombre Mes,Dia,Año,Hora,Minuto,Calle,Ruta,Nombre Ruta,Rural o Urbanoo,Sistema Funcional,Dueño Calle,Sistema Nacional Carreteras,Jurisdiccion Especial,Milla,Latitud,Longitud,Causa del Accidente,Tipo de Accidente,Tipo Interseccion,Columna1,Lugar en la calle,Zona de Trabajo,Luz,Clima,Autobus Escolar,Cruce de Trenes,Hora Notificacion,Minuto Notificacion,Hora Llegada,Minuto Llegada,Decesos,Fecha,PersonaVehiculo
13,Georgia,130069,1,1,1,0,129,GORDON (129),0,NO APLICA,2,Febrero,5,2022,19,19,SR-53,3,Highway estatal,Rural,Arteria Menor,State Highway Agency,0,Sin jurisdiccion especial,13,34.40798056,-85.01218056,Ciclista,El primer evento no fue una colision con un vehiculo automotor en transporte,Not an Intersection,No fue interseccion,"Izquierda continua, carril de vuelta",Ninguna,Oscuro sin iluminacion,Nublado,No,NO APLICA,19,21,19,30,1,05/02/2022,1
13,Georgia,130070,1,1,1,0,89,DEKALB (89),0,NO APLICA,2,Febrero,5,2022,12,46,SR-001000/MEMORIAL DR,3,Highway estatal,Urbano,Arteria Principal,State Highway Agency,0,Sin jurisdiccion especial,74,33.780625,-84.23823889,Peaton,El primer evento no fue una colision con un vehiculo automotor en transporte,Not an Intersection,No fue interseccion,Sobre calle,Ninguna,Dia total,Despejado,No,NO APLICA,12,46,12,50,1,05/02/2022,2
13,Georgia,130071,0,0,1,0,185,LOWNDES (185),0,NO APLICA,2,Febrero,5,2022,3,40,CR-004400 RADAR SITE RD,4,Calle del Condado,Urbano,Colector Mayor,County Highway Agency,0,Sin jurisdiccion especial,11,30.97453889,-83.23930556,Buzon de correo,El primer evento no fue una colision con un vehiculo automotor en transporte,Not an Intersection,No fue interseccion,Sobre el lado de la calle,Ninguna,Oscuro sin iluminacion,Nublado,No,NO APLICA,3,28,3,40,1,05/02/2022,1
13,Georgia,130072,0,0,2,0,89,DEKALB (89),0,NO APLICA,2,Febrero,4,2022,17,0,CR-010100,4,Calle del Condado,Urbano,Local,County Highway Agency,0,Sin jurisdiccion especial,4,33.71255,-84.31053889,Vehiculo en movimiento,Frente a frente,Not an Intersection,No fue interseccion,Sobre calle,Ninguna,Dia total,Despejado,No,NO APLICA,17,0,17,22,1,04/02/2022,4
13,Georgia,130073,0,0,2,0,115,FLOYD (115),0,NO APLICA,2,Febrero,4,2022,10,53,CR-008500,4,Calle del Condado,Rural,Local,County Highway Agency,0,Sin jurisdiccion especial,6,34.153525,-85.07641389,Vehiculo en movimiento,Frente a frente,Not an Intersection,No fue interseccion,Sobre calle,Ninguna,Dia total,Nublado,No,NO APLICA,10,55,11,11,1,04/02/2022,2
13,Georgia,130074,0,0,1,0,143,HARALSON (143),0,NO APLICA,2,Febrero,4,2022,10,10,CR-034200/ROCKMART RD,4,Calle del Condado,Rural,Colector Mayor,County Highway Agency,0,Sin jurisdiccion especial,122,33.89036389,-85.09038056,Arbol,El primer evento no fue una colision con un vehiculo automotor en transporte,Not an Intersection,No fue interseccion,Sobre el lado de la calle,Ninguna,Dia total,Nublado,No,NO APLICA,10,14,10,31,1,04/02/2022,1
13,Georgia,130075,0,0,2,0,289,TWIGGS (289),0,NO APLICA,2,Febrero,4,2022,9,7,CR-019800/FOUNTAIN RD,4,Calle del Condado,Rural,Colector Mayor,County Highway Agency,0,Sin jurisdiccion especial,3,32.78228333,-83.34649444,Vehiculo en movimiento,Frente a frente,Not an Intersection,No fue interseccion,Sobre calle,Ninguna,Dia total,Despejado,No,NO APLICA,9,20,9,40,1,04/02/2022,2
13,Georgia,130076,0,0,1,0,95,DOUGHERTY (95),90,ALBANY,2,Febrero,4,2022,1,42,CS-155101/DAWSON RD,6,Calle Local Municipalidad,Urbano,Arteria Principal,City or Municipal Highway Agency,1,Sin jurisdiccion especial,26,31.59411389,-84.19423889,Poste,El primer evento no fue una colision con un vehiculo automotor en transporte,Not an Intersection,No fue interseccion,Sobre el lado de la calle,Ninguna,Oscuro sin iluminacion,Despejado,No,NO APLICA,1,45,1,52,1,04/02/2022,4
13,Georgia,130077,0,0,2,0,35,BUTTS (35),2890,JACKSON,2,Febrero,3,2022,16,15,SR-42,3,Highway estatal,Rural,Arteria Menor,State Highway Agency,0,Sin jurisdiccion especial,123,33.32540278,-84.00193611,Vehiculo en movimiento,Angulo,T-Intersection,Interseccion de T,Sobre calle,Ninguna,Dia total,lluvia,No,NO APLICA,16,11,16,15,1,03/02/2022,2
13,Georgia,130078,0,0,1,0,311,WHITE (311),0,NO APLICA,2,Febrero,3,2022,15,38,CR-00400/WEBSTER LAKE RD,4,Calle del Condado,Rural,Colector Menor,County Highway Agency,0,Sin jurisdiccion especial,19,34.52941667,-83.65649167,Volcadura,El primer evento no fue una colision con un vehiculo automotor en transporte,Not an Intersection,No fue interseccion,Sobre el lado de la calle,Ninguna,Dia total,lluvia,No,NO APLICA,15,33,15,42,1,03/02/2022,2
13,Georgia,130079,0,0,2,0,77,COWETA (77),0,NO APLICA,2,Febrero,3,2022,15,28,SR-16,3,Highway estatal,Urbano,Arteria Menor,State Highway Agency,0,Sin jurisdiccion especial,55,33.41305,-84.8443,Vehiculo en movimiento,Frente a frente,Not an Intersection,No fue interseccion,Sobre calle,Ninguna,Dia total,lluvia,No,NO APLICA,15,34,15,35,1,03/02/2022,2
13,Georgia,130080,0,0,1,0,135,GWINNETT (135),0,NO APLICA,2,Febrero,2,2022,23,0,SR-8 WINDER HWY,3,Highway estatal,Urbano,Arteria Menor,State Highway Agency,0,Sin jurisdiccion especial,173,33.97844167,-83.93933333,Barda,El primer evento no fue una colision con un vehiculo automotor en transporte,Not an Intersection,No fue interseccion,Sobre el lado de la calle,Ninguna,Oscuro con iluminacion,lluvia,No,NO APLICA,23,23,23,28,1,02/02/2022,1
13,Georgia,130081,1,1,1,0,121,FULTON (121),280,ATLANTA,2,Febrero,2,2022,21,49,I-20,1,Interestatal,Urbano,Interestatal,State Highway Agency,1,Sin jurisdiccion especial,79,33.74124444,-84.40714167,Peaton,El primer evento no fue una colision con un vehiculo automotor en transporte,Not an Intersection,No fue interseccion,Sobre calle,Ninguna,Oscuro con iluminacion,lluvia,No,NO APLICA,21,52,22,1,1,02/02/2022,1
13,Georgia,130082,0,0,3,0,169,JONES (169),2460,GRAY,2,Febrero,2,2022,20,41,CR-00100/GRAHAM RD,4,Calle del Condado,Rural,Colector Menor,County Highway Agency,0,Sin jurisdiccion especial,60,32.92291667,-83.60755,Vehiculo en movimiento,Angulo,Not an Intersection,No fue interseccion,Sobre calle,Ninguna,Oscuro sin iluminacion,Despejado,No,NO APLICA,20,43,20,48,1,02/02/2022,4
13,Georgia,130083,0,0,3,0,67,COBB (67),0,NO APLICA,2,Febrero,2,2022,19,57,SR-280,3,Highway estatal,Urbano,Arteria Menor,State Highway Agency,0,Sin jurisdiccion especial,120,33.920625,-84.50949722,Vehiculo en movimiento,Frente a frente,Not an Intersection,No fue interseccion,Sobre calle,Ninguna,Oscuro sin iluminacion,lluvia,No,NO APLICA,20,0,20,4,1,02/02/2022,5
13,Georgia,130084,0,0,3,0,113,FAYETTE (113),4278,PEACHTREE CITY,1,Enero,31,2022,19,30,CS-59707,6,Calle Local Municipalidad,Urbano,Local,City or Municipal Highway Agency,0,Sin jurisdiccion especial,21,33.37521944,-84.56385,Vehiculo en movimiento,Angulo,Not an Intersection,No fue interseccion,Sobre calle,Ninguna,Oscuro sin iluminacion,Despejado,No,NO APLICA,19,33,19,34,1,31/01/2022,4
13,Georgia,130085,0,0,2,0,137,HABERSHAM (137),0,NO APLICA,1,Enero,31,2022,17,2,SR-105,3,Highway estatal,Rural,Arteria Menor,State Highway Agency,0,Sin jurisdiccion especial,76,34.57043889,-83.58713333,Vehiculo en movimiento,Frente a frente,Not an Intersection,No fue interseccion,Sobre calle,Ninguna,Dia total,Nublado,No,NO APLICA,17,3,17,15,1,31/01/2022,2
13,Georgia,130086,0,0,1,0,133,GREENE (133),0,NO APLICA,1,Enero,31,2022,0,23,SR-15,3,Highway estatal,Rural,Arteria Menor,State Highway Agency,0,Sin jurisdiccion especial,40,33.502625,-83.03990556,Poste de Señal de trafico,El primer evento no fue una colision con un vehiculo automotor en transporte,Not an Intersection,No fue interseccion,Sobre el lado de la calle,Ninguna,Oscuro sin iluminacion,Despejado,No,NO APLICA,0,23,0,45,1,31/01/2022,1
13,Georgia,130087,1,1,1,0,153,HOUSTON (153),0,NO APLICA,1,Enero,30,2022,18,26,SR-247,3,Highway estatal,Urbano,Arteria Menor,State Highway Agency,0,Sin jurisdiccion especial,134,32.54816111,-83.596975,Peaton,El primer evento no fue una colision con un vehiculo automotor en transporte,Four-Way Intersection,Interseccion de 4 direcciones,Sobre calle,Ninguna,Oscuro sin iluminacion,Despejado,No,NO APLICA,18,38,18,43,1,30/01/2022,1
13,Georgia,130088,0,0,2,0,297,WALTON (297),5090,SOCIAL CIRCLE,1,Enero,28,2022,21,16,I-20,1,Interestatal,Rural,Interestatal,State Highway Agency,1,Sin jurisdiccion especial,2,33.60839167,-83.69391667,Vehiculo en movimiento,Frente a frente,Not an Intersection,No fue interseccion,Sobre calle,Ninguna,Oscuro sin iluminacion,Despejado,No,NO APLICA,21,16,21,28,2,28/01/2022,3
13,Georgia,130089,0,0,1,0,185,LOWNDES (185),5680,VALDOSTA,1,Enero,15,2022,0,41,CS-132313/LAKE LAURIE DR,6,Calle Local Municipalidad,Urbano,Local,City or Municipal Highway Agency,0,Sin jurisdiccion especial,11,30.8974,-83.28355556,Poste de Señal de trafico,El primer evento no fue una colision con un vehiculo automotor en transporte,Not an Intersection,No fue interseccion,Sobre el lado de la calle,Ninguna,Oscuro con iluminacion,Despejado,No,NO APLICA,0,41,0,46,1,15/01/2022,1
13,Georgia,130090,0,0,3,0,217,NEWTON (217),0,NO APLICA,1,Enero,12,2022,2,6,SR-20,3,Highway estatal,Urbano,Arteria Menor,State Highway Agency,0,Sin jurisdiccion especial,22,33.52936667,-84.02847222,Vehiculo en movimiento,Frente a frente,Not an Intersection,No fue interseccion,Sobre calle,Ninguna,Oscuro sin iluminacion,Despejado,No,NO APLICA,2,6,2,12,3,12/01/2022,4
13,Georgia,130092,0,0,2,0,267,TATTNALL (267),0,NO APLICA,1,Enero,11,2022,14,1,SR-152,3,Highway estatal,Rural,Arteria Menor,State Highway Agency,0,Sin jurisdiccion especial,30,32.28016111,-82.178325,Vehiculo en movimiento,Frente a frente,Not an Intersection,No fue interseccion,Sobre calle,Ninguna,Dia total,Despejado,No,NO APLICA,14,10,14,19,1,11/01/2022,2
13,Georgia,130093,0,0,2,0,185,LOWNDES (185),0,NO APLICA,1,Enero,11,2022,11,29,SR-38,3,Highway estatal,Rural,Arterial Principal -Freeway o ExpressWay,State Highway Agency,1,Sin jurisdiccion especial,189,30.87788056,-83.15606944,Vehiculo en movimiento,Frente a Detrás,Not an Intersection,No fue interseccion,Sobre calle,Ninguna,Dia total,Despejado,No,NO APLICA,11,36,11,46,1,11/01/2022,2
13,Georgia,130094,0,0,1,0,317,WILKES (317),0,NO APLICA,1,Enero,11,2022,5,19,SR-17,3,Highway estatal,Rural,Arteria Principal,State Highway Agency,0,Sin jurisdiccion especial,149,33.78783333,-82.75609444,Poste de Señal de trafico,El primer evento no fue una colision con un vehiculo automotor en transporte,Not an Intersection,No fue interseccion,Sobre el lado de la calle,Ninguna,Oscuro sin iluminacion,Despejado,No,NO APLICA,5,20,5,28,1,11/01/2022,1
13,Georgia,130095,0,0,1,0,119,FRANKLIN (119),0,NO APLICA,1,Enero,11,2022,1,17,CR-016800/HALE CROSSING RD,4,Calle del Condado,Rural,Local,County Highway Agency,0,Sin jurisdiccion especial,4,34.27503056,-83.203525,Zanja,El primer evento no fue una colision con un vehiculo automotor en transporte,Not an Intersection,No fue interseccion,Sobre el lado de la calle,Ninguna,Oscuro sin iluminacion,Nublado,No,NO APLICA,1,23,1,32,1,11/01/2022,1
13,Georgia,130096,1,1,1,0,89,DEKALB (89),5580,TUCKER,1,Enero,11,2022,1,15,US-78/SR-410,2,US Highway,Urbano,Arterial Principal -Freeway o ExpressWay,State Highway Agency,1,Sin jurisdiccion especial,43,33.83460556,-84.20816667,Peaton,El primer evento no fue una colision con un vehiculo automotor en transporte,Not an Intersection,No fue interseccion,Sobre calle,Ninguna,Oscuro sin iluminacion,Despejado,No,NO APLICA,1,24,1,30,1,11/01/2022,1
13,Georgia,130097,0,0,1,0,51,CHATHAM (51),4910,SAVANNAH,1,Enero,10,2022,23,31,CS-075507/WHEATON ST,6,Calle Local Municipalidad,Urbano,Arteria Menor,City or Municipal Highway Agency,0,Sin jurisdiccion especial,19,32.06283889,-81.07777222,Banqueta,El primer evento no fue una colision con un vehiculo automotor en transporte,T-Intersection,Interseccion de T,Sobre el lado de la calle,Ninguna,Oscuro con iluminacion,Despejado,No,NO APLICA,23,31,23,43,1,10/01/2022,2
13,Georgia,130098,1,1,1,0,67,COBB (67),0,NO APLICA,1,Enero,10,2022,21,21,CR-169800/PAT MELL RD,4,Calle del Condado,Urbano,Local,County Highway Agency,0,Sin jurisdiccion especial,8,33.90229444,-84.5641,Peaton,El primer evento no fue una colision con un vehiculo automotor en transporte,Four-Way Intersection,Interseccion de 4 direcciones,Sobre calle,Ninguna,Oscuro con iluminacion,Despejado,No,NO APLICA,21,23,21,27,1,10/01/2022,1
13,Georgia,130099,0,0,1,0,103,EFFINGHAM (103),0,NO APLICA,2,Febrero,7,2022,14,47,SR-17,3,Highway estatal,Rural,Colector Mayor,State Highway Agency,0,Sin jurisdiccion especial,284,32.51041111,-81.51035278,Poste de Señal de trafico,El primer evento no fue una colision con un vehiculo automotor en transporte,Not an Intersection,No fue interseccion,Sobre el lado de la calle,Ninguna,Dia total,Nublado,No,NO APLICA,14,53,15,5,1,07/02/2022,1
13,Georgia,130100,0,0,1,0,121,FULTON (121),2060,FAIRBURN,2,Febrero,8,2022,11,56,I-85,1,Interestatal,Urbano,Interestatal,State Highway Agency,1,Sin jurisdiccion especial,26,33.53550833,-84.59710556,Arbol,El primer evento no fue una colision con un vehiculo automotor en transporte,Not an Intersection,No fue interseccion,Sobre el lado de la calle,Ninguna,Dia total,Despejado,No,NO APLICA,12,3,12,20,1,08/02/2022,2
13,Georgia,130101,0,0,2,0,17,BEN HILL (17),0,NO APLICA,2,Febrero,8,2022,11,32,SR-11,3,Highway estatal,Urbano,Arteria Principal,State Highway Agency,1,Sin jurisdiccion especial,37,31.70190278,-83.25207222,Vehiculo en movimiento,Frente a frente,Not an Intersection,No fue interseccion,Sobre calle,Ninguna,Dia total,Nublado,No,NO APLICA,11,36,11,40,1,08/02/2022,3
13,Georgia,130102,0,0,1,0,303,WASHINGTON (303),0,NO APLICA,2,Febrero,7,2022,17,15,SR-68,3,Highway estatal,Rural,Colector Mayor,State Highway Agency,0,Sin jurisdiccion especial,100,32.88763333,-82.82646111,Arbol,El primer evento no fue una colision con un vehiculo automotor en transporte,Not an Intersection,No fue interseccion,Sobre el lado de la calle,Ninguna,Atardecer,lluvia,No,NO APLICA,17,15,17,24,1,07/02/2022,1
13,Georgia,130103,0,0,1,0,207,MONROE (207),0,NO APLICA,2,Febrero,6,2022,0,31,I-75 RAMP,1,Interestatal,Urbano,Interestatal,State Highway Agency,1,Sin jurisdiccion especial,2,33.16577778,-84.03851111,Volcadura,El primer evento no fue una colision con un vehiculo automotor en transporte,Not an Intersection,No fue interseccion,Sobre el lado de la calle,Ninguna,Oscuro sin iluminacion,Despejado,No,NO APLICA,0,42,0,51,4,06/02/2022,6
13,Georgia,130104,1,1,1,0,97,DOUGLAS (97),0,NO APLICA,1,Enero,30,2022,9,58,I-20,1,Interestatal,Urbano,Interestatal,State Highway Agency,1,Sin jurisdiccion especial,53,33.71814444,-84.81914167,Peaton,El primer evento no fue una colision con un vehiculo automotor en transporte,Not an Intersection,No fue interseccion,Sobre calle,Ninguna,Dia total,Despejado,No,NO APLICA,9,58,10,5,1,30/01/2022,1
13,Georgia,130105,0,0,2,0,89,DEKALB (89),1610,DECATUR,2,Febrero,11,2022,19,35,CR-518600,4,Calle del Condado,Urbano,Arteria Principal,County Highway Agency,1,Sin jurisdiccion especial,67,33.71663889,-84.21532222,Vehiculo en movimiento,Angulo,Not an Intersection,No fue interseccion,Sobre calle,Ninguna,Oscuro con iluminacion,Despejado,No,NO APLICA,19,38,19,44,1,11/02/2022,4
13,Georgia,130106,1,1,1,0,89,DEKALB (89),9997,Other,2,Febrero,10,2022,21,43,SR-120 COVINGTON HWY,3,Highway estatal,Urbano,Arteria Menor,State Highway Agency,0,Sin jurisdiccion especial,80,33.71739722,-84.14477222,Peaton,El primer evento no fue una colision con un vehiculo automotor en transporte,Not an Intersection,No fue interseccion,Sobre calle,Ninguna,Oscuro sin iluminacion,Despejado,No,NO APLICA,21,50,21,55,1,10/02/2022,1
13,Georgia,130107,0,0,2,0,185,LOWNDES (185),0,NO APLICA,2,Febrero,11,2022,6,37,CR-078000,4,Calle del Condado,Rural,Colector Mayor,County Highway Agency,0,Sin jurisdiccion especial,34,30.69166111,-83.34514722,Vehiculo en movimiento,Frente a frente,Not an Intersection,No fue interseccion,Sobre calle,Ninguna,Amanecer,Despejado,No,NO APLICA,6,38,6,53,1,11/02/2022,2
13,Georgia,130108,0,0,2,0,97,DOUGLAS (97),0,NO APLICA,2,Febrero,9,2022,20,51,SR-61,3,Highway estatal,Urbano,Arteria Menor,State Highway Agency,0,Sin jurisdiccion especial,0,33.761475,-84.90132222,Vehiculo en movimiento,Frente a frente,Not an Intersection,No fue interseccion,Sobre calle,Ninguna,Oscuro sin iluminacion,Despejado,No,NO APLICA,20,51,21,3,1,09/02/2022,2
13,Georgia,130109,0,0,1,0,143,HARALSON (143),0,NO APLICA,2,Febrero,9,2022,20,47,CR-050400/THOMAS RD,4,Calle del Condado,Rural,Local,County Highway Agency,0,Sin jurisdiccion especial,2,33.678575,-85.29799444,Volcadura,El primer evento no fue una colision con un vehiculo automotor en transporte,Not an Intersection,No fue interseccion,Sobre el lado de la calle,Ninguna,Oscuro sin iluminacion,Despejado,No,NO APLICA,20,47,20,58,1,09/02/2022,1
13,Georgia,130110,0,0,2,0,21,BIBB (21),3390,MACON,1,Enero,18,2022,22,50,CR-513800/RIDGE AVE,4,Calle del Condado,Urbano,Local,County Highway Agency,0,Sin jurisdiccion especial,16,32.85378889,-83.67609167,Vehiculo en movimiento,Frente a frente,Four-Way Intersection,Interseccion de 4 direcciones,Sobre calle,Ninguna,Oscuro sin iluminacion,Despejado,No,NO APLICA,22,51,22,56,1,18/01/2022,3
13,Georgia,130111,0,0,1,0,217,NEWTON (217),0,NO APLICA,1,Enero,10,2022,7,23,CR-003700/FAIRVIEW RD,4,Calle del Condado,Urbano,Colector Mayor,County Highway Agency,0,Sin jurisdiccion especial,6,33.61254167,-83.935825,Arbol,El primer evento no fue una colision con un vehiculo automotor en transporte,Not an Intersection,No fue interseccion,Sobre el lado de la calle,Ninguna,Oscuro sin iluminacion,Despejado,No,NO APLICA,7,23,7,27,1,10/01/2022,1
13,Georgia,130112,0,0,1,0,135,GWINNETT (135),0,NO APLICA,1,Enero,9,2022,22,21,CR-041700/KILLIAN HILL RD,4,Calle del Condado,Urbano,Arteria Menor,County Highway Agency,0,Sin jurisdiccion especial,13,33.86941944,-84.1014,Buzon de correo,El primer evento no fue una colision con un vehiculo automotor en transporte,Not an Intersection,No fue interseccion,Sobre el lado de la calle,Ninguna,Oscuro sin iluminacion,lluvia,No,NO APLICA,22,23,22,32,1,09/01/2022,1
13,Georgia,130113,0,0,2,0,107,EMANUEL (107),0,NO APLICA,1,Enero,9,2022,12,39,CR-02000/NEW HOPE CHURCH RD,4,Calle del Condado,Rural,Local,County Highway Agency,0,Sin jurisdiccion especial,2,32.51299722,-82.32084444,Vehiculo en movimiento,Frente a frente,Not an Intersection,No fue interseccion,Sobre calle,Ninguna,Dia total,Despejado,No,NO APLICA,12,41,12,54,1,09/01/2022,3
13,Georgia,130114,0,0,2,0,121,FULTON (121),0,NO APLICA,1,Enero,8,2022,10,2,SR-70,3,Highway estatal,Rural,Arteria Menor,State Highway Agency,0,Sin jurisdiccion especial,241,33.69675556,-84.60703333,Vehiculo en movimiento,Angulo,Four-Way Intersection,Interseccion de 4 direcciones,Sobre calle,Ninguna,Dia total,Despejado,No,NO APLICA,11,10,11,20,1,08/01/2022,2
13,Georgia,130115,1,1,1,0,67,COBB (67),3440,MARIETTA,1,Enero,8,2022,3,38,I-75,1,Interestatal,Urbano,Interestatal,State Highway Agency,1,Sin jurisdiccion especial,60,33.944075,-84.50908333,Peaton,El primer evento no fue una colision con un vehiculo automotor en transporte,Not an Intersection,No fue interseccion,Sobre calle,Ninguna,Oscuro sin iluminacion,Despejado,No,NO APLICA,3,38,3,44,1,08/01/2022,2
13,Georgia,130116,0,0,2,1,89,DEKALB (89),9997,Other,1,Enero,8,2022,2,49,I-20 ENTRANCE RAMP,1,Interestatal,Urbano,Interestatal,State Highway Agency,1,Sin jurisdiccion especial,0,33.70273889,-84.16972222,Vehiculo Aparcado,El primer evento no fue una colision con un vehiculo automotor en transporte,Not an Intersection,No fue interseccion,Sobre Acotamiento,Ninguna,Oscuro sin iluminacion,Despejado,No,NO APLICA,2,57,3,10,1,08/01/2022,1
13,Georgia,130117,0,0,1,0,21,BIBB (21),3390,MACON,2,Febrero,12,2022,15,50,CR-071500 KNOXVILLE RD,4,Calle del Condado,Rural,Colector Mayor,County Highway Agency,0,Sin jurisdiccion especial,20,32.78214722,-83.81198333,Buzon de correo,El primer evento no fue una colision con un vehiculo automotor en transporte,Not an Intersection,No fue interseccion,Sobre el lado de la calle,Ninguna,Dia total,Nublado,No,NO APLICA,17,22,17,41,1,12/02/2022,1
13,Georgia,130118,1,1,1,0,227,PICKENS (227),2910,JASPER,2,Febrero,14,2022,0,35,SR-5,3,Highway estatal,Urbano,Arteria Principal,State Highway Agency,1,Sin jurisdiccion especial,58,34.44511111,-84.44414722,Peaton,El primer evento no fue una colision con un vehiculo automotor en transporte,Not an Intersection,No fue interseccion,Sobre calle,Ninguna,Oscuro sin iluminacion,Despejado,No,NO APLICA,0,41,0,50,1,14/02/2022,1
13,Georgia,130119,0,0,1,0,63,CLAYTON (63),2180,FOREST PARK,2,Febrero,13,2022,3,8,SR-42,3,Highway estatal,Urbano,Arteria Menor,State Highway Agency,0,Sin jurisdiccion especial,66,33.64468333,-84.32578611,Objeto fijo desconocido,El primer evento no fue una colision con un vehiculo automotor en transporte,Not an Intersection,No fue interseccion,En el medio,Ninguna,Oscuro sin iluminacion,Despejado,No,NO APLICA,3,20,3,28,1,13/02/2022,1
13,Georgia,130120,0,0,1,0,77,COWETA (77),0,NO APLICA,2,Febrero,10,2022,22,15,SR-34,3,Highway estatal,Urbano,Arteria Principal,State Highway Agency,1,Sin jurisdiccion especial,207,33.39931389,-84.65759444,Volcadura,El primer evento no fue una colision con un vehiculo automotor en transporte,Not an Intersection,No fue interseccion,Sobre calle,Ninguna,Oscuro sin iluminacion,Despejado,No,NO APLICA,22,16,22,20,1,10/02/2022,1
13,Georgia,130121,0,0,2,0,33,BURKE (33),9997,Other,2,Febrero,10,2022,18,55,CR-001500,4,Calle del Condado,Rural,Local,County Highway Agency,0,Sin jurisdiccion especial,57,33.24474444,-82.15528333,Vehiculo en movimiento,Angulo,Not an Intersection,No fue interseccion,Sobre calle,Ninguna,Oscuro con iluminacion,Despejado,No,NO APLICA,18,33,18,44,1,10/02/2022,2
13,Georgia,130122,0,0,2,0,21,BIBB (21),3390,MACON,1,Enero,20,2022,0,38,I-75 EXIT RAMP,1,Interestatal,Urbano,Interestatal,State Highway Agency,1,Sin jurisdiccion especial,8,32.75013333,-83.71548611,Vehiculo en movimiento,Frente a Detrás,Not an Intersection,No fue interseccion,Sobre calle,Ninguna,Oscuro con iluminacion,Despejado,No,NO APLICA,0,38,0,47,1,20/01/2022,2
13,Georgia,130123,0,0,2,0,185,LOWNDES (185),0,NO APLICA,1,Enero,7,2022,15,48,SR-122,3,Highway estatal,Rural,Arteria Menor,State Highway Agency,0,Sin jurisdiccion especial,12,30.99653333,-83.43831389,Vehiculo en movimiento,Angulo,Not an Intersection,No fue interseccion,Sobre calle,Ninguna,Dia total,Despejado,No,NO APLICA,15,49,15,54,1,07/01/2022,2
13,Georgia,130124,1,1,1,0,63,CLAYTON (63),4690,RIVERDALE,1,Enero,7,2022,5,35,SR-85,3,Highway estatal,Urbano,Arteria Principal,State Highway Agency,1,Sin jurisdiccion especial,54,33.59278333,-84.40831944,Peaton,El primer evento no fue una colision con un vehiculo automotor en transporte,Not an Intersection,No fue interseccion,Sobre calle,Ninguna,Oscuro sin iluminacion,Despejado,No,NO APLICA,5,40,5,48,1,07/01/2022,1
13,Georgia,130125,0,0,2,0,15,BARTOW (15),0,NO APLICA,1,Enero,6,2022,14,40,SR-20,3,Highway estatal,Urbano,Arteria Principal,State Highway Agency,1,Sin jurisdiccion especial,165,34.20673333,-84.77633611,Vehiculo en movimiento,Frente a frente,Not an Intersection,No fue interseccion,Sobre calle,Ninguna,Dia total,lluvia,No,NO APLICA,14,41,14,51,1,06/01/2022,2
13,Georgia,130126,0,0,2,0,301,WARREN (301),0,NO APLICA,1,Enero,6,2022,7,37,I-20,1,Interestatal,Rural,Interestatal,State Highway Agency,1,Sin jurisdiccion especial,39,33.50390556,-82.75858889,Vehiculo en movimiento,Frente a frente,Not an Intersection,No fue interseccion,Sobre calle,Ninguna,Dia total,Despejado,No,NO APLICA,7,38,7,52,1,06/01/2022,3
13,Georgia,130127,0,0,1,0,277,TIFT (277),0,NO APLICA,1,Enero,6,2022,2,0,CR-042400,4,Calle del Condado,Rural,Colector Mayor,County Highway Agency,0,Sin jurisdiccion especial,55,31.35428056,-83.50458889,Acotamiento,El primer evento no fue una colision con un vehiculo automotor en transporte,T-Intersection,Interseccion de T,Sobre el lado de la calle,Ninguna,Oscuro sin iluminacion,Despejado,No,NO APLICA,9,22,9,56,1,06/01/2022,1
13,Georgia,130128,0,0,2,0,121,FULTON (121),5640,UNION CITY,1,Enero,5,2022,9,17,SR-14,3,Highway estatal,Urbano,Arteria Principal,State Highway Agency,1,Sin jurisdiccion especial,127,33.61904722,-84.52895278,Vehiculo en movimiento,Frente a Detrás,Not an Intersection,No fue interseccion,Sobre calle,Ninguna,Dia total,Despejado,No,NO APLICA,9,18,9,26,1,05/01/2022,2
13,Georgia,130129,0,0,1,0,75,COOK (75),0,NO APLICA,1,Enero,5,2022,8,59,CS-085501/ NORTH ELM STREET,6,Calle Local Municipalidad,Urbano,Arteria Menor,City or Municipal Highway Agency,0,Sin jurisdiccion especial,5,31.14087222,-83.43395556,Culvert,El primer evento no fue una colision con un vehiculo automotor en transporte,Not an Intersection,No fue interseccion,Sobre el lado de la calle,Ninguna,Dia total,Nublado,No,NO APLICA,8,48,8,50,1,05/01/2022,1
13,Georgia,130130,0,0,3,0,15,BARTOW (15),980,CARTERSVILLE,1,Enero,5,2022,4,9,I-75,1,Interestatal,Urbano,Interestatal,State Highway Agency,1,Sin jurisdiccion especial,106,34.17947778,-84.76072778,Vehiculo en movimiento,Frente a Detrás,Not an Intersection,No fue interseccion,Sobre calle,Ninguna,Oscuro sin iluminacion,Despejado,No,NO APLICA,4,13,4,36,1,05/01/2022,3