Estado,Nombre de Estado,Numero de Caso,Peatones,Personas _no_vehiculos,Vehiculos automotores,Vehiculos estacionados,Condado,Nombre Condado,Ciudad,Nombre Ciudad,Mes,Nombre Mes,Dia,Año,Hora,Minuto,Calle,Ruta,Nombre Ruta,Rural o Urbanoo,Sistema Funcional,Dueño Calle,Sistema Nacional Carreteras,Jurisdiccion Especial,Milla,Latitud,Longitud,Causa del Accidente,Tipo de Accidente,Tipo Interseccion,Columna1,Lugar en la calle,Zona de Trabajo,Luz,Clima,Autobus Escolar,Cruce de Trenes,Hora Notificacion,Minuto Notificacion,Hora Llegada,Minuto Llegada,Decesos,Fecha,PersonaVehiculo
13,Georgia,130131,1,1,1,0,63,CLAYTON (63),0,NO APLICA,1,Enero,4,2022,21,43,CR-13400/CONKLE RD,4,Calle del Condado,Urbano,Local,County Highway Agency,0,Sin jurisdiccion especial,11,33.55918333,-84.32118333,Peaton,El primer evento no fue una colision con un vehiculo automotor en transporte,Not an Intersection,No fue interseccion,Sobre calle,Ninguna,Oscuro sin iluminacion,Despejado,No,NO APLICA,21,47,21,52,1,04/01/2022,1
13,Georgia,130132,0,0,1,0,111,FANNIN (111),0,NO APLICA,1,Enero,4,2022,13,45,CR-041700/RACCOON RD,4,Calle del Condado,Rural,Local,County Highway Agency,0,Sin jurisdiccion especial,3,34.79332222,-84.28493333,Volcadura,El primer evento no fue una colision con un vehiculo automotor en transporte,Not an Intersection,No fue interseccion,Sobre calle,Ninguna,Dia total,Despejado,No,NO APLICA,13,56,14,4,1,04/01/2022,3
13,Georgia,130133,0,0,2,0,95,DOUGHERTY (95),0,NO APLICA,1,Enero,3,2022,20,29,SR-3,3,Highway estatal,Urbano,Arteria Principal,State Highway Agency,1,Sin jurisdiccion especial,45,31.50780278,-84.11564722,Vehiculo en movimiento,Frente a Detrás,Not an Intersection,No fue interseccion,Sobre calle,Ninguna,Oscuro sin iluminacion,Despejado,No,NO APLICA,20,31,20,35,1,03/01/2022,2
13,Georgia,130134,0,0,1,0,113,FAYETTE (113),0,NO APLICA,1,Enero,3,2022,4,9,CR-036100/REDWINE RD,4,Calle del Condado,Urbano,Arteria Menor,County Highway Agency,0,Sin jurisdiccion especial,33,33.39626389,-84.49550278,Objeto aventado o caido,El primer evento no fue una colision con un vehiculo automotor en transporte,Not an Intersection,No fue interseccion,Sobre calle,Ninguna,Oscuro sin iluminacion,Nublado,No,NO APLICA,4,18,4,25,1,03/01/2022,1
13,Georgia,130135,0,0,1,0,95,DOUGHERTY (95),90,ALBANY,1,Enero,2,2022,12,8,CS-099001/HICKORY LANE,6,Calle Local Municipalidad,Urbano,Local,City or Municipal Highway Agency,0,Sin jurisdiccion especial,3,31.55095833,-84.15550278,Edificio,El primer evento no fue una colision con un vehiculo automotor en transporte,Not an Intersection,No fue interseccion,Fuera de la calle,Ninguna,Dia total,Nublado,No,NO APLICA,12,20,12,28,1,02/01/2022,1
13,Georgia,130136,0,0,2,0,89,DEKALB (89),0,NO APLICA,1,Enero,1,2022,23,42,I-85 ACCESS RD,1,Interestatal,Urbano,Arterial Principal -Freeway o ExpressWay,State Highway Agency,1,Sin jurisdiccion especial,189,33.83998889,-84.31285833,Vehiculo en movimiento,Angulo,Four-Way Intersection,Interseccion de 4 direcciones,Sobre calle,Ninguna,Oscuro con iluminacion,Despejado,No,NO APLICA,23,46,23,50,1,01/01/2022,2
13,Georgia,130137,0,0,1,0,95,DOUGHERTY (95),90,ALBANY,1,Enero,1,2022,19,58,CS-106001/TURNER FIELD RD,6,Calle Local Municipalidad,Urbano,Colector Mayor,City or Municipal Highway Agency,0,Sin jurisdiccion especial,15,31.59083611,-84.10513056,Banqueta,El primer evento no fue una colision con un vehiculo automotor en transporte,Not an Intersection,No fue interseccion,Sobre el lado de la calle,Ninguna,Dia total,Nublado,No,NO APLICA,20,28,20,41,1,01/01/2022,1
13,Georgia,130138,0,0,1,0,127,GLYNN (127),0,NO APLICA,1,Enero,1,2022,19,57,I-95,1,Interestatal,Urbano,Interestatal,State Highway Agency,1,Sin jurisdiccion especial,123,31.27384167,-81.49052222,Volcadura,El primer evento no fue una colision con un vehiculo automotor en transporte,Not an Intersection,No fue interseccion,En el medio,Ninguna,Oscuro sin iluminacion,Despejado,No,NO APLICA,20,1,20,7,1,01/01/2022,1
13,Georgia,130139,0,0,1,0,207,MONROE (207),0,NO APLICA,1,Enero,1,2022,16,17,SR-83,3,Highway estatal,Rural,Arteria Menor,State Highway Agency,0,Sin jurisdiccion especial,38,32.95370278,-84.0425,Arbol,El primer evento no fue una colision con un vehiculo automotor en transporte,Not an Intersection,No fue interseccion,Sobre el lado de la calle,Ninguna,Dia total,Nublado,No,NO APLICA,16,19,16,28,1,01/01/2022,1
13,Georgia,130141,0,0,1,0,293,UPSON (293),0,NO APLICA,1,Enero,1,2022,13,14,CR-007300/E COUNTY RD,4,Calle del Condado,Urbano,Colector Mayor,County Highway Agency,0,Sin jurisdiccion especial,14,32.923425,-84.32622778,Arbol,El primer evento no fue una colision con un vehiculo automotor en transporte,Not an Intersection,No fue interseccion,Sobre el lado de la calle,Ninguna,Dia total,Despejado,No,NO APLICA,13,16,13,24,1,01/01/2022,1
13,Georgia,130142,0,0,1,0,121,FULTON (121),280,ATLANTA,1,Enero,1,2022,3,5,SR-400,3,Highway estatal,Urbano,Arterial Principal -Freeway o ExpressWay,State Highway Agency,1,Sin jurisdiccion especial,1,33.82032222,-84.36132778,Otro objeto (no fijo),El primer evento no fue una colision con un vehiculo automotor en transporte,Not an Intersection,No fue interseccion,Sobre calle,Ninguna,Oscuro con iluminacion,Despejado,No,NO APLICA,3,7,3,10,1,01/01/2022,2
13,Georgia,130143,0,0,1,0,97,DOUGLAS (97),0,NO APLICA,1,Enero,1,2022,2,50,CR-081300/DORRIS RD,4,Calle del Condado,Urbano,Colector Mayor,County Highway Agency,0,Sin jurisdiccion especial,8,33.76986944,-84.78763056,Culvert,El primer evento no fue una colision con un vehiculo automotor en transporte,Not an Intersection,No fue interseccion,Sobre el lado de la calle,Ninguna,Oscuro sin iluminacion,Nublado,No,NO APLICA,2,53,3,1,1,01/01/2022,1
13,Georgia,130144,1,1,2,0,121,FULTON (121),1250,COLLEGE PARK,1,Enero,1,2022,2,35,I-285 RAMP,1,Interestatal,Urbano,Interestatal,State Highway Agency,1,Sin jurisdiccion especial,12,33.61978333,-84.46760556,Vehiculo en movimiento,Frente a Detrás,Not an Intersection,No fue interseccion,Sobre calle,Ninguna,Oscuro sin iluminacion,Despejado,No,NO APLICA,2,47,2,54,1,01/01/2022,3
13,Georgia,130145,0,0,3,0,67,COBB (67),0,NO APLICA,1,Enero,1,2022,2,26,SR-92,3,Highway estatal,Urbano,Arteria Principal,State Highway Agency,1,Sin jurisdiccion especial,72,34.04245556,-84.73096389,Vehiculo en movimiento,Frente a frente,Not an Intersection,No fue interseccion,Sobre calle,Ninguna,Oscuro sin iluminacion,Nublado,No,NO APLICA,2,26,2,34,1,01/01/2022,5
13,Georgia,130146,0,0,2,0,255,SPALDING (255),0,NO APLICA,1,Enero,4,2022,12,10,SR-3,3,Highway estatal,Urbano,Arteria Principal,State Highway Agency,1,Sin jurisdiccion especial,107,33.34029722,-84.29501944,Vehiculo en movimiento,Angulo,Four-Way Intersection,Interseccion de 4 direcciones,Sobre calle,Ninguna,Dia total,Despejado,No,NO APLICA,12,18,12,22,1,04/01/2022,3
13,Georgia,130147,0,0,2,0,173,LANIER (173),0,NO APLICA,2,Febrero,2,2022,11,33,SR-122,3,Highway estatal,Rural,Colector Mayor,State Highway Agency,0,Sin jurisdiccion especial,1,31.02551944,-83.17856111,Vehiculo en movimiento,Angulo,Four-Way Intersection,Interseccion de 4 direcciones,Sobre calle,Ninguna,Dia total,Despejado,No,NO APLICA,11,33,11,34,1,02/02/2022,2
13,Georgia,130148,0,0,2,0,97,DOUGLAS (97),1770,DOUGLASVILLE,1,Enero,14,2022,22,52,I-20 WB,1,Interestatal,Urbano,Interestatal,State Highway Agency,1,Sin jurisdiccion especial,124,33.75385833,-84.70729444,Vehiculo en movimiento,Frente a Detrás,Not an Intersection,No fue interseccion,Sobre calle,Ninguna,Oscuro sin iluminacion,Despejado,No,NO APLICA,22,50,23,0,2,14/01/2022,6
13,Georgia,130149,0,0,2,0,57,CHEROKEE (57),0,NO APLICA,1,Enero,19,2022,11,24,SR-20,3,Highway estatal,Rural,Arteria Principal,State Highway Agency,1,Sin jurisdiccion especial,256,34.23518056,-84.26413333,Vehiculo en movimiento,Frente a frente,Not an Intersection,No fue interseccion,Sobre calle,Ninguna,Dia total,Despejado,No,NO APLICA,11,24,11,29,1,19/01/2022,3
13,Georgia,130150,1,1,1,0,51,CHATHAM (51),0,NO APLICA,1,Enero,14,2022,4,3,SR-26,3,Highway estatal,Urbano,Arteria Menor,State Highway Agency,0,Sin jurisdiccion especial,11,32.13573056,-81.30938056,Peaton,El primer evento no fue una colision con un vehiculo automotor en transporte,Not an Intersection,No fue interseccion,Sobre calle,Construccion,Oscuro sin iluminacion,Despejado,No,NO APLICA,4,15,4,30,1,14/01/2022,1
13,Georgia,130151,2,2,1,0,135,GWINNETT (135),1810,DULUTH,1,Enero,1,2022,18,6,CR-055700/STEVE REYNOLDS BLVD,4,Calle del Condado,Urbano,Local,County Highway Agency,0,Sin jurisdiccion especial,7,33.95673333,-84.14178056,Peaton,El primer evento no fue una colision con un vehiculo automotor en transporte,T-Intersection,Interseccion de T,Sobre calle,Ninguna,Oscuro sin iluminacion,Despejado,No,NO APLICA,18,11,18,16,1,01/01/2022,1
13,Georgia,130152,0,0,2,0,63,CLAYTON (63),0,NO APLICA,1,Enero,7,2022,5,42,CR-134400/VALLEY HILL RD SE,4,Calle del Condado,Urbano,Arteria Menor,County Highway Agency,0,Sin jurisdiccion especial,9,33.55706667,-84.38207778,Vehiculo en movimiento,Frente a frente,Not an Intersection,No fue interseccion,Sobre calle,Ninguna,Oscuro con iluminacion,Nublado,No,NO APLICA,5,42,5,44,1,07/01/2022,3
13,Georgia,130153,0,0,1,0,285,TROUP (285),3050,LA GRANGE,2,Febrero,26,2022,0,57,CS-125805/CALLAWAY CHURCH RD,6,Calle Local Municipalidad,Urbano,Local,City or Municipal Highway Agency,0,Sin jurisdiccion especial,9,33.03565,-84.9626,Banqueta,El primer evento no fue una colision con un vehiculo automotor en transporte,Not an Intersection,No fue interseccion,En el medio,Ninguna,Oscuro con iluminacion,Despejado,No,NO APLICA,0,58,1,2,1,26/02/2022,1
13,Georgia,130154,2,2,2,0,75,COOK (75),0,NO APLICA,2,Febrero,15,2022,0,30,I-75,1,Interestatal,Rural,Interestatal,State Highway Agency,1,Sin jurisdiccion especial,167,31.26181389,-83.47043611,Vehiculo en movimiento,Frente a frente,Not an Intersection,No fue interseccion,Sobre calle,Ninguna,Oscuro sin iluminacion,Despejado,No,NO APLICA,0,38,0,47,2,15/02/2022,4
13,Georgia,130155,1,1,1,0,121,FULTON (121),280,ATLANTA,2,Febrero,14,2022,10,25,CS-139403/CAMPBELLTON RD,6,Calle Local Municipalidad,Urbano,Arteria Menor,City or Municipal Highway Agency,0,Sin jurisdiccion especial,23,33.70481389,-84.46235,Peaton,El primer evento no fue una colision con un vehiculo automotor en transporte,Not an Intersection,No fue interseccion,Sobre calle,Ninguna,Dia total,Despejado,No,NO APLICA,10,25,10,28,1,14/02/2022,1
13,Georgia,130156,1,1,1,0,71,COLQUITT (71),3800,MOULTRIE,2,Febrero,13,2022,0,15,SR-133,3,Highway estatal,Urbano,Arteria Principal,State Highway Agency,1,Sin jurisdiccion especial,121,31.15026944,-83.73287222,Peaton,El primer evento no fue una colision con un vehiculo automotor en transporte,Not an Intersection,No fue interseccion,Sobre calle,Ninguna,Oscuro sin iluminacion,Despejado,No,NO APLICA,0,18,0,23,1,13/02/2022,2
13,Georgia,130157,1,1,1,0,21,BIBB (21),3390,MACON,2,Febrero,12,2022,22,0,CR-517200/HILLCREST AVE,4,Calle del Condado,Urbano,Colector Mayor,County Highway Agency,0,Sin jurisdiccion especial,11,32.83933056,-83.67691667,Peaton,El primer evento no fue una colision con un vehiculo automotor en transporte,Not an Intersection,No fue interseccion,Sobre calle,Ninguna,Oscuro sin iluminacion,Despejado,No,NO APLICA,22,5,22,12,1,12/02/2022,1
13,Georgia,130158,0,0,2,0,85,DAWSON (85),0,NO APLICA,2,Febrero,12,2022,18,5,SR-400,3,Highway estatal,Urbano,Arteria Principal,State Highway Agency,1,Sin jurisdiccion especial,27,34.36545,-84.03423889,Vehiculo en movimiento,Golpe Lateral - misma direccion,Four-Way Intersection,Interseccion de 4 direcciones,Sobre calle,Ninguna,Atardecer,Despejado,No,NO APLICA,17,59,18,2,1,12/02/2022,4
13,Georgia,130159,0,0,2,0,285,TROUP (285),0,NO APLICA,2,Febrero,10,2022,7,3,SR-14,3,Highway estatal,Rural,Arteria Menor,State Highway Agency,0,Sin jurisdiccion especial,266,33.12844722,-84.91878611,Vehiculo en movimiento,Frente a frente,Not an Intersection,No fue interseccion,Sobre calle,Ninguna,Dia total,Despejado,No,NO APLICA,7,5,7,12,1,10/02/2022,4
13,Georgia,130160,1,1,1,0,113,FAYETTE (113),0,NO APLICA,2,Febrero,10,2022,22,8,CR-109600/BRECHIN DR,4,Calle del Condado,Urbano,Local,County Highway Agency,0,Sin jurisdiccion especial,2,33.33491944,-84.52206389,Peaton,El primer evento no fue una colision con un vehiculo automotor en transporte,Not an Intersection,No fue interseccion,Sobre el lado de la calle,Ninguna,Oscuro sin iluminacion,Despejado,No,NO APLICA,22,19,22,26,1,10/02/2022,1
13,Georgia,130161,0,0,1,0,245,RICHMOND (245),310,AUGUSTA,3,Marzo,5,2022,2,27,CR-220700,4,Calle del Condado,Urbano,Arteria Menor,County Highway Agency,0,Sin jurisdiccion especial,1,33.47087222,-82.02539722,Banqueta,El primer evento no fue una colision con un vehiculo automotor en transporte,Not an Intersection,No fue interseccion,En el medio,Ninguna,Oscuro sin iluminacion,Despejado,No,NO APLICA,2,29,2,32,1,05/03/2022,1
13,Georgia,130162,0,0,1,0,185,LOWNDES (185),5680,VALDOSTA,3,Marzo,4,2022,5,40,E NORTHSIDE DR,5,Calle Local - Pueblo,Urbano,Arteria Principal,County Highway Agency,1,Sin jurisdiccion especial,38,30.86930833,-83.28862778,Banqueta,El primer evento no fue una colision con un vehiculo automotor en transporte,Four-Way Intersection,Interseccion de 4 direcciones,Sobre el lado de la calle,Ninguna,Oscuro con iluminacion,Despejado,No,NO APLICA,99,98,99,98,1,04/03/2022,1
13,Georgia,130163,1,1,1,0,59,CLARKE (59),270,ATHENS,3,Marzo,3,2022,23,6,TALLASSEE RD,6,Calle Local Municipalidad,Urbano,Arteria Menor,City or Municipal Highway Agency,0,Sin jurisdiccion especial,43,33.96666389,-83.4332,Ciclista,El primer evento no fue una colision con un vehiculo automotor en transporte,T-Intersection,Interseccion de T,Sobre calle,Ninguna,Oscuro sin iluminacion,Despejado,No,NO APLICA,23,16,23,20,1,03/03/2022,1
13,Georgia,130164,0,0,2,0,89,DEKALB (89),1610,DECATUR,3,Marzo,3,2022,20,55,CR-518600,4,Calle del Condado,Urbano,Arteria Menor,County Highway Agency,0,Sin jurisdiccion especial,60,33.70641667,-84.21879444,Vehiculo en movimiento,Frente a frente,Not an Intersection,No fue interseccion,Sobre calle,Ninguna,Oscuro sin iluminacion,Despejado,No,NO APLICA,20,58,21,2,3,03/03/2022,5
13,Georgia,130165,0,0,2,0,89,DEKALB (89),0,NO APLICA,2,Febrero,28,2022,23,0,I-285,1,Interestatal,Urbano,Interestatal,State Highway Agency,1,Sin jurisdiccion especial,141,33.77856111,-84.2417,Vehiculo en movimiento,Frente a Detrás,Not an Intersection,No fue interseccion,Sobre calle,Ninguna,Oscuro con iluminacion,Despejado,No,NO APLICA,23,20,23,30,1,28/02/2022,2
13,Georgia,130166,0,0,2,0,111,FANNIN (111),560,BLUE RIDGE,3,Marzo,3,2022,15,7,SR-5,3,Highway estatal,Rural,Arteria Principal,State Highway Agency,1,Sin jurisdiccion especial,51,34.88389167,-84.33140556,Vehiculo en movimiento,Golpe Lateral - misma direccion,Not an Intersection,No fue interseccion,Sobre calle,Ninguna,Dia total,Despejado,No,NO APLICA,15,7,15,11,1,03/03/2022,2
13,Georgia,130167,0,0,1,0,151,HENRY (151),3220,LOCUST GROVE,3,Marzo,3,2022,11,4,CR-350,4,Calle del Condado,Urbano,Colector Mayor,County Highway Agency,0,Sin jurisdiccion especial,25,33.35256944,-84.07557778,Volcadura,El primer evento no fue una colision con un vehiculo automotor en transporte,Not an Intersection,No fue interseccion,Sobre calle,Ninguna,Dia total,Despejado,No,NO APLICA,11,4,11,9,1,03/03/2022,1
13,Georgia,130168,0,0,2,0,139,HALL (139),2285,GAINESVILLE,3,Marzo,3,2022,10,27,SR-53,3,Highway estatal,Urbano,Arteria Principal,State Highway Agency,1,Sin jurisdiccion especial,31,34.29606111,-83.84781111,Vehiculo en movimiento,Angulo,T-Intersection,Interseccion de T,Sobre calle,Ninguna,Dia total,Despejado,No,NO APLICA,10,32,10,38,1,03/03/2022,3
13,Georgia,130169,2,2,1,0,55,CHATTOOGA (55),0,NO APLICA,3,Marzo,3,2022,2,54,SR-1,3,Highway estatal,Urbano,Arteria Principal,State Highway Agency,1,Sin jurisdiccion especial,133,34.51893333,-85.31544167,Peaton,El primer evento no fue una colision con un vehiculo automotor en transporte,Not an Intersection,No fue interseccion,Sobre calle,Ninguna,Oscuro sin iluminacion,Despejado,No,NO APLICA,2,55,2,58,1,03/03/2022,1
13,Georgia,130170,1,1,1,0,89,DEKALB (89),0,NO APLICA,3,Marzo,1,2022,21,6,I-285,1,Interestatal,Urbano,Arterial Principal -Freeway o ExpressWay,State Highway Agency,1,Sin jurisdiccion especial,158,33.75649167,-84.23239722,Peaton,El primer evento no fue una colision con un vehiculo automotor en transporte,Not an Intersection,No fue interseccion,Sobre calle,Ninguna,Oscuro con iluminacion,Despejado,No,NO APLICA,21,7,21,10,1,01/03/2022,1
13,Georgia,130171,0,0,2,0,59,CLARKE (59),270,ATHENS,3,Marzo,1,2022,18,37,CR-481,4,Calle del Condado,Urbano,Colector Mayor,County Highway Agency,0,Sin jurisdiccion especial,7,33.92401389,-83.35443056,Vehiculo en movimiento,Angulo,Four-Way Intersection,Interseccion de 4 direcciones,Sobre calle,Ninguna,Oscuro con iluminacion,Despejado,No,NO APLICA,18,37,18,40,1,01/03/2022,3
13,Georgia,130172,0,0,2,0,135,GWINNETT (135),3100,LAWRENCEVILLE,3,Marzo,1,2022,18,23,CR-3273,4,Calle del Condado,Urbano,Arteria Principal,County Highway Agency,1,Sin jurisdiccion especial,23,33.93683889,-84.12076944,Vehiculo en movimiento,Frente a Detrás,Four-Way Intersection,Interseccion de 4 direcciones,Sobre calle,Ninguna,Oscuro con iluminacion,Despejado,No,NO APLICA,18,23,18,29,1,01/03/2022,2
13,Georgia,130173,1,1,1,0,139,HALL (139),2285,GAINESVILLE,2,Febrero,28,2022,20,34,SR-13,3,Highway estatal,Urbano,Arteria Menor,State Highway Agency,0,Sin jurisdiccion especial,142,34.28294444,-83.83913611,Peaton,El primer evento no fue una colision con un vehiculo automotor en transporte,Not an Intersection,No fue interseccion,Sobre calle,Ninguna,Oscuro con iluminacion,Despejado,No,NO APLICA,20,38,20,47,1,28/02/2022,2
13,Georgia,130174,0,0,1,0,19,BERRIEN (19),0,NO APLICA,2,Febrero,28,2022,7,50,CR-040600/W LENOX RD,4,Calle del Condado,Rural,Local,County Highway Agency,0,Sin jurisdiccion especial,22,31.35435833,-83.25975278,Arbol,El primer evento no fue una colision con un vehiculo automotor en transporte,Not an Intersection,No fue interseccion,Sobre el lado de la calle,Ninguna,Dia total,lluvia,No,NO APLICA,7,55,8,10,1,28/02/2022,1
13,Georgia,130175,0,0,1,0,21,BIBB (21),3390,MACON,2,Febrero,28,2022,7,35,I-16,1,Interestatal,Urbano,Interestatal,State Highway Agency,1,Sin jurisdiccion especial,46,32.81568333,-83.58214167,Valla Ferrocarril,El primer evento no fue una colision con un vehiculo automotor en transporte,Not an Intersection,No fue interseccion,Sobre el lado de la calle,Ninguna,Dia total,Despejado,No,NO APLICA,7,40,8,10,1,28/02/2022,1
13,Georgia,130176,0,0,1,0,151,HENRY (151),0,NO APLICA,2,Febrero,27,2022,21,29,CR-002900 SWAN LAKE RD,4,Calle del Condado,Urbano,Colector Mayor,County Highway Agency,0,Sin jurisdiccion especial,16,33.58236944,-84.191575,Arbol,El primer evento no fue una colision con un vehiculo automotor en transporte,Not an Intersection,No fue interseccion,Sobre el lado de la calle,Ninguna,Oscuro sin iluminacion,lluvia,No,NO APLICA,21,30,21,41,1,27/02/2022,2
13,Georgia,130177,0,0,1,0,197,MARION (197),0,NO APLICA,2,Febrero,24,2022,10,35,SR-26,3,Highway estatal,Rural,Arteria Menor,State Highway Agency,1,Sin jurisdiccion especial,34,32.30103056,-84.59961944,Arbol,El primer evento no fue una colision con un vehiculo automotor en transporte,Not an Intersection,No fue interseccion,Sobre el lado de la calle,Mantenimiento,Dia total,Despejado,No,NO APLICA,99,98,99,98,1,24/02/2022,1
13,Georgia,130178,0,0,2,0,87,DECATUR (87),0,NO APLICA,2,Febrero,22,2022,9,14,SR-262,3,Highway estatal,Rural,Colector Mayor,State Highway Agency,0,Sin jurisdiccion especial,205,30.95165,-84.41486944,Vehiculo en movimiento,Angulo,Four-Way Intersection,Interseccion de 4 direcciones,Sobre calle,Ninguna,Dia total,Nublado,No,NO APLICA,9,15,9,29,1,22/02/2022,2
13,Georgia,130179,1,1,2,0,279,TOOMBS (279),3340,LYONS,2,Febrero,27,2022,19,0,SR-292,3,Highway estatal,Urbano,Arteria Menor,State Highway Agency,0,Sin jurisdiccion especial,4,32.20524167,-82.31488611,Peaton,El primer evento no fue una colision con un vehiculo automotor en transporte,Four-Way Intersection,Interseccion de 4 direcciones,Sobre calle,Ninguna,Oscuro con iluminacion,lluvia,No,NO APLICA,19,1,19,9,1,27/02/2022,3
13,Georgia,130180,1,1,1,0,121,FULTON (121),1900,EAST POINT,2,Febrero,27,2022,17,14,CS-138907 Washington Rd,6,Calle Local Municipalidad,Urbano,Arteria Menor,City or Municipal Highway Agency,0,Sin jurisdiccion especial,41,33.6417,-84.49065833,Peaton,El primer evento no fue una colision con un vehiculo automotor en transporte,Not an Intersection,No fue interseccion,Sobre el lado de la calle,Ninguna,Dia total,lluvia,No,NO APLICA,17,24,17,28,1,27/02/2022,1
13,Georgia,130181,0,0,1,0,261,SUMTER (261),170,AMERICUS,2,Febrero,27,2022,16,15,CR-029900 BRADY RD,4,Calle del Condado,Urbano,Arteria Menor,County Highway Agency,0,Sin jurisdiccion especial,99998,32.04769444,-84.19673056,Zanja,El primer evento no fue una colision con un vehiculo automotor en transporte,Not an Intersection,No fue interseccion,Sobre el lado de la calle,Ninguna,Dia total,Despejado,No,NO APLICA,16,19,16,24,1,27/02/2022,1
13,Georgia,130183,0,0,2,0,247,ROCKDALE (247),1320,CONYERS,2,Febrero,27,2022,5,52,CR-044000,4,Calle del Condado,Urbano,Arteria Menor,County Highway Agency,0,Sin jurisdiccion especial,25,33.77040278,-83.99621389,Vehiculo en movimiento,Frente a frente,Not an Intersection,No fue interseccion,Sobre calle,Ninguna,Oscuro sin iluminacion,lluvia,No,NO APLICA,5,54,6,6,1,27/02/2022,3
13,Georgia,130184,0,0,1,0,151,HENRY (151),0,NO APLICA,2,Febrero,26,2022,21,8,CR-035200 S OLA RD,4,Calle del Condado,Urbano,Local,County Highway Agency,0,Sin jurisdiccion especial,16,33.35536944,-84.05885556,Arbol,El primer evento no fue una colision con un vehiculo automotor en transporte,Not an Intersection,No fue interseccion,Sobre el lado de la calle,Ninguna,Oscuro sin iluminacion,Despejado,No,NO APLICA,21,8,21,10,1,26/02/2022,1
13,Georgia,130185,0,0,2,0,153,HOUSTON (153),4340,PERRY,2,Febrero,26,2022,19,11,CS-082613/NORTHSIDE DR,6,Calle Local Municipalidad,Urbano,Arteria Menor,City or Municipal Highway Agency,0,Sin jurisdiccion especial,1,32.46090556,-83.73308611,Vehiculo en movimiento,Angulo,Four-Way Intersection,Interseccion de 4 direcciones,Sobre calle,Ninguna,Oscuro con iluminacion,Despejado,No,NO APLICA,19,11,19,29,1,26/02/2022,2
13,Georgia,130186,1,1,1,0,29,BRYAN (29),0,NO APLICA,2,Febrero,25,2022,20,36,SR-144,3,Highway estatal,Rural,Colector Mayor,State Highway Agency,0,Sin jurisdiccion especial,28,31.88645833,-81.21864444,Peaton,El primer evento no fue una colision con un vehiculo automotor en transporte,Not an Intersection,No fue interseccion,Sobre calle,Ninguna,Oscuro sin iluminacion,Despejado,No,NO APLICA,20,51,21,10,1,25/02/2022,1
13,Georgia,130187,1,1,4,0,67,COBB (67),0,NO APLICA,2,Febrero,21,2022,21,49,I-285,1,Interestatal,Urbano,Interestatal,State Highway Agency,1,Sin jurisdiccion especial,19,33.83293889,-84.4862,Peaton,El primer evento no fue una colision con un vehiculo automotor en transporte,Not an Intersection,No fue interseccion,Sobre calle,Ninguna,Oscuro sin iluminacion,lluvia,No,NO APLICA,21,55,22,8,1,21/02/2022,4
13,Georgia,130188,1,1,1,0,67,COBB (67),3440,MARIETTA,2,Febrero,25,2022,23,15,CS-162813 FRANKLIN GATEWAY SW,6,Calle Local Municipalidad,Urbano,Local,City or Municipal Highway Agency,0,Sin jurisdiccion especial,5,33.92102778,-84.49197222,Peaton,El primer evento no fue una colision con un vehiculo automotor en transporte,Not an Intersection,No fue interseccion,Sobre calle,Ninguna,Oscuro sin iluminacion,Nublado,No,NO APLICA,23,15,23,18,1,25/02/2022,1
13,Georgia,130189,1,1,1,0,189,MCDUFFIE (189),0,NO APLICA,2,Febrero,25,2022,19,45,SR-17,3,Highway estatal,Urbano,Arteria Principal,State Highway Agency,1,Sin jurisdiccion especial,102,33.48331111,-82.50533056,No vehiculo o remolque,El primer evento no fue una colision con un vehiculo automotor en transporte,Not an Intersection,No fue interseccion,Sobre calle,Ninguna,Oscuro sin iluminacion,Despejado,No,NO APLICA,19,42,19,48,1,25/02/2022,1
13,Georgia,130190,0,0,2,0,195,MADISON (195),1540,DANIELSVILLE,2,Febrero,25,2022,18,52,SR-98,3,Highway estatal,Rural,Arteria Menor,State Highway Agency,0,Sin jurisdiccion especial,99998,34.14996944,-83.24533056,Vehiculo en movimiento,Frente a frente,Not an Intersection,No fue interseccion,Sobre calle,Ninguna,Oscuro sin iluminacion,Despejado,No,NO APLICA,18,52,18,57,1,25/02/2022,2
13,Georgia,130191,0,0,3,0,13,BARROW (13),0,NO APLICA,2,Febrero,25,2022,8,57,SR-316,3,Highway estatal,Urbano,Arteria Principal,State Highway Agency,1,Sin jurisdiccion especial,148,33.95050278,-83.59040556,Vehiculo en movimiento,Angulo,Four-Way Intersection,Interseccion de 4 direcciones,Sobre calle,Ninguna,Dia total,Nublado,No,NO APLICA,8,59,9,4,1,25/02/2022,3
13,Georgia,130192,1,1,1,0,121,FULTON (121),280,ATLANTA,2,Febrero,25,2022,23,28,I-75,1,Interestatal,Urbano,Interestatal,State Highway Agency,1,Sin jurisdiccion especial,51,33.719025,-84.39744167,Peaton,El primer evento no fue una colision con un vehiculo automotor en transporte,Not an Intersection,No fue interseccion,Sobre calle,Ninguna,Oscuro con iluminacion,Despejado,No,NO APLICA,23,31,23,38,1,25/02/2022,1
13,Georgia,130193,0,0,2,0,47,CATOOSA (47),0,NO APLICA,2,Febrero,25,2022,7,40,I-75,1,Interestatal,Urbano,Interestatal,State Highway Agency,1,Sin jurisdiccion especial,107,34.95303333,-85.17770278,Valla Ferrocarril,El primer evento no fue una colision con un vehiculo automotor en transporte,Not an Intersection,No fue interseccion,En el medio,Ninguna,Dia total,lluvia,No,NO APLICA,7,45,7,53,1,25/02/2022,2
13,Georgia,130194,2,2,1,0,121,FULTON (121),1900,EAST POINT,2,Febrero,27,2022,2,18,I-285,1,Interestatal,Urbano,Interestatal,State Highway Agency,1,Sin jurisdiccion especial,8,33.63655278,-84.49238889,Peaton,El primer evento no fue una colision con un vehiculo automotor en transporte,Not an Intersection,No fue interseccion,Sobre Acotamiento,Ninguna,Oscuro sin iluminacion,Nublado,No,NO APLICA,2,44,2,48,1,27/02/2022,1