Estado,Nombre de Estado,Numero de Caso,Peatones,Personas _no_vehiculos,Vehiculos automotores,Vehiculos estacionados,Condado,Nombre Condado,Ciudad,Nombre Ciudad,Mes,Nombre Mes,Dia,Año,Hora,Minuto,Calle,Ruta,Nombre Ruta,Rural o Urbanoo,Sistema Funcional,Dueño Calle,Sistema Nacional Carreteras,Jurisdiccion Especial,Milla,Latitud,Longitud,Causa del Accidente,Tipo de Accidente,Tipo Interseccion,Columna1,Lugar en la calle,Zona de Trabajo,Luz,Clima,Autobus Escolar,Cruce de Trenes,Hora Notificacion,Minuto Notificacion,Hora Llegada,Minuto Llegada,Decesos,Fecha,PersonaVehiculo
13,Georgia,130195,1,1,1,0,247,ROCKDALE (247),1320,CONYERS,2,Febrero,27,2022,2,6,CS-020901/OLD COVINGTON HWY,6,Calle Local Municipalidad,Urbano,Colector Mayor,City or Municipal Highway Agency,0,Sin jurisdiccion especial,6,33.65343056,-83.99200556,Peaton,El primer evento no fue una colision con un vehiculo automotor en transporte,Not an Intersection,No fue interseccion,Sobre calle,Ninguna,Oscuro con iluminacion,Despejado,No,NO APLICA,2,15,2,25,1,27/02/2022,1
13,Georgia,130196,0,0,5,0,321,WORTH (321),0,NO APLICA,2,Febrero,25,2022,7,16,JEWEL CROWE ROAD,5,Calle Local - Pueblo,Rural,Colector Menor,City or Municipal Highway Agency,0,Sin jurisdiccion especial,70,31.62391389,-83.87697778,Vehiculo en movimiento,Frente a frente,Not an Intersection,No fue interseccion,Sobre calle,Ninguna,Dia total,Neblina o Humo,Yes,NO APLICA,7,0,7,16,2,25/02/2022,11
13,Georgia,130197,0,0,2,0,313,WHITFIELD (313),0,NO APLICA,2,Febrero,25,2022,6,34,SR-2,3,Highway estatal,Urbano,Arteria Menor,State Highway Agency,0,Sin jurisdiccion especial,31,34.89911111,-84.96651389,Vehiculo en movimiento,Angulo,T-Intersection,Interseccion de T,Sobre calle,Ninguna,Oscuro sin iluminacion,lluvia,No,NO APLICA,6,35,6,49,1,25/02/2022,2
13,Georgia,130198,0,0,1,0,63,CLAYTON (63),1250,COLLEGE PARK,2,Febrero,25,2022,2,0,I-85 RAMP,1,Interestatal,Urbano,Interestatal,State Highway Agency,1,Sin jurisdiccion especial,5,33.62866944,-84.45498889,Arbol,El primer evento no fue una colision con un vehiculo automotor en transporte,Not an Intersection,No fue interseccion,Sobre el lado de la calle,Ninguna,Oscuro sin iluminacion,Despejado,No,NO APLICA,2,0,2,15,1,25/02/2022,1
13,Georgia,130199,0,0,1,0,111,FANNIN (111),0,NO APLICA,2,Febrero,24,2022,22,20,SCENIC RD,6,Calle Local Municipalidad,Rural,Colector Menor,City or Municipal Highway Agency,0,Sin jurisdiccion especial,11,34.88256111,-84.34818889,Arbol,El primer evento no fue una colision con un vehiculo automotor en transporte,Not an Intersection,No fue interseccion,Sobre el lado de la calle,Ninguna,Oscuro sin iluminacion,Despejado,No,NO APLICA,22,23,22,30,1,24/02/2022,1
13,Georgia,130200,0,0,3,0,15,BARTOW (15),0,NO APLICA,2,Febrero,24,2022,17,32,SR-20,3,Highway estatal,Rural,Arteria Principal,State Highway Agency,1,Sin jurisdiccion especial,216,34.22008889,-84.69614167,Vehiculo en movimiento,Angulo,Four-Way Intersection,Interseccion de 4 direcciones,Sobre calle,Ninguna,Dia total,Despejado,No,NO APLICA,17,44,17,51,1,24/02/2022,3
13,Georgia,130201,0,0,2,0,271,TELFAIR (271),2660,HELENA,2,Febrero,24,2022,11,45,SR-27,3,Highway estatal,Urbano,Arteria Principal,State Highway Agency,1,Sin jurisdiccion especial,31,32.07915278,-82.92145833,Vehiculo en movimiento,Frente a Detrás,Not an Intersection,No fue interseccion,Sobre calle,Ninguna,Dia total,Despejado,No,NO APLICA,11,47,11,53,1,24/02/2022,1
13,Georgia,130202,0,0,2,0,73,COLUMBIA (73),3463,MARTINEZ,2,Febrero,24,2022,9,33,SR-104,3,Highway estatal,Urbano,Arteria Principal,State Highway Agency,1,Sin jurisdiccion especial,24,33.512825,-82.107875,Vehiculo en movimiento,Frente a frente,Not an Intersection,No fue interseccion,Sobre calle,Ninguna,Dia total,Despejado,No,NO APLICA,9,38,9,48,1,24/02/2022,2
13,Georgia,130203,1,1,1,0,67,COBB (67),3440,MARIETTA,2,Febrero,24,2022,2,34,I-75,1,Interestatal,Urbano,Interestatal,State Highway Agency,1,Sin jurisdiccion especial,38,33.92016944,-84.48423056,Peaton,El primer evento no fue una colision con un vehiculo automotor en transporte,Not an Intersection,No fue interseccion,Sobre calle,Ninguna,Oscuro sin iluminacion,Despejado,No,NO APLICA,99,98,99,98,1,24/02/2022,1
13,Georgia,130204,0,0,2,0,143,HARALSON (143),0,NO APLICA,2,Febrero,23,2022,19,50,SR-8,3,Highway estatal,Urbano,Arteria Menor,State Highway Agency,0,Sin jurisdiccion especial,110,33.70519167,-85.18142778,Vehiculo en movimiento,Frente a frente,Not an Intersection,No fue interseccion,Sobre calle,Ninguna,Oscuro sin iluminacion,Despejado,No,NO APLICA,19,53,19,53,1,23/02/2022,2
13,Georgia,130205,1,1,1,0,63,CLAYTON (63),0,NO APLICA,2,Febrero,23,2022,19,34,US-19/SR-3 TARA BLVD,2,US Highway,Urbano,Arteria Principal,State Highway Agency,1,Sin jurisdiccion especial,96,33.557475,-84.37078611,Peaton,El primer evento no fue una colision con un vehiculo automotor en transporte,Not an Intersection,No fue interseccion,Sobre calle,Ninguna,Oscuro sin iluminacion,Despejado,No,NO APLICA,99,99,99,99,1,23/02/2022,2
13,Georgia,130206,1,1,1,0,89,DEKALB (89),0,NO APLICA,2,Febrero,23,2022,19,18,MORELAND AVE,6,Calle Local Municipalidad,Urbano,Local,City or Municipal Highway Agency,0,Sin jurisdiccion especial,9,33.70939722,-84.34893333,Peaton,El primer evento no fue una colision con un vehiculo automotor en transporte,Not an Intersection,No fue interseccion,Sobre calle,Ninguna,Oscuro con iluminacion,Despejado,No,NO APLICA,99,99,99,99,1,23/02/2022,1
13,Georgia,130208,0,0,2,0,127,GLYNN (127),0,NO APLICA,2,Febrero,23,2022,17,33,SR-27,3,Highway estatal,Urbano,Arteria Menor,State Highway Agency,0,Sin jurisdiccion especial,65,31.20390833,-81.508475,Vehiculo en movimiento,Angulo,Four-Way Intersection,Interseccion de 4 direcciones,Sobre calle,Ninguna,Dia total,Despejado,No,NO APLICA,17,34,17,36,1,23/02/2022,2
13,Georgia,130209,0,0,2,0,209,MONTGOMERY (209),3840,MOUNT VERNON,2,Febrero,23,2022,15,2,SR-56,3,Highway estatal,Rural,Arteria Menor,State Highway Agency,0,Sin jurisdiccion especial,200,32.2673,-82.59950278,Vehiculo en movimiento,Angulo,Not an Intersection,No fue interseccion,Sobre calle,Ninguna,Dia total,Despejado,No,NO APLICA,15,7,99,99,1,23/02/2022,3
13,Georgia,130210,0,0,2,0,73,COLUMBIA (73),2515,GROVETOWN,2,Febrero,23,2022,13,24,SR-383,3,Highway estatal,Urbano,Arterial Principal -Freeway o ExpressWay,State Highway Agency,1,Sin jurisdiccion especial,5,33.48181389,-82.13091667,Vehiculo en movimiento,Angulo,"Five Point, or More",5 Puntos o mas,Sobre calle,Ninguna,Dia total,Despejado,No,NO APLICA,13,25,13,42,1,23/02/2022,2
13,Georgia,130211,0,0,1,0,75,COOK (75),0,NO APLICA,2,Febrero,23,2022,11,47,SR-7,3,Highway estatal,Rural,Arteria Menor,State Highway Agency,0,Sin jurisdiccion especial,139,31.21876111,-83.4552,Arbol,El primer evento no fue una colision con un vehiculo automotor en transporte,Not an Intersection,No fue interseccion,Sobre el lado de la calle,Ninguna,Dia total,Despejado,No,NO APLICA,11,52,11,58,1,23/02/2022,1
13,Georgia,130212,0,0,1,0,121,FULTON (121),5640,UNION CITY,2,Febrero,23,2022,2,45,SR-14,3,Highway estatal,Urbano,Arteria Principal,State Highway Agency,1,Sin jurisdiccion especial,74,33.61039167,-84.61190278,Arbol,El primer evento no fue una colision con un vehiculo automotor en transporte,Not an Intersection,No fue interseccion,Sobre el lado de la calle,Ninguna,Oscuro sin iluminacion,Nublado,No,NO APLICA,2,46,2,57,1,23/02/2022,1
13,Georgia,130213,0,0,2,0,49,CHARLTON (49),2170,FOLKSTON,2,Febrero,22,2022,11,24,US-23/ GA-4,2,US Highway,Urbano,Arteria Principal,State Highway Agency,1,Sin jurisdiccion especial,27,30.81082778,-81.99756111,Vehiculo en movimiento,Angulo,T-Intersection,Interseccion de T,Sobre calle,Ninguna,Dia total,Despejado,No,NO APLICA,11,26,11,28,1,22/02/2022,2
13,Georgia,130214,0,0,1,0,55,CHATTOOGA (55),0,NO APLICA,2,Febrero,22,2022,10,40,PENN BRIDGE RD,5,Calle Local - Pueblo,Rural,Local,City or Municipal Highway Agency,0,Sin jurisdiccion especial,13,34.51704444,-85.29968333,Valla Ferrocarril,El primer evento no fue una colision con un vehiculo automotor en transporte,Not an Intersection,No fue interseccion,Sobre el lado de la calle,Ninguna,Dia total,Nublado,No,NO APLICA,10,53,10,57,1,22/02/2022,1
13,Georgia,130215,0,0,1,0,77,COWETA (77),0,NO APLICA,2,Febrero,21,2022,18,49,CR-54900 WELCOME ROAD,4,Calle del Condado,Rural,Colector Mayor,County Highway Agency,0,Sin jurisdiccion especial,63,33.39683333,-84.87601667,Culvert,El primer evento no fue una colision con un vehiculo automotor en transporte,Not an Intersection,No fue interseccion,Sobre el lado de la calle,Ninguna,Oscuro sin iluminacion,Nublado,No,NO APLICA,18,50,18,54,1,21/02/2022,2
13,Georgia,130216,0,0,2,0,89,DEKALB (89),280,ATLANTA,2,Febrero,21,2022,16,0,SR-42 MORELAND AVE,3,Highway estatal,Urbano,Arteria Principal,State Highway Agency,1,Sin jurisdiccion especial,43,33.75351667,-84.34916944,Vehiculo en movimiento,Angulo,Four-Way Intersection,Interseccion de 4 direcciones,Sobre calle,Ninguna,Dia total,lluvia,No,NO APLICA,17,11,17,11,1,21/02/2022,3
13,Georgia,130217,1,1,1,0,245,RICHMOND (245),310,AUGUSTA,2,Febrero,21,2022,14,27,COLEMAN AVE,5,Calle Local - Pueblo,Urbano,Local,City or Municipal Highway Agency,0,Sin jurisdiccion especial,3,33.42103333,-82.01451111,Peaton,El primer evento no fue una colision con un vehiculo automotor en transporte,Not an Intersection,No fue interseccion,Sobre Acotamiento,Ninguna,Dia total,Nublado,No,NO APLICA,99,99,99,99,1,21/02/2022,1
13,Georgia,130218,0,0,1,0,51,CHATHAM (51),4910,SAVANNAH,2,Febrero,21,2022,6,32,MARTIN LUTHER KING BLVD,5,Calle Local - Pueblo,Urbano,Arteria Principal,City or Municipal Highway Agency,1,Sin jurisdiccion especial,99998,32.06269722,-81.10385833,Banqueta,El primer evento no fue una colision con un vehiculo automotor en transporte,Not an Intersection,No fue interseccion,En el medio,Ninguna,Amanecer,Despejado,No,NO APLICA,6,34,6,44,1,21/02/2022,1
13,Georgia,130219,0,0,3,0,225,PEACH (225),830,BYRON,2,Febrero,20,2022,10,13,I-75 NB,1,Interestatal,Urbano,Interestatal,State Highway Agency,1,Sin jurisdiccion especial,101,32.67958611,-83.74266667,"La carga del vehiculo (cambio, perdida, o otro)",El primer evento no fue una colision con un vehiculo automotor en transporte,Not an Intersection,No fue interseccion,Sobre el lado de la calle,Ninguna,Dia total,Despejado,No,NO APLICA,10,13,10,18,1,20/02/2022,3
13,Georgia,130220,0,0,1,0,51,CHATHAM (51),2290,GARDEN CITY,2,Febrero,20,2022,8,10,I-516 EXIT RAMP 8,1,Interestatal,Urbano,Interestatal,State Highway Agency,1,Sin jurisdiccion especial,65,32.09876944,-81.14437778,Volcadura,El primer evento no fue una colision con un vehiculo automotor en transporte,Not an Intersection,No fue interseccion,Gore?,Ninguna,Dia total,Despejado,No,NO APLICA,8,21,8,24,1,20/02/2022,1
13,Georgia,130221,0,0,1,0,153,HOUSTON (153),0,NO APLICA,2,Febrero,19,2022,10,49,SR-96,3,Highway estatal,Urbano,Arteria Principal,State Highway Agency,1,Sin jurisdiccion especial,60,32.5531,-83.6209,Volcadura,El primer evento no fue una colision con un vehiculo automotor en transporte,Not an Intersection,No fue interseccion,Sobre el lado de la calle,Ninguna,Dia total,Despejado,No,NO APLICA,10,50,10,54,1,19/02/2022,1
13,Georgia,130222,1,1,1,0,63,CLAYTON (63),2970,JONESBORO,2,Febrero,18,2022,22,30,SR-41 OLD DIXIE RD N,3,Highway estatal,Urbano,Arteria Principal,State Highway Agency,1,Sin jurisdiccion especial,113,33.58157222,-84.37551111,Peaton,El primer evento no fue una colision con un vehiculo automotor en transporte,Not an Intersection,No fue interseccion,Sobre calle,Ninguna,Oscuro con iluminacion,Despejado,No,NO APLICA,99,99,99,99,1,18/02/2022,1
13,Georgia,130223,1,1,1,0,89,DEKALB (89),350,AVONDALE ESTATES,1,Enero,14,2022,19,26,SR-120 COVINGTON RD,3,Highway estatal,Urbano,Arteria Menor,State Highway Agency,0,Sin jurisdiccion especial,59,33.77446667,-84.26028611,Peaton,El primer evento no fue una colision con un vehiculo automotor en transporte,Not an Intersection,No fue interseccion,Sobre calle,Ninguna,Oscuro con iluminacion,Despejado,No,NO APLICA,19,26,19,29,1,14/01/2022,1
13,Georgia,130224,0,0,2,0,77,COWETA (77),0,NO APLICA,2,Febrero,17,2022,20,58,SR-16,3,Highway estatal,Urbano,Arteria Menor,State Highway Agency,0,Sin jurisdiccion especial,63,33.40556111,-84.8346,Vehiculo en movimiento,Frente a frente,Not an Intersection,No fue interseccion,Sobre calle,Ninguna,Oscuro sin iluminacion,lluvia,No,NO APLICA,21,0,21,8,1,17/02/2022,3
13,Georgia,130225,1,1,1,0,67,COBB (67),0,NO APLICA,2,Febrero,17,2022,18,52,CR-151400/LOWER ROSWELL RD,4,Calle del Condado,Urbano,Local,County Highway Agency,0,Sin jurisdiccion especial,4,33.96707778,-84.40397778,Peaton,El primer evento no fue una colision con un vehiculo automotor en transporte,Not an Intersection,No fue interseccion,Sobre calle,Ninguna,Oscuro sin iluminacion,lluvia,No,NO APLICA,18,55,18,59,1,17/02/2022,1
13,Georgia,130226,0,0,2,0,103,EFFINGHAM (103),0,NO APLICA,2,Febrero,17,2022,7,52,I-16,1,Interestatal,Rural,Interestatal,State Highway Agency,1,Sin jurisdiccion especial,23,32.11797778,-81.37466389,Vehiculo en movimiento,Frente a Detrás,Not an Intersection,No fue interseccion,Sobre calle,Ninguna,Dia total,Despejado,No,NO APLICA,7,52,8,5,1,17/02/2022,2
13,Georgia,130227,0,0,2,0,321,WORTH (321),0,NO APLICA,2,Febrero,16,2022,10,30,SR-32,3,Highway estatal,Rural,Arteria Menor,State Highway Agency,0,Sin jurisdiccion especial,248,31.68373333,-83.80798611,Vehiculo en movimiento,Angulo,Four-Way Intersection,Interseccion de 4 direcciones,Sobre calle,Ninguna,Dia total,Despejado,No,NO APLICA,10,36,10,43,1,16/02/2022,2
13,Georgia,130228,1,1,2,0,67,COBB (67),0,NO APLICA,2,Febrero,13,2022,20,30,I-75,1,Interestatal,Urbano,Interestatal,State Highway Agency,1,Sin jurisdiccion especial,30,33.91040833,-84.478475,Vehiculo en movimiento,Frente a Detrás,Not an Intersection,No fue interseccion,Sobre calle,Ninguna,Oscuro sin iluminacion,Despejado,No,NO APLICA,20,32,20,34,2,13/02/2022,2
13,Georgia,130229,0,0,2,0,121,FULTON (121),4790,ROSWELL,2,Febrero,12,2022,20,30,SR-014000/HOLCOMB BRIDGE RD,3,Highway estatal,Urbano,Arteria Principal,State Highway Agency,1,Sin jurisdiccion especial,123,33.98655556,-84.27128333,Vehiculo en movimiento,Angulo,Four-Way Intersection,Interseccion de 4 direcciones,Sobre calle,Ninguna,Oscuro con iluminacion,Despejado,No,NO APLICA,20,31,20,36,1,12/02/2022,3
13,Georgia,130230,1,1,1,0,51,CHATHAM (51),2290,GARDEN CITY,2,Febrero,9,2022,18,51,US-17/SR-25,2,US Highway,Urbano,Arteria Principal,State Highway Agency,1,Sin jurisdiccion especial,75,32.04147222,-81.19308056,Peaton,El primer evento no fue una colision con un vehiculo automotor en transporte,Not an Intersection,No fue interseccion,Sobre calle,Ninguna,Oscuro sin iluminacion,Despejado,No,NO APLICA,18,53,18,57,1,09/02/2022,1
13,Georgia,130231,0,0,1,0,95,DOUGHERTY (95),90,ALBANY,2,Febrero,4,2022,2,48,SR-91 JEFFERSON ST,3,Highway estatal,Urbano,Arteria Menor,State Highway Agency,0,Sin jurisdiccion especial,125,31.5824,-84.15596944,Banqueta,El primer evento no fue una colision con un vehiculo automotor en transporte,Not an Intersection,No fue interseccion,Sobre el lado de la calle,Ninguna,Oscuro con iluminacion,Nublado,No,NO APLICA,2,48,2,53,1,04/02/2022,2
13,Georgia,130232,1,1,1,0,215,MUSCOGEE (215),1280,COLUMBUS,1,Enero,30,2022,20,27,CR-22280/FT BENNING RD,4,Calle del Condado,Urbano,Arteria Principal,County Highway Agency,1,Sin jurisdiccion especial,19,32.43254722,-84.94020556,Peaton,El primer evento no fue una colision con un vehiculo automotor en transporte,Not an Intersection,No fue interseccion,Sobre calle,Ninguna,Oscuro con iluminacion,Despejado,No,NO APLICA,20,28,20,30,1,30/01/2022,1
13,Georgia,130234,0,0,2,0,215,MUSCOGEE (215),1280,COLUMBUS,1,Enero,29,2022,3,14,CR-275600,4,Calle del Condado,Urbano,Arteria Menor,County Highway Agency,0,Sin jurisdiccion especial,13,32.50548611,-84.93944444,Vehiculo en movimiento,Angulo,Four-Way Intersection,Interseccion de 4 direcciones,Sobre calle,Ninguna,Oscuro con iluminacion,Nublado,No,NO APLICA,3,18,3,29,1,29/01/2022,2
13,Georgia,130235,1,1,1,0,89,DEKALB (89),1060,CHAMBLEE,2,Febrero,21,2022,22,50,I 85 ACCESS RD NB,7,Calle Local,Urbano,Arteria Principal,City or Municipal Highway Agency,1,Sin jurisdiccion especial,49,33.87056111,-84.28192778,Peaton,El primer evento no fue una colision con un vehiculo automotor en transporte,Not an Intersection,No fue interseccion,Sobre calle,Ninguna,Oscuro sin iluminacion,lluvia,No,NO APLICA,99,99,99,99,1,21/02/2022,1
13,Georgia,130236,1,1,1,0,95,DOUGHERTY (95),90,ALBANY,2,Febrero,21,2022,19,23,RADIUM SPRINGS ROAD,6,Calle Local Municipalidad,Urbano,Arteria Menor,City or Municipal Highway Agency,0,Sin jurisdiccion especial,10,31.55123056,-84.13698056,Peaton,El primer evento no fue una colision con un vehiculo automotor en transporte,Not an Intersection,No fue interseccion,Sobre calle,Ninguna,Oscuro sin iluminacion,lluvia,No,NO APLICA,19,24,19,29,1,21/02/2022,1
13,Georgia,130237,0,0,1,0,293,UPSON (293),0,NO APLICA,2,Febrero,20,2022,0,15,THOMPSON RD,5,Calle Local - Pueblo,Rural,Local,City or Municipal Highway Agency,0,Sin jurisdiccion especial,18,32.97555,-84.35365278,Zanja,El primer evento no fue una colision con un vehiculo automotor en transporte,Not an Intersection,No fue interseccion,Sobre el lado de la calle,Ninguna,Oscuro sin iluminacion,Despejado,No,NO APLICA,0,14,0,29,1,20/02/2022,2
13,Georgia,130238,0,0,2,0,63,CLAYTON (63),2180,FOREST PARK,2,Febrero,16,2022,6,10,I-285,1,Interestatal,Urbano,Interestatal,State Highway Agency,1,Sin jurisdiccion especial,12,33.63570278,-84.38402222,Barrera de Trafico de Concreto,El primer evento no fue una colision con un vehiculo automotor en transporte,Not an Intersection,No fue interseccion,En el medio,Ninguna,Oscuro sin iluminacion,Despejado,No,NO APLICA,6,12,6,21,1,16/02/2022,2
13,Georgia,130239,1,1,1,0,121,FULTON (121),280,ATLANTA,2,Febrero,16,2022,3,9,I-75,1,Interestatal,Urbano,Interestatal,State Highway Agency,1,Sin jurisdiccion especial,73,33.74841667,-84.38456944,Peaton,El primer evento no fue una colision con un vehiculo automotor en transporte,Not an Intersection,No fue interseccion,Sobre calle,Ninguna,Oscuro con iluminacion,Despejado,No,NO APLICA,3,9,3,20,1,16/02/2022,1
13,Georgia,130240,0,0,3,0,113,FAYETTE (113),0,NO APLICA,2,Febrero,10,2022,9,32,SR-92,3,Highway estatal,Rural,Arteria Menor,State Highway Agency,0,Sin jurisdiccion especial,16,33.328625,-84.40697222,Vehiculo en movimiento,Golpe Lateral - direccion contraria,Not an Intersection,No fue interseccion,Sobre calle,Ninguna,Dia total,Despejado,No,NO APLICA,9,37,9,44,1,10/02/2022,6
13,Georgia,130241,0,0,2,0,103,EFFINGHAM (103),0,NO APLICA,2,Febrero,20,2022,15,35,SR-119,3,Highway estatal,Rural,Arteria Menor,State Highway Agency,0,Sin jurisdiccion especial,190,32.48707778,-81.26918333,Vehiculo en movimiento,Angulo,T-Intersection,Interseccion de T,Sobre calle,Ninguna,Dia total,Despejado,No,NO APLICA,99,99,99,99,2,20/02/2022,3
13,Georgia,130242,1,1,1,0,89,DEKALB (89),0,NO APLICA,2,Febrero,19,2022,23,57,SR-155 FLATSHOALS PKWY,3,Highway estatal,Urbano,Arteria Menor,State Highway Agency,0,Sin jurisdiccion especial,47,33.68041667,-84.22660833,Peaton,El primer evento no fue una colision con un vehiculo automotor en transporte,Four-Way Intersection,Interseccion de 4 direcciones,Sobre calle,Ninguna,Oscuro con iluminacion,Despejado,No,NO APLICA,99,99,99,99,1,19/02/2022,1
13,Georgia,130243,0,0,2,0,247,ROCKDALE (247),1320,CONYERS,2,Febrero,18,2022,11,7,IRIS DR,5,Calle Local - Pueblo,Urbano,Local,City or Municipal Highway Agency,0,Sin jurisdiccion especial,0,33.65761389,-84.01924444,Vehiculo en movimiento,Angulo,T-Intersection,Interseccion de T,Sobre calle,Ninguna,Dia total,Despejado,No,NO APLICA,11,8,11,14,1,18/02/2022,2
13,Georgia,130244,0,0,3,0,89,DEKALB (89),0,NO APLICA,2,Febrero,19,2022,22,47,I-285 E,1,Interestatal,Urbano,Interestatal,State Highway Agency,1,Sin jurisdiccion especial,258,33.66688889,-84.34265833,Vehiculo en movimiento,Angulo,Not an Intersection,No fue interseccion,Sobre calle,Ninguna,Oscuro sin iluminacion,Despejado,No,NO APLICA,99,99,99,99,1,19/02/2022,6
13,Georgia,130245,1,1,1,0,245,RICHMOND (245),310,AUGUSTA,2,Febrero,19,2022,0,21,US-1 DEANS BRIDGE RD,2,US Highway,Urbano,Arteria Principal,State Highway Agency,1,Sin jurisdiccion especial,155,33.40562222,-82.10276944,Peaton,El primer evento no fue una colision con un vehiculo automotor en transporte,Not an Intersection,No fue interseccion,Sobre calle,Ninguna,Oscuro sin iluminacion,Despejado,No,NO APLICA,99,99,99,99,1,19/02/2022,1
13,Georgia,130246,0,0,2,0,309,WHEELER (309),0,NO APLICA,2,Febrero,18,2022,12,5,SR-31,3,Highway estatal,Rural,Arteria Principal,State Highway Agency,1,Sin jurisdiccion especial,15,32.100175,-82.88621389,Vehiculo en movimiento,Frente a frente,Not an Intersection,No fue interseccion,Sobre calle,Ninguna,Dia total,Despejado,No,NO APLICA,12,10,12,16,3,18/02/2022,3
13,Georgia,130247,0,0,1,0,155,IRWIN (155),0,NO APLICA,2,Febrero,17,2022,19,8,CR-011400/BUGLE LANE RD,4,Calle del Condado,Rural,Local,County Highway Agency,0,Sin jurisdiccion especial,55,31.59443333,-83.33892222,Culvert,El primer evento no fue una colision con un vehiculo automotor en transporte,Not an Intersection,No fue interseccion,Sobre el lado de la calle,Ninguna,Oscuro sin iluminacion,Nublado,No,NO APLICA,19,12,19,24,1,17/02/2022,3
13,Georgia,130248,1,1,1,0,89,DEKALB (89),5580,TUCKER,2,Febrero,17,2022,10,44,I-285 RAMP,1,Interestatal,Urbano,Interestatal,State Highway Agency,1,Sin jurisdiccion especial,0,33.82855278,-84.251825,Peaton,El primer evento no fue una colision con un vehiculo automotor en transporte,Not an Intersection,No fue interseccion,Sobre Acotamiento,Ninguna,Dia total,Despejado,No,NO APLICA,88,88,88,88,1,17/02/2022,2
13,Georgia,130249,0,0,1,0,95,DOUGHERTY (95),90,ALBANY,2,Febrero,16,2022,22,15,SR-3,3,Highway estatal,Urbano,Arteria Principal,State Highway Agency,1,Sin jurisdiccion especial,37,31.49666944,-84.11574444,Zanja,El primer evento no fue una colision con un vehiculo automotor en transporte,Not an Intersection,No fue interseccion,Sobre el lado de la calle,Ninguna,Oscuro sin iluminacion,Despejado,No,NO APLICA,22,15,22,21,1,16/02/2022,1
13,Georgia,130250,0,0,1,0,313,WHITFIELD (313),0,NO APLICA,2,Febrero,16,2022,22,9,SR-201,3,Highway estatal,Rural,Colector Mayor,State Highway Agency,0,Sin jurisdiccion especial,51,34.77926111,-85.06603333,Poste,El primer evento no fue una colision con un vehiculo automotor en transporte,Not an Intersection,No fue interseccion,Sobre el lado de la calle,Ninguna,Oscuro sin iluminacion,Despejado,No,NO APLICA,22,10,22,22,1,16/02/2022,1
13,Georgia,130252,0,0,2,0,205,MITCHELL (205),0,NO APLICA,2,Febrero,16,2022,14,46,SR-112,3,Highway estatal,Rural,Colector Mayor,State Highway Agency,0,Sin jurisdiccion especial,99998,31.19822222,-84.22444722,Vehiculo en movimiento,Frente a frente,Not an Intersection,No fue interseccion,Sobre calle,Ninguna,Dia total,Despejado,No,NO APLICA,14,46,14,58,1,16/02/2022,3
13,Georgia,130253,1,1,1,0,67,COBB (67),2990,KENNESAW,1,Enero,15,2022,22,9,CR-008700/NEW MCEVER RD,4,Calle del Condado,Urbano,Local,County Highway Agency,0,Sin jurisdiccion especial,6,34.055475,-84.64301389,Peaton,El primer evento no fue una colision con un vehiculo automotor en transporte,Not an Intersection,No fue interseccion,Sobre calle,Ninguna,Oscuro sin iluminacion,lluvia,No,NO APLICA,22,16,22,23,1,15/01/2022,1
13,Georgia,130254,0,0,1,0,313,WHITFIELD (313),0,NO APLICA,2,Febrero,15,2022,19,13,CR-011800/BETHEL CHURCH RD,4,Calle del Condado,Rural,Local,County Highway Agency,0,Sin jurisdiccion especial,3,34.78814167,-84.91006389,Animal vivo,El primer evento no fue una colision con un vehiculo automotor en transporte,Not an Intersection,No fue interseccion,Sobre calle,Ninguna,Dia total,Despejado,No,NO APLICA,18,46,18,54,1,15/02/2022,1
13,Georgia,130255,1,1,1,0,21,BIBB (21),3390,MACON,2,Febrero,15,2022,18,49,SR-11,3,Highway estatal,Urbano,Arteria Principal,State Highway Agency,1,Sin jurisdiccion especial,70,32.771575,-83.65950278,Peaton,El primer evento no fue una colision con un vehiculo automotor en transporte,Not an Intersection,No fue interseccion,Sobre calle,Construccion,Oscuro sin iluminacion,Despejado,No,NO APLICA,18,53,18,54,1,15/02/2022,1
13,Georgia,130256,1,1,1,0,63,CLAYTON (63),4690,RIVERDALE,2,Febrero,15,2022,17,39,CR-357400/WALKER RD,4,Calle del Condado,Urbano,Local,County Highway Agency,0,Sin jurisdiccion especial,2,33.58936667,-84.429075,Peaton,El primer evento no fue una colision con un vehiculo automotor en transporte,Not an Intersection,No fue interseccion,Sobre calle,Ninguna,Oscuro sin iluminacion,Despejado,No,NO APLICA,17,40,17,46,1,15/02/2022,1
13,Georgia,130257,0,0,1,0,311,WHITE (311),0,NO APLICA,2,Febrero,15,2022,17,25,SR-384,3,Highway estatal,Rural,Colector Mayor,State Highway Agency,0,Sin jurisdiccion especial,87,34.64169167,-83.68774167,Valla Ferrocarril,El primer evento no fue una colision con un vehiculo automotor en transporte,Not an Intersection,No fue interseccion,Sobre el lado de la calle,Ninguna,Atardecer,Despejado,No,NO APLICA,17,28,17,37,1,15/02/2022,1
13,Georgia,130258,0,0,1,0,91,DODGE (91),0,NO APLICA,2,Febrero,15,2022,17,7,CR-035300/KATE PARKERSON RD,4,Calle del Condado,Rural,Local,County Highway Agency,0,Sin jurisdiccion especial,6,32.21873889,-83.05026944,Acotamiento,El primer evento no fue una colision con un vehiculo automotor en transporte,Not an Intersection,No fue interseccion,Sobre el lado de la calle,Ninguna,Dia total,Despejado,No,NO APLICA,17,12,17,36,2,15/02/2022,2