Estado,Nombre de Estado,Numero de Caso,Peatones,Personas _no_vehiculos,Vehiculos automotores,Vehiculos estacionados,Condado,Nombre Condado,Ciudad,Nombre Ciudad,Mes,Nombre Mes,Dia,Año,Hora,Minuto,Calle,Ruta,Nombre Ruta,Rural o Urbanoo,Sistema Funcional,Dueño Calle,Sistema Nacional Carreteras,Jurisdiccion Especial,Milla,Latitud,Longitud,Causa del Accidente,Tipo de Accidente,Tipo Interseccion,Columna1,Lugar en la calle,Zona de Trabajo,Luz,Clima,Autobus Escolar,Cruce de Trenes,Hora Notificacion,Minuto Notificacion,Hora Llegada,Minuto Llegada,Decesos,Fecha,PersonaVehiculo
13,Georgia,130259,1,1,1,0,63,CLAYTON (63),0,NO APLICA,2,Febrero,14,2022,23,6,SR-139,3,Highway estatal,Urbano,Arteria Menor,State Highway Agency,0,Sin jurisdiccion especial,33,33.61175,-84.43673333,Peaton,El primer evento no fue una colision con un vehiculo automotor en transporte,T-Intersection,Interseccion de T,Sobre calle,Ninguna,Oscuro sin iluminacion,Despejado,No,NO APLICA,23,6,23,10,1,14/02/2022,1
13,Georgia,130260,0,0,1,0,195,MADISON (195),0,NO APLICA,2,Febrero,14,2022,20,52,CR-006800/POCA RD,4,Calle del Condado,Rural,Colector Mayor,County Highway Agency,0,Sin jurisdiccion especial,32,34.19349167,-83.27711111,Zanja,El primer evento no fue una colision con un vehiculo automotor en transporte,Not an Intersection,No fue interseccion,Sobre el lado de la calle,Ninguna,Oscuro sin iluminacion,Nublado,No,NO APLICA,20,57,21,3,1,14/02/2022,1
13,Georgia,130261,0,0,2,0,81,CRISP (81),0,NO APLICA,2,Febrero,14,2022,15,47,CR-008100/CONEY RD,4,Calle del Condado,Rural,Colector Mayor,County Highway Agency,0,Sin jurisdiccion especial,9,32.03015278,-83.83884167,Vehiculo en movimiento,Angulo,Four-Way Intersection,Interseccion de 4 direcciones,Sobre calle,Ninguna,Dia total,Despejado,No,NO APLICA,15,47,15,57,1,14/02/2022,7
13,Georgia,130262,0,0,1,0,241,RABUN (241),0,NO APLICA,2,Febrero,14,2022,11,0,SR-76,3,Highway estatal,Rural,Arteria Principal,State Highway Agency,1,Sin jurisdiccion especial,25,34.89188889,-83.58682222,Volcadura,El primer evento no fue una colision con un vehiculo automotor en transporte,Not an Intersection,No fue interseccion,Sobre el lado de la calle,Ninguna,Dia total,Despejado,No,NO APLICA,11,15,11,15,1,14/02/2022,1
13,Georgia,130263,0,0,2,0,67,COBB (67),0,NO APLICA,2,Febrero,12,2022,16,9,SR-280,3,Highway estatal,Urbano,Arteria Menor,State Highway Agency,0,Sin jurisdiccion especial,119,33.92060556,-84.51045556,Vehiculo en movimiento,Angulo,Not an Intersection,No fue interseccion,Sobre calle,Ninguna,Dia total,Despejado,No,NO APLICA,16,10,16,13,1,12/02/2022,2
13,Georgia,130264,0,0,1,0,33,BURKE (33),0,NO APLICA,1,Enero,19,2022,17,48,SR-80,3,Highway estatal,Rural,Colector Mayor,State Highway Agency,0,Sin jurisdiccion especial,7,33.20117222,-81.85798333,Volcadura,El primer evento no fue una colision con un vehiculo automotor en transporte,Not an Intersection,No fue interseccion,Sobre el lado de la calle,Ninguna,Dia total,Despejado,No,NO APLICA,17,48,18,1,1,19/01/2022,1
13,Georgia,130265,0,0,2,0,121,FULTON (121),5640,UNION CITY,2,Febrero,10,2022,17,31,CR-150521,4,Calle del Condado,Urbano,Colector Mayor,County Highway Agency,0,Sin jurisdiccion especial,0,33.56403889,-84.52635278,Vehiculo en movimiento,Angulo,Not an Intersection,No fue interseccion,Sobre calle,Ninguna,Dia total,Despejado,No,NO APLICA,17,32,17,45,1,10/02/2022,2
13,Georgia,130266,0,0,1,0,151,HENRY (151),5210,STOCKBRIDGE,2,Febrero,9,2022,21,23,CR-065900 HUDSON BRIDGE RD,4,Calle del Condado,Urbano,Arteria Menor,County Highway Agency,0,Sin jurisdiccion especial,9,33.50476111,-84.23338611,Edificio,El primer evento no fue una colision con un vehiculo automotor en transporte,Not an Intersection,No fue interseccion,Fuera de la calle,Ninguna,Oscuro con iluminacion,Despejado,No,NO APLICA,21,26,21,29,1,09/02/2022,1
13,Georgia,130267,1,1,1,0,121,FULTON (121),1250,COLLEGE PARK,2,Febrero,8,2022,3,38,I-85,1,Interestatal,Urbano,Interestatal,State Highway Agency,1,Sin jurisdiccion especial,124,33.62041389,-84.47153889,Peaton,El primer evento no fue una colision con un vehiculo automotor en transporte,Not an Intersection,No fue interseccion,Sobre calle,Ninguna,Oscuro sin iluminacion,Despejado,No,NO APLICA,4,38,4,46,1,08/02/2022,1
13,Georgia,130268,1,1,1,0,273,TERRELL (273),0,NO APLICA,2,Febrero,6,2022,22,16,SR-520,3,Highway estatal,Rural,Arteria Principal,State Highway Agency,1,Sin jurisdiccion especial,235,31.68024722,-84.2998,Peaton,El primer evento no fue una colision con un vehiculo automotor en transporte,Not an Intersection,No fue interseccion,Sobre calle,Ninguna,Oscuro sin iluminacion,Nublado,No,NO APLICA,22,3,22,22,1,06/02/2022,1
13,Georgia,130269,1,1,1,0,255,SPALDING (255),0,NO APLICA,2,Febrero,5,2022,23,50,CR-049700/VINEYARD RD,4,Calle del Condado,Urbano,Arteria Menor,County Highway Agency,0,Sin jurisdiccion especial,28,33.29543056,-84.29405833,Ciclista,El primer evento no fue una colision con un vehiculo automotor en transporte,Not an Intersection,No fue interseccion,Sobre calle,Ninguna,Oscuro sin iluminacion,Despejado,No,NO APLICA,23,56,0,3,1,05/02/2022,1
13,Georgia,130270,0,0,1,0,121,FULTON (121),280,ATLANTA,2,Febrero,5,2022,3,55,I-75 RAMP,1,Interestatal,Urbano,Interestatal,State Highway Agency,1,Sin jurisdiccion especial,1,33.695975,-84.40711944,Fin de valla,El primer evento no fue una colision con un vehiculo automotor en transporte,Not an Intersection,No fue interseccion,Gore?,Ninguna,Oscuro con iluminacion,Despejado,No,NO APLICA,3,58,4,5,1,05/02/2022,2
13,Georgia,130271,0,0,1,0,11,BANKS (11),2790,HOMER,2,Febrero,2,2022,2,0,CR-030000,4,Calle del Condado,Rural,Colector Mayor,County Highway Agency,0,Sin jurisdiccion especial,99998,34.33745833,-83.50236944,Volcadura,El primer evento no fue una colision con un vehiculo automotor en transporte,Not an Intersection,No fue interseccion,Sobre el lado de la calle,Ninguna,Oscuro sin iluminacion,Despejado,No,NO APLICA,2,55,3,6,1,02/02/2022,2
13,Georgia,130272,0,0,1,0,275,THOMAS (275),0,NO APLICA,1,Enero,30,2022,15,37,CR-012900,4,Calle del Condado,Rural,Local,County Highway Agency,0,Sin jurisdiccion especial,18,31.03203611,-84.03695833,Volcadura,El primer evento no fue una colision con un vehiculo automotor en transporte,Not an Intersection,No fue interseccion,Sobre el lado de la calle,Ninguna,Dia total,Despejado,No,NO APLICA,15,38,15,48,1,30/01/2022,1
13,Georgia,130273,0,0,1,0,15,BARTOW (15),0,NO APLICA,1,Enero,12,2022,7,55,CR-063400/BELLS FERRY RD,4,Calle del Condado,Urbano,Local,County Highway Agency,0,Sin jurisdiccion especial,46,34.22784722,-84.69626944,Arbol,El primer evento no fue una colision con un vehiculo automotor en transporte,Not an Intersection,No fue interseccion,Sobre el lado de la calle,Ninguna,Dia total,Despejado,No,NO APLICA,8,3,8,13,1,12/01/2022,1
13,Georgia,130274,0,0,3,0,121,FULTON (121),280,ATLANTA,1,Enero,16,2022,1,20,I-20,1,Interestatal,Urbano,Interestatal,State Highway Agency,1,Sin jurisdiccion especial,47,33.75296389,-84.46271944,Vehiculo en movimiento,Frente a frente,Not an Intersection,No fue interseccion,Sobre calle,Ninguna,Oscuro sin iluminacion,lluvia,No,NO APLICA,1,26,1,30,1,16/01/2022,4
13,Georgia,130275,0,0,1,0,67,COBB (67),0,NO APLICA,1,Enero,29,2022,0,55,CR-115400 POWERS FERRY RD,4,Calle del Condado,Urbano,Colector Mayor,County Highway Agency,0,Sin jurisdiccion especial,39,33.90245,-84.45711944,Banqueta,El primer evento no fue una colision con un vehiculo automotor en transporte,Not an Intersection,No fue interseccion,Sobre el lado de la calle,Ninguna,Oscuro con iluminacion,Aguanieve,No,NO APLICA,0,55,0,59,1,29/01/2022,2
13,Georgia,130276,0,0,2,0,21,BIBB (21),3390,MACON,1,Enero,29,2022,18,0,SR-19,3,Highway estatal,Urbano,Arteria Principal,State Highway Agency,1,Sin jurisdiccion especial,155,32.88037778,-83.72487222,Vehiculo en movimiento,Frente a frente,T-Intersection,Interseccion de T,Sobre calle,Ninguna,Dia total,Despejado,No,NO APLICA,18,2,18,7,1,29/01/2022,3
13,Georgia,130277,0,0,2,0,53,CHATTAHOOCHEE (53),0,NO APLICA,1,Enero,29,2022,19,20,SR-520,3,Highway estatal,Rural,Arteria Principal,State Highway Agency,1,Sin jurisdiccion especial,129,32.26694444,-84.74240556,Vehiculo en movimiento,Frente a frente,Not an Intersection,No fue interseccion,Sobre calle,Ninguna,Oscuro sin iluminacion,Despejado,No,NO APLICA,19,25,19,29,2,29/01/2022,2
13,Georgia,130278,0,0,1,0,89,DEKALB (89),9997,Other,1,Enero,30,2022,23,11,I-20,1,Interestatal,Urbano,Interestatal,State Highway Agency,1,Sin jurisdiccion especial,37,33.71461944,-84.30710833,Barda,El primer evento no fue una colision con un vehiculo automotor en transporte,Not an Intersection,No fue interseccion,Sobre el lado de la calle,Ninguna,Oscuro con iluminacion,Despejado,No,NO APLICA,23,13,23,20,1,30/01/2022,1
13,Georgia,130280,0,0,1,0,135,GWINNETT (135),0,NO APLICA,2,Febrero,19,2022,4,17,BAKER CT,5,Calle Local - Pueblo,Urbano,Local,City or Municipal Highway Agency,0,Sin jurisdiccion especial,1,33.96260833,-84.253775,Arbol,El primer evento no fue una colision con un vehiculo automotor en transporte,Not an Intersection,No fue interseccion,Sobre el lado de la calle,Ninguna,Oscuro sin iluminacion,Despejado,No,NO APLICA,99,99,99,99,1,19/02/2022,1
13,Georgia,130281,0,0,1,0,59,CLARKE (59),270,ATHENS,2,Febrero,27,2022,10,48,SR-10,3,Highway estatal,Urbano,Arteria Principal,State Highway Agency,1,Sin jurisdiccion especial,12,33.94015833,-83.49510556,Banqueta,El primer evento no fue una colision con un vehiculo automotor en transporte,Not an Intersection,No fue interseccion,Sobre el lado de la calle,Ninguna,Dia total,lluvia,No,NO APLICA,10,50,11,0,1,27/02/2022,6
13,Georgia,130282,0,0,2,0,223,PAULDING (223),0,NO APLICA,3,Marzo,4,2022,18,16,SR-120,3,Highway estatal,Rural,Arteria Menor,State Highway Agency,0,Sin jurisdiccion especial,46,33.84836389,-84.96145278,Vehiculo en movimiento,Frente a Detrás,Four-Way Intersection,Interseccion de 4 direcciones,Sobre calle,Ninguna,Dia total,Despejado,No,NO APLICA,18,26,18,37,1,04/03/2022,3
13,Georgia,130283,0,0,2,0,121,FULTON (121),280,ATLANTA,3,Marzo,4,2022,3,48,I-85,1,Interestatal,Urbano,Interestatal,State Highway Agency,1,Sin jurisdiccion especial,287,33.80617222,-84.38124167,Vehiculo en movimiento,Frente a Detrás,Not an Intersection,No fue interseccion,Sobre calle,Ninguna,Oscuro con iluminacion,Despejado,No,NO APLICA,3,49,3,56,3,04/03/2022,5
13,Georgia,130284,0,0,1,0,151,HENRY (151),0,NO APLICA,3,Marzo,3,2022,22,46,PATRICK HENRY PKWY,6,Calle Local Municipalidad,Urbano,Local,City or Municipal Highway Agency,0,Sin jurisdiccion especial,0,33.4933,-84.21796944,Banqueta,El primer evento no fue una colision con un vehiculo automotor en transporte,Not an Intersection,No fue interseccion,Sobre el lado de la calle,Ninguna,Oscuro sin iluminacion,Despejado,No,NO APLICA,22,47,22,53,1,03/03/2022,1
13,Georgia,130285,0,0,1,0,189,MCDUFFIE (189),0,NO APLICA,3,Marzo,3,2022,21,20,CR-031100,4,Calle del Condado,Rural,Colector Mayor,County Highway Agency,0,Sin jurisdiccion especial,7,33.43032778,-82.4763,Volcadura,El primer evento no fue una colision con un vehiculo automotor en transporte,Not an Intersection,No fue interseccion,Sobre el lado de la calle,Ninguna,Oscuro con iluminacion,Despejado,No,NO APLICA,21,28,21,42,1,03/03/2022,1
13,Georgia,130286,0,0,2,0,319,WILKINSON (319),2420,GORDON,3,Marzo,3,2022,13,35,SR-540,3,Highway estatal,Rural,Arteria Principal,State Highway Agency,1,Sin jurisdiccion especial,19,32.9484,-83.25619167,Vehiculo en movimiento,Angulo,Four-Way Intersection,Interseccion de 4 direcciones,Sobre calle,Ninguna,Dia total,Despejado,No,NO APLICA,13,58,14,15,2,03/03/2022,3
13,Georgia,130287,0,0,1,0,45,CARROLL (45),5420,TEMPLE,3,Marzo,3,2022,10,20,CS-78309,5,Calle Local - Pueblo,Rural,Local,City or Municipal Highway Agency,0,Sin jurisdiccion especial,13,33.75391944,-85.01644444,Otro objeto (fijo),El primer evento no fue una colision con un vehiculo automotor en transporte,Not an Intersection,No fue interseccion,Fuera de la calle,Ninguna,Dia total,Despejado,No,NO APLICA,10,41,10,51,1,03/03/2022,1
13,Georgia,130288,1,1,1,0,297,WALTON (297),0,NO APLICA,3,Marzo,3,2022,4,47,SR-11,3,Highway estatal,Urbano,Arteria Menor,State Highway Agency,0,Sin jurisdiccion especial,140,33.82689722,-83.73233056,Peaton,El primer evento no fue una colision con un vehiculo automotor en transporte,Not an Intersection,No fue interseccion,Sobre calle,Ninguna,Oscuro sin iluminacion,Despejado,No,NO APLICA,4,50,4,55,1,03/03/2022,1
13,Georgia,130289,0,0,2,0,215,MUSCOGEE (215),1280,COLUMBUS,3,Marzo,2,2022,19,24,SR-100,3,Highway estatal,Urbano,Arteria Principal,State Highway Agency,1,Sin jurisdiccion especial,139,32.54255278,-84.95414722,Vehiculo en movimiento,Angulo,Four-Way Intersection,Interseccion de 4 direcciones,Sobre calle,Ninguna,Oscuro sin iluminacion,Despejado,No,NO APLICA,19,24,19,29,1,02/03/2022,3
13,Georgia,130290,0,0,1,0,67,COBB (67),0,NO APLICA,3,Marzo,2,2022,1,11,CR-736,4,Calle del Condado,Urbano,Local,County Highway Agency,0,Sin jurisdiccion especial,9,34.00421111,-84.43049444,Culvert,El primer evento no fue una colision con un vehiculo automotor en transporte,Not an Intersection,No fue interseccion,Sobre el lado de la calle,Ninguna,Oscuro sin iluminacion,Despejado,No,NO APLICA,1,11,1,17,1,02/03/2022,1
13,Georgia,130291,0,0,1,0,257,STEPHENS (257),0,NO APLICA,3,Marzo,1,2022,12,25,SR-336,3,Highway estatal,Rural,Colector Mayor,State Highway Agency,0,Sin jurisdiccion especial,79,34.55295556,-83.17463611,Arbol,El primer evento no fue una colision con un vehiculo automotor en transporte,Not an Intersection,No fue interseccion,Fuera de la calle,Ninguna,Dia total,Despejado,No,NO APLICA,12,26,12,38,1,01/03/2022,1
13,Georgia,130292,0,0,1,0,129,GORDON (129),0,NO APLICA,3,Marzo,5,2022,20,16,CR-002100,4,Calle del Condado,Urbano,Colector Mayor,County Highway Agency,0,Sin jurisdiccion especial,8,34.524275,-84.91856944,Culvert,El primer evento no fue una colision con un vehiculo automotor en transporte,Not an Intersection,No fue interseccion,Sobre el lado de la calle,Ninguna,Oscuro sin iluminacion,Despejado,No,NO APLICA,20,16,20,20,1,05/03/2022,1
13,Georgia,130293,0,0,1,0,121,FULTON (121),280,ATLANTA,3,Marzo,5,2022,17,59,CS-127903 PEGG RD SW,6,Calle Local Municipalidad,Urbano,Local,City or Municipal Highway Agency,0,Sin jurisdiccion especial,1,33.68925278,-84.40676111,Barda,El primer evento no fue una colision con un vehiculo automotor en transporte,Not an Intersection,No fue interseccion,Fuera de la calle,Ninguna,Dia total,Despejado,No,NO APLICA,18,2,18,10,1,05/03/2022,1
13,Georgia,130294,0,0,2,0,9,BALDWIN (9),0,NO APLICA,3,Marzo,5,2022,15,40,SR-49,3,Highway estatal,Rural,Arteria Menor,State Highway Agency,0,Sin jurisdiccion especial,37,33.02635556,-83.32848889,Vehiculo en movimiento,Frente a frente,Not an Intersection,No fue interseccion,Sobre calle,Ninguna,Dia total,Despejado,No,NO APLICA,15,40,15,52,1,05/03/2022,3
13,Georgia,130295,1,1,1,0,195,MADISON (195),0,NO APLICA,3,Marzo,5,2022,6,10,SR-8,3,Highway estatal,Rural,Arteria Menor,State Highway Agency,0,Sin jurisdiccion especial,38,34.06292778,-83.278125,Peaton,El primer evento no fue una colision con un vehiculo automotor en transporte,T-Intersection,Interseccion de T,Sobre calle,Ninguna,Oscuro sin iluminacion,Despejado,No,NO APLICA,6,14,6,18,1,05/03/2022,1
13,Georgia,130296,0,0,1,0,153,HOUSTON (153),0,NO APLICA,3,Marzo,5,2022,3,50,I-75,1,Interestatal,Rural,Interestatal,State Highway Agency,1,Sin jurisdiccion especial,79,32.40439167,-83.76440278,Valla Ferrocarril,El primer evento no fue una colision con un vehiculo automotor en transporte,Not an Intersection,No fue interseccion,En el medio,Ninguna,Oscuro sin iluminacion,Despejado,No,NO APLICA,3,56,4,9,1,05/03/2022,1
13,Georgia,130297,0,0,1,0,195,MADISON (195),0,NO APLICA,3,Marzo,5,2022,1,29,SR-8,3,Highway estatal,Rural,Arteria Menor,State Highway Agency,0,Sin jurisdiccion especial,138,34.18043611,-83.20663333,Arbol,El primer evento no fue una colision con un vehiculo automotor en transporte,Not an Intersection,No fue interseccion,Sobre el lado de la calle,Ninguna,Oscuro sin iluminacion,Despejado,No,NO APLICA,2,30,2,39,1,05/03/2022,1
13,Georgia,130298,0,0,1,0,187,LUMPKIN (187),0,NO APLICA,3,Marzo,5,2022,1,10,SR-9,3,Highway estatal,Rural,Arteria Principal,State Highway Agency,1,Sin jurisdiccion especial,239,34.65798611,-83.90829444,Zanja,El primer evento no fue una colision con un vehiculo automotor en transporte,Not an Intersection,No fue interseccion,Sobre el lado de la calle,Ninguna,Oscuro sin iluminacion,Despejado,No,NO APLICA,1,30,1,50,1,05/03/2022,1
13,Georgia,130299,0,0,1,0,121,FULTON (121),280,ATLANTA,3,Marzo,5,2022,0,52,I-20,1,Interestatal,Urbano,Interestatal,State Highway Agency,1,Sin jurisdiccion especial,26,33.76516111,-84.49380278,Valla Ferrocarril,El primer evento no fue una colision con un vehiculo automotor en transporte,Not an Intersection,No fue interseccion,Sobre el lado de la calle,Ninguna,Oscuro sin iluminacion,Despejado,No,NO APLICA,99,98,99,98,1,05/03/2022,1
13,Georgia,130300,0,0,2,0,89,DEKALB (89),0,NO APLICA,3,Marzo,4,2022,19,40,CR-519000,4,Calle del Condado,Urbano,Arteria Principal,County Highway Agency,1,Sin jurisdiccion especial,10,33.772575,-84.19395,Vehiculo en movimiento,Angulo,Four-Way Intersection,Interseccion de 4 direcciones,Sobre calle,Ninguna,Oscuro con iluminacion,Despejado,No,NO APLICA,19,40,19,58,2,04/03/2022,4
13,Georgia,130301,1,1,1,0,277,TIFT (277),0,NO APLICA,3,Marzo,4,2022,19,29,SR-520,3,Highway estatal,Urbano,Arteria Principal,State Highway Agency,1,Sin jurisdiccion especial,99998,31.44826111,-83.53685278,Peaton,El primer evento no fue una colision con un vehiculo automotor en transporte,T-Intersection,Interseccion de T,Sobre calle,Ninguna,Oscuro con iluminacion,Despejado,No,NO APLICA,19,36,19,38,1,04/03/2022,1
13,Georgia,130302,1,1,1,0,27,BROOKS (27),0,NO APLICA,3,Marzo,9,2022,4,30,SR-76,3,Highway estatal,Rural,Arteria Menor,State Highway Agency,0,Sin jurisdiccion especial,25,30.68321667,-83.62044444,Peaton,El primer evento no fue una colision con un vehiculo automotor en transporte,Not an Intersection,No fue interseccion,Sobre calle,Ninguna,Oscuro sin iluminacion,Despejado,No,NO APLICA,4,30,4,49,1,09/03/2022,1
13,Georgia,130303,0,0,2,0,279,TOOMBS (279),3340,LYONS,3,Marzo,8,2022,16,18,SR-4,3,Highway estatal,Rural,Arteria Principal,State Highway Agency,1,Sin jurisdiccion especial,251,32.28048333,-82.30411944,Vehiculo en movimiento,Angulo,T-Intersection,Interseccion de T,Sobre calle,Ninguna,Dia total,Despejado,No,NO APLICA,16,16,16,22,2,08/03/2022,3
13,Georgia,130304,0,0,1,0,123,GILMER (123),0,NO APLICA,3,Marzo,8,2022,14,35,US-76,2,US Highway,Rural,Arteria Principal,State Highway Agency,1,Sin jurisdiccion especial,149,34.73664167,-84.42398333,Fin de valla,El primer evento no fue una colision con un vehiculo automotor en transporte,Not an Intersection,No fue interseccion,Sobre el lado de la calle,Ninguna,Dia total,lluvia,No,NO APLICA,14,45,14,46,1,08/03/2022,1
13,Georgia,130306,1,1,1,0,135,GWINNETT (135),0,NO APLICA,3,Marzo,7,2022,19,7,SR-10,3,Highway estatal,Urbano,Arteria Principal,State Highway Agency,1,Sin jurisdiccion especial,22,33.83177778,-84.08943056,Peaton,El primer evento no fue una colision con un vehiculo automotor en transporte,T-Intersection,Interseccion de T,Sobre calle,Ninguna,Oscuro con iluminacion,lluvia,No,NO APLICA,19,9,19,11,1,07/03/2022,1
13,Georgia,130307,1,1,3,0,135,GWINNETT (135),0,NO APLICA,3,Marzo,6,2022,20,7,I-85NB,1,Interestatal,Urbano,Interestatal,State Highway Agency,1,Sin jurisdiccion especial,99999,33.90964722,-84.22361111,Peaton,El primer evento no fue una colision con un vehiculo automotor en transporte,Not an Intersection,No fue interseccion,Sobre Acotamiento,Ninguna,Oscuro con iluminacion,Despejado,No,NO APLICA,20,9,20,15,1,06/03/2022,1
13,Georgia,130308,0,0,1,0,57,CHEROKEE (57),0,NO APLICA,3,Marzo,6,2022,18,27,YELLOW CREEK RD,6,Calle Local Municipalidad,Rural,Colector Mayor,City or Municipal Highway Agency,0,Sin jurisdiccion especial,41,34.34545,-84.26458611,Barda,El primer evento no fue una colision con un vehiculo automotor en transporte,Not an Intersection,No fue interseccion,Sobre el lado de la calle,Ninguna,Dia total,Despejado,No,NO APLICA,99,98,99,98,1,06/03/2022,1
13,Georgia,130309,0,0,1,0,17,BEN HILL (17),2130,FITZGERALD,3,Marzo,6,2022,11,16,CS-051101 S MAIN ST,6,Calle Local Municipalidad,Urbano,Arteria Menor,City or Municipal Highway Agency,0,Sin jurisdiccion especial,12,31.70566389,-83.25436111,Edificio,El primer evento no fue una colision con un vehiculo automotor en transporte,T-Intersection,Interseccion de T,Fuera de la calle,Ninguna,Dia total,Despejado,No,NO APLICA,11,22,11,24,1,06/03/2022,1
13,Georgia,130310,0,0,1,0,157,JACKSON (157),3980,NICHOLSON,3,Marzo,6,2022,3,38,US-441 SR-15,2,US Highway,Rural,Arteria Principal,State Highway Agency,1,Sin jurisdiccion especial,82,34.13182778,-83.42855278,Banqueta,El primer evento no fue una colision con un vehiculo automotor en transporte,Not an Intersection,No fue interseccion,Sobre el lado de la calle,Ninguna,Oscuro sin iluminacion,Despejado,No,NO APLICA,3,48,3,56,1,06/03/2022,1
13,Georgia,130311,1,1,2,1,51,CHATHAM (51),4475,PORT WENTWORTH,3,Marzo,5,2022,23,0,I-95,1,Interestatal,Urbano,Interestatal,State Highway Agency,1,Sin jurisdiccion especial,164,32.18883611,-81.19703056,Vehiculo Aparcado,El primer evento no fue una colision con un vehiculo automotor en transporte,Not an Intersection,No fue interseccion,Sobre Acotamiento,Ninguna,Oscuro con iluminacion,Despejado,No,NO APLICA,22,50,22,58,1,05/03/2022,1
13,Georgia,130312,1,1,1,0,89,DEKALB (89),0,NO APLICA,3,Marzo,12,2022,0,35,KENSINGTON RD,6,Calle Local Municipalidad,Urbano,Arteria Menor,City or Municipal Highway Agency,0,Sin jurisdiccion especial,11,33.76970833,-84.23565,Valla Ferrocarril,El primer evento no fue una colision con un vehiculo automotor en transporte,Not an Intersection,No fue interseccion,Sobre el lado de la calle,Ninguna,Oscuro con iluminacion,lluvia,No,NO APLICA,0,35,0,50,1,12/03/2022,2
13,Georgia,130313,0,0,1,0,143,HARALSON (143),0,NO APLICA,3,Marzo,11,2022,21,54,I-20,1,Interestatal,Rural,Interestatal,State Highway Agency,1,Sin jurisdiccion especial,10,33.67865,-85.32445278,Zanja,El primer evento no fue una colision con un vehiculo automotor en transporte,Not an Intersection,No fue interseccion,Sobre el lado de la calle,Ninguna,Oscuro sin iluminacion,Neblina o Humo,No,NO APLICA,22,8,22,20,1,11/03/2022,2
13,Georgia,130314,0,0,2,0,155,IRWIN (155),0,NO APLICA,3,Marzo,11,2022,7,10,OLD WHITLEY RD,6,Calle Local Municipalidad,Rural,Colector Mayor,City or Municipal Highway Agency,0,Sin jurisdiccion especial,26,31.64326111,-83.27006111,Vehiculo en movimiento,Angulo,Four-Way Intersection,Interseccion de 4 direcciones,Sobre calle,Ninguna,Dia total,Neblina o Humo,No,NO APLICA,7,10,7,29,1,11/03/2022,2
13,Georgia,130315,0,0,1,0,109,EVANS (109),0,NO APLICA,3,Marzo,11,2022,1,47,SR-73,3,Highway estatal,Rural,Arteria Menor,State Highway Agency,0,Sin jurisdiccion especial,101,32.19823056,-81.87703889,Arbol,El primer evento no fue una colision con un vehiculo automotor en transporte,Not an Intersection,No fue interseccion,Sobre el lado de la calle,Ninguna,Oscuro sin iluminacion,Nublado,No,NO APLICA,1,48,1,53,1,11/03/2022,1
13,Georgia,130316,0,0,1,0,21,BIBB (21),3390,MACON,3,Marzo,10,2022,17,12,ZEBULON RD,6,Calle Local Municipalidad,Urbano,Colector Mayor,City or Municipal Highway Agency,0,Sin jurisdiccion especial,7,32.89538611,-83.80057222,Buzon de correo,El primer evento no fue una colision con un vehiculo automotor en transporte,Not an Intersection,No fue interseccion,Sobre el lado de la calle,Ninguna,Dia total,Despejado,No,NO APLICA,99,98,99,98,1,10/03/2022,1
13,Georgia,130317,1,1,1,0,115,FLOYD (115),4760,ROME,3,Marzo,9,2022,19,48,SR-1LO REDMOND CIR,3,Highway estatal,Urbano,Arteria Principal,State Highway Agency,0,Sin jurisdiccion especial,110,34.28040833,-85.22605833,Ciclista,El primer evento no fue una colision con un vehiculo automotor en transporte,T-Intersection,Interseccion de T,Sobre calle,Ninguna,Oscuro sin iluminacion,Despejado,No,NO APLICA,19,49,19,56,1,09/03/2022,1
13,Georgia,130318,0,0,1,0,199,MERIWETHER (199),6020,WOODBURY,3,Marzo,9,2022,14,23,SR-18,3,Highway estatal,Rural,Arteria Menor,State Highway Agency,0,Sin jurisdiccion especial,238,32.98306111,-84.59251389,Arbol,El primer evento no fue una colision con un vehiculo automotor en transporte,Not an Intersection,No fue interseccion,Sobre el lado de la calle,Ninguna,Dia total,Nublado,No,NO APLICA,14,23,14,28,1,09/03/2022,1
13,Georgia,130319,0,0,1,0,153,HOUSTON (153),5790,WARNER ROBINS,3,Marzo,9,2022,4,53,SR-247,3,Highway estatal,Urbano,Arteria Principal,State Highway Agency,1,Sin jurisdiccion especial,36,32.61834722,-83.65631944,Banqueta,El primer evento no fue una colision con un vehiculo automotor en transporte,Not an Intersection,No fue interseccion,Sobre el lado de la calle,Ninguna,Oscuro con iluminacion,Nublado,No,NO APLICA,4,54,4,56,2,09/03/2022,2
13,Georgia,130320,0,0,1,0,29,BRYAN (29),0,NO APLICA,3,Marzo,9,2022,14,58,I-16,1,Interestatal,Urbano,Arterial Principal -Freeway o ExpressWay,State Highway Agency,1,Sin jurisdiccion especial,24,32.20293333,-81.488375,Culvert,El primer evento no fue una colision con un vehiculo automotor en transporte,Not an Intersection,No fue interseccion,Sobre el lado de la calle,Ninguna,Dia total,Despejado,No,NO APLICA,15,0,15,5,1,09/03/2022,2