Estado,Nombre de Estado,Numero de Caso,Peatones,Personas _no_vehiculos,Vehiculos automotores,Vehiculos estacionados,Condado,Nombre Condado,Ciudad,Nombre Ciudad,Mes,Nombre Mes,Dia,Año,Hora,Minuto,Calle,Ruta,Nombre Ruta,Rural o Urbanoo,Sistema Funcional,Dueño Calle,Sistema Nacional Carreteras,Jurisdiccion Especial,Milla,Latitud,Longitud,Causa del Accidente,Tipo de Accidente,Tipo Interseccion,Columna1,Lugar en la calle,Zona de Trabajo,Luz,Clima,Autobus Escolar,Cruce de Trenes,Hora Notificacion,Minuto Notificacion,Hora Llegada,Minuto Llegada,Decesos,Fecha,PersonaVehiculo
13,Georgia,130321,1,1,1,0,121,FULTON (121),280,ATLANTA,2,Febrero,17,2022,23,35,I-20 EXIT RAMP EAST,1,Interestatal,Urbano,Interestatal,State Highway Agency,1,Sin jurisdiccion especial,84,33.74278056,-84.40321111,Peaton,El primer evento no fue una colision con un vehiculo automotor en transporte,Not an Intersection,No fue interseccion,Gore?,Ninguna,Oscuro con iluminacion,Despejado,No,NO APLICA,23,43,23,48,1,17/02/2022,1
13,Georgia,130322,0,0,1,0,183,LONG (183),0,NO APLICA,3,Marzo,12,2022,1,55,SR-196,3,Highway estatal,Rural,Colector Mayor,State Highway Agency,0,Sin jurisdiccion especial,81,31.86254722,-81.78175,Arbol,El primer evento no fue una colision con un vehiculo automotor en transporte,Not an Intersection,No fue interseccion,Sobre el lado de la calle,Ninguna,Oscuro sin iluminacion,lluvia,No,NO APLICA,1,58,2,13,1,12/03/2022,4
13,Georgia,130323,0,0,1,0,251,SCREVEN (251),0,NO APLICA,3,Marzo,12,2022,23,54,FRIENDSHIP RD,5,Calle Local - Pueblo,Rural,Local,City or Municipal Highway Agency,0,Sin jurisdiccion especial,12,32.77303889,-81.6117,Zanja,El primer evento no fue una colision con un vehiculo automotor en transporte,Not an Intersection,No fue interseccion,Sobre el lado de la calle,Ninguna,Oscuro sin iluminacion,Despejado,No,NO APLICA,23,56,0,4,1,12/03/2022,1
13,Georgia,130324,1,1,1,0,89,DEKALB (89),5580,TUCKER,3,Marzo,14,2022,0,46,US-29 LAWRENCEVILLE HWY,2,US Highway,Urbano,Arterial Principal -Freeway o ExpressWay,State Highway Agency,1,Sin jurisdiccion especial,85,33.83736111,-84.23839444,Peaton,El primer evento no fue una colision con un vehiculo automotor en transporte,Not an Intersection,No fue interseccion,Sobre calle,Ninguna,Oscuro con iluminacion,Despejado,No,NO APLICA,0,46,0,46,1,14/03/2022,1
13,Georgia,130325,1,1,1,0,151,HENRY (151),5210,STOCKBRIDGE,3,Marzo,4,2022,10,48,CR-065900,4,Calle del Condado,Urbano,Arteria Menor,County Highway Agency,0,Sin jurisdiccion especial,7,33.50466389,-84.236275,Peaton,El primer evento no fue una colision con un vehiculo automotor en transporte,Not an Intersection,No fue interseccion,Sobre calle,Ninguna,Dia total,Despejado,No,NO APLICA,10,29,10,32,1,04/03/2022,1
13,Georgia,130326,0,0,1,0,311,WHITE (311),0,NO APLICA,3,Marzo,8,2022,0,25,SR-384,3,Highway estatal,Rural,Colector Mayor,State Highway Agency,0,Sin jurisdiccion especial,57,34.60406111,-83.68143889,Culvert,El primer evento no fue una colision con un vehiculo automotor en transporte,Not an Intersection,No fue interseccion,Sobre el lado de la calle,Ninguna,Oscuro sin iluminacion,Despejado,No,NO APLICA,0,28,0,34,2,08/03/2022,2
13,Georgia,130327,0,0,2,0,135,GWINNETT (135),3100,LAWRENCEVILLE,3,Marzo,12,2022,21,47,SR-124,3,Highway estatal,Urbano,Arteria Principal,State Highway Agency,1,Sin jurisdiccion especial,138,33.95174722,-83.98136111,Vehiculo en movimiento,Angulo,Four-Way Intersection,Interseccion de 4 direcciones,Sobre calle,Ninguna,Oscuro con iluminacion,Nublado,No,NO APLICA,22,9,22,15,1,12/03/2022,3
13,Georgia,130328,1,1,1,0,121,FULTON (121),280,ATLANTA,3,Marzo,13,2022,21,55,WINDSOR ST SW,6,Calle Local Municipalidad,Urbano,Colector Mayor,City or Municipal Highway Agency,0,Sin jurisdiccion especial,5,33.74290556,-84.39813333,Peaton,El primer evento no fue una colision con un vehiculo automotor en transporte,T-Intersection,Interseccion de T,Sobre calle,Ninguna,Oscuro con iluminacion,Despejado,No,NO APLICA,99,98,99,98,1,13/03/2022,1
13,Georgia,130330,1,1,1,0,95,DOUGHERTY (95),90,ALBANY,3,Marzo,14,2022,7,7,US-19 N SLAPPEY BLVD,2,US Highway,Urbano,Arteria Principal,State Highway Agency,1,Sin jurisdiccion especial,144,31.61909444,-84.17675278,Peaton,El primer evento no fue una colision con un vehiculo automotor en transporte,Not an Intersection,No fue interseccion,Sobre calle,Ninguna,Oscuro con iluminacion,Despejado,No,NO APLICA,7,9,7,16,1,14/03/2022,1
13,Georgia,130331,0,0,3,0,267,TATTNALL (267),0,NO APLICA,3,Marzo,14,2022,16,50,SR-005700,3,Highway estatal,Rural,Arteria Menor,State Highway Agency,0,Sin jurisdiccion especial,335,31.89725833,-81.93876667,Vehiculo en movimiento,Golpe Lateral - direccion contraria,Not an Intersection,No fue interseccion,Sobre calle,Ninguna,Dia total,Despejado,No,NO APLICA,16,57,17,17,2,14/03/2022,3
13,Georgia,130332,1,1,1,0,229,PIERCE (229),0,NO APLICA,3,Marzo,15,2022,7,6,MIDWAY CHURCH RD,5,Calle Local - Pueblo,Rural,Colector Menor,Town or Township Highway Agency,0,Sin jurisdiccion especial,25,31.25181944,-82.28536667,Peaton,El primer evento no fue una colision con un vehiculo automotor en transporte,Not an Intersection,No fue interseccion,Sobre calle,Ninguna,Oscuro sin iluminacion,Despejado,No,NO APLICA,7,9,7,19,1,15/03/2022,2
13,Georgia,130333,0,0,1,0,213,MURRAY (213),0,NO APLICA,3,Marzo,15,2022,11,31,SR-225,3,Highway estatal,Rural,Colector Mayor,State Highway Agency,0,Sin jurisdiccion especial,262,34.966775,-84.77348889,Volcadura,El primer evento no fue una colision con un vehiculo automotor en transporte,Not an Intersection,No fue interseccion,Sobre el lado de la calle,Ninguna,Dia total,Nublado,No,NO APLICA,11,30,11,43,1,15/03/2022,1
13,Georgia,130334,0,0,3,0,179,LIBERTY (179),2730,HINESVILLE,3,Marzo,15,2022,8,0,SR-38,3,Highway estatal,Urbano,Arteria Principal,State Highway Agency,1,Sin jurisdiccion especial,66,31.84792778,-81.590725,Vehiculo en movimiento,Frente a frente,Y-Intersection,Interseccion de Y,Sobre calle,Ninguna,Dia total,Despejado,No,NO APLICA,8,0,8,3,1,15/03/2022,4
13,Georgia,130335,0,0,2,0,139,HALL (139),2285,GAINESVILLE,3,Marzo,15,2022,16,15,SR-60/ THOMPSON BRIDGE RD,3,Highway estatal,Urbano,Arteria Principal,State Highway Agency,1,Sin jurisdiccion especial,113,34.31473333,-83.82924167,Vehiculo en movimiento,Angulo,Not an Intersection,No fue interseccion,Sobre calle,Ninguna,Dia total,Nublado,No,NO APLICA,16,16,16,22,1,15/03/2022,2
13,Georgia,130336,1,1,1,0,299,WARE (299),5850,WAYCROSS,3,Marzo,15,2022,20,29,SR-520,3,Highway estatal,Urbano,Arteria Principal,State Highway Agency,1,Sin jurisdiccion especial,205,31.20864722,-82.37463333,Peaton,El primer evento no fue una colision con un vehiculo automotor en transporte,Not an Intersection,No fue interseccion,Sobre calle,Ninguna,Oscuro con iluminacion,lluvia,No,NO APLICA,20,30,20,32,1,15/03/2022,3
13,Georgia,130337,1,1,1,0,89,DEKALB (89),4235,PANTHERSVILLE,3,Marzo,17,2022,21,40,I-20,1,Interestatal,Urbano,Interestatal,State Highway Agency,1,Sin jurisdiccion especial,59,33.71396944,-84.26965278,Peaton,El primer evento no fue una colision con un vehiculo automotor en transporte,Not an Intersection,No fue interseccion,Sobre calle,Ninguna,Oscuro sin iluminacion,Despejado,No,NO APLICA,21,40,21,45,1,17/03/2022,1
13,Georgia,130338,1,1,1,0,89,DEKALB (89),4573,REDAN,3,Marzo,22,2022,20,54,CR-519300,4,Calle del Condado,Urbano,Arteria Menor,County Highway Agency,0,Sin jurisdiccion especial,40,33.75633333,-84.16586667,Peaton,El primer evento no fue una colision con un vehiculo automotor en transporte,Four-Way Intersection,Interseccion de 4 direcciones,Sobre calle,Ninguna,Oscuro con iluminacion,Despejado,No,NO APLICA,20,55,21,5,1,22/03/2022,1
13,Georgia,130339,0,0,2,0,151,HENRY (151),3220,LOCUST GROVE,3,Marzo,20,2022,15,0,I-75,1,Interestatal,Urbano,Interestatal,State Highway Agency,1,Sin jurisdiccion especial,46,33.36344722,-84.1301,Vehiculo en movimiento,Angulo,Not an Intersection,No fue interseccion,Sobre calle,Ninguna,Dia total,Despejado,No,NO APLICA,14,57,15,4,1,20/03/2022,2
13,Georgia,130340,0,0,1,0,245,RICHMOND (245),310,AUGUSTA,3,Marzo,20,2022,13,23,SR-4,3,Highway estatal,Urbano,Arteria Principal,State Highway Agency,1,Sin jurisdiccion especial,94,33.33670556,-82.15844722,Volcadura,El primer evento no fue una colision con un vehiculo automotor en transporte,Not an Intersection,No fue interseccion,En el medio,Ninguna,Dia total,Despejado,No,NO APLICA,13,41,13,46,1,20/03/2022,1
13,Georgia,130341,0,0,2,0,75,COOK (75),0,NO APLICA,3,Marzo,19,2022,22,38,I-75,1,Interestatal,Rural,Interestatal,State Highway Agency,1,Sin jurisdiccion especial,209,31.32183611,-83.48082778,Vehiculo en movimiento,Frente a Detrás,Not an Intersection,No fue interseccion,Sobre calle,Ninguna,Oscuro sin iluminacion,Despejado,No,NO APLICA,22,43,23,1,3,19/03/2022,3
13,Georgia,130342,0,0,2,0,51,CHATHAM (51),4910,SAVANNAH,3,Marzo,19,2022,21,34,OGEECHEE RD,6,Calle Local Municipalidad,Urbano,Local,City or Municipal Highway Agency,0,Sin jurisdiccion especial,0,32.057525,-81.12034722,Vehiculo en movimiento,Frente a frente,Y-Intersection,Interseccion de Y,Sobre calle,Ninguna,Oscuro sin iluminacion,lluvia,No,NO APLICA,21,34,21,57,1,19/03/2022,3
13,Georgia,130343,0,0,1,0,221,OGLETHORPE (221),0,NO APLICA,3,Marzo,19,2022,3,57,SR-10,3,Highway estatal,Rural,Arteria Principal,State Highway Agency,1,Sin jurisdiccion especial,10,33.89548611,-83.22799722,Zanja,El primer evento no fue una colision con un vehiculo automotor en transporte,Not an Intersection,No fue interseccion,Sobre el lado de la calle,Ninguna,Oscuro sin iluminacion,Nublado,No,NO APLICA,3,54,4,2,1,19/03/2022,1
13,Georgia,130344,0,0,7,0,135,GWINNETT (135),5300,SUWANEE,1,Enero,12,2022,15,15,I-85,1,Interestatal,Urbano,Interestatal,State Highway Agency,1,Sin jurisdiccion especial,141,34.02607222,-84.05309444,Vehiculo en movimiento,Frente a Detrás,Not an Intersection,No fue interseccion,Sobre calle,Ninguna,Dia total,Despejado,No,NO APLICA,15,15,15,56,1,12/01/2022,11
13,Georgia,130345,1,1,1,0,87,DECATUR (87),370,BAINBRIDGE,3,Marzo,3,2022,17,29,CR-200 BLACKJACK RD,4,Calle del Condado,Urbano,Local,County Highway Agency,0,Sin jurisdiccion especial,3,30.90523056,-84.52567778,Peaton,El primer evento no fue una colision con un vehiculo automotor en transporte,Not an Intersection,No fue interseccion,Sobre calle,Ninguna,Dia total,Despejado,No,NO APLICA,17,27,17,38,1,03/03/2022,1
13,Georgia,130346,0,0,1,0,145,HARRIS (145),0,NO APLICA,3,Marzo,4,2022,14,11,SR-219,3,Highway estatal,Rural,Colector Mayor,State Highway Agency,0,Sin jurisdiccion especial,200,32.86814722,-85.035125,Zanja,El primer evento no fue una colision con un vehiculo automotor en transporte,Not an Intersection,No fue interseccion,Sobre el lado de la calle,Ninguna,Dia total,Despejado,No,NO APLICA,14,14,14,27,1,04/03/2022,2
13,Georgia,130347,0,0,2,0,215,MUSCOGEE (215),1280,COLUMBUS,3,Marzo,12,2022,1,11,SR-27 VICTORY DR,3,Highway estatal,Urbano,Arteria Principal,State Highway Agency,1,Sin jurisdiccion especial,53,32.43804167,-84.96090833,Vehiculo en movimiento,Angulo,T-Intersection,Interseccion de T,Sobre calle,Ninguna,Oscuro con iluminacion,Nublado,No,NO APLICA,1,12,1,31,1,12/03/2022,2
13,Georgia,130348,0,0,1,0,67,COBB (67),3440,MARIETTA,3,Marzo,12,2022,6,10,I-75,1,Interestatal,Urbano,Interestatal,State Highway Agency,1,Sin jurisdiccion especial,54,33.93856667,-84.49958056,Arbol,El primer evento no fue una colision con un vehiculo automotor en transporte,Not an Intersection,No fue interseccion,Sobre el lado de la calle,Ninguna,Oscuro con iluminacion,Granizo,No,NO APLICA,6,10,6,14,1,12/03/2022,1
13,Georgia,130349,0,0,1,0,151,HENRY (151),5210,STOCKBRIDGE,3,Marzo,22,2022,1,6,I-75 RAMP,1,Interestatal,Urbano,Interestatal,State Highway Agency,1,Sin jurisdiccion especial,0,33.50476667,-84.23162778,Arbol,El primer evento no fue una colision con un vehiculo automotor en transporte,Not an Intersection,No fue interseccion,Gore?,Ninguna,Oscuro con iluminacion,Despejado,No,NO APLICA,1,7,1,11,1,22/03/2022,1
13,Georgia,130350,1,1,1,0,151,HENRY (151),0,NO APLICA,3,Marzo,18,2022,6,52,CAMPGROUND RD,8,Otro,Urbano,Arteria Menor,County Highway Agency,0,Sin jurisdiccion especial,9,33.49140833,-84.16021944,Peaton,El primer evento no fue una colision con un vehiculo automotor en transporte,Not an Intersection,No fue interseccion,Sobre Acotamiento,Ninguna,Oscuro sin iluminacion,Nublado,No,NO APLICA,99,98,99,98,1,18/03/2022,1
13,Georgia,130351,1,1,1,0,31,BULLOCH (31),0,NO APLICA,3,Marzo,17,2022,5,27,LANGSTON CHAPEL RD,8,Otro,Urbano,Arteria Menor,County Highway Agency,0,Sin jurisdiccion especial,12,32.395875,-81.78564167,Ciclista,El primer evento no fue una colision con un vehiculo automotor en transporte,Not an Intersection,No fue interseccion,Sobre calle,Ninguna,Oscuro sin iluminacion,Nublado,No,NO APLICA,5,30,5,42,1,17/03/2022,1
13,Georgia,130352,0,0,1,0,67,COBB (67),9997,Other,3,Marzo,16,2022,2,12,I-285,1,Interestatal,Urbano,Interestatal,State Highway Agency,1,Sin jurisdiccion especial,0,33.88788333,-84.46346111,Arbol,El primer evento no fue una colision con un vehiculo automotor en transporte,Not an Intersection,No fue interseccion,Gore?,Ninguna,Oscuro sin iluminacion,lluvia,No,NO APLICA,2,12,2,26,1,16/03/2022,1
13,Georgia,130353,1,1,1,0,151,HENRY (151),5210,STOCKBRIDGE,3,Marzo,15,2022,21,18,SR-42,3,Highway estatal,Urbano,Arteria Menor,State Highway Agency,0,Sin jurisdiccion especial,174,33.52466111,-84.19538333,Peaton,El primer evento no fue una colision con un vehiculo automotor en transporte,T-Intersection,Interseccion de T,Sobre calle,Ninguna,Oscuro sin iluminacion,lluvia,No,NO APLICA,99,98,99,98,1,15/03/2022,2
13,Georgia,130354,0,0,1,0,5,BACON (5),110,ALMA,3,Marzo,18,2022,14,0,US-23 N PIERCE ST,2,US Highway,Rural,Arteria Principal,State Highway Agency,1,Sin jurisdiccion especial,97,31.55123333,-82.464325,Arbol,El primer evento no fue una colision con un vehiculo automotor en transporte,Not an Intersection,No fue interseccion,Sobre el lado de la calle,Ninguna,Dia total,Nublado,No,NO APLICA,14,19,14,23,1,18/03/2022,1
13,Georgia,130355,0,0,2,0,175,LAURENS (175),0,NO APLICA,3,Marzo,18,2022,12,28,SR-46,3,Highway estatal,Rural,Colector Mayor,State Highway Agency,0,Sin jurisdiccion especial,34,32.23253889,-82.97216944,Vehiculo en movimiento,Frente a frente,Not an Intersection,No fue interseccion,Sobre calle,Ninguna,Dia total,Despejado,No,NO APLICA,12,28,13,8,1,18/03/2022,2
13,Georgia,130356,1,1,1,0,247,ROCKDALE (247),0,NO APLICA,3,Marzo,17,2022,21,26,IRIS DR SW,6,Calle Local Municipalidad,Urbano,Local,City or Municipal Highway Agency,0,Sin jurisdiccion especial,3,33.68994167,-84.07008333,Peaton,El primer evento no fue una colision con un vehiculo automotor en transporte,Not an Intersection,No fue interseccion,Sobre calle,Ninguna,Oscuro sin iluminacion,Despejado,No,NO APLICA,99,98,99,98,1,17/03/2022,2
13,Georgia,130357,0,0,2,0,77,COWETA (77),3950,NEWNAN,3,Marzo,17,2022,19,0,SR-14,3,Highway estatal,Urbano,Arteria Principal,State Highway Agency,1,Sin jurisdiccion especial,106,33.32626111,-84.77916389,Volcadura,El primer evento no fue una colision con un vehiculo automotor en transporte,Not an Intersection,No fue interseccion,Sobre calle,Ninguna,Dia total,Despejado,No,NO APLICA,19,1,19,5,1,17/03/2022,2
13,Georgia,130358,0,0,1,0,213,MURRAY (213),1132,CISCO,3,Marzo,16,2022,23,30,SR-2,3,Highway estatal,Rural,Colector Mayor,State Highway Agency,0,Sin jurisdiccion especial,66,34.95394722,-84.74440556,Volcadura,El primer evento no fue una colision con un vehiculo automotor en transporte,Not an Intersection,No fue interseccion,Sobre el lado de la calle,Ninguna,Oscuro sin iluminacion,Nublado,No,NO APLICA,11,10,11,24,1,16/03/2022,1
13,Georgia,130359,0,0,2,0,87,DECATUR (87),2222,FOWLSTOWN,3,Marzo,14,2022,20,44,SR-309,3,Highway estatal,Rural,Colector Mayor,State Highway Agency,0,Sin jurisdiccion especial,77,30.80037222,-84.55237222,Vehiculo en movimiento,Angulo,Four-Way Intersection,Interseccion de 4 direcciones,Sobre calle,Ninguna,Oscuro sin iluminacion,Nublado,No,NO APLICA,20,40,20,51,1,14/03/2022,5
13,Georgia,130360,1,1,1,0,51,CHATHAM (51),4475,PORT WENTWORTH,3,Marzo,17,2022,7,12,I-95,1,Interestatal,Urbano,Interestatal,State Highway Agency,1,Sin jurisdiccion especial,4,32.18625833,-81.19920556,Peaton,El primer evento no fue una colision con un vehiculo automotor en transporte,Not an Intersection,No fue interseccion,Sobre calle,Ninguna,Amanecer,Despejado,No,NO APLICA,7,12,7,19,1,17/03/2022,1
13,Georgia,130361,0,0,1,0,159,JASPER (159),0,NO APLICA,3,Marzo,17,2022,99,99,POST RD,8,Otro,Rural,Colector Mayor,County Highway Agency,0,Sin jurisdiccion especial,21,33.34831389,-83.69009722,Culvert,El primer evento no fue una colision con un vehiculo automotor en transporte,Not an Intersection,No fue interseccion,Sobre el lado de la calle,Ninguna,Oscuro sin iluminacion,Neblina o Humo,No,NO APLICA,7,28,7,32,1,17/03/2022,1
13,Georgia,130362,1,1,1,0,127,GLYNN (127),9997,Other,3,Marzo,16,2022,4,36,I-95,1,Interestatal,Urbano,Interestatal,State Highway Agency,1,Sin jurisdiccion especial,91,31.23239722,-81.511775,Peaton,El primer evento no fue una colision con un vehiculo automotor en transporte,Not an Intersection,No fue interseccion,Sobre calle,Ninguna,Oscuro sin iluminacion,Nublado,No,NO APLICA,99,98,99,98,1,16/03/2022,1
13,Georgia,130363,0,0,2,0,13,BARROW (13),0,NO APLICA,3,Marzo,14,2022,9,14,US-29 BUS  HOG MOUNTAIN RD,2,US Highway,Urbano,Arteria Principal,State Highway Agency,1,Sin jurisdiccion especial,90,33.95943333,-83.66390556,Vehiculo en movimiento,Angulo,Four-Way Intersection,Interseccion de 4 direcciones,Sobre calle,Ninguna,Dia total,Despejado,No,NO APLICA,9,16,9,22,1,14/03/2022,3
13,Georgia,130364,1,1,4,0,121,FULTON (121),0,NO APLICA,3,Marzo,13,2022,20,46,SR-138 JONESBORO RD,3,Highway estatal,Urbano,Arteria Principal,State Highway Agency,1,Sin jurisdiccion especial,57,33.55621944,-84.50246111,Peaton,El primer evento no fue una colision con un vehiculo automotor en transporte,Not an Intersection,No fue interseccion,Sobre calle,Ninguna,Oscuro sin iluminacion,Despejado,No,NO APLICA,99,99,99,99,1,13/03/2022,7
13,Georgia,130365,0,0,1,0,63,CLAYTON (63),0,NO APLICA,3,Marzo,13,2022,20,25,GARDEN WALK BLVD,8,Otro,Urbano,Local,County Highway Agency,0,Sin jurisdiccion especial,11,33.59584444,-84.41710278,Arbol,El primer evento no fue una colision con un vehiculo automotor en transporte,Not an Intersection,No fue interseccion,En el medio,Ninguna,Oscuro sin iluminacion,Despejado,No,NO APLICA,99,99,99,99,1,13/03/2022,3
13,Georgia,130366,0,0,2,0,247,ROCKDALE (247),0,NO APLICA,3,Marzo,8,2022,15,28,SR-138,3,Highway estatal,Urbano,Arteria Principal,State Highway Agency,1,Sin jurisdiccion especial,31,33.60171667,-84.09821111,Vehiculo en movimiento,Angulo,Not an Intersection,No fue interseccion,Sobre calle,Ninguna,Dia total,lluvia,No,NO APLICA,15,48,16,0,1,08/03/2022,4
13,Georgia,130367,0,0,2,0,89,DEKALB (89),5580,TUCKER,3,Marzo,27,2022,3,50,SR-8,3,Highway estatal,Urbano,Arteria Principal,State Highway Agency,0,Sin jurisdiccion especial,99998,33.83286944,-84.24436389,Vehiculo en movimiento,Frente a frente,Not an Intersection,No fue interseccion,Sobre calle,Ninguna,Oscuro sin iluminacion,Despejado,No,NO APLICA,3,58,4,0,1,27/03/2022,2
13,Georgia,130368,0,0,1,0,187,LUMPKIN (187),1480,DAHLONEGA,3,Marzo,26,2022,22,0,SR-9,3,Highway estatal,Rural,Arteria Principal,State Highway Agency,1,Sin jurisdiccion especial,204,34.62870556,-83.936425,Arbol,El primer evento no fue una colision con un vehiculo automotor en transporte,Not an Intersection,No fue interseccion,Sobre el lado de la calle,Ninguna,Oscuro sin iluminacion,Despejado,No,NO APLICA,22,8,22,20,1,26/03/2022,2
13,Georgia,130369,0,0,2,0,71,COLQUITT (71),3800,MOULTRIE,3,Marzo,26,2022,16,18,SR-133,3,Highway estatal,Rural,Arteria Menor,State Highway Agency,0,Sin jurisdiccion especial,144,31.23084167,-83.80106389,Vehiculo en movimiento,Frente a frente,Not an Intersection,No fue interseccion,Sobre calle,Ninguna,Dia total,Despejado,No,NO APLICA,16,20,16,25,1,26/03/2022,2
13,Georgia,130370,0,0,1,0,295,WALKER (295),2210,FORT OGLETHORPE,3,Marzo,26,2022,14,48,SR-1,3,Highway estatal,Urbano,Arteria Principal,State Highway Agency,1,Sin jurisdiccion especial,256,34.93696944,-85.28176111,Zanja,El primer evento no fue una colision con un vehiculo automotor en transporte,Not an Intersection,No fue interseccion,Sobre el lado de la calle,Ninguna,Dia total,Despejado,No,NO APLICA,14,36,14,50,1,26/03/2022,1
13,Georgia,130371,0,0,2,0,245,RICHMOND (245),310,AUGUSTA,3,Marzo,26,2022,14,15,WHEELESS RD,6,Calle Local Municipalidad,Urbano,Arteria Menor,City or Municipal Highway Agency,0,Sin jurisdiccion especial,25,33.44817778,-82.04626389,Vehiculo en movimiento,Angulo,Four-Way Intersection,Interseccion de 4 direcciones,Sobre calle,Ninguna,Dia total,Despejado,No,NO APLICA,14,17,14,30,1,26/03/2022,2
13,Georgia,130372,0,0,2,0,139,HALL (139),2285,GAINESVILLE,3,Marzo,26,2022,9,21,SR-60 JESSE JEWELL PKWY,3,Highway estatal,Urbano,Arteria Principal,State Highway Agency,1,Sin jurisdiccion especial,84,34.29745833,-83.82515833,Vehiculo en movimiento,Angulo,Four-Way Intersection,Interseccion de 4 direcciones,Sobre calle,Ninguna,Dia total,Despejado,No,NO APLICA,9,22,9,28,1,26/03/2022,3
13,Georgia,130373,1,1,1,0,95,DOUGHERTY (95),90,ALBANY,3,Marzo,25,2022,21,9,SR-520BU E OGLETHORPE BLVD,3,Highway estatal,Urbano,Arteria Principal,State Highway Agency,1,Sin jurisdiccion especial,49,31.57542778,-84.14193333,Peaton,El primer evento no fue una colision con un vehiculo automotor en transporte,Not an Intersection,No fue interseccion,Sobre calle,Ninguna,Oscuro sin iluminacion,Despejado,No,NO APLICA,99,98,99,98,1,25/03/2022,1
13,Georgia,130374,0,0,3,0,185,LOWNDES (185),2540,HAHIRA,3,Marzo,25,2022,18,28,I-75,1,Interestatal,Urbano,Interestatal,State Highway Agency,1,Sin jurisdiccion especial,289,30.99646389,-83.38941111,Vehiculo en movimiento,Frente a Detrás,Not an Intersection,No fue interseccion,Sobre calle,Ninguna,Atardecer,Despejado,No,NO APLICA,18,29,19,9,1,25/03/2022,5
13,Georgia,130375,0,0,2,0,175,LAURENS (175),3740,MONTROSE,3,Marzo,25,2022,11,25,I-16,1,Interestatal,Rural,Interestatal,State Highway Agency,1,Sin jurisdiccion especial,0,32.56821944,-83.21707778,Vehiculo en movimiento,Golpe Lateral - misma direccion,Not an Intersection,No fue interseccion,Sobre calle,Ninguna,Dia total,Despejado,No,NO APLICA,11,32,11,41,1,25/03/2022,2
13,Georgia,130376,1,1,1,0,63,CLAYTON (63),1315,CONLEY,3,Marzo,25,2022,0,58,SR-42 MORELAND AVE,3,Highway estatal,Urbano,Arteria Menor,State Highway Agency,0,Sin jurisdiccion especial,66,33.64439722,-84.32554722,Peaton,El primer evento no fue una colision con un vehiculo automotor en transporte,Not an Intersection,No fue interseccion,Sobre calle,Ninguna,Oscuro sin iluminacion,Despejado,No,NO APLICA,99,98,99,98,1,25/03/2022,1
13,Georgia,130377,1,1,1,0,313,WHITFIELD (313),1510,DALTON,3,Marzo,24,2022,3,21,WAGNER DR,6,Calle Local Municipalidad,Urbano,Local,City or Municipal Highway Agency,0,Sin jurisdiccion especial,1,34.74675833,-84.92261111,Peaton,El primer evento no fue una colision con un vehiculo automotor en transporte,Not an Intersection,No fue interseccion,Sobre calle,Ninguna,Oscuro sin iluminacion,Despejado,No,NO APLICA,3,22,3,28,1,24/03/2022,1
13,Georgia,130378,0,0,2,0,95,DOUGHERTY (95),90,ALBANY,3,Marzo,23,2022,2,1,RADIUM SPRINGS RD,6,Calle Local Municipalidad,Urbano,Arteria Menor,City or Municipal Highway Agency,0,Sin jurisdiccion especial,14,31.5729,-84.14166944,Vehiculo en movimiento,Frente a Detrás,Not an Intersection,No fue interseccion,Sobre calle,Ninguna,Oscuro sin iluminacion,Despejado,No,NO APLICA,2,14,2,20,1,23/03/2022,3
13,Georgia,130379,1,1,1,0,63,CLAYTON (63),4690,RIVERDALE,3,Marzo,23,2022,0,26,LEE MILL RD,6,Calle Local Municipalidad,Urbano,Local,City or Municipal Highway Agency,0,Sin jurisdiccion especial,7,33.59178889,-84.3863,Peaton,El primer evento no fue una colision con un vehiculo automotor en transporte,Not an Intersection,No fue interseccion,Sobre calle,Ninguna,Oscuro con iluminacion,Nublado,No,NO APLICA,99,98,99,98,1,23/03/2022,1
13,Georgia,130380,1,1,1,0,51,CHATHAM (51),4910,SAVANNAH,3,Marzo,22,2022,21,12,CR-077900,4,Calle del Condado,Urbano,Arteria Menor,County Highway Agency,0,Sin jurisdiccion especial,2,31.98676389,-81.07470278,Peaton,El primer evento no fue una colision con un vehiculo automotor en transporte,Four-Way Intersection,Interseccion de 4 direcciones,Sobre calle,Ninguna,Oscuro sin iluminacion,Despejado,No,NO APLICA,21,13,21,24,1,22/03/2022,1
13,Georgia,130381,0,0,2,0,279,TOOMBS (279),9997,Other,3,Marzo,22,2022,20,39,CR-0336000,4,Calle del Condado,Rural,Colector Mayor,County Highway Agency,0,Sin jurisdiccion especial,6,31.98444444,-82.47017778,Vehiculo en movimiento,Frente a Detrás,Not an Intersection,No fue interseccion,Sobre calle,Ninguna,Oscuro sin iluminacion,Despejado,No,NO APLICA,20,41,20,55,1,22/03/2022,3
13,Georgia,130382,0,0,2,0,57,CHEROKEE (57),9997,Other,3,Marzo,22,2022,16,35,CR-07700,4,Calle del Condado,Urbano,Arteria Menor,County Highway Agency,0,Sin jurisdiccion especial,4,34.08226389,-84.57491944,Vehiculo en movimiento,Angulo,Four-Way Intersection,Interseccion de 4 direcciones,Sobre calle,Ninguna,Dia total,Despejado,No,NO APLICA,18,35,18,39,1,22/03/2022,4
13,Georgia,130383,0,0,2,0,117,FORSYTH (117),9997,Other,3,Marzo,22,2022,8,25,CR-074100/BANNISTER RD,4,Calle del Condado,Urbano,Colector Mayor,County Highway Agency,0,Sin jurisdiccion especial,14,34.31678611,-84.14236667,Vehiculo en movimiento,Frente a frente,Not an Intersection,No fue interseccion,Sobre calle,Ninguna,Dia total,Despejado,No,NO APLICA,9,5,9,9,2,22/03/2022,4