Estado,Nombre de Estado,Numero de Caso,Peatones,Personas _no_vehiculos,Vehiculos automotores,Vehiculos estacionados,Condado,Nombre Condado,Ciudad,Nombre Ciudad,Mes,Nombre Mes,Dia,Año,Hora,Minuto,Calle,Ruta,Nombre Ruta,Rural o Urbanoo,Sistema Funcional,Dueño Calle,Sistema Nacional Carreteras,Jurisdiccion Especial,Milla,Latitud,Longitud,Causa del Accidente,Tipo de Accidente,Tipo Interseccion,Columna1,Lugar en la calle,Zona de Trabajo,Luz,Clima,Autobus Escolar,Cruce de Trenes,Hora Notificacion,Minuto Notificacion,Hora Llegada,Minuto Llegada,Decesos,Fecha,PersonaVehiculo
13,Georgia,130384,0,0,2,0,215,MUSCOGEE (215),1280,COLUMBUS,3,Marzo,21,2022,16,53,CR-156200,4,Calle del Condado,Urbano,Arteria Menor,County Highway Agency,0,Sin jurisdiccion especial,0,32.525175,-84.92173611,Vehiculo en movimiento,Angulo,Four-Way Intersection,Interseccion de 4 direcciones,Sobre calle,Ninguna,Dia total,Despejado,No,NO APLICA,16,53,16,59,1,21/03/2022,2
13,Georgia,130385,0,0,2,1,135,GWINNETT (135),5300,SUWANEE,3,Marzo,21,2022,12,55,I-85,1,Interestatal,Urbano,Interestatal,State Highway Agency,1,Sin jurisdiccion especial,142,34.0279,-84.05061944,Vehiculo Aparcado,El primer evento no fue una colision con un vehiculo automotor en transporte,Not an Intersection,No fue interseccion,Gore?,Ninguna,Dia total,Despejado,No,NO APLICA,13,0,13,5,1,21/03/2022,1
13,Georgia,130386,0,0,1,0,63,CLAYTON (63),4690,RIVERDALE,3,Marzo,21,2022,1,55,SR-314 W FAYETTEVILLE RD,3,Highway estatal,Urbano,Arteria Menor,State Highway Agency,0,Sin jurisdiccion especial,17,33.57475278,-84.44869444,Poste,El primer evento no fue una colision con un vehiculo automotor en transporte,Not an Intersection,No fue interseccion,Sobre el lado de la calle,Ninguna,Oscuro sin iluminacion,Despejado,No,NO APLICA,2,1,2,9,1,21/03/2022,1
13,Georgia,130388,2,2,1,0,117,FORSYTH (117),9997,Other,3,Marzo,18,2022,7,0,SR-141 PEACHTREE PKWY,3,Highway estatal,Urbano,Arteria Principal,State Highway Agency,1,Sin jurisdiccion especial,6,34.07663056,-84.1634,Peaton,El primer evento no fue una colision con un vehiculo automotor en transporte,Not an Intersection,No fue interseccion,Sobre calle,Ninguna,Oscuro sin iluminacion,Nublado,No,NO APLICA,7,3,7,8,1,18/03/2022,1
13,Georgia,130389,0,0,2,0,157,JACKSON (157),2920,JEFFERSON,3,Marzo,10,2022,23,30,SR-11 CONNECTOR,3,Highway estatal,Urbano,Arteria Principal,State Highway Agency,1,Sin jurisdiccion especial,20,34.08981389,-83.58263889,Vehiculo en movimiento,Frente a frente,Not an Intersection,No fue interseccion,Sobre calle,Ninguna,Oscuro sin iluminacion,Despejado,No,NO APLICA,23,33,23,40,1,10/03/2022,2
13,Georgia,130390,0,0,1,0,297,WALTON (297),5770,WALNUT GROVE,3,Marzo,10,2022,13,57,SR-81,3,Highway estatal,Urbano,Arteria Menor,State Highway Agency,0,Sin jurisdiccion especial,44,33.76885,-83.85168056,Arbol,El primer evento no fue una colision con un vehiculo automotor en transporte,T-Intersection,Interseccion de T,Sobre el lado de la calle,Ninguna,Dia total,Despejado,No,NO APLICA,99,99,99,99,1,10/03/2022,4
13,Georgia,130391,0,0,2,0,89,DEKALB (89),280,ATLANTA,3,Marzo,28,2022,7,0,US-23 MORELAND AVE,2,US Highway,Urbano,Arteria Principal,State Highway Agency,1,Sin jurisdiccion especial,26,33.68296667,-84.347475,Vehiculo en movimiento,Angulo,Four-Way Intersection,Interseccion de 4 direcciones,Sobre calle,Ninguna,Dia total,Despejado,No,NO APLICA,99,98,99,98,1,28/03/2022,2
13,Georgia,130392,0,0,2,0,31,BULLOCH (31),9997,Other,3,Marzo,26,2022,17,2,I-16,1,Interestatal,Rural,Interestatal,State Highway Agency,1,Sin jurisdiccion especial,3,32.22940556,-81.61728611,Vehiculo en movimiento,Frente a Detrás,Not an Intersection,No fue interseccion,Sobre calle,Ninguna,Dia total,Despejado,No,NO APLICA,99,99,99,99,1,26/03/2022,3
13,Georgia,130393,0,0,2,0,75,COOK (75),1000,CECIL,3,Marzo,26,2022,13,51,I-75 NB,1,Interestatal,Rural,Interestatal,State Highway Agency,1,Sin jurisdiccion especial,99999,31.039,-83.3978,Vehiculo en movimiento,Frente a Detrás,Not an Intersection,No fue interseccion,Sobre calle,Ninguna,Dia total,Despejado,No,NO APLICA,13,54,14,4,1,26/03/2022,7
13,Georgia,130394,0,0,2,0,67,COBB (67),20,ACWORTH,3,Marzo,23,2022,2,50,SR-92 DALLAS ACWORTH HWY,3,Highway estatal,Urbano,Arteria Principal,State Highway Agency,1,Sin jurisdiccion especial,82,34.05548056,-84.72303056,Vehiculo en movimiento,Frente a frente,Not an Intersection,No fue interseccion,Sobre calle,Ninguna,Oscuro sin iluminacion,lluvia,No,NO APLICA,2,50,2,57,1,23/03/2022,2
13,Georgia,130395,0,0,1,0,53,CHATTAHOOCHEE (53),1450,CUSSETA,3,Marzo,27,2022,11,18,SR-520,3,Highway estatal,Rural,Arteria Principal,State Highway Agency,1,Sin jurisdiccion especial,127,32.27017778,-84.74488611,Volcadura,El primer evento no fue una colision con un vehiculo automotor en transporte,Not an Intersection,No fue interseccion,En el medio,Ninguna,Dia total,Despejado,No,NO APLICA,11,14,11,23,1,27/03/2022,1
13,Georgia,130396,1,1,1,0,153,HOUSTON (153),5790,WARNER ROBINS,3,Marzo,27,2022,20,35,SR-247C/ WATSON BLVD,3,Highway estatal,Urbano,Arteria Principal,State Highway Agency,1,Sin jurisdiccion especial,46,32.61826944,-83.64053056,Peaton,El primer evento no fue una colision con un vehiculo automotor en transporte,Not an Intersection,No fue interseccion,Sobre calle,Ninguna,Oscuro con iluminacion,Despejado,No,NO APLICA,20,36,20,42,1,27/03/2022,1
13,Georgia,130397,0,0,2,0,19,BERRIEN (19),3890,NASHVILLE,3,Marzo,27,2022,18,33,GARNER ROAD,6,Calle Local Municipalidad,Rural,Colector Menor,City or Municipal Highway Agency,0,Sin jurisdiccion especial,17,31.10476667,-83.23416944,Vehiculo en movimiento,Angulo,Not an Intersection,No fue interseccion,Sobre calle,Ninguna,Dia total,Despejado,No,NO APLICA,18,33,18,46,1,27/03/2022,2
13,Georgia,130398,0,0,2,0,223,PAULDING (223),9997,Other,3,Marzo,27,2022,14,7,CR-028300,4,Calle del Condado,Urbano,Arteria Menor,County Highway Agency,0,Sin jurisdiccion especial,37,33.81231389,-84.73508889,Vehiculo en movimiento,Frente a frente,Not an Intersection,No fue interseccion,Sobre calle,Ninguna,Dia total,Despejado,No,NO APLICA,14,12,14,25,1,27/03/2022,2
13,Georgia,130399,0,0,2,0,67,COBB (67),3440,MARIETTA,3,Marzo,17,2022,6,16,I-75,1,Interestatal,Urbano,Interestatal,State Highway Agency,1,Sin jurisdiccion especial,39,33.92201111,-84.484825,Vehiculo en movimiento,Angulo,Not an Intersection,No fue interseccion,Sobre calle,Ninguna,Amanecer,Nublado,No,NO APLICA,99,99,99,99,1,17/03/2022,2
13,Georgia,130400,0,0,2,0,89,DEKALB (89),9997,Other,2,Febrero,3,2022,21,46,I-85,1,Interestatal,Urbano,Interestatal,State Highway Agency,1,Sin jurisdiccion especial,13,33.83559722,-84.32814444,Vehiculo en movimiento,Angulo,Not an Intersection,No fue interseccion,Sobre calle,Ninguna,Oscuro sin iluminacion,lluvia,No,NO APLICA,21,46,21,57,1,03/02/2022,3
13,Georgia,130401,0,0,1,0,229,PIERCE (229),530,BLACKSHEAR,3,Marzo,18,2022,21,18,WARE ST,6,Calle Local Municipalidad,Rural,Colector Mayor,City or Municipal Highway Agency,0,Sin jurisdiccion especial,21,31.27748056,-82.31615556,Culvert,El primer evento no fue una colision con un vehiculo automotor en transporte,Not an Intersection,No fue interseccion,Sobre el lado de la calle,Ninguna,Oscuro sin iluminacion,lluvia,No,NO APLICA,21,7,21,30,1,18/03/2022,4
13,Georgia,130402,0,0,2,0,45,CARROLL (45),970,CARROLLTON,3,Marzo,25,2022,18,28,SR-61,3,Highway estatal,Urbano,Arteria Principal,State Highway Agency,1,Sin jurisdiccion especial,10,33.62828333,-84.99141389,Volcadura,El primer evento no fue una colision con un vehiculo automotor en transporte,T-Intersection,Interseccion de T,Sobre calle,Ninguna,Dia total,Nublado,No,NO APLICA,18,27,18,37,1,25/03/2022,3
13,Georgia,130403,0,0,2,0,157,JACKSON (157),2920,JEFFERSON,3,Marzo,28,2022,17,6,SR-82 DRY POND ROAD,3,Highway estatal,Urbano,Colector Mayor,State Highway Agency,0,Sin jurisdiccion especial,132,34.18505833,-83.58983889,Vehiculo en movimiento,Angulo,Four-Way Intersection,Interseccion de 4 direcciones,Sobre calle,Ninguna,Dia total,Despejado,No,NO APLICA,17,13,17,22,1,28/03/2022,2
13,Georgia,130405,0,0,1,0,133,GREENE (133),2490,GREENSBORO,3,Marzo,29,2022,9,42,SR-44,3,Highway estatal,Rural,Arteria Menor,State Highway Agency,0,Sin jurisdiccion especial,85,33.54411944,-83.206675,Soporte de  señalamiento de transito,El primer evento no fue una colision con un vehiculo automotor en transporte,Not an Intersection,No fue interseccion,Gore?,Ninguna,Dia total,Despejado,No,NO APLICA,9,43,10,35,1,29/03/2022,1
13,Georgia,130406,1,1,1,0,71,COLQUITT (71),3800,MOULTRIE,3,Marzo,31,2022,4,29,SR-35,3,Highway estatal,Rural,Arteria Principal,State Highway Agency,0,Sin jurisdiccion especial,26,31.07076389,-83.82389722,Peaton,El primer evento no fue una colision con un vehiculo automotor en transporte,Not an Intersection,No fue interseccion,Sobre calle,Ninguna,Oscuro sin iluminacion,Despejado,No,NO APLICA,4,29,4,32,1,31/03/2022,2
13,Georgia,130407,0,0,1,0,297,WALTON (297),3710,MONROE,3,Marzo,29,2022,23,17,SR-11,3,Highway estatal,Rural,Arteria Menor,State Highway Agency,0,Sin jurisdiccion especial,173,33.87255833,-83.71972222,Buzon de correo,El primer evento no fue una colision con un vehiculo automotor en transporte,Not an Intersection,No fue interseccion,Sobre el lado de la calle,Ninguna,Oscuro sin iluminacion,Despejado,No,NO APLICA,23,17,23,23,1,29/03/2022,1
13,Georgia,130408,0,0,1,0,93,DOOLY (93),5630,UNADILLA,4,Abril,9,2022,23,2,CR-000500,4,Calle del Condado,Rural,Colector Mayor,County Highway Agency,0,Sin jurisdiccion especial,202,32.25817222,-83.75940833,Zanja,El primer evento no fue una colision con un vehiculo automotor en transporte,T-Intersection,Interseccion de T,Sobre el lado de la calle,Ninguna,Oscuro sin iluminacion,Despejado,No,NO APLICA,23,3,23,12,1,09/04/2022,1
13,Georgia,130410,0,0,1,0,277,TIFT (277),5490,TIFTON,4,Abril,11,2022,7,11,SR-520,3,Highway estatal,Urbano,Arteria Principal,State Highway Agency,1,Sin jurisdiccion especial,151,31.42932778,-83.42776944,Culvert,El primer evento no fue una colision con un vehiculo automotor en transporte,Not an Intersection,No fue interseccion,Sobre el lado de la calle,Ninguna,Dia total,Despejado,No,NO APLICA,7,12,7,17,1,11/04/2022,4
13,Georgia,130411,1,1,1,0,95,DOUGHERTY (95),90,ALBANY,4,Abril,10,2022,19,29,SR-520,3,Highway estatal,Urbano,Arteria Principal,State Highway Agency,1,Sin jurisdiccion especial,40,31.575325,-84.15760833,Peaton,El primer evento no fue una colision con un vehiculo automotor en transporte,Not an Intersection,No fue interseccion,Sobre calle,Ninguna,Dia total,Despejado,No,NO APLICA,19,29,19,35,1,10/04/2022,1
13,Georgia,130412,0,0,2,0,21,BIBB (21),3390,MACON,4,Abril,10,2022,17,17,SR-19,3,Highway estatal,Rural,Arteria Menor,State Highway Agency,0,Sin jurisdiccion especial,14,32.81432222,-83.51874722,Vehiculo en movimiento,Angulo,Four-Way Intersection,Interseccion de 4 direcciones,Sobre calle,Ninguna,Dia total,Despejado,No,NO APLICA,17,17,17,24,1,10/04/2022,2
13,Georgia,130413,0,0,2,0,309,WHEELER (309),3300,LUMBER CITY,4,Abril,9,2022,22,9,SR-19,3,Highway estatal,Rural,Colector Mayor,State Highway Agency,0,Sin jurisdiccion especial,6,31.94235,-82.6633,Vehiculo en movimiento,Frente a frente,Not an Intersection,No fue interseccion,Sobre calle,Ninguna,Oscuro sin iluminacion,Nublado,No,NO APLICA,22,14,22,27,2,09/04/2022,2
13,Georgia,130414,0,0,2,0,313,WHITFIELD (313),1510,DALTON,4,Abril,8,2022,23,30,SR-040100,3,Highway estatal,Urbano,Arteria Principal,State Highway Agency,0,Sin jurisdiccion especial,109,34.76444444,-85.00195556,Valla Ferrocarril,El primer evento no fue una colision con un vehiculo automotor en transporte,Not an Intersection,No fue interseccion,En el medio,Ninguna,Oscuro sin iluminacion,Despejado,No,NO APLICA,23,39,23,45,1,08/04/2022,3
13,Georgia,130415,0,0,2,0,141,HANCOCK (141),5120,SPARTA,4,Abril,3,2022,20,18,SR-15,3,Highway estatal,Rural,Arteria Menor,State Highway Agency,0,Sin jurisdiccion especial,0,33.28673056,-82.97513333,Vehiculo en movimiento,Angulo,T-Intersection,Interseccion de T,Sobre calle,Ninguna,Oscuro sin iluminacion,Despejado,No,NO APLICA,20,25,20,27,2,03/04/2022,4
13,Georgia,130416,0,0,1,0,219,OCONEE (219),1920,EASTVILLE,4,Abril,9,2022,5,0,SR-53,3,Highway estatal,Rural,Colector Mayor,State Highway Agency,0,Sin jurisdiccion especial,84,33.86796667,-83.48950556,Arbol,El primer evento no fue una colision con un vehiculo automotor en transporte,Not an Intersection,No fue interseccion,Fuera de la calle,Ninguna,Dia total,Despejado,No,NO APLICA,5,8,5,18,1,09/04/2022,1
13,Georgia,130417,0,0,1,0,135,GWINNETT (135),3100,LAWRENCEVILLE,3,Marzo,26,2022,2,15,OLD PEACHTREE RD,6,Calle Local Municipalidad,Urbano,Colector Mayor,City or Municipal Highway Agency,0,Sin jurisdiccion especial,80,34.03815,-84.01897778,Acotamiento,El primer evento no fue una colision con un vehiculo automotor en transporte,Not an Intersection,No fue interseccion,Sobre el lado de la calle,Ninguna,Oscuro con iluminacion,Despejado,No,NO APLICA,99,98,99,98,1,26/03/2022,1
13,Georgia,130418,0,0,1,0,129,GORDON (129),860,CALHOUN,4,Abril,11,2022,1,50,CR-011200,4,Calle del Condado,Rural,Local,County Highway Agency,0,Sin jurisdiccion especial,6,34.45538056,-85.001525,Culvert,El primer evento no fue una colision con un vehiculo automotor en transporte,Not an Intersection,No fue interseccion,Sobre el lado de la calle,Ninguna,Oscuro sin iluminacion,Despejado,No,NO APLICA,2,3,2,15,1,11/04/2022,1
13,Georgia,130419,0,0,3,0,77,COWETA (77),3950,NEWNAN,4,Abril,13,2022,20,48,CR-234600,4,Calle del Condado,Urbano,Arteria Menor,County Highway Agency,0,Sin jurisdiccion especial,13,33.35923611,-84.75285,Vehiculo en movimiento,Frente a Detrás,Four-Way Intersection,Interseccion de 4 direcciones,Sobre calle,Ninguna,Oscuro sin iluminacion,Despejado,No,NO APLICA,20,45,20,49,1,13/04/2022,4
13,Georgia,130420,0,0,1,0,13,BARROW (13),4820,RUSSELL,4,Abril,12,2022,20,48,SR-005300,3,Highway estatal,Urbano,Arteria Principal,State Highway Agency,1,Sin jurisdiccion especial,94,33.95751389,-83.65925,Animal vivo,El primer evento no fue una colision con un vehiculo automotor en transporte,Not an Intersection,No fue interseccion,Sobre calle,Ninguna,Oscuro sin iluminacion,Despejado,No,NO APLICA,20,44,20,58,1,12/04/2022,1
13,Georgia,130421,0,0,1,0,1,APPLING (1),440,BAXLEY,4,Abril,7,2022,20,13,CR-041700,4,Calle del Condado,Rural,Colector Mayor,County Highway Agency,0,Sin jurisdiccion especial,16,31.64615,-82.38234167,Volcadura,El primer evento no fue una colision con un vehiculo automotor en transporte,Not an Intersection,No fue interseccion,Sobre calle,Ninguna,Oscuro sin iluminacion,Despejado,No,NO APLICA,20,17,20,28,1,07/04/2022,1
13,Georgia,130422,0,0,2,0,23,BLECKLEY (23),9898,Not Reported,4,Abril,6,2022,11,16,SR-26,3,Highway estatal,Rural,Arteria Menor,State Highway Agency,0,Sin jurisdiccion especial,87,32.42146944,-83.31368611,Vehiculo en movimiento,Frente a frente,Not an Intersection,No fue interseccion,Sobre calle,Ninguna,Dia total,Nublado,No,NO APLICA,11,17,11,21,1,06/04/2022,2
13,Georgia,130423,0,0,2,0,219,OCONEE (219),1920,EASTVILLE,4,Abril,6,2022,7,25,SR-53,3,Highway estatal,Rural,Colector Mayor,State Highway Agency,0,Sin jurisdiccion especial,74,33.87066111,-83.50535,Vehiculo en movimiento,Angulo,Four-Way Intersection,Interseccion de 4 direcciones,Sobre calle,Ninguna,Dia total,Nublado,No,NO APLICA,7,31,7,39,1,06/04/2022,6
13,Georgia,130424,0,0,3,1,193,MACON (193),3720,MONTEZUMA,4,Abril,3,2022,16,0,SPRING ST,6,Calle Local Municipalidad,Urbano,Local,City or Municipal Highway Agency,0,Sin jurisdiccion especial,0,32.28566944,-84.00845,Vehiculo Aparcado,El primer evento no fue una colision con un vehiculo automotor en transporte,Not an Intersection,No fue interseccion,Sobre el lado de la calle,Ninguna,Dia total,Despejado,No,NO APLICA,16,52,17,5,1,03/04/2022,2
13,Georgia,130425,0,0,1,0,299,WARE (299),5850,WAYCROSS,4,Abril,6,2022,5,27,SR-000400,3,Highway estatal,Urbano,Arteria Principal,State Highway Agency,1,Sin jurisdiccion especial,221,31.20938333,-82.40171944,Culvert,El primer evento no fue una colision con un vehiculo automotor en transporte,Not an Intersection,No fue interseccion,Sobre el lado de la calle,Ninguna,Oscuro sin iluminacion,Neblina o Humo,No,NO APLICA,5,27,5,40,1,06/04/2022,1
13,Georgia,130426,0,0,2,0,13,BARROW (13),5980,WINDER,4,Abril,5,2022,12,25,PATRICK MILL ROAD,6,Calle Local Municipalidad,Urbano,Colector Mayor,City or Municipal Highway Agency,0,Sin jurisdiccion especial,22,33.96432778,-83.79396944,Vehiculo en movimiento,Angulo,Not an Intersection,No fue interseccion,Sobre calle,Ninguna,Dia total,lluvia,No,NO APLICA,12,25,12,36,1,05/04/2022,4
13,Georgia,130427,0,0,1,0,215,MUSCOGEE (215),1280,COLUMBUS,4,Abril,3,2022,3,45,I-185 SR-041100,1,Interestatal,Urbano,Interestatal,State Highway Agency,1,Sin jurisdiccion especial,142,32.60216944,-84.95268333,Valla Ferrocarril,El primer evento no fue una colision con un vehiculo automotor en transporte,Not an Intersection,No fue interseccion,Sobre el lado de la calle,Mantenimiento,Oscuro sin iluminacion,Nublado,No,NO APLICA,3,55,4,6,1,03/04/2022,1
13,Georgia,130428,0,0,2,0,63,CLAYTON (63),2180,FOREST PARK,4,Abril,2,2022,20,2,SR-331,3,Highway estatal,Rural,Arteria Menor,State Highway Agency,0,Sin jurisdiccion especial,24,33.61926111,-84.36186389,Vehiculo en movimiento,Angulo,Four-Way Intersection,Interseccion de 4 direcciones,Sobre calle,Ninguna,Dia total,Despejado,No,NO APLICA,20,24,20,30,1,02/04/2022,3
13,Georgia,130429,0,0,2,0,89,DEKALB (89),9898,Not Reported,4,Abril,1,2022,12,23,SR-015500,3,Highway estatal,Urbano,Arteria Principal,State Highway Agency,1,Sin jurisdiccion especial,7,33.65605833,-84.18883889,Vehiculo en movimiento,Angulo,Not an Intersection,No fue interseccion,Sobre calle,Ninguna,Dia total,Despejado,No,NO APLICA,12,23,12,30,1,01/04/2022,3
13,Georgia,130430,0,0,3,0,153,HOUSTON (153),9898,Not Reported,3,Marzo,30,2022,12,34,CR-015600,4,Calle del Condado,Urbano,Arteria Menor,County Highway Agency,0,Sin jurisdiccion especial,8,32.54056111,-83.62507222,Vehiculo en movimiento,Frente a frente,Not an Intersection,No fue interseccion,Sobre calle,Ninguna,Dia total,Despejado,No,NO APLICA,12,36,12,42,2,30/03/2022,3
13,Georgia,130431,0,0,2,0,13,BARROW (13),5180,STATHAM,4,Abril,4,2022,12,8,ATLANTA HIGHWAY,6,Calle Local Municipalidad,Urbano,Arteria Menor,City or Municipal Highway Agency,0,Sin jurisdiccion especial,26,33.97686944,-83.64365833,Vehiculo en movimiento,Angulo,Four-Way Intersection,Interseccion de 4 direcciones,Sobre calle,Ninguna,Dia total,Despejado,No,NO APLICA,12,8,12,13,1,04/04/2022,3
13,Georgia,130432,0,0,1,0,147,HART (147),2610,HARTWELL,4,Abril,4,2022,0,2,SR-0077SP,3,Highway estatal,Rural,Colector Mayor,State Highway Agency,0,Sin jurisdiccion especial,24,34.28461944,-82.86598611,Culvert,El primer evento no fue una colision con un vehiculo automotor en transporte,Not an Intersection,No fue interseccion,Sobre el lado de la calle,Ninguna,Oscuro sin iluminacion,Despejado,No,NO APLICA,0,5,0,14,1,04/04/2022,1
13,Georgia,130433,0,0,1,0,121,FULTON (121),280,ATLANTA,4,Abril,3,2022,20,40,RP-401384,8,Otro,Urbano,Arteria Principal,State Highway Agency,1,Sin jurisdiccion especial,0,33.760175,-84.3786,Otra barrera de trafico,El primer evento no fue una colision con un vehiculo automotor en transporte,Not an Intersection,No fue interseccion,Sobre el lado de la calle,Ninguna,Oscuro con iluminacion,Despejado,No,NO APLICA,99,99,99,99,1,03/04/2022,1
13,Georgia,130434,0,0,1,0,151,HENRY (151),9997,Other,4,Abril,3,2022,18,29,CR-067500,4,Calle del Condado,Urbano,Arteria Menor,County Highway Agency,0,Sin jurisdiccion especial,17,33.62605556,-84.256375,Banqueta,El primer evento no fue una colision con un vehiculo automotor en transporte,Not an Intersection,No fue interseccion,Sobre el lado de la calle,Ninguna,Dia total,Despejado,No,NO APLICA,18,32,18,37,1,03/04/2022,1
13,Georgia,130435,0,0,1,0,103,EFFINGHAM (103),4670,RINCON,4,Abril,3,2022,9,0,CR-027300/VANN RD,4,Calle del Condado,Rural,Local,County Highway Agency,0,Sin jurisdiccion especial,1,32.11563333,-81.38744444,Volcadura,El primer evento no fue una colision con un vehiculo automotor en transporte,T-Intersection,Interseccion de T,Sobre calle,Ninguna,Dia total,Despejado,No,NO APLICA,99,99,99,99,1,03/04/2022,1
13,Georgia,130436,1,1,1,0,185,LOWNDES (185),3900,NAYLOR,4,Abril,2,2022,19,9,SR-38,3,Highway estatal,Rural,Arteria Principal,State Highway Agency,1,Sin jurisdiccion especial,198,30.88356667,-83.14195833,Peaton,El primer evento no fue una colision con un vehiculo automotor en transporte,Not an Intersection,No fue interseccion,Sobre calle,Ninguna,Dia total,Despejado,No,NO APLICA,19,15,19,24,1,02/04/2022,4
13,Georgia,130437,0,0,3,0,93,DOOLY (93),9898,Not Reported,4,Abril,2,2022,11,30,I-75,1,Interestatal,Rural,Interestatal,State Highway Agency,1,Sin jurisdiccion especial,45,32.09476944,-83.76332222,Vehiculo en movimiento,Golpe Lateral - misma direccion,Not an Intersection,No fue interseccion,Sobre calle,Ninguna,Dia total,Despejado,No,NO APLICA,11,31,11,50,1,02/04/2022,3
13,Georgia,130438,0,0,2,0,199,MERIWETHER (199),9997,Other,3,Marzo,31,2022,16,12,I-85,1,Interestatal,Rural,Interestatal,State Highway Agency,1,Sin jurisdiccion especial,33,33.21191667,-84.82488611,Barrera de Cable,El primer evento no fue una colision con un vehiculo automotor en transporte,Not an Intersection,No fue interseccion,En el medio,Ninguna,Dia total,Despejado,No,NO APLICA,16,15,16,22,1,31/03/2022,3
13,Georgia,130439,0,0,1,0,145,HARRIS (145),5023,SHILOH,3,Marzo,30,2022,22,30,SR-116,3,Highway estatal,Rural,Colector Mayor,State Highway Agency,0,Sin jurisdiccion especial,213,32.80403056,-84.70363611,Volcadura,El primer evento no fue una colision con un vehiculo automotor en transporte,Not an Intersection,No fue interseccion,Sobre el lado de la calle,Mantenimiento,Oscuro sin iluminacion,Nublado,No,NO APLICA,7,27,7,30,1,30/03/2022,2
13,Georgia,130440,0,0,1,0,67,COBB (67),3440,MARIETTA,3,Marzo,28,2022,22,39,CALLAWAY RD,6,Calle Local Municipalidad,Urbano,Local,Town or Township Highway Agency,0,Sin jurisdiccion especial,9,33.89450833,-84.59033889,Arbol,El primer evento no fue una colision con un vehiculo automotor en transporte,Not an Intersection,No fue interseccion,Sobre el lado de la calle,Ninguna,Oscuro con iluminacion,Despejado,No,NO APLICA,22,40,22,45,1,28/03/2022,1
13,Georgia,130441,1,1,1,0,67,COBB (67),3440,MARIETTA,3,Marzo,28,2022,21,11,SANDY PLAINS RD,6,Calle Local Municipalidad,Urbano,Arteria Menor,City or Municipal Highway Agency,0,Sin jurisdiccion especial,8,34.00563889,-84.49973056,Peaton,El primer evento no fue una colision con un vehiculo automotor en transporte,T-Intersection,Interseccion de T,Sobre calle,Ninguna,Oscuro sin iluminacion,Despejado,No,NO APLICA,21,12,21,18,1,28/03/2022,1
13,Georgia,130442,0,0,2,0,199,MERIWETHER (199),9997,Other,3,Marzo,28,2022,15,40,I-85,1,Interestatal,Rural,Interestatal,State Highway Agency,1,Sin jurisdiccion especial,1,33.17663056,-84.86181944,Vehiculo en movimiento,Golpe Lateral - misma direccion,Not an Intersection,No fue interseccion,Sobre calle,Ninguna,Dia total,Despejado,No,NO APLICA,15,38,16,3,1,28/03/2022,2
13,Georgia,130443,0,0,2,0,121,FULTON (121),280,ATLANTA,3,Marzo,27,2022,17,30,US-78 DONALD LEE HOLLOWELL PKW,2,US Highway,Urbano,Arteria Principal,State Highway Agency,1,Sin jurisdiccion especial,53,33.77198333,-84.42695,Vehiculo en movimiento,Angulo,Not an Intersection,No fue interseccion,Sobre calle,Ninguna,Dia total,Despejado,No,NO APLICA,99,98,99,98,1,27/03/2022,2
13,Georgia,130444,0,0,2,0,75,COOK (75),3130,LENOX,3,Marzo,27,2022,15,50,OLD UNION ROAD,6,Calle Local Municipalidad,Rural,Local,City or Municipal Highway Agency,0,Sin jurisdiccion especial,12,31.31726389,-83.49528333,Vehiculo en movimiento,Golpe Lateral - misma direccion,Not an Intersection,No fue interseccion,Sobre calle,Ninguna,Dia total,Despejado,No,NO APLICA,15,56,16,12,1,27/03/2022,4
13,Georgia,130445,2,2,2,0,121,FULTON (121),280,ATLANTA,3,Marzo,25,2022,20,59,LENOX RD NE,6,Calle Local Municipalidad,Urbano,Arteria Menor,City or Municipal Highway Agency,0,Sin jurisdiccion especial,20,33.82423889,-84.35222222,Peaton,El primer evento no fue una colision con un vehiculo automotor en transporte,Four-Way Intersection,Interseccion de 4 direcciones,Sobre calle,Ninguna,Oscuro con iluminacion,Despejado,No,NO APLICA,20,59,21,5,1,25/03/2022,3
13,Georgia,130446,0,0,2,1,121,FULTON (121),280,ATLANTA,3,Marzo,25,2022,20,0,CS-259003 WHITEWATER CREEK RD,6,Calle Local Municipalidad,Urbano,Local,City or Municipal Highway Agency,0,Sin jurisdiccion especial,4,33.87208056,-84.43751111,Muro,El primer evento no fue una colision con un vehiculo automotor en transporte,Not an Intersection,No fue interseccion,Fuera de la calle,Ninguna,Oscuro sin iluminacion,Despejado,No,NO APLICA,19,0,19,20,1,25/03/2022,2
13,Georgia,130447,1,1,1,0,135,GWINNETT (135),1810,DULUTH,3,Marzo,22,2022,21,48,SATELLITE BLVD,6,Calle Local Municipalidad,Urbano,Colector Mayor,City or Municipal Highway Agency,0,Sin jurisdiccion especial,147,33.95276389,-84.14418611,Peaton,El primer evento no fue una colision con un vehiculo automotor en transporte,T-Intersection,Interseccion de T,Sobre calle,Ninguna,Oscuro con iluminacion,Despejado,No,NO APLICA,99,98,99,98,1,22/03/2022,1
13,Georgia,130448,0,0,2,0,121,FULTON (121),280,ATLANTA,3,Marzo,20,2022,5,5,I-20,1,Interestatal,Urbano,Interestatal,State Highway Agency,1,Sin jurisdiccion especial,23,33.76616667,-84.49909722,Vehiculo en movimiento,Frente a frente,Not an Intersection,No fue interseccion,Sobre calle,Ninguna,Oscuro sin iluminacion,Despejado,No,NO APLICA,5,7,5,20,2,20/03/2022,5