Estado,Nombre de Estado,Numero de Caso,Peatones,Personas _no_vehiculos,Vehiculos automotores,Vehiculos estacionados,Condado,Nombre Condado,Ciudad,Nombre Ciudad,Mes,Nombre Mes,Dia,Año,Hora,Minuto,Calle,Ruta,Nombre Ruta,Rural o Urbanoo,Sistema Funcional,Dueño Calle,Sistema Nacional Carreteras,Jurisdiccion Especial,Milla,Latitud,Longitud,Causa del Accidente,Tipo de Accidente,Tipo Interseccion,Columna1,Lugar en la calle,Zona de Trabajo,Luz,Clima,Autobus Escolar,Cruce de Trenes,Hora Notificacion,Minuto Notificacion,Hora Llegada,Minuto Llegada,Decesos,Fecha,PersonaVehiculo
13,Georgia,130449,0,0,1,0,121,FULTON (121),280,ATLANTA,3,Marzo,19,2022,5,0,HARWELL RD,6,Calle Local Municipalidad,Urbano,Colector Mayor,City or Municipal Highway Agency,0,Sin jurisdiccion especial,0,33.76893333,-84.49428056,Banqueta,El primer evento no fue una colision con un vehiculo automotor en transporte,Not an Intersection,No fue interseccion,Sobre el lado de la calle,Ninguna,Oscuro sin iluminacion,Nublado,No,NO APLICA,99,98,99,98,1,19/03/2022,1
13,Georgia,130450,1,1,1,0,121,FULTON (121),280,ATLANTA,3,Marzo,17,2022,0,35,I-20,1,Interestatal,Urbano,Interestatal,State Highway Agency,1,Sin jurisdiccion especial,68,33.74579167,-84.42871389,Peaton,El primer evento no fue una colision con un vehiculo automotor en transporte,Not an Intersection,No fue interseccion,Sobre calle,Ninguna,Oscuro con iluminacion,Nublado,No,NO APLICA,0,37,1,10,1,17/03/2022,1
13,Georgia,130451,0,0,1,0,121,FULTON (121),9997,Other,4,Abril,2,2022,3,59,SR-000600,3,Highway estatal,Urbano,Arteria Principal,State Highway Agency,1,Sin jurisdiccion especial,12,33.72181111,-84.57417222,Volcadura,El primer evento no fue una colision con un vehiculo automotor en transporte,Not an Intersection,No fue interseccion,En el medio,Ninguna,Oscuro sin iluminacion,Despejado,No,NO APLICA,99,99,99,99,1,02/04/2022,1
13,Georgia,130452,0,0,2,0,67,COBB (67),3440,MARIETTA,2,Febrero,18,2022,17,9,CR-115400 POWERS FERRY RD,4,Calle del Condado,Urbano,Colector Mayor,County Highway Agency,0,Sin jurisdiccion especial,18,33.93003056,-84.47413889,Vehiculo en movimiento,Frente a frente,Not an Intersection,No fue interseccion,Sobre calle,Ninguna,Dia total,Despejado,No,NO APLICA,99,99,99,99,1,18/02/2022,2
13,Georgia,130453,0,0,1,0,131,GRADY (131),850,CAIRO,3,Marzo,29,2022,17,23,SR-93,3,Highway estatal,Urbano,Arteria Principal,State Highway Agency,1,Sin jurisdiccion especial,106,30.85371667,-84.19489722,Zanja,El primer evento no fue una colision con un vehiculo automotor en transporte,Not an Intersection,No fue interseccion,Sobre el lado de la calle,Ninguna,Dia total,Despejado,No,NO APLICA,17,23,17,27,1,29/03/2022,1
13,Georgia,130454,1,1,1,0,287,TURNER (287),250,ASHBURN,3,Marzo,27,2022,21,25,CARLOS AVE,6,Calle Local Municipalidad,Rural,Local,City or Municipal Highway Agency,0,Sin jurisdiccion especial,4,31.69966944,-83.65951944,Peaton,El primer evento no fue una colision con un vehiculo automotor en transporte,Not an Intersection,No fue interseccion,Sobre calle,Ninguna,Oscuro sin iluminacion,Despejado,No,NO APLICA,21,34,21,39,1,27/03/2022,1
13,Georgia,130455,1,1,1,0,201,MILLER (201),1270,COLQUITT,4,Abril,2,2022,6,15,CS-058005,5,Calle Local - Pueblo,Rural,Local,Town or Township Highway Agency,0,Sin jurisdiccion especial,2,31.15814444,-84.74829722,Peaton,El primer evento no fue una colision con un vehiculo automotor en transporte,Not an Intersection,No fue interseccion,Sobre calle,Ninguna,Oscuro sin iluminacion,Despejado,No,NO APLICA,6,15,6,19,1,02/04/2022,1
13,Georgia,130456,0,0,1,0,77,COWETA (77),3950,NEWNAN,4,Abril,5,2022,12,1,CS-129709,6,Calle Local Municipalidad,Urbano,Arteria Menor,City or Municipal Highway Agency,0,Sin jurisdiccion especial,1,33.36437222,-84.79269167,Arbol,El primer evento no fue una colision con un vehiculo automotor en transporte,Not an Intersection,No fue interseccion,Sobre el lado de la calle,Ninguna,Dia total,lluvia,No,NO APLICA,12,1,12,5,1,05/04/2022,1
13,Georgia,130457,1,1,1,0,51,CHATHAM (51),4910,SAVANNAH,4,Abril,5,2022,20,30,CS-063607 / EAST 39TH ST,6,Calle Local Municipalidad,Urbano,Local,City or Municipal Highway Agency,0,Sin jurisdiccion especial,7,32.05205,-81.08819722,Ciclista,El primer evento no fue una colision con un vehiculo automotor en transporte,Four-Way Intersection,Interseccion de 4 direcciones,Sobre calle,Ninguna,Oscuro con iluminacion,lluvia,No,NO APLICA,20,30,20,36,1,05/04/2022,1
13,Georgia,130458,0,0,3,0,119,FRANKLIN (119),960,CARNESVILLE,4,Abril,9,2022,12,15,SR-320,3,Highway estatal,Rural,Arteria Menor,State Highway Agency,0,Sin jurisdiccion especial,24,34.39017778,-83.27505,Otra no colicion,El primer evento no fue una colision con un vehiculo automotor en transporte,T-Intersection,Interseccion de T,Sobre calle,Ninguna,Dia total,Nublado,No,NO APLICA,12,20,12,31,2,09/04/2022,5
13,Georgia,130459,0,0,2,0,91,DODGE (91),0,NO APLICA,4,Abril,10,2022,0,5,SR-31,3,Highway estatal,Rural,Arteria Principal,State Highway Agency,1,Sin jurisdiccion especial,12,32.17793611,-82.9019,Vehiculo en movimiento,Frente a frente,Not an Intersection,No fue interseccion,Sobre calle,Ninguna,Oscuro con iluminacion,Despejado,No,NO APLICA,0,5,0,15,1,10/04/2022,4
13,Georgia,130460,0,0,2,0,89,DEKALB (89),5580,TUCKER,4,Abril,10,2022,22,17,CR-514800,4,Calle del Condado,Urbano,Arteria Menor,County Highway Agency,0,Sin jurisdiccion especial,33,33.78565278,-84.24084722,Vehiculo en movimiento,Frente a frente,Not an Intersection,No fue interseccion,Sobre calle,Ninguna,Oscuro con iluminacion,Despejado,No,NO APLICA,22,19,22,25,1,10/04/2022,3
13,Georgia,130461,0,0,3,0,285,TROUP (285),0,NO APLICA,4,Abril,11,2022,1,17,I-85,1,Interestatal,Rural,Interestatal,State Highway Agency,1,Sin jurisdiccion especial,80,32.94158333,-85.10161389,Vehiculo en movimiento,Frente a frente,Not an Intersection,No fue interseccion,Sobre calle,Ninguna,Oscuro sin iluminacion,Despejado,No,NO APLICA,1,18,1,20,1,11/04/2022,3
13,Georgia,130462,1,1,1,0,247,ROCKDALE (247),1320,CONYERS,4,Abril,11,2022,4,49,SR-20,3,Highway estatal,Urbano,Arteria Principal,State Highway Agency,1,Sin jurisdiccion especial,91,33.67301667,-83.98887778,Ciclista,El primer evento no fue una colision con un vehiculo automotor en transporte,Four-Way Intersection,Interseccion de 4 direcciones,Sobre calle,Ninguna,Oscuro sin iluminacion,Despejado,No,NO APLICA,4,49,5,1,1,11/04/2022,1
13,Georgia,130463,0,0,1,0,117,FORSYTH (117),0,NO APLICA,4,Abril,19,2022,1,45,SR-036900,3,Highway estatal,Urbano,Arteria Menor,State Highway Agency,0,Sin jurisdiccion especial,38,34.30185,-84.19759167,Volcadura,El primer evento no fue una colision con un vehiculo automotor en transporte,Not an Intersection,No fue interseccion,Sobre el lado de la calle,Ninguna,Oscuro sin iluminacion,Despejado,No,NO APLICA,9,50,9,57,1,19/04/2022,1
13,Georgia,130464,0,0,2,0,179,LIBERTY (179),0,NO APLICA,4,Abril,12,2022,8,12,CR-016300,4,Calle del Condado,Rural,Arteria Principal,County Highway Agency,1,Sin jurisdiccion especial,22,31.86585833,-81.43731111,Vehiculo en movimiento,Angulo,Four-Way Intersection,Interseccion de 4 direcciones,Sobre calle,Ninguna,Dia total,Despejado,No,NO APLICA,8,20,8,30,1,12/04/2022,5
13,Georgia,130465,0,0,2,0,89,DEKALB (89),9997,Other,4,Abril,17,2022,3,31,SR-13,3,Highway estatal,Urbano,Arteria Principal,State Highway Agency,1,Sin jurisdiccion especial,3,33.85798056,-84.31193056,Vehiculo en movimiento,Frente a frente,Y-Intersection,Interseccion de Y,Sobre calle,Ninguna,Oscuro con iluminacion,Despejado,No,NO APLICA,3,42,3,49,1,17/04/2022,2
13,Georgia,130466,0,0,1,0,253,SEMINOLE (253),1740,DONALSONVILLE,4,Abril,22,2022,19,23,BURL LANE RD,6,Calle Local Municipalidad,Rural,Colector Mayor,City or Municipal Highway Agency,0,Sin jurisdiccion especial,20,31.06235278,-84.84577778,Acotamiento,El primer evento no fue una colision con un vehiculo automotor en transporte,Not an Intersection,No fue interseccion,Sobre el lado de la calle,Ninguna,Dia total,Despejado,No,NO APLICA,19,24,19,41,1,22/04/2022,1
13,Georgia,130467,0,0,1,0,153,HOUSTON (153),1025,CENTERVILLE,4,Abril,22,2022,22,1,N HOUSTON LAKE BOULEVARD,6,Calle Local Municipalidad,Urbano,Arteria Menor,City or Municipal Highway Agency,0,Sin jurisdiccion especial,13,32.63582222,-83.6896,Banqueta,El primer evento no fue una colision con un vehiculo automotor en transporte,Not an Intersection,No fue interseccion,Sobre el lado de la calle,Ninguna,Oscuro sin iluminacion,Despejado,No,NO APLICA,21,58,22,3,1,22/04/2022,1
13,Georgia,130468,0,0,2,0,299,WARE (299),5850,WAYCROSS,4,Abril,22,2022,23,3,SR-4,3,Highway estatal,Urbano,Arteria Principal,State Highway Agency,1,Sin jurisdiccion especial,179,31.203225,-82.33308611,Vehiculo en movimiento,Frente a frente,Not an Intersection,No fue interseccion,Sobre calle,Ninguna,Oscuro con iluminacion,Despejado,No,NO APLICA,23,0,23,4,1,22/04/2022,2
13,Georgia,130469,0,0,1,0,151,HENRY (151),5210,STOCKBRIDGE,4,Abril,23,2022,3,7,SR-138 E,3,Highway estatal,Urbano,Arteria Principal,State Highway Agency,1,Sin jurisdiccion especial,57,33.53983611,-84.20284167,Objeto fijo desconocido,El primer evento no fue una colision con un vehiculo automotor en transporte,Not an Intersection,No fue interseccion,Fuera de la calle,Ninguna,Oscuro sin iluminacion,Despejado,No,NO APLICA,99,98,99,98,1,23/04/2022,1
13,Georgia,130470,0,0,1,0,135,GWINNETT (135),3100,LAWRENCEVILLE,4,Abril,23,2022,7,10,HOSEA RD,6,Calle Local Municipalidad,Urbano,Local,City or Municipal Highway Agency,0,Sin jurisdiccion especial,7,33.97286389,-83.97479444,Banqueta,El primer evento no fue una colision con un vehiculo automotor en transporte,Not an Intersection,No fue interseccion,Sobre el lado de la calle,Ninguna,Dia total,Despejado,No,NO APLICA,7,11,7,17,1,23/04/2022,1
13,Georgia,130471,0,0,3,0,311,WHITE (311),0,NO APLICA,4,Abril,23,2022,10,55,SR-75,3,Highway estatal,Rural,Arteria Menor,State Highway Agency,0,Sin jurisdiccion especial,77,34.71755,-83.74773056,Vehiculo en movimiento,Frente a frente,Not an Intersection,No fue interseccion,Sobre calle,Ninguna,Dia total,Despejado,No,NO APLICA,11,32,12,2,1,23/04/2022,3
13,Georgia,130472,0,0,2,0,63,CLAYTON (63),1315,CONLEY,4,Abril,23,2022,15,9,SR-42,3,Highway estatal,Urbano,Arteria Menor,State Highway Agency,0,Sin jurisdiccion especial,62,33.63989444,-84.32168889,Vehiculo en movimiento,Angulo,T-Intersection,Interseccion de T,Sobre calle,Ninguna,Dia total,Despejado,No,NO APLICA,99,99,99,99,1,23/04/2022,3
13,Georgia,130473,0,0,1,0,57,CHEROKEE (57),390,BALL GROUND,4,Abril,23,2022,18,28,SR-372,3,Highway estatal,Rural,Arteria Menor,State Highway Agency,0,Sin jurisdiccion especial,113,34.31626111,-84.34339722,Alguien se cayo/avento del vehiculo,El primer evento no fue una colision con un vehiculo automotor en transporte,Not an Intersection,No fue interseccion,Sobre el lado de la calle,Ninguna,Dia total,Despejado,No,NO APLICA,99,98,99,98,1,23/04/2022,1
13,Georgia,130474,0,0,2,0,245,RICHMOND (245),310,AUGUSTA,4,Abril,23,2022,21,11,WRIGHTSBORO ROAD,6,Calle Local Municipalidad,Urbano,Arteria Principal,City or Municipal Highway Agency,1,Sin jurisdiccion especial,12,33.46735278,-82.01447222,Vehiculo en movimiento,Angulo,Four-Way Intersection,Interseccion de 4 direcciones,Sobre calle,Ninguna,Oscuro con iluminacion,Despejado,No,NO APLICA,21,10,21,17,1,23/04/2022,4
13,Georgia,130475,0,0,1,0,121,FULTON (121),280,ATLANTA,4,Abril,23,2022,23,11,CS-072503,6,Calle Local Municipalidad,Urbano,Colector Mayor,Town or Township Highway Agency,0,Sin jurisdiccion especial,27,33.78642778,-84.43305833,Banqueta,El primer evento no fue una colision con un vehiculo automotor en transporte,Not an Intersection,No fue interseccion,Sobre el lado de la calle,Ninguna,Oscuro sin iluminacion,Despejado,No,NO APLICA,11,11,11,27,1,23/04/2022,1
13,Georgia,130476,0,0,2,0,121,FULTON (121),280,ATLANTA,4,Abril,24,2022,0,0,SR-279 OLD NATIONAL HWY,3,Highway estatal,Urbano,Arteria Menor,State Highway Agency,0,Sin jurisdiccion especial,12,33.56638611,-84.46857222,Vehiculo en movimiento,Angulo,Four-Way Intersection,Interseccion de 4 direcciones,Sobre calle,Ninguna,Oscuro con iluminacion,Despejado,No,NO APLICA,99,99,99,99,2,24/04/2022,3
13,Georgia,130477,1,1,1,0,51,CHATHAM (51),2290,GARDEN CITY,4,Abril,24,2022,0,35,SR-25,3,Highway estatal,Urbano,Arteria Principal,State Highway Agency,1,Sin jurisdiccion especial,70,32.04000556,-81.20295556,Peaton,El primer evento no fue una colision con un vehiculo automotor en transporte,Not an Intersection,No fue interseccion,Sobre calle,Ninguna,Oscuro sin iluminacion,Despejado,No,NO APLICA,0,38,0,49,1,24/04/2022,2
13,Georgia,130478,0,0,1,0,127,GLYNN (127),4860,SAINT SIMONS ISLAND,4,Abril,24,2022,3,56,FREDERICA RD,5,Calle Local - Pueblo,Urbano,Colector Mayor,Town or Township Highway Agency,0,Sin jurisdiccion especial,3,31.21825556,-81.38278611,Banqueta,El primer evento no fue una colision con un vehiculo automotor en transporte,Not an Intersection,No fue interseccion,Sobre el lado de la calle,Ninguna,Oscuro sin iluminacion,Despejado,No,NO APLICA,3,57,4,10,1,24/04/2022,1
13,Georgia,130479,1,1,1,0,121,FULTON (121),4882,SANDY SPRINGS,4,Abril,24,2022,5,38,I-285,1,Interestatal,Urbano,Interestatal,State Highway Agency,1,Sin jurisdiccion especial,248,33.91222778,-84.37853056,Peaton,El primer evento no fue una colision con un vehiculo automotor en transporte,Not an Intersection,No fue interseccion,Sobre calle,Construccion,Oscuro sin iluminacion,Despejado,No,NO APLICA,6,21,6,31,1,24/04/2022,1
13,Georgia,130480,0,0,2,0,97,DOUGLAS (97),3208,LITHIA SPRINGS,4,Abril,24,2022,6,25,SR-6,3,Highway estatal,Urbano,Arteria Principal,State Highway Agency,1,Sin jurisdiccion especial,4,33.78916389,-84.62258333,Vehiculo en movimiento,Angulo,Four-Way Intersection,Interseccion de 4 direcciones,Sobre calle,Ninguna,Oscuro con iluminacion,Despejado,No,NO APLICA,6,27,6,37,1,24/04/2022,6
13,Georgia,130481,1,1,1,0,5,BACON (5),110,ALMA,4,Abril,24,2022,20,42,SR-4,3,Highway estatal,Rural,Arteria Principal,State Highway Agency,1,Sin jurisdiccion especial,53,31.48829444,-82.45438611,Peaton,El primer evento no fue una colision con un vehiculo automotor en transporte,Not an Intersection,No fue interseccion,Sobre calle,Ninguna,Oscuro sin iluminacion,Despejado,No,NO APLICA,20,42,20,52,1,24/04/2022,2
13,Georgia,130482,0,0,1,0,15,BARTOW (15),0,NO APLICA,4,Abril,24,2022,23,35,EUHARLEE RD,6,Calle Local Municipalidad,Rural,Colector Mayor,City or Municipal Highway Agency,0,Sin jurisdiccion especial,18,34.17891111,-85.01343889,Poste o otros soportes,El primer evento no fue una colision con un vehiculo automotor en transporte,Not an Intersection,No fue interseccion,Sobre el lado de la calle,Ninguna,Oscuro sin iluminacion,Despejado,No,NO APLICA,23,37,23,45,1,24/04/2022,1
13,Georgia,130483,0,0,1,0,233,POLK (233),1010,CEDARTOWN,4,Abril,25,2022,12,38,JUDD BRAZIER ROAD,6,Calle Local Municipalidad,Rural,Local,City or Municipal Highway Agency,0,Sin jurisdiccion especial,21,34.00296667,-85.39436944,Arbol,El primer evento no fue una colision con un vehiculo automotor en transporte,Not an Intersection,No fue interseccion,Sobre el lado de la calle,Ninguna,Dia total,Despejado,No,NO APLICA,13,1,13,17,1,25/04/2022,1
13,Georgia,130484,0,0,2,0,213,MURRAY (213),0,NO APLICA,4,Abril,25,2022,17,49,SR-136,3,Highway estatal,Rural,Colector Mayor,State Highway Agency,0,Sin jurisdiccion especial,0,34.59075833,-84.69869722,Vehiculo en movimiento,Angulo,Four-Way Intersection,Interseccion de 4 direcciones,Sobre calle,Ninguna,Dia total,Despejado,No,NO APLICA,17,48,18,6,1,25/04/2022,6
13,Georgia,130485,0,0,1,0,45,CARROLL (45),5730,VILLA RICA,4,Abril,25,2022,21,30,LEDBETTER ROAD,6,Calle Local Municipalidad,Rural,Local,City or Municipal Highway Agency,0,Sin jurisdiccion especial,14,33.77146111,-84.91160556,Arbol,El primer evento no fue una colision con un vehiculo automotor en transporte,Not an Intersection,No fue interseccion,Sobre el lado de la calle,Ninguna,Oscuro con iluminacion,Despejado,No,NO APLICA,21,35,21,43,1,25/04/2022,1
13,Georgia,130486,0,0,1,0,217,NEWTON (217),1380,COVINGTON,4,Abril,25,2022,22,30,SR-212,3,Highway estatal,Urbano,Arteria Menor,State Highway Agency,0,Sin jurisdiccion especial,41,33.50309444,-83.98335833,Acotamiento,El primer evento no fue una colision con un vehiculo automotor en transporte,Not an Intersection,No fue interseccion,Sobre el lado de la calle,Ninguna,Oscuro con iluminacion,Despejado,No,NO APLICA,99,99,99,99,1,25/04/2022,1
13,Georgia,130487,1,1,1,0,95,DOUGHERTY (95),90,ALBANY,4,Abril,26,2022,20,56,US-82BU E OGLETHORPE BLVD,2,US Highway,Urbano,Arteria Principal,State Highway Agency,1,Sin jurisdiccion especial,71,31.57093333,-84.10435,Peaton,El primer evento no fue una colision con un vehiculo automotor en transporte,T-Intersection,Interseccion de T,Sobre calle,Ninguna,Oscuro con iluminacion,Despejado,No,NO APLICA,20,58,21,4,1,26/04/2022,1
13,Georgia,130488,0,0,1,0,57,CHEROKEE (57),0,NO APLICA,4,Abril,27,2022,20,11,E CHEROKEE DR,6,Calle Local Municipalidad,Urbano,Arteria Menor,Town or Township Highway Agency,0,Sin jurisdiccion especial,23,34.13960556,-84.45982222,Volcadura,El primer evento no fue una colision con un vehiculo automotor en transporte,Not an Intersection,No fue interseccion,Sobre el lado de la calle,Ninguna,Oscuro con iluminacion,Despejado,No,NO APLICA,20,11,20,17,1,27/04/2022,1
13,Georgia,130489,0,0,1,0,71,COLQUITT (71),3800,MOULTRIE,4,Abril,28,2022,17,0,COOL SPRINGS ROAD,6,Calle Local Municipalidad,Rural,Colector Mayor,City or Municipal Highway Agency,0,Sin jurisdiccion especial,66,31.22243611,-83.65273333,Culvert,El primer evento no fue una colision con un vehiculo automotor en transporte,Not an Intersection,No fue interseccion,Sobre el lado de la calle,Ninguna,Dia total,Despejado,No,NO APLICA,17,18,17,29,2,28/04/2022,2
13,Georgia,130490,0,0,1,0,43,CANDLER (43),3560,METTER,4,Abril,28,2022,17,44,FOREHAND LANE,5,Calle Local - Pueblo,Rural,Local,Town or Township Highway Agency,0,Sin jurisdiccion especial,1,32.45664167,-82.07376111,Zanja,El primer evento no fue una colision con un vehiculo automotor en transporte,Not an Intersection,No fue interseccion,Sobre el lado de la calle,Ninguna,Dia total,Despejado,No,NO APLICA,18,3,18,9,1,28/04/2022,4
13,Georgia,130492,0,0,2,0,117,FORSYTH (117),0,NO APLICA,4,Abril,28,2022,22,6,BUFORD DAM RD,6,Calle Local Municipalidad,Urbano,Arteria Menor,City or Municipal Highway Agency,0,Sin jurisdiccion especial,27,34.18466389,-84.10661944,Vehiculo en movimiento,Frente a frente,T-Intersection,Interseccion de T,Sobre calle,Ninguna,Oscuro sin iluminacion,Despejado,No,NO APLICA,22,8,22,12,1,28/04/2022,2
13,Georgia,130493,0,0,1,0,305,WAYNE (305),2960,JESUP,4,Abril,28,2022,23,3,RAYONIER ROAD,6,Calle Local Municipalidad,Rural,Arteria Menor,City or Municipal Highway Agency,0,Sin jurisdiccion especial,26,31.66214722,-81.88688333,Volcadura,El primer evento no fue una colision con un vehiculo automotor en transporte,Not an Intersection,No fue interseccion,Sobre el lado de la calle,Ninguna,Oscuro sin iluminacion,Despejado,No,NO APLICA,23,5,23,12,1,28/04/2022,1
13,Georgia,130494,0,0,1,0,21,BIBB (21),3390,MACON,4,Abril,29,2022,5,34,I-16,1,Interestatal,Rural,Interestatal,State Highway Agency,1,Sin jurisdiccion especial,84,32.76675833,-83.55671667,Valla Ferrocarril,El primer evento no fue una colision con un vehiculo automotor en transporte,Not an Intersection,No fue interseccion,En el medio,Ninguna,Oscuro sin iluminacion,Despejado,No,NO APLICA,5,34,5,40,1,29/04/2022,2
13,Georgia,130495,0,0,2,0,57,CHEROKEE (57),9997,Other,4,Abril,29,2022,17,40,SR-92,3,Highway estatal,Urbano,Arteria Principal,State Highway Agency,1,Sin jurisdiccion especial,25,34.09713889,-84.62726111,Vehiculo en movimiento,Angulo,Four-Way Intersection,Interseccion de 4 direcciones,Sobre calle,Ninguna,Dia total,Despejado,No,NO APLICA,17,40,17,45,1,29/04/2022,2
13,Georgia,130496,0,0,1,0,47,CATOOSA (47),0,NO APLICA,4,Abril,29,2022,17,55,SR-151,3,Highway estatal,Rural,Arteria Menor,State Highway Agency,0,Sin jurisdiccion especial,29,34.80963056,-85.14638333,Buzon de correo,El primer evento no fue una colision con un vehiculo automotor en transporte,Not an Intersection,No fue interseccion,Sobre el lado de la calle,Ninguna,Dia total,Despejado,No,NO APLICA,18,0,18,8,1,29/04/2022,2
13,Georgia,130497,0,0,1,0,33,BURKE (33),0,NO APLICA,4,Abril,29,2022,19,15,SR-121 BYPASS,3,Highway estatal,Urbano,Arteria Principal,State Highway Agency,1,Sin jurisdiccion especial,32,33.09002778,-81.99404167,Volcadura,El primer evento no fue una colision con un vehiculo automotor en transporte,Not an Intersection,No fue interseccion,Sobre el lado de la calle,Ninguna,Dia total,Despejado,No,NO APLICA,19,15,19,20,1,29/04/2022,1
13,Georgia,130498,0,0,2,0,89,DEKALB (89),1140,CLARKSTON,4,Abril,30,2022,2,1,I-285,1,Interestatal,Urbano,Interestatal,State Highway Agency,1,Sin jurisdiccion especial,99999,33.81222778,-84.25092778,Vehiculo en movimiento,Frente a frente,Not an Intersection,No fue interseccion,Sobre calle,Ninguna,Oscuro sin iluminacion,Despejado,No,NO APLICA,99,98,99,98,1,30/04/2022,2
13,Georgia,130499,0,0,2,0,59,CLARKE (59),270,ATHENS,4,Abril,30,2022,13,45,SR-10,3,Highway estatal,Urbano,Arteria Principal,State Highway Agency,1,Sin jurisdiccion especial,17,33.94030833,-83.48697222,Vehiculo en movimiento,Angulo,Not an Intersection,No fue interseccion,Sobre calle,Ninguna,Dia total,Despejado,No,NO APLICA,13,48,13,52,1,30/04/2022,2
13,Georgia,130500,0,0,1,0,225,PEACH (225),0,NO APLICA,4,Abril,30,2022,14,52,SR-49,3,Highway estatal,Urbano,Arteria Principal,State Highway Agency,1,Sin jurisdiccion especial,7,32.56836111,-83.932575,Volcadura,El primer evento no fue una colision con un vehiculo automotor en transporte,Not an Intersection,No fue interseccion,En el medio,Ninguna,Dia total,Despejado,No,NO APLICA,14,50,14,56,1,30/04/2022,1
13,Georgia,130501,0,0,2,0,227,PICKENS (227),2910,JASPER,4,Abril,30,2022,16,41,SR-515,3,Highway estatal,Urbano,Arteria Principal,State Highway Agency,1,Sin jurisdiccion especial,91,34.48611111,-84.47139167,Vehiculo en movimiento,Angulo,Four-Way Intersection,Interseccion de 4 direcciones,Sobre calle,Ninguna,Dia total,Nublado,No,NO APLICA,16,42,16,58,1,30/04/2022,2
13,Georgia,130502,0,0,1,0,179,LIBERTY (179),4640,RICEBORO,4,Abril,30,2022,19,53,BARRINGTON FERRY RD,6,Calle Local Municipalidad,Rural,Colector Menor,City or Municipal Highway Agency,0,Sin jurisdiccion especial,3,31.72259722,-81.47755278,Arbol,El primer evento no fue una colision con un vehiculo automotor en transporte,Not an Intersection,No fue interseccion,Sobre el lado de la calle,Ninguna,Dia total,Despejado,No,NO APLICA,19,52,20,2,1,30/04/2022,1
13,Georgia,130503,1,1,1,0,285,TROUP (285),0,NO APLICA,4,Abril,30,2022,21,58,SR-14,3,Highway estatal,Urbano,Arteria Menor,State Highway Agency,0,Sin jurisdiccion especial,143,33.03223611,-85.067225,Peaton,El primer evento no fue una colision con un vehiculo automotor en transporte,Not an Intersection,No fue interseccion,Sobre calle,Ninguna,Oscuro sin iluminacion,Despejado,No,NO APLICA,21,29,21,33,1,30/04/2022,3
13,Georgia,130504,1,1,2,0,21,BIBB (21),3390,MACON,4,Abril,30,2022,22,12,SR-247,3,Highway estatal,Urbano,Arteria Menor,State Highway Agency,1,Sin jurisdiccion especial,109,32.80976111,-83.66295,Peaton,El primer evento no fue una colision con un vehiculo automotor en transporte,Not an Intersection,No fue interseccion,Sobre calle,Ninguna,Oscuro con iluminacion,Despejado,No,NO APLICA,99,98,99,98,1,30/04/2022,2
13,Georgia,130505,1,1,1,0,95,DOUGHERTY (95),90,ALBANY,5,Mayo,1,2022,0,6,SR-520 SLYVESTER RD,3,Highway estatal,Urbano,Arteria Principal,State Highway Agency,1,Sin jurisdiccion especial,138,31.57166944,-84.02546389,Peaton,El primer evento no fue una colision con un vehiculo automotor en transporte,Not an Intersection,No fue interseccion,Sobre calle,Ninguna,Oscuro sin iluminacion,Despejado,No,NO APLICA,0,6,0,12,1,01/05/2022,1
13,Georgia,130506,1,1,1,0,63,CLAYTON (63),2970,JONESBORO,5,Mayo,1,2022,0,16,CR-1337 FLINT RIVER RD,4,Calle del Condado,Urbano,Arteria Menor,County Highway Agency,0,Sin jurisdiccion especial,21,33.51823889,-84.39013889,Peaton,El primer evento no fue una colision con un vehiculo automotor en transporte,Four-Way Intersection,Interseccion de 4 direcciones,Sobre calle,Ninguna,Oscuro sin iluminacion,Despejado,No,NO APLICA,0,18,0,20,1,01/05/2022,1
13,Georgia,130507,0,0,1,0,115,FLOYD (115),4760,ROME,5,Mayo,1,2022,23,35,CR-66,4,Calle del Condado,Rural,Local,County Highway Agency,0,Sin jurisdiccion especial,6,34.11903611,-85.11755833,Arbol,El primer evento no fue una colision con un vehiculo automotor en transporte,Not an Intersection,No fue interseccion,Fuera de la calle,Ninguna,Oscuro sin iluminacion,Nublado,No,NO APLICA,23,41,23,55,1,01/05/2022,2
13,Georgia,130508,0,0,1,0,63,CLAYTON (63),2180,FOREST PARK,4,Abril,24,2022,18,39,I-285,1,Interestatal,Urbano,Interestatal,State Highway Agency,1,Sin jurisdiccion especial,6,33.64039167,-84.3764,Acotamiento,El primer evento no fue una colision con un vehiculo automotor en transporte,Not an Intersection,No fue interseccion,Sobre el lado de la calle,Ninguna,Dia total,Despejado,No,NO APLICA,18,39,18,44,1,24/04/2022,2
13,Georgia,130509,0,0,1,0,263,TALBOT (263),0,NO APLICA,4,Abril,28,2022,8,45,WEST TAYLOR RD,6,Calle Local Municipalidad,Rural,Local,City or Municipal Highway Agency,0,Sin jurisdiccion especial,3,32.6477,-84.669975,Zanja,El primer evento no fue una colision con un vehiculo automotor en transporte,Not an Intersection,No fue interseccion,Sobre el lado de la calle,Ninguna,Oscuro sin iluminacion,Despejado,No,NO APLICA,8,59,9,2,1,28/04/2022,1