Estado,Nombre de Estado,Numero de Caso,Peatones,Personas _no_vehiculos,Vehiculos automotores,Vehiculos estacionados,Condado,Nombre Condado,Ciudad,Nombre Ciudad,Mes,Nombre Mes,Dia,Año,Hora,Minuto,Calle,Ruta,Nombre Ruta,Rural o Urbanoo,Sistema Funcional,Dueño Calle,Sistema Nacional Carreteras,Jurisdiccion Especial,Milla,Latitud,Longitud,Causa del Accidente,Tipo de Accidente,Tipo Interseccion,Columna1,Lugar en la calle,Zona de Trabajo,Luz,Clima,Autobus Escolar,Cruce de Trenes,Hora Notificacion,Minuto Notificacion,Hora Llegada,Minuto Llegada,Decesos,Fecha,PersonaVehiculo
13,Georgia,130510,0,0,1,0,157,JACKSON (157),0,NO APLICA,4,Abril,30,2022,22,20,SR-11,3,Highway estatal,Urbano,Arteria Menor,State Highway Agency,0,Sin jurisdiccion especial,37,34.08867778,-83.62396667,Acotamiento,El primer evento no fue una colision con un vehiculo automotor en transporte,Not an Intersection,No fue interseccion,Sobre el lado de la calle,Ninguna,Dia total,Despejado,No,NO APLICA,10,40,10,47,1,30/04/2022,1
13,Georgia,130511,0,0,1,0,121,FULTON (121),9997,Other,5,Mayo,1,2022,22,35,CS-007325,5,Calle Local - Pueblo,Urbano,Local,City or Municipal Highway Agency,0,Sin jurisdiccion especial,9,34.04058056,-84.13538611,Arbol,El primer evento no fue una colision con un vehiculo automotor en transporte,Not an Intersection,No fue interseccion,Sobre el lado de la calle,Ninguna,Oscuro sin iluminacion,Despejado,No,NO APLICA,22,40,22,50,1,01/05/2022,3
13,Georgia,130512,0,0,2,0,67,COBB (67),3440,MARIETTA,4,Abril,22,2022,14,9,SR-360 POWDER SPRINGS RD,3,Highway estatal,Urbano,Arteria Menor,State Highway Agency,0,Sin jurisdiccion especial,70,33.90516944,-84.60391111,Vehiculo en movimiento,Angulo,Four-Way Intersection,Interseccion de 4 direcciones,Sobre calle,Ninguna,Dia total,Despejado,No,NO APLICA,14,11,14,22,1,22/04/2022,2
13,Georgia,130513,0,0,2,0,139,HALL (139),2285,GAINESVILLE,4,Abril,27,2022,17,38,SR-369 BROWNS BRIDGE RD,3,Highway estatal,Urbano,Arteria Menor,State Highway Agency,0,Sin jurisdiccion especial,43,34.28091111,-83.88485,Vehiculo en movimiento,Frente a frente,Not an Intersection,No fue interseccion,Sobre calle,Ninguna,Dia total,Despejado,No,NO APLICA,17,40,17,44,1,27/04/2022,3
13,Georgia,130514,0,0,1,0,267,TATTNALL (267),4580,REIDSVILLE,5,Mayo,2,2022,11,2,SR-147,3,Highway estatal,Rural,Colector Mayor,State Highway Agency,0,Sin jurisdiccion especial,85,32.07420278,-82.12725278,Otro objeto (fijo),El primer evento no fue una colision con un vehiculo automotor en transporte,Not an Intersection,No fue interseccion,Sobre el lado de la calle,Ninguna,Dia total,Despejado,No,NO APLICA,11,2,11,6,1,02/05/2022,1
13,Georgia,130515,0,0,1,0,223,PAULDING (223),0,NO APLICA,4,Abril,12,2022,17,50,CR-046700,4,Calle del Condado,Urbano,Colector Mayor,County Highway Agency,0,Sin jurisdiccion especial,39,33.827625,-84.82615556,Buzon de correo,El primer evento no fue una colision con un vehiculo automotor en transporte,Not an Intersection,No fue interseccion,Sobre el lado de la calle,Ninguna,Dia total,Despejado,No,NO APLICA,17,58,18,3,2,12/04/2022,2
13,Georgia,130516,0,0,1,0,89,DEKALB (89),0,NO APLICA,4,Abril,14,2022,4,35,CR-SOUTHLAND PASS,4,Calle del Condado,Urbano,Local,County Highway Agency,0,Sin jurisdiccion especial,2,33.76913889,-84.12824167,Edificio,El primer evento no fue una colision con un vehiculo automotor en transporte,T-Intersection,Interseccion de T,Fuera de la calle,Ninguna,Oscuro con iluminacion,Despejado,No,NO APLICA,4,42,4,47,1,14/04/2022,1
13,Georgia,130517,0,0,2,0,313,WHITFIELD (313),0,NO APLICA,4,Abril,30,2022,15,20,SR-3,3,Highway estatal,Urbano,Arteria Principal,State Highway Agency,1,Sin jurisdiccion especial,155,34.78813333,-84.92423889,Vehiculo en movimiento,Angulo,Four-Way Intersection,Interseccion de 4 direcciones,Sobre calle,Ninguna,Dia total,Nublado,No,NO APLICA,15,27,15,55,1,30/04/2022,2
13,Georgia,130518,0,0,1,0,139,HALL (139),2350,GILLSVILLE,5,Mayo,3,2022,6,47,SR-52,3,Highway estatal,Rural,Arteria Menor,State Highway Agency,0,Sin jurisdiccion especial,229,34.31306944,-83.66310556,Arbol,El primer evento no fue una colision con un vehiculo automotor en transporte,Not an Intersection,No fue interseccion,Sobre el lado de la calle,Ninguna,Dia total,Nublado,No,NO APLICA,6,57,7,1,1,03/05/2022,1
13,Georgia,130519,0,0,2,0,111,FANNIN (111),560,BLUE RIDGE,5,Mayo,4,2022,6,18,SR-5,3,Highway estatal,Rural,Arteria Principal,State Highway Agency,1,Sin jurisdiccion especial,80,34.90434167,-84.37428889,Vehiculo en movimiento,Frente a Detrás,Not an Intersection,No fue interseccion,Sobre calle,Ninguna,Oscuro sin iluminacion,Nublado,No,NO APLICA,6,19,6,27,1,04/05/2022,2
13,Georgia,130521,0,0,1,0,57,CHEROKEE (57),6040,WOODSTOCK,5,Mayo,5,2022,1,46,CR-777,4,Calle del Condado,Urbano,Arteria Menor,County Highway Agency,0,Sin jurisdiccion especial,67,34.12575,-84.41040833,Otro objeto (fijo),El primer evento no fue una colision con un vehiculo automotor en transporte,Not an Intersection,No fue interseccion,Sobre el lado de la calle,Ninguna,Oscuro sin iluminacion,Despejado,No,NO APLICA,7,14,7,19,1,05/05/2022,1
13,Georgia,130522,0,0,2,0,81,CRISP (81),1340,CORDELE,5,Mayo,5,2022,13,30,SR-300,3,Highway estatal,Rural,Arteria Principal,State Highway Agency,1,Sin jurisdiccion especial,2,31.84971389,-83.91570556,Vehiculo en movimiento,Angulo,Not an Intersection,No fue interseccion,Sobre calle,Ninguna,Dia total,Despejado,No,NO APLICA,13,41,13,50,1,05/05/2022,2
13,Georgia,130523,0,0,2,0,205,MITCHELL (205),0,NO APLICA,4,Abril,14,2022,6,27,SR-93,3,Highway estatal,Rural,Colector Mayor,State Highway Agency,0,Sin jurisdiccion especial,51,31.37302778,-84.03960833,Vehiculo en movimiento,Angulo,Four-Way Intersection,Interseccion de 4 direcciones,Sobre calle,Ninguna,Oscuro con iluminacion,Despejado,No,NO APLICA,6,28,6,49,1,14/04/2022,2
13,Georgia,130524,0,0,1,0,191,MCINTOSH (191),5555,TOWNSEND,5,Mayo,6,2022,6,16,SR-57,3,Highway estatal,Rural,Arteria Menor,State Highway Agency,0,Sin jurisdiccion especial,0,31.57636667,-81.56590278,Arbol,El primer evento no fue una colision con un vehiculo automotor en transporte,Not an Intersection,No fue interseccion,Sobre el lado de la calle,Ninguna,Oscuro sin iluminacion,Despejado,No,NO APLICA,6,24,6,34,1,06/05/2022,1
13,Georgia,130525,0,0,1,0,25,BRANTLEY (25),5862,WAYNESVILLE,5,Mayo,6,2022,22,20,CR-318,4,Calle del Condado,Rural,Local,County Highway Agency,0,Sin jurisdiccion especial,6,31.22232778,-81.78790556,Volcadura,El primer evento no fue una colision con un vehiculo automotor en transporte,T-Intersection,Interseccion de T,Sobre calle,Ninguna,Oscuro sin iluminacion,Despejado,No,NO APLICA,22,22,22,29,1,06/05/2022,2
13,Georgia,130526,0,0,1,0,15,BARTOW (15),0,NO APLICA,4,Abril,14,2022,10,10,CR-018700 TOWE CHAPEL RD NW,4,Calle del Condado,Rural,Local,County Highway Agency,0,Sin jurisdiccion especial,11,34.36769722,-84.83567778,Objeto aventado o caido,El primer evento no fue una colision con un vehiculo automotor en transporte,Not an Intersection,No fue interseccion,Sobre calle,Ninguna,Dia total,Nublado,No,NO APLICA,10,24,11,0,1,14/04/2022,2
13,Georgia,130527,0,0,1,0,255,SPALDING (255),2510,GRIFFIN,5,Mayo,7,2022,2,25,CR-507 ROVER-ZETELLA RD,4,Calle del Condado,Urbano,Colector Mayor,County Highway Agency,0,Sin jurisdiccion especial,20,33.21540278,-84.36590833,Volcadura,El primer evento no fue una colision con un vehiculo automotor en transporte,Not an Intersection,No fue interseccion,Sobre calle,Ninguna,Oscuro sin iluminacion,Despejado,No,NO APLICA,2,28,2,37,1,07/05/2022,1
13,Georgia,130528,0,0,1,0,139,HALL (139),0,NO APLICA,4,Abril,14,2022,20,30,CR-094400,4,Calle del Condado,Rural,Colector Mayor,County Highway Agency,0,Sin jurisdiccion especial,0,34.43994444,-83.71813056,Volcadura,El primer evento no fue una colision con un vehiculo automotor en transporte,Not an Intersection,No fue interseccion,Sobre el lado de la calle,Ninguna,Oscuro sin iluminacion,Despejado,No,NO APLICA,20,30,20,37,1,14/04/2022,2
13,Georgia,130529,0,0,2,0,213,MURRAY (213),1080,CHATSWORTH,5,Mayo,7,2022,17,49,SR-136,3,Highway estatal,Rural,Colector Mayor,State Highway Agency,0,Sin jurisdiccion especial,1,34.59074167,-84.69874722,Vehiculo en movimiento,Otro,Four-Way Intersection,Interseccion de 4 direcciones,Sobre calle,Ninguna,Dia total,Nublado,No,NO APLICA,17,51,18,8,1,07/05/2022,4
13,Georgia,130530,0,0,1,0,77,COWETA (77),0,NO APLICA,4,Abril,15,2022,7,35,CR-028500 MT CARMEL RD,4,Calle del Condado,Rural,Local,County Highway Agency,0,Sin jurisdiccion especial,19,33.40843056,-84.91135,Culvert,El primer evento no fue una colision con un vehiculo automotor en transporte,Not an Intersection,No fue interseccion,Sobre el lado de la calle,Ninguna,Dia total,Despejado,No,NO APLICA,7,36,7,40,1,15/04/2022,1
13,Georgia,130531,0,0,1,0,301,WARREN (301),0,NO APLICA,4,Abril,15,2022,8,31,SR-12,3,Highway estatal,Rural,Arteria Menor,State Highway Agency,0,Sin jurisdiccion especial,21,33.49340278,-82.80021111,Culvert,El primer evento no fue una colision con un vehiculo automotor en transporte,Not an Intersection,No fue interseccion,Sobre el lado de la calle,Ninguna,Dia total,Despejado,No,NO APLICA,8,33,8,44,1,15/04/2022,1
13,Georgia,130532,0,0,1,0,23,BLECKLEY (23),0,NO APLICA,4,Abril,15,2022,10,9,CR-022500,4,Calle del Condado,Rural,Colector Mayor,County Highway Agency,0,Sin jurisdiccion especial,48,32.51025556,-83.30410833,Buzon de correo,El primer evento no fue una colision con un vehiculo automotor en transporte,Not an Intersection,No fue interseccion,Sobre el lado de la calle,Ninguna,Dia total,Despejado,No,NO APLICA,10,5,10,17,1,15/04/2022,1
13,Georgia,130533,0,0,2,0,121,FULTON (121),280,ATLANTA,4,Abril,15,2022,10,15,CS-346303,6,Calle Local Municipalidad,Urbano,Arteria Menor,City or Municipal Highway Agency,0,Sin jurisdiccion especial,20,33.79914444,-84.36798889,Vehiculo en movimiento,Angulo,T-Intersection,Interseccion de T,Sobre calle,Ninguna,Dia total,Despejado,No,NO APLICA,10,15,10,25,1,15/04/2022,2
13,Georgia,130534,0,0,2,0,121,FULTON (121),280,ATLANTA,4,Abril,15,2022,19,44,I-75,1,Interestatal,Urbano,Interestatal,State Highway Agency,1,Sin jurisdiccion especial,131,33.81256389,-84.42005556,Vehiculo en movimiento,Frente a Detrás,Not an Intersection,No fue interseccion,Sobre calle,Ninguna,Atardecer,Despejado,No,NO APLICA,19,48,19,52,2,15/04/2022,3
13,Georgia,130535,0,0,1,0,139,HALL (139),0,NO APLICA,4,Abril,15,2022,20,34,I-985 RAMP,1,Interestatal,Urbano,Interestatal,State Highway Agency,1,Sin jurisdiccion especial,4,34.22920278,-83.85878611,Banqueta,El primer evento no fue una colision con un vehiculo automotor en transporte,Not an Intersection,No fue interseccion,Sobre el lado de la calle,Ninguna,Oscuro sin iluminacion,Despejado,No,NO APLICA,20,37,20,42,1,15/04/2022,1
13,Georgia,130536,0,0,3,0,89,DEKALB (89),9997,Other,4,Abril,16,2022,3,8,SR-120,3,Highway estatal,Urbano,Arteria Menor,State Highway Agency,0,Sin jurisdiccion especial,76,33.71869167,-84.15136667,Vehiculo en movimiento,Frente a Detrás,Not an Intersection,No fue interseccion,Sobre calle,Ninguna,Oscuro con iluminacion,Nublado,No,NO APLICA,3,10,3,13,1,16/04/2022,4
13,Georgia,130537,0,0,2,0,97,DOUGLAS (97),1770,DOUGLASVILLE,4,Abril,17,2022,2,38,SR-8,3,Highway estatal,Urbano,Arteria Menor,State Highway Agency,0,Sin jurisdiccion especial,84,33.74349167,-84.77315,Vehiculo en movimiento,Frente a frente,Not an Intersection,No fue interseccion,Sobre calle,Ninguna,Oscuro con iluminacion,Despejado,No,NO APLICA,2,38,2,46,1,17/04/2022,3
13,Georgia,130538,0,0,2,0,89,DEKALB (89),1610,DECATUR,4,Abril,17,2022,3,45,I-20,1,Interestatal,Urbano,Interestatal,State Highway Agency,1,Sin jurisdiccion especial,86,33.71228611,-84.22303333,Vehiculo en movimiento,Frente a Detrás,Not an Intersection,No fue interseccion,Sobre calle,Ninguna,Oscuro con iluminacion,Neblina o Humo,No,NO APLICA,3,45,4,10,1,17/04/2022,2
13,Georgia,130539,1,1,1,0,215,MUSCOGEE (215),1280,COLUMBUS,4,Abril,3,2022,2,18,SR-000100,3,Highway estatal,Urbano,Arteria Principal,State Highway Agency,1,Sin jurisdiccion especial,119,32.51641389,-84.96845556,Peaton,El primer evento no fue una colision con un vehiculo automotor en transporte,Four-Way Intersection,Interseccion de 4 direcciones,Sobre calle,Ninguna,Oscuro con iluminacion,Despejado,No,NO APLICA,2,22,2,26,1,03/04/2022,4
13,Georgia,130540,1,1,1,0,51,CHATHAM (51),2290,GARDEN CITY,4,Abril,30,2022,21,9,SR-25,3,Highway estatal,Urbano,Arteria Principal,State Highway Agency,1,Sin jurisdiccion especial,78,32.04271111,-81.188375,Peaton,El primer evento no fue una colision con un vehiculo automotor en transporte,Not an Intersection,No fue interseccion,Sobre calle,Ninguna,Oscuro sin iluminacion,Despejado,No,NO APLICA,21,22,21,28,1,30/04/2022,1
13,Georgia,130541,0,0,2,0,121,FULTON (121),2060,FAIRBURN,5,Mayo,3,2022,13,8,SR-138,3,Highway estatal,Urbano,Arteria Principal,State Highway Agency,1,Sin jurisdiccion especial,54,33.55910833,-84.50658889,Vehiculo en movimiento,Angulo,T-Intersection,Interseccion de T,Sobre calle,Ninguna,Dia total,Despejado,No,NO APLICA,13,8,13,14,2,03/05/2022,3
13,Georgia,130543,0,0,2,0,63,CLAYTON (63),4617,REX,5,Mayo,7,2022,20,48,SR-42,3,Highway estatal,Urbano,Arteria Menor,State Highway Agency,0,Sin jurisdiccion especial,6,33.57799167,-84.2724,Vehiculo en movimiento,Angulo,Not an Intersection,No fue interseccion,Sobre calle,Ninguna,Oscuro con iluminacion,Despejado,No,NO APLICA,20,48,20,53,1,07/05/2022,2
13,Georgia,130544,0,0,2,0,89,DEKALB (89),9997,Other,5,Mayo,9,2022,19,8,CS-MIDWAY,5,Calle Local - Pueblo,Urbano,Local,City or Municipal Highway Agency,0,Sin jurisdiccion especial,7,33.75482222,-84.25411667,Vehiculo en movimiento,Angulo,T-Intersection,Interseccion de T,Sobre calle,Ninguna,Dia total,Despejado,No,NO APLICA,19,9,19,11,1,09/05/2022,2
13,Georgia,130545,0,0,1,0,261,SUMTER (261),170,AMERICUS,4,Abril,17,2022,11,13,SR-27,3,Highway estatal,Urbano,Arteria Menor,State Highway Agency,0,Sin jurisdiccion especial,170,32.06799167,-84.170275,Zanja,El primer evento no fue una colision con un vehiculo automotor en transporte,Not an Intersection,No fue interseccion,Sobre el lado de la calle,Ninguna,Dia total,Despejado,No,NO APLICA,11,15,11,21,1,17/04/2022,1
13,Georgia,130546,0,0,1,0,117,FORSYTH (117),0,NO APLICA,4,Abril,17,2022,13,41,CR-014600 LITTLE MILL RD,4,Calle del Condado,Urbano,Local,County Highway Agency,0,Sin jurisdiccion especial,21,34.26453611,-84.02181944,Banqueta,El primer evento no fue una colision con un vehiculo automotor en transporte,Not an Intersection,No fue interseccion,Sobre el lado de la calle,Ninguna,Dia total,Despejado,No,NO APLICA,13,41,13,46,1,17/04/2022,1
13,Georgia,130547,0,0,1,0,15,BARTOW (15),0,NO APLICA,4,Abril,17,2022,15,33,I-75,1,Interestatal,Urbano,Interestatal,State Highway Agency,1,Sin jurisdiccion especial,277,34.37007222,-84.90465556,Arbol,El primer evento no fue una colision con un vehiculo automotor en transporte,Not an Intersection,No fue interseccion,Sobre el lado de la calle,Ninguna,Dia total,Nublado,No,NO APLICA,15,34,15,55,1,17/04/2022,1
13,Georgia,130548,0,0,1,0,245,RICHMOND (245),2670,HEPHZIBAH,4,Abril,17,2022,15,40,CR-151400 BROWN RD,4,Calle del Condado,Urbano,Arteria Menor,County Highway Agency,0,Sin jurisdiccion especial,45,33.31860278,-81.98469444,Culvert,El primer evento no fue una colision con un vehiculo automotor en transporte,Not an Intersection,No fue interseccion,Sobre el lado de la calle,Ninguna,Dia total,Nublado,No,NO APLICA,15,53,15,58,1,17/04/2022,1
13,Georgia,130549,0,0,4,0,135,GWINNETT (135),3158,LILBURN,4,Abril,18,2022,21,32,SR-000800,3,Highway estatal,Urbano,Arteria Menor,State Highway Agency,0,Sin jurisdiccion especial,15,33.87699722,-84.16912778,Vehiculo en movimiento,Angulo,Not an Intersection,No fue interseccion,Sobre calle,Ninguna,Oscuro con iluminacion,Nublado,No,NO APLICA,99,99,99,99,1,18/04/2022,6
13,Georgia,130550,0,0,1,0,91,DODGE (91),0,NO APLICA,4,Abril,18,2022,8,0,SR-87,3,Highway estatal,Rural,Colector Mayor,State Highway Agency,0,Sin jurisdiccion especial,126,32.15590556,-83.19616389,Arbol,El primer evento no fue una colision con un vehiculo automotor en transporte,Not an Intersection,No fue interseccion,Sobre el lado de la calle,Ninguna,Dia total,Nublado,No,NO APLICA,8,5,8,7,1,18/04/2022,2
13,Georgia,130551,0,0,2,0,97,DOUGLAS (97),0,NO APLICA,4,Abril,19,2022,2,54,I-20,1,Interestatal,Urbano,Interestatal,State Highway Agency,1,Sin jurisdiccion especial,135,33.75788611,-84.69071667,Vehiculo en movimiento,Frente a Detrás,Not an Intersection,No fue interseccion,Sobre calle,Ninguna,Oscuro sin iluminacion,Despejado,No,NO APLICA,2,55,3,4,1,19/04/2022,2
13,Georgia,130552,0,0,6,0,89,DEKALB (89),0,NO APLICA,4,Abril,20,2022,20,25,I-285 EB,1,Interestatal,Urbano,Interestatal,State Highway Agency,1,Sin jurisdiccion especial,244,33.67685,-84.31947778,Vehiculo en movimiento,Frente a Detrás,Not an Intersection,No fue interseccion,Sobre calle,Ninguna,Oscuro sin iluminacion,Despejado,No,NO APLICA,99,99,99,99,1,20/04/2022,7
13,Georgia,130553,1,1,1,0,185,LOWNDES (185),0,NO APLICA,4,Abril,19,2022,8,39,SR-7,3,Highway estatal,Urbano,Arteria Principal,State Highway Agency,1,Sin jurisdiccion especial,4,30.8001,-83.24689722,Peaton,El primer evento no fue una colision con un vehiculo automotor en transporte,Not an Intersection,No fue interseccion,Sobre calle,Ninguna,Dia total,Despejado,No,NO APLICA,8,42,8,50,1,19/04/2022,1
13,Georgia,130554,0,0,3,0,47,CATOOSA (47),0,NO APLICA,4,Abril,19,2022,11,1,I-75,1,Interestatal,Urbano,Interestatal,State Highway Agency,1,Sin jurisdiccion especial,105,34.93898889,-85.16221944,Vehiculo en movimiento,Frente a Detrás,Not an Intersection,No fue interseccion,Sobre calle,Ninguna,Dia total,Despejado,No,NO APLICA,11,12,11,22,1,19/04/2022,3
13,Georgia,130555,0,0,1,0,103,EFFINGHAM (103),0,NO APLICA,4,Abril,20,2022,4,30,CR-013300 OLD AUGUSTA RD,4,Calle del Condado,Rural,Colector Mayor,County Highway Agency,0,Sin jurisdiccion especial,25,32.274375,-81.18873333,Arbol,El primer evento no fue una colision con un vehiculo automotor en transporte,Not an Intersection,No fue interseccion,Sobre el lado de la calle,Ninguna,Oscuro sin iluminacion,Despejado,No,NO APLICA,13,27,13,46,1,20/04/2022,1
13,Georgia,130556,0,0,1,0,113,FAYETTE (113),4278,PEACHTREE CITY,4,Abril,20,2022,16,15,CS-034007 PEACHTREE PKWY,6,Calle Local Municipalidad,Urbano,Arteria Menor,City or Municipal Highway Agency,0,Sin jurisdiccion especial,52,33.39195556,-84.56351389,Culvert,El primer evento no fue una colision con un vehiculo automotor en transporte,Not an Intersection,No fue interseccion,Sobre el lado de la calle,Ninguna,Dia total,Despejado,No,NO APLICA,16,19,16,22,1,20/04/2022,1
13,Georgia,130557,0,0,2,0,135,GWINNETT (135),3230,LOGANVILLE,1,Enero,10,2022,6,27,SR-20,3,Highway estatal,Urbano,Arteria Menor,State Highway Agency,0,Sin jurisdiccion especial,239,33.8717,-83.91925278,Vehiculo en movimiento,Angulo,Four-Way Intersection,Interseccion de 4 direcciones,Sobre calle,Ninguna,Amanecer,Despejado,No,NO APLICA,6,28,6,37,1,10/01/2022,7
13,Georgia,130558,1,1,1,0,51,CHATHAM (51),4910,SAVANNAH,4,Abril,19,2022,21,37,CS-150607,6,Calle Local Municipalidad,Urbano,Arteria Principal,City or Municipal Highway Agency,0,Sin jurisdiccion especial,6,32.06943611,-81.10137778,Peaton,El primer evento no fue una colision con un vehiculo automotor en transporte,T-Intersection,Interseccion de T,Sobre calle,Ninguna,Oscuro con iluminacion,Despejado,No,NO APLICA,21,43,21,44,1,19/04/2022,1
13,Georgia,130559,1,1,2,0,51,CHATHAM (51),9997,Other,4,Abril,20,2022,10,40,CR-081400,4,Calle del Condado,Urbano,Local,County Highway Agency,0,Sin jurisdiccion especial,5,31.99089722,-81.23215556,Vehiculo en movimiento,Frente a Detrás,Not an Intersection,No fue interseccion,Sobre calle,Ninguna,Dia total,Despejado,No,NO APLICA,10,43,10,54,1,20/04/2022,1
13,Georgia,130560,0,0,1,0,201,MILLER (201),0,NO APLICA,4,Abril,21,2022,8,5,GRIFFIN SHEFFIELD RD,5,Calle Local - Pueblo,Rural,Local,Town or Township Highway Agency,0,Sin jurisdiccion especial,53,31.24024722,-84.61298333,Acotamiento,El primer evento no fue una colision con un vehiculo automotor en transporte,Not an Intersection,No fue interseccion,Sobre el lado de la calle,Ninguna,Dia total,Nublado,No,NO APLICA,8,8,8,20,1,21/04/2022,7
13,Georgia,130561,0,0,2,0,115,FLOYD (115),4760,ROME,4,Abril,22,2022,9,34,SR-1,3,Highway estatal,Urbano,Arteria Principal,State Highway Agency,1,Sin jurisdiccion especial,220,34.38175278,-85.17548056,Vehiculo en movimiento,Frente a frente,Not an Intersection,No fue interseccion,Sobre calle,Ninguna,Dia total,Despejado,No,NO APLICA,9,34,9,39,1,22/04/2022,3
13,Georgia,130562,1,1,1,0,121,FULTON (121),280,ATLANTA,3,Marzo,20,2022,2,50,SR-004200,3,Highway estatal,Urbano,Arteria Principal,State Highway Agency,1,Sin jurisdiccion especial,37,33.74209722,-84.34926389,Peaton,El primer evento no fue una colision con un vehiculo automotor en transporte,T-Intersection,Interseccion de T,Sobre calle,Ninguna,Oscuro sin iluminacion,Despejado,No,NO APLICA,2,50,3,0,1,20/03/2022,1
13,Georgia,130563,1,1,1,0,245,RICHMOND (245),310,AUGUSTA,4,Abril,17,2022,2,52,SR-10,3,Highway estatal,Urbano,Arteria Principal,State Highway Agency,1,Sin jurisdiccion especial,90,33.44936111,-82.08076944,Peaton,El primer evento no fue una colision con un vehiculo automotor en transporte,Not an Intersection,No fue interseccion,Sobre calle,Ninguna,Oscuro sin iluminacion,Despejado,No,NO APLICA,2,52,3,0,1,17/04/2022,1
13,Georgia,130564,0,0,1,0,185,LOWNDES (185),3070,LAKE PARK,4,Abril,22,2022,16,40,I-75,1,Interestatal,Rural,Interestatal,State Highway Agency,1,Sin jurisdiccion especial,52,30.68472222,-83.22798333,Otra no colicion,El primer evento no fue una colision con un vehiculo automotor en transporte,Not an Intersection,No fue interseccion,Sobre calle,Ninguna,Dia total,Despejado,No,NO APLICA,16,50,17,13,1,22/04/2022,2
13,Georgia,130566,0,0,2,0,121,FULTON (121),280,ATLANTA,4,Abril,29,2022,18,0,US-78 DONALD LEE HOLLOWELL PKW,2,US Highway,Urbano,Arteria Principal,State Highway Agency,1,Sin jurisdiccion especial,8,33.78992222,-84.49607222,Vehiculo en movimiento,Otro,Four-Way Intersection,Interseccion de 4 direcciones,Sobre calle,Ninguna,Dia total,Despejado,No,NO APLICA,99,98,99,98,1,29/04/2022,2
13,Georgia,130567,1,1,1,0,245,RICHMOND (245),310,AUGUSTA,5,Mayo,7,2022,22,47,CR-2509 WALTON WAY,4,Calle del Condado,Urbano,Arteria Menor,County Highway Agency,0,Sin jurisdiccion especial,9,33.46926667,-81.9718,Ciclista,El primer evento no fue una colision con un vehiculo automotor en transporte,Not an Intersection,No fue interseccion,Sobre calle,Ninguna,Oscuro sin iluminacion,Despejado,No,NO APLICA,22,50,22,55,1,07/05/2022,1
13,Georgia,130568,0,0,2,0,35,BUTTS (35),2890,JACKSON,5,Mayo,8,2022,18,35,CR-211,4,Calle del Condado,Rural,Local,County Highway Agency,0,Sin jurisdiccion especial,99998,33.31693611,-84.00952222,Vehiculo en movimiento,Frente a frente,Not an Intersection,No fue interseccion,Sobre calle,Ninguna,Dia total,Despejado,No,NO APLICA,18,31,18,35,2,08/05/2022,4
13,Georgia,130569,0,0,1,0,75,COOK (75),40,ADEL,5,Mayo,9,2022,9,2,CR-247,4,Calle del Condado,Rural,Colector Mayor,County Highway Agency,0,Sin jurisdiccion especial,35,31.20398333,-83.35786389,Zanja,El primer evento no fue una colision con un vehiculo automotor en transporte,Not an Intersection,No fue interseccion,Sobre el lado de la calle,Ninguna,Dia total,Despejado,No,NO APLICA,9,2,9,13,1,09/05/2022,2
13,Georgia,130570,0,0,2,0,55,CHATTOOGA (55),5260,SUMMERVILLE,5,Mayo,9,2022,11,30,CR-327,4,Calle del Condado,Urbano,Colector Mayor,County Highway Agency,0,Sin jurisdiccion especial,46,34.54148333,-85.33920278,Vehiculo en movimiento,Frente a frente,Not an Intersection,No fue interseccion,Sobre calle,Ninguna,Dia total,Despejado,No,NO APLICA,11,31,11,46,2,09/05/2022,4
13,Georgia,130571,0,0,3,0,139,HALL (139),2160,FLOWERY BRANCH,1,Enero,14,2022,8,44,CS-068505,6,Calle Local Municipalidad,Urbano,Colector Mayor,City or Municipal Highway Agency,0,Sin jurisdiccion especial,4,34.1686,-83.92063889,Vehiculo en movimiento,Frente a frente,Not an Intersection,No fue interseccion,Sobre calle,Ninguna,Dia total,Despejado,No,NO APLICA,99,99,99,99,1,14/01/2022,3
13,Georgia,130572,0,0,2,0,63,CLAYTON (63),2180,FOREST PARK,5,Mayo,9,2022,12,0,SR-54,3,Highway estatal,Urbano,Arteria Menor,State Highway Agency,0,Sin jurisdiccion especial,5,33.64070278,-84.3544,Vehiculo en movimiento,Angulo,Four-Way Intersection,Interseccion de 4 direcciones,Sobre calle,Ninguna,Dia total,Despejado,No,NO APLICA,12,0,12,16,1,09/05/2022,3
13,Georgia,130573,0,0,1,0,9,BALDWIN (9),3620,MILLEDGEVILLE,5,Mayo,9,2022,15,45,CR-66,4,Calle del Condado,Rural,Local,County Highway Agency,0,Sin jurisdiccion especial,50,33.10174722,-83.33027778,Arbol,El primer evento no fue una colision con un vehiculo automotor en transporte,Not an Intersection,No fue interseccion,Sobre el lado de la calle,Ninguna,Dia total,Despejado,No,NO APLICA,15,48,15,59,1,09/05/2022,1
13,Georgia,130574,0,0,2,0,121,FULTON (121),1250,COLLEGE PARK,5,Mayo,10,2022,18,49,SR-14,3,Highway estatal,Urbano,Arteria Menor,State Highway Agency,0,Sin jurisdiccion especial,123,33.61513889,-84.51529167,Vehiculo en movimiento,Angulo,T-Intersection,Interseccion de T,Sobre calle,Ninguna,Dia total,Despejado,No,NO APLICA,18,20,18,30,1,10/05/2022,5
13,Georgia,130575,0,0,2,0,215,MUSCOGEE (215),1280,COLUMBUS,4,Abril,29,2022,14,8,US-80 MACON RD,2,US Highway,Unknown,Arterial Principal -Freeway o ExpressWay,State Highway Agency,1,Sin jurisdiccion especial,174,32.55441944,-84.74716111,Vehiculo en movimiento,Angulo,Not an Intersection,No fue interseccion,Sobre calle,Ninguna,Dia total,Nublado,No,NO APLICA,14,4,14,13,1,29/04/2022,2