Estado,Nombre de Estado,Numero de Caso,Peatones,Personas _no_vehiculos,Vehiculos automotores,Vehiculos estacionados,Condado,Nombre Condado,Ciudad,Nombre Ciudad,Mes,Nombre Mes,Dia,Año,Hora,Minuto,Calle,Ruta,Nombre Ruta,Rural o Urbanoo,Sistema Funcional,Dueño Calle,Sistema Nacional Carreteras,Jurisdiccion Especial,Milla,Latitud,Longitud,Causa del Accidente,Tipo de Accidente,Tipo Interseccion,Columna1,Lugar en la calle,Zona de Trabajo,Luz,Clima,Autobus Escolar,Cruce de Trenes,Hora Notificacion,Minuto Notificacion,Hora Llegada,Minuto Llegada,Decesos,Fecha,PersonaVehiculo
13,Georgia,130576,0,0,2,0,103,EFFINGHAM (103),9997,Other,5,Mayo,9,2022,11,7,SR-26,3,Highway estatal,Rural,Arteria Menor,State Highway Agency,0,Sin jurisdiccion especial,0,32.16821944,-81.38528611,Vehiculo en movimiento,Angulo,T-Intersection,Interseccion de T,Sobre calle,Ninguna,Dia total,Nublado,No,NO APLICA,11,9,11,13,1,09/05/2022,2
13,Georgia,130577,0,0,1,0,159,JASPER (159),9999,Unknown,5,Mayo,10,2022,3,21,CS-ROCK EAGLE RD,5,Calle Local - Pueblo,Rural,Colector Mayor,City or Municipal Highway Agency,0,Sin jurisdiccion especial,87,33.35369444,-83.54219722,Arbol,El primer evento no fue una colision con un vehiculo automotor en transporte,Not an Intersection,No fue interseccion,Sobre el lado de la calle,Ninguna,Oscuro sin iluminacion,Despejado,No,NO APLICA,3,20,3,32,1,10/05/2022,1
13,Georgia,130578,0,0,3,0,47,CATOOSA (47),4680,RINGGOLD,5,Mayo,10,2022,8,40,SR-3,3,Highway estatal,Rural,Arteria Menor,State Highway Agency,0,Sin jurisdiccion especial,25,34.89511667,-85.07555833,Vehiculo en movimiento,Angulo,Not an Intersection,No fue interseccion,Sobre calle,Ninguna,Dia total,Despejado,No,NO APLICA,8,43,8,44,1,10/05/2022,6
13,Georgia,130579,0,0,2,0,135,GWINNETT (135),5080,SNELLVILLE,5,Mayo,11,2022,13,30,SR-124,3,Highway estatal,Urbano,Arteria Principal,State Highway Agency,1,Sin jurisdiccion especial,30,33.80791389,-84.04329722,Vehiculo en movimiento,Angulo,Four-Way Intersection,Interseccion de 4 direcciones,Sobre calle,Ninguna,Dia total,Despejado,No,NO APLICA,13,36,13,41,1,11/05/2022,2
13,Georgia,130580,0,0,1,0,135,GWINNETT (135),3230,LOGANVILLE,5,Mayo,12,2022,2,10,CS-ROSEBUD,5,Calle Local - Pueblo,Urbano,Arteria Menor,City or Municipal Highway Agency,0,Sin jurisdiccion especial,23,33.82989722,-83.95929722,Volcadura,El primer evento no fue una colision con un vehiculo automotor en transporte,Not an Intersection,No fue interseccion,Sobre calle,Ninguna,Oscuro sin iluminacion,Despejado,No,NO APLICA,2,14,2,19,1,12/05/2022,1
13,Georgia,130581,1,1,2,0,89,DEKALB (89),9997,Other,5,Mayo,12,2022,2,50,I-20,1,Interestatal,Urbano,Arterial Principal -Freeway o ExpressWay,State Highway Agency,1,Sin jurisdiccion especial,63,33.71579167,-84.26209167,Peaton,El primer evento no fue una colision con un vehiculo automotor en transporte,Not an Intersection,No fue interseccion,Sobre calle,Ninguna,Oscuro sin iluminacion,Despejado,No,NO APLICA,2,54,3,0,1,12/05/2022,4
13,Georgia,130583,0,0,2,0,89,DEKALB (89),0,NO APLICA,4,Abril,1,2022,20,7,CR-074800,4,Calle del Condado,Urbano,Arteria Principal,County Highway Agency,0,Sin jurisdiccion especial,0,33.80684722,-84.18594444,Vehiculo en movimiento,Angulo,Four-Way Intersection,Interseccion de 4 direcciones,Sobre calle,Ninguna,Oscuro sin iluminacion,Despejado,No,NO APLICA,20,11,20,15,1,01/04/2022,2
13,Georgia,130584,0,0,2,0,69,COFFEE (69),1760,DOUGLAS,5,Mayo,8,2022,16,38,SR-206,3,Highway estatal,Urbano,Arteria Menor,State Highway Agency,0,Sin jurisdiccion especial,127,31.51790556,-82.87040278,Vehiculo en movimiento,Frente a frente,Not an Intersection,No fue interseccion,Sobre calle,Ninguna,Dia total,Despejado,No,NO APLICA,16,46,16,55,2,08/05/2022,3
13,Georgia,130585,1,1,1,0,21,BIBB (21),3390,MACON,5,Mayo,9,2022,22,48,SR-74,3,Highway estatal,Urbano,Arteria Menor,State Highway Agency,0,Sin jurisdiccion especial,117,32.82359167,-83.6821,Peaton,El primer evento no fue una colision con un vehiculo automotor en transporte,Not an Intersection,No fue interseccion,Sobre calle,Ninguna,Oscuro con iluminacion,Despejado,No,NO APLICA,22,54,23,0,1,09/05/2022,1
13,Georgia,130586,0,0,2,0,157,JACKSON (157),1300,COMMERCE,5,Mayo,13,2022,7,15,CR-424,4,Calle del Condado,Rural,Colector Mayor,County Highway Agency,0,Sin jurisdiccion especial,14,34.20079444,-83.5277,Vehiculo en movimiento,Frente a frente,Not an Intersection,No fue interseccion,Sobre calle,Ninguna,Dia total,Nublado,No,NO APLICA,7,16,7,29,1,13/05/2022,2
13,Georgia,130587,0,0,1,0,213,MURRAY (213),1390,CRANDALL,5,Mayo,13,2022,9,40,SR-2,3,Highway estatal,Rural,Arteria Menor,State Highway Agency,0,Sin jurisdiccion especial,20,34.93218056,-84.80908333,Arbol,El primer evento no fue una colision con un vehiculo automotor en transporte,Not an Intersection,No fue interseccion,Sobre el lado de la calle,Ninguna,Dia total,Nublado,No,NO APLICA,9,37,9,53,1,13/05/2022,1
13,Georgia,130588,1,1,1,0,89,DEKALB (89),9997,Other,5,Mayo,14,2022,21,0,SR-12,3,Highway estatal,Urbano,Arteria Menor,State Highway Agency,0,Sin jurisdiccion especial,6,33.76619722,-84.2514,Peaton,El primer evento no fue una colision con un vehiculo automotor en transporte,Not an Intersection,No fue interseccion,Sobre calle,Ninguna,Oscuro con iluminacion,Despejado,No,NO APLICA,21,17,21,20,1,14/05/2022,1
13,Georgia,130589,0,0,2,0,89,DEKALB (89),1140,CLARKSTON,5,Mayo,15,2022,7,10,I-285,1,Interestatal,Urbano,Arterial Principal -Freeway o ExpressWay,State Highway Agency,1,Sin jurisdiccion especial,124,33.8017,-84.24976667,Vehiculo en movimiento,Frente a Detrás,Not an Intersection,No fue interseccion,Sobre calle,Ninguna,Dia total,Despejado,No,NO APLICA,7,10,7,20,1,15/05/2022,3
13,Georgia,130591,0,0,2,0,237,PUTNAM (237),1930,EATONTON,1,Enero,30,2022,18,29,SR-24,3,Highway estatal,Rural,Arteria Principal,State Highway Agency,1,Sin jurisdiccion especial,215,33.43760278,-83.38718611,Vehiculo en movimiento,Frente a Detrás,Not an Intersection,No fue interseccion,Sobre calle,Ninguna,Oscuro sin iluminacion,Despejado,No,NO APLICA,18,32,18,45,2,30/01/2022,4
13,Georgia,130593,0,0,2,0,57,CHEROKEE (57),0,NO APLICA,4,Abril,14,2022,11,1,SR-108,3,Highway estatal,Rural,Colector Mayor,State Highway Agency,0,Sin jurisdiccion especial,26,34.25319444,-84.60092778,Vehiculo en movimiento,Frente a Detrás,Not an Intersection,No fue interseccion,Sobre calle,"Infraestructura (luz, agua, etc)",Dia total,Nublado,No,NO APLICA,11,3,11,10,1,14/04/2022,4
13,Georgia,130594,0,0,2,0,321,WORTH (321),0,NO APLICA,4,Abril,30,2022,20,1,SR-313,3,Highway estatal,Rural,Colector Mayor,State Highway Agency,0,Sin jurisdiccion especial,46,31.59373333,-83.86393889,Vehiculo en movimiento,Angulo,Not an Intersection,No fue interseccion,Sobre calle,Ninguna,Oscuro sin iluminacion,lluvia,No,NO APLICA,20,15,20,22,1,30/04/2022,2
13,Georgia,130596,1,1,2,1,11,BANKS (11),2790,HOMER,5,Mayo,5,2022,17,2,SR-15,3,Highway estatal,Rural,Arteria Principal,State Highway Agency,1,Sin jurisdiccion especial,63,34.32548056,-83.46542222,Vehiculo Aparcado,El primer evento no fue una colision con un vehiculo automotor en transporte,Not an Intersection,No fue interseccion,Sobre Acotamiento,Ninguna,Dia total,Despejado,No,NO APLICA,17,3,17,9,1,05/05/2022,1
13,Georgia,130597,0,0,2,0,155,IRWIN (155),9997,Other,5,Mayo,11,2022,2,46,CS-BUSSEY RD,5,Calle Local - Pueblo,Rural,Local,City or Municipal Highway Agency,0,Sin jurisdiccion especial,0,31.69115278,-83.48929167,Zanja,El primer evento no fue una colision con un vehiculo automotor en transporte,Not an Intersection,No fue interseccion,Sobre el lado de la calle,Ninguna,Oscuro sin iluminacion,Despejado,No,NO APLICA,2,46,3,18,1,11/05/2022,3
13,Georgia,130598,0,0,1,0,151,HENRY (151),3360,MCDONOUGH,5,Mayo,11,2022,15,16,CR-191,4,Calle del Condado,Urbano,Colector Mayor,County Highway Agency,0,Sin jurisdiccion especial,7,33.47046944,-84.19443889,Arbol,El primer evento no fue una colision con un vehiculo automotor en transporte,Not an Intersection,No fue interseccion,Sobre el lado de la calle,Ninguna,Dia total,Despejado,No,NO APLICA,15,27,15,33,4,11/05/2022,5
13,Georgia,130599,1,1,1,0,247,ROCKDALE (247),1320,CONYERS,5,Mayo,11,2022,21,33,SR-138,3,Highway estatal,Urbano,Arteria Principal,State Highway Agency,1,Sin jurisdiccion especial,50,33.619075,-84.08035833,Peaton,El primer evento no fue una colision con un vehiculo automotor en transporte,Four-Way Intersection,Interseccion de 4 direcciones,Sobre calle,Mantenimiento,Oscuro con iluminacion,Nublado,No,NO APLICA,21,33,22,9,1,11/05/2022,1
13,Georgia,130600,0,0,1,0,177,LEE (177),3120,LEESBURG,5,Mayo,13,2022,17,11,CR-91,4,Calle del Condado,Rural,Local,County Highway Agency,0,Sin jurisdiccion especial,10,31.84941944,-84.06314167,Volcadura,El primer evento no fue una colision con un vehiculo automotor en transporte,Not an Intersection,No fue interseccion,Sobre el lado de la calle,Ninguna,Dia total,Despejado,No,NO APLICA,17,41,17,55,1,13/05/2022,1
13,Georgia,130601,1,1,1,0,135,GWINNETT (135),3990,NORCROSS,5,Mayo,15,2022,20,55,CS-OLD NORCROSS RD,5,Calle Local - Pueblo,Urbano,Arteria Menor,City or Municipal Highway Agency,0,Sin jurisdiccion especial,23,33.94987222,-84.08541111,Peaton,El primer evento no fue una colision con un vehiculo automotor en transporte,T-Intersection,Interseccion de T,Sobre calle,Ninguna,Oscuro sin iluminacion,Nublado,No,NO APLICA,20,56,20,57,1,15/05/2022,1
13,Georgia,130602,0,0,2,0,121,FULTON (121),2060,FAIRBURN,5,Mayo,16,2022,2,0,SR-14,3,Highway estatal,Urbano,Arteria Menor,State Highway Agency,0,Sin jurisdiccion especial,44,33.54363889,-84.61341389,Vehiculo en movimiento,Frente a frente,Not an Intersection,No fue interseccion,Sobre calle,Ninguna,Oscuro sin iluminacion,Despejado,No,NO APLICA,3,4,3,27,1,16/05/2022,2
13,Georgia,130603,0,0,1,0,279,TOOMBS (279),0,NO APLICA,3,Marzo,19,2022,0,36,OLD RIVER RD,6,Calle Local Municipalidad,Rural,Colector Mayor,City or Municipal Highway Agency,0,Sin jurisdiccion especial,28,31.98493056,-82.43298056,Acotamiento,El primer evento no fue una colision con un vehiculo automotor en transporte,Not an Intersection,No fue interseccion,Sobre el lado de la calle,Ninguna,Oscuro sin iluminacion,Nublado,No,NO APLICA,0,41,0,57,1,19/03/2022,1
13,Georgia,130604,0,0,2,0,255,SPALDING (255),2510,GRIFFIN,5,Mayo,5,2022,21,20,SR-16,3,Highway estatal,Rural,Arteria Principal,State Highway Agency,1,Sin jurisdiccion especial,227,33.26041944,-84.12739722,Vehiculo en movimiento,Angulo,Four-Way Intersection,Interseccion de 4 direcciones,Sobre calle,Ninguna,Oscuro sin iluminacion,Despejado,No,NO APLICA,21,23,21,31,1,05/05/2022,2
13,Georgia,130605,1,1,2,0,15,BARTOW (15),980,CARTERSVILLE,5,Mayo,12,2022,22,45,CS-115003,5,Calle Local - Pueblo,Urbano,Arteria Menor,City or Municipal Highway Agency,0,Sin jurisdiccion especial,0,34.16519167,-84.82929444,Peaton,El primer evento no fue una colision con un vehiculo automotor en transporte,Not an Intersection,No fue interseccion,Sobre calle,Ninguna,Oscuro sin iluminacion,Despejado,No,NO APLICA,22,50,23,0,1,12/05/2022,2
13,Georgia,130606,0,0,1,0,51,CHATHAM (51),4450,POOLER,5,Mayo,15,2022,0,34,I-95,1,Interestatal,Urbano,Interestatal,State Highway Agency,1,Sin jurisdiccion especial,50,32.04270833,-81.26200833,Estructura de puente overhead,El primer evento no fue una colision con un vehiculo automotor en transporte,Not an Intersection,No fue interseccion,Sobre calle,Ninguna,Oscuro sin iluminacion,Despejado,No,NO APLICA,0,36,0,41,1,15/05/2022,1
13,Georgia,130607,0,0,2,0,293,UPSON (293),9997,Other,5,Mayo,17,2022,16,30,CS-PLEASANT GROVE RD,5,Calle Local - Pueblo,Rural,Colector Mayor,City or Municipal Highway Agency,0,Sin jurisdiccion especial,16,32.79199722,-84.1608,Vehiculo en movimiento,Frente a frente,Not an Intersection,No fue interseccion,Sobre calle,Ninguna,Dia total,Despejado,No,NO APLICA,16,37,16,53,2,17/05/2022,2
13,Georgia,130608,0,0,1,0,129,GORDON (129),860,CALHOUN,5,Mayo,17,2022,17,22,I-75,1,Interestatal,Urbano,Arterial Principal -Freeway o ExpressWay,State Highway Agency,1,Sin jurisdiccion especial,39,34.45560833,-84.91951944,Valla Ferrocarril,El primer evento no fue una colision con un vehiculo automotor en transporte,Not an Intersection,No fue interseccion,En el medio,Ninguna,Dia total,Despejado,No,NO APLICA,17,4,17,19,1,17/05/2022,1
13,Georgia,130609,0,0,3,0,77,COWETA (77),9997,Other,5,Mayo,18,2022,15,5,CR-559,4,Calle del Condado,Rural,Colector Menor,County Highway Agency,0,Sin jurisdiccion especial,37,33.22860278,-84.87679444,Vehiculo en movimiento,Golpe Lateral - direccion contraria,Not an Intersection,No fue interseccion,Sobre calle,Ninguna,Dia total,Despejado,No,NO APLICA,15,7,15,14,1,18/05/2022,3
13,Georgia,130610,0,0,1,0,97,DOUGLAS (97),5990,WINSTON,5,Mayo,19,2022,11,5,CR-223,4,Calle del Condado,Rural,Colector Mayor,County Highway Agency,0,Sin jurisdiccion especial,14,33.6367,-84.88528056,Arbol,El primer evento no fue una colision con un vehiculo automotor en transporte,Not an Intersection,No fue interseccion,Sobre el lado de la calle,Ninguna,Dia total,Despejado,No,NO APLICA,11,2,11,13,1,19/05/2022,1
13,Georgia,130611,2,2,2,0,67,COBB (67),4490,POWDER SPRINGS,5,Mayo,1,2022,21,25,SR-6,3,Highway estatal,Urbano,Arteria Principal,State Highway Agency,1,Sin jurisdiccion especial,40,33.841775,-84.68649167,Peaton,El primer evento no fue una colision con un vehiculo automotor en transporte,Four-Way Intersection,Interseccion de 4 direcciones,Sobre calle,Ninguna,Oscuro sin iluminacion,Despejado,No,NO APLICA,21,28,21,39,2,01/05/2022,4
13,Georgia,130612,1,1,1,0,121,FULTON (121),280,ATLANTA,5,Mayo,5,2022,13,13,CS-165103 JOSEPH E LOWERY BLVD,5,Calle Local - Pueblo,Urbano,Colector Mayor,City or Municipal Highway Agency,0,Sin jurisdiccion especial,19,33.755475,-84.41752778,Peaton,El primer evento no fue una colision con un vehiculo automotor en transporte,Not an Intersection,No fue interseccion,Sobre calle,Ninguna,Dia total,Despejado,No,NO APLICA,13,13,13,22,1,05/05/2022,1
13,Georgia,130613,0,0,1,0,135,GWINNETT (135),1810,DULUTH,3,Marzo,17,2022,5,24,MAIN ST,6,Calle Local Municipalidad,Urbano,Local,City or Municipal Highway Agency,0,Sin jurisdiccion especial,1,33.99937222,-84.14750833,Vehiculo Ferrocarril,El primer evento no fue una colision con un vehiculo automotor en transporte,Not an Intersection,No fue interseccion,Sobre calle,Ninguna,Amanecer,Neblina o Humo,No,717841A,5,23,5,30,1,17/03/2022,1
13,Georgia,130614,0,0,1,0,151,HENRY (151),5210,STOCKBRIDGE,5,Mayo,7,2022,18,32,I-75,1,Interestatal,Urbano,Arterial Principal -Freeway o ExpressWay,State Highway Agency,1,Sin jurisdiccion especial,190,33.53635556,-84.26397778,Fin de valla,El primer evento no fue una colision con un vehiculo automotor en transporte,Not an Intersection,No fue interseccion,Sobre el lado de la calle,Ninguna,Atardecer,Despejado,No,NO APLICA,6,33,6,51,1,07/05/2022,2
13,Georgia,130615,0,0,2,0,157,JACKSON (157),2920,JEFFERSON,5,Mayo,10,2022,18,26,SR-11,3,Highway estatal,Urbano,Arteria Menor,State Highway Agency,0,Sin jurisdiccion especial,47,34.14662778,-83.61418056,Vehiculo en movimiento,Frente a frente,Not an Intersection,No fue interseccion,Sobre calle,Ninguna,Atardecer,Despejado,No,NO APLICA,18,29,18,38,1,10/05/2022,3
13,Georgia,130616,0,0,1,0,139,HALL (139),2285,GAINESVILLE,5,Mayo,10,2022,18,45,SR-369,3,Highway estatal,Urbano,Arteria Principal,State Highway Agency,1,Sin jurisdiccion especial,107,34.31473889,-83.79380833,Banqueta,El primer evento no fue una colision con un vehiculo automotor en transporte,Four-Way Intersection,Interseccion de 4 direcciones,En el medio,Ninguna,Dia total,Despejado,No,NO APLICA,18,45,18,52,1,10/05/2022,1
13,Georgia,130617,0,0,1,0,131,GRADY (131),9997,Other,5,Mayo,16,2022,19,15,CR-167,4,Calle del Condado,Rural,Colector Menor,County Highway Agency,0,Sin jurisdiccion especial,13,31.02129722,-84.11899167,Zanja,El primer evento no fue una colision con un vehiculo automotor en transporte,Not an Intersection,No fue interseccion,Sobre el lado de la calle,Ninguna,Dia total,Despejado,No,NO APLICA,19,17,19,32,1,16/05/2022,1
13,Georgia,130618,0,0,2,0,67,COBB (67),3440,MARIETTA,5,Mayo,17,2022,20,32,CR-1138,4,Calle del Condado,Urbano,Arteria Menor,County Highway Agency,0,Sin jurisdiccion especial,5,33.91175,-84.47965833,Vehiculo en movimiento,Angulo,Four-Way Intersection,Interseccion de 4 direcciones,Sobre calle,Ninguna,Atardecer,Nublado,No,NO APLICA,20,32,20,43,1,17/05/2022,3
13,Georgia,130619,0,0,2,0,151,HENRY (151),3360,MCDONOUGH,5,Mayo,18,2022,21,13,CR-394,4,Calle del Condado,Urbano,Colector Menor,County Highway Agency,0,Sin jurisdiccion especial,14,33.42975,-84.06170833,Vehiculo en movimiento,Frente a frente,Not an Intersection,No fue interseccion,Sobre calle,Ninguna,Oscuro con iluminacion,Despejado,No,NO APLICA,21,13,21,21,1,18/05/2022,2
13,Georgia,130620,0,0,2,0,89,DEKALB (89),5220,STONE MOUNTAIN,5,Mayo,19,2022,8,5,CR-69,4,Calle del Condado,Urbano,Local,County Highway Agency,0,Sin jurisdiccion especial,5,33.76648333,-84.11940278,Vehiculo en movimiento,Frente a frente,Not an Intersection,No fue interseccion,Sobre calle,Ninguna,Dia total,Despejado,No,NO APLICA,8,12,8,23,1,19/05/2022,3
13,Georgia,130621,0,0,2,0,27,BROOKS (27),3790,MORVEN,5,Mayo,19,2022,13,40,SR-133,3,Highway estatal,Rural,Arteria Menor,State Highway Agency,0,Sin jurisdiccion especial,5,30.9414,-83.49021667,Vehiculo en movimiento,Angulo,Four-Way Intersection,Interseccion de 4 direcciones,Sobre calle,Ninguna,Dia total,Despejado,No,NO APLICA,13,45,13,58,1,19/05/2022,4
13,Georgia,130622,1,1,2,0,89,DEKALB (89),9997,Other,5,Mayo,20,2022,5,20,CS-GRESHAM RD,5,Calle Local - Pueblo,Urbano,Local,City or Municipal Highway Agency,0,Sin jurisdiccion especial,12,33.70270556,-84.30765556,Peaton,El primer evento no fue una colision con un vehiculo automotor en transporte,Not an Intersection,No fue interseccion,Sobre calle,Ninguna,Oscuro sin iluminacion,Despejado,No,NO APLICA,5,26,5,35,1,20/05/2022,2
13,Georgia,130623,0,0,3,0,139,HALL (139),2285,GAINESVILLE,5,Mayo,20,2022,16,44,SR-13,3,Highway estatal,Urbano,Arteria Menor,State Highway Agency,0,Sin jurisdiccion especial,115,34.24761667,-83.84697222,Vehiculo en movimiento,Frente a Detrás,T-Intersection,Interseccion de T,Sobre calle,Ninguna,Dia total,Despejado,No,NO APLICA,16,47,16,55,1,20/05/2022,3
13,Georgia,130624,0,0,1,0,147,HART (147),900,CANON,5,Mayo,21,2022,0,32,CS-GRACE BAPTIST RD,5,Calle Local - Pueblo,Rural,Local,City or Municipal Highway Agency,0,Sin jurisdiccion especial,11,34.30321111,-83.09386111,Buzon de correo,El primer evento no fue una colision con un vehiculo automotor en transporte,Not an Intersection,No fue interseccion,Sobre el lado de la calle,Ninguna,Oscuro sin iluminacion,Despejado,No,NO APLICA,0,32,0,38,1,21/05/2022,1
13,Georgia,130625,0,0,1,0,31,BULLOCH (31),730,BROOKLET,5,Mayo,21,2022,20,0,SR-119,3,Highway estatal,Rural,Colector Mayor,State Highway Agency,0,Sin jurisdiccion especial,39,32.30920556,-81.493625,Zanja,El primer evento no fue una colision con un vehiculo automotor en transporte,Not an Intersection,No fue interseccion,Sobre el lado de la calle,Ninguna,Oscuro sin iluminacion,Despejado,No,NO APLICA,10,3,10,15,1,21/05/2022,1
13,Georgia,130626,0,0,2,0,89,DEKALB (89),4235,PANTHERSVILLE,5,Mayo,23,2022,4,10,I-285,1,Interestatal,Urbano,Arterial Principal -Freeway o ExpressWay,State Highway Agency,1,Sin jurisdiccion especial,193,33.70913611,-84.24665278,Vehiculo en movimiento,Frente a Detrás,Not an Intersection,No fue interseccion,Gore?,Ninguna,Oscuro sin iluminacion,Nublado,No,NO APLICA,4,14,4,17,1,23/05/2022,3
13,Georgia,130627,0,0,2,0,13,BARROW (13),490,BETHLEHEM,5,Mayo,22,2022,10,47,SR-11,3,Highway estatal,Urbano,Arteria Menor,State Highway Agency,0,Sin jurisdiccion especial,10,33.91485556,-83.71780556,Vehiculo en movimiento,Angulo,T-Intersection,Interseccion de T,Sobre calle,Ninguna,Dia total,Despejado,No,NO APLICA,10,47,10,50,1,22/05/2022,2
13,Georgia,130628,0,0,2,0,277,TIFT (277),5490,TIFTON,5,Mayo,4,2022,17,40,SR-7,3,Highway estatal,Urbano,Arteria Menor,State Highway Agency,0,Sin jurisdiccion especial,125,31.49299167,-83.518975,Vehiculo en movimiento,Frente a Detrás,T-Intersection,Interseccion de T,Sobre calle,Ninguna,Dia total,Despejado,No,NO APLICA,17,42,17,46,1,04/05/2022,2
13,Georgia,130630,0,0,2,0,67,COBB (67),20,ACWORTH,5,Mayo,21,2022,17,28,SR-92,3,Highway estatal,Urbano,Arteria Principal,State Highway Agency,1,Sin jurisdiccion especial,0,34.06635,-84.42456667,Vehiculo en movimiento,Angulo,Four-Way Intersection,Interseccion de 4 direcciones,Sobre calle,Ninguna,Dia total,Nublado,No,NO APLICA,17,28,17,35,1,21/05/2022,2
13,Georgia,130631,0,0,1,0,13,BARROW (13),5980,WINDER,5,Mayo,21,2022,19,9,SR-211,3,Highway estatal,Urbano,Colector Mayor,State Highway Agency,0,Sin jurisdiccion especial,47,34.0148,-83.59907222,Arbol,El primer evento no fue una colision con un vehiculo automotor en transporte,Not an Intersection,No fue interseccion,Sobre el lado de la calle,Ninguna,Dia total,Nublado,No,NO APLICA,19,12,19,34,1,21/05/2022,1
13,Georgia,130632,0,0,1,0,89,DEKALB (89),1750,DORAVILLE,5,Mayo,22,2022,3,20,I-285,1,Interestatal,Urbano,Arterial Principal -Freeway o ExpressWay,State Highway Agency,1,Sin jurisdiccion especial,6,33.909825,-84.28281389,Valla para choques,El primer evento no fue una colision con un vehiculo automotor en transporte,Not an Intersection,No fue interseccion,Sobre el lado de la calle,Ninguna,Oscuro sin iluminacion,Nublado,No,NO APLICA,3,30,3,55,1,22/05/2022,1
13,Georgia,130633,0,0,3,0,151,HENRY (151),3360,MCDONOUGH,5,Mayo,22,2022,18,24,CD-JONESBORO RD,5,Calle Local - Pueblo,Urbano,Arteria Principal,City or Municipal Highway Agency,0,Sin jurisdiccion especial,68,33.45948889,-84.1858,Vehiculo en movimiento,Golpe Lateral - misma direccion,T-Intersection,Interseccion de T,Sobre calle,Ninguna,Dia total,Despejado,No,NO APLICA,18,33,18,39,1,22/05/2022,5
13,Georgia,130634,1,1,1,0,51,CHATHAM (51),553,BLOOMINGDALE,5,Mayo,20,2022,22,34,SR-204,3,Highway estatal,Rural,Colector Mayor,State Highway Agency,0,Sin jurisdiccion especial,56,32.02690556,-81.31965833,Peaton,El primer evento no fue una colision con un vehiculo automotor en transporte,Not an Intersection,No fue interseccion,Sobre calle,Ninguna,Oscuro sin iluminacion,Despejado,No,NO APLICA,22,37,22,51,1,20/05/2022,1
13,Georgia,130635,1,1,1,0,121,FULTON (121),280,ATLANTA,5,Mayo,13,2022,13,10,I-285,1,Interestatal,Urbano,Arterial Principal -Freeway o ExpressWay,State Highway Agency,1,Sin jurisdiccion especial,44,33.68799167,-84.5001,Peaton,El primer evento no fue una colision con un vehiculo automotor en transporte,Not an Intersection,No fue interseccion,Sobre calle,Ninguna,Dia total,Despejado,No,NO APLICA,13,10,13,15,1,13/05/2022,1
13,Georgia,130636,1,1,1,0,189,MCDUFFIE (189),5470,THOMSON,5,Mayo,22,2022,5,15,CS-KNOX RIVER RD,5,Calle Local - Pueblo,Rural,Local,City or Municipal Highway Agency,0,Sin jurisdiccion especial,5,33.51938333,-82.51510278,Peaton,El primer evento no fue una colision con un vehiculo automotor en transporte,Not an Intersection,No fue interseccion,Sobre calle,Ninguna,Oscuro sin iluminacion,Despejado,No,NO APLICA,5,18,5,24,1,22/05/2022,1
13,Georgia,130637,0,0,1,0,291,UNION (291),540,BLAIRSVILLE,5,Mayo,22,2022,17,35,CS-KIUTUESTIA CREEK RD,5,Calle Local - Pueblo,Rural,Colector Menor,City or Municipal Highway Agency,0,Sin jurisdiccion especial,11,34.87095,-84.00770556,Arbol,El primer evento no fue una colision con un vehiculo automotor en transporte,Not an Intersection,No fue interseccion,Sobre el lado de la calle,Ninguna,Dia total,Despejado,No,NO APLICA,17,36,17,42,1,22/05/2022,3
13,Georgia,130638,0,0,1,0,299,WARE (299),3635,MILLWOOD,5,Mayo,23,2022,16,27,SR-520,3,Highway estatal,Rural,Arteria Principal,State Highway Agency,1,Sin jurisdiccion especial,78,31.26388611,-82.56752222,Poste de Señal de trafico,El primer evento no fue una colision con un vehiculo automotor en transporte,Not an Intersection,No fue interseccion,Sobre el lado de la calle,Ninguna,Dia total,Nublado,No,NO APLICA,16,27,16,41,1,23/05/2022,1
13,Georgia,130639,0,0,1,0,31,BULLOCH (31),5170,STATESBORO,5,Mayo,23,2022,20,25,CS-LANE ST,5,Calle Local - Pueblo,Rural,Local,City or Municipal Highway Agency,0,Sin jurisdiccion especial,10,32.38108889,-81.66324722,Arbol,El primer evento no fue una colision con un vehiculo automotor en transporte,Not an Intersection,No fue interseccion,Fuera de la calle,Ninguna,Oscuro sin iluminacion,lluvia,No,NO APLICA,20,25,20,29,1,23/05/2022,1
13,Georgia,130640,0,0,1,0,151,HENRY (151),5210,STOCKBRIDGE,5,Mayo,25,2022,6,36,I-675 RAMP,1,Interestatal,Urbano,Arterial Principal -Freeway o ExpressWay,State Highway Agency,1,Sin jurisdiccion especial,191,33.54385556,-84.26795833,Otra barrera de trafico,El primer evento no fue una colision con un vehiculo automotor en transporte,Not an Intersection,No fue interseccion,Sobre el lado de la calle,Ninguna,Amanecer,Nublado,No,NO APLICA,6,47,6,56,1,25/05/2022,1
13,Georgia,130641,0,0,2,0,313,WHITFIELD (313),1510,DALTON,5,Mayo,6,2022,20,55,CS-E MORRIS AT,5,Calle Local - Pueblo,Urbano,Arteria Principal,City or Municipal Highway Agency,0,Sin jurisdiccion especial,42,34.76305278,-84.93103611,Vehiculo en movimiento,Frente a frente,Four-Way Intersection,Interseccion de 4 direcciones,Sobre calle,Ninguna,Oscuro con iluminacion,lluvia,No,NO APLICA,20,58,21,7,1,06/05/2022,4
13,Georgia,130642,1,1,2,0,133,GREENE (133),2490,GREENSBORO,5,Mayo,20,2022,19,47,SR-15,3,Highway estatal,Rural,Arteria Menor,State Highway Agency,0,Sin jurisdiccion especial,121,33.56577222,-83.15024722,Vehiculo en movimiento,Angulo,Not an Intersection,No fue interseccion,Sobre calle,Ninguna,Dia total,Despejado,No,NO APLICA,19,47,19,57,1,20/05/2022,2