Estado,Nombre de Estado,Numero de Caso,Peatones,Personas _no_vehiculos,Vehiculos automotores,Vehiculos estacionados,Condado,Nombre Condado,Ciudad,Nombre Ciudad,Mes,Nombre Mes,Dia,Año,Hora,Minuto,Calle,Ruta,Nombre Ruta,Rural o Urbanoo,Sistema Funcional,Dueño Calle,Sistema Nacional Carreteras,Jurisdiccion Especial,Milla,Latitud,Longitud,Causa del Accidente,Tipo de Accidente,Tipo Interseccion,Columna1,Lugar en la calle,Zona de Trabajo,Luz,Clima,Autobus Escolar,Cruce de Trenes,Hora Notificacion,Minuto Notificacion,Hora Llegada,Minuto Llegada,Decesos,Fecha,PersonaVehiculo
13,Georgia,130643,1,1,1,0,55,CHATTOOGA (55),5570,TRION,5,Mayo,26,2022,4,3,SR-1,3,Highway estatal,Urbano,Arteria Principal,State Highway Agency,1,Sin jurisdiccion especial,140,34.52721111,-85.30919444,Peaton,El primer evento no fue una colision con un vehiculo automotor en transporte,Not an Intersection,No fue interseccion,Sobre calle,Ninguna,Oscuro sin iluminacion,lluvia,No,NO APLICA,4,4,4,8,1,26/05/2022,1
13,Georgia,130644,0,0,3,0,285,TROUP (285),3050,LA GRANGE,5,Mayo,14,2022,21,14,SR-109,3,Highway estatal,Urbano,Arteria Menor,State Highway Agency,0,Sin jurisdiccion especial,58,33.03434444,-85.12989722,Vehiculo en movimiento,Frente a frente,Not an Intersection,No fue interseccion,Sobre calle,Ninguna,Oscuro sin iluminacion,Nublado,No,NO APLICA,21,22,21,38,3,14/05/2022,7
13,Georgia,130645,0,0,1,0,147,HART (147),640,BOWERSVILLE,5,Mayo,23,2022,10,30,SR-51,3,Highway estatal,Rural,Colector Mayor,State Highway Agency,0,Sin jurisdiccion especial,29,34.367975,-83.06463333,Poste o otros soportes,El primer evento no fue una colision con un vehiculo automotor en transporte,Not an Intersection,No fue interseccion,Sobre el lado de la calle,Ninguna,Dia total,Despejado,No,NO APLICA,10,33,10,42,1,23/05/2022,1
13,Georgia,130646,0,0,1,0,77,COWETA (77),3950,NEWNAN,5,Mayo,26,2022,10,38,CS-NEW CORINTH RD,5,Calle Local - Pueblo,Rural,Colector Mayor,City or Municipal Highway Agency,0,Sin jurisdiccion especial,66,33.28688611,-84.87948056,Arbol,El primer evento no fue una colision con un vehiculo automotor en transporte,Not an Intersection,No fue interseccion,Sobre el lado de la calle,Ninguna,Dia total,Despejado,No,NO APLICA,11,14,11,21,1,26/05/2022,1
13,Georgia,130648,0,0,1,0,297,WALTON (297),3230,LOGANVILLE,5,Mayo,26,2022,23,15,CS-SHILOH RD,5,Calle Local - Pueblo,Urbano,Local,City or Municipal Highway Agency,0,Sin jurisdiccion especial,11,33.86610278,-83.85645833,Arbol,El primer evento no fue una colision con un vehiculo automotor en transporte,Not an Intersection,No fue interseccion,Sobre el lado de la calle,Ninguna,Oscuro sin iluminacion,lluvia,No,NO APLICA,23,16,23,25,1,26/05/2022,1
13,Georgia,130649,0,0,1,0,175,LAURENS (175),1780,DUBLIN,5,Mayo,28,2022,2,18,CS-BROOKHAVEN DR,5,Calle Local - Pueblo,Urbano,Colector Mayor,City or Municipal Highway Agency,0,Sin jurisdiccion especial,14,32.54603056,-82.93592778,Poste,El primer evento no fue una colision con un vehiculo automotor en transporte,Not an Intersection,No fue interseccion,Sobre el lado de la calle,Ninguna,Oscuro con iluminacion,Despejado,No,NO APLICA,2,18,2,22,1,28/05/2022,1
13,Georgia,130650,0,0,1,0,299,WARE (299),3635,MILLWOOD,5,Mayo,29,2022,2,18,CS-SAWMILL RD,5,Calle Local - Pueblo,Rural,Local,City or Municipal Highway Agency,0,Sin jurisdiccion especial,13,31.26673056,-82.6766,Animal vivo,El primer evento no fue una colision con un vehiculo automotor en transporte,Not an Intersection,No fue interseccion,Sobre calle,Ninguna,Oscuro sin iluminacion,Despejado,No,NO APLICA,2,21,2,41,1,29/05/2022,2
13,Georgia,130651,0,0,1,0,21,BIBB (21),3390,MACON,5,Mayo,30,2022,16,46,SR-74,3,Highway estatal,Urbano,Arteria Menor,State Highway Agency,0,Sin jurisdiccion especial,43,32.85656389,-83.79442222,Acotamiento,El primer evento no fue una colision con un vehiculo automotor en transporte,Not an Intersection,No fue interseccion,Sobre el lado de la calle,Ninguna,Dia total,lluvia,No,NO APLICA,17,0,17,15,1,30/05/2022,2
13,Georgia,130652,0,0,2,0,45,CARROLL (45),970,CARROLLTON,5,Mayo,22,2022,20,51,SR-166,3,Highway estatal,Urbano,Arteria Principal,State Highway Agency,1,Sin jurisdiccion especial,129,33.56220278,-85.11086944,Vehiculo en movimiento,Angulo,Four-Way Intersection,Interseccion de 4 direcciones,Sobre calle,Ninguna,Oscuro sin iluminacion,Despejado,No,NO APLICA,20,54,21,4,1,22/05/2022,3
13,Georgia,130653,0,0,1,0,121,FULTON (121),280,ATLANTA,5,Mayo,23,2022,23,54,I-75 EXIT RAMP,1,Interestatal,Urbano,Arterial Principal -Freeway o ExpressWay,State Highway Agency,1,Sin jurisdiccion especial,2,33.741825,-84.39220278,Barrera de Trafico de Concreto,El primer evento no fue una colision con un vehiculo automotor en transporte,T-Intersection,Interseccion de T,Sobre el lado de la calle,Ninguna,Oscuro con iluminacion,Despejado,No,NO APLICA,23,57,0,10,1,23/05/2022,1
13,Georgia,130654,0,0,2,0,121,FULTON (121),280,ATLANTA,5,Mayo,19,2022,20,16,SR-9,3,Highway estatal,Urbano,Arteria Principal,State Highway Agency,1,Sin jurisdiccion especial,23,33.8022,-84.392825,Vehiculo en movimiento,Angulo,Not an Intersection,No fue interseccion,Sobre calle,Ninguna,Atardecer,Despejado,No,NO APLICA,20,21,20,35,1,19/05/2022,2
13,Georgia,130655,1,1,1,0,121,FULTON (121),280,ATLANTA,4,Abril,30,2022,22,4,US-19,2,US Highway,Urbano,Arteria Principal,State Highway Agency,1,Sin jurisdiccion especial,85,33.76108611,-84.40283611,Peaton,El primer evento no fue una colision con un vehiculo automotor en transporte,T-Intersection,Interseccion de T,Sobre calle,Ninguna,Oscuro con iluminacion,Despejado,No,NO APLICA,99,98,99,98,1,30/04/2022,1
13,Georgia,130656,0,0,2,0,191,MCINTOSH (191),1560,DARIEN,5,Mayo,3,2022,15,7,SR-25,3,Highway estatal,Rural,Arteria Menor,State Highway Agency,0,Sin jurisdiccion especial,35,31.37603333,-81.43379167,Vehiculo en movimiento,Angulo,Four-Way Intersection,Interseccion de 4 direcciones,Sobre calle,Ninguna,Dia total,Despejado,No,NO APLICA,15,9,15,15,1,03/05/2022,3
13,Georgia,130657,0,0,2,0,89,DEKALB (89),1750,DORAVILLE,5,Mayo,27,2022,14,2,SR-13,3,Highway estatal,Urbano,Arteria Menor,State Highway Agency,0,Sin jurisdiccion especial,74,33.90902222,-84.26680833,Vehiculo en movimiento,Angulo,Four-Way Intersection,Interseccion de 4 direcciones,Sobre calle,Ninguna,Dia total,Despejado,No,NO APLICA,13,59,14,6,1,27/05/2022,4
13,Georgia,130658,0,0,3,0,195,MADISON (195),2830,HULL,5,Mayo,28,2022,14,10,SR-8,3,Highway estatal,Urbano,Arteria Menor,State Highway Agency,0,Sin jurisdiccion especial,9,34.03700833,-83.31249444,Vehiculo en movimiento,Golpe Lateral - direccion contraria,Not an Intersection,No fue interseccion,Sobre calle,Ninguna,Dia total,Despejado,No,NO APLICA,14,13,14,18,1,28/05/2022,5
13,Georgia,130659,0,0,1,0,261,SUMTER (261),170,AMERICUS,5,Mayo,28,2022,18,49,SR-3,3,Highway estatal,Urbano,Arteria Principal,State Highway Agency,1,Sin jurisdiccion especial,107,32.06438889,-84.25250556,Banqueta,El primer evento no fue una colision con un vehiculo automotor en transporte,Not an Intersection,No fue interseccion,Sobre el lado de la calle,Ninguna,Dia total,Despejado,No,NO APLICA,18,49,18,53,1,28/05/2022,1
13,Georgia,130661,0,0,2,0,9,BALDWIN (9),3620,MILLEDGEVILLE,5,Mayo,21,2022,14,31,SR-29,3,Highway estatal,Urbano,Arteria Principal,State Highway Agency,1,Sin jurisdiccion especial,94,33.07262778,-83.25085556,Vehiculo en movimiento,Angulo,Four-Way Intersection,Interseccion de 4 direcciones,Sobre calle,Ninguna,Dia total,Nublado,No,NO APLICA,14,31,14,44,1,21/05/2022,2
13,Georgia,130662,0,0,2,0,47,CATOOSA (47),4680,RINGGOLD,5,Mayo,29,2022,15,23,CS-038600/MOUNT PISGAH,5,Calle Local - Pueblo,Rural,Colector Mayor,City or Municipal Highway Agency,0,Sin jurisdiccion especial,12,34.84913056,-85.17329722,Vehiculo en movimiento,Angulo,T-Intersection,Interseccion de T,Sobre calle,Ninguna,Dia total,Despejado,No,NO APLICA,15,22,15,34,1,29/05/2022,2
13,Georgia,130663,0,0,1,0,77,COWETA (77),3950,NEWNAN,5,Mayo,29,2022,17,14,CR-47,4,Calle del Condado,Urbano,Local,County Highway Agency,0,Sin jurisdiccion especial,4,33.41139722,-84.70624444,Culvert,El primer evento no fue una colision con un vehiculo automotor en transporte,Not an Intersection,No fue interseccion,Sobre el lado de la calle,Ninguna,Dia total,Despejado,No,NO APLICA,17,18,17,23,1,29/05/2022,1
13,Georgia,130664,0,0,2,0,223,PAULDING (223),9997,Other,5,Mayo,30,2022,21,15,CS-SWEETWATER CHURCH RD,5,Calle Local - Pueblo,Urbano,Colector Mayor,City or Municipal Highway Agency,0,Sin jurisdiccion especial,2,33.78635556,-84.78425556,Vehiculo en movimiento,Angulo,T-Intersection,Interseccion de T,Sobre calle,Ninguna,Oscuro sin iluminacion,Despejado,No,NO APLICA,21,24,21,32,1,30/05/2022,2
13,Georgia,130665,0,0,1,0,157,JACKSON (157),2920,JEFFERSON,5,Mayo,31,2022,1,40,SR-11,3,Highway estatal,Urbano,Arteria Principal,State Highway Agency,1,Sin jurisdiccion especial,7,34.07458889,-83.5692,Culvert,El primer evento no fue una colision con un vehiculo automotor en transporte,Not an Intersection,No fue interseccion,En el medio,Ninguna,Oscuro sin iluminacion,Despejado,No,NO APLICA,3,24,3,32,1,31/05/2022,1
13,Georgia,130666,0,0,1,0,285,TROUP (285),3050,LA GRANGE,5,Mayo,26,2022,8,13,CS-ROCK MILLS RD,5,Calle Local - Pueblo,Rural,Colector Mayor,City or Municipal Highway Agency,0,Sin jurisdiccion especial,3,33.04480833,-85.18295,Poste de Señal de trafico,El primer evento no fue una colision con un vehiculo automotor en transporte,Not an Intersection,No fue interseccion,Sobre el lado de la calle,Ninguna,Dia total,Nublado,No,NO APLICA,8,13,8,22,1,26/05/2022,1
13,Georgia,130667,0,0,1,0,9,BALDWIN (9),0,NO APLICA,6,Junio,1,2022,19,45,DEEPSTEP RD,9,Desconocido,Rural,Colector Mayor,County Highway Agency,0,Sin jurisdiccion especial,0,33.05346667,-83.12379167,Otro objeto (fijo),El primer evento no fue una colision con un vehiculo automotor en transporte,T-Intersection,Interseccion de T,Sobre el lado de la calle,Ninguna,Dia total,Despejado,No,NO APLICA,19,52,19,56,1,01/06/2022,1
13,Georgia,130668,0,0,1,0,215,MUSCOGEE (215),1280,COLUMBUS,6,Junio,2,2022,1,10,I-185,1,Interestatal,Urbano,Interestatal,State Highway Agency,1,Sin jurisdiccion especial,45,32.46883889,-84.93095278,Valla Ferrocarril,El primer evento no fue una colision con un vehiculo automotor en transporte,Not an Intersection,No fue interseccion,Sobre el lado de la calle,Construccion,Oscuro con iluminacion,Despejado,No,NO APLICA,1,11,1,21,1,02/06/2022,1
13,Georgia,130669,0,0,2,0,255,SPALDING (255),2510,GRIFFIN,5,Mayo,19,2022,7,25,SR-16,3,Highway estatal,Urbano,Arteria Menor,State Highway Agency,0,Sin jurisdiccion especial,83,33.24091389,-84.35701389,Vehiculo en movimiento,Angulo,Four-Way Intersection,Interseccion de 4 direcciones,Sobre calle,Ninguna,Dia total,Despejado,No,NO APLICA,7,29,7,37,1,19/05/2022,2
13,Georgia,130670,0,0,2,0,45,CARROLL (45),970,CARROLLTON,5,Mayo,19,2022,7,57,SR-1,3,Highway estatal,Urbano,Arteria Principal,State Highway Agency,0,Sin jurisdiccion especial,193,33.66419722,-85.14932778,Vehiculo en movimiento,Angulo,T-Intersection,Interseccion de T,Sobre calle,Ninguna,Dia total,Despejado,No,NO APLICA,8,0,8,14,1,19/05/2022,2
13,Georgia,130671,1,1,1,0,45,CARROLL (45),630,BOWDON,5,Mayo,20,2022,14,35,SR-113,3,Highway estatal,Rural,Colector Mayor,State Highway Agency,0,Sin jurisdiccion especial,86,33.70818333,-85.021625,Peaton,El primer evento no fue una colision con un vehiculo automotor en transporte,Not an Intersection,No fue interseccion,Sobre calle,Ninguna,Dia total,Despejado,No,NO APLICA,2,52,3,13,1,20/05/2022,1
13,Georgia,130672,1,1,1,0,121,FULTON (121),280,ATLANTA,5,Mayo,26,2022,18,40,I-20,1,Interestatal,Urbano,Arterial Principal -Freeway o ExpressWay,State Highway Agency,1,Sin jurisdiccion especial,32,33.761375,-84.48608611,Peaton,El primer evento no fue una colision con un vehiculo automotor en transporte,Not an Intersection,No fue interseccion,Sobre calle,Ninguna,Atardecer,Nublado,No,NO APLICA,6,50,7,2,1,26/05/2022,1
13,Georgia,130673,0,0,2,0,67,COBB (67),3440,MARIETTA,5,Mayo,27,2022,11,26,CR-440600,4,Calle del Condado,Urbano,Arteria Menor,County Highway Agency,0,Sin jurisdiccion especial,9,34.01500556,-84.50270556,Vehiculo en movimiento,Angulo,Four-Way Intersection,Interseccion de 4 direcciones,Sobre calle,Ninguna,Dia total,Despejado,No,NO APLICA,11,26,11,31,1,27/05/2022,2
13,Georgia,130674,0,0,2,0,209,MONTGOMERY (209),5670,UVALDA,5,Mayo,30,2022,11,11,SR-135,3,Highway estatal,Rural,Arteria Menor,State Highway Agency,0,Sin jurisdiccion especial,23,31.99098889,-82.51233056,Vehiculo en movimiento,Frente a frente,Not an Intersection,No fue interseccion,Sobre calle,Ninguna,Dia total,Nublado,No,NO APLICA,11,13,11,21,1,30/05/2022,2
13,Georgia,130675,0,0,1,0,75,COOK (75),0,NO APLICA,6,Junio,1,2022,2,1,CR-003700,4,Calle del Condado,Urbano,Colector Mayor,County Highway Agency,0,Sin jurisdiccion especial,15,31.1549,-83.38985833,Arbol,El primer evento no fue una colision con un vehiculo automotor en transporte,T-Intersection,Interseccion de T,Sobre el lado de la calle,Ninguna,Oscuro sin iluminacion,Despejado,No,NO APLICA,2,5,2,16,1,01/06/2022,1
13,Georgia,130676,0,0,2,0,297,WALTON (297),0,NO APLICA,6,Junio,1,2022,7,58,SR-10,3,Highway estatal,Urbano,Arteria Principal,State Highway Agency,0,Sin jurisdiccion especial,48,33.82798889,-83.828575,Vehiculo en movimiento,Angulo,T-Intersection,Interseccion de T,Sobre calle,Ninguna,Dia total,Despejado,No,NO APLICA,7,59,8,11,1,01/06/2022,2
13,Georgia,130677,0,0,1,0,169,JONES (169),9997,Other,6,Junio,1,2022,20,50,CR-013900 GRISWOLDVILLE RD,4,Calle del Condado,Urbano,Colector Mayor,County Highway Agency,0,Sin jurisdiccion especial,17,32.91369722,-83.4269,Arbol,El primer evento no fue una colision con un vehiculo automotor en transporte,Not an Intersection,No fue interseccion,Sobre el lado de la calle,Ninguna,Atardecer,Despejado,No,NO APLICA,20,52,21,3,1,01/06/2022,1
13,Georgia,130678,0,0,1,0,133,GREENE (133),0,NO APLICA,6,Junio,2,2022,12,18,I-20,1,Interestatal,Rural,Interestatal,State Highway Agency,1,Sin jurisdiccion especial,55,33.54721667,-83.17546667,Arbol,El primer evento no fue una colision con un vehiculo automotor en transporte,Not an Intersection,No fue interseccion,Sobre el lado de la calle,Ninguna,Dia total,Despejado,No,NO APLICA,12,19,12,26,1,02/06/2022,2
13,Georgia,130679,0,0,1,0,277,TIFT (277),5490,TIFTON,6,Junio,3,2022,15,1,CS-098305 8TH ST,6,Calle Local Municipalidad,Urbano,Arteria Menor,City or Municipal Highway Agency,0,Sin jurisdiccion especial,11,31.46313889,-83.52414444,Arbol,El primer evento no fue una colision con un vehiculo automotor en transporte,Not an Intersection,No fue interseccion,Fuera de la calle,Ninguna,Dia total,Nublado,No,NO APLICA,15,5,15,10,1,03/06/2022,1
13,Georgia,130680,0,0,1,0,63,CLAYTON (63),0,NO APLICA,6,Junio,4,2022,7,0,I-75,1,Interestatal,Urbano,Interestatal,State Highway Agency,1,Sin jurisdiccion especial,12,33.55600556,-84.30353889,Barrera de Trafico de Concreto,El primer evento no fue una colision con un vehiculo automotor en transporte,Not an Intersection,No fue interseccion,En el medio,Ninguna,Dia total,Despejado,No,NO APLICA,7,0,7,10,1,04/06/2022,1
13,Georgia,130681,0,0,1,0,185,LOWNDES (185),5680,VALDOSTA,5,Mayo,24,2022,0,25,CR-379 DANIELI DR,4,Calle del Condado,Rural,Local,County Highway Agency,0,Sin jurisdiccion especial,12,30.70086944,-83.19566944,Alguien se cayo/avento del vehiculo,El primer evento no fue una colision con un vehiculo automotor en transporte,Not an Intersection,No fue interseccion,Sobre calle,Ninguna,Oscuro sin iluminacion,Despejado,No,NO APLICA,0,15,0,19,1,24/05/2022,3
13,Georgia,130682,0,0,3,0,245,RICHMOND (245),310,AUGUSTA,5,Mayo,27,2022,21,29,CS-150200 BARTON CHAPEL RD,5,Calle Local - Pueblo,Urbano,Arteria Menor,City or Municipal Highway Agency,0,Sin jurisdiccion especial,5,33.42534722,-82.08190556,Vehiculo en movimiento,Frente a frente,Not an Intersection,No fue interseccion,"Izquierda continua, carril de vuelta",Ninguna,Oscuro sin iluminacion,Nublado,No,NO APLICA,21,24,21,28,1,27/05/2022,4
13,Georgia,130683,0,0,1,0,259,STEWART (259),0,NO APLICA,6,Junio,2,2022,14,58,SR-520,3,Highway estatal,Rural,Arteria Principal,State Highway Agency,0,Sin jurisdiccion especial,95,32.10839444,-84.67546667,Volcadura,El primer evento no fue una colision con un vehiculo automotor en transporte,Not an Intersection,No fue interseccion,Sobre el lado de la calle,Ninguna,Dia total,Despejado,No,NO APLICA,14,48,14,56,1,02/06/2022,1
13,Georgia,130684,0,0,2,0,185,LOWNDES (185),0,NO APLICA,6,Junio,3,2022,12,34,SR-7,3,Highway estatal,Rural,Arteria Principal,State Highway Agency,1,Sin jurisdiccion especial,88,30.73388611,-83.22053333,Vehiculo en movimiento,Angulo,Four-Way Intersection,Interseccion de 4 direcciones,Sobre calle,Ninguna,Dia total,Despejado,No,NO APLICA,12,47,12,52,1,03/06/2022,3
13,Georgia,130685,0,0,1,0,219,OCONEE (219),0,NO APLICA,6,Junio,3,2022,15,5,US-78/SR-10 MONROE HWY,2,US Highway,Rural,Arteria Principal,State Highway Agency,1,Sin jurisdiccion especial,5,33.88827222,-83.58665278,Volcadura,El primer evento no fue una colision con un vehiculo automotor en transporte,Not an Intersection,No fue interseccion,En el medio,Ninguna,Dia total,Despejado,No,NO APLICA,15,8,15,16,1,03/06/2022,1
13,Georgia,130686,0,0,1,0,281,TOWNS (281),0,NO APLICA,6,Junio,4,2022,12,46,SR-2,3,Highway estatal,Rural,Arteria Principal,State Highway Agency,1,Sin jurisdiccion especial,195,34.92386667,-83.62413889,Valla Ferrocarril,El primer evento no fue una colision con un vehiculo automotor en transporte,Not an Intersection,No fue interseccion,Sobre el lado de la calle,Ninguna,Dia total,Despejado,No,NO APLICA,12,48,12,58,1,04/06/2022,1
13,Georgia,130687,0,0,1,0,141,HANCOCK (141),0,NO APLICA,6,Junio,5,2022,1,35,SR-22,3,Highway estatal,Rural,Arteria Menor,State Highway Agency,0,Sin jurisdiccion especial,11,33.16981389,-83.07570833,Culvert,El primer evento no fue una colision con un vehiculo automotor en transporte,Not an Intersection,No fue interseccion,Sobre el lado de la calle,Ninguna,Oscuro sin iluminacion,Despejado,No,NO APLICA,1,43,1,56,1,05/06/2022,1
13,Georgia,130688,0,0,1,0,313,WHITFIELD (313),1510,DALTON,6,Junio,6,2022,9,13,CR-065400 N JIMMY RD,4,Calle del Condado,Rural,Local,County Highway Agency,0,Sin jurisdiccion especial,5,34.73627778,-85.11525278,Zanja,El primer evento no fue una colision con un vehiculo automotor en transporte,Not an Intersection,No fue interseccion,Sobre el lado de la calle,Ninguna,Oscuro sin iluminacion,Despejado,No,NO APLICA,8,54,9,11,1,06/06/2022,1
13,Georgia,130689,1,1,1,0,115,FLOYD (115),4760,ROME,6,Junio,6,2022,5,43,SR-1,3,Highway estatal,Urbano,Arteria Principal,State Highway Agency,1,Sin jurisdiccion especial,113,34.24034167,-85.1613,Peaton,El primer evento no fue una colision con un vehiculo automotor en transporte,Not an Intersection,No fue interseccion,Sobre calle,Ninguna,Oscuro sin iluminacion,Despejado,No,NO APLICA,5,43,5,46,1,06/06/2022,1
13,Georgia,130690,1,1,1,0,89,DEKALB (89),0,NO APLICA,6,Junio,6,2022,21,0,CR-066300,4,Calle del Condado,Urbano,Colector Mayor,County Highway Agency,0,Sin jurisdiccion especial,10,33.72368333,-84.08519722,Peaton,El primer evento no fue una colision con un vehiculo automotor en transporte,Not an Intersection,No fue interseccion,Sobre calle,Ninguna,Dia total,Despejado,No,NO APLICA,21,6,21,15,1,06/06/2022,1
13,Georgia,130691,0,0,2,0,15,BARTOW (15),0,NO APLICA,6,Junio,2,2022,21,4,SR-3,3,Highway estatal,Urbano,Arteria Menor,State Highway Agency,0,Sin jurisdiccion especial,264,34.37695,-84.93242778,Vehiculo en movimiento,Angulo,Four-Way Intersection,Interseccion de 4 direcciones,Sobre calle,Ninguna,Oscuro con iluminacion,Despejado,No,NO APLICA,21,11,21,40,1,02/06/2022,2
13,Georgia,130692,0,0,1,0,163,JEFFERSON (163),0,NO APLICA,4,Abril,6,2022,16,40,CR-007400,4,Calle del Condado,Rural,Local,County Highway Agency,0,Sin jurisdiccion especial,24,33.20140278,-82.41860833,Volcadura,El primer evento no fue una colision con un vehiculo automotor en transporte,Not an Intersection,No fue interseccion,Sobre calle,Ninguna,Dia total,Despejado,No,NO APLICA,16,47,17,4,1,06/04/2022,1
13,Georgia,130693,1,1,1,0,67,COBB (67),3348,MABLETON,4,Abril,29,2022,22,25,US-78 VETERANS MEMORIAL HWY,2,US Highway,Urbano,Arteria Principal,State Highway Agency,1,Sin jurisdiccion especial,40,33.81856111,-84.57735,Peaton,El primer evento no fue una colision con un vehiculo automotor en transporte,Not an Intersection,No fue interseccion,Sobre calle,Ninguna,Oscuro sin iluminacion,Despejado,No,NO APLICA,22,28,22,28,1,29/04/2022,1
13,Georgia,130694,0,0,2,0,89,DEKALB (89),9997,Other,5,Mayo,23,2022,10,0,SR-155,3,Highway estatal,Urbano,Arteria Menor,State Highway Agency,0,Sin jurisdiccion especial,98,33.72769444,-84.28003889,Vehiculo en movimiento,Angulo,Four-Way Intersection,Interseccion de 4 direcciones,Sobre calle,Ninguna,Dia total,Nublado,No,NO APLICA,10,21,10,26,1,23/05/2022,3
13,Georgia,130695,0,0,1,0,135,GWINNETT (135),3990,NORCROSS,5,Mayo,28,2022,1,42,I-85,1,Interestatal,Urbano,Arterial Principal -Freeway o ExpressWay,State Highway Agency,1,Sin jurisdiccion especial,30,33.92229167,-84.18951111,Barrera de Trafico de Concreto,El primer evento no fue una colision con un vehiculo automotor en transporte,Not an Intersection,No fue interseccion,Sobre el lado de la calle,Ninguna,Oscuro con iluminacion,Despejado,No,NO APLICA,1,45,1,49,1,28/05/2022,1
13,Georgia,130696,0,0,2,0,257,STEPHENS (257),0,NO APLICA,5,Mayo,30,2022,15,53,SR-365,3,Highway estatal,Urbano,Arteria Principal,State Highway Agency,1,Sin jurisdiccion especial,41,34.54222778,-83.362,Vehiculo en movimiento,Angulo,Four-Way Intersection,Interseccion de 4 direcciones,Sobre calle,Ninguna,Dia total,Despejado,No,NO APLICA,15,50,15,58,1,30/05/2022,2
13,Georgia,130697,1,1,1,0,135,GWINNETT (135),0,NO APLICA,6,Junio,3,2022,0,9,SR-316,3,Highway estatal,Urbano,Arteria Principal,State Highway Agency,1,Sin jurisdiccion especial,38,33.95886111,-84.04075278,Peaton,El primer evento no fue una colision con un vehiculo automotor en transporte,Not an Intersection,No fue interseccion,Sobre calle,Ninguna,Oscuro sin iluminacion,Nublado,No,NO APLICA,0,12,0,15,1,03/06/2022,2
13,Georgia,130698,0,0,3,0,105,ELBERT (105),0,NO APLICA,6,Junio,3,2022,14,22,SR-72,3,Highway estatal,Rural,Arteria Principal,State Highway Agency,1,Sin jurisdiccion especial,161,34.08797778,-82.771725,Vehiculo en movimiento,Angulo,Not an Intersection,No fue interseccion,Sobre calle,Ninguna,Dia total,Despejado,No,NO APLICA,14,19,14,25,1,03/06/2022,6
13,Georgia,130699,2,2,1,0,175,LAURENS (175),1780,DUBLIN,6,Junio,4,2022,0,40,SR-31,3,Highway estatal,Urbano,Arteria Principal,State Highway Agency,1,Sin jurisdiccion especial,165,32.49378889,-82.93028056,Peaton,El primer evento no fue una colision con un vehiculo automotor en transporte,Four-Way Intersection,Interseccion de 4 direcciones,Sobre calle,Ninguna,Oscuro sin iluminacion,Despejado,No,NO APLICA,0,42,0,48,1,04/06/2022,1
13,Georgia,130700,0,0,2,0,199,MERIWETHER (199),0,NO APLICA,6,Junio,4,2022,6,37,SR-41,3,Highway estatal,Rural,Arteria Menor,State Highway Agency,0,Sin jurisdiccion especial,228,33.121475,-84.72808611,Vehiculo en movimiento,Frente a frente,Not an Intersection,No fue interseccion,Sobre calle,Ninguna,Dia total,Despejado,No,NO APLICA,6,39,6,48,1,04/06/2022,3
13,Georgia,130701,1,1,1,0,121,FULTON (121),2060,FAIRBURN,6,Junio,4,2022,21,0,CR-413009,4,Calle del Condado,Urbano,Arteria Menor,County Highway Agency,0,Sin jurisdiccion especial,8,33.57745278,-84.58420556,Peaton,El primer evento no fue una colision con un vehiculo automotor en transporte,Not an Intersection,No fue interseccion,Sobre calle,Ninguna,Oscuro sin iluminacion,Despejado,No,NO APLICA,20,47,20,59,1,04/06/2022,1
13,Georgia,130702,0,0,1,0,195,MADISON (195),0,NO APLICA,6,Junio,7,2022,0,36,CR-009200 NEW HAVEN CHURCH RD,4,Calle del Condado,Rural,Local,County Highway Agency,0,Sin jurisdiccion especial,38,34.18678611,-83.23464722,Volcadura,El primer evento no fue una colision con un vehiculo automotor en transporte,Not an Intersection,No fue interseccion,Sobre el lado de la calle,Ninguna,Oscuro sin iluminacion,Despejado,No,NO APLICA,0,38,0,45,1,07/06/2022,1
13,Georgia,130703,0,0,2,0,97,DOUGLAS (97),3208,LITHIA SPRINGS,6,Junio,7,2022,6,28,SR-6,3,Highway estatal,Urbano,Arteria Principal,State Highway Agency,1,Sin jurisdiccion especial,1,33.80297222,-84.65133333,Vehiculo en movimiento,Angulo,T-Intersection,Interseccion de T,Sobre calle,Ninguna,Amanecer,Nublado,No,NO APLICA,6,30,6,39,1,07/06/2022,2
13,Georgia,130704,0,0,1,0,19,BERRIEN (19),0,NO APLICA,6,Junio,7,2022,10,35,SR-11,3,Highway estatal,Rural,Arteria Menor,State Highway Agency,0,Sin jurisdiccion especial,56,31.124375,-83.21337222,Culvert,El primer evento no fue una colision con un vehiculo automotor en transporte,Not an Intersection,No fue interseccion,Sobre el lado de la calle,Ninguna,Dia total,Despejado,No,NO APLICA,10,42,10,54,1,07/06/2022,1
13,Georgia,130705,1,1,1,0,143,HARALSON (143),5370,TALLAPOOSA,6,Junio,8,2022,21,15,SR-8,3,Highway estatal,Rural,Arteria Menor,State Highway Agency,0,Sin jurisdiccion especial,53,33.73920278,-85.26799722,Peaton,El primer evento no fue una colision con un vehiculo automotor en transporte,Not an Intersection,No fue interseccion,Sobre calle,Ninguna,Oscuro sin iluminacion,Nublado,No,NO APLICA,18,52,18,58,1,08/06/2022,1
13,Georgia,130706,0,0,2,0,273,TERRELL (273),0,NO APLICA,6,Junio,9,2022,10,39,SR-50,3,Highway estatal,Rural,Arteria Principal,State Highway Agency,1,Sin jurisdiccion especial,29,31.77051667,-84.55614444,Vehiculo en movimiento,Angulo,Not an Intersection,No fue interseccion,Sobre calle,Ninguna,Dia total,lluvia,No,NO APLICA,10,41,10,52,2,09/06/2022,3