Estado,Nombre de Estado,Numero de Caso,Peatones,Personas _no_vehiculos,Vehiculos automotores,Vehiculos estacionados,Condado,Nombre Condado,Ciudad,Nombre Ciudad,Mes,Nombre Mes,Dia,Año,Hora,Minuto,Calle,Ruta,Nombre Ruta,Rural o Urbanoo,Sistema Funcional,Dueño Calle,Sistema Nacional Carreteras,Jurisdiccion Especial,Milla,Latitud,Longitud,Causa del Accidente,Tipo de Accidente,Tipo Interseccion,Columna1,Lugar en la calle,Zona de Trabajo,Luz,Clima,Autobus Escolar,Cruce de Trenes,Hora Notificacion,Minuto Notificacion,Hora Llegada,Minuto Llegada,Decesos,Fecha,PersonaVehiculo
13,Georgia,130707,0,0,1,0,319,WILKINSON (319),0,NO APLICA,6,Junio,10,2022,0,10,SR-57,3,Highway estatal,Rural,Arteria Menor,State Highway Agency,0,Sin jurisdiccion especial,266,32.78664167,-82.98401389,Volcadura,El primer evento no fue una colision con un vehiculo automotor en transporte,Not an Intersection,No fue interseccion,Sobre el lado de la calle,Ninguna,Oscuro sin iluminacion,Despejado,No,NO APLICA,6,38,6,54,1,10/06/2022,1
13,Georgia,130708,0,0,1,0,111,FANNIN (111),0,NO APLICA,6,Junio,11,2022,0,36,SR-60 MORGANTON HWY,3,Highway estatal,Rural,Colector Mayor,State Highway Agency,0,Sin jurisdiccion especial,187,34.88399444,-84.25470278,Arbol,El primer evento no fue una colision con un vehiculo automotor en transporte,Not an Intersection,No fue interseccion,Sobre el lado de la calle,Ninguna,Oscuro sin iluminacion,Despejado,No,NO APLICA,0,37,0,42,1,11/06/2022,1
13,Georgia,130709,0,0,1,0,175,LAURENS (175),1780,DUBLIN,6,Junio,11,2022,6,25,CS-093009 LASSISTER DR,6,Calle Local Municipalidad,Urbano,Local,City or Municipal Highway Agency,0,Sin jurisdiccion especial,2,32.56473056,-82.91636389,Arbol,El primer evento no fue una colision con un vehiculo automotor en transporte,Not an Intersection,No fue interseccion,Sobre el lado de la calle,Ninguna,Oscuro sin iluminacion,Despejado,No,NO APLICA,6,2,6,13,1,11/06/2022,1
13,Georgia,130710,0,0,1,0,45,CARROLL (45),0,NO APLICA,6,Junio,11,2022,13,58,CR-02440 MILLER ACADEMY RD,4,Calle del Condado,Rural,Local,County Highway Agency,0,Sin jurisdiccion especial,13,33.65500833,-85.11369722,Zanja,El primer evento no fue una colision con un vehiculo automotor en transporte,Not an Intersection,No fue interseccion,Sobre el lado de la calle,Ninguna,Dia total,Despejado,No,NO APLICA,14,0,14,17,1,11/06/2022,1
13,Georgia,130711,0,0,1,0,97,DOUGLAS (97),3208,LITHIA SPRINGS,6,Junio,11,2022,17,31,CR-000300,4,Calle del Condado,Urbano,Local,County Highway Agency,0,Sin jurisdiccion especial,3,33.80214722,-84.64605556,Volcadura,El primer evento no fue una colision con un vehiculo automotor en transporte,Not an Intersection,No fue interseccion,Sobre el lado de la calle,Ninguna,Dia total,Nublado,No,NO APLICA,17,21,17,33,1,11/06/2022,1
13,Georgia,130712,0,0,1,0,161,JEFF DAVIS (161),0,NO APLICA,6,Junio,11,2022,23,15,CR-024500,4,Calle del Condado,Rural,Local,County Highway Agency,0,Sin jurisdiccion especial,45,31.91133889,-82.51926111,Zanja,El primer evento no fue una colision con un vehiculo automotor en transporte,Not an Intersection,No fue interseccion,Sobre el lado de la calle,Ninguna,Oscuro sin iluminacion,Nublado,No,NO APLICA,23,16,23,25,1,11/06/2022,1
13,Georgia,130713,1,1,1,0,21,BIBB (21),3390,MACON,5,Mayo,30,2022,21,17,SR-247,3,Highway estatal,Urbano,Arteria Principal,State Highway Agency,1,Sin jurisdiccion especial,115,32.81889167,-83.66270556,Peaton,El primer evento no fue una colision con un vehiculo automotor en transporte,T-Intersection,Interseccion de T,Sobre calle,Ninguna,Oscuro sin iluminacion,Despejado,No,NO APLICA,21,20,21,26,1,30/05/2022,1
13,Georgia,130714,0,0,3,0,63,CLAYTON (63),0,NO APLICA,6,Junio,5,2022,2,10,I-75,1,Interestatal,Urbano,Interestatal,State Highway Agency,1,Sin jurisdiccion especial,66,33.59165,-84.38512222,Alguien se cayo/avento del vehiculo,El primer evento no fue una colision con un vehiculo automotor en transporte,Not an Intersection,No fue interseccion,Sobre calle,Ninguna,Oscuro sin iluminacion,Despejado,No,NO APLICA,2,30,2,35,1,05/06/2022,3
13,Georgia,130715,0,0,3,0,121,FULTON (121),280,ATLANTA,6,Junio,5,2022,2,54,I-75,1,Interestatal,Urbano,Interestatal,State Highway Agency,1,Sin jurisdiccion especial,67,33.74175833,-84.39199444,Vehiculo en movimiento,Frente a frente,Not an Intersection,No fue interseccion,Sobre calle,Ninguna,Oscuro con iluminacion,Despejado,No,NO APLICA,2,54,3,15,2,05/06/2022,3
13,Georgia,130716,0,0,1,0,227,PICKENS (227),0,NO APLICA,6,Junio,7,2022,10,38,SR-53,3,Highway estatal,Urbano,Arteria Principal,State Highway Agency,1,Sin jurisdiccion especial,116,34.46741111,-84.48403889,Zanja,El primer evento no fue una colision con un vehiculo automotor en transporte,Not an Intersection,No fue interseccion,Sobre el lado de la calle,Ninguna,Dia total,lluvia,No,NO APLICA,10,37,10,46,1,07/06/2022,1
13,Georgia,130717,0,0,1,0,147,HART (147),0,NO APLICA,6,Junio,8,2022,16,49,I-85,1,Interestatal,Rural,Interestatal,State Highway Agency,1,Sin jurisdiccion especial,204,34.47255556,-83.06265278,Valla Ferrocarril,El primer evento no fue una colision con un vehiculo automotor en transporte,Not an Intersection,No fue interseccion,Sobre el lado de la calle,Ninguna,Dia total,Nublado,No,NO APLICA,16,59,17,11,1,08/06/2022,1
13,Georgia,130718,1,1,1,0,245,RICHMOND (245),310,AUGUSTA,6,Junio,10,2022,12,33,CR-009500 MEADOWBROOK DR,4,Calle del Condado,Urbano,Arteria Menor,County Highway Agency,0,Sin jurisdiccion especial,8,33.40553889,-82.06707778,Peaton,El primer evento no fue una colision con un vehiculo automotor en transporte,Not an Intersection,No fue interseccion,Sobre calle,Ninguna,Dia total,Despejado,No,NO APLICA,12,35,12,46,1,10/06/2022,1
13,Georgia,130719,0,0,1,0,55,CHATTOOGA (55),0,NO APLICA,6,Junio,10,2022,18,55,CR-00100 HALLS VALLEY RD,4,Calle del Condado,Rural,Local,County Highway Agency,0,Sin jurisdiccion especial,36,34.56503056,-85.27806389,Culvert,El primer evento no fue una colision con un vehiculo automotor en transporte,Not an Intersection,No fue interseccion,Sobre el lado de la calle,Ninguna,Dia total,Nublado,No,NO APLICA,18,55,19,0,1,10/06/2022,1
13,Georgia,130720,0,0,1,0,303,WASHINGTON (303),0,NO APLICA,6,Junio,11,2022,11,42,SR-102,3,Highway estatal,Rural,Colector Mayor,State Highway Agency,0,Sin jurisdiccion especial,44,33.15143333,-82.75838889,Volcadura,El primer evento no fue una colision con un vehiculo automotor en transporte,Not an Intersection,No fue interseccion,Sobre el lado de la calle,Ninguna,Dia total,Despejado,No,NO APLICA,11,38,11,50,1,11/06/2022,1
13,Georgia,130721,1,1,1,0,89,DEKALB (89),0,NO APLICA,6,Junio,11,2022,23,25,CR-519300,4,Calle del Condado,Urbano,Arteria Menor,County Highway Agency,0,Sin jurisdiccion especial,20,33.762275,-84.19820278,Peaton,El primer evento no fue una colision con un vehiculo automotor en transporte,Not an Intersection,No fue interseccion,Sobre calle,Ninguna,Oscuro con iluminacion,Despejado,No,NO APLICA,23,25,23,25,1,11/06/2022,1
13,Georgia,130722,0,0,1,0,295,WALKER (295),0,NO APLICA,6,Junio,12,2022,0,2,SR-1,3,Highway estatal,Urbano,Arteria Principal,State Highway Agency,1,Sin jurisdiccion especial,261,34.943475,-85.27773611,Acotamiento,El primer evento no fue una colision con un vehiculo automotor en transporte,Not an Intersection,No fue interseccion,En el medio,Ninguna,Oscuro sin iluminacion,Despejado,No,NO APLICA,0,3,0,7,1,12/06/2022,3
13,Georgia,130723,0,0,1,0,265,TALIAFERRO (265),1410,CRAWFORDVILLE,6,Junio,11,2022,15,39,I-20,1,Interestatal,Rural,Interestatal,State Highway Agency,1,Sin jurisdiccion especial,57,33.52731944,-82.89290556,Arbol,El primer evento no fue una colision con un vehiculo automotor en transporte,Not an Intersection,No fue interseccion,Sobre el lado de la calle,Ninguna,Dia total,Despejado,No,NO APLICA,15,53,15,54,3,11/06/2022,3
13,Georgia,130724,1,1,1,0,89,DEKALB (89),0,NO APLICA,6,Junio,9,2022,2,0,CR-288300 HAMBRICK RD,4,Calle del Condado,Urbano,Colector Mayor,County Highway Agency,0,Sin jurisdiccion especial,4,33.79282222,-84.21421944,Peaton,El primer evento no fue una colision con un vehiculo automotor en transporte,Not an Intersection,No fue interseccion,Sobre el lado de la calle,Ninguna,Oscuro sin iluminacion,Despejado,No,NO APLICA,2,10,2,12,1,09/06/2022,1
13,Georgia,130725,0,0,1,0,129,GORDON (129),0,NO APLICA,6,Junio,12,2022,23,6,SR-53 OOTHCALOOGA,3,Highway estatal,Urbano,Arteria Principal,State Highway Agency,1,Sin jurisdiccion especial,27,34.50268889,-84.95528611,Banqueta,El primer evento no fue una colision con un vehiculo automotor en transporte,Not an Intersection,No fue interseccion,Sobre el lado de la calle,Ninguna,Oscuro con iluminacion,Despejado,No,NO APLICA,23,9,23,11,1,12/06/2022,1
13,Georgia,130726,0,0,2,0,117,FORSYTH (117),0,NO APLICA,6,Junio,8,2022,16,8,CR-054500,4,Calle del Condado,Urbano,Colector Mayor,County Highway Agency,0,Sin jurisdiccion especial,5,34.28788333,-84.08789167,Zanja,El primer evento no fue una colision con un vehiculo automotor en transporte,Not an Intersection,No fue interseccion,Sobre el lado de la calle,Ninguna,Dia total,Despejado,No,NO APLICA,16,9,16,19,1,08/06/2022,2
13,Georgia,130727,0,0,2,0,51,CHATHAM (51),4910,SAVANNAH,6,Junio,10,2022,14,56,CS-115207,6,Calle Local Municipalidad,Urbano,Arteria Menor,City or Municipal Highway Agency,0,Sin jurisdiccion especial,39,32.02011111,-81.11375833,Final Destination ( Vehiculo es golpeado por carga o otro objeto puesto en movimiento por otro vehiculo en movimiento),Otro,Not an Intersection,No fue interseccion,Sobre calle,Ninguna,Dia total,Despejado,No,NO APLICA,14,56,15,1,1,10/06/2022,2
13,Georgia,130728,0,0,1,0,215,MUSCOGEE (215),1280,COLUMBUS,6,Junio,10,2022,15,20,I-185,1,Interestatal,Urbano,Interestatal,State Highway Agency,1,Sin jurisdiccion especial,122,32.57531944,-84.96148056,Arbol,El primer evento no fue una colision con un vehiculo automotor en transporte,Not an Intersection,No fue interseccion,Sobre el lado de la calle,Ninguna,Dia total,Despejado,No,NO APLICA,15,29,15,30,1,10/06/2022,1
13,Georgia,130729,1,1,2,0,151,HENRY (151),3220,LOCUST GROVE,6,Junio,11,2022,1,13,I-75,1,Interestatal,Urbano,Interestatal,State Highway Agency,1,Sin jurisdiccion especial,45,33.36178056,-84.12915,Peaton,El primer evento no fue una colision con un vehiculo automotor en transporte,Not an Intersection,No fue interseccion,Sobre calle,Ninguna,Oscuro sin iluminacion,Despejado,No,NO APLICA,1,17,1,27,1,11/06/2022,7
13,Georgia,130730,0,0,1,0,121,FULTON (121),280,ATLANTA,6,Junio,11,2022,1,57,I-85,1,Interestatal,Urbano,Interestatal,State Highway Agency,1,Sin jurisdiccion especial,0,33.82363056,-84.35383333,Otro objeto (no fijo),El primer evento no fue una colision con un vehiculo automotor en transporte,Not an Intersection,No fue interseccion,Gore?,Ninguna,Oscuro con iluminacion,Despejado,No,NO APLICA,1,57,1,59,1,11/06/2022,1
13,Georgia,130731,0,0,1,0,73,COLUMBIA (73),2515,GROVETOWN,6,Junio,11,2022,14,55,CS-075703,6,Calle Local Municipalidad,Urbano,Local,City or Municipal Highway Agency,0,Sin jurisdiccion especial,9,33.43884167,-82.20549167,Culvert,El primer evento no fue una colision con un vehiculo automotor en transporte,Not an Intersection,No fue interseccion,Sobre el lado de la calle,Ninguna,Dia total,Despejado,No,NO APLICA,14,59,15,7,1,11/06/2022,1
13,Georgia,130732,0,0,2,0,63,CLAYTON (63),4690,RIVERDALE,6,Junio,11,2022,20,40,SR-85,3,Highway estatal,Urbano,Arteria Principal,State Highway Agency,1,Sin jurisdiccion especial,50,33.58719722,-84.41004167,Vehiculo en movimiento,Angulo,T-Intersection,Interseccion de T,Sobre calle,Ninguna,Oscuro sin iluminacion,Despejado,No,NO APLICA,20,58,21,10,1,11/06/2022,3
13,Georgia,130733,1,1,1,0,51,CHATHAM (51),4910,SAVANNAH,6,Junio,12,2022,18,44,CS-107207,6,Calle Local Municipalidad,Urbano,Arteria Principal,City or Municipal Highway Agency,0,Sin jurisdiccion especial,10,32.05775,-81.10220556,Ciclista,El primer evento no fue una colision con un vehiculo automotor en transporte,Four-Way Intersection,Interseccion de 4 direcciones,Sobre calle,Ninguna,Dia total,Despejado,No,NO APLICA,18,44,18,44,1,12/06/2022,1
13,Georgia,130734,0,0,2,0,321,WORTH (321),0,NO APLICA,6,Junio,15,2022,9,45,CR-041200,4,Calle del Condado,Rural,Colector Mayor,County Highway Agency,0,Sin jurisdiccion especial,99998,31.44779444,-83.74480278,Vehiculo en movimiento,Angulo,Four-Way Intersection,Interseccion de 4 direcciones,Sobre calle,Ninguna,Dia total,Despejado,No,NO APLICA,9,51,9,58,1,15/06/2022,3
13,Georgia,130735,0,0,2,0,137,HABERSHAM (137),0,NO APLICA,6,Junio,15,2022,12,25,SR-17,3,Highway estatal,Rural,Arteria Principal,State Highway Agency,1,Sin jurisdiccion especial,8,34.61699722,-83.4044,Vehiculo en movimiento,Frente a frente,Not an Intersection,No fue interseccion,Sobre calle,Ninguna,Dia total,Despejado,No,NO APLICA,12,30,12,31,1,15/06/2022,4
13,Georgia,130736,0,0,1,0,29,BRYAN (29),0,NO APLICA,6,Junio,16,2022,10,29,CR-011800 INDIAN TRAIL RD,4,Calle del Condado,Rural,Local,County Highway Agency,0,Sin jurisdiccion especial,10,32.10927778,-81.48430278,Arbol,El primer evento no fue una colision con un vehiculo automotor en transporte,Not an Intersection,No fue interseccion,Sobre el lado de la calle,Ninguna,Dia total,Despejado,No,NO APLICA,10,21,10,29,1,16/06/2022,1
13,Georgia,130737,0,0,2,0,97,DOUGLAS (97),0,NO APLICA,6,Junio,17,2022,0,20,I-20,1,Interestatal,Urbano,Interestatal,State Highway Agency,1,Sin jurisdiccion especial,5,33.72528889,-84.90173056,Vehiculo en movimiento,Frente a Detrás,Not an Intersection,No fue interseccion,Sobre calle,Ninguna,Oscuro sin iluminacion,lluvia,No,NO APLICA,0,11,0,22,1,17/06/2022,2
13,Georgia,130738,0,0,1,0,89,DEKALB (89),5580,TUCKER,6,Junio,18,2022,3,4,SR-10,3,Highway estatal,Urbano,Arteria Principal,State Highway Agency,1,Sin jurisdiccion especial,68,33.82135,-84.17066389,Arbol,El primer evento no fue una colision con un vehiculo automotor en transporte,Not an Intersection,No fue interseccion,Sobre el lado de la calle,Ninguna,Oscuro con iluminacion,Despejado,No,NO APLICA,3,5,3,20,1,18/06/2022,1
13,Georgia,130739,1,1,2,0,143,HARALSON (143),0,NO APLICA,6,Junio,18,2022,5,25,SR-8,3,Highway estatal,Rural,Arteria Menor,State Highway Agency,0,Sin jurisdiccion especial,81,33.71968056,-85.22760556,Peaton,El primer evento no fue una colision con un vehiculo automotor en transporte,Not an Intersection,No fue interseccion,Sobre calle,Ninguna,Oscuro sin iluminacion,Nublado,No,NO APLICA,5,30,5,39,1,18/06/2022,2
13,Georgia,130740,0,0,1,0,83,DADE (83),0,NO APLICA,6,Junio,18,2022,5,40,I-59,1,Interestatal,Rural,Interestatal,State Highway Agency,1,Sin jurisdiccion especial,19,34.73921111,-85.53785,Valla Ferrocarril,El primer evento no fue una colision con un vehiculo automotor en transporte,Not an Intersection,No fue interseccion,Sobre el lado de la calle,Ninguna,Oscuro sin iluminacion,Neblina o Humo,No,NO APLICA,5,24,5,44,1,18/06/2022,1
13,Georgia,130741,0,0,1,0,171,LAMAR (171),0,NO APLICA,6,Junio,18,2022,7,11,CR-021300,4,Calle del Condado,Rural,Colector Mayor,County Highway Agency,0,Sin jurisdiccion especial,53,33.09564167,-84.06206389,Barda,El primer evento no fue una colision con un vehiculo automotor en transporte,Not an Intersection,No fue interseccion,Fuera de la calle,Ninguna,Dia total,Despejado,No,NO APLICA,6,57,7,12,1,18/06/2022,1
13,Georgia,130742,0,0,1,0,93,DOOLY (93),0,NO APLICA,6,Junio,18,2022,15,13,I-75,1,Interestatal,Rural,Interestatal,State Highway Agency,1,Sin jurisdiccion especial,50,32.10111111,-83.76300556,Valla Ferrocarril,El primer evento no fue una colision con un vehiculo automotor en transporte,Not an Intersection,No fue interseccion,En el medio,Ninguna,Dia total,Despejado,No,NO APLICA,15,10,15,26,1,18/06/2022,1
13,Georgia,130743,0,0,2,0,159,JASPER (159),9997,Other,6,Junio,18,2022,17,15,SR-11,3,Highway estatal,Rural,Arteria Menor,State Highway Agency,0,Sin jurisdiccion especial,238,33.43850278,-83.75888333,Vehiculo en movimiento,Frente a frente,Not an Intersection,No fue interseccion,Sobre calle,Ninguna,Dia total,Despejado,No,NO APLICA,17,21,17,31,1,18/06/2022,2
13,Georgia,130744,1,1,1,0,89,DEKALB (89),0,NO APLICA,6,Junio,20,2022,5,28,I-285,1,Interestatal,Urbano,Interestatal,State Highway Agency,1,Sin jurisdiccion especial,82,33.73389167,-84.23093333,Peaton,El primer evento no fue una colision con un vehiculo automotor en transporte,Not an Intersection,No fue interseccion,Sobre calle,Ninguna,Oscuro sin iluminacion,Despejado,No,NO APLICA,5,32,5,44,1,20/06/2022,1
13,Georgia,130745,1,1,1,0,299,WARE (299),5850,WAYCROSS,6,Junio,20,2022,5,56,SR-4,3,Highway estatal,Urbano,Arteria Principal,State Highway Agency,1,Sin jurisdiccion especial,32,31.23513611,-82.36996111,Peaton,El primer evento no fue una colision con un vehiculo automotor en transporte,Not an Intersection,No fue interseccion,Sobre calle,Ninguna,Oscuro con iluminacion,Despejado,No,NO APLICA,5,58,6,2,1,20/06/2022,1
13,Georgia,130746,0,0,1,0,67,COBB (67),3440,MARIETTA,6,Junio,12,2022,4,36,I-75,1,Interestatal,Urbano,Interestatal,State Highway Agency,1,Sin jurisdiccion especial,1,33.95920278,-84.5169,Arbol,El primer evento no fue una colision con un vehiculo automotor en transporte,Not an Intersection,No fue interseccion,Gore?,Ninguna,Oscuro sin iluminacion,Despejado,No,NO APLICA,4,36,4,39,1,12/06/2022,2
13,Georgia,130748,0,0,1,0,217,NEWTON (217),4470,PORTERDALE,6,Junio,17,2022,2,3,SR-81 N BORAD ST,3,Highway estatal,Urbano,Arteria Principal,State Highway Agency,1,Sin jurisdiccion especial,82,33.57523333,-83.89379444,Acotamiento,El primer evento no fue una colision con un vehiculo automotor en transporte,Not an Intersection,No fue interseccion,Sobre el lado de la calle,Ninguna,Oscuro con iluminacion,Despejado,No,NO APLICA,2,9,2,13,1,17/06/2022,1
13,Georgia,130749,0,0,2,0,43,CANDLER (43),0,NO APLICA,6,Junio,18,2022,18,14,SR-46,3,Highway estatal,Rural,Colector Mayor,State Highway Agency,0,Sin jurisdiccion especial,90,32.39702222,-82.07649722,Vehiculo en movimiento,Angulo,Not an Intersection,No fue interseccion,Sobre calle,Ninguna,Dia total,Despejado,No,NO APLICA,18,13,18,21,1,18/06/2022,3
13,Georgia,130750,0,0,1,0,179,LIBERTY (179),0,NO APLICA,6,Junio,19,2022,0,30,CR-030900,4,Calle del Condado,Rural,Local,County Highway Agency,0,Sin jurisdiccion especial,8,31.82636111,-81.40138889,Arbol,El primer evento no fue una colision con un vehiculo automotor en transporte,Not an Intersection,No fue interseccion,Sobre el lado de la calle,Ninguna,Oscuro sin iluminacion,Despejado,No,NO APLICA,0,33,0,46,1,19/06/2022,1
13,Georgia,130751,0,0,2,0,255,SPALDING (255),2510,GRIFFIN,6,Junio,19,2022,16,2,SR-3,3,Highway estatal,Urbano,Arteria Principal,State Highway Agency,1,Sin jurisdiccion especial,65,33.27801111,-84.29176944,Vehiculo en movimiento,Angulo,Not an Intersection,No fue interseccion,Sobre calle,Ninguna,Dia total,Despejado,No,NO APLICA,16,4,16,10,1,19/06/2022,3
13,Georgia,130752,0,0,1,0,57,CHEROKEE (57),0,NO APLICA,6,Junio,19,2022,16,24,CR-076400 YELLOW CREEK RD,4,Calle del Condado,Urbano,Colector Mayor,County Highway Agency,0,Sin jurisdiccion especial,23,34.32055,-84.27043611,Arbol,El primer evento no fue una colision con un vehiculo automotor en transporte,Not an Intersection,No fue interseccion,Sobre el lado de la calle,Ninguna,Dia total,Despejado,No,NO APLICA,16,26,16,37,2,19/06/2022,6
13,Georgia,130753,0,0,2,0,135,GWINNETT (135),0,NO APLICA,6,Junio,19,2022,21,5,CR-115400,4,Calle del Condado,Urbano,Arteria Principal,County Highway Agency,1,Sin jurisdiccion especial,0,33.929725,-84.11773889,Vehiculo en movimiento,Angulo,Four-Way Intersection,Interseccion de 4 direcciones,Sobre calle,Ninguna,Oscuro con iluminacion,Nublado,No,NO APLICA,21,7,21,13,1,19/06/2022,3
13,Georgia,130754,0,0,1,0,89,DEKALB (89),3210,LITHONIA,6,Junio,21,2022,0,59,CR-060100,4,Calle del Condado,Urbano,Colector Mayor,County Highway Agency,0,Sin jurisdiccion especial,26,33.68514167,-84.15362222,Arbol,El primer evento no fue una colision con un vehiculo automotor en transporte,Not an Intersection,No fue interseccion,Sobre el lado de la calle,Ninguna,Oscuro sin iluminacion,Despejado,No,NO APLICA,1,9,1,20,1,21/06/2022,5
13,Georgia,130755,0,0,1,0,57,CHEROKEE (57),6040,WOODSTOCK,6,Junio,21,2022,16,56,TOWNE LAKE PARKWAY,6,Calle Local Municipalidad,Urbano,Arteria Menor,City or Municipal Highway Agency,0,Sin jurisdiccion especial,22,34.12828056,-84.56974722,Banqueta,El primer evento no fue una colision con un vehiculo automotor en transporte,Not an Intersection,No fue interseccion,En el medio,Ninguna,Dia total,Despejado,No,NO APLICA,99,98,99,98,1,21/06/2022,1
13,Georgia,130756,0,0,1,0,151,HENRY (151),2560,HAMPTON,6,Junio,21,2022,17,14,SR-20,3,Highway estatal,Urbano,Arteria Principal,State Highway Agency,1,Sin jurisdiccion especial,171,33.381275,-84.26279167,Arbol,El primer evento no fue una colision con un vehiculo automotor en transporte,Not an Intersection,No fue interseccion,Sobre el lado de la calle,Ninguna,Dia total,Despejado,No,NO APLICA,17,37,17,49,1,21/06/2022,1
13,Georgia,130757,0,0,1,0,45,CARROLL (45),5730,VILLA RICA,6,Junio,21,2022,22,5,LEDBETTER ROAD,6,Calle Local Municipalidad,Rural,Local,City or Municipal Highway Agency,0,Sin jurisdiccion especial,14,33.77145278,-84.912025,Arbol,El primer evento no fue una colision con un vehiculo automotor en transporte,Not an Intersection,No fue interseccion,Sobre el lado de la calle,Ninguna,Oscuro con iluminacion,Despejado,No,NO APLICA,22,11,23,58,1,21/06/2022,1
13,Georgia,130758,0,0,2,0,67,COBB (67),320,AUSTELL,6,Junio,10,2022,19,7,SR-6,3,Highway estatal,Urbano,Arteria Principal,State Highway Agency,1,Sin jurisdiccion especial,65,33.81728333,-84.65576944,Vehiculo en movimiento,Frente a frente,Not an Intersection,No fue interseccion,Sobre calle,Ninguna,Dia total,Nublado,No,NO APLICA,19,7,19,14,1,10/06/2022,2
13,Georgia,130759,1,1,1,0,67,COBB (67),0,NO APLICA,6,Junio,18,2022,0,7,CR-283500,4,Calle del Condado,Urbano,Arteria Principal,County Highway Agency,0,Sin jurisdiccion especial,24,33.85517222,-84.59572222,Peaton,El primer evento no fue una colision con un vehiculo automotor en transporte,Not an Intersection,No fue interseccion,Sobre calle,Ninguna,Oscuro con iluminacion,Despejado,No,NO APLICA,0,8,0,9,1,18/06/2022,1
13,Georgia,130760,0,0,2,0,233,POLK (233),0,NO APLICA,6,Junio,19,2022,1,8,SR-113,3,Highway estatal,Rural,Arteria Principal,State Highway Agency,1,Sin jurisdiccion especial,19,33.97516944,-85.00544722,Vehiculo en movimiento,Frente a Detrás,Four-Way Intersection,Interseccion de 4 direcciones,Sobre calle,Ninguna,Oscuro sin iluminacion,Despejado,No,NO APLICA,1,15,1,20,1,19/06/2022,2
13,Georgia,130761,0,0,1,0,21,BIBB (21),3390,MACON,6,Junio,19,2022,21,41,CR-526900 RIVOLI DR,4,Calle del Condado,Urbano,Local,County Highway Agency,0,Sin jurisdiccion especial,8,32.87337222,-83.70415833,Poste de Señal de trafico,El primer evento no fue una colision con un vehiculo automotor en transporte,Not an Intersection,No fue interseccion,Sobre el lado de la calle,Ninguna,Oscuro sin iluminacion,Despejado,No,NO APLICA,21,42,21,52,1,19/06/2022,1
13,Georgia,130762,0,0,1,0,153,HOUSTON (153),2985,KATHLEEN,6,Junio,20,2022,17,22,CR-017700,4,Calle del Condado,Urbano,Local,County Highway Agency,0,Sin jurisdiccion especial,5,32.52685278,-83.62646667,Volcadura,El primer evento no fue una colision con un vehiculo automotor en transporte,Not an Intersection,No fue interseccion,Sobre calle,Ninguna,Dia total,Despejado,No,NO APLICA,17,30,17,31,1,20/06/2022,3
13,Georgia,130763,0,0,2,0,15,BARTOW (15),0,NO APLICA,6,Junio,21,2022,15,38,SR-61,3,Highway estatal,Rural,Arteria Menor,State Highway Agency,0,Sin jurisdiccion especial,204,34.32735556,-84.71748333,Vehiculo en movimiento,Angulo,Not an Intersection,No fue interseccion,Sobre calle,Ninguna,Dia total,Despejado,No,NO APLICA,15,48,16,1,1,21/06/2022,2
13,Georgia,130764,0,0,1,0,271,TELFAIR (271),2892,JACKSONVILLE,6,Junio,22,2022,5,50,SR-117,3,Highway estatal,Rural,Colector Mayor,State Highway Agency,0,Sin jurisdiccion especial,286,31.86525,-83.10858611,Zanja,El primer evento no fue una colision con un vehiculo automotor en transporte,Not an Intersection,No fue interseccion,Sobre el lado de la calle,Ninguna,Amanecer,Despejado,No,NO APLICA,5,59,6,24,1,22/06/2022,1
13,Georgia,130765,0,0,2,0,247,ROCKDALE (247),1320,CONYERS,6,Junio,22,2022,21,49,SR-162,3,Highway estatal,Urbano,Arteria Menor,State Highway Agency,0,Sin jurisdiccion especial,20,33.63461389,-83.97813056,Vehiculo en movimiento,Angulo,Y-Intersection,Interseccion de Y,Sobre calle,Ninguna,Oscuro con iluminacion,Despejado,No,NO APLICA,22,1,22,7,1,22/06/2022,2
13,Georgia,130766,0,0,1,0,63,CLAYTON (63),0,NO APLICA,6,Junio,24,2022,9,22,BETHSAIDA RD,6,Calle Local Municipalidad,Urbano,Arteria Menor,City or Municipal Highway Agency,0,Sin jurisdiccion especial,4,33.56505833,-84.45421111,Arbol,El primer evento no fue una colision con un vehiculo automotor en transporte,Not an Intersection,No fue interseccion,Sobre el lado de la calle,Ninguna,Dia total,Despejado,No,NO APLICA,9,22,9,26,1,24/06/2022,2
13,Georgia,130767,1,1,1,0,175,LAURENS (175),1780,DUBLIN,6,Junio,16,2022,23,26,SR-26,3,Highway estatal,Urbano,Arteria Principal,State Highway Agency,1,Sin jurisdiccion especial,249,32.54988611,-82.97306111,Peaton,El primer evento no fue una colision con un vehiculo automotor en transporte,Not an Intersection,No fue interseccion,"Izquierda continua, carril de vuelta",Ninguna,Oscuro sin iluminacion,Despejado,No,NO APLICA,23,27,23,35,1,16/06/2022,2