Estado,Nombre de Estado,Numero de Caso,Peatones,Personas _no_vehiculos,Vehiculos automotores,Vehiculos estacionados,Condado,Nombre Condado,Ciudad,Nombre Ciudad,Mes,Nombre Mes,Dia,Año,Hora,Minuto,Calle,Ruta,Nombre Ruta,Rural o Urbanoo,Sistema Funcional,Dueño Calle,Sistema Nacional Carreteras,Jurisdiccion Especial,Milla,Latitud,Longitud,Causa del Accidente,Tipo de Accidente,Tipo Interseccion,Columna1,Lugar en la calle,Zona de Trabajo,Luz,Clima,Autobus Escolar,Cruce de Trenes,Hora Notificacion,Minuto Notificacion,Hora Llegada,Minuto Llegada,Decesos,Fecha,PersonaVehiculo
13,Georgia,130768,0,0,2,0,121,FULTON (121),9997,Other,6,Junio,19,2022,0,15,CR-138900,4,Calle del Condado,Urbano,Arteria Menor,County Highway Agency,0,Sin jurisdiccion especial,2,33.62695556,-84.49198611,Vehiculo en movimiento,Frente a frente,Not an Intersection,No fue interseccion,Sobre calle,Ninguna,Oscuro con iluminacion,Despejado,No,NO APLICA,0,16,0,25,1,19/06/2022,4
13,Georgia,130769,0,0,2,0,67,COBB (67),3440,MARIETTA,6,Junio,19,2022,8,6,CR-244800,4,Calle del Condado,Urbano,Local,County Highway Agency,0,Sin jurisdiccion especial,0,33.94818611,-84.50190556,Vehiculo en movimiento,Angulo,Four-Way Intersection,Interseccion de 4 direcciones,Sobre calle,Ninguna,Dia total,Despejado,No,NO APLICA,8,6,8,14,1,19/06/2022,2
13,Georgia,130770,0,0,1,0,121,FULTON (121),9997,Other,6,Junio,19,2022,18,37,CR-137400,4,Calle del Condado,Urbano,Arteria Menor,County Highway Agency,0,Sin jurisdiccion especial,61,33.65344722,-84.58573611,Culvert,El primer evento no fue una colision con un vehiculo automotor en transporte,Not an Intersection,No fue interseccion,Sobre el lado de la calle,Ninguna,Dia total,Despejado,No,NO APLICA,18,42,18,55,1,19/06/2022,1
13,Georgia,130771,1,1,1,0,119,FRANKLIN (119),0,NO APLICA,6,Junio,20,2022,22,4,SR-17,3,Highway estatal,Rural,Arteria Principal,State Highway Agency,1,Sin jurisdiccion especial,118,34.44490833,-83.11763611,Peaton,El primer evento no fue una colision con un vehiculo automotor en transporte,Not an Intersection,No fue interseccion,Sobre calle,Ninguna,Oscuro con iluminacion,Despejado,No,NO APLICA,22,46,22,51,1,20/06/2022,1
13,Georgia,130772,0,0,1,0,273,TERRELL (273),4900,SASSER,6,Junio,22,2022,10,32,CALLIS ROAD,6,Calle Local Municipalidad,Rural,Colector Mayor,City or Municipal Highway Agency,0,Sin jurisdiccion especial,13,31.74313333,-84.350475,Volcadura,El primer evento no fue una colision con un vehiculo automotor en transporte,Y-Intersection,Interseccion de Y,Sobre calle,Ninguna,Dia total,Despejado,No,NO APLICA,10,32,10,37,1,22/06/2022,3
13,Georgia,130773,0,0,2,0,121,FULTON (121),4790,ROSWELL,6,Junio,22,2022,13,11,MANSELL RD,6,Calle Local Municipalidad,Urbano,Local,City or Municipal Highway Agency,0,Sin jurisdiccion especial,3,34.042825,-84.34586944,Vehiculo en movimiento,Angulo,T-Intersection,Interseccion de T,Sobre calle,Ninguna,Dia total,Despejado,No,NO APLICA,13,12,13,23,1,22/06/2022,3
13,Georgia,130774,0,0,1,0,245,RICHMOND (245),310,AUGUSTA,6,Junio,26,2022,19,51,SR-54 DEANS BRIDGE RD,3,Highway estatal,Urbano,Arteria Principal,State Highway Agency,1,Sin jurisdiccion especial,31,33.30003889,-82.25123889,Volcadura,El primer evento no fue una colision con un vehiculo automotor en transporte,Not an Intersection,No fue interseccion,En el medio,Ninguna,Atardecer,Despejado,No,NO APLICA,99,98,99,98,1,26/06/2022,1
13,Georgia,130775,0,0,3,0,151,HENRY (151),5210,STOCKBRIDGE,6,Junio,23,2022,4,50,I-75,1,Interestatal,Urbano,Interestatal,State Highway Agency,1,Sin jurisdiccion especial,158,33.50133611,-84.22615833,Otra no colicion,El primer evento no fue una colision con un vehiculo automotor en transporte,Not an Intersection,No fue interseccion,Sobre calle,Ninguna,Oscuro sin iluminacion,Despejado,No,NO APLICA,99,98,99,98,1,23/06/2022,3
13,Georgia,130776,0,0,2,0,261,SUMTER (261),170,AMERICUS,6,Junio,24,2022,15,32,MASK ROAD,6,Calle Local Municipalidad,Urbano,Local,City or Municipal Highway Agency,0,Sin jurisdiccion especial,20,32.01138889,-84.20543889,Vehiculo en movimiento,Angulo,Four-Way Intersection,Interseccion de 4 direcciones,Sobre calle,Ninguna,Dia total,lluvia,No,NO APLICA,15,27,15,35,1,24/06/2022,4
13,Georgia,130777,0,0,2,0,27,BROOKS (27),4530,QUITMAN,6,Junio,24,2022,16,53,SR-76,3,Highway estatal,Rural,Arteria Menor,State Highway Agency,0,Sin jurisdiccion especial,119,30.79751111,-83.556525,Vehiculo en movimiento,Frente a Detrás,Four-Way Intersection,Interseccion de 4 direcciones,Sobre calle,Ninguna,Dia total,Nublado,No,NO APLICA,16,58,17,3,1,24/06/2022,2
13,Georgia,130778,0,0,1,0,51,CHATHAM (51),4910,SAVANNAH,6,Junio,24,2022,23,29,LIBERTY PARKWAY,6,Calle Local Municipalidad,Urbano,Colector Mayor,City or Municipal Highway Agency,0,Sin jurisdiccion especial,2,32.03833056,-81.14619167,Banqueta,El primer evento no fue una colision con un vehiculo automotor en transporte,Not an Intersection,No fue interseccion,Sobre el lado de la calle,Ninguna,Oscuro con iluminacion,Despejado,No,NO APLICA,23,38,23,44,1,24/06/2022,2
13,Georgia,130779,0,0,2,0,125,GLASCOCK (125),2340,GIBSON,6,Junio,25,2022,12,7,SR-171,3,Highway estatal,Rural,Colector Mayor,State Highway Agency,0,Sin jurisdiccion especial,132,33.30418056,-82.59985,Vehiculo en movimiento,Frente a frente,Not an Intersection,No fue interseccion,Sobre calle,Ninguna,Dia total,Despejado,No,NO APLICA,12,16,12,36,1,25/06/2022,3
13,Georgia,130780,0,0,1,0,157,JACKSON (157),2810,HOSCHTON,6,Junio,25,2022,17,37,I-85,1,Interestatal,Urbano,Interestatal,State Highway Agency,1,Sin jurisdiccion especial,57,34.12926667,-83.70221111,Barrera de Trafico de Concreto,El primer evento no fue una colision con un vehiculo automotor en transporte,Not an Intersection,No fue interseccion,En el medio,Construccion,Dia total,Despejado,No,NO APLICA,17,38,17,47,2,25/06/2022,2
13,Georgia,130781,1,1,1,0,139,HALL (139),2285,GAINESVILLE,6,Junio,25,2022,18,30,THOUSAND OAK DRIVE,6,Calle Local Municipalidad,Urbano,Local,City or Municipal Highway Agency,0,Sin jurisdiccion especial,0,34.26175833,-83.73298611,Peaton,El primer evento no fue una colision con un vehiculo automotor en transporte,Not an Intersection,No fue interseccion,Sobre calle,Ninguna,Dia total,Despejado,No,NO APLICA,18,33,18,33,1,25/06/2022,1
13,Georgia,130782,0,0,2,0,245,RICHMOND (245),310,AUGUSTA,6,Junio,25,2022,22,39,SR-383 JIMMIE DYESS PKWY,3,Highway estatal,Urbano,Arteria Principal,State Highway Agency,1,Sin jurisdiccion especial,16,33.46440556,-82.11896111,Vehiculo en movimiento,Golpe Lateral - misma direccion,Not an Intersection,No fue interseccion,Sobre calle,Ninguna,Oscuro sin iluminacion,Despejado,No,NO APLICA,99,98,99,98,1,25/06/2022,2
13,Georgia,130783,0,0,1,0,71,COLQUITT (71),4000,NORMAN PARK,6,Junio,26,2022,5,25,COOL SPRINGS ROAD,5,Calle Local - Pueblo,Rural,Colector Mayor,Town or Township Highway Agency,0,Sin jurisdiccion especial,20,31.21476389,-83.72609167,Culvert,El primer evento no fue una colision con un vehiculo automotor en transporte,Not an Intersection,No fue interseccion,Sobre el lado de la calle,Ninguna,Oscuro sin iluminacion,Despejado,No,NO APLICA,5,37,5,49,1,26/06/2022,1
13,Georgia,130784,0,0,1,0,49,CHARLTON (49),2170,FOLKSTON,6,Junio,26,2022,6,49,SR-23,3,Highway estatal,Rural,Colector Mayor,State Highway Agency,0,Sin jurisdiccion especial,298,30.76203611,-82.06893611,Volcadura,El primer evento no fue una colision con un vehiculo automotor en transporte,Not an Intersection,No fue interseccion,Sobre el lado de la calle,Ninguna,Amanecer,Despejado,No,NO APLICA,6,54,7,4,1,26/06/2022,1
13,Georgia,130785,1,1,1,0,73,COLUMBIA (73),3463,MARTINEZ,6,Junio,26,2022,9,58,SR-383 4099 JIMMY DYESS PKWY,3,Highway estatal,Urbano,Arteria Principal,State Highway Agency,1,Sin jurisdiccion especial,99998,33.48114722,-82.13084167,Peaton,El primer evento no fue una colision con un vehiculo automotor en transporte,Not an Intersection,No fue interseccion,Sobre calle,Ninguna,Dia total,Despejado,No,NO APLICA,10,1,10,9,1,26/06/2022,1
13,Georgia,130786,0,0,1,0,21,BIBB (21),3390,MACON,6,Junio,27,2022,7,54,I-75 S,1,Interestatal,Urbano,Interestatal,State Highway Agency,1,Sin jurisdiccion especial,0,32.85525556,-83.63747778,Otra barrera de trafico,El primer evento no fue una colision con un vehiculo automotor en transporte,Not an Intersection,No fue interseccion,Sobre el lado de la calle,Construccion,Dia total,Despejado,No,NO APLICA,99,98,99,98,1,27/06/2022,1
13,Georgia,130787,1,1,1,0,135,GWINNETT (135),5080,SNELLVILLE,6,Junio,27,2022,16,7,HEWATT RD,6,Calle Local Municipalidad,Urbano,Colector Mayor,City or Municipal Highway Agency,0,Sin jurisdiccion especial,2,33.83099167,-84.05426389,Peaton,El primer evento no fue una colision con un vehiculo automotor en transporte,Not an Intersection,No fue interseccion,Sobre calle,Ninguna,Dia total,Nublado,No,NO APLICA,99,98,99,98,1,27/06/2022,1
13,Georgia,130788,0,0,2,0,67,COBB (67),0,NO APLICA,3,Marzo,10,2022,16,41,SANDY PLAINS RD,6,Calle Local Municipalidad,Urbano,Arteria Menor,City or Municipal Highway Agency,0,Sin jurisdiccion especial,24,34.03442778,-84.46454722,Vehiculo en movimiento,Frente a frente,"Five Point, or More",5 Puntos o mas,Sobre calle,Ninguna,Dia total,Despejado,No,NO APLICA,16,41,16,43,1,10/03/2022,3
13,Georgia,130789,0,0,1,0,135,GWINNETT (135),1810,DULUTH,5,Mayo,15,2022,18,14,SR-141,3,Highway estatal,Urbano,Arteria Principal,State Highway Agency,1,Sin jurisdiccion especial,2,33.98810278,-84.17022778,Banqueta,El primer evento no fue una colision con un vehiculo automotor en transporte,Not an Intersection,No fue interseccion,Sobre el lado de la calle,Ninguna,Dia total,Despejado,No,NO APLICA,18,15,18,18,1,15/05/2022,1
13,Georgia,130790,0,0,2,0,113,FAYETTE (113),2110,FAYETTEVILLE,5,Mayo,28,2022,7,10,SR-92,3,Highway estatal,Urbano,Arteria Principal,State Highway Agency,1,Sin jurisdiccion especial,120,33.45688611,-84.45430556,Vehiculo en movimiento,Angulo,Four-Way Intersection,Interseccion de 4 direcciones,Sobre calle,Ninguna,Dia total,Despejado,No,NO APLICA,7,13,7,17,1,28/05/2022,2
13,Georgia,130791,0,0,2,0,91,DODGE (91),1880,EASTMAN,6,Junio,23,2022,17,7,SR-27,3,Highway estatal,Urbano,Arteria Principal,State Highway Agency,1,Sin jurisdiccion especial,74,32.1857,-83.19963889,Vehiculo en movimiento,Angulo,Four-Way Intersection,Interseccion de 4 direcciones,Sobre calle,Ninguna,Dia total,lluvia,No,NO APLICA,17,5,17,8,1,23/06/2022,6
13,Georgia,130792,0,0,1,0,45,CARROLL (45),630,BOWDON,6,Junio,23,2022,21,20,SR-100,3,Highway estatal,Rural,Colector Mayor,State Highway Agency,0,Sin jurisdiccion especial,107,33.56336389,-85.25128333,Volcadura,El primer evento no fue una colision con un vehiculo automotor en transporte,Not an Intersection,No fue interseccion,Sobre el lado de la calle,Construccion,Oscuro sin iluminacion,Despejado,No,NO APLICA,21,26,21,34,1,23/06/2022,1
13,Georgia,130793,0,0,2,0,77,COWETA (77),4960,SENOIA,6,Junio,24,2022,11,2,SR-85,3,Highway estatal,Urbano,Arteria Menor,State Highway Agency,0,Sin jurisdiccion especial,3,33.31543056,-84.52546944,Vehiculo en movimiento,Frente a frente,Not an Intersection,No fue interseccion,Sobre calle,Ninguna,Dia total,Despejado,No,NO APLICA,11,7,11,22,1,24/06/2022,4
13,Georgia,130794,0,0,2,0,121,FULTON (121),280,ATLANTA,6,Junio,24,2022,19,52,CAMPBELLTON RD SW,6,Calle Local Municipalidad,Urbano,Arteria Menor,City or Municipal Highway Agency,0,Sin jurisdiccion especial,3,33.71608056,-84.43083056,Vehiculo en movimiento,Angulo,T-Intersection,Interseccion de T,Sobre calle,Ninguna,Dia total,Despejado,No,NO APLICA,19,52,20,0,1,24/06/2022,2
13,Georgia,130795,0,0,2,0,209,MONTGOMERY (209),5670,UVALDA,6,Junio,26,2022,14,51,SOUTH OLD RIVER ROAD,6,Calle Local Municipalidad,Rural,Local,City or Municipal Highway Agency,0,Sin jurisdiccion especial,50,32.01196111,-82.54938611,Vehiculo en movimiento,Angulo,Four-Way Intersection,Interseccion de 4 direcciones,Sobre calle,Ninguna,Dia total,Despejado,No,NO APLICA,14,54,15,4,2,26/06/2022,6
13,Georgia,130796,0,0,1,0,69,COFFEE (69),1760,DOUGLAS,6,Junio,26,2022,20,6,SR-32,3,Highway estatal,Urbano,Arteria Menor,State Highway Agency,1,Sin jurisdiccion especial,163,31.50386111,-82.80404722,Culvert,El primer evento no fue una colision con un vehiculo automotor en transporte,Not an Intersection,No fue interseccion,Sobre el lado de la calle,Ninguna,Dia total,Despejado,No,NO APLICA,20,6,20,14,2,26/06/2022,2
13,Georgia,130797,0,0,3,0,63,CLAYTON (63),9997,Other,6,Junio,27,2022,5,10,SR-3 TARA BLVD,3,Highway estatal,Urbano,Arteria Principal,State Highway Agency,1,Sin jurisdiccion especial,23,33.46073333,-84.33015278,Vehiculo en movimiento,Frente a frente,Not an Intersection,No fue interseccion,Sobre calle,Ninguna,Oscuro con iluminacion,Nublado,No,NO APLICA,99,99,99,99,1,27/06/2022,6
13,Georgia,130798,0,0,3,0,121,FULTON (121),280,ATLANTA,6,Junio,28,2022,7,5,RAWSON ST SW,6,Calle Local Municipalidad,Urbano,Local,City or Municipal Highway Agency,0,Sin jurisdiccion especial,2,33.74457778,-84.39451944,Vehiculo en movimiento,Frente a Detrás,Four-Way Intersection,Interseccion de 4 direcciones,Sobre calle,Ninguna,Dia total,Despejado,No,NO APLICA,99,99,99,99,1,28/06/2022,3
13,Georgia,130799,1,1,3,0,89,DEKALB (89),1815,DUNWOODY,6,Junio,29,2022,23,40,I-285,1,Interestatal,Urbano,Interestatal,State Highway Agency,1,Sin jurisdiccion especial,11,33.92030556,-84.32896944,Vehiculo en movimiento,Frente a Detrás,Not an Intersection,No fue interseccion,Sobre calle,Construccion,Oscuro sin iluminacion,Despejado,No,NO APLICA,23,42,0,14,1,29/06/2022,5
13,Georgia,130800,4,4,1,0,77,COWETA (77),0,NO APLICA,6,Junio,30,2022,2,10,CR-014900,4,Calle del Condado,Rural,Local,County Highway Agency,0,Sin jurisdiccion especial,9,33.27941667,-84.65343056,Otro objeto (fijo),El primer evento no fue una colision con un vehiculo automotor en transporte,Not an Intersection,No fue interseccion,Sobre el lado de la calle,Ninguna,Oscuro sin iluminacion,Despejado,No,NO APLICA,2,20,2,31,1,30/06/2022,1
13,Georgia,130801,0,0,2,0,247,ROCKDALE (247),1320,CONYERS,6,Junio,30,2022,7,0,PLEASANT HILL RD,6,Calle Local Municipalidad,Urbano,Local,City or Municipal Highway Agency,0,Sin jurisdiccion especial,27,33.77153333,-83.99461389,Vehiculo en movimiento,Frente a frente,Not an Intersection,No fue interseccion,Sobre calle,Ninguna,Amanecer,Despejado,No,NO APLICA,99,99,99,99,1,30/06/2022,2
13,Georgia,130802,0,0,2,0,121,FULTON (121),9997,Other,6,Junio,30,2022,11,33,SR-141 MEDLOCK BRIDGE RD,3,Highway estatal,Urbano,Arteria Principal,State Highway Agency,1,Sin jurisdiccion especial,196,34.05011667,-84.17588056,Vehiculo en movimiento,Angulo,Four-Way Intersection,Interseccion de 4 direcciones,Sobre calle,Ninguna,Dia total,Nublado,No,NO APLICA,11,35,11,35,1,30/06/2022,3
13,Georgia,130803,0,0,5,0,15,BARTOW (15),980,CARTERSVILLE,6,Junio,30,2022,12,0,I-75,1,Interestatal,Urbano,Interestatal,State Highway Agency,1,Sin jurisdiccion especial,155,34.24059167,-84.76548889,Vehiculo en movimiento,Frente a Detrás,Not an Intersection,No fue interseccion,Sobre calle,Ninguna,Dia total,Nublado,No,NO APLICA,12,3,12,14,2,30/06/2022,6
13,Georgia,130804,0,0,1,0,163,JEFFERSON (163),340,AVERA,6,Junio,30,2022,15,27,OLD STAPLETON ROAD,5,Calle Local - Pueblo,Rural,Local,Town or Township Highway Agency,0,Sin jurisdiccion especial,7,33.19876389,-82.5099,Acotamiento,El primer evento no fue una colision con un vehiculo automotor en transporte,Not an Intersection,No fue interseccion,Sobre el lado de la calle,Ninguna,Dia total,Nublado,No,NO APLICA,15,14,15,42,1,30/06/2022,1
13,Georgia,130805,0,0,3,0,95,DOUGHERTY (95),90,ALBANY,6,Junio,30,2022,18,22,US-82 LIBERTY EXPY,2,US Highway,Urbano,Arterial Principal -Freeway o ExpressWay,State Highway Agency,1,Sin jurisdiccion especial,138,31.61371667,-84.16905278,Vehiculo en movimiento,Angulo,Not an Intersection,No fue interseccion,Sobre calle,Ninguna,Dia total,lluvia,No,NO APLICA,18,22,18,25,1,30/06/2022,3
13,Georgia,130806,0,0,1,0,113,FAYETTE (113),2110,FAYETTEVILLE,6,Junio,30,2022,22,16,KENWOOD RD,9,Desconocido,Urbano,Local,County Highway Agency,0,Sin jurisdiccion especial,99998,33.51178611,-84.42961111,Zanja,El primer evento no fue una colision con un vehiculo automotor en transporte,T-Intersection,Interseccion de T,Sobre el lado de la calle,Ninguna,Oscuro sin iluminacion,Nublado,No,NO APLICA,22,16,22,22,1,30/06/2022,1
13,Georgia,130807,0,0,2,0,89,DEKALB (89),5580,TUCKER,6,Junio,30,2022,22,37,MOUNTAIN INDUSTRIAL BLVD,8,Otro,Urbano,Arteria Principal,City or Municipal Highway Agency,1,Sin jurisdiccion especial,10,33.83438611,-84.19990833,Vehiculo en movimiento,Angulo,Four-Way Intersection,Interseccion de 4 direcciones,Sobre calle,Ninguna,Oscuro con iluminacion,Despejado,No,NO APLICA,99,99,99,99,1,30/06/2022,4
13,Georgia,130808,0,0,1,0,121,FULTON (121),4882,SANDY SPRINGS,7,Julio,2,2022,2,49,CS-68464374,6,Calle Local Municipalidad,Urbano,Local,City or Municipal Highway Agency,0,Sin jurisdiccion especial,0,33.98403889,-84.34800278,Banqueta,El primer evento no fue una colision con un vehiculo automotor en transporte,Not an Intersection,No fue interseccion,Sobre el lado de la calle,Ninguna,Oscuro sin iluminacion,Despejado,No,NO APLICA,2,54,3,2,1,02/07/2022,2
13,Georgia,130809,0,0,1,0,89,DEKALB (89),0,NO APLICA,7,Julio,2,2022,4,39,CR-793800,4,Calle del Condado,Urbano,Local,County Highway Agency,0,Sin jurisdiccion especial,12,33.78969444,-84.18379167,Arbol,El primer evento no fue una colision con un vehiculo automotor en transporte,Not an Intersection,No fue interseccion,Sobre el lado de la calle,Ninguna,Oscuro sin iluminacion,Despejado,No,NO APLICA,4,41,5,0,1,02/07/2022,1
13,Georgia,130810,0,0,1,0,153,HOUSTON (153),0,NO APLICA,7,Julio,3,2022,14,8,I-75 NB,1,Interestatal,Rural,Interestatal,State Highway Agency,1,Sin jurisdiccion especial,37,32.34352778,-83.76841111,Volcadura,El primer evento no fue una colision con un vehiculo automotor en transporte,Not an Intersection,No fue interseccion,Sobre el lado de la calle,Ninguna,Dia total,Despejado,No,NO APLICA,14,5,14,21,1,03/07/2022,1
13,Georgia,130811,1,1,1,0,21,BIBB (21),3390,MACON,7,Julio,2,2022,7,6,SR-007400,3,Highway estatal,Urbano,Arteria Menor,State Highway Agency,0,Sin jurisdiccion especial,119,32.82466111,-83.680075,Peaton,El primer evento no fue una colision con un vehiculo automotor en transporte,Not an Intersection,No fue interseccion,Sobre calle,Ninguna,Dia total,Despejado,No,NO APLICA,99,99,99,99,1,02/07/2022,1
13,Georgia,130812,0,0,1,0,195,MADISON (195),1540,DANIELSVILLE,7,Julio,2,2022,19,30,SR-8,3,Highway estatal,Rural,Arteria Menor,State Highway Agency,0,Sin jurisdiccion especial,77,34.10111111,-83.23485,Poste de Señal de trafico,El primer evento no fue una colision con un vehiculo automotor en transporte,Not an Intersection,No fue interseccion,Sobre el lado de la calle,Ninguna,Dia total,lluvia,No,NO APLICA,19,33,19,37,1,02/07/2022,1
13,Georgia,130813,0,0,1,0,31,BULLOCH (31),5170,STATESBORO,7,Julio,2,2022,19,56,CR-044400,4,Calle del Condado,Rural,Local,County Highway Agency,0,Sin jurisdiccion especial,50,32.50128056,-81.67316667,Alguien se cayo/avento del vehiculo,El primer evento no fue una colision con un vehiculo automotor en transporte,Not an Intersection,No fue interseccion,Sobre calle,Ninguna,Dia total,Despejado,No,NO APLICA,20,2,20,17,1,02/07/2022,5
13,Georgia,130814,0,0,1,0,45,CARROLL (45),5935,WHITESBURG,7,Julio,2,2022,22,30,CR-501,4,Calle del Condado,Rural,Local,County Highway Agency,0,Sin jurisdiccion especial,21,33.50074444,-84.86323889,Puente de Ferrocarril,El primer evento no fue una colision con un vehiculo automotor en transporte,Not an Intersection,No fue interseccion,Sobre el lado de la calle,Ninguna,Oscuro sin iluminacion,Despejado,No,NO APLICA,0,21,0,38,1,02/07/2022,1
13,Georgia,130815,0,0,1,0,215,MUSCOGEE (215),1280,COLUMBUS,7,Julio,3,2022,22,35,12TH AVE,8,Otro,Urbano,Colector Mayor,City or Municipal Highway Agency,0,Sin jurisdiccion especial,3,32.48223611,-84.97574722,Arbol,El primer evento no fue una colision con un vehiculo automotor en transporte,Not an Intersection,No fue interseccion,Fuera de la calle,Ninguna,Oscuro con iluminacion,Despejado,No,NO APLICA,22,35,22,39,1,03/07/2022,1
13,Georgia,130816,1,1,1,0,3,ATKINSON (3),4280,PEARSON,7,Julio,4,2022,4,4,SR-520,3,Highway estatal,Rural,Arteria Principal,State Highway Agency,1,Sin jurisdiccion especial,130,31.30561111,-82.89399722,Peaton,El primer evento no fue una colision con un vehiculo automotor en transporte,Not an Intersection,No fue interseccion,Sobre calle,Ninguna,Oscuro sin iluminacion,Nublado,No,NO APLICA,4,4,4,11,1,04/07/2022,3
13,Georgia,130817,0,0,1,0,103,EFFINGHAM (103),4670,RINCON,7,Julio,4,2022,4,19,I-95,1,Interestatal,Urbano,Arterial Principal -Freeway o ExpressWay,State Highway Agency,1,Sin jurisdiccion especial,0,32.23064167,-81.15801111,Objeto que se habia caido del vehiculo,El primer evento no fue una colision con un vehiculo automotor en transporte,Not an Intersection,No fue interseccion,Sobre calle,Ninguna,Oscuro sin iluminacion,Nublado,No,NO APLICA,4,22,4,28,1,04/07/2022,4
13,Georgia,130818,2,2,2,0,89,DEKALB (89),4235,PANTHERSVILLE,7,Julio,4,2022,20,30,I-20,1,Interestatal,Urbano,Arterial Principal -Freeway o ExpressWay,State Highway Agency,1,Sin jurisdiccion especial,67,33.71632778,-84.255075,Vehiculo en movimiento,Frente a frente,Not an Intersection,No fue interseccion,Sobre calle,Ninguna,Dia total,lluvia,No,NO APLICA,20,38,20,58,1,04/07/2022,1
13,Georgia,130819,0,0,1,0,11,BANKS (11),9997,Other,7,Julio,5,2022,0,33,CR-279,4,Calle del Condado,Rural,Local,County Highway Agency,0,Sin jurisdiccion especial,1,34.26069444,-83.48719167,Arbol,El primer evento no fue una colision con un vehiculo automotor en transporte,Not an Intersection,No fue interseccion,Sobre el lado de la calle,Ninguna,Oscuro sin iluminacion,Nublado,No,NO APLICA,0,33,0,42,1,05/07/2022,1
13,Georgia,130820,0,0,1,0,89,DEKALB (89),1610,DECATUR,7,Julio,5,2022,4,10,I-20,1,Interestatal,Urbano,Arterial Principal -Freeway o ExpressWay,State Highway Agency,1,Sin jurisdiccion especial,89,33.71110833,-84.21463889,Valla Ferrocarril,El primer evento no fue una colision con un vehiculo automotor en transporte,Not an Intersection,No fue interseccion,Sobre el lado de la calle,Ninguna,Oscuro sin iluminacion,Despejado,No,NO APLICA,4,19,4,25,1,05/07/2022,9
13,Georgia,130821,0,0,2,0,293,UPSON (293),5450,THOMASTON,7,Julio,5,2022,8,50,SR-3,3,Highway estatal,Urbano,Arteria Principal,State Highway Agency,1,Sin jurisdiccion especial,146,32.88299722,-84.32612778,Vehiculo en movimiento,Frente a Detrás,Not an Intersection,No fue interseccion,Sobre calle,Ninguna,Dia total,Despejado,No,NO APLICA,8,52,8,54,1,05/07/2022,2
13,Georgia,130822,0,0,1,0,259,STEWART (259),4650,RICHLAND,7,Julio,5,2022,16,15,SR-520,3,Highway estatal,Rural,Arteria Principal,State Highway Agency,1,Sin jurisdiccion especial,154,32.02776944,-84.67289167,Volcadura,El primer evento no fue una colision con un vehiculo automotor en transporte,Not an Intersection,No fue interseccion,Sobre el lado de la calle,Ninguna,Dia total,Despejado,No,NO APLICA,16,17,16,25,1,05/07/2022,1
13,Georgia,130823,0,0,2,0,71,COLQUITT (71),3800,MOULTRIE,7,Julio,2,2022,16,19,CR-133,4,Calle del Condado,Urbano,Arteria Principal,County Highway Agency,1,Sin jurisdiccion especial,162,31.19356944,-83.76530278,Vehiculo en movimiento,Angulo,Four-Way Intersection,Interseccion de 4 direcciones,Sobre calle,Ninguna,Dia total,Nublado,Yes,NO APLICA,16,19,16,24,1,02/07/2022,17
13,Georgia,130824,0,0,1,0,265,TALIAFERRO (265),1410,CRAWFORDVILLE,7,Julio,4,2022,1,28,I-20 RAMP,1,Interestatal,Urbano,Arterial Principal -Freeway o ExpressWay,State Highway Agency,1,Sin jurisdiccion especial,1,33.53001389,-82.90720278,Volcadura,El primer evento no fue una colision con un vehiculo automotor en transporte,Not an Intersection,No fue interseccion,Sobre el lado de la calle,Ninguna,Oscuro sin iluminacion,Nublado,No,NO APLICA,1,34,1,54,1,04/07/2022,3
13,Georgia,130825,0,0,2,1,233,POLK (233),1010,CEDARTOWN,7,Julio,4,2022,20,11,CR-436,4,Calle del Condado,Rural,Colector Mayor,County Highway Agency,0,Sin jurisdiccion especial,61,34.05408889,-85.15153611,Otro objeto (fijo),El primer evento no fue una colision con un vehiculo automotor en transporte,Not an Intersection,No fue interseccion,Fuera de la calle,Ninguna,Dia total,Despejado,No,NO APLICA,20,3,20,12,1,04/07/2022,1
13,Georgia,130826,1,1,1,0,153,HOUSTON (153),5790,WARNER ROBINS,7,Julio,5,2022,21,45,SR-247,3,Highway estatal,Urbano,Arteria Principal,State Highway Agency,1,Sin jurisdiccion especial,48,32.61819444,-83.63669722,Peaton,El primer evento no fue una colision con un vehiculo automotor en transporte,Four-Way Intersection,Interseccion de 4 direcciones,Sobre calle,Ninguna,Oscuro con iluminacion,Despejado,No,NO APLICA,21,53,21,55,1,05/07/2022,1
13,Georgia,130827,0,0,3,0,15,BARTOW (15),980,CARTERSVILLE,7,Julio,6,2022,6,15,I-75,1,Interestatal,Urbano,Arterial Principal -Freeway o ExpressWay,State Highway Agency,1,Sin jurisdiccion especial,193,34.27669444,-84.81429167,Vehiculo en movimiento,Frente a Detrás,Not an Intersection,No fue interseccion,Sobre calle,Ninguna,Oscuro con iluminacion,Despejado,No,NO APLICA,6,29,6,59,1,06/07/2022,8
13,Georgia,130828,0,0,1,0,63,CLAYTON (63),2180,FOREST PARK,7,Julio,6,2022,11,24,I-285,1,Interestatal,Urbano,Arterial Principal -Freeway o ExpressWay,State Highway Agency,1,Sin jurisdiccion especial,14,33.63218056,-84.39592222,Zanja,El primer evento no fue una colision con un vehiculo automotor en transporte,Not an Intersection,No fue interseccion,En el medio,Ninguna,Dia total,Despejado,No,NO APLICA,11,24,11,30,1,06/07/2022,1