Estado,Nombre de Estado,Numero de Caso,Peatones,Personas _no_vehiculos,Vehiculos automotores,Vehiculos estacionados,Condado,Nombre Condado,Ciudad,Nombre Ciudad,Mes,Nombre Mes,Dia,Año,Hora,Minuto,Calle,Ruta,Nombre Ruta,Rural o Urbanoo,Sistema Funcional,Dueño Calle,Sistema Nacional Carreteras,Jurisdiccion Especial,Milla,Latitud,Longitud,Causa del Accidente,Tipo de Accidente,Tipo Interseccion,Columna1,Lugar en la calle,Zona de Trabajo,Luz,Clima,Autobus Escolar,Cruce de Trenes,Hora Notificacion,Minuto Notificacion,Hora Llegada,Minuto Llegada,Decesos,Fecha,PersonaVehiculo
13,Georgia,130829,1,2,2,1,63,CLAYTON (63),1993,ELLENWOOD,7,Julio,7,2022,22,20,I-675,1,Interestatal,Urbano,Arterial Principal -Freeway o ExpressWay,State Highway Agency,1,Sin jurisdiccion especial,61,33.63120556,-84.301475,Peaton,El primer evento no fue una colision con un vehiculo automotor en transporte,Not an Intersection,No fue interseccion,Sobre Acotamiento,Ninguna,Oscuro sin iluminacion,Despejado,No,NO APLICA,22,23,22,30,1,07/07/2022,1
13,Georgia,130830,0,0,2,0,277,TIFT (277),5490,TIFTON,7,Julio,8,2022,0,10,SR-520,3,Highway estatal,Rural,Arteria Principal,State Highway Agency,1,Sin jurisdiccion especial,34,31.45964167,-83.61143056,Vehiculo en movimiento,Frente a frente,Not an Intersection,No fue interseccion,Sobre calle,Ninguna,Oscuro sin iluminacion,Nublado,No,NO APLICA,0,21,0,31,1,08/07/2022,4
13,Georgia,130831,0,0,2,0,115,FLOYD (115),4760,ROME,7,Julio,8,2022,22,12,SR-101,3,Highway estatal,Urbano,Arteria Menor,State Highway Agency,0,Sin jurisdiccion especial,96,34.22507778,-85.15934167,Vehiculo en movimiento,Frente a Detrás,T-Intersection,Interseccion de T,Sobre calle,Ninguna,Oscuro con iluminacion,Despejado,No,NO APLICA,22,14,22,18,1,08/07/2022,2
13,Georgia,130832,0,0,2,0,93,DOOLY (93),5720,VIENNA,7,Julio,1,2022,4,25,I-75,1,Interestatal,Urbano,Arterial Principal -Freeway o ExpressWay,State Highway Agency,1,Sin jurisdiccion especial,29,32.07189444,-83.763275,Vehiculo en movimiento,Golpe Lateral - misma direccion,Not an Intersection,No fue interseccion,Sobre calle,Ninguna,Oscuro con iluminacion,Despejado,No,NO APLICA,4,23,4,32,1,01/07/2022,7
13,Georgia,130833,0,0,6,0,39,CAMDEN (39),3010,KINGSLAND,7,Julio,1,2022,14,30,I-95,1,Interestatal,Urbano,Arterial Principal -Freeway o ExpressWay,State Highway Agency,1,Sin jurisdiccion especial,7,30.75549444,-81.65166944,Vehiculo en movimiento,Golpe Lateral - misma direccion,Not an Intersection,No fue interseccion,Sobre calle,Ninguna,Dia total,Nublado,No,NO APLICA,14,31,14,41,4,01/07/2022,14
13,Georgia,130834,0,0,2,0,113,FAYETTE (113),5610,TYRONE,7,Julio,1,2022,16,32,SR-74,3,Highway estatal,Urbano,Arteria Principal,State Highway Agency,1,Sin jurisdiccion especial,49,33.45437222,-84.58879444,Vehiculo en movimiento,Angulo,Four-Way Intersection,Interseccion de 4 direcciones,Sobre calle,Ninguna,Dia total,Nublado,No,NO APLICA,16,23,16,39,1,01/07/2022,3
13,Georgia,130835,0,0,1,0,57,CHEROKEE (57),6040,WOODSTOCK,7,Julio,4,2022,15,23,CS-N VICTORIA RD,5,Calle Local - Pueblo,Urbano,Local,City or Municipal Highway Agency,0,Sin jurisdiccion especial,0,34.15781389,-84.59702778,Volcadura,El primer evento no fue una colision con un vehiculo automotor en transporte,Not an Intersection,No fue interseccion,Sobre calle,Ninguna,Dia total,Despejado,No,NO APLICA,15,24,15,34,1,04/07/2022,2
13,Georgia,130836,0,0,1,0,191,MCINTOSH (191),9997,Other,7,Julio,6,2022,13,38,CR-129,4,Calle del Condado,Rural,Colector Menor,County Highway Agency,0,Sin jurisdiccion especial,41,31.65466944,-81.49954167,Culvert,El primer evento no fue una colision con un vehiculo automotor en transporte,Not an Intersection,No fue interseccion,Sobre el lado de la calle,Ninguna,Dia total,Nublado,No,NO APLICA,13,43,14,2,1,06/07/2022,1
13,Georgia,130838,0,0,1,0,313,WHITFIELD (313),1510,DALTON,7,Julio,8,2022,0,17,CS-LAKE FRANCIS RD,5,Calle Local - Pueblo,Rural,Colector Menor,City or Municipal Highway Agency,0,Sin jurisdiccion especial,19,34.88408889,-84.91740556,Zanja,El primer evento no fue una colision con un vehiculo automotor en transporte,Not an Intersection,No fue interseccion,Sobre el lado de la calle,Ninguna,Oscuro sin iluminacion,Nublado,No,NO APLICA,0,13,0,22,1,08/07/2022,2
13,Georgia,130839,0,0,1,0,151,HENRY (151),3360,MCDONOUGH,7,Julio,9,2022,0,13,SR-20,3,Highway estatal,Urbano,Arteria Menor,State Highway Agency,0,Sin jurisdiccion especial,59,33.46984722,-84.11668056,Culvert,El primer evento no fue una colision con un vehiculo automotor en transporte,Not an Intersection,No fue interseccion,Sobre el lado de la calle,Ninguna,Oscuro sin iluminacion,Nublado,No,NO APLICA,0,16,0,23,1,09/07/2022,2
13,Georgia,130840,0,0,1,0,125,GLASCOCK (125),2340,GIBSON,7,Julio,8,2022,18,13,CR-114,4,Calle del Condado,Rural,Colector Mayor,County Highway Agency,0,Sin jurisdiccion especial,17,33.24749722,-82.54840833,Poste de Señal de trafico,El primer evento no fue una colision con un vehiculo automotor en transporte,Not an Intersection,No fue interseccion,Sobre el lado de la calle,Ninguna,Dia total,Despejado,No,NO APLICA,18,15,19,0,1,08/07/2022,1
13,Georgia,130841,0,0,1,0,241,RABUN (241),9997,Other,7,Julio,9,2022,0,40,CS-BALD MOUNTAIN RD,5,Calle Local - Pueblo,Rural,Colector Menor,City or Municipal Highway Agency,0,Sin jurisdiccion especial,0,34.99498333,-83.33289444,Poste o otros soportes,El primer evento no fue una colision con un vehiculo automotor en transporte,Not an Intersection,No fue interseccion,Sobre el lado de la calle,Ninguna,Oscuro sin iluminacion,Nublado,No,NO APLICA,0,45,1,8,1,09/07/2022,1
13,Georgia,130842,1,1,1,0,15,BARTOW (15),980,CARTERSVILLE,7,Julio,9,2022,15,40,CS-ROWLAND SPRINGS RD,5,Calle Local - Pueblo,Urbano,Colector Mayor,City or Municipal Highway Agency,0,Sin jurisdiccion especial,6,34.1808,-84.78472778,Ciclista,El primer evento no fue una colision con un vehiculo automotor en transporte,Not an Intersection,No fue interseccion,Sobre calle,Ninguna,Dia total,Despejado,No,NO APLICA,15,42,15,42,1,09/07/2022,1
13,Georgia,130843,0,0,4,0,89,DEKALB (89),5580,TUCKER,7,Julio,10,2022,17,17,CS-MEMORIAL DR,5,Calle Local - Pueblo,Urbano,Arteria Principal,City or Municipal Highway Agency,1,Sin jurisdiccion especial,95,33.80064722,-84.21278611,Vehiculo en movimiento,Golpe Lateral - misma direccion,Not an Intersection,No fue interseccion,Sobre calle,Ninguna,Dia total,Despejado,No,NO APLICA,19,20,19,50,1,10/07/2022,6
13,Georgia,130844,0,0,1,0,119,FRANKLIN (119),900,CANON,7,Julio,11,2022,12,29,CR-1128,4,Calle del Condado,Rural,Local,County Highway Agency,0,Sin jurisdiccion especial,5,34.38649722,-83.12584444,Arbol,El primer evento no fue una colision con un vehiculo automotor en transporte,Not an Intersection,No fue interseccion,Sobre el lado de la calle,Ninguna,Dia total,Nublado,No,NO APLICA,12,29,12,37,1,11/07/2022,3
13,Georgia,130845,1,1,1,0,121,FULTON (121),280,ATLANTA,6,Junio,18,2022,19,57,SR-139,3,Highway estatal,Urbano,Arteria Menor,State Highway Agency,0,Sin jurisdiccion especial,152,33.75843889,-84.50395278,Peaton,El primer evento no fue una colision con un vehiculo automotor en transporte,Not an Intersection,No fue interseccion,Sobre calle,Ninguna,Dia total,Despejado,No,NO APLICA,20,5,20,19,1,18/06/2022,4
13,Georgia,130846,1,1,1,0,67,COBB (67),3440,MARIETTA,6,Junio,18,2022,23,4,CS-121813,6,Calle Local Municipalidad,Urbano,Local,City or Municipal Highway Agency,0,Sin jurisdiccion especial,3,33.9483,-84.55398056,Peaton,El primer evento no fue una colision con un vehiculo automotor en transporte,Not an Intersection,No fue interseccion,Sobre calle,Ninguna,Oscuro sin iluminacion,Despejado,No,NO APLICA,23,5,23,10,1,18/06/2022,1
13,Georgia,130847,0,0,3,0,51,CHATHAM (51),4910,SAVANNAH,7,Julio,5,2022,1,7,SR-204,3,Highway estatal,Urbano,Arteria Principal,State Highway Agency,1,Sin jurisdiccion especial,213,32.02821111,-81.10811667,Vehiculo en movimiento,Angulo,Four-Way Intersection,Interseccion de 4 direcciones,Sobre calle,Ninguna,Oscuro con iluminacion,Despejado,No,NO APLICA,1,16,1,20,1,05/07/2022,4
13,Georgia,130848,0,0,1,0,157,JACKSON (157),3980,NICHOLSON,7,Julio,10,2022,18,39,CS-OLD KINGS BRIDGE RD,5,Calle Local - Pueblo,Rural,Colector Menor,City or Municipal Highway Agency,0,Sin jurisdiccion especial,26,34.07105278,-83.45241667,Arbol,El primer evento no fue una colision con un vehiculo automotor en transporte,Not an Intersection,No fue interseccion,Fuera de la calle,Ninguna,Dia total,Nublado,No,NO APLICA,18,42,18,49,1,10/07/2022,1
13,Georgia,130849,0,0,1,0,63,CLAYTON (63),2180,FOREST PARK,7,Julio,11,2022,22,16,I-75 RAMP,1,Interestatal,Urbano,Arterial Principal -Freeway o ExpressWay,State Highway Agency,1,Sin jurisdiccion especial,0,33.63209167,-84.40481111,Volcadura,El primer evento no fue una colision con un vehiculo automotor en transporte,Not an Intersection,No fue interseccion,Sobre el lado de la calle,Ninguna,Oscuro sin iluminacion,Despejado,No,NO APLICA,22,17,23,0,1,11/07/2022,1
13,Georgia,130852,0,0,1,0,273,TERRELL (273),0,NO APLICA,6,Junio,4,2022,21,42,CR-016500 BETTY WISE RD,4,Calle del Condado,Rural,Colector Mayor,County Highway Agency,0,Sin jurisdiccion especial,7,31.81325278,-84.34935833,Arbol,El primer evento no fue una colision con un vehiculo automotor en transporte,Not an Intersection,No fue interseccion,Sobre el lado de la calle,Ninguna,Oscuro sin iluminacion,Despejado,No,NO APLICA,21,43,21,53,1,04/06/2022,3
13,Georgia,130853,1,1,1,0,67,COBB (67),2080,FAIR OAKS,7,Julio,3,2022,1,43,CS-AUSTELL RD,5,Calle Local - Pueblo,Urbano,Arteria Menor,City or Municipal Highway Agency,0,Sin jurisdiccion especial,101,33.91771111,-84.55061111,Peaton,El primer evento no fue una colision con un vehiculo automotor en transporte,Not an Intersection,No fue interseccion,Sobre calle,Ninguna,Oscuro sin iluminacion,Despejado,No,NO APLICA,1,43,1,48,1,03/07/2022,1
13,Georgia,130854,1,1,2,0,113,FAYETTE (113),2110,FAYETTEVILLE,7,Julio,8,2022,22,26,CS-INMAN RD,5,Calle Local - Pueblo,Urbano,Arteria Menor,City or Municipal Highway Agency,0,Sin jurisdiccion especial,17,33.401725,-84.40996944,Peaton,El primer evento no fue una colision con un vehiculo automotor en transporte,Not an Intersection,No fue interseccion,Sobre calle,Ninguna,Oscuro sin iluminacion,Nublado,No,NO APLICA,22,26,22,36,1,08/07/2022,2
13,Georgia,130855,0,0,2,0,31,BULLOCH (31),5170,STATESBORO,7,Julio,9,2022,1,25,CS-FAIR RD,5,Calle Local - Pueblo,Urbano,Arteria Menor,City or Municipal Highway Agency,0,Sin jurisdiccion especial,189,32.43070556,-81.77938889,Vehiculo en movimiento,Angulo,Not an Intersection,No fue interseccion,Sobre calle,Ninguna,Oscuro con iluminacion,lluvia,No,NO APLICA,1,28,1,32,1,09/07/2022,2
13,Georgia,130856,0,0,1,0,199,MERIWETHER (199),5780,WARM SPRINGS,7,Julio,9,2022,12,27,SR-85,3,Highway estatal,Rural,Arteria Menor,State Highway Agency,0,Sin jurisdiccion especial,31,32.87958056,-84.68001111,Poste,El primer evento no fue una colision con un vehiculo automotor en transporte,Not an Intersection,No fue interseccion,Sobre el lado de la calle,Ninguna,Dia total,lluvia,No,NO APLICA,12,29,12,35,1,09/07/2022,2
13,Georgia,130857,1,1,1,0,313,WHITFIELD (313),4738,ROCKY FACE,7,Julio,11,2022,22,20,SR-201,3,Highway estatal,Rural,Arteria Principal,State Highway Agency,0,Sin jurisdiccion especial,0,34.804725,-85.03895556,Peaton,El primer evento no fue una colision con un vehiculo automotor en transporte,Not an Intersection,No fue interseccion,Sobre calle,Ninguna,Oscuro sin iluminacion,Nublado,No,NO APLICA,22,24,22,34,1,11/07/2022,1
13,Georgia,130858,0,0,2,0,297,WALTON (297),3230,LOGANVILLE,7,Julio,14,2022,7,39,SR-81,3,Highway estatal,Urbano,Arteria Menor,State Highway Agency,0,Sin jurisdiccion especial,156,33.879225,-83.83491389,Vehiculo en movimiento,Frente a frente,Not an Intersection,No fue interseccion,Sobre calle,Ninguna,Dia total,Nublado,No,NO APLICA,7,41,7,53,1,14/07/2022,2
13,Georgia,130859,0,0,2,0,67,COBB (67),0,NO APLICA,3,Marzo,13,2022,9,34,I-20,1,Interestatal,Urbano,Interestatal,State Highway Agency,1,Sin jurisdiccion especial,1,33.776625,-84.5997,Vehiculo en movimiento,Frente a Detrás,Not an Intersection,No fue interseccion,Sobre calle,Ninguna,Dia total,Despejado,No,NO APLICA,99,98,99,98,1,13/03/2022,2
13,Georgia,130860,0,0,2,0,67,COBB (67),2990,KENNESAW,6,Junio,23,2022,10,40,SR-5CO ERNEST BARRETT PKWY,3,Highway estatal,Urbano,Arteria Principal,State Highway Agency,1,Sin jurisdiccion especial,8,34.00576944,-84.57488056,Vehiculo en movimiento,Angulo,Four-Way Intersection,Interseccion de 4 direcciones,Sobre calle,Ninguna,Dia total,Despejado,No,NO APLICA,10,41,10,54,1,23/06/2022,3
13,Georgia,130861,0,0,2,0,131,GRADY (131),850,CAIRO,7,Julio,3,2022,0,53,SR-111,3,Highway estatal,Rural,Arteria Menor,State Highway Agency,0,Sin jurisdiccion especial,99,30.78904167,-84.26878056,Vehiculo en movimiento,Frente a frente,Not an Intersection,No fue interseccion,Sobre calle,Ninguna,Oscuro sin iluminacion,Despejado,No,NO APLICA,0,53,1,10,1,03/07/2022,2
13,Georgia,130862,0,0,2,0,121,FULTON (121),2060,FAIRBURN,7,Julio,4,2022,4,20,I-85,1,Interestatal,Urbano,Arterial Principal -Freeway o ExpressWay,State Highway Agency,1,Sin jurisdiccion especial,29,33.53823611,-84.59265,Vehiculo en movimiento,Frente a Detrás,Not an Intersection,No fue interseccion,Sobre calle,Ninguna,Oscuro sin iluminacion,Nublado,No,NO APLICA,4,30,4,45,1,04/07/2022,2
13,Georgia,130863,0,0,1,0,85,DAWSON (85),1590,DAWSONVILLE,7,Julio,9,2022,18,18,CS-WAR HILL PARK RD,5,Calle Local - Pueblo,Rural,Colector Menor,City or Municipal Highway Agency,0,Sin jurisdiccion especial,27,34.34183889,-83.98394167,Arbol,El primer evento no fue una colision con un vehiculo automotor en transporte,Not an Intersection,No fue interseccion,Sobre el lado de la calle,Ninguna,Dia total,Despejado,No,NO APLICA,18,22,18,36,1,09/07/2022,2
13,Georgia,130864,0,0,1,0,77,COWETA (77),3950,NEWNAN,7,Julio,10,2022,1,3,CS-SMOKEY RD,5,Calle Local - Pueblo,Rural,Colector Mayor,City or Municipal Highway Agency,0,Sin jurisdiccion especial,25,33.29289722,-84.93081667,Volcadura,El primer evento no fue una colision con un vehiculo automotor en transporte,Not an Intersection,No fue interseccion,Fuera de la calle,Ninguna,Oscuro sin iluminacion,Nublado,No,NO APLICA,1,6,1,18,1,10/07/2022,1
13,Georgia,130865,0,0,2,0,87,DECATUR (87),370,BAINBRIDGE,7,Julio,11,2022,5,44,SR-1,3,Highway estatal,Rural,Arteria Principal,State Highway Agency,1,Sin jurisdiccion especial,99998,30.81981667,-84.52331667,Vehiculo en movimiento,Angulo,Four-Way Intersection,Interseccion de 4 direcciones,Sobre calle,Ninguna,Oscuro sin iluminacion,Nublado,No,NO APLICA,6,12,6,55,1,11/07/2022,2
13,Georgia,130866,0,0,1,0,183,LONG (183),9997,Other,7,Julio,12,2022,8,31,CR-1270,4,Calle del Condado,Rural,Colector Menor,County Highway Agency,0,Sin jurisdiccion especial,35,31.87061111,-81.87801111,Arbol,El primer evento no fue una colision con un vehiculo automotor en transporte,Not an Intersection,No fue interseccion,Fuera de la calle,Ninguna,Dia total,Nublado,No,NO APLICA,8,40,8,59,1,12/07/2022,1
13,Georgia,130868,0,0,2,0,73,COLUMBIA (73),2515,GROVETOWN,7,Julio,12,2022,19,4,I-20,1,Interestatal,Rural,Arterial Principal -Freeway o ExpressWay,State Highway Agency,1,Sin jurisdiccion especial,70,33.49241111,-82.27950278,Vehiculo en movimiento,Frente a Detrás,Not an Intersection,No fue interseccion,Sobre calle,Ninguna,Dia total,Nublado,No,NO APLICA,19,9,19,20,1,12/07/2022,2
13,Georgia,130869,0,0,1,0,157,JACKSON (157),3980,NICHOLSON,7,Julio,13,2022,5,40,SR-15,3,Highway estatal,Rural,Arteria Principal,State Highway Agency,1,Sin jurisdiccion especial,26,34.01959444,-83.49482778,Arbol,El primer evento no fue una colision con un vehiculo automotor en transporte,Not an Intersection,No fue interseccion,Fuera de la calle,Ninguna,Oscuro sin iluminacion,Nublado,No,NO APLICA,5,43,5,52,1,13/07/2022,1
13,Georgia,130871,0,0,2,0,315,WILCOX (315),10,ABBEVILLE,7,Julio,13,2022,13,26,SR-215,3,Highway estatal,Rural,Arteria Menor,State Highway Agency,0,Sin jurisdiccion especial,193,31.9113,-83.39316667,Vehiculo en movimiento,Angulo,Not an Intersection,No fue interseccion,Sobre calle,Ninguna,Dia total,Nublado,No,NO APLICA,13,28,13,33,1,13/07/2022,4
13,Georgia,130872,0,0,1,0,89,DEKALB (89),5220,STONE MOUNTAIN,7,Julio,13,2022,23,38,CR-5189,4,Calle del Condado,Urbano,Arteria Menor,County Highway Agency,0,Sin jurisdiccion especial,25,33.78596389,-84.11488611,Poste o otros soportes,El primer evento no fue una colision con un vehiculo automotor en transporte,Not an Intersection,No fue interseccion,Sobre el lado de la calle,Ninguna,Oscuro con iluminacion,Despejado,No,NO APLICA,99,98,99,98,1,13/07/2022,1
13,Georgia,130873,0,0,2,0,47,CATOOSA (47),4680,RINGGOLD,7,Julio,14,2022,15,10,CS-HOLCOMB RD,5,Calle Local - Pueblo,Urbano,Colector Mayor,City or Municipal Highway Agency,0,Sin jurisdiccion especial,7,34.89551389,-85.14468611,Vehiculo en movimiento,Frente a frente,Not an Intersection,No fue interseccion,Sobre calle,Ninguna,Dia total,Despejado,No,NO APLICA,15,12,15,15,1,14/07/2022,6
13,Georgia,130874,0,0,2,0,95,DOUGHERTY (95),90,ALBANY,7,Julio,14,2022,15,28,SR-19,3,Highway estatal,Urbano,Arteria Principal,State Highway Agency,0,Sin jurisdiccion especial,125,31.605125,-84.1526,Vehiculo en movimiento,Angulo,Not an Intersection,No fue interseccion,Sobre calle,Ninguna,Dia total,lluvia,No,NO APLICA,15,30,15,37,1,14/07/2022,2
13,Georgia,130877,1,1,1,0,89,DEKALB (89),1610,DECATUR,7,Julio,17,2022,2,40,CR-5190,4,Calle del Condado,Urbano,Arteria Principal,County Highway Agency,1,Sin jurisdiccion especial,53,33.71881111,-84.21049722,Peaton,El primer evento no fue una colision con un vehiculo automotor en transporte,Not an Intersection,No fue interseccion,Sobre calle,Ninguna,Oscuro sin iluminacion,Despejado,No,NO APLICA,99,98,99,98,1,17/07/2022,1
13,Georgia,130878,0,0,1,0,79,CRAWFORD (79),3032,KNOXVILLE,7,Julio,17,2022,18,20,SR-42,3,Highway estatal,Rural,Colector Mayor,State Highway Agency,0,Sin jurisdiccion especial,126,32.718175,-83.97300278,Volcadura,El primer evento no fue una colision con un vehiculo automotor en transporte,Not an Intersection,No fue interseccion,Sobre el lado de la calle,Ninguna,Dia total,Despejado,No,NO APLICA,18,30,18,36,1,17/07/2022,1
13,Georgia,130879,1,1,1,0,51,CHATHAM (51),4910,SAVANNAH,7,Julio,17,2022,18,44,STALEY AVE,6,Calle Local Municipalidad,Urbano,Local,City or Municipal Highway Agency,0,Sin jurisdiccion especial,1,32.03398611,-81.11530833,Otra no colicion,El primer evento no fue una colision con un vehiculo automotor en transporte,Not an Intersection,No fue interseccion,Sobre calle,Ninguna,Dia total,Despejado,No,NO APLICA,18,46,18,54,1,17/07/2022,4
13,Georgia,130880,1,1,1,0,121,FULTON (121),4790,ROSWELL,7,Julio,13,2022,8,54,CS-339317 OLD ALABAMA RD,5,Calle Local - Pueblo,Urbano,Arteria Menor,City or Municipal Highway Agency,0,Sin jurisdiccion especial,4,34.01581111,-84.32250278,Peaton,El primer evento no fue una colision con un vehiculo automotor en transporte,T-Intersection,Interseccion de T,Sobre calle,Ninguna,Dia total,Nublado,No,NO APLICA,8,54,8,59,1,13/07/2022,1
13,Georgia,130881,1,1,2,0,21,BIBB (21),3390,MACON,7,Julio,1,2022,23,58,CS-EISENHOWER PKWY,5,Calle Local - Pueblo,Urbano,Arteria Principal,City or Municipal Highway Agency,0,Sin jurisdiccion especial,0,32.814025,-83.65069444,Peaton,El primer evento no fue una colision con un vehiculo automotor en transporte,Not an Intersection,No fue interseccion,Sobre calle,Ninguna,Oscuro sin iluminacion,Despejado,No,NO APLICA,23,59,0,9,1,01/07/2022,3
13,Georgia,130882,0,0,2,0,47,CATOOSA (47),4680,RINGGOLD,7,Julio,15,2022,15,15,SR-2,3,Highway estatal,Urbano,Arteria Principal,State Highway Agency,1,Sin jurisdiccion especial,56,34.93003333,-85.17188333,Vehiculo en movimiento,Angulo,Four-Way Intersection,Interseccion de 4 direcciones,Sobre calle,Ninguna,Dia total,Despejado,No,NO APLICA,15,16,15,19,2,15/07/2022,7
13,Georgia,130883,0,0,2,0,151,HENRY (151),3220,LOCUST GROVE,7,Julio,16,2022,22,50,CR-650,4,Calle del Condado,Urbano,Arteria Menor,County Highway Agency,0,Sin jurisdiccion especial,59,33.36035,-84.17099444,Vehiculo en movimiento,Frente a frente,Not an Intersection,No fue interseccion,Sobre calle,Ninguna,Dia total,Nublado,No,NO APLICA,23,3,23,50,1,16/07/2022,2
13,Georgia,130884,0,0,1,0,153,HOUSTON (153),2985,KATHLEEN,7,Julio,17,2022,1,30,SR-127,3,Highway estatal,Urbano,Arteria Principal,State Highway Agency,1,Sin jurisdiccion especial,115,32.49994167,-83.66403889,Banqueta,El primer evento no fue una colision con un vehiculo automotor en transporte,Not an Intersection,No fue interseccion,En el medio,Ninguna,Oscuro sin iluminacion,Despejado,No,NO APLICA,1,30,1,32,1,17/07/2022,2
13,Georgia,130885,0,0,1,0,121,FULTON (121),280,ATLANTA,7,Julio,17,2022,1,58,I-75,1,Interestatal,Urbano,Arterial Principal -Freeway o ExpressWay,State Highway Agency,1,Sin jurisdiccion especial,38,33.70218333,-84.40435556,Poste de Señal de trafico,El primer evento no fue una colision con un vehiculo automotor en transporte,Not an Intersection,No fue interseccion,Gore?,Ninguna,Oscuro con iluminacion,Despejado,No,NO APLICA,1,59,2,3,1,17/07/2022,1
13,Georgia,130886,1,1,1,0,55,CHATTOOGA (55),5260,SUMMERVILLE,7,Julio,18,2022,21,50,SR-1,3,Highway estatal,Urbano,Arteria Principal,State Highway Agency,1,Sin jurisdiccion especial,128,34.51334444,-85.32029722,Peaton,El primer evento no fue una colision con un vehiculo automotor en transporte,Not an Intersection,No fue interseccion,Sobre calle,Ninguna,Dia total,Despejado,No,NO APLICA,21,50,21,54,1,18/07/2022,1
13,Georgia,130887,0,0,2,0,135,GWINNETT (135),0,NO APLICA,1,Enero,21,2022,15,9,SR-124,3,Highway estatal,Urbano,Arteria Menor,State Highway Agency,0,Sin jurisdiccion especial,99998,34.06979722,-83.911575,Vehiculo en movimiento,Angulo,T-Intersection,Interseccion de T,Sobre calle,Ninguna,Dia total,Despejado,No,NO APLICA,15,14,15,18,1,21/01/2022,2
13,Georgia,130888,0,0,1,0,121,FULTON (121),280,ATLANTA,7,Julio,5,2022,6,7,CS-RALPH D ABERNATHY BLVD,5,Calle Local - Pueblo,Urbano,Arteria Menor,City or Municipal Highway Agency,0,Sin jurisdiccion especial,104,33.73898333,-84.4334,Banqueta,El primer evento no fue una colision con un vehiculo automotor en transporte,Not an Intersection,No fue interseccion,Sobre el lado de la calle,Ninguna,Amanecer,Despejado,No,NO APLICA,6,7,6,12,1,05/07/2022,1
13,Georgia,130889,1,1,1,0,89,DEKALB (89),280,ATLANTA,7,Julio,5,2022,22,0,CD-BOULDERCREST RD,5,Calle Local - Pueblo,Urbano,Arteria Menor,City or Municipal Highway Agency,0,Sin jurisdiccion especial,27,33.67330833,-84.30874722,Ciclista,El primer evento no fue una colision con un vehiculo automotor en transporte,Not an Intersection,No fue interseccion,Sobre calle,Ninguna,Oscuro sin iluminacion,Despejado,No,NO APLICA,22,1,22,2,1,05/07/2022,2
13,Georgia,130890,0,0,1,0,121,FULTON (121),280,ATLANTA,7,Julio,16,2022,17,48,SR-13,3,Highway estatal,Urbano,Arteria Principal,State Highway Agency,1,Sin jurisdiccion especial,3,33.79637222,-84.39291944,Barrera de Trafico de Concreto,El primer evento no fue una colision con un vehiculo automotor en transporte,Not an Intersection,No fue interseccion,Sobre el lado de la calle,Ninguna,Dia total,Despejado,No,NO APLICA,17,55,18,26,1,16/07/2022,1
13,Georgia,130891,0,0,1,0,241,RABUN (241),1170,CLAYTON,7,Julio,18,2022,18,45,SR-28,3,Highway estatal,Rural,Colector Mayor,State Highway Agency,0,Sin jurisdiccion especial,22,34.94039722,-83.1901,Acotamiento,El primer evento no fue una colision con un vehiculo automotor en transporte,Not an Intersection,No fue interseccion,Sobre el lado de la calle,Ninguna,Dia total,lluvia,No,NO APLICA,18,44,19,5,1,18/07/2022,1
13,Georgia,130892,0,0,1,0,223,PAULDING (223),1500,DALLAS,7,Julio,3,2022,14,55,CR-34,4,Calle del Condado,Urbano,Local,County Highway Agency,0,Sin jurisdiccion especial,10,33.93258056,-84.77539167,Arbol,El primer evento no fue una colision con un vehiculo automotor en transporte,Not an Intersection,No fue interseccion,Sobre el lado de la calle,Ninguna,Dia total,Nublado,No,NO APLICA,14,56,15,2,1,03/07/2022,1
13,Georgia,130893,0,0,1,0,67,COBB (67),0,NO APLICA,3,Marzo,29,2022,20,31,CR-234500,4,Calle del Condado,Urbano,Local,County Highway Agency,0,Sin jurisdiccion especial,7,33.82873889,-84.61956944,Culvert,El primer evento no fue una colision con un vehiculo automotor en transporte,Not an Intersection,No fue interseccion,Sobre el lado de la calle,Ninguna,Oscuro con iluminacion,Despejado,No,NO APLICA,20,34,20,46,1,29/03/2022,4
13,Georgia,130894,0,0,1,0,117,FORSYTH (117),9997,Other,7,Julio,3,2022,21,4,CS-OLD ATLANTA RD,5,Calle Local - Pueblo,Urbano,Arteria Menor,City or Municipal Highway Agency,0,Sin jurisdiccion especial,9,34.06879722,-84.13238333,Valla Ferrocarril,El primer evento no fue una colision con un vehiculo automotor en transporte,Not an Intersection,No fue interseccion,Sobre el lado de la calle,Ninguna,Oscuro sin iluminacion,Nublado,No,NO APLICA,21,6,21,11,1,03/07/2022,1
13,Georgia,130895,0,0,1,0,151,HENRY (151),3360,MCDONOUGH,7,Julio,9,2022,23,55,CS-RACETRAK RD,5,Calle Local - Pueblo,Urbano,Arteria Menor,City or Municipal Highway Agency,0,Sin jurisdiccion especial,0,33.4305,-84.12310556,Arbol,El primer evento no fue una colision con un vehiculo automotor en transporte,Not an Intersection,No fue interseccion,Sobre el lado de la calle,Ninguna,Oscuro sin iluminacion,Nublado,No,NO APLICA,0,2,0,8,1,09/07/2022,1
13,Georgia,130896,0,0,2,0,207,MONROE (207),2190,FORSYTH,7,Julio,11,2022,20,35,CS-ZEBULON RD,5,Calle Local - Pueblo,Rural,Colector Mayor,City or Municipal Highway Agency,0,Sin jurisdiccion especial,0,32.90695556,-83.88562778,Vehiculo en movimiento,Frente a frente,Not an Intersection,No fue interseccion,Sobre calle,Ninguna,Dia total,Nublado,No,NO APLICA,99,99,99,99,1,11/07/2022,3