Estado,Nombre de Estado,Numero de Caso,Peatones,Personas _no_vehiculos,Vehiculos automotores,Vehiculos estacionados,Condado,Nombre Condado,Ciudad,Nombre Ciudad,Mes,Nombre Mes,Dia,Año,Hora,Minuto,Calle,Ruta,Nombre Ruta,Rural o Urbanoo,Sistema Funcional,Dueño Calle,Sistema Nacional Carreteras,Jurisdiccion Especial,Milla,Latitud,Longitud,Causa del Accidente,Tipo de Accidente,Tipo Interseccion,Columna1,Lugar en la calle,Zona de Trabajo,Luz,Clima,Autobus Escolar,Cruce de Trenes,Hora Notificacion,Minuto Notificacion,Hora Llegada,Minuto Llegada,Decesos,Fecha,PersonaVehiculo
13,Georgia,130897,0,0,3,0,69,COFFEE (69),5872,WEST GREEN,7,Julio,21,2022,10,51,SR-31,3,Highway estatal,Rural,Arteria Menor,State Highway Agency,0,Sin jurisdiccion especial,207,31.62068611,-82.73449167,Vehiculo en movimiento,Frente a Detrás,Not an Intersection,No fue interseccion,Sobre calle,Construccion,Dia total,Despejado,No,NO APLICA,10,54,11,9,1,21/07/2022,4
13,Georgia,130898,0,0,5,0,57,CHEROKEE (57),2770,HOLLY SPRINGS,7,Julio,14,2022,16,24,I-575,1,Interestatal,Urbano,Arterial Principal -Freeway o ExpressWay,State Highway Agency,1,Sin jurisdiccion especial,52,34.14643056,-84.51639167,Vehiculo en movimiento,Frente a Detrás,Not an Intersection,No fue interseccion,Sobre calle,Ninguna,Dia total,Despejado,No,NO APLICA,16,26,16,31,1,14/07/2022,7
13,Georgia,130899,0,0,2,0,117,FORSYTH (117),1440,CUMMING,7,Julio,14,2022,21,54,SR-20,3,Highway estatal,Urbano,Arteria Principal,State Highway Agency,0,Sin jurisdiccion especial,37,34.23957778,-84.19359167,Vehiculo en movimiento,Frente a frente,T-Intersection,Interseccion de T,Sobre calle,Ninguna,Oscuro sin iluminacion,Despejado,No,NO APLICA,21,55,22,1,1,14/07/2022,2
13,Georgia,130900,1,1,1,0,97,DOUGLAS (97),1770,DOUGLASVILLE,7,Julio,16,2022,21,42,CS-CHAPEL HILL RD,5,Calle Local - Pueblo,Urbano,Arteria Menor,City or Municipal Highway Agency,0,Sin jurisdiccion especial,42,33.68099722,-84.71593889,Ciclista,El primer evento no fue una colision con un vehiculo automotor en transporte,Not an Intersection,No fue interseccion,Sobre calle,Ninguna,Oscuro sin iluminacion,Despejado,No,NO APLICA,21,50,21,56,1,16/07/2022,1
13,Georgia,130901,0,0,1,0,273,TERRELL (273),1580,DAWSON,7,Julio,17,2022,6,40,SR-520,3,Highway estatal,Rural,Arteria Principal,State Highway Agency,1,Sin jurisdiccion especial,159,31.73545278,-84.40252222,Zanja,El primer evento no fue una colision con un vehiculo automotor en transporte,Not an Intersection,No fue interseccion,En el medio,Ninguna,Dia total,Despejado,No,NO APLICA,6,50,6,58,1,17/07/2022,1
13,Georgia,130902,0,0,2,0,211,MORGAN (211),3400,MADISON,7,Julio,17,2022,8,5,SR-24,3,Highway estatal,Rural,Arteria Principal,State Highway Agency,1,Sin jurisdiccion especial,56,33.52820278,-83.44435556,Vehiculo en movimiento,Frente a frente,Not an Intersection,No fue interseccion,Sobre calle,Ninguna,Dia total,Despejado,No,NO APLICA,8,7,8,10,1,17/07/2022,2
13,Georgia,130903,1,1,1,0,153,HOUSTON (153),4340,PERRY,7,Julio,18,2022,9,16,SR-224,3,Highway estatal,Urbano,Arteria Principal,State Highway Agency,1,Sin jurisdiccion especial,69,32.43799722,-83.72639444,Ciclista,El primer evento no fue una colision con un vehiculo automotor en transporte,Not an Intersection,No fue interseccion,Sobre calle,Ninguna,Dia total,Despejado,No,NO APLICA,9,18,9,25,1,18/07/2022,1
13,Georgia,130904,1,1,1,0,63,CLAYTON (63),1993,ELLENWOOD,7,Julio,18,2022,10,36,CS-S PARK BLVD,5,Calle Local - Pueblo,Urbano,Local,City or Municipal Highway Agency,0,Sin jurisdiccion especial,6,33.62467778,-84.29122222,Peaton,El primer evento no fue una colision con un vehiculo automotor en transporte,Not an Intersection,No fue interseccion,Sobre calle,Ninguna,Dia total,Despejado,No,NO APLICA,99,99,99,99,1,18/07/2022,1
13,Georgia,130905,0,0,1,0,115,FLOYD (115),4760,ROME,7,Julio,18,2022,21,24,SR-53,3,Highway estatal,Urbano,Arteria Menor,State Highway Agency,0,Sin jurisdiccion especial,322,34.36435,-85.05191389,Animal vivo,El primer evento no fue una colision con un vehiculo automotor en transporte,Not an Intersection,No fue interseccion,Sobre calle,Ninguna,Oscuro sin iluminacion,Nublado,No,NO APLICA,21,27,21,31,1,18/07/2022,1
13,Georgia,130906,0,0,2,0,313,WHITFIELD (313),5692,VARNELL,7,Julio,18,2022,21,40,SR-2,3,Highway estatal,Urbano,Arteria Menor,State Highway Agency,0,Sin jurisdiccion especial,29,34.89896667,-84.97014722,Vehiculo en movimiento,Frente a Detrás,T-Intersection,Interseccion de T,Sobre calle,Ninguna,Oscuro sin iluminacion,Despejado,No,NO APLICA,21,38,21,39,1,18/07/2022,5
13,Georgia,130907,0,0,3,0,157,JACKSON (157),1300,COMMERCE,7,Julio,19,2022,22,28,SR-98,3,Highway estatal,Rural,Arteria Menor,State Highway Agency,0,Sin jurisdiccion especial,99998,34.19015556,-83.40698333,Vehiculo en movimiento,Frente a Detrás,Not an Intersection,No fue interseccion,Sobre calle,Ninguna,Oscuro sin iluminacion,lluvia,No,NO APLICA,22,32,22,39,1,19/07/2022,5
13,Georgia,130909,0,0,2,0,13,BARROW (13),5980,WINDER,7,Julio,21,2022,7,48,SR-81,3,Highway estatal,Urbano,Arteria Menor,State Highway Agency,0,Desconocido,99998,33.96671389,-83.74569444,Vehiculo en movimiento,Frente a frente,Not an Intersection,No fue interseccion,Sobre calle,Ninguna,Dia total,lluvia,No,NO APLICA,7,49,8,4,1,21/07/2022,2
13,Georgia,130910,0,0,1,0,247,ROCKDALE (247),9997,Other,7,Julio,21,2022,19,39,CR-167,4,Calle del Condado,Urbano,Arteria Menor,County Highway Agency,0,Sin jurisdiccion especial,24,33.62052778,-83.99410278,Arbol,El primer evento no fue una colision con un vehiculo automotor en transporte,Not an Intersection,No fue interseccion,Sobre el lado de la calle,Ninguna,Dia total,Despejado,No,NO APLICA,19,39,19,51,1,21/07/2022,1
13,Georgia,130911,0,0,2,0,135,GWINNETT (135),3100,LAWRENCEVILLE,7,Julio,21,2022,21,22,CR-544,4,Calle del Condado,Urbano,Local,County Highway Agency,0,Sin jurisdiccion especial,3,33.94549167,-84.08198056,Vehiculo en movimiento,Frente a frente,Not an Intersection,No fue interseccion,Sobre calle,Ninguna,Oscuro sin iluminacion,Nublado,No,NO APLICA,21,24,21,30,1,21/07/2022,2
13,Georgia,130912,0,0,1,0,319,WILKINSON (319),2420,GORDON,7,Julio,22,2022,6,57,SR-18,3,Highway estatal,Rural,Colector Mayor,State Highway Agency,0,Sin jurisdiccion especial,62,32.844,-83.33664167,Poste de Señal de trafico,El primer evento no fue una colision con un vehiculo automotor en transporte,Not an Intersection,No fue interseccion,Sobre el lado de la calle,Ninguna,Dia total,Despejado,No,NO APLICA,6,58,7,12,1,22/07/2022,1
13,Georgia,130913,0,0,2,0,73,COLUMBIA (73),195,APPLING,7,Julio,22,2022,18,43,I-20,1,Interestatal,Rural,Arterial Principal -Freeway o ExpressWay,State Highway Agency,1,Sin jurisdiccion especial,60,33.50665556,-82.40024167,Valla Ferrocarril,El primer evento no fue una colision con un vehiculo automotor en transporte,Not an Intersection,No fue interseccion,Sobre el lado de la calle,Ninguna,Dia total,Despejado,No,NO APLICA,18,44,18,52,1,22/07/2022,3
13,Georgia,130914,0,0,2,0,89,DEKALB (89),1610,DECATUR,7,Julio,22,2022,22,32,CR-5193,4,Calle del Condado,Urbano,Arteria Menor,County Highway Agency,0,Sin jurisdiccion especial,0,33.76361111,-84.23371667,Vehiculo en movimiento,Frente a Detrás,Four-Way Intersection,Interseccion de 4 direcciones,Sobre calle,Ninguna,Oscuro sin iluminacion,Despejado,No,NO APLICA,22,34,22,41,1,22/07/2022,2
13,Georgia,130915,0,0,3,0,89,DEKALB (89),1610,DECATUR,7,Julio,24,2022,2,25,CR-145,4,Calle del Condado,Urbano,Arteria Menor,County Highway Agency,0,Sin jurisdiccion especial,26,33.67392778,-84.263775,Vehiculo en movimiento,Golpe Lateral - direccion contraria,Not an Intersection,No fue interseccion,Sobre calle,Ninguna,Oscuro con iluminacion,Despejado,No,NO APLICA,2,31,2,36,1,24/07/2022,5
13,Georgia,130917,0,0,1,0,103,EFFINGHAM (103),1205,CLYO,7,Julio,20,2022,18,5,CS-CLYO SHAWNEE RD,5,Calle Local - Pueblo,Rural,Colector Menor,City or Municipal Highway Agency,0,Sin jurisdiccion especial,29,32.47522222,-81.31591389,Zanja,El primer evento no fue una colision con un vehiculo automotor en transporte,Not an Intersection,No fue interseccion,Sobre el lado de la calle,Ninguna,Dia total,lluvia,No,NO APLICA,18,8,18,18,1,20/07/2022,1
13,Georgia,130918,0,0,2,0,217,NEWTON (217),9997,Other,7,Julio,21,2022,15,23,SR-11,3,Highway estatal,Rural,Arteria Menor,State Highway Agency,0,Sin jurisdiccion especial,79,33.57529722,-83.74260556,Vehiculo en movimiento,Frente a frente,Not an Intersection,No fue interseccion,Sobre calle,Ninguna,Dia total,Despejado,No,NO APLICA,15,23,15,33,1,21/07/2022,2
13,Georgia,130919,1,1,1,0,135,GWINNETT (135),0,NO APLICA,3,Marzo,1,2022,19,30,CR-060800,4,Calle del Condado,Urbano,Local,County Highway Agency,0,Sin jurisdiccion especial,10,33.94764167,-84.18486111,Peaton,El primer evento no fue una colision con un vehiculo automotor en transporte,Not an Intersection,No fue interseccion,Sobre el lado de la calle,Ninguna,Oscuro sin iluminacion,Despejado,No,NO APLICA,19,43,19,47,1,01/03/2022,1
13,Georgia,130921,0,0,3,0,135,GWINNETT (135),3158,LILBURN,7,Julio,22,2022,20,13,SR-10,3,Highway estatal,Urbano,Arteria Principal,State Highway Agency,1,Sin jurisdiccion especial,24,33.83256111,-84.08631667,Vehiculo en movimiento,Frente a frente,Not an Intersection,No fue interseccion,Sobre calle,Ninguna,Oscuro sin iluminacion,Despejado,No,NO APLICA,20,15,20,17,1,22/07/2022,4
13,Georgia,130922,1,1,1,0,151,HENRY (151),3360,MCDONOUGH,7,Julio,23,2022,2,22,SR-42,3,Highway estatal,Urbano,Arteria Menor,State Highway Agency,0,Sin jurisdiccion especial,153,33.49725556,-84.18108611,Peaton,El primer evento no fue una colision con un vehiculo automotor en transporte,Not an Intersection,No fue interseccion,Sobre calle,Ninguna,Oscuro sin iluminacion,Despejado,No,NO APLICA,2,23,2,28,1,23/07/2022,1
13,Georgia,130923,0,0,2,0,15,BARTOW (15),980,CARTERSVILLE,2,Febrero,23,2022,6,45,SR-61,3,Highway estatal,Urbano,Arteria Principal,State Highway Agency,0,Sin jurisdiccion especial,142,34.25258611,-84.76854722,Vehiculo en movimiento,Frente a frente,Not an Intersection,No fue interseccion,Sobre calle,Ninguna,Oscuro sin iluminacion,lluvia,No,NO APLICA,6,46,7,0,1,23/02/2022,2
13,Georgia,130926,0,0,2,0,259,STEWART (259),4650,RICHLAND,7,Julio,22,2022,6,26,SR-520,3,Highway estatal,Rural,Arteria Principal,State Highway Agency,1,Sin jurisdiccion especial,12,32.21428611,-84.70833056,Vehiculo en movimiento,Frente a frente,Not an Intersection,No fue interseccion,Sobre calle,Ninguna,Oscuro con iluminacion,Nublado,No,NO APLICA,6,26,6,37,1,22/07/2022,2
13,Georgia,130927,2,3,3,2,51,CHATHAM (51),4910,SAVANNAH,7,Julio,23,2022,21,42,I-95,1,Interestatal,Urbano,Arterial Principal -Freeway o ExpressWay,State Highway Agency,1,Sin jurisdiccion especial,132,32.15488333,-81.23456667,Vehiculo Aparcado,El primer evento no fue una colision con un vehiculo automotor en transporte,Not an Intersection,No fue interseccion,Sobre Acotamiento,Ninguna,Oscuro sin iluminacion,Nublado,No,NO APLICA,21,42,22,6,2,23/07/2022,2
13,Georgia,130928,0,0,1,0,157,JACKSON (157),1300,COMMERCE,7,Julio,26,2022,8,47,SR-334,3,Highway estatal,Rural,Colector Mayor,State Highway Agency,0,Sin jurisdiccion especial,70,34.13479167,-83.38564722,Culvert,El primer evento no fue una colision con un vehiculo automotor en transporte,Not an Intersection,No fue interseccion,Sobre el lado de la calle,Ninguna,Dia total,Nublado,No,NO APLICA,8,51,9,1,1,26/07/2022,2
13,Georgia,130929,0,0,3,0,283,TREUTLEN (283),5100,SOPERTON,7,Julio,26,2022,15,1,I-16,1,Interestatal,Urbano,Arterial Principal -Freeway o ExpressWay,State Highway Agency,1,Sin jurisdiccion especial,1,32.43349167,-82.69830833,Vehiculo en movimiento,Frente a Detrás,Not an Intersection,No fue interseccion,Sobre calle,Ninguna,Dia total,Despejado,No,NO APLICA,15,6,99,99,1,26/07/2022,5
13,Georgia,130930,0,0,2,0,167,JOHNSON (167),6080,WRIGHTSVILLE,7,Julio,27,2022,18,10,SR-78,3,Highway estatal,Rural,Arteria Menor,State Highway Agency,0,Sin jurisdiccion especial,249,32.76972222,-82.60192222,Vehiculo en movimiento,Angulo,Four-Way Intersection,Interseccion de 4 direcciones,Sobre calle,Ninguna,Dia total,Nublado,No,NO APLICA,18,10,18,15,1,27/07/2022,2
13,Georgia,130931,0,0,2,0,89,DEKALB (89),3210,LITHONIA,7,Julio,28,2022,0,38,CR-616,4,Calle del Condado,Urbano,Colector Mayor,County Highway Agency,0,Sin jurisdiccion especial,4,33.70590278,-84.13938611,Vehiculo en movimiento,Frente a Detrás,Not an Intersection,No fue interseccion,Sobre calle,Ninguna,Oscuro sin iluminacion,Despejado,No,NO APLICA,0,42,0,49,1,28/07/2022,2
13,Georgia,130932,0,0,1,0,295,WALKER (295),4780,ROSSVILLE,7,Julio,28,2022,99,99,SR-2,3,Highway estatal,Urbano,Arteria Menor,State Highway Agency,0,Sin jurisdiccion especial,4,34.954675,-85.27108611,Poste de Señal de trafico,El primer evento no fue una colision con un vehiculo automotor en transporte,Not an Intersection,No fue interseccion,Sobre el lado de la calle,Ninguna,Dia total,Despejado,No,NO APLICA,16,0,16,4,1,28/07/2022,1
13,Georgia,130933,1,1,1,0,15,BARTOW (15),4833,RYDAL,7,Julio,29,2022,2,10,SR-140,3,Highway estatal,Rural,Colector Mayor,State Highway Agency,0,Sin jurisdiccion especial,174,34.33834167,-84.72980556,Peaton,El primer evento no fue una colision con un vehiculo automotor en transporte,Not an Intersection,No fue interseccion,Sobre calle,Ninguna,Oscuro sin iluminacion,Nublado,No,NO APLICA,2,13,2,35,1,29/07/2022,1
13,Georgia,130934,0,0,1,0,227,PICKENS (227),2910,JASPER,7,Julio,29,2022,20,53,CR-381,4,Calle del Condado,Rural,Local,County Highway Agency,0,Sin jurisdiccion especial,5,34.52210556,-84.33780833,Arbol,El primer evento no fue una colision con un vehiculo automotor en transporte,Not an Intersection,No fue interseccion,Sobre el lado de la calle,Ninguna,Oscuro sin iluminacion,Despejado,No,NO APLICA,20,46,21,6,1,29/07/2022,1
13,Georgia,130935,0,0,3,0,129,GORDON (129),2070,FAIRMOUNT,5,Mayo,17,2022,19,8,SR-53,3,Highway estatal,Rural,Colector Menor,State Highway Agency,0,Sin jurisdiccion especial,181,34.44875556,-84.78580556,Vehiculo en movimiento,Golpe Lateral - misma direccion,Not an Intersection,No fue interseccion,Sobre calle,Ninguna,Dia total,Despejado,No,NO APLICA,19,11,19,12,1,17/05/2022,3
13,Georgia,130936,0,0,1,0,159,JASPER (159),9997,Other,7,Julio,31,2022,4,28,CR-246,4,Calle del Condado,Rural,Local,County Highway Agency,0,Sin jurisdiccion especial,0,33.41923056,-83.8191,Zanja,El primer evento no fue una colision con un vehiculo automotor en transporte,Not an Intersection,No fue interseccion,Sobre el lado de la calle,Ninguna,Oscuro sin iluminacion,Despejado,No,NO APLICA,4,28,4,42,1,31/07/2022,2
13,Georgia,130937,0,0,1,0,237,PUTNAM (237),1930,EATONTON,5,Mayo,8,2022,20,30,CS-SPRING ST,5,Calle Local - Pueblo,Rural,Local,City or Municipal Highway Agency,0,Sin jurisdiccion especial,8,33.29639167,-83.20247222,Poste,El primer evento no fue una colision con un vehiculo automotor en transporte,Not an Intersection,No fue interseccion,Sobre el lado de la calle,Ninguna,Atardecer,Despejado,No,NO APLICA,20,38,20,52,1,08/05/2022,1
13,Georgia,130939,0,0,2,0,133,GREENE (133),2490,GREENSBORO,5,Mayo,21,2022,23,7,I-20,1,Interestatal,Urbano,Arterial Principal -Freeway o ExpressWay,State Highway Agency,1,Sin jurisdiccion especial,69,33.54883889,-83.15190556,Vehiculo en movimiento,Angulo,Not an Intersection,No fue interseccion,Sobre calle,Ninguna,Oscuro sin iluminacion,Nublado,No,NO APLICA,23,40,23,56,1,21/05/2022,2
13,Georgia,130940,0,0,1,0,237,PUTNAM (237),1930,EATONTON,5,Mayo,23,2022,10,50,SR-44,3,Highway estatal,Rural,Arteria Menor,State Highway Agency,0,Sin jurisdiccion especial,219,33.43794167,-83.26544722,Poste de Señal de trafico,El primer evento no fue una colision con un vehiculo automotor en transporte,T-Intersection,Interseccion de T,Sobre el lado de la calle,Ninguna,Dia total,lluvia,No,NO APLICA,10,53,11,5,1,23/05/2022,1
13,Georgia,130941,1,1,1,0,21,BIBB (21),3390,MACON,5,Mayo,25,2022,17,24,SR-11 BROADWAY,3,Highway estatal,Urbano,Arteria Principal,State Highway Agency,0,Sin jurisdiccion especial,90,32.79545833,-83.64262222,Ciclista,El primer evento no fue una colision con un vehiculo automotor en transporte,Other Intersection Type,Otro tipo de interseccion,Sobre calle,Ninguna,Dia total,Nublado,No,NO APLICA,17,27,17,29,1,25/05/2022,1
13,Georgia,130942,1,1,1,0,237,PUTNAM (237),1930,EATONTON,5,Mayo,31,2022,19,13,CS-GODFREY RD,5,Calle Local - Pueblo,Rural,Colector Mayor,City or Municipal Highway Agency,0,Sin jurisdiccion especial,52,33.3766,-83.47379722,Ciclista,El primer evento no fue una colision con un vehiculo automotor en transporte,T-Intersection,Interseccion de T,Sobre calle,Ninguna,Dia total,Despejado,No,NO APLICA,19,15,19,28,1,31/05/2022,1
13,Georgia,130943,1,1,1,0,15,BARTOW (15),980,CARTERSVILLE,7,Julio,3,2022,21,5,SR-3 JF HARRIS PKWY,3,Highway estatal,Urbano,Arteria Principal,State Highway Agency,1,Sin jurisdiccion especial,92,34.17880833,-84.78546111,Peaton,El primer evento no fue una colision con un vehiculo automotor en transporte,Not an Intersection,No fue interseccion,Sobre calle,Ninguna,Oscuro sin iluminacion,Despejado,No,NO APLICA,21,6,21,12,1,03/07/2022,2
13,Georgia,130944,1,1,1,0,121,FULTON (121),280,ATLANTA,7,Julio,8,2022,4,0,CS-MORELAND AVE,5,Calle Local - Pueblo,Urbano,Arteria Principal,City or Municipal Highway Agency,1,Sin jurisdiccion especial,37,33.74303056,-84.34930556,Peaton,El primer evento no fue una colision con un vehiculo automotor en transporte,Not an Intersection,No fue interseccion,Sobre calle,Ninguna,Oscuro con iluminacion,Despejado,No,NO APLICA,4,0,4,13,1,08/07/2022,1
13,Georgia,130945,0,0,3,0,17,BEN HILL (17),2130,FITZGERALD,7,Julio,8,2022,9,58,SR-90,3,Highway estatal,Urbano,Arteria Menor,State Highway Agency,0,Sin jurisdiccion especial,71,31.74364722,-83.26101667,Vehiculo en movimiento,Angulo,Four-Way Intersection,Interseccion de 4 direcciones,Sobre calle,Ninguna,Dia total,Despejado,No,NO APLICA,9,51,9,57,1,08/07/2022,4
13,Georgia,130946,1,1,1,0,71,COLQUITT (71),3800,MOULTRIE,7,Julio,15,2022,5,53,SR-133 1ST AVE,3,Highway estatal,Urbano,Arteria Principal,State Highway Agency,1,Sin jurisdiccion especial,138,31.17127222,-83.74858889,Peaton,El primer evento no fue una colision con un vehiculo automotor en transporte,T-Intersection,Interseccion de T,Sobre calle,Ninguna,Oscuro sin iluminacion,lluvia,No,NO APLICA,5,53,5,58,1,15/07/2022,2
13,Georgia,130947,0,0,1,0,115,FLOYD (115),5037,SILVER CREEK,7,Julio,16,2022,23,0,CR-640,4,Calle del Condado,Rural,Colector Mayor,County Highway Agency,0,Sin jurisdiccion especial,65,34.17630556,-85.10340278,Arbol,El primer evento no fue una colision con un vehiculo automotor en transporte,Not an Intersection,No fue interseccion,Sobre el lado de la calle,Ninguna,Oscuro sin iluminacion,Despejado,No,NO APLICA,23,41,23,58,1,16/07/2022,2
13,Georgia,130948,0,0,1,0,113,FAYETTE (113),4278,PEACHTREE CITY,7,Julio,19,2022,1,30,CS-35407,5,Calle Local - Pueblo,Urbano,Local,City or Municipal Highway Agency,0,Sin jurisdiccion especial,3,33.41674167,-84.58128611,Arbol,El primer evento no fue una colision con un vehiculo automotor en transporte,Not an Intersection,No fue interseccion,Fuera de la calle,Ninguna,Oscuro sin iluminacion,Despejado,No,NO APLICA,1,44,1,47,1,19/07/2022,3
13,Georgia,130949,0,0,1,0,121,FULTON (121),2060,FAIRBURN,7,Julio,21,2022,22,49,CS-WASHINGTON RD,5,Calle Local - Pueblo,Urbano,Arteria Menor,City or Municipal Highway Agency,0,Sin jurisdiccion especial,138,33.622775,-84.49213611,Zanja,El primer evento no fue una colision con un vehiculo automotor en transporte,T-Intersection,Interseccion de T,Sobre el lado de la calle,Ninguna,Oscuro con iluminacion,Despejado,No,NO APLICA,23,31,23,43,1,21/07/2022,1
13,Georgia,130950,0,0,1,0,121,FULTON (121),280,ATLANTA,7,Julio,23,2022,0,48,CS-JAMES P BRAWLEY DR,5,Calle Local - Pueblo,Urbano,Local,City or Municipal Highway Agency,0,Sin jurisdiccion especial,8,33.76235278,-84.41274444,Arbol,El primer evento no fue una colision con un vehiculo automotor en transporte,Not an Intersection,No fue interseccion,Sobre el lado de la calle,Ninguna,Oscuro con iluminacion,Despejado,No,NO APLICA,0,51,0,59,2,23/07/2022,2
13,Georgia,130951,1,1,1,0,63,CLAYTON (63),2970,JONESBORO,7,Julio,23,2022,2,17,CS-VILLAGE LN,5,Calle Local - Pueblo,Urbano,Local,City or Municipal Highway Agency,0,Sin jurisdiccion especial,0,33.56145,-84.37208889,Peaton,El primer evento no fue una colision con un vehiculo automotor en transporte,Not an Intersection,No fue interseccion,Sobre calle,Ninguna,Oscuro con iluminacion,Despejado,No,NO APLICA,2,20,2,24,1,23/07/2022,1
13,Georgia,130952,1,1,1,0,121,FULTON (121),280,ATLANTA,7,Julio,23,2022,23,0,I-85,1,Interestatal,Urbano,Arterial Principal -Freeway o ExpressWay,State Highway Agency,1,Sin jurisdiccion especial,88,33.58666389,-84.51048889,Peaton,El primer evento no fue una colision con un vehiculo automotor en transporte,Not an Intersection,No fue interseccion,Sobre calle,Ninguna,Oscuro sin iluminacion,Despejado,No,NO APLICA,23,0,23,10,1,23/07/2022,2
13,Georgia,130953,0,0,2,0,237,PUTNAM (237),1930,EATONTON,7,Julio,25,2022,15,0,SR-16,3,Highway estatal,Rural,Arteria Menor,State Highway Agency,0,Sin jurisdiccion especial,103,33.33464167,-83.37064167,Vehiculo en movimiento,Angulo,T-Intersection,Interseccion de T,Sobre calle,Ninguna,Dia total,Nublado,No,NO APLICA,15,0,15,0,1,25/07/2022,4
13,Georgia,130954,0,0,1,0,159,JASPER (159),3730,MONTICELLO,7,Julio,27,2022,16,4,SR-83,3,Highway estatal,Rural,Arteria Menor,State Highway Agency,0,Sin jurisdiccion especial,83,33.24083889,-83.72346111,Culvert,El primer evento no fue una colision con un vehiculo automotor en transporte,Not an Intersection,No fue interseccion,Sobre el lado de la calle,Ninguna,Dia total,Despejado,No,NO APLICA,16,6,16,13,1,27/07/2022,2
13,Georgia,130955,0,0,1,0,15,BARTOW (15),9997,Other,7,Julio,29,2022,20,24,CR-376,4,Calle del Condado,Urbano,Local,County Highway Agency,0,Sin jurisdiccion especial,2,34.08849167,-84.69379444,Arbol,El primer evento no fue una colision con un vehiculo automotor en transporte,Not an Intersection,No fue interseccion,Sobre el lado de la calle,Ninguna,Atardecer,Nublado,No,NO APLICA,20,26,20,46,1,29/07/2022,2
13,Georgia,130956,0,0,2,0,277,TIFT (277),5490,TIFTON,7,Julio,29,2022,21,20,I-75,1,Interestatal,Urbano,Arterial Principal -Freeway o ExpressWay,State Highway Agency,1,Sin jurisdiccion especial,66,31.42104722,-83.50698889,Valla Ferrocarril,El primer evento no fue una colision con un vehiculo automotor en transporte,Not an Intersection,No fue interseccion,En el medio,Ninguna,Oscuro con iluminacion,Despejado,No,NO APLICA,21,13,21,18,1,29/07/2022,2
13,Georgia,130957,0,0,2,0,121,FULTON (121),280,ATLANTA,7,Julio,29,2022,22,20,I-75,1,Interestatal,Urbano,Arterial Principal -Freeway o ExpressWay,State Highway Agency,1,Sin jurisdiccion especial,0,33.74521111,-84.38999444,Vehiculo en movimiento,Angulo,Not an Intersection,No fue interseccion,Sobre calle,Ninguna,Oscuro sin iluminacion,Despejado,No,NO APLICA,99,99,99,99,1,29/07/2022,3
13,Georgia,130958,0,0,1,0,111,FANNIN (111),3770,MORGANTON,7,Julio,30,2022,1,4,SR-60,3,Highway estatal,Rural,Colector Mayor,State Highway Agency,0,Sin jurisdiccion especial,154,34.85497778,-84.21954167,Arbol,El primer evento no fue una colision con un vehiculo automotor en transporte,Not an Intersection,No fue interseccion,Sobre el lado de la calle,Ninguna,Oscuro sin iluminacion,Otro,No,NO APLICA,1,4,1,10,1,30/07/2022,2
13,Georgia,130959,0,0,2,0,121,FULTON (121),5640,UNION CITY,7,Julio,30,2022,3,12,SR-70,3,Highway estatal,Urbano,Arteria Menor,State Highway Agency,0,Sin jurisdiccion especial,281,33.74021667,-84.56455278,Vehiculo en movimiento,Frente a Detrás,Not an Intersection,No fue interseccion,Sobre calle,Ninguna,Oscuro con iluminacion,Despejado,No,NO APLICA,3,13,3,15,1,30/07/2022,2
13,Georgia,130960,0,0,1,0,135,GWINNETT (135),800,BUFORD,7,Julio,30,2022,3,15,CR-120,4,Calle del Condado,Urbano,Local,County Highway Agency,0,Sin jurisdiccion especial,33,34.109775,-83.92990556,Buzon de correo,El primer evento no fue una colision con un vehiculo automotor en transporte,Not an Intersection,No fue interseccion,Sobre el lado de la calle,Ninguna,Oscuro sin iluminacion,lluvia,No,NO APLICA,3,20,3,30,1,30/07/2022,1
13,Georgia,130961,0,0,1,0,157,JACKSON (157),220,ARCADE,7,Julio,31,2022,14,6,SR-11,3,Highway estatal,Urbano,Arteria Principal,State Highway Agency,1,Sin jurisdiccion especial,16,34.08425278,-83.57791389,Arbol,El primer evento no fue una colision con un vehiculo automotor en transporte,Not an Intersection,No fue interseccion,Sobre el lado de la calle,Ninguna,Dia total,Despejado,No,NO APLICA,14,8,14,14,1,31/07/2022,2
13,Georgia,130962,1,1,2,0,115,FLOYD (115),4760,ROME,7,Julio,31,2022,21,7,CS-N BROAD ST,5,Calle Local - Pueblo,Urbano,Arteria Principal,City or Municipal Highway Agency,1,Sin jurisdiccion especial,222,34.26179722,-85.15909444,Peaton,El primer evento no fue una colision con un vehiculo automotor en transporte,Not an Intersection,No fue interseccion,Sobre calle,Ninguna,Oscuro con iluminacion,lluvia,No,NO APLICA,21,7,21,13,1,31/07/2022,3
13,Georgia,130963,0,0,1,0,75,COOK (75),40,ADEL,7,Julio,31,2022,22,59,CS-STEVEN LN,5,Calle Local - Pueblo,Urbano,Local,City or Municipal Highway Agency,0,Sin jurisdiccion especial,1,31.14509167,-83.45240278,Zanja,El primer evento no fue una colision con un vehiculo automotor en transporte,Not an Intersection,No fue interseccion,Sobre el lado de la calle,Ninguna,Oscuro sin iluminacion,Despejado,No,NO APLICA,22,51,22,59,1,31/07/2022,1