Estado,Nombre de Estado,Numero de Caso,Peatones,Personas _no_vehiculos,Vehiculos automotores,Vehiculos estacionados,Condado,Nombre Condado,Ciudad,Nombre Ciudad,Mes,Nombre Mes,Dia,Año,Hora,Minuto,Calle,Ruta,Nombre Ruta,Rural o Urbanoo,Sistema Funcional,Dueño Calle,Sistema Nacional Carreteras,Jurisdiccion Especial,Milla,Latitud,Longitud,Causa del Accidente,Tipo de Accidente,Tipo Interseccion,Columna1,Lugar en la calle,Zona de Trabajo,Luz,Clima,Autobus Escolar,Cruce de Trenes,Hora Notificacion,Minuto Notificacion,Hora Llegada,Minuto Llegada,Decesos,Fecha,PersonaVehiculo
13,Georgia,130964,0,0,2,0,93,DOOLY (93),820,BYROMVILLE,8,Agosto,1,2022,6,15,SR-90,3,Highway estatal,Rural,Colector Mayor,State Highway Agency,0,Sin jurisdiccion especial,154,32.20200278,-83.90915,Vehiculo en movimiento,Angulo,Four-Way Intersection,Interseccion de 4 direcciones,Sobre calle,Ninguna,Dia total,Despejado,No,NO APLICA,6,11,6,21,1,01/08/2022,2
13,Georgia,130965,0,0,3,0,149,HEARD (149),0,NO APLICA,8,Agosto,1,2022,17,55,SR-1,3,Highway estatal,Rural,Arteria Principal,State Highway Agency,1,Sin jurisdiccion especial,39,33.24729167,-85.03843056,Vehiculo en movimiento,Angulo,Four-Way Intersection,Interseccion de 4 direcciones,Sobre calle,Ninguna,Dia total,Despejado,No,NO APLICA,17,56,18,4,1,01/08/2022,3
13,Georgia,130966,0,0,1,0,151,HENRY (151),5210,STOCKBRIDGE,8,Agosto,2,2022,2,27,ROCK QUARRY RD,6,Calle Local Municipalidad,Urbano,Arteria Menor,County Highway Agency,0,Sin jurisdiccion especial,15,33.51136667,-84.22999722,Banqueta,El primer evento no fue una colision con un vehiculo automotor en transporte,Not an Intersection,No fue interseccion,Sobre el lado de la calle,Ninguna,Oscuro con iluminacion,Despejado,No,NO APLICA,2,30,2,46,1,02/08/2022,1
13,Georgia,130967,0,0,2,0,321,WORTH (321),5340,SYLVESTER,7,Julio,22,2022,21,34,SR-133,3,Highway estatal,Rural,Arteria Menor,State Highway Agency,1,Sin jurisdiccion especial,19,31.36138889,-83.93663611,Vehiculo en movimiento,Frente a frente,Not an Intersection,No fue interseccion,Sobre calle,Ninguna,Dia total,Despejado,No,NO APLICA,21,34,21,42,1,22/07/2022,2
13,Georgia,130968,0,0,4,0,97,DOUGLAS (97),1770,DOUGLASVILLE,7,Julio,28,2022,7,27,CS-CAPPS FERRY RD,5,Calle Local - Pueblo,Rural,Arteria Principal,City or Municipal Highway Agency,1,Sin jurisdiccion especial,19,33.59891389,-84.82172222,Vehiculo en movimiento,Golpe Lateral - direccion contraria,Not an Intersection,No fue interseccion,Sobre calle,Ninguna,Dia total,Despejado,No,NO APLICA,7,33,7,41,1,28/07/2022,4
13,Georgia,130969,0,0,2,0,311,WHITE (311),1190,CLEVELAND,7,Julio,30,2022,18,20,SR-115,3,Highway estatal,Rural,Arteria Principal,State Highway Agency,1,Sin jurisdiccion especial,103,34.59154444,-83.72119167,Vehiculo en movimiento,Frente a frente,Not an Intersection,No fue interseccion,Sobre calle,Ninguna,Dia total,Nublado,No,NO APLICA,18,23,18,30,1,30/07/2022,2
13,Georgia,130970,0,0,2,0,51,CHATHAM (51),4910,SAVANNAH,8,Agosto,2,2022,23,24,SR-26 E VICTORY DR,3,Highway estatal,Urbano,Arteria Principal,State Highway Agency,1,Sin jurisdiccion especial,189,32.04921111,-81.08928611,Vehiculo en movimiento,Angulo,Four-Way Intersection,Interseccion de 4 direcciones,Sobre calle,Mantenimiento,Oscuro con iluminacion,Despejado,No,NO APLICA,23,26,23,38,1,02/08/2022,3
13,Georgia,130971,0,0,2,0,51,CHATHAM (51),9997,Other,7,Julio,30,2022,23,40,SR-204,3,Highway estatal,Urbano,Arteria Principal,State Highway Agency,1,Sin jurisdiccion especial,102,31.99964167,-81.247525,Vehiculo en movimiento,Frente a Detrás,Not an Intersection,No fue interseccion,Sobre calle,Ninguna,Oscuro sin iluminacion,Despejado,No,NO APLICA,23,48,0,1,2,30/07/2022,3
13,Georgia,130972,0,0,1,0,89,DEKALB (89),9997,Other,8,Agosto,3,2022,3,22,EVANS MILL RD,8,Otro,Urbano,Arteria Menor,City or Municipal Highway Agency,0,Sin jurisdiccion especial,9,33.69211944,-84.12992222,Zanja,El primer evento no fue una colision con un vehiculo automotor en transporte,Not an Intersection,No fue interseccion,Sobre el lado de la calle,Ninguna,Oscuro sin iluminacion,Despejado,No,NO APLICA,3,25,3,29,1,03/08/2022,2
13,Georgia,130973,1,1,1,0,135,GWINNETT (135),800,BUFORD,7,Julio,1,2022,14,16,ARDEN WAY,6,Calle Local Municipalidad,Urbano,Local,City or Municipal Highway Agency,0,Sin jurisdiccion especial,0,34.12078056,-83.97709444,Peaton,El primer evento no fue una colision con un vehiculo automotor en transporte,Not an Intersection,No fue interseccion,Sobre calle,Ninguna,Dia total,Nublado,No,NO APLICA,99,99,99,99,1,01/07/2022,12
13,Georgia,130974,0,0,1,0,149,HEARD (149),2230,FRANKLIN,7,Julio,30,2022,16,15,CR-49,4,Calle del Condado,Rural,Local,County Highway Agency,0,Sin jurisdiccion especial,23,33.34421111,-85.14129722,Volcadura,El primer evento no fue una colision con un vehiculo automotor en transporte,Not an Intersection,No fue interseccion,Sobre calle,Ninguna,Dia total,Despejado,No,NO APLICA,16,16,16,22,1,30/07/2022,3
13,Georgia,130975,0,0,2,0,179,LIBERTY (179),2730,HINESVILLE,7,Julio,28,2022,7,51,SR-196,3,Highway estatal,Urbano,Arteria Menor,State Highway Agency,0,Sin jurisdiccion especial,71,31.80908889,-81.66017222,Vehiculo en movimiento,Angulo,T-Intersection,Interseccion de T,Sobre calle,Ninguna,Dia total,Despejado,No,NO APLICA,7,51,8,18,1,28/07/2022,2
13,Georgia,130976,0,0,2,0,117,FORSYTH (117),9997,Other,7,Julio,28,2022,15,12,CR-226,4,Calle del Condado,Urbano,Local,County Highway Agency,0,Sin jurisdiccion especial,14,34.31300833,-83.98766389,Vehiculo en movimiento,Frente a frente,Not an Intersection,No fue interseccion,Sobre calle,Ninguna,Dia total,Despejado,No,NO APLICA,15,13,15,20,1,28/07/2022,3
13,Georgia,130977,1,1,1,0,45,CARROLL (45),5730,VILLA RICA,7,Julio,29,2022,1,3,SR-61,3,Highway estatal,Urbano,Arteria Menor,State Highway Agency,0,Sin jurisdiccion especial,1,33.72438889,-84.9396,Peaton,El primer evento no fue una colision con un vehiculo automotor en transporte,Not an Intersection,No fue interseccion,Sobre calle,Ninguna,Oscuro sin iluminacion,Despejado,No,NO APLICA,1,15,1,29,1,29/07/2022,1
13,Georgia,130978,0,0,1,0,53,CHATTAHOOCHEE (53),1450,CUSSETA,7,Julio,31,2022,4,34,SR-520,3,Highway estatal,Urbano,Arteria Principal,State Highway Agency,1,Sin jurisdiccion especial,92,32.30298056,-84.78689444,Valla Ferrocarril,El primer evento no fue una colision con un vehiculo automotor en transporte,Not an Intersection,No fue interseccion,Sobre el lado de la calle,Ninguna,Oscuro sin iluminacion,Despejado,No,NO APLICA,4,42,5,34,1,31/07/2022,1
13,Georgia,130979,0,0,1,0,255,SPALDING (255),2510,GRIFFIN,7,Julio,31,2022,5,25,SR-16,3,Highway estatal,Urbano,Arteria Menor,State Highway Agency,0,Sin jurisdiccion especial,83,33.24086111,-84.3564,Otro objeto (no fijo),El primer evento no fue una colision con un vehiculo automotor en transporte,Not an Intersection,No fue interseccion,Sobre calle,Ninguna,Dia total,Neblina o Humo,No,NO APLICA,5,24,5,32,1,31/07/2022,1
13,Georgia,130980,0,0,5,0,15,BARTOW (15),980,CARTERSVILLE,7,Julio,31,2022,18,14,SR-61,3,Highway estatal,Urbano,Arteria Principal,State Highway Agency,1,Sin jurisdiccion especial,124,34.22970278,-84.78461944,Vehiculo en movimiento,Angulo,Not an Intersection,No fue interseccion,Sobre calle,Ninguna,Dia total,Despejado,No,NO APLICA,17,59,18,19,1,31/07/2022,12
13,Georgia,130981,0,0,2,0,221,OGLETHORPE (221),0,NO APLICA,8,Agosto,1,2022,7,15,SR-22,3,Highway estatal,Rural,Colector Mayor,State Highway Agency,0,Sin jurisdiccion especial,190,33.93719167,-83.11145833,Vehiculo en movimiento,Frente a frente,Not an Intersection,No fue interseccion,Sobre calle,Ninguna,Dia total,Despejado,No,NO APLICA,7,15,7,23,1,01/08/2022,3
13,Georgia,130982,0,0,2,0,3,ATKINSON (3),0,NO APLICA,8,Agosto,1,2022,7,47,CR-024400,4,Calle del Condado,Rural,Local,County Highway Agency,0,Sin jurisdiccion especial,2,31.31181944,-82.9078,Vehiculo en movimiento,Frente a frente,Not an Intersection,No fue interseccion,Sobre calle,Ninguna,Dia total,Despejado,No,NO APLICA,7,47,7,50,1,01/08/2022,2
13,Georgia,130983,0,0,2,0,241,RABUN (241),0,NO APLICA,8,Agosto,2,2022,12,0,SR-019700,3,Highway estatal,Rural,Colector Mayor,State Highway Agency,0,Sin jurisdiccion especial,75,34.86373056,-83.57098611,Vehiculo en movimiento,Angulo,Not an Intersection,No fue interseccion,Sobre calle,Ninguna,Dia total,Despejado,No,NO APLICA,12,8,12,12,1,02/08/2022,2
13,Georgia,130984,0,0,3,0,115,FLOYD (115),242,ARMUCHEE,8,Agosto,2,2022,17,35,US-27 MARTHA BERRY HWY,2,US Highway,Rural,Arteria Principal,State Highway Agency,1,Sin jurisdiccion especial,241,34.39798889,-85.204525,Vehiculo en movimiento,Frente a frente,Not an Intersection,No fue interseccion,Sobre calle,Ninguna,Atardecer,lluvia,No,NO APLICA,17,38,17,49,1,02/08/2022,5
13,Georgia,130985,0,0,2,0,89,DEKALB (89),9997,Other,8,Agosto,3,2022,0,20,ROCKBRIDGE RD,6,Calle Local Municipalidad,Urbano,Arteria Menor,City or Municipal Highway Agency,0,Sin jurisdiccion especial,26,33.78588056,-84.11643611,Vehiculo en movimiento,Angulo,T-Intersection,Interseccion de T,Sobre calle,Ninguna,Oscuro con iluminacion,Despejado,No,NO APLICA,99,99,99,99,1,03/08/2022,2
13,Georgia,130986,0,0,2,0,89,DEKALB (89),1815,DUNWOODY,8,Agosto,4,2022,12,54,CS-515631,6,Calle Local Municipalidad,Urbano,Arteria Menor,City or Municipal Highway Agency,0,Sin jurisdiccion especial,24,33.94553611,-84.33390833,Vehiculo en movimiento,Angulo,Not an Intersection,No fue interseccion,Sobre calle,Ninguna,Dia total,Nublado,No,NO APLICA,12,54,12,58,1,04/08/2022,2
13,Georgia,130987,0,0,2,0,147,HART (147),640,BOWERSVILLE,8,Agosto,4,2022,14,57,ADAMS TOWN ROAD,5,Calle Local - Pueblo,Rural,Local,Town or Township Highway Agency,0,Sin jurisdiccion especial,27,34.38701389,-83.05880278,Vehiculo en movimiento,Angulo,Four-Way Intersection,Interseccion de 4 direcciones,Sobre calle,Ninguna,Dia total,Despejado,No,NO APLICA,14,57,15,4,1,04/08/2022,2
13,Georgia,130988,0,0,1,0,223,PAULDING (223),0,NO APLICA,8,Agosto,5,2022,16,30,GOLD MINE RD,6,Calle Local Municipalidad,Rural,Colector Mayor,City or Municipal Highway Agency,0,Sin jurisdiccion especial,8,33.92154722,-84.96596389,Arbol,El primer evento no fue una colision con un vehiculo automotor en transporte,Not an Intersection,No fue interseccion,Sobre el lado de la calle,Ninguna,Dia total,lluvia,No,NO APLICA,16,26,16,40,1,05/08/2022,1
13,Georgia,130989,0,0,1,0,31,BULLOCH (31),9997,Other,8,Agosto,7,2022,4,52,PULASKI ROAD,6,Calle Local Municipalidad,Urbano,Local,City or Municipal Highway Agency,0,Sin jurisdiccion especial,5,32.41533333,-81.91347222,Acotamiento,El primer evento no fue una colision con un vehiculo automotor en transporte,Not an Intersection,No fue interseccion,Sobre el lado de la calle,Ninguna,Oscuro sin iluminacion,Nublado,No,NO APLICA,4,53,5,6,1,07/08/2022,1
13,Georgia,130990,0,0,1,0,301,WARREN (301),4050,NORWOOD,7,Julio,10,2022,7,0,I-20,1,Interestatal,Urbano,Arterial Principal -Freeway o ExpressWay,State Highway Agency,1,Sin jurisdiccion especial,25,33.50108333,-82.78169722,Arbol,El primer evento no fue una colision con un vehiculo automotor en transporte,Not an Intersection,No fue interseccion,Sobre el lado de la calle,Ninguna,Dia total,lluvia,No,NO APLICA,12,6,12,14,1,10/07/2022,1
13,Georgia,130991,0,0,2,0,15,BARTOW (15),980,CARTERSVILLE,8,Agosto,4,2022,13,43,SR-61,3,Highway estatal,Urbano,Arteria Principal,State Highway Agency,1,Sin jurisdiccion especial,117,34.22100833,-84.79008889,Vehiculo en movimiento,Angulo,Not an Intersection,No fue interseccion,Sobre calle,Ninguna,Dia total,Despejado,No,NO APLICA,14,2,14,17,1,04/08/2022,3
13,Georgia,130992,0,0,2,0,293,UPSON (293),6090,YATESVILLE,8,Agosto,5,2022,6,47,CR-421 LOGTOWN RD,4,Calle del Condado,Rural,Colector Mayor,County Highway Agency,0,Sin jurisdiccion especial,53,32.84058056,-84.19415,Vehiculo en movimiento,Golpe Lateral - direccion contraria,Not an Intersection,No fue interseccion,Sobre calle,Ninguna,Dia total,Despejado,Yes,NO APLICA,7,5,7,15,1,05/08/2022,6
13,Georgia,130993,0,0,2,0,139,HALL (139),2350,GILLSVILLE,8,Agosto,6,2022,2,6,SR-52,3,Highway estatal,Rural,Arteria Menor,State Highway Agency,0,Sin jurisdiccion especial,84,34.31143056,-83.6511,Vehiculo en movimiento,Angulo,Not an Intersection,No fue interseccion,Sobre calle,Ninguna,Oscuro sin iluminacion,Despejado,No,NO APLICA,99,99,99,99,1,06/08/2022,2
13,Georgia,130994,0,0,1,0,223,PAULDING (223),680,BRASWELL,8,Agosto,7,2022,14,57,BRUSHY MTN RD,5,Calle Local - Pueblo,Rural,Local,Town or Township Highway Agency,0,Sin jurisdiccion especial,19,33.97319167,-84.962025,Suelo,El primer evento no fue una colision con un vehiculo automotor en transporte,Not an Intersection,No fue interseccion,Sobre el lado de la calle,Ninguna,Dia total,Despejado,No,NO APLICA,14,58,15,7,1,07/08/2022,1
13,Georgia,130995,0,0,2,0,27,BROOKS (27),430,BARWICK,8,Agosto,6,2022,14,12,SON WRIGHT ROAD,5,Calle Local - Pueblo,Rural,Local,Town or Township Highway Agency,0,Sin jurisdiccion especial,11,30.88100556,-83.70463889,Vehiculo en movimiento,Otro,Not an Intersection,No fue interseccion,Sobre calle,Ninguna,Dia total,Despejado,No,NO APLICA,14,11,14,26,1,06/08/2022,2
13,Georgia,130996,1,1,1,0,151,HENRY (151),3360,MCDONOUGH,7,Julio,21,2022,2,50,CR-082400/JODECO RD,4,Calle del Condado,Urbano,Arteria Menor,County Highway Agency,0,Sin jurisdiccion especial,52,33.48257222,-84.20697778,Peaton,El primer evento no fue una colision con un vehiculo automotor en transporte,Not an Intersection,No fue interseccion,Sobre calle,Construccion,Oscuro sin iluminacion,Nublado,No,NO APLICA,88,88,88,88,1,21/07/2022,1
13,Georgia,130997,1,1,1,0,225,PEACH (225),2220,FORT VALLEY,7,Julio,25,2022,22,5,SR-49,3,Highway estatal,Urbano,Arteria Principal,State Highway Agency,1,Sin jurisdiccion especial,99998,32.57790278,-83.89310833,Peaton,El primer evento no fue una colision con un vehiculo automotor en transporte,Four-Way Intersection,Interseccion de 4 direcciones,Sobre calle,Ninguna,Oscuro sin iluminacion,Nublado,No,NO APLICA,22,0,22,5,1,25/07/2022,1
13,Georgia,130998,0,0,2,0,241,RABUN (241),4534,RABUN GAP,7,Julio,28,2022,13,37,SR-15,3,Highway estatal,Rural,Arteria Principal,State Highway Agency,1,Sin jurisdiccion especial,172,34.95782222,-83.38648889,Vehiculo en movimiento,Angulo,T-Intersection,Interseccion de T,Sobre calle,Ninguna,Dia total,Despejado,No,NO APLICA,13,35,13,39,1,28/07/2022,3
13,Georgia,130999,0,0,2,0,305,WAYNE (305),2960,JESUP,7,Julio,30,2022,17,2,CR-392,4,Calle del Condado,Urbano,Arteria Menor,County Highway Agency,0,Sin jurisdiccion especial,7,31.63645,-81.89808611,Vehiculo en movimiento,Angulo,T-Intersection,Interseccion de T,Sobre calle,Ninguna,Dia total,Despejado,No,NO APLICA,17,6,17,10,1,30/07/2022,2
13,Georgia,131000,1,1,2,0,135,GWINNETT (135),3990,NORCROSS,8,Agosto,2,2022,22,26,SINGLETON RD,6,Calle Local Municipalidad,Urbano,Colector Mayor,City or Municipal Highway Agency,0,Sin jurisdiccion especial,16,33.90832778,-84.186925,Peaton,El primer evento no fue una colision con un vehiculo automotor en transporte,Not an Intersection,No fue interseccion,Sobre calle,Ninguna,Oscuro con iluminacion,Nublado,No,NO APLICA,99,99,99,98,1,02/08/2022,4
13,Georgia,131001,1,1,1,0,273,TERRELL (273),1580,DAWSON,8,Agosto,5,2022,0,41,SR-520,3,Highway estatal,Rural,Arteria Principal,State Highway Agency,1,Sin jurisdiccion especial,167,31.73454167,-84.38881111,Peaton,El primer evento no fue una colision con un vehiculo automotor en transporte,Not an Intersection,No fue interseccion,Sobre calle,Ninguna,Oscuro sin iluminacion,Despejado,No,NO APLICA,0,38,0,43,1,05/08/2022,1
13,Georgia,131002,1,1,1,0,151,HENRY (151),5210,STOCKBRIDGE,8,Agosto,6,2022,1,8,WALT STEPHENS RD,6,Calle Local Municipalidad,Urbano,Arteria Menor,City or Municipal Highway Agency,0,Sin jurisdiccion especial,0,33.52478889,-84.25885833,Peaton,El primer evento no fue una colision con un vehiculo automotor en transporte,Not an Intersection,No fue interseccion,Sobre calle,Ninguna,Oscuro sin iluminacion,Despejado,No,NO APLICA,99,98,99,98,1,06/08/2022,1
13,Georgia,131003,0,0,1,0,133,GREENE (133),5650,UNION POINT,8,Agosto,7,2022,0,37,SR-12,3,Highway estatal,Rural,Arteria Menor,State Highway Agency,0,Sin jurisdiccion especial,165,33.60091944,-83.10158611,Arbol,El primer evento no fue una colision con un vehiculo automotor en transporte,Not an Intersection,No fue interseccion,Sobre el lado de la calle,Ninguna,Oscuro sin iluminacion,Nublado,No,NO APLICA,0,39,0,46,1,07/08/2022,1
13,Georgia,131005,0,0,2,0,89,DEKALB (89),9997,Other,8,Agosto,8,2022,23,39,RIVER RD,6,Calle Local Municipalidad,Urbano,Arteria Menor,City or Municipal Highway Agency,0,Sin jurisdiccion especial,51,33.65655278,-84.23846944,Vehiculo en movimiento,Angulo,Not an Intersection,No fue interseccion,Sobre calle,Ninguna,Oscuro con iluminacion,Despejado,No,NO APLICA,23,41,0,5,1,08/08/2022,3
13,Georgia,131006,1,1,1,0,89,DEKALB (89),9997,Other,6,Junio,30,2022,0,36,SR-141 PEACHTREE RD,3,Highway estatal,Urbano,Arteria Principal,State Highway Agency,1,Sin jurisdiccion especial,18,33.87515,-84.3282,Peaton,El primer evento no fue una colision con un vehiculo automotor en transporte,Y-Intersection,Interseccion de Y,Sobre calle,Ninguna,Oscuro sin iluminacion,Despejado,No,NO APLICA,0,41,0,46,1,30/06/2022,1
13,Georgia,131007,1,1,1,0,121,FULTON (121),280,ATLANTA,7,Julio,30,2022,5,16,I-75 RAMP,1,Interestatal,Urbano,Arterial Principal -Freeway o ExpressWay,State Highway Agency,1,Sin jurisdiccion especial,1,33.74402222,-84.39153333,Peaton,El primer evento no fue una colision con un vehiculo automotor en transporte,Not an Intersection,No fue interseccion,Sobre calle,Ninguna,Oscuro sin iluminacion,Nublado,No,NO APLICA,99,99,99,99,1,30/07/2022,1
13,Georgia,131008,0,0,2,0,89,DEKALB (89),9997,Other,8,Agosto,7,2022,3,45,I-20,1,Interestatal,Urbano,Interestatal,State Highway Agency,1,Sin jurisdiccion especial,90,33.71134722,-84.21575278,Vehiculo en movimiento,Frente a Detrás,Not an Intersection,No fue interseccion,Sobre calle,Ninguna,Oscuro con iluminacion,Despejado,No,NO APLICA,3,57,4,9,1,07/08/2022,2
13,Georgia,131009,0,0,2,0,135,GWINNETT (135),0,NO APLICA,8,Agosto,1,2022,22,25,SR-124,3,Highway estatal,Urbano,Arteria Menor,State Highway Agency,0,Sin jurisdiccion especial,247,34.07086944,-83.91391111,Vehiculo en movimiento,Angulo,Not an Intersection,No fue interseccion,Sobre calle,Ninguna,Oscuro con iluminacion,Despejado,No,NO APLICA,99,99,99,99,1,01/08/2022,3
13,Georgia,131010,0,0,2,0,45,CARROLL (45),970,CARROLLTON,8,Agosto,2,2022,9,15,SR-166 BANKHEAD HWY,3,Highway estatal,Urbano,Arteria Principal,State Highway Agency,1,Sin jurisdiccion especial,196,33.59944722,-85.030875,Vehiculo en movimiento,Angulo,T-Intersection,Interseccion de T,Sobre calle,Ninguna,Dia total,Despejado,No,NO APLICA,9,16,9,28,1,02/08/2022,2
13,Georgia,131011,0,0,2,0,135,GWINNETT (135),800,BUFORD,8,Agosto,9,2022,16,46,CS-150823,6,Calle Local Municipalidad,Urbano,Colector Mayor,City or Municipal Highway Agency,0,Sin jurisdiccion especial,5,34.12649444,-84.07548889,Vehiculo en movimiento,Frente a frente,Not an Intersection,No fue interseccion,Sobre calle,Ninguna,Dia total,Nublado,No,NO APLICA,16,46,16,46,1,09/08/2022,2
13,Georgia,131012,0,0,1,0,139,HALL (139),2285,GAINESVILLE,8,Agosto,9,2022,12,51,BOGUS ROAD,5,Calle Local - Pueblo,Rural,Local,Town or Township Highway Agency,0,Sin jurisdiccion especial,17,34.41330833,-83.78696389,Volcadura,El primer evento no fue una colision con un vehiculo automotor en transporte,Not an Intersection,No fue interseccion,Sobre el lado de la calle,Ninguna,Dia total,Nublado,No,NO APLICA,12,51,13,0,1,09/08/2022,1
13,Georgia,131013,0,0,2,0,135,GWINNETT (135),5080,SNELLVILLE,8,Agosto,9,2022,13,10,SR-124 CENTERVILLE HIGHWAY,3,Highway estatal,Urbano,Arteria Principal,State Highway Agency,1,Sin jurisdiccion especial,44,33.82639722,-84.03161944,Vehiculo en movimiento,Angulo,Four-Way Intersection,Interseccion de 4 direcciones,Sobre calle,Ninguna,Dia total,Despejado,No,NO APLICA,99,98,99,98,1,09/08/2022,2
13,Georgia,131014,0,0,2,0,245,RICHMOND (245),310,AUGUSTA,8,Agosto,11,2022,3,50,SR-56 MIKE PADGETT HWY,3,Highway estatal,Urbano,Arteria Menor,State Highway Agency,0,Sin jurisdiccion especial,50,33.31030556,-81.95333889,Vehiculo en movimiento,Angulo,Not an Intersection,No fue interseccion,Sobre calle,Ninguna,Oscuro sin iluminacion,Despejado,No,NO APLICA,99,99,99,99,1,11/08/2022,2
13,Georgia,131015,0,0,1,0,89,DEKALB (89),4573,REDAN,8,Agosto,13,2022,99,99,SHADOW ROCK DR,6,Calle Local Municipalidad,Urbano,Colector Mayor,City or Municipal Highway Agency,0,Sin jurisdiccion especial,9,33.76320833,-84.15090278,Buzon de correo,El primer evento no fue una colision con un vehiculo automotor en transporte,Not an Intersection,No fue interseccion,Sobre el lado de la calle,Ninguna,Oscuro sin iluminacion,Despejado,No,NO APLICA,99,99,99,99,2,13/08/2022,2
13,Georgia,131016,0,0,3,0,21,BIBB (21),3390,MACON,8,Agosto,13,2022,19,48,SR-008700,3,Highway estatal,Urbano,Arteria Menor,State Highway Agency,0,Sin jurisdiccion especial,135,32.880275,-83.66846111,Vehiculo en movimiento,Angulo,Not an Intersection,No fue interseccion,Sobre calle,Ninguna,Dia total,Despejado,No,NO APLICA,19,50,19,56,1,13/08/2022,6
13,Georgia,131017,0,0,2,0,67,COBB (67),3348,MABLETON,6,Junio,26,2022,6,40,SR-139 MABLETON PKWY,3,Highway estatal,Urbano,Arteria Menor,State Highway Agency,0,Sin jurisdiccion especial,16,33.79176944,-84.55641944,Vehiculo en movimiento,Frente a frente,Not an Intersection,No fue interseccion,Sobre calle,Ninguna,Dia total,Despejado,No,NO APLICA,6,40,6,42,1,26/06/2022,2
13,Georgia,131018,0,0,1,0,259,STEWART (259),9997,Other,7,Julio,29,2022,19,40,CS-MOORE STORE RD,5,Calle Local - Pueblo,Rural,Colector Menor,City or Municipal Highway Agency,0,Sin jurisdiccion especial,148,32.21953056,-84.78663333,Barda,El primer evento no fue una colision con un vehiculo automotor en transporte,Not an Intersection,No fue interseccion,Sobre el lado de la calle,Ninguna,Dia total,Despejado,No,NO APLICA,19,23,19,36,1,29/07/2022,1
13,Georgia,131019,0,0,2,0,21,BIBB (21),3390,MACON,8,Agosto,12,2022,17,40,SR-247,3,Highway estatal,Urbano,Arteria Principal,State Highway Agency,1,Sin jurisdiccion especial,32,32.70567778,-83.64238889,Vehiculo en movimiento,Angulo,T-Intersection,Interseccion de T,Sobre calle,Ninguna,Dia total,Nublado,No,NO APLICA,99,98,99,98,1,12/08/2022,2
13,Georgia,131020,1,1,1,0,89,DEKALB (89),350,AVONDALE ESTATES,8,Agosto,12,2022,21,39,SR-12,3,Highway estatal,Urbano,Arteria Menor,State Highway Agency,0,Sin jurisdiccion especial,2,33.77078056,-84.253525,Peaton,El primer evento no fue una colision con un vehiculo automotor en transporte,Not an Intersection,No fue interseccion,Sobre calle,Ninguna,Oscuro con iluminacion,Despejado,No,NO APLICA,99,98,99,98,1,12/08/2022,2
13,Georgia,131021,1,1,1,0,127,GLYNN (127),760,BRUNSWICK,7,Julio,31,2022,22,19,CR-590,4,Calle del Condado,Urbano,Arteria Menor,County Highway Agency,0,Sin jurisdiccion especial,8,31.21299722,-81.48083611,Peaton,El primer evento no fue una colision con un vehiculo automotor en transporte,Four-Way Intersection,Interseccion de 4 direcciones,Sobre calle,Ninguna,Oscuro con iluminacion,Despejado,No,NO APLICA,22,31,22,46,1,31/07/2022,1
13,Georgia,131022,0,0,1,0,121,FULTON (121),9997,Other,8,Agosto,11,2022,18,35,US-29AL,2,US Highway,Urbano,Arteria Principal,State Highway Agency,1,Sin jurisdiccion especial,55,33.59440833,-84.64160278,Soporte de  señalamiento de transito,El primer evento no fue una colision con un vehiculo automotor en transporte,Not an Intersection,No fue interseccion,Sobre el lado de la calle,Ninguna,Dia total,Despejado,No,NO APLICA,99,99,99,99,1,11/08/2022,1
13,Georgia,131023,0,0,1,0,273,TERRELL (273),1580,DAWSON,8,Agosto,13,2022,16,37,SASSER HEROD ROAD,6,Calle Local Municipalidad,Rural,Colector Mayor,City or Municipal Highway Agency,0,Sin jurisdiccion especial,18,31.70469722,-84.41153056,Zanja,El primer evento no fue una colision con un vehiculo automotor en transporte,Not an Intersection,No fue interseccion,Sobre el lado de la calle,Ninguna,Dia total,Despejado,No,NO APLICA,16,44,16,53,1,13/08/2022,1
13,Georgia,131024,0,0,2,0,245,RICHMOND (245),310,AUGUSTA,8,Agosto,15,2022,17,7,OLD MCDUFFIE RD,6,Calle Local Municipalidad,Urbano,Colector Mayor,City or Municipal Highway Agency,0,Sin jurisdiccion especial,4,33.44546389,-82.06305556,Volcadura,El primer evento no fue una colision con un vehiculo automotor en transporte,T-Intersection,Interseccion de T,Sobre calle,Ninguna,Dia total,Despejado,Yes,NO APLICA,99,99,99,98,1,15/08/2022,4
13,Georgia,131025,1,1,1,0,89,DEKALB (89),1610,DECATUR,8,Agosto,15,2022,23,34,SR-000800,3,Highway estatal,Urbano,Arteria Principal,State Highway Agency,1,Sin jurisdiccion especial,31,33.784775,-84.30403333,Peaton,El primer evento no fue una colision con un vehiculo automotor en transporte,Four-Way Intersection,Interseccion de 4 direcciones,Sobre calle,Ninguna,Oscuro con iluminacion,Nublado,No,NO APLICA,23,34,23,53,1,15/08/2022,1
13,Georgia,131026,0,0,1,0,107,EMANUEL (107),5600,TWIN CITY,7,Julio,22,2022,16,34,CR-454,4,Calle del Condado,Rural,Colector Mayor,County Highway Agency,0,Sin jurisdiccion especial,98,32.52141667,-82.16148889,Volcadura,El primer evento no fue una colision con un vehiculo automotor en transporte,Not an Intersection,No fue interseccion,Fuera de la calle,Ninguna,Dia total,Despejado,No,NO APLICA,16,36,16,47,1,22/07/2022,1
13,Georgia,131027,1,1,1,0,241,RABUN (241),1170,CLAYTON,7,Julio,29,2022,8,54,SR-2,3,Highway estatal,Rural,Arteria Principal,State Highway Agency,1,Sin jurisdiccion especial,158,34.87830278,-83.40070833,Peaton,El primer evento no fue una colision con un vehiculo automotor en transporte,Four-Way Intersection,Interseccion de 4 direcciones,Sobre calle,Ninguna,Dia total,Despejado,No,NO APLICA,8,44,8,45,1,29/07/2022,1