Estado,Nombre de Estado,Numero de Caso,Peatones,Personas _no_vehiculos,Vehiculos automotores,Vehiculos estacionados,Condado,Nombre Condado,Ciudad,Nombre Ciudad,Mes,Nombre Mes,Dia,Año,Hora,Minuto,Calle,Ruta,Nombre Ruta,Rural o Urbanoo,Sistema Funcional,Dueño Calle,Sistema Nacional Carreteras,Jurisdiccion Especial,Milla,Latitud,Longitud,Causa del Accidente,Tipo de Accidente,Tipo Interseccion,Columna1,Lugar en la calle,Zona de Trabajo,Luz,Clima,Autobus Escolar,Cruce de Trenes,Hora Notificacion,Minuto Notificacion,Hora Llegada,Minuto Llegada,Decesos,Fecha,PersonaVehiculo
13,Georgia,131028,1,1,1,0,121,FULTON (121),280,ATLANTA,8,Agosto,8,2022,22,39,JOSEPH E LOWERY BLVD SW,6,Calle Local Municipalidad,Urbano,Colector Mayor,City or Municipal Highway Agency,0,Sin jurisdiccion especial,20,33.75373611,-84.41754722,Peaton,El primer evento no fue una colision con un vehiculo automotor en transporte,Not an Intersection,No fue interseccion,Sobre calle,Ninguna,Oscuro con iluminacion,Despejado,No,NO APLICA,22,42,23,20,1,08/08/2022,3
13,Georgia,131029,0,0,2,0,177,LEE (177),3120,LEESBURG,8,Agosto,4,2022,17,1,US-19,2,US Highway,Urbano,Arteria Principal,State Highway Agency,1,Sin jurisdiccion especial,0,31.65675,-84.17305278,Vehiculo en movimiento,Frente a frente,Four-Way Intersection,Interseccion de 4 direcciones,Sobre calle,Ninguna,Dia total,Nublado,No,NO APLICA,17,6,17,8,1,04/08/2022,2
13,Georgia,131030,0,0,1,0,121,FULTON (121),1250,COLLEGE PARK,8,Agosto,13,2022,19,50,I-285 EXIT RAMP,1,Interestatal,Urbano,Interestatal,State Highway Agency,1,Sin jurisdiccion especial,3,33.61628333,-84.48932778,Zanja,El primer evento no fue una colision con un vehiculo automotor en transporte,Not an Intersection,No fue interseccion,Gore?,Ninguna,Dia total,Despejado,No,NO APLICA,19,55,20,5,1,13/08/2022,1
13,Georgia,131031,0,0,2,0,151,HENRY (151),3360,MCDONOUGH,8,Agosto,14,2022,1,35,SR-20,3,Highway estatal,Urbano,Arteria Menor,State Highway Agency,1,Sin jurisdiccion especial,90,33.43117778,-84.17801667,Vehiculo en movimiento,Frente a frente,Four-Way Intersection,Interseccion de 4 direcciones,Sobre calle,Ninguna,Oscuro con iluminacion,Despejado,No,NO APLICA,1,38,1,45,1,14/08/2022,4
13,Georgia,131032,0,0,2,0,31,BULLOCH (31),730,BROOKLET,8,Agosto,15,2022,10,0,SR-26,3,Highway estatal,Rural,Arteria Menor,State Highway Agency,0,Sin jurisdiccion especial,244,32.402725,-81.68588611,Vehiculo en movimiento,Angulo,T-Intersection,Interseccion de T,Sobre calle,Ninguna,Dia total,Nublado,No,NO APLICA,9,59,10,9,1,15/08/2022,2
13,Georgia,131033,0,0,2,0,107,EMANUEL (107),5200,STILLMORE,8,Agosto,17,2022,6,5,SR-57,3,Highway estatal,Rural,Arteria Menor,State Highway Agency,0,Sin jurisdiccion especial,256,32.43310833,-82.21489722,Vehiculo en movimiento,Angulo,Y-Intersection,Interseccion de Y,Sobre calle,Ninguna,Oscuro sin iluminacion,Despejado,No,NO APLICA,6,14,7,33,3,17/08/2022,5
13,Georgia,131034,0,0,2,0,137,HABERSHAM (137),1150,CLARKESVILLE,8,Agosto,6,2022,16,19,SR-17,3,Highway estatal,Rural,Arteria Menor,State Highway Agency,0,Sin jurisdiccion especial,3,34.61505278,-83.56916111,Vehiculo en movimiento,Frente a frente,T-Intersection,Interseccion de T,Sobre calle,Ninguna,Dia total,Nublado,No,NO APLICA,16,18,16,21,1,06/08/2022,3
13,Georgia,131036,0,0,2,0,103,EFFINGHAM (103),4670,RINCON,8,Agosto,15,2022,6,31,SR-21,3,Highway estatal,Urbano,Arteria Principal,State Highway Agency,1,Sin jurisdiccion especial,57,32.30615556,-81.24445,Vehiculo en movimiento,Frente a Detrás,Not an Intersection,No fue interseccion,Sobre calle,Ninguna,Dia total,Despejado,No,NO APLICA,6,27,6,30,1,15/08/2022,2
13,Georgia,131038,0,0,2,0,67,COBB (67),3440,MARIETTA,8,Agosto,15,2022,22,13,CHASTAIN MEADOWS PKWY,6,Calle Local Municipalidad,Urbano,Local,City or Municipal Highway Agency,0,Sin jurisdiccion especial,10,34.02779167,-84.55716667,Vehiculo en movimiento,Angulo,Not an Intersection,No fue interseccion,Sobre calle,Ninguna,Oscuro sin iluminacion,lluvia,No,NO APLICA,22,14,22,42,1,15/08/2022,5
13,Georgia,131039,0,0,2,0,275,THOMAS (275),5460,THOMASVILLE,8,Agosto,18,2022,6,45,E PINETREE BLVD,6,Calle Local Municipalidad,Urbano,Colector Mayor,City or Municipal Highway Agency,0,Sin jurisdiccion especial,4,30.82180833,-83.94796111,Vehiculo en movimiento,Frente a frente,Not an Intersection,No fue interseccion,Sobre calle,Ninguna,Amanecer,Nublado,No,NO APLICA,6,47,6,51,1,18/08/2022,2
13,Georgia,131040,2,2,1,0,313,WHITFIELD (313),1510,DALTON,8,Agosto,18,2022,21,5,AIRPORT RD,6,Calle Local Municipalidad,Urbano,Colector Mayor,City or Municipal Highway Agency,0,Sin jurisdiccion especial,2,34.71137222,-84.866,Ciclista,El primer evento no fue una colision con un vehiculo automotor en transporte,Not an Intersection,No fue interseccion,Sobre calle,Ninguna,Oscuro sin iluminacion,Nublado,No,NO APLICA,22,34,22,48,1,18/08/2022,1
13,Georgia,131041,1,1,1,0,89,DEKALB (89),9997,Other,8,Agosto,21,2022,0,20,SR-12 COVINGTON HWY,3,Highway estatal,Urbano,Arteria Menor,State Highway Agency,0,Sin jurisdiccion especial,12,33.76119444,-84.24638611,Peaton,El primer evento no fue una colision con un vehiculo automotor en transporte,Not an Intersection,No fue interseccion,Sobre calle,Ninguna,Oscuro sin iluminacion,lluvia,No,NO APLICA,99,99,99,99,1,21/08/2022,1
13,Georgia,131042,0,0,1,0,115,FLOYD (115),3190,LINDALE,8,Agosto,18,2022,21,37,SR-101 ROCKMART HWY,3,Highway estatal,Urbano,Arteria Menor,State Highway Agency,0,Sin jurisdiccion especial,360,34.16361111,-85.142425,Poste de Señal de trafico,El primer evento no fue una colision con un vehiculo automotor en transporte,Not an Intersection,No fue interseccion,Sobre el lado de la calle,Ninguna,Oscuro sin iluminacion,Despejado,No,NO APLICA,21,38,21,47,1,18/08/2022,1
13,Georgia,131043,0,0,1,0,311,WHITE (311),9997,Other,8,Agosto,14,2022,21,45,SR-75,3,Highway estatal,Rural,Arteria Menor,State Highway Agency,0,Sin jurisdiccion especial,42,34.65249722,-83.731775,Culvert,El primer evento no fue una colision con un vehiculo automotor en transporte,Not an Intersection,No fue interseccion,Sobre el lado de la calle,Ninguna,Oscuro sin iluminacion,Despejado,No,NO APLICA,7,28,7,35,1,14/08/2022,1
13,Georgia,131044,0,0,2,0,157,JACKSON (157),2920,JEFFERSON,8,Agosto,18,2022,21,38,SR-82,3,Highway estatal,Urbano,Colector Mayor,State Highway Agency,0,Sin jurisdiccion especial,131,34.18492778,-83.5893,Vehiculo en movimiento,Frente a Detrás,Not an Intersection,No fue interseccion,Sobre Acotamiento,Ninguna,Oscuro sin iluminacion,Nublado,No,NO APLICA,21,39,21,48,1,18/08/2022,3
13,Georgia,131045,0,0,3,0,207,MONROE (207),9898,Not Reported,8,Agosto,19,2022,3,4,SR-401,3,Highway estatal,Rural,Interestatal,State Highway Agency,1,Sin jurisdiccion especial,174,33.07478611,-83.98033056,Vehiculo en movimiento,Frente a Detrás,Not an Intersection,No fue interseccion,Sobre calle,Ninguna,Oscuro sin iluminacion,Despejado,No,NO APLICA,3,7,3,9,1,19/08/2022,3
13,Georgia,131046,0,0,2,0,131,GRADY (131),850,CAIRO,8,Agosto,19,2022,13,0,SR-84,3,Highway estatal,Urbano,Arteria Principal,State Highway Agency,1,Sin jurisdiccion especial,129,30.87728611,-84.17841389,Vehiculo en movimiento,Frente a frente,Not an Intersection,No fue interseccion,Sobre calle,Ninguna,Dia total,Despejado,No,NO APLICA,12,57,13,2,1,19/08/2022,2
13,Georgia,131047,0,0,2,0,59,CLARKE (59),270,ATHENS,8,Agosto,22,2022,21,8,SR-29,3,Highway estatal,Urbano,Arteria Menor,State Highway Agency,0,Sin jurisdiccion especial,100,34.02210278,-83.32019444,Vehiculo en movimiento,Angulo,Four-Way Intersection,Interseccion de 4 direcciones,Sobre calle,Ninguna,Oscuro sin iluminacion,Despejado,No,NO APLICA,21,14,21,21,1,22/08/2022,2
13,Georgia,131048,1,1,1,0,63,CLAYTON (63),2180,FOREST PARK,8,Agosto,15,2022,0,56,I-285 E,1,Interestatal,Urbano,Interestatal,State Highway Agency,1,Sin jurisdiccion especial,18,33.631175,-84.389475,Peaton,El primer evento no fue una colision con un vehiculo automotor en transporte,Not an Intersection,No fue interseccion,Sobre calle,Ninguna,Oscuro sin iluminacion,Despejado,No,NO APLICA,99,98,99,98,1,15/08/2022,1
13,Georgia,131050,0,0,1,0,87,DECATUR (87),370,BAINBRIDGE,8,Agosto,22,2022,14,40,LAKE DOUGLAS RD,6,Calle Local Municipalidad,Urbano,Colector Mayor,City or Municipal Highway Agency,0,Sin jurisdiccion especial,52,30.86647222,-84.49326389,Culvert,El primer evento no fue una colision con un vehiculo automotor en transporte,Not an Intersection,No fue interseccion,Sobre el lado de la calle,Ninguna,Dia total,Despejado,No,NO APLICA,14,46,14,48,2,22/08/2022,2
13,Georgia,131051,0,0,1,0,151,HENRY (151),3360,MCDONOUGH,8,Agosto,23,2022,9,13,I-75 SOUTH,1,Interestatal,Urbano,Interestatal,State Highway Agency,1,Sin jurisdiccion especial,122,33.45261667,-84.20454167,Barrera de Trafico de Concreto,El primer evento no fue una colision con un vehiculo automotor en transporte,Not an Intersection,No fue interseccion,Sobre el lado de la calle,Ninguna,Dia total,Despejado,No,NO APLICA,9,19,9,27,1,23/08/2022,1
13,Georgia,131052,0,0,1,0,321,WORTH (321),9997,Other,8,Agosto,18,2022,18,20,US-82,2,US Highway,Rural,Arteria Principal,State Highway Agency,1,Sin jurisdiccion especial,197,31.47661667,-83.67358056,Buzon de correo,El primer evento no fue una colision con un vehiculo automotor en transporte,Not an Intersection,No fue interseccion,Sobre el lado de la calle,Construccion,Dia total,Nublado,No,NO APLICA,18,24,18,34,1,18/08/2022,2
13,Georgia,131053,1,1,1,0,89,DEKALB (89),3210,LITHONIA,8,Agosto,23,2022,6,48,S HAIRSTON RD,6,Calle Local Municipalidad,Urbano,Arteria Principal,City or Municipal Highway Agency,1,Sin jurisdiccion especial,41,33.72925556,-84.19521111,Peaton,El primer evento no fue una colision con un vehiculo automotor en transporte,T-Intersection,Interseccion de T,Sobre calle,Ninguna,Oscuro sin iluminacion,Nublado,No,NO APLICA,99,99,99,99,1,23/08/2022,1
13,Georgia,131054,0,0,1,0,89,DEKALB (89),4573,REDAN,8,Agosto,25,2022,8,36,S HAIRSTON RD,6,Calle Local Municipalidad,Urbano,Arteria Principal,City or Municipal Highway Agency,1,Sin jurisdiccion especial,0,33.776875,-84.192575,Banqueta,El primer evento no fue una colision con un vehiculo automotor en transporte,T-Intersection,Interseccion de T,Sobre el lado de la calle,Ninguna,Dia total,lluvia,No,NO APLICA,99,98,99,98,1,25/08/2022,1
13,Georgia,131055,1,2,2,1,179,LIBERTY (179),2135,FLEMING,8,Agosto,22,2022,8,30,SR-25,3,Highway estatal,Rural,Arteria Menor,State Highway Agency,0,Sin jurisdiccion especial,171,31.86607222,-81.39873333,Peaton,El primer evento no fue una colision con un vehiculo automotor en transporte,Not an Intersection,No fue interseccion,Sobre Acotamiento,Ninguna,Dia total,Nublado,No,NO APLICA,9,30,9,40,1,22/08/2022,3
13,Georgia,131056,0,0,2,0,15,BARTOW (15),980,CARTERSVILLE,8,Agosto,23,2022,18,30,SR-3,3,Highway estatal,Urbano,Arteria Principal,State Highway Agency,1,Sin jurisdiccion especial,120,34.21900278,-84.84348333,Vehiculo en movimiento,Angulo,Four-Way Intersection,Interseccion de 4 direcciones,Sobre calle,Ninguna,Dia total,Despejado,No,NO APLICA,18,33,18,37,1,23/08/2022,5
13,Georgia,131057,0,0,2,0,189,MCDUFFIE (189),5470,THOMSON,8,Agosto,21,2022,16,22,SR-223,3,Highway estatal,Urbano,Colector Mayor,State Highway Agency,0,Sin jurisdiccion especial,35,33.47963056,-82.45003611,Vehiculo en movimiento,Angulo,T-Intersection,Interseccion de T,Sobre calle,Ninguna,Dia total,Despejado,No,NO APLICA,16,19,16,28,1,21/08/2022,2
13,Georgia,131058,0,0,1,0,121,FULTON (121),280,ATLANTA,8,Agosto,22,2022,13,45,I-75,1,Interestatal,Urbano,Interestatal,State Highway Agency,1,Sin jurisdiccion especial,0,33.72336944,-84.39460278,Barrera de Trafico de Concreto,El primer evento no fue una colision con un vehiculo automotor en transporte,Not an Intersection,No fue interseccion,Gore?,Ninguna,Dia total,Nublado,No,NO APLICA,13,54,13,57,1,22/08/2022,1
13,Georgia,131059,0,0,2,0,97,DOUGLAS (97),3208,LITHIA SPRINGS,8,Agosto,23,2022,14,50,MT VERNON RD,5,Calle Local - Pueblo,Urbano,Local,Town or Township Highway Agency,0,Sin jurisdiccion especial,19,33.74738611,-84.63898056,Vehiculo en movimiento,Frente a frente,Not an Intersection,No fue interseccion,Sobre calle,Ninguna,Dia total,Despejado,Yes,NO APLICA,14,50,15,1,1,23/08/2022,3
13,Georgia,131060,0,0,2,0,293,UPSON (293),5450,THOMASTON,8,Agosto,23,2022,23,25,E LEE STREET,6,Calle Local Municipalidad,Urbano,Colector Mayor,City or Municipal Highway Agency,0,Sin jurisdiccion especial,3,32.88628056,-84.32353889,Vehiculo en movimiento,Frente a frente,Not an Intersection,No fue interseccion,Sobre calle,Ninguna,Oscuro con iluminacion,Nublado,No,NO APLICA,23,24,23,29,1,23/08/2022,2
13,Georgia,131062,0,0,1,0,45,CARROLL (45),5730,VILLA RICA,8,Agosto,21,2022,15,9,ROCKY BRANCH ROAD,6,Calle Local Municipalidad,Urbano,Local,City or Municipal Highway Agency,0,Sin jurisdiccion especial,3,33.72024167,-84.96293889,Arbol,El primer evento no fue una colision con un vehiculo automotor en transporte,Not an Intersection,No fue interseccion,Sobre el lado de la calle,Ninguna,Dia total,Despejado,No,NO APLICA,15,12,15,25,1,21/08/2022,3
13,Georgia,131063,0,0,1,0,85,DAWSON (85),0,NO APLICA,8,Agosto,25,2022,17,10,SR-52,3,Highway estatal,Rural,Colector Mayor,State Highway Agency,1,Sin jurisdiccion especial,2,34.57512222,-84.30303889,Arbol,El primer evento no fue una colision con un vehiculo automotor en transporte,Not an Intersection,No fue interseccion,Sobre el lado de la calle,Ninguna,Dia total,Despejado,No,NO APLICA,17,20,17,34,1,25/08/2022,1
13,Georgia,131064,1,1,1,0,13,BARROW (13),5980,WINDER,8,Agosto,21,2022,0,2,SR-211,3,Highway estatal,Urbano,Arteria Menor,State Highway Agency,0,Sin jurisdiccion especial,164,34.01661667,-83.75974444,Peaton,El primer evento no fue una colision con un vehiculo automotor en transporte,Not an Intersection,No fue interseccion,Sobre calle,Ninguna,Oscuro sin iluminacion,lluvia,No,NO APLICA,7,2,7,2,1,21/08/2022,1
13,Georgia,131065,0,0,2,0,267,TATTNALL (267),2370,GLENNVILLE,8,Agosto,11,2022,14,55,SR-73,3,Highway estatal,Rural,Arteria Menor,State Highway Agency,0,Sin jurisdiccion especial,27,31.97493056,-81.91821944,Vehiculo en movimiento,Frente a Detrás,Not an Intersection,No fue interseccion,Sobre calle,"Zona de trabajo, tipo desconocido",Dia total,lluvia,No,NO APLICA,99,99,99,99,1,11/08/2022,2
13,Georgia,131066,0,0,3,0,103,EFFINGHAM (103),5130,SPRINGFIELD,8,Agosto,24,2022,18,19,STILLWELL RD,6,Calle Local Municipalidad,Rural,Colector Mayor,City or Municipal Highway Agency,0,Sin jurisdiccion especial,17,32.37026667,-81.26874167,Vehiculo en movimiento,Angulo,Four-Way Intersection,Interseccion de 4 direcciones,Sobre calle,Ninguna,Dia total,Nublado,No,NO APLICA,18,20,18,27,1,24/08/2022,5
13,Georgia,131067,0,0,2,0,83,DADE (83),5560,TRENTON,8,Agosto,26,2022,17,4,SR-189 SCENIC HWY,3,Highway estatal,Rural,Colector Mayor,State Highway Agency,0,Sin jurisdiccion especial,10,34.82066667,-85.46545278,Vehiculo en movimiento,Frente a frente,Not an Intersection,No fue interseccion,Sobre calle,Ninguna,Dia total,Despejado,No,NO APLICA,17,2,17,14,1,26/08/2022,2
13,Georgia,131068,0,0,2,0,245,RICHMOND (245),310,AUGUSTA,8,Agosto,26,2022,19,47,OLD SAVANNAH ROAD,6,Calle Local Municipalidad,Urbano,Arteria Menor,City or Municipal Highway Agency,0,Sin jurisdiccion especial,10,33.45171111,-81.98575,Vehiculo en movimiento,Frente a frente,Not an Intersection,No fue interseccion,Sobre calle,Ninguna,Oscuro con iluminacion,Nublado,No,NO APLICA,20,11,20,29,1,26/08/2022,2
13,Georgia,131069,0,0,1,0,21,BIBB (21),3390,MACON,8,Agosto,27,2022,21,15,I-75 ENTRANCE RAMP FROM H,1,Interestatal,Urbano,Arterial Principal -Freeway o ExpressWay,State Highway Agency,1,Sin jurisdiccion especial,5,32.758275,-83.70706389,Volcadura,El primer evento no fue una colision con un vehiculo automotor en transporte,Not an Intersection,No fue interseccion,Sobre calle,Ninguna,Oscuro con iluminacion,Nublado,No,NO APLICA,21,29,21,41,1,27/08/2022,1
13,Georgia,131070,0,0,2,0,219,OCONEE (219),0,NO APLICA,8,Agosto,27,2022,23,0,SR-10,3,Highway estatal,Rural,Arteria Principal,State Highway Agency,1,Sin jurisdiccion especial,16,33.90007778,-83.57472778,Vehiculo en movimiento,Frente a Detrás,Four-Way Intersection,Interseccion de 4 direcciones,Sobre calle,Ninguna,Oscuro sin iluminacion,Despejado,No,NO APLICA,23,11,23,19,1,27/08/2022,3
13,Georgia,131071,0,0,1,0,103,EFFINGHAM (103),1932,EDEN,8,Agosto,27,2022,23,7,OLD RIVER ROAD,5,Calle Local - Pueblo,Rural,Colector Mayor,Town or Township Highway Agency,0,Sin jurisdiccion especial,44,32.16445,-81.38483333,Buzon de correo,El primer evento no fue una colision con un vehiculo automotor en transporte,Not an Intersection,No fue interseccion,Sobre el lado de la calle,Ninguna,Oscuro sin iluminacion,Despejado,No,NO APLICA,99,98,99,98,1,27/08/2022,1
13,Georgia,131072,0,0,1,0,235,PULASKI (235),2620,HAWKINSVILLE,8,Agosto,27,2022,23,55,SR-230,3,Highway estatal,Rural,Colector Mayor,State Highway Agency,0,Sin jurisdiccion especial,60,32.26794722,-83.53829722,Zanja,El primer evento no fue una colision con un vehiculo automotor en transporte,Not an Intersection,No fue interseccion,Sobre el lado de la calle,Ninguna,Oscuro sin iluminacion,Despejado,No,NO APLICA,23,48,23,54,1,27/08/2022,1
13,Georgia,131073,0,0,1,0,63,CLAYTON (63),1993,ELLENWOOD,8,Agosto,28,2022,1,6,REX RD,6,Calle Local Municipalidad,Urbano,Colector Mayor,City or Municipal Highway Agency,0,Sin jurisdiccion especial,1,33.5914,-84.29715,Valla Ferrocarril,El primer evento no fue una colision con un vehiculo automotor en transporte,Not an Intersection,No fue interseccion,Sobre el lado de la calle,Ninguna,Oscuro sin iluminacion,Despejado,No,NO APLICA,99,98,99,98,1,28/08/2022,1
13,Georgia,131074,0,0,2,0,99,EARLY (99),550,BLAKELY,8,Agosto,28,2022,14,15,SR-62 COLUMBIA RD,3,Highway estatal,Rural,Arteria Principal,State Highway Agency,1,Sin jurisdiccion especial,125,31.37540278,-84.93628889,Vehiculo en movimiento,Angulo,Four-Way Intersection,Interseccion de 4 direcciones,Sobre calle,Ninguna,Dia total,Despejado,No,NO APLICA,14,5,14,30,1,28/08/2022,3
13,Georgia,131075,0,0,2,0,51,CHATHAM (51),2290,GARDEN CITY,8,Agosto,29,2022,0,6,SR-21,3,Highway estatal,Urbano,Arterial Principal -Freeway o ExpressWay,State Highway Agency,1,Sin jurisdiccion especial,74,32.10232222,-81.14738611,Vehiculo en movimiento,Frente a Detrás,Not an Intersection,No fue interseccion,Sobre calle,Ninguna,Oscuro sin iluminacion,Nublado,No,NO APLICA,0,4,0,15,1,29/08/2022,2
13,Georgia,131076,1,1,1,0,287,TURNER (287),5320,SYCAMORE,8,Agosto,29,2022,3,27,I-75 SB MM 78,1,Interestatal,Rural,Interestatal,State Highway Agency,1,Sin jurisdiccion especial,53,31.66238611,-83.60496389,Peaton,El primer evento no fue una colision con un vehiculo automotor en transporte,Not an Intersection,No fue interseccion,Sobre calle,Ninguna,Oscuro sin iluminacion,Nublado,No,NO APLICA,3,27,3,33,1,29/08/2022,1
13,Georgia,131077,0,0,2,0,161,JEFF DAVIS (161),2630,HAZLEHURST,8,Agosto,29,2022,5,58,SR-27,3,Highway estatal,Rural,Arteria Principal,State Highway Agency,1,Sin jurisdiccion especial,86,31.85551111,-82.56323611,Vehiculo en movimiento,Angulo,T-Intersection,Interseccion de T,Sobre calle,Ninguna,Oscuro sin iluminacion,Nublado,No,NO APLICA,6,0,6,4,1,29/08/2022,2
13,Georgia,131078,0,0,2,0,121,FULTON (121),2570,HAPEVILLE,8,Agosto,5,2022,5,35,I-75 S,1,Interestatal,Urbano,Interestatal,State Highway Agency,1,Sin jurisdiccion especial,8,33.66047778,-84.39512778,Vehiculo en movimiento,Frente a Detrás,Not an Intersection,No fue interseccion,Sobre calle,Ninguna,Oscuro con iluminacion,Nublado,No,NO APLICA,99,99,99,99,1,05/08/2022,4
13,Georgia,131079,0,0,1,0,145,HARRIS (145),2550,HAMILTON,8,Agosto,19,2022,0,30,I-185 S,1,Interestatal,Rural,Interestatal,State Highway Agency,1,Sin jurisdiccion especial,69,32.696375,-84.99908056,Zanja,El primer evento no fue una colision con un vehiculo automotor en transporte,Not an Intersection,No fue interseccion,Sobre el lado de la calle,Ninguna,Oscuro sin iluminacion,Despejado,No,NO APLICA,0,44,0,57,1,19/08/2022,2
13,Georgia,131080,1,1,1,0,127,GLYNN (127),760,BRUNSWICK,8,Agosto,26,2022,22,36,PARKWOOD DR,6,Calle Local Municipalidad,Urbano,Arteria Menor,City or Municipal Highway Agency,0,Sin jurisdiccion especial,10,31.17378611,-81.48441667,Peaton,El primer evento no fue una colision con un vehiculo automotor en transporte,Not an Intersection,No fue interseccion,Sobre calle,Ninguna,Oscuro sin iluminacion,lluvia,No,NO APLICA,22,38,22,44,1,26/08/2022,1
13,Georgia,131081,0,0,1,0,57,CHEROKEE (57),5760,WALESKA,8,Agosto,27,2022,23,53,SR-140 REINHARDT COLLEGE PKWY,3,Highway estatal,Rural,Colector Mayor,State Highway Agency,0,Sin jurisdiccion especial,29,34.34870278,-84.6003,Arbol,El primer evento no fue una colision con un vehiculo automotor en transporte,Not an Intersection,No fue interseccion,Sobre el lado de la calle,Ninguna,Oscuro sin iluminacion,Nublado,No,NO APLICA,99,98,99,98,1,27/08/2022,1
13,Georgia,131082,1,1,1,0,255,SPALDING (255),2510,GRIFFIN,8,Agosto,28,2022,21,34,SR-16,3,Highway estatal,Urbano,Arteria Principal,State Highway Agency,1,Sin jurisdiccion especial,130,33.24738056,-84.27883611,Peaton,El primer evento no fue una colision con un vehiculo automotor en transporte,Not an Intersection,No fue interseccion,Sobre calle,Ninguna,Oscuro sin iluminacion,Despejado,No,NO APLICA,21,37,21,41,1,28/08/2022,1
13,Georgia,131085,0,0,2,0,71,COLQUITT (71),3800,MOULTRIE,8,Agosto,22,2022,1,4,SR-133,3,Highway estatal,Urbano,Arteria Principal,State Highway Agency,1,Sin jurisdiccion especial,172,31.20839167,-83.77855278,Vehiculo en movimiento,Frente a Detrás,Four-Way Intersection,Interseccion de 4 direcciones,Sobre calle,Construccion,Oscuro con iluminacion,Despejado,No,NO APLICA,1,3,1,10,1,22/08/2022,3
13,Georgia,131086,0,0,1,0,153,HOUSTON (153),4340,PERRY,8,Agosto,21,2022,8,0,US-129,2,US Highway,Rural,Arteria Menor,State Highway Agency,1,Sin jurisdiccion especial,73,32.46363611,-83.61333889,Zanja,El primer evento no fue una colision con un vehiculo automotor en transporte,Not an Intersection,No fue interseccion,Sobre el lado de la calle,Construccion,Oscuro sin iluminacion,lluvia,No,NO APLICA,99,98,99,98,1,21/08/2022,1
13,Georgia,131087,0,0,2,0,147,HART (147),900,CANON,9,Septiembre,3,2022,16,6,BEAVERDAM FARM ROAD,5,Calle Local - Pueblo,Rural,Local,Town or Township Highway Agency,0,Sin jurisdiccion especial,13,34.31562222,-83.08233333,Vehiculo en movimiento,Angulo,T-Intersection,Interseccion de T,Sobre calle,Ninguna,Dia total,Nublado,No,NO APLICA,16,2,16,5,1,03/09/2022,4
13,Georgia,131088,0,0,2,0,69,COFFEE (69),1760,DOUGLAS,8,Agosto,31,2022,12,20,SR-31,3,Highway estatal,Urbano,Arteria Principal,State Highway Agency,1,Sin jurisdiccion especial,37,31.45813333,-82.85065833,Vehiculo en movimiento,Frente a Detrás,Not an Intersection,No fue interseccion,Sobre calle,Ninguna,Dia total,Nublado,No,NO APLICA,12,20,12,31,1,31/08/2022,2
13,Georgia,131089,0,0,2,0,165,JENKINS (165),9898,Not Reported,9,Septiembre,2,2022,18,5,SR-67,3,Highway estatal,Rural,Arteria Principal,State Highway Agency,1,Sin jurisdiccion especial,25,32.66081944,-81.93763333,Vehiculo en movimiento,Frente a Detrás,Not an Intersection,No fue interseccion,Sobre calle,Ninguna,Dia total,Nublado,No,NO APLICA,18,10,18,17,1,02/09/2022,4
13,Georgia,131090,0,0,1,0,139,HALL (139),2285,GAINESVILLE,9,Septiembre,4,2022,0,40,SR-369 BROWNS BRIDGE ROAD,3,Highway estatal,Urbano,Arteria Menor,State Highway Agency,0,Sin jurisdiccion especial,23,34.27336111,-83.91546944,Poste de Señal de trafico,El primer evento no fue una colision con un vehiculo automotor en transporte,Not an Intersection,No fue interseccion,Sobre el lado de la calle,Ninguna,Oscuro sin iluminacion,Neblina o Humo,No,NO APLICA,99,98,99,98,1,04/09/2022,1
13,Georgia,131091,0,0,1,0,245,RICHMOND (245),310,AUGUSTA,8,Agosto,11,2022,3,57,I-20,1,Interestatal,Urbano,Interestatal,State Highway Agency,1,Sin jurisdiccion especial,0,33.49332222,-82.08285278,Soporte de Puente,El primer evento no fue una colision con un vehiculo automotor en transporte,Not an Intersection,No fue interseccion,Gore?,Ninguna,Oscuro con iluminacion,Despejado,No,NO APLICA,99,98,99,98,1,11/08/2022,1
13,Georgia,131092,0,0,1,0,157,JACKSON (157),670,BRASELTON,8,Agosto,21,2022,15,48,GARNER RD,8,Otro,Urbano,Local,City or Municipal Highway Agency,0,Sin jurisdiccion especial,2,34.16130278,-83.77164167,Arbol,El primer evento no fue una colision con un vehiculo automotor en transporte,Not an Intersection,No fue interseccion,Sobre el lado de la calle,Ninguna,Dia total,Despejado,No,NO APLICA,15,52,16,2,1,21/08/2022,1
13,Georgia,131093,1,1,1,0,215,MUSCOGEE (215),1280,COLUMBUS,8,Agosto,21,2022,23,11,SR-27 VETERANS PKWY,3,Highway estatal,Urbano,Arteria Principal,State Highway Agency,1,Sin jurisdiccion especial,108,32.50169167,-84.97621389,Peaton,El primer evento no fue una colision con un vehiculo automotor en transporte,Not an Intersection,No fue interseccion,Sobre calle,Ninguna,Oscuro con iluminacion,Nublado,No,NO APLICA,23,12,23,21,1,21/08/2022,1
13,Georgia,131094,0,0,3,0,245,RICHMOND (245),310,AUGUSTA,8,Agosto,28,2022,19,58,SR-121 PEACH ORCHARD RD,3,Highway estatal,Urbano,Arteria Principal,State Highway Agency,1,Sin jurisdiccion especial,130,33.41521389,-82.02424722,Vehiculo en movimiento,Golpe Lateral - misma direccion,T-Intersection,Interseccion de T,Sobre calle,Ninguna,Dia total,Despejado,No,NO APLICA,20,6,20,18,1,28/08/2022,3
13,Georgia,131095,0,0,1,0,135,GWINNETT (135),5080,SNELLVILLE,8,Agosto,28,2022,20,49,ROCKDALE CIR,6,Calle Local Municipalidad,Urbano,Local,City or Municipal Highway Agency,0,Sin jurisdiccion especial,14,33.85506111,-83.99390556,Otra no colicion,El primer evento no fue una colision con un vehiculo automotor en transporte,Not an Intersection,No fue interseccion,Sobre el lado de la calle,Ninguna,Oscuro con iluminacion,Despejado,No,NO APLICA,20,49,20,53,1,28/08/2022,1