Estado,Nombre de Estado,Numero de Caso,Peatones,Personas _no_vehiculos,Vehiculos automotores,Vehiculos estacionados,Condado,Nombre Condado,Ciudad,Nombre Ciudad,Mes,Nombre Mes,Dia,Año,Hora,Minuto,Calle,Ruta,Nombre Ruta,Rural o Urbanoo,Sistema Funcional,Dueño Calle,Sistema Nacional Carreteras,Jurisdiccion Especial,Milla,Latitud,Longitud,Causa del Accidente,Tipo de Accidente,Tipo Interseccion,Columna1,Lugar en la calle,Zona de Trabajo,Luz,Clima,Autobus Escolar,Cruce de Trenes,Hora Notificacion,Minuto Notificacion,Hora Llegada,Minuto Llegada,Decesos,Fecha,PersonaVehiculo
13,Georgia,131096,0,0,2,0,121,FULTON (121),1250,COLLEGE PARK,8,Agosto,30,2022,17,37,SR-279 OLD NATIONAL HIGHWAY,3,Highway estatal,Urbano,Arteria Menor,State Highway Agency,0,Sin jurisdiccion especial,51,33.62314167,-84.47436111,Vehiculo en movimiento,Frente a frente,Not an Intersection,No fue interseccion,Sobre calle,Ninguna,Dia total,Nublado,No,NO APLICA,17,37,17,55,2,30/08/2022,4
13,Georgia,131097,0,0,2,0,21,BIBB (21),3390,MACON,9,Septiembre,1,2022,0,28,SR-11 MARTIN LUTHER KING JR BL,3,Highway estatal,Urbano,Arteria Menor,State Highway Agency,0,Sin jurisdiccion especial,149,32.82946667,-83.63040278,Vehiculo en movimiento,Frente a Detrás,Four-Way Intersection,Interseccion de 4 direcciones,Sobre calle,Ninguna,Oscuro sin iluminacion,Despejado,No,NO APLICA,99,99,99,99,1,01/09/2022,3
13,Georgia,131098,0,0,2,0,121,FULTON (121),9997,Other,9,Septiembre,2,2022,0,49,SR-14 ROOSEVELT HIGHWAY,3,Highway estatal,Urbano,Arteria Menor,State Highway Agency,0,Sin jurisdiccion especial,126,33.61838056,-84.51095833,Vehiculo en movimiento,Angulo,T-Intersection,Interseccion de T,Sobre calle,Ninguna,Oscuro sin iluminacion,Nublado,No,NO APLICA,0,22,0,36,1,02/09/2022,2
13,Georgia,131100,0,0,1,0,137,HABERSHAM (137),1150,CLARKESVILLE,8,Agosto,21,2022,2,15,BEAVER DAM ROAD,5,Calle Local - Pueblo,Urbano,Local,Town or Township Highway Agency,0,Sin jurisdiccion especial,5,34.61732222,-83.53743056,Poste de Señal de trafico,El primer evento no fue una colision con un vehiculo automotor en transporte,Not an Intersection,No fue interseccion,Sobre el lado de la calle,Ninguna,Oscuro sin iluminacion,lluvia,No,NO APLICA,7,14,7,24,1,21/08/2022,1
13,Georgia,131101,0,0,2,0,93,DOOLY (93),5720,VIENNA,8,Agosto,21,2022,23,15,I-75,1,Interestatal,Rural,Interestatal,State Highway Agency,1,Sin jurisdiccion especial,30,32.07333889,-83.763225,Vehiculo en movimiento,Frente a Detrás,Not an Intersection,No fue interseccion,Sobre calle,Ninguna,Oscuro sin iluminacion,Despejado,No,NO APLICA,23,14,23,27,1,21/08/2022,5
13,Georgia,131102,1,1,1,0,307,WEBSTER (307),4500,PRESTON,8,Agosto,22,2022,16,0,SR-27,3,Highway estatal,Rural,Arteria Principal,State Highway Agency,1,Sin jurisdiccion especial,34,32.09257778,-84.59205556,Peaton,El primer evento no fue una colision con un vehiculo automotor en transporte,Not an Intersection,No fue interseccion,Sobre el lado de la calle,Construccion,Dia total,Despejado,No,NO APLICA,15,55,16,6,1,22/08/2022,1
13,Georgia,131103,1,1,1,0,63,CLAYTON (63),4690,RIVERDALE,9,Septiembre,2,2022,21,31,SR-85,3,Highway estatal,Urbano,Arteria Principal,State Highway Agency,1,Sin jurisdiccion especial,49,33.58683889,-84.40999167,Peaton,El primer evento no fue una colision con un vehiculo automotor en transporte,Not an Intersection,No fue interseccion,Sobre calle,Ninguna,Oscuro sin iluminacion,Despejado,No,NO APLICA,21,31,21,31,1,02/09/2022,1
13,Georgia,131104,0,0,1,0,81,CRISP (81),9997,Other,9,Septiembre,5,2022,1,1,SR-7,3,Highway estatal,Rural,Arteria Menor,State Highway Agency,0,Sin jurisdiccion especial,76,31.90192778,-83.76188333,Suelo,El primer evento no fue una colision con un vehiculo automotor en transporte,Not an Intersection,No fue interseccion,Sobre el lado de la calle,Ninguna,Oscuro sin iluminacion,Nublado,No,NO APLICA,1,5,1,14,1,05/09/2022,1
13,Georgia,131105,0,0,2,0,135,GWINNETT (135),1470,DACULA,9,Septiembre,5,2022,19,11,SR-324  AUBURN ROAD,3,Highway estatal,Urbano,Arteria Menor,State Highway Agency,0,Sin jurisdiccion especial,47,34.04107778,-83.91947778,Vehiculo en movimiento,Frente a frente,Not an Intersection,No fue interseccion,Sobre calle,Ninguna,Dia total,Nublado,No,NO APLICA,19,12,19,16,1,05/09/2022,2
13,Georgia,131106,1,1,1,0,121,FULTON (121),280,ATLANTA,8,Agosto,28,2022,0,30,SR-54 JONESBORO RD SE SOUTH,3,Highway estatal,Urbano,Arteria Menor,State Highway Agency,0,Sin jurisdiccion especial,1,33.65024167,-84.36639167,Peaton,El primer evento no fue una colision con un vehiculo automotor en transporte,Not an Intersection,No fue interseccion,Sobre calle,Ninguna,Oscuro con iluminacion,Despejado,No,NO APLICA,99,98,99,98,1,28/08/2022,1
13,Georgia,131107,1,1,1,0,135,GWINNETT (135),3990,NORCROSS,9,Septiembre,7,2022,5,55,JIMMY CARTER BOULEVARD,6,Calle Local Municipalidad,Urbano,Arteria Principal,City or Municipal Highway Agency,1,Sin jurisdiccion especial,7,33.88811111,-84.19401389,Peaton,El primer evento no fue una colision con un vehiculo automotor en transporte,Four-Way Intersection,Interseccion de 4 direcciones,Sobre calle,Ninguna,Oscuro sin iluminacion,Despejado,No,NO APLICA,5,99,99,99,1,07/09/2022,1
13,Georgia,131108,0,0,2,0,121,FULTON (121),1900,EAST POINT,8,Agosto,24,2022,13,44,LEXINGTON AVE,5,Calle Local - Pueblo,Urbano,Local,Town or Township Highway Agency,0,Sin jurisdiccion especial,2,33.68451667,-84.45176389,Vehiculo en movimiento,Frente a Detrás,Not an Intersection,No fue interseccion,Sobre calle,Ninguna,Dia total,Nublado,No,NO APLICA,13,20,14,10,1,24/08/2022,4
13,Georgia,131109,0,0,2,0,121,FULTON (121),280,ATLANTA,9,Septiembre,4,2022,4,20,MARIETTA BLVD NW WEST,6,Calle Local Municipalidad,Urbano,Arteria Menor,City or Municipal Highway Agency,0,Sin jurisdiccion especial,42,33.81896667,-84.45085,Vehiculo en movimiento,Angulo,Not an Intersection,No fue interseccion,Sobre calle,Ninguna,Oscuro con iluminacion,Despejado,No,NO APLICA,99,98,99,98,1,04/09/2022,2
13,Georgia,131110,0,0,2,0,17,BEN HILL (17),2130,FITZGERALD,6,Junio,9,2022,20,28,CS-053601,6,Calle Local Municipalidad,Urbano,Local,City or Municipal Highway Agency,0,Sin jurisdiccion especial,10,31.72064722,-83.24776389,Vehiculo en movimiento,Angulo,Four-Way Intersection,Interseccion de 4 direcciones,Sobre calle,Ninguna,Oscuro sin iluminacion,Despejado,No,NO APLICA,20,38,20,41,1,09/06/2022,4
13,Georgia,131111,0,0,1,0,135,GWINNETT (135),3100,LAWRENCEVILLE,8,Agosto,14,2022,2,15,SR-8 LAWRENCEVILLE HIGHWAY,3,Highway estatal,Urbano,Arteria Menor,State Highway Agency,0,Sin jurisdiccion especial,97,33.92917222,-84.048525,Culvert,El primer evento no fue una colision con un vehiculo automotor en transporte,Not an Intersection,No fue interseccion,Sobre el lado de la calle,Ninguna,Oscuro con iluminacion,Despejado,No,NO APLICA,2,15,2,24,1,14/08/2022,3
13,Georgia,131112,1,1,1,0,135,GWINNETT (135),1810,DULUTH,8,Agosto,17,2022,12,54,SATELLITE BLVD,6,Calle Local Municipalidad,Urbano,Arteria Menor,City or Municipal Highway Agency,0,Sin jurisdiccion especial,131,33.96348611,-84.12372778,Peaton,El primer evento no fue una colision con un vehiculo automotor en transporte,Not an Intersection,No fue interseccion,Sobre calle,Ninguna,Dia total,Nublado,No,NO APLICA,99,99,99,99,1,17/08/2022,1
13,Georgia,131113,0,0,2,0,17,BEN HILL (17),2130,FITZGERALD,7,Julio,4,2022,20,6,CS-S MONITOR DR,5,Calle Local - Pueblo,Urbano,Arteria Menor,City or Municipal Highway Agency,0,Sin jurisdiccion especial,11,31.70815,-83.243825,Vehiculo en movimiento,Frente a Detrás,Four-Way Intersection,Interseccion de 4 direcciones,Sobre calle,Ninguna,Dia total,Nublado,No,NO APLICA,20,8,20,13,1,04/07/2022,3
13,Georgia,131114,1,1,1,0,115,FLOYD (115),4760,ROME,8,Agosto,19,2022,17,10,DOUGLAS ST,6,Calle Local Municipalidad,Urbano,Local,City or Municipal Highway Agency,0,Sin jurisdiccion especial,1,34.20696111,-85.17728611,Peaton,El primer evento no fue una colision con un vehiculo automotor en transporte,Not an Intersection,No fue interseccion,Sobre calle,Ninguna,Dia total,Nublado,No,NO APLICA,17,11,17,18,1,19/08/2022,1
13,Georgia,131115,0,0,1,0,121,FULTON (121),280,ATLANTA,8,Agosto,30,2022,2,30,I-20 RAMP WB,1,Interestatal,Urbano,Interestatal,State Highway Agency,1,Sin jurisdiccion especial,3,33.7451,-84.38814167,Arbol,El primer evento no fue una colision con un vehiculo automotor en transporte,Not an Intersection,No fue interseccion,Sobre el lado de la calle,Ninguna,Oscuro con iluminacion,Despejado,No,NO APLICA,99,98,99,98,1,30/08/2022,1
13,Georgia,131116,1,1,1,0,135,GWINNETT (135),1810,DULUTH,9,Septiembre,2,2022,6,22,SR-15,3,Highway estatal,Urbano,Colector Mayor,State Highway Agency,0,Sin jurisdiccion especial,18,33.94203889,-84.13481667,Peaton,El primer evento no fue una colision con un vehiculo automotor en transporte,Four-Way Intersection,Interseccion de 4 direcciones,Sobre calle,Ninguna,Oscuro con iluminacion,Despejado,No,NO APLICA,6,24,6,28,1,02/09/2022,2
13,Georgia,131117,0,0,1,0,243,RANDOLPH (243),1460,CUTHBERT,9,Septiembre,2,2022,7,30,US-82,2,US Highway,Rural,Arteria Principal,State Highway Agency,1,Sin jurisdiccion especial,47,31.79548056,-84.85148889,Zanja,El primer evento no fue una colision con un vehiculo automotor en transporte,Not an Intersection,No fue interseccion,Sobre el lado de la calle,Ninguna,Dia total,Despejado,No,NO APLICA,7,37,7,44,2,02/09/2022,3
13,Georgia,131118,1,1,1,0,257,STEPHENS (257),1835,EASTANOLLEE,9,Septiembre,4,2022,4,15,SR-17 OLD,3,Highway estatal,Rural,Arteria Menor,State Highway Agency,0,Sin jurisdiccion especial,47,34.51816667,-83.23517222,Peaton,El primer evento no fue una colision con un vehiculo automotor en transporte,Not an Intersection,No fue interseccion,Sobre calle,Ninguna,Oscuro sin iluminacion,Nublado,No,NO APLICA,4,20,4,29,1,04/09/2022,1
13,Georgia,131119,0,1,2,1,77,COWETA (77),3950,NEWNAN,9,Septiembre,4,2022,6,25,I-85 NORTH,1,Interestatal,Urbano,Interestatal,State Highway Agency,1,Sin jurisdiccion especial,149,33.42969722,-84.71938333,Vehiculo Aparcado,El primer evento no fue una colision con un vehiculo automotor en transporte,Not an Intersection,No fue interseccion,Sobre Acotamiento,Ninguna,Oscuro sin iluminacion,Nublado,No,NO APLICA,6,30,6,38,1,04/09/2022,1
13,Georgia,131120,1,1,1,0,21,BIBB (21),3390,MACON,9,Septiembre,5,2022,6,38,SR-22/MARTIN LUTHER KING,3,Highway estatal,Urbano,Arteria Menor,State Highway Agency,0,Sin jurisdiccion especial,143,32.82263333,-83.63609722,Peaton,El primer evento no fue una colision con un vehiculo automotor en transporte,Not an Intersection,No fue interseccion,Sobre calle,Ninguna,Oscuro sin iluminacion,Despejado,No,NO APLICA,6,38,6,48,1,05/09/2022,1
13,Georgia,131121,0,0,1,0,21,BIBB (21),3390,MACON,9,Septiembre,5,2022,13,35,NORTHSIDE DR,6,Calle Local Municipalidad,Urbano,Colector Mayor,City or Municipal Highway Agency,0,Sin jurisdiccion especial,5,32.89477222,-83.68605278,Banqueta,El primer evento no fue una colision con un vehiculo automotor en transporte,Not an Intersection,No fue interseccion,Sobre el lado de la calle,Ninguna,Dia total,Despejado,No,NO APLICA,13,38,13,42,1,05/09/2022,1
13,Georgia,131122,0,0,2,0,27,BROOKS (27),410,BARNEY,9,Septiembre,5,2022,16,1,SR-133,3,Highway estatal,Rural,Arteria Menor,State Highway Agency,0,Sin jurisdiccion especial,175,31.00674167,-83.55754444,Vehiculo en movimiento,Angulo,Four-Way Intersection,Interseccion de 4 direcciones,Sobre calle,Ninguna,Dia total,Despejado,No,NO APLICA,15,59,16,24,1,05/09/2022,2
13,Georgia,131123,0,0,1,0,33,BURKE (33),9898,Not Reported,9,Septiembre,5,2022,23,18,STORYMILL ROAD,6,Calle Local Municipalidad,Rural,Colector Mayor,City or Municipal Highway Agency,0,Sin jurisdiccion especial,97,33.17162222,-82.08645278,Culvert,El primer evento no fue una colision con un vehiculo automotor en transporte,Not an Intersection,No fue interseccion,Sobre el lado de la calle,Ninguna,Oscuro sin iluminacion,Despejado,No,NO APLICA,99,99,99,99,1,05/09/2022,1
13,Georgia,131124,0,0,2,0,285,TROUP (285),3050,LA GRANGE,9,Septiembre,7,2022,6,23,SR-219 MOOTY BRIDGE RD,3,Highway estatal,Urbano,Arteria Menor,State Highway Agency,0,Sin jurisdiccion especial,141,33.06436111,-85.03831111,Vehiculo en movimiento,Angulo,Not an Intersection,No fue interseccion,Sobre calle,Ninguna,Oscuro sin iluminacion,Nublado,No,NO APLICA,6,23,6,37,1,07/09/2022,2
13,Georgia,131125,0,0,1,0,151,HENRY (151),5210,STOCKBRIDGE,9,Septiembre,7,2022,14,39,SR-138 LAKE SPIVEY PKWY,3,Highway estatal,Urbano,Arteria Principal,State Highway Agency,1,Sin jurisdiccion especial,105,33.54104722,-84.29243611,Edificio,El primer evento no fue una colision con un vehiculo automotor en transporte,Not an Intersection,No fue interseccion,Sobre el lado de la calle,Ninguna,Dia total,Despejado,No,NO APLICA,14,36,14,39,1,07/09/2022,1
13,Georgia,131126,0,0,3,0,117,FORSYTH (117),1440,CUMMING,9,Septiembre,7,2022,20,39,SR-9 ATLANTA HWY,3,Highway estatal,Urbano,Arteria Menor,State Highway Agency,0,Sin jurisdiccion especial,43,34.15611667,-84.21515833,Vehiculo en movimiento,Angulo,Four-Way Intersection,Interseccion de 4 direcciones,Sobre calle,Ninguna,Oscuro sin iluminacion,Nublado,No,NO APLICA,20,40,20,45,1,07/09/2022,4
13,Georgia,131128,0,0,2,0,135,GWINNETT (135),2470,GRAYSON,9,Septiembre,4,2022,13,10,SR-20 GRAYSON HWY,3,Highway estatal,Urbano,Arteria Menor,State Highway Agency,0,Sin jurisdiccion especial,210,33.89705556,-83.95916389,Vehiculo en movimiento,Angulo,Four-Way Intersection,Interseccion de 4 direcciones,Sobre calle,Ninguna,Dia total,lluvia,No,NO APLICA,13,10,13,15,1,04/09/2022,5
13,Georgia,131129,0,0,1,0,45,CARROLL (45),970,CARROLLTON,9,Septiembre,7,2022,5,45,SR-16  MT ZION RD,3,Highway estatal,Urbano,Colector Mayor,State Highway Agency,0,Sin jurisdiccion especial,88,33.60076111,-85.140075,Buzon de correo,El primer evento no fue una colision con un vehiculo automotor en transporte,Not an Intersection,No fue interseccion,Sobre el lado de la calle,Ninguna,Oscuro sin iluminacion,Despejado,No,NO APLICA,5,53,6,3,1,07/09/2022,1
13,Georgia,131130,1,1,3,0,63,CLAYTON (63),2180,FOREST PARK,9,Septiembre,9,2022,20,33,I-285 EAST,1,Interestatal,Urbano,Interestatal,State Highway Agency,1,Sin jurisdiccion especial,24,33.63293611,-84.40418056,Peaton,El primer evento no fue una colision con un vehiculo automotor en transporte,Not an Intersection,No fue interseccion,Sobre calle,Ninguna,Oscuro sin iluminacion,Despejado,No,NO APLICA,20,33,20,50,1,09/09/2022,4
13,Georgia,131131,0,0,2,0,255,SPALDING (255),2510,GRIFFIN,9,Septiembre,10,2022,0,33,E COLLEGE STREET,6,Calle Local Municipalidad,Urbano,Colector Mayor,City or Municipal Highway Agency,0,Sin jurisdiccion especial,2,33.24429722,-84.26078889,Vehiculo en movimiento,Frente a frente,Not an Intersection,No fue interseccion,Sobre calle,Ninguna,Oscuro con iluminacion,Nublado,No,NO APLICA,0,33,0,37,1,10/09/2022,4
13,Georgia,131132,0,0,2,0,215,MUSCOGEE (215),1280,COLUMBUS,8,Agosto,30,2022,6,50,US-80 J R ALLEN PKWY RP,2,US Highway,Urbano,Arterial Principal -Freeway o ExpressWay,State Highway Agency,1,Sin jurisdiccion especial,1,32.54235,-84.96601389,Vehiculo en movimiento,Golpe Lateral - misma direccion,Not an Intersection,No fue interseccion,Sobre calle,Ninguna,Dia total,Despejado,No,NO APLICA,6,59,7,7,1,30/08/2022,4
13,Georgia,131133,0,0,1,0,1,APPLING (1),440,BAXLEY,9,Septiembre,10,2022,4,15,NAILS FERRY ROAD,6,Calle Local Municipalidad,Rural,Colector Menor,City or Municipal Highway Agency,0,Sin jurisdiccion especial,75,31.88107222,-82.41576389,Arbol,El primer evento no fue una colision con un vehiculo automotor en transporte,Not an Intersection,No fue interseccion,Sobre el lado de la calle,Ninguna,Oscuro sin iluminacion,Neblina o Humo,No,NO APLICA,4,25,4,34,1,10/09/2022,1
13,Georgia,131134,0,0,1,0,123,GILMER (123),1850,EAST ELLIJAY,9,Septiembre,11,2022,18,27,LUKE QUARLES ROAD,5,Calle Local - Pueblo,Rural,Local,Town or Township Highway Agency,0,Sin jurisdiccion especial,8,34.63451111,-84.5477,Arbol,El primer evento no fue una colision con un vehiculo automotor en transporte,Not an Intersection,No fue interseccion,Sobre el lado de la calle,Ninguna,Dia total,Despejado,No,NO APLICA,18,26,18,35,1,11/09/2022,1
13,Georgia,131138,2,2,1,0,121,FULTON (121),280,ATLANTA,9,Septiembre,4,2022,22,30,I-75,1,Interestatal,Urbano,Interestatal,State Highway Agency,1,Sin jurisdiccion especial,31,33.69213056,-84.4026,Peaton,El primer evento no fue una colision con un vehiculo automotor en transporte,Not an Intersection,No fue interseccion,Sobre calle,Ninguna,Oscuro con iluminacion,lluvia,No,NO APLICA,22,30,22,30,1,04/09/2022,3
13,Georgia,131139,0,0,2,0,89,DEKALB (89),3210,LITHONIA,9,Septiembre,7,2022,20,42,HILLANDALE DR,6,Calle Local Municipalidad,Urbano,Colector Mayor,City or Municipal Highway Agency,0,Sin jurisdiccion especial,6,33.70367222,-84.15674444,Vehiculo en movimiento,Frente a frente,Not an Intersection,No fue interseccion,Sobre calle,Ninguna,Oscuro sin iluminacion,Despejado,No,NO APLICA,99,99,99,99,1,07/09/2022,5
13,Georgia,131140,0,0,1,0,177,LEE (177),9898,Not Reported,9,Septiembre,8,2022,2,33,SR-91,3,Highway estatal,Urbano,Arteria Menor,State Highway Agency,0,Sin jurisdiccion especial,1,31.62432778,-84.12729722,Buzon de correo,El primer evento no fue una colision con un vehiculo automotor en transporte,Not an Intersection,No fue interseccion,Sobre el lado de la calle,Ninguna,Oscuro sin iluminacion,Despejado,No,NO APLICA,2,20,2,26,1,08/09/2022,1
13,Georgia,131141,0,0,2,0,139,HALL (139),4100,OAKWOOD,9,Septiembre,9,2022,5,38,MCEVER RD,6,Calle Local Municipalidad,Urbano,Arteria Menor,City or Municipal Highway Agency,0,Sin jurisdiccion especial,3,34.22849167,-83.90213611,Vehiculo en movimiento,Frente a Detrás,Not an Intersection,No fue interseccion,Sobre calle,Ninguna,Oscuro sin iluminacion,Nublado,No,NO APLICA,5,39,5,47,1,09/09/2022,2
13,Georgia,131142,1,1,1,0,121,FULTON (121),280,ATLANTA,9,Septiembre,12,2022,21,21,BOULEVARD NE,6,Calle Local Municipalidad,Urbano,Arteria Menor,City or Municipal Highway Agency,0,Sin jurisdiccion especial,35,33.76491389,-84.37193889,Peaton,El primer evento no fue una colision con un vehiculo automotor en transporte,Four-Way Intersection,Interseccion de 4 direcciones,Sobre calle,Ninguna,Oscuro con iluminacion,Despejado,No,NO APLICA,21,21,21,24,1,12/09/2022,1
13,Georgia,131143,0,0,2,0,69,COFFEE (69),9997,Other,9,Septiembre,13,2022,10,2,SR-32,3,Highway estatal,Rural,Arteria Menor,State Highway Agency,1,Sin jurisdiccion especial,66,31.55033611,-82.95257222,Vehiculo en movimiento,Frente a frente,Not an Intersection,No fue interseccion,Sobre calle,Ninguna,Dia total,Despejado,No,NO APLICA,10,4,10,11,1,13/09/2022,2
13,Georgia,131144,1,1,2,0,21,BIBB (21),3390,MACON,9,Septiembre,10,2022,23,52,SR-11 GRAY HWY EAST,3,Highway estatal,Urbano,Arteria Principal,State Highway Agency,1,Sin jurisdiccion especial,176,32.86073333,-83.61418056,Peaton,El primer evento no fue una colision con un vehiculo automotor en transporte,Not an Intersection,No fue interseccion,Sobre calle,Ninguna,Oscuro sin iluminacion,Despejado,No,NO APLICA,99,99,99,99,1,10/09/2022,2
13,Georgia,131145,0,0,2,0,189,MCDUFFIE (189),5470,THOMSON,9,Septiembre,12,2022,9,16,I-20 WB,1,Interestatal,Urbano,Interestatal,State Highway Agency,1,Sin jurisdiccion especial,89,33.51179167,-82.450525,Vehiculo en movimiento,Frente a Detrás,Not an Intersection,No fue interseccion,Sobre calle,Construccion,Dia total,Despejado,No,NO APLICA,9,24,9,39,1,12/09/2022,2
13,Georgia,131146,1,1,3,0,89,DEKALB (89),9997,Other,9,Septiembre,13,2022,19,20,GLENWOOD RD,6,Calle Local Municipalidad,Urbano,Arteria Menor,City or Municipal Highway Agency,0,Sin jurisdiccion especial,12,33.73831667,-84.27193611,Vehiculo en movimiento,Frente a Detrás,Not an Intersection,No fue interseccion,Sobre calle,Ninguna,Dia total,Despejado,No,NO APLICA,99,99,99,99,1,13/09/2022,3
13,Georgia,131147,0,1,2,1,23,BLECKLEY (23),9997,Other,9,Septiembre,14,2022,5,11,I-16,1,Interestatal,Rural,Interestatal,State Highway Agency,1,Sin jurisdiccion especial,7,32.57221667,-83.23286389,Vehiculo Aparcado,El primer evento no fue una colision con un vehiculo automotor en transporte,Not an Intersection,No fue interseccion,Sobre Acotamiento,Ninguna,Oscuro sin iluminacion,Despejado,No,NO APLICA,5,3,5,5,1,14/09/2022,1
13,Georgia,131148,0,0,1,0,123,GILMER (123),9898,Not Reported,9,Septiembre,9,2022,22,15,MOUNTAIN CREEK HOLLOW DRIVE,5,Calle Local - Pueblo,Rural,Local,Town or Township Highway Agency,0,Sin jurisdiccion especial,99999,34.5751,-84.48083333,Culvert,El primer evento no fue una colision con un vehiculo automotor en transporte,Not an Intersection,No fue interseccion,Sobre el lado de la calle,Ninguna,Oscuro sin iluminacion,Nublado,No,NO APLICA,22,16,22,29,1,09/09/2022,4
13,Georgia,131149,0,0,2,0,19,BERRIEN (19),3890,NASHVILLE,9,Septiembre,10,2022,4,0,SR-76 ADEL HWY,3,Highway estatal,Rural,Arteria Menor,State Highway Agency,0,Sin jurisdiccion especial,18,31.19391389,-83.29699722,Vehiculo en movimiento,Frente a frente,Not an Intersection,No fue interseccion,Sobre calle,Ninguna,Oscuro sin iluminacion,Nublado,No,NO APLICA,4,1,4,14,1,10/09/2022,2
13,Georgia,131150,0,0,1,0,279,TOOMBS (279),3340,LYONS,9,Septiembre,14,2022,19,45,SR-292,3,Highway estatal,Rural,Arteria Menor,State Highway Agency,0,Sin jurisdiccion especial,98,32.19833611,-82.28368056,Arbol,El primer evento no fue una colision con un vehiculo automotor en transporte,Not an Intersection,No fue interseccion,Sobre el lado de la calle,Ninguna,Dia total,Despejado,No,NO APLICA,19,43,19,53,1,14/09/2022,1
13,Georgia,131151,0,0,1,0,45,CARROLL (45),5730,VILLA RICA,9,Septiembre,11,2022,12,30,HOLIDAY OVERLOOK,6,Calle Local Municipalidad,Urbano,Local,City or Municipal Highway Agency,0,Sin jurisdiccion especial,0,33.76466111,-84.95344444,Arbol,El primer evento no fue una colision con un vehiculo automotor en transporte,Not an Intersection,No fue interseccion,Sobre el lado de la calle,Ninguna,Dia total,Nublado,No,NO APLICA,12,50,13,7,1,11/09/2022,1
13,Georgia,131152,1,1,1,0,97,DOUGLAS (97),1770,DOUGLASVILLE,9,Septiembre,3,2022,21,11,MCINTOSH RD,6,Calle Local Municipalidad,Urbano,Colector Mayor,City or Municipal Highway Agency,0,Sin jurisdiccion especial,5,33.76644167,-84.72511667,Peaton,El primer evento no fue una colision con un vehiculo automotor en transporte,Not an Intersection,No fue interseccion,Sobre calle,Ninguna,Oscuro sin iluminacion,Nublado,No,NO APLICA,21,12,21,20,1,03/09/2022,1
13,Georgia,131153,0,0,2,0,135,GWINNETT (135),9898,Not Reported,9,Septiembre,8,2022,13,55,SR-124,3,Highway estatal,Urbano,Arteria Menor,State Highway Agency,0,Sin jurisdiccion especial,282,34.07254444,-83.84369722,Vehiculo en movimiento,Angulo,T-Intersection,Interseccion de T,Sobre calle,Ninguna,Dia total,Despejado,No,NO APLICA,13,55,13,55,1,08/09/2022,4
13,Georgia,131154,0,0,1,0,135,GWINNETT (135),0,NO APLICA,9,Septiembre,13,2022,0,20,CR-130500,4,Calle del Condado,Urbano,Arteria Principal,County Highway Agency,1,Sin jurisdiccion especial,26,33.89980556,-84.20439444,Banqueta,El primer evento no fue una colision con un vehiculo automotor en transporte,Not an Intersection,No fue interseccion,Sobre el lado de la calle,Ninguna,Oscuro sin iluminacion,Despejado,No,NO APLICA,99,99,99,98,1,13/09/2022,1
13,Georgia,131155,2,2,1,0,135,GWINNETT (135),0,NO APLICA,9,Septiembre,9,2022,9,38,CR-376100,4,Calle del Condado,Urbano,Colector Mayor,County Highway Agency,0,Sin jurisdiccion especial,29,34.00462222,-84.08587222,Peaton,El primer evento no fue una colision con un vehiculo automotor en transporte,Four-Way Intersection,Interseccion de 4 direcciones,Sobre calle,"Infraestructura (luz, agua, etc)",Dia total,Despejado,No,NO APLICA,9,38,9,46,1,09/09/2022,1
13,Georgia,131156,1,1,1,0,207,MONROE (207),2190,FORSYTH,9,Septiembre,9,2022,22,32,SR-42,3,Highway estatal,Rural,Colector Mayor,State Highway Agency,0,Sin jurisdiccion especial,101,32.9806,-83.95263611,Ciclista,El primer evento no fue una colision con un vehiculo automotor en transporte,Not an Intersection,No fue interseccion,Sobre calle,Ninguna,Oscuro sin iluminacion,lluvia,No,NO APLICA,99,98,99,98,1,09/09/2022,2
13,Georgia,131157,0,0,1,0,135,GWINNETT (135),0,NO APLICA,9,Septiembre,10,2022,7,0,I-85,1,Interestatal,Urbano,Interestatal,State Highway Agency,1,Sin jurisdiccion especial,49,33.93511389,-84.1607,Volcadura,El primer evento no fue una colision con un vehiculo automotor en transporte,Not an Intersection,No fue interseccion,Gore?,Ninguna,Dia total,lluvia,No,NO APLICA,7,1,7,7,1,10/09/2022,1
13,Georgia,131158,0,0,4,0,127,GLYNN (127),760,BRUNSWICK,9,Septiembre,14,2022,15,11,SR-25,3,Highway estatal,Urbano,Arteria Menor,State Highway Agency,0,Sin jurisdiccion especial,183,31.23594167,-81.451925,Vehiculo en movimiento,Golpe Lateral - direccion contraria,Not an Intersection,No fue interseccion,Sobre calle,Ninguna,Dia total,Despejado,No,NO APLICA,15,13,15,18,1,14/09/2022,6
13,Georgia,131160,0,0,1,0,21,BIBB (21),3390,MACON,9,Septiembre,15,2022,23,17,ZEBULON RD,6,Calle Local Municipalidad,Urbano,Colector Mayor,City or Municipal Highway Agency,0,Sin jurisdiccion especial,11,32.89101667,-83.79931111,Barda,El primer evento no fue una colision con un vehiculo automotor en transporte,Not an Intersection,No fue interseccion,Sobre el lado de la calle,Ninguna,Oscuro sin iluminacion,Despejado,No,NO APLICA,99,98,99,98,1,15/09/2022,1