Estado,Nombre de Estado,Numero de Caso,Peatones,Personas _no_vehiculos,Vehiculos automotores,Vehiculos estacionados,Condado,Nombre Condado,Ciudad,Nombre Ciudad,Mes,Nombre Mes,Dia,Año,Hora,Minuto,Calle,Ruta,Nombre Ruta,Rural o Urbanoo,Sistema Funcional,Dueño Calle,Sistema Nacional Carreteras,Jurisdiccion Especial,Milla,Latitud,Longitud,Causa del Accidente,Tipo de Accidente,Tipo Interseccion,Columna1,Lugar en la calle,Zona de Trabajo,Luz,Clima,Autobus Escolar,Cruce de Trenes,Hora Notificacion,Minuto Notificacion,Hora Llegada,Minuto Llegada,Decesos,Fecha,PersonaVehiculo
13,Georgia,131161,0,0,1,0,89,DEKALB (89),1140,CLARKSTON,9,Septiembre,16,2022,22,30,JOLY AVE S,5,Calle Local - Pueblo,Urbano,Local,Town or Township Highway Agency,0,Sin jurisdiccion especial,2,33.80010833,-84.24160833,Arbol,El primer evento no fue una colision con un vehiculo automotor en transporte,Not an Intersection,No fue interseccion,Sobre el lado de la calle,Ninguna,Oscuro con iluminacion,Despejado,No,NO APLICA,99,99,99,99,1,16/09/2022,2
13,Georgia,131162,0,0,1,0,63,CLAYTON (63),9997,Other,9,Septiembre,17,2022,5,44,I-75 SOUTH RAMP,1,Interestatal,Urbano,Interestatal,State Highway Agency,1,Sin jurisdiccion especial,0,33.64496389,-84.39966667,Acotamiento,El primer evento no fue una colision con un vehiculo automotor en transporte,Not an Intersection,No fue interseccion,Gore?,Ninguna,Dia total,Despejado,No,NO APLICA,99,98,99,98,1,17/09/2022,1
13,Georgia,131163,1,1,3,0,63,CLAYTON (63),2180,FOREST PARK,9,Septiembre,18,2022,3,30,SR-331,3,Highway estatal,Urbano,Arteria Menor,State Highway Agency,0,Sin jurisdiccion especial,16,33.62077778,-84.37516944,Peaton,El primer evento no fue una colision con un vehiculo automotor en transporte,Not an Intersection,No fue interseccion,Sobre calle,Ninguna,Oscuro sin iluminacion,Despejado,No,NO APLICA,3,34,3,39,1,18/09/2022,3
13,Georgia,131164,1,1,1,0,153,HOUSTON (153),5790,WARNER ROBINS,9,Septiembre,18,2022,21,9,SR-0247CO,3,Highway estatal,Urbano,Arteria Principal,State Highway Agency,1,Sin jurisdiccion especial,42,32.618375,-83.64593333,Peaton,El primer evento no fue una colision con un vehiculo automotor en transporte,Not an Intersection,No fue interseccion,Sobre calle,Ninguna,Oscuro sin iluminacion,Despejado,No,NO APLICA,21,10,21,15,1,18/09/2022,1
13,Georgia,131165,1,1,1,0,121,FULTON (121),280,ATLANTA,8,Agosto,31,2022,1,39,SR-8 DONALD LEE HOLLOWELL PKWY,3,Highway estatal,Urbano,Arteria Principal,State Highway Agency,1,Sin jurisdiccion especial,9,33.78791667,-84.49444444,Peaton,El primer evento no fue una colision con un vehiculo automotor en transporte,Four-Way Intersection,Interseccion de 4 direcciones,Sobre calle,Ninguna,Oscuro con iluminacion,Nublado,No,NO APLICA,1,39,2,0,1,31/08/2022,1
13,Georgia,131166,1,1,1,0,121,FULTON (121),280,ATLANTA,9,Septiembre,19,2022,2,15,SR-000800,3,Highway estatal,Urbano,Arteria Principal,State Highway Agency,1,Sin jurisdiccion especial,56,33.77321111,-84.422425,Peaton,El primer evento no fue una colision con un vehiculo automotor en transporte,Not an Intersection,No fue interseccion,Sobre calle,Ninguna,Oscuro con iluminacion,Despejado,No,NO APLICA,99,99,99,99,1,19/09/2022,1
13,Georgia,131167,0,0,2,0,199,MERIWETHER (199),2500,GREENVILLE,9,Septiembre,5,2022,19,24,SR-109,3,Highway estatal,Rural,Arteria Menor,State Highway Agency,0,Sin jurisdiccion especial,9,33.03415556,-84.84835,Vehiculo en movimiento,Angulo,Not an Intersection,No fue interseccion,Sobre calle,Ninguna,Dia total,Nublado,No,NO APLICA,19,23,19,24,1,05/09/2022,3
13,Georgia,131168,0,0,3,0,127,GLYNN (127),9898,Not Reported,9,Septiembre,9,2022,21,40,I-95,1,Interestatal,Urbano,Interestatal,State Highway Agency,1,Sin jurisdiccion especial,106,31.24933333,-81.49925556,Vehiculo en movimiento,Frente a Detrás,Not an Intersection,No fue interseccion,Sobre calle,Ninguna,Oscuro con iluminacion,Nublado,No,NO APLICA,21,46,21,50,1,09/09/2022,3
13,Georgia,131169,0,0,2,0,55,CHATTOOGA (55),5260,SUMMERVILLE,9,Septiembre,16,2022,14,9,SR-1,3,Highway estatal,Rural,Arteria Principal,State Highway Agency,1,Sin jurisdiccion especial,58,34.47454722,-85.29176111,Vehiculo en movimiento,Golpe Lateral - direccion contraria,Not an Intersection,No fue interseccion,Sobre calle,Ninguna,Dia total,Nublado,No,NO APLICA,14,11,16,24,1,16/09/2022,2
13,Georgia,131170,0,0,1,0,21,BIBB (21),3390,MACON,9,Septiembre,18,2022,13,38,SARDIS CHURCH RD,6,Calle Local Municipalidad,Urbano,Arteria Menor,City or Municipal Highway Agency,0,Sin jurisdiccion especial,23,32.71690833,-83.72506111,Banqueta,El primer evento no fue una colision con un vehiculo automotor en transporte,Not an Intersection,No fue interseccion,Sobre el lado de la calle,Ninguna,Dia total,Despejado,No,NO APLICA,99,99,99,99,1,18/09/2022,1
13,Georgia,131171,0,0,1,0,149,HEARD (149),2230,FRANKLIN,9,Septiembre,18,2022,13,45,SR-34,3,Highway estatal,Rural,Arteria Principal,State Highway Agency,1,Sin jurisdiccion especial,143,33.29635556,-85.07616944,Arbol,El primer evento no fue una colision con un vehiculo automotor en transporte,Not an Intersection,No fue interseccion,Sobre el lado de la calle,Ninguna,Dia total,Despejado,No,NO APLICA,13,48,13,54,1,18/09/2022,2
13,Georgia,131172,0,0,1,0,15,BARTOW (15),980,CARTERSVILLE,9,Septiembre,18,2022,22,50,SR-3,3,Highway estatal,Urbano,Arteria Principal,State Highway Agency,1,Sin jurisdiccion especial,144,34.22125,-84.85132222,Arbol,El primer evento no fue una colision con un vehiculo automotor en transporte,Not an Intersection,No fue interseccion,Sobre el lado de la calle,Ninguna,Oscuro sin iluminacion,Despejado,No,NO APLICA,22,44,22,49,1,18/09/2022,1
13,Georgia,131173,0,0,2,0,21,BIBB (21),3390,MACON,9,Septiembre,19,2022,0,29,CR-088900/ROCKY CREEK RD,4,Calle del Condado,Urbano,Arteria Menor,County Highway Agency,0,Sin jurisdiccion especial,24,32.7906,-83.66887222,Vehiculo en movimiento,Frente a Detrás,Four-Way Intersection,Interseccion de 4 direcciones,Sobre calle,Ninguna,Oscuro con iluminacion,Despejado,No,NO APLICA,0,29,0,31,1,19/09/2022,3
13,Georgia,131175,0,0,2,0,245,RICHMOND (245),310,AUGUSTA,9,Septiembre,19,2022,21,12,US-25,2,US Highway,Urbano,Arteria Principal,State Highway Agency,1,Sin jurisdiccion especial,24,33.27222222,-82.04861111,Vehiculo en movimiento,Frente a Detrás,Not an Intersection,No fue interseccion,Sobre calle,Ninguna,Oscuro sin iluminacion,Despejado,No,NO APLICA,99,99,99,99,1,19/09/2022,1
13,Georgia,131176,0,0,1,0,63,CLAYTON (63),2180,FOREST PARK,9,Septiembre,12,2022,3,52,BURKS DR,6,Calle Local Municipalidad,Urbano,Local,City or Municipal Highway Agency,0,Sin jurisdiccion especial,4,33.61392222,-84.34356111,Arbusto,El primer evento no fue una colision con un vehiculo automotor en transporte,Not an Intersection,No fue interseccion,Sobre el lado de la calle,Ninguna,Oscuro sin iluminacion,Nublado,No,NO APLICA,3,45,3,54,1,12/09/2022,1
13,Georgia,131177,1,1,1,0,121,FULTON (121),9997,Other,9,Septiembre,12,2022,6,36,SR-279 OLD NATIONAL HWY,3,Highway estatal,Urbano,Arteria Menor,State Highway Agency,0,Sin jurisdiccion especial,29,33.59118889,-84.46849167,Peaton,El primer evento no fue una colision con un vehiculo automotor en transporte,Not an Intersection,No fue interseccion,Sobre calle,Ninguna,Amanecer,Despejado,No,NO APLICA,99,99,99,99,1,12/09/2022,2
13,Georgia,131178,0,0,3,0,51,CHATHAM (51),4910,SAVANNAH,9,Septiembre,14,2022,13,26,SR-25 OGEECHEE ROAD,3,Highway estatal,Urbano,Arteria Principal,State Highway Agency,1,Sin jurisdiccion especial,106,32.05379167,-81.14233333,Vehiculo en movimiento,Angulo,Y-Intersection,Interseccion de Y,Sobre calle,Construccion,Dia total,Despejado,No,NO APLICA,13,29,13,40,1,14/09/2022,4
13,Georgia,131179,0,0,1,0,315,WILCOX (315),10,ABBEVILLE,9,Septiembre,17,2022,0,38,SIBBIE ROAD,6,Calle Local Municipalidad,Rural,Colector Mayor,City or Municipal Highway Agency,0,Sin jurisdiccion especial,72,31.94908056,-83.30923889,Culvert,El primer evento no fue una colision con un vehiculo automotor en transporte,Not an Intersection,No fue interseccion,Sobre el lado de la calle,Ninguna,Oscuro con iluminacion,Despejado,No,NO APLICA,0,38,0,59,1,17/09/2022,2
13,Georgia,131180,0,0,1,0,139,HALL (139),2285,GAINESVILLE,9,Septiembre,18,2022,99,99,SR-365 CORNELIA HIGHWAY,3,Highway estatal,Urbano,Arteria Principal,State Highway Agency,1,Sin jurisdiccion especial,198,34.35152222,-83.75560278,Valla Ferrocarril,El primer evento no fue una colision con un vehiculo automotor en transporte,Not an Intersection,No fue interseccion,Sobre el lado de la calle,Ninguna,Oscuro sin iluminacion,Despejado,No,NO APLICA,14,42,14,50,2,18/09/2022,2
13,Georgia,131181,0,0,1,0,63,CLAYTON (63),2970,JONESBORO,9,Septiembre,18,2022,20,39,MT ZION RD,6,Calle Local Municipalidad,Urbano,Arteria Menor,City or Municipal Highway Agency,0,Sin jurisdiccion especial,19,33.55554167,-84.29659722,Arbol,El primer evento no fue una colision con un vehiculo automotor en transporte,Not an Intersection,No fue interseccion,Sobre el lado de la calle,Ninguna,Oscuro sin iluminacion,Despejado,No,NO APLICA,99,99,99,99,1,18/09/2022,1
13,Georgia,131182,0,0,2,0,163,JEFFERSON (163),3250,LOUISVILLE,9,Septiembre,19,2022,8,40,US-1,2,US Highway,Rural,Arteria Principal,State Highway Agency,1,Sin jurisdiccion especial,110,32.970775,-82.39054167,Final Destination ( Vehiculo es golpeado por carga o otro objeto puesto en movimiento por otro vehiculo en movimiento),Otro,Not an Intersection,No fue interseccion,Sobre calle,Construccion,Dia total,Despejado,No,NO APLICA,8,47,8,55,1,19/09/2022,3
13,Georgia,131183,0,0,2,0,175,LAURENS (175),1848,EAST DUBLIN,9,Septiembre,20,2022,17,40,SR-29,3,Highway estatal,Rural,Arteria Menor,State Highway Agency,0,Sin jurisdiccion especial,51,32.48594722,-82.760825,Vehiculo en movimiento,Angulo,Four-Way Intersection,Interseccion de 4 direcciones,Sobre calle,Ninguna,Dia total,Despejado,No,NO APLICA,17,41,17,50,1,20/09/2022,7
13,Georgia,131184,0,0,1,0,217,NEWTON (217),1380,COVINGTON,9,Septiembre,3,2022,99,99,I-20,1,Interestatal,Urbano,Interestatal,State Highway Agency,1,Sin jurisdiccion especial,58,33.61488889,-83.85887778,Arbol,El primer evento no fue una colision con un vehiculo automotor en transporte,Not an Intersection,No fue interseccion,Sobre el lado de la calle,Ninguna,Oscuro sin iluminacion,Despejado,No,NO APLICA,15,37,15,37,1,03/09/2022,1
13,Georgia,131185,1,1,1,0,121,FULTON (121),280,ATLANTA,9,Septiembre,16,2022,1,2,SR-139 MARTIN LUTHER KING DR,3,Highway estatal,Urbano,Arteria Menor,State Highway Agency,0,Sin jurisdiccion especial,174,33.77898889,-84.53328056,Peaton,El primer evento no fue una colision con un vehiculo automotor en transporte,Not an Intersection,No fue interseccion,Sobre calle,Ninguna,Oscuro sin iluminacion,Despejado,No,NO APLICA,99,98,99,98,1,16/09/2022,1
13,Georgia,131186,0,0,1,0,47,CATOOSA (47),9997,Other,9,Septiembre,16,2022,23,30,THREE NOTCH RD,6,Calle Local Municipalidad,Urbano,Arteria Menor,City or Municipal Highway Agency,0,Sin jurisdiccion especial,68,34.94080278,-85.16737778,Soporte de Puente,El primer evento no fue una colision con un vehiculo automotor en transporte,Not an Intersection,No fue interseccion,Sobre el lado de la calle,Ninguna,Oscuro sin iluminacion,Despejado,No,NO APLICA,23,33,23,35,1,16/09/2022,1
13,Georgia,131187,0,0,2,0,121,FULTON (121),4882,SANDY SPRINGS,9,Septiembre,19,2022,17,23,I-285 W,1,Interestatal,Urbano,Interestatal,State Highway Agency,1,Sin jurisdiccion especial,217,33.90874167,-84.42960833,Vehiculo en movimiento,Frente a Detrás,Not an Intersection,No fue interseccion,Sobre calle,Ninguna,Dia total,Despejado,No,NO APLICA,99,99,99,98,1,19/09/2022,2
13,Georgia,131188,0,0,1,0,247,ROCKDALE (247),0,NO APLICA,9,Septiembre,23,2022,10,20,E FAIRVIEW RD,8,Otro,Urbano,Colector Mayor,County Highway Agency,0,Sin jurisdiccion especial,3,33.61266944,-84.15941944,Arbol,El primer evento no fue una colision con un vehiculo automotor en transporte,Not an Intersection,No fue interseccion,Sobre el lado de la calle,Ninguna,Dia total,Despejado,No,NO APLICA,99,99,99,98,1,23/09/2022,1
13,Georgia,131189,0,0,1,0,285,TROUP (285),3050,LA GRANGE,9,Septiembre,23,2022,12,24,SR-0014CO,3,Highway estatal,Urbano,Arteria Menor,State Highway Agency,0,Sin jurisdiccion especial,3,33.04021667,-85.04274444,Volcadura,El primer evento no fue una colision con un vehiculo automotor en transporte,Not an Intersection,No fue interseccion,Sobre calle,Ninguna,Dia total,Despejado,No,NO APLICA,12,24,12,37,1,23/09/2022,1
13,Georgia,131190,0,0,2,0,45,CARROLL (45),5730,VILLA RICA,9,Septiembre,12,2022,1,56,I-20 WB,1,Interestatal,Urbano,Interestatal,State Highway Agency,1,Sin jurisdiccion especial,3,33.72244444,-84.94501944,Vehiculo en movimiento,Golpe Lateral - misma direccion,Not an Intersection,No fue interseccion,Sobre calle,Ninguna,Oscuro sin iluminacion,lluvia,No,NO APLICA,2,0,2,9,2,12/09/2022,4
13,Georgia,131191,0,0,6,0,117,FORSYTH (117),9997,Other,9,Septiembre,16,2022,20,34,SR-400,3,Highway estatal,Urbano,Arteria Principal,State Highway Agency,1,Sin jurisdiccion especial,147,34.26268056,-84.08746667,Vehiculo en movimiento,Frente a Detrás,Not an Intersection,No fue interseccion,Sobre calle,Construccion,Oscuro sin iluminacion,Despejado,No,NO APLICA,20,36,20,40,1,16/09/2022,9
13,Georgia,131192,2,2,4,3,63,CLAYTON (63),0,NO APLICA,9,Septiembre,18,2022,5,10,I-75,1,Interestatal,Urbano,Interestatal,State Highway Agency,1,Sin jurisdiccion especial,67,33.592075,-84.385575,Barrera de Trafico de Concreto,El primer evento no fue una colision con un vehiculo automotor en transporte,Not an Intersection,No fue interseccion,En el medio,Ninguna,Oscuro sin iluminacion,Despejado,No,NO APLICA,5,20,5,25,1,18/09/2022,1
13,Georgia,131194,1,1,1,0,279,TOOMBS (279),5700,VIDALIA,9,Septiembre,19,2022,7,47,SR-292,3,Highway estatal,Urbano,Arteria Menor,State Highway Agency,0,Sin jurisdiccion especial,35,32.21244167,-82.38639167,Peaton,El primer evento no fue una colision con un vehiculo automotor en transporte,Not an Intersection,No fue interseccion,Sobre Acotamiento,Ninguna,Dia total,Despejado,No,NO APLICA,7,39,7,41,1,19/09/2022,1
13,Georgia,131195,0,0,3,0,225,PEACH (225),2220,FORT VALLEY,9,Septiembre,19,2022,10,57,SR-96 MIAMI VALLEY ROAD,3,Highway estatal,Rural,Arteria Menor,State Highway Agency,1,Sin jurisdiccion especial,123,32.54906944,-83.76708889,Vehiculo en movimiento,Golpe Lateral - misma direccion,T-Intersection,Interseccion de T,Sobre calle,Ninguna,Dia total,Despejado,No,NO APLICA,11,6,11,18,1,19/09/2022,4
13,Georgia,131196,0,0,2,0,255,SPALDING (255),2510,GRIFFIN,9,Septiembre,19,2022,15,49,SR-362,3,Highway estatal,Urbano,Arteria Menor,State Highway Agency,0,Sin jurisdiccion especial,19,33.20990833,-84.32925556,Vehiculo en movimiento,Frente a frente,Not an Intersection,No fue interseccion,Sobre calle,Ninguna,Dia total,Despejado,No,NO APLICA,15,47,15,50,1,19/09/2022,2
13,Georgia,131198,0,0,2,0,123,GILMER (123),2000,ELLIJAY,9,Septiembre,22,2022,16,40,SR-2,3,Highway estatal,Rural,Arteria Menor,State Highway Agency,0,Sin jurisdiccion especial,20,34.72770278,-84.50916389,Vehiculo en movimiento,Angulo,Four-Way Intersection,Interseccion de 4 direcciones,Sobre calle,Ninguna,Dia total,Despejado,No,NO APLICA,16,40,16,48,1,22/09/2022,2
13,Georgia,131199,1,1,1,0,55,CHATTOOGA (55),0,NO APLICA,9,Septiembre,23,2022,7,5,SR-000100,3,Highway estatal,Urbano,Arteria Principal,State Highway Agency,1,Sin jurisdiccion especial,124,34.50831667,-85.32470278,Peaton,El primer evento no fue una colision con un vehiculo automotor en transporte,Not an Intersection,No fue interseccion,Sobre calle,Ninguna,Oscuro sin iluminacion,Despejado,No,NO APLICA,7,5,7,11,1,23/09/2022,2
13,Georgia,131200,1,1,1,0,121,FULTON (121),1900,EAST POINT,9,Septiembre,18,2022,20,15,CLEVELAND AVE,6,Calle Local Municipalidad,Urbano,Arteria Menor,City or Municipal Highway Agency,0,Sin jurisdiccion especial,0,33.68141111,-84.42069167,Peaton,El primer evento no fue una colision con un vehiculo automotor en transporte,T-Intersection,Interseccion de T,Sobre calle,Ninguna,Oscuro sin iluminacion,Despejado,No,NO APLICA,20,18,20,39,1,18/09/2022,1
13,Georgia,131201,0,0,1,0,89,DEKALB (89),0,NO APLICA,9,Septiembre,23,2022,23,30,FIELDGREEN DR,8,Otro,Urbano,Local,County Highway Agency,0,Sin jurisdiccion especial,8,33.75071111,-84.18271944,Arbol,El primer evento no fue una colision con un vehiculo automotor en transporte,Not an Intersection,No fue interseccion,Sobre el lado de la calle,Ninguna,Oscuro sin iluminacion,Despejado,No,NO APLICA,23,35,23,40,1,23/09/2022,6
13,Georgia,131202,0,0,3,0,121,FULTON (121),4882,SANDY SPRINGS,9,Septiembre,24,2022,12,58,I-285,1,Interestatal,Urbano,Interestatal,State Highway Agency,1,Sin jurisdiccion especial,0,33.90987778,-84.36461944,Vehiculo en movimiento,Golpe Lateral - misma direccion,Not an Intersection,No fue interseccion,Sobre calle,Construccion,Dia total,Despejado,No,NO APLICA,12,59,13,5,1,24/09/2022,3
13,Georgia,131203,0,0,2,0,303,WASHINGTON (303),1570,DAVISBORO,9,Septiembre,24,2022,20,50,SR-88 FALL LINE FREEWAY,3,Highway estatal,Rural,Arterial Principal -Freeway o ExpressWay,State Highway Agency,1,Sin jurisdiccion especial,100,33.04118333,-82.60948889,Vehiculo en movimiento,Frente a frente,Not an Intersection,No fue interseccion,Sobre calle,Ninguna,Oscuro sin iluminacion,Despejado,No,NO APLICA,20,55,21,0,2,24/09/2022,2
13,Georgia,131205,0,0,1,0,253,SEMINOLE (253),0,NO APLICA,9,Septiembre,26,2022,15,7,CR-022400,4,Calle del Condado,Rural,Colector Menor,County Highway Agency,0,Sin jurisdiccion especial,12,30.94607222,-84.94666667,Zanja,El primer evento no fue una colision con un vehiculo automotor en transporte,Not an Intersection,No fue interseccion,Sobre el lado de la calle,Ninguna,Dia total,Despejado,No,NO APLICA,15,12,15,22,1,26/09/2022,1
13,Georgia,131206,0,0,1,0,217,NEWTON (217),9997,Other,9,Septiembre,16,2022,19,37,COOK RD,6,Calle Local Municipalidad,Urbano,Colector Mayor,City or Municipal Highway Agency,0,Sin jurisdiccion especial,8,33.64888611,-83.92561111,Volcadura,El primer evento no fue una colision con un vehiculo automotor en transporte,Not an Intersection,No fue interseccion,Sobre el lado de la calle,Ninguna,Oscuro sin iluminacion,Despejado,No,NO APLICA,99,99,99,99,1,16/09/2022,1
13,Georgia,131208,0,0,2,0,205,MITCHELL (205),4290,PELHAM,9,Septiembre,11,2022,17,31,CR-030600,4,Calle del Condado,Urbano,Arteria Menor,County Highway Agency,0,Sin jurisdiccion especial,48,31.20452778,-84.17535833,Vehiculo en movimiento,Frente a frente,Not an Intersection,No fue interseccion,Sobre calle,Ninguna,Dia total,Despejado,No,NO APLICA,17,43,17,50,2,11/09/2022,3
13,Georgia,131209,0,0,1,0,151,HENRY (151),0,NO APLICA,9,Septiembre,24,2022,0,4,CR-013200,4,Calle del Condado,Urbano,Colector Menor,County Highway Agency,0,Sin jurisdiccion especial,4,33.47578333,-84.04369722,Culvert,El primer evento no fue una colision con un vehiculo automotor en transporte,Not an Intersection,No fue interseccion,Sobre el lado de la calle,Ninguna,Oscuro sin iluminacion,Despejado,No,NO APLICA,0,12,0,17,1,24/09/2022,3
13,Georgia,131210,0,0,1,0,187,LUMPKIN (187),0,NO APLICA,9,Septiembre,24,2022,12,35,SR-006000,3,Highway estatal,Rural,Arteria Principal,State Highway Agency,1,Sin jurisdiccion especial,135,34.60485556,-83.96888333,Arbol,El primer evento no fue una colision con un vehiculo automotor en transporte,Not an Intersection,No fue interseccion,Sobre el lado de la calle,Ninguna,Dia total,Despejado,No,NO APLICA,12,41,12,50,1,24/09/2022,1
13,Georgia,131211,0,0,1,0,45,CARROLL (45),5420,TEMPLE,9,Septiembre,25,2022,2,30,I-20,1,Interestatal,Urbano,Interestatal,State Highway Agency,1,Sin jurisdiccion especial,1,33.71652222,-85.03030833,Volcadura,El primer evento no fue una colision con un vehiculo automotor en transporte,Not an Intersection,No fue interseccion,Sobre el lado de la calle,Ninguna,Oscuro sin iluminacion,Despejado,No,NO APLICA,4,25,4,30,1,25/09/2022,1
13,Georgia,131212,0,0,1,0,263,TALBOT (263),5350,TALBOTTON,9,Septiembre,25,2022,10,57,SR-96,3,Highway estatal,Rural,Arteria Principal,State Highway Agency,1,Sin jurisdiccion especial,24,32.58445833,-84.51233056,Volcadura,El primer evento no fue una colision con un vehiculo automotor en transporte,Not an Intersection,No fue interseccion,En el medio,Ninguna,Dia total,Despejado,No,NO APLICA,10,55,11,3,1,25/09/2022,3
13,Georgia,131214,0,0,1,0,119,FRANKLIN (119),3090,LAVONIA,9,Septiembre,26,2022,6,45,I-85 NB,1,Interestatal,Rural,Interestatal,State Highway Agency,1,Sin jurisdiccion especial,165,34.43803889,-83.13945833,Barrera de Cable,El primer evento no fue una colision con un vehiculo automotor en transporte,Not an Intersection,No fue interseccion,En el medio,Ninguna,Oscuro sin iluminacion,Despejado,No,NO APLICA,6,46,6,53,1,26/09/2022,1
13,Georgia,131215,0,0,2,0,13,BARROW (13),5180,STATHAM,9,Septiembre,26,2022,16,43,ATLANTA HIGHWAY,6,Calle Local Municipalidad,Urbano,Arteria Menor,City or Municipal Highway Agency,0,Sin jurisdiccion especial,15,33.97688889,-83.64356944,Vehiculo en movimiento,Angulo,Four-Way Intersection,Interseccion de 4 direcciones,Sobre calle,Ninguna,Dia total,Despejado,No,NO APLICA,16,30,16,30,1,26/09/2022,2
13,Georgia,131216,0,0,2,0,21,BIBB (21),3390,MACON,9,Septiembre,26,2022,21,0,SR-540 EMERY HWY,3,Highway estatal,Urbano,Arteria Principal,State Highway Agency,1,Sin jurisdiccion especial,84,32.84809167,-83.61258333,Vehiculo en movimiento,Angulo,Four-Way Intersection,Interseccion de 4 direcciones,Sobre calle,Ninguna,Oscuro con iluminacion,Despejado,No,NO APLICA,99,99,99,99,1,26/09/2022,2
13,Georgia,131217,0,0,2,0,121,FULTON (121),2060,FAIRBURN,9,Septiembre,16,2022,16,45,SR-74,3,Highway estatal,Urbano,Arteria Principal,State Highway Agency,1,Sin jurisdiccion especial,27,33.52829167,-84.57601111,Vehiculo en movimiento,Angulo,Four-Way Intersection,Interseccion de 4 direcciones,Sobre calle,Ninguna,Dia total,Despejado,No,NO APLICA,16,57,17,8,1,16/09/2022,2
13,Georgia,131218,0,0,1,0,137,HABERSHAM (137),0,NO APLICA,9,Septiembre,22,2022,11,50,SR-001700,3,Highway estatal,Rural,Arteria Menor,State Highway Agency,0,Sin jurisdiccion especial,121,34.62849444,-83.58763611,Arbol,El primer evento no fue una colision con un vehiculo automotor en transporte,Not an Intersection,No fue interseccion,Fuera de la calle,Ninguna,Dia total,Despejado,No,NO APLICA,11,53,11,58,1,22/09/2022,1
13,Georgia,131219,0,0,2,0,123,GILMER (123),1850,EAST ELLIJAY,9,Septiembre,23,2022,13,44,SR-5 S,3,Highway estatal,Rural,Arteria Principal,State Highway Agency,1,Sin jurisdiccion especial,113,34.69946944,-84.46268889,Valla Ferrocarril,El primer evento no fue una colision con un vehiculo automotor en transporte,Not an Intersection,No fue interseccion,Sobre el lado de la calle,Ninguna,Dia total,Despejado,No,NO APLICA,13,52,14,1,1,23/09/2022,5
13,Georgia,131220,0,0,1,0,63,CLAYTON (63),2970,JONESBORO,9,Septiembre,24,2022,2,59,CR-089300,4,Calle del Condado,Urbano,Local,County Highway Agency,0,Sin jurisdiccion especial,3,33.50653889,-84.41414167,Banqueta,El primer evento no fue una colision con un vehiculo automotor en transporte,Not an Intersection,No fue interseccion,Sobre el lado de la calle,Ninguna,Oscuro sin iluminacion,Despejado,No,NO APLICA,3,0,3,8,1,24/09/2022,3
13,Georgia,131221,1,1,1,0,295,WALKER (295),9997,Other,9,Septiembre,25,2022,20,56,SR-157,3,Highway estatal,Rural,Colector Mayor,State Highway Agency,0,Sin jurisdiccion especial,220,34.86338611,-85.409875,Peaton,El primer evento no fue una colision con un vehiculo automotor en transporte,Not an Intersection,No fue interseccion,Sobre calle,Ninguna,Dia total,Nublado,No,NO APLICA,20,57,21,11,1,25/09/2022,1
13,Georgia,131222,1,1,1,0,135,GWINNETT (135),5300,SUWANEE,2,Febrero,19,2022,22,40,CR-395500/ SAWMILL DR,4,Calle del Condado,Urbano,Local,County Highway Agency,0,Sin jurisdiccion especial,9,34.03967222,-84.03678056,Peaton,El primer evento no fue una colision con un vehiculo automotor en transporte,Not an Intersection,No fue interseccion,Sobre calle,Ninguna,Oscuro sin iluminacion,Nublado,No,NO APLICA,99,99,99,99,1,19/02/2022,1
13,Georgia,131223,0,0,1,0,67,COBB (67),3440,MARIETTA,7,Julio,6,2022,7,54,CS-SUMMER MIST CT,5,Calle Local - Pueblo,Urbano,Local,City or Municipal Highway Agency,0,Sin jurisdiccion especial,0,33.90409444,-84.56050278,Arbol,El primer evento no fue una colision con un vehiculo automotor en transporte,Not an Intersection,No fue interseccion,Fuera de la calle,Ninguna,Dia total,Despejado,No,NO APLICA,7,56,8,0,1,06/07/2022,1
13,Georgia,131224,0,0,1,0,67,COBB (67),3348,MABLETON,9,Septiembre,10,2022,23,0,SIX FLAGS PKWY,6,Calle Local Municipalidad,Urbano,Local,City or Municipal Highway Agency,0,Sin jurisdiccion especial,7,33.78063056,-84.54063889,Arbol,El primer evento no fue una colision con un vehiculo automotor en transporte,Not an Intersection,No fue interseccion,Sobre el lado de la calle,Ninguna,Oscuro sin iluminacion,Nublado,No,NO APLICA,99,98,99,98,1,10/09/2022,1
13,Georgia,131225,1,1,1,0,89,DEKALB (89),722,BROOKHAVEN,9,Septiembre,13,2022,22,40,SR-141 PEACHTREE RD,3,Highway estatal,Urbano,Arteria Principal,State Highway Agency,1,Sin jurisdiccion especial,4,33.8583,-84.34145,Peaton,El primer evento no fue una colision con un vehiculo automotor en transporte,Not an Intersection,No fue interseccion,Sobre calle,Ninguna,Oscuro con iluminacion,Despejado,No,NO APLICA,22,40,22,46,1,13/09/2022,1
13,Georgia,131226,0,0,2,0,215,MUSCOGEE (215),1280,COLUMBUS,9,Septiembre,19,2022,18,54,WARM SPRINGS RD,6,Calle Local Municipalidad,Urbano,Arteria Menor,City or Municipal Highway Agency,0,Sin jurisdiccion especial,8,32.48942778,-84.97127222,Volcadura,El primer evento no fue una colision con un vehiculo automotor en transporte,Four-Way Intersection,Interseccion de 4 direcciones,Sobre calle,Ninguna,Dia total,Despejado,No,NO APLICA,18,54,18,58,1,19/09/2022,3