Estado,Nombre de Estado,Numero de Caso,Peatones,Personas _no_vehiculos,Vehiculos automotores,Vehiculos estacionados,Condado,Nombre Condado,Ciudad,Nombre Ciudad,Mes,Nombre Mes,Dia,Año,Hora,Minuto,Calle,Ruta,Nombre Ruta,Rural o Urbanoo,Sistema Funcional,Dueño Calle,Sistema Nacional Carreteras,Jurisdiccion Especial,Milla,Latitud,Longitud,Causa del Accidente,Tipo de Accidente,Tipo Interseccion,Columna1,Lugar en la calle,Zona de Trabajo,Luz,Clima,Autobus Escolar,Cruce de Trenes,Hora Notificacion,Minuto Notificacion,Hora Llegada,Minuto Llegada,Decesos,Fecha,PersonaVehiculo
13,Georgia,131227,1,1,1,0,135,GWINNETT (135),3990,NORCROSS,9,Septiembre,21,2022,6,44,INDIAN TRAIL LILBURN ROAD,6,Calle Local Municipalidad,Urbano,Arteria Menor,City or Municipal Highway Agency,0,Sin jurisdiccion especial,8,33.91395,-84.16170556,Peaton,El primer evento no fue una colision con un vehiculo automotor en transporte,Not an Intersection,No fue interseccion,Sobre calle,Ninguna,Oscuro sin iluminacion,Despejado,No,NO APLICA,99,99,99,98,1,21/09/2022,1
13,Georgia,131228,0,0,2,0,321,WORTH (321),4480,POULAN,9,Septiembre,22,2022,21,58,SR-520,3,Highway estatal,Urbano,Arteria Principal,State Highway Agency,1,Sin jurisdiccion especial,112,31.527325,-83.79803333,Vehiculo en movimiento,Angulo,Not an Intersection,No fue interseccion,Sobre calle,Construccion,Dia total,Despejado,No,NO APLICA,22,21,22,28,1,22/09/2022,3
13,Georgia,131229,0,0,2,0,217,NEWTON (217),0,NO APLICA,9,Septiembre,25,2022,16,15,SR-213,3,Highway estatal,Rural,Colector Mayor,State Highway Agency,0,Sin jurisdiccion especial,7,33.52096667,-83.71281389,Vehiculo en movimiento,Angulo,Not an Intersection,No fue interseccion,Sobre calle,Ninguna,Dia total,Despejado,No,NO APLICA,16,15,16,30,1,25/09/2022,2
13,Georgia,131230,0,0,2,0,35,BUTTS (35),2890,JACKSON,9,Septiembre,26,2022,13,4,SR-36,3,Highway estatal,Rural,Arteria Menor,State Highway Agency,0,Sin jurisdiccion especial,128,33.34668333,-83.95933056,Vehiculo en movimiento,Frente a frente,Not an Intersection,No fue interseccion,Sobre calle,Ninguna,Dia total,Despejado,No,NO APLICA,13,2,13,7,1,26/09/2022,3
13,Georgia,131231,0,0,1,0,233,POLK (233),1010,CEDARTOWN,9,Septiembre,27,2022,9,9,SR-1,3,Highway estatal,Urbano,Arteria Principal,State Highway Agency,1,Sin jurisdiccion especial,99,34.01495833,-85.22033889,Otro objeto (fijo),El primer evento no fue una colision con un vehiculo automotor en transporte,Not an Intersection,No fue interseccion,En el medio,Ninguna,Dia total,Despejado,No,NO APLICA,99,99,99,98,1,27/09/2022,1
13,Georgia,131232,0,0,2,0,15,BARTOW (15),980,CARTERSVILLE,9,Septiembre,27,2022,21,3,SR-3,3,Highway estatal,Urbano,Arteria Principal,State Highway Agency,1,Sin jurisdiccion especial,126,34.21344722,-84.83400278,Vehiculo en movimiento,Angulo,Four-Way Intersection,Interseccion de 4 direcciones,Sobre calle,Ninguna,Oscuro sin iluminacion,Despejado,No,NO APLICA,21,4,21,9,1,27/09/2022,3
13,Georgia,131233,0,0,1,0,175,LAURENS (175),1780,DUBLIN,9,Septiembre,28,2022,12,24,994 SOUTH LAKE DRIVE,6,Calle Local Municipalidad,Rural,Local,City or Municipal Highway Agency,0,Sin jurisdiccion especial,99998,32.64558333,-82.84783889,Culvert,El primer evento no fue una colision con un vehiculo automotor en transporte,Not an Intersection,No fue interseccion,Sobre el lado de la calle,Ninguna,Dia total,Despejado,No,NO APLICA,12,14,12,33,1,28/09/2022,1
13,Georgia,131234,0,0,2,0,241,RABUN (241),5380,TALLULAH FALLS,9,Septiembre,28,2022,14,53,SR-2,3,Highway estatal,Rural,Arteria Menor,State Highway Agency,0,Sin jurisdiccion especial,236,34.81281111,-83.31934167,Vehiculo en movimiento,Frente a frente,Not an Intersection,No fue interseccion,Sobre calle,Ninguna,Dia total,Despejado,No,NO APLICA,14,53,15,9,2,28/09/2022,3
13,Georgia,131235,1,1,1,0,163,JEFFERSON (163),6070,WRENS,9,Septiembre,28,2022,16,5,SR-17,3,Highway estatal,Rural,Arteria Principal,State Highway Agency,1,Sin jurisdiccion especial,100,33.22432778,-82.40207778,Peaton,El primer evento no fue una colision con un vehiculo automotor en transporte,Not an Intersection,No fue interseccion,Sobre calle,Ninguna,Dia total,Despejado,No,NO APLICA,16,17,16,20,1,28/09/2022,1
13,Georgia,131236,0,0,3,0,223,PAULDING (223),1500,DALLAS,9,Septiembre,28,2022,22,0,SR-61,3,Highway estatal,Urbano,Arteria Menor,State Highway Agency,0,Sin jurisdiccion especial,106,33.91483056,-84.82773056,Vehiculo en movimiento,Frente a frente,Not an Intersection,No fue interseccion,Sobre calle,Ninguna,Oscuro sin iluminacion,Despejado,No,NO APLICA,22,11,22,19,1,28/09/2022,3
13,Georgia,131237,0,0,2,0,279,TOOMBS (279),9997,Other,10,Octubre,1,2022,8,8,CR-336,4,Calle del Condado,Rural,Colector Mayor,County Highway Agency,0,Sin jurisdiccion especial,16,31.98373056,-82.45410278,Vehiculo en movimiento,Frente a frente,Not an Intersection,No fue interseccion,Sobre calle,Ninguna,Dia total,Despejado,No,NO APLICA,8,12,8,19,2,01/10/2022,2
13,Georgia,131238,0,0,2,0,107,EMANUEL (107),5310,SWAINSBORO,10,Octubre,2,2022,4,51,CS-83823,5,Calle Local - Pueblo,Urbano,Arteria Menor,City or Municipal Highway Agency,0,Sin jurisdiccion especial,1,32.588425,-82.34263611,Vehiculo en movimiento,Angulo,T-Intersection,Interseccion de T,Sobre calle,Ninguna,Oscuro con iluminacion,Despejado,No,NO APLICA,4,54,4,57,1,02/10/2022,2
13,Georgia,131239,0,0,1,0,21,BIBB (21),3390,MACON,10,Octubre,2,2022,14,19,I-475,1,Interestatal,Urbano,Arterial Principal -Freeway o ExpressWay,State Highway Agency,1,Sin jurisdiccion especial,54,32.82850833,-83.73200556,Arbol,El primer evento no fue una colision con un vehiculo automotor en transporte,Not an Intersection,No fue interseccion,Fuera de la calle,Ninguna,Dia total,Despejado,No,NO APLICA,14,28,14,32,3,02/10/2022,3
13,Georgia,131240,1,1,1,0,51,CHATHAM (51),4910,SAVANNAH,10,Octubre,3,2022,10,40,CS-WHITE BLUFF RD,5,Calle Local - Pueblo,Urbano,Arteria Menor,City or Municipal Highway Agency,0,Sin jurisdiccion especial,27,32.00363889,-81.12023611,Peaton,El primer evento no fue una colision con un vehiculo automotor en transporte,Four-Way Intersection,Interseccion de 4 direcciones,Sobre calle,Ninguna,Dia total,Nublado,No,NO APLICA,10,43,10,46,1,03/10/2022,1
13,Georgia,131241,1,1,1,0,121,FULTON (121),280,ATLANTA,8,Agosto,28,2022,20,25,I-20 W,1,Interestatal,Urbano,Interestatal,State Highway Agency,1,Sin jurisdiccion especial,11,33.76503889,-84.51989722,Peaton,El primer evento no fue una colision con un vehiculo automotor en transporte,Not an Intersection,No fue interseccion,Sobre calle,Ninguna,Atardecer,Despejado,No,NO APLICA,99,98,99,98,1,28/08/2022,1
13,Georgia,131242,1,1,1,0,121,FULTON (121),280,ATLANTA,9,Septiembre,17,2022,18,30,SR-3 METROPOLITAN PKWY SW,3,Highway estatal,Urbano,Arteria Menor,State Highway Agency,0,Sin jurisdiccion especial,44,33.70401944,-84.40801667,Peaton,El primer evento no fue una colision con un vehiculo automotor en transporte,Not an Intersection,No fue interseccion,Sobre calle,Ninguna,Dia total,Despejado,No,NO APLICA,99,99,99,98,1,17/09/2022,1
13,Georgia,131243,1,1,1,0,121,FULTON (121),280,ATLANTA,9,Septiembre,26,2022,20,21,I-85,1,Interestatal,Urbano,Interestatal,State Highway Agency,1,Sin jurisdiccion especial,307,33.82331667,-84.35471389,Peaton,El primer evento no fue una colision con un vehiculo automotor en transporte,Not an Intersection,No fue interseccion,Sobre calle,Ninguna,Oscuro con iluminacion,Despejado,No,NO APLICA,20,22,20,30,1,26/09/2022,1
13,Georgia,131244,0,0,1,0,121,FULTON (121),280,ATLANTA,9,Septiembre,27,2022,3,20,I-75 S,1,Interestatal,Urbano,Interestatal,State Highway Agency,1,Sin jurisdiccion especial,26,33.68655278,-84.39916667,Valla Ferrocarril,El primer evento no fue una colision con un vehiculo automotor en transporte,Not an Intersection,No fue interseccion,Sobre el lado de la calle,Ninguna,Oscuro sin iluminacion,Despejado,No,NO APLICA,99,99,99,98,1,27/09/2022,1
13,Georgia,131245,1,1,2,0,121,FULTON (121),4790,ROSWELL,9,Septiembre,29,2022,20,59,SR-140,3,Highway estatal,Urbano,Arteria Principal,State Highway Agency,1,Sin jurisdiccion especial,70,34.03232222,-84.34059444,Peaton,El primer evento no fue una colision con un vehiculo automotor en transporte,Not an Intersection,No fue interseccion,Sobre calle,Ninguna,Oscuro sin iluminacion,Despejado,No,NO APLICA,20,59,21,5,1,29/09/2022,2
13,Georgia,131246,0,0,2,0,183,LONG (183),9997,Other,10,Octubre,1,2022,19,46,CR-23,4,Calle del Condado,Urbano,Local,County Highway Agency,0,Sin jurisdiccion especial,4,31.75581944,-81.63565,Vehiculo en movimiento,Frente a frente,Not an Intersection,No fue interseccion,Sobre calle,Ninguna,Oscuro sin iluminacion,Despejado,No,NO APLICA,19,46,20,30,1,01/10/2022,2
13,Georgia,131248,0,0,1,0,245,RICHMOND (245),310,AUGUSTA,10,Octubre,3,2022,16,3,CR-019900,4,Calle del Condado,Urbano,Arteria Menor,County Highway Agency,0,Sin jurisdiccion especial,7,33.416625,-82.00505,Immersion total o parcial,El primer evento no fue una colision con un vehiculo automotor en transporte,Not an Intersection,No fue interseccion,Sobre el lado de la calle,Ninguna,Dia total,Despejado,No,NO APLICA,16,43,16,46,1,03/10/2022,1
13,Georgia,131250,0,0,1,0,117,FORSYTH (117),1440,CUMMING,9,Septiembre,30,2022,22,23,CHATTAHOOCHEE RD,6,Calle Local Municipalidad,Urbano,Arteria Menor,City or Municipal Highway Agency,0,Sin jurisdiccion especial,4,34.24411944,-84.06568056,Volcadura,El primer evento no fue una colision con un vehiculo automotor en transporte,Not an Intersection,No fue interseccion,Sobre el lado de la calle,Ninguna,Oscuro sin iluminacion,Nublado,No,NO APLICA,22,25,22,30,1,30/09/2022,1
13,Georgia,131251,0,0,1,0,121,FULTON (121),280,ATLANTA,10,Octubre,1,2022,3,15,CS-16403,6,Calle Local Municipalidad,Urbano,Colector Mayor,City or Municipal Highway Agency,0,Sin jurisdiccion especial,8,33.79797778,-84.39441944,Poste,El primer evento no fue una colision con un vehiculo automotor en transporte,Not an Intersection,No fue interseccion,Sobre calle,Ninguna,Oscuro con iluminacion,Despejado,No,NO APLICA,3,20,3,30,1,01/10/2022,5
13,Georgia,131252,0,0,1,0,127,GLYNN (127),760,BRUNSWICK,10,Octubre,3,2022,0,16,CS-JOHNSTON ST,5,Calle Local - Pueblo,Urbano,Local,City or Municipal Highway Agency,0,Sin jurisdiccion especial,6,31.17448889,-81.492775,Poste,El primer evento no fue una colision con un vehiculo automotor en transporte,T-Intersection,Interseccion de T,Sobre el lado de la calle,Ninguna,Oscuro sin iluminacion,Despejado,No,NO APLICA,0,18,0,25,1,03/10/2022,1
13,Georgia,131253,0,0,1,0,97,DOUGLAS (97),5990,WINSTON,9,Septiembre,20,2022,17,51,CEDAR MOUNTAIN RD,5,Calle Local - Pueblo,Urbano,Local,Town or Township Highway Agency,0,Sin jurisdiccion especial,14,33.75760833,-84.81135,Volcadura,El primer evento no fue una colision con un vehiculo automotor en transporte,Not an Intersection,No fue interseccion,Sobre calle,Ninguna,Dia total,Despejado,No,NO APLICA,17,51,17,59,2,20/09/2022,2
13,Georgia,131254,0,0,1,0,281,TOWNS (281),2690,HIAWASSEE,10,Octubre,4,2022,7,50,SR-288,3,Highway estatal,Rural,Colector Mayor,State Highway Agency,0,Sin jurisdiccion especial,25,34.93332778,-83.77308611,Arbol,El primer evento no fue una colision con un vehiculo automotor en transporte,Not an Intersection,No fue interseccion,Sobre el lado de la calle,Ninguna,Dia total,Despejado,No,NO APLICA,7,44,7,49,1,04/10/2022,1
13,Georgia,131255,0,0,1,0,21,BIBB (21),3390,MACON,10,Octubre,5,2022,0,13,CS-HARTLEY BRIDGE RD,5,Calle Local - Pueblo,Rural,Colector Mayor,City or Municipal Highway Agency,0,Sin jurisdiccion especial,31,32.74007222,-83.73159444,Arbol,El primer evento no fue una colision con un vehiculo automotor en transporte,Not an Intersection,No fue interseccion,Sobre el lado de la calle,Ninguna,Oscuro sin iluminacion,Despejado,No,NO APLICA,99,99,99,99,1,05/10/2022,1
13,Georgia,131256,1,1,1,0,151,HENRY (151),3360,MCDONOUGH,10,Octubre,5,2022,0,40,CS-MACON ST,5,Calle Local - Pueblo,Urbano,Arteria Menor,City or Municipal Highway Agency,0,Sin jurisdiccion especial,101,33.43029167,-84.14515,Peaton,El primer evento no fue una colision con un vehiculo automotor en transporte,Not an Intersection,No fue interseccion,Sobre calle,Ninguna,Oscuro sin iluminacion,Nublado,No,NO APLICA,99,99,99,99,1,05/10/2022,1
13,Georgia,131257,0,0,2,0,135,GWINNETT (135),3158,LILBURN,9,Septiembre,30,2022,12,56,INDIAN TRAIL LILBURN ROAD,6,Calle Local Municipalidad,Urbano,Local,City or Municipal Highway Agency,0,Sin jurisdiccion especial,2,33.90698056,-84.15636111,Vehiculo en movimiento,Angulo,Not an Intersection,No fue interseccion,Sobre calle,Ninguna,Dia total,Nublado,No,NO APLICA,99,99,99,99,1,30/09/2022,2
13,Georgia,131258,0,0,2,0,217,NEWTON (217),1380,COVINGTON,10,Octubre,5,2022,8,14,CS-ACCESS RD,5,Calle Local - Pueblo,Urbano,Colector Mayor,City or Municipal Highway Agency,0,Sin jurisdiccion especial,37,33.61189167,-83.89213056,Vehiculo en movimiento,Frente a frente,Not an Intersection,No fue interseccion,Sobre calle,Ninguna,Dia total,Nublado,No,NO APLICA,8,16,8,22,3,05/10/2022,4
13,Georgia,131259,0,0,1,0,83,DADE (83),4685,RISING FAWN,10,Octubre,6,2022,16,30,SR-136,3,Highway estatal,Rural,Colector Mayor,State Highway Agency,0,Sin jurisdiccion especial,110,34.81908889,-85.49681389,Buzon de correo,El primer evento no fue una colision con un vehiculo automotor en transporte,Not an Intersection,No fue interseccion,Sobre el lado de la calle,Ninguna,Dia total,Despejado,No,NO APLICA,16,31,16,42,1,06/10/2022,2
13,Georgia,131260,0,0,1,0,149,HEARD (149),2230,FRANKLIN,10,Octubre,7,2022,10,30,SR-219,3,Highway estatal,Rural,Colector Mayor,State Highway Agency,0,Sin jurisdiccion especial,31,33.19748333,-85.15840556,Poste de Señal de trafico,El primer evento no fue una colision con un vehiculo automotor en transporte,Not an Intersection,No fue interseccion,Sobre el lado de la calle,Ninguna,Dia total,Despejado,No,NO APLICA,10,31,10,36,1,07/10/2022,1
13,Georgia,131261,0,0,1,0,313,WHITFIELD (313),0,NO APLICA,10,Octubre,8,2022,3,43,SR-020100,3,Highway estatal,Urbano,Colector Mayor,State Highway Agency,0,Sin jurisdiccion especial,143,34.86991111,-85.01664444,Barda,El primer evento no fue una colision con un vehiculo automotor en transporte,Not an Intersection,No fue interseccion,Sobre el lado de la calle,Ninguna,Oscuro sin iluminacion,Despejado,No,NO APLICA,5,20,5,33,1,08/10/2022,1
13,Georgia,131262,1,1,1,0,89,DEKALB (89),1610,DECATUR,10,Octubre,8,2022,19,31,CS-GRESHAM RD,5,Calle Local - Pueblo,Urbano,Arteria Menor,City or Municipal Highway Agency,0,Sin jurisdiccion especial,35,33.71643889,-84.31043611,Peaton,El primer evento no fue una colision con un vehiculo automotor en transporte,Not an Intersection,No fue interseccion,Sobre calle,Ninguna,Atardecer,Despejado,No,NO APLICA,99,99,99,99,1,08/10/2022,1
13,Georgia,131264,0,0,1,0,67,COBB (67),4490,POWDER SPRINGS,9,Septiembre,11,2022,21,58,BANKSTONE DR,6,Calle Local Municipalidad,Urbano,Local,City or Municipal Highway Agency,0,Sin jurisdiccion especial,5,33.89235833,-84.62281667,Edificio,El primer evento no fue una colision con un vehiculo automotor en transporte,Not an Intersection,No fue interseccion,Sobre el lado de la calle,Ninguna,Atardecer,Despejado,No,NO APLICA,99,99,99,99,1,11/09/2022,1
13,Georgia,131265,0,0,2,0,45,CARROLL (45),9997,Other,9,Septiembre,18,2022,16,6,LEVANS RD,5,Calle Local - Pueblo,Rural,Local,Town or Township Highway Agency,0,Sin jurisdiccion especial,53,33.69083889,-85.06615278,Vehiculo en movimiento,Angulo,Not an Intersection,No fue interseccion,Sobre calle,Ninguna,Dia total,Nublado,No,NO APLICA,16,8,16,15,1,18/09/2022,2
13,Georgia,131266,0,0,2,0,45,CARROLL (45),970,CARROLLTON,9,Septiembre,25,2022,2,6,SR-113,3,Highway estatal,Rural,Colector Mayor,State Highway Agency,0,Sin jurisdiccion especial,29,33.63669167,-85.05650833,Vehiculo en movimiento,Otro,Not an Intersection,No fue interseccion,Sobre calle,Ninguna,Oscuro sin iluminacion,Despejado,No,NO APLICA,2,9,2,10,1,25/09/2022,3
13,Georgia,131267,1,1,1,0,121,FULTON (121),4882,SANDY SPRINGS,10,Octubre,2,2022,22,2,I-285,1,Interestatal,Urbano,Interestatal,State Highway Agency,1,Sin jurisdiccion especial,54,33.91420556,-84.42268333,Peaton,El primer evento no fue una colision con un vehiculo automotor en transporte,Not an Intersection,No fue interseccion,Sobre calle,Ninguna,Oscuro sin iluminacion,Nublado,No,NO APLICA,22,2,22,19,1,02/10/2022,1
13,Georgia,131268,0,0,2,0,289,TWIGGS (289),2930,JEFFERSONVILLE,10,Octubre,4,2022,0,46,SR-96,3,Highway estatal,Rural,Arteria Menor,State Highway Agency,0,Sin jurisdiccion especial,176,32.68219722,-83.35320833,Vehiculo en movimiento,Frente a frente,Not an Intersection,No fue interseccion,Sobre calle,Ninguna,Oscuro sin iluminacion,Despejado,No,NO APLICA,0,48,0,54,1,04/10/2022,2
13,Georgia,131269,0,0,2,0,121,FULTON (121),280,ATLANTA,10,Octubre,2,2022,23,56,I-75,1,Interestatal,Urbano,Arterial Principal -Freeway o ExpressWay,State Highway Agency,1,Sin jurisdiccion especial,95,33.77425278,-84.39029167,Vehiculo en movimiento,Frente a frente,Not an Intersection,No fue interseccion,Sobre calle,Ninguna,Oscuro con iluminacion,Despejado,No,NO APLICA,23,59,0,10,1,02/10/2022,3
13,Georgia,131270,1,1,1,0,215,MUSCOGEE (215),1280,COLUMBUS,9,Septiembre,28,2022,6,58,SR-000100 VICTORY DR,3,Highway estatal,Rural,Colector Mayor,State Highway Agency,0,Sin jurisdiccion especial,29,32.40868611,-84.94004167,Peaton,El primer evento no fue una colision con un vehiculo automotor en transporte,T-Intersection,Interseccion de T,Sobre calle,Ninguna,Oscuro con iluminacion,Despejado,No,NO APLICA,7,1,7,4,1,28/09/2022,1
13,Georgia,131272,0,0,2,0,57,CHEROKEE (57),920,CANTON,10,Octubre,6,2022,17,38,SR-20,3,Highway estatal,Rural,Arteria Principal,State Highway Agency,1,Sin jurisdiccion especial,228,34.24741111,-84.30486111,Vehiculo en movimiento,Angulo,T-Intersection,Interseccion de T,Sobre calle,Ninguna,Dia total,Despejado,No,NO APLICA,17,38,17,40,1,06/10/2022,2
13,Georgia,131273,0,0,3,0,89,DEKALB (89),9997,Other,10,Octubre,6,2022,22,40,SR-54,3,Highway estatal,Urbano,Arteria Menor,State Highway Agency,0,Sin jurisdiccion especial,3,33.65164722,-84.34288333,Vehiculo en movimiento,Angulo,Not an Intersection,No fue interseccion,Sobre calle,Ninguna,Oscuro sin iluminacion,Despejado,No,NO APLICA,22,45,22,55,2,06/10/2022,4
13,Georgia,131274,0,0,1,0,219,OCONEE (219),5830,WATKINSVILLE,10,Octubre,6,2022,23,10,CR-526,4,Calle del Condado,Rural,Local,County Highway Agency,0,Sin jurisdiccion especial,6,33.79570556,-83.37788889,Buzon de correo,El primer evento no fue una colision con un vehiculo automotor en transporte,Not an Intersection,No fue interseccion,Sobre el lado de la calle,Ninguna,Oscuro sin iluminacion,Despejado,No,NO APLICA,23,8,23,18,1,06/10/2022,1
13,Georgia,131275,0,0,1,0,51,CHATHAM (51),9997,Other,10,Octubre,7,2022,0,0,CS-JOHNNY MERCER BLVD,5,Calle Local - Pueblo,Urbano,Arteria Menor,City or Municipal Highway Agency,0,Sin jurisdiccion especial,0,32.0407,-81.02219722,Arbol,El primer evento no fue una colision con un vehiculo automotor en transporte,Not an Intersection,No fue interseccion,Sobre el lado de la calle,Ninguna,Oscuro sin iluminacion,Despejado,No,NO APLICA,4,30,4,58,1,07/10/2022,1
13,Georgia,131276,0,0,1,0,263,TALBOT (263),6030,WOODLAND,10,Octubre,7,2022,8,38,SR-36,3,Highway estatal,Rural,Colector Mayor,State Highway Agency,0,Sin jurisdiccion especial,100,32.75981944,-84.56491667,Valla Ferrocarril,El primer evento no fue una colision con un vehiculo automotor en transporte,Not an Intersection,No fue interseccion,Sobre el lado de la calle,Ninguna,Dia total,Despejado,No,NO APLICA,8,38,8,41,1,07/10/2022,1
13,Georgia,131277,0,0,3,0,295,WALKER (295),3040,LAFAYETTE,10,Octubre,7,2022,14,20,SR-1,3,Highway estatal,Rural,Arteria Principal,State Highway Agency,1,Sin jurisdiccion especial,66,34.68161944,-85.27087222,Vehiculo en movimiento,Angulo,Not an Intersection,No fue interseccion,Sobre calle,Ninguna,Dia total,Despejado,No,NO APLICA,14,19,14,20,1,07/10/2022,3
13,Georgia,131278,1,1,2,0,77,COWETA (77),3950,NEWNAN,10,Octubre,7,2022,21,20,SR-34,3,Highway estatal,Urbano,Arteria Principal,State Highway Agency,1,Sin jurisdiccion especial,74,33.37868611,-84.86554167,Peaton,El primer evento no fue una colision con un vehiculo automotor en transporte,Not an Intersection,No fue interseccion,Sobre calle,Ninguna,Oscuro sin iluminacion,Despejado,No,NO APLICA,21,30,21,32,1,07/10/2022,3
13,Georgia,131279,0,0,2,0,121,FULTON (121),280,ATLANTA,10,Octubre,7,2022,21,22,SR-13,3,Highway estatal,Urbano,Arteria Principal,State Highway Agency,1,Sin jurisdiccion especial,7,33.80080278,-84.38779167,Vehiculo en movimiento,Frente a frente,Not an Intersection,No fue interseccion,Sobre calle,Ninguna,Oscuro con iluminacion,Despejado,No,NO APLICA,21,34,21,37,2,07/10/2022,2
13,Georgia,131280,0,0,1,0,173,LANIER (173),9898,Not Reported,10,Octubre,8,2022,7,5,CR-015000,4,Calle del Condado,Rural,Colector Mayor,County Highway Agency,0,Sin jurisdiccion especial,67,31.12753333,-83.15186667,Poste,El primer evento no fue una colision con un vehiculo automotor en transporte,Not an Intersection,No fue interseccion,Sobre el lado de la calle,Ninguna,Dia total,Despejado,No,NO APLICA,7,9,7,16,1,08/10/2022,1
13,Georgia,131281,0,0,1,0,73,COLUMBIA (73),195,APPLING,10,Octubre,9,2022,1,28,SR-150,3,Highway estatal,Rural,Colector Mayor,State Highway Agency,0,Sin jurisdiccion especial,83,33.62069167,-82.28249722,Culvert,El primer evento no fue una colision con un vehiculo automotor en transporte,Not an Intersection,No fue interseccion,Sobre el lado de la calle,Ninguna,Oscuro sin iluminacion,Nublado,No,NO APLICA,1,33,1,36,1,09/10/2022,1
13,Georgia,131282,0,0,1,0,117,FORSYTH (117),1440,CUMMING,10,Octubre,9,2022,23,36,CR-270,4,Calle del Condado,Urbano,Local,County Highway Agency,0,Sin jurisdiccion especial,7,34.29580833,-84.18400278,Banqueta,El primer evento no fue una colision con un vehiculo automotor en transporte,Not an Intersection,No fue interseccion,Sobre el lado de la calle,Ninguna,Oscuro sin iluminacion,Despejado,No,NO APLICA,23,37,23,41,1,09/10/2022,1
13,Georgia,131284,0,0,2,0,245,RICHMOND (245),310,AUGUSTA,10,Octubre,10,2022,20,25,I-520,1,Interestatal,Urbano,Arterial Principal -Freeway o ExpressWay,State Highway Agency,1,Sin jurisdiccion especial,35,33.44440833,-82.07280833,Vehiculo en movimiento,Frente a Detrás,Not an Intersection,No fue interseccion,Sobre calle,Ninguna,Oscuro sin iluminacion,Despejado,No,NO APLICA,99,99,99,99,1,10/10/2022,2
13,Georgia,131285,1,1,1,0,21,BIBB (21),3390,MACON,10,Octubre,7,2022,21,10,SR-22 EISENHOWER PKWY,3,Highway estatal,Urbano,Arteria Principal,State Highway Agency,0,Sin jurisdiccion especial,133,32.81390833,-83.64520833,Peaton,El primer evento no fue una colision con un vehiculo automotor en transporte,Not an Intersection,No fue interseccion,Sobre calle,Ninguna,Oscuro sin iluminacion,Despejado,No,NO APLICA,21,11,21,15,1,07/10/2022,1
13,Georgia,131286,0,0,2,0,277,TIFT (277),5490,TIFTON,10,Octubre,9,2022,23,16,SR-520,3,Highway estatal,Urbano,Arteria Principal,State Highway Agency,1,Sin jurisdiccion especial,138,31.43509722,-83.44801667,Vehiculo en movimiento,Angulo,Four-Way Intersection,Interseccion de 4 direcciones,Sobre calle,Ninguna,Oscuro sin iluminacion,Despejado,No,NO APLICA,23,16,23,24,1,09/10/2022,2
13,Georgia,131287,0,0,2,0,117,FORSYTH (117),1440,CUMMING,10,Octubre,11,2022,21,33,SR-20,3,Highway estatal,Urbano,Arteria Principal,State Highway Agency,1,Sin jurisdiccion especial,95,34.18579722,-84.14098056,Vehiculo en movimiento,Angulo,Four-Way Intersection,Interseccion de 4 direcciones,Sobre calle,Ninguna,Oscuro con iluminacion,Despejado,No,NO APLICA,21,34,21,39,1,11/10/2022,2
13,Georgia,131288,0,0,1,0,147,HART (147),640,BOWERSVILLE,10,Octubre,12,2022,11,54,SR-51,3,Highway estatal,Rural,Colector Mayor,State Highway Agency,0,Sin jurisdiccion especial,27,34.36845833,-83.06711944,Culvert,El primer evento no fue una colision con un vehiculo automotor en transporte,Not an Intersection,No fue interseccion,Sobre el lado de la calle,Ninguna,Dia total,Nublado,No,NO APLICA,11,51,12,1,1,12/10/2022,1
13,Georgia,131289,1,1,1,0,245,RICHMOND (245),310,AUGUSTA,10,Octubre,10,2022,14,54,SR-1210,3,Highway estatal,Urbano,Arteria Principal,State Highway Agency,1,Sin jurisdiccion especial,176,33.4563,-81.96837778,Peaton,El primer evento no fue una colision con un vehiculo automotor en transporte,Not an Intersection,No fue interseccion,Sobre calle,Ninguna,Dia total,Despejado,No,NO APLICA,14,57,15,3,1,10/10/2022,1
13,Georgia,131290,0,0,2,0,245,RICHMOND (245),310,AUGUSTA,10,Octubre,12,2022,17,47,SR-4,3,Highway estatal,Urbano,Arteria Principal,State Highway Agency,1,Sin jurisdiccion especial,189,33.42814167,-82.04801389,Vehiculo en movimiento,Angulo,Four-Way Intersection,Interseccion de 4 direcciones,Sobre calle,Ninguna,Dia total,lluvia,No,NO APLICA,17,48,18,23,1,12/10/2022,3
13,Georgia,131291,0,0,1,0,71,COLQUITT (71),3800,MOULTRIE,10,Octubre,8,2022,1,0,BAY ROCKFORD RD,8,Otro,Rural,Colector Menor,County Highway Agency,0,Sin jurisdiccion especial,6,31.159125,-83.90878056,Poste de Señal de trafico,El primer evento no fue una colision con un vehiculo automotor en transporte,Not an Intersection,No fue interseccion,Sobre el lado de la calle,Ninguna,Oscuro sin iluminacion,Despejado,No,NO APLICA,1,2,1,16,1,08/10/2022,1
13,Georgia,131293,0,0,1,0,121,FULTON (121),280,ATLANTA,10,Octubre,8,2022,18,59,I-75,1,Interestatal,Urbano,Arterial Principal -Freeway o ExpressWay,State Highway Agency,1,Sin jurisdiccion especial,2,33.68868611,-84.39922778,Acotamiento,El primer evento no fue una colision con un vehiculo automotor en transporte,Not an Intersection,No fue interseccion,En el medio,Ninguna,Dia total,Despejado,No,NO APLICA,19,2,20,23,1,08/10/2022,1