Estado,Nombre de Estado,Numero de Caso,Peatones,Personas _no_vehiculos,Vehiculos automotores,Vehiculos estacionados,Condado,Nombre Condado,Ciudad,Nombre Ciudad,Mes,Nombre Mes,Dia,Año,Hora,Minuto,Calle,Ruta,Nombre Ruta,Rural o Urbanoo,Sistema Funcional,Dueño Calle,Sistema Nacional Carreteras,Jurisdiccion Especial,Milla,Latitud,Longitud,Causa del Accidente,Tipo de Accidente,Tipo Interseccion,Columna1,Lugar en la calle,Zona de Trabajo,Luz,Clima,Autobus Escolar,Cruce de Trenes,Hora Notificacion,Minuto Notificacion,Hora Llegada,Minuto Llegada,Decesos,Fecha,PersonaVehiculo
13,Georgia,131294,0,0,1,0,63,CLAYTON (63),9997,Other,10,Octubre,9,2022,6,34,CR-1336,4,Calle del Condado,Urbano,Colector Mayor,County Highway Agency,0,Sin jurisdiccion especial,20,33.48925278,-84.35685,Arbol,El primer evento no fue una colision con un vehiculo automotor en transporte,Not an Intersection,No fue interseccion,Sobre el lado de la calle,Ninguna,Amanecer,Despejado,No,NO APLICA,99,99,99,99,1,09/10/2022,1
13,Georgia,131295,0,0,1,0,233,POLK (233),1010,CEDARTOWN,10,Octubre,12,2022,16,28,CEDARTOWN RD,8,Otro,Rural,Colector Mayor,County Highway Agency,0,Sin jurisdiccion especial,21,34.0594,-85.30559167,Zanja,El primer evento no fue una colision con un vehiculo automotor en transporte,Not an Intersection,No fue interseccion,Sobre el lado de la calle,Ninguna,Dia total,Nublado,No,NO APLICA,16,28,16,42,1,12/10/2022,3
13,Georgia,131296,0,0,1,0,241,RABUN (241),1170,CLAYTON,10,Octubre,11,2022,11,5,SR-2,3,Highway estatal,Rural,Arteria Principal,State Highway Agency,1,Sin jurisdiccion especial,128,34.87691111,-83.44536667,Volcadura,El primer evento no fue una colision con un vehiculo automotor en transporte,Not an Intersection,No fue interseccion,Sobre el lado de la calle,Ninguna,Dia total,Nublado,No,NO APLICA,11,7,11,22,1,11/10/2022,1
13,Georgia,131297,0,0,1,0,129,GORDON (129),860,CALHOUN,10,Octubre,5,2022,7,44,SR-87,3,Highway estatal,Urbano,Arteria Menor,State Highway Agency,0,Sin jurisdiccion especial,102,34.50581944,-84.96156944,Arbol,El primer evento no fue una colision con un vehiculo automotor en transporte,Not an Intersection,No fue interseccion,Sobre el lado de la calle,Ninguna,Dia total,Despejado,No,NO APLICA,7,44,7,53,1,05/10/2022,1
13,Georgia,131298,1,1,1,0,135,GWINNETT (135),0,NO APLICA,9,Septiembre,28,2022,17,21,SR-316,3,Highway estatal,Urbano,Arteria Principal,State Highway Agency,1,Sin jurisdiccion especial,141,33.973325,-83.87388056,Peaton,El primer evento no fue una colision con un vehiculo automotor en transporte,Not an Intersection,No fue interseccion,Sobre calle,Ninguna,Dia total,Despejado,No,NO APLICA,17,22,17,32,1,28/09/2022,1
13,Georgia,131299,0,0,2,0,151,HENRY (151),2560,HAMPTON,10,Octubre,6,2022,6,58,SR-20,3,Highway estatal,Urbano,Arteria Principal,State Highway Agency,1,Sin jurisdiccion especial,173,33.37935556,-84.26421389,Vehiculo en movimiento,Angulo,Four-Way Intersection,Interseccion de 4 direcciones,Sobre calle,Ninguna,Amanecer,Despejado,No,NO APLICA,7,0,7,8,1,06/10/2022,3
13,Georgia,131300,2,2,1,0,215,MUSCOGEE (215),1280,COLUMBUS,10,Octubre,6,2022,8,4,CR-518 STEAM MILL RD,4,Calle del Condado,Urbano,Colector Mayor,County Highway Agency,0,Sin jurisdiccion especial,10,32.45508056,-84.91948333,Peaton,El primer evento no fue una colision con un vehiculo automotor en transporte,Not an Intersection,No fue interseccion,Sobre calle,Ninguna,Dia total,Despejado,No,NO APLICA,8,10,8,23,1,06/10/2022,1
13,Georgia,131301,0,0,2,0,129,GORDON (129),860,CALHOUN,10,Octubre,7,2022,9,7,SR-156,3,Highway estatal,Urbano,Arteria Menor,State Highway Agency,0,Sin jurisdiccion especial,102,34.505675,-84.96153611,Vehiculo en movimiento,Angulo,Not an Intersection,No fue interseccion,Sobre calle,Ninguna,Dia total,Despejado,No,NO APLICA,9,7,9,12,1,07/10/2022,2
13,Georgia,131302,0,0,1,0,185,LOWNDES (185),5680,VALDOSTA,10,Octubre,9,2022,7,50,I-75 RAMP,1,Interestatal,Urbano,Arterial Principal -Freeway o ExpressWay,State Highway Agency,1,Sin jurisdiccion especial,0,30.77949167,-83.29785833,Arbol,El primer evento no fue una colision con un vehiculo automotor en transporte,Not an Intersection,No fue interseccion,Sobre el lado de la calle,Ninguna,Dia total,Despejado,No,NO APLICA,7,57,8,3,1,09/10/2022,1
13,Georgia,131303,0,0,2,0,185,LOWNDES (185),3070,LAKE PARK,10,Octubre,10,2022,16,55,I-75,1,Interestatal,Urbano,Arterial Principal -Freeway o ExpressWay,State Highway Agency,1,Sin jurisdiccion especial,15,30.64331111,-83.18910556,Suelo,El primer evento no fue una colision con un vehiculo automotor en transporte,Not an Intersection,No fue interseccion,Sobre el lado de la calle,Ninguna,Dia total,Despejado,No,NO APLICA,16,54,17,3,1,10/10/2022,2
13,Georgia,131304,0,0,1,0,45,CARROLL (45),5730,VILLA RICA,10,Octubre,10,2022,21,13,SR-101,3,Highway estatal,Urbano,Arteria Menor,State Highway Agency,0,Sin jurisdiccion especial,16,33.74705556,-84.93561944,Arbol,El primer evento no fue una colision con un vehiculo automotor en transporte,Not an Intersection,No fue interseccion,Sobre el lado de la calle,Ninguna,Oscuro sin iluminacion,Despejado,No,NO APLICA,21,8,21,17,1,10/10/2022,1
13,Georgia,131305,0,0,1,0,97,DOUGLAS (97),1770,DOUGLASVILLE,10,Octubre,9,2022,12,57,CS-KINGS HWY,5,Calle Local - Pueblo,Urbano,Colector Mayor,City or Municipal Highway Agency,0,Sin jurisdiccion especial,20,33.67380556,-84.77455556,Buzon de correo,El primer evento no fue una colision con un vehiculo automotor en transporte,Not an Intersection,No fue interseccion,Sobre el lado de la calle,Ninguna,Dia total,Despejado,No,NO APLICA,13,1,13,6,1,09/10/2022,2
13,Georgia,131306,0,0,2,0,247,ROCKDALE (247),1320,CONYERS,10,Octubre,11,2022,11,52,SR-20,3,Highway estatal,Urbano,Arteria Menor,State Highway Agency,0,Sin jurisdiccion especial,59,33.71036111,-84.00398056,Vehiculo en movimiento,Frente a Detrás,Not an Intersection,No fue interseccion,Sobre calle,Ninguna,Dia total,Despejado,No,NO APLICA,11,53,11,58,1,11/10/2022,3
13,Georgia,131308,0,0,2,0,299,WARE (299),5850,WAYCROSS,10,Octubre,8,2022,14,26,SR-38,3,Highway estatal,Urbano,Local,State Highway Agency,0,Sin jurisdiccion especial,157,31.18802778,-82.39113889,Vehiculo en movimiento,Frente a Detrás,Not an Intersection,No fue interseccion,Sobre calle,Ninguna,Dia total,Despejado,No,NO APLICA,14,27,14,30,1,08/10/2022,2
13,Georgia,131309,0,0,2,0,63,CLAYTON (63),2970,JONESBORO,10,Octubre,11,2022,22,50,SR-3,3,Highway estatal,Urbano,Arteria Principal,State Highway Agency,1,Sin jurisdiccion especial,88,33.54629722,-84.36914444,Vehiculo en movimiento,Frente a frente,T-Intersection,Interseccion de T,Sobre calle,Ninguna,Oscuro con iluminacion,Despejado,No,NO APLICA,99,99,99,99,1,11/10/2022,3
13,Georgia,131310,1,1,1,0,59,CLARKE (59),270,ATHENS,10,Octubre,13,2022,21,34,CR-325 CEDAR SHOALS DR,4,Calle del Condado,Urbano,Colector Mayor,County Highway Agency,0,Sin jurisdiccion especial,7,33.91829444,-83.32329722,Peaton,El primer evento no fue una colision con un vehiculo automotor en transporte,Not an Intersection,No fue interseccion,Sobre calle,Ninguna,Oscuro sin iluminacion,Despejado,No,NO APLICA,99,99,99,99,1,13/10/2022,1
13,Georgia,131311,0,0,1,0,245,RICHMOND (245),310,AUGUSTA,10,Octubre,13,2022,20,54,SR-104,3,Highway estatal,Urbano,Arteria Principal,State Highway Agency,1,Sin jurisdiccion especial,1,33.515,-82.06206389,Arbol,El primer evento no fue una colision con un vehiculo automotor en transporte,Not an Intersection,No fue interseccion,Fuera de la calle,Ninguna,Oscuro con iluminacion,Despejado,No,NO APLICA,20,57,20,17,1,13/10/2022,1
13,Georgia,131312,0,0,2,0,107,EMANUEL (107),5600,TWIN CITY,10,Octubre,16,2022,2,8,SR-23,3,Highway estatal,Rural,Colector Mayor,State Highway Agency,0,Sin jurisdiccion especial,65,32.60211944,-82.13495556,Vehiculo en movimiento,Frente a Detrás,Not an Intersection,No fue interseccion,Sobre calle,Ninguna,Oscuro sin iluminacion,Despejado,No,NO APLICA,2,7,2,13,1,16/10/2022,3
13,Georgia,131313,0,0,2,0,153,HOUSTON (153),5790,WARNER ROBINS,10,Octubre,16,2022,13,2,CS-112115,5,Calle Local - Pueblo,Urbano,Arteria Menor,City or Municipal Highway Agency,0,Sin jurisdiccion especial,5,32.55564167,-83.69121389,Vehiculo en movimiento,Angulo,Four-Way Intersection,Interseccion de 4 direcciones,Sobre calle,Ninguna,Dia total,Despejado,No,NO APLICA,13,5,13,10,1,16/10/2022,2
13,Georgia,131314,1,1,1,0,121,FULTON (121),1250,COLLEGE PARK,10,Octubre,4,2022,21,30,SR-279,3,Highway estatal,Urbano,Arteria Menor,State Highway Agency,0,Sin jurisdiccion especial,32,33.5965,-84.46903333,Peaton,El primer evento no fue una colision con un vehiculo automotor en transporte,Four-Way Intersection,Interseccion de 4 direcciones,Sobre calle,Ninguna,Oscuro con iluminacion,Despejado,No,NO APLICA,21,31,21,35,1,04/10/2022,1
13,Georgia,131315,1,1,2,0,63,CLAYTON (63),2970,JONESBORO,9,Septiembre,4,2022,2,25,SR-3 TARA BLVD,3,Highway estatal,Urbano,Arteria Principal,State Highway Agency,1,Sin jurisdiccion especial,104,33.56827778,-84.37153889,Peaton,El primer evento no fue una colision con un vehiculo automotor en transporte,Not an Intersection,No fue interseccion,Sobre calle,Ninguna,Oscuro sin iluminacion,Despejado,No,NO APLICA,99,98,99,98,1,04/09/2022,2
13,Georgia,131316,0,0,2,0,67,COBB (67),3440,MARIETTA,10,Octubre,7,2022,2,53,I-285 RAMP,1,Interestatal,Urbano,Arterial Principal -Freeway o ExpressWay,State Highway Agency,1,Sin jurisdiccion especial,2,33.89329722,-84.46239444,Vehiculo en movimiento,Frente a frente,Not an Intersection,No fue interseccion,Sobre calle,Ninguna,Oscuro con iluminacion,Despejado,No,NO APLICA,2,53,2,56,1,07/10/2022,2
13,Georgia,131317,0,0,1,0,297,WALTON (297),3710,MONROE,10,Octubre,13,2022,3,1,SR-10,3,Highway estatal,Urbano,Arteria Principal,State Highway Agency,1,Sin jurisdiccion especial,78,33.80633611,-83.78658056,Arbol,El primer evento no fue una colision con un vehiculo automotor en transporte,Not an Intersection,No fue interseccion,Sobre el lado de la calle,Ninguna,Oscuro sin iluminacion,Nublado,No,NO APLICA,3,4,3,12,1,13/10/2022,3
13,Georgia,131318,0,0,2,0,251,SCREVEN (251),5330,SYLVANIA,10,Octubre,14,2022,15,24,SR-21,3,Highway estatal,Rural,Arteria Principal,State Highway Agency,1,Sin jurisdiccion especial,181,32.72918889,-81.65401389,Vehiculo en movimiento,Angulo,T-Intersection,Interseccion de T,Sobre calle,Ninguna,Dia total,Despejado,No,NO APLICA,15,36,15,40,1,14/10/2022,3
13,Georgia,131319,0,0,1,0,11,BANKS (11),2790,HOMER,10,Octubre,15,2022,23,18,US-441/SR-15,2,US Highway,Rural,Arteria Principal,State Highway Agency,1,Sin jurisdiccion especial,26,34.27158611,-83.46644444,Zanja,El primer evento no fue una colision con un vehiculo automotor en transporte,Not an Intersection,No fue interseccion,Sobre el lado de la calle,Ninguna,Oscuro sin iluminacion,Despejado,No,NO APLICA,23,20,23,24,1,15/10/2022,1
13,Georgia,131320,0,0,2,0,51,CHATHAM (51),4450,POOLER,10,Octubre,16,2022,16,34,CS-PINE MDW,5,Calle Local - Pueblo,Urbano,Local,City or Municipal Highway Agency,0,Sin jurisdiccion especial,4,32.08909722,-81.23771389,Vehiculo en movimiento,Angulo,Not an Intersection,No fue interseccion,Sobre calle,Ninguna,Dia total,Despejado,No,NO APLICA,16,32,16,38,1,16/10/2022,2
13,Georgia,131321,0,0,2,0,127,GLYNN (127),760,BRUNSWICK,10,Octubre,8,2022,19,57,SR-27,3,Highway estatal,Urbano,Arteria Principal,State Highway Agency,1,Sin jurisdiccion especial,0,31.14870833,-81.49651389,Vehiculo en movimiento,Angulo,Four-Way Intersection,Interseccion de 4 direcciones,Sobre calle,Ninguna,Oscuro con iluminacion,Despejado,No,NO APLICA,19,58,20,2,1,08/10/2022,3
13,Georgia,131323,1,1,1,0,275,THOMAS (275),5460,THOMASVILLE,10,Octubre,15,2022,6,15,SR-000300,3,Highway estatal,Urbano,Arteria Principal,State Highway Agency,1,Sin jurisdiccion especial,141,30.85897778,-83.94753056,Peaton,El primer evento no fue una colision con un vehiculo automotor en transporte,Not an Intersection,No fue interseccion,Sobre calle,Ninguna,Oscuro con iluminacion,Despejado,No,NO APLICA,6,18,6,25,1,15/10/2022,1
13,Georgia,131324,0,0,1,0,117,FORSYTH (117),1440,CUMMING,10,Octubre,15,2022,23,7,CR-309 DR BRAMBLETT RD,4,Calle del Condado,Urbano,Local,County Highway Agency,0,Sin jurisdiccion especial,6,34.28115833,-84.17335556,Volcadura,El primer evento no fue una colision con un vehiculo automotor en transporte,Not an Intersection,No fue interseccion,Sobre calle,Ninguna,Oscuro sin iluminacion,Despejado,No,NO APLICA,99,99,99,99,1,15/10/2022,1
13,Georgia,131325,0,0,2,0,139,HALL (139),0,NO APLICA,10,Octubre,15,2022,23,8,SR-001100,3,Highway estatal,Rural,Arteria Principal,State Highway Agency,1,Sin jurisdiccion especial,242,34.46993056,-83.77496389,Vehiculo en movimiento,Frente a frente,Not an Intersection,No fue interseccion,Sobre calle,Ninguna,Oscuro sin iluminacion,Despejado,No,NO APLICA,99,99,99,99,1,15/10/2022,10
13,Georgia,131326,0,0,1,0,69,COFFEE (69),1760,DOUGLAS,10,Octubre,16,2022,18,21,SR-31,3,Highway estatal,Rural,Arteria Principal,State Highway Agency,1,Sin jurisdiccion especial,23,31.43730833,-82.85068611,Volcadura,El primer evento no fue una colision con un vehiculo automotor en transporte,Not an Intersection,No fue interseccion,Sobre el lado de la calle,Ninguna,Dia total,Despejado,No,NO APLICA,18,22,18,28,1,16/10/2022,1
13,Georgia,131327,0,0,1,0,121,FULTON (121),280,ATLANTA,10,Octubre,16,2022,23,25,WHITEHALL ST SW,5,Calle Local - Pueblo,Urbano,Colector Mayor,City or Municipal Highway Agency,0,Sin jurisdiccion especial,1,33.74151111,-84.41069167,Valla Ferrocarril,El primer evento no fue una colision con un vehiculo automotor en transporte,Not an Intersection,No fue interseccion,Sobre el lado de la calle,Ninguna,Oscuro con iluminacion,Despejado,No,NO APLICA,99,99,99,99,1,16/10/2022,1
13,Georgia,131328,1,1,1,0,51,CHATHAM (51),4910,SAVANNAH,10,Octubre,17,2022,22,19,I-516 WM F LYMES PKWY,1,Interestatal,Urbano,Interestatal,State Highway Agency,1,Sin jurisdiccion especial,24,32.0495,-81.14350556,Peaton,El primer evento no fue una colision con un vehiculo automotor en transporte,Not an Intersection,No fue interseccion,Sobre calle,Ninguna,Oscuro con iluminacion,Despejado,No,NO APLICA,99,99,99,99,1,17/10/2022,1
13,Georgia,131329,0,0,2,0,307,WEBSTER (307),5880,WESTON,10,Octubre,8,2022,1,2,SR-520,3,Highway estatal,Rural,Arteria Principal,State Highway Agency,1,Sin jurisdiccion especial,58,31.95243889,-84.58258056,Vehiculo en movimiento,Frente a frente,Not an Intersection,No fue interseccion,Sobre calle,Ninguna,Oscuro sin iluminacion,Despejado,No,NO APLICA,1,2,1,18,4,08/10/2022,4
13,Georgia,131330,0,0,1,0,223,PAULDING (223),2740,HIRAM,10,Octubre,15,2022,12,19,CR-309,4,Calle del Condado,Urbano,Local,County Highway Agency,0,Sin jurisdiccion especial,6,33.86119167,-84.72981944,Otro objeto (fijo),El primer evento no fue una colision con un vehiculo automotor en transporte,Not an Intersection,No fue interseccion,Sobre el lado de la calle,Ninguna,Dia total,Despejado,No,NO APLICA,99,99,99,99,1,15/10/2022,1
13,Georgia,131331,0,0,1,0,245,RICHMOND (245),310,AUGUSTA,10,Octubre,16,2022,2,14,SR-104,3,Highway estatal,Urbano,Arteria Principal,State Highway Agency,0,Sin jurisdiccion especial,33,33.51629444,-82.00419444,Objeto que se habia caido del vehiculo,El primer evento no fue una colision con un vehiculo automotor en transporte,Not an Intersection,No fue interseccion,Sobre calle,Ninguna,Oscuro con iluminacion,Despejado,No,NO APLICA,2,14,2,23,1,16/10/2022,1
13,Georgia,131332,0,0,1,0,51,CHATHAM (51),9997,Other,10,Octubre,16,2022,20,33,CR-774,4,Calle del Condado,Urbano,Local,County Highway Agency,0,Sin jurisdiccion especial,15,32.00527222,-81.27446667,Alguien se cayo/avento del vehiculo,El primer evento no fue una colision con un vehiculo automotor en transporte,Not an Intersection,No fue interseccion,Fuera de la calle,Ninguna,Oscuro con iluminacion,Despejado,No,NO APLICA,22,35,22,55,1,16/10/2022,1
13,Georgia,131333,0,0,2,0,121,FULTON (121),280,ATLANTA,10,Octubre,10,2022,23,53,CS-UNION RD SW,5,Calle Local - Pueblo,Rural,Arteria Menor,City or Municipal Highway Agency,0,Sin jurisdiccion especial,9,33.65398056,-84.56509722,Vehiculo en movimiento,Angulo,Four-Way Intersection,Interseccion de 4 direcciones,Sobre calle,Ninguna,Oscuro sin iluminacion,Despejado,No,NO APLICA,1,30,2,45,1,10/10/2022,4
13,Georgia,131334,0,0,1,0,281,TOWNS (281),2690,HIAWASSEE,10,Octubre,16,2022,17,25,SR-17,3,Highway estatal,Rural,Arteria Menor,State Highway Agency,0,Sin jurisdiccion especial,84,34.91460833,-83.72721667,Volcadura,El primer evento no fue una colision con un vehiculo automotor en transporte,Not an Intersection,No fue interseccion,Sobre el lado de la calle,Ninguna,Dia total,Despejado,No,NO APLICA,17,25,17,29,1,16/10/2022,1
13,Georgia,131336,0,0,2,0,97,DOUGLAS (97),1770,DOUGLASVILLE,10,Octubre,8,2022,22,0,CR-814,4,Calle del Condado,Urbano,Colector Mayor,County Highway Agency,0,Sin jurisdiccion especial,20,33.77293056,-84.70397222,Vehiculo en movimiento,Angulo,T-Intersection,Interseccion de T,Sobre calle,Ninguna,Oscuro sin iluminacion,Despejado,No,NO APLICA,22,1,22,6,2,08/10/2022,5
13,Georgia,131337,0,0,3,0,171,LAMAR (171),400,BARNESVILLE,10,Octubre,14,2022,19,20,SR-36,3,Highway estatal,Rural,Colector Mayor,State Highway Agency,0,Sin jurisdiccion especial,85,33.08890556,-84.15389444,Vehiculo en movimiento,Frente a Detrás,T-Intersection,Interseccion de T,Sobre calle,Ninguna,Oscuro sin iluminacion,Despejado,No,NO APLICA,19,21,19,29,2,14/10/2022,4
13,Georgia,131338,1,1,1,0,121,FULTON (121),1250,COLLEGE PARK,10,Octubre,15,2022,3,47,SR-279,3,Highway estatal,Urbano,Arteria Menor,State Highway Agency,0,Sin jurisdiccion especial,48,33.61796389,-84.4729,Peaton,El primer evento no fue una colision con un vehiculo automotor en transporte,Not an Intersection,No fue interseccion,Sobre calle,Ninguna,Oscuro sin iluminacion,Despejado,No,NO APLICA,3,44,4,9,1,15/10/2022,1
13,Georgia,131339,0,0,1,0,45,CARROLL (45),5935,WHITESBURG,10,Octubre,18,2022,6,21,SR-16,3,Highway estatal,Rural,Arteria Menor,State Highway Agency,0,Sin jurisdiccion especial,215,33.52644167,-84.9795,Volcadura,El primer evento no fue una colision con un vehiculo automotor en transporte,Not an Intersection,No fue interseccion,Sobre el lado de la calle,Ninguna,Oscuro sin iluminacion,Despejado,No,NO APLICA,6,24,6,32,1,18/10/2022,1
13,Georgia,131340,0,0,1,0,213,MURRAY (213),0,NO APLICA,10,Octubre,20,2022,8,37,SR-52,3,Highway estatal,Urbano,Colector Mayor,State Highway Agency,9,Sin jurisdiccion especial,37,34.76133056,-84.79605278,Arbol,El primer evento no fue una colision con un vehiculo automotor en transporte,Not an Intersection,No fue interseccion,Sobre el lado de la calle,Ninguna,Dia total,Despejado,No,NO APLICA,8,39,8,44,1,20/10/2022,1
13,Georgia,131341,0,0,3,0,73,COLUMBIA (73),0,NO APLICA,10,Octubre,20,2022,21,27,I-20,1,Interestatal,Rural,Interestatal,State Highway Agency,1,Sin jurisdiccion especial,50,33.49668611,-82.31615833,Vehiculo en movimiento,Frente a Detrás,Not an Intersection,No fue interseccion,Sobre calle,Ninguna,Oscuro sin iluminacion,Despejado,No,NO APLICA,21,36,21,50,1,20/10/2022,6
13,Georgia,131342,0,0,1,0,121,FULTON (121),1250,COLLEGE PARK,10,Octubre,21,2022,8,23,SR-14 CO,3,Highway estatal,Urbano,Arteria Principal,State Highway Agency,9,Sin jurisdiccion especial,9,33.614775,-84.49756389,Valla Ferrocarril,El primer evento no fue una colision con un vehiculo automotor en transporte,Not an Intersection,No fue interseccion,En el medio,Ninguna,Dia total,Despejado,No,NO APLICA,99,99,99,99,1,21/10/2022,1
13,Georgia,131343,0,0,3,0,35,BUTTS (35),0,NO APLICA,10,Octubre,21,2022,12,38,SR-16,3,Highway estatal,Rural,Arteria Menor,State Highway Agency,0,Sin jurisdiccion especial,48,33.28131111,-84.04323889,Vehiculo en movimiento,Angulo,Four-Way Intersection,Interseccion de 4 direcciones,Sobre calle,Ninguna,Dia total,Despejado,No,NO APLICA,12,35,12,40,1,21/10/2022,3
13,Georgia,131344,1,1,1,0,73,COLUMBIA (73),0,NO APLICA,10,Octubre,22,2022,6,37,CR-174500,4,Calle del Condado,Urbano,Local,County Highway Agency,0,Sin jurisdiccion especial,9,33.48722222,-82.2159,Peaton,El primer evento no fue una colision con un vehiculo automotor en transporte,Not an Intersection,No fue interseccion,Sobre Acotamiento,Ninguna,Oscuro sin iluminacion,Despejado,No,NO APLICA,6,45,6,50,1,22/10/2022,1
13,Georgia,131345,0,0,1,0,115,FLOYD (115),0,NO APLICA,10,Octubre,22,2022,12,8,SR-20,3,Highway estatal,Rural,Arteria Principal,State Highway Agency,1,Sin jurisdiccion especial,270,34.208725,-85.04991389,Volcadura,El primer evento no fue una colision con un vehiculo automotor en transporte,Not an Intersection,No fue interseccion,Sobre el lado de la calle,Ninguna,Dia total,Despejado,No,NO APLICA,12,11,12,18,1,22/10/2022,2
13,Georgia,131346,0,0,1,0,291,UNION (291),0,NO APLICA,10,Octubre,22,2022,13,29,PR-015000,5,Calle Local - Pueblo,Rural,Local,Other Local Agency,0,Sin jurisdiccion especial,15,34.78388333,-83.93481111,Otro objeto (no fijo),El primer evento no fue una colision con un vehiculo automotor en transporte,Not an Intersection,No fue interseccion,Sobre calle,Ninguna,Dia total,Despejado,No,NO APLICA,13,42,14,4,1,22/10/2022,1
13,Georgia,131347,0,0,2,0,121,FULTON (121),1250,COLLEGE PARK,10,Octubre,13,2022,20,40,SR-14,3,Highway estatal,Urbano,Arteria Menor,State Highway Agency,0,Sin jurisdiccion especial,149,33.62573889,-84.47577222,Vehiculo en movimiento,Angulo,Not an Intersection,No fue interseccion,Sobre calle,Ninguna,Oscuro con iluminacion,Despejado,No,NO APLICA,20,49,21,17,1,13/10/2022,2
13,Georgia,131348,0,0,1,0,161,JEFF DAVIS (161),0,NO APLICA,10,Octubre,19,2022,11,35,SR-268,3,Highway estatal,Rural,Colector Mayor,State Highway Agency,0,Sin jurisdiccion especial,18,31.78068333,-82.72973056,Volcadura,El primer evento no fue una colision con un vehiculo automotor en transporte,Not an Intersection,No fue interseccion,Sobre el lado de la calle,Ninguna,Dia total,Despejado,No,NO APLICA,11,35,11,44,1,19/10/2022,1
13,Georgia,131349,1,1,1,0,297,WALTON (297),0,NO APLICA,10,Octubre,20,2022,19,32,SR-81,3,Highway estatal,Rural,Arteria Menor,State Highway Agency,0,Sin jurisdiccion especial,10,33.71948333,-83.85235,Peaton,El primer evento no fue una colision con un vehiculo automotor en transporte,Not an Intersection,No fue interseccion,Sobre calle,Ninguna,Oscuro sin iluminacion,Despejado,No,NO APLICA,19,34,19,47,1,20/10/2022,1
13,Georgia,131350,0,0,2,1,63,CLAYTON (63),4690,RIVERDALE,10,Octubre,21,2022,4,20,CS-UPPER RIVERDALE RD,5,Calle Local - Pueblo,Urbano,Arteria Menor,City or Municipal Highway Agency,0,Sin jurisdiccion especial,2,33.57334444,-84.40323611,Vehiculo Aparcado,El primer evento no fue una colision con un vehiculo automotor en transporte,T-Intersection,Interseccion de T,Fuera de la calle,Ninguna,Oscuro sin iluminacion,Despejado,No,NO APLICA,3,50,4,0,1,21/10/2022,1
13,Georgia,131351,0,0,1,0,57,CHEROKEE (57),0,NO APLICA,10,Octubre,23,2022,0,25,SR-372 BIRMINGHAM HWY,3,Highway estatal,Rural,Arteria Menor,State Highway Agency,0,Sin jurisdiccion especial,11,34.19845,-84.30603333,Volcadura,El primer evento no fue una colision con un vehiculo automotor en transporte,Not an Intersection,No fue interseccion,Sobre el lado de la calle,Ninguna,Oscuro sin iluminacion,Despejado,No,NO APLICA,99,98,99,98,1,23/10/2022,1
13,Georgia,131352,0,0,2,0,215,MUSCOGEE (215),1280,COLUMBUS,10,Octubre,9,2022,19,38,CS-MARTIN LUTHER KING JR,5,Calle Local - Pueblo,Urbano,Arteria Menor,City or Municipal Highway Agency,0,Sin jurisdiccion especial,5,32.45978333,-84.97249167,Vehiculo en movimiento,Frente a frente,Not an Intersection,No fue interseccion,Sobre calle,Ninguna,Atardecer,Despejado,No,NO APLICA,19,41,19,42,1,09/10/2022,2
13,Georgia,131353,0,0,1,0,285,TROUP (285),3050,LA GRANGE,10,Octubre,12,2022,22,59,SR-219,3,Highway estatal,Rural,Colector Mayor,State Highway Agency,0,Sin jurisdiccion especial,189,33.11678611,-85.08801389,Poste de Señal de trafico,El primer evento no fue una colision con un vehiculo automotor en transporte,Not an Intersection,No fue interseccion,Sobre el lado de la calle,Ninguna,Oscuro sin iluminacion,Nublado,No,NO APLICA,22,58,23,8,1,12/10/2022,1
13,Georgia,131354,0,0,2,0,111,FANNIN (111),3350,MCCAYSVILLE,10,Octubre,13,2022,10,48,CS-MOBILE RD,5,Calle Local - Pueblo,Rural,Colector Mayor,City or Municipal Highway Agency,0,Sin jurisdiccion especial,5,34.98515278,-84.38564444,Vehiculo en movimiento,Frente a frente,Not an Intersection,No fue interseccion,Sobre calle,Ninguna,Dia total,Nublado,No,NO APLICA,10,48,11,7,1,13/10/2022,2
13,Georgia,131355,0,0,2,0,121,FULTON (121),280,ATLANTA,10,Octubre,20,2022,1,38,SR-000300,3,Highway estatal,Urbano,Arteria Principal,State Highway Agency,1,Sin jurisdiccion especial,105,33.78624444,-84.40752222,Vehiculo en movimiento,Angulo,Four-Way Intersection,Interseccion de 4 direcciones,Sobre calle,Ninguna,Oscuro con iluminacion,Despejado,No,NO APLICA,2,0,2,8,2,20/10/2022,6
13,Georgia,131356,0,0,2,1,273,TERRELL (273),4900,SASSER,10,Octubre,23,2022,11,21,CR-010400,4,Calle del Condado,Rural,Local,County Highway Agency,0,Sin jurisdiccion especial,21,31.72484167,-84.33976389,Vehiculo Aparcado,El primer evento no fue una colision con un vehiculo automotor en transporte,Not an Intersection,No fue interseccion,Fuera de la calle,Ninguna,Dia total,Despejado,No,NO APLICA,11,40,11,57,1,23/10/2022,1
13,Georgia,131357,0,0,2,0,43,CANDLER (43),3560,METTER,10,Octubre,23,2022,20,58,PORTAL HIGHWAY,5,Calle Local - Pueblo,Rural,Colector Mayor,Town or Township Highway Agency,0,Sin jurisdiccion especial,4,32.41927778,-82.039625,Vehiculo en movimiento,Angulo,T-Intersection,Interseccion de T,Sobre calle,Ninguna,Oscuro sin iluminacion,Despejado,No,NO APLICA,20,58,21,34,1,23/10/2022,5