Estado,Nombre de Estado,Numero de Caso,Peatones,Personas _no_vehiculos,Vehiculos automotores,Vehiculos estacionados,Condado,Nombre Condado,Ciudad,Nombre Ciudad,Mes,Nombre Mes,Dia,Año,Hora,Minuto,Calle,Ruta,Nombre Ruta,Rural o Urbanoo,Sistema Funcional,Dueño Calle,Sistema Nacional Carreteras,Jurisdiccion Especial,Milla,Latitud,Longitud,Causa del Accidente,Tipo de Accidente,Tipo Interseccion,Columna1,Lugar en la calle,Zona de Trabajo,Luz,Clima,Autobus Escolar,Cruce de Trenes,Hora Notificacion,Minuto Notificacion,Hora Llegada,Minuto Llegada,Decesos,Fecha,PersonaVehiculo
13,Georgia,131360,0,0,2,0,89,DEKALB (89),0,NO APLICA,10,Octubre,25,2022,2,3,I-85 NB CHAMBLEE TUCKER RD,1,Interestatal,Rural,Interestatal,State Highway Agency,1,Sin jurisdiccion especial,0,33.88006111,-84.27161111,Vehiculo en movimiento,Frente a Detrás,Not an Intersection,No fue interseccion,Sobre calle,Ninguna,Oscuro sin iluminacion,Despejado,No,NO APLICA,99,99,99,99,1,25/10/2022,1
13,Georgia,131361,0,0,1,0,89,DEKALB (89),1060,CHAMBLEE,10,Octubre,25,2022,2,38,I-85 RAMP,1,Interestatal,Urbano,Interestatal,State Highway Agency,1,Sin jurisdiccion especial,14,33.86343056,-84.29055278,Arbol,El primer evento no fue una colision con un vehiculo automotor en transporte,Not an Intersection,No fue interseccion,Sobre el lado de la calle,Ninguna,Oscuro con iluminacion,Despejado,No,NO APLICA,99,98,99,98,1,25/10/2022,1
13,Georgia,131363,0,0,2,0,209,MONTGOMERY (209),2710,HIGGSTON,10,Octubre,20,2022,16,15,SR-15,3,Highway estatal,Rural,Arteria Menor,State Highway Agency,0,Sin jurisdiccion especial,22,32.22112222,-82.47072778,Vehiculo en movimiento,Angulo,Four-Way Intersection,Interseccion de 4 direcciones,Sobre calle,Ninguna,Dia total,Despejado,No,NO APLICA,16,29,16,22,1,20/10/2022,3
13,Georgia,131364,1,1,1,0,139,HALL (139),2285,GAINESVILLE,10,Octubre,25,2022,19,15,SR-002200,3,Highway estatal,Urbano,Arteria Menor,State Highway Agency,0,Sin jurisdiccion especial,23,34.32608611,-83.81489167,Peaton,El primer evento no fue una colision con un vehiculo automotor en transporte,Not an Intersection,No fue interseccion,Sobre calle,Ninguna,Oscuro sin iluminacion,Despejado,No,NO APLICA,19,16,19,18,1,25/10/2022,1
13,Georgia,131365,1,1,1,0,43,CANDLER (43),3560,METTER,10,Octubre,24,2022,20,38,SR-46,3,Highway estatal,Rural,Colector Mayor,State Highway Agency,0,Sin jurisdiccion especial,0,32.39781944,-82.06863056,Peaton,El primer evento no fue una colision con un vehiculo automotor en transporte,T-Intersection,Interseccion de T,Sobre calle,Ninguna,Oscuro con iluminacion,Despejado,No,NO APLICA,20,39,20,40,1,24/10/2022,3
13,Georgia,131366,1,1,1,0,63,CLAYTON (63),0,NO APLICA,10,Octubre,24,2022,22,19,4644 SOUTH PARK BLVD,6,Calle Local Municipalidad,Urbano,Local,City or Municipal Highway Agency,0,Sin jurisdiccion especial,99998,33.62728611,-84.29410556,Peaton,El primer evento no fue una colision con un vehiculo automotor en transporte,Four-Way Intersection,Interseccion de 4 direcciones,Sobre calle,Ninguna,Oscuro con iluminacion,Despejado,No,NO APLICA,99,98,99,98,1,24/10/2022,1
13,Georgia,131368,0,0,2,0,87,DECATUR (87),0,NO APLICA,10,Octubre,25,2022,16,50,SR-1,3,Highway estatal,Rural,Arteria Principal,State Highway Agency,1,Sin jurisdiccion especial,150,30.84341667,-84.53778611,Vehiculo en movimiento,Frente a Detrás,Not an Intersection,No fue interseccion,Sobre calle,Ninguna,Dia total,Despejado,No,NO APLICA,20,47,16,58,1,25/10/2022,2
13,Georgia,131369,0,0,1,0,87,DECATUR (87),0,NO APLICA,10,Octubre,25,2022,18,15,SR-000100,3,Highway estatal,Rural,Arteria Principal,State Highway Agency,1,Sin jurisdiccion especial,311,31.04611389,-84.65256944,Arbol,El primer evento no fue una colision con un vehiculo automotor en transporte,Not an Intersection,No fue interseccion,Sobre el lado de la calle,Ninguna,Dia total,Despejado,No,NO APLICA,18,18,18,28,2,25/10/2022,3
13,Georgia,131370,0,0,1,0,115,FLOYD (115),4760,ROME,10,Octubre,30,2022,3,4,CS-073309,6,Calle Local Municipalidad,Urbano,Local,City or Municipal Highway Agency,0,Sin jurisdiccion especial,3,34.26623889,-85.18907778,Arbol,El primer evento no fue una colision con un vehiculo automotor en transporte,Not an Intersection,No fue interseccion,Sobre el lado de la calle,Ninguna,Oscuro con iluminacion,lluvia,No,NO APLICA,99,99,99,98,1,30/10/2022,1
13,Georgia,131371,0,0,2,0,307,WEBSTER (307),4500,PRESTON,10,Octubre,14,2022,14,50,SR-153,3,Highway estatal,Rural,Colector Mayor,State Highway Agency,0,Sin jurisdiccion especial,12,32.08839167,-84.52443611,Vehiculo en movimiento,Angulo,Not an Intersection,No fue interseccion,Sobre calle,Ninguna,Dia total,Despejado,No,NO APLICA,14,50,14,53,1,14/10/2022,2
13,Georgia,131372,0,0,1,0,271,TELFAIR (271),3300,LUMBER CITY,10,Octubre,19,2022,3,29,CS-058005 VICTORIA ST,6,Calle Local Municipalidad,Rural,Local,City or Municipal Highway Agency,0,Sin jurisdiccion especial,1,31.92846944,-82.68114722,Otra no colicion,El primer evento no fue una colision con un vehiculo automotor en transporte,Not an Intersection,No fue interseccion,Sobre calle,Ninguna,Oscuro sin iluminacion,Despejado,No,729158F,3,29,3,40,2,19/10/2022,3
13,Georgia,131373,0,0,1,0,277,TIFT (277),0,NO APLICA,10,Octubre,26,2022,23,0,CR-075600 TIFTON ELDORADO RD,4,Calle del Condado,Urbano,Colector Mayor,County Highway Agency,0,Sin jurisdiccion especial,14,31.42876667,-83.47354722,Volcadura,El primer evento no fue una colision con un vehiculo automotor en transporte,Not an Intersection,No fue interseccion,Sobre el lado de la calle,Ninguna,Oscuro sin iluminacion,Despejado,No,NO APLICA,23,8,23,15,1,26/10/2022,4
13,Georgia,131374,0,0,1,0,227,PICKENS (227),0,NO APLICA,10,Octubre,27,2022,18,25,CR-029600,4,Calle del Condado,Rural,Colector Mayor,County Highway Agency,0,Sin jurisdiccion especial,9,34.52706944,-84.50900556,Volcadura,El primer evento no fue una colision con un vehiculo automotor en transporte,Not an Intersection,No fue interseccion,Sobre el lado de la calle,Ninguna,Dia total,Nublado,No,NO APLICA,18,25,99,98,1,27/10/2022,1
13,Georgia,131375,0,0,1,0,143,HARALSON (143),0,NO APLICA,10,Octubre,27,2022,22,0,CR-034700,4,Calle del Condado,Rural,Colector Menor,County Highway Agency,0,Sin jurisdiccion especial,8,33.85509444,-85.28121111,Arbol,El primer evento no fue una colision con un vehiculo automotor en transporte,Not an Intersection,No fue interseccion,Sobre el lado de la calle,Ninguna,Oscuro sin iluminacion,Despejado,No,NO APLICA,22,6,22,25,1,27/10/2022,1
13,Georgia,131376,0,0,2,0,313,WHITFIELD (313),0,NO APLICA,10,Octubre,28,2022,10,30,CR-034900,4,Calle del Condado,Rural,Colector Mayor,County Highway Agency,0,Sin jurisdiccion especial,17,34.73078333,-85.04223889,Vehiculo en movimiento,Frente a frente,Y-Intersection,Interseccion de Y,Sobre calle,Ninguna,Dia total,Despejado,No,NO APLICA,10,33,10,46,1,28/10/2022,2
13,Georgia,131377,0,0,2,0,135,GWINNETT (135),3990,NORCROSS,10,Octubre,3,2022,5,15,CS-BUFORD HWY,5,Calle Local - Pueblo,Urbano,Arteria Principal,City or Municipal Highway Agency,1,Sin jurisdiccion especial,35,33.93230278,-84.22238056,Vehiculo en movimiento,Angulo,Four-Way Intersection,Interseccion de 4 direcciones,Sobre calle,Ninguna,Oscuro con iluminacion,Despejado,No,NO APLICA,5,17,5,20,1,03/10/2022,2
13,Georgia,131378,1,1,1,0,71,COLQUITT (71),3800,MOULTRIE,10,Octubre,29,2022,19,57,SR-003700,3,Highway estatal,Urbano,Arteria Principal,State Highway Agency,0,Sin jurisdiccion especial,153,31.17679167,-83.76268056,Peaton,El primer evento no fue una colision con un vehiculo automotor en transporte,Not an Intersection,No fue interseccion,Sobre calle,Ninguna,Oscuro con iluminacion,Nublado,No,NO APLICA,19,52,19,55,1,29/10/2022,1
13,Georgia,131379,0,0,2,0,109,EVANS (109),0,NO APLICA,10,Octubre,25,2022,6,42,SR-169,3,Highway estatal,Rural,Colector Mayor,State Highway Agency,0,Sin jurisdiccion especial,111,32.21957778,-81.91944444,Vehiculo en movimiento,Angulo,Four-Way Intersection,Interseccion de 4 direcciones,Sobre calle,Ninguna,Dia total,Despejado,No,NO APLICA,6,42,99,99,1,25/10/2022,11
13,Georgia,131380,0,0,1,0,55,CHATTOOGA (55),0,NO APLICA,10,Octubre,30,2022,0,20,SR-114,3,Highway estatal,Rural,Arteria Menor,State Highway Agency,0,Sin jurisdiccion especial,53,34.39228056,-85.42090556,Culvert,El primer evento no fue una colision con un vehiculo automotor en transporte,Not an Intersection,No fue interseccion,Sobre el lado de la calle,Ninguna,Oscuro sin iluminacion,Nublado,No,NO APLICA,0,19,0,34,4,30/10/2022,5
13,Georgia,131381,0,0,1,0,117,FORSYTH (117),9997,Other,11,Noviembre,1,2022,8,3,MULLINAX RD,6,Calle Local Municipalidad,Urbano,Local,City or Municipal Highway Agency,0,Sin jurisdiccion especial,14,34.14068611,-84.23151111,Banqueta,El primer evento no fue una colision con un vehiculo automotor en transporte,Not an Intersection,No fue interseccion,Sobre el lado de la calle,Ninguna,Amanecer,Neblina o Humo,No,NO APLICA,8,6,8,14,1,01/11/2022,2
13,Georgia,131382,0,0,2,0,67,COBB (67),3440,MARIETTA,10,Octubre,7,2022,12,59,SR-41,3,Highway estatal,Urbano,Arteria Principal,State Highway Agency,1,Sin jurisdiccion especial,99,33.97991111,-84.55510833,Vehiculo en movimiento,Frente a Detrás,Not an Intersection,No fue interseccion,Sobre calle,Ninguna,Dia total,Despejado,No,NO APLICA,13,0,13,6,1,07/10/2022,2
13,Georgia,131383,1,1,1,0,277,TIFT (277),5490,TIFTON,11,Noviembre,1,2022,19,25,20TH ST,6,Calle Local Municipalidad,Urbano,Colector Mayor,City or Municipal Highway Agency,0,Sin jurisdiccion especial,10,31.47339167,-83.52040556,Peaton,El primer evento no fue una colision con un vehiculo automotor en transporte,T-Intersection,Interseccion de T,Sobre calle,Ninguna,Oscuro sin iluminacion,Despejado,No,NO APLICA,19,33,19,35,1,01/11/2022,2
13,Georgia,131384,0,0,2,0,245,RICHMOND (245),310,AUGUSTA,10,Octubre,14,2022,21,39,SR-121 PEACH ORCHARD RD,3,Highway estatal,Urbano,Arteria Principal,State Highway Agency,1,Sin jurisdiccion especial,100,33.37308611,-82.03188889,Vehiculo en movimiento,Angulo,Four-Way Intersection,Interseccion de 4 direcciones,Sobre calle,Ninguna,Oscuro sin iluminacion,Despejado,No,NO APLICA,21,41,22,19,1,14/10/2022,2
13,Georgia,131385,0,0,1,0,121,FULTON (121),280,ATLANTA,10,Octubre,22,2022,1,44,I-75 RP N,1,Interestatal,Urbano,Interestatal,State Highway Agency,1,Sin jurisdiccion especial,1,33.69501111,-84.40558333,Puente de Ferrocarril,El primer evento no fue una colision con un vehiculo automotor en transporte,Not an Intersection,No fue interseccion,Sobre el lado de la calle,Ninguna,Oscuro sin iluminacion,Despejado,No,NO APLICA,99,99,99,98,1,22/10/2022,1
13,Georgia,131386,1,1,1,0,121,FULTON (121),280,ATLANTA,10,Octubre,24,2022,0,44,SR-42 MORELAND AVE,3,Highway estatal,Urbano,Arteria Principal,State Highway Agency,1,Sin jurisdiccion especial,37,33.74356667,-84.34925833,Peaton,El primer evento no fue una colision con un vehiculo automotor en transporte,Not an Intersection,No fue interseccion,Sobre calle,Ninguna,Oscuro con iluminacion,Despejado,No,NO APLICA,99,98,99,98,1,24/10/2022,1
13,Georgia,131387,0,0,1,0,121,FULTON (121),280,ATLANTA,10,Octubre,28,2022,4,8,I-75 85 NB RP N,1,Interestatal,Urbano,Interestatal,State Highway Agency,1,Sin jurisdiccion especial,3,33.74525833,-84.38820556,Arbol,El primer evento no fue una colision con un vehiculo automotor en transporte,Not an Intersection,No fue interseccion,Sobre el lado de la calle,Ninguna,Oscuro con iluminacion,Despejado,No,NO APLICA,99,98,99,98,1,28/10/2022,1
13,Georgia,131388,0,0,2,0,301,WARREN (301),0,NO APLICA,10,Octubre,28,2022,11,24,SR-171,3,Highway estatal,Rural,Colector Mayor,State Highway Agency,0,Sin jurisdiccion especial,138,33.31138333,-82.60336389,Vehiculo en movimiento,Angulo,Four-Way Intersection,Interseccion de 4 direcciones,Sobre calle,Ninguna,Dia total,Despejado,No,NO APLICA,11,35,11,56,1,28/10/2022,4
13,Georgia,131389,0,0,2,0,139,HALL (139),0,NO APLICA,10,Octubre,29,2022,15,50,CS-129317 MCEVER RD,6,Calle Local Municipalidad,Urbano,Arteria Menor,City or Municipal Highway Agency,0,Sin jurisdiccion especial,4,34.14393056,-83.98156944,Vehiculo en movimiento,Angulo,Four-Way Intersection,Interseccion de 4 direcciones,Sobre calle,Ninguna,Dia total,Despejado,No,NO APLICA,16,38,99,99,1,29/10/2022,3
13,Georgia,131390,0,0,1,0,193,MACON (193),9898,Not Reported,10,Octubre,30,2022,6,1,SR-127,3,Highway estatal,Rural,Colector Mayor,State Highway Agency,0,Sin jurisdiccion especial,183,32.4398,-83.88380556,Arbol,El primer evento no fue una colision con un vehiculo automotor en transporte,Not an Intersection,No fue interseccion,Sobre el lado de la calle,Ninguna,Oscuro sin iluminacion,Despejado,No,NO APLICA,6,1,6,12,1,30/10/2022,3
13,Georgia,131391,1,1,1,0,67,COBB (67),0,NO APLICA,10,Octubre,25,2022,16,5,CR-522500,4,Calle del Condado,Urbano,Arteria Menor,County Highway Agency,0,Sin jurisdiccion especial,0,33.84428056,-84.49994167,Peaton,El primer evento no fue una colision con un vehiculo automotor en transporte,Not an Intersection,No fue interseccion,Sobre calle,Ninguna,Dia total,Despejado,No,NO APLICA,16,9,16,16,1,25/10/2022,1
13,Georgia,131392,0,0,1,0,45,CARROLL (45),0,NO APLICA,10,Octubre,26,2022,7,14,SR-16,3,Highway estatal,Rural,Arteria Menor,State Highway Agency,0,Sin jurisdiccion especial,213,33.52730833,-84.98228889,Zanja,El primer evento no fue una colision con un vehiculo automotor en transporte,Not an Intersection,No fue interseccion,Sobre el lado de la calle,Ninguna,Dia total,Despejado,No,NO APLICA,7,20,7,32,1,26/10/2022,1
13,Georgia,131393,0,0,1,0,215,MUSCOGEE (215),1280,COLUMBUS,10,Octubre,29,2022,4,21,CR-098000,4,Calle del Condado,Urbano,Arteria Menor,County Highway Agency,0,Sin jurisdiccion especial,13,32.49628611,-84.95456944,Banqueta,El primer evento no fue una colision con un vehiculo automotor en transporte,Not an Intersection,No fue interseccion,Sobre el lado de la calle,Ninguna,Oscuro con iluminacion,Despejado,No,NO APLICA,99,98,99,98,1,29/10/2022,1
13,Georgia,131394,0,0,2,0,49,CHARLTON (49),0,NO APLICA,10,Octubre,29,2022,23,38,SR-40,3,Highway estatal,Rural,Arteria Menor,State Highway Agency,0,Sin jurisdiccion especial,63,30.84203889,-81.907025,Vehiculo en movimiento,Frente a Detrás,Not an Intersection,No fue interseccion,Sobre calle,Ninguna,Oscuro sin iluminacion,Nublado,No,NO APLICA,23,41,23,48,1,29/10/2022,2
13,Georgia,131395,1,1,1,0,205,MITCHELL (205),4870,SALE CITY,10,Octubre,30,2022,2,20,SR-37,3,Highway estatal,Rural,Arteria Menor,State Highway Agency,0,Sin jurisdiccion especial,189,31.24174167,-84.05406389,Peaton,El primer evento no fue una colision con un vehiculo automotor en transporte,Not an Intersection,No fue interseccion,Sobre calle,Ninguna,Oscuro sin iluminacion,Despejado,No,NO APLICA,2,30,2,44,1,30/10/2022,1
13,Georgia,131396,0,0,2,0,255,SPALDING (255),0,NO APLICA,10,Octubre,21,2022,12,53,SR-16,3,Highway estatal,Rural,Arteria Menor,State Highway Agency,0,Sin jurisdiccion especial,16,33.25005278,-84.47022222,Vehiculo en movimiento,Angulo,Four-Way Intersection,Interseccion de 4 direcciones,Sobre calle,Ninguna,Dia total,Despejado,No,NO APLICA,12,52,13,5,1,21/10/2022,2
13,Georgia,131397,1,1,1,0,13,BARROW (13),5180,STATHAM,10,Octubre,30,2022,20,53,CS-084909,6,Calle Local Municipalidad,Urbano,Arteria Menor,City or Municipal Highway Agency,0,Sin jurisdiccion especial,0,33.97297222,-83.61191389,Peaton,El primer evento no fue una colision con un vehiculo automotor en transporte,Not an Intersection,No fue interseccion,Sobre calle,Ninguna,Oscuro con iluminacion,lluvia,No,NO APLICA,20,47,21,6,1,30/10/2022,1
13,Georgia,131398,0,0,3,0,77,COWETA (77),3950,NEWNAN,10,Octubre,30,2022,21,2,SR-34,3,Highway estatal,Urbano,Arteria Principal,State Highway Agency,1,Sin jurisdiccion especial,4,33.3869,-84.85039167,Vehiculo en movimiento,Frente a frente,T-Intersection,Interseccion de T,Sobre calle,Ninguna,Oscuro sin iluminacion,lluvia,No,NO APLICA,99,99,99,99,1,30/10/2022,4
13,Georgia,131399,0,0,2,0,245,RICHMOND (245),310,AUGUSTA,10,Octubre,16,2022,7,17,SR-56 MIKE PADGETT HWY,3,Highway estatal,Urbano,Arteria Principal,State Highway Agency,1,Sin jurisdiccion especial,117,33.39461111,-82.00526111,Vehiculo en movimiento,Frente a frente,Not an Intersection,No fue interseccion,Sobre calle,Ninguna,Dia total,Despejado,No,NO APLICA,99,99,99,99,1,16/10/2022,2
13,Georgia,131400,1,1,5,0,47,CATOOSA (47),4680,RINGGOLD,10,Octubre,31,2022,5,59,I-75,1,Interestatal,Urbano,Interestatal,State Highway Agency,1,Sin jurisdiccion especial,2,34.97085,-85.19355556,Peaton,El primer evento no fue una colision con un vehiculo automotor en transporte,Not an Intersection,No fue interseccion,Sobre calle,Ninguna,Oscuro sin iluminacion,lluvia,No,NO APLICA,6,3,6,14,1,31/10/2022,8
13,Georgia,131401,0,0,1,0,311,WHITE (311),0,NO APLICA,10,Octubre,31,2022,7,58,SR-254,3,Highway estatal,Rural,Arteria Menor,State Highway Agency,0,Sin jurisdiccion especial,9,34.51175,-83.74244444,Zanja,El primer evento no fue una colision con un vehiculo automotor en transporte,Not an Intersection,No fue interseccion,Sobre el lado de la calle,Ninguna,Dia total,Despejado,No,NO APLICA,8,0,8,17,1,31/10/2022,1
13,Georgia,131402,0,0,2,0,175,LAURENS (175),1780,DUBLIN,10,Octubre,31,2022,20,40,SR-29,3,Highway estatal,Urbano,Arteria Menor,State Highway Agency,0,Sin jurisdiccion especial,128,32.54668333,-82.86904444,Vehiculo en movimiento,Frente a frente,Not an Intersection,No fue interseccion,Sobre calle,Ninguna,Oscuro sin iluminacion,Despejado,No,NO APLICA,20,42,20,48,1,31/10/2022,6
13,Georgia,131403,0,0,1,0,257,STEPHENS (257),5530,TOCCOA,11,Noviembre,1,2022,15,41,SR-184,3,Highway estatal,Rural,Colector Mayor,State Highway Agency,0,Sin jurisdiccion especial,12,34.4755,-83.38536389,Poste de Señal de trafico,El primer evento no fue una colision con un vehiculo automotor en transporte,Not an Intersection,No fue interseccion,Sobre el lado de la calle,Ninguna,Dia total,Despejado,No,NO APLICA,15,34,15,50,2,01/11/2022,2
13,Georgia,131404,1,1,1,0,307,WEBSTER (307),4500,PRESTON,11,Noviembre,2,2022,5,10,SR-41,3,Highway estatal,Rural,Colector Mayor,State Highway Agency,0,Sin jurisdiccion especial,103,32.03746389,-84.55171389,Peaton,El primer evento no fue una colision con un vehiculo automotor en transporte,Not an Intersection,No fue interseccion,Sobre calle,Ninguna,Oscuro sin iluminacion,Despejado,No,NO APLICA,5,19,5,22,1,02/11/2022,1
13,Georgia,131405,1,1,1,0,33,BURKE (33),2360,GIRARD,11,Noviembre,2,2022,5,30,SR-23,3,Highway estatal,Rural,Colector Mayor,State Highway Agency,0,Sin jurisdiccion especial,110,33.05388889,-81.72381667,Peaton,El primer evento no fue una colision con un vehiculo automotor en transporte,Not an Intersection,No fue interseccion,Sobre calle,Ninguna,Oscuro sin iluminacion,Despejado,No,NO APLICA,7,44,7,48,1,02/11/2022,1
13,Georgia,131406,0,0,1,0,255,SPALDING (255),2510,GRIFFIN,11,Noviembre,2,2022,17,10,N 6TH STREET,6,Calle Local Municipalidad,Urbano,Local,City or Municipal Highway Agency,0,Sin jurisdiccion especial,99998,33.25576667,-84.26233889,Volcadura,El primer evento no fue una colision con un vehiculo automotor en transporte,T-Intersection,Interseccion de T,Sobre el lado de la calle,Ninguna,Dia total,Despejado,No,NO APLICA,17,13,17,23,1,02/11/2022,1
13,Georgia,131407,1,1,1,0,75,COOK (75),5110,SPARKS,11,Noviembre,2,2022,20,15,SR-7 GOODMAN ST,3,Highway estatal,Urbano,Arteria Principal,State Highway Agency,0,Sin jurisdiccion especial,91,31.15520556,-83.43036111,Ciclista,El primer evento no fue una colision con un vehiculo automotor en transporte,Not an Intersection,No fue interseccion,Sobre calle,Ninguna,Oscuro sin iluminacion,Despejado,No,NO APLICA,20,21,20,24,1,02/11/2022,2
13,Georgia,131408,1,1,1,0,147,HART (147),2610,HARTWELL,11,Noviembre,2,2022,21,26,SR-8,3,Highway estatal,Urbano,Arteria Menor,State Highway Agency,0,Sin jurisdiccion especial,139,34.35051944,-82.90182222,Peaton,El primer evento no fue una colision con un vehiculo automotor en transporte,Not an Intersection,No fue interseccion,Sobre calle,Ninguna,Oscuro sin iluminacion,Despejado,No,NO APLICA,21,11,21,19,1,02/11/2022,3
13,Georgia,131409,0,0,1,0,43,CANDLER (43),9997,Other,11,Noviembre,2,2022,22,38,I-16,1,Interestatal,Rural,Interestatal,State Highway Agency,1,Sin jurisdiccion especial,46,32.3726,-82.14932778,Zanja,El primer evento no fue una colision con un vehiculo automotor en transporte,Not an Intersection,No fue interseccion,En el medio,Ninguna,Oscuro sin iluminacion,Despejado,No,NO APLICA,22,47,22,51,1,02/11/2022,1
13,Georgia,131410,1,1,1,0,35,BUTTS (35),2890,JACKSON,11,Noviembre,3,2022,19,15,SR-16,3,Highway estatal,Rural,Arteria Menor,State Highway Agency,0,Sin jurisdiccion especial,65,33.29133056,-84.01521944,Ciclista,El primer evento no fue una colision con un vehiculo automotor en transporte,Y-Intersection,Interseccion de Y,Sobre calle,Ninguna,Oscuro sin iluminacion,Despejado,No,NO APLICA,19,19,19,29,1,03/11/2022,1
13,Georgia,131411,0,0,1,0,139,HALL (139),9997,Other,11,Noviembre,3,2022,22,11,TANNERS MILL RD,6,Calle Local Municipalidad,Urbano,Colector Mayor,City or Municipal Highway Agency,0,Sin jurisdiccion especial,50,34.16905278,-83.807025,Poste,El primer evento no fue una colision con un vehiculo automotor en transporte,T-Intersection,Interseccion de T,Sobre el lado de la calle,Ninguna,Oscuro sin iluminacion,Despejado,No,NO APLICA,99,99,99,99,1,03/11/2022,1
13,Georgia,131412,0,0,1,0,89,DEKALB (89),4235,PANTHERSVILLE,11,Noviembre,5,2022,2,8,I-285,1,Interestatal,Urbano,Interestatal,State Highway Agency,1,Sin jurisdiccion especial,201,33.69989722,-84.2544,Arbol,El primer evento no fue una colision con un vehiculo automotor en transporte,Not an Intersection,No fue interseccion,Sobre el lado de la calle,Ninguna,Oscuro con iluminacion,Despejado,No,NO APLICA,2,22,2,33,1,05/11/2022,2
13,Georgia,131414,0,0,2,0,67,COBB (67),3440,MARIETTA,9,Septiembre,26,2022,13,24,SR-5 COBB PKWY,3,Highway estatal,Urbano,Arteria Principal,State Highway Agency,1,Sin jurisdiccion especial,165,33.97691389,-84.54876111,Vehiculo en movimiento,Angulo,T-Intersection,Interseccion de T,Sobre calle,Ninguna,Dia total,Despejado,No,NO APLICA,13,24,13,30,1,26/09/2022,4
13,Georgia,131415,1,1,1,0,67,COBB (67),3440,MARIETTA,10,Octubre,11,2022,23,30,CS-MARIETTA PKWY,5,Calle Local - Pueblo,Urbano,Arteria Principal,City or Municipal Highway Agency,1,Sin jurisdiccion especial,118,33.94291944,-84.53271389,No vehiculo o remolque,El primer evento no fue una colision con un vehiculo automotor en transporte,Not an Intersection,No fue interseccion,Sobre calle,Ninguna,Oscuro con iluminacion,Despejado,No,NO APLICA,23,30,23,34,1,11/10/2022,4
13,Georgia,131417,0,0,2,0,95,DOUGHERTY (95),90,ALBANY,10,Octubre,18,2022,6,46,CS-SLAPPEY BLVD,5,Calle Local - Pueblo,Urbano,Arteria Principal,City or Municipal Highway Agency,1,Sin jurisdiccion especial,24,31.58138889,-84.17617222,Vehiculo en movimiento,Angulo,Four-Way Intersection,Interseccion de 4 direcciones,Sobre calle,Ninguna,Oscuro con iluminacion,Despejado,No,NO APLICA,99,99,99,99,1,18/10/2022,2
13,Georgia,131418,0,0,1,0,67,COBB (67),3440,MARIETTA,10,Octubre,23,2022,22,0,CS-162813,6,Calle Local Municipalidad,Urbano,Local,City or Municipal Highway Agency,0,Sin jurisdiccion especial,10,33.9274,-84.49303889,Banqueta,El primer evento no fue una colision con un vehiculo automotor en transporte,Not an Intersection,No fue interseccion,Sobre el lado de la calle,Ninguna,Oscuro con iluminacion,Despejado,No,NO APLICA,99,99,99,99,1,23/10/2022,1
13,Georgia,131419,1,1,1,0,45,CARROLL (45),0,NO APLICA,10,Octubre,28,2022,20,39,SR-1,3,Highway estatal,Urbano,Arteria Principal,State Highway Agency,1,Sin jurisdiccion especial,71,33.51448611,-85.07804722,Ciclista,El primer evento no fue una colision con un vehiculo automotor en transporte,Not an Intersection,No fue interseccion,Sobre calle,Ninguna,Oscuro sin iluminacion,Despejado,No,NO APLICA,19,40,19,40,1,28/10/2022,2
13,Georgia,131420,0,0,1,0,21,BIBB (21),3390,MACON,10,Octubre,30,2022,0,0,I-475,1,Interestatal,Urbano,Interestatal,State Highway Agency,1,Sin jurisdiccion especial,115,32.90248056,-83.78821944,Acotamiento,El primer evento no fue una colision con un vehiculo automotor en transporte,Not an Intersection,No fue interseccion,Sobre el lado de la calle,Ninguna,Oscuro sin iluminacion,Nublado,No,NO APLICA,4,29,4,52,1,30/10/2022,1
13,Georgia,131421,0,0,2,0,39,CAMDEN (39),3010,KINGSLAND,11,Noviembre,2,2022,5,52,SR-40,3,Highway estatal,Urbano,Arteria Principal,State Highway Agency,1,Sin jurisdiccion especial,152,30.79166944,-81.66173611,Vehiculo en movimiento,Angulo,Four-Way Intersection,Interseccion de 4 direcciones,Sobre calle,Ninguna,Oscuro sin iluminacion,Despejado,No,NO APLICA,5,54,5,58,1,02/11/2022,4
13,Georgia,131422,0,0,2,0,281,TOWNS (281),6100,YOUNG HARRIS,11,Noviembre,4,2022,8,27,SR-2,3,Highway estatal,Rural,Arteria Principal,State Highway Agency,1,Sin jurisdiccion especial,39,34.96230556,-83.84621944,Vehiculo en movimiento,Angulo,T-Intersection,Interseccion de T,Sobre calle,Ninguna,Dia total,Despejado,No,NO APLICA,8,29,8,33,2,04/11/2022,3
13,Georgia,131423,0,0,1,0,43,CANDLER (43),3560,METTER,11,Noviembre,4,2022,17,10,SR-23,3,Highway estatal,Rural,Colector Mayor,City or Municipal Highway Agency,0,Sin jurisdiccion especial,118,32.44019722,-82.09233889,Zanja,El primer evento no fue una colision con un vehiculo automotor en transporte,Not an Intersection,No fue interseccion,Sobre el lado de la calle,Ninguna,Dia total,Despejado,No,NO APLICA,17,11,17,20,1,04/11/2022,1