Estado,Nombre de Estado,Numero de Caso,Peatones,Personas _no_vehiculos,Vehiculos automotores,Vehiculos estacionados,Condado,Nombre Condado,Ciudad,Nombre Ciudad,Mes,Nombre Mes,Dia,Año,Hora,Minuto,Calle,Ruta,Nombre Ruta,Rural o Urbanoo,Sistema Funcional,Dueño Calle,Sistema Nacional Carreteras,Jurisdiccion Especial,Milla,Latitud,Longitud,Causa del Accidente,Tipo de Accidente,Tipo Interseccion,Columna1,Lugar en la calle,Zona de Trabajo,Luz,Clima,Autobus Escolar,Cruce de Trenes,Hora Notificacion,Minuto Notificacion,Hora Llegada,Minuto Llegada,Decesos,Fecha,PersonaVehiculo
13,Georgia,131424,0,0,3,0,285,TROUP (285),3050,LA GRANGE,11,Noviembre,4,2022,22,0,I-85,1,Interestatal,Urbano,Interestatal,State Highway Agency,1,Sin jurisdiccion especial,191,33.06637778,-84.93762778,Vehiculo en movimiento,Frente a Detrás,Not an Intersection,No fue interseccion,Sobre calle,Mantenimiento,Oscuro sin iluminacion,Despejado,No,NO APLICA,20,6,22,13,1,04/11/2022,4
13,Georgia,131425,0,0,2,0,67,COBB (67),3440,MARIETTA,11,Noviembre,4,2022,22,58,CANTON RD,6,Calle Local Municipalidad,Urbano,Arteria Menor,City or Municipal Highway Agency,0,Sin jurisdiccion especial,4,34.07423056,-84.52216944,Vehiculo en movimiento,Angulo,T-Intersection,Interseccion de T,Sobre calle,Ninguna,Oscuro sin iluminacion,Despejado,No,NO APLICA,23,0,23,7,1,04/11/2022,2
13,Georgia,131426,1,1,1,0,21,BIBB (21),3390,MACON,11,Noviembre,5,2022,6,37,SR-57,3,Highway estatal,Rural,Arteria Principal,State Highway Agency,1,Sin jurisdiccion especial,6,32.84468611,-83.54206111,Peaton,El primer evento no fue una colision con un vehiculo automotor en transporte,Not an Intersection,No fue interseccion,Sobre calle,Ninguna,Oscuro sin iluminacion,Neblina o Humo,No,NO APLICA,6,38,6,59,1,05/11/2022,1
13,Georgia,131427,0,0,1,0,51,CHATHAM (51),4910,SAVANNAH,11,Noviembre,5,2022,16,4,CHATHAM PKWY,6,Calle Local Municipalidad,Urbano,Arteria Menor,City or Municipal Highway Agency,0,Sin jurisdiccion especial,12,32.05485278,-81.16698889,Arbol,El primer evento no fue una colision con un vehiculo automotor en transporte,Not an Intersection,No fue interseccion,Sobre el lado de la calle,Ninguna,Dia total,Nublado,No,NO APLICA,99,99,99,98,1,05/11/2022,1
13,Georgia,131428,0,0,1,0,95,DOUGHERTY (95),90,ALBANY,11,Noviembre,6,2022,3,18,SR-91,3,Highway estatal,Rural,Arteria Menor,State Highway Agency,0,Sin jurisdiccion especial,42,31.48421944,-84.22940278,Buzon de correo,El primer evento no fue una colision con un vehiculo automotor en transporte,Not an Intersection,No fue interseccion,Sobre el lado de la calle,Ninguna,Oscuro sin iluminacion,Despejado,No,NO APLICA,3,39,4,22,1,06/11/2022,1
13,Georgia,131429,0,0,1,0,135,GWINNETT (135),1810,DULUTH,10,Octubre,18,2022,15,15,I-85,1,Interestatal,Urbano,Arterial Principal -Freeway o ExpressWay,State Highway Agency,1,Sin jurisdiccion especial,53,33.93947778,-84.15508056,Barrera de Trafico de Concreto,El primer evento no fue una colision con un vehiculo automotor en transporte,Not an Intersection,No fue interseccion,En el medio,Ninguna,Dia total,Despejado,No,NO APLICA,99,99,99,99,1,18/10/2022,1
13,Georgia,131430,0,0,3,0,135,GWINNETT (135),3100,LAWRENCEVILLE,10,Octubre,20,2022,22,15,CR-1951,4,Calle del Condado,Urbano,Arteria Menor,County Highway Agency,0,Sin jurisdiccion especial,50,33.9926,-84.03385,Vehiculo en movimiento,Golpe Lateral - misma direccion,Not an Intersection,No fue interseccion,Sobre calle,Ninguna,Oscuro con iluminacion,Despejado,No,NO APLICA,22,20,22,28,1,20/10/2022,4
13,Georgia,131431,0,0,1,0,251,SCREVEN (251),0,NO APLICA,10,Octubre,22,2022,17,57,CR-024800,4,Calle del Condado,Rural,Colector Menor,County Highway Agency,0,Sin jurisdiccion especial,15,32.82316389,-81.72217778,Acotamiento,El primer evento no fue una colision con un vehiculo automotor en transporte,Not an Intersection,No fue interseccion,Sobre el lado de la calle,Ninguna,Dia total,Despejado,No,NO APLICA,17,49,17,55,1,22/10/2022,1
13,Georgia,131432,0,0,1,0,135,GWINNETT (135),9898,Not Reported,10,Octubre,30,2022,2,0,RP-651214,8,Otro,Urbano,Arterial Principal -Freeway o ExpressWay,State Highway Agency,1,Sin jurisdiccion especial,0,33.97496111,-83.90775,Barrera de Trafico de Concreto,El primer evento no fue una colision con un vehiculo automotor en transporte,Not an Intersection,No fue interseccion,Sobre el lado de la calle,Ninguna,Oscuro sin iluminacion,Neblina o Humo,No,NO APLICA,99,99,99,99,1,30/10/2022,7
13,Georgia,131433,1,1,1,0,215,MUSCOGEE (215),1280,COLUMBUS,10,Octubre,8,2022,20,27,CS-BUENA VISTA RD,5,Calle Local - Pueblo,Urbano,Arteria Principal,City or Municipal Highway Agency,1,Sin jurisdiccion especial,50,32.46477222,-84.921125,Otro objeto (no fijo),El primer evento no fue una colision con un vehiculo automotor en transporte,Not an Intersection,No fue interseccion,Sobre calle,Ninguna,Oscuro con iluminacion,Despejado,No,NO APLICA,20,29,20,36,1,08/10/2022,3
13,Georgia,131434,2,2,1,0,51,CHATHAM (51),4910,SAVANNAH,10,Octubre,30,2022,2,30,SR-25,3,Highway estatal,Urbano,Arteria Principal,State Highway Agency,1,Sin jurisdiccion especial,99,32.05089444,-81.15379167,Peaton,El primer evento no fue una colision con un vehiculo automotor en transporte,Not an Intersection,No fue interseccion,Sobre calle,Ninguna,Oscuro con iluminacion,Nublado,No,NO APLICA,99,99,99,99,1,30/10/2022,1
13,Georgia,131435,0,0,2,0,119,FRANKLIN (119),3090,LAVONIA,11,Noviembre,1,2022,15,17,GRADY SCHOOL ROAD,5,Calle Local - Pueblo,Rural,Local,Town or Township Highway Agency,0,Sin jurisdiccion especial,53,34.40666389,-83.14865833,Vehiculo en movimiento,Angulo,Four-Way Intersection,Interseccion de 4 direcciones,Sobre calle,Ninguna,Dia total,Despejado,No,NO APLICA,15,18,15,25,1,01/11/2022,3
13,Georgia,131436,0,0,2,0,105,ELBERT (105),1950,ELBERTON,11,Noviembre,3,2022,8,46,SR-72,3,Highway estatal,Urbano,Arteria Principal,State Highway Agency,1,Sin jurisdiccion especial,82,34.12036111,-82.8865,Vehiculo en movimiento,Frente a frente,T-Intersection,Interseccion de T,Sobre calle,Ninguna,Dia total,Despejado,No,NO APLICA,8,41,8,47,1,03/11/2022,2
13,Georgia,131437,0,0,1,0,249,SCHLEY (249),1980,ELLAVILLE,11,Noviembre,4,2022,21,31,CONCORD CHURCH ROAD,6,Calle Local Municipalidad,Rural,Local,City or Municipal Highway Agency,0,Sin jurisdiccion especial,47,32.31772222,-84.34251944,Acotamiento,El primer evento no fue una colision con un vehiculo automotor en transporte,Not an Intersection,No fue interseccion,Sobre el lado de la calle,Ninguna,Oscuro sin iluminacion,Despejado,No,NO APLICA,21,52,22,8,2,04/11/2022,3
13,Georgia,131438,0,0,1,0,51,CHATHAM (51),9997,Other,11,Noviembre,4,2022,22,50,SHIPYARD ROAD,6,Calle Local Municipalidad,Urbano,Arteria Menor,City or Municipal Highway Agency,0,Sin jurisdiccion especial,13,31.93371111,-81.09942222,Arbol,El primer evento no fue una colision con un vehiculo automotor en transporte,Not an Intersection,No fue interseccion,Sobre el lado de la calle,Ninguna,Oscuro sin iluminacion,Nublado,No,NO APLICA,22,41,22,54,1,04/11/2022,1
13,Georgia,131439,0,0,2,0,31,BULLOCH (31),730,BROOKLET,11,Noviembre,6,2022,14,26,SR-26,3,Highway estatal,Rural,Arteria Menor,State Highway Agency,0,Sin jurisdiccion especial,262,32.38756389,-81.6639,Vehiculo en movimiento,Angulo,Four-Way Intersection,Interseccion de 4 direcciones,Sobre calle,Ninguna,Dia total,Nublado,No,NO APLICA,14,26,14,30,1,06/11/2022,4
13,Georgia,131440,0,0,2,0,187,LUMPKIN (187),0,NO APLICA,10,Octubre,26,2022,7,0,SR-52,3,Highway estatal,Rural,Arteria Menor,State Highway Agency,0,Sin jurisdiccion especial,160,34.54285556,-83.95694444,Vehiculo en movimiento,Frente a frente,T-Intersection,Interseccion de T,Sobre calle,Ninguna,Dia total,Despejado,No,NO APLICA,99,99,99,99,1,26/10/2022,2
13,Georgia,131441,0,0,1,0,127,GLYNN (127),0,NO APLICA,10,Octubre,29,2022,4,0,SR-002700,3,Highway estatal,Rural,Arteria Principal,State Highway Agency,1,Sin jurisdiccion especial,6,31.40228333,-81.65143333,Acotamiento,El primer evento no fue una colision con un vehiculo automotor en transporte,Not an Intersection,No fue interseccion,Sobre el lado de la calle,Ninguna,Oscuro sin iluminacion,Neblina o Humo,No,NO APLICA,4,55,5,11,1,29/10/2022,1
13,Georgia,131442,0,0,2,0,67,COBB (67),0,NO APLICA,10,Octubre,31,2022,20,35,SR-360 POWDER SPRINGS RD,3,Highway estatal,Urbano,Arteria Menor,State Highway Agency,0,Sin jurisdiccion especial,84,33.91729722,-84.58474722,Vehiculo en movimiento,Angulo,Not an Intersection,No fue interseccion,Sobre calle,Ninguna,Oscuro sin iluminacion,Despejado,No,NO APLICA,20,35,20,47,1,31/10/2022,3
13,Georgia,131443,0,0,3,0,245,RICHMOND (245),310,AUGUSTA,11,Noviembre,2,2022,17,7,SR-10,3,Highway estatal,Urbano,Arteria Principal,State Highway Agency,1,Sin jurisdiccion especial,123,33.44330833,-82.02928889,Vehiculo en movimiento,Angulo,Four-Way Intersection,Interseccion de 4 direcciones,Sobre calle,Ninguna,Dia total,Despejado,No,NO APLICA,17,12,17,36,1,02/11/2022,4
13,Georgia,131444,0,0,1,0,159,JASPER (159),2100,FARRAR,11,Noviembre,7,2022,19,4,POST ROAD,5,Calle Local - Pueblo,Rural,Colector Mayor,Town or Township Highway Agency,0,Sin jurisdiccion especial,109,33.46588889,-83.648125,Arbol,El primer evento no fue una colision con un vehiculo automotor en transporte,Not an Intersection,No fue interseccion,Sobre el lado de la calle,Ninguna,Oscuro sin iluminacion,Despejado,No,NO APLICA,19,4,19,15,1,07/11/2022,1
13,Georgia,131445,0,0,3,0,95,DOUGHERTY (95),90,ALBANY,11,Noviembre,8,2022,18,4,NELMS ROAD,5,Calle Local - Pueblo,Urbano,Arteria Menor,County Highway Agency,0,Sin jurisdiccion especial,11,31.46476389,-84.11817222,Vehiculo en movimiento,Frente a Detrás,Four-Way Intersection,Interseccion de 4 direcciones,Sobre calle,Ninguna,Oscuro con iluminacion,Despejado,No,NO APLICA,18,4,18,10,1,08/11/2022,3
13,Georgia,131446,1,1,1,0,253,SEMINOLE (253),1740,DONALSONVILLE,10,Octubre,19,2022,7,13,CS-060001,6,Calle Local Municipalidad,Rural,Local,City or Municipal Highway Agency,0,Sin jurisdiccion especial,9,31.0399,-84.86400833,Ciclista,El primer evento no fue una colision con un vehiculo automotor en transporte,Not an Intersection,No fue interseccion,Sobre calle,Ninguna,Amanecer,Despejado,No,NO APLICA,7,13,7,18,1,19/10/2022,1
13,Georgia,131447,0,0,2,0,241,RABUN (241),0,NO APLICA,10,Octubre,21,2022,15,16,SR-15,3,Highway estatal,Rural,Arteria Principal,State Highway Agency,1,Sin jurisdiccion especial,91,34.84582778,-83.41143333,Vehiculo en movimiento,Frente a Detrás,Not an Intersection,No fue interseccion,Sobre calle,Ninguna,Dia total,Despejado,No,NO APLICA,15,14,15,15,1,21/10/2022,3
13,Georgia,131448,0,0,3,0,135,GWINNETT (135),3990,NORCROSS,11,Noviembre,3,2022,7,15,SR-140,3,Highway estatal,Urbano,Arteria Principal,State Highway Agency,1,Sin jurisdiccion especial,11,33.95618333,-84.244925,Vehiculo en movimiento,Golpe Lateral - misma direccion,Not an Intersection,No fue interseccion,Sobre calle,Ninguna,Oscuro sin iluminacion,Despejado,No,NO APLICA,7,17,7,23,1,03/11/2022,3
13,Georgia,131449,0,0,1,0,275,THOMAS (275),4110,OCHLOCKNEE,11,Noviembre,6,2022,7,0,SR-3,3,Highway estatal,Rural,Colector Mayor,State Highway Agency,0,Sin jurisdiccion especial,79,30.936825,-84.02855278,Arbol,El primer evento no fue una colision con un vehiculo automotor en transporte,Not an Intersection,No fue interseccion,Sobre el lado de la calle,Ninguna,Oscuro sin iluminacion,Nublado,No,NO APLICA,6,57,7,9,1,06/11/2022,2
13,Georgia,131450,0,0,1,0,71,COLQUITT (71),3800,MOULTRIE,11,Noviembre,4,2022,19,22,OLD ADEL RD,6,Calle Local Municipalidad,Rural,Colector Mayor,City or Municipal Highway Agency,0,Sin jurisdiccion especial,39,31.16040556,-83.67966389,Culvert,El primer evento no fue una colision con un vehiculo automotor en transporte,Not an Intersection,No fue interseccion,Sobre el lado de la calle,Ninguna,Oscuro sin iluminacion,Despejado,No,NO APLICA,19,25,19,55,1,04/11/2022,1
13,Georgia,131451,0,0,1,0,299,WARE (299),5850,WAYCROSS,11,Noviembre,7,2022,12,23,BICKLEY HWY,6,Calle Local Municipalidad,Rural,Colector Mayor,City or Municipal Highway Agency,0,Sin jurisdiccion especial,75,31.36404444,-82.49479722,Arbol,El primer evento no fue una colision con un vehiculo automotor en transporte,Not an Intersection,No fue interseccion,Sobre el lado de la calle,Ninguna,Dia total,Despejado,No,NO APLICA,12,31,12,43,1,07/11/2022,5
13,Georgia,131452,0,0,3,0,135,GWINNETT (135),0,NO APLICA,11,Noviembre,5,2022,23,10,CR-723800,4,Calle del Condado,Urbano,Colector Mayor,County Highway Agency,0,Sin jurisdiccion especial,21,33.90255,-84.07959167,Vehiculo en movimiento,Golpe Lateral - misma direccion,Not an Intersection,No fue interseccion,Sobre calle,Ninguna,Oscuro sin iluminacion,Despejado,No,NO APLICA,23,17,23,23,1,05/11/2022,4
13,Georgia,131453,0,0,2,0,145,HARRIS (145),9997,Other,11,Noviembre,3,2022,13,8,SR-219,3,Highway estatal,Rural,Arteria Menor,State Highway Agency,0,Sin jurisdiccion especial,14,32.62589722,-85.03677222,Vehiculo en movimiento,Angulo,Four-Way Intersection,Interseccion de 4 direcciones,Sobre calle,Ninguna,Dia total,Despejado,No,NO APLICA,13,12,13,20,1,03/11/2022,4
13,Georgia,131454,0,0,2,0,185,LOWNDES (185),3070,LAKE PARK,11,Noviembre,8,2022,6,8,SR-7 W MARION AVE,3,Highway estatal,Rural,Arteria Principal,State Highway Agency,0,Sin jurisdiccion especial,55,30.68866389,-83.20468889,Vehiculo en movimiento,Frente a Detrás,Not an Intersection,No fue interseccion,Sobre calle,Ninguna,Oscuro sin iluminacion,Despejado,No,NO APLICA,6,11,6,16,1,08/11/2022,2
13,Georgia,131455,1,1,1,0,127,GLYNN (127),760,BRUNSWICK,11,Noviembre,9,2022,5,50,SR-27,3,Highway estatal,Urbano,Arteria Principal,State Highway Agency,1,Sin jurisdiccion especial,158,31.21672222,-81.51826944,Ciclista,El primer evento no fue una colision con un vehiculo automotor en transporte,Not an Intersection,No fue interseccion,Sobre calle,Ninguna,Oscuro sin iluminacion,Despejado,No,NO APLICA,5,52,6,0,1,09/11/2022,1
13,Georgia,131456,0,0,2,0,21,BIBB (21),3390,MACON,11,Noviembre,9,2022,16,59,SR-247,3,Highway estatal,Urbano,Arteria Principal,State Highway Agency,1,Sin jurisdiccion especial,45,32.72337222,-83.65360833,Vehiculo en movimiento,Angulo,T-Intersection,Interseccion de T,Sobre calle,Ninguna,Dia total,Despejado,No,NO APLICA,17,2,17,13,2,09/11/2022,2
13,Georgia,131457,1,1,1,0,89,DEKALB (89),1750,DORAVILLE,11,Noviembre,9,2022,21,27,SR-0013CO/MOTORS INDUSTRIAL WY,3,Highway estatal,Urbano,Arteria Menor,State Highway Agency,0,Sin jurisdiccion especial,6,33.90583889,-84.27975833,Peaton,El primer evento no fue una colision con un vehiculo automotor en transporte,Not an Intersection,No fue interseccion,Sobre calle,Ninguna,Oscuro sin iluminacion,Despejado,No,NO APLICA,21,59,22,5,1,09/11/2022,1
13,Georgia,131458,0,0,2,1,121,FULTON (121),280,ATLANTA,11,Noviembre,11,2022,11,19,I-85,1,Interestatal,Urbano,Interestatal,State Highway Agency,1,Sin jurisdiccion especial,186,33.68290278,-84.41054722,Vehiculo Aparcado,El primer evento no fue una colision con un vehiculo automotor en transporte,Not an Intersection,No fue interseccion,Gore?,Ninguna,Dia total,lluvia,No,NO APLICA,11,22,12,29,1,11/11/2022,1
13,Georgia,131460,0,0,2,0,3,ATKINSON (3),5960,WILLACOOCHEE,6,Junio,20,2022,12,50,SR-520,3,Highway estatal,Rural,Arteria Principal,State Highway Agency,1,Sin jurisdiccion especial,32,31.34282778,-83.05378056,Vehiculo en movimiento,Angulo,Four-Way Intersection,Interseccion de 4 direcciones,Sobre calle,Ninguna,Dia total,Despejado,No,NO APLICA,12,57,13,24,1,20/06/2022,3
13,Georgia,131461,0,0,2,0,247,ROCKDALE (247),9997,Other,7,Julio,6,2022,21,0,CS-MINK LIVSEY RD,5,Calle Local - Pueblo,Urbano,Local,City or Municipal Highway Agency,0,Sin jurisdiccion especial,3,33.75904444,-84.01088333,Vehiculo en movimiento,Frente a frente,Not an Intersection,No fue interseccion,Sobre calle,Ninguna,Oscuro sin iluminacion,Nublado,No,NO APLICA,21,46,22,10,1,06/07/2022,2
13,Georgia,131463,0,0,2,0,157,JACKSON (157),670,BRASELTON,7,Julio,19,2022,19,25,SR-53,3,Highway estatal,Urbano,Arteria Menor,State Highway Agency,0,Sin jurisdiccion especial,17,34.13451667,-83.77208333,Vehiculo en movimiento,Frente a frente,Not an Intersection,No fue interseccion,Sobre calle,Ninguna,Dia total,Despejado,No,NO APLICA,19,29,19,31,1,19/07/2022,4
13,Georgia,131464,1,1,1,0,63,CLAYTON (63),0,NO APLICA,10,Octubre,22,2022,3,36,CR-354000,4,Calle del Condado,Urbano,Arteria Menor,County Highway Agency,0,Sin jurisdiccion especial,12,33.61906111,-84.41803056,Peaton,El primer evento no fue una colision con un vehiculo automotor en transporte,Not an Intersection,No fue interseccion,Sobre calle,Ninguna,Oscuro sin iluminacion,Despejado,No,NO APLICA,99,99,99,99,1,22/10/2022,1
13,Georgia,131465,0,0,1,0,15,BARTOW (15),0,NO APLICA,11,Noviembre,12,2022,6,46,I-75,1,Interestatal,Urbano,Interestatal,State Highway Agency,1,Sin jurisdiccion especial,255,34.34788056,-84.87853611,Arbol,El primer evento no fue una colision con un vehiculo automotor en transporte,Not an Intersection,No fue interseccion,Sobre el lado de la calle,Ninguna,Oscuro sin iluminacion,Nublado,No,NO APLICA,6,44,6,59,1,12/11/2022,1
13,Georgia,131466,0,0,2,0,63,CLAYTON (63),2180,FOREST PARK,11,Noviembre,4,2022,3,9,I-75,1,Interestatal,Urbano,Interestatal,State Highway Agency,1,Sin jurisdiccion especial,71,33.59785278,-84.38945556,Vehiculo en movimiento,Frente a Detrás,Not an Intersection,No fue interseccion,Sobre calle,Ninguna,Oscuro sin iluminacion,Despejado,No,NO APLICA,3,9,3,13,1,04/11/2022,2
13,Georgia,131467,0,0,2,0,121,FULTON (121),5640,UNION CITY,11,Noviembre,8,2022,14,40,SR-0014AL,3,Highway estatal,Urbano,Arteria Principal,State Highway Agency,1,Sin jurisdiccion especial,112,33.61868056,-84.55973611,Vehiculo en movimiento,Angulo,Four-Way Intersection,Interseccion de 4 direcciones,Sobre calle,Ninguna,Dia total,Despejado,No,NO APLICA,15,5,15,50,1,08/11/2022,4
13,Georgia,131468,1,1,1,0,121,FULTON (121),280,ATLANTA,11,Noviembre,11,2022,6,0,CS-200003/HARRIS ST,6,Calle Local Municipalidad,Urbano,Arteria Menor,City or Municipal Highway Agency,0,Sin jurisdiccion especial,1,33.76101389,-84.38893333,Peaton,El primer evento no fue una colision con un vehiculo automotor en transporte,Four-Way Intersection,Interseccion de 4 direcciones,Sobre calle,Ninguna,Oscuro sin iluminacion,lluvia,No,NO APLICA,6,10,6,11,1,11/11/2022,1
13,Georgia,131470,1,1,1,0,177,LEE (177),0,NO APLICA,11,Noviembre,11,2022,19,2,CR-017100/DOUBLEGATE DR,4,Calle del Condado,Urbano,Colector Menor,County Highway Agency,0,Sin jurisdiccion especial,2,31.63249722,-84.25931944,Peaton,El primer evento no fue una colision con un vehiculo automotor en transporte,Not an Intersection,No fue interseccion,Sobre calle,Ninguna,Oscuro sin iluminacion,Despejado,No,NO APLICA,19,2,19,4,1,11/11/2022,1
13,Georgia,131471,1,1,1,0,153,HOUSTON (153),5790,WARNER ROBINS,8,Agosto,3,2022,4,25,SR-247CO WATSON BLVD,3,Highway estatal,Urbano,Arteria Principal,State Highway Agency,1,Sin jurisdiccion especial,67,32.61906667,-83.60346111,Peaton,El primer evento no fue una colision con un vehiculo automotor en transporte,Not an Intersection,No fue interseccion,Sobre calle,Ninguna,Oscuro con iluminacion,Despejado,No,NO APLICA,4,27,4,32,1,03/08/2022,2
13,Georgia,131472,0,0,1,0,183,LONG (183),0,NO APLICA,11,Noviembre,12,2022,8,17,SR-23,3,Highway estatal,Rural,Arteria Menor,State Highway Agency,0,Sin jurisdiccion especial,70,31.72074167,-81.75404444,Culvert,El primer evento no fue una colision con un vehiculo automotor en transporte,Not an Intersection,No fue interseccion,Sobre el lado de la calle,Ninguna,Dia total,Nublado,No,NO APLICA,8,23,8,26,1,12/11/2022,1
13,Georgia,131473,0,0,2,0,115,FLOYD (115),4760,ROME,11,Noviembre,14,2022,9,52,SR-1 TURNER MCCALL MARTHA BERR,3,Highway estatal,Urbano,Arteria Principal,State Highway Agency,1,Sin jurisdiccion especial,117,34.246025,-85.16120556,Vehiculo en movimiento,Frente a frente,Not an Intersection,No fue interseccion,Sobre calle,Ninguna,Dia total,Despejado,No,NO APLICA,99,99,99,98,1,14/11/2022,2
13,Georgia,131474,0,0,1,0,121,FULTON (121),9997,Other,8,Agosto,10,2022,17,3,SR-138 JONESBORO RD,3,Highway estatal,Urbano,Arteria Principal,State Highway Agency,1,Sin jurisdiccion especial,52,33.55944722,-84.5101,Arbol,El primer evento no fue una colision con un vehiculo automotor en transporte,Not an Intersection,No fue interseccion,Sobre el lado de la calle,Ninguna,Dia total,Despejado,No,NO APLICA,99,99,99,99,1,10/08/2022,1
13,Georgia,131475,0,0,2,0,89,DEKALB (89),0,NO APLICA,8,Agosto,10,2022,13,24,CR-959600,4,Calle del Condado,Urbano,Arteria Principal,County Highway Agency,0,Sin jurisdiccion especial,5,33.69395,-84.20409167,Vehiculo en movimiento,Frente a Detrás,T-Intersection,Interseccion de T,Sobre calle,Ninguna,Dia total,Nublado,No,NO APLICA,13,27,13,37,1,10/08/2022,2
13,Georgia,131476,1,1,1,0,59,CLARKE (59),270,ATHENS,8,Agosto,26,2022,21,49,SR-007200/HULL RD,3,Highway estatal,Urbano,Arteria Principal,State Highway Agency,1,Sin jurisdiccion especial,18,33.99816111,-83.32569167,Peaton,El primer evento no fue una colision con un vehiculo automotor en transporte,Y-Intersection,Interseccion de Y,Sobre calle,Ninguna,Oscuro sin iluminacion,Despejado,No,NO APLICA,21,54,22,3,1,26/08/2022,2
13,Georgia,131477,0,0,2,0,121,FULTON (121),280,ATLANTA,9,Septiembre,1,2022,22,54,I-85,1,Interestatal,Urbano,Interestatal,State Highway Agency,1,Sin jurisdiccion especial,4,33.79006389,-84.39167222,Vehiculo en movimiento,Frente a Detrás,Not an Intersection,No fue interseccion,Sobre calle,Ninguna,Oscuro sin iluminacion,Nublado,No,NO APLICA,99,99,99,99,1,01/09/2022,2
13,Georgia,131478,0,0,1,0,215,MUSCOGEE (215),1280,COLUMBUS,9,Septiembre,9,2022,22,0,US-27 ALT NORTH,2,US Highway,Urbano,Arteria Principal,State Highway Agency,1,Sin jurisdiccion especial,0,32.50613333,-84.94853333,Barrera de Trafico de Concreto,El primer evento no fue una colision con un vehiculo automotor en transporte,Not an Intersection,No fue interseccion,En el medio,Ninguna,Oscuro sin iluminacion,Nublado,No,NO APLICA,22,1,22,18,1,09/09/2022,1
13,Georgia,131479,0,0,2,0,63,CLAYTON (63),4690,RIVERDALE,11,Noviembre,3,2022,0,58,SR-85,3,Highway estatal,Urbano,Arteria Principal,State Highway Agency,1,Sin jurisdiccion especial,35,33.56687222,-84.41301111,Vehiculo en movimiento,Angulo,Not an Intersection,No fue interseccion,Sobre calle,Ninguna,Oscuro con iluminacion,Despejado,No,NO APLICA,0,58,1,3,1,03/11/2022,3
13,Georgia,131480,0,0,1,0,129,GORDON (129),0,NO APLICA,11,Noviembre,5,2022,11,30,SR-136,3,Highway estatal,Rural,Colector Mayor,State Highway Agency,0,Sin jurisdiccion especial,110,34.59642778,-84.91028333,Volcadura,El primer evento no fue una colision con un vehiculo automotor en transporte,Not an Intersection,No fue interseccion,Sobre el lado de la calle,Ninguna,Dia total,Despejado,No,NO APLICA,11,36,11,56,1,05/11/2022,2
13,Georgia,131481,0,0,2,0,211,MORGAN (211),0,NO APLICA,11,Noviembre,6,2022,11,35,SR-24,3,Highway estatal,Rural,Arteria Principal,State Highway Agency,1,Sin jurisdiccion especial,42,33.609375,-83.45026944,Vehiculo en movimiento,Frente a Detrás,Four-Way Intersection,Interseccion de 4 direcciones,Sobre calle,Ninguna,Dia total,Despejado,No,NO APLICA,11,30,11,47,1,06/11/2022,2
13,Georgia,131482,0,0,4,0,13,BARROW (13),0,NO APLICA,11,Noviembre,11,2022,15,40,SR-316,3,Highway estatal,Urbano,Arteria Principal,State Highway Agency,1,Sin jurisdiccion especial,98,33.9511,-83.67357778,Vehiculo en movimiento,Angulo,Four-Way Intersection,Interseccion de 4 direcciones,Sobre calle,Ninguna,Dia total,Despejado,No,NO APLICA,15,46,16,4,2,11/11/2022,7
13,Georgia,131483,0,0,4,0,121,FULTON (121),5640,UNION CITY,9,Septiembre,5,2022,17,15,FLAT SHOALS ROAD,6,Calle Local Municipalidad,Urbano,Arteria Menor,City or Municipal Highway Agency,0,Sin jurisdiccion especial,99998,33.58400278,-84.51033611,Vehiculo en movimiento,Angulo,Four-Way Intersection,Interseccion de 4 direcciones,Sobre calle,Ninguna,Dia total,Nublado,No,NO APLICA,17,18,17,29,2,05/09/2022,5
13,Georgia,131484,1,1,1,0,225,PEACH (225),830,BYRON,11,Noviembre,14,2022,21,45,E HERITAGE BLVD,6,Calle Local Municipalidad,Urbano,Colector Mayor,City or Municipal Highway Agency,0,Sin jurisdiccion especial,1,32.65549722,-83.75813889,Ciclista,El primer evento no fue una colision con un vehiculo automotor en transporte,Not an Intersection,No fue interseccion,Sobre calle,Ninguna,Oscuro sin iluminacion,Despejado,No,NO APLICA,99,98,99,98,1,14/11/2022,1
13,Georgia,131485,1,1,2,0,187,LUMPKIN (187),0,NO APLICA,9,Septiembre,10,2022,20,38,SR-400,3,Highway estatal,Rural,Arteria Principal,State Highway Agency,1,Sin jurisdiccion especial,0,34.42398611,-83.99098611,Peaton,El primer evento no fue una colision con un vehiculo automotor en transporte,Not an Intersection,No fue interseccion,Sobre calle,Ninguna,Oscuro sin iluminacion,lluvia,No,NO APLICA,20,42,20,47,1,10/09/2022,5
13,Georgia,131486,0,0,1,0,113,FAYETTE (113),2110,FAYETTEVILLE,9,Septiembre,15,2022,17,41,SR-54,3,Highway estatal,Urbano,Arteria Principal,State Highway Agency,1,Sin jurisdiccion especial,111,33.44955278,-84.44690556,Arbol,El primer evento no fue una colision con un vehiculo automotor en transporte,Not an Intersection,No fue interseccion,Sobre el lado de la calle,Ninguna,Dia total,Despejado,No,NO APLICA,99,99,99,99,1,15/09/2022,1
13,Georgia,131487,0,0,2,0,185,LOWNDES (185),5680,VALDOSTA,9,Septiembre,19,2022,10,57,BEMISS RO,6,Calle Local Municipalidad,Urbano,Arteria Menor,City or Municipal Highway Agency,0,Sin jurisdiccion especial,13,30.87657222,-83.275875,Vehiculo en movimiento,Angulo,Not an Intersection,No fue interseccion,Sobre calle,Ninguna,Dia total,Despejado,No,NO APLICA,99,99,99,99,1,19/09/2022,5