Estado,Nombre de Estado,Numero de Caso,Peatones,Personas _no_vehiculos,Vehiculos automotores,Vehiculos estacionados,Condado,Nombre Condado,Ciudad,Nombre Ciudad,Mes,Nombre Mes,Dia,Año,Hora,Minuto,Calle,Ruta,Nombre Ruta,Rural o Urbanoo,Sistema Funcional,Dueño Calle,Sistema Nacional Carreteras,Jurisdiccion Especial,Milla,Latitud,Longitud,Causa del Accidente,Tipo de Accidente,Tipo Interseccion,Columna1,Lugar en la calle,Zona de Trabajo,Luz,Clima,Autobus Escolar,Cruce de Trenes,Hora Notificacion,Minuto Notificacion,Hora Llegada,Minuto Llegada,Decesos,Fecha,PersonaVehiculo
13,Georgia,131488,1,1,1,0,59,CLARKE (59),270,ATHENS,9,Septiembre,22,2022,7,44,SR-0015AL,3,Highway estatal,Urbano,Arteria Menor,State Highway Agency,0,Sin jurisdiccion especial,31,33.96179167,-83.39190833,Ciclista,El primer evento no fue una colision con un vehiculo automotor en transporte,Not an Intersection,No fue interseccion,Sobre calle,Ninguna,Dia total,Despejado,No,NO APLICA,7,46,7,50,1,22/09/2022,1
13,Georgia,131489,1,1,1,0,21,BIBB (21),3390,MACON,10,Octubre,1,2022,19,8,CS-OCMULGEE E BLVD,5,Calle Local - Pueblo,Rural,Arteria Menor,City or Municipal Highway Agency,0,Sin jurisdiccion especial,27,32.79131111,-83.56895833,Peaton,El primer evento no fue una colision con un vehiculo automotor en transporte,Not an Intersection,No fue interseccion,Sobre calle,Ninguna,Oscuro sin iluminacion,Nublado,No,NO APLICA,99,99,99,99,1,01/10/2022,2
13,Georgia,131490,0,0,2,0,139,HALL (139),2285,GAINESVILLE,10,Octubre,5,2022,18,22,CS-LIMESTONE PKWY,5,Calle Local - Pueblo,Urbano,Arteria Principal,City or Municipal Highway Agency,1,Sin jurisdiccion especial,3,34.32062778,-83.80145556,Vehiculo en movimiento,Angulo,Four-Way Intersection,Interseccion de 4 direcciones,Sobre calle,Ninguna,Dia total,Despejado,No,NO APLICA,18,23,18,26,1,05/10/2022,2
13,Georgia,131491,0,0,2,0,139,HALL (139),3290,LULA,10,Octubre,7,2022,16,28,SR-52,3,Highway estatal,Rural,Colector Mayor,State Highway Agency,0,Sin jurisdiccion especial,146,34.40470556,-83.69890278,Vehiculo en movimiento,Frente a frente,Not an Intersection,No fue interseccion,Sobre calle,Ninguna,Dia total,Despejado,No,NO APLICA,16,28,16,34,1,07/10/2022,2
13,Georgia,131492,0,0,1,0,67,COBB (67),3440,MARIETTA,10,Octubre,8,2022,6,13,SR-280,3,Highway estatal,Urbano,Arteria Menor,State Highway Agency,0,Sin jurisdiccion especial,123,33.92254167,-84.50454722,Poste de Señal de trafico,El primer evento no fue una colision con un vehiculo automotor en transporte,Not an Intersection,No fue interseccion,Sobre el lado de la calle,Ninguna,Oscuro sin iluminacion,Despejado,No,NO APLICA,6,18,6,24,1,08/10/2022,2
13,Georgia,131493,0,0,1,0,89,DEKALB (89),1140,CLARKSTON,11,Noviembre,11,2022,4,10,CS-226207/E PONCE DE LEON AVE,6,Calle Local Municipalidad,Urbano,Arteria Menor,City or Municipal Highway Agency,0,Sin jurisdiccion especial,8,33.81308611,-84.23739167,Banqueta,El primer evento no fue una colision con un vehiculo automotor en transporte,Not an Intersection,No fue interseccion,Sobre el lado de la calle,Ninguna,Oscuro sin iluminacion,lluvia,No,NO APLICA,4,10,4,18,1,11/11/2022,2
13,Georgia,131494,0,0,2,0,15,BARTOW (15),30,ADAIRSVILLE,11,Noviembre,12,2022,10,7,I-75,1,Interestatal,Urbano,Interestatal,State Highway Agency,1,Sin jurisdiccion especial,255,34.34788056,-84.87853889,Vehiculo en movimiento,Frente a Detrás,Not an Intersection,No fue interseccion,Sobre calle,Ninguna,Dia total,Nublado,No,NO APLICA,10,13,10,22,1,12/11/2022,2
13,Georgia,131495,0,0,3,0,21,BIBB (21),3390,MACON,11,Noviembre,13,2022,1,18,I-75,1,Interestatal,Urbano,Interestatal,State Highway Agency,1,Sin jurisdiccion especial,146,32.87140833,-83.66013889,Vehiculo en movimiento,Frente a frente,Not an Intersection,No fue interseccion,Sobre calle,Ninguna,Oscuro sin iluminacion,Despejado,No,NO APLICA,1,34,1,41,1,13/11/2022,3
13,Georgia,131496,0,0,1,0,57,CHEROKEE (57),920,CANTON,11,Noviembre,13,2022,22,42,SR-369,3,Highway estatal,Rural,Arteria Principal,State Highway Agency,1,Sin jurisdiccion especial,214,34.25773611,-84.32458333,Acotamiento,El primer evento no fue una colision con un vehiculo automotor en transporte,T-Intersection,Interseccion de T,Sobre el lado de la calle,Ninguna,Oscuro sin iluminacion,Despejado,No,NO APLICA,22,44,22,51,1,13/11/2022,3
13,Georgia,131497,0,0,1,0,297,WALTON (297),2450,GRATIS,11,Noviembre,15,2022,18,29,SIMS BRIDGE ROAD,6,Calle Local Municipalidad,Rural,Colector Mayor,City or Municipal Highway Agency,0,Sin jurisdiccion especial,12,33.89456111,-83.64813333,Arbol,El primer evento no fue una colision con un vehiculo automotor en transporte,Not an Intersection,No fue interseccion,Sobre el lado de la calle,Ninguna,Oscuro sin iluminacion,Nublado,No,NO APLICA,18,28,18,38,1,15/11/2022,1
13,Georgia,131498,0,0,2,0,155,IRWIN (155),4120,OCILLA,10,Octubre,10,2022,16,13,SR-35,3,Highway estatal,Urbano,Arteria Principal,State Highway Agency,1,Sin jurisdiccion especial,176,31.58720833,-83.27391111,Vehiculo en movimiento,Angulo,Not an Intersection,No fue interseccion,Sobre calle,Ninguna,Dia total,Despejado,No,NO APLICA,16,13,16,16,1,10/10/2022,3
13,Georgia,131499,0,0,2,0,275,THOMAS (275),0,NO APLICA,11,Noviembre,3,2022,8,55,CR-038400/METCALFE RD,4,Calle del Condado,Rural,Colector Mayor,County Highway Agency,0,Sin jurisdiccion especial,24,30.69698056,-83.990025,Vehiculo en movimiento,Frente a frente,Not an Intersection,No fue interseccion,Sobre calle,Ninguna,Dia total,Despejado,No,NO APLICA,8,59,9,12,1,03/11/2022,2
13,Georgia,131500,0,0,1,0,159,JASPER (159),3730,MONTICELLO,11,Noviembre,18,2022,19,52,SR-212,3,Highway estatal,Rural,Colector Mayor,State Highway Agency,0,Sin jurisdiccion especial,180,33.27304167,-83.60876389,Culvert,El primer evento no fue una colision con un vehiculo automotor en transporte,Not an Intersection,No fue interseccion,Sobre el lado de la calle,Ninguna,Oscuro sin iluminacion,Despejado,No,NO APLICA,19,53,20,1,1,18/11/2022,1
13,Georgia,131501,0,0,1,0,67,COBB (67),9997,Other,11,Noviembre,3,2022,13,12,CR-016000/FREY RD,4,Calle del Condado,Urbano,Colector Menor,County Highway Agency,0,Sin jurisdiccion especial,7,34.04259167,-84.581,Banqueta,El primer evento no fue una colision con un vehiculo automotor en transporte,T-Intersection,Interseccion de T,Sobre el lado de la calle,Ninguna,Dia total,Despejado,No,NO APLICA,13,14,13,18,1,03/11/2022,1
13,Georgia,131502,1,1,1,0,67,COBB (67),0,NO APLICA,11,Noviembre,12,2022,1,42,SR-280,3,Highway estatal,Urbano,Colector Menor,State Highway Agency,0,Sin jurisdiccion especial,105,33.93479722,-84.52821111,Peaton,El primer evento no fue una colision con un vehiculo automotor en transporte,Not an Intersection,No fue interseccion,Sobre calle,Ninguna,Oscuro sin iluminacion,Despejado,No,NO APLICA,1,42,1,51,1,12/11/2022,1
13,Georgia,131503,0,0,1,0,135,GWINNETT (135),0,NO APLICA,11,Noviembre,12,2022,2,24,I-85 RAMP,1,Interestatal,Urbano,Arteria Principal,State Highway Agency,1,Sin jurisdiccion especial,1,33.97824167,-84.08773333,Arbol,El primer evento no fue una colision con un vehiculo automotor en transporte,Not an Intersection,No fue interseccion,Sobre el lado de la calle,Ninguna,Oscuro sin iluminacion,Neblina o Humo,No,NO APLICA,2,27,2,40,1,12/11/2022,3
13,Georgia,131504,0,0,1,0,135,GWINNETT (135),800,BUFORD,11,Noviembre,13,2022,2,20,SR-032400,3,Highway estatal,Urbano,Arteria Menor,State Highway Agency,0,Sin jurisdiccion especial,49,34.039175,-83.91539722,Poste de Señal de trafico,El primer evento no fue una colision con un vehiculo automotor en transporte,Not an Intersection,No fue interseccion,Sobre el lado de la calle,Ninguna,Oscuro con iluminacion,Despejado,No,NO APLICA,99,99,99,99,1,13/11/2022,1
13,Georgia,131505,0,0,1,0,39,CAMDEN (39),3010,KINGSLAND,11,Noviembre,13,2022,8,47,I-95,1,Interestatal,Urbano,Interestatal,State Highway Agency,1,Sin jurisdiccion especial,70,30.84427778,-81.67138333,Poste de Señal de trafico,El primer evento no fue una colision con un vehiculo automotor en transporte,Not an Intersection,No fue interseccion,Sobre el lado de la calle,Ninguna,Dia total,Despejado,No,NO APLICA,8,52,8,55,1,13/11/2022,1
13,Georgia,131506,0,0,1,0,67,COBB (67),0,NO APLICA,11,Noviembre,4,2022,0,53,SR-5/AUSTELL RD,3,Highway estatal,Urbano,Arteria Menor,State Highway Agency,0,Sin jurisdiccion especial,77,33.89201667,-84.57776667,Arbol,El primer evento no fue una colision con un vehiculo automotor en transporte,Not an Intersection,No fue interseccion,Sobre el lado de la calle,Ninguna,Oscuro sin iluminacion,Despejado,No,NO APLICA,0,53,0,56,1,04/11/2022,2
13,Georgia,131507,0,0,1,0,49,CHARLTON (49),2170,FOLKSTON,11,Noviembre,14,2022,18,0,SR-121,3,Highway estatal,Rural,Colector Mayor,State Highway Agency,0,Sin jurisdiccion especial,334,30.80248056,-82.02928056,Volcadura,El primer evento no fue una colision con un vehiculo automotor en transporte,Not an Intersection,No fue interseccion,Sobre el lado de la calle,Ninguna,Oscuro sin iluminacion,Despejado,No,NO APLICA,18,2,18,6,1,14/11/2022,1
13,Georgia,131508,0,0,1,0,121,FULTON (121),280,ATLANTA,11,Noviembre,16,2022,2,0,I-85 N,1,Interestatal,Urbano,Interestatal,State Highway Agency,1,Sin jurisdiccion especial,304,33.82144722,-84.35953611,Barrera de Trafico de Concreto,El primer evento no fue una colision con un vehiculo automotor en transporte,Not an Intersection,No fue interseccion,En el medio,Ninguna,Oscuro con iluminacion,Despejado,No,NO APLICA,99,98,99,98,1,16/11/2022,1
13,Georgia,131509,1,1,1,0,89,DEKALB (89),9997,Other,11,Noviembre,17,2022,6,6,SR-8 SCOTT BLVD,3,Highway estatal,Urbano,Arteria Principal,State Highway Agency,1,Sin jurisdiccion especial,43,33.79536667,-84.28692222,Peaton,El primer evento no fue una colision con un vehiculo automotor en transporte,Not an Intersection,No fue interseccion,Sobre calle,Ninguna,Oscuro con iluminacion,Despejado,No,NO APLICA,6,6,6,9,1,17/11/2022,1
13,Georgia,131510,0,0,2,0,31,BULLOCH (31),730,BROOKLET,11,Noviembre,17,2022,12,0,SR-67,3,Highway estatal,Rural,Arteria Menor,State Highway Agency,0,Sin jurisdiccion especial,82,32.28484444,-81.72398611,Vehiculo en movimiento,Angulo,Four-Way Intersection,Interseccion de 4 direcciones,Sobre calle,Ninguna,Dia total,Nublado,No,NO APLICA,12,1,12,11,1,17/11/2022,5
13,Georgia,131511,0,0,1,0,15,BARTOW (15),30,ADAIRSVILLE,11,Noviembre,17,2022,17,44,SR-140,3,Highway estatal,Rural,Colector Mayor,State Highway Agency,0,Sin jurisdiccion especial,124,34.37274444,-84.80310833,Volcadura,El primer evento no fue una colision con un vehiculo automotor en transporte,Not an Intersection,No fue interseccion,Sobre el lado de la calle,Ninguna,Atardecer,Despejado,No,NO APLICA,17,49,18,7,1,17/11/2022,1
13,Georgia,131512,0,0,1,0,129,GORDON (129),2070,FAIRMOUNT,11,Noviembre,17,2022,21,40,SR-53,3,Highway estatal,Rural,Arteria Principal,State Highway Agency,1,Sin jurisdiccion especial,228,34.43478611,-84.71550278,Puente de Ferrocarril,El primer evento no fue una colision con un vehiculo automotor en transporte,Not an Intersection,No fue interseccion,Sobre el lado de la calle,Ninguna,Oscuro sin iluminacion,Nublado,No,NO APLICA,21,42,21,50,1,17/11/2022,1
13,Georgia,131513,1,1,1,0,117,FORSYTH (117),1440,CUMMING,11,Noviembre,15,2022,18,40,SR-369 MATT HWY,3,Highway estatal,Urbano,Arteria Menor,State Highway Agency,0,Sin jurisdiccion especial,99998,34.3023,-84.19271389,Peaton,El primer evento no fue una colision con un vehiculo automotor en transporte,Not an Intersection,No fue interseccion,Sobre calle,Ninguna,Oscuro sin iluminacion,Nublado,No,NO APLICA,18,42,18,48,1,15/11/2022,1
13,Georgia,131514,1,1,1,0,121,FULTON (121),280,ATLANTA,11,Noviembre,18,2022,18,15,SR-42 MORELAND AVE SE,3,Highway estatal,Urbano,Arteria Principal,State Highway Agency,1,Sin jurisdiccion especial,8,33.70049167,-84.34955833,Peaton,El primer evento no fue una colision con un vehiculo automotor en transporte,Not an Intersection,No fue interseccion,Sobre calle,Ninguna,Oscuro sin iluminacion,Despejado,No,NO APLICA,99,99,99,99,1,18/11/2022,1
13,Georgia,131515,0,0,1,0,309,WHEELER (309),2380,GLENWOOD,11,Noviembre,18,2022,21,10,SR-30,3,Highway estatal,Rural,Arteria Principal,State Highway Agency,1,Sin jurisdiccion especial,146,32.17574444,-82.67673889,Culvert,El primer evento no fue una colision con un vehiculo automotor en transporte,Not an Intersection,No fue interseccion,Sobre el lado de la calle,Ninguna,Oscuro sin iluminacion,Despejado,No,NO APLICA,21,18,21,23,1,18/11/2022,1
13,Georgia,131516,1,1,2,0,251,SCREVEN (251),5330,SYLVANIA,11,Noviembre,19,2022,18,39,CS-HALCYONDALE RD,5,Calle Local - Pueblo,Rural,Colector Mayor,City or Municipal Highway Agency,0,Sin jurisdiccion especial,144,32.71298611,-81.62615278,Peaton,El primer evento no fue una colision con un vehiculo automotor en transporte,Not an Intersection,No fue interseccion,Sobre calle,Ninguna,Oscuro con iluminacion,Nublado,No,NO APLICA,18,29,18,44,1,19/11/2022,3
13,Georgia,131517,1,1,1,0,121,FULTON (121),280,ATLANTA,11,Noviembre,15,2022,18,45,FAIRBURN RD SW NORTH,6,Calle Local Municipalidad,Urbano,Arteria Menor,City or Municipal Highway Agency,0,Sin jurisdiccion especial,10,33.73578889,-84.51035556,Peaton,El primer evento no fue una colision con un vehiculo automotor en transporte,Not an Intersection,No fue interseccion,Sobre calle,Ninguna,Oscuro sin iluminacion,Nublado,No,NO APLICA,99,99,99,99,1,15/11/2022,1
13,Georgia,131518,2,2,2,0,89,DEKALB (89),9997,Other,11,Noviembre,20,2022,2,11,I-20,1,Interestatal,Urbano,Interestatal,State Highway Agency,1,Sin jurisdiccion especial,161,33.70200556,-84.09596944,Peaton,El primer evento no fue una colision con un vehiculo automotor en transporte,Not an Intersection,No fue interseccion,Sobre calle,Ninguna,Oscuro sin iluminacion,Despejado,No,NO APLICA,2,13,2,18,1,20/11/2022,2
13,Georgia,131519,1,1,1,0,31,BULLOCH (31),5170,STATESBORO,11,Noviembre,5,2022,2,10,SR-73 SOUTH MAIN STREET,3,Highway estatal,Urbano,Arteria Principal,State Highway Agency,1,Sin jurisdiccion especial,135,32.43196667,-81.78525833,No vehiculo o remolque,El primer evento no fue una colision con un vehiculo automotor en transporte,Four-Way Intersection,Interseccion de 4 direcciones,Sobre calle,Ninguna,Oscuro con iluminacion,Despejado,No,NO APLICA,99,99,99,99,1,05/11/2022,2
13,Georgia,131520,0,0,3,0,117,FORSYTH (117),1440,CUMMING,11,Noviembre,17,2022,6,51,SR-20,3,Highway estatal,Urbano,Arteria Principal,State Highway Agency,1,Sin jurisdiccion especial,34,34.23823889,-84.1996,Vehiculo en movimiento,Frente a frente,Not an Intersection,No fue interseccion,Sobre calle,Ninguna,Amanecer,Despejado,No,NO APLICA,6,51,7,3,1,17/11/2022,4
13,Georgia,131521,0,0,2,0,169,JONES (169),2460,GRAY,11,Noviembre,18,2022,15,30,CS-GRAY BYP,5,Calle Local - Pueblo,Rural,Arteria Principal,City or Municipal Highway Agency,1,Sin jurisdiccion especial,88,33.01771944,-83.56465,Vehiculo en movimiento,Angulo,Four-Way Intersection,Interseccion de 4 direcciones,Sobre calle,Ninguna,Dia total,Despejado,No,NO APLICA,15,34,15,51,1,18/11/2022,4
13,Georgia,131522,0,0,1,0,151,HENRY (151),3360,MCDONOUGH,11,Noviembre,19,2022,18,41,ELLIOTT RD,6,Calle Local Municipalidad,Urbano,Local,City or Municipal Highway Agency,0,Sin jurisdiccion especial,14,33.49026944,-84.11865833,Arbol,El primer evento no fue una colision con un vehiculo automotor en transporte,Not an Intersection,No fue interseccion,Sobre el lado de la calle,Ninguna,Oscuro sin iluminacion,Despejado,No,NO APLICA,19,11,19,33,1,19/11/2022,3
13,Georgia,131523,1,1,1,0,195,MADISON (195),1290,COMER,11,Noviembre,19,2022,19,5,SR-172,3,Highway estatal,Rural,Colector Mayor,State Highway Agency,0,Sin jurisdiccion especial,43,34.09389722,-83.14410556,Peaton,El primer evento no fue una colision con un vehiculo automotor en transporte,T-Intersection,Interseccion de T,Sobre calle,Ninguna,Oscuro sin iluminacion,Despejado,No,NO APLICA,19,11,19,19,1,19/11/2022,1
13,Georgia,131524,0,0,1,0,199,MERIWETHER (199),0,NO APLICA,11,Noviembre,20,2022,3,55,I-85,1,Interestatal,Rural,Interestatal,State Highway Agency,1,Sin jurisdiccion especial,297,33.17718056,-84.86088056,Soporte de Puente,El primer evento no fue una colision con un vehiculo automotor en transporte,Not an Intersection,No fue interseccion,En el medio,Ninguna,Oscuro sin iluminacion,Despejado,No,NO APLICA,3,54,4,10,1,20/11/2022,1
13,Georgia,131525,1,1,1,0,285,TROUP (285),0,NO APLICA,11,Noviembre,20,2022,23,15,I-85,1,Interestatal,Rural,Interestatal,State Highway Agency,1,Sin jurisdiccion especial,297,33.12943056,-84.89292778,Peaton,El primer evento no fue una colision con un vehiculo automotor en transporte,Not an Intersection,No fue interseccion,Sobre calle,Ninguna,Oscuro sin iluminacion,Despejado,No,NO APLICA,23,17,23,38,1,20/11/2022,1
13,Georgia,131526,0,0,1,0,89,DEKALB (89),0,NO APLICA,11,Noviembre,22,2022,21,46,CR-518900,4,Calle del Condado,Urbano,Arteria Menor,County Highway Agency,0,Sin jurisdiccion especial,2,33.77433333,-84.07973056,Volcadura,El primer evento no fue una colision con un vehiculo automotor en transporte,Not an Intersection,No fue interseccion,Sobre el lado de la calle,Ninguna,Oscuro con iluminacion,Despejado,No,NO APLICA,21,49,22,0,1,22/11/2022,1
13,Georgia,131527,1,1,1,0,255,SPALDING (255),2510,GRIFFIN,11,Noviembre,23,2022,6,12,SR-3,3,Highway estatal,Urbano,Arteria Principal,State Highway Agency,1,Sin jurisdiccion especial,66,33.28012778,-84.291775,Peaton,El primer evento no fue una colision con un vehiculo automotor en transporte,Not an Intersection,No fue interseccion,Sobre calle,Ninguna,Oscuro sin iluminacion,Despejado,No,NO APLICA,6,13,6,20,1,23/11/2022,1
13,Georgia,131528,0,0,1,0,57,CHEROKEE (57),0,NO APLICA,11,Noviembre,23,2022,14,18,SR-108,3,Highway estatal,Rural,Colector Mayor,State Highway Agency,0,Sin jurisdiccion especial,18,34.24501667,-84.61080278,Buzon de correo,El primer evento no fue una colision con un vehiculo automotor en transporte,Not an Intersection,No fue interseccion,Sobre el lado de la calle,Ninguna,Dia total,Despejado,No,NO APLICA,14,19,14,23,2,23/11/2022,2
13,Georgia,131529,0,0,2,0,21,BIBB (21),3390,MACON,11,Noviembre,24,2022,4,8,I-75,1,Interestatal,Urbano,Interestatal,State Highway Agency,1,Sin jurisdiccion especial,199,32.92478611,-83.72309444,Vehiculo en movimiento,Frente a frente,Not an Intersection,No fue interseccion,Sobre calle,Ninguna,Oscuro sin iluminacion,Despejado,No,NO APLICA,4,20,4,40,3,24/11/2022,4
13,Georgia,131530,0,0,2,0,57,CHEROKEE (57),920,CANTON,11,Noviembre,24,2022,11,10,SR-20,3,Highway estatal,Rural,Arteria Principal,State Highway Agency,1,Sin jurisdiccion especial,49,34.21687222,-84.58176111,Vehiculo en movimiento,Frente a frente,Not an Intersection,No fue interseccion,Sobre calle,Ninguna,Dia total,Despejado,No,NO APLICA,11,10,11,18,2,24/11/2022,5
13,Georgia,131531,1,1,1,0,89,DEKALB (89),4235,PANTHERSVILLE,11,Noviembre,24,2022,18,43,I-20 E,1,Interestatal,Urbano,Interestatal,State Highway Agency,1,Sin jurisdiccion especial,72,33.71553056,-84.24858611,Peaton,El primer evento no fue una colision con un vehiculo automotor en transporte,Not an Intersection,No fue interseccion,Sobre calle,Ninguna,Oscuro con iluminacion,Despejado,No,NO APLICA,99,99,99,99,1,24/11/2022,2
13,Georgia,131532,1,1,2,0,121,FULTON (121),280,ATLANTA,11,Noviembre,24,2022,21,42,CS-DONALD LEE HOLLOWELL,5,Calle Local - Pueblo,Urbano,Arteria Principal,City or Municipal Highway Agency,1,Sin jurisdiccion especial,28,33.77571667,-84.46820556,Peaton,El primer evento no fue una colision con un vehiculo automotor en transporte,Not an Intersection,No fue interseccion,Sobre calle,Ninguna,Oscuro con iluminacion,Nublado,No,NO APLICA,21,44,21,46,1,24/11/2022,2
13,Georgia,131533,0,0,1,0,21,BIBB (21),3390,MACON,11,Noviembre,27,2022,0,0,SR-74 THOMASTON RD EAST,3,Highway estatal,Urbano,Arteria Menor,State Highway Agency,0,Sin jurisdiccion especial,73,32.84047222,-83.75106667,Zanja,El primer evento no fue una colision con un vehiculo automotor en transporte,Not an Intersection,No fue interseccion,Sobre el lado de la calle,Ninguna,Oscuro sin iluminacion,lluvia,No,NO APLICA,99,98,99,98,1,27/11/2022,1
13,Georgia,131534,0,0,2,0,95,DOUGHERTY (95),90,ALBANY,11,Noviembre,27,2022,13,11,CS-LIBERTY EXPY,5,Calle Local - Pueblo,Urbano,Arteria Principal,City or Municipal Highway Agency,1,Sin jurisdiccion especial,59,31.52930833,-84.11571111,Vehiculo en movimiento,Frente a Detrás,Four-Way Intersection,Interseccion de 4 direcciones,Sobre calle,Ninguna,Dia total,Despejado,No,NO APLICA,13,12,13,19,1,27/11/2022,2
13,Georgia,131535,0,0,2,0,89,DEKALB (89),4573,REDAN,11,Noviembre,28,2022,5,55,SR-12 COVINGTON HWY,3,Highway estatal,Urbano,Arteria Menor,State Highway Agency,0,Sin jurisdiccion especial,47,33.73261944,-84.20205556,Vehiculo en movimiento,Angulo,Not an Intersection,No fue interseccion,Sobre calle,Ninguna,Oscuro con iluminacion,Despejado,No,NO APLICA,6,0,6,10,1,28/11/2022,2
13,Georgia,131537,0,0,1,0,169,JONES (169),9997,Other,11,Noviembre,22,2022,16,2,SR-57,3,Highway estatal,Urbano,Arteria Principal,State Highway Agency,1,Sin jurisdiccion especial,13,32.85424167,-83.51069722,Volcadura,El primer evento no fue una colision con un vehiculo automotor en transporte,Not an Intersection,No fue interseccion,Sobre el lado de la calle,Ninguna,Dia total,Nublado,No,NO APLICA,16,6,16,11,1,22/11/2022,1
13,Georgia,131538,0,0,2,0,123,GILMER (123),0,NO APLICA,11,Noviembre,23,2022,16,29,SR-5,3,Highway estatal,Rural,Arteria Principal,State Highway Agency,1,Sin jurisdiccion especial,68,34.64209722,-84.49734167,Vehiculo en movimiento,Angulo,T-Intersection,Interseccion de T,Sobre calle,Ninguna,Dia total,Despejado,No,NO APLICA,16,29,16,31,1,23/11/2022,3
13,Georgia,131539,0,0,4,0,35,BUTTS (35),0,NO APLICA,11,Noviembre,23,2022,16,10,SR-16,3,Highway estatal,Rural,Arteria Menor,State Highway Agency,0,Sin jurisdiccion especial,31,33.26694444,-84.06340833,Vehiculo en movimiento,Frente a Detrás,Not an Intersection,No fue interseccion,Sobre calle,Ninguna,Dia total,Despejado,No,NO APLICA,16,16,16,24,1,23/11/2022,5
13,Georgia,131540,0,0,2,0,151,HENRY (151),5210,STOCKBRIDGE,11,Noviembre,25,2022,9,29,SR-138,3,Highway estatal,Urbano,Arteria Principal,State Highway Agency,1,Sin jurisdiccion especial,98,33.58126389,-84.16131667,Vehiculo en movimiento,Frente a frente,Not an Intersection,No fue interseccion,Sobre calle,Ninguna,Dia total,lluvia,No,NO APLICA,9,45,10,25,1,25/11/2022,7
13,Georgia,131541,0,0,1,0,131,GRADY (131),850,CAIRO,11,Noviembre,25,2022,13,32,BOB WHITE LN,5,Calle Local - Pueblo,Rural,Local,Town or Township Highway Agency,0,Sin jurisdiccion especial,0,30.83317778,-84.14442222,Otra no colicion,El primer evento no fue una colision con un vehiculo automotor en transporte,Not an Intersection,No fue interseccion,Sobre calle,Ninguna,Dia total,Nublado,No,NO APLICA,13,34,13,36,1,25/11/2022,2
13,Georgia,131542,1,1,1,0,67,COBB (67),20,ACWORTH,11,Noviembre,26,2022,19,42,SR-3,3,Highway estatal,Urbano,Arteria Principal,State Highway Agency,1,Sin jurisdiccion especial,206,34.056075,-84.71039722,Ciclista,El primer evento no fue una colision con un vehiculo automotor en transporte,Not an Intersection,No fue interseccion,Sobre calle,Ninguna,Oscuro sin iluminacion,Nublado,No,NO APLICA,19,42,19,50,1,26/11/2022,1
13,Georgia,131543,0,0,2,0,115,FLOYD (115),3190,LINDALE,11,Noviembre,27,2022,18,7,SR-101,3,Highway estatal,Rural,Arteria Menor,State Highway Agency,0,Sin jurisdiccion especial,30,34.13218056,-85.14054722,Vehiculo en movimiento,Frente a frente,Not an Intersection,No fue interseccion,Sobre calle,Ninguna,Oscuro con iluminacion,Despejado,No,NO APLICA,18,9,18,15,1,27/11/2022,5
13,Georgia,131544,0,0,2,0,289,TWIGGS (289),1550,DANVILLE,11,Noviembre,28,2022,6,0,SR-358,3,Highway estatal,Rural,Arteria Menor,State Highway Agency,0,Sin jurisdiccion especial,36,32.59743333,-83.31530556,Vehiculo en movimiento,Angulo,Y-Intersection,Interseccion de Y,Sobre calle,Ninguna,Oscuro sin iluminacion,Despejado,No,NO APLICA,6,35,6,50,1,28/11/2022,3
13,Georgia,131545,0,0,2,0,143,HARALSON (143),5370,TALLAPOOSA,11,Noviembre,28,2022,10,55,J DAVIS RD,5,Calle Local - Pueblo,Rural,Local,Town or Township Highway Agency,0,Sin jurisdiccion especial,1,33.73590278,-85.32584167,Vehiculo en movimiento,Angulo,Not an Intersection,No fue interseccion,Sobre calle,Ninguna,Dia total,Despejado,No,726718A,11,30,11,53,1,28/11/2022,5
13,Georgia,131546,1,1,1,0,3,ATKINSON (3),4280,PEARSON,11,Noviembre,28,2022,20,54,SR-89,3,Highway estatal,Rural,Arteria Principal,State Highway Agency,1,Sin jurisdiccion especial,58,31.26708056,-82.86106944,Peaton,El primer evento no fue una colision con un vehiculo automotor en transporte,Not an Intersection,No fue interseccion,Sobre calle,Ninguna,Oscuro sin iluminacion,Despejado,No,NO APLICA,20,58,20,58,1,28/11/2022,1
13,Georgia,131547,0,0,1,0,107,EMANUEL (107),5310,SWAINSBORO,11,Noviembre,30,2022,6,24,SR-56,3,Highway estatal,Rural,Colector Mayor,State Highway Agency,0,Sin jurisdiccion especial,55,32.52701667,-82.39152778,Arbol,El primer evento no fue una colision con un vehiculo automotor en transporte,Not an Intersection,No fue interseccion,Sobre el lado de la calle,Ninguna,Oscuro sin iluminacion,Despejado,No,NO APLICA,6,24,6,36,1,30/11/2022,1
13,Georgia,131548,0,0,3,0,39,CAMDEN (39),3010,KINGSLAND,11,Noviembre,27,2022,15,55,SR-40,3,Highway estatal,Urbano,Arteria Principal,State Highway Agency,1,Sin jurisdiccion especial,162,30.78675833,-81.646475,Vehiculo en movimiento,Angulo,Four-Way Intersection,Interseccion de 4 direcciones,Sobre calle,Ninguna,Dia total,Despejado,No,NO APLICA,15,55,16,0,1,27/11/2022,3