Estado,Nombre de Estado,Numero de Caso,Peatones,Personas _no_vehiculos,Vehiculos automotores,Vehiculos estacionados,Condado,Nombre Condado,Ciudad,Nombre Ciudad,Mes,Nombre Mes,Dia,Año,Hora,Minuto,Calle,Ruta,Nombre Ruta,Rural o Urbanoo,Sistema Funcional,Dueño Calle,Sistema Nacional Carreteras,Jurisdiccion Especial,Milla,Latitud,Longitud,Causa del Accidente,Tipo de Accidente,Tipo Interseccion,Columna1,Lugar en la calle,Zona de Trabajo,Luz,Clima,Autobus Escolar,Cruce de Trenes,Hora Notificacion,Minuto Notificacion,Hora Llegada,Minuto Llegada,Decesos,Fecha,PersonaVehiculo
13,Georgia,131549,0,0,1,0,9,BALDWIN (9),3620,MILLEDGEVILLE,11,Noviembre,27,2022,17,27,DEEPSTEP ROAD,6,Calle Local Municipalidad,Rural,Colector Mayor,City or Municipal Highway Agency,0,Sin jurisdiccion especial,13,33.049025,-83.10249167,Arbol,El primer evento no fue una colision con un vehiculo automotor en transporte,Not an Intersection,No fue interseccion,Sobre el lado de la calle,Ninguna,Dia total,Despejado,No,NO APLICA,17,27,17,30,1,27/11/2022,2
13,Georgia,131550,0,0,2,0,227,PICKENS (227),2910,JASPER,11,Noviembre,28,2022,8,6,SR-5,3,Highway estatal,Urbano,Arteria Principal,State Highway Agency,1,Sin jurisdiccion especial,83,34.47581667,-84.46553611,Vehiculo en movimiento,Angulo,Four-Way Intersection,Interseccion de 4 direcciones,Sobre calle,Ninguna,Dia total,Nublado,No,NO APLICA,8,6,8,11,1,28/11/2022,2
13,Georgia,131551,0,0,2,0,47,CATOOSA (47),2210,FORT OGLETHORPE,11,Noviembre,29,2022,20,40,SR-2,3,Highway estatal,Urbano,Arteria Principal,State Highway Agency,1,Sin jurisdiccion especial,28,34.940775,-85.21836111,Vehiculo en movimiento,Frente a Detrás,Not an Intersection,No fue interseccion,Sobre calle,Ninguna,Oscuro sin iluminacion,lluvia,No,NO APLICA,20,42,20,47,1,29/11/2022,2
13,Georgia,131552,0,0,1,0,81,CRISP (81),1340,CORDELE,11,Noviembre,30,2022,5,5,I-75 N,1,Interestatal,Urbano,Interestatal,State Highway Agency,1,Sin jurisdiccion especial,132,31.99058056,-83.75636944,Barrera de Trafico de Concreto,El primer evento no fue una colision con un vehiculo automotor en transporte,Not an Intersection,No fue interseccion,En el medio,Ninguna,Oscuro sin iluminacion,Nublado,No,NO APLICA,99,99,99,98,1,30/11/2022,1
13,Georgia,131553,0,0,2,0,135,GWINNETT (135),3100,LAWRENCEVILLE,12,Diciembre,1,2022,21,56,SR-124 SCENIC HIGHWAY,3,Highway estatal,Urbano,Arteria Principal,State Highway Agency,1,Sin jurisdiccion especial,104,33.90668333,-84.0035,Vehiculo en movimiento,Angulo,Four-Way Intersection,Interseccion de 4 direcciones,Sobre calle,Ninguna,Oscuro sin iluminacion,Despejado,No,NO APLICA,99,99,99,99,1,01/12/2022,3
13,Georgia,131554,0,0,3,0,115,FLOYD (115),4760,ROME,12,Diciembre,2,2022,17,58,SR-1,3,Highway estatal,Urbano,Arteria Principal,State Highway Agency,1,Sin jurisdiccion especial,139,34.26619722,-85.17989722,Vehiculo en movimiento,Frente a frente,Y-Intersection,Interseccion de Y,Sobre calle,Ninguna,Oscuro con iluminacion,Despejado,No,NO APLICA,17,58,18,1,1,02/12/2022,3
13,Georgia,131555,0,0,2,0,89,DEKALB (89),1815,DUNWOODY,12,Diciembre,3,2022,2,12,I-285,1,Interestatal,Urbano,Interestatal,State Highway Agency,1,Sin jurisdiccion especial,30,33.91970833,-84.29578333,Vehiculo en movimiento,Frente a frente,Not an Intersection,No fue interseccion,Sobre calle,Ninguna,Oscuro sin iluminacion,Despejado,No,NO APLICA,2,15,2,20,1,03/12/2022,2
13,Georgia,131556,0,0,2,0,9,BALDWIN (9),3620,MILLEDGEVILLE,11,Noviembre,15,2022,7,0,SR-212,3,Highway estatal,Rural,Colector Mayor,State Highway Agency,0,Sin jurisdiccion especial,30,33.15990556,-83.36546111,Vehiculo en movimiento,Frente a frente,Not an Intersection,No fue interseccion,Sobre calle,Ninguna,Dia total,lluvia,No,NO APLICA,7,18,7,33,1,15/11/2022,3
13,Georgia,131557,0,0,1,0,139,HALL (139),2285,GAINESVILLE,11,Noviembre,30,2022,2,7,SR-211,3,Highway estatal,Urbano,Colector Mayor,State Highway Agency,0,Sin jurisdiccion especial,62,34.17009722,-83.78570833,Acotamiento,El primer evento no fue una colision con un vehiculo automotor en transporte,Not an Intersection,No fue interseccion,Sobre el lado de la calle,Ninguna,Oscuro sin iluminacion,lluvia,No,NO APLICA,2,5,2,14,1,30/11/2022,2
13,Georgia,131558,0,0,2,0,27,BROOKS (27),4530,QUITMAN,12,Diciembre,1,2022,15,52,NANKIN ROAD,5,Calle Local - Pueblo,Rural,Colector Mayor,Town or Township Highway Agency,0,Sin jurisdiccion especial,29,30.67036944,-83.42268333,Vehiculo en movimiento,Angulo,Not an Intersection,No fue interseccion,Sobre calle,Ninguna,Dia total,Despejado,No,NO APLICA,15,47,16,13,1,01/12/2022,2
13,Georgia,131559,0,0,1,0,129,GORDON (129),860,CALHOUN,12,Diciembre,2,2022,12,3,HALL MEMORIAL ROAD NW,6,Calle Local Municipalidad,Urbano,Colector Mayor,City or Municipal Highway Agency,0,Sin jurisdiccion especial,5,34.54117778,-84.974125,Volcadura,El primer evento no fue una colision con un vehiculo automotor en transporte,Not an Intersection,No fue interseccion,Sobre el lado de la calle,Ninguna,Dia total,Nublado,No,NO APLICA,12,3,12,11,1,02/12/2022,1
13,Georgia,131560,0,0,3,0,89,DEKALB (89),0,NO APLICA,12,Diciembre,4,2022,16,20,I-285,1,Interestatal,Urbano,Interestatal,State Highway Agency,1,Sin jurisdiccion especial,194,33.70869444,-84.24683611,Vehiculo en movimiento,Frente a Detrás,Not an Intersection,No fue interseccion,Sobre calle,Ninguna,Dia total,Nublado,No,NO APLICA,16,25,16,30,1,04/12/2022,5
13,Georgia,131561,0,0,1,0,143,HARALSON (143),690,BREMEN,12,Diciembre,5,2022,7,50,BUNCOMBE WACO RD,6,Calle Local Municipalidad,Rural,Local,City or Municipal Highway Agency,0,Sin jurisdiccion especial,0,33.68661389,-85.18823611,Poste de Señal de trafico,El primer evento no fue una colision con un vehiculo automotor en transporte,Not an Intersection,No fue interseccion,Sobre el lado de la calle,Construccion,Dia total,lluvia,No,NO APLICA,7,58,8,6,1,05/12/2022,1
13,Georgia,131562,1,1,1,0,89,DEKALB (89),280,ATLANTA,12,Diciembre,5,2022,20,4,SR-42 MORELAND AVE,3,Highway estatal,Urbano,Arteria Principal,State Highway Agency,1,Sin jurisdiccion especial,11,33.705,-84.34943889,Peaton,El primer evento no fue una colision con un vehiculo automotor en transporte,Not an Intersection,No fue interseccion,Sobre calle,Ninguna,Oscuro sin iluminacion,lluvia,No,NO APLICA,99,98,99,98,1,05/12/2022,1
13,Georgia,131563,0,0,3,0,63,CLAYTON (63),4690,RIVERDALE,11,Noviembre,5,2022,12,12,SR-139 RIVERDALE RD,3,Highway estatal,Urbano,Arteria Menor,State Highway Agency,0,Sin jurisdiccion especial,19,33.59360278,-84.42903889,Vehiculo en movimiento,Frente a frente,Not an Intersection,No fue interseccion,Sobre calle,Ninguna,Dia total,Despejado,No,NO APLICA,99,99,99,99,1,05/11/2022,6
13,Georgia,131564,0,0,1,0,67,COBB (67),20,ACWORTH,11,Noviembre,18,2022,99,99,POPLAR SPRINGS ROAD,6,Calle Local Municipalidad,Urbano,Local,City or Municipal Highway Agency,0,Sin jurisdiccion especial,20,33.92743611,-84.71874444,Poste o otros soportes,El primer evento no fue una colision con un vehiculo automotor en transporte,Not an Intersection,No fue interseccion,Sobre el lado de la calle,Ninguna,Oscuro sin iluminacion,Despejado,No,NO APLICA,99,99,99,98,1,18/11/2022,1
13,Georgia,131565,0,0,2,0,139,HALL (139),2285,GAINESVILLE,12,Diciembre,3,2022,7,44,SR-369,3,Highway estatal,Urbano,Arteria Menor,State Highway Agency,0,Sin jurisdiccion especial,23,34.27328889,-83.91633056,Vehiculo en movimiento,Frente a frente,Not an Intersection,No fue interseccion,Sobre calle,Ninguna,Dia total,lluvia,No,NO APLICA,7,53,8,4,1,03/12/2022,3
13,Georgia,131566,0,0,1,0,87,DECATUR (87),700,BRINSON,12,Diciembre,3,2022,13,23,SR-253,3,Highway estatal,Rural,Arteria Menor,State Highway Agency,0,Sin jurisdiccion especial,10,30.86859722,-84.75248333,Acotamiento,El primer evento no fue una colision con un vehiculo automotor en transporte,Not an Intersection,No fue interseccion,Sobre el lado de la calle,Ninguna,Dia total,Despejado,No,NO APLICA,13,28,13,40,1,03/12/2022,1
13,Georgia,131567,0,0,1,0,297,WALTON (297),3710,MONROE,12,Diciembre,3,2022,20,0,AMMONS BRIDGE ROAD,5,Calle Local - Pueblo,Rural,Colector Mayor,Town or Township Highway Agency,0,Sin jurisdiccion especial,13,33.76378889,-83.75682222,Valla Ferrocarril,El primer evento no fue una colision con un vehiculo automotor en transporte,Not an Intersection,No fue interseccion,Sobre el lado de la calle,Ninguna,Oscuro sin iluminacion,Neblina o Humo,No,NO APLICA,20,14,20,19,1,03/12/2022,1
13,Georgia,131568,0,0,2,0,63,CLAYTON (63),3260,LOVEJOY,12,Diciembre,4,2022,10,42,CARL PARKER RD,6,Calle Local Municipalidad,Urbano,Local,City or Municipal Highway Agency,0,Sin jurisdiccion especial,8,33.43578333,-84.29470833,Vehiculo en movimiento,Frente a frente,T-Intersection,Interseccion de T,Sobre calle,Ninguna,Dia total,Nublado,No,NO APLICA,99,98,99,98,1,04/12/2022,2
13,Georgia,131569,0,0,1,0,73,COLUMBIA (73),2045,EVANS,12,Diciembre,6,2022,1,11,WILLIAM FEW PKWY,6,Calle Local Municipalidad,Urbano,Local,County Highway Agency,0,Sin jurisdiccion especial,9,33.56162222,-82.19444167,Hidrante,El primer evento no fue una colision con un vehiculo automotor en transporte,Not an Intersection,No fue interseccion,Sobre el lado de la calle,Mantenimiento,Oscuro sin iluminacion,lluvia,No,NO APLICA,1,27,1,36,1,06/12/2022,1
13,Georgia,131570,0,0,2,0,185,LOWNDES (185),5680,VALDOSTA,11,Noviembre,18,2022,19,40,SR-94,3,Highway estatal,Rural,Colector Mayor,State Highway Agency,0,Sin jurisdiccion especial,40,30.78744167,-83.17190833,Vehiculo en movimiento,Angulo,Not an Intersection,No fue interseccion,Sobre calle,Ninguna,Oscuro sin iluminacion,Despejado,No,NO APLICA,19,41,19,50,1,18/11/2022,4
13,Georgia,131572,0,0,2,0,121,FULTON (121),280,ATLANTA,11,Noviembre,24,2022,20,41,BUFFINGTON RD,6,Calle Local Municipalidad,Urbano,Arteria Menor,City or Municipal Highway Agency,0,Sin jurisdiccion especial,12,33.60438611,-84.49993611,Vehiculo en movimiento,Angulo,Four-Way Intersection,Interseccion de 4 direcciones,Sobre calle,Ninguna,Oscuro sin iluminacion,Despejado,No,NO APLICA,99,99,99,99,1,24/11/2022,2
13,Georgia,131573,0,0,2,0,285,TROUP (285),3050,LA GRANGE,11,Noviembre,27,2022,6,40,SR-219,3,Highway estatal,Urbano,Arteria Menor,State Highway Agency,0,Sin jurisdiccion especial,93,32.99983333,-85.02940278,Vehiculo en movimiento,Frente a Detrás,Not an Intersection,No fue interseccion,Sobre calle,Ninguna,Oscuro sin iluminacion,Nublado,No,NO APLICA,6,47,6,49,1,27/11/2022,3
13,Georgia,131574,0,0,2,0,67,COBB (67),20,ACWORTH,11,Noviembre,27,2022,7,27,DUE W RD,6,Calle Local Municipalidad,Urbano,Colector Mayor,City or Municipal Highway Agency,0,Sin jurisdiccion especial,43,33.96612778,-84.67056944,Vehiculo en movimiento,Angulo,Not an Intersection,No fue interseccion,Sobre calle,Ninguna,Dia total,Nublado,No,NO APLICA,99,99,99,99,1,27/11/2022,3
13,Georgia,131575,0,0,3,0,215,MUSCOGEE (215),1280,COLUMBUS,12,Diciembre,2,2022,22,7,SR-22,3,Highway estatal,Urbano,Arterial Principal -Freeway o ExpressWay,State Highway Agency,1,Sin jurisdiccion especial,2,32.55206111,-84.93498611,Vehiculo en movimiento,Frente a Detrás,Not an Intersection,No fue interseccion,Sobre calle,Ninguna,Oscuro sin iluminacion,Despejado,No,NO APLICA,99,99,99,99,1,02/12/2022,3
13,Georgia,131576,0,0,1,0,121,FULTON (121),280,ATLANTA,12,Diciembre,3,2022,3,3,SR-154 CAMPBELLTON RD SW WEST,3,Highway estatal,Urbano,Arteria Principal,State Highway Agency,1,Sin jurisdiccion especial,64,33.69543056,-84.53680278,Volcadura,El primer evento no fue una colision con un vehiculo automotor en transporte,Not an Intersection,No fue interseccion,Sobre calle,Ninguna,Oscuro con iluminacion,Despejado,No,NO APLICA,99,99,99,99,2,03/12/2022,6
13,Georgia,131577,0,0,1,0,245,RICHMOND (245),310,AUGUSTA,12,Diciembre,4,2022,14,18,CR-3799,4,Calle del Condado,Urbano,Arteria Menor,County Highway Agency,0,Sin jurisdiccion especial,4,33.48407222,-81.98543333,Volcadura,El primer evento no fue una colision con un vehiculo automotor en transporte,Not an Intersection,No fue interseccion,Sobre el lado de la calle,Ninguna,Dia total,Despejado,No,NO APLICA,99,99,99,99,1,04/12/2022,1
13,Georgia,131578,0,0,1,0,115,FLOYD (115),4760,ROME,12,Diciembre,4,2022,22,52,CALHOUN RD,6,Calle Local Municipalidad,Rural,Arteria Menor,City or Municipal Highway Agency,0,Sin jurisdiccion especial,26,34.30280278,-85.10699444,Barda,El primer evento no fue una colision con un vehiculo automotor en transporte,Not an Intersection,No fue interseccion,Sobre el lado de la calle,Ninguna,Oscuro sin iluminacion,Despejado,No,NO APLICA,7,59,8,8,1,04/12/2022,1
13,Georgia,131579,0,0,1,0,77,COWETA (77),3950,NEWNAN,12,Diciembre,5,2022,10,30,SR-16,3,Highway estatal,Rural,Arteria Menor,State Highway Agency,0,Sin jurisdiccion especial,4,33.46925833,-84.89639444,Arbol,El primer evento no fue una colision con un vehiculo automotor en transporte,Not an Intersection,No fue interseccion,Sobre el lado de la calle,Ninguna,Dia total,lluvia,No,NO APLICA,10,35,10,53,1,05/12/2022,1
13,Georgia,131580,0,0,2,0,9,BALDWIN (9),2585,HARDWICK,12,Diciembre,6,2022,15,40,SOUTH MAIN STREET,5,Calle Local - Pueblo,Urbano,Local,Town or Township Highway Agency,0,Sin jurisdiccion especial,5,33.05309167,-83.23584722,Vehiculo en movimiento,Angulo,Four-Way Intersection,Interseccion de 4 direcciones,Sobre calle,Ninguna,Dia total,Despejado,No,NO APLICA,16,47,17,11,1,06/12/2022,2
13,Georgia,131581,0,0,2,0,85,DAWSON (85),1590,DAWSONVILLE,12,Diciembre,6,2022,16,13,SR-53,3,Highway estatal,Rural,Arteria Principal,State Highway Agency,1,Sin jurisdiccion especial,179,34.33583333,-84.02112222,Vehiculo en movimiento,Frente a frente,Not an Intersection,No fue interseccion,Sobre calle,Ninguna,Dia total,Nublado,No,NO APLICA,16,12,16,16,1,06/12/2022,3
13,Georgia,131582,1,1,1,0,89,DEKALB (89),4573,REDAN,12,Diciembre,7,2022,22,22,SR-12 COVINGTON HWY,3,Highway estatal,Urbano,Arteria Menor,State Highway Agency,0,Sin jurisdiccion especial,80,33.7174,-84.14575278,Peaton,El primer evento no fue una colision con un vehiculo automotor en transporte,Four-Way Intersection,Interseccion de 4 direcciones,Sobre calle,Ninguna,Oscuro sin iluminacion,Despejado,No,NO APLICA,99,99,99,98,1,07/12/2022,1
13,Georgia,131583,0,0,3,0,121,FULTON (121),280,ATLANTA,10,Octubre,30,2022,23,3,SR-279 OLD NATIONAL HIGHWAY,3,Highway estatal,Urbano,Arteria Menor,State Highway Agency,0,Sin jurisdiccion especial,39,33.60485278,-84.47190278,Vehiculo en movimiento,Angulo,Not an Intersection,No fue interseccion,Sobre calle,Ninguna,Oscuro sin iluminacion,lluvia,No,NO APLICA,99,99,99,99,1,30/10/2022,3
13,Georgia,131584,0,0,1,0,121,FULTON (121),9997,Other,11,Noviembre,2,2022,13,53,CR-059300/OLD BILL COOK RD,4,Calle del Condado,Urbano,Colector Menor,County Highway Agency,0,Sin jurisdiccion especial,11,33.60208889,-84.48586944,Edificio,El primer evento no fue una colision con un vehiculo automotor en transporte,Not an Intersection,No fue interseccion,Sobre el lado de la calle,Ninguna,Dia total,Despejado,No,NO APLICA,13,53,13,58,1,02/11/2022,1
13,Georgia,131585,1,1,1,0,121,FULTON (121),280,ATLANTA,11,Noviembre,16,2022,23,0,SR-280 JAMES JACKSON PKWY NW,3,Highway estatal,Urbano,Arteria Menor,State Highway Agency,0,Sin jurisdiccion especial,36,33.80203611,-84.47569444,Peaton,El primer evento no fue una colision con un vehiculo automotor en transporte,Four-Way Intersection,Interseccion de 4 direcciones,Sobre calle,Ninguna,Oscuro sin iluminacion,Despejado,No,NO APLICA,23,0,23,40,1,16/11/2022,1
13,Georgia,131586,1,1,1,0,299,WARE (299),5850,WAYCROSS,11,Noviembre,30,2022,18,59,SR-520,3,Highway estatal,Urbano,Arteria Principal,State Highway Agency,1,Sin jurisdiccion especial,193,31.2065,-82.35575556,Peaton,El primer evento no fue una colision con un vehiculo automotor en transporte,Not an Intersection,No fue interseccion,Sobre Acotamiento,Ninguna,Oscuro con iluminacion,Nublado,No,NO APLICA,18,58,19,0,1,30/11/2022,1
13,Georgia,131587,1,1,1,0,233,POLK (233),4730,ROCKMART,12,Diciembre,10,2022,18,5,BELLVIEW ROAD,5,Calle Local - Pueblo,Urbano,Colector Menor,Town or Township Highway Agency,0,Sin jurisdiccion especial,32,34.02383611,-85.10140278,Peaton,El primer evento no fue una colision con un vehiculo automotor en transporte,Not an Intersection,No fue interseccion,Sobre calle,Ninguna,Oscuro sin iluminacion,Despejado,No,NO APLICA,18,8,18,16,1,10/12/2022,1
13,Georgia,131588,0,0,1,0,297,WALTON (297),5090,SOCIAL CIRCLE,12,Diciembre,4,2022,1,59,SOCIAL CIRCLE FAIRPLAY ROAD,6,Calle Local Municipalidad,Rural,Colector Menor,City or Municipal Highway Agency,0,Sin jurisdiccion especial,0,33.68098889,-83.70124167,Culvert,El primer evento no fue una colision con un vehiculo automotor en transporte,Not an Intersection,No fue interseccion,Sobre el lado de la calle,Ninguna,Oscuro sin iluminacion,Despejado,No,NO APLICA,2,1,2,20,1,04/12/2022,1
13,Georgia,131589,1,1,1,0,67,COBB (67),3440,MARIETTA,12,Diciembre,5,2022,18,46,SR-5 AUSTELL RD,3,Highway estatal,Urbano,Arteria Menor,State Highway Agency,0,Sin jurisdiccion especial,87,33.90321944,-84.56698333,Peaton,El primer evento no fue una colision con un vehiculo automotor en transporte,Not an Intersection,No fue interseccion,Sobre calle,Ninguna,Oscuro sin iluminacion,lluvia,No,NO APLICA,18,48,18,59,1,05/12/2022,2
13,Georgia,131590,0,0,1,0,109,EVANS (109),2530,HAGAN,12,Diciembre,5,2022,18,47,SR-129,3,Highway estatal,Rural,Colector Mayor,State Highway Agency,0,Sin jurisdiccion especial,90,32.18181111,-81.93803889,Volcadura,El primer evento no fue una colision con un vehiculo automotor en transporte,Not an Intersection,No fue interseccion,Sobre el lado de la calle,Ninguna,Oscuro sin iluminacion,Nublado,No,NO APLICA,18,51,18,56,1,05/12/2022,2
13,Georgia,131591,0,0,1,0,31,BULLOCH (31),4460,PORTAL,12,Diciembre,7,2022,20,30,CR-71 POPLAR SPRINGS CHURCH RO,4,Calle del Condado,Rural,Local,County Highway Agency,0,Sin jurisdiccion especial,29,32.577375,-81.98883333,Volcadura,El primer evento no fue una colision con un vehiculo automotor en transporte,Not an Intersection,No fue interseccion,Sobre calle,Ninguna,Oscuro sin iluminacion,Despejado,No,NO APLICA,20,35,99,99,1,07/12/2022,2
13,Georgia,131592,0,0,2,0,289,TWIGGS (289),1550,DANVILLE,12,Diciembre,7,2022,20,40,I-16,1,Interestatal,Rural,Interestatal,State Highway Agency,1,Sin jurisdiccion especial,187,32.595625,-83.30751389,Vehiculo en movimiento,Frente a Detrás,Not an Intersection,No fue interseccion,Sobre calle,Ninguna,Oscuro sin iluminacion,Nublado,No,NO APLICA,20,40,20,55,1,07/12/2022,3
13,Georgia,131593,0,0,2,0,151,HENRY (151),3360,MCDONOUGH,12,Diciembre,7,2022,22,51,WESTRIDGE PARKWAY,6,Calle Local Municipalidad,Urbano,Local,City or Municipal Highway Agency,0,Sin jurisdiccion especial,6,33.40505833,-84.18394167,Arbol,El primer evento no fue una colision con un vehiculo automotor en transporte,Not an Intersection,No fue interseccion,Sobre el lado de la calle,Ninguna,Oscuro con iluminacion,Despejado,No,NO APLICA,99,99,99,99,1,07/12/2022,2
13,Georgia,131594,0,0,1,0,63,CLAYTON (63),2180,FOREST PARK,12,Diciembre,8,2022,2,13,I-285 EAST,1,Interestatal,Urbano,Interestatal,State Highway Agency,1,Sin jurisdiccion especial,7,33.63884722,-84.37784722,Otra no colicion,El primer evento no fue una colision con un vehiculo automotor en transporte,Not an Intersection,No fue interseccion,Sobre Acotamiento,Ninguna,Oscuro sin iluminacion,Neblina o Humo,No,NO APLICA,99,98,99,98,1,08/12/2022,1
13,Georgia,131595,0,0,1,0,279,TOOMBS (279),5700,VIDALIA,12,Diciembre,8,2022,6,42,SR-4,3,Highway estatal,Rural,Arteria Principal,State Highway Agency,1,Sin jurisdiccion especial,122,32.11194722,-82.369625,Volcadura,El primer evento no fue una colision con un vehiculo automotor en transporte,Not an Intersection,No fue interseccion,Sobre el lado de la calle,Construccion,Oscuro sin iluminacion,Despejado,No,NO APLICA,6,49,6,58,1,08/12/2022,1
13,Georgia,131596,1,1,1,0,147,HART (147),2610,HARTWELL,12,Diciembre,10,2022,18,0,SR-8,3,Highway estatal,Rural,Arteria Menor,State Highway Agency,0,Sin jurisdiccion especial,146,34.34707222,-82.89093056,Peaton,El primer evento no fue una colision con un vehiculo automotor en transporte,Not an Intersection,No fue interseccion,Sobre calle,Ninguna,Oscuro sin iluminacion,Nublado,No,NO APLICA,17,57,18,12,1,10/12/2022,2
13,Georgia,131597,1,1,2,0,23,BLECKLEY (23),0,NO APLICA,12,Diciembre,11,2022,18,0,SR-87,3,Highway estatal,Rural,Arteria Menor,State Highway Agency,0,Sin jurisdiccion especial,147,32.49969167,-83.40389167,Peaton,El primer evento no fue una colision con un vehiculo automotor en transporte,Not an Intersection,No fue interseccion,Sobre calle,Ninguna,Oscuro sin iluminacion,Nublado,No,NO APLICA,18,0,18,1,1,11/12/2022,2
13,Georgia,131598,0,0,1,0,251,SCREVEN (251),5330,SYLVANIA,12,Diciembre,11,2022,21,49,CAMERON ROAD,6,Calle Local Municipalidad,Rural,Local,City or Municipal Highway Agency,0,Sin jurisdiccion especial,13,32.66716389,-81.65353889,Arbol,El primer evento no fue una colision con un vehiculo automotor en transporte,Not an Intersection,No fue interseccion,Sobre el lado de la calle,Ninguna,Oscuro sin iluminacion,lluvia,No,NO APLICA,21,45,22,1,1,11/12/2022,1
13,Georgia,131599,0,0,1,0,121,FULTON (121),9997,Other,10,Octubre,30,2022,20,28,CR-048500,4,Calle del Condado,Urbano,Local,County Highway Agency,0,Sin jurisdiccion especial,0,33.69876111,-84.54606111,Poste,El primer evento no fue una colision con un vehiculo automotor en transporte,Not an Intersection,No fue interseccion,Sobre el lado de la calle,Ninguna,Oscuro con iluminacion,lluvia,No,NO APLICA,99,99,99,98,1,30/10/2022,1
13,Georgia,131600,0,0,1,0,187,LUMPKIN (187),1480,DAHLONEGA,12,Diciembre,6,2022,18,6,SR-52,3,Highway estatal,Rural,Colector Mayor,State Highway Agency,1,Sin jurisdiccion especial,9,34.53221111,-84.17421111,Zanja,El primer evento no fue una colision con un vehiculo automotor en transporte,Not an Intersection,No fue interseccion,Sobre el lado de la calle,Ninguna,Oscuro sin iluminacion,Neblina o Humo,No,NO APLICA,18,5,18,24,1,06/12/2022,1
13,Georgia,131601,0,0,2,0,97,DOUGLAS (97),5990,WINSTON,12,Diciembre,7,2022,8,15,SR-5,3,Highway estatal,Rural,Colector Mayor,State Highway Agency,0,Sin jurisdiccion especial,62,33.65314722,-84.82164722,Valla Ferrocarril,El primer evento no fue una colision con un vehiculo automotor en transporte,Not an Intersection,No fue interseccion,Sobre el lado de la calle,Ninguna,Dia total,lluvia,No,NO APLICA,8,13,8,18,1,07/12/2022,4
13,Georgia,131602,0,0,4,0,57,CHEROKEE (57),920,CANTON,12,Diciembre,10,2022,15,59,CS-KNOX BRIDGE HWY,5,Calle Local - Pueblo,Rural,Arteria Menor,City or Municipal Highway Agency,0,Sin jurisdiccion especial,0,34.212525,-84.55528333,Vehiculo en movimiento,Golpe Lateral - direccion contraria,Not an Intersection,No fue interseccion,Sobre calle,Ninguna,Dia total,Nublado,No,NO APLICA,16,0,16,7,2,10/12/2022,5
13,Georgia,131603,0,0,1,0,77,COWETA (77),3950,NEWNAN,12,Diciembre,11,2022,5,9,CS-ROSCOE RD,5,Calle Local - Pueblo,Rural,Arteria Menor,City or Municipal Highway Agency,0,Sin jurisdiccion especial,68,33.49501944,-84.82235,Arbol,El primer evento no fue una colision con un vehiculo automotor en transporte,T-Intersection,Interseccion de T,Sobre el lado de la calle,Ninguna,Oscuro sin iluminacion,Neblina o Humo,No,NO APLICA,5,0,5,4,1,11/12/2022,1
13,Georgia,131604,0,0,2,0,241,RABUN (241),3810,MOUNTAIN CITY,12,Diciembre,9,2022,18,30,SR-15,3,Highway estatal,Rural,Arteria Principal,State Highway Agency,1,Sin jurisdiccion especial,147,34.921875,-83.38585,Vehiculo en movimiento,Frente a frente,Not an Intersection,No fue interseccion,Sobre calle,Ninguna,Oscuro sin iluminacion,Despejado,No,NO APLICA,18,50,18,51,1,09/12/2022,6
13,Georgia,131605,0,0,1,0,309,WHEELER (309),2380,GLENWOOD,12,Diciembre,13,2022,22,5,SR-46,3,Highway estatal,Rural,Colector Mayor,State Highway Agency,0,Sin jurisdiccion especial,47,32.28563056,-82.69946111,Volcadura,El primer evento no fue una colision con un vehiculo automotor en transporte,Not an Intersection,No fue interseccion,Sobre el lado de la calle,Ninguna,Oscuro sin iluminacion,Despejado,No,NO APLICA,22,7,22,19,1,13/12/2022,1
13,Georgia,131606,1,1,1,0,89,DEKALB (89),1610,DECATUR,12,Diciembre,14,2022,6,0,CS-COVINGTON HWY,5,Calle Local - Pueblo,Urbano,Arteria Menor,City or Municipal Highway Agency,0,Sin jurisdiccion especial,27,33.74799167,-84.22369722,Peaton,El primer evento no fue una colision con un vehiculo automotor en transporte,Not an Intersection,No fue interseccion,"Izquierda continua, carril de vuelta",Ninguna,Oscuro con iluminacion,Despejado,No,NO APLICA,6,17,6,20,1,14/12/2022,1
13,Georgia,131607,0,0,1,0,67,COBB (67),20,ACWORTH,12,Diciembre,3,2022,4,58,I-575,1,Interestatal,Urbano,Interestatal,State Highway Agency,1,Sin jurisdiccion especial,235,34.05481111,-84.54599722,Valla Ferrocarril,El primer evento no fue una colision con un vehiculo automotor en transporte,Not an Intersection,No fue interseccion,Sobre el lado de la calle,Ninguna,Oscuro sin iluminacion,Nublado,No,NO APLICA,4,59,5,9,1,03/12/2022,1
13,Georgia,131608,0,0,2,0,117,FORSYTH (117),1440,CUMMING,12,Diciembre,14,2022,15,52,CS-BETHELVIEW RD,5,Calle Local - Pueblo,Urbano,Arteria Menor,City or Municipal Highway Agency,0,Sin jurisdiccion especial,49,34.17274444,-84.18660556,Vehiculo en movimiento,Frente a frente,Four-Way Intersection,Interseccion de 4 direcciones,Sobre calle,Ninguna,Dia total,lluvia,No,NO APLICA,16,1,16,7,1,14/12/2022,3
13,Georgia,131609,1,1,1,0,59,CLARKE (59),270,ATHENS,12,Diciembre,14,2022,18,25,CR-000100/CLEVELAND RD,4,Calle del Condado,Urbano,Colector Menor,County Highway Agency,0,Sin jurisdiccion especial,12,33.95608889,-83.47633333,Peaton,El primer evento no fue una colision con un vehiculo automotor en transporte,Not an Intersection,No fue interseccion,Sobre calle,Ninguna,Oscuro sin iluminacion,lluvia,No,NO APLICA,18,26,18,30,1,14/12/2022,1