Estado,Nombre de Estado,Numero de Caso,Peatones,Personas _no_vehiculos,Vehiculos automotores,Vehiculos estacionados,Condado,Nombre Condado,Ciudad,Nombre Ciudad,Mes,Nombre Mes,Dia,Año,Hora,Minuto,Calle,Ruta,Nombre Ruta,Rural o Urbanoo,Sistema Funcional,Dueño Calle,Sistema Nacional Carreteras,Jurisdiccion Especial,Milla,Latitud,Longitud,Causa del Accidente,Tipo de Accidente,Tipo Interseccion,Columna1,Lugar en la calle,Zona de Trabajo,Luz,Clima,Autobus Escolar,Cruce de Trenes,Hora Notificacion,Minuto Notificacion,Hora Llegada,Minuto Llegada,Decesos,Fecha,PersonaVehiculo
13,Georgia,131610,0,0,2,0,71,COLQUITT (71),0,NO APLICA,12,Diciembre,15,2022,1,43,SR-133,3,Highway estatal,Rural,Arteria Menor,State Highway Agency,0,Sin jurisdiccion especial,254,31.28019167,-83.8841,Vehiculo en movimiento,Angulo,Not an Intersection,No fue interseccion,Sobre calle,Construccion,Oscuro sin iluminacion,lluvia,No,NO APLICA,1,24,1,36,1,15/12/2022,2
13,Georgia,131611,0,0,1,0,89,DEKALB (89),0,NO APLICA,12,Diciembre,15,2022,5,2,I-285,1,Interestatal,Urbano,Interestatal,State Highway Agency,1,Sin jurisdiccion especial,4,33.89641389,-84.26528056,Barrera de Trafico de Concreto,El primer evento no fue una colision con un vehiculo automotor en transporte,Not an Intersection,No fue interseccion,En el medio,Ninguna,Oscuro sin iluminacion,lluvia,No,NO APLICA,5,15,5,24,1,15/12/2022,1
13,Georgia,131612,0,0,2,0,59,CLARKE (59),270,ATHENS,12,Diciembre,14,2022,6,46,SR-10,3,Highway estatal,Urbano,Arteria Principal,State Highway Agency,1,Sin jurisdiccion especial,110,33.94413056,-83.33540278,Vehiculo en movimiento,Angulo,Not an Intersection,No fue interseccion,Sobre calle,Ninguna,Oscuro sin iluminacion,lluvia,No,NO APLICA,6,48,6,55,1,14/12/2022,3
13,Georgia,131613,0,0,2,0,13,BARROW (13),0,NO APLICA,12,Diciembre,13,2022,12,10,SR-211,3,Highway estatal,Rural,Arteria Menor,State Highway Agency,0,Sin jurisdiccion especial,202,34.065675,-83.78371389,Vehiculo en movimiento,Angulo,Not an Intersection,No fue interseccion,Sobre calle,Ninguna,Dia total,Despejado,No,NO APLICA,12,7,12,7,1,13/12/2022,2
13,Georgia,131614,1,1,1,0,35,BUTTS (35),2890,JACKSON,3,Marzo,22,2022,11,20,SR-16,3,Highway estatal,Urbano,Arteria Menor,State Highway Agency,0,Sin jurisdiccion especial,83,33.29253333,-83.98475833,Peaton,El primer evento no fue una colision con un vehiculo automotor en transporte,Four-Way Intersection,Interseccion de 4 direcciones,Sobre calle,Ninguna,Dia total,Despejado,No,NO APLICA,11,22,11,27,1,22/03/2022,1
13,Georgia,131615,0,0,1,0,285,TROUP (285),3050,LA GRANGE,11,Noviembre,29,2022,23,10,I-85 S,1,Interestatal,Urbano,Interestatal,State Highway Agency,1,Sin jurisdiccion especial,154,33.02868889,-84.98035,Arbol,El primer evento no fue una colision con un vehiculo automotor en transporte,Not an Intersection,No fue interseccion,Sobre el lado de la calle,Ninguna,Oscuro sin iluminacion,lluvia,No,NO APLICA,23,25,23,31,1,29/11/2022,2
13,Georgia,131616,1,1,1,0,51,CHATHAM (51),4910,SAVANNAH,12,Diciembre,8,2022,9,10,COLLEEN DR,6,Calle Local Municipalidad,Urbano,Local,City or Municipal Highway Agency,0,Sin jurisdiccion especial,2,31.98550278,-81.14631389,Peaton,El primer evento no fue una colision con un vehiculo automotor en transporte,Not an Intersection,No fue interseccion,Sobre calle,Ninguna,Dia total,Despejado,No,NO APLICA,9,12,9,16,1,08/12/2022,1
13,Georgia,131617,0,0,2,0,191,MCINTOSH (191),0,NO APLICA,12,Diciembre,9,2022,16,32,I-95,1,Interestatal,Rural,Interestatal,State Highway Agency,1,Sin jurisdiccion especial,2,31.34256111,-81.463725,Barrera de Cable,El primer evento no fue una colision con un vehiculo automotor en transporte,Not an Intersection,No fue interseccion,En el medio,Ninguna,Dia total,Despejado,No,NO APLICA,16,40,16,48,2,09/12/2022,3
13,Georgia,131618,0,0,1,0,139,HALL (139),4100,OAKWOOD,12,Diciembre,10,2022,23,3,I-985 NB EXIT 17 OFF RAMP,1,Interestatal,Urbano,Interestatal,State Highway Agency,1,Sin jurisdiccion especial,4,34.22916389,-83.85906667,Banqueta,El primer evento no fue una colision con un vehiculo automotor en transporte,Not an Intersection,No fue interseccion,Gore?,Ninguna,Oscuro con iluminacion,Despejado,No,NO APLICA,23,8,23,21,1,10/12/2022,1
13,Georgia,131619,0,0,2,0,69,COFFEE (69),0,NO APLICA,12,Diciembre,11,2022,17,25,SR-31,3,Highway estatal,Urbano,Arteria Principal,State Highway Agency,0,Sin jurisdiccion especial,34,31.45373611,-82.85064167,Vehiculo en movimiento,Frente a Detrás,Not an Intersection,No fue interseccion,Sobre calle,Ninguna,Dia total,Nublado,No,NO APLICA,17,25,17,26,1,11/12/2022,2
13,Georgia,131620,1,1,1,0,177,LEE (177),9997,Other,12,Diciembre,12,2022,0,29,US-19,2,US Highway,Urbano,Arteria Principal,State Highway Agency,1,Sin jurisdiccion especial,1,31.62506111,-84.17704444,Peaton,El primer evento no fue una colision con un vehiculo automotor en transporte,T-Intersection,Interseccion de T,Sobre calle,Ninguna,Oscuro sin iluminacion,Despejado,No,NO APLICA,0,40,1,0,1,12/12/2022,2
13,Georgia,131621,0,0,1,0,151,HENRY (151),9997,Other,12,Diciembre,16,2022,16,0,LINECREST ROAD,5,Calle Local - Pueblo,Urbano,Arteria Menor,Town or Township Highway Agency,0,Sin jurisdiccion especial,4,33.64705833,-84.25967222,Poste de Señal de trafico,El primer evento no fue una colision con un vehiculo automotor en transporte,Not an Intersection,No fue interseccion,Sobre el lado de la calle,Ninguna,Dia total,Despejado,No,NO APLICA,99,99,99,99,1,16/12/2022,1
13,Georgia,131622,0,0,1,0,83,DADE (83),5560,TRENTON,12,Diciembre,14,2022,17,0,I-59,1,Interestatal,Rural,Interestatal,State Highway Agency,1,Sin jurisdiccion especial,105,34.85575278,-85.52533056,Zanja,El primer evento no fue una colision con un vehiculo automotor en transporte,Not an Intersection,No fue interseccion,En el medio,Ninguna,Dia total,lluvia,No,NO APLICA,18,14,18,20,1,14/12/2022,1
13,Georgia,131623,0,0,3,0,35,BUTTS (35),2890,JACKSON,12,Diciembre,14,2022,18,0,SR-36,3,Highway estatal,Rural,Arteria Menor,State Highway Agency,0,Sin jurisdiccion especial,33,33.23805,-84.02531944,Vehiculo en movimiento,Angulo,Four-Way Intersection,Interseccion de 4 direcciones,Sobre calle,Ninguna,Oscuro sin iluminacion,lluvia,No,NO APLICA,18,4,18,14,1,14/12/2022,4
13,Georgia,131624,0,0,1,0,301,WARREN (301),5800,WARRENTON,12,Diciembre,16,2022,18,35,SR-12 THOMPSON HIGHWAY,3,Highway estatal,Rural,Arteria Menor,State Highway Agency,0,Sin jurisdiccion especial,142,33.40782778,-82.64404722,Otro objeto (no fijo),El primer evento no fue una colision con un vehiculo automotor en transporte,Not an Intersection,No fue interseccion,Sobre el lado de la calle,Ninguna,Oscuro sin iluminacion,Despejado,No,NO APLICA,18,35,18,45,1,16/12/2022,1
13,Georgia,131625,1,1,1,0,67,COBB (67),5070,SMYRNA,12,Diciembre,16,2022,21,28,WINDY HILL RD SE,6,Calle Local Municipalidad,Urbano,Arteria Menor,City or Municipal Highway Agency,0,Sin jurisdiccion especial,27,33.89732222,-84.49699722,Peaton,El primer evento no fue una colision con un vehiculo automotor en transporte,Not an Intersection,No fue interseccion,Sobre calle,Ninguna,Oscuro sin iluminacion,Despejado,No,NO APLICA,99,98,99,98,1,16/12/2022,1
13,Georgia,131626,0,0,1,0,129,GORDON (129),860,CALHOUN,12,Diciembre,18,2022,15,35,SOUTH HOLCOMB ROAD SW,5,Calle Local - Pueblo,Urbano,Local,Town or Township Highway Agency,0,Sin jurisdiccion especial,14,34.42058056,-84.93883889,Acotamiento,El primer evento no fue una colision con un vehiculo automotor en transporte,T-Intersection,Interseccion de T,Sobre el lado de la calle,Ninguna,Dia total,Despejado,No,NO APLICA,15,40,15,45,1,18/12/2022,1
13,Georgia,131627,0,0,2,0,127,GLYNN (127),760,BRUNSWICK,12,Diciembre,14,2022,21,1,SR-32,3,Highway estatal,Rural,Arteria Menor,State Highway Agency,1,Sin jurisdiccion especial,99998,31.26406389,-81.62988056,Vehiculo en movimiento,Frente a frente,Not an Intersection,No fue interseccion,Sobre calle,Ninguna,Oscuro sin iluminacion,Despejado,No,NO APLICA,21,2,21,10,1,14/12/2022,2
13,Georgia,131628,0,0,3,0,57,CHEROKEE (57),920,CANTON,12,Diciembre,15,2022,15,0,I-575,1,Interestatal,Urbano,Interestatal,State Highway Agency,1,Sin jurisdiccion especial,59,34.27798889,-84.45699167,Vehiculo en movimiento,Frente a Detrás,Not an Intersection,No fue interseccion,Sobre calle,Ninguna,Dia total,Despejado,No,NO APLICA,15,0,15,7,1,15/12/2022,3
13,Georgia,131629,0,0,2,0,247,ROCKDALE (247),1320,CONYERS,12,Diciembre,17,2022,20,37,SR-212,3,Highway estatal,Urbano,Arteria Menor,State Highway Agency,0,Sin jurisdiccion especial,74,33.55446111,-84.03496667,Vehiculo en movimiento,Frente a Detrás,Not an Intersection,No fue interseccion,Sobre calle,Ninguna,Oscuro sin iluminacion,Despejado,No,NO APLICA,99,99,99,99,1,17/12/2022,4
13,Georgia,131630,0,0,1,0,89,DEKALB (89),9898,Not Reported,12,Diciembre,20,2022,7,11,SR-012400,3,Highway estatal,Urbano,Arteria Principal,State Highway Agency,1,Sin jurisdiccion especial,14,33.71956667,-84.09365833,Volcadura,El primer evento no fue una colision con un vehiculo automotor en transporte,Four-Way Intersection,Interseccion de 4 direcciones,Sobre calle,Ninguna,Oscuro sin iluminacion,lluvia,No,NO APLICA,7,16,99,99,1,20/12/2022,1
13,Georgia,131631,0,0,1,0,189,MCDUFFIE (189),9898,Not Reported,12,Diciembre,17,2022,18,25,SR-040200,3,Highway estatal,Rural,Interestatal,State Highway Agency,1,Sin jurisdiccion especial,39,33.50718611,-82.53748333,Arbol,El primer evento no fue una colision con un vehiculo automotor en transporte,Not an Intersection,No fue interseccion,Sobre el lado de la calle,Ninguna,Oscuro sin iluminacion,Nublado,No,NO APLICA,18,29,18,37,1,17/12/2022,2
13,Georgia,131632,0,0,2,0,33,BURKE (33),9898,Not Reported,12,Diciembre,16,2022,11,14,CR-018500,4,Calle del Condado,Rural,Local,County Highway Agency,0,Sin jurisdiccion especial,2,32.94592222,-81.89016389,Vehiculo en movimiento,Frente a frente,Not an Intersection,No fue interseccion,Sobre calle,Ninguna,Dia total,Despejado,No,NO APLICA,11,12,11,23,1,16/12/2022,2
13,Georgia,131633,1,1,1,0,21,BIBB (21),3390,MACON,12,Diciembre,19,2022,23,15,SR-002200,3,Highway estatal,Urbano,Arteria Principal,State Highway Agency,0,Sin jurisdiccion especial,87,32.81161389,-83.7225,Peaton,El primer evento no fue una colision con un vehiculo automotor en transporte,Not an Intersection,No fue interseccion,Sobre calle,Ninguna,Oscuro sin iluminacion,Despejado,No,NO APLICA,99,99,99,99,1,19/12/2022,1
13,Georgia,131634,0,1,2,1,151,HENRY (151),5210,STOCKBRIDGE,12,Diciembre,14,2022,23,9,I-75 SR-040100,1,Interestatal,Urbano,Interestatal,State Highway Agency,1,Sin jurisdiccion especial,161,33.49919167,-84.22523611,Vehiculo Aparcado,El primer evento no fue una colision con un vehiculo automotor en transporte,Not an Intersection,No fue interseccion,Sobre el lado de la calle,Ninguna,Oscuro con iluminacion,lluvia,No,NO APLICA,0,36,0,36,1,14/12/2022,1
13,Georgia,131635,0,0,1,0,209,MONTGOMERY (209),9898,Not Reported,12,Diciembre,18,2022,18,43,CR-003500,4,Calle del Condado,Rural,Arteria Menor,County Highway Agency,0,Sin jurisdiccion especial,66,32.29875278,-82.55959167,Volcadura,El primer evento no fue una colision con un vehiculo automotor en transporte,Not an Intersection,No fue interseccion,Sobre el lado de la calle,Ninguna,Oscuro sin iluminacion,Despejado,No,NO APLICA,18,55,19,21,1,18/12/2022,1
13,Georgia,131636,0,0,1,0,139,HALL (139),9898,Not Reported,12,Diciembre,18,2022,19,5,CR-063400,4,Calle del Condado,Urbano,Colector Mayor,County Highway Agency,0,Sin jurisdiccion especial,10,34.16139722,-83.879275,Zanja,El primer evento no fue una colision con un vehiculo automotor en transporte,Not an Intersection,No fue interseccion,Sobre el lado de la calle,Ninguna,Oscuro sin iluminacion,Despejado,No,NO APLICA,19,8,19,10,1,18/12/2022,1
13,Georgia,131637,0,0,1,0,83,DADE (83),9898,Not Reported,12,Diciembre,17,2022,19,1,SR-301,3,Highway estatal,Rural,Colector Mayor,State Highway Agency,0,Sin jurisdiccion especial,64,34.89557222,-85.55861944,Buzon de correo,El primer evento no fue una colision con un vehiculo automotor en transporte,Not an Intersection,No fue interseccion,Sobre el lado de la calle,Ninguna,Oscuro sin iluminacion,Despejado,No,NO APLICA,17,6,17,13,1,17/12/2022,1
13,Georgia,131638,0,0,1,0,145,HARRIS (145),9898,Not Reported,12,Diciembre,16,2022,17,2,I-185,1,Interestatal,Rural,Interestatal,State Highway Agency,1,Sin jurisdiccion especial,144,32.79916944,-85.02124444,Valla Ferrocarril,El primer evento no fue una colision con un vehiculo automotor en transporte,Not an Intersection,No fue interseccion,En el medio,Ninguna,Dia total,Despejado,No,NO APLICA,17,8,17,22,1,16/12/2022,1
13,Georgia,131639,0,0,1,0,143,HARALSON (143),9898,Not Reported,12,Diciembre,21,2022,7,11,SR-8,3,Highway estatal,Urbano,Arteria Menor,State Highway Agency,0,Sin jurisdiccion especial,96,33.709925,-85.20520278,Barda,El primer evento no fue una colision con un vehiculo automotor en transporte,Not an Intersection,No fue interseccion,Sobre el lado de la calle,Ninguna,Dia total,Nublado,No,NO APLICA,7,24,7,38,1,21/12/2022,1
13,Georgia,131640,0,0,1,0,215,MUSCOGEE (215),1280,COLUMBUS,11,Noviembre,27,2022,8,21,BUENA VISTA RD,7,Calle Local,Urbano,Arteria Principal,County Highway Agency,1,Sin jurisdiccion especial,0,32.454325,-84.94293611,Otra no colicion,El primer evento no fue una colision con un vehiculo automotor en transporte,Not an Intersection,No fue interseccion,Sobre Acotamiento,Construccion,Dia total,Despejado,No,NO APLICA,99,99,99,98,1,27/11/2022,1
13,Georgia,131641,0,0,1,0,135,GWINNETT (135),0,NO APLICA,12,Diciembre,19,2022,0,30,SR-124,3,Highway estatal,Urbano,Arteria Menor,State Highway Agency,0,Sin jurisdiccion especial,274,34.07376944,-83.86998333,Buzon de correo,El primer evento no fue una colision con un vehiculo automotor en transporte,Not an Intersection,No fue interseccion,Sobre el lado de la calle,Ninguna,Oscuro sin iluminacion,Despejado,No,NO APLICA,0,36,0,43,1,19/12/2022,1
13,Georgia,131642,1,1,1,0,73,COLUMBIA (73),3463,MARTINEZ,12,Diciembre,20,2022,17,43,CR-058100,4,Calle del Condado,Urbano,Local,County Highway Agency,0,Sin jurisdiccion especial,4,33.53827222,-82.11444722,Peaton,El primer evento no fue una colision con un vehiculo automotor en transporte,Not an Intersection,No fue interseccion,Sobre calle,Ninguna,Atardecer,lluvia,No,NO APLICA,17,50,18,12,1,20/12/2022,1
13,Georgia,131643,1,1,1,0,245,RICHMOND (245),310,AUGUSTA,12,Diciembre,21,2022,23,23,SR-000400,3,Highway estatal,Urbano,Arteria Principal,State Highway Agency,1,Sin jurisdiccion especial,155,33.406875,-82.09916389,Peaton,El primer evento no fue una colision con un vehiculo automotor en transporte,Not an Intersection,No fue interseccion,Sobre calle,Ninguna,Oscuro sin iluminacion,lluvia,No,NO APLICA,99,98,99,98,1,21/12/2022,1
13,Georgia,131644,0,0,2,0,81,CRISP (81),9898,Not Reported,12,Diciembre,22,2022,18,13,CR-035800,4,Calle del Condado,Rural,Colector Mayor,County Highway Agency,0,Sin jurisdiccion especial,27,31.91020556,-83.89345556,Vehiculo en movimiento,Angulo,T-Intersection,Interseccion de T,Sobre calle,Ninguna,Oscuro con iluminacion,Despejado,No,NO APLICA,18,0,18,25,1,22/12/2022,2
13,Georgia,131646,0,0,1,0,177,LEE (177),9898,Not Reported,12,Diciembre,22,2022,7,50,CR-012600,4,Calle del Condado,Urbano,Local,County Highway Agency,0,Sin jurisdiccion especial,27,31.63786667,-84.08365833,Arbol,El primer evento no fue una colision con un vehiculo automotor en transporte,Not an Intersection,No fue interseccion,Sobre el lado de la calle,Ninguna,Oscuro sin iluminacion,Nublado,No,NO APLICA,7,45,7,49,1,22/12/2022,1
13,Georgia,131647,0,0,2,0,177,LEE (177),3120,LEESBURG,12,Diciembre,19,2022,20,33,SR-520,3,Highway estatal,Urbano,Arteria Principal,State Highway Agency,1,Sin jurisdiccion especial,54,31.63581389,-84.24643611,Vehiculo en movimiento,Frente a frente,Four-Way Intersection,Interseccion de 4 direcciones,Sobre calle,Ninguna,Oscuro con iluminacion,Nublado,No,NO APLICA,20,34,20,40,1,19/12/2022,3
13,Georgia,131648,0,0,3,0,157,JACKSON (157),1300,COMMERCE,12,Diciembre,21,2022,13,55,SR-15AL,3,Highway estatal,Urbano,Arteria Principal,State Highway Agency,1,Sin jurisdiccion especial,224,34.21850278,-83.45932222,Vehiculo en movimiento,Golpe Lateral - misma direccion,Not an Intersection,No fue interseccion,Sobre calle,Ninguna,Dia total,Despejado,No,NO APLICA,14,4,14,12,1,21/12/2022,4
13,Georgia,131649,0,0,1,0,55,CHATTOOGA (55),0,NO APLICA,12,Diciembre,22,2022,20,25,SR-100,3,Highway estatal,Rural,Colector Mayor,State Highway Agency,0,Sin jurisdiccion especial,41,34.34116111,-85.37124444,Arbol,El primer evento no fue una colision con un vehiculo automotor en transporte,Not an Intersection,No fue interseccion,Sobre el lado de la calle,Ninguna,Oscuro sin iluminacion,lluvia,No,NO APLICA,20,27,20,45,1,22/12/2022,2
13,Georgia,131650,0,0,1,0,121,FULTON (121),9898,Not Reported,12,Diciembre,15,2022,9,10,I-85N / LINDBERGH DRIVE,1,Interestatal,Urbano,Interestatal,State Highway Agency,1,Sin jurisdiccion especial,308,33.82361944,-84.35271111,Barrera de Trafico de Concreto,El primer evento no fue una colision con un vehiculo automotor en transporte,Not an Intersection,No fue interseccion,En el medio,Ninguna,Dia total,Nublado,No,NO APLICA,9,18,99,97,1,15/12/2022,1
13,Georgia,131651,0,0,1,0,21,BIBB (21),3390,MACON,12,Diciembre,24,2022,15,51,I-75,1,Interestatal,Urbano,Arterial Principal -Freeway o ExpressWay,State Highway Agency,1,Sin jurisdiccion especial,81,32.79176944,-83.66653333,Barrera de Trafico de Concreto,El primer evento no fue una colision con un vehiculo automotor en transporte,Not an Intersection,No fue interseccion,En el medio,Ninguna,Dia total,Despejado,No,NO APLICA,99,99,99,99,1,24/12/2022,1
13,Georgia,131652,0,0,2,0,51,CHATHAM (51),4475,PORT WENTWORTH,12,Diciembre,7,2022,19,0,I-95N,1,Interestatal,Urbano,Interestatal,State Highway Agency,1,Sin jurisdiccion especial,173,32.19927778,-81.18794167,Vehiculo en movimiento,Angulo,Not an Intersection,No fue interseccion,Sobre calle,Ninguna,Oscuro sin iluminacion,Despejado,No,NO APLICA,19,1,19,22,1,07/12/2022,4
13,Georgia,131653,0,0,2,0,89,DEKALB (89),3210,LITHONIA,12,Diciembre,10,2022,23,54,CS-49100,5,Calle Local - Pueblo,Urbano,Arteria Menor,City or Municipal Highway Agency,0,Sin jurisdiccion especial,1,33.73049722,-84.16730278,Vehiculo en movimiento,Angulo,Four-Way Intersection,Interseccion de 4 direcciones,Sobre calle,Ninguna,Oscuro con iluminacion,Despejado,No,NO APLICA,99,99,99,99,1,10/12/2022,4
13,Georgia,131654,0,0,1,0,45,CARROLL (45),9898,Not Reported,12,Diciembre,18,2022,19,53,CR-129300,4,Calle del Condado,Urbano,Local,County Highway Agency,0,Sin jurisdiccion especial,1,33.7165,-85.00746389,Volcadura,El primer evento no fue una colision con un vehiculo automotor en transporte,Not an Intersection,No fue interseccion,Sobre calle,Ninguna,Oscuro sin iluminacion,Despejado,No,NO APLICA,19,56,20,2,1,18/12/2022,2
13,Georgia,131655,0,0,3,0,117,FORSYTH (117),0,NO APLICA,12,Diciembre,20,2022,11,38,CR-045900,4,Calle del Condado,Urbano,Arteria Menor,County Highway Agency,0,Sin jurisdiccion especial,12,34.07173056,-84.13003333,Vehiculo en movimiento,Frente a Detrás,T-Intersection,Interseccion de T,Sobre calle,Ninguna,Dia total,lluvia,No,NO APLICA,11,39,11,45,1,20/12/2022,3
13,Georgia,131656,0,0,1,0,191,MCINTOSH (191),5555,TOWNSEND,12,Diciembre,21,2022,2,26,I-95,1,Interestatal,Urbano,Arterial Principal -Freeway o ExpressWay,State Highway Agency,1,Sin jurisdiccion especial,212,31.63441111,-81.40486944,Fin de valla,El primer evento no fue una colision con un vehiculo automotor en transporte,Not an Intersection,No fue interseccion,Sobre el lado de la calle,Ninguna,Oscuro sin iluminacion,lluvia,No,NO APLICA,2,26,99,99,1,21/12/2022,2
13,Georgia,131657,1,1,2,0,63,CLAYTON (63),4690,RIVERDALE,12,Diciembre,21,2022,18,21,SR-138,3,Highway estatal,Urbano,Arteria Principal,State Highway Agency,1,Sin jurisdiccion especial,46,33.53848889,-84.38073056,Peaton,El primer evento no fue una colision con un vehiculo automotor en transporte,T-Intersection,Interseccion de T,Sobre calle,Ninguna,Oscuro sin iluminacion,Despejado,No,NO APLICA,99,99,99,98,1,21/12/2022,2
13,Georgia,131658,1,1,1,0,89,DEKALB (89),5220,STONE MOUNTAIN,12,Diciembre,24,2022,21,15,SR-10,3,Highway estatal,Urbano,Arteria Principal,State Highway Agency,1,Sin jurisdiccion especial,100,33.80100556,-84.20509722,No vehiculo o remolque,El primer evento no fue una colision con un vehiculo automotor en transporte,Not an Intersection,No fue interseccion,Sobre calle,Ninguna,Oscuro sin iluminacion,Nublado,No,NO APLICA,21,20,21,40,1,24/12/2022,1
13,Georgia,131659,1,1,1,0,121,FULTON (121),1250,COLLEGE PARK,12,Diciembre,15,2022,6,16,SR-14,3,Highway estatal,Urbano,Arteria Principal,State Highway Agency,1,Sin jurisdiccion especial,8,33.61571944,-84.49450833,Peaton,El primer evento no fue una colision con un vehiculo automotor en transporte,Not an Intersection,No fue interseccion,Sobre calle,Ninguna,Oscuro sin iluminacion,lluvia,No,NO APLICA,6,18,6,25,1,15/12/2022,1
13,Georgia,131660,1,1,1,0,67,COBB (67),3440,MARIETTA,12,Diciembre,16,2022,2,23,US-41,2,US Highway,Urbano,Arteria Principal,State Highway Agency,1,Sin jurisdiccion especial,61,33.93769444,-84.51359167,Peaton,El primer evento no fue una colision con un vehiculo automotor en transporte,Not an Intersection,No fue interseccion,Sobre Acotamiento,Ninguna,Oscuro con iluminacion,Despejado,No,NO APLICA,99,99,99,99,1,16/12/2022,1
13,Georgia,131661,0,0,2,0,207,MONROE (207),1430,CULLODEN,12,Diciembre,10,2022,19,23,SR-74,3,Highway estatal,Rural,Arteria Menor,State Highway Agency,0,Sin jurisdiccion especial,49,32.87418889,-84.05995556,Vehiculo en movimiento,Frente a frente,Not an Intersection,No fue interseccion,Sobre calle,Ninguna,Oscuro sin iluminacion,Nublado,No,NO APLICA,99,99,99,99,1,10/12/2022,2
13,Georgia,131662,0,0,1,0,67,COBB (67),3440,MARIETTA,12,Diciembre,11,2022,2,51,I-75 S,1,Interestatal,Urbano,Interestatal,State Highway Agency,1,Sin jurisdiccion especial,42,33.92630833,-84.48739167,Barrera de Trafico de Concreto,El primer evento no fue una colision con un vehiculo automotor en transporte,Not an Intersection,No fue interseccion,En el medio,Ninguna,Oscuro sin iluminacion,lluvia,No,NO APLICA,99,99,99,99,1,11/12/2022,1
13,Georgia,131663,0,0,2,0,95,DOUGHERTY (95),90,ALBANY,12,Diciembre,23,2022,1,14,SR-520 BU INC W OGLETHORPE BLV,3,Highway estatal,Urbano,Arteria Principal,State Highway Agency,1,Sin jurisdiccion especial,31,31.57528889,-84.17236111,Vehiculo en movimiento,Golpe Lateral - misma direccion,Not an Intersection,No fue interseccion,Sobre calle,Ninguna,Oscuro con iluminacion,Nublado,No,NO APLICA,99,99,99,99,1,23/12/2022,2
13,Georgia,131664,0,0,1,0,147,HART (147),2610,HARTWELL,12,Diciembre,26,2022,12,22,SR-8,3,Highway estatal,Rural,Arteria Menor,State Highway Agency,0,Sin jurisdiccion especial,84,34.32362222,-82.97773611,Zanja,El primer evento no fue una colision con un vehiculo automotor en transporte,Not an Intersection,No fue interseccion,Sobre el lado de la calle,Ninguna,Dia total,Despejado,No,NO APLICA,12,24,12,32,2,26/12/2022,2
13,Georgia,131665,0,0,2,0,153,HOUSTON (153),1025,CENTERVILLE,12,Diciembre,8,2022,22,5,CARL VINSON PKWY,6,Calle Local Municipalidad,Urbano,Arteria Menor,City or Municipal Highway Agency,0,Sin jurisdiccion especial,13,32.63147778,-83.66773611,Vehiculo en movimiento,Angulo,T-Intersection,Interseccion de T,Sobre calle,Ninguna,Oscuro sin iluminacion,Despejado,No,NO APLICA,22,7,22,13,1,08/12/2022,2
13,Georgia,131666,1,1,1,0,67,COBB (67),3440,MARIETTA,12,Diciembre,15,2022,6,40,SR-5 AUSTELL ROAD,3,Highway estatal,Urbano,Arteria Menor,State Highway Agency,0,Sin jurisdiccion especial,83,33.89941667,-84.57143889,Peaton,El primer evento no fue una colision con un vehiculo automotor en transporte,Not an Intersection,No fue interseccion,Sobre calle,Ninguna,Oscuro con iluminacion,Neblina o Humo,No,NO APLICA,99,98,99,98,1,15/12/2022,1
13,Georgia,131667,1,1,1,0,233,POLK (233),1010,CEDARTOWN,12,Diciembre,18,2022,0,0,SR-1,3,Highway estatal,Rural,Arteria Principal,State Highway Agency,1,Sin jurisdiccion especial,159,34.09569167,-85.23576667,Peaton,El primer evento no fue una colision con un vehiculo automotor en transporte,Not an Intersection,No fue interseccion,Sobre Acotamiento,Ninguna,Oscuro sin iluminacion,No reportado,No,NO APLICA,15,38,15,48,1,18/12/2022,1
13,Georgia,131668,0,0,1,0,137,HABERSHAM (137),1150,CLARKESVILLE,12,Diciembre,24,2022,20,0,SR-255,3,Highway estatal,Rural,Colector Mayor,State Highway Agency,0,Sin jurisdiccion especial,132,34.73608333,-83.61399167,Zanja,El primer evento no fue una colision con un vehiculo automotor en transporte,Not an Intersection,No fue interseccion,Sobre el lado de la calle,Ninguna,Oscuro sin iluminacion,Despejado,No,NO APLICA,20,1,20,17,1,24/12/2022,1
13,Georgia,131669,0,2,2,1,301,WARREN (301),870,CAMAK,12,Diciembre,25,2022,13,28,I-20 EB,1,Interestatal,Rural,Interestatal,State Highway Agency,1,Sin jurisdiccion especial,99,33.48948889,-82.65749167,Vehiculo Aparcado,El primer evento no fue una colision con un vehiculo automotor en transporte,Not an Intersection,No fue interseccion,Sobre Acotamiento,Ninguna,Dia total,Despejado,No,NO APLICA,13,30,13,45,2,25/12/2022,2
13,Georgia,131670,0,0,2,0,139,HALL (139),2350,GILLSVILLE,12,Diciembre,27,2022,7,35,SR-52,3,Highway estatal,Rural,Arteria Menor,State Highway Agency,0,Sin jurisdiccion especial,89,34.31133889,-83.642375,Vehiculo en movimiento,Frente a frente,Not an Intersection,No fue interseccion,Sobre calle,Ninguna,Amanecer,Despejado,No,NO APLICA,7,37,7,41,1,27/12/2022,2