Estado,Nombre de Estado,Numero de Caso,Peatones,Personas _no_vehiculos,Vehiculos automotores,Vehiculos estacionados,Condado,Nombre Condado,Ciudad,Nombre Ciudad,Mes,Nombre Mes,Dia,Año,Hora,Minuto,Calle,Ruta,Nombre Ruta,Rural o Urbanoo,Sistema Funcional,Dueño Calle,Sistema Nacional Carreteras,Jurisdiccion Especial,Milla,Latitud,Longitud,Causa del Accidente,Tipo de Accidente,Tipo Interseccion,Columna1,Lugar en la calle,Zona de Trabajo,Luz,Clima,Autobus Escolar,Cruce de Trenes,Hora Notificacion,Minuto Notificacion,Hora Llegada,Minuto Llegada,Decesos,Fecha,PersonaVehiculo
13,Georgia,131671,1,1,1,0,89,DEKALB (89),5580,TUCKER,12,Diciembre,28,2022,18,15,SR-29,3,Highway estatal,Urbano,Arteria Principal,State Highway Agency,1,Sin jurisdiccion especial,84,33.83693889,-84.23883889,Peaton,El primer evento no fue una colision con un vehiculo automotor en transporte,T-Intersection,Interseccion de T,Sobre calle,Ninguna,Oscuro sin iluminacion,Despejado,No,NO APLICA,18,19,18,32,1,28/12/2022,4
13,Georgia,131672,1,1,1,0,63,CLAYTON (63),2180,FOREST PARK,12,Diciembre,22,2022,18,20,SR-033100,3,Highway estatal,Urbano,Arteria Menor,State Highway Agency,9,Sin jurisdiccion especial,15,33.62058611,-84.3772,Ciclista,El primer evento no fue una colision con un vehiculo automotor en transporte,Not an Intersection,No fue interseccion,Sobre Acotamiento,Ninguna,Oscuro sin iluminacion,Nublado,No,NO APLICA,18,13,18,16,1,22/12/2022,1
13,Georgia,131673,0,0,1,0,117,FORSYTH (117),1440,CUMMING,12,Diciembre,24,2022,23,13,RIVER CLUB DR,5,Calle Local - Pueblo,Urbano,Local,Town or Township Highway Agency,0,Sin jurisdiccion especial,1,34.13822222,-84.09934444,Banqueta,El primer evento no fue una colision con un vehiculo automotor en transporte,Not an Intersection,No fue interseccion,Sobre el lado de la calle,Ninguna,Oscuro sin iluminacion,Despejado,No,NO APLICA,23,14,23,23,1,24/12/2022,2
13,Georgia,131674,1,1,1,0,157,JACKSON (157),2810,HOSCHTON,12,Diciembre,28,2022,5,35,SR-124,3,Highway estatal,Urbano,Colector Mayor,State Highway Agency,0,Sin jurisdiccion especial,45,34.11758333,-83.72270278,Ciclista,El primer evento no fue una colision con un vehiculo automotor en transporte,Not an Intersection,No fue interseccion,Sobre calle,Ninguna,Oscuro sin iluminacion,Despejado,No,NO APLICA,5,38,5,46,1,28/12/2022,1
13,Georgia,131675,0,0,1,0,135,GWINNETT (135),3100,LAWRENCEVILLE,10,Octubre,14,2022,21,25,CR-010400,4,Calle del Condado,Urbano,Colector Mayor,County Highway Agency,0,Sin jurisdiccion especial,48,33.97682222,-83.99578333,Banqueta,El primer evento no fue una colision con un vehiculo automotor en transporte,Not an Intersection,No fue interseccion,Reportado como desconocida,Ninguna,Oscuro sin iluminacion,Despejado,No,NO APLICA,21,25,21,28,1,14/10/2022,1
13,Georgia,131676,0,0,1,0,71,COLQUITT (71),3800,MOULTRIE,12,Diciembre,31,2022,4,22,CS-BAY ROCKYFORD RD,5,Calle Local - Pueblo,Rural,Colector Menor,City or Municipal Highway Agency,0,Sin jurisdiccion especial,55,31.16068611,-83.91286667,Acotamiento,El primer evento no fue una colision con un vehiculo automotor en transporte,Not an Intersection,No fue interseccion,Sobre el lado de la calle,Ninguna,Oscuro sin iluminacion,lluvia,No,NO APLICA,4,16,4,28,1,31/12/2022,1
13,Georgia,131677,0,0,2,0,51,CHATHAM (51),4910,SAVANNAH,12,Diciembre,26,2022,19,18,SR-25,3,Highway estatal,Urbano,Arteria Principal,State Highway Agency,1,Sin jurisdiccion especial,56,32.03056944,-81.22043056,Vehiculo en movimiento,Frente a Detrás,Not an Intersection,No fue interseccion,Sobre calle,Ninguna,Oscuro sin iluminacion,Despejado,No,NO APLICA,19,20,19,36,1,26/12/2022,2
13,Georgia,131678,0,0,2,0,319,WILKINSON (319),2420,GORDON,12,Diciembre,28,2022,5,42,SR-243 FALL LINE FRWY,3,Highway estatal,Rural,Arterial Principal -Freeway o ExpressWay,State Highway Agency,1,Sin jurisdiccion especial,99998,32.90037222,-83.34138611,Vehiculo en movimiento,Frente a Detrás,Not an Intersection,No fue interseccion,Sobre calle,Ninguna,Oscuro sin iluminacion,Despejado,No,NO APLICA,5,45,6,15,1,28/12/2022,2
13,Georgia,131679,0,0,4,0,63,CLAYTON (63),2970,JONESBORO,12,Diciembre,17,2022,8,41,SR-19,3,Highway estatal,Urbano,Arteria Principal,State Highway Agency,1,Sin jurisdiccion especial,0,33.57879722,-84.37398889,Vehiculo en movimiento,Golpe Lateral - misma direccion,"Five Point, or More",5 Puntos o mas,Sobre calle,Ninguna,Dia total,Nublado,No,NO APLICA,99,99,99,99,1,17/12/2022,10
13,Georgia,131680,1,1,1,0,63,CLAYTON (63),4690,RIVERDALE,12,Diciembre,18,2022,0,0,CS-VALLEY HILL RD,5,Calle Local - Pueblo,Urbano,Arteria Menor,City or Municipal Highway Agency,0,Sin jurisdiccion especial,16,33.56217778,-84.39049722,Peaton,El primer evento no fue una colision con un vehiculo automotor en transporte,Not an Intersection,No fue interseccion,Sobre calle,Ninguna,Oscuro sin iluminacion,lluvia,No,NO APLICA,0,2,0,22,1,18/12/2022,1
13,Georgia,131681,1,1,3,0,63,CLAYTON (63),2970,JONESBORO,12,Diciembre,23,2022,1,35,SR-85,3,Highway estatal,Urbano,Arteria Principal,State Highway Agency,1,Sin jurisdiccion especial,3,33.5213,-84.42488056,Peaton,El primer evento no fue una colision con un vehiculo automotor en transporte,Not an Intersection,No fue interseccion,Sobre calle,Ninguna,Oscuro sin iluminacion,lluvia,No,NO APLICA,2,35,99,99,1,23/12/2022,3
13,Georgia,131682,1,1,1,0,89,DEKALB (89),1610,DECATUR,12,Diciembre,30,2022,20,31,CS-WESLEY CHAPEL RD,5,Calle Local - Pueblo,Urbano,Arteria Menor,City or Municipal Highway Agency,0,Sin jurisdiccion especial,73,33.72508889,-84.21400833,Peaton,El primer evento no fue una colision con un vehiculo automotor en transporte,Not an Intersection,No fue interseccion,Sobre calle,Ninguna,Oscuro sin iluminacion,Nublado,No,NO APLICA,99,99,99,99,1,30/12/2022,1
13,Georgia,131683,0,0,2,0,89,DEKALB (89),3210,LITHONIA,12,Diciembre,31,2022,1,58,I-20,1,Interestatal,Urbano,Arterial Principal -Freeway o ExpressWay,State Highway Agency,1,Sin jurisdiccion especial,116,33.70326944,-84.17375,Vehiculo en movimiento,Frente a Detrás,Not an Intersection,No fue interseccion,Sobre calle,Ninguna,Oscuro sin iluminacion,Despejado,No,NO APLICA,2,13,2,22,1,31/12/2022,3
13,Georgia,131684,1,1,1,0,21,BIBB (21),3390,MACON,12,Diciembre,28,2022,21,11,SR-87,3,Highway estatal,Urbano,Arteria Principal,State Highway Agency,1,Sin jurisdiccion especial,83,32.84827778,-83.61014722,Peaton,El primer evento no fue una colision con un vehiculo automotor en transporte,Not an Intersection,No fue interseccion,Sobre calle,Ninguna,Oscuro sin iluminacion,Despejado,No,NO APLICA,99,99,99,99,1,28/12/2022,1
13,Georgia,131685,0,0,5,0,217,NEWTON (217),1380,COVINGTON,12,Diciembre,29,2022,14,48,SR-138,3,Highway estatal,Urbano,Arteria Principal,State Highway Agency,1,Sin jurisdiccion especial,5,33.72280556,-83.91429167,Vehiculo en movimiento,Frente a Detrás,Not an Intersection,No fue interseccion,Sobre calle,Ninguna,Dia total,Despejado,No,NO APLICA,99,99,99,99,1,29/12/2022,5
13,Georgia,131686,0,0,1,0,207,MONROE (207),2190,FORSYTH,12,Diciembre,28,2022,3,24,I-75/SR-401,1,Interestatal,Rural,Interestatal,State Highway Agency,1,Sin jurisdiccion especial,130,33.03559167,-83.92269722,Valla Ferrocarril,El primer evento no fue una colision con un vehiculo automotor en transporte,Not an Intersection,No fue interseccion,Sobre el lado de la calle,Ninguna,Oscuro con iluminacion,Despejado,No,NO APLICA,99,99,99,99,1,28/12/2022,2
13,Georgia,131687,0,0,1,0,67,COBB (67),3440,MARIETTA,12,Diciembre,30,2022,10,13,CR-7592,4,Calle del Condado,Urbano,Arteria Menor,County Highway Agency,0,Sin jurisdiccion especial,30,34.04574444,-84.52965833,Poste,El primer evento no fue una colision con un vehiculo automotor en transporte,Four-Way Intersection,Interseccion de 4 direcciones,Sobre el lado de la calle,Ninguna,Dia total,Despejado,No,NO APLICA,10,16,10,36,1,30/12/2022,1
13,Georgia,131688,0,0,2,0,97,DOUGLAS (97),1770,DOUGLASVILLE,12,Diciembre,31,2022,0,17,CS-CEDAR MOUNTAIN,5,Calle Local - Pueblo,Urbano,Colector Mayor,City or Municipal Highway Agency,0,Sin jurisdiccion especial,38,33.76191944,-84.77346389,Vehiculo en movimiento,Angulo,Not an Intersection,No fue interseccion,Sobre calle,Ninguna,Oscuro sin iluminacion,Nublado,No,NO APLICA,0,17,0,27,1,31/12/2022,2
13,Georgia,131689,0,0,1,0,121,FULTON (121),1900,EAST POINT,12,Diciembre,31,2022,10,0,SR-016600,3,Highway estatal,Urbano,Arterial Principal -Freeway o ExpressWay,State Highway Agency,1,Sin jurisdiccion especial,109,33.69749444,-84.46361389,Acotamiento,El primer evento no fue una colision con un vehiculo automotor en transporte,Not an Intersection,No fue interseccion,Sobre el lado de la calle,Ninguna,Dia total,lluvia,No,NO APLICA,10,5,10,18,1,31/12/2022,1
13,Georgia,131690,1,1,1,0,215,MUSCOGEE (215),1280,COLUMBUS,12,Diciembre,5,2022,18,11,SR-520 VICTORY DR,3,Highway estatal,Urbano,Arteria Principal,State Highway Agency,1,Sin jurisdiccion especial,60,32.44366111,-84.97086389,Peaton,El primer evento no fue una colision con un vehiculo automotor en transporte,Not an Intersection,No fue interseccion,Sobre calle,Ninguna,Oscuro con iluminacion,lluvia,No,NO APLICA,99,99,99,98,1,05/12/2022,1
13,Georgia,131691,0,0,1,0,71,COLQUITT (71),4000,NORMAN PARK,12,Diciembre,27,2022,18,44,CS-NAPIER AVE,5,Calle Local - Pueblo,Urbano,Arteria Menor,City or Municipal Highway Agency,0,Sin jurisdiccion especial,0,31.23435833,-83.53723056,Volcadura,El primer evento no fue una colision con un vehiculo automotor en transporte,Not an Intersection,No fue interseccion,Sobre calle,Ninguna,Oscuro sin iluminacion,Despejado,No,NO APLICA,18,46,19,1,1,27/12/2022,2
13,Georgia,131692,1,2,2,1,15,BARTOW (15),980,CARTERSVILLE,12,Diciembre,31,2022,11,36,I-75,1,Interestatal,Urbano,Interestatal,State Highway Agency,1,Sin jurisdiccion especial,3,34.14224722,-84.74078889,Vehiculo Aparcado,El primer evento no fue una colision con un vehiculo automotor en transporte,Not an Intersection,No fue interseccion,Sobre Acotamiento,Ninguna,Dia total,Nublado,No,NO APLICA,11,13,11,17,1,31/12/2022,1
13,Georgia,131693,1,1,2,0,215,MUSCOGEE (215),1280,COLUMBUS,12,Diciembre,23,2022,2,15,I-85,1,Interestatal,Urbano,Arterial Principal -Freeway o ExpressWay,State Highway Agency,1,Sin jurisdiccion especial,95,32.52603056,-84.95894167,Peaton,El primer evento no fue una colision con un vehiculo automotor en transporte,Not an Intersection,No fue interseccion,Sobre calle,Ninguna,Oscuro sin iluminacion,Despejado,No,NO APLICA,99,99,99,99,1,23/12/2022,2
13,Georgia,131694,0,0,2,0,299,WARE (299),5850,WAYCROSS,12,Diciembre,26,2022,18,20,SR-38,3,Highway estatal,Urbano,Arteria Principal,State Highway Agency,1,Sin jurisdiccion especial,194,31.21404167,-82.35341111,Vehiculo en movimiento,Frente a Detrás,T-Intersection,Interseccion de T,Sobre calle,Ninguna,Oscuro con iluminacion,Despejado,No,NO APLICA,99,99,99,99,1,26/12/2022,3
13,Georgia,131695,0,0,1,0,149,HEARD (149),2230,FRANKLIN,12,Diciembre,29,2022,99,99,SR-1,3,Highway estatal,Rural,Arteria Principal,State Highway Agency,1,Sin jurisdiccion especial,157,33.39087222,-85.10913889,Volcadura,El primer evento no fue una colision con un vehiculo automotor en transporte,Not an Intersection,No fue interseccion,Sobre el lado de la calle,Ninguna,Oscuro sin iluminacion,Despejado,No,NO APLICA,11,35,11,42,1,29/12/2022,1
13,Georgia,131697,0,0,1,0,121,FULTON (121),280,ATLANTA,12,Diciembre,25,2022,3,13,CS-BUTNER RD SW,5,Calle Local - Pueblo,Urbano,Arteria Menor,City or Municipal Highway Agency,0,Sin jurisdiccion especial,5,33.68935278,-84.52630278,Volcadura,El primer evento no fue una colision con un vehiculo automotor en transporte,Not an Intersection,No fue interseccion,Sobre el lado de la calle,Ninguna,Oscuro sin iluminacion,Despejado,No,NO APLICA,99,99,99,99,1,25/12/2022,1
13,Georgia,131698,0,0,1,0,127,GLYNN (127),760,BRUNSWICK,12,Diciembre,30,2022,23,55,SR-303,3,Highway estatal,Urbano,Arteria Menor,State Highway Agency,0,Sin jurisdiccion especial,27,31.16721944,-81.55032222,Animal vivo,El primer evento no fue una colision con un vehiculo automotor en transporte,Not an Intersection,No fue interseccion,Sobre calle,Ninguna,Oscuro sin iluminacion,Neblina o Humo,No,NO APLICA,99,99,99,99,1,30/12/2022,1
13,Georgia,131699,0,0,1,0,135,GWINNETT (135),3990,NORCROSS,12,Diciembre,31,2022,18,4,CR-056600,4,Calle del Condado,Urbano,Local,County Highway Agency,0,Sin jurisdiccion especial,18,33.90532778,-84.179275,Buzon de correo,El primer evento no fue una colision con un vehiculo automotor en transporte,Not an Intersection,No fue interseccion,Sobre el lado de la calle,Ninguna,Oscuro sin iluminacion,Neblina o Humo,No,NO APLICA,99,99,99,99,2,31/12/2022,2
13,Georgia,131700,0,0,2,0,159,JASPER (159),3730,MONTICELLO,12,Diciembre,31,2022,3,19,SR-212,3,Highway estatal,Rural,Colector Mayor,State Highway Agency,0,Sin jurisdiccion especial,36,33.37283333,-83.81273611,Vehiculo en movimiento,Frente a frente,Not an Intersection,No fue interseccion,Sobre calle,Ninguna,Oscuro sin iluminacion,Nublado,No,NO APLICA,3,21,3,33,1,31/12/2022,2
13,Georgia,131701,0,0,1,0,241,RABUN (241),9898,Not Reported,12,Diciembre,29,2022,23,52,CS-BURTON DAM RD,5,Calle Local - Pueblo,Rural,Colector Mayor,City or Municipal Highway Agency,0,Sin jurisdiccion especial,7,34.79093333,-83.55870556,Buzon de correo,El primer evento no fue una colision con un vehiculo automotor en transporte,Not an Intersection,No fue interseccion,Sobre el lado de la calle,Ninguna,Oscuro sin iluminacion,Nublado,No,NO APLICA,23,52,0,11,1,29/12/2022,4
13,Georgia,131702,0,0,1,0,103,EFFINGHAM (103),1205,CLYO,12,Diciembre,30,2022,15,35,CR-006300 SISTERS FERRY RD,4,Calle del Condado,Rural,Local,County Highway Agency,0,Sin jurisdiccion especial,14,32.463625,-81.28561111,Alguien se cayo/avento del vehiculo,El primer evento no fue una colision con un vehiculo automotor en transporte,Four-Way Intersection,Interseccion de 4 direcciones,Sobre calle,Ninguna,Dia total,Nublado,No,NO APLICA,15,35,15,47,1,30/12/2022,3
13,Georgia,131703,0,0,2,0,67,COBB (67),4490,POWDER SPRINGS,8,Agosto,7,2022,17,28,SR-360 MACLAND RD,3,Highway estatal,Urbano,Arteria Menor,State Highway Agency,0,Sin jurisdiccion especial,99998,33.89964167,-84.65825833,Vehiculo en movimiento,Angulo,T-Intersection,Interseccion de T,Sobre calle,Ninguna,Dia total,Despejado,No,NO APLICA,17,30,17,41,1,07/08/2022,3
13,Georgia,131704,1,1,1,0,21,BIBB (21),3390,MACON,12,Diciembre,27,2022,18,18,CS-NAPIER AVE,5,Calle Local - Pueblo,Urbano,Arteria Menor,City or Municipal Highway Agency,0,Sin jurisdiccion especial,0,32.84568889,-83.68819722,Peaton,El primer evento no fue una colision con un vehiculo automotor en transporte,Not an Intersection,No fue interseccion,Sobre calle,Ninguna,Oscuro sin iluminacion,Despejado,No,NO APLICA,99,99,99,99,1,27/12/2022,1
13,Georgia,131705,0,0,1,0,127,GLYNN (127),0,NO APLICA,3,Marzo,2,2022,8,40,I-95,1,Interestatal,Urbano,Interestatal,State Highway Agency,1,Sin jurisdiccion especial,104,31.24771111,-81.49955278,Valla para choques,El primer evento no fue una colision con un vehiculo automotor en transporte,Not an Intersection,No fue interseccion,En el medio,Ninguna,Dia total,Despejado,No,NO APLICA,8,41,8,46,1,02/03/2022,1
13,Georgia,131706,1,1,1,0,175,LAURENS (175),1780,DUBLIN,12,Diciembre,30,2022,18,55,CS-OLD MACON RD,5,Calle Local - Pueblo,Urbano,Colector Mayor,City or Municipal Highway Agency,0,Sin jurisdiccion especial,8,32.558175,-83.00306111,Ciclista,El primer evento no fue una colision con un vehiculo automotor en transporte,Not an Intersection,No fue interseccion,Sobre calle,Ninguna,Oscuro sin iluminacion,Nublado,No,NO APLICA,18,58,19,7,1,30/12/2022,1
13,Georgia,131707,0,0,1,0,207,MONROE (207),0,NO APLICA,12,Diciembre,30,2022,20,37,CR-27/TAYLOR RD,4,Calle del Condado,Rural,Local,County Highway Agency,0,Sin jurisdiccion especial,104,32.93461667,-83.74381111,Volcadura,El primer evento no fue una colision con un vehiculo automotor en transporte,Not an Intersection,No fue interseccion,Sobre el lado de la calle,Ninguna,Oscuro sin iluminacion,Nublado,No,NO APLICA,20,45,20,53,1,30/12/2022,1
13,Georgia,131708,2,2,1,0,185,LOWNDES (185),5680,VALDOSTA,3,Marzo,11,2022,21,51,CS-067313/MARION ST,6,Calle Local Municipalidad,Urbano,Local,City or Municipal Highway Agency,0,Sin jurisdiccion especial,5,30.85773889,-83.27975556,Peaton,El primer evento no fue una colision con un vehiculo automotor en transporte,Not an Intersection,No fue interseccion,Sobre calle,Ninguna,Oscuro con iluminacion,Nublado,No,NO APLICA,21,52,21,55,1,11/03/2022,1
13,Georgia,131711,0,0,2,0,121,FULTON (121),280,ATLANTA,12,Diciembre,11,2022,6,6,I-20 WB,1,Interestatal,Urbano,Interestatal,State Highway Agency,1,Sin jurisdiccion especial,13,33.76496111,-84.51788889,Vehiculo en movimiento,Golpe Lateral - misma direccion,Not an Intersection,No fue interseccion,Sobre calle,Ninguna,Oscuro sin iluminacion,Nublado,No,NO APLICA,99,99,99,99,1,11/12/2022,2
13,Georgia,131712,0,0,2,0,45,CARROLL (45),970,CARROLLTON,12,Diciembre,29,2022,16,9,SR-166,3,Highway estatal,Urbano,Arteria Principal,State Highway Agency,1,Sin jurisdiccion especial,18,33.58291111,-85.04146944,Vehiculo en movimiento,Angulo,Four-Way Intersection,Interseccion de 4 direcciones,Sobre calle,Ninguna,Dia total,Despejado,No,NO APLICA,17,28,17,42,1,29/12/2022,4
13,Georgia,131713,0,0,1,0,67,COBB (67),9898,Not Reported,12,Diciembre,16,2022,21,40,CR-209100,4,Calle del Condado,Urbano,Local,County Highway Agency,0,Sin jurisdiccion especial,35,33.82992778,-84.68783889,Hidrante,El primer evento no fue una colision con un vehiculo automotor en transporte,Not an Intersection,No fue interseccion,Sobre el lado de la calle,Ninguna,Oscuro sin iluminacion,Despejado,No,NO APLICA,21,42,21,46,1,16/12/2022,1
13,Georgia,131714,0,0,2,0,237,PUTNAM (237),9898,Not Reported,10,Octubre,4,2022,8,5,CR-021800,4,Calle del Condado,Rural,Colector Mayor,County Highway Agency,0,Sin jurisdiccion especial,72,33.44306944,-83.28328611,Vehiculo en movimiento,Frente a frente,Not an Intersection,No fue interseccion,Sobre calle,Ninguna,Dia total,Despejado,No,NO APLICA,8,10,8,13,1,04/10/2022,2
13,Georgia,131715,0,0,1,0,237,PUTNAM (237),0,NO APLICA,10,Octubre,16,2022,5,10,CR-021700,4,Calle del Condado,Rural,Colector Mayor,County Highway Agency,0,Sin jurisdiccion especial,5,33.23930278,-83.30931944,Arbol,El primer evento no fue una colision con un vehiculo automotor en transporte,Not an Intersection,No fue interseccion,Sobre el lado de la calle,Ninguna,Oscuro sin iluminacion,Despejado,No,NO APLICA,5,18,5,18,1,16/10/2022,1
13,Georgia,131716,0,0,2,0,89,DEKALB (89),0,NO APLICA,11,Noviembre,13,2022,1,38,CR-514800/N DECATUR RD,4,Calle del Condado,Urbano,Arteria Menor,County Highway Agency,0,Sin jurisdiccion especial,32,33.78571667,-84.24346111,Vehiculo en movimiento,Frente a frente,Not an Intersection,No fue interseccion,Sobre calle,Ninguna,Oscuro con iluminacion,Despejado,No,NO APLICA,1,45,1,50,1,13/11/2022,5
13,Georgia,131717,1,1,1,0,67,COBB (67),9898,Not Reported,10,Octubre,2,2022,3,23,I-75 NB,1,Interestatal,Urbano,Interestatal,State Highway Agency,1,Sin jurisdiccion especial,0,33.89401111,-84.46354722,Peaton,El primer evento no fue una colision con un vehiculo automotor en transporte,Not an Intersection,No fue interseccion,Sobre calle,Ninguna,Oscuro con iluminacion,Despejado,No,NO APLICA,99,99,99,99,1,02/10/2022,1
13,Georgia,131718,0,0,1,0,233,POLK (233),9898,Not Reported,12,Diciembre,15,2022,0,22,CR-008300,4,Calle del Condado,Rural,Local,County Highway Agency,0,Sin jurisdiccion especial,1,33.92231667,-85.29525833,Arbol,El primer evento no fue una colision con un vehiculo automotor en transporte,Not an Intersection,No fue interseccion,Sobre el lado de la calle,Ninguna,Oscuro sin iluminacion,lluvia,No,NO APLICA,0,27,0,43,1,15/12/2022,1
13,Georgia,131719,0,0,2,0,135,GWINNETT (135),9898,Not Reported,10,Octubre,6,2022,5,41,SR-316 W,3,Highway estatal,Urbano,Arteria Principal,State Highway Agency,1,Sin jurisdiccion especial,3,33.98754167,-83.938325,Vehiculo en movimiento,Angulo,Four-Way Intersection,Interseccion de 4 direcciones,Sobre calle,Ninguna,Oscuro sin iluminacion,Despejado,No,NO APLICA,99,99,99,99,1,06/10/2022,3
13,Georgia,131720,0,0,2,0,137,HABERSHAM (137),1150,CLARKESVILLE,12,Diciembre,8,2022,7,52,US-441,2,US Highway,Rural,Arteria Principal,State Highway Agency,1,Sin jurisdiccion especial,125,34.61448056,-83.44847778,Vehiculo en movimiento,Angulo,Four-Way Intersection,Interseccion de 4 direcciones,Sobre calle,Ninguna,Dia total,Nublado,No,NO APLICA,99,99,99,99,1,08/12/2022,2
13,Georgia,131721,0,0,1,0,141,HANCOCK (141),5120,SPARTA,12,Diciembre,11,2022,1,41,CR-022100,4,Calle del Condado,Rural,Colector Menor,County Highway Agency,0,Sin jurisdiccion especial,72,33.40301389,-82.93747778,Zanja,El primer evento no fue una colision con un vehiculo automotor en transporte,Not an Intersection,No fue interseccion,Sobre el lado de la calle,Ninguna,Oscuro sin iluminacion,Nublado,No,NO APLICA,1,41,2,10,1,11/12/2022,1
13,Georgia,131722,0,0,3,0,121,FULTON (121),280,ATLANTA,1,Enero,31,2022,9,56,SR-54,3,Highway estatal,Urbano,Arteria Menor,State Highway Agency,0,Sin jurisdiccion especial,34,33.69313889,-84.36674444,Vehiculo en movimiento,Frente a Detrás,T-Intersection,Interseccion de T,Sobre calle,Ninguna,Dia total,Nublado,No,NO APLICA,9,56,10,0,1,31/01/2022,4
13,Georgia,131731,0,0,2,0,89,DEKALB (89),1610,DECATUR,5,Mayo,12,2022,21,6,CR-5190,4,Calle del Condado,Urbano,Arteria Principal,County Highway Agency,1,Sin jurisdiccion especial,55,33.71871667,-84.21535278,Vehiculo en movimiento,Angulo,Four-Way Intersection,Interseccion de 4 direcciones,Sobre calle,Ninguna,Oscuro sin iluminacion,Despejado,No,NO APLICA,21,19,21,25,1,12/05/2022,3
13,Georgia,131734,0,0,2,0,21,BIBB (21),3390,MACON,5,Mayo,16,2022,13,57,I-16,1,Interestatal,Urbano,Arterial Principal -Freeway o ExpressWay,State Highway Agency,1,Sin jurisdiccion especial,99998,32.853275,-83.63353056,Vehiculo en movimiento,Frente a frente,Not an Intersection,No fue interseccion,Sobre calle,Construccion,Dia total,Despejado,No,NO APLICA,13,58,14,19,1,16/05/2022,2
13,Georgia,131735,2,2,1,0,121,FULTON (121),280,ATLANTA,6,Junio,3,2022,20,34,CS-067303,6,Calle Local Municipalidad,Urbano,Arteria Menor,City or Municipal Highway Agency,0,Sin jurisdiccion especial,21,33.78995278,-84.38930278,Peaton,El primer evento no fue una colision con un vehiculo automotor en transporte,Four-Way Intersection,Interseccion de 4 direcciones,Sobre calle,Ninguna,Oscuro con iluminacion,Despejado,No,NO APLICA,99,99,99,99,1,03/06/2022,1
13,Georgia,131736,0,0,2,0,121,FULTON (121),280,ATLANTA,6,Junio,8,2022,11,40,I-20,1,Interestatal,Urbano,Interestatal,State Highway Agency,1,Sin jurisdiccion especial,86,33.74471944,-84.39926944,Barrera de Trafico de Concreto,El primer evento no fue una colision con un vehiculo automotor en transporte,Not an Intersection,No fue interseccion,En el medio,Ninguna,Dia total,Despejado,No,NO APLICA,99,99,99,99,1,08/06/2022,3
13,Georgia,131737,0,0,1,0,151,HENRY (151),3360,MCDONOUGH,6,Junio,12,2022,15,9,I-75,1,Interestatal,Urbano,Interestatal,State Highway Agency,1,Sin jurisdiccion especial,129,33.46242222,-84.21015,Volcadura,El primer evento no fue una colision con un vehiculo automotor en transporte,Not an Intersection,No fue interseccion,Sobre el lado de la calle,Ninguna,Dia total,Despejado,No,NO APLICA,15,11,15,24,1,12/06/2022,1
13,Georgia,131738,1,1,1,0,51,CHATHAM (51),4910,SAVANNAH,6,Junio,18,2022,16,3,BEE RD,6,Calle Local Municipalidad,Urbano,Colector Mayor,City or Municipal Highway Agency,0,Sin jurisdiccion especial,8,32.04954167,-81.07533611,Ciclista,El primer evento no fue una colision con un vehiculo automotor en transporte,Four-Way Intersection,Interseccion de 4 direcciones,Sobre calle,Ninguna,Dia total,Despejado,No,NO APLICA,99,99,99,99,1,18/06/2022,1
13,Georgia,131739,0,0,2,0,89,DEKALB (89),4370,PINE LAKE,6,Junio,24,2022,22,18,CR-812 RAYS ROAD,4,Calle del Condado,Urbano,Colector Mayor,County Highway Agency,0,Sin jurisdiccion especial,3,33.795675,-84.21913889,Vehiculo en movimiento,Angulo,T-Intersection,Interseccion de T,Sobre calle,Ninguna,Oscuro con iluminacion,Despejado,No,NO APLICA,99,99,99,99,1,24/06/2022,2
13,Georgia,131740,0,0,2,0,215,MUSCOGEE (215),1280,COLUMBUS,6,Junio,25,2022,19,39,BENNING DRIVE,6,Calle Local Municipalidad,Urbano,Arteria Menor,City or Municipal Highway Agency,0,Sin jurisdiccion especial,7,32.42856111,-84.94364722,Vehiculo en movimiento,Angulo,Four-Way Intersection,Interseccion de 4 direcciones,Sobre calle,Ninguna,Dia total,Despejado,No,NO APLICA,19,40,19,40,1,25/06/2022,2
13,Georgia,131741,0,0,1,0,15,BARTOW (15),9997,Other,7,Julio,4,2022,6,42,CR-206,4,Calle del Condado,Rural,Local,County Highway Agency,0,Sin jurisdiccion especial,5,34.37610556,-84.75299167,Arbol,El primer evento no fue una colision con un vehiculo automotor en transporte,Not an Intersection,No fue interseccion,Sobre el lado de la calle,Ninguna,Dia total,Despejado,No,NO APLICA,6,43,7,16,1,04/07/2022,1
13,Georgia,131745,0,0,4,0,295,WALKER (295),4735,ROCK SPRING,9,Septiembre,12,2022,15,13,SR-1 MARTHA BERRY HWY,3,Highway estatal,Rural,Arteria Principal,State Highway Agency,1,Sin jurisdiccion especial,169,34.82429167,-85.24056944,Vehiculo en movimiento,Angulo,Four-Way Intersection,Interseccion de 4 direcciones,Sobre calle,Ninguna,Dia total,Despejado,No,NO APLICA,15,21,15,32,1,12/09/2022,5
13,Georgia,131746,0,0,1,0,243,RANDOLPH (243),1460,CUTHBERT,9,Septiembre,17,2022,8,15,US-82/SR-50,2,US Highway,Rural,Arteria Principal,State Highway Agency,1,Sin jurisdiccion especial,77,31.76574167,-84.82040833,Zanja,El primer evento no fue una colision con un vehiculo automotor en transporte,T-Intersection,Interseccion de T,Sobre el lado de la calle,Ninguna,Dia total,Despejado,No,NO APLICA,99,99,99,99,1,17/09/2022,5