Estado,Nombre de Estado,Numero de Caso,Peatones,Personas _no_vehiculos,Vehiculos automotores,Vehiculos estacionados,Condado,Nombre Condado,Ciudad,Nombre Ciudad,Mes,Nombre Mes,Dia,Año,Hora,Minuto,Calle,Ruta,Nombre Ruta,Rural o Urbanoo,Sistema Funcional,Dueño Calle,Sistema Nacional Carreteras,Jurisdiccion Especial,Milla,Latitud,Longitud,Causa del Accidente,Tipo de Accidente,Tipo Interseccion,Columna1,Lugar en la calle,Zona de Trabajo,Luz,Clima,Autobus Escolar,Cruce de Trenes,Hora Notificacion,Minuto Notificacion,Hora Llegada,Minuto Llegada,Decesos,Fecha,PersonaVehiculo
13,Georgia,131747,0,0,2,0,143,HARALSON (143),690,BREMEN,10,Octubre,15,2022,20,15,SR-1,3,Highway estatal,Urbano,Arteria Principal,State Highway Agency,1,Sin jurisdiccion especial,40,33.75052222,-85.15969722,Vehiculo en movimiento,Frente a frente,Not an Intersection,No fue interseccion,Sobre calle,Ninguna,Oscuro sin iluminacion,Despejado,No,NO APLICA,20,30,20,36,2,15/10/2022,3
13,Georgia,131748,0,0,3,0,121,FULTON (121),280,ATLANTA,10,Octubre,26,2022,14,0,CS-CLEVLAND AVE,5,Calle Local - Pueblo,Urbano,Arteria Menor,City or Municipal Highway Agency,0,Sin jurisdiccion especial,30,33.68130556,-84.41500278,Vehiculo en movimiento,Angulo,Four-Way Intersection,Interseccion de 4 direcciones,Sobre calle,Ninguna,Dia total,Despejado,No,NO APLICA,16,0,16,7,1,26/10/2022,5
13,Georgia,131749,0,0,2,0,143,HARALSON (143),5370,TALLAPOOSA,10,Octubre,30,2022,15,40,CS-BROAD ST,5,Calle Local - Pueblo,Rural,Local,City or Municipal Highway Agency,0,Sin jurisdiccion especial,0,33.76043333,-85.314275,Vehiculo en movimiento,Frente a Detrás,Not an Intersection,No fue interseccion,Sobre calle,Ninguna,Dia total,Nublado,No,NO APLICA,99,99,99,99,1,30/10/2022,2
13,Georgia,131752,1,1,1,0,145,HARRIS (145),9898,Not Reported,12,Diciembre,20,2022,19,40,SR-1,3,Highway estatal,Rural,Arteria Menor,State Highway Agency,0,Sin jurisdiccion especial,121,32.75700278,-84.87503889,Peaton,El primer evento no fue una colision con un vehiculo automotor en transporte,Not an Intersection,No fue interseccion,Sobre calle,Ninguna,Oscuro sin iluminacion,lluvia,No,NO APLICA,19,43,19,56,1,20/12/2022,1
13,Georgia,131753,0,0,1,0,195,MADISON (195),4800,ROYSTON,11,Noviembre,20,2022,14,30,SR-281,3,Highway estatal,Rural,Colector Mayor,State Highway Agency,0,Sin jurisdiccion especial,0,34.26363056,-83.11555833,Otra no colicion,El primer evento no fue una colision con un vehiculo automotor en transporte,Not an Intersection,No fue interseccion,Sobre calle,Ninguna,Dia total,Despejado,No,NO APLICA,14,31,14,37,1,20/11/2022,2
13,Georgia,131754,0,0,1,0,237,PUTNAM (237),1930,EATONTON,12,Diciembre,12,2022,14,20,PEA RIDGE ROAD,5,Calle Local - Pueblo,Rural,Colector Mayor,Town or Township Highway Agency,0,Sin jurisdiccion especial,77,33.33888611,-83.28981944,Arbol,El primer evento no fue una colision con un vehiculo automotor en transporte,Not an Intersection,No fue interseccion,Sobre el lado de la calle,Ninguna,Dia total,Nublado,No,NO APLICA,14,25,14,36,1,12/12/2022,1
13,Georgia,131756,0,0,2,0,135,GWINNETT (135),3990,NORCROSS,7,Julio,7,2022,3,35,I-85,1,Interestatal,Urbano,Interestatal,State Highway Agency,1,Sin jurisdiccion especial,1,33.90663333,-84.23506667,Vehiculo en movimiento,Frente a Detrás,Not an Intersection,No fue interseccion,Sobre calle,Ninguna,Oscuro sin iluminacion,Nublado,No,NO APLICA,3,35,3,45,1,07/07/2022,4
13,Georgia,131757,0,0,1,0,123,GILMER (123),2000,ELLIJAY,7,Julio,15,2022,5,25,BRUSHY TOP ROAD,5,Calle Local - Pueblo,Rural,Local,Town or Township Highway Agency,0,Sin jurisdiccion especial,99998,34.694575,-84.63194722,Volcadura,El primer evento no fue una colision con un vehiculo automotor en transporte,Not an Intersection,No fue interseccion,Sobre calle,Ninguna,Amanecer,Despejado,No,NO APLICA,5,25,5,39,1,15/07/2022,1
13,Georgia,131758,0,0,1,0,89,DEKALB (89),3210,LITHONIA,10,Octubre,10,2022,4,0,MARBUT ROAD,6,Calle Local Municipalidad,Urbano,Colector Mayor,City or Municipal Highway Agency,0,Sin jurisdiccion especial,9,33.72656667,-84.12370556,Poste,El primer evento no fue una colision con un vehiculo automotor en transporte,Not an Intersection,No fue interseccion,Sobre el lado de la calle,Ninguna,Oscuro sin iluminacion,Despejado,No,NO APLICA,99,99,99,99,1,10/10/2022,1
13,Georgia,131759,0,0,1,0,135,GWINNETT (135),800,BUFORD,4,Abril,7,2022,12,45,I-85 EXIT RAMP,1,Interestatal,Urbano,Interestatal,State Highway Agency,1,Sin jurisdiccion especial,4,34.05739722,-83.99080278,Otra no colicion,El primer evento no fue una colision con un vehiculo automotor en transporte,Not an Intersection,No fue interseccion,Sobre calle,Ninguna,Dia total,Nublado,No,NO APLICA,13,5,13,11,1,07/04/2022,1
13,Georgia,131760,1,1,1,0,89,DEKALB (89),3210,LITHONIA,12,Diciembre,8,2022,6,4,LITHONIA INDUSTRIAL BLVD,6,Calle Local Municipalidad,Urbano,Arteria Menor,City or Municipal Highway Agency,0,Sin jurisdiccion especial,11,33.71576389,-84.12242222,Peaton,El primer evento no fue una colision con un vehiculo automotor en transporte,Not an Intersection,No fue interseccion,Sobre calle,Ninguna,Oscuro con iluminacion,Neblina o Humo,No,NO APLICA,99,99,99,99,1,08/12/2022,1
13,Georgia,131761,1,1,3,0,89,DEKALB (89),9997,Other,12,Diciembre,24,2022,18,9,SR-13 BUFORD HWY,3,Highway estatal,Urbano,Arteria Principal,State Highway Agency,1,Sin jurisdiccion especial,17,33.844275,-84.32702222,Vehiculo en movimiento,Angulo,Four-Way Intersection,Interseccion de 4 direcciones,Sobre calle,Ninguna,Oscuro con iluminacion,Despejado,No,NO APLICA,18,15,18,25,1,24/12/2022,9
13,Georgia,131762,0,0,2,0,187,LUMPKIN (187),1480,DAHLONEGA,11,Noviembre,23,2022,10,45,SR-400,3,Highway estatal,Rural,Arteria Principal,State Highway Agency,1,Sin jurisdiccion especial,18,34.44486944,-83.98828056,Vehiculo en movimiento,Frente a frente,Four-Way Intersection,Interseccion de 4 direcciones,Sobre calle,Ninguna,Dia total,Despejado,No,NO APLICA,10,45,10,46,1,23/11/2022,2
13,Georgia,131763,0,0,1,0,15,BARTOW (15),980,CARTERSVILLE,7,Julio,25,2022,22,3,SR-113,3,Highway estatal,Urbano,Arteria Menor,State Highway Agency,0,Sin jurisdiccion especial,36,34.13144167,-84.84939167,Otra no colicion,El primer evento no fue una colision con un vehiculo automotor en transporte,Not an Intersection,No fue interseccion,Sobre calle,Ninguna,Oscuro sin iluminacion,Nublado,No,NO APLICA,99,99,99,99,1,25/07/2022,1
13,Georgia,131764,1,1,1,0,127,GLYNN (127),760,BRUNSWICK,5,Mayo,4,2022,8,51,NORWICH ST,6,Calle Local Municipalidad,Urbano,Arteria Menor,City or Municipal Highway Agency,0,Sin jurisdiccion especial,9,31.16379167,-81.496475,Peaton,El primer evento no fue una colision con un vehiculo automotor en transporte,Not an Intersection,No fue interseccion,Sobre calle,Ninguna,Dia total,Despejado,No,NO APLICA,8,54,8,57,1,04/05/2022,1
13,Georgia,131765,0,0,2,0,261,SUMTER (261),9898,Not Reported,8,Agosto,7,2022,22,43,SR-30,3,Highway estatal,Rural,Arteria Principal,State Highway Agency,1,Sin jurisdiccion especial,327,31.95903056,-83.99102222,Vehiculo en movimiento,Golpe Lateral - misma direccion,Not an Intersection,No fue interseccion,Sobre calle,Ninguna,Oscuro sin iluminacion,Despejado,No,NO APLICA,22,55,22,55,1,07/08/2022,2
13,Georgia,131766,0,0,2,0,121,FULTON (121),9898,Not Reported,9,Septiembre,30,2022,0,56,I-20,1,Interestatal,Urbano,Interestatal,State Highway Agency,1,Sin jurisdiccion especial,98,33.74320278,-84.37777778,Vehiculo en movimiento,Golpe Lateral - misma direccion,Not an Intersection,No fue interseccion,Sobre calle,Ninguna,Oscuro con iluminacion,Despejado,No,NO APLICA,1,3,1,10,2,30/09/2022,3
13,Georgia,131768,1,1,2,0,89,DEKALB (89),4235,PANTHERSVILLE,5,Mayo,12,2022,2,50,I-20,1,Interestatal,Urbano,Interestatal,State Highway Agency,1,Sin jurisdiccion especial,99998,33.71583611,-84.261075,Vehiculo en movimiento,Frente a Detrás,Not an Intersection,No fue interseccion,Sobre calle,Ninguna,Oscuro sin iluminacion,Despejado,No,NO APLICA,99,99,99,99,2,12/05/2022,1
13,Georgia,131769,0,0,1,0,97,DOUGLAS (97),1770,DOUGLASVILLE,7,Julio,16,2022,9,57,I-20,1,Interestatal,Urbano,Interestatal,State Highway Agency,1,Sin jurisdiccion especial,99998,33.74468889,-84.72233889,Valla Ferrocarril,El primer evento no fue una colision con un vehiculo automotor en transporte,Not an Intersection,No fue interseccion,En el medio,Ninguna,Dia total,Despejado,No,NO APLICA,99,99,99,99,1,16/07/2022,1
13,Georgia,131770,0,0,4,0,121,FULTON (121),1900,EAST POINT,7,Julio,22,2022,5,20,I-285,1,Interestatal,Urbano,Interestatal,State Highway Agency,1,Sin jurisdiccion especial,99998,33.63746111,-84.49278889,Vehiculo en movimiento,Frente a Detrás,Not an Intersection,No fue interseccion,Sobre calle,Ninguna,Oscuro sin iluminacion,Despejado,No,NO APLICA,5,33,5,44,1,22/07/2022,5
13,Georgia,131771,0,0,2,0,303,WASHINGTON (303),4880,SANDERSVILLE,7,Julio,17,2022,21,55,SR-88,3,Highway estatal,Rural,Arteria Principal,State Highway Agency,1,Sin jurisdiccion especial,99998,32.99931111,-82.75503889,Vehiculo en movimiento,Frente a frente,Not an Intersection,No fue interseccion,Sobre calle,Construccion,Oscuro sin iluminacion,Despejado,No,NO APLICA,21,57,22,1,1,17/07/2022,3
13,Georgia,131772,0,0,1,0,63,CLAYTON (63),2180,FOREST PARK,8,Agosto,15,2022,0,56,I-285,1,Interestatal,Urbano,Interestatal,State Highway Agency,1,Sin jurisdiccion especial,99998,33.63110833,-84.38919444,Otra no colicion,El primer evento no fue una colision con un vehiculo automotor en transporte,Not an Intersection,No fue interseccion,Sobre calle,Ninguna,Oscuro sin iluminacion,Despejado,No,NO APLICA,99,98,99,98,1,15/08/2022,1
13,Georgia,131773,0,0,5,0,21,BIBB (21),3390,MACON,9,Septiembre,20,2022,6,42,ROCKY CREEK RD,5,Calle Local - Pueblo,Urbano,Arteria Menor,Other Local Agency,0,Sin jurisdiccion especial,99998,32.79104722,-83.66637222,Vehiculo en movimiento,Frente a frente,Not an Intersection,No fue interseccion,Sobre calle,Ninguna,Amanecer,Despejado,No,NO APLICA,6,45,6,49,1,20/09/2022,6
13,Georgia,131774,1,1,1,0,139,HALL (139),2285,GAINESVILLE,10,Octubre,2,2022,1,12,SR-11,3,Highway estatal,Urbano,Arteria Principal,State Highway Agency,1,Sin jurisdiccion especial,99998,34.34046111,-83.81673889,Peaton,El primer evento no fue una colision con un vehiculo automotor en transporte,Not an Intersection,No fue interseccion,Sobre calle,Ninguna,Oscuro sin iluminacion,Despejado,No,NO APLICA,1,17,1,19,1,02/10/2022,1
13,Georgia,131775,0,0,1,0,141,HANCOCK (141),5120,SPARTA,10,Octubre,10,2022,4,50,SR-16,3,Highway estatal,Rural,Colector Mayor,State Highway Agency,0,Sin jurisdiccion especial,99998,33.34526667,-83.10718611,Otra no colicion,El primer evento no fue una colision con un vehiculo automotor en transporte,Not an Intersection,No fue interseccion,Sobre calle,Ninguna,Amanecer,Despejado,No,NO APLICA,99,98,99,98,1,10/10/2022,1
13,Georgia,131776,0,0,1,0,121,FULTON (121),1250,COLLEGE PARK,10,Octubre,8,2022,7,43,SR-14 SPUR,3,Highway estatal,Urbano,Arterial Principal -Freeway o ExpressWay,State Highway Agency,1,Sin jurisdiccion especial,99998,33.6149,-84.4966,Otra no colicion,El primer evento no fue una colision con un vehiculo automotor en transporte,Not an Intersection,No fue interseccion,Sobre calle,Ninguna,Dia total,Despejado,No,NO APLICA,99,99,99,99,1,08/10/2022,1
13,Georgia,131777,0,0,1,0,47,CATOOSA (47),4680,RINGGOLD,10,Octubre,12,2022,2,12,I-75,1,Interestatal,Urbano,Interestatal,State Highway Agency,1,Sin jurisdiccion especial,99998,34.90879722,-85.10951667,Valla Ferrocarril,El primer evento no fue una colision con un vehiculo automotor en transporte,Not an Intersection,No fue interseccion,En el medio,Ninguna,Oscuro sin iluminacion,Despejado,No,NO APLICA,2,18,2,29,1,12/10/2022,1
13,Georgia,131778,0,0,2,0,139,HALL (139),2285,GAINESVILLE,10,Octubre,24,2022,17,40,SR-136 PRICE RD,3,Highway estatal,Urbano,Arteria Menor,State Highway Agency,0,Sin jurisdiccion especial,99998,34.38424167,-83.91299722,Vehiculo en movimiento,Frente a Detrás,Not an Intersection,No fue interseccion,Sobre calle,Ninguna,Dia total,Despejado,No,NO APLICA,17,49,17,56,1,24/10/2022,2
13,Georgia,131780,0,0,1,0,135,GWINNETT (135),3100,LAWRENCEVILLE,5,Mayo,10,2022,20,18,SR-8,3,Highway estatal,Urbano,Arteria Menor,State Highway Agency,0,Sin jurisdiccion especial,148,33.95941667,-83.97369167,Alguien se cayo/avento del vehiculo,El primer evento no fue una colision con un vehiculo automotor en transporte,Not an Intersection,No fue interseccion,Sobre calle,Ninguna,Oscuro con iluminacion,Despejado,No,NO APLICA,20,19,20,19,1,10/05/2022,1
15,Hawaii,150001,1,1,1,0,9,MAUI (9),9997,Other,1,Enero,1,2022,0,11,SR-30,3,Highway estatal,Urbano,Arteria Principal,State Highway Agency,9,Sin jurisdiccion especial,250,20.92930278,-156.6900667,Peaton,El primer evento no fue una colision con un vehiculo automotor en transporte,Not an Intersection,No fue interseccion,Sobre calle,Ninguna,Oscuro con iluminacion,Nublado,No,NO APLICA,0,11,0,19,1,01/01/2022,4
15,Hawaii,150002,0,0,1,0,9,MAUI (9),9300,WAILUKU HAWAIIAN HOME LAND (HISTORICAL),1,Enero,1,2022,1,45,CR-KEHALANI MAUKA PARKWAY,4,Calle del Condado,Urbano,Arteria Menor,County Highway Agency,0,Sin jurisdiccion especial,99998,20.87852222,-156.5076306,Banqueta,El primer evento no fue una colision con un vehiculo automotor en transporte,Not an Intersection,No fue interseccion,Sobre el lado de la calle,Ninguna,Oscuro sin iluminacion,Nublado,No,NO APLICA,1,45,1,56,1,01/01/2022,1
15,Hawaii,150003,1,1,1,0,3,HONOLULU (3),2400,HONOLULU,1,Enero,14,2022,22,53,SR-92,3,Highway estatal,Urbano,Arteria Principal,State Highway Agency,1,Sin jurisdiccion especial,99998,21.32860556,-157.8864417,Peaton,El primer evento no fue una colision con un vehiculo automotor en transporte,T-Intersection,Interseccion de T,Sobre calle,Ninguna,Oscuro con iluminacion,Despejado,No,NO APLICA,22,52,22,56,1,14/01/2022,1
15,Hawaii,150004,1,1,1,0,1,HAWAII (1),9997,Other,1,Enero,9,2022,20,25,SR-19,3,Highway estatal,Urbano,Arteria Principal,State Highway Agency,1,Sin jurisdiccion especial,680,20.00750833,-155.8140917,Peaton,El primer evento no fue una colision con un vehiculo automotor en transporte,Not an Intersection,No fue interseccion,Sobre calle,Ninguna,Oscuro sin iluminacion,Despejado,No,NO APLICA,20,26,20,33,1,09/01/2022,2
15,Hawaii,150005,0,0,1,0,1,HAWAII (1),1900,HILO,1,Enero,1,2022,15,29,CR-MAUNA KEA ACCESS ROAD,4,Calle del Condado,Rural,Arteria Menor,County Highway Agency,0,Sin jurisdiccion especial,99998,19.74390278,-155.4498333,Volcadura,El primer evento no fue una colision con un vehiculo automotor en transporte,Not an Intersection,No fue interseccion,Sobre el lado de la calle,Ninguna,Dia total,lluvia,No,NO APLICA,15,31,16,15,1,01/01/2022,8
15,Hawaii,150006,1,1,1,0,3,HONOLULU (3),8200,PEARL CITY,1,Enero,22,2022,0,25,I-H2,1,Interestatal,Urbano,Interestatal,State Highway Agency,1,Sin jurisdiccion especial,99998,21.434575,-157.9952667,Peaton,El primer evento no fue una colision con un vehiculo automotor en transporte,Not an Intersection,No fue interseccion,Sobre calle,Ninguna,Oscuro con iluminacion,Despejado,No,NO APLICA,0,28,0,42,1,22/01/2022,1
15,Hawaii,150007,0,0,2,0,9,MAUI (9),4800,KIHEI,1,Enero,24,2022,8,36,SR-311,3,Highway estatal,Urbano,Arteria Principal,State Highway Agency,1,Sin jurisdiccion especial,62,20.78843333,-156.4632333,Vehiculo en movimiento,Frente a frente,Not an Intersection,No fue interseccion,Sobre calle,Ninguna,Dia total,Despejado,No,NO APLICA,8,36,8,44,1,24/01/2022,2
15,Hawaii,150008,1,1,1,0,9,MAUI (9),9997,Other,1,Enero,29,2022,22,34,CR-FRONT STREET,4,Calle del Condado,Urbano,Arteria Menor,County Highway Agency,0,Sin jurisdiccion especial,99998,20.88491667,-156.6850139,Ciclista,El primer evento no fue una colision con un vehiculo automotor en transporte,Not an Intersection,No fue interseccion,Sobre calle,Ninguna,Oscuro con iluminacion,Despejado,No,NO APLICA,22,36,22,39,1,29/01/2022,1
15,Hawaii,150009,0,0,3,0,3,HONOLULU (3),9400,WAIMANALO,1,Enero,27,2022,18,38,SR-72,3,Highway estatal,Urbano,Arteria Principal,State Highway Agency,1,Sin jurisdiccion especial,99998,21.31528611,-157.663125,Vehiculo en movimiento,Golpe Lateral - direccion contraria,Not an Intersection,No fue interseccion,Sobre calle,Ninguna,Oscuro sin iluminacion,Despejado,No,NO APLICA,18,40,18,55,1,27/01/2022,5
15,Hawaii,150010,1,1,1,0,3,HONOLULU (3),2400,HONOLULU,1,Enero,29,2022,1,23,SR-92 NIMITZ HWY,3,Highway estatal,Urbano,Arteria Principal,State Highway Agency,1,Sin jurisdiccion especial,99998,21.327125,-157.8853278,Ciclista,El primer evento no fue una colision con un vehiculo automotor en transporte,Four-Way Intersection,Interseccion de 4 direcciones,Sobre calle,Ninguna,Oscuro con iluminacion,Despejado,No,NO APLICA,1,28,1,38,1,29/01/2022,3
15,Hawaii,150011,0,0,1,0,1,HAWAII (1),300,CAPTAIN COOK,1,Enero,27,2022,16,27,SR-11,3,Highway estatal,Rural,Arteria Principal,State Highway Agency,9,Sin jurisdiccion especial,920,19.29959167,-155.8731611,Acotamiento,El primer evento no fue una colision con un vehiculo automotor en transporte,Not an Intersection,No fue interseccion,Sobre el lado de la calle,Ninguna,Dia total,Despejado,No,NO APLICA,16,30,16,55,1,27/01/2022,1
15,Hawaii,150012,0,0,1,0,3,HONOLULU (3),9997,Other,2,Febrero,5,2022,21,40,SR-83,3,Highway estatal,Urbano,Arteria Principal,State Highway Agency,9,Sin jurisdiccion especial,99998,21.56809444,-157.8757,Otro objeto (no fijo),El primer evento no fue una colision con un vehiculo automotor en transporte,Not an Intersection,No fue interseccion,Sobre el lado de la calle,Ninguna,Oscuro con iluminacion,Despejado,No,NO APLICA,21,46,22,10,1,05/02/2022,1
15,Hawaii,150013,0,0,1,0,3,HONOLULU (3),3500,KANEOHE,2,Febrero,10,2022,22,20,SR-63,3,Highway estatal,Urbano,Arteria Principal,State Highway Agency,1,Sin jurisdiccion especial,63,21.37986667,-157.8114194,Banqueta,El primer evento no fue una colision con un vehiculo automotor en transporte,Not an Intersection,No fue interseccion,Sobre el lado de la calle,Ninguna,Oscuro sin iluminacion,Despejado,No,NO APLICA,22,22,22,30,1,10/02/2022,2
15,Hawaii,150014,0,0,3,0,1,HAWAII (1),9997,Other,1,Enero,30,2022,19,33,SR-11,3,Highway estatal,Rural,Arteria Principal,State Highway Agency,0,Sin jurisdiccion especial,180,19.50485278,-155.1421056,Vehiculo en movimiento,Frente a frente,Not an Intersection,No fue interseccion,Sobre calle,Ninguna,Oscuro sin iluminacion,Nublado,No,NO APLICA,19,34,19,50,3,30/01/2022,4
15,Hawaii,150015,0,0,2,0,9,MAUI (9),2900,KAHULUI,2,Febrero,13,2022,4,47,SR-311,3,Highway estatal,Urbano,Arteria Principal,State Highway Agency,1,Sin jurisdiccion especial,30,20.83398611,-156.4657111,Vehiculo en movimiento,Frente a Detrás,Not an Intersection,No fue interseccion,Sobre calle,Ninguna,Oscuro sin iluminacion,lluvia,No,NO APLICA,4,47,5,0,1,13/02/2022,2
15,Hawaii,150016,0,0,2,0,3,HONOLULU (3),3500,KANEOHE,2,Febrero,20,2022,16,15,SR-83,3,Highway estatal,Urbano,Arteria Principal,State Highway Agency,1,Sin jurisdiccion especial,99998,21.38925556,-157.7944611,Vehiculo en movimiento,Angulo,Four-Way Intersection,Interseccion de 4 direcciones,Sobre calle,Ninguna,Dia total,Despejado,No,NO APLICA,16,27,16,35,1,20/02/2022,3
15,Hawaii,150017,0,0,2,0,3,HONOLULU (3),2800,KAHUKU,2,Febrero,12,2022,21,58,SR-83,3,Highway estatal,Urbano,Arteria Principal,State Highway Agency,1,Sin jurisdiccion especial,99998,21.673675,-157.9430028,Vehiculo en movimiento,Angulo,T-Intersection,Interseccion de T,Sobre calle,Ninguna,Dia total,Despejado,No,NO APLICA,21,59,22,3,1,12/02/2022,2
15,Hawaii,150018,1,1,1,0,3,HONOLULU (3),2400,HONOLULU,2,Febrero,18,2022,17,50,CR-IWILEI ROAD,4,Calle del Condado,Urbano,Arteria Menor,County Highway Agency,0,Sin jurisdiccion especial,0,21.31599167,-157.8680611,Ciclista,El primer evento no fue una colision con un vehiculo automotor en transporte,Four-Way Intersection,Interseccion de 4 direcciones,Sobre calle,Ninguna,Dia total,Nublado,No,NO APLICA,17,53,17,59,1,18/02/2022,1
15,Hawaii,150019,0,0,1,0,9,MAUI (9),8500,PUKALANI,2,Febrero,24,2022,4,40,SR-37,3,Highway estatal,Urbano,Arteria Principal,State Highway Agency,1,Sin jurisdiccion especial,80,20.82900833,-156.3300944,Arbol,El primer evento no fue una colision con un vehiculo automotor en transporte,Not an Intersection,No fue interseccion,Sobre el lado de la calle,Ninguna,Oscuro con iluminacion,Despejado,No,NO APLICA,4,42,4,56,1,24/02/2022,1
15,Hawaii,150020,0,0,1,0,1,HAWAII (1),300,CAPTAIN COOK,2,Febrero,24,2022,9,56,NONE,8,Otro,Trafficway Not in State Inventory,Via no en inventario estatal,Trafficway Not in State Inventory,0,otro,0,19.44130278,-155.8793833,"La carga del vehiculo (cambio, perdida, o otro)",El primer evento no fue una colision con un vehiculo automotor en transporte,Not an Intersection,No fue interseccion,Sobre calle,Ninguna,Dia total,Despejado,No,NO APLICA,9,57,10,10,1,24/02/2022,2
15,Hawaii,150021,1,3,6,5,3,HONOLULU (3),6900,NANAKULI,2,Febrero,26,2022,22,30,CR-HALEAKALA AVE,4,Calle del Condado,Urbano,Arteria Menor,County Highway Agency,0,Sin jurisdiccion especial,0,21.38775833,-158.1362778,Vehiculo Aparcado,El primer evento no fue una colision con un vehiculo automotor en transporte,Not an Intersection,No fue interseccion,En estacionamiento,Ninguna,Oscuro con iluminacion,Despejado,No,NO APLICA,22,49,22,52,2,26/02/2022,1
15,Hawaii,150022,0,0,1,0,1,HAWAII (1),7100,NINOLE,2,Febrero,5,2022,9,37,SR-19,3,Highway estatal,Rural,Arteria Principal,State Highway Agency,1,Sin jurisdiccion especial,180,19.9272,-155.1560694,Soporte de Puente,El primer evento no fue una colision con un vehiculo automotor en transporte,Not an Intersection,No fue interseccion,Sobre el lado de la calle,Ninguna,Dia total,Nublado,No,NO APLICA,9,41,10,1,1,05/02/2022,1
15,Hawaii,150023,1,1,1,0,3,HONOLULU (3),2400,HONOLULU,2,Febrero,27,2022,21,35,CR-KALAKAUA AVE,4,Calle del Condado,Urbano,Arteria Menor,County Highway Agency,0,Sin jurisdiccion especial,99998,21.29718333,-157.8369389,Peaton,El primer evento no fue una colision con un vehiculo automotor en transporte,Four-Way Intersection,Interseccion de 4 direcciones,Sobre calle,Ninguna,Oscuro con iluminacion,Despejado,No,NO APLICA,21,38,21,40,1,27/02/2022,1
15,Hawaii,150024,0,0,2,0,3,HONOLULU (3),9600,WAIPAHU,3,Marzo,2,2022,12,38,SR-93,3,Highway estatal,Urbano,Arteria Principal,State Highway Agency,1,Sin jurisdiccion especial,99998,21.38367778,-158.0056556,Vehiculo en movimiento,Angulo,Not an Intersection,No fue interseccion,Sobre calle,Ninguna,Dia total,Despejado,No,NO APLICA,12,41,12,53,1,02/03/2022,3
15,Hawaii,150025,1,1,1,0,3,HONOLULU (3),2400,HONOLULU,3,Marzo,2,2022,22,7,SR-92,3,Highway estatal,Urbano,Arteria Principal,State Highway Agency,1,Sin jurisdiccion especial,99998,21.33699167,-157.9114889,Peaton,El primer evento no fue una colision con un vehiculo automotor en transporte,Not an Intersection,No fue interseccion,Sobre calle,Ninguna,Oscuro con iluminacion,Despejado,No,NO APLICA,22,9,22,13,1,02/03/2022,1
15,Hawaii,150026,0,0,1,0,3,HONOLULU (3),9400,WAIMANALO,3,Marzo,13,2022,2,45,CR-AKAAKAAWA STREET,4,Calle del Condado,Urbano,Arteria Menor,County Highway Agency,0,Sin jurisdiccion especial,99998,21.36883056,-157.7367722,Poste,El primer evento no fue una colision con un vehiculo automotor en transporte,Not an Intersection,No fue interseccion,Sobre el lado de la calle,Ninguna,Oscuro con iluminacion,Despejado,No,NO APLICA,2,43,2,45,1,13/03/2022,1
15,Hawaii,150027,0,0,1,0,1,HAWAII (1),1900,HILO,3,Marzo,8,2022,16,32,SR-2000,3,Highway estatal,Urbano,Arteria Principal,State Highway Agency,0,Sin jurisdiccion especial,60,19.68094722,-155.1522,Volcadura,El primer evento no fue una colision con un vehiculo automotor en transporte,Not an Intersection,No fue interseccion,Sobre el lado de la calle,Ninguna,Dia total,lluvia,No,NO APLICA,16,33,16,46,1,08/03/2022,2
15,Hawaii,150028,1,1,2,0,3,HONOLULU (3),9600,WAIPAHU,3,Marzo,20,2022,17,20,CR-WAIPAHU STREET,4,Calle del Condado,Urbano,Arteria Menor,County Highway Agency,0,Sin jurisdiccion especial,99998,21.39316111,-158.0003361,Ciclista,El primer evento no fue una colision con un vehiculo automotor en transporte,Not an Intersection,No fue interseccion,Sobre calle,Ninguna,Dia total,Despejado,No,NO APLICA,17,21,17,32,1,20/03/2022,3
15,Hawaii,150029,0,0,1,0,1,HAWAII (1),300,CAPTAIN COOK,3,Marzo,25,2022,22,33,SR-11,3,Highway estatal,Urbano,Arteria Principal,State Highway Agency,1,Sin jurisdiccion especial,1100,19.49581667,-155.9186778,Valla Ferrocarril,El primer evento no fue una colision con un vehiculo automotor en transporte,Not an Intersection,No fue interseccion,Sobre el lado de la calle,Ninguna,Oscuro con iluminacion,Despejado,No,NO APLICA,22,34,22,40,1,25/03/2022,1
15,Hawaii,150030,0,2,2,1,9,MAUI (9),4800,KIHEI,4,Abril,3,2022,4,5,SR-310,3,Highway estatal,Urbano,Arteria Principal,State Highway Agency,9,Sin jurisdiccion especial,22,20.79230278,-156.4792694,Vehiculo Aparcado,El primer evento no fue una colision con un vehiculo automotor en transporte,Not an Intersection,No fue interseccion,Sobre Acotamiento,Ninguna,Oscuro sin iluminacion,Vientos cruzados pero de los mamalones,No,NO APLICA,4,5,4,14,2,03/04/2022,1
15,Hawaii,150031,0,0,1,0,1,HAWAII (1),9997,Other,3,Marzo,31,2022,21,0,SR-190,3,Highway estatal,Rural,Arteria Principal,State Highway Agency,1,Sin jurisdiccion especial,170,19.83823333,-155.7770083,Acotamiento,El primer evento no fue una colision con un vehiculo automotor en transporte,Not an Intersection,No fue interseccion,Sobre el lado de la calle,Ninguna,Oscuro sin iluminacion,Nublado,No,NO APLICA,21,2,21,19,1,31/03/2022,1