Estado,Nombre de Estado,Numero de Caso,Peatones,Personas _no_vehiculos,Vehiculos automotores,Vehiculos estacionados,Condado,Nombre Condado,Ciudad,Nombre Ciudad,Mes,Nombre Mes,Dia,Año,Hora,Minuto,Calle,Ruta,Nombre Ruta,Rural o Urbanoo,Sistema Funcional,Dueño Calle,Sistema Nacional Carreteras,Jurisdiccion Especial,Milla,Latitud,Longitud,Causa del Accidente,Tipo de Accidente,Tipo Interseccion,Columna1,Lugar en la calle,Zona de Trabajo,Luz,Clima,Autobus Escolar,Cruce de Trenes,Hora Notificacion,Minuto Notificacion,Hora Llegada,Minuto Llegada,Decesos,Fecha,PersonaVehiculo
15,Hawaii,150032,1,1,1,0,1,HAWAII (1),1900,HILO,3,Marzo,17,2022,2,51,SR-19,3,Highway estatal,Urbano,Arteria Principal,State Highway Agency,1,Sin jurisdiccion especial,99998,19.72678611,-155.0865167,Ciclista,El primer evento no fue una colision con un vehiculo automotor en transporte,Not an Intersection,No fue interseccion,Sobre calle,Ninguna,Oscuro sin iluminacion,Despejado,No,NO APLICA,2,52,2,58,1,17/03/2022,1
15,Hawaii,150033,1,1,1,0,9,MAUI (9),9300,WAILUKU HAWAIIAN HOME LAND (HISTORICAL),4,Abril,14,2022,20,33,SR-30,3,Highway estatal,Urbano,Arteria Principal,State Highway Agency,1,Sin jurisdiccion especial,13,20.86882778,-156.5029,Peaton,El primer evento no fue una colision con un vehiculo automotor en transporte,Not an Intersection,No fue interseccion,Sobre Acotamiento,Ninguna,Oscuro sin iluminacion,Despejado,No,NO APLICA,20,36,20,40,1,14/04/2022,1
15,Hawaii,150034,0,0,2,0,1,HAWAII (1),8850,VOLCANO,4,Abril,19,2022,7,52,SR-11,3,Highway estatal,Rural,Arteria Principal,National Park Service,1,Servicio de Parques Nacional,99998,19.42900278,-155.2530694,Vehiculo en movimiento,Angulo,T-Intersection,Interseccion de T,Sobre calle,Ninguna,Dia total,Despejado,No,NO APLICA,7,53,8,1,1,19/04/2022,2
15,Hawaii,150035,1,1,1,0,3,HONOLULU (3),9997,Other,4,Abril,20,2022,2,20,SR-83,3,Highway estatal,Urbano,Arteria Principal,State Highway Agency,1,Sin jurisdiccion especial,99998,21.60646944,-157.9041111,Peaton,El primer evento no fue una colision con un vehiculo automotor en transporte,Not an Intersection,No fue interseccion,Sobre calle,Ninguna,Oscuro con iluminacion,Despejado,No,NO APLICA,2,20,2,35,1,20/04/2022,1
15,Hawaii,150036,1,1,1,0,3,HONOLULU (3),2400,HONOLULU,4,Abril,23,2022,9,42,CR-KAULUWEA STREET,4,Calle del Condado,Urbano,Arteria Menor,County Highway Agency,0,Sin jurisdiccion especial,99998,21.32053889,-157.8611556,Peaton,El primer evento no fue una colision con un vehiculo automotor en transporte,T-Intersection,Interseccion de T,Sobre calle,Ninguna,Dia total,lluvia,No,NO APLICA,9,42,9,46,1,23/04/2022,1
15,Hawaii,150037,0,0,3,0,9,MAUI (9),9300,WAILUKU HAWAIIAN HOME LAND (HISTORICAL),4,Abril,24,2022,5,31,SR-30,3,Highway estatal,Urbano,Arteria Principal,State Highway Agency,1,Sin jurisdiccion especial,34,20.84525556,-156.5056,Vehiculo en movimiento,Angulo,Not an Intersection,No fue interseccion,Sobre calle,Ninguna,Oscuro sin iluminacion,Despejado,No,NO APLICA,5,32,5,38,1,24/04/2022,3
15,Hawaii,150038,0,0,3,0,1,HAWAII (1),3002,KAILUA KONA,5,Mayo,2,2022,12,18,SR-190,3,Highway estatal,Urbano,Arteria Principal,State Highway Agency,1,Sin jurisdiccion especial,362,19.67355278,-155.9797722,Vehiculo en movimiento,Golpe Lateral - direccion contraria,Not an Intersection,No fue interseccion,Sobre calle,Ninguna,Dia total,Nublado,No,NO APLICA,12,23,12,34,1,02/05/2022,8
15,Hawaii,150039,0,0,2,0,1,HAWAII (1),9260,WAIKOLOA VILLAGE,5,Mayo,9,2022,1,57,SR-19,3,Highway estatal,Urbano,Arteria Principal,State Highway Agency,1,Sin jurisdiccion especial,757,19.916725,-155.8674944,Vehiculo en movimiento,Frente a Detrás,Not an Intersection,No fue interseccion,Sobre calle,Ninguna,Oscuro sin iluminacion,Despejado,No,NO APLICA,1,57,2,4,1,09/05/2022,2
15,Hawaii,150040,0,0,1,0,3,HONOLULU (3),8900,WAHIAWA,5,Mayo,22,2022,15,23,CR-KAUKONAHUA ROAD,4,Calle del Condado,Urbano,Arteria Menor,County Highway Agency,0,Sin jurisdiccion especial,0,21.51651389,-158.0536556,Zanja,El primer evento no fue una colision con un vehiculo automotor en transporte,Not an Intersection,No fue interseccion,Sobre el lado de la calle,Ninguna,Dia total,Despejado,No,NO APLICA,15,25,15,31,1,22/05/2022,1
15,Hawaii,150042,0,0,3,0,3,HONOLULU (3),1000,HALEIWA,5,Mayo,24,2022,17,40,SR-83,3,Highway estatal,Urbano,Arteria Principal,State Highway Agency,1,Sin jurisdiccion especial,99998,21.58106111,-158.1051417,Vehiculo en movimiento,Frente a Detrás,Not an Intersection,No fue interseccion,Sobre calle,Ninguna,Dia total,Despejado,No,NO APLICA,17,56,18,6,1,24/05/2022,5
15,Hawaii,150043,0,0,3,0,3,HONOLULU (3),2760,KAAAWA,5,Mayo,29,2022,13,58,SR-83,3,Highway estatal,Urbano,Arteria Principal,State Highway Agency,1,Sin jurisdiccion especial,99998,21.53976667,-157.8413778,Vehiculo en movimiento,Frente a Detrás,Not an Intersection,No fue interseccion,Sobre calle,Ninguna,Dia total,Nublado,No,NO APLICA,13,59,14,25,1,29/05/2022,5
15,Hawaii,150044,0,0,2,1,3,HONOLULU (3),3627,KAPOLEI,5,Mayo,30,2022,4,28,CR-HANUA STREET,4,Calle del Condado,Urbano,Arteria Menor,County Highway Agency,0,Sin jurisdiccion especial,99998,21.30941944,-158.1031583,Vehiculo Aparcado,El primer evento no fue una colision con un vehiculo automotor en transporte,Not an Intersection,No fue interseccion,Sobre Acotamiento,Ninguna,Oscuro con iluminacion,Despejado,No,NO APLICA,4,28,4,37,1,30/05/2022,1
15,Hawaii,150045,0,0,2,0,3,HONOLULU (3),2400,HONOLULU,5,Mayo,29,2022,17,23,CR-LIME STREET,4,Calle del Condado,Urbano,Arteria Menor,County Highway Agency,0,Sin jurisdiccion especial,99998,21.28951389,-157.8297028,Vehiculo en movimiento,Angulo,Four-Way Intersection,Interseccion de 4 direcciones,Sobre calle,Ninguna,Dia total,Despejado,No,NO APLICA,17,23,17,29,1,29/05/2022,3
15,Hawaii,150046,1,1,2,1,1,HAWAII (1),1900,HILO,5,Mayo,11,2022,7,59,CR-HUALALAI STREET,4,Calle del Condado,Urbano,Arteria Menor,County Highway Agency,0,Sin jurisdiccion especial,99998,19.71545278,-155.0838472,Peaton,El primer evento no fue una colision con un vehiculo automotor en transporte,Not an Intersection,No fue interseccion,Sobre Acotamiento,Ninguna,Dia total,Despejado,No,NO APLICA,8,0,8,4,1,11/05/2022,1
15,Hawaii,150047,0,0,1,0,1,HAWAII (1),1900,HILO,5,Mayo,21,2022,21,50,SR-11,3,Highway estatal,Urbano,Arteria Principal,State Highway Agency,1,Sin jurisdiccion especial,99998,19.68481944,-155.0655889,Alguien se cayo/avento del vehiculo,El primer evento no fue una colision con un vehiculo automotor en transporte,Four-Way Intersection,Interseccion de 4 direcciones,Sobre calle,Ninguna,Oscuro con iluminacion,Nublado,No,NO APLICA,21,51,21,56,1,21/05/2022,1
15,Hawaii,150048,1,1,2,0,9,MAUI (9),2900,KAHULUI,6,Junio,17,2022,20,47,SR-32,3,Highway estatal,Urbano,Arteria Principal,State Highway Agency,1,Sin jurisdiccion especial,22,20.88982778,-156.4716722,Peaton,El primer evento no fue una colision con un vehiculo automotor en transporte,Not an Intersection,No fue interseccion,Sobre calle,Ninguna,Oscuro sin iluminacion,Despejado,No,NO APLICA,20,49,20,55,1,17/06/2022,4
15,Hawaii,150049,1,1,1,0,9,MAUI (9),2900,KAHULUI,5,Mayo,26,2022,5,24,SR-36,3,Highway estatal,Urbano,Arteria Principal,State Highway Agency,1,Sin jurisdiccion especial,12,20.88045,-156.4420111,Peaton,El primer evento no fue una colision con un vehiculo automotor en transporte,Not an Intersection,No fue interseccion,Sobre calle,Ninguna,Amanecer,Despejado,No,NO APLICA,5,24,5,35,1,26/05/2022,1
15,Hawaii,150050,1,1,1,0,3,HONOLULU (3),2400,HONOLULU,6,Junio,19,2022,0,42,SR-63,3,Highway estatal,Urbano,Arteria Principal,State Highway Agency,1,Sin jurisdiccion especial,99998,21.33411389,-157.8720167,Peaton,El primer evento no fue una colision con un vehiculo automotor en transporte,Not an Intersection,No fue interseccion,Sobre calle,Ninguna,Oscuro con iluminacion,Despejado,No,NO APLICA,99,99,99,99,1,19/06/2022,1
15,Hawaii,150051,0,0,2,0,1,HAWAII (1),8300,PEPEEKEO,6,Junio,18,2022,15,45,SR-19,3,Highway estatal,Rural,Arteria Principal,State Highway Agency,1,Sin jurisdiccion especial,100,19.82750278,-155.1042806,Vehiculo en movimiento,Frente a frente,Not an Intersection,No fue interseccion,Sobre calle,Ninguna,Dia total,Despejado,No,NO APLICA,15,48,16,3,1,18/06/2022,2
15,Hawaii,150052,0,0,2,0,1,HAWAII (1),1900,HILO,6,Junio,13,2022,7,25,SR-19,3,Highway estatal,Urbano,Arteria Principal,State Highway Agency,1,Sin jurisdiccion especial,99998,19.73963333,-155.0911528,Vehiculo en movimiento,Angulo,Not an Intersection,No fue interseccion,Sobre calle,Ninguna,Dia total,Despejado,No,NO APLICA,7,27,7,37,1,13/06/2022,2
15,Hawaii,150053,0,0,1,0,7,KAUAI (7),1400,HANAMAULU,1,Enero,2,2022,17,20,CR-HEHI ROAD,4,Calle del Condado,Urbano,Arteria Menor,County Highway Agency,0,Sin jurisdiccion especial,99998,21.99350278,-159.343225,Volcadura,El primer evento no fue una colision con un vehiculo automotor en transporte,Not an Intersection,No fue interseccion,Sobre el lado de la calle,Ninguna,Oscuro sin iluminacion,Nublado,No,NO APLICA,17,49,17,57,1,02/01/2022,1
15,Hawaii,150054,0,0,2,0,7,KAUAI (7),3600,KAPAA,1,Enero,23,2022,18,40,SR-56,3,Highway estatal,Urbano,Arteria Principal,State Highway Agency,1,Sin jurisdiccion especial,80,22.07306944,-159.3193444,Vehiculo en movimiento,Angulo,Other Intersection Type,Otro tipo de interseccion,Sobre calle,Ninguna,Oscuro con iluminacion,Nublado,No,NO APLICA,18,41,18,44,1,23/01/2022,2
15,Hawaii,150055,0,0,1,0,7,KAUAI (7),9275,WAILUA HAWAIIAN HOME LAND,3,Marzo,14,2022,13,40,SR-581,3,Highway estatal,Urbano,Colector Mayor,County Highway Agency,0,Sin jurisdiccion especial,40,22.05916111,-159.3659306,Volcadura,El primer evento no fue una colision con un vehiculo automotor en transporte,Not an Intersection,No fue interseccion,Sobre el lado de la calle,Ninguna,Dia total,Despejado,No,NO APLICA,13,45,14,3,1,14/03/2022,1
15,Hawaii,150056,0,0,4,1,7,KAUAI (7),200,ANAHOLA,4,Abril,15,2022,12,35,SR-56,3,Highway estatal,Urbano,Arteria Principal,State Highway Agency,1,Sin jurisdiccion especial,150,22.16020278,-159.3173806,Vehiculo en movimiento,Frente a Detrás,Not an Intersection,No fue interseccion,Sobre calle,Ninguna,Dia total,Nublado,No,NO APLICA,12,43,12,48,1,15/04/2022,7
15,Hawaii,150057,0,0,3,0,7,KAUAI (7),5100,KOLOA,5,Mayo,18,2022,15,10,SR-50,3,Highway estatal,Rural,Arteria Principal,State Highway Agency,1,Sin jurisdiccion especial,62,21.95021111,-159.465,Vehiculo en movimiento,Frente a frente,Not an Intersection,No fue interseccion,Sobre calle,Ninguna,Dia total,lluvia,No,NO APLICA,15,16,15,28,1,18/05/2022,5
15,Hawaii,150058,0,0,2,0,9,MAUI (9),9300,WAILUKU HAWAIIAN HOME LAND (HISTORICAL),7,Julio,8,2022,17,22,CR-KUIKAHI DRIVE,4,Calle del Condado,Urbano,Arteria Menor,County Highway Agency,0,Sin jurisdiccion especial,99998,20.87046389,-156.4976444,Alguien se cayo/avento del vehiculo,El primer evento no fue una colision con un vehiculo automotor en transporte,T-Intersection,Interseccion de T,Sobre calle,Ninguna,Dia total,Despejado,No,NO APLICA,17,23,17,30,1,08/07/2022,2
15,Hawaii,150059,0,0,1,0,3,HONOLULU (3),2400,HONOLULU,7,Julio,17,2022,9,26,I-H201,1,Interestatal,Urbano,Interestatal,State Highway Agency,1,Sin jurisdiccion especial,99998,21.36051389,-157.8996694,Barrera de Trafico de Concreto,El primer evento no fue una colision con un vehiculo automotor en transporte,Not an Intersection,No fue interseccion,En el medio,Ninguna,Dia total,Despejado,No,NO APLICA,9,26,9,35,1,17/07/2022,1
15,Hawaii,150060,0,0,3,0,1,HAWAII (1),4300,KEALAKEKUA,6,Junio,15,2022,9,28,SR-11,3,Highway estatal,Urbano,Arteria Principal,State Highway Agency,1,Sin jurisdiccion especial,99998,19.54159722,-155.9290389,Vehiculo en movimiento,Angulo,T-Intersection,Interseccion de T,Sobre calle,Ninguna,Dia total,Despejado,No,NO APLICA,9,38,9,46,1,15/06/2022,10
15,Hawaii,150061,0,0,2,0,1,HAWAII (1),3002,KAILUA KONA,7,Julio,14,2022,21,18,SR-190,3,Highway estatal,Urbano,Arteria Principal,State Highway Agency,1,Sin jurisdiccion especial,99998,19.71097222,-155.9774194,Vehiculo en movimiento,Frente a frente,Not an Intersection,No fue interseccion,Sobre calle,Ninguna,Oscuro - iluminacion desconocida,Despejado,No,NO APLICA,21,19,21,31,1,14/07/2022,3
15,Hawaii,150062,0,0,1,0,7,KAUAI (7),9275,WAILUA HAWAIIAN HOME LAND,7,Julio,13,2022,2,10,SR-580,3,Highway estatal,Urbano,Arteria Principal,State Highway Agency,1,Sin jurisdiccion especial,3,22.04959167,-159.3424278,Volcadura,El primer evento no fue una colision con un vehiculo automotor en transporte,Not an Intersection,No fue interseccion,Sobre el lado de la calle,Ninguna,Oscuro sin iluminacion,lluvia,No,NO APLICA,2,17,2,27,1,13/07/2022,1
15,Hawaii,150063,1,1,1,0,1,HAWAII (1),3002,KAILUA KONA,7,Julio,24,2022,4,21,SR-11,3,Highway estatal,Urbano,Arteria Principal,State Highway Agency,1,Sin jurisdiccion especial,1190,19.60761111,-155.9642056,Peaton,El primer evento no fue una colision con un vehiculo automotor en transporte,Not an Intersection,No fue interseccion,Sobre calle,Ninguna,Oscuro sin iluminacion,Despejado,No,NO APLICA,4,23,4,31,1,24/07/2022,1
15,Hawaii,150064,1,1,1,0,3,HONOLULU (3),2400,HONOLULU,7,Julio,26,2022,15,54,SR-92,3,Highway estatal,Urbano,Arteria Principal,State Highway Agency,1,Sin jurisdiccion especial,99998,21.31360556,-157.8680361,Ciclista,El primer evento no fue una colision con un vehiculo automotor en transporte,T-Intersection,Interseccion de T,Sobre calle,Ninguna,Dia total,Despejado,No,NO APLICA,15,55,16,5,1,26/07/2022,1
15,Hawaii,150065,0,0,2,0,9,MAUI (9),9222,WAIEHU HAWAIIAN HOME LAND,7,Julio,31,2022,9,13,SR-340,3,Highway estatal,Urbano,Arteria Principal,State Highway Agency,1,Sin jurisdiccion especial,22,20.92061111,-156.4989833,Vehiculo en movimiento,Frente a frente,Not an Intersection,No fue interseccion,Sobre calle,Ninguna,Dia total,Despejado,No,NO APLICA,9,13,9,24,1,31/07/2022,2
15,Hawaii,150066,1,1,1,0,1,HAWAII (1),3002,KAILUA KONA,6,Junio,14,2022,17,6,SR-19,3,Highway estatal,Urbano,Arteria Principal,State Highway Agency,1,Sin jurisdiccion especial,99998,19.64679444,-155.9947833,Peaton,El primer evento no fue una colision con un vehiculo automotor en transporte,Not an Intersection,No fue interseccion,Sobre calle,"Zona de trabajo, tipo desconocido",Dia total,Despejado,No,NO APLICA,17,7,17,19,1,14/06/2022,1
15,Hawaii,150067,0,0,4,0,1,HAWAII (1),2500,HONOMU,7,Julio,4,2022,20,47,SR-19,3,Highway estatal,Rural,Arteria Principal,State Highway Agency,1,Sin jurisdiccion especial,131,19.87283333,-155.1081972,Vehiculo en movimiento,Golpe Lateral - direccion contraria,Not an Intersection,No fue interseccion,Sobre calle,Ninguna,Oscuro sin iluminacion,Nublado,No,NO APLICA,20,50,21,7,1,04/07/2022,9
15,Hawaii,150068,0,0,1,0,1,HAWAII (1),7500,PAAUILO,7,Julio,22,2022,11,48,SR-200,3,Highway estatal,Urbano,Arteria Principal,State Highway Agency,1,Sin jurisdiccion especial,2,19.81837222,-155.6341778,Poste o otros soportes,El primer evento no fue una colision con un vehiculo automotor en transporte,Not an Intersection,No fue interseccion,Sobre el lado de la calle,Ninguna,Dia total,Despejado,No,NO APLICA,11,49,12,14,1,22/07/2022,3
15,Hawaii,150070,0,0,2,0,3,HONOLULU (3),9200,WAIANAE,8,Agosto,7,2022,10,10,SR-93,3,Highway estatal,Urbano,Arteria Principal,State Highway Agency,1,Sin jurisdiccion especial,99998,21.44603889,-158.1882972,Vehiculo en movimiento,Angulo,Not an Intersection,No fue interseccion,Sobre calle,Ninguna,Dia total,Despejado,No,NO APLICA,10,14,10,17,1,07/08/2022,2
15,Hawaii,150071,1,1,1,0,3,HONOLULU (3),9605,WAIPIO ACRES,8,Agosto,6,2022,4,15,I-H2,1,Interestatal,Urbano,Interestatal,State Highway Agency,1,Sin jurisdiccion especial,99998,21.43904722,-157.9947833,Peaton,El primer evento no fue una colision con un vehiculo automotor en transporte,Not an Intersection,No fue interseccion,Sobre calle,Ninguna,Oscuro con iluminacion,Despejado,No,NO APLICA,4,13,4,23,1,06/08/2022,1
15,Hawaii,150072,0,0,2,0,3,HONOLULU (3),9200,WAIANAE,8,Agosto,7,2022,21,34,SR-93,3,Highway estatal,Urbano,Arteria Principal,State Highway Agency,1,Sin jurisdiccion especial,99998,21.44269444,-158.1871194,Vehiculo en movimiento,Angulo,Four-Way Intersection,Interseccion de 4 direcciones,Sobre calle,Ninguna,Oscuro con iluminacion,Despejado,No,NO APLICA,21,38,21,42,1,07/08/2022,6
15,Hawaii,150073,0,0,3,0,1,HAWAII (1),8300,PEPEEKEO,8,Agosto,1,2022,18,9,SR-19,3,Highway estatal,Rural,Arteria Principal,State Highway Agency,1,Sin jurisdiccion especial,125,19.85700278,-155.0996972,Vehiculo en movimiento,Angulo,Not an Intersection,No fue interseccion,Sobre calle,Ninguna,Dia total,Nublado,No,NO APLICA,6,21,6,29,1,01/08/2022,5
15,Hawaii,150074,0,0,2,0,3,HONOLULU (3),5700,LAIE,8,Agosto,22,2022,13,5,SR-83,3,Highway estatal,Urbano,Arteria Principal,State Highway Agency,1,Sin jurisdiccion especial,99998,21.66226944,-157.9347778,Vehiculo en movimiento,Frente a frente,Not an Intersection,No fue interseccion,Sobre calle,Ninguna,Dia total,Despejado,No,NO APLICA,13,8,13,35,2,22/08/2022,4
15,Hawaii,150075,0,0,1,0,3,HONOLULU (3),3500,KANEOHE,8,Agosto,20,2022,23,55,SR-61,3,Highway estatal,Urbano,Arteria Principal,State Highway Agency,1,Sin jurisdiccion especial,99998,21.37545833,-157.7804583,Alguien se cayo/avento del vehiculo,El primer evento no fue una colision con un vehiculo automotor en transporte,Not an Intersection,No fue interseccion,Sobre Acotamiento,Ninguna,Oscuro con iluminacion,Despejado,No,NO APLICA,23,56,0,1,1,20/08/2022,1
15,Hawaii,150076,0,0,1,0,9,MAUI (9),9300,WAILUKU HAWAIIAN HOME LAND (HISTORICAL),8,Agosto,26,2022,16,53,CR-EAST WAIKO ROAD,4,Calle del Condado,Urbano,Arteria Menor,County Highway Agency,0,Sin jurisdiccion especial,99998,20.85266389,-156.4990333,Poste,El primer evento no fue una colision con un vehiculo automotor en transporte,Not an Intersection,No fue interseccion,Sobre el lado de la calle,Ninguna,Dia total,Despejado,No,NO APLICA,16,54,17,5,1,26/08/2022,1
15,Hawaii,150077,0,0,2,0,3,HONOLULU (3),5400,KUNIA CAMP,9,Septiembre,1,2022,6,40,CR-KUNIA ROAD,4,Calle del Condado,Urbano,Arteria Menor,County Highway Agency,0,Sin jurisdiccion especial,99998,21.46296667,-158.0559806,Vehiculo en movimiento,Angulo,T-Intersection,Interseccion de T,Sobre calle,Ninguna,Dia total,Despejado,No,NO APLICA,6,57,7,7,1,01/09/2022,3
15,Hawaii,150078,1,1,1,0,3,HONOLULU (3),3000,KAILUA,9,Septiembre,3,2022,5,31,CR-MOKAPU SADDLE ROAD,4,Calle del Condado,Urbano,Arteria Menor,County Highway Agency,0,Sin jurisdiccion especial,99998,21.408975,-157.7555556,Peaton,El primer evento no fue una colision con un vehiculo automotor en transporte,Not an Intersection,No fue interseccion,Sobre calle,Ninguna,Oscuro con iluminacion,lluvia,No,NO APLICA,5,43,5,50,1,03/09/2022,1
15,Hawaii,150080,0,0,1,0,3,HONOLULU (3),100,AIEA,9,Septiembre,14,2022,14,0,SR-99,3,Highway estatal,Urbano,Arteria Principal,State Highway Agency,1,Sin jurisdiccion especial,99998,21.37856389,-157.93615,Poste o otros soportes,El primer evento no fue una colision con un vehiculo automotor en transporte,Not an Intersection,No fue interseccion,En el medio,Ninguna,Dia total,Despejado,No,NO APLICA,14,3,14,11,1,14/09/2022,2
15,Hawaii,150081,0,0,2,0,3,HONOLULU (3),6625,MILILANI TOWN,9,Septiembre,6,2022,12,18,CR-MEHEULA PARKWAY,4,Calle del Condado,Urbano,Arteria Menor,County Highway Agency,0,Sin jurisdiccion especial,99998,21.45280833,-158.0085889,Vehiculo en movimiento,Angulo,Not an Intersection,No fue interseccion,Sobre calle,Ninguna,Dia total,Despejado,No,NO APLICA,12,18,12,24,1,06/09/2022,2
15,Hawaii,150082,0,0,1,0,3,HONOLULU (3),3000,KAILUA,8,Agosto,24,2022,20,13,CR-ULUKAHIKI STREET,4,Calle del Condado,Urbano,Arteria Menor,County Highway Agency,0,Sin jurisdiccion especial,0,21.38146111,-157.7572694,Fuego/Explosion,El primer evento no fue una colision con un vehiculo automotor en transporte,Not an Intersection,No fue interseccion,Sobre calle,Ninguna,Oscuro con iluminacion,Despejado,No,NO APLICA,20,35,20,36,1,24/08/2022,3
15,Hawaii,150083,1,1,1,0,7,KAUAI (7),8375,PRINCEVILLE,9,Septiembre,12,2022,19,30,SR-56,3,Highway estatal,Rural,Arteria Principal,State Highway Agency,1,Sin jurisdiccion especial,270,22.20864722,-159.464275,Peaton,El primer evento no fue una colision con un vehiculo automotor en transporte,Not an Intersection,No fue interseccion,Sobre calle,Ninguna,Oscuro sin iluminacion,lluvia,No,NO APLICA,19,39,19,42,1,12/09/2022,1
15,Hawaii,150084,2,2,1,0,7,KAUAI (7),3600,KAPAA,9,Septiembre,19,2022,19,0,SR-56,3,Highway estatal,Urbano,Arteria Principal,State Highway Agency,1,Sin jurisdiccion especial,90,22.08174444,-159.3129778,Peaton,El primer evento no fue una colision con un vehiculo automotor en transporte,Not an Intersection,No fue interseccion,Sobre calle,Ninguna,Oscuro con iluminacion,Nublado,No,NO APLICA,19,5,19,7,1,19/09/2022,2
15,Hawaii,150085,0,0,2,0,9,MAUI (9),9997,Other,9,Septiembre,30,2022,20,32,SR-37,3,Highway estatal,Urbano,Arteria Principal,State Highway Agency,1,Sin jurisdiccion especial,99998,20.774325,-156.3258528,Vehiculo en movimiento,Angulo,Four-Way Intersection,Interseccion de 4 direcciones,Sobre calle,Ninguna,Oscuro con iluminacion,Despejado,No,NO APLICA,20,36,20,43,1,30/09/2022,2
15,Hawaii,150086,0,0,2,0,1,HAWAII (1),3002,KAILUA KONA,9,Septiembre,28,2022,18,54,CR-KEALAKAA STREET,4,Calle del Condado,Urbano,Arteria Menor,County Highway Agency,0,Sin jurisdiccion especial,99998,19.67318056,-155.9842611,Vehiculo en movimiento,Angulo,T-Intersection,Interseccion de T,Sobre calle,Ninguna,Oscuro con iluminacion,Despejado,No,NO APLICA,18,55,19,2,1,28/09/2022,2
15,Hawaii,150087,1,1,1,0,1,HAWAII (1),1900,HILO,8,Agosto,24,2022,6,20,SR-2000 PUAINAKO STREET,3,Highway estatal,Urbano,Colector Mayor,State Highway Agency,0,Sin jurisdiccion especial,30,19.69311944,-155.1030722,Peaton,El primer evento no fue una colision con un vehiculo automotor en transporte,Not an Intersection,No fue interseccion,Sobre Acotamiento,Ninguna,Dia total,Despejado,No,NO APLICA,6,21,6,29,1,24/08/2022,1
15,Hawaii,150088,0,0,1,0,3,HONOLULU (3),8900,WAHIAWA,10,Octubre,15,2022,99,99,SR-99 WILIKINA DRIVE,3,Highway estatal,Urbano,Arteria Principal,State Highway Agency,1,Sin jurisdiccion especial,99998,21.49980556,-158.0516639,Acotamiento,El primer evento no fue una colision con un vehiculo automotor en transporte,Not an Intersection,No fue interseccion,Sobre el lado de la calle,Ninguna,Reportada como desconocida,Despejado,No,NO APLICA,15,51,15,59,1,15/10/2022,1
15,Hawaii,150089,0,0,1,0,9,MAUI (9),9997,Other,11,Noviembre,2,2022,0,30,SR-3000 LAHAINA BYPASS,3,Highway estatal,Urbano,Arteria Principal,State Highway Agency,0,Sin jurisdiccion especial,40,20.88541111,-156.6684556,Barrera de Trafico de Concreto,El primer evento no fue una colision con un vehiculo automotor en transporte,Not an Intersection,No fue interseccion,Sobre el lado de la calle,Ninguna,Oscuro con iluminacion,Despejado,No,NO APLICA,0,31,0,41,1,02/11/2022,1
15,Hawaii,150090,0,0,2,0,3,HONOLULU (3),6900,NANAKULI,11,Noviembre,2,2022,4,44,SR-93,3,Highway estatal,Urbano,Arteria Principal,State Highway Agency,1,Sin jurisdiccion especial,99998,21.37148611,-158.1370583,Vehiculo en movimiento,Frente a frente,Not an Intersection,No fue interseccion,Sobre calle,Ninguna,Oscuro sin iluminacion,Despejado,No,NO APLICA,4,44,4,53,1,02/11/2022,2
15,Hawaii,150091,1,1,1,0,3,HONOLULU (3),2400,HONOLULU,11,Noviembre,2,2022,21,35,SR-92,3,Highway estatal,Urbano,Arteria Principal,State Highway Agency,1,Sin jurisdiccion especial,99998,21.333625,-157.8910917,Peaton,El primer evento no fue una colision con un vehiculo automotor en transporte,Not an Intersection,No fue interseccion,Sobre calle,Ninguna,Oscuro sin iluminacion,Despejado,No,NO APLICA,21,41,21,48,1,02/11/2022,1
15,Hawaii,150092,1,1,1,0,3,HONOLULU (3),2400,HONOLULU,11,Noviembre,5,2022,0,30,SR-92 ALA MOANA BLVD,3,Highway estatal,Urbano,Arteria Principal,State Highway Agency,1,Sin jurisdiccion especial,99998,21.29515833,-157.8580639,Peaton,El primer evento no fue una colision con un vehiculo automotor en transporte,Not an Intersection,No fue interseccion,Sobre calle,Ninguna,Oscuro con iluminacion,Despejado,No,NO APLICA,0,33,0,40,1,05/11/2022,2
15,Hawaii,150094,0,0,2,0,1,HAWAII (1),1900,HILO,10,Octubre,16,2022,16,33,CR-EAST KAWILI STREET,4,Calle del Condado,Urbano,Arteria Menor,County Highway Agency,0,Sin jurisdiccion especial,99998,19.70584722,-155.0645806,Vehiculo en movimiento,Frente a Detrás,Not an Intersection,No fue interseccion,Sobre calle,Ninguna,Dia total,Nublado,No,NO APLICA,16,36,16,44,1,16/10/2022,2
15,Hawaii,150095,0,0,1,0,1,HAWAII (1),7700,PAHOA,10,Octubre,19,2022,22,11,CR-WALEA STREET,4,Calle del Condado,Urbano,Arteria Menor,County Highway Agency,0,Sin jurisdiccion especial,99998,19.5605,-154.8883139,Muro,El primer evento no fue una colision con un vehiculo automotor en transporte,Not an Intersection,No fue interseccion,Sobre el lado de la calle,Ninguna,Oscuro sin iluminacion,Nublado,No,NO APLICA,22,16,22,30,1,19/10/2022,1
15,Hawaii,150096,0,0,2,0,1,HAWAII (1),1900,HILO,10,Octubre,28,2022,18,3,CR-KILAUEA AVE,4,Calle del Condado,Urbano,Arteria Menor,County Highway Agency,0,Sin jurisdiccion especial,99998,19.67975556,-155.0671139,Vehiculo en movimiento,Angulo,Four-Way Intersection,Interseccion de 4 direcciones,Sobre calle,Ninguna,Atardecer,Despejado,No,NO APLICA,18,8,18,16,1,28/10/2022,2
15,Hawaii,150097,1,1,1,0,1,HAWAII (1),4150,KEAAU,11,Noviembre,4,2022,20,34,SR-11,3,Highway estatal,Rural,Arteria Principal,State Highway Agency,0,Sin jurisdiccion especial,90,19.62016667,-155.0427222,Peaton,El primer evento no fue una colision con un vehiculo automotor en transporte,Not an Intersection,No fue interseccion,Sobre Acotamiento,Ninguna,Oscuro sin iluminacion,lluvia,No,NO APLICA,20,36,20,41,1,04/11/2022,1