Estado,Nombre de Estado,Numero de Caso,Peatones,Personas _no_vehiculos,Vehiculos automotores,Vehiculos estacionados,Condado,Nombre Condado,Ciudad,Nombre Ciudad,Mes,Nombre Mes,Dia,Año,Hora,Minuto,Calle,Ruta,Nombre Ruta,Rural o Urbanoo,Sistema Funcional,Dueño Calle,Sistema Nacional Carreteras,Jurisdiccion Especial,Milla,Latitud,Longitud,Causa del Accidente,Tipo de Accidente,Tipo Interseccion,Columna1,Lugar en la calle,Zona de Trabajo,Luz,Clima,Autobus Escolar,Cruce de Trenes,Hora Notificacion,Minuto Notificacion,Hora Llegada,Minuto Llegada,Decesos,Fecha,PersonaVehiculo
15,Hawaii,150098,0,0,2,0,3,HONOLULU (3),9400,WAIMANALO,11,Noviembre,5,2022,19,30,SR-72,3,Highway estatal,Urbano,Arteria Principal,State Highway Agency,1,Sin jurisdiccion especial,99998,21.32415833,-157.6795778,Vehiculo en movimiento,Frente a Detrás,Not an Intersection,No fue interseccion,Sobre calle,Ninguna,Oscuro con iluminacion,Despejado,No,NO APLICA,19,30,19,36,1,05/11/2022,2
15,Hawaii,150099,0,0,1,0,3,HONOLULU (3),8900,WAHIAWA,11,Noviembre,8,2022,21,0,SR-99 WILIKINA DRIVE,3,Highway estatal,Urbano,Arteria Principal,County Highway Agency,1,Sin jurisdiccion especial,99998,21.49446389,-158.0502917,Banqueta,El primer evento no fue una colision con un vehiculo automotor en transporte,T-Intersection,Interseccion de T,Sobre el lado de la calle,Ninguna,Oscuro con iluminacion,Despejado,No,NO APLICA,21,13,21,17,1,08/11/2022,1
15,Hawaii,150100,0,0,1,0,3,HONOLULU (3),3627,KAPOLEI,11,Noviembre,9,2022,13,0,I-H1,1,Interestatal,Urbano,Interestatal,State Highway Agency,1,Sin jurisdiccion especial,99998,21.37120556,-158.0547333,Barrera de Trafico de Concreto,El primer evento no fue una colision con un vehiculo automotor en transporte,Not an Intersection,No fue interseccion,En el medio,Ninguna,Dia total,Despejado,No,NO APLICA,13,5,13,12,1,09/11/2022,1
15,Hawaii,150101,0,0,2,0,3,HONOLULU (3),9997,Other,11,Noviembre,9,2022,14,20,CR-GEIGER ROAD,4,Calle del Condado,Urbano,Arteria Menor,County Highway Agency,0,Sin jurisdiccion especial,99998,21.32816389,-158.0382361,Vehiculo en movimiento,Angulo,T-Intersection,Interseccion de T,Sobre calle,Ninguna,Dia total,Despejado,Yes,NO APLICA,14,21,14,29,1,09/11/2022,4
15,Hawaii,150102,1,1,1,0,3,HONOLULU (3),2400,HONOLULU,11,Noviembre,12,2022,22,51,SR-92 NIMITZ HWY,3,Highway estatal,Urbano,Arteria Principal,State Highway Agency,1,Sin jurisdiccion especial,99998,21.32441667,-157.8821472,Peaton,El primer evento no fue una colision con un vehiculo automotor en transporte,Four-Way Intersection,Interseccion de 4 direcciones,Sobre calle,Ninguna,Oscuro con iluminacion,lluvia,No,NO APLICA,22,56,23,2,1,12/11/2022,2
15,Hawaii,150103,1,1,1,0,3,HONOLULU (3),3000,KAILUA,11,Noviembre,16,2022,18,5,SR-72,3,Highway estatal,Urbano,Arteria Principal,State Highway Agency,1,Sin jurisdiccion especial,99998,21.36241389,-157.736325,Peaton,El primer evento no fue una colision con un vehiculo automotor en transporte,T-Intersection,Interseccion de T,Sobre calle,Ninguna,Atardecer,Despejado,No,NO APLICA,18,8,18,13,1,16/11/2022,1
15,Hawaii,150104,0,0,1,0,3,HONOLULU (3),501,EWA BEACH,11,Noviembre,21,2022,19,29,CR-RENTON ROAD,4,Calle del Condado,Urbano,Arteria Menor,County Highway Agency,0,Sin jurisdiccion especial,99998,21.33994444,-158.0374833,Banqueta,El primer evento no fue una colision con un vehiculo automotor en transporte,Not an Intersection,No fue interseccion,Sobre el lado de la calle,Ninguna,Oscuro con iluminacion,Despejado,No,NO APLICA,19,31,19,39,1,21/11/2022,1
15,Hawaii,150105,0,0,1,0,3,HONOLULU (3),2400,HONOLULU,11,Noviembre,25,2022,8,32,CR-ALA WAI BLVD,4,Calle del Condado,Urbano,Arteria Menor,County Highway Agency,0,Sin jurisdiccion especial,99998,21.27758056,-157.8209333,Banqueta,El primer evento no fue una colision con un vehiculo automotor en transporte,Not an Intersection,No fue interseccion,Sobre el lado de la calle,Ninguna,Dia total,Despejado,No,NO APLICA,8,35,8,41,1,25/11/2022,2
15,Hawaii,150106,1,1,1,0,3,HONOLULU (3),501,EWA BEACH,12,Diciembre,2,2022,5,45,CR-FORT WEAVER ROAD,4,Calle del Condado,Urbano,Arteria Menor,County Highway Agency,0,Sin jurisdiccion especial,99998,21.37234722,-158.0259861,Peaton,El primer evento no fue una colision con un vehiculo automotor en transporte,Not an Intersection,No fue interseccion,Sobre calle,Ninguna,Oscuro con iluminacion,Despejado,No,NO APLICA,5,51,5,56,1,02/12/2022,1
15,Hawaii,150107,0,0,2,0,3,HONOLULU (3),1000,HALEIWA,12,Diciembre,8,2022,23,20,SR-83,3,Highway estatal,Urbano,Arteria Principal,State Highway Agency,1,Sin jurisdiccion especial,99998,21.62671111,-158.0744833,Vehiculo en movimiento,Frente a frente,Not an Intersection,No fue interseccion,Sobre calle,Ninguna,Oscuro con iluminacion,Despejado,No,NO APLICA,23,23,23,37,1,08/12/2022,3
15,Hawaii,150108,0,0,2,0,3,HONOLULU (3),2400,HONOLULU,11,Noviembre,25,2022,14,13,CR-SOUTH BERETANIA STREET,4,Calle del Condado,Urbano,Arteria Menor,County Highway Agency,0,Sin jurisdiccion especial,99998,21.30079444,-157.8411306,Vehiculo en movimiento,Golpe Lateral - misma direccion,Not an Intersection,No fue interseccion,Sobre calle,Ninguna,Dia total,Despejado,No,NO APLICA,14,14,14,17,1,25/11/2022,2
15,Hawaii,150109,1,1,1,0,3,HONOLULU (3),9600,WAIPAHU,11,Noviembre,26,2022,18,15,CR-MOKUOLA STREET,4,Calle del Condado,Urbano,Arteria Menor,County Highway Agency,0,Sin jurisdiccion especial,99998,21.38543056,-158.0031528,Peaton,El primer evento no fue una colision con un vehiculo automotor en transporte,Not an Intersection,No fue interseccion,Sobre calle,Ninguna,Oscuro con iluminacion,Despejado,No,NO APLICA,18,17,18,24,1,26/11/2022,1
15,Hawaii,150110,0,0,2,0,9,MAUI (9),2900,KAHULUI,12,Diciembre,13,2022,6,37,CR-KAHULUI BEACH ROAD,4,Calle del Condado,Urbano,Arteria Menor,County Highway Agency,0,Sin jurisdiccion especial,99998,20.89385556,-156.4779028,Vehiculo en movimiento,Angulo,T-Intersection,Interseccion de T,Sobre calle,Ninguna,Amanecer,Nublado,No,NO APLICA,6,38,6,48,1,13/12/2022,2
15,Hawaii,150111,1,1,1,0,3,HONOLULU (3),2400,HONOLULU,12,Diciembre,16,2022,20,52,CR-NORTH KING STREET,4,Calle del Condado,Urbano,Arteria Menor,County Highway Agency,0,Sin jurisdiccion especial,99998,21.32121667,-157.8667278,Peaton,El primer evento no fue una colision con un vehiculo automotor en transporte,Not an Intersection,No fue interseccion,Sobre calle,Ninguna,Oscuro con iluminacion,Nublado,No,NO APLICA,20,55,21,0,1,16/12/2022,1
15,Hawaii,150112,0,0,1,0,3,HONOLULU (3),3500,KANEOHE,12,Diciembre,22,2022,14,45,SR-83,3,Highway estatal,Urbano,Arteria Principal,State Highway Agency,1,Sin jurisdiccion especial,99998,21.45183056,-157.8231417,Valla Ferrocarril,El primer evento no fue una colision con un vehiculo automotor en transporte,Not an Intersection,No fue interseccion,Sobre el lado de la calle,Ninguna,Dia total,Despejado,No,NO APLICA,14,46,15,0,1,22/12/2022,1
15,Hawaii,150113,0,0,1,0,3,HONOLULU (3),2400,HONOLULU,12,Diciembre,26,2022,19,35,SR-72,3,Highway estatal,Urbano,Arteria Principal,State Highway Agency,1,Sin jurisdiccion especial,99998,21.27304722,-157.6888111,Valla Ferrocarril,El primer evento no fue una colision con un vehiculo automotor en transporte,Not an Intersection,No fue interseccion,Sobre el lado de la calle,Ninguna,Oscuro sin iluminacion,Despejado,No,NO APLICA,19,43,19,57,1,26/12/2022,2
15,Hawaii,150114,1,2,2,1,7,KAUAI (7),6200,LIHUE,11,Noviembre,22,2022,20,45,SR-51,3,Highway estatal,Urbano,Arteria Principal,State Highway Agency,1,Sin jurisdiccion especial,99998,21.97071389,-159.3627083,Ciclista,El primer evento no fue una colision con un vehiculo automotor en transporte,Not an Intersection,No fue interseccion,Sobre calle,Ninguna,Oscuro con iluminacion,Nublado,No,NO APLICA,20,49,20,50,1,22/11/2022,1
15,Hawaii,150115,0,0,1,0,1,HAWAII (1),1900,HILO,12,Diciembre,17,2022,9,16,SR-11,3,Highway estatal,Urbano,Arteria Principal,State Highway Agency,1,Sin jurisdiccion especial,50,19.65756111,-155.0561222,Valla Ferrocarril,El primer evento no fue una colision con un vehiculo automotor en transporte,Not an Intersection,No fue interseccion,Sobre el lado de la calle,Ninguna,Dia total,Despejado,No,NO APLICA,9,19,9,25,1,17/12/2022,1
16,Idaho,160001,0,0,1,0,11,BINGHAM (11),0,NO APLICA,1,Enero,8,2022,6,6,CR - 100 SOUTH ST,5,Calle Local - Pueblo,Rural,Colector Menor,County Highway Agency,0,Sin jurisdiccion especial,0,43.18245833,-112.4551472,Barda,El primer evento no fue una colision con un vehiculo automotor en transporte,Not an Intersection,No fue interseccion,Fuera de la calle,Ninguna,Oscuro sin iluminacion,Despejado,No,NO APLICA,6,9,6,16,1,08/01/2022,1
16,Idaho,160002,0,0,1,0,39,ELMORE (39),0,NO APLICA,1,Enero,19,2022,9,32,I-84,1,Interestatal,Rural,Interestatal,State Highway Agency,1,Sin jurisdiccion especial,1059,43.00893611,-115.5494028,Volcadura,El primer evento no fue una colision con un vehiculo automotor en transporte,Not an Intersection,No fue interseccion,Sobre el lado de la calle,Ninguna,Dia total,Neblina o Humo,No,NO APLICA,9,32,9,36,1,19/01/2022,5
16,Idaho,160003,0,0,1,0,19,BONNEVILLE (19),790,IDAHO FALLS,1,Enero,16,2022,4,52,SNAKE RIVER PWY,5,Calle Local - Pueblo,Urbano,Arteria Menor,City or Municipal Highway Agency,0,Sin jurisdiccion especial,0,43.47408611,-112.0647028,Arbol,El primer evento no fue una colision con un vehiculo automotor en transporte,Not an Intersection,No fue interseccion,En el medio,Ninguna,Oscuro sin iluminacion,Despejado,No,NO APLICA,4,54,4,59,1,16/01/2022,2
16,Idaho,160004,0,0,1,0,27,CANYON (27),0,NO APLICA,1,Enero,22,2022,13,14,LAKE SHORE DR,5,Calle Local - Pueblo,Rural,Colector Mayor,County Highway Agency,0,Sin jurisdiccion especial,0,43.56080833,-116.7168389,Poste de Señal de trafico,El primer evento no fue una colision con un vehiculo automotor en transporte,Not an Intersection,No fue interseccion,Sobre el lado de la calle,Ninguna,Dia total,Nublado,No,NO APLICA,13,15,13,24,1,22/01/2022,1
16,Idaho,160006,0,0,6,0,1,ADA (1),160,BOISE,1,Enero,20,2022,17,37,I-84 IC 2 WB OFF RAMP,1,Interestatal,Urbano,Interestatal,State Highway Agency,1,Sin jurisdiccion especial,0,43.61790278,-116.2514611,Vehiculo en movimiento,Golpe Lateral - misma direccion,Not an Intersection,No fue interseccion,Sobre calle,Ninguna,Dia total,Nieve,No,NO APLICA,17,32,17,41,1,20/01/2022,7
16,Idaho,160007,0,0,2,0,27,CANYON (27),1200,NAMPA,1,Enero,19,2022,0,25,11TH AVENUE SOUTH,5,Calle Local - Pueblo,Urbano,Arteria Principal,City or Municipal Highway Agency,0,Sin jurisdiccion especial,0,43.57881944,-116.5618361,Vehiculo en movimiento,Angulo,Four-Way Intersection,Interseccion de 4 direcciones,Sobre calle,Ninguna,Oscuro con iluminacion,Despejado,No,NO APLICA,0,28,0,35,1,19/01/2022,2
16,Idaho,160009,0,0,2,0,47,GOODING (47),0,NO APLICA,1,Enero,19,2022,5,49,I-84,1,Interestatal,Rural,Interestatal,State Highway Agency,1,Sin jurisdiccion especial,1497,42.83030278,-114.8063694,Vehiculo en movimiento,Angulo,Not an Intersection,No fue interseccion,Sobre calle,Ninguna,Oscuro sin iluminacion,Neblina o Humo,No,NO APLICA,5,50,6,15,1,19/01/2022,2
16,Idaho,160010,0,0,1,0,15,BOISE (15),0,NO APLICA,1,Enero,7,2022,15,47,SR-55,3,Highway estatal,Rural,Arteria Principal,State Highway Agency,1,Sin jurisdiccion especial,722,44.00839444,-116.1677861,Acotamiento,El primer evento no fue una colision con un vehiculo automotor en transporte,Not an Intersection,No fue interseccion,Sobre el lado de la calle,Ninguna,Dia total,Despejado,No,NO APLICA,15,48,16,3,1,07/01/2022,1
16,Idaho,160011,0,0,2,0,43,FREMONT (43),0,NO APLICA,2,Febrero,4,2022,14,39,US-20,2,US Highway,Rural,Arteria Principal,State Highway Agency,1,Sin jurisdiccion especial,0,44.02748611,-111.5005222,Vehiculo en movimiento,Frente a Detrás,Four-Way Intersection,Interseccion de 4 direcciones,Sobre calle,Ninguna,Dia total,Nublado,No,NO APLICA,14,39,14,42,1,04/02/2022,3
16,Idaho,160012,0,0,2,0,53,JEROME (53),0,NO APLICA,2,Febrero,6,2022,20,2,Golf Course Rd,5,Calle Local - Pueblo,Rural,Colector Mayor,County Highway Agency,0,Sin jurisdiccion especial,0,42.63196667,-114.494225,Vehiculo en movimiento,Frente a frente,Not an Intersection,No fue interseccion,Sobre calle,Ninguna,Oscuro sin iluminacion,Despejado,No,NO APLICA,20,3,20,7,1,06/02/2022,4
16,Idaho,160013,0,0,1,0,49,IDAHO (49),0,NO APLICA,2,Febrero,13,2022,10,10,US-95,2,US Highway,Rural,Arteria Principal,State Highway Agency,1,Sin jurisdiccion especial,2015,45.49518611,-116.3047111,Acotamiento,El primer evento no fue una colision con un vehiculo automotor en transporte,Not an Intersection,No fue interseccion,Sobre el lado de la calle,Ninguna,Dia total,Despejado,No,NO APLICA,10,10,10,27,1,13/02/2022,1
16,Idaho,160014,0,0,1,0,9,BENEWAH (9),0,NO APLICA,2,Febrero,21,2022,5,36,SR- 5,3,Highway estatal,Rural,Arteria Menor,State Highway Agency,0,Sin jurisdiccion especial,112,47.34116667,-116.6878333,Volcadura,El primer evento no fue una colision con un vehiculo automotor en transporte,Not an Intersection,No fue interseccion,Sobre el lado de la calle,Ninguna,Amanecer,Nieve,No,NO APLICA,6,3,6,28,1,21/02/2022,1
16,Idaho,160015,0,0,1,0,69,NEZ PERCE (69),960,LEWISTON,2,Febrero,6,2022,10,25,US-12,2,US Highway,Urbano,Arteria Principal,State Highway Agency,1,Sin jurisdiccion especial,1,46.42133611,-117.0342778,Immersion total o parcial,El primer evento no fue una colision con un vehiculo automotor en transporte,Not an Intersection,No fue interseccion,Fuera de la calle,Ninguna,Dia total,Despejado,No,NO APLICA,10,27,10,31,1,06/02/2022,1
16,Idaho,160016,0,0,1,0,27,CANYON (27),0,NO APLICA,2,Febrero,22,2022,7,17,US-20,2,US Highway,Rural,Arteria Principal,State Highway Agency,1,Sin jurisdiccion especial,179,43.71356944,-116.7687556,Volcadura,El primer evento no fue una colision con un vehiculo automotor en transporte,Not an Intersection,No fue interseccion,Sobre el lado de la calle,Ninguna,Oscuro sin iluminacion,Nieve,No,NO APLICA,7,26,7,39,1,22/02/2022,1
16,Idaho,160018,1,1,1,0,27,CANYON (27),1200,NAMPA,2,Febrero,9,2022,19,13,SR-55,3,Highway estatal,Urbano,Arteria Principal,State Highway Agency,0,Sin jurisdiccion especial,0,43.60497778,-116.6106806,Peaton,El primer evento no fue una colision con un vehiculo automotor en transporte,Not an Intersection,No fue interseccion,Sobre calle,Ninguna,Oscuro con iluminacion,Despejado,No,NO APLICA,19,13,19,19,1,09/02/2022,1
16,Idaho,160019,1,1,1,0,5,BANNOCK (5),1430,POCATELLO,3,Marzo,4,2022,22,35,YELLOWSTONE AVE,5,Calle Local - Pueblo,Urbano,Arteria Principal,City or Municipal Highway Agency,1,Sin jurisdiccion especial,0,42.89876944,-112.4513806,Peaton,El primer evento no fue una colision con un vehiculo automotor en transporte,Not an Intersection,No fue interseccion,Sobre calle,Ninguna,Oscuro con iluminacion,Despejado,No,NO APLICA,22,41,22,44,1,04/03/2022,1
16,Idaho,160020,0,0,2,0,83,TWIN FALLS (83),0,NO APLICA,2,Febrero,26,2022,13,26,1600 EAST RD,5,Calle Local - Pueblo,Rural,Local,County Highway Agency,0,Sin jurisdiccion especial,0,42.65168611,-114.7339861,Vehiculo en movimiento,Angulo,Four-Way Intersection,Interseccion de 4 direcciones,Sobre calle,Ninguna,Dia total,Despejado,No,NO APLICA,13,24,13,33,1,26/02/2022,2
16,Idaho,160021,0,0,2,0,31,CASSIA (31),0,NO APLICA,3,Marzo,2,2022,9,44,400 SOUTH RD,5,Calle Local - Pueblo,Rural,Colector Mayor,County Highway Agency,0,Sin jurisdiccion especial,0,42.47524444,-113.8135333,Vehiculo en movimiento,Angulo,Four-Way Intersection,Interseccion de 4 direcciones,Sobre calle,Ninguna,Dia total,Despejado,No,NO APLICA,9,44,9,56,1,02/03/2022,3
16,Idaho,160022,1,1,1,0,69,NEZ PERCE (69),930,LAPWAI,2,Febrero,17,2022,19,53,US-95,2,US Highway,Rural,Arteria Principal,State Highway Agency,1,Sin jurisdiccion especial,2998,46.40584444,-116.8018306,Peaton,El primer evento no fue una colision con un vehiculo automotor en transporte,Not an Intersection,No fue interseccion,Sobre calle,Ninguna,Oscuro con iluminacion,Despejado,No,NO APLICA,19,53,20,6,1,17/02/2022,1
16,Idaho,160023,0,0,2,0,31,CASSIA (31),0,NO APLICA,1,Enero,6,2022,18,4,50 RD,5,Calle Local - Pueblo,Rural,Local,County Highway Agency,0,Sin jurisdiccion especial,0,42.49313056,-113.7836361,Vehiculo en movimiento,Frente a Detrás,Not an Intersection,No fue interseccion,Sobre calle,Ninguna,Oscuro sin iluminacion,Despejado,No,NO APLICA,18,4,18,15,1,06/01/2022,2
16,Idaho,160024,0,0,2,0,55,KOOTENAI (55),0,NO APLICA,3,Marzo,15,2022,11,52,SR-41,3,Highway estatal,Rural,Arteria Principal,State Highway Agency,0,Sin jurisdiccion especial,0,47.77376389,-116.8940028,Vehiculo en movimiento,Angulo,Four-Way Intersection,Interseccion de 4 direcciones,Sobre calle,Ninguna,Dia total,Despejado,No,NO APLICA,11,52,11,59,1,15/03/2022,2
16,Idaho,160025,0,0,8,0,39,ELMORE (39),1150,MOUNTAIN HOME,3,Marzo,9,2022,15,44,I-84,1,Interestatal,Rural,Interestatal,State Highway Agency,1,Sin jurisdiccion especial,931,43.15933333,-115.6951222,Vehiculo en movimiento,Frente a Detrás,Not an Intersection,No fue interseccion,Sobre calle,Ninguna,Dia total,Nieve,No,NO APLICA,15,21,15,29,1,09/03/2022,12
16,Idaho,160026,0,0,1,0,39,ELMORE (39),0,NO APLICA,2,Febrero,20,2022,0,37,SR-51,3,Highway estatal,Rural,Arteria Menor,State Highway Agency,0,Sin jurisdiccion especial,869,43.07067778,-115.7182361,Volcadura,El primer evento no fue una colision con un vehiculo automotor en transporte,Not an Intersection,No fue interseccion,Sobre el lado de la calle,Ninguna,Oscuro sin iluminacion,Despejado,No,NO APLICA,0,38,0,49,1,20/02/2022,3
16,Idaho,160027,0,0,3,0,27,CANYON (27),0,NO APLICA,3,Marzo,10,2022,12,14,OLD 30 HWY,5,Calle Local - Pueblo,Urbano,Colector Mayor,County Highway Agency,0,Sin jurisdiccion especial,0,43.72055278,-116.6953056,Vehiculo en movimiento,Angulo,Four-Way Intersection,Interseccion de 4 direcciones,Sobre calle,Ninguna,Dia total,Despejado,No,NO APLICA,12,16,12,25,1,10/03/2022,6
16,Idaho,160028,0,0,2,0,1,ADA (1),0,NO APLICA,3,Marzo,6,2022,19,24,I-84,1,Interestatal,Urbano,Interestatal,State Highway Agency,1,Sin jurisdiccion especial,468,43.59719167,-116.3394472,Vehiculo en movimiento,Golpe Lateral - misma direccion,Not an Intersection,No fue interseccion,Sobre calle,Ninguna,Oscuro con iluminacion,Despejado,No,NO APLICA,19,25,19,28,1,06/03/2022,3
16,Idaho,160030,0,0,5,0,53,JEROME (53),0,NO APLICA,3,Marzo,9,2022,7,11,I-84,1,Interestatal,Rural,Interestatal,State Highway Agency,1,Sin jurisdiccion especial,1840,42.57643056,-114.2536389,Valla Ferrocarril,El primer evento no fue una colision con un vehiculo automotor en transporte,Not an Intersection,No fue interseccion,Sobre el lado de la calle,Ninguna,Dia total,Nieve,No,NO APLICA,7,25,7,34,1,09/03/2022,6
16,Idaho,160031,0,0,2,0,47,GOODING (47),0,NO APLICA,3,Marzo,25,2022,13,52,SR-46,3,Highway estatal,Rural,Colector Mayor,County Highway Agency,0,Sin jurisdiccion especial,0,42.99652222,-114.7131889,Vehiculo en movimiento,Angulo,Four-Way Intersection,Interseccion de 4 direcciones,Sobre calle,Ninguna,Dia total,Despejado,No,NO APLICA,13,53,14,13,1,25/03/2022,2
16,Idaho,160032,0,0,2,0,23,BUTTE (23),0,NO APLICA,3,Marzo,24,2022,19,31,US-20,2,US Highway,Rural,Arteria Principal,State Highway Agency,1,Sin jurisdiccion especial,2513,43.60993611,-113.260825,Vehiculo en movimiento,Frente a Detrás,Not an Intersection,No fue interseccion,Sobre calle,Ninguna,Dia total,Despejado,No,NO APLICA,19,31,19,48,1,24/03/2022,2
16,Idaho,160033,0,0,2,0,17,BONNER (17),0,NO APLICA,3,Marzo,10,2022,17,23,SR-41,3,Highway estatal,Rural,Arteria Menor,State Highway Agency,0,Sin jurisdiccion especial,218,47.99765556,-116.8934861,Vehiculo en movimiento,Frente a frente,Not an Intersection,No fue interseccion,Sobre calle,Ninguna,Atardecer,Nublado,No,NO APLICA,17,22,17,38,1,10/03/2022,3
16,Idaho,160034,0,0,2,0,27,CANYON (27),210,CALDWELL,3,Marzo,17,2022,18,21,US-20,2,US Highway,Rural,Arteria Principal,State Highway Agency,1,Sin jurisdiccion especial,0,43.66321111,-116.5933667,Vehiculo en movimiento,Angulo,Four-Way Intersection,Interseccion de 4 direcciones,Sobre calle,Ninguna,Dia total,Despejado,No,NO APLICA,18,21,18,25,1,17/03/2022,2
16,Idaho,160035,0,0,1,0,23,BUTTE (23),0,NO APLICA,4,Abril,9,2022,2,37,US-93,2,US Highway,Rural,Arteria Principal,State Highway Agency,1,Sin jurisdiccion especial,0,43.69628056,-113.3430389,Poste de Señal de trafico,El primer evento no fue una colision con un vehiculo automotor en transporte,Not an Intersection,No fue interseccion,Sobre el lado de la calle,Ninguna,Oscuro sin iluminacion,Despejado,No,NO APLICA,99,99,99,99,1,09/04/2022,1
16,Idaho,160036,0,0,2,0,11,BINGHAM (11),0,NO APLICA,4,Abril,2,2022,3,20,I-15,1,Interestatal,Rural,Interestatal,State Highway Agency,1,Sin jurisdiccion especial,841,43.08225556,-112.3989528,Vehiculo en movimiento,Frente a frente,Not an Intersection,No fue interseccion,Sobre calle,Ninguna,Oscuro sin iluminacion,Despejado,No,NO APLICA,3,27,3,33,1,02/04/2022,2
16,Idaho,160037,0,0,3,0,5,BANNOCK (5),0,NO APLICA,4,Abril,5,2022,23,56,I-15,1,Interestatal,Rural,Interestatal,State Highway Agency,1,Sin jurisdiccion especial,366,42.51242222,-112.16995,Vehiculo en movimiento,Golpe Lateral - direccion contraria,Not an Intersection,No fue interseccion,Sobre calle,Ninguna,Oscuro sin iluminacion,Despejado,No,NO APLICA,23,58,0,22,1,05/04/2022,6
16,Idaho,160038,0,0,1,0,51,JEFFERSON (51),0,NO APLICA,4,Abril,3,2022,3,44,3145 EAST RD,5,Calle Local - Pueblo,Rural,Colector Menor,County Highway Agency,0,Sin jurisdiccion especial,0,43.62638333,-112.074025,Volcadura,El primer evento no fue una colision con un vehiculo automotor en transporte,Not an Intersection,No fue interseccion,Sobre el lado de la calle,Ninguna,Oscuro sin iluminacion,Despejado,No,NO APLICA,7,6,7,21,2,03/04/2022,2
16,Idaho,160039,0,0,2,0,27,CANYON (27),0,NO APLICA,3,Marzo,23,2022,18,41,VICTORY RD,5,Calle Local - Pueblo,Urbano,Arteria Menor,Town or Township Highway Agency,0,Sin jurisdiccion especial,0,43.57596389,-116.4960972,Vehiculo en movimiento,Angulo,Not an Intersection,No fue interseccion,Sobre calle,Ninguna,Dia total,Despejado,No,NO APLICA,18,42,18,47,1,23/03/2022,3
16,Idaho,160040,0,0,1,0,51,JEFFERSON (51),0,NO APLICA,4,Abril,20,2022,8,58,BASSETT RD,5,Calle Local - Pueblo,Rural,Colector Mayor,County Highway Agency,0,Sin jurisdiccion especial,0,43.64394444,-112.0842694,Volcadura,El primer evento no fue una colision con un vehiculo automotor en transporte,Not an Intersection,No fue interseccion,Fuera de la calle,Ninguna,Dia total,Nublado,No,NO APLICA,9,0,9,13,1,20/04/2022,1
16,Idaho,160041,0,0,2,0,1,ADA (1),1070,MERIDIAN,3,Marzo,22,2022,1,21,I-84,1,Interestatal,Urbano,Interestatal,State Highway Agency,1,Sin jurisdiccion especial,466,43.59721389,-116.3434278,Vehiculo en movimiento,Frente a frente,Not an Intersection,No fue interseccion,Sobre calle,Ninguna,Oscuro con iluminacion,Despejado,No,NO APLICA,1,24,1,30,1,22/03/2022,2
16,Idaho,160042,0,0,2,0,53,JEROME (53),0,NO APLICA,4,Abril,30,2022,18,50,300 WEST RD,5,Calle Local - Pueblo,Rural,Local,County Highway Agency,0,Sin jurisdiccion especial,0,42.70983889,-114.5774722,Vehiculo en movimiento,Angulo,Four-Way Intersection,Interseccion de 4 direcciones,Sobre calle,Ninguna,Dia total,Despejado,No,NO APLICA,18,51,18,57,1,30/04/2022,3
16,Idaho,160043,0,0,2,0,83,TWIN FALLS (83),0,NO APLICA,4,Abril,11,2022,15,32,3700 EAST RD,5,Calle Local - Pueblo,Rural,Colector Mayor,County Highway Agency,0,Sin jurisdiccion especial,0,42.53480278,-114.555225,Vehiculo en movimiento,Angulo,Four-Way Intersection,Interseccion de 4 direcciones,Sobre calle,Ninguna,Dia total,Soplando nieve,No,NO APLICA,15,32,15,46,1,11/04/2022,2
16,Idaho,160044,0,0,1,0,69,NEZ PERCE (69),0,NO APLICA,4,Abril,16,2022,5,0,LAPWAI RD,5,Calle Local - Pueblo,Rural,Colector Mayor,County Highway Agency,0,Sin jurisdiccion especial,0,46.39878611,-116.9112861,Volcadura,El primer evento no fue una colision con un vehiculo automotor en transporte,Not an Intersection,No fue interseccion,Fuera de la calle,Ninguna,Oscuro sin iluminacion,Nublado,No,NO APLICA,5,17,5,30,2,16/04/2022,8
16,Idaho,160045,0,0,1,0,5,BANNOCK (5),1430,POCATELLO,4,Abril,29,2022,9,53,I-15,1,Interestatal,Urbano,Interestatal,State Highway Agency,1,Sin jurisdiccion especial,689,42.86819167,-112.4213306,Volcadura,El primer evento no fue una colision con un vehiculo automotor en transporte,Not an Intersection,No fue interseccion,Sobre el lado de la calle,Ninguna,Dia total,Vientos cruzados pero de los mamalones,No,NO APLICA,9,55,10,1,1,29/04/2022,2
16,Idaho,160046,0,0,2,1,11,BINGHAM (11),0,NO APLICA,5,Mayo,18,2022,19,5,50 SOUTH RD,5,Calle Local - Pueblo,Urbano,Local,County Highway Agency,0,Sin jurisdiccion especial,0,43.18912222,-112.3026306,Zanja,El primer evento no fue una colision con un vehiculo automotor en transporte,Not an Intersection,No fue interseccion,Sobre el lado de la calle,Ninguna,Dia total,Nublado,No,NO APLICA,19,8,19,16,1,18/05/2022,1
16,Idaho,160047,0,0,2,0,9,BENEWAH (9),0,NO APLICA,4,Abril,18,2022,5,45,SR-6,3,Highway estatal,Rural,Colector Mayor,State Highway Agency,0,Sin jurisdiccion especial,321,47.14910278,-116.5454083,Vehiculo en movimiento,Frente a frente,Not an Intersection,No fue interseccion,Sobre calle,Ninguna,Dia total,Despejado,No,NO APLICA,6,3,6,35,1,18/04/2022,2
16,Idaho,160048,0,0,2,0,49,IDAHO (49),0,NO APLICA,5,Mayo,4,2022,19,55,US-12,2,US Highway,Rural,Arteria Principal,State Highway Agency,1,Sin jurisdiccion especial,1513,46.47387778,-114.8880583,Vehiculo en movimiento,Frente a frente,Not an Intersection,No fue interseccion,Sobre calle,Ninguna,Atardecer,Despejado,No,NO APLICA,21,10,21,44,1,04/05/2022,3
16,Idaho,160049,1,1,1,0,83,TWIN FALLS (83),1830,TWIN FALLS,5,Mayo,28,2022,1,8,US-30,2,US Highway,Urbano,Arteria Menor,State Highway Agency,1,Sin jurisdiccion especial,0,42.54849722,-114.44895,Peaton,El primer evento no fue una colision con un vehiculo automotor en transporte,Not an Intersection,No fue interseccion,Sobre calle,Ninguna,Oscuro con iluminacion,Nublado,No,NO APLICA,1,9,1,14,1,28/05/2022,1