Estado,Nombre de Estado,Numero de Caso,Peatones,Personas _no_vehiculos,Vehiculos automotores,Vehiculos estacionados,Condado,Nombre Condado,Ciudad,Nombre Ciudad,Mes,Nombre Mes,Dia,Año,Hora,Minuto,Calle,Ruta,Nombre Ruta,Rural o Urbanoo,Sistema Funcional,Dueño Calle,Sistema Nacional Carreteras,Jurisdiccion Especial,Milla,Latitud,Longitud,Causa del Accidente,Tipo de Accidente,Tipo Interseccion,Columna1,Lugar en la calle,Zona de Trabajo,Luz,Clima,Autobus Escolar,Cruce de Trenes,Hora Notificacion,Minuto Notificacion,Hora Llegada,Minuto Llegada,Decesos,Fecha,PersonaVehiculo
16,Idaho,160050,0,0,1,0,39,ELMORE (39),0,NO APLICA,5,Mayo,16,2022,15,2,I-84,1,Interestatal,Rural,Interestatal,State Highway Agency,1,Sin jurisdiccion especial,1067,43.00163056,-115.5385583,Volcadura,El primer evento no fue una colision con un vehiculo automotor en transporte,Not an Intersection,No fue interseccion,Sobre el lado de la calle,Ninguna,Dia total,Despejado,No,NO APLICA,15,3,15,12,1,16/05/2022,1
16,Idaho,160051,0,0,1,0,73,OWYHEE (73),0,NO APLICA,5,Mayo,23,2022,8,20,SR-51,3,Highway estatal,Rural,Arteria Menor,State Highway Agency,0,Sin jurisdiccion especial,513,42.04034722,-116.1389222,Poste o otros soportes,El primer evento no fue una colision con un vehiculo automotor en transporte,Not an Intersection,No fue interseccion,Sobre el lado de la calle,Ninguna,Dia total,Despejado,No,NO APLICA,8,20,8,34,1,23/05/2022,1
16,Idaho,160052,0,0,2,0,45,GEM (45),480,EMMETT,4,Abril,7,2022,16,1,SR-52,3,Highway estatal,Urbano,Colector Mayor,State Highway Agency,0,Sin jurisdiccion especial,0,43.86127778,-116.5126972,Vehiculo en movimiento,Angulo,Four-Way Intersection,Interseccion de 4 direcciones,Sobre calle,Ninguna,Dia total,Despejado,No,NO APLICA,16,5,16,6,1,07/04/2022,2
16,Idaho,160053,0,0,1,0,27,CANYON (27),1200,NAMPA,4,Abril,24,2022,0,11,PRESCOTT LN,5,Calle Local - Pueblo,Rural,Arteria Principal,County Highway Agency,0,Sin jurisdiccion especial,0,43.63398889,-116.543,Arbol,El primer evento no fue una colision con un vehiculo automotor en transporte,T-Intersection,Interseccion de T,Sobre el lado de la calle,Ninguna,Oscuro con iluminacion,Despejado,No,NO APLICA,0,12,0,21,1,24/04/2022,1
16,Idaho,160054,0,0,1,0,55,KOOTENAI (55),1460,POST FALLS,4,Abril,22,2022,0,29,I-90,1,Interestatal,Urbano,Interestatal,State Highway Agency,1,Sin jurisdiccion especial,19,47.70809444,-117.0054,Fin de valla,El primer evento no fue una colision con un vehiculo automotor en transporte,Not an Intersection,No fue interseccion,En el medio,Ninguna,Oscuro sin iluminacion,Nublado,No,NO APLICA,0,30,0,41,1,22/04/2022,1
16,Idaho,160055,0,0,2,0,49,IDAHO (49),0,NO APLICA,6,Junio,1,2022,13,3,SR-13,3,Highway estatal,Rural,Arteria Menor,State Highway Agency,0,Sin jurisdiccion especial,236,46.10948611,-115.9795139,Vehiculo en movimiento,Frente a frente,Not an Intersection,No fue interseccion,Sobre calle,Ninguna,Dia total,Nublado,No,NO APLICA,13,3,13,6,2,01/06/2022,2
16,Idaho,160056,0,0,1,0,27,CANYON (27),0,NO APLICA,6,Junio,12,2022,2,45,HOSKINS RD,5,Calle Local - Pueblo,Rural,Colector Mayor,County Highway Agency,0,Sin jurisdiccion especial,0,43.60314167,-116.8657722,Barda,El primer evento no fue una colision con un vehiculo automotor en transporte,Not an Intersection,No fue interseccion,Sobre el lado de la calle,Ninguna,Oscuro sin iluminacion,lluvia,No,NO APLICA,6,58,7,13,1,12/06/2022,1
16,Idaho,160057,0,0,2,0,51,JEFFERSON (51),0,NO APLICA,6,Junio,8,2022,18,56,I-15,1,Interestatal,Rural,Interestatal,State Highway Agency,1,Sin jurisdiccion especial,1402,43.79243889,-112.1742778,Vehiculo en movimiento,Frente a frente,Not an Intersection,No fue interseccion,Sobre calle,Ninguna,Dia total,Despejado,No,NO APLICA,19,0,19,23,1,08/06/2022,2
16,Idaho,160058,0,0,1,0,19,BONNEVILLE (19),1780,SWAN VALLEY,6,Junio,16,2022,20,57,TRAUGHBER RD,5,Calle Local - Pueblo,Rural,Local,Town or Township Highway Agency,0,Sin jurisdiccion especial,0,43.48258333,-111.3497889,Acotamiento,El primer evento no fue una colision con un vehiculo automotor en transporte,Not an Intersection,No fue interseccion,Sobre el lado de la calle,Ninguna,Atardecer,Despejado,No,NO APLICA,21,2,21,16,1,16/06/2022,1
16,Idaho,160059,0,0,2,0,17,BONNER (17),0,NO APLICA,6,Junio,4,2022,14,33,SR-57,3,Highway estatal,Rural,Colector Mayor,State Highway Agency,0,Sin jurisdiccion especial,0,48.45004722,-116.9117972,Vehiculo en movimiento,Frente a frente,T-Intersection,Interseccion de T,Sobre calle,Ninguna,Dia total,lluvia,No,NO APLICA,14,34,14,46,1,04/06/2022,2
16,Idaho,160060,0,0,2,0,19,BONNEVILLE (19),0,NO APLICA,4,Abril,29,2022,19,36,RIVER RD,5,Calle Local - Pueblo,Rural,Colector Menor,County Highway Agency,0,Sin jurisdiccion especial,0,43.59562778,-112.0615889,Vehiculo en movimiento,Frente a frente,Not an Intersection,No fue interseccion,Sobre calle,Ninguna,Dia total,Despejado,No,NO APLICA,19,37,19,47,1,29/04/2022,2
16,Idaho,160061,0,0,1,0,69,NEZ PERCE (69),960,LEWISTON,6,Junio,23,2022,0,41,IDAHO ST,5,Calle Local - Pueblo,Urbano,Colector Mayor,Town or Township Highway Agency,0,Sin jurisdiccion especial,0,46.41594444,-117.0129083,Poste,El primer evento no fue una colision con un vehiculo automotor en transporte,Not an Intersection,No fue interseccion,Sobre el lado de la calle,Ninguna,Oscuro con iluminacion,Despejado,No,NO APLICA,0,43,0,47,2,23/06/2022,5
16,Idaho,160062,0,0,1,0,69,NEZ PERCE (69),0,NO APLICA,7,Julio,5,2022,16,40,CR-GIFFORD-REUBENS,4,Calle del Condado,Rural,Colector Mayor,County Highway Agency,0,Sin jurisdiccion especial,0,46.48710556,-116.6924722,Buzon de correo,El primer evento no fue una colision con un vehiculo automotor en transporte,Not an Intersection,No fue interseccion,Sobre el lado de la calle,Ninguna,Dia total,Despejado,No,NO APLICA,16,46,17,6,1,05/07/2022,1
16,Idaho,160063,0,0,1,0,31,CASSIA (31),0,NO APLICA,5,Mayo,1,2022,0,0,100 WEST RD,5,Calle Local - Pueblo,Rural,Colector Menor,County Highway Agency,0,Sin jurisdiccion especial,0,42.32544444,-113.8131611,Barda,El primer evento no fue una colision con un vehiculo automotor en transporte,T-Intersection,Interseccion de T,Fuera de la calle,Ninguna,Oscuro sin iluminacion,Nublado,No,NO APLICA,0,0,0,25,1,01/05/2022,2
16,Idaho,160064,0,0,1,0,17,BONNER (17),0,NO APLICA,6,Junio,30,2022,20,0,FREEMAN LAKE RD,5,Calle Local - Pueblo,Rural,Local,Town or Township Highway Agency,0,Sin jurisdiccion especial,0,48.19571111,-117.0082861,Volcadura,El primer evento no fue una colision con un vehiculo automotor en transporte,Not an Intersection,No fue interseccion,Sobre el lado de la calle,Ninguna,Dia total,Nublado,No,NO APLICA,20,13,20,19,1,30/06/2022,1
16,Idaho,160065,0,0,1,0,59,LEMHI (59),0,NO APLICA,7,Julio,9,2022,8,45,SALMON RIVER RD,5,Calle Local - Pueblo,Rural,Local,County Highway Agency,0,Sin jurisdiccion especial,0,45.3268,-114.4308944,Acotamiento,El primer evento no fue una colision con un vehiculo automotor en transporte,Not an Intersection,No fue interseccion,Sobre el lado de la calle,Ninguna,Dia total,Despejado,No,NO APLICA,9,30,9,30,1,09/07/2022,1
16,Idaho,160066,0,0,1,0,43,FREMONT (43),0,NO APLICA,7,Julio,1,2022,1,8,US-20,2,US Highway,Rural,Arteria Principal,State Highway Agency,1,Sin jurisdiccion especial,4056,44.66994444,-111.2882639,Volcadura,El primer evento no fue una colision con un vehiculo automotor en transporte,Not an Intersection,No fue interseccion,Sobre el lado de la calle,Ninguna,Oscuro sin iluminacion,Despejado,No,NO APLICA,99,99,99,99,1,01/07/2022,1
16,Idaho,160067,0,0,2,0,41,FRANKLIN (41),1480,PRESTON,6,Junio,12,2022,15,45,US-91,2,US Highway,Urbano,Arteria Menor,State Highway Agency,0,Sin jurisdiccion especial,0,42.11058333,-111.8785306,Vehiculo en movimiento,Angulo,T-Intersection,Interseccion de T,Sobre calle,Ninguna,Dia total,Nublado,No,NO APLICA,15,45,15,45,1,12/06/2022,3
16,Idaho,160068,0,0,1,0,1,ADA (1),160,BOISE,6,Junio,12,2022,21,15,I-184 IC 3 ON RAMP,1,Interestatal,Urbano,Interestatal,State Highway Agency,1,Sin jurisdiccion especial,29,43.61770833,-116.2472139,Banqueta,El primer evento no fue una colision con un vehiculo automotor en transporte,Not an Intersection,No fue interseccion,Sobre el lado de la calle,Ninguna,Atardecer,Despejado,No,NO APLICA,21,16,21,20,2,12/06/2022,3
16,Idaho,160069,0,0,2,0,51,JEFFERSON (51),0,NO APLICA,6,Junio,26,2022,20,44,SR-48,3,Highway estatal,Rural,Colector Mayor,State Highway Agency,0,Sin jurisdiccion especial,225,43.648475,-111.7882778,Vehiculo en movimiento,Frente a frente,Not an Intersection,No fue interseccion,Sobre calle,Ninguna,Dia total,Despejado,No,NO APLICA,20,45,20,53,1,26/06/2022,2
16,Idaho,160070,0,0,2,0,69,NEZ PERCE (69),0,NO APLICA,7,Julio,8,2022,19,29,US-95,2,US Highway,Rural,Arteria Principal,State Highway Agency,1,Sin jurisdiccion especial,0,46.37294167,-116.7958472,Vehiculo en movimiento,Frente a Detrás,T-Intersection,Interseccion de T,Sobre calle,Ninguna,Dia total,Despejado,No,NO APLICA,19,29,19,45,1,08/07/2022,2
16,Idaho,160071,0,0,4,0,11,BINGHAM (11),0,NO APLICA,6,Junio,23,2022,20,23,SR-39,3,Highway estatal,Rural,Arteria Menor,State Highway Agency,0,Sin jurisdiccion especial,480,43.19686389,-112.4639,Vehiculo en movimiento,Frente a Detrás,Not an Intersection,No fue interseccion,Sobre calle,Construccion,Atardecer,Despejado,No,NO APLICA,99,99,99,99,3,23/06/2022,5
16,Idaho,160072,0,0,2,0,73,OWYHEE (73),0,NO APLICA,5,Mayo,5,2022,6,29,SR-78,3,Highway estatal,Rural,Colector Mayor,State Highway Agency,0,Sin jurisdiccion especial,0,43.41127778,-116.7018472,Vehiculo en movimiento,Angulo,T-Intersection,Interseccion de T,Sobre calle,Ninguna,Amanecer,Despejado,No,NO APLICA,6,35,6,44,1,05/05/2022,2
16,Idaho,160073,0,0,1,0,85,VALLEY (85),0,NO APLICA,6,Junio,18,2022,12,45,CR-WARM LAKE RD,4,Calle del Condado,Rural,Colector Mayor,County Highway Agency,0,Sin jurisdiccion especial,0,44.66348333,-115.688525,Poste de Señal de trafico,El primer evento no fue una colision con un vehiculo automotor en transporte,Not an Intersection,No fue interseccion,Sobre el lado de la calle,Ninguna,Dia total,Despejado,No,NO APLICA,12,47,13,14,1,18/06/2022,1
16,Idaho,160074,0,0,2,0,55,KOOTENAI (55),0,NO APLICA,6,Junio,17,2022,22,7,I-90,1,Interestatal,Rural,Interestatal,State Highway Agency,1,Sin jurisdiccion especial,265,47.62417778,-116.5622889,Vehiculo en movimiento,Frente a frente,Not an Intersection,No fue interseccion,Sobre calle,Ninguna,Oscuro sin iluminacion,Despejado,No,NO APLICA,22,7,22,28,1,17/06/2022,3
16,Idaho,160075,0,0,1,0,87,WASHINGTON (87),0,NO APLICA,7,Julio,21,2022,11,54,US-95,2,US Highway,Rural,Arteria Principal,State Highway Agency,1,Sin jurisdiccion especial,0,44.21877778,-116.9415667,Volcadura,El primer evento no fue una colision con un vehiculo automotor en transporte,Not an Intersection,No fue interseccion,Sobre el lado de la calle,Ninguna,Dia total,Despejado,No,NO APLICA,11,56,11,57,1,21/07/2022,1
16,Idaho,160076,0,0,1,0,83,TWIN FALLS (83),1830,TWIN FALLS,4,Abril,24,2022,17,45,US-93,2,US Highway,Urbano,Arteria Menor,State Highway Agency,1,Sin jurisdiccion especial,0,42.55079444,-114.4601889,Volcadura,El primer evento no fue una colision con un vehiculo automotor en transporte,Not an Intersection,No fue interseccion,Sobre calle,Ninguna,Dia total,Despejado,No,NO APLICA,17,49,17,51,1,24/04/2022,1
16,Idaho,160077,0,0,1,0,39,ELMORE (39),1150,MOUNTAIN HOME,7,Julio,16,2022,19,37,FS 227 RD,5,Calle Local - Pueblo,Rural,Colector Menor,County Highway Agency,0,Sin jurisdiccion especial,0,43.60756111,-115.0758056,Piedrotototota,El primer evento no fue una colision con un vehiculo automotor en transporte,Not an Intersection,No fue interseccion,Sobre el lado de la calle,Ninguna,Atardecer,Despejado,No,NO APLICA,99,99,21,9,1,16/07/2022,1
16,Idaho,160078,0,0,1,0,19,BONNEVILLE (19),0,NO APLICA,7,Julio,14,2022,21,27,113TH EAST RD,5,Calle Local - Pueblo,Rural,Colector Mayor,County Highway Agency,0,Sin jurisdiccion especial,0,43.39564722,-111.9962472,Poste de Señal de trafico,El primer evento no fue una colision con un vehiculo automotor en transporte,Not an Intersection,No fue interseccion,Sobre el lado de la calle,Ninguna,Atardecer,Despejado,No,NO APLICA,21,33,21,51,1,14/07/2022,1
16,Idaho,160079,0,0,2,0,21,BOUNDARY (21),0,NO APLICA,7,Julio,16,2022,22,14,US-95,2,US Highway,Rural,Arteria Principal,State Highway Agency,1,Sin jurisdiccion especial,5015,48.62233333,-116.3504194,Vehiculo en movimiento,Frente a frente,Not an Intersection,No fue interseccion,Sobre calle,Ninguna,Oscuro sin iluminacion,Despejado,No,NO APLICA,22,12,22,26,1,16/07/2022,2
16,Idaho,160080,0,0,1,0,15,BOISE (15),0,NO APLICA,7,Julio,14,2022,17,18,BANKS LOWMAN RD,5,Calle Local - Pueblo,Rural,Arteria Menor,County Highway Agency,0,Sin jurisdiccion especial,0,44.08865,-116.0976667,Immersion total o parcial,El primer evento no fue una colision con un vehiculo automotor en transporte,Not an Intersection,No fue interseccion,Fuera de la calle,Ninguna,Dia total,Despejado,No,NO APLICA,17,20,17,38,1,14/07/2022,1
16,Idaho,160081,0,0,1,0,77,POWER (77),40,AMERICAN FALLS,7,Julio,15,2022,7,47,I-86,1,Interestatal,Rural,Interestatal,State Highway Agency,1,Sin jurisdiccion especial,395,42.78661111,-112.8376111,Volcadura,El primer evento no fue una colision con un vehiculo automotor en transporte,Not an Intersection,No fue interseccion,En el medio,Ninguna,Dia total,Despejado,No,NO APLICA,7,47,7,49,1,15/07/2022,4
16,Idaho,160082,0,0,2,0,81,TETON (81),0,NO APLICA,7,Julio,8,2022,19,21,SR-33,3,Highway estatal,Rural,Arteria Menor,State Highway Agency,0,Sin jurisdiccion especial,1382,43.77353056,-111.1107972,Vehiculo en movimiento,Frente a frente,Not an Intersection,No fue interseccion,Sobre calle,Ninguna,Dia total,Despejado,No,NO APLICA,19,23,19,33,1,08/07/2022,3
16,Idaho,160083,0,0,3,0,45,GEM (45),0,NO APLICA,7,Julio,13,2022,6,15,SR-16,3,Highway estatal,Urbano,Arteria Principal,State Highway Agency,0,Sin jurisdiccion especial,1117,43.85465278,-116.4619444,Vehiculo en movimiento,Frente a frente,Not an Intersection,No fue interseccion,Sobre calle,Ninguna,Dia total,Despejado,No,NO APLICA,6,15,6,25,1,13/07/2022,3
16,Idaho,160084,4,4,1,0,83,TWIN FALLS (83),0,NO APLICA,7,Julio,4,2022,8,20,US-93,2,US Highway,Rural,Arteria Principal,State Highway Agency,1,Sin jurisdiccion especial,69,42.095975,-114.6829389,Ciclista,El primer evento no fue una colision con un vehiculo automotor en transporte,Not an Intersection,No fue interseccion,Sobre calle,Ninguna,Dia total,Despejado,No,NO APLICA,8,22,8,51,2,04/07/2022,2
16,Idaho,160085,0,0,1,0,83,TWIN FALLS (83),0,NO APLICA,7,Julio,22,2022,23,12,KENYON RD,5,Calle Local - Pueblo,Rural,Local,County Highway Agency,0,Sin jurisdiccion especial,0,42.51958333,-114.9970333,Acotamiento,El primer evento no fue una colision con un vehiculo automotor en transporte,Not an Intersection,No fue interseccion,Sobre el lado de la calle,Ninguna,Oscuro sin iluminacion,Nublado,No,NO APLICA,23,12,23,46,1,22/07/2022,3
16,Idaho,160086,0,0,1,0,49,IDAHO (49),0,NO APLICA,7,Julio,28,2022,14,41,WARREN WAGON RD,5,Calle Local - Pueblo,Rural,Local,County Highway Agency,0,Sin jurisdiccion especial,0,45.23721389,-115.7696472,Zanja,El primer evento no fue una colision con un vehiculo automotor en transporte,Not an Intersection,No fue interseccion,Sobre el lado de la calle,Ninguna,Dia total,Despejado,No,NO APLICA,15,2,16,17,1,28/07/2022,1
16,Idaho,160087,0,0,1,0,15,BOISE (15),980,LOWMAN,6,Junio,24,2022,11,15,SR-21,3,Highway estatal,Rural,Arteria Menor,State Highway Agency,0,Sin jurisdiccion especial,906,44.13460556,-115.3182278,Piedrotototota,El primer evento no fue una colision con un vehiculo automotor en transporte,Not an Intersection,No fue interseccion,Sobre el lado de la calle,Ninguna,Dia total,Despejado,No,NO APLICA,11,38,12,9,1,24/06/2022,1
16,Idaho,160088,0,0,2,0,19,BONNEVILLE (19),0,NO APLICA,7,Julio,27,2022,15,19,145TH RD,5,Calle Local - Pueblo,Rural,Colector Mayor,City or Municipal Highway Agency,0,Sin jurisdiccion especial,0,43.62687222,-111.8244167,Vehiculo en movimiento,Angulo,Four-Way Intersection,Interseccion de 4 direcciones,Sobre calle,Ninguna,Dia total,Despejado,No,NO APLICA,15,21,15,36,1,27/07/2022,3
16,Idaho,160089,0,0,2,0,67,MINIDOKA (67),0,NO APLICA,7,Julio,28,2022,15,50,800 NORTH RD,5,Calle Local - Pueblo,Rural,Local,City or Municipal Highway Agency,0,Sin jurisdiccion especial,0,42.73540556,-113.6873944,Vehiculo en movimiento,Angulo,Four-Way Intersection,Interseccion de 4 direcciones,Sobre calle,Ninguna,Dia total,Despejado,No,NO APLICA,15,51,15,55,1,28/07/2022,2
16,Idaho,160090,0,0,2,0,55,KOOTENAI (55),0,NO APLICA,7,Julio,9,2022,11,39,US-95,2,US Highway,Rural,Arteria Principal,State Highway Agency,1,Sin jurisdiccion especial,4076,47.429675,-116.9893917,Vehiculo en movimiento,Frente a Detrás,Not an Intersection,No fue interseccion,Sobre calle,Ninguna,Dia total,Despejado,No,NO APLICA,11,39,11,47,1,09/07/2022,2
16,Idaho,160092,0,0,1,0,67,MINIDOKA (67),0,NO APLICA,8,Agosto,4,2022,16,10,E 100 RD E,5,Calle Local - Pueblo,Rural,Local,County Highway Agency,0,Sin jurisdiccion especial,0,42.760775,-113.6394056,Volcadura,El primer evento no fue una colision con un vehiculo automotor en transporte,Not an Intersection,No fue interseccion,Sobre calle,Ninguna,Dia total,Despejado,No,NO APLICA,16,17,16,27,1,04/08/2022,3
16,Idaho,160093,0,0,1,0,17,BONNER (17),0,NO APLICA,7,Julio,15,2022,20,55,LAKESHORE RD,5,Calle Local - Pueblo,Rural,Colector Menor,City or Municipal Highway Agency,0,Sin jurisdiccion especial,0,48.54813611,-116.926,Volcadura,El primer evento no fue una colision con un vehiculo automotor en transporte,Not an Intersection,No fue interseccion,Sobre calle,Ninguna,Atardecer,Despejado,No,NO APLICA,21,1,21,11,1,15/07/2022,5
16,Idaho,160094,0,0,1,0,17,BONNER (17),0,NO APLICA,7,Julio,19,2022,99,99,TRESTLE CREEK RD,5,Calle Local - Pueblo,Rural,Local,City or Municipal Highway Agency,0,Sin jurisdiccion especial,0,48.37116944,-116.1680722,Volcadura,El primer evento no fue una colision con un vehiculo automotor en transporte,Not an Intersection,No fue interseccion,Sobre el lado de la calle,Ninguna,Dia total,Despejado,No,NO APLICA,88,88,88,88,1,19/07/2022,2
16,Idaho,160095,0,0,2,0,81,TETON (81),1850,VICTOR,7,Julio,28,2022,12,4,SR-33,3,Highway estatal,Rural,Arteria Menor,State Highway Agency,1,Sin jurisdiccion especial,0,43.82486389,-111.1805833,Vehiculo en movimiento,Angulo,T-Intersection,Interseccion de T,Sobre calle,Ninguna,Dia total,Despejado,No,NO APLICA,12,9,12,17,1,28/07/2022,5
16,Idaho,160096,0,0,3,0,45,GEM (45),480,EMMETT,6,Junio,25,2022,16,8,SR-16,3,Highway estatal,Urbano,Arteria Principal,State Highway Agency,0,Sin jurisdiccion especial,1118,43.85542778,-116.4619417,Vehiculo en movimiento,Frente a frente,Not an Intersection,No fue interseccion,Sobre calle,Ninguna,Dia total,Despejado,No,NO APLICA,16,18,16,25,1,25/06/2022,8
16,Idaho,160097,0,0,1,0,67,MINIDOKA (67),0,NO APLICA,8,Agosto,9,2022,14,27,I-84,1,Interestatal,Rural,Interestatal,State Highway Agency,1,Sin jurisdiccion especial,2061,42.56878333,-113.8244861,Volcadura,El primer evento no fue una colision con un vehiculo automotor en transporte,Not an Intersection,No fue interseccion,En el medio,Ninguna,Dia total,Despejado,No,NO APLICA,14,28,14,41,1,09/08/2022,1
16,Idaho,160098,0,0,1,0,49,IDAHO (49),0,NO APLICA,8,Agosto,11,2022,99,99,US-12,2,US Highway,Rural,Arteria Principal,State Highway Agency,1,Sin jurisdiccion especial,1197,46.327775,-115.3487583,Arbol,El primer evento no fue una colision con un vehiculo automotor en transporte,Not an Intersection,No fue interseccion,Sobre el lado de la calle,Ninguna,Dia total,Nublado,No,NO APLICA,1,5,3,20,1,11/08/2022,2
16,Idaho,160099,0,0,1,0,5,BANNOCK (5),1430,POCATELLO,8,Agosto,4,2022,0,31,SOUTH VALLEY RD,6,Calle Local Municipalidad,Urbano,Arteria Menor,City or Municipal Highway Agency,0,Sin jurisdiccion especial,0,42.83147778,-112.4017139,Volcadura,El primer evento no fue una colision con un vehiculo automotor en transporte,Not an Intersection,No fue interseccion,Sobre el lado de la calle,Ninguna,Oscuro sin iluminacion,Despejado,No,NO APLICA,0,33,0,38,1,04/08/2022,1
16,Idaho,160100,0,0,1,0,73,OWYHEE (73),0,NO APLICA,8,Agosto,5,2022,10,27,US-95,2,US Highway,Rural,Arteria Principal,State Highway Agency,1,Sin jurisdiccion especial,90,43.3571,-116.9307722,Volcadura,El primer evento no fue una colision con un vehiculo automotor en transporte,Not an Intersection,No fue interseccion,Sobre el lado de la calle,Ninguna,Dia total,Despejado,No,NO APLICA,10,30,11,20,1,05/08/2022,1
16,Idaho,160101,0,0,1,0,29,CARIBOU (29),0,NO APLICA,6,Junio,8,2022,1,53,BAILEY CREEK RD,5,Calle Local - Pueblo,Rural,Colector Menor,County Highway Agency,0,Sin jurisdiccion especial,0,42.62449444,-111.5891722,Volcadura,El primer evento no fue una colision con un vehiculo automotor en transporte,Not an Intersection,No fue interseccion,Sobre el lado de la calle,Ninguna,Oscuro sin iluminacion,Despejado,No,NO APLICA,1,55,2,4,1,08/06/2022,1
16,Idaho,160102,0,0,2,0,55,KOOTENAI (55),300,COEUR D'ALENE,7,Julio,20,2022,12,12,GOVERNMENT WAY,5,Calle Local - Pueblo,Urbano,Arteria Menor,City or Municipal Highway Agency,0,Sin jurisdiccion especial,0,47.73319167,-116.7867361,Vehiculo en movimiento,Angulo,Four-Way Intersection,Interseccion de 4 direcciones,Sobre calle,Ninguna,Dia total,Despejado,No,NO APLICA,12,12,12,17,2,20/07/2022,4
16,Idaho,160103,0,0,2,0,83,TWIN FALLS (83),0,NO APLICA,7,Julio,22,2022,17,40,US-93,2,US Highway,Rural,Arteria Principal,State Highway Agency,1,Sin jurisdiccion especial,0,42.53482778,-114.5747806,Vehiculo en movimiento,Angulo,Four-Way Intersection,Interseccion de 4 direcciones,Sobre calle,Ninguna,Dia total,Despejado,No,NO APLICA,17,44,17,48,1,22/07/2022,4
16,Idaho,160104,0,0,1,0,45,GEM (45),0,NO APLICA,7,Julio,21,2022,14,52,SWEET-OLA HWY,5,Calle Local - Pueblo,Rural,Colector Mayor,County Highway Agency,0,Sin jurisdiccion especial,0,43.99423889,-116.3239333,Acotamiento,El primer evento no fue una colision con un vehiculo automotor en transporte,T-Intersection,Interseccion de T,Sobre el lado de la calle,Ninguna,Dia total,Despejado,No,NO APLICA,14,52,15,11,1,21/07/2022,1
16,Idaho,160105,0,0,1,0,27,CANYON (27),210,CALDWELL,7,Julio,11,2022,23,5,ASHTON AVE,5,Calle Local - Pueblo,Urbano,Local,City or Municipal Highway Agency,0,Sin jurisdiccion especial,0,43.63068611,-116.6487361,Alguien se cayo/avento del vehiculo,El primer evento no fue una colision con un vehiculo automotor en transporte,T-Intersection,Interseccion de T,Sobre calle,Ninguna,Oscuro sin iluminacion,Despejado,No,NO APLICA,23,7,23,13,1,11/07/2022,2
16,Idaho,160106,0,0,1,0,77,POWER (77),0,NO APLICA,8,Agosto,22,2022,10,19,I-86,1,Interestatal,Rural,Interestatal,State Highway Agency,1,Sin jurisdiccion especial,465,42.854375,-112.740825,Otro objeto (no fijo),El primer evento no fue una colision con un vehiculo automotor en transporte,Not an Intersection,No fue interseccion,Sobre calle,Ninguna,Dia total,Despejado,No,NO APLICA,10,15,10,25,1,22/08/2022,2
16,Idaho,160107,0,0,2,0,17,BONNER (17),1640,SANDPOINT,8,Agosto,6,2022,10,51,US-2,2,US Highway,Urbano,Arteria Principal,State Highway Agency,1,Sin jurisdiccion especial,0,48.26307222,-116.5765556,Vehiculo en movimiento,Frente a Detrás,T-Intersection,Interseccion de T,Sobre calle,Ninguna,Dia total,Despejado,No,NO APLICA,10,46,10,57,1,06/08/2022,3
16,Idaho,160108,0,0,2,0,79,SHOSHONE (79),0,NO APLICA,8,Agosto,4,2022,11,5,I-90,1,Interestatal,Rural,Interestatal,State Highway Agency,1,Sin jurisdiccion especial,644,47.4735,-115.8678417,Vehiculo en movimiento,Frente a frente,Not an Intersection,No fue interseccion,Sobre calle,"Zona de trabajo, tipo desconocido",Dia total,Despejado,No,NO APLICA,11,5,11,36,1,04/08/2022,3
16,Idaho,160109,0,0,2,0,69,NEZ PERCE (69),0,NO APLICA,8,Agosto,12,2022,22,56,US-95,2,US Highway,Rural,Arteria Principal,State Highway Agency,1,Sin jurisdiccion especial,3012,46.42639444,-116.8050556,Vehiculo en movimiento,Frente a frente,Not an Intersection,No fue interseccion,Sobre calle,Ninguna,Oscuro sin iluminacion,Despejado,No,NO APLICA,22,58,23,15,1,12/08/2022,3
16,Idaho,160110,0,0,1,0,11,BINGHAM (11),0,NO APLICA,8,Agosto,27,2022,16,38,LONG VALLEY RD,5,Calle Local - Pueblo,Rural,Colector Mayor,County Highway Agency,0,Sin jurisdiccion especial,0,43.21600833,-111.6783028,Volcadura,El primer evento no fue una colision con un vehiculo automotor en transporte,Not an Intersection,No fue interseccion,Sobre el lado de la calle,Ninguna,Dia total,Despejado,No,NO APLICA,99,99,99,99,1,27/08/2022,2
16,Idaho,160111,0,0,1,0,33,CLARK (33),1700,SPENCER,9,Septiembre,6,2022,21,57,I-15,1,Interestatal,Rural,Interestatal,State Highway Agency,1,Sin jurisdiccion especial,1806,44.35774167,-112.1872278,Volcadura,El primer evento no fue una colision con un vehiculo automotor en transporte,Not an Intersection,No fue interseccion,Sobre calle,Ninguna,Oscuro sin iluminacion,Nublado,No,NO APLICA,22,19,22,32,1,06/09/2022,1
16,Idaho,160112,0,0,1,0,11,BINGHAM (11),535,FORT HALL,7,Julio,10,2022,18,10,I-15,1,Interestatal,Rural,Interestatal,State Highway Agency,1,Sin jurisdiccion especial,842,43.08367778,-112.3989,Volcadura,El primer evento no fue una colision con un vehiculo automotor en transporte,Not an Intersection,No fue interseccion,Sobre el lado de la calle,Ninguna,Dia total,Despejado,No,NO APLICA,18,14,18,20,1,10/07/2022,1
16,Idaho,160113,0,0,1,0,15,BOISE (15),0,NO APLICA,8,Agosto,30,2022,22,0,SR-21,3,Highway estatal,Rural,Arteria Menor,State Highway Agency,0,Sin jurisdiccion especial,0,43.78962222,-115.8805278,Immersion total o parcial,El primer evento no fue una colision con un vehiculo automotor en transporte,Not an Intersection,No fue interseccion,Fuera de la calle,Ninguna,Oscuro sin iluminacion,Despejado,No,NO APLICA,22,0,99,99,1,30/08/2022,1