Estado,Nombre de Estado,Numero de Caso,Peatones,Personas _no_vehiculos,Vehiculos automotores,Vehiculos estacionados,Condado,Nombre Condado,Ciudad,Nombre Ciudad,Mes,Nombre Mes,Dia,Año,Hora,Minuto,Calle,Ruta,Nombre Ruta,Rural o Urbanoo,Sistema Funcional,Dueño Calle,Sistema Nacional Carreteras,Jurisdiccion Especial,Milla,Latitud,Longitud,Causa del Accidente,Tipo de Accidente,Tipo Interseccion,Columna1,Lugar en la calle,Zona de Trabajo,Luz,Clima,Autobus Escolar,Cruce de Trenes,Hora Notificacion,Minuto Notificacion,Hora Llegada,Minuto Llegada,Decesos,Fecha,PersonaVehiculo
16,Idaho,160114,1,1,1,0,5,BANNOCK (5),1000,MCCAMMON,8,Agosto,13,2022,23,45,US-30,2,US Highway,Rural,Arterial Principal -Freeway o ExpressWay,State Highway Agency,1,Sin jurisdiccion especial,3604,42.65387222,-112.1858056,Peaton,El primer evento no fue una colision con un vehiculo automotor en transporte,Not an Intersection,No fue interseccion,Sobre calle,Ninguna,Oscuro sin iluminacion,Despejado,No,NO APLICA,99,99,99,99,1,13/08/2022,1
16,Idaho,160115,0,0,1,0,83,TWIN FALLS (83),0,NO APLICA,8,Agosto,23,2022,0,27,4000 NORTH RD,5,Calle Local - Pueblo,Rural,Arteria Menor,County Highway Agency,0,Sin jurisdiccion especial,0,42.577225,-114.3670278,Barda,El primer evento no fue una colision con un vehiculo automotor en transporte,Not an Intersection,No fue interseccion,Sobre el lado de la calle,Ninguna,Oscuro sin iluminacion,Despejado,No,NO APLICA,0,29,0,35,1,23/08/2022,1
16,Idaho,160116,0,0,1,0,83,TWIN FALLS (83),0,NO APLICA,9,Septiembre,10,2022,13,22,SHOSHONE FALLS GRADE RD,5,Calle Local - Pueblo,Rural,Colector Menor,County Highway Agency,0,Sin jurisdiccion especial,0,42.590575,-114.4030833,Piedrotototota,El primer evento no fue una colision con un vehiculo automotor en transporte,Not an Intersection,No fue interseccion,Sobre el lado de la calle,Ninguna,Dia total,Despejado,No,NO APLICA,13,24,13,31,1,10/09/2022,2
16,Idaho,160117,0,0,1,0,27,CANYON (27),0,NO APLICA,9,Septiembre,13,2022,18,44,WARREN SPUR RD,5,Calle Local - Pueblo,Rural,Local,County Highway Agency,0,Sin jurisdiccion especial,0,43.32948611,-116.5415639,Acotamiento,El primer evento no fue una colision con un vehiculo automotor en transporte,Not an Intersection,No fue interseccion,Sobre el lado de la calle,Ninguna,Dia total,Despejado,No,NO APLICA,18,46,18,50,1,13/09/2022,1
16,Idaho,160118,0,0,1,0,11,BINGHAM (11),0,NO APLICA,9,Septiembre,24,2022,19,25,LINCOLN CREEK RD,5,Calle Local - Pueblo,Rural,Colector Mayor,County Highway Agency,0,Sin jurisdiccion especial,0,43.07964722,-112.0259194,Volcadura,El primer evento no fue una colision con un vehiculo automotor en transporte,Not an Intersection,No fue interseccion,Sobre el lado de la calle,Ninguna,Oscuro sin iluminacion,Despejado,No,NO APLICA,0,56,1,43,1,24/09/2022,3
16,Idaho,160119,0,0,1,0,31,CASSIA (31),0,NO APLICA,9,Septiembre,23,2022,18,35,N 1100 RD E,5,Calle Local - Pueblo,Rural,Local,City or Municipal Highway Agency,0,Sin jurisdiccion especial,0,42.625775,-113.5814861,Volcadura,El primer evento no fue una colision con un vehiculo automotor en transporte,Not an Intersection,No fue interseccion,Sobre calle,Ninguna,Dia total,Despejado,No,NO APLICA,18,35,99,99,1,23/09/2022,1
16,Idaho,160120,1,1,1,0,17,BONNER (17),0,NO APLICA,9,Septiembre,1,2022,12,47,US-95,2,US Highway,Rural,Arterial Principal -Freeway o ExpressWay,State Highway Agency,1,Sin jurisdiccion especial,4640,48.14225278,-116.6000639,Peaton,El primer evento no fue una colision con un vehiculo automotor en transporte,Not an Intersection,No fue interseccion,Sobre calle,Ninguna,Dia total,Despejado,No,NO APLICA,12,48,12,59,1,01/09/2022,1
16,Idaho,160121,0,0,2,0,17,BONNER (17),0,NO APLICA,7,Julio,14,2022,10,28,EASTSHORE RD,5,Calle Local - Pueblo,Rural,Local,County Highway Agency,0,Sin jurisdiccion especial,0,48.64066944,-116.8356056,Vehiculo en movimiento,Frente a frente,Not an Intersection,No fue interseccion,Sobre calle,Ninguna,Dia total,Despejado,No,NO APLICA,10,30,11,1,1,14/07/2022,3
16,Idaho,160122,1,1,1,0,83,TWIN FALLS (83),0,NO APLICA,9,Septiembre,15,2022,14,53,3675 NORTH RD,5,Calle Local - Pueblo,Rural,Local,County Highway Agency,0,Sin jurisdiccion especial,0,42.52961111,-114.2883083,Ciclista,El primer evento no fue una colision con un vehiculo automotor en transporte,Not an Intersection,No fue interseccion,Sobre calle,Ninguna,Dia total,Nublado,No,NO APLICA,14,55,15,9,1,15/09/2022,1
16,Idaho,160123,0,0,2,0,11,BINGHAM (11),0,NO APLICA,9,Septiembre,24,2022,12,41,US-91,2,US Highway,Rural,Arteria Menor,State Highway Agency,1,Sin jurisdiccion especial,0,43.35486944,-112.1437361,Vehiculo en movimiento,Frente a Detrás,Four-Way Intersection,Interseccion de 4 direcciones,Sobre calle,Ninguna,Dia total,Despejado,No,NO APLICA,12,43,12,47,1,24/09/2022,3
16,Idaho,160124,0,0,1,0,63,LINCOLN (63),0,NO APLICA,7,Julio,19,2022,14,44,620 EAST RD,5,Calle Local - Pueblo,Rural,Colector Menor,County Highway Agency,0,Sin jurisdiccion especial,0,43.02562778,-114.3785194,Volcadura,El primer evento no fue una colision con un vehiculo automotor en transporte,Not an Intersection,No fue interseccion,Sobre el lado de la calle,Ninguna,Dia total,Despejado,No,NO APLICA,14,45,14,55,1,19/07/2022,1
16,Idaho,160125,1,1,1,0,83,TWIN FALLS (83),1830,TWIN FALLS,9,Septiembre,17,2022,5,8,US-93,2,US Highway,Urbano,Arteria Principal,State Highway Agency,1,Sin jurisdiccion especial,0,42.57758333,-114.4604306,Peaton,El primer evento no fue una colision con un vehiculo automotor en transporte,Four-Way Intersection,Interseccion de 4 direcciones,Sobre calle,Ninguna,Oscuro con iluminacion,Despejado,No,NO APLICA,5,9,5,10,1,17/09/2022,1
16,Idaho,160126,0,0,2,0,27,CANYON (27),0,NO APLICA,9,Septiembre,19,2022,15,15,US-95,2,US Highway,Rural,Arteria Principal,State Highway Agency,1,Sin jurisdiccion especial,0,43.87295556,-116.9545333,Vehiculo en movimiento,Angulo,Four-Way Intersection,Interseccion de 4 direcciones,Sobre calle,Ninguna,Dia total,Despejado,No,NO APLICA,15,16,15,20,1,19/09/2022,2
16,Idaho,160127,0,0,2,0,55,KOOTENAI (55),0,NO APLICA,9,Septiembre,1,2022,12,57,US-95,2,US Highway,Rural,Arteria Principal,State Highway Agency,1,Sin jurisdiccion especial,4276,47.671925,-116.8292056,Vehiculo en movimiento,Frente a frente,Not an Intersection,No fue interseccion,Sobre calle,Ninguna,Dia total,Despejado,No,NO APLICA,13,1,13,6,1,01/09/2022,2
16,Idaho,160128,0,0,2,0,11,BINGHAM (11),0,NO APLICA,10,Octubre,2,2022,7,22,US-91,2,US Highway,Rural,Arteria Menor,State Highway Agency,0,Sin jurisdiccion especial,967,43.14449722,-112.3937611,Vehiculo en movimiento,Frente a frente,Not an Intersection,No fue interseccion,Sobre calle,Ninguna,Amanecer,Despejado,No,NO APLICA,7,23,7,30,1,02/10/2022,2
16,Idaho,160129,0,0,2,0,83,TWIN FALLS (83),0,NO APLICA,9,Septiembre,8,2022,19,28,1600 EAST RD,5,Calle Local - Pueblo,Rural,Local,County Highway Agency,0,Sin jurisdiccion especial,0,42.57855278,-114.731825,Vehiculo en movimiento,Angulo,Four-Way Intersection,Interseccion de 4 direcciones,Sobre calle,Ninguna,Dia total,Despejado,No,NO APLICA,19,29,19,36,1,08/09/2022,2
16,Idaho,160130,1,1,1,0,83,TWIN FALLS (83),0,NO APLICA,9,Septiembre,23,2022,21,54,US-30,2,US Highway,Rural,Arteria Menor,State Highway Agency,1,Sin jurisdiccion especial,1984,42.60778611,-114.82175,Peaton,El primer evento no fue una colision con un vehiculo automotor en transporte,Not an Intersection,No fue interseccion,Sobre calle,Ninguna,Oscuro sin iluminacion,Despejado,No,NO APLICA,21,55,22,2,1,23/09/2022,2
16,Idaho,160131,0,0,2,0,53,JEROME (53),0,NO APLICA,10,Octubre,2,2022,21,33,US-93,2,US Highway,Rural,Arteria Principal,State Highway Agency,1,Sin jurisdiccion especial,0,42.75291944,-114.4335667,Vehiculo en movimiento,Angulo,Four-Way Intersection,Interseccion de 4 direcciones,Sobre calle,Ninguna,Oscuro sin iluminacion,Despejado,No,NO APLICA,21,34,21,42,1,02/10/2022,5
16,Idaho,160133,0,0,1,0,49,IDAHO (49),0,NO APLICA,9,Septiembre,10,2022,16,50,AMERICAN BAR RD,5,Calle Local - Pueblo,Rural,Local,City or Municipal Highway Agency,0,Sin jurisdiccion especial,0,45.91755556,-116.4122083,Volcadura,El primer evento no fue una colision con un vehiculo automotor en transporte,Not an Intersection,No fue interseccion,Sobre el lado de la calle,Ninguna,Dia total,Despejado,No,NO APLICA,16,53,17,5,1,10/09/2022,1
16,Idaho,160134,0,0,1,0,27,CANYON (27),1920,WILDER,9,Septiembre,11,2022,2,46,BATT CORNER RD,5,Calle Local - Pueblo,Rural,Colector Mayor,County Highway Agency,0,Sin jurisdiccion especial,0,43.672125,-116.9219111,Fin de valla,El primer evento no fue una colision con un vehiculo automotor en transporte,Not an Intersection,No fue interseccion,Sobre el lado de la calle,Ninguna,Oscuro con iluminacion,Despejado,No,NO APLICA,2,51,2,55,1,11/09/2022,3
16,Idaho,160135,0,0,2,0,17,BONNER (17),0,NO APLICA,9,Septiembre,26,2022,15,33,SR-57,3,Highway estatal,Rural,Colector Mayor,State Highway Agency,0,Sin jurisdiccion especial,105,48.30555,-116.98065,Vehiculo en movimiento,Frente a frente,Not an Intersection,No fue interseccion,Sobre calle,Ninguna,Dia total,Despejado,No,NO APLICA,15,34,15,57,2,26/09/2022,2
16,Idaho,160136,0,0,1,0,31,CASSIA (31),0,NO APLICA,10,Octubre,8,2022,19,24,I-86,1,Interestatal,Rural,Interestatal,State Highway Agency,1,Sin jurisdiccion especial,77,42.58509167,-113.3677861,Volcadura,El primer evento no fue una colision con un vehiculo automotor en transporte,Not an Intersection,No fue interseccion,En el medio,Ninguna,Oscuro sin iluminacion,Despejado,No,NO APLICA,19,25,19,41,1,08/10/2022,1
16,Idaho,160137,0,0,1,0,61,LEWIS (61),0,NO APLICA,10,Octubre,13,2022,0,18,SR-64,3,Highway estatal,Rural,Colector Mayor,State Highway Agency,0,Sin jurisdiccion especial,247,46.23221389,-116.0796194,Volcadura,El primer evento no fue una colision con un vehiculo automotor en transporte,Not an Intersection,No fue interseccion,Sobre el lado de la calle,Ninguna,Oscuro sin iluminacion,Despejado,No,NO APLICA,0,17,0,22,1,13/10/2022,1
16,Idaho,160138,0,0,2,0,1,ADA (1),920,KUNA,7,Julio,31,2022,1,30,SR-69,3,Highway estatal,Rural,Arteria Principal,State Highway Agency,1,Sin jurisdiccion especial,0,43.490125,-116.3938806,Vehiculo en movimiento,Frente a frente,Not an Intersection,No fue interseccion,Sobre calle,Ninguna,Oscuro sin iluminacion,Despejado,No,NO APLICA,1,30,99,99,2,31/07/2022,2
16,Idaho,160139,0,0,2,0,55,KOOTENAI (55),1460,POST FALLS,9,Septiembre,30,2022,0,26,I-90,1,Interestatal,Urbano,Interestatal,State Highway Agency,1,Sin jurisdiccion especial,28,47.71045,-116.986575,Vehiculo en movimiento,Frente a frente,Not an Intersection,No fue interseccion,Sobre calle,Ninguna,Oscuro sin iluminacion,Nublado,No,NO APLICA,0,27,0,35,1,30/09/2022,2
16,Idaho,160140,0,0,1,0,17,BONNER (17),0,NO APLICA,10,Octubre,2,2022,16,0,SR-41,3,Highway estatal,Rural,Arteria Menor,State Highway Agency,0,Sin jurisdiccion especial,286,48.04306389,-117.0112,Arbol,El primer evento no fue una colision con un vehiculo automotor en transporte,Not an Intersection,No fue interseccion,Fuera de la calle,Ninguna,Dia total,Despejado,No,NO APLICA,16,2,16,18,2,02/10/2022,2
16,Idaho,160141,0,0,2,0,67,MINIDOKA (67),0,NO APLICA,10,Octubre,15,2022,18,55,SR-25,3,Highway estatal,Rural,Arteria Menor,State Highway Agency,0,Sin jurisdiccion especial,536,42.61965,-113.6434111,Vehiculo en movimiento,Angulo,Not an Intersection,No fue interseccion,Sobre calle,Ninguna,Atardecer,Despejado,No,NO APLICA,18,57,19,1,1,15/10/2022,2
16,Idaho,160142,0,0,2,0,19,BONNEVILLE (19),790,IDAHO FALLS,10,Octubre,21,2022,18,53,25TH RD,5,Calle Local - Pueblo,Urbano,Arteria Principal,City or Municipal Highway Agency,0,Sin jurisdiccion especial,0,43.49271944,-111.9842556,Vehiculo en movimiento,Angulo,Four-Way Intersection,Interseccion de 4 direcciones,Sobre calle,Ninguna,Oscuro con iluminacion,Nublado,No,NO APLICA,18,56,19,2,1,21/10/2022,2
16,Idaho,160143,1,1,1,0,1,ADA (1),0,NO APLICA,8,Agosto,8,2022,21,20,SR-55,3,Highway estatal,Urbano,Arteria Principal,State Highway Agency,1,Sin jurisdiccion especial,470,43.72681111,-116.3095222,Peaton,El primer evento no fue una colision con un vehiculo automotor en transporte,Not an Intersection,No fue interseccion,Sobre Acotamiento,Ninguna,Oscuro sin iluminacion,Despejado,No,NO APLICA,21,21,21,27,1,08/08/2022,1
16,Idaho,160144,0,0,1,0,15,BOISE (15),0,NO APLICA,8,Agosto,10,2022,16,58,SR-21,3,Highway estatal,Rural,Arteria Menor,State Highway Agency,0,Sin jurisdiccion especial,335,43.77466944,-115.9085556,Arbol,El primer evento no fue una colision con un vehiculo automotor en transporte,Not an Intersection,No fue interseccion,Sobre el lado de la calle,Ninguna,Dia total,Despejado,No,NO APLICA,17,2,17,9,1,10/08/2022,1
16,Idaho,160145,0,0,2,0,1,ADA (1),920,KUNA,8,Agosto,15,2022,18,26,DEER FLAT RD,5,Calle Local - Pueblo,Rural,Arteria Menor,County Highway Agency,0,Sin jurisdiccion especial,0,43.50276944,-116.3909972,Vehiculo en movimiento,Angulo,Not an Intersection,No fue interseccion,Sobre calle,Ninguna,Dia total,Despejado,No,NO APLICA,18,26,18,30,1,15/08/2022,3
16,Idaho,160146,0,0,1,0,73,OWYHEE (73),0,NO APLICA,10,Octubre,15,2022,18,44,SR-78,3,Highway estatal,Rural,Colector Mayor,State Highway Agency,0,Sin jurisdiccion especial,0,43.34528889,-116.6491444,Volcadura,El primer evento no fue una colision con un vehiculo automotor en transporte,T-Intersection,Interseccion de T,Sobre el lado de la calle,Ninguna,Atardecer,Despejado,No,NO APLICA,18,51,18,54,1,15/10/2022,1
16,Idaho,160147,0,0,4,0,53,JEROME (53),0,NO APLICA,10,Octubre,17,2022,6,22,US-93,2,US Highway,Rural,Arteria Principal,State Highway Agency,1,Sin jurisdiccion especial,0,42.83272222,-114.433525,Vehiculo en movimiento,Angulo,Four-Way Intersection,Interseccion de 4 direcciones,Sobre calle,Ninguna,Oscuro sin iluminacion,Despejado,No,NO APLICA,6,25,6,43,1,17/10/2022,4
16,Idaho,160148,0,0,2,0,75,PAYETTE (75),0,NO APLICA,9,Septiembre,15,2022,7,55,I-84,1,Interestatal,Rural,Interestatal,State Highway Agency,1,Sin jurisdiccion especial,162,43.82208611,-116.7587167,Vehiculo en movimiento,Golpe Lateral - misma direccion,Not an Intersection,No fue interseccion,Sobre calle,Ninguna,Dia total,Despejado,No,NO APLICA,7,57,8,13,1,15/09/2022,2
16,Idaho,160149,0,0,3,0,69,NEZ PERCE (69),0,NO APLICA,10,Octubre,13,2022,18,22,US-95,2,US Highway,Rural,Arteria Principal,State Highway Agency,1,Sin jurisdiccion especial,3014,46.42883056,-116.8059694,Vehiculo en movimiento,Golpe Lateral - direccion contraria,Not an Intersection,No fue interseccion,Sobre calle,Ninguna,Atardecer,Despejado,No,NO APLICA,18,26,18,41,2,13/10/2022,5
16,Idaho,160150,0,0,2,0,31,CASSIA (31),0,NO APLICA,10,Octubre,14,2022,21,36,US-30,2,US Highway,Rural,Arteria Menor,State Highway Agency,0,Sin jurisdiccion especial,0,42.53278889,-113.8279083,Vehiculo en movimiento,Frente a Detrás,Not an Intersection,No fue interseccion,Sobre calle,Ninguna,Oscuro sin iluminacion,Despejado,No,NO APLICA,21,36,21,46,1,14/10/2022,2
16,Idaho,160151,0,0,2,0,45,GEM (45),480,EMMETT,11,Noviembre,4,2022,15,48,SR-16,3,Highway estatal,Urbano,Arteria Principal,State Highway Agency,0,Sin jurisdiccion especial,0,43.86125278,-116.4911889,Vehiculo en movimiento,Angulo,Not an Intersection,No fue interseccion,Sobre calle,Ninguna,Dia total,lluvia,No,NO APLICA,15,48,15,52,1,04/11/2022,4
16,Idaho,160152,0,0,2,0,65,MADISON (65),0,NO APLICA,9,Septiembre,8,2022,10,34,US-20,2,US Highway,Rural,Arterial Principal -Freeway o ExpressWay,State Highway Agency,1,Sin jurisdiccion especial,3370,43.86436111,-111.7730056,Vehiculo en movimiento,Frente a Detrás,Not an Intersection,No fue interseccion,Sobre calle,Ninguna,Dia total,Despejado,No,NO APLICA,10,35,10,36,1,08/09/2022,3
16,Idaho,160153,0,0,2,0,13,BLAINE (13),0,NO APLICA,8,Agosto,7,2022,16,30,SR-75,3,Highway estatal,Rural,Arteria Menor,State Highway Agency,0,Sin jurisdiccion especial,1057,43.382175,-114.2640111,Vehiculo en movimiento,Frente a frente,Not an Intersection,No fue interseccion,Sobre calle,Ninguna,Dia total,Despejado,No,NO APLICA,16,34,16,37,1,07/08/2022,3
16,Idaho,160154,0,0,2,0,49,IDAHO (49),0,NO APLICA,10,Octubre,24,2022,7,20,US-95,2,US Highway,Rural,Arteria Principal,State Highway Agency,1,Sin jurisdiccion especial,2334,45.87406944,-116.2318278,Vehiculo en movimiento,Golpe Lateral - direccion contraria,Not an Intersection,No fue interseccion,Sobre calle,Ninguna,Dia total,Nublado,No,NO APLICA,7,20,7,33,1,24/10/2022,2
16,Idaho,160156,0,0,2,0,83,TWIN FALLS (83),1830,TWIN FALLS,10,Octubre,31,2022,5,39,SR-74,3,Highway estatal,Urbano,Arteria Menor,State Highway Agency,0,Sin jurisdiccion especial,0,42.52747222,-114.4796306,Vehiculo en movimiento,Angulo,Four-Way Intersection,Interseccion de 4 direcciones,Sobre calle,Ninguna,Oscuro sin iluminacion,Despejado,No,NO APLICA,5,58,6,6,1,31/10/2022,3
16,Idaho,160157,0,0,2,0,19,BONNEVILLE (19),790,IDAHO FALLS,10,Octubre,5,2022,10,27,SUNNYSIDE RD,5,Calle Local - Pueblo,Urbano,Arteria Principal,Town or Township Highway Agency,0,Sin jurisdiccion especial,0,43.46808333,-111.9953083,Vehiculo en movimiento,Frente a frente,T-Intersection,Interseccion de T,Sobre calle,Ninguna,Dia total,Despejado,No,NO APLICA,10,28,10,31,1,05/10/2022,3
16,Idaho,160158,0,0,1,0,75,PAYETTE (75),0,NO APLICA,10,Octubre,26,2022,14,54,I-84,1,Interestatal,Rural,Interestatal,State Highway Agency,1,Sin jurisdiccion especial,9,43.99468889,-116.935525,Volcadura,El primer evento no fue una colision con un vehiculo automotor en transporte,Not an Intersection,No fue interseccion,En el medio,Ninguna,Dia total,Despejado,No,NO APLICA,14,50,15,2,1,26/10/2022,1
16,Idaho,160159,0,0,2,0,65,MADISON (65),1520,REXBURG,11,Noviembre,15,2022,19,8,2ND EAST ST,5,Calle Local - Pueblo,Urbano,Arteria Principal,City or Municipal Highway Agency,0,Sin jurisdiccion especial,0,43.84825,-111.778,Vehiculo en movimiento,Frente a frente,Not an Intersection,No fue interseccion,Sobre calle,Ninguna,Oscuro con iluminacion,Despejado,No,NO APLICA,19,8,19,12,1,15/11/2022,2
16,Idaho,160160,0,0,1,0,1,ADA (1),0,NO APLICA,10,Octubre,19,2022,16,56,SR-21,3,Highway estatal,Rural,Arteria Menor,State Highway Agency,0,Sin jurisdiccion especial,95,43.52999167,-116.0752472,Otro objeto (fijo),El primer evento no fue una colision con un vehiculo automotor en transporte,Not an Intersection,No fue interseccion,Sobre el lado de la calle,Ninguna,Dia total,Despejado,No,NO APLICA,16,53,17,2,1,19/10/2022,1
16,Idaho,160161,0,0,1,0,85,VALLEY (85),0,NO APLICA,11,Noviembre,2,2022,18,5,SR-55,3,Highway estatal,Rural,Arteria Principal,State Highway Agency,0,Sin jurisdiccion especial,1281,44.69000556,-116.0511056,Culvert,El primer evento no fue una colision con un vehiculo automotor en transporte,Not an Intersection,No fue interseccion,Sobre el lado de la calle,Ninguna,Dia total,Nublado,No,NO APLICA,18,5,18,11,1,02/11/2022,1
16,Idaho,160162,0,0,1,0,67,MINIDOKA (67),0,NO APLICA,11,Noviembre,4,2022,2,30,I-84,1,Interestatal,Rural,Interestatal,State Highway Agency,1,Sin jurisdiccion especial,2058,42.56884722,-113.8304361,Volcadura,El primer evento no fue una colision con un vehiculo automotor en transporte,Not an Intersection,No fue interseccion,En el medio,Ninguna,Oscuro sin iluminacion,Despejado,No,NO APLICA,2,33,2,40,1,04/11/2022,1
16,Idaho,160163,0,0,1,0,49,IDAHO (49),0,NO APLICA,11,Noviembre,7,2022,19,42,WOODLAND RD,5,Calle Local - Pueblo,Rural,Colector Mayor,County Highway Agency,0,Sin jurisdiccion especial,0,46.30303611,-116.0369528,Arbol,El primer evento no fue una colision con un vehiculo automotor en transporte,Not an Intersection,No fue interseccion,Fuera de la calle,Ninguna,Oscuro sin iluminacion,Neblina o Humo,No,NO APLICA,19,45,20,14,1,07/11/2022,1
16,Idaho,160164,0,0,1,0,31,CASSIA (31),0,NO APLICA,9,Septiembre,22,2022,13,45,350 RD,5,Calle Local - Pueblo,Urbano,Colector Mayor,City or Municipal Highway Agency,0,Sin jurisdiccion especial,0,42.51776944,-113.7248278,Valla Ferrocarril,El primer evento no fue una colision con un vehiculo automotor en transporte,T-Intersection,Interseccion de T,Sobre el lado de la calle,Ninguna,Dia total,Despejado,No,NO APLICA,13,45,13,51,1,22/09/2022,1
16,Idaho,160165,0,0,1,0,13,BLAINE (13),0,NO APLICA,11,Noviembre,17,2022,22,55,LITTLE FISH CREEK RD,5,Calle Local - Pueblo,Rural,Local,City or Municipal Highway Agency,0,Sin jurisdiccion especial,0,43.37151667,-113.9248056,Volcadura,El primer evento no fue una colision con un vehiculo automotor en transporte,Not an Intersection,No fue interseccion,Sobre el lado de la calle,Ninguna,Oscuro sin iluminacion,Despejado,No,NO APLICA,22,55,22,17,2,17/11/2022,3
16,Idaho,160166,0,0,1,0,1,ADA (1),0,NO APLICA,11,Noviembre,23,2022,13,46,HUBBARD RD,5,Calle Local - Pueblo,Rural,Colector Mayor,City or Municipal Highway Agency,0,Sin jurisdiccion especial,0,43.51733056,-116.3445889,Barda,El primer evento no fue una colision con un vehiculo automotor en transporte,Y-Intersection,Interseccion de Y,Fuera de la calle,Ninguna,Dia total,Despejado,No,NO APLICA,13,46,13,56,1,23/11/2022,1
16,Idaho,160167,0,0,1,0,17,BONNER (17),0,NO APLICA,11,Noviembre,15,2022,2,2,US-95,2,US Highway,Rural,Arterial Principal -Freeway o ExpressWay,State Highway Agency,1,Sin jurisdiccion especial,4691,48.208575,-116.5603028,Poste de Señal de trafico,El primer evento no fue una colision con un vehiculo automotor en transporte,Not an Intersection,No fue interseccion,Sobre el lado de la calle,Ninguna,Oscuro con iluminacion,Despejado,No,NO APLICA,2,3,2,11,1,15/11/2022,2
16,Idaho,160168,0,0,2,0,69,NEZ PERCE (69),0,NO APLICA,11,Noviembre,21,2022,6,0,US-12,2,US Highway,Rural,Arteria Principal,State Highway Agency,1,Sin jurisdiccion especial,143,46.465425,-116.7831556,Vehiculo en movimiento,Golpe Lateral - direccion contraria,Not an Intersection,No fue interseccion,Sobre calle,Ninguna,Oscuro sin iluminacion,Nublado,No,NO APLICA,6,4,6,21,1,21/11/2022,3
16,Idaho,160169,0,0,2,0,55,KOOTENAI (55),0,NO APLICA,11,Noviembre,22,2022,15,36,SR-3,3,Highway estatal,Rural,Arteria Menor,State Highway Agency,0,Sin jurisdiccion especial,1036,47.46101667,-116.6132444,Vehiculo en movimiento,Frente a frente,Not an Intersection,No fue interseccion,Sobre calle,Ninguna,Dia total,lluvia,No,NO APLICA,15,38,15,58,1,22/11/2022,3
16,Idaho,160170,0,0,1,0,27,CANYON (27),1200,NAMPA,12,Diciembre,2,2022,4,11,SR-45,3,Highway estatal,Urbano,Arteria Principal,State Highway Agency,0,Sin jurisdiccion especial,0,43.55419167,-116.5727167,Soporte de  señalamiento de transito,El primer evento no fue una colision con un vehiculo automotor en transporte,Four-Way Intersection,Interseccion de 4 direcciones,Sobre el lado de la calle,Ninguna,Oscuro con iluminacion,Despejado,No,NO APLICA,4,11,4,15,1,02/12/2022,1
16,Idaho,160172,0,0,3,0,85,VALLEY (85),0,NO APLICA,11,Noviembre,18,2022,13,2,SR-55,3,Highway estatal,Rural,Arteria Principal,State Highway Agency,1,Sin jurisdiccion especial,1370,44.81215556,-116.0781389,Vehiculo en movimiento,Golpe Lateral - direccion contraria,Not an Intersection,No fue interseccion,Sobre calle,Ninguna,Dia total,Despejado,No,NO APLICA,13,3,13,12,2,18/11/2022,4
16,Idaho,160173,0,0,2,0,55,KOOTENAI (55),0,NO APLICA,11,Noviembre,18,2022,17,31,US-95,2,US Highway,Rural,Arteria Principal,State Highway Agency,1,Sin jurisdiccion especial,4229,47.61628611,-116.8750417,Vehiculo en movimiento,Frente a frente,Not an Intersection,No fue interseccion,Sobre calle,Ninguna,Oscuro sin iluminacion,Despejado,No,NO APLICA,17,35,17,47,3,18/11/2022,4
16,Idaho,160174,0,0,2,0,1,ADA (1),0,NO APLICA,8,Agosto,28,2022,15,3,FRANKLIN RD,5,Calle Local - Pueblo,Urbano,Arteria Principal,County Highway Agency,0,Sin jurisdiccion especial,0,43.60482778,-116.461525,Vehiculo en movimiento,Angulo,Not an Intersection,No fue interseccion,Sobre calle,Ninguna,Dia total,Despejado,No,NO APLICA,15,4,15,11,1,28/08/2022,2
16,Idaho,160175,1,1,1,0,5,BANNOCK (5),1430,POCATELLO,12,Diciembre,10,2022,17,47,5TH AVE,5,Calle Local - Pueblo,Urbano,Arteria Menor,City or Municipal Highway Agency,0,Sin jurisdiccion especial,0,42.83779722,-112.4082306,Peaton,El primer evento no fue una colision con un vehiculo automotor en transporte,Four-Way Intersection,Interseccion de 4 direcciones,Sobre calle,Ninguna,Oscuro con iluminacion,Despejado,No,NO APLICA,17,49,17,54,1,10/12/2022,1
16,Idaho,160176,0,0,1,0,53,JEROME (53),0,NO APLICA,12,Diciembre,1,2022,14,42,400 SOUTH RD,5,Calle Local - Pueblo,Rural,Colector Mayor,County Highway Agency,0,Sin jurisdiccion especial,0,42.66601389,-114.4920806,Buzon de correo,El primer evento no fue una colision con un vehiculo automotor en transporte,Not an Intersection,No fue interseccion,Sobre el lado de la calle,Ninguna,Dia total,Despejado,No,NO APLICA,14,45,14,54,1,01/12/2022,1
16,Idaho,160177,0,0,1,0,43,FREMONT (43),0,NO APLICA,11,Noviembre,1,2022,7,43,US-20,2,US Highway,Rural,Arteria Principal,State Highway Agency,1,Sin jurisdiccion especial,3544,44.008725,-111.5394639,Animal vivo,El primer evento no fue una colision con un vehiculo automotor en transporte,Not an Intersection,No fue interseccion,Sobre calle,Ninguna,Amanecer,Despejado,No,NO APLICA,7,29,7,36,1,01/11/2022,1
16,Idaho,160178,0,0,2,1,39,ELMORE (39),0,NO APLICA,11,Noviembre,26,2022,11,47,I-84,1,Interestatal,Rural,Interestatal,State Highway Agency,1,Sin jurisdiccion especial,803,43.27703056,-115.8800944,Vehiculo Aparcado,El primer evento no fue una colision con un vehiculo automotor en transporte,Not an Intersection,No fue interseccion,Sobre Acotamiento,Ninguna,Dia total,Despejado,No,NO APLICA,11,52,12,4,1,26/11/2022,3