Estado,Nombre de Estado,Numero de Caso,Peatones,Personas _no_vehiculos,Vehiculos automotores,Vehiculos estacionados,Condado,Nombre Condado,Ciudad,Nombre Ciudad,Mes,Nombre Mes,Dia,Año,Hora,Minuto,Calle,Ruta,Nombre Ruta,Rural o Urbanoo,Sistema Funcional,Dueño Calle,Sistema Nacional Carreteras,Jurisdiccion Especial,Milla,Latitud,Longitud,Causa del Accidente,Tipo de Accidente,Tipo Interseccion,Columna1,Lugar en la calle,Zona de Trabajo,Luz,Clima,Autobus Escolar,Cruce de Trenes,Hora Notificacion,Minuto Notificacion,Hora Llegada,Minuto Llegada,Decesos,Fecha,PersonaVehiculo
16,Idaho,160179,0,0,1,0,39,ELMORE (39),0,NO APLICA,12,Diciembre,15,2022,7,4,I-84,1,Interestatal,Rural,Interestatal,State Highway Agency,1,Sin jurisdiccion especial,726,43.36461667,-115.9748472,Acotamiento,El primer evento no fue una colision con un vehiculo automotor en transporte,Not an Intersection,No fue interseccion,En el medio,Ninguna,Oscuro sin iluminacion,Nieve,No,NO APLICA,7,4,7,27,1,15/12/2022,5
16,Idaho,160180,0,0,2,0,1,ADA (1),160,BOISE,12,Diciembre,1,2022,21,59,I-184,1,Interestatal,Urbano,Interestatal,State Highway Agency,1,Sin jurisdiccion especial,1,43.59703889,-116.2925806,Vehiculo en movimiento,Frente a Detrás,Not an Intersection,No fue interseccion,Sobre calle,Ninguna,Oscuro con iluminacion,Despejado,No,NO APLICA,22,0,22,11,1,01/12/2022,2
16,Idaho,160181,0,0,1,0,39,ELMORE (39),1150,MOUNTAIN HOME,7,Julio,5,2022,23,36,5TH ST N,5,Calle Local - Pueblo,Urbano,Arteria Menor,Town or Township Highway Agency,0,Sin jurisdiccion especial,0,43.13393056,-115.712,Poste,El primer evento no fue una colision con un vehiculo automotor en transporte,Not an Intersection,No fue interseccion,Sobre el lado de la calle,Ninguna,Oscuro con iluminacion,Despejado,No,NO APLICA,22,37,23,43,1,05/07/2022,1
16,Idaho,160182,0,0,2,0,27,CANYON (27),0,NO APLICA,11,Noviembre,26,2022,10,31,SR-45,3,Highway estatal,Rural,Arteria Principal,State Highway Agency,0,Sin jurisdiccion especial,0,43.50346944,-116.5730389,Vehiculo en movimiento,Frente a frente,Not an Intersection,No fue interseccion,Sobre calle,Ninguna,Dia total,Despejado,No,NO APLICA,10,32,10,41,1,26/11/2022,3
16,Idaho,160183,0,0,2,0,5,BANNOCK (5),0,NO APLICA,10,Octubre,31,2022,12,11,US-30,2,US Highway,Rural,Arteria Principal,State Highway Agency,1,Sin jurisdiccion especial,3685,42.61633889,-112.0560361,Vehiculo en movimiento,Frente a frente,Not an Intersection,No fue interseccion,Sobre calle,Ninguna,Dia total,Despejado,No,NO APLICA,12,13,12,42,2,31/10/2022,4
16,Idaho,160184,1,1,1,0,79,SHOSHONE (79),0,NO APLICA,12,Diciembre,20,2022,18,8,SR-4,3,Highway estatal,Rural,Colector Mayor,State Highway Agency,0,Sin jurisdiccion especial,0,47.47892222,-115.9127833,Peaton,El primer evento no fue una colision con un vehiculo automotor en transporte,Not an Intersection,No fue interseccion,Sobre calle,Ninguna,Oscuro sin iluminacion,Nieve,No,NO APLICA,18,8,18,17,1,20/12/2022,1
16,Idaho,160185,1,1,1,0,27,CANYON (27),210,CALDWELL,11,Noviembre,22,2022,19,41,COLLEGE AVE,5,Calle Local - Pueblo,Urbano,Local,City or Municipal Highway Agency,0,Sin jurisdiccion especial,0,43.65346111,-116.6801083,Peaton,El primer evento no fue una colision con un vehiculo automotor en transporte,Not an Intersection,No fue interseccion,Sobre calle,Ninguna,Oscuro con iluminacion,Despejado,No,NO APLICA,19,41,19,43,1,22/11/2022,1
16,Idaho,160186,0,0,1,0,37,CUSTER (37),0,NO APLICA,7,Julio,7,2022,15,30,SR-21,3,Highway estatal,Rural,Arteria Menor,State Highway Agency,0,Sin jurisdiccion especial,1080,44.34306111,-115.2231028,Arbol,El primer evento no fue una colision con un vehiculo automotor en transporte,Not an Intersection,No fue interseccion,"Fuera de la calle, ubicacion desconocida",Ninguna,Dia total,Despejado,No,NO APLICA,15,43,16,10,1,07/07/2022,1
16,Idaho,160187,0,0,1,0,81,TETON (81),0,NO APLICA,7,Julio,19,2022,15,26,SR-33,3,Highway estatal,Rural,Arteria Menor,State Highway Agency,0,Sin jurisdiccion especial,0,43.77864444,-111.1108833,Acotamiento,El primer evento no fue una colision con un vehiculo automotor en transporte,Not an Intersection,No fue interseccion,Sobre el lado de la calle,Ninguna,Dia total,Despejado,No,NO APLICA,15,29,15,34,1,19/07/2022,1
16,Idaho,160188,1,1,1,0,1,ADA (1),0,NO APLICA,9,Septiembre,29,2022,18,40,VALLEJO RD,5,Calle Local - Pueblo,Rural,Local,City or Municipal Highway Agency,0,Sin jurisdiccion especial,0,43.524775,-116.2800972,Peaton,El primer evento no fue una colision con un vehiculo automotor en transporte,T-Intersection,Interseccion de T,Sobre Acotamiento,Ninguna,Dia total,Despejado,No,NO APLICA,18,49,18,49,1,29/09/2022,1
16,Idaho,160189,0,0,2,0,43,FREMONT (43),0,NO APLICA,8,Agosto,6,2022,16,45,US-20,2,US Highway,Rural,Arteria Principal,State Highway Agency,1,Sin jurisdiccion especial,3642,44.12199722,-111.4415333,Vehiculo en movimiento,Frente a frente,Not an Intersection,No fue interseccion,Sobre calle,Ninguna,Dia total,lluvia,No,NO APLICA,16,46,17,2,1,06/08/2022,6
16,Idaho,160190,0,0,2,0,1,ADA (1),570,GARDEN CITY,10,Octubre,3,2022,19,53,US-20,2,US Highway,Urbano,Arteria Principal,State Highway Agency,1,Sin jurisdiccion especial,0,43.63379444,-116.2548556,Vehiculo en movimiento,Angulo,Four-Way Intersection,Interseccion de 4 direcciones,Sobre calle,Ninguna,Oscuro con iluminacion,Despejado,No,NO APLICA,19,54,19,59,1,03/10/2022,3
16,Idaho,160191,0,0,1,0,1,ADA (1),1070,MERIDIAN,12,Diciembre,19,2022,0,1,OVERLAND RD,5,Calle Local - Pueblo,Urbano,Arteria Principal,City or Municipal Highway Agency,0,Sin jurisdiccion especial,0,43.58789444,-116.4284167,Barda,El primer evento no fue una colision con un vehiculo automotor en transporte,Not an Intersection,No fue interseccion,Fuera de la calle,Ninguna,Oscuro - iluminacion desconocida,Despejado,No,NO APLICA,7,49,7,51,1,19/12/2022,1
16,Idaho,160192,0,0,1,0,1,ADA (1),920,KUNA,12,Diciembre,29,2022,6,20,KUNA MORA RD,5,Calle Local - Pueblo,Rural,Arteria Menor,City or Municipal Highway Agency,0,Sin jurisdiccion especial,0,43.45926667,-116.3054639,Poste,El primer evento no fue una colision con un vehiculo automotor en transporte,Not an Intersection,No fue interseccion,Sobre el lado de la calle,Ninguna,Oscuro sin iluminacion,Nublado,No,NO APLICA,6,20,6,40,1,29/12/2022,1
16,Idaho,160193,0,0,1,0,19,BONNEVILLE (19),790,IDAHO FALLS,5,Mayo,27,2022,16,29,WOODRUFF AVE,5,Calle Local - Pueblo,Urbano,Arteria Menor,City or Municipal Highway Agency,0,Sin jurisdiccion especial,0,43.50726944,-111.9994889,Zanja,El primer evento no fue una colision con un vehiculo automotor en transporte,Not an Intersection,No fue interseccion,Sobre el lado de la calle,Ninguna,Dia total,Despejado,No,NO APLICA,16,29,16,38,1,27/05/2022,1
16,Idaho,160194,1,1,1,0,1,ADA (1),435,EAGLE,10,Octubre,21,2022,13,35,SR-55,3,Highway estatal,Urbano,Arterial Principal -Freeway o ExpressWay,State Highway Agency,1,Sin jurisdiccion especial,0,43.72086667,-116.3196444,Ciclista,El primer evento no fue una colision con un vehiculo automotor en transporte,T-Intersection,Interseccion de T,Sobre Acotamiento,Ninguna,Dia total,Despejado,No,NO APLICA,13,36,13,39,1,21/10/2022,1
16,Idaho,160195,1,1,1,0,1,ADA (1),570,GARDEN CITY,11,Noviembre,8,2022,19,7,US-20,2,US Highway,Urbano,Arteria Principal,State Highway Agency,1,Sin jurisdiccion especial,0,43.65377778,-116.2903083,Peaton,El primer evento no fue una colision con un vehiculo automotor en transporte,Not an Intersection,No fue interseccion,Sobre calle,Ninguna,Oscuro sin iluminacion,Nublado,No,NO APLICA,19,9,19,13,1,08/11/2022,1
16,Idaho,160196,0,0,3,0,19,BONNEVILLE (19),790,IDAHO FALLS,6,Junio,27,2022,19,35,17TH ST,5,Calle Local - Pueblo,Urbano,Arteria Menor,City or Municipal Highway Agency,0,Sin jurisdiccion especial,0,43.48205833,-111.9848667,Vehiculo en movimiento,Frente a Detrás,Four-Way Intersection,Interseccion de 4 direcciones,Sobre calle,Ninguna,Dia total,Despejado,No,NO APLICA,19,35,19,39,1,27/06/2022,3
16,Idaho,160197,0,0,1,0,11,BINGHAM (11),0,NO APLICA,8,Agosto,30,2022,4,30,ROSS FORK RD,5,Calle Local - Pueblo,Rural,Colector Menor,City or Municipal Highway Agency,0,Reservacion India,0,43.03986111,-112.3134972,Volcadura,El primer evento no fue una colision con un vehiculo automotor en transporte,Not an Intersection,No fue interseccion,Sobre calle,Ninguna,Oscuro sin iluminacion,Despejado,No,NO APLICA,99,99,99,99,1,30/08/2022,2
16,Idaho,160198,0,0,2,0,5,BANNOCK (5),0,NO APLICA,9,Septiembre,21,2022,18,40,RESERVATION RD,5,Calle Local - Pueblo,Rural,Colector Mayor,City or Municipal Highway Agency,0,Reservacion India,0,42.96405833,-112.5160556,Vehiculo en movimiento,Angulo,Four-Way Intersection,Interseccion de 4 direcciones,Sobre calle,Ninguna,Dia total,Nublado,No,NO APLICA,18,40,18,50,4,21/09/2022,5
16,Idaho,160199,0,0,2,0,1,ADA (1),1070,MERIDIAN,10,Octubre,5,2022,16,30,TEN MILE RD,5,Calle Local - Pueblo,Urbano,Arteria Menor,City or Municipal Highway Agency,0,Sin jurisdiccion especial,0,43.66055,-116.4336028,Vehiculo en movimiento,Angulo,Not an Intersection,No fue interseccion,Sobre calle,Ninguna,Dia total,Despejado,No,NO APLICA,16,32,16,38,1,05/10/2022,2
16,Idaho,160200,1,1,1,0,1,ADA (1),1070,MERIDIAN,11,Noviembre,2,2022,7,42,TEN MILE RD,5,Calle Local - Pueblo,Urbano,Arteria Menor,City or Municipal Highway Agency,0,Sin jurisdiccion especial,0,43.61215833,-116.4335556,Peaton,El primer evento no fue una colision con un vehiculo automotor en transporte,Four-Way Intersection,Interseccion de 4 direcciones,Sobre calle,Ninguna,Oscuro con iluminacion,Nublado,No,NO APLICA,7,43,7,49,1,02/11/2022,1
16,Idaho,160201,1,1,3,0,19,BONNEVILLE (19),790,IDAHO FALLS,12,Diciembre,17,2022,19,44,15TH RD,5,Calle Local - Pueblo,Rural,Colector Mayor,City or Municipal Highway Agency,0,Sin jurisdiccion especial,0,43.43486111,-112.0037528,Vehiculo en movimiento,Frente a Detrás,Not an Intersection,No fue interseccion,Sobre calle,Ninguna,Oscuro sin iluminacion,Despejado,No,NO APLICA,19,44,19,48,1,17/12/2022,2
16,Idaho,160202,0,0,1,0,31,CASSIA (31),0,NO APLICA,8,Agosto,16,2022,18,55,SR-81,3,Highway estatal,Rural,Colector Mayor,State Highway Agency,0,Sin jurisdiccion especial,0,42.41501389,-113.3996778,Volcadura,El primer evento no fue una colision con un vehiculo automotor en transporte,Not an Intersection,No fue interseccion,Sobre el lado de la calle,Ninguna,Dia total,Despejado,No,NO APLICA,18,55,19,20,1,16/08/2022,1
17,Illinois,170001,0,0,1,0,163,ST. CLAIR (163),0,NO APLICA,1,Enero,2,2022,0,4,MASCOUTAH AVE,8,Otro,Urbano,Arteria Menor,State Highway Agency,0,Sin jurisdiccion especial,125,38.50477222,-89.90370556,Zanja,El primer evento no fue una colision con un vehiculo automotor en transporte,Not an Intersection,No fue interseccion,Sobre el lado de la calle,Ninguna,Oscuro - iluminacion desconocida,Aguanieve,No,NO APLICA,0,4,0,10,1,02/01/2022,1
17,Illinois,170002,0,1,2,1,31,COOK (31),1670,CHICAGO,1,Enero,1,2022,1,44,I-94,1,Interestatal,Urbano,Interestatal,State Highway Agency,1,Sin jurisdiccion especial,99998,41.740475,-87.62524167,Vehiculo Funcionando,El primer evento no fue una colision con un vehiculo automotor en transporte,Not an Intersection,No fue interseccion,Sobre Acotamiento,Ninguna,Oscuro - iluminacion desconocida,Despejado,No,NO APLICA,1,45,1,45,2,01/01/2022,2
17,Illinois,170003,0,0,1,0,31,COOK (31),9997,Other,1,Enero,4,2022,1,30,SAUK TRAIL,5,Calle Local - Pueblo,Urbano,Arteria Menor,Town or Township Highway Agency,0,Sin jurisdiccion especial,99998,41.48433056,-87.77093333,Arbol,El primer evento no fue una colision con un vehiculo automotor en transporte,Four-Way Intersection,Interseccion de 4 direcciones,Sobre el lado de la calle,Ninguna,Oscuro con iluminacion,Despejado,No,NO APLICA,99,99,99,99,1,04/01/2022,1
17,Illinois,170004,0,0,2,0,31,COOK (31),0,NO APLICA,1,Enero,1,2022,5,10,I-290,1,Interestatal,Urbano,Interestatal,State Highway Agency,1,Sin jurisdiccion especial,175,41.86986111,-87.88373889,Vehiculo en movimiento,Frente a frente,Not an Intersection,No fue interseccion,Sobre calle,Ninguna,Oscuro con iluminacion,Despejado,No,NO APLICA,5,13,5,15,3,01/01/2022,3
17,Illinois,170005,1,1,1,0,143,PEORIA (143),6850,PEORIA,1,Enero,1,2022,5,34,SR-116,3,Highway estatal,Urbano,Arteria Principal,State Highway Agency,1,Sin jurisdiccion especial,145,40.69135833,-89.71293056,Peaton,El primer evento no fue una colision con un vehiculo automotor en transporte,Not an Intersection,No fue interseccion,Sobre calle,Ninguna,Oscuro - iluminacion desconocida,Despejado,No,NO APLICA,99,99,99,99,1,01/01/2022,1
17,Illinois,170006,0,0,1,0,31,COOK (31),6240,NORRIDGE,1,Enero,3,2022,16,48,SR-171,3,Highway estatal,Urbano,Arteria Principal,State Highway Agency,1,Sin jurisdiccion especial,372,41.96369722,-87.83678611,Poste,El primer evento no fue una colision con un vehiculo automotor en transporte,T-Intersection,Interseccion de T,Sobre el lado de la calle,Ninguna,Dia total,Despejado,No,NO APLICA,16,48,99,99,1,03/01/2022,1
17,Illinois,170007,0,0,2,0,181,UNION (181),0,NO APLICA,1,Enero,5,2022,20,6,SR-3,3,Highway estatal,Urbano,Arteria Principal,State Highway Agency,1,Sin jurisdiccion especial,126,37.39596667,-89.38896111,Vehiculo en movimiento,Golpe Lateral - direccion contraria,Not an Intersection,No fue interseccion,Sobre calle,Ninguna,Oscuro - iluminacion desconocida,Despejado,No,NO APLICA,20,6,20,18,1,05/01/2022,2
17,Illinois,170008,0,0,2,0,191,WAYNE (191),0,NO APLICA,1,Enero,6,2022,9,20,I-64,1,Interestatal,Rural,Interestatal,State Highway Agency,1,Sin jurisdiccion especial,961,38.26651667,-88.60931389,Vehiculo en movimiento,Frente a frente,Not an Intersection,No fue interseccion,Sobre calle,Ninguna,Dia total,Nieve,No,NO APLICA,9,20,9,36,1,06/01/2022,2
17,Illinois,170009,0,0,1,0,31,COOK (31),1670,CHICAGO,1,Enero,7,2022,16,20,US-41,2,US Highway,Urbano,Arteria Principal,State Highway Agency,1,Sin jurisdiccion especial,211,41.96913333,-87.64786111,Arbol,El primer evento no fue una colision con un vehiculo automotor en transporte,Not an Intersection,No fue interseccion,En el medio,Ninguna,Dia total,Despejado,No,NO APLICA,16,20,16,27,1,07/01/2022,1
17,Illinois,170010,0,0,1,0,163,ST. CLAIR (163),3200,FREEBURG,1,Enero,8,2022,2,3,BARBER LN,6,Calle Local Municipalidad,Urbano,Local,City or Municipal Highway Agency,0,Sin jurisdiccion especial,99998,38.41613611,-89.880725,Arbol,El primer evento no fue una colision con un vehiculo automotor en transporte,Not an Intersection,No fue interseccion,Sobre el lado de la calle,Ninguna,Oscuro - iluminacion desconocida,Despejado,No,NO APLICA,2,6,2,15,1,08/01/2022,1
17,Illinois,170011,0,0,1,0,193,WHITE (193),0,NO APLICA,1,Enero,1,2022,15,0,SR-141,3,Highway estatal,Rural,Arteria Menor,State Highway Agency,0,Sin jurisdiccion especial,131,37.91646667,-88.11985833,Acotamiento,El primer evento no fue una colision con un vehiculo automotor en transporte,Not an Intersection,No fue interseccion,Sobre el lado de la calle,Ninguna,Dia total,Despejado,No,NO APLICA,15,1,15,7,1,01/01/2022,2
17,Illinois,170012,0,0,3,0,57,FULTON (57),0,NO APLICA,1,Enero,3,2022,14,12,SR-9,3,Highway estatal,Rural,Arteria Principal,State Highway Agency,1,Sin jurisdiccion especial,777,40.54619722,-89.97010833,Vehiculo en movimiento,Frente a Detrás,T-Intersection,Interseccion de T,Sobre calle,Ninguna,Dia total,Despejado,No,NO APLICA,14,14,14,19,1,03/01/2022,5
17,Illinois,170013,0,0,2,0,43,DUPAGE (43),0,NO APLICA,1,Enero,4,2022,10,59,CR-13,5,Calle Local - Pueblo,Urbano,Arteria Menor,Town or Township Highway Agency,0,Sin jurisdiccion especial,99998,41.85521667,-88.16168889,Vehiculo en movimiento,Frente a frente,Not an Intersection,No fue interseccion,Sobre calle,Ninguna,Dia total,Nieve,No,NO APLICA,99,99,99,99,1,04/01/2022,2
17,Illinois,170014,0,0,1,0,85,JO DAVIESS (85),0,NO APLICA,1,Enero,8,2022,3,22,PLEASANT HILL RD,5,Calle Local - Pueblo,Rural,Local,Town or Township Highway Agency,0,Sin jurisdiccion especial,99998,42.29637222,-90.22725833,Culvert,El primer evento no fue una colision con un vehiculo automotor en transporte,Not an Intersection,No fue interseccion,Sobre el lado de la calle,Ninguna,Oscuro - iluminacion desconocida,Despejado,No,NO APLICA,99,99,99,99,2,08/01/2022,4
17,Illinois,170015,0,0,1,0,119,MADISON (119),7580,ROXANA,1,Enero,8,2022,9,57,SR-255,3,Highway estatal,Urbano,Arterial Principal -Freeway o ExpressWay,State Highway Agency,1,Sin jurisdiccion especial,59,38.84358611,-90.04608611,Volcadura,El primer evento no fue una colision con un vehiculo automotor en transporte,Not an Intersection,No fue interseccion,En el medio,Ninguna,Dia total,lluvia,No,NO APLICA,9,57,10,4,1,08/01/2022,1
17,Illinois,170016,0,0,1,0,7,BOONE (7),0,NO APLICA,1,Enero,8,2022,16,15,SR-173,3,Highway estatal,Urbano,Arteria Principal,State Highway Agency,1,Sin jurisdiccion especial,38,42.37103889,-88.86589167,Poste,El primer evento no fue una colision con un vehiculo automotor en transporte,Not an Intersection,No fue interseccion,Sobre el lado de la calle,Ninguna,Dia total,Aguanieve,No,NO APLICA,16,20,16,21,1,08/01/2022,1
17,Illinois,170017,1,1,2,0,97,LAKE (97),0,NO APLICA,1,Enero,9,2022,22,51,SR-60/83,3,Highway estatal,Urbano,Arteria Principal,State Highway Agency,1,Sin jurisdiccion especial,112,42.24813056,-88.01543611,Peaton,El primer evento no fue una colision con un vehiculo automotor en transporte,Not an Intersection,No fue interseccion,Sobre calle,Ninguna,Oscuro sin iluminacion,Despejado,No,NO APLICA,22,52,23,2,1,09/01/2022,2
17,Illinois,170018,0,0,2,0,31,COOK (31),0,NO APLICA,1,Enero,10,2022,19,2,US-30,2,US Highway,Urbano,Arteria Principal,State Highway Agency,1,Sin jurisdiccion especial,1489,41.50626111,-87.5897,Vehiculo en movimiento,Angulo,T-Intersection,Interseccion de T,Sobre calle,Ninguna,Oscuro - iluminacion desconocida,Despejado,No,NO APLICA,19,7,19,12,1,10/01/2022,2
17,Illinois,170019,1,1,1,0,197,WILL (197),4300,JOLIET,1,Enero,12,2022,17,43,ESSINGTON RD,6,Calle Local Municipalidad,Urbano,Arteria Menor,City or Municipal Highway Agency,0,Sin jurisdiccion especial,99998,41.54914722,-88.16108056,Peaton,El primer evento no fue una colision con un vehiculo automotor en transporte,Not an Intersection,No fue interseccion,Sobre calle,Ninguna,Oscuro con iluminacion,Despejado,No,NO APLICA,99,99,99,99,1,12/01/2022,1
17,Illinois,170020,1,1,1,0,31,COOK (31),1670,CHICAGO,1,Enero,12,2022,20,6,STONY ISLAND AVE,8,Otro,Urbano,Arteria Principal,State Highway Agency,1,Sin jurisdiccion especial,99998,41.770525,-87.58598611,Peaton,El primer evento no fue una colision con un vehiculo automotor en transporte,Not an Intersection,No fue interseccion,Sobre calle,Ninguna,Oscuro con iluminacion,Despejado,No,NO APLICA,20,6,20,7,1,12/01/2022,1
17,Illinois,170021,0,0,2,0,161,ROCK ISLAND (161),5670,MOLINE,1,Enero,9,2022,16,3,35TH AV PL,6,Calle Local Municipalidad,Urbano,Colector Mayor,City or Municipal Highway Agency,0,Sin jurisdiccion especial,99998,41.4724,-90.52474167,Vehiculo en movimiento,Frente a frente,Not an Intersection,No fue interseccion,Sobre calle,Ninguna,Dia total,Despejado,No,NO APLICA,16,3,99,99,1,09/01/2022,2
17,Illinois,170022,0,0,1,0,93,KENDALL (93),0,NO APLICA,1,Enero,12,2022,20,29,BRIARCLIFF RD,5,Calle Local - Pueblo,Urbano,Local,Town or Township Highway Agency,0,Sin jurisdiccion especial,99998,41.71508889,-88.34262222,Arbol,El primer evento no fue una colision con un vehiculo automotor en transporte,Not an Intersection,No fue interseccion,Sobre el lado de la calle,Ninguna,Oscuro - iluminacion desconocida,Despejado,No,NO APLICA,20,30,20,31,1,12/01/2022,2
17,Illinois,170023,0,0,1,0,31,COOK (31),1670,CHICAGO,2,Febrero,12,2022,16,25,NARRAGANSETT AVE,8,Otro,Urbano,Arteria Menor,State Highway Agency,0,Sin jurisdiccion especial,99998,41.95915556,-87.78679722,Arbol,El primer evento no fue una colision con un vehiculo automotor en transporte,Not an Intersection,No fue interseccion,Sobre el lado de la calle,Ninguna,Dia total,Despejado,No,NO APLICA,16,25,99,99,1,12/02/2022,1
17,Illinois,170024,0,0,1,0,163,ST. CLAIR (163),3200,FREEBURG,2,Febrero,13,2022,10,8,CR-4,4,Calle del Condado,Urbano,Local,County Highway Agency,0,Sin jurisdiccion especial,99998,38.45055278,-89.93228333,Zanja,El primer evento no fue una colision con un vehiculo automotor en transporte,Not an Intersection,No fue interseccion,Sobre el lado de la calle,Ninguna,Dia total,Despejado,No,NO APLICA,99,99,99,99,1,13/02/2022,1
17,Illinois,170025,0,0,3,0,89,KANE (89),560,BATAVIA,2,Febrero,6,2022,7,14,CR-8,4,Calle del Condado,Urbano,Arteria Principal,County Highway Agency,1,Sin jurisdiccion especial,99998,41.86410556,-88.31888611,Vehiculo en movimiento,Golpe Lateral - direccion contraria,Not an Intersection,No fue interseccion,Sobre calle,Ninguna,Oscuro con iluminacion,Despejado,No,NO APLICA,7,14,7,19,2,06/02/2022,6
17,Illinois,170026,0,0,2,0,37,DEKALB (37),0,NO APLICA,2,Febrero,12,2022,0,30,CR-0034,4,Calle del Condado,Urbano,Arteria Menor,County Highway Agency,0,Sin jurisdiccion especial,99998,42.00026389,-88.70849167,Vehiculo en movimiento,Angulo,Not an Intersection,No fue interseccion,Sobre calle,Ninguna,Oscuro sin iluminacion,Despejado,No,NO APLICA,99,99,99,99,2,12/02/2022,3
17,Illinois,170027,0,0,2,0,167,SANGAMON (167),0,NO APLICA,2,Febrero,12,2022,18,15,CR-12,4,Calle del Condado,Rural,Colector Mayor,County Highway Agency,0,Sin jurisdiccion especial,99998,39.80273056,-89.50175,Vehiculo en movimiento,Angulo,Not an Intersection,No fue interseccion,Sobre calle,Ninguna,Oscuro sin iluminacion,Reportado como desconocido,No,NO APLICA,18,14,18,31,1,12/02/2022,3
17,Illinois,170028,0,0,2,0,85,JO DAVIESS (85),0,NO APLICA,2,Febrero,15,2022,17,17,SR-84,3,Highway estatal,Rural,Arteria Principal,State Highway Agency,1,Sin jurisdiccion especial,99998,42.35681389,-90.29717778,Vehiculo en movimiento,Frente a frente,Not an Intersection,No fue interseccion,Sobre calle,Ninguna,Dia total,Despejado,No,NO APLICA,99,99,99,99,1,15/02/2022,2
17,Illinois,170029,0,0,2,0,141,OGLE (141),0,NO APLICA,2,Febrero,1,2022,20,35,I-88,1,Interestatal,Rural,Interestatal,State Highway Agency,1,Sin jurisdiccion especial,99998,41.90555556,-88.98432222,Vehiculo en movimiento,Frente a Detrás,Not an Intersection,No fue interseccion,Sobre calle,Ninguna,Oscuro sin iluminacion,Despejado,No,NO APLICA,20,38,20,45,1,01/02/2022,2
17,Illinois,170031,0,0,1,0,199,WILLIAMSON (199),3210,FREEMAN SPUR,2,Febrero,15,2022,16,16,FREEMAN SPUR RD,5,Calle Local - Pueblo,Rural,Colector Mayor,Town or Township Highway Agency,0,Sin jurisdiccion especial,99998,37.85343333,-89.01026667,Zanja,El primer evento no fue una colision con un vehiculo automotor en transporte,Not an Intersection,No fue interseccion,Sobre el lado de la calle,Ninguna,Dia total,Despejado,No,NO APLICA,16,20,16,23,1,15/02/2022,1
17,Illinois,170032,0,0,2,0,43,DUPAGE (43),4940,LOMBARD,2,Febrero,13,2022,13,54,SR-53,3,Highway estatal,Urbano,Arteria Principal,State Highway Agency,1,Sin jurisdiccion especial,99998,41.88170556,-88.03260278,Vehiculo en movimiento,Frente a frente,Not an Intersection,No fue interseccion,Sobre calle,Ninguna,Dia total,Despejado,No,NO APLICA,99,99,99,99,1,13/02/2022,2
17,Illinois,170033,0,0,2,0,31,COOK (31),1670,CHICAGO,2,Febrero,18,2022,11,14,JEFFERY BLVD,6,Calle Local Municipalidad,Urbano,Colector Mayor,City or Municipal Highway Agency,0,Sin jurisdiccion especial,99998,41.73704722,-87.57571667,Vehiculo en movimiento,Angulo,Four-Way Intersection,Interseccion de 4 direcciones,Sobre calle,Ninguna,Dia total,Despejado,No,NO APLICA,11,14,11,20,1,18/02/2022,2
17,Illinois,170035,0,0,2,0,105,LIVINGSTON (105),0,NO APLICA,2,Febrero,11,2022,19,40,SR-47,3,Highway estatal,Rural,Arteria Principal,State Highway Agency,1,Sin jurisdiccion especial,99998,40.84468333,-88.41311389,Vehiculo en movimiento,Angulo,Not an Intersection,No fue interseccion,Sobre calle,Ninguna,Oscuro - iluminacion desconocida,Despejado,No,NO APLICA,19,40,19,46,1,11/02/2022,4
17,Illinois,170036,0,0,1,0,31,COOK (31),0,NO APLICA,2,Febrero,14,2022,2,5,I-290,1,Interestatal,Urbano,Interestatal,State Highway Agency,1,Sin jurisdiccion especial,99998,41.87137778,-87.75253611,Poste,El primer evento no fue una colision con un vehiculo automotor en transporte,Not an Intersection,No fue interseccion,Sobre el lado de la calle,Ninguna,Oscuro - iluminacion desconocida,Despejado,No,NO APLICA,2,5,2,5,1,14/02/2022,1
17,Illinois,170037,0,0,2,0,201,WINNEBAGO (201),0,NO APLICA,2,Febrero,14,2022,9,0,SR-75,3,Highway estatal,Rural,Arteria Menor,State Highway Agency,0,Sin jurisdiccion especial,99998,42.42176111,-89.14796389,Vehiculo en movimiento,Frente a frente,Not an Intersection,No fue interseccion,Sobre calle,Ninguna,Dia total,Despejado,No,NO APLICA,99,99,99,99,2,14/02/2022,2
17,Illinois,170038,0,0,2,0,183,VERMILION (183),0,NO APLICA,2,Febrero,15,2022,14,28,SR-1,3,Highway estatal,Rural,Arteria Principal,State Highway Agency,1,Sin jurisdiccion especial,99998,40.441775,-87.6865,Vehiculo en movimiento,Frente a frente,Not an Intersection,No fue interseccion,Sobre Acotamiento,Ninguna,Dia total,Despejado,No,NO APLICA,14,28,14,37,2,15/02/2022,3
17,Illinois,170039,0,0,1,0,31,COOK (31),8120,SOUTH HOLLAND,2,Febrero,19,2022,5,0,I-94,1,Interestatal,Urbano,Interestatal,State Highway Agency,1,Sin jurisdiccion especial,99998,41.58395556,-87.58359167,Acotamiento,El primer evento no fue una colision con un vehiculo automotor en transporte,Not an Intersection,No fue interseccion,Sobre el lado de la calle,Ninguna,Oscuro con iluminacion,Nieve,No,NO APLICA,5,0,5,11,1,19/02/2022,5
17,Illinois,170040,0,0,3,0,31,COOK (31),5280,MARKHAM,2,Febrero,19,2022,19,7,KEDZIE,5,Calle Local - Pueblo,Urbano,Arteria Menor,Town or Township Highway Agency,0,Sin jurisdiccion especial,99998,41.61995278,-87.69810556,Vehiculo en movimiento,Frente a frente,Not an Intersection,No fue interseccion,Sobre calle,Ninguna,Oscuro con iluminacion,Despejado,No,NO APLICA,19,7,99,99,1,19/02/2022,3