Estado,Nombre de Estado,Numero de Caso,Peatones,Personas _no_vehiculos,Vehiculos automotores,Vehiculos estacionados,Condado,Nombre Condado,Ciudad,Nombre Ciudad,Mes,Nombre Mes,Dia,Año,Hora,Minuto,Calle,Ruta,Nombre Ruta,Rural o Urbanoo,Sistema Funcional,Dueño Calle,Sistema Nacional Carreteras,Jurisdiccion Especial,Milla,Latitud,Longitud,Causa del Accidente,Tipo de Accidente,Tipo Interseccion,Columna1,Lugar en la calle,Zona de Trabajo,Luz,Clima,Autobus Escolar,Cruce de Trenes,Hora Notificacion,Minuto Notificacion,Hora Llegada,Minuto Llegada,Decesos,Fecha,PersonaVehiculo
17,Illinois,170041,0,0,2,0,31,COOK (31),1670,CHICAGO,2,Febrero,21,2022,14,25,I-55,1,Interestatal,Urbano,Interestatal,State Highway Agency,1,Sin jurisdiccion especial,2916,41.84249167,-87.65766667,Vehiculo en movimiento,Frente a Detrás,Not an Intersection,No fue interseccion,Sobre calle,Ninguna,Dia total,Despejado,No,NO APLICA,14,32,14,41,1,21/02/2022,2
17,Illinois,170042,1,1,1,0,119,MADISON (119),3550,GRANITE CITY,2,Febrero,22,2022,6,21,20TH ST,6,Calle Local Municipalidad,Urbano,Colector Mayor,City or Municipal Highway Agency,0,Sin jurisdiccion especial,99998,38.69923333,-90.14599722,Peaton,El primer evento no fue una colision con un vehiculo automotor en transporte,Not an Intersection,No fue interseccion,Sobre calle,Ninguna,Oscuro con iluminacion,Despejado,No,NO APLICA,99,99,99,99,1,22/02/2022,1
17,Illinois,170043,0,0,1,0,153,PULASKI (153),0,NO APLICA,2,Febrero,19,2022,20,30,SHILOH RD,5,Calle Local - Pueblo,Rural,Local,Town or Township Highway Agency,0,Sin jurisdiccion especial,99998,37.15948056,-89.23766944,Zanja,El primer evento no fue una colision con un vehiculo automotor en transporte,Not an Intersection,No fue interseccion,Sobre el lado de la calle,Ninguna,Oscuro - iluminacion desconocida,Despejado,No,NO APLICA,20,40,20,47,1,19/02/2022,1
17,Illinois,170044,0,0,1,0,161,ROCK ISLAND (161),5670,MOLINE,2,Febrero,19,2022,21,47,35TH AVE,6,Calle Local Municipalidad,Urbano,Local,City or Municipal Highway Agency,0,Sin jurisdiccion especial,99998,41.4737,-90.51678333,Arbol,El primer evento no fue una colision con un vehiculo automotor en transporte,Not an Intersection,No fue interseccion,Sobre el lado de la calle,Ninguna,Oscuro - iluminacion desconocida,Despejado,No,NO APLICA,21,47,21,57,1,19/02/2022,2
17,Illinois,170045,0,0,2,0,117,MACOUPIN (117),0,NO APLICA,2,Febrero,20,2022,12,26,CR-14,5,Calle Local - Pueblo,Rural,Colector Mayor,Town or Township Highway Agency,0,Sin jurisdiccion especial,99998,39.03195556,-89.82226389,Vehiculo en movimiento,Frente a frente,Not an Intersection,No fue interseccion,Sobre calle,Ninguna,Dia total,Despejado,No,NO APLICA,12,26,12,35,1,20/02/2022,2
17,Illinois,170046,0,0,3,0,97,LAKE (97),0,NO APLICA,1,Enero,5,2022,10,45,SR-173,3,Highway estatal,Urbano,Arteria Principal,State Highway Agency,1,Sin jurisdiccion especial,21,42.47695278,-88.15893611,Vehiculo en movimiento,Frente a frente,Not an Intersection,No fue interseccion,Sobre calle,Ninguna,Dia total,Despejado,No,NO APLICA,10,44,10,48,1,05/01/2022,3
17,Illinois,170047,0,0,3,0,43,DUPAGE (43),8900,VILLA PARK,1,Enero,11,2022,12,1,SR-83,3,Highway estatal,Urbano,Arteria Principal,State Highway Agency,0,Sin jurisdiccion especial,83,41.87436944,-87.96150278,Vehiculo en movimiento,Golpe Lateral - misma direccion,Four-Way Intersection,Interseccion de 4 direcciones,Sobre calle,Ninguna,Dia total,Despejado,No,NO APLICA,99,99,99,99,1,11/01/2022,3
17,Illinois,170048,0,0,1,0,31,COOK (31),1670,CHICAGO,1,Enero,15,2022,9,52,47TH ST,6,Calle Local Municipalidad,Urbano,Colector Mayor,City or Municipal Highway Agency,0,Sin jurisdiccion especial,99998,41.80778611,-87.72953889,Arbol,El primer evento no fue una colision con un vehiculo automotor en transporte,Not an Intersection,No fue interseccion,Sobre el lado de la calle,Ninguna,Dia total,Despejado,No,NO APLICA,9,52,9,54,1,15/01/2022,1
17,Illinois,170049,1,1,1,0,31,COOK (31),1670,CHICAGO,1,Enero,15,2022,19,17,JACKSON BLVD,6,Calle Local Municipalidad,Urbano,Colector Mayor,City or Municipal Highway Agency,0,Sin jurisdiccion especial,99998,41.87699167,-87.73314167,Peaton,El primer evento no fue una colision con un vehiculo automotor en transporte,Not an Intersection,No fue interseccion,Sobre calle,Ninguna,Oscuro con iluminacion,Despejado,No,NO APLICA,99,99,99,99,1,15/01/2022,1
17,Illinois,170050,2,2,1,0,197,WILL (197),0,NO APLICA,1,Enero,13,2022,17,25,NOVY RD,6,Calle Local Municipalidad,Urbano,Local,City or Municipal Highway Agency,0,Sin jurisdiccion especial,99998,41.28578333,-88.20860556,Peaton,El primer evento no fue una colision con un vehiculo automotor en transporte,Not an Intersection,No fue interseccion,Sobre calle,Ninguna,Oscuro - iluminacion desconocida,Despejado,No,NO APLICA,99,99,99,99,1,13/01/2022,1
17,Illinois,170051,0,0,1,0,25,CLAY (25),0,NO APLICA,1,Enero,20,2022,0,15,CR-3 1150N SAILOR SPRINGS RD,4,Calle del Condado,Rural,Colector Mayor,County Highway Agency,0,Sin jurisdiccion especial,0,38.77183611,-88.41236389,Otra no colicion,El primer evento no fue una colision con un vehiculo automotor en transporte,Not an Intersection,No fue interseccion,Sobre el lado de la calle,Ninguna,Oscuro sin iluminacion,Despejado,No,NO APLICA,0,47,1,8,1,20/01/2022,1
17,Illinois,170052,0,0,1,0,1,ADAMS (1),0,NO APLICA,1,Enero,20,2022,16,42,CR-48 N 1200TH AVE,4,Calle del Condado,Rural,Colector Mayor,County Highway Agency,0,Sin jurisdiccion especial,0,39.93195278,-91.06462222,Zanja,El primer evento no fue una colision con un vehiculo automotor en transporte,Not an Intersection,No fue interseccion,Sobre el lado de la calle,Ninguna,Reportada como desconocida,Despejado,No,NO APLICA,16,39,99,99,1,20/01/2022,1
17,Illinois,170053,0,0,1,0,119,MADISON (119),5120,MADISON,1,Enero,22,2022,2,20,SR-203,3,Highway estatal,Urbano,Arteria Principal,State Highway Agency,1,Sin jurisdiccion especial,77,38.66809167,-90.14436389,Arbol,El primer evento no fue una colision con un vehiculo automotor en transporte,Not an Intersection,No fue interseccion,Sobre el lado de la calle,Ninguna,Oscuro con iluminacion,Despejado,No,NO APLICA,2,20,2,24,1,22/01/2022,1
17,Illinois,170055,0,0,2,0,1,ADAMS (1),0,NO APLICA,1,Enero,5,2022,9,36,SR-57,3,Highway estatal,Rural,Arteria Principal,State Highway Agency,1,Sin jurisdiccion especial,56,39.85868056,-91.38605,Vehiculo en movimiento,Frente a frente,Not an Intersection,No fue interseccion,Sobre calle,Ninguna,Dia total,Despejado,No,NO APLICA,9,38,9,50,2,05/01/2022,3
17,Illinois,170057,1,1,1,0,197,WILL (197),0,NO APLICA,1,Enero,17,2022,22,59,SR-53,3,Highway estatal,Urbano,Arteria Principal,State Highway Agency,1,Sin jurisdiccion especial,16,41.48826389,-88.08053889,Peaton,El primer evento no fue una colision con un vehiculo automotor en transporte,Not an Intersection,No fue interseccion,Sobre calle,Ninguna,Oscuro - iluminacion desconocida,Despejado,No,NO APLICA,22,59,22,59,1,17/01/2022,1
17,Illinois,170058,0,0,1,0,159,RICHLAND (159),0,NO APLICA,1,Enero,15,2022,2,0,CR-8,4,Calle del Condado,Rural,Colector Mayor,County Highway Agency,0,Sin jurisdiccion especial,99998,38.642075,-88.17826111,Zanja,El primer evento no fue una colision con un vehiculo automotor en transporte,Not an Intersection,No fue interseccion,Sobre el lado de la calle,Ninguna,Oscuro - iluminacion desconocida,Nieve,No,NO APLICA,2,45,2,50,1,15/01/2022,1
17,Illinois,170059,0,0,2,0,31,COOK (31),0,NO APLICA,1,Enero,8,2022,4,40,I-57,1,Interestatal,Urbano,Interestatal,State Highway Agency,1,Sin jurisdiccion especial,3475,41.59611667,-87.71617222,Vehiculo en movimiento,Frente a frente,Not an Intersection,No fue interseccion,Sobre calle,Ninguna,Oscuro con iluminacion,Despejado,No,NO APLICA,4,41,4,50,1,08/01/2022,2
17,Illinois,170060,0,0,2,0,1,ADAMS (1),0,NO APLICA,1,Enero,8,2022,17,33,SR-104,3,Highway estatal,Rural,Arteria Menor,State Highway Agency,0,Sin jurisdiccion especial,99998,39.93482222,-91.30570556,Vehiculo en movimiento,Angulo,Not an Intersection,No fue interseccion,Sobre calle,Ninguna,Oscuro - iluminacion desconocida,Aguanieve,No,NO APLICA,17,33,17,40,1,08/01/2022,5
17,Illinois,170062,0,0,2,0,163,ST. CLAIR (163),0,NO APLICA,1,Enero,17,2022,12,21,SR-158,3,Highway estatal,Rural,Arteria Menor,State Highway Agency,0,Sin jurisdiccion especial,99998,38.45006111,-90.11272778,Vehiculo en movimiento,Angulo,Not an Intersection,No fue interseccion,Sobre calle,Ninguna,Dia total,Despejado,No,NO APLICA,99,99,99,99,1,17/01/2022,2
17,Illinois,170063,0,0,2,0,31,COOK (31),1670,CHICAGO,1,Enero,19,2022,21,21,INDIANA AVE,6,Calle Local Municipalidad,Urbano,Arteria Menor,City or Municipal Highway Agency,0,Sin jurisdiccion especial,99998,41.81656111,-87.62141111,Vehiculo en movimiento,Angulo,Four-Way Intersection,Interseccion de 4 direcciones,Sobre calle,Ninguna,Oscuro con iluminacion,Despejado,No,NO APLICA,99,99,21,26,1,19/01/2022,4
17,Illinois,170064,0,0,1,0,31,COOK (31),4750,LEMONT,1,Enero,21,2022,22,32,STATE ST,8,Otro,Urbano,Colector Menor,State Highway Agency,0,Sin jurisdiccion especial,99998,41.64774444,-87.99949444,Arbol,El primer evento no fue una colision con un vehiculo automotor en transporte,Not an Intersection,No fue interseccion,Sobre el lado de la calle,Ninguna,Reportada como desconocida,Reportado como desconocido,No,NO APLICA,22,37,22,43,1,21/01/2022,1
17,Illinois,170065,1,1,1,0,31,COOK (31),1670,CHICAGO,1,Enero,20,2022,18,15,TOUHY AVE,9,Desconocido,Urbano,Arteria Principal,State Highway Agency,1,Sin jurisdiccion especial,99998,42.01145,-87.81642222,Peaton,El primer evento no fue una colision con un vehiculo automotor en transporte,Four-Way Intersection,Interseccion de 4 direcciones,Sobre calle,Ninguna,Oscuro con iluminacion,Despejado,No,NO APLICA,18,16,18,20,1,20/01/2022,1
17,Illinois,170066,0,0,2,0,31,COOK (31),0,NO APLICA,1,Enero,17,2022,17,14,LAKE COOK RD,5,Calle Local - Pueblo,Urbano,Arteria Principal,Town or Township Highway Agency,1,Sin jurisdiccion especial,99998,42.15365833,-88.02273056,Vehiculo en movimiento,Angulo,Four-Way Intersection,Interseccion de 4 direcciones,Sobre calle,Ninguna,Atardecer,Despejado,No,NO APLICA,99,99,99,99,1,17/01/2022,3
17,Illinois,170067,0,0,3,2,31,COOK (31),1670,CHICAGO,1,Enero,22,2022,5,40,POPE JOHN PAUL II DR,6,Calle Local Municipalidad,Urbano,Colector Mayor,City or Municipal Highway Agency,0,Sin jurisdiccion especial,99998,41.81542778,-87.70238056,Vehiculo Aparcado,El primer evento no fue una colision con un vehiculo automotor en transporte,Four-Way Intersection,Interseccion de 4 direcciones,Sobre Acotamiento,Ninguna,Oscuro con iluminacion,Despejado,No,NO APLICA,99,99,99,99,1,22/01/2022,1
17,Illinois,170068,0,0,2,0,115,MACON (115),2250,DECATUR,1,Enero,21,2022,10,3,SR-121,3,Highway estatal,Urbano,Arteria Principal,State Highway Agency,1,Sin jurisdiccion especial,778,39.89563611,-89.00883611,Vehiculo en movimiento,Frente a Detrás,Not an Intersection,No fue interseccion,Sobre calle,Ninguna,Dia total,Despejado,No,NO APLICA,10,4,10,8,1,21/01/2022,2
17,Illinois,170069,0,0,1,0,43,DUPAGE (43),6375,OAKBROOK TERRACE,1,Enero,21,2022,18,37,SR-83,3,Highway estatal,Urbano,Arteria Principal,State Highway Agency,1,Sin jurisdiccion especial,99998,41.86164444,-87.95913889,Fin de valla,El primer evento no fue una colision con un vehiculo automotor en transporte,Not an Intersection,No fue interseccion,Sobre el lado de la calle,Ninguna,Oscuro con iluminacion,Despejado,No,NO APLICA,18,37,99,99,1,21/01/2022,1
17,Illinois,170070,0,0,2,0,31,COOK (31),3996,HOFFMAN ESTATES,1,Enero,20,2022,14,58,SR-72,3,Highway estatal,Urbano,Arteria Principal,State Highway Agency,1,Sin jurisdiccion especial,932,42.05234444,-88.11162778,Vehiculo en movimiento,Angulo,Four-Way Intersection,Interseccion de 4 direcciones,Sobre calle,Ninguna,Dia total,Despejado,No,NO APLICA,15,0,15,4,1,20/01/2022,2
17,Illinois,170071,0,0,2,0,197,WILL (197),0,NO APLICA,1,Enero,21,2022,11,47,I-55,1,Interestatal,Urbano,Interestatal,State Highway Agency,1,Sin jurisdiccion especial,2440,41.394925,-88.19288889,Vehiculo en movimiento,Frente a Detrás,Not an Intersection,No fue interseccion,Sobre calle,Ninguna,Dia total,Despejado,No,NO APLICA,11,47,11,55,1,21/01/2022,2
17,Illinois,170072,2,2,2,1,195,WHITESIDE (195),8280,STERLING,1,Enero,23,2022,0,40,SR-40,3,Highway estatal,Urbano,Arteria Principal,State Highway Agency,1,Sin jurisdiccion especial,123,41.78621111,-89.69363333,Vehiculo Aparcado,El primer evento no fue una colision con un vehiculo automotor en transporte,Not an Intersection,No fue interseccion,Sobre calle,Ninguna,Oscuro con iluminacion,Nieve,No,NO APLICA,0,45,0,50,1,23/01/2022,1
17,Illinois,170073,0,0,2,0,31,COOK (31),0,NO APLICA,1,Enero,23,2022,18,36,SR-171,3,Highway estatal,Urbano,Arteria Menor,State Highway Agency,0,Sin jurisdiccion especial,3,41.70030556,-87.93292778,Vehiculo en movimiento,Angulo,Not an Intersection,No fue interseccion,Sobre calle,Ninguna,Oscuro sin iluminacion,Despejado,No,NO APLICA,18,36,0,0,2,23/01/2022,4
17,Illinois,170074,0,0,1,0,89,KANE (89),2690,ELGIN,1,Enero,23,2022,22,49,SR-20,3,Highway estatal,Urbano,Arteria Principal,State Highway Agency,1,Sin jurisdiccion especial,41,42.05123056,-88.39656111,Otro objeto (fijo),El primer evento no fue una colision con un vehiculo automotor en transporte,Not an Intersection,No fue interseccion,Sobre el lado de la calle,Ninguna,Oscuro con iluminacion,Despejado,No,NO APLICA,99,99,99,99,1,23/01/2022,3
17,Illinois,170076,1,1,2,0,31,COOK (31),1680,CHICAGO HEIGHTS,1,Enero,27,2022,5,30,JOE ORR RD,8,Otro,Urbano,Arteria Menor,State Highway Agency,0,Sin jurisdiccion especial,23,41.52068611,-87.62928056,Peaton,El primer evento no fue una colision con un vehiculo automotor en transporte,Not an Intersection,No fue interseccion,Sobre calle,Ninguna,Oscuro - iluminacion desconocida,Despejado,No,NO APLICA,5,30,5,32,1,27/01/2022,2
17,Illinois,170077,0,0,2,1,7,BOONE (7),710,BELVIDERE,1,Enero,17,2022,12,34,FAIRGROUNDS ROAD,6,Calle Local Municipalidad,Urbano,Arteria Menor,City or Municipal Highway Agency,0,Sin jurisdiccion especial,0,42.26936944,-88.85137222,Barda,El primer evento no fue una colision con un vehiculo automotor en transporte,Not an Intersection,No fue interseccion,Fuera de la calle,Ninguna,Dia total,Despejado,No,NO APLICA,12,34,12,34,1,17/01/2022,1
17,Illinois,170078,0,0,2,0,63,GRUNDY (63),0,NO APLICA,1,Enero,27,2022,9,9,SR-47,3,Highway estatal,Rural,Arteria Principal,State Highway Agency,1,Sin jurisdiccion especial,213,41.15016944,-88.41529167,Vehiculo en movimiento,Angulo,Not an Intersection,No fue interseccion,Sobre calle,Ninguna,Dia total,Despejado,No,NO APLICA,99,99,99,99,1,27/01/2022,3
17,Illinois,170079,0,0,1,0,167,SANGAMON (167),2125,CURRAN,1,Enero,24,2022,19,7,CURRAN RD,8,Otro,Rural,Colector Mayor,County Highway Agency,0,Sin jurisdiccion especial,99998,39.70361111,-89.77107222,Volcadura,El primer evento no fue una colision con un vehiculo automotor en transporte,Not an Intersection,No fue interseccion,Fuera de la calle,Ninguna,Oscuro sin iluminacion,Despejado,No,NO APLICA,19,7,99,99,1,24/01/2022,1
17,Illinois,170080,0,0,2,0,97,LAKE (97),7560,ROUND LAKE BEACH,1,Enero,25,2022,20,33,SR-83,3,Highway estatal,Urbano,Arteria Principal,State Highway Agency,1,Sin jurisdiccion especial,76,42.39166389,-88.06418056,Vehiculo en movimiento,Angulo,Not an Intersection,No fue interseccion,Sobre calle,Ninguna,Oscuro con iluminacion,Despejado,No,NO APLICA,8,33,8,33,2,25/01/2022,7
17,Illinois,170081,0,0,3,0,31,COOK (31),4010,HOMEWOOD,1,Enero,27,2022,13,46,SR-1,3,Highway estatal,Urbano,Arteria Principal,State Highway Agency,1,Sin jurisdiccion especial,3134,41.57018889,-87.63628056,Vehiculo en movimiento,Angulo,Y-Intersection,Interseccion de Y,Sobre calle,Ninguna,Dia total,Despejado,No,NO APLICA,13,46,13,50,1,27/01/2022,4
17,Illinois,170082,0,0,2,0,31,COOK (31),1670,CHICAGO,1,Enero,30,2022,2,50,PULASKI RD,9,Desconocido,Urbano,Arteria Principal,State Highway Agency,1,Sin jurisdiccion especial,99998,41.81909444,-87.72397222,Vehiculo en movimiento,Frente a Detrás,T-Intersection,Interseccion de T,Sobre calle,Ninguna,Oscuro con iluminacion,Despejado,No,NO APLICA,99,99,2,45,1,30/01/2022,2
17,Illinois,170083,0,0,2,0,141,OGLE (141),0,NO APLICA,1,Enero,21,2022,10,57,SR-64,3,Highway estatal,Rural,Arteria Menor,State Highway Agency,0,Sin jurisdiccion especial,291,42.00686944,-89.04432222,Vehiculo en movimiento,Frente a frente,Not an Intersection,No fue interseccion,Sobre calle,Ninguna,Dia total,Despejado,No,NO APLICA,10,58,11,10,1,21/01/2022,2
17,Illinois,170084,0,0,1,0,89,KANE (89),3348,GILBERTS,1,Enero,24,2022,1,34,CR-30,4,Calle del Condado,Urbano,Arteria Menor,Town or Township Highway Agency,0,Sin jurisdiccion especial,99998,42.15345278,-88.38813056,Arbol,El primer evento no fue una colision con un vehiculo automotor en transporte,Not an Intersection,No fue interseccion,Sobre el lado de la calle,Ninguna,Oscuro sin iluminacion,Nieve,No,NO APLICA,1,37,1,45,1,24/01/2022,1
17,Illinois,170085,0,0,1,0,97,LAKE (97),9100,WAUKEGAN,1,Enero,22,2022,2,45,LAKEHURST ROAD,6,Calle Local Municipalidad,Urbano,Colector Mayor,City or Municipal Highway Agency,0,Sin jurisdiccion especial,0,42.34002778,-87.90038889,Banqueta,El primer evento no fue una colision con un vehiculo automotor en transporte,T-Intersection,Interseccion de T,Sobre el lado de la calle,Ninguna,Oscuro con iluminacion,Despejado,No,NO APLICA,99,99,99,99,1,22/01/2022,4
17,Illinois,170086,0,0,2,0,97,LAKE (97),9100,WAUKEGAN,1,Enero,27,2022,4,59,GRAND AVE,9,Desconocido,Urbano,Arteria Principal,State Highway Agency,1,Sin jurisdiccion especial,99998,42.37011667,-87.84824722,Vehiculo en movimiento,Golpe Lateral - direccion contraria,Four-Way Intersection,Interseccion de 4 direcciones,Sobre calle,Ninguna,Oscuro con iluminacion,Despejado,No,NO APLICA,4,59,5,58,1,27/01/2022,2
17,Illinois,170087,0,0,1,0,167,SANGAMON (167),0,NO APLICA,1,Enero,28,2022,23,49,I-72,1,Interestatal,Urbano,Interestatal,State Highway Agency,1,Sin jurisdiccion especial,1056,39.81228889,-89.55663056,Culvert,El primer evento no fue una colision con un vehiculo automotor en transporte,Not an Intersection,No fue interseccion,Sobre el lado de la calle,Ninguna,Oscuro - iluminacion desconocida,Despejado,No,NO APLICA,23,50,23,59,1,28/01/2022,1
17,Illinois,170088,0,0,1,0,27,CLINTON (27),8720,TRENTON,1,Enero,29,2022,22,27,SPORTSMEN RD,5,Calle Local - Pueblo,Rural,Local,Town or Township Highway Agency,0,Sin jurisdiccion especial,99998,38.65155556,-89.659975,Volcadura,El primer evento no fue una colision con un vehiculo automotor en transporte,Not an Intersection,No fue interseccion,Sobre el lado de la calle,Ninguna,Oscuro - iluminacion desconocida,Despejado,No,NO APLICA,22,30,22,45,1,29/01/2022,2
17,Illinois,170089,0,0,1,0,171,SCOTT (171),870,BLUFFS,1,Enero,26,2022,23,50,SR-100,3,Highway estatal,Rural,Arteria Menor,State Highway Agency,0,Sin jurisdiccion especial,32,39.74672222,-90.53555556,Arbol,El primer evento no fue una colision con un vehiculo automotor en transporte,Not an Intersection,No fue interseccion,Sobre el lado de la calle,Ninguna,Oscuro - iluminacion desconocida,Despejado,No,NO APLICA,23,55,12,2,1,26/01/2022,1
17,Illinois,170091,0,0,2,0,119,MADISON (119),790,BETHALTO,1,Enero,28,2022,16,44,SOUTH MORELAND RD,5,Calle Local - Pueblo,Urbano,Colector Mayor,Town or Township Highway Agency,0,Sin jurisdiccion especial,99998,38.89233333,-90.03035556,Vehiculo en movimiento,Frente a frente,Not an Intersection,No fue interseccion,Sobre calle,Ninguna,Atardecer,Despejado,No,NO APLICA,99,99,99,99,1,28/01/2022,3
17,Illinois,170092,1,1,1,0,201,WINNEBAGO (201),8080,SOUTH BELOIT,1,Enero,29,2022,19,4,I-90,1,Interestatal,Urbano,Interestatal,State Highway Agency,1,Sin jurisdiccion especial,18,42.47055556,-88.995225,Peaton,El primer evento no fue una colision con un vehiculo automotor en transporte,Not an Intersection,No fue interseccion,Sobre calle,Ninguna,Oscuro - iluminacion desconocida,Despejado,No,NO APLICA,19,6,19,21,1,29/01/2022,2
17,Illinois,170093,0,0,2,0,3,ALEXANDER (3),0,NO APLICA,1,Enero,30,2022,4,15,SR-3,3,Highway estatal,Rural,Arteria Menor,State Highway Agency,0,Sin jurisdiccion especial,186,37.11550833,-89.27258056,Vehiculo en movimiento,Golpe Lateral - direccion contraria,Not an Intersection,No fue interseccion,Sobre calle,Ninguna,Oscuro sin iluminacion,Despejado,No,NO APLICA,4,15,4,30,2,30/01/2022,3
17,Illinois,170094,0,0,1,0,103,LEE (103),0,NO APLICA,1,Enero,21,2022,0,13,US-30,2,US Highway,Rural,Arteria Menor,State Highway Agency,0,Sin jurisdiccion especial,37,41.75819167,-89.55959722,Volcadura,El primer evento no fue una colision con un vehiculo automotor en transporte,Not an Intersection,No fue interseccion,Sobre el lado de la calle,Ninguna,Oscuro - iluminacion desconocida,Despejado,No,NO APLICA,0,17,0,28,1,21/01/2022,1
17,Illinois,170095,0,0,2,0,31,COOK (31),1670,CHICAGO,1,Enero,1,2022,0,30,SR-50,3,Highway estatal,Urbano,Arteria Principal,State Highway Agency,0,Sin jurisdiccion especial,619,41.96803333,-87.747725,Vehiculo en movimiento,Angulo,Four-Way Intersection,Interseccion de 4 direcciones,Sobre calle,Ninguna,Oscuro con iluminacion,lluvia,No,NO APLICA,0,0,0,0,1,01/01/2022,3
17,Illinois,170096,0,0,1,0,197,WILL (197),0,NO APLICA,1,Enero,1,2022,18,54,I-55,1,Interestatal,Urbano,Interestatal,State Highway Agency,1,Sin jurisdiccion especial,2685,41.696725,-88.04533889,Valla Ferrocarril,El primer evento no fue una colision con un vehiculo automotor en transporte,Not an Intersection,No fue interseccion,Sobre el lado de la calle,Ninguna,Oscuro con iluminacion,Nieve,No,NO APLICA,18,56,19,0,1,01/01/2022,1
17,Illinois,170097,0,0,2,0,43,DUPAGE (43),9545,WOODRIDGE,1,Enero,19,2022,9,59,87TH ST,5,Calle Local - Pueblo,Urbano,Arteria Menor,Town or Township Highway Agency,0,Sin jurisdiccion especial,99998,41.72757222,-88.02798056,Vehiculo en movimiento,Angulo,Four-Way Intersection,Interseccion de 4 direcciones,Sobre calle,Ninguna,Dia total,Despejado,No,NO APLICA,9,59,9,59,1,19/01/2022,4
17,Illinois,170098,1,1,2,0,31,COOK (31),3790,HARVEY,1,Enero,17,2022,99,99,SR-1,3,Highway estatal,Urbano,Arteria Menor,State Highway Agency,0,Sin jurisdiccion especial,224,41.62956389,-87.64146111,Peaton,El primer evento no fue una colision con un vehiculo automotor en transporte,Not an Intersection,No fue interseccion,Sobre calle,Ninguna,Dia total,Despejado,No,NO APLICA,99,99,99,99,1,17/01/2022,2
17,Illinois,170099,0,0,1,0,163,ST. CLAIR (163),1240,CAHOKIA,1,Enero,4,2022,22,9,RANGE LN,6,Calle Local Municipalidad,Urbano,Colector Mayor,City or Municipal Highway Agency,0,Sin jurisdiccion especial,99998,38.56505,-90.16804722,Poste,El primer evento no fue una colision con un vehiculo automotor en transporte,Not an Intersection,No fue interseccion,Sobre el lado de la calle,Ninguna,Oscuro con iluminacion,Despejado,No,NO APLICA,22,9,22,17,1,04/01/2022,1
17,Illinois,170100,1,1,1,0,31,COOK (31),1670,CHICAGO,2,Febrero,20,2022,3,10,I-90/94,1,Interestatal,Urbano,Interestatal,State Highway Agency,1,Sin jurisdiccion especial,552,41.83148889,-87.63025833,Peaton,El primer evento no fue una colision con un vehiculo automotor en transporte,Not an Intersection,No fue interseccion,Sobre calle,Ninguna,Oscuro con iluminacion,Despejado,No,NO APLICA,3,10,3,22,1,20/02/2022,1
17,Illinois,170101,1,1,1,0,31,COOK (31),7765,SAUK VILLAGE,1,Enero,11,2022,22,45,TORRENCE AVE,9,Desconocido,Urbano,Colector Mayor,State Highway Agency,0,Sin jurisdiccion especial,99998,41.49618333,-87.5581,Peaton,El primer evento no fue una colision con un vehiculo automotor en transporte,Not an Intersection,No fue interseccion,Sobre calle,Ninguna,Oscuro - iluminacion desconocida,Despejado,No,NO APLICA,22,48,22,50,1,11/01/2022,1
17,Illinois,170103,0,0,4,0,97,LAKE (97),9650,ZION,1,Enero,15,2022,11,45,CR-27,4,Calle del Condado,Urbano,Arteria Menor,Town or Township Highway Agency,0,Sin jurisdiccion especial,99998,42.4284,-87.85491111,Vehiculo en movimiento,Angulo,Four-Way Intersection,Interseccion de 4 direcciones,Sobre calle,Ninguna,Dia total,Despejado,No,NO APLICA,99,99,99,99,1,15/01/2022,4
17,Illinois,170105,0,0,1,0,31,COOK (31),1670,CHICAGO,2,Febrero,27,2022,1,15,4533 W NORTH AVE,6,Calle Local Municipalidad,Urbano,Local,City or Municipal Highway Agency,0,Sin jurisdiccion especial,0,41.90971667,-87.73985833,Arbol,El primer evento no fue una colision con un vehiculo automotor en transporte,Not an Intersection,No fue interseccion,Sobre el lado de la calle,Ninguna,Oscuro - iluminacion desconocida,Despejado,No,NO APLICA,1,99,1,30,1,27/02/2022,3
17,Illinois,170106,1,1,1,0,109,MCDONOUGH (109),0,NO APLICA,1,Enero,12,2022,22,29,1900TH RD,5,Calle Local - Pueblo,Rural,Local,Town or Township Highway Agency,0,Sin jurisdiccion especial,99998,40.55684722,-90.52522222,Peaton,El primer evento no fue una colision con un vehiculo automotor en transporte,Not an Intersection,No fue interseccion,Sobre calle,Ninguna,Oscuro - iluminacion desconocida,Despejado,No,NO APLICA,22,29,22,38,1,12/01/2022,1
17,Illinois,170107,0,0,1,0,163,ST. CLAIR (163),670,BELLEVILLE,1,Enero,30,2022,17,37,MAIN ST,6,Calle Local Municipalidad,Urbano,Arteria Menor,City or Municipal Highway Agency,0,Sin jurisdiccion especial,99998,38.55667778,-90.04295278,Poste o otros soportes,El primer evento no fue una colision con un vehiculo automotor en transporte,Not an Intersection,No fue interseccion,Sobre el lado de la calle,Ninguna,Oscuro - iluminacion desconocida,Despejado,No,NO APLICA,99,99,99,99,1,30/01/2022,1