Estado,Nombre de Estado,Numero de Caso,Peatones,Personas _no_vehiculos,Vehiculos automotores,Vehiculos estacionados,Condado,Nombre Condado,Ciudad,Nombre Ciudad,Mes,Nombre Mes,Dia,Año,Hora,Minuto,Calle,Ruta,Nombre Ruta,Rural o Urbanoo,Sistema Funcional,Dueño Calle,Sistema Nacional Carreteras,Jurisdiccion Especial,Milla,Latitud,Longitud,Causa del Accidente,Tipo de Accidente,Tipo Interseccion,Columna1,Lugar en la calle,Zona de Trabajo,Luz,Clima,Autobus Escolar,Cruce de Trenes,Hora Notificacion,Minuto Notificacion,Hora Llegada,Minuto Llegada,Decesos,Fecha,PersonaVehiculo
17,Illinois,170108,0,0,2,0,163,ST. CLAIR (163),1495,CENTREVILLE,1,Enero,1,2022,15,16,LAKE DR,8,Otro,Urbano,Colector Mayor,State Highway Agency,0,Sin jurisdiccion especial,99998,38.57892222,-90.07676389,Vehiculo en movimiento,Angulo,Four-Way Intersection,Interseccion de 4 direcciones,Sobre calle,Ninguna,Dia total,lluvia,No,NO APLICA,3,16,3,22,1,01/01/2022,2
17,Illinois,170109,0,0,2,0,89,KANE (89),0,NO APLICA,1,Enero,2,2022,18,5,SR-47,3,Highway estatal,Urbano,Arteria Principal,State Highway Agency,1,Sin jurisdiccion especial,99998,42.088625,-88.45682222,Vehiculo en movimiento,Frente a frente,Four-Way Intersection,Interseccion de 4 direcciones,Sobre calle,Ninguna,Oscuro - iluminacion desconocida,Despejado,No,NO APLICA,18,5,18,10,1,02/01/2022,4
17,Illinois,170110,0,0,1,0,31,COOK (31),1670,CHICAGO,1,Enero,20,2022,3,16,PETERSON AVE,9,Desconocido,Unknown,Desconocido,Unknown,9,Desconocido,99999,88.8888,888.8888,Arbol,El primer evento no fue una colision con un vehiculo automotor en transporte,Not an Intersection,No fue interseccion,Sobre el lado de la calle,Ninguna,Oscuro - iluminacion desconocida,Despejado,No,NO APLICA,99,99,99,99,1,20/01/2022,2
17,Illinois,170112,0,0,2,0,133,MONROE (133),1930,COLUMBIA,1,Enero,24,2022,20,19,MAIN ST,6,Calle Local Municipalidad,Urbano,Arteria Menor,City or Municipal Highway Agency,0,Sin jurisdiccion especial,99998,38.44597778,-90.20316389,Vehiculo en movimiento,Frente a frente,Not an Intersection,No fue interseccion,Sobre calle,Ninguna,Oscuro - iluminacion desconocida,Despejado,No,NO APLICA,20,24,20,27,1,24/01/2022,2
17,Illinois,170113,0,0,4,0,31,COOK (31),2570,EAST HAZEL CREST,1,Enero,10,2022,15,12,SR-1,3,Highway estatal,Urbano,Colector Mayor,State Highway Agency,0,Sin jurisdiccion especial,0,41.58235,-87.63633889,Vehiculo en movimiento,Frente a Detrás,Four-Way Intersection,Interseccion de 4 direcciones,Sobre calle,Ninguna,Dia total,Despejado,No,NO APLICA,3,17,3,19,1,10/01/2022,5
17,Illinois,170114,0,0,2,0,197,WILL (197),0,NO APLICA,1,Enero,18,2022,14,20,I-55,1,Interestatal,Urbano,Interestatal,State Highway Agency,1,Sin jurisdiccion especial,2528,41.52138889,-88.18918333,Vehiculo en movimiento,Angulo,Not an Intersection,No fue interseccion,Sobre calle,Ninguna,Dia total,Despejado,No,NO APLICA,14,21,14,25,1,18/01/2022,3
17,Illinois,170115,0,0,1,0,143,PEORIA (143),6850,PEORIA,2,Febrero,27,2022,0,15,W PFEIFFER,5,Calle Local - Pueblo,Rural,Local,Town or Township Highway Agency,0,Sin jurisdiccion especial,0,40.63796389,-89.69466111,Zanja,El primer evento no fue una colision con un vehiculo automotor en transporte,Not an Intersection,No fue interseccion,Sobre el lado de la calle,Ninguna,Oscuro - iluminacion desconocida,Despejado,No,NO APLICA,0,15,99,99,1,27/02/2022,4
17,Illinois,170116,0,0,1,0,105,LIVINGSTON (105),0,NO APLICA,2,Febrero,1,2022,6,50,SR-23,3,Highway estatal,Rural,Arteria Menor,State Highway Agency,0,Sin jurisdiccion especial,51,41.03226111,-88.83367778,Zanja,El primer evento no fue una colision con un vehiculo automotor en transporte,Not an Intersection,No fue interseccion,Sobre el lado de la calle,Ninguna,Dia total,Despejado,No,NO APLICA,6,50,7,10,1,01/02/2022,1
17,Illinois,170117,0,0,1,0,111,MCHENRY (111),4625,LAKE IN THE HILLS,2,Febrero,2,2022,21,20,ALGONQUIN RD,5,Calle Local - Pueblo,Urbano,Arteria Principal,Town or Township Highway Agency,1,Sin jurisdiccion especial,99998,42.17565556,-88.306,Fin de valla,El primer evento no fue una colision con un vehiculo automotor en transporte,Not an Intersection,No fue interseccion,Sobre el lado de la calle,Ninguna,Oscuro - iluminacion desconocida,Despejado,No,NO APLICA,99,99,99,99,1,02/02/2022,1
17,Illinois,170118,0,0,1,0,111,MCHENRY (111),0,NO APLICA,2,Febrero,7,2022,9,33,STREIT RD,5,Calle Local - Pueblo,Rural,Local,Town or Township Highway Agency,0,Sin jurisdiccion especial,99998,42.38548056,-88.53224167,Volcadura,El primer evento no fue una colision con un vehiculo automotor en transporte,Not an Intersection,No fue interseccion,Sobre el lado de la calle,Ninguna,Dia total,Despejado,No,NO APLICA,9,33,9,43,1,07/02/2022,1
17,Illinois,170119,0,0,3,0,45,EDGAR (45),0,NO APLICA,2,Febrero,10,2022,8,59,SR-133,3,Highway estatal,Rural,Arteria Menor,State Highway Agency,0,Sin jurisdiccion especial,0,39.61526111,-87.74366111,Vehiculo en movimiento,Golpe Lateral - direccion contraria,Not an Intersection,No fue interseccion,Sobre calle,Ninguna,Dia total,Despejado,No,NO APLICA,9,3,9,10,2,10/02/2022,4
17,Illinois,170120,0,0,2,0,31,COOK (31),1670,CHICAGO,2,Febrero,28,2022,23,18,COTTAGE GROVE AVE,6,Calle Local Municipalidad,Urbano,Arteria Menor,Town or Township Highway Agency,0,Sin jurisdiccion especial,0,41.69275,-87.60984167,Vehiculo en movimiento,Angulo,Four-Way Intersection,Interseccion de 4 direcciones,Sobre calle,Ninguna,Oscuro sin iluminacion,Despejado,No,NO APLICA,23,18,23,24,2,28/02/2022,4
17,Illinois,170121,0,0,1,0,49,EFFINGHAM (49),0,NO APLICA,2,Febrero,20,2022,15,2,CR-25 1000TH RD,8,Otro,Rural,Colector Mayor,County Highway Agency,0,Sin jurisdiccion especial,8,39.03787778,-88.61646111,Fin de valla,El primer evento no fue una colision con un vehiculo automotor en transporte,Not an Intersection,No fue interseccion,Sobre el lado de la calle,Ninguna,Dia total,Despejado,No,NO APLICA,15,2,15,18,1,20/02/2022,1
17,Illinois,170122,0,0,1,0,7,BOONE (7),0,NO APLICA,2,Febrero,8,2022,0,52,CR-A19,5,Calle Local - Pueblo,Rural,Arteria Menor,Town or Township Highway Agency,0,Sin jurisdiccion especial,99998,42.42898611,-88.88343056,Otro objeto (fijo),El primer evento no fue una colision con un vehiculo automotor en transporte,Not an Intersection,No fue interseccion,Sobre el lado de la calle,Ninguna,Oscuro con iluminacion,Despejado,No,NO APLICA,0,56,1,5,1,08/02/2022,1
17,Illinois,170123,0,0,3,0,31,COOK (31),540,BARTLETT,2,Febrero,4,2022,18,55,US-20,2,US Highway,Urbano,Arteria Principal,State Highway Agency,1,Sin jurisdiccion especial,99998,42.01492778,-88.22048611,Vehiculo en movimiento,Angulo,Not an Intersection,No fue interseccion,Sobre calle,Ninguna,Dia total,Nublado,No,NO APLICA,99,99,99,99,1,04/02/2022,3
17,Illinois,170124,0,0,2,0,179,TAZEWELL (179),0,NO APLICA,2,Febrero,9,2022,11,0,SR-9,3,Highway estatal,Rural,Arteria Menor,State Highway Agency,0,Sin jurisdiccion especial,99998,40.52682222,-89.27222222,Vehiculo en movimiento,Angulo,T-Intersection,Interseccion de T,Sobre calle,Ninguna,Dia total,Despejado,No,NO APLICA,11,4,11,15,1,09/02/2022,3
17,Illinois,170125,0,0,1,0,99,LASALLE (99),0,NO APLICA,2,Febrero,25,2022,6,6,I-80,1,Interestatal,Rural,Interestatal,State Highway Agency,1,Sin jurisdiccion especial,929,41.37713611,-88.78585833,Arbol,El primer evento no fue una colision con un vehiculo automotor en transporte,Not an Intersection,No fue interseccion,Sobre el lado de la calle,Ninguna,Amanecer,Despejado,No,NO APLICA,6,34,6,45,1,25/02/2022,2
17,Illinois,170126,0,0,2,0,97,LAKE (97),6290,NORTH CHICAGO,2,Febrero,11,2022,20,48,US-41 SKOKIE HWY,2,US Highway,Urbano,Arteria Principal,State Highway Agency,1,Sin jurisdiccion especial,124,42.31941389,-87.88016944,Vehiculo en movimiento,Frente a Detrás,Four-Way Intersection,Interseccion de 4 direcciones,Sobre calle,Ninguna,Oscuro con iluminacion,Despejado,No,NO APLICA,20,48,20,53,1,11/02/2022,2
17,Illinois,170127,1,1,1,0,37,DEKALB (37),2280,DEKALB,2,Febrero,8,2022,7,58,SR-38,3,Highway estatal,Urbano,Arteria Principal,State Highway Agency,1,Sin jurisdiccion especial,99998,41.93035,-88.75273333,Peaton,El primer evento no fue una colision con un vehiculo automotor en transporte,Four-Way Intersection,Interseccion de 4 direcciones,Sobre calle,Ninguna,Dia total,Despejado,No,NO APLICA,7,58,8,3,1,08/02/2022,2
17,Illinois,170128,0,0,2,0,31,COOK (31),1670,CHICAGO,2,Febrero,7,2022,5,51,I-94,1,Interestatal,Urbano,Interestatal,State Highway Agency,1,Sin jurisdiccion especial,99998,41.69048333,-87.59910556,Vehiculo en movimiento,Golpe Lateral - misma direccion,Not an Intersection,No fue interseccion,Sobre calle,Ninguna,Oscuro con iluminacion,Despejado,No,NO APLICA,6,0,6,10,1,07/02/2022,2
17,Illinois,170129,0,0,1,0,31,COOK (31),6730,PARK FOREST,2,Febrero,27,2022,0,54,WILDWOOD DR,6,Calle Local Municipalidad,Urbano,Local,City or Municipal Highway Agency,0,Sin jurisdiccion especial,99998,41.49146944,-87.69827778,Arbol,El primer evento no fue una colision con un vehiculo automotor en transporte,Not an Intersection,No fue interseccion,Fuera de la calle,Ninguna,Oscuro con iluminacion,Despejado,No,NO APLICA,99,99,99,99,1,27/02/2022,3
17,Illinois,170131,0,0,1,0,31,COOK (31),1670,CHICAGO,2,Febrero,12,2022,1,50,AVENUE O,6,Calle Local Municipalidad,Urbano,Arteria Menor,City or Municipal Highway Agency,0,Sin jurisdiccion especial,99998,41.67181111,-87.54000278,Banqueta,El primer evento no fue una colision con un vehiculo automotor en transporte,Not an Intersection,No fue interseccion,En el medio,Ninguna,Oscuro con iluminacion,Nieve,No,NO APLICA,99,99,2,12,1,12/02/2022,1
17,Illinois,170134,0,0,1,0,119,MADISON (119),0,NO APLICA,2,Febrero,10,2022,21,24,HARRISON,5,Calle Local - Pueblo,Urbano,Local,Town or Township Highway Agency,0,Sin jurisdiccion especial,99998,38.67128333,-90.14723333,Poste de Señal de trafico,El primer evento no fue una colision con un vehiculo automotor en transporte,Four-Way Intersection,Interseccion de 4 direcciones,Sobre el lado de la calle,Ninguna,Oscuro - iluminacion desconocida,Despejado,No,NO APLICA,21,27,99,99,1,10/02/2022,2
17,Illinois,170135,0,0,1,0,89,KANE (89),460,AURORA,2,Febrero,5,2022,21,30,5T ST,6,Calle Local Municipalidad,Urbano,Local,City or Municipal Highway Agency,0,Sin jurisdiccion especial,99998,41.75510278,-88.31188056,Edificio,El primer evento no fue una colision con un vehiculo automotor en transporte,T-Intersection,Interseccion de T,Fuera de la calle,Ninguna,Oscuro con iluminacion,Despejado,No,NO APLICA,21,32,21,37,1,05/02/2022,1
17,Illinois,170136,1,1,1,0,163,ST. CLAIR (163),0,NO APLICA,2,Febrero,28,2022,1,57,I-55,1,Interestatal,Urbano,Interestatal,State Highway Agency,1,Sin jurisdiccion especial,99998,38.65860278,-90.10936667,Peaton,El primer evento no fue una colision con un vehiculo automotor en transporte,Not an Intersection,No fue interseccion,Sobre calle,Ninguna,Oscuro - iluminacion desconocida,Despejado,No,NO APLICA,1,58,2,7,1,28/02/2022,3
17,Illinois,170137,0,0,2,0,91,KANKAKEE (91),0,NO APLICA,3,Marzo,8,2022,17,55,SR-1,3,Highway estatal,Rural,Arteria Principal,State Highway Agency,1,Sin jurisdiccion especial,2775,41.12329722,-87.72549444,Vehiculo en movimiento,Angulo,Four-Way Intersection,Interseccion de 4 direcciones,Sobre calle,Ninguna,Dia total,Despejado,No,NO APLICA,17,55,18,5,2,08/03/2022,4
17,Illinois,170138,0,0,1,0,183,VERMILION (183),0,NO APLICA,2,Febrero,28,2022,14,5,SR-1,3,Highway estatal,Rural,Arteria Principal,State Highway Agency,1,Sin jurisdiccion especial,99998,40.44047222,-87.68636667,Zanja,El primer evento no fue una colision con un vehiculo automotor en transporte,Not an Intersection,No fue interseccion,Sobre el lado de la calle,Ninguna,Dia total,Despejado,No,NO APLICA,14,5,14,8,1,28/02/2022,2
17,Illinois,170139,0,0,1,0,167,SANGAMON (167),0,NO APLICA,2,Febrero,14,2022,13,46,CR-8,4,Calle del Condado,Rural,Colector Mayor,Town or Township Highway Agency,0,Sin jurisdiccion especial,99998,39.78641389,-89.77015833,Zanja,El primer evento no fue una colision con un vehiculo automotor en transporte,Not an Intersection,No fue interseccion,Sobre el lado de la calle,Ninguna,Dia total,Despejado,No,NO APLICA,13,49,13,57,1,14/02/2022,1
17,Illinois,170140,0,0,2,0,61,GREENE (61),0,NO APLICA,2,Febrero,28,2022,16,3,US-67,2,US Highway,Rural,Arteria Principal,State Highway Agency,1,Sin jurisdiccion especial,99998,39.18886111,-90.37259167,Vehiculo en movimiento,Angulo,Four-Way Intersection,Interseccion de 4 direcciones,Sobre calle,Ninguna,Dia total,Despejado,No,NO APLICA,16,3,16,13,1,28/02/2022,2
17,Illinois,170141,1,1,1,0,31,COOK (31),5040,LYONS,2,Febrero,6,2022,22,2,PLAINFIELD RD,6,Calle Local Municipalidad,Urbano,Colector Mayor,City or Municipal Highway Agency,0,Sin jurisdiccion especial,99998,41.81487222,-87.83381944,Peaton,El primer evento no fue una colision con un vehiculo automotor en transporte,Not an Intersection,No fue interseccion,Sobre calle,Ninguna,Oscuro con iluminacion,Despejado,No,NO APLICA,22,2,99,99,1,06/02/2022,1
17,Illinois,170142,0,0,1,0,119,MADISON (119),160,ALTON,2,Febrero,11,2022,23,42,BROWN ST,6,Calle Local Municipalidad,Urbano,Colector Mayor,City or Municipal Highway Agency,0,Sin jurisdiccion especial,99998,38.89320556,-90.16546111,Banqueta,El primer evento no fue una colision con un vehiculo automotor en transporte,Not an Intersection,No fue interseccion,Sobre el lado de la calle,Ninguna,Oscuro con iluminacion,Despejado,No,NO APLICA,99,99,99,99,1,11/02/2022,2
17,Illinois,170143,0,0,1,0,187,WARREN (187),0,NO APLICA,2,Febrero,6,2022,1,6,US-34,2,US Highway,Rural,Arterial Principal -Freeway o ExpressWay,State Highway Agency,1,Sin jurisdiccion especial,99998,40.92685278,-90.58629444,Zanja,El primer evento no fue una colision con un vehiculo automotor en transporte,Not an Intersection,No fue interseccion,Sobre el lado de la calle,Ninguna,Oscuro - iluminacion desconocida,Despejado,No,NO APLICA,1,6,1,22,1,06/02/2022,1
17,Illinois,170144,1,1,2,0,197,WILL (197),0,NO APLICA,1,Enero,13,2022,18,26,I-55,1,Interestatal,Urbano,Interestatal,State Highway Agency,1,Sin jurisdiccion especial,2646,41.66551667,-88.10544167,Peaton,El primer evento no fue una colision con un vehiculo automotor en transporte,Not an Intersection,No fue interseccion,Sobre calle,Ninguna,Oscuro con iluminacion,Despejado,No,NO APLICA,18,31,18,31,1,13/01/2022,2
17,Illinois,170145,0,0,3,2,31,COOK (31),1670,CHICAGO,2,Febrero,11,2022,13,20,ELLIS AVE,6,Calle Local Municipalidad,Urbano,Local,City or Municipal Highway Agency,0,Sin jurisdiccion especial,99998,41.81657778,-87.60184722,Vehiculo Aparcado,El primer evento no fue una colision con un vehiculo automotor en transporte,Not an Intersection,No fue interseccion,Sobre el lado de la calle,Ninguna,Dia total,Despejado,No,NO APLICA,13,99,13,30,1,11/02/2022,2
17,Illinois,170146,0,0,1,0,31,COOK (31),6525,OLYMPIA FIELDS,2,Febrero,12,2022,15,52,US-30,2,US Highway,Urbano,Arteria Principal,State Highway Agency,1,Sin jurisdiccion especial,99998,41.50623889,-87.68596944,Banqueta,El primer evento no fue una colision con un vehiculo automotor en transporte,Not an Intersection,No fue interseccion,Sobre el lado de la calle,Ninguna,Dia total,Despejado,No,NO APLICA,99,99,99,99,1,12/02/2022,1
17,Illinois,170147,0,0,1,0,31,COOK (31),5040,LYONS,2,Febrero,13,2022,11,27,43RD ST,6,Calle Local Municipalidad,Urbano,Arteria Menor,State Highway Agency,0,Sin jurisdiccion especial,99998,41.813525,-87.81225833,Arbol,El primer evento no fue una colision con un vehiculo automotor en transporte,Not an Intersection,No fue interseccion,Sobre el lado de la calle,Ninguna,Dia total,Despejado,No,NO APLICA,11,27,11,29,1,13/02/2022,1
17,Illinois,170148,0,0,1,0,31,COOK (31),1670,CHICAGO,2,Febrero,24,2022,15,36,STATE ST,6,Calle Local Municipalidad,Urbano,Arteria Menor,City or Municipal Highway Agency,0,Sin jurisdiccion especial,99998,41.86090833,-87.62720833,Barrera de Trafico de Concreto,El primer evento no fue una colision con un vehiculo automotor en transporte,Not an Intersection,No fue interseccion,En el medio,Ninguna,Dia total,Nieve,No,NO APLICA,99,99,99,99,1,24/02/2022,1
17,Illinois,170149,1,1,1,0,31,COOK (31),3790,HARVEY,2,Febrero,26,2022,21,11,DIXIE HIGHWAY,8,Otro,Urbano,Arteria Principal,State Highway Agency,1,Sin jurisdiccion especial,99998,41.61520833,-87.67252222,Peaton,El primer evento no fue una colision con un vehiculo automotor en transporte,Not an Intersection,No fue interseccion,Sobre calle,Ninguna,Oscuro - iluminacion desconocida,Despejado,No,NO APLICA,21,11,21,15,1,26/02/2022,1
17,Illinois,170150,1,1,1,0,31,COOK (31),1670,CHICAGO,2,Febrero,28,2022,16,40,US-41,2,US Highway,Urbano,Arteria Principal,State Highway Agency,1,Sin jurisdiccion especial,99998,41.87326389,-87.61704722,Ciclista,El primer evento no fue una colision con un vehiculo automotor en transporte,T-Intersection,Interseccion de T,Sobre calle,Ninguna,Dia total,Despejado,No,NO APLICA,99,99,99,99,1,28/02/2022,1
17,Illinois,170151,0,0,1,0,107,LOGAN (107),0,NO APLICA,2,Febrero,21,2022,21,6,CR-12,4,Calle del Condado,Rural,Colector Menor,Town or Township Highway Agency,0,Sin jurisdiccion especial,99998,40.05271111,-89.35321944,Arbol,El primer evento no fue una colision con un vehiculo automotor en transporte,T-Intersection,Interseccion de T,Sobre el lado de la calle,Ninguna,Oscuro - iluminacion desconocida,Despejado,No,NO APLICA,99,99,99,99,1,21/02/2022,2
17,Illinois,170152,0,0,3,0,31,COOK (31),6330,NORTHLAKE,2,Febrero,6,2022,20,30,US-20 W LAKE ST,2,US Highway,Urbano,Arteria Menor,State Highway Agency,0,Sin jurisdiccion especial,1659,41.90506389,-87.91320833,Vehiculo en movimiento,Angulo,T-Intersection,Interseccion de T,Sobre calle,Ninguna,Oscuro con iluminacion,Despejado,No,NO APLICA,20,36,20,38,2,06/02/2022,5
17,Illinois,170153,1,1,1,0,11,BUREAU (11),6030,NEPONSET,3,Marzo,12,2022,21,16,US-34,2,US Highway,Rural,Arteria Menor,State Highway Agency,0,Sin jurisdiccion especial,99998,41.29168333,-89.80826389,Peaton,El primer evento no fue una colision con un vehiculo automotor en transporte,Not an Intersection,No fue interseccion,Sobre calle,Ninguna,Oscuro sin iluminacion,Despejado,No,NO APLICA,9,16,99,99,1,12/03/2022,1
17,Illinois,170154,0,0,4,0,31,COOK (31),9580,WORTH,2,Febrero,5,2022,1,59,I-80,1,Interestatal,Urbano,Interestatal,State Highway Agency,1,Sin jurisdiccion especial,99998,41.58016944,-87.67838611,Vehiculo en movimiento,Golpe Lateral - direccion contraria,Not an Intersection,No fue interseccion,Sobre calle,Ninguna,Oscuro con iluminacion,Despejado,No,NO APLICA,2,9,2,20,1,05/02/2022,5
17,Illinois,170156,0,0,1,0,119,MADISON (119),160,ALTON,3,Marzo,13,2022,6,29,BROWN ST,6,Calle Local Municipalidad,Urbano,Local,City or Municipal Highway Agency,0,Sin jurisdiccion especial,0,38.89359444,-90.16482222,Banqueta,El primer evento no fue una colision con un vehiculo automotor en transporte,Four-Way Intersection,Interseccion de 4 direcciones,Sobre el lado de la calle,Ninguna,Amanecer,Despejado,No,NO APLICA,6,30,6,34,1,13/03/2022,1
17,Illinois,170157,1,1,1,0,31,COOK (31),6687,PALOS HEIGHTS,3,Marzo,5,2022,19,16,SR-43,3,Highway estatal,Urbano,Arteria Principal,State Highway Agency,1,Sin jurisdiccion especial,99998,41.66802222,-87.79659167,Peaton,El primer evento no fue una colision con un vehiculo automotor en transporte,Four-Way Intersection,Interseccion de 4 direcciones,Sobre calle,Ninguna,Oscuro con iluminacion,Despejado,No,NO APLICA,99,99,99,99,1,05/03/2022,2
17,Illinois,170158,0,0,2,0,121,MARION (121),110,ALMA,3,Marzo,1,2022,16,59,CR-20,4,Calle del Condado,Rural,Colector Menor,Town or Township Highway Agency,0,Sin jurisdiccion especial,99998,38.66419722,-88.84572222,Vehiculo en movimiento,Angulo,Four-Way Intersection,Interseccion de 4 direcciones,Sobre calle,Ninguna,Dia total,Despejado,No,NO APLICA,16,59,99,99,1,01/03/2022,3
17,Illinois,170159,0,0,2,0,173,SHELBY (173),0,NO APLICA,3,Marzo,2,2022,13,23,SR-128,3,Highway estatal,Rural,Arteria Menor,State Highway Agency,0,Sin jurisdiccion especial,99998,39.52199167,-88.8081,Vehiculo en movimiento,Angulo,Four-Way Intersection,Interseccion de 4 direcciones,Sobre calle,Ninguna,Dia total,Despejado,No,NO APLICA,99,99,99,99,2,02/03/2022,3
17,Illinois,170161,1,1,1,0,31,COOK (31),1670,CHICAGO,1,Enero,11,2022,20,5,W CONGRESS PKWY,6,Calle Local Municipalidad,Urbano,Local,City or Municipal Highway Agency,0,Sin jurisdiccion especial,0,41.87484444,-87.69898333,Peaton,El primer evento no fue una colision con un vehiculo automotor en transporte,Not an Intersection,No fue interseccion,Sobre calle,Ninguna,Oscuro con iluminacion,Despejado,No,NO APLICA,20,99,20,13,1,11/01/2022,1
17,Illinois,170163,1,1,2,0,179,TAZEWELL (179),9030,WASHINGTON,2,Febrero,9,2022,18,22,SR-8,3,Highway estatal,Urbano,Arteria Menor,State Highway Agency,0,Sin jurisdiccion especial,99998,40.694925,-89.4741,Peaton,El primer evento no fue una colision con un vehiculo automotor en transporte,Four-Way Intersection,Interseccion de 4 direcciones,Sobre calle,Ninguna,Oscuro con iluminacion,Despejado,No,NO APLICA,18,24,18,27,1,09/02/2022,2
17,Illinois,170164,0,0,4,0,163,ST. CLAIR (163),670,BELLEVILLE,2,Febrero,27,2022,9,46,SR-15,3,Highway estatal,Urbano,Arteria Principal,State Highway Agency,1,Sin jurisdiccion especial,99998,38.53870833,-90.05442222,Vehiculo en movimiento,Frente a Detrás,Four-Way Intersection,Interseccion de 4 direcciones,Sobre calle,Ninguna,Dia total,Despejado,No,NO APLICA,9,46,9,55,1,27/02/2022,7
17,Illinois,170165,0,0,2,0,183,VERMILION (183),6420,OAKWOOD,2,Febrero,22,2022,15,15,I-74,1,Interestatal,Rural,Interestatal,State Highway Agency,1,Sin jurisdiccion especial,99998,40.12768056,-87.74643056,Vehiculo en movimiento,Frente a Detrás,Not an Intersection,No fue interseccion,Sobre calle,Ninguna,Dia total,Despejado,No,NO APLICA,99,99,99,99,1,22/02/2022,2
17,Illinois,170166,2,2,1,0,97,LAKE (97),9100,WAUKEGAN,2,Febrero,20,2022,9,30,GLEN ROCK AVE,6,Calle Local Municipalidad,Urbano,Colector Mayor,City or Municipal Highway Agency,0,Sin jurisdiccion especial,99998,42.35631389,-87.84491667,Peaton,El primer evento no fue una colision con un vehiculo automotor en transporte,Four-Way Intersection,Interseccion de 4 direcciones,Sobre calle,Ninguna,Dia total,Despejado,No,NO APLICA,9,32,9,32,1,20/02/2022,1
17,Illinois,170167,1,1,3,0,43,DUPAGE (43),1207,BURR RIDGE,3,Marzo,5,2022,21,23,SR-83,3,Highway estatal,Urbano,Arteria Principal,State Highway Agency,1,Sin jurisdiccion especial,99998,41.73444167,-87.94428611,Peaton,El primer evento no fue una colision con un vehiculo automotor en transporte,Four-Way Intersection,Interseccion de 4 direcciones,Sobre calle,Ninguna,Oscuro - iluminacion desconocida,Despejado,No,NO APLICA,21,23,21,28,1,05/03/2022,3
17,Illinois,170168,0,0,1,0,163,ST. CLAIR (163),0,NO APLICA,3,Marzo,2,2022,19,35,I-255,1,Interestatal,Urbano,Interestatal,State Highway Agency,1,Sin jurisdiccion especial,99998,38.62633611,-90.06727778,Poste,El primer evento no fue una colision con un vehiculo automotor en transporte,Not an Intersection,No fue interseccion,Sobre el lado de la calle,Ninguna,Oscuro con iluminacion,Despejado,No,NO APLICA,19,35,19,50,1,02/03/2022,1
17,Illinois,170169,3,3,2,0,43,DUPAGE (43),460,AURORA,3,Marzo,7,2022,19,42,CR-14,4,Calle del Condado,Urbano,Arteria Menor,Town or Township Highway Agency,0,Sin jurisdiccion especial,99998,41.80859444,-88.23766944,Vehiculo en movimiento,Frente a Detrás,Not an Intersection,No fue interseccion,Sobre calle,Ninguna,Oscuro con iluminacion,Despejado,No,NO APLICA,19,41,19,50,1,07/03/2022,1
17,Illinois,170170,0,0,2,0,31,COOK (31),2330,DES PLAINES,3,Marzo,8,2022,7,30,CENTRAL RD,8,Otro,Urbano,Arteria Menor,State Highway Agency,0,Sin jurisdiccion especial,99998,42.06593611,-87.86961667,Vehiculo en movimiento,Angulo,Four-Way Intersection,Interseccion de 4 direcciones,Sobre calle,Ninguna,Dia total,Despejado,No,NO APLICA,7,30,7,40,1,08/03/2022,4
17,Illinois,170171,0,0,1,0,11,BUREAU (11),6030,NEPONSET,3,Marzo,22,2022,4,15,KENTVILLE RD,5,Calle Local - Pueblo,Rural,Local,Town or Township Highway Agency,0,Sin jurisdiccion especial,0,41.25626111,-89.79096944,Culvert,El primer evento no fue una colision con un vehiculo automotor en transporte,Not an Intersection,No fue interseccion,Sobre el lado de la calle,Ninguna,Oscuro sin iluminacion,lluvia,No,NO APLICA,5,5,99,99,1,22/03/2022,1
17,Illinois,170172,0,0,1,0,149,PIKE (149),0,NO APLICA,3,Marzo,9,2022,19,20,SR-100,3,Highway estatal,Rural,Arteria Menor,State Highway Agency,0,Sin jurisdiccion especial,99998,39.48107222,-90.6477,Otro objeto (no fijo),El primer evento no fue una colision con un vehiculo automotor en transporte,Not an Intersection,No fue interseccion,Sobre calle,Ninguna,Oscuro - iluminacion desconocida,Despejado,No,NO APLICA,19,21,99,99,1,09/03/2022,1
17,Illinois,170173,0,0,2,0,37,DEKALB (37),3310,GENOA,3,Marzo,4,2022,12,48,SR-23,3,Highway estatal,Rural,Arteria Principal,State Highway Agency,1,Sin jurisdiccion especial,99998,42.06650278,-88.68385556,Vehiculo en movimiento,Angulo,Four-Way Intersection,Interseccion de 4 direcciones,Sobre calle,Ninguna,Dia total,Despejado,No,NO APLICA,99,99,99,99,1,04/03/2022,3
17,Illinois,170174,0,0,6,0,31,COOK (31),3430,GLENVIEW,3,Marzo,19,2022,10,50,SR-21,3,Highway estatal,Urbano,Arteria Principal,State Highway Agency,1,Sin jurisdiccion especial,0,42.08705,-87.87036389,Vehiculo en movimiento,Frente a Detrás,Four-Way Intersection,Interseccion de 4 direcciones,Sobre calle,Ninguna,Dia total,lluvia,No,NO APLICA,10,50,10,50,1,19/03/2022,11
17,Illinois,170175,1,1,1,0,201,WINNEBAGO (201),7460,ROCKFORD,3,Marzo,6,2022,0,32,US-20,2,US Highway,Urbano,Arteria Principal,State Highway Agency,1,Sin jurisdiccion especial,99998,42.26437778,-89.01559722,Peaton,El primer evento no fue una colision con un vehiculo automotor en transporte,Not an Intersection,No fue interseccion,Sobre calle,Ninguna,Oscuro - iluminacion desconocida,Despejado,No,NO APLICA,0,30,0,30,1,06/03/2022,2