Estado,Nombre de Estado,Numero de Caso,Peatones,Personas _no_vehiculos,Vehiculos automotores,Vehiculos estacionados,Condado,Nombre Condado,Ciudad,Nombre Ciudad,Mes,Nombre Mes,Dia,Año,Hora,Minuto,Calle,Ruta,Nombre Ruta,Rural o Urbanoo,Sistema Funcional,Dueño Calle,Sistema Nacional Carreteras,Jurisdiccion Especial,Milla,Latitud,Longitud,Causa del Accidente,Tipo de Accidente,Tipo Interseccion,Columna1,Lugar en la calle,Zona de Trabajo,Luz,Clima,Autobus Escolar,Cruce de Trenes,Hora Notificacion,Minuto Notificacion,Hora Llegada,Minuto Llegada,Decesos,Fecha,PersonaVehiculo
17,Illinois,170176,0,0,1,0,31,COOK (31),3790,HARVEY,3,Marzo,9,2022,2,0,SR-1 HALSTED ST,3,Highway estatal,Urbano,Arteria Menor,State Highway Agency,0,Sin jurisdiccion especial,99998,41.60865556,-87.6365,Otra barrera de trafico,El primer evento no fue una colision con un vehiculo automotor en transporte,Not an Intersection,No fue interseccion,Sobre calle,Ninguna,Oscuro - iluminacion desconocida,Despejado,No,283177X,99,99,99,99,4,09/03/2022,4
17,Illinois,170177,0,0,2,0,191,WAYNE (191),0,NO APLICA,3,Marzo,9,2022,12,5,SR-15,3,Highway estatal,Rural,Arteria Principal,State Highway Agency,1,Sin jurisdiccion especial,99998,38.34261944,-88.676775,Vehiculo en movimiento,Golpe Lateral - direccion contraria,Not an Intersection,No fue interseccion,Sobre calle,Ninguna,Dia total,Despejado,No,NO APLICA,12,14,12,30,1,09/03/2022,3
17,Illinois,170178,0,0,1,0,31,COOK (31),1670,CHICAGO,3,Marzo,10,2022,3,0,US-40,2,US Highway,Urbano,Arteria Principal,State Highway Agency,1,Sin jurisdiccion especial,99998,41.80445,-87.58255556,Poste,El primer evento no fue una colision con un vehiculo automotor en transporte,Not an Intersection,No fue interseccion,Sobre el lado de la calle,Ninguna,Oscuro con iluminacion,Despejado,No,NO APLICA,3,1,3,10,1,10/03/2022,2
17,Illinois,170179,0,0,2,0,31,COOK (31),1670,CHICAGO,3,Marzo,10,2022,13,39,124TH ST,6,Calle Local Municipalidad,Urbano,Local,City or Municipal Highway Agency,0,Sin jurisdiccion especial,99998,41.66894167,-87.6202,Vehiculo en movimiento,Angulo,Four-Way Intersection,Interseccion de 4 direcciones,Sobre calle,Ninguna,Dia total,Despejado,No,NO APLICA,13,40,13,42,2,10/03/2022,5
17,Illinois,170180,0,0,1,0,47,EDWARDS (47),0,NO APLICA,3,Marzo,13,2022,15,38,CR-1850,4,Calle del Condado,Rural,Colector Mayor,Town or Township Highway Agency,0,Sin jurisdiccion especial,99998,38.51858056,-88.12657222,Zanja,El primer evento no fue una colision con un vehiculo automotor en transporte,Not an Intersection,No fue interseccion,Sobre el lado de la calle,Ninguna,Dia total,Despejado,No,NO APLICA,15,46,15,53,1,13/03/2022,1
17,Illinois,170181,1,1,1,0,121,MARION (121),0,NO APLICA,3,Marzo,5,2022,22,5,SR-37,3,Highway estatal,Urbano,Arteria Menor,State Highway Agency,0,Sin jurisdiccion especial,99998,38.65980278,-88.940175,Peaton,El primer evento no fue una colision con un vehiculo automotor en transporte,Not an Intersection,No fue interseccion,Sobre calle,Ninguna,Oscuro - iluminacion desconocida,Despejado,No,NO APLICA,22,15,22,16,1,05/03/2022,1
17,Illinois,170182,0,0,2,0,183,VERMILION (183),1470,CATLIN,3,Marzo,11,2022,10,43,CR-10,4,Calle del Condado,Rural,Local,Town or Township Highway Agency,0,Sin jurisdiccion especial,99998,40.06456667,-87.78717778,Vehiculo en movimiento,Angulo,Four-Way Intersection,Interseccion de 4 direcciones,Sobre calle,Ninguna,Dia total,Despejado,No,NO APLICA,99,99,99,99,1,11/03/2022,2
17,Illinois,170183,0,0,2,0,113,MCLEAN (113),1630,CHENOA,3,Marzo,14,2022,7,55,US-24,2,US Highway,Rural,Arteria Principal,State Highway Agency,1,Sin jurisdiccion especial,99998,40.740625,-88.79507778,Vehiculo en movimiento,Frente a frente,Not an Intersection,No fue interseccion,Sobre calle,Ninguna,Dia total,Despejado,No,NO APLICA,7,55,8,0,1,14/03/2022,2
17,Illinois,170184,0,0,3,0,197,WILL (197),4300,JOLIET,3,Marzo,15,2022,20,16,GLENWOOD AVE,6,Calle Local Municipalidad,Urbano,Arteria Menor,City or Municipal Highway Agency,0,Sin jurisdiccion especial,99998,41.52955278,-88.13773611,Vehiculo en movimiento,Frente a Detrás,Four-Way Intersection,Interseccion de 4 direcciones,Sobre calle,Ninguna,Oscuro con iluminacion,Despejado,No,NO APLICA,20,16,20,21,1,15/03/2022,4
17,Illinois,170185,0,0,1,0,1,ADAMS (1),0,NO APLICA,3,Marzo,4,2022,14,56,SR-104,3,Highway estatal,Rural,Arteria Menor,State Highway Agency,0,Sin jurisdiccion especial,99998,39.81447222,-90.93612222,Zanja,El primer evento no fue una colision con un vehiculo automotor en transporte,Not an Intersection,No fue interseccion,Sobre el lado de la calle,Ninguna,Dia total,Despejado,No,NO APLICA,15,23,15,36,1,04/03/2022,1
17,Illinois,170186,1,1,1,0,19,CHAMPAIGN (19),1550,CHAMPAIGN,3,Marzo,5,2022,21,6,US-45,2,US Highway,Urbano,Arteria Principal,State Highway Agency,1,Sin jurisdiccion especial,99998,40.08357222,-88.24687778,Peaton,El primer evento no fue una colision con un vehiculo automotor en transporte,Four-Way Intersection,Interseccion de 4 direcciones,Sobre calle,Ninguna,Oscuro - iluminacion desconocida,Despejado,No,NO APLICA,21,6,21,8,1,05/03/2022,1
17,Illinois,170187,0,0,1,0,31,COOK (31),0,NO APLICA,3,Marzo,12,2022,23,18,I-80,1,Interestatal,Urbano,Interestatal,State Highway Agency,1,Sin jurisdiccion especial,1545,41.58314722,-87.69621944,Valla Ferrocarril,El primer evento no fue una colision con un vehiculo automotor en transporte,Not an Intersection,No fue interseccion,En el medio,Ninguna,Oscuro con iluminacion,Despejado,No,NO APLICA,23,20,23,38,1,12/03/2022,1
17,Illinois,170188,0,0,1,0,199,WILLIAMSON (199),5250,MARION,3,Marzo,18,2022,14,34,SR-37,3,Highway estatal,Rural,Arteria Menor,State Highway Agency,0,Sin jurisdiccion especial,197,37.60355,-88.97951111,Volcadura,El primer evento no fue una colision con un vehiculo automotor en transporte,Not an Intersection,No fue interseccion,Sobre el lado de la calle,Ninguna,Dia total,lluvia,No,NO APLICA,14,35,14,40,1,18/03/2022,1
17,Illinois,170189,0,0,1,0,203,WOODFORD (203),8217,SPRING BAY,3,Marzo,15,2022,0,16,HILLSIDE RD,6,Calle Local Municipalidad,Rural,Local,City or Municipal Highway Agency,0,Sin jurisdiccion especial,99998,40.80622778,-89.51519167,Volcadura,El primer evento no fue una colision con un vehiculo automotor en transporte,Not an Intersection,No fue interseccion,Sobre el lado de la calle,Ninguna,Oscuro - iluminacion desconocida,Despejado,No,NO APLICA,99,99,99,99,1,15/03/2022,2
17,Illinois,170190,1,1,1,0,113,MCLEAN (113),840,BLOOMINGTON,3,Marzo,15,2022,20,24,US-51,2,US Highway,Urbano,Arteria Principal,State Highway Agency,1,Sin jurisdiccion especial,99998,40.46501944,-88.99301944,Peaton,El primer evento no fue una colision con un vehiculo automotor en transporte,Not an Intersection,No fue interseccion,Sobre calle,Ninguna,Oscuro - iluminacion desconocida,Despejado,No,NO APLICA,0,0,99,99,1,15/03/2022,1
17,Illinois,170191,0,0,2,0,97,LAKE (97),3910,HIGHLAND PARK,3,Marzo,23,2022,19,42,US-41,2,US Highway,Urbano,Arteria Principal,State Highway Agency,1,Sin jurisdiccion especial,0,42.16783611,-87.81275,Barrera de Trafico de Concreto,El primer evento no fue una colision con un vehiculo automotor en transporte,Not an Intersection,No fue interseccion,Sobre el lado de la calle,Ninguna,Oscuro sin iluminacion,lluvia,No,NO APLICA,19,45,19,51,1,23/03/2022,2
17,Illinois,170192,0,0,2,0,91,KANKAKEE (91),0,NO APLICA,3,Marzo,16,2022,5,28,US-45/52,2,US Highway,Rural,Arteria Menor,State Highway Agency,0,Sin jurisdiccion especial,3172,41.003875,-87.86756111,Vehiculo en movimiento,Angulo,Four-Way Intersection,Interseccion de 4 direcciones,Sobre calle,Ninguna,Oscuro - iluminacion desconocida,Neblina o Humo,No,NO APLICA,5,28,5,32,1,16/03/2022,2
17,Illinois,170193,1,1,1,0,31,COOK (31),1670,CHICAGO,3,Marzo,17,2022,20,7,GRAND AVE,6,Calle Local Municipalidad,Urbano,Colector Mayor,City or Municipal Highway Agency,0,Sin jurisdiccion especial,99998,41.92059722,-87.77578611,Peaton,El primer evento no fue una colision con un vehiculo automotor en transporte,Four-Way Intersection,Interseccion de 4 direcciones,Sobre calle,Ninguna,Atardecer,Despejado,No,NO APLICA,99,99,99,99,1,17/03/2022,1
17,Illinois,170194,0,0,1,0,197,WILL (197),0,NO APLICA,3,Marzo,21,2022,3,56,SR-394,3,Highway estatal,Urbano,Arteria Principal,State Highway Agency,1,Sin jurisdiccion especial,2,41.39396389,-87.62634444,Zanja,El primer evento no fue una colision con un vehiculo automotor en transporte,Not an Intersection,No fue interseccion,Sobre el lado de la calle,Ninguna,Oscuro con iluminacion,Despejado,No,NO APLICA,3,56,4,3,2,21/03/2022,2
17,Illinois,170195,0,0,2,0,113,MCLEAN (113),0,NO APLICA,3,Marzo,17,2022,8,55,I-55,1,Interestatal,Urbano,Interestatal,State Highway Agency,1,Sin jurisdiccion especial,1559,40.435,-89.02998056,Vehiculo en movimiento,Frente a Detrás,Not an Intersection,No fue interseccion,Sobre calle,Construccion,Dia total,Despejado,No,NO APLICA,8,55,9,8,1,17/03/2022,2
17,Illinois,170196,0,0,2,0,163,ST. CLAIR (163),1240,CAHOKIA,3,Marzo,16,2022,13,24,SR-157,3,Highway estatal,Urbano,Arteria Principal,State Highway Agency,1,Sin jurisdiccion especial,31,38.55104167,-90.14358333,Vehiculo en movimiento,Frente a frente,Not an Intersection,No fue interseccion,Sobre calle,Ninguna,Dia total,Despejado,No,NO APLICA,13,24,13,36,1,16/03/2022,5
17,Illinois,170197,0,0,1,0,119,MADISON (119),160,ALTON,3,Marzo,19,2022,1,53,SR-140,3,Highway estatal,Urbano,Arteria Principal,State Highway Agency,1,Sin jurisdiccion especial,252,38.91060833,-90.10684444,Soporte de  señalamiento de transito,El primer evento no fue una colision con un vehiculo automotor en transporte,Four-Way Intersection,Interseccion de 4 direcciones,Sobre el lado de la calle,Ninguna,Oscuro con iluminacion,Despejado,No,NO APLICA,1,55,2,0,1,19/03/2022,1
17,Illinois,170198,0,0,2,0,111,MCHENRY (111),0,NO APLICA,3,Marzo,19,2022,15,0,SR-176,3,Highway estatal,Urbano,Arteria Principal,State Highway Agency,1,Sin jurisdiccion especial,101,42.26930278,-88.23814444,Vehiculo en movimiento,Frente a frente,Not an Intersection,No fue interseccion,Sobre calle,Ninguna,Dia total,lluvia,No,NO APLICA,15,11,15,20,1,19/03/2022,2
17,Illinois,170199,0,0,2,0,31,COOK (31),1670,CHICAGO,3,Marzo,21,2022,19,50,MORGAN DR,6,Calle Local Municipalidad,Urbano,Arteria Principal,City or Municipal Highway Agency,1,Sin jurisdiccion especial,246,41.79331389,-87.61162778,Vehiculo en movimiento,Golpe Lateral - misma direccion,Not an Intersection,No fue interseccion,Sobre calle,Ninguna,Atardecer,Despejado,No,NO APLICA,20,15,20,15,2,21/03/2022,5
17,Illinois,170200,0,0,1,0,197,WILL (197),0,NO APLICA,3,Marzo,22,2022,20,32,YATES AVE,5,Calle Local - Pueblo,Rural,Local,Town or Township Highway Agency,0,Sin jurisdiccion especial,99998,41.38505278,-87.55448333,Otro objeto (fijo),El primer evento no fue una colision con un vehiculo automotor en transporte,T-Intersection,Interseccion de T,Sobre el lado de la calle,Ninguna,Oscuro - iluminacion desconocida,lluvia,No,NO APLICA,99,99,99,99,1,22/03/2022,1
17,Illinois,170201,0,0,1,0,163,ST. CLAIR (163),0,NO APLICA,3,Marzo,24,2022,22,38,I-255,1,Interestatal,Urbano,Interestatal,State Highway Agency,1,Sin jurisdiccion especial,163,38.61805833,-90.06875278,Barrera de Trafico de Concreto,El primer evento no fue una colision con un vehiculo automotor en transporte,Not an Intersection,No fue interseccion,Sobre el lado de la calle,Ninguna,Oscuro sin iluminacion,Despejado,No,NO APLICA,22,45,22,45,1,24/03/2022,1
17,Illinois,170202,0,0,2,0,29,COLES (29),5390,MATTOON,3,Marzo,25,2022,5,54,SR-16,3,Highway estatal,Urbano,Arteria Principal,State Highway Agency,1,Sin jurisdiccion especial,1402,39.48436389,-88.30396111,Vehiculo en movimiento,Angulo,T-Intersection,Interseccion de T,Sobre calle,Ninguna,Oscuro - iluminacion desconocida,lluvia,No,NO APLICA,5,54,99,99,1,25/03/2022,2
17,Illinois,170203,0,0,1,0,31,COOK (31),4010,HOMEWOOD,3,Marzo,26,2022,3,42,HARDWOOD AVE,6,Calle Local Municipalidad,Urbano,Colector Mayor,City or Municipal Highway Agency,0,Sin jurisdiccion especial,99998,41.55544722,-87.670975,Poste,El primer evento no fue una colision con un vehiculo automotor en transporte,Not an Intersection,No fue interseccion,Sobre el lado de la calle,Ninguna,Oscuro con iluminacion,Nieve,No,NO APLICA,3,42,3,47,1,26/03/2022,1
17,Illinois,170204,0,0,2,0,119,MADISON (119),1910,COLLINSVILLE,3,Marzo,17,2022,15,27,BELT LINE RD,8,Otro,Urbano,Arteria Menor,State Highway Agency,0,Sin jurisdiccion especial,99998,38.691,-89.975825,Vehiculo en movimiento,Angulo,T-Intersection,Interseccion de T,Sobre calle,Ninguna,Dia total,Despejado,No,NO APLICA,15,27,15,31,1,17/03/2022,2
17,Illinois,170205,1,1,1,0,163,ST. CLAIR (163),0,NO APLICA,3,Marzo,23,2022,21,40,SR-177,3,Highway estatal,Urbano,Arteria Menor,State Highway Agency,0,Sin jurisdiccion especial,99998,38.50169444,-89.84124722,Peaton,El primer evento no fue una colision con un vehiculo automotor en transporte,Not an Intersection,No fue interseccion,Sobre calle,Ninguna,Oscuro - iluminacion desconocida,Despejado,No,NO APLICA,21,40,21,51,1,23/03/2022,2
17,Illinois,170206,0,0,1,0,81,JEFFERSON (81),0,NO APLICA,3,Marzo,25,2022,13,31,CR-3,4,Calle del Condado,Rural,Colector Mayor,Town or Township Highway Agency,0,Sin jurisdiccion especial,99998,38.42835278,-88.79318056,Volcadura,El primer evento no fue una colision con un vehiculo automotor en transporte,Not an Intersection,No fue interseccion,Sobre el lado de la calle,Ninguna,Dia total,Despejado,No,NO APLICA,13,35,13,48,1,25/03/2022,1
17,Illinois,170207,1,1,1,0,45,EDGAR (45),6720,PARIS,3,Marzo,26,2022,11,10,NONE,8,Otro,Trafficway Not in State Inventory,Via no en inventario estatal,Trafficway Not in State Inventory,0,Sin jurisdiccion especial,0,39.60205556,-87.68166389,Peaton,El primer evento no fue una colision con un vehiculo automotor en transporte,Not an Intersection,No fue interseccion,Sobre calle,Ninguna,Dia total,Despejado,No,NO APLICA,11,11,11,14,1,26/03/2022,1
17,Illinois,170208,0,0,1,0,157,RANDOLPH (157),0,NO APLICA,3,Marzo,26,2022,14,0,ROBINSON RD,5,Calle Local - Pueblo,Rural,Local,Town or Township Highway Agency,0,Sin jurisdiccion especial,99998,38.01965833,-89.85655,Culvert,El primer evento no fue una colision con un vehiculo automotor en transporte,Not an Intersection,No fue interseccion,Sobre el lado de la calle,Ninguna,Dia total,Despejado,No,NO APLICA,99,99,99,99,1,26/03/2022,3
17,Illinois,170209,0,0,2,0,197,WILL (197),2800,ELWOOD,3,Marzo,27,2022,6,7,ARSENAL RD,8,Otro,Rural,Colector Mayor,State Highway Agency,1,Sin jurisdiccion especial,99998,41.42113889,-88.14635278,Vehiculo en movimiento,Angulo,Four-Way Intersection,Interseccion de 4 direcciones,Sobre calle,Ninguna,Amanecer,Despejado,No,NO APLICA,6,7,6,10,1,27/03/2022,2
17,Illinois,170210,0,0,1,0,141,OGLE (141),0,NO APLICA,2,Febrero,18,2022,12,25,SR-2,3,Highway estatal,Rural,Arteria Principal,State Highway Agency,1,Sin jurisdiccion especial,99998,42.16946389,-89.20666389,Arbol,El primer evento no fue una colision con un vehiculo automotor en transporte,Not an Intersection,No fue interseccion,Sobre el lado de la calle,Ninguna,Dia total,Despejado,No,NO APLICA,12,27,12,34,1,18/02/2022,1
17,Illinois,170211,1,1,1,0,133,MONROE (133),9060,WATERLOO,3,Marzo,23,2022,20,13,SR-3,3,Highway estatal,Urbano,Arteria Principal,State Highway Agency,1,Sin jurisdiccion especial,99998,38.36180833,-90.154075,Peaton,El primer evento no fue una colision con un vehiculo automotor en transporte,Not an Intersection,No fue interseccion,Sobre calle,Ninguna,Oscuro - iluminacion desconocida,lluvia,No,NO APLICA,20,17,20,20,1,23/03/2022,1
17,Illinois,170212,0,0,1,0,89,KANE (89),560,BATAVIA,3,Marzo,26,2022,7,45,SR-25,3,Highway estatal,Urbano,Arteria Menor,State Highway Agency,0,Sin jurisdiccion especial,99998,41.83033333,-88.30989444,Arbol,El primer evento no fue una colision con un vehiculo automotor en transporte,Not an Intersection,No fue interseccion,Sobre el lado de la calle,Ninguna,Dia total,Nublado,No,NO APLICA,7,46,7,55,1,26/03/2022,1
17,Illinois,170213,0,0,1,0,171,SCOTT (171),5150,MANCHESTER,3,Marzo,29,2022,11,9,CR-7,4,Calle del Condado,Rural,Colector Mayor,County Highway Agency,0,Sin jurisdiccion especial,0,39.54971111,-90.33634722,Acotamiento,El primer evento no fue una colision con un vehiculo automotor en transporte,Not an Intersection,No fue interseccion,Sobre el lado de la calle,Ninguna,Dia total,Despejado,No,NO APLICA,11,9,99,99,1,29/03/2022,1
17,Illinois,170214,0,0,2,0,113,MCLEAN (113),6230,NORMAL,3,Marzo,26,2022,12,44,TOWANDA AVE,6,Calle Local Municipalidad,Urbano,Arteria Menor,City or Municipal Highway Agency,0,Sin jurisdiccion especial,99998,40.52509722,-88.96305556,Vehiculo en movimiento,Angulo,Four-Way Intersection,Interseccion de 4 direcciones,Sobre calle,Ninguna,Dia total,Despejado,No,NO APLICA,12,45,12,48,1,26/03/2022,2
17,Illinois,170215,0,0,1,0,179,TAZEWELL (179),0,NO APLICA,3,Marzo,28,2022,9,25,CR-22,4,Calle del Condado,Urbano,Colector Mayor,Town or Township Highway Agency,0,Sin jurisdiccion especial,99998,40.62674444,-89.53930833,Acotamiento,El primer evento no fue una colision con un vehiculo automotor en transporte,Not an Intersection,No fue interseccion,Sobre el lado de la calle,Ninguna,Dia total,Despejado,No,NO APLICA,99,99,99,99,1,28/03/2022,2
17,Illinois,170216,0,0,1,0,195,WHITESIDE (195),5760,MORRISON,3,Marzo,27,2022,9,0,ORANGE ST,6,Calle Local Municipalidad,Rural,Local,City or Municipal Highway Agency,0,Sin jurisdiccion especial,99998,41.80863056,-89.96998889,Arbol,El primer evento no fue una colision con un vehiculo automotor en transporte,Not an Intersection,No fue interseccion,Sobre el lado de la calle,Ninguna,Dia total,Despejado,No,NO APLICA,99,99,99,99,1,27/03/2022,2
17,Illinois,170217,0,0,2,0,199,WILLIAMSON (199),0,NO APLICA,3,Marzo,25,2022,9,10,SR-148,3,Highway estatal,Rural,Arteria Menor,State Highway Agency,0,Sin jurisdiccion especial,99998,37.616275,-88.98035,Vehiculo en movimiento,Angulo,T-Intersection,Interseccion de T,Sobre calle,Ninguna,Dia total,Despejado,No,NO APLICA,9,32,9,45,2,25/03/2022,3
17,Illinois,170218,0,0,2,0,203,WOODFORD (203),2860,EUREKA,3,Marzo,26,2022,12,38,SR-116,3,Highway estatal,Rural,Local,Town or Township Highway Agency,0,Sin jurisdiccion especial,99998,40.77708333,-89.41779167,Vehiculo en movimiento,Angulo,Four-Way Intersection,Interseccion de 4 direcciones,Sobre calle,Ninguna,Dia total,Despejado,No,NO APLICA,12,38,12,46,1,26/03/2022,6
17,Illinois,170219,0,0,2,0,75,IROQUOIS (75),4195,IROQUOIS,3,Marzo,12,2022,17,49,US-52,2,US Highway,Rural,Colector Mayor,State Highway Agency,0,Sin jurisdiccion especial,99998,40.82744167,-87.58168056,Vehiculo en movimiento,Angulo,Four-Way Intersection,Interseccion de 4 direcciones,Sobre calle,Ninguna,Atardecer,Despejado,No,NO APLICA,17,51,17,57,1,12/03/2022,3
17,Illinois,170220,0,0,1,0,201,WINNEBAGO (201),7460,ROCKFORD,3,Marzo,22,2022,21,36,E STATE STREET,6,Calle Local Municipalidad,Urbano,Arteria Menor,City or Municipal Highway Agency,0,Sin jurisdiccion especial,0,42.26690278,-89.00122778,Otro objeto (fijo),El primer evento no fue una colision con un vehiculo automotor en transporte,Not an Intersection,No fue interseccion,Sobre el lado de la calle,Ninguna,Oscuro con iluminacion,lluvia,No,NO APLICA,12,0,12,0,1,22/03/2022,1
17,Illinois,170222,0,0,1,0,167,SANGAMON (167),0,NO APLICA,3,Marzo,16,2022,1,12,TORONTO RD,5,Calle Local - Pueblo,Urbano,Arteria Menor,Town or Township Highway Agency,0,Sin jurisdiccion especial,99998,39.71408889,-89.65795,Zanja,El primer evento no fue una colision con un vehiculo automotor en transporte,Not an Intersection,No fue interseccion,Sobre el lado de la calle,Ninguna,Oscuro - iluminacion desconocida,Despejado,No,NO APLICA,2,8,99,99,1,16/03/2022,2
17,Illinois,170223,1,1,1,0,43,DUPAGE (43),9250,WESTMONT,3,Marzo,4,2022,19,27,63RD ST,5,Calle Local - Pueblo,Urbano,Arteria Menor,Town or Township Highway Agency,0,Sin jurisdiccion especial,99998,41.77351111,-87.98235833,Peaton,El primer evento no fue una colision con un vehiculo automotor en transporte,Not an Intersection,No fue interseccion,Sobre calle,Ninguna,Oscuro con iluminacion,Despejado,No,NO APLICA,19,27,19,27,1,04/03/2022,2
17,Illinois,170224,0,0,1,0,31,COOK (31),7813,SCHAUMBURG,3,Marzo,19,2022,23,52,WISE RD,5,Calle Local - Pueblo,Urbano,Arteria Menor,Town or Township Highway Agency,0,Sin jurisdiccion especial,99998,42.00355278,-88.12639444,Poste,El primer evento no fue una colision con un vehiculo automotor en transporte,Not an Intersection,No fue interseccion,Sobre el lado de la calle,Ninguna,Oscuro - iluminacion desconocida,Despejado,No,NO APLICA,23,53,0,0,1,19/03/2022,3
17,Illinois,170225,0,0,2,0,31,COOK (31),0,NO APLICA,3,Marzo,25,2022,14,55,I-90,1,Interestatal,Urbano,Interestatal,State Highway Agency,1,Sin jurisdiccion especial,725,42.02488056,-87.95923333,Vehiculo en movimiento,Golpe Lateral - misma direccion,Not an Intersection,No fue interseccion,Sobre calle,Ninguna,Dia total,Despejado,No,NO APLICA,14,55,15,6,1,25/03/2022,2
17,Illinois,170226,0,0,2,0,201,WINNEBAGO (201),7460,ROCKFORD,3,Marzo,18,2022,13,55,SR-2,3,Highway estatal,Urbano,Arteria Principal,State Highway Agency,1,Sin jurisdiccion especial,99998,42.27905,-89.08737778,Vehiculo en movimiento,Angulo,Four-Way Intersection,Interseccion de 4 direcciones,Sobre calle,Ninguna,Dia total,lluvia,No,NO APLICA,13,56,14,1,1,18/03/2022,6
17,Illinois,170227,0,0,2,0,31,COOK (31),0,NO APLICA,4,Abril,1,2022,8,25,WEST GRAND AVE,6,Calle Local Municipalidad,Urbano,Colector Menor,City or Municipal Highway Agency,0,Sin jurisdiccion especial,0,41.93084722,-87.90353611,Vehiculo en movimiento,Angulo,Not an Intersection,No fue interseccion,Sobre calle,Ninguna,Oscuro con iluminacion,Despejado,No,NO APLICA,8,26,8,29,1,01/04/2022,3
17,Illinois,170228,0,0,3,0,97,LAKE (97),0,NO APLICA,3,Marzo,31,2022,14,2,I-94,1,Interestatal,Urbano,Interestatal,State Highway Agency,1,Sin jurisdiccion especial,240,42.17146111,-87.87390278,Vehiculo en movimiento,Frente a Detrás,Not an Intersection,No fue interseccion,Sobre calle,Ninguna,Dia total,Nublado,No,NO APLICA,14,6,14,14,1,31/03/2022,3
17,Illinois,170229,0,0,1,0,163,ST. CLAIR (163),0,NO APLICA,3,Marzo,27,2022,0,27,SR-161,3,Highway estatal,Rural,Arteria Menor,State Highway Agency,0,Sin jurisdiccion especial,198,38.52470278,-89.75315,Zanja,El primer evento no fue una colision con un vehiculo automotor en transporte,Not an Intersection,No fue interseccion,Sobre el lado de la calle,Ninguna,Oscuro - iluminacion desconocida,Despejado,No,NO APLICA,0,27,0,45,1,27/03/2022,1
17,Illinois,170230,1,1,1,0,31,COOK (31),8620,TINLEY PARK,3,Marzo,7,2022,18,34,SR-43,3,Highway estatal,Urbano,Arteria Principal,State Highway Agency,1,Sin jurisdiccion especial,99998,41.57733056,-87.79343056,Peaton,El primer evento no fue una colision con un vehiculo automotor en transporte,Not an Intersection,No fue interseccion,Sobre calle,Ninguna,Oscuro sin iluminacion,Despejado,No,NO APLICA,99,99,99,99,1,07/03/2022,2
17,Illinois,170231,1,1,1,0,31,COOK (31),1670,CHICAGO,3,Marzo,16,2022,19,37,WESTERN AVE,6,Calle Local Municipalidad,Urbano,Arteria Principal,City or Municipal Highway Agency,1,Sin jurisdiccion especial,99998,41.69468611,-87.68125556,Peaton,El primer evento no fue una colision con un vehiculo automotor en transporte,Not an Intersection,No fue interseccion,Sobre calle,Ninguna,Oscuro - iluminacion desconocida,Despejado,No,NO APLICA,19,33,19,49,1,16/03/2022,1
17,Illinois,170232,0,0,6,0,89,KANE (89),560,BATAVIA,3,Marzo,21,2022,13,32,CR-77,4,Calle del Condado,Urbano,Arteria Principal,Town or Township Highway Agency,1,Sin jurisdiccion especial,99998,41.83421111,-88.27938889,Vehiculo en movimiento,Golpe Lateral - misma direccion,Not an Intersection,No fue interseccion,Sobre calle,Ninguna,Dia total,Despejado,No,NO APLICA,13,36,13,38,2,21/03/2022,9
17,Illinois,170233,0,0,1,0,27,CLINTON (27),0,NO APLICA,3,Marzo,10,2022,12,0,CR-14,4,Calle del Condado,Rural,Arteria Menor,Town or Township Highway Agency,0,Sin jurisdiccion especial,99998,38.69865278,-89.55506944,Zanja,El primer evento no fue una colision con un vehiculo automotor en transporte,Four-Way Intersection,Interseccion de 4 direcciones,Sobre el lado de la calle,Ninguna,Dia total,Despejado,No,NO APLICA,12,3,12,25,1,10/03/2022,1
17,Illinois,170234,0,0,2,0,197,WILL (197),4910,LOCKPORT,3,Marzo,23,2022,19,42,CR-62,4,Calle del Condado,Urbano,Colector Mayor,Town or Township Highway Agency,0,Sin jurisdiccion especial,99998,41.57706667,-88.04478611,Vehiculo en movimiento,Angulo,Four-Way Intersection,Interseccion de 4 direcciones,Sobre calle,Ninguna,Oscuro con iluminacion,lluvia,No,NO APLICA,19,42,19,45,1,23/03/2022,2
17,Illinois,170235,1,1,1,0,179,TAZEWELL (179),6840,PEKIN,3,Marzo,31,2022,15,38,SR-29,3,Highway estatal,Urbano,Arteria Menor,State Highway Agency,0,Sin jurisdiccion especial,99998,40.5472,-89.66458056,Peaton,El primer evento no fue una colision con un vehiculo automotor en transporte,Not an Intersection,No fue interseccion,Sobre calle,Ninguna,Dia total,Despejado,No,NO APLICA,99,99,99,99,1,31/03/2022,1
17,Illinois,170236,0,0,2,0,197,WILL (197),6140,NEW LENOX,3,Marzo,24,2022,12,0,US-30,2,US Highway,Urbano,Arteria Principal,State Highway Agency,1,Sin jurisdiccion especial,99998,41.51613333,-87.97510278,Vehiculo en movimiento,Angulo,Four-Way Intersection,Interseccion de 4 direcciones,Sobre calle,Ninguna,Dia total,lluvia,No,NO APLICA,99,99,99,99,1,24/03/2022,2