Estado,Nombre de Estado,Numero de Caso,Peatones,Personas _no_vehiculos,Vehiculos automotores,Vehiculos estacionados,Condado,Nombre Condado,Ciudad,Nombre Ciudad,Mes,Nombre Mes,Dia,Año,Hora,Minuto,Calle,Ruta,Nombre Ruta,Rural o Urbanoo,Sistema Funcional,Dueño Calle,Sistema Nacional Carreteras,Jurisdiccion Especial,Milla,Latitud,Longitud,Causa del Accidente,Tipo de Accidente,Tipo Interseccion,Columna1,Lugar en la calle,Zona de Trabajo,Luz,Clima,Autobus Escolar,Cruce de Trenes,Hora Notificacion,Minuto Notificacion,Hora Llegada,Minuto Llegada,Decesos,Fecha,PersonaVehiculo
17,Illinois,170237,1,1,1,0,31,COOK (31),6240,NORRIDGE,3,Marzo,23,2022,19,34,LAWRENCE AVE,8,Otro,Urbano,Arteria Menor,State Highway Agency,0,Sin jurisdiccion especial,99998,41.96686389,-87.82346389,Peaton,El primer evento no fue una colision con un vehiculo automotor en transporte,Not an Intersection,No fue interseccion,Sobre calle,Ninguna,Oscuro con iluminacion,lluvia,No,NO APLICA,19,34,19,37,1,23/03/2022,1
17,Illinois,170238,0,0,2,0,31,COOK (31),7320,RIVERDALE,3,Marzo,20,2022,18,20,I-57,1,Interestatal,Urbano,Interestatal,State Highway Agency,1,Sin jurisdiccion especial,99998,41.64125278,-87.66116111,Barrera de Trafico de Concreto,El primer evento no fue una colision con un vehiculo automotor en transporte,Not an Intersection,No fue interseccion,En el medio,Ninguna,Dia total,Despejado,No,NO APLICA,18,26,18,40,1,20/03/2022,3
17,Illinois,170239,0,0,2,0,143,PEORIA (143),0,NO APLICA,4,Abril,1,2022,20,44,SR-8,3,Highway estatal,Urbano,Colector Mayor,State Highway Agency,0,Sin jurisdiccion especial,99998,40.73527778,-89.68487222,Vehiculo en movimiento,Frente a frente,Not an Intersection,No fue interseccion,Sobre calle,Ninguna,Oscuro - iluminacion desconocida,Despejado,No,NO APLICA,99,99,99,99,1,01/04/2022,3
17,Illinois,170240,0,0,1,0,31,COOK (31),1670,CHICAGO,4,Abril,3,2022,4,5,MARQUETTE RD,6,Calle Local Municipalidad,Urbano,Colector Mayor,City or Municipal Highway Agency,0,Sin jurisdiccion especial,99998,41.77241389,-87.64807222,Arbol,El primer evento no fue una colision con un vehiculo automotor en transporte,Not an Intersection,No fue interseccion,Sobre el lado de la calle,Ninguna,Oscuro con iluminacion,Despejado,No,NO APLICA,99,99,4,11,1,03/04/2022,1
17,Illinois,170241,0,0,1,0,201,WINNEBAGO (201),0,NO APLICA,4,Abril,1,2022,4,19,SPRINGFIELD AVE,5,Calle Local - Pueblo,Urbano,Arteria Menor,Town or Township Highway Agency,0,Sin jurisdiccion especial,99998,42.23724167,-89.11903333,Arbol,El primer evento no fue una colision con un vehiculo automotor en transporte,Not an Intersection,No fue interseccion,Sobre el lado de la calle,Ninguna,Oscuro - iluminacion desconocida,Otro,No,NO APLICA,99,99,99,99,1,01/04/2022,1
17,Illinois,170242,0,0,1,0,31,COOK (31),0,NO APLICA,4,Abril,2,2022,1,0,MIDLOTHIAN TURNPIKE,5,Calle Local - Pueblo,Urbano,Arteria Menor,Town or Township Highway Agency,0,Sin jurisdiccion especial,99998,41.63311944,-87.76393333,Volcadura,El primer evento no fue una colision con un vehiculo automotor en transporte,Not an Intersection,No fue interseccion,Sobre el lado de la calle,Ninguna,Oscuro - iluminacion desconocida,Despejado,No,NO APLICA,1,0,1,7,1,02/04/2022,3
17,Illinois,170243,1,1,1,0,31,COOK (31),1670,CHICAGO,3,Marzo,27,2022,22,35,KEDZIE AVE,6,Calle Local Municipalidad,Urbano,Arteria Menor,City or Municipal Highway Agency,0,Sin jurisdiccion especial,99998,41.83238889,-87.70465833,Peaton,El primer evento no fue una colision con un vehiculo automotor en transporte,Not an Intersection,No fue interseccion,Sobre calle,Ninguna,Oscuro con iluminacion,Despejado,No,NO APLICA,99,99,22,38,1,27/03/2022,1
17,Illinois,170244,0,0,2,0,97,LAKE (97),4650,LAKE ZURICH,3,Marzo,23,2022,8,31,US-12,2,US Highway,Urbano,Arteria Principal,State Highway Agency,1,Sin jurisdiccion especial,293,42.17566389,-88.074575,Vehiculo en movimiento,Angulo,Four-Way Intersection,Interseccion de 4 direcciones,Sobre calle,Ninguna,Dia total,lluvia,No,NO APLICA,8,31,8,37,1,23/03/2022,2
17,Illinois,170245,0,0,2,0,31,COOK (31),0,NO APLICA,3,Marzo,23,2022,15,15,SEELEY,6,Calle Local Municipalidad,Urbano,Local,City or Municipal Highway Agency,0,Sin jurisdiccion especial,142,41.62264444,-87.66688333,Vehiculo en movimiento,Angulo,Four-Way Intersection,Interseccion de 4 direcciones,Sobre calle,Ninguna,Dia total,lluvia,No,NO APLICA,15,24,15,27,1,23/03/2022,2
17,Illinois,170246,0,0,2,0,161,ROCK ISLAND (161),5670,MOLINE,3,Marzo,15,2022,12,0,AVENUE OF THE CITIES,6,Calle Local Municipalidad,Urbano,Arteria Menor,City or Municipal Highway Agency,0,Sin jurisdiccion especial,99998,41.48985278,-90.471525,Vehiculo en movimiento,Angulo,Four-Way Intersection,Interseccion de 4 direcciones,Sobre calle,Ninguna,Dia total,Despejado,No,NO APLICA,12,0,12,6,1,15/03/2022,2
17,Illinois,170247,0,0,1,0,87,JOHNSON (87),0,NO APLICA,4,Abril,16,2022,7,30,I-24,1,Interestatal,Rural,Interestatal,State Highway Agency,1,Sin jurisdiccion especial,165,37.41153889,-88.86839444,Poste de Señal de trafico,El primer evento no fue una colision con un vehiculo automotor en transporte,Not an Intersection,No fue interseccion,Fuera de la calle,Construccion,Dia total,Despejado,No,NO APLICA,7,44,8,0,1,16/04/2022,1
17,Illinois,170248,0,0,2,0,179,TAZEWELL (179),0,NO APLICA,3,Marzo,19,2022,16,51,CR-7,4,Calle del Condado,Rural,Colector Mayor,Town or Township Highway Agency,0,Sin jurisdiccion especial,99998,40.48120278,-89.49260833,Vehiculo en movimiento,Angulo,Four-Way Intersection,Interseccion de 4 direcciones,Sobre calle,Ninguna,Dia total,Despejado,No,NO APLICA,16,55,99,99,3,19/03/2022,7
17,Illinois,170249,0,0,3,0,111,MCHENRY (111),8224,SPRING GROVE,3,Marzo,18,2022,99,99,SR-173,3,Highway estatal,Urbano,Arteria Principal,State Highway Agency,1,Sin jurisdiccion especial,276,42.48078333,-88.21374167,Vehiculo en movimiento,Frente a Detrás,Not an Intersection,No fue interseccion,Sobre calle,Ninguna,Oscuro - iluminacion desconocida,lluvia,No,NO APLICA,20,0,20,6,1,18/03/2022,3
17,Illinois,170250,0,0,1,0,97,LAKE (97),8933,WADSWORTH,4,Abril,3,2022,3,0,CR-17,4,Calle del Condado,Urbano,Arteria Menor,Town or Township Highway Agency,0,Sin jurisdiccion especial,99998,42.42902222,-87.94555833,Arbol,El primer evento no fue una colision con un vehiculo automotor en transporte,Not an Intersection,No fue interseccion,Sobre el lado de la calle,Ninguna,Oscuro con iluminacion,Aguanieve,No,NO APLICA,3,6,3,18,1,03/04/2022,1
17,Illinois,170251,0,0,1,0,49,EFFINGHAM (49),0,NO APLICA,4,Abril,18,2022,13,47,300 NORTH AVE,5,Calle Local - Pueblo,Rural,Colector Menor,Town or Township Highway Agency,0,Sin jurisdiccion especial,0,38.95892222,-88.69206667,Zanja,El primer evento no fue una colision con un vehiculo automotor en transporte,Four-Way Intersection,Interseccion de 4 direcciones,Sobre el lado de la calle,Ninguna,Dia total,Despejado,No,NO APLICA,13,52,14,4,1,18/04/2022,1
17,Illinois,170252,0,0,2,0,121,MARION (121),0,NO APLICA,4,Abril,3,2022,17,2,US-51,2,US Highway,Rural,Arteria Principal,State Highway Agency,1,Sin jurisdiccion especial,88,38.69804167,-89.095625,Vehiculo en movimiento,Frente a frente,Not an Intersection,No fue interseccion,Sobre calle,Ninguna,Dia total,Despejado,No,NO APLICA,17,5,17,10,1,03/04/2022,4
17,Illinois,170253,0,0,2,0,181,UNION (181),0,NO APLICA,4,Abril,21,2022,4,15,IL ROUTE 3,8,Otro,Rural,Arteria Principal,State Highway Agency,0,Sin jurisdiccion especial,0,37.3814,-89.38897778,Vehiculo en movimiento,Frente a frente,Not an Intersection,No fue interseccion,Sobre calle,Ninguna,Oscuro sin iluminacion,Despejado,No,NO APLICA,4,19,4,30,3,21/04/2022,6
17,Illinois,170254,1,1,1,0,97,LAKE (97),6290,NORTH CHICAGO,4,Abril,3,2022,22,37,US-41,2,US Highway,Urbano,Arteria Principal,State Highway Agency,1,Sin jurisdiccion especial,496,42.30783333,-87.87649444,Peaton,El primer evento no fue una colision con un vehiculo automotor en transporte,Not an Intersection,No fue interseccion,Sobre calle,Ninguna,Oscuro - iluminacion desconocida,lluvia,No,NO APLICA,22,37,22,42,1,03/04/2022,4
17,Illinois,170255,0,0,1,0,31,COOK (31),1670,CHICAGO,4,Abril,6,2022,4,39,BLUE ISLAND AVE,6,Calle Local Municipalidad,Urbano,Local,City or Municipal Highway Agency,0,Sin jurisdiccion especial,99998,41.86710278,-87.65329444,Banqueta,El primer evento no fue una colision con un vehiculo automotor en transporte,T-Intersection,Interseccion de T,Sobre el lado de la calle,Ninguna,Oscuro con iluminacion,lluvia,No,NO APLICA,4,39,4,45,1,06/04/2022,1
17,Illinois,170256,0,0,2,0,119,MADISON (119),160,ALTON,4,Abril,2,2022,11,19,BROADWAY,8,Otro,Urbano,Arteria Menor,State Highway Agency,0,Sin jurisdiccion especial,99998,38.88774167,-90.14885,Vehiculo en movimiento,Angulo,Four-Way Intersection,Interseccion de 4 direcciones,Sobre calle,Ninguna,Dia total,Despejado,No,NO APLICA,11,21,11,24,1,02/04/2022,2
17,Illinois,170257,0,0,3,0,31,COOK (31),1670,CHICAGO,3,Marzo,27,2022,22,15,MONTROSE AVE,8,Otro,Urbano,Colector Mayor,State Highway Agency,0,Sin jurisdiccion especial,38,41.96088889,-87.73452222,Vehiculo en movimiento,Angulo,Four-Way Intersection,Interseccion de 4 direcciones,Sobre calle,Ninguna,Oscuro con iluminacion,Despejado,No,NO APLICA,99,99,99,99,1,27/03/2022,4
17,Illinois,170258,0,0,2,0,141,OGLE (141),0,NO APLICA,2,Febrero,8,2022,15,13,N KENNEDY HILL,8,Otro,Rural,Colector Mayor,County Highway Agency,0,Sin jurisdiccion especial,99998,42.16505833,-89.24034444,Vehiculo en movimiento,Frente a frente,Not an Intersection,No fue interseccion,Sobre calle,Ninguna,Dia total,Despejado,No,NO APLICA,15,15,15,20,1,08/02/2022,2
17,Illinois,170259,0,0,3,0,195,WHITESIDE (195),0,NO APLICA,3,Marzo,29,2022,16,0,US-30,2,US Highway,Urbano,Arteria Menor,State Highway Agency,0,Sin jurisdiccion especial,34,41.759375,-89.67116389,Vehiculo en movimiento,Frente a frente,Not an Intersection,No fue interseccion,Sobre calle,Ninguna,Dia total,Despejado,No,NO APLICA,16,0,16,12,2,29/03/2022,4
17,Illinois,170260,1,1,3,0,31,COOK (31),5450,MELROSE PARK,4,Abril,1,2022,5,47,US-12,2,US Highway,Urbano,Arteria Principal,State Highway Agency,1,Sin jurisdiccion especial,527,41.91047778,-87.88386944,Peaton,El primer evento no fue una colision con un vehiculo automotor en transporte,Four-Way Intersection,Interseccion de 4 direcciones,Sobre calle,Ninguna,Amanecer,Despejado,No,NO APLICA,5,47,5,50,1,01/04/2022,3
17,Illinois,170261,0,0,3,0,195,WHITESIDE (195),0,NO APLICA,4,Abril,4,2022,10,5,SR-40,3,Highway estatal,Rural,Arteria Menor,State Highway Agency,0,Sin jurisdiccion especial,196,41.68223056,-89.69003889,Vehiculo en movimiento,Golpe Lateral - direccion contraria,Not an Intersection,No fue interseccion,Sobre calle,Ninguna,Dia total,Nublado,No,NO APLICA,10,10,10,18,1,04/04/2022,6
17,Illinois,170262,0,0,2,0,97,LAKE (97),9650,ZION,4,Abril,4,2022,3,49,CR-47,4,Calle del Condado,Urbano,Arteria Menor,City or Municipal Highway Agency,0,Sin jurisdiccion especial,99998,42.47900278,-87.8699,Vehiculo en movimiento,Golpe Lateral - direccion contraria,Not an Intersection,No fue interseccion,Sobre calle,Ninguna,Oscuro - iluminacion desconocida,lluvia,No,NO APLICA,3,49,3,58,1,04/04/2022,6
17,Illinois,170263,0,0,1,0,197,WILL (197),0,NO APLICA,4,Abril,4,2022,13,36,MURPHY RD,5,Calle Local - Pueblo,Urbano,Local,Town or Township Highway Agency,0,Sin jurisdiccion especial,99998,41.32513611,-88.23732222,Vehiculo Ferrocarril,El primer evento no fue una colision con un vehiculo automotor en transporte,Not an Intersection,No fue interseccion,Sobre calle,Ninguna,Dia total,Despejado,No,004400G,99,99,99,99,1,04/04/2022,1
17,Illinois,170265,0,0,2,0,31,COOK (31),3996,HOFFMAN ESTATES,4,Abril,18,2022,14,43,GOLF RD,6,Calle Local Municipalidad,Rural,Arteria Principal,City or Municipal Highway Agency,0,Sin jurisdiccion especial,0,42.04553056,-88.19398611,Vehiculo en movimiento,Angulo,Four-Way Intersection,Interseccion de 4 direcciones,Sobre calle,Construccion,Dia total,Despejado,No,NO APLICA,2,45,2,51,1,18/04/2022,4
17,Illinois,170266,2,2,1,0,179,TAZEWELL (179),2600,EAST PEORIA,4,Abril,10,2022,22,15,SR-116,3,Highway estatal,Urbano,Local,City or Municipal Highway Agency,0,Sin jurisdiccion especial,99998,40.70294167,-89.53616389,Peaton,El primer evento no fue una colision con un vehiculo automotor en transporte,Not an Intersection,No fue interseccion,Sobre calle,Ninguna,Oscuro - iluminacion desconocida,Nublado,No,NO APLICA,99,99,99,99,2,10/04/2022,1
17,Illinois,170267,0,0,1,0,157,RANDOLPH (157),0,NO APLICA,4,Abril,21,2022,6,4,SR-3,3,Highway estatal,Rural,Arteria Principal,State Highway Agency,0,Sin jurisdiccion especial,0,38.06131944,-89.93508611,Otro objeto (no fijo),El primer evento no fue una colision con un vehiculo automotor en transporte,Not an Intersection,No fue interseccion,Fuera de la calle,Ninguna,Oscuro - iluminacion desconocida,Reportado como desconocido,No,NO APLICA,6,33,6,49,1,21/04/2022,1
17,Illinois,170268,0,0,1,0,99,LASALLE (99),0,NO APLICA,4,Abril,1,2022,16,23,4201 ST,5,Calle Local - Pueblo,Rural,Local,Town or Township Highway Agency,0,Sin jurisdiccion especial,99998,41.53935556,-88.65385833,Fin de valla,El primer evento no fue una colision con un vehiculo automotor en transporte,Not an Intersection,No fue interseccion,Sobre el lado de la calle,Ninguna,Dia total,Despejado,No,NO APLICA,16,22,16,33,1,01/04/2022,1
17,Illinois,170269,0,0,2,0,163,ST. CLAIR (163),0,NO APLICA,4,Abril,5,2022,14,53,I-64,1,Interestatal,Urbano,Interestatal,State Highway Agency,1,Sin jurisdiccion especial,99998,38.62156111,-90.11966667,Barrera de Trafico de Concreto,El primer evento no fue una colision con un vehiculo automotor en transporte,Not an Intersection,No fue interseccion,Sobre el lado de la calle,Construccion,Dia total,Nublado,No,NO APLICA,14,56,15,14,1,05/04/2022,3
17,Illinois,170270,0,0,1,0,143,PEORIA (143),6850,PEORIA,4,Abril,23,2022,1,44,SR-8,3,Highway estatal,Urbano,Arteria Menor,State Highway Agency,0,Sin jurisdiccion especial,99998,40.69813889,-89.62287222,Banqueta,El primer evento no fue una colision con un vehiculo automotor en transporte,Not an Intersection,No fue interseccion,Sobre el lado de la calle,Ninguna,Oscuro con iluminacion,Despejado,No,NO APLICA,99,99,99,99,1,23/04/2022,3
17,Illinois,170271,0,0,2,0,31,COOK (31),1670,CHICAGO,4,Abril,26,2022,14,18,S PULASKI RD,6,Calle Local Municipalidad,Urbano,Arteria Principal,State Highway Agency,0,Sin jurisdiccion especial,0,41.78438611,-87.72283333,Volcadura,El primer evento no fue una colision con un vehiculo automotor en transporte,Not an Intersection,No fue interseccion,Sobre calle,Ninguna,Dia total,Despejado,No,NO APLICA,99,99,99,99,1,26/04/2022,2
17,Illinois,170272,0,0,2,0,31,COOK (31),1670,CHICAGO,4,Abril,23,2022,19,55,IRVING PARK ROAD,6,Calle Local Municipalidad,Urbano,Colector Mayor,City or Municipal Highway Agency,0,Sin jurisdiccion especial,0,41.95327778,-87.75960278,Vehiculo en movimiento,Angulo,Four-Way Intersection,Interseccion de 4 direcciones,Sobre calle,Ninguna,Atardecer,Despejado,No,NO APLICA,99,99,99,99,1,23/04/2022,2
17,Illinois,170273,0,0,2,0,115,MACON (115),2250,DECATUR,4,Abril,22,2022,5,0,ELDORADO ST,6,Calle Local Municipalidad,Urbano,Colector Mayor,State Highway Agency,0,Sin jurisdiccion especial,0,39.84692222,-88.91860833,Vehiculo en movimiento,Angulo,Not an Intersection,No fue interseccion,Sobre calle,Ninguna,Oscuro con iluminacion,Despejado,No,NO APLICA,5,0,99,99,1,22/04/2022,2
17,Illinois,170274,0,0,1,0,75,IROQUOIS (75),0,NO APLICA,4,Abril,7,2022,22,42,CR-10,4,Calle del Condado,Rural,Colector Mayor,Town or Township Highway Agency,0,Sin jurisdiccion especial,99998,40.51770556,-88.07852222,Zanja,El primer evento no fue una colision con un vehiculo automotor en transporte,Not an Intersection,No fue interseccion,Sobre el lado de la calle,Ninguna,Oscuro - iluminacion desconocida,lluvia,No,NO APLICA,22,27,22,36,1,07/04/2022,2
17,Illinois,170275,0,0,2,0,119,MADISON (119),0,NO APLICA,4,Abril,9,2022,4,7,I-55,1,Interestatal,Urbano,Interestatal,State Highway Agency,1,Sin jurisdiccion especial,99998,38.97087778,-89.75009444,Vehiculo en movimiento,Frente a frente,Not an Intersection,No fue interseccion,Sobre calle,Ninguna,Oscuro - iluminacion desconocida,Despejado,No,NO APLICA,4,8,4,20,2,09/04/2022,3
17,Illinois,170276,0,0,1,0,31,COOK (31),5380,MATTESON,4,Abril,11,2022,23,48,US-30,2,US Highway,Urbano,Arteria Principal,State Highway Agency,1,Sin jurisdiccion especial,99998,41.50610833,-87.72336944,Poste,El primer evento no fue una colision con un vehiculo automotor en transporte,Not an Intersection,No fue interseccion,Sobre el lado de la calle,Ninguna,Oscuro con iluminacion,Despejado,No,NO APLICA,23,48,23,52,1,11/04/2022,1
17,Illinois,170277,1,1,1,0,31,COOK (31),7813,SCHAUMBURG,2,Febrero,25,2022,23,4,S ROSELLE RD,6,Calle Local Municipalidad,Urbano,Arteria Principal,County Highway Agency,1,Sin jurisdiccion especial,104,42.01366111,-88.08008889,Peaton,El primer evento no fue una colision con un vehiculo automotor en transporte,Not an Intersection,No fue interseccion,Sobre calle,Ninguna,Oscuro con iluminacion,Despejado,No,NO APLICA,23,9,23,17,1,25/02/2022,1
17,Illinois,170278,1,1,1,0,23,CLARK (23),0,NO APLICA,4,Abril,12,2022,20,17,CR-6,4,Calle del Condado,Rural,Colector Mayor,Town or Township Highway Agency,0,Sin jurisdiccion especial,99998,39.35053889,-87.83494167,Peaton,El primer evento no fue una colision con un vehiculo automotor en transporte,Not an Intersection,No fue interseccion,Sobre calle,Ninguna,Oscuro - iluminacion desconocida,Despejado,No,NO APLICA,20,20,20,28,1,12/04/2022,2
17,Illinois,170279,0,0,1,0,31,COOK (31),1670,CHICAGO,4,Abril,14,2022,0,40,106TH ST,8,Otro,Urbano,Arteria Menor,State Highway Agency,0,Sin jurisdiccion especial,99998,41.70274444,-87.54670278,Valla Ferrocarril,El primer evento no fue una colision con un vehiculo automotor en transporte,Not an Intersection,No fue interseccion,Sobre el lado de la calle,Ninguna,Oscuro con iluminacion,Despejado,No,NO APLICA,0,40,0,44,1,14/04/2022,1
17,Illinois,170280,1,1,1,0,31,COOK (31),1670,CHICAGO,4,Abril,17,2022,14,54,HAZEL ST,6,Calle Local Municipalidad,Urbano,Local,City or Municipal Highway Agency,0,Sin jurisdiccion especial,99998,41.96361389,-87.65236389,Peaton,El primer evento no fue una colision con un vehiculo automotor en transporte,Four-Way Intersection,Interseccion de 4 direcciones,Sobre calle,Ninguna,Dia total,Despejado,No,NO APLICA,99,99,15,0,1,17/04/2022,6
17,Illinois,170281,0,0,1,0,31,COOK (31),5044,LYNWOOD,4,Abril,27,2022,14,57,SR-394,3,Highway estatal,Rural,Arterial Principal -Freeway o ExpressWay,State Highway Agency,1,Sin jurisdiccion especial,0,41.5189,-87.57904722,Arbol,El primer evento no fue una colision con un vehiculo automotor en transporte,Not an Intersection,No fue interseccion,Sobre el lado de la calle,Ninguna,Dia total,Despejado,No,NO APLICA,14,57,15,6,1,27/04/2022,4
17,Illinois,170282,0,0,1,0,89,KANE (89),460,AURORA,4,Abril,18,2022,16,14,WALCOTT RD,6,Calle Local Municipalidad,Urbano,Local,City or Municipal Highway Agency,0,Sin jurisdiccion especial,99998,41.7319,-88.26555278,Banqueta,El primer evento no fue una colision con un vehiculo automotor en transporte,Not an Intersection,No fue interseccion,Sobre el lado de la calle,Ninguna,Dia total,Despejado,No,NO APLICA,4,20,4,24,1,18/04/2022,1
17,Illinois,170283,0,0,1,0,61,GREENE (61),0,NO APLICA,4,Abril,11,2022,11,20,SR-267,3,Highway estatal,Rural,Arteria Menor,State Highway Agency,0,Sin jurisdiccion especial,168,39.27910278,-90.20454444,Acotamiento,El primer evento no fue una colision con un vehiculo automotor en transporte,Not an Intersection,No fue interseccion,Sobre el lado de la calle,Ninguna,Dia total,Despejado,No,NO APLICA,11,22,11,32,1,11/04/2022,1
17,Illinois,170284,0,0,3,0,167,SANGAMON (167),0,NO APLICA,4,Abril,15,2022,22,8,PALM RD,8,Otro,Urbano,Colector Mayor,State Highway Agency,0,Sin jurisdiccion especial,99998,39.65980278,-89.64794444,Vehiculo en movimiento,Frente a Detrás,Not an Intersection,No fue interseccion,Sobre calle,Ninguna,Oscuro - iluminacion desconocida,Despejado,No,NO APLICA,22,10,22,18,1,15/04/2022,6
17,Illinois,170285,1,1,1,0,31,COOK (31),1670,CHICAGO,4,Abril,29,2022,22,42,I-94 STONEY ISLAND EXT RAMP,1,Interestatal,Urbano,Arteria Principal,State Highway Agency,1,Sin jurisdiccion especial,528,41.70545556,-87.58846667,Peaton,El primer evento no fue una colision con un vehiculo automotor en transporte,Not an Intersection,No fue interseccion,Sobre calle,Ninguna,Dia total,lluvia,No,NO APLICA,22,42,23,9,1,29/04/2022,1
17,Illinois,170286,0,0,1,0,89,KANE (89),0,NO APLICA,4,Abril,16,2022,6,0,CR-22,4,Calle del Condado,Urbano,Arteria Menor,Town or Township Highway Agency,0,Sin jurisdiccion especial,99998,42.0487,-88.43239444,Acotamiento,El primer evento no fue una colision con un vehiculo automotor en transporte,Not an Intersection,No fue interseccion,Sobre el lado de la calle,Ninguna,Amanecer,Despejado,No,NO APLICA,5,57,6,3,1,16/04/2022,1
17,Illinois,170287,1,1,1,0,115,MACON (115),2250,DECATUR,3,Marzo,27,2022,20,47,SR-105,3,Highway estatal,Urbano,Arteria Principal,State Highway Agency,1,Sin jurisdiccion especial,6,39.82380278,-88.97000278,Peaton,El primer evento no fue una colision con un vehiculo automotor en transporte,Not an Intersection,No fue interseccion,Sobre calle,Ninguna,Oscuro - iluminacion desconocida,Despejado,No,NO APLICA,20,37,20,39,1,27/03/2022,1
17,Illinois,170288,0,0,2,0,197,WILL (197),4910,LOCKPORT,4,Abril,17,2022,15,33,SR-171,3,Highway estatal,Urbano,Arteria Principal,State Highway Agency,1,Sin jurisdiccion especial,32,41.60824722,-88.045575,Vehiculo en movimiento,Angulo,T-Intersection,Interseccion de T,Sobre calle,Ninguna,Dia total,Despejado,No,NO APLICA,15,33,15,37,1,17/04/2022,6
17,Illinois,170289,0,0,2,0,195,WHITESIDE (195),8280,STERLING,4,Abril,21,2022,11,7,SR-2,3,Highway estatal,Urbano,Arteria Principal,State Highway Agency,1,Sin jurisdiccion especial,47,41.80906389,-89.65795556,Vehiculo en movimiento,Angulo,Four-Way Intersection,Interseccion de 4 direcciones,Sobre calle,Ninguna,Dia total,Despejado,No,NO APLICA,11,7,11,17,1,21/04/2022,2
17,Illinois,170290,0,0,1,0,31,COOK (31),850,BLUE ISLAND,4,Abril,21,2022,20,50,I-57,1,Interestatal,Urbano,Interestatal,State Highway Agency,1,Sin jurisdiccion especial,3538,41.6705,-87.66243611,Valla Ferrocarril,El primer evento no fue una colision con un vehiculo automotor en transporte,Not an Intersection,No fue interseccion,Sobre el lado de la calle,Ninguna,Oscuro - iluminacion desconocida,Despejado,No,NO APLICA,20,59,21,0,1,21/04/2022,1
17,Illinois,170291,0,0,1,0,31,COOK (31),8590,THORNTON,4,Abril,23,2022,15,23,MARGARET ST,8,Otro,Urbano,Arteria Menor,State Highway Agency,0,Sin jurisdiccion especial,99998,41.5684,-87.60928056,Poste,El primer evento no fue una colision con un vehiculo automotor en transporte,Not an Intersection,No fue interseccion,Sobre el lado de la calle,Ninguna,Dia total,Despejado,No,NO APLICA,15,24,15,26,1,23/04/2022,1
17,Illinois,170292,0,0,2,0,37,DEKALB (37),0,NO APLICA,4,Abril,19,2022,17,4,MALTA RD,5,Calle Local - Pueblo,Rural,Colector Menor,Town or Township Highway Agency,0,Sin jurisdiccion especial,99998,41.92147222,-88.84782222,Vehiculo en movimiento,Frente a frente,T-Intersection,Interseccion de T,Sobre calle,Ninguna,Dia total,Despejado,No,NO APLICA,99,99,99,99,1,19/04/2022,2
17,Illinois,170293,0,0,1,0,31,COOK (31),1670,CHICAGO,4,Abril,8,2022,4,52,63 ROAD STREET,6,Calle Local Municipalidad,Urbano,Arteria Menor,City or Municipal Highway Agency,0,Sin jurisdiccion especial,0,41.77888889,-87.71287222,Soporte de Puente,El primer evento no fue una colision con un vehiculo automotor en transporte,Not an Intersection,No fue interseccion,En el medio,Ninguna,Oscuro con iluminacion,Despejado,No,NO APLICA,4,52,4,54,1,08/04/2022,1
17,Illinois,170294,0,0,2,0,31,COOK (31),0,NO APLICA,4,Abril,12,2022,13,0,CALSAG ROAD,5,Calle Local - Pueblo,Rural,Arteria Menor,Town or Township Highway Agency,0,Sin jurisdiccion especial,0,41.68206111,-87.83128333,Vehiculo en movimiento,Frente a frente,Not an Intersection,No fue interseccion,Sobre calle,Ninguna,Dia total,Despejado,No,NO APLICA,13,10,99,99,1,12/04/2022,2
17,Illinois,170295,0,0,2,0,19,CHAMPAIGN (19),0,NO APLICA,4,Abril,21,2022,20,28,SR-47,3,Highway estatal,Rural,Arteria Principal,State Highway Agency,1,Sin jurisdiccion especial,99998,40.31438333,-88.38482222,Vehiculo en movimiento,Frente a frente,Not an Intersection,No fue interseccion,Sobre calle,Ninguna,Oscuro - iluminacion desconocida,Despejado,No,NO APLICA,20,28,20,40,2,21/04/2022,2
17,Illinois,170296,0,0,1,0,119,MADISON (119),3450,GODFREY,4,Abril,21,2022,20,44,SEILER RD,5,Calle Local - Pueblo,Urbano,Colector Mayor,Town or Township Highway Agency,0,Sin jurisdiccion especial,99998,38.96627222,-90.18082222,Banqueta,El primer evento no fue una colision con un vehiculo automotor en transporte,Four-Way Intersection,Interseccion de 4 direcciones,Sobre el lado de la calle,Ninguna,Oscuro con iluminacion,lluvia,No,NO APLICA,20,44,20,50,1,21/04/2022,1
17,Illinois,170297,1,1,2,0,31,COOK (31),1670,CHICAGO,4,Abril,24,2022,1,18,I-57,1,Interestatal,Urbano,Interestatal,State Highway Agency,1,Sin jurisdiccion especial,99998,41.71436389,-87.64891111,Peaton,El primer evento no fue una colision con un vehiculo automotor en transporte,Not an Intersection,No fue interseccion,Sobre calle,Ninguna,Oscuro con iluminacion,Despejado,No,NO APLICA,1,20,1,26,1,24/04/2022,3
17,Illinois,170298,1,1,2,1,31,COOK (31),1670,CHICAGO,1,Enero,15,2022,14,40,836 W OHARE,8,Otro,Trafficway Not in State Inventory,Via no en inventario estatal,Trafficway Not in State Inventory,0,Sin jurisdiccion especial,0,41.99233333,-87.89116944,Peaton,El primer evento no fue una colision con un vehiculo automotor en transporte,Not an Intersection,No fue interseccion,Sobre calle,Ninguna,Dia total,Despejado,No,NO APLICA,14,45,14,50,1,15/01/2022,1