Estado,Nombre de Estado,Numero de Caso,Peatones,Personas _no_vehiculos,Vehiculos automotores,Vehiculos estacionados,Condado,Nombre Condado,Ciudad,Nombre Ciudad,Mes,Nombre Mes,Dia,Año,Hora,Minuto,Calle,Ruta,Nombre Ruta,Rural o Urbanoo,Sistema Funcional,Dueño Calle,Sistema Nacional Carreteras,Jurisdiccion Especial,Milla,Latitud,Longitud,Causa del Accidente,Tipo de Accidente,Tipo Interseccion,Columna1,Lugar en la calle,Zona de Trabajo,Luz,Clima,Autobus Escolar,Cruce de Trenes,Hora Notificacion,Minuto Notificacion,Hora Llegada,Minuto Llegada,Decesos,Fecha,PersonaVehiculo
17,Illinois,170299,0,0,1,0,77,JACKSON (77),0,NO APLICA,1,Enero,19,2022,21,31,OLD HIGHWAY 13,8,Otro,Rural,Colector Mayor,Town or Township Highway Agency,0,Sin jurisdiccion especial,99998,37.73146111,-89.27833056,Poste,El primer evento no fue una colision con un vehiculo automotor en transporte,Not an Intersection,No fue interseccion,Sobre el lado de la calle,Ninguna,Oscuro - iluminacion desconocida,Despejado,No,NO APLICA,21,36,21,40,1,19/01/2022,1
17,Illinois,170300,1,1,1,0,19,CHAMPAIGN (19),8770,URBANA,1,Enero,20,2022,13,1,N VINE ST,6,Calle Local Municipalidad,Urbano,Arteria Menor,City or Municipal Highway Agency,0,Sin jurisdiccion especial,2,40.11355278,-88.20500833,No vehiculo o remolque,El primer evento no fue una colision con un vehiculo automotor en transporte,Four-Way Intersection,Interseccion de 4 direcciones,Sobre calle,Ninguna,Dia total,Despejado,No,NO APLICA,99,99,99,99,1,20/01/2022,1
17,Illinois,170301,0,0,1,0,79,JASPER (79),3923,HIDALGO,3,Marzo,6,2022,13,6,SR-130,3,Highway estatal,Rural,Local,State Highway Agency,0,Sin jurisdiccion especial,0,39.10756111,-88.14213056,Acotamiento,El primer evento no fue una colision con un vehiculo automotor en transporte,Not an Intersection,No fue interseccion,Sobre el lado de la calle,Ninguna,Dia total,Despejado,No,NO APLICA,13,9,13,16,1,06/03/2022,1
17,Illinois,170302,1,1,1,0,31,COOK (31),1670,CHICAGO,4,Abril,16,2022,22,10,W MADISON ST,6,Calle Local Municipalidad,Urbano,Local,City or Municipal Highway Agency,0,Sin jurisdiccion especial,0,41.88170278,-87.649875,Ciclista,El primer evento no fue una colision con un vehiculo automotor en transporte,Not an Intersection,No fue interseccion,Sobre calle,Ninguna,Oscuro con iluminacion,Despejado,No,NO APLICA,10,10,10,23,1,16/04/2022,1
17,Illinois,170303,0,0,2,0,105,LIVINGSTON (105),0,NO APLICA,2,Febrero,10,2022,10,9,IL-116,8,Otro,Rural,Colector Menor,State Highway Agency,0,Sin jurisdiccion especial,124,40.89105,-88.41409167,Vehiculo en movimiento,Angulo,Four-Way Intersection,Interseccion de 4 direcciones,Sobre calle,Ninguna,Dia total,Despejado,No,NO APLICA,10,9,10,25,1,10/02/2022,2
17,Illinois,170304,0,0,2,0,97,LAKE (97),4820,LIBERTYVILLE,3,Marzo,1,2022,14,47,SR-120,3,Highway estatal,Urbano,Colector Mayor,State Highway Agency,0,Sin jurisdiccion especial,0,42.34441944,-87.93353889,Vehiculo en movimiento,Angulo,T-Intersection,Interseccion de T,Sobre calle,Ninguna,Dia total,Despejado,No,NO APLICA,14,49,14,54,1,01/03/2022,2
17,Illinois,170305,0,0,2,0,31,COOK (31),7350,RIVERSIDE,4,Abril,30,2022,19,59,SR-171,3,Highway estatal,Urbano,Arteria Principal,State Highway Agency,1,Sin jurisdiccion especial,0,41.82210556,-87.82980556,Vehiculo en movimiento,Angulo,Not an Intersection,No fue interseccion,Sobre calle,Ninguna,Oscuro sin iluminacion,Despejado,No,NO APLICA,99,99,99,99,1,30/04/2022,5
17,Illinois,170306,0,0,1,0,31,COOK (31),1670,CHICAGO,4,Abril,24,2022,15,36,I-94 TO 55TH ST RAMP,1,Interestatal,Urbano,Interestatal,State Highway Agency,1,Sin jurisdiccion especial,322,41.79857222,-87.6318,Alguien se cayo/avento del vehiculo,El primer evento no fue una colision con un vehiculo automotor en transporte,Not an Intersection,No fue interseccion,Sobre calle,Ninguna,Dia total,lluvia,No,NO APLICA,15,39,15,46,1,24/04/2022,2
17,Illinois,170307,0,0,2,0,105,LIVINGSTON (105),0,NO APLICA,4,Abril,26,2022,13,1,3600E,5,Calle Local - Pueblo,Rural,Local,County Highway Agency,0,Sin jurisdiccion especial,0,41.023575,-88.2483,Vehiculo en movimiento,Angulo,Four-Way Intersection,Interseccion de 4 direcciones,Sobre calle,Ninguna,Dia total,Despejado,No,NO APLICA,13,1,13,20,1,26/04/2022,2
17,Illinois,170308,1,1,1,0,91,KANKAKEE (91),0,NO APLICA,4,Abril,28,2022,15,38,E METCALF AVE,5,Calle Local - Pueblo,Rural,Local,Town or Township Highway Agency,0,Sin jurisdiccion especial,0,41.16949722,-87.63651667,Ciclista,El primer evento no fue una colision con un vehiculo automotor en transporte,Not an Intersection,No fue interseccion,Sobre calle,Ninguna,Dia total,Despejado,No,NO APLICA,99,99,99,99,1,28/04/2022,1
17,Illinois,170309,0,0,1,0,117,MACOUPIN (117),0,NO APLICA,4,Abril,29,2022,14,21,SR-138,3,Highway estatal,Rural,Colector Mayor,State Highway Agency,0,Sin jurisdiccion especial,0,39.08108333,-89.8299,Zanja,El primer evento no fue una colision con un vehiculo automotor en transporte,Not an Intersection,No fue interseccion,Sobre el lado de la calle,Ninguna,Dia total,lluvia,No,NO APLICA,99,99,99,99,1,29/04/2022,1
17,Illinois,170310,0,0,2,0,81,JEFFERSON (81),5900,MOUNT VERNON,4,Abril,29,2022,12,11,SR-15 BROADWAY ST,3,Highway estatal,Urbano,Arteria Principal,State Highway Agency,1,Sin jurisdiccion especial,0,38.31672222,-88.906025,Vehiculo en movimiento,Angulo,Four-Way Intersection,Interseccion de 4 direcciones,Sobre calle,Ninguna,Dia total,Despejado,No,NO APLICA,12,12,12,15,1,29/04/2022,5
17,Illinois,170311,1,1,1,0,31,COOK (31),0,NO APLICA,5,Mayo,1,2022,22,2,US-45 MANNHEIM RD,2,US Highway,Urbano,Arteria Principal,State Highway Agency,1,Sin jurisdiccion especial,0,41.92270278,-87.88435,Peaton,El primer evento no fue una colision con un vehiculo automotor en transporte,Not an Intersection,No fue interseccion,Sobre calle,Ninguna,Oscuro sin iluminacion,Despejado,No,NO APLICA,22,0,22,3,1,01/05/2022,1
17,Illinois,170312,0,0,2,0,179,TAZEWELL (179),0,NO APLICA,5,Mayo,2,2022,13,55,SR-26 SPRING BAY RD,3,Highway estatal,Urbano,Colector Mayor,State Highway Agency,0,Sin jurisdiccion especial,0,40.73248611,-89.52176111,Vehiculo en movimiento,Frente a Detrás,T-Intersection,Interseccion de T,Sobre calle,Ninguna,Dia total,Otro,No,NO APLICA,99,99,99,99,1,02/05/2022,2
17,Illinois,170313,0,0,2,0,31,COOK (31),7502,ROSEMONT,5,Mayo,2,2022,15,15,US-45 MANNHEIM,2,US Highway,Urbano,Arteria Principal,State Highway Agency,1,Sin jurisdiccion especial,0,42.00961944,-87.88584444,Vehiculo en movimiento,Angulo,Four-Way Intersection,Interseccion de 4 direcciones,Sobre calle,Ninguna,Dia total,Otro,No,NO APLICA,15,15,15,19,1,02/05/2022,2
17,Illinois,170314,0,0,3,0,143,PEORIA (143),6850,PEORIA,4,Abril,24,2022,19,54,SR-40,3,Highway estatal,Urbano,Arteria Menor,State Highway Agency,0,Sin jurisdiccion especial,114,40.82775833,-89.61493611,Vehiculo en movimiento,Angulo,Four-Way Intersection,Interseccion de 4 direcciones,Sobre calle,Ninguna,Oscuro con iluminacion,Despejado,No,NO APLICA,19,54,19,58,1,24/04/2022,3
17,Illinois,170315,0,0,1,0,31,COOK (31),1670,CHICAGO,4,Abril,19,2022,19,50,I-55,1,Interestatal,Urbano,Interestatal,State Highway Agency,1,Sin jurisdiccion especial,2918,41.84446944,-87.65386111,Barrera de Trafico de Concreto,El primer evento no fue una colision con un vehiculo automotor en transporte,Not an Intersection,No fue interseccion,Sobre el lado de la calle,Ninguna,Oscuro con iluminacion,Despejado,No,NO APLICA,99,99,99,99,2,19/04/2022,2
17,Illinois,170316,0,0,2,0,157,RANDOLPH (157),0,NO APLICA,4,Abril,22,2022,12,55,SR-4,3,Highway estatal,Rural,Arteria Menor,State Highway Agency,0,Sin jurisdiccion especial,258,38.00701111,-89.66311111,Vehiculo en movimiento,Angulo,Four-Way Intersection,Interseccion de 4 direcciones,Sobre calle,Ninguna,Dia total,Despejado,No,NO APLICA,99,99,99,99,2,22/04/2022,3
17,Illinois,170317,0,0,1,0,163,ST. CLAIR (163),0,NO APLICA,4,Abril,23,2022,0,5,SR-13,3,Highway estatal,Rural,Arteria Principal,State Highway Agency,1,Sin jurisdiccion especial,314,38.30433611,-89.84340278,Fin de valla,El primer evento no fue una colision con un vehiculo automotor en transporte,Not an Intersection,No fue interseccion,Sobre el lado de la calle,Ninguna,Oscuro - iluminacion desconocida,Despejado,No,NO APLICA,99,99,99,99,1,23/04/2022,1
17,Illinois,170318,0,0,2,0,25,CLAY (25),0,NO APLICA,4,Abril,27,2022,13,1,CR-16,4,Calle del Condado,Rural,Colector Mayor,Town or Township Highway Agency,0,Sin jurisdiccion especial,99998,38.83489444,-88.30635556,Vehiculo en movimiento,Angulo,Not an Intersection,No fue interseccion,Sobre calle,Ninguna,Dia total,Despejado,No,NO APLICA,13,1,13,18,1,27/04/2022,2
17,Illinois,170319,1,1,1,0,199,WILLIAMSON (199),5250,MARION,6,Junio,21,2022,22,58,SR-13,3,Highway estatal,Urbano,Arteria Principal,State Highway Agency,1,Sin jurisdiccion especial,87,37.74491389,-88.99332222,Peaton,El primer evento no fue una colision con un vehiculo automotor en transporte,Four-Way Intersection,Interseccion de 4 direcciones,Sobre calle,Ninguna,Oscuro con iluminacion,Despejado,No,NO APLICA,22,58,23,2,1,21/06/2022,1
17,Illinois,170320,0,0,1,0,31,COOK (31),1670,CHICAGO,1,Enero,30,2022,17,20,S ARCHER AVE,6,Calle Local Municipalidad,Urbano,Arteria Menor,State Highway Agency,0,Sin jurisdiccion especial,0,41.838375,-87.66446944,Alguien se cayo/avento del vehiculo,El primer evento no fue una colision con un vehiculo automotor en transporte,Not an Intersection,No fue interseccion,Sobre calle,Ninguna,Oscuro con iluminacion,Despejado,No,NO APLICA,17,99,17,30,1,30/01/2022,2
17,Illinois,170321,1,1,1,0,31,COOK (31),1670,CHICAGO,3,Marzo,24,2022,22,6,SHERIDAN RD,6,Calle Local Municipalidad,Urbano,Arteria Menor,State Highway Agency,0,Sin jurisdiccion especial,0,42.01805278,-87.665725,Ciclista,El primer evento no fue una colision con un vehiculo automotor en transporte,Four-Way Intersection,Interseccion de 4 direcciones,Sobre calle,Ninguna,Oscuro con iluminacion,lluvia,No,NO APLICA,22,99,22,13,1,24/03/2022,1
17,Illinois,170322,0,0,2,0,59,GALLATIN (59),0,NO APLICA,5,Mayo,26,2022,21,17,SR-13,3,Highway estatal,Rural,Arteria Principal,State Highway Agency,0,Sin jurisdiccion especial,99998,37.71947222,-88.21436389,Vehiculo en movimiento,Golpe Lateral - direccion contraria,Not an Intersection,No fue interseccion,Sobre calle,Ninguna,Oscuro sin iluminacion,Despejado,No,NO APLICA,21,22,21,28,1,26/05/2022,5
17,Illinois,170323,0,0,2,0,101,LAWRENCE (101),0,NO APLICA,5,Mayo,23,2022,99,99,SR-1,3,Highway estatal,Rural,Arteria Principal,State Highway Agency,1,Sin jurisdiccion especial,99998,38.81073056,-87.68479167,Vehiculo en movimiento,Golpe Lateral - direccion contraria,Not an Intersection,No fue interseccion,Sobre calle,Ninguna,Dia total,Despejado,No,NO APLICA,15,45,15,54,1,23/05/2022,3
17,Illinois,170324,0,0,2,0,79,JASPER (79),0,NO APLICA,4,Abril,25,2022,15,14,SR-33,3,Highway estatal,Rural,Arteria Menor,State Highway Agency,0,Sin jurisdiccion especial,99998,39.02232778,-88.26533056,Vehiculo en movimiento,Frente a frente,Not an Intersection,No fue interseccion,Sobre calle,Ninguna,Dia total,Despejado,No,NO APLICA,15,14,15,22,1,25/04/2022,2
17,Illinois,170325,0,0,2,0,197,WILL (197),6870,PEOTONE,5,Mayo,6,2022,10,29,US-45,2,US Highway,Rural,Arteria Principal,State Highway Agency,1,Sin jurisdiccion especial,99998,41.30058333,-87.88118611,Vehiculo en movimiento,Angulo,Not an Intersection,No fue interseccion,Sobre calle,Ninguna,Dia total,Despejado,No,NO APLICA,10,30,10,36,1,06/05/2022,2
17,Illinois,170326,0,0,2,0,135,MONTGOMERY (135),0,NO APLICA,5,Mayo,11,2022,17,40,SR-108,3,Highway estatal,Rural,Arteria Menor,State Highway Agency,0,Sin jurisdiccion especial,99998,39.27866667,-89.661475,Vehiculo en movimiento,Frente a Detrás,Four-Way Intersection,Interseccion de 4 direcciones,Sobre calle,Ninguna,Dia total,Despejado,No,NO APLICA,17,44,18,0,1,11/05/2022,3
17,Illinois,170327,0,0,2,0,135,MONTGOMERY (135),0,NO APLICA,6,Junio,2,2022,2,21,SR-185,3,Highway estatal,Rural,Arteria Principal,State Highway Agency,1,Sin jurisdiccion especial,99998,39.03201667,-89.27078056,Vehiculo en movimiento,Angulo,Not an Intersection,No fue interseccion,Sobre calle,Ninguna,Oscuro - iluminacion desconocida,Nublado,No,NO APLICA,2,21,2,30,1,02/06/2022,2
17,Illinois,170328,0,0,1,0,31,COOK (31),0,NO APLICA,5,Mayo,15,2022,3,28,I-290,1,Interestatal,Urbano,Interestatal,State Highway Agency,1,Sin jurisdiccion especial,99998,41.87592222,-87.67179722,Barrera de Trafico de Concreto,El primer evento no fue una colision con un vehiculo automotor en transporte,Not an Intersection,No fue interseccion,En el medio,Ninguna,Oscuro con iluminacion,Despejado,No,NO APLICA,3,28,3,36,2,15/05/2022,4
17,Illinois,170329,0,0,2,0,141,OGLE (141),0,NO APLICA,5,Mayo,19,2022,6,43,CR-7,4,Calle del Condado,Rural,Colector Mayor,Town or Township Highway Agency,0,Sin jurisdiccion especial,99998,41.96854444,-89.61805556,Vehiculo en movimiento,Frente a frente,Not an Intersection,No fue interseccion,Sobre calle,Ninguna,Dia total,Despejado,No,NO APLICA,6,45,6,51,1,19/05/2022,2
17,Illinois,170330,0,0,2,0,179,TAZEWELL (179),0,NO APLICA,6,Junio,4,2022,23,47,SR-116,3,Highway estatal,Urbano,Arteria Menor,State Highway Agency,0,Sin jurisdiccion especial,99998,40.72085278,-89.525775,Vehiculo en movimiento,Frente a frente,Not an Intersection,No fue interseccion,Sobre calle,Ninguna,Oscuro - iluminacion desconocida,Despejado,No,NO APLICA,23,47,23,57,1,04/06/2022,2
17,Illinois,170331,0,0,2,0,31,COOK (31),5280,MARKHAM,6,Junio,16,2022,22,29,CRAWFORD AVE,8,Otro,Urbano,Arteria Menor,State Highway Agency,0,Sin jurisdiccion especial,99998,41.58621389,-87.71386944,Vehiculo en movimiento,Angulo,Four-Way Intersection,Interseccion de 4 direcciones,Sobre calle,Ninguna,Oscuro con iluminacion,Despejado,No,NO APLICA,22,30,22,35,1,16/06/2022,2
17,Illinois,170332,0,1,3,1,197,WILL (197),4300,JOLIET,4,Abril,19,2022,15,38,I-80,1,Interestatal,Urbano,Interestatal,State Highway Agency,1,Sin jurisdiccion especial,99998,41.50928889,-88.14192778,Vehiculo Aparcado,El primer evento no fue una colision con un vehiculo automotor en transporte,Not an Intersection,No fue interseccion,Sobre Acotamiento,Ninguna,Dia total,Despejado,No,NO APLICA,15,39,15,50,1,19/04/2022,2
17,Illinois,170333,0,0,2,0,19,CHAMPAIGN (19),0,NO APLICA,6,Junio,12,2022,23,2,US-136,2,US Highway,Rural,Arteria Menor,State Highway Agency,0,Sin jurisdiccion especial,99998,40.31291111,-88.00671944,Vehiculo en movimiento,Golpe Lateral - misma direccion,Not an Intersection,No fue interseccion,Sobre calle,Ninguna,Oscuro - iluminacion desconocida,Despejado,No,NO APLICA,23,2,23,15,1,12/06/2022,3
17,Illinois,170334,0,0,2,1,31,COOK (31),1670,CHICAGO,5,Mayo,6,2022,1,43,I-90,1,Interestatal,Urbano,Interestatal,State Highway Agency,1,Sin jurisdiccion especial,99998,41.983775,-87.84687778,Otro objeto (no fijo),El primer evento no fue una colision con un vehiculo automotor en transporte,Not an Intersection,No fue interseccion,Fuera de la calle,Construccion,Oscuro con iluminacion,lluvia,No,NO APLICA,1,43,1,49,1,06/05/2022,1
17,Illinois,170335,0,0,2,0,31,COOK (31),1670,CHICAGO,4,Abril,28,2022,14,12,SR-50,3,Highway estatal,Urbano,Arteria Principal,State Highway Agency,1,Sin jurisdiccion especial,99998,41.892275,-87.74571389,Vehiculo en movimiento,Angulo,Four-Way Intersection,Interseccion de 4 direcciones,Sobre calle,Ninguna,Dia total,Nublado,No,NO APLICA,99,99,14,23,1,28/04/2022,2
17,Illinois,170336,1,1,1,0,197,WILL (197),0,NO APLICA,4,Abril,30,2022,23,35,SR-53,3,Highway estatal,Urbano,Arteria Principal,State Highway Agency,1,Sin jurisdiccion especial,99998,41.49085278,-88.08040556,Peaton,El primer evento no fue una colision con un vehiculo automotor en transporte,Not an Intersection,No fue interseccion,Sobre calle,Ninguna,Oscuro - iluminacion desconocida,Despejado,No,NO APLICA,23,35,23,40,1,30/04/2022,1
17,Illinois,170337,0,0,2,0,5,BOND (5),3640,GREENVILLE,4,Abril,16,2022,13,27,US-40,2,US Highway,Urbano,Arteria Menor,State Highway Agency,0,Sin jurisdiccion especial,99998,38.878775,-89.39068333,Vehiculo en movimiento,Frente a frente,Four-Way Intersection,Interseccion de 4 direcciones,Sobre calle,Ninguna,Dia total,Despejado,No,NO APLICA,13,27,13,35,1,16/04/2022,5
17,Illinois,170339,0,0,2,0,31,COOK (31),1670,CHICAGO,4,Abril,18,2022,0,28,I-55 NB TO CALIFORNIA AVE,1,Interestatal,Urbano,Interestatal,State Highway Agency,1,Sin jurisdiccion especial,99998,41.83154167,-87.69485,Vehiculo en movimiento,Angulo,T-Intersection,Interseccion de T,Sobre calle,Ninguna,Oscuro con iluminacion,Despejado,No,NO APLICA,0,28,0,30,1,18/04/2022,2
17,Illinois,170340,0,0,2,0,19,CHAMPAIGN (19),0,NO APLICA,5,Mayo,5,2022,9,52,LINCOLN AVE,5,Calle Local - Pueblo,Urbano,Arteria Principal,Town or Township Highway Agency,0,Sin jurisdiccion especial,0,40.15481944,-88.21368333,Vehiculo en movimiento,Angulo,Not an Intersection,No fue interseccion,Sobre calle,Ninguna,Dia total,lluvia,No,NO APLICA,9,52,10,5,1,05/05/2022,4
17,Illinois,170341,0,0,2,0,49,EFFINGHAM (49),0,NO APLICA,4,Abril,19,2022,10,48,SR-128,3,Highway estatal,Rural,Colector Mayor,State Highway Agency,0,Sin jurisdiccion especial,848,39.03718333,-88.80588333,Vehiculo en movimiento,Angulo,Four-Way Intersection,Interseccion de 4 direcciones,Sobre calle,Ninguna,Dia total,Despejado,No,NO APLICA,10,50,11,1,1,19/04/2022,3
17,Illinois,170342,1,1,1,0,107,LOGAN (107),0,NO APLICA,4,Abril,23,2022,1,44,SR-66 OLD ROUTE 66,3,Highway estatal,Rural,Colector Mayor,State Highway Agency,0,Sin jurisdiccion especial,99998,40.24395556,-89.25148611,Ciclista,El primer evento no fue una colision con un vehiculo automotor en transporte,Not an Intersection,No fue interseccion,Sobre calle,Ninguna,Oscuro sin iluminacion,Despejado,No,NO APLICA,1,44,1,44,1,23/04/2022,1
17,Illinois,170343,1,1,1,0,99,LASALLE (99),4690,LA SALLE,5,Mayo,8,2022,16,12,IL-ROUTE 351,8,Otro,Urbano,Colector Mayor,State Highway Agency,0,Sin jurisdiccion especial,0,41.32698333,-89.09380833,Ciclista,El primer evento no fue una colision con un vehiculo automotor en transporte,Not an Intersection,No fue interseccion,Sobre Acotamiento,Ninguna,Dia total,Despejado,No,NO APLICA,16,24,16,34,1,08/05/2022,2
17,Illinois,170344,0,0,2,0,31,COOK (31),0,NO APLICA,5,Mayo,7,2022,22,32,SR-171,3,Highway estatal,Urbano,Arteria Menor,State Highway Agency,0,Sin jurisdiccion especial,170,41.71651389,-87.89890556,Vehiculo en movimiento,Angulo,T-Intersection,Interseccion de T,Sobre calle,Ninguna,Oscuro - iluminacion desconocida,Despejado,No,NO APLICA,99,99,99,99,1,07/05/2022,6
17,Illinois,170346,0,0,1,0,77,JACKSON (77),0,NO APLICA,5,Mayo,8,2022,1,8,SR-3,3,Highway estatal,Rural,Arteria Principal,State Highway Agency,1,Sin jurisdiccion especial,99998,37.61316667,-89.48146667,Zanja,El primer evento no fue una colision con un vehiculo automotor en transporte,Not an Intersection,No fue interseccion,Sobre el lado de la calle,Ninguna,Oscuro sin iluminacion,Despejado,No,NO APLICA,1,17,1,43,1,08/05/2022,2
17,Illinois,170347,0,0,2,0,189,WASHINGTON (189),0,NO APLICA,5,Mayo,8,2022,15,0,SR-177,3,Highway estatal,Rural,Colector Mayor,State Highway Agency,0,Sin jurisdiccion especial,99998,38.44166389,-89.46868056,Vehiculo en movimiento,Frente a frente,Four-Way Intersection,Interseccion de 4 direcciones,Sobre calle,Ninguna,Dia total,Despejado,No,NO APLICA,15,3,15,17,1,08/05/2022,3
17,Illinois,170348,0,0,3,0,55,FRANKLIN (55),8780,VALIER,5,Mayo,4,2022,10,49,SR-148,3,Highway estatal,Rural,Arteria Menor,State Highway Agency,0,Sin jurisdiccion especial,301,38.02365,-89.05358611,Vehiculo en movimiento,Angulo,Four-Way Intersection,Interseccion de 4 direcciones,Sobre calle,Ninguna,Dia total,Despejado,No,NO APLICA,10,51,10,57,1,04/05/2022,5
17,Illinois,170349,0,0,3,0,141,OGLE (141),0,NO APLICA,4,Abril,24,2022,13,1,SR-2,3,Highway estatal,Rural,Arteria Principal,State Highway Agency,1,Sin jurisdiccion especial,109,42.09699444,-89.32490833,Vehiculo en movimiento,Angulo,Not an Intersection,No fue interseccion,Sobre calle,Ninguna,Dia total,Despejado,Yes,NO APLICA,13,1,13,1,1,24/04/2022,6
17,Illinois,170350,0,0,2,0,31,COOK (31),2330,DES PLAINES,5,Mayo,8,2022,22,34,E TOUHY AVE,6,Calle Local Municipalidad,Urbano,Colector Menor,City or Municipal Highway Agency,0,Sin jurisdiccion especial,0,42.00971667,-87.88370278,Banqueta,El primer evento no fue una colision con un vehiculo automotor en transporte,Not an Intersection,No fue interseccion,En el medio,Ninguna,Dia total,Despejado,No,NO APLICA,10,37,10,40,1,08/05/2022,2
17,Illinois,170351,0,0,2,0,191,WAYNE (191),0,NO APLICA,4,Abril,28,2022,13,35,SR-15,3,Highway estatal,Rural,Arteria Principal,State Highway Agency,1,Sin jurisdiccion especial,59,38.37188056,-88.25153333,Vehiculo en movimiento,Frente a Detrás,Not an Intersection,No fue interseccion,Sobre calle,Ninguna,Dia total,Despejado,No,NO APLICA,13,40,13,52,1,28/04/2022,4
17,Illinois,170352,0,0,2,0,19,CHAMPAIGN (19),0,NO APLICA,4,Abril,29,2022,16,5,SR-130,3,Highway estatal,Rural,Arteria Menor,State Highway Agency,0,Sin jurisdiccion especial,135,39.98368333,-88.16126667,Vehiculo en movimiento,Frente a frente,Not an Intersection,No fue interseccion,Sobre calle,Ninguna,Dia total,Despejado,No,NO APLICA,16,6,16,10,1,29/04/2022,3
17,Illinois,170353,0,0,3,0,125,MASON (125),0,NO APLICA,5,Mayo,14,2022,15,16,SR-10,3,Highway estatal,Rural,Colector Mayor,State Highway Agency,0,Sin jurisdiccion especial,0,40.24586667,-89.84729722,Vehiculo en movimiento,Angulo,T-Intersection,Interseccion de T,Sobre calle,Ninguna,Dia total,Despejado,No,NO APLICA,15,55,15,59,1,14/05/2022,4
17,Illinois,170354,0,0,3,0,31,COOK (31),1030,BROADVIEW,4,Abril,25,2022,5,50,ROOSEVELT RD,8,Otro,Urbano,Arteria Principal,State Highway Agency,1,Sin jurisdiccion especial,99998,41.86406111,-87.85301111,Vehiculo en movimiento,Angulo,Four-Way Intersection,Interseccion de 4 direcciones,Sobre calle,Ninguna,Amanecer,Despejado,No,NO APLICA,99,99,99,99,1,25/04/2022,3
17,Illinois,170355,0,0,3,0,201,WINNEBAGO (201),7460,ROCKFORD,4,Abril,8,2022,8,10,KISHWAUKEE ST,6,Calle Local Municipalidad,Urbano,Arteria Menor,City or Municipal Highway Agency,0,Sin jurisdiccion especial,2,42.23553333,-89.08693056,Vehiculo en movimiento,Frente a Detrás,Not an Intersection,No fue interseccion,Sobre calle,Ninguna,Dia total,lluvia,Yes,080046G,8,10,8,15,1,08/04/2022,3
17,Illinois,170356,0,0,2,0,111,MCHENRY (111),0,NO APLICA,4,Abril,8,2022,4,16,I-90,1,Interestatal,Rural,Interestatal,State Toll Road,1,Sin jurisdiccion especial,360,42.17847778,-88.61984722,Vehiculo en movimiento,Frente a Detrás,Not an Intersection,No fue interseccion,Sobre calle,Ninguna,Oscuro con iluminacion,Despejado,No,NO APLICA,4,20,4,41,1,08/04/2022,2
17,Illinois,170357,1,1,2,1,31,COOK (31),1670,CHICAGO,5,Mayo,4,2022,21,20,MILWAUKEE AVE,6,Calle Local Municipalidad,Urbano,Colector Mayor,City or Municipal Highway Agency,0,Sin jurisdiccion especial,58,41.95023333,-87.74210278,Ciclista,El primer evento no fue una colision con un vehiculo automotor en transporte,Not an Intersection,No fue interseccion,Sobre calle,Ninguna,Atardecer,Despejado,No,NO APLICA,99,99,99,99,1,04/05/2022,1
17,Illinois,170358,1,1,2,0,31,COOK (31),1670,CHICAGO,5,Mayo,6,2022,2,32,DAMEN AVE,6,Calle Local Municipalidad,Urbano,Colector Mayor,City or Municipal Highway Agency,0,Sin jurisdiccion especial,99998,41.86668333,-87.67627778,Vehiculo en movimiento,Angulo,Four-Way Intersection,Interseccion de 4 direcciones,Sobre calle,Ninguna,Oscuro con iluminacion,lluvia,No,NO APLICA,99,99,99,99,1,06/05/2022,2
17,Illinois,170359,1,1,1,0,31,COOK (31),3100,FOREST PARK,5,Mayo,20,2022,17,36,ROOSEVELT RD,6,Calle Local Municipalidad,Unknown,Arteria Principal,State Highway Agency,1,Sin jurisdiccion especial,53,41.86476667,-87.81757222,Ciclista,El primer evento no fue una colision con un vehiculo automotor en transporte,T-Intersection,Interseccion de T,Sobre calle,Ninguna,Dia total,Despejado,No,NO APLICA,17,36,17,39,1,20/05/2022,1
17,Illinois,170360,0,0,3,0,31,COOK (31),6525,OLYMPIA FIELDS,5,Mayo,7,2022,11,43,US-30,2,US Highway,Urbano,Arteria Principal,State Highway Agency,1,Sin jurisdiccion especial,337,41.50622222,-87.69959722,Vehiculo en movimiento,Angulo,Four-Way Intersection,Interseccion de 4 direcciones,Sobre calle,Ninguna,Dia total,Despejado,No,NO APLICA,11,43,11,46,1,07/05/2022,4
17,Illinois,170361,0,0,1,0,171,SCOTT (171),0,NO APLICA,5,Mayo,5,2022,14,40,SR-100,3,Highway estatal,Rural,Arteria Menor,State Highway Agency,0,Sin jurisdiccion especial,79,39.69213333,-90.57153056,Arbol,El primer evento no fue una colision con un vehiculo automotor en transporte,Not an Intersection,No fue interseccion,Sobre el lado de la calle,Ninguna,Dia total,lluvia,No,NO APLICA,14,45,14,53,1,05/05/2022,2
17,Illinois,170362,0,0,1,0,119,MADISON (119),1910,COLLINSVILLE,5,Mayo,6,2022,16,22,I-70 TO I-255,1,Interestatal,Urbano,Interestatal,State Highway Agency,1,Sin jurisdiccion especial,99998,38.668425,-90.03010278,Poste de Señal de trafico,El primer evento no fue una colision con un vehiculo automotor en transporte,Not an Intersection,No fue interseccion,Sobre el lado de la calle,Ninguna,Dia total,lluvia,No,NO APLICA,16,22,16,30,1,06/05/2022,1
17,Illinois,170363,1,1,1,0,31,COOK (31),3731,HANOVER PARK,5,Mayo,9,2022,22,25,US-20,2,US Highway,Urbano,Arteria Principal,State Highway Agency,1,Sin jurisdiccion especial,1521,41.988825,-88.14972222,Peaton,El primer evento no fue una colision con un vehiculo automotor en transporte,Four-Way Intersection,Interseccion de 4 direcciones,Sobre calle,Ninguna,Oscuro con iluminacion,Despejado,No,NO APLICA,22,25,22,27,1,09/05/2022,1