Estado,Nombre de Estado,Numero de Caso,Peatones,Personas _no_vehiculos,Vehiculos automotores,Vehiculos estacionados,Condado,Nombre Condado,Ciudad,Nombre Ciudad,Mes,Nombre Mes,Dia,Año,Hora,Minuto,Calle,Ruta,Nombre Ruta,Rural o Urbanoo,Sistema Funcional,Dueño Calle,Sistema Nacional Carreteras,Jurisdiccion Especial,Milla,Latitud,Longitud,Causa del Accidente,Tipo de Accidente,Tipo Interseccion,Columna1,Lugar en la calle,Zona de Trabajo,Luz,Clima,Autobus Escolar,Cruce de Trenes,Hora Notificacion,Minuto Notificacion,Hora Llegada,Minuto Llegada,Decesos,Fecha,PersonaVehiculo
17,Illinois,170364,1,1,1,0,31,COOK (31),1670,CHICAGO,5,Mayo,10,2022,14,30,CHICAGO AVE,6,Calle Local Municipalidad,Urbano,Arteria Menor,City or Municipal Highway Agency,0,Sin jurisdiccion especial,99998,41.89604167,-87.66971389,Peaton,El primer evento no fue una colision con un vehiculo automotor en transporte,Four-Way Intersection,Interseccion de 4 direcciones,Sobre calle,Ninguna,Dia total,Despejado,No,NO APLICA,99,99,14,37,1,10/05/2022,1
17,Illinois,170365,2,2,1,0,31,COOK (31),1670,CHICAGO,5,Mayo,11,2022,13,6,US-14,2,US Highway,Urbano,Arteria Principal,State Highway Agency,1,Sin jurisdiccion especial,305,41.99057778,-87.68237222,Banqueta,El primer evento no fue una colision con un vehiculo automotor en transporte,Not an Intersection,No fue interseccion,Sobre el lado de la calle,Ninguna,Dia total,Despejado,No,NO APLICA,99,99,13,12,1,11/05/2022,1
17,Illinois,170366,0,0,2,0,31,COOK (31),1260,CALUMET CITY,5,Mayo,20,2022,17,4,RIVER OAKS DRIVE,6,Calle Local Municipalidad,Urbano,Colector Menor,City or Municipal Highway Agency,0,Sin jurisdiccion especial,0,41.600975,-87.54698056,Vehiculo en movimiento,Angulo,T-Intersection,Interseccion de T,Sobre calle,Ninguna,Dia total,Despejado,No,NO APLICA,17,4,17,4,1,20/05/2022,3
17,Illinois,170367,0,0,1,0,19,CHAMPAIGN (19),0,NO APLICA,5,Mayo,7,2022,5,35,I-74,1,Interestatal,Rural,Interestatal,State Highway Agency,1,Sin jurisdiccion especial,1973,40.12013056,-87.94857222,Zanja,El primer evento no fue una colision con un vehiculo automotor en transporte,Not an Intersection,No fue interseccion,Sobre el lado de la calle,Ninguna,Amanecer,Despejado,No,NO APLICA,99,99,99,99,1,07/05/2022,1
17,Illinois,170368,0,0,2,0,197,WILL (197),0,NO APLICA,5,Mayo,7,2022,15,46,CR-4,4,Calle del Condado,Urbano,Arteria Menor,Town or Township Highway Agency,0,Sin jurisdiccion especial,99998,41.41783889,-87.96256111,Vehiculo en movimiento,Angulo,Not an Intersection,No fue interseccion,Sobre calle,Ninguna,Dia total,Despejado,No,NO APLICA,99,99,99,99,1,07/05/2022,2
17,Illinois,170369,1,1,1,0,201,WINNEBAGO (201),7460,ROCKFORD,5,Mayo,8,2022,21,44,HARRISON AVE,6,Calle Local Municipalidad,Urbano,Arteria Principal,City or Municipal Highway Agency,1,Sin jurisdiccion especial,99998,42.23824722,-89.02080556,Peaton,El primer evento no fue una colision con un vehiculo automotor en transporte,Not an Intersection,No fue interseccion,Sobre calle,Ninguna,Oscuro con iluminacion,Despejado,No,NO APLICA,21,45,21,48,1,08/05/2022,2
17,Illinois,170370,0,0,2,0,119,MADISON (119),0,NO APLICA,5,Mayo,11,2022,14,27,CR-13,4,Calle del Condado,Rural,Colector Menor,Town or Township Highway Agency,0,Sin jurisdiccion especial,99998,38.82992778,-89.77778056,Vehiculo en movimiento,Angulo,Four-Way Intersection,Interseccion de 4 direcciones,Sobre calle,Ninguna,Dia total,Despejado,No,NO APLICA,14,27,14,33,1,11/05/2022,2
17,Illinois,170371,0,0,3,0,43,DUPAGE (43),20,ADDISON,5,Mayo,13,2022,8,56,US-20,2,US Highway,Urbano,Arteria Menor,State Highway Agency,0,Sin jurisdiccion especial,99998,41.93141667,-87.98710833,Vehiculo en movimiento,Frente a Detrás,Not an Intersection,No fue interseccion,Sobre calle,Ninguna,Dia total,Despejado,No,NO APLICA,99,99,99,99,1,13/05/2022,3
17,Illinois,170372,1,1,2,0,31,COOK (31),1730,CICERO,5,Mayo,5,2022,4,9,SR-50,3,Highway estatal,Urbano,Arteria Principal,State Highway Agency,1,Sin jurisdiccion especial,99998,41.8498,-87.74422778,Peaton,El primer evento no fue una colision con un vehiculo automotor en transporte,Not an Intersection,No fue interseccion,Sobre calle,Ninguna,Oscuro con iluminacion,Despejado,No,NO APLICA,4,11,4,15,1,05/05/2022,2
17,Illinois,170373,0,0,1,0,79,JASPER (79),0,NO APLICA,5,Mayo,11,2022,19,0,775E,5,Calle Local - Pueblo,Rural,Local,Town or Township Highway Agency,0,Sin jurisdiccion especial,99998,39.02168333,-88.23173611,Arbol,El primer evento no fue una colision con un vehiculo automotor en transporte,Not an Intersection,No fue interseccion,Sobre el lado de la calle,Ninguna,Dia total,Despejado,No,NO APLICA,19,17,19,23,1,11/05/2022,1
17,Illinois,170374,0,0,2,0,97,LAKE (97),9100,WAUKEGAN,5,Mayo,12,2022,5,15,SR-131,3,Highway estatal,Urbano,Arteria Menor,State Highway Agency,0,Sin jurisdiccion especial,57,42.38368889,-87.88410278,Vehiculo en movimiento,Frente a frente,Not an Intersection,No fue interseccion,Sobre calle,Ninguna,Dia total,Despejado,No,NO APLICA,5,18,5,24,1,12/05/2022,4
17,Illinois,170375,0,0,1,0,1,ADAMS (1),0,NO APLICA,5,Mayo,5,2022,19,40,SOUTH WASHINGTON ST,6,Calle Local Municipalidad,Rural,Local,City or Municipal Highway Agency,0,Sin jurisdiccion especial,99998,39.81343889,-91.24656944,Poste,El primer evento no fue una colision con un vehiculo automotor en transporte,Not an Intersection,No fue interseccion,Sobre el lado de la calle,Ninguna,Oscuro - iluminacion desconocida,Nublado,No,NO APLICA,19,42,19,56,1,05/05/2022,1
17,Illinois,170376,0,0,2,0,29,COLES (29),0,NO APLICA,5,Mayo,12,2022,16,20,US-45,2,US Highway,Urbano,Arteria Menor,State Highway Agency,0,Sin jurisdiccion especial,1959,39.41045556,-88.37790833,Vehiculo en movimiento,Angulo,Four-Way Intersection,Interseccion de 4 direcciones,Sobre calle,Ninguna,Dia total,Despejado,No,NO APLICA,99,99,99,99,1,12/05/2022,2
17,Illinois,170377,0,0,1,0,167,SANGAMON (167),0,NO APLICA,5,Mayo,13,2022,19,39,YANKEE TOWN RD,5,Calle Local - Pueblo,Rural,Local,Town or Township Highway Agency,0,Sin jurisdiccion especial,99998,39.87690556,-89.94729167,Acotamiento,El primer evento no fue una colision con un vehiculo automotor en transporte,Not an Intersection,No fue interseccion,Sobre el lado de la calle,Ninguna,Atardecer,Despejado,No,NO APLICA,19,40,19,55,1,13/05/2022,1
17,Illinois,170378,0,0,2,0,31,COOK (31),1670,CHICAGO,5,Mayo,14,2022,1,50,I-94 ND EXIT TO 28TH ST,1,Interestatal,Unknown,Interestatal,State Highway Agency,1,Sin jurisdiccion especial,99999,88.8888,888.8888,Vehiculo en movimiento,Golpe Lateral - misma direccion,Not an Intersection,No fue interseccion,Sobre calle,Ninguna,Oscuro con iluminacion,Despejado,No,NO APLICA,1,51,2,7,1,14/05/2022,4
17,Illinois,170379,0,0,2,0,197,WILL (197),0,NO APLICA,5,Mayo,21,2022,22,25,US-52,2,US Highway,Urbano,Arteria Menor,State Highway Agency,0,Sin jurisdiccion especial,56,41.45331667,-88.00252778,Vehiculo en movimiento,Frente a frente,Not an Intersection,No fue interseccion,Sobre calle,Ninguna,Oscuro sin iluminacion,Despejado,No,NO APLICA,22,25,22,35,3,21/05/2022,6
17,Illinois,170380,0,0,2,0,89,KANE (89),0,NO APLICA,5,Mayo,9,2022,7,49,I-88,1,Interestatal,Rural,Interestatal,State Toll Road,1,Sin jurisdiccion especial,1019,41.86958889,-88.58421944,Vehiculo en movimiento,Frente a Detrás,Not an Intersection,No fue interseccion,Sobre calle,Ninguna,Dia total,Despejado,No,NO APLICA,7,50,8,6,1,09/05/2022,2
17,Illinois,170381,0,0,2,0,133,MONROE (133),0,NO APLICA,5,Mayo,14,2022,17,14,SR-3,3,Highway estatal,Rural,Arteria Principal,State Highway Agency,1,Sin jurisdiccion especial,1113,38.21272222,-90.04117778,Vehiculo en movimiento,Angulo,Four-Way Intersection,Interseccion de 4 direcciones,Sobre calle,Ninguna,Dia total,Despejado,No,NO APLICA,17,14,17,24,1,14/05/2022,5
17,Illinois,170382,1,1,2,1,31,COOK (31),1670,CHICAGO,5,Mayo,19,2022,22,52,SR-19,3,Highway estatal,Urbano,Arteria Principal,State Highway Agency,1,Sin jurisdiccion especial,84,41.95329444,-87.76199444,Peaton,El primer evento no fue una colision con un vehiculo automotor en transporte,Four-Way Intersection,Interseccion de 4 direcciones,Sobre calle,Ninguna,Oscuro con iluminacion,Despejado,No,NO APLICA,22,53,22,59,2,19/05/2022,1
17,Illinois,170383,0,0,2,1,31,COOK (31),1670,CHICAGO,5,Mayo,22,2022,5,5,SOUTH STONEY ISLAND AVE,6,Calle Local Municipalidad,Urbano,Colector Menor,City or Municipal Highway Agency,0,Sin jurisdiccion especial,508,41.73434444,-87.58557778,Vehiculo Aparcado,El primer evento no fue una colision con un vehiculo automotor en transporte,Not an Intersection,No fue interseccion,En estacionamiento,Ninguna,Oscuro con iluminacion,Despejado,No,NO APLICA,99,99,99,99,1,22/05/2022,3
17,Illinois,170384,0,0,2,0,183,VERMILION (183),0,NO APLICA,5,Mayo,19,2022,20,50,I-74,1,Interestatal,Rural,Interestatal,State Highway Agency,1,Sin jurisdiccion especial,2003,40.12401667,-87.89330833,Vehiculo en movimiento,Frente a Detrás,Not an Intersection,No fue interseccion,Sobre calle,Ninguna,Oscuro - iluminacion desconocida,Despejado,No,NO APLICA,20,50,21,3,1,19/05/2022,4
17,Illinois,170385,0,0,2,0,27,CLINTON (27),0,NO APLICA,5,Mayo,15,2022,16,11,US-50,2,US Highway,Rural,Arteria Principal,State Highway Agency,1,Sin jurisdiccion especial,122,38.62213889,-89.48351667,Vehiculo en movimiento,Frente a Detrás,Not an Intersection,No fue interseccion,Sobre calle,Ninguna,Dia total,Nublado,No,NO APLICA,16,15,16,30,2,15/05/2022,5
17,Illinois,170386,0,0,1,0,197,WILL (197),0,NO APLICA,4,Abril,9,2022,21,16,NONE,9,Desconocido,Unknown,Desconocido,Unknown,9,Desconocido,99999,41.62088611,-87.93230278,Alguien se cayo/avento del vehiculo,El primer evento no fue una colision con un vehiculo automotor en transporte,Not an Intersection,No fue interseccion,Sobre calle,Ninguna,Oscuro con iluminacion,Despejado,No,NO APLICA,99,99,99,99,1,09/04/2022,2
17,Illinois,170387,0,0,1,0,31,COOK (31),1670,CHICAGO,5,Mayo,16,2022,15,29,I-94,1,Interestatal,Urbano,Interestatal,State Highway Agency,1,Sin jurisdiccion especial,554,41.82903889,-87.63100556,Barrera de Trafico de Concreto,El primer evento no fue una colision con un vehiculo automotor en transporte,Not an Intersection,No fue interseccion,En el medio,Ninguna,Dia total,Despejado,No,NO APLICA,15,32,15,33,1,16/05/2022,3
17,Illinois,170388,0,0,1,0,193,WHITE (193),0,NO APLICA,5,Mayo,17,2022,11,34,CR-100,5,Calle Local - Pueblo,Rural,Local,Town or Township Highway Agency,0,Sin jurisdiccion especial,99998,38.14871111,-88.354825,Zanja,El primer evento no fue una colision con un vehiculo automotor en transporte,Not an Intersection,No fue interseccion,Sobre el lado de la calle,Ninguna,Dia total,Despejado,No,NO APLICA,99,99,99,99,1,17/05/2022,1
17,Illinois,170389,1,1,1,0,37,DEKALB (37),0,NO APLICA,5,Mayo,17,2022,20,25,SHABBONA GROVE RD,5,Calle Local - Pueblo,Rural,Local,Town or Township Highway Agency,0,Sin jurisdiccion especial,99998,41.73231944,-88.79779722,Ciclista,El primer evento no fue una colision con un vehiculo automotor en transporte,Not an Intersection,No fue interseccion,Sobre calle,Ninguna,Oscuro sin iluminacion,Despejado,No,NO APLICA,99,99,99,99,1,17/05/2022,1
17,Illinois,170390,0,0,1,0,191,WAYNE (191),0,NO APLICA,5,Mayo,16,2022,17,15,I-64,1,Interestatal,Rural,Interestatal,State Highway Agency,1,Sin jurisdiccion especial,1035,38.26838889,-88.47219722,Soporte de Puente,El primer evento no fue una colision con un vehiculo automotor en transporte,Not an Intersection,No fue interseccion,Sobre el lado de la calle,Construccion,Dia total,Despejado,No,NO APLICA,17,17,17,29,1,16/05/2022,1
17,Illinois,170391,1,1,1,0,143,PEORIA (143),6850,PEORIA,5,Mayo,19,2022,4,5,US-24,2,US Highway,Urbano,Arteria Principal,State Highway Agency,1,Sin jurisdiccion especial,1174,40.707175,-89.56790833,Peaton,El primer evento no fue una colision con un vehiculo automotor en transporte,Four-Way Intersection,Interseccion de 4 direcciones,Sobre calle,Ninguna,Oscuro con iluminacion,Despejado,No,NO APLICA,99,99,4,7,1,19/05/2022,1
17,Illinois,170392,0,0,1,0,119,MADISON (119),0,NO APLICA,5,Mayo,20,2022,5,49,SR-143,3,Highway estatal,Urbano,Arteria Principal,State Highway Agency,1,Sin jurisdiccion especial,99998,38.83266944,-89.99262778,Zanja,El primer evento no fue una colision con un vehiculo automotor en transporte,Not an Intersection,No fue interseccion,Sobre el lado de la calle,Ninguna,Oscuro - iluminacion desconocida,Despejado,No,NO APLICA,99,99,99,99,1,20/05/2022,1
17,Illinois,170393,0,0,1,0,97,LAKE (97),9090,WAUCONDA,5,Mayo,11,2022,22,21,CALLAHAN RD,5,Calle Local - Pueblo,Urbano,Colector Menor,Town or Township Highway Agency,0,Sin jurisdiccion especial,99998,42.29618333,-88.14501389,Piedrotototota,El primer evento no fue una colision con un vehiculo automotor en transporte,Not an Intersection,No fue interseccion,Sobre el lado de la calle,Ninguna,Oscuro con iluminacion,Despejado,No,NO APLICA,22,21,22,27,1,11/05/2022,1
17,Illinois,170394,1,1,1,0,111,MCHENRY (111),1440,CARY,5,Mayo,16,2022,15,39,CHERRY AR,6,Calle Local Municipalidad,Urbano,Local,City or Municipal Highway Agency,0,Sin jurisdiccion especial,99998,42.20686944,-88.23526667,Peaton,El primer evento no fue una colision con un vehiculo automotor en transporte,T-Intersection,Interseccion de T,Sobre calle,Ninguna,Dia total,Despejado,Yes,NO APLICA,15,39,15,44,1,16/05/2022,1
17,Illinois,170395,0,0,2,0,179,TAZEWELL (179),0,NO APLICA,5,Mayo,22,2022,12,24,SR-9,3,Highway estatal,Urbano,Arteria Menor,State Highway Agency,0,Sin jurisdiccion especial,99998,40.53150556,-89.60670278,Vehiculo en movimiento,Angulo,T-Intersection,Interseccion de T,Sobre calle,Ninguna,Dia total,Despejado,No,NO APLICA,12,27,12,31,1,22/05/2022,2
17,Illinois,170396,0,0,2,0,197,WILL (197),4300,JOLIET,5,Mayo,22,2022,21,34,ESSINGTON RD,6,Calle Local Municipalidad,Urbano,Arteria Menor,City or Municipal Highway Agency,0,Sin jurisdiccion especial,99998,41.53968611,-88.16074722,Vehiculo en movimiento,Angulo,Not an Intersection,No fue interseccion,Sobre calle,Ninguna,Oscuro con iluminacion,Despejado,No,NO APLICA,99,99,99,99,1,22/05/2022,2
17,Illinois,170397,0,0,2,0,179,TAZEWELL (179),0,NO APLICA,5,Mayo,21,2022,19,54,US-24,2,US Highway,Rural,Arteria Principal,State Highway Agency,1,Sin jurisdiccion especial,1457,40.72625278,-89.34914167,Vehiculo en movimiento,Angulo,Four-Way Intersection,Interseccion de 4 direcciones,Sobre calle,Ninguna,Dia total,Despejado,No,NO APLICA,99,99,99,99,1,21/05/2022,3
17,Illinois,170398,0,0,2,0,31,COOK (31),5380,MATTESON,5,Mayo,23,2022,20,57,US-30,2,US Highway,Urbano,Arteria Principal,State Highway Agency,1,Sin jurisdiccion especial,22,41.50610556,-87.744875,Vehiculo en movimiento,Angulo,Four-Way Intersection,Interseccion de 4 direcciones,Sobre calle,Ninguna,Oscuro con iluminacion,Despejado,No,NO APLICA,20,57,21,3,1,23/05/2022,2
17,Illinois,170399,0,0,2,0,31,COOK (31),8090,SOUTH CHICAGO HEIGHTS,5,Mayo,12,2022,15,39,SR-1,3,Highway estatal,Urbano,Arteria Principal,State Highway Agency,1,Sin jurisdiccion especial,86,41.47882222,-87.63741389,Vehiculo en movimiento,Angulo,Not an Intersection,No fue interseccion,Sobre calle,Ninguna,Dia total,Despejado,No,NO APLICA,15,39,15,41,1,12/05/2022,2
17,Illinois,170400,0,0,2,0,31,COOK (31),6730,PARK FOREST,5,Mayo,17,2022,7,46,WESTERN AVE,8,Otro,Urbano,Arteria Menor,State Highway Agency,0,Sin jurisdiccion especial,64,41.48421389,-87.67422222,Vehiculo en movimiento,Angulo,Not an Intersection,No fue interseccion,Sobre calle,Ninguna,Dia total,Despejado,No,NO APLICA,99,99,99,99,1,17/05/2022,2
17,Illinois,170401,0,0,1,0,73,HENRY (73),0,NO APLICA,5,Mayo,24,2022,22,19,I-80,1,Interestatal,Urbano,Interestatal,State Highway Agency,1,Sin jurisdiccion especial,23,41.47801667,-90.33858056,Zanja,El primer evento no fue una colision con un vehiculo automotor en transporte,Not an Intersection,No fue interseccion,En el medio,Ninguna,Oscuro - iluminacion desconocida,Despejado,No,NO APLICA,22,19,22,19,1,24/05/2022,1
17,Illinois,170402,0,0,2,0,113,MCLEAN (113),0,NO APLICA,5,Mayo,18,2022,18,17,SR-9,3,Highway estatal,Rural,Arteria Menor,State Highway Agency,0,Sin jurisdiccion especial,1481,40.48667222,-88.764625,Vehiculo en movimiento,Angulo,Four-Way Intersection,Interseccion de 4 direcciones,Sobre calle,Ninguna,Dia total,Despejado,No,NO APLICA,18,22,18,41,1,18/05/2022,3
17,Illinois,170403,0,0,3,0,97,LAKE (97),0,NO APLICA,5,Mayo,26,2022,8,47,SR-120,3,Highway estatal,Urbano,Arteria Principal,State Highway Agency,1,Sin jurisdiccion especial,13,42.32437222,-88.17366667,Vehiculo en movimiento,Golpe Lateral - direccion contraria,Not an Intersection,No fue interseccion,Sobre calle,Ninguna,Dia total,Despejado,No,NO APLICA,8,47,8,51,1,26/05/2022,4
17,Illinois,170404,1,1,1,0,43,DUPAGE (43),540,BARTLETT,5,Mayo,13,2022,23,36,SR-59,3,Highway estatal,Urbano,Arteria Principal,State Highway Agency,1,Sin jurisdiccion especial,333,41.98069722,-88.20711111,Peaton,El primer evento no fue una colision con un vehiculo automotor en transporte,Not an Intersection,No fue interseccion,Sobre calle,Ninguna,Oscuro - iluminacion desconocida,Despejado,No,NO APLICA,11,38,11,40,1,13/05/2022,2
17,Illinois,170405,0,0,9,0,31,COOK (31),0,NO APLICA,5,Mayo,24,2022,5,55,I-294,1,Interestatal,Urbano,Interestatal,State Toll Road,1,Sin jurisdiccion especial,59,42.07668611,-87.86662222,Vehiculo en movimiento,Frente a Detrás,Not an Intersection,No fue interseccion,Sobre calle,Ninguna,Amanecer,Despejado,No,NO APLICA,6,1,6,8,1,24/05/2022,11
17,Illinois,170406,0,0,1,0,57,FULTON (57),0,NO APLICA,5,Mayo,29,2022,21,28,E CYPRESS RD,5,Calle Local - Pueblo,Rural,Local,Town or Township Highway Agency,0,Sin jurisdiccion especial,49,40.59696111,-89.94048056,Algún evento nocivo sin detalles,El primer evento no fue una colision con un vehiculo automotor en transporte,Not an Intersection,No fue interseccion,Fuera de la calle,Ninguna,Oscuro sin iluminacion,Despejado,No,NO APLICA,21,28,21,42,1,29/05/2022,6
17,Illinois,170407,1,1,1,0,19,CHAMPAIGN (19),8770,URBANA,5,Mayo,25,2022,20,53,US-45,2,US Highway,Urbano,Arteria Principal,State Highway Agency,1,Sin jurisdiccion especial,2482,40.11771389,-88.20425,Peaton,El primer evento no fue una colision con un vehiculo automotor en transporte,Not an Intersection,No fue interseccion,Sobre calle,Ninguna,Oscuro con iluminacion,Despejado,No,NO APLICA,99,99,99,99,1,25/05/2022,1
17,Illinois,170408,1,1,1,0,163,ST. CLAIR (163),1240,CAHOKIA,5,Mayo,14,2022,6,37,WATER ST,8,Otro,Urbano,Colector Mayor,State Highway Agency,0,Sin jurisdiccion especial,99998,38.55352778,-90.20091667,Peaton,El primer evento no fue una colision con un vehiculo automotor en transporte,Not an Intersection,No fue interseccion,Sobre calle,Ninguna,Amanecer,Despejado,No,NO APLICA,99,99,99,99,1,14/05/2022,1
17,Illinois,170409,1,1,1,0,31,COOK (31),1670,CHICAGO,5,Mayo,27,2022,20,28,COLUMBUS AVE,8,Otro,Urbano,Arteria Menor,State Highway Agency,0,Sin jurisdiccion especial,99998,41.75261944,-87.69766111,Peaton,El primer evento no fue una colision con un vehiculo automotor en transporte,Not an Intersection,No fue interseccion,Sobre calle,Ninguna,Oscuro con iluminacion,Despejado,No,NO APLICA,99,99,20,32,1,27/05/2022,1
17,Illinois,170410,0,0,1,0,143,PEORIA (143),6850,PEORIA,5,Mayo,28,2022,21,14,SAYMORE,6,Calle Local Municipalidad,Urbano,Local,City or Municipal Highway Agency,0,Sin jurisdiccion especial,99998,40.73579167,-89.64173056,Volcadura,El primer evento no fue una colision con un vehiculo automotor en transporte,Not an Intersection,No fue interseccion,Sobre calle,Ninguna,Oscuro con iluminacion,Despejado,No,NO APLICA,99,99,99,99,1,28/05/2022,1
17,Illinois,170411,0,0,1,0,31,COOK (31),1670,CHICAGO,5,Mayo,29,2022,0,53,103RD ST,6,Calle Local Municipalidad,Urbano,Arteria Menor,City or Municipal Highway Agency,0,Sin jurisdiccion especial,99998,41.70685556,-87.65081944,Edificio,El primer evento no fue una colision con un vehiculo automotor en transporte,Not an Intersection,No fue interseccion,Sobre el lado de la calle,Ninguna,Oscuro con iluminacion,Despejado,No,NO APLICA,99,99,0,57,1,29/05/2022,1
17,Illinois,170412,0,0,1,0,167,SANGAMON (167),0,NO APLICA,5,Mayo,21,2022,99,99,BOYD FARM RD,5,Calle Local - Pueblo,Rural,Local,Town or Township Highway Agency,0,Sin jurisdiccion especial,99998,39.6839,-89.43961944,Zanja,El primer evento no fue una colision con un vehiculo automotor en transporte,Not an Intersection,No fue interseccion,Sobre el lado de la calle,Ninguna,Oscuro - iluminacion desconocida,Despejado,No,NO APLICA,99,99,99,99,1,21/05/2022,1
17,Illinois,170413,1,1,1,0,117,MACOUPIN (117),1360,CARLINVILLE,5,Mayo,21,2022,7,11,SUMNER ST,6,Calle Local Municipalidad,Urbano,Local,City or Municipal Highway Agency,0,Sin jurisdiccion especial,99998,39.29251111,-89.87624167,Peaton,El primer evento no fue una colision con un vehiculo automotor en transporte,Not an Intersection,No fue interseccion,Sobre calle,Ninguna,Reportada como desconocida,Reportado como desconocido,No,NO APLICA,99,99,99,99,1,21/05/2022,1
17,Illinois,170414,0,0,2,1,167,SANGAMON (167),8220,SPRINGFIELD,5,Mayo,27,2022,13,2,S 6TH ST,6,Calle Local Municipalidad,Urbano,Colector Mayor,City or Municipal Highway Agency,0,Sin jurisdiccion especial,19,39.76136389,-89.64830556,Soporte de  señalamiento de transito,El primer evento no fue una colision con un vehiculo automotor en transporte,Four-Way Intersection,Interseccion de 4 direcciones,Sobre el lado de la calle,Ninguna,Dia total,Despejado,No,NO APLICA,13,6,13,11,1,27/05/2022,1
17,Illinois,170415,0,0,1,0,97,LAKE (97),3580,GRAYSLAKE,5,Mayo,23,2022,6,58,CR-V60,4,Calle del Condado,Urbano,Local,City or Municipal Highway Agency,0,Sin jurisdiccion especial,99998,42.34278611,-88.06802778,Vehiculo Ferrocarril,El primer evento no fue una colision con un vehiculo automotor en transporte,Not an Intersection,No fue interseccion,Sobre calle,Ninguna,Dia total,Despejado,No,386439N,7,15,99,99,1,23/05/2022,1
17,Illinois,170416,1,1,1,0,119,MADISON (119),2510,EAST ALTON,5,Mayo,25,2022,15,13,AIRLINE DR,5,Calle Local - Pueblo,Urbano,Arteria Menor,Town or Township Highway Agency,0,Sin jurisdiccion especial,99998,38.88774167,-90.06544722,Peaton,El primer evento no fue una colision con un vehiculo automotor en transporte,Not an Intersection,No fue interseccion,Sobre calle,Ninguna,Dia total,Despejado,No,NO APLICA,99,99,15,20,1,25/05/2022,1
17,Illinois,170417,0,0,1,0,135,MONTGOMERY (135),0,NO APLICA,5,Mayo,29,2022,17,5,20TH RD,5,Calle Local - Pueblo,Rural,Colector Menor,Town or Township Highway Agency,0,Sin jurisdiccion especial,99998,39.21713333,-89.32678611,Volcadura,El primer evento no fue una colision con un vehiculo automotor en transporte,T-Intersection,Interseccion de T,Sobre el lado de la calle,Ninguna,Dia total,Despejado,No,NO APLICA,17,5,17,15,1,29/05/2022,2
17,Illinois,170418,0,0,1,0,167,SANGAMON (167),8220,SPRINGFIELD,5,Mayo,30,2022,7,17,W FAIRVIEW LN,5,Calle Local - Pueblo,Rural,Local,Town or Township Highway Agency,0,Sin jurisdiccion especial,8,39.7063,-89.64855833,Buzon de correo,El primer evento no fue una colision con un vehiculo automotor en transporte,Not an Intersection,No fue interseccion,Sobre el lado de la calle,Ninguna,Oscuro sin iluminacion,Despejado,No,NO APLICA,7,14,7,17,1,30/05/2022,1
17,Illinois,170419,0,0,2,0,1,ADAMS (1),7180,QUINCY,5,Mayo,30,2022,8,27,12TH,6,Calle Local Municipalidad,Urbano,Arteria Menor,City or Municipal Highway Agency,0,Sin jurisdiccion especial,99998,39.95045556,-91.39656111,Vehiculo en movimiento,Angulo,Four-Way Intersection,Interseccion de 4 direcciones,Sobre calle,Ninguna,Dia total,Despejado,No,NO APLICA,99,99,99,99,1,30/05/2022,2
17,Illinois,170420,0,0,2,0,31,COOK (31),1670,CHICAGO,5,Mayo,12,2022,20,31,FOREST PRESERVE RD,6,Calle Local Municipalidad,Urbano,Colector Mayor,State Highway Agency,0,Sin jurisdiccion especial,17,41.94917778,-87.81693333,Vehiculo en movimiento,Golpe Lateral - direccion contraria,Four-Way Intersection,Interseccion de 4 direcciones,Sobre calle,Ninguna,Oscuro sin iluminacion,Despejado,No,NO APLICA,20,31,20,40,1,12/05/2022,2
17,Illinois,170421,0,0,2,0,43,DUPAGE (43),740,BENSENVILLE,5,Mayo,10,2022,10,53,CR-26,4,Calle del Condado,Urbano,Arteria Principal,Town or Township Highway Agency,1,Sin jurisdiccion especial,99998,41.97943333,-87.94532778,Vehiculo en movimiento,Angulo,Four-Way Intersection,Interseccion de 4 direcciones,Sobre calle,Ninguna,Dia total,Despejado,No,NO APLICA,99,99,99,99,1,10/05/2022,2
17,Illinois,170422,0,0,2,0,33,CRAWFORD (33),0,NO APLICA,5,Mayo,27,2022,15,41,CR-22,4,Calle del Condado,Rural,Colector Menor,Town or Township Highway Agency,0,Sin jurisdiccion especial,99998,39.09386667,-87.94373333,Vehiculo en movimiento,Angulo,Not an Intersection,No fue interseccion,Sobre calle,Ninguna,Dia total,lluvia,No,NO APLICA,15,45,16,2,2,27/05/2022,4
17,Illinois,170423,0,0,2,0,117,MACOUPIN (117),0,NO APLICA,5,Mayo,31,2022,16,23,SR-16,3,Highway estatal,Rural,Arteria Principal,State Highway Agency,1,Sin jurisdiccion especial,546,39.17546111,-89.70033611,Vehiculo en movimiento,Frente a Detrás,Four-Way Intersection,Interseccion de 4 direcciones,Sobre calle,Ninguna,Dia total,Despejado,No,NO APLICA,16,25,16,30,1,31/05/2022,5
17,Illinois,170424,0,0,2,0,91,KANKAKEE (91),0,NO APLICA,5,Mayo,29,2022,20,42,SR-50,3,Highway estatal,Urbano,Arteria Menor,State Highway Agency,0,Sin jurisdiccion especial,121,41.26526111,-87.82568889,Vehiculo en movimiento,Angulo,Four-Way Intersection,Interseccion de 4 direcciones,Sobre calle,Ninguna,Oscuro - iluminacion desconocida,Despejado,No,NO APLICA,20,42,20,50,1,29/05/2022,3
17,Illinois,170425,0,0,2,0,113,MCLEAN (113),0,NO APLICA,5,Mayo,31,2022,8,44,US-51,2,US Highway,Rural,Arterial Principal -Freeway o ExpressWay,State Highway Agency,1,Sin jurisdiccion especial,2538,40.33991944,-88.98918056,Vehiculo en movimiento,Frente a Detrás,Not an Intersection,No fue interseccion,Sobre calle,Ninguna,Dia total,Despejado,No,NO APLICA,8,44,8,46,1,31/05/2022,2