Estado,Nombre de Estado,Numero de Caso,Peatones,Personas _no_vehiculos,Vehiculos automotores,Vehiculos estacionados,Condado,Nombre Condado,Ciudad,Nombre Ciudad,Mes,Nombre Mes,Dia,Año,Hora,Minuto,Calle,Ruta,Nombre Ruta,Rural o Urbanoo,Sistema Funcional,Dueño Calle,Sistema Nacional Carreteras,Jurisdiccion Especial,Milla,Latitud,Longitud,Causa del Accidente,Tipo de Accidente,Tipo Interseccion,Columna1,Lugar en la calle,Zona de Trabajo,Luz,Clima,Autobus Escolar,Cruce de Trenes,Hora Notificacion,Minuto Notificacion,Hora Llegada,Minuto Llegada,Decesos,Fecha,PersonaVehiculo
17,Illinois,170426,0,0,2,0,121,MARION (121),0,NO APLICA,6,Junio,4,2022,23,13,SELMAVILLE RD,5,Calle Local - Pueblo,Urbano,Colector Mayor,State Highway Agency,0,Sin jurisdiccion especial,27,38.57931667,-88.99986667,Vehiculo en movimiento,Frente a frente,Not an Intersection,No fue interseccion,Sobre calle,Ninguna,Oscuro sin iluminacion,Despejado,No,NO APLICA,99,99,99,99,1,04/06/2022,4
17,Illinois,170427,3,3,1,0,161,ROCK ISLAND (161),5670,MOLINE,5,Mayo,22,2022,1,56,I-74,1,Interestatal,Urbano,Interestatal,State Highway Agency,1,Sin jurisdiccion especial,7,41.51066667,-90.51176111,Peaton,El primer evento no fue una colision con un vehiculo automotor en transporte,Not an Intersection,No fue interseccion,Sobre el lado de la calle,Ninguna,Oscuro - iluminacion desconocida,Despejado,No,NO APLICA,2,1,2,5,2,22/05/2022,1
17,Illinois,170428,0,0,2,0,167,SANGAMON (167),0,NO APLICA,5,Mayo,31,2022,13,40,SR-124,3,Highway estatal,Rural,Colector Mayor,State Highway Agency,0,Sin jurisdiccion especial,25,39.94008611,-89.61905833,Vehiculo en movimiento,Angulo,Not an Intersection,No fue interseccion,Sobre calle,Ninguna,Dia total,Despejado,No,NO APLICA,13,42,13,58,1,31/05/2022,2
17,Illinois,170429,0,0,1,0,187,WARREN (187),0,NO APLICA,6,Junio,6,2022,15,46,130TH AVE,6,Calle Local Municipalidad,Urbano,Local,Town or Township Highway Agency,0,Sin jurisdiccion especial,43,40.81628611,-90.45587778,Volcadura,El primer evento no fue una colision con un vehiculo automotor en transporte,Not an Intersection,No fue interseccion,Sobre el lado de la calle,Ninguna,Dia total,lluvia,No,NO APLICA,15,46,16,4,1,06/06/2022,3
17,Illinois,170430,0,0,2,0,157,RANDOLPH (157),0,NO APLICA,5,Mayo,31,2022,16,52,SR-3,3,Highway estatal,Rural,Arteria Principal,State Highway Agency,1,Sin jurisdiccion especial,201,37.99040833,-89.88770833,Vehiculo en movimiento,Frente a frente,Not an Intersection,No fue interseccion,Sobre calle,Ninguna,Dia total,Despejado,No,NO APLICA,16,53,17,18,1,31/05/2022,2
17,Illinois,170431,0,0,2,0,31,COOK (31),512,BARRINGTON HILLS,5,Mayo,21,2022,23,10,SR-68,3,Highway estatal,Urbano,Arteria Principal,State Highway Agency,1,Sin jurisdiccion especial,22,42.10802778,-88.23220833,Vehiculo en movimiento,Angulo,Four-Way Intersection,Interseccion de 4 direcciones,Sobre calle,Ninguna,Oscuro - iluminacion desconocida,Despejado,No,NO APLICA,23,10,23,22,1,21/05/2022,2
17,Illinois,170432,0,0,2,0,179,TAZEWELL (179),2600,EAST PEORIA,5,Mayo,30,2022,21,55,SR-8,3,Highway estatal,Urbano,Arteria Menor,State Highway Agency,0,Sin jurisdiccion especial,22,40.674975,-89.53849722,Vehiculo en movimiento,Frente a Detrás,Not an Intersection,No fue interseccion,Sobre calle,Ninguna,Oscuro con iluminacion,Despejado,No,NO APLICA,99,99,99,99,1,30/05/2022,2
17,Illinois,170433,0,0,2,0,29,COLES (29),0,NO APLICA,5,Mayo,29,2022,17,55,CR-500E,4,Calle del Condado,Rural,Local,Town or Township Highway Agency,0,Sin jurisdiccion especial,99998,39.54973333,-88.37773056,Vehiculo en movimiento,Angulo,Four-Way Intersection,Interseccion de 4 direcciones,Sobre calle,Ninguna,Dia total,Despejado,No,NO APLICA,99,99,99,99,2,29/05/2022,4
17,Illinois,170434,0,0,2,0,19,CHAMPAIGN (19),8770,URBANA,5,Mayo,2,2022,17,45,SR-130,3,Highway estatal,Urbano,Arteria Menor,State Highway Agency,0,Sin jurisdiccion especial,1321,40.08399167,-88.16216111,Vehiculo en movimiento,Angulo,Y-Intersection,Interseccion de Y,Sobre calle,Ninguna,Dia total,Despejado,No,NO APLICA,99,99,99,99,1,02/05/2022,3
17,Illinois,170435,0,0,2,0,31,COOK (31),0,NO APLICA,6,Junio,2,2022,18,23,I-57,1,Interestatal,Urbano,Interestatal,State Highway Agency,1,Sin jurisdiccion especial,3442,41.55725833,-87.74299444,Valla Ferrocarril,El primer evento no fue una colision con un vehiculo automotor en transporte,Not an Intersection,No fue interseccion,Sobre el lado de la calle,Construccion,Dia total,Despejado,No,NO APLICA,18,28,18,35,1,02/06/2022,2
17,Illinois,170436,0,0,1,0,31,COOK (31),1670,CHICAGO,6,Junio,3,2022,4,9,SOUTH VINCENNES AVE,6,Calle Local Municipalidad,Urbano,Colector Mayor,City or Municipal Highway Agency,0,Sin jurisdiccion especial,33,41.72440556,-87.64954167,Arbol,El primer evento no fue una colision con un vehiculo automotor en transporte,Not an Intersection,No fue interseccion,Sobre el lado de la calle,Ninguna,Oscuro con iluminacion,Despejado,No,NO APLICA,4,99,4,21,1,03/06/2022,1
17,Illinois,170437,1,1,1,0,31,COOK (31),1670,CHICAGO,5,Mayo,27,2022,19,1,SR-64,3,Highway estatal,Urbano,Arteria Principal,State Highway Agency,1,Sin jurisdiccion especial,1344,41.91016667,-87.70449722,Peaton,El primer evento no fue una colision con un vehiculo automotor en transporte,Four-Way Intersection,Interseccion de 4 direcciones,Sobre calle,Ninguna,Dia total,Despejado,No,NO APLICA,99,99,99,99,1,27/05/2022,1
17,Illinois,170438,0,0,3,0,197,WILL (197),0,NO APLICA,6,Junio,1,2022,15,27,CR-25,4,Calle del Condado,Rural,Arteria Principal,Town or Township Highway Agency,1,Sin jurisdiccion especial,99998,41.32396111,-87.86289167,Vehiculo en movimiento,Angulo,Not an Intersection,No fue interseccion,Sobre calle,Ninguna,Dia total,Despejado,No,NO APLICA,15,27,99,99,1,01/06/2022,3
17,Illinois,170439,0,2,4,2,31,COOK (31),0,NO APLICA,6,Junio,3,2022,11,31,I-57,1,Interestatal,Urbano,Interestatal,State Highway Agency,1,Sin jurisdiccion especial,3421,41.5239,-87.7424,Vehiculo Funcionando,El primer evento no fue una colision con un vehiculo automotor en transporte,Not an Intersection,No fue interseccion,Sobre calle,Ninguna,Dia total,Despejado,No,NO APLICA,99,99,99,99,1,03/06/2022,3
17,Illinois,170440,0,0,1,0,83,JERSEY (83),0,NO APLICA,5,Mayo,30,2022,20,38,SR-100,3,Highway estatal,Rural,Arteria Menor,State Highway Agency,0,Sin jurisdiccion especial,166,38.96800833,-90.49443889,Valla Ferrocarril,El primer evento no fue una colision con un vehiculo automotor en transporte,Not an Intersection,No fue interseccion,Sobre el lado de la calle,Ninguna,Oscuro con iluminacion,Despejado,No,NO APLICA,20,38,21,0,1,30/05/2022,1
17,Illinois,170441,0,0,1,0,41,DOUGLAS (41),0,NO APLICA,5,Mayo,30,2022,22,15,I-57,1,Interestatal,Rural,Interestatal,State Highway Agency,1,Sin jurisdiccion especial,2135,39.81873611,-88.26486389,Volcadura,El primer evento no fue una colision con un vehiculo automotor en transporte,Not an Intersection,No fue interseccion,En el medio,Ninguna,Oscuro - iluminacion desconocida,Despejado,No,NO APLICA,99,99,99,99,1,30/05/2022,2
17,Illinois,170442,0,0,1,0,31,COOK (31),0,NO APLICA,5,Mayo,31,2022,1,55,I-94,1,Interestatal,Urbano,Interestatal,State Highway Agency,1,Sin jurisdiccion especial,414,41.68647778,-87.60144722,Acotamiento,El primer evento no fue una colision con un vehiculo automotor en transporte,Not an Intersection,No fue interseccion,Sobre el lado de la calle,Ninguna,Oscuro con iluminacion,Despejado,No,NO APLICA,1,56,2,18,1,31/05/2022,1
17,Illinois,170443,0,0,1,0,51,FAYETTE (51),0,NO APLICA,5,Mayo,31,2022,6,30,CR-600,4,Calle del Condado,Rural,Local,Town or Township Highway Agency,0,Sin jurisdiccion especial,99998,38.79625833,-89.13818611,Animal vivo,El primer evento no fue una colision con un vehiculo automotor en transporte,Not an Intersection,No fue interseccion,Sobre calle,Ninguna,Amanecer,Despejado,No,NO APLICA,8,12,8,26,1,31/05/2022,1
17,Illinois,170444,0,0,1,0,97,LAKE (97),9100,WAUKEGAN,6,Junio,3,2022,1,52,PERSHING RD,6,Calle Local Municipalidad,Urbano,Colector Mayor,City or Municipal Highway Agency,0,Sin jurisdiccion especial,99998,42.35761667,-87.82809167,Acotamiento,El primer evento no fue una colision con un vehiculo automotor en transporte,T-Intersection,Interseccion de T,Sobre el lado de la calle,Ninguna,Oscuro con iluminacion,Despejado,No,NO APLICA,99,99,99,99,1,03/06/2022,3
17,Illinois,170445,1,1,1,0,31,COOK (31),7820,SCHILLER PARK,6,Junio,8,2022,6,38,IRVING PARK ROAD,5,Calle Local - Pueblo,Urbano,Local,City or Municipal Highway Agency,0,Sin jurisdiccion especial,0,41.954325,-87.86220278,Ciclista,El primer evento no fue una colision con un vehiculo automotor en transporte,Not an Intersection,No fue interseccion,Sobre calle,Ninguna,Dia total,Nublado,No,NO APLICA,6,40,6,44,1,08/06/2022,1
17,Illinois,170446,0,0,1,0,31,COOK (31),0,NO APLICA,6,Junio,5,2022,3,42,I-55,1,Interestatal,Urbano,Interestatal,State Highway Agency,1,Sin jurisdiccion especial,2856,41.81087222,-87.76338056,Barrera de Trafico de Concreto,El primer evento no fue una colision con un vehiculo automotor en transporte,Not an Intersection,No fue interseccion,En el medio,Ninguna,Oscuro con iluminacion,Despejado,No,NO APLICA,3,43,3,56,1,05/06/2022,2
17,Illinois,170447,1,1,1,0,143,PEORIA (143),6850,PEORIA,6,Junio,3,2022,21,33,ALLEN,6,Calle Local Municipalidad,Urbano,Arteria Menor,City or Municipal Highway Agency,0,Sin jurisdiccion especial,99998,40.77631667,-89.63125278,Peaton,El primer evento no fue una colision con un vehiculo automotor en transporte,Four-Way Intersection,Interseccion de 4 direcciones,Sobre calle,Ninguna,Oscuro con iluminacion,Despejado,No,NO APLICA,99,99,99,99,1,03/06/2022,1
17,Illinois,170448,0,0,1,0,31,COOK (31),8590,THORNTON,6,Junio,3,2022,15,23,BROWN DERBY RD,6,Calle Local Municipalidad,Urbano,Colector Mayor,City or Municipal Highway Agency,0,Sin jurisdiccion especial,99998,41.56840556,-87.62556667,Barda,El primer evento no fue una colision con un vehiculo automotor en transporte,T-Intersection,Interseccion de T,Sobre el lado de la calle,Ninguna,Dia total,Despejado,No,NO APLICA,15,23,15,54,1,03/06/2022,1
17,Illinois,170449,0,0,1,0,37,DEKALB (37),7750,SANDWICH,6,Junio,3,2022,16,37,ARNOLD ST,6,Calle Local Municipalidad,Urbano,Local,City or Municipal Highway Agency,0,Sin jurisdiccion especial,99998,41.65500556,-88.61820556,Poste,El primer evento no fue una colision con un vehiculo automotor en transporte,Not an Intersection,No fue interseccion,Sobre el lado de la calle,Ninguna,Dia total,Despejado,No,NO APLICA,16,42,16,47,1,03/06/2022,1
17,Illinois,170450,0,0,1,0,99,LASALLE (99),0,NO APLICA,6,Junio,3,2022,22,42,SR-251,3,Highway estatal,Rural,Colector Mayor,State Highway Agency,0,Sin jurisdiccion especial,45,41.21243333,-89.06786389,Poste o otros soportes,El primer evento no fue una colision con un vehiculo automotor en transporte,Not an Intersection,No fue interseccion,Sobre el lado de la calle,Ninguna,Oscuro con iluminacion,Despejado,No,NO APLICA,22,42,22,51,2,03/06/2022,2
17,Illinois,170451,0,0,1,0,31,COOK (31),1670,CHICAGO,6,Junio,4,2022,2,17,I-94,1,Interestatal,Urbano,Interestatal,State Highway Agency,1,Sin jurisdiccion especial,593,41.77302222,-87.625575,Acotamiento,El primer evento no fue una colision con un vehiculo automotor en transporte,Not an Intersection,No fue interseccion,Sobre el lado de la calle,Ninguna,Oscuro con iluminacion,Despejado,No,NO APLICA,2,17,2,21,1,04/06/2022,1
17,Illinois,170452,0,0,1,0,123,MARSHALL (123),0,NO APLICA,6,Junio,4,2022,12,22,SR-251,3,Highway estatal,Rural,Colector Mayor,State Highway Agency,0,Sin jurisdiccion especial,30,41.07141667,-89.05266667,Poste o otros soportes,El primer evento no fue una colision con un vehiculo automotor en transporte,Not an Intersection,No fue interseccion,Sobre el lado de la calle,Ninguna,Dia total,Despejado,No,NO APLICA,12,5,12,9,1,04/06/2022,1
17,Illinois,170453,0,0,1,0,19,CHAMPAIGN (19),1550,CHAMPAIGN,6,Junio,9,2022,1,33,KIRBY AVE,6,Calle Local Municipalidad,Urbano,Arteria Menor,City or Municipal Highway Agency,0,Sin jurisdiccion especial,99998,40.09825833,-88.27615833,Buzon de correo,El primer evento no fue una colision con un vehiculo automotor en transporte,Not an Intersection,No fue interseccion,Sobre el lado de la calle,Ninguna,Oscuro con iluminacion,Despejado,No,NO APLICA,1,36,1,41,1,09/06/2022,1
17,Illinois,170454,1,1,1,0,31,COOK (31),1670,CHICAGO,6,Junio,12,2022,15,15,WEST IRVING PARK ROAD,6,Calle Local Municipalidad,Urbano,Local,City or Municipal Highway Agency,0,Sin jurisdiccion especial,0,41.95408611,-87.68075833,Peaton,El primer evento no fue una colision con un vehiculo automotor en transporte,Four-Way Intersection,Interseccion de 4 direcciones,Sobre calle,Ninguna,Dia total,Despejado,No,NO APLICA,15,15,15,20,1,12/06/2022,1
17,Illinois,170455,0,0,2,0,157,RANDOLPH (157),1990,COULTERVILLE,5,Mayo,19,2022,13,10,SR-153,3,Highway estatal,Rural,Colector Mayor,State Highway Agency,0,Sin jurisdiccion especial,56,38.18386667,-89.60591111,Vehiculo en movimiento,Angulo,Four-Way Intersection,Interseccion de 4 direcciones,Sobre calle,Ninguna,Dia total,Despejado,No,NO APLICA,13,10,13,25,1,19/05/2022,2
17,Illinois,170456,0,0,2,0,197,WILL (197),4300,JOLIET,6,Junio,2,2022,18,54,THEODORE ST,6,Calle Local Municipalidad,Urbano,Local,City or Municipal Highway Agency,0,Sin jurisdiccion especial,99998,41.55034167,-88.2218,Vehiculo en movimiento,Angulo,Four-Way Intersection,Interseccion de 4 direcciones,Sobre calle,Ninguna,Dia total,Despejado,No,NO APLICA,99,99,99,99,1,02/06/2022,2
17,Illinois,170457,0,0,2,0,163,ST. CLAIR (163),8430,SWANSEA,6,Junio,4,2022,17,2,CR-H62,4,Calle del Condado,Urbano,Arteria Menor,Town or Township Highway Agency,0,Sin jurisdiccion especial,99998,38.56565278,-90.00863611,Vehiculo en movimiento,Frente a frente,Not an Intersection,No fue interseccion,Sobre el lado de la calle,Ninguna,Dia total,Despejado,No,NO APLICA,99,99,99,99,1,04/06/2022,4
17,Illinois,170458,0,0,2,0,119,MADISON (119),0,NO APLICA,6,Junio,3,2022,23,38,COLLINSVILLE RD,5,Calle Local - Pueblo,Urbano,Arteria Menor,Town or Township Highway Agency,0,Sin jurisdiccion especial,99998,38.65858889,-90.04866667,Vehiculo en movimiento,Frente a Detrás,Not an Intersection,No fue interseccion,Sobre calle,Ninguna,Oscuro con iluminacion,Despejado,No,NO APLICA,23,39,23,55,1,03/06/2022,3
17,Illinois,170459,0,0,5,0,113,MCLEAN (113),0,NO APLICA,6,Junio,3,2022,15,49,I-55,1,Interestatal,Rural,Interestatal,State Highway Agency,1,Sin jurisdiccion especial,1510,40.38299167,-89.089025,Vehiculo en movimiento,Frente a Detrás,Not an Intersection,No fue interseccion,Sobre calle,Construccion,Dia total,Despejado,No,NO APLICA,15,49,16,7,2,03/06/2022,9
17,Illinois,170460,0,0,2,0,75,IROQUOIS (75),0,NO APLICA,6,Junio,4,2022,15,52,I-57,1,Interestatal,Rural,Interestatal,State Highway Agency,1,Sin jurisdiccion especial,3011,40.99035,-87.90991667,Vehiculo en movimiento,Frente a Detrás,Not an Intersection,No fue interseccion,Sobre calle,Ninguna,Dia total,Despejado,No,NO APLICA,15,52,15,56,1,04/06/2022,3
17,Illinois,170461,0,0,1,0,89,KANE (89),460,AURORA,6,Junio,10,2022,9,25,S 4TH ST,5,Calle Local - Pueblo,Urbano,Local,City or Municipal Highway Agency,0,Sin jurisdiccion especial,99998,41.73828333,-88.31601667,Arbol,El primer evento no fue una colision con un vehiculo automotor en transporte,Not an Intersection,No fue interseccion,Sobre el lado de la calle,Ninguna,Dia total,Despejado,No,NO APLICA,9,26,9,27,2,10/06/2022,2
17,Illinois,170462,0,0,2,0,93,KENDALL (93),6620,OSWEGO,6,Junio,6,2022,14,20,MILL RD,6,Calle Local Municipalidad,Urbano,Arteria Menor,City or Municipal Highway Agency,0,Sin jurisdiccion especial,99998,41.69320556,-88.38032778,Vehiculo en movimiento,Angulo,Four-Way Intersection,Interseccion de 4 direcciones,Sobre calle,Ninguna,Dia total,Despejado,No,NO APLICA,14,20,14,26,1,06/06/2022,3
17,Illinois,170463,0,0,3,0,91,KANKAKEE (91),0,NO APLICA,6,Junio,17,2022,21,45,SR-102,3,Highway estatal,Rural,Arteria Menor,State Highway Agency,0,Sin jurisdiccion especial,49,41.17983333,-87.93105278,Vehiculo en movimiento,Angulo,Not an Intersection,No fue interseccion,Sobre calle,Ninguna,Oscuro - iluminacion desconocida,Despejado,No,NO APLICA,21,45,21,45,1,17/06/2022,4
17,Illinois,170464,0,0,4,0,97,LAKE (97),0,NO APLICA,6,Junio,11,2022,20,0,SR-173,3,Highway estatal,Urbano,Arteria Principal,State Highway Agency,1,Sin jurisdiccion especial,9,42.479125,-88.18016667,Vehiculo en movimiento,Golpe Lateral - misma direccion,Not an Intersection,No fue interseccion,Sobre calle,Ninguna,Dia total,Despejado,No,NO APLICA,20,0,20,5,1,11/06/2022,4
17,Illinois,170465,1,1,1,0,111,MCHENRY (111),5060,MCHENRY,6,Junio,4,2022,10,27,SR-120,3,Highway estatal,Urbano,Arteria Principal,State Highway Agency,1,Sin jurisdiccion especial,128,42.34689444,-88.28249444,Ciclista,El primer evento no fue una colision con un vehiculo automotor en transporte,Not an Intersection,No fue interseccion,Sobre calle,Ninguna,Dia total,Despejado,No,NO APLICA,10,27,10,29,1,04/06/2022,1
17,Illinois,170466,0,0,1,0,197,WILL (197),4300,JOLIET,6,Junio,15,2022,23,8,MCDONALD AVE,6,Calle Local Municipalidad,Urbano,Local,City or Municipal Highway Agency,0,Sin jurisdiccion especial,99998,41.51850278,-88.18591667,Arbol,El primer evento no fue una colision con un vehiculo automotor en transporte,Not an Intersection,No fue interseccion,Sobre el lado de la calle,Ninguna,Oscuro con iluminacion,Despejado,No,NO APLICA,23,9,23,13,1,15/06/2022,1
17,Illinois,170467,1,1,1,0,169,SCHUYLER (169),0,NO APLICA,6,Junio,19,2022,9,56,ADAMS ROAD,5,Calle Local - Pueblo,Rural,Colector Mayor,State Highway Agency,0,Sin jurisdiccion especial,81,40.08301111,-90.43711389,Ciclista,El primer evento no fue una colision con un vehiculo automotor en transporte,Not an Intersection,No fue interseccion,Sobre calle,Ninguna,Dia total,Despejado,No,NO APLICA,9,56,10,5,1,19/06/2022,1
17,Illinois,170468,0,0,1,0,31,COOK (31),1670,CHICAGO,6,Junio,6,2022,23,20,I-94,1,Interestatal,Urbano,Interestatal,State Highway Agency,1,Sin jurisdiccion especial,687,41.6596,-87.58857778,Poste,El primer evento no fue una colision con un vehiculo automotor en transporte,Not an Intersection,No fue interseccion,Sobre el lado de la calle,Ninguna,Oscuro con iluminacion,lluvia,No,NO APLICA,23,23,23,33,1,06/06/2022,1
17,Illinois,170469,0,0,1,0,11,BUREAU (11),8230,SPRING VALLEY,6,Junio,15,2022,8,58,LADD RD,8,Otro,Urbano,Arteria Principal,State Highway Agency,1,Sin jurisdiccion especial,156,41.33349167,-89.21806389,Arbol,El primer evento no fue una colision con un vehiculo automotor en transporte,Not an Intersection,No fue interseccion,Sobre el lado de la calle,Ninguna,Oscuro - iluminacion desconocida,Despejado,No,NO APLICA,99,99,99,99,1,15/06/2022,1
17,Illinois,170470,1,1,1,0,31,COOK (31),1995,COUNTRYSIDE,6,Junio,17,2022,21,12,JOLIET RD,8,Otro,Urbano,Arteria Menor,State Highway Agency,0,Sin jurisdiccion especial,99998,41.76825278,-87.89154444,Peaton,El primer evento no fue una colision con un vehiculo automotor en transporte,Not an Intersection,No fue interseccion,Sobre calle,Ninguna,Oscuro con iluminacion,Despejado,No,NO APLICA,21,15,21,20,1,17/06/2022,1
17,Illinois,170471,0,0,1,0,31,COOK (31),1670,CHICAGO,6,Junio,18,2022,22,50,87TH ST,6,Calle Local Municipalidad,Urbano,Arteria Principal,City or Municipal Highway Agency,1,Sin jurisdiccion especial,99998,41.73590556,-87.63383889,Soporte de Puente,El primer evento no fue una colision con un vehiculo automotor en transporte,Not an Intersection,No fue interseccion,Sobre el lado de la calle,Ninguna,Oscuro con iluminacion,Despejado,No,NO APLICA,23,55,0,5,1,18/06/2022,1
17,Illinois,170472,0,0,2,0,99,LASALLE (99),0,NO APLICA,6,Junio,20,2022,15,28,US-34,2,US Highway,Rural,Arteria Menor,State Highway Agency,0,Sin jurisdiccion especial,145,41.57822222,-88.92243056,Vehiculo en movimiento,Angulo,Four-Way Intersection,Interseccion de 4 direcciones,Sobre calle,Ninguna,Dia total,Despejado,No,NO APLICA,15,28,15,43,1,20/06/2022,6
17,Illinois,170473,1,1,1,0,31,COOK (31),1207,BURR RIDGE,6,Junio,17,2022,16,34,WOLF ROAD,5,Calle Local - Pueblo,Urbano,Colector Mayor,Town or Township Highway Agency,0,Sin jurisdiccion especial,99998,41.74620556,-87.89606389,Ciclista,El primer evento no fue una colision con un vehiculo automotor en transporte,Four-Way Intersection,Interseccion de 4 direcciones,Sobre Acotamiento,Ninguna,Dia total,Despejado,No,NO APLICA,16,34,16,38,1,17/06/2022,1
17,Illinois,170474,0,0,1,0,91,KANKAKEE (91),0,NO APLICA,6,Junio,14,2022,11,37,SR-1,3,Highway estatal,Rural,Arteria Principal,State Highway Agency,1,Sin jurisdiccion especial,185,41.09703889,-87.72406111,Zanja,El primer evento no fue una colision con un vehiculo automotor en transporte,Not an Intersection,No fue interseccion,Sobre el lado de la calle,Ninguna,Dia total,Despejado,No,NO APLICA,11,37,11,45,1,14/06/2022,1
17,Illinois,170475,0,0,1,0,83,JERSEY (83),0,NO APLICA,6,Junio,17,2022,21,19,SR-16,3,Highway estatal,Urbano,Arteria Menor,State Highway Agency,0,Sin jurisdiccion especial,52,39.11252222,-90.47049722,Animal vivo,El primer evento no fue una colision con un vehiculo automotor en transporte,Not an Intersection,No fue interseccion,Sobre calle,Ninguna,Oscuro - iluminacion desconocida,Despejado,No,NO APLICA,21,20,21,33,2,17/06/2022,2
17,Illinois,170476,0,0,1,0,197,WILL (197),0,NO APLICA,6,Junio,21,2022,3,56,CR-62,4,Calle del Condado,Urbano,Colector Mayor,Town or Township Highway Agency,0,Sin jurisdiccion especial,99998,41.55730278,-88.04419167,Volcadura,El primer evento no fue una colision con un vehiculo automotor en transporte,Not an Intersection,No fue interseccion,Sobre el lado de la calle,Ninguna,Oscuro - iluminacion desconocida,Despejado,No,NO APLICA,99,99,99,99,1,21/06/2022,2
17,Illinois,170477,0,0,3,0,197,WILL (197),0,NO APLICA,6,Junio,21,2022,17,25,W 143RD ST,5,Calle Local - Pueblo,Urbano,Arteria Menor,County Highway Agency,0,Sin jurisdiccion especial,23,41.628075,-87.9785,Vehiculo en movimiento,Angulo,Not an Intersection,No fue interseccion,Sobre calle,Ninguna,Dia total,Despejado,No,NO APLICA,99,99,99,99,2,21/06/2022,7
17,Illinois,170478,0,0,1,0,189,WASHINGTON (189),0,NO APLICA,6,Junio,17,2022,9,14,TOWER RD,5,Calle Local - Pueblo,Rural,Local,Town or Township Highway Agency,0,Sin jurisdiccion especial,13,38.42035833,-89.19141944,Soporte de Puente,El primer evento no fue una colision con un vehiculo automotor en transporte,Not an Intersection,No fue interseccion,Sobre el lado de la calle,Ninguna,Dia total,Nublado,No,NO APLICA,9,15,9,33,1,17/06/2022,1
17,Illinois,170479,0,0,1,0,167,SANGAMON (167),0,NO APLICA,6,Junio,19,2022,6,23,CR-10,4,Calle del Condado,Rural,Colector Mayor,Town or Township Highway Agency,0,Sin jurisdiccion especial,229,39.66063333,-89.9274,Arbol,El primer evento no fue una colision con un vehiculo automotor en transporte,Not an Intersection,No fue interseccion,Sobre el lado de la calle,Ninguna,Amanecer,Despejado,No,NO APLICA,7,35,7,42,1,19/06/2022,1
17,Illinois,170480,0,0,2,0,31,COOK (31),6410,OAK PARK,6,Junio,13,2022,8,50,I-290,1,Interestatal,Urbano,Interestatal,State Highway Agency,1,Sin jurisdiccion especial,216,41.87372778,-87.80405833,Vehiculo en movimiento,Frente a Detrás,Not an Intersection,No fue interseccion,Sobre calle,Ninguna,Dia total,Despejado,No,NO APLICA,8,53,9,5,1,13/06/2022,2
17,Illinois,170481,1,1,2,1,31,COOK (31),1670,CHICAGO,6,Junio,16,2022,9,58,16TH ST,6,Calle Local Municipalidad,Urbano,Colector Mayor,City or Municipal Highway Agency,0,Sin jurisdiccion especial,99998,41.85904167,-87.70976389,Peaton,El primer evento no fue una colision con un vehiculo automotor en transporte,Not an Intersection,No fue interseccion,Sobre calle,Ninguna,Dia total,Despejado,No,NO APLICA,10,0,10,5,1,16/06/2022,1
17,Illinois,170482,0,0,3,0,197,WILL (197),7491,ROMEOVILLE,6,Junio,10,2022,12,26,SR-53,3,Highway estatal,Urbano,Arteria Principal,State Highway Agency,0,Sin jurisdiccion especial,56,41.60893611,-88.0752,Vehiculo en movimiento,Golpe Lateral - misma direccion,Not an Intersection,No fue interseccion,Sobre calle,Ninguna,Dia total,Despejado,No,NO APLICA,99,99,99,99,2,10/06/2022,4
17,Illinois,170483,0,0,3,0,197,WILL (197),4910,LOCKPORT,6,Junio,15,2022,9,42,GAYLORD RD,6,Calle Local Municipalidad,Urbano,Colector Mayor,City or Municipal Highway Agency,0,Sin jurisdiccion especial,99998,41.57883333,-88.14285,Vehiculo en movimiento,Angulo,Not an Intersection,No fue interseccion,Sobre calle,Ninguna,Dia total,Despejado,No,NO APLICA,9,44,9,49,1,15/06/2022,4
17,Illinois,170484,0,0,3,0,31,COOK (31),7502,ROSEMONT,6,Junio,14,2022,23,5,RIVER RD,6,Calle Local Municipalidad,Urbano,Arteria Menor,City or Municipal Highway Agency,0,Sin jurisdiccion especial,99998,41.97694722,-87.86272222,Vehiculo en movimiento,Angulo,T-Intersection,Interseccion de T,Sobre calle,Ninguna,Oscuro con iluminacion,Despejado,No,NO APLICA,23,6,23,6,1,14/06/2022,7
17,Illinois,170485,0,0,2,0,89,KANE (89),0,NO APLICA,6,Junio,15,2022,13,55,SR-31,3,Highway estatal,Urbano,Arteria Menor,State Highway Agency,0,Sin jurisdiccion especial,197,41.90157778,-88.30626667,Vehiculo en movimiento,Frente a frente,Not an Intersection,No fue interseccion,Sobre calle,Ninguna,Dia total,Despejado,No,NO APLICA,13,57,13,59,1,15/06/2022,2
17,Illinois,170486,0,0,2,0,111,MCHENRY (111),0,NO APLICA,6,Junio,12,2022,99,99,CR-A44,4,Calle del Condado,Urbano,Colector Menor,Town or Township Highway Agency,0,Sin jurisdiccion especial,99998,42.21468333,-88.59869167,Vehiculo en movimiento,Angulo,Four-Way Intersection,Interseccion de 4 direcciones,Sobre calle,Ninguna,Dia total,Despejado,No,NO APLICA,99,99,99,99,1,12/06/2022,3