Estado,Nombre de Estado,Numero de Caso,Peatones,Personas _no_vehiculos,Vehiculos automotores,Vehiculos estacionados,Condado,Nombre Condado,Ciudad,Nombre Ciudad,Mes,Nombre Mes,Dia,Año,Hora,Minuto,Calle,Ruta,Nombre Ruta,Rural o Urbanoo,Sistema Funcional,Dueño Calle,Sistema Nacional Carreteras,Jurisdiccion Especial,Milla,Latitud,Longitud,Causa del Accidente,Tipo de Accidente,Tipo Interseccion,Columna1,Lugar en la calle,Zona de Trabajo,Luz,Clima,Autobus Escolar,Cruce de Trenes,Hora Notificacion,Minuto Notificacion,Hora Llegada,Minuto Llegada,Decesos,Fecha,PersonaVehiculo
17,Illinois,170487,0,0,2,0,19,CHAMPAIGN (19),5130,MAHOMET,6,Junio,16,2022,99,99,LOMBARD STREET,6,Calle Local Municipalidad,Urbano,Colector Menor,City or Municipal Highway Agency,0,Sin jurisdiccion especial,0,40.19621111,-88.39878611,Vehiculo en movimiento,Angulo,T-Intersection,Interseccion de T,Sobre calle,Ninguna,Dia total,Despejado,No,NO APLICA,19,17,19,17,1,16/06/2022,2
17,Illinois,170488,0,0,2,0,75,IROQUOIS (75),0,NO APLICA,6,Junio,14,2022,18,55,CR-1300E,4,Calle del Condado,Rural,Local,Town or Township Highway Agency,0,Sin jurisdiccion especial,99998,40.54388333,-87.88061111,Vehiculo en movimiento,Angulo,Four-Way Intersection,Interseccion de 4 direcciones,Sobre calle,Ninguna,Dia total,Despejado,No,NO APLICA,18,55,19,2,1,14/06/2022,2
17,Illinois,170489,0,0,2,0,49,EFFINGHAM (49),0,NO APLICA,6,Junio,17,2022,9,14,US-45,2,US Highway,Urbano,Arteria Menor,State Highway Agency,0,Sin jurisdiccion especial,6,39.15476389,-88.52937222,Vehiculo en movimiento,Angulo,Not an Intersection,No fue interseccion,Sobre calle,Ninguna,Dia total,lluvia,No,NO APLICA,9,14,9,23,1,17/06/2022,2
17,Illinois,170490,0,0,1,0,89,KANE (89),0,NO APLICA,6,Junio,12,2022,18,51,SR-31,3,Highway estatal,Urbano,Arteria Menor,State Highway Agency,0,Sin jurisdiccion especial,135,41.97396944,-88.30636111,Arbol,El primer evento no fue una colision con un vehiculo automotor en transporte,Not an Intersection,No fue interseccion,Sobre el lado de la calle,Ninguna,Dia total,Despejado,No,NO APLICA,18,54,18,56,1,12/06/2022,1
17,Illinois,170491,0,0,1,0,31,COOK (31),1670,CHICAGO,6,Junio,18,2022,3,20,I-290,1,Interestatal,Urbano,Interestatal,State Highway Agency,1,Sin jurisdiccion especial,237,41.87150556,-87.76263056,Valla Ferrocarril,El primer evento no fue una colision con un vehiculo automotor en transporte,Not an Intersection,No fue interseccion,Sobre el lado de la calle,Ninguna,Oscuro con iluminacion,Despejado,No,NO APLICA,3,20,3,25,2,18/06/2022,2
17,Illinois,170492,0,0,1,0,117,MACOUPIN (117),0,NO APLICA,6,Junio,21,2022,23,6,CHESTERFIELD RD,5,Calle Local - Pueblo,Rural,Local,Town or Township Highway Agency,0,Sin jurisdiccion especial,99998,39.2229,-90.06405556,Volcadura,El primer evento no fue una colision con un vehiculo automotor en transporte,Not an Intersection,No fue interseccion,Sobre el lado de la calle,Ninguna,Oscuro - iluminacion desconocida,Despejado,No,NO APLICA,23,6,23,15,1,21/06/2022,3
17,Illinois,170493,1,1,1,0,31,COOK (31),1670,CHICAGO,6,Junio,2,2022,17,59,EASTWOOD AVE,6,Calle Local Municipalidad,Urbano,Local,City or Municipal Highway Agency,0,Sin jurisdiccion especial,99998,41.96594167,-87.68439167,No vehiculo o remolque,El primer evento no fue una colision con un vehiculo automotor en transporte,Not an Intersection,No fue interseccion,Sobre calle,Ninguna,Dia total,Despejado,No,NO APLICA,17,45,17,55,1,02/06/2022,1
17,Illinois,170494,1,1,1,0,163,ST. CLAIR (163),1240,CAHOKIA,6,Junio,25,2022,5,29,SR-157,3,Highway estatal,Urbano,Arteria Principal,State Highway Agency,1,Sin jurisdiccion especial,26,38.54972222,-90.15254722,Peaton,El primer evento no fue una colision con un vehiculo automotor en transporte,Not an Intersection,No fue interseccion,Sobre calle,Ninguna,Amanecer,Despejado,No,NO APLICA,5,29,5,29,1,25/06/2022,1
17,Illinois,170495,1,1,1,0,31,COOK (31),5790,MORTON GROVE,6,Junio,25,2022,20,47,OAKTON ST,8,Otro,Urbano,Arteria Menor,State Highway Agency,0,Sin jurisdiccion especial,99998,42.02638333,-87.76212222,Peaton,El primer evento no fue una colision con un vehiculo automotor en transporte,Four-Way Intersection,Interseccion de 4 direcciones,Sobre calle,Ninguna,Oscuro con iluminacion,Despejado,No,NO APLICA,8,48,8,50,1,25/06/2022,1
17,Illinois,170496,0,0,1,0,115,MACON (115),0,NO APLICA,6,Junio,5,2022,20,11,SR-121,3,Highway estatal,Rural,Arteria Principal,State Highway Agency,1,Sin jurisdiccion especial,23,39.94728333,-89.10484167,Zanja,El primer evento no fue una colision con un vehiculo automotor en transporte,Not an Intersection,No fue interseccion,Sobre el lado de la calle,Ninguna,Atardecer,Despejado,No,NO APLICA,20,8,20,22,1,05/06/2022,1
17,Illinois,170497,1,1,1,0,31,COOK (31),0,NO APLICA,6,Junio,16,2022,9,59,SR-59,3,Highway estatal,Urbano,Arteria Principal,State Highway Agency,1,Sin jurisdiccion especial,37,42.06082778,-88.19343056,Ciclista,El primer evento no fue una colision con un vehiculo automotor en transporte,Four-Way Intersection,Interseccion de 4 direcciones,Sobre calle,Ninguna,Dia total,Despejado,No,NO APLICA,9,59,10,6,1,16/06/2022,1
17,Illinois,170498,0,0,1,0,43,DUPAGE (43),0,NO APLICA,6,Junio,12,2022,22,54,I-88,1,Interestatal,Urbano,Interestatal,State Highway Agency,1,Sin jurisdiccion especial,1293,41.80619444,-88.084275,Barrera de Trafico de Concreto,El primer evento no fue una colision con un vehiculo automotor en transporte,Not an Intersection,No fue interseccion,En el medio,Ninguna,Oscuro con iluminacion,Despejado,No,NO APLICA,22,54,23,2,1,12/06/2022,1
17,Illinois,170499,0,0,1,0,119,MADISON (119),0,NO APLICA,6,Junio,19,2022,8,36,I-255,1,Interestatal,Urbano,Arterial Principal -Freeway o ExpressWay,State Highway Agency,1,Sin jurisdiccion especial,107,38.90622222,-90.06431111,Valla Ferrocarril,El primer evento no fue una colision con un vehiculo automotor en transporte,Not an Intersection,No fue interseccion,Sobre el lado de la calle,Ninguna,Dia total,Despejado,No,NO APLICA,8,36,8,39,1,19/06/2022,2
17,Illinois,170500,0,0,2,1,91,KANKAKEE (91),5200,MANTENO,6,Junio,26,2022,22,19,N HICKORY STREET,6,Calle Local Municipalidad,Urbano,Local,City or Municipal Highway Agency,0,Sin jurisdiccion especial,0,41.25141389,-87.83738611,Vehiculo Aparcado,El primer evento no fue una colision con un vehiculo automotor en transporte,Not an Intersection,No fue interseccion,"Fuera de la calle, ubicacion desconocida","Zona de trabajo, tipo desconocido",Oscuro - iluminacion desconocida,Despejado,No,NO APLICA,99,99,99,99,1,26/06/2022,1
17,Illinois,170501,0,0,1,0,31,COOK (31),0,NO APLICA,6,Junio,19,2022,13,35,I-57,1,Interestatal,Urbano,Interestatal,State Highway Agency,1,Sin jurisdiccion especial,3391,41.48405833,-87.74654444,Culvert,El primer evento no fue una colision con un vehiculo automotor en transporte,Not an Intersection,No fue interseccion,Sobre el lado de la calle,Ninguna,Dia total,Despejado,No,NO APLICA,13,39,13,50,1,19/06/2022,2
17,Illinois,170502,0,0,1,0,31,COOK (31),1670,CHICAGO,6,Junio,27,2022,22,50,I-94,1,Interestatal,Urbano,Interestatal,State Highway Agency,1,Sin jurisdiccion especial,667,41.686575,-87.60119167,Volcadura,El primer evento no fue una colision con un vehiculo automotor en transporte,Not an Intersection,No fue interseccion,Sobre calle,Ninguna,Oscuro con iluminacion,Despejado,No,NO APLICA,99,99,99,99,1,27/06/2022,1
17,Illinois,170503,0,0,1,0,201,WINNEBAGO (201),5087,MACHESNEY PARK,6,Junio,14,2022,21,35,VENTURA BLVD,6,Calle Local Municipalidad,Urbano,Colector Menor,City or Municipal Highway Agency,0,Sin jurisdiccion especial,5,42.37655833,-89.05526944,Buzon de correo,El primer evento no fue una colision con un vehiculo automotor en transporte,Not an Intersection,No fue interseccion,Sobre el lado de la calle,Ninguna,Oscuro - iluminacion desconocida,Despejado,No,NO APLICA,99,99,99,99,1,14/06/2022,3
17,Illinois,170504,0,0,1,0,113,MCLEAN (113),840,BLOOMINGTON,6,Junio,24,2022,1,31,CR-70,4,Calle del Condado,Urbano,Arteria Menor,City or Municipal Highway Agency,0,Sin jurisdiccion especial,99998,40.48451944,-89.01455278,Arbol,El primer evento no fue una colision con un vehiculo automotor en transporte,T-Intersection,Interseccion de T,Sobre el lado de la calle,Ninguna,Oscuro con iluminacion,Despejado,No,NO APLICA,1,33,1,36,1,24/06/2022,1
17,Illinois,170505,1,1,1,0,31,COOK (31),0,NO APLICA,6,Junio,27,2022,20,0,SR-171 FIRST AVE,3,Highway estatal,Urbano,Arteria Principal,State Highway Agency,1,Sin jurisdiccion especial,92,41.85046111,-87.83280833,Peaton,El primer evento no fue una colision con un vehiculo automotor en transporte,Not an Intersection,No fue interseccion,Sobre calle,Ninguna,Reportada como desconocida,Despejado,No,NO APLICA,99,99,99,99,1,27/06/2022,1
17,Illinois,170506,0,0,1,0,177,STEPHENSON (177),0,NO APLICA,6,Junio,26,2022,0,43,US-20,2,US Highway,Rural,Arteria Principal,State Highway Agency,1,Sin jurisdiccion especial,92,42.328525,-89.75848056,Volcadura,El primer evento no fue una colision con un vehiculo automotor en transporte,Not an Intersection,No fue interseccion,Sobre el lado de la calle,Ninguna,Oscuro - iluminacion desconocida,Despejado,No,NO APLICA,0,43,0,55,1,26/06/2022,2
17,Illinois,170507,0,0,1,0,1,ADAMS (1),0,NO APLICA,6,Junio,22,2022,13,37,N 2353 AVE,5,Calle Local - Pueblo,Rural,Arteria Principal,County Highway Agency,0,Sin jurisdiccion especial,0,40.09901944,-91.26243611,Volcadura,El primer evento no fue una colision con un vehiculo automotor en transporte,Not an Intersection,No fue interseccion,Sobre calle,Ninguna,Dia total,Despejado,No,NO APLICA,99,99,99,99,1,22/06/2022,1
17,Illinois,170508,0,0,1,0,31,COOK (31),1163,BUFFALO GROVE,6,Junio,26,2022,1,30,ARLINGTON HEIGHTS RD,5,Calle Local - Pueblo,Urbano,Arteria Menor,Town or Township Highway Agency,0,Sin jurisdiccion especial,99998,42.13925556,-87.98505,Poste,El primer evento no fue una colision con un vehiculo automotor en transporte,Four-Way Intersection,Interseccion de 4 direcciones,Sobre el lado de la calle,Ninguna,Oscuro con iluminacion,Despejado,No,NO APLICA,1,37,1,42,1,26/06/2022,1
17,Illinois,170509,0,0,1,0,91,KANKAKEE (91),0,NO APLICA,6,Junio,26,2022,3,39,I-57,1,Interestatal,Rural,Interestatal,State Highway Agency,1,Sin jurisdiccion especial,3039,41.03029722,-87.89766389,Otro objeto (fijo),El primer evento no fue una colision con un vehiculo automotor en transporte,Not an Intersection,No fue interseccion,Sobre Acotamiento,Construccion,Oscuro - iluminacion desconocida,Despejado,No,NO APLICA,3,39,3,57,1,26/06/2022,3
17,Illinois,170510,0,0,2,0,97,LAKE (97),0,NO APLICA,6,Junio,22,2022,19,40,I-94,1,Interestatal,Urbano,Interestatal,State Highway Agency,1,Sin jurisdiccion especial,100,42.35638333,-87.93327222,Vehiculo en movimiento,Golpe Lateral - misma direccion,Not an Intersection,No fue interseccion,Sobre calle,Ninguna,Dia total,Despejado,No,NO APLICA,99,99,99,99,1,22/06/2022,2
17,Illinois,170511,0,0,1,0,177,STEPHENSON (177),0,NO APLICA,6,Junio,27,2022,19,0,STEPHENSON ST RD,5,Calle Local - Pueblo,Rural,Local,Town or Township Highway Agency,0,Sin jurisdiccion especial,99998,42.29970278,-89.70471111,Valla Ferrocarril,El primer evento no fue una colision con un vehiculo automotor en transporte,Not an Intersection,No fue interseccion,Sobre el lado de la calle,Ninguna,Dia total,Despejado,No,NO APLICA,19,9,19,20,1,27/06/2022,1
17,Illinois,170512,0,0,1,0,31,COOK (31),0,NO APLICA,6,Junio,25,2022,2,8,I-294,1,Interestatal,Urbano,Interestatal,State Toll Road,1,Sin jurisdiccion especial,3,42.15255,-87.87225278,Barrera de Trafico de Concreto,El primer evento no fue una colision con un vehiculo automotor en transporte,Not an Intersection,No fue interseccion,En el medio,Ninguna,Oscuro - iluminacion desconocida,Despejado,No,NO APLICA,2,10,2,23,1,25/06/2022,1
17,Illinois,170513,0,0,2,0,19,CHAMPAIGN (19),0,NO APLICA,6,Junio,16,2022,21,17,CR-12,4,Calle del Condado,Rural,Colector Mayor,County Highway Agency,0,Sin jurisdiccion especial,99998,40.16775556,-88.04797778,Vehiculo en movimiento,Frente a Detrás,Not an Intersection,No fue interseccion,Sobre calle,Ninguna,Oscuro - iluminacion desconocida,Despejado,No,NO APLICA,21,17,21,29,1,16/06/2022,4
17,Illinois,170514,0,0,2,0,31,COOK (31),1670,CHICAGO,6,Junio,22,2022,2,30,I-55,1,Interestatal,Urbano,Interestatal,State Highway Agency,1,Sin jurisdiccion especial,2856,41.81084444,-87.76346111,Vehiculo en movimiento,Angulo,Not an Intersection,No fue interseccion,Sobre calle,Ninguna,Oscuro con iluminacion,Despejado,No,NO APLICA,99,99,99,99,1,22/06/2022,2
17,Illinois,170515,0,0,2,0,121,MARION (121),0,NO APLICA,6,Junio,23,2022,9,51,SR-37,3,Highway estatal,Rural,Arteria Menor,State Highway Agency,0,Sin jurisdiccion especial,38,38.54514167,-88.94068333,Vehiculo en movimiento,Frente a frente,Not an Intersection,No fue interseccion,Sobre calle,Ninguna,Dia total,Despejado,No,NO APLICA,99,99,99,99,1,23/06/2022,2
17,Illinois,170516,0,0,2,0,111,MCHENRY (111),0,NO APLICA,6,Junio,2,2022,11,34,CR-V40,4,Calle del Condado,Urbano,Colector Mayor,Town or Township Highway Agency,0,Sin jurisdiccion especial,99998,42.41534444,-88.24739722,Vehiculo en movimiento,Angulo,Four-Way Intersection,Interseccion de 4 direcciones,Sobre calle,Ninguna,Dia total,Despejado,No,NO APLICA,11,35,11,41,1,02/06/2022,2
17,Illinois,170517,0,0,2,0,11,BUREAU (11),0,NO APLICA,6,Junio,2,2022,17,41,CR-1200 E,4,Calle del Condado,Rural,Local,Town or Township Highway Agency,0,Sin jurisdiccion especial,99998,41.33549444,-89.62568056,Vehiculo en movimiento,Angulo,Not an Intersection,No fue interseccion,Sobre calle,Ninguna,Dia total,Despejado,No,NO APLICA,17,41,18,0,1,02/06/2022,2
17,Illinois,170518,0,0,4,0,3,ALEXANDER (3),0,NO APLICA,6,Junio,20,2022,9,33,SR-146,3,Highway estatal,Rural,Arteria Principal,State Highway Agency,1,Sin jurisdiccion especial,73,37.33232778,-89.41158056,Vehiculo en movimiento,Golpe Lateral - direccion contraria,Not an Intersection,No fue interseccion,Sobre calle,Ninguna,Dia total,Despejado,No,NO APLICA,9,33,9,45,1,20/06/2022,4
17,Illinois,170519,0,0,2,0,31,COOK (31),0,NO APLICA,6,Junio,28,2022,16,17,I-294,1,Interestatal,Urbano,Interestatal,State Toll Road,1,Sin jurisdiccion especial,282,41.78075833,-87.907675,Vehiculo en movimiento,Frente a Detrás,Not an Intersection,No fue interseccion,Sobre calle,Construccion,Dia total,Despejado,No,NO APLICA,16,22,16,41,1,28/06/2022,3
17,Illinois,170520,0,0,2,0,167,SANGAMON (167),0,NO APLICA,6,Junio,29,2022,23,21,I-72,1,Interestatal,Rural,Interestatal,State Highway Agency,1,Sin jurisdiccion especial,1188,39.83784722,-89.3282,Vehiculo en movimiento,Frente a frente,Not an Intersection,No fue interseccion,Sobre calle,Ninguna,Oscuro - iluminacion desconocida,Despejado,No,NO APLICA,23,22,23,32,2,29/06/2022,2
17,Illinois,170521,0,0,2,0,111,MCHENRY (111),0,NO APLICA,6,Junio,9,2022,22,1,SR-173,3,Highway estatal,Rural,Arteria Principal,State Highway Agency,1,Sin jurisdiccion especial,76,42.430375,-88.57621389,Vehiculo en movimiento,Angulo,Not an Intersection,No fue interseccion,Sobre calle,Ninguna,Oscuro - iluminacion desconocida,Despejado,No,NO APLICA,22,1,22,10,1,09/06/2022,2
17,Illinois,170522,0,0,2,0,197,WILL (197),0,NO APLICA,6,Junio,29,2022,11,12,I-80 EB TO IL-53 S,1,Interestatal,Urbano,Interestatal,State Highway Agency,1,Sin jurisdiccion especial,99998,41.51110833,-88.084875,Vehiculo en movimiento,Frente a Detrás,Not an Intersection,No fue interseccion,Sobre calle,Construccion,Dia total,Despejado,No,NO APLICA,11,13,99,99,1,29/06/2022,2
17,Illinois,170523,0,1,2,1,31,COOK (31),8120,SOUTH HOLLAND,6,Junio,21,2022,10,15,I-94,1,Interestatal,Urbano,Interestatal,State Highway Agency,1,Sin jurisdiccion especial,741,41.58558056,-87.58328889,Vehiculo Aparcado,El primer evento no fue una colision con un vehiculo automotor en transporte,Not an Intersection,No fue interseccion,Gore?,Ninguna,Dia total,Despejado,No,NO APLICA,10,40,10,45,1,21/06/2022,1
17,Illinois,170524,0,0,2,0,99,LASALLE (99),0,NO APLICA,6,Junio,24,2022,7,8,SR-18,3,Highway estatal,Rural,Arteria Principal,State Highway Agency,1,Sin jurisdiccion especial,261,41.12054167,-88.89319167,Vehiculo en movimiento,Angulo,Four-Way Intersection,Interseccion de 4 direcciones,Sobre calle,Ninguna,Dia total,Despejado,No,NO APLICA,7,7,7,18,1,24/06/2022,3
17,Illinois,170525,0,0,3,0,31,COOK (31),3080,FLOSSMOOR,6,Junio,2,2022,8,53,VOLLMER RD,5,Calle Local - Pueblo,Urbano,Arteria Menor,Town or Township Highway Agency,0,Sin jurisdiccion especial,45,41.52798333,-87.70363889,Vehiculo en movimiento,Frente a Detrás,Not an Intersection,No fue interseccion,Sobre calle,Ninguna,Dia total,Despejado,No,NO APLICA,8,53,9,0,1,02/06/2022,3
17,Illinois,170526,0,0,3,0,197,WILL (197),5980,NAPERVILLE,6,Junio,18,2022,8,16,CR-14,4,Calle del Condado,Urbano,Arteria Menor,Town or Township Highway Agency,0,Sin jurisdiccion especial,6,41.71706111,-88.16726667,Soporte de  señalamiento de transito,El primer evento no fue una colision con un vehiculo automotor en transporte,Not an Intersection,No fue interseccion,Sobre el lado de la calle,Ninguna,Dia total,Despejado,No,NO APLICA,8,17,8,21,1,18/06/2022,4
17,Illinois,170527,0,0,5,0,31,COOK (31),0,NO APLICA,6,Junio,1,2022,20,42,SR-394,3,Highway estatal,Urbano,Arterial Principal -Freeway o ExpressWay,State Highway Agency,1,Sin jurisdiccion especial,119,41.54292222,-87.58237778,Vehiculo en movimiento,Frente a Detrás,Not an Intersection,No fue interseccion,Sobre calle,Construccion,Oscuro - iluminacion desconocida,Despejado,No,NO APLICA,20,42,20,55,1,01/06/2022,8
17,Illinois,170528,0,0,2,0,31,COOK (31),2719,ELK GROVE VILLAGE,6,Junio,28,2022,7,59,SR-83,3,Highway estatal,Urbano,Arteria Principal,State Highway Agency,1,Sin jurisdiccion especial,536,42.00774722,-87.95965833,Vehiculo en movimiento,Angulo,Four-Way Intersection,Interseccion de 4 direcciones,Sobre calle,Ninguna,Dia total,Despejado,No,NO APLICA,8,0,8,2,1,28/06/2022,2
17,Illinois,170529,0,0,1,0,197,WILL (197),4000,HOMER TOWNSHIP,6,Junio,25,2022,12,32,I-355,1,Interestatal,Urbano,Interestatal,State Toll Road,1,Sin jurisdiccion especial,49,41.59359722,-88.00941667,Valla Ferrocarril,El primer evento no fue una colision con un vehiculo automotor en transporte,Not an Intersection,No fue interseccion,Sobre el lado de la calle,Ninguna,Dia total,lluvia,No,NO APLICA,12,38,12,46,1,25/06/2022,2
17,Illinois,170530,0,0,1,0,157,RANDOLPH (157),0,NO APLICA,6,Junio,8,2022,18,57,SR-154,3,Highway estatal,Rural,Arteria Menor,State Highway Agency,0,Sin jurisdiccion especial,204,38.11159167,-89.66696944,Zanja,El primer evento no fue una colision con un vehiculo automotor en transporte,Not an Intersection,No fue interseccion,Sobre el lado de la calle,Ninguna,Dia total,Despejado,No,NO APLICA,19,1,19,6,1,08/06/2022,1
17,Illinois,170531,1,1,1,0,31,COOK (31),3800,HARWOOD HEIGHTS,6,Junio,28,2022,22,40,FOREST PRESERVE DR,8,Otro,Urbano,Colector Mayor,State Highway Agency,0,Sin jurisdiccion especial,29,41.9589,-87.79679167,Peaton,El primer evento no fue una colision con un vehiculo automotor en transporte,Not an Intersection,No fue interseccion,Sobre calle,Ninguna,Oscuro con iluminacion,Despejado,No,NO APLICA,22,34,22,44,1,28/06/2022,1
17,Illinois,170532,0,0,1,0,99,LASALLE (99),6630,OTTAWA,6,Junio,30,2022,0,0,ALLEN PARK RD,6,Calle Local Municipalidad,Urbano,Local,City or Municipal Highway Agency,0,Sin jurisdiccion especial,99998,41.340825,-88.845525,Immersion total o parcial,El primer evento no fue una colision con un vehiculo automotor en transporte,Not an Intersection,No fue interseccion,Sobre el lado de la calle,Ninguna,Oscuro - iluminacion desconocida,Despejado,No,NO APLICA,0,2,0,7,1,30/06/2022,1
17,Illinois,170533,1,1,1,0,31,COOK (31),1730,CICERO,6,Junio,9,2022,23,17,SR-50,3,Highway estatal,Urbano,Arteria Principal,State Highway Agency,1,Sin jurisdiccion especial,168,41.84566944,-87.74407778,Peaton,El primer evento no fue una colision con un vehiculo automotor en transporte,Not an Intersection,No fue interseccion,Sobre calle,Ninguna,Oscuro con iluminacion,Despejado,No,NO APLICA,23,17,23,22,1,09/06/2022,3
17,Illinois,170534,0,0,2,0,201,WINNEBAGO (201),7460,ROCKFORD,6,Junio,23,2022,12,11,CR-7,4,Calle del Condado,Urbano,Arteria Principal,Town or Township Highway Agency,1,Sin jurisdiccion especial,99998,42.30701111,-89.04546944,Vehiculo en movimiento,Angulo,T-Intersection,Interseccion de T,Sobre calle,Ninguna,Dia total,Despejado,No,NO APLICA,12,11,12,17,1,23/06/2022,9
17,Illinois,170535,0,0,1,0,31,COOK (31),0,NO APLICA,6,Junio,24,2022,9,17,I-90,1,Interestatal,Urbano,Interestatal,State Toll Road,1,Sin jurisdiccion especial,750,42.01185556,-87.91481944,Barrera de Trafico de Concreto,El primer evento no fue una colision con un vehiculo automotor en transporte,Not an Intersection,No fue interseccion,Sobre el lado de la calle,Ninguna,Dia total,Despejado,No,NO APLICA,9,17,9,25,1,24/06/2022,2
17,Illinois,170536,0,0,2,0,137,MORGAN (137),4250,JACKSONVILLE,6,Junio,9,2022,11,11,US-67,2,US Highway,Urbano,Arteria Principal,State Highway Agency,1,Sin jurisdiccion especial,15,39.723225,-90.24626944,Vehiculo en movimiento,Angulo,Not an Intersection,No fue interseccion,Sobre calle,Ninguna,Dia total,Despejado,No,NO APLICA,99,99,99,99,1,09/06/2022,2
17,Illinois,170537,0,0,2,0,167,SANGAMON (167),8220,SPRINGFIELD,6,Junio,1,2022,11,0,WABASH AVE,8,Otro,Urbano,Arteria Principal,State Highway Agency,1,Sin jurisdiccion especial,99998,39.76519167,-89.66809167,Vehiculo en movimiento,Frente a frente,Four-Way Intersection,Interseccion de 4 direcciones,Sobre calle,Ninguna,Dia total,lluvia,No,NO APLICA,11,4,11,10,1,01/06/2022,3
17,Illinois,170538,0,0,1,0,31,COOK (31),1670,CHICAGO,6,Junio,13,2022,1,0,I-94,1,Interestatal,Urbano,Interestatal,State Highway Agency,1,Sin jurisdiccion especial,687,41.66011667,-87.5888,Valla Ferrocarril,El primer evento no fue una colision con un vehiculo automotor en transporte,Not an Intersection,No fue interseccion,Sobre el lado de la calle,Ninguna,Oscuro con iluminacion,Despejado,No,NO APLICA,1,2,1,13,1,13/06/2022,1
17,Illinois,170539,0,1,2,1,31,COOK (31),4680,LANSING,6,Junio,15,2022,4,39,I-80,1,Interestatal,Urbano,Interestatal,State Highway Agency,1,Sin jurisdiccion especial,1617,41.57785,-87.559225,Vehiculo Aparcado,El primer evento no fue una colision con un vehiculo automotor en transporte,Not an Intersection,No fue interseccion,Sobre Acotamiento,Ninguna,Dia total,Despejado,No,NO APLICA,4,39,4,45,1,15/06/2022,1
17,Illinois,170540,0,0,2,0,31,COOK (31),1670,CHICAGO,6,Junio,19,2022,1,18,87TH ST,6,Calle Local Municipalidad,Urbano,Arteria Principal,City or Municipal Highway Agency,0,Sin jurisdiccion especial,99998,41.73580278,-87.66306111,Vehiculo en movimiento,Angulo,Four-Way Intersection,Interseccion de 4 direcciones,Sobre calle,Ninguna,Oscuro con iluminacion,Despejado,No,NO APLICA,99,99,99,99,1,19/06/2022,7
17,Illinois,170541,0,0,2,0,121,MARION (121),0,NO APLICA,6,Junio,17,2022,15,43,SR-37,3,Highway estatal,Rural,Arteria Menor,State Highway Agency,0,Sin jurisdiccion especial,75,38.491125,-88.94123611,Vehiculo en movimiento,Angulo,Four-Way Intersection,Interseccion de 4 direcciones,Sobre calle,Ninguna,Dia total,Despejado,No,NO APLICA,15,43,99,99,1,17/06/2022,2
17,Illinois,170542,0,0,2,0,31,COOK (31),1670,CHICAGO,6,Junio,30,2022,15,57,103RD ST,8,Otro,Urbano,Arteria Menor,State Highway Agency,0,Sin jurisdiccion especial,99998,41.706125,-87.70623889,Vehiculo en movimiento,Frente a frente,Four-Way Intersection,Interseccion de 4 direcciones,Sobre calle,Ninguna,Dia total,Despejado,No,NO APLICA,16,2,16,7,1,30/06/2022,3
17,Illinois,170543,0,0,1,0,31,COOK (31),0,NO APLICA,6,Junio,17,2022,0,6,I-80,1,Interestatal,Urbano,Interestatal,State Highway Agency,1,Sin jurisdiccion especial,1627,41.57793333,-87.53915556,Barrera de Trafico de Concreto,El primer evento no fue una colision con un vehiculo automotor en transporte,Not an Intersection,No fue interseccion,En el medio,Ninguna,Oscuro con iluminacion,Despejado,No,NO APLICA,0,9,0,29,1,17/06/2022,2
17,Illinois,170544,1,1,1,0,31,COOK (31),1670,CHICAGO,6,Junio,24,2022,16,7,AUSTIN AVE,6,Calle Local Municipalidad,Urbano,Colector Mayor,City or Municipal Highway Agency,0,Sin jurisdiccion especial,99998,41.77845556,-87.7715,Ciclista,El primer evento no fue una colision con un vehiculo automotor en transporte,Not an Intersection,No fue interseccion,Sobre calle,Ninguna,Dia total,Despejado,No,NO APLICA,99,99,99,99,1,24/06/2022,1
17,Illinois,170545,0,0,1,0,31,COOK (31),1670,CHICAGO,7,Julio,2,2022,17,50,PULASKI RD,8,Otro,Urbano,Arteria Menor,State Highway Agency,0,Sin jurisdiccion especial,99998,41.87235556,-87.72539722,Banqueta,El primer evento no fue una colision con un vehiculo automotor en transporte,Not an Intersection,No fue interseccion,Sobre el lado de la calle,Ninguna,Dia total,Despejado,No,NO APLICA,99,99,17,56,1,02/07/2022,1
17,Illinois,170546,0,0,2,0,119,MADISON (119),3900,HIGHLAND,7,Julio,3,2022,19,24,FRANK WATSON PKWY,6,Calle Local Municipalidad,Urbano,Arteria Menor,City or Municipal Highway Agency,0,Sin jurisdiccion especial,99998,38.74965833,-89.69524444,Vehiculo en movimiento,Angulo,Y-Intersection,Interseccion de Y,Sobre calle,Ninguna,Dia total,Despejado,No,NO APLICA,19,24,19,26,2,03/07/2022,3
17,Illinois,170547,0,0,2,0,163,ST. CLAIR (163),0,NO APLICA,7,Julio,2,2022,6,32,I-255 RAMP TO STATE ST,1,Interestatal,Urbano,Interestatal,State Highway Agency,1,Sin jurisdiccion especial,2,38.60466111,-90.08611944,Vehiculo en movimiento,Frente a frente,Not an Intersection,No fue interseccion,Sobre calle,Ninguna,Dia total,Despejado,No,NO APLICA,6,32,6,44,1,02/07/2022,7