Estado,Nombre de Estado,Numero de Caso,Peatones,Personas _no_vehiculos,Vehiculos automotores,Vehiculos estacionados,Condado,Nombre Condado,Ciudad,Nombre Ciudad,Mes,Nombre Mes,Dia,Año,Hora,Minuto,Calle,Ruta,Nombre Ruta,Rural o Urbanoo,Sistema Funcional,Dueño Calle,Sistema Nacional Carreteras,Jurisdiccion Especial,Milla,Latitud,Longitud,Causa del Accidente,Tipo de Accidente,Tipo Interseccion,Columna1,Lugar en la calle,Zona de Trabajo,Luz,Clima,Autobus Escolar,Cruce de Trenes,Hora Notificacion,Minuto Notificacion,Hora Llegada,Minuto Llegada,Decesos,Fecha,PersonaVehiculo
17,Illinois,170548,0,0,1,0,31,COOK (31),1670,CHICAGO,7,Julio,4,2022,1,9,EMERALD AVE,6,Calle Local Municipalidad,Urbano,Local,City or Municipal Highway Agency,0,Sin jurisdiccion especial,99998,41.79230278,-87.64389167,Otro objeto (fijo),El primer evento no fue una colision con un vehiculo automotor en transporte,Not an Intersection,No fue interseccion,Sobre el lado de la calle,Ninguna,Oscuro con iluminacion,Despejado,No,NO APLICA,99,99,99,99,1,04/07/2022,1
17,Illinois,170549,0,0,3,0,31,COOK (31),1670,CHICAGO,7,Julio,4,2022,16,42,91ST ST,6,Calle Local Municipalidad,Urbano,Colector Menor,City or Municipal Highway Agency,0,Sin jurisdiccion especial,99998,41.73005556,-87.55123056,Vehiculo en movimiento,Angulo,Four-Way Intersection,Interseccion de 4 direcciones,Sobre calle,Ninguna,Dia total,Despejado,No,NO APLICA,99,99,16,50,1,04/07/2022,5
17,Illinois,170550,0,0,2,1,31,COOK (31),1670,CHICAGO,5,Mayo,28,2022,1,50,NONE,8,Otro,Trafficway Not in State Inventory,Via no en inventario estatal,Trafficway Not in State Inventory,0,Sin jurisdiccion especial,0,41.86678333,-87.68574444,Barda,El primer evento no fue una colision con un vehiculo automotor en transporte,Not an Intersection,No fue interseccion,Fuera de la calle,Ninguna,Oscuro - iluminacion desconocida,Despejado,No,NO APLICA,1,55,2,20,1,28/05/2022,2
17,Illinois,170551,1,1,1,0,31,COOK (31),1670,CHICAGO,7,Julio,4,2022,3,35,PULASKI RD,8,Otro,Urbano,Arteria Menor,State Highway Agency,0,Sin jurisdiccion especial,99998,41.83375833,-87.72428056,Peaton,El primer evento no fue una colision con un vehiculo automotor en transporte,Not an Intersection,No fue interseccion,Sobre calle,Ninguna,Oscuro - iluminacion desconocida,Despejado,No,NO APLICA,3,40,3,47,1,04/07/2022,1
17,Illinois,170552,1,1,1,0,163,ST. CLAIR (163),0,NO APLICA,7,Julio,1,2022,2,9,I-64,1,Interestatal,Urbano,Interestatal,State Highway Agency,1,Sin jurisdiccion especial,33,38.62865278,-90.13971389,Peaton,El primer evento no fue una colision con un vehiculo automotor en transporte,Not an Intersection,No fue interseccion,Sobre calle,Ninguna,Oscuro - iluminacion desconocida,Despejado,No,NO APLICA,2,9,2,25,1,01/07/2022,4
17,Illinois,170553,1,1,1,0,173,SHELBY (173),7920,SHELBYVILLE,7,Julio,1,2022,13,52,SR-128,3,Highway estatal,Rural,Arteria Principal,State Highway Agency,1,Sin jurisdiccion especial,1109,39.40651389,-88.80714444,No vehiculo o remolque,El primer evento no fue una colision con un vehiculo automotor en transporte,Four-Way Intersection,Interseccion de 4 direcciones,Sobre calle,Ninguna,Dia total,Despejado,No,NO APLICA,1,54,1,55,1,01/07/2022,1
17,Illinois,170554,1,1,1,0,97,LAKE (97),3580,GRAYSLAKE,7,Julio,1,2022,23,12,SR-83,3,Highway estatal,Urbano,Arteria Principal,State Highway Agency,1,Sin jurisdiccion especial,0,42.30598889,-88.02898333,No vehiculo o remolque,El primer evento no fue una colision con un vehiculo automotor en transporte,Four-Way Intersection,Interseccion de 4 direcciones,Sobre calle,Ninguna,Oscuro sin iluminacion,Despejado,No,NO APLICA,23,12,23,18,1,01/07/2022,5
17,Illinois,170555,0,0,1,0,183,VERMILION (183),0,NO APLICA,7,Julio,1,2022,6,43,CR-26,4,Calle del Condado,Rural,Local,Town or Township Highway Agency,0,Sin jurisdiccion especial,99998,39.95040278,-87.59833611,Otro objeto (fijo),El primer evento no fue una colision con un vehiculo automotor en transporte,Not an Intersection,No fue interseccion,Sobre el lado de la calle,Ninguna,Dia total,Despejado,No,NO APLICA,6,47,6,53,1,01/07/2022,1
17,Illinois,170556,0,0,1,0,189,WASHINGTON (189),0,NO APLICA,7,Julio,8,2022,23,12,SR-15,3,Highway estatal,Rural,Arteria Menor,State Highway Agency,0,Sin jurisdiccion especial,159,38.34648056,-89.41886944,Culvert,El primer evento no fue una colision con un vehiculo automotor en transporte,Not an Intersection,No fue interseccion,Sobre el lado de la calle,Ninguna,Oscuro - iluminacion desconocida,Despejado,No,NO APLICA,23,13,23,18,1,08/07/2022,1
17,Illinois,170557,0,0,1,0,127,MASSAC (127),5530,METROPOLIS,7,Julio,3,2022,12,10,US-45,2,US Highway,Urbano,Arteria Principal,State Highway Agency,1,Sin jurisdiccion especial,24,37.16157222,-88.70228611,Zanja,El primer evento no fue una colision con un vehiculo automotor en transporte,Not an Intersection,No fue interseccion,Sobre el lado de la calle,Ninguna,Dia total,Despejado,No,NO APLICA,12,15,12,20,1,03/07/2022,1
17,Illinois,170558,0,0,1,0,31,COOK (31),0,NO APLICA,6,Junio,12,2022,12,23,I-90,1,Interestatal,Rural,Interestatal,State Toll Road,1,Sin jurisdiccion especial,620,42.06668056,-88.14861667,Barrera de Trafico de Concreto,El primer evento no fue una colision con un vehiculo automotor en transporte,Not an Intersection,No fue interseccion,En el medio,Ninguna,Dia total,Despejado,No,NO APLICA,12,23,12,23,1,12/06/2022,8
17,Illinois,170559,0,0,1,0,89,KANE (89),0,NO APLICA,7,Julio,4,2022,0,44,RIDGEFIELD BLVD,5,Calle Local - Pueblo,Rural,Local,Town or Township Highway Agency,0,Sin jurisdiccion especial,99998,42.13800556,-88.41131667,Buzon de correo,El primer evento no fue una colision con un vehiculo automotor en transporte,Not an Intersection,No fue interseccion,Sobre el lado de la calle,Ninguna,Oscuro - iluminacion desconocida,Despejado,No,NO APLICA,0,44,0,49,1,04/07/2022,2
17,Illinois,170560,0,0,1,0,163,ST. CLAIR (163),0,NO APLICA,7,Julio,4,2022,10,52,I-255,1,Interestatal,Urbano,Interestatal,State Highway Agency,1,Sin jurisdiccion especial,158,38.61309444,-90.07521111,Barrera de Trafico de Concreto,El primer evento no fue una colision con un vehiculo automotor en transporte,Not an Intersection,No fue interseccion,En el medio,Ninguna,Dia total,Despejado,No,NO APLICA,10,52,10,57,1,04/07/2022,1
17,Illinois,170561,0,0,1,0,31,COOK (31),1670,CHICAGO,7,Julio,10,2022,6,50,STONY ISLAND AVE,6,Calle Local Municipalidad,Urbano,Local,City or Municipal Highway Agency,0,Sin jurisdiccion especial,99998,41.79336667,-87.58663056,Edificio,El primer evento no fue una colision con un vehiculo automotor en transporte,Not an Intersection,No fue interseccion,Sobre el lado de la calle,Ninguna,Dia total,Despejado,No,NO APLICA,6,53,7,0,1,10/07/2022,1
17,Illinois,170562,1,1,1,0,99,LASALLE (99),5480,MENDOTA,7,Julio,9,2022,8,40,US-34,2,US Highway,Urbano,Arteria Menor,State Highway Agency,0,Sin jurisdiccion especial,1354,41.54818889,-89.12759167,Peaton,El primer evento no fue una colision con un vehiculo automotor en transporte,Four-Way Intersection,Interseccion de 4 direcciones,Sobre calle,Ninguna,Dia total,Despejado,No,NO APLICA,8,48,8,51,1,09/07/2022,1
17,Illinois,170563,1,1,1,0,31,COOK (31),1670,CHICAGO,6,Junio,17,2022,22,30,SOUTH ARCHER AVE,6,Calle Local Municipalidad,Urbano,Arteria Menor,City or Municipal Highway Agency,0,Sin jurisdiccion especial,99998,41.7957,-87.76238611,Peaton,El primer evento no fue una colision con un vehiculo automotor en transporte,Not an Intersection,No fue interseccion,Sobre calle,Ninguna,Oscuro con iluminacion,Despejado,No,NO APLICA,99,99,22,48,1,17/06/2022,1
17,Illinois,170564,0,0,1,0,89,KANE (89),8031,SLEEPY HOLLOW,6,Junio,18,2022,3,44,ROUTE 72,5,Calle Local - Pueblo,Rural,Colector Menor,Town or Township Highway Agency,0,Sin jurisdiccion especial,0,42.10136944,-88.31275833,Arbol,El primer evento no fue una colision con un vehiculo automotor en transporte,Not an Intersection,No fue interseccion,"Fuera de la calle, ubicacion desconocida",Ninguna,Oscuro con iluminacion,Despejado,No,NO APLICA,3,44,3,52,1,18/06/2022,1
17,Illinois,170565,0,0,2,0,197,WILL (197),0,NO APLICA,7,Julio,9,2022,14,35,I-55 BARACK OBAMA PRESIDENTIAL,1,Interestatal,Rural,Interestatal,State Highway Agency,1,Sin jurisdiccion especial,71,41.34453333,-88.19153333,Volcadura,El primer evento no fue una colision con un vehiculo automotor en transporte,Not an Intersection,No fue interseccion,Sobre calle,Ninguna,Dia total,Despejado,No,NO APLICA,99,99,99,99,1,09/07/2022,2
17,Illinois,170566,0,0,1,0,197,WILL (197),0,NO APLICA,7,Julio,3,2022,17,12,I-57,1,Interestatal,Urbano,Interestatal,State Highway Agency,1,Sin jurisdiccion especial,3269,41.32131667,-87.820575,Zanja,El primer evento no fue una colision con un vehiculo automotor en transporte,Not an Intersection,No fue interseccion,En el medio,Ninguna,Dia total,Despejado,No,NO APLICA,99,99,99,99,1,03/07/2022,2
17,Illinois,170567,0,0,1,0,119,MADISON (119),1910,COLLINSVILLE,7,Julio,11,2022,22,19,MAIN ST,6,Calle Local Municipalidad,Urbano,Arteria Menor,City or Municipal Highway Agency,0,Sin jurisdiccion especial,99998,38.66675,-90.00269722,Banqueta,El primer evento no fue una colision con un vehiculo automotor en transporte,Not an Intersection,No fue interseccion,Sobre el lado de la calle,Ninguna,Oscuro con iluminacion,Despejado,No,NO APLICA,22,19,22,21,1,11/07/2022,1
17,Illinois,170568,0,0,2,0,201,WINNEBAGO (201),0,NO APLICA,7,Julio,3,2022,21,56,SR-75,3,Highway estatal,Rural,Arteria Menor,State Highway Agency,0,Sin jurisdiccion especial,289,42.42527222,-89.17480833,Vehiculo en movimiento,Angulo,Four-Way Intersection,Interseccion de 4 direcciones,Sobre calle,Ninguna,Oscuro - iluminacion desconocida,Despejado,No,NO APLICA,99,99,99,99,1,03/07/2022,3
17,Illinois,170569,0,0,2,0,31,COOK (31),4005,HOMETOWN,7,Julio,9,2022,19,21,87TH ST,8,Otro,Urbano,Arteria Principal,State Highway Agency,0,Sin jurisdiccion especial,99998,41.73477778,-87.72288889,Vehiculo en movimiento,Frente a Detrás,Four-Way Intersection,Interseccion de 4 direcciones,Sobre calle,Ninguna,Dia total,Despejado,No,NO APLICA,19,21,19,31,1,09/07/2022,2
17,Illinois,170570,0,0,1,0,163,ST. CLAIR (163),0,NO APLICA,7,Julio,10,2022,2,26,STATE ST,5,Calle Local - Pueblo,Urbano,Arteria Menor,City or Municipal Highway Agency,0,Sin jurisdiccion especial,36,38.60364444,-90.08954722,Objeto fijo desconocido,El primer evento no fue una colision con un vehiculo automotor en transporte,Not an Intersection,No fue interseccion,Sobre el lado de la calle,Ninguna,Oscuro - iluminacion desconocida,Despejado,No,NO APLICA,2,26,2,40,1,10/07/2022,1
17,Illinois,170571,0,0,2,0,163,ST. CLAIR (163),0,NO APLICA,7,Julio,12,2022,21,43,SR-158,3,Highway estatal,Rural,Arteria Menor,State Highway Agency,0,Sin jurisdiccion especial,19,38.44144167,-90.12773889,Vehiculo en movimiento,Angulo,T-Intersection,Interseccion de T,Sobre calle,Ninguna,Oscuro con iluminacion,Despejado,No,NO APLICA,21,43,21,51,2,12/07/2022,6
17,Illinois,170572,0,0,2,0,27,CLINTON (27),0,NO APLICA,7,Julio,8,2022,12,4,US-50 OLD US-50,2,US Highway,Urbano,Colector Mayor,State Highway Agency,0,Sin jurisdiccion especial,99998,38.60930278,-89.41944444,Vehiculo en movimiento,Frente a frente,Not an Intersection,No fue interseccion,Sobre calle,Ninguna,Dia total,Despejado,No,NO APLICA,99,99,99,99,3,08/07/2022,4
17,Illinois,170573,0,0,2,0,97,LAKE (97),3670,GURNEE,7,Julio,9,2022,5,39,STEARNS SCHOOL RD,5,Calle Local - Pueblo,Urbano,Arteria Menor,Town or Township Highway Agency,0,Sin jurisdiccion especial,99998,42.39296111,-87.94336111,Vehiculo en movimiento,Frente a Detrás,Four-Way Intersection,Interseccion de 4 direcciones,Sobre calle,Ninguna,Dia total,Despejado,No,NO APLICA,5,42,5,47,1,09/07/2022,3
17,Illinois,170574,0,0,2,0,31,COOK (31),1670,CHICAGO,7,Julio,10,2022,3,0,HALSTEAD ST,6,Calle Local Municipalidad,Urbano,Arteria Menor,City or Municipal Highway Agency,0,Sin jurisdiccion especial,99998,41.89625,-87.64772778,Vehiculo en movimiento,Angulo,Four-Way Intersection,Interseccion de 4 direcciones,Sobre calle,Ninguna,Oscuro con iluminacion,Despejado,No,NO APLICA,3,0,3,0,1,10/07/2022,3
17,Illinois,170575,0,0,2,0,31,COOK (31),1670,CHICAGO,7,Julio,11,2022,20,48,49TH ST,6,Calle Local Municipalidad,Urbano,Local,City or Municipal Highway Agency,0,Sin jurisdiccion especial,12,41.80592778,-87.60385278,Vehiculo en movimiento,Angulo,Four-Way Intersection,Interseccion de 4 direcciones,Sobre calle,Ninguna,Atardecer,Despejado,No,NO APLICA,99,99,20,58,1,11/07/2022,4
17,Illinois,170576,0,0,2,0,31,COOK (31),0,NO APLICA,7,Julio,7,2022,9,20,I-294,1,Interestatal,Urbano,Interestatal,State Highway Agency,1,Sin jurisdiccion especial,409,41.66206667,-87.73735278,Vehiculo en movimiento,Golpe Lateral - misma direccion,Not an Intersection,No fue interseccion,Sobre calle,Ninguna,Dia total,Despejado,No,NO APLICA,99,99,99,99,1,07/07/2022,3
17,Illinois,170577,0,0,2,0,113,MCLEAN (113),0,NO APLICA,7,Julio,12,2022,7,50,SR-165,3,Highway estatal,Rural,Colector Mayor,State Highway Agency,0,Sin jurisdiccion especial,50,40.545175,-88.80715556,Vehiculo en movimiento,Angulo,Four-Way Intersection,Interseccion de 4 direcciones,Sobre calle,Ninguna,Dia total,Despejado,No,NO APLICA,7,52,8,11,1,12/07/2022,2
17,Illinois,170578,0,0,2,0,187,WARREN (187),5700,MONMOUTH,7,Julio,11,2022,3,12,US-34,2,US Highway,Urbano,Arterial Principal -Freeway o ExpressWay,State Highway Agency,1,Sin jurisdiccion especial,7,40.92508889,-90.6405,Vehiculo en movimiento,Angulo,Four-Way Intersection,Interseccion de 4 direcciones,Sobre calle,Ninguna,Oscuro - iluminacion desconocida,Despejado,No,NO APLICA,3,12,3,12,2,11/07/2022,3
17,Illinois,170579,0,0,2,0,21,CHRISTIAN (21),380,ASSUMPTION,7,Julio,12,2022,6,17,US-51,2,US Highway,Rural,Arteria Principal,State Highway Agency,1,Sin jurisdiccion especial,1894,39.52322778,-89.03695556,Vehiculo en movimiento,Angulo,Four-Way Intersection,Interseccion de 4 direcciones,Sobre calle,Ninguna,Dia total,Despejado,No,NO APLICA,6,18,6,21,2,12/07/2022,5
17,Illinois,170580,0,0,4,2,31,COOK (31),1670,CHICAGO,7,Julio,4,2022,22,9,SOUTH CHICAGO AVE,6,Calle Local Municipalidad,Urbano,Colector Mayor,City or Municipal Highway Agency,0,Sin jurisdiccion especial,99998,41.77061111,-87.61216944,Vehiculo en movimiento,Angulo,Four-Way Intersection,Interseccion de 4 direcciones,Sobre calle,Ninguna,Oscuro con iluminacion,Despejado,No,NO APLICA,99,99,99,99,1,04/07/2022,3
17,Illinois,170581,1,1,1,0,163,ST. CLAIR (163),670,BELLEVILLE,7,Julio,16,2022,16,53,S BELT W,6,Calle Local Municipalidad,Urbano,Arteria Menor,State Highway Agency,0,Sin jurisdiccion especial,80,38.50245278,-89.98479167,Peaton,El primer evento no fue una colision con un vehiculo automotor en transporte,Four-Way Intersection,Interseccion de 4 direcciones,Sobre calle,Ninguna,Dia total,Despejado,No,NO APLICA,16,53,16,53,1,16/07/2022,1
17,Illinois,170582,0,0,3,0,43,DUPAGE (43),8900,VILLA PARK,7,Julio,2,2022,23,58,SR-64,3,Highway estatal,Urbano,Arteria Principal,State Highway Agency,1,Sin jurisdiccion especial,62,41.90573611,-87.96888056,Vehiculo en movimiento,Angulo,Four-Way Intersection,Interseccion de 4 direcciones,Sobre calle,Ninguna,Oscuro con iluminacion,Despejado,No,NO APLICA,23,58,0,3,1,02/07/2022,5
17,Illinois,170583,0,0,6,0,89,KANE (89),1390,CARPENTERSVILLE,7,Julio,19,2022,18,58,SR-25 N KENNEDY DR,3,Highway estatal,Urbano,Arteria Principal,State Highway Agency,1,Sin jurisdiccion especial,13,42.13233056,-88.25772778,Vehiculo en movimiento,Frente a Detrás,T-Intersection,Interseccion de T,Sobre calle,Ninguna,Dia total,Despejado,No,NO APLICA,18,59,19,2,1,19/07/2022,9
17,Illinois,170584,0,0,4,0,31,COOK (31),1670,CHICAGO,7,Julio,14,2022,21,35,US-12,2,US Highway,Urbano,Arteria Principal,State Highway Agency,1,Sin jurisdiccion especial,3848,41.95759444,-87.88408889,Vehiculo en movimiento,Angulo,Four-Way Intersection,Interseccion de 4 direcciones,Sobre calle,Ninguna,Oscuro con iluminacion,Despejado,No,NO APLICA,99,99,21,40,1,14/07/2022,6
17,Illinois,170585,0,0,2,0,31,COOK (31),1670,CHICAGO,7,Julio,16,2022,0,53,VINCENNES AVE,6,Calle Local Municipalidad,Urbano,Colector Mayor,City or Municipal Highway Agency,0,Sin jurisdiccion especial,99998,41.69862222,-87.65904444,Vehiculo en movimiento,Frente a frente,Not an Intersection,No fue interseccion,Sobre calle,Ninguna,Oscuro con iluminacion,Despejado,No,NO APLICA,99,99,1,5,2,16/07/2022,3
17,Illinois,170586,0,0,2,0,31,COOK (31),1670,CHICAGO,7,Julio,18,2022,5,19,LARAMIE AVE,6,Calle Local Municipalidad,Urbano,Colector Mayor,City or Municipal Highway Agency,0,Sin jurisdiccion especial,99998,41.91693611,-87.75590556,Vehiculo en movimiento,Angulo,Four-Way Intersection,Interseccion de 4 direcciones,Sobre calle,Ninguna,Dia total,Despejado,No,NO APLICA,5,19,5,25,1,18/07/2022,2
17,Illinois,170587,0,0,2,0,115,MACON (115),2250,DECATUR,7,Julio,15,2022,22,12,CR-22,4,Calle del Condado,Urbano,Arteria Menor,City or Municipal Highway Agency,0,Sin jurisdiccion especial,99998,39.890625,-88.98319444,Vehiculo en movimiento,Frente a Detrás,Not an Intersection,No fue interseccion,Sobre calle,Ninguna,Oscuro con iluminacion,Despejado,No,NO APLICA,99,99,99,99,1,15/07/2022,2
17,Illinois,170588,1,1,1,0,31,COOK (31),1670,CHICAGO,7,Julio,16,2022,14,30,ASHLAND AVE,6,Calle Local Municipalidad,Urbano,Arteria Menor,City or Municipal Highway Agency,0,Sin jurisdiccion especial,99998,41.730325,-87.66290278,Peaton,El primer evento no fue una colision con un vehiculo automotor en transporte,Four-Way Intersection,Interseccion de 4 direcciones,Sobre calle,Ninguna,Dia total,Nublado,No,NO APLICA,99,99,99,99,1,16/07/2022,1
17,Illinois,170589,0,0,1,0,195,WHITESIDE (195),7450,ROCK FALLS,7,Julio,1,2022,22,17,6TH ST,6,Calle Local Municipalidad,Urbano,Local,City or Municipal Highway Agency,0,Sin jurisdiccion especial,99998,41.77573611,-89.69281389,Otra no colicion,El primer evento no fue una colision con un vehiculo automotor en transporte,Four-Way Intersection,Interseccion de 4 direcciones,Sobre calle,Ninguna,Oscuro con iluminacion,Despejado,No,NO APLICA,22,17,99,99,1,01/07/2022,1
17,Illinois,170590,0,0,1,0,201,WINNEBAGO (201),5000,LOVES PARK,7,Julio,12,2022,17,25,RIVERSIDE BLVD,5,Calle Local - Pueblo,Urbano,Arteria Principal,Town or Township Highway Agency,0,Sin jurisdiccion especial,99998,42.3181,-89.03725,Otro objeto (fijo),El primer evento no fue una colision con un vehiculo automotor en transporte,Not an Intersection,No fue interseccion,Sobre el lado de la calle,Ninguna,Dia total,Despejado,No,NO APLICA,99,99,99,99,1,12/07/2022,1
17,Illinois,170591,0,0,1,0,19,CHAMPAIGN (19),0,NO APLICA,7,Julio,14,2022,1,45,I-57,1,Interestatal,Rural,Interestatal,State Highway Agency,1,Sin jurisdiccion especial,2430,40.21138056,-88.21504722,Valla Ferrocarril,El primer evento no fue una colision con un vehiculo automotor en transporte,Not an Intersection,No fue interseccion,Sobre el lado de la calle,Ninguna,Oscuro - iluminacion desconocida,Despejado,No,NO APLICA,1,45,2,0,1,14/07/2022,1
17,Illinois,170592,0,0,1,0,113,MCLEAN (113),8690,TOWANDA,7,Julio,16,2022,20,51,OLD ROUTE 66,8,Otro,Urbano,Colector Mayor,State Highway Agency,0,Sin jurisdiccion especial,99998,40.56702778,-88.89866944,Arbol,El primer evento no fue una colision con un vehiculo automotor en transporte,Four-Way Intersection,Interseccion de 4 direcciones,Sobre el lado de la calle,Ninguna,Oscuro con iluminacion,Despejado,No,NO APLICA,20,51,20,55,1,16/07/2022,1
17,Illinois,170593,0,0,1,0,201,WINNEBAGO (201),0,NO APLICA,7,Julio,10,2022,0,54,US-20,2,US Highway,Urbano,Arteria Principal,State Highway Agency,1,Sin jurisdiccion especial,826,42.28290556,-89.2667,Animal vivo,El primer evento no fue una colision con un vehiculo automotor en transporte,Not an Intersection,No fue interseccion,Sobre calle,Ninguna,Oscuro - iluminacion desconocida,Despejado,No,NO APLICA,0,54,0,58,1,10/07/2022,2
17,Illinois,170594,0,0,1,0,119,MADISON (119),0,NO APLICA,7,Julio,19,2022,20,11,SR-4,3,Highway estatal,Rural,Arteria Principal,State Highway Agency,1,Sin jurisdiccion especial,149,38.71635833,-89.80203889,Otra no colicion,El primer evento no fue una colision con un vehiculo automotor en transporte,Not an Intersection,No fue interseccion,Sobre el lado de la calle,Ninguna,Atardecer,Despejado,No,NO APLICA,20,11,20,15,1,19/07/2022,1
17,Illinois,170595,1,1,1,0,163,ST. CLAIR (163),2962,FAIRVIEW HEIGHTS,7,Julio,15,2022,20,39,SR-161,3,Highway estatal,Urbano,Arteria Principal,State Highway Agency,1,Sin jurisdiccion especial,10,38.58795556,-90.04334444,Peaton,El primer evento no fue una colision con un vehiculo automotor en transporte,Not an Intersection,No fue interseccion,Sobre calle,Ninguna,Oscuro - iluminacion desconocida,Despejado,No,NO APLICA,20,39,20,49,1,15/07/2022,1
17,Illinois,170596,0,0,3,0,199,WILLIAMSON (199),0,NO APLICA,7,Julio,20,2022,9,14,SR-37,3,Highway estatal,Rural,Arteria Menor,State Highway Agency,0,Sin jurisdiccion especial,111,37.70225278,-88.93933611,Vehiculo en movimiento,Golpe Lateral - direccion contraria,Not an Intersection,No fue interseccion,Sobre calle,Ninguna,Dia total,Despejado,No,NO APLICA,9,15,9,22,2,20/07/2022,4
17,Illinois,170597,1,1,1,0,31,COOK (31),8620,TINLEY PARK,7,Julio,22,2022,21,0,US-6 159TH ST,2,US Highway,Urbano,Arteria Principal,State Highway Agency,1,Sin jurisdiccion especial,50,41.601975,-87.81347778,Ciclista,El primer evento no fue una colision con un vehiculo automotor en transporte,Four-Way Intersection,Interseccion de 4 direcciones,Sobre calle,Ninguna,Oscuro con iluminacion,Despejado,No,NO APLICA,21,0,21,3,1,22/07/2022,2
17,Illinois,170598,0,0,5,3,31,COOK (31),1670,CHICAGO,7,Julio,21,2022,23,48,BROADWAY,8,Otro,Urbano,Arteria Menor,State Highway Agency,0,Sin jurisdiccion especial,99998,41.98546389,-87.66012778,Vehiculo en movimiento,Angulo,Four-Way Intersection,Interseccion de 4 direcciones,Sobre calle,Ninguna,Oscuro con iluminacion,Despejado,No,NO APLICA,99,99,99,99,1,21/07/2022,4
17,Illinois,170599,0,0,2,0,31,COOK (31),4680,LANSING,7,Julio,21,2022,13,33,SR-83,3,Highway estatal,Urbano,Arteria Menor,State Highway Agency,0,Sin jurisdiccion especial,5,41.57124722,-87.55881667,Vehiculo en movimiento,Angulo,Not an Intersection,No fue interseccion,Sobre calle,Ninguna,Dia total,Despejado,No,NO APLICA,13,33,13,38,1,21/07/2022,3
17,Illinois,170600,0,0,1,0,31,COOK (31),1670,CHICAGO,7,Julio,22,2022,12,8,US-41,2,US Highway,Urbano,Arteria Principal,State Highway Agency,1,Sin jurisdiccion especial,124,41.85181389,-87.61325833,Valla Ferrocarril,El primer evento no fue una colision con un vehiculo automotor en transporte,Not an Intersection,No fue interseccion,Sobre el lado de la calle,Ninguna,Dia total,Despejado,No,NO APLICA,12,10,12,12,1,22/07/2022,2
17,Illinois,170601,0,0,2,0,31,COOK (31),1670,CHICAGO,7,Julio,17,2022,2,10,I-290,1,Interestatal,Urbano,Interestatal,State Highway Agency,1,Sin jurisdiccion especial,267,41.87465278,-87.70556944,Vehiculo en movimiento,Angulo,Not an Intersection,No fue interseccion,Sobre calle,Ninguna,Oscuro con iluminacion,Despejado,No,NO APLICA,2,13,2,17,1,17/07/2022,5
17,Illinois,170602,0,0,2,0,75,IROQUOIS (75),0,NO APLICA,7,Julio,19,2022,18,46,US-24,2,US Highway,Rural,Arteria Principal,State Highway Agency,1,Sin jurisdiccion especial,196,40.77175,-87.76901944,Vehiculo en movimiento,Frente a frente,Not an Intersection,No fue interseccion,Sobre calle,Ninguna,Dia total,Despejado,No,NO APLICA,99,99,99,99,1,19/07/2022,2
17,Illinois,170603,0,0,1,0,73,HENRY (73),0,NO APLICA,7,Julio,20,2022,14,20,I-80 EB TO IL78,1,Interestatal,Rural,Interestatal,State Highway Agency,1,Sin jurisdiccion especial,99998,41.40502778,-89.90809444,Acotamiento,El primer evento no fue una colision con un vehiculo automotor en transporte,Not an Intersection,No fue interseccion,Sobre el lado de la calle,Ninguna,Dia total,Despejado,No,NO APLICA,14,20,14,30,1,20/07/2022,3
17,Illinois,170604,0,0,2,0,115,MACON (115),2250,DECATUR,7,Julio,15,2022,18,48,M L KING JR DR,6,Calle Local Municipalidad,Urbano,Arteria Menor,City or Municipal Highway Agency,0,Sin jurisdiccion especial,99998,39.89141389,-88.95036111,Vehiculo en movimiento,Frente a frente,Four-Way Intersection,Interseccion de 4 direcciones,Sobre calle,Ninguna,Dia total,Despejado,No,NO APLICA,99,99,99,99,1,15/07/2022,2
17,Illinois,170605,0,0,1,0,179,TAZEWELL (179),0,NO APLICA,7,Julio,22,2022,22,11,SR-116 TO US-24 RAMP,3,Highway estatal,Rural,Arteria Principal,State Highway Agency,0,Sin jurisdiccion especial,3,40.71729444,-89.52916111,Zanja,El primer evento no fue una colision con un vehiculo automotor en transporte,Not an Intersection,No fue interseccion,Gore?,Ninguna,Oscuro sin iluminacion,Despejado,No,NO APLICA,99,99,99,99,1,22/07/2022,2
17,Illinois,170606,0,0,3,0,31,COOK (31),1670,CHICAGO,7,Julio,21,2022,13,5,I-90,1,Interestatal,Urbano,Interestatal,State Highway Agency,1,Sin jurisdiccion especial,223,41.92455833,-87.682375,Vehiculo en movimiento,Golpe Lateral - misma direccion,Not an Intersection,No fue interseccion,Sobre calle,Ninguna,Dia total,Despejado,No,NO APLICA,13,7,13,11,1,21/07/2022,3
17,Illinois,170607,0,0,2,0,201,WINNEBAGO (201),0,NO APLICA,7,Julio,30,2022,22,14,SR-75 FREEPORT RD,3,Highway estatal,Rural,Arteria Menor,State Highway Agency,0,Sin jurisdiccion especial,52,42.41924722,-89.29731944,Vehiculo en movimiento,Frente a frente,Not an Intersection,No fue interseccion,Sobre calle,Ninguna,Oscuro sin iluminacion,Despejado,No,NO APLICA,22,13,22,30,1,30/07/2022,3
17,Illinois,170608,0,0,2,0,191,WAYNE (191),0,NO APLICA,7,Julio,22,2022,15,30,US-45,2,US Highway,Rural,Arteria Menor,State Highway Agency,0,Sin jurisdiccion especial,1305,38.57406111,-88.43888056,Vehiculo en movimiento,Angulo,Four-Way Intersection,Interseccion de 4 direcciones,Sobre calle,Ninguna,Dia total,Despejado,No,NO APLICA,15,34,15,39,2,22/07/2022,6