Estado,Nombre de Estado,Numero de Caso,Peatones,Personas _no_vehiculos,Vehiculos automotores,Vehiculos estacionados,Condado,Nombre Condado,Ciudad,Nombre Ciudad,Mes,Nombre Mes,Dia,Año,Hora,Minuto,Calle,Ruta,Nombre Ruta,Rural o Urbanoo,Sistema Funcional,Dueño Calle,Sistema Nacional Carreteras,Jurisdiccion Especial,Milla,Latitud,Longitud,Causa del Accidente,Tipo de Accidente,Tipo Interseccion,Columna1,Lugar en la calle,Zona de Trabajo,Luz,Clima,Autobus Escolar,Cruce de Trenes,Hora Notificacion,Minuto Notificacion,Hora Llegada,Minuto Llegada,Decesos,Fecha,PersonaVehiculo
17,Illinois,170609,1,1,1,0,183,VERMILION (183),2220,DANVILLE,7,Julio,25,2022,14,50,US-136,2,US Highway,Urbano,Arteria Principal,State Highway Agency,1,Sin jurisdiccion especial,44,40.12445,-87.62888333,Peaton,El primer evento no fue una colision con un vehiculo automotor en transporte,Not an Intersection,No fue interseccion,Sobre calle,Ninguna,Dia total,Despejado,No,NO APLICA,14,50,14,53,1,25/07/2022,1
17,Illinois,170610,0,0,1,0,135,MONTGOMERY (135),0,NO APLICA,7,Julio,22,2022,19,25,SR-16,3,Highway estatal,Rural,Arteria Principal,State Highway Agency,1,Sin jurisdiccion especial,219,39.24503333,-89.35993056,Acotamiento,El primer evento no fue una colision con un vehiculo automotor en transporte,Not an Intersection,No fue interseccion,Sobre el lado de la calle,Ninguna,Dia total,Despejado,No,NO APLICA,19,31,19,40,1,22/07/2022,2
17,Illinois,170611,0,0,2,0,7,BOONE (7),0,NO APLICA,6,Junio,9,2022,7,58,BURR OAK ROAD,8,Otro,Rural,Local,Town or Township Highway Agency,0,Sin jurisdiccion especial,99998,42.47336111,-88.726075,Vehiculo en movimiento,Frente a Detrás,Not an Intersection,No fue interseccion,Sobre calle,Ninguna,Dia total,Despejado,No,NO APLICA,7,59,8,20,1,09/06/2022,3
17,Illinois,170612,0,0,1,0,31,COOK (31),3080,FLOSSMOOR,7,Julio,24,2022,2,43,WESTERN AVE,8,Otro,Urbano,Colector Mayor,State Highway Agency,0,Sin jurisdiccion especial,99998,41.54926389,-87.67465278,Poste o otros soportes,El primer evento no fue una colision con un vehiculo automotor en transporte,Not an Intersection,No fue interseccion,Sobre el lado de la calle,Ninguna,Oscuro - iluminacion desconocida,Despejado,No,NO APLICA,2,44,2,49,1,24/07/2022,1
17,Illinois,170614,0,0,2,0,31,COOK (31),0,NO APLICA,7,Julio,20,2022,20,15,SR-53,3,Highway estatal,Urbano,Arterial Principal -Freeway o ExpressWay,State Highway Agency,1,Sin jurisdiccion especial,736,42.10929722,-88.00350556,Vehiculo en movimiento,Golpe Lateral - misma direccion,Not an Intersection,No fue interseccion,Sobre calle,Ninguna,Atardecer,Despejado,No,NO APLICA,20,15,20,20,1,20/07/2022,2
17,Illinois,170615,0,0,1,0,59,GALLATIN (59),0,NO APLICA,7,Julio,21,2022,14,45,CR-16,4,Calle del Condado,Rural,Colector Mayor,Town or Township Highway Agency,0,Sin jurisdiccion especial,99998,37.80901944,-88.192125,Zanja,El primer evento no fue una colision con un vehiculo automotor en transporte,Not an Intersection,No fue interseccion,Sobre el lado de la calle,Ninguna,Dia total,Despejado,No,NO APLICA,14,50,15,0,1,21/07/2022,1
17,Illinois,170617,0,0,1,0,197,WILL (197),4300,JOLIET,7,Julio,29,2022,12,4,LOUISE RAY PARKWAY,6,Calle Local Municipalidad,Urbano,Colector Mayor,City or Municipal Highway Agency,0,Sin jurisdiccion especial,99998,41.55291944,-88.07067778,Banqueta,El primer evento no fue una colision con un vehiculo automotor en transporte,Not an Intersection,No fue interseccion,Sobre el lado de la calle,Ninguna,Dia total,Despejado,No,NO APLICA,99,99,99,99,1,29/07/2022,1
17,Illinois,170618,0,0,2,0,31,COOK (31),1670,CHICAGO,7,Julio,29,2022,21,0,103RD ST,6,Calle Local Municipalidad,Urbano,Arteria Menor,City or Municipal Highway Agency,0,Sin jurisdiccion especial,99998,41.70701944,-87.63633889,Vehiculo en movimiento,Angulo,Not an Intersection,No fue interseccion,Sobre calle,Ninguna,Oscuro con iluminacion,Despejado,No,NO APLICA,21,4,21,8,1,29/07/2022,2
17,Illinois,170619,0,0,2,0,99,LASALLE (99),0,NO APLICA,6,Junio,29,2022,15,40,CR-N 42ND ROAD,4,Calle del Condado,Rural,Colector Menor,Town or Township Highway Agency,0,Sin jurisdiccion especial,0,41.54230278,-88.89412778,Vehiculo en movimiento,Angulo,Four-Way Intersection,Interseccion de 4 direcciones,Sobre el lado de la calle,Ninguna,Dia total,Despejado,No,NO APLICA,12,45,13,0,1,29/06/2022,4
17,Illinois,170620,0,0,1,0,13,CALHOUN (13),0,NO APLICA,7,Julio,30,2022,16,10,SR-100,3,Highway estatal,Rural,Arteria Menor,State Highway Agency,0,Sin jurisdiccion especial,207,39.23815278,-90.62199722,Otra no colicion,El primer evento no fue una colision con un vehiculo automotor en transporte,Not an Intersection,No fue interseccion,Sobre calle,Ninguna,Dia total,Despejado,No,NO APLICA,16,10,16,32,1,30/07/2022,1
17,Illinois,170621,1,1,1,0,31,COOK (31),1670,CHICAGO,7,Julio,30,2022,23,50,DIVERSEY AVE,6,Calle Local Municipalidad,Urbano,Colector Mayor,City or Municipal Highway Agency,0,Sin jurisdiccion especial,99998,41.93159722,-87.742125,Peaton,El primer evento no fue una colision con un vehiculo automotor en transporte,Not an Intersection,No fue interseccion,Sobre calle,Ninguna,Oscuro con iluminacion,Despejado,No,NO APLICA,99,99,0,0,1,30/07/2022,1
17,Illinois,170622,0,0,2,0,31,COOK (31),6740,PARK RIDGE,7,Julio,31,2022,1,50,GREENWOOD AVE,6,Calle Local Municipalidad,Urbano,Colector Mayor,City or Municipal Highway Agency,0,Sin jurisdiccion especial,99998,42.02545278,-87.84067778,Vehiculo en movimiento,Angulo,Y-Intersection,Interseccion de Y,Sobre calle,Ninguna,Oscuro - iluminacion desconocida,Despejado,No,NO APLICA,1,50,1,51,1,31/07/2022,4
17,Illinois,170623,0,0,1,0,29,COLES (29),0,NO APLICA,7,Julio,23,2022,17,8,CR-18,4,Calle del Condado,Urbano,Arteria Menor,Town or Township Highway Agency,0,Sin jurisdiccion especial,99998,39.52155278,-88.33210278,Zanja,El primer evento no fue una colision con un vehiculo automotor en transporte,Not an Intersection,No fue interseccion,Sobre el lado de la calle,Ninguna,Dia total,Despejado,No,NO APLICA,17,8,17,11,1,23/07/2022,1
17,Illinois,170624,0,0,2,0,31,COOK (31),2390,DOLTON,7,Julio,23,2022,17,59,COTTAGE GROVE,6,Calle Local Municipalidad,Urbano,Colector Menor,City or Municipal Highway Agency,0,Sin jurisdiccion especial,2,41.64263889,-87.59782778,Vehiculo en movimiento,Angulo,Not an Intersection,No fue interseccion,Sobre calle,Ninguna,Dia total,Despejado,No,NO APLICA,17,59,17,59,1,23/07/2022,4
17,Illinois,170625,0,0,2,0,107,LOGAN (107),0,NO APLICA,7,Julio,25,2022,8,14,CR-6,4,Calle del Condado,Rural,Colector Mayor,Town or Township Highway Agency,0,Sin jurisdiccion especial,99998,40.076025,-89.18263333,Vehiculo en movimiento,Frente a frente,Not an Intersection,No fue interseccion,Sobre calle,Ninguna,Dia total,Despejado,No,NO APLICA,8,14,99,99,1,25/07/2022,2
17,Illinois,170626,0,0,3,0,89,KANE (89),2670,ELBURN,7,Julio,29,2022,15,12,SR-38,3,Highway estatal,Urbano,Arteria Principal,State Highway Agency,1,Sin jurisdiccion especial,579,41.90318611,-88.46998611,Vehiculo en movimiento,Angulo,Four-Way Intersection,Interseccion de 4 direcciones,Sobre calle,Ninguna,Dia total,Despejado,No,NO APLICA,15,12,15,14,1,29/07/2022,6
17,Illinois,170627,0,0,2,0,197,WILL (197),0,NO APLICA,7,Julio,31,2022,9,19,88TH AVE,5,Calle Local - Pueblo,Rural,Local,Town or Township Highway Agency,0,Sin jurisdiccion especial,99998,41.33893056,-87.82409444,Vehiculo en movimiento,Angulo,T-Intersection,Interseccion de T,Sobre calle,Ninguna,Dia total,Despejado,No,NO APLICA,99,99,99,99,1,31/07/2022,4
17,Illinois,170628,0,0,1,0,99,LASALLE (99),6480,OGLESBY,6,Junio,5,2022,1,0,EAST WALNUT STREET,6,Calle Local Municipalidad,Urbano,Colector Mayor,City or Municipal Highway Agency,0,Sin jurisdiccion especial,0,41.29513333,-89.05768333,Volcadura,El primer evento no fue una colision con un vehiculo automotor en transporte,Not an Intersection,No fue interseccion,Sobre calle,Ninguna,Oscuro con iluminacion,Despejado,No,NO APLICA,1,10,1,14,1,05/06/2022,1
17,Illinois,170629,0,0,2,0,97,LAKE (97),0,NO APLICA,7,Julio,14,2022,13,45,I-94,1,Interestatal,Urbano,Interestatal,State Toll Road,1,Sin jurisdiccion especial,233,42.18241667,-87.876025,Vehiculo en movimiento,Golpe Lateral - misma direccion,Not an Intersection,No fue interseccion,Sobre calle,Ninguna,Dia total,Despejado,No,NO APLICA,13,48,14,3,1,14/07/2022,2
17,Illinois,170630,0,0,3,0,199,WILLIAMSON (199),5250,MARION,7,Julio,8,2022,15,37,W MAIN ST,6,Calle Local Municipalidad,Urbano,Arteria Menor,City or Municipal Highway Agency,0,Sin jurisdiccion especial,30,37.72994722,-88.96701667,Vehiculo en movimiento,Golpe Lateral - direccion contraria,Not an Intersection,No fue interseccion,Sobre calle,Ninguna,Dia total,Despejado,No,NO APLICA,15,37,15,43,1,08/07/2022,3
17,Illinois,170631,0,0,2,0,119,MADISON (119),0,NO APLICA,7,Julio,6,2022,1,10,I-270,1,Interestatal,Urbano,Interestatal,State Highway Agency,1,Sin jurisdiccion especial,54,38.75755556,-90.07400833,Vehiculo en movimiento,Frente a Detrás,Not an Intersection,No fue interseccion,Sobre calle,Ninguna,Oscuro sin iluminacion,Despejado,No,NO APLICA,1,10,1,30,1,06/07/2022,3
17,Illinois,170632,0,0,1,0,31,COOK (31),1992,COUNTRY CLUB HILLS,7,Julio,13,2022,0,18,I-57,1,Interestatal,Rural,Interestatal,State Highway Agency,1,Sin jurisdiccion especial,99999,41.56768056,-87.74269444,Barrera de Trafico de Concreto,El primer evento no fue una colision con un vehiculo automotor en transporte,Not an Intersection,No fue interseccion,Fuera de la calle,"Zona de trabajo, tipo desconocido",Oscuro con iluminacion,Despejado,No,NO APLICA,0,21,0,30,1,13/07/2022,1
17,Illinois,170633,0,0,2,0,31,COOK (31),1670,CHICAGO,7,Julio,29,2022,23,59,SOUTH STONY ISLAND AVE,6,Calle Local Municipalidad,Urbano,Local,City or Municipal Highway Agency,0,Sin jurisdiccion especial,0,41.76969722,-87.58596389,Vehiculo en movimiento,Angulo,Four-Way Intersection,Interseccion de 4 direcciones,Sobre calle,Ninguna,Oscuro con iluminacion,Despejado,No,NO APLICA,99,99,99,99,1,29/07/2022,2
17,Illinois,170634,1,1,2,1,31,COOK (31),0,NO APLICA,7,Julio,3,2022,19,2,KINNE RD,6,Calle Local Municipalidad,Urbano,Local,City or Municipal Highway Agency,0,Sin jurisdiccion especial,99998,41.63356944,-87.70477778,Peaton,El primer evento no fue una colision con un vehiculo automotor en transporte,Not an Intersection,No fue interseccion,Sobre calle,Ninguna,Dia total,Despejado,No,NO APLICA,19,2,19,15,1,03/07/2022,1
17,Illinois,170635,1,1,2,0,167,SANGAMON (167),8220,SPRINGFIELD,7,Julio,20,2022,21,44,CLEAR LAKE AVE,8,Otro,Urbano,Arteria Principal,State Highway Agency,1,Sin jurisdiccion especial,213,39.80202222,-89.61688056,No vehiculo o remolque,El primer evento no fue una colision con un vehiculo automotor en transporte,Not an Intersection,No fue interseccion,Sobre calle,Ninguna,Oscuro con iluminacion,Despejado,No,NO APLICA,21,45,21,50,1,20/07/2022,2
17,Illinois,170636,0,0,1,0,83,JERSEY (83),0,NO APLICA,7,Julio,23,2022,23,15,SR-100,3,Highway estatal,Rural,Arteria Menor,State Highway Agency,0,Sin jurisdiccion especial,229,38.95848611,-90.38012778,Valla Ferrocarril,El primer evento no fue una colision con un vehiculo automotor en transporte,Not an Intersection,No fue interseccion,Sobre el lado de la calle,Ninguna,Oscuro - iluminacion desconocida,Despejado,No,NO APLICA,23,15,23,20,1,23/07/2022,1
17,Illinois,170637,0,0,1,0,163,ST. CLAIR (163),0,NO APLICA,7,Julio,20,2022,23,55,I-64 RAMP,1,Interestatal,Urbano,Interestatal,State Highway Agency,1,Sin jurisdiccion especial,99998,38.57148889,-89.87114722,Zanja,El primer evento no fue una colision con un vehiculo automotor en transporte,Not an Intersection,No fue interseccion,Sobre el lado de la calle,Ninguna,Oscuro - iluminacion desconocida,Despejado,No,NO APLICA,23,55,0,5,1,20/07/2022,2
17,Illinois,170638,0,0,1,0,27,CLINTON (27),0,NO APLICA,7,Julio,31,2022,2,50,COVINGTON RD,5,Calle Local - Pueblo,Rural,Colector Menor,Town or Township Highway Agency,0,Sin jurisdiccion especial,99998,38.52466389,-89.44589722,Zanja,El primer evento no fue una colision con un vehiculo automotor en transporte,Not an Intersection,No fue interseccion,Sobre el lado de la calle,Ninguna,Oscuro - iluminacion desconocida,Despejado,No,NO APLICA,2,58,2,58,1,31/07/2022,3
17,Illinois,170639,0,0,1,0,31,COOK (31),5410,MAYWOOD,7,Julio,3,2022,4,15,SR-171,3,Highway estatal,Urbano,Arteria Principal,State Highway Agency,1,Sin jurisdiccion especial,63,41.89343333,-87.83457222,Otro objeto (fijo),El primer evento no fue una colision con un vehiculo automotor en transporte,Not an Intersection,No fue interseccion,Sobre el lado de la calle,Ninguna,Oscuro con iluminacion,Despejado,No,NO APLICA,4,17,4,22,1,03/07/2022,1
17,Illinois,170640,0,0,1,0,161,ROCK ISLAND (161),0,NO APLICA,7,Julio,3,2022,13,19,COLONA/AVENUE OF THE CITIES,8,Otro,Urbano,Arteria Menor,State Highway Agency,0,Sin jurisdiccion especial,99998,41.49062222,-90.42694444,Barrera de Trafico de Concreto,El primer evento no fue una colision con un vehiculo automotor en transporte,Not an Intersection,No fue interseccion,Separador,Ninguna,Dia total,Despejado,No,NO APLICA,99,99,99,99,1,03/07/2022,1
17,Illinois,170641,1,1,1,0,91,KANKAKEE (91),0,NO APLICA,7,Julio,31,2022,23,13,SR-17,3,Highway estatal,Rural,Arteria Principal,State Highway Agency,1,Sin jurisdiccion especial,189,41.12009444,-87.74701944,Peaton,El primer evento no fue una colision con un vehiculo automotor en transporte,Not an Intersection,No fue interseccion,Sobre calle,Construccion,Oscuro sin iluminacion,Despejado,No,NO APLICA,23,13,23,26,1,31/07/2022,1
17,Illinois,170642,0,0,2,0,105,LIVINGSTON (105),0,NO APLICA,7,Julio,8,2022,6,20,CR-32,4,Calle del Condado,Rural,Local,Town or Township Highway Agency,0,Sin jurisdiccion especial,99998,40.89981667,-88.87337778,Vehiculo en movimiento,Angulo,Four-Way Intersection,Interseccion de 4 direcciones,Sobre calle,Ninguna,Dia total,lluvia,No,NO APLICA,99,99,99,99,1,08/07/2022,2
17,Illinois,170643,1,1,1,0,31,COOK (31),6380,OAK FOREST,7,Julio,20,2022,23,52,SR-50,3,Highway estatal,Urbano,Arteria Principal,State Highway Agency,1,Sin jurisdiccion especial,329,41.61235278,-87.73680833,Peaton,El primer evento no fue una colision con un vehiculo automotor en transporte,Not an Intersection,No fue interseccion,Sobre calle,Ninguna,Oscuro con iluminacion,Despejado,No,NO APLICA,99,99,99,99,1,20/07/2022,2
17,Illinois,170644,0,0,2,0,31,COOK (31),0,NO APLICA,7,Julio,28,2022,14,15,I-294,1,Interestatal,Urbano,Interestatal,State Toll Road,1,Sin jurisdiccion especial,225,41.85809444,-87.91969444,Vehiculo en movimiento,Frente a Detrás,Not an Intersection,No fue interseccion,Sobre calle,Construccion,Dia total,Despejado,No,NO APLICA,14,17,14,31,1,28/07/2022,2
17,Illinois,170645,0,0,3,0,197,WILL (197),7977,SHOREWOOD,7,Julio,9,2022,22,57,SR-52,3,Highway estatal,Urbano,Arteria Principal,State Highway Agency,1,Sin jurisdiccion especial,1349,41.52166667,-88.18799167,Vehiculo en movimiento,Angulo,Four-Way Intersection,Interseccion de 4 direcciones,Sobre calle,Ninguna,Oscuro con iluminacion,Despejado,No,NO APLICA,10,57,99,99,1,09/07/2022,3
17,Illinois,170646,0,0,2,0,111,MCHENRY (111),0,NO APLICA,7,Julio,31,2022,2,7,I-90,1,Interestatal,Rural,Interestatal,State Highway Agency,1,Sin jurisdiccion especial,335,42.19380556,-88.66455,Vehiculo en movimiento,Frente a frente,Not an Intersection,No fue interseccion,Sobre calle,Ninguna,Oscuro con iluminacion,Despejado,No,NO APLICA,2,17,2,31,8,31/07/2022,8
17,Illinois,170647,0,0,1,0,197,WILL (197),0,NO APLICA,7,Julio,2,2022,3,49,I-355,1,Interestatal,Urbano,Interestatal,State Toll Road,1,Sin jurisdiccion especial,69,41.62554167,-88.01083889,Barrera de Trafico de Concreto,El primer evento no fue una colision con un vehiculo automotor en transporte,Not an Intersection,No fue interseccion,En el medio,Ninguna,Oscuro con iluminacion,Despejado,No,NO APLICA,3,49,99,99,1,02/07/2022,3
17,Illinois,170648,0,0,2,0,31,COOK (31),980,BRIDGEVIEW,7,Julio,16,2022,4,22,ROBERTS RD,5,Calle Local - Pueblo,Urbano,Arteria Menor,Town or Township Highway Agency,0,Sin jurisdiccion especial,99998,41.74765278,-87.81911944,Vehiculo en movimiento,Angulo,Four-Way Intersection,Interseccion de 4 direcciones,Sobre calle,Ninguna,Oscuro con iluminacion,Despejado,No,NO APLICA,99,99,99,99,2,16/07/2022,5
17,Illinois,170649,0,0,2,0,31,COOK (31),280,ARLINGTON HEIGHTS,7,Julio,23,2022,2,0,SR-58,3,Highway estatal,Urbano,Arteria Principal,State Highway Agency,1,Sin jurisdiccion especial,147,42.05145,-87.98180278,Vehiculo en movimiento,Angulo,Four-Way Intersection,Interseccion de 4 direcciones,Sobre calle,Ninguna,Oscuro con iluminacion,Despejado,No,NO APLICA,99,99,99,99,1,23/07/2022,2
17,Illinois,170650,1,1,1,0,31,COOK (31),7320,RIVERDALE,7,Julio,13,2022,19,32,144TH ST,6,Calle Local Municipalidad,Urbano,Colector Mayor,City or Municipal Highway Agency,0,Sin jurisdiccion especial,221,41.63343611,-87.64147222,Peaton,El primer evento no fue una colision con un vehiculo automotor en transporte,T-Intersection,Interseccion de T,Sobre calle,Ninguna,Dia total,Despejado,No,NO APLICA,19,32,19,36,1,13/07/2022,1
17,Illinois,170651,0,0,2,0,97,LAKE (97),9650,ZION,7,Julio,29,2022,0,30,CR-27,4,Calle del Condado,Urbano,Arteria Menor,Town or Township Highway Agency,0,Sin jurisdiccion especial,99998,42.43552222,-87.85483611,Vehiculo en movimiento,Angulo,Four-Way Intersection,Interseccion de 4 direcciones,Sobre calle,Ninguna,Oscuro con iluminacion,Despejado,No,NO APLICA,99,99,99,99,1,29/07/2022,2
17,Illinois,170652,1,1,1,0,199,WILLIAMSON (199),5250,MARION,8,Agosto,12,2022,15,10,E ALLEN AVE,6,Calle Local Municipalidad,Urbano,Local,City or Municipal Highway Agency,0,Sin jurisdiccion especial,0,37.72598056,-88.92551111,Ciclista,El primer evento no fue una colision con un vehiculo automotor en transporte,Not an Intersection,No fue interseccion,Sobre calle,"Zona de trabajo, tipo desconocido",Dia total,Despejado,No,NO APLICA,15,12,15,18,1,12/08/2022,1
17,Illinois,170653,0,0,2,0,43,DUPAGE (43),4940,LOMBARD,7,Julio,29,2022,16,51,22ND ST,6,Calle Local Municipalidad,Urbano,Arteria Menor,City or Municipal Highway Agency,0,Sin jurisdiccion especial,3,41.84581111,-88.00643056,Vehiculo en movimiento,Angulo,Four-Way Intersection,Interseccion de 4 direcciones,Sobre calle,Ninguna,Dia total,Despejado,No,NO APLICA,99,99,99,99,1,29/07/2022,3
17,Illinois,170654,0,0,2,0,197,WILL (197),4910,LOCKPORT,8,Agosto,4,2022,15,0,S GOUGAR RD,8,Otro,Urbano,Arteria Menor,Town or Township Highway Agency,0,Sin jurisdiccion especial,5,41.59104167,-88.00704167,Vehiculo en movimiento,Angulo,Y-Intersection,Interseccion de Y,Sobre calle,Ninguna,Dia total,Despejado,No,NO APLICA,15,0,15,5,1,04/08/2022,2
17,Illinois,170655,0,0,2,0,111,MCHENRY (111),0,NO APLICA,7,Julio,30,2022,19,11,SR-176,3,Highway estatal,Rural,Arteria Principal,State Highway Agency,1,Sin jurisdiccion especial,49,42.25512778,-88.51111111,Vehiculo en movimiento,Angulo,T-Intersection,Interseccion de T,Sobre calle,Ninguna,Dia total,Despejado,No,NO APLICA,19,11,19,19,1,30/07/2022,3
17,Illinois,170656,1,1,1,0,97,LAKE (97),0,NO APLICA,7,Julio,10,2022,11,30,CR-W19,4,Calle del Condado,Urbano,Arteria Menor,Town or Township Highway Agency,0,Sin jurisdiccion especial,99998,42.29636389,-87.9243,Ciclista,El primer evento no fue una colision con un vehiculo automotor en transporte,Four-Way Intersection,Interseccion de 4 direcciones,Sobre calle,Ninguna,Dia total,Despejado,No,NO APLICA,11,32,11,40,1,10/07/2022,1
17,Illinois,170657,1,1,1,0,43,DUPAGE (43),20,ADDISON,7,Julio,27,2022,23,34,US-20,2,US Highway,Urbano,Arteria Principal,State Highway Agency,1,Sin jurisdiccion especial,1584,41.95328056,-88.04208889,Peaton,El primer evento no fue una colision con un vehiculo automotor en transporte,Not an Intersection,No fue interseccion,Sobre calle,Ninguna,Oscuro con iluminacion,Despejado,No,NO APLICA,99,99,99,99,1,27/07/2022,2
17,Illinois,170658,0,0,1,0,109,MCDONOUGH (109),0,NO APLICA,7,Julio,12,2022,14,1,US-67,2,US Highway,Rural,Arteria Principal,State Highway Agency,1,Sin jurisdiccion especial,270,40.28955278,-90.60177222,Zanja,El primer evento no fue una colision con un vehiculo automotor en transporte,Not an Intersection,No fue interseccion,Sobre el lado de la calle,Ninguna,Dia total,Despejado,No,NO APLICA,14,1,14,5,1,12/07/2022,1
17,Illinois,170659,0,0,2,0,73,HENRY (73),0,NO APLICA,8,Agosto,1,2022,9,40,US-6,2,US Highway,Urbano,Arteria Menor,State Highway Agency,0,Sin jurisdiccion especial,14,41.45601944,-90.40606667,Vehiculo en movimiento,Frente a frente,Not an Intersection,No fue interseccion,Sobre calle,Ninguna,Dia total,Despejado,No,NO APLICA,9,40,9,52,1,01/08/2022,2
17,Illinois,170660,1,1,2,0,31,COOK (31),1670,CHICAGO,8,Agosto,2,2022,21,30,FIFTH AVE,6,Calle Local Municipalidad,Urbano,Local,City or Municipal Highway Agency,0,Sin jurisdiccion especial,99998,41.87289722,-87.72579167,Peaton,El primer evento no fue una colision con un vehiculo automotor en transporte,Not an Intersection,No fue interseccion,Sobre calle,Ninguna,Oscuro - iluminacion desconocida,Despejado,No,NO APLICA,99,99,99,99,1,02/08/2022,2
17,Illinois,170661,2,2,3,0,31,COOK (31),1670,CHICAGO,8,Agosto,5,2022,18,34,79TH ST,6,Calle Local Municipalidad,Urbano,Arteria Menor,City or Municipal Highway Agency,0,Sin jurisdiccion especial,99998,41.75048333,-87.653725,Vehiculo en movimiento,Angulo,Four-Way Intersection,Interseccion de 4 direcciones,Sobre calle,Ninguna,Dia total,Despejado,No,NO APLICA,18,34,18,40,1,05/08/2022,3
17,Illinois,170663,0,0,2,0,111,MCHENRY (111),4625,LAKE IN THE HILLS,8,Agosto,2,2022,22,6,JAMES R RAKOW RD,5,Calle Local - Pueblo,Urbano,Arteria Principal,Town or Township Highway Agency,0,Sin jurisdiccion especial,99998,42.21151944,-88.31881944,Vehiculo en movimiento,Frente a Detrás,Not an Intersection,No fue interseccion,Sobre calle,Ninguna,Oscuro con iluminacion,Despejado,No,NO APLICA,22,6,22,13,1,02/08/2022,4
17,Illinois,170664,0,0,1,0,167,SANGAMON (167),8220,SPRINGFIELD,8,Agosto,5,2022,3,26,MONROE ST,6,Calle Local Municipalidad,Urbano,Arteria Menor,City or Municipal Highway Agency,0,Sin jurisdiccion especial,99998,39.79968333,-89.66559167,Otro objeto (fijo),El primer evento no fue una colision con un vehiculo automotor en transporte,Not an Intersection,No fue interseccion,Sobre el lado de la calle,Ninguna,Oscuro con iluminacion,Despejado,No,NO APLICA,99,99,99,99,1,05/08/2022,1
17,Illinois,170665,0,0,1,0,19,CHAMPAIGN (19),1550,CHAMPAIGN,8,Agosto,4,2022,9,9,KENWOOD,6,Calle Local Municipalidad,Urbano,Colector Mayor,City or Municipal Highway Agency,0,Sin jurisdiccion especial,99998,40.09855556,-88.28579444,Arbusto,El primer evento no fue una colision con un vehiculo automotor en transporte,Not an Intersection,No fue interseccion,Sobre el lado de la calle,Ninguna,Dia total,Despejado,No,NO APLICA,99,99,99,99,1,04/08/2022,1
17,Illinois,170666,0,0,2,0,73,HENRY (73),0,NO APLICA,8,Agosto,5,2022,6,24,US-6,2,US Highway,Urbano,Arteria Menor,State Highway Agency,0,Sin jurisdiccion especial,19,41.455975,-90.39603333,Vehiculo en movimiento,Golpe Lateral - direccion contraria,Not an Intersection,No fue interseccion,Sobre calle,Ninguna,Dia total,Despejado,No,NO APLICA,6,24,6,35,1,05/08/2022,2
17,Illinois,170667,1,1,1,0,143,PEORIA (143),1700,CHILLICOTHE,8,Agosto,5,2022,99,99,BRADLEY,6,Calle Local Municipalidad,Urbano,Colector Mayor,City or Municipal Highway Agency,0,Sin jurisdiccion especial,99998,40.91503056,-89.50063889,Ciclista,El primer evento no fue una colision con un vehiculo automotor en transporte,Four-Way Intersection,Interseccion de 4 direcciones,Sobre calle,Ninguna,Dia total,Despejado,No,NO APLICA,99,99,99,99,1,05/08/2022,1
17,Illinois,170668,0,0,2,0,23,CLARK (23),0,NO APLICA,8,Agosto,6,2022,3,16,I-70,1,Interestatal,Rural,Interestatal,State Highway Agency,1,Sin jurisdiccion especial,1557,39.42542222,-87.60605,Vehiculo en movimiento,Golpe Lateral - misma direccion,Not an Intersection,No fue interseccion,Sobre calle,"Zona de trabajo, tipo desconocido",Oscuro - iluminacion desconocida,Neblina o Humo,No,NO APLICA,3,20,3,34,1,06/08/2022,2
17,Illinois,170669,0,0,2,0,31,COOK (31),1670,CHICAGO,8,Agosto,9,2022,15,50,ARCHER AVE,8,Otro,Urbano,Arteria Menor,State Highway Agency,0,Sin jurisdiccion especial,99998,41.79766944,-87.74977222,Vehiculo en movimiento,Angulo,Not an Intersection,No fue interseccion,Sobre calle,Ninguna,Dia total,Despejado,No,NO APLICA,99,99,99,99,1,09/08/2022,2
17,Illinois,170670,0,0,2,0,31,COOK (31),0,NO APLICA,8,Agosto,5,2022,12,33,I-294,1,Interestatal,Urbano,Interestatal,State Toll Road,1,Sin jurisdiccion especial,308,41.75328611,-87.87154722,Vehiculo en movimiento,Frente a Detrás,Not an Intersection,No fue interseccion,Sobre calle,Construccion,Dia total,Despejado,No,NO APLICA,12,34,12,45,1,05/08/2022,2
17,Illinois,170671,1,1,1,0,31,COOK (31),1670,CHICAGO,8,Agosto,11,2022,6,20,AVENUE L,8,Otro,Urbano,Local,State Highway Agency,0,Sin jurisdiccion especial,99998,41.71601667,-87.53645556,Ciclista,El primer evento no fue una colision con un vehiculo automotor en transporte,Not an Intersection,No fue interseccion,Sobre calle,Ninguna,Dia total,Despejado,No,NO APLICA,6,15,6,22,1,11/08/2022,1
17,Illinois,170672,0,0,2,0,23,CLARK (23),0,NO APLICA,8,Agosto,7,2022,17,21,SR-1,3,Highway estatal,Rural,Arteria Principal,State Highway Agency,1,Sin jurisdiccion especial,28,39.4389,-87.68579722,Vehiculo en movimiento,Frente a frente,Not an Intersection,No fue interseccion,Sobre calle,Ninguna,Dia total,Despejado,No,NO APLICA,17,22,17,27,1,07/08/2022,2
17,Illinois,170673,0,0,1,0,31,COOK (31),1670,CHICAGO,8,Agosto,12,2022,20,49,PULASKI RD,8,Otro,Urbano,Arteria Menor,State Highway Agency,0,Sin jurisdiccion especial,99998,41.90862778,-87.72646944,Barda,El primer evento no fue una colision con un vehiculo automotor en transporte,Not an Intersection,No fue interseccion,Sobre el lado de la calle,Ninguna,Oscuro - iluminacion desconocida,Despejado,No,NO APLICA,99,99,20,52,1,12/08/2022,1