Estado,Nombre de Estado,Numero de Caso,Peatones,Personas _no_vehiculos,Vehiculos automotores,Vehiculos estacionados,Condado,Nombre Condado,Ciudad,Nombre Ciudad,Mes,Nombre Mes,Dia,Año,Hora,Minuto,Calle,Ruta,Nombre Ruta,Rural o Urbanoo,Sistema Funcional,Dueño Calle,Sistema Nacional Carreteras,Jurisdiccion Especial,Milla,Latitud,Longitud,Causa del Accidente,Tipo de Accidente,Tipo Interseccion,Columna1,Lugar en la calle,Zona de Trabajo,Luz,Clima,Autobus Escolar,Cruce de Trenes,Hora Notificacion,Minuto Notificacion,Hora Llegada,Minuto Llegada,Decesos,Fecha,PersonaVehiculo
17,Illinois,170674,0,0,5,0,43,DUPAGE (43),0,NO APLICA,4,Abril,9,2022,7,3,SR-38,3,Highway estatal,Urbano,Arteria Principal,State Highway Agency,1,Sin jurisdiccion especial,0,41.86173611,-87.92805556,Vehiculo en movimiento,Frente a Detrás,Not an Intersection,No fue interseccion,Sobre calle,Ninguna,Dia total,Despejado,No,NO APLICA,99,99,99,99,1,09/04/2022,6
17,Illinois,170675,0,0,2,0,97,LAKE (97),5940,MUNDELEIN,7,Julio,24,2022,19,18,US-45,2,US Highway,Urbano,Arteria Principal,State Highway Agency,1,Sin jurisdiccion especial,147,42.25781389,-88.00383056,Vehiculo en movimiento,Frente a frente,Not an Intersection,No fue interseccion,Sobre calle,Ninguna,Dia total,Despejado,No,NO APLICA,19,18,99,99,1,24/07/2022,3
17,Illinois,170676,0,0,1,0,55,FRANKLIN (55),0,NO APLICA,7,Julio,30,2022,7,55,DRY RD,5,Calle Local - Pueblo,Rural,Local,Town or Township Highway Agency,0,Sin jurisdiccion especial,20,37.92095278,-89.03975556,Arbol,El primer evento no fue una colision con un vehiculo automotor en transporte,Not an Intersection,No fue interseccion,Sobre el lado de la calle,Ninguna,Reportada como desconocida,Despejado,No,NO APLICA,0,0,99,99,1,30/07/2022,1
17,Illinois,170677,0,0,1,0,31,COOK (31),0,NO APLICA,7,Julio,22,2022,14,8,I-294,1,Interestatal,Urbano,Interestatal,State Toll Road,1,Sin jurisdiccion especial,7,42.14711944,-87.87885833,Fuego/Explosion,El primer evento no fue una colision con un vehiculo automotor en transporte,Not an Intersection,No fue interseccion,Sobre calle,Ninguna,Dia total,Despejado,No,NO APLICA,14,13,14,28,1,22/07/2022,1
17,Illinois,170678,0,0,1,0,27,CLINTON (27),0,NO APLICA,8,Agosto,6,2022,3,45,I- 64 EB64-DAMIANSVIL EXIT RAM,1,Interestatal,Rural,Interestatal,State Highway Agency,1,Sin jurisdiccion especial,99998,38.50026389,-89.61419722,Arbol,El primer evento no fue una colision con un vehiculo automotor en transporte,Not an Intersection,No fue interseccion,Sobre el lado de la calle,Ninguna,Oscuro - iluminacion desconocida,Despejado,No,NO APLICA,3,45,3,45,1,06/08/2022,1
17,Illinois,170679,0,0,1,0,45,EDGAR (45),6720,PARIS,8,Agosto,6,2022,1,34,COURT ST,6,Calle Local Municipalidad,Urbano,Colector Mayor,City or Municipal Highway Agency,0,Sin jurisdiccion especial,99998,39.60869722,-87.68260278,Banqueta,El primer evento no fue una colision con un vehiculo automotor en transporte,Not an Intersection,No fue interseccion,Sobre el lado de la calle,Ninguna,Oscuro - iluminacion desconocida,Despejado,No,NO APLICA,99,99,99,99,1,06/08/2022,2
17,Illinois,170680,0,0,1,0,203,WOODFORD (203),0,NO APLICA,8,Agosto,14,2022,7,40,CR-1150,4,Calle del Condado,Rural,Local,Town or Township Highway Agency,0,Sin jurisdiccion especial,99998,40.75733056,-89.17552778,Zanja,El primer evento no fue una colision con un vehiculo automotor en transporte,Not an Intersection,No fue interseccion,Sobre el lado de la calle,Ninguna,Oscuro - iluminacion desconocida,Despejado,No,NO APLICA,7,40,7,52,1,14/08/2022,1
17,Illinois,170681,0,0,1,0,31,COOK (31),0,NO APLICA,8,Agosto,13,2022,12,25,I-94,1,Interestatal,Urbano,Interestatal,State Highway Agency,1,Sin jurisdiccion especial,432,41.96458889,-87.74658889,Soporte de Puente,El primer evento no fue una colision con un vehiculo automotor en transporte,Not an Intersection,No fue interseccion,En el medio,Ninguna,Dia total,Despejado,No,NO APLICA,12,27,12,35,1,13/08/2022,1
17,Illinois,170682,0,0,1,0,189,WASHINGTON (189),5990,NASHVILLE,8,Agosto,11,2022,11,44,GRAND RD,5,Calle Local - Pueblo,Rural,Local,Town or Township Highway Agency,0,Sin jurisdiccion especial,99998,38.33221667,-89.39867778,Culvert,El primer evento no fue una colision con un vehiculo automotor en transporte,Not an Intersection,No fue interseccion,Sobre el lado de la calle,Ninguna,Dia total,Despejado,No,NO APLICA,99,99,99,99,1,11/08/2022,1
17,Illinois,170683,0,0,2,0,197,WILL (197),887,BOLINGBROOK,8,Agosto,10,2022,13,12,REMINGTON,6,Calle Local Municipalidad,Urbano,Colector Mayor,City or Municipal Highway Agency,0,Sin jurisdiccion especial,3,41.65719167,-88.13071667,Vehiculo en movimiento,Angulo,Not an Intersection,No fue interseccion,Sobre calle,Ninguna,Dia total,Despejado,No,NO APLICA,99,99,99,99,1,10/08/2022,2
17,Illinois,170684,1,1,2,0,31,COOK (31),1670,CHICAGO,8,Agosto,10,2022,21,0,SR-50,3,Highway estatal,Urbano,Arteria Principal,State Highway Agency,1,Sin jurisdiccion especial,63,41.99671111,-87.74833889,Peaton,El primer evento no fue una colision con un vehiculo automotor en transporte,Not an Intersection,No fue interseccion,Sobre calle,Ninguna,Oscuro con iluminacion,Despejado,No,NO APLICA,99,99,99,99,1,10/08/2022,2
17,Illinois,170685,0,0,5,0,63,GRUNDY (63),0,NO APLICA,8,Agosto,12,2022,16,52,I-80,1,Interestatal,Urbano,Interestatal,State Highway Agency,1,Sin jurisdiccion especial,1090,41.37823333,-88.47790833,Vehiculo en movimiento,Golpe Lateral - misma direccion,Not an Intersection,No fue interseccion,Sobre calle,Ninguna,Dia total,Despejado,No,NO APLICA,16,52,16,55,2,12/08/2022,6
17,Illinois,170686,0,0,2,0,89,KANE (89),7640,SAINT CHARLES,8,Agosto,16,2022,15,0,RANDALL RD,6,Calle Local Municipalidad,Rural,Colector Menor,Town or Township Highway Agency,0,Sin jurisdiccion especial,0,41.95325,-88.34085,Vehiculo en movimiento,Angulo,Four-Way Intersection,Interseccion de 4 direcciones,Sobre calle,Ninguna,Dia total,Despejado,No,NO APLICA,14,56,15,3,1,16/08/2022,3
17,Illinois,170687,0,0,2,0,81,JEFFERSON (81),0,NO APLICA,8,Agosto,4,2022,13,12,I-57,1,Interestatal,Rural,Interestatal,State Highway Agency,1,Sin jurisdiccion especial,1053,38.46606111,-88.95995833,Zanja,El primer evento no fue una colision con un vehiculo automotor en transporte,Not an Intersection,No fue interseccion,Sobre el lado de la calle,Ninguna,Dia total,Nublado,No,NO APLICA,13,25,13,29,1,04/08/2022,4
17,Illinois,170688,0,0,2,0,31,COOK (31),3100,FOREST PARK,8,Agosto,15,2022,0,8,I-290,1,Interestatal,Urbano,Interestatal,State Highway Agency,1,Sin jurisdiccion especial,202,41.87174722,-87.83042778,Vehiculo en movimiento,Frente a Detrás,Not an Intersection,No fue interseccion,Sobre calle,Ninguna,Oscuro con iluminacion,Despejado,No,NO APLICA,99,99,99,99,1,15/08/2022,2
17,Illinois,170689,0,0,2,0,27,CLINTON (27),3995,HOFFMAN,8,Agosto,6,2022,17,48,SR-161,3,Highway estatal,Rural,Arteria Menor,State Highway Agency,0,Sin jurisdiccion especial,475,38.53763333,-89.27325278,Vehiculo en movimiento,Angulo,T-Intersection,Interseccion de T,Sobre calle,Ninguna,Dia total,Despejado,No,NO APLICA,99,99,99,99,1,06/08/2022,4
17,Illinois,170690,0,0,2,0,15,CARROLL (15),7780,SAVANNA,8,Agosto,20,2022,2,20,US-52,2,US Highway,Rural,Arteria Menor,State Highway Agency,0,Sin jurisdiccion especial,30,42.09178611,-90.08520833,Vehiculo en movimiento,Frente a frente,Not an Intersection,No fue interseccion,Sobre calle,Ninguna,Oscuro - iluminacion desconocida,lluvia,No,NO APLICA,2,24,2,35,1,20/08/2022,2
17,Illinois,170691,0,0,2,0,119,MADISON (119),3760,HARTFORD,8,Agosto,16,2022,16,11,SR-3,3,Highway estatal,Urbano,Arteria Principal,State Highway Agency,1,Sin jurisdiccion especial,0,38.827925,-90.10035556,Vehiculo en movimiento,Angulo,Four-Way Intersection,Interseccion de 4 direcciones,Sobre calle,Ninguna,Dia total,Despejado,No,NO APLICA,16,12,16,19,1,16/08/2022,2
17,Illinois,170692,0,0,2,0,97,LAKE (97),8933,WADSWORTH,8,Agosto,15,2022,23,30,US-41,2,US Highway,Urbano,Arteria Principal,State Highway Agency,1,Sin jurisdiccion especial,33,42.43607778,-87.93814722,Vehiculo en movimiento,Frente a frente,Not an Intersection,No fue interseccion,Sobre calle,Ninguna,Oscuro - iluminacion desconocida,Despejado,No,NO APLICA,23,38,99,99,1,15/08/2022,2
17,Illinois,170693,1,1,1,0,31,COOK (31),0,NO APLICA,8,Agosto,20,2022,21,37,US-30,2,US Highway,Urbano,Arteria Principal,State Highway Agency,1,Sin jurisdiccion especial,1490,41.50625556,-87.58728611,Peaton,El primer evento no fue una colision con un vehiculo automotor en transporte,Four-Way Intersection,Interseccion de 4 direcciones,Sobre calle,Ninguna,Oscuro - iluminacion desconocida,Neblina o Humo,No,NO APLICA,99,99,99,99,1,20/08/2022,1
17,Illinois,170694,0,0,2,0,137,MORGAN (137),0,NO APLICA,8,Agosto,20,2022,21,45,OLD US-36,8,Otro,Rural,Colector Mayor,State Highway Agency,0,Sin jurisdiccion especial,99998,39.72404167,-90.07374167,Poste o otros soportes,El primer evento no fue una colision con un vehiculo automotor en transporte,Not an Intersection,No fue interseccion,Sobre el lado de la calle,Ninguna,Oscuro - iluminacion desconocida,Despejado,No,NO APLICA,99,99,99,99,2,20/08/2022,4
17,Illinois,170695,0,0,1,0,31,COOK (31),0,NO APLICA,8,Agosto,14,2022,3,21,I-90 W/B RAMP TO BEVERLY RD,1,Interestatal,Urbano,Interestatal,State Toll Road,1,Sin jurisdiccion especial,99998,42.06703333,-88.22043056,Otro objeto (fijo),El primer evento no fue una colision con un vehiculo automotor en transporte,Not an Intersection,No fue interseccion,Sobre el lado de la calle,Ninguna,Oscuro con iluminacion,Despejado,No,NO APLICA,3,25,3,39,1,14/08/2022,2
17,Illinois,170696,0,0,2,0,89,KANE (89),0,NO APLICA,8,Agosto,22,2022,7,15,CR-41,4,Calle del Condado,Urbano,Colector Mayor,Town or Township Highway Agency,0,Sin jurisdiccion especial,60,41.88140278,-88.48394167,Vehiculo en movimiento,Golpe Lateral - direccion contraria,Not an Intersection,No fue interseccion,Sobre calle,Ninguna,Dia total,Despejado,No,NO APLICA,7,13,7,25,1,22/08/2022,2
17,Illinois,170697,1,1,1,0,31,COOK (31),8090,SOUTH CHICAGO HEIGHTS,8,Agosto,13,2022,22,52,SR-1,3,Highway estatal,Urbano,Arteria Principal,State Highway Agency,1,Sin jurisdiccion especial,83,41.48409722,-87.63823056,Peaton,El primer evento no fue una colision con un vehiculo automotor en transporte,Not an Intersection,No fue interseccion,Sobre calle,Ninguna,Oscuro con iluminacion,Despejado,No,NO APLICA,22,52,22,55,1,13/08/2022,2
17,Illinois,170698,0,0,1,0,31,COOK (31),5870,MOUNT PROSPECT,8,Agosto,19,2022,20,50,BUSSE RD,5,Calle Local - Pueblo,Urbano,Arteria Menor,Town or Township Highway Agency,0,Sin jurisdiccion especial,99998,42.06643333,-87.96046944,Barrera de Trafico de Concreto,El primer evento no fue una colision con un vehiculo automotor en transporte,T-Intersection,Interseccion de T,Fuera de la calle,Ninguna,Oscuro con iluminacion,Despejado,No,NO APLICA,20,50,20,55,1,19/08/2022,1
17,Illinois,170699,1,1,1,0,163,ST. CLAIR (163),2610,EAST SAINT LOUIS,8,Agosto,24,2022,1,17,STATE ST,6,Calle Local Municipalidad,Urbano,Arteria Menor,City or Municipal Highway Agency,0,Sin jurisdiccion especial,99998,38.61968333,-90.13692778,Ciclista,El primer evento no fue una colision con un vehiculo automotor en transporte,Not an Intersection,No fue interseccion,Sobre calle,Ninguna,Oscuro con iluminacion,Despejado,No,NO APLICA,1,18,1,22,1,24/08/2022,1
17,Illinois,170700,0,0,1,0,43,DUPAGE (43),20,ADDISON,3,Marzo,4,2022,11,58,YORK RD TO I-290,8,Otro,Urbano,Interestatal,State Highway Agency,1,Sin jurisdiccion especial,99998,41.917225,-87.94371111,Otro objeto (fijo),El primer evento no fue una colision con un vehiculo automotor en transporte,Not an Intersection,No fue interseccion,Sobre el lado de la calle,Ninguna,Dia total,Despejado,No,NO APLICA,11,58,12,5,1,04/03/2022,1
17,Illinois,170701,0,0,2,0,43,DUPAGE (43),9180,WEST CHICAGO,4,Abril,22,2022,13,47,PRINCE CROSSING RD,6,Calle Local Municipalidad,Urbano,Arteria Menor,City or Municipal Highway Agency,0,Sin jurisdiccion especial,99998,41.90607222,-88.18478611,Vehiculo en movimiento,Angulo,Not an Intersection,No fue interseccion,Sobre calle,Ninguna,Dia total,lluvia,No,NO APLICA,13,47,99,99,1,22/04/2022,3
17,Illinois,170702,0,0,1,0,103,LEE (103),2380,DIXON,5,Mayo,26,2022,10,42,SR-38,3,Highway estatal,Urbano,Arteria Menor,State Highway Agency,0,Sin jurisdiccion especial,6,41.837775,-89.46882222,Arbol,El primer evento no fue una colision con un vehiculo automotor en transporte,Not an Intersection,No fue interseccion,Sobre el lado de la calle,Ninguna,Dia total,Despejado,No,NO APLICA,10,44,99,99,2,26/05/2022,2
17,Illinois,170703,0,0,4,0,123,MARSHALL (123),0,NO APLICA,8,Agosto,12,2022,16,15,I-39,1,Interestatal,Rural,Interestatal,State Highway Agency,1,Sin jurisdiccion especial,357,41.02667778,-89.05653333,Vehiculo en movimiento,Frente a Detrás,Not an Intersection,No fue interseccion,Sobre calle,Construccion,Dia total,Despejado,No,NO APLICA,16,16,16,25,1,12/08/2022,5
17,Illinois,170704,0,0,1,0,31,COOK (31),3790,HARVEY,6,Junio,7,2022,3,27,SR-83 147TH STREET,3,Highway estatal,Urbano,Arteria Principal,State Highway Agency,1,Sin jurisdiccion especial,23,41.62263333,-87.63623333,Soporte de Puente,El primer evento no fue una colision con un vehiculo automotor en transporte,Not an Intersection,No fue interseccion,En el medio,Ninguna,Oscuro con iluminacion,lluvia,No,NO APLICA,4,20,4,25,1,07/06/2022,1
17,Illinois,170705,1,1,1,0,43,DUPAGE (43),740,BENSENVILLE,8,Agosto,16,2022,1,16,CR-8,4,Calle del Condado,Urbano,Arteria Principal,Town or Township Highway Agency,1,Sin jurisdiccion especial,99998,41.96544444,-87.93962778,Peaton,El primer evento no fue una colision con un vehiculo automotor en transporte,Not an Intersection,No fue interseccion,Sobre calle,Ninguna,Oscuro - iluminacion desconocida,Despejado,No,NO APLICA,99,99,99,99,1,16/08/2022,2
17,Illinois,170706,0,0,3,0,7,BOONE (7),0,NO APLICA,8,Agosto,10,2022,6,34,I-90,1,Interestatal,Urbano,Interestatal,State Toll Road,1,Sin jurisdiccion especial,263,42.23388056,-88.79444722,Vehiculo en movimiento,Frente a Detrás,Not an Intersection,No fue interseccion,Sobre calle,Ninguna,Dia total,Despejado,No,NO APLICA,6,38,6,48,1,10/08/2022,4
17,Illinois,170707,0,0,3,0,89,KANE (89),460,AURORA,8,Agosto,16,2022,20,25,US-30,2,US Highway,Urbano,Arteria Principal,State Highway Agency,1,Sin jurisdiccion especial,41,41.72440278,-88.36531389,Vehiculo en movimiento,Frente a Detrás,Not an Intersection,No fue interseccion,Sobre calle,Ninguna,Dia total,Despejado,No,NO APLICA,20,26,99,99,1,16/08/2022,3
17,Illinois,170708,0,0,1,0,167,SANGAMON (167),0,NO APLICA,8,Agosto,31,2022,8,45,I-55,1,Interestatal,Urbano,Interestatal,State Highway Agency,1,Sin jurisdiccion especial,191,39.782275,-89.60043889,Barrera de Trafico de Concreto,El primer evento no fue una colision con un vehiculo automotor en transporte,Not an Intersection,No fue interseccion,En el medio,Construccion,Oscuro con iluminacion,Despejado,No,NO APLICA,99,99,99,99,1,31/08/2022,1
17,Illinois,170709,1,1,1,0,31,COOK (31),1670,CHICAGO,6,Junio,29,2022,18,45,23RD ST,6,Calle Local Municipalidad,Urbano,Local,City or Municipal Highway Agency,0,Sin jurisdiccion especial,99998,41.85010556,-87.69361944,Peaton,El primer evento no fue una colision con un vehiculo automotor en transporte,Not an Intersection,No fue interseccion,Sobre calle,Ninguna,Dia total,Despejado,No,NO APLICA,99,99,18,49,1,29/06/2022,1
17,Illinois,170710,0,0,1,0,133,MONROE (133),1930,COLUMBIA,8,Agosto,21,2022,2,30,SR-3,3,Highway estatal,Urbano,Arteria Principal,State Highway Agency,1,Sin jurisdiccion especial,29,38.44231389,-90.21426944,Volcadura,El primer evento no fue una colision con un vehiculo automotor en transporte,Not an Intersection,No fue interseccion,Sobre el lado de la calle,Ninguna,Oscuro - iluminacion desconocida,Despejado,No,NO APLICA,99,99,99,99,1,21/08/2022,1
17,Illinois,170711,0,0,2,0,31,COOK (31),0,NO APLICA,8,Agosto,30,2022,18,31,LAKE COOK RD,8,Otro,Urbano,Arteria Principal,County Highway Agency,1,Sin jurisdiccion especial,99998,42.15365,-88.02274167,Vehiculo en movimiento,Angulo,Four-Way Intersection,Interseccion de 4 direcciones,Sobre calle,Ninguna,Dia total,Despejado,No,NO APLICA,18,36,18,37,1,30/08/2022,2
17,Illinois,170712,1,1,1,0,37,DEKALB (37),3310,GENOA,8,Agosto,10,2022,17,56,1ST ST,6,Calle Local Municipalidad,Urbano,Colector Mayor,City or Municipal Highway Agency,0,Sin jurisdiccion especial,99998,42.09950278,-88.69673889,Ciclista,El primer evento no fue una colision con un vehiculo automotor en transporte,Four-Way Intersection,Interseccion de 4 direcciones,Sobre calle,Ninguna,Dia total,Despejado,No,NO APLICA,17,56,18,0,1,10/08/2022,1
17,Illinois,170713,0,0,1,0,79,JASPER (79),0,NO APLICA,8,Agosto,21,2022,21,50,1900TH AVE,5,Calle Local - Pueblo,Rural,Colector Mayor,Town or Township Highway Agency,0,Sin jurisdiccion especial,99998,39.132625,-88.34886944,Culvert,El primer evento no fue una colision con un vehiculo automotor en transporte,Not an Intersection,No fue interseccion,Sobre el lado de la calle,Ninguna,Oscuro - iluminacion desconocida,Despejado,No,NO APLICA,22,4,22,21,1,21/08/2022,1
17,Illinois,170714,0,0,1,0,103,LEE (103),0,NO APLICA,8,Agosto,9,2022,4,9,I-88,1,Interestatal,Rural,Interestatal,State Toll Road,1,Sin jurisdiccion especial,631,41.82434167,-89.29490833,Zanja,El primer evento no fue una colision con un vehiculo automotor en transporte,Not an Intersection,No fue interseccion,En el medio,Ninguna,Oscuro - iluminacion desconocida,Despejado,No,NO APLICA,4,12,4,40,1,09/08/2022,3
17,Illinois,170715,0,0,1,0,97,LAKE (97),230,ANTIOCH,8,Agosto,17,2022,10,29,SR-83,3,Highway estatal,Urbano,Arteria Principal,State Highway Agency,1,Sin jurisdiccion especial,30,42.45256667,-88.09136944,Arbol,El primer evento no fue una colision con un vehiculo automotor en transporte,Not an Intersection,No fue interseccion,Sobre el lado de la calle,Ninguna,Dia total,Despejado,No,NO APLICA,10,29,10,50,1,17/08/2022,1
17,Illinois,170716,0,0,2,0,203,WOODFORD (203),0,NO APLICA,8,Agosto,27,2022,12,24,US-24,2,US Highway,Rural,Arteria Principal,State Highway Agency,1,Sin jurisdiccion especial,63,40.73068889,-89.21488056,Vehiculo en movimiento,Frente a frente,Not an Intersection,No fue interseccion,Sobre calle,Ninguna,Dia total,Despejado,No,NO APLICA,12,26,12,41,1,27/08/2022,8
17,Illinois,170717,1,1,1,0,167,SANGAMON (167),7420,ROCHESTER,8,Agosto,26,2022,21,58,SR-29,3,Highway estatal,Urbano,Arteria Principal,State Highway Agency,1,Sin jurisdiccion especial,23,39.77778333,-89.58526111,Peaton,El primer evento no fue una colision con un vehiculo automotor en transporte,Not an Intersection,No fue interseccion,Sobre calle,Ninguna,Oscuro - iluminacion desconocida,Despejado,No,NO APLICA,22,0,22,5,1,26/08/2022,1
17,Illinois,170718,0,0,1,0,31,COOK (31),3100,FOREST PARK,8,Agosto,25,2022,19,24,I-290 RAMP,1,Interestatal,Urbano,Interestatal,State Highway Agency,1,Sin jurisdiccion especial,69,41.87214722,-87.81838056,Acotamiento,El primer evento no fue una colision con un vehiculo automotor en transporte,Not an Intersection,No fue interseccion,Gore?,Ninguna,Dia total,Despejado,No,NO APLICA,19,27,19,30,1,25/08/2022,1
17,Illinois,170720,0,0,2,0,141,OGLE (141),0,NO APLICA,6,Junio,19,2022,15,48,SR-64,3,Highway estatal,Rural,Arteria Menor,State Highway Agency,0,Sin jurisdiccion especial,656,42.00735278,-89.00061944,Vehiculo en movimiento,Angulo,Four-Way Intersection,Interseccion de 4 direcciones,Sobre calle,Ninguna,Dia total,Despejado,No,NO APLICA,15,48,16,0,1,19/06/2022,2
17,Illinois,170721,0,0,2,0,99,LASALLE (99),4690,LA SALLE,8,Agosto,24,2022,16,27,I-39 RAMP,1,Interestatal,Urbano,Interestatal,State Highway Agency,1,Sin jurisdiccion especial,161,41.33756389,-89.06916389,Vehiculo en movimiento,Angulo,Four-Way Intersection,Interseccion de 4 direcciones,Sobre calle,Ninguna,Dia total,Despejado,No,NO APLICA,16,28,16,32,1,24/08/2022,2
17,Illinois,170722,0,0,2,0,181,UNION (181),0,NO APLICA,8,Agosto,24,2022,8,56,I-57,1,Interestatal,Rural,Interestatal,State Highway Agency,1,Sin jurisdiccion especial,320,37.47459444,-89.12836111,Vehiculo en movimiento,Angulo,Not an Intersection,No fue interseccion,Sobre calle,Ninguna,Dia total,Despejado,No,NO APLICA,8,56,9,9,1,24/08/2022,3
17,Illinois,170723,1,1,1,0,31,COOK (31),1670,CHICAGO,8,Agosto,27,2022,15,35,26TH ST,6,Calle Local Municipalidad,Urbano,Colector Mayor,City or Municipal Highway Agency,0,Sin jurisdiccion especial,99998,41.84550556,-87.63653889,Ciclista,El primer evento no fue una colision con un vehiculo automotor en transporte,Four-Way Intersection,Interseccion de 4 direcciones,Sobre calle,Ninguna,Dia total,Despejado,No,NO APLICA,15,37,15,38,1,27/08/2022,1
17,Illinois,170724,1,1,2,0,31,COOK (31),1670,CHICAGO,8,Agosto,28,2022,1,35,SR-50,3,Highway estatal,Urbano,Arteria Principal,State Highway Agency,1,Sin jurisdiccion especial,485,41.77478333,-87.74215833,Vehiculo en movimiento,Angulo,Four-Way Intersection,Interseccion de 4 direcciones,Sobre calle,Ninguna,Oscuro con iluminacion,Despejado,No,NO APLICA,1,99,1,37,1,28/08/2022,2
17,Illinois,170725,0,0,2,0,197,WILL (197),0,NO APLICA,8,Agosto,31,2022,13,20,E WASHINGTON ST,6,Calle Local Municipalidad,Urbano,Local,City or Municipal Highway Agency,0,Sin jurisdiccion especial,0,41.52272222,-88.03613889,Vehiculo en movimiento,Angulo,Not an Intersection,No fue interseccion,Sobre calle,Ninguna,Dia total,Despejado,No,NO APLICA,13,20,13,20,1,31/08/2022,2
17,Illinois,170726,1,1,1,0,31,COOK (31),1995,COUNTRYSIDE,8,Agosto,28,2022,18,41,US-45,2,US Highway,Urbano,Arteria Principal,State Highway Agency,1,Sin jurisdiccion especial,611,41.79048889,-87.86865278,Ciclista,El primer evento no fue una colision con un vehiculo automotor en transporte,Four-Way Intersection,Interseccion de 4 direcciones,Sobre calle,Ninguna,Dia total,Despejado,No,NO APLICA,18,41,99,99,1,28/08/2022,1
17,Illinois,170727,1,1,1,0,31,COOK (31),2719,ELK GROVE VILLAGE,8,Agosto,18,2022,21,0,SR-83,3,Highway estatal,Urbano,Arteria Principal,State Highway Agency,1,Sin jurisdiccion especial,540,42.01448056,-87.95980833,Ciclista,El primer evento no fue una colision con un vehiculo automotor en transporte,T-Intersection,Interseccion de T,Sobre calle,Ninguna,Oscuro con iluminacion,Despejado,No,NO APLICA,21,25,21,29,1,18/08/2022,1
17,Illinois,170728,0,0,2,0,51,FAYETTE (51),0,NO APLICA,8,Agosto,26,2022,14,0,US-40,2,US Highway,Rural,Colector Mayor,State Highway Agency,0,Sin jurisdiccion especial,91,39.02509722,-88.84471389,Vehiculo en movimiento,Frente a frente,Not an Intersection,No fue interseccion,Sobre calle,Ninguna,Dia total,Despejado,No,NO APLICA,99,99,99,99,1,26/08/2022,3
17,Illinois,170729,0,0,1,0,195,WHITESIDE (195),0,NO APLICA,8,Agosto,29,2022,19,22,I-88,1,Interestatal,Urbano,Interestatal,State Highway Agency,1,Sin jurisdiccion especial,412,41.75156389,-89.68765278,Arbol,El primer evento no fue una colision con un vehiculo automotor en transporte,Not an Intersection,No fue interseccion,Sobre el lado de la calle,Ninguna,Dia total,Despejado,No,NO APLICA,19,24,19,35,1,29/08/2022,1
17,Illinois,170730,0,0,4,0,31,COOK (31),6400,OAK LAWN,8,Agosto,21,2022,1,53,SR-50,3,Highway estatal,Urbano,Arteria Principal,State Highway Agency,1,Sin jurisdiccion especial,274,41.69329167,-87.73983333,Vehiculo en movimiento,Frente a Detrás,Not an Intersection,No fue interseccion,Sobre calle,Ninguna,Oscuro - iluminacion desconocida,Despejado,No,NO APLICA,1,53,1,59,1,21/08/2022,8
17,Illinois,170731,0,0,2,0,43,DUPAGE (43),1385,CAROL STREAM,8,Agosto,30,2022,16,52,CR-23,4,Calle del Condado,Urbano,Arteria Menor,Town or Township Highway Agency,0,Sin jurisdiccion especial,99998,41.92461944,-88.12056111,Vehiculo en movimiento,Angulo,Four-Way Intersection,Interseccion de 4 direcciones,Sobre calle,Ninguna,Dia total,Despejado,No,NO APLICA,16,52,17,16,1,30/08/2022,2
17,Illinois,170732,0,0,2,0,31,COOK (31),5550,MIDLOTHIAN,8,Agosto,13,2022,16,5,KEDZIE AVE,5,Calle Local - Pueblo,Urbano,Arteria Menor,Town or Township Highway Agency,0,Sin jurisdiccion especial,99998,41.62971667,-87.69846667,Vehiculo en movimiento,Frente a frente,Not an Intersection,No fue interseccion,Sobre calle,Ninguna,Dia total,Despejado,No,NO APLICA,99,99,99,99,1,13/08/2022,2
17,Illinois,170733,0,0,2,0,111,MCHENRY (111),0,NO APLICA,8,Agosto,16,2022,3,34,SR-23,3,Highway estatal,Rural,Arteria Principal,State Highway Agency,1,Sin jurisdiccion especial,62,42.32813611,-88.60918889,Vehiculo en movimiento,Angulo,Not an Intersection,No fue interseccion,Sobre calle,Ninguna,Oscuro - iluminacion desconocida,Despejado,No,NO APLICA,3,34,3,42,1,16/08/2022,2
17,Illinois,170734,0,0,2,0,31,COOK (31),0,NO APLICA,8,Agosto,1,2022,3,8,I-294,1,Interestatal,Urbano,Interestatal,State Toll Road,1,Sin jurisdiccion especial,437,41.6324,-87.69950278,Vehiculo en movimiento,Angulo,Not an Intersection,No fue interseccion,Sobre calle,Ninguna,Oscuro con iluminacion,Despejado,No,NO APLICA,3,15,3,37,1,01/08/2022,2
17,Illinois,170735,0,0,2,0,43,DUPAGE (43),9440,WINFIELD,8,Agosto,16,2022,16,27,WINFIELD RD,6,Calle Local Municipalidad,Urbano,Arteria Menor,City or Municipal Highway Agency,0,Sin jurisdiccion especial,99998,41.86910556,-88.15830556,Vehiculo en movimiento,Angulo,Four-Way Intersection,Interseccion de 4 direcciones,Sobre calle,Ninguna,Dia total,Despejado,No,NO APLICA,16,27,16,30,1,16/08/2022,3
17,Illinois,170736,0,0,1,0,19,CHAMPAIGN (19),0,NO APLICA,8,Agosto,28,2022,1,5,W GRAND,6,Calle Local Municipalidad,Urbano,Local,City or Municipal Highway Agency,0,Sin jurisdiccion especial,99998,40.11703611,-88.04702222,Arbol,El primer evento no fue una colision con un vehiculo automotor en transporte,Not an Intersection,No fue interseccion,Sobre el lado de la calle,Ninguna,Oscuro - iluminacion desconocida,Despejado,No,NO APLICA,11,18,11,58,1,28/08/2022,1