Estado,Nombre de Estado,Numero de Caso,Peatones,Personas _no_vehiculos,Vehiculos automotores,Vehiculos estacionados,Condado,Nombre Condado,Ciudad,Nombre Ciudad,Mes,Nombre Mes,Dia,Año,Hora,Minuto,Calle,Ruta,Nombre Ruta,Rural o Urbanoo,Sistema Funcional,Dueño Calle,Sistema Nacional Carreteras,Jurisdiccion Especial,Milla,Latitud,Longitud,Causa del Accidente,Tipo de Accidente,Tipo Interseccion,Columna1,Lugar en la calle,Zona de Trabajo,Luz,Clima,Autobus Escolar,Cruce de Trenes,Hora Notificacion,Minuto Notificacion,Hora Llegada,Minuto Llegada,Decesos,Fecha,PersonaVehiculo
17,Illinois,170737,0,0,1,0,31,COOK (31),3820,HAZEL CREST,8,Agosto,6,2022,22,14,KEDZIE AVE,5,Calle Local - Pueblo,Urbano,Arteria Menor,Town or Township Highway Agency,0,Sin jurisdiccion especial,99998,41.58285,-87.69445278,Soporte de Puente,El primer evento no fue una colision con un vehiculo automotor en transporte,Not an Intersection,No fue interseccion,Sobre el lado de la calle,Ninguna,Oscuro con iluminacion,Despejado,No,NO APLICA,22,14,22,18,1,06/08/2022,1
17,Illinois,170738,0,0,1,0,175,STARK (175),0,NO APLICA,8,Agosto,11,2022,17,53,SR-91,3,Highway estatal,Rural,Colector Mayor,State Highway Agency,0,Sin jurisdiccion especial,34,41.12952222,-89.85930833,Zanja,El primer evento no fue una colision con un vehiculo automotor en transporte,Not an Intersection,No fue interseccion,Sobre el lado de la calle,Ninguna,Oscuro - iluminacion desconocida,Despejado,No,NO APLICA,99,99,99,99,1,11/08/2022,1
17,Illinois,170739,0,0,1,0,121,MARION (121),0,NO APLICA,8,Agosto,21,2022,23,8,CR-1625,4,Calle del Condado,Rural,Local,Town or Township Highway Agency,0,Sin jurisdiccion especial,99998,38.70530556,-89.11784167,Zanja,El primer evento no fue una colision con un vehiculo automotor en transporte,Not an Intersection,No fue interseccion,Sobre el lado de la calle,Ninguna,Oscuro - iluminacion desconocida,Despejado,No,NO APLICA,23,6,23,23,1,21/08/2022,2
17,Illinois,170740,0,0,1,0,97,LAKE (97),4630,LAKE VILLA,8,Agosto,15,2022,23,28,CR-55,4,Calle del Condado,Urbano,Arteria Menor,Town or Township Highway Agency,0,Sin jurisdiccion especial,99998,42.39816111,-88.10076667,Otra no colicion,El primer evento no fue una colision con un vehiculo automotor en transporte,Not an Intersection,No fue interseccion,Sobre el lado de la calle,Ninguna,Oscuro - iluminacion desconocida,Despejado,No,NO APLICA,23,28,23,37,1,15/08/2022,1
17,Illinois,170741,1,1,1,0,31,COOK (31),4680,LANSING,8,Agosto,19,2022,10,49,170TH ST,5,Calle Local - Pueblo,Urbano,Colector Mayor,Town or Township Highway Agency,0,Sin jurisdiccion especial,99998,41.58650833,-87.54842778,No vehiculo o remolque,El primer evento no fue una colision con un vehiculo automotor en transporte,Not an Intersection,No fue interseccion,Sobre calle,Ninguna,Dia total,Despejado,No,NO APLICA,10,49,10,52,1,19/08/2022,1
17,Illinois,170742,1,1,1,0,31,COOK (31),1670,CHICAGO,8,Agosto,31,2022,15,35,51ST ST,6,Calle Local Municipalidad,Urbano,Colector Menor,City or Municipal Highway Agency,0,Sin jurisdiccion especial,99998,41.80006111,-87.76433333,Peaton,El primer evento no fue una colision con un vehiculo automotor en transporte,Not an Intersection,No fue interseccion,Sobre calle,Ninguna,Dia total,Despejado,No,NO APLICA,15,35,15,40,1,31/08/2022,1
17,Illinois,170743,1,1,1,0,31,COOK (31),5044,LYNWOOD,8,Agosto,30,2022,2,11,US-30,2,US Highway,Urbano,Arteria Principal,State Highway Agency,1,Sin jurisdiccion especial,130,41.50650556,-87.54053056,Peaton,El primer evento no fue una colision con un vehiculo automotor en transporte,Not an Intersection,No fue interseccion,Sobre calle,Ninguna,Oscuro - iluminacion desconocida,Despejado,No,NO APLICA,2,11,99,99,1,30/08/2022,1
17,Illinois,170744,0,0,2,0,31,COOK (31),1670,CHICAGO,9,Septiembre,3,2022,14,10,55TH ST,6,Calle Local Municipalidad,Urbano,Arteria Principal,City or Municipal Highway Agency,1,Sin jurisdiccion especial,99998,41.79305833,-87.746725,Vehiculo en movimiento,Angulo,Not an Intersection,No fue interseccion,Sobre calle,Ninguna,Dia total,Despejado,No,NO APLICA,99,99,99,99,1,03/09/2022,3
17,Illinois,170745,0,0,2,0,37,DEKALB (37),0,NO APLICA,9,Septiembre,1,2022,18,13,US-30,2,US Highway,Rural,Arteria Menor,State Highway Agency,0,Sin jurisdiccion especial,50,41.76881667,-88.84752222,Vehiculo en movimiento,Angulo,Four-Way Intersection,Interseccion de 4 direcciones,Sobre calle,Ninguna,Dia total,Despejado,No,NO APLICA,18,17,18,19,1,01/09/2022,2
17,Illinois,170746,1,1,1,0,163,ST. CLAIR (163),0,NO APLICA,9,Septiembre,5,2022,12,1,I-64,1,Interestatal,Urbano,Interestatal,State Highway Agency,1,Sin jurisdiccion especial,11,38.62473611,-90.1344,Peaton,El primer evento no fue una colision con un vehiculo automotor en transporte,Not an Intersection,No fue interseccion,Sobre calle,Ninguna,Dia total,lluvia,No,NO APLICA,12,2,12,12,1,05/09/2022,1
17,Illinois,170747,0,0,1,0,199,WILLIAMSON (199),3870,HERRIN,9,Septiembre,6,2022,1,15,HERRIN RD,6,Calle Local Municipalidad,Urbano,Arteria Menor,City or Municipal Highway Agency,0,Sin jurisdiccion especial,99998,37.81101389,-89.06047222,Zanja,El primer evento no fue una colision con un vehiculo automotor en transporte,Not an Intersection,No fue interseccion,Sobre el lado de la calle,Ninguna,Oscuro con iluminacion,Despejado,No,NO APLICA,1,16,99,99,1,06/09/2022,1
17,Illinois,170748,0,0,1,0,31,COOK (31),6400,OAK LAWN,9,Septiembre,6,2022,14,45,53RD AVE,6,Calle Local Municipalidad,Urbano,Local,City or Municipal Highway Agency,0,Sin jurisdiccion especial,99998,41.72279722,-87.75310278,Arbusto,El primer evento no fue una colision con un vehiculo automotor en transporte,Not an Intersection,No fue interseccion,Sobre el lado de la calle,Ninguna,Dia total,Despejado,No,NO APLICA,14,49,14,51,1,06/09/2022,1
17,Illinois,170749,0,0,3,0,163,ST. CLAIR (163),1495,CENTREVILLE,9,Septiembre,6,2022,17,28,I-255,1,Interestatal,Urbano,Interestatal,State Highway Agency,1,Sin jurisdiccion especial,45,38.53991944,-90.18009722,Vehiculo en movimiento,Golpe Lateral - misma direccion,Not an Intersection,No fue interseccion,Sobre calle,Ninguna,Dia total,Despejado,No,NO APLICA,99,99,99,99,1,06/09/2022,4
17,Illinois,170751,1,1,1,0,113,MCLEAN (113),840,BLOOMINGTON,9,Septiembre,2,2022,21,26,SR-55,3,Highway estatal,Urbano,Arteria Principal,State Highway Agency,1,Sin jurisdiccion especial,62,40.48642778,-88.95266944,Peaton,El primer evento no fue una colision con un vehiculo automotor en transporte,Not an Intersection,No fue interseccion,Sobre calle,Ninguna,Oscuro con iluminacion,Despejado,No,NO APLICA,21,26,21,32,1,02/09/2022,1
17,Illinois,170752,0,0,1,0,89,KANE (89),0,NO APLICA,9,Septiembre,3,2022,1,54,I-90 RAMP,1,Interestatal,Urbano,Interestatal,State Toll Road,1,Sin jurisdiccion especial,3,42.12369444,-88.43491389,Volcadura,El primer evento no fue una colision con un vehiculo automotor en transporte,Not an Intersection,No fue interseccion,Sobre el lado de la calle,Ninguna,Oscuro con iluminacion,Despejado,No,NO APLICA,1,54,2,4,1,03/09/2022,2
17,Illinois,170753,0,0,3,0,31,COOK (31),3100,FOREST PARK,9,Septiembre,1,2022,23,36,SR-43,3,Highway estatal,Urbano,Arteria Principal,State Highway Agency,1,Sin jurisdiccion especial,0,41.87326944,-87.8045,Vehiculo en movimiento,Angulo,Four-Way Intersection,Interseccion de 4 direcciones,Sobre calle,Ninguna,Oscuro con iluminacion,Despejado,No,NO APLICA,23,99,99,99,1,01/09/2022,4
17,Illinois,170754,0,0,1,0,19,CHAMPAIGN (19),0,NO APLICA,9,Septiembre,4,2022,4,6,CR-800,4,Calle del Condado,Rural,Local,Town or Township Highway Agency,0,Sin jurisdiccion especial,3,39.99526111,-88.21274444,Zanja,El primer evento no fue una colision con un vehiculo automotor en transporte,Not an Intersection,No fue interseccion,Sobre el lado de la calle,Ninguna,Oscuro - iluminacion desconocida,Despejado,No,NO APLICA,4,10,4,22,1,04/09/2022,1
17,Illinois,170755,0,0,2,0,183,VERMILION (183),0,NO APLICA,9,Septiembre,7,2022,14,49,SR-49,3,Highway estatal,Rural,Arteria Menor,State Highway Agency,0,Sin jurisdiccion especial,943,40.24062222,-87.89078056,Vehiculo en movimiento,Angulo,Four-Way Intersection,Interseccion de 4 direcciones,Sobre calle,Ninguna,Dia total,Despejado,No,NO APLICA,14,49,15,14,1,07/09/2022,4
17,Illinois,170756,0,0,2,0,73,HENRY (73),0,NO APLICA,9,Septiembre,8,2022,4,44,SR-78,3,Highway estatal,Rural,Arteria Menor,State Highway Agency,0,Sin jurisdiccion especial,108,41.43316944,-89.90975278,Vehiculo en movimiento,Angulo,Not an Intersection,No fue interseccion,Sobre calle,Ninguna,Oscuro - iluminacion desconocida,Neblina o Humo,No,NO APLICA,4,57,5,8,1,08/09/2022,2
17,Illinois,170757,1,1,1,0,31,COOK (31),1670,CHICAGO,9,Septiembre,8,2022,11,44,MILWAUKEE AVE,6,Calle Local Municipalidad,Urbano,Colector Mayor,City or Municipal Highway Agency,0,Sin jurisdiccion especial,99998,41.89458889,-87.65285,Ciclista,El primer evento no fue una colision con un vehiculo automotor en transporte,T-Intersection,Interseccion de T,Sobre calle,Ninguna,Dia total,Despejado,No,NO APLICA,99,99,99,99,1,08/09/2022,1
17,Illinois,170758,0,0,1,0,135,MONTGOMERY (135),0,NO APLICA,9,Septiembre,5,2022,13,42,SR-16,3,Highway estatal,Rural,Arteria Principal,State Highway Agency,1,Sin jurisdiccion especial,697,39.173875,-89.448275,Valla Ferrocarril,El primer evento no fue una colision con un vehiculo automotor en transporte,Not an Intersection,No fue interseccion,Sobre el lado de la calle,Ninguna,Dia total,Despejado,No,NO APLICA,13,42,13,49,1,05/09/2022,1
17,Illinois,170759,0,0,1,0,51,FAYETTE (51),0,NO APLICA,9,Septiembre,10,2022,1,13,SR-128,3,Highway estatal,Rural,Colector Mayor,State Highway Agency,0,Sin jurisdiccion especial,6,39.17773056,-88.80555,Culvert,El primer evento no fue una colision con un vehiculo automotor en transporte,Not an Intersection,No fue interseccion,Sobre el lado de la calle,Ninguna,Oscuro sin iluminacion,Despejado,No,NO APLICA,1,13,1,30,1,10/09/2022,1
17,Illinois,170760,0,0,1,0,111,MCHENRY (111),5060,MCHENRY,9,Septiembre,3,2022,5,5,SR-31,3,Highway estatal,Urbano,Arteria Principal,State Highway Agency,1,Sin jurisdiccion especial,42,42.39384444,-88.293575,Arbol,El primer evento no fue una colision con un vehiculo automotor en transporte,Not an Intersection,No fue interseccion,Sobre el lado de la calle,Ninguna,Amanecer,Despejado,No,NO APLICA,99,99,99,99,2,03/09/2022,2
17,Illinois,170761,0,0,2,0,31,COOK (31),1670,CHICAGO,9,Septiembre,5,2022,23,19,I-90,1,Interestatal,Urbano,Interestatal,State Highway Agency,1,Sin jurisdiccion especial,815,41.98226944,-87.80078611,Vehiculo en movimiento,Golpe Lateral - misma direccion,Not an Intersection,No fue interseccion,Sobre calle,Ninguna,Oscuro con iluminacion,Despejado,No,NO APLICA,23,19,23,23,1,05/09/2022,2
17,Illinois,170762,0,0,1,0,93,KENDALL (93),6620,OSWEGO,9,Septiembre,9,2022,19,58,US-34,2,US Highway,Urbano,Arteria Principal,State Highway Agency,1,Sin jurisdiccion especial,188,41.69169444,-88.33509722,Banqueta,El primer evento no fue una colision con un vehiculo automotor en transporte,Not an Intersection,No fue interseccion,Sobre el lado de la calle,Ninguna,Dia total,Despejado,No,NO APLICA,19,58,20,5,1,09/09/2022,1
17,Illinois,170763,0,0,1,0,89,KANE (89),2550,EAST DUNDEE,9,Septiembre,10,2022,1,32,SR-72,3,Highway estatal,Urbano,Arteria Principal,State Highway Agency,1,Sin jurisdiccion especial,98,42.09866667,-88.27253056,Arbol,El primer evento no fue una colision con un vehiculo automotor en transporte,Not an Intersection,No fue interseccion,Sobre el lado de la calle,Ninguna,Oscuro con iluminacion,Despejado,No,NO APLICA,1,32,1,37,2,10/09/2022,4
17,Illinois,170764,0,0,2,0,201,WINNEBAGO (201),7460,ROCKFORD,9,Septiembre,2,2022,6,47,MULFORD RD,6,Calle Local Municipalidad,Urbano,Arteria Principal,City or Municipal Highway Agency,1,Sin jurisdiccion especial,99998,42.28448333,-88.99963056,Vehiculo en movimiento,Golpe Lateral - misma direccion,Four-Way Intersection,Interseccion de 4 direcciones,Sobre calle,Ninguna,Dia total,Despejado,No,NO APLICA,6,47,6,51,1,02/09/2022,2
17,Illinois,170765,1,1,1,0,31,COOK (31),9370,WILLOW SPRINGS,9,Septiembre,5,2022,10,30,CENTRAL AVE,6,Calle Local Municipalidad,Urbano,Local,City or Municipal Highway Agency,0,Sin jurisdiccion especial,99998,41.75248333,-87.76088056,Ciclista,El primer evento no fue una colision con un vehiculo automotor en transporte,Four-Way Intersection,Interseccion de 4 direcciones,Sobre calle,Ninguna,Dia total,Nublado,No,NO APLICA,10,30,10,40,1,05/09/2022,1
17,Illinois,170766,0,1,2,1,63,GRUNDY (63),0,NO APLICA,9,Septiembre,8,2022,21,47,I-55,1,Interestatal,Rural,Interestatal,State Highway Agency,1,Sin jurisdiccion especial,2227,41.14012778,-88.36965,Vehiculo Aparcado,El primer evento no fue una colision con un vehiculo automotor en transporte,Not an Intersection,No fue interseccion,Sobre Acotamiento,Ninguna,Oscuro - iluminacion desconocida,Despejado,No,NO APLICA,21,47,22,27,1,08/09/2022,1
17,Illinois,170767,0,0,1,0,143,PEORIA (143),6850,PEORIA,9,Septiembre,10,2022,2,40,SW WASHINGTON ST,8,Otro,Urbano,Arteria Menor,City or Municipal Highway Agency,0,Sin jurisdiccion especial,106,40.68856667,-89.59246111,Banqueta,El primer evento no fue una colision con un vehiculo automotor en transporte,Roundabout,Glorieta,Sobre el lado de la calle,Ninguna,Oscuro - iluminacion desconocida,Despejado,No,NO APLICA,2,44,2,50,1,10/09/2022,1
17,Illinois,170768,0,0,2,0,31,COOK (31),1670,CHICAGO,9,Septiembre,11,2022,2,29,US-41,2,US Highway,Urbano,Arteria Principal,State Highway Agency,1,Sin jurisdiccion especial,173,41.91831111,-87.62883333,Vehiculo en movimiento,Frente a frente,Not an Intersection,No fue interseccion,Sobre calle,Ninguna,Oscuro con iluminacion,Despejado,No,NO APLICA,2,29,2,31,2,11/09/2022,2
17,Illinois,170769,1,1,1,0,31,COOK (31),0,NO APLICA,9,Septiembre,11,2022,8,28,SR-171,3,Highway estatal,Urbano,Arteria Principal,State Highway Agency,1,Sin jurisdiccion especial,2,41.6441,-88.00006667,Peaton,El primer evento no fue una colision con un vehiculo automotor en transporte,Not an Intersection,No fue interseccion,Sobre calle,Ninguna,Oscuro - iluminacion desconocida,Despejado,No,NO APLICA,99,99,99,99,1,11/09/2022,1
17,Illinois,170770,1,1,1,0,7,BOONE (7),1254,CALEDONIA,9,Septiembre,1,2022,18,46,KELLY RD,5,Calle Local - Pueblo,Urbano,Local,Town or Township Highway Agency,0,Sin jurisdiccion especial,99998,42.35909167,-88.91539167,Peaton,El primer evento no fue una colision con un vehiculo automotor en transporte,Not an Intersection,No fue interseccion,Sobre calle,Ninguna,Dia total,Despejado,No,NO APLICA,18,48,18,52,1,01/09/2022,1
17,Illinois,170771,0,0,2,0,97,LAKE (97),9100,WAUKEGAN,5,Mayo,16,2022,14,49,GENESEE STREET,6,Calle Local Municipalidad,Urbano,Colector Menor,City or Municipal Highway Agency,0,Sin jurisdiccion especial,0,42.35617222,-87.83140278,Vehiculo en movimiento,Angulo,Four-Way Intersection,Interseccion de 4 direcciones,Sobre calle,Ninguna,Dia total,Despejado,No,NO APLICA,14,49,14,49,1,16/05/2022,5
17,Illinois,170772,1,1,1,0,31,COOK (31),1670,CHICAGO,9,Septiembre,12,2022,21,24,79TH ST,6,Calle Local Municipalidad,Urbano,Arteria Menor,City or Municipal Highway Agency,0,Sin jurisdiccion especial,99998,41.75113889,-87.61309167,Peaton,El primer evento no fue una colision con un vehiculo automotor en transporte,Not an Intersection,No fue interseccion,Sobre calle,Ninguna,Oscuro con iluminacion,Despejado,No,NO APLICA,23,18,23,23,1,12/09/2022,1
17,Illinois,170773,1,1,1,0,43,DUPAGE (43),4867,LISLE,9,Septiembre,12,2022,5,46,US-34,2,US Highway,Urbano,Arteria Principal,State Highway Agency,1,Sin jurisdiccion especial,109,41.79944444,-88.09175833,Peaton,El primer evento no fue una colision con un vehiculo automotor en transporte,Not an Intersection,No fue interseccion,Sobre calle,Ninguna,Oscuro - iluminacion desconocida,lluvia,No,NO APLICA,5,46,5,49,1,12/09/2022,1
17,Illinois,170774,0,0,1,0,37,DEKALB (37),0,NO APLICA,9,Septiembre,11,2022,9,19,JERICHO RD,5,Calle Local - Pueblo,Rural,Local,Town or Township Highway Agency,0,Sin jurisdiccion especial,99998,41.76291667,-88.61878611,Volcadura,El primer evento no fue una colision con un vehiculo automotor en transporte,Not an Intersection,No fue interseccion,Sobre el lado de la calle,Ninguna,Reportada como desconocida,Reportado como desconocido,No,NO APLICA,99,99,99,99,1,11/09/2022,1
17,Illinois,170775,0,0,1,0,31,COOK (31),1670,CHICAGO,9,Septiembre,16,2022,19,45,OAKENWALD AVE,6,Calle Local Municipalidad,Urbano,Local,City or Municipal Highway Agency,0,Sin jurisdiccion especial,99998,41.82038056,-87.59996944,Banqueta,El primer evento no fue una colision con un vehiculo automotor en transporte,Not an Intersection,No fue interseccion,Sobre el lado de la calle,Ninguna,Oscuro con iluminacion,Despejado,No,NO APLICA,19,45,19,51,1,16/09/2022,3
17,Illinois,170776,0,0,2,0,183,VERMILION (183),0,NO APLICA,9,Septiembre,12,2022,10,41,SR-1,3,Highway estatal,Urbano,Arteria Principal,State Highway Agency,1,Sin jurisdiccion especial,2274,40.009575,-87.63746389,Vehiculo en movimiento,Frente a Detrás,T-Intersection,Interseccion de T,Sobre calle,Ninguna,Dia total,lluvia,No,NO APLICA,99,99,99,99,1,12/09/2022,2
17,Illinois,170777,0,0,2,0,31,COOK (31),5870,MOUNT PROSPECT,9,Septiembre,12,2022,15,15,SR-83,3,Highway estatal,Urbano,Arteria Principal,State Highway Agency,1,Sin jurisdiccion especial,595,42.07715278,-87.93681111,Vehiculo en movimiento,Angulo,Four-Way Intersection,Interseccion de 4 direcciones,Sobre calle,Ninguna,Dia total,Despejado,No,NO APLICA,15,23,15,30,1,12/09/2022,4
17,Illinois,170778,0,2,2,1,23,CLARK (23),1450,CASEY,9,Septiembre,7,2022,23,30,I-70,1,Interestatal,Rural,Interestatal,State Highway Agency,1,Sin jurisdiccion especial,1362,39.33911944,-87.94476389,Vehiculo Aparcado,El primer evento no fue una colision con un vehiculo automotor en transporte,Not an Intersection,No fue interseccion,Sobre el lado de la calle,Ninguna,Oscuro - iluminacion desconocida,Despejado,No,NO APLICA,23,31,23,38,1,07/09/2022,1
17,Illinois,170779,0,0,2,0,31,COOK (31),1670,CHICAGO,9,Septiembre,10,2022,23,50,I-94,1,Interestatal,Urbano,Interestatal,State Highway Agency,1,Sin jurisdiccion especial,557,41.82371389,-87.63086944,Vehiculo en movimiento,Frente a Detrás,Not an Intersection,No fue interseccion,Sobre calle,Ninguna,Oscuro con iluminacion,Despejado,No,NO APLICA,99,99,99,99,1,10/09/2022,3
17,Illinois,170780,0,0,2,0,31,COOK (31),1670,CHICAGO,9,Septiembre,11,2022,18,43,I-94,1,Interestatal,Urbano,Interestatal,State Highway Agency,1,Sin jurisdiccion especial,589,41.77639167,-87.62948889,Vehiculo en movimiento,Golpe Lateral - misma direccion,Not an Intersection,No fue interseccion,Sobre calle,Ninguna,Dia total,lluvia,No,NO APLICA,18,49,18,55,1,11/09/2022,4
17,Illinois,170781,0,0,2,0,173,SHELBY (173),0,NO APLICA,9,Septiembre,7,2022,11,14,1500 N,5,Calle Local - Pueblo,Rural,Local,Town or Township Highway Agency,0,Sin jurisdiccion especial,99998,39.43446667,-88.92659167,Vehiculo en movimiento,Angulo,Not an Intersection,No fue interseccion,Sobre calle,Ninguna,Dia total,Despejado,No,NO APLICA,99,99,11,40,1,07/09/2022,2
17,Illinois,170782,0,0,4,0,165,SALINE (165),3750,HARRISBURG,9,Septiembre,1,2022,16,45,US-45,2,US Highway,Urbano,Arteria Menor,State Highway Agency,0,Sin jurisdiccion especial,12,37.71569167,-88.55135278,Vehiculo en movimiento,Golpe Lateral - direccion contraria,Not an Intersection,No fue interseccion,Sobre calle,Ninguna,Dia total,Despejado,No,NO APLICA,16,50,16,53,1,01/09/2022,4
17,Illinois,170783,0,0,2,0,143,PEORIA (143),5215,MAPLETON,9,Septiembre,14,2022,20,36,CR-8,4,Calle del Condado,Rural,Colector Mayor,Town or Township Highway Agency,0,Sin jurisdiccion especial,99998,40.62404444,-89.75244444,Vehiculo en movimiento,Angulo,Not an Intersection,No fue interseccion,Sobre calle,Ninguna,Oscuro - iluminacion desconocida,Despejado,No,NO APLICA,99,99,99,99,1,14/09/2022,2
17,Illinois,170784,0,0,2,0,197,WILL (197),0,NO APLICA,9,Septiembre,14,2022,1,21,I-55,1,Interestatal,Urbano,Interestatal,State Highway Agency,1,Sin jurisdiccion especial,2523,41.51516111,-88.19348611,Vehiculo en movimiento,Frente a Detrás,Not an Intersection,No fue interseccion,Sobre calle,Construccion,Oscuro con iluminacion,Despejado,No,NO APLICA,1,21,1,30,1,14/09/2022,2
17,Illinois,170786,0,0,2,0,163,ST. CLAIR (163),1240,CAHOKIA,9,Septiembre,17,2022,1,46,LAKE DR,8,Otro,Urbano,Colector Mayor,State Highway Agency,0,Sin jurisdiccion especial,99998,38.59715,-90.09013056,Vehiculo en movimiento,Frente a frente,Not an Intersection,No fue interseccion,Sobre calle,Ninguna,Oscuro - iluminacion desconocida,Despejado,No,NO APLICA,99,99,99,99,1,17/09/2022,4
17,Illinois,170787,0,0,2,0,31,COOK (31),1670,CHICAGO,9,Septiembre,17,2022,2,0,STATE ST,6,Calle Local Municipalidad,Urbano,Colector Mayor,City or Municipal Highway Agency,0,Sin jurisdiccion especial,99998,41.80196111,-87.62588889,Vehiculo en movimiento,Angulo,Four-Way Intersection,Interseccion de 4 direcciones,Sobre calle,Ninguna,Oscuro con iluminacion,Despejado,No,NO APLICA,2,0,2,5,1,17/09/2022,3
17,Illinois,170788,1,1,1,0,31,COOK (31),8410,SUMMIT,6,Junio,27,2022,14,58,ARCHER RD W ALLEY,9,Desconocido,Urbano,No reportado,Not Reported,0,Sin jurisdiccion especial,99998,88.8888,888.8888,Peaton,El primer evento no fue una colision con un vehiculo automotor en transporte,Not an Intersection,No fue interseccion,Sobre calle,Ninguna,Dia total,Despejado,No,NO APLICA,14,58,99,99,1,27/06/2022,1
17,Illinois,170790,0,0,1,0,189,WASHINGTON (189),6500,OKAWVILLE,7,Julio,5,2022,21,27,JEFFERSON RD,5,Calle Local - Pueblo,Rural,Local,Town or Township Highway Agency,0,Sin jurisdiccion especial,99998,38.39008611,-89.53603333,Otra no colicion,El primer evento no fue una colision con un vehiculo automotor en transporte,Not an Intersection,No fue interseccion,Sobre el lado de la calle,Ninguna,Oscuro - iluminacion desconocida,Despejado,No,NO APLICA,99,99,99,99,1,05/07/2022,1
17,Illinois,170791,0,0,1,0,31,COOK (31),7330,RIVER FOREST,7,Julio,26,2022,23,18,LAKE ST,8,Otro,Urbano,Arteria Menor,State Highway Agency,0,Sin jurisdiccion especial,99998,41.88829444,-87.81614444,Banqueta,El primer evento no fue una colision con un vehiculo automotor en transporte,Four-Way Intersection,Interseccion de 4 direcciones,Sobre el lado de la calle,Ninguna,Oscuro con iluminacion,Despejado,No,NO APLICA,23,18,23,23,1,26/07/2022,1
17,Illinois,170792,0,0,2,0,23,CLARK (23),5310,MARSHALL,8,Agosto,26,2022,17,5,US-40,2,US Highway,Rural,Colector Mayor,State Highway Agency,0,Sin jurisdiccion especial,1479,39.37990833,-87.73476111,Vehiculo en movimiento,Frente a Detrás,T-Intersection,Interseccion de T,Sobre calle,Ninguna,Dia total,Despejado,No,NO APLICA,17,7,17,12,1,26/08/2022,3
17,Illinois,170793,0,0,2,0,53,FORD (53),0,NO APLICA,8,Agosto,27,2022,7,28,I-57,1,Interestatal,Rural,Interestatal,State Highway Agency,1,Sin jurisdiccion especial,2629,40.48084444,-88.10042778,Vehiculo en movimiento,Frente a Detrás,Not an Intersection,No fue interseccion,Sobre calle,Ninguna,Dia total,Despejado,No,NO APLICA,99,99,99,99,1,27/08/2022,2
17,Illinois,170794,0,0,5,0,31,COOK (31),1670,CHICAGO,8,Agosto,29,2022,7,45,SR-50,3,Highway estatal,Urbano,Arteria Principal,State Highway Agency,1,Sin jurisdiccion especial,574,41.90236944,-87.745975,Vehiculo en movimiento,Angulo,Four-Way Intersection,Interseccion de 4 direcciones,Sobre calle,Ninguna,Dia total,Despejado,No,NO APLICA,7,46,7,52,1,29/08/2022,6
17,Illinois,170795,0,0,1,0,43,DUPAGE (43),9000,WARRENVILLE,8,Agosto,29,2022,18,33,BREME DR W,5,Calle Local - Pueblo,Urbano,Arteria Menor,Town or Township Highway Agency,0,Sin jurisdiccion especial,46,41.81671667,-88.15148333,Alguien se cayo/avento del vehiculo,El primer evento no fue una colision con un vehiculo automotor en transporte,Not an Intersection,No fue interseccion,Sobre calle,Ninguna,Dia total,Despejado,No,NO APLICA,18,35,18,36,1,29/08/2022,1
17,Illinois,170796,1,1,1,0,31,COOK (31),0,NO APLICA,8,Agosto,1,2022,13,41,SR-72,3,Highway estatal,Urbano,Arteria Principal,State Highway Agency,1,Sin jurisdiccion especial,1032,42.00823333,-87.93340833,Peaton,El primer evento no fue una colision con un vehiculo automotor en transporte,Not an Intersection,No fue interseccion,Sobre calle,Ninguna,Dia total,Despejado,No,NO APLICA,13,43,13,44,1,01/08/2022,1
17,Illinois,170797,0,0,1,0,21,CHRISTIAN (21),8520,TAYLORVILLE,8,Agosto,21,2022,0,5,940 E,5,Calle Local - Pueblo,Rural,Local,Town or Township Highway Agency,0,Sin jurisdiccion especial,99998,39.54140278,-89.35816111,Zanja,El primer evento no fue una colision con un vehiculo automotor en transporte,T-Intersection,Interseccion de T,Sobre el lado de la calle,Ninguna,Oscuro - iluminacion desconocida,Despejado,No,NO APLICA,99,99,99,99,1,21/08/2022,4
17,Illinois,170798,1,1,1,0,31,COOK (31),1670,CHICAGO,9,Septiembre,4,2022,20,10,SR-50,3,Highway estatal,Urbano,Arteria Principal,State Highway Agency,1,Sin jurisdiccion especial,150,41.87131944,-87.74492778,Peaton,El primer evento no fue una colision con un vehiculo automotor en transporte,Not an Intersection,No fue interseccion,Sobre calle,Ninguna,Oscuro con iluminacion,Despejado,No,NO APLICA,20,11,20,13,1,04/09/2022,1
17,Illinois,170799,0,0,1,0,103,LEE (103),2380,DIXON,9,Septiembre,24,2022,1,36,SR-2,3,Highway estatal,Urbano,Arteria Principal,State Highway Agency,1,Sin jurisdiccion especial,70,41.84761111,-89.50256667,Alguien se cayo/avento del vehiculo,El primer evento no fue una colision con un vehiculo automotor en transporte,Not an Intersection,No fue interseccion,Sobre calle,Ninguna,Oscuro - iluminacion desconocida,Despejado,No,NO APLICA,1,44,1,45,1,24/09/2022,2