Estado,Nombre de Estado,Numero de Caso,Peatones,Personas _no_vehiculos,Vehiculos automotores,Vehiculos estacionados,Condado,Nombre Condado,Ciudad,Nombre Ciudad,Mes,Nombre Mes,Dia,Año,Hora,Minuto,Calle,Ruta,Nombre Ruta,Rural o Urbanoo,Sistema Funcional,Dueño Calle,Sistema Nacional Carreteras,Jurisdiccion Especial,Milla,Latitud,Longitud,Causa del Accidente,Tipo de Accidente,Tipo Interseccion,Columna1,Lugar en la calle,Zona de Trabajo,Luz,Clima,Autobus Escolar,Cruce de Trenes,Hora Notificacion,Minuto Notificacion,Hora Llegada,Minuto Llegada,Decesos,Fecha,PersonaVehiculo
17,Illinois,170800,0,0,2,0,197,WILL (197),3160,FRANKFORT,9,Septiembre,17,2022,13,13,US-30,2,US Highway,Urbano,Arteria Principal,State Highway Agency,1,Sin jurisdiccion especial,1365,41.50651667,-87.82904167,Vehiculo en movimiento,Frente a Detrás,T-Intersection,Interseccion de T,Sobre calle,Ninguna,Dia total,Despejado,No,NO APLICA,99,99,99,99,1,17/09/2022,2
17,Illinois,170801,0,0,2,0,97,LAKE (97),3670,GURNEE,9,Septiembre,17,2022,18,3,US-41,2,US Highway,Urbano,Arteria Principal,State Highway Agency,1,Sin jurisdiccion especial,1,42.37645833,-87.90008333,Vehiculo en movimiento,Angulo,Four-Way Intersection,Interseccion de 4 direcciones,Sobre calle,Ninguna,Dia total,Despejado,No,NO APLICA,18,5,18,8,1,17/09/2022,2
17,Illinois,170802,0,0,2,0,103,LEE (103),2380,DIXON,9,Septiembre,28,2022,18,40,1ST ST,6,Calle Local Municipalidad,Urbano,Colector Mayor,City or Municipal Highway Agency,0,Sin jurisdiccion especial,99998,41.84268611,-89.48661944,Vehiculo en movimiento,Angulo,Four-Way Intersection,Interseccion de 4 direcciones,Sobre calle,Ninguna,Dia total,Despejado,No,NO APLICA,18,43,18,45,1,28/09/2022,3
17,Illinois,170803,0,0,2,0,91,KANKAKEE (91),4380,KANKAKEE,9,Septiembre,30,2022,16,17,US-52,2,US Highway,Urbano,Arteria Principal,State Highway Agency,1,Sin jurisdiccion especial,112,41.13394444,-87.87769722,Vehiculo en movimiento,Angulo,T-Intersection,Interseccion de T,Sobre calle,Ninguna,Dia total,Despejado,No,NO APLICA,16,20,16,24,1,30/09/2022,2
17,Illinois,170804,0,0,1,0,143,PEORIA (143),0,NO APLICA,9,Septiembre,18,2022,1,7,KRAUSE RD,5,Calle Local - Pueblo,Urbano,Local,Town or Township Highway Agency,0,Sin jurisdiccion especial,99998,40.88241389,-89.53413333,Volcadura,El primer evento no fue una colision con un vehiculo automotor en transporte,Not an Intersection,No fue interseccion,Sobre el lado de la calle,Ninguna,Oscuro - iluminacion desconocida,Despejado,No,NO APLICA,99,99,99,99,1,18/09/2022,1
17,Illinois,170805,1,1,1,0,163,ST. CLAIR (163),1240,CAHOKIA,9,Septiembre,1,2022,20,34,SR-3,3,Highway estatal,Urbano,Arteria Principal,State Highway Agency,1,Sin jurisdiccion especial,32,38.57281944,-90.18712222,Peaton,El primer evento no fue una colision con un vehiculo automotor en transporte,Not an Intersection,No fue interseccion,Sobre calle,Ninguna,Oscuro - iluminacion desconocida,Despejado,No,NO APLICA,20,34,20,38,1,01/09/2022,1
17,Illinois,170806,1,1,1,0,97,LAKE (97),3670,GURNEE,9,Septiembre,15,2022,10,26,CR-22,4,Calle del Condado,Urbano,Arteria Menor,Town or Township Highway Agency,0,Sin jurisdiccion especial,99998,42.37966389,-87.90455,Peaton,El primer evento no fue una colision con un vehiculo automotor en transporte,Not an Intersection,No fue interseccion,Sobre calle,Ninguna,Reportada como desconocida,Reportado como desconocido,No,NO APLICA,10,28,10,32,1,15/09/2022,1
17,Illinois,170807,0,0,1,0,11,BUREAU (11),0,NO APLICA,9,Septiembre,18,2022,14,22,CR-4,4,Calle del Condado,Rural,Colector Mayor,Town or Township Highway Agency,0,Sin jurisdiccion especial,75,41.27066944,-89.49030833,Otra no colicion,El primer evento no fue una colision con un vehiculo automotor en transporte,Not an Intersection,No fue interseccion,Sobre calle,Ninguna,Dia total,Despejado,No,NO APLICA,14,23,14,28,1,18/09/2022,1
17,Illinois,170808,0,0,1,0,43,DUPAGE (43),3420,GLEN ELLYN,9,Septiembre,9,2022,21,56,MAIN ST,6,Calle Local Municipalidad,Urbano,Arteria Menor,City or Municipal Highway Agency,0,Sin jurisdiccion especial,99998,41.88086389,-88.06678889,Poste,El primer evento no fue una colision con un vehiculo automotor en transporte,Four-Way Intersection,Interseccion de 4 direcciones,Sobre el lado de la calle,Ninguna,Oscuro - iluminacion desconocida,Despejado,No,NO APLICA,21,56,99,99,1,09/09/2022,1
17,Illinois,170809,1,1,1,0,31,COOK (31),1670,CHICAGO,9,Septiembre,15,2022,19,53,E 79TH ST,8,Otro,Urbano,Arteria Menor,City or Municipal Highway Agency,0,Sin jurisdiccion especial,126,41.75133333,-87.59945,Peaton,El primer evento no fue una colision con un vehiculo automotor en transporte,Not an Intersection,No fue interseccion,Sobre calle,Ninguna,Oscuro con iluminacion,Despejado,No,NO APLICA,0,0,0,0,1,15/09/2022,1
17,Illinois,170810,1,1,1,0,195,WHITESIDE (195),3230,FULTON,9,Septiembre,21,2022,15,15,SR-84,3,Highway estatal,Rural,Arteria Principal,State Highway Agency,0,Servicio de Parques Nacional,11,41.91403889,-90.11158889,Ciclista,El primer evento no fue una colision con un vehiculo automotor en transporte,Not an Intersection,No fue interseccion,Sobre Acotamiento,Ninguna,Dia total,Despejado,No,NO APLICA,15,15,15,25,1,21/09/2022,1
17,Illinois,170811,0,0,1,0,97,LAKE (97),585,BEACH,7,Julio,19,2022,22,51,CR-17,5,Calle Local - Pueblo,Urbano,Arteria Menor,Town or Township Highway Agency,0,Sin jurisdiccion especial,38,42.42857222,-87.898575,Vehiculo Ferrocarril,El primer evento no fue una colision con un vehiculo automotor en transporte,Not an Intersection,No fue interseccion,Sobre calle,Ninguna,Oscuro - iluminacion desconocida,Despejado,No,176808D,23,7,23,41,1,19/07/2022,1
17,Illinois,170812,0,0,2,0,29,COLES (29),0,NO APLICA,8,Agosto,20,2022,10,5,SR-130,3,Highway estatal,Rural,Arteria Menor,State Highway Agency,0,Sin jurisdiccion especial,73,39.54707222,-88.17739167,Vehiculo en movimiento,Angulo,Not an Intersection,No fue interseccion,Sobre calle,Ninguna,Dia total,lluvia,No,NO APLICA,99,99,99,99,1,20/08/2022,4
17,Illinois,170813,0,0,2,0,137,MORGAN (137),0,NO APLICA,9,Septiembre,8,2022,20,25,SR-104,3,Highway estatal,Rural,Arteria Menor,State Highway Agency,0,Sin jurisdiccion especial,54,39.70893611,-90.17858611,Vehiculo en movimiento,Frente a Detrás,Not an Intersection,No fue interseccion,Sobre calle,Ninguna,Oscuro - iluminacion desconocida,Despejado,No,NO APLICA,99,99,99,99,1,08/09/2022,2
17,Illinois,170814,0,0,2,0,117,MACOUPIN (117),0,NO APLICA,9,Septiembre,18,2022,14,2,SHIPMAN RD,8,Otro,Rural,Arteria Menor,State Highway Agency,0,Sin jurisdiccion especial,99998,39.24880556,-89.91301389,Alguien se cayo/avento del vehiculo,El primer evento no fue una colision con un vehiculo automotor en transporte,Not an Intersection,No fue interseccion,Sobre calle,Ninguna,Dia total,Despejado,No,NO APLICA,99,99,99,99,1,18/09/2022,2
17,Illinois,170815,0,0,2,0,197,WILL (197),887,BOLINGBROOK,9,Septiembre,13,2022,18,48,111TH ST,6,Calle Local Municipalidad,Urbano,Arteria Menor,City or Municipal Highway Agency,0,Sin jurisdiccion especial,99998,41.68173889,-88.15226389,Vehiculo en movimiento,Angulo,Four-Way Intersection,Interseccion de 4 direcciones,Sobre calle,Ninguna,Dia total,Despejado,No,NO APLICA,18,48,18,53,1,13/09/2022,2
17,Illinois,170816,0,0,3,0,31,COOK (31),9580,WORTH,9,Septiembre,21,2022,21,45,SR-43,3,Highway estatal,Urbano,Arteria Principal,State Highway Agency,1,Sin jurisdiccion especial,123,41.682625,-87.79719722,Vehiculo en movimiento,Angulo,Four-Way Intersection,Interseccion de 4 direcciones,Sobre calle,Ninguna,Oscuro con iluminacion,Despejado,No,NO APLICA,21,45,22,0,1,21/09/2022,5
17,Illinois,170817,0,0,1,0,163,ST. CLAIR (163),2610,EAST SAINT LOUIS,9,Septiembre,20,2022,4,8,I-64,1,Interestatal,Urbano,Interestatal,State Highway Agency,1,Sin jurisdiccion especial,29,38.63357778,-90.14468056,Alguien se cayo/avento del vehiculo,El primer evento no fue una colision con un vehiculo automotor en transporte,Not an Intersection,No fue interseccion,Sobre calle,Ninguna,Oscuro - iluminacion desconocida,Despejado,No,NO APLICA,4,14,4,20,1,20/09/2022,2
17,Illinois,170818,0,0,3,0,31,COOK (31),2390,DOLTON,9,Septiembre,14,2022,20,23,I-94,1,Interestatal,Urbano,Interestatal,State Highway Agency,1,Sin jurisdiccion especial,714,41.62336944,-87.57888056,Vehiculo en movimiento,Frente a Detrás,Not an Intersection,No fue interseccion,Sobre calle,Ninguna,Oscuro con iluminacion,Despejado,No,NO APLICA,99,99,99,99,1,14/09/2022,4
17,Illinois,170819,0,0,2,0,89,KANE (89),460,AURORA,9,Septiembre,22,2022,20,55,WILDER AVE,6,Calle Local Municipalidad,Urbano,Local,City or Municipal Highway Agency,0,Sin jurisdiccion especial,99998,41.77363056,-88.31561667,Vehiculo en movimiento,Angulo,T-Intersection,Interseccion de T,Sobre calle,Ninguna,Oscuro con iluminacion,Despejado,No,NO APLICA,21,0,21,5,1,22/09/2022,4
17,Illinois,170820,0,0,2,0,35,CUMBERLAND (35),6020,NEOGA,9,Septiembre,12,2022,12,19,SR-121,3,Highway estatal,Rural,Arteria Menor,State Highway Agency,0,Sin jurisdiccion especial,59,39.27599722,-88.37824722,Vehiculo en movimiento,Angulo,T-Intersection,Interseccion de T,Sobre calle,Ninguna,Dia total,Despejado,No,NO APLICA,99,99,99,99,1,12/09/2022,3
17,Illinois,170821,0,0,2,0,135,MONTGOMERY (135),0,NO APLICA,9,Septiembre,22,2022,13,0,I-55,1,Interestatal,Rural,Interestatal,State Highway Agency,1,Sin jurisdiccion especial,753,39.50040278,-89.64501944,Vehiculo en movimiento,Frente a Detrás,Not an Intersection,No fue interseccion,Sobre calle,Construccion,Dia total,Despejado,No,NO APLICA,13,7,13,21,1,22/09/2022,2
17,Illinois,170822,0,0,1,0,163,ST. CLAIR (163),4730,LEBANON,9,Septiembre,23,2022,2,0,US-50,2,US Highway,Urbano,Arteria Principal,State Highway Agency,1,Sin jurisdiccion especial,2,38.594325,-89.81167222,Zanja,El primer evento no fue una colision con un vehiculo automotor en transporte,Not an Intersection,No fue interseccion,Sobre el lado de la calle,Ninguna,Oscuro - iluminacion desconocida,Despejado,No,NO APLICA,2,2,99,99,1,23/09/2022,1
17,Illinois,170823,0,0,2,0,31,COOK (31),1670,CHICAGO,9,Septiembre,24,2022,1,15,US-41,2,US Highway,Urbano,Arteria Principal,State Highway Agency,1,Sin jurisdiccion especial,83,41.79902222,-87.58117222,Vehiculo en movimiento,Reportado como desconocido,Not an Intersection,No fue interseccion,Sobre calle,Ninguna,Oscuro con iluminacion,lluvia,No,NO APLICA,99,99,1,28,2,24/09/2022,4
17,Illinois,170824,0,0,1,0,89,KANE (89),9195,WEST DUNDEE,9,Septiembre,3,2022,16,37,BONCOSKY RD,5,Calle Local - Pueblo,Urbano,Colector Mayor,Town or Township Highway Agency,0,Sin jurisdiccion especial,99998,42.075825,-88.31683056,Zanja,El primer evento no fue una colision con un vehiculo automotor en transporte,T-Intersection,Interseccion de T,Sobre el lado de la calle,Ninguna,Dia total,Despejado,No,NO APLICA,16,37,16,39,1,03/09/2022,1
17,Illinois,170825,0,0,1,0,31,COOK (31),1670,CHICAGO,9,Septiembre,25,2022,23,30,ARCHER AVE,6,Calle Local Municipalidad,Urbano,Arteria Principal,City or Municipal Highway Agency,1,Sin jurisdiccion especial,99998,41.81444722,-87.70364444,Barda,El primer evento no fue una colision con un vehiculo automotor en transporte,Not an Intersection,No fue interseccion,Sobre el lado de la calle,Ninguna,Oscuro con iluminacion,lluvia,No,NO APLICA,22,45,23,0,2,25/09/2022,2
17,Illinois,170826,1,1,1,0,31,COOK (31),1730,CICERO,9,Septiembre,19,2022,7,44,SR-50,3,Highway estatal,Urbano,Arteria Principal,State Highway Agency,1,Sin jurisdiccion especial,184,41.82223056,-87.74352222,Peaton,El primer evento no fue una colision con un vehiculo automotor en transporte,Not an Intersection,No fue interseccion,Sobre calle,Ninguna,Oscuro con iluminacion,Despejado,No,NO APLICA,99,99,99,99,1,19/09/2022,1
17,Illinois,170827,1,1,1,0,31,COOK (31),0,NO APLICA,9,Septiembre,25,2022,19,49,US-30,2,US Highway,Urbano,Arteria Principal,State Highway Agency,1,Sin jurisdiccion especial,1490,41.50625556,-87.58728889,Peaton,El primer evento no fue una colision con un vehiculo automotor en transporte,Four-Way Intersection,Interseccion de 4 direcciones,Sobre calle,Ninguna,Oscuro - iluminacion desconocida,Despejado,No,NO APLICA,7,50,7,56,1,25/09/2022,1
17,Illinois,170828,0,0,2,0,31,COOK (31),1670,CHICAGO,9,Septiembre,25,2022,6,17,COLFAX AVE,8,Otro,Urbano,Colector Mayor,State Highway Agency,0,Sin jurisdiccion especial,99998,41.725025,-87.56078333,Vehiculo en movimiento,Reportado como desconocido,Four-Way Intersection,Interseccion de 4 direcciones,Sobre calle,Ninguna,Amanecer,Despejado,No,NO APLICA,99,99,6,20,1,25/09/2022,7
17,Illinois,170829,0,0,2,0,161,ROCK ISLAND (161),0,NO APLICA,9,Septiembre,16,2022,22,0,I-280,1,Interestatal,Urbano,Interestatal,State Highway Agency,1,Sin jurisdiccion especial,63,41.456475,-90.53141111,Vehiculo en movimiento,Frente a Detrás,Not an Intersection,No fue interseccion,Sobre calle,Ninguna,Oscuro - iluminacion desconocida,Despejado,No,NO APLICA,22,11,22,16,1,16/09/2022,3
17,Illinois,170830,0,0,2,0,161,ROCK ISLAND (161),0,NO APLICA,9,Septiembre,16,2022,22,1,I-280,1,Interestatal,Urbano,Interestatal,State Highway Agency,1,Sin jurisdiccion especial,64,41.45648611,-90.52935278,Vehiculo en movimiento,Frente a frente,Not an Intersection,No fue interseccion,Sobre calle,Ninguna,Oscuro - iluminacion desconocida,Despejado,No,NO APLICA,22,11,22,16,1,16/09/2022,3
17,Illinois,170831,0,0,1,0,119,MADISON (119),160,ALTON,9,Septiembre,10,2022,3,43,BELLE ST,6,Calle Local Municipalidad,Urbano,Colector Mayor,City or Municipal Highway Agency,0,Sin jurisdiccion especial,99998,38.91227778,-90.18798056,Arbol,El primer evento no fue una colision con un vehiculo automotor en transporte,Not an Intersection,No fue interseccion,Sobre el lado de la calle,Ninguna,Oscuro - iluminacion desconocida,Despejado,No,NO APLICA,3,48,3,49,1,10/09/2022,1
17,Illinois,170832,0,0,2,0,201,WINNEBAGO (201),9450,WINNEBAGO,9,Septiembre,19,2022,7,5,US-20,2,US Highway,Urbano,Arteria Principal,State Highway Agency,1,Sin jurisdiccion especial,91,42.28016111,-89.22074722,Vehiculo en movimiento,Frente a Detrás,Not an Intersection,No fue interseccion,Sobre calle,Ninguna,Dia total,Despejado,Yes,NO APLICA,7,6,7,15,1,19/09/2022,3
17,Illinois,170834,0,0,2,0,201,WINNEBAGO (201),7460,ROCKFORD,9,Septiembre,24,2022,7,29,US-20,2,US Highway,Urbano,Arteria Principal,State Highway Agency,1,Sin jurisdiccion especial,38,42.26444722,-89.01488889,Vehiculo en movimiento,Frente a Detrás,Not an Intersection,No fue interseccion,Sobre calle,Ninguna,Dia total,Despejado,No,NO APLICA,7,16,7,21,1,24/09/2022,5
17,Illinois,170835,0,0,2,0,37,DEKALB (37),8450,SYCAMORE,9,Septiembre,26,2022,16,36,SR-23,3,Highway estatal,Urbano,Arteria Principal,State Highway Agency,1,Sin jurisdiccion especial,889,41.97087222,-88.71822222,Vehiculo en movimiento,Angulo,Four-Way Intersection,Interseccion de 4 direcciones,Sobre calle,Ninguna,Dia total,Despejado,No,NO APLICA,16,36,16,42,1,26/09/2022,4
17,Illinois,170836,0,0,2,0,31,COOK (31),1670,CHICAGO,9,Septiembre,28,2022,20,53,31ST ST,6,Calle Local Municipalidad,Urbano,Arteria Menor,City or Municipal Highway Agency,0,Sin jurisdiccion especial,99998,41.83723056,-87.70482222,Vehiculo en movimiento,Angulo,Four-Way Intersection,Interseccion de 4 direcciones,Sobre calle,Ninguna,Oscuro con iluminacion,Despejado,No,NO APLICA,99,99,22,56,1,28/09/2022,5
17,Illinois,170837,0,0,2,0,21,CHRISTIAN (21),380,ASSUMPTION,9,Septiembre,26,2022,13,13,2500 EAST RD,5,Calle Local - Pueblo,Rural,Local,Town or Township Highway Agency,0,Sin jurisdiccion especial,99998,39.55249444,-89.06225,Vehiculo en movimiento,Angulo,Four-Way Intersection,Interseccion de 4 direcciones,Sobre calle,Ninguna,Dia total,Despejado,No,NO APLICA,13,13,13,29,3,26/09/2022,4
17,Illinois,170838,0,0,2,0,43,DUPAGE (43),740,BENSENVILLE,9,Septiembre,29,2022,0,51,SR-83,3,Highway estatal,Urbano,Arteria Principal,State Highway Agency,1,Sin jurisdiccion especial,7,41.98314722,-87.95944722,Vehiculo en movimiento,Angulo,Four-Way Intersection,Interseccion de 4 direcciones,Sobre calle,Ninguna,Oscuro con iluminacion,Despejado,No,NO APLICA,0,52,0,57,1,29/09/2022,2
17,Illinois,170839,0,0,1,0,81,JEFFERSON (81),0,NO APLICA,9,Septiembre,28,2022,15,25,SR-15,3,Highway estatal,Rural,Arteria Menor,State Highway Agency,0,Sin jurisdiccion especial,75,38.30869167,-89.00870556,Culvert,El primer evento no fue una colision con un vehiculo automotor en transporte,Not an Intersection,No fue interseccion,Sobre el lado de la calle,Ninguna,Dia total,Despejado,No,NO APLICA,15,25,15,36,1,28/09/2022,1
17,Illinois,170840,0,0,1,0,165,SALINE (165),2680,ELDORADO,9,Septiembre,24,2022,23,30,PEEDEE RD,5,Calle Local - Pueblo,Rural,Local,Town or Township Highway Agency,0,Sin jurisdiccion especial,99998,37.80186667,-88.39706944,Volcadura,El primer evento no fue una colision con un vehiculo automotor en transporte,Not an Intersection,No fue interseccion,Sobre el lado de la calle,Ninguna,Oscuro - iluminacion desconocida,Despejado,No,NO APLICA,23,35,23,48,1,24/09/2022,1
17,Illinois,170841,1,1,1,0,113,MCLEAN (113),840,BLOOMINGTON,9,Septiembre,24,2022,22,59,CENTER ST,6,Calle Local Municipalidad,Urbano,Local,City or Municipal Highway Agency,0,Sin jurisdiccion especial,99998,40.48329167,-88.9948,Peaton,El primer evento no fue una colision con un vehiculo automotor en transporte,T-Intersection,Interseccion de T,Sobre calle,Ninguna,Oscuro con iluminacion,Despejado,No,NO APLICA,22,59,23,1,1,24/09/2022,1
17,Illinois,170842,1,1,1,0,31,COOK (31),7813,SCHAUMBURG,9,Septiembre,3,2022,22,38,SUMMIT DR,6,Calle Local Municipalidad,Urbano,Colector Menor,City or Municipal Highway Agency,0,Sin jurisdiccion especial,99998,42.02443333,-88.07020278,Peaton,El primer evento no fue una colision con un vehiculo automotor en transporte,Not an Intersection,No fue interseccion,Sobre calle,Ninguna,Oscuro - iluminacion desconocida,Despejado,No,NO APLICA,22,39,22,42,1,03/09/2022,1
17,Illinois,170843,0,0,1,0,77,JACKSON (77),0,NO APLICA,9,Septiembre,4,2022,15,44,CR-7,4,Calle del Condado,Rural,Colector Mayor,Town or Township Highway Agency,0,Sin jurisdiccion especial,99998,37.933375,-89.59809444,Culvert,El primer evento no fue una colision con un vehiculo automotor en transporte,Not an Intersection,No fue interseccion,Sobre el lado de la calle,Ninguna,Dia total,Despejado,No,NO APLICA,15,48,15,59,1,04/09/2022,3
17,Illinois,170844,0,0,2,0,93,KENDALL (93),0,NO APLICA,9,Septiembre,29,2022,18,33,CR-9,4,Calle del Condado,Urbano,Arteria Menor,Town or Township Highway Agency,0,Sin jurisdiccion especial,99998,41.72013611,-88.54779167,Vehiculo en movimiento,Angulo,Four-Way Intersection,Interseccion de 4 direcciones,Sobre calle,Ninguna,Dia total,Despejado,No,NO APLICA,18,33,18,42,1,29/09/2022,2
17,Illinois,170845,1,1,1,0,89,KANE (89),3300,GENEVA,9,Septiembre,28,2022,18,48,SR-38,3,Highway estatal,Urbano,Arteria Principal,State Highway Agency,1,Sin jurisdiccion especial,98,41.88697222,-88.29135833,Peaton,El primer evento no fue una colision con un vehiculo automotor en transporte,Not an Intersection,No fue interseccion,Sobre calle,Ninguna,Dia total,Despejado,No,NO APLICA,18,49,18,50,1,28/09/2022,1
17,Illinois,170846,0,0,1,0,51,FAYETTE (51),0,NO APLICA,9,Septiembre,17,2022,21,38,US-51,2,US Highway,Rural,Arteria Principal,State Highway Agency,1,Sin jurisdiccion especial,122,39.04751389,-89.08822778,Acotamiento,El primer evento no fue una colision con un vehiculo automotor en transporte,Not an Intersection,No fue interseccion,Sobre el lado de la calle,Ninguna,Oscuro - iluminacion desconocida,Despejado,No,NO APLICA,21,38,22,57,1,17/09/2022,1
17,Illinois,170847,0,0,1,0,195,WHITESIDE (195),0,NO APLICA,9,Septiembre,24,2022,23,7,CR-3,4,Calle del Condado,Rural,Colector Mayor,Town or Township Highway Agency,0,Sin jurisdiccion especial,99998,41.71076111,-89.81521111,Buzon de correo,El primer evento no fue una colision con un vehiculo automotor en transporte,Not an Intersection,No fue interseccion,Sobre el lado de la calle,Ninguna,Oscuro - iluminacion desconocida,Despejado,No,NO APLICA,23,12,21,29,3,24/09/2022,3
17,Illinois,170848,0,0,1,0,99,LASALLE (99),7865,SENECA,9,Septiembre,23,2022,17,0,US-6,2,US Highway,Rural,Arteria Menor,State Highway Agency,0,Sin jurisdiccion especial,295,41.32687222,-88.59802778,Arbol,El primer evento no fue una colision con un vehiculo automotor en transporte,Not an Intersection,No fue interseccion,Sobre el lado de la calle,Ninguna,Dia total,Despejado,No,NO APLICA,99,99,99,99,1,23/09/2022,1
17,Illinois,170849,0,0,1,0,99,LASALLE (99),0,NO APLICA,9,Septiembre,25,2022,7,10,2850TH,5,Calle Local - Pueblo,Rural,Local,Town or Township Highway Agency,0,Sin jurisdiccion especial,99998,41.28584167,-88.62503056,Volcadura,El primer evento no fue una colision con un vehiculo automotor en transporte,Not an Intersection,No fue interseccion,Sobre el lado de la calle,Ninguna,Reportada como desconocida,Reportado como desconocido,No,NO APLICA,99,99,99,99,1,25/09/2022,1
17,Illinois,170850,0,0,1,0,1,ADAMS (1),0,NO APLICA,9,Septiembre,27,2022,15,42,STATE ST,5,Calle Local - Pueblo,Rural,Colector Mayor,Town or Township Highway Agency,0,Sin jurisdiccion especial,19,39.92440278,-91.30372222,Arbol,El primer evento no fue una colision con un vehiculo automotor en transporte,Not an Intersection,No fue interseccion,Fuera de la calle,Ninguna,Dia total,Despejado,No,NO APLICA,15,44,15,50,1,27/09/2022,1
17,Illinois,170851,0,0,1,0,89,KANE (89),2690,ELGIN,10,Octubre,1,2022,14,48,SR-31,3,Highway estatal,Urbano,Arteria Menor,State Highway Agency,0,Sin jurisdiccion especial,279,42.04514167,-88.29344722,Banqueta,El primer evento no fue una colision con un vehiculo automotor en transporte,Four-Way Intersection,Interseccion de 4 direcciones,Isla de trafico para peatones,Ninguna,Dia total,Despejado,No,NO APLICA,14,48,14,54,1,01/10/2022,2
17,Illinois,170852,1,1,1,0,63,GRUNDY (63),0,NO APLICA,10,Octubre,1,2022,0,14,CR-29,4,Calle del Condado,Urbano,Arteria Menor,Town or Township Highway Agency,0,Sin jurisdiccion especial,99998,41.34656389,-88.25510278,Peaton,El primer evento no fue una colision con un vehiculo automotor en transporte,Not an Intersection,No fue interseccion,Sobre calle,Ninguna,Oscuro - iluminacion desconocida,Neblina o Humo,No,NO APLICA,99,99,99,99,1,01/10/2022,1
17,Illinois,170853,0,0,2,0,43,DUPAGE (43),1207,BURR RIDGE,9,Septiembre,20,2022,13,40,SR-83,3,Highway estatal,Urbano,Arteria Principal,State Highway Agency,0,Sin jurisdiccion especial,193,41.71801944,-87.944375,Vehiculo en movimiento,Angulo,Not an Intersection,No fue interseccion,Sobre calle,Ninguna,Dia total,Despejado,No,NO APLICA,13,40,13,43,1,20/09/2022,3
17,Illinois,170854,0,0,3,0,201,WINNEBAGO (201),7460,ROCKFORD,9,Septiembre,5,2022,13,30,US-20,2,US Highway,Urbano,Arteria Principal,State Highway Agency,1,Sin jurisdiccion especial,185,42.28121389,-89.24168611,Vehiculo en movimiento,Angulo,Four-Way Intersection,Interseccion de 4 direcciones,Sobre calle,Ninguna,Dia total,Despejado,No,NO APLICA,13,36,13,52,1,05/09/2022,4
17,Illinois,170855,0,0,4,0,167,SANGAMON (167),8220,SPRINGFIELD,9,Septiembre,29,2022,8,0,SR-29,3,Highway estatal,Urbano,Arteria Principal,State Highway Agency,1,Sin jurisdiccion especial,100,39.84544167,-89.63294444,Vehiculo en movimiento,Angulo,Four-Way Intersection,Interseccion de 4 direcciones,Sobre calle,Construccion,Dia total,Despejado,No,NO APLICA,8,4,8,10,1,29/09/2022,6
17,Illinois,170856,0,0,2,0,91,KANKAKEE (91),0,NO APLICA,9,Septiembre,30,2022,21,31,SR-17,3,Highway estatal,Rural,Colector Mayor,State Highway Agency,0,Sin jurisdiccion especial,2072,41.23008333,-87.56712222,Vehiculo en movimiento,Angulo,Four-Way Intersection,Interseccion de 4 direcciones,Sobre calle,Ninguna,Oscuro - iluminacion desconocida,Despejado,No,NO APLICA,21,48,21,48,1,30/09/2022,2
17,Illinois,170857,1,1,2,0,31,COOK (31),280,ARLINGTON HEIGHTS,9,Septiembre,29,2022,7,22,LAKE COOK RD,5,Calle Local - Pueblo,Urbano,Arteria Principal,Town or Township Highway Agency,1,Sin jurisdiccion especial,99998,42.15360278,-88.00446111,Vehiculo en movimiento,Angulo,Four-Way Intersection,Interseccion de 4 direcciones,Sobre calle,Ninguna,Dia total,Despejado,No,NO APLICA,99,99,99,99,1,29/09/2022,3
17,Illinois,170858,0,0,1,0,163,ST. CLAIR (163),5340,MASCOUTAH,9,Septiembre,15,2022,22,46,EMIG RD,5,Calle Local - Pueblo,Rural,Local,Town or Township Highway Agency,0,Sin jurisdiccion especial,99998,38.53206944,-89.761,Vehiculo Ferrocarril,El primer evento no fue una colision con un vehiculo automotor en transporte,Not an Intersection,No fue interseccion,Sobre calle,Ninguna,Oscuro - iluminacion desconocida,Despejado,No,724613E,22,49,22,59,1,15/09/2022,1
17,Illinois,170859,1,1,1,0,31,COOK (31),1185,BURBANK,9,Septiembre,12,2022,14,28,SR-50,3,Highway estatal,Urbano,Arteria Principal,State Highway Agency,1,Sin jurisdiccion especial,246,41.7332,-87.74119444,Peaton,El primer evento no fue una colision con un vehiculo automotor en transporte,Not an Intersection,No fue interseccion,Sobre calle,Ninguna,Dia total,Despejado,No,NO APLICA,14,28,99,99,1,12/09/2022,1
17,Illinois,170860,0,0,2,0,167,SANGAMON (167),7420,ROCHESTER,9,Septiembre,24,2022,16,10,SR-29,3,Highway estatal,Urbano,Arteria Principal,State Highway Agency,1,Sin jurisdiccion especial,8,39.738325,-89.51739167,Vehiculo en movimiento,Angulo,Four-Way Intersection,Interseccion de 4 direcciones,Sobre calle,Ninguna,Dia total,Despejado,No,NO APLICA,99,99,99,99,1,24/09/2022,4