Estado,Nombre de Estado,Numero de Caso,Peatones,Personas _no_vehiculos,Vehiculos automotores,Vehiculos estacionados,Condado,Nombre Condado,Ciudad,Nombre Ciudad,Mes,Nombre Mes,Dia,Año,Hora,Minuto,Calle,Ruta,Nombre Ruta,Rural o Urbanoo,Sistema Funcional,Dueño Calle,Sistema Nacional Carreteras,Jurisdiccion Especial,Milla,Latitud,Longitud,Causa del Accidente,Tipo de Accidente,Tipo Interseccion,Columna1,Lugar en la calle,Zona de Trabajo,Luz,Clima,Autobus Escolar,Cruce de Trenes,Hora Notificacion,Minuto Notificacion,Hora Llegada,Minuto Llegada,Decesos,Fecha,PersonaVehiculo
17,Illinois,170861,1,1,1,0,31,COOK (31),1670,CHICAGO,10,Octubre,3,2022,13,33,PULASKI RD,8,Otro,Urbano,Arteria Menor,State Highway Agency,0,Sin jurisdiccion especial,99998,41.96435833,-87.72792222,Peaton,El primer evento no fue una colision con un vehiculo automotor en transporte,Not an Intersection,No fue interseccion,Sobre calle,Ninguna,Dia total,Despejado,No,NO APLICA,13,35,13,45,1,03/10/2022,1
17,Illinois,170862,0,0,1,0,163,ST. CLAIR (163),670,BELLEVILLE,10,Octubre,3,2022,19,20,CLEVELAND AVE,6,Calle Local Municipalidad,Urbano,Colector Menor,City or Municipal Highway Agency,0,Sin jurisdiccion especial,99998,38.504975,-89.98829444,Valla Ferrocarril,El primer evento no fue una colision con un vehiculo automotor en transporte,Not an Intersection,No fue interseccion,Sobre el lado de la calle,Ninguna,Oscuro con iluminacion,Despejado,No,NO APLICA,99,99,99,99,1,03/10/2022,1
17,Illinois,170863,0,0,2,0,183,VERMILION (183),2220,DANVILLE,9,Septiembre,18,2022,10,22,BOWMAN AVE,6,Calle Local Municipalidad,Urbano,Arteria Menor,City or Municipal Highway Agency,0,Sin jurisdiccion especial,99998,40.13776389,-87.61176389,Vehiculo en movimiento,Angulo,Not an Intersection,No fue interseccion,Sobre calle,Ninguna,Dia total,Despejado,No,NO APLICA,10,22,10,30,1,18/09/2022,4
17,Illinois,170864,0,0,4,0,31,COOK (31),5280,MARKHAM,9,Septiembre,30,2022,20,30,US-6,2,US Highway,Urbano,Arteria Principal,State Highway Agency,1,Sin jurisdiccion especial,1688,41.60093889,-87.68112222,Vehiculo en movimiento,Angulo,Not an Intersection,No fue interseccion,Sobre calle,Ninguna,Oscuro con iluminacion,Despejado,No,NO APLICA,99,99,99,99,2,30/09/2022,5
17,Illinois,170865,0,0,6,4,31,COOK (31),1670,CHICAGO,10,Octubre,1,2022,11,45,MADISON ST,6,Calle Local Municipalidad,Urbano,Arteria Menor,City or Municipal Highway Agency,0,Sin jurisdiccion especial,74,41.88079444,-87.72073056,Vehiculo en movimiento,Angulo,Four-Way Intersection,Interseccion de 4 direcciones,Sobre calle,Ninguna,Dia total,Despejado,No,NO APLICA,99,99,11,47,2,01/10/2022,3
17,Illinois,170866,0,0,3,0,29,COLES (29),4065,HUMBOLDT,10,Octubre,4,2022,14,45,US-45,2,US Highway,Rural,Arteria Menor,State Highway Agency,0,Sin jurisdiccion especial,44,39.589175,-88.32648611,Vehiculo en movimiento,Golpe Lateral - misma direccion,Not an Intersection,No fue interseccion,Sobre calle,Ninguna,Dia total,Despejado,No,NO APLICA,99,99,99,99,1,04/10/2022,6
17,Illinois,170867,0,0,3,0,31,COOK (31),0,NO APLICA,10,Octubre,2,2022,22,50,I-57,1,Interestatal,Urbano,Interestatal,State Highway Agency,1,Sin jurisdiccion especial,3475,41.59709444,-87.71525556,Vehiculo en movimiento,Frente a Detrás,Not an Intersection,No fue interseccion,Sobre calle,Ninguna,Oscuro con iluminacion,Despejado,No,NO APLICA,22,55,23,0,1,02/10/2022,3
17,Illinois,170868,0,0,1,0,31,COOK (31),0,NO APLICA,10,Octubre,1,2022,1,0,SR-394,3,Highway estatal,Urbano,Arteria Principal,State Highway Agency,1,Sin jurisdiccion especial,70,41.47351389,-87.57715833,Valla Ferrocarril,El primer evento no fue una colision con un vehiculo automotor en transporte,Not an Intersection,No fue interseccion,Sobre el lado de la calle,Ninguna,Oscuro - iluminacion desconocida,Neblina o Humo,No,NO APLICA,1,3,1,10,1,01/10/2022,1
17,Illinois,170869,0,0,1,0,31,COOK (31),1670,CHICAGO,10,Octubre,3,2022,21,30,I-94,1,Interestatal,Urbano,Interestatal,State Highway Agency,1,Sin jurisdiccion especial,542,41.84541389,-87.63505,Objeto aventado o caido,El primer evento no fue una colision con un vehiculo automotor en transporte,Not an Intersection,No fue interseccion,Sobre calle,Ninguna,Oscuro con iluminacion,Despejado,No,NO APLICA,21,42,21,51,1,03/10/2022,2
17,Illinois,170870,0,0,1,0,163,ST. CLAIR (163),670,BELLEVILLE,10,Octubre,8,2022,5,42,SR-15,3,Highway estatal,Urbano,Arteria Principal,State Highway Agency,1,Sin jurisdiccion especial,74,38.55106667,-90.07133889,Volcadura,El primer evento no fue una colision con un vehiculo automotor en transporte,Not an Intersection,No fue interseccion,Sobre el lado de la calle,Ninguna,Oscuro - iluminacion desconocida,Despejado,No,NO APLICA,5,42,5,50,1,08/10/2022,1
17,Illinois,170871,0,0,1,0,195,WHITESIDE (195),0,NO APLICA,10,Octubre,1,2022,14,42,MOLINE RD,8,Otro,Rural,Colector Mayor,State Highway Agency,0,Sin jurisdiccion especial,99998,41.70123056,-89.97846389,Culvert,El primer evento no fue una colision con un vehiculo automotor en transporte,Not an Intersection,No fue interseccion,Sobre el lado de la calle,Ninguna,Dia total,Despejado,No,NO APLICA,14,45,15,0,1,01/10/2022,1
17,Illinois,170872,0,0,1,0,31,COOK (31),1670,CHICAGO,10,Octubre,14,2022,0,20,76TH ST,9,Desconocido,Urbano,Colector Mayor,State Highway Agency,0,Sin jurisdiccion especial,99998,41.75628889,-87.63375556,Arbol,El primer evento no fue una colision con un vehiculo automotor en transporte,Not an Intersection,No fue interseccion,Sobre el lado de la calle,Ninguna,Oscuro con iluminacion,Despejado,No,NO APLICA,99,99,0,22,1,14/10/2022,1
17,Illinois,170873,0,0,1,0,43,DUPAGE (43),20,ADDISON,10,Octubre,14,2022,23,59,LALONDE AVE,6,Calle Local Municipalidad,Urbano,Local,City or Municipal Highway Agency,0,Sin jurisdiccion especial,99998,41.92615833,-88.00697222,Volcadura,El primer evento no fue una colision con un vehiculo automotor en transporte,Not an Intersection,No fue interseccion,Sobre el lado de la calle,Ninguna,Oscuro con iluminacion,lluvia,No,NO APLICA,99,99,99,99,1,14/10/2022,1
17,Illinois,170874,0,0,1,0,113,MCLEAN (113),6230,NORMAL,10,Octubre,8,2022,16,45,US-51,2,US Highway,Urbano,Arteria Principal,State Highway Agency,1,Sin jurisdiccion especial,8,40.55257778,-88.99710278,Volcadura,El primer evento no fue una colision con un vehiculo automotor en transporte,Not an Intersection,No fue interseccion,Sobre el lado de la calle,Ninguna,Dia total,Despejado,No,NO APLICA,16,46,16,50,1,08/10/2022,1
17,Illinois,170875,0,0,1,0,143,PEORIA (143),0,NO APLICA,10,Octubre,15,2022,2,0,US-24,2,US Highway,Rural,Arteria Principal,State Highway Agency,1,Sin jurisdiccion especial,27,40.55079722,-89.83095,Arbol,El primer evento no fue una colision con un vehiculo automotor en transporte,Not an Intersection,No fue interseccion,Sobre el lado de la calle,Ninguna,Oscuro - iluminacion desconocida,Despejado,No,NO APLICA,2,0,2,10,1,15/10/2022,1
17,Illinois,170876,0,0,1,0,189,WASHINGTON (189),4210,IRVINGTON,10,Octubre,15,2022,1,17,SR-177,3,Highway estatal,Urbano,Colector Mayor,State Highway Agency,0,Sin jurisdiccion especial,197,38.43876111,-89.16761389,Otro objeto (fijo),El primer evento no fue una colision con un vehiculo automotor en transporte,Not an Intersection,No fue interseccion,Sobre el lado de la calle,Ninguna,Oscuro - iluminacion desconocida,Despejado,No,NO APLICA,99,99,99,99,1,15/10/2022,1
17,Illinois,170877,1,1,1,0,111,MCHENRY (111),4625,LAKE IN THE HILLS,10,Octubre,18,2022,21,30,ALGONQUIN RD,5,Calle Local - Pueblo,Urbano,Arteria Principal,Town or Township Highway Agency,1,Sin jurisdiccion especial,99998,42.17670556,-88.316325,Peaton,El primer evento no fue una colision con un vehiculo automotor en transporte,Four-Way Intersection,Interseccion de 4 direcciones,Sobre calle,Ninguna,Oscuro con iluminacion,Despejado,No,NO APLICA,21,34,21,37,1,18/10/2022,1
17,Illinois,170878,0,0,1,0,183,VERMILION (183),0,NO APLICA,10,Octubre,15,2022,22,3,CR-23,4,Calle del Condado,Rural,Colector Mayor,State Highway Agency,0,Sin jurisdiccion especial,99998,39.95486944,-87.70451667,Poste,El primer evento no fue una colision con un vehiculo automotor en transporte,Not an Intersection,No fue interseccion,Sobre el lado de la calle,Ninguna,Oscuro - iluminacion desconocida,Despejado,No,NO APLICA,22,3,22,23,1,15/10/2022,1
17,Illinois,170879,0,0,2,0,89,KANE (89),460,AURORA,10,Octubre,1,2022,10,1,GALENA BL,6,Calle Local Municipalidad,Urbano,Arteria Menor,State Highway Agency,0,Sin jurisdiccion especial,99998,41.76173889,-88.33299444,Vehiculo en movimiento,Angulo,Four-Way Intersection,Interseccion de 4 direcciones,Sobre calle,Ninguna,Dia total,Despejado,No,NO APLICA,10,1,10,3,2,01/10/2022,4
17,Illinois,170880,1,1,2,1,119,MADISON (119),0,NO APLICA,10,Octubre,1,2022,20,49,I-55,1,Interestatal,Urbano,Interestatal,State Highway Agency,1,Sin jurisdiccion especial,79,38.66367778,-90.06298889,Peaton,El primer evento no fue una colision con un vehiculo automotor en transporte,Not an Intersection,No fue interseccion,Sobre Acotamiento,Ninguna,Oscuro - iluminacion desconocida,Despejado,No,NO APLICA,88,88,88,88,1,01/10/2022,1
17,Illinois,170881,0,0,2,0,183,VERMILION (183),0,NO APLICA,10,Octubre,2,2022,0,2,CATLIN INDIANOLA RD,8,Otro,Rural,Colector Mayor,State Highway Agency,0,Sin jurisdiccion especial,67,39.94389444,-87.71461944,Vehiculo en movimiento,Frente a frente,Not an Intersection,No fue interseccion,Sobre calle,Ninguna,Oscuro - iluminacion desconocida,Despejado,No,NO APLICA,0,2,0,17,3,02/10/2022,4
17,Illinois,170882,0,0,2,0,91,KANKAKEE (91),4380,KANKAKEE,10,Octubre,4,2022,19,2,US-45/52,2,US Highway,Urbano,Arteria Principal,State Highway Agency,1,Sin jurisdiccion especial,3233,41.091775,-87.86898611,Vehiculo en movimiento,Angulo,T-Intersection,Interseccion de T,Sobre calle,Ninguna,Oscuro - iluminacion desconocida,Despejado,No,NO APLICA,19,2,19,6,1,04/10/2022,3
17,Illinois,170883,0,0,2,0,31,COOK (31),1992,COUNTRY CLUB HILLS,10,Octubre,5,2022,6,27,SR-50,3,Highway estatal,Urbano,Arteria Principal,State Highway Agency,1,Sin jurisdiccion especial,4,41.57651389,-87.73316111,Vehiculo en movimiento,Angulo,T-Intersection,Interseccion de T,Sobre calle,Ninguna,Amanecer,Despejado,No,NO APLICA,6,30,6,35,1,05/10/2022,2
17,Illinois,170884,0,0,2,0,197,WILL (197),4300,JOLIET,10,Octubre,9,2022,20,13,OHIO ST,6,Calle Local Municipalidad,Urbano,Local,City or Municipal Highway Agency,0,Sin jurisdiccion especial,99998,41.53349167,-88.07502222,Vehiculo en movimiento,Angulo,Four-Way Intersection,Interseccion de 4 direcciones,Sobre calle,Ninguna,Oscuro - iluminacion desconocida,Despejado,No,NO APLICA,20,13,20,20,1,09/10/2022,2
17,Illinois,170885,0,0,2,0,183,VERMILION (183),6420,OAKWOOD,10,Octubre,5,2022,16,0,US-150,2,US Highway,Rural,Arteria Menor,State Highway Agency,0,Sin jurisdiccion especial,94,40.10861111,-87.77496944,Vehiculo en movimiento,Frente a frente,Not an Intersection,No fue interseccion,Sobre calle,Ninguna,Dia total,Despejado,No,NO APLICA,15,53,15,57,1,05/10/2022,2
17,Illinois,170886,0,0,2,0,31,COOK (31),3100,FOREST PARK,10,Octubre,10,2022,23,39,SR-171,3,Highway estatal,Urbano,Arteria Principal,State Highway Agency,1,Sin jurisdiccion especial,303,41.86449167,-87.83338056,Vehiculo en movimiento,Angulo,Four-Way Intersection,Interseccion de 4 direcciones,Sobre calle,Ninguna,Oscuro con iluminacion,Despejado,No,NO APLICA,99,99,99,99,1,10/10/2022,2
17,Illinois,170887,0,0,2,0,63,GRUNDY (63),0,NO APLICA,10,Octubre,9,2022,13,56,HANSEL RD,6,Calle Local Municipalidad,Urbano,Local,City or Municipal Highway Agency,0,Sin jurisdiccion especial,99998,41.40203333,-88.27256944,Vehiculo en movimiento,Frente a frente,Not an Intersection,No fue interseccion,Sobre calle,Ninguna,Dia total,Despejado,No,NO APLICA,99,99,99,99,1,09/10/2022,2
17,Illinois,170888,0,0,2,0,91,KANKAKEE (91),0,NO APLICA,10,Octubre,8,2022,19,49,US-45/52,2,US Highway,Rural,Arteria Menor,State Highway Agency,0,Sin jurisdiccion especial,3172,41.00399444,-87.86743611,Vehiculo en movimiento,Angulo,Four-Way Intersection,Interseccion de 4 direcciones,Sobre calle,Ninguna,Oscuro - iluminacion desconocida,Despejado,No,NO APLICA,19,49,19,56,1,08/10/2022,3
17,Illinois,170889,0,0,2,0,31,COOK (31),1670,CHICAGO,10,Octubre,15,2022,15,45,ARCHER AVE,8,Otro,Urbano,Colector Mayor,State Highway Agency,0,Sin jurisdiccion especial,99998,41.84395833,-87.65319167,Vehiculo en movimiento,Angulo,T-Intersection,Interseccion de T,Sobre calle,Ninguna,Dia total,Despejado,No,NO APLICA,99,99,15,50,2,15/10/2022,5
17,Illinois,170890,1,1,4,1,31,COOK (31),1670,CHICAGO,10,Octubre,18,2022,15,20,MARTIN LUTHER KING DR,6,Calle Local Municipalidad,Urbano,Colector Mayor,City or Municipal Highway Agency,0,Sin jurisdiccion especial,99998,41.70732778,-87.61378333,Peaton,El primer evento no fue una colision con un vehiculo automotor en transporte,Four-Way Intersection,Interseccion de 4 direcciones,Sobre calle,Ninguna,Dia total,Despejado,No,NO APLICA,15,99,15,25,1,18/10/2022,3
17,Illinois,170891,0,0,3,0,43,DUPAGE (43),0,NO APLICA,10,Octubre,18,2022,17,30,ARMY TRAIL RD,5,Calle Local - Pueblo,Urbano,Arteria Principal,Town or Township Highway Agency,0,Sin jurisdiccion especial,99998,41.943825,-88.19005556,Vehiculo en movimiento,Frente a frente,Not an Intersection,No fue interseccion,Sobre calle,Ninguna,Dia total,Despejado,No,NO APLICA,99,99,99,99,2,18/10/2022,3
17,Illinois,170892,0,0,2,0,197,WILL (197),0,NO APLICA,10,Octubre,14,2022,6,10,CR-24,4,Calle del Condado,Urbano,Arteria Principal,Town or Township Highway Agency,1,Sin jurisdiccion especial,99998,41.34031667,-87.68510556,Vehiculo en movimiento,Frente a Detrás,Not an Intersection,No fue interseccion,Sobre calle,Ninguna,Oscuro - iluminacion desconocida,Despejado,No,NO APLICA,99,99,99,99,1,14/10/2022,2
17,Illinois,170893,0,0,2,0,167,SANGAMON (167),1600,CHATHAM,10,Octubre,14,2022,22,5,SR-4,3,Highway estatal,Urbano,Arteria Principal,State Highway Agency,1,Sin jurisdiccion especial,147,39.66601111,-89.71035556,Vehiculo en movimiento,Angulo,Not an Intersection,No fue interseccion,Sobre calle,Ninguna,Oscuro - iluminacion desconocida,Nublado,No,NO APLICA,22,9,22,15,2,14/10/2022,2
17,Illinois,170894,0,0,2,0,183,VERMILION (183),2220,DANVILLE,10,Octubre,16,2022,19,23,US-150,2,US Highway,Urbano,Arteria Principal,State Highway Agency,1,Sin jurisdiccion especial,2179,40.12589722,-87.66220556,Vehiculo en movimiento,Angulo,Y-Intersection,Interseccion de Y,Sobre calle,Ninguna,Oscuro - iluminacion desconocida,Despejado,No,NO APLICA,19,23,19,43,1,16/10/2022,3
17,Illinois,170895,0,0,2,0,197,WILL (197),4300,JOLIET,8,Agosto,25,2022,6,24,I-55 SB TO US-30,1,Interestatal,Urbano,Interestatal,State Highway Agency,1,Sin jurisdiccion especial,4,41.58454722,-88.17041944,Vehiculo en movimiento,Angulo,Four-Way Intersection,Interseccion de 4 direcciones,Sobre calle,Ninguna,Dia total,lluvia,No,NO APLICA,99,99,99,99,1,25/08/2022,2
17,Illinois,170896,0,0,1,0,7,BOONE (7),0,NO APLICA,9,Septiembre,26,2022,14,31,STONE QUARRY RD,5,Calle Local - Pueblo,Rural,Colector Menor,Town or Township Highway Agency,0,Sin jurisdiccion especial,99998,42.16336111,-88.86143056,Zanja,El primer evento no fue una colision con un vehiculo automotor en transporte,Not an Intersection,No fue interseccion,Sobre el lado de la calle,Ninguna,Dia total,Despejado,No,NO APLICA,14,32,14,40,2,26/09/2022,2
17,Illinois,170897,0,0,1,0,31,COOK (31),6380,OAK FOREST,9,Septiembre,16,2022,13,4,CENTRAL AVE,5,Calle Local - Pueblo,Urbano,Colector Mayor,Town or Township Highway Agency,0,Sin jurisdiccion especial,99999,41.59033056,-87.75555278,Vehiculo Ferrocarril,El primer evento no fue una colision con un vehiculo automotor en transporte,Not an Intersection,No fue interseccion,Sobre calle,Ninguna,Dia total,Despejado,No,608945G,13,4,13,9,1,16/09/2022,2
17,Illinois,170898,0,0,2,1,31,COOK (31),4750,LEMONT,9,Septiembre,12,2022,0,53,NEW AVE,8,Otro,Urbano,Arteria Menor,State Highway Agency,0,Sin jurisdiccion especial,99998,41.67230556,-88.01092222,Vehiculo Aparcado,El primer evento no fue una colision con un vehiculo automotor en transporte,Not an Intersection,No fue interseccion,Sobre Acotamiento,Ninguna,Oscuro con iluminacion,Despejado,No,NO APLICA,0,58,1,1,1,12/09/2022,1
17,Illinois,170899,0,0,2,0,1,ADAMS (1),0,NO APLICA,10,Octubre,1,2022,11,9,SR-110,3,Highway estatal,Rural,Arteria Principal,State Highway Agency,1,Sin jurisdiccion especial,73,40.11967778,-91.25086667,Vehiculo en movimiento,Frente a frente,Not an Intersection,No fue interseccion,Sobre calle,Ninguna,Dia total,Despejado,No,NO APLICA,11,16,11,28,3,01/10/2022,5
17,Illinois,170900,1,1,1,0,143,PEORIA (143),6850,PEORIA,10,Octubre,9,2022,2,10,SHERIDAN RD,6,Calle Local Municipalidad,Urbano,Arteria Menor,City or Municipal Highway Agency,0,Sin jurisdiccion especial,99998,40.72343056,-89.60329167,Ciclista,El primer evento no fue una colision con un vehiculo automotor en transporte,Not an Intersection,No fue interseccion,Sobre calle,Ninguna,Oscuro con iluminacion,Despejado,No,NO APLICA,2,13,2,16,1,09/10/2022,1
17,Illinois,170901,0,0,1,0,197,WILL (197),9390,WILMINGTON,10,Octubre,11,2022,8,8,FRONTAGE RD,8,Otro,Urbano,Local,State Highway Agency,0,Sin jurisdiccion especial,99998,41.31768333,-88.19021944,Zanja,El primer evento no fue una colision con un vehiculo automotor en transporte,Not an Intersection,No fue interseccion,Sobre el lado de la calle,Ninguna,Dia total,Despejado,No,NO APLICA,99,99,99,99,1,11/10/2022,1
17,Illinois,170902,0,0,1,0,177,STEPHENSON (177),3220,FREEPORT,10,Octubre,12,2022,22,54,ADAMS AVE,6,Calle Local Municipalidad,Urbano,Colector Mayor,City or Municipal Highway Agency,0,Sin jurisdiccion especial,99998,42.29855556,-89.61701111,Arbol,El primer evento no fue una colision con un vehiculo automotor en transporte,Not an Intersection,No fue interseccion,Sobre el lado de la calle,Ninguna,Oscuro - iluminacion desconocida,Despejado,No,NO APLICA,99,99,99,99,1,12/10/2022,1
17,Illinois,170903,0,0,2,0,121,MARION (121),0,NO APLICA,10,Octubre,8,2022,17,36,CR-38,4,Calle del Condado,Rural,Local,Town or Township Highway Agency,0,Sin jurisdiccion especial,99998,38.80133333,-89.06783889,Vehiculo en movimiento,Angulo,Four-Way Intersection,Interseccion de 4 direcciones,Sobre calle,Ninguna,Dia total,Despejado,No,NO APLICA,17,36,17,44,1,08/10/2022,3
17,Illinois,170904,0,0,2,0,97,LAKE (97),0,NO APLICA,10,Octubre,10,2022,13,15,SR-137,3,Highway estatal,Urbano,Arteria Principal,State Highway Agency,1,Sin jurisdiccion especial,184,42.41728333,-87.82539444,Vehiculo en movimiento,Angulo,Four-Way Intersection,Interseccion de 4 direcciones,Sobre calle,Ninguna,Dia total,Despejado,No,NO APLICA,13,18,13,45,1,10/10/2022,2
17,Illinois,170905,0,0,2,0,115,MACON (115),0,NO APLICA,10,Octubre,13,2022,5,10,SR-105,3,Highway estatal,Rural,Arteria Menor,State Highway Agency,0,Sin jurisdiccion especial,79,39.85071389,-88.78354722,Vehiculo en movimiento,Frente a frente,Not an Intersection,No fue interseccion,Sobre calle,Ninguna,Oscuro - iluminacion desconocida,Despejado,No,NO APLICA,99,99,99,99,1,13/10/2022,2
17,Illinois,170906,0,0,2,0,97,LAKE (97),9100,WAUKEGAN,10,Octubre,16,2022,21,10,SR-131,3,Highway estatal,Urbano,Arteria Menor,State Highway Agency,0,Sin jurisdiccion especial,43,42.40244444,-87.88052778,Vehiculo en movimiento,Angulo,Not an Intersection,No fue interseccion,Sobre calle,Ninguna,Oscuro - iluminacion desconocida,Despejado,No,NO APLICA,21,11,21,17,1,16/10/2022,3
17,Illinois,170908,0,0,3,0,89,KANE (89),5210,MAPLE PARK,10,Octubre,1,2022,18,40,SR-38,3,Highway estatal,Rural,Arteria Menor,State Highway Agency,0,Sin jurisdiccion especial,44,41.89883889,-88.51756944,Vehiculo en movimiento,Frente a frente,Not an Intersection,No fue interseccion,Sobre calle,Ninguna,Oscuro - iluminacion desconocida,Despejado,No,NO APLICA,18,42,18,46,1,01/10/2022,4
17,Illinois,170909,0,0,3,0,97,LAKE (97),0,NO APLICA,10,Octubre,9,2022,18,40,US-45,2,US Highway,Urbano,Arteria Principal,State Highway Agency,1,Sin jurisdiccion especial,4172,42.38234722,-88.00419444,Vehiculo en movimiento,Angulo,Four-Way Intersection,Interseccion de 4 direcciones,Sobre calle,Ninguna,Oscuro - iluminacion desconocida,Despejado,No,NO APLICA,18,38,18,46,1,09/10/2022,12
17,Illinois,170910,0,0,1,0,93,KENDALL (93),0,NO APLICA,10,Octubre,19,2022,19,35,CREEK RD,5,Calle Local - Pueblo,Urbano,Colector Menor,Town or Township Highway Agency,0,Sin jurisdiccion especial,99998,41.67331667,-88.56273611,Poste,El primer evento no fue una colision con un vehiculo automotor en transporte,Not an Intersection,No fue interseccion,Sobre el lado de la calle,Ninguna,Oscuro - iluminacion desconocida,Despejado,No,NO APLICA,19,41,19,53,1,19/10/2022,1
17,Illinois,170911,0,0,1,0,97,LAKE (97),3670,GURNEE,10,Octubre,16,2022,2,1,SR-132,3,Highway estatal,Urbano,Arteria Principal,State Highway Agency,1,Sin jurisdiccion especial,124,42.37007222,-87.90442778,Arbol,El primer evento no fue una colision con un vehiculo automotor en transporte,Not an Intersection,No fue interseccion,Sobre el lado de la calle,Ninguna,Oscuro - iluminacion desconocida,Despejado,No,NO APLICA,2,14,2,20,3,16/10/2022,3
17,Illinois,170912,2,2,1,0,71,HENDERSON (71),3380,GLADSTONE,10,Octubre,18,2022,8,3,US-34,2,US Highway,Rural,Arteria Principal,State Highway Agency,1,Sin jurisdiccion especial,3,40.81104167,-91.09190556,Peaton,El primer evento no fue una colision con un vehiculo automotor en transporte,Not an Intersection,No fue interseccion,Sobre calle,Mantenimiento,Dia total,Despejado,No,NO APLICA,7,45,7,55,2,18/10/2022,1
17,Illinois,170913,0,0,1,0,193,WHITE (193),0,NO APLICA,9,Septiembre,11,2022,14,9,SR-1,3,Highway estatal,Rural,Arteria Principal,State Highway Agency,1,Sin jurisdiccion especial,235,38.01720278,-88.27370278,Poste o otros soportes,El primer evento no fue una colision con un vehiculo automotor en transporte,Not an Intersection,No fue interseccion,Sobre el lado de la calle,Ninguna,Dia total,Despejado,No,NO APLICA,14,10,14,20,1,11/09/2022,2
17,Illinois,170914,0,0,1,0,19,CHAMPAIGN (19),7220,RANTOUL,10,Octubre,20,2022,22,49,CR-55,4,Calle del Condado,Urbano,Colector Mayor,City or Municipal Highway Agency,0,Sin jurisdiccion especial,99998,40.31676111,-88.13649167,Banqueta,El primer evento no fue una colision con un vehiculo automotor en transporte,T-Intersection,Interseccion de T,Sobre el lado de la calle,Ninguna,Oscuro con iluminacion,Despejado,No,NO APLICA,7,6,7,11,1,20/10/2022,1
17,Illinois,170915,4,4,1,0,31,COOK (31),1670,CHICAGO,10,Octubre,23,2022,11,16,MARTIN LUTHER KING DR,8,Otro,Urbano,Colector Mayor,State Highway Agency,0,Sin jurisdiccion especial,99998,41.75154167,-87.614975,Peaton,El primer evento no fue una colision con un vehiculo automotor en transporte,Not an Intersection,No fue interseccion,Sobre el lado de la calle,Ninguna,Dia total,Despejado,No,NO APLICA,99,99,11,23,1,23/10/2022,1
17,Illinois,170916,0,0,1,0,133,MONROE (133),9060,WATERLOO,10,Octubre,6,2022,0,46,SR-3,3,Highway estatal,Urbano,Arteria Principal,State Highway Agency,1,Sin jurisdiccion especial,114,38.34474167,-90.16281111,Otra no colicion,El primer evento no fue una colision con un vehiculo automotor en transporte,Not an Intersection,No fue interseccion,Sobre el lado de la calle,Ninguna,Oscuro con iluminacion,Despejado,No,NO APLICA,0,46,0,50,1,06/10/2022,1
17,Illinois,170917,0,0,3,0,97,LAKE (97),4610,LAKE BLUFF,10,Octubre,11,2022,13,4,US-41,2,US Highway,Urbano,Arteria Principal,State Highway Agency,1,Sin jurisdiccion especial,479,42.28423889,-87.87069722,Vehiculo en movimiento,Frente a Detrás,Not an Intersection,No fue interseccion,Sobre calle,Ninguna,Dia total,Nublado,No,NO APLICA,13,5,13,15,1,11/10/2022,3
17,Illinois,170918,0,0,3,0,163,ST. CLAIR (163),8050,SMITHTON,9,Septiembre,15,2022,5,48,CR-9,4,Calle del Condado,Rural,Colector Mayor,Town or Township Highway Agency,0,Sin jurisdiccion especial,84,38.35343333,-90.03592778,Vehiculo en movimiento,Angulo,Not an Intersection,No fue interseccion,Sobre calle,Ninguna,Oscuro - iluminacion desconocida,Neblina o Humo,No,NO APLICA,5,48,6,1,1,15/09/2022,3
17,Illinois,170919,0,0,3,0,91,KANKAKEE (91),5680,MOMENCE,10,Octubre,12,2022,17,29,SR-17,3,Highway estatal,Rural,Colector Mayor,State Highway Agency,0,Sin jurisdiccion especial,18,41.23034167,-87.6065,Vehiculo en movimiento,Frente a frente,Not an Intersection,No fue interseccion,Sobre calle,Ninguna,Dia total,Nublado,No,NO APLICA,17,29,17,35,1,12/10/2022,6
17,Illinois,170920,0,0,3,0,157,RANDOLPH (157),0,NO APLICA,10,Octubre,20,2022,15,26,SR-150,3,Highway estatal,Rural,Arteria Principal,State Highway Agency,1,Sin jurisdiccion especial,45,37.95053056,-89.76628889,Vehiculo en movimiento,Frente a Detrás,Not an Intersection,No fue interseccion,Sobre calle,Ninguna,Dia total,Despejado,No,NO APLICA,99,99,99,99,1,20/10/2022,3
17,Illinois,170921,1,1,3,2,31,COOK (31),1670,CHICAGO,10,Octubre,22,2022,4,16,51ST ST,6,Calle Local Municipalidad,Urbano,Colector Mayor,City or Municipal Highway Agency,0,Sin jurisdiccion especial,99998,41.800825,-87.70375556,Peaton,El primer evento no fue una colision con un vehiculo automotor en transporte,Four-Way Intersection,Interseccion de 4 direcciones,Sobre calle,Ninguna,Oscuro con iluminacion,Despejado,No,NO APLICA,99,99,4,21,1,22/10/2022,1
17,Illinois,170922,0,0,3,0,199,WILLIAMSON (199),0,NO APLICA,10,Octubre,21,2022,15,43,SR-37,3,Highway estatal,Rural,Arteria Menor,State Highway Agency,0,Sin jurisdiccion especial,14,37.84157222,-88.93271389,Vehiculo en movimiento,Frente a frente,Not an Intersection,No fue interseccion,Sobre calle,Ninguna,Dia total,Despejado,No,NO APLICA,15,43,15,55,1,21/10/2022,4
17,Illinois,170923,0,0,4,3,31,COOK (31),1670,CHICAGO,10,Octubre,16,2022,1,0,I-90,1,Interestatal,Urbano,Interestatal,State Highway Agency,1,Sin jurisdiccion especial,489,41.90983889,-87.66463889,Zanja,El primer evento no fue una colision con un vehiculo automotor en transporte,Not an Intersection,No fue interseccion,Sobre el lado de la calle,Ninguna,Oscuro con iluminacion,Despejado,No,NO APLICA,1,2,1,5,1,16/10/2022,1