Estado,Nombre de Estado,Numero de Caso,Peatones,Personas _no_vehiculos,Vehiculos automotores,Vehiculos estacionados,Condado,Nombre Condado,Ciudad,Nombre Ciudad,Mes,Nombre Mes,Dia,Año,Hora,Minuto,Calle,Ruta,Nombre Ruta,Rural o Urbanoo,Sistema Funcional,Dueño Calle,Sistema Nacional Carreteras,Jurisdiccion Especial,Milla,Latitud,Longitud,Causa del Accidente,Tipo de Accidente,Tipo Interseccion,Columna1,Lugar en la calle,Zona de Trabajo,Luz,Clima,Autobus Escolar,Cruce de Trenes,Hora Notificacion,Minuto Notificacion,Hora Llegada,Minuto Llegada,Decesos,Fecha,PersonaVehiculo
17,Illinois,170924,0,0,2,0,43,DUPAGE (43),830,BLOOMINGDALE,10,Octubre,7,2022,19,45,SR-390,3,Highway estatal,Urbano,Arteria Principal,State Highway Agency,1,Sin jurisdiccion especial,14,41.9847,-88.02101111,Vehiculo en movimiento,Frente a Detrás,Not an Intersection,No fue interseccion,Sobre calle,Ninguna,Oscuro con iluminacion,Despejado,No,NO APLICA,19,47,19,50,1,07/10/2022,2
17,Illinois,170925,0,0,2,0,37,DEKALB (37),3310,GENOA,10,Octubre,8,2022,7,28,MELMS RD,5,Calle Local - Pueblo,Rural,Local,Town or Township Highway Agency,0,Sin jurisdiccion especial,99998,42.138975,-88.69569444,Vehiculo en movimiento,Angulo,Four-Way Intersection,Interseccion de 4 direcciones,Sobre calle,Ninguna,Dia total,Despejado,No,NO APLICA,7,29,7,39,1,08/10/2022,2
17,Illinois,170926,0,0,3,2,167,SANGAMON (167),8220,SPRINGFIELD,10,Octubre,26,2022,11,7,SR-97,3,Highway estatal,Urbano,Arteria Principal,State Highway Agency,1,Sin jurisdiccion especial,192,39.80405278,-89.65401667,Vehiculo Aparcado,El primer evento no fue una colision con un vehiculo automotor en transporte,Not an Intersection,No fue interseccion,Fuera de la calle,Ninguna,Dia total,Despejado,No,NO APLICA,11,9,11,14,1,26/10/2022,1
17,Illinois,170927,0,0,1,0,37,DEKALB (37),0,NO APLICA,10,Octubre,29,2022,12,46,TWOMBLY RD,5,Calle Local - Pueblo,Urbano,Local,Town or Township Highway Agency,0,Sin jurisdiccion especial,0,41.94990833,-88.93955556,Volcadura,El primer evento no fue una colision con un vehiculo automotor en transporte,Not an Intersection,No fue interseccion,Sobre el lado de la calle,Ninguna,Dia total,Despejado,No,NO APLICA,12,46,12,55,1,29/10/2022,2
17,Illinois,170928,0,0,3,0,31,COOK (31),1670,CHICAGO,10,Octubre,15,2022,12,59,OGDEN RD,8,Otro,Urbano,Colector Mayor,State Highway Agency,0,Sin jurisdiccion especial,99998,41.86180556,-87.69443056,Vehiculo en movimiento,Angulo,Four-Way Intersection,Interseccion de 4 direcciones,Sobre calle,Ninguna,Dia total,Despejado,No,NO APLICA,99,99,99,99,1,15/10/2022,5
17,Illinois,170929,0,0,2,0,103,LEE (103),0,NO APLICA,10,Octubre,1,2022,15,0,CR-12 MAYTOWN RD,4,Calle del Condado,Rural,Colector Mayor,County Highway Agency,0,Sin jurisdiccion especial,0,41.62856944,-89.27656944,Vehiculo en movimiento,Angulo,Four-Way Intersection,Interseccion de 4 direcciones,Sobre calle,Ninguna,Dia total,Despejado,No,NO APLICA,15,3,15,14,2,01/10/2022,3
17,Illinois,170930,0,0,1,0,181,UNION (181),0,NO APLICA,10,Octubre,21,2022,22,27,SR-127,3,Highway estatal,Rural,Colector Mayor,State Highway Agency,0,Sin jurisdiccion especial,15,37.43169167,-89.27559444,Arbol,El primer evento no fue una colision con un vehiculo automotor en transporte,Not an Intersection,No fue interseccion,Sobre el lado de la calle,Ninguna,Oscuro - iluminacion desconocida,Despejado,No,NO APLICA,22,30,22,38,1,21/10/2022,1
17,Illinois,170931,0,0,1,0,1,ADAMS (1),4818,LIBERTY,10,Octubre,24,2022,8,51,2250TH,5,Calle Local - Pueblo,Rural,Colector Menor,Town or Township Highway Agency,0,Sin jurisdiccion especial,99998,39.92563889,-91.07859444,Culvert,El primer evento no fue una colision con un vehiculo automotor en transporte,Not an Intersection,No fue interseccion,Sobre el lado de la calle,Ninguna,Oscuro - iluminacion desconocida,Reportado como desconocido,No,NO APLICA,8,54,9,2,1,24/10/2022,1
17,Illinois,170932,1,1,1,0,31,COOK (31),1670,CHICAGO,10,Octubre,27,2022,12,30,SACRAMENTO AVE,6,Calle Local Municipalidad,Urbano,Local,City or Municipal Highway Agency,0,Sin jurisdiccion especial,99998,41.80878889,-87.69910833,Peaton,El primer evento no fue una colision con un vehiculo automotor en transporte,L-Intersection,Interseccion en L,Sobre calle,Ninguna,Dia total,Despejado,No,NO APLICA,99,99,12,35,1,27/10/2022,2
17,Illinois,170933,0,0,1,0,49,EFFINGHAM (49),0,NO APLICA,10,Octubre,21,2022,21,28,I-70,1,Interestatal,Rural,Interestatal,State Highway Agency,1,Sin jurisdiccion especial,1098,39.169975,-88.37456111,Volcadura,El primer evento no fue una colision con un vehiculo automotor en transporte,Not an Intersection,No fue interseccion,En el medio,Ninguna,Oscuro - iluminacion desconocida,Despejado,No,NO APLICA,21,31,21,42,1,21/10/2022,1
17,Illinois,170934,0,0,1,0,31,COOK (31),7278,RICHTON PARK,10,Octubre,29,2022,21,12,LAWNDALE AVE,6,Calle Local Municipalidad,Urbano,Local,City or Municipal Highway Agency,0,Sin jurisdiccion especial,99998,41.48156389,-87.70561944,Arbol,El primer evento no fue una colision con un vehiculo automotor en transporte,Not an Intersection,No fue interseccion,Sobre el lado de la calle,Ninguna,Oscuro con iluminacion,Despejado,No,NO APLICA,99,99,99,99,2,29/10/2022,4
17,Illinois,170935,0,0,1,0,77,JACKSON (77),0,NO APLICA,10,Octubre,24,2022,16,13,CR-7,4,Calle del Condado,Rural,Colector Mayor,Town or Township Highway Agency,0,Sin jurisdiccion especial,99998,37.93409444,-89.57731389,Acotamiento,El primer evento no fue una colision con un vehiculo automotor en transporte,Not an Intersection,No fue interseccion,Sobre el lado de la calle,Ninguna,Dia total,Despejado,No,NO APLICA,16,16,17,20,1,24/10/2022,1
17,Illinois,170936,0,0,1,0,179,TAZEWELL (179),0,NO APLICA,10,Octubre,17,2022,11,45,WOODLEY RD,5,Calle Local - Pueblo,Rural,Local,Town or Township Highway Agency,0,Sin jurisdiccion especial,99998,40.50332778,-89.85695278,Volcadura,El primer evento no fue una colision con un vehiculo automotor en transporte,Not an Intersection,No fue interseccion,Sobre el lado de la calle,Ninguna,Dia total,Despejado,No,NO APLICA,11,58,12,16,1,17/10/2022,1
17,Illinois,170937,0,0,1,0,31,COOK (31),1670,CHICAGO,10,Octubre,20,2022,18,33,119TH,6,Calle Local Municipalidad,Urbano,Arteria Menor,City or Municipal Highway Agency,0,Sin jurisdiccion especial,99998,41.67745556,-87.66653333,Vehiculo Ferrocarril,El primer evento no fue una colision con un vehiculo automotor en transporte,Not an Intersection,No fue interseccion,Sobre calle,Ninguna,Oscuro con iluminacion,Despejado,No,608311K,16,33,16,49,1,20/10/2022,1
17,Illinois,170938,1,1,1,0,31,COOK (31),0,NO APLICA,10,Octubre,23,2022,23,47,CRAWFORD AVE,8,Otro,Urbano,Arteria Menor,State Highway Agency,0,Sin jurisdiccion especial,99998,41.52573333,-87.71326944,Peaton,El primer evento no fue una colision con un vehiculo automotor en transporte,Not an Intersection,No fue interseccion,Sobre calle,Ninguna,Oscuro - iluminacion desconocida,Despejado,No,NO APLICA,99,99,99,99,1,23/10/2022,1
17,Illinois,170939,0,0,1,0,31,COOK (31),0,NO APLICA,10,Octubre,24,2022,9,42,I-90,1,Interestatal,Urbano,Interestatal,State Toll Road,1,Sin jurisdiccion especial,710,42.03953333,-87.98118611,Valla Ferrocarril,El primer evento no fue una colision con un vehiculo automotor en transporte,Not an Intersection,No fue interseccion,Sobre el lado de la calle,Ninguna,Dia total,Despejado,No,NO APLICA,9,44,9,53,1,24/10/2022,1
17,Illinois,170940,1,1,2,1,7,BOONE (7),0,NO APLICA,10,Octubre,24,2022,20,14,CR-15,4,Calle del Condado,Rural,Colector Mayor,Town or Township Highway Agency,0,Sin jurisdiccion especial,99998,42.21376389,-88.9309,Vehiculo Aparcado,El primer evento no fue una colision con un vehiculo automotor en transporte,Not an Intersection,No fue interseccion,Sobre Acotamiento,Ninguna,Oscuro - iluminacion desconocida,Despejado,No,NO APLICA,20,20,20,41,1,24/10/2022,1
17,Illinois,170941,0,0,2,0,119,MADISON (119),7073,PONTOON BEACH,10,Octubre,24,2022,18,28,HORSESHOE LAKE RD,8,Otro,Urbano,Arteria Menor,State Highway Agency,0,Sin jurisdiccion especial,99998,38.70975833,-90.07605556,Vehiculo en movimiento,Frente a frente,Not an Intersection,No fue interseccion,Sobre calle,Ninguna,Oscuro - iluminacion desconocida,lluvia,No,NO APLICA,18,28,18,28,1,24/10/2022,3
17,Illinois,170942,0,0,2,0,1,ADAMS (1),2964,FALL CREEK,10,Octubre,27,2022,16,7,SR-57,3,Highway estatal,Rural,Arteria Principal,State Highway Agency,1,Sin jurisdiccion especial,97,39.81362222,-91.33714722,Vehiculo en movimiento,Angulo,Not an Intersection,No fue interseccion,Sobre calle,Ninguna,Dia total,Despejado,No,NO APLICA,16,12,16,28,1,27/10/2022,2
17,Illinois,170943,0,0,2,0,113,MCLEAN (113),840,BLOOMINGTON,10,Octubre,31,2022,8,41,I-55,1,Interestatal,Urbano,Arteria Principal,State Highway Agency,1,Sin jurisdiccion especial,248,40.45921944,-88.99261389,Vehiculo en movimiento,Frente a frente,Not an Intersection,No fue interseccion,Sobre calle,Ninguna,Dia total,lluvia,No,NO APLICA,8,45,8,48,1,31/10/2022,4
17,Illinois,170944,0,0,2,0,197,WILL (197),8763,UNIVERSITY PARK,10,Octubre,23,2022,19,10,UNIVERSITY PARKWAY,6,Calle Local Municipalidad,Urbano,Arteria Menor,City or Municipal Highway Agency,0,Sin jurisdiccion especial,99998,41.44699722,-87.69047222,Vehiculo en movimiento,Frente a frente,Not an Intersection,No fue interseccion,Sobre calle,Ninguna,Atardecer,Despejado,No,NO APLICA,19,10,19,11,1,23/10/2022,3
17,Illinois,170945,0,0,2,0,89,KANE (89),0,NO APLICA,10,Octubre,31,2022,15,48,CR-69,4,Calle del Condado,Urbano,Colector Mayor,Town or Township Highway Agency,0,Sin jurisdiccion especial,99998,41.95373056,-88.43994722,Vehiculo en movimiento,Angulo,Not an Intersection,No fue interseccion,Sobre calle,Ninguna,Dia total,Despejado,Yes,NO APLICA,15,49,15,54,2,31/10/2022,5
17,Illinois,170946,0,0,1,0,103,LEE (103),370,ASHTON,6,Junio,2,2022,17,0,HOOSIER RD,5,Calle Local - Pueblo,Rural,Local,Town or Township Highway Agency,0,Sin jurisdiccion especial,99998,41.86901944,-89.27969722,Volcadura,El primer evento no fue una colision con un vehiculo automotor en transporte,Not an Intersection,No fue interseccion,Sobre el lado de la calle,Ninguna,Dia total,Despejado,No,NO APLICA,17,18,17,28,1,02/06/2022,3
17,Illinois,170947,0,0,2,0,119,MADISON (119),3760,HARTFORD,9,Septiembre,29,2022,7,50,SR-111,3,Highway estatal,Urbano,Arteria Menor,State Highway Agency,0,Sin jurisdiccion especial,0,38.83332778,-90.07168889,Vehiculo en movimiento,Angulo,Four-Way Intersection,Interseccion de 4 direcciones,Sobre calle,Ninguna,Amanecer,Despejado,No,NO APLICA,7,52,7,57,1,29/09/2022,2
17,Illinois,170948,0,0,6,0,31,COOK (31),9210,WESTERN SPRINGS,9,Septiembre,29,2022,16,11,US-34,2,US Highway,Urbano,Arteria Principal,State Highway Agency,1,Sin jurisdiccion especial,14,41.81985556,-87.89138333,Vehiculo en movimiento,Angulo,Not an Intersection,No fue interseccion,Sobre calle,Ninguna,Dia total,Despejado,No,NO APLICA,16,11,16,11,1,29/09/2022,7
17,Illinois,170949,0,0,1,0,107,LOGAN (107),7760,SAN JOSE,10,Octubre,3,2022,14,53,CR-000,4,Calle del Condado,Rural,Local,Town or Township Highway Agency,0,Sin jurisdiccion especial,99998,40.28343056,-89.60228611,Zanja,El primer evento no fue una colision con un vehiculo automotor en transporte,Not an Intersection,No fue interseccion,Sobre el lado de la calle,Ninguna,Dia total,Despejado,No,NO APLICA,14,53,99,99,1,03/10/2022,1
17,Illinois,170950,0,0,2,0,119,MADISON (119),90,ALHAMBRA,10,Octubre,5,2022,7,56,SR-4,3,Highway estatal,Rural,Arteria Principal,State Highway Agency,1,Sin jurisdiccion especial,942,38.88870278,-89.80072222,Vehiculo en movimiento,Angulo,Four-Way Intersection,Interseccion de 4 direcciones,Sobre calle,Ninguna,Dia total,Despejado,No,NO APLICA,7,56,8,12,2,05/10/2022,3
17,Illinois,170951,1,1,1,0,31,COOK (31),2890,EVERGREEN PARK,10,Octubre,23,2022,18,46,KEDZIE,8,Otro,Urbano,Arteria Menor,State Highway Agency,0,Sin jurisdiccion especial,99998,41.71682222,-87.70170278,Peaton,El primer evento no fue una colision con un vehiculo automotor en transporte,Not an Intersection,No fue interseccion,Sobre calle,Ninguna,Oscuro - iluminacion desconocida,Despejado,No,NO APLICA,18,46,99,99,1,23/10/2022,1
17,Illinois,170952,0,0,1,0,3,ALEXANDER (3),1250,CAIRO,10,Octubre,25,2022,16,52,I-57 NB TO US-51,1,Interestatal,Rural,Interestatal,State Highway Agency,1,Sin jurisdiccion especial,99998,37.04467778,-89.20012222,Volcadura,El primer evento no fue una colision con un vehiculo automotor en transporte,Not an Intersection,No fue interseccion,Sobre el lado de la calle,Ninguna,Dia total,Despejado,No,NO APLICA,16,52,16,59,1,25/10/2022,1
17,Illinois,170953,0,0,1,0,105,LIVINGSTON (105),6440,ODELL,10,Octubre,4,2022,6,9,CR-1,4,Calle del Condado,Rural,Colector Mayor,Town or Township Highway Agency,0,Sin jurisdiccion especial,99998,41.00542222,-88.56104167,Puente de Ferrocarril,El primer evento no fue una colision con un vehiculo automotor en transporte,Not an Intersection,No fue interseccion,Sobre el lado de la calle,Ninguna,Reportada como desconocida,Despejado,No,NO APLICA,5,30,5,44,1,04/10/2022,1
17,Illinois,170954,0,1,2,1,35,CUMBERLAND (35),0,NO APLICA,10,Octubre,14,2022,4,46,I-70,1,Interestatal,Rural,Interestatal,State Highway Agency,1,Sin jurisdiccion especial,17,39.18553611,-88.34135,Vehiculo Aparcado,El primer evento no fue una colision con un vehiculo automotor en transporte,Not an Intersection,No fue interseccion,Sobre Acotamiento,Ninguna,Oscuro - iluminacion desconocida,Despejado,No,NO APLICA,4,46,5,0,1,14/10/2022,2
17,Illinois,170955,0,2,2,1,199,WILLIAMSON (199),0,NO APLICA,10,Octubre,20,2022,6,58,I-57,1,Interestatal,Rural,Interestatal,State Highway Agency,1,Sin jurisdiccion especial,22,37.62615278,-88.98454444,Vehiculo Aparcado,El primer evento no fue una colision con un vehiculo automotor en transporte,Not an Intersection,No fue interseccion,Sobre Acotamiento,Ninguna,Dia total,Despejado,No,NO APLICA,7,0,7,5,1,20/10/2022,1
17,Illinois,170956,1,1,1,0,31,COOK (31),8590,THORNTON,10,Octubre,27,2022,7,46,STATE,6,Calle Local Municipalidad,Urbano,Arteria Menor,City or Municipal Highway Agency,0,Sin jurisdiccion especial,99998,41.63005278,-87.56159444,Peaton,El primer evento no fue una colision con un vehiculo automotor en transporte,Four-Way Intersection,Interseccion de 4 direcciones,Sobre calle,Ninguna,Amanecer,Despejado,No,NO APLICA,6,52,6,54,1,27/10/2022,1
17,Illinois,170957,0,0,3,2,43,DUPAGE (43),5980,NAPERVILLE,10,Octubre,13,2022,4,19,COMMONS RD,6,Calle Local Municipalidad,Urbano,Local,City or Municipal Highway Agency,0,Sin jurisdiccion especial,5,41.79817778,-88.16235833,Arbol,El primer evento no fue una colision con un vehiculo automotor en transporte,Not an Intersection,No fue interseccion,Sobre el lado de la calle,Ninguna,Oscuro con iluminacion,Despejado,No,NO APLICA,4,19,99,99,1,13/10/2022,2
17,Illinois,170958,3,3,2,1,31,COOK (31),3410,GLENCOE,10,Octubre,29,2022,10,49,GREEN BAY RD,6,Calle Local Municipalidad,Urbano,Arteria Menor,City or Municipal Highway Agency,0,Sin jurisdiccion especial,16,42.13515833,-87.75834722,Edificio,El primer evento no fue una colision con un vehiculo automotor en transporte,Four-Way Intersection,Interseccion de 4 direcciones,Sobre el lado de la calle,Ninguna,Dia total,Despejado,No,NO APLICA,10,50,10,50,1,29/10/2022,1
17,Illinois,170959,0,0,3,0,89,KANE (89),3300,GENEVA,10,Octubre,29,2022,0,43,CR-8,4,Calle del Condado,Urbano,Arteria Principal,Town or Township Highway Agency,1,Sin jurisdiccion especial,99998,41.86890278,-88.27925,Vehiculo en movimiento,Angulo,Four-Way Intersection,Interseccion de 4 direcciones,Sobre calle,Ninguna,Oscuro con iluminacion,Despejado,No,NO APLICA,0,44,0,49,2,29/10/2022,4
17,Illinois,170960,0,0,1,0,19,CHAMPAIGN (19),6470,OGDEN,10,Octubre,29,2022,17,49,CR-14,4,Calle del Condado,Rural,Colector Mayor,Town or Township Highway Agency,0,Sin jurisdiccion especial,94,40.07602778,-87.99125,Edificio,El primer evento no fue una colision con un vehiculo automotor en transporte,Not an Intersection,No fue interseccion,Sobre el lado de la calle,Ninguna,Dia total,Despejado,No,NO APLICA,17,51,18,0,3,29/10/2022,4
17,Illinois,170961,0,0,2,0,97,LAKE (97),9100,WAUKEGAN,10,Octubre,29,2022,16,11,SR-131,3,Highway estatal,Urbano,Arteria Menor,State Highway Agency,0,Sin jurisdiccion especial,58,42.381875,-87.883975,Vehiculo en movimiento,Angulo,Not an Intersection,No fue interseccion,Sobre calle,Ninguna,Dia total,Despejado,No,NO APLICA,16,11,16,23,2,29/10/2022,7
17,Illinois,170962,0,0,2,0,167,SANGAMON (167),440,AUBURN,10,Octubre,29,2022,20,47,I-55,1,Interestatal,Rural,Interestatal,State Highway Agency,1,Sin jurisdiccion especial,818,39.594175,-89.64677778,Vehiculo en movimiento,Frente a frente,Not an Intersection,No fue interseccion,Sobre calle,Ninguna,Oscuro - iluminacion desconocida,Neblina o Humo,No,NO APLICA,20,48,20,50,1,29/10/2022,2
17,Illinois,170963,0,0,1,0,137,MORGAN (137),4250,JACKSONVILLE,10,Octubre,30,2022,5,45,WALNUT ST,6,Calle Local Municipalidad,Urbano,Arteria Menor,City or Municipal Highway Agency,0,Sin jurisdiccion especial,99998,39.74516111,-90.22671944,Poste,El primer evento no fue una colision con un vehiculo automotor en transporte,Not an Intersection,No fue interseccion,Sobre el lado de la calle,Ninguna,Oscuro - iluminacion desconocida,lluvia,No,NO APLICA,99,99,99,99,1,30/10/2022,1
17,Illinois,170964,0,0,1,0,89,KANE (89),9195,WEST DUNDEE,10,Octubre,16,2022,21,5,SR-72,3,Highway estatal,Urbano,Arteria Principal,State Highway Agency,1,Sin jurisdiccion especial,93,42.09812222,-88.28182778,Banqueta,El primer evento no fue una colision con un vehiculo automotor en transporte,Not an Intersection,No fue interseccion,Sobre el lado de la calle,Ninguna,Oscuro con iluminacion,Despejado,No,NO APLICA,21,9,21,14,1,16/10/2022,1
17,Illinois,170965,0,0,1,0,197,WILL (197),0,NO APLICA,10,Octubre,24,2022,17,48,I-55,1,Interestatal,Urbano,Interestatal,State Highway Agency,1,Sin jurisdiccion especial,219,41.55797222,-88.1805,Volcadura,El primer evento no fue una colision con un vehiculo automotor en transporte,Not an Intersection,No fue interseccion,En el medio,Construccion,Oscuro con iluminacion,Despejado,No,NO APLICA,99,99,99,99,1,24/10/2022,1
17,Illinois,170966,1,1,1,0,97,LAKE (97),0,NO APLICA,10,Octubre,30,2022,4,22,CR-W34,4,Calle del Condado,Urbano,Arteria Menor,Town or Township Highway Agency,0,Sin jurisdiccion especial,49,42.42272222,-87.85502222,Peaton,El primer evento no fue una colision con un vehiculo automotor en transporte,Not an Intersection,No fue interseccion,Sobre calle,Ninguna,Oscuro - iluminacion desconocida,Despejado,No,NO APLICA,4,25,4,33,1,30/10/2022,1
17,Illinois,170967,1,1,1,0,163,ST. CLAIR (163),7763,SAUGET,10,Octubre,25,2022,22,0,SR-3,3,Highway estatal,Urbano,Arteria Principal,State Highway Agency,1,Sin jurisdiccion especial,18,38.59123611,-90.17610833,Peaton,El primer evento no fue una colision con un vehiculo automotor en transporte,Not an Intersection,No fue interseccion,Sobre calle,Ninguna,Oscuro - iluminacion desconocida,lluvia,No,NO APLICA,22,1,22,9,1,25/10/2022,1
17,Illinois,170968,0,0,1,0,23,CLARK (23),5310,MARSHALL,10,Octubre,9,2022,16,14,US-40,2,US Highway,Rural,Colector Mayor,State Highway Agency,0,Sin jurisdiccion especial,172,39.38507222,-87.71849167,Otra no colicion,El primer evento no fue una colision con un vehiculo automotor en transporte,Not an Intersection,No fue interseccion,Sobre el lado de la calle,Ninguna,Dia total,Despejado,No,NO APLICA,99,99,99,99,1,09/10/2022,1
17,Illinois,170969,1,1,1,0,31,COOK (31),1670,CHICAGO,10,Octubre,16,2022,2,47,47TH ST ALLEY,6,Calle Local Municipalidad,Urbano,Arteria Menor,City or Municipal Highway Agency,0,Sin jurisdiccion especial,29,41.89138611,-87.89083333,Peaton,El primer evento no fue una colision con un vehiculo automotor en transporte,Not an Intersection,No fue interseccion,Sobre calle,Ninguna,Oscuro con iluminacion,Despejado,No,NO APLICA,99,99,2,52,1,16/10/2022,1
17,Illinois,170970,0,0,2,0,197,WILL (197),3160,FRANKFORT,10,Octubre,13,2022,23,40,US-30,2,US Highway,Urbano,Arteria Principal,State Highway Agency,1,Sin jurisdiccion especial,1375,41.50681111,-87.80886667,Vehiculo en movimiento,Golpe Lateral - misma direccion,Not an Intersection,No fue interseccion,Sobre calle,Ninguna,Oscuro - iluminacion desconocida,Despejado,No,NO APLICA,99,99,99,99,1,13/10/2022,2
17,Illinois,170971,0,0,2,0,197,WILL (197),0,NO APLICA,10,Octubre,29,2022,20,41,CR-19,4,Calle del Condado,Urbano,Arteria Menor,Town or Township Highway Agency,0,Sin jurisdiccion especial,99998,41.46571944,-87.84545278,Vehiculo en movimiento,Angulo,T-Intersection,Interseccion de T,Sobre calle,Ninguna,Oscuro - iluminacion desconocida,Despejado,No,NO APLICA,99,99,99,99,1,29/10/2022,4
17,Illinois,170972,0,0,2,0,167,SANGAMON (167),440,AUBURN,10,Octubre,30,2022,20,47,I-55,1,Interestatal,Rural,Interestatal,State Highway Agency,1,Sin jurisdiccion especial,818,39.59418056,-89.64677222,Vehiculo en movimiento,Angulo,Not an Intersection,No fue interseccion,Sobre calle,Ninguna,Oscuro - iluminacion desconocida,Neblina o Humo,No,NO APLICA,8,47,8,48,1,30/10/2022,3
17,Illinois,170973,0,0,2,0,163,ST. CLAIR (163),6460,O'FALLON,11,Noviembre,1,2022,7,36,SCOTT TORY RD,5,Calle Local - Pueblo,Urbano,Arteria Principal,County Highway Agency,0,Sin jurisdiccion especial,0,38.60424444,-89.87401111,Vehiculo en movimiento,Angulo,T-Intersection,Interseccion de T,Sobre calle,Ninguna,Dia total,Despejado,No,NO APLICA,7,37,7,43,1,01/11/2022,2
17,Illinois,170974,0,0,2,0,31,COOK (31),610,BEDFORD PARK,11,Noviembre,3,2022,18,35,SR-50 CICERO AVE,3,Highway estatal,Urbano,Arteria Principal,State Highway Agency,1,Sin jurisdiccion especial,0,41.75955278,-87.74184722,Vehiculo en movimiento,Angulo,T-Intersection,Interseccion de T,Sobre calle,Ninguna,Oscuro con iluminacion,Despejado,No,NO APLICA,6,43,99,99,1,03/11/2022,3
17,Illinois,170975,1,1,1,0,101,LAWRENCE (101),0,NO APLICA,11,Noviembre,3,2022,22,22,CR-1808,4,Calle del Condado,Rural,Colector Mayor,State Highway Agency,0,Sin jurisdiccion especial,99998,38.71759722,-87.63799167,Ciclista,El primer evento no fue una colision con un vehiculo automotor en transporte,Not an Intersection,No fue interseccion,Sobre calle,Ninguna,Oscuro - iluminacion desconocida,Despejado,No,NO APLICA,22,27,22,40,1,03/11/2022,1
17,Illinois,170976,1,1,1,0,31,COOK (31),6400,OAK LAWN,11,Noviembre,8,2022,15,18,US-20,2,US Highway,Urbano,Arteria Principal,State Highway Agency,1,Sin jurisdiccion especial,727,41.72029722,-87.73104167,Peaton,El primer evento no fue una colision con un vehiculo automotor en transporte,Four-Way Intersection,Interseccion de 4 direcciones,Sobre calle,Ninguna,Dia total,Despejado,No,NO APLICA,15,18,15,25,1,08/11/2022,2
17,Illinois,170977,0,0,1,0,119,MADISON (119),160,ALTON,11,Noviembre,4,2022,0,30,ALBY ST,6,Calle Local Municipalidad,Urbano,Colector Mayor,City or Municipal Highway Agency,0,Sin jurisdiccion especial,99998,38.91465,-90.18247222,Poste,El primer evento no fue una colision con un vehiculo automotor en transporte,Not an Intersection,No fue interseccion,Sobre el lado de la calle,Ninguna,Oscuro - iluminacion desconocida,Despejado,No,NO APLICA,0,34,0,36,1,04/11/2022,1
17,Illinois,170978,0,0,1,0,31,COOK (31),6740,PARK RIDGE,11,Noviembre,8,2022,11,12,CUMBERLAND,6,Calle Local Municipalidad,Urbano,Colector Mayor,City or Municipal Highway Agency,0,Sin jurisdiccion especial,99998,42.02556389,-87.83577778,Edificio,El primer evento no fue una colision con un vehiculo automotor en transporte,T-Intersection,Interseccion de T,Sobre el lado de la calle,Ninguna,Dia total,Despejado,No,NO APLICA,99,99,99,99,2,08/11/2022,2
17,Illinois,170979,1,1,1,0,31,COOK (31),3996,HOFFMAN ESTATES,11,Noviembre,6,2022,15,16,SHOE FACTORY RD,5,Calle Local - Pueblo,Urbano,Colector Mayor,Town or Township Highway Agency,0,Sin jurisdiccion especial,99998,42.06103611,-88.14951944,Poste de Señal de trafico,El primer evento no fue una colision con un vehiculo automotor en transporte,Not an Intersection,No fue interseccion,Sobre el lado de la calle,Ninguna,Dia total,Despejado,No,NO APLICA,99,99,99,99,1,06/11/2022,1
17,Illinois,170980,0,0,3,0,197,WILL (197),0,NO APLICA,10,Octubre,26,2022,20,12,I-80,1,Interestatal,Urbano,Interestatal,State Highway Agency,1,Sin jurisdiccion especial,1461,41.55298333,-87.84593611,Vehiculo en movimiento,Angulo,Not an Intersection,No fue interseccion,Sobre calle,Ninguna,Oscuro con iluminacion,Despejado,No,NO APLICA,20,12,20,12,1,26/10/2022,6
17,Illinois,170981,0,0,4,0,43,DUPAGE (43),460,AURORA,10,Octubre,20,2022,10,0,CR-33,4,Calle del Condado,Urbano,Arteria Principal,Town or Township Highway Agency,1,Sin jurisdiccion especial,10,41.74712222,-88.20508889,Poste o otros soportes,El primer evento no fue una colision con un vehiculo automotor en transporte,Four-Way Intersection,Interseccion de 4 direcciones,En el medio,Ninguna,Dia total,Despejado,No,NO APLICA,10,3,10,10,1,20/10/2022,4
17,Illinois,170982,0,0,3,0,197,WILL (197),7000,PLAINFIELD,11,Noviembre,7,2022,8,0,CATON FARM RD,6,Calle Local Municipalidad,Urbano,Arteria Menor,City or Municipal Highway Agency,0,Sin jurisdiccion especial,99998,41.56536111,-88.17718889,Vehiculo en movimiento,Angulo,Not an Intersection,No fue interseccion,Sobre calle,Ninguna,Dia total,Despejado,No,NO APLICA,99,99,99,99,2,07/11/2022,5
17,Illinois,170983,0,0,1,0,201,WINNEBAGO (201),6830,ROCKTON,10,Octubre,26,2022,22,10,ROCKTON AVE,5,Calle Local - Pueblo,Urbano,Local,Town or Township Highway Agency,0,Sin jurisdiccion especial,99998,42.42578056,-89.09895556,Otro objeto (fijo),El primer evento no fue una colision con un vehiculo automotor en transporte,Not an Intersection,No fue interseccion,Sobre el lado de la calle,Ninguna,Oscuro - iluminacion desconocida,Despejado,No,NO APLICA,99,99,99,99,1,26/10/2022,1