Estado,Nombre de Estado,Numero de Caso,Peatones,Personas _no_vehiculos,Vehiculos automotores,Vehiculos estacionados,Condado,Nombre Condado,Ciudad,Nombre Ciudad,Mes,Nombre Mes,Dia,Año,Hora,Minuto,Calle,Ruta,Nombre Ruta,Rural o Urbanoo,Sistema Funcional,Dueño Calle,Sistema Nacional Carreteras,Jurisdiccion Especial,Milla,Latitud,Longitud,Causa del Accidente,Tipo de Accidente,Tipo Interseccion,Columna1,Lugar en la calle,Zona de Trabajo,Luz,Clima,Autobus Escolar,Cruce de Trenes,Hora Notificacion,Minuto Notificacion,Hora Llegada,Minuto Llegada,Decesos,Fecha,PersonaVehiculo
17,Illinois,170984,0,0,2,0,97,LAKE (97),9100,WAUKEGAN,10,Octubre,23,2022,1,40,SR-131,3,Highway estatal,Urbano,Arteria Menor,State Highway Agency,0,Sin jurisdiccion especial,33,42.41674167,-87.87763333,Vehiculo en movimiento,Frente a Detrás,Not an Intersection,No fue interseccion,Sobre calle,Ninguna,Oscuro - iluminacion desconocida,Despejado,No,NO APLICA,99,99,99,99,1,23/10/2022,2
17,Illinois,170985,1,1,1,0,31,COOK (31),6380,OAK FOREST,10,Octubre,28,2022,23,56,SR-50,3,Highway estatal,Urbano,Arteria Principal,State Highway Agency,1,Sin jurisdiccion especial,332,41.60877222,-87.73668611,Peaton,El primer evento no fue una colision con un vehiculo automotor en transporte,Not an Intersection,No fue interseccion,Sobre calle,Ninguna,Oscuro con iluminacion,Despejado,No,NO APLICA,23,56,99,99,1,28/10/2022,1
17,Illinois,170986,0,0,1,0,201,WINNEBAGO (201),7460,ROCKFORD,11,Noviembre,5,2022,7,40,ALPINE RD,6,Calle Local Municipalidad,Urbano,Arteria Principal,City or Municipal Highway Agency,1,Sin jurisdiccion especial,99998,42.25827222,-89.02901111,Arbol,El primer evento no fue una colision con un vehiculo automotor en transporte,Not an Intersection,No fue interseccion,Sobre el lado de la calle,Ninguna,Dia total,Despejado,No,NO APLICA,7,40,7,44,1,05/11/2022,1
17,Illinois,170987,0,0,1,0,121,MARION (121),1510,CENTRALIA,11,Noviembre,3,2022,1,10,SR-161,3,Highway estatal,Urbano,Arteria Menor,State Highway Agency,0,Sin jurisdiccion especial,551,38.52892778,-89.13388056,Otra no colicion,El primer evento no fue una colision con un vehiculo automotor en transporte,Four-Way Intersection,Interseccion de 4 direcciones,Sobre calle,Ninguna,Oscuro con iluminacion,Despejado,No,NO APLICA,99,99,99,99,1,03/11/2022,2
17,Illinois,170988,1,1,1,0,97,LAKE (97),6290,NORTH CHICAGO,11,Noviembre,10,2022,20,47,CR-W34 LEWIS AVE,4,Calle del Condado,Urbano,Arteria Menor,County Highway Agency,0,Sin jurisdiccion especial,0,42.32869167,-87.85593056,Peaton,El primer evento no fue una colision con un vehiculo automotor en transporte,T-Intersection,Interseccion de T,Sobre calle,Ninguna,Oscuro sin iluminacion,Despejado,No,NO APLICA,8,47,8,50,1,10/11/2022,1
17,Illinois,170989,0,0,4,0,167,SANGAMON (167),0,NO APLICA,11,Noviembre,8,2022,19,38,I-55,1,Interestatal,Urbano,Interestatal,State Highway Agency,1,Sin jurisdiccion especial,887,39.69391389,-89.64226111,Vehiculo en movimiento,Angulo,Not an Intersection,No fue interseccion,Sobre calle,Ninguna,Oscuro con iluminacion,Despejado,No,NO APLICA,19,40,19,47,1,08/11/2022,5
17,Illinois,170990,0,0,2,0,189,WASHINGTON (189),0,NO APLICA,11,Noviembre,1,2022,6,26,SR-127,3,Highway estatal,Rural,Arteria Principal,State Highway Agency,1,Sin jurisdiccion especial,155,38.30017222,-89.38066944,Vehiculo en movimiento,Angulo,Not an Intersection,No fue interseccion,Sobre calle,Ninguna,Oscuro - iluminacion desconocida,Neblina o Humo,No,NO APLICA,6,26,6,40,1,01/11/2022,2
17,Illinois,170991,0,0,2,0,19,CHAMPAIGN (19),1550,CHAMPAIGN,11,Noviembre,3,2022,4,45,I-57,1,Interestatal,Urbano,Interestatal,State Highway Agency,1,Sin jurisdiccion especial,188,40.13819444,-88.29275556,Vehiculo en movimiento,Angulo,Not an Intersection,No fue interseccion,Sobre calle,Ninguna,Dia total,Despejado,No,NO APLICA,4,47,5,0,1,03/11/2022,3
17,Illinois,170992,0,0,2,0,95,KNOX (95),3260,GALESBURG,11,Noviembre,3,2022,19,5,US-34,2,US Highway,Urbano,Arterial Principal -Freeway o ExpressWay,State Highway Agency,1,Sin jurisdiccion especial,469,40.98399722,-90.35938889,Vehiculo en movimiento,Frente a frente,Not an Intersection,No fue interseccion,Sobre calle,Ninguna,Oscuro - iluminacion desconocida,Despejado,No,NO APLICA,19,5,19,10,1,03/11/2022,6
17,Illinois,170993,0,0,2,0,31,COOK (31),1670,CHICAGO,11,Noviembre,10,2022,2,35,COTTAGE GROVE AVE,6,Calle Local Municipalidad,Urbano,Arteria Menor,City or Municipal Highway Agency,0,Sin jurisdiccion especial,99998,41.81136944,-87.60658611,Vehiculo en movimiento,Angulo,Four-Way Intersection,Interseccion de 4 direcciones,Sobre calle,Ninguna,Oscuro con iluminacion,Despejado,No,NO APLICA,2,35,2,36,1,10/11/2022,2
17,Illinois,170994,0,0,2,0,31,COOK (31),1670,CHICAGO,9,Septiembre,14,2022,17,48,HAMLIN AVE,6,Calle Local Municipalidad,Urbano,Local,City or Municipal Highway Agency,0,Sin jurisdiccion especial,99998,41.78511944,-87.71802778,Vehiculo en movimiento,Angulo,Four-Way Intersection,Interseccion de 4 direcciones,Sobre calle,Ninguna,Dia total,Despejado,No,NO APLICA,17,48,17,58,1,14/09/2022,6
17,Illinois,170995,0,0,3,0,163,ST. CLAIR (163),3200,FREEBURG,9,Septiembre,3,2022,16,18,CR-47,4,Calle del Condado,Urbano,Arteria Menor,Town or Township Highway Agency,0,Sin jurisdiccion especial,17,38.42472222,-89.93403056,Vehiculo en movimiento,Angulo,Not an Intersection,No fue interseccion,Sobre calle,Ninguna,Dia total,Despejado,No,NO APLICA,99,99,99,99,1,03/09/2022,6
17,Illinois,170996,0,0,2,0,161,ROCK ISLAND (161),2580,EAST MOLINE,10,Octubre,2,2022,0,47,KENNEDY DR,6,Calle Local Municipalidad,Urbano,Arteria Menor,City or Municipal Highway Agency,0,Sin jurisdiccion especial,99998,41.51073611,-90.45237222,Vehiculo en movimiento,Frente a frente,Not an Intersection,No fue interseccion,Sobre calle,Ninguna,Oscuro con iluminacion,Despejado,No,NO APLICA,0,48,0,54,2,02/10/2022,3
17,Illinois,170997,0,0,2,0,43,DUPAGE (43),1385,CAROL STREAM,10,Octubre,15,2022,15,12,CR-23,4,Calle del Condado,Urbano,Arteria Menor,Town or Township Highway Agency,0,Sin jurisdiccion especial,45,41.924625,-88.12055833,Vehiculo en movimiento,Angulo,Four-Way Intersection,Interseccion de 4 direcciones,Sobre calle,Ninguna,Dia total,Despejado,No,NO APLICA,99,99,99,99,1,15/10/2022,3
17,Illinois,170998,0,0,2,0,73,HENRY (73),0,NO APLICA,10,Octubre,28,2022,10,24,CR-10,4,Calle del Condado,Rural,Colector Menor,Town or Township Highway Agency,0,Sin jurisdiccion especial,99998,41.41301389,-90.396,Vehiculo en movimiento,Angulo,Four-Way Intersection,Interseccion de 4 direcciones,Sobre calle,Ninguna,Dia total,Despejado,No,NO APLICA,99,99,99,99,1,28/10/2022,3
17,Illinois,170999,1,1,1,0,119,MADISON (119),3550,GRANITE CITY,11,Noviembre,6,2022,7,40,MADISON AVE,6,Calle Local Municipalidad,Urbano,Arteria Menor,City or Municipal Highway Agency,0,Sin jurisdiccion especial,0,38.71448333,-90.12767222,Peaton,El primer evento no fue una colision con un vehiculo automotor en transporte,Four-Way Intersection,Interseccion de 4 direcciones,Sobre calle,Ninguna,Dia total,Despejado,No,NO APLICA,7,40,7,42,1,06/11/2022,1
17,Illinois,171000,0,0,2,0,89,KANE (89),460,AURORA,10,Octubre,8,2022,12,30,MANSFIELD,6,Calle Local Municipalidad,Urbano,Local,City or Municipal Highway Agency,0,Sin jurisdiccion especial,99998,41.782925,-88.26424444,Vehiculo en movimiento,Angulo,Four-Way Intersection,Interseccion de 4 direcciones,Sobre calle,Ninguna,Dia total,Despejado,No,NO APLICA,12,38,12,45,1,08/10/2022,4
17,Illinois,171001,0,0,1,0,31,COOK (31),3820,HAZEL CREST,11,Noviembre,8,2022,22,0,DIXIE HWY,8,Otro,Urbano,Arteria Menor,State Highway Agency,0,Sin jurisdiccion especial,99998,41.58075278,-87.66552778,Poste o otros soportes,El primer evento no fue una colision con un vehiculo automotor en transporte,Not an Intersection,No fue interseccion,Sobre el lado de la calle,Ninguna,Oscuro con iluminacion,Despejado,No,NO APLICA,22,8,22,15,2,08/11/2022,3
17,Illinois,171002,0,0,1,0,31,COOK (31),4860,LINCOLNWOOD,11,Noviembre,14,2022,3,54,TOUHY AVE,8,Otro,Urbano,Arteria Menor,State Highway Agency,0,Sin jurisdiccion especial,6,42.01178056,-87.73701111,Arbol,El primer evento no fue una colision con un vehiculo automotor en transporte,Not an Intersection,No fue interseccion,Sobre el lado de la calle,Ninguna,Oscuro con iluminacion,Despejado,No,NO APLICA,3,54,4,0,1,14/11/2022,1
17,Illinois,171003,0,0,1,0,161,ROCK ISLAND (161),3710,HAMPTON,11,Noviembre,7,2022,9,27,1ST ST,8,Otro,Urbano,Arteria Menor,State Highway Agency,0,Sin jurisdiccion especial,99998,41.50581944,-90.42486389,Volcadura,El primer evento no fue una colision con un vehiculo automotor en transporte,Not an Intersection,No fue interseccion,Sobre calle,Ninguna,Dia total,Despejado,No,NO APLICA,99,99,99,99,1,07/11/2022,3
17,Illinois,171004,0,0,1,0,189,WASHINGTON (189),4210,IRVINGTON,11,Noviembre,13,2022,12,42,TOWER RD,5,Calle Local - Pueblo,Rural,Local,Town or Township Highway Agency,0,Sin jurisdiccion especial,99998,38.43576667,-89.19126389,Volcadura,El primer evento no fue una colision con un vehiculo automotor en transporte,Not an Intersection,No fue interseccion,Sobre el lado de la calle,Ninguna,Dia total,Despejado,No,NO APLICA,99,99,99,99,1,13/11/2022,1
17,Illinois,171005,0,0,1,0,31,COOK (31),1670,CHICAGO,11,Noviembre,17,2022,0,47,STONY ISLAND AVE,8,Otro,Urbano,Arteria Principal,State Highway Agency,1,Sin jurisdiccion especial,99998,41.74692778,-87.58545278,Arbol,El primer evento no fue una colision con un vehiculo automotor en transporte,Not an Intersection,No fue interseccion,Sobre el lado de la calle,Ninguna,Oscuro con iluminacion,Despejado,No,NO APLICA,0,47,0,51,2,17/11/2022,2
17,Illinois,171006,0,0,2,0,43,DUPAGE (43),2440,DOWNERS GROVE,11,Noviembre,1,2022,12,18,I-55 NEB TO LEMONT,1,Interestatal,Urbano,Interestatal,State Highway Agency,1,Sin jurisdiccion especial,99998,41.71500833,-88.009525,Vehiculo en movimiento,Frente a Detrás,Not an Intersection,No fue interseccion,Sobre calle,Ninguna,Dia total,Despejado,No,NO APLICA,12,18,12,26,1,01/11/2022,2
17,Illinois,171007,0,0,2,0,97,LAKE (97),3580,GRAYSLAKE,11,Noviembre,4,2022,5,27,SR-120,3,Highway estatal,Urbano,Arteria Principal,State Highway Agency,1,Sin jurisdiccion especial,332,42.33663056,-88.02900833,Vehiculo en movimiento,Golpe Lateral - direccion contraria,Not an Intersection,No fue interseccion,Sobre calle,Ninguna,Oscuro con iluminacion,Despejado,No,NO APLICA,5,27,5,35,1,04/11/2022,3
17,Illinois,171008,1,1,1,0,31,COOK (31),3790,HARVEY,7,Julio,22,2022,22,3,SR-1,3,Highway estatal,Urbano,Arteria Principal,State Highway Agency,1,Sin jurisdiccion especial,10,41.58613611,-87.63640556,Peaton,El primer evento no fue una colision con un vehiculo automotor en transporte,Not an Intersection,No fue interseccion,Sobre calle,Ninguna,Oscuro - iluminacion desconocida,Despejado,No,NO APLICA,21,38,21,40,1,22/07/2022,3
17,Illinois,171009,0,0,1,0,31,COOK (31),2390,DOLTON,9,Septiembre,27,2022,18,4,MARTIN LUTHER KING DR,8,Otro,Urbano,Colector Mayor,State Highway Agency,0,Sin jurisdiccion especial,7,41.63896389,-87.60755833,Edificio,El primer evento no fue una colision con un vehiculo automotor en transporte,Not an Intersection,No fue interseccion,Sobre el lado de la calle,Ninguna,Dia total,Despejado,No,NO APLICA,18,8,18,8,1,27/09/2022,3
17,Illinois,171010,2,2,1,0,33,CRAWFORD (33),0,NO APLICA,11,Noviembre,10,2022,2,50,SR-33,3,Highway estatal,Rural,Arteria Menor,State Highway Agency,0,Sin jurisdiccion especial,285,38.87628333,-87.55969167,Peaton,El primer evento no fue una colision con un vehiculo automotor en transporte,Not an Intersection,No fue interseccion,Sobre calle,Ninguna,Oscuro - iluminacion desconocida,Despejado,No,NO APLICA,99,99,99,99,1,10/11/2022,1
17,Illinois,171011,0,0,2,0,199,WILLIAMSON (199),0,NO APLICA,11,Noviembre,8,2022,5,4,I-57,1,Interestatal,Urbano,Interestatal,State Highway Agency,1,Sin jurisdiccion especial,521,37.71749722,-88.95827778,Vehiculo en movimiento,Otro,Not an Intersection,No fue interseccion,Sobre calle,Ninguna,Oscuro - iluminacion desconocida,Despejado,No,NO APLICA,99,99,99,99,1,08/11/2022,2
17,Illinois,171012,0,0,2,0,37,DEKALB (37),5140,MALTA,11,Noviembre,14,2022,17,45,SR-38,3,Highway estatal,Rural,Arteria Principal,State Highway Agency,1,Sin jurisdiccion especial,29,41.935675,-88.88642222,Vehiculo en movimiento,Frente a Detrás,Not an Intersection,No fue interseccion,Sobre calle,Ninguna,Oscuro - iluminacion desconocida,Despejado,No,NO APLICA,99,99,99,99,1,14/11/2022,2
17,Illinois,171013,0,0,2,0,201,WINNEBAGO (201),7460,ROCKFORD,11,Noviembre,15,2022,3,55,SR-251,3,Highway estatal,Urbano,Arteria Menor,State Highway Agency,0,Sin jurisdiccion especial,0,42.18716389,-89.07206111,Vehiculo en movimiento,Angulo,Four-Way Intersection,Interseccion de 4 direcciones,Sobre calle,Ninguna,Oscuro con iluminacion,Despejado,No,NO APLICA,99,99,99,99,1,15/11/2022,2
17,Illinois,171014,0,0,2,0,31,COOK (31),512,BARRINGTON HILLS,11,Noviembre,4,2022,14,13,SR-68,3,Highway estatal,Urbano,Arteria Principal,State Highway Agency,1,Sin jurisdiccion especial,442,42.12758611,-88.15796389,Vehiculo en movimiento,Angulo,Four-Way Intersection,Interseccion de 4 direcciones,Sobre calle,Ninguna,Dia total,lluvia,No,NO APLICA,99,99,99,99,1,04/11/2022,3
17,Illinois,171015,0,0,2,0,201,WINNEBAGO (201),5000,LOVES PARK,11,Noviembre,14,2022,12,22,CR-7,4,Calle del Condado,Urbano,Arteria Principal,Town or Township Highway Agency,1,Sin jurisdiccion especial,99998,42.29845556,-89.05504444,Vehiculo en movimiento,Otro,Four-Way Intersection,Interseccion de 4 direcciones,Sobre calle,Ninguna,Dia total,Despejado,No,NO APLICA,99,99,99,99,1,14/11/2022,2
17,Illinois,171016,0,0,1,0,143,PEORIA (143),1000,BRIMFIELD,11,Noviembre,13,2022,14,55,I-74,1,Interestatal,Rural,Interestatal,State Highway Agency,1,Sin jurisdiccion especial,708,40.85131944,-89.93415556,Poste,El primer evento no fue una colision con un vehiculo automotor en transporte,Not an Intersection,No fue interseccion,Sobre el lado de la calle,Ninguna,Dia total,Despejado,No,NO APLICA,99,99,99,99,1,13/11/2022,1
17,Illinois,171017,0,0,1,0,197,WILL (197),0,NO APLICA,11,Noviembre,16,2022,13,57,CR-24,4,Calle del Condado,Urbano,Colector Mayor,Town or Township Highway Agency,0,Sin jurisdiccion especial,99998,41.3411,-87.58258611,Poste,El primer evento no fue una colision con un vehiculo automotor en transporte,Not an Intersection,No fue interseccion,Sobre el lado de la calle,Ninguna,Dia total,Nieve,No,NO APLICA,99,99,99,99,1,16/11/2022,1
17,Illinois,171018,1,1,1,0,31,COOK (31),1670,CHICAGO,11,Noviembre,21,2022,20,33,PULASKI RD,8,Otro,Urbano,Arteria Menor,State Highway Agency,0,Sin jurisdiccion especial,99998,41.87003333,-87.72531111,Peaton,El primer evento no fue una colision con un vehiculo automotor en transporte,T-Intersection,Interseccion de T,Sobre calle,Ninguna,Oscuro con iluminacion,Despejado,No,NO APLICA,99,99,20,42,1,21/11/2022,1
17,Illinois,171019,0,0,1,0,77,JACKSON (77),1350,CARBONDALE,11,Noviembre,19,2022,22,56,OLD HWY 13,8,Otro,Urbano,Arteria Menor,State Highway Agency,0,Sin jurisdiccion especial,99998,37.73739722,-89.15210278,Volcadura,El primer evento no fue una colision con un vehiculo automotor en transporte,Not an Intersection,No fue interseccion,Sobre el lado de la calle,Ninguna,Oscuro - iluminacion desconocida,Despejado,No,NO APLICA,22,56,23,0,1,19/11/2022,1
17,Illinois,171020,0,0,1,0,201,WINNEBAGO (201),7460,ROCKFORD,11,Noviembre,22,2022,1,11,FAIRVIEW AVE,6,Calle Local Municipalidad,Urbano,Arteria Menor,City or Municipal Highway Agency,0,Sin jurisdiccion especial,99998,42.26058611,-89.04250278,Arbol,El primer evento no fue una colision con un vehiculo automotor en transporte,Not an Intersection,No fue interseccion,Sobre el lado de la calle,Ninguna,Oscuro con iluminacion,Despejado,No,NO APLICA,1,11,1,17,1,22/11/2022,1
17,Illinois,171021,1,1,1,0,31,COOK (31),1670,CHICAGO,11,Noviembre,23,2022,6,41,CALIFORNIA AVE,5,Calle Local - Pueblo,Urbano,Colector Mayor,Town or Township Highway Agency,0,Sin jurisdiccion especial,54,41.80922222,-87.694225,Peaton,El primer evento no fue una colision con un vehiculo automotor en transporte,Not an Intersection,No fue interseccion,Sobre calle,Ninguna,Dia total,Despejado,No,NO APLICA,99,99,6,44,1,23/11/2022,1
17,Illinois,171022,1,1,1,0,187,WARREN (187),5700,MONMOUTH,11,Noviembre,23,2022,22,14,US-34,2,US Highway,Urbano,Arterial Principal -Freeway o ExpressWay,State Highway Agency,1,Sin jurisdiccion especial,1,40.92531667,-90.64704167,Peaton,El primer evento no fue una colision con un vehiculo automotor en transporte,Not an Intersection,No fue interseccion,Sobre calle,Ninguna,Oscuro con iluminacion,Despejado,No,NO APLICA,22,15,22,16,1,23/11/2022,1
17,Illinois,171023,0,0,1,0,163,ST. CLAIR (163),1495,CENTREVILLE,11,Noviembre,23,2022,3,8,I-255,1,Interestatal,Urbano,Interestatal,State Highway Agency,1,Sin jurisdiccion especial,138,38.58970833,-90.09532778,Barda,El primer evento no fue una colision con un vehiculo automotor en transporte,Not an Intersection,No fue interseccion,Sobre el lado de la calle,Ninguna,Oscuro con iluminacion,Despejado,No,NO APLICA,3,9,3,39,1,23/11/2022,2
17,Illinois,171024,1,1,8,0,31,COOK (31),1670,CHICAGO,11,Noviembre,23,2022,17,0,87TH ST,6,Calle Local Municipalidad,Urbano,Arteria Menor,City or Municipal Highway Agency,0,Sin jurisdiccion especial,99998,41.736675,-87.604825,Vehiculo en movimiento,Angulo,Four-Way Intersection,Interseccion de 4 direcciones,Sobre calle,Ninguna,Atardecer,Despejado,No,NO APLICA,17,0,17,3,2,23/11/2022,16
17,Illinois,171025,0,0,2,0,31,COOK (31),7100,POSEN,10,Octubre,8,2022,22,52,KEDZIE AVE,5,Calle Local - Pueblo,Urbano,Arteria Menor,Town or Township Highway Agency,0,Sin jurisdiccion especial,256,41.62241389,-87.69819167,Vehiculo en movimiento,Frente a frente,Not an Intersection,No fue interseccion,Sobre calle,Ninguna,Oscuro - iluminacion desconocida,Despejado,No,NO APLICA,22,52,22,56,1,08/10/2022,2
17,Illinois,171026,0,0,5,2,31,COOK (31),1670,CHICAGO,11,Noviembre,20,2022,19,55,MICHIGAN AVE,8,Otro,Urbano,Arteria Menor,State Highway Agency,0,Sin jurisdiccion especial,99998,41.86385,-87.62408333,Vehiculo en movimiento,Angulo,Not an Intersection,No fue interseccion,Sobre calle,Ninguna,Oscuro con iluminacion,Despejado,No,NO APLICA,99,99,20,3,1,20/11/2022,7
17,Illinois,171027,0,0,2,0,203,WOODFORD (203),0,NO APLICA,11,Noviembre,16,2022,7,17,US-24,2,US Highway,Rural,Arteria Principal,State Highway Agency,1,Sin jurisdiccion especial,5,40.72029722,-89.32295833,Vehiculo en movimiento,Angulo,Not an Intersection,No fue interseccion,Sobre calle,Ninguna,Amanecer,Nieve,No,NO APLICA,7,20,7,23,1,16/11/2022,2
17,Illinois,171028,0,0,2,0,161,ROCK ISLAND (161),7470,ROCK ISLAND,11,Noviembre,1,2022,15,56,SR-92 OFF RAMP TO US67 W,3,Highway estatal,Urbano,Arterial Principal -Freeway o ExpressWay,State Highway Agency,1,Sin jurisdiccion especial,0,41.51084444,-90.58071389,Vehiculo en movimiento,Frente a Detrás,Not an Intersection,No fue interseccion,Sobre calle,Ninguna,Dia total,Despejado,No,NO APLICA,15,56,16,0,1,01/11/2022,4
17,Illinois,171029,0,0,3,0,89,KANE (89),0,NO APLICA,11,Noviembre,19,2022,0,48,CR-22,4,Calle del Condado,Urbano,Arteria Menor,Town or Township Highway Agency,0,Sin jurisdiccion especial,13,42.05001944,-88.43935278,Vehiculo en movimiento,Frente a frente,Not an Intersection,No fue interseccion,Sobre calle,Ninguna,Oscuro - iluminacion desconocida,Despejado,No,NO APLICA,0,48,0,57,1,19/11/2022,4
17,Illinois,171030,0,0,2,0,83,JERSEY (83),3007,FIDELITY,11,Noviembre,21,2022,14,23,CR-3,4,Calle del Condado,Rural,Local,Town or Township Highway Agency,0,Sin jurisdiccion especial,6,39.10778056,-90.16451667,Vehiculo en movimiento,Angulo,Not an Intersection,No fue interseccion,Sobre calle,Ninguna,Dia total,Despejado,No,NO APLICA,14,23,14,45,1,21/11/2022,3
17,Illinois,171031,0,0,3,0,31,COOK (31),0,NO APLICA,11,Noviembre,10,2022,15,51,I-294,1,Interestatal,Urbano,Interestatal,State Highway Agency,1,Sin jurisdiccion especial,445,41.62728333,-87.69201944,Final Destination ( Vehiculo es golpeado por carga o otro objeto puesto en movimiento por otro vehiculo en movimiento),Otro,Not an Intersection,No fue interseccion,Sobre calle,Ninguna,Dia total,Despejado,No,NO APLICA,15,51,16,4,1,10/11/2022,4
17,Illinois,171032,0,0,3,0,133,MONROE (133),0,NO APLICA,11,Noviembre,7,2022,8,54,I-255,1,Interestatal,Urbano,Interestatal,State Highway Agency,1,Sin jurisdiccion especial,25,38.47371667,-90.23181389,Vehiculo en movimiento,Angulo,Not an Intersection,No fue interseccion,Sobre calle,Ninguna,Dia total,Despejado,No,NO APLICA,99,99,99,99,1,07/11/2022,4
17,Illinois,171033,1,1,1,0,31,COOK (31),1670,CHICAGO,10,Octubre,14,2022,1,28,87TH,6,Calle Local Municipalidad,Urbano,Arteria Menor,City or Municipal Highway Agency,0,Sin jurisdiccion especial,3,41.73645,-87.61971944,Peaton,El primer evento no fue una colision con un vehiculo automotor en transporte,Not an Intersection,No fue interseccion,Sobre calle,Ninguna,Oscuro con iluminacion,Despejado,No,NO APLICA,0,0,0,0,1,14/10/2022,1
17,Illinois,171034,0,0,2,0,201,WINNEBAGO (201),7460,ROCKFORD,11,Noviembre,7,2022,23,21,PIERPONT AVE,6,Calle Local Municipalidad,Urbano,Colector Menor,City or Municipal Highway Agency,0,Sin jurisdiccion especial,0,42.251925,-89.13479444,Vehiculo en movimiento,Frente a frente,Not an Intersection,No fue interseccion,Sobre calle,Ninguna,Oscuro sin iluminacion,Despejado,No,NO APLICA,23,21,23,28,1,07/11/2022,2
17,Illinois,171035,2,2,1,0,31,COOK (31),2330,DES PLAINES,11,Noviembre,27,2022,12,15,US-14,2,US Highway,Urbano,Arteria Menor,State Highway Agency,0,Sin jurisdiccion especial,72,42.05284167,-87.91283889,Peaton,El primer evento no fue una colision con un vehiculo automotor en transporte,Not an Intersection,No fue interseccion,Sobre el lado de la calle,Ninguna,Dia total,lluvia,No,NO APLICA,12,16,12,20,2,27/11/2022,3
17,Illinois,171036,0,0,1,0,31,COOK (31),1670,CHICAGO,11,Noviembre,28,2022,16,50,ARCHER AVE,8,Otro,Urbano,Colector Mayor,State Highway Agency,0,Sin jurisdiccion especial,99998,41.85117778,-87.63831944,Banqueta,El primer evento no fue una colision con un vehiculo automotor en transporte,Not an Intersection,No fue interseccion,Sobre el lado de la calle,Ninguna,Oscuro con iluminacion,Despejado,No,NO APLICA,99,99,99,99,1,28/11/2022,2
17,Illinois,171037,0,0,1,0,97,LAKE (97),9650,ZION,11,Noviembre,24,2022,21,32,SR-137,3,Highway estatal,Urbano,Arteria Principal,State Highway Agency,1,Sin jurisdiccion especial,32,42.44681667,-87.82550278,Arbol,El primer evento no fue una colision con un vehiculo automotor en transporte,Not an Intersection,No fue interseccion,Sobre el lado de la calle,Ninguna,Oscuro con iluminacion,Despejado,No,NO APLICA,99,99,99,99,1,24/11/2022,2
17,Illinois,171038,0,0,3,0,31,COOK (31),8300,STICKNEY,11,Noviembre,21,2022,8,45,I-55,1,Interestatal,Urbano,Interestatal,State Highway Agency,1,Sin jurisdiccion especial,2854,41.80962778,-87.76734444,Vehiculo en movimiento,Golpe Lateral - misma direccion,Not an Intersection,No fue interseccion,Sobre calle,Ninguna,Dia total,Despejado,No,NO APLICA,99,99,99,99,1,21/11/2022,5
17,Illinois,171039,1,7,3,2,31,COOK (31),1670,CHICAGO,11,Noviembre,6,2022,21,24,I-94,1,Interestatal,Urbano,Interestatal,State Highway Agency,1,Sin jurisdiccion especial,652,41.70528611,-87.591525,Peaton,El primer evento no fue una colision con un vehiculo automotor en transporte,Not an Intersection,No fue interseccion,Sobre Acotamiento,Ninguna,Oscuro con iluminacion,Despejado,No,NO APLICA,21,26,21,30,1,06/11/2022,2
17,Illinois,171040,0,0,4,0,165,SALINE (165),0,NO APLICA,11,Noviembre,15,2022,7,29,SR-34,3,Highway estatal,Rural,Arteria Menor,State Highway Agency,0,Sin jurisdiccion especial,12,37.87926944,-88.691175,Vehiculo en movimiento,Golpe Lateral - direccion contraria,Not an Intersection,No fue interseccion,Sobre calle,Ninguna,Amanecer,lluvia,No,NO APLICA,7,33,7,38,1,15/11/2022,5
17,Illinois,171041,0,0,3,0,113,MCLEAN (113),0,NO APLICA,11,Noviembre,18,2022,15,48,I-74,1,Interestatal,Rural,Interestatal,State Highway Agency,1,Sin jurisdiccion especial,202,40.29683611,-88.70757222,Vehiculo en movimiento,Golpe Lateral - misma direccion,Not an Intersection,No fue interseccion,Sobre calle,Ninguna,Dia total,Despejado,No,NO APLICA,15,48,16,0,1,18/11/2022,5
17,Illinois,171042,0,0,3,0,5,BOND (5),0,NO APLICA,11,Noviembre,25,2022,16,18,SR-127,3,Highway estatal,Rural,Arteria Menor,State Highway Agency,0,Sin jurisdiccion especial,200,38.78644167,-89.37156111,Vehiculo en movimiento,Angulo,Not an Intersection,No fue interseccion,Sobre calle,Ninguna,Oscuro - iluminacion desconocida,Despejado,No,NO APLICA,16,18,16,23,1,25/11/2022,6
17,Illinois,171043,0,0,1,0,71,HENDERSON (71),0,NO APLICA,11,Noviembre,7,2022,7,41,1400E,5,Calle Local - Pueblo,Rural,Local,Town or Township Highway Agency,0,Sin jurisdiccion especial,0,40.76553333,-90.92316389,Barda,El primer evento no fue una colision con un vehiculo automotor en transporte,Not an Intersection,No fue interseccion,Sobre el lado de la calle,Ninguna,Oscuro sin iluminacion,Despejado,No,NO APLICA,99,99,99,99,1,07/11/2022,1
17,Illinois,171044,0,0,5,0,31,COOK (31),1670,CHICAGO,11,Noviembre,25,2022,23,25,I-90,1,Interestatal,Urbano,Interestatal,State Highway Agency,1,Sin jurisdiccion especial,233,41.91422222,-87.66739167,Vehiculo en movimiento,Frente a frente,Not an Intersection,No fue interseccion,Sobre calle,Ninguna,Oscuro con iluminacion,Despejado,No,NO APLICA,23,27,23,30,1,25/11/2022,8