Estado,Nombre de Estado,Numero de Caso,Peatones,Personas _no_vehiculos,Vehiculos automotores,Vehiculos estacionados,Condado,Nombre Condado,Ciudad,Nombre Ciudad,Mes,Nombre Mes,Dia,Año,Hora,Minuto,Calle,Ruta,Nombre Ruta,Rural o Urbanoo,Sistema Funcional,Dueño Calle,Sistema Nacional Carreteras,Jurisdiccion Especial,Milla,Latitud,Longitud,Causa del Accidente,Tipo de Accidente,Tipo Interseccion,Columna1,Lugar en la calle,Zona de Trabajo,Luz,Clima,Autobus Escolar,Cruce de Trenes,Hora Notificacion,Minuto Notificacion,Hora Llegada,Minuto Llegada,Decesos,Fecha,PersonaVehiculo
17,Illinois,171045,0,0,3,0,31,COOK (31),2390,DOLTON,11,Noviembre,2,2022,6,27,SR-83,3,Highway estatal,Urbano,Arteria Principal,State Highway Agency,1,Sin jurisdiccion especial,28,41.62264167,-87.62713333,Vehiculo en movimiento,Angulo,Not an Intersection,No fue interseccion,Sobre calle,Ninguna,Dia total,Despejado,No,NO APLICA,6,27,6,27,1,02/11/2022,3
17,Illinois,171046,0,0,5,0,31,COOK (31),5280,MARKHAM,11,Noviembre,25,2022,22,21,KEDZIE,5,Calle Local - Pueblo,Urbano,Arteria Menor,Town or Township Highway Agency,0,Sin jurisdiccion especial,99998,41.58642778,-87.69451667,Vehiculo en movimiento,Frente a Detrás,Four-Way Intersection,Interseccion de 4 direcciones,Sobre calle,Ninguna,Oscuro con iluminacion,Despejado,No,NO APLICA,22,21,22,25,1,25/11/2022,7
17,Illinois,171047,0,0,2,0,15,CARROLL (15),0,NO APLICA,11,Noviembre,3,2022,16,25,SR-78,3,Highway estatal,Rural,Arteria Menor,State Highway Agency,0,Sin jurisdiccion especial,1738,41.98920278,-89.98835278,Vehiculo en movimiento,Angulo,Four-Way Intersection,Interseccion de 4 direcciones,Sobre calle,Ninguna,Dia total,Despejado,No,NO APLICA,4,27,4,44,1,03/11/2022,2
17,Illinois,171048,0,0,3,0,37,DEKALB (37),3310,GENOA,11,Noviembre,28,2022,7,56,SR-23,3,Highway estatal,Rural,Arteria Principal,State Highway Agency,1,Sin jurisdiccion especial,82,42.06340556,-88.68424444,Vehiculo en movimiento,Angulo,Not an Intersection,No fue interseccion,Sobre calle,Ninguna,Dia total,Despejado,No,NO APLICA,99,99,99,99,2,28/11/2022,8
17,Illinois,171049,0,0,3,0,163,ST. CLAIR (163),670,BELLEVILLE,11,Noviembre,30,2022,18,41,SR-161,3,Highway estatal,Urbano,Arteria Principal,State Highway Agency,1,Sin jurisdiccion especial,84,38.51730556,-89.95231111,Vehiculo en movimiento,Frente a frente,T-Intersection,Interseccion de T,Sobre calle,Ninguna,Oscuro con iluminacion,Despejado,No,NO APLICA,99,99,99,99,1,30/11/2022,6
17,Illinois,171050,0,2,2,1,31,COOK (31),8270,STEGER,11,Noviembre,14,2022,0,45,SR-394,3,Highway estatal,Urbano,Arteria Principal,State Highway Agency,1,Sin jurisdiccion especial,74,41.47576389,-87.57741389,Vehiculo Aparcado,El primer evento no fue una colision con un vehiculo automotor en transporte,Not an Intersection,No fue interseccion,Sobre calle,Ninguna,Oscuro - iluminacion desconocida,Despejado,No,NO APLICA,0,47,0,52,1,14/11/2022,2
17,Illinois,171051,0,0,2,0,31,COOK (31),3430,GLENVIEW,11,Noviembre,23,2022,14,9,MILLER DR,6,Calle Local Municipalidad,Urbano,Local,City or Municipal Highway Agency,0,Sin jurisdiccion especial,99998,42.10345,-87.84906667,Vehiculo en movimiento,Angulo,Four-Way Intersection,Interseccion de 4 direcciones,Sobre calle,Ninguna,Dia total,Despejado,No,NO APLICA,2,9,2,13,1,23/11/2022,3
17,Illinois,171052,0,0,2,0,143,PEORIA (143),6850,PEORIA,11,Noviembre,30,2022,16,21,ORANGE PRAIRIE RD,6,Calle Local Municipalidad,Urbano,Local,City or Municipal Highway Agency,0,Sin jurisdiccion especial,99998,40.78217222,-89.67912778,Vehiculo en movimiento,Angulo,T-Intersection,Interseccion de T,Sobre calle,Ninguna,Dia total,Despejado,No,NO APLICA,99,99,99,99,1,30/11/2022,2
17,Illinois,171053,0,0,2,0,179,TAZEWELL (179),5780,MORTON,11,Noviembre,29,2022,14,19,CR-3,4,Calle del Condado,Rural,Arteria Menor,Town or Township Highway Agency,0,Sin jurisdiccion especial,99998,40.62852778,-89.40364167,Vehiculo en movimiento,Angulo,Four-Way Intersection,Interseccion de 4 direcciones,Sobre calle,Ninguna,Dia total,Despejado,No,NO APLICA,99,99,99,99,2,29/11/2022,5
17,Illinois,171054,0,0,2,0,31,COOK (31),1030,BROADVIEW,11,Noviembre,10,2022,10,7,25TH AVE,8,Otro,Urbano,Arteria Menor,State Highway Agency,0,Sin jurisdiccion especial,99998,41.86928889,-87.86307778,Vehiculo en movimiento,Frente a Detrás,Four-Way Intersection,Interseccion de 4 direcciones,Sobre calle,Ninguna,Dia total,Despejado,No,NO APLICA,99,99,99,99,1,10/11/2022,2
17,Illinois,171055,0,0,2,0,143,PEORIA (143),6850,PEORIA,11,Noviembre,16,2022,17,0,CR-D37,4,Calle del Condado,Urbano,Arteria Menor,City or Municipal Highway Agency,0,Sin jurisdiccion especial,99998,40.76510556,-89.61210556,Vehiculo en movimiento,Angulo,Not an Intersection,No fue interseccion,Sobre calle,Ninguna,Oscuro - iluminacion desconocida,Nieve,No,NO APLICA,99,99,99,99,1,16/11/2022,2
17,Illinois,171056,1,1,1,0,31,COOK (31),980,BRIDGEVIEW,11,Noviembre,28,2022,18,45,SR-43,3,Highway estatal,Urbano,Arteria Principal,State Highway Agency,1,Sin jurisdiccion especial,292,41.74438056,-87.79955556,Peaton,El primer evento no fue una colision con un vehiculo automotor en transporte,Not an Intersection,No fue interseccion,Sobre calle,Ninguna,Oscuro con iluminacion,Despejado,No,NO APLICA,18,45,18,49,1,28/11/2022,1
17,Illinois,171057,1,1,1,0,143,PEORIA (143),6850,PEORIA,11,Noviembre,30,2022,18,10,JEFFERSON,6,Calle Local Municipalidad,Urbano,Arteria Menor,City or Municipal Highway Agency,0,Sin jurisdiccion especial,9,40.69143056,-89.592775,Peaton,El primer evento no fue una colision con un vehiculo automotor en transporte,Not an Intersection,No fue interseccion,Sobre calle,Ninguna,Oscuro con iluminacion,Despejado,No,NO APLICA,18,11,18,14,1,30/11/2022,1
17,Illinois,171058,1,1,1,0,113,MCLEAN (113),840,BLOOMINGTON,11,Noviembre,30,2022,21,0,US-51,2,US Highway,Urbano,Arterial Principal -Freeway o ExpressWay,State Highway Agency,1,Sin jurisdiccion especial,2600,40.42974444,-88.99049722,Peaton,El primer evento no fue una colision con un vehiculo automotor en transporte,Four-Way Intersection,Interseccion de 4 direcciones,Sobre calle,Ninguna,Oscuro - iluminacion desconocida,Despejado,No,NO APLICA,21,0,21,5,1,30/11/2022,1
17,Illinois,171059,1,1,1,0,31,COOK (31),1270,CALUMET PARK,11,Noviembre,17,2022,6,1,127TH,8,Otro,Urbano,Arteria Principal,State Highway Agency,1,Sin jurisdiccion especial,99998,41.66297778,-87.65849167,Peaton,El primer evento no fue una colision con un vehiculo automotor en transporte,Not an Intersection,No fue interseccion,Sobre calle,Ninguna,Amanecer,Despejado,No,NO APLICA,6,1,6,3,1,17/11/2022,1
17,Illinois,171060,1,1,1,0,43,DUPAGE (43),2440,DOWNERS GROVE,11,Noviembre,12,2022,17,26,I-55,1,Interestatal,Urbano,Interestatal,State Highway Agency,1,Sin jurisdiccion especial,2699,41.70790278,-88.02375833,Peaton,El primer evento no fue una colision con un vehiculo automotor en transporte,Not an Intersection,No fue interseccion,Sobre calle,Ninguna,Oscuro - iluminacion desconocida,Despejado,No,NO APLICA,17,35,17,45,1,12/11/2022,1
17,Illinois,171061,1,1,1,0,163,ST. CLAIR (163),2610,EAST SAINT LOUIS,11,Noviembre,30,2022,3,48,SR-157,3,Highway estatal,Urbano,Arteria Principal,State Highway Agency,1,Sin jurisdiccion especial,6,38.59683056,-90.05415833,Peaton,El primer evento no fue una colision con un vehiculo automotor en transporte,T-Intersection,Interseccion de T,Sobre calle,Ninguna,Oscuro con iluminacion,lluvia,No,NO APLICA,99,99,99,99,1,30/11/2022,1
17,Illinois,171062,0,0,4,0,31,COOK (31),1670,CHICAGO,11,Noviembre,19,2022,23,48,PULASKI RD,8,Otro,Urbano,Arteria Principal,State Highway Agency,0,Sin jurisdiccion especial,99998,41.76775556,-87.72248611,Vehiculo en movimiento,Angulo,Four-Way Intersection,Interseccion de 4 direcciones,Sobre calle,Ninguna,Oscuro con iluminacion,Despejado,No,NO APLICA,23,55,0,3,1,19/11/2022,5
17,Illinois,171063,1,1,1,0,31,COOK (31),1670,CHICAGO,11,Noviembre,20,2022,17,35,105TH ST,6,Calle Local Municipalidad,Urbano,Local,City or Municipal Highway Agency,0,Sin jurisdiccion especial,99998,41.70456667,-87.53568333,Peaton,El primer evento no fue una colision con un vehiculo automotor en transporte,Four-Way Intersection,Interseccion de 4 direcciones,Sobre calle,Ninguna,Oscuro - iluminacion desconocida,Despejado,No,NO APLICA,99,99,99,99,1,20/11/2022,1
17,Illinois,171064,0,0,1,0,31,COOK (31),6610,ORLAND PARK,11,Noviembre,21,2022,11,5,88TH AVE,6,Calle Local Municipalidad,Urbano,Local,City or Municipal Highway Agency,0,Sin jurisdiccion especial,99998,41.62893333,-87.83414444,Arbol,El primer evento no fue una colision con un vehiculo automotor en transporte,Not an Intersection,No fue interseccion,Sobre el lado de la calle,Ninguna,Dia total,Despejado,No,NO APLICA,11,7,11,9,1,21/11/2022,1
17,Illinois,171065,1,1,1,0,31,COOK (31),1670,CHICAGO,11,Noviembre,25,2022,17,37,SR-19,3,Highway estatal,Urbano,Arteria Principal,State Highway Agency,1,Sin jurisdiccion especial,78,41.9531,-87.77360556,Peaton,El primer evento no fue una colision con un vehiculo automotor en transporte,Not an Intersection,No fue interseccion,Sobre calle,Ninguna,Oscuro con iluminacion,Despejado,No,NO APLICA,99,99,99,99,1,25/11/2022,1
17,Illinois,171066,0,0,1,0,195,WHITESIDE (195),0,NO APLICA,11,Noviembre,23,2022,13,32,CROSBY RD,5,Calle Local - Pueblo,Rural,Local,Town or Township Highway Agency,0,Sin jurisdiccion especial,99998,41.82458056,-89.96735278,Volcadura,El primer evento no fue una colision con un vehiculo automotor en transporte,Not an Intersection,No fue interseccion,Sobre el lado de la calle,Ninguna,Dia total,Despejado,No,NO APLICA,13,32,13,37,1,23/11/2022,1
17,Illinois,171067,0,0,4,0,57,FULTON (57),0,NO APLICA,11,Noviembre,23,2022,10,54,US-136,2,US Highway,Rural,Arteria Principal,State Highway Agency,1,Sin jurisdiccion especial,212,40.30246111,-90.1225,Vehiculo en movimiento,Golpe Lateral - direccion contraria,Not an Intersection,No fue interseccion,Sobre calle,Ninguna,Dia total,Despejado,No,NO APLICA,10,54,11,10,1,23/11/2022,6
17,Illinois,171068,0,0,1,0,111,MCHENRY (111),0,NO APLICA,11,Noviembre,14,2022,0,19,FOX LAKE RD,5,Calle Local - Pueblo,Urbano,Colector Mayor,Town or Township Highway Agency,0,Sin jurisdiccion especial,0,42.41474167,-88.20598889,Buzon de correo,El primer evento no fue una colision con un vehiculo automotor en transporte,Not an Intersection,No fue interseccion,Sobre el lado de la calle,Ninguna,Oscuro sin iluminacion,Despejado,No,NO APLICA,99,99,99,99,1,14/11/2022,1
17,Illinois,171069,0,0,1,0,167,SANGAMON (167),7945,SHERMAN,11,Noviembre,17,2022,17,3,SHERMAN BLVD,8,Otro,Urbano,Arteria Principal,State Highway Agency,1,Sin jurisdiccion especial,115,39.88775,-89.60930556,Otro objeto (fijo),El primer evento no fue una colision con un vehiculo automotor en transporte,Not an Intersection,No fue interseccion,Sobre el lado de la calle,Ninguna,Atardecer,Despejado,No,NO APLICA,17,3,17,17,1,17/11/2022,1
17,Illinois,171070,2,2,2,0,31,COOK (31),1670,CHICAGO,6,Junio,9,2022,8,18,W LELAND AVE,6,Calle Local Municipalidad,Urbano,Local,City or Municipal Highway Agency,0,Sin jurisdiccion especial,99998,41.96719167,-87.65764167,Ciclista,El primer evento no fue una colision con un vehiculo automotor en transporte,Four-Way Intersection,Interseccion de 4 direcciones,Sobre calle,Ninguna,Dia total,Despejado,No,NO APLICA,8,18,8,23,1,09/06/2022,1
17,Illinois,171071,0,0,1,0,31,COOK (31),1670,CHICAGO,12,Diciembre,29,2022,2,9,I-90,1,Interestatal,Urbano,Interestatal,State Highway Agency,1,Sin jurisdiccion especial,197,41.94686389,-87.71917778,Valla para choques,El primer evento no fue una colision con un vehiculo automotor en transporte,Not an Intersection,No fue interseccion,Sobre el lado de la calle,Ninguna,Oscuro con iluminacion,Despejado,No,NO APLICA,2,10,2,15,2,29/12/2022,2
17,Illinois,171072,0,0,1,0,167,SANGAMON (167),8220,SPRINGFIELD,6,Junio,18,2022,19,5,S 11TH ST,8,Otro,Urbano,Arteria Menor,City or Municipal Highway Agency,0,Sin jurisdiccion especial,50,39.76706944,-89.64051667,Arbol,El primer evento no fue una colision con un vehiculo automotor en transporte,Not an Intersection,No fue interseccion,Sobre el lado de la calle,Ninguna,Dia total,Despejado,No,NO APLICA,19,5,19,15,1,18/06/2022,2
17,Illinois,171073,1,1,1,0,43,DUPAGE (43),2440,DOWNERS GROVE,12,Diciembre,31,2022,19,46,63RD ST,8,Otro,Urbano,Arteria Menor,County Highway Agency,0,Sin jurisdiccion especial,6,41.77241944,-88.03679444,Peaton,El primer evento no fue una colision con un vehiculo automotor en transporte,Four-Way Intersection,Interseccion de 4 direcciones,Sobre calle,Ninguna,Oscuro con iluminacion,Despejado,No,NO APLICA,19,46,19,53,1,31/12/2022,1
17,Illinois,171074,0,0,1,0,141,OGLE (141),0,NO APLICA,12,Diciembre,28,2022,16,19,I-39,1,Interestatal,Rural,Interestatal,State Highway Agency,1,Sin jurisdiccion especial,106,42.04335833,-89.0206,Poste o otros soportes,El primer evento no fue una colision con un vehiculo automotor en transporte,Not an Intersection,No fue interseccion,Sobre el lado de la calle,Ninguna,Dia total,Despejado,No,NO APLICA,16,19,16,33,1,28/12/2022,1
17,Illinois,171075,0,0,1,0,113,MCLEAN (113),840,BLOOMINGTON,12,Diciembre,9,2022,19,1,IRELAND GROVE RD,8,Otro,Urbano,Arteria Menor,City or Municipal Highway Agency,0,Sin jurisdiccion especial,6,40.45890278,-88.94784722,Barrera de Trafico de Concreto,El primer evento no fue una colision con un vehiculo automotor en transporte,Not an Intersection,No fue interseccion,Sobre el lado de la calle,Ninguna,Oscuro con iluminacion,lluvia,No,NO APLICA,99,99,99,99,1,09/12/2022,1
17,Illinois,171076,3,3,1,0,97,LAKE (97),9100,WAUKEGAN,7,Julio,31,2022,21,32,W CRESCENT AVE,8,Otro,Urbano,Colector Mayor,City or Municipal Highway Agency,0,Sin jurisdiccion especial,3,42.37668611,-87.87689444,Peaton,El primer evento no fue una colision con un vehiculo automotor en transporte,Not an Intersection,No fue interseccion,Sobre Acotamiento,Ninguna,Oscuro sin iluminacion,Despejado,No,NO APLICA,21,34,21,41,1,31/07/2022,1
17,Illinois,171077,0,0,1,0,31,COOK (31),1670,CHICAGO,12,Diciembre,30,2022,2,29,S PERRY AVE,6,Calle Local Municipalidad,Urbano,Local,City or Municipal Highway Agency,0,Sin jurisdiccion especial,5,41.69495556,-87.62548056,Arbol,El primer evento no fue una colision con un vehiculo automotor en transporte,Not an Intersection,No fue interseccion,Sobre el lado de la calle,Ninguna,Oscuro con iluminacion,Otro,No,NO APLICA,2,99,2,30,1,30/12/2022,2
17,Illinois,171078,0,0,2,0,31,COOK (31),4010,HOMEWOOD,9,Septiembre,3,2022,9,51,SR-1 HALSTED ST,3,Highway estatal,Urbano,Arteria Principal,State Highway Agency,1,Sin jurisdiccion especial,26,41.56281944,-87.63620278,Volcadura,El primer evento no fue una colision con un vehiculo automotor en transporte,Four-Way Intersection,Interseccion de 4 direcciones,Sobre calle,Ninguna,Dia total,Despejado,No,NO APLICA,9,51,9,54,1,03/09/2022,4
17,Illinois,171079,0,0,1,0,31,COOK (31),1670,CHICAGO,12,Diciembre,21,2022,16,25,W BELMONT AVE,8,Otro,Urbano,Arteria Menor,City or Municipal Highway Agency,0,Sin jurisdiccion especial,32,41.93800278,-87.80237222,Poste o otros soportes,El primer evento no fue una colision con un vehiculo automotor en transporte,Not an Intersection,No fue interseccion,Sobre el lado de la calle,Ninguna,Oscuro sin iluminacion,Despejado,No,NO APLICA,16,30,16,30,1,21/12/2022,2
17,Illinois,171080,0,0,1,0,31,COOK (31),4750,LEMONT,12,Diciembre,10,2022,5,23,MAIN ST,8,Otro,Urbano,Arteria Menor,State Highway Agency,0,Sin jurisdiccion especial,27,41.67973889,-87.980325,Arbol,El primer evento no fue una colision con un vehiculo automotor en transporte,Not an Intersection,No fue interseccion,Sobre el lado de la calle,Ninguna,Oscuro sin iluminacion,Despejado,No,NO APLICA,5,24,5,31,1,10/12/2022,1
17,Illinois,171081,0,0,1,0,97,LAKE (97),6290,NORTH CHICAGO,8,Agosto,18,2022,9,28,SR-131 GREEN BAY RD,3,Highway estatal,Urbano,Arteria Menor,State Highway Agency,0,Sin jurisdiccion especial,114,42.30331944,-87.86135556,Banqueta,El primer evento no fue una colision con un vehiculo automotor en transporte,Four-Way Intersection,Interseccion de 4 direcciones,Sobre el lado de la calle,Ninguna,Dia total,Despejado,No,NO APLICA,99,99,99,99,1,18/08/2022,1
17,Illinois,171082,1,1,1,0,139,MOULTRIE (139),5010,LOVINGTON,12,Diciembre,20,2022,2,30,W STATE ST,6,Calle Local Municipalidad,Rural,Local,City or Municipal Highway Agency,0,Sin jurisdiccion especial,99998,39.71555278,-88.63593333,Peaton,El primer evento no fue una colision con un vehiculo automotor en transporte,Not an Intersection,No fue interseccion,Sobre calle,Ninguna,Oscuro con iluminacion,Despejado,No,NO APLICA,99,99,99,99,1,20/12/2022,1
17,Illinois,171083,1,1,1,0,201,WINNEBAGO (201),7460,ROCKFORD,11,Noviembre,30,2022,12,28,BROOKE RD,8,Otro,Urbano,Colector Mayor,City or Municipal Highway Agency,0,Sin jurisdiccion especial,1,42.23023333,-89.08531111,Ciclista,El primer evento no fue una colision con un vehiculo automotor en transporte,Not an Intersection,No fue interseccion,Sobre el lado de la calle,Ninguna,Dia total,Despejado,No,NO APLICA,12,28,12,34,1,30/11/2022,1
17,Illinois,171084,1,1,1,0,43,DUPAGE (43),9250,WESTMONT,12,Diciembre,6,2022,20,38,US-34 OGDEN AVE,2,US Highway,Urbano,Arteria Principal,State Highway Agency,1,Sin jurisdiccion especial,173,41.810175,-87.96741667,Peaton,El primer evento no fue una colision con un vehiculo automotor en transporte,Not an Intersection,No fue interseccion,Sobre calle,Ninguna,Oscuro sin iluminacion,Despejado,No,NO APLICA,20,39,20,41,1,06/12/2022,1
17,Illinois,171085,1,1,1,0,31,COOK (31),1670,CHICAGO,12,Diciembre,31,2022,12,42,S KEDZIE AVE,8,Otro,Urbano,Arteria Menor,City or Municipal Highway Agency,0,Sin jurisdiccion especial,132,41.80094722,-87.70371111,Ciclista,El primer evento no fue una colision con un vehiculo automotor en transporte,Four-Way Intersection,Interseccion de 4 direcciones,Sobre calle,Ninguna,Dia total,Despejado,No,NO APLICA,12,43,12,45,1,31/12/2022,1
17,Illinois,171086,0,0,3,0,113,MCLEAN (113),6230,NORMAL,12,Diciembre,2,2022,7,20,US-150 RIVIAN MTWY,2,US Highway,Urbano,Arteria Principal,State Highway Agency,1,Sin jurisdiccion especial,27,40.50249444,-89.05945,Vehiculo en movimiento,Angulo,T-Intersection,Interseccion de T,Sobre calle,Ninguna,Dia total,Despejado,No,NO APLICA,7,15,7,22,1,02/12/2022,4
17,Illinois,171087,1,1,2,0,31,COOK (31),7765,SAUK VILLAGE,12,Diciembre,29,2022,18,32,E SAUK TRL,8,Otro,Urbano,Arteria Menor,County Highway Agency,0,Sin jurisdiccion especial,116,41.488025,-87.57182222,Peaton,El primer evento no fue una colision con un vehiculo automotor en transporte,Four-Way Intersection,Interseccion de 4 direcciones,Sobre calle,Ninguna,Oscuro con iluminacion,Despejado,No,NO APLICA,18,32,18,32,1,29/12/2022,2
17,Illinois,171088,0,0,2,0,97,LAKE (97),6725,PARK CITY,12,Diciembre,9,2022,8,52,GREENLEAF ST,8,Otro,Urbano,Colector Mayor,County Highway Agency,0,Sin jurisdiccion especial,6,42.35454167,-87.902325,Vehiculo en movimiento,Angulo,T-Intersection,Interseccion de T,Sobre calle,Ninguna,Dia total,Nieve,No,NO APLICA,8,54,9,4,1,09/12/2022,4
17,Illinois,171089,1,1,2,1,31,COOK (31),1670,CHICAGO,12,Diciembre,3,2022,1,55,I-94,1,Interestatal,Urbano,Interestatal,State Highway Agency,1,Sin jurisdiccion especial,291,41.84421667,-87.63205278,Vehiculo Aparcado,El primer evento no fue una colision con un vehiculo automotor en transporte,Not an Intersection,No fue interseccion,Sobre Acotamiento,Ninguna,Oscuro con iluminacion,Despejado,No,NO APLICA,1,58,2,0,1,03/12/2022,1
17,Illinois,171090,0,0,2,0,31,COOK (31),4350,JUSTICE,12,Diciembre,24,2022,14,5,SR-171 ARCHER RD,3,Highway estatal,Urbano,Arteria Menor,State Highway Agency,0,Sin jurisdiccion especial,73,41.76113333,-87.82642222,Vehiculo en movimiento,Angulo,Not an Intersection,No fue interseccion,Sobre calle,Ninguna,Dia total,Despejado,No,NO APLICA,14,8,14,8,1,24/12/2022,4
17,Illinois,171091,1,1,1,0,31,COOK (31),1670,CHICAGO,12,Diciembre,15,2022,5,50,S PULASKI RD,8,Otro,Urbano,Arteria Menor,County Highway Agency,0,Sin jurisdiccion especial,160,41.84416667,-87.72461389,Peaton,El primer evento no fue una colision con un vehiculo automotor en transporte,Four-Way Intersection,Interseccion de 4 direcciones,Sobre calle,Ninguna,Oscuro con iluminacion,lluvia,No,NO APLICA,5,99,5,53,1,15/12/2022,1
17,Illinois,171092,0,0,2,0,31,COOK (31),0,NO APLICA,12,Diciembre,4,2022,16,40,US-45 LA GRANGE RD,2,US Highway,Urbano,Arteria Principal,State Highway Agency,1,Sin jurisdiccion especial,347,41.67393056,-87.85488611,Vehiculo en movimiento,Angulo,T-Intersection,Interseccion de T,Sobre calle,Ninguna,Dia total,Despejado,No,NO APLICA,16,40,16,45,2,04/12/2022,6
17,Illinois,171093,0,0,3,0,111,MCHENRY (111),0,NO APLICA,11,Noviembre,1,2022,11,44,SR-31,3,Highway estatal,Urbano,Arteria Principal,State Highway Agency,1,Sin jurisdiccion especial,18,42.42478611,-88.30103333,Vehiculo en movimiento,Golpe Lateral - direccion contraria,Not an Intersection,No fue interseccion,Sobre calle,Construccion,Dia total,Despejado,No,NO APLICA,99,99,99,99,1,01/11/2022,4
17,Illinois,171094,0,0,2,0,89,KANE (89),0,NO APLICA,12,Diciembre,3,2022,22,19,SR-25 DUNDEE AVE,3,Highway estatal,Urbano,Arteria Principal,State Highway Agency,1,Sin jurisdiccion especial,63,42.06071667,-88.26595833,Vehiculo en movimiento,Frente a frente,Not an Intersection,No fue interseccion,Sobre calle,Ninguna,Oscuro sin iluminacion,Despejado,No,NO APLICA,99,99,99,99,1,03/12/2022,4
17,Illinois,171095,0,0,1,0,167,SANGAMON (167),0,NO APLICA,12,Diciembre,26,2022,19,53,NONE,8,Otro,Trafficway Not in State Inventory,Via no en inventario estatal,Trafficway Not in State Inventory,0,Sin jurisdiccion especial,0,39.82041667,-89.54876944,Arbol,El primer evento no fue una colision con un vehiculo automotor en transporte,Not an Intersection,No fue interseccion,Sobre el lado de la calle,Ninguna,Oscuro con iluminacion,Nieve,No,NO APLICA,19,54,20,3,1,26/12/2022,1
17,Illinois,171096,0,0,1,0,119,MADISON (119),9550,WOOD RIVER,11,Noviembre,1,2022,1,46,SR-111 N CENTRAL AVE,3,Highway estatal,Urbano,Arteria Menor,State Highway Agency,0,Sin jurisdiccion especial,33,38.86329444,-90.07930833,Poste o otros soportes,El primer evento no fue una colision con un vehiculo automotor en transporte,Not an Intersection,No fue interseccion,Sobre el lado de la calle,Ninguna,Oscuro con iluminacion,Neblina o Humo,No,NO APLICA,1,46,1,48,1,01/11/2022,1
17,Illinois,171097,1,1,3,2,97,LAKE (97),0,NO APLICA,12,Diciembre,22,2022,14,24,I-94,1,Interestatal,Urbano,Interestatal,State Highway Agency,1,Sin jurisdiccion especial,90,42.3735,-87.94376111,Vehiculo Aparcado,El primer evento no fue una colision con un vehiculo automotor en transporte,Not an Intersection,No fue interseccion,En el medio,Ninguna,Dia total,Nieve,No,NO APLICA,14,29,14,59,1,22/12/2022,1
17,Illinois,171098,0,0,1,0,201,WINNEBAGO (201),0,NO APLICA,12,Diciembre,27,2022,6,50,MOODY ST,5,Calle Local - Pueblo,Rural,Local,Town or Township Highway Agency,0,Sin jurisdiccion especial,99998,42.44807222,-89.13818333,Arbol,El primer evento no fue una colision con un vehiculo automotor en transporte,Not an Intersection,No fue interseccion,Sobre el lado de la calle,Ninguna,Reportada como desconocida,Despejado,No,NO APLICA,6,50,6,55,1,27/12/2022,1
17,Illinois,171099,0,0,1,0,31,COOK (31),1670,CHICAGO,12,Diciembre,7,2022,20,11,W FOSTER AVE,8,Otro,Urbano,Arteria Menor,State Highway Agency,0,Sin jurisdiccion especial,39,41.97569444,-87.77056389,Soporte de Puente,El primer evento no fue una colision con un vehiculo automotor en transporte,Not an Intersection,No fue interseccion,En el medio,Ninguna,Oscuro con iluminacion,Despejado,No,NO APLICA,99,99,99,99,1,07/12/2022,1
17,Illinois,171100,0,0,1,0,49,EFFINGHAM (49),0,NO APLICA,12,Diciembre,14,2022,15,1,I-57,1,Interestatal,Urbano,Interestatal,State Highway Agency,1,Sin jurisdiccion especial,136,39.10198611,-88.5743,Jackknife (harmful to this vehicle),El primer evento no fue una colision con un vehiculo automotor en transporte,Not an Intersection,No fue interseccion,En el medio,Ninguna,Dia total,lluvia,No,NO APLICA,15,14,15,25,1,14/12/2022,1
17,Illinois,171101,0,0,2,0,119,MADISON (119),0,NO APLICA,12,Diciembre,6,2022,22,12,SR-3,3,Highway estatal,Urbano,Arteria Principal,State Highway Agency,1,Sin jurisdiccion especial,87,38.79690278,-90.10190833,Vehiculo en movimiento,Frente a frente,Not an Intersection,No fue interseccion,Sobre calle,Ninguna,Oscuro sin iluminacion,Neblina o Humo,No,NO APLICA,22,12,22,20,1,06/12/2022,2
17,Illinois,171102,0,0,2,0,31,COOK (31),1670,CHICAGO,12,Diciembre,5,2022,3,0,I-94,1,Interestatal,Urbano,Interestatal,State Highway Agency,1,Sin jurisdiccion especial,361,41.7421,-87.62512222,Vehiculo en movimiento,Frente a Detrás,Not an Intersection,No fue interseccion,Sobre calle,Ninguna,Oscuro con iluminacion,Despejado,No,NO APLICA,3,6,3,10,1,05/12/2022,2
17,Illinois,171103,0,0,1,0,31,COOK (31),1670,CHICAGO,12,Diciembre,4,2022,8,8,SR-50 S CICERO AVE,3,Highway estatal,Urbano,Arteria Principal,State Highway Agency,1,Sin jurisdiccion especial,198,41.80155556,-87.74313333,Calle mal pavimentada,El primer evento no fue una colision con un vehiculo automotor en transporte,Not an Intersection,No fue interseccion,Sobre calle,Ninguna,Dia total,Despejado,No,NO APLICA,8,99,8,99,1,04/12/2022,1
17,Illinois,171104,0,0,1,0,135,MONTGOMERY (135),0,NO APLICA,12,Diciembre,10,2022,1,5,SR-16,3,Highway estatal,Rural,Arteria Principal,State Highway Agency,1,Sin jurisdiccion especial,201,39.22569444,-89.38274722,Culvert,El primer evento no fue una colision con un vehiculo automotor en transporte,Not an Intersection,No fue interseccion,Sobre el lado de la calle,Ninguna,Oscuro sin iluminacion,Despejado,No,NO APLICA,1,8,1,21,1,10/12/2022,1