Estado,Nombre de Estado,Numero de Caso,Peatones,Personas _no_vehiculos,Vehiculos automotores,Vehiculos estacionados,Condado,Nombre Condado,Ciudad,Nombre Ciudad,Mes,Nombre Mes,Dia,Año,Hora,Minuto,Calle,Ruta,Nombre Ruta,Rural o Urbanoo,Sistema Funcional,Dueño Calle,Sistema Nacional Carreteras,Jurisdiccion Especial,Milla,Latitud,Longitud,Causa del Accidente,Tipo de Accidente,Tipo Interseccion,Columna1,Lugar en la calle,Zona de Trabajo,Luz,Clima,Autobus Escolar,Cruce de Trenes,Hora Notificacion,Minuto Notificacion,Hora Llegada,Minuto Llegada,Decesos,Fecha,PersonaVehiculo
17,Illinois,171105,0,0,1,0,143,PEORIA (143),1700,CHILLICOTHE,12,Diciembre,9,2022,16,19,E HART LN,5,Calle Local - Pueblo,Rural,Local,Town or Township Highway Agency,0,Sin jurisdiccion especial,19,40.94331389,-89.49486667,Arbol,El primer evento no fue una colision con un vehiculo automotor en transporte,Not an Intersection,No fue interseccion,Sobre el lado de la calle,Ninguna,Oscuro sin iluminacion,lluvia,No,NO APLICA,16,18,16,25,1,09/12/2022,1
17,Illinois,171106,1,1,1,0,197,WILL (197),4910,LOCKPORT,12,Diciembre,14,2022,19,58,SR-171 ARCHER AVE,3,Highway estatal,Urbano,Arteria Principal,State Highway Agency,1,Sin jurisdiccion especial,68,41.61852222,-88.03252778,Peaton,El primer evento no fue una colision con un vehiculo automotor en transporte,Not an Intersection,No fue interseccion,Sobre calle,Ninguna,Oscuro sin iluminacion,lluvia,No,NO APLICA,19,58,20,4,1,14/12/2022,1
17,Illinois,171107,0,0,1,0,119,MADISON (119),2510,EAST ALTON,12,Diciembre,11,2022,10,48,SR-3 LEWIS AND CLARK BLVD,3,Highway estatal,Urbano,Arteria Principal,State Highway Agency,1,Sin jurisdiccion especial,72,38.8717,-90.1133,Volcadura,El primer evento no fue una colision con un vehiculo automotor en transporte,T-Intersection,Interseccion de T,Sobre calle,Ninguna,Dia total,Despejado,No,NO APLICA,10,48,10,53,1,11/12/2022,1
17,Illinois,171108,0,0,1,0,197,WILL (197),7000,PLAINFIELD,12,Diciembre,28,2022,18,23,E 143RD ST,5,Calle Local - Pueblo,Urbano,Local,Town or Township Highway Agency,0,Sin jurisdiccion especial,99998,41.62354167,-88.16741944,Acotamiento,El primer evento no fue una colision con un vehiculo automotor en transporte,Not an Intersection,No fue interseccion,Sobre el lado de la calle,Ninguna,Oscuro sin iluminacion,Despejado,No,NO APLICA,6,23,6,31,1,28/12/2022,1
17,Illinois,171109,0,0,1,0,195,WHITESIDE (195),0,NO APLICA,12,Diciembre,19,2022,19,40,PROPHET RD,8,Otro,Rural,Colector Mayor,County Highway Agency,0,Sin jurisdiccion especial,78,41.75575278,-89.75318333,Volcadura,El primer evento no fue una colision con un vehiculo automotor en transporte,Not an Intersection,No fue interseccion,Sobre el lado de la calle,Ninguna,Oscuro sin iluminacion,Despejado,No,NO APLICA,19,40,19,45,1,19/12/2022,1
17,Illinois,171110,0,1,4,1,31,COOK (31),1670,CHICAGO,12,Diciembre,15,2022,12,54,S ASHLAND AVE,8,Otro,Urbano,Colector Mayor,City or Municipal Highway Agency,0,Sin jurisdiccion especial,6,41.68478333,-87.66166111,Vehiculo en movimiento,Angulo,Four-Way Intersection,Interseccion de 4 direcciones,Sobre calle,Ninguna,Dia total,Despejado,No,NO APLICA,12,56,13,0,1,15/12/2022,5
17,Illinois,171111,0,0,2,0,123,MARSHALL (123),0,NO APLICA,12,Diciembre,23,2022,13,35,SR-40,3,Highway estatal,Rural,Arteria Menor,State Highway Agency,0,Sin jurisdiccion especial,50,41.01021667,-89.62991667,Vehiculo en movimiento,Frente a frente,Not an Intersection,No fue interseccion,Sobre calle,Ninguna,Dia total,Soplando nieve,No,NO APLICA,13,33,14,12,1,23/12/2022,4
17,Illinois,171112,0,0,2,0,113,MCLEAN (113),0,NO APLICA,12,Diciembre,5,2022,15,3,EAST RD,5,Calle Local - Pueblo,Rural,Local,Town or Township Highway Agency,0,Sin jurisdiccion especial,99998,40.34034444,-88.66971389,Vehiculo en movimiento,Angulo,Four-Way Intersection,Interseccion de 4 direcciones,Sobre calle,Ninguna,Dia total,Nublado,No,NO APLICA,15,99,15,12,1,05/12/2022,2
17,Illinois,171113,1,1,2,0,31,COOK (31),6410,OAK PARK,12,Diciembre,26,2022,19,50,N AUSTIN BLVD,8,Otro,Urbano,Arteria Menor,City or Municipal Highway Agency,0,Sin jurisdiccion especial,61,41.901925,-87.77541667,Peaton,El primer evento no fue una colision con un vehiculo automotor en transporte,Four-Way Intersection,Interseccion de 4 direcciones,Sobre calle,Ninguna,Oscuro con iluminacion,Despejado,No,NO APLICA,19,52,19,56,1,26/12/2022,4
17,Illinois,171114,0,0,2,0,167,SANGAMON (167),8220,SPRINGFIELD,12,Diciembre,4,2022,14,2,W LAKE SHORE DR,8,Otro,Urbano,Arteria Menor,City or Municipal Highway Agency,0,Sin jurisdiccion especial,23,39.7538,-89.61649444,Vehiculo en movimiento,Frente a frente,Not an Intersection,No fue interseccion,Sobre calle,Ninguna,Dia total,Despejado,No,NO APLICA,14,2,14,7,1,04/12/2022,3
17,Illinois,171115,0,0,1,0,157,RANDOLPH (157),8210,SPARTA,12,Diciembre,3,2022,3,40,SR-154,3,Highway estatal,Rural,Arteria Menor,State Highway Agency,0,Sin jurisdiccion especial,196,38.12193889,-89.67069444,Poste de Señal de trafico,El primer evento no fue una colision con un vehiculo automotor en transporte,Not an Intersection,No fue interseccion,Sobre el lado de la calle,Ninguna,Oscuro sin iluminacion,Despejado,No,NO APLICA,6,51,7,3,1,03/12/2022,1
17,Illinois,171116,1,1,1,0,89,KANE (89),460,AURORA,12,Diciembre,5,2022,18,59,INDIAN TRAIL RD,8,Otro,Urbano,Arteria Menor,City or Municipal Highway Agency,0,Sin jurisdiccion especial,28,41.78161667,-88.321125,Peaton,El primer evento no fue una colision con un vehiculo automotor en transporte,Not an Intersection,No fue interseccion,Sobre calle,Ninguna,Oscuro sin iluminacion,Despejado,No,NO APLICA,18,59,19,3,1,05/12/2022,1
17,Illinois,171117,0,0,2,0,97,LAKE (97),6725,PARK CITY,12,Diciembre,3,2022,2,19,SR-120 BELVIDERE RD,3,Highway estatal,Urbano,Arteria Menor,State Highway Agency,0,Sin jurisdiccion especial,5,42.34866667,-87.88181111,Vehiculo en movimiento,Angulo,Not an Intersection,No fue interseccion,Sobre calle,Ninguna,Oscuro con iluminacion,Despejado,No,NO APLICA,2,19,2,25,1,03/12/2022,3
17,Illinois,171118,1,1,1,0,31,COOK (31),7488,ROLLING MEADOWS,12,Diciembre,9,2022,16,45,KIRCHOFF RD,8,Otro,Urbano,Arteria Menor,City or Municipal Highway Agency,0,Sin jurisdiccion especial,20,42.07597222,-88.00732222,Peaton,El primer evento no fue una colision con un vehiculo automotor en transporte,Not an Intersection,No fue interseccion,Sobre calle,Ninguna,Atardecer,Aguanieve,No,NO APLICA,16,46,16,50,1,09/12/2022,2
17,Illinois,171119,1,1,1,0,167,SANGAMON (167),8220,SPRINGFIELD,12,Diciembre,13,2022,17,14,S DURKIN DR,8,Otro,Urbano,Colector Mayor,City or Municipal Highway Agency,0,Sin jurisdiccion especial,5,39.79372778,-89.70474167,Peaton,El primer evento no fue una colision con un vehiculo automotor en transporte,Not an Intersection,No fue interseccion,Sobre calle,Ninguna,Oscuro con iluminacion,lluvia,No,NO APLICA,17,14,18,58,1,13/12/2022,1
17,Illinois,171120,0,0,1,0,31,COOK (31),1670,CHICAGO,11,Noviembre,23,2022,12,33,N CENTRAL PARK AVE,8,Otro,Urbano,Colector Mayor,City or Municipal Highway Agency,0,Sin jurisdiccion especial,5,41.93130556,-87.71709444,Barda,El primer evento no fue una colision con un vehiculo automotor en transporte,Not an Intersection,No fue interseccion,Sobre el lado de la calle,Ninguna,Dia total,Despejado,No,NO APLICA,99,99,99,99,1,23/11/2022,2
17,Illinois,171121,0,0,2,0,77,JACKSON (77),0,NO APLICA,12,Diciembre,7,2022,8,52,SR-149,3,Highway estatal,Rural,Arteria Principal,State Highway Agency,1,Sin jurisdiccion especial,19,37.76809167,-89.43698056,Vehiculo en movimiento,Angulo,T-Intersection,Interseccion de T,Sobre calle,Ninguna,Dia total,Despejado,No,NO APLICA,8,55,9,2,1,07/12/2022,2
17,Illinois,171122,0,0,2,0,89,KANE (89),460,AURORA,12,Diciembre,28,2022,14,7,S EDGELAWN DR,8,Otro,Urbano,Colector Mayor,City or Municipal Highway Agency,0,Sin jurisdiccion especial,8,41.75193333,-88.35915,Vehiculo en movimiento,Angulo,Four-Way Intersection,Interseccion de 4 direcciones,Sobre calle,Ninguna,Dia total,Despejado,No,NO APLICA,14,8,14,14,1,28/12/2022,2
17,Illinois,171123,0,0,2,0,31,COOK (31),6380,OAK FOREST,11,Noviembre,22,2022,14,49,US-6 159TH ST,2,US Highway,Urbano,Arteria Principal,State Highway Agency,1,Sin jurisdiccion especial,76,41.60280556,-87.76265,Vehiculo en movimiento,Frente a Detrás,Not an Intersection,No fue interseccion,"Izquierda continua, carril de vuelta",Ninguna,Dia total,Despejado,No,NO APLICA,14,55,15,0,1,22/11/2022,2
17,Illinois,171124,0,1,2,1,49,EFFINGHAM (49),0,NO APLICA,12,Diciembre,23,2022,16,0,I-70,1,Interestatal,Rural,Interestatal,State Highway Agency,1,Sin jurisdiccion especial,235,39.16165,-88.42938333,Vehiculo Aparcado,El primer evento no fue una colision con un vehiculo automotor en transporte,Not an Intersection,No fue interseccion,Sobre Acotamiento,Ninguna,Dia total,Despejado,No,NO APLICA,16,1,16,9,1,23/12/2022,1
17,Illinois,171125,0,0,1,0,131,MERCER (131),0,NO APLICA,11,Noviembre,22,2022,22,30,SR-94,3,Highway estatal,Rural,Colector Mayor,State Highway Agency,0,Sin jurisdiccion especial,49,41.32868056,-90.70842222,Zanja,El primer evento no fue una colision con un vehiculo automotor en transporte,Not an Intersection,No fue interseccion,Sobre el lado de la calle,Ninguna,Oscuro sin iluminacion,Despejado,No,NO APLICA,7,58,8,8,1,22/11/2022,1
17,Illinois,171126,0,0,2,0,189,WASHINGTON (189),350,ASHLEY,12,Diciembre,9,2022,15,36,US-51 MAIN ST,2,US Highway,Rural,Arteria Menor,State Highway Agency,0,Sin jurisdiccion especial,96,38.32661389,-89.19042222,Vehiculo en movimiento,Angulo,T-Intersection,Interseccion de T,Sobre calle,Ninguna,Dia total,Despejado,No,346489H,99,99,99,99,1,09/12/2022,2
17,Illinois,171127,0,0,1,0,31,COOK (31),1670,CHICAGO,12,Diciembre,25,2022,1,14,I-94 RAMP,1,Interestatal,Urbano,Interestatal,State Highway Agency,1,Sin jurisdiccion especial,342,41.77042222,-87.62540278,Valla para choques,El primer evento no fue una colision con un vehiculo automotor en transporte,Not an Intersection,No fue interseccion,Gore?,Ninguna,Oscuro con iluminacion,Despejado,No,NO APLICA,99,99,99,99,2,25/12/2022,3
17,Illinois,171128,1,1,1,0,31,COOK (31),1670,CHICAGO,11,Noviembre,20,2022,20,20,S DRAKE AVE,6,Calle Local Municipalidad,Urbano,Local,City or Municipal Highway Agency,0,Sin jurisdiccion especial,99998,41.84448889,-87.71353333,Peaton,El primer evento no fue una colision con un vehiculo automotor en transporte,Four-Way Intersection,Interseccion de 4 direcciones,Sobre calle,Ninguna,Oscuro con iluminacion,Despejado,No,NO APLICA,8,99,8,22,1,20/11/2022,1
17,Illinois,171129,0,0,1,0,113,MCLEAN (113),1365,CARLOCK,12,Diciembre,25,2022,99,99,I-74,1,Interestatal,Rural,Interestatal,State Highway Agency,1,Sin jurisdiccion especial,99998,77.7777,777.7777,Acotamiento,El primer evento no fue una colision con un vehiculo automotor en transporte,Not an Intersection,No fue interseccion,Sobre el lado de la calle,Ninguna,Oscuro sin iluminacion,Despejado,No,NO APLICA,13,23,13,35,1,25/12/2022,1
17,Illinois,171130,0,0,2,0,115,MACON (115),2250,DECATUR,11,Noviembre,4,2022,15,33,E FITZGERALD RD,8,Otro,Urbano,Colector Mayor,City or Municipal Highway Agency,0,Sin jurisdiccion especial,5,39.812475,-88.90159444,Vehiculo en movimiento,No reportado,T-Intersection,Interseccion de T,Sobre calle,Ninguna,Dia total,Despejado,No,NO APLICA,99,99,99,99,1,04/11/2022,4
17,Illinois,171131,2,2,1,0,31,COOK (31),1670,CHICAGO,12,Diciembre,29,2022,18,40,S ASHLAND AVE,8,Otro,Urbano,Arteria Menor,County Highway Agency,0,Sin jurisdiccion especial,243,41.72137222,-87.66258889,Peaton,El primer evento no fue una colision con un vehiculo automotor en transporte,Four-Way Intersection,Interseccion de 4 direcciones,Sobre calle,Ninguna,Oscuro con iluminacion,Despejado,No,NO APLICA,99,99,99,99,1,29/12/2022,1
17,Illinois,171132,0,0,1,0,197,WILL (197),0,NO APLICA,12,Diciembre,15,2022,17,26,SR-394,3,Highway estatal,Urbano,Arteria Principal,State Highway Agency,1,Sin jurisdiccion especial,37,41.41871944,-87.58660833,Poste,El primer evento no fue una colision con un vehiculo automotor en transporte,Not an Intersection,No fue interseccion,Sobre el lado de la calle,Ninguna,Oscuro con iluminacion,Nieve,No,NO APLICA,17,26,17,38,1,15/12/2022,1
17,Illinois,171133,0,0,2,0,31,COOK (31),1670,CHICAGO,12,Diciembre,18,2022,2,38,W LAKE ST,8,Otro,Urbano,Colector Mayor,City or Municipal Highway Agency,0,Sin jurisdiccion especial,6,41.88703889,-87.75236111,Vehiculo en movimiento,Golpe Lateral - misma direccion,Not an Intersection,No fue interseccion,Sobre calle,Ninguna,Oscuro con iluminacion,Despejado,No,NO APLICA,99,99,99,99,3,18/12/2022,5
17,Illinois,171134,0,0,1,0,31,COOK (31),8030,SKOKIE,12,Diciembre,25,2022,16,0,I-94,1,Interestatal,Urbano,Interestatal,State Highway Agency,1,Sin jurisdiccion especial,105,42.062225,-87.75482778,Valla Ferrocarril,El primer evento no fue una colision con un vehiculo automotor en transporte,Not an Intersection,No fue interseccion,Sobre el lado de la calle,Ninguna,Dia total,Despejado,No,NO APLICA,99,99,99,99,1,25/12/2022,1
17,Illinois,171135,0,0,2,0,31,COOK (31),6180,NILES,12,Diciembre,21,2022,15,40,SR-21 N WILWAUKEE AVE,3,Highway estatal,Urbano,Arteria Principal,State Highway Agency,1,Sin jurisdiccion especial,72,42.01951389,-87.80805278,Vehiculo en movimiento,Angulo,Not an Intersection,No fue interseccion,Sobre calle,Ninguna,Dia total,Despejado,No,NO APLICA,15,43,15,54,1,21/12/2022,2
17,Illinois,171136,1,1,1,0,97,LAKE (97),4650,LAKE ZURICH,12,Diciembre,17,2022,23,47,US-12,2,US Highway,Urbano,Arteria Principal,State Highway Agency,1,Sin jurisdiccion especial,183,42.18444722,-88.09017222,Peaton,El primer evento no fue una colision con un vehiculo automotor en transporte,Not an Intersection,No fue interseccion,Sobre calle,Ninguna,Oscuro sin iluminacion,Despejado,No,NO APLICA,23,48,23,55,1,17/12/2022,1
17,Illinois,171137,1,1,1,0,201,WINNEBAGO (201),7460,ROCKFORD,12,Diciembre,25,2022,5,40,GILBERT AVE,8,Otro,Urbano,Colector Menor,City or Municipal Highway Agency,0,Sin jurisdiccion especial,4,42.29570278,-89.10766111,Peaton,El primer evento no fue una colision con un vehiculo automotor en transporte,Not an Intersection,No fue interseccion,Sobre calle,Ninguna,Oscuro sin iluminacion,Despejado,No,NO APLICA,6,0,6,15,1,25/12/2022,1
17,Illinois,171138,0,0,1,0,39,DE WITT (39),0,NO APLICA,11,Noviembre,28,2022,2,5,I-74,1,Interestatal,Rural,Interestatal,State Highway Agency,1,Sin jurisdiccion especial,27,40.26162222,-88.64445556,Fin de valla,El primer evento no fue una colision con un vehiculo automotor en transporte,Not an Intersection,No fue interseccion,En el medio,Ninguna,Oscuro sin iluminacion,Despejado,No,NO APLICA,2,11,2,21,1,28/11/2022,2
17,Illinois,171139,1,1,1,0,195,WHITESIDE (195),0,NO APLICA,12,Diciembre,25,2022,17,55,SR-84,3,Highway estatal,Rural,Arteria Principal,State Highway Agency,1,Sin jurisdiccion especial,13,41.9116,-90.112825,Peaton,El primer evento no fue una colision con un vehiculo automotor en transporte,Not an Intersection,No fue interseccion,Sobre calle,Ninguna,Oscuro sin iluminacion,Despejado,No,NO APLICA,17,55,18,15,1,25/12/2022,2
17,Illinois,171140,0,0,1,0,163,ST. CLAIR (163),1240,CAHOKIA,12,Diciembre,17,2022,0,3,SR-157 CAMP JACKSON RD,3,Highway estatal,Urbano,Arteria Principal,State Highway Agency,1,Sin jurisdiccion especial,28,38.55028333,-90.14823889,Poste,El primer evento no fue una colision con un vehiculo automotor en transporte,Not an Intersection,No fue interseccion,Sobre el lado de la calle,Ninguna,Oscuro sin iluminacion,Despejado,No,NO APLICA,0,3,0,48,1,17/12/2022,4
17,Illinois,171141,1,1,1,0,93,KENDALL (93),7010,PLANO,12,Diciembre,18,2022,15,42,HOFFMAN ST,6,Calle Local Municipalidad,Urbano,Local,City or Municipal Highway Agency,0,Sin jurisdiccion especial,99998,41.66881667,-88.49396111,Peaton,El primer evento no fue una colision con un vehiculo automotor en transporte,T-Intersection,Interseccion de T,Sobre calle,Ninguna,Dia total,Despejado,No,NO APLICA,15,43,15,47,1,18/12/2022,1
17,Illinois,171143,0,1,2,1,5,BOND (5),3640,GREENVILLE,12,Diciembre,15,2022,0,13,I-70 RAMP,1,Interestatal,Urbano,Interestatal,State Highway Agency,1,Sin jurisdiccion especial,130,38.87295,-89.38336389,Vehiculo Aparcado,El primer evento no fue una colision con un vehiculo automotor en transporte,Not an Intersection,No fue interseccion,Sobre Acotamiento,Ninguna,Oscuro sin iluminacion,Despejado,No,NO APLICA,99,99,99,99,1,15/12/2022,1
17,Illinois,171144,0,0,2,0,89,KANE (89),0,NO APLICA,12,Diciembre,30,2022,15,45,I-88,1,Interestatal,Urbano,Interestatal,State Highway Agency,1,Sin jurisdiccion especial,173,41.79760833,-88.29606944,Vehiculo en movimiento,Angulo,Not an Intersection,No fue interseccion,Sobre calle,Ninguna,Dia total,Despejado,No,NO APLICA,15,49,16,14,1,30/12/2022,2
17,Illinois,171145,0,0,2,0,203,WOODFORD (203),2780,EL PASO,12,Diciembre,30,2022,16,24,US-24,2,US Highway,Rural,Arteria Principal,State Highway Agency,1,Sin jurisdiccion especial,180,40.73778056,-88.99286111,Vehiculo en movimiento,Frente a frente,Not an Intersection,No fue interseccion,Sobre calle,Ninguna,Dia total,Despejado,No,NO APLICA,16,25,16,32,1,30/12/2022,2
17,Illinois,171146,0,0,2,0,55,FRANKLIN (55),9230,WEST FRANKFORT,10,Octubre,28,2022,16,45,I-57 RAMP,1,Interestatal,Urbano,Interestatal,State Highway Agency,1,Sin jurisdiccion especial,0,37.89796667,-88.94484722,Vehiculo en movimiento,Angulo,T-Intersection,Interseccion de T,Sobre calle,Ninguna,Dia total,Despejado,No,NO APLICA,16,45,16,50,1,28/10/2022,3
17,Illinois,171147,0,0,2,0,163,ST. CLAIR (163),0,NO APLICA,12,Diciembre,29,2022,6,20,US-50,2,US Highway,Urbano,Arteria Principal,State Highway Agency,1,Sin jurisdiccion especial,19,38.59243889,-89.84313056,Vehiculo en movimiento,Angulo,Not an Intersection,No fue interseccion,Sobre calle,Ninguna,Amanecer,lluvia,No,NO APLICA,6,27,6,34,1,29/12/2022,2
17,Illinois,171148,0,0,2,0,31,COOK (31),7813,SCHAUMBURG,12,Diciembre,27,2022,11,10,E SCHAUMBURG RD,8,Otro,Urbano,Arteria Menor,County Highway Agency,0,Sin jurisdiccion especial,86,42.02768889,-88.06990556,Vehiculo en movimiento,Frente a Detrás,Four-Way Intersection,Interseccion de 4 direcciones,Sobre calle,Ninguna,Dia total,Despejado,No,NO APLICA,11,12,11,25,1,27/12/2022,2
17,Illinois,171149,0,0,1,0,31,COOK (31),0,NO APLICA,12,Diciembre,27,2022,21,35,I-294,1,Interestatal,Urbano,Interestatal,State Highway Agency,1,Sin jurisdiccion especial,102,41.57922778,-87.60568889,Arbol,El primer evento no fue una colision con un vehiculo automotor en transporte,Not an Intersection,No fue interseccion,Sobre el lado de la calle,Ninguna,Oscuro con iluminacion,Despejado,No,NO APLICA,21,48,21,57,1,27/12/2022,1
17,Illinois,171150,0,0,2,0,97,LAKE (97),9100,WAUKEGAN,11,Noviembre,26,2022,10,24,SR-17 N SHERIDAN RD,3,Highway estatal,Urbano,Arteria Principal,State Highway Agency,1,Sin jurisdiccion especial,74,42.38795833,-87.83310556,Vehiculo en movimiento,Golpe Lateral - misma direccion,Not an Intersection,No fue interseccion,Sobre calle,Ninguna,Dia total,Despejado,No,NO APLICA,10,26,10,29,1,26/11/2022,4
17,Illinois,171151,0,0,2,0,31,COOK (31),6180,NILES,12,Diciembre,25,2022,12,36,N OSCEOLA AVE,6,Calle Local Municipalidad,Urbano,Local,City or Municipal Highway Agency,0,Sin jurisdiccion especial,99998,42.03156667,-87.81254722,Vehiculo en movimiento,Angulo,Four-Way Intersection,Interseccion de 4 direcciones,Sobre calle,Ninguna,Dia total,Despejado,No,NO APLICA,12,36,12,40,1,25/12/2022,2
17,Illinois,171152,1,1,1,0,177,STEPHENSON (177),0,NO APLICA,12,Diciembre,30,2022,14,49,US BUSINESS 20,8,Otro,Rural,Arteria Menor,State Highway Agency,0,Sin jurisdiccion especial,18,42.32121389,-89.68304167,Peaton,El primer evento no fue una colision con un vehiculo automotor en transporte,Not an Intersection,No fue interseccion,Sobre el lado de la calle,Ninguna,Dia total,Despejado,No,NO APLICA,14,54,14,57,1,30/12/2022,3
17,Illinois,171153,0,0,2,0,119,MADISON (119),0,NO APLICA,12,Diciembre,24,2022,13,9,ALHAMBRA RD,8,Otro,Rural,Colector Menor,County Highway Agency,0,Sin jurisdiccion especial,15,38.93953056,-89.76404167,Vehiculo en movimiento,Angulo,Four-Way Intersection,Interseccion de 4 direcciones,Sobre calle,Ninguna,Dia total,Despejado,No,NO APLICA,13,8,13,18,1,24/12/2022,5
17,Illinois,171155,1,1,1,0,97,LAKE (97),9997,Other,12,Diciembre,9,2022,22,25,US-12,2,US Highway,Urbano,Arteria Principal,State Highway Agency,1,Sin jurisdiccion especial,17,42.39269444,-88.18350556,Peaton,El primer evento no fue una colision con un vehiculo automotor en transporte,Four-Way Intersection,Interseccion de 4 direcciones,Sobre calle,Ninguna,Oscuro con iluminacion,lluvia,No,NO APLICA,22,29,22,36,1,09/12/2022,1
17,Illinois,171156,0,0,3,2,31,COOK (31),1670,CHICAGO,12,Diciembre,18,2022,6,40,W BELMONT AVE,8,Otro,Urbano,Arteria Menor,City or Municipal Highway Agency,0,Sin jurisdiccion especial,56,41.93866111,-87.75605,Vehiculo Aparcado,El primer evento no fue una colision con un vehiculo automotor en transporte,Not an Intersection,No fue interseccion,En estacionamiento,Ninguna,Amanecer,Despejado,No,NO APLICA,99,99,99,99,1,18/12/2022,1
17,Illinois,171157,0,0,1,0,97,LAKE (97),4175,INGLESIDE,12,Diciembre,18,2022,12,18,WILSON RD,8,Otro,Urbano,Arteria Menor,County Highway Agency,0,Sin jurisdiccion especial,13,42.37391111,-88.13991111,Vehiculo Ferrocarril,El primer evento no fue una colision con un vehiculo automotor en transporte,Not an Intersection,No fue interseccion,Sobre calle,Ninguna,Dia total,Despejado,No,386448M,99,99,99,99,2,18/12/2022,3
17,Illinois,171158,0,0,2,0,43,DUPAGE (43),9440,WINFIELD,12,Diciembre,16,2022,18,5,GARYS MILL RD,8,Otro,Urbano,Colector Menor,State Highway Agency,0,Sin jurisdiccion especial,2,41.85774167,-88.1916,Vehiculo en movimiento,Frente a frente,Not an Intersection,No fue interseccion,Sobre calle,Ninguna,Oscuro sin iluminacion,Nieve,No,NO APLICA,18,8,18,13,1,16/12/2022,4
17,Illinois,171159,0,0,2,0,161,ROCK ISLAND (161),5670,MOLINE,12,Diciembre,21,2022,8,0,SR-5 JOHN DEERE RD,3,Highway estatal,Urbano,Arteria Principal,State Highway Agency,1,Sin jurisdiccion especial,64,41.47086389,-90.46387222,Vehiculo en movimiento,Angulo,Four-Way Intersection,Interseccion de 4 direcciones,Sobre calle,Ninguna,Dia total,Despejado,No,NO APLICA,8,0,8,8,1,21/12/2022,2
17,Illinois,171160,0,0,1,0,197,WILL (197),0,NO APLICA,12,Diciembre,19,2022,0,14,LORENZO RD,8,Otro,Urbano,Arteria Menor,County Highway Agency,0,Sin jurisdiccion especial,2,41.34691944,-88.24363333,Volcadura,El primer evento no fue una colision con un vehiculo automotor en transporte,Not an Intersection,No fue interseccion,Sobre el lado de la calle,Ninguna,Oscuro sin iluminacion,Despejado,No,NO APLICA,99,98,99,98,1,19/12/2022,1
17,Illinois,171161,0,0,2,0,143,PEORIA (143),0,NO APLICA,12,Diciembre,20,2022,12,8,SR-29,3,Highway estatal,Rural,Arteria Principal,State Highway Agency,1,Sin jurisdiccion especial,25,40.94478889,-89.48599167,Vehiculo en movimiento,Frente a frente,Not an Intersection,No fue interseccion,Sobre calle,Ninguna,Dia total,Despejado,No,NO APLICA,99,99,99,99,1,20/12/2022,2
17,Illinois,171162,0,0,1,0,183,VERMILION (183),2220,DANVILLE,12,Diciembre,19,2022,0,25,E SEMINARY ST,8,Otro,Urbano,Colector Mayor,City or Municipal Highway Agency,0,Sin jurisdiccion especial,11,40.13091389,-87.61326389,Volcadura,El primer evento no fue una colision con un vehiculo automotor en transporte,Not an Intersection,No fue interseccion,Sobre el lado de la calle,Ninguna,Oscuro sin iluminacion,Despejado,No,NO APLICA,0,28,0,34,1,19/12/2022,1
17,Illinois,171163,0,0,2,0,121,MARION (121),0,NO APLICA,12,Diciembre,17,2022,7,3,US-50,2,US Highway,Urbano,Arteria Principal,State Highway Agency,1,Sin jurisdiccion especial,107,38.62811111,-88.91803333,Vehiculo en movimiento,Frente a frente,Not an Intersection,No fue interseccion,Sobre calle,Ninguna,Dia total,Despejado,No,NO APLICA,7,4,7,15,3,17/12/2022,5
17,Illinois,171164,0,0,1,0,31,COOK (31),1670,CHICAGO,12,Diciembre,19,2022,1,15,W 51ST ST,8,Otro,Urbano,Colector Mayor,City or Municipal Highway Agency,0,Sin jurisdiccion especial,48,41.80173333,-87.63420278,Soporte de Puente,El primer evento no fue una colision con un vehiculo automotor en transporte,Not an Intersection,No fue interseccion,Sobre el lado de la calle,Ninguna,Oscuro con iluminacion,Nieve,No,NO APLICA,1,99,1,25,1,19/12/2022,5
17,Illinois,171165,0,0,2,0,137,MORGAN (137),0,NO APLICA,12,Diciembre,16,2022,8,21,FRANKLIN ALEXANDER RD,8,Otro,Rural,Colector Mayor,County Highway Agency,0,Sin jurisdiccion especial,36,39.67415,-90.04098611,Vehiculo en movimiento,Angulo,Four-Way Intersection,Interseccion de 4 direcciones,Sobre calle,Ninguna,Dia total,Despejado,No,NO APLICA,99,99,99,99,1,16/12/2022,2
17,Illinois,171166,0,0,1,0,1,ADAMS (1),0,NO APLICA,12,Diciembre,1,2022,16,34,N 1400TH AVE,8,Otro,Rural,Colector Mayor,County Highway Agency,0,Sin jurisdiccion especial,43,39.96159722,-90.94326667,Volcadura,El primer evento no fue una colision con un vehiculo automotor en transporte,Not an Intersection,No fue interseccion,Sobre el lado de la calle,Ninguna,Atardecer,Despejado,No,NO APLICA,16,37,17,6,1,01/12/2022,1
17,Illinois,171167,0,0,2,0,81,JEFFERSON (81),0,NO APLICA,12,Diciembre,20,2022,1,18,I-57,1,Interestatal,Rural,Interestatal,State Highway Agency,1,Sin jurisdiccion especial,220,38.42825278,-88.94998333,Vehiculo en movimiento,Golpe Lateral - misma direccion,Not an Intersection,No fue interseccion,Sobre calle,Construccion,Oscuro sin iluminacion,Despejado,No,NO APLICA,1,19,1,29,2,20/12/2022,6
17,Illinois,171168,1,1,1,0,115,MACON (115),9997,Other,12,Diciembre,15,2022,7,1,US-36,2,US Highway,Urbano,Arteria Principal,State Highway Agency,1,Sin jurisdiccion especial,9,39.81690833,-88.86113889,Peaton,El primer evento no fue una colision con un vehiculo automotor en transporte,Not an Intersection,No fue interseccion,Sobre Acotamiento,Ninguna,Oscuro sin iluminacion,lluvia,No,NO APLICA,99,99,99,99,1,15/12/2022,1