Estado,Nombre de Estado,Numero de Caso,Peatones,Personas _no_vehiculos,Vehiculos automotores,Vehiculos estacionados,Condado,Nombre Condado,Ciudad,Nombre Ciudad,Mes,Nombre Mes,Dia,Año,Hora,Minuto,Calle,Ruta,Nombre Ruta,Rural o Urbanoo,Sistema Funcional,Dueño Calle,Sistema Nacional Carreteras,Jurisdiccion Especial,Milla,Latitud,Longitud,Causa del Accidente,Tipo de Accidente,Tipo Interseccion,Columna1,Lugar en la calle,Zona de Trabajo,Luz,Clima,Autobus Escolar,Cruce de Trenes,Hora Notificacion,Minuto Notificacion,Hora Llegada,Minuto Llegada,Decesos,Fecha,PersonaVehiculo
17,Illinois,171169,0,0,1,0,31,COOK (31),1670,CHICAGO,12,Diciembre,17,2022,3,49,I-90 RAMP,1,Interestatal,Urbano,Interestatal,State Highway Agency,1,Sin jurisdiccion especial,1,41.89301111,-87.65240556,Muro,El primer evento no fue una colision con un vehiculo automotor en transporte,Not an Intersection,No fue interseccion,Sobre el lado de la calle,Ninguna,Oscuro con iluminacion,Nieve,No,NO APLICA,4,12,4,14,1,17/12/2022,1
17,Illinois,171170,1,1,1,0,31,COOK (31),1670,CHICAGO,12,Diciembre,14,2022,19,15,SR-50 S CICERO AVE,3,Highway estatal,Urbano,Arteria Principal,State Highway Agency,1,Sin jurisdiccion especial,153,41.86666944,-87.74485556,Peaton,El primer evento no fue una colision con un vehiculo automotor en transporte,Not an Intersection,No fue interseccion,Sobre calle,Ninguna,Oscuro con iluminacion,Aguanieve,No,NO APLICA,7,99,7,23,1,14/12/2022,2
17,Illinois,171171,0,0,1,0,31,COOK (31),1670,CHICAGO,12,Diciembre,25,2022,7,52,I-94,1,Interestatal,Urbano,Interestatal,State Highway Agency,1,Sin jurisdiccion especial,334,99.9999,999.9999,Barrera de Trafico de Concreto,El primer evento no fue una colision con un vehiculo automotor en transporte,Not an Intersection,No fue interseccion,Reportado como desconocida,Ninguna,Dia total,Despejado,No,NO APLICA,7,99,7,55,1,25/12/2022,1
17,Illinois,171173,1,1,1,0,31,COOK (31),1670,CHICAGO,12,Diciembre,3,2022,19,55,S STONY ISLAND AVE,6,Calle Local Municipalidad,Urbano,Arteria Principal,State Highway Agency,1,Sin jurisdiccion especial,0,41.76764444,-87.58597778,Peaton,El primer evento no fue una colision con un vehiculo automotor en transporte,Not an Intersection,No fue interseccion,Sobre calle,Ninguna,Oscuro con iluminacion,Reportado como desconocido,No,NO APLICA,20,30,99,99,1,03/12/2022,1
17,Illinois,171174,1,1,1,0,31,COOK (31),1670,CHICAGO,12,Diciembre,3,2022,23,11,112TH PL,6,Calle Local Municipalidad,Urbano,Local,City or Municipal Highway Agency,0,Sin jurisdiccion especial,0,41.68865,-87.68027222,Peaton,El primer evento no fue una colision con un vehiculo automotor en transporte,Not an Intersection,No fue interseccion,Sobre calle,Ninguna,Oscuro con iluminacion,Despejado,No,NO APLICA,23,0,23,5,1,03/12/2022,0
17,Illinois,171175,1,1,5,0,31,COOK (31),1670,CHICAGO,12,Diciembre,2,2022,23,23,SR-50 CICERO AVE,3,Highway estatal,Urbano,Arteria Principal,State Highway Agency,1,Sin jurisdiccion especial,143,41.88062778,-87.74529167,Peaton,El primer evento no fue una colision con un vehiculo automotor en transporte,Four-Way Intersection,Interseccion de 4 direcciones,Sobre calle,Ninguna,Oscuro con iluminacion,Otro,No,NO APLICA,23,45,99,97,1,02/12/2022,10
17,Illinois,171176,0,0,1,0,31,COOK (31),7165,PROSPECT HEIGHTS,4,Abril,3,2022,5,40,PALATINE RD,6,Calle Local Municipalidad,Urbano,Arteria Principal,State Highway Agency,1,Sin jurisdiccion especial,111,42.10983611,-87.93675278,Barrera de Trafico de Concreto,El primer evento no fue una colision con un vehiculo automotor en transporte,Not an Intersection,No fue interseccion,Sobre el lado de la calle,Ninguna,Amanecer,Nublado,No,NO APLICA,5,47,99,99,1,03/04/2022,1
17,Illinois,171177,1,1,1,0,31,COOK (31),1670,CHICAGO,5,Mayo,9,2022,1,40,S KILPATRICK,6,Calle Local Municipalidad,Urbano,Local,City or Municipal Highway Agency,0,Sin jurisdiccion especial,0,41.86957778,-87.742425,Peaton,El primer evento no fue una colision con un vehiculo automotor en transporte,T-Intersection,Interseccion de T,Sobre calle,Ninguna,Oscuro con iluminacion,Despejado,No,NO APLICA,99,99,99,99,1,09/05/2022,1
17,Illinois,171178,0,0,2,0,29,COLES (29),0,NO APLICA,12,Diciembre,8,2022,16,9,2100E,5,Calle Local - Pueblo,Rural,Local,Town or Township Highway Agency,0,Sin jurisdiccion especial,0,39.45166111,-88.08231944,Vehiculo en movimiento,Golpe Lateral - direccion contraria,Not an Intersection,No fue interseccion,Sobre calle,Ninguna,Oscuro sin iluminacion,Nieve,No,NO APLICA,16,11,16,14,1,08/12/2022,2
17,Illinois,171179,0,0,4,0,75,IROQUOIS (75),0,NO APLICA,12,Diciembre,12,2022,17,12,US-45,2,US Highway,Rural,Colector Mayor,State Highway Agency,0,Sin jurisdiccion especial,0,40.67385,-88.01588333,Vehiculo en movimiento,Frente a frente,Not an Intersection,No fue interseccion,Sobre calle,Ninguna,Oscuro sin iluminacion,Despejado,No,NO APLICA,17,12,17,20,2,12/12/2022,6
18,Indiana,180001,0,0,2,0,131,PULASKI (131),0,NO APLICA,1,Enero,1,2022,18,58,US-421,2,US Highway,Rural,Arteria Principal,State Highway Agency,1,Sin jurisdiccion especial,99998,40.94540278,-86.89165,Vehiculo en movimiento,Frente a frente,Not an Intersection,No fue interseccion,Sobre calle,Ninguna,Oscuro sin iluminacion,Granizo,No,NO APLICA,99,99,99,99,1,01/01/2022,2
18,Indiana,180002,0,0,2,1,3,ALLEN (3),1580,FORT WAYNE,1,Enero,1,2022,2,31,KENSINGTON BLVD,6,Calle Local Municipalidad,Urbano,Local,City or Municipal Highway Agency,0,Sin jurisdiccion especial,99998,41.08710556,-85.11374167,Banqueta,El primer evento no fue una colision con un vehiculo automotor en transporte,Not an Intersection,No fue interseccion,Sobre el lado de la calle,Ninguna,Oscuro con iluminacion,Despejado,No,NO APLICA,99,99,99,99,1,01/01/2022,1
18,Indiana,180003,0,0,1,0,141,ST JOSEPH (141),0,NO APLICA,1,Enero,1,2022,8,15,CHICAGO TRAIL,5,Calle Local - Pueblo,Rural,Colector Menor,Town or Township Highway Agency,0,Sin jurisdiccion especial,99998,41.73746111,-86.470025,Poste de Señal de trafico,El primer evento no fue una colision con un vehiculo automotor en transporte,Not an Intersection,No fue interseccion,Sobre el lado de la calle,Ninguna,Dia total,lluvia,No,NO APLICA,99,99,99,99,1,01/01/2022,1
18,Indiana,180004,0,0,2,0,27,DAVIESS (27),0,NO APLICA,1,Enero,5,2022,6,20,CR-450E,4,Calle del Condado,Rural,Local,County Highway Agency,0,Sin jurisdiccion especial,99998,38.70934167,-87.08592778,Vehiculo en movimiento,Frente a frente,Not an Intersection,No fue interseccion,Sobre calle,Ninguna,Oscuro sin iluminacion,Despejado,No,NO APLICA,99,99,99,99,1,05/01/2022,2
18,Indiana,180005,0,0,1,0,167,VIGO (167),4840,TERRE HAUTE,1,Enero,6,2022,0,40,HULMAN ST,6,Calle Local Municipalidad,Urbano,Arteria Menor,City or Municipal Highway Agency,0,Sin jurisdiccion especial,99998,39.44834167,-87.39208611,Vehiculo Ferrocarril,El primer evento no fue una colision con un vehiculo automotor en transporte,Not an Intersection,No fue interseccion,Sobre calle,Ninguna,Oscuro sin iluminacion,Despejado,No,342281F,99,99,99,99,2,06/01/2022,2
18,Indiana,180006,0,0,1,0,43,FLOYD (43),0,NO APLICA,1,Enero,5,2022,7,45,FAIRVIEW KNOB RD,5,Calle Local - Pueblo,Rural,Local,City or Municipal Highway Agency,0,Sin jurisdiccion especial,99998,38.38293333,-85.81299444,Volcadura,El primer evento no fue una colision con un vehiculo automotor en transporte,Not an Intersection,No fue interseccion,Sobre el lado de la calle,Ninguna,Amanecer,Despejado,No,NO APLICA,99,99,99,99,1,05/01/2022,1
18,Indiana,180007,0,0,2,0,107,MONTGOMERY (107),1060,CRAWFORDSVILLE,1,Enero,5,2022,5,49,US-231,2,US Highway,Urbano,Arteria Principal,State Highway Agency,1,Sin jurisdiccion especial,99998,40.06796389,-86.90764444,Vehiculo en movimiento,Angulo,Not an Intersection,No fue interseccion,Sobre calle,Ninguna,Amanecer,Despejado,No,NO APLICA,99,99,99,99,1,05/01/2022,2
18,Indiana,180008,0,0,4,0,15,CARROLL (15),650,CAMDEN,1,Enero,3,2022,13,25,SR-29,3,Highway estatal,Rural,Arteria Menor,State Highway Agency,0,Sin jurisdiccion especial,99998,40.57916111,-86.39168611,Vehiculo en movimiento,Frente a Detrás,Not an Intersection,No fue interseccion,Sobre calle,Ninguna,Dia total,Despejado,No,NO APLICA,99,99,99,99,2,03/01/2022,7
18,Indiana,180009,0,0,2,0,81,JOHNSON (81),0,NO APLICA,1,Enero,4,2022,9,46,I-65,1,Interestatal,Rural,Interestatal,State Highway Agency,1,Sin jurisdiccion especial,874,39.45375,-85.99755556,Vehiculo en movimiento,Frente a Detrás,Not an Intersection,No fue interseccion,Sobre calle,Ninguna,Dia total,Despejado,No,NO APLICA,99,99,99,99,1,04/01/2022,3
18,Indiana,180010,0,0,1,0,3,ALLEN (3),0,NO APLICA,1,Enero,8,2022,14,20,LOWER HUNTINGTON RD,5,Calle Local - Pueblo,Rural,Colector Menor,Town or Township Highway Agency,0,Sin jurisdiccion especial,99998,41.01245,-85.21441944,Poste,El primer evento no fue una colision con un vehiculo automotor en transporte,Not an Intersection,No fue interseccion,Sobre el lado de la calle,Ninguna,Dia total,Nublado,No,NO APLICA,99,99,99,99,1,08/01/2022,2
18,Indiana,180011,0,0,1,0,135,RANDOLPH (135),0,NO APLICA,1,Enero,7,2022,6,56,CR- E UNION CITY PIKE,4,Calle del Condado,Rural,Colector Mayor,County Highway Agency,0,Sin jurisdiccion especial,99998,40.19508333,-84.89816111,Acotamiento,El primer evento no fue una colision con un vehiculo automotor en transporte,Not an Intersection,No fue interseccion,Sobre el lado de la calle,Ninguna,Oscuro sin iluminacion,Despejado,No,NO APLICA,99,99,99,99,1,07/01/2022,1
18,Indiana,180012,0,0,1,0,43,FLOYD (43),3400,NEW ALBANY,1,Enero,8,2022,10,21,SR-111 GRANT LINE RD,3,Highway estatal,Urbano,Colector Mayor,State Highway Agency,0,Sin jurisdiccion especial,99998,38.40185833,-85.80809722,Acotamiento,El primer evento no fue una colision con un vehiculo automotor en transporte,Not an Intersection,No fue interseccion,Sobre el lado de la calle,Ninguna,Dia total,Nublado,No,NO APLICA,99,99,99,99,1,08/01/2022,1
18,Indiana,180013,0,0,1,0,33,DEKALB (33),0,NO APLICA,1,Enero,4,2022,15,13,CR-35,4,Calle del Condado,Rural,Arteria Menor,County Highway Agency,0,Sin jurisdiccion especial,99998,41.39271944,-85.02381667,Edificio,El primer evento no fue una colision con un vehiculo automotor en transporte,Not an Intersection,No fue interseccion,Sobre el lado de la calle,Ninguna,Dia total,Despejado,No,NO APLICA,99,99,99,99,1,04/01/2022,1
18,Indiana,180014,0,0,2,0,165,VERMILLION (165),0,NO APLICA,1,Enero,7,2022,20,50,SR-63,3,Highway estatal,Rural,Arteria Principal,State Highway Agency,1,Sin jurisdiccion especial,99998,40.12521944,-87.45155833,Vehiculo en movimiento,Angulo,Not an Intersection,No fue interseccion,Sobre calle,Ninguna,Oscuro con iluminacion,Despejado,No,NO APLICA,99,99,99,99,1,07/01/2022,5
18,Indiana,180015,0,0,1,0,3,ALLEN (3),0,NO APLICA,1,Enero,7,2022,20,45,INDIANAPOLIS RD,5,Calle Local - Pueblo,Rural,Colector Menor,Town or Township Highway Agency,0,Sin jurisdiccion especial,99998,40.98414167,-85.20719444,Acotamiento,El primer evento no fue una colision con un vehiculo automotor en transporte,Not an Intersection,No fue interseccion,Sobre el lado de la calle,Ninguna,Oscuro sin iluminacion,Despejado,No,NO APLICA,99,99,99,99,1,07/01/2022,1
18,Indiana,180016,1,1,1,0,97,MARION (97),2210,INDIANAPOLIS,1,Enero,5,2022,19,0,75TH ST,6,Calle Local Municipalidad,Urbano,Colector Mayor,City or Municipal Highway Agency,0,Sin jurisdiccion especial,99998,39.8907,-86.04041944,Peaton,El primer evento no fue una colision con un vehiculo automotor en transporte,Not an Intersection,No fue interseccion,Sobre calle,Ninguna,Oscuro con iluminacion,Nublado,No,NO APLICA,99,99,99,99,1,05/01/2022,1
18,Indiana,180017,0,0,2,0,167,VIGO (167),0,NO APLICA,1,Enero,8,2022,13,48,CR-CLINTON,4,Calle del Condado,Rural,Arteria Principal,County Highway Agency,0,Sin jurisdiccion especial,99998,39.53015,-87.36978611,Vehiculo en movimiento,Golpe Lateral - direccion contraria,Not an Intersection,No fue interseccion,Sobre calle,Ninguna,Dia total,Granizo,No,NO APLICA,99,99,99,99,1,08/01/2022,3
18,Indiana,180018,0,0,1,0,99,MARSHALL (99),0,NO APLICA,1,Enero,3,2022,16,7,CR-1ST,4,Calle del Condado,Rural,Local,County Highway Agency,0,Sin jurisdiccion especial,99998,41.46350278,-86.36810278,Vehiculo Ferrocarril,El primer evento no fue una colision con un vehiculo automotor en transporte,Not an Intersection,No fue interseccion,Sobre calle,Ninguna,Dia total,Despejado,No,155465R,99,99,99,99,1,03/01/2022,1
18,Indiana,180019,0,0,1,0,163,VANDERBURGH (163),1480,EVANSVILLE,1,Enero,8,2022,15,16,BELLEMEADE AVE,6,Calle Local Municipalidad,Urbano,Colector Mayor,City or Municipal Highway Agency,0,Sin jurisdiccion especial,99998,37.96816111,-87.54365,Poste o otros soportes,El primer evento no fue una colision con un vehiculo automotor en transporte,Not an Intersection,No fue interseccion,Sobre el lado de la calle,Ninguna,Dia total,Nublado,No,NO APLICA,99,99,99,99,1,08/01/2022,1
18,Indiana,180020,0,0,2,0,145,SHELBY (145),0,NO APLICA,1,Enero,5,2022,3,20,I-74,1,Interestatal,Rural,Interestatal,State Highway Agency,1,Sin jurisdiccion especial,99998,39.63540556,-85.89809167,Volcadura,El primer evento no fue una colision con un vehiculo automotor en transporte,Not an Intersection,No fue interseccion,Sobre calle,Ninguna,Oscuro sin iluminacion,Despejado,No,NO APLICA,99,99,99,99,1,05/01/2022,2
18,Indiana,180021,0,0,2,0,3,ALLEN (3),1580,FORT WAYNE,1,Enero,10,2022,15,29,COLDWATER RD,6,Calle Local Municipalidad,Urbano,Arteria Principal,City or Municipal Highway Agency,0,Sin jurisdiccion especial,99998,41.14010556,-85.13631944,Vehiculo en movimiento,Angulo,Four-Way Intersection,Interseccion de 4 direcciones,Sobre calle,Ninguna,Dia total,Despejado,No,NO APLICA,99,99,99,99,1,10/01/2022,2
18,Indiana,180022,0,0,2,0,3,ALLEN (3),0,NO APLICA,1,Enero,13,2022,13,35,COLDWATER RD,5,Calle Local - Pueblo,Rural,Arteria Menor,Town or Township Highway Agency,0,Sin jurisdiccion especial,99998,41.25908056,-85.13495278,Vehiculo en movimiento,Frente a frente,Not an Intersection,No fue interseccion,Sobre calle,Ninguna,Dia total,Despejado,No,NO APLICA,99,99,99,99,1,13/01/2022,2
18,Indiana,180023,0,0,1,0,97,MARION (97),2210,INDIANAPOLIS,1,Enero,12,2022,3,45,I-465,1,Interestatal,Urbano,Interestatal,State Highway Agency,1,Sin jurisdiccion especial,99998,39.80821389,-86.27621944,Fin de valla,El primer evento no fue una colision con un vehiculo automotor en transporte,Not an Intersection,No fue interseccion,Sobre el lado de la calle,Ninguna,Oscuro con iluminacion,Despejado,No,NO APLICA,99,99,99,99,1,12/01/2022,1
18,Indiana,180024,0,0,2,0,139,RUSH (139),2836,MANILLA,1,Enero,13,2022,16,23,SR-44,3,Highway estatal,Rural,Arteria Menor,State Highway Agency,0,Sin jurisdiccion especial,99998,39.57261389,-85.61177222,Vehiculo en movimiento,Frente a frente,Not an Intersection,No fue interseccion,Sobre calle,Ninguna,Dia total,Despejado,No,NO APLICA,99,99,99,99,1,13/01/2022,2
18,Indiana,180025,0,0,2,0,109,MORGAN (109),0,NO APLICA,1,Enero,13,2022,2,25,SR-37,3,Highway estatal,Rural,Arteria Principal,State Highway Agency,1,Sin jurisdiccion especial,99998,39.555975,-86.25116389,Vehiculo en movimiento,Frente a Detrás,Four-Way Intersection,Interseccion de 4 direcciones,Sobre calle,Construccion,Oscuro con iluminacion,Nublado,No,NO APLICA,99,99,99,99,1,13/01/2022,2
18,Indiana,180026,0,0,1,0,127,PORTER (127),4025,PORTAGE,1,Enero,17,2022,23,30,US-20,2,US Highway,Urbano,Arteria Principal,State Highway Agency,1,Sin jurisdiccion especial,99998,41.59878611,-87.16244167,Volcadura,El primer evento no fue una colision con un vehiculo automotor en transporte,Not an Intersection,No fue interseccion,Sobre el lado de la calle,Ninguna,Oscuro con iluminacion,Despejado,No,NO APLICA,99,99,99,99,1,17/01/2022,1
18,Indiana,180027,0,0,1,0,141,ST JOSEPH (141),3440,NEW CARLISLE,1,Enero,15,2022,0,0,STRAWBERRY RD,5,Calle Local - Pueblo,Rural,Local,City or Municipal Highway Agency,0,Sin jurisdiccion especial,99998,41.64687778,-86.46236389,Volcadura,El primer evento no fue una colision con un vehiculo automotor en transporte,Not an Intersection,No fue interseccion,Sobre el lado de la calle,Ninguna,Oscuro sin iluminacion,Nublado,No,NO APLICA,99,99,99,99,1,15/01/2022,1
18,Indiana,180028,1,1,1,0,131,PULASKI (131),1620,FRANCESVILLE,1,Enero,9,2022,18,56,CR-1000,4,Calle del Condado,Rural,Local,County Highway Agency,0,Sin jurisdiccion especial,99998,40.91244167,-86.88886389,Peaton,El primer evento no fue una colision con un vehiculo automotor en transporte,Not an Intersection,No fue interseccion,Sobre calle,Ninguna,Oscuro sin iluminacion,Despejado,No,NO APLICA,99,99,99,99,1,09/01/2022,1
18,Indiana,180029,0,0,2,0,97,MARION (97),2210,INDIANAPOLIS,1,Enero,13,2022,17,5,KESSLER BLVD,6,Calle Local Municipalidad,Urbano,Arteria Principal,City or Municipal Highway Agency,0,Sin jurisdiccion especial,99998,39.86230556,-86.13290833,Vehiculo en movimiento,Angulo,Four-Way Intersection,Interseccion de 4 direcciones,Sobre calle,Ninguna,Dia total,Despejado,No,NO APLICA,99,99,99,99,1,13/01/2022,2
18,Indiana,180030,1,1,2,1,5,BARTHOLOMEW (5),0,NO APLICA,1,Enero,1,2022,1,29,I-65N,1,Interestatal,Rural,Interestatal,State Highway Agency,1,Sin jurisdiccion especial,595,39.130925,-85.95779722,Vehiculo Aparcado,El primer evento no fue una colision con un vehiculo automotor en transporte,Not an Intersection,No fue interseccion,Sobre calle,Ninguna,Oscuro sin iluminacion,lluvia,No,NO APLICA,99,99,99,99,1,01/01/2022,2
18,Indiana,180031,0,0,2,0,97,MARION (97),2210,INDIANAPOLIS,1,Enero,18,2022,9,0,I-70,1,Interestatal,Urbano,Interestatal,State Highway Agency,1,Sin jurisdiccion especial,99998,39.80623333,-86.06353333,Vehiculo en movimiento,Frente a Detrás,Not an Intersection,No fue interseccion,Sobre calle,Ninguna,Dia total,Despejado,No,NO APLICA,99,99,99,99,1,18/01/2022,2
18,Indiana,180032,0,0,1,0,65,HENRY (65),3450,NEW CASTLE,1,Enero,19,2022,21,50,SR-103,3,Highway estatal,Rural,Colector Mayor,State Highway Agency,0,Sin jurisdiccion especial,99998,39.86866111,-85.35510556,Otro objeto (fijo),El primer evento no fue una colision con un vehiculo automotor en transporte,Not an Intersection,No fue interseccion,Sobre el lado de la calle,Ninguna,Oscuro sin iluminacion,Despejado,No,NO APLICA,99,99,99,99,1,19/01/2022,1
18,Indiana,180033,0,0,1,0,41,FAYETTE (41),0,NO APLICA,1,Enero,17,2022,8,37,CR-ALQUINA RD,4,Calle del Condado,Rural,Colector Mayor,County Highway Agency,0,Sin jurisdiccion especial,99998,39.61858889,-85.07629167,Zanja,El primer evento no fue una colision con un vehiculo automotor en transporte,Not an Intersection,No fue interseccion,Sobre el lado de la calle,Ninguna,Dia total,Nublado,No,NO APLICA,99,99,99,99,1,17/01/2022,1
18,Indiana,180034,0,0,2,0,81,JOHNSON (81),1950,GREENWOOD,1,Enero,10,2022,9,49,SR-37,3,Highway estatal,Rural,Arteria Principal,State Highway Agency,1,Sin jurisdiccion especial,99998,39.56516667,-86.24698333,Vehiculo en movimiento,Frente a Detrás,Four-Way Intersection,Interseccion de 4 direcciones,Sobre calle,Ninguna,Dia total,Despejado,No,NO APLICA,99,99,99,99,1,10/01/2022,2
18,Indiana,180035,0,0,2,0,97,MARION (97),2210,INDIANAPOLIS,1,Enero,14,2022,5,46,42ND ST,6,Calle Local Municipalidad,Urbano,Arteria Principal,City or Municipal Highway Agency,0,Sin jurisdiccion especial,99998,39.83336111,-86.01015278,Vehiculo en movimiento,Frente a Detrás,Four-Way Intersection,Interseccion de 4 direcciones,Sobre calle,Ninguna,Oscuro con iluminacion,Nublado,No,NO APLICA,99,99,99,99,1,14/01/2022,2
18,Indiana,180036,0,0,1,0,165,VERMILLION (165),940,CLINTON,1,Enero,13,2022,16,13,WATER ST,6,Calle Local Municipalidad,Urbano,Local,City or Municipal Highway Agency,0,Sin jurisdiccion especial,99998,39.65831944,-87.39679722,Immersion total o parcial,El primer evento no fue una colision con un vehiculo automotor en transporte,Not an Intersection,No fue interseccion,Fuera de la calle,Ninguna,Dia total,Despejado,No,NO APLICA,99,99,99,99,1,13/01/2022,1
18,Indiana,180037,0,0,2,0,91,LA PORTE (91),0,NO APLICA,1,Enero,21,2022,10,18,US-421,2,US Highway,Rural,Arteria Principal,State Highway Agency,1,Sin jurisdiccion especial,99998,41.39550278,-86.89143889,Vehiculo en movimiento,Frente a Detrás,Not an Intersection,No fue interseccion,Sobre calle,Ninguna,Dia total,Despejado,No,NO APLICA,99,99,99,99,1,21/01/2022,6
18,Indiana,180038,0,0,1,0,17,CASS (17),2730,LOGANSPORT,1,Enero,19,2022,23,59,SR-16,3,Highway estatal,Rural,Colector Mayor,State Highway Agency,0,Sin jurisdiccion especial,99998,40.86606389,-86.28558056,Otro objeto (no fijo),El primer evento no fue una colision con un vehiculo automotor en transporte,Not an Intersection,No fue interseccion,Sobre el lado de la calle,Ninguna,Oscuro sin iluminacion,Nublado,No,NO APLICA,99,99,99,99,1,19/01/2022,2
18,Indiana,180039,0,0,1,0,73,JASPER (73),0,NO APLICA,1,Enero,20,2022,7,30,CR-300,4,Calle del Condado,Rural,Local,County Highway Agency,0,Sin jurisdiccion especial,99998,41.23840278,-87.10239444,Volcadura,El primer evento no fue una colision con un vehiculo automotor en transporte,Not an Intersection,No fue interseccion,Sobre el lado de la calle,Ninguna,Oscuro sin iluminacion,Despejado,No,NO APLICA,99,99,99,99,1,20/01/2022,1
18,Indiana,180040,0,0,1,0,133,PUTNAM (133),0,NO APLICA,1,Enero,23,2022,18,50,CR-50S,4,Calle del Condado,Rural,Local,County Highway Agency,0,Sin jurisdiccion especial,99998,39.65300833,-86.794275,Arbol,El primer evento no fue una colision con un vehiculo automotor en transporte,Not an Intersection,No fue interseccion,Sobre el lado de la calle,Ninguna,Oscuro sin iluminacion,Despejado,No,NO APLICA,99,99,99,99,1,23/01/2022,1
18,Indiana,180041,0,0,1,0,97,MARION (97),2210,INDIANAPOLIS,1,Enero,8,2022,17,55,SOUTH POST RD,6,Calle Local Municipalidad,Urbano,Arteria Menor,City or Municipal Highway Agency,0,Sin jurisdiccion especial,99998,39.72571389,-86.00856111,Poste,El primer evento no fue una colision con un vehiculo automotor en transporte,Not an Intersection,No fue interseccion,Sobre el lado de la calle,Ninguna,Oscuro sin iluminacion,No reportado,No,NO APLICA,99,99,99,99,1,08/01/2022,2
18,Indiana,180042,0,0,2,0,89,LAKE (89),1730,GARY,1,Enero,7,2022,11,34,I-80,1,Interestatal,Urbano,Interestatal,State Highway Agency,1,Sin jurisdiccion especial,99998,41.57001944,-87.41368611,Vehiculo en movimiento,Frente a Detrás,Not an Intersection,No fue interseccion,Sobre calle,Ninguna,Dia total,Despejado,No,NO APLICA,99,99,99,99,2,07/01/2022,4
18,Indiana,180043,0,0,1,0,21,CLAY (21),0,NO APLICA,1,Enero,8,2022,14,12,I-70,1,Interestatal,Rural,Interestatal,State Highway Agency,1,Sin jurisdiccion especial,99998,39.44999722,-87.11168056,Otro objeto (no fijo),El primer evento no fue una colision con un vehiculo automotor en transporte,Not an Intersection,No fue interseccion,Sobre el lado de la calle,Ninguna,Dia total,No reportado,No,NO APLICA,99,99,99,99,3,08/01/2022,4
18,Indiana,180044,0,0,2,0,53,GRANT (53),0,NO APLICA,1,Enero,25,2022,8,30,SR-37,3,Highway estatal,Rural,Arteria Menor,State Highway Agency,0,Sin jurisdiccion especial,99998,40.45741944,-85.70967222,Vehiculo en movimiento,Frente a Detrás,Not an Intersection,No fue interseccion,Sobre calle,Ninguna,Oscuro sin iluminacion,Despejado,No,NO APLICA,99,99,99,99,1,25/01/2022,2
18,Indiana,180045,0,0,3,0,3,ALLEN (3),0,NO APLICA,1,Enero,26,2022,16,8,SR-37,3,Highway estatal,Rural,Colector Mayor,State Highway Agency,0,Sin jurisdiccion especial,99998,41.22716111,-84.87720833,Vehiculo en movimiento,Frente a frente,Not an Intersection,No fue interseccion,Sobre calle,Ninguna,Dia total,Despejado,No,NO APLICA,99,99,99,99,1,26/01/2022,6
18,Indiana,180046,0,0,2,0,95,MADISON (95),0,NO APLICA,1,Enero,19,2022,8,36,SR-9,3,Highway estatal,Rural,Arteria Principal,State Highway Agency,0,Sin jurisdiccion especial,99998,40.179075,-85.67161389,Vehiculo en movimiento,Angulo,Four-Way Intersection,Interseccion de 4 direcciones,Sobre calle,Ninguna,Dia total,Despejado,No,NO APLICA,99,99,99,99,1,19/01/2022,2
18,Indiana,180047,0,0,2,0,97,MARION (97),2210,INDIANAPOLIS,1,Enero,25,2022,20,57,KESSLER BLVD,6,Calle Local Municipalidad,Urbano,Arteria Menor,City or Municipal Highway Agency,0,Sin jurisdiccion especial,99998,39.80976667,-86.21114167,Vehiculo en movimiento,Angulo,Four-Way Intersection,Interseccion de 4 direcciones,Sobre calle,Ninguna,Oscuro con iluminacion,Despejado,No,NO APLICA,99,99,99,99,1,25/01/2022,3
18,Indiana,180048,0,0,1,0,19,CLARK (19),870,CLARKSVILLE,1,Enero,27,2022,23,0,MARKET,6,Calle Local Municipalidad,Urbano,Arteria Menor,City or Municipal Highway Agency,0,Sin jurisdiccion especial,99998,38.26962222,-85.75183611,Muro,El primer evento no fue una colision con un vehiculo automotor en transporte,Not an Intersection,No fue interseccion,Sobre el lado de la calle,Ninguna,Oscuro sin iluminacion,Despejado,No,NO APLICA,99,99,99,99,1,27/01/2022,1
18,Indiana,180049,0,0,2,0,97,MARION (97),2210,INDIANAPOLIS,1,Enero,12,2022,20,21,30TH ST,6,Calle Local Municipalidad,Urbano,Arteria Menor,City or Municipal Highway Agency,0,Sin jurisdiccion especial,99998,39.81116944,-86.03168889,Vehiculo en movimiento,Frente a frente,Not an Intersection,No fue interseccion,Sobre calle,Ninguna,Oscuro con iluminacion,Despejado,No,NO APLICA,99,99,99,99,1,12/01/2022,2
18,Indiana,180050,0,0,1,0,31,DECATUR (31),0,NO APLICA,1,Enero,15,2022,21,13,CR-MICHIGAN AVE,4,Calle del Condado,Rural,Colector Mayor,County Highway Agency,0,Sin jurisdiccion especial,99998,39.44184722,-85.60711389,Piedrotototota,El primer evento no fue una colision con un vehiculo automotor en transporte,Not an Intersection,No fue interseccion,Sobre el lado de la calle,Ninguna,Oscuro sin iluminacion,Despejado,No,NO APLICA,99,99,99,99,1,15/01/2022,2