Estado,Nombre de Estado,Numero de Caso,Peatones,Personas _no_vehiculos,Vehiculos automotores,Vehiculos estacionados,Condado,Nombre Condado,Ciudad,Nombre Ciudad,Mes,Nombre Mes,Dia,Año,Hora,Minuto,Calle,Ruta,Nombre Ruta,Rural o Urbanoo,Sistema Funcional,Dueño Calle,Sistema Nacional Carreteras,Jurisdiccion Especial,Milla,Latitud,Longitud,Causa del Accidente,Tipo de Accidente,Tipo Interseccion,Columna1,Lugar en la calle,Zona de Trabajo,Luz,Clima,Autobus Escolar,Cruce de Trenes,Hora Notificacion,Minuto Notificacion,Hora Llegada,Minuto Llegada,Decesos,Fecha,PersonaVehiculo
18,Indiana,180051,0,0,2,0,43,FLOYD (43),0,NO APLICA,1,Enero,15,2022,8,0,I-64,1,Interestatal,Rural,Interestatal,State Highway Agency,1,Sin jurisdiccion especial,99998,38.30147222,-85.85342778,Vehiculo en movimiento,Golpe Lateral - misma direccion,Not an Intersection,No fue interseccion,Sobre calle,Ninguna,Dia total,Nublado,No,NO APLICA,99,99,99,99,1,15/01/2022,2
18,Indiana,180052,0,0,4,0,57,HAMILTON (57),170,ARCADIA,1,Enero,28,2022,11,28,US-31,2,US Highway,Rural,Arteria Principal,State Highway Agency,1,Sin jurisdiccion especial,99998,40.15293889,-86.12810556,Vehiculo en movimiento,Frente a Detrás,Not an Intersection,No fue interseccion,Sobre calle,Ninguna,Dia total,Nieve,No,NO APLICA,99,99,99,99,1,28/01/2022,4
18,Indiana,180053,0,0,1,0,27,DAVIESS (27),5120,WASHINGTON,1,Enero,28,2022,14,28,US-50,2,US Highway,Rural,Arteria Principal,State Highway Agency,1,Sin jurisdiccion especial,99998,38.64670833,-87.24996111,Soporte de Puente,El primer evento no fue una colision con un vehiculo automotor en transporte,Not an Intersection,No fue interseccion,Sobre el lado de la calle,Ninguna,Dia total,Nieve,No,NO APLICA,99,99,99,99,1,28/01/2022,2
18,Indiana,180054,0,0,2,0,61,HARRISON (61),3572,NEW SALISBURY,1,Enero,26,2022,9,3,SR-64,3,Highway estatal,Rural,Colector Mayor,State Highway Agency,0,Sin jurisdiccion especial,99998,38.31654167,-86.07850556,Vehiculo en movimiento,Frente a frente,Not an Intersection,No fue interseccion,Sobre calle,Ninguna,Dia total,Despejado,No,NO APLICA,99,99,99,99,1,26/01/2022,2
18,Indiana,180055,0,0,1,0,135,RANDOLPH (135),5350,WINCHESTER,1,Enero,31,2022,5,30,CR-400,4,Calle del Condado,Rural,Local,County Highway Agency,0,Sin jurisdiccion especial,99998,40.14743889,-85.05418889,Arbol,El primer evento no fue una colision con un vehiculo automotor en transporte,Not an Intersection,No fue interseccion,Sobre el lado de la calle,Ninguna,Oscuro sin iluminacion,Despejado,No,NO APLICA,99,99,99,99,1,31/01/2022,1
18,Indiana,180056,1,1,1,0,97,MARION (97),2210,INDIANAPOLIS,1,Enero,24,2022,18,30,38TH,6,Calle Local Municipalidad,Urbano,Arteria Principal,City or Municipal Highway Agency,0,Sin jurisdiccion especial,99998,39.82369444,-86.25953611,Peaton,El primer evento no fue una colision con un vehiculo automotor en transporte,Not an Intersection,No fue interseccion,Sobre calle,Ninguna,Oscuro sin iluminacion,Despejado,No,NO APLICA,99,99,99,99,1,24/01/2022,1
18,Indiana,180057,0,0,2,0,25,CRAWFORD (25),9898,Not Reported,1,Enero,28,2022,6,10,SR-37,3,Highway estatal,Rural,Arteria Principal,State Highway Agency,0,Sin jurisdiccion especial,99998,38.32131944,-86.60688333,Vehiculo en movimiento,Angulo,Not an Intersection,No fue interseccion,Sobre calle,Ninguna,Oscuro sin iluminacion,Despejado,No,NO APLICA,99,99,99,99,1,28/01/2022,2
18,Indiana,180058,0,0,1,0,105,MONROE (105),380,BLOOMINGTON,1,Enero,31,2022,5,49,SR-37,3,Highway estatal,Rural,Arterial Principal -Freeway o ExpressWay,State Highway Agency,1,Sin jurisdiccion especial,99998,39.01583056,-86.53698611,Acotamiento,El primer evento no fue una colision con un vehiculo automotor en transporte,Not an Intersection,No fue interseccion,En el medio,Ninguna,Oscuro sin iluminacion,Despejado,No,NO APLICA,99,99,99,99,1,31/01/2022,1
18,Indiana,180059,0,0,1,0,87,LAGRANGE (87),2165,HOWE,1,Enero,15,2022,20,33,I-80,1,Interestatal,Rural,Interestatal,State Highway Agency,1,Sin jurisdiccion especial,99998,41.73966111,-85.28756389,Valla Ferrocarril,El primer evento no fue una colision con un vehiculo automotor en transporte,Not an Intersection,No fue interseccion,Sobre el lado de la calle,Ninguna,Oscuro sin iluminacion,Despejado,No,NO APLICA,99,99,99,99,1,15/01/2022,1
18,Indiana,180060,0,0,2,0,89,LAKE (89),2090,HIGHLAND,1,Enero,30,2022,9,0,US-41,2,US Highway,Urbano,Arteria Principal,State Highway Agency,1,Sin jurisdiccion especial,99998,41.52668611,-87.47120556,Vehiculo en movimiento,Angulo,Four-Way Intersection,Interseccion de 4 direcciones,Sobre calle,Ninguna,Dia total,Despejado,No,NO APLICA,99,99,99,99,1,30/01/2022,2
18,Indiana,180061,0,0,1,0,23,CLINTON (23),0,NO APLICA,1,Enero,29,2022,1,35,SR-26,3,Highway estatal,Rural,Arteria Principal,State Highway Agency,1,Sin jurisdiccion especial,99998,40.41667222,-86.51393611,Poste,El primer evento no fue una colision con un vehiculo automotor en transporte,Not an Intersection,No fue interseccion,Sobre el lado de la calle,Ninguna,Oscuro sin iluminacion,Despejado,No,NO APLICA,99,99,99,99,2,29/01/2022,2
18,Indiana,180062,0,0,4,0,91,LA PORTE (91),2990,MICHIGAN CITY,1,Enero,6,2022,5,30,I-94,1,Interestatal,Rural,Interestatal,State Highway Agency,1,Sin jurisdiccion especial,99998,41.67050833,-86.85793333,Vehiculo en movimiento,Angulo,Not an Intersection,No fue interseccion,Sobre calle,Ninguna,Oscuro sin iluminacion,Nieve,No,NO APLICA,99,99,99,99,1,06/01/2022,6
18,Indiana,180063,0,0,1,0,95,MADISON (95),0,NO APLICA,2,Febrero,2,2022,14,30,CR-300S,4,Calle del Condado,Rural,Arteria Menor,County Highway Agency,0,Sin jurisdiccion especial,99998,40.06081389,-85.76821667,Otro objeto (no fijo),El primer evento no fue una colision con un vehiculo automotor en transporte,Not an Intersection,No fue interseccion,Sobre el lado de la calle,Ninguna,Dia total,lluvia,No,NO APLICA,99,99,99,99,1,02/02/2022,1
18,Indiana,180064,0,0,1,0,95,MADISON (95),140,ANDERSON,2,Febrero,2,2022,21,30,SCATTERFIELD RD,6,Calle Local Municipalidad,Urbano,Arteria Principal,City or Municipal Highway Agency,0,Sin jurisdiccion especial,99998,40.12648611,-85.65471667,Poste,El primer evento no fue una colision con un vehiculo automotor en transporte,Not an Intersection,No fue interseccion,Sobre el lado de la calle,Ninguna,Oscuro con iluminacion,Nieve,No,NO APLICA,99,99,99,99,1,02/02/2022,1
18,Indiana,180065,0,0,2,0,107,MONTGOMERY (107),0,NO APLICA,2,Febrero,4,2022,19,49,SR-32,3,Highway estatal,Rural,Arteria Menor,State Highway Agency,0,Sin jurisdiccion especial,99998,40.04706111,-86.80160278,Vehiculo en movimiento,Frente a frente,Not an Intersection,No fue interseccion,Sobre calle,Ninguna,Oscuro sin iluminacion,Nieve,No,NO APLICA,99,99,99,99,1,04/02/2022,2
18,Indiana,180066,1,1,1,0,141,ST JOSEPH (141),0,NO APLICA,1,Enero,28,2022,5,33,SR-23,3,Highway estatal,Rural,Arteria Menor,State Highway Agency,0,Sin jurisdiccion especial,99998,41.59515833,-86.38655278,Ciclista,El primer evento no fue una colision con un vehiculo automotor en transporte,Not an Intersection,No fue interseccion,Sobre calle,Ninguna,Oscuro sin iluminacion,Nublado,No,NO APLICA,99,99,99,99,1,28/01/2022,2
18,Indiana,180067,0,0,2,0,97,MARION (97),2210,INDIANAPOLIS,2,Febrero,4,2022,17,24,I-65,1,Interestatal,Urbano,Interestatal,State Highway Agency,1,Sin jurisdiccion especial,1204,39.84014167,-86.243975,Vehiculo en movimiento,Frente a Detrás,Not an Intersection,No fue interseccion,Sobre calle,Ninguna,Dia total,Despejado,No,NO APLICA,99,99,99,99,1,04/02/2022,2
18,Indiana,180068,0,0,1,0,133,PUTNAM (133),260,BAINBRIDGE,2,Febrero,5,2022,8,28,PAT RADY WAY,6,Calle Local Municipalidad,Urbano,Arteria Principal,City or Municipal Highway Agency,1,Sin jurisdiccion especial,99998,39.76188889,-86.818725,Muro,El primer evento no fue una colision con un vehiculo automotor en transporte,Not an Intersection,No fue interseccion,Sobre el lado de la calle,Ninguna,Dia total,Despejado,No,NO APLICA,99,99,99,99,1,05/02/2022,1
18,Indiana,180069,0,0,2,0,59,HANCOCK (59),1890,GREENFIELD,2,Febrero,5,2022,20,36,I-70,1,Interestatal,Rural,Interestatal,State Highway Agency,1,Sin jurisdiccion especial,1090,39.82564722,-85.67034167,Vehiculo en movimiento,Frente a Detrás,Not an Intersection,No fue interseccion,Sobre calle,Ninguna,Oscuro sin iluminacion,Despejado,No,NO APLICA,99,99,99,99,1,05/02/2022,2
18,Indiana,180070,0,0,1,0,87,LAGRANGE (87),0,NO APLICA,1,Enero,14,2022,15,7,US-20,2,US Highway,Rural,Arteria Principal,State Highway Agency,1,Sin jurisdiccion especial,99998,41.64193611,-85.22815278,Buzon de correo,El primer evento no fue una colision con un vehiculo automotor en transporte,Not an Intersection,No fue interseccion,Sobre el lado de la calle,Ninguna,Dia total,Nublado,No,NO APLICA,99,99,99,99,1,14/01/2022,3
18,Indiana,180071,1,1,1,0,31,DECATUR (31),1910,GREENSBURG,1,Enero,16,2022,16,26,MOSCOW RD,6,Calle Local Municipalidad,Urbano,Colector Mayor,City or Municipal Highway Agency,0,Sin jurisdiccion especial,99998,39.35305,-85.49875833,Peaton,El primer evento no fue una colision con un vehiculo automotor en transporte,Not an Intersection,No fue interseccion,Sobre el lado de la calle,Ninguna,Dia total,Despejado,No,NO APLICA,99,99,99,99,1,16/01/2022,1
18,Indiana,180072,0,0,2,0,31,DECATUR (31),0,NO APLICA,1,Enero,25,2022,7,0,I-74,1,Interestatal,Rural,Interestatal,State Highway Agency,1,Sin jurisdiccion especial,99998,39.32946944,-85.387575,Vehiculo en movimiento,Frente a frente,Not an Intersection,No fue interseccion,Sobre calle,Ninguna,Oscuro sin iluminacion,Despejado,No,NO APLICA,99,99,99,99,1,25/01/2022,2
18,Indiana,180073,0,0,2,0,137,RIPLEY (137),0,NO APLICA,1,Enero,29,2022,9,0,US-421,2,US Highway,Rural,Arteria Principal,State Highway Agency,1,Sin jurisdiccion especial,99998,39.19365833,-85.32481667,Vehiculo en movimiento,Frente a frente,Not an Intersection,No fue interseccion,Sobre calle,Ninguna,Dia total,Despejado,No,NO APLICA,99,99,99,99,1,29/01/2022,2
18,Indiana,180074,0,0,1,0,59,HANCOCK (59),1890,GREENFIELD,2,Febrero,9,2022,21,15,I-70,1,Interestatal,Rural,Interestatal,State Highway Agency,1,Sin jurisdiccion especial,1116,39.82586111,-85.62188611,Barrera de Cable,El primer evento no fue una colision con un vehiculo automotor en transporte,Not an Intersection,No fue interseccion,En el medio,Ninguna,Dia total,Despejado,No,NO APLICA,99,99,99,99,1,09/02/2022,2
18,Indiana,180076,1,1,3,0,97,MARION (97),2210,INDIANAPOLIS,2,Febrero,8,2022,15,55,HOLT RD,6,Calle Local Municipalidad,Urbano,Arteria Principal,City or Municipal Highway Agency,0,Sin jurisdiccion especial,99998,39.753,-86.22522222,Vehiculo en movimiento,Angulo,Four-Way Intersection,Interseccion de 4 direcciones,Sobre calle,Ninguna,Dia total,Despejado,No,NO APLICA,99,99,99,99,1,08/02/2022,3
18,Indiana,180077,1,1,1,0,97,MARION (97),2210,INDIANAPOLIS,2,Febrero,10,2022,21,0,KEYSTONE AVE,6,Calle Local Municipalidad,Urbano,Arteria Principal,City or Municipal Highway Agency,0,Sin jurisdiccion especial,99998,39.82239167,-86.12173056,Peaton,El primer evento no fue una colision con un vehiculo automotor en transporte,Not an Intersection,No fue interseccion,Sobre calle,Ninguna,Oscuro con iluminacion,Despejado,No,NO APLICA,99,99,99,99,1,10/02/2022,1
18,Indiana,180078,0,0,1,0,71,JACKSON (71),570,BROWNSTOWN,2,Febrero,10,2022,20,22,CR-100,4,Calle del Condado,Rural,Local,County Highway Agency,0,Sin jurisdiccion especial,99998,38.89846389,-86.10785833,Acotamiento,El primer evento no fue una colision con un vehiculo automotor en transporte,Not an Intersection,No fue interseccion,Sobre el lado de la calle,Ninguna,Oscuro sin iluminacion,Despejado,No,NO APLICA,99,99,99,99,1,10/02/2022,1
18,Indiana,180079,0,0,1,0,181,WHITE (181),0,NO APLICA,2,Febrero,13,2022,8,1,CR-800,4,Calle del Condado,Rural,Local,County Highway Agency,0,Sin jurisdiccion especial,99998,40.80245833,-86.71578889,Volcadura,El primer evento no fue una colision con un vehiculo automotor en transporte,Not an Intersection,No fue interseccion,Sobre el lado de la calle,Ninguna,Oscuro sin iluminacion,Despejado,No,NO APLICA,99,99,99,99,1,13/02/2022,1
18,Indiana,180080,0,0,1,0,91,LA PORTE (91),0,NO APLICA,1,Enero,12,2022,1,21,I-94,1,Interestatal,Rural,Interestatal,State Highway Agency,1,Sin jurisdiccion especial,449,41.75183611,-86.76376667,Valla Ferrocarril,El primer evento no fue una colision con un vehiculo automotor en transporte,Not an Intersection,No fue interseccion,Sobre el lado de la calle,Ninguna,Oscuro sin iluminacion,Despejado,No,NO APLICA,99,99,99,99,1,12/01/2022,1
18,Indiana,180081,0,0,1,0,167,VIGO (167),0,NO APLICA,2,Febrero,13,2022,2,37,13TH,5,Calle Local - Pueblo,Rural,Arteria Menor,City or Municipal Highway Agency,0,Sin jurisdiccion especial,99998,39.54031389,-87.39811667,Acotamiento,El primer evento no fue una colision con un vehiculo automotor en transporte,Not an Intersection,No fue interseccion,Sobre el lado de la calle,Ninguna,Oscuro sin iluminacion,No reportado,No,NO APLICA,99,99,99,99,1,13/02/2022,1
18,Indiana,180083,0,1,2,1,97,MARION (97),2210,INDIANAPOLIS,2,Febrero,4,2022,23,20,I-465,1,Interestatal,Urbano,Interestatal,State Highway Agency,1,Sin jurisdiccion especial,99998,39.70365,-86.085725,Vehiculo Aparcado,El primer evento no fue una colision con un vehiculo automotor en transporte,Not an Intersection,No fue interseccion,Sobre Acotamiento,Ninguna,Oscuro con iluminacion,Nieve,No,NO APLICA,99,99,99,99,1,04/02/2022,1
18,Indiana,180084,0,0,3,0,97,MARION (97),2210,INDIANAPOLIS,2,Febrero,11,2022,16,10,POST RD,6,Calle Local Municipalidad,Urbano,Arteria Principal,City or Municipal Highway Agency,0,Sin jurisdiccion especial,99998,39.82611944,-86.00991111,Vehiculo en movimiento,Angulo,Four-Way Intersection,Interseccion de 4 direcciones,Sobre calle,Ninguna,Dia total,lluvia,No,NO APLICA,99,99,99,99,1,11/02/2022,4
18,Indiana,180085,0,0,2,0,143,SCOTT (143),240,AUSTIN,1,Enero,24,2022,6,15,SR-256,3,Highway estatal,Rural,Colector Mayor,State Highway Agency,0,Sin jurisdiccion especial,99998,38.74366944,-85.73363333,Vehiculo en movimiento,Frente a frente,Not an Intersection,No fue interseccion,Sobre calle,Ninguna,Oscuro sin iluminacion,Despejado,No,NO APLICA,99,99,99,99,1,24/01/2022,3
18,Indiana,180086,0,0,4,0,97,MARION (97),2210,INDIANAPOLIS,2,Febrero,14,2022,9,8,SR-67,3,Highway estatal,Urbano,Arteria Principal,State Highway Agency,1,Sin jurisdiccion especial,99998,39.68026667,-86.28804722,Vehiculo en movimiento,Frente a Detrás,Four-Way Intersection,Interseccion de 4 direcciones,Sobre calle,Ninguna,Dia total,Despejado,No,NO APLICA,99,99,99,99,1,14/02/2022,4
18,Indiana,180087,0,0,2,0,89,LAKE (89),1730,GARY,2,Febrero,15,2022,23,38,GRANT ST,6,Calle Local Municipalidad,Urbano,Arteria Menor,City or Municipal Highway Agency,0,Sin jurisdiccion especial,99998,41.560475,-87.35596944,Vehiculo en movimiento,Frente a frente,T-Intersection,Interseccion de T,Sobre calle,Ninguna,Oscuro con iluminacion,Despejado,No,NO APLICA,99,99,99,99,1,15/02/2022,3
18,Indiana,180088,0,0,2,0,89,LAKE (89),1730,GARY,2,Febrero,15,2022,7,34,39TH AVE,6,Calle Local Municipalidad,Urbano,Colector Menor,City or Municipal Highway Agency,0,Sin jurisdiccion especial,99998,41.547575,-87.32678056,Vehiculo en movimiento,Angulo,T-Intersection,Interseccion de T,Sobre calle,Ninguna,Dia total,Despejado,No,NO APLICA,99,99,99,99,1,15/02/2022,2
18,Indiana,180089,0,0,1,0,85,KOSCIUSKO (85),0,NO APLICA,2,Febrero,17,2022,4,11,KINGS,6,Calle Local Municipalidad,Urbano,Arteria Menor,City or Municipal Highway Agency,0,Sin jurisdiccion especial,99998,41.22836111,-85.81665833,Piedrotototota,El primer evento no fue una colision con un vehiculo automotor en transporte,Not an Intersection,No fue interseccion,Sobre el lado de la calle,Ninguna,Oscuro sin iluminacion,lluvia,No,NO APLICA,99,99,99,99,1,17/02/2022,1
18,Indiana,180090,0,0,2,0,105,MONROE (105),380,BLOOMINGTON,2,Febrero,21,2022,15,36,KINSER PIKE,6,Calle Local Municipalidad,Urbano,Arteria Principal,City or Municipal Highway Agency,0,Sin jurisdiccion especial,99998,39.18642778,-86.53772222,Vehiculo en movimiento,Angulo,Four-Way Intersection,Interseccion de 4 direcciones,Sobre calle,Ninguna,Dia total,Despejado,No,NO APLICA,99,99,99,99,1,21/02/2022,3
18,Indiana,180091,0,0,1,0,97,MARION (97),2210,INDIANAPOLIS,2,Febrero,19,2022,3,20,MICHIGAN RD,6,Calle Local Municipalidad,Urbano,Arteria Principal,City or Municipal Highway Agency,0,Sin jurisdiccion especial,99998,39.86809167,-86.201725,Poste,El primer evento no fue una colision con un vehiculo automotor en transporte,Not an Intersection,No fue interseccion,Sobre el lado de la calle,Ninguna,Oscuro con iluminacion,Despejado,No,NO APLICA,99,99,99,99,1,19/02/2022,2
18,Indiana,180092,0,0,1,0,89,LAKE (89),1730,GARY,2,Febrero,19,2022,18,45,US-12,2,US Highway,Urbano,Arteria Principal,State Highway Agency,1,Sin jurisdiccion especial,99998,41.60455278,-87.24437222,Poste,El primer evento no fue una colision con un vehiculo automotor en transporte,Not an Intersection,No fue interseccion,Sobre el lado de la calle,Ninguna,Oscuro sin iluminacion,Despejado,No,NO APLICA,99,99,99,99,1,19/02/2022,1
18,Indiana,180093,0,0,3,0,57,HAMILTON (57),1540,FISHERS,2,Febrero,16,2022,12,28,ALLISONVILLE RD,6,Calle Local Municipalidad,Urbano,Arteria Principal,City or Municipal Highway Agency,0,Sin jurisdiccion especial,99998,39.96764167,-86.03629444,Vehiculo en movimiento,Angulo,Not an Intersection,No fue interseccion,Sobre calle,Ninguna,Dia total,Despejado,No,NO APLICA,99,99,99,99,1,16/02/2022,3
18,Indiana,180094,1,1,1,0,97,MARION (97),2210,INDIANAPOLIS,2,Febrero,19,2022,3,26,TROY AVE,6,Calle Local Municipalidad,Urbano,Arteria Menor,City or Municipal Highway Agency,0,Sin jurisdiccion especial,99998,39.72266667,-86.14809444,Peaton,El primer evento no fue una colision con un vehiculo automotor en transporte,Not an Intersection,No fue interseccion,Sobre calle,Ninguna,Oscuro con iluminacion,Despejado,No,NO APLICA,99,99,99,99,1,19/02/2022,1
18,Indiana,180095,1,1,1,0,89,LAKE (89),2120,HOBART,2,Febrero,22,2022,4,59,SR-51N,3,Highway estatal,Urbano,Arteria Principal,State Highway Agency,0,Sin jurisdiccion especial,99998,41.55129167,-87.33652222,Peaton,El primer evento no fue una colision con un vehiculo automotor en transporte,Not an Intersection,No fue interseccion,Sobre calle,Ninguna,Oscuro sin iluminacion,lluvia,No,NO APLICA,99,99,99,99,1,22/02/2022,1
18,Indiana,180096,0,0,2,0,47,FRANKLIN (47),0,NO APLICA,2,Febrero,10,2022,7,57,US-52,2,US Highway,Rural,Arteria Principal,State Highway Agency,1,Sin jurisdiccion especial,99998,39.37891667,-84.97141111,Vehiculo en movimiento,Angulo,Not an Intersection,No fue interseccion,Sobre calle,Ninguna,Dia total,Despejado,No,NO APLICA,99,99,99,99,1,10/02/2022,2
18,Indiana,180097,0,0,3,0,181,WHITE (181),5400,WOLCOTT,2,Febrero,18,2022,14,45,I-65,1,Interestatal,Rural,Interestatal,State Highway Agency,1,Sin jurisdiccion especial,99998,40.64954167,-87.01938056,Vehiculo en movimiento,Frente a Detrás,Not an Intersection,No fue interseccion,Sobre calle,Ninguna,Dia total,Despejado,No,NO APLICA,99,99,99,99,1,18/02/2022,4
18,Indiana,180099,0,0,1,0,167,VIGO (167),0,NO APLICA,2,Febrero,23,2022,11,48,US-150,2,US Highway,Rural,Arteria Menor,State Highway Agency,0,Sin jurisdiccion especial,99998,39.60653611,-87.52333333,Arbol,El primer evento no fue una colision con un vehiculo automotor en transporte,Not an Intersection,No fue interseccion,Sobre el lado de la calle,Ninguna,Dia total,Despejado,No,NO APLICA,99,99,99,99,1,23/02/2022,1
18,Indiana,180100,1,1,1,0,87,LAGRANGE (87),0,NO APLICA,2,Febrero,14,2022,23,45,I-80,1,Interestatal,Rural,Interestatal,State Highway Agency,1,Sin jurisdiccion especial,99998,41.754,-85.42631944,Peaton,El primer evento no fue una colision con un vehiculo automotor en transporte,Not an Intersection,No fue interseccion,Sobre calle,Ninguna,Oscuro sin iluminacion,Despejado,No,NO APLICA,99,99,99,99,1,14/02/2022,1
18,Indiana,180101,0,0,3,0,97,MARION (97),2210,INDIANAPOLIS,2,Febrero,19,2022,18,46,56TH ST,6,Calle Local Municipalidad,Urbano,Arteria Principal,City or Municipal Highway Agency,0,Sin jurisdiccion especial,99998,39.85349444,-86.22239722,Vehiculo en movimiento,Angulo,Not an Intersection,No fue interseccion,Sobre calle,Ninguna,Oscuro sin iluminacion,Despejado,No,NO APLICA,99,99,99,99,1,19/02/2022,7
18,Indiana,180102,0,0,2,0,33,DEKALB (33),1720,GARRETT,2,Febrero,27,2022,21,34,CR-56,4,Calle del Condado,Rural,Arteria Menor,County Highway Agency,0,Sin jurisdiccion especial,99998,41.32325,-85.09375,Vehiculo en movimiento,Angulo,Not an Intersection,No fue interseccion,Sobre calle,Ninguna,Oscuro con iluminacion,Despejado,No,NO APLICA,99,99,99,99,1,27/02/2022,3
18,Indiana,180103,0,0,1,0,3,ALLEN (3),3480,NEW HAVEN,2,Febrero,13,2022,17,58,RIVER RD,5,Calle Local - Pueblo,Rural,Colector Menor,City or Municipal Highway Agency,0,Sin jurisdiccion especial,99998,41.09686944,-84.98856667,Poste,El primer evento no fue una colision con un vehiculo automotor en transporte,Not an Intersection,No fue interseccion,Sobre el lado de la calle,Ninguna,Dia total,Despejado,No,NO APLICA,99,99,99,99,1,13/02/2022,1
18,Indiana,180104,0,0,2,0,127,PORTER (127),612,BURNS HARBOR,2,Febrero,9,2022,20,11,I-94,1,Interestatal,Urbano,Interestatal,State Highway Agency,1,Sin jurisdiccion especial,99998,41.607525,-87.09918889,Vehiculo en movimiento,Frente a Detrás,Not an Intersection,No fue interseccion,Sobre calle,Ninguna,Oscuro con iluminacion,Despejado,No,NO APLICA,99,99,99,99,1,09/02/2022,2
18,Indiana,180105,0,0,2,0,183,WHITLEY (183),980,COLUMBIA CITY,2,Febrero,21,2022,18,53,US-24,2,US Highway,Rural,Arterial Principal -Freeway o ExpressWay,State Highway Agency,1,Sin jurisdiccion especial,99998,41.00887222,-85.33920556,Vehiculo en movimiento,Frente a frente,Not an Intersection,No fue interseccion,Sobre calle,Ninguna,Oscuro sin iluminacion,Despejado,No,NO APLICA,99,99,99,99,1,21/02/2022,3
18,Indiana,180106,0,0,2,0,51,GIBSON (51),0,NO APLICA,2,Febrero,23,2022,12,20,US-41,2,US Highway,Rural,Arteria Principal,State Highway Agency,1,Sin jurisdiccion especial,99998,38.29831389,-87.56761111,Volcadura,El primer evento no fue una colision con un vehiculo automotor en transporte,Not an Intersection,No fue interseccion,En el medio,Ninguna,Dia total,Nublado,No,NO APLICA,99,99,99,99,1,23/02/2022,4
18,Indiana,180107,0,0,1,0,5,BARTHOLOMEW (5),990,COLUMBUS,2,Febrero,26,2022,17,48,CR-TELLMAN RD,4,Calle del Condado,Rural,Local,County Highway Agency,0,Sin jurisdiccion especial,99998,39.20856667,-85.93837778,Arbol,El primer evento no fue una colision con un vehiculo automotor en transporte,Not an Intersection,No fue interseccion,Sobre el lado de la calle,Ninguna,Dia total,Despejado,No,NO APLICA,99,99,99,99,1,26/02/2022,1
18,Indiana,180108,0,0,1,0,105,MONROE (105),0,NO APLICA,2,Febrero,25,2022,22,2,LOST MANS LN,5,Calle Local - Pueblo,Rural,Colector Menor,Town or Township Highway Agency,0,Sin jurisdiccion especial,99998,39.22271389,-86.57663611,Buzon de correo,El primer evento no fue una colision con un vehiculo automotor en transporte,Not an Intersection,No fue interseccion,Sobre el lado de la calle,Ninguna,Oscuro sin iluminacion,Despejado,No,NO APLICA,99,99,99,99,1,25/02/2022,2
18,Indiana,180110,0,0,1,0,173,WARRICK (173),0,NO APLICA,2,Febrero,25,2022,4,54,SR-66W,3,Highway estatal,Rural,Arteria Principal,State Highway Agency,1,Sin jurisdiccion especial,99998,37.93259444,-87.341575,Culvert,El primer evento no fue una colision con un vehiculo automotor en transporte,Not an Intersection,No fue interseccion,Sobre el lado de la calle,Ninguna,Oscuro sin iluminacion,Despejado,No,NO APLICA,99,99,99,99,1,25/02/2022,1
18,Indiana,180111,1,1,2,1,87,LAGRANGE (87),0,NO APLICA,2,Febrero,20,2022,0,11,I-80,1,Interestatal,Rural,Interestatal,State Highway Agency,1,Sin jurisdiccion especial,99998,41.74585278,-85.54088333,Vehiculo Aparcado,El primer evento no fue una colision con un vehiculo automotor en transporte,Not an Intersection,No fue interseccion,Sobre el lado de la calle,Ninguna,Oscuro sin iluminacion,Nublado,No,NO APLICA,99,99,99,99,1,20/02/2022,1
18,Indiana,180112,0,0,3,0,79,JENNINGS (79),0,NO APLICA,2,Febrero,11,2022,8,12,US-30,2,US Highway,Rural,Arteria Principal,State Highway Agency,1,Sin jurisdiccion especial,99998,38.9797,-85.70874167,Vehiculo en movimiento,Golpe Lateral - misma direccion,Not an Intersection,No fue interseccion,Sobre calle,Ninguna,Dia total,Despejado,No,NO APLICA,99,99,99,99,2,11/02/2022,4
18,Indiana,180113,0,0,2,0,97,MARION (97),2210,INDIANAPOLIS,2,Febrero,27,2022,9,50,EAST,6,Calle Local Municipalidad,Urbano,Arteria Principal,City or Municipal Highway Agency,0,Sin jurisdiccion especial,99998,39.70457778,-86.14895278,Vehiculo en movimiento,Angulo,Four-Way Intersection,Interseccion de 4 direcciones,Sobre calle,Ninguna,Dia total,Despejado,No,NO APLICA,99,99,99,99,1,27/02/2022,3
18,Indiana,180114,0,0,2,0,63,HENDRICKS (63),3990,PLAINFIELD,2,Febrero,27,2022,21,42,SR-67,3,Highway estatal,Urbano,Arteria Principal,State Highway Agency,1,Sin jurisdiccion especial,99998,39.64367222,-86.33274167,Vehiculo en movimiento,Angulo,T-Intersection,Interseccion de T,Sobre calle,Ninguna,Oscuro con iluminacion,Despejado,No,NO APLICA,99,99,99,99,2,27/02/2022,2
18,Indiana,180115,0,0,2,0,29,DEARBORN (29),0,NO APLICA,2,Febrero,22,2022,20,47,US-50,2,US Highway,Rural,Arteria Principal,State Highway Agency,1,Sin jurisdiccion especial,99998,39.04098056,-85.10033333,Vehiculo en movimiento,Angulo,T-Intersection,Interseccion de T,Sobre calle,Ninguna,Oscuro con iluminacion,Nublado,No,NO APLICA,99,99,99,99,1,22/02/2022,2