Estado,Nombre de Estado,Numero de Caso,Peatones,Personas _no_vehiculos,Vehiculos automotores,Vehiculos estacionados,Condado,Nombre Condado,Ciudad,Nombre Ciudad,Mes,Nombre Mes,Dia,Año,Hora,Minuto,Calle,Ruta,Nombre Ruta,Rural o Urbanoo,Sistema Funcional,Dueño Calle,Sistema Nacional Carreteras,Jurisdiccion Especial,Milla,Latitud,Longitud,Causa del Accidente,Tipo de Accidente,Tipo Interseccion,Columna1,Lugar en la calle,Zona de Trabajo,Luz,Clima,Autobus Escolar,Cruce de Trenes,Hora Notificacion,Minuto Notificacion,Hora Llegada,Minuto Llegada,Decesos,Fecha,PersonaVehiculo
18,Indiana,180116,0,0,1,0,39,ELKHART (39),480,BRISTOL,3,Marzo,5,2022,17,4,CR-17,4,Calle del Condado,Rural,Arteria Principal,County Highway Agency,0,Sin jurisdiccion especial,99998,41.74701944,-85.87745833,Barda,El primer evento no fue una colision con un vehiculo automotor en transporte,Not an Intersection,No fue interseccion,Sobre el lado de la calle,Ninguna,Dia total,Despejado,No,NO APLICA,99,99,99,99,1,05/03/2022,1
18,Indiana,180117,0,0,1,0,89,LAKE (89),1100,CROWN POINT,3,Marzo,5,2022,23,20,SR-CLINE AVE,3,Highway estatal,Rural,Arterial Principal -Freeway o ExpressWay,State Highway Agency,1,Sin jurisdiccion especial,99998,41.62124722,-87.43205278,Poste de Señal de trafico,El primer evento no fue una colision con un vehiculo automotor en transporte,Not an Intersection,No fue interseccion,Gore?,Ninguna,Oscuro sin iluminacion,Nublado,No,NO APLICA,99,99,99,99,1,05/03/2022,1
18,Indiana,180118,0,0,1,0,3,ALLEN (3),1580,FORT WAYNE,3,Marzo,5,2022,23,57,PAULDING RD,5,Calle Local - Pueblo,Rural,Colector Mayor,Town or Township Highway Agency,0,Sin jurisdiccion especial,99998,41.03372778,-85.03063333,Volcadura,El primer evento no fue una colision con un vehiculo automotor en transporte,Not an Intersection,No fue interseccion,Sobre el lado de la calle,Ninguna,Oscuro sin iluminacion,Despejado,No,NO APLICA,99,99,99,99,1,05/03/2022,1
18,Indiana,180119,0,0,1,0,95,MADISON (95),140,ANDERSON,2,Febrero,22,2022,17,23,W 25TH STREET,6,Calle Local Municipalidad,Urbano,Colector Mayor,City or Municipal Highway Agency,0,Sin jurisdiccion especial,99998,40.09058889,-85.72098056,Arbol,El primer evento no fue una colision con un vehiculo automotor en transporte,Not an Intersection,No fue interseccion,Sobre el lado de la calle,Ninguna,Atardecer,lluvia,No,NO APLICA,99,99,99,99,1,22/02/2022,1
18,Indiana,180120,0,0,2,0,73,JASPER (73),5250,WHEATFIELD,3,Marzo,6,2022,23,51,CR-1300,4,Calle del Condado,Rural,Local,County Highway Agency,0,Sin jurisdiccion especial,99998,41.20197778,-87.07972778,Vehiculo en movimiento,Frente a frente,Not an Intersection,No fue interseccion,Sobre calle,Ninguna,Oscuro sin iluminacion,lluvia,No,NO APLICA,99,99,99,99,1,06/03/2022,2
18,Indiana,180121,0,0,2,0,163,VANDERBURGH (163),1480,EVANSVILLE,1,Enero,25,2022,12,45,LYNCH RD,6,Calle Local Municipalidad,Urbano,Arteria Menor,City or Municipal Highway Agency,0,Sin jurisdiccion especial,99998,38.01266944,-87.47140556,Vehiculo en movimiento,Frente a Detrás,T-Intersection,Interseccion de T,Sobre calle,Ninguna,Dia total,Despejado,No,NO APLICA,99,99,99,99,1,25/01/2022,2
18,Indiana,180122,0,0,1,0,11,BOONE (11),0,NO APLICA,3,Marzo,6,2022,3,21,I-865E,1,Interestatal,Rural,Interestatal,State Highway Agency,1,Sin jurisdiccion especial,42,39.93148056,-86.336525,Poste de Señal de trafico,El primer evento no fue una colision con un vehiculo automotor en transporte,Not an Intersection,No fue interseccion,En el medio,Ninguna,Oscuro sin iluminacion,lluvia,No,NO APLICA,99,99,99,99,1,06/03/2022,1
18,Indiana,180123,0,0,1,0,3,ALLEN (3),1580,FORT WAYNE,3,Marzo,7,2022,10,11,LAFAYETTE ST,6,Calle Local Municipalidad,Urbano,Arteria Principal,City or Municipal Highway Agency,0,Sin jurisdiccion especial,99998,41.07519722,-85.13365278,Banqueta,El primer evento no fue una colision con un vehiculo automotor en transporte,Four-Way Intersection,Interseccion de 4 direcciones,Sobre el lado de la calle,Ninguna,Dia total,lluvia,No,NO APLICA,99,99,99,99,1,07/03/2022,1
18,Indiana,180124,0,0,2,0,61,HARRISON (61),0,NO APLICA,3,Marzo,4,2022,15,30,SR-64,3,Highway estatal,Rural,Colector Mayor,State Highway Agency,0,Sin jurisdiccion especial,99998,38.31654722,-86.08120556,Vehiculo en movimiento,Frente a frente,Not an Intersection,No fue interseccion,Sobre calle,Ninguna,Dia total,Despejado,No,NO APLICA,99,99,99,99,1,04/03/2022,2
18,Indiana,180125,0,0,1,0,97,MARION (97),2600,LAWRENCE,1,Enero,5,2022,6,15,E63RD,6,Calle Local Municipalidad,Urbano,Colector Mayor,City or Municipal Highway Agency,0,Sin jurisdiccion especial,99998,39.87390278,-85.98800278,Piedrotototota,El primer evento no fue una colision con un vehiculo automotor en transporte,Not an Intersection,No fue interseccion,Sobre el lado de la calle,Ninguna,Oscuro sin iluminacion,Despejado,No,NO APLICA,99,99,99,99,1,05/01/2022,1
18,Indiana,180126,0,0,3,0,63,HENDRICKS (63),251,AVON,1,Enero,1,2022,22,15,US-36E,2,US Highway,Urbano,Arteria Principal,State Highway Agency,1,Sin jurisdiccion especial,99998,39.76376389,-86.32690833,Vehiculo en movimiento,Angulo,Four-Way Intersection,Interseccion de 4 direcciones,Sobre calle,Ninguna,Oscuro con iluminacion,lluvia,No,NO APLICA,99,99,99,99,1,01/01/2022,7
18,Indiana,180127,0,0,2,0,139,RUSH (139),0,NO APLICA,3,Marzo,6,2022,9,30,SR-3,3,Highway estatal,Rural,Arteria Principal,State Highway Agency,1,Sin jurisdiccion especial,99998,39.55604167,-85.46121389,Vehiculo en movimiento,Frente a frente,Not an Intersection,No fue interseccion,Sobre calle,Ninguna,Dia total,Despejado,No,NO APLICA,99,99,99,99,1,06/03/2022,2
18,Indiana,180128,0,0,3,0,175,WASHINGTON (175),0,NO APLICA,3,Marzo,2,2022,5,41,SR-60,3,Highway estatal,Rural,Arteria Principal,State Highway Agency,1,Sin jurisdiccion especial,99998,38.6167,-86.15651389,Vehiculo en movimiento,Frente a frente,Not an Intersection,No fue interseccion,Sobre calle,Ninguna,Oscuro sin iluminacion,Despejado,No,NO APLICA,99,99,99,99,2,02/03/2022,3
18,Indiana,180129,0,0,2,0,95,MADISON (95),0,NO APLICA,3,Marzo,5,2022,13,0,SR-28,3,Highway estatal,Rural,Arteria Principal,State Highway Agency,0,Sin jurisdiccion especial,99998,40.27762778,-85.70908889,Vehiculo en movimiento,Frente a Detrás,Four-Way Intersection,Interseccion de 4 direcciones,Sobre calle,Ninguna,Dia total,Despejado,No,NO APLICA,99,99,99,99,1,05/03/2022,3
18,Indiana,180130,0,0,2,0,35,DELAWARE (35),3360,MUNCIE,3,Marzo,4,2022,1,54,NEW YORK AVE,6,Calle Local Municipalidad,Urbano,Arteria Menor,City or Municipal Highway Agency,0,Sin jurisdiccion especial,99998,40.20027222,-85.40096667,Vehiculo en movimiento,Frente a Detrás,T-Intersection,Interseccion de T,Sobre calle,Ninguna,Oscuro con iluminacion,Despejado,No,NO APLICA,99,99,99,99,1,04/03/2022,2
18,Indiana,180131,1,1,1,0,41,FAYETTE (41),1000,CONNERSVILLE,3,Marzo,4,2022,19,45,SR-1,3,Highway estatal,Urbano,Arteria Principal,State Highway Agency,0,Sin jurisdiccion especial,99998,39.67165,-85.13075,Peaton,El primer evento no fue una colision con un vehiculo automotor en transporte,Four-Way Intersection,Interseccion de 4 direcciones,Sobre calle,Ninguna,Oscuro con iluminacion,Despejado,No,NO APLICA,99,99,99,99,1,04/03/2022,1
18,Indiana,180132,1,1,1,0,157,TIPPECANOE (157),5200,WEST LAFAYETTE,3,Marzo,5,2022,23,55,US-52,2,US Highway,Urbano,Arteria Principal,State Highway Agency,1,Sin jurisdiccion especial,99998,40.46764722,-86.948075,Peaton,El primer evento no fue una colision con un vehiculo automotor en transporte,Not an Intersection,No fue interseccion,Sobre calle,Ninguna,Oscuro sin iluminacion,Nublado,No,NO APLICA,99,99,99,99,1,05/03/2022,2
18,Indiana,180133,0,0,1,0,157,TIPPECANOE (157),587,BUCK CREEK,3,Marzo,9,2022,18,29,CR-300,4,Calle del Condado,Rural,Colector Mayor,County Highway Agency,0,Sin jurisdiccion especial,99998,40.46128611,-86.74301111,Arbol,El primer evento no fue una colision con un vehiculo automotor en transporte,Not an Intersection,No fue interseccion,Fuera de la calle,Ninguna,Atardecer,Despejado,No,NO APLICA,99,99,99,99,1,09/03/2022,1
18,Indiana,180134,0,0,1,0,15,CARROLL (15),0,NO APLICA,3,Marzo,5,2022,21,7,CR-1200,4,Calle del Condado,Rural,Local,County Highway Agency,0,Sin jurisdiccion especial,99998,40.64447222,-86.75558611,Arbol,El primer evento no fue una colision con un vehiculo automotor en transporte,Not an Intersection,No fue interseccion,Sobre el lado de la calle,Ninguna,Oscuro sin iluminacion,Despejado,No,NO APLICA,99,99,99,99,1,05/03/2022,1
18,Indiana,180135,0,0,3,0,5,BARTHOLOMEW (5),0,NO APLICA,3,Marzo,10,2022,7,31,SR-46,3,Highway estatal,Rural,Arteria Principal,State Highway Agency,0,Sin jurisdiccion especial,99998,39.22477222,-85.77160278,Vehiculo en movimiento,Golpe Lateral - direccion contraria,Not an Intersection,No fue interseccion,Sobre calle,Ninguna,Amanecer,Despejado,No,NO APLICA,99,99,99,99,1,10/03/2022,3
18,Indiana,180136,0,0,2,0,7,BENTON (7),0,NO APLICA,3,Marzo,11,2022,21,13,US-41,2,US Highway,Rural,Arteria Principal,State Highway Agency,1,Sin jurisdiccion especial,99998,40.57985556,-87.37978611,Vehiculo en movimiento,Frente a frente,Not an Intersection,No fue interseccion,Sobre calle,Ninguna,Oscuro sin iluminacion,Despejado,No,NO APLICA,99,99,99,99,2,11/03/2022,2
18,Indiana,180137,0,0,2,0,99,MARSHALL (99),0,NO APLICA,3,Marzo,7,2022,14,2,CR-MICHIGAN RD,4,Calle del Condado,Rural,Arteria Menor,County Highway Agency,0,Sin jurisdiccion especial,99998,41.37306667,-86.31340278,Vehiculo en movimiento,Frente a frente,Not an Intersection,No fue interseccion,Sobre calle,Ninguna,Dia total,Nublado,No,NO APLICA,99,99,99,99,1,07/03/2022,3
18,Indiana,180138,1,1,1,0,95,MADISON (95),140,ANDERSON,2,Febrero,13,2022,0,10,E 8THST,6,Calle Local Municipalidad,Urbano,Colector Mayor,City or Municipal Highway Agency,0,Sin jurisdiccion especial,99998,40.10793611,-85.65276389,Peaton,El primer evento no fue una colision con un vehiculo automotor en transporte,Not an Intersection,No fue interseccion,Sobre calle,Ninguna,Oscuro con iluminacion,Despejado,No,NO APLICA,99,99,99,99,1,13/02/2022,1
18,Indiana,180139,2,2,1,0,97,MARION (97),2210,INDIANAPOLIS,3,Marzo,9,2022,19,50,SR-134,3,Highway estatal,Urbano,Arteria Menor,State Highway Agency,0,Sin jurisdiccion especial,99998,39.79787778,-86.28878056,Peaton,El primer evento no fue una colision con un vehiculo automotor en transporte,Not an Intersection,No fue interseccion,Sobre calle,Ninguna,Oscuro sin iluminacion,Despejado,No,NO APLICA,99,99,99,99,1,09/03/2022,1
18,Indiana,180140,0,0,2,0,113,NOBLE (113),0,NO APLICA,3,Marzo,11,2022,6,46,CR-500,4,Calle del Condado,Rural,Colector Mayor,County Highway Agency,0,Sin jurisdiccion especial,99998,41.40786944,-85.3279,Vehiculo en movimiento,Frente a frente,Not an Intersection,No fue interseccion,Sobre calle,Ninguna,Oscuro sin iluminacion,Nieve,Yes,NO APLICA,99,99,99,99,1,11/03/2022,2
18,Indiana,180141,0,0,2,0,177,WAYNE (177),4120,RICHMOND,3,Marzo,14,2022,15,0,HENLEY RDS,6,Calle Local Municipalidad,Urbano,Colector Mayor,City or Municipal Highway Agency,0,Sin jurisdiccion especial,99998,39.82618333,-84.86144722,Vehiculo en movimiento,Frente a frente,Not an Intersection,No fue interseccion,Sobre calle,Ninguna,Dia total,Despejado,No,NO APLICA,99,99,99,99,1,14/03/2022,3
18,Indiana,180142,0,0,5,0,89,LAKE (89),0,NO APLICA,3,Marzo,15,2022,16,3,US-6,2,US Highway,Urbano,Arteria Principal,State Highway Agency,1,Sin jurisdiccion especial,99998,41.55058889,-87.22173611,Vehiculo en movimiento,Golpe Lateral - misma direccion,Four-Way Intersection,Interseccion de 4 direcciones,Sobre calle,Ninguna,Dia total,Despejado,No,NO APLICA,99,99,99,99,1,15/03/2022,8
18,Indiana,180143,0,0,1,0,89,LAKE (89),2972,MERRILLVILLE,3,Marzo,12,2022,3,12,GEORGIA,6,Calle Local Municipalidad,Urbano,Local,City or Municipal Highway Agency,0,Sin jurisdiccion especial,99998,41.51868333,-87.32636944,Arbusto,El primer evento no fue una colision con un vehiculo automotor en transporte,Not an Intersection,No fue interseccion,Sobre el lado de la calle,Ninguna,Oscuro sin iluminacion,Despejado,No,NO APLICA,99,99,99,99,1,12/03/2022,2
18,Indiana,180144,0,0,1,0,19,CLARK (19),0,NO APLICA,3,Marzo,16,2022,0,0,SR-60,3,Highway estatal,Rural,Arteria Principal,State Highway Agency,1,Sin jurisdiccion especial,99998,38.4383,-85.82016389,Culvert,El primer evento no fue una colision con un vehiculo automotor en transporte,Not an Intersection,No fue interseccion,Sobre el lado de la calle,Ninguna,Oscuro sin iluminacion,Despejado,No,NO APLICA,99,99,99,99,1,16/03/2022,1
18,Indiana,180145,0,0,2,0,3,ALLEN (3),0,NO APLICA,3,Marzo,16,2022,4,47,US-27,2,US Highway,Rural,Arteria Principal,State Highway Agency,0,Sin jurisdiccion especial,99998,40.99558056,-85.09572222,Vehiculo en movimiento,Angulo,Four-Way Intersection,Interseccion de 4 direcciones,Sobre calle,Ninguna,Oscuro sin iluminacion,Despejado,No,NO APLICA,99,99,99,99,1,16/03/2022,2
18,Indiana,180146,2,2,1,0,163,VANDERBURGH (163),1480,EVANSVILLE,3,Marzo,15,2022,19,27,SR-62,3,Highway estatal,Urbano,Arteria Principal,State Highway Agency,1,Sin jurisdiccion especial,99998,37.97765833,-87.62768333,Peaton,El primer evento no fue una colision con un vehiculo automotor en transporte,Four-Way Intersection,Interseccion de 4 direcciones,Sobre calle,Ninguna,Oscuro con iluminacion,Despejado,No,NO APLICA,99,99,99,99,1,15/03/2022,1
18,Indiana,180147,0,0,2,0,97,MARION (97),2210,INDIANAPOLIS,3,Marzo,17,2022,7,48,MASSACHUSETTS AVE,6,Calle Local Municipalidad,Urbano,Arteria Menor,City or Municipal Highway Agency,0,Sin jurisdiccion especial,99998,39.81073611,-86.08429167,Vehiculo en movimiento,Frente a frente,Not an Intersection,No fue interseccion,Sobre calle,Ninguna,Amanecer,Despejado,No,NO APLICA,99,99,99,99,1,17/03/2022,2
18,Indiana,180148,0,0,2,0,97,MARION (97),2210,INDIANAPOLIS,3,Marzo,17,2022,16,0,EMERSON AVE,6,Calle Local Municipalidad,Urbano,Arteria Principal,City or Municipal Highway Agency,0,Sin jurisdiccion especial,99998,39.80553333,-86.08351111,Vehiculo en movimiento,Angulo,Four-Way Intersection,Interseccion de 4 direcciones,Sobre calle,Ninguna,Dia total,Despejado,No,NO APLICA,99,99,99,99,1,17/03/2022,2
18,Indiana,180149,1,1,1,0,39,ELKHART (39),1410,ELKHART,3,Marzo,17,2022,21,23,CASSOPOLIS STREET,6,Calle Local Municipalidad,Urbano,Arteria Principal,City or Municipal Highway Agency,0,Sin jurisdiccion especial,99998,41.73634444,-85.97383611,Peaton,El primer evento no fue una colision con un vehiculo automotor en transporte,Not an Intersection,No fue interseccion,Sobre calle,Ninguna,Oscuro sin iluminacion,Despejado,No,NO APLICA,99,99,99,99,1,17/03/2022,1
18,Indiana,180150,0,0,2,0,59,HANCOCK (59),0,NO APLICA,3,Marzo,12,2022,11,55,SR-9,3,Highway estatal,Rural,Arteria Menor,State Highway Agency,0,Sin jurisdiccion especial,99998,39.92154722,-85.77102222,Vehiculo en movimiento,Frente a frente,Not an Intersection,No fue interseccion,Sobre calle,Ninguna,Dia total,Despejado,No,NO APLICA,99,99,99,99,1,12/03/2022,3
18,Indiana,180151,0,0,1,0,89,LAKE (89),1730,GARY,3,Marzo,17,2022,18,16,W 5TH AVE,6,Calle Local Municipalidad,Urbano,Arteria Principal,City or Municipal Highway Agency,0,Sin jurisdiccion especial,99998,41.60197222,-87.34890833,Banqueta,El primer evento no fue una colision con un vehiculo automotor en transporte,Not an Intersection,No fue interseccion,Sobre el lado de la calle,Ninguna,Dia total,Nublado,No,NO APLICA,99,99,99,99,1,17/03/2022,3
18,Indiana,180152,0,0,2,0,89,LAKE (89),0,NO APLICA,3,Marzo,17,2022,9,55,US-41,2,US Highway,Rural,Arteria Principal,State Highway Agency,1,Sin jurisdiccion especial,99998,41.25199444,-87.46727778,Vehiculo en movimiento,Frente a Detrás,Four-Way Intersection,Interseccion de 4 direcciones,Sobre calle,Ninguna,Dia total,Despejado,No,NO APLICA,99,99,99,99,1,17/03/2022,3
18,Indiana,180153,0,0,1,0,57,HAMILTON (57),710,CARMEL,3,Marzo,18,2022,6,25,KEYSTONE PKWY,6,Calle Local Municipalidad,Urbano,Arterial Principal -Freeway o ExpressWay,City or Municipal Highway Agency,1,Sin jurisdiccion especial,99998,39.93362778,-86.11248056,Otro objeto (no fijo),El primer evento no fue una colision con un vehiculo automotor en transporte,Not an Intersection,No fue interseccion,Sobre el lado de la calle,Ninguna,Oscuro con iluminacion,Nublado,No,NO APLICA,99,99,99,99,1,18/03/2022,2
18,Indiana,180154,1,1,1,0,97,MARION (97),2210,INDIANAPOLIS,3,Marzo,18,2022,1,37,TROY AVE,6,Calle Local Municipalidad,Urbano,Colector Mayor,City or Municipal Highway Agency,0,Sin jurisdiccion especial,99998,39.72495,-86.03112222,Peaton,El primer evento no fue una colision con un vehiculo automotor en transporte,Not an Intersection,No fue interseccion,Sobre calle,Ninguna,Oscuro con iluminacion,Nublado,No,NO APLICA,99,99,99,99,1,18/03/2022,1
18,Indiana,180155,1,1,1,0,85,KOSCIUSKO (85),0,NO APLICA,3,Marzo,20,2022,3,49,SR-13N,3,Highway estatal,Rural,Arteria Menor,State Highway Agency,0,Sin jurisdiccion especial,99998,41.34098333,-85.70116111,Peaton,El primer evento no fue una colision con un vehiculo automotor en transporte,Not an Intersection,No fue interseccion,Sobre calle,Ninguna,Oscuro sin iluminacion,Despejado,No,NO APLICA,99,99,99,99,1,20/03/2022,1
18,Indiana,180156,0,0,2,0,91,LA PORTE (91),0,NO APLICA,3,Marzo,13,2022,15,53,US-35,2,US Highway,Rural,Arteria Principal,State Highway Agency,1,Sin jurisdiccion especial,99998,41.54689167,-86.70098611,Vehiculo en movimiento,Angulo,T-Intersection,Interseccion de T,Sobre calle,Ninguna,Dia total,Despejado,No,NO APLICA,99,99,99,99,1,13/03/2022,3
18,Indiana,180157,1,1,1,0,127,PORTER (127),0,NO APLICA,3,Marzo,21,2022,0,38,SR-130,3,Highway estatal,Rural,Arteria Principal,State Highway Agency,0,Sin jurisdiccion especial,99998,41.50516389,-87.16031944,Peaton,El primer evento no fue una colision con un vehiculo automotor en transporte,Not an Intersection,No fue interseccion,Sobre calle,Ninguna,Oscuro sin iluminacion,Despejado,No,NO APLICA,99,99,99,99,1,21/03/2022,1
18,Indiana,180158,0,0,3,0,97,MARION (97),2210,INDIANAPOLIS,3,Marzo,24,2022,9,19,DR MARTIN LUTHER KING JR ST,6,Calle Local Municipalidad,Urbano,Arteria Principal,City or Municipal Highway Agency,0,Sin jurisdiccion especial,99998,39.81926667,-86.17814444,Vehiculo en movimiento,Frente a Detrás,Not an Intersection,No fue interseccion,Sobre calle,Ninguna,Dia total,Nublado,No,NO APLICA,99,99,99,99,1,24/03/2022,3
18,Indiana,180159,0,0,3,0,39,ELKHART (39),0,NO APLICA,3,Marzo,24,2022,14,40,US-20,2,US Highway,Rural,Arteria Principal,State Highway Agency,1,Sin jurisdiccion especial,99998,41.65410556,-85.67651944,Vehiculo en movimiento,Golpe Lateral - direccion contraria,Four-Way Intersection,Interseccion de 4 direcciones,Sobre calle,Ninguna,Dia total,Despejado,No,NO APLICA,99,99,99,99,1,24/03/2022,4
18,Indiana,180160,0,0,2,0,167,VIGO (167),5230,WEST TERRE HAUTE,2,Febrero,24,2022,6,38,I-70,1,Interestatal,Rural,Interestatal,State Highway Agency,1,Sin jurisdiccion especial,99998,39.448475,-87.46136111,Vehiculo en movimiento,Frente a Detrás,Not an Intersection,No fue interseccion,Sobre calle,Ninguna,Oscuro sin iluminacion,Nublado,No,NO APLICA,99,99,99,99,1,24/02/2022,2
18,Indiana,180161,0,0,1,0,61,HARRISON (61),0,NO APLICA,3,Marzo,4,2022,5,10,SR-64,3,Highway estatal,Rural,Colector Mayor,State Highway Agency,0,Sin jurisdiccion especial,99998,38.31322222,-86.06425833,Acotamiento,El primer evento no fue una colision con un vehiculo automotor en transporte,Not an Intersection,No fue interseccion,Sobre el lado de la calle,Ninguna,Oscuro sin iluminacion,Despejado,No,NO APLICA,99,99,99,99,1,04/03/2022,1
18,Indiana,180162,1,1,1,0,97,MARION (97),2210,INDIANAPOLIS,3,Marzo,8,2022,21,36,I-70,1,Interestatal,Urbano,Interestatal,State Highway Agency,1,Sin jurisdiccion especial,843,39.79465,-86.12146389,Peaton,El primer evento no fue una colision con un vehiculo automotor en transporte,Not an Intersection,No fue interseccion,Sobre calle,Ninguna,Oscuro con iluminacion,Despejado,No,NO APLICA,99,99,99,99,1,08/03/2022,1
18,Indiana,180163,0,0,2,0,61,HARRISON (61),1030,CORYDON,3,Marzo,9,2022,15,59,SR-135,3,Highway estatal,Urbano,Arteria Menor,State Highway Agency,0,Sin jurisdiccion especial,99998,38.24465833,-86.12686389,Vehiculo en movimiento,Angulo,Four-Way Intersection,Interseccion de 4 direcciones,Sobre calle,Ninguna,Dia total,Despejado,No,NO APLICA,99,99,99,99,1,09/03/2022,5
18,Indiana,180164,0,0,2,0,89,LAKE (89),2010,HAMMOND,3,Marzo,11,2022,0,58,I-80,1,Interestatal,Urbano,Interestatal,State Highway Agency,1,Sin jurisdiccion especial,16,41.574125,-87.49529444,Vehiculo en movimiento,Angulo,Not an Intersection,No fue interseccion,Sobre calle,Ninguna,Oscuro con iluminacion,Nieve,No,NO APLICA,99,99,99,99,1,11/03/2022,2
18,Indiana,180165,0,0,2,0,157,TIPPECANOE (157),5200,WEST LAFAYETTE,3,Marzo,14,2022,15,23,US-231,2,US Highway,Rural,Arteria Principal,State Highway Agency,1,Sin jurisdiccion especial,99998,40.50475278,-87.02986667,Vehiculo en movimiento,Angulo,Four-Way Intersection,Interseccion de 4 direcciones,Sobre calle,Ninguna,Dia total,Despejado,No,NO APLICA,99,99,99,99,1,14/03/2022,4
18,Indiana,180166,0,0,2,0,97,MARION (97),2210,INDIANAPOLIS,3,Marzo,16,2022,20,5,WALLACE AVE,6,Calle Local Municipalidad,Urbano,Arteria Menor,City or Municipal Highway Agency,0,Sin jurisdiccion especial,99998,39.81829167,-86.08893333,Vehiculo en movimiento,Angulo,Four-Way Intersection,Interseccion de 4 direcciones,Sobre calle,Ninguna,Oscuro con iluminacion,Despejado,No,NO APLICA,99,99,99,99,1,16/03/2022,2
18,Indiana,180167,0,0,2,0,97,MARION (97),2210,INDIANAPOLIS,3,Marzo,18,2022,8,5,ROCKVILLE RD,6,Calle Local Municipalidad,Urbano,Arteria Principal,City or Municipal Highway Agency,1,Sin jurisdiccion especial,99998,39.76453056,-86.27806389,Vehiculo en movimiento,Frente a frente,Not an Intersection,No fue interseccion,Sobre calle,Ninguna,Dia total,Nublado,No,NO APLICA,99,99,99,99,1,18/03/2022,4
18,Indiana,180168,0,0,2,0,97,MARION (97),2210,INDIANAPOLIS,3,Marzo,18,2022,14,40,I-465,1,Interestatal,Urbano,Interestatal,State Highway Agency,1,Sin jurisdiccion especial,99998,39.73399444,-86.04595833,Vehiculo en movimiento,Frente a Detrás,Not an Intersection,No fue interseccion,Sobre calle,Ninguna,Dia total,lluvia,No,NO APLICA,99,99,99,99,1,18/03/2022,2
18,Indiana,180169,0,0,2,0,181,WHITE (181),5400,WOLCOTT,3,Marzo,19,2022,18,7,I-65,1,Interestatal,Urbano,Interestatal,State Highway Agency,1,Sin jurisdiccion especial,99998,40.73725833,-87.09409722,Vehiculo en movimiento,Frente a Detrás,Not an Intersection,No fue interseccion,Sobre calle,Ninguna,Dia total,lluvia,No,NO APLICA,99,99,99,99,1,19/03/2022,3
18,Indiana,180170,0,0,1,0,89,LAKE (89),2515,LAKE STATION,3,Marzo,21,2022,0,10,OREGON ST,6,Calle Local Municipalidad,Urbano,Local,City or Municipal Highway Agency,0,Sin jurisdiccion especial,99998,41.55603056,-87.30266667,Arbol,El primer evento no fue una colision con un vehiculo automotor en transporte,Not an Intersection,No fue interseccion,Sobre el lado de la calle,Ninguna,Oscuro sin iluminacion,Despejado,No,NO APLICA,99,99,99,99,2,21/03/2022,3
18,Indiana,180171,0,0,2,0,45,FOUNTAIN (45),1040,COVINGTON,3,Marzo,23,2022,23,56,I-74,1,Interestatal,Rural,Interestatal,State Highway Agency,1,Sin jurisdiccion especial,99998,40.12165,-87.37245278,Vehiculo en movimiento,Angulo,Not an Intersection,No fue interseccion,Sobre calle,Ninguna,Oscuro sin iluminacion,Despejado,No,NO APLICA,99,99,99,99,1,23/03/2022,2
18,Indiana,180172,1,1,1,0,3,ALLEN (3),1580,FORT WAYNE,3,Marzo,25,2022,6,45,COLISEUM BLVD,6,Calle Local Municipalidad,Urbano,Arteria Principal,City or Municipal Highway Agency,0,Sin jurisdiccion especial,99998,41.08897778,-85.08799167,Peaton,El primer evento no fue una colision con un vehiculo automotor en transporte,Not an Intersection,No fue interseccion,Sobre calle,Ninguna,Oscuro con iluminacion,Nublado,No,NO APLICA,99,99,99,99,1,25/03/2022,1
18,Indiana,180173,0,0,1,0,127,PORTER (127),0,NO APLICA,3,Marzo,25,2022,16,40,CR-625,4,Calle del Condado,Rural,Local,County Highway Agency,0,Sin jurisdiccion especial,99998,41.67678056,-86.94693611,Otro objeto (no fijo),El primer evento no fue una colision con un vehiculo automotor en transporte,T-Intersection,Interseccion de T,Sobre el lado de la calle,Ninguna,Dia total,Nublado,No,NO APLICA,99,99,99,99,1,25/03/2022,3
18,Indiana,180174,1,1,1,0,139,RUSH (139),0,NO APLICA,2,Febrero,25,2022,6,55,SR-3,3,Highway estatal,Rural,Arteria Principal,State Highway Agency,1,Sin jurisdiccion especial,99998,39.47028333,-85.47873333,Peaton,El primer evento no fue una colision con un vehiculo automotor en transporte,Not an Intersection,No fue interseccion,Sobre calle,Ninguna,Amanecer,Nublado,No,NO APLICA,99,99,99,99,1,25/02/2022,1
18,Indiana,180175,0,0,1,0,51,GIBSON (51),0,NO APLICA,3,Marzo,9,2022,8,53,SR-64,3,Highway estatal,Rural,Arteria Menor,State Highway Agency,0,Sin jurisdiccion especial,99998,38.32671667,-87.39710833,Zanja,El primer evento no fue una colision con un vehiculo automotor en transporte,Not an Intersection,No fue interseccion,Sobre el lado de la calle,Ninguna,Dia total,Despejado,No,NO APLICA,99,99,99,99,1,09/03/2022,1
18,Indiana,180176,0,0,2,0,159,TIPTON (159),0,NO APLICA,3,Marzo,13,2022,22,10,US-31,2,US Highway,Rural,Arteria Principal,State Highway Agency,1,Sin jurisdiccion especial,99998,40.30291944,-86.12688056,Vehiculo en movimiento,Angulo,Four-Way Intersection,Interseccion de 4 direcciones,Sobre calle,Ninguna,Oscuro con iluminacion,Despejado,No,NO APLICA,99,99,99,99,1,13/03/2022,2
18,Indiana,180177,1,1,1,0,97,MARION (97),2210,INDIANAPOLIS,3,Marzo,13,2022,20,45,E WASHINGTON ST,6,Calle Local Municipalidad,Urbano,Arteria Principal,City or Municipal Highway Agency,0,Sin jurisdiccion especial,99998,39.77237222,-86.04004722,Peaton,El primer evento no fue una colision con un vehiculo automotor en transporte,Not an Intersection,No fue interseccion,Sobre calle,Ninguna,Oscuro con iluminacion,Despejado,No,NO APLICA,99,99,99,99,1,13/03/2022,1