Estado,Nombre de Estado,Numero de Caso,Peatones,Personas _no_vehiculos,Vehiculos automotores,Vehiculos estacionados,Condado,Nombre Condado,Ciudad,Nombre Ciudad,Mes,Nombre Mes,Dia,Año,Hora,Minuto,Calle,Ruta,Nombre Ruta,Rural o Urbanoo,Sistema Funcional,Dueño Calle,Sistema Nacional Carreteras,Jurisdiccion Especial,Milla,Latitud,Longitud,Causa del Accidente,Tipo de Accidente,Tipo Interseccion,Columna1,Lugar en la calle,Zona de Trabajo,Luz,Clima,Autobus Escolar,Cruce de Trenes,Hora Notificacion,Minuto Notificacion,Hora Llegada,Minuto Llegada,Decesos,Fecha,PersonaVehiculo
18,Indiana,180178,1,1,2,0,35,DELAWARE (35),0,NO APLICA,3,Marzo,14,2022,15,40,CR-400,5,Calle Local - Pueblo,Rural,Colector Mayor,County Highway Agency,0,Sin jurisdiccion especial,99998,40.134875,-85.44071944,Vehiculo en movimiento,Angulo,Four-Way Intersection,Interseccion de 4 direcciones,Sobre calle,Ninguna,Dia total,Despejado,No,NO APLICA,99,99,99,99,1,14/03/2022,3
18,Indiana,180179,0,0,1,0,19,CLARK (19),0,NO APLICA,3,Marzo,15,2022,18,50,CR-TEMPLE RD,4,Calle del Condado,Rural,Local,County Highway Agency,0,Sin jurisdiccion especial,99998,38.42233889,-85.96869167,Volcadura,El primer evento no fue una colision con un vehiculo automotor en transporte,Not an Intersection,No fue interseccion,Sobre calle,Ninguna,Dia total,Despejado,No,NO APLICA,99,99,99,99,1,15/03/2022,1
18,Indiana,180180,1,1,1,0,141,ST JOSEPH (141),0,NO APLICA,3,Marzo,17,2022,4,15,I-80,1,Interestatal,Rural,Interestatal,State Highway Agency,1,Sin jurisdiccion especial,802,41.71640278,-86.18793611,Peaton,El primer evento no fue una colision con un vehiculo automotor en transporte,Not an Intersection,No fue interseccion,Sobre calle,Ninguna,Oscuro sin iluminacion,Despejado,No,NO APLICA,99,99,99,99,1,17/03/2022,1
18,Indiana,180181,1,1,2,0,97,MARION (97),2210,INDIANAPOLIS,3,Marzo,18,2022,7,35,21ST,6,Calle Local Municipalidad,Urbano,Arteria Menor,City or Municipal Highway Agency,0,Sin jurisdiccion especial,99998,39.79672778,-86.00297222,Peaton,El primer evento no fue una colision con un vehiculo automotor en transporte,Not an Intersection,No fue interseccion,Sobre calle,Ninguna,Oscuro sin iluminacion,Nublado,No,NO APLICA,99,99,99,99,1,18/03/2022,2
18,Indiana,180182,0,0,2,0,145,SHELBY (145),0,NO APLICA,3,Marzo,18,2022,18,45,SR-44,3,Highway estatal,Rural,Arteria Menor,State Highway Agency,0,Sin jurisdiccion especial,99998,39.49523889,-85.93652222,Vehiculo en movimiento,Frente a frente,Not an Intersection,No fue interseccion,Sobre calle,Ninguna,Dia total,Despejado,No,NO APLICA,99,99,99,99,1,18/03/2022,2
18,Indiana,180183,0,0,1,0,97,MARION (97),2210,INDIANAPOLIS,3,Marzo,19,2022,4,15,I-70,1,Interestatal,Urbano,Interestatal,State Highway Agency,1,Sin jurisdiccion especial,99998,39.71766667,-86.25761111,Zanja,El primer evento no fue una colision con un vehiculo automotor en transporte,Not an Intersection,No fue interseccion,En el medio,Ninguna,Oscuro con iluminacion,Despejado,No,NO APLICA,99,99,99,99,1,19/03/2022,3
18,Indiana,180184,0,0,3,2,67,HOWARD (67),2430,KOKOMO,3,Marzo,20,2022,0,51,MULBERRY ST,6,Calle Local Municipalidad,Urbano,Local,City or Municipal Highway Agency,0,Sin jurisdiccion especial,99998,40.488375,-86.12853333,Vehiculo Aparcado,El primer evento no fue una colision con un vehiculo automotor en transporte,Four-Way Intersection,Interseccion de 4 direcciones,Sobre el lado de la calle,Ninguna,Oscuro con iluminacion,Nublado,No,NO APLICA,99,99,99,99,1,20/03/2022,1
18,Indiana,180185,0,0,2,0,97,MARION (97),2210,INDIANAPOLIS,3,Marzo,21,2022,23,18,64TH ST,6,Calle Local Municipalidad,Urbano,Arteria Principal,City or Municipal Highway Agency,0,Sin jurisdiccion especial,99998,39.87151111,-86.20337778,Vehiculo en movimiento,Angulo,T-Intersection,Interseccion de T,Sobre calle,Ninguna,Oscuro con iluminacion,Despejado,No,NO APLICA,99,99,99,99,1,21/03/2022,2
18,Indiana,180186,0,0,2,0,97,MARION (97),2210,INDIANAPOLIS,3,Marzo,28,2022,11,0,MASSACHUSETTS AVE,6,Calle Local Municipalidad,Urbano,Arteria Menor,City or Municipal Highway Agency,0,Sin jurisdiccion especial,99998,39.813225,-86.07859444,Vehiculo en movimiento,Angulo,T-Intersection,Interseccion de T,Sobre calle,Ninguna,Dia total,Despejado,No,NO APLICA,99,99,99,99,1,28/03/2022,2
18,Indiana,180187,0,0,2,0,57,HAMILTON (57),0,NO APLICA,3,Marzo,28,2022,8,26,SIX POINTS RD,5,Calle Local - Pueblo,Rural,Colector Menor,City or Municipal Highway Agency,0,Sin jurisdiccion especial,99998,40.13046944,-86.17546389,Vehiculo en movimiento,Angulo,Four-Way Intersection,Interseccion de 4 direcciones,Sobre calle,Ninguna,Amanecer,Despejado,No,NO APLICA,99,99,99,99,1,28/03/2022,2
18,Indiana,180188,0,0,1,0,71,JACKSON (71),0,NO APLICA,3,Marzo,28,2022,17,50,us-50,2,US Highway,Rural,Arteria Principal,State Highway Agency,1,Sin jurisdiccion especial,99998,38.87630278,-86.18872222,Valla Ferrocarril,El primer evento no fue una colision con un vehiculo automotor en transporte,Not an Intersection,No fue interseccion,Sobre el lado de la calle,Ninguna,Dia total,Despejado,No,NO APLICA,99,99,99,99,1,28/03/2022,1
18,Indiana,180189,2,2,1,0,3,ALLEN (3),0,NO APLICA,4,Abril,3,2022,15,51,BUTT RD,5,Calle Local - Pueblo,Rural,Colector Menor,Town or Township Highway Agency,0,Sin jurisdiccion especial,99998,41.171,-85.32330833,Ciclista,El primer evento no fue una colision con un vehiculo automotor en transporte,Not an Intersection,No fue interseccion,Sobre calle,Ninguna,Dia total,Despejado,No,NO APLICA,99,99,99,99,1,03/04/2022,1
18,Indiana,180190,1,1,1,0,91,LA PORTE (91),2990,MICHIGAN CITY,4,Abril,4,2022,6,34,US-12,2,US Highway,Urbano,Arteria Principal,State Highway Agency,1,Sin jurisdiccion especial,99998,41.72666944,-86.87221111,Peaton,El primer evento no fue una colision con un vehiculo automotor en transporte,Not an Intersection,No fue interseccion,Sobre calle,Ninguna,Oscuro sin iluminacion,lluvia,No,NO APLICA,99,99,99,99,1,04/04/2022,1
18,Indiana,180191,0,0,1,0,55,GREENE (55),0,NO APLICA,3,Marzo,25,2022,4,40,CR-700,4,Calle del Condado,Rural,Arteria Menor,County Highway Agency,0,Sin jurisdiccion especial,99998,39.12623611,-87.16913889,Volcadura,El primer evento no fue una colision con un vehiculo automotor en transporte,Not an Intersection,No fue interseccion,Sobre el lado de la calle,Ninguna,Dia total,Despejado,No,NO APLICA,99,99,99,99,1,25/03/2022,1
18,Indiana,180192,0,0,2,0,127,PORTER (127),0,NO APLICA,4,Abril,4,2022,10,45,CR-650W,4,Calle del Condado,Rural,Colector Mayor,County Highway Agency,0,Sin jurisdiccion especial,99998,41.49979444,-87.19125,Vehiculo en movimiento,Angulo,Four-Way Intersection,Interseccion de 4 direcciones,Sobre calle,Ninguna,Dia total,Despejado,Yes,NO APLICA,99,99,99,99,1,04/04/2022,2
18,Indiana,180193,0,0,4,2,43,FLOYD (43),3400,NEW ALBANY,3,Marzo,15,2022,14,33,STATE ST,6,Calle Local Municipalidad,Urbano,Arteria Menor,City or Municipal Highway Agency,0,Sin jurisdiccion especial,99998,38.30550278,-85.8402,Vehiculo en movimiento,Angulo,Four-Way Intersection,Interseccion de 4 direcciones,Sobre calle,Ninguna,Dia total,Despejado,No,NO APLICA,99,99,99,99,1,15/03/2022,3
18,Indiana,180194,0,0,3,1,183,WHITLEY (183),980,COLUMBIA CITY,3,Marzo,25,2022,17,3,SR-14,3,Highway estatal,Rural,Colector Mayor,State Highway Agency,0,Sin jurisdiccion especial,99998,41.07759444,-85.470125,Vehiculo en movimiento,Angulo,Four-Way Intersection,Interseccion de 4 direcciones,Sobre calle,Ninguna,Dia total,lluvia,No,NO APLICA,99,99,99,99,1,25/03/2022,2
18,Indiana,180195,0,0,1,0,111,NEWTON (111),4245,ROSELAWN,3,Marzo,31,2022,6,45,I-65,1,Interestatal,Rural,Interestatal,State Highway Agency,1,Sin jurisdiccion especial,99998,41.19208611,-87.28495833,Acotamiento,El primer evento no fue una colision con un vehiculo automotor en transporte,Not an Intersection,No fue interseccion,Sobre el lado de la calle,Ninguna,Amanecer,Despejado,No,NO APLICA,99,99,99,99,1,31/03/2022,1
18,Indiana,180196,1,1,1,0,51,GIBSON (51),4060,PRINCETON,4,Abril,6,2022,6,50,WATER ST,6,Calle Local Municipalidad,Urbano,Local,City or Municipal Highway Agency,0,Sin jurisdiccion especial,99998,38.354225,-87.567575,Ciclista,El primer evento no fue una colision con un vehiculo automotor en transporte,Four-Way Intersection,Interseccion de 4 direcciones,Sobre calle,Ninguna,Dia total,Despejado,No,NO APLICA,99,99,99,99,1,06/04/2022,1
18,Indiana,180198,1,1,1,0,97,MARION (97),2210,INDIANAPOLIS,3,Marzo,18,2022,8,24,TROY AVE,6,Calle Local Municipalidad,Urbano,Colector Mayor,City or Municipal Highway Agency,0,Sin jurisdiccion especial,99998,39.72476944,-86.04330278,Peaton,El primer evento no fue una colision con un vehiculo automotor en transporte,Not an Intersection,No fue interseccion,Sobre el lado de la calle,Ninguna,Dia total,Nublado,No,NO APLICA,99,99,99,99,1,18/03/2022,1
18,Indiana,180199,0,0,2,0,127,PORTER (127),4030,PORTER,3,Marzo,25,2022,19,39,US-20,2,US Highway,Urbano,Arteria Principal,State Highway Agency,1,Sin jurisdiccion especial,99998,41.63684167,-87.05290278,Vehiculo en movimiento,Golpe Lateral - direccion contraria,Not an Intersection,No fue interseccion,Sobre calle,Ninguna,Oscuro sin iluminacion,Despejado,No,NO APLICA,99,99,99,99,1,25/03/2022,2
18,Indiana,180200,0,0,2,0,59,HANCOCK (59),1890,GREENFIELD,3,Marzo,27,2022,19,3,SR-9,3,Highway estatal,Urbano,Arteria Principal,State Highway Agency,0,Sin jurisdiccion especial,99998,39.80676944,-85.76974722,Vehiculo en movimiento,Angulo,Four-Way Intersection,Interseccion de 4 direcciones,Sobre calle,Ninguna,Dia total,Despejado,No,NO APLICA,99,99,99,99,1,27/03/2022,2
18,Indiana,180201,0,0,2,0,71,JACKSON (71),0,NO APLICA,3,Marzo,27,2022,23,15,I-65,1,Interestatal,Rural,Interestatal,State Highway Agency,1,Sin jurisdiccion especial,99998,38.97245833,-85.84330278,Vehiculo en movimiento,Frente a Detrás,Not an Intersection,No fue interseccion,Sobre calle,Ninguna,Oscuro con iluminacion,Despejado,No,NO APLICA,99,99,99,99,1,27/03/2022,2
18,Indiana,180202,0,0,2,0,69,HUNTINGTON (69),0,NO APLICA,3,Marzo,28,2022,15,25,US-24,2,US Highway,Rural,Arteria Principal,State Highway Agency,1,Sin jurisdiccion especial,99998,40.93858611,-85.38014444,Vehiculo en movimiento,Angulo,Four-Way Intersection,Interseccion de 4 direcciones,Sobre calle,Ninguna,Dia total,Despejado,No,NO APLICA,99,99,99,99,1,28/03/2022,2
18,Indiana,180203,0,0,1,0,71,JACKSON (71),4440,SEYMOUR,3,Marzo,28,2022,9,30,US-50,2,US Highway,Urbano,Arteria Principal,State Highway Agency,1,Sin jurisdiccion especial,99998,38.94124167,-85.92823056,Culvert,El primer evento no fue una colision con un vehiculo automotor en transporte,Not an Intersection,No fue interseccion,Sobre el lado de la calle,Ninguna,Dia total,Despejado,No,NO APLICA,99,99,99,99,1,28/03/2022,1
18,Indiana,180204,1,1,1,0,45,FOUNTAIN (45),1040,COVINGTON,4,Abril,1,2022,6,30,US-136,2,US Highway,Urbano,Arteria Principal,City or Municipal Highway Agency,1,Sin jurisdiccion especial,99998,40.13666667,-87.39666111,Peaton,El primer evento no fue una colision con un vehiculo automotor en transporte,Not an Intersection,No fue interseccion,Sobre calle,Ninguna,Oscuro sin iluminacion,Aguanieve,No,NO APLICA,99,99,99,99,1,01/04/2022,1
18,Indiana,180206,1,1,1,0,53,GRANT (53),2850,MARION,4,Abril,1,2022,23,40,N WABASH AVE,5,Calle Local - Pueblo,Rural,Arteria Menor,City or Municipal Highway Agency,0,Sin jurisdiccion especial,99998,40.56331111,-85.66472222,Peaton,El primer evento no fue una colision con un vehiculo automotor en transporte,Not an Intersection,No fue interseccion,Sobre calle,Ninguna,Oscuro con iluminacion,Nublado,No,NO APLICA,99,99,99,99,1,01/04/2022,1
18,Indiana,180207,1,1,1,0,67,HOWARD (67),2430,KOKOMO,4,Abril,5,2022,22,24,SR-931,3,Highway estatal,Urbano,Arteria Principal,State Highway Agency,1,Sin jurisdiccion especial,99998,40.48393889,-86.1077,Peaton,El primer evento no fue una colision con un vehiculo automotor en transporte,Four-Way Intersection,Interseccion de 4 direcciones,Sobre calle,Ninguna,Oscuro sin iluminacion,Nublado,No,NO APLICA,99,99,99,99,1,05/04/2022,1
18,Indiana,180208,0,0,2,0,39,ELKHART (39),0,NO APLICA,4,Abril,10,2022,21,25,US-33,2,US Highway,Rural,Arteria Principal,State Highway Agency,1,Sin jurisdiccion especial,99998,41.49326944,-85.72295833,Vehiculo en movimiento,Frente a frente,Not an Intersection,No fue interseccion,Sobre calle,Ninguna,Oscuro sin iluminacion,Despejado,No,NO APLICA,99,99,99,99,1,10/04/2022,2
18,Indiana,180209,0,0,1,0,127,PORTER (127),0,NO APLICA,4,Abril,10,2022,19,24,CR-350S,4,Calle del Condado,Rural,Arteria Principal,County Highway Agency,0,Sin jurisdiccion especial,99998,41.38369167,-87.19670833,Poste de Señal de trafico,El primer evento no fue una colision con un vehiculo automotor en transporte,T-Intersection,Interseccion de T,Sobre el lado de la calle,Ninguna,Atardecer,Despejado,No,NO APLICA,99,99,99,99,1,10/04/2022,1
18,Indiana,180210,0,0,1,0,149,STARKE (149),0,NO APLICA,3,Marzo,20,2022,16,30,CR-RIDGE RD,4,Calle del Condado,Rural,Local,County Highway Agency,0,Sin jurisdiccion especial,99998,41.17996944,-86.47863333,Arbol,El primer evento no fue una colision con un vehiculo automotor en transporte,Not an Intersection,No fue interseccion,Sobre el lado de la calle,Ninguna,Dia total,Despejado,No,NO APLICA,99,99,99,99,1,20/03/2022,1
18,Indiana,180211,0,0,2,0,81,JOHNSON (81),1650,FRANKLIN,4,Abril,10,2022,7,9,CR-75,4,Calle del Condado,Rural,Local,County Highway Agency,0,Sin jurisdiccion especial,99998,39.54926389,-86.115825,Vehiculo en movimiento,Angulo,Four-Way Intersection,Interseccion de 4 direcciones,Sobre calle,Ninguna,Amanecer,Despejado,No,NO APLICA,99,99,99,99,1,10/04/2022,2
18,Indiana,180212,0,0,3,0,55,GREENE (55),2250,JASONVILLE,4,Abril,6,2022,5,33,SR-59,3,Highway estatal,Rural,Colector Mayor,State Highway Agency,0,Sin jurisdiccion especial,99998,39.08476667,-87.18378333,Vehiculo en movimiento,Frente a frente,Not an Intersection,No fue interseccion,Sobre calle,Ninguna,Dia total,Despejado,No,NO APLICA,99,99,99,99,1,06/04/2022,3
18,Indiana,180213,0,0,3,0,89,LAKE (89),2972,MERRILLVILLE,4,Abril,11,2022,13,20,RANDOLPH ST,6,Calle Local Municipalidad,Rural,Arteria Menor,City or Municipal Highway Agency,0,Sin jurisdiccion especial,99998,41.44358333,-87.23905,Vehiculo en movimiento,Frente a frente,Not an Intersection,No fue interseccion,Sobre calle,Ninguna,Dia total,Despejado,No,NO APLICA,99,99,99,99,1,11/04/2022,4
18,Indiana,180214,1,1,1,0,89,LAKE (89),3370,MUNSTER,4,Abril,12,2022,21,30,45TH ST,6,Calle Local Municipalidad,Urbano,Arteria Menor,City or Municipal Highway Agency,0,Sin jurisdiccion especial,99998,41.53771944,-87.48969167,Peaton,El primer evento no fue una colision con un vehiculo automotor en transporte,Not an Intersection,No fue interseccion,Sobre calle,Ninguna,Oscuro con iluminacion,Despejado,No,NO APLICA,99,99,99,99,1,12/04/2022,1
18,Indiana,180215,0,0,2,0,63,HENDRICKS (63),251,AVON,3,Marzo,2,2022,15,28,CR-800,4,Calle del Condado,Rural,Arteria Menor,County Highway Agency,0,Sin jurisdiccion especial,99998,39.82028056,-86.38204167,Vehiculo en movimiento,Frente a frente,Not an Intersection,No fue interseccion,Sobre calle,Ninguna,Dia total,Despejado,Yes,NO APLICA,99,99,99,99,1,02/03/2022,3
18,Indiana,180216,0,0,3,0,39,ELKHART (39),1410,ELKHART,4,Abril,16,2022,22,46,CR-17,4,Calle del Condado,Rural,Arteria Principal,County Highway Agency,0,Sin jurisdiccion especial,99998,41.64480556,-85.88765556,Vehiculo en movimiento,Angulo,Not an Intersection,No fue interseccion,Sobre calle,Ninguna,Oscuro sin iluminacion,Despejado,No,NO APLICA,99,99,99,99,1,16/04/2022,8
18,Indiana,180217,0,0,1,0,89,LAKE (89),0,NO APLICA,4,Abril,16,2022,0,55,CLAY ST,5,Calle Local - Pueblo,Rural,Colector Mayor,Town or Township Highway Agency,0,Sin jurisdiccion especial,99998,41.28845833,-87.27640278,Zanja,El primer evento no fue una colision con un vehiculo automotor en transporte,Not an Intersection,No fue interseccion,Sobre el lado de la calle,Ninguna,Oscuro sin iluminacion,Despejado,No,NO APLICA,99,99,99,99,1,16/04/2022,2
18,Indiana,180218,0,0,2,0,127,PORTER (127),4960,VALPARAISO,4,Abril,21,2022,13,52,CR-325E,4,Calle del Condado,Urbano,Local,County Highway Agency,0,Sin jurisdiccion especial,99998,41.44625556,-87.00282222,Vehiculo en movimiento,Angulo,Four-Way Intersection,Interseccion de 4 direcciones,Sobre calle,Ninguna,Dia total,Despejado,No,NO APLICA,99,99,99,99,1,21/04/2022,3
18,Indiana,180219,0,0,4,0,183,WHITLEY (183),980,COLUMBIA CITY,4,Abril,13,2022,6,50,US-30,2,US Highway,Rural,Arteria Principal,State Highway Agency,1,Sin jurisdiccion especial,99998,41.12615,-85.33834722,Vehiculo en movimiento,Angulo,Four-Way Intersection,Interseccion de 4 direcciones,Sobre calle,Ninguna,Oscuro con iluminacion,Despejado,No,NO APLICA,99,99,99,99,3,13/04/2022,8
18,Indiana,180220,0,0,4,0,71,JACKSON (71),4440,SEYMOUR,4,Abril,13,2022,14,45,US-31,2,US Highway,Rural,Colector Mayor,State Highway Agency,0,Sin jurisdiccion especial,99998,38.91820833,-85.83333611,Vehiculo en movimiento,Golpe Lateral - direccion contraria,Not an Intersection,No fue interseccion,Sobre calle,Ninguna,Dia total,Despejado,No,NO APLICA,99,99,99,99,1,13/04/2022,4
18,Indiana,180221,0,0,2,0,137,RIPLEY (137),4780,SUNMAN,4,Abril,14,2022,6,25,SR-48,3,Highway estatal,Rural,Colector Mayor,State Highway Agency,0,Sin jurisdiccion especial,99998,39.20051111,-85.20085556,Vehiculo en movimiento,Frente a frente,Not an Intersection,No fue interseccion,Sobre calle,Ninguna,Oscuro sin iluminacion,Nublado,No,NO APLICA,99,99,99,99,1,14/04/2022,2
18,Indiana,180222,0,0,1,0,9,BLACKFORD (9),2040,HARTFORD CITY,4,Abril,23,2022,17,18,CR-WILLMAN RD,4,Calle del Condado,Rural,Colector Mayor,County Highway Agency,0,Sin jurisdiccion especial,99998,40.40421389,-85.33288611,Poste,El primer evento no fue una colision con un vehiculo automotor en transporte,Not an Intersection,No fue interseccion,Sobre el lado de la calle,Ninguna,Dia total,Despejado,No,NO APLICA,99,99,99,99,1,23/04/2022,1
18,Indiana,180223,0,0,4,0,39,ELKHART (39),1830,GOSHEN,4,Abril,25,2022,13,20,CR-17,6,Calle Local Municipalidad,Urbano,Arteria Principal,County Highway Agency,0,Sin jurisdiccion especial,99998,41.61244444,-85.89151667,Vehiculo en movimiento,Angulo,T-Intersection,Interseccion de T,Sobre calle,Ninguna,Dia total,Nublado,No,NO APLICA,99,99,99,99,2,25/04/2022,5
18,Indiana,180224,1,1,1,0,27,DAVIESS (27),0,NO APLICA,4,Abril,24,2022,1,45,I-69S,1,Interestatal,Rural,Interestatal,State Highway Agency,1,Sin jurisdiccion especial,99998,38.6363,-87.12749722,Peaton,El primer evento no fue una colision con un vehiculo automotor en transporte,Not an Intersection,No fue interseccion,Sobre calle,Ninguna,Oscuro sin iluminacion,Nublado,No,NO APLICA,99,99,99,99,1,24/04/2022,1
18,Indiana,180225,0,0,1,0,145,SHELBY (145),0,NO APLICA,1,Enero,26,2022,3,40,CR-BASSETT RD,4,Calle del Condado,Rural,Local,County Highway Agency,0,Sin jurisdiccion especial,99998,39.56223889,-85.78384167,Zanja,El primer evento no fue una colision con un vehiculo automotor en transporte,T-Intersection,Interseccion de T,Sobre el lado de la calle,Ninguna,Oscuro sin iluminacion,Despejado,No,NO APLICA,99,99,99,99,1,26/01/2022,1
18,Indiana,180226,0,0,2,0,77,JEFFERSON (77),0,NO APLICA,4,Abril,1,2022,6,40,US-421,2,US Highway,Rural,Arteria Principal,State Highway Agency,0,Sin jurisdiccion especial,99998,38.82160278,-85.38245556,Vehiculo en movimiento,Frente a frente,Not an Intersection,No fue interseccion,Sobre calle,Ninguna,Oscuro sin iluminacion,lluvia,No,NO APLICA,99,99,99,99,1,01/04/2022,2
18,Indiana,180227,0,0,2,0,75,JAY (75),0,NO APLICA,4,Abril,8,2022,13,45,SR-67,3,Highway estatal,Rural,Arteria Menor,State Highway Agency,0,Sin jurisdiccion especial,99998,40.32093056,-85.20039444,Vehiculo en movimiento,Angulo,Not an Intersection,No fue interseccion,Sobre calle,Ninguna,Dia total,Despejado,No,NO APLICA,99,99,99,99,1,08/04/2022,2
18,Indiana,180228,0,0,2,0,57,HAMILTON (57),0,NO APLICA,4,Abril,8,2022,10,0,SR-37,3,Highway estatal,Rural,Arteria Menor,State Highway Agency,0,Sin jurisdiccion especial,99998,40.14515833,-85.88208333,Vehiculo en movimiento,Frente a frente,Not an Intersection,No fue interseccion,Sobre calle,Ninguna,Dia total,Nublado,No,NO APLICA,99,99,99,99,1,08/04/2022,3
18,Indiana,180229,0,0,2,0,71,JACKSON (71),4440,SEYMOUR,4,Abril,9,2022,11,43,US-50,2,US Highway,Urbano,Arteria Principal,State Highway Agency,1,Sin jurisdiccion especial,99998,38.94392222,-85.92452222,Vehiculo en movimiento,Frente a frente,Not an Intersection,No fue interseccion,Sobre calle,Ninguna,Dia total,Despejado,No,NO APLICA,99,99,99,99,1,09/04/2022,4
18,Indiana,180230,0,0,1,0,35,DELAWARE (35),3360,MUNCIE,4,Abril,18,2022,9,48,REDDING RD,6,Calle Local Municipalidad,Urbano,Local,City or Municipal Highway Agency,0,Sin jurisdiccion especial,99998,40.22749722,-85.41741389,Edificio,El primer evento no fue una colision con un vehiculo automotor en transporte,T-Intersection,Interseccion de T,Sobre el lado de la calle,Ninguna,Dia total,lluvia,No,NO APLICA,99,99,99,99,1,18/04/2022,1
18,Indiana,180231,0,0,3,0,47,FRANKLIN (47),3584,NEW TRENTON,4,Abril,5,2022,11,5,US-52,2,US Highway,Rural,Arteria Principal,State Highway Agency,0,Sin jurisdiccion especial,99998,39.32579167,-84.89586389,Vehiculo en movimiento,Golpe Lateral - direccion contraria,Not an Intersection,No fue interseccion,Sobre calle,Ninguna,Dia total,Despejado,No,NO APLICA,99,99,99,99,1,05/04/2022,4
18,Indiana,180232,0,0,1,0,151,STEUBEN (151),160,ANGOLA,4,Abril,12,2022,21,25,CR-ORLAND DR,4,Calle del Condado,Rural,Colector Mayor,County Highway Agency,0,Sin jurisdiccion especial,99998,41.67883056,-85.03470833,Poste,El primer evento no fue una colision con un vehiculo automotor en transporte,Not an Intersection,No fue interseccion,Sobre el lado de la calle,Ninguna,Oscuro sin iluminacion,Despejado,No,NO APLICA,99,99,99,99,1,12/04/2022,1
18,Indiana,180233,1,1,1,0,79,JENNINGS (79),0,NO APLICA,4,Abril,16,2022,10,10,CR-600,4,Calle del Condado,Rural,Local,County Highway Agency,0,Sin jurisdiccion especial,99998,39.06967222,-85.75179167,Peaton,El primer evento no fue una colision con un vehiculo automotor en transporte,Not an Intersection,No fue interseccion,Sobre calle,Ninguna,Dia total,Nublado,No,NO APLICA,99,99,99,99,1,16/04/2022,2
18,Indiana,180234,0,0,1,0,61,HARRISON (61),3850,PALMYRA,4,Abril,18,2022,19,30,SR-135,3,Highway estatal,Urbano,Arteria Menor,State Highway Agency,0,Sin jurisdiccion especial,99998,38.40556667,-86.11103889,Banqueta,El primer evento no fue una colision con un vehiculo automotor en transporte,Not an Intersection,No fue interseccion,Sobre el lado de la calle,Ninguna,Dia total,Despejado,No,NO APLICA,99,99,99,99,1,18/04/2022,1
18,Indiana,180235,1,1,1,0,29,DEARBORN (29),9997,Other,4,Abril,22,2022,12,55,CR-DEARBORN RD,4,Calle del Condado,Rural,Colector Mayor,County Highway Agency,0,Sin jurisdiccion especial,99998,39.23425556,-85.02528889,Peaton,El primer evento no fue una colision con un vehiculo automotor en transporte,Not an Intersection,No fue interseccion,Sobre el lado de la calle,Ninguna,Dia total,Despejado,No,NO APLICA,99,99,99,99,1,22/04/2022,1
18,Indiana,180236,0,0,2,0,161,UNION (161),0,NO APLICA,4,Abril,23,2022,23,9,US-27,2,US Highway,Rural,Arteria Principal,State Highway Agency,1,Sin jurisdiccion especial,99998,39.65536389,-84.92740556,Vehiculo en movimiento,Frente a Detrás,Not an Intersection,No fue interseccion,Sobre calle,Ninguna,Oscuro sin iluminacion,Despejado,No,NO APLICA,99,99,99,99,1,23/04/2022,4
18,Indiana,180237,0,0,1,0,143,SCOTT (143),4400,SCOTTSBURG,4,Abril,18,2022,17,30,SR-256,3,Highway estatal,Rural,Colector Mayor,State Highway Agency,0,Sin jurisdiccion especial,99998,38.73676389,-85.68439722,Poste,El primer evento no fue una colision con un vehiculo automotor en transporte,Not an Intersection,No fue interseccion,Sobre el lado de la calle,Ninguna,Dia total,Despejado,No,NO APLICA,99,99,99,99,1,18/04/2022,1
18,Indiana,180238,1,1,1,0,97,MARION (97),2210,INDIANAPOLIS,4,Abril,27,2022,6,0,BLUFF RD,6,Calle Local Municipalidad,Urbano,Arteria Menor,City or Municipal Highway Agency,0,Sin jurisdiccion especial,99998,39.71283333,-86.16968889,Peaton,El primer evento no fue una colision con un vehiculo automotor en transporte,Not an Intersection,No fue interseccion,Sobre calle,Ninguna,Oscuro con iluminacion,Despejado,No,NO APLICA,99,99,99,99,1,27/04/2022,1
18,Indiana,180239,1,1,1,0,3,ALLEN (3),1580,FORT WAYNE,5,Mayo,1,2022,21,39,ILLINOIS RD,6,Calle Local Municipalidad,Urbano,Arteria Principal,City or Municipal Highway Agency,0,Sin jurisdiccion especial,99998,41.07420278,-85.26278056,Ciclista,El primer evento no fue una colision con un vehiculo automotor en transporte,Four-Way Intersection,Interseccion de 4 direcciones,Sobre calle,Ninguna,Oscuro sin iluminacion,Despejado,No,NO APLICA,99,99,99,99,1,01/05/2022,1
18,Indiana,180240,0,0,1,0,105,MONROE (105),0,NO APLICA,5,Mayo,1,2022,18,59,SR-37,3,Highway estatal,Rural,Colector Mayor,State Highway Agency,0,Sin jurisdiccion especial,99998,39.22092222,-86.51763333,Arbol,El primer evento no fue una colision con un vehiculo automotor en transporte,Not an Intersection,No fue interseccion,Sobre el lado de la calle,Ninguna,Dia total,Despejado,No,NO APLICA,99,99,99,99,1,01/05/2022,1
18,Indiana,180241,0,0,2,0,163,VANDERBURGH (163),0,NO APLICA,4,Abril,28,2022,15,4,SR-57,3,Highway estatal,Rural,Arteria Principal,State Highway Agency,1,Sin jurisdiccion especial,99998,38.10717778,-87.48162778,Vehiculo en movimiento,Frente a frente,Four-Way Intersection,Interseccion de 4 direcciones,Sobre calle,Ninguna,Dia total,Nublado,No,NO APLICA,99,99,99,99,1,28/04/2022,2