Estado,Nombre de Estado,Numero de Caso,Peatones,Personas _no_vehiculos,Vehiculos automotores,Vehiculos estacionados,Condado,Nombre Condado,Ciudad,Nombre Ciudad,Mes,Nombre Mes,Dia,Año,Hora,Minuto,Calle,Ruta,Nombre Ruta,Rural o Urbanoo,Sistema Funcional,Dueño Calle,Sistema Nacional Carreteras,Jurisdiccion Especial,Milla,Latitud,Longitud,Causa del Accidente,Tipo de Accidente,Tipo Interseccion,Columna1,Lugar en la calle,Zona de Trabajo,Luz,Clima,Autobus Escolar,Cruce de Trenes,Hora Notificacion,Minuto Notificacion,Hora Llegada,Minuto Llegada,Decesos,Fecha,PersonaVehiculo
18,Indiana,180243,0,0,2,0,63,HENDRICKS (63),3990,PLAINFIELD,3,Marzo,26,2022,14,3,SR-267,3,Highway estatal,Urbano,Arteria Principal,State Highway Agency,0,Sin jurisdiccion especial,99998,39.66691667,-86.37058889,Vehiculo en movimiento,Angulo,Four-Way Intersection,Interseccion de 4 direcciones,Sobre calle,Ninguna,Dia total,Nublado,No,NO APLICA,99,99,99,99,1,26/03/2022,4
18,Indiana,180245,0,0,1,0,89,LAKE (89),1730,GARY,4,Abril,3,2022,99,99,I-65,1,Interestatal,Urbano,Interestatal,State Highway Agency,1,Sin jurisdiccion especial,99998,41.57205833,-87.29808333,Barda,El primer evento no fue una colision con un vehiculo automotor en transporte,Not an Intersection,No fue interseccion,Sobre el lado de la calle,Ninguna,Dia total,Despejado,No,NO APLICA,99,99,99,99,1,03/04/2022,1
18,Indiana,180246,0,0,2,0,97,MARION (97),2210,INDIANAPOLIS,4,Abril,30,2022,22,5,38TH ST,6,Calle Local Municipalidad,Urbano,Arteria Menor,City or Municipal Highway Agency,0,Sin jurisdiccion especial,99998,39.82618889,-85.99848889,Vehiculo en movimiento,Frente a frente,Not an Intersection,No fue interseccion,Sobre calle,Ninguna,Oscuro sin iluminacion,lluvia,No,NO APLICA,99,99,99,99,1,30/04/2022,2
18,Indiana,180247,0,0,2,0,97,MARION (97),2210,INDIANAPOLIS,5,Mayo,1,2022,18,5,ARLINGTON AVE,6,Calle Local Municipalidad,Urbano,Arteria Menor,City or Municipal Highway Agency,0,Sin jurisdiccion especial,99998,39.79443611,-86.06439167,Vehiculo en movimiento,Angulo,Not an Intersection,No fue interseccion,Sobre calle,Ninguna,Dia total,Nublado,No,NO APLICA,99,99,99,99,1,01/05/2022,3
18,Indiana,180248,0,0,1,0,97,MARION (97),2210,INDIANAPOLIS,4,Abril,28,2022,2,36,I-465,1,Interestatal,Urbano,Interestatal,State Highway Agency,1,Sin jurisdiccion especial,99998,39.69941111,-86.14914444,Poste o otros soportes,El primer evento no fue una colision con un vehiculo automotor en transporte,Not an Intersection,No fue interseccion,Gore?,Ninguna,Oscuro con iluminacion,Despejado,No,NO APLICA,99,99,99,99,1,28/04/2022,1
18,Indiana,180249,0,0,1,0,81,JOHNSON (81),0,NO APLICA,3,Marzo,15,2022,15,0,CR-HURRICANE,4,Calle del Condado,Rural,Arteria Menor,County Highway Agency,0,Sin jurisdiccion especial,99998,39.52121667,-86.03541667,Acotamiento,El primer evento no fue una colision con un vehiculo automotor en transporte,Not an Intersection,No fue interseccion,Sobre el lado de la calle,Ninguna,Dia total,Despejado,No,NO APLICA,99,99,99,99,1,15/03/2022,1
18,Indiana,180250,0,0,2,0,97,MARION (97),2210,INDIANAPOLIS,4,Abril,22,2022,19,45,ARLINGTON AVE,6,Calle Local Municipalidad,Urbano,Arteria Menor,City or Municipal Highway Agency,0,Sin jurisdiccion especial,99998,39.74990833,-86.06385833,Vehiculo en movimiento,Angulo,Four-Way Intersection,Interseccion de 4 direcciones,Sobre calle,Ninguna,Dia total,Despejado,No,NO APLICA,99,99,99,99,1,22/04/2022,2
18,Indiana,180251,0,0,1,0,61,HARRISON (61),1390,ELIZABETH,4,Abril,19,2022,11,30,SR-11,3,Highway estatal,Rural,Colector Mayor,State Highway Agency,0,Sin jurisdiccion especial,99998,38.13502222,-85.93246389,Volcadura,El primer evento no fue una colision con un vehiculo automotor en transporte,Not an Intersection,No fue interseccion,Sobre el lado de la calle,Ninguna,Dia total,Despejado,No,NO APLICA,99,99,99,99,1,19/04/2022,2
18,Indiana,180252,0,0,3,0,3,ALLEN (3),1580,FORT WAYNE,5,Mayo,1,2022,19,35,US-27,2,US Highway,Urbano,Arteria Principal,State Highway Agency,0,Sin jurisdiccion especial,99998,41.07679722,-85.13731667,Vehiculo en movimiento,Frente a Detrás,Not an Intersection,No fue interseccion,Sobre calle,Ninguna,Dia total,Despejado,No,NO APLICA,99,99,99,99,1,01/05/2022,3
18,Indiana,180253,0,0,1,0,51,GIBSON (51),2060,HAUBSTADT,5,Mayo,4,2022,18,7,CR-25,4,Calle del Condado,Rural,Colector Mayor,County Highway Agency,0,Sin jurisdiccion especial,99998,38.21863333,-87.57584444,Acotamiento,El primer evento no fue una colision con un vehiculo automotor en transporte,Not an Intersection,No fue interseccion,Sobre el lado de la calle,Ninguna,Dia total,Nublado,No,NO APLICA,99,99,99,99,1,04/05/2022,1
18,Indiana,180254,0,0,2,0,61,HARRISON (61),1050,CRANDALL,4,Abril,10,2022,17,43,SR-64,3,Highway estatal,Rural,Colector Mayor,State Highway Agency,0,Sin jurisdiccion especial,99998,38.29766111,-86.01600556,Vehiculo en movimiento,Frente a frente,Not an Intersection,No fue interseccion,Sobre calle,Ninguna,Atardecer,Despejado,No,NO APLICA,99,99,99,99,1,10/04/2022,6
18,Indiana,180255,0,0,1,0,13,BROWN (13),3390,NASHVILLE,4,Abril,18,2022,13,17,CR-SWEETWATER TRL,4,Calle del Condado,Rural,Colector Mayor,County Highway Agency,0,Sin jurisdiccion especial,99998,39.34012778,-86.14078056,Arbol,El primer evento no fue una colision con un vehiculo automotor en transporte,Not an Intersection,No fue interseccion,Sobre el lado de la calle,Ninguna,Dia total,Nublado,No,NO APLICA,99,99,99,99,1,18/04/2022,1
18,Indiana,180256,0,0,2,0,97,MARION (97),2210,INDIANAPOLIS,4,Abril,21,2022,20,30,SHARON AVE,6,Calle Local Municipalidad,Urbano,Local,City or Municipal Highway Agency,0,Sin jurisdiccion especial,99998,39.78789444,-86.20842778,Vehiculo en movimiento,Angulo,Four-Way Intersection,Interseccion de 4 direcciones,Sobre calle,Ninguna,Oscuro con iluminacion,Despejado,No,NO APLICA,99,99,99,99,1,21/04/2022,4
18,Indiana,180257,0,0,2,0,97,MARION (97),310,BEECH GROVE,4,Abril,27,2022,12,20,EMERSON AVE,6,Calle Local Municipalidad,Urbano,Arteria Principal,City or Municipal Highway Agency,0,Sin jurisdiccion especial,99998,39.6946,-86.08257222,Vehiculo en movimiento,Angulo,Four-Way Intersection,Interseccion de 4 direcciones,Sobre calle,Ninguna,Dia total,Despejado,No,NO APLICA,99,99,99,99,1,27/04/2022,2
18,Indiana,180258,0,0,2,0,69,HUNTINGTON (69),0,NO APLICA,5,Mayo,2,2022,18,17,SR-3,3,Highway estatal,Rural,Colector Mayor,State Highway Agency,0,Sin jurisdiccion especial,99998,40.7893,-85.36307222,Vehiculo en movimiento,Frente a frente,Not an Intersection,No fue interseccion,Sobre calle,Ninguna,Dia total,Despejado,No,NO APLICA,99,99,99,99,1,02/05/2022,3
18,Indiana,180259,0,0,2,0,167,VIGO (167),4840,TERRE HAUTE,5,Mayo,7,2022,21,12,CRITCHFIELD ST,6,Calle Local Municipalidad,Urbano,Arteria Principal,State Highway Agency,1,Sin jurisdiccion especial,99998,39.42862222,-87.4147,Vehiculo en movimiento,Angulo,Four-Way Intersection,Interseccion de 4 direcciones,Sobre calle,Ninguna,Oscuro con iluminacion,Despejado,No,NO APLICA,99,99,99,99,1,07/05/2022,4
18,Indiana,180260,0,0,2,0,127,PORTER (127),4960,VALPARAISO,5,Mayo,5,2022,15,11,US-30,2,US Highway,Rural,Arteria Principal,State Highway Agency,1,Sin jurisdiccion especial,99998,41.47005833,-87.13596667,Vehiculo en movimiento,Angulo,Not an Intersection,No fue interseccion,Sobre calle,Ninguna,Dia total,lluvia,No,NO APLICA,99,99,99,99,1,05/05/2022,2
18,Indiana,180261,0,0,1,0,61,HARRISON (61),0,NO APLICA,5,Mayo,7,2022,3,0,SR-64,3,Highway estatal,Rural,Colector Mayor,State Highway Agency,0,Sin jurisdiccion especial,99998,38.29773611,-86.01690833,Arbol,El primer evento no fue una colision con un vehiculo automotor en transporte,Not an Intersection,No fue interseccion,Sobre el lado de la calle,Ninguna,Oscuro sin iluminacion,lluvia,No,NO APLICA,99,99,99,99,1,07/05/2022,2
18,Indiana,180262,0,0,1,0,89,LAKE (89),1310,EAST CHICAGO,4,Abril,23,2022,3,22,US-12,2,US Highway,Urbano,Arteria Principal,State Highway Agency,1,Sin jurisdiccion especial,99998,41.63744167,-87.440375,Banqueta,El primer evento no fue una colision con un vehiculo automotor en transporte,Not an Intersection,No fue interseccion,En el medio,Ninguna,Oscuro con iluminacion,Despejado,No,NO APLICA,99,99,99,99,2,23/04/2022,2
18,Indiana,180263,0,0,1,0,137,RIPLEY (137),3030,OLD MILAN,5,Mayo,1,2022,21,30,SR-101,3,Highway estatal,Rural,Colector Mayor,State Highway Agency,0,Sin jurisdiccion especial,99998,39.07740556,-85.13311667,Acotamiento,El primer evento no fue una colision con un vehiculo automotor en transporte,Not an Intersection,No fue interseccion,Sobre el lado de la calle,Ninguna,Oscuro sin iluminacion,Nublado,No,NO APLICA,99,99,99,99,1,01/05/2022,1
18,Indiana,180264,1,1,1,0,97,MARION (97),2210,INDIANAPOLIS,5,Mayo,8,2022,4,20,PERIMETER RD,6,Calle Local Municipalidad,Trafficway Not in State Inventory,Via no en inventario estatal,Trafficway Not in State Inventory,0,Sin jurisdiccion especial,99998,39.702175,-86.32211389,Peaton,El primer evento no fue una colision con un vehiculo automotor en transporte,Not an Intersection,No fue interseccion,Sobre calle,Ninguna,Oscuro sin iluminacion,Despejado,No,NO APLICA,99,99,99,99,1,08/05/2022,1
18,Indiana,180266,0,0,1,0,57,HAMILTON (57),1540,FISHERS,4,Abril,28,2022,14,35,I-69,1,Interestatal,Urbano,Interestatal,State Highway Agency,1,Sin jurisdiccion especial,99998,39.97185556,-85.96743056,Fin de valla,El primer evento no fue una colision con un vehiculo automotor en transporte,Not an Intersection,No fue interseccion,Sobre el lado de la calle,Ninguna,Dia total,Nublado,No,NO APLICA,99,99,99,99,1,28/04/2022,1
18,Indiana,180267,1,1,1,0,157,TIPPECANOE (157),2480,LAFAYETTE,5,Mayo,6,2022,5,33,CREASY,6,Calle Local Municipalidad,Urbano,Arteria Menor,City or Municipal Highway Agency,0,Sin jurisdiccion especial,99998,40.40591111,-86.83866389,Peaton,El primer evento no fue una colision con un vehiculo automotor en transporte,Not an Intersection,No fue interseccion,Sobre calle,Ninguna,Oscuro sin iluminacion,lluvia,No,NO APLICA,99,99,99,99,1,06/05/2022,1
18,Indiana,180268,0,0,2,0,89,LAKE (89),0,NO APLICA,4,Abril,28,2022,4,10,I-90,1,Interestatal,Rural,Interestatal,State Highway Agency,1,Sin jurisdiccion especial,99998,41.63384167,-87.50493333,Vehiculo en movimiento,Frente a frente,Not an Intersection,No fue interseccion,Sobre calle,Ninguna,Oscuro sin iluminacion,Despejado,No,NO APLICA,99,99,99,99,1,28/04/2022,2
18,Indiana,180269,0,0,1,0,45,FOUNTAIN (45),0,NO APLICA,4,Abril,29,2022,9,46,CR-675E,4,Calle del Condado,Rural,Local,County Highway Agency,0,Sin jurisdiccion especial,99998,40.02916944,-87.13384444,Poste,El primer evento no fue una colision con un vehiculo automotor en transporte,Not an Intersection,No fue interseccion,Sobre el lado de la calle,Ninguna,Dia total,Despejado,No,NO APLICA,99,99,99,99,1,29/04/2022,1
18,Indiana,180270,0,0,1,0,43,FLOYD (43),0,NO APLICA,4,Abril,30,2022,13,50,CR-BRUSH COLLEGE RD,4,Calle del Condado,Rural,Local,County Highway Agency,0,Sin jurisdiccion especial,99998,38.33893611,-85.88396111,Volcadura,El primer evento no fue una colision con un vehiculo automotor en transporte,Not an Intersection,No fue interseccion,Sobre el lado de la calle,Ninguna,Dia total,Despejado,No,NO APLICA,99,99,99,99,1,30/04/2022,1
18,Indiana,180271,0,0,2,0,153,SULLIVAN (153),0,NO APLICA,5,Mayo,2,2022,13,25,US-150,2,US Highway,Rural,Arteria Principal,State Highway Agency,1,Sin jurisdiccion especial,99998,39.20156111,-87.38935833,Vehiculo en movimiento,Frente a Detrás,Not an Intersection,No fue interseccion,Sobre calle,Ninguna,Dia total,Despejado,No,342310N,99,99,99,99,1,02/05/2022,2
18,Indiana,180272,0,0,3,0,163,VANDERBURGH (163),1480,EVANSVILLE,4,Abril,16,2022,14,10,US-41,2,US Highway,Urbano,Arteria Principal,State Highway Agency,1,Sin jurisdiccion especial,99998,38.12329722,-87.55329444,Vehiculo en movimiento,Angulo,Four-Way Intersection,Interseccion de 4 direcciones,Sobre calle,Ninguna,Dia total,Despejado,No,NO APLICA,99,99,99,99,1,16/04/2022,7
18,Indiana,180273,0,0,3,0,177,WAYNE (177),780,CENTERVILLE,5,Mayo,10,2022,16,45,CR-POTTERSHOP RD,4,Calle del Condado,Rural,Colector Mayor,County Highway Agency,0,Sin jurisdiccion especial,99998,39.73691667,-85.08370556,Vehiculo en movimiento,Frente a frente,Not an Intersection,No fue interseccion,Sobre calle,Ninguna,Dia total,Despejado,No,NO APLICA,99,99,99,99,1,10/05/2022,3
18,Indiana,180274,0,0,2,0,39,ELKHART (39),0,NO APLICA,5,Mayo,12,2022,16,25,US-33,2,US Highway,Rural,Arteria Principal,State Highway Agency,0,Sin jurisdiccion especial,99998,41.66478333,-86.05479167,Vehiculo en movimiento,Frente a Detrás,Not an Intersection,No fue interseccion,Sobre calle,Ninguna,Dia total,Despejado,No,NO APLICA,99,99,99,99,1,12/05/2022,2
18,Indiana,180275,0,0,2,0,33,DEKALB (33),1720,GARRETT,5,Mayo,14,2022,0,10,SR-8,3,Highway estatal,Rural,Arteria Menor,State Highway Agency,0,Sin jurisdiccion especial,99998,41.36653611,-85.11220556,Vehiculo en movimiento,Frente a frente,Not an Intersection,No fue interseccion,Sobre calle,Ninguna,Oscuro sin iluminacion,Despejado,No,NO APLICA,99,99,99,99,1,14/05/2022,2
18,Indiana,180276,0,0,1,0,89,LAKE (89),1730,GARY,5,Mayo,12,2022,19,0,7TH,6,Calle Local Municipalidad,Urbano,Local,City or Municipal Highway Agency,0,Sin jurisdiccion especial,99998,41.59520556,-87.29179444,Vehiculo Ferrocarril,El primer evento no fue una colision con un vehiculo automotor en transporte,Not an Intersection,No fue interseccion,Sobre calle,Ninguna,Dia total,Despejado,No,870880G,99,99,99,99,1,12/05/2022,1
18,Indiana,180277,0,0,2,0,75,JAY (75),0,NO APLICA,5,Mayo,16,2022,9,50,SR-67,3,Highway estatal,Rural,Arteria Menor,State Highway Agency,0,Sin jurisdiccion especial,99998,40.42788889,-85.02161389,Vehiculo en movimiento,Angulo,Four-Way Intersection,Interseccion de 4 direcciones,Sobre calle,Ninguna,Dia total,Despejado,No,NO APLICA,99,99,99,99,3,16/05/2022,4
18,Indiana,180278,0,0,4,0,97,MARION (97),2210,INDIANAPOLIS,5,Mayo,14,2022,16,5,MERIDIAN,6,Calle Local Municipalidad,Urbano,Arteria Menor,City or Municipal Highway Agency,0,Sin jurisdiccion especial,99998,39.71728611,-86.15864444,Volcadura,El primer evento no fue una colision con un vehiculo automotor en transporte,Not an Intersection,No fue interseccion,Sobre calle,Ninguna,Dia total,Nublado,No,NO APLICA,99,99,99,99,1,14/05/2022,6
18,Indiana,180279,0,0,2,0,165,VERMILLION (165),740,CAYUGA,5,Mayo,11,2022,8,13,SR-63,3,Highway estatal,Rural,Arteria Principal,State Highway Agency,1,Sin jurisdiccion especial,99998,39.95226667,-87.45170278,Vehiculo en movimiento,Angulo,Four-Way Intersection,Interseccion de 4 direcciones,Sobre calle,Ninguna,Dia total,Despejado,No,NO APLICA,99,99,99,99,1,11/05/2022,2
18,Indiana,180280,0,0,2,0,151,STEUBEN (151),0,NO APLICA,5,Mayo,17,2022,15,25,SR-120,3,Highway estatal,Rural,Colector Mayor,State Highway Agency,0,Sin jurisdiccion especial,99998,41.74413611,-85.04875278,Vehiculo en movimiento,Angulo,Four-Way Intersection,Interseccion de 4 direcciones,Sobre calle,Ninguna,Dia total,Despejado,No,NO APLICA,99,99,99,99,1,17/05/2022,3
18,Indiana,180281,0,0,2,0,105,MONROE (105),380,BLOOMINGTON,4,Abril,30,2022,15,55,COUNTRY CLUB DR,6,Calle Local Municipalidad,Urbano,Arteria Menor,City or Municipal Highway Agency,0,Sin jurisdiccion especial,99998,39.13626111,-86.54510278,Vehiculo en movimiento,Frente a frente,Not an Intersection,No fue interseccion,Sobre calle,Ninguna,Dia total,Despejado,No,NO APLICA,99,99,99,99,1,30/04/2022,3
18,Indiana,180282,0,0,1,0,157,TIPPECANOE (157),0,NO APLICA,5,Mayo,4,2022,22,10,SR-25,3,Highway estatal,Rural,Arteria Menor,State Highway Agency,0,Sin jurisdiccion especial,99998,40.48890556,-86.81757778,Valla Ferrocarril,El primer evento no fue una colision con un vehiculo automotor en transporte,Not an Intersection,No fue interseccion,Sobre el lado de la calle,Ninguna,Oscuro sin iluminacion,Nublado,No,NO APLICA,99,99,99,99,1,04/05/2022,1
18,Indiana,180283,0,0,1,0,97,MARION (97),2210,INDIANAPOLIS,5,Mayo,3,2022,21,17,I-465,1,Interestatal,Urbano,Interestatal,State Highway Agency,1,Sin jurisdiccion especial,99998,39.79225833,-86.03541667,Barrera de Trafico de Concreto,El primer evento no fue una colision con un vehiculo automotor en transporte,Not an Intersection,No fue interseccion,En el medio,Ninguna,Oscuro con iluminacion,Despejado,No,NO APLICA,99,99,99,99,1,03/05/2022,1
18,Indiana,180284,0,0,2,0,55,GREENE (55),0,NO APLICA,5,Mayo,9,2022,16,27,SR-45,3,Highway estatal,Rural,Colector Mayor,State Highway Agency,0,Sin jurisdiccion especial,99998,38.97193889,-86.73686111,Vehiculo en movimiento,Frente a frente,Not an Intersection,No fue interseccion,Sobre calle,Ninguna,Dia total,Despejado,No,NO APLICA,99,99,99,99,1,09/05/2022,2
18,Indiana,180285,0,0,1,0,89,LAKE (89),0,NO APLICA,5,Mayo,10,2022,8,44,I-65,1,Interestatal,Rural,Interestatal,State Highway Agency,1,Sin jurisdiccion especial,99998,41.39251389,-87.32659722,Volcadura,El primer evento no fue una colision con un vehiculo automotor en transporte,Not an Intersection,No fue interseccion,Sobre el lado de la calle,Ninguna,Dia total,Despejado,No,NO APLICA,99,99,99,99,1,10/05/2022,1
18,Indiana,180286,0,0,2,0,167,VIGO (167),0,NO APLICA,5,Mayo,13,2022,3,15,SR-46,3,Highway estatal,Rural,Colector Mayor,State Highway Agency,0,Sin jurisdiccion especial,99998,39.39019444,-87.24402222,Vehiculo en movimiento,Golpe Lateral - direccion contraria,Not an Intersection,No fue interseccion,Sobre calle,Ninguna,Oscuro sin iluminacion,Despejado,No,NO APLICA,99,99,99,99,1,13/05/2022,2
18,Indiana,180287,4,4,1,0,1,ADAMS (1),0,NO APLICA,5,Mayo,13,2022,14,4,SR-218,3,Highway estatal,Rural,Colector Mayor,State Highway Agency,0,Sin jurisdiccion especial,99998,40.65839722,-84.91541389,Animal montado o vehiculo de traccion animal,El primer evento no fue una colision con un vehiculo automotor en transporte,Not an Intersection,No fue interseccion,Sobre calle,Ninguna,Dia total,Despejado,No,NO APLICA,99,99,99,99,1,13/05/2022,1
18,Indiana,180288,0,0,1,0,35,DELAWARE (35),0,NO APLICA,5,Mayo,14,2022,5,24,US-35,2,US Highway,Rural,Arterial Principal -Freeway o ExpressWay,State Highway Agency,1,Sin jurisdiccion especial,99998,40.2309,-85.34825278,Animal vivo,El primer evento no fue una colision con un vehiculo automotor en transporte,Not an Intersection,No fue interseccion,Sobre calle,Ninguna,Oscuro sin iluminacion,Despejado,No,NO APLICA,99,99,99,99,1,14/05/2022,2
18,Indiana,180289,0,0,1,0,123,PERRY (123),0,NO APLICA,5,Mayo,16,2022,18,30,ATLANTA RD,5,Calle Local - Pueblo,Rural,Local,City or Municipal Highway Agency,0,Sin jurisdiccion especial,99998,38.06639167,-86.73475278,Acotamiento,El primer evento no fue una colision con un vehiculo automotor en transporte,Not an Intersection,No fue interseccion,Sobre el lado de la calle,Ninguna,Dia total,Despejado,No,NO APLICA,99,99,99,99,1,16/05/2022,1
18,Indiana,180290,0,0,1,0,81,JOHNSON (81),1650,FRANKLIN,5,Mayo,16,2022,18,23,CR-COMMERCE DR,4,Calle del Condado,Urbano,Colector Mayor,County Highway Agency,0,Sin jurisdiccion especial,99998,39.50695556,-86.06965,Arbol,El primer evento no fue una colision con un vehiculo automotor en transporte,Not an Intersection,No fue interseccion,Sobre el lado de la calle,Ninguna,Dia total,Despejado,No,NO APLICA,99,99,99,99,1,16/05/2022,1
18,Indiana,180291,0,0,2,0,57,HAMILTON (57),0,NO APLICA,5,Mayo,16,2022,15,58,276TH ST,5,Calle Local - Pueblo,Rural,Colector Mayor,City or Municipal Highway Agency,0,Sin jurisdiccion especial,99998,40.19038889,-86.06906389,Vehiculo en movimiento,Golpe Lateral - direccion contraria,Four-Way Intersection,Interseccion de 4 direcciones,Sobre calle,Ninguna,Dia total,Nublado,No,NO APLICA,99,99,99,99,1,16/05/2022,2
18,Indiana,180292,0,0,1,0,3,ALLEN (3),1580,FORT WAYNE,5,Mayo,16,2022,15,34,LINDENWOOD AVE,6,Calle Local Municipalidad,Urbano,Colector Mayor,City or Municipal Highway Agency,0,Sin jurisdiccion especial,99998,41.08345,-85.17958889,Poste o otros soportes,El primer evento no fue una colision con un vehiculo automotor en transporte,Not an Intersection,No fue interseccion,Sobre el lado de la calle,Ninguna,Dia total,Despejado,No,NO APLICA,99,99,99,99,1,16/05/2022,1
18,Indiana,180294,0,0,1,0,85,KOSCIUSKO (85),0,NO APLICA,5,Mayo,14,2022,15,0,CR-1300,4,Calle del Condado,Rural,Colector Mayor,County Highway Agency,0,Sin jurisdiccion especial,99998,41.42224722,-85.76126667,Barda,El primer evento no fue una colision con un vehiculo automotor en transporte,Not an Intersection,No fue interseccion,Sobre el lado de la calle,Ninguna,Dia total,Nublado,No,NO APLICA,99,99,99,99,1,14/05/2022,1
18,Indiana,180295,0,0,1,0,85,KOSCIUSKO (85),0,NO APLICA,5,Mayo,13,2022,14,36,CR-1350,4,Calle del Condado,Rural,Colector Mayor,County Highway Agency,0,Sin jurisdiccion especial,99998,41.42748889,-85.89611389,Poste,El primer evento no fue una colision con un vehiculo automotor en transporte,Not an Intersection,No fue interseccion,Sobre el lado de la calle,Ninguna,Dia total,Despejado,No,NO APLICA,99,99,99,99,1,13/05/2022,2
18,Indiana,180296,0,0,1,0,3,ALLEN (3),1580,FORT WAYNE,5,Mayo,22,2022,1,17,JEFFERSON BLVD,6,Calle Local Municipalidad,Urbano,Arteria Principal,City or Municipal Highway Agency,0,Sin jurisdiccion especial,99998,41.07373056,-85.17799444,Valla Ferrocarril,El primer evento no fue una colision con un vehiculo automotor en transporte,Not an Intersection,No fue interseccion,Sobre el lado de la calle,Ninguna,Oscuro con iluminacion,Despejado,No,NO APLICA,99,99,99,99,1,22/05/2022,1
18,Indiana,180297,0,0,2,0,39,ELKHART (39),0,NO APLICA,5,Mayo,23,2022,4,45,cr-PACKARD DR,4,Calle del Condado,Rural,Colector Menor,County Highway Agency,0,Sin jurisdiccion especial,99998,41.74024444,-85.69150278,Vehiculo en movimiento,Angulo,T-Intersection,Interseccion de T,Sobre calle,Ninguna,Oscuro sin iluminacion,Despejado,No,NO APLICA,99,99,99,99,1,23/05/2022,2
18,Indiana,180298,0,0,4,0,97,MARION (97),2210,INDIANAPOLIS,5,Mayo,13,2022,12,14,US-40,2,US Highway,Urbano,Arteria Principal,State Highway Agency,1,Sin jurisdiccion especial,99998,39.76723333,-86.13196389,Vehiculo en movimiento,Frente a frente,Not an Intersection,No fue interseccion,Sobre calle,Ninguna,Dia total,Despejado,No,NO APLICA,99,99,99,99,1,13/05/2022,4
18,Indiana,180299,0,0,1,0,179,WELLS (179),0,NO APLICA,5,Mayo,26,2022,23,15,CR-200,4,Calle del Condado,Rural,Colector Mayor,County Highway Agency,0,Sin jurisdiccion especial,99998,40.77161944,-85.15128333,Volcadura,El primer evento no fue una colision con un vehiculo automotor en transporte,Not an Intersection,No fue interseccion,Sobre el lado de la calle,Ninguna,Oscuro sin iluminacion,Nublado,No,NO APLICA,99,99,99,99,1,26/05/2022,2
18,Indiana,180300,1,1,1,0,97,MARION (97),2210,INDIANAPOLIS,5,Mayo,24,2022,22,30,38TH ST,6,Calle Local Municipalidad,Urbano,Arteria Principal,City or Municipal Highway Agency,0,Sin jurisdiccion especial,99998,39.82535556,-86.105925,Peaton,El primer evento no fue una colision con un vehiculo automotor en transporte,Not an Intersection,No fue interseccion,Sobre calle,Ninguna,Oscuro sin iluminacion,Despejado,No,NO APLICA,99,99,99,99,1,24/05/2022,4
18,Indiana,180301,0,0,1,0,141,ST JOSEPH (141),0,NO APLICA,5,Mayo,29,2022,4,45,SR-331,3,Highway estatal,Rural,Arteria Menor,State Highway Agency,0,Sin jurisdiccion especial,99998,41.50393333,-86.15638611,Poste,El primer evento no fue una colision con un vehiculo automotor en transporte,Not an Intersection,No fue interseccion,Sobre el lado de la calle,Ninguna,Amanecer,Despejado,No,NO APLICA,99,99,99,99,1,29/05/2022,1
18,Indiana,180302,0,0,1,0,57,HAMILTON (57),710,CARMEL,6,Junio,1,2022,6,16,KEYSTONE PKWY,6,Calle Local Municipalidad,Urbano,Arteria Principal,City or Municipal Highway Agency,0,Sin jurisdiccion especial,99998,39.98576944,-86.11402222,Otro objeto (fijo),El primer evento no fue una colision con un vehiculo automotor en transporte,Not an Intersection,No fue interseccion,Gore?,Ninguna,Dia total,Despejado,No,NO APLICA,99,99,99,99,1,01/06/2022,1
18,Indiana,180303,0,0,1,0,29,DEARBORN (29),0,NO APLICA,4,Abril,3,2022,13,0,YORK RIDGE RD,5,Calle Local - Pueblo,Rural,Colector Mayor,Town or Township Highway Agency,0,Sin jurisdiccion especial,99998,39.18008333,-84.91937778,Immersion total o parcial,El primer evento no fue una colision con un vehiculo automotor en transporte,Not an Intersection,No fue interseccion,Sobre el lado de la calle,Ninguna,Reportada como desconocida,Despejado,No,NO APLICA,99,99,99,99,1,03/04/2022,1
18,Indiana,180304,0,0,2,0,147,SPENCER (147),0,NO APLICA,4,Abril,28,2022,5,45,SR-66,3,Highway estatal,Rural,Arteria Menor,State Highway Agency,0,Sin jurisdiccion especial,99998,38.0015,-86.83356389,Vehiculo en movimiento,Frente a frente,Not an Intersection,No fue interseccion,Sobre calle,Ninguna,Amanecer,Despejado,No,NO APLICA,99,99,99,99,1,28/04/2022,2
18,Indiana,180305,0,0,2,0,63,HENDRICKS (63),3990,PLAINFIELD,5,Mayo,11,2022,12,17,AIRTECH PKWY,6,Calle Local Municipalidad,Urbano,Local,City or Municipal Highway Agency,0,Sin jurisdiccion especial,99998,39.71854722,-86.33656111,Vehiculo en movimiento,Angulo,Four-Way Intersection,Interseccion de 4 direcciones,Sobre calle,Ninguna,Dia total,Despejado,No,NO APLICA,99,99,99,99,1,11/05/2022,2
18,Indiana,180306,0,0,2,0,89,LAKE (89),1730,GARY,5,Mayo,12,2022,20,52,15TH AVE,6,Calle Local Municipalidad,Urbano,Arteria Menor,City or Municipal Highway Agency,0,Sin jurisdiccion especial,99998,41.58733889,-87.3049,Vehiculo en movimiento,Frente a frente,Not an Intersection,No fue interseccion,Sobre calle,Ninguna,Oscuro sin iluminacion,Despejado,No,NO APLICA,99,99,99,99,1,12/05/2022,5