Estado,Nombre de Estado,Numero de Caso,Peatones,Personas _no_vehiculos,Vehiculos automotores,Vehiculos estacionados,Condado,Nombre Condado,Ciudad,Nombre Ciudad,Mes,Nombre Mes,Dia,Año,Hora,Minuto,Calle,Ruta,Nombre Ruta,Rural o Urbanoo,Sistema Funcional,Dueño Calle,Sistema Nacional Carreteras,Jurisdiccion Especial,Milla,Latitud,Longitud,Causa del Accidente,Tipo de Accidente,Tipo Interseccion,Columna1,Lugar en la calle,Zona de Trabajo,Luz,Clima,Autobus Escolar,Cruce de Trenes,Hora Notificacion,Minuto Notificacion,Hora Llegada,Minuto Llegada,Decesos,Fecha,PersonaVehiculo
18,Indiana,180307,0,0,3,0,97,MARION (97),2210,INDIANAPOLIS,5,Mayo,12,2022,3,27,42ND ST,6,Calle Local Municipalidad,Urbano,Colector Menor,City or Municipal Highway Agency,0,Sin jurisdiccion especial,99998,39.83330556,-86.01876111,Vehiculo en movimiento,Frente a Detrás,Not an Intersection,No fue interseccion,Sobre calle,Ninguna,Oscuro sin iluminacion,Despejado,No,NO APLICA,99,99,99,99,1,12/05/2022,7
18,Indiana,180308,0,0,1,0,125,PIKE (125),0,NO APLICA,5,Mayo,12,2022,13,40,SR-65,3,Highway estatal,Rural,Colector Mayor,State Highway Agency,0,Sin jurisdiccion especial,99998,38.46541944,-87.442275,Zanja,El primer evento no fue una colision con un vehiculo automotor en transporte,Not an Intersection,No fue interseccion,Sobre el lado de la calle,Ninguna,Dia total,Despejado,No,NO APLICA,99,99,99,99,1,12/05/2022,1
18,Indiana,180309,0,0,1,0,127,PORTER (127),4030,PORTER,5,Mayo,13,2022,15,14,WOOD ST,6,Calle Local Municipalidad,Urbano,Colector Mayor,City or Municipal Highway Agency,0,Sin jurisdiccion especial,99998,41.61168056,-87.07836944,Acotamiento,El primer evento no fue una colision con un vehiculo automotor en transporte,Not an Intersection,No fue interseccion,Sobre el lado de la calle,Ninguna,Dia total,Despejado,No,NO APLICA,99,99,99,99,1,13/05/2022,1
18,Indiana,180310,0,0,2,0,3,ALLEN (3),0,NO APLICA,5,Mayo,17,2022,15,42,US-27,2,US Highway,Rural,Arteria Principal,State Highway Agency,1,Sin jurisdiccion especial,99998,40.961425,-85.07406667,Vehiculo en movimiento,Angulo,Four-Way Intersection,Interseccion de 4 direcciones,Sobre calle,Ninguna,Dia total,Despejado,No,NO APLICA,99,99,99,99,1,17/05/2022,2
18,Indiana,180311,0,0,2,0,43,FLOYD (43),0,NO APLICA,5,Mayo,18,2022,11,22,SR-64,3,Highway estatal,Rural,Arteria Menor,State Highway Agency,0,Sin jurisdiccion especial,99998,38.28733889,-85.92747222,Vehiculo en movimiento,Frente a frente,Not an Intersection,No fue interseccion,Sobre calle,Ninguna,Dia total,Nublado,No,NO APLICA,99,99,99,99,1,18/05/2022,6
18,Indiana,180312,0,0,2,0,91,LA PORTE (91),0,NO APLICA,5,Mayo,19,2022,16,19,US-20,2,US Highway,Rural,Arteria Principal,State Highway Agency,1,Sin jurisdiccion especial,99998,41.67207778,-86.62349444,Vehiculo en movimiento,Frente a Detrás,T-Intersection,Interseccion de T,Sobre calle,Ninguna,Dia total,Despejado,No,NO APLICA,99,99,99,99,1,19/05/2022,2
18,Indiana,180313,0,0,2,0,89,LAKE (89),2515,LAKE STATION,5,Mayo,19,2022,23,0,I-80,1,Interestatal,Urbano,Interestatal,State Highway Agency,1,Sin jurisdiccion especial,99998,41.58355,-87.23840278,Vehiculo en movimiento,Angulo,Not an Intersection,No fue interseccion,Sobre calle,Ninguna,Oscuro sin iluminacion,Despejado,No,NO APLICA,99,99,99,99,1,19/05/2022,2
18,Indiana,180314,0,0,2,0,3,ALLEN (3),1580,FORT WAYNE,5,Mayo,20,2022,21,2,BUETER AVE,6,Calle Local Municipalidad,Urbano,Arteria Menor,City or Municipal Highway Agency,0,Sin jurisdiccion especial,99998,41.05433889,-85.08715556,Vehiculo en movimiento,Angulo,T-Intersection,Interseccion de T,Sobre calle,Ninguna,Atardecer,Despejado,No,NO APLICA,99,99,99,99,1,20/05/2022,2
18,Indiana,180315,0,0,1,0,83,KNOX (83),0,NO APLICA,5,Mayo,20,2022,17,5,US-150,2,US Highway,Rural,Arteria Principal,State Highway Agency,1,Sin jurisdiccion especial,99998,38.676525,-87.38082778,Volcadura,El primer evento no fue una colision con un vehiculo automotor en transporte,Not an Intersection,No fue interseccion,En el medio,Ninguna,Dia total,Despejado,No,NO APLICA,99,99,99,99,1,20/05/2022,5
18,Indiana,180316,0,0,2,0,69,HUNTINGTON (69),0,NO APLICA,5,Mayo,22,2022,11,39,SR-5,3,Highway estatal,Rural,Arteria Menor,State Highway Agency,0,Sin jurisdiccion especial,99998,40.85910556,-85.46978889,Vehiculo en movimiento,Frente a frente,Not an Intersection,No fue interseccion,Sobre calle,Ninguna,Dia total,Nublado,No,NO APLICA,99,99,99,99,1,22/05/2022,2
18,Indiana,180317,0,0,3,0,35,DELAWARE (35),0,NO APLICA,5,Mayo,25,2022,10,43,SR-67,3,Highway estatal,Rural,Arteria Principal,State Highway Agency,0,Sin jurisdiccion especial,99998,40.31023056,-85.22167222,Vehiculo en movimiento,Frente a Detrás,T-Intersection,Interseccion de T,Sobre calle,Ninguna,Dia total,lluvia,No,NO APLICA,99,99,99,99,1,25/05/2022,4
18,Indiana,180318,0,0,2,0,133,PUTNAM (133),0,NO APLICA,5,Mayo,26,2022,7,40,US-231,2,US Highway,Rural,Arteria Principal,State Highway Agency,1,Sin jurisdiccion especial,99998,39.80354722,-86.89678611,Vehiculo en movimiento,Frente a frente,Not an Intersection,No fue interseccion,Sobre calle,Ninguna,Dia total,Despejado,No,NO APLICA,99,99,99,99,2,26/05/2022,3
18,Indiana,180319,0,0,2,0,17,CASS (17),0,NO APLICA,5,Mayo,27,2022,13,50,US-35,2,US Highway,Rural,Arteria Principal,State Highway Agency,1,Sin jurisdiccion especial,99998,40.83349444,-86.46578056,Vehiculo en movimiento,Angulo,Four-Way Intersection,Interseccion de 4 direcciones,Sobre calle,Ninguna,Dia total,Nublado,No,NO APLICA,99,99,99,99,1,27/05/2022,5
18,Indiana,180320,0,0,2,0,97,MARION (97),2210,INDIANAPOLIS,5,Mayo,27,2022,14,26,FALL CREEK RD,6,Calle Local Municipalidad,Urbano,Arteria Menor,City or Municipal Highway Agency,0,Sin jurisdiccion especial,99998,39.91260556,-85.98735556,Vehiculo en movimiento,Angulo,T-Intersection,Interseccion de T,Sobre calle,Ninguna,Dia total,lluvia,No,NO APLICA,99,99,99,99,1,27/05/2022,3
18,Indiana,180321,0,0,1,0,97,MARION (97),2210,INDIANAPOLIS,5,Mayo,29,2022,15,2,34TH ST,6,Calle Local Municipalidad,Urbano,Colector Mayor,City or Municipal Highway Agency,0,Sin jurisdiccion especial,99998,39.81595556,-86.29664722,Soporte de Puente,El primer evento no fue una colision con un vehiculo automotor en transporte,Not an Intersection,No fue interseccion,Sobre el lado de la calle,Ninguna,Dia total,Nublado,No,NO APLICA,99,99,99,99,1,29/05/2022,1
18,Indiana,180322,0,0,1,0,63,HENDRICKS (63),0,NO APLICA,5,Mayo,29,2022,21,48,US-40,2,US Highway,Rural,Arteria Principal,State Highway Agency,1,Sin jurisdiccion especial,99998,39.64153889,-86.621575,Valla Ferrocarril,El primer evento no fue una colision con un vehiculo automotor en transporte,Not an Intersection,No fue interseccion,Sobre el lado de la calle,Ninguna,Oscuro sin iluminacion,Despejado,No,NO APLICA,99,99,99,99,1,29/05/2022,1
18,Indiana,180323,0,0,1,0,69,HUNTINGTON (69),0,NO APLICA,5,Mayo,30,2022,16,55,CR-1100N,4,Calle del Condado,Rural,Local,County Highway Agency,0,Sin jurisdiccion especial,99998,40.98966111,-85.528925,Volcadura,El primer evento no fue una colision con un vehiculo automotor en transporte,Not an Intersection,No fue interseccion,Sobre calle,Ninguna,Dia total,Despejado,No,NO APLICA,99,99,99,99,1,30/05/2022,2
18,Indiana,180324,0,0,1,0,49,FULTON (49),0,NO APLICA,5,Mayo,31,2022,9,54,SR-14,3,Highway estatal,Rural,Colector Mayor,State Highway Agency,0,Sin jurisdiccion especial,99998,41.04625556,-86.01863056,Arbol,El primer evento no fue una colision con un vehiculo automotor en transporte,Not an Intersection,No fue interseccion,Sobre el lado de la calle,Ninguna,Dia total,Despejado,No,NO APLICA,99,99,99,99,1,31/05/2022,1
18,Indiana,180325,0,0,2,0,83,KNOX (83),0,NO APLICA,5,Mayo,13,2022,22,52,US-41,2,US Highway,Rural,Arteria Principal,State Highway Agency,1,Sin jurisdiccion especial,99998,38.58278333,-87.53850556,Vehiculo en movimiento,Frente a Detrás,Not an Intersection,No fue interseccion,Sobre calle,Ninguna,Oscuro sin iluminacion,Despejado,No,NO APLICA,99,99,99,99,1,13/05/2022,3
18,Indiana,180326,1,1,1,0,3,ALLEN (3),0,NO APLICA,5,Mayo,28,2022,21,51,FERGUSON RD,5,Calle Local - Pueblo,Rural,Arteria Menor,City or Municipal Highway Agency,0,Sin jurisdiccion especial,99998,40.9934,-85.10343056,Ciclista,El primer evento no fue una colision con un vehiculo automotor en transporte,Not an Intersection,No fue interseccion,Sobre calle,Ninguna,Oscuro sin iluminacion,Nublado,No,NO APLICA,99,99,99,99,1,28/05/2022,1
18,Indiana,180327,1,1,2,0,97,MARION (97),2210,INDIANAPOLIS,5,Mayo,19,2022,16,51,49TH ST,6,Calle Local Municipalidad,Urbano,Colector Mayor,City or Municipal Highway Agency,0,Sin jurisdiccion especial,99998,39.84263333,-86.15769444,Banqueta,El primer evento no fue una colision con un vehiculo automotor en transporte,Not an Intersection,No fue interseccion,Sobre el lado de la calle,Ninguna,Dia total,Nublado,No,NO APLICA,99,99,99,99,1,19/05/2022,2
18,Indiana,180328,0,0,1,0,71,JACKSON (71),0,NO APLICA,5,Mayo,27,2022,21,21,CR-800N,4,Calle del Condado,Rural,Local,County Highway Agency,0,Sin jurisdiccion especial,99998,38.99531944,-85.94309722,Alguien se cayo/avento del vehiculo,El primer evento no fue una colision con un vehiculo automotor en transporte,Not an Intersection,No fue interseccion,Sobre calle,Ninguna,Oscuro sin iluminacion,Despejado,No,NO APLICA,99,99,99,99,1,27/05/2022,2
18,Indiana,180329,0,0,1,0,97,MARION (97),2600,LAWRENCE,6,Junio,4,2022,3,13,MILLVIEW DR,6,Calle Local Municipalidad,Urbano,Arteria Principal,City or Municipal Highway Agency,0,Sin jurisdiccion especial,99998,39.83672778,-86.04603056,Banqueta,El primer evento no fue una colision con un vehiculo automotor en transporte,Not an Intersection,No fue interseccion,Sobre el lado de la calle,Ninguna,Oscuro sin iluminacion,Despejado,No,NO APLICA,99,99,99,99,1,04/06/2022,2
18,Indiana,180330,0,0,2,0,17,CASS (17),2730,LOGANSPORT,6,Junio,4,2022,15,29,US-35N,2,US Highway,Urbano,Arteria Principal,State Highway Agency,1,Sin jurisdiccion especial,99998,40.73473333,-86.34644722,Vehiculo en movimiento,Angulo,Four-Way Intersection,Interseccion de 4 direcciones,Sobre calle,Ninguna,Dia total,Despejado,No,NO APLICA,99,99,99,99,2,04/06/2022,3
18,Indiana,180331,0,0,1,0,175,WASHINGTON (175),0,NO APLICA,6,Junio,2,2022,17,40,CR-GARRIOTT RD,4,Calle del Condado,Rural,Local,County Highway Agency,0,Sin jurisdiccion especial,99998,38.73214167,-85.950125,Poste,El primer evento no fue una colision con un vehiculo automotor en transporte,Not an Intersection,No fue interseccion,Sobre el lado de la calle,Ninguna,Dia total,Nublado,No,NO APLICA,99,99,99,99,1,02/06/2022,1
18,Indiana,180332,0,0,1,0,63,HENDRICKS (63),560,BROWNSBURG,6,Junio,5,2022,16,4,US-136,2,US Highway,Urbano,Arteria Principal,State Highway Agency,0,Sin jurisdiccion especial,99998,39.83104444,-86.36146389,Arbol,El primer evento no fue una colision con un vehiculo automotor en transporte,Not an Intersection,No fue interseccion,Sobre el lado de la calle,Ninguna,Dia total,Despejado,No,NO APLICA,99,99,99,99,1,05/06/2022,1
18,Indiana,180333,0,0,3,0,3,ALLEN (3),0,NO APLICA,6,Junio,6,2022,6,49,STATE BLVD,5,Calle Local - Pueblo,Rural,Arteria Menor,City or Municipal Highway Agency,0,Sin jurisdiccion especial,99998,41.09583611,-85.17144167,Vehiculo en movimiento,Angulo,T-Intersection,Interseccion de T,Sobre calle,Ninguna,Dia total,Despejado,No,NO APLICA,99,99,99,99,1,06/06/2022,3
18,Indiana,180334,0,0,1,0,39,ELKHART (39),1830,GOSHEN,6,Junio,6,2022,9,6,CR-20,4,Calle del Condado,Urbano,Local,County Highway Agency,0,Sin jurisdiccion especial,99998,41.64533611,-85.82305833,Arbol,El primer evento no fue una colision con un vehiculo automotor en transporte,Not an Intersection,No fue interseccion,Sobre el lado de la calle,Ninguna,Dia total,Nublado,No,NO APLICA,99,99,99,99,1,06/06/2022,1
18,Indiana,180335,0,0,1,0,71,JACKSON (71),0,NO APLICA,5,Mayo,13,2022,8,0,CR-1000,4,Calle del Condado,Rural,Colector Mayor,County Highway Agency,0,Sin jurisdiccion especial,99998,38.915625,-85.85225556,Volcadura,El primer evento no fue una colision con un vehiculo automotor en transporte,Not an Intersection,No fue interseccion,Sobre el lado de la calle,Ninguna,Dia total,Despejado,No,NO APLICA,99,99,99,99,1,13/05/2022,1
18,Indiana,180336,0,0,1,0,137,RIPLEY (137),0,NO APLICA,5,Mayo,29,2022,1,0,CR-525N,4,Calle del Condado,Rural,Local,County Highway Agency,0,Sin jurisdiccion especial,99998,39.15201667,-85.33791667,Culvert,El primer evento no fue una colision con un vehiculo automotor en transporte,Not an Intersection,No fue interseccion,Sobre el lado de la calle,Ninguna,Oscuro con iluminacion,Despejado,No,NO APLICA,99,99,99,99,1,29/05/2022,1
18,Indiana,180337,1,1,2,0,141,ST JOSEPH (141),3100,MISHAWAKA,6,Junio,3,2022,20,6,US-20,2,US Highway,Urbano,Arteria Principal,State Highway Agency,1,Sin jurisdiccion especial,99998,41.68033056,-86.148225,Ciclista,El primer evento no fue una colision con un vehiculo automotor en transporte,Four-Way Intersection,Interseccion de 4 direcciones,Sobre calle,Ninguna,Atardecer,Despejado,No,NO APLICA,99,99,99,99,1,03/06/2022,4
18,Indiana,180338,0,0,2,0,99,MARSHALL (99),0,NO APLICA,5,Mayo,7,2022,11,50,CR-SYCAMORE RD,4,Calle del Condado,Rural,Colector Mayor,County Highway Agency,0,Sin jurisdiccion especial,99998,41.42654722,-86.40616111,Vehiculo en movimiento,Angulo,Four-Way Intersection,Interseccion de 4 direcciones,Sobre calle,Ninguna,Dia total,Despejado,No,NO APLICA,99,99,99,99,1,07/05/2022,2
18,Indiana,180339,0,0,1,0,167,VIGO (167),0,NO APLICA,5,Mayo,20,2022,18,54,I-70E,1,Interestatal,Rural,Interestatal,State Highway Agency,1,Sin jurisdiccion especial,15,39.44216944,-87.50433333,Arbol,El primer evento no fue una colision con un vehiculo automotor en transporte,Not an Intersection,No fue interseccion,Gore?,Ninguna,Dia total,Despejado,No,NO APLICA,99,99,99,99,1,20/05/2022,1
18,Indiana,180340,0,0,2,0,89,LAKE (89),1100,CROWN POINT,5,Mayo,26,2022,20,59,US-231,2,US Highway,Urbano,Arteria Principal,State Highway Agency,1,Sin jurisdiccion especial,99998,41.392,-87.32226667,Vehiculo en movimiento,Angulo,T-Intersection,Interseccion de T,Sobre calle,Ninguna,Oscuro con iluminacion,Nublado,No,NO APLICA,99,99,99,99,1,26/05/2022,3
18,Indiana,180341,0,0,1,0,97,MARION (97),2210,INDIANAPOLIS,5,Mayo,27,2022,23,44,HARLAN ST,6,Calle Local Municipalidad,Urbano,Local,City or Municipal Highway Agency,0,Sin jurisdiccion especial,99998,39.75798333,-86.12593333,Poste,El primer evento no fue una colision con un vehiculo automotor en transporte,T-Intersection,Interseccion de T,Sobre el lado de la calle,Ninguna,Oscuro sin iluminacion,Despejado,No,NO APLICA,99,99,99,99,1,27/05/2022,1
18,Indiana,180342,0,0,2,0,145,SHELBY (145),0,NO APLICA,5,Mayo,30,2022,15,36,SR-252,3,Highway estatal,Rural,Arteria Menor,State Highway Agency,0,Sin jurisdiccion especial,99998,39.36535833,-85.76476944,Vehiculo en movimiento,Angulo,Four-Way Intersection,Interseccion de 4 direcciones,Sobre calle,Ninguna,Dia total,Nublado,No,NO APLICA,99,99,99,99,1,30/05/2022,3
18,Indiana,180343,1,1,1,0,177,WAYNE (177),640,CAMBRIDGE CITY,6,Junio,2,2022,23,51,SR-1,3,Highway estatal,Rural,Arteria Principal,State Highway Agency,0,Sin jurisdiccion especial,99998,39.79875833,-85.15521111,Peaton,El primer evento no fue una colision con un vehiculo automotor en transporte,Not an Intersection,No fue interseccion,Sobre calle,Ninguna,Oscuro sin iluminacion,Despejado,No,NO APLICA,99,99,99,99,1,02/06/2022,1
18,Indiana,180344,0,0,2,0,97,MARION (97),2210,INDIANAPOLIS,6,Junio,5,2022,16,52,I-65,1,Interestatal,Rural,Interestatal,State Highway Agency,1,Sin jurisdiccion especial,99998,39.66697778,-86.09140833,Vehiculo en movimiento,Frente a Detrás,Not an Intersection,No fue interseccion,Sobre calle,Ninguna,Dia total,Despejado,No,NO APLICA,99,99,99,99,2,05/06/2022,5
18,Indiana,180345,0,0,1,0,3,ALLEN (3),1580,FORT WAYNE,6,Junio,6,2022,9,39,SR-930,3,Highway estatal,Urbano,Arteria Principal,State Highway Agency,0,Sin jurisdiccion especial,99998,41.11785,-85.15577778,Poste o otros soportes,El primer evento no fue una colision con un vehiculo automotor en transporte,Not an Intersection,No fue interseccion,Sobre el lado de la calle,Ninguna,Dia total,Nublado,No,NO APLICA,99,99,99,99,1,06/06/2022,1
18,Indiana,180346,0,0,2,0,3,ALLEN (3),1580,FORT WAYNE,6,Junio,7,2022,20,28,SAINT JOE RD,6,Calle Local Municipalidad,Urbano,Arteria Menor,City or Municipal Highway Agency,0,Sin jurisdiccion especial,99998,41.13783611,-85.09550833,Vehiculo en movimiento,Angulo,Not an Intersection,No fue interseccion,Sobre calle,Ninguna,Dia total,Despejado,No,NO APLICA,99,99,99,99,1,07/06/2022,3
18,Indiana,180347,1,1,1,0,105,MONROE (105),0,NO APLICA,6,Junio,10,2022,20,48,AIRPORT RD,5,Calle Local - Pueblo,Rural,Local,City or Municipal Highway Agency,0,Sin jurisdiccion especial,99998,39.13683611,-86.61026111,Peaton,El primer evento no fue una colision con un vehiculo automotor en transporte,Not an Intersection,No fue interseccion,Sobre calle,Ninguna,Atardecer,Despejado,No,NO APLICA,99,99,99,99,1,10/06/2022,1
18,Indiana,180348,0,0,1,0,109,MORGAN (109),0,NO APLICA,6,Junio,10,2022,1,5,CR-INLET,4,Calle del Condado,Rural,Local,County Highway Agency,0,Sin jurisdiccion especial,99998,39.40633889,-86.35187222,Volcadura,El primer evento no fue una colision con un vehiculo automotor en transporte,Not an Intersection,No fue interseccion,Sobre el lado de la calle,Ninguna,Oscuro sin iluminacion,Despejado,No,NO APLICA,99,99,99,99,1,10/06/2022,1
18,Indiana,180349,0,0,1,0,73,JASPER (73),0,NO APLICA,6,Junio,11,2022,0,14,CR-MCCOYSBURG,4,Calle del Condado,Rural,Colector Menor,County Highway Agency,0,Sin jurisdiccion especial,99998,40.91475556,-87.04759722,Volcadura,El primer evento no fue una colision con un vehiculo automotor en transporte,Not an Intersection,No fue interseccion,Sobre el lado de la calle,Ninguna,Oscuro sin iluminacion,Despejado,No,NO APLICA,99,99,99,99,1,11/06/2022,1
18,Indiana,180350,0,0,2,0,89,LAKE (89),760,CEDAR LAKE,6,Junio,4,2022,11,25,US-41,2,US Highway,Rural,Arteria Principal,State Highway Agency,1,Sin jurisdiccion especial,99998,41.34237222,-87.46961667,Vehiculo en movimiento,Angulo,Not an Intersection,No fue interseccion,Sobre calle,Ninguna,Dia total,Despejado,No,NO APLICA,99,99,99,99,2,04/06/2022,5
18,Indiana,180351,0,0,2,0,175,WASHINGTON (175),3906,PEKIN,6,Junio,5,2022,0,30,CR-BIG SPRINGS RD,4,Calle del Condado,Rural,Local,County Highway Agency,0,Sin jurisdiccion especial,99998,38.47666667,-86.11320556,Vehiculo en movimiento,Frente a frente,Not an Intersection,No fue interseccion,Sobre calle,Ninguna,Oscuro sin iluminacion,Despejado,No,NO APLICA,99,99,99,99,1,05/06/2022,2
18,Indiana,180352,0,0,1,0,97,MARION (97),2210,INDIANAPOLIS,6,Junio,8,2022,19,38,MONTCALM,6,Calle Local Municipalidad,Urbano,Local,City or Municipal Highway Agency,0,Sin jurisdiccion especial,99998,39.79621944,-86.18015833,Barda,El primer evento no fue una colision con un vehiculo automotor en transporte,Not an Intersection,No fue interseccion,Sobre el lado de la calle,Ninguna,Dia total,Despejado,No,NO APLICA,99,99,99,99,1,08/06/2022,1
18,Indiana,180353,0,0,8,0,97,MARION (97),2210,INDIANAPOLIS,6,Junio,9,2022,16,50,KEYSTONE AVE,6,Calle Local Municipalidad,Urbano,Arteria Principal,City or Municipal Highway Agency,0,Sin jurisdiccion especial,99998,39.84745278,-86.12194722,Vehiculo en movimiento,Frente a Detrás,Four-Way Intersection,Interseccion de 4 direcciones,Sobre calle,Ninguna,Dia total,Despejado,No,NO APLICA,99,99,99,99,1,09/06/2022,8
18,Indiana,180354,0,0,2,0,179,WELLS (179),0,NO APLICA,6,Junio,10,2022,5,34,US-224,2,US Highway,Rural,Arteria Menor,State Highway Agency,0,Sin jurisdiccion especial,99998,40.82852222,-85.28004722,Vehiculo en movimiento,Angulo,Four-Way Intersection,Interseccion de 4 direcciones,Sobre calle,Ninguna,Dia total,Despejado,No,NO APLICA,99,99,99,99,1,10/06/2022,2
18,Indiana,180355,0,0,3,0,39,ELKHART (39),1830,GOSHEN,6,Junio,10,2022,23,44,US-33,2,US Highway,Urbano,Arteria Principal,State Highway Agency,1,Sin jurisdiccion especial,99998,41.58917222,-85.83616667,Vehiculo en movimiento,Angulo,Four-Way Intersection,Interseccion de 4 direcciones,Sobre calle,Ninguna,Oscuro con iluminacion,Despejado,No,NO APLICA,99,99,99,99,2,10/06/2022,4
18,Indiana,180356,0,0,3,0,5,BARTHOLOMEW (5),0,NO APLICA,6,Junio,13,2022,15,3,SR-7,3,Highway estatal,Rural,Arteria Menor,State Highway Agency,0,Sin jurisdiccion especial,99998,39.16183889,-85.83259167,Vehiculo en movimiento,Frente a Detrás,Not an Intersection,No fue interseccion,Sobre calle,Ninguna,Dia total,Despejado,No,NO APLICA,99,99,99,99,1,13/06/2022,5
18,Indiana,180357,0,0,2,0,111,NEWTON (111),4245,ROSELAWN,5,Mayo,16,2022,14,1,SR-55,3,Highway estatal,Rural,Colector Mayor,State Highway Agency,0,Sin jurisdiccion especial,99998,41.13031667,-87.33393611,Vehiculo en movimiento,Angulo,Four-Way Intersection,Interseccion de 4 direcciones,Sobre calle,Ninguna,Dia total,Despejado,No,NO APLICA,99,99,99,99,1,16/05/2022,4
18,Indiana,180358,0,0,1,0,103,MIAMI (103),3940,PERU,6,Junio,6,2022,22,43,CR-400,4,Calle del Condado,Rural,Local,County Highway Agency,0,Sin jurisdiccion especial,99998,40.70756111,-86.00197222,Volcadura,El primer evento no fue una colision con un vehiculo automotor en transporte,Not an Intersection,No fue interseccion,Sobre el lado de la calle,Ninguna,Oscuro sin iluminacion,lluvia,No,NO APLICA,99,99,99,99,1,06/06/2022,1
18,Indiana,180359,0,0,3,0,43,FLOYD (43),3400,NEW ALBANY,6,Junio,8,2022,8,45,I-64,1,Interestatal,Rural,Interestatal,State Highway Agency,1,Sin jurisdiccion especial,99998,38.30195833,-85.871625,Vehiculo en movimiento,Frente a Detrás,Not an Intersection,No fue interseccion,Sobre calle,Ninguna,Dia total,Despejado,No,NO APLICA,99,99,99,99,1,08/06/2022,3
18,Indiana,180360,0,0,1,0,107,MONTGOMERY (107),0,NO APLICA,6,Junio,14,2022,9,15,CR-360,4,Calle del Condado,Rural,Local,County Highway Agency,0,Sin jurisdiccion especial,99998,40.10619167,-86.83328889,Arbol,El primer evento no fue una colision con un vehiculo automotor en transporte,Not an Intersection,No fue interseccion,Sobre el lado de la calle,Ninguna,Dia total,Despejado,No,NO APLICA,99,99,99,99,1,14/06/2022,1
18,Indiana,180361,0,0,1,0,101,MARTIN (101),0,NO APLICA,6,Junio,6,2022,8,33,US-231,2,US Highway,Rural,Arteria Principal,State Highway Agency,1,Sin jurisdiccion especial,99998,38.80321111,-86.91986389,Zanja,El primer evento no fue una colision con un vehiculo automotor en transporte,Not an Intersection,No fue interseccion,Sobre el lado de la calle,Ninguna,Dia total,Despejado,No,NO APLICA,99,99,99,99,1,06/06/2022,1
18,Indiana,180362,1,1,1,0,145,SHELBY (145),4470,SHELBYVILLE,6,Junio,13,2022,13,50,SR-44,3,Highway estatal,Urbano,Arteria Principal,State Highway Agency,0,Sin jurisdiccion especial,99998,39.51997778,-85.75290556,Peaton,El primer evento no fue una colision con un vehiculo automotor en transporte,Not an Intersection,No fue interseccion,Sobre calle,Ninguna,Dia total,Nublado,No,NO APLICA,99,99,99,99,1,13/06/2022,1
18,Indiana,180363,1,1,1,0,89,LAKE (89),1310,EAST CHICAGO,6,Junio,7,2022,14,0,SR-312,3,Highway estatal,Urbano,Arteria Principal,State Highway Agency,0,Sin jurisdiccion especial,99998,41.62917222,-87.48211944,Ciclista,El primer evento no fue una colision con un vehiculo automotor en transporte,Four-Way Intersection,Interseccion de 4 direcciones,Sobre calle,Ninguna,Dia total,Despejado,No,NO APLICA,99,99,99,99,1,07/06/2022,1
18,Indiana,180364,0,0,1,0,105,MONROE (105),380,BLOOMINGTON,6,Junio,15,2022,16,51,MOORES PIKE,6,Calle Local Municipalidad,Urbano,Colector Menor,City or Municipal Highway Agency,0,Sin jurisdiccion especial,99998,39.15032778,-86.49129444,Poste o otros soportes,El primer evento no fue una colision con un vehiculo automotor en transporte,Not an Intersection,No fue interseccion,Sobre el lado de la calle,Ninguna,Dia total,Despejado,No,NO APLICA,99,99,99,99,1,15/06/2022,1
18,Indiana,180365,0,0,2,0,39,ELKHART (39),1830,GOSHEN,6,Junio,15,2022,16,44,CR-27,4,Calle del Condado,Rural,Local,County Highway Agency,0,Sin jurisdiccion especial,99998,41.65023611,-85.80651389,Vehiculo en movimiento,Angulo,Not an Intersection,No fue interseccion,Sobre calle,Ninguna,Dia total,Despejado,No,NO APLICA,99,99,99,99,1,15/06/2022,4
18,Indiana,180366,0,0,2,0,53,GRANT (53),0,NO APLICA,6,Junio,12,2022,23,31,CR-50TH ST,4,Calle del Condado,Rural,Arteria Menor,County Highway Agency,0,Sin jurisdiccion especial,99998,40.5094,-85.69225556,Vehiculo en movimiento,Angulo,T-Intersection,Interseccion de T,Sobre calle,Ninguna,Oscuro sin iluminacion,Despejado,No,NO APLICA,99,99,99,99,1,12/06/2022,2
18,Indiana,180367,0,0,1,0,53,GRANT (53),4790,SWAYZEE,6,Junio,15,2022,4,22,US-35,2,US Highway,Rural,Arteria Principal,State Highway Agency,1,Sin jurisdiccion especial,99998,40.47904444,-85.83513333,Arbol,El primer evento no fue una colision con un vehiculo automotor en transporte,Not an Intersection,No fue interseccion,Sobre el lado de la calle,Ninguna,Oscuro sin iluminacion,Despejado,No,NO APLICA,99,99,99,99,1,15/06/2022,1
18,Indiana,180368,0,0,2,0,39,ELKHART (39),1410,ELKHART,6,Junio,14,2022,17,21,CR-10,4,Calle del Condado,Rural,Arteria Principal,County Highway Agency,0,Sin jurisdiccion especial,99998,41.70858333,-85.88851389,Vehiculo en movimiento,Frente a frente,Four-Way Intersection,Interseccion de 4 direcciones,Sobre calle,Ninguna,Dia total,Despejado,No,NO APLICA,99,99,99,99,1,14/06/2022,2
18,Indiana,180369,0,0,2,0,25,CRAWFORD (25),0,NO APLICA,6,Junio,16,2022,7,31,I-64,1,Interestatal,Rural,Interestatal,State Highway Agency,1,Sin jurisdiccion especial,99998,38.23806111,-86.51826667,Vehiculo en movimiento,Frente a Detrás,Not an Intersection,No fue interseccion,Sobre calle,Ninguna,Dia total,Despejado,No,NO APLICA,99,99,99,99,1,16/06/2022,2