Estado,Nombre de Estado,Numero de Caso,Peatones,Personas _no_vehiculos,Vehiculos automotores,Vehiculos estacionados,Condado,Nombre Condado,Ciudad,Nombre Ciudad,Mes,Nombre Mes,Dia,Año,Hora,Minuto,Calle,Ruta,Nombre Ruta,Rural o Urbanoo,Sistema Funcional,Dueño Calle,Sistema Nacional Carreteras,Jurisdiccion Especial,Milla,Latitud,Longitud,Causa del Accidente,Tipo de Accidente,Tipo Interseccion,Columna1,Lugar en la calle,Zona de Trabajo,Luz,Clima,Autobus Escolar,Cruce de Trenes,Hora Notificacion,Minuto Notificacion,Hora Llegada,Minuto Llegada,Decesos,Fecha,PersonaVehiculo
18,Indiana,180370,0,0,1,0,183,WHITLEY (183),840,CHURUBUSCO,6,Junio,17,2022,5,8,US-33,2,US Highway,Urbano,Arteria Principal,State Highway Agency,1,Sin jurisdiccion especial,99998,41.23140833,-85.31993333,Poste,El primer evento no fue una colision con un vehiculo automotor en transporte,Not an Intersection,No fue interseccion,Sobre el lado de la calle,Ninguna,Oscuro con iluminacion,Nublado,No,NO APLICA,99,99,99,99,1,17/06/2022,1
18,Indiana,180371,0,0,1,0,39,ELKHART (39),0,NO APLICA,6,Junio,20,2022,20,1,LARUE ST,5,Calle Local - Pueblo,Rural,Local,City or Municipal Highway Agency,0,Sin jurisdiccion especial,99998,41.66913333,-86.01925833,Poste,El primer evento no fue una colision con un vehiculo automotor en transporte,Not an Intersection,No fue interseccion,Sobre el lado de la calle,Ninguna,Dia total,Despejado,No,NO APLICA,99,99,99,99,1,20/06/2022,1
18,Indiana,180372,0,0,1,0,75,JAY (75),0,NO APLICA,6,Junio,17,2022,23,50,SR-167,3,Highway estatal,Rural,Colector Mayor,State Highway Agency,0,Sin jurisdiccion especial,99998,40.4291,-85.20661944,Zanja,El primer evento no fue una colision con un vehiculo automotor en transporte,Not an Intersection,No fue interseccion,Sobre el lado de la calle,Ninguna,Oscuro sin iluminacion,Despejado,No,NO APLICA,99,99,99,99,1,17/06/2022,1
18,Indiana,180373,0,0,1,0,3,ALLEN (3),0,NO APLICA,6,Junio,20,2022,5,37,STATE LINE RD,5,Calle Local - Pueblo,Rural,Local,City or Municipal Highway Agency,0,Sin jurisdiccion especial,99998,40.92936389,-84.823675,Volcadura,El primer evento no fue una colision con un vehiculo automotor en transporte,Not an Intersection,No fue interseccion,Sobre el lado de la calle,Ninguna,Oscuro sin iluminacion,Despejado,No,NO APLICA,99,99,99,99,1,20/06/2022,1
18,Indiana,180374,0,0,1,0,157,TIPPECANOE (157),0,NO APLICA,6,Junio,16,2022,14,32,I-65,1,Interestatal,Rural,Interestatal,State Highway Agency,1,Sin jurisdiccion especial,99998,40.36645833,-86.78054167,Volcadura,El primer evento no fue una colision con un vehiculo automotor en transporte,Not an Intersection,No fue interseccion,Sobre el lado de la calle,Ninguna,Dia total,Despejado,No,NO APLICA,99,99,99,99,1,16/06/2022,4
18,Indiana,180375,0,0,1,0,167,VIGO (167),4840,TERRE HAUTE,6,Junio,7,2022,3,55,HILL RD,6,Calle Local Municipalidad,Urbano,Arteria Menor,City or Municipal Highway Agency,0,Sin jurisdiccion especial,99998,39.47180556,-87.47295278,Poste,El primer evento no fue una colision con un vehiculo automotor en transporte,Not an Intersection,No fue interseccion,Sobre el lado de la calle,Ninguna,Oscuro sin iluminacion,Nublado,No,NO APLICA,99,99,99,99,1,07/06/2022,1
18,Indiana,180376,0,0,1,0,97,MARION (97),2210,INDIANAPOLIS,5,Mayo,16,2022,17,4,I-465W,1,Interestatal,Urbano,Interestatal,State Highway Agency,1,Sin jurisdiccion especial,5,39.70197222,-86.11719167,Poste de Señal de trafico,El primer evento no fue una colision con un vehiculo automotor en transporte,Not an Intersection,No fue interseccion,Sobre el lado de la calle,Construccion,Dia total,Despejado,No,NO APLICA,99,99,99,99,1,16/05/2022,1
18,Indiana,180377,1,1,1,0,89,LAKE (89),2010,HAMMOND,6,Junio,20,2022,21,55,SR-312,3,Highway estatal,Urbano,Arteria Principal,State Highway Agency,0,Sin jurisdiccion especial,99998,41.62910556,-87.49136944,Peaton,El primer evento no fue una colision con un vehiculo automotor en transporte,Not an Intersection,No fue interseccion,Sobre calle,Ninguna,Atardecer,Despejado,No,NO APLICA,99,99,99,99,1,20/06/2022,1
18,Indiana,180379,0,0,2,0,163,VANDERBURGH (163),0,NO APLICA,6,Junio,10,2022,21,52,SAINT JOSEPH AVE,5,Calle Local - Pueblo,Rural,Arteria Menor,City or Municipal Highway Agency,0,Sin jurisdiccion especial,99998,38.03381667,-87.599075,Vehiculo en movimiento,Frente a Detrás,Not an Intersection,No fue interseccion,Sobre calle,Ninguna,Oscuro sin iluminacion,Despejado,No,NO APLICA,99,99,99,99,1,10/06/2022,2
18,Indiana,180381,0,0,2,0,97,MARION (97),2210,INDIANAPOLIS,6,Junio,17,2022,3,45,I-465,1,Interestatal,Urbano,Interestatal,State Highway Agency,1,Sin jurisdiccion especial,99998,39.72888889,-86.04591944,Vehiculo en movimiento,Frente a Detrás,Not an Intersection,No fue interseccion,Sobre calle,Ninguna,Oscuro sin iluminacion,Despejado,No,NO APLICA,99,99,99,99,1,17/06/2022,2
18,Indiana,180382,0,0,2,0,97,MARION (97),2210,INDIANAPOLIS,5,Mayo,29,2022,12,30,38TH ST,6,Calle Local Municipalidad,Urbano,Arteria Principal,City or Municipal Highway Agency,0,Sin jurisdiccion especial,99998,39.82541389,-86.07333056,Vehiculo en movimiento,Angulo,Not an Intersection,No fue interseccion,Sobre calle,Ninguna,Dia total,Despejado,No,NO APLICA,99,99,99,99,1,29/05/2022,8
18,Indiana,180383,0,0,2,0,19,CLARK (19),870,CLARKSVILLE,5,Mayo,26,2022,22,14,GREENTREE BLVD,6,Calle Local Municipalidad,Urbano,Arteria Menor,City or Municipal Highway Agency,0,Sin jurisdiccion especial,99998,38.31943889,-85.76504167,Vehiculo en movimiento,Frente a frente,Not an Intersection,No fue interseccion,Sobre calle,Ninguna,Oscuro con iluminacion,Despejado,No,NO APLICA,99,99,99,99,1,26/05/2022,3
18,Indiana,180384,0,0,1,0,89,LAKE (89),1100,CROWN POINT,6,Junio,20,2022,22,24,97TH AVE,5,Calle Local - Pueblo,Rural,Local,City or Municipal Highway Agency,0,Sin jurisdiccion especial,99998,41.44193611,-87.25113611,Arbol,El primer evento no fue una colision con un vehiculo automotor en transporte,Not an Intersection,No fue interseccion,Sobre el lado de la calle,Ninguna,Oscuro sin iluminacion,Despejado,No,NO APLICA,99,99,99,99,1,20/06/2022,1
18,Indiana,180385,0,0,2,0,91,LA PORTE (91),0,NO APLICA,6,Junio,22,2022,9,55,SR-39,3,Highway estatal,Rural,Arteria Menor,State Highway Agency,0,Sin jurisdiccion especial,99998,41.55611667,-86.73985556,Vehiculo en movimiento,Frente a frente,Not an Intersection,No fue interseccion,Sobre calle,Ninguna,Dia total,Nublado,No,NO APLICA,99,99,99,99,1,22/06/2022,2
18,Indiana,180386,0,0,6,0,141,ST JOSEPH (141),4580,SOUTH BEND,6,Junio,1,2022,14,58,I-80,1,Interestatal,Rural,Interestatal,State Highway Agency,1,Sin jurisdiccion especial,99998,41.73027222,-86.35650278,Vehiculo en movimiento,Frente a Detrás,Not an Intersection,No fue interseccion,Sobre calle,Construccion,Dia total,Despejado,No,NO APLICA,99,99,99,99,2,01/06/2022,10
18,Indiana,180387,0,0,1,0,15,CARROLL (15),0,NO APLICA,6,Junio,23,2022,22,38,CR-400N,4,Calle del Condado,Rural,Colector Mayor,County Highway Agency,0,Sin jurisdiccion especial,99998,40.60566389,-86.63373611,Zanja,El primer evento no fue una colision con un vehiculo automotor en transporte,Not an Intersection,No fue interseccion,Sobre el lado de la calle,Ninguna,Oscuro sin iluminacion,Despejado,No,NO APLICA,99,99,99,99,1,23/06/2022,2
18,Indiana,180388,0,0,2,0,177,WAYNE (177),4120,RICHMOND,6,Junio,23,2022,14,4,US-CHESTER BLVD,2,US Highway,Rural,Arteria Principal,State Highway Agency,1,Sin jurisdiccion especial,1510,39.87217778,-84.88840278,Vehiculo en movimiento,Angulo,Four-Way Intersection,Interseccion de 4 direcciones,Sobre calle,Construccion,Dia total,Despejado,No,NO APLICA,99,99,99,99,1,23/06/2022,5
18,Indiana,180389,0,0,2,0,39,ELKHART (39),1410,ELKHART,5,Mayo,28,2022,20,10,LUSHER AVE,6,Calle Local Municipalidad,Urbano,Arteria Menor,City or Municipal Highway Agency,0,Sin jurisdiccion especial,99998,41.66684167,-85.98030278,Vehiculo en movimiento,Angulo,Four-Way Intersection,Interseccion de 4 direcciones,Sobre calle,Construccion,Dia total,Despejado,No,NO APLICA,99,99,99,99,1,28/05/2022,2
18,Indiana,180390,0,0,2,0,171,WARREN (171),0,NO APLICA,6,Junio,4,2022,9,57,SR-28,3,Highway estatal,Rural,Arteria Menor,State Highway Agency,0,Sin jurisdiccion especial,99998,40.27989167,-87.40399722,Vehiculo en movimiento,Angulo,Four-Way Intersection,Interseccion de 4 direcciones,Sobre calle,Ninguna,Dia total,Despejado,No,NO APLICA,99,99,99,99,2,04/06/2022,5
18,Indiana,180391,0,0,1,0,81,JOHNSON (81),4880,TRAFALGAR,6,Junio,25,2022,3,36,CR-300S,4,Calle del Condado,Rural,Local,County Highway Agency,0,Sin jurisdiccion especial,99998,39.43095,-86.21117222,Arbol,El primer evento no fue una colision con un vehiculo automotor en transporte,T-Intersection,Interseccion de T,Sobre el lado de la calle,Ninguna,Oscuro sin iluminacion,Despejado,No,NO APLICA,99,99,99,99,1,25/06/2022,1
18,Indiana,180392,0,0,1,0,95,MADISON (95),0,NO APLICA,6,Junio,22,2022,11,37,CR-1800,4,Calle del Condado,Rural,Local,Railroad,0,Sin jurisdiccion especial,99998,40.36497778,-85.64501667,Vehiculo Ferrocarril,El primer evento no fue una colision con un vehiculo automotor en transporte,Not an Intersection,No fue interseccion,Sobre calle,Ninguna,Dia total,Despejado,No,539643N,99,99,99,99,1,22/06/2022,1
18,Indiana,180393,0,0,2,0,65,HENRY (65),0,NO APLICA,6,Junio,25,2022,5,10,SR-9,3,Highway estatal,Rural,Arteria Menor,State Highway Agency,0,Sin jurisdiccion especial,99998,39.8482,-85.56442778,Vehiculo en movimiento,Frente a frente,Not an Intersection,No fue interseccion,Sobre calle,Ninguna,Oscuro sin iluminacion,Despejado,No,NO APLICA,99,99,99,99,1,25/06/2022,2
18,Indiana,180394,0,0,2,1,39,ELKHART (39),1410,ELKHART,6,Junio,26,2022,0,25,SR-120,3,Highway estatal,Urbano,Arteria Principal,State Highway Agency,0,Sin jurisdiccion especial,99998,41.69924444,-85.89486944,Buzon de correo,El primer evento no fue una colision con un vehiculo automotor en transporte,Not an Intersection,No fue interseccion,Sobre el lado de la calle,Ninguna,Oscuro sin iluminacion,Nublado,No,NO APLICA,99,99,99,99,1,26/06/2022,2
18,Indiana,180395,0,0,3,0,85,KOSCIUSKO (85),0,NO APLICA,6,Junio,22,2022,12,34,US-30W,2,US Highway,Rural,Arterial Principal -Freeway o ExpressWay,State Highway Agency,1,Sin jurisdiccion especial,99998,41.26919722,-85.93312778,Vehiculo en movimiento,Angulo,Not an Intersection,No fue interseccion,Sobre calle,Construccion,Dia total,Despejado,No,NO APLICA,99,99,99,99,1,22/06/2022,3
18,Indiana,180396,0,0,2,0,157,TIPPECANOE (157),2480,LAFAYETTE,6,Junio,28,2022,10,54,CR-WYANDOTTE RD,4,Calle del Condado,Rural,Arteria Menor,County Highway Agency,0,Sin jurisdiccion especial,99998,40.34484722,-86.73283056,Vehiculo en movimiento,Angulo,Four-Way Intersection,Interseccion de 4 direcciones,Sobre calle,Ninguna,Dia total,Despejado,No,NO APLICA,99,99,99,99,1,28/06/2022,4
18,Indiana,180397,0,0,1,0,177,WAYNE (177),0,NO APLICA,6,Junio,26,2022,4,0,US-HWY 35,2,US Highway,Rural,Arteria Menor,State Highway Agency,0,Sin jurisdiccion especial,99998,39.98261111,-85.11421111,Culvert,El primer evento no fue una colision con un vehiculo automotor en transporte,Not an Intersection,No fue interseccion,Sobre el lado de la calle,Ninguna,Oscuro sin iluminacion,Despejado,No,NO APLICA,99,98,99,98,1,26/06/2022,1
18,Indiana,180398,0,0,3,0,83,KNOX (83),575,BRUCEVILLE,6,Junio,21,2022,7,39,SR-67,3,Highway estatal,Rural,Arteria Menor,State Highway Agency,0,Sin jurisdiccion especial,99998,38.760325,-87.37511389,Vehiculo en movimiento,Frente a frente,Not an Intersection,No fue interseccion,Sobre calle,Ninguna,Dia total,Despejado,No,NO APLICA,99,99,99,99,1,21/06/2022,3
18,Indiana,180399,0,0,2,0,97,MARION (97),2210,INDIANAPOLIS,6,Junio,24,2022,18,10,SHADELAND AVE,6,Calle Local Municipalidad,Urbano,Arteria Principal,State Highway Agency,0,Sin jurisdiccion especial,99998,39.775725,-86.045325,Vehiculo en movimiento,Frente a frente,Not an Intersection,No fue interseccion,Sobre calle,Ninguna,Dia total,Despejado,No,NO APLICA,99,99,99,99,1,24/06/2022,3
18,Indiana,180400,0,0,1,0,23,CLINTON (23),0,NO APLICA,6,Junio,19,2022,5,15,I-65,1,Interestatal,Rural,Interestatal,State Highway Agency,1,Sin jurisdiccion especial,1507,40.18718889,-86.56425,Zanja,El primer evento no fue una colision con un vehiculo automotor en transporte,Not an Intersection,No fue interseccion,En el medio,Ninguna,Oscuro sin iluminacion,Despejado,No,NO APLICA,99,99,99,99,1,19/06/2022,1
18,Indiana,180401,1,1,1,0,39,ELKHART (39),0,NO APLICA,6,Junio,29,2022,18,0,CR-7,4,Calle del Condado,Rural,Local,County Highway Agency,0,Sin jurisdiccion especial,99998,41.62158889,-85.98423056,Peaton,El primer evento no fue una colision con un vehiculo automotor en transporte,Not an Intersection,No fue interseccion,Sobre calle,Ninguna,Dia total,Despejado,No,NO APLICA,99,99,99,99,1,29/06/2022,1
18,Indiana,180402,0,0,2,0,57,HAMILTON (57),0,NO APLICA,6,Junio,29,2022,12,59,US-31,2,US Highway,Rural,Arteria Principal,State Highway Agency,1,Sin jurisdiccion especial,99998,40.11605278,-86.12793333,Vehiculo en movimiento,Angulo,Four-Way Intersection,Interseccion de 4 direcciones,Sobre calle,Ninguna,Dia total,Despejado,No,NO APLICA,99,99,99,99,1,29/06/2022,2
18,Indiana,180403,0,0,2,0,61,HARRISON (61),0,NO APLICA,3,Marzo,5,2022,18,54,SR-11,3,Highway estatal,Rural,Colector Mayor,State Highway Agency,0,Sin jurisdiccion especial,99998,38.08245556,-86.03178611,Vehiculo en movimiento,Angulo,Four-Way Intersection,Interseccion de 4 direcciones,Sobre calle,Ninguna,Atardecer,Despejado,No,NO APLICA,99,99,99,99,1,05/03/2022,2
18,Indiana,180404,1,1,1,0,19,CLARK (19),2270,JEFFERSONVILLE,4,Abril,20,2022,8,19,10TH ST,6,Calle Local Municipalidad,Urbano,Arteria Principal,City or Municipal Highway Agency,0,Sin jurisdiccion especial,99998,38.32593056,-85.71228056,Peaton,El primer evento no fue una colision con un vehiculo automotor en transporte,Four-Way Intersection,Interseccion de 4 direcciones,Sobre calle,Ninguna,Dia total,Despejado,No,NO APLICA,99,99,99,99,1,20/04/2022,1
18,Indiana,180405,0,0,1,0,133,PUTNAM (133),0,NO APLICA,6,Junio,19,2022,13,41,I-70E,1,Interestatal,Urbano,Interestatal,State Highway Agency,1,Sin jurisdiccion especial,375,39.52836389,-86.87085556,Zanja,El primer evento no fue una colision con un vehiculo automotor en transporte,Not an Intersection,No fue interseccion,Sobre el lado de la calle,Ninguna,Dia total,Despejado,No,NO APLICA,99,99,99,99,1,19/06/2022,1
18,Indiana,180406,0,0,2,0,169,WABASH (169),0,NO APLICA,6,Junio,30,2022,17,55,SR-15,3,Highway estatal,Rural,Arteria Menor,State Highway Agency,0,Sin jurisdiccion especial,99998,40.69586111,-85.74941944,Vehiculo en movimiento,Frente a Detrás,Not an Intersection,No fue interseccion,Sobre calle,Ninguna,Dia total,Despejado,No,NO APLICA,99,99,99,99,1,30/06/2022,2
18,Indiana,180407,0,0,2,1,31,DECATUR (31),0,NO APLICA,7,Julio,2,2022,2,33,CR-650,4,Calle del Condado,Rural,Colector Mayor,County Highway Agency,0,Sin jurisdiccion especial,99998,39.43090556,-85.61114722,Vehiculo Aparcado,El primer evento no fue una colision con un vehiculo automotor en transporte,Not an Intersection,No fue interseccion,Fuera de la calle,Ninguna,Oscuro sin iluminacion,Despejado,No,NO APLICA,99,99,99,99,1,02/07/2022,1
18,Indiana,180408,0,0,1,0,103,MIAMI (103),0,NO APLICA,7,Julio,3,2022,4,9,CR-RIVER RD,4,Calle del Condado,Rural,Colector Menor,County Highway Agency,0,Sin jurisdiccion especial,99998,40.74195278,-86.16045,Arbol,El primer evento no fue una colision con un vehiculo automotor en transporte,Not an Intersection,No fue interseccion,Sobre el lado de la calle,Ninguna,Oscuro sin iluminacion,Despejado,No,NO APLICA,99,99,99,99,1,03/07/2022,1
18,Indiana,180409,0,0,1,0,109,MORGAN (109),0,NO APLICA,7,Julio,2,2022,19,15,SR-67,3,Highway estatal,Rural,Arteria Menor,State Highway Agency,0,Sin jurisdiccion especial,99998,39.42641111,-86.4671,Poste o otros soportes,El primer evento no fue una colision con un vehiculo automotor en transporte,Not an Intersection,No fue interseccion,Sobre el lado de la calle,Ninguna,Dia total,Despejado,No,NO APLICA,99,99,99,99,1,02/07/2022,2
18,Indiana,180410,0,0,2,0,67,HOWARD (67),2430,KOKOMO,6,Junio,29,2022,14,48,LINCOLN RD,6,Calle Local Municipalidad,Urbano,Colector Mayor,City or Municipal Highway Agency,0,Sin jurisdiccion especial,99998,40.45519722,-86.13029167,Vehiculo en movimiento,Angulo,Four-Way Intersection,Interseccion de 4 direcciones,Sobre calle,Ninguna,Dia total,Despejado,No,NO APLICA,99,99,99,99,1,29/06/2022,3
18,Indiana,180411,0,0,2,0,97,MARION (97),2210,INDIANAPOLIS,6,Junio,16,2022,19,5,30TH,5,Calle Local - Pueblo,Urbano,Arteria Menor,City or Municipal Highway Agency,0,Sin jurisdiccion especial,99998,39.81096111,-86.06461389,Vehiculo en movimiento,Angulo,Four-Way Intersection,Interseccion de 4 direcciones,Sobre calle,Ninguna,Dia total,Despejado,No,NO APLICA,99,99,99,99,1,16/06/2022,2
18,Indiana,180412,0,0,2,0,19,CLARK (19),800,CHARLESTOWN,6,Junio,25,2022,21,46,SR-3,3,Highway estatal,Rural,Colector Mayor,State Highway Agency,0,Sin jurisdiccion especial,99998,38.49726111,-85.66820556,Vehiculo en movimiento,Frente a frente,Not an Intersection,No fue interseccion,Sobre calle,Ninguna,Oscuro sin iluminacion,Despejado,No,NO APLICA,99,99,99,99,3,25/06/2022,4
18,Indiana,180413,0,0,3,0,21,CLAY (21),770,CENTER POINT,6,Junio,28,2022,19,35,I-70,1,Interestatal,Rural,Interestatal,State Highway Agency,1,Sin jurisdiccion especial,99998,39.46398611,-87.06881389,Vehiculo en movimiento,Frente a Detrás,Not an Intersection,No fue interseccion,Sobre calle,Ninguna,Dia total,Despejado,No,NO APLICA,99,99,99,99,1,28/06/2022,3
18,Indiana,180414,0,0,2,0,75,JAY (75),580,BRYANT,6,Junio,30,2022,5,21,SR-67,3,Highway estatal,Rural,Arteria Menor,State Highway Agency,0,Sin jurisdiccion especial,99998,40.54183611,-84.91516944,Vehiculo en movimiento,Frente a frente,Not an Intersection,No fue interseccion,Sobre calle,Ninguna,Oscuro sin iluminacion,Despejado,No,NO APLICA,99,99,99,99,1,30/06/2022,2
18,Indiana,180415,0,0,3,0,73,JASPER (73),1206,DEMOTTE,6,Junio,30,2022,10,30,US-231,2,US Highway,Urbano,Arteria Principal,State Highway Agency,1,Sin jurisdiccion especial,99998,41.18801944,-87.19068333,Vehiculo en movimiento,Angulo,T-Intersection,Interseccion de T,Sobre calle,Ninguna,Dia total,Despejado,No,NO APLICA,99,99,99,99,1,30/06/2022,3
18,Indiana,180416,0,0,2,0,39,ELKHART (39),1410,ELKHART,7,Julio,4,2022,21,34,CR-42,4,Calle del Condado,Rural,Colector Mayor,County Highway Agency,0,Sin jurisdiccion especial,99998,41.52287778,-85.77039722,Vehiculo en movimiento,Angulo,Four-Way Intersection,Interseccion de 4 direcciones,Sobre calle,Ninguna,Oscuro sin iluminacion,Despejado,No,NO APLICA,99,99,99,99,1,04/07/2022,2
18,Indiana,180417,0,0,3,0,97,MARION (97),2210,INDIANAPOLIS,6,Junio,16,2022,18,4,MENDENHALL RD,5,Calle Local - Pueblo,Rural,Colector Mayor,City or Municipal Highway Agency,0,Sin jurisdiccion especial,99998,39.66931389,-86.28833333,Vehiculo en movimiento,Frente a frente,T-Intersection,Interseccion de T,Sobre calle,Ninguna,Dia total,Despejado,No,NO APLICA,99,99,99,99,1,16/06/2022,3
18,Indiana,180418,1,1,1,0,149,STARKE (149),4362,SAN PIERRE,3,Marzo,14,2022,22,30,CR-1000W,4,Calle del Condado,Rural,Arteria Principal,County Highway Agency,1,Sin jurisdiccion especial,99998,41.23031667,-86.89159167,Peaton,El primer evento no fue una colision con un vehiculo automotor en transporte,Not an Intersection,No fue interseccion,Sobre calle,Ninguna,Oscuro sin iluminacion,Despejado,No,NO APLICA,99,99,99,99,1,14/03/2022,2
18,Indiana,180419,0,0,2,0,97,MARION (97),2210,INDIANAPOLIS,6,Junio,29,2022,7,1,SHADELAND AVE,6,Calle Local Municipalidad,Urbano,Arteria Principal,City or Municipal Highway Agency,0,Sin jurisdiccion especial,99998,39.80935833,-86.04564444,Vehiculo en movimiento,Angulo,Not an Intersection,No fue interseccion,Sobre calle,Ninguna,Dia total,Despejado,No,NO APLICA,99,99,99,99,1,29/06/2022,2
18,Indiana,180420,0,0,2,0,145,SHELBY (145),0,NO APLICA,7,Julio,1,2022,11,40,CR-800,4,Calle del Condado,Rural,Local,County Highway Agency,0,Sin jurisdiccion especial,99998,39.67566944,-85.93344722,Vehiculo en movimiento,Angulo,Not an Intersection,No fue interseccion,Sobre calle,Ninguna,Dia total,Despejado,No,NO APLICA,99,99,99,99,1,01/07/2022,4
18,Indiana,180421,0,0,1,0,79,JENNINGS (79),0,NO APLICA,7,Julio,6,2022,13,0,SR-3,3,Highway estatal,Rural,Colector Mayor,State Highway Agency,0,Sin jurisdiccion especial,99998,38.948925,-85.60548056,Zanja,El primer evento no fue una colision con un vehiculo automotor en transporte,Not an Intersection,No fue interseccion,Sobre el lado de la calle,Ninguna,Dia total,lluvia,No,NO APLICA,99,99,99,99,1,06/07/2022,2
18,Indiana,180422,0,0,2,0,159,TIPTON (159),0,NO APLICA,6,Junio,30,2022,22,20,SR-28,3,Highway estatal,Rural,Arteria Principal,State Highway Agency,0,Sin jurisdiccion especial,99998,40.27685833,-85.86913333,Vehiculo en movimiento,Frente a frente,Not an Intersection,No fue interseccion,Sobre calle,Ninguna,Oscuro sin iluminacion,Nublado,No,NO APLICA,99,99,99,99,1,30/06/2022,2
18,Indiana,180423,0,0,2,0,137,RIPLEY (137),0,NO APLICA,6,Junio,23,2022,16,48,SR-129,3,Highway estatal,Rural,Colector Mayor,State Highway Agency,0,Sin jurisdiccion especial,99998,39.05751944,-85.24891389,Vehiculo en movimiento,Angulo,Not an Intersection,No fue interseccion,Sobre calle,Ninguna,Dia total,Despejado,No,NO APLICA,99,99,99,99,1,23/06/2022,4
18,Indiana,180424,0,0,2,0,173,WARRICK (173),0,NO APLICA,6,Junio,13,2022,16,23,SR-61,3,Highway estatal,Rural,Arteria Menor,State Highway Agency,0,Sin jurisdiccion especial,99998,37.99036111,-87.31233889,Vehiculo en movimiento,Angulo,Four-Way Intersection,Interseccion de 4 direcciones,Sobre calle,Ninguna,Dia total,Despejado,No,NO APLICA,99,99,99,99,1,13/06/2022,2
18,Indiana,180425,0,0,1,0,173,WARRICK (173),4830,TENNYSON,7,Julio,5,2022,15,9,SR-68,3,Highway estatal,Rural,Colector Mayor,State Highway Agency,0,Sin jurisdiccion especial,99998,38.20373056,-87.16248889,Poste,El primer evento no fue una colision con un vehiculo automotor en transporte,Not an Intersection,No fue interseccion,Sobre el lado de la calle,Ninguna,Dia total,Despejado,No,NO APLICA,99,99,99,99,1,05/07/2022,1
18,Indiana,180426,0,0,1,0,141,ST JOSEPH (141),0,NO APLICA,7,Julio,8,2022,7,49,MCKINLEY HWY,5,Calle Local - Pueblo,Rural,Arteria Principal,City or Municipal Highway Agency,0,Sin jurisdiccion especial,99998,41.68808611,-86.09820278,Buzon de correo,El primer evento no fue una colision con un vehiculo automotor en transporte,Not an Intersection,No fue interseccion,Sobre el lado de la calle,Ninguna,Amanecer,Despejado,No,NO APLICA,99,99,99,99,1,08/07/2022,1
18,Indiana,180427,0,0,2,0,53,GRANT (53),1490,FAIRMOUNT,6,Junio,28,2022,16,16,CR-100,4,Calle del Condado,Rural,Colector Mayor,County Highway Agency,0,Sin jurisdiccion especial,99998,40.39901389,-85.65394444,Volcadura,El primer evento no fue una colision con un vehiculo automotor en transporte,Not an Intersection,No fue interseccion,Sobre calle,Ninguna,Dia total,Despejado,No,NO APLICA,99,99,99,99,1,28/06/2022,2
18,Indiana,180428,0,0,2,0,141,ST JOSEPH (141),0,NO APLICA,6,Junio,30,2022,18,0,SR-2,3,Highway estatal,Rural,Arteria Principal,State Highway Agency,1,Sin jurisdiccion especial,99998,41.67196944,-86.38043889,Vehiculo en movimiento,Frente a Detrás,T-Intersection,Interseccion de T,Sobre calle,Ninguna,Dia total,Despejado,No,NO APLICA,99,99,99,99,1,30/06/2022,2
18,Indiana,180429,0,0,2,0,97,MARION (97),2210,INDIANAPOLIS,7,Julio,1,2022,22,50,POST RD,6,Calle Local Municipalidad,Urbano,Arteria Principal,City or Municipal Highway Agency,0,Sin jurisdiccion especial,99998,39.84062778,-86.010275,Vehiculo en movimiento,Angulo,Four-Way Intersection,Interseccion de 4 direcciones,Sobre calle,Ninguna,Oscuro con iluminacion,Despejado,No,NO APLICA,99,99,99,99,1,01/07/2022,2
18,Indiana,180430,0,0,1,0,93,LAWRENCE (93),0,NO APLICA,7,Julio,2,2022,1,30,CR-STONINGTON RD,4,Calle del Condado,Rural,Local,County Highway Agency,0,Sin jurisdiccion especial,99998,38.7317,-86.37295833,Volcadura,El primer evento no fue una colision con un vehiculo automotor en transporte,Not an Intersection,No fue interseccion,Sobre el lado de la calle,Ninguna,Oscuro sin iluminacion,Despejado,No,NO APLICA,99,99,99,99,1,02/07/2022,1
18,Indiana,180431,0,0,1,0,35,DELAWARE (35),0,NO APLICA,7,Julio,5,2022,14,56,SR-167,3,Highway estatal,Rural,Colector Mayor,State Highway Agency,0,Sin jurisdiccion especial,99998,40.321925,-85.22866667,Volcadura,El primer evento no fue una colision con un vehiculo automotor en transporte,Not an Intersection,No fue interseccion,Sobre el lado de la calle,Ninguna,Dia total,Despejado,No,NO APLICA,99,99,99,99,1,05/07/2022,4
18,Indiana,180432,0,0,1,0,111,NEWTON (111),0,NO APLICA,7,Julio,6,2022,20,50,CR-150,4,Calle del Condado,Rural,Local,County Highway Agency,0,Sin jurisdiccion especial,99998,40.89995278,-87.36413056,Valla Ferrocarril,El primer evento no fue una colision con un vehiculo automotor en transporte,Not an Intersection,No fue interseccion,Sobre el lado de la calle,Ninguna,Atardecer,Despejado,No,NO APLICA,99,99,99,99,1,06/07/2022,1
18,Indiana,180433,0,0,2,0,35,DELAWARE (35),0,NO APLICA,7,Julio,6,2022,9,15,I-69,1,Interestatal,Rural,Interestatal,State Highway Agency,1,Sin jurisdiccion especial,99998,40.09535556,-85.56976111,Vehiculo en movimiento,Frente a Detrás,Not an Intersection,No fue interseccion,Sobre calle,Ninguna,Dia total,Nublado,No,NO APLICA,99,99,99,99,1,06/07/2022,2
18,Indiana,180434,1,1,1,0,97,MARION (97),2210,INDIANAPOLIS,7,Julio,7,2022,5,42,E WASHINGTON ST,6,Calle Local Municipalidad,Urbano,Arteria Principal,City or Municipal Highway Agency,0,Sin jurisdiccion especial,99998,39.769,-86.10619722,Peaton,El primer evento no fue una colision con un vehiculo automotor en transporte,T-Intersection,Interseccion de T,Sobre calle,Ninguna,Oscuro con iluminacion,Despejado,No,NO APLICA,99,99,99,99,1,07/07/2022,2