Estado,Nombre de Estado,Numero de Caso,Peatones,Personas _no_vehiculos,Vehiculos automotores,Vehiculos estacionados,Condado,Nombre Condado,Ciudad,Nombre Ciudad,Mes,Nombre Mes,Dia,Año,Hora,Minuto,Calle,Ruta,Nombre Ruta,Rural o Urbanoo,Sistema Funcional,Dueño Calle,Sistema Nacional Carreteras,Jurisdiccion Especial,Milla,Latitud,Longitud,Causa del Accidente,Tipo de Accidente,Tipo Interseccion,Columna1,Lugar en la calle,Zona de Trabajo,Luz,Clima,Autobus Escolar,Cruce de Trenes,Hora Notificacion,Minuto Notificacion,Hora Llegada,Minuto Llegada,Decesos,Fecha,PersonaVehiculo
18,Indiana,180435,0,0,2,0,89,LAKE (89),2010,HAMMOND,7,Julio,8,2022,22,43,US-12/20,2,US Highway,Urbano,Arteria Principal,State Highway Agency,1,Sin jurisdiccion especial,99998,41.69203611,-87.51040278,Vehiculo en movimiento,Frente a frente,Not an Intersection,No fue interseccion,Sobre calle,Ninguna,Oscuro con iluminacion,Despejado,No,NO APLICA,99,99,99,99,1,08/07/2022,3
18,Indiana,180436,0,0,2,0,63,HENDRICKS (63),0,NO APLICA,6,Junio,13,2022,9,25,CR-MAIN ST,4,Calle del Condado,Rural,Colector Mayor,County Highway Agency,0,Sin jurisdiccion especial,99998,39.76224167,-86.43822222,Vehiculo en movimiento,Frente a frente,T-Intersection,Interseccion de T,Sobre calle,Ninguna,Dia total,Nublado,No,NO APLICA,99,99,99,99,1,13/06/2022,2
18,Indiana,180437,0,0,1,0,183,WHITLEY (183),0,NO APLICA,6,Junio,27,2022,13,30,SR-14,3,Highway estatal,Rural,Colector Mayor,State Highway Agency,0,Sin jurisdiccion especial,99998,41.07775833,-85.46538889,Buzon de correo,El primer evento no fue una colision con un vehiculo automotor en transporte,Not an Intersection,No fue interseccion,Sobre el lado de la calle,Ninguna,Dia total,Despejado,No,NO APLICA,99,99,99,99,1,27/06/2022,3
18,Indiana,180438,3,3,2,1,81,JOHNSON (81),0,NO APLICA,7,Julio,11,2022,9,12,OLIVE BRANCH RD,6,Calle Local Municipalidad,Urbano,Colector Mayor,City or Municipal Highway Agency,0,Sin jurisdiccion especial,99998,39.59238333,-86.16175278,Peaton,El primer evento no fue una colision con un vehiculo automotor en transporte,Not an Intersection,No fue interseccion,Sobre calle,Ninguna,Dia total,Despejado,No,NO APLICA,99,99,99,99,1,11/07/2022,1
18,Indiana,180439,0,0,1,0,133,PUTNAM (133),0,NO APLICA,7,Julio,2,2022,13,56,US-40,2,US Highway,Rural,Arteria Principal,State Highway Agency,0,Sin jurisdiccion especial,99998,39.60226111,-86.75581111,Volcadura,El primer evento no fue una colision con un vehiculo automotor en transporte,Not an Intersection,No fue interseccion,Sobre el lado de la calle,Ninguna,Dia total,Despejado,No,NO APLICA,99,99,99,99,1,02/07/2022,1
18,Indiana,180440,0,0,1,0,15,CARROLL (15),0,NO APLICA,7,Julio,7,2022,17,21,CR-200,4,Calle del Condado,Rural,Local,County Highway Agency,0,Sin jurisdiccion especial,99998,40.49744722,-86.487075,Acotamiento,El primer evento no fue una colision con un vehiculo automotor en transporte,Not an Intersection,No fue interseccion,Sobre el lado de la calle,Ninguna,Dia total,Despejado,No,NO APLICA,99,99,99,99,1,07/07/2022,2
18,Indiana,180441,0,0,1,0,63,HENDRICKS (63),0,NO APLICA,7,Julio,12,2022,9,5,US-40,2,US Highway,Rural,Arteria Principal,State Highway Agency,1,Sin jurisdiccion especial,99998,39.64694444,-86.60162778,Culvert,El primer evento no fue una colision con un vehiculo automotor en transporte,Not an Intersection,No fue interseccion,Sobre el lado de la calle,Ninguna,Dia total,Despejado,No,NO APLICA,99,99,99,99,1,12/07/2022,1
18,Indiana,180442,0,0,2,0,39,ELKHART (39),0,NO APLICA,7,Julio,12,2022,14,5,CR-26,4,Calle del Condado,Rural,Colector Mayor,County Highway Agency,0,Sin jurisdiccion especial,99998,41.62341111,-85.98117778,Vehiculo en movimiento,Frente a frente,Not an Intersection,No fue interseccion,Sobre calle,Ninguna,Dia total,Despejado,No,NO APLICA,99,99,99,99,1,12/07/2022,2
18,Indiana,180443,1,1,1,0,81,JOHNSON (81),1950,GREENWOOD,6,Junio,15,2022,23,40,SR-135,3,Highway estatal,Urbano,Arteria Principal,City or Municipal Highway Agency,0,Sin jurisdiccion especial,99998,39.62016667,-86.15858611,Peaton,El primer evento no fue una colision con un vehiculo automotor en transporte,Not an Intersection,No fue interseccion,Sobre calle,Ninguna,Oscuro con iluminacion,Despejado,No,NO APLICA,99,99,99,99,1,15/06/2022,1
18,Indiana,180444,0,0,1,0,85,KOSCIUSKO (85),0,NO APLICA,7,Julio,9,2022,6,23,CR-750,4,Calle del Condado,Rural,Local,County Highway Agency,0,Sin jurisdiccion especial,99998,41.34181389,-85.82428889,Volcadura,El primer evento no fue una colision con un vehiculo automotor en transporte,Not an Intersection,No fue interseccion,Sobre el lado de la calle,Ninguna,Oscuro sin iluminacion,Despejado,No,NO APLICA,99,99,99,99,1,09/07/2022,2
18,Indiana,180445,0,0,7,0,97,MARION (97),2210,INDIANAPOLIS,7,Julio,12,2022,8,3,59TH ST,6,Calle Local Municipalidad,Urbano,Colector Menor,City or Municipal Highway Agency,0,Sin jurisdiccion especial,99998,39.86056111,-86.24122222,Vehiculo en movimiento,Angulo,Four-Way Intersection,Interseccion de 4 direcciones,Sobre calle,Ninguna,Dia total,Despejado,No,NO APLICA,99,99,99,99,1,12/07/2022,8
18,Indiana,180446,1,1,1,0,97,MARION (97),2210,INDIANAPOLIS,7,Julio,10,2022,23,10,W 56THST,6,Calle Local Municipalidad,Urbano,Arteria Principal,City or Municipal Highway Agency,0,Sin jurisdiccion especial,99998,39.85326389,-86.24400278,No vehiculo o remolque,El primer evento no fue una colision con un vehiculo automotor en transporte,Not an Intersection,No fue interseccion,Sobre calle,Ninguna,Oscuro con iluminacion,Nublado,No,NO APLICA,99,99,99,99,1,10/07/2022,1
18,Indiana,180447,4,4,1,0,9,BLACKFORD (9),3210,MONTPELIER,6,Junio,2,2022,21,46,MAIN ST,5,Calle Local - Pueblo,Urbano,Colector Mayor,Town or Township Highway Agency,0,Sin jurisdiccion especial,99998,40.54655,-85.28019444,Edificio,El primer evento no fue una colision con un vehiculo automotor en transporte,Not an Intersection,No fue interseccion,Fuera de la calle,Ninguna,Dia total,Despejado,No,NO APLICA,99,99,99,99,2,02/06/2022,1
18,Indiana,180448,1,1,2,0,97,MARION (97),2210,INDIANAPOLIS,7,Julio,8,2022,20,25,DR MARTIN LUTHER KING JR DR,6,Calle Local Municipalidad,Urbano,Arteria Principal,City or Municipal Highway Agency,0,Sin jurisdiccion especial,99998,39.81364167,-86.17556111,Peaton,El primer evento no fue una colision con un vehiculo automotor en transporte,Not an Intersection,No fue interseccion,Sobre calle,Ninguna,Oscuro con iluminacion,lluvia,No,NO APLICA,99,99,99,99,1,08/07/2022,2
18,Indiana,180449,0,0,1,0,19,CLARK (19),0,NO APLICA,7,Julio,3,2022,17,17,BARTLE KNOB RD,5,Calle Local - Pueblo,Rural,Local,County Highway Agency,0,Sin jurisdiccion especial,99998,38.50389722,-85.82979167,Zanja,El primer evento no fue una colision con un vehiculo automotor en transporte,Not an Intersection,No fue interseccion,Sobre el lado de la calle,Ninguna,Dia total,Despejado,No,NO APLICA,99,99,99,99,1,03/07/2022,1
18,Indiana,180450,1,1,1,0,97,MARION (97),2210,INDIANAPOLIS,7,Julio,7,2022,18,16,I-465,1,Interestatal,Urbano,Interestatal,State Highway Agency,1,Sin jurisdiccion especial,129,39.76495,-86.26658611,Peaton,El primer evento no fue una colision con un vehiculo automotor en transporte,Not an Intersection,No fue interseccion,Sobre calle,Ninguna,Dia total,lluvia,No,NO APLICA,99,99,99,99,1,07/07/2022,1
18,Indiana,180451,0,0,2,0,87,LAGRANGE (87),0,NO APLICA,7,Julio,11,2022,14,21,CR-700,4,Calle del Condado,Rural,Local,County Highway Agency,0,Sin jurisdiccion especial,99998,41.74365833,-85.24556667,Calle mal pavimentada,El primer evento no fue una colision con un vehiculo automotor en transporte,Not an Intersection,No fue interseccion,Sobre calle,Ninguna,Dia total,Nublado,No,NO APLICA,99,99,99,99,1,11/07/2022,2
18,Indiana,180452,0,0,1,0,3,ALLEN (3),0,NO APLICA,7,Julio,15,2022,4,56,SR-37,3,Highway estatal,Rural,Colector Mayor,State Highway Agency,0,Sin jurisdiccion especial,99998,41.26820556,-84.81018889,Soporte de Puente,El primer evento no fue una colision con un vehiculo automotor en transporte,Not an Intersection,No fue interseccion,Sobre el lado de la calle,Ninguna,Oscuro sin iluminacion,Nublado,No,NO APLICA,99,99,99,99,1,15/07/2022,2
18,Indiana,180453,1,1,1,0,89,LAKE (89),2010,HAMMOND,7,Julio,15,2022,21,24,SIBLEY ST,6,Calle Local Municipalidad,Urbano,Arteria Menor,City or Municipal Highway Agency,0,Sin jurisdiccion especial,99998,41.62048056,-87.52496111,Peaton,El primer evento no fue una colision con un vehiculo automotor en transporte,Four-Way Intersection,Interseccion de 4 direcciones,Sobre calle,Ninguna,Oscuro sin iluminacion,lluvia,No,NO APLICA,99,99,99,99,1,15/07/2022,1
18,Indiana,180454,1,1,1,0,35,DELAWARE (35),3360,MUNCIE,7,Julio,16,2022,20,46,MADISON,6,Calle Local Municipalidad,Urbano,Arteria Principal,State Highway Agency,0,Sin jurisdiccion especial,99998,40.17749722,-85.38170556,Ciclista,El primer evento no fue una colision con un vehiculo automotor en transporte,Not an Intersection,No fue interseccion,Sobre calle,Ninguna,Atardecer,Despejado,No,NO APLICA,99,99,99,99,1,16/07/2022,1
18,Indiana,180455,1,1,1,0,19,CLARK (19),870,CLARKSVILLE,7,Julio,17,2022,21,55,CLARK RD,6,Calle Local Municipalidad,Urbano,Local,City or Municipal Highway Agency,0,Sin jurisdiccion especial,99998,38.29538333,-85.77070278,Peaton,El primer evento no fue una colision con un vehiculo automotor en transporte,Not an Intersection,No fue interseccion,Sobre calle,Construccion,Oscuro sin iluminacion,Nublado,No,NO APLICA,99,99,99,99,1,17/07/2022,1
18,Indiana,180456,0,0,1,0,85,KOSCIUSKO (85),0,NO APLICA,7,Julio,17,2022,3,47,SR-25,3,Highway estatal,Rural,Colector Mayor,State Highway Agency,0,Sin jurisdiccion especial,99998,41.21691389,-85.88575833,Acotamiento,El primer evento no fue una colision con un vehiculo automotor en transporte,Not an Intersection,No fue interseccion,Sobre el lado de la calle,Ninguna,Oscuro sin iluminacion,Despejado,No,NO APLICA,99,99,99,99,1,17/07/2022,1
18,Indiana,180457,0,0,1,0,55,GREENE (55),360,BLOOMFIELD,7,Julio,9,2022,10,26,I-69,1,Interestatal,Rural,Interestatal,State Highway Agency,1,Sin jurisdiccion especial,99998,88.8888,888.8888,Volcadura,El primer evento no fue una colision con un vehiculo automotor en transporte,Not an Intersection,No fue interseccion,Sobre el lado de la calle,Ninguna,Dia total,Despejado,No,NO APLICA,99,99,99,99,1,09/07/2022,1
18,Indiana,180458,0,0,3,1,97,MARION (97),2210,INDIANAPOLIS,7,Julio,10,2022,0,22,11TH,6,Calle Local Municipalidad,Urbano,Local,City or Municipal Highway Agency,0,Sin jurisdiccion especial,99998,39.78239444,-86.0982,Vehiculo en movimiento,Angulo,Four-Way Intersection,Interseccion de 4 direcciones,Sobre calle,Ninguna,Oscuro con iluminacion,Despejado,No,NO APLICA,99,99,99,99,2,10/07/2022,5
18,Indiana,180459,0,0,1,0,177,WAYNE (177),4120,RICHMOND,7,Julio,17,2022,2,0,SR-38,3,Highway estatal,Rural,Colector Mayor,State Highway Agency,0,Sin jurisdiccion especial,99998,39.88189167,-84.97020278,Fin de valla,El primer evento no fue una colision con un vehiculo automotor en transporte,Not an Intersection,No fue interseccion,Sobre el lado de la calle,Ninguna,Oscuro sin iluminacion,lluvia,No,NO APLICA,99,99,99,99,1,17/07/2022,1
18,Indiana,180460,0,2,2,1,3,ALLEN (3),1580,FORT WAYNE,7,Julio,18,2022,1,20,I-469,1,Interestatal,Rural,Interestatal,State Highway Agency,1,Sin jurisdiccion especial,99998,41.00506389,-85.03815556,Vehiculo Aparcado,El primer evento no fue una colision con un vehiculo automotor en transporte,Not an Intersection,No fue interseccion,Sobre Acotamiento,Ninguna,Oscuro sin iluminacion,Despejado,No,NO APLICA,99,99,99,99,1,18/07/2022,2
18,Indiana,180461,0,0,2,0,97,MARION (97),2600,LAWRENCE,7,Julio,11,2022,12,49,56TH,6,Calle Local Municipalidad,Urbano,Arteria Principal,City or Municipal Highway Agency,0,Sin jurisdiccion especial,99998,39.85500833,-86.02176667,Vehiculo en movimiento,Angulo,Four-Way Intersection,Interseccion de 4 direcciones,Sobre calle,Ninguna,Dia total,Despejado,No,NO APLICA,99,99,99,99,2,11/07/2022,3
18,Indiana,180462,0,0,2,0,163,VANDERBURGH (163),1480,EVANSVILLE,7,Julio,10,2022,5,18,GREEN RIVER RD,6,Calle Local Municipalidad,Urbano,Arteria Menor,City or Municipal Highway Agency,0,Sin jurisdiccion especial,99998,37.97434722,-87.49256667,Vehiculo en movimiento,Angulo,T-Intersection,Interseccion de T,Sobre calle,Ninguna,Amanecer,Despejado,No,NO APLICA,99,99,99,99,1,10/07/2022,4
18,Indiana,180463,0,0,1,0,127,PORTER (127),4960,VALPARAISO,7,Julio,9,2022,23,25,CALUMET AVE,5,Calle Local - Pueblo,Rural,Arteria Menor,City or Municipal Highway Agency,0,Sin jurisdiccion especial,99998,41.52426944,-87.035075,Culvert,El primer evento no fue una colision con un vehiculo automotor en transporte,Not an Intersection,No fue interseccion,Sobre el lado de la calle,Ninguna,Oscuro sin iluminacion,Despejado,No,NO APLICA,99,99,99,99,1,09/07/2022,1
18,Indiana,180464,0,0,1,0,161,UNION (161),0,NO APLICA,6,Junio,21,2022,12,56,CR-CLIFTON,4,Calle del Condado,Rural,Colector Menor,County Highway Agency,0,Sin jurisdiccion especial,99998,39.69050833,-84.94499722,Zanja,El primer evento no fue una colision con un vehiculo automotor en transporte,Not an Intersection,No fue interseccion,Sobre el lado de la calle,Ninguna,Dia total,Despejado,No,NO APLICA,99,99,99,99,1,21/06/2022,3
18,Indiana,180465,1,1,1,0,11,BOONE (11),0,NO APLICA,7,Julio,21,2022,5,31,I-65,1,Interestatal,Urbano,Interestatal,State Highway Agency,1,Sin jurisdiccion especial,99998,39.94000278,-86.34688056,Peaton,El primer evento no fue una colision con un vehiculo automotor en transporte,Not an Intersection,No fue interseccion,Sobre calle,Construccion,Oscuro sin iluminacion,Despejado,No,NO APLICA,99,99,99,99,1,21/07/2022,1
18,Indiana,180466,0,0,1,0,133,PUTNAM (133),0,NO APLICA,7,Julio,3,2022,8,20,I-70W,1,Interestatal,Rural,Interestatal,State Highway Agency,1,Sin jurisdiccion especial,360,39.526125,-86.88308611,Valla Ferrocarril,El primer evento no fue una colision con un vehiculo automotor en transporte,Not an Intersection,No fue interseccion,Sobre el lado de la calle,Ninguna,Dia total,Despejado,No,NO APLICA,99,99,99,99,1,03/07/2022,1
18,Indiana,180467,0,0,1,0,137,RIPLEY (137),0,NO APLICA,7,Julio,15,2022,17,9,CR-SPADES RD,4,Calle del Condado,Rural,Colector Menor,County Highway Agency,0,Sin jurisdiccion especial,99998,39.21463056,-85.13208056,Volcadura,El primer evento no fue una colision con un vehiculo automotor en transporte,Not an Intersection,No fue interseccion,Sobre calle,Ninguna,Dia total,Nublado,No,NO APLICA,99,99,99,99,1,15/07/2022,1
18,Indiana,180468,1,1,1,0,97,MARION (97),2210,INDIANAPOLIS,7,Julio,16,2022,4,13,EAST ST,6,Calle Local Municipalidad,Urbano,Arteria Principal,City or Municipal Highway Agency,0,Sin jurisdiccion especial,99998,39.71478333,-86.14903611,Peaton,El primer evento no fue una colision con un vehiculo automotor en transporte,Not an Intersection,No fue interseccion,Sobre calle,Ninguna,Oscuro con iluminacion,lluvia,No,NO APLICA,99,99,99,99,1,16/07/2022,1
18,Indiana,180469,0,0,1,0,69,HUNTINGTON (69),0,NO APLICA,7,Julio,22,2022,2,2,SR-16,3,Highway estatal,Rural,Colector Mayor,State Highway Agency,0,Sin jurisdiccion especial,99998,40.91650278,-85.53883056,Arbol,El primer evento no fue una colision con un vehiculo automotor en transporte,Not an Intersection,No fue interseccion,Sobre el lado de la calle,Ninguna,Oscuro sin iluminacion,Despejado,No,NO APLICA,99,99,99,99,1,22/07/2022,1
18,Indiana,180470,0,0,1,0,145,SHELBY (145),3280,MORRISTOWN,7,Julio,21,2022,2,55,MORRISTOWN RD,6,Calle Local Municipalidad,Urbano,Colector Mayor,City or Municipal Highway Agency,0,Sin jurisdiccion especial,99998,39.66618056,-85.70050833,Volcadura,El primer evento no fue una colision con un vehiculo automotor en transporte,Not an Intersection,No fue interseccion,Sobre calle,Ninguna,Oscuro sin iluminacion,Despejado,No,NO APLICA,99,99,99,99,1,21/07/2022,1
18,Indiana,180471,0,0,3,0,19,CLARK (19),9997,Other,7,Julio,5,2022,16,33,I-65,1,Interestatal,Urbano,Interestatal,State Highway Agency,1,Sin jurisdiccion especial,99998,38.36922778,-85.7554,Vehiculo en movimiento,Frente a Detrás,Not an Intersection,No fue interseccion,Sobre calle,Ninguna,Dia total,Despejado,No,NO APLICA,99,99,99,99,1,05/07/2022,5
18,Indiana,180472,0,0,2,0,41,FAYETTE (41),1000,CONNERSVILLE,7,Julio,23,2022,14,49,SR-1,3,Highway estatal,Rural,Arteria Principal,State Highway Agency,0,Sin jurisdiccion especial,99998,39.68628333,-85.13845833,Vehiculo en movimiento,Angulo,T-Intersection,Interseccion de T,Sobre calle,Ninguna,Dia total,Despejado,No,NO APLICA,99,99,99,99,1,23/07/2022,4
18,Indiana,180473,0,0,2,0,107,MONTGOMERY (107),5140,WAVELAND,7,Julio,21,2022,3,30,SR-47,3,Highway estatal,Rural,Arteria Menor,State Highway Agency,0,Sin jurisdiccion especial,99998,39.88939722,-87.02592222,Vehiculo en movimiento,Frente a frente,Not an Intersection,No fue interseccion,Sobre calle,Ninguna,Oscuro sin iluminacion,Despejado,No,NO APLICA,99,99,99,99,1,21/07/2022,2
18,Indiana,180474,0,0,2,0,81,JOHNSON (81),1950,GREENWOOD,7,Julio,20,2022,10,34,COUNTY LINE RD,6,Calle Local Municipalidad,Urbano,Arteria Menor,City or Municipal Highway Agency,0,Sin jurisdiccion especial,99998,39.61476667,-86.06109167,Vehiculo en movimiento,Frente a frente,Not an Intersection,No fue interseccion,Sobre calle,Ninguna,Dia total,Despejado,No,NO APLICA,99,99,99,99,1,20/07/2022,2
18,Indiana,180475,0,0,2,0,99,MARSHALL (99),0,NO APLICA,7,Julio,12,2022,21,50,SR-931,3,Highway estatal,Rural,Arteria Menor,State Highway Agency,0,Sin jurisdiccion especial,99998,41.43115278,-86.31213333,Vehiculo en movimiento,Frente a frente,Not an Intersection,No fue interseccion,Sobre calle,Ninguna,Oscuro sin iluminacion,Despejado,No,NO APLICA,99,99,99,99,1,12/07/2022,2
18,Indiana,180476,1,1,1,0,89,LAKE (89),2010,HAMMOND,5,Mayo,23,2022,21,37,I-80,1,Interestatal,Urbano,Interestatal,State Highway Agency,1,Sin jurisdiccion especial,1,41.57690278,-87.52518056,Peaton,El primer evento no fue una colision con un vehiculo automotor en transporte,Not an Intersection,No fue interseccion,Sobre calle,Ninguna,Oscuro con iluminacion,Despejado,No,NO APLICA,99,99,99,99,1,23/05/2022,1
18,Indiana,180477,0,0,1,0,141,ST JOSEPH (141),3100,MISHAWAKA,7,Julio,22,2022,22,46,MAIN ST,6,Calle Local Municipalidad,Urbano,Arteria Principal,City or Municipal Highway Agency,0,Sin jurisdiccion especial,99998,41.70413611,-86.18273056,Banqueta,El primer evento no fue una colision con un vehiculo automotor en transporte,Not an Intersection,No fue interseccion,Sobre el lado de la calle,Ninguna,Oscuro con iluminacion,Despejado,No,NO APLICA,99,99,99,99,1,22/07/2022,1
18,Indiana,180478,1,1,1,0,97,MARION (97),2210,INDIANAPOLIS,7,Julio,25,2022,5,41,US-20,2,US Highway,Urbano,Arteria Principal,State Highway Agency,1,Sin jurisdiccion especial,99998,39.73650556,-86.30343889,Peaton,El primer evento no fue una colision con un vehiculo automotor en transporte,Not an Intersection,No fue interseccion,Sobre calle,Ninguna,Oscuro con iluminacion,Nublado,No,NO APLICA,99,99,99,99,1,25/07/2022,1
18,Indiana,180479,0,0,1,0,85,KOSCIUSKO (85),5110,WARSAW,7,Julio,16,2022,23,54,CLARK,6,Calle Local Municipalidad,Urbano,Local,City or Municipal Highway Agency,0,Sin jurisdiccion especial,99998,41.24096111,-85.84989444,Alguien se cayo/avento del vehiculo,El primer evento no fue una colision con un vehiculo automotor en transporte,Not an Intersection,No fue interseccion,Sobre calle,Ninguna,Oscuro sin iluminacion,Despejado,No,NO APLICA,99,99,99,99,1,16/07/2022,6
18,Indiana,180480,0,0,1,0,1,ADAMS (1),0,NO APLICA,7,Julio,25,2022,8,17,US-224,2,US Highway,Rural,Arteria Menor,State Highway Agency,0,Sin jurisdiccion especial,99998,40.84163333,-84.823425,Zanja,El primer evento no fue una colision con un vehiculo automotor en transporte,Not an Intersection,No fue interseccion,Sobre el lado de la calle,Ninguna,Dia total,Despejado,No,NO APLICA,99,99,99,99,1,25/07/2022,1
18,Indiana,180481,1,1,1,0,39,ELKHART (39),0,NO APLICA,7,Julio,26,2022,23,57,CR-20,4,Calle del Condado,Rural,Arteria Principal,County Highway Agency,0,Sin jurisdiccion especial,99998,41.64995278,-85.96086667,Peaton,El primer evento no fue una colision con un vehiculo automotor en transporte,Not an Intersection,No fue interseccion,Sobre calle,Ninguna,Oscuro sin iluminacion,Nublado,No,NO APLICA,99,99,99,99,1,26/07/2022,1
18,Indiana,180482,0,0,3,0,141,ST JOSEPH (141),4580,SOUTH BEND,7,Julio,26,2022,20,48,EWING AVE,6,Calle Local Municipalidad,Urbano,Arteria Menor,City or Municipal Highway Agency,0,Sin jurisdiccion especial,99998,41.65052778,-86.25725,Vehiculo en movimiento,Angulo,T-Intersection,Interseccion de T,Sobre calle,Ninguna,Atardecer,Despejado,No,NO APLICA,99,99,99,99,1,26/07/2022,6
18,Indiana,180483,1,1,1,0,97,MARION (97),2210,INDIANAPOLIS,7,Julio,23,2022,5,45,SHADELAND AVE,6,Calle Local Municipalidad,Urbano,Arteria Principal,City or Municipal Highway Agency,0,Sin jurisdiccion especial,99998,39.89532222,-86.04611667,Peaton,El primer evento no fue una colision con un vehiculo automotor en transporte,Not an Intersection,No fue interseccion,Sobre calle,Ninguna,Oscuro con iluminacion,Nublado,No,NO APLICA,99,99,99,99,1,23/07/2022,1
18,Indiana,180484,0,0,1,0,11,BOONE (11),0,NO APLICA,7,Julio,30,2022,0,3,I-865,1,Interestatal,Rural,Interestatal,State Highway Agency,1,Sin jurisdiccion especial,43,39.93049722,-86.27195278,Barrera de Cable,El primer evento no fue una colision con un vehiculo automotor en transporte,Not an Intersection,No fue interseccion,En el medio,Ninguna,Oscuro sin iluminacion,Despejado,No,NO APLICA,99,99,99,99,1,30/07/2022,3
18,Indiana,180485,0,0,2,0,81,JOHNSON (81),0,NO APLICA,7,Julio,30,2022,12,41,CR-MORGANTOWN RD,4,Calle del Condado,Urbano,Arteria Menor,County Highway Agency,0,Sin jurisdiccion especial,99998,39.63178889,-86.19644722,Vehiculo en movimiento,Angulo,Four-Way Intersection,Interseccion de 4 direcciones,Sobre calle,Ninguna,Dia total,Nublado,No,NO APLICA,99,99,99,99,1,30/07/2022,2
18,Indiana,180486,0,0,1,0,95,MADISON (95),140,ANDERSON,6,Junio,24,2022,19,20,HARTER BLVD,6,Calle Local Municipalidad,Urbano,Local,City or Municipal Highway Agency,0,Sin jurisdiccion especial,99998,40.10516111,-85.71427222,Poste,El primer evento no fue una colision con un vehiculo automotor en transporte,Not an Intersection,No fue interseccion,Sobre el lado de la calle,Ninguna,Dia total,Despejado,No,NO APLICA,99,99,99,99,1,24/06/2022,1
18,Indiana,180487,0,0,1,0,27,DAVIESS (27),0,NO APLICA,7,Julio,10,2022,19,30,US-150,2,US Highway,Rural,Arteria Principal,State Highway Agency,1,Sin jurisdiccion especial,99998,38.64473056,-87.23686944,Acotamiento,El primer evento no fue una colision con un vehiculo automotor en transporte,Not an Intersection,No fue interseccion,Sobre el lado de la calle,Ninguna,Dia total,Despejado,No,NO APLICA,99,99,99,99,1,10/07/2022,1
18,Indiana,180488,0,0,2,0,89,LAKE (89),1730,GARY,7,Julio,13,2022,12,10,5TH AVE,6,Calle Local Municipalidad,Urbano,Arteria Principal,City or Municipal Highway Agency,0,Sin jurisdiccion especial,99998,41.601825,-87.41319444,Vehiculo en movimiento,Angulo,Four-Way Intersection,Interseccion de 4 direcciones,Sobre calle,Ninguna,Dia total,Despejado,No,NO APLICA,99,99,99,99,1,13/07/2022,2
18,Indiana,180489,0,0,1,0,61,HARRISON (61),0,NO APLICA,7,Julio,20,2022,17,3,ROSEWOOD RD,5,Calle Local - Pueblo,Rural,Colector Menor,County Highway Agency,0,Sin jurisdiccion especial,99998,38.06478056,-85.97128056,Poste,El primer evento no fue una colision con un vehiculo automotor en transporte,Not an Intersection,No fue interseccion,Sobre el lado de la calle,Ninguna,Dia total,Despejado,No,NO APLICA,99,99,99,99,1,20/07/2022,1
18,Indiana,180490,0,1,2,1,71,JACKSON (71),0,NO APLICA,7,Julio,20,2022,7,6,I-65,1,Interestatal,Rural,Interestatal,State Highway Agency,1,Sin jurisdiccion especial,99998,39.026875,-85.89160833,Vehiculo Aparcado,El primer evento no fue una colision con un vehiculo automotor en transporte,Not an Intersection,No fue interseccion,Sobre el lado de la calle,Ninguna,Dia total,Despejado,No,NO APLICA,99,99,99,99,1,20/07/2022,1
18,Indiana,180491,0,0,1,0,97,MARION (97),2210,INDIANAPOLIS,7,Julio,23,2022,17,20,I-70  RAMP,1,Interestatal,Urbano,Interestatal,State Highway Agency,1,Sin jurisdiccion especial,870,39.80089444,-86.08480278,Volcadura,El primer evento no fue una colision con un vehiculo automotor en transporte,Not an Intersection,No fue interseccion,Gore?,Ninguna,Dia total,Nublado,No,NO APLICA,99,99,99,99,1,23/07/2022,1
18,Indiana,180492,0,0,1,0,97,MARION (97),2210,INDIANAPOLIS,7,Julio,24,2022,0,18,I-65,1,Interestatal,Urbano,Interestatal,State Highway Agency,1,Sin jurisdiccion especial,1055,39.69581389,-86.10603889,Valla Ferrocarril,El primer evento no fue una colision con un vehiculo automotor en transporte,Not an Intersection,No fue interseccion,Sobre el lado de la calle,Ninguna,Oscuro con iluminacion,Despejado,No,NO APLICA,99,99,99,99,1,24/07/2022,1
18,Indiana,180493,0,0,3,0,97,MARION (97),2210,INDIANAPOLIS,7,Julio,24,2022,3,35,56TH ST,6,Calle Local Municipalidad,Urbano,Arteria Principal,City or Municipal Highway Agency,0,Sin jurisdiccion especial,99998,39.85498889,-86.065275,Vehiculo en movimiento,Angulo,T-Intersection,Interseccion de T,Sobre calle,Ninguna,Oscuro con iluminacion,Despejado,No,NO APLICA,99,99,99,99,1,24/07/2022,7
18,Indiana,180494,0,0,2,0,69,HUNTINGTON (69),0,NO APLICA,7,Julio,25,2022,23,55,CR-900,4,Calle del Condado,Rural,Local,County Highway Agency,0,Sin jurisdiccion especial,99998,40.96049722,-85.35576944,Vehiculo en movimiento,Frente a frente,Not an Intersection,No fue interseccion,Sobre calle,Ninguna,Oscuro sin iluminacion,Despejado,No,NO APLICA,99,99,99,99,2,25/07/2022,2