Estado,Nombre de Estado,Numero de Caso,Peatones,Personas _no_vehiculos,Vehiculos automotores,Vehiculos estacionados,Condado,Nombre Condado,Ciudad,Nombre Ciudad,Mes,Nombre Mes,Dia,Año,Hora,Minuto,Calle,Ruta,Nombre Ruta,Rural o Urbanoo,Sistema Funcional,Dueño Calle,Sistema Nacional Carreteras,Jurisdiccion Especial,Milla,Latitud,Longitud,Causa del Accidente,Tipo de Accidente,Tipo Interseccion,Columna1,Lugar en la calle,Zona de Trabajo,Luz,Clima,Autobus Escolar,Cruce de Trenes,Hora Notificacion,Minuto Notificacion,Hora Llegada,Minuto Llegada,Decesos,Fecha,PersonaVehiculo
18,Indiana,180495,0,0,2,0,175,WASHINGTON (175),4340,SALEM,7,Julio,29,2022,6,47,SR-135,3,Highway estatal,Urbano,Arteria Principal,State Highway Agency,0,Sin jurisdiccion especial,99998,38.59742778,-86.10007222,Vehiculo en movimiento,Angulo,Four-Way Intersection,Interseccion de 4 direcciones,Sobre calle,Ninguna,Dia total,Nublado,No,NO APLICA,99,99,99,99,1,29/07/2022,2
18,Indiana,180496,0,0,2,0,3,ALLEN (3),0,NO APLICA,7,Julio,29,2022,12,0,US-30,2,US Highway,Rural,Arterial Principal -Freeway o ExpressWay,State Highway Agency,1,Sin jurisdiccion especial,99998,41.05605,-84.97073056,Vehiculo en movimiento,Angulo,Not an Intersection,No fue interseccion,Sobre calle,Ninguna,Dia total,Despejado,No,NO APLICA,99,99,99,99,1,29/07/2022,3
18,Indiana,180497,0,0,1,0,23,CLINTON (23),0,NO APLICA,7,Julio,31,2022,17,15,CR-W MULBERRY JEFFERSON RD,4,Calle del Condado,Rural,Colector Mayor,County Highway Agency,0,Sin jurisdiccion especial,99998,40.30154167,-86.62333333,Animal vivo,El primer evento no fue una colision con un vehiculo automotor en transporte,Not an Intersection,No fue interseccion,Sobre calle,Ninguna,Dia total,Despejado,No,NO APLICA,99,99,99,99,1,31/07/2022,2
18,Indiana,180498,0,0,2,1,163,VANDERBURGH (163),1480,EVANSVILLE,8,Agosto,1,2022,15,14,BELLEMEADE,6,Calle Local Municipalidad,Urbano,Colector Mayor,City or Municipal Highway Agency,0,Sin jurisdiccion especial,99998,37.96845833,-87.55191111,Vehiculo Aparcado,El primer evento no fue una colision con un vehiculo automotor en transporte,Not an Intersection,No fue interseccion,En estacionamiento,Ninguna,Dia total,Despejado,No,NO APLICA,99,99,99,99,1,01/08/2022,1
18,Indiana,180499,0,0,1,0,57,HAMILTON (57),0,NO APLICA,8,Agosto,2,2022,7,7,206THST,5,Calle Local - Pueblo,Rural,Colector Menor,City or Municipal Highway Agency,0,Sin jurisdiccion especial,99998,40.08595,-86.17460556,Volcadura,El primer evento no fue una colision con un vehiculo automotor en transporte,Not an Intersection,No fue interseccion,Sobre el lado de la calle,Ninguna,Amanecer,Despejado,No,NO APLICA,99,99,99,99,1,02/08/2022,1
18,Indiana,180500,1,1,1,0,97,MARION (97),2210,INDIANAPOLIS,8,Agosto,1,2022,4,5,34TH ST,6,Calle Local Municipalidad,Urbano,Colector Mayor,City or Municipal Highway Agency,0,Sin jurisdiccion especial,99998,39.81618611,-86.27213333,Peaton,El primer evento no fue una colision con un vehiculo automotor en transporte,Not an Intersection,No fue interseccion,Sobre calle,Ninguna,Oscuro con iluminacion,Despejado,No,NO APLICA,99,99,99,99,1,01/08/2022,1
18,Indiana,180501,0,0,2,0,67,HOWARD (67),2430,KOKOMO,8,Agosto,2,2022,17,37,US-35,2,US Highway,Rural,Arteria Principal,State Highway Agency,1,Sin jurisdiccion especial,99998,40.47671667,-86.10797222,Vehiculo en movimiento,Frente a Detrás,Four-Way Intersection,Interseccion de 4 direcciones,Sobre calle,Ninguna,Dia total,Despejado,No,NO APLICA,99,99,99,99,1,02/08/2022,2
18,Indiana,180502,0,0,2,0,39,ELKHART (39),0,NO APLICA,8,Agosto,3,2022,12,32,SR-19,3,Highway estatal,Rural,Arteria Principal,State Highway Agency,0,Sin jurisdiccion especial,99998,41.50629722,-86.00203056,Vehiculo en movimiento,Frente a frente,Not an Intersection,No fue interseccion,Sobre calle,Ninguna,Dia total,Nublado,No,NO APLICA,99,99,99,99,4,03/08/2022,4
18,Indiana,180503,0,0,1,0,17,CASS (17),2730,LOGANSPORT,7,Julio,21,2022,16,40,SR-25,3,Highway estatal,Rural,Arteria Principal,State Highway Agency,1,Sin jurisdiccion especial,99998,40.72268611,-86.42120833,Zanja,El primer evento no fue una colision con un vehiculo automotor en transporte,Not an Intersection,No fue interseccion,Sobre el lado de la calle,Ninguna,Dia total,Despejado,No,NO APLICA,99,99,99,99,1,21/07/2022,1
18,Indiana,180504,0,0,3,0,55,GREENE (55),4800,SWITZ CITY,7,Julio,30,2022,11,50,SR-67,3,Highway estatal,Rural,Arteria Menor,State Highway Agency,0,Sin jurisdiccion especial,99998,39.04258333,-87.04566111,Vehiculo en movimiento,Golpe Lateral - misma direccion,Not an Intersection,No fue interseccion,Sobre calle,Ninguna,Dia total,Despejado,No,NO APLICA,99,99,99,99,1,30/07/2022,3
18,Indiana,180505,0,0,1,0,91,LA PORTE (91),2990,MICHIGAN CITY,7,Julio,30,2022,18,35,US-12,2,US Highway,Urbano,Arteria Principal,State Highway Agency,0,Sin jurisdiccion especial,99998,41.70669722,-86.92379167,Volcadura,El primer evento no fue una colision con un vehiculo automotor en transporte,Not an Intersection,No fue interseccion,Sobre calle,Ninguna,Dia total,Despejado,No,NO APLICA,99,99,99,99,1,30/07/2022,1
18,Indiana,180506,0,0,1,0,97,MARION (97),2210,INDIANAPOLIS,8,Agosto,4,2022,7,39,PENDLETON PIKE,6,Calle Local Municipalidad,Urbano,Arteria Menor,City or Municipal Highway Agency,0,Sin jurisdiccion especial,99998,39.88309167,-85.94535556,Arbol,El primer evento no fue una colision con un vehiculo automotor en transporte,Not an Intersection,No fue interseccion,Sobre el lado de la calle,Ninguna,Dia total,Nublado,No,NO APLICA,99,99,99,99,1,04/08/2022,1
18,Indiana,180507,0,0,1,0,101,MARTIN (101),4520,SHOALS,6,Junio,7,2022,14,50,CR-POWELL VALLEY RD,4,Calle del Condado,Rural,Arteria Principal,County Highway Agency,1,Sin jurisdiccion especial,99998,38.666225,-86.78733333,Volcadura,El primer evento no fue una colision con un vehiculo automotor en transporte,Not an Intersection,No fue interseccion,Sobre el lado de la calle,Ninguna,Dia total,Despejado,No,NO APLICA,99,99,99,99,1,07/06/2022,1
18,Indiana,180508,0,0,2,0,97,MARION (97),2210,INDIANAPOLIS,7,Julio,22,2022,12,43,HARDING ST,6,Calle Local Municipalidad,Urbano,Arteria Principal,State Highway Agency,1,Sin jurisdiccion especial,99998,39.69506111,-86.18645556,Vehiculo en movimiento,Golpe Lateral - misma direccion,Four-Way Intersection,Interseccion de 4 direcciones,Sobre calle,Ninguna,Dia total,Despejado,No,NO APLICA,99,99,99,99,1,22/07/2022,2
18,Indiana,180509,0,0,2,0,81,JOHNSON (81),1950,GREENWOOD,8,Agosto,3,2022,16,19,GRAHAM,6,Calle Local Municipalidad,Urbano,Colector Mayor,City or Municipal Highway Agency,0,Sin jurisdiccion especial,99998,39.62925833,-86.06369722,Vehiculo en movimiento,Angulo,T-Intersection,Interseccion de T,Sobre calle,Ninguna,Dia total,Despejado,No,NO APLICA,99,99,99,99,1,03/08/2022,5
18,Indiana,180510,0,0,1,0,97,MARION (97),2210,INDIANAPOLIS,8,Agosto,5,2022,5,40,HIGH SCHOOL RD,6,Calle Local Municipalidad,Urbano,Colector Mayor,City or Municipal Highway Agency,0,Sin jurisdiccion especial,99998,39.73952778,-86.26981111,Arbol,El primer evento no fue una colision con un vehiculo automotor en transporte,Not an Intersection,No fue interseccion,Sobre el lado de la calle,Ninguna,Oscuro con iluminacion,Nublado,No,NO APLICA,99,99,99,99,1,05/08/2022,2
18,Indiana,180511,0,0,1,0,99,MARSHALL (99),0,NO APLICA,7,Julio,12,2022,20,30,CR- W 5TH RD,4,Calle del Condado,Rural,Local,County Highway Agency,0,Sin jurisdiccion especial,99998,41.404175,-86.44534167,Acotamiento,El primer evento no fue una colision con un vehiculo automotor en transporte,Not an Intersection,No fue interseccion,Sobre el lado de la calle,Ninguna,Dia total,Despejado,No,NO APLICA,99,98,99,98,2,12/07/2022,2
18,Indiana,180512,1,1,1,0,89,LAKE (89),2972,MERRILLVILLE,8,Agosto,6,2022,23,43,SR-53,3,Highway estatal,Urbano,Arteria Principal,State Highway Agency,0,Sin jurisdiccion especial,99998,41.51493889,-87.33611389,Peaton,El primer evento no fue una colision con un vehiculo automotor en transporte,Not an Intersection,No fue interseccion,Sobre calle,Ninguna,Oscuro con iluminacion,Despejado,No,NO APLICA,99,99,99,99,1,06/08/2022,4
18,Indiana,180513,0,0,1,0,3,ALLEN (3),1580,FORT WAYNE,8,Agosto,2,2022,22,22,COLISEUM BLVD N,6,Calle Local Municipalidad,Urbano,Arteria Principal,City or Municipal Highway Agency,0,Sin jurisdiccion especial,99998,41.08583333,-85.0875,Acotamiento,El primer evento no fue una colision con un vehiculo automotor en transporte,Not an Intersection,No fue interseccion,Sobre el lado de la calle,Ninguna,Oscuro con iluminacion,Despejado,No,NO APLICA,99,99,99,99,1,02/08/2022,1
18,Indiana,180515,1,1,1,0,173,WARRICK (173),0,NO APLICA,8,Agosto,8,2022,4,1,SR-66,3,Highway estatal,Rural,Arteria Principal,State Highway Agency,1,Sin jurisdiccion especial,99998,37.96856111,-87.37948056,Peaton,El primer evento no fue una colision con un vehiculo automotor en transporte,Not an Intersection,No fue interseccion,Sobre calle,Ninguna,Oscuro con iluminacion,Despejado,No,NO APLICA,99,99,99,99,1,08/08/2022,1
18,Indiana,180516,0,0,2,0,151,STEUBEN (151),0,NO APLICA,8,Agosto,5,2022,15,40,SR-120,3,Highway estatal,Rural,Colector Mayor,State Highway Agency,0,Sin jurisdiccion especial,99998,41.73438611,-85.15408333,Vehiculo en movimiento,Frente a frente,Not an Intersection,No fue interseccion,Sobre calle,Ninguna,Dia total,Despejado,No,NO APLICA,99,99,99,99,2,05/08/2022,5
18,Indiana,180517,0,0,2,0,143,SCOTT (143),9999,Unknown,7,Julio,15,2022,20,15,SR-3,3,Highway estatal,Rural,Colector Mayor,State Highway Agency,0,Sin jurisdiccion especial,99998,38.72677778,-85.65533056,Vehiculo en movimiento,Frente a frente,Not an Intersection,No fue interseccion,Sobre calle,Ninguna,Atardecer,Despejado,No,NO APLICA,99,99,99,99,1,15/07/2022,4
18,Indiana,180518,0,0,1,0,143,SCOTT (143),240,AUSTIN,7,Julio,28,2022,19,15,I-65,1,Interestatal,Urbano,Interestatal,State Highway Agency,1,Sin jurisdiccion especial,335,99.9999,999.9999,Barrera de Cable,El primer evento no fue una colision con un vehiculo automotor en transporte,Not an Intersection,No fue interseccion,En el medio,Ninguna,Atardecer,Despejado,No,NO APLICA,99,99,99,99,1,28/07/2022,1
18,Indiana,180519,0,0,2,0,137,RIPLEY (137),280,BATESVILLE,7,Julio,28,2022,7,51,SR-46,3,Highway estatal,Urbano,Arteria Principal,State Highway Agency,0,Sin jurisdiccion especial,99998,39.30610833,-85.21805278,Vehiculo en movimiento,Angulo,Four-Way Intersection,Interseccion de 4 direcciones,Sobre calle,Ninguna,Dia total,Despejado,No,NO APLICA,99,99,99,99,1,28/07/2022,2
18,Indiana,180520,0,0,4,0,97,MARION (97),2210,INDIANAPOLIS,7,Julio,29,2022,16,20,I-465,1,Interestatal,Urbano,Interestatal,State Highway Agency,1,Sin jurisdiccion especial,99998,39.80885556,-86.03105556,Vehiculo en movimiento,Frente a Detrás,Not an Intersection,No fue interseccion,Sobre calle,Ninguna,Dia total,Despejado,No,NO APLICA,99,99,99,99,1,29/07/2022,6
18,Indiana,180521,0,0,2,0,137,RIPLEY (137),0,NO APLICA,7,Julio,30,2022,16,0,SR-129,3,Highway estatal,Rural,Colector Mayor,State Highway Agency,0,Sin jurisdiccion especial,99998,39.05007778,-85.24179444,Vehiculo en movimiento,Frente a frente,Not an Intersection,No fue interseccion,Sobre calle,Ninguna,Dia total,Despejado,No,NO APLICA,99,99,99,99,1,30/07/2022,3
18,Indiana,180522,0,0,2,0,77,JEFFERSON (77),2020,HANOVER,8,Agosto,3,2022,9,0,SR-62,3,Highway estatal,Rural,Arteria Principal,State Highway Agency,0,Sin jurisdiccion especial,99998,38.72531111,-85.46671389,Vehiculo en movimiento,Angulo,Not an Intersection,No fue interseccion,Sobre calle,Construccion,Dia total,Despejado,No,NO APLICA,99,99,99,99,1,03/08/2022,2
18,Indiana,180523,0,0,2,0,89,LAKE (89),2515,LAKE STATION,8,Agosto,8,2022,4,45,I-80,1,Interestatal,Urbano,Interestatal,State Highway Agency,1,Sin jurisdiccion especial,99998,41.584225,-87.23497778,Vehiculo en movimiento,Frente a Detrás,Not an Intersection,No fue interseccion,Sobre calle,Ninguna,Oscuro con iluminacion,Despejado,No,NO APLICA,99,99,99,99,1,08/08/2022,3
18,Indiana,180524,1,1,1,0,157,TIPPECANOE (157),5200,WEST LAFAYETTE,8,Agosto,9,2022,20,46,KALBERER RD,6,Calle Local Municipalidad,Urbano,Arteria Menor,City or Municipal Highway Agency,0,Sin jurisdiccion especial,99998,40.46783056,-86.93365833,Peaton,El primer evento no fue una colision con un vehiculo automotor en transporte,Not an Intersection,No fue interseccion,Sobre calle,Ninguna,Dia total,Nublado,No,NO APLICA,99,99,99,99,1,09/08/2022,1
18,Indiana,180525,0,0,1,0,167,VIGO (167),4840,TERRE HAUTE,8,Agosto,10,2022,12,47,WOODSMALL DR,5,Calle Local - Pueblo,Rural,Local,City or Municipal Highway Agency,0,Sin jurisdiccion especial,99998,39.37596389,-87.37533889,Soporte de Puente,El primer evento no fue una colision con un vehiculo automotor en transporte,Not an Intersection,No fue interseccion,Sobre el lado de la calle,Ninguna,Dia total,Nublado,No,NO APLICA,99,99,99,99,1,10/08/2022,1
18,Indiana,180526,0,0,2,0,11,BOONE (11),2630,LEBANON,8,Agosto,10,2022,18,20,SR-32,3,Highway estatal,Rural,Arteria Menor,State Highway Agency,0,Sin jurisdiccion especial,99998,40.04694167,-86.51940833,Vehiculo en movimiento,Frente a frente,Not an Intersection,No fue interseccion,Sobre calle,Ninguna,Dia total,Despejado,No,NO APLICA,99,99,99,99,1,10/08/2022,2
18,Indiana,180527,0,0,1,0,139,RUSH (139),720,CARTHAGE,8,Agosto,11,2022,20,38,2ND ST,5,Calle Local - Pueblo,Rural,Local,City or Municipal Highway Agency,0,Sin jurisdiccion especial,99998,39.73828056,-85.56495278,Arbol,El primer evento no fue una colision con un vehiculo automotor en transporte,Not an Intersection,No fue interseccion,Sobre el lado de la calle,Ninguna,Atardecer,Despejado,No,NO APLICA,99,99,99,99,1,11/08/2022,1
18,Indiana,180528,0,0,2,0,7,BENTON (7),1600,FOWLER,8,Agosto,11,2022,15,2,4TH ST,6,Calle Local Municipalidad,Urbano,Local,City or Municipal Highway Agency,0,Sin jurisdiccion especial,99998,40.61862778,-87.32847778,Vehiculo en movimiento,Angulo,Four-Way Intersection,Interseccion de 4 direcciones,Sobre calle,Ninguna,Dia total,Despejado,No,NO APLICA,99,99,99,99,1,11/08/2022,2
18,Indiana,180529,0,0,2,1,97,MARION (97),2210,INDIANAPOLIS,8,Agosto,8,2022,10,55,21ST,6,Calle Local Municipalidad,Urbano,Arteria Menor,City or Municipal Highway Agency,0,Sin jurisdiccion especial,99998,39.79611111,-86.09704167,Banqueta,El primer evento no fue una colision con un vehiculo automotor en transporte,Not an Intersection,No fue interseccion,Sobre el lado de la calle,Ninguna,Dia total,Nublado,No,NO APLICA,99,99,99,99,1,08/08/2022,4
18,Indiana,180530,0,0,2,0,163,VANDERBURGH (163),0,NO APLICA,7,Julio,29,2022,18,26,OLD STATE RD,5,Calle Local - Pueblo,Rural,Colector Mayor,City or Municipal Highway Agency,0,Sin jurisdiccion especial,99998,38.08658056,-87.55674167,Vehiculo en movimiento,Angulo,Four-Way Intersection,Interseccion de 4 direcciones,Sobre calle,Ninguna,Dia total,Despejado,No,NO APLICA,99,99,99,99,1,29/07/2022,6
18,Indiana,180531,0,0,2,0,21,CLAY (21),460,BRAZIL,7,Julio,29,2022,15,14,SR-59,3,Highway estatal,Urbano,Arteria Menor,State Highway Agency,0,Sin jurisdiccion especial,99998,39.53645,-87.12502222,Vehiculo en movimiento,Angulo,T-Intersection,Interseccion de T,Sobre calle,Ninguna,Dia total,Despejado,No,NO APLICA,99,99,99,99,1,29/07/2022,3
18,Indiana,180532,0,0,1,0,125,PIKE (125),0,NO APLICA,7,Julio,26,2022,7,10,SR-61,3,Highway estatal,Rural,Colector Mayor,State Highway Agency,0,Sin jurisdiccion especial,99998,38.353175,-87.23806111,Acotamiento,El primer evento no fue una colision con un vehiculo automotor en transporte,Not an Intersection,No fue interseccion,Sobre el lado de la calle,Ninguna,Dia total,lluvia,No,NO APLICA,99,99,99,99,1,26/07/2022,1
18,Indiana,180533,0,0,1,0,89,LAKE (89),1730,GARY,7,Julio,25,2022,20,25,US-12,2,US Highway,Urbano,Arteria Principal,State Highway Agency,0,Sin jurisdiccion especial,99998,41.60378611,-87.346,Volcadura,El primer evento no fue una colision con un vehiculo automotor en transporte,Not an Intersection,No fue interseccion,Sobre calle,Ninguna,Oscuro con iluminacion,Despejado,No,NO APLICA,99,99,99,99,1,25/07/2022,1
18,Indiana,180534,0,1,2,1,19,CLARK (19),2270,JEFFERSONVILLE,8,Agosto,5,2022,12,15,10TH ST,6,Calle Local Municipalidad,Urbano,Arteria Principal,City or Municipal Highway Agency,0,Sin jurisdiccion especial,99998,38.28264722,-85.73919444,Poste,El primer evento no fue una colision con un vehiculo automotor en transporte,Not an Intersection,No fue interseccion,Sobre el lado de la calle,Ninguna,Dia total,lluvia,No,NO APLICA,99,99,99,99,1,05/08/2022,1
18,Indiana,180535,0,0,1,0,97,MARION (97),2210,INDIANAPOLIS,7,Julio,30,2022,1,26,I-465 RAMP 040,1,Interestatal,Urbano,Interestatal,State Highway Agency,1,Sin jurisdiccion especial,99998,39.85429167,-86.04823889,Valla Ferrocarril,El primer evento no fue una colision con un vehiculo automotor en transporte,Not an Intersection,No fue interseccion,Sobre el lado de la calle,Ninguna,Oscuro con iluminacion,Despejado,No,NO APLICA,99,99,99,99,1,30/07/2022,1
18,Indiana,180536,0,0,3,0,113,NOBLE (113),0,NO APLICA,7,Julio,29,2022,17,1,US-33,2,US Highway,Rural,Arteria Principal,State Highway Agency,1,Sin jurisdiccion especial,99998,41.38121111,-85.53996667,Vehiculo en movimiento,Angulo,Four-Way Intersection,Interseccion de 4 direcciones,Sobre calle,Ninguna,Dia total,Despejado,No,NO APLICA,99,99,99,99,1,29/07/2022,3
18,Indiana,180537,0,0,2,0,89,LAKE (89),0,NO APLICA,8,Agosto,5,2022,21,37,I-90,1,Interestatal,Rural,Interestatal,State Toll Road,1,Sin jurisdiccion especial,99998,41.64584444,-87.50974722,Vehiculo en movimiento,Frente a frente,Not an Intersection,No fue interseccion,Sobre calle,Ninguna,Oscuro sin iluminacion,Despejado,No,NO APLICA,99,99,99,99,1,05/08/2022,2
18,Indiana,180538,0,0,2,0,181,WHITE (181),0,NO APLICA,8,Agosto,1,2022,9,30,CR-100E,4,Calle del Condado,Rural,Local,City or Municipal Highway Agency,0,Sin jurisdiccion especial,99998,40.56908333,-86.84958056,Vehiculo en movimiento,Angulo,Four-Way Intersection,Interseccion de 4 direcciones,Sobre calle,Ninguna,Dia total,Despejado,No,NO APLICA,99,99,99,99,1,01/08/2022,3
18,Indiana,180539,0,0,2,0,61,HARRISON (61),0,NO APLICA,8,Agosto,5,2022,5,13,SR-64,3,Highway estatal,Rural,Colector Mayor,State Highway Agency,0,Sin jurisdiccion especial,99998,38.29775278,-86.01695278,Vehiculo en movimiento,Angulo,Not an Intersection,No fue interseccion,Sobre calle,Ninguna,Oscuro sin iluminacion,lluvia,No,NO APLICA,99,99,99,99,1,05/08/2022,2
18,Indiana,180540,0,0,1,0,135,RANDOLPH (135),0,NO APLICA,8,Agosto,13,2022,3,2,CR-UNION CITY PIKE,4,Calle del Condado,Rural,Colector Mayor,City or Municipal Highway Agency,0,Sin jurisdiccion especial,99998,40.18895556,-84.94726944,Arbol,El primer evento no fue una colision con un vehiculo automotor en transporte,Not an Intersection,No fue interseccion,Sobre el lado de la calle,Ninguna,Oscuro sin iluminacion,Despejado,No,NO APLICA,99,99,99,99,1,13/08/2022,1
18,Indiana,180541,0,0,2,0,97,MARION (97),2210,INDIANAPOLIS,8,Agosto,11,2022,16,5,10TH,6,Calle Local Municipalidad,Urbano,Arteria Menor,City or Municipal Highway Agency,0,Sin jurisdiccion especial,99998,39.77959444,-86.27101389,Vehiculo en movimiento,Angulo,Four-Way Intersection,Interseccion de 4 direcciones,Sobre calle,Ninguna,Dia total,Despejado,No,NO APLICA,99,99,99,99,1,11/08/2022,2
18,Indiana,180542,0,0,1,0,63,HENDRICKS (63),0,NO APLICA,8,Agosto,9,2022,23,24,CR-950N,4,Calle del Condado,Rural,Local,County Highway Agency,0,Sin jurisdiccion especial,99998,39.90233056,-86.33975,Arbol,El primer evento no fue una colision con un vehiculo automotor en transporte,Not an Intersection,No fue interseccion,Sobre el lado de la calle,Ninguna,Oscuro sin iluminacion,Despejado,No,NO APLICA,99,99,99,99,1,09/08/2022,1
18,Indiana,180543,0,0,1,0,97,MARION (97),2210,INDIANAPOLIS,7,Julio,23,2022,1,3,ASHURST ST,6,Calle Local Municipalidad,Urbano,Local,City or Municipal Highway Agency,0,Sin jurisdiccion especial,99998,39.87534167,-86.06863056,Alguien se cayo/avento del vehiculo,El primer evento no fue una colision con un vehiculo automotor en transporte,T-Intersection,Interseccion de T,Sobre calle,Ninguna,Oscuro con iluminacion,Despejado,No,NO APLICA,99,99,99,99,1,23/07/2022,2
18,Indiana,180544,1,1,1,0,97,MARION (97),2210,INDIANAPOLIS,7,Julio,24,2022,0,33,E 56THST,6,Calle Local Municipalidad,Urbano,Arteria Principal,City or Municipal Highway Agency,0,Sin jurisdiccion especial,99998,39.855025,-86.060125,Peaton,El primer evento no fue una colision con un vehiculo automotor en transporte,Not an Intersection,No fue interseccion,Sobre calle,Ninguna,Oscuro sin iluminacion,Despejado,No,NO APLICA,99,98,99,98,1,24/07/2022,1
18,Indiana,180545,1,1,1,0,97,MARION (97),2210,INDIANAPOLIS,7,Julio,29,2022,20,22,MICHIGAN ST,6,Calle Local Municipalidad,Urbano,Arteria Menor,City or Municipal Highway Agency,0,Sin jurisdiccion especial,99998,39.77447222,-86.21079444,Ciclista,El primer evento no fue una colision con un vehiculo automotor en transporte,Not an Intersection,No fue interseccion,Sobre calle,Ninguna,Atardecer,Despejado,No,NO APLICA,99,99,99,99,1,29/07/2022,1
18,Indiana,180546,1,1,1,0,107,MONTGOMERY (107),0,NO APLICA,8,Agosto,1,2022,1,0,I-74,1,Interestatal,Rural,Interestatal,State Highway Agency,1,Sin jurisdiccion especial,99998,40.05820278,-86.82763333,Peaton,El primer evento no fue una colision con un vehiculo automotor en transporte,Not an Intersection,No fue interseccion,Sobre calle,Ninguna,Oscuro sin iluminacion,Despejado,No,NO APLICA,99,99,99,99,1,01/08/2022,1
18,Indiana,180547,0,0,4,0,67,HOWARD (67),0,NO APLICA,8,Agosto,7,2022,15,17,US- 31,2,US Highway,Rural,Arteria Principal,State Highway Agency,1,Sin jurisdiccion especial,99998,40.54012222,-86.12699444,Vehiculo en movimiento,Angulo,Not an Intersection,No fue interseccion,Sobre calle,Ninguna,Dia total,Nublado,No,NO APLICA,99,99,99,99,1,07/08/2022,7
18,Indiana,180548,0,0,2,0,73,JASPER (73),0,NO APLICA,8,Agosto,7,2022,15,22,SR-49,3,Highway estatal,Rural,Colector Mayor,State Highway Agency,0,Sin jurisdiccion especial,99998,41.07103611,-87.04613056,Vehiculo en movimiento,Angulo,Four-Way Intersection,Interseccion de 4 direcciones,Sobre calle,Ninguna,Dia total,Nublado,No,NO APLICA,99,99,99,99,1,07/08/2022,2
18,Indiana,180549,0,0,2,0,167,VIGO (167),0,NO APLICA,8,Agosto,7,2022,6,45,SR-63,3,Highway estatal,Rural,Local,State Highway Agency,0,Sin jurisdiccion especial,99998,39.56293611,-87.43735278,Vehiculo en movimiento,Angulo,Four-Way Intersection,Interseccion de 4 direcciones,Sobre calle,Ninguna,Amanecer,Despejado,No,NO APLICA,99,99,99,99,2,07/08/2022,4
18,Indiana,180550,1,1,1,0,63,HENDRICKS (63),0,NO APLICA,8,Agosto,6,2022,21,31,US-36,2,US Highway,Rural,Arteria Principal,State Highway Agency,1,Sin jurisdiccion especial,99998,39.76042222,-86.58162222,Peaton,El primer evento no fue una colision con un vehiculo automotor en transporte,Not an Intersection,No fue interseccion,Sobre calle,Ninguna,Oscuro sin iluminacion,Despejado,No,NO APLICA,99,99,99,99,1,06/08/2022,2
18,Indiana,180551,0,0,1,0,147,SPENCER (147),0,NO APLICA,7,Julio,23,2022,0,54,CR-75,4,Calle del Condado,Rural,Colector Mayor,County Highway Agency,0,Sin jurisdiccion especial,99998,37.89931389,-87.224225,Volcadura,El primer evento no fue una colision con un vehiculo automotor en transporte,Not an Intersection,No fue interseccion,Sobre el lado de la calle,Ninguna,Oscuro sin iluminacion,Despejado,No,NO APLICA,99,99,99,99,1,23/07/2022,2
18,Indiana,180552,0,0,2,0,105,MONROE (105),380,BLOOMINGTON,8,Agosto,6,2022,19,7,SR-46,3,Highway estatal,Urbano,Arteria Principal,State Highway Agency,1,Sin jurisdiccion especial,99998,39.18715278,-86.55802778,Vehiculo en movimiento,Angulo,T-Intersection,Interseccion de T,Sobre calle,Ninguna,Dia total,Despejado,No,NO APLICA,99,99,99,99,1,06/08/2022,3
18,Indiana,180553,1,1,1,0,97,MARION (97),2210,INDIANAPOLIS,8,Agosto,7,2022,23,40,MANN RD,6,Calle Local Municipalidad,Urbano,Arteria Menor,City or Municipal Highway Agency,0,Sin jurisdiccion especial,99998,39.71176111,-86.23879722,Peaton,El primer evento no fue una colision con un vehiculo automotor en transporte,Four-Way Intersection,Interseccion de 4 direcciones,Sobre calle,Construccion,Oscuro con iluminacion,Nublado,No,NO APLICA,99,99,99,99,1,07/08/2022,1
18,Indiana,180554,0,0,2,0,61,HARRISON (61),1030,CORYDON,7,Julio,3,2022,20,51,SR-135,3,Highway estatal,Urbano,Arteria Menor,State Highway Agency,0,Sin jurisdiccion especial,99998,38.25198611,-86.12475833,Vehiculo en movimiento,Angulo,T-Intersection,Interseccion de T,Sobre calle,Ninguna,Dia total,Despejado,No,NO APLICA,99,99,99,99,1,03/07/2022,3
18,Indiana,180555,0,0,2,0,39,ELKHART (39),3380,NAPPANEE,8,Agosto,15,2022,9,20,US-6,2,US Highway,Rural,Arteria Principal,State Highway Agency,1,Sin jurisdiccion especial,99998,41.44274722,-85.97142222,Vehiculo en movimiento,Golpe Lateral - direccion contraria,Not an Intersection,No fue interseccion,Sobre calle,Ninguna,Dia total,Despejado,No,NO APLICA,99,99,99,99,1,15/08/2022,7
18,Indiana,180556,0,0,2,0,39,ELKHART (39),0,NO APLICA,8,Agosto,16,2022,17,0,US-20,2,US Highway,Rural,Arteria Principal,State Highway Agency,1,Sin jurisdiccion especial,99998,41.66786389,-85.75524444,Vehiculo en movimiento,Frente a frente,Not an Intersection,No fue interseccion,Sobre calle,Ninguna,Dia total,Despejado,No,NO APLICA,99,99,99,99,1,16/08/2022,2
18,Indiana,180557,0,0,2,0,79,JENNINGS (79),3670,NORTH VERNON,8,Agosto,12,2022,18,56,SR-3,3,Highway estatal,Urbano,Arteria Principal,State Highway Agency,0,Sin jurisdiccion especial,99998,39.03326667,-85.64019444,Vehiculo en movimiento,Detrás a Lado. ,Four-Way Intersection,Interseccion de 4 direcciones,Sobre calle,Ninguna,Dia total,Despejado,No,NO APLICA,99,99,99,99,1,12/08/2022,2