Estado,Nombre de Estado,Numero de Caso,Peatones,Personas _no_vehiculos,Vehiculos automotores,Vehiculos estacionados,Condado,Nombre Condado,Ciudad,Nombre Ciudad,Mes,Nombre Mes,Dia,Año,Hora,Minuto,Calle,Ruta,Nombre Ruta,Rural o Urbanoo,Sistema Funcional,Dueño Calle,Sistema Nacional Carreteras,Jurisdiccion Especial,Milla,Latitud,Longitud,Causa del Accidente,Tipo de Accidente,Tipo Interseccion,Columna1,Lugar en la calle,Zona de Trabajo,Luz,Clima,Autobus Escolar,Cruce de Trenes,Hora Notificacion,Minuto Notificacion,Hora Llegada,Minuto Llegada,Decesos,Fecha,PersonaVehiculo
18,Indiana,180558,0,0,1,0,127,PORTER (127),0,NO APLICA,8,Agosto,14,2022,4,22,I-94-W,1,Interestatal,Rural,Interestatal,State Highway Agency,1,Sin jurisdiccion especial,99998,41.60216111,-87.176675,Volcadura,El primer evento no fue una colision con un vehiculo automotor en transporte,Not an Intersection,No fue interseccion,Sobre el lado de la calle,Ninguna,Oscuro sin iluminacion,Despejado,No,NO APLICA,99,99,99,99,1,14/08/2022,1
18,Indiana,180559,0,0,2,0,89,LAKE (89),9997,Other,8,Agosto,18,2022,16,15,US-41,2,US Highway,Urbano,Arteria Principal,State Highway Agency,1,Sin jurisdiccion especial,99998,41.65520833,-87.508575,Vehiculo en movimiento,Frente a frente,Four-Way Intersection,Interseccion de 4 direcciones,Sobre calle,Ninguna,Dia total,Despejado,No,NO APLICA,99,99,99,99,2,18/08/2022,3
18,Indiana,180560,0,0,1,0,119,OWEN (119),0,NO APLICA,8,Agosto,19,2022,19,24,SR-67,3,Highway estatal,Rural,Arteria Menor,State Highway Agency,0,Sin jurisdiccion especial,99998,39.35498056,-86.70904444,Arbol,El primer evento no fue una colision con un vehiculo automotor en transporte,Not an Intersection,No fue interseccion,Sobre el lado de la calle,Ninguna,Dia total,Despejado,No,NO APLICA,99,99,99,99,1,19/08/2022,1
18,Indiana,180561,0,0,1,0,75,JAY (75),0,NO APLICA,8,Agosto,20,2022,21,22,US-27,2,US Highway,Rural,Arteria Principal,State Highway Agency,1,Sin jurisdiccion especial,99998,40.47586944,-84.97939167,Volcadura,El primer evento no fue una colision con un vehiculo automotor en transporte,Not an Intersection,No fue interseccion,Sobre el lado de la calle,Ninguna,Oscuro sin iluminacion,Despejado,No,NO APLICA,99,99,99,99,1,20/08/2022,1
18,Indiana,180562,1,1,1,0,97,MARION (97),2210,INDIANAPOLIS,8,Agosto,20,2022,17,56,EAST ST,6,Calle Local Municipalidad,Urbano,Arteria Principal,City or Municipal Highway Agency,0,Sin jurisdiccion especial,99998,39.70324444,-86.14894167,Peaton,El primer evento no fue una colision con un vehiculo automotor en transporte,Not an Intersection,No fue interseccion,Sobre calle,Ninguna,Dia total,Despejado,No,NO APLICA,99,99,99,99,1,20/08/2022,1
18,Indiana,180563,0,0,1,0,167,VIGO (167),0,NO APLICA,8,Agosto,19,2022,15,14,cr-RIO GRANDE AVE,4,Calle del Condado,Rural,Colector Mayor,County Highway Agency,0,Sin jurisdiccion especial,99998,39.56490278,-87.30644167,Zanja,El primer evento no fue una colision con un vehiculo automotor en transporte,Not an Intersection,No fue interseccion,Sobre el lado de la calle,Ninguna,Dia total,Despejado,No,NO APLICA,99,99,99,99,1,19/08/2022,2
18,Indiana,180564,0,0,1,0,167,VIGO (167),0,NO APLICA,8,Agosto,21,2022,1,34,MAIN ST,5,Calle Local - Pueblo,Rural,Colector Mayor,City or Municipal Highway Agency,0,Sin jurisdiccion especial,99998,39.390375,-87.30240833,Arbol,El primer evento no fue una colision con un vehiculo automotor en transporte,Not an Intersection,No fue interseccion,Sobre el lado de la calle,Ninguna,Oscuro con iluminacion,lluvia,No,NO APLICA,99,99,99,99,3,21/08/2022,5
18,Indiana,180565,0,0,2,0,79,JENNINGS (79),3670,NORTH VERNON,8,Agosto,15,2022,16,41,SR-3,3,Highway estatal,Urbano,Arteria Menor,State Highway Agency,0,Sin jurisdiccion especial,99998,39.00168056,-85.62439167,Vehiculo en movimiento,Frente a frente,Not an Intersection,No fue interseccion,Sobre calle,Ninguna,Dia total,Despejado,No,NO APLICA,99,99,99,99,1,15/08/2022,2
18,Indiana,180566,1,1,1,0,97,MARION (97),2210,INDIANAPOLIS,8,Agosto,15,2022,3,54,38TH ST,6,Calle Local Municipalidad,Urbano,Arteria Principal,City or Municipal Highway Agency,0,Sin jurisdiccion especial,99998,39.82511389,-86.14726111,Peaton,El primer evento no fue una colision con un vehiculo automotor en transporte,Not an Intersection,No fue interseccion,Sobre calle,Ninguna,Oscuro con iluminacion,Despejado,No,NO APLICA,99,99,99,99,1,15/08/2022,1
18,Indiana,180568,1,1,1,0,97,MARION (97),2210,INDIANAPOLIS,8,Agosto,13,2022,22,49,33RD ST,6,Calle Local Municipalidad,Urbano,Arteria Principal,City or Municipal Highway Agency,0,Sin jurisdiccion especial,99998,39.81609444,-86.12160556,Ciclista,El primer evento no fue una colision con un vehiculo automotor en transporte,Not an Intersection,No fue interseccion,Sobre calle,Ninguna,Oscuro con iluminacion,Despejado,No,NO APLICA,99,99,99,99,1,13/08/2022,1
18,Indiana,180569,0,0,1,0,127,PORTER (127),4025,PORTAGE,8,Agosto,21,2022,2,26,HOUSTON AVE,6,Calle Local Municipalidad,Urbano,Arteria Menor,City or Municipal Highway Agency,0,Sin jurisdiccion especial,99998,41.58639167,-87.1827,Valla Ferrocarril,El primer evento no fue una colision con un vehiculo automotor en transporte,Not an Intersection,No fue interseccion,Sobre el lado de la calle,Ninguna,Oscuro con iluminacion,Despejado,No,NO APLICA,99,99,99,99,1,21/08/2022,1
18,Indiana,180570,0,0,2,0,157,TIPPECANOE (157),5200,WEST LAFAYETTE,8,Agosto,23,2022,17,24,US-231,2,US Highway,Urbano,Arteria Principal,State Highway Agency,1,Sin jurisdiccion especial,99998,40.46522222,-86.93680833,Vehiculo en movimiento,Detrás a Lado. ,Not an Intersection,No fue interseccion,Sobre calle,Ninguna,Dia total,Despejado,No,NO APLICA,99,99,99,99,1,23/08/2022,2
18,Indiana,180571,1,1,1,0,97,MARION (97),2210,INDIANAPOLIS,8,Agosto,14,2022,21,25,EMERSON AVE,6,Calle Local Municipalidad,Urbano,Arteria Principal,City or Municipal Highway Agency,0,Sin jurisdiccion especial,99998,39.74006389,-86.08266944,Ciclista,El primer evento no fue una colision con un vehiculo automotor en transporte,Not an Intersection,No fue interseccion,Sobre calle,Ninguna,Oscuro sin iluminacion,Despejado,No,NO APLICA,99,99,99,99,1,14/08/2022,1
18,Indiana,180572,0,0,1,0,97,MARION (97),2210,INDIANAPOLIS,8,Agosto,15,2022,14,50,MADISON,6,Calle Local Municipalidad,Urbano,Arterial Principal -Freeway o ExpressWay,City or Municipal Highway Agency,0,Sin jurisdiccion especial,99998,39.73939722,-86.15425833,Banqueta,El primer evento no fue una colision con un vehiculo automotor en transporte,Not an Intersection,No fue interseccion,Sobre el lado de la calle,Ninguna,Dia total,Despejado,No,NO APLICA,99,99,99,99,1,15/08/2022,1
18,Indiana,180573,0,0,1,0,89,LAKE (89),2010,HAMMOND,8,Agosto,25,2022,14,22,JACKSON AVE,6,Calle Local Municipalidad,Urbano,Local,City or Municipal Highway Agency,0,Sin jurisdiccion especial,99998,41.57738056,-87.51407222,Banqueta,El primer evento no fue una colision con un vehiculo automotor en transporte,Not an Intersection,No fue interseccion,Sobre el lado de la calle,Ninguna,Dia total,Despejado,No,NO APLICA,99,99,99,99,1,25/08/2022,2
18,Indiana,180574,0,0,2,0,65,HENRY (65),0,NO APLICA,8,Agosto,24,2022,21,47,CR-PRAIRIE RD,4,Calle del Condado,Rural,Local,County Highway Agency,0,Sin jurisdiccion especial,99998,40.02634444,-85.38612778,Vehiculo en movimiento,Angulo,Four-Way Intersection,Interseccion de 4 direcciones,Sobre calle,Ninguna,Oscuro sin iluminacion,Despejado,No,NO APLICA,99,99,99,99,1,24/08/2022,2
18,Indiana,180575,0,0,2,0,1,ADAMS (1),1180,DECATUR,8,Agosto,25,2022,11,49,MONROE ST,6,Calle Local Municipalidad,Urbano,Colector Mayor,City or Municipal Highway Agency,0,Sin jurisdiccion especial,99998,40.82880556,-84.94054722,Vehiculo en movimiento,Angulo,Four-Way Intersection,Interseccion de 4 direcciones,Sobre calle,Ninguna,Dia total,Despejado,No,NO APLICA,99,99,99,99,1,25/08/2022,3
18,Indiana,180576,0,0,2,0,93,LAWRENCE (93),3110,MITCHELL,8,Agosto,23,2022,15,40,SR-37,3,Highway estatal,Urbano,Arteria Principal,State Highway Agency,1,Sin jurisdiccion especial,99998,38.73148889,-86.48975833,Vehiculo en movimiento,Frente a frente,Four-Way Intersection,Interseccion de 4 direcciones,Sobre calle,Ninguna,Dia total,Despejado,No,NO APLICA,99,99,99,99,1,23/08/2022,2
18,Indiana,180577,1,1,1,0,59,HANCOCK (59),2917,MCCORDSVILLE,8,Agosto,24,2022,21,11,CR-800,4,Calle del Condado,Urbano,Arteria Menor,County Highway Agency,0,Sin jurisdiccion especial,99998,39.89886944,-85.92175278,Ciclista,El primer evento no fue una colision con un vehiculo automotor en transporte,Not an Intersection,No fue interseccion,Sobre calle,Ninguna,Oscuro sin iluminacion,Despejado,No,NO APLICA,99,99,99,99,1,24/08/2022,1
18,Indiana,180578,0,0,1,0,15,CARROLL (15),0,NO APLICA,8,Agosto,28,2022,0,24,SR-25,3,Highway estatal,Rural,Arteria Principal,State Highway Agency,1,Sin jurisdiccion especial,99998,40.57213056,-86.64894444,Fin de valla,El primer evento no fue una colision con un vehiculo automotor en transporte,Not an Intersection,No fue interseccion,Sobre el lado de la calle,Ninguna,Oscuro sin iluminacion,Despejado,No,NO APLICA,99,99,99,99,1,28/08/2022,1
18,Indiana,180579,0,0,1,0,39,ELKHART (39),1830,GOSHEN,8,Agosto,28,2022,3,10,SR-15,3,Highway estatal,Urbano,Arteria Menor,State Highway Agency,0,Sin jurisdiccion especial,99998,41.55385278,-85.82808889,Buzon de correo,El primer evento no fue una colision con un vehiculo automotor en transporte,Not an Intersection,No fue interseccion,Sobre el lado de la calle,Ninguna,Oscuro sin iluminacion,Despejado,No,NO APLICA,99,99,99,99,1,28/08/2022,1
18,Indiana,180580,0,0,2,0,63,HENDRICKS (63),0,NO APLICA,8,Agosto,24,2022,19,37,CR-800,4,Calle del Condado,Rural,Colector Mayor,County Highway Agency,0,Sin jurisdiccion especial,99998,39.88003333,-86.43971944,Vehiculo en movimiento,Angulo,T-Intersection,Interseccion de T,Sobre calle,Ninguna,Dia total,Despejado,No,NO APLICA,99,99,99,99,1,24/08/2022,4
18,Indiana,180581,0,0,2,0,3,ALLEN (3),0,NO APLICA,8,Agosto,11,2022,20,15,US-33,2,US Highway,Rural,Arteria Principal,State Highway Agency,1,Sin jurisdiccion especial,99998,41.14675556,-85.21544722,Volcadura,El primer evento no fue una colision con un vehiculo automotor en transporte,Four-Way Intersection,Interseccion de 4 direcciones,Sobre calle,Ninguna,Dia total,Despejado,No,NO APLICA,99,99,99,99,1,11/08/2022,2
18,Indiana,180582,0,0,2,0,61,HARRISON (61),788,CENTRAL BARREN,8,Agosto,19,2022,11,50,SR-135,3,Highway estatal,Rural,Arteria Menor,State Highway Agency,0,Sin jurisdiccion especial,99998,38.36438611,-86.09622222,Vehiculo en movimiento,Angulo,Y-Intersection,Interseccion de Y,Sobre calle,Ninguna,Dia total,Nublado,No,NO APLICA,99,99,99,99,1,19/08/2022,3
18,Indiana,180583,0,0,2,0,167,VIGO (167),0,NO APLICA,8,Agosto,27,2022,15,38,US-41,2,US Highway,Rural,Arteria Principal,State Highway Agency,1,Sin jurisdiccion especial,99998,39.40521389,-87.4072,Vehiculo en movimiento,Angulo,Four-Way Intersection,Interseccion de 4 direcciones,Sobre calle,Ninguna,Dia total,Despejado,No,NO APLICA,99,99,99,99,1,27/08/2022,3
18,Indiana,180584,0,0,1,0,97,MARION (97),4620,SPEEDWAY,8,Agosto,28,2022,8,38,LYNHURST,6,Calle Local Municipalidad,Urbano,Arteria Principal,City or Municipal Highway Agency,0,Sin jurisdiccion especial,99998,39.79167778,-86.25049444,Banqueta,El primer evento no fue una colision con un vehiculo automotor en transporte,Not an Intersection,No fue interseccion,Sobre el lado de la calle,Ninguna,Dia total,Despejado,No,NO APLICA,99,99,99,99,1,28/08/2022,1
18,Indiana,180585,0,0,1,0,3,ALLEN (3),1580,FORT WAYNE,8,Agosto,27,2022,5,52,LAKE AVE,6,Calle Local Municipalidad,Urbano,Arteria Menor,City or Municipal Highway Agency,0,Sin jurisdiccion especial,99998,41.08974167,-85.11108611,Arbol,El primer evento no fue una colision con un vehiculo automotor en transporte,Not an Intersection,No fue interseccion,Sobre el lado de la calle,Ninguna,Oscuro con iluminacion,Neblina o Humo,No,NO APLICA,99,99,99,99,1,27/08/2022,1
18,Indiana,180586,0,0,1,0,63,HENDRICKS (63),0,NO APLICA,8,Agosto,24,2022,14,38,I-74,1,Interestatal,Rural,Interestatal,State Highway Agency,1,Sin jurisdiccion especial,99998,39.86798889,-86.41831389,Barda,El primer evento no fue una colision con un vehiculo automotor en transporte,Not an Intersection,No fue interseccion,Sobre el lado de la calle,Ninguna,Dia total,Nublado,No,NO APLICA,99,99,99,99,1,24/08/2022,1
18,Indiana,180588,0,0,1,0,3,ALLEN (3),0,NO APLICA,8,Agosto,29,2022,21,35,RIVER RD,5,Calle Local - Pueblo,Rural,Local,City or Municipal Highway Agency,0,Sin jurisdiccion especial,99998,41.08093889,-85.05522222,Valla Ferrocarril,El primer evento no fue una colision con un vehiculo automotor en transporte,Not an Intersection,No fue interseccion,Sobre el lado de la calle,Ninguna,Oscuro sin iluminacion,Nublado,No,NO APLICA,99,99,99,99,1,29/08/2022,1
18,Indiana,180589,0,0,1,0,97,MARION (97),2210,INDIANAPOLIS,8,Agosto,25,2022,5,19,I-465,1,Interestatal,Urbano,Interestatal,State Highway Agency,1,Sin jurisdiccion especial,99998,39.75046667,-86.265,Volcadura,El primer evento no fue una colision con un vehiculo automotor en transporte,Not an Intersection,No fue interseccion,Sobre el lado de la calle,Ninguna,Oscuro con iluminacion,Despejado,No,NO APLICA,99,99,99,99,1,25/08/2022,3
18,Indiana,180590,0,0,2,0,59,HANCOCK (59),0,NO APLICA,8,Agosto,27,2022,23,59,I-70,1,Interestatal,Rural,Arteria Principal,State Highway Agency,1,Sin jurisdiccion especial,99998,39.81939444,-85.89424167,Vehiculo en movimiento,Frente a Detrás,Not an Intersection,No fue interseccion,Sobre calle,Construccion,Oscuro sin iluminacion,Despejado,No,NO APLICA,99,99,99,99,1,27/08/2022,2
18,Indiana,180591,0,0,2,1,91,LA PORTE (91),2990,MICHIGAN CITY,8,Agosto,27,2022,22,0,HOMER ST,6,Calle Local Municipalidad,Urbano,Local,City or Municipal Highway Agency,0,Sin jurisdiccion especial,99998,41.70751111,-86.88463889,Banqueta,El primer evento no fue una colision con un vehiculo automotor en transporte,T-Intersection,Interseccion de T,Sobre el lado de la calle,Ninguna,Oscuro con iluminacion,Despejado,No,NO APLICA,99,99,99,99,2,27/08/2022,2
18,Indiana,180592,0,0,2,0,37,DUBOIS (37),2260,JASPER,8,Agosto,26,2022,11,58,SR-162,3,Highway estatal,Rural,Colector Mayor,State Highway Agency,0,Sin jurisdiccion especial,99998,38.36293333,-86.91124444,Vehiculo en movimiento,Angulo,Four-Way Intersection,Interseccion de 4 direcciones,Sobre calle,Ninguna,Dia total,Despejado,No,NO APLICA,99,99,99,99,1,26/08/2022,2
18,Indiana,180593,0,0,2,0,17,CASS (17),0,NO APLICA,8,Agosto,28,2022,13,6,cr-MARKET ST,4,Calle del Condado,Rural,Arteria Menor,County Highway Agency,0,Sin jurisdiccion especial,99998,40.75913056,-86.27098333,Vehiculo en movimiento,Frente a frente,Not an Intersection,No fue interseccion,Sobre calle,Ninguna,Dia total,Despejado,No,NO APLICA,99,99,99,99,1,28/08/2022,3
18,Indiana,180594,0,0,1,0,97,MARION (97),0,NO APLICA,8,Agosto,27,2022,19,15,I-465,1,Interestatal,Urbano,Interestatal,State Highway Agency,1,Sin jurisdiccion especial,99998,39.70079444,-86.16711389,Alguien se cayo/avento del vehiculo,El primer evento no fue una colision con un vehiculo automotor en transporte,Not an Intersection,No fue interseccion,Sobre calle,Construccion,Dia total,Despejado,No,NO APLICA,99,99,99,99,1,27/08/2022,1
18,Indiana,180595,0,0,1,0,37,DUBOIS (37),0,NO APLICA,8,Agosto,25,2022,14,0,US-231,2,US Highway,Rural,Arteria Principal,State Highway Agency,1,Sin jurisdiccion especial,99998,38.461975,-86.92363056,Volcadura,El primer evento no fue una colision con un vehiculo automotor en transporte,Not an Intersection,No fue interseccion,Sobre el lado de la calle,Ninguna,Dia total,Despejado,No,NO APLICA,99,99,99,99,1,25/08/2022,1
18,Indiana,180596,1,1,1,0,141,ST JOSEPH (141),0,NO APLICA,8,Agosto,22,2022,19,47,SR-2,3,Highway estatal,Urbano,Arteria Principal,State Highway Agency,0,Sin jurisdiccion especial,99998,41.67188611,-86.33478611,Ciclista,El primer evento no fue una colision con un vehiculo automotor en transporte,Not an Intersection,No fue interseccion,Sobre calle,Ninguna,Atardecer,Despejado,No,NO APLICA,99,99,99,99,1,22/08/2022,1
18,Indiana,180597,0,0,1,0,175,WASHINGTON (175),0,NO APLICA,8,Agosto,27,2022,19,15,CR-BECKS MILL RD,4,Calle del Condado,Rural,Colector Mayor,County Highway Agency,0,Sin jurisdiccion especial,99998,38.47268611,-86.17607222,Volcadura,El primer evento no fue una colision con un vehiculo automotor en transporte,Not an Intersection,No fue interseccion,Sobre el lado de la calle,Ninguna,Dia total,Nublado,No,NO APLICA,99,99,99,99,1,27/08/2022,8
18,Indiana,180598,0,0,2,0,3,ALLEN (3),0,NO APLICA,8,Agosto,31,2022,20,0,I-469,1,Interestatal,Rural,Interestatal,State Highway Agency,1,Sin jurisdiccion especial,99998,40.97093611,-85.11766944,Vehiculo en movimiento,Frente a Detrás,Not an Intersection,No fue interseccion,Sobre calle,Ninguna,Dia total,Despejado,No,NO APLICA,99,99,99,99,1,31/08/2022,2
18,Indiana,180599,0,0,2,0,167,VIGO (167),4840,TERRE HAUTE,9,Septiembre,1,2022,14,28,US-41,2,US Highway,Urbano,Arteria Principal,State Highway Agency,1,Sin jurisdiccion especial,99998,39.52043889,-87.40663333,Vehiculo en movimiento,Angulo,Four-Way Intersection,Interseccion de 4 direcciones,Sobre calle,Ninguna,Dia total,Despejado,No,NO APLICA,99,99,99,99,1,01/09/2022,2
18,Indiana,180600,0,0,3,0,89,LAKE (89),1730,GARY,8,Agosto,28,2022,0,54,I-80,1,Interestatal,Urbano,Interestatal,State Highway Agency,1,Sin jurisdiccion especial,99998,41.56983056,-87.41753056,Vehiculo en movimiento,Frente a Detrás,Not an Intersection,No fue interseccion,Sobre calle,Construccion,Oscuro con iluminacion,Despejado,No,NO APLICA,99,99,99,99,2,28/08/2022,9
18,Indiana,180601,0,0,1,0,97,MARION (97),2210,INDIANAPOLIS,8,Agosto,21,2022,8,45,I-70,1,Interestatal,Urbano,Interestatal,State Highway Agency,1,Sin jurisdiccion especial,99998,39.80295556,-86.05220833,Otra barrera de trafico,El primer evento no fue una colision con un vehiculo automotor en transporte,Not an Intersection,No fue interseccion,Sobre el lado de la calle,Ninguna,Dia total,Nublado,No,NO APLICA,99,99,99,99,1,21/08/2022,1
18,Indiana,180603,0,0,1,0,113,NOBLE (113),0,NO APLICA,8,Agosto,17,2022,4,32,CR-600,4,Calle del Condado,Rural,Colector Mayor,County Highway Agency,0,Sin jurisdiccion especial,99998,41.43821389,-85.37187222,Arbol,El primer evento no fue una colision con un vehiculo automotor en transporte,Not an Intersection,No fue interseccion,Sobre el lado de la calle,Ninguna,Oscuro sin iluminacion,Despejado,No,NO APLICA,99,99,99,99,1,17/08/2022,1
18,Indiana,180604,0,0,2,0,59,HANCOCK (59),1890,GREENFIELD,8,Agosto,25,2022,21,26,I-70,1,Interestatal,Urbano,Interestatal,State Highway Agency,1,Sin jurisdiccion especial,99998,39.820675,-85.78688889,Vehiculo en movimiento,Frente a Detrás,Not an Intersection,No fue interseccion,Sobre calle,Ninguna,Oscuro sin iluminacion,Despejado,No,NO APLICA,99,99,99,99,1,25/08/2022,2
18,Indiana,180605,0,0,1,0,147,SPENCER (147),0,NO APLICA,7,Julio,22,2022,10,39,SR-62,3,Highway estatal,Rural,Colector Mayor,State Highway Agency,0,Sin jurisdiccion especial,99998,38.16681111,-86.92189444,Arbol,El primer evento no fue una colision con un vehiculo automotor en transporte,Not an Intersection,No fue interseccion,Sobre el lado de la calle,Ninguna,Dia total,Despejado,No,NO APLICA,99,99,99,99,1,22/07/2022,1
18,Indiana,180606,0,0,2,0,3,ALLEN (3),0,NO APLICA,9,Septiembre,2,2022,0,39,US-30E,2,US Highway,Rural,Arterial Principal -Freeway o ExpressWay,State Highway Agency,1,Sin jurisdiccion especial,99998,41.05603056,-84.97068333,Vehiculo en movimiento,Angulo,T-Intersection,Interseccion de T,Sobre calle,Ninguna,Oscuro sin iluminacion,Nublado,No,NO APLICA,99,99,99,99,1,02/09/2022,3
18,Indiana,180607,0,0,2,0,63,HENDRICKS (63),251,AVON,8,Agosto,12,2022,18,35,RONALD REAGAN,6,Calle Local Municipalidad,Urbano,Arteria Principal,City or Municipal Highway Agency,1,Sin jurisdiccion especial,99998,39.76679167,-86.33690556,Vehiculo en movimiento,Angulo,Four-Way Intersection,Interseccion de 4 direcciones,Sobre calle,Ninguna,Dia total,Despejado,No,NO APLICA,99,99,99,99,1,12/08/2022,2
18,Indiana,180608,0,0,1,0,23,CLINTON (23),0,NO APLICA,9,Septiembre,3,2022,15,30,CR- S PRAIRIE AVE,4,Calle del Condado,Urbano,Local,County Highway Agency,0,Sin jurisdiccion especial,99998,40.25729722,-86.52925833,Poste,El primer evento no fue una colision con un vehiculo automotor en transporte,Not an Intersection,No fue interseccion,Sobre el lado de la calle,Ninguna,Dia total,Despejado,No,NO APLICA,99,99,99,99,1,03/09/2022,1
18,Indiana,180609,0,0,1,0,113,NOBLE (113),0,NO APLICA,9,Septiembre,2,2022,11,25,CR-1200W,4,Calle del Condado,Rural,Colector Mayor,County Highway Agency,0,Sin jurisdiccion especial,99998,41.378775,-85.65332778,Arbol,El primer evento no fue una colision con un vehiculo automotor en transporte,Not an Intersection,No fue interseccion,Sobre el lado de la calle,Ninguna,Dia total,Despejado,No,NO APLICA,99,99,99,99,1,02/09/2022,1
18,Indiana,180610,0,0,1,0,57,HAMILTON (57),0,NO APLICA,9,Septiembre,3,2022,0,40,SR-32,3,Highway estatal,Rural,Arteria Menor,State Highway Agency,0,Sin jurisdiccion especial,99998,40.05065833,-85.936775,Soporte de Puente,El primer evento no fue una colision con un vehiculo automotor en transporte,Not an Intersection,No fue interseccion,Sobre el lado de la calle,Construccion,Oscuro sin iluminacion,Nublado,No,NO APLICA,99,99,99,99,2,03/09/2022,2
18,Indiana,180611,0,0,1,0,91,LA PORTE (91),2570,LAPORTE,9,Septiembre,6,2022,6,59,ORCHARD AVE,6,Calle Local Municipalidad,Urbano,Colector Mayor,City or Municipal Highway Agency,0,Sin jurisdiccion especial,99998,41.60450278,-86.747675,Vehiculo Ferrocarril,El primer evento no fue una colision con un vehiculo automotor en transporte,Not an Intersection,No fue interseccion,Sobre calle,Ninguna,Dia total,Despejado,No,522602H,99,99,99,99,1,06/09/2022,1
18,Indiana,180612,0,0,2,0,97,MARION (97),0,NO APLICA,9,Septiembre,3,2022,15,35,I-65,1,Interestatal,Urbano,Interestatal,State Highway Agency,1,Sin jurisdiccion especial,99998,39.78289167,-86.15716111,Vehiculo en movimiento,Frente a Detrás,Not an Intersection,No fue interseccion,Sobre calle,Ninguna,Dia total,Despejado,No,NO APLICA,99,99,99,99,1,03/09/2022,2
18,Indiana,180613,0,0,2,0,73,JASPER (73),0,NO APLICA,7,Julio,24,2022,21,0,I-65,1,Interestatal,Rural,Interestatal,State Highway Agency,1,Sin jurisdiccion especial,99998,41.09220278,-87.26517778,Vehiculo en movimiento,Frente a Detrás,Not an Intersection,No fue interseccion,Sobre calle,Ninguna,Oscuro sin iluminacion,Despejado,No,NO APLICA,99,99,99,99,1,24/07/2022,4
18,Indiana,180614,0,0,2,0,121,PARKE (121),0,NO APLICA,9,Septiembre,4,2022,12,24,US-41 S,2,US Highway,Rural,Arteria Menor,State Highway Agency,0,Sin jurisdiccion especial,99998,39.71836667,-87.31795556,Vehiculo en movimiento,Frente a frente,Not an Intersection,No fue interseccion,Sobre calle,Ninguna,Dia total,Nublado,No,NO APLICA,99,99,99,99,1,04/09/2022,3
18,Indiana,180615,0,0,1,0,3,ALLEN (3),1580,FORT WAYNE,9,Septiembre,6,2022,19,10,W JEFFERSON BLVD,6,Calle Local Municipalidad,Urbano,Arteria Principal,City or Municipal Highway Agency,0,Sin jurisdiccion especial,99998,41.07373333,-85.17805,Valla Ferrocarril,El primer evento no fue una colision con un vehiculo automotor en transporte,Not an Intersection,No fue interseccion,Sobre el lado de la calle,Ninguna,Dia total,Despejado,No,NO APLICA,99,99,99,99,1,06/09/2022,1
18,Indiana,180616,0,0,2,0,3,ALLEN (3),0,NO APLICA,8,Agosto,26,2022,15,26,MONROEVILLE RD,5,Calle Local - Pueblo,Rural,Arteria Menor,City or Municipal Highway Agency,0,Sin jurisdiccion especial,99998,40.97588333,-85.07533611,Vehiculo en movimiento,Angulo,T-Intersection,Interseccion de T,Sobre calle,Ninguna,Dia total,Despejado,No,NO APLICA,99,99,99,99,1,26/08/2022,3
18,Indiana,180617,0,0,2,0,31,DECATUR (31),0,NO APLICA,8,Agosto,7,2022,17,42,CR-1000,4,Calle del Condado,Rural,Colector Mayor,County Highway Agency,0,Sin jurisdiccion especial,99998,39.19023333,-85.49839722,Vehiculo en movimiento,Golpe Lateral - direccion contraria,Four-Way Intersection,Interseccion de 4 direcciones,Sobre calle,Ninguna,Dia total,Despejado,No,NO APLICA,99,99,99,99,1,07/08/2022,3
18,Indiana,180618,0,0,1,0,97,MARION (97),2210,INDIANAPOLIS,9,Septiembre,10,2022,17,14,I-465 RAMP,1,Interestatal,Urbano,Interestatal,State Highway Agency,1,Sin jurisdiccion especial,99998,39.76336667,-86.26510278,Poste de Señal de trafico,El primer evento no fue una colision con un vehiculo automotor en transporte,Not an Intersection,No fue interseccion,Sobre el lado de la calle,Ninguna,Dia total,Despejado,No,NO APLICA,99,99,99,99,1,10/09/2022,1
18,Indiana,180619,0,0,4,0,97,MARION (97),2210,INDIANAPOLIS,9,Septiembre,3,2022,20,47,EDGEWOOD AVE,6,Calle Local Municipalidad,Urbano,Arteria Menor,City or Municipal Highway Agency,0,Sin jurisdiccion especial,99998,39.67906944,-86.14898333,Vehiculo en movimiento,Angulo,Four-Way Intersection,Interseccion de 4 direcciones,Sobre calle,Ninguna,Oscuro con iluminacion,Nublado,No,NO APLICA,99,99,99,99,1,03/09/2022,8
18,Indiana,180620,0,0,2,0,141,ST JOSEPH (141),4580,SOUTH BEND,8,Agosto,26,2022,21,46,US-31,2,US Highway,Urbano,Arteria Principal,State Highway Agency,1,Sin jurisdiccion especial,99998,41.65068056,-86.24971389,Vehiculo en movimiento,Angulo,Four-Way Intersection,Interseccion de 4 direcciones,Sobre calle,Ninguna,Oscuro con iluminacion,Despejado,No,NO APLICA,99,99,99,99,1,26/08/2022,2
18,Indiana,180621,0,0,2,0,91,LA PORTE (91),0,NO APLICA,9,Septiembre,14,2022,15,58,US-20,2,US Highway,Rural,Arteria Principal,State Highway Agency,1,Sin jurisdiccion especial,99998,41.68969722,-86.77988611,Vehiculo en movimiento,Frente a Detrás,Not an Intersection,No fue interseccion,Sobre calle,Ninguna,Dia total,Despejado,No,NO APLICA,99,99,99,99,1,14/09/2022,2