Estado,Nombre de Estado,Numero de Caso,Peatones,Personas _no_vehiculos,Vehiculos automotores,Vehiculos estacionados,Condado,Nombre Condado,Ciudad,Nombre Ciudad,Mes,Nombre Mes,Dia,Año,Hora,Minuto,Calle,Ruta,Nombre Ruta,Rural o Urbanoo,Sistema Funcional,Dueño Calle,Sistema Nacional Carreteras,Jurisdiccion Especial,Milla,Latitud,Longitud,Causa del Accidente,Tipo de Accidente,Tipo Interseccion,Columna1,Lugar en la calle,Zona de Trabajo,Luz,Clima,Autobus Escolar,Cruce de Trenes,Hora Notificacion,Minuto Notificacion,Hora Llegada,Minuto Llegada,Decesos,Fecha,PersonaVehiculo
18,Indiana,180622,0,0,2,0,147,SPENCER (147),0,NO APLICA,8,Agosto,20,2022,8,48,SR-161,3,Highway estatal,Rural,Colector Mayor,State Highway Agency,0,Sin jurisdiccion especial,99998,37.9172,-87.16883611,Vehiculo en movimiento,Angulo,Four-Way Intersection,Interseccion de 4 direcciones,Sobre calle,Ninguna,Oscuro sin iluminacion,Despejado,No,NO APLICA,99,99,99,99,2,20/08/2022,5
18,Indiana,180623,0,0,2,0,117,ORANGE (117),3780,ORLEANS,8,Agosto,12,2022,13,32,SR-37,3,Highway estatal,Rural,Arteria Principal,State Highway Agency,0,Sin jurisdiccion especial,99998,38.64853056,-86.45651667,Vehiculo en movimiento,Angulo,T-Intersection,Interseccion de T,Sobre calle,Ninguna,Dia total,Despejado,No,NO APLICA,99,99,99,99,1,12/08/2022,3
18,Indiana,180624,0,0,2,0,97,MARION (97),2210,INDIANAPOLIS,9,Septiembre,12,2022,5,48,ENGLISH AVE,6,Calle Local Municipalidad,Urbano,Arteria Menor,City or Municipal Highway Agency,0,Sin jurisdiccion especial,99998,39.76028333,-86.08459722,Vehiculo en movimiento,Frente a frente,Not an Intersection,No fue interseccion,Sobre calle,Ninguna,Amanecer,Nublado,No,NO APLICA,99,99,99,99,1,12/09/2022,2
18,Indiana,180625,1,1,1,0,11,BOONE (11),5490,ZIONSVILLE,9,Septiembre,18,2022,17,44,INDIANAPOLIS RD,6,Calle Local Municipalidad,Urbano,Arteria Menor,City or Municipal Highway Agency,0,Sin jurisdiccion especial,99998,39.92429722,-86.33202222,Ciclista,El primer evento no fue una colision con un vehiculo automotor en transporte,Not an Intersection,No fue interseccion,Sobre calle,Ninguna,Dia total,Despejado,No,NO APLICA,99,98,99,98,1,18/09/2022,1
18,Indiana,180626,1,1,1,0,105,MONROE (105),380,BLOOMINGTON,9,Septiembre,18,2022,1,49,WALNUT ST,6,Calle Local Municipalidad,Urbano,Arteria Menor,City or Municipal Highway Agency,0,Sin jurisdiccion especial,99998,39.17429722,-86.53356944,No vehiculo o remolque,El primer evento no fue una colision con un vehiculo automotor en transporte,Not an Intersection,No fue interseccion,Sobre calle,Ninguna,Oscuro con iluminacion,Despejado,No,NO APLICA,99,99,99,99,1,18/09/2022,2
18,Indiana,180627,0,0,1,0,45,FOUNTAIN (45),0,NO APLICA,9,Septiembre,18,2022,16,0,SR-55,3,Highway estatal,Rural,Colector Mayor,State Highway Agency,0,Sin jurisdiccion especial,99998,40.22591111,-87.18165833,Volcadura,El primer evento no fue una colision con un vehiculo automotor en transporte,Not an Intersection,No fue interseccion,Sobre el lado de la calle,Ninguna,Dia total,Despejado,No,NO APLICA,99,99,99,99,1,18/09/2022,1
18,Indiana,180628,1,1,1,0,97,MARION (97),2210,INDIANAPOLIS,9,Septiembre,19,2022,4,50,LAFAYETTE RD,6,Calle Local Municipalidad,Urbano,Arteria Principal,City or Municipal Highway Agency,0,Sin jurisdiccion especial,99998,39.81744167,-86.22855,Peaton,El primer evento no fue una colision con un vehiculo automotor en transporte,Four-Way Intersection,Interseccion de 4 direcciones,Sobre calle,Ninguna,Oscuro con iluminacion,lluvia,No,NO APLICA,99,99,99,99,1,19/09/2022,1
18,Indiana,180629,0,0,3,0,109,MORGAN (109),0,NO APLICA,8,Agosto,24,2022,9,41,SR-67,3,Highway estatal,Rural,Arteria Menor,State Highway Agency,0,Sin jurisdiccion especial,99998,39.43581944,-86.45283056,Vehiculo en movimiento,Angulo,Four-Way Intersection,Interseccion de 4 direcciones,Sobre calle,Ninguna,Dia total,Despejado,No,NO APLICA,99,99,99,99,1,24/08/2022,4
18,Indiana,180630,0,0,3,0,89,LAKE (89),0,NO APLICA,9,Septiembre,10,2022,23,30,CEDAR LAKE RD,5,Calle Local - Pueblo,Rural,Colector Menor,County Highway Agency,0,Sin jurisdiccion especial,99998,41.38109444,-87.38489722,Vehiculo en movimiento,Frente a frente,Not an Intersection,No fue interseccion,Sobre calle,Ninguna,Oscuro sin iluminacion,Despejado,No,NO APLICA,99,99,99,99,1,10/09/2022,3
18,Indiana,180631,0,0,2,0,163,VANDERBURGH (163),1480,EVANSVILLE,9,Septiembre,18,2022,20,20,SR-66,3,Highway estatal,Urbano,Arteria Principal,State Highway Agency,1,Sin jurisdiccion especial,99998,37.97676667,-87.48029167,Vehiculo en movimiento,Angulo,Four-Way Intersection,Interseccion de 4 direcciones,Sobre calle,Ninguna,Oscuro con iluminacion,Despejado,No,NO APLICA,99,99,99,99,1,18/09/2022,2
18,Indiana,180632,0,0,2,0,99,MARSHALL (99),0,NO APLICA,8,Agosto,20,2022,16,35,US-31,2,US Highway,Rural,Arteria Principal,State Highway Agency,1,Sin jurisdiccion especial,99998,41.21621667,-86.26118611,Vehiculo en movimiento,Angulo,Four-Way Intersection,Interseccion de 4 direcciones,Sobre calle,Ninguna,Dia total,Despejado,No,NO APLICA,99,99,99,99,1,20/08/2022,5
18,Indiana,180633,1,1,1,0,89,LAKE (89),4380,SCHERERVILLE,9,Septiembre,20,2022,22,24,US-30,2,US Highway,Urbano,Arteria Principal,State Highway Agency,1,Sin jurisdiccion especial,99998,41.49079722,-87.47595278,Peaton,El primer evento no fue una colision con un vehiculo automotor en transporte,Not an Intersection,No fue interseccion,Sobre calle,Ninguna,Oscuro con iluminacion,Despejado,No,NO APLICA,99,99,99,99,1,20/09/2022,1
18,Indiana,180634,0,0,2,0,57,HAMILTON (57),0,NO APLICA,9,Septiembre,23,2022,4,48,SR-38,3,Highway estatal,Urbano,Colector Mayor,State Highway Agency,0,Sin jurisdiccion especial,99998,40.02994444,-85.90055,Vehiculo en movimiento,Angulo,Four-Way Intersection,Interseccion de 4 direcciones,Sobre calle,Ninguna,Oscuro sin iluminacion,Despejado,No,NO APLICA,99,99,99,99,1,23/09/2022,2
18,Indiana,180635,0,0,2,0,181,WHITE (181),0,NO APLICA,9,Septiembre,18,2022,15,37,SPRINGBORO RD,5,Calle Local - Pueblo,Rural,Colector Mayor,City or Municipal Highway Agency,0,Sin jurisdiccion especial,99998,40.59714722,-86.77620833,Vehiculo en movimiento,Frente a frente,Not an Intersection,No fue interseccion,Sobre calle,Ninguna,Dia total,Nublado,No,NO APLICA,99,99,99,99,1,18/09/2022,2
18,Indiana,180636,0,0,1,0,145,SHELBY (145),0,NO APLICA,9,Septiembre,23,2022,20,35,CR-950,4,Calle del Condado,Rural,Colector Mayor,County Highway Agency,0,Sin jurisdiccion especial,99998,39.66107222,-85.919675,Arbol,El primer evento no fue una colision con un vehiculo automotor en transporte,Not an Intersection,No fue interseccion,Sobre el lado de la calle,Ninguna,Oscuro sin iluminacion,lluvia,No,NO APLICA,99,99,99,99,1,23/09/2022,1
18,Indiana,180637,1,1,1,0,167,VIGO (167),4840,TERRE HAUTE,9,Septiembre,25,2022,2,15,HULMAN ST,5,Calle Local - Pueblo,Urbano,Arteria Menor,City or Municipal Highway Agency,0,Sin jurisdiccion especial,99998,39.44825833,-87.40689722,Peaton,El primer evento no fue una colision con un vehiculo automotor en transporte,Not an Intersection,No fue interseccion,Sobre calle,Ninguna,Oscuro con iluminacion,Despejado,No,NO APLICA,99,99,99,99,1,25/09/2022,1
18,Indiana,180638,0,0,1,0,69,HUNTINGTON (69),0,NO APLICA,8,Agosto,14,2022,0,0,SR-16,3,Highway estatal,Rural,Colector Mayor,State Highway Agency,0,Sin jurisdiccion especial,99998,40.91647778,-85.53910833,Zanja,El primer evento no fue una colision con un vehiculo automotor en transporte,Not an Intersection,No fue interseccion,Sobre el lado de la calle,Ninguna,Oscuro sin iluminacion,Nublado,No,NO APLICA,99,99,99,99,1,14/08/2022,1
18,Indiana,180639,0,0,2,0,175,WASHINGTON (175),3906,PEKIN,8,Agosto,12,2022,19,40,CR-WETZEL RD,4,Calle del Condado,Rural,Local,County Highway Agency,0,Sin jurisdiccion especial,99998,38.43302222,-86.04122222,Vehiculo en movimiento,Angulo,Not an Intersection,No fue interseccion,Sobre calle,Ninguna,Dia total,Despejado,No,NO APLICA,99,99,99,99,1,12/08/2022,3
18,Indiana,180640,0,0,2,0,141,ST JOSEPH (141),0,NO APLICA,8,Agosto,4,2022,14,28,MCKINLEY HIGHWAY,6,Calle Local Municipalidad,Urbano,Arteria Principal,City or Municipal Highway Agency,0,Sin jurisdiccion especial,99998,41.68073889,-86.12541389,Vehiculo en movimiento,Angulo,Not an Intersection,No fue interseccion,Sobre calle,Ninguna,Dia total,Despejado,No,NO APLICA,99,99,99,99,1,04/08/2022,2
18,Indiana,180641,0,0,2,0,107,MONTGOMERY (107),0,NO APLICA,8,Agosto,1,2022,2,48,I-74,1,Interestatal,Rural,Interestatal,State Highway Agency,1,Sin jurisdiccion especial,390,40.05096111,-86.81665556,Vehiculo en movimiento,Frente a Detrás,Not an Intersection,No fue interseccion,Sobre calle,Ninguna,Oscuro sin iluminacion,Despejado,No,NO APLICA,99,99,99,99,1,01/08/2022,2
18,Indiana,180642,0,0,2,0,53,GRANT (53),2850,MARION,8,Agosto,29,2022,22,23,S BALDWIN AVE,6,Calle Local Municipalidad,Urbano,Arteria Principal,City or Municipal Highway Agency,0,Sin jurisdiccion especial,99998,40.55785278,-85.67574444,Vehiculo en movimiento,Angulo,Four-Way Intersection,Interseccion de 4 direcciones,Sobre calle,Ninguna,Oscuro con iluminacion,lluvia,No,NO APLICA,99,99,99,99,1,29/08/2022,2
18,Indiana,180643,0,0,1,0,153,SULLIVAN (153),0,NO APLICA,8,Agosto,30,2022,10,40,SR-63,3,Highway estatal,Rural,Colector Mayor,State Highway Agency,0,Sin jurisdiccion especial,99998,39.24520556,-87.51358889,Volcadura,El primer evento no fue una colision con un vehiculo automotor en transporte,Not an Intersection,No fue interseccion,Sobre el lado de la calle,Ninguna,Dia total,Despejado,No,NO APLICA,99,99,99,99,1,30/08/2022,1
18,Indiana,180644,0,0,2,1,145,SHELBY (145),0,NO APLICA,9,Septiembre,3,2022,8,36,CR-LONDON RD,4,Calle del Condado,Rural,Colector Mayor,County Highway Agency,0,Sin jurisdiccion especial,99998,39.60930833,-85.92373333,Arbol,El primer evento no fue una colision con un vehiculo automotor en transporte,Not an Intersection,No fue interseccion,Sobre el lado de la calle,Ninguna,Dia total,Nublado,No,NO APLICA,99,99,99,99,1,03/09/2022,2
18,Indiana,180645,0,0,1,0,145,SHELBY (145),0,NO APLICA,9,Septiembre,7,2022,3,22,I-74,1,Interestatal,Rural,Interestatal,State Highway Agency,1,Sin jurisdiccion especial,99998,39.54971667,-85.7724,Volcadura,El primer evento no fue una colision con un vehiculo automotor en transporte,Not an Intersection,No fue interseccion,Gore?,Ninguna,Oscuro con iluminacion,Despejado,No,NO APLICA,99,99,99,99,1,07/09/2022,1
18,Indiana,180646,0,0,2,0,89,LAKE (89),2010,HAMMOND,9,Septiembre,5,2022,18,43,SOUTHEASTERN AVE,6,Calle Local Municipalidad,Urbano,Colector Mayor,City or Municipal Highway Agency,0,Sin jurisdiccion especial,99998,41.58626667,-87.49362778,Vehiculo en movimiento,Frente a frente,Not an Intersection,No fue interseccion,Sobre calle,Ninguna,Dia total,Nublado,No,NO APLICA,99,99,99,99,1,05/09/2022,7
18,Indiana,180647,0,0,2,0,49,FULTON (49),0,NO APLICA,9,Septiembre,7,2022,8,35,SR-14,3,Highway estatal,Rural,Arteria Menor,State Highway Agency,0,Sin jurisdiccion especial,99998,41.05523611,-86.45306944,Vehiculo en movimiento,Angulo,Four-Way Intersection,Interseccion de 4 direcciones,Sobre calle,Ninguna,Dia total,Despejado,No,NO APLICA,99,99,99,99,1,07/09/2022,3
18,Indiana,180648,1,1,2,0,97,MARION (97),2210,INDIANAPOLIS,9,Septiembre,8,2022,21,5,W WASHINGTON ST,6,Calle Local Municipalidad,Urbano,Arteria Principal,City or Municipal Highway Agency,1,Sin jurisdiccion especial,99998,39.73483056,-86.30871389,No vehiculo o remolque,El primer evento no fue una colision con un vehiculo automotor en transporte,Four-Way Intersection,Interseccion de 4 direcciones,Sobre calle,Ninguna,Oscuro con iluminacion,Despejado,No,NO APLICA,99,99,99,99,1,08/09/2022,2
18,Indiana,180649,0,0,2,0,5,BARTHOLOMEW (5),0,NO APLICA,9,Septiembre,10,2022,16,28,SR-58,3,Highway estatal,Rural,Colector Mayor,State Highway Agency,0,Sin jurisdiccion especial,99998,39.04876389,-86.05588056,Vehiculo en movimiento,Frente a frente,Not an Intersection,No fue interseccion,Sobre calle,Ninguna,Dia total,Despejado,No,NO APLICA,99,99,99,99,1,10/09/2022,3
18,Indiana,180650,0,0,2,0,91,LA PORTE (91),0,NO APLICA,9,Septiembre,10,2022,16,4,US-421,2,US Highway,Rural,Arteria Principal,State Highway Agency,1,Sin jurisdiccion especial,99998,41.53593056,-86.89666389,Vehiculo en movimiento,Angulo,Four-Way Intersection,Interseccion de 4 direcciones,Sobre calle,Ninguna,Dia total,Despejado,No,NO APLICA,99,99,99,99,1,10/09/2022,4
18,Indiana,180651,0,0,1,0,57,HAMILTON (57),710,CARMEL,9,Septiembre,9,2022,22,32,WESTFIELD BLVD,6,Calle Local Municipalidad,Urbano,Arteria Menor,City or Municipal Highway Agency,0,Sin jurisdiccion especial,99998,39.92729444,-86.12680556,Banqueta,El primer evento no fue una colision con un vehiculo automotor en transporte,Roundabout,Glorieta,Sobre el lado de la calle,Ninguna,Oscuro con iluminacion,Despejado,No,NO APLICA,99,99,99,99,1,09/09/2022,1
18,Indiana,180653,0,0,2,0,55,GREENE (55),0,NO APLICA,9,Septiembre,6,2022,15,24,us-231,2,US Highway,Rural,Arteria Principal,State Highway Agency,1,Sin jurisdiccion especial,99998,38.91761944,-86.92228056,Vehiculo en movimiento,Angulo,Not an Intersection,No fue interseccion,Sobre calle,Ninguna,Dia total,Despejado,No,NO APLICA,99,99,99,99,1,06/09/2022,4
18,Indiana,180654,0,0,1,0,35,DELAWARE (35),0,NO APLICA,9,Septiembre,14,2022,23,51,SR-32,3,Highway estatal,Rural,Arteria Principal,State Highway Agency,1,Sin jurisdiccion especial,99998,40.19495278,-85.26508611,Barda,El primer evento no fue una colision con un vehiculo automotor en transporte,Not an Intersection,No fue interseccion,Sobre el lado de la calle,Ninguna,Oscuro con iluminacion,Despejado,No,NO APLICA,99,99,99,99,1,14/09/2022,1
18,Indiana,180655,0,0,1,0,89,LAKE (89),0,NO APLICA,9,Septiembre,18,2022,15,50,SR-2   W 181ST AVE,3,Highway estatal,Rural,Arteria Principal,State Highway Agency,0,Sin jurisdiccion especial,99998,41.29000833,-87.45858333,Fin de valla,El primer evento no fue una colision con un vehiculo automotor en transporte,Not an Intersection,No fue interseccion,Sobre el lado de la calle,Ninguna,Dia total,Despejado,No,NO APLICA,99,99,99,99,1,18/09/2022,1
18,Indiana,180656,0,0,1,0,167,VIGO (167),0,NO APLICA,9,Septiembre,16,2022,18,50,S DOBERMAN ST,5,Calle Local - Pueblo,Rural,Local,Town or Township Highway Agency,0,Sin jurisdiccion especial,99998,39.38646389,-87.34243889,Vehiculo Ferrocarril,El primer evento no fue una colision con un vehiculo automotor en transporte,Not an Intersection,No fue interseccion,Sobre calle,Ninguna,Dia total,Nublado,No,372923Y,99,99,99,99,1,16/09/2022,1
18,Indiana,180657,1,1,1,0,141,ST JOSEPH (141),0,NO APLICA,9,Septiembre,25,2022,5,41,SR-933,3,Highway estatal,Rural,Arteria Principal,State Highway Agency,0,Sin jurisdiccion especial,99998,41.72753889,-86.250525,Peaton,El primer evento no fue una colision con un vehiculo automotor en transporte,Not an Intersection,No fue interseccion,Sobre calle,Ninguna,Oscuro sin iluminacion,lluvia,No,NO APLICA,99,99,99,99,1,25/09/2022,2
18,Indiana,180658,0,0,2,0,143,SCOTT (143),0,NO APLICA,9,Septiembre,2,2022,15,30,SR-356,3,Highway estatal,Rural,Colector Mayor,State Highway Agency,0,Sin jurisdiccion especial,99998,38.64963333,-85.68236667,Vehiculo en movimiento,Frente a frente,Not an Intersection,No fue interseccion,Sobre calle,Ninguna,Dia total,Despejado,No,NO APLICA,99,99,99,99,1,02/09/2022,3
18,Indiana,180659,0,0,3,0,145,SHELBY (145),0,NO APLICA,9,Septiembre,10,2022,21,15,SR-9,3,Highway estatal,Rural,Arteria Menor,State Highway Agency,0,Sin jurisdiccion especial,99998,39.63031944,-85.76748611,Vehiculo en movimiento,Frente a Detrás,Not an Intersection,No fue interseccion,Sobre calle,Ninguna,Oscuro sin iluminacion,Despejado,No,NO APLICA,99,99,99,99,2,10/09/2022,11
18,Indiana,180660,0,0,2,0,79,JENNINGS (79),0,NO APLICA,9,Septiembre,17,2022,16,18,CR-650,4,Calle del Condado,Rural,Colector Mayor,County Highway Agency,0,Sin jurisdiccion especial,99998,39.08108611,-85.50123611,Vehiculo en movimiento,Frente a frente,Not an Intersection,No fue interseccion,Sobre calle,Ninguna,Dia total,Despejado,No,NO APLICA,99,99,99,99,1,17/09/2022,3
18,Indiana,180661,0,0,2,0,97,MARION (97),2210,INDIANAPOLIS,9,Septiembre,18,2022,0,8,EMERSON AVE,5,Calle Local - Pueblo,Rural,Arteria Principal,City or Municipal Highway Agency,0,Sin jurisdiccion especial,99998,39.64703056,-86.08260278,Vehiculo en movimiento,Frente a frente,Not an Intersection,No fue interseccion,Sobre calle,Ninguna,Oscuro con iluminacion,Despejado,No,NO APLICA,99,99,99,99,1,18/09/2022,3
18,Indiana,180662,0,0,2,0,97,MARION (97),2210,INDIANAPOLIS,9,Septiembre,17,2022,11,15,I-465 RAMP,1,Interestatal,Urbano,Interestatal,State Highway Agency,1,Sin jurisdiccion especial,99998,39.76342778,-86.26740556,Vehiculo en movimiento,Frente a frente,Not an Intersection,No fue interseccion,Sobre calle,Ninguna,Dia total,Despejado,No,NO APLICA,99,99,99,99,3,17/09/2022,5
18,Indiana,180663,0,0,1,0,35,DELAWARE (35),9999,Unknown,9,Septiembre,19,2022,21,40,UNIVERSITY AVE,6,Calle Local Municipalidad,Urbano,Colector Mayor,City or Municipal Highway Agency,0,Sin jurisdiccion especial,99998,40.19760833,-85.41107222,Arbol,El primer evento no fue una colision con un vehiculo automotor en transporte,Not an Intersection,No fue interseccion,Sobre el lado de la calle,Ninguna,Oscuro con iluminacion,Despejado,No,NO APLICA,99,99,99,99,1,19/09/2022,2
18,Indiana,180664,1,1,1,0,97,MARION (97),2210,INDIANAPOLIS,9,Septiembre,20,2022,22,36,SR-37,3,Highway estatal,Urbano,Arteria Principal,State Highway Agency,1,Sin jurisdiccion especial,99998,39.68671944,-86.19288056,Peaton,El primer evento no fue una colision con un vehiculo automotor en transporte,Not an Intersection,No fue interseccion,Sobre calle,Ninguna,Oscuro sin iluminacion,Despejado,No,NO APLICA,99,99,99,99,1,20/09/2022,1
18,Indiana,180665,0,0,2,0,53,GRANT (53),0,NO APLICA,9,Septiembre,18,2022,18,56,SR-37,3,Highway estatal,Rural,Arteria Menor,State Highway Agency,0,Sin jurisdiccion especial,99998,40.37901944,-85.78366389,Vehiculo en movimiento,Golpe Lateral - direccion contraria,Four-Way Intersection,Interseccion de 4 direcciones,Sobre calle,Ninguna,Dia total,Despejado,No,NO APLICA,99,99,99,99,2,18/09/2022,3
18,Indiana,180666,0,0,1,0,105,MONROE (105),0,NO APLICA,9,Septiembre,20,2022,3,45,RATLIFF,5,Calle Local - Pueblo,Rural,Local,City or Municipal Highway Agency,0,Sin jurisdiccion especial,99998,39.21659167,-86.64224444,Arbol,El primer evento no fue una colision con un vehiculo automotor en transporte,Not an Intersection,No fue interseccion,Sobre el lado de la calle,Ninguna,Oscuro - iluminacion desconocida,Despejado,No,NO APLICA,99,99,99,99,1,20/09/2022,1
18,Indiana,180667,0,0,2,0,113,NOBLE (113),0,NO APLICA,9,Septiembre,23,2022,5,46,US-33,2,US Highway,Rural,Arteria Principal,State Highway Agency,1,Sin jurisdiccion especial,99998,41.41233611,-85.55982222,Vehiculo en movimiento,Frente a frente,Not an Intersection,No fue interseccion,Sobre calle,Ninguna,Oscuro sin iluminacion,Nublado,No,NO APLICA,99,99,99,99,1,23/09/2022,2
18,Indiana,180668,0,0,2,0,141,ST JOSEPH (141),4580,SOUTH BEND,9,Septiembre,22,2022,17,8,MISHAWAKA AVE,6,Calle Local Municipalidad,Urbano,Colector Mayor,City or Municipal Highway Agency,0,Sin jurisdiccion especial,99998,41.66571944,-86.20388333,Vehiculo en movimiento,Angulo,Four-Way Intersection,Interseccion de 4 direcciones,Sobre calle,Ninguna,Atardecer,Despejado,No,NO APLICA,99,98,99,98,1,22/09/2022,2
18,Indiana,180669,1,1,1,0,141,ST JOSEPH (141),0,NO APLICA,9,Septiembre,19,2022,23,5,CR-HARRISON RD,4,Calle del Condado,Rural,Colector Mayor,County Highway Agency,0,Sin jurisdiccion especial,99998,41.65198611,-86.08400278,Peaton,El primer evento no fue una colision con un vehiculo automotor en transporte,Not an Intersection,No fue interseccion,Sobre calle,Ninguna,Oscuro sin iluminacion,Despejado,No,NO APLICA,99,99,99,99,1,19/09/2022,1
18,Indiana,180670,0,0,1,0,35,DELAWARE (35),1143,DALEVILLE,9,Septiembre,26,2022,0,26,SR-32,3,Highway estatal,Urbano,Local,State Highway Agency,0,Sin jurisdiccion especial,99998,40.13251111,-85.54768611,Edificio,El primer evento no fue una colision con un vehiculo automotor en transporte,Not an Intersection,No fue interseccion,Sobre el lado de la calle,Ninguna,Oscuro sin iluminacion,Despejado,No,NO APLICA,99,99,99,99,1,26/09/2022,1
18,Indiana,180671,0,0,1,0,127,PORTER (127),0,NO APLICA,9,Septiembre,21,2022,13,5,SR-2,3,Highway estatal,Rural,Arteria Principal,State Highway Agency,1,Sin jurisdiccion especial,99998,41.49403056,-86.97203611,Valla Ferrocarril,El primer evento no fue una colision con un vehiculo automotor en transporte,Not an Intersection,No fue interseccion,Sobre el lado de la calle,Ninguna,Dia total,Despejado,No,NO APLICA,99,99,99,99,1,21/09/2022,2
18,Indiana,180672,1,1,1,0,63,HENDRICKS (63),0,NO APLICA,9,Septiembre,21,2022,9,40,CR-450,4,Calle del Condado,Rural,Colector Mayor,County Highway Agency,0,Sin jurisdiccion especial,99998,39.69516667,-86.64406389,Peaton,El primer evento no fue una colision con un vehiculo automotor en transporte,Not an Intersection,No fue interseccion,Sobre calle,Construccion,Dia total,Despejado,No,NO APLICA,99,99,99,99,1,21/09/2022,1
18,Indiana,180673,0,0,1,0,163,VANDERBURGH (163),1480,EVANSVILLE,8,Agosto,19,2022,19,21,SR-66,3,Highway estatal,Urbano,Arteria Principal,State Highway Agency,0,Sin jurisdiccion especial,99998,37.99905278,-87.53815833,Barrera de Trafico de Concreto,El primer evento no fue una colision con un vehiculo automotor en transporte,Not an Intersection,No fue interseccion,En el medio,Ninguna,Atardecer,Despejado,No,NO APLICA,99,99,99,99,1,19/08/2022,2
18,Indiana,180675,0,0,1,0,91,LA PORTE (91),2990,MICHIGAN CITY,9,Septiembre,22,2022,20,11,SKWIAT LEGION AVE,5,Calle Local - Pueblo,Urbano,Local,City or Municipal Highway Agency,0,Sin jurisdiccion especial,99998,41.70273056,-86.89599722,Muro,El primer evento no fue una colision con un vehiculo automotor en transporte,Not an Intersection,No fue interseccion,Sobre el lado de la calle,Ninguna,Oscuro con iluminacion,Nublado,No,NO APLICA,99,99,99,99,1,22/09/2022,1
18,Indiana,180676,0,0,2,0,97,MARION (97),2210,INDIANAPOLIS,9,Septiembre,23,2022,14,50,ORANGE ST,6,Calle Local Municipalidad,Urbano,Local,City or Municipal Highway Agency,0,Sin jurisdiccion especial,99998,39.75053889,-86.10314722,Vehiculo en movimiento,Angulo,Four-Way Intersection,Interseccion de 4 direcciones,Sobre calle,Ninguna,Dia total,Nublado,Yes,NO APLICA,99,99,99,99,1,23/09/2022,2
18,Indiana,180677,0,0,1,0,39,ELKHART (39),0,NO APLICA,10,Octubre,1,2022,14,53,MANHATTEN DR,5,Calle Local - Pueblo,Rural,Local,City or Municipal Highway Agency,0,Sin jurisdiccion especial,99998,41.75938611,-86.04902222,Volcadura,El primer evento no fue una colision con un vehiculo automotor en transporte,Not an Intersection,No fue interseccion,Sobre el lado de la calle,Ninguna,Dia total,Despejado,No,NO APLICA,99,99,99,99,1,01/10/2022,1
18,Indiana,180678,0,0,3,1,97,MARION (97),2210,INDIANAPOLIS,8,Agosto,27,2022,22,15,E WASHINGTON ST,6,Calle Local Municipalidad,Urbano,Arteria Principal,City or Municipal Highway Agency,0,Sin jurisdiccion especial,99998,39.76898056,-86.10729722,Vehiculo en movimiento,Golpe Lateral - misma direccion,Not an Intersection,No fue interseccion,Sobre calle,Ninguna,Oscuro con iluminacion,Despejado,No,NO APLICA,99,99,99,99,1,27/08/2022,3
18,Indiana,180679,2,2,1,0,151,STEUBEN (151),0,NO APLICA,10,Octubre,1,2022,20,55,CR-275,4,Calle del Condado,Rural,Local,County Highway Agency,0,Sin jurisdiccion especial,99998,41.68145833,-85.01705833,Peaton,El primer evento no fue una colision con un vehiculo automotor en transporte,Not an Intersection,No fue interseccion,Sobre calle,Ninguna,Oscuro sin iluminacion,Despejado,No,NO APLICA,99,99,99,99,1,01/10/2022,1
18,Indiana,180680,0,0,1,0,133,PUTNAM (133),0,NO APLICA,9,Septiembre,29,2022,17,41,CR-WALNUT,4,Calle del Condado,Rural,Colector Mayor,County Highway Agency,0,Sin jurisdiccion especial,99998,39.64526667,-86.88900556,Barda,El primer evento no fue una colision con un vehiculo automotor en transporte,Not an Intersection,No fue interseccion,Sobre el lado de la calle,Ninguna,Dia total,Despejado,No,NO APLICA,99,99,99,99,1,29/09/2022,1
18,Indiana,180681,0,0,1,0,91,LA PORTE (91),0,NO APLICA,10,Octubre,4,2022,7,50,US-30,2,US Highway,Rural,Arteria Principal,State Highway Agency,1,Sin jurisdiccion especial,99998,41.43352778,-86.82146389,Otro objeto (no fijo),El primer evento no fue una colision con un vehiculo automotor en transporte,Not an Intersection,No fue interseccion,Sobre calle,Ninguna,Dia total,Despejado,No,NO APLICA,99,99,99,99,2,04/10/2022,3
18,Indiana,180682,1,1,1,0,11,BOONE (11),0,NO APLICA,10,Octubre,2,2022,21,25,SR-47,3,Highway estatal,Rural,Colector Mayor,State Highway Agency,0,Sin jurisdiccion especial,99998,40.12860833,-86.29710556,Peaton,El primer evento no fue una colision con un vehiculo automotor en transporte,Not an Intersection,No fue interseccion,Sobre calle,Ninguna,Oscuro sin iluminacion,Despejado,No,NO APLICA,99,99,99,99,1,02/10/2022,2
18,Indiana,180683,0,0,2,0,141,ST JOSEPH (141),0,NO APLICA,10,Octubre,2,2022,19,52,I-80,1,Interestatal,Rural,Interestatal,State Toll Road,1,Sin jurisdiccion especial,99998,41.74848056,-86.41846667,Animal vivo,El primer evento no fue una colision con un vehiculo automotor en transporte,Not an Intersection,No fue interseccion,Sobre calle,Ninguna,Oscuro sin iluminacion,Despejado,No,NO APLICA,99,99,99,99,3,02/10/2022,5