Estado,Nombre de Estado,Numero de Caso,Peatones,Personas _no_vehiculos,Vehiculos automotores,Vehiculos estacionados,Condado,Nombre Condado,Ciudad,Nombre Ciudad,Mes,Nombre Mes,Dia,Año,Hora,Minuto,Calle,Ruta,Nombre Ruta,Rural o Urbanoo,Sistema Funcional,Dueño Calle,Sistema Nacional Carreteras,Jurisdiccion Especial,Milla,Latitud,Longitud,Causa del Accidente,Tipo de Accidente,Tipo Interseccion,Columna1,Lugar en la calle,Zona de Trabajo,Luz,Clima,Autobus Escolar,Cruce de Trenes,Hora Notificacion,Minuto Notificacion,Hora Llegada,Minuto Llegada,Decesos,Fecha,PersonaVehiculo
18,Indiana,180684,0,0,1,0,3,ALLEN (3),0,NO APLICA,10,Octubre,5,2022,9,4,MINNICH RD,6,Calle Local Municipalidad,Rural,Colector Mayor,City or Municipal Highway Agency,0,Sin jurisdiccion especial,99998,40.994425,-84.99931944,Volcadura,El primer evento no fue una colision con un vehiculo automotor en transporte,Not an Intersection,No fue interseccion,Sobre el lado de la calle,Ninguna,Dia total,Despejado,No,NO APLICA,99,99,99,99,1,05/10/2022,1
18,Indiana,180685,0,0,2,0,51,GIBSON (51),0,NO APLICA,9,Septiembre,27,2022,7,7,SR-64,3,Highway estatal,Rural,Colector Menor,State Highway Agency,0,Sin jurisdiccion especial,99998,38.3265,-87.38935556,Vehiculo en movimiento,Angulo,Four-Way Intersection,Interseccion de 4 direcciones,Sobre calle,Ninguna,Dia total,Despejado,Yes,NO APLICA,99,99,99,99,1,27/09/2022,2
18,Indiana,180686,0,0,3,0,97,MARION (97),2210,INDIANAPOLIS,10,Octubre,1,2022,21,18,MICHIGAN RD,6,Calle Local Municipalidad,Urbano,Arteria Principal,City or Municipal Highway Agency,0,Sin jurisdiccion especial,99998,39.84293889,-86.189575,Banqueta,El primer evento no fue una colision con un vehiculo automotor en transporte,Not an Intersection,No fue interseccion,Sobre el lado de la calle,Ninguna,Oscuro con iluminacion,Despejado,No,NO APLICA,99,99,99,99,1,01/10/2022,6
18,Indiana,180687,1,1,1,0,61,HARRISON (61),0,NO APLICA,10,Octubre,6,2022,16,0,NEW MIDDLETOWN RD,5,Calle Local - Pueblo,Rural,Colector Mayor,City or Municipal Highway Agency,0,Sin jurisdiccion especial,99998,38.17777222,-86.04157778,Ciclista,El primer evento no fue una colision con un vehiculo automotor en transporte,Not an Intersection,No fue interseccion,Sobre calle,Ninguna,Dia total,Despejado,No,NO APLICA,99,99,99,99,1,06/10/2022,1
18,Indiana,180688,1,1,1,0,127,PORTER (127),0,NO APLICA,9,Septiembre,23,2022,22,56,I-94,1,Interestatal,Rural,Interestatal,State Highway Agency,1,Sin jurisdiccion especial,99998,41.64583333,-86.98883611,Peaton,El primer evento no fue una colision con un vehiculo automotor en transporte,Not an Intersection,No fue interseccion,Sobre calle,Ninguna,Oscuro con iluminacion,Despejado,No,NO APLICA,99,99,99,99,1,23/09/2022,1
18,Indiana,180689,0,0,2,0,109,MORGAN (109),0,NO APLICA,10,Octubre,6,2022,23,15,cr-MANN RD,4,Calle del Condado,Rural,Arteria Menor,County Highway Agency,0,Sin jurisdiccion especial,99998,39.59999722,-86.2738,Vehiculo en movimiento,Frente a frente,Not an Intersection,No fue interseccion,Sobre calle,Ninguna,Oscuro sin iluminacion,Despejado,No,NO APLICA,99,99,99,99,1,06/10/2022,2
18,Indiana,180690,0,0,1,0,15,CARROLL (15),1550,FLORA,10,Octubre,8,2022,10,48,MAPLE ST,6,Calle Local Municipalidad,Urbano,Local,City or Municipal Highway Agency,0,Sin jurisdiccion especial,99998,40.55141944,-86.52733611,Arbol,El primer evento no fue una colision con un vehiculo automotor en transporte,Not an Intersection,No fue interseccion,Sobre el lado de la calle,Ninguna,Dia total,Despejado,No,NO APLICA,99,99,99,99,1,08/10/2022,1
18,Indiana,180691,0,0,2,0,89,LAKE (89),2972,MERRILLVILLE,10,Octubre,8,2022,0,11,US-30,2,US Highway,Urbano,Arteria Principal,State Highway Agency,1,Sin jurisdiccion especial,99998,41.47075,-87.23669444,Vehiculo en movimiento,Frente a frente,Not an Intersection,No fue interseccion,Sobre calle,Ninguna,Oscuro sin iluminacion,Despejado,No,NO APLICA,99,99,99,99,1,08/10/2022,3
18,Indiana,180692,1,1,2,0,127,PORTER (127),4025,PORTAGE,10,Octubre,8,2022,13,38,WILLOW CREEK RD,5,Calle Local - Pueblo,Rural,Colector Mayor,City or Municipal Highway Agency,0,Sin jurisdiccion especial,99998,41.53882222,-87.18249167,Peaton,El primer evento no fue una colision con un vehiculo automotor en transporte,Not an Intersection,No fue interseccion,Sobre calle,Ninguna,Dia total,Despejado,No,NO APLICA,99,99,99,99,1,08/10/2022,3
18,Indiana,180693,1,1,1,0,97,MARION (97),2210,INDIANAPOLIS,10,Octubre,9,2022,4,8,10TH ST,6,Calle Local Municipalidad,Urbano,Arteria Menor,City or Municipal Highway Agency,0,Sin jurisdiccion especial,99998,39.78165556,-86.05938333,Peaton,El primer evento no fue una colision con un vehiculo automotor en transporte,Not an Intersection,No fue interseccion,Sobre calle,Ninguna,Oscuro con iluminacion,Despejado,No,NO APLICA,99,99,99,99,1,09/10/2022,1
18,Indiana,180694,0,0,2,0,87,LAGRANGE (87),0,NO APLICA,9,Septiembre,16,2022,15,43,SR-5,3,Highway estatal,Rural,Colector Mayor,State Highway Agency,0,Sin jurisdiccion especial,99998,41.53893611,-85.57795,Vehiculo en movimiento,Angulo,Four-Way Intersection,Interseccion de 4 direcciones,Sobre calle,Ninguna,Dia total,Nublado,No,NO APLICA,99,99,99,99,1,16/09/2022,6
18,Indiana,180695,1,1,1,0,29,DEARBORN (29),0,NO APLICA,10,Octubre,6,2022,5,48,US-50,2,US Highway,Rural,Arteria Principal,State Highway Agency,1,Sin jurisdiccion especial,99998,39.03018056,-84.9433,Peaton,El primer evento no fue una colision con un vehiculo automotor en transporte,Not an Intersection,No fue interseccion,Sobre calle,Ninguna,Oscuro sin iluminacion,Despejado,No,NO APLICA,99,99,99,99,1,06/10/2022,1
18,Indiana,180696,0,0,2,0,17,CASS (17),0,NO APLICA,10,Octubre,10,2022,20,26,US-24,2,US Highway,Rural,Arteria Principal,State Highway Agency,1,Sin jurisdiccion especial,99998,40.73474167,-86.3464,Vehiculo en movimiento,Angulo,Not an Intersection,No fue interseccion,Sobre calle,Ninguna,Oscuro sin iluminacion,Despejado,No,NO APLICA,99,99,99,99,1,10/10/2022,2
18,Indiana,180697,0,0,2,0,97,MARION (97),2210,INDIANAPOLIS,10,Octubre,8,2022,12,12,US-40,2,US Highway,Urbano,Arteria Principal,State Highway Agency,1,Sin jurisdiccion especial,99998,39.74565556,-86.27362222,Vehiculo en movimiento,Angulo,T-Intersection,Interseccion de T,Sobre calle,Ninguna,Dia total,Despejado,No,NO APLICA,99,99,99,99,1,08/10/2022,3
18,Indiana,180698,0,0,1,0,3,ALLEN (3),3480,NEW HAVEN,10,Octubre,11,2022,3,45,ADAMS CENTER ROAD,6,Calle Local Municipalidad,Urbano,Arteria Menor,City or Municipal Highway Agency,0,Sin jurisdiccion especial,99998,41.06563889,-85.05873333,Zanja,El primer evento no fue una colision con un vehiculo automotor en transporte,Not an Intersection,No fue interseccion,Sobre el lado de la calle,Ninguna,Oscuro sin iluminacion,Despejado,No,NO APLICA,99,99,99,99,1,11/10/2022,1
18,Indiana,180699,0,0,2,0,143,SCOTT (143),4400,SCOTTSBURG,9,Septiembre,18,2022,2,30,I-65,1,Interestatal,Rural,Interestatal,State Highway Agency,1,Sin jurisdiccion especial,99998,38.69558611,-85.78901389,Vehiculo en movimiento,Frente a Detrás,Not an Intersection,No fue interseccion,Sobre calle,Ninguna,Oscuro sin iluminacion,Despejado,No,NO APLICA,99,99,99,99,1,18/09/2022,2
18,Indiana,180700,0,0,1,0,105,MONROE (105),0,NO APLICA,10,Octubre,12,2022,20,30,CR-POPCORN RD,4,Calle del Condado,Rural,Colector Menor,County Highway Agency,0,Sin jurisdiccion especial,99998,38.99279167,-86.63085278,Poste,El primer evento no fue una colision con un vehiculo automotor en transporte,Not an Intersection,No fue interseccion,Sobre el lado de la calle,Ninguna,Oscuro sin iluminacion,Despejado,No,NO APLICA,99,99,99,99,1,12/10/2022,1
18,Indiana,180701,0,0,2,0,81,JOHNSON (81),0,NO APLICA,10,Octubre,13,2022,5,25,US-31,2,US Highway,Rural,Arteria Principal,State Highway Agency,1,Sin jurisdiccion especial,99998,39.41815556,-85.999225,Vehiculo en movimiento,Frente a Detrás,Not an Intersection,No fue interseccion,Sobre calle,Ninguna,Oscuro sin iluminacion,lluvia,No,NO APLICA,99,99,99,99,1,13/10/2022,2
18,Indiana,180702,1,1,2,0,141,ST JOSEPH (141),3100,MISHAWAKA,10,Octubre,10,2022,22,20,RUSS ST,6,Calle Local Municipalidad,Rural,Local,City or Municipal Highway Agency,0,Sin jurisdiccion especial,99998,41.67960278,-86.17710556,Vehiculo en movimiento,Angulo,Four-Way Intersection,Interseccion de 4 direcciones,Sobre calle,Ninguna,Oscuro con iluminacion,Despejado,No,NO APLICA,99,99,99,99,1,10/10/2022,2
18,Indiana,180703,0,0,1,0,81,JOHNSON (81),1950,GREENWOOD,10,Octubre,13,2022,11,28,I-65,1,Interestatal,Urbano,Arteria Principal,State Highway Agency,1,Sin jurisdiccion especial,99998,39.630425,-86.07408056,Fin de valla,El primer evento no fue una colision con un vehiculo automotor en transporte,Not an Intersection,No fue interseccion,Sobre el lado de la calle,Ninguna,Dia total,Despejado,No,NO APLICA,99,99,99,99,1,13/10/2022,2
18,Indiana,180704,0,0,1,0,55,GREENE (55),0,NO APLICA,10,Octubre,9,2022,1,30,SR-45,3,Highway estatal,Rural,Colector Mayor,State Highway Agency,0,Sin jurisdiccion especial,99998,38.96793056,-86.73737222,Culvert,El primer evento no fue una colision con un vehiculo automotor en transporte,Not an Intersection,No fue interseccion,Sobre el lado de la calle,Ninguna,Oscuro sin iluminacion,Despejado,No,NO APLICA,99,99,99,99,1,09/10/2022,1
18,Indiana,180705,0,0,1,0,89,LAKE (89),4300,SAINT JOHN,10,Octubre,15,2022,3,50,93RD AVE,6,Calle Local Municipalidad,Urbano,Arteria Menor,City or Municipal Highway Agency,0,Sin jurisdiccion especial,99998,41.44985556,-87.44999167,Poste o otros soportes,El primer evento no fue una colision con un vehiculo automotor en transporte,Not an Intersection,No fue interseccion,Sobre el lado de la calle,Ninguna,Oscuro sin iluminacion,Nublado,No,NO APLICA,99,99,99,99,1,15/10/2022,1
18,Indiana,180706,0,0,2,0,123,PERRY (123),0,NO APLICA,9,Septiembre,24,2022,10,46,SR-66,3,Highway estatal,Rural,Colector Mayor,State Highway Agency,0,Sin jurisdiccion especial,99998,38.05921389,-86.48761389,Vehiculo en movimiento,Angulo,T-Intersection,Interseccion de T,Sobre calle,Ninguna,Dia total,Despejado,No,NO APLICA,99,99,99,99,1,24/09/2022,2
18,Indiana,180707,0,0,3,0,59,HANCOCK (59),1570,FORTVILLE,10,Octubre,16,2022,14,53,US-36,2,US Highway,Rural,Arteria Menor,State Highway Agency,0,Sin jurisdiccion especial,99998,39.93791389,-85.83816944,Vehiculo en movimiento,Frente a frente,Not an Intersection,No fue interseccion,Sobre calle,Ninguna,Dia total,Despejado,No,NO APLICA,99,99,99,99,2,16/10/2022,3
18,Indiana,180708,0,0,2,0,3,ALLEN (3),0,NO APLICA,10,Octubre,12,2022,14,23,ENGLE RD,6,Calle Local Municipalidad,Urbano,Arteria Menor,City or Municipal Highway Agency,0,Sin jurisdiccion especial,99998,41.04369722,-85.23569722,Vehiculo en movimiento,Angulo,Four-Way Intersection,Interseccion de 4 direcciones,Sobre calle,Ninguna,Dia total,Nublado,No,NO APLICA,99,99,99,99,1,12/10/2022,3
18,Indiana,180709,0,0,2,0,181,WHITE (181),4110,REYNOLDS,10,Octubre,14,2022,6,47,US-24,2,US Highway,Rural,Arteria Principal,State Highway Agency,1,Sin jurisdiccion especial,99998,40.75108611,-86.90380833,Vehiculo en movimiento,Frente a frente,Not an Intersection,No fue interseccion,Sobre calle,Ninguna,Oscuro sin iluminacion,Despejado,No,NO APLICA,99,99,99,99,1,14/10/2022,2
18,Indiana,180711,0,0,2,0,3,ALLEN (3),1580,FORT WAYNE,10,Octubre,14,2022,19,28,HESSEN CASSEL RD,5,Calle Local - Pueblo,Rural,Arteria Menor,City or Municipal Highway Agency,0,Sin jurisdiccion especial,99998,41.02948333,-85.09604167,Vehiculo en movimiento,Frente a frente,Not an Intersection,No fue interseccion,Sobre calle,Ninguna,Oscuro con iluminacion,Despejado,No,NO APLICA,99,99,99,99,1,14/10/2022,5
18,Indiana,180712,0,0,2,0,97,MARION (97),2210,INDIANAPOLIS,10,Octubre,12,2022,13,5,MADISON AVE,6,Calle Local Municipalidad,Urbano,Arteria Principal,City or Municipal Highway Agency,0,Sin jurisdiccion especial,99998,39.74420556,-86.15442222,Vehiculo en movimiento,Frente a Detrás,Not an Intersection,No fue interseccion,Sobre calle,Ninguna,Dia total,Despejado,No,NO APLICA,99,99,99,99,1,12/10/2022,1
18,Indiana,180713,0,0,2,0,105,MONROE (105),0,NO APLICA,10,Octubre,18,2022,6,5,I-69,1,Interestatal,Rural,Arteria Principal,State Highway Agency,1,Sin jurisdiccion especial,99998,39.07537778,-86.59185278,Vehiculo en movimiento,No reportado,Not an Intersection,No fue interseccion,Sobre calle,Ninguna,Oscuro sin iluminacion,Despejado,No,NO APLICA,99,99,99,99,1,18/10/2022,2
18,Indiana,180714,0,0,1,0,65,HENRY (65),3450,NEW CASTLE,10,Octubre,16,2022,11,43,25TH ST,6,Calle Local Municipalidad,Urbano,Local,City or Municipal Highway Agency,0,Sin jurisdiccion especial,99998,39.92729444,-85.35385278,Vehiculo Ferrocarril,El primer evento no fue una colision con un vehiculo automotor en transporte,Not an Intersection,No fue interseccion,Sobre calle,Ninguna,Dia total,Despejado,No,527865N,99,99,99,99,2,16/10/2022,3
18,Indiana,180715,0,0,2,0,127,PORTER (127),4025,PORTAGE,10,Octubre,19,2022,1,35,US-6,2,US Highway,Urbano,Arteria Principal,State Highway Agency,1,Sin jurisdiccion especial,99998,41.55048056,-87.17473889,Vehiculo en movimiento,Frente a Detrás,Not an Intersection,No fue interseccion,Sobre calle,Ninguna,Oscuro con iluminacion,Despejado,No,NO APLICA,99,99,99,99,1,19/10/2022,3
18,Indiana,180716,1,1,1,0,5,BARTHOLOMEW (5),990,COLUMBUS,10,Octubre,19,2022,20,13,ARCADIA DR,6,Calle Local Municipalidad,Rural,Local,City or Municipal Highway Agency,0,Sin jurisdiccion especial,99998,39.23248611,-85.93755556,Peaton,El primer evento no fue una colision con un vehiculo automotor en transporte,Not an Intersection,No fue interseccion,Sobre calle,Ninguna,Oscuro sin iluminacion,Despejado,No,NO APLICA,99,99,99,99,1,19/10/2022,1
18,Indiana,180717,1,1,1,0,59,HANCOCK (59),0,NO APLICA,10,Octubre,20,2022,6,45,CR-300,4,Calle del Condado,Rural,Arteria Menor,County Highway Agency,0,Sin jurisdiccion especial,99998,39.82724167,-85.88599444,Peaton,El primer evento no fue una colision con un vehiculo automotor en transporte,Not an Intersection,No fue interseccion,Sobre calle,Ninguna,Oscuro sin iluminacion,Despejado,No,NO APLICA,99,99,99,99,1,20/10/2022,2
18,Indiana,180718,0,0,2,1,53,GRANT (53),2850,MARION,10,Octubre,14,2022,18,6,10TH ST,5,Calle Local - Pueblo,Rural,Colector Mayor,City or Municipal Highway Agency,0,Sin jurisdiccion especial,99998,40.55165556,-85.687675,Poste,El primer evento no fue una colision con un vehiculo automotor en transporte,Not an Intersection,No fue interseccion,Sobre el lado de la calle,Ninguna,Dia total,Despejado,No,NO APLICA,99,99,99,99,1,14/10/2022,2
18,Indiana,180719,0,0,2,0,57,HAMILTON (57),0,NO APLICA,7,Julio,18,2022,13,1,US-31,2,US Highway,Rural,Arteria Principal,State Highway Agency,1,Sin jurisdiccion especial,99998,40.15095,-86.12784167,Vehiculo en movimiento,Frente a frente,Not an Intersection,No fue interseccion,Sobre calle,Ninguna,Dia total,Despejado,No,NO APLICA,99,99,99,99,1,18/07/2022,2
18,Indiana,180720,0,0,1,0,127,PORTER (127),0,NO APLICA,10,Octubre,22,2022,2,45,SR-49,3,Highway estatal,Rural,Arteria Principal,State Highway Agency,1,Sin jurisdiccion especial,99998,41.53802222,-87.03725556,Valla para choques,El primer evento no fue una colision con un vehiculo automotor en transporte,Not an Intersection,No fue interseccion,En el medio,Ninguna,Oscuro sin iluminacion,Despejado,No,NO APLICA,99,99,99,99,1,22/10/2022,1
18,Indiana,180721,0,0,2,0,89,LAKE (89),0,NO APLICA,10,Octubre,12,2022,18,0,US-12,2,US Highway,Urbano,Arteria Principal,State Highway Agency,0,Sin jurisdiccion especial,99998,41.60387778,-87.34210556,Vehiculo en movimiento,Frente a frente,Four-Way Intersection,Interseccion de 4 direcciones,Sobre calle,Ninguna,Oscuro con iluminacion,Nublado,No,NO APLICA,99,99,99,99,1,12/10/2022,2
18,Indiana,180722,0,0,2,0,93,LAWRENCE (93),0,NO APLICA,10,Octubre,24,2022,11,20,SR-60,3,Highway estatal,Rural,Arteria Principal,State Highway Agency,1,Sin jurisdiccion especial,99998,38.71607778,-86.40181667,Vehiculo en movimiento,Frente a frente,T-Intersection,Interseccion de T,Sobre calle,Ninguna,Dia total,Despejado,No,NO APLICA,99,99,99,99,1,24/10/2022,2
18,Indiana,180724,0,0,1,0,65,HENRY (65),0,NO APLICA,10,Octubre,23,2022,19,45,BROWN RD,5,Calle Local - Pueblo,Rural,Colector Mayor,City or Municipal Highway Agency,0,Sin jurisdiccion especial,99998,39.93804167,-85.33391111,Volcadura,El primer evento no fue una colision con un vehiculo automotor en transporte,Not an Intersection,No fue interseccion,Sobre el lado de la calle,Ninguna,Oscuro sin iluminacion,Despejado,No,NO APLICA,99,99,99,99,1,23/10/2022,1
18,Indiana,180725,0,0,2,0,57,HAMILTON (57),1540,FISHERS,10,Octubre,23,2022,15,54,OLIO RD,6,Calle Local Municipalidad,Urbano,Arteria Principal,City or Municipal Highway Agency,0,Sin jurisdiccion especial,99998,39.95776389,-85.91866667,Vehiculo en movimiento,Angulo,Four-Way Intersection,Interseccion de 4 direcciones,Sobre calle,Ninguna,Dia total,Despejado,No,NO APLICA,99,99,99,99,1,23/10/2022,2
18,Indiana,180726,0,0,2,0,39,ELKHART (39),0,NO APLICA,10,Octubre,27,2022,19,32,CR-20,4,Calle del Condado,Rural,Arteria Principal,County Highway Agency,0,Sin jurisdiccion especial,99998,41.63791111,-85.88517222,Vehiculo en movimiento,Angulo,Four-Way Intersection,Interseccion de 4 direcciones,Sobre calle,Ninguna,Oscuro sin iluminacion,Despejado,No,NO APLICA,99,99,99,99,1,27/10/2022,3
18,Indiana,180727,0,0,1,0,177,WAYNE (177),0,NO APLICA,10,Octubre,27,2022,20,0,CR-BOYD RD,4,Calle del Condado,Rural,Colector Mayor,County Highway Agency,0,Sin jurisdiccion especial,99998,39.80031944,-85.15988889,Volcadura,El primer evento no fue una colision con un vehiculo automotor en transporte,Not an Intersection,No fue interseccion,Sobre el lado de la calle,Ninguna,Oscuro sin iluminacion,Despejado,No,NO APLICA,99,99,99,99,1,27/10/2022,2
18,Indiana,180728,0,0,1,0,83,KNOX (83),1674,FREELANDVILLE,8,Agosto,28,2022,1,0,cr-ALBRECHT RD,4,Calle del Condado,Rural,Colector Menor,County Highway Agency,0,Sin jurisdiccion especial,99998,38.81815833,-87.35368611,Zanja,El primer evento no fue una colision con un vehiculo automotor en transporte,Not an Intersection,No fue interseccion,Sobre el lado de la calle,Ninguna,Oscuro sin iluminacion,Despejado,No,NO APLICA,99,99,99,99,1,28/08/2022,1
18,Indiana,180729,0,0,2,0,133,PUTNAM (133),0,NO APLICA,10,Octubre,14,2022,16,25,US-231,2,US Highway,Rural,Arteria Principal,State Highway Agency,1,Sin jurisdiccion especial,99998,39.58824444,-86.82151667,Vehiculo en movimiento,Frente a Detrás,Not an Intersection,No fue interseccion,Sobre calle,Ninguna,Dia total,Despejado,No,NO APLICA,99,99,99,99,1,14/10/2022,3
18,Indiana,180730,0,0,1,0,39,ELKHART (39),0,NO APLICA,10,Octubre,21,2022,4,28,I-80,1,Interestatal,Rural,Interestatal,State Highway Agency,1,Sin jurisdiccion especial,995,41.73651944,-85.82366389,Valla para choques,El primer evento no fue una colision con un vehiculo automotor en transporte,Not an Intersection,No fue interseccion,En el medio,Ninguna,Oscuro sin iluminacion,Despejado,No,NO APLICA,99,98,99,98,1,21/10/2022,1
18,Indiana,180731,1,1,1,0,43,FLOYD (43),3400,NEW ALBANY,10,Octubre,19,2022,14,37,W SPRINGST,6,Calle Local Municipalidad,Urbano,Arteria Menor,City or Municipal Highway Agency,0,Sin jurisdiccion especial,99998,38.28568056,-85.82409167,Ciclista,El primer evento no fue una colision con un vehiculo automotor en transporte,Four-Way Intersection,Interseccion de 4 direcciones,Sobre calle,Ninguna,Dia total,Despejado,No,NO APLICA,99,99,99,99,1,19/10/2022,1
18,Indiana,180732,0,0,2,0,103,MIAMI (103),3940,PERU,4,Abril,8,2022,17,14,US-N BROADWAY,2,US Highway,Urbano,Arteria Principal,State Highway Agency,1,Sin jurisdiccion especial,99998,40.77294167,-86.08116389,Vehiculo en movimiento,Angulo,Four-Way Intersection,Interseccion de 4 direcciones,Sobre calle,Ninguna,Dia total,Nublado,No,NO APLICA,99,99,99,99,1,08/04/2022,2
18,Indiana,180733,0,0,2,0,143,SCOTT (143),0,NO APLICA,9,Septiembre,7,2022,1,12,I-65,1,Interestatal,Rural,Interestatal,State Highway Agency,1,Sin jurisdiccion especial,99998,38.72203611,-85.80545556,Vehiculo en movimiento,Frente a Detrás,Not an Intersection,No fue interseccion,Sobre calle,Ninguna,Oscuro sin iluminacion,Nublado,No,NO APLICA,99,99,99,99,1,07/09/2022,2
18,Indiana,180734,0,0,2,0,59,HANCOCK (59),0,NO APLICA,10,Octubre,18,2022,6,40,CR-400 W,4,Calle del Condado,Rural,Colector Mayor,County Highway Agency,0,Sin jurisdiccion especial,99998,39.82024167,-85.87826111,Vehiculo en movimiento,Frente a Detrás,Not an Intersection,No fue interseccion,Sobre calle,Ninguna,Oscuro sin iluminacion,lluvia,No,NO APLICA,99,98,99,98,1,18/10/2022,2
18,Indiana,180735,0,0,3,0,39,ELKHART (39),0,NO APLICA,10,Octubre,25,2022,15,33,SR-120,3,Highway estatal,Rural,Colector Mayor,State Highway Agency,0,Sin jurisdiccion especial,99998,41.72524167,-85.75005833,Vehiculo en movimiento,Angulo,Not an Intersection,No fue interseccion,Sobre calle,Ninguna,Dia total,Nublado,No,NO APLICA,99,99,99,99,1,25/10/2022,3
18,Indiana,180736,1,1,1,0,95,MADISON (95),140,ANDERSON,10,Octubre,2,2022,20,43,JACKSON ST,6,Calle Local Municipalidad,Urbano,Arteria Principal,City or Municipal Highway Agency,0,Sin jurisdiccion especial,99998,40.10511389,-85.68053611,Peaton,El primer evento no fue una colision con un vehiculo automotor en transporte,Four-Way Intersection,Interseccion de 4 direcciones,Sobre calle,Ninguna,Oscuro sin iluminacion,Despejado,No,NO APLICA,99,99,99,99,1,02/10/2022,1
18,Indiana,180737,0,0,1,0,27,DAVIESS (27),5120,WASHINGTON,8,Agosto,31,2022,16,32,I-69,1,Interestatal,Rural,Interestatal,State Highway Agency,1,Sin jurisdiccion especial,99998,38.65040556,-87.12029444,Volcadura,El primer evento no fue una colision con un vehiculo automotor en transporte,Not an Intersection,No fue interseccion,En el medio,Ninguna,Dia total,Despejado,No,NO APLICA,99,99,99,99,1,31/08/2022,2
18,Indiana,180738,2,2,2,0,107,MONTGOMERY (107),1060,CRAWFORDSVILLE,10,Octubre,31,2022,19,1,TRACTION RD,6,Calle Local Municipalidad,Urbano,Local,City or Municipal Highway Agency,0,Sin jurisdiccion especial,99998,40.03957778,-86.86420278,Peaton,El primer evento no fue una colision con un vehiculo automotor en transporte,Not an Intersection,No fue interseccion,Sobre calle,Ninguna,Oscuro sin iluminacion,Nublado,No,NO APLICA,99,99,99,99,1,31/10/2022,7
18,Indiana,180739,0,0,1,0,39,ELKHART (39),480,BRISTOL,11,Noviembre,1,2022,14,15,SR-120,3,Highway estatal,Urbano,Arteria Principal,State Highway Agency,0,Sin jurisdiccion especial,99998,41.71789722,-85.83554444,Otro objeto (fijo),El primer evento no fue una colision con un vehiculo automotor en transporte,Not an Intersection,No fue interseccion,Sobre el lado de la calle,Ninguna,Dia total,Despejado,No,NO APLICA,99,99,99,99,1,01/11/2022,1
18,Indiana,180740,1,1,1,0,167,VIGO (167),4840,TERRE HAUTE,11,Noviembre,2,2022,13,52,12TH ST,6,Calle Local Municipalidad,Urbano,Local,City or Municipal Highway Agency,0,Sin jurisdiccion especial,99998,39.46764444,-87.39927222,Peaton,El primer evento no fue una colision con un vehiculo automotor en transporte,Four-Way Intersection,Interseccion de 4 direcciones,Sobre calle,Ninguna,Dia total,Despejado,No,NO APLICA,99,99,99,99,1,02/11/2022,1
18,Indiana,180741,0,0,1,0,175,WASHINGTON (175),4340,SALEM,10,Octubre,27,2022,8,35,MARKET ST,6,Calle Local Municipalidad,Urbano,Local,City or Municipal Highway Agency,0,Sin jurisdiccion especial,99998,38.60251944,-86.12028333,Fin de valla,El primer evento no fue una colision con un vehiculo automotor en transporte,Not an Intersection,No fue interseccion,Sobre el lado de la calle,Ninguna,Dia total,Despejado,No,NO APLICA,99,99,99,99,1,27/10/2022,1
18,Indiana,180742,0,0,2,0,79,JENNINGS (79),3670,NORTH VERNON,10,Octubre,20,2022,12,44,CR-200,6,Calle Local Municipalidad,Rural,Colector Mayor,County Highway Agency,0,Sin jurisdiccion especial,99998,38.99730556,-85.64786944,Vehiculo en movimiento,Angulo,Four-Way Intersection,Interseccion de 4 direcciones,Sobre calle,Ninguna,Dia total,Despejado,No,NO APLICA,99,99,99,99,1,20/10/2022,5
18,Indiana,180743,0,0,1,0,39,ELKHART (39),0,NO APLICA,10,Octubre,17,2022,0,51,CR-16,4,Calle del Condado,Rural,Colector Mayor,County Highway Agency,0,Sin jurisdiccion especial,99998,41.67915556,-86.03913333,Buzon de correo,El primer evento no fue una colision con un vehiculo automotor en transporte,Not an Intersection,No fue interseccion,Sobre el lado de la calle,Ninguna,Oscuro sin iluminacion,lluvia,No,NO APLICA,99,99,99,99,1,17/10/2022,1
18,Indiana,180744,0,0,2,0,169,WABASH (169),0,NO APLICA,10,Octubre,8,2022,12,57,CR-OLD SLOCUM TRAIL,4,Calle del Condado,Rural,Colector Menor,County Highway Agency,0,Sin jurisdiccion especial,99998,40.655725,-85.780225,Vehiculo en movimiento,Frente a frente,Not an Intersection,No fue interseccion,Sobre calle,Ninguna,Dia total,Despejado,No,NO APLICA,99,99,99,99,1,08/10/2022,4
18,Indiana,180745,0,0,2,0,11,BOONE (11),2630,LEBANON,11,Noviembre,2,2022,18,40,I-65,1,Interestatal,Urbano,Interestatal,State Highway Agency,1,Sin jurisdiccion especial,99998,40.04635556,-86.48803889,Vehiculo en movimiento,Frente a Detrás,Not an Intersection,No fue interseccion,Sobre calle,Ninguna,Atardecer,Despejado,No,NO APLICA,99,99,99,99,1,02/11/2022,2
18,Indiana,180746,0,0,2,0,83,KNOX (83),0,NO APLICA,11,Noviembre,3,2022,17,50,US-150,2,US Highway,Rural,Arteria Principal,State Highway Agency,1,Sin jurisdiccion especial,99998,38.67491667,-87.36845833,Vehiculo en movimiento,Angulo,Four-Way Intersection,Interseccion de 4 direcciones,Sobre calle,Ninguna,Dia total,Despejado,No,NO APLICA,99,99,99,99,1,03/11/2022,2
18,Indiana,180747,0,0,1,0,59,HANCOCK (59),1890,GREENFIELD,10,Octubre,29,2022,1,56,US-40,2,US Highway,Rural,Colector Mayor,State Highway Agency,0,Sin jurisdiccion especial,99998,39.78709722,-85.72734444,Barda,El primer evento no fue una colision con un vehiculo automotor en transporte,Not an Intersection,No fue interseccion,Sobre el lado de la calle,Ninguna,Oscuro sin iluminacion,Despejado,No,NO APLICA,99,99,99,99,1,29/10/2022,1