Estado,Nombre de Estado,Numero de Caso,Peatones,Personas _no_vehiculos,Vehiculos automotores,Vehiculos estacionados,Condado,Nombre Condado,Ciudad,Nombre Ciudad,Mes,Nombre Mes,Dia,Año,Hora,Minuto,Calle,Ruta,Nombre Ruta,Rural o Urbanoo,Sistema Funcional,Dueño Calle,Sistema Nacional Carreteras,Jurisdiccion Especial,Milla,Latitud,Longitud,Causa del Accidente,Tipo de Accidente,Tipo Interseccion,Columna1,Lugar en la calle,Zona de Trabajo,Luz,Clima,Autobus Escolar,Cruce de Trenes,Hora Notificacion,Minuto Notificacion,Hora Llegada,Minuto Llegada,Decesos,Fecha,PersonaVehiculo
18,Indiana,180748,0,0,2,0,37,DUBOIS (37),0,NO APLICA,10,Octubre,7,2022,9,45,SR-56,3,Highway estatal,Rural,Colector Mayor,State Highway Agency,0,Sin jurisdiccion especial,99998,38.42222222,-87.02373889,Vehiculo en movimiento,Angulo,Not an Intersection,No fue interseccion,Sobre calle,Ninguna,Dia total,Despejado,No,NO APLICA,99,99,99,99,1,07/10/2022,3
18,Indiana,180749,1,1,1,0,97,MARION (97),2210,INDIANAPOLIS,11,Noviembre,2,2022,20,57,MADISON AVE,6,Calle Local Municipalidad,Urbano,Arteria Menor,City or Municipal Highway Agency,0,Sin jurisdiccion especial,99998,39.70328333,-86.1402,Peaton,El primer evento no fue una colision con un vehiculo automotor en transporte,Not an Intersection,No fue interseccion,Sobre calle,Ninguna,Oscuro sin iluminacion,Despejado,No,NO APLICA,99,99,99,99,1,02/11/2022,1
18,Indiana,180751,0,0,2,0,113,NOBLE (113),0,NO APLICA,11,Noviembre,4,2022,12,8,SR-5,3,Highway estatal,Rural,Colector Mayor,State Highway Agency,0,Sin jurisdiccion especial,99998,41.32399444,-85.64044167,Vehiculo en movimiento,Angulo,Four-Way Intersection,Interseccion de 4 direcciones,Sobre calle,Ninguna,Dia total,Nublado,No,NO APLICA,99,99,99,99,1,04/11/2022,3
18,Indiana,180752,0,0,1,0,97,MARION (97),2210,INDIANAPOLIS,9,Septiembre,25,2022,2,50,38TH,6,Calle Local Municipalidad,Urbano,Arteria Principal,City or Municipal Highway Agency,0,Sin jurisdiccion especial,99998,39.8248,-86.17706389,Banqueta,El primer evento no fue una colision con un vehiculo automotor en transporte,Not an Intersection,No fue interseccion,En el medio,Ninguna,Oscuro con iluminacion,lluvia,No,NO APLICA,99,99,99,99,1,25/09/2022,1
18,Indiana,180753,1,1,1,0,39,ELKHART (39),1830,GOSHEN,9,Septiembre,26,2022,8,19,S MAIN ST,6,Calle Local Municipalidad,Urbano,Local,City or Municipal Highway Agency,0,Sin jurisdiccion especial,99998,41.45613333,-85.82733333,Peaton,El primer evento no fue una colision con un vehiculo automotor en transporte,Not an Intersection,No fue interseccion,Sobre calle,Ninguna,Dia total,Despejado,No,NO APLICA,99,99,99,99,1,26/09/2022,4
18,Indiana,180754,0,0,2,0,97,MARION (97),2210,INDIANAPOLIS,9,Septiembre,29,2022,0,13,DELAWARE ST,6,Calle Local Municipalidad,Urbano,Arteria Menor,City or Municipal Highway Agency,0,Sin jurisdiccion especial,99998,39.80114444,-86.15314722,Vehiculo en movimiento,Angulo,Four-Way Intersection,Interseccion de 4 direcciones,Sobre calle,Ninguna,Oscuro con iluminacion,Despejado,No,NO APLICA,99,99,99,99,1,29/09/2022,5
18,Indiana,180755,0,0,1,0,69,HUNTINGTON (69),0,NO APLICA,9,Septiembre,25,2022,13,45,CR-200,4,Calle del Condado,Rural,Local,County Highway Agency,0,Sin jurisdiccion especial,99998,40.79964722,-85.51621667,Volcadura,El primer evento no fue una colision con un vehiculo automotor en transporte,Not an Intersection,No fue interseccion,Sobre el lado de la calle,Ninguna,Dia total,Nublado,No,NO APLICA,99,99,99,99,1,25/09/2022,3
18,Indiana,180756,0,0,2,0,97,MARION (97),2210,INDIANAPOLIS,10,Octubre,1,2022,2,57,MICHIGAN RD,6,Calle Local Municipalidad,Urbano,Arteria Principal,City or Municipal Highway Agency,0,Sin jurisdiccion especial,99998,39.88468611,-86.20968056,Vehiculo en movimiento,Frente a Detrás,Four-Way Intersection,Interseccion de 4 direcciones,Sobre calle,Ninguna,Oscuro con iluminacion,Despejado,No,NO APLICA,99,99,99,99,1,01/10/2022,4
18,Indiana,180757,0,0,1,0,97,MARION (97),2210,INDIANAPOLIS,10,Octubre,3,2022,2,22,62ND ST,5,Calle Local - Pueblo,Urbano,Local,City or Municipal Highway Agency,0,Sin jurisdiccion especial,99998,39.868775,-86.07427778,Piedrotototota,El primer evento no fue una colision con un vehiculo automotor en transporte,T-Intersection,Interseccion de T,Sobre el lado de la calle,Ninguna,Oscuro sin iluminacion,Despejado,No,NO APLICA,99,99,99,99,1,03/10/2022,1
18,Indiana,180758,0,0,1,0,99,MARSHALL (99),0,NO APLICA,10,Octubre,1,2022,0,24,us-6,2,US Highway,Rural,Arteria Principal,State Highway Agency,1,Sin jurisdiccion especial,99998,41.44980833,-86.212725,Valla Ferrocarril,El primer evento no fue una colision con un vehiculo automotor en transporte,Not an Intersection,No fue interseccion,Sobre el lado de la calle,Ninguna,Oscuro sin iluminacion,Despejado,No,NO APLICA,99,99,99,99,1,01/10/2022,1
18,Indiana,180759,1,1,1,0,97,MARION (97),2210,INDIANAPOLIS,10,Octubre,4,2022,11,57,US-40,2,US Highway,Urbano,Arteria Principal,State Highway Agency,1,Sin jurisdiccion especial,99998,39.73658611,-86.30275833,Peaton,El primer evento no fue una colision con un vehiculo automotor en transporte,Not an Intersection,No fue interseccion,Sobre calle,Ninguna,Dia total,Despejado,No,NO APLICA,99,99,99,99,1,04/10/2022,1
18,Indiana,180760,0,0,1,0,163,VANDERBURGH (163),0,NO APLICA,10,Octubre,11,2022,14,52,OLD HENDERSON,5,Calle Local - Pueblo,Rural,Local,City or Municipal Highway Agency,0,Sin jurisdiccion especial,99998,37.89415,-87.60268611,Arbol,El primer evento no fue una colision con un vehiculo automotor en transporte,Not an Intersection,No fue interseccion,Sobre el lado de la calle,Ninguna,Dia total,Despejado,No,NO APLICA,99,99,99,99,1,11/10/2022,1
18,Indiana,180761,0,0,1,0,81,JOHNSON (81),0,NO APLICA,10,Octubre,12,2022,14,40,CR-MAUXFERRY RD,4,Calle del Condado,Rural,Colector Menor,County Highway Agency,0,Sin jurisdiccion especial,99998,39.43190556,-86.03880833,Zanja,El primer evento no fue una colision con un vehiculo automotor en transporte,Not an Intersection,No fue interseccion,Sobre el lado de la calle,Ninguna,Dia total,Despejado,No,NO APLICA,99,99,99,99,1,12/10/2022,1
18,Indiana,180762,0,0,2,0,3,ALLEN (3),3480,NEW HAVEN,10,Octubre,16,2022,0,20,SR-930,3,Highway estatal,Urbano,Arteria Principal,State Highway Agency,0,Sin jurisdiccion especial,99998,41.07283889,-85.07333889,Vehiculo en movimiento,Frente a frente,Not an Intersection,No fue interseccion,Sobre calle,Ninguna,Oscuro con iluminacion,Despejado,No,NO APLICA,99,99,99,99,1,16/10/2022,2
18,Indiana,180763,0,0,1,0,127,PORTER (127),4025,PORTAGE,10,Octubre,16,2022,12,35,STAGE COACH DR,5,Calle Local - Pueblo,Rural,Local,City or Municipal Highway Agency,0,Sin jurisdiccion especial,99998,41.60823889,-87.19365278,Volcadura,El primer evento no fue una colision con un vehiculo automotor en transporte,Not an Intersection,No fue interseccion,Sobre el lado de la calle,Ninguna,Dia total,Nublado,No,NO APLICA,99,99,99,99,1,16/10/2022,3
18,Indiana,180764,0,0,2,0,89,LAKE (89),2010,HAMMOND,10,Octubre,14,2022,23,45,I-80,1,Interestatal,Urbano,Interestatal,State Highway Agency,1,Sin jurisdiccion especial,99998,41.57398056,-87.50703333,Valla para choques,El primer evento no fue una colision con un vehiculo automotor en transporte,Not an Intersection,No fue interseccion,Sobre el lado de la calle,Ninguna,Oscuro con iluminacion,Despejado,No,NO APLICA,99,99,99,99,1,14/10/2022,2
18,Indiana,180765,1,1,3,0,87,LAGRANGE (87),0,NO APLICA,10,Octubre,23,2022,20,51,I-80,1,Interestatal,Rural,Interestatal,State Highway Agency,1,Sin jurisdiccion especial,99998,41.75180556,-85.606775,Vehiculo en movimiento,Frente a Detrás,Not an Intersection,No fue interseccion,Sobre calle,Ninguna,Oscuro sin iluminacion,Despejado,No,NO APLICA,99,99,99,99,1,23/10/2022,3
18,Indiana,180766,0,0,2,1,127,PORTER (127),0,NO APLICA,10,Octubre,22,2022,6,45,I-94,1,Interestatal,Rural,Interestatal,State Highway Agency,1,Sin jurisdiccion especial,99998,41.598925,-87.19959167,Vehiculo Aparcado,El primer evento no fue una colision con un vehiculo automotor en transporte,Not an Intersection,No fue interseccion,Sobre el lado de la calle,Ninguna,Amanecer,Despejado,No,NO APLICA,99,99,99,99,1,22/10/2022,1
18,Indiana,180767,1,1,3,0,19,CLARK (19),2270,JEFFERSONVILLE,10,Octubre,22,2022,7,10,SR-62,3,Highway estatal,Rural,Arteria Menor,State Highway Agency,0,Sin jurisdiccion especial,99998,38.36689167,-85.69803333,Peaton,El primer evento no fue una colision con un vehiculo automotor en transporte,Not an Intersection,No fue interseccion,Sobre calle,Ninguna,Oscuro sin iluminacion,Despejado,No,NO APLICA,99,99,99,99,1,22/10/2022,3
18,Indiana,180768,0,0,3,0,3,ALLEN (3),1580,FORT WAYNE,10,Octubre,24,2022,11,43,PAULDING RD,6,Calle Local Municipalidad,Urbano,Arteria Menor,City or Municipal Highway Agency,0,Sin jurisdiccion especial,99998,41.03168889,-85.126475,Vehiculo en movimiento,Angulo,Four-Way Intersection,Interseccion de 4 direcciones,Sobre calle,Ninguna,Dia total,Despejado,No,NO APLICA,99,99,99,99,1,24/10/2022,4
18,Indiana,180769,0,0,2,0,97,MARION (97),2210,INDIANAPOLIS,10,Octubre,22,2022,12,43,MERIDIAN ST,6,Calle Local Municipalidad,Urbano,Arteria Menor,City or Municipal Highway Agency,0,Sin jurisdiccion especial,99998,39.70775833,-86.15846111,Vehiculo en movimiento,Angulo,Four-Way Intersection,Interseccion de 4 direcciones,Sobre calle,Ninguna,Dia total,Despejado,No,NO APLICA,99,99,99,99,1,22/10/2022,2
18,Indiana,180770,0,0,1,0,85,KOSCIUSKO (85),0,NO APLICA,10,Octubre,27,2022,12,11,SR-13,3,Highway estatal,Rural,Colector Mayor,State Highway Agency,0,Sin jurisdiccion especial,99998,41.07447778,-85.74273611,Poste,El primer evento no fue una colision con un vehiculo automotor en transporte,Not an Intersection,No fue interseccion,Sobre el lado de la calle,Ninguna,Dia total,Despejado,No,NO APLICA,99,99,99,99,1,27/10/2022,1
18,Indiana,180771,1,1,1,0,91,LA PORTE (91),0,NO APLICA,10,Octubre,27,2022,18,35,US-421,2,US Highway,Rural,Arteria Principal,State Highway Agency,1,Sin jurisdiccion especial,99998,41.55237778,-86.89698611,Ciclista,El primer evento no fue una colision con un vehiculo automotor en transporte,Not an Intersection,No fue interseccion,Sobre calle,Ninguna,Oscuro sin iluminacion,Nublado,No,NO APLICA,99,99,99,99,1,27/10/2022,2
18,Indiana,180772,0,0,2,0,97,MARION (97),2210,INDIANAPOLIS,10,Octubre,31,2022,11,40,I-465,1,Interestatal,Urbano,Interestatal,State Highway Agency,1,Sin jurisdiccion especial,99998,39.86536389,-86.27238333,Vehiculo en movimiento,Angulo,Not an Intersection,No fue interseccion,Sobre calle,Ninguna,Dia total,lluvia,No,NO APLICA,99,99,99,99,1,31/10/2022,3
18,Indiana,180773,0,0,1,0,61,HARRISON (61),0,NO APLICA,9,Septiembre,8,2022,14,10,SR-64,3,Highway estatal,Rural,Colector Mayor,State Highway Agency,0,Sin jurisdiccion especial,99998,38.30393889,-86.04210556,Culvert,El primer evento no fue una colision con un vehiculo automotor en transporte,Not an Intersection,No fue interseccion,Sobre el lado de la calle,Ninguna,Dia total,Despejado,No,NO APLICA,99,99,99,99,1,08/09/2022,1
18,Indiana,180774,0,0,2,0,97,MARION (97),2210,INDIANAPOLIS,10,Octubre,26,2022,22,40,SHADELAND AVE,6,Calle Local Municipalidad,Urbano,Arteria Principal,City or Municipal Highway Agency,0,Sin jurisdiccion especial,99998,39.86949722,-86.04558611,Vehiculo en movimiento,Frente a Detrás,Not an Intersection,No fue interseccion,Sobre calle,Ninguna,Oscuro con iluminacion,Nublado,No,NO APLICA,99,99,99,99,1,26/10/2022,4
18,Indiana,180775,0,0,2,0,17,CASS (17),0,NO APLICA,11,Noviembre,6,2022,14,28,SR-25,3,Highway estatal,Rural,Arteria Menor,State Highway Agency,0,Sin jurisdiccion especial,99998,40.85682222,-86.32034444,Vehiculo en movimiento,Frente a frente,Not an Intersection,No fue interseccion,Sobre calle,Ninguna,Dia total,Despejado,No,NO APLICA,99,99,99,99,1,06/11/2022,3
18,Indiana,180776,0,0,3,0,53,GRANT (53),0,NO APLICA,11,Noviembre,9,2022,14,30,SR-5,3,Highway estatal,Rural,Colector Mayor,State Highway Agency,0,Sin jurisdiccion especial,99998,40.50386389,-85.50238611,Vehiculo en movimiento,Golpe Lateral - direccion contraria,Not an Intersection,No fue interseccion,Sobre calle,Ninguna,Dia total,Despejado,No,NO APLICA,99,99,99,99,1,09/11/2022,4
18,Indiana,180777,0,0,2,0,89,LAKE (89),2010,HAMMOND,10,Octubre,24,2022,15,2,I-80,1,Interestatal,Urbano,Interestatal,State Highway Agency,1,Sin jurisdiccion especial,99998,41.57402222,-87.50709444,Valla para choques,El primer evento no fue una colision con un vehiculo automotor en transporte,Not an Intersection,No fue interseccion,Gore?,Construccion,Dia total,Despejado,No,NO APLICA,99,99,99,99,1,24/10/2022,2
18,Indiana,180778,1,1,1,0,97,MARION (97),2210,INDIANAPOLIS,10,Octubre,30,2022,19,40,16TH ST,6,Calle Local Municipalidad,Urbano,Arteria Principal,City or Municipal Highway Agency,0,Sin jurisdiccion especial,99998,39.78791389,-86.20844444,Peaton,El primer evento no fue una colision con un vehiculo automotor en transporte,Not an Intersection,No fue interseccion,Sobre calle,Ninguna,Oscuro con iluminacion,lluvia,No,NO APLICA,99,99,99,99,1,30/10/2022,3
18,Indiana,180779,0,0,2,0,175,WASHINGTON (175),0,NO APLICA,11,Noviembre,4,2022,7,48,SR-56,3,Highway estatal,Rural,Arteria Menor,State Highway Agency,0,Sin jurisdiccion especial,99998,38.65543611,-85.98490556,Vehiculo en movimiento,Frente a frente,Not an Intersection,No fue interseccion,Sobre calle,Ninguna,Oscuro sin iluminacion,Nublado,No,NO APLICA,99,99,99,99,2,04/11/2022,3
18,Indiana,180780,0,0,2,0,5,BARTHOLOMEW (5),0,NO APLICA,11,Noviembre,14,2022,19,10,SR-46,3,Highway estatal,Urbano,Arteria Principal,State Highway Agency,1,Sin jurisdiccion especial,99998,39.18461111,-85.77210278,Vehiculo en movimiento,Angulo,Not an Intersection,No fue interseccion,Sobre calle,Ninguna,Oscuro sin iluminacion,Despejado,No,NO APLICA,99,99,99,99,1,14/11/2022,2
18,Indiana,180781,0,0,2,0,61,HARRISON (61),0,NO APLICA,11,Noviembre,4,2022,17,0,BAELZ RD,5,Calle Local - Pueblo,Rural,Colector Menor,City or Municipal Highway Agency,0,Sin jurisdiccion especial,99998,38.18932222,-86.15353056,Volcadura,El primer evento no fue una colision con un vehiculo automotor en transporte,Not an Intersection,No fue interseccion,Sobre calle,Ninguna,Dia total,Despejado,No,NO APLICA,99,99,99,99,1,04/11/2022,2
18,Indiana,180782,0,0,1,0,97,MARION (97),2210,INDIANAPOLIS,4,Abril,4,2022,20,20,MADISON AVE,6,Calle Local Municipalidad,Urbano,Arteria Principal,City or Municipal Highway Agency,0,Sin jurisdiccion especial,99998,39.74517778,-86.15434444,Banqueta,El primer evento no fue una colision con un vehiculo automotor en transporte,Not an Intersection,No fue interseccion,En el medio,Ninguna,Oscuro con iluminacion,Despejado,No,NO APLICA,99,99,99,99,1,04/04/2022,1
18,Indiana,180783,0,0,1,0,15,CARROLL (15),0,NO APLICA,10,Octubre,21,2022,17,6,SR-25,3,Highway estatal,Rural,Arteria Principal,State Highway Agency,1,Sin jurisdiccion especial,99998,40.59585556,-86.65640278,Valla Ferrocarril,El primer evento no fue una colision con un vehiculo automotor en transporte,Not an Intersection,No fue interseccion,Sobre el lado de la calle,Ninguna,Dia total,Despejado,No,NO APLICA,99,99,99,99,1,21/10/2022,1
18,Indiana,180784,0,0,2,0,97,MARION (97),2210,INDIANAPOLIS,11,Noviembre,13,2022,3,8,I-465,1,Interestatal,Urbano,Interestatal,State Highway Agency,1,Sin jurisdiccion especial,99998,39.70094444,-86.16719722,Vehiculo en movimiento,Frente a Detrás,Not an Intersection,No fue interseccion,Sobre calle,Construccion,Oscuro sin iluminacion,Despejado,No,NO APLICA,99,99,99,99,1,13/11/2022,4
18,Indiana,180785,0,0,2,0,81,JOHNSON (81),1950,GREENWOOD,10,Octubre,13,2022,1,7,STOP 18 RD,6,Calle Local Municipalidad,Urbano,Colector Mayor,City or Municipal Highway Agency,0,Sin jurisdiccion especial,99998,39.59402778,-86.09884722,Vehiculo en movimiento,Frente a Detrás,Not an Intersection,No fue interseccion,Sobre calle,Ninguna,Oscuro sin iluminacion,Despejado,No,NO APLICA,99,99,99,99,1,13/10/2022,2
18,Indiana,180786,2,2,1,0,167,VIGO (167),4840,TERRE HAUTE,3,Marzo,20,2022,19,40,E VOORHEES ST,6,Calle Local Municipalidad,Urbano,Colector Mayor,City or Municipal Highway Agency,0,Sin jurisdiccion especial,99998,39.44109444,-87.41162778,No vehiculo o remolque,El primer evento no fue una colision con un vehiculo automotor en transporte,Not an Intersection,No fue interseccion,Sobre calle,Ninguna,Atardecer,Despejado,No,NO APLICA,99,99,99,99,1,20/03/2022,1
18,Indiana,180787,0,0,2,0,99,MARSHALL (99),0,NO APLICA,11,Noviembre,13,2022,3,39,US-6,2,US Highway,Rural,Arteria Principal,State Highway Agency,1,Sin jurisdiccion especial,99998,41.44975278,-86.24938056,Vehiculo en movimiento,Angulo,Not an Intersection,No fue interseccion,Sobre calle,Ninguna,Oscuro sin iluminacion,Nieve,No,NO APLICA,99,99,99,99,1,13/11/2022,6
18,Indiana,180788,0,0,2,0,157,TIPPECANOE (157),0,NO APLICA,11,Noviembre,14,2022,17,25,cr-SCHUYLER AVE,4,Calle del Condado,Urbano,Arteria Principal,County Highway Agency,0,Sin jurisdiccion especial,99998,40.44933333,-86.85830278,Otro objeto (no fijo),El primer evento no fue una colision con un vehiculo automotor en transporte,Not an Intersection,No fue interseccion,Sobre calle,Ninguna,Dia total,Despejado,No,NO APLICA,99,99,99,99,1,14/11/2022,2
18,Indiana,180789,0,0,2,0,3,ALLEN (3),0,NO APLICA,11,Noviembre,17,2022,14,23,US-24,2,US Highway,Rural,Arterial Principal -Freeway o ExpressWay,State Highway Agency,1,Sin jurisdiccion especial,99998,41.09693889,-84.97442778,Vehiculo en movimiento,Frente a Detrás,Not an Intersection,No fue interseccion,Sobre calle,Construccion,Dia total,Despejado,No,NO APLICA,99,99,99,99,2,17/11/2022,4
18,Indiana,180790,0,0,1,0,149,STARKE (149),0,NO APLICA,11,Noviembre,18,2022,5,19,US-30,2,US Highway,Rural,Arterial Principal -Freeway o ExpressWay,State Highway Agency,1,Sin jurisdiccion especial,99998,41.38756667,-86.57939444,Volcadura,El primer evento no fue una colision con un vehiculo automotor en transporte,Not an Intersection,No fue interseccion,En el medio,Ninguna,Oscuro sin iluminacion,Nieve,No,NO APLICA,99,99,99,99,1,18/11/2022,1
18,Indiana,180791,0,0,1,0,95,MADISON (95),70,ALEXANDRIA,11,Noviembre,3,2022,15,10,MONROE ST,6,Calle Local Municipalidad,Urbano,Colector Mayor,City or Municipal Highway Agency,0,Sin jurisdiccion especial,99998,40.26769167,-85.67694167,Poste,El primer evento no fue una colision con un vehiculo automotor en transporte,Not an Intersection,No fue interseccion,Sobre el lado de la calle,Ninguna,Dia total,Despejado,No,NO APLICA,99,99,99,99,1,03/11/2022,1
18,Indiana,180792,0,0,2,0,39,ELKHART (39),0,NO APLICA,11,Noviembre,18,2022,23,5,US-20,2,US Highway,Rural,Arterial Principal -Freeway o ExpressWay,State Highway Agency,1,Sin jurisdiccion especial,99998,41.63360833,-85.99309444,Vehiculo en movimiento,Frente a frente,Not an Intersection,No fue interseccion,Sobre calle,Ninguna,Oscuro con iluminacion,Nieve,No,NO APLICA,99,99,99,99,1,18/11/2022,2
18,Indiana,180793,0,0,2,0,91,LA PORTE (91),0,NO APLICA,11,Noviembre,19,2022,16,16,CR-W JOHNSON RD,4,Calle del Condado,Rural,Arteria Menor,County Highway Agency,0,Sin jurisdiccion especial,99998,41.64345556,-86.79900278,Vehiculo en movimiento,Angulo,T-Intersection,Interseccion de T,Sobre calle,Ninguna,Oscuro con iluminacion,Nieve,No,NO APLICA,99,99,99,99,1,19/11/2022,3
18,Indiana,180794,0,0,1,0,95,MADISON (95),3760,ORESTES,10,Octubre,24,2022,15,27,SUPERIOR STREET,6,Calle Local Municipalidad,Urbano,Colector Mayor,City or Municipal Highway Agency,0,Sin jurisdiccion especial,99998,40.26874722,-85.72818611,Vehiculo Ferrocarril,El primer evento no fue una colision con un vehiculo automotor en transporte,Not an Intersection,No fue interseccion,Sobre calle,Ninguna,Dia total,Despejado,No,474615B,99,99,99,99,1,24/10/2022,1
18,Indiana,180795,0,0,1,0,53,GRANT (53),0,NO APLICA,11,Noviembre,20,2022,1,30,CR-S LINCOLN BLVD,4,Calle del Condado,Rural,Arteria Menor,State Highway Agency,0,Sin jurisdiccion especial,99998,40.50902222,-85.63768333,Arbol,El primer evento no fue una colision con un vehiculo automotor en transporte,Not an Intersection,No fue interseccion,Sobre el lado de la calle,Ninguna,Oscuro sin iluminacion,Despejado,No,NO APLICA,99,98,99,98,1,20/11/2022,1
18,Indiana,180796,0,0,1,0,5,BARTHOLOMEW (5),990,COLUMBUS,11,Noviembre,21,2022,17,9,LOWELL RD,6,Calle Local Municipalidad,Urbano,Local,City or Municipal Highway Agency,0,Sin jurisdiccion especial,99998,39.24444444,-85.93833056,Vehiculo Ferrocarril,El primer evento no fue una colision con un vehiculo automotor en transporte,Not an Intersection,No fue interseccion,Sobre calle,Ninguna,Dia total,Despejado,No,535503X,99,99,99,99,1,21/11/2022,1
18,Indiana,180797,0,0,1,0,27,DAVIESS (27),0,NO APLICA,11,Noviembre,21,2022,6,31,I-69,1,Interestatal,Rural,Interestatal,State Highway Agency,1,Sin jurisdiccion especial,590,38.62313056,-87.15181389,Zanja,El primer evento no fue una colision con un vehiculo automotor en transporte,Not an Intersection,No fue interseccion,En el medio,Ninguna,Oscuro sin iluminacion,Despejado,No,NO APLICA,99,99,99,99,1,21/11/2022,1
18,Indiana,180798,0,0,2,0,15,CARROLL (15),0,NO APLICA,11,Noviembre,14,2022,9,56,CR-500,4,Calle del Condado,Rural,Local,County Highway Agency,0,Sin jurisdiccion especial,99998,40.56140833,-86.42949444,Vehiculo en movimiento,Angulo,T-Intersection,Interseccion de T,Sobre calle,Ninguna,Dia total,Despejado,No,NO APLICA,99,99,99,99,1,14/11/2022,2
18,Indiana,180799,0,0,2,0,19,CLARK (19),870,CLARKSVILLE,11,Noviembre,7,2022,17,35,I-65,1,Interestatal,Urbano,Interestatal,State Highway Agency,1,Sin jurisdiccion especial,99998,38.34464722,-85.75395833,Vehiculo en movimiento,Frente a Detrás,Not an Intersection,No fue interseccion,Sobre calle,Ninguna,Oscuro con iluminacion,Despejado,No,NO APLICA,99,99,99,99,1,07/11/2022,2
18,Indiana,180800,0,0,1,0,135,RANDOLPH (135),0,NO APLICA,11,Noviembre,23,2022,9,23,cr-ARBA PIKE,4,Calle del Condado,Rural,Colector Mayor,County Highway Agency,0,Sin jurisdiccion especial,99998,40.02651389,-84.86323056,Volcadura,El primer evento no fue una colision con un vehiculo automotor en transporte,Not an Intersection,No fue interseccion,Sobre el lado de la calle,Ninguna,Dia total,Despejado,No,NO APLICA,99,99,99,99,1,23/11/2022,1
18,Indiana,180801,0,0,2,0,11,BOONE (11),9997,Other,11,Noviembre,20,2022,16,30,CR-100,4,Calle del Condado,Rural,Local,County Highway Agency,0,Sin jurisdiccion especial,99998,40.05408889,-86.37502222,Vehiculo en movimiento,Angulo,Four-Way Intersection,Interseccion de 4 direcciones,Sobre calle,Ninguna,Dia total,Despejado,No,NO APLICA,99,99,99,99,1,20/11/2022,3
18,Indiana,180803,0,0,1,0,43,FLOYD (43),0,NO APLICA,11,Noviembre,20,2022,1,11,SR-GRANT LINE RD,3,Highway estatal,Rural,Colector Mayor,State Highway Agency,0,Sin jurisdiccion especial,99998,38.39933056,-85.80843611,Culvert,El primer evento no fue una colision con un vehiculo automotor en transporte,Not an Intersection,No fue interseccion,Sobre el lado de la calle,Ninguna,Oscuro sin iluminacion,Despejado,No,NO APLICA,99,99,99,99,1,20/11/2022,1
18,Indiana,180804,0,0,1,0,39,ELKHART (39),0,NO APLICA,11,Noviembre,26,2022,4,5,CR-4,4,Calle del Condado,Rural,Colector Mayor,County Highway Agency,0,Sin jurisdiccion especial,99998,41.73882222,-85.95696111,Arbol,El primer evento no fue una colision con un vehiculo automotor en transporte,Not an Intersection,No fue interseccion,Sobre el lado de la calle,Ninguna,Oscuro sin iluminacion,Despejado,No,NO APLICA,99,98,99,98,1,26/11/2022,1
18,Indiana,180805,0,0,1,0,65,HENRY (65),0,NO APLICA,11,Noviembre,26,2022,10,35,CR-100 S,4,Calle del Condado,Rural,Local,County Highway Agency,0,Sin jurisdiccion especial,99998,39.91733889,-85.431925,Poste,El primer evento no fue una colision con un vehiculo automotor en transporte,Not an Intersection,No fue interseccion,Sobre el lado de la calle,Ninguna,Dia total,Despejado,No,NO APLICA,99,99,99,99,1,26/11/2022,1
18,Indiana,180806,1,1,1,0,39,ELKHART (39),1410,ELKHART,11,Noviembre,25,2022,17,30,CASSOPOLIS ST,6,Calle Local Municipalidad,Urbano,Arteria Principal,City or Municipal Highway Agency,0,Sin jurisdiccion especial,99998,41.69519444,-85.97176389,Peaton,El primer evento no fue una colision con un vehiculo automotor en transporte,Not an Intersection,No fue interseccion,Sobre calle,Ninguna,Dia total,Nublado,No,NO APLICA,99,99,99,99,1,25/11/2022,4
18,Indiana,180807,0,0,1,0,139,RUSH (139),0,NO APLICA,11,Noviembre,27,2022,1,45,CR-700W,4,Calle del Condado,Rural,Colector Mayor,County Highway Agency,0,Sin jurisdiccion especial,99998,39.643275,-85.57616389,Vehiculo Ferrocarril,El primer evento no fue una colision con un vehiculo automotor en transporte,Not an Intersection,No fue interseccion,Sobre calle,Ninguna,Oscuro sin iluminacion,lluvia,No,154216G,99,98,99,98,2,27/11/2022,2
18,Indiana,180808,1,1,1,0,97,MARION (97),2210,INDIANAPOLIS,11,Noviembre,28,2022,7,41,E WASHINGTON ST,6,Calle Local Municipalidad,Urbano,Arteria Principal,City or Municipal Highway Agency,0,Sin jurisdiccion especial,99998,39.77156667,-86.05464722,Peaton,El primer evento no fue una colision con un vehiculo automotor en transporte,Four-Way Intersection,Interseccion de 4 direcciones,Sobre calle,Ninguna,Dia total,Despejado,No,NO APLICA,99,99,99,99,1,28/11/2022,1
18,Indiana,180809,0,0,1,0,97,MARION (97),2210,INDIANAPOLIS,11,Noviembre,30,2022,8,35,I-74,1,Interestatal,Urbano,Interestatal,State Highway Agency,1,Sin jurisdiccion especial,934,39.73188611,-86.04798889,Culvert,El primer evento no fue una colision con un vehiculo automotor en transporte,Not an Intersection,No fue interseccion,Sobre el lado de la calle,Ninguna,Oscuro con iluminacion,Despejado,No,NO APLICA,99,99,99,99,1,30/11/2022,2