Estado,Nombre de Estado,Numero de Caso,Peatones,Personas _no_vehiculos,Vehiculos automotores,Vehiculos estacionados,Condado,Nombre Condado,Ciudad,Nombre Ciudad,Mes,Nombre Mes,Dia,Año,Hora,Minuto,Calle,Ruta,Nombre Ruta,Rural o Urbanoo,Sistema Funcional,Dueño Calle,Sistema Nacional Carreteras,Jurisdiccion Especial,Milla,Latitud,Longitud,Causa del Accidente,Tipo de Accidente,Tipo Interseccion,Columna1,Lugar en la calle,Zona de Trabajo,Luz,Clima,Autobus Escolar,Cruce de Trenes,Hora Notificacion,Minuto Notificacion,Hora Llegada,Minuto Llegada,Decesos,Fecha,PersonaVehiculo
18,Indiana,180810,0,0,3,0,111,NEWTON (111),2340,KENTLAND,11,Noviembre,22,2022,9,19,US-41,2,US Highway,Urbano,Arteria Principal,State Highway Agency,1,Sin jurisdiccion especial,99998,40.76753333,-87.43808611,Vehiculo en movimiento,Frente a Detrás,Four-Way Intersection,Interseccion de 4 direcciones,Sobre calle,Ninguna,Dia total,Despejado,No,NO APLICA,99,99,99,99,1,22/11/2022,3
18,Indiana,180811,1,1,1,0,3,ALLEN (3),0,NO APLICA,12,Diciembre,1,2022,7,15,I-469,1,Interestatal,Rural,Interestatal,State Highway Agency,1,Sin jurisdiccion especial,99998,41.15521944,-85.03445556,Peaton,El primer evento no fue una colision con un vehiculo automotor en transporte,Not an Intersection,No fue interseccion,Sobre calle,Ninguna,Oscuro sin iluminacion,Nublado,No,NO APLICA,99,98,99,98,1,01/12/2022,1
18,Indiana,180812,0,0,2,0,157,TIPPECANOE (157),2480,LAFAYETTE,11,Noviembre,29,2022,9,25,9TH ST,6,Calle Local Municipalidad,Urbano,Arteria Menor,City or Municipal Highway Agency,0,Sin jurisdiccion especial,99998,40.39019167,-86.88584167,Vehiculo en movimiento,Angulo,Not an Intersection,No fue interseccion,Sobre calle,Ninguna,Dia total,Despejado,No,NO APLICA,99,99,99,99,1,29/11/2022,2
18,Indiana,180813,0,0,2,0,105,MONROE (105),0,NO APLICA,11,Noviembre,8,2022,12,50,CR-OLD SR-37,4,Calle del Condado,Rural,Arteria Menor,County Highway Agency,0,Sin jurisdiccion especial,99998,39.11816944,-86.53129444,Vehiculo en movimiento,Frente a Detrás,Not an Intersection,No fue interseccion,Sobre calle,Ninguna,Dia total,Despejado,No,NO APLICA,99,98,99,98,1,08/11/2022,2
18,Indiana,180814,0,0,1,0,89,LAKE (89),0,NO APLICA,11,Noviembre,27,2022,7,0,I-65,1,Interestatal,Rural,Interestatal,State Highway Agency,1,Sin jurisdiccion especial,2399,41.2885,-87.30081667,Culvert,El primer evento no fue una colision con un vehiculo automotor en transporte,Not an Intersection,No fue interseccion,Sobre el lado de la calle,Ninguna,Oscuro con iluminacion,lluvia,No,NO APLICA,99,99,99,99,2,27/11/2022,2
18,Indiana,180815,0,0,3,0,127,PORTER (127),0,NO APLICA,12,Diciembre,2,2022,17,21,US-6,2,US Highway,Rural,Arteria Principal,State Highway Agency,1,Sin jurisdiccion especial,99998,41.5502,-87.11410278,Vehiculo en movimiento,Frente a Detrás,Not an Intersection,No fue interseccion,Sobre calle,Ninguna,Oscuro sin iluminacion,Vientos cruzados pero de los mamalones,No,NO APLICA,99,99,99,99,1,02/12/2022,3
18,Indiana,180816,0,0,2,0,109,MORGAN (109),2890,MARTINSVILLE,12,Diciembre,1,2022,7,16,SR-39,3,Highway estatal,Urbano,Arteria Principal,State Highway Agency,1,Sin jurisdiccion especial,99998,39.43263611,-86.44766111,Vehiculo en movimiento,Frente a frente,Not an Intersection,No fue interseccion,Sobre calle,Ninguna,Amanecer,Despejado,No,NO APLICA,99,99,99,99,1,01/12/2022,2
18,Indiana,180817,0,0,1,0,167,VIGO (167),4840,TERRE HAUTE,12,Diciembre,4,2022,11,55,US-HWY 40,2,US Highway,Urbano,Arteria Principal,State Highway Agency,1,Sin jurisdiccion especial,99998,39.49724444,-87.25291111,Culvert,El primer evento no fue una colision con un vehiculo automotor en transporte,Not an Intersection,No fue interseccion,Sobre el lado de la calle,Ninguna,Dia total,Despejado,No,NO APLICA,99,99,99,99,1,04/12/2022,1
18,Indiana,180818,0,0,2,1,19,CLARK (19),2270,JEFFERSONVILLE,12,Diciembre,2,2022,16,12,MAIN ST,6,Calle Local Municipalidad,Urbano,Arteria Principal,City or Municipal Highway Agency,0,Sin jurisdiccion especial,99998,38.2884,-85.73033333,Vehiculo Aparcado,El primer evento no fue una colision con un vehiculo automotor en transporte,Not an Intersection,No fue interseccion,"Fuera de la calle, ubicacion desconocida",Ninguna,Dia total,Despejado,No,NO APLICA,99,99,99,99,1,02/12/2022,3
18,Indiana,180819,1,1,1,0,97,MARION (97),2210,INDIANAPOLIS,12,Diciembre,5,2022,5,54,E RAYMOND ST,6,Calle Local Municipalidad,Urbano,Arteria Principal,City or Municipal Highway Agency,0,Sin jurisdiccion especial,99998,39.7378,-86.11903333,Peaton,El primer evento no fue una colision con un vehiculo automotor en transporte,Four-Way Intersection,Interseccion de 4 direcciones,Sobre calle,Ninguna,Oscuro con iluminacion,Despejado,No,NO APLICA,99,99,99,99,1,05/12/2022,1
18,Indiana,180820,0,0,1,0,177,WAYNE (177),0,NO APLICA,12,Diciembre,5,2022,0,0,CR-S CENTERVILLE RD,4,Calle del Condado,Rural,Colector Mayor,County Highway Agency,0,Sin jurisdiccion especial,99998,39.73972778,-84.97104722,Barda,El primer evento no fue una colision con un vehiculo automotor en transporte,Not an Intersection,No fue interseccion,Sobre el lado de la calle,Ninguna,Oscuro sin iluminacion,Despejado,No,NO APLICA,99,99,99,99,1,05/12/2022,1
18,Indiana,180821,0,0,1,0,169,WABASH (169),0,NO APLICA,12,Diciembre,5,2022,22,0,US-24,2,US Highway,Rural,Arterial Principal -Freeway o ExpressWay,State Highway Agency,1,Sin jurisdiccion especial,99998,40.80496389,-85.91668889,Arbol,El primer evento no fue una colision con un vehiculo automotor en transporte,Not an Intersection,No fue interseccion,Sobre el lado de la calle,Ninguna,Oscuro sin iluminacion,Despejado,No,NO APLICA,99,98,99,98,1,05/12/2022,1
18,Indiana,180822,1,1,1,0,97,MARION (97),2210,INDIANAPOLIS,12,Diciembre,5,2022,19,0,HEATHER RIDGE DR,6,Calle Local Municipalidad,Urbano,Colector Mayor,City or Municipal Highway Agency,0,Sin jurisdiccion especial,99998,39.815925,-86.28545278,Peaton,El primer evento no fue una colision con un vehiculo automotor en transporte,Four-Way Intersection,Interseccion de 4 direcciones,Sobre calle,Ninguna,Oscuro con iluminacion,Despejado,No,NO APLICA,99,99,99,99,1,05/12/2022,2
18,Indiana,180823,1,1,1,0,163,VANDERBURGH (163),1480,EVANSVILLE,11,Noviembre,19,2022,11,25,US-41,2,US Highway,Urbano,Arteria Principal,State Highway Agency,1,Sin jurisdiccion especial,99998,37.96279167,-87.54279444,Peaton,El primer evento no fue una colision con un vehiculo automotor en transporte,Four-Way Intersection,Interseccion de 4 direcciones,Sobre calle,Ninguna,Dia total,Despejado,No,NO APLICA,99,99,99,99,1,19/11/2022,2
18,Indiana,180824,0,0,1,0,109,MORGAN (109),0,NO APLICA,10,Octubre,8,2022,21,45,CR-WILBUR RD,4,Calle del Condado,Rural,Colector Menor,County Highway Agency,0,Sin jurisdiccion especial,99998,39.45841111,-86.4472,Volcadura,El primer evento no fue una colision con un vehiculo automotor en transporte,T-Intersection,Interseccion de T,Sobre calle,Ninguna,Oscuro sin iluminacion,Despejado,No,NO APLICA,99,99,99,99,1,08/10/2022,1
18,Indiana,180825,0,0,1,0,47,FRANKLIN (47),0,NO APLICA,12,Diciembre,5,2022,17,17,SR-229,3,Highway estatal,Rural,Colector Mayor,State Highway Agency,0,Sin jurisdiccion especial,99998,39.34065278,-85.19945278,Arbol,El primer evento no fue una colision con un vehiculo automotor en transporte,Not an Intersection,No fue interseccion,Sobre el lado de la calle,Ninguna,Atardecer,Despejado,No,NO APLICA,99,99,99,99,1,05/12/2022,1
18,Indiana,180826,0,0,1,0,153,SULLIVAN (153),0,NO APLICA,12,Diciembre,4,2022,4,32,CR-600N,4,Calle del Condado,Rural,Colector Menor,County Highway Agency,0,Sin jurisdiccion especial,99998,39.17190833,-87.36822222,Acotamiento,El primer evento no fue una colision con un vehiculo automotor en transporte,Not an Intersection,No fue interseccion,Sobre el lado de la calle,Ninguna,Oscuro sin iluminacion,Despejado,No,NO APLICA,99,99,99,99,1,04/12/2022,1
18,Indiana,180827,0,0,1,0,39,ELKHART (39),0,NO APLICA,11,Noviembre,6,2022,3,7,CR-38,4,Calle del Condado,Rural,Colector Mayor,County Highway Agency,0,Sin jurisdiccion especial,99998,41.55136389,-85.88815833,Poste de Señal de trafico,El primer evento no fue una colision con un vehiculo automotor en transporte,Not an Intersection,No fue interseccion,Sobre el lado de la calle,Ninguna,Oscuro sin iluminacion,Nublado,No,NO APLICA,99,99,99,99,3,06/11/2022,5
18,Indiana,180828,1,1,1,0,39,ELKHART (39),0,NO APLICA,12,Diciembre,8,2022,4,18,CR-19,4,Calle del Condado,Rural,Colector Mayor,County Highway Agency,0,Sin jurisdiccion especial,99998,41.55615,-85.86691667,Peaton,El primer evento no fue una colision con un vehiculo automotor en transporte,Not an Intersection,No fue interseccion,Sobre calle,Ninguna,Oscuro sin iluminacion,Despejado,No,NO APLICA,99,99,99,99,1,08/12/2022,1
18,Indiana,180829,0,0,2,0,67,HOWARD (67),0,NO APLICA,12,Diciembre,8,2022,18,0,US-35,2,US Highway,Rural,Arteria Principal,State Highway Agency,1,Sin jurisdiccion especial,99998,40.55739444,-86.17234444,Vehiculo en movimiento,Frente a frente,Not an Intersection,No fue interseccion,Sobre calle,Ninguna,Oscuro sin iluminacion,Despejado,No,NO APLICA,99,99,99,99,1,08/12/2022,5
18,Indiana,180830,0,0,2,0,65,HENRY (65),2400,KNIGHTSTOWN,9,Septiembre,20,2022,4,3,I-70,1,Interestatal,Urbano,Interestatal,State Highway Agency,1,Sin jurisdiccion especial,99998,39.84454167,-85.52554167,Barrera de Cable,El primer evento no fue una colision con un vehiculo automotor en transporte,Not an Intersection,No fue interseccion,En el medio,Ninguna,Oscuro sin iluminacion,Despejado,No,NO APLICA,99,99,99,99,1,20/09/2022,2
18,Indiana,180831,1,1,1,0,141,ST JOSEPH (141),4580,SOUTH BEND,9,Septiembre,10,2022,18,54,N EDDY ST,6,Calle Local Municipalidad,Urbano,Colector Mayor,City or Municipal Highway Agency,0,Sin jurisdiccion especial,99998,41.68746111,-86.23542222,Peaton,El primer evento no fue una colision con un vehiculo automotor en transporte,Four-Way Intersection,Interseccion de 4 direcciones,Sobre calle,Ninguna,Dia total,Despejado,No,NO APLICA,99,99,99,99,1,10/09/2022,1
18,Indiana,180832,0,0,2,0,57,HAMILTON (57),0,NO APLICA,12,Diciembre,4,2022,19,28,US-31,2,US Highway,Rural,Arteria Principal,State Highway Agency,1,Sin jurisdiccion especial,99998,40.11606667,-86.12794167,Vehiculo en movimiento,Angulo,Four-Way Intersection,Interseccion de 4 direcciones,Sobre calle,Ninguna,Oscuro sin iluminacion,Despejado,No,NO APLICA,99,99,99,99,1,04/12/2022,2
18,Indiana,180833,0,0,1,0,163,VANDERBURGH (163),1480,EVANSVILLE,12,Diciembre,11,2022,3,46,UPPER MOUNT VERNON,5,Calle Local - Pueblo,Rural,Arteria Menor,City or Municipal Highway Agency,0,Sin jurisdiccion especial,99998,37.99043056,-87.64286944,Poste,El primer evento no fue una colision con un vehiculo automotor en transporte,Not an Intersection,No fue interseccion,Sobre el lado de la calle,Ninguna,Oscuro sin iluminacion,Despejado,No,NO APLICA,99,99,99,99,1,11/12/2022,1
18,Indiana,180834,1,1,1,0,99,MARSHALL (99),4010,PLYMOUTH,12,Diciembre,12,2022,20,40,OAK DR,6,Calle Local Municipalidad,Urbano,Arteria Menor,City or Municipal Highway Agency,0,Sin jurisdiccion especial,99998,41.35195278,-86.32876667,Peaton,El primer evento no fue una colision con un vehiculo automotor en transporte,Four-Way Intersection,Interseccion de 4 direcciones,Sobre calle,Ninguna,Oscuro sin iluminacion,Nublado,No,NO APLICA,99,99,99,99,1,12/12/2022,1
18,Indiana,180835,1,1,1,0,141,ST JOSEPH (141),0,NO APLICA,11,Noviembre,29,2022,17,54,SR-933,3,Highway estatal,Rural,Arteria Principal,State Highway Agency,0,Sin jurisdiccion especial,99998,41.72738056,-86.25061667,Peaton,El primer evento no fue una colision con un vehiculo automotor en transporte,Not an Intersection,No fue interseccion,Sobre calle,Ninguna,Oscuro con iluminacion,lluvia,No,NO APLICA,99,99,99,99,1,29/11/2022,1
18,Indiana,180836,0,0,1,0,71,JACKSON (71),0,NO APLICA,9,Septiembre,23,2022,22,5,CR-700,4,Calle del Condado,Rural,Local,County Highway Agency,0,Sin jurisdiccion especial,99998,38.98407778,-85.80386944,Volcadura,El primer evento no fue una colision con un vehiculo automotor en transporte,Not an Intersection,No fue interseccion,Sobre el lado de la calle,Ninguna,Oscuro sin iluminacion,lluvia,No,NO APLICA,99,99,99,99,1,23/09/2022,5
18,Indiana,180837,0,0,2,0,153,SULLIVAN (153),0,NO APLICA,12,Diciembre,7,2022,7,40,US-41,2,US Highway,Rural,Arteria Principal,State Highway Agency,1,Sin jurisdiccion especial,99998,39.07079722,-87.41005,Vehiculo en movimiento,Angulo,Four-Way Intersection,Interseccion de 4 direcciones,Sobre calle,Ninguna,Oscuro sin iluminacion,Neblina o Humo,No,NO APLICA,99,99,99,99,1,07/12/2022,3
18,Indiana,180838,0,0,1,0,141,ST JOSEPH (141),0,NO APLICA,12,Diciembre,11,2022,7,39,US-31,2,US Highway,Rural,Arteria Menor,State Highway Agency,0,Sin jurisdiccion especial,99998,41.54845,-86.26913611,Zanja,El primer evento no fue una colision con un vehiculo automotor en transporte,Not an Intersection,No fue interseccion,Sobre el lado de la calle,Ninguna,Oscuro sin iluminacion,lluvia,No,NO APLICA,99,99,99,99,1,11/12/2022,1
18,Indiana,180839,0,0,3,0,31,DECATUR (31),0,NO APLICA,12,Diciembre,9,2022,17,55,SR-3,3,Highway estatal,Rural,Arteria Menor,State Highway Agency,0,Sin jurisdiccion especial,99998,39.19361389,-85.57521944,Vehiculo en movimiento,Frente a frente,Not an Intersection,No fue interseccion,Sobre calle,Ninguna,Oscuro sin iluminacion,Neblina o Humo,No,NO APLICA,99,99,99,99,1,09/12/2022,4
18,Indiana,180840,0,0,2,0,127,PORTER (127),0,NO APLICA,12,Diciembre,12,2022,14,15,US-30,2,US Highway,Rural,Arteria Principal,State Highway Agency,1,Sin jurisdiccion especial,99998,41.47091389,-87.20551944,Vehiculo en movimiento,Angulo,T-Intersection,Interseccion de T,Sobre calle,Ninguna,Dia total,Despejado,No,NO APLICA,99,99,99,99,1,12/12/2022,2
18,Indiana,180841,0,0,3,0,159,TIPTON (159),0,NO APLICA,12,Diciembre,9,2022,17,42,SR-213,3,Highway estatal,Rural,Colector Mayor,State Highway Agency,0,Sin jurisdiccion especial,99998,40.27188889,-85.95694722,Vehiculo en movimiento,Angulo,Not an Intersection,No fue interseccion,Sobre calle,Ninguna,Oscuro sin iluminacion,lluvia,No,NO APLICA,99,99,99,99,1,09/12/2022,4
18,Indiana,180842,0,0,1,0,39,ELKHART (39),0,NO APLICA,12,Diciembre,16,2022,5,20,CR-31,4,Calle del Condado,Rural,Local,County Highway Agency,0,Sin jurisdiccion especial,99998,41.49895,-85.76976111,Acotamiento,El primer evento no fue una colision con un vehiculo automotor en transporte,Not an Intersection,No fue interseccion,Sobre el lado de la calle,Ninguna,Oscuro sin iluminacion,Despejado,No,NO APLICA,99,99,99,99,1,16/12/2022,1
18,Indiana,180843,0,0,1,0,43,FLOYD (43),3400,NEW ALBANY,10,Octubre,19,2022,3,50,WEST DAISY LANE,6,Calle Local Municipalidad,Urbano,Arteria Menor,City or Municipal Highway Agency,0,Sin jurisdiccion especial,99998,38.31008611,-85.83799444,Arbol,El primer evento no fue una colision con un vehiculo automotor en transporte,Not an Intersection,No fue interseccion,Sobre el lado de la calle,Ninguna,Oscuro sin iluminacion,Despejado,No,NO APLICA,99,99,99,99,1,19/10/2022,2
18,Indiana,180844,0,0,2,0,181,WHITE (181),0,NO APLICA,10,Octubre,25,2022,22,47,I-65,1,Interestatal,Rural,Interestatal,State Highway Agency,1,Sin jurisdiccion especial,99998,40.699825,-87.06432222,Vehiculo en movimiento,Frente a Detrás,Not an Intersection,No fue interseccion,Sobre calle,Ninguna,Oscuro con iluminacion,lluvia,No,NO APLICA,99,99,99,99,1,25/10/2022,2
18,Indiana,180845,0,0,1,0,39,ELKHART (39),0,NO APLICA,11,Noviembre,5,2022,8,49,CR-4,4,Calle del Condado,Rural,Colector Menor,County Highway Agency,0,Sin jurisdiccion especial,99998,41.74040833,-85.67689444,Arbol,El primer evento no fue una colision con un vehiculo automotor en transporte,Not an Intersection,No fue interseccion,Sobre el lado de la calle,Ninguna,Dia total,lluvia,No,NO APLICA,99,98,99,98,1,05/11/2022,1
18,Indiana,180846,0,0,2,0,141,ST JOSEPH (141),4580,SOUTH BEND,11,Noviembre,6,2022,0,11,JEFFERSON BLVD,6,Calle Local Municipalidad,Urbano,Arteria Menor,City or Municipal Highway Agency,0,Sin jurisdiccion especial,99998,41.67507222,-86.22821667,Vehiculo en movimiento,Angulo,Four-Way Intersection,Interseccion de 4 direcciones,Sobre calle,Ninguna,Oscuro con iluminacion,Despejado,No,NO APLICA,99,99,99,99,1,06/11/2022,2
18,Indiana,180847,0,0,2,0,143,SCOTT (143),4400,SCOTTSBURG,11,Noviembre,4,2022,20,12,US-31,2,US Highway,Urbano,Arteria Menor,State Highway Agency,0,Sin jurisdiccion especial,99998,38.67258333,-85.77691389,Vehiculo en movimiento,Frente a frente,Not an Intersection,No fue interseccion,Sobre calle,Ninguna,Oscuro con iluminacion,Despejado,No,NO APLICA,99,99,99,99,1,04/11/2022,4
18,Indiana,180848,0,0,1,0,51,GIBSON (51),0,NO APLICA,11,Noviembre,6,2022,8,45,SR-68,3,Highway estatal,Rural,Colector Mayor,State Highway Agency,0,Sin jurisdiccion especial,99998,38.19498611,-87.49106111,Arbol,El primer evento no fue una colision con un vehiculo automotor en transporte,Not an Intersection,No fue interseccion,Sobre el lado de la calle,Ninguna,Dia total,Despejado,No,NO APLICA,99,99,99,99,1,06/11/2022,1
18,Indiana,180849,0,0,1,0,3,ALLEN (3),1580,FORT WAYNE,11,Noviembre,1,2022,5,40,MAYSVILLE RD,6,Calle Local Municipalidad,Urbano,Colector Mayor,City or Municipal Highway Agency,0,Sin jurisdiccion especial,99998,41.09026944,-85.05121389,Arbol,El primer evento no fue una colision con un vehiculo automotor en transporte,Not an Intersection,No fue interseccion,Sobre el lado de la calle,Ninguna,Oscuro con iluminacion,lluvia,No,NO APLICA,99,99,99,99,1,01/11/2022,1
18,Indiana,180850,0,0,6,0,127,PORTER (127),4025,PORTAGE,11,Noviembre,8,2022,17,45,WILLOWCREEK RD,6,Calle Local Municipalidad,Urbano,Arteria Menor,City or Municipal Highway Agency,0,Sin jurisdiccion especial,99998,41.55782778,-87.18276111,Vehiculo en movimiento,Frente a Detrás,Four-Way Intersection,Interseccion de 4 direcciones,Sobre calle,Ninguna,Oscuro con iluminacion,Despejado,No,NO APLICA,99,99,99,99,1,08/11/2022,8
18,Indiana,180851,0,0,2,0,119,OWEN (119),0,NO APLICA,11,Noviembre,8,2022,17,21,SR-46,3,Highway estatal,Rural,Arteria Principal,State Highway Agency,1,Sin jurisdiccion especial,99998,39.28612778,-86.73670556,Vehiculo en movimiento,Frente a frente,Not an Intersection,No fue interseccion,Sobre calle,Ninguna,Dia total,Despejado,No,NO APLICA,99,99,99,99,1,08/11/2022,2
18,Indiana,180852,0,0,1,0,55,GREENE (55),0,NO APLICA,11,Noviembre,12,2022,7,53,I-69,1,Interestatal,Rural,Interestatal,State Highway Agency,1,Sin jurisdiccion especial,998,38.98278611,-86.71261389,Valla Ferrocarril,El primer evento no fue una colision con un vehiculo automotor en transporte,Not an Intersection,No fue interseccion,Sobre el lado de la calle,Ninguna,Amanecer,Nieve,No,NO APLICA,99,99,99,99,1,12/11/2022,1
18,Indiana,180853,0,0,2,0,39,ELKHART (39),0,NO APLICA,11,Noviembre,16,2022,7,46,CR-15,4,Calle del Condado,Rural,Local,County Highway Agency,0,Sin jurisdiccion especial,99998,41.58030833,-85.90618611,Vehiculo en movimiento,Angulo,Four-Way Intersection,Interseccion de 4 direcciones,Sobre calle,Ninguna,Amanecer,Nieve,No,NO APLICA,99,99,99,99,1,16/11/2022,3
18,Indiana,180854,0,0,2,0,69,HUNTINGTON (69),0,NO APLICA,11,Noviembre,19,2022,8,2,SR-124,3,Highway estatal,Rural,Colector Mayor,State Highway Agency,0,Sin jurisdiccion especial,99998,40.74185278,-85.5069,Vehiculo en movimiento,Angulo,Four-Way Intersection,Interseccion de 4 direcciones,Sobre calle,Ninguna,Dia total,Despejado,No,NO APLICA,99,99,99,99,2,19/11/2022,5
18,Indiana,180855,0,0,1,0,129,POSEY (129),0,NO APLICA,11,Noviembre,22,2022,20,11,W FRANKLIN RD,5,Calle Local - Pueblo,Rural,Colector Mayor,Town or Township Highway Agency,0,Sin jurisdiccion especial,99998,37.93820833,-87.71805278,Acotamiento,El primer evento no fue una colision con un vehiculo automotor en transporte,Not an Intersection,No fue interseccion,Sobre el lado de la calle,Ninguna,Oscuro sin iluminacion,Despejado,No,NO APLICA,99,99,99,99,2,22/11/2022,3
18,Indiana,180856,0,0,2,0,95,MADISON (95),0,NO APLICA,12,Diciembre,9,2022,9,24,SR-9,3,Highway estatal,Rural,Arteria Menor,State Highway Agency,0,Sin jurisdiccion especial,99998,40.35001667,-85.67157778,Vehiculo en movimiento,Frente a frente,Not an Intersection,No fue interseccion,Sobre calle,Ninguna,Dia total,Nublado,No,NO APLICA,99,99,99,99,1,09/12/2022,2
18,Indiana,180857,0,0,1,0,159,TIPTON (159),4860,TIPTON,12,Diciembre,18,2022,1,40,CR-DIVISION RD,4,Calle del Condado,Rural,Colector Mayor,County Highway Agency,0,Sin jurisdiccion especial,99998,40.30397222,-86.03179167,Poste,El primer evento no fue una colision con un vehiculo automotor en transporte,Four-Way Intersection,Interseccion de 4 direcciones,Sobre el lado de la calle,Ninguna,Oscuro con iluminacion,Nublado,No,NO APLICA,99,99,99,99,2,18/12/2022,2
18,Indiana,180858,0,0,2,0,91,LA PORTE (91),0,NO APLICA,10,Octubre,25,2022,19,28,US-421,2,US Highway,Rural,Arteria Principal,State Highway Agency,1,Sin jurisdiccion especial,99998,41.39228333,-86.89150278,Vehiculo en movimiento,Frente a Detrás,Not an Intersection,No fue interseccion,Sobre calle,Ninguna,Oscuro sin iluminacion,lluvia,No,NO APLICA,99,99,99,99,1,25/10/2022,6
18,Indiana,180859,0,0,2,0,97,MARION (97),2210,INDIANAPOLIS,10,Octubre,31,2022,14,0,KESSLER BLVD,6,Calle Local Municipalidad,Urbano,Arteria Menor,City or Municipal Highway Agency,0,Sin jurisdiccion especial,99998,39.80030278,-86.21095833,Vehiculo en movimiento,Angulo,Four-Way Intersection,Interseccion de 4 direcciones,Sobre calle,Ninguna,Dia total,lluvia,No,NO APLICA,99,99,99,99,1,31/10/2022,2
18,Indiana,180860,0,0,2,0,109,MORGAN (109),3240,MOORESVILLE,12,Diciembre,13,2022,6,50,SR-67,3,Highway estatal,Urbano,Arteria Principal,State Highway Agency,1,Sin jurisdiccion especial,99998,39.57599444,-86.37612778,Vehiculo en movimiento,Angulo,Four-Way Intersection,Interseccion de 4 direcciones,Sobre calle,Ninguna,Oscuro con iluminacion,Despejado,No,NO APLICA,99,99,99,99,1,13/12/2022,2
18,Indiana,180861,0,0,1,0,91,LA PORTE (91),2570,LAPORTE,12,Diciembre,16,2022,17,10,US-35,2,US Highway,Urbano,Arteria Principal,State Highway Agency,1,Sin jurisdiccion especial,99998,41.59567778,-86.70870556,Banqueta,El primer evento no fue una colision con un vehiculo automotor en transporte,Not an Intersection,No fue interseccion,Sobre el lado de la calle,Ninguna,Oscuro sin iluminacion,Soplando nieve,No,NO APLICA,99,99,99,99,1,16/12/2022,1
18,Indiana,180862,1,1,1,0,37,DUBOIS (37),2260,JASPER,12,Diciembre,15,2022,5,54,US-231,2,US Highway,Rural,Arteria Principal,State Highway Agency,1,Sin jurisdiccion especial,99998,38.42544444,-86.93786111,Peaton,El primer evento no fue una colision con un vehiculo automotor en transporte,Four-Way Intersection,Interseccion de 4 direcciones,Sobre calle,Ninguna,Oscuro con iluminacion,Despejado,No,NO APLICA,99,99,99,99,1,15/12/2022,1
18,Indiana,180863,0,0,2,0,97,MARION (97),2210,INDIANAPOLIS,12,Diciembre,19,2022,14,30,I-74,1,Interestatal,Urbano,Interestatal,State Highway Agency,1,Sin jurisdiccion especial,99998,39.67336667,-85.95843333,Vehiculo en movimiento,Detrás a Lado. ,Not an Intersection,No fue interseccion,Sobre calle,Ninguna,Dia total,Despejado,No,NO APLICA,99,99,99,99,1,19/12/2022,7
18,Indiana,180864,1,1,1,0,97,MARION (97),2210,INDIANAPOLIS,12,Diciembre,20,2022,18,48,MADISON AVE,6,Calle Local Municipalidad,Urbano,Arteria Menor,City or Municipal Highway Agency,0,Sin jurisdiccion especial,99998,39.65169722,-86.1225,Peaton,El primer evento no fue una colision con un vehiculo automotor en transporte,Not an Intersection,No fue interseccion,Sobre calle,Ninguna,Oscuro con iluminacion,Nublado,No,NO APLICA,99,99,99,99,1,20/12/2022,1
18,Indiana,180865,0,0,2,0,3,ALLEN (3),0,NO APLICA,12,Diciembre,21,2022,18,48,US-30,2,US Highway,Rural,Arterial Principal -Freeway o ExpressWay,State Highway Agency,1,Sin jurisdiccion especial,99998,41.03774444,-84.92206389,Vehiculo en movimiento,Angulo,Four-Way Intersection,Interseccion de 4 direcciones,Sobre calle,Ninguna,Oscuro sin iluminacion,Despejado,No,NO APLICA,99,99,99,99,1,21/12/2022,2
18,Indiana,180866,0,0,1,0,155,SWITZERLAND (155),0,NO APLICA,12,Diciembre,16,2022,20,55,cr-MARKLAND PIKE,4,Calle del Condado,Rural,Colector Mayor,County Highway Agency,0,Sin jurisdiccion especial,99998,38.83976944,-84.99422778,Arbol,El primer evento no fue una colision con un vehiculo automotor en transporte,Not an Intersection,No fue interseccion,Sobre el lado de la calle,Ninguna,Oscuro sin iluminacion,Nublado,No,NO APLICA,99,99,99,99,1,16/12/2022,1
18,Indiana,180867,0,0,1,0,131,PULASKI (131),0,NO APLICA,12,Diciembre,19,2022,19,30,CR-550,4,Calle del Condado,Rural,Colector Mayor,County Highway Agency,0,Sin jurisdiccion especial,99998,40.97745278,-86.73415833,Acotamiento,El primer evento no fue una colision con un vehiculo automotor en transporte,Not an Intersection,No fue interseccion,Sobre el lado de la calle,Ninguna,Oscuro sin iluminacion,Despejado,No,NO APLICA,99,99,99,99,1,19/12/2022,1
18,Indiana,180868,0,0,1,0,87,LAGRANGE (87),0,NO APLICA,12,Diciembre,16,2022,7,55,CR-600,4,Calle del Condado,Rural,Local,County Highway Agency,0,Sin jurisdiccion especial,99998,41.68391111,-85.53819167,Arbol,El primer evento no fue una colision con un vehiculo automotor en transporte,Not an Intersection,No fue interseccion,Sobre el lado de la calle,Ninguna,Amanecer,Nieve,No,NO APLICA,99,99,99,99,1,16/12/2022,1
18,Indiana,180869,0,0,1,0,101,MARTIN (101),0,NO APLICA,12,Diciembre,17,2022,8,34,US-231,2,US Highway,Rural,Arteria Principal,State Highway Agency,1,Sin jurisdiccion especial,99998,38.76229167,-86.9138,Barda,El primer evento no fue una colision con un vehiculo automotor en transporte,Not an Intersection,No fue interseccion,Sobre el lado de la calle,Ninguna,Reportada como desconocida,Nublado,No,NO APLICA,99,99,99,99,1,17/12/2022,1