Estado,Nombre de Estado,Numero de Caso,Peatones,Personas _no_vehiculos,Vehiculos automotores,Vehiculos estacionados,Condado,Nombre Condado,Ciudad,Nombre Ciudad,Mes,Nombre Mes,Dia,Año,Hora,Minuto,Calle,Ruta,Nombre Ruta,Rural o Urbanoo,Sistema Funcional,Dueño Calle,Sistema Nacional Carreteras,Jurisdiccion Especial,Milla,Latitud,Longitud,Causa del Accidente,Tipo de Accidente,Tipo Interseccion,Columna1,Lugar en la calle,Zona de Trabajo,Luz,Clima,Autobus Escolar,Cruce de Trenes,Hora Notificacion,Minuto Notificacion,Hora Llegada,Minuto Llegada,Decesos,Fecha,PersonaVehiculo
18,Indiana,180870,1,1,2,0,81,JOHNSON (81),5270,WHITELAND,12,Diciembre,21,2022,17,59,cr-WHITELAND RD,4,Calle del Condado,Urbano,Arteria Menor,County Highway Agency,0,Sin jurisdiccion especial,99998,39.55058056,-86.05173889,Peaton,El primer evento no fue una colision con un vehiculo automotor en transporte,Not an Intersection,No fue interseccion,Sobre calle,Ninguna,Oscuro sin iluminacion,Despejado,No,NO APLICA,99,99,99,99,1,21/12/2022,6
18,Indiana,180871,0,0,2,0,39,ELKHART (39),0,NO APLICA,12,Diciembre,22,2022,21,2,CR-18,4,Calle del Condado,Rural,Arteria Menor,County Highway Agency,0,Sin jurisdiccion especial,99998,41.65946667,-85.94053889,Vehiculo en movimiento,Frente a frente,Not an Intersection,No fue interseccion,Sobre calle,Ninguna,Oscuro sin iluminacion,Nieve,No,NO APLICA,99,99,99,99,1,22/12/2022,3
18,Indiana,180872,1,1,1,0,35,DELAWARE (35),3360,MUNCIE,12,Diciembre,22,2022,17,50,MADISON,6,Calle Local Municipalidad,Urbano,Arteria Principal,City or Municipal Highway Agency,0,Sin jurisdiccion especial,99998,40.18688056,-85.38176389,Peaton,El primer evento no fue una colision con un vehiculo automotor en transporte,Four-Way Intersection,Interseccion de 4 direcciones,Sobre calle,Ninguna,Oscuro sin iluminacion,Granizo,No,NO APLICA,99,99,99,99,1,22/12/2022,1
18,Indiana,180873,0,0,2,0,139,RUSH (139),0,NO APLICA,12,Diciembre,24,2022,11,30,US-52,2,US Highway,Rural,Arteria Menor,State Highway Agency,0,Sin jurisdiccion especial,99998,39.64398889,-85.58640556,Vehiculo en movimiento,Angulo,Not an Intersection,No fue interseccion,Sobre calle,Ninguna,Dia total,Soplando nieve,No,NO APLICA,99,99,99,99,1,24/12/2022,3
18,Indiana,180874,0,0,1,0,61,HARRISON (61),0,NO APLICA,12,Diciembre,21,2022,23,35,cr-FLATWOOD RD,4,Calle del Condado,Rural,Local,County Highway Agency,0,Sin jurisdiccion especial,99998,38.34628889,-86.11036111,Poste,El primer evento no fue una colision con un vehiculo automotor en transporte,Not an Intersection,No fue interseccion,Sobre el lado de la calle,Ninguna,Oscuro sin iluminacion,Despejado,No,NO APLICA,99,99,99,99,1,21/12/2022,1
18,Indiana,180875,0,0,1,0,65,HENRY (65),0,NO APLICA,12,Diciembre,24,2022,10,21,I-70,1,Interestatal,Rural,Interestatal,State Highway Agency,1,Sin jurisdiccion especial,99998,39.85283611,-85.43262222,Arbol,El primer evento no fue una colision con un vehiculo automotor en transporte,Not an Intersection,No fue interseccion,Sobre el lado de la calle,Ninguna,Dia total,Soplando nieve,No,NO APLICA,99,99,99,99,1,24/12/2022,2
18,Indiana,180876,0,0,1,0,29,DEARBORN (29),0,NO APLICA,12,Diciembre,17,2022,1,58,I-74,1,Interestatal,Rural,Interestatal,State Highway Agency,1,Sin jurisdiccion especial,99998,39.27484444,-84.906475,Otro objeto (fijo),El primer evento no fue una colision con un vehiculo automotor en transporte,Not an Intersection,No fue interseccion,Sobre el lado de la calle,Construccion,Oscuro sin iluminacion,Despejado,No,NO APLICA,99,99,99,99,1,17/12/2022,1
18,Indiana,180877,0,0,2,0,127,PORTER (127),820,CHESTERTON,12,Diciembre,27,2022,10,58,SR-49,3,Highway estatal,Urbano,Arteria Principal,State Highway Agency,1,Sin jurisdiccion especial,99998,41.61710278,-87.04177222,Vehiculo en movimiento,Frente a Detrás,Four-Way Intersection,Interseccion de 4 direcciones,Sobre calle,Ninguna,Dia total,Despejado,No,NO APLICA,99,99,99,99,1,27/12/2022,2
18,Indiana,180878,0,0,1,0,25,CRAWFORD (25),0,NO APLICA,12,Diciembre,15,2022,0,11,SR-66,3,Highway estatal,Rural,Colector Mayor,State Highway Agency,0,Sin jurisdiccion especial,99998,38.34399444,-86.35278611,Acotamiento,El primer evento no fue una colision con un vehiculo automotor en transporte,Not an Intersection,No fue interseccion,Sobre el lado de la calle,Ninguna,Oscuro sin iluminacion,lluvia,No,NO APLICA,99,99,99,99,1,15/12/2022,1
18,Indiana,180879,0,0,2,0,37,DUBOIS (37),0,NO APLICA,12,Diciembre,8,2022,6,47,SR-64,3,Highway estatal,Rural,Arteria Menor,State Highway Agency,0,Sin jurisdiccion especial,99998,38.30975833,-86.76020278,Volcadura,El primer evento no fue una colision con un vehiculo automotor en transporte,Not an Intersection,No fue interseccion,Sobre calle,Ninguna,Oscuro sin iluminacion,lluvia,No,NO APLICA,99,99,99,99,2,08/12/2022,4
18,Indiana,180880,0,0,2,0,183,WHITLEY (183),0,NO APLICA,12,Diciembre,22,2022,7,23,US-30,2,US Highway,Rural,Arterial Principal -Freeway o ExpressWay,State Highway Agency,1,Sin jurisdiccion especial,99998,41.12611944,-85.33768889,Vehiculo en movimiento,Frente a frente,Four-Way Intersection,Interseccion de 4 direcciones,Sobre calle,Ninguna,Oscuro sin iluminacion,Despejado,No,NO APLICA,99,99,99,99,1,22/12/2022,3
18,Indiana,180881,1,1,3,0,97,MARION (97),2210,INDIANAPOLIS,12,Diciembre,22,2022,9,26,30TH,6,Calle Local Municipalidad,Urbano,Arteria Menor,City or Municipal Highway Agency,0,Sin jurisdiccion especial,99998,39.81034722,-86.14361667,Vehiculo en movimiento,Angulo,Four-Way Intersection,Interseccion de 4 direcciones,Sobre calle,Ninguna,Dia total,lluvia,No,NO APLICA,99,99,99,99,1,22/12/2022,3
18,Indiana,180882,0,0,1,0,61,HARRISON (61),0,NO APLICA,12,Diciembre,15,2022,8,20,I-64,1,Interestatal,Urbano,Interestatal,State Highway Agency,1,Sin jurisdiccion especial,99998,38.23976111,-86.11941111,Arbol,El primer evento no fue una colision con un vehiculo automotor en transporte,Not an Intersection,No fue interseccion,Sobre el lado de la calle,Ninguna,Dia total,Nublado,No,NO APLICA,99,99,99,99,1,15/12/2022,1
18,Indiana,180883,0,0,2,0,97,MARION (97),2210,INDIANAPOLIS,12,Diciembre,26,2022,18,20,E WASHINGTON ST,6,Calle Local Municipalidad,Urbano,Arteria Principal,City or Municipal Highway Agency,0,Sin jurisdiccion especial,99998,39.77334444,-86.02005,Vehiculo en movimiento,Angulo,Not an Intersection,No fue interseccion,Sobre calle,Ninguna,Oscuro con iluminacion,lluvia,No,NO APLICA,99,99,99,99,1,26/12/2022,4
18,Indiana,180884,0,0,3,0,89,LAKE (89),1100,CROWN POINT,11,Noviembre,26,2022,13,0,I-65,1,Interestatal,Rural,Interestatal,State Highway Agency,1,Sin jurisdiccion especial,99998,41.40413889,-87.32158333,Vehiculo en movimiento,Frente a frente,Not an Intersection,No fue interseccion,Sobre calle,Ninguna,Dia total,Despejado,No,NO APLICA,99,99,99,99,2,26/11/2022,3
18,Indiana,180885,0,0,1,0,97,MARION (97),2210,INDIANAPOLIS,12,Diciembre,31,2022,0,8,N TIBBS AVE,6,Calle Local Municipalidad,Urbano,Colector Mayor,City or Municipal Highway Agency,0,Sin jurisdiccion especial,99998,39.76753056,-86.21589444,Valla Ferrocarril,El primer evento no fue una colision con un vehiculo automotor en transporte,Not an Intersection,No fue interseccion,Sobre el lado de la calle,Ninguna,Oscuro con iluminacion,Nublado,No,NO APLICA,99,98,99,98,1,31/12/2022,1
18,Indiana,180886,0,0,1,0,97,MARION (97),2210,INDIANAPOLIS,12,Diciembre,31,2022,2,7,WESTFIELD RD,6,Calle Local Municipalidad,Urbano,Colector Mayor,City or Municipal Highway Agency,0,Sin jurisdiccion especial,99998,39.90555,-86.13632222,Arbol,El primer evento no fue una colision con un vehiculo automotor en transporte,Not an Intersection,No fue interseccion,Sobre el lado de la calle,Ninguna,Oscuro sin iluminacion,Nublado,No,NO APLICA,99,98,99,98,1,31/12/2022,1
18,Indiana,180887,0,0,2,0,99,MARSHALL (99),0,NO APLICA,12,Diciembre,27,2022,10,50,US-31,2,US Highway,Rural,Arteria Principal,State Highway Agency,1,Sin jurisdiccion especial,99998,41.23805,-86.26123333,Vehiculo en movimiento,Angulo,Four-Way Intersection,Interseccion de 4 direcciones,Sobre calle,Ninguna,Dia total,Nublado,No,NO APLICA,99,99,99,99,1,27/12/2022,2
18,Indiana,180888,0,0,1,0,163,VANDERBURGH (163),0,NO APLICA,12,Diciembre,15,2022,4,20,OLD PRINCETON RD,5,Calle Local - Pueblo,Rural,Colector Menor,Town or Township Highway Agency,0,Sin jurisdiccion especial,99998,38.14364167,-87.56612778,Valla Ferrocarril,El primer evento no fue una colision con un vehiculo automotor en transporte,Not an Intersection,No fue interseccion,Sobre el lado de la calle,Ninguna,Oscuro sin iluminacion,Despejado,No,NO APLICA,99,98,99,98,1,15/12/2022,1
18,Indiana,180889,0,0,2,0,163,VANDERBURGH (163),1480,EVANSVILLE,12,Diciembre,23,2022,17,14,I-69,1,Interestatal,Rural,Interestatal,State Highway Agency,1,Sin jurisdiccion especial,99998,38.09448333,-87.47636944,Vehiculo en movimiento,Frente a frente,Not an Intersection,No fue interseccion,Sobre calle,Ninguna,Oscuro con iluminacion,Despejado,No,NO APLICA,99,99,99,99,1,23/12/2022,3
18,Indiana,180890,0,0,1,0,95,MADISON (95),0,NO APLICA,12,Diciembre,28,2022,8,15,CR-N 400W,4,Calle del Condado,Rural,Local,County Highway Agency,0,Sin jurisdiccion especial,99998,40.27042778,-85.74723889,Vehiculo Ferrocarril,El primer evento no fue una colision con un vehiculo automotor en transporte,Not an Intersection,No fue interseccion,Sobre calle,Ninguna,Dia total,Nublado,No,474616H,99,99,99,99,2,28/12/2022,2
18,Indiana,180891,0,0,1,0,17,CASS (17),0,NO APLICA,12,Diciembre,22,2022,21,34,CR-400W,4,Calle del Condado,Rural,Local,County Highway Agency,0,Sin jurisdiccion especial,99998,40.76009444,-86.44191944,Culvert,El primer evento no fue una colision con un vehiculo automotor en transporte,Not an Intersection,No fue interseccion,Sobre el lado de la calle,Ninguna,Oscuro sin iluminacion,Nieve,No,NO APLICA,99,98,99,98,1,22/12/2022,1
18,Indiana,180892,1,1,1,0,89,LAKE (89),760,CEDAR LAKE,11,Noviembre,22,2022,15,15,PARRISH AVE,6,Calle Local Municipalidad,Urbano,Arteria Menor,City or Municipal Highway Agency,0,Sin jurisdiccion especial,99998,41.37715,-87.45069444,Peaton,El primer evento no fue una colision con un vehiculo automotor en transporte,Four-Way Intersection,Interseccion de 4 direcciones,Sobre calle,Ninguna,Dia total,Despejado,No,NO APLICA,99,99,99,99,1,22/11/2022,1
18,Indiana,180893,0,0,2,0,143,SCOTT (143),240,AUSTIN,12,Diciembre,2,2022,15,39,SR-256,3,Highway estatal,Urbano,Colector Mayor,State Highway Agency,0,Sin jurisdiccion especial,99998,38.74034167,-85.82251389,Vehiculo en movimiento,Angulo,T-Intersection,Interseccion de T,Sobre calle,Ninguna,Dia total,Nublado,No,NO APLICA,99,99,99,99,1,02/12/2022,2
18,Indiana,180894,1,1,1,0,19,CLARK (19),870,CLARKSVILLE,12,Diciembre,29,2022,20,30,I-65,1,Interestatal,Urbano,Interestatal,State Highway Agency,1,Sin jurisdiccion especial,28,38.30328056,-85.75275278,Peaton,El primer evento no fue una colision con un vehiculo automotor en transporte,Not an Intersection,No fue interseccion,Sobre calle,Ninguna,Oscuro sin iluminacion,Nublado,No,NO APLICA,99,98,99,98,1,29/12/2022,2
18,Indiana,180895,0,0,1,0,175,WASHINGTON (175),0,NO APLICA,12,Diciembre,21,2022,22,0,CR-MARTINSBURG RD,4,Calle del Condado,Rural,Local,County Highway Agency,0,Sin jurisdiccion especial,99998,38.50096944,-86.03678056,Acotamiento,El primer evento no fue una colision con un vehiculo automotor en transporte,Not an Intersection,No fue interseccion,Sobre el lado de la calle,Ninguna,Oscuro sin iluminacion,lluvia,No,NO APLICA,99,98,99,98,1,21/12/2022,1
18,Indiana,180896,0,0,2,0,183,WHITLEY (183),0,NO APLICA,12,Diciembre,13,2022,6,31,SR-9,3,Highway estatal,Rural,Arteria Menor,State Highway Agency,0,Sin jurisdiccion especial,99998,41.18088611,-85.46963333,Vehiculo en movimiento,Frente a frente,Not an Intersection,No fue interseccion,Sobre calle,Ninguna,Oscuro sin iluminacion,Despejado,No,NO APLICA,99,99,99,99,1,13/12/2022,2
18,Indiana,180897,1,1,1,0,49,FULTON (49),0,NO APLICA,12,Diciembre,15,2022,19,7,US-31,2,US Highway,Rural,Arteria Principal,State Highway Agency,1,Sin jurisdiccion especial,99998,41.04841111,-86.23065278,Peaton,El primer evento no fue una colision con un vehiculo automotor en transporte,Four-Way Intersection,Interseccion de 4 direcciones,Sobre calle,Ninguna,Oscuro sin iluminacion,Nieve,No,NO APLICA,99,98,99,98,1,15/12/2022,2
18,Indiana,180898,0,0,2,0,17,CASS (17),2730,LOGANSPORT,12,Diciembre,20,2022,12,55,US-24/35,2,US Highway,Urbano,Arterial Principal -Freeway o ExpressWay,State Highway Agency,1,Sin jurisdiccion especial,99998,40.73477778,-86.34636944,Vehiculo en movimiento,Angulo,Four-Way Intersection,Interseccion de 4 direcciones,Sobre calle,Ninguna,Dia total,Nublado,No,NO APLICA,99,99,99,99,1,20/12/2022,2
18,Indiana,180899,0,0,1,0,89,LAKE (89),1730,GARY,12,Diciembre,24,2022,18,41,US-E DUNES HWY,2,US Highway,Urbano,Arteria Principal,State Highway Agency,0,Sin jurisdiccion especial,99998,41.59512222,-87.29390556,Banqueta,El primer evento no fue una colision con un vehiculo automotor en transporte,Not an Intersection,No fue interseccion,Sobre el lado de la calle,Ninguna,Oscuro sin iluminacion,Nieve,No,NO APLICA,99,99,99,99,1,24/12/2022,3
18,Indiana,180900,1,1,1,0,123,PERRY (123),0,NO APLICA,12,Diciembre,9,2022,21,59,CR-237,4,Calle del Condado,Rural,Colector Mayor,County Highway Agency,0,Sin jurisdiccion especial,99998,37.93041944,-86.73645278,Peaton,El primer evento no fue una colision con un vehiculo automotor en transporte,Not an Intersection,No fue interseccion,Sobre calle,Ninguna,Oscuro sin iluminacion,Neblina o Humo,No,NO APLICA,99,98,99,98,1,09/12/2022,1
18,Indiana,180901,0,0,2,0,43,FLOYD (43),1788,GEORGETOWN,11,Noviembre,12,2022,10,55,SR-64,3,Highway estatal,Rural,Arteria Menor,State Highway Agency,0,Sin jurisdiccion especial,99998,38.28786944,-85.93190833,Vehiculo en movimiento,Frente a frente,Not an Intersection,No fue interseccion,Sobre calle,Construccion,Dia total,Nieve,No,NO APLICA,99,99,99,99,1,12/11/2022,2
18,Indiana,180902,0,0,2,0,83,KNOX (83),0,NO APLICA,12,Diciembre,19,2022,18,40,US-41,2,US Highway,Rural,Arteria Principal,State Highway Agency,1,Sin jurisdiccion especial,99998,38.62520833,-87.53287778,Vehiculo en movimiento,Angulo,Four-Way Intersection,Interseccion de 4 direcciones,Sobre calle,Ninguna,Oscuro sin iluminacion,Despejado,No,NO APLICA,99,99,99,99,2,19/12/2022,3
18,Indiana,180903,0,0,2,0,163,VANDERBURGH (163),1480,EVANSVILLE,12,Diciembre,30,2022,12,48,WEINBACH AVE,6,Calle Local Municipalidad,Urbano,Arteria Menor,City or Municipal Highway Agency,0,Sin jurisdiccion especial,99998,37.97718056,-87.52933056,Vehiculo en movimiento,Angulo,Four-Way Intersection,Interseccion de 4 direcciones,Sobre calle,Ninguna,Dia total,lluvia,No,NO APLICA,99,99,99,99,1,30/12/2022,3
18,Indiana,180904,1,1,1,0,97,MARION (97),2210,INDIANAPOLIS,10,Octubre,6,2022,19,39,US-40,2,US Highway,Urbano,Arteria Principal,State Highway Agency,0,Sin jurisdiccion especial,99998,39.76958611,-86.09492778,Peaton,El primer evento no fue una colision con un vehiculo automotor en transporte,Not an Intersection,No fue interseccion,Sobre calle,Ninguna,Oscuro con iluminacion,Despejado,No,NO APLICA,99,99,99,99,1,06/10/2022,1
18,Indiana,180905,0,0,1,0,51,GIBSON (51),0,NO APLICA,12,Diciembre,9,2022,21,52,CR-OLD US-41,4,Calle del Condado,Rural,Arteria Menor,County Highway Agency,0,Sin jurisdiccion especial,99998,38.33041111,-87.56719722,Acotamiento,El primer evento no fue una colision con un vehiculo automotor en transporte,Not an Intersection,No fue interseccion,Sobre el lado de la calle,Ninguna,Oscuro sin iluminacion,Despejado,No,NO APLICA,99,98,99,98,1,09/12/2022,1
18,Indiana,180906,0,0,2,0,89,LAKE (89),1730,GARY,9,Septiembre,12,2022,6,43,US-12,2,US Highway,Urbano,Arteria Principal,State Highway Agency,0,Sin jurisdiccion especial,99998,41.60217222,-87.42611944,Vehiculo en movimiento,Angulo,Four-Way Intersection,Interseccion de 4 direcciones,Sobre calle,Ninguna,Oscuro sin iluminacion,lluvia,No,NO APLICA,99,99,99,99,1,12/09/2022,2
19,Iowa,190001,0,0,1,0,93,IDA (93),0,NO APLICA,1,Enero,3,2022,23,22,297TH ST,5,Calle Local - Pueblo,Rural,Local,"Local Park, Forest or Reservation Agency",0,Sin jurisdiccion especial,0,42.27266667,-95.60002222,Arbol,El primer evento no fue una colision con un vehiculo automotor en transporte,Not an Intersection,No fue interseccion,Sobre el lado de la calle,Ninguna,Oscuro sin iluminacion,Despejado,No,NO APLICA,88,88,88,88,1,03/01/2022,1
19,Iowa,190002,0,0,1,0,51,DAVIS (51),0,NO APLICA,1,Enero,4,2022,22,20,CR-T07J/161ST ST,4,Calle del Condado,Rural,Colector Menor,County Highway Agency,0,Sin jurisdiccion especial,0,40.82601389,-92.48252778,Volcadura,El primer evento no fue una colision con un vehiculo automotor en transporte,Not an Intersection,No fue interseccion,Sobre el lado de la calle,Ninguna,Oscuro sin iluminacion,Despejado,No,NO APLICA,88,88,88,88,1,04/01/2022,1
19,Iowa,190003,0,0,1,0,111,LEE (111),7570,SAINT PAUL,1,Enero,6,2022,3,47,CR-J38/LOCUST ST,4,Calle del Condado,Rural,Colector Mayor,County Highway Agency,0,Sin jurisdiccion especial,0,40.76970278,-91.51626667,Edificio,El primer evento no fue una colision con un vehiculo automotor en transporte,T-Intersection,Interseccion de T,Fuera de la calle,Ninguna,Oscuro con iluminacion,Despejado,No,NO APLICA,99,99,99,99,1,06/01/2022,2
19,Iowa,190004,1,1,1,0,137,MONTGOMERY (137),7100,RED OAK,1,Enero,10,2022,17,55,SR-48/N BROADWAY ST,3,Highway estatal,Urbano,Arteria Principal,State Highway Agency,0,Sin jurisdiccion especial,76,41.01115278,-95.23274722,Peaton,El primer evento no fue una colision con un vehiculo automotor en transporte,Not an Intersection,No fue interseccion,Sobre calle,Ninguna,Oscuro con iluminacion,Despejado,No,NO APLICA,88,88,88,88,1,10/01/2022,1
19,Iowa,190005,1,1,1,0,153,POLK (153),2260,DES MOINES,1,Enero,12,2022,2,41,E MLK JR PKWY,6,Calle Local Municipalidad,Urbano,Colector Mayor,City or Municipal Highway Agency,0,Sin jurisdiccion especial,0,41.58353056,-93.60417222,Peaton,El primer evento no fue una colision con un vehiculo automotor en transporte,Not an Intersection,No fue interseccion,Sobre calle,Ninguna,Oscuro con iluminacion,Despejado,No,NO APLICA,2,41,2,47,1,12/01/2022,1
19,Iowa,190006,0,0,1,0,95,IOWA (95),0,NO APLICA,1,Enero,10,2022,21,48,CR-V044/D AVE,4,Calle del Condado,Rural,Colector Menor,County Highway Agency,0,Sin jurisdiccion especial,0,41.76083056,-92.24040833,Zanja,El primer evento no fue una colision con un vehiculo automotor en transporte,Y-Intersection,Interseccion de Y,Sobre el lado de la calle,Ninguna,Oscuro sin iluminacion,Despejado,No,NO APLICA,88,88,88,88,1,10/01/2022,1
19,Iowa,190007,0,0,1,0,1,ADAIR (1),0,NO APLICA,1,Enero,13,2022,23,25,I-80,1,Interestatal,Rural,Interestatal,State Highway Agency,1,Sin jurisdiccion especial,139,41.49592222,-94.421575,Barrera de Cable,El primer evento no fue una colision con un vehiculo automotor en transporte,Not an Intersection,No fue interseccion,En el medio,Ninguna,Oscuro sin iluminacion,Despejado,No,NO APLICA,88,88,88,88,1,13/01/2022,1
19,Iowa,190008,0,0,2,0,105,JONES (105),0,NO APLICA,1,Enero,4,2022,17,20,SR-64,3,Highway estatal,Rural,Arteria Menor,State Highway Agency,0,Sin jurisdiccion especial,69,42.070725,-91.14811667,Vehiculo en movimiento,Angulo,Not an Intersection,No fue interseccion,Sobre calle,Ninguna,Oscuro sin iluminacion,Despejado,No,NO APLICA,17,31,18,0,1,04/01/2022,2
19,Iowa,190009,0,0,1,0,141,O BRIEN (141),0,NO APLICA,1,Enero,19,2022,18,40,US-59/SILVER AVE,2,US Highway,Rural,Arteria Menor,State Highway Agency,1,Sin jurisdiccion especial,94,42.99751389,-95.62382222,Zanja,El primer evento no fue una colision con un vehiculo automotor en transporte,Not an Intersection,No fue interseccion,Sobre el lado de la calle,Ninguna,Oscuro sin iluminacion,Despejado,No,NO APLICA,88,88,88,88,1,19/01/2022,1
19,Iowa,190010,0,0,1,0,135,MONROE (135),0,NO APLICA,1,Enero,19,2022,10,9,695TH AVE,5,Calle Local - Pueblo,Rural,Local,Town or Township Highway Agency,0,Sin jurisdiccion especial,0,41.06199167,-92.72591944,Vehiculo Ferrocarril,El primer evento no fue una colision con un vehiculo automotor en transporte,Not an Intersection,No fue interseccion,Sobre calle,Ninguna,Dia total,Despejado,No,079400P,88,88,88,88,1,19/01/2022,1
19,Iowa,190011,0,0,1,0,163,SCOTT (163),2080,DAVENPORT,1,Enero,23,2022,4,51,US-61/SR-461/HARRISON ST,2,US Highway,Urbano,Arteria Principal,State Highway Agency,1,Sin jurisdiccion especial,67,41.55464444,-90.57675556,Arbol,El primer evento no fue una colision con un vehiculo automotor en transporte,Not an Intersection,No fue interseccion,Fuera de la calle,Ninguna,Oscuro sin iluminacion,Nublado,No,NO APLICA,88,88,88,88,1,23/01/2022,1
19,Iowa,190012,0,0,1,0,11,BENTON (11),8670,VINTON,1,Enero,13,2022,0,10,US-218/58TH ST,2,US Highway,Urbano,Arteria Menor,State Highway Agency,1,Sin jurisdiccion especial,245,42.18073611,-92.04343889,Otro objeto (fijo),El primer evento no fue una colision con un vehiculo automotor en transporte,Not an Intersection,No fue interseccion,Sobre el lado de la calle,Ninguna,Oscuro sin iluminacion,Despejado,No,NO APLICA,88,88,88,88,1,13/01/2022,1
19,Iowa,190013,0,0,2,0,153,POLK (153),2260,DES MOINES,1,Enero,25,2022,23,52,FLEUR DR,6,Calle Local Municipalidad,Urbano,Arteria Principal,City or Municipal Highway Agency,0,Sin jurisdiccion especial,0,41.53134444,-93.64501944,Vehiculo en movimiento,Frente a Detrás,Four-Way Intersection,Interseccion de 4 direcciones,Sobre calle,Ninguna,Oscuro con iluminacion,Despejado,No,NO APLICA,23,59,0,7,1,25/01/2022,4
19,Iowa,190014,0,0,1,0,43,CLAYTON (43),0,NO APLICA,1,Enero,7,2022,11,53,EVERGREEN RD,5,Calle Local - Pueblo,Rural,Local,Town or Township Highway Agency,0,Sin jurisdiccion especial,0,42.78425556,-91.41206667,Culvert,El primer evento no fue una colision con un vehiculo automotor en transporte,Not an Intersection,No fue interseccion,Sobre el lado de la calle,Ninguna,Dia total,Despejado,No,NO APLICA,12,6,12,17,1,07/01/2022,1
19,Iowa,190015,0,0,2,0,5,ALLAMAKEE (5),0,NO APLICA,1,Enero,31,2022,15,25,SR-9,3,Highway estatal,Rural,Arteria Menor,State Highway Agency,0,Sin jurisdiccion especial,137,43.33039167,-91.42471944,Vehiculo en movimiento,Angulo,Not an Intersection,No fue interseccion,Sobre calle,Ninguna,Dia total,Despejado,No,NO APLICA,15,28,15,33,1,31/01/2022,3
19,Iowa,190016,0,0,3,2,149,PLYMOUTH (149),5530,MERRILL,1,Enero,25,2022,4,51,US-75,2,US Highway,Rural,Arteria Principal,State Highway Agency,1,Sin jurisdiccion especial,118,42.72180278,-96.24568056,Poste,El primer evento no fue una colision con un vehiculo automotor en transporte,Not an Intersection,No fue interseccion,Sobre el lado de la calle,Ninguna,Oscuro sin iluminacion,Despejado,No,NO APLICA,88,88,88,88,1,25/01/2022,1
19,Iowa,190017,0,0,3,0,95,IOWA (95),0,NO APLICA,1,Enero,5,2022,10,0,I-80 RAMP,1,Interestatal,Rural,Interestatal,State Highway Agency,1,Sin jurisdiccion especial,0,41.69001111,-92.06621111,Vehiculo en movimiento,Angulo,Four-Way Intersection,Interseccion de 4 direcciones,Sobre calle,Ninguna,Dia total,Soplando nieve,No,NO APLICA,99,99,99,99,1,05/01/2022,4
19,Iowa,190018,0,0,2,0,17,BREMER (17),0,NO APLICA,2,Febrero,8,2022,8,45,US-63/LARRABEE AVE,2,US Highway,Rural,Arteria Principal,State Highway Agency,1,Sin jurisdiccion especial,92,42.77403611,-92.33751667,Vehiculo en movimiento,Frente a Detrás,Not an Intersection,No fue interseccion,Sobre calle,Ninguna,Dia total,Despejado,No,NO APLICA,8,35,8,42,1,08/02/2022,2
19,Iowa,190019,0,0,2,0,185,WAYNE (185),0,NO APLICA,2,Febrero,11,2022,8,30,SR-14,3,Highway estatal,Rural,Arteria Menor,State Highway Agency,0,Sin jurisdiccion especial,79,40.880625,-93.317775,Vehiculo en movimiento,Frente a frente,Not an Intersection,No fue interseccion,Sobre calle,Ninguna,Dia total,Despejado,No,NO APLICA,88,88,88,88,1,11/02/2022,2
19,Iowa,190020,0,0,1,0,155,POTTAWATTAMIE (155),1900,COUNCIL BLUFFS,2,Febrero,16,2022,2,6,I-29 RAMP,1,Interestatal,Urbano,Interestatal,State Highway Agency,1,Sin jurisdiccion especial,53,41.231825,-95.84584167,Acotamiento,El primer evento no fue una colision con un vehiculo automotor en transporte,Not an Intersection,No fue interseccion,Sobre el lado de la calle,Ninguna,Oscuro con iluminacion,Despejado,No,NO APLICA,99,99,99,99,1,16/02/2022,2
19,Iowa,190021,0,0,1,0,37,CHICKASAW (37),0,NO APLICA,2,Febrero,7,2022,10,11,SR-346/270TH/HIAWATHA PIONEER,3,Highway estatal,Rural,Arteria Menor,State Highway Agency,0,Sin jurisdiccion especial,74,42.96588056,-92.40324444,Jackknife (harmful to this vehicle),El primer evento no fue una colision con un vehiculo automotor en transporte,Not an Intersection,No fue interseccion,Sobre el lado de la calle,Ninguna,Dia total,Despejado,No,NO APLICA,10,14,10,28,1,07/02/2022,2
19,Iowa,190022,0,0,1,0,143,OSCEOLA (143),0,NO APLICA,2,Febrero,14,2022,15,54,SR-60,3,Highway estatal,Rural,Arteria Principal,State Highway Agency,1,Sin jurisdiccion especial,45,43.32974722,-95.78010278,Volcadura,El primer evento no fue una colision con un vehiculo automotor en transporte,Not an Intersection,No fue interseccion,Sobre el lado de la calle,Ninguna,Dia total,Despejado,No,NO APLICA,99,99,99,99,1,14/02/2022,2
19,Iowa,190023,0,0,2,0,27,CARROLL (27),0,NO APLICA,2,Febrero,22,2022,8,50,SR-141,3,Highway estatal,Rural,Arteria Menor,State Highway Agency,0,Sin jurisdiccion especial,136,41.90206111,-94.82903611,Vehiculo en movimiento,Angulo,Not an Intersection,No fue interseccion,Sobre calle,Ninguna,Dia total,Soplando nieve,No,NO APLICA,88,88,88,88,1,22/02/2022,2