Estado,Nombre de Estado,Numero de Caso,Peatones,Personas _no_vehiculos,Vehiculos automotores,Vehiculos estacionados,Condado,Nombre Condado,Ciudad,Nombre Ciudad,Mes,Nombre Mes,Dia,Año,Hora,Minuto,Calle,Ruta,Nombre Ruta,Rural o Urbanoo,Sistema Funcional,Dueño Calle,Sistema Nacional Carreteras,Jurisdiccion Especial,Milla,Latitud,Longitud,Causa del Accidente,Tipo de Accidente,Tipo Interseccion,Columna1,Lugar en la calle,Zona de Trabajo,Luz,Clima,Autobus Escolar,Cruce de Trenes,Hora Notificacion,Minuto Notificacion,Hora Llegada,Minuto Llegada,Decesos,Fecha,PersonaVehiculo
19,Iowa,190024,0,0,3,0,19,BUCHANAN (19),0,NO APLICA,2,Febrero,19,2022,2,38,SR-150/JACKSON AVE,3,Highway estatal,Rural,Arteria Principal,State Highway Agency,1,Sin jurisdiccion especial,201,42.57976944,-91.90473056,Vehiculo en movimiento,Frente a frente,Not an Intersection,No fue interseccion,Sobre calle,Ninguna,Oscuro sin iluminacion,Despejado,No,NO APLICA,2,45,2,59,1,19/02/2022,5
19,Iowa,190025,0,0,1,0,193,WOODBURY (193),7850,SIOUX CITY,2,Febrero,23,2022,8,24,US-20,2,US Highway,Urbano,Arteria Principal,State Highway Agency,1,Sin jurisdiccion especial,36,42.46593056,-96.32326667,Zanja,El primer evento no fue una colision con un vehiculo automotor en transporte,Not an Intersection,No fue interseccion,Sobre el lado de la calle,Ninguna,Reportada como desconocida,Reportado como desconocido,No,NO APLICA,88,88,88,88,1,23/02/2022,1
19,Iowa,190026,0,0,2,0,31,CEDAR (31),0,NO APLICA,2,Febrero,16,2022,9,20,I-80/US 6/HIAWATHA PIONEER TRL,1,Interestatal,Rural,Interestatal,State Highway Agency,1,Sin jurisdiccion especial,194,41.63355,-90.98073056,Barrera de Cable,El primer evento no fue una colision con un vehiculo automotor en transporte,Not an Intersection,No fue interseccion,Sobre el lado de la calle,Ninguna,Dia total,Nublado,No,NO APLICA,9,20,9,32,1,16/02/2022,3
19,Iowa,190027,0,0,2,0,1,ADAIR (1),0,NO APLICA,2,Febrero,21,2022,0,20,I-80/US-6/GRAND ARMY OF THE RE,1,Interestatal,Rural,Interestatal,State Highway Agency,1,Sin jurisdiccion especial,119,41.49605833,-94.46444167,Vehiculo en movimiento,Frente a Detrás,Not an Intersection,No fue interseccion,Sobre calle,Ninguna,Oscuro sin iluminacion,Despejado,No,NO APLICA,99,99,99,99,1,21/02/2022,5
19,Iowa,190028,0,0,1,0,137,MONTGOMERY (137),0,NO APLICA,2,Febrero,25,2022,14,25,US-71,2,US Highway,Rural,Arteria Principal,State Highway Agency,1,Sin jurisdiccion especial,110,41.06743333,-94.985,Zanja,El primer evento no fue una colision con un vehiculo automotor en transporte,Not an Intersection,No fue interseccion,Sobre el lado de la calle,Ninguna,Dia total,Despejado,No,NO APLICA,14,30,14,33,1,25/02/2022,1
19,Iowa,190029,0,0,2,0,165,SHELBY (165),0,NO APLICA,2,Febrero,25,2022,16,40,US-59,2,US Highway,Rural,Arteria Principal,State Highway Agency,1,Sin jurisdiccion especial,238,41.85266667,-95.34406389,Vehiculo en movimiento,Angulo,Not an Intersection,No fue interseccion,Sobre calle,Ninguna,Dia total,Despejado,No,NO APLICA,99,99,99,99,1,25/02/2022,3
19,Iowa,190030,0,0,2,0,51,DAVIS (51),0,NO APLICA,3,Marzo,2,2022,19,22,US-63,2,US Highway,Rural,Arteria Principal,State Highway Agency,1,Sin jurisdiccion especial,94,40.72818889,-92.50489167,Vehiculo en movimiento,Golpe Lateral - direccion contraria,Not an Intersection,No fue interseccion,Sobre Acotamiento,Ninguna,Oscuro sin iluminacion,Despejado,No,NO APLICA,88,88,88,88,1,02/03/2022,2
19,Iowa,190031,0,0,2,0,89,HOWARD (89),0,NO APLICA,3,Marzo,3,2022,21,39,US-63,2,US Highway,Rural,Arteria Principal,State Highway Agency,1,Sin jurisdiccion especial,183,43.47123611,-92.32075278,Vehiculo en movimiento,Angulo,Not an Intersection,No fue interseccion,Sobre calle,Ninguna,Oscuro sin iluminacion,Despejado,No,NO APLICA,21,42,21,56,1,03/03/2022,2
19,Iowa,190032,0,0,1,0,121,MADISON (121),0,NO APLICA,2,Febrero,27,2022,2,30,195TH TRL,5,Calle Local - Pueblo,Rural,Local,Town or Township Highway Agency,0,Sin jurisdiccion especial,0,41.37447778,-93.95560556,Arbol,El primer evento no fue una colision con un vehiculo automotor en transporte,Not an Intersection,No fue interseccion,Sobre el lado de la calle,Ninguna,Oscuro sin iluminacion,Despejado,No,NO APLICA,88,88,88,88,1,27/02/2022,4
19,Iowa,190033,0,0,2,0,9,AUDUBON (9),0,NO APLICA,3,Marzo,8,2022,12,40,320TH ST,5,Calle Local - Pueblo,Rural,Local,Town or Township Highway Agency,0,Sin jurisdiccion especial,0,41.54454444,-94.97355833,Vehiculo en movimiento,Frente a frente,Not an Intersection,No fue interseccion,Sobre calle,Ninguna,Dia total,Despejado,No,NO APLICA,88,88,88,88,1,08/03/2022,2
19,Iowa,190034,0,0,1,0,155,POTTAWATTAMIE (155),0,NO APLICA,3,Marzo,8,2022,7,23,I-29,1,Interestatal,Rural,Interestatal,State Highway Agency,1,Sin jurisdiccion especial,180,41.35015556,-95.89731667,Zanja,El primer evento no fue una colision con un vehiculo automotor en transporte,Not an Intersection,No fue interseccion,En el medio,Ninguna,Dia total,Despejado,No,NO APLICA,7,31,7,40,1,08/03/2022,2
19,Iowa,190035,0,0,2,0,163,SCOTT (163),790,BETTENDORF,3,Marzo,12,2022,16,30,18TH ST,6,Calle Local Municipalidad,Urbano,Arteria Menor,City or Municipal Highway Agency,0,Sin jurisdiccion especial,0,41.53785556,-90.50725833,Poste o otros soportes,El primer evento no fue una colision con un vehiculo automotor en transporte,Not an Intersection,No fue interseccion,Sobre el lado de la calle,Ninguna,Dia total,Despejado,No,NO APLICA,99,99,99,99,1,12/03/2022,2
19,Iowa,190036,1,1,3,0,193,WOODBURY (193),7850,SIOUX CITY,3,Marzo,15,2022,3,22,I-29,1,Interestatal,Urbano,Interestatal,State Highway Agency,1,Sin jurisdiccion especial,241,42.49357778,-96.46186111,Peaton,El primer evento no fue una colision con un vehiculo automotor en transporte,Not an Intersection,No fue interseccion,Sobre calle,Ninguna,Oscuro sin iluminacion,Neblina o Humo,No,NO APLICA,88,88,88,88,1,15/03/2022,4
19,Iowa,190037,0,0,1,0,89,HOWARD (89),0,NO APLICA,3,Marzo,12,2022,22,46,CR-V58/WILLOW AVE,4,Calle del Condado,Rural,Colector Mayor,County Highway Agency,0,Sin jurisdiccion especial,0,43.41488056,-92.12005,Zanja,El primer evento no fue una colision con un vehiculo automotor en transporte,Not an Intersection,No fue interseccion,Sobre el lado de la calle,Ninguna,Oscuro sin iluminacion,Despejado,No,NO APLICA,88,88,88,88,1,12/03/2022,1
19,Iowa,190038,0,0,2,0,139,MUSCATINE (139),0,NO APLICA,2,Febrero,18,2022,12,9,US-61,2,US Highway,Rural,Arteria Principal,State Highway Agency,1,Sin jurisdiccion especial,206,41.50200556,-90.93991667,Vehiculo en movimiento,Angulo,Four-Way Intersection,Interseccion de 4 direcciones,Sobre calle,Ninguna,Dia total,Despejado,No,NO APLICA,12,14,12,20,1,18/02/2022,3
19,Iowa,190039,0,0,2,1,153,POLK (153),2260,DES MOINES,3,Marzo,14,2022,17,43,SR-163,3,Highway estatal,Urbano,Arteria Principal,State Highway Agency,1,Sin jurisdiccion especial,20,41.600625,-93.56070833,Poste,El primer evento no fue una colision con un vehiculo automotor en transporte,Not an Intersection,No fue interseccion,Sobre el lado de la calle,Ninguna,Dia total,Despejado,No,NO APLICA,88,88,88,88,1,14/03/2022,1
19,Iowa,190040,0,0,1,0,177,VAN BUREN (177),0,NO APLICA,3,Marzo,12,2022,0,12,CR-J40,4,Calle del Condado,Rural,Colector Mayor,County Highway Agency,0,Sin jurisdiccion especial,0,40.72133611,-91.78850556,Zanja,El primer evento no fue una colision con un vehiculo automotor en transporte,Not an Intersection,No fue interseccion,Sobre el lado de la calle,Ninguna,Oscuro sin iluminacion,Despejado,No,NO APLICA,0,17,0,31,1,12/03/2022,1
19,Iowa,190041,0,0,2,0,91,HUMBOLDT (91),0,NO APLICA,2,Febrero,16,2022,16,50,SR-3/220TH ST/HIAWATHA PIONEER,3,Highway estatal,Rural,Arteria Principal,State Highway Agency,1,Sin jurisdiccion especial,20,42.73236944,-94.393025,Vehiculo en movimiento,Angulo,Not an Intersection,No fue interseccion,Sobre calle,Ninguna,Atardecer,Despejado,No,NO APLICA,16,41,16,47,1,16/02/2022,2
19,Iowa,190042,0,0,1,0,167,SIOUX (167),4070,IRETON,3,Marzo,5,2022,3,30,PLEASANT VIEW DR,5,Calle Local - Pueblo,Rural,Local,Town or Township Highway Agency,0,Sin jurisdiccion especial,0,42.97524167,-96.30973889,Volcadura,El primer evento no fue una colision con un vehiculo automotor en transporte,Not an Intersection,No fue interseccion,Sobre el lado de la calle,Ninguna,Oscuro - iluminacion desconocida,Despejado,No,NO APLICA,88,88,88,88,1,05/03/2022,1
19,Iowa,190043,0,0,2,0,45,CLINTON (45),0,NO APLICA,3,Marzo,16,2022,16,54,SR-136/CR-Z40,3,Highway estatal,Rural,Arteria Menor,State Highway Agency,0,Sin jurisdiccion especial,70,41.90914167,-90.28905278,Vehiculo en movimiento,Angulo,Not an Intersection,No fue interseccion,Sobre calle,Ninguna,Dia total,Despejado,No,NO APLICA,17,2,17,24,5,16/03/2022,5
19,Iowa,190044,0,0,2,1,17,BREMER (17),4110,JANESVILLE,3,Marzo,19,2022,20,16,US-218 RAMP,2,US Highway,Rural,Arteria Principal,State Highway Agency,1,Sin jurisdiccion especial,99998,42.64823889,-92.44926111,Vehiculo Aparcado,El primer evento no fue una colision con un vehiculo automotor en transporte,Not an Intersection,No fue interseccion,Sobre Acotamiento,Ninguna,Oscuro sin iluminacion,Despejado,No,NO APLICA,20,20,20,28,1,19/03/2022,1
19,Iowa,190045,0,0,1,0,53,DECATUR (53),0,NO APLICA,3,Marzo,4,2022,11,30,I-35,1,Interestatal,Rural,Interestatal,State Highway Agency,1,Sin jurisdiccion especial,20,40.59821667,-93.91079722,Culvert,El primer evento no fue una colision con un vehiculo automotor en transporte,Not an Intersection,No fue interseccion,En el medio,Ninguna,Dia total,Despejado,No,NO APLICA,88,88,88,88,1,04/03/2022,1
19,Iowa,190046,0,0,2,0,49,DALLAS (49),40,ADEL,2,Febrero,25,2022,10,13,US-6/GREENE ST,2,US Highway,Rural,Arteria Menor,State Highway Agency,1,Sin jurisdiccion especial,161,41.61444167,-94.01561111,Vehiculo en movimiento,Angulo,Not an Intersection,No fue interseccion,Sobre calle,Ninguna,Dia total,Nublado,No,NO APLICA,88,88,88,88,1,25/02/2022,2
19,Iowa,190047,0,0,1,0,191,WINNESHIEK (191),0,NO APLICA,3,Marzo,26,2022,7,2,CR-A46,4,Calle del Condado,Rural,Colector Menor,County Highway Agency,0,Sin jurisdiccion especial,0,43.29888611,-92.02243889,Poste,El primer evento no fue una colision con un vehiculo automotor en transporte,Not an Intersection,No fue interseccion,Sobre el lado de la calle,Ninguna,Amanecer,Nublado,No,NO APLICA,88,88,88,88,1,26/03/2022,1
19,Iowa,190048,0,0,1,0,91,HUMBOLDT (91),0,NO APLICA,3,Marzo,26,2022,5,45,CR-C44/230TH ST-NEVADA AVE,4,Calle del Condado,Rural,Colector Mayor,County Highway Agency,0,Sin jurisdiccion especial,0,42.71728611,-94.18765556,Zanja,El primer evento no fue una colision con un vehiculo automotor en transporte,Not an Intersection,No fue interseccion,Sobre el lado de la calle,Ninguna,Oscuro sin iluminacion,Despejado,No,NO APLICA,88,88,88,88,2,26/03/2022,2
19,Iowa,190049,0,0,2,0,155,POTTAWATTAMIE (155),1900,COUNCIL BLUFFS,2,Febrero,28,2022,16,46,US-275/SR-92/VETERANS MEMORIAL,2,US Highway,Urbano,Arteria Principal,State Highway Agency,1,Sin jurisdiccion especial,67,41.21870833,-95.87890556,Vehiculo en movimiento,Angulo,Four-Way Intersection,Interseccion de 4 direcciones,Sobre calle,Ninguna,Dia total,Despejado,No,NO APLICA,16,46,16,56,1,28/02/2022,2
19,Iowa,190050,0,0,1,0,163,SCOTT (163),790,BETTENDORF,2,Febrero,15,2022,22,4,13TH ST,6,Calle Local Municipalidad,Urbano,Local,City or Municipal Highway Agency,0,Sin jurisdiccion especial,0,41.524575,-90.514925,Alguien se cayo/avento del vehiculo,El primer evento no fue una colision con un vehiculo automotor en transporte,Not an Intersection,No fue interseccion,Sobre calle,Ninguna,Oscuro con iluminacion,Despejado,No,NO APLICA,88,88,88,88,1,15/02/2022,2
19,Iowa,190051,0,0,2,0,111,LEE (111),0,NO APLICA,2,Febrero,24,2022,13,11,SR-27/SR394/AVE OF THE SAINTS,3,Highway estatal,Rural,Arteria Principal,State Highway Agency,1,Sin jurisdiccion especial,89,40.59041389,-91.56336944,Vehiculo en movimiento,Angulo,Four-Way Intersection,Interseccion de 4 direcciones,Sobre calle,Ninguna,Dia total,Aguanieve,No,NO APLICA,13,14,13,22,1,24/02/2022,2
19,Iowa,190052,1,1,1,0,163,SCOTT (163),2080,DAVENPORT,3,Marzo,22,2022,22,0,E LOCUST ST,6,Calle Local Municipalidad,Urbano,Arteria Menor,City or Municipal Highway Agency,0,Sin jurisdiccion especial,0,41.53825556,-90.56913611,Peaton,El primer evento no fue una colision con un vehiculo automotor en transporte,Not an Intersection,No fue interseccion,Sobre calle,Ninguna,Oscuro con iluminacion,lluvia,No,NO APLICA,22,2,22,2,1,22/03/2022,2
19,Iowa,190053,0,0,2,0,153,POLK (153),0,NO APLICA,3,Marzo,25,2022,17,25,CR-F38/NE 78TH AVE,4,Calle del Condado,Urbano,Colector Mayor,County Highway Agency,0,Sin jurisdiccion especial,0,41.70285833,-93.52247222,Vehiculo en movimiento,Angulo,Four-Way Intersection,Interseccion de 4 direcciones,Sobre calle,Ninguna,Dia total,Despejado,No,NO APLICA,99,99,99,99,1,25/03/2022,6
19,Iowa,190054,0,0,2,0,167,SIOUX (167),0,NO APLICA,3,Marzo,28,2022,14,30,US-18/320TH ST,2,US Highway,Rural,Arteria Principal,State Highway Agency,1,Sin jurisdiccion especial,218,43.18591389,-96.09801111,Vehiculo en movimiento,Frente a Detrás,Four-Way Intersection,Interseccion de 4 direcciones,Sobre calle,Ninguna,Dia total,Despejado,No,NO APLICA,99,99,99,99,1,28/03/2022,2
19,Iowa,190055,0,0,1,0,181,WARREN (181),5600,MILO,4,Abril,8,2022,23,30,CR-S23/190TH AVE,4,Calle del Condado,Rural,Colector Mayor,County Highway Agency,0,Sin jurisdiccion especial,0,41.27642778,-93.44264722,Zanja,El primer evento no fue una colision con un vehiculo automotor en transporte,Not an Intersection,No fue interseccion,Sobre el lado de la calle,Ninguna,Oscuro sin iluminacion,Despejado,No,NO APLICA,88,88,88,88,2,08/04/2022,2
19,Iowa,190056,0,0,1,0,139,MUSCATINE (139),0,NO APLICA,4,Abril,9,2022,5,41,US-6/HIAWATHA PIONEER TRL,2,US Highway,Rural,Arteria Menor,State Highway Agency,1,Sin jurisdiccion especial,166,41.56679722,-91.06212778,Otro objeto (fijo),El primer evento no fue una colision con un vehiculo automotor en transporte,Not an Intersection,No fue interseccion,Sobre el lado de la calle,Ninguna,Oscuro sin iluminacion,Despejado,No,NO APLICA,88,88,88,88,1,09/04/2022,1
19,Iowa,190057,0,0,1,0,163,SCOTT (163),4600,LE CLAIRE,4,Abril,10,2022,22,51,US-67/GREAT RIVER RD,2,US Highway,Urbano,Arteria Principal,State Highway Agency,1,Sin jurisdiccion especial,172,41.63143333,-90.34753611,Arbol,El primer evento no fue una colision con un vehiculo automotor en transporte,Not an Intersection,No fue interseccion,Sobre el lado de la calle,Ninguna,Oscuro sin iluminacion,Despejado,No,NO APLICA,88,88,88,88,1,10/04/2022,1
19,Iowa,190058,0,0,2,0,183,WASHINGTON (183),7230,RIVERSIDE,4,Abril,15,2022,9,20,SR-22/E HICKORY ST,3,Highway estatal,Rural,Arteria Menor,State Highway Agency,0,Sin jurisdiccion especial,200,41.48403333,-91.57163889,Vehiculo en movimiento,Golpe Lateral - direccion contraria,Not an Intersection,No fue interseccion,Sobre calle,Ninguna,Dia total,Despejado,No,NO APLICA,88,88,88,88,1,15/04/2022,2
19,Iowa,190059,0,0,2,0,161,SAC (161),0,NO APLICA,4,Abril,18,2022,10,34,SR-39/FOX AVE,3,Highway estatal,Rural,Arteria Menor,State Highway Agency,0,Sin jurisdiccion especial,51,42.29150556,-95.245325,Vehiculo en movimiento,Angulo,Not an Intersection,No fue interseccion,Sobre calle,Ninguna,Dia total,Soplando nieve,No,NO APLICA,99,99,99,99,1,18/04/2022,2
19,Iowa,190060,1,1,1,0,61,DUBUQUE (61),2430,DUBUQUE,1,Enero,21,2022,11,48,BELL ST,8,Otro,Trafficway Not in State Inventory,Via no en inventario estatal,Trafficway Not in State Inventory,0,Sin jurisdiccion especial,0,42.49770556,-90.65784722,Peaton,El primer evento no fue una colision con un vehiculo automotor en transporte,Not an Intersection,No fue interseccion,Sobre calle,Ninguna,Dia total,Despejado,No,NO APLICA,88,88,88,88,1,21/01/2022,2
19,Iowa,190061,0,0,2,0,49,DALLAS (49),0,NO APLICA,4,Abril,9,2022,21,22,SR-141/141ST ST,3,Highway estatal,Rural,Arteria Principal,State Highway Agency,1,Sin jurisdiccion especial,29,41.83453611,-94.22204444,Vehiculo en movimiento,Angulo,Four-Way Intersection,Interseccion de 4 direcciones,Sobre calle,Ninguna,Oscuro con iluminacion,Despejado,No,NO APLICA,21,26,21,32,1,09/04/2022,3
19,Iowa,190062,0,0,2,0,49,DALLAS (49),8820,WAUKEE,4,Abril,22,2022,14,11,US-6/HICKMAN RD/GRAND ARMY OF,2,US Highway,Urbano,Arteria Principal,State Highway Agency,1,Sin jurisdiccion especial,238,41.61504167,-93.86905278,Vehiculo en movimiento,Angulo,Four-Way Intersection,Interseccion de 4 direcciones,Sobre calle,Ninguna,Dia total,Nublado,No,NO APLICA,14,12,14,16,1,22/04/2022,2
19,Iowa,190063,1,1,1,0,57,DES MOINES (57),0,NO APLICA,4,Abril,18,2022,20,55,US-34,2,US Highway,Rural,Arteria Principal,State Highway Agency,1,Sin jurisdiccion especial,55,40.83459167,-91.32015,Peaton,El primer evento no fue una colision con un vehiculo automotor en transporte,Not an Intersection,No fue interseccion,Sobre calle,Ninguna,Oscuro sin iluminacion,Despejado,No,NO APLICA,99,99,99,99,1,18/04/2022,1
19,Iowa,190064,0,0,1,0,141,O BRIEN (141),6640,PAULLINA,2,Febrero,20,2022,3,0,E BROADWAY ST,5,Calle Local - Pueblo,Rural,Local,Town or Township Highway Agency,0,Sin jurisdiccion especial,0,42.97921389,-95.68441667,Alguien se cayo/avento del vehiculo,El primer evento no fue una colision con un vehiculo automotor en transporte,Not an Intersection,No fue interseccion,Sobre calle,Ninguna,Oscuro con iluminacion,Despejado,No,NO APLICA,99,99,99,99,1,20/02/2022,2
19,Iowa,190065,0,0,1,0,177,VAN BUREN (177),0,NO APLICA,4,Abril,22,2022,5,55,SR-2,3,Highway estatal,Rural,Colector Mayor,State Highway Agency,0,Sin jurisdiccion especial,0,40.67377222,-91.80386944,Acotamiento,El primer evento no fue una colision con un vehiculo automotor en transporte,Not an Intersection,No fue interseccion,Sobre el lado de la calle,Ninguna,Oscuro sin iluminacion,Nublado,No,NO APLICA,88,88,88,88,1,22/04/2022,1
19,Iowa,190066,0,0,2,0,181,WARREN (181),0,NO APLICA,4,Abril,24,2022,15,50,SR-5,3,Highway estatal,Rural,Arteria Principal,State Highway Agency,1,Sin jurisdiccion especial,0,41.43695278,-93.32935556,Vehiculo en movimiento,Angulo,Four-Way Intersection,Interseccion de 4 direcciones,Sobre calle,Ninguna,Dia total,Despejado,No,NO APLICA,88,88,88,88,1,24/04/2022,3
19,Iowa,190067,0,0,1,0,33,CERRO GORDO (33),0,NO APLICA,4,Abril,26,2022,6,58,CR-C23/210TH ST,4,Calle del Condado,Rural,Colector Mayor,County Highway Agency,0,Sin jurisdiccion especial,184,43.06675278,-93.1323,Suelo,El primer evento no fue una colision con un vehiculo automotor en transporte,Not an Intersection,No fue interseccion,Fuera de la calle,Ninguna,Dia total,Despejado,No,NO APLICA,88,88,88,88,1,26/04/2022,1
19,Iowa,190068,0,0,2,0,27,CARROLL (27),0,NO APLICA,4,Abril,23,2022,11,35,CR-E19/130TH ST,4,Calle del Condado,Rural,Colector Mayor,County Highway Agency,0,Sin jurisdiccion especial,190,42.16650556,-94.68731389,Vehiculo en movimiento,Angulo,Four-Way Intersection,Interseccion de 4 direcciones,Sobre calle,Ninguna,Dia total,Despejado,No,NO APLICA,99,99,99,99,1,23/04/2022,2
19,Iowa,190069,0,0,3,0,167,SIOUX (167),0,NO APLICA,4,Abril,27,2022,10,33,US-75,2,US Highway,Rural,Arteria Menor,State Highway Agency,1,Sin jurisdiccion especial,201,43.20019722,-96.17735556,Vehiculo en movimiento,Angulo,Four-Way Intersection,Interseccion de 4 direcciones,Sobre calle,Ninguna,Dia total,Despejado,No,NO APLICA,10,41,10,53,2,27/04/2022,4
19,Iowa,190070,0,0,2,0,47,CRAWFORD (47),2230,DENISON,4,Abril,28,2022,8,57,US-30/4TH AVE S/LINCOLN HWY,2,US Highway,Urbano,Arteria Principal,State Highway Agency,1,Sin jurisdiccion especial,166,42.01246667,-95.35453611,Banqueta,El primer evento no fue una colision con un vehiculo automotor en transporte,Not an Intersection,No fue interseccion,Sobre el lado de la calle,Ninguna,Dia total,Despejado,No,NO APLICA,8,57,9,3,1,28/04/2022,2
19,Iowa,190071,1,1,1,0,153,POLK (153),2260,DES MOINES,4,Abril,28,2022,15,42,SR-163/E UNIVERSITY AVE,3,Highway estatal,Urbano,Arteria Principal,State Highway Agency,1,Sin jurisdiccion especial,1,41.60090278,-93.59212222,Peaton,El primer evento no fue una colision con un vehiculo automotor en transporte,Not an Intersection,No fue interseccion,Sobre calle,Ninguna,Dia total,Nublado,No,NO APLICA,15,42,15,44,1,28/04/2022,1
19,Iowa,190072,0,0,2,0,183,WASHINGTON (183),0,NO APLICA,5,Mayo,1,2022,11,44,US-218/SR-27/AVE OF THE SAINTS,2,US Highway,Rural,Arteria Principal,State Highway Agency,1,Sin jurisdiccion especial,145,41.37188056,-91.55126944,Vehiculo en movimiento,Angulo,Not an Intersection,No fue interseccion,Sobre calle,Ninguna,Dia total,Despejado,No,NO APLICA,99,99,99,99,1,01/05/2022,4
19,Iowa,190073,0,0,2,0,21,BUENA VISTA (21),0,NO APLICA,3,Marzo,15,2022,19,4,SR-3/530TH ST,3,Highway estatal,Rural,Arteria Principal,State Highway Agency,1,Sin jurisdiccion especial,75,42.74881667,-95.22976111,Vehiculo en movimiento,Angulo,Not an Intersection,No fue interseccion,Sobre calle,Ninguna,Atardecer,Despejado,No,NO APLICA,19,6,19,16,1,15/03/2022,3
19,Iowa,190074,0,0,1,0,163,SCOTT (163),790,BETTENDORF,2,Febrero,26,2022,2,41,I-74,1,Interestatal,Urbano,Interestatal,State Highway Agency,1,Sin jurisdiccion especial,32,41.54724167,-90.52012778,Zanja,El primer evento no fue una colision con un vehiculo automotor en transporte,Not an Intersection,No fue interseccion,Sobre el lado de la calle,Ninguna,Oscuro sin iluminacion,Despejado,No,NO APLICA,88,88,88,88,2,26/02/2022,2
19,Iowa,190075,0,0,3,0,153,POLK (153),9180,WINDSOR HEIGHTS,3,Marzo,26,2022,22,7,SR-28/63RD ST,3,Highway estatal,Urbano,Arteria Principal,State Highway Agency,1,Sin jurisdiccion especial,66,41.60226944,-93.70374167,Vehiculo en movimiento,Golpe Lateral - misma direccion,Not an Intersection,No fue interseccion,Sobre calle,Ninguna,Oscuro con iluminacion,Despejado,No,NO APLICA,22,7,22,11,1,26/03/2022,4
19,Iowa,190076,0,0,2,0,103,JOHNSON (103),0,NO APLICA,3,Marzo,20,2022,11,59,I-80,1,Interestatal,Rural,Interestatal,State Highway Agency,1,Sin jurisdiccion especial,194,41.67791111,-91.46290278,Vehiculo en movimiento,Frente a Detrás,Not an Intersection,No fue interseccion,Sobre calle,Ninguna,Dia total,Despejado,No,NO APLICA,11,59,12,8,1,20/03/2022,3
19,Iowa,190077,0,0,1,0,45,CLINTON (45),0,NO APLICA,4,Abril,16,2022,1,26,US-61,2,US Highway,Rural,Arteria Principal,State Highway Agency,1,Sin jurisdiccion especial,130,41.94051111,-90.62032222,Animal vivo,El primer evento no fue una colision con un vehiculo automotor en transporte,Not an Intersection,No fue interseccion,Sobre calle,Ninguna,Oscuro sin iluminacion,Despejado,No,NO APLICA,1,36,2,0,1,16/04/2022,1
19,Iowa,190078,0,0,1,0,61,DUBUQUE (61),0,NO APLICA,5,Mayo,8,2022,4,54,SR-32/NW ARTERIAL,3,Highway estatal,Urbano,Arteria Principal,State Highway Agency,1,Sin jurisdiccion especial,44,42.53699444,-90.69558333,Acotamiento,El primer evento no fue una colision con un vehiculo automotor en transporte,Not an Intersection,No fue interseccion,Sobre el lado de la calle,Ninguna,Amanecer,Despejado,No,NO APLICA,99,99,99,99,1,08/05/2022,3
19,Iowa,190079,0,0,2,0,153,POLK (153),8980,WEST DES MOINES,5,Mayo,3,2022,22,35,I-35,1,Interestatal,Urbano,Interestatal,State Highway Agency,1,Sin jurisdiccion especial,31,41.55796944,-93.7765,Vehiculo en movimiento,Frente a Detrás,Not an Intersection,No fue interseccion,Sobre Acotamiento,Ninguna,Oscuro sin iluminacion,Despejado,No,NO APLICA,99,99,99,99,1,03/05/2022,3
19,Iowa,190080,0,0,2,0,167,SIOUX (167),7840,SIOUX CENTER,3,Marzo,29,2022,18,35,CR-B14/290TH ST,4,Calle del Condado,Rural,Arteria Menor,County Highway Agency,0,Sin jurisdiccion especial,0,43.22931389,-96.13343889,Vehiculo en movimiento,Frente a frente,Not an Intersection,No fue interseccion,Sobre calle,Ninguna,Atardecer,Nublado,No,NO APLICA,99,99,99,99,1,29/03/2022,2
19,Iowa,190081,0,0,1,0,183,WASHINGTON (183),0,NO APLICA,5,Mayo,6,2022,9,4,SR-92,3,Highway estatal,Rural,Arteria Principal,State Highway Agency,1,Sin jurisdiccion especial,198,41.2948,-91.61883889,Zanja,El primer evento no fue una colision con un vehiculo automotor en transporte,Not an Intersection,No fue interseccion,Sobre el lado de la calle,Ninguna,Dia total,Nublado,No,NO APLICA,9,6,9,12,1,06/05/2022,1
19,Iowa,190082,0,0,1,0,63,EMMET (63),0,NO APLICA,3,Marzo,5,2022,8,9,SR-9,3,Highway estatal,Rural,Arteria Principal,State Highway Agency,1,Sin jurisdiccion especial,73,43.39956389,-94.76063333,Arbol,El primer evento no fue una colision con un vehiculo automotor en transporte,Not an Intersection,No fue interseccion,Fuera de la calle,Ninguna,Dia total,Neblina o Humo,No,NO APLICA,8,19,8,30,1,05/03/2022,1
19,Iowa,190083,0,0,1,0,139,MUSCATINE (139),0,NO APLICA,5,Mayo,10,2022,14,5,CR-Y14/TAYLOR AVE,4,Calle del Condado,Rural,Colector Mayor,County Highway Agency,0,Sin jurisdiccion especial,0,41.52992778,-90.99697778,Culvert,El primer evento no fue una colision con un vehiculo automotor en transporte,Not an Intersection,No fue interseccion,Sobre el lado de la calle,Ninguna,Dia total,Despejado,No,NO APLICA,88,88,88,88,1,10/05/2022,1
19,Iowa,190084,0,0,2,0,119,LYON (119),0,NO APLICA,5,Mayo,12,2022,12,37,SR-9,3,Highway estatal,Rural,Arteria Menor,State Highway Agency,0,Sin jurisdiccion especial,230,43.43279444,-96.09644167,Vehiculo en movimiento,Frente a frente,Four-Way Intersection,Interseccion de 4 direcciones,Sobre calle,Ninguna,Dia total,Despejado,No,NO APLICA,12,42,12,45,1,12/05/2022,2
19,Iowa,190085,1,1,1,0,137,MONTGOMERY (137),0,NO APLICA,5,Mayo,12,2022,18,47,US-34,2,US Highway,Rural,Arteria Principal,State Highway Agency,1,Sin jurisdiccion especial,54,41.02935556,-95.28003611,Peaton,El primer evento no fue una colision con un vehiculo automotor en transporte,Four-Way Intersection,Interseccion de 4 direcciones,Sobre calle,Mantenimiento,Dia total,Despejado,No,NO APLICA,18,47,18,51,1,12/05/2022,1