Estado,Nombre de Estado,Numero de Caso,Peatones,Personas _no_vehiculos,Vehiculos automotores,Vehiculos estacionados,Condado,Nombre Condado,Ciudad,Nombre Ciudad,Mes,Nombre Mes,Dia,Año,Hora,Minuto,Calle,Ruta,Nombre Ruta,Rural o Urbanoo,Sistema Funcional,Dueño Calle,Sistema Nacional Carreteras,Jurisdiccion Especial,Milla,Latitud,Longitud,Causa del Accidente,Tipo de Accidente,Tipo Interseccion,Columna1,Lugar en la calle,Zona de Trabajo,Luz,Clima,Autobus Escolar,Cruce de Trenes,Hora Notificacion,Minuto Notificacion,Hora Llegada,Minuto Llegada,Decesos,Fecha,PersonaVehiculo
19,Iowa,190086,0,0,2,0,111,LEE (111),0,NO APLICA,4,Abril,20,2022,15,15,US-218/SR-27/AVENUE OF THE SAI,2,US Highway,Rural,Arteria Principal,State Highway Agency,1,Sin jurisdiccion especial,226,40.66808056,-91.56308333,Vehiculo en movimiento,Angulo,Four-Way Intersection,Interseccion de 4 direcciones,Sobre calle,Ninguna,Dia total,lluvia,No,NO APLICA,15,16,15,22,1,20/04/2022,3
19,Iowa,190087,1,1,1,0,111,LEE (111),4250,KEOKUK,5,Mayo,1,2022,0,7,N 13TH ST,6,Calle Local Municipalidad,Urbano,Local,City or Municipal Highway Agency,0,Sin jurisdiccion especial,0,40.40512778,-91.38495278,Peaton,El primer evento no fue una colision con un vehiculo automotor en transporte,Not an Intersection,No fue interseccion,Sobre calle,Ninguna,Oscuro sin iluminacion,Despejado,No,NO APLICA,0,9,0,10,1,01/05/2022,1
19,Iowa,190088,0,0,1,0,57,DES MOINES (57),0,NO APLICA,5,Mayo,16,2022,13,15,CR-X37/MORNING SUN RD,4,Calle del Condado,Rural,Colector Mayor,County Highway Agency,0,Sin jurisdiccion especial,0,41.00876389,-91.25578611,Otro objeto (fijo),El primer evento no fue una colision con un vehiculo automotor en transporte,Not an Intersection,No fue interseccion,Sobre el lado de la calle,Ninguna,Dia total,Reportado como desconocido,No,NO APLICA,88,88,88,88,1,16/05/2022,1
19,Iowa,190089,0,0,2,0,161,SAC (161),0,NO APLICA,5,Mayo,15,2022,12,10,CR-D36/255TH ST,4,Calle del Condado,Rural,Arteria Principal,State Highway Agency,1,Sin jurisdiccion especial,222,42.42124444,-94.95517222,Vehiculo en movimiento,Frente a Detrás,Four-Way Intersection,Interseccion de 4 direcciones,Sobre calle,Ninguna,Dia total,Despejado,No,NO APLICA,12,12,12,17,1,15/05/2022,2
19,Iowa,190090,0,0,2,0,163,SCOTT (163),2080,DAVENPORT,5,Mayo,18,2022,20,23,US-6,2,US Highway,Urbano,Arteria Principal,State Highway Agency,1,Sin jurisdiccion especial,160,41.56095833,-90.62956944,Vehiculo en movimiento,Frente a frente,Four-Way Intersection,Interseccion de 4 direcciones,Sobre calle,Ninguna,Oscuro con iluminacion,Despejado,No,NO APLICA,20,29,20,38,1,18/05/2022,2
19,Iowa,190091,0,0,1,0,163,SCOTT (163),2500,DURANT,5,Mayo,13,2022,7,25,CR-Y26/VAIL AVE/1ST AVE/14TH A,4,Calle del Condado,Rural,Colector Mayor,County Highway Agency,0,Sin jurisdiccion especial,0,41.59830833,-90.89983333,Vehiculo Ferrocarril,El primer evento no fue una colision con un vehiculo automotor en transporte,Not an Intersection,No fue interseccion,Sobre calle,Ninguna,Dia total,Despejado,No,606811B,7,25,7,38,1,13/05/2022,1
19,Iowa,190092,0,0,1,0,61,DUBUQUE (61),2430,DUBUQUE,5,Mayo,20,2022,9,39,US-61 RAMP,2,US Highway,Urbano,Arteria Principal,State Highway Agency,1,Sin jurisdiccion especial,0,42.42081944,-90.69206944,Barrera de Cable,El primer evento no fue una colision con un vehiculo automotor en transporte,Not an Intersection,No fue interseccion,Sobre el lado de la calle,Ninguna,Dia total,lluvia,No,NO APLICA,88,88,88,88,1,20/05/2022,1
19,Iowa,190093,0,0,1,0,163,SCOTT (163),0,NO APLICA,5,Mayo,21,2022,20,0,US-67/GREAT RIVER RD,2,US Highway,Urbano,Arteria Principal,State Highway Agency,1,Sin jurisdiccion especial,182,41.64516389,-90.34995556,Arbol,El primer evento no fue una colision con un vehiculo automotor en transporte,Not an Intersection,No fue interseccion,Fuera de la calle,Ninguna,Atardecer,Despejado,No,NO APLICA,20,9,20,12,1,21/05/2022,4
19,Iowa,190094,0,0,1,0,131,MITCHELL (131),0,NO APLICA,5,Mayo,21,2022,13,30,QUAIL AVE,5,Calle Local - Pueblo,Rural,Colector Menor,Town or Township Highway Agency,0,Sin jurisdiccion especial,0,43.40144167,-92.71296389,Volcadura,El primer evento no fue una colision con un vehiculo automotor en transporte,Not an Intersection,No fue interseccion,Sobre el lado de la calle,Ninguna,Dia total,Despejado,No,NO APLICA,88,88,88,88,1,21/05/2022,1
19,Iowa,190095,0,0,2,0,129,MILLS (129),0,NO APLICA,5,Mayo,21,2022,21,37,I-29,1,Interestatal,Rural,Interestatal,State Highway Agency,1,Sin jurisdiccion especial,40,40.96006389,-95.79940556,Vehiculo en movimiento,Frente a Detrás,Not an Intersection,No fue interseccion,Sobre calle,Ninguna,Oscuro sin iluminacion,Despejado,No,NO APLICA,99,99,99,99,1,21/05/2022,2
19,Iowa,190096,0,0,1,0,83,HARDIN (83),0,NO APLICA,5,Mayo,14,2022,22,15,CR-D35,4,Calle del Condado,Rural,Colector Mayor,County Highway Agency,0,Sin jurisdiccion especial,0,42.41206111,-93.14283056,Poste o otros soportes,El primer evento no fue una colision con un vehiculo automotor en transporte,Not an Intersection,No fue interseccion,Sobre el lado de la calle,Ninguna,Oscuro sin iluminacion,Despejado,No,NO APLICA,88,88,88,88,1,14/05/2022,1
19,Iowa,190097,0,0,2,0,155,POTTAWATTAMIE (155),0,NO APLICA,5,Mayo,14,2022,17,55,I-29,1,Interestatal,Rural,Interestatal,State Highway Agency,1,Sin jurisdiccion especial,269,41.48138611,-95.90030556,Vehiculo en movimiento,Frente a frente,Not an Intersection,No fue interseccion,Sobre calle,Construccion,Dia total,Despejado,No,NO APLICA,88,88,88,88,1,14/05/2022,2
19,Iowa,190098,0,0,1,0,61,DUBUQUE (61),0,NO APLICA,5,Mayo,29,2022,19,10,MILLVILLE RD,5,Calle Local - Pueblo,Rural,Colector Menor,Town or Township Highway Agency,0,Sin jurisdiccion especial,0,42.47336389,-90.91195278,Zanja,El primer evento no fue una colision con un vehiculo automotor en transporte,Not an Intersection,No fue interseccion,Sobre el lado de la calle,Ninguna,Dia total,Nublado,No,NO APLICA,19,10,19,20,1,29/05/2022,2
19,Iowa,190099,0,0,2,0,155,POTTAWATTAMIE (155),0,NO APLICA,5,Mayo,29,2022,10,54,I-80,1,Interestatal,Rural,Interestatal,State Highway Agency,1,Sin jurisdiccion especial,329,41.49892778,-95.46858611,Vehiculo en movimiento,Golpe Lateral - misma direccion,Not an Intersection,No fue interseccion,Sobre calle,Ninguna,Dia total,Vientos cruzados pero de los mamalones,No,NO APLICA,10,56,11,10,1,29/05/2022,4
19,Iowa,190100,0,0,1,0,137,MONTGOMERY (137),0,NO APLICA,5,Mayo,28,2022,10,15,US-34,2,US Highway,Rural,Arteria Principal,State Highway Agency,1,Sin jurisdiccion especial,115,41.01313056,-95.16289722,Barrera de Cable,El primer evento no fue una colision con un vehiculo automotor en transporte,Not an Intersection,No fue interseccion,Sobre el lado de la calle,Ninguna,Dia total,Vientos cruzados pero de los mamalones,No,NO APLICA,99,99,99,99,1,28/05/2022,2
19,Iowa,190101,0,0,1,0,63,EMMET (63),0,NO APLICA,5,Mayo,23,2022,13,54,CR-N40/450TH AVE,4,Calle del Condado,Rural,Colector Menor,County Highway Agency,0,Sin jurisdiccion especial,0,43.42156389,-94.69888056,Volcadura,El primer evento no fue una colision con un vehiculo automotor en transporte,Not an Intersection,No fue interseccion,Sobre calle,Ninguna,Dia total,Despejado,No,NO APLICA,13,54,14,8,1,23/05/2022,2
19,Iowa,190102,0,0,1,0,71,FREMONT (71),0,NO APLICA,4,Abril,1,2022,2,0,SR-2,3,Highway estatal,Rural,Arteria Menor,State Highway Agency,1,Sin jurisdiccion especial,231,40.74999722,-95.47577778,Animal vivo,El primer evento no fue una colision con un vehiculo automotor en transporte,Not an Intersection,No fue interseccion,Sobre calle,Ninguna,Oscuro sin iluminacion,Reportado como desconocido,No,NO APLICA,88,88,88,88,1,01/04/2022,1
19,Iowa,190103,0,0,1,0,121,MADISON (121),7530,SAINT CHARLES,5,Mayo,19,2022,11,2,N CROSS ST/WALNUT TRAIL,5,Calle Local - Pueblo,Rural,Colector Menor,Town or Township Highway Agency,0,Sin jurisdiccion especial,0,41.29269722,-93.80493611,Volcadura,El primer evento no fue una colision con un vehiculo automotor en transporte,Not an Intersection,No fue interseccion,Sobre calle,Ninguna,Dia total,Despejado,No,NO APLICA,11,16,11,51,1,19/05/2022,1
19,Iowa,190104,0,0,1,0,153,POLK (153),2260,DES MOINES,5,Mayo,27,2022,10,56,E WATROUS AVE,6,Calle Local Municipalidad,Urbano,Local,City or Municipal Highway Agency,0,Sin jurisdiccion especial,0,41.54816667,-93.61125833,Volcadura,El primer evento no fue una colision con un vehiculo automotor en transporte,Four-Way Intersection,Interseccion de 4 direcciones,Sobre calle,Ninguna,Dia total,Despejado,No,NO APLICA,10,56,10,59,1,27/05/2022,1
19,Iowa,190105,0,0,2,0,13,BLACK HAWK (13),8790,WATERLOO,5,Mayo,30,2022,9,53,E SHAULIS RD,6,Calle Local Municipalidad,Urbano,Arteria Menor,City or Municipal Highway Agency,0,Sin jurisdiccion especial,0,42.44308056,-92.33709167,Vehiculo en movimiento,Angulo,Four-Way Intersection,Interseccion de 4 direcciones,Sobre calle,Ninguna,Dia total,Nublado,No,NO APLICA,99,99,99,99,3,30/05/2022,4
19,Iowa,190106,0,0,2,0,121,MADISON (121),0,NO APLICA,5,Mayo,28,2022,14,23,US-169,2,US Highway,Rural,Arteria Menor,State Highway Agency,1,Sin jurisdiccion especial,115,41.32693333,-94.042075,Vehiculo en movimiento,Frente a Detrás,Not an Intersection,No fue interseccion,Sobre calle,Ninguna,Dia total,Despejado,No,NO APLICA,99,99,99,99,1,28/05/2022,2
19,Iowa,190107,0,0,1,0,139,MUSCATINE (139),0,NO APLICA,4,Abril,21,2022,23,2,TOMBSTONE TRAIL,5,Calle Local - Pueblo,Rural,Local,County Highway Agency,0,Sin jurisdiccion especial,0,41.45719722,-90.80895556,Immersion total o parcial,El primer evento no fue una colision con un vehiculo automotor en transporte,Not an Intersection,No fue interseccion,Fuera de la calle,Ninguna,Oscuro con iluminacion,Despejado,No,NO APLICA,88,88,88,88,1,21/04/2022,2
19,Iowa,190108,0,0,1,0,113,LINN (113),0,NO APLICA,6,Junio,2,2022,19,22,LINN JOHNSON RD,5,Calle Local - Pueblo,Rural,Local,Town or Township Highway Agency,0,Sin jurisdiccion especial,0,41.86210556,-91.71538333,Zanja,El primer evento no fue una colision con un vehiculo automotor en transporte,Not an Intersection,No fue interseccion,Sobre el lado de la calle,Ninguna,Dia total,Despejado,No,NO APLICA,88,88,88,88,1,02/06/2022,1
19,Iowa,190109,0,0,2,0,29,CASS (29),0,NO APLICA,5,Mayo,27,2022,14,25,I-80,1,Interestatal,Rural,Interestatal,State Highway Agency,1,Sin jurisdiccion especial,59,41.49688611,-95.04055,Vehiculo en movimiento,Frente a Detrás,Not an Intersection,No fue interseccion,Sobre calle,Construccion,Dia total,Despejado,No,NO APLICA,99,99,99,99,1,27/05/2022,3
19,Iowa,190110,0,0,2,0,1,ADAIR (1),0,NO APLICA,5,Mayo,30,2022,11,53,SR-25,3,Highway estatal,Rural,Arteria Menor,State Highway Agency,0,Sin jurisdiccion especial,238,41.47488333,-94.45248889,Vehiculo en movimiento,Frente a Detrás,T-Intersection,Interseccion de T,Sobre calle,Ninguna,Dia total,Despejado,No,NO APLICA,12,6,12,35,1,30/05/2022,3
19,Iowa,190111,0,0,1,0,39,CLARKE (39),0,NO APLICA,5,Mayo,31,2022,14,13,I-35,1,Interestatal,Rural,Interestatal,State Highway Agency,1,Sin jurisdiccion especial,67,40.99942222,-93.80038611,Arbol,El primer evento no fue una colision con un vehiculo automotor en transporte,Not an Intersection,No fue interseccion,Sobre el lado de la calle,Ninguna,Dia total,Despejado,No,NO APLICA,88,88,88,88,1,31/05/2022,1
19,Iowa,190112,0,0,1,0,181,WARREN (181),0,NO APLICA,6,Junio,2,2022,14,15,I-35,1,Interestatal,Rural,Interestatal,State Highway Agency,1,Sin jurisdiccion especial,70,41.267325,-93.77941667,Arbol,El primer evento no fue una colision con un vehiculo automotor en transporte,Not an Intersection,No fue interseccion,Fuera de la calle,Ninguna,Dia total,Despejado,No,NO APLICA,88,88,88,88,1,02/06/2022,1
19,Iowa,190113,0,0,2,0,101,JEFFERSON (101),0,NO APLICA,5,Mayo,22,2022,17,36,US-34,2,US Highway,Rural,Arteria Principal,State Highway Agency,1,Sin jurisdiccion especial,2170,40.99581944,-91.92115278,Vehiculo en movimiento,Frente a Detrás,Not an Intersection,No fue interseccion,Sobre calle,Ninguna,Dia total,Despejado,No,NO APLICA,99,99,99,99,1,22/05/2022,3
19,Iowa,190114,0,0,1,0,85,HARRISON (85),0,NO APLICA,5,Mayo,31,2022,18,0,EAST KELLY AVE,5,Calle Local - Pueblo,Rural,Colector Menor,Town or Township Highway Agency,0,Sin jurisdiccion especial,0,41.75311667,-96.01093889,Volcadura,El primer evento no fue una colision con un vehiculo automotor en transporte,Not an Intersection,No fue interseccion,Sobre el lado de la calle,Ninguna,Dia total,Despejado,No,NO APLICA,99,99,99,99,1,31/05/2022,2
19,Iowa,190115,0,0,1,0,113,LINN (113),0,NO APLICA,6,Junio,8,2022,4,15,CR-D62/MONTICELLO RD,4,Calle del Condado,Rural,Colector Mayor,County Highway Agency,0,Sin jurisdiccion especial,0,42.28291667,-91.48361944,Volcadura,El primer evento no fue una colision con un vehiculo automotor en transporte,Not an Intersection,No fue interseccion,Sobre el lado de la calle,Ninguna,Oscuro sin iluminacion,Nublado,No,NO APLICA,88,88,88,88,1,08/06/2022,1
19,Iowa,190116,0,0,2,0,99,JASPER (99),0,NO APLICA,6,Junio,2,2022,19,53,SR-163,3,Highway estatal,Rural,Arteria Principal,State Highway Agency,1,Sin jurisdiccion especial,81,41.57204444,-93.16866111,Vehiculo en movimiento,Frente a frente,Not an Intersection,No fue interseccion,Sobre calle,Ninguna,Dia total,Despejado,No,NO APLICA,20,1,20,20,2,02/06/2022,2
19,Iowa,190117,0,0,2,0,105,JONES (105),0,NO APLICA,6,Junio,10,2022,14,4,SR-64,3,Highway estatal,Rural,Arteria Menor,State Highway Agency,0,Sin jurisdiccion especial,21,42.08471667,-91.23374722,Vehiculo en movimiento,Frente a frente,Not an Intersection,No fue interseccion,Sobre calle,Ninguna,Dia total,Despejado,No,NO APLICA,14,6,14,9,1,10/06/2022,2
19,Iowa,190118,0,0,2,0,187,WEBSTER (187),3020,FORT DODGE,6,Junio,9,2022,14,19,CR-D22/PARKER DR/AVE A W,4,Calle del Condado,Urbano,Colector Menor,County Highway Agency,0,Sin jurisdiccion especial,0,42.501125,-94.22197778,Vehiculo en movimiento,Frente a frente,Not an Intersection,No fue interseccion,Sobre calle,Ninguna,Dia total,Despejado,No,NO APLICA,14,22,14,27,1,09/06/2022,2
19,Iowa,190119,1,1,1,0,155,POTTAWATTAMIE (155),5100,MACEDONIA,6,Junio,15,2022,19,35,MAIN ST,5,Calle Local - Pueblo,Rural,Local,Town or Township Highway Agency,0,Sin jurisdiccion especial,0,41.19291111,-95.42705,Ciclista,El primer evento no fue una colision con un vehiculo automotor en transporte,Four-Way Intersection,Interseccion de 4 direcciones,Sobre calle,Ninguna,Dia total,Despejado,No,NO APLICA,19,39,19,42,1,15/06/2022,1
19,Iowa,190120,0,0,2,0,71,FREMONT (71),0,NO APLICA,6,Junio,18,2022,19,37,I-29,1,Interestatal,Rural,Interestatal,State Highway Agency,1,Sin jurisdiccion especial,159,40.76536944,-95.81392222,Vehiculo en movimiento,Golpe Lateral - misma direccion,Not an Intersection,No fue interseccion,Sobre calle,Ninguna,Dia total,Despejado,No,NO APLICA,19,43,20,9,2,18/06/2022,6
19,Iowa,190121,0,0,2,0,153,POLK (153),2260,DES MOINES,6,Junio,21,2022,18,58,US-69,2,US Highway,Urbano,Arteria Principal,State Highway Agency,1,Sin jurisdiccion especial,838,41.55774167,-93.59684167,Vehiculo en movimiento,Angulo,T-Intersection,Interseccion de T,Sobre calle,Ninguna,Dia total,Despejado,No,NO APLICA,99,99,99,99,1,21/06/2022,2
19,Iowa,190122,0,0,1,0,113,LINN (113),1340,CEDAR RAPIDS,5,Mayo,14,2022,19,15,WRIGHT BROTHERS BLVD SW,6,Calle Local Municipalidad,Urbano,Arteria Menor,City or Municipal Highway Agency,0,Sin jurisdiccion especial,0,41.89448889,-91.71072778,Zanja,El primer evento no fue una colision con un vehiculo automotor en transporte,Not an Intersection,No fue interseccion,Sobre el lado de la calle,Ninguna,Reportada como desconocida,Despejado,No,NO APLICA,88,88,88,88,1,14/05/2022,1
19,Iowa,190123,0,0,2,0,153,POLK (153),280,ANKENY,5,Mayo,13,2022,16,16,CR-F38/NE 78TH AVE,4,Calle del Condado,Urbano,Colector Mayor,County Highway Agency,0,Sin jurisdiccion especial,5,41.70287222,-93.54168611,Vehiculo en movimiento,Frente a frente,T-Intersection,Interseccion de T,Sobre calle,Ninguna,Dia total,Despejado,No,NO APLICA,16,14,16,27,1,13/05/2022,4
19,Iowa,190124,0,0,1,0,61,DUBUQUE (61),0,NO APLICA,6,Junio,27,2022,4,51,CR-Y13/HOLY CROSS RD,4,Calle del Condado,Rural,Colector Mayor,County Highway Agency,0,Sin jurisdiccion especial,66,42.54175,-90.99155556,Acotamiento,El primer evento no fue una colision con un vehiculo automotor en transporte,Not an Intersection,No fue interseccion,Sobre el lado de la calle,Ninguna,Oscuro sin iluminacion,Despejado,No,NO APLICA,88,88,88,88,1,27/06/2022,1
19,Iowa,190125,0,0,2,0,149,PLYMOUTH (149),0,NO APLICA,6,Junio,7,2022,5,45,US-75,2,US Highway,Rural,Arteria Principal,State Highway Agency,1,Sin jurisdiccion especial,12,42.57643611,-96.31658889,Vehiculo en movimiento,Frente a Detrás,Not an Intersection,No fue interseccion,Sobre calle,Ninguna,Amanecer,Neblina o Humo,No,NO APLICA,99,99,99,99,1,07/06/2022,3
19,Iowa,190126,0,0,2,0,113,LINN (113),0,NO APLICA,6,Junio,14,2022,7,33,SR-1,3,Highway estatal,Rural,Arteria Principal,State Highway Agency,1,Sin jurisdiccion especial,1043,41.88399444,-91.46336667,Vehiculo en movimiento,Frente a Detrás,Four-Way Intersection,Interseccion de 4 direcciones,Sobre calle,Ninguna,Dia total,Despejado,No,NO APLICA,7,34,7,45,1,14/06/2022,2
19,Iowa,190127,0,0,2,0,71,FREMONT (71),0,NO APLICA,6,Junio,14,2022,12,35,US-275,2,US Highway,Rural,Arteria Menor,State Highway Agency,1,Sin jurisdiccion especial,66,40.66916944,-95.64881944,Vehiculo en movimiento,Golpe Lateral - direccion contraria,Not an Intersection,No fue interseccion,Sobre calle,Ninguna,Dia total,Despejado,No,NO APLICA,88,88,88,88,1,14/06/2022,2
19,Iowa,190128,1,1,1,0,49,DALLAS (49),0,NO APLICA,7,Julio,1,2022,22,4,CR-F90/RACCOON RIVER DR/360TH,4,Calle del Condado,Urbano,Arteria Menor,County Highway Agency,0,Sin jurisdiccion especial,15,41.53163889,-93.83826111,Ciclista,El primer evento no fue una colision con un vehiculo automotor en transporte,Not an Intersection,No fue interseccion,Sobre calle,Ninguna,Oscuro sin iluminacion,Despejado,No,NO APLICA,99,99,99,99,1,01/07/2022,1
19,Iowa,190129,0,0,1,0,79,HAMILTON (79),0,NO APLICA,7,Julio,2,2022,2,34,CR-R38/NEELY AVE,4,Calle del Condado,Rural,Colector Mayor,County Highway Agency,0,Sin jurisdiccion especial,91,42.47128889,-93.71836667,Zanja,El primer evento no fue una colision con un vehiculo automotor en transporte,T-Intersection,Interseccion de T,Sobre el lado de la calle,Ninguna,Oscuro sin iluminacion,Despejado,No,NO APLICA,88,88,88,88,1,02/07/2022,1
19,Iowa,190130,1,1,1,0,53,DECATUR (53),0,NO APLICA,6,Junio,29,2022,19,7,CR-R52/LINEVILLE RD,4,Calle del Condado,Rural,Colector Mayor,County Highway Agency,0,Sin jurisdiccion especial,0,40.71582778,-93.70076667,Peaton,El primer evento no fue una colision con un vehiculo automotor en transporte,Not an Intersection,No fue interseccion,Sobre calle,Ninguna,Dia total,Despejado,No,NO APLICA,99,99,99,99,1,29/06/2022,1
19,Iowa,190131,0,0,1,0,7,APPANOOSE (7),0,NO APLICA,6,Junio,29,2022,13,3,CR-T61,4,Calle del Condado,Rural,Colector Mayor,County Highway Agency,0,Sin jurisdiccion especial,49,40.87816111,-92.64789722,Fin de valla,El primer evento no fue una colision con un vehiculo automotor en transporte,Not an Intersection,No fue interseccion,Sobre el lado de la calle,Ninguna,Dia total,Despejado,No,NO APLICA,88,88,88,88,1,29/06/2022,1
19,Iowa,190132,0,0,2,0,113,LINN (113),1340,CEDAR RAPIDS,5,Mayo,5,2022,15,54,I-380 RAMP,1,Interestatal,Urbano,Interestatal,State Highway Agency,1,Sin jurisdiccion especial,563,41.93116389,-91.66961389,Vehiculo en movimiento,Angulo,Not an Intersection,No fue interseccion,Sobre calle,Ninguna,Dia total,Nublado,No,NO APLICA,99,99,99,99,1,05/05/2022,2
19,Iowa,190133,0,0,1,0,189,WINNEBAGO (189),0,NO APLICA,7,Julio,3,2022,16,5,CR-R20/30TH AVE,4,Calle del Condado,Rural,Colector Mayor,County Highway Agency,0,Sin jurisdiccion especial,0,43.32695,-93.91214722,Volcadura,El primer evento no fue una colision con un vehiculo automotor en transporte,Not an Intersection,No fue interseccion,Sobre el lado de la calle,Ninguna,Dia total,Despejado,No,NO APLICA,88,88,88,88,1,03/07/2022,1
19,Iowa,190134,0,0,1,0,109,KOSSUTH (109),0,NO APLICA,7,Julio,2,2022,23,30,CR-P54/140TH AVE,4,Calle del Condado,Rural,Colector Mayor,County Highway Agency,0,Sin jurisdiccion especial,0,43.11247222,-94.18779167,Volcadura,El primer evento no fue una colision con un vehiculo automotor en transporte,Not an Intersection,No fue interseccion,Sobre el lado de la calle,Ninguna,Oscuro sin iluminacion,Despejado,No,NO APLICA,88,88,88,88,1,02/07/2022,1
19,Iowa,190135,0,0,1,0,61,DUBUQUE (61),2430,DUBUQUE,7,Julio,1,2022,1,18,SR-32/NW ARTERIAL,3,Highway estatal,Urbano,Arteria Principal,State Highway Agency,1,Sin jurisdiccion especial,12,42.52628889,-90.722075,Poste de Señal de trafico,El primer evento no fue una colision con un vehiculo automotor en transporte,Not an Intersection,No fue interseccion,Sobre el lado de la calle,Ninguna,Oscuro sin iluminacion,Despejado,No,NO APLICA,88,88,88,88,3,01/07/2022,3
19,Iowa,190136,0,0,1,0,129,MILLS (129),0,NO APLICA,7,Julio,2,2022,2,0,CR-L35/221ST ST,4,Calle del Condado,Rural,Colector Mayor,County Highway Agency,0,Sin jurisdiccion especial,7,41.00205278,-95.78992222,Zanja,El primer evento no fue una colision con un vehiculo automotor en transporte,Not an Intersection,No fue interseccion,Sobre el lado de la calle,Ninguna,Oscuro sin iluminacion,Despejado,No,NO APLICA,99,99,99,99,1,02/07/2022,2
19,Iowa,190137,0,0,2,0,153,POLK (153),2260,DES MOINES,7,Julio,1,2022,17,39,SR-415/2ND AVE,3,Highway estatal,Urbano,Arteria Principal,State Highway Agency,1,Sin jurisdiccion especial,37,41.62951667,-93.619925,Vehiculo en movimiento,Angulo,Four-Way Intersection,Interseccion de 4 direcciones,Sobre calle,Ninguna,Dia total,Despejado,No,NO APLICA,17,33,17,37,1,01/07/2022,2
19,Iowa,190138,0,0,1,0,61,DUBUQUE (61),2430,DUBUQUE,7,Julio,3,2022,15,47,CARTER RD,6,Calle Local Municipalidad,Urbano,Colector Mayor,City or Municipal Highway Agency,0,Sin jurisdiccion especial,18,42.52211389,-90.70933889,Banqueta,El primer evento no fue una colision con un vehiculo automotor en transporte,Not an Intersection,No fue interseccion,Sobre el lado de la calle,Ninguna,Dia total,Despejado,No,NO APLICA,99,99,99,99,1,03/07/2022,1
19,Iowa,190139,0,0,1,0,149,PLYMOUTH (149),0,NO APLICA,7,Julio,6,2022,23,30,CR-K64,4,Calle del Condado,Rural,Colector Mayor,County Highway Agency,0,Sin jurisdiccion especial,127,42.78143611,-96.05696389,Barda,El primer evento no fue una colision con un vehiculo automotor en transporte,Not an Intersection,No fue interseccion,Sobre el lado de la calle,Ninguna,Oscuro sin iluminacion,Despejado,No,NO APLICA,88,88,88,88,1,06/07/2022,1
19,Iowa,190140,0,0,1,0,153,POLK (153),8980,WEST DES MOINES,6,Junio,14,2022,15,15,FULLER RD,6,Calle Local Municipalidad,Urbano,Local,City or Municipal Highway Agency,0,Sin jurisdiccion especial,22,41.56538611,-93.72703333,Banqueta,El primer evento no fue una colision con un vehiculo automotor en transporte,Not an Intersection,No fue interseccion,Sobre el lado de la calle,Ninguna,Dia total,Despejado,No,NO APLICA,99,99,99,99,1,14/06/2022,1
19,Iowa,190141,0,0,2,0,49,DALLAS (49),0,NO APLICA,6,Junio,12,2022,15,0,CR-F90/360TH ST,4,Calle del Condado,Rural,Colector Mayor,County Highway Agency,0,Sin jurisdiccion especial,0,41.51856111,-93.91751944,Vehiculo en movimiento,Frente a frente,Not an Intersection,No fue interseccion,Sobre calle,Ninguna,Dia total,Despejado,No,NO APLICA,15,18,15,45,1,12/06/2022,2
19,Iowa,190142,0,0,2,0,153,POLK (153),4146,JOHNSTON,6,Junio,25,2022,22,21,NW BEAVER DR,6,Calle Local Municipalidad,Urbano,Arteria Menor,City or Municipal Highway Agency,0,Sin jurisdiccion especial,23,41.68849444,-93.69241389,Vehiculo en movimiento,Angulo,T-Intersection,Interseccion de T,Sobre calle,Ninguna,Oscuro con iluminacion,Despejado,No,NO APLICA,99,99,99,99,1,25/06/2022,2
19,Iowa,190143,0,0,2,0,147,PALO ALTO (147),0,NO APLICA,6,Junio,12,2022,22,7,US-18/CR-N60/390TH ST,2,US Highway,Rural,Arteria Principal,State Highway Agency,1,Sin jurisdiccion especial,212,43.08308056,-94.52738611,Vehiculo en movimiento,Frente a frente,Not an Intersection,No fue interseccion,Sobre calle,Ninguna,Oscuro sin iluminacion,Despejado,No,NO APLICA,22,12,22,55,1,12/06/2022,2
19,Iowa,190144,0,0,2,0,109,KOSSUTH (109),0,NO APLICA,5,Mayo,6,2022,8,57,70TH AVE,5,Calle Local - Pueblo,Rural,Local,Town or Township Highway Agency,0,Sin jurisdiccion especial,52,42.99513333,-94.32468889,Vehiculo en movimiento,Angulo,Four-Way Intersection,Interseccion de 4 direcciones,Sobre calle,Ninguna,Dia total,Despejado,No,NO APLICA,9,0,9,38,1,06/05/2022,2
19,Iowa,190145,0,0,1,0,111,LEE (111),0,NO APLICA,7,Julio,4,2022,14,39,SR-27/SR-394/AVENUE OF THE SAI,3,Highway estatal,Rural,Arteria Principal,State Highway Agency,1,Sin jurisdiccion especial,85,40.56983056,-91.56475556,Volcadura,El primer evento no fue una colision con un vehiculo automotor en transporte,Not an Intersection,No fue interseccion,Sobre el lado de la calle,Ninguna,Dia total,Despejado,No,NO APLICA,88,88,88,88,1,04/07/2022,1
19,Iowa,190146,0,0,1,0,103,JOHNSON (103),4050,IOWA CITY,7,Julio,10,2022,18,49,S GILBERT ST,6,Calle Local Municipalidad,Urbano,Local,City or Municipal Highway Agency,0,Sin jurisdiccion especial,0,41.63800278,-91.53292222,Volcadura,El primer evento no fue una colision con un vehiculo automotor en transporte,Not an Intersection,No fue interseccion,Sobre calle,Ninguna,Dia total,Despejado,No,840169T,18,50,18,56,1,10/07/2022,1
19,Iowa,190147,0,0,1,0,153,POLK (153),8980,WEST DES MOINES,7,Julio,11,2022,18,51,SR-5,3,Highway estatal,Urbano,Arteria Principal,State Highway Agency,1,Sin jurisdiccion especial,1031,41.52279167,-93.76635556,Poste de Señal de trafico,El primer evento no fue una colision con un vehiculo automotor en transporte,Not an Intersection,No fue interseccion,En el medio,Ninguna,Dia total,Despejado,No,NO APLICA,18,51,18,58,1,11/07/2022,1