Estado,Nombre de Estado,Numero de Caso,Peatones,Personas _no_vehiculos,Vehiculos automotores,Vehiculos estacionados,Condado,Nombre Condado,Ciudad,Nombre Ciudad,Mes,Nombre Mes,Dia,Año,Hora,Minuto,Calle,Ruta,Nombre Ruta,Rural o Urbanoo,Sistema Funcional,Dueño Calle,Sistema Nacional Carreteras,Jurisdiccion Especial,Milla,Latitud,Longitud,Causa del Accidente,Tipo de Accidente,Tipo Interseccion,Columna1,Lugar en la calle,Zona de Trabajo,Luz,Clima,Autobus Escolar,Cruce de Trenes,Hora Notificacion,Minuto Notificacion,Hora Llegada,Minuto Llegada,Decesos,Fecha,PersonaVehiculo
19,Iowa,190148,0,0,1,0,155,POTTAWATTAMIE (155),0,NO APLICA,7,Julio,16,2022,14,8,I-80,1,Interestatal,Rural,Interestatal,State Highway Agency,1,Sin jurisdiccion especial,2282,41.38068333,-95.671325,Volcadura,El primer evento no fue una colision con un vehiculo automotor en transporte,Not an Intersection,No fue interseccion,Sobre calle,Ninguna,Dia total,Despejado,No,NO APLICA,88,88,88,88,1,16/07/2022,1
19,Iowa,190149,0,0,1,0,97,JACKSON (97),0,NO APLICA,7,Julio,16,2022,21,48,308TH ST,5,Calle Local - Pueblo,Rural,Local,Town or Township Highway Agency,0,Sin jurisdiccion especial,0,42.30288056,-90.43983333,Acotamiento,El primer evento no fue una colision con un vehiculo automotor en transporte,T-Intersection,Interseccion de T,Sobre el lado de la calle,Ninguna,Oscuro con iluminacion,Despejado,No,NO APLICA,88,88,88,88,1,16/07/2022,1
19,Iowa,190150,0,0,1,0,45,CLINTON (45),0,NO APLICA,7,Julio,17,2022,1,35,CR-Y44/170TH AVE,4,Calle del Condado,Rural,Colector Mayor,County Highway Agency,0,Sin jurisdiccion especial,0,41.84223889,-90.76227222,Volcadura,El primer evento no fue una colision con un vehiculo automotor en transporte,Not an Intersection,No fue interseccion,Sobre el lado de la calle,Ninguna,Oscuro sin iluminacion,Despejado,No,NO APLICA,88,88,88,88,1,17/07/2022,1
19,Iowa,190151,0,0,2,0,17,BREMER (17),0,NO APLICA,7,Julio,18,2022,8,29,US-248/WILDCAT RD/AVENUE OF TH,2,US Highway,Rural,Arteria Principal,State Highway Agency,1,Sin jurisdiccion especial,1941,42.64464722,-92.45361111,Vehiculo en movimiento,Angulo,Not an Intersection,No fue interseccion,Sobre calle,Ninguna,Dia total,Despejado,No,NO APLICA,8,17,8,27,1,18/07/2022,4
19,Iowa,190152,1,1,1,0,153,POLK (153),2260,DES MOINES,7,Julio,14,2022,22,42,INDIANOLA AVE,6,Calle Local Municipalidad,Urbano,Arteria Menor,City or Municipal Highway Agency,0,Sin jurisdiccion especial,0,41.56621111,-93.61084722,Peaton,El primer evento no fue una colision con un vehiculo automotor en transporte,T-Intersection,Interseccion de T,Sobre calle,Ninguna,Oscuro con iluminacion,Despejado,No,NO APLICA,22,42,22,45,1,14/07/2022,1
19,Iowa,190153,0,0,1,0,57,DES MOINES (57),0,NO APLICA,7,Julio,17,2022,1,53,120 AVE,5,Calle Local - Pueblo,Rural,Local,Town or Township Highway Agency,0,Sin jurisdiccion especial,0,41.06163056,-91.160575,Animal vivo,El primer evento no fue una colision con un vehiculo automotor en transporte,Not an Intersection,No fue interseccion,Sobre calle,Ninguna,Oscuro sin iluminacion,Reportado como desconocido,No,NO APLICA,99,99,99,99,1,17/07/2022,2
19,Iowa,190154,0,0,2,0,5,ALLAMAKEE (5),0,NO APLICA,7,Julio,22,2022,20,59,SR-9/ROSSVILLE RD,3,Highway estatal,Rural,Arteria Menor,State Highway Agency,0,Sin jurisdiccion especial,2768,43.24848333,-91.47360833,Vehiculo en movimiento,Frente a Detrás,Not an Intersection,No fue interseccion,Sobre calle,Ninguna,Atardecer,Despejado,No,NO APLICA,88,88,88,88,1,22/07/2022,2
19,Iowa,190155,0,0,2,0,49,DALLAS (49),0,NO APLICA,7,Julio,8,2022,23,19,I-80,1,Interestatal,Rural,Interestatal,State Highway Agency,1,Sin jurisdiccion especial,1123,41.54523611,-93.96624167,Barrera de Trafico de Concreto,El primer evento no fue una colision con un vehiculo automotor en transporte,Not an Intersection,No fue interseccion,Sobre el lado de la calle,Ninguna,Oscuro sin iluminacion,Despejado,No,NO APLICA,99,99,99,97,1,08/07/2022,2
19,Iowa,190156,0,0,1,0,33,CERRO GORDO (33),0,NO APLICA,7,Julio,22,2022,20,0,FIR AVE/BUDDY HOLLY PL,5,Calle Local - Pueblo,Rural,Local,County Highway Agency,0,Sin jurisdiccion especial,0,43.24174167,-93.38846667,Volcadura,El primer evento no fue una colision con un vehiculo automotor en transporte,Not an Intersection,No fue interseccion,Sobre el lado de la calle,Ninguna,Dia total,Despejado,No,NO APLICA,20,15,20,33,2,22/07/2022,3
19,Iowa,190157,0,0,2,0,125,MARION (125),0,NO APLICA,7,Julio,16,2022,14,15,SR-163,3,Highway estatal,Rural,Arteria Principal,State Highway Agency,1,Sin jurisdiccion especial,1292,41.44172778,-93.00978056,Vehiculo en movimiento,Frente a Detrás,Not an Intersection,No fue interseccion,Sobre calle,Ninguna,Dia total,Despejado,No,NO APLICA,88,88,88,88,1,16/07/2022,2
19,Iowa,190158,0,0,2,0,153,POLK (153),2260,DES MOINES,4,Abril,23,2022,15,5,HICKMAN RD,6,Calle Local Municipalidad,Urbano,Local,City or Municipal Highway Agency,0,Sin jurisdiccion especial,0,41.61489444,-93.65492222,Vehiculo en movimiento,Angulo,Not an Intersection,No fue interseccion,Sobre calle,Ninguna,Dia total,Despejado,No,NO APLICA,14,40,14,45,1,23/04/2022,2
19,Iowa,190159,0,0,2,0,33,CERRO GORDO (33),0,NO APLICA,7,Julio,25,2022,23,10,CR-B30/265TH ST,4,Calle del Condado,Rural,Local,County Highway Agency,0,Sin jurisdiccion especial,74,43.14093333,-93.043475,Vehiculo en movimiento,Angulo,Not an Intersection,No fue interseccion,Sobre calle,Ninguna,Oscuro sin iluminacion,Despejado,No,NO APLICA,23,13,23,22,1,25/07/2022,4
19,Iowa,190160,0,0,2,0,81,HANCOCK (81),0,NO APLICA,7,Julio,22,2022,15,20,US-69,2,US Highway,Rural,Arteria Menor,State Highway Agency,1,Sin jurisdiccion especial,191,43.038625,-93.61631944,Vehiculo en movimiento,Angulo,Four-Way Intersection,Interseccion de 4 direcciones,Sobre calle,Ninguna,Dia total,Despejado,No,NO APLICA,15,20,15,29,1,22/07/2022,2
19,Iowa,190161,0,0,1,0,155,POTTAWATTAMIE (155),0,NO APLICA,7,Julio,13,2022,14,41,CR-M47/510TH ST,4,Calle del Condado,Rural,Colector Mayor,County Highway Agency,0,Sin jurisdiccion especial,139,41.41399722,-95.21286389,Vehiculo Ferrocarril,El primer evento no fue una colision con un vehiculo automotor en transporte,Not an Intersection,No fue interseccion,Sobre calle,Ninguna,Dia total,Despejado,No,603130N,88,88,88,88,1,13/07/2022,1
19,Iowa,190162,0,0,2,0,103,JOHNSON (103),1830,CORALVILLE,7,Julio,19,2022,16,30,1ST AVE,6,Calle Local Municipalidad,Urbano,Local,City or Municipal Highway Agency,0,Sin jurisdiccion especial,19,41.69544167,-91.56510833,Vehiculo en movimiento,Angulo,T-Intersection,Interseccion de T,Sobre calle,Ninguna,Dia total,Despejado,No,NO APLICA,16,20,16,27,1,19/07/2022,2
19,Iowa,190163,0,0,1,0,85,HARRISON (85),0,NO APLICA,7,Julio,24,2022,2,49,CR-F66/335TH ST,4,Calle del Condado,Rural,Colector Mayor,County Highway Agency,0,Sin jurisdiccion especial,76,41.54043889,-95.84976667,Arbol,El primer evento no fue una colision con un vehiculo automotor en transporte,Not an Intersection,No fue interseccion,Fuera de la calle,Ninguna,Oscuro sin iluminacion,Despejado,No,NO APLICA,99,99,99,99,1,24/07/2022,2
19,Iowa,190164,0,0,1,0,171,TAMA (171),0,NO APLICA,7,Julio,28,2022,18,47,310TH ST,5,Calle Local - Pueblo,Rural,Colector Menor,Town or Township Highway Agency,0,Sin jurisdiccion especial,40,41.99258333,-92.50843333,Volcadura,El primer evento no fue una colision con un vehiculo automotor en transporte,Not an Intersection,No fue interseccion,Sobre calle,Ninguna,Dia total,Despejado,No,NO APLICA,88,88,88,88,1,28/07/2022,1
19,Iowa,190165,0,0,3,0,153,POLK (153),0,NO APLICA,7,Julio,19,2022,17,35,I-38/I-80,1,Interestatal,Urbano,Interestatal,State Highway Agency,1,Sin jurisdiccion especial,1356,41.64936667,-93.61053611,Vehiculo en movimiento,Frente a Detrás,Not an Intersection,No fue interseccion,Sobre calle,Ninguna,Dia total,Despejado,No,NO APLICA,99,99,99,99,1,19/07/2022,4
19,Iowa,190166,0,0,1,0,13,BLACK HAWK (13),4520,LA PORTE CITY,7,Julio,24,2022,16,5,MAIN RD,5,Calle Local - Pueblo,Rural,Colector Menor,Town or Township Highway Agency,0,Sin jurisdiccion especial,1,42.29841111,-92.15639722,Volcadura,El primer evento no fue una colision con un vehiculo automotor en transporte,Not an Intersection,No fue interseccion,Sobre el lado de la calle,Ninguna,Dia total,Despejado,No,NO APLICA,88,88,88,88,1,24/07/2022,1
19,Iowa,190167,0,0,2,0,141,O BRIEN (141),0,NO APLICA,8,Agosto,3,2022,12,35,SR-60,3,Highway estatal,Rural,Arteria Principal,State Highway Agency,1,Sin jurisdiccion especial,387,43.244225,-95.81263611,Vehiculo en movimiento,Angulo,Four-Way Intersection,Interseccion de 4 direcciones,Sobre calle,Ninguna,Dia total,Despejado,No,NO APLICA,12,30,12,42,1,03/08/2022,2
19,Iowa,190168,0,0,2,0,195,WORTH (195),0,NO APLICA,7,Julio,29,2022,22,16,US-65/ORCHARED AVE,2,US Highway,Rural,Arteria Menor,State Highway Agency,1,Sin jurisdiccion especial,2119,43.36771667,-93.21055833,Vehiculo en movimiento,Angulo,Not an Intersection,No fue interseccion,Sobre calle,Ninguna,Oscuro sin iluminacion,Despejado,No,NO APLICA,22,20,22,36,1,29/07/2022,4
19,Iowa,190169,0,0,2,0,153,POLK (153),2260,DES MOINES,8,Agosto,3,2022,18,37,US-6/HUBBELL AVE,2,US Highway,Urbano,Arteria Principal,State Highway Agency,1,Sin jurisdiccion especial,1472,41.63729444,-93.52912222,Vehiculo en movimiento,Angulo,T-Intersection,Interseccion de T,Sobre calle,Ninguna,Dia total,Despejado,No,NO APLICA,18,37,18,40,1,03/08/2022,5
19,Iowa,190170,0,0,2,0,141,O BRIEN (141),6920,PRIMGHAR,8,Agosto,6,2022,13,58,CR-B40/390TH,4,Calle del Condado,Rural,Colector Mayor,County Highway Agency,0,Sin jurisdiccion especial,56,43.08445,-95.56478333,Vehiculo en movimiento,Angulo,Four-Way Intersection,Interseccion de 4 direcciones,Sobre calle,Ninguna,Dia total,Nublado,No,NO APLICA,14,0,14,8,1,06/08/2022,2
19,Iowa,190171,0,0,1,0,179,WAPELLO (179),6490,OTTUMWA,8,Agosto,3,2022,9,54,E WILLIAMS ST,6,Calle Local Municipalidad,Urbano,Local,City or Municipal Highway Agency,0,Sin jurisdiccion especial,3,40.99836944,-92.41760278,Banqueta,El primer evento no fue una colision con un vehiculo automotor en transporte,Not an Intersection,No fue interseccion,Sobre el lado de la calle,Ninguna,Dia total,lluvia,No,NO APLICA,9,55,10,5,1,03/08/2022,2
19,Iowa,190172,0,0,2,0,125,MARION (125),4380,KNOXVILLE,5,Mayo,30,2022,14,52,MCKIMBER DR,6,Calle Local Municipalidad,Urbano,Arteria Menor,City or Municipal Highway Agency,0,Sin jurisdiccion especial,88,41.32078889,-93.120925,Vehiculo en movimiento,Angulo,Not an Intersection,No fue interseccion,Sobre calle,Ninguna,Dia total,Vientos cruzados pero de los mamalones,No,NO APLICA,14,52,14,56,1,30/05/2022,2
19,Iowa,190173,0,0,2,0,169,STORY (169),0,NO APLICA,7,Julio,29,2022,18,45,570TH AVE,5,Calle Local - Pueblo,Rural,Local,Town or Township Highway Agency,0,Sin jurisdiccion especial,0,41.88134722,-93.56064722,Vehiculo en movimiento,Frente a frente,Not an Intersection,No fue interseccion,Sobre calle,Ninguna,Dia total,Despejado,No,NO APLICA,99,99,99,99,2,29/07/2022,3
19,Iowa,190174,0,0,2,0,61,DUBUQUE (61),2870,FARLEY,8,Agosto,2,2022,17,17,US-20/US-52,2,US Highway,Rural,Arteria Principal,State Highway Agency,1,Sin jurisdiccion especial,2792,42.4475,-91.02025556,Vehiculo en movimiento,Frente a Detrás,Four-Way Intersection,Interseccion de 4 direcciones,Sobre calle,Ninguna,Dia total,Despejado,No,NO APLICA,99,99,99,99,2,02/08/2022,3
19,Iowa,190175,0,0,2,0,195,WORTH (195),0,NO APLICA,7,Julio,29,2022,22,20,US-65/ORCHARD AVE,2,US Highway,Rural,Arteria Menor,State Highway Agency,1,Sin jurisdiccion especial,2219,43.36772222,-93.21060833,Vehiculo en movimiento,Frente a frente,Not an Intersection,No fue interseccion,Sobre calle,Ninguna,Oscuro sin iluminacion,Despejado,No,NO APLICA,22,20,22,36,1,29/07/2022,3
19,Iowa,190176,0,0,1,0,15,BOONE (15),0,NO APLICA,8,Agosto,10,2022,12,25,CR-E18/130TH ST,4,Calle del Condado,Rural,Colector Mayor,County Highway Agency,0,Sin jurisdiccion especial,116,42.16328611,-93.93946667,Arbol,El primer evento no fue una colision con un vehiculo automotor en transporte,Not an Intersection,No fue interseccion,Sobre el lado de la calle,Ninguna,Dia total,Despejado,No,NO APLICA,88,88,88,88,1,10/08/2022,1
19,Iowa,190177,0,0,1,0,59,DICKINSON (59),0,NO APLICA,8,Agosto,7,2022,14,22,BASSWOOD LN,6,Calle Local Municipalidad,Urbano,Local,City or Municipal Highway Agency,0,Sin jurisdiccion especial,0,43.39921667,-95.06813056,Volcadura,El primer evento no fue una colision con un vehiculo automotor en transporte,Not an Intersection,No fue interseccion,Sobre el lado de la calle,Ninguna,Dia total,Nublado,No,NO APLICA,99,99,99,99,1,07/08/2022,2
19,Iowa,190178,0,0,1,0,191,WINNESHIEK (191),2130,DECORAH,8,Agosto,10,2022,8,1,CR-A52/OLD STAGE RD,4,Calle del Condado,Rural,Colector Menor,County Highway Agency,0,Sin jurisdiccion especial,75,43.27685,-91.62395556,Volcadura,El primer evento no fue una colision con un vehiculo automotor en transporte,Not an Intersection,No fue interseccion,Sobre el lado de la calle,Ninguna,Dia total,Despejado,No,NO APLICA,88,88,88,88,1,10/08/2022,1
19,Iowa,190179,0,0,1,0,45,CLINTON (45),0,NO APLICA,8,Agosto,13,2022,17,30,CR-Z2E/160TH ST,4,Calle del Condado,Rural,Colector Mayor,County Highway Agency,0,Sin jurisdiccion especial,30,41.94641667,-90.49015833,Acotamiento,El primer evento no fue una colision con un vehiculo automotor en transporte,Not an Intersection,No fue interseccion,Sobre el lado de la calle,Ninguna,Dia total,Despejado,No,NO APLICA,88,88,88,88,1,13/08/2022,1
19,Iowa,190180,1,1,1,0,135,MONROE (135),100,ALBIA,8,Agosto,16,2022,13,10,S CLINTON ST,6,Calle Local Municipalidad,Rural,Local,Town or Township Highway Agency,0,Sin jurisdiccion especial,0,41.02619444,-92.80835278,Peaton,El primer evento no fue una colision con un vehiculo automotor en transporte,Four-Way Intersection,Interseccion de 4 direcciones,Sobre calle,Ninguna,Dia total,Despejado,No,NO APLICA,13,8,13,12,1,16/08/2022,2
19,Iowa,190181,0,0,1,0,23,BUTLER (23),0,NO APLICA,7,Julio,27,2022,21,24,CR-T47/PACKARD AVE,4,Calle del Condado,Rural,Colector Menor,County Highway Agency,0,Sin jurisdiccion especial,0,42.85358333,-92.73211667,Vehiculo Ferrocarril,El primer evento no fue una colision con un vehiculo automotor en transporte,Not an Intersection,No fue interseccion,Sobre calle,Ninguna,Oscuro sin iluminacion,lluvia,No,607425U,88,88,88,88,2,27/07/2022,2
19,Iowa,190182,0,0,2,0,189,WINNEBAGO (189),0,NO APLICA,8,Agosto,20,2022,14,50,CR-R20,4,Calle del Condado,Rural,Colector Mayor,County Highway Agency,0,Sin jurisdiccion especial,116,43.42293889,-93.93185556,Vehiculo en movimiento,Frente a frente,Not an Intersection,No fue interseccion,Sobre calle,Ninguna,Dia total,Nublado,No,NO APLICA,14,47,15,0,1,20/08/2022,3
19,Iowa,190183,1,1,1,0,153,POLK (153),2260,DES MOINES,8,Agosto,15,2022,5,25,US-69/E 15TH ST,2,US Highway,Urbano,Arteria Principal,State Highway Agency,1,Sin jurisdiccion especial,860,41.59123056,-93.59434722,Peaton,El primer evento no fue una colision con un vehiculo automotor en transporte,Other Intersection Type,Otro tipo de interseccion,Sobre calle,Ninguna,Oscuro con iluminacion,Despejado,No,NO APLICA,5,26,5,30,1,15/08/2022,3
19,Iowa,190184,0,0,1,0,153,POLK (153),2260,DES MOINES,8,Agosto,21,2022,2,25,HICKMAN RD,6,Calle Local Municipalidad,Urbano,Local,City or Municipal Highway Agency,0,Sin jurisdiccion especial,34,41.61494444,-93.63190833,Arbol,El primer evento no fue una colision con un vehiculo automotor en transporte,Four-Way Intersection,Interseccion de 4 direcciones,Sobre el lado de la calle,Ninguna,Oscuro con iluminacion,Despejado,No,NO APLICA,88,88,88,88,1,21/08/2022,1
19,Iowa,190185,0,0,1,0,57,DES MOINES (57),1120,BURLINGTON,8,Agosto,6,2022,13,47,SULLIVAN SLOUGH RD,5,Calle Local - Pueblo,Rural,Local,Town or Township Highway Agency,0,Sin jurisdiccion especial,0,40.73640556,-91.12349167,Arbol,El primer evento no fue una colision con un vehiculo automotor en transporte,Not an Intersection,No fue interseccion,Sobre el lado de la calle,Ninguna,Dia total,Despejado,No,NO APLICA,99,99,99,99,1,06/08/2022,2
19,Iowa,190186,0,0,1,0,109,KOSSUTH (109),0,NO APLICA,8,Agosto,22,2022,18,58,150TH AVE,5,Calle Local - Pueblo,Rural,Local,Town or Township Highway Agency,0,Sin jurisdiccion especial,1,42.91071667,-94.16849444,Zanja,El primer evento no fue una colision con un vehiculo automotor en transporte,Not an Intersection,No fue interseccion,Sobre el lado de la calle,Ninguna,Dia total,Despejado,No,NO APLICA,88,88,88,88,1,22/08/2022,1
19,Iowa,190187,0,0,4,0,49,DALLAS (49),0,NO APLICA,8,Agosto,5,2022,6,45,I-80,1,Interestatal,Rural,Interestatal,State Highway Agency,1,Sin jurisdiccion especial,1085,41.53465833,-94.03600556,Vehiculo en movimiento,Frente a Detrás,Not an Intersection,No fue interseccion,Sobre calle,Ninguna,Amanecer,Despejado,No,NO APLICA,7,5,7,23,1,05/08/2022,4
19,Iowa,190188,0,0,2,0,179,WAPELLO (179),6490,OTTUMWA,8,Agosto,21,2022,9,23,SOUTH FERRY ST,6,Calle Local Municipalidad,Urbano,Colector Mayor,City or Municipal Highway Agency,0,Sin jurisdiccion especial,5,40.998575,-92.43363611,Vehiculo en movimiento,Angulo,Four-Way Intersection,Interseccion de 4 direcciones,Sobre calle,Ninguna,Dia total,Despejado,No,NO APLICA,9,25,9,32,1,21/08/2022,2
19,Iowa,190189,0,0,1,0,181,WARREN (181),0,NO APLICA,8,Agosto,19,2022,12,0,150TH AVE,5,Calle Local - Pueblo,Rural,Colector Menor,Town or Township Highway Agency,0,Sin jurisdiccion especial,102,41.40027778,-93.52035833,Arbol,El primer evento no fue una colision con un vehiculo automotor en transporte,Not an Intersection,No fue interseccion,Sobre el lado de la calle,Ninguna,Dia total,Despejado,No,NO APLICA,88,88,88,88,1,19/08/2022,1
19,Iowa,190190,0,0,1,0,163,SCOTT (163),2080,DAVENPORT,8,Agosto,21,2022,1,18,I-280,1,Interestatal,Urbano,Interestatal,State Highway Agency,1,Sin jurisdiccion especial,11,41.49052222,-90.64736944,Barrera de Trafico de Concreto,El primer evento no fue una colision con un vehiculo automotor en transporte,Not an Intersection,No fue interseccion,En el medio,Construccion,Oscuro sin iluminacion,Nublado,No,NO APLICA,88,88,88,88,1,21/08/2022,1
19,Iowa,190191,0,0,1,0,169,STORY (169),0,NO APLICA,8,Agosto,17,2022,1,55,I-35,1,Interestatal,Rural,Interestatal,State Highway Agency,1,Sin jurisdiccion especial,1159,42.06906667,-93.56784722,Barrera de Cable,El primer evento no fue una colision con un vehiculo automotor en transporte,Not an Intersection,No fue interseccion,En el medio,Ninguna,Oscuro sin iluminacion,Despejado,No,NO APLICA,88,88,88,88,1,17/08/2022,1
19,Iowa,190192,0,0,2,0,153,POLK (153),2260,DES MOINES,7,Julio,20,2022,19,57,US-69/SE 14TH ST,2,US Highway,Urbano,Arteria Principal,State Highway Agency,1,Sin jurisdiccion especial,1439,41.54813056,-93.59698611,Vehiculo en movimiento,Angulo,Four-Way Intersection,Interseccion de 4 direcciones,Sobre calle,Ninguna,Dia total,Despejado,No,NO APLICA,19,34,19,39,1,20/07/2022,2
19,Iowa,190193,0,0,1,0,85,HARRISON (85),0,NO APLICA,8,Agosto,21,2022,9,50,CR-545/AUSTIN AVE,4,Calle del Condado,Rural,Colector Mayor,County Highway Agency,0,Sin jurisdiccion especial,8,41.56368333,-96.033975,Zanja,El primer evento no fue una colision con un vehiculo automotor en transporte,Not an Intersection,No fue interseccion,Sobre el lado de la calle,Ninguna,Dia total,Reportado como desconocido,No,NO APLICA,88,88,88,88,2,21/08/2022,2
19,Iowa,190194,0,0,2,0,163,SCOTT (163),2080,DAVENPORT,8,Agosto,26,2022,21,55,US-64/SR-461/W RIVER DR,2,US Highway,Urbano,Arteria Principal,State Highway Agency,1,Sin jurisdiccion especial,22,41.50219722,-90.63370833,Vehiculo en movimiento,Frente a Detrás,Not an Intersection,No fue interseccion,Sobre calle,Ninguna,Oscuro sin iluminacion,Despejado,No,NO APLICA,21,56,22,0,1,26/08/2022,2
19,Iowa,190195,0,0,1,0,101,JEFFERSON (101),0,NO APLICA,8,Agosto,29,2022,11,0,CR-H23/LIBERTYVILLE RD,4,Calle del Condado,Rural,Colector Mayor,County Highway Agency,0,Sin jurisdiccion especial,30,40.98079722,-91.99438333,Volcadura,El primer evento no fue una colision con un vehiculo automotor en transporte,Not an Intersection,No fue interseccion,Sobre el lado de la calle,Ninguna,Dia total,Nublado,No,NO APLICA,88,88,88,88,1,29/08/2022,1
19,Iowa,190196,0,0,2,0,83,HARDIN (83),0,NO APLICA,8,Agosto,28,2022,21,21,US-65,2,US Highway,Rural,Arteria Menor,State Highway Agency,1,Sin jurisdiccion especial,1284,42.23804167,-93.30975556,Vehiculo en movimiento,Angulo,Four-Way Intersection,Interseccion de 4 direcciones,Sobre calle,Ninguna,Oscuro con iluminacion,Despejado,No,NO APLICA,99,99,99,99,1,28/08/2022,2
19,Iowa,190197,0,0,2,0,103,JOHNSON (103),0,NO APLICA,8,Agosto,31,2022,8,30,I-380/US-218/SR-27/AVE OF THE,1,Interestatal,Urbano,Interestatal,State Highway Agency,1,Sin jurisdiccion especial,110,41.84978056,-91.66757222,Vehiculo en movimiento,Frente a Detrás,Not an Intersection,No fue interseccion,Sobre calle,Ninguna,Dia total,Despejado,No,NO APLICA,8,39,9,0,1,31/08/2022,4
19,Iowa,190198,0,0,1,0,163,SCOTT (163),2080,DAVENPORT,8,Agosto,22,2022,22,56,FAIRMOUNT ST,6,Calle Local Municipalidad,Urbano,Local,City or Municipal Highway Agency,0,Sin jurisdiccion especial,25,41.55294167,-90.62953333,Puente de Ferrocarril,El primer evento no fue una colision con un vehiculo automotor en transporte,Not an Intersection,No fue interseccion,Sobre el lado de la calle,Ninguna,Oscuro con iluminacion,Despejado,No,NO APLICA,22,58,23,4,2,22/08/2022,5
19,Iowa,190199,0,0,2,0,77,GUTHRIE (77),0,NO APLICA,8,Agosto,30,2022,0,32,CR-F65/CR-925/WHITE POLE RD,4,Calle del Condado,Rural,Colector Mayor,County Highway Agency,0,Sin jurisdiccion especial,43,41.51829167,-94.56718611,Vehiculo en movimiento,Angulo,Four-Way Intersection,Interseccion de 4 direcciones,Sobre calle,Ninguna,Oscuro sin iluminacion,Despejado,No,NO APLICA,88,88,88,88,1,30/08/2022,2
19,Iowa,190200,0,0,2,0,11,BENTON (11),0,NO APLICA,8,Agosto,11,2022,17,6,CR-E24/61ST ST LN,4,Calle del Condado,Rural,Colector Mayor,County Highway Agency,0,Sin jurisdiccion especial,10,42.13813333,-91.90719722,Vehiculo en movimiento,Angulo,Four-Way Intersection,Interseccion de 4 direcciones,Sobre calle,Ninguna,Dia total,Despejado,No,NO APLICA,99,99,99,99,1,11/08/2022,2
19,Iowa,190201,0,0,1,0,111,LEE (111),0,NO APLICA,9,Septiembre,3,2022,22,45,CR-X28/MISSISSIPPI RIVER RD,4,Calle del Condado,Rural,Colector Mayor,County Highway Agency,0,Sin jurisdiccion especial,32,40.48141944,-91.37750556,Culvert,El primer evento no fue una colision con un vehiculo automotor en transporte,Not an Intersection,No fue interseccion,Sobre el lado de la calle,Ninguna,Oscuro sin iluminacion,lluvia,No,NO APLICA,0,46,1,3,1,03/09/2022,2
19,Iowa,190202,0,0,1,0,1,ADAIR (1),0,NO APLICA,9,Septiembre,5,2022,22,31,SR-92/240TH ST,3,Highway estatal,Rural,Arteria Menor,State Highway Agency,0,Sin jurisdiccion especial,816,41.30188611,-94.43234444,Poste de Señal de trafico,El primer evento no fue una colision con un vehiculo automotor en transporte,Not an Intersection,No fue interseccion,Sobre el lado de la calle,Ninguna,Oscuro con iluminacion,Despejado,No,NO APLICA,88,88,88,88,1,05/09/2022,1
19,Iowa,190203,0,0,1,0,85,HARRISON (85),6730,PISGAH,9,Septiembre,3,2022,23,21,E MAIN ST/EASTON TRAIL,5,Calle Local - Pueblo,Rural,Local,Town or Township Highway Agency,0,Sin jurisdiccion especial,2,41.83158056,-95.92185,Volcadura,El primer evento no fue una colision con un vehiculo automotor en transporte,T-Intersection,Interseccion de T,Fuera de la calle,Ninguna,Oscuro sin iluminacion,Despejado,No,NO APLICA,88,88,88,88,1,03/09/2022,1
19,Iowa,190204,0,0,2,0,193,WOODBURY (193),0,NO APLICA,9,Septiembre,6,2022,16,16,US-20,2,US Highway,Rural,Arteria Principal,State Highway Agency,1,Sin jurisdiccion especial,2750,42.48230833,-95.91810833,Vehiculo en movimiento,Angulo,Four-Way Intersection,Interseccion de 4 direcciones,Sobre calle,Ninguna,Dia total,Despejado,No,NO APLICA,16,25,16,40,2,06/09/2022,4
19,Iowa,190205,1,1,1,0,193,WOODBURY (193),7850,SIOUX CITY,9,Septiembre,1,2022,4,48,US-75/SR-376/S LEWIS BLVD,2,US Highway,Urbano,Arteria Principal,State Highway Agency,1,Sin jurisdiccion especial,24,42.46565556,-96.37564722,No vehiculo o remolque,El primer evento no fue una colision con un vehiculo automotor en transporte,Not an Intersection,No fue interseccion,Sobre calle,Ninguna,Oscuro sin iluminacion,Despejado,No,NO APLICA,4,49,4,55,1,01/09/2022,1
19,Iowa,190206,0,0,1,0,139,MUSCATINE (139),0,NO APLICA,9,Septiembre,4,2022,20,16,SR-22,3,Highway estatal,Rural,Arteria Menor,State Highway Agency,1,Sin jurisdiccion especial,818,41.43641944,-90.90262222,Acotamiento,El primer evento no fue una colision con un vehiculo automotor en transporte,Not an Intersection,No fue interseccion,Sobre el lado de la calle,Ninguna,Oscuro sin iluminacion,Nublado,No,NO APLICA,88,88,88,88,2,04/09/2022,2
19,Iowa,190207,0,0,2,0,31,CEDAR (31),0,NO APLICA,9,Septiembre,4,2022,21,7,OLD LINCOLN HWY,5,Calle Local - Pueblo,Rural,Colector Menor,Town or Township Highway Agency,0,Sin jurisdiccion especial,51,41.85515833,-90.90251667,Poste de Señal de trafico,El primer evento no fue una colision con un vehiculo automotor en transporte,Not an Intersection,No fue interseccion,Sobre el lado de la calle,Ninguna,Oscuro sin iluminacion,Despejado,No,NO APLICA,99,99,99,99,1,04/09/2022,2
19,Iowa,190208,0,0,2,0,35,CHEROKEE (35),1470,CHEROKEE,9,Septiembre,14,2022,20,39,CR-66/650TH ST,4,Calle del Condado,Rural,Colector Mayor,County Highway Agency,0,Sin jurisdiccion especial,17,42.57500833,-95.82529167,Vehiculo en movimiento,Frente a frente,Not an Intersection,No fue interseccion,Sobre calle,Ninguna,Oscuro sin iluminacion,Despejado,No,NO APLICA,99,99,99,99,1,14/09/2022,3