Estado,Nombre de Estado,Numero de Caso,Peatones,Personas _no_vehiculos,Vehiculos automotores,Vehiculos estacionados,Condado,Nombre Condado,Ciudad,Nombre Ciudad,Mes,Nombre Mes,Dia,Año,Hora,Minuto,Calle,Ruta,Nombre Ruta,Rural o Urbanoo,Sistema Funcional,Dueño Calle,Sistema Nacional Carreteras,Jurisdiccion Especial,Milla,Latitud,Longitud,Causa del Accidente,Tipo de Accidente,Tipo Interseccion,Columna1,Lugar en la calle,Zona de Trabajo,Luz,Clima,Autobus Escolar,Cruce de Trenes,Hora Notificacion,Minuto Notificacion,Hora Llegada,Minuto Llegada,Decesos,Fecha,PersonaVehiculo
19,Iowa,190209,0,0,1,0,61,DUBUQUE (61),2430,DUBUQUE,9,Septiembre,15,2022,15,16,SR-3/HIAWATHA PIONEER TRL,3,Highway estatal,Urbano,Arteria Principal,State Highway Agency,1,Sin jurisdiccion especial,3226,42.5444,-90.69701111,Edificio,El primer evento no fue una colision con un vehiculo automotor en transporte,Not an Intersection,No fue interseccion,Sobre el lado de la calle,Ninguna,Dia total,Despejado,No,NO APLICA,88,88,88,88,1,15/09/2022,1
19,Iowa,190210,0,0,1,0,153,POLK (153),2260,DES MOINES,9,Septiembre,17,2022,10,26,EAST MLK JR PKWY UNDERPASS,6,Calle Local Municipalidad,Urbano,Arteria Principal,City or Municipal Highway Agency,1,Sin jurisdiccion especial,3,41.58478611,-93.59692778,Banqueta,El primer evento no fue una colision con un vehiculo automotor en transporte,Not an Intersection,No fue interseccion,Sobre el lado de la calle,Ninguna,Dia total,lluvia,No,NO APLICA,88,88,88,88,1,17/09/2022,1
19,Iowa,190211,0,0,1,0,13,BLACK HAWK (13),8790,WATERLOO,9,Septiembre,17,2022,12,32,MARTIN LUTHR KING JR DR,6,Calle Local Municipalidad,Urbano,Arteria Menor,City or Municipal Highway Agency,0,Sin jurisdiccion especial,26,42.50733333,-92.28170833,Arbol,El primer evento no fue una colision con un vehiculo automotor en transporte,Not an Intersection,No fue interseccion,Sobre el lado de la calle,Ninguna,Dia total,Nublado,No,NO APLICA,88,88,88,88,1,17/09/2022,1
19,Iowa,190212,0,0,1,0,167,SIOUX (167),0,NO APLICA,9,Septiembre,18,2022,6,22,CR-B40/390TH ST,4,Calle del Condado,Rural,Arteria Menor,County Highway Agency,0,Sin jurisdiccion especial,109,43.08423056,-96.23457222,Zanja,El primer evento no fue una colision con un vehiculo automotor en transporte,Four-Way Intersection,Interseccion de 4 direcciones,Sobre el lado de la calle,Ninguna,Oscuro con iluminacion,Neblina o Humo,No,NO APLICA,6,22,6,37,1,18/09/2022,3
19,Iowa,190213,0,0,1,0,47,CRAWFORD (47),0,NO APLICA,9,Septiembre,18,2022,4,0,US-59,2,US Highway,Rural,Arteria Principal,State Highway Agency,1,Sin jurisdiccion especial,919,41.87801944,-95.34434722,Acotamiento,El primer evento no fue una colision con un vehiculo automotor en transporte,Not an Intersection,No fue interseccion,Sobre el lado de la calle,Ninguna,Oscuro sin iluminacion,Nublado,No,NO APLICA,88,88,88,88,1,18/09/2022,1
19,Iowa,190214,0,0,1,0,93,IDA (93),0,NO APLICA,9,Septiembre,19,2022,19,13,CR-651/ALPINE AVE,4,Calle del Condado,Rural,Colector Mayor,County Highway Agency,0,Sin jurisdiccion especial,206,42.50999722,-95.64250278,Arbol,El primer evento no fue una colision con un vehiculo automotor en transporte,Not an Intersection,No fue interseccion,Sobre el lado de la calle,Ninguna,Dia total,Despejado,No,NO APLICA,88,88,88,88,1,19/09/2022,1
19,Iowa,190215,0,0,2,0,113,LINN (113),1340,CEDAR RAPIDS,7,Julio,27,2022,18,3,C AVE NE,6,Calle Local Municipalidad,Urbano,Local,City or Municipal Highway Agency,0,Sin jurisdiccion especial,40,42.043775,-91.63858333,Vehiculo en movimiento,Angulo,Not an Intersection,No fue interseccion,Sobre calle,Ninguna,Dia total,Despejado,No,NO APLICA,18,4,18,8,1,27/07/2022,2
19,Iowa,190216,0,0,1,0,45,CLINTON (45),0,NO APLICA,9,Septiembre,22,2022,19,4,280TH AVE,5,Calle Local - Pueblo,Rural,Local,Town or Township Highway Agency,0,Sin jurisdiccion especial,47,41.90419444,-90.54851389,Zanja,El primer evento no fue una colision con un vehiculo automotor en transporte,Not an Intersection,No fue interseccion,Sobre el lado de la calle,Ninguna,Atardecer,Despejado,No,NO APLICA,88,88,88,88,1,22/09/2022,1
19,Iowa,190217,0,0,1,0,29,CASS (29),0,NO APLICA,9,Septiembre,17,2022,3,53,CR-G66/YANKTON RD,4,Calle del Condado,Rural,Colector Menor,County Highway Agency,0,Sin jurisdiccion especial,54,41.17318333,-95.05126944,Acotamiento,El primer evento no fue una colision con un vehiculo automotor en transporte,Not an Intersection,No fue interseccion,Sobre el lado de la calle,Ninguna,Oscuro sin iluminacion,Despejado,No,NO APLICA,99,99,99,99,1,17/09/2022,2
19,Iowa,190218,0,0,1,0,91,HUMBOLDT (91),0,NO APLICA,9,Septiembre,26,2022,6,36,CR-P19/BIRCH AVE,4,Calle del Condado,Rural,Colector Menor,County Highway Agency,0,Sin jurisdiccion especial,158,42.88614444,-94.43314444,Zanja,El primer evento no fue una colision con un vehiculo automotor en transporte,Not an Intersection,No fue interseccion,Sobre el lado de la calle,Ninguna,Oscuro sin iluminacion,Despejado,No,NO APLICA,6,40,6,52,1,26/09/2022,3
19,Iowa,190219,0,0,1,0,49,DALLAS (49),0,NO APLICA,9,Septiembre,12,2022,19,45,150TH ST,5,Calle Local - Pueblo,Rural,Colector Menor,Town or Township Highway Agency,0,Sin jurisdiccion especial,158,41.82050556,-93.92616944,Acotamiento,El primer evento no fue una colision con un vehiculo automotor en transporte,Not an Intersection,No fue interseccion,Sobre el lado de la calle,Ninguna,Oscuro sin iluminacion,Despejado,No,NO APLICA,88,88,88,88,1,12/09/2022,1
19,Iowa,190220,0,0,2,0,13,BLACK HAWK (13),2695,ELK RUN HEIGHTS,9,Septiembre,15,2022,14,41,I-380/US-20/SR-27,1,Interestatal,Urbano,Interestatal,State Highway Agency,1,Sin jurisdiccion especial,35,42.46034167,-92.27832222,Vehiculo en movimiento,Frente a Detrás,Not an Intersection,No fue interseccion,Sobre calle,Construccion,Dia total,Despejado,No,NO APLICA,14,37,14,55,1,15/09/2022,2
19,Iowa,190221,0,0,1,0,37,CHICKASAW (37),0,NO APLICA,9,Septiembre,26,2022,1,17,US-63 RAMP,2,US Highway,Rural,Arteria Principal,State Highway Agency,1,Sin jurisdiccion especial,1,42.96720556,-92.31702222,Volcadura,El primer evento no fue una colision con un vehiculo automotor en transporte,Not an Intersection,No fue interseccion,Gore?,Ninguna,Oscuro con iluminacion,Nublado,No,NO APLICA,99,99,99,99,1,26/09/2022,2
19,Iowa,190222,0,0,1,0,113,LINN (113),1340,CEDAR RAPIDS,9,Septiembre,17,2022,20,40,6TH ST SW,6,Calle Local Municipalidad,Urbano,Colector Menor,City or Municipal Highway Agency,0,Sin jurisdiccion especial,23,41.90317222,-91.67619722,Banqueta,El primer evento no fue una colision con un vehiculo automotor en transporte,Roundabout,Glorieta,Sobre el lado de la calle,Ninguna,Oscuro con iluminacion,lluvia,No,NO APLICA,20,41,20,49,1,17/09/2022,1
19,Iowa,190223,0,0,1,0,41,CLAY (41),0,NO APLICA,9,Septiembre,27,2022,17,53,CR-M27/130TH AVE,4,Calle del Condado,Rural,Colector Mayor,County Highway Agency,0,Sin jurisdiccion especial,2,42.95790278,-95.32879722,Zanja,El primer evento no fue una colision con un vehiculo automotor en transporte,Not an Intersection,No fue interseccion,Sobre el lado de la calle,Ninguna,Dia total,Despejado,No,NO APLICA,18,4,18,16,1,27/09/2022,1
19,Iowa,190224,0,0,3,0,49,DALLAS (49),0,NO APLICA,9,Septiembre,20,2022,11,14,CR-F60/300TH ST,4,Calle del Condado,Rural,Colector Mayor,County Highway Agency,0,Sin jurisdiccion especial,34,41.59712778,-94.12710278,Vehiculo en movimiento,Frente a Detrás,Four-Way Intersection,Interseccion de 4 direcciones,Sobre calle,Ninguna,Dia total,Despejado,No,NO APLICA,11,18,11,34,1,20/09/2022,5
19,Iowa,190225,0,0,1,0,163,SCOTT (163),0,NO APLICA,10,Octubre,5,2022,5,7,CR-Y48/MAYSVILLE RD,4,Calle del Condado,Rural,Colector Menor,County Highway Agency,0,Sin jurisdiccion especial,24,41.63621944,-90.70717222,Acotamiento,El primer evento no fue una colision con un vehiculo automotor en transporte,Not an Intersection,No fue interseccion,Sobre el lado de la calle,Ninguna,Oscuro sin iluminacion,Despejado,No,NO APLICA,88,88,88,88,1,05/10/2022,1
19,Iowa,190226,0,0,1,0,181,WARREN (181),0,NO APLICA,10,Octubre,5,2022,17,30,I-35,1,Interestatal,Rural,Interestatal,State Highway Agency,1,Sin jurisdiccion especial,500,41.31007222,-93.77830278,Zanja,El primer evento no fue una colision con un vehiculo automotor en transporte,Not an Intersection,No fue interseccion,Sobre el lado de la calle,Ninguna,Atardecer,Despejado,No,NO APLICA,88,88,88,88,1,05/10/2022,1
19,Iowa,190227,0,0,1,0,153,POLK (153),2260,DES MOINES,8,Agosto,6,2022,3,29,2ND AVE,6,Calle Local Municipalidad,Urbano,Arteria Menor,City or Municipal Highway Agency,0,Sin jurisdiccion especial,26,41.59766111,-93.619925,Volcadura,El primer evento no fue una colision con un vehiculo automotor en transporte,Not an Intersection,No fue interseccion,Sobre calle,Ninguna,Oscuro con iluminacion,Despejado,No,NO APLICA,3,29,3,33,1,06/08/2022,1
19,Iowa,190228,0,0,1,0,105,JONES (105),6330,OLIN,9,Septiembre,10,2022,3,30,STATE ACCESS RD,8,Otro,Trafficway Not in State Inventory,Via no en inventario estatal,Trafficway Not in State Inventory,0,otro,0,42.00339444,-91.13312778,Acotamiento,El primer evento no fue una colision con un vehiculo automotor en transporte,Not an Intersection,No fue interseccion,Sobre el lado de la calle,Ninguna,Oscuro sin iluminacion,Despejado,No,NO APLICA,88,88,88,88,1,10/09/2022,1
19,Iowa,190229,0,0,1,0,37,CHICKASAW (37),4040,IONIA,8,Agosto,29,2022,19,30,IVANHOE,5,Calle Local - Pueblo,Rural,Local,Town or Township Highway Agency,0,Sin jurisdiccion especial,38,42.96479444,-92.37768889,Volcadura,El primer evento no fue una colision con un vehiculo automotor en transporte,Not an Intersection,No fue interseccion,Sobre el lado de la calle,Ninguna,Dia total,Despejado,No,NO APLICA,88,88,88,88,1,29/08/2022,1
19,Iowa,190230,0,0,1,0,113,LINN (113),1340,CEDAR RAPIDS,9,Septiembre,13,2022,19,36,EDGEWOOD RD NE,6,Calle Local Municipalidad,Urbano,Arteria Principal,City or Municipal Highway Agency,1,Sin jurisdiccion especial,15,42.01347222,-91.70485278,Acotamiento,El primer evento no fue una colision con un vehiculo automotor en transporte,Not an Intersection,No fue interseccion,Sobre el lado de la calle,Ninguna,Atardecer,Despejado,No,NO APLICA,19,38,19,43,1,13/09/2022,1
19,Iowa,190231,0,0,2,0,135,MONROE (135),0,NO APLICA,10,Octubre,7,2022,14,45,CR-T37/655TH AVE,4,Calle del Condado,Rural,Colector Mayor,County Highway Agency,0,Sin jurisdiccion especial,56,41.11808056,-92.80267222,Vehiculo en movimiento,Frente a frente,Not an Intersection,No fue interseccion,Sobre calle,Ninguna,Dia total,Despejado,No,NO APLICA,14,46,14,53,1,07/10/2022,2
19,Iowa,190232,0,0,2,0,9,AUDUBON (9),2820,EXIRA,10,Octubre,9,2022,14,48,CR-F58/W WASHINGTON ST,4,Calle del Condado,Rural,Colector Mayor,Town or Township Highway Agency,0,Sin jurisdiccion especial,3,41.59113889,-94.88360556,Vehiculo en movimiento,Frente a frente,Not an Intersection,No fue interseccion,Sobre calle,Ninguna,Dia total,Despejado,No,NO APLICA,88,88,88,88,1,09/10/2022,2
19,Iowa,190233,0,0,2,0,169,STORY (169),230,AMES,10,Octubre,10,2022,9,40,US-30,2,US Highway,Rural,Arteria Principal,State Highway Agency,1,Sin jurisdiccion especial,1518,42.00873889,-93.55090833,Vehiculo en movimiento,Frente a Detrás,Not an Intersection,No fue interseccion,Sobre calle,Ninguna,Dia total,Despejado,No,NO APLICA,88,88,88,88,1,10/10/2022,2
19,Iowa,190234,0,0,2,0,143,OSCEOLA (143),410,ASHTON,9,Septiembre,7,2022,19,37,SR-60,3,Highway estatal,Rural,Arteria Principal,State Highway Agency,1,Sin jurisdiccion especial,422,43.29223611,-95.79581389,Vehiculo en movimiento,Frente a Detrás,Not an Intersection,No fue interseccion,Sobre calle,Ninguna,Atardecer,Despejado,No,NO APLICA,88,88,88,88,1,07/09/2022,2
19,Iowa,190235,0,0,2,0,157,POWESHIEK (157),0,NO APLICA,10,Octubre,3,2022,18,0,CR-V18,4,Calle del Condado,Rural,Colector Mayor,County Highway Agency,0,Sin jurisdiccion especial,103,41.65846667,-92.45493056,Vehiculo en movimiento,Frente a Detrás,Not an Intersection,No fue interseccion,Sobre calle,Ninguna,Dia total,Despejado,No,NO APLICA,18,1,18,12,1,03/10/2022,2
19,Iowa,190236,0,0,2,0,153,POLK (153),2260,DES MOINES,10,Octubre,9,2022,18,54,I-235,1,Interestatal,Urbano,Interestatal,State Highway Agency,1,Sin jurisdiccion especial,66,41.59306944,-93.65796944,Vehiculo en movimiento,Frente a Detrás,Not an Intersection,No fue interseccion,Sobre calle,Mantenimiento,Atardecer,Despejado,No,NO APLICA,18,54,18,57,1,09/10/2022,2
19,Iowa,190237,0,0,2,0,153,POLK (153),2260,DES MOINES,10,Octubre,12,2022,7,46,HULL AVE,7,Calle Local,Urbano,Colector Mayor,City or Municipal Highway Agency,0,Sin jurisdiccion especial,18,41.622275,-93.59444722,Vehiculo en movimiento,Angulo,T-Intersection,Interseccion de T,Sobre calle,Ninguna,Amanecer,Nublado,No,NO APLICA,7,46,7,49,1,12/10/2022,4
19,Iowa,190238,0,0,1,0,171,TAMA (171),0,NO APLICA,10,Octubre,16,2022,15,39,CR-E29/230TH ST,4,Calle del Condado,Rural,Colector Mayor,County Highway Agency,0,Sin jurisdiccion especial,115,42.10808333,-92.45975278,Zanja,El primer evento no fue una colision con un vehiculo automotor en transporte,Not an Intersection,No fue interseccion,Sobre el lado de la calle,Ninguna,Dia total,Despejado,No,NO APLICA,88,88,88,88,1,16/10/2022,1
19,Iowa,190239,0,0,2,0,167,SIOUX (167),0,NO APLICA,10,Octubre,17,2022,6,36,US-18/320TH ST,2,US Highway,Rural,Arteria Principal,State Highway Agency,1,Sin jurisdiccion especial,407,43.18587778,-95.88191667,Vehiculo en movimiento,Frente a frente,Not an Intersection,No fue interseccion,Sobre calle,Ninguna,Amanecer,Despejado,No,NO APLICA,6,38,6,51,2,17/10/2022,5
19,Iowa,190240,0,0,2,0,123,MAHASKA (123),6440,OSKALOOSA,10,Octubre,17,2022,8,58,SR-92/A AVE W,3,Highway estatal,Urbano,Arteria Principal,State Highway Agency,1,Sin jurisdiccion especial,1787,41.29620278,-92.66264444,Vehiculo en movimiento,Angulo,Not an Intersection,No fue interseccion,Sobre calle,Ninguna,Dia total,Despejado,No,NO APLICA,9,0,9,6,1,17/10/2022,3
19,Iowa,190241,0,0,1,0,129,MILLS (129),0,NO APLICA,10,Octubre,18,2022,19,53,US-34/INFANTRY DIVISION HWY,2,US Highway,Rural,Arteria Principal,State Highway Agency,1,Sin jurisdiccion especial,247,41.03058889,-95.43099444,Barda,El primer evento no fue una colision con un vehiculo automotor en transporte,Not an Intersection,No fue interseccion,Fuera de la calle,Ninguna,Oscuro sin iluminacion,Despejado,No,NO APLICA,88,88,88,88,1,18/10/2022,1
19,Iowa,190242,1,1,1,0,111,LEE (111),4250,KEOKUK,10,Octubre,19,2022,17,54,CLEAVER ST,6,Calle Local Municipalidad,Urbano,Arteria Principal,State Highway Agency,1,Sin jurisdiccion especial,12,40.38895556,-91.41576667,Ciclista,El primer evento no fue una colision con un vehiculo automotor en transporte,Not an Intersection,No fue interseccion,Sobre calle,Ninguna,Atardecer,Despejado,No,NO APLICA,17,55,17,59,1,19/10/2022,1
19,Iowa,190243,0,0,1,0,115,LOUISA (115),0,NO APLICA,10,Octubre,1,2022,14,25,CR-X37,4,Calle del Condado,Rural,Colector Mayor,County Highway Agency,0,Sin jurisdiccion especial,33,41.13970833,-91.28399444,Volcadura,El primer evento no fue una colision con un vehiculo automotor en transporte,Not an Intersection,No fue interseccion,Sobre el lado de la calle,Ninguna,Dia total,Despejado,No,NO APLICA,14,27,14,39,1,01/10/2022,1
19,Iowa,190244,0,0,2,0,153,POLK (153),5670,MITCHELLVILLE,9,Septiembre,24,2022,18,27,SR-163,3,Highway estatal,Rural,Arteria Principal,State Highway Agency,1,Sin jurisdiccion especial,1538,41.60090833,-93.37212778,Vehiculo en movimiento,Frente a frente,Not an Intersection,No fue interseccion,Sobre calle,Ninguna,Dia total,Despejado,No,NO APLICA,99,99,99,99,1,24/09/2022,4
19,Iowa,190245,0,0,2,0,97,JACKSON (97),0,NO APLICA,10,Octubre,15,2022,20,34,US-52,2,US Highway,Rural,Arteria Menor,State Highway Agency,1,Sin jurisdiccion especial,1,42.10398333,-90.16844167,Valla Ferrocarril,El primer evento no fue una colision con un vehiculo automotor en transporte,Not an Intersection,No fue interseccion,Sobre el lado de la calle,Ninguna,Oscuro sin iluminacion,Despejado,No,NO APLICA,20,38,20,45,1,15/10/2022,3
19,Iowa,190246,0,0,1,0,97,JACKSON (97),5240,MAQUOKETA,10,Octubre,26,2022,19,9,US-61,2,US Highway,Rural,Arteria Principal,State Highway Agency,1,Sin jurisdiccion especial,1660,42.155775,-90.67588889,Culvert,El primer evento no fue una colision con un vehiculo automotor en transporte,Not an Intersection,No fue interseccion,Sobre el lado de la calle,Ninguna,Oscuro sin iluminacion,Despejado,No,NO APLICA,88,88,88,88,1,26/10/2022,1
19,Iowa,190247,0,0,2,0,165,SHELBY (165),0,NO APLICA,9,Septiembre,22,2022,20,19,US-59,2,US Highway,Rural,Arteria Principal,State Highway Agency,1,Sin jurisdiccion especial,685,41.54195,-95.33685,Vehiculo en movimiento,Angulo,Not an Intersection,No fue interseccion,Sobre calle,Ninguna,Oscuro sin iluminacion,Despejado,No,NO APLICA,88,88,88,88,1,22/09/2022,2
19,Iowa,190248,0,0,2,0,153,POLK (153),2260,DES MOINES,10,Octubre,30,2022,3,35,I-235 RAMP,1,Interestatal,Urbano,Interestatal,State Highway Agency,1,Sin jurisdiccion especial,11,41.59638056,-93.64253056,Vehiculo en movimiento,Angulo,Four-Way Intersection,Interseccion de 4 direcciones,Sobre calle,Ninguna,Oscuro con iluminacion,Despejado,No,NO APLICA,3,37,3,49,1,30/10/2022,3
19,Iowa,190249,0,0,2,0,79,HAMILTON (79),0,NO APLICA,11,Noviembre,3,2022,14,55,CR-D20/190TH ST,4,Calle del Condado,Rural,Colector Menor,County Highway Agency,0,Sin jurisdiccion especial,110,42.50737222,-93.73511667,Vehiculo en movimiento,Angulo,Four-Way Intersection,Interseccion de 4 direcciones,Sobre calle,Ninguna,Dia total,Nublado,No,NO APLICA,15,7,15,22,1,03/11/2022,2
19,Iowa,190250,0,0,2,0,117,LUCAS (117),0,NO APLICA,11,Noviembre,4,2022,18,30,CR-S23/200TH AVE,4,Calle del Condado,Rural,Colector Mayor,County Highway Agency,0,Sin jurisdiccion especial,45,41.04069444,-93.365725,Vehiculo en movimiento,Frente a frente,Not an Intersection,No fue interseccion,Sobre calle,Ninguna,Oscuro sin iluminacion,lluvia,No,NO APLICA,99,99,99,99,1,04/11/2022,2
19,Iowa,190251,0,0,2,0,25,CALHOUN (25),0,NO APLICA,11,Noviembre,4,2022,8,30,SR-4,3,Highway estatal,Rural,Arteria Menor,State Highway Agency,0,Sin jurisdiccion especial,692,42.475175,-94.67394722,Vehiculo en movimiento,Frente a frente,Not an Intersection,No fue interseccion,Sobre calle,Ninguna,Dia total,lluvia,No,NO APLICA,88,88,88,88,1,04/11/2022,4
19,Iowa,190252,0,0,2,0,83,HARDIN (83),0,NO APLICA,11,Noviembre,7,2022,13,57,CR-D15,4,Calle del Condado,Rural,Colector Menor,County Highway Agency,0,Sin jurisdiccion especial,12,42.51919167,-93.31106389,Vehiculo en movimiento,Frente a frente,Not an Intersection,No fue interseccion,Sobre calle,Ninguna,Dia total,Despejado,No,NO APLICA,99,99,99,99,1,07/11/2022,3
19,Iowa,190253,0,0,2,0,93,IDA (93),3990,IDA GROVE,10,Octubre,15,2022,12,9,US-59,2,US Highway,Rural,Arteria Principal,State Highway Agency,1,Sin jurisdiccion especial,1276,42.35204444,-95.47248889,Vehiculo en movimiento,Golpe Lateral - direccion contraria,Not an Intersection,No fue interseccion,Sobre calle,Ninguna,Dia total,Despejado,No,NO APLICA,99,99,99,99,1,15/10/2022,2
19,Iowa,190254,0,0,2,0,11,BENTON (11),0,NO APLICA,10,Octubre,8,2022,16,4,CR-E24/61ST LN,4,Calle del Condado,Rural,Colector Mayor,County Highway Agency,0,Sin jurisdiccion especial,10,42.13613056,-91.93640833,Vehiculo en movimiento,Frente a Detrás,Four-Way Intersection,Interseccion de 4 direcciones,Sobre calle,Ninguna,Dia total,Despejado,No,NO APLICA,88,88,88,88,2,08/10/2022,3
19,Iowa,190255,0,0,1,0,113,LINN (113),0,NO APLICA,10,Octubre,17,2022,23,18,US-30,2,US Highway,Rural,Arteria Principal,State Highway Agency,1,Sin jurisdiccion especial,2413,41.96400556,-91.82598611,Edificio,El primer evento no fue una colision con un vehiculo automotor en transporte,Not an Intersection,No fue interseccion,En el medio,Ninguna,Oscuro sin iluminacion,Despejado,No,NO APLICA,23,20,23,26,1,17/10/2022,1
19,Iowa,190256,0,0,1,0,129,MILLS (129),0,NO APLICA,10,Octubre,21,2022,16,5,CR-H40/NOYES AVE,4,Calle del Condado,Rural,Colector Menor,County Highway Agency,0,Sin jurisdiccion especial,43,40.97393056,-95.62715556,Zanja,El primer evento no fue una colision con un vehiculo automotor en transporte,Not an Intersection,No fue interseccion,Sobre el lado de la calle,Ninguna,Dia total,Despejado,No,NO APLICA,88,88,88,88,1,21/10/2022,1
19,Iowa,190257,0,0,1,0,5,ALLAMAKEE (5),0,NO APLICA,10,Octubre,21,2022,16,18,CR-X52/GREAT RIVER RD,4,Calle del Condado,Rural,Colector Mayor,County Highway Agency,0,Sin jurisdiccion especial,73,43.29621944,-91.1468,Volcadura,El primer evento no fue una colision con un vehiculo automotor en transporte,Not an Intersection,No fue interseccion,Sobre el lado de la calle,Ninguna,Dia total,Despejado,No,NO APLICA,88,88,88,88,1,21/10/2022,1
19,Iowa,190258,0,0,1,0,155,POTTAWATTAMIE (155),1900,COUNCIL BLUFFS,10,Octubre,23,2022,4,10,I-29 RAMP,1,Interestatal,Urbano,Interestatal,State Highway Agency,1,Sin jurisdiccion especial,1,41.23274167,-95.87579167,Fin de valla,El primer evento no fue una colision con un vehiculo automotor en transporte,Not an Intersection,No fue interseccion,Sobre el lado de la calle,Ninguna,Oscuro con iluminacion,Despejado,No,NO APLICA,88,88,88,88,1,23/10/2022,1
19,Iowa,190259,0,0,2,0,79,HAMILTON (79),8880,WEBSTER CITY,9,Septiembre,19,2022,20,9,US-20,2,US Highway,Rural,Arteria Principal,State Highway Agency,1,Sin jurisdiccion especial,1507,42.44820278,-93.50471667,Vehiculo en movimiento,Angulo,Not an Intersection,No fue interseccion,Sobre calle,Ninguna,Oscuro sin iluminacion,Despejado,No,NO APLICA,99,99,99,99,1,19/09/2022,3
19,Iowa,190260,0,0,1,0,127,MARSHALL (127),5320,MARSHALLTOWN,11,Noviembre,4,2022,23,19,SOUTH 6TH ST,6,Calle Local Municipalidad,Urbano,Arteria Menor,City or Municipal Highway Agency,0,Sin jurisdiccion especial,13,42.02611389,-92.92230556,Poste,El primer evento no fue una colision con un vehiculo automotor en transporte,Not an Intersection,No fue interseccion,Sobre el lado de la calle,Ninguna,Oscuro con iluminacion,lluvia,No,NO APLICA,88,88,88,88,4,04/11/2022,4
19,Iowa,190261,0,0,1,0,105,JONES (105),0,NO APLICA,11,Noviembre,9,2022,17,35,SR-38,3,Highway estatal,Rural,Arteria Menor,State Highway Agency,0,Sin jurisdiccion especial,631,42.21187778,-91.14696667,Animal vivo,El primer evento no fue una colision con un vehiculo automotor en transporte,Not an Intersection,No fue interseccion,Sobre calle,Ninguna,Oscuro sin iluminacion,Despejado,No,NO APLICA,17,44,18,5,1,09/11/2022,1
19,Iowa,190262,0,0,2,0,113,LINN (113),1340,CEDAR RAPIDS,10,Octubre,15,2022,22,0,GLASS RD NE,6,Calle Local Municipalidad,Urbano,Colector Mayor,City or Municipal Highway Agency,0,Sin jurisdiccion especial,16,42.014225,-91.67426667,Vehiculo en movimiento,Frente a frente,Not an Intersection,No fue interseccion,Sobre calle,Ninguna,Oscuro sin iluminacion,Despejado,No,NO APLICA,22,5,22,10,1,15/10/2022,3
19,Iowa,190263,0,0,1,0,83,HARDIN (83),2630,ELDORA,11,Noviembre,11,2022,19,48,WASHINGTON ST,5,Calle Local - Pueblo,Rural,Colector Mayor,Town or Township Highway Agency,0,Sin jurisdiccion especial,3,42.35106111,-93.09953333,Poste de Señal de trafico,El primer evento no fue una colision con un vehiculo automotor en transporte,Not an Intersection,No fue interseccion,Sobre el lado de la calle,Ninguna,Oscuro sin iluminacion,Nublado,No,NO APLICA,88,88,88,88,1,11/11/2022,1
19,Iowa,190264,0,0,1,0,163,SCOTT (163),2080,DAVENPORT,9,Septiembre,21,2022,20,16,EASTERN AVE,6,Calle Local Municipalidad,Urbano,Local,City or Municipal Highway Agency,0,Sin jurisdiccion especial,0,41.54033333,-90.55154167,Acotamiento,El primer evento no fue una colision con un vehiculo automotor en transporte,Not an Intersection,No fue interseccion,Sobre el lado de la calle,Ninguna,Oscuro con iluminacion,Nublado,No,NO APLICA,99,99,99,99,1,21/09/2022,2
19,Iowa,190265,1,1,1,0,179,WAPELLO (179),0,NO APLICA,9,Septiembre,22,2022,5,9,SR-16,3,Highway estatal,Rural,Arteria Menor,State Highway Agency,0,Sin jurisdiccion especial,21,40.96867222,-92.23645278,Peaton,El primer evento no fue una colision con un vehiculo automotor en transporte,Not an Intersection,No fue interseccion,Sobre calle,Ninguna,Oscuro sin iluminacion,Despejado,No,NO APLICA,99,99,99,99,1,22/09/2022,1
19,Iowa,190266,0,0,1,0,153,POLK (153),2260,DES MOINES,11,Noviembre,10,2022,16,17,GRAND AVE,6,Calle Local Municipalidad,Urbano,Arteria Menor,City or Municipal Highway Agency,0,Sin jurisdiccion especial,6,41.58257778,-93.69123889,Banqueta,El primer evento no fue una colision con un vehiculo automotor en transporte,Not an Intersection,No fue interseccion,Sobre el lado de la calle,Ninguna,Atardecer,Nublado,No,NO APLICA,16,17,16,21,1,10/11/2022,1
19,Iowa,190267,0,0,2,0,103,JOHNSON (103),0,NO APLICA,10,Octubre,29,2022,2,20,SR-1,3,Highway estatal,Urbano,Arteria Principal,State Highway Agency,1,Sin jurisdiccion especial,920,41.72932778,-91.47622222,Vehiculo en movimiento,Angulo,T-Intersection,Interseccion de T,Sobre calle,Ninguna,Oscuro sin iluminacion,Despejado,No,NO APLICA,88,88,88,88,1,29/10/2022,2
19,Iowa,190268,0,0,1,0,99,JASPER (99),0,NO APLICA,10,Octubre,25,2022,17,45,I-80,1,Interestatal,Rural,Interestatal,State Highway Agency,1,Sin jurisdiccion especial,1536,41.68711667,-93.26963056,Volcadura,El primer evento no fue una colision con un vehiculo automotor en transporte,Not an Intersection,No fue interseccion,Sobre el lado de la calle,Ninguna,Dia total,Despejado,No,NO APLICA,18,1,18,11,1,25/10/2022,1
19,Iowa,190269,0,0,4,0,157,POWESHIEK (157),0,NO APLICA,11,Noviembre,14,2022,7,33,I-80,1,Interestatal,Rural,Interestatal,State Highway Agency,1,Sin jurisdiccion especial,1193,41.69595,-92.63444167,Vehiculo en movimiento,Frente a Detrás,Not an Intersection,No fue interseccion,Sobre calle,Ninguna,Dia total,Nublado,No,NO APLICA,7,46,7,54,1,14/11/2022,5