Estado,Nombre de Estado,Numero de Caso,Peatones,Personas _no_vehiculos,Vehiculos automotores,Vehiculos estacionados,Condado,Nombre Condado,Ciudad,Nombre Ciudad,Mes,Nombre Mes,Dia,Año,Hora,Minuto,Calle,Ruta,Nombre Ruta,Rural o Urbanoo,Sistema Funcional,Dueño Calle,Sistema Nacional Carreteras,Jurisdiccion Especial,Milla,Latitud,Longitud,Causa del Accidente,Tipo de Accidente,Tipo Interseccion,Columna1,Lugar en la calle,Zona de Trabajo,Luz,Clima,Autobus Escolar,Cruce de Trenes,Hora Notificacion,Minuto Notificacion,Hora Llegada,Minuto Llegada,Decesos,Fecha,PersonaVehiculo
19,Iowa,190270,0,0,2,0,123,MAHASKA (123),0,NO APLICA,11,Noviembre,15,2022,5,36,SR-23/S 17TH ST,3,Highway estatal,Rural,Arteria Menor,State Highway Agency,0,Sin jurisdiccion especial,91,41.224,-92.54082778,Vehiculo en movimiento,Otro,Not an Intersection,No fue interseccion,Sobre calle,Ninguna,Oscuro sin iluminacion,Nieve,No,NO APLICA,88,88,88,88,1,15/11/2022,2
19,Iowa,190271,0,0,2,0,151,POCAHONTAS (151),0,NO APLICA,11,Noviembre,24,2022,2,0,SR-4/22TH AVE,3,Highway estatal,Rural,Arteria Menor,State Highway Agency,0,Sin jurisdiccion especial,948,42.84477222,-94.67893056,Vehiculo en movimiento,Angulo,Not an Intersection,No fue interseccion,Sobre calle,Ninguna,Oscuro sin iluminacion,Neblina o Humo,No,NO APLICA,88,88,88,88,1,24/11/2022,2
19,Iowa,190272,0,0,1,0,113,LINN (113),1340,CEDAR RAPIDS,10,Octubre,31,2022,2,18,I-380 RAMP,1,Interestatal,Urbano,Interestatal,State Highway Agency,1,Sin jurisdiccion especial,6,41.92760278,-91.67323889,Zanja,El primer evento no fue una colision con un vehiculo automotor en transporte,Not an Intersection,No fue interseccion,Sobre el lado de la calle,Ninguna,Oscuro con iluminacion,Despejado,No,NO APLICA,88,88,88,88,1,31/10/2022,1
19,Iowa,190274,0,0,2,1,87,HENRY (87),0,NO APLICA,11,Noviembre,26,2022,16,9,US-34,2,US Highway,Rural,Arteria Principal,State Highway Agency,1,Sin jurisdiccion especial,192,40.90565556,-91.38036111,Vehiculo Aparcado,El primer evento no fue una colision con un vehiculo automotor en transporte,Not an Intersection,No fue interseccion,Fuera de la calle,Ninguna,Dia total,Despejado,No,NO APLICA,16,9,16,11,2,26/11/2022,5
19,Iowa,190275,0,0,2,0,13,BLACK HAWK (13),1330,CEDAR FALLS,10,Octubre,1,2022,10,39,VIKING RD,6,Calle Local Municipalidad,Urbano,Local,City or Municipal Highway Agency,0,Sin jurisdiccion especial,8,42.48409722,-92.46417778,Vehiculo en movimiento,Frente a Detrás,Not an Intersection,No fue interseccion,Sobre calle,Ninguna,Dia total,Despejado,No,NO APLICA,99,99,99,99,1,01/10/2022,3
19,Iowa,190276,0,0,2,0,49,DALLAS (49),3390,GRANGER,10,Octubre,10,2022,9,10,SR-17,3,Highway estatal,Rural,Arteria Menor,State Highway Agency,1,Sin jurisdiccion especial,9,41.75789167,-93.81467222,Vehiculo en movimiento,Angulo,T-Intersection,Interseccion de T,Sobre calle,Ninguna,Dia total,Despejado,No,NO APLICA,9,19,9,42,1,10/10/2022,4
19,Iowa,190277,0,0,3,0,113,LINN (113),1340,CEDAR RAPIDS,10,Octubre,24,2022,21,23,SR-992/1ST AVE SW,3,Highway estatal,Urbano,Arteria Principal,State Highway Agency,1,Sin jurisdiccion especial,38,41.97366944,-91.68128611,Vehiculo en movimiento,Otro,Not an Intersection,No fue interseccion,Sobre calle,Ninguna,Oscuro con iluminacion,lluvia,No,NO APLICA,21,25,21,26,1,24/10/2022,4
19,Iowa,190278,0,0,2,0,153,POLK (153),2260,DES MOINES,10,Octubre,30,2022,0,8,US-6,2,US Highway,Urbano,Arteria Principal,State Highway Agency,1,Sin jurisdiccion especial,1405,41.62815,-93.65400278,Vehiculo en movimiento,Angulo,T-Intersection,Interseccion de T,Sobre calle,Ninguna,Oscuro con iluminacion,Despejado,No,NO APLICA,0,9,0,14,1,30/10/2022,2
19,Iowa,190279,1,1,1,0,65,FAYETTE (65),0,NO APLICA,11,Noviembre,21,2022,18,28,SR-150,3,Highway estatal,Rural,Arteria Principal,State Highway Agency,1,Sin jurisdiccion especial,729,43.023925,-91.82650278,Peaton,El primer evento no fue una colision con un vehiculo automotor en transporte,Not an Intersection,No fue interseccion,Sobre calle,Ninguna,Oscuro sin iluminacion,Nublado,No,NO APLICA,88,88,88,88,1,21/11/2022,1
19,Iowa,190280,0,0,2,0,63,EMMET (63),0,NO APLICA,11,Noviembre,27,2022,9,6,SR-4,3,Highway estatal,Rural,Arteria Menor,State Highway Agency,0,Sin jurisdiccion especial,1455,43.48984444,-94.79235,Vehiculo en movimiento,Frente a frente,Not an Intersection,No fue interseccion,Sobre calle,Ninguna,Dia total,Despejado,No,NO APLICA,9,8,9,30,1,27/11/2022,3
19,Iowa,190281,0,0,1,0,159,RINGGOLD (159),0,NO APLICA,11,Noviembre,25,2022,19,30,SR-66/CR-P33,3,Highway estatal,Rural,Colector Mayor,State Highway Agency,0,Sin jurisdiccion especial,36,40.76446389,-94.32878056,Animal vivo,El primer evento no fue una colision con un vehiculo automotor en transporte,Not an Intersection,No fue interseccion,Sobre calle,Ninguna,Oscuro sin iluminacion,Despejado,No,NO APLICA,99,99,99,99,1,25/11/2022,3
19,Iowa,190282,0,0,2,1,153,POLK (153),0,NO APLICA,11,Noviembre,28,2022,17,4,I-80,1,Interestatal,Urbano,Interestatal,State Highway Agency,1,Sin jurisdiccion especial,1715,41.64928889,-93.62218611,Zanja,El primer evento no fue una colision con un vehiculo automotor en transporte,Not an Intersection,No fue interseccion,Sobre el lado de la calle,Ninguna,Oscuro sin iluminacion,Despejado,No,NO APLICA,99,99,99,99,1,28/11/2022,1
19,Iowa,190283,0,0,2,0,39,CLARKE (39),6430,OSCEOLA,12,Diciembre,1,2022,18,30,I-35,1,Interestatal,Rural,Interestatal,State Highway Agency,1,Sin jurisdiccion especial,341,41.04068611,-93.79144444,Vehiculo en movimiento,Frente a frente,Not an Intersection,No fue interseccion,Sobre calle,Ninguna,Oscuro sin iluminacion,Despejado,No,NO APLICA,88,88,88,88,1,01/12/2022,2
19,Iowa,190284,0,0,3,0,163,SCOTT (163),2080,DAVENPORT,11,Noviembre,26,2022,17,30,ROCKINGHAM RD,6,Calle Local Municipalidad,Urbano,Arteria Menor,City or Municipal Highway Agency,0,Sin jurisdiccion especial,54,41.51644167,-90.60843056,Vehiculo en movimiento,Angulo,T-Intersection,Interseccion de T,Sobre calle,Ninguna,Oscuro con iluminacion,Despejado,No,NO APLICA,17,33,17,39,1,26/11/2022,3
19,Iowa,190285,0,0,1,0,129,MILLS (129),0,NO APLICA,12,Diciembre,5,2022,11,57,CR-L68/MULLONEY AVE,4,Calle del Condado,Rural,Colector Mayor,County Highway Agency,0,Sin jurisdiccion especial,5,40.98634167,-95.56092222,Arbol,El primer evento no fue una colision con un vehiculo automotor en transporte,Not an Intersection,No fue interseccion,Fuera de la calle,Ninguna,Dia total,Despejado,No,NO APLICA,88,88,88,88,1,05/12/2022,1
19,Iowa,190286,0,0,2,0,197,WRIGHT (197),0,NO APLICA,11,Noviembre,21,2022,7,3,CR-R33/HANCOCK AVE,4,Calle del Condado,Rural,Colector Mayor,County Highway Agency,0,Sin jurisdiccion especial,179,42.81639167,-93.83312222,Vehiculo en movimiento,Frente a frente,Not an Intersection,No fue interseccion,Sobre calle,Ninguna,Amanecer,Despejado,No,NO APLICA,88,88,88,88,3,21/11/2022,4
19,Iowa,190287,0,0,1,0,55,DELAWARE (55),0,NO APLICA,11,Noviembre,23,2022,15,17,240TH ST,5,Calle Local - Pueblo,Rural,Local,Town or Township Highway Agency,0,Sin jurisdiccion especial,43,42.44187222,-91.493275,Zanja,El primer evento no fue una colision con un vehiculo automotor en transporte,Not an Intersection,No fue interseccion,Sobre el lado de la calle,Ninguna,Dia total,Despejado,No,NO APLICA,15,15,15,20,1,23/11/2022,3
19,Iowa,190288,0,0,2,0,87,HENRY (87),0,NO APLICA,12,Diciembre,7,2022,14,55,CR-X30/260TH ST,4,Calle del Condado,Rural,Colector Mayor,County Highway Agency,0,Sin jurisdiccion especial,99,40.92848056,-91.42732778,Vehiculo en movimiento,Frente a frente,Not an Intersection,No fue interseccion,Sobre calle,Ninguna,Dia total,Despejado,No,NO APLICA,15,11,15,33,1,07/12/2022,2
19,Iowa,190289,0,0,2,0,43,CLAYTON (43),0,NO APLICA,12,Diciembre,8,2022,12,0,CR-C7X/HINTON RD,4,Calle del Condado,Rural,Colector Mayor,County Highway Agency,0,Sin jurisdiccion especial,25,42.66453056,-91.33367778,Vehiculo en movimiento,Golpe Lateral - direccion contraria,Not an Intersection,No fue interseccion,Sobre calle,Ninguna,Dia total,Nublado,No,NO APLICA,12,5,12,11,1,08/12/2022,3
19,Iowa,190290,0,0,2,0,153,POLK (153),0,NO APLICA,11,Noviembre,1,2022,21,21,SR-141/NW 114TH ST,3,Highway estatal,Urbano,Arteria Principal,State Highway Agency,1,Sin jurisdiccion especial,41,41.70629444,-93.77444722,Vehiculo en movimiento,Golpe Lateral - misma direccion,Not an Intersection,No fue interseccion,Sobre calle,Ninguna,Oscuro sin iluminacion,Despejado,No,NO APLICA,99,99,99,99,1,01/11/2022,2
19,Iowa,190291,0,0,1,0,187,WEBSTER (187),0,NO APLICA,12,Diciembre,6,2022,6,40,CR-D36,4,Calle del Condado,Rural,Colector Mayor,County Highway Agency,0,Sin jurisdiccion especial,1,42.39821667,-94.39346111,Zanja,El primer evento no fue una colision con un vehiculo automotor en transporte,Not an Intersection,No fue interseccion,Sobre el lado de la calle,Ninguna,Oscuro sin iluminacion,Despejado,No,NO APLICA,88,88,88,88,1,06/12/2022,1
19,Iowa,190292,0,0,1,0,37,CHICKASAW (37),0,NO APLICA,12,Diciembre,12,2022,11,55,CR-B33/160TH ST,4,Calle del Condado,Rural,Colector Menor,County Highway Agency,0,Sin jurisdiccion especial,158,43.13061944,-92.11556111,"La carga del vehiculo (cambio, perdida, o otro)",El primer evento no fue una colision con un vehiculo automotor en transporte,Not an Intersection,No fue interseccion,Sobre el lado de la calle,Ninguna,Dia total,Nublado,No,NO APLICA,88,88,88,88,1,12/12/2022,1
19,Iowa,190293,0,0,1,0,155,POTTAWATTAMIE (155),0,NO APLICA,12,Diciembre,9,2022,9,39,I-80/I-880,1,Interestatal,Rural,Interestatal,State Highway Agency,1,Sin jurisdiccion especial,2784,41.49889722,-95.57720556,Poste,El primer evento no fue una colision con un vehiculo automotor en transporte,Not an Intersection,No fue interseccion,Sobre el lado de la calle,Ninguna,Dia total,Nublado,No,NO APLICA,9,39,9,50,1,09/12/2022,2
19,Iowa,190294,0,0,2,0,153,POLK (153),210,ALTOONA,12,Diciembre,12,2022,20,48,8TH ST SW,6,Calle Local Municipalidad,Urbano,Local,City or Municipal Highway Agency,0,Sin jurisdiccion especial,7,41.64417778,-93.49803056,Vehiculo en movimiento,Angulo,Four-Way Intersection,Interseccion de 4 direcciones,Sobre calle,Ninguna,Oscuro con iluminacion,Despejado,No,NO APLICA,20,49,20,54,1,12/12/2022,2
19,Iowa,190295,0,0,3,0,153,POLK (153),2260,DES MOINES,12,Diciembre,13,2022,18,1,FLEUR DR,6,Calle Local Municipalidad,Urbano,Arteria Principal,City or Municipal Highway Agency,1,Sin jurisdiccion especial,52,41.57056111,-93.64498333,Vehiculo en movimiento,Frente a frente,Not an Intersection,No fue interseccion,Sobre calle,Ninguna,Oscuro con iluminacion,lluvia,No,NO APLICA,99,99,99,99,1,13/12/2022,6
19,Iowa,190296,0,0,2,0,113,LINN (113),0,NO APLICA,12,Diciembre,14,2022,7,47,US-151/SR-13,2,US Highway,Urbano,Colector Mayor,State Highway Agency,1,Sin jurisdiccion especial,70,41.97619722,-91.55141667,Vehiculo en movimiento,Angulo,Four-Way Intersection,Interseccion de 4 direcciones,Sobre calle,Ninguna,Dia total,Neblina o Humo,No,NO APLICA,7,51,7,58,1,14/12/2022,2
19,Iowa,190297,0,0,1,0,27,CARROLL (27),1250,CARROLL,12,Diciembre,15,2022,12,56,CLARK ST,6,Calle Local Municipalidad,Urbano,Local,City or Municipal Highway Agency,0,Sin jurisdiccion especial,130,42.051975,-94.85925833,Zanja,El primer evento no fue una colision con un vehiculo automotor en transporte,T-Intersection,Interseccion de T,Sobre el lado de la calle,Ninguna,Dia total,Nieve,No,NO APLICA,99,99,99,99,1,15/12/2022,2
19,Iowa,190298,0,0,2,0,141,O BRIEN (141),0,NO APLICA,12,Diciembre,6,2022,13,19,CR-L36/NETTLE AVE,4,Calle del Condado,Rural,Colector Mayor,County Highway Agency,0,Sin jurisdiccion especial,165,43.14847778,-95.80190833,Vehiculo en movimiento,Golpe Lateral - direccion contraria,Not an Intersection,No fue interseccion,Sobre calle,Ninguna,Dia total,Despejado,No,NO APLICA,13,21,13,35,1,06/12/2022,2
19,Iowa,190299,0,0,2,0,11,BENTON (11),0,NO APLICA,12,Diciembre,11,2022,18,20,US-30,2,US Highway,Rural,Arteria Principal,State Highway Agency,1,Sin jurisdiccion especial,2210,41.96411111,-92.22154444,Vehiculo en movimiento,Frente a frente,Not an Intersection,No fue interseccion,Sobre calle,Ninguna,Oscuro sin iluminacion,Nublado,No,NO APLICA,88,88,88,88,1,11/12/2022,2
19,Iowa,190300,0,0,2,1,153,POLK (153),0,NO APLICA,12,Diciembre,25,2022,2,11,I-80,1,Interestatal,Urbano,Interestatal,State Highway Agency,1,Sin jurisdiccion especial,1396,41.65801111,-93.53455833,Vehiculo Aparcado,El primer evento no fue una colision con un vehiculo automotor en transporte,Not an Intersection,No fue interseccion,Sobre Acotamiento,Ninguna,Oscuro sin iluminacion,Despejado,No,NO APLICA,88,88,88,88,1,25/12/2022,1
19,Iowa,190301,0,0,2,0,1,ADAIR (1),0,NO APLICA,12,Diciembre,29,2022,9,24,CR-G30/WHITEPOLE RD/ANITA-ADAI,4,Calle del Condado,Rural,Colector Mayor,County Highway Agency,0,Sin jurisdiccion especial,15,41.482475,-94.67904722,Vehiculo en movimiento,Frente a frente,Not an Intersection,No fue interseccion,Sobre calle,Ninguna,Dia total,Despejado,No,NO APLICA,88,88,88,88,1,29/12/2022,2
19,Iowa,190302,0,0,2,0,27,CARROLL (27),0,NO APLICA,12,Diciembre,15,2022,5,51,US-72/CR-E26,2,US Highway,Rural,Arteria Principal,State Highway Agency,1,Sin jurisdiccion especial,1160,42.13841944,-94.87826389,Vehiculo en movimiento,Frente a frente,Not an Intersection,No fue interseccion,Sobre calle,Ninguna,Oscuro sin iluminacion,Nieve,No,NO APLICA,88,88,88,88,1,15/12/2022,2
19,Iowa,190303,1,1,1,0,163,SCOTT (163),2080,DAVENPORT,12,Diciembre,13,2022,17,32,EAST LOCUST ST,6,Calle Local Municipalidad,Urbano,Arteria Menor,City or Municipal Highway Agency,0,Sin jurisdiccion especial,8,41.53833611,-90.55876667,Peaton,El primer evento no fue una colision con un vehiculo automotor en transporte,Not an Intersection,No fue interseccion,Sobre calle,Ninguna,Oscuro con iluminacion,lluvia,No,NO APLICA,17,34,17,36,1,13/12/2022,2
19,Iowa,190304,0,0,2,0,169,STORY (169),0,NO APLICA,12,Diciembre,29,2022,15,8,US-30,2,US Highway,Rural,Arteria Principal,State Highway Agency,1,Sin jurisdiccion especial,1599,42.00766111,-93.38833889,Vehiculo en movimiento,Frente a frente,Not an Intersection,No fue interseccion,Sobre calle,Ninguna,Dia total,Despejado,No,NO APLICA,88,88,88,88,2,29/12/2022,2
19,Iowa,190305,0,0,1,0,169,STORY (169),5980,NEVADA,12,Diciembre,19,2022,13,40,US-30,2,US Highway,Rural,Arteria Principal,State Highway Agency,1,Sin jurisdiccion especial,1740,42.00551667,-93.45174167,Fin de valla,El primer evento no fue una colision con un vehiculo automotor en transporte,Not an Intersection,No fue interseccion,Sobre el lado de la calle,Ninguna,Dia total,Nieve,No,NO APLICA,88,88,88,88,1,19/12/2022,1
19,Iowa,190306,1,1,1,0,35,CHEROKEE (35),1470,CHEROKEE,12,Diciembre,26,2022,20,32,TS-WEST WILLOW ST,5,Calle Local - Pueblo,Rural,Local,Town or Township Highway Agency,0,Sin jurisdiccion especial,5,42.75058889,-95.55501111,Ciclista,El primer evento no fue una colision con un vehiculo automotor en transporte,Not an Intersection,No fue interseccion,Sobre calle,Ninguna,Oscuro con iluminacion,Despejado,No,NO APLICA,20,34,20,38,1,26/12/2022,1
19,Iowa,190307,0,0,2,0,15,BOONE (15),0,NO APLICA,12,Diciembre,12,2022,17,21,US-30,2,US Highway,Rural,Arteria Principal,State Highway Agency,1,Sin jurisdiccion especial,1638,42.03507222,-93.83473611,Vehiculo en movimiento,Frente a Detrás,T-Intersection,Interseccion de T,Sobre calle,Ninguna,Oscuro sin iluminacion,Nublado,No,NO APLICA,17,24,17,31,1,12/12/2022,2
19,Iowa,190308,0,0,1,0,113,LINN (113),1340,CEDAR RAPIDS,5,Mayo,6,2022,21,38,ELLIS RD,6,Calle Local Municipalidad,Urbano,Local,City or Municipal Highway Agency,0,Sin jurisdiccion especial,51,41.99851111,-91.72383611,Acotamiento,El primer evento no fue una colision con un vehiculo automotor en transporte,Not an Intersection,No fue interseccion,Sobre el lado de la calle,Ninguna,Oscuro sin iluminacion,Despejado,No,NO APLICA,88,88,88,88,1,06/05/2022,1
20,Kansas,200001,0,0,1,0,139,OSAGE (139),4210,OSAGE CITY,1,Enero,1,2022,17,28,US-56,2,US Highway,Rural,Arteria Menor,State Highway Agency,0,Sin jurisdiccion especial,3824,38.65167778,-95.94403889,Volcadura,El primer evento no fue una colision con un vehiculo automotor en transporte,Not an Intersection,No fue interseccion,Sobre el lado de la calle,Ninguna,Oscuro sin iluminacion,Soplando nieve,No,NO APLICA,99,99,99,99,1,01/01/2022,1
20,Kansas,200002,0,0,2,0,45,DOUGLAS (45),3010,LAWRENCE,1,Enero,1,2022,0,16,W 6TH ST,6,Calle Local Municipalidad,Urbano,Arteria Menor,City or Municipal Highway Agency,0,Sin jurisdiccion especial,99998,38.97150278,-95.26831667,Vehiculo en movimiento,Frente a frente,Not an Intersection,No fue interseccion,Sobre calle,Ninguna,Oscuro con iluminacion,No reportado,No,NO APLICA,0,16,0,17,1,01/01/2022,4
20,Kansas,200003,0,0,2,1,209,WYANDOTTE (209),580,BONNER SPRINGS,1,Enero,3,2022,7,30,I-70 KS TPKE,1,Interestatal,Urbano,Interestatal,State Toll Road,1,Sin jurisdiccion especial,2242,39.09788056,-94.87556667,Vehiculo Aparcado,El primer evento no fue una colision con un vehiculo automotor en transporte,Not an Intersection,No fue interseccion,Sobre Acotamiento,Ninguna,Amanecer,Despejado,No,NO APLICA,7,99,7,99,1,03/01/2022,1
20,Kansas,200004,0,0,2,0,43,DONIPHAN (43),1640,ELWOOD,1,Enero,11,2022,8,35,US-36,2,US Highway,Urbano,Arteria Principal,State Highway Agency,1,Sin jurisdiccion especial,3911,39.74790278,-94.87471111,Vehiculo en movimiento,Frente a Detrás,Not an Intersection,No fue interseccion,Sobre calle,Ninguna,Dia total,Despejado,No,NO APLICA,99,99,99,99,1,11/01/2022,3
20,Kansas,200005,0,0,2,0,15,BUTLER (15),0,NO APLICA,1,Enero,14,2022,17,54,SR-254,3,Highway estatal,Rural,Arterial Principal -Freeway o ExpressWay,State Highway Agency,1,Sin jurisdiccion especial,180,37.79801111,-97.00867222,Vehiculo en movimiento,Angulo,Four-Way Intersection,Interseccion de 4 direcciones,Sobre calle,Ninguna,Oscuro con iluminacion,Vientos cruzados pero de los mamalones,No,NO APLICA,17,57,18,6,1,14/01/2022,5
20,Kansas,200006,0,0,2,0,173,SEDGWICK (173),0,NO APLICA,1,Enero,7,2022,9,9,W 21ST ST N,8,Otro,Rural,Colector Menor,County Highway Agency,0,Sin jurisdiccion especial,99998,37.72113889,-97.68030833,Vehiculo en movimiento,Angulo,Four-Way Intersection,Interseccion de 4 direcciones,Sobre calle,Ninguna,Dia total,No reportado,No,NO APLICA,9,10,9,24,1,07/01/2022,3
20,Kansas,200007,0,0,2,0,95,KINGMAN (95),0,NO APLICA,1,Enero,25,2022,10,35,SR-42,3,Highway estatal,Rural,Colector Mayor,State Highway Agency,0,Sin jurisdiccion especial,492,37.45893889,-97.87218056,Vehiculo en movimiento,Frente a frente,Not an Intersection,No fue interseccion,Sobre calle,Ninguna,Dia total,Nublado,No,NO APLICA,99,99,99,99,1,25/01/2022,2
20,Kansas,200008,0,0,1,0,175,SEWARD (175),0,NO APLICA,1,Enero,29,2022,0,45,S KANSAS AVE,8,Otro,Urbano,Colector Mayor,County Highway Agency,0,Sin jurisdiccion especial,99998,37.01056389,-100.9068667,Poste de Señal de trafico,El primer evento no fue una colision con un vehiculo automotor en transporte,Not an Intersection,No fue interseccion,Sobre el lado de la calle,Ninguna,Oscuro sin iluminacion,Despejado,No,NO APLICA,0,52,0,59,1,29/01/2022,1
20,Kansas,200009,0,0,2,0,97,KIOWA (97),0,NO APLICA,1,Enero,25,2022,16,10,US-183,2,US Highway,Rural,Arteria Menor,State Highway Agency,0,Sin jurisdiccion especial,465,37.41146667,-99.31967778,Vehiculo en movimiento,Angulo,Not an Intersection,No fue interseccion,Sobre calle,Ninguna,Dia total,Nieve,No,NO APLICA,16,12,16,25,1,25/01/2022,3
20,Kansas,200010,0,1,2,1,173,SEDGWICK (173),5880,WICHITA,1,Enero,14,2022,8,25,I-35,1,Interestatal,Urbano,Interestatal,State Highway Agency,1,Sin jurisdiccion especial,451,37.63166667,-97.28837778,Vehiculo Aparcado,El primer evento no fue una colision con un vehiculo automotor en transporte,Not an Intersection,No fue interseccion,Sobre Acotamiento,Ninguna,Dia total,Nublado,No,NO APLICA,8,28,8,34,1,14/01/2022,3
20,Kansas,200011,0,0,1,0,91,JOHNSON (91),3080,LENEXA,2,Febrero,12,2022,8,50,I-35 RAMP,1,Interestatal,Urbano,Interestatal,State Highway Agency,1,Sin jurisdiccion especial,2259,38.97408056,-94.71706389,Arbol,El primer evento no fue una colision con un vehiculo automotor en transporte,Not an Intersection,No fue interseccion,Sobre el lado de la calle,Ninguna,Dia total,No reportado,No,NO APLICA,9,99,9,99,1,12/02/2022,1
20,Kansas,200012,0,0,2,0,103,LEAVENWORTH (103),1470,EASTON,2,Febrero,15,2022,9,0,US-73,2,US Highway,Rural,Arteria Principal,State Highway Agency,1,Sin jurisdiccion especial,410,39.39821389,-95.05913889,Vehiculo en movimiento,Frente a frente,Not an Intersection,No fue interseccion,Sobre Acotamiento,Ninguna,Dia total,No reportado,No,NO APLICA,9,4,9,14,1,15/02/2022,2
20,Kansas,200013,0,0,1,0,15,BUTLER (15),0,NO APLICA,1,Enero,15,2022,12,3,US-54,2,US Highway,Rural,Arterial Principal -Freeway o ExpressWay,State Highway Agency,1,Sin jurisdiccion especial,2340,37.67974167,-97.00443889,Acotamiento,El primer evento no fue una colision con un vehiculo automotor en transporte,Not an Intersection,No fue interseccion,Sobre el lado de la calle,Ninguna,Dia total,Soplando nieve,No,NO APLICA,12,10,12,15,1,15/01/2022,1
20,Kansas,200014,0,0,1,0,91,JOHNSON (91),4140,OLATHE,2,Febrero,16,2022,23,4,W 155TH ST,6,Calle Local Municipalidad,Urbano,Local,City or Municipal Highway Agency,0,Sin jurisdiccion especial,99998,38.84731667,-94.88041944,Arbol,El primer evento no fue una colision con un vehiculo automotor en transporte,Not an Intersection,No fue interseccion,Sobre el lado de la calle,Ninguna,Oscuro con iluminacion,Nublado,No,NO APLICA,99,99,99,99,1,16/02/2022,1
20,Kansas,200015,0,0,1,0,209,WYANDOTTE (209),2820,KANSAS CITY,1,Enero,1,2022,0,14,STATE AVE,6,Calle Local Municipalidad,Urbano,Arteria Menor,City or Municipal Highway Agency,0,Sin jurisdiccion especial,99998,39.11638056,-94.65090556,Banqueta,El primer evento no fue una colision con un vehiculo automotor en transporte,Not an Intersection,No fue interseccion,Sobre el lado de la calle,Ninguna,Oscuro con iluminacion,No reportado,No,NO APLICA,0,15,0,20,1,01/01/2022,2
20,Kansas,200016,0,0,1,0,193,THOMAS (193),0,NO APLICA,2,Febrero,19,2022,5,0,CR-Q RD,4,Calle del Condado,Rural,Local,County Highway Agency,0,Sin jurisdiccion especial,99998,39.36554722,-100.942925,Volcadura,El primer evento no fue una colision con un vehiculo automotor en transporte,Not an Intersection,No fue interseccion,Fuera de la calle,Ninguna,Oscuro con iluminacion,Despejado,No,NO APLICA,8,33,8,48,1,19/02/2022,1
20,Kansas,200017,0,0,2,0,191,SUMNER (191),0,NO APLICA,2,Febrero,22,2022,20,43,US-81 N BROADWAY RD,2,US Highway,Rural,Arteria Menor,State Highway Agency,0,Sin jurisdiccion especial,99998,37.43250833,-97.33084722,Vehiculo en movimiento,Frente a frente,Not an Intersection,No fue interseccion,Sobre calle,Ninguna,Oscuro sin iluminacion,Vientos cruzados pero de los mamalones,No,NO APLICA,20,99,20,99,1,22/02/2022,5
20,Kansas,200018,0,0,1,0,167,RUSSELL (167),0,NO APLICA,2,Febrero,11,2022,20,29,179TH ST,8,Otro,Rural,Colector Mayor,County Highway Agency,0,Sin jurisdiccion especial,99998,38.7024,-98.96832222,Zanja,El primer evento no fue una colision con un vehiculo automotor en transporte,Not an Intersection,No fue interseccion,Sobre el lado de la calle,Ninguna,Oscuro sin iluminacion,No reportado,No,NO APLICA,22,31,22,52,2,11/02/2022,2
20,Kansas,200019,0,0,2,0,173,SEDGWICK (173),5880,WICHITA,2,Febrero,23,2022,17,57,I-235,1,Interestatal,Urbano,Interestatal,State Highway Agency,1,Sin jurisdiccion especial,154,37.7567,-97.33821389,Vehiculo en movimiento,Frente a frente,Not an Intersection,No fue interseccion,Sobre calle,Ninguna,Dia total,Nublado,No,NO APLICA,17,58,18,3,2,23/02/2022,2
20,Kansas,200020,0,0,2,0,125,MONTGOMERY (125),0,NO APLICA,2,Febrero,26,2022,12,0,CR-5700 RD,4,Calle del Condado,Rural,Colector Mayor,County Highway Agency,0,Sin jurisdiccion especial,99998,37.10610278,-95.53978056,Vehiculo en movimiento,Angulo,Four-Way Intersection,Interseccion de 4 direcciones,Sobre calle,Ninguna,Dia total,Despejado,No,NO APLICA,12,7,12,18,1,26/02/2022,2
20,Kansas,200021,0,0,1,0,111,LYON (111),1660,EMPORIA,3,Marzo,2,2022,16,24,MARKET ST,6,Calle Local Municipalidad,Urbano,Local,City or Municipal Highway Agency,0,Sin jurisdiccion especial,99998,38.40131667,-96.17760278,Vehiculo Ferrocarril,El primer evento no fue una colision con un vehiculo automotor en transporte,Not an Intersection,No fue interseccion,Sobre calle,Ninguna,Dia total,No reportado,No,006075U,16,28,16,36,1,02/03/2022,1
20,Kansas,200022,0,0,2,0,9,BARTON (9),0,NO APLICA,1,Enero,13,2022,12,15,NE 130TH AVE,8,Otro,Rural,Colector Menor,County Highway Agency,0,Sin jurisdiccion especial,99998,38.4639,-98.53596111,Vehiculo en movimiento,Angulo,Four-Way Intersection,Interseccion de 4 direcciones,Sobre calle,Ninguna,Dia total,No reportado,No,NO APLICA,12,18,12,26,1,13/01/2022,2
20,Kansas,200023,0,0,2,0,173,SEDGWICK (173),0,NO APLICA,1,Enero,24,2022,2,32,SR-42,3,Highway estatal,Rural,Arteria Menor,State Highway Agency,0,Sin jurisdiccion especial,99998,37.615,-97.48026111,Vehiculo en movimiento,Angulo,Four-Way Intersection,Interseccion de 4 direcciones,Sobre calle,Ninguna,Oscuro con iluminacion,Despejado,No,NO APLICA,2,36,2,45,2,24/01/2022,2
20,Kansas,200024,0,0,1,0,15,BUTLER (15),0,NO APLICA,3,Marzo,2,2022,15,23,SR-177,3,Highway estatal,Rural,Colector Mayor,State Highway Agency,0,Sin jurisdiccion especial,110,37.93144722,-96.74691389,Volcadura,El primer evento no fue una colision con un vehiculo automotor en transporte,Not an Intersection,No fue interseccion,Sobre el lado de la calle,Ninguna,Dia total,No reportado,No,NO APLICA,15,36,15,54,1,02/03/2022,1
20,Kansas,200025,0,0,3,0,119,MEADE (119),0,NO APLICA,3,Marzo,10,2022,8,15,US-54,2,US Highway,Rural,Arteria Principal,State Highway Agency,1,Sin jurisdiccion especial,465,37.29661111,-100.3018389,Vehiculo en movimiento,Frente a frente,Not an Intersection,No fue interseccion,Sobre calle,Ninguna,Dia total,No reportado,No,NO APLICA,8,25,8,30,1,10/03/2022,4