Estado,Nombre de Estado,Numero de Caso,Peatones,Personas _no_vehiculos,Vehiculos automotores,Vehiculos estacionados,Condado,Nombre Condado,Ciudad,Nombre Ciudad,Mes,Nombre Mes,Dia,Año,Hora,Minuto,Calle,Ruta,Nombre Ruta,Rural o Urbanoo,Sistema Funcional,Dueño Calle,Sistema Nacional Carreteras,Jurisdiccion Especial,Milla,Latitud,Longitud,Causa del Accidente,Tipo de Accidente,Tipo Interseccion,Columna1,Lugar en la calle,Zona de Trabajo,Luz,Clima,Autobus Escolar,Cruce de Trenes,Hora Notificacion,Minuto Notificacion,Hora Llegada,Minuto Llegada,Decesos,Fecha,PersonaVehiculo
20,Kansas,200026,0,0,1,0,125,MONTGOMERY (125),0,NO APLICA,1,Enero,17,2022,9,30,US-160,2,US Highway,Rural,Arteria Menor,State Highway Agency,0,Sin jurisdiccion especial,4175,37.19373889,-95.52904722,Volcadura,El primer evento no fue una colision con un vehiculo automotor en transporte,Not an Intersection,No fue interseccion,Sobre el lado de la calle,Ninguna,Dia total,Despejado,No,NO APLICA,9,38,9,48,1,17/01/2022,1
20,Kansas,200027,0,0,1,0,139,OSAGE (139),0,NO APLICA,1,Enero,17,2022,14,24,SW WANAMAKER RD,8,Otro,Rural,Local,County Highway Agency,0,Sin jurisdiccion especial,99998,38.46814722,-95.76581111,Vehiculo Ferrocarril,El primer evento no fue una colision con un vehiculo automotor en transporte,Not an Intersection,No fue interseccion,Sobre calle,Ninguna,Dia total,Despejado,No,006272H,14,25,14,48,1,17/01/2022,1
20,Kansas,200028,0,0,3,0,111,LYON (111),0,NO APLICA,3,Marzo,6,2022,16,30,US-50,2,US Highway,Rural,Arteria Principal,State Highway Agency,1,Sin jurisdiccion especial,99998,38.40655833,-96.31812222,Vehiculo en movimiento,Angulo,Four-Way Intersection,Interseccion de 4 direcciones,Sobre calle,Ninguna,Dia total,Granizo,No,NO APLICA,16,44,17,7,2,06/03/2022,5
20,Kansas,200029,0,0,1,0,91,JOHNSON (91),3080,LENEXA,1,Enero,22,2022,2,22,I-435,1,Interestatal,Urbano,Interestatal,State Highway Agency,1,Sin jurisdiccion especial,99998,38.93647222,-94.74235833,Acotamiento,El primer evento no fue una colision con un vehiculo automotor en transporte,Not an Intersection,No fue interseccion,En el medio,Ninguna,Oscuro con iluminacion,No reportado,No,NO APLICA,2,23,2,31,1,22/01/2022,1
20,Kansas,200030,0,0,1,0,73,GREENWOOD (73),1740,EUREKA,3,Marzo,9,2022,15,29,130TH RD,8,Otro,Rural,Colector Mayor,County Highway Agency,0,Sin jurisdiccion especial,99998,37.79571111,-96.24731389,Puente de Ferrocarril,El primer evento no fue una colision con un vehiculo automotor en transporte,Not an Intersection,No fue interseccion,Sobre el lado de la calle,Ninguna,Dia total,No reportado,No,NO APLICA,15,29,15,32,1,09/03/2022,1
20,Kansas,200032,0,0,1,0,165,RUSH (165),0,NO APLICA,3,Marzo,19,2022,13,0,AVENUE X,8,Otro,Rural,Colector Mayor,County Highway Agency,0,Sin jurisdiccion especial,99998,38.36290833,-99.04411111,Zanja,El primer evento no fue una colision con un vehiculo automotor en transporte,Not an Intersection,No fue interseccion,Sobre el lado de la calle,Ninguna,Dia total,No reportado,No,NO APLICA,14,8,14,35,1,19/03/2022,1
20,Kansas,200033,0,0,2,0,57,FORD (57),0,NO APLICA,3,Marzo,12,2022,15,25,US-54,2,US Highway,Rural,Arteria Principal,State Highway Agency,1,Sin jurisdiccion especial,790,37.52151389,-99.767675,Vehiculo en movimiento,Frente a frente,Not an Intersection,No fue interseccion,Sobre calle,Ninguna,Dia total,Despejado,No,NO APLICA,15,26,15,50,3,12/03/2022,5
20,Kansas,200034,0,0,4,0,209,WYANDOTTE (209),2820,KANSAS CITY,1,Enero,30,2022,18,51,STATE AVE,6,Calle Local Municipalidad,Urbano,Arteria Menor,City or Municipal Highway Agency,0,Sin jurisdiccion especial,99998,39.11620833,-94.86791389,Vehiculo en movimiento,Frente a Detrás,Not an Intersection,No fue interseccion,Sobre calle,Ninguna,Oscuro con iluminacion,No reportado,No,NO APLICA,18,51,18,58,1,30/01/2022,7
20,Kansas,200035,0,0,2,0,155,RENO (155),0,NO APLICA,1,Enero,24,2022,21,53,S YODER RD,8,Otro,Rural,Arteria Menor,County Highway Agency,0,Sin jurisdiccion especial,99998,37.97338889,-97.86684167,Vehiculo en movimiento,Frente a Detrás,Not an Intersection,No fue interseccion,Sobre calle,Ninguna,Oscuro sin iluminacion,No reportado,No,NO APLICA,21,54,22,8,1,24/01/2022,2
20,Kansas,200036,0,0,2,0,209,WYANDOTTE (209),2820,KANSAS CITY,2,Febrero,25,2022,17,0,SR-32 KAW DR,3,Highway estatal,Urbano,Arteria Principal,State Highway Agency,1,Sin jurisdiccion especial,99998,39.08036389,-94.74739167,Vehiculo en movimiento,Angulo,Four-Way Intersection,Interseccion de 4 direcciones,Sobre calle,Ninguna,Dia total,No reportado,No,NO APLICA,17,1,17,10,1,25/02/2022,3
20,Kansas,200037,0,0,1,0,169,SALINE (169),0,NO APLICA,2,Febrero,19,2022,22,45,E MAGNOLIA RD,8,Otro,Rural,Colector Mayor,County Highway Agency,0,Sin jurisdiccion especial,99998,38.79829722,-97.51565,Barda,El primer evento no fue una colision con un vehiculo automotor en transporte,Not an Intersection,No fue interseccion,Fuera de la calle,Ninguna,Oscuro sin iluminacion,Despejado,No,NO APLICA,23,6,23,13,1,19/02/2022,1
20,Kansas,200038,0,0,2,0,25,CLARK (25),240,TOWNSHIP OF CENTER,3,Marzo,19,2022,16,17,W ROAD,8,Otro,Rural,Colector Mayor,County Highway Agency,0,Sin jurisdiccion especial,99998,37.15003611,-99.88880556,Vehiculo en movimiento,Angulo,Four-Way Intersection,Interseccion de 4 direcciones,Sobre calle,Ninguna,Dia total,No reportado,No,NO APLICA,14,20,14,30,1,19/03/2022,2
20,Kansas,200039,0,0,1,0,39,DECATUR (39),0,NO APLICA,1,Enero,13,2022,19,15,2400 RD,8,Otro,Rural,Colector Mayor,County Highway Agency,0,Sin jurisdiccion especial,99998,39.69358056,-100.2919611,Volcadura,El primer evento no fue una colision con un vehiculo automotor en transporte,Not an Intersection,No fue interseccion,Sobre el lado de la calle,Ninguna,Oscuro sin iluminacion,No reportado,No,NO APLICA,99,98,99,98,1,13/01/2022,1
20,Kansas,200040,0,0,1,0,81,HASKELL (81),5260,SUBLETTE,2,Febrero,3,2022,10,36,EDELLE AVE E,8,Otro,Rural,Colector Menor,County Highway Agency,0,Sin jurisdiccion especial,99998,37.47490556,-100.86205,Volcadura,El primer evento no fue una colision con un vehiculo automotor en transporte,Not an Intersection,No fue interseccion,Sobre el lado de la calle,Ninguna,Dia total,Nieve,No,NO APLICA,10,37,10,41,1,03/02/2022,2
20,Kansas,200041,1,1,1,0,209,WYANDOTTE (209),2820,KANSAS CITY,1,Enero,16,2022,21,50,BARNETT AVE,6,Calle Local Municipalidad,Urbano,Local,City or Municipal Highway Agency,0,Sin jurisdiccion especial,99998,39.11265278,-94.63318333,Peaton,El primer evento no fue una colision con un vehiculo automotor en transporte,Not an Intersection,No fue interseccion,Sobre calle,Ninguna,Oscuro con iluminacion,No reportado,No,NO APLICA,21,50,21,59,1,16/01/2022,1
20,Kansas,200042,1,1,1,0,209,WYANDOTTE (209),2820,KANSAS CITY,2,Febrero,1,2022,12,54,SR-5 LEAVENWORTH RD,3,Highway estatal,Urbano,Arteria Menor,State Highway Agency,0,Sin jurisdiccion especial,99998,39.14299167,-94.70673611,No vehiculo o remolque,El primer evento no fue una colision con un vehiculo automotor en transporte,Not an Intersection,No fue interseccion,Sobre calle,Ninguna,Dia total,No reportado,No,NO APLICA,12,54,12,57,1,01/02/2022,1
20,Kansas,200043,0,0,1,0,79,HARVEY (79),0,NO APLICA,1,Enero,22,2022,21,39,S WEST RD,8,Otro,Rural,Local,County Highway Agency,0,Sin jurisdiccion especial,99998,37.92451111,-97.39039167,Zanja,El primer evento no fue una colision con un vehiculo automotor en transporte,Not an Intersection,No fue interseccion,Sobre el lado de la calle,Ninguna,Oscuro sin iluminacion,No reportado,No,NO APLICA,21,40,21,43,1,22/01/2022,2
20,Kansas,200044,0,0,1,0,115,MARION (115),0,NO APLICA,2,Febrero,27,2022,3,50,INDIGO RD,8,Otro,Rural,Colector Mayor,County Highway Agency,0,Sin jurisdiccion especial,99998,38.26054167,-97.20661667,Zanja,El primer evento no fue una colision con un vehiculo automotor en transporte,Not an Intersection,No fue interseccion,Sobre el lado de la calle,Ninguna,Oscuro sin iluminacion,No reportado,No,NO APLICA,3,52,4,2,2,27/02/2022,3
20,Kansas,200045,1,1,1,0,173,SEDGWICK (173),5880,WICHITA,4,Abril,1,2022,20,24,I-35 KS TPK,1,Interestatal,Urbano,Interestatal,State Toll Road,1,Sin jurisdiccion especial,444,37.62514444,-97.29659444,Peaton,El primer evento no fue una colision con un vehiculo automotor en transporte,Not an Intersection,No fue interseccion,Sobre calle,Construccion,Oscuro sin iluminacion,Nublado,No,NO APLICA,20,25,20,30,1,01/04/2022,2
20,Kansas,200046,0,0,1,0,139,OSAGE (139),0,NO APLICA,2,Febrero,26,2022,99,99,S URISH RD,8,Otro,Rural,Colector Mayor,County Highway Agency,0,Sin jurisdiccion especial,99998,38.69998611,-95.77880556,Volcadura,El primer evento no fue una colision con un vehiculo automotor en transporte,Not an Intersection,No fue interseccion,Sobre el lado de la calle,Ninguna,Reportada como desconocida,No reportado,No,NO APLICA,99,99,99,99,1,26/02/2022,1
20,Kansas,200047,0,0,1,0,121,MIAMI (121),0,NO APLICA,3,Marzo,27,2022,9,56,W 355TH ST,8,Otro,Rural,Local,County Highway Agency,0,Sin jurisdiccion especial,99998,38.48415556,-94.97973889,Poste de Señal de trafico,El primer evento no fue una colision con un vehiculo automotor en transporte,Not an Intersection,No fue interseccion,Sobre el lado de la calle,Ninguna,Dia total,No reportado,No,NO APLICA,9,56,10,8,1,27/03/2022,1
20,Kansas,200048,0,0,2,0,185,STAFFORD (185),0,NO APLICA,3,Marzo,31,2022,7,25,US-281,2,US Highway,Rural,Arteria Principal,State Highway Agency,1,Sin jurisdiccion especial,826,38.05398056,-98.74754167,Vehiculo en movimiento,Frente a frente,Not an Intersection,No fue interseccion,Sobre calle,Ninguna,Amanecer,Soplando nieve,No,NO APLICA,7,31,7,41,1,31/03/2022,4
20,Kansas,200049,0,0,1,0,75,HAMILTON (75),0,NO APLICA,3,Marzo,24,2022,22,51,SR-27,3,Highway estatal,Rural,Arteria Menor,State Highway Agency,0,Sin jurisdiccion especial,740,37.96077778,-101.7576833,Volcadura,El primer evento no fue una colision con un vehiculo automotor en transporte,Not an Intersection,No fue interseccion,Sobre el lado de la calle,Ninguna,Oscuro con iluminacion,No reportado,No,NO APLICA,21,59,22,8,2,24/03/2022,3
20,Kansas,200050,0,0,1,0,161,RILEY (161),0,NO APLICA,3,Marzo,14,2022,14,56,32ND ST,8,Otro,Urbano,Local,County Highway Agency,0,Sin jurisdiccion especial,99998,39.11649444,-96.68411389,Acotamiento,El primer evento no fue una colision con un vehiculo automotor en transporte,Not an Intersection,No fue interseccion,Sobre el lado de la calle,Ninguna,Dia total,No reportado,No,NO APLICA,15,31,15,37,2,14/03/2022,2
20,Kansas,200051,0,1,2,1,209,WYANDOTTE (209),2820,KANSAS CITY,1,Enero,1,2022,1,50,I-435,1,Interestatal,Urbano,Interestatal,State Highway Agency,1,Sin jurisdiccion especial,154,39.14056944,-94.8199,Vehiculo Funcionando,El primer evento no fue una colision con un vehiculo automotor en transporte,Not an Intersection,No fue interseccion,Sobre calle,Ninguna,Oscuro sin iluminacion,Nublado,No,NO APLICA,99,99,99,99,1,01/01/2022,1
20,Kansas,200052,0,0,1,0,205,WILSON (205),0,NO APLICA,3,Marzo,25,2022,22,25,CHASE RD,8,Otro,Rural,Local,County Highway Agency,0,Sin jurisdiccion especial,99998,37.49014722,-95.92593333,Alguien se cayo/avento del vehiculo,El primer evento no fue una colision con un vehiculo automotor en transporte,Not an Intersection,No fue interseccion,Sobre calle,Ninguna,Oscuro sin iluminacion,No reportado,No,NO APLICA,22,30,23,7,1,25/03/2022,2
20,Kansas,200053,0,0,1,0,169,SALINE (169),4900,SALINA,3,Marzo,31,2022,7,46,I-70,1,Interestatal,Urbano,Interestatal,State Highway Agency,1,Sin jurisdiccion especial,2527,38.87648333,-97.61115556,Valla Ferrocarril,El primer evento no fue una colision con un vehiculo automotor en transporte,Not an Intersection,No fue interseccion,En el medio,Ninguna,Dia total,Nieve,No,NO APLICA,7,47,8,3,1,31/03/2022,1
20,Kansas,200054,0,0,1,0,177,SHAWNEE (177),0,NO APLICA,4,Abril,3,2022,0,15,SE RATNER RD,8,Otro,Rural,Colector Mayor,County Highway Agency,0,Sin jurisdiccion especial,99998,38.91693611,-95.57653333,Zanja,El primer evento no fue una colision con un vehiculo automotor en transporte,Not an Intersection,No fue interseccion,Sobre el lado de la calle,Ninguna,Oscuro sin iluminacion,No reportado,No,NO APLICA,88,88,88,88,1,03/04/2022,2
20,Kansas,200055,0,0,2,0,45,DOUGLAS (45),3010,LAWRENCE,4,Abril,8,2022,18,38,BOB BILLINGS PKWY,8,Otro,Urbano,Arteria Menor,County Highway Agency,0,Sin jurisdiccion especial,99998,38.95955556,-95.33308889,Vehiculo en movimiento,Angulo,Four-Way Intersection,Interseccion de 4 direcciones,Sobre calle,Ninguna,Dia total,Nublado,No,NO APLICA,18,39,18,43,1,08/04/2022,2
20,Kansas,200057,0,0,2,0,173,SEDGWICK (173),5880,WICHITA,3,Marzo,29,2022,7,16,I-35,1,Interestatal,Urbano,Interestatal,State Highway Agency,1,Sin jurisdiccion especial,434,37.61560278,-97.30818056,Vehiculo en movimiento,Angulo,Not an Intersection,No fue interseccion,Sobre calle,Mantenimiento,Amanecer,Nublado,No,NO APLICA,7,20,7,29,1,29/03/2022,2
20,Kansas,200059,0,0,1,0,113,MCPHERSON (113),3430,MCPHERSON,3,Marzo,16,2022,15,45,US-56,2,US Highway,Urbano,Arteria Principal,State Highway Agency,1,Sin jurisdiccion especial,99998,38.369425,-97.680775,Volcadura,El primer evento no fue una colision con un vehiculo automotor en transporte,Not an Intersection,No fue interseccion,Sobre calle,Ninguna,Dia total,Despejado,No,NO APLICA,15,46,15,49,1,16/03/2022,1
20,Kansas,200061,0,0,1,0,13,BROWN (13),0,NO APLICA,3,Marzo,26,2022,11,12,US-73,2,US Highway,Rural,Arteria Menor,State Highway Agency,0,Sin jurisdiccion especial,99998,39.70645278,-95.52724167,Volcadura,El primer evento no fue una colision con un vehiculo automotor en transporte,Not an Intersection,No fue interseccion,Sobre el lado de la calle,Ninguna,Dia total,No reportado,No,NO APLICA,11,19,99,99,1,26/03/2022,3
20,Kansas,200062,0,0,2,0,59,FRANKLIN (59),0,NO APLICA,4,Abril,11,2022,13,38,VERMONT RD,8,Otro,Rural,Colector Mayor,County Highway Agency,0,Sin jurisdiccion especial,99998,38.49177222,-95.10284722,Volcadura,El primer evento no fue una colision con un vehiculo automotor en transporte,Not an Intersection,No fue interseccion,Sobre calle,Ninguna,Dia total,No reportado,No,NO APLICA,13,41,14,0,1,11/04/2022,2
20,Kansas,200063,0,0,2,0,113,MCPHERSON (113),3430,MCPHERSON,3,Marzo,2,2022,14,28,N MAIN ST,6,Calle Local Municipalidad,Urbano,Arteria Menor,City or Municipal Highway Agency,0,Sin jurisdiccion especial,99998,38.38559722,-97.66688056,Vehiculo en movimiento,Angulo,T-Intersection,Interseccion de T,Sobre calle,Ninguna,Dia total,Nublado,No,NO APLICA,14,28,14,31,1,02/03/2022,3
20,Kansas,200064,0,0,2,0,123,MITCHELL (123),0,NO APLICA,2,Febrero,24,2022,12,3,SR-9,3,Highway estatal,Rural,Colector Mayor,State Highway Agency,0,Sin jurisdiccion especial,1400,39.48096944,-98.004025,Vehiculo en movimiento,Angulo,Not an Intersection,No fue interseccion,Sobre calle,Ninguna,Dia total,Nublado,No,NO APLICA,12,8,12,16,1,24/02/2022,2
20,Kansas,200065,0,0,3,0,173,SEDGWICK (173),5880,WICHITA,3,Marzo,12,2022,22,15,US-54 W KELLOGG ST,2,US Highway,Urbano,Arterial Principal -Freeway o ExpressWay,State Highway Agency,1,Sin jurisdiccion especial,99998,37.67669167,-97.35412222,Vehiculo en movimiento,Golpe Lateral - misma direccion,Not an Intersection,No fue interseccion,Sobre calle,Ninguna,Oscuro con iluminacion,No reportado,No,NO APLICA,22,15,22,23,1,12/03/2022,4
20,Kansas,200067,0,0,1,0,91,JOHNSON (91),4140,OLATHE,5,Mayo,18,2022,8,45,HEDGE LN,8,Otro,Urbano,Local,County Highway Agency,0,Sin jurisdiccion especial,99998,38.82176667,-94.85329444,Arbol,El primer evento no fue una colision con un vehiculo automotor en transporte,Not an Intersection,No fue interseccion,Sobre el lado de la calle,Ninguna,Dia total,No reportado,No,NO APLICA,9,3,9,10,1,18/05/2022,1
20,Kansas,200068,0,0,2,0,45,DOUGLAS (45),0,NO APLICA,5,Mayo,14,2022,17,19,CR-1057,4,Calle del Condado,Urbano,Colector Mayor,County Highway Agency,0,Sin jurisdiccion especial,0,38.93433889,-95.14918889,Vehiculo en movimiento,Angulo,Four-Way Intersection,Interseccion de 4 direcciones,Sobre calle,Ninguna,Atardecer,No reportado,No,NO APLICA,17,19,17,26,1,14/05/2022,3
20,Kansas,200069,0,0,1,0,99,LABETTE (99),0,NO APLICA,5,Mayo,9,2022,19,0,US-160,2,US Highway,Rural,Arteria Menor,State Highway Agency,0,Sin jurisdiccion especial,4230,37.19279722,-95.43025556,Volcadura,El primer evento no fue una colision con un vehiculo automotor en transporte,Not an Intersection,No fue interseccion,Sobre el lado de la calle,Ninguna,Dia total,No reportado,No,NO APLICA,19,39,19,57,1,09/05/2022,1
20,Kansas,200070,0,0,1,0,53,ELLSWORTH (53),0,NO APLICA,4,Abril,3,2022,4,0,I-70,1,Interestatal,Rural,Interestatal,State Highway Agency,1,Sin jurisdiccion especial,0,38.85941667,-98.1084,Valla Ferrocarril,El primer evento no fue una colision con un vehiculo automotor en transporte,Not an Intersection,No fue interseccion,En el medio,Ninguna,Oscuro sin iluminacion,No reportado,No,NO APLICA,4,8,4,25,1,03/04/2022,2
20,Kansas,200071,0,0,1,0,91,JOHNSON (91),5090,SHAWNEE,4,Abril,10,2022,6,30,SHAWNEE MISSION PKWY,6,Calle Local Municipalidad,Urbano,Arteria Menor,City or Municipal Highway Agency,0,Sin jurisdiccion especial,0,39.00950833,-94.75542778,Poste,El primer evento no fue una colision con un vehiculo automotor en transporte,Not an Intersection,No fue interseccion,Sobre el lado de la calle,Ninguna,Dia total,No reportado,No,NO APLICA,6,37,6,42,1,10/04/2022,1
20,Kansas,200072,0,0,2,0,91,JOHNSON (91),4285,OVERLAND PARK,3,Marzo,22,2022,20,12,US-69 METCALF AVE,2,US Highway,Urbano,Arterial Principal -Freeway o ExpressWay,State Highway Agency,1,Sin jurisdiccion especial,99998,39.03723056,-94.67088056,Vehiculo en movimiento,Angulo,Four-Way Intersection,Interseccion de 4 direcciones,Sobre calle,Ninguna,Oscuro sin iluminacion,lluvia,No,NO APLICA,99,99,99,99,1,22/03/2022,3
20,Kansas,200073,0,0,2,0,15,BUTLER (15),0,NO APLICA,4,Abril,4,2022,11,0,SW 150TH ST,8,Otro,Rural,Colector Mayor,County Highway Agency,0,Sin jurisdiccion especial,99998,37.60679722,-97.04377222,Vehiculo en movimiento,Angulo,Four-Way Intersection,Interseccion de 4 direcciones,Sobre calle,Ninguna,Dia total,No reportado,No,NO APLICA,99,99,99,99,2,04/04/2022,2
20,Kansas,200074,0,0,1,0,15,BUTLER (15),0,NO APLICA,4,Abril,13,2022,17,29,COLE CREEK,8,Otro,Rural,Colector Mayor,County Highway Agency,0,Sin jurisdiccion especial,99998,37.53546389,-96.77046111,Zanja,El primer evento no fue una colision con un vehiculo automotor en transporte,Not an Intersection,No fue interseccion,Sobre el lado de la calle,Ninguna,Dia total,No reportado,No,NO APLICA,17,34,17,58,1,13/04/2022,1
20,Kansas,200075,0,0,1,0,121,MIAMI (121),633,BUCYRUS,4,Abril,20,2022,16,37,MAIN ST,8,Otro,Rural,Colector Mayor,County Highway Agency,0,Sin jurisdiccion especial,0,38.72368333,-94.71695,Zanja,El primer evento no fue una colision con un vehiculo automotor en transporte,Not an Intersection,No fue interseccion,Sobre el lado de la calle,Ninguna,Dia total,lluvia,No,423017X,16,39,16,50,1,20/04/2022,1
20,Kansas,200076,0,0,1,0,107,LINN (107),0,NO APLICA,2,Febrero,18,2022,11,10,US-69,2,US Highway,Rural,Arterial Principal -Freeway o ExpressWay,State Highway Agency,1,Sin jurisdiccion especial,947,38.12025278,-94.71313889,Zanja,El primer evento no fue una colision con un vehiculo automotor en transporte,Not an Intersection,No fue interseccion,Sobre el lado de la calle,Ninguna,Dia total,No reportado,No,NO APLICA,11,17,11,26,4,18/02/2022,4
20,Kansas,200077,0,0,1,0,113,MCPHERSON (113),0,NO APLICA,1,Enero,1,2022,16,1,I-135,1,Interestatal,Rural,Interestatal,State Highway Agency,1,Sin jurisdiccion especial,454,38.19608611,-97.48053889,Volcadura,El primer evento no fue una colision con un vehiculo automotor en transporte,Not an Intersection,No fue interseccion,Sobre el lado de la calle,Ninguna,Dia total,Soplando nieve,No,NO APLICA,16,3,16,15,1,01/01/2022,4
20,Kansas,200078,0,0,2,0,1,ALLEN (1),0,NO APLICA,3,Marzo,14,2022,6,32,US-169,2,US Highway,Rural,Arteria Principal,State Highway Agency,1,Sin jurisdiccion especial,620,37.82302778,-95.4097,Vehiculo en movimiento,Frente a frente,Not an Intersection,No fue interseccion,Sobre calle,Ninguna,Amanecer,Despejado,No,NO APLICA,6,42,6,52,2,14/03/2022,4
20,Kansas,200079,0,0,1,0,147,PHILLIPS (147),0,NO APLICA,4,Abril,14,2022,7,40,CR-1000,4,Calle del Condado,Rural,Local,County Highway Agency,0,Sin jurisdiccion especial,0,39.767525,-99.51566667,Volcadura,El primer evento no fue una colision con un vehiculo automotor en transporte,Not an Intersection,No fue interseccion,Sobre calle,Ninguna,Dia total,No reportado,No,NO APLICA,7,51,8,0,1,14/04/2022,1
20,Kansas,200080,0,0,2,0,91,JOHNSON (91),3080,LENEXA,4,Abril,10,2022,1,51,I-35,1,Interestatal,Urbano,Interestatal,State Highway Agency,1,Sin jurisdiccion especial,2254,38.97236111,-94.71751944,Vehiculo en movimiento,Frente a Detrás,Not an Intersection,No fue interseccion,Sobre calle,Ninguna,Oscuro con iluminacion,No reportado,No,NO APLICA,1,57,2,2,1,10/04/2022,4
20,Kansas,200082,0,0,2,0,173,SEDGWICK (173),0,NO APLICA,4,Abril,9,2022,8,11,W 85TH,8,Otro,Rural,Colector Mayor,County Highway Agency,0,Sin jurisdiccion especial,0,37.83952778,-97.42700556,Vehiculo en movimiento,Angulo,Four-Way Intersection,Interseccion de 4 direcciones,Sobre calle,Ninguna,Dia total,No reportado,No,NO APLICA,8,11,8,26,1,09/04/2022,2
20,Kansas,200083,0,0,2,0,13,BROWN (13),0,NO APLICA,4,Abril,5,2022,6,58,170TH RD,8,Otro,Rural,Colector Mayor,County Highway Agency,0,Sin jurisdiccion especial,0,39.75428056,-95.63910833,Vehiculo en movimiento,Angulo,Four-Way Intersection,Interseccion de 4 direcciones,Sobre calle,Ninguna,Dia total,Vientos cruzados pero de los mamalones,No,NO APLICA,7,4,7,20,2,05/04/2022,4
20,Kansas,200084,0,0,2,0,59,FRANKLIN (59),0,NO APLICA,4,Abril,28,2022,4,47,US-59,2,US Highway,Rural,Arteria Principal,State Highway Agency,1,Sin jurisdiccion especial,1203,38.466875,-95.25869444,Vehiculo en movimiento,Angulo,Not an Intersection,No fue interseccion,Sobre calle,Ninguna,Oscuro sin iluminacion,No reportado,No,NO APLICA,4,26,4,40,1,28/04/2022,2
20,Kansas,200085,0,0,1,0,139,OSAGE (139),4280,OVERBROOK,4,Abril,24,2022,4,0,SHAWNEE HEIGHTS RD,8,Otro,Rural,Colector Mayor,County Highway Agency,0,Sin jurisdiccion especial,99998,38.85121111,-95.55661944,Volcadura,El primer evento no fue una colision con un vehiculo automotor en transporte,Not an Intersection,No fue interseccion,Sobre el lado de la calle,Ninguna,Oscuro sin iluminacion,Nublado,No,NO APLICA,4,21,4,38,1,24/04/2022,2
20,Kansas,200086,0,0,5,0,155,RENO (155),0,NO APLICA,2,Febrero,4,2022,16,8,SR-14,3,Highway estatal,Rural,Arteria Principal,State Highway Agency,1,Sin jurisdiccion especial,1082,38.10971111,-98.02854722,Vehiculo en movimiento,Frente a Detrás,T-Intersection,Interseccion de T,Sobre calle,Ninguna,Dia total,No reportado,No,NO APLICA,16,11,16,22,2,04/02/2022,11
20,Kansas,200087,0,0,2,0,35,COWLEY (35),0,NO APLICA,4,Abril,15,2022,12,40,US-77,2,US Highway,Urbano,Arterial Principal -Freeway o ExpressWay,State Highway Agency,1,Sin jurisdiccion especial,151,37.20515,-97.00539444,Vehiculo en movimiento,Angulo,Four-Way Intersection,Interseccion de 4 direcciones,Sobre calle,Ninguna,Dia total,No reportado,No,NO APLICA,12,44,12,47,1,15/04/2022,2
20,Kansas,200088,0,0,1,0,191,SUMNER (191),0,NO APLICA,5,Mayo,19,2022,14,44,I-035,1,Interestatal,Rural,Interestatal,State Toll Road,1,Sin jurisdiccion especial,44,37.05831111,-97.33831944,Barrera de Trafico de Concreto,El primer evento no fue una colision con un vehiculo automotor en transporte,Not an Intersection,No fue interseccion,En el medio,Ninguna,Dia total,No reportado,No,NO APLICA,15,3,15,6,1,19/05/2022,1
20,Kansas,200089,0,0,1,0,55,FINNEY (55),0,NO APLICA,5,Mayo,13,2022,14,1,HOLCOMB LN,8,Otro,Rural,Colector Mayor,County Highway Agency,0,Sin jurisdiccion especial,99998,37.93833611,-100.9933444,Barda,El primer evento no fue una colision con un vehiculo automotor en transporte,Not an Intersection,No fue interseccion,Sobre el lado de la calle,Ninguna,Dia total,Despejado,No,NO APLICA,14,48,15,0,1,13/05/2022,1
20,Kansas,200090,0,0,1,0,55,FINNEY (55),0,NO APLICA,5,Mayo,15,2022,21,45,PIERCEVILLE RD,8,Otro,Rural,Colector Mayor,County Highway Agency,0,Sin jurisdiccion especial,99998,37.81031944,-100.6876194,Animal vivo,El primer evento no fue una colision con un vehiculo automotor en transporte,Not an Intersection,No fue interseccion,Sobre calle,Ninguna,Oscuro sin iluminacion,Nublado,No,NO APLICA,21,54,22,18,1,15/05/2022,1
20,Kansas,200091,0,0,2,0,203,WICHITA (203),0,NO APLICA,5,Mayo,17,2022,16,55,CR-H,4,Calle del Condado,Rural,Colector Mayor,County Highway Agency,0,Sin jurisdiccion especial,99998,38.59812222,-101.3128889,Vehiculo en movimiento,Angulo,Four-Way Intersection,Interseccion de 4 direcciones,Sobre calle,Ninguna,Dia total,Despejado,No,NO APLICA,99,99,99,99,2,17/05/2022,2
20,Kansas,200092,0,0,1,0,167,RUSSELL (167),0,NO APLICA,5,Mayo,18,2022,1,30,US-281,2,US Highway,Rural,Arteria Menor,State Highway Agency,0,Sin jurisdiccion especial,1498,38.96961667,-98.85433611,Arbol,El primer evento no fue una colision con un vehiculo automotor en transporte,Not an Intersection,No fue interseccion,Sobre el lado de la calle,Ninguna,Oscuro sin iluminacion,Reportado como desconocido,No,NO APLICA,5,15,5,25,1,18/05/2022,1
20,Kansas,200093,0,0,1,0,7,BARBER (7),0,NO APLICA,5,Mayo,12,2022,10,1,MCADOO RD,8,Otro,Rural,Local,County Highway Agency,0,Sin jurisdiccion especial,99998,37.42696111,-98.81146111,Barda,El primer evento no fue una colision con un vehiculo automotor en transporte,Not an Intersection,No fue interseccion,Sobre el lado de la calle,Ninguna,Dia total,Despejado,No,NO APLICA,10,14,10,39,1,12/05/2022,1