Estado,Nombre de Estado,Numero de Caso,Peatones,Personas _no_vehiculos,Vehiculos automotores,Vehiculos estacionados,Condado,Nombre Condado,Ciudad,Nombre Ciudad,Mes,Nombre Mes,Dia,Año,Hora,Minuto,Calle,Ruta,Nombre Ruta,Rural o Urbanoo,Sistema Funcional,Dueño Calle,Sistema Nacional Carreteras,Jurisdiccion Especial,Milla,Latitud,Longitud,Causa del Accidente,Tipo de Accidente,Tipo Interseccion,Columna1,Lugar en la calle,Zona de Trabajo,Luz,Clima,Autobus Escolar,Cruce de Trenes,Hora Notificacion,Minuto Notificacion,Hora Llegada,Minuto Llegada,Decesos,Fecha,PersonaVehiculo
20,Kansas,200094,0,0,2,0,167,RUSSELL (167),0,NO APLICA,5,Mayo,28,2022,15,18,I-70,1,Interestatal,Rural,Interestatal,State Highway Agency,1,Sin jurisdiccion especial,1869,38.85920556,-98.81866111,Vehiculo en movimiento,Frente a frente,Not an Intersection,No fue interseccion,Sobre calle,Ninguna,Dia total,Despejado,No,NO APLICA,15,99,15,25,1,28/05/2022,2
20,Kansas,200095,0,0,1,0,91,JOHNSON (91),3705,MISSION,5,Mayo,29,2022,0,35,I-35,1,Interestatal,Urbano,Interestatal,State Highway Agency,1,Sin jurisdiccion especial,2310,39.04155278,-94.67255278,Poste de Señal de trafico,El primer evento no fue una colision con un vehiculo automotor en transporte,Not an Intersection,No fue interseccion,Sobre el lado de la calle,Ninguna,Oscuro sin iluminacion,No reportado,No,NO APLICA,0,44,0,51,1,29/05/2022,2
20,Kansas,200096,0,0,2,0,149,POTTAWATOMIE (149),0,NO APLICA,5,Mayo,13,2022,8,37,US-24,2,US Highway,Rural,Arteria Principal,State Highway Agency,1,Sin jurisdiccion especial,3235,39.20045556,-96.44012778,Vehiculo en movimiento,Angulo,Four-Way Intersection,Interseccion de 4 direcciones,Sobre calle,Ninguna,Dia total,Nublado,No,NO APLICA,8,38,8,54,1,13/05/2022,2
20,Kansas,200097,0,0,2,0,83,HODGEMAN (83),0,NO APLICA,5,Mayo,16,2022,18,46,210 RD,8,Otro,Rural,Colector Mayor,County Highway Agency,0,Sin jurisdiccion especial,0,37.91601944,-100.0458,Vehiculo en movimiento,Frente a frente,Not an Intersection,No fue interseccion,Sobre calle,Ninguna,Dia total,No reportado,No,NO APLICA,18,53,19,0,1,16/05/2022,4
20,Kansas,200098,0,0,2,0,209,WYANDOTTE (209),2820,KANSAS CITY,5,Mayo,26,2022,16,50,I-635,1,Interestatal,Urbano,Interestatal,State Highway Agency,1,Sin jurisdiccion especial,49,39.10789722,-94.67927778,Vehiculo en movimiento,Angulo,Not an Intersection,No fue interseccion,Sobre calle,Ninguna,Dia total,Nublado,No,NO APLICA,16,52,16,58,1,26/05/2022,4
20,Kansas,200099,0,0,2,0,113,MCPHERSON (113),0,NO APLICA,5,Mayo,10,2022,12,23,US-56,2,US Highway,Rural,Arteria Menor,State Highway Agency,0,Sin jurisdiccion especial,2702,38.37675278,-97.594925,Vehiculo en movimiento,Frente a frente,Not an Intersection,No fue interseccion,Sobre calle,Ninguna,Dia total,Despejado,No,NO APLICA,12,25,12,33,1,10/05/2022,2
20,Kansas,200100,0,0,2,0,119,MEADE (119),4469,PLAINS,5,Mayo,24,2022,17,49,US-160,2,US Highway,Rural,Arteria Menor,State Highway Agency,0,Sin jurisdiccion especial,1010,37.27151111,-100.5988194,Vehiculo en movimiento,Angulo,Four-Way Intersection,Interseccion de 4 direcciones,Sobre calle,Ninguna,Dia total,lluvia,No,NO APLICA,19,54,20,9,1,24/05/2022,2
20,Kansas,200101,0,0,1,0,137,NORTON (137),0,NO APLICA,6,Junio,11,2022,1,30,SR-9,3,Highway estatal,Rural,Colector Mayor,State Highway Agency,0,Sin jurisdiccion especial,366,39.64904722,-99.76844167,Otro objeto (fijo),El primer evento no fue una colision con un vehiculo automotor en transporte,Not an Intersection,No fue interseccion,Sobre el lado de la calle,Ninguna,Oscuro sin iluminacion,No reportado,No,NO APLICA,5,44,6,5,1,11/06/2022,1
20,Kansas,200102,0,0,1,0,87,JEFFERSON (87),0,NO APLICA,5,Mayo,14,2022,4,20,SR-4,3,Highway estatal,Rural,Arteria Principal,State Highway Agency,1,Sin jurisdiccion especial,3454,39.20956944,-95.53407222,Volcadura,El primer evento no fue una colision con un vehiculo automotor en transporte,Not an Intersection,No fue interseccion,Sobre el lado de la calle,Ninguna,Oscuro sin iluminacion,Despejado,No,NO APLICA,6,14,6,21,1,14/05/2022,1
20,Kansas,200103,0,0,1,0,139,OSAGE (139),0,NO APLICA,5,Mayo,3,2022,20,25,SHAWNEE HEIGHTS RD,8,Otro,Rural,Colector Mayor,County Highway Agency,0,Sin jurisdiccion especial,0,38.83378056,-95.55616667,Volcadura,El primer evento no fue una colision con un vehiculo automotor en transporte,Not an Intersection,No fue interseccion,Sobre el lado de la calle,Ninguna,Oscuro sin iluminacion,Nublado,No,NO APLICA,20,26,20,39,1,03/05/2022,1
20,Kansas,200104,0,0,2,0,51,ELLIS (51),2390,HAYS,5,Mayo,15,2022,10,38,HALL ST,6,Calle Local Municipalidad,Urbano,Arteria Menor,City or Municipal Highway Agency,0,Sin jurisdiccion especial,0,38.87641389,-99.33637222,Vehiculo en movimiento,Frente a frente,Four-Way Intersection,Interseccion de 4 direcciones,Sobre calle,Ninguna,Dia total,No reportado,No,NO APLICA,10,38,10,46,1,15/05/2022,2
20,Kansas,200105,0,0,2,0,17,CHASE (17),0,NO APLICA,3,Marzo,26,2022,21,55,US-50,2,US Highway,Rural,Arteria Principal,State Highway Agency,1,Sin jurisdiccion especial,3312,38.40547222,-96.47033611,Vehiculo en movimiento,Frente a frente,Not an Intersection,No fue interseccion,Sobre calle,Ninguna,Oscuro sin iluminacion,Despejado,No,NO APLICA,99,99,99,99,1,26/03/2022,2
20,Kansas,200106,0,0,1,0,169,SALINE (169),4900,SALINA,5,Mayo,13,2022,20,3,CANTERBURY DR,6,Calle Local Municipalidad,Urbano,Local,City or Municipal Highway Agency,0,Sin jurisdiccion especial,0,38.77715278,-97.62599167,Volcadura,El primer evento no fue una colision con un vehiculo automotor en transporte,Four-Way Intersection,Interseccion de 4 direcciones,Sobre calle,Ninguna,Atardecer,No reportado,No,NO APLICA,20,3,20,7,1,13/05/2022,1
20,Kansas,200107,0,0,1,0,121,MIAMI (121),4320,PAOLA,5,Mayo,16,2022,20,14,US-169,2,US Highway,Urbano,Arterial Principal -Freeway o ExpressWay,State Highway Agency,1,Sin jurisdiccion especial,1310,38.58524167,-94.83502222,Soporte de Puente,El primer evento no fue una colision con un vehiculo automotor en transporte,Not an Intersection,No fue interseccion,Sobre el lado de la calle,Ninguna,Atardecer,No reportado,No,NO APLICA,20,13,20,22,1,16/05/2022,1
20,Kansas,200108,0,0,1,0,91,JOHNSON (91),4285,OVERLAND PARK,5,Mayo,5,2022,12,4,SR-69,3,Highway estatal,Urbano,Arterial Principal -Freeway o ExpressWay,State Highway Agency,1,Sin jurisdiccion especial,1340,38.80218333,-94.67538333,Valla Ferrocarril,El primer evento no fue una colision con un vehiculo automotor en transporte,Not an Intersection,No fue interseccion,Sobre el lado de la calle,Ninguna,Dia total,No reportado,No,NO APLICA,12,5,12,10,1,05/05/2022,1
20,Kansas,200109,0,0,2,0,95,KINGMAN (95),0,NO APLICA,6,Junio,8,2022,12,45,US-54,2,US Highway,Rural,Arterial Principal -Freeway o ExpressWay,State Highway Agency,1,Sin jurisdiccion especial,99998,37.64539167,-98.24596111,Vehiculo en movimiento,Angulo,Four-Way Intersection,Interseccion de 4 direcciones,Sobre calle,Ninguna,Dia total,No reportado,No,NO APLICA,12,46,12,51,1,08/06/2022,3
20,Kansas,200110,0,0,1,0,91,JOHNSON (91),4140,OLATHE,6,Junio,13,2022,23,18,119TH ST,6,Calle Local Municipalidad,Urbano,Arteria Menor,City or Municipal Highway Agency,0,Sin jurisdiccion especial,0,38.91300556,-94.76943333,Banqueta,El primer evento no fue una colision con un vehiculo automotor en transporte,Not an Intersection,No fue interseccion,Sobre el lado de la calle,Ninguna,Oscuro con iluminacion,Despejado,No,NO APLICA,23,21,23,25,1,13/06/2022,1
20,Kansas,200111,0,0,1,0,91,JOHNSON (91),4285,OVERLAND PARK,6,Junio,10,2022,14,12,MISSION RD,6,Calle Local Municipalidad,Urbano,Colector Mayor,City or Municipal Highway Agency,0,Sin jurisdiccion especial,0,38.83154722,-94.629925,Culvert,El primer evento no fue una colision con un vehiculo automotor en transporte,Not an Intersection,No fue interseccion,Sobre el lado de la calle,Ninguna,Dia total,No reportado,No,NO APLICA,14,15,14,22,1,10/06/2022,1
20,Kansas,200112,0,0,2,0,177,SHAWNEE (177),0,NO APLICA,6,Junio,17,2022,19,29,US-40,2,US Highway,Rural,Arteria Menor,State Highway Agency,0,Sin jurisdiccion especial,3648,39.04420833,-95.55348333,Vehiculo en movimiento,Frente a frente,Not an Intersection,No fue interseccion,Sobre calle,Ninguna,Dia total,Despejado,No,NO APLICA,19,29,19,41,2,17/06/2022,3
20,Kansas,200113,0,0,2,0,11,BOURBON (11),1830,FORT SCOTT,3,Marzo,15,2022,14,10,US-69,2,US Highway,Urbano,Arterial Principal -Freeway o ExpressWay,State Highway Agency,1,Sin jurisdiccion especial,659,37.839175,-94.70290833,Vehiculo en movimiento,Golpe Lateral - misma direccion,Four-Way Intersection,Interseccion de 4 direcciones,Sobre calle,Ninguna,Dia total,Despejado,No,NO APLICA,14,11,14,15,1,15/03/2022,2
20,Kansas,200115,0,0,2,0,103,LEAVENWORTH (103),0,NO APLICA,6,Junio,19,2022,21,5,EISENHOWER RD,8,Otro,Rural,Colector Mayor,County Highway Agency,0,Sin jurisdiccion especial,0,39.26013889,-95.00295,Vehiculo en movimiento,Angulo,Not an Intersection,No fue interseccion,Sobre calle,Ninguna,Oscuro sin iluminacion,No reportado,No,NO APLICA,21,12,21,18,1,19/06/2022,3
20,Kansas,200117,0,0,2,0,155,RENO (155),0,NO APLICA,3,Marzo,25,2022,14,50,E 56TH AVE,8,Otro,Rural,Colector Mayor,County Highway Agency,0,Sin jurisdiccion especial,99998,38.11568889,-97.88531667,Vehiculo en movimiento,Frente a frente,Four-Way Intersection,Interseccion de 4 direcciones,Sobre calle,Ninguna,Dia total,No reportado,No,NO APLICA,14,54,15,26,1,25/03/2022,3
20,Kansas,200118,0,0,2,0,177,SHAWNEE (177),0,NO APLICA,6,Junio,13,2022,15,40,SR-4,3,Highway estatal,Urbano,Arteria Principal,State Highway Agency,1,Sin jurisdiccion especial,3365,88.8888,888.8888,Vehiculo en movimiento,Frente a frente,Not an Intersection,No fue interseccion,Sobre calle,Ninguna,Dia total,Despejado,No,NO APLICA,15,44,15,56,2,13/06/2022,3
20,Kansas,200119,0,0,1,0,177,SHAWNEE (177),5400,TOPEKA,3,Marzo,19,2022,20,5,SE MARYLAND AVE,6,Calle Local Municipalidad,Urbano,Local,City or Municipal Highway Agency,0,Sin jurisdiccion especial,99998,39.01949167,-95.66613056,Arbol,El primer evento no fue una colision con un vehiculo automotor en transporte,Not an Intersection,No fue interseccion,Sobre el lado de la calle,Ninguna,Oscuro sin iluminacion,No reportado,No,NO APLICA,20,10,20,18,1,19/03/2022,1
20,Kansas,200120,1,1,1,0,91,JOHNSON (91),1340,DE SOTO,6,Junio,3,2022,17,57,CR-LEXINGTON AVE,4,Calle del Condado,Rural,Arteria Menor,City or Municipal Highway Agency,0,Sin jurisdiccion especial,99998,38.97433611,-94.96905833,Ciclista,El primer evento no fue una colision con un vehiculo automotor en transporte,T-Intersection,Interseccion de T,Sobre calle,Ninguna,Dia total,No reportado,No,NO APLICA,18,1,18,6,1,03/06/2022,1
20,Kansas,200121,0,0,3,0,209,WYANDOTTE (209),2820,KANSAS CITY,3,Marzo,18,2022,7,38,I-70,1,Interestatal,Urbano,Interestatal,State Highway Agency,1,Sin jurisdiccion especial,4126,39.10545556,-94.79586389,Vehiculo en movimiento,Golpe Lateral - misma direccion,Not an Intersection,No fue interseccion,Sobre calle,Ninguna,Dia total,lluvia,No,NO APLICA,7,43,7,54,1,18/03/2022,3
20,Kansas,200122,0,0,1,0,149,POTTAWATOMIE (149),0,NO APLICA,6,Junio,2,2022,10,45,MILITARY TRAIL,8,Otro,Rural,Colector Mayor,County Highway Agency,0,Sin jurisdiccion especial,99998,39.18254722,-96.36442778,Arbol,El primer evento no fue una colision con un vehiculo automotor en transporte,Not an Intersection,No fue interseccion,Sobre el lado de la calle,Ninguna,Dia total,Despejado,No,NO APLICA,10,49,10,55,1,02/06/2022,3
20,Kansas,200123,1,1,1,0,173,SEDGWICK (173),5880,WICHITA,4,Abril,25,2022,21,26,E 31ST ST,8,Otro,Urbano,Colector Menor,County Highway Agency,0,Sin jurisdiccion especial,99998,37.63565833,-97.19701667,Peaton,El primer evento no fue una colision con un vehiculo automotor en transporte,Not an Intersection,No fue interseccion,Sobre calle,Ninguna,Oscuro sin iluminacion,No reportado,No,NO APLICA,21,26,99,97,1,25/04/2022,1
20,Kansas,200124,0,0,1,0,185,STAFFORD (185),0,NO APLICA,6,Junio,7,2022,18,45,NW 10TH AVE,8,Otro,Rural,Local,County Highway Agency,0,Sin jurisdiccion especial,99998,38.07282222,-98.76600833,Acotamiento,El primer evento no fue una colision con un vehiculo automotor en transporte,Not an Intersection,No fue interseccion,Sobre el lado de la calle,Ninguna,Dia total,Nublado,No,NO APLICA,18,54,19,4,2,07/06/2022,3
20,Kansas,200125,1,1,1,0,111,LYON (111),0,NO APLICA,6,Junio,3,2022,17,0,190 RD,8,Otro,Rural,Local,County Highway Agency,0,Sin jurisdiccion especial,99998,38.43407222,-96.26251667,Ciclista,El primer evento no fue una colision con un vehiculo automotor en transporte,Four-Way Intersection,Interseccion de 4 direcciones,Sobre calle,Ninguna,Dia total,Despejado,No,NO APLICA,17,3,17,9,1,03/06/2022,1
20,Kansas,200126,0,0,1,0,111,LYON (111),0,NO APLICA,6,Junio,6,2022,12,3,I-335,1,Interestatal,Rural,Interestatal,State Toll Road,1,Sin jurisdiccion especial,1344,38.48083056,-96.17479167,Arbol,El primer evento no fue una colision con un vehiculo automotor en transporte,Not an Intersection,No fue interseccion,Sobre el lado de la calle,Ninguna,Dia total,Despejado,No,NO APLICA,12,11,12,20,1,06/06/2022,4
20,Kansas,200127,0,0,1,0,209,WYANDOTTE (209),2820,KANSAS CITY,6,Junio,12,2022,19,35,I-435,1,Interestatal,Urbano,Interestatal,State Toll Road,1,Sin jurisdiccion especial,126,39.10395556,-94.81111111,Volcadura,El primer evento no fue una colision con un vehiculo automotor en transporte,Not an Intersection,No fue interseccion,Sobre el lado de la calle,Ninguna,Dia total,No reportado,No,NO APLICA,19,42,19,47,1,12/06/2022,8
20,Kansas,200128,0,0,1,0,87,JEFFERSON (87),0,NO APLICA,6,Junio,25,2022,21,35,SR-16,3,Highway estatal,Rural,Arteria Menor,State Highway Agency,0,Sin jurisdiccion especial,1011,39.20143333,-95.25573056,Volcadura,El primer evento no fue una colision con un vehiculo automotor en transporte,Not an Intersection,No fue interseccion,Sobre calle,Ninguna,Oscuro sin iluminacion,Despejado,No,NO APLICA,21,44,21,52,1,25/06/2022,1
20,Kansas,200131,0,0,1,0,177,SHAWNEE (177),0,NO APLICA,6,Junio,8,2022,19,27,NW CARLSON RD,8,Otro,Rural,Colector Mayor,County Highway Agency,0,Sin jurisdiccion especial,99998,39.12036111,-95.94683056,Culvert,El primer evento no fue una colision con un vehiculo automotor en transporte,Not an Intersection,No fue interseccion,Sobre el lado de la calle,Ninguna,Dia total,No reportado,No,NO APLICA,19,28,19,49,1,08/06/2022,2
20,Kansas,200133,0,0,1,0,45,DOUGLAS (45),3010,LAWRENCE,6,Junio,19,2022,2,15,31ST ST,6,Calle Local Municipalidad,Urbano,Arteria Menor,City or Municipal Highway Agency,0,Sin jurisdiccion especial,0,38.92821389,-95.27709722,Otro objeto (fijo),El primer evento no fue una colision con un vehiculo automotor en transporte,Not an Intersection,No fue interseccion,Sobre el lado de la calle,Ninguna,Oscuro con iluminacion,No reportado,No,NO APLICA,2,17,2,24,1,19/06/2022,1
20,Kansas,200134,0,0,1,0,29,CLOUD (29),0,NO APLICA,6,Junio,30,2022,15,50,SR-28,3,Highway estatal,Rural,Colector Mayor,State Highway Agency,0,Sin jurisdiccion especial,465,39.63889167,-97.9125,Volcadura,El primer evento no fue una colision con un vehiculo automotor en transporte,Not an Intersection,No fue interseccion,Sobre calle,Ninguna,Dia total,Despejado,No,NO APLICA,15,41,15,55,1,30/06/2022,1
20,Kansas,200135,0,0,1,0,91,JOHNSON (91),3080,LENEXA,6,Junio,8,2022,8,15,I-435,1,Interestatal,Urbano,Interestatal,State Highway Agency,1,Sin jurisdiccion especial,9,38.94342222,-94.76578611,Poste,El primer evento no fue una colision con un vehiculo automotor en transporte,Not an Intersection,No fue interseccion,Sobre el lado de la calle,Ninguna,Dia total,No reportado,No,NO APLICA,8,20,8,26,1,08/06/2022,1
20,Kansas,200136,1,1,1,0,15,BUTLER (15),0,NO APLICA,6,Junio,10,2022,23,9,210TH ST,8,Otro,Rural,Colector Mayor,County Highway Agency,0,Sin jurisdiccion especial,99998,37.51945556,-96.93596111,Peaton,El primer evento no fue una colision con un vehiculo automotor en transporte,Not an Intersection,No fue interseccion,Sobre calle,Ninguna,Oscuro sin iluminacion,No reportado,No,NO APLICA,23,11,23,26,1,10/06/2022,1
20,Kansas,200137,0,0,2,0,57,FORD (57),0,NO APLICA,2,Febrero,1,2022,14,4,US-50,2,US Highway,Rural,Arteria Principal,State Highway Agency,1,Sin jurisdiccion especial,1373,37.85529167,-99.75305833,Vehiculo en movimiento,Angulo,Four-Way Intersection,Interseccion de 4 direcciones,Sobre calle,Ninguna,Dia total,Despejado,No,NO APLICA,14,6,14,8,1,01/02/2022,2
20,Kansas,200138,0,0,1,0,203,WICHITA (203),0,NO APLICA,6,Junio,5,2022,18,13,ADOBE RD,8,Otro,Rural,Colector Mayor,County Highway Agency,0,Sin jurisdiccion especial,99998,38.70048056,-101.4400167,Volcadura,El primer evento no fue una colision con un vehiculo automotor en transporte,Not an Intersection,No fue interseccion,Sobre el lado de la calle,Ninguna,Dia total,No reportado,No,NO APLICA,18,14,18,30,1,05/06/2022,3
20,Kansas,200139,0,0,1,0,139,OSAGE (139),0,NO APLICA,7,Julio,7,2022,8,49,I-35,1,Interestatal,Rural,Interestatal,State Highway Agency,1,Sin jurisdiccion especial,1640,38.45367778,-95.57292222,Acotamiento,El primer evento no fue una colision con un vehiculo automotor en transporte,Not an Intersection,No fue interseccion,Sobre el lado de la calle,Ninguna,Dia total,No reportado,No,NO APLICA,8,52,9,20,1,07/07/2022,1
20,Kansas,200140,0,0,1,0,13,BROWN (13),0,NO APLICA,6,Junio,16,2022,16,0,US-73,2,US Highway,Rural,Arteria Principal,State Highway Agency,1,Sin jurisdiccion especial,1050,39.99465278,-95.59603056,Otro objeto (fijo),El primer evento no fue una colision con un vehiculo automotor en transporte,Not an Intersection,No fue interseccion,Sobre el lado de la calle,Ninguna,Dia total,No reportado,No,NO APLICA,17,52,99,99,1,16/06/2022,1
20,Kansas,200141,0,0,2,0,77,HARPER (77),0,NO APLICA,7,Julio,5,2022,11,10,SR-2,3,Highway estatal,Rural,Arteria Menor,State Highway Agency,0,Sin jurisdiccion especial,504,37.35206111,-97.93815,Vehiculo en movimiento,Frente a frente,Not an Intersection,No fue interseccion,Sobre calle,Ninguna,Dia total,No reportado,No,NO APLICA,11,15,11,33,1,05/07/2022,2
20,Kansas,200142,1,1,1,0,177,SHAWNEE (177),5400,TOPEKA,7,Julio,6,2022,10,30,I-470,1,Interestatal,Urbano,Interestatal,State Toll Road,1,Sin jurisdiccion especial,1799,39.01106944,-95.64607222,Peaton,El primer evento no fue una colision con un vehiculo automotor en transporte,Not an Intersection,No fue interseccion,Sobre calle,Ninguna,Dia total,No reportado,No,NO APLICA,10,42,10,48,1,06/07/2022,1
20,Kansas,200143,0,0,1,0,91,JOHNSON (91),3080,LENEXA,7,Julio,16,2022,15,31,I-435,1,Interestatal,Urbano,Interestatal,State Highway Agency,1,Sin jurisdiccion especial,99998,38.94320556,-94.75697222,Poste o otros soportes,El primer evento no fue una colision con un vehiculo automotor en transporte,Not an Intersection,No fue interseccion,Sobre el lado de la calle,Ninguna,Dia total,No reportado,No,NO APLICA,15,36,15,43,1,16/07/2022,1
20,Kansas,200144,1,1,1,0,169,SALINE (169),4900,SALINA,6,Junio,30,2022,6,45,I-135,1,Interestatal,Rural,Interestatal,State Highway Agency,1,Sin jurisdiccion especial,859,38.737825,-97.61835278,Peaton,El primer evento no fue una colision con un vehiculo automotor en transporte,Not an Intersection,No fue interseccion,Sobre calle,Ninguna,Dia total,Despejado,No,NO APLICA,6,51,7,0,1,30/06/2022,2
20,Kansas,200145,0,0,3,0,57,FORD (57),0,NO APLICA,6,Junio,4,2022,5,20,US-400,2,US Highway,Urbano,Arteria Principal,State Highway Agency,1,Sin jurisdiccion especial,1246,37.74127778,-99.96519444,Vehiculo en movimiento,Golpe Lateral - direccion contraria,Not an Intersection,No fue interseccion,Sobre calle,Ninguna,Oscuro sin iluminacion,No reportado,No,NO APLICA,5,22,5,26,1,04/06/2022,5
20,Kansas,200146,0,0,2,0,157,REPUBLIC (157),0,NO APLICA,6,Junio,14,2022,8,15,US-36,2,US Highway,Rural,Arteria Principal,State Highway Agency,1,Sin jurisdiccion especial,2422,39.81284167,-97.58555833,Vehiculo en movimiento,Angulo,T-Intersection,Interseccion de T,Sobre calle,Ninguna,Dia total,Despejado,No,NO APLICA,8,19,8,24,1,14/06/2022,2
20,Kansas,200147,1,1,1,0,173,SEDGWICK (173),1330,DERBY,4,Abril,23,2022,20,55,E BROOKFIELD LN,6,Calle Local Municipalidad,Urbano,Local,City or Municipal Highway Agency,0,Sin jurisdiccion especial,99998,37.55337778,-97.25410278,Peaton,El primer evento no fue una colision con un vehiculo automotor en transporte,Not an Intersection,No fue interseccion,Sobre calle,Ninguna,Oscuro con iluminacion,No reportado,No,NO APLICA,20,59,21,4,1,23/04/2022,0
20,Kansas,200148,0,0,2,0,69,GRAY (69),2680,INGALLS,5,Mayo,10,2022,17,6,US-50,2,US Highway,Rural,Arteria Principal,State Highway Agency,1,Sin jurisdiccion especial,830,37.87482778,-100.6354222,Poste de Señal de trafico,El primer evento no fue una colision con un vehiculo automotor en transporte,Not an Intersection,No fue interseccion,Sobre el lado de la calle,Ninguna,Dia total,No reportado,No,NO APLICA,17,8,17,26,2,10/05/2022,2
20,Kansas,200150,0,0,2,0,173,SEDGWICK (173),4342,PARK CITY,4,Abril,21,2022,5,54,I-135,1,Interestatal,Urbano,Interestatal,State Highway Agency,1,Sin jurisdiccion especial,133,37.78245833,-97.32566667,Vehiculo en movimiento,Frente a frente,Not an Intersection,No fue interseccion,Sobre calle,Mantenimiento,Oscuro con iluminacion,Neblina o Humo,No,NO APLICA,5,54,5,58,1,21/04/2022,2
20,Kansas,200151,0,0,2,0,91,JOHNSON (91),4285,OVERLAND PARK,7,Julio,6,2022,14,50,127TH ST,6,Calle Local Municipalidad,Urbano,Colector Mayor,City or Municipal Highway Agency,0,Sin jurisdiccion especial,0,38.89816389,-94.70535278,Vehiculo en movimiento,Frente a Detrás,Four-Way Intersection,Interseccion de 4 direcciones,Sobre calle,Ninguna,Dia total,No reportado,No,NO APLICA,15,10,15,14,1,06/07/2022,3
20,Kansas,200152,0,0,1,0,111,LYON (111),0,NO APLICA,6,Junio,27,2022,3,0,CR-V,4,Calle del Condado,Rural,Colector Menor,County Highway Agency,0,Sin jurisdiccion especial,0,38.22478056,-96.03034722,Volcadura,El primer evento no fue una colision con un vehiculo automotor en transporte,Not an Intersection,No fue interseccion,Sobre el lado de la calle,Ninguna,Oscuro sin iluminacion,No reportado,No,NO APLICA,5,57,6,22,1,27/06/2022,2
20,Kansas,200153,0,0,1,0,111,LYON (111),0,NO APLICA,6,Junio,30,2022,18,46,ROAD 170,8,Otro,Rural,Local,County Highway Agency,0,Sin jurisdiccion especial,99998,38.40490833,-96.12930833,Culvert,El primer evento no fue una colision con un vehiculo automotor en transporte,Not an Intersection,No fue interseccion,Sobre el lado de la calle,Ninguna,Dia total,No reportado,No,NO APLICA,19,5,19,17,1,30/06/2022,1
20,Kansas,200154,0,0,2,0,87,JEFFERSON (87),0,NO APLICA,7,Julio,17,2022,2,24,SR-4,3,Highway estatal,Urbano,Arteria Principal,State Highway Agency,1,Sin jurisdiccion especial,3372,39.111275,-95.59433056,Vehiculo en movimiento,Angulo,Not an Intersection,No fue interseccion,Sobre calle,Ninguna,Oscuro sin iluminacion,Nublado,No,NO APLICA,2,26,2,40,2,17/07/2022,5
20,Kansas,200155,0,0,3,0,207,WOODSON (207),0,NO APLICA,7,Julio,18,2022,14,25,US-75,2,US Highway,Rural,Arteria Principal,State Highway Agency,1,Sin jurisdiccion especial,808,37.96930556,-95.73896389,Vehiculo en movimiento,Golpe Lateral - direccion contraria,Not an Intersection,No fue interseccion,Sobre calle,Ninguna,Dia total,No reportado,No,NO APLICA,14,35,14,46,1,18/07/2022,3
20,Kansas,200156,0,0,2,0,131,NEMAHA (131),0,NO APLICA,7,Julio,14,2022,18,10,216TH RD,8,Otro,Rural,Colector Mayor,County Highway Agency,0,Sin jurisdiccion especial,0,39.95709167,-95.94183056,Vehiculo en movimiento,Detrás a Lado. ,Not an Intersection,No fue interseccion,Sobre calle,Ninguna,Dia total,Despejado,No,NO APLICA,18,18,18,35,1,14/07/2022,4
20,Kansas,200157,0,0,2,0,187,STANTON (187),0,NO APLICA,7,Julio,11,2022,9,42,US-160,2,US Highway,Rural,Arteria Menor,State Highway Agency,0,Sin jurisdiccion especial,233,37.53322778,-101.8525944,Vehiculo en movimiento,Frente a Detrás,Not an Intersection,No fue interseccion,Sobre calle,Ninguna,Dia total,Despejado,No,NO APLICA,9,99,9,99,1,11/07/2022,2
20,Kansas,200158,0,0,2,0,173,SEDGWICK (173),1330,DERBY,6,Junio,8,2022,21,50,E PATRIOT AVE,6,Calle Local Municipalidad,Urbano,Arteria Menor,City or Municipal Highway Agency,0,Sin jurisdiccion especial,0,37.57704444,-97.26366389,Vehiculo en movimiento,Frente a frente,Not an Intersection,No fue interseccion,Sobre calle,Ninguna,Oscuro con iluminacion,No reportado,No,NO APLICA,21,55,21,59,1,08/06/2022,2
20,Kansas,200159,0,0,1,0,103,LEAVENWORTH (103),3020,LEAVENWORTH,7,Julio,5,2022,3,50,US-73,2,US Highway,Urbano,Arteria Principal,State Highway Agency,1,Sin jurisdiccion especial,99998,39.29403611,-94.90881111,Banqueta,El primer evento no fue una colision con un vehiculo automotor en transporte,Not an Intersection,No fue interseccion,Sobre el lado de la calle,Ninguna,Oscuro con iluminacion,No reportado,No,NO APLICA,3,50,3,57,1,05/07/2022,2
20,Kansas,200160,0,0,3,0,173,SEDGWICK (173),0,NO APLICA,6,Junio,2,2022,9,42,W 63RD ST,8,Otro,Urbano,Arteria Menor,County Highway Agency,0,Sin jurisdiccion especial,99998,37.57896667,-97.34781111,Vehiculo en movimiento,Frente a frente,Not an Intersection,No fue interseccion,Sobre calle,Ninguna,Dia total,No reportado,No,595067A,9,42,9,45,2,02/06/2022,4
20,Kansas,200161,0,0,2,0,173,SEDGWICK (173),4342,PARK CITY,7,Julio,27,2022,5,57,HYDRAULIC AVE,6,Calle Local Municipalidad,Urbano,Colector Mayor,City or Municipal Highway Agency,0,Sin jurisdiccion especial,99998,37.7705,-97.31745556,Vehiculo en movimiento,Angulo,Not an Intersection,No fue interseccion,Sobre calle,Ninguna,Oscuro con iluminacion,lluvia,No,NO APLICA,6,0,6,3,1,27/07/2022,2