Estado,Nombre de Estado,Numero de Caso,Peatones,Personas _no_vehiculos,Vehiculos automotores,Vehiculos estacionados,Condado,Nombre Condado,Ciudad,Nombre Ciudad,Mes,Nombre Mes,Dia,Año,Hora,Minuto,Calle,Ruta,Nombre Ruta,Rural o Urbanoo,Sistema Funcional,Dueño Calle,Sistema Nacional Carreteras,Jurisdiccion Especial,Milla,Latitud,Longitud,Causa del Accidente,Tipo de Accidente,Tipo Interseccion,Columna1,Lugar en la calle,Zona de Trabajo,Luz,Clima,Autobus Escolar,Cruce de Trenes,Hora Notificacion,Minuto Notificacion,Hora Llegada,Minuto Llegada,Decesos,Fecha,PersonaVehiculo
20,Kansas,200162,1,1,1,0,61,GEARY (61),2790,JUNCTION CITY,6,Junio,5,2022,21,30,US-77,2,US Highway,Urbano,Arteria Principal,State Highway Agency,1,Sin jurisdiccion especial,1538,39.02044167,-96.86291944,Peaton,El primer evento no fue una colision con un vehiculo automotor en transporte,Not an Intersection,No fue interseccion,Sobre calle,Ninguna,Oscuro sin iluminacion,lluvia,No,NO APLICA,21,33,21,38,1,05/06/2022,2
20,Kansas,200163,0,0,1,0,173,SEDGWICK (173),5880,WICHITA,6,Junio,20,2022,19,49,S WEST ST,8,Otro,Urbano,Colector Mayor,County Highway Agency,0,Sin jurisdiccion especial,99998,37.60084167,-97.38755278,Arbol,El primer evento no fue una colision con un vehiculo automotor en transporte,Not an Intersection,No fue interseccion,Sobre el lado de la calle,Ninguna,Dia total,No reportado,No,NO APLICA,19,99,19,56,1,20/06/2022,2
20,Kansas,200164,0,0,2,0,173,SEDGWICK (173),0,NO APLICA,7,Julio,6,2022,11,9,W MACARTHUR RD,8,Otro,Urbano,Colector Mayor,County Highway Agency,0,Sin jurisdiccion especial,99998,37.62213889,-97.43056111,Vehiculo en movimiento,Frente a frente,Not an Intersection,No fue interseccion,Sobre calle,Ninguna,Dia total,Despejado,No,NO APLICA,11,99,11,99,1,06/07/2022,2
20,Kansas,200165,0,0,1,0,173,SEDGWICK (173),1330,DERBY,6,Junio,22,2022,21,56,GREENWICH RD,8,Otro,Rural,Colector Mayor,County Highway Agency,0,Sin jurisdiccion especial,0,37.56262222,-97.20329444,Volcadura,El primer evento no fue una colision con un vehiculo automotor en transporte,T-Intersection,Interseccion de T,Sobre el lado de la calle,Ninguna,Oscuro sin iluminacion,lluvia,No,NO APLICA,21,57,22,1,1,22/06/2022,1
20,Kansas,200166,0,0,1,0,173,SEDGWICK (173),2090,GODDARD,3,Marzo,14,2022,20,18,LAKE AFTON RD,8,Otro,Rural,Local,County Highway Agency,0,Sin jurisdiccion especial,99998,37.61978333,-97.62331667,Muro,El primer evento no fue una colision con un vehiculo automotor en transporte,Not an Intersection,No fue interseccion,Sobre el lado de la calle,Ninguna,Oscuro sin iluminacion,No reportado,No,NO APLICA,20,20,20,31,1,14/03/2022,1
20,Kansas,200167,0,0,1,0,15,BUTLER (15),0,NO APLICA,7,Julio,10,2022,0,38,SR-254,3,Highway estatal,Rural,Arterial Principal -Freeway o ExpressWay,State Highway Agency,1,Sin jurisdiccion especial,241,37.81675556,-96.93390833,Arbol,El primer evento no fue una colision con un vehiculo automotor en transporte,Not an Intersection,No fue interseccion,Sobre el lado de la calle,Ninguna,Oscuro sin iluminacion,No reportado,No,NO APLICA,0,48,0,49,1,10/07/2022,1
20,Kansas,200168,0,0,3,0,91,JOHNSON (91),3080,LENEXA,7,Julio,20,2022,22,15,W 87TH ST PKWY,8,Otro,Urbano,Arteria Menor,City or Municipal Highway Agency,0,Sin jurisdiccion especial,99998,38.97101944,-94.77218889,Vehiculo en movimiento,Angulo,Four-Way Intersection,Interseccion de 4 direcciones,Sobre calle,"Infraestructura (luz, agua, etc)",Oscuro con iluminacion,No reportado,No,NO APLICA,22,15,22,21,1,20/07/2022,3
20,Kansas,200169,0,0,1,0,173,SEDGWICK (173),0,NO APLICA,5,Mayo,27,2022,10,6,183RD ST,8,Otro,Rural,Colector Menor,County Highway Agency,0,Sin jurisdiccion especial,99998,37.49365,-97.55118056,Zanja,El primer evento no fue una colision con un vehiculo automotor en transporte,Not an Intersection,No fue interseccion,Sobre el lado de la calle,Ninguna,Dia total,Despejado,No,NO APLICA,10,6,99,97,1,27/05/2022,1
20,Kansas,200170,0,0,2,0,113,MCPHERSON (113),0,NO APLICA,8,Agosto,6,2022,9,59,26TH AVE,8,Otro,Rural,Local,County Highway Agency,0,Sin jurisdiccion especial,0,38.18832778,-97.44521389,Vehiculo en movimiento,Angulo,Four-Way Intersection,Interseccion de 4 direcciones,Sobre calle,Ninguna,Dia total,No reportado,No,NO APLICA,10,0,10,9,2,06/08/2022,4
20,Kansas,200172,1,1,2,0,91,JOHNSON (91),4285,OVERLAND PARK,6,Junio,12,2022,10,16,QUIVIRA RD,8,Otro,Urbano,Arteria Menor,City or Municipal Highway Agency,0,Sin jurisdiccion especial,99998,38.90898611,-94.72383333,Vehiculo en movimiento,Angulo,T-Intersection,Interseccion de T,Sobre calle,Ninguna,Dia total,No reportado,No,NO APLICA,10,18,10,24,1,12/06/2022,4
20,Kansas,200173,0,0,1,0,177,SHAWNEE (177),5400,TOPEKA,6,Junio,6,2022,9,30,TOPEKA BLVD,6,Calle Local Municipalidad,Urbano,Arteria Principal,City or Municipal Highway Agency,1,Sin jurisdiccion especial,99998,39.08790556,-95.66452222,Banqueta,El primer evento no fue una colision con un vehiculo automotor en transporte,Four-Way Intersection,Interseccion de 4 direcciones,Sobre el lado de la calle,Ninguna,Dia total,No reportado,No,NO APLICA,9,32,9,41,1,06/06/2022,1
20,Kansas,200174,0,0,1,0,53,ELLSWORTH (53),0,NO APLICA,5,Mayo,18,2022,21,51,SR-141,3,Highway estatal,Rural,Colector Mayor,State Highway Agency,0,Sin jurisdiccion especial,44,38.62986667,-97.97293889,Valla Ferrocarril,El primer evento no fue una colision con un vehiculo automotor en transporte,Not an Intersection,No fue interseccion,Sobre el lado de la calle,Ninguna,Oscuro sin iluminacion,Despejado,No,NO APLICA,6,0,6,18,1,18/05/2022,1
20,Kansas,200175,0,0,1,0,53,ELLSWORTH (53),0,NO APLICA,6,Junio,18,2022,10,17,I-70,1,Interestatal,Rural,Interestatal,State Highway Agency,1,Sin jurisdiccion especial,2138,38.84851944,-98.32411944,Jackknife (harmful to this vehicle),El primer evento no fue una colision con un vehiculo automotor en transporte,Not an Intersection,No fue interseccion,Sobre el lado de la calle,Ninguna,Dia total,Despejado,No,NO APLICA,10,20,10,33,1,18/06/2022,1
20,Kansas,200176,0,0,1,0,125,MONTGOMERY (125),0,NO APLICA,8,Agosto,1,2022,17,0,CR-1350,4,Calle del Condado,Rural,Colector Mayor,County Highway Agency,0,Sin jurisdiccion especial,0,37.18090278,-95.93785,Acotamiento,El primer evento no fue una colision con un vehiculo automotor en transporte,Not an Intersection,No fue interseccion,Sobre el lado de la calle,Ninguna,Dia total,Despejado,No,NO APLICA,99,99,99,99,1,01/08/2022,1
20,Kansas,200177,0,0,2,0,177,SHAWNEE (177),5348,TECUMSEH,8,Agosto,6,2022,22,24,US-40,2,US Highway,Urbano,Arteria Menor,State Highway Agency,0,Sin jurisdiccion especial,99998,39.04425833,-95.58218056,Vehiculo en movimiento,Angulo,Four-Way Intersection,Interseccion de 4 direcciones,Sobre calle,Ninguna,Oscuro sin iluminacion,Despejado,No,NO APLICA,22,27,22,40,1,06/08/2022,3
20,Kansas,200178,0,0,1,0,191,SUMNER (191),0,NO APLICA,8,Agosto,14,2022,14,27,40TH AVE,8,Otro,Rural,Local,County Highway Agency,0,Sin jurisdiccion especial,0,37.31460278,-97.67075,Acotamiento,El primer evento no fue una colision con un vehiculo automotor en transporte,Not an Intersection,No fue interseccion,Sobre el lado de la calle,Ninguna,Dia total,No reportado,No,NO APLICA,14,29,14,38,1,14/08/2022,1
20,Kansas,200179,0,0,2,0,173,SEDGWICK (173),5880,WICHITA,1,Enero,16,2022,16,4,S SENECA ST,6,Calle Local Municipalidad,Urbano,Arteria Menor,City or Municipal Highway Agency,0,Sin jurisdiccion especial,99998,37.62445556,-97.35241389,Vehiculo en movimiento,Angulo,Not an Intersection,No fue interseccion,Sobre calle,Ninguna,Dia total,Despejado,No,NO APLICA,16,4,16,11,1,16/01/2022,2
20,Kansas,200180,0,0,1,0,173,SEDGWICK (173),5880,WICHITA,2,Febrero,21,2022,1,36,GROVE ST,6,Calle Local Municipalidad,Urbano,Colector Mayor,City or Municipal Highway Agency,0,Sin jurisdiccion especial,99998,37.67261667,-97.30848056,Banqueta,El primer evento no fue una colision con un vehiculo automotor en transporte,Four-Way Intersection,Interseccion de 4 direcciones,Sobre el lado de la calle,Ninguna,Oscuro con iluminacion,Despejado,No,NO APLICA,1,40,1,44,2,21/02/2022,3
20,Kansas,200181,0,0,1,0,173,SEDGWICK (173),5880,WICHITA,3,Marzo,15,2022,0,58,21ST ST,6,Calle Local Municipalidad,Urbano,Arteria Menor,City or Municipal Highway Agency,0,Sin jurisdiccion especial,99998,37.72281944,-97.36521667,Banqueta,El primer evento no fue una colision con un vehiculo automotor en transporte,Not an Intersection,No fue interseccion,Sobre el lado de la calle,Ninguna,Oscuro con iluminacion,No reportado,No,NO APLICA,0,58,1,2,1,15/03/2022,1
20,Kansas,200182,0,0,2,0,173,SEDGWICK (173),5880,WICHITA,4,Abril,16,2022,2,20,17TH ST,6,Calle Local Municipalidad,Urbano,Local,City or Municipal Highway Agency,0,Sin jurisdiccion especial,0,37.71638056,-97.44456389,Vehiculo en movimiento,Angulo,T-Intersection,Interseccion de T,Sobre calle,Ninguna,Oscuro con iluminacion,No reportado,No,NO APLICA,2,20,2,24,2,16/04/2022,3
20,Kansas,200183,0,0,1,0,173,SEDGWICK (173),5880,WICHITA,4,Abril,21,2022,9,26,W PAWNEE AVE,6,Calle Local Municipalidad,Urbano,Arteria Menor,City or Municipal Highway Agency,0,Sin jurisdiccion especial,99998,37.65159167,-97.34842222,Banqueta,El primer evento no fue una colision con un vehiculo automotor en transporte,Not an Intersection,No fue interseccion,Sobre el lado de la calle,Ninguna,Dia total,No reportado,No,NO APLICA,9,26,9,29,1,21/04/2022,1
20,Kansas,200184,1,1,2,0,173,SEDGWICK (173),5880,WICHITA,5,Mayo,14,2022,1,58,US-54 KELLOGG ST EB,2,US Highway,Urbano,Arteria Principal,State Highway Agency,1,Sin jurisdiccion especial,2200,37.67935556,-97.25940278,Peaton,El primer evento no fue una colision con un vehiculo automotor en transporte,Not an Intersection,No fue interseccion,Sobre calle,Ninguna,Oscuro con iluminacion,No reportado,No,NO APLICA,1,57,2,5,1,14/05/2022,4
20,Kansas,200185,0,0,1,0,173,SEDGWICK (173),5880,WICHITA,6,Junio,28,2022,16,8,HOOVER,6,Calle Local Municipalidad,Urbano,Colector Mayor,City or Municipal Highway Agency,0,Sin jurisdiccion especial,0,37.62626944,-97.407275,Poste,El primer evento no fue una colision con un vehiculo automotor en transporte,Not an Intersection,No fue interseccion,Sobre el lado de la calle,Ninguna,Dia total,No reportado,No,NO APLICA,16,8,16,15,1,28/06/2022,1
20,Kansas,200186,0,0,1,0,177,SHAWNEE (177),0,NO APLICA,3,Marzo,13,2022,21,4,VALENCIA RD,8,Otro,Rural,Colector Menor,County Highway Agency,0,Sin jurisdiccion especial,99998,38.97156667,-95.87276944,Zanja,El primer evento no fue una colision con un vehiculo automotor en transporte,Not an Intersection,No fue interseccion,Sobre el lado de la calle,Ninguna,Oscuro sin iluminacion,No reportado,No,NO APLICA,21,6,21,21,1,13/03/2022,3
20,Kansas,200187,0,0,2,0,209,WYANDOTTE (209),2820,KANSAS CITY,6,Junio,22,2022,20,44,SHAWNEE DR,6,Calle Local Municipalidad,Urbano,Local,City or Municipal Highway Agency,0,Sin jurisdiccion especial,0,39.04693333,-94.69055,Vehiculo en movimiento,Frente a frente,Not an Intersection,No fue interseccion,Sobre calle,Ninguna,Oscuro con iluminacion,No reportado,No,NO APLICA,20,45,20,49,1,22/06/2022,3
20,Kansas,200188,0,0,2,0,177,SHAWNEE (177),5400,TOPEKA,5,Mayo,15,2022,3,19,6TH ST,8,Otro,Urbano,Arteria Menor,City or Municipal Highway Agency,0,Sin jurisdiccion especial,99998,39.04418889,-95.62205278,Vehiculo en movimiento,Angulo,Not an Intersection,No fue interseccion,Sobre calle,Ninguna,Oscuro con iluminacion,No reportado,No,NO APLICA,3,20,3,28,1,15/05/2022,2
20,Kansas,200189,0,0,1,0,15,BUTLER (15),0,NO APLICA,8,Agosto,4,2022,23,30,120TH ST,8,Otro,Rural,Colector Menor,County Highway Agency,0,Sin jurisdiccion especial,0,37.65041389,-97.08672778,Arbol,El primer evento no fue una colision con un vehiculo automotor en transporte,Not an Intersection,No fue interseccion,Sobre el lado de la calle,Ninguna,Oscuro sin iluminacion,No reportado,No,NO APLICA,0,4,0,23,1,04/08/2022,2
20,Kansas,200190,0,0,2,0,145,PAWNEE (145),0,NO APLICA,6,Junio,17,2022,4,20,SR-156,3,Highway estatal,Rural,Arteria Menor,State Highway Agency,0,Sin jurisdiccion especial,990,38.18878889,-99.14826111,Vehiculo en movimiento,Angulo,Not an Intersection,No fue interseccion,Sobre calle,Ninguna,Oscuro sin iluminacion,Despejado,No,NO APLICA,4,24,4,33,1,17/06/2022,2
20,Kansas,200191,0,0,1,0,97,KIOWA (97),0,NO APLICA,7,Julio,23,2022,18,30,33RD AVE,8,Otro,Rural,Colector Mayor,County Highway Agency,0,Sin jurisdiccion especial,99998,37.68718056,-99.26821111,Barda,El primer evento no fue una colision con un vehiculo automotor en transporte,Not an Intersection,No fue interseccion,Sobre el lado de la calle,Ninguna,Dia total,Despejado,No,NO APLICA,20,42,20,51,1,23/07/2022,1
20,Kansas,200192,0,0,1,0,199,WALLACE (199),0,NO APLICA,8,Agosto,3,2022,14,35,SR-27,3,Highway estatal,Rural,Arteria Menor,State Highway Agency,0,Sin jurisdiccion especial,1441,38.96412778,-101.7397222,Volcadura,El primer evento no fue una colision con un vehiculo automotor en transporte,Not an Intersection,No fue interseccion,Sobre calle,Ninguna,Dia total,Vientos cruzados pero de los mamalones,No,NO APLICA,14,40,14,51,1,03/08/2022,1
20,Kansas,200193,1,1,1,0,137,NORTON (137),0,NO APLICA,8,Agosto,8,2022,19,57,US-36,2,US Highway,Rural,Arteria Menor,State Highway Agency,0,Sin jurisdiccion especial,1045,39.82722222,-100.1130667,Ciclista,El primer evento no fue una colision con un vehiculo automotor en transporte,Not an Intersection,No fue interseccion,Sobre Acotamiento,Ninguna,Atardecer,Despejado,No,NO APLICA,20,0,20,9,1,08/08/2022,1
20,Kansas,200194,0,0,2,0,209,WYANDOTTE (209),1510,EDWARDSVILLE,8,Agosto,11,2022,11,57,SR-32,3,Highway estatal,Urbano,Arteria Principal,State Highway Agency,1,Sin jurisdiccion especial,99998,39.06141111,-94.81614167,Vehiculo en movimiento,Angulo,Four-Way Intersection,Interseccion de 4 direcciones,Sobre calle,Ninguna,Dia total,No reportado,No,NO APLICA,12,10,12,14,2,11/08/2022,3
20,Kansas,200195,0,0,2,0,9,BARTON (9),0,NO APLICA,8,Agosto,17,2022,12,26,40 AVE,8,Otro,Rural,Colector Mayor,County Highway Agency,0,Sin jurisdiccion especial,0,38.52161111,-98.84865833,Vehiculo en movimiento,Angulo,Four-Way Intersection,Interseccion de 4 direcciones,Sobre calle,Ninguna,Dia total,Despejado,No,NO APLICA,12,27,12,26,1,17/08/2022,2
20,Kansas,200196,0,0,1,0,169,SALINE (169),0,NO APLICA,7,Julio,4,2022,17,22,SR-140,3,Highway estatal,Rural,Arteria Menor,State Highway Agency,0,Sin jurisdiccion especial,326,38.83601944,-97.65866111,Zanja,El primer evento no fue una colision con un vehiculo automotor en transporte,Not an Intersection,No fue interseccion,Sobre el lado de la calle,Ninguna,Dia total,No reportado,No,NO APLICA,18,56,19,1,1,04/07/2022,1
20,Kansas,200197,0,0,2,0,95,KINGMAN (95),0,NO APLICA,8,Agosto,22,2022,0,46,US-54,2,US Highway,Rural,Arterial Principal -Freeway o ExpressWay,State Highway Agency,1,Sin jurisdiccion especial,1697,37.64675556,-98.16512222,Vehiculo en movimiento,Angulo,Not an Intersection,No fue interseccion,Sobre calle,Ninguna,Oscuro sin iluminacion,Despejado,No,NO APLICA,0,52,0,57,1,22/08/2022,2
20,Kansas,200198,0,0,4,0,149,POTTAWATOMIE (149),0,NO APLICA,8,Agosto,10,2022,17,27,US-24,2,US Highway,Rural,Arteria Principal,State Highway Agency,1,Sin jurisdiccion especial,3329,39.20925556,-96.26773889,Vehiculo en movimiento,Frente a Detrás,Not an Intersection,No fue interseccion,Sobre calle,Ninguna,Dia total,Despejado,No,NO APLICA,17,29,17,35,2,10/08/2022,8
20,Kansas,200199,0,0,1,0,171,SCOTT (171),0,NO APLICA,8,Agosto,20,2022,10,45,VENISON RD,8,Otro,Rural,Colector Mayor,County Highway Agency,0,Sin jurisdiccion especial,99998,38.49451944,-100.7233528,Volcadura,El primer evento no fue una colision con un vehiculo automotor en transporte,Not an Intersection,No fue interseccion,Sobre el lado de la calle,Ninguna,Dia total,Despejado,No,NO APLICA,11,53,12,5,1,20/08/2022,1
20,Kansas,200200,0,0,1,0,59,FRANKLIN (59),0,NO APLICA,8,Agosto,17,2022,14,45,I-35,1,Interestatal,Rural,Interestatal,State Highway Agency,1,Sin jurisdiccion especial,1782,38.55297222,-95.35239444,Volcadura,El primer evento no fue una colision con un vehiculo automotor en transporte,Not an Intersection,No fue interseccion,Sobre calle,Construccion,Dia total,No reportado,No,NO APLICA,14,51,14,59,1,17/08/2022,1
20,Kansas,200201,0,0,1,0,9,BARTON (9),2150,GREAT BEND,8,Agosto,13,2022,21,0,DIKE RD E,8,Otro,Trafficway Not in State Inventory,Via no en inventario estatal,Trafficway Not in State Inventory,0,Sin jurisdiccion especial,99998,38.34556111,-98.78106944,Arbol,El primer evento no fue una colision con un vehiculo automotor en transporte,Not an Intersection,No fue interseccion,Sobre el lado de la calle,Ninguna,Oscuro sin iluminacion,Despejado,No,NO APLICA,21,23,21,29,1,13/08/2022,3
20,Kansas,200202,0,0,3,0,35,COWLEY (35),5970,WINFIELD,6,Junio,29,2022,7,1,US-160,2,US Highway,Urbano,Arteria Menor,State Highway Agency,0,Sin jurisdiccion especial,3210,37.24471944,-96.950825,Vehiculo en movimiento,Angulo,T-Intersection,Interseccion de T,Sobre calle,Ninguna,Dia total,Despejado,No,NO APLICA,7,4,7,8,1,29/06/2022,4
20,Kansas,200203,0,1,3,2,35,COWLEY (35),0,NO APLICA,7,Julio,14,2022,15,17,US-166,2,US Highway,Rural,Arteria Principal,State Highway Agency,1,Sin jurisdiccion especial,342,37.10211944,-96.816475,Vehiculo Funcionando,El primer evento no fue una colision con un vehiculo automotor en transporte,Not an Intersection,No fue interseccion,Sobre calle,Construccion,Dia total,Despejado,No,NO APLICA,15,21,15,37,1,14/07/2022,1
20,Kansas,200204,0,0,2,0,173,SEDGWICK (173),5880,WICHITA,5,Mayo,14,2022,9,21,US-54,2,US Highway,Urbano,Arterial Principal -Freeway o ExpressWay,State Highway Agency,1,Sin jurisdiccion especial,2194,37.67937222,-97.26941111,Vehiculo en movimiento,Golpe Lateral - misma direccion,Not an Intersection,No fue interseccion,Sobre calle,Ninguna,Dia total,No reportado,No,NO APLICA,99,98,99,98,1,14/05/2022,2
20,Kansas,200205,0,0,2,0,73,GREENWOOD (73),0,NO APLICA,8,Agosto,4,2022,22,11,US-54,2,US Highway,Rural,Arteria Principal,State Highway Agency,1,Sin jurisdiccion especial,2723,37.81350278,-96.48746111,Vehiculo en movimiento,Frente a frente,Not an Intersection,No fue interseccion,Sobre calle,Ninguna,Oscuro sin iluminacion,Despejado,No,NO APLICA,22,18,22,33,1,04/08/2022,2
20,Kansas,200206,0,0,1,0,27,CLAY (27),0,NO APLICA,6,Junio,21,2022,18,45,COUNTY LINE,8,Otro,Rural,Colector Mayor,County Highway Agency,0,Sin jurisdiccion especial,0,39.14164722,-96.96236389,Puente de Ferrocarril,El primer evento no fue una colision con un vehiculo automotor en transporte,Not an Intersection,No fue interseccion,Sobre el lado de la calle,Ninguna,Dia total,Despejado,No,NO APLICA,18,51,19,13,2,21/06/2022,2
20,Kansas,200207,0,0,2,0,169,SALINE (169),0,NO APLICA,7,Julio,10,2022,16,36,E MAGNOLIA RD,8,Otro,Rural,Colector Mayor,County Highway Agency,0,Sin jurisdiccion especial,99998,38.79828611,-97.47766111,Vehiculo en movimiento,Frente a frente,Not an Intersection,No fue interseccion,Sobre calle,Ninguna,Dia total,Despejado,No,NO APLICA,16,40,16,48,1,10/07/2022,3
20,Kansas,200208,0,0,1,0,145,PAWNEE (145),0,NO APLICA,8,Agosto,16,2022,16,0,SR-19,3,Highway estatal,Rural,Arteria Menor,State Highway Agency,0,Sin jurisdiccion especial,99998,38.135125,-99.09455833,Arbol,El primer evento no fue una colision con un vehiculo automotor en transporte,Not an Intersection,No fue interseccion,Sobre el lado de la calle,Ninguna,Dia total,No reportado,No,NO APLICA,18,2,18,9,1,16/08/2022,1
20,Kansas,200209,0,0,1,0,61,GEARY (61),0,NO APLICA,6,Junio,22,2022,19,0,I-70,1,Interestatal,Urbano,Interestatal,State Highway Agency,1,Sin jurisdiccion especial,3023,39.05408889,-96.7532,Volcadura,El primer evento no fue una colision con un vehiculo automotor en transporte,Not an Intersection,No fue interseccion,Sobre calle,Ninguna,Dia total,Nublado,No,NO APLICA,19,2,19,10,1,22/06/2022,1
20,Kansas,200210,0,0,2,0,137,NORTON (137),0,NO APLICA,9,Septiembre,5,2022,13,5,US-36,2,US Highway,Rural,Arteria Menor,State Highway Agency,0,Sin jurisdiccion especial,1076,39.82812222,-100.0579778,Vehiculo en movimiento,Angulo,Four-Way Intersection,Interseccion de 4 direcciones,Sobre calle,Ninguna,Dia total,No reportado,No,NO APLICA,13,10,13,19,1,05/09/2022,6
20,Kansas,200211,0,0,2,0,173,SEDGWICK (173),5880,WICHITA,3,Marzo,28,2022,16,33,E CENTRAL AVE,6,Calle Local Municipalidad,Urbano,Colector Mayor,City or Municipal Highway Agency,0,Sin jurisdiccion especial,99998,37.69386111,-97.20786944,Vehiculo en movimiento,Angulo,Four-Way Intersection,Interseccion de 4 direcciones,Sobre calle,Ninguna,Dia total,Despejado,No,NO APLICA,16,33,16,39,1,28/03/2022,2
20,Kansas,200213,0,0,1,0,125,MONTGOMERY (125),2670,INDEPENDENCE,7,Julio,24,2022,9,25,CR-5600,4,Calle del Condado,Rural,Colector Mayor,County Highway Agency,0,Sin jurisdiccion especial,0,37.307275,-95.81083611,Algún evento nocivo sin detalles,El primer evento no fue una colision con un vehiculo automotor en transporte,Not an Intersection,No fue interseccion,Sobre el lado de la calle,Ninguna,Dia total,No reportado,No,NO APLICA,9,33,9,45,1,24/07/2022,2
20,Kansas,200214,0,0,1,0,125,MONTGOMERY (125),0,NO APLICA,7,Julio,31,2022,18,40,CR-2905,4,Calle del Condado,Rural,Colector Mayor,County Highway Agency,0,Sin jurisdiccion especial,99998,37.30573333,-95.80585556,Volcadura,El primer evento no fue una colision con un vehiculo automotor en transporte,Not an Intersection,No fue interseccion,Sobre el lado de la calle,Ninguna,Dia total,No reportado,No,NO APLICA,99,99,99,99,1,31/07/2022,1
20,Kansas,200215,1,1,1,0,155,RENO (155),2660,HUTCHINSON,8,Agosto,4,2022,20,10,N SEVERANCE ST,8,Otro,Urbano,Colector Mayor,City or Municipal Highway Agency,0,Sin jurisdiccion especial,99998,38.06360833,-97.91307222,Ciclista,El primer evento no fue una colision con un vehiculo automotor en transporte,Four-Way Intersection,Interseccion de 4 direcciones,Sobre calle,Ninguna,Dia total,No reportado,No,NO APLICA,20,16,20,22,1,04/08/2022,1
20,Kansas,200216,1,1,3,1,209,WYANDOTTE (209),2820,KANSAS CITY,8,Agosto,7,2022,18,26,I-70,1,Interestatal,Urbano,Interestatal,Other State Agency,1,Sin jurisdiccion especial,4180,39.10559722,-94.69431111,Vehiculo Aparcado,El primer evento no fue una colision con un vehiculo automotor en transporte,Not an Intersection,No fue interseccion,Sobre Acotamiento,Ninguna,Dia total,No reportado,No,NO APLICA,18,30,18,35,1,07/08/2022,3
20,Kansas,200217,1,1,1,0,173,SEDGWICK (173),5880,WICHITA,8,Agosto,5,2022,22,18,US-81 BROADWAY AVE,2,US Highway,Urbano,Arteria Menor,State Highway Agency,0,Sin jurisdiccion especial,99998,37.58820556,-97.33405278,Peaton,El primer evento no fue una colision con un vehiculo automotor en transporte,Not an Intersection,No fue interseccion,Sobre calle,Ninguna,Oscuro con iluminacion,Despejado,No,NO APLICA,22,19,22,26,1,05/08/2022,1
20,Kansas,200218,0,0,1,0,155,RENO (155),2660,HUTCHINSON,8,Agosto,12,2022,14,29,PARALLEL RD,8,Otro,Rural,Colector Mayor,County Highway Agency,0,Sin jurisdiccion especial,0,37.82500833,-97.8858,Zanja,El primer evento no fue una colision con un vehiculo automotor en transporte,Not an Intersection,No fue interseccion,Sobre el lado de la calle,Ninguna,Dia total,No reportado,No,NO APLICA,14,36,14,49,1,12/08/2022,2
20,Kansas,200219,0,0,2,0,79,HARVEY (79),0,NO APLICA,8,Agosto,20,2022,14,5,DUTCH AVE,8,Otro,Rural,Colector Mayor,County Highway Agency,0,Sin jurisdiccion especial,99998,38.14483889,-97.69641667,Vehiculo en movimiento,Angulo,Not an Intersection,No fue interseccion,Sobre calle,Ninguna,Dia total,No reportado,No,NO APLICA,14,9,14,24,1,20/08/2022,5
20,Kansas,200220,0,0,2,0,95,KINGMAN (95),0,NO APLICA,8,Agosto,26,2022,10,5,100 AVE,8,Otro,Rural,Colector Mayor,County Highway Agency,0,Sin jurisdiccion especial,0,37.65984444,-98.31918889,Vehiculo en movimiento,Angulo,Four-Way Intersection,Interseccion de 4 direcciones,Sobre calle,Ninguna,Dia total,No reportado,No,NO APLICA,10,8,10,17,3,26/08/2022,4
20,Kansas,200221,0,0,1,0,95,KINGMAN (95),0,NO APLICA,9,Septiembre,9,2022,23,25,20TH ST,8,Otro,Rural,Colector Mayor,County Highway Agency,0,Sin jurisdiccion especial,0,37.61834444,-97.90861667,Animal vivo,El primer evento no fue una colision con un vehiculo automotor en transporte,Not an Intersection,No fue interseccion,Sobre calle,Ninguna,Oscuro sin iluminacion,Despejado,No,NO APLICA,23,18,23,31,1,09/09/2022,2
20,Kansas,200224,0,0,1,0,103,LEAVENWORTH (103),0,NO APLICA,9,Septiembre,4,2022,20,12,SR-192,3,Highway estatal,Rural,Arteria Menor,State Highway Agency,0,Sin jurisdiccion especial,99998,39.33216111,-95.14272222,Poste de Señal de trafico,El primer evento no fue una colision con un vehiculo automotor en transporte,Not an Intersection,No fue interseccion,Sobre el lado de la calle,Ninguna,Atardecer,No reportado,No,NO APLICA,20,20,20,32,1,04/09/2022,4
20,Kansas,200225,0,0,1,0,103,LEAVENWORTH (103),0,NO APLICA,9,Septiembre,4,2022,7,29,GOLDEN RD,8,Otro,Rural,Colector Mayor,County Highway Agency,0,Sin jurisdiccion especial,99998,38.99912778,-94.98804722,Poste,El primer evento no fue una colision con un vehiculo automotor en transporte,Not an Intersection,No fue interseccion,Sobre el lado de la calle,Ninguna,Dia total,No reportado,No,NO APLICA,7,99,7,99,1,04/09/2022,1
20,Kansas,200226,0,0,1,0,53,ELLSWORTH (53),0,NO APLICA,8,Agosto,9,2022,14,30,5TH RD,8,Otro,Rural,Colector Mayor,County Highway Agency,0,Sin jurisdiccion especial,99998,38.64278611,-98.40647222,Volcadura,El primer evento no fue una colision con un vehiculo automotor en transporte,Not an Intersection,No fue interseccion,Sobre el lado de la calle,Ninguna,Dia total,No reportado,No,NO APLICA,14,39,14,51,1,09/08/2022,1