Estado,Nombre de Estado,Numero de Caso,Peatones,Personas _no_vehiculos,Vehiculos automotores,Vehiculos estacionados,Condado,Nombre Condado,Ciudad,Nombre Ciudad,Mes,Nombre Mes,Dia,Año,Hora,Minuto,Calle,Ruta,Nombre Ruta,Rural o Urbanoo,Sistema Funcional,Dueño Calle,Sistema Nacional Carreteras,Jurisdiccion Especial,Milla,Latitud,Longitud,Causa del Accidente,Tipo de Accidente,Tipo Interseccion,Columna1,Lugar en la calle,Zona de Trabajo,Luz,Clima,Autobus Escolar,Cruce de Trenes,Hora Notificacion,Minuto Notificacion,Hora Llegada,Minuto Llegada,Decesos,Fecha,PersonaVehiculo
20,Kansas,200228,1,1,1,0,91,JOHNSON (91),3030,LEAWOOD,9,Septiembre,17,2022,20,12,I-435,1,Interestatal,Urbano,Interestatal,State Highway Agency,1,Sin jurisdiccion especial,761,38.93539444,-94.61343333,Peaton,El primer evento no fue una colision con un vehiculo automotor en transporte,Not an Intersection,No fue interseccion,Sobre calle,Ninguna,Oscuro sin iluminacion,No reportado,No,NO APLICA,20,14,20,22,1,17/09/2022,1
20,Kansas,200229,0,0,1,0,91,JOHNSON (91),4140,OLATHE,9,Septiembre,16,2022,23,6,LENNOX DR,6,Calle Local Municipalidad,Urbano,Local,City or Municipal Highway Agency,0,Sin jurisdiccion especial,0,38.86820833,-94.79287778,Banqueta,El primer evento no fue una colision con un vehiculo automotor en transporte,Not an Intersection,No fue interseccion,Sobre el lado de la calle,Ninguna,Oscuro con iluminacion,No reportado,No,NO APLICA,23,9,23,15,1,16/09/2022,1
20,Kansas,200230,0,0,1,0,51,ELLIS (51),0,NO APLICA,9,Septiembre,4,2022,14,3,350TH AVE,8,Otro,Rural,Local,County Highway Agency,0,Sin jurisdiccion especial,0,38.94284444,-99.13220833,Culvert,El primer evento no fue una colision con un vehiculo automotor en transporte,Not an Intersection,No fue interseccion,Sobre el lado de la calle,Ninguna,Dia total,No reportado,No,NO APLICA,14,4,14,18,1,04/09/2022,1
20,Kansas,200231,0,0,1,0,173,SEDGWICK (173),5880,WICHITA,4,Abril,30,2022,21,55,BROADWAY AVE,6,Calle Local Municipalidad,Urbano,Arteria Menor,City or Municipal Highway Agency,0,Sin jurisdiccion especial,0,37.73761944,-97.33585833,Banqueta,El primer evento no fue una colision con un vehiculo automotor en transporte,Not an Intersection,No fue interseccion,Sobre el lado de la calle,Ninguna,Oscuro con iluminacion,No reportado,No,NO APLICA,22,7,22,13,1,30/04/2022,1
20,Kansas,200232,1,1,2,0,173,SEDGWICK (173),5880,WICHITA,6,Junio,26,2022,21,59,BROADWAY AVE,8,Otro,Urbano,Colector Mayor,City or Municipal Highway Agency,0,Sin jurisdiccion especial,99998,37.70504444,-97.33555833,Peaton,El primer evento no fue una colision con un vehiculo automotor en transporte,Not an Intersection,No fue interseccion,Sobre calle,Ninguna,Oscuro con iluminacion,No reportado,No,NO APLICA,22,0,22,6,1,26/06/2022,4
20,Kansas,200233,0,0,2,0,67,GRANT (67),0,NO APLICA,9,Septiembre,17,2022,14,55,US-160,2,US Highway,Rural,Arteria Menor,State Highway Agency,0,Sin jurisdiccion especial,540,37.56198056,-101.10795,Vehiculo en movimiento,Frente a Detrás,Four-Way Intersection,Interseccion de 4 direcciones,Sobre calle,Ninguna,Dia total,No reportado,No,NO APLICA,14,59,15,9,1,17/09/2022,2
20,Kansas,200234,1,1,1,0,173,SEDGWICK (173),5880,WICHITA,5,Mayo,1,2022,2,12,W COTTONTAIL LN,6,Calle Local Municipalidad,Urbano,Local,City or Municipal Highway Agency,0,Sin jurisdiccion especial,99998,37.69485556,-97.43436389,Peaton,El primer evento no fue una colision con un vehiculo automotor en transporte,Not an Intersection,No fue interseccion,Sobre calle,Ninguna,Oscuro con iluminacion,No reportado,No,NO APLICA,2,99,2,99,1,01/05/2022,2
20,Kansas,200235,0,0,1,0,91,JOHNSON (91),0,NO APLICA,9,Septiembre,12,2022,18,43,MISSION RD,8,Otro,Urbano,Colector Mayor,County Highway Agency,0,Sin jurisdiccion especial,99998,38.82095,-94.63063056,Arbol,El primer evento no fue una colision con un vehiculo automotor en transporte,Not an Intersection,No fue interseccion,Sobre el lado de la calle,Ninguna,Dia total,No reportado,No,NO APLICA,18,43,18,51,1,12/09/2022,2
20,Kansas,200236,0,0,1,0,185,STAFFORD (185),0,NO APLICA,9,Septiembre,19,2022,7,35,20TH ST,8,Otro,Rural,Colector Menor,County Highway Agency,0,Sin jurisdiccion especial,0,37.98494722,-98.72286389,Arbol,El primer evento no fue una colision con un vehiculo automotor en transporte,Not an Intersection,No fue interseccion,Sobre el lado de la calle,Ninguna,Dia total,Despejado,No,NO APLICA,7,39,7,46,1,19/09/2022,1
20,Kansas,200237,0,0,1,0,117,MARSHALL (117),3560,MARYSVILLE,9,Septiembre,13,2022,7,50,7TH RD,8,Otro,Rural,Local,County Highway Agency,0,Sin jurisdiccion especial,0,39.82568611,-96.69406667,Valla Ferrocarril,El primer evento no fue una colision con un vehiculo automotor en transporte,Not an Intersection,No fue interseccion,Sobre el lado de la calle,Ninguna,Amanecer,No reportado,No,NO APLICA,88,88,88,88,1,13/09/2022,3
20,Kansas,200238,0,0,2,0,143,OTTAWA (143),0,NO APLICA,7,Julio,20,2022,7,43,US-081,2,US Highway,Rural,Arterial Principal -Freeway o ExpressWay,State Highway Agency,1,Sin jurisdiccion especial,1801,39.23396111,-97.66816944,Vehiculo en movimiento,Angulo,Four-Way Intersection,Interseccion de 4 direcciones,Sobre calle,Ninguna,Dia total,Despejado,No,NO APLICA,7,47,7,58,1,20/07/2022,3
20,Kansas,200239,0,0,1,0,177,SHAWNEE (177),0,NO APLICA,9,Septiembre,17,2022,17,40,46TH ST,8,Otro,Rural,Colector Mayor,County Highway Agency,0,Sin jurisdiccion especial,0,39.12945278,-95.77544167,Barda,El primer evento no fue una colision con un vehiculo automotor en transporte,Not an Intersection,No fue interseccion,Sobre el lado de la calle,Ninguna,Dia total,No reportado,No,NO APLICA,17,42,17,52,1,17/09/2022,1
20,Kansas,200240,1,1,1,0,27,CLAY (27),980,CLAY CENTER,9,Septiembre,20,2022,6,39,LINCOLN AVE,6,Calle Local Municipalidad,Rural,Local,City or Municipal Highway Agency,0,Sin jurisdiccion especial,0,39.37621389,-97.12472778,Peaton,El primer evento no fue una colision con un vehiculo automotor en transporte,Four-Way Intersection,Interseccion de 4 direcciones,Sobre calle,Ninguna,Amanecer,Despejado,Yes,NO APLICA,6,44,6,47,1,20/09/2022,1
20,Kansas,200242,1,1,1,0,125,MONTGOMERY (125),0,NO APLICA,9,Septiembre,29,2022,6,48,CR-4475 OAK ST,8,Otro,Rural,Colector Mayor,County Highway Agency,0,Sin jurisdiccion especial,99998,37.23637778,-95.72773333,Peaton,El primer evento no fue una colision con un vehiculo automotor en transporte,Not an Intersection,No fue interseccion,Sobre calle,Ninguna,Amanecer,No reportado,No,NO APLICA,6,48,7,2,1,29/09/2022,2
20,Kansas,200244,0,0,2,0,41,DICKINSON (41),0,NO APLICA,9,Septiembre,20,2022,15,29,SR-15,3,Highway estatal,Rural,Arteria Menor,State Highway Agency,0,Sin jurisdiccion especial,1639,38.81318611,-97.22361944,Vehiculo en movimiento,Angulo,Four-Way Intersection,Interseccion de 4 direcciones,Sobre calle,Ninguna,Dia total,Despejado,No,NO APLICA,15,31,15,49,3,20/09/2022,4
20,Kansas,200245,0,0,1,0,35,COWLEY (35),210,ARKANSAS CITY,9,Septiembre,27,2022,5,44,US-77,2,US Highway,Urbano,Arteria Menor,State Highway Agency,0,Sin jurisdiccion especial,99998,37.00225833,-97.04761111,Acotamiento,El primer evento no fue una colision con un vehiculo automotor en transporte,Not an Intersection,No fue interseccion,En el medio,Ninguna,Oscuro sin iluminacion,No reportado,No,NO APLICA,99,99,99,99,1,27/09/2022,1
20,Kansas,200246,0,0,1,0,159,RICE (159),0,NO APLICA,9,Septiembre,24,2022,8,0,SR-4,3,Highway estatal,Rural,Arteria Menor,State Highway Agency,0,Sin jurisdiccion especial,99998,38.52179444,-98.40867222,Culvert,El primer evento no fue una colision con un vehiculo automotor en transporte,Not an Intersection,No fue interseccion,Sobre el lado de la calle,Ninguna,Dia total,No reportado,No,NO APLICA,8,21,8,31,1,24/09/2022,1
20,Kansas,200247,0,0,1,0,185,STAFFORD (185),0,NO APLICA,9,Septiembre,25,2022,19,34,80TH AVE,8,Otro,Rural,Colector Mayor,County Highway Agency,0,Sin jurisdiccion especial,0,37.87674722,-98.600225,Volcadura,El primer evento no fue una colision con un vehiculo automotor en transporte,Not an Intersection,No fue interseccion,Sobre calle,Ninguna,Atardecer,Despejado,No,NO APLICA,19,42,19,56,1,25/09/2022,1
20,Kansas,200248,0,0,1,0,79,HARVEY (79),4000,NEWTON,5,Mayo,9,2022,13,30,1ST ST,8,Otro,Rural,Colector Mayor,County Highway Agency,0,Sin jurisdiccion especial,99998,38.04295278,-97.27470833,Volcadura,El primer evento no fue una colision con un vehiculo automotor en transporte,Not an Intersection,No fue interseccion,Sobre calle,Ninguna,Dia total,No reportado,No,NO APLICA,13,33,13,40,1,09/05/2022,1
20,Kansas,200249,0,0,1,0,37,CRAWFORD (37),0,NO APLICA,8,Agosto,31,2022,20,46,200TH ST,8,Otro,Urbano,Colector Mayor,County Highway Agency,0,Sin jurisdiccion especial,99998,37.44373889,-94.74168333,Acotamiento,El primer evento no fue una colision con un vehiculo automotor en transporte,Not an Intersection,No fue interseccion,Sobre el lado de la calle,Ninguna,Oscuro sin iluminacion,No reportado,No,NO APLICA,99,98,99,98,1,31/08/2022,1
20,Kansas,200250,1,1,1,0,177,SHAWNEE (177),5400,TOPEKA,9,Septiembre,1,2022,13,31,4TH ST,8,Otro,Urbano,Colector Mayor,City or Municipal Highway Agency,0,Sin jurisdiccion especial,99998,39.05441111,-95.67183056,Ciclista,El primer evento no fue una colision con un vehiculo automotor en transporte,Four-Way Intersection,Interseccion de 4 direcciones,Sobre calle,Ninguna,Dia total,No reportado,No,NO APLICA,13,33,13,37,1,01/09/2022,1
20,Kansas,200251,0,0,2,0,113,MCPHERSON (113),0,NO APLICA,9,Septiembre,3,2022,14,28,SR-4,3,Highway estatal,Rural,Arteria Menor,State Highway Agency,0,Sin jurisdiccion especial,99998,38.59793889,-97.64841111,Vehiculo en movimiento,Angulo,Four-Way Intersection,Interseccion de 4 direcciones,Sobre calle,Ninguna,Dia total,Despejado,No,NO APLICA,14,33,14,50,1,03/09/2022,5
20,Kansas,200252,0,0,1,0,111,LYON (111),0,NO APLICA,9,Septiembre,4,2022,12,25,SR-99,3,Highway estatal,Rural,Arteria Menor,State Highway Agency,0,Sin jurisdiccion especial,1300,38.69761389,-96.09413889,Zanja,El primer evento no fue una colision con un vehiculo automotor en transporte,Not an Intersection,No fue interseccion,Sobre el lado de la calle,Ninguna,Dia total,Despejado,No,NO APLICA,12,32,12,58,1,04/09/2022,1
20,Kansas,200253,0,0,2,0,173,SEDGWICK (173),5880,WICHITA,9,Septiembre,10,2022,11,37,I-135,1,Interestatal,Urbano,Interestatal,State Highway Agency,1,Sin jurisdiccion especial,132,37.78099167,-97.3257,Vehiculo en movimiento,Frente a Detrás,Not an Intersection,No fue interseccion,Sobre calle,Construccion,Dia total,lluvia,No,NO APLICA,11,38,11,43,1,10/09/2022,2
20,Kansas,200254,0,0,1,0,91,JOHNSON (91),1340,DE SOTO,9,Septiembre,14,2022,0,15,LEXINGTON AVE,6,Calle Local Municipalidad,Rural,Colector Mayor,City or Municipal Highway Agency,0,Sin jurisdiccion especial,0,38.95078056,-94.992175,Fin de valla,El primer evento no fue una colision con un vehiculo automotor en transporte,Not an Intersection,No fue interseccion,Sobre el lado de la calle,Ninguna,Oscuro sin iluminacion,No reportado,No,NO APLICA,0,19,0,25,1,14/09/2022,1
20,Kansas,200255,0,0,2,0,201,WASHINGTON (201),0,NO APLICA,9,Septiembre,21,2022,15,45,SR-148,3,Highway estatal,Rural,Colector Mayor,State Highway Agency,0,Sin jurisdiccion especial,754,39.84225556,-96.86248611,Vehiculo en movimiento,Angulo,Four-Way Intersection,Interseccion de 4 direcciones,Sobre calle,Ninguna,Dia total,lluvia,No,NO APLICA,15,50,16,0,1,21/09/2022,2
20,Kansas,200256,0,0,2,0,37,CRAWFORD (37),0,NO APLICA,9,Septiembre,24,2022,13,5,200TH ST,8,Otro,Urbano,Colector Mayor,County Highway Agency,0,Sin jurisdiccion especial,99998,37.44038611,-94.74166111,Vehiculo en movimiento,Angulo,Four-Way Intersection,Interseccion de 4 direcciones,Sobre calle,Ninguna,Dia total,No reportado,No,NO APLICA,13,10,13,25,1,24/09/2022,2
20,Kansas,200257,0,0,1,0,111,LYON (111),0,NO APLICA,8,Agosto,30,2022,7,50,I-35,1,Interestatal,Rural,Interestatal,State Highway Agency,1,Sin jurisdiccion especial,1340,38.41133056,-96.11406111,Valla Ferrocarril,El primer evento no fue una colision con un vehiculo automotor en transporte,Not an Intersection,No fue interseccion,En el medio,Ninguna,Dia total,No reportado,No,NO APLICA,7,54,8,0,1,30/08/2022,1
20,Kansas,200258,0,0,1,0,149,POTTAWATOMIE (149),0,NO APLICA,9,Septiembre,27,2022,20,16,ELM SLOUGH RD,8,Otro,Rural,Local,County Highway Agency,0,Sin jurisdiccion especial,0,39.23157778,-96.36036111,Barda,El primer evento no fue una colision con un vehiculo automotor en transporte,Not an Intersection,No fue interseccion,Sobre el lado de la calle,Ninguna,Oscuro sin iluminacion,No reportado,No,NO APLICA,20,16,20,26,1,27/09/2022,2
20,Kansas,200259,0,0,1,0,85,JACKSON (85),0,NO APLICA,9,Septiembre,28,2022,11,41,US-75,2,US Highway,Rural,Arteria Principal,State Highway Agency,1,Sin jurisdiccion especial,2013,39.63842222,-95.73102222,Volcadura,El primer evento no fue una colision con un vehiculo automotor en transporte,Not an Intersection,No fue interseccion,Sobre el lado de la calle,Ninguna,Dia total,Despejado,No,NO APLICA,11,44,11,56,1,28/09/2022,1
20,Kansas,200260,0,0,1,0,27,CLAY (27),2170,GREEN,9,Septiembre,17,2022,22,0,UTAH RD,8,Otro,Rural,Colector Mayor,County Highway Agency,0,Sin jurisdiccion especial,0,39.45784444,-96.99776944,Acotamiento,El primer evento no fue una colision con un vehiculo automotor en transporte,Not an Intersection,No fue interseccion,Sobre el lado de la calle,Ninguna,Reportada como desconocida,Reportado como desconocido,No,NO APLICA,11,4,99,97,1,17/09/2022,1
20,Kansas,200261,0,0,2,0,59,FRANKLIN (59),0,NO APLICA,10,Octubre,11,2022,15,5,SR-33,3,Highway estatal,Rural,Colector Mayor,State Highway Agency,0,Sin jurisdiccion especial,12,38.64180556,-95.08381667,Vehiculo en movimiento,Golpe Lateral - direccion contraria,Not an Intersection,No fue interseccion,Sobre calle,Ninguna,Dia total,Despejado,No,NO APLICA,15,8,15,20,1,11/10/2022,3
20,Kansas,200262,0,0,1,0,93,KEARNY (93),0,NO APLICA,10,Octubre,9,2022,99,99,SR-25,3,Highway estatal,Rural,Arteria Menor,State Highway Agency,0,Sin jurisdiccion especial,610,37.78361667,-101.3636944,Acotamiento,El primer evento no fue una colision con un vehiculo automotor en transporte,Not an Intersection,No fue interseccion,Sobre el lado de la calle,Ninguna,Oscuro sin iluminacion,Neblina o Humo,No,NO APLICA,7,25,7,35,1,09/10/2022,1
20,Kansas,200263,0,0,1,0,45,DOUGLAS (45),0,NO APLICA,10,Octubre,1,2022,99,99,CR-2050,4,Calle del Condado,Rural,Colector Menor,County Highway Agency,0,Sin jurisdiccion especial,0,39.03305833,-95.35650278,Volcadura,El primer evento no fue una colision con un vehiculo automotor en transporte,Not an Intersection,No fue interseccion,Sobre el lado de la calle,Ninguna,Oscuro sin iluminacion,No reportado,No,NO APLICA,22,10,22,24,1,01/10/2022,7
20,Kansas,200264,0,0,2,0,45,DOUGLAS (45),0,NO APLICA,10,Octubre,15,2022,16,28,CR-460,4,Calle del Condado,Rural,Local,County Highway Agency,0,Sin jurisdiccion especial,0,38.81002778,-95.31635556,Vehiculo en movimiento,Frente a frente,Not an Intersection,No fue interseccion,Sobre calle,Ninguna,Dia total,No reportado,No,NO APLICA,16,29,16,43,1,15/10/2022,3
20,Kansas,200265,0,0,2,0,3,ANDERSON (3),0,NO APLICA,10,Octubre,17,2022,16,41,US-169,2,US Highway,Rural,Arteria Principal,State Highway Agency,1,Sin jurisdiccion especial,903,38.17284444,-95.27999444,Vehiculo en movimiento,Frente a Detrás,Four-Way Intersection,Interseccion de 4 direcciones,Sobre calle,Ninguna,Dia total,Despejado,No,NO APLICA,16,44,16,57,1,17/10/2022,2
20,Kansas,200266,0,0,1,0,63,GOVE (63),0,NO APLICA,10,Octubre,16,2022,15,15,CR-78,4,Calle del Condado,Rural,Colector Mayor,County Highway Agency,0,Sin jurisdiccion especial,99998,39.07445,-100.1858944,Volcadura,El primer evento no fue una colision con un vehiculo automotor en transporte,Four-Way Intersection,Interseccion de 4 direcciones,Sobre el lado de la calle,Ninguna,Dia total,No reportado,No,NO APLICA,15,45,15,56,1,16/10/2022,2
20,Kansas,200267,0,0,2,0,173,SEDGWICK (173),3840,MOUNT HOPE,10,Octubre,15,2022,12,15,SR-96,3,Highway estatal,Rural,Arterial Principal -Freeway o ExpressWay,State Highway Agency,1,Sin jurisdiccion especial,2658,37.87627778,-97.66624722,Volcadura,El primer evento no fue una colision con un vehiculo automotor en transporte,Not an Intersection,No fue interseccion,Sobre calle,Ninguna,Dia total,Despejado,No,NO APLICA,12,18,12,33,1,15/10/2022,2
20,Kansas,200268,0,0,1,0,69,GRAY (69),0,NO APLICA,10,Octubre,16,2022,99,99,US-50,2,US Highway,Rural,Arteria Principal,State Highway Agency,1,Sin jurisdiccion especial,908,37.85830833,-100.5225417,Volcadura,El primer evento no fue una colision con un vehiculo automotor en transporte,Not an Intersection,No fue interseccion,Sobre el lado de la calle,Ninguna,Reportada como desconocida,No reportado,No,NO APLICA,7,29,7,42,1,16/10/2022,1
20,Kansas,200269,0,0,1,0,209,WYANDOTTE (209),2820,KANSAS CITY,5,Mayo,29,2022,2,46,JAMES ST,6,Calle Local Municipalidad,Urbano,Arteria Menor,City or Municipal Highway Agency,0,Sin jurisdiccion especial,0,39.11060833,-94.61475278,Banqueta,El primer evento no fue una colision con un vehiculo automotor en transporte,Not an Intersection,No fue interseccion,Sobre el lado de la calle,Ninguna,Reportada como desconocida,No reportado,No,NO APLICA,15,38,15,46,1,29/05/2022,1
20,Kansas,200270,0,0,1,0,161,RILEY (161),0,NO APLICA,9,Septiembre,4,2022,19,8,DEEP CREEK RD,8,Otro,Rural,Colector Mayor,County Highway Agency,0,Sin jurisdiccion especial,0,39.13974167,-96.51143056,Acotamiento,El primer evento no fue una colision con un vehiculo automotor en transporte,Not an Intersection,No fue interseccion,Sobre el lado de la calle,Ninguna,Dia total,Despejado,No,NO APLICA,19,11,19,23,1,04/09/2022,1
20,Kansas,200271,0,0,1,0,173,SEDGWICK (173),5880,WICHITA,9,Septiembre,16,2022,3,30,I-135,1,Interestatal,Urbano,Interestatal,State Highway Agency,1,Sin jurisdiccion especial,122,37.76669444,-97.32291389,Valla Ferrocarril,El primer evento no fue una colision con un vehiculo automotor en transporte,Not an Intersection,No fue interseccion,Sobre el lado de la calle,Construccion,Oscuro con iluminacion,No reportado,No,NO APLICA,3,40,3,48,1,16/09/2022,1
20,Kansas,200272,0,0,2,1,91,JOHNSON (91),5090,SHAWNEE,9,Septiembre,30,2022,14,49,I-435,1,Interestatal,Urbano,Interestatal,State Highway Agency,1,Sin jurisdiccion especial,99998,38.99217222,-94.77785278,Vehiculo Aparcado,El primer evento no fue una colision con un vehiculo automotor en transporte,Not an Intersection,No fue interseccion,Sobre Acotamiento,Ninguna,Dia total,No reportado,No,NO APLICA,14,52,15,1,1,30/09/2022,1
20,Kansas,200273,0,0,2,0,173,SEDGWICK (173),0,NO APLICA,10,Octubre,7,2022,21,26,135TH ST,8,Otro,Urbano,Colector Mayor,County Highway Agency,0,Sin jurisdiccion especial,99998,37.73661944,-97.49912222,Vehiculo en movimiento,Angulo,Four-Way Intersection,Interseccion de 4 direcciones,Sobre calle,Ninguna,Oscuro sin iluminacion,No reportado,No,NO APLICA,21,27,21,36,1,07/10/2022,2
20,Kansas,200276,0,0,2,0,45,DOUGLAS (45),0,NO APLICA,10,Octubre,12,2022,22,36,1300RD,8,Otro,Urbano,Arteria Menor,County Highway Agency,0,Sin jurisdiccion especial,99998,38.928175,-95.22975,Vehiculo en movimiento,Frente a frente,Not an Intersection,No fue interseccion,Sobre calle,Ninguna,Oscuro sin iluminacion,No reportado,No,NO APLICA,22,37,22,43,1,12/10/2022,4
20,Kansas,200277,0,0,1,0,21,CHEROKEE (21),0,NO APLICA,7,Julio,30,2022,23,5,US-166,2,US Highway,Rural,Arteria Principal,State Highway Agency,1,Sin jurisdiccion especial,99998,37.03171111,-94.90797778,Animal vivo,El primer evento no fue una colision con un vehiculo automotor en transporte,Not an Intersection,No fue interseccion,Sobre calle,Ninguna,Oscuro sin iluminacion,No reportado,No,NO APLICA,23,9,23,21,1,30/07/2022,2
20,Kansas,200278,0,0,1,0,115,MARION (115),0,NO APLICA,8,Agosto,21,2022,23,51,US-50,2,US Highway,Rural,Arteria Principal,State Highway Agency,1,Sin jurisdiccion especial,2900,38.17445,-97.12068056,Animal vivo,El primer evento no fue una colision con un vehiculo automotor en transporte,Not an Intersection,No fue interseccion,Sobre calle,Ninguna,Oscuro sin iluminacion,No reportado,No,NO APLICA,99,98,99,98,1,21/08/2022,1
20,Kansas,200279,1,1,1,0,209,WYANDOTTE (209),2820,KANSAS CITY,9,Septiembre,14,2022,8,1,METROPOLITAN AVE,8,Otro,Urbano,Arteria Menor,City or Municipal Highway Agency,0,Sin jurisdiccion especial,99998,39.07313056,-94.67710833,Peaton,El primer evento no fue una colision con un vehiculo automotor en transporte,Four-Way Intersection,Interseccion de 4 direcciones,Sobre calle,Ninguna,Dia total,No reportado,No,NO APLICA,8,2,8,5,1,14/09/2022,1
20,Kansas,200280,0,0,2,0,209,WYANDOTTE (209),2820,KANSAS CITY,10,Octubre,7,2022,13,0,SR-32 KAW DR,3,Highway estatal,Urbano,Arteria Principal,State Highway Agency,1,Sin jurisdiccion especial,99998,39.09235,-94.72799722,Vehiculo en movimiento,Angulo,Four-Way Intersection,Interseccion de 4 direcciones,Sobre calle,Ninguna,Dia total,No reportado,No,NO APLICA,13,9,13,16,1,07/10/2022,2
20,Kansas,200281,0,0,1,0,169,SALINE (169),4900,SALINA,10,Octubre,11,2022,20,21,BELMONT BLVD,6,Calle Local Municipalidad,Urbano,Arteria Menor,City or Municipal Highway Agency,0,Sin jurisdiccion especial,0,38.80113056,-97.60152778,Objeto fijo desconocido,El primer evento no fue una colision con un vehiculo automotor en transporte,Not an Intersection,No fue interseccion,Sobre el lado de la calle,Ninguna,Oscuro con iluminacion,No reportado,No,NO APLICA,20,24,20,26,1,11/10/2022,1
20,Kansas,200282,0,0,1,0,145,PAWNEE (145),0,NO APLICA,10,Octubre,18,2022,19,0,US-183,2,US Highway,Rural,Arteria Menor,State Highway Agency,0,Sin jurisdiccion especial,1143,38.30842778,-99.30704167,Volcadura,El primer evento no fue una colision con un vehiculo automotor en transporte,Not an Intersection,No fue interseccion,Sobre el lado de la calle,Ninguna,Atardecer,Despejado,No,NO APLICA,19,8,19,25,1,18/10/2022,1
20,Kansas,200283,0,0,2,0,173,SEDGWICK (173),5880,WICHITA,10,Octubre,12,2022,18,48,HYDRAULIC AVE,8,Otro,Urbano,Colector Mayor,City or Municipal Highway Agency,0,Sin jurisdiccion especial,99998,37.64595556,-97.31718056,Vehiculo en movimiento,Angulo,T-Intersection,Interseccion de T,Sobre calle,Ninguna,Atardecer,No reportado,No,NO APLICA,18,51,18,57,1,12/10/2022,4
20,Kansas,200285,0,0,2,0,99,LABETTE (99),4370,PARSONS,10,Octubre,27,2022,21,12,US-400,2,US Highway,Urbano,Arteria Principal,State Highway Agency,1,Sin jurisdiccion especial,4011,37.36927778,-95.27513611,Vehiculo en movimiento,Frente a frente,Not an Intersection,No fue interseccion,Sobre Acotamiento,Ninguna,Oscuro sin iluminacion,Despejado,No,NO APLICA,21,15,21,23,1,27/10/2022,3
20,Kansas,200286,0,0,2,0,37,CRAWFORD (37),0,NO APLICA,10,Octubre,15,2022,12,21,200TH ST,8,Otro,Rural,Colector Mayor,County Highway Agency,0,Sin jurisdiccion especial,99998,37.36766944,-94.74134444,Vehiculo en movimiento,Angulo,Four-Way Intersection,Interseccion de 4 direcciones,Sobre calle,Ninguna,Dia total,Nublado,No,NO APLICA,12,22,12,26,1,15/10/2022,9
20,Kansas,200287,0,0,2,0,145,PAWNEE (145),0,NO APLICA,10,Octubre,10,2022,18,44,SR-156,3,Highway estatal,Rural,Arteria Menor,State Highway Agency,0,Sin jurisdiccion especial,99998,38.18957778,-99.31438056,Vehiculo en movimiento,Angulo,Four-Way Intersection,Interseccion de 4 direcciones,Sobre calle,Ninguna,Dia total,No reportado,No,NO APLICA,18,45,18,57,2,10/10/2022,3
20,Kansas,200288,1,1,1,0,91,JOHNSON (91),3080,LENEXA,11,Noviembre,3,2022,1,50,I-35,1,Interestatal,Urbano,Interestatal,State Highway Agency,1,Sin jurisdiccion especial,2211,38.92165278,-94.76287222,Peaton,El primer evento no fue una colision con un vehiculo automotor en transporte,Not an Intersection,No fue interseccion,Sobre calle,Ninguna,Oscuro sin iluminacion,Despejado,No,NO APLICA,1,55,2,2,1,03/11/2022,2
20,Kansas,200290,0,0,1,0,91,JOHNSON (91),3080,LENEXA,10,Octubre,19,2022,12,51,87TH ST PKWY,8,Otro,Urbano,Arteria Menor,City or Municipal Highway Agency,0,Sin jurisdiccion especial,99998,38.97104722,-94.73609722,Banqueta,El primer evento no fue una colision con un vehiculo automotor en transporte,Not an Intersection,No fue interseccion,Sobre el lado de la calle,Ninguna,Dia total,No reportado,No,NO APLICA,12,55,12,56,1,19/10/2022,1
20,Kansas,200291,0,0,2,0,89,JEWELL (89),710,BURR OAK,11,Noviembre,4,2022,14,0,SR-128,3,Highway estatal,Rural,Colector Mayor,State Highway Agency,0,Sin jurisdiccion especial,99998,39.82823611,-98.30605278,Vehiculo en movimiento,Angulo,Four-Way Intersection,Interseccion de 4 direcciones,Sobre calle,Ninguna,Dia total,No reportado,No,NO APLICA,14,11,14,28,1,04/11/2022,2
20,Kansas,200292,0,0,2,0,173,SEDGWICK (173),4342,PARK CITY,10,Octubre,27,2022,5,55,53RD ST,6,Calle Local Municipalidad,Urbano,Colector Mayor,City or Municipal Highway Agency,0,Sin jurisdiccion especial,0,37.78133889,-97.32743333,Vehiculo en movimiento,Frente a frente,Four-Way Intersection,Interseccion de 4 direcciones,Sobre calle,Ninguna,Amanecer,No reportado,No,NO APLICA,6,1,6,3,1,27/10/2022,2
20,Kansas,200293,0,0,2,0,177,SHAWNEE (177),0,NO APLICA,10,Octubre,8,2022,9,7,I-335,1,Interestatal,Rural,Interestatal,Other State Agency,1,Sin jurisdiccion especial,1722,38.93971389,-95.75021944,Vehiculo en movimiento,Angulo,Not an Intersection,No fue interseccion,Sobre calle,Ninguna,Dia total,Despejado,No,NO APLICA,9,13,9,23,3,08/10/2022,7
20,Kansas,200294,0,0,1,0,167,RUSSELL (167),0,NO APLICA,10,Octubre,19,2022,14,37,US-281,2,US Highway,Rural,Arteria Menor,State Highway Agency,0,Sin jurisdiccion especial,1485,38.95094722,-98.85456944,Barda,El primer evento no fue una colision con un vehiculo automotor en transporte,Not an Intersection,No fue interseccion,Sobre el lado de la calle,Ninguna,Dia total,Despejado,No,NO APLICA,14,39,14,43,1,19/10/2022,1