Estado,Nombre de Estado,Numero de Caso,Peatones,Personas _no_vehiculos,Vehiculos automotores,Vehiculos estacionados,Condado,Nombre Condado,Ciudad,Nombre Ciudad,Mes,Nombre Mes,Dia,Año,Hora,Minuto,Calle,Ruta,Nombre Ruta,Rural o Urbanoo,Sistema Funcional,Dueño Calle,Sistema Nacional Carreteras,Jurisdiccion Especial,Milla,Latitud,Longitud,Causa del Accidente,Tipo de Accidente,Tipo Interseccion,Columna1,Lugar en la calle,Zona de Trabajo,Luz,Clima,Autobus Escolar,Cruce de Trenes,Hora Notificacion,Minuto Notificacion,Hora Llegada,Minuto Llegada,Decesos,Fecha,PersonaVehiculo
20,Kansas,200295,0,0,2,0,173,SEDGWICK (173),0,NO APLICA,10,Octubre,10,2022,7,0,SR-15,3,Highway estatal,Urbano,Arteria Principal,State Highway Agency,1,Sin jurisdiccion especial,99998,37.59156389,-97.2848,Vehiculo en movimiento,Angulo,Four-Way Intersection,Interseccion de 4 direcciones,Sobre calle,Ninguna,Amanecer,No reportado,No,NO APLICA,7,5,7,11,1,10/10/2022,2
20,Kansas,200296,0,0,2,0,201,WASHINGTON (201),0,NO APLICA,10,Octubre,19,2022,13,53,SR-148,3,Highway estatal,Rural,Colector Mayor,State Highway Agency,0,Sin jurisdiccion especial,715,39.78228889,-96.86286111,Vehiculo en movimiento,Angulo,Not an Intersection,No fue interseccion,Sobre calle,Ninguna,Dia total,Despejado,No,NO APLICA,14,0,14,9,1,19/10/2022,2
20,Kansas,200297,1,1,1,0,209,WYANDOTTE (209),2820,KANSAS CITY,11,Noviembre,7,2022,11,3,I-35,1,Interestatal,Urbano,Interestatal,State Highway Agency,1,Sin jurisdiccion especial,2348,39.07081111,-94.61818056,Ciclista,El primer evento no fue una colision con un vehiculo automotor en transporte,Four-Way Intersection,Interseccion de 4 direcciones,Sobre calle,Ninguna,Dia total,Despejado,No,NO APLICA,11,5,11,14,1,07/11/2022,1
20,Kansas,200298,1,1,1,0,173,SEDGWICK (173),5880,WICHITA,9,Septiembre,27,2022,7,33,MACARTHUR RD,8,Otro,Urbano,Arteria Menor,City or Municipal Highway Agency,0,Sin jurisdiccion especial,99998,37.62251389,-97.33429722,No vehiculo o remolque,El primer evento no fue una colision con un vehiculo automotor en transporte,Four-Way Intersection,Interseccion de 4 direcciones,Sobre calle,Ninguna,Dia total,No reportado,No,NO APLICA,7,33,7,40,1,27/09/2022,1
20,Kansas,200299,0,0,1,0,63,GOVE (63),0,NO APLICA,10,Octubre,29,2022,22,45,CR-30,4,Calle del Condado,Rural,Colector Mayor,County Highway Agency,0,Sin jurisdiccion especial,0,39.05603333,-100.6286389,Zanja,El primer evento no fue una colision con un vehiculo automotor en transporte,Not an Intersection,No fue interseccion,Sobre el lado de la calle,Ninguna,Oscuro sin iluminacion,Despejado,No,NO APLICA,99,98,99,98,1,29/10/2022,1
20,Kansas,200301,0,0,2,0,49,ELK (49),0,NO APLICA,11,Noviembre,3,2022,9,50,SR-99,3,Highway estatal,Rural,Arteria Menor,State Highway Agency,0,Sin jurisdiccion especial,399,37.53435833,-96.25425556,Vehiculo en movimiento,Angulo,Not an Intersection,No fue interseccion,Sobre calle,Ninguna,Dia total,No reportado,No,NO APLICA,9,52,9,59,1,03/11/2022,2
20,Kansas,200302,1,1,1,0,173,SEDGWICK (173),0,NO APLICA,9,Septiembre,3,2022,8,44,109TH ST,8,Otro,Rural,Colector Menor,County Highway Agency,0,Sin jurisdiccion especial,99998,37.88326111,-97.48718056,Ciclista,El primer evento no fue una colision con un vehiculo automotor en transporte,Not an Intersection,No fue interseccion,Sobre calle,Ninguna,Dia total,No reportado,No,NO APLICA,8,45,9,3,1,03/09/2022,1
20,Kansas,200303,0,0,2,0,95,KINGMAN (95),2850,KINGMAN,11,Noviembre,5,2022,9,45,60TH ST,8,Otro,Rural,Colector Mayor,County Highway Agency,0,Sin jurisdiccion especial,99998,37.56110556,-97.93575,Vehiculo en movimiento,Angulo,Four-Way Intersection,Interseccion de 4 direcciones,Sobre calle,Ninguna,Dia total,Despejado,No,NO APLICA,9,53,10,5,1,05/11/2022,2
20,Kansas,200304,0,0,1,0,103,LEAVENWORTH (103),0,NO APLICA,10,Octubre,22,2022,21,0,251ST ST,8,Otro,Rural,Local,County Highway Agency,0,Sin jurisdiccion especial,0,39.28860556,-95.16101111,Acotamiento,El primer evento no fue una colision con un vehiculo automotor en transporte,Y-Intersection,Interseccion de Y,Sobre el lado de la calle,Ninguna,Oscuro sin iluminacion,No reportado,No,NO APLICA,21,6,99,97,1,22/10/2022,1
20,Kansas,200305,1,1,1,0,173,SEDGWICK (173),5880,WICHITA,10,Octubre,2,2022,1,12,LINCOLN ST,8,Otro,Urbano,Colector Mayor,City or Municipal Highway Agency,0,Sin jurisdiccion especial,0,37.67174444,-97.31141111,Peaton,El primer evento no fue una colision con un vehiculo automotor en transporte,Not an Intersection,No fue interseccion,Sobre calle,Ninguna,Oscuro con iluminacion,No reportado,No,NO APLICA,1,12,1,18,1,02/10/2022,2
20,Kansas,200306,0,0,2,0,57,FORD (57),0,NO APLICA,10,Octubre,20,2022,19,50,US-283,2,US Highway,Urbano,Arteria Principal,State Highway Agency,1,Sin jurisdiccion especial,99998,37.72940833,-99.97926944,Vehiculo en movimiento,Angulo,Four-Way Intersection,Interseccion de 4 direcciones,Sobre calle,Ninguna,Oscuro con iluminacion,No reportado,No,NO APLICA,20,3,20,6,1,20/10/2022,2
20,Kansas,200307,0,0,3,0,191,SUMNER (191),0,NO APLICA,10,Octubre,29,2022,13,32,I-35,1,Interestatal,Rural,Interestatal,State Toll Road,1,Sin jurisdiccion especial,264,37.37725556,-97.32354167,Vehiculo en movimiento,Angulo,Not an Intersection,No fue interseccion,Sobre calle,Construccion,Dia total,Nublado,No,NO APLICA,13,37,13,47,3,29/10/2022,7
20,Kansas,200309,0,0,2,0,91,JOHNSON (91),3705,MISSION,11,Noviembre,10,2022,19,0,I-35,1,Interestatal,Urbano,Interestatal,State Highway Agency,1,Sin jurisdiccion especial,2314,39.04265,-94.66425833,Vehiculo en movimiento,Golpe Lateral - misma direccion,Not an Intersection,No fue interseccion,Sobre calle,Ninguna,Oscuro con iluminacion,lluvia,No,NO APLICA,19,0,19,9,1,10/11/2022,2
20,Kansas,200310,0,0,2,0,91,JOHNSON (91),1480,EDGERTON,10,Octubre,7,2022,11,35,US-56,2,US Highway,Rural,Arteria Principal,State Highway Agency,1,Sin jurisdiccion especial,99998,38.76919722,-95.00108611,Vehiculo en movimiento,Angulo,Four-Way Intersection,Interseccion de 4 direcciones,Sobre calle,Ninguna,Dia total,No reportado,No,NO APLICA,11,38,11,44,1,07/10/2022,2
20,Kansas,200311,0,0,1,0,209,WYANDOTTE (209),2820,KANSAS CITY,10,Octubre,27,2022,2,59,55TH ST,6,Calle Local Municipalidad,Urbano,Local,City or Municipal Highway Agency,0,Sin jurisdiccion especial,0,39.12320556,-94.70459167,Zanja,El primer evento no fue una colision con un vehiculo automotor en transporte,T-Intersection,Interseccion de T,Sobre el lado de la calle,Ninguna,Oscuro con iluminacion,No reportado,No,NO APLICA,3,0,3,9,2,27/10/2022,3
20,Kansas,200312,0,0,2,0,115,MARION (115),0,NO APLICA,11,Noviembre,5,2022,9,20,SR-15,3,Highway estatal,Rural,Arteria Menor,State Highway Agency,0,Sin jurisdiccion especial,99998,38.47296944,-97.22464167,Vehiculo en movimiento,Frente a frente,Not an Intersection,No fue interseccion,Sobre calle,Ninguna,Dia total,No reportado,No,NO APLICA,9,21,9,31,1,05/11/2022,5
20,Kansas,200313,0,0,1,0,209,WYANDOTTE (209),2820,KANSAS CITY,11,Noviembre,2,2022,22,50,DONAHOO RD,6,Calle Local Municipalidad,Urbano,Local,City or Municipal Highway Agency,0,Sin jurisdiccion especial,0,39.15768611,-94.73726389,Volcadura,El primer evento no fue una colision con un vehiculo automotor en transporte,Not an Intersection,No fue interseccion,Sobre el lado de la calle,Ninguna,Oscuro sin iluminacion,No reportado,No,NO APLICA,99,99,99,99,1,02/11/2022,1
20,Kansas,200314,0,0,2,0,209,WYANDOTTE (209),2820,KANSAS CITY,10,Octubre,11,2022,19,6,MINNESOTA AVE,6,Calle Local Municipalidad,Urbano,Arteria Menor,City or Municipal Highway Agency,0,Sin jurisdiccion especial,0,39.11536389,-94.66418333,Vehiculo en movimiento,Angulo,Four-Way Intersection,Interseccion de 4 direcciones,Sobre calle,Ninguna,Oscuro con iluminacion,No reportado,No,NO APLICA,19,7,19,12,1,11/10/2022,2
20,Kansas,200315,2,2,1,0,173,SEDGWICK (173),5880,WICHITA,11,Noviembre,10,2022,18,40,I-135,1,Interestatal,Urbano,Interestatal,State Highway Agency,1,Sin jurisdiccion especial,99,37.74266944,-97.31435,Peaton,El primer evento no fue una colision con un vehiculo automotor en transporte,Not an Intersection,No fue interseccion,Sobre Acotamiento,Ninguna,Oscuro con iluminacion,Nublado,No,NO APLICA,18,43,18,45,2,10/11/2022,1
20,Kansas,200316,0,0,1,0,209,WYANDOTTE (209),2820,KANSAS CITY,11,Noviembre,21,2022,16,0,I-635,1,Interestatal,Urbano,Interestatal,State Highway Agency,1,Sin jurisdiccion especial,44,39.10307778,-94.67994167,Culvert,El primer evento no fue una colision con un vehiculo automotor en transporte,Not an Intersection,No fue interseccion,Sobre el lado de la calle,Ninguna,Dia total,Despejado,No,NO APLICA,16,5,16,17,2,21/11/2022,2
20,Kansas,200317,0,0,2,0,37,CRAWFORD (37),0,NO APLICA,11,Noviembre,21,2022,19,50,US-400,2,US Highway,Rural,Arteria Principal,State Highway Agency,1,Sin jurisdiccion especial,4179,37.34003056,-94.98334444,Vehiculo en movimiento,Frente a frente,Not an Intersection,No fue interseccion,Sobre calle,Ninguna,Oscuro sin iluminacion,No reportado,No,NO APLICA,20,10,20,30,1,21/11/2022,2
20,Kansas,200318,0,0,1,0,159,RICE (159),0,NO APLICA,11,Noviembre,20,2022,18,0,31ST RD,8,Otro,Rural,Colector Mayor,County Highway Agency,0,Sin jurisdiccion especial,0,38.259125,-97.92248333,Otra no colicion,El primer evento no fue una colision con un vehiculo automotor en transporte,Not an Intersection,No fue interseccion,Sobre el lado de la calle,Ninguna,Reportada como desconocida,No reportado,No,NO APLICA,99,98,99,98,1,20/11/2022,1
20,Kansas,200319,0,0,1,0,191,SUMNER (191),0,NO APLICA,11,Noviembre,26,2022,2,0,CHICASKIA RD,8,Otro,Rural,Local,County Highway Agency,0,Sin jurisdiccion especial,0,37.00180556,-97.58244167,Acotamiento,El primer evento no fue una colision con un vehiculo automotor en transporte,Not an Intersection,No fue interseccion,Sobre el lado de la calle,Ninguna,Oscuro sin iluminacion,No reportado,No,NO APLICA,10,14,10,35,1,26/11/2022,1
20,Kansas,200320,0,0,2,0,131,NEMAHA (131),0,NO APLICA,11,Noviembre,6,2022,10,38,Y RD ACORN RD,6,Calle Local Municipalidad,Rural,Colector Mayor,City or Municipal Highway Agency,0,Sin jurisdiccion especial,0,39.8853,-95.78833333,Vehiculo en movimiento,Angulo,Four-Way Intersection,Interseccion de 4 direcciones,Sobre calle,Ninguna,Dia total,No reportado,No,NO APLICA,10,41,10,44,1,06/11/2022,2
20,Kansas,200321,0,0,2,0,161,RILEY (161),3490,MANHATTAN,11,Noviembre,7,2022,18,24,US-24 TUTTLE CREEK BLVD,2,US Highway,Urbano,Arteria Principal,State Highway Agency,1,Sin jurisdiccion especial,3149,39.20634167,-96.56957778,Vehiculo en movimiento,Golpe Lateral - direccion contraria,Four-Way Intersection,Interseccion de 4 direcciones,Sobre calle,Ninguna,Oscuro sin iluminacion,No reportado,No,NO APLICA,18,26,18,30,1,07/11/2022,2
20,Kansas,200322,0,0,1,0,37,CRAWFORD (37),0,NO APLICA,12,Diciembre,5,2022,23,20,220TH RD,8,Otro,Urbano,Local,County Highway Agency,0,Sin jurisdiccion especial,99998,37.37480833,-94.70525,Otro objeto (fijo),El primer evento no fue una colision con un vehiculo automotor en transporte,Not an Intersection,No fue interseccion,Sobre el lado de la calle,Ninguna,Oscuro sin iluminacion,lluvia,No,NO APLICA,23,28,23,34,1,05/12/2022,1
20,Kansas,200323,0,0,1,0,149,POTTAWATOMIE (149),0,NO APLICA,11,Noviembre,20,2022,6,0,US-24,2,US Highway,Rural,Arteria Principal,State Highway Agency,1,Sin jurisdiccion especial,3412,39.21589722,-96.12100833,Volcadura,El primer evento no fue una colision con un vehiculo automotor en transporte,Not an Intersection,No fue interseccion,Sobre calle,Ninguna,Oscuro sin iluminacion,No reportado,No,NO APLICA,6,10,6,16,1,20/11/2022,1
20,Kansas,200324,0,0,2,0,57,FORD (57),1370,DODGE CITY,11,Noviembre,26,2022,17,55,US-283,2,US Highway,Rural,Arteria Principal,State Highway Agency,1,Sin jurisdiccion especial,499,37.70888611,-100.0151694,Vehiculo en movimiento,Frente a frente,Not an Intersection,No fue interseccion,Sobre calle,Ninguna,Oscuro sin iluminacion,lluvia,No,NO APLICA,18,0,18,6,1,26/11/2022,3
20,Kansas,200325,0,0,1,0,103,LEAVENWORTH (103),0,NO APLICA,11,Noviembre,17,2022,19,30,LOGAN RD,5,Calle Local - Pueblo,Rural,Colector Mayor,County Highway Agency,0,Sin jurisdiccion especial,0,39.40422778,-95.01391111,Zanja,El primer evento no fue una colision con un vehiculo automotor en transporte,Not an Intersection,No fue interseccion,Sobre el lado de la calle,Ninguna,Oscuro sin iluminacion,No reportado,No,NO APLICA,88,88,88,88,1,17/11/2022,1
20,Kansas,200326,0,0,2,0,91,JOHNSON (91),0,NO APLICA,9,Septiembre,4,2022,0,37,I-35,1,Interestatal,Rural,Interestatal,State Highway Agency,1,Sin jurisdiccion especial,2110,38.81276944,-94.88032222,Vehiculo en movimiento,Angulo,Not an Intersection,No fue interseccion,Sobre calle,Ninguna,Oscuro con iluminacion,No reportado,No,NO APLICA,99,98,99,98,1,04/09/2022,2
20,Kansas,200327,0,0,1,0,191,SUMNER (191),0,NO APLICA,8,Agosto,30,2022,16,50,SR-49,3,Highway estatal,Rural,Colector Mayor,State Highway Agency,0,Sin jurisdiccion especial,99998,37.10631111,-97.60095833,Poste,El primer evento no fue una colision con un vehiculo automotor en transporte,Not an Intersection,No fue interseccion,Sobre el lado de la calle,Ninguna,Dia total,Despejado,No,NO APLICA,16,56,17,1,1,30/08/2022,1
20,Kansas,200328,1,1,1,0,177,SHAWNEE (177),5400,TOPEKA,10,Octubre,5,2022,8,30,TOPEKA BLVD,8,Otro,Urbano,Arteria Principal,City or Municipal Highway Agency,1,Sin jurisdiccion especial,99998,38.99979722,-95.68774444,Peaton,El primer evento no fue una colision con un vehiculo automotor en transporte,Not an Intersection,No fue interseccion,Sobre calle,Ninguna,Dia total,No reportado,No,NO APLICA,8,31,8,39,1,05/10/2022,1
20,Kansas,200329,0,0,2,0,173,SEDGWICK (173),5880,WICHITA,11,Noviembre,6,2022,19,11,MACARTHUR RD,6,Calle Local Municipalidad,Urbano,Colector Mayor,City or Municipal Highway Agency,0,Sin jurisdiccion especial,0,37.62234444,-97.36210278,Vehiculo en movimiento,Angulo,Not an Intersection,No fue interseccion,Sobre calle,Ninguna,Dia total,No reportado,No,NO APLICA,16,10,16,16,1,06/11/2022,2
20,Kansas,200330,0,0,2,0,61,GEARY (61),0,NO APLICA,11,Noviembre,12,2022,3,0,I-70,1,Interestatal,Rural,Interestatal,State Highway Agency,1,Sin jurisdiccion especial,3155,39.06358333,-96.51524444,Vehiculo en movimiento,Frente a frente,Not an Intersection,No fue interseccion,Sobre calle,Ninguna,Oscuro sin iluminacion,Despejado,No,NO APLICA,3,4,3,25,2,12/11/2022,2
20,Kansas,200331,0,0,2,0,87,JEFFERSON (87),4430,PERRY,11,Noviembre,12,2022,22,48,US-24,2,US Highway,Rural,Arteria Principal,State Highway Agency,1,Sin jurisdiccion especial,3902,39.06569167,-95.31886389,Vehiculo en movimiento,Angulo,Not an Intersection,No fue interseccion,Sobre calle,Ninguna,Oscuro sin iluminacion,Despejado,No,NO APLICA,22,48,23,1,1,12/11/2022,2
20,Kansas,200332,0,0,2,0,79,HARVEY (79),4000,NEWTON,11,Noviembre,27,2022,0,11,I-135,1,Interestatal,Urbano,Interestatal,State Highway Agency,1,Sin jurisdiccion especial,293,38.01473333,-97.328125,Vehiculo en movimiento,Frente a frente,Not an Intersection,No fue interseccion,Sobre calle,Ninguna,Oscuro sin iluminacion,lluvia,No,NO APLICA,0,13,0,20,1,27/11/2022,2
20,Kansas,200333,0,0,2,0,187,STANTON (187),2780,JOHNSON,12,Diciembre,1,2022,13,31,SR-27,3,Highway estatal,Rural,Arteria Menor,State Highway Agency,0,Sin jurisdiccion especial,99998,37.56286667,-101.7618667,Vehiculo en movimiento,Angulo,Four-Way Intersection,Interseccion de 4 direcciones,Sobre calle,Ninguna,Dia total,Despejado,No,NO APLICA,13,34,13,37,1,01/12/2022,2
20,Kansas,200334,0,0,3,0,179,SHERIDAN (179),2580,HOXIE,12,Diciembre,2,2022,15,20,US-24,2,US Highway,Rural,Arteria Menor,State Highway Agency,0,Sin jurisdiccion especial,813,39.37940833,-100.5623111,Vehiculo en movimiento,Frente a Detrás,Not an Intersection,No fue interseccion,Sobre calle,Ninguna,Dia total,"Soplando arena, polvo o tierra",No,NO APLICA,15,27,15,47,1,02/12/2022,3
20,Kansas,200335,0,0,2,0,21,CHEROKEE (21),0,NO APLICA,12,Diciembre,5,2022,15,5,US-69 ALT HWY,2,US Highway,Urbano,Arteria Menor,State Highway Agency,0,Sin jurisdiccion especial,38,37.05322778,-94.73569722,Vehiculo en movimiento,Frente a frente,Not an Intersection,No fue interseccion,Sobre calle,Ninguna,Dia total,lluvia,No,NO APLICA,15,6,15,10,1,05/12/2022,3
20,Kansas,200336,0,0,1,0,209,WYANDOTTE (209),2820,KANSAS CITY,12,Diciembre,15,2022,0,33,METROPOLITAN AVE,8,Otro,Urbano,Arteria Menor,City or Municipal Highway Agency,0,Sin jurisdiccion especial,99998,39.07320833,-94.66696944,Muro,El primer evento no fue una colision con un vehiculo automotor en transporte,Not an Intersection,No fue interseccion,Sobre el lado de la calle,Ninguna,Oscuro con iluminacion,No reportado,No,NO APLICA,0,38,0,41,1,15/12/2022,1
20,Kansas,200337,0,0,2,0,173,SEDGWICK (173),4342,PARK CITY,12,Diciembre,6,2022,9,27,HYDRAULIC AVE,8,Otro,Urbano,Colector Mayor,County Highway Agency,0,Sin jurisdiccion especial,0,37.83925833,-97.31746667,Vehiculo en movimiento,Angulo,Four-Way Intersection,Interseccion de 4 direcciones,Sobre calle,Ninguna,Dia total,No reportado,No,NO APLICA,9,27,9,32,1,06/12/2022,2
20,Kansas,200338,0,0,2,0,115,MARION (115),0,NO APLICA,11,Noviembre,25,2022,13,28,US-56,2,US Highway,Rural,Arteria Menor,State Highway Agency,0,Sin jurisdiccion especial,3009,38.36250556,-97.04013611,Vehiculo en movimiento,Angulo,Four-Way Intersection,Interseccion de 4 direcciones,Sobre calle,Ninguna,Dia total,No reportado,No,NO APLICA,13,35,13,38,3,25/11/2022,5
20,Kansas,200339,0,0,2,0,185,STAFFORD (185),0,NO APLICA,12,Diciembre,7,2022,14,22,NE 50TH AVE,8,Otro,Rural,Local,County Highway Agency,0,Sin jurisdiccion especial,99998,38.01351944,-98.65535278,Vehiculo en movimiento,Angulo,Four-Way Intersection,Interseccion de 4 direcciones,Sobre calle,Ninguna,Dia total,Despejado,No,NO APLICA,14,27,14,39,2,07/12/2022,6
20,Kansas,200340,0,0,2,0,173,SEDGWICK (173),1330,DERBY,12,Diciembre,8,2022,22,17,ROCK RD,8,Otro,Urbano,Arteria Menor,County Highway Agency,0,Sin jurisdiccion especial,99998,37.62096944,-97.24428611,Vehiculo en movimiento,Angulo,T-Intersection,Interseccion de T,Sobre calle,Ninguna,Oscuro con iluminacion,No reportado,No,NO APLICA,22,18,22,23,1,08/12/2022,2
20,Kansas,200342,0,0,1,0,125,MONTGOMERY (125),0,NO APLICA,11,Noviembre,10,2022,5,40,US-160,2,US Highway,Rural,Arteria Menor,State Highway Agency,0,Sin jurisdiccion especial,99998,37.26939167,-95.90150833,Volcadura,El primer evento no fue una colision con un vehiculo automotor en transporte,Not an Intersection,No fue interseccion,Sobre el lado de la calle,Ninguna,Oscuro sin iluminacion,No reportado,No,NO APLICA,99,99,99,97,1,10/11/2022,1
20,Kansas,200343,1,1,1,0,173,SEDGWICK (173),5880,WICHITA,9,Septiembre,24,2022,22,50,BROADWAY AVE,6,Calle Local Municipalidad,Urbano,Colector Mayor,City or Municipal Highway Agency,0,Sin jurisdiccion especial,0,37.70490556,-97.33551389,Peaton,El primer evento no fue una colision con un vehiculo automotor en transporte,Not an Intersection,No fue interseccion,Sobre calle,Ninguna,Oscuro con iluminacion,No reportado,No,NO APLICA,22,50,22,55,1,24/09/2022,1
20,Kansas,200344,0,0,2,0,173,SEDGWICK (173),5880,WICHITA,10,Octubre,14,2022,17,28,SENECA ST,6,Calle Local Municipalidad,Urbano,Arteria Menor,City or Municipal Highway Agency,0,Sin jurisdiccion especial,0,37.67735556,-97.35289444,Vehiculo en movimiento,Angulo,Four-Way Intersection,Interseccion de 4 direcciones,Sobre calle,Ninguna,Dia total,No reportado,No,NO APLICA,17,28,17,31,1,14/10/2022,2
20,Kansas,200345,0,0,1,0,173,SEDGWICK (173),5880,WICHITA,9,Septiembre,9,2022,7,58,PAWNEE AVE,8,Otro,Urbano,Arteria Menor,City or Municipal Highway Agency,0,Sin jurisdiccion especial,99998,37.65006111,-97.30991111,Banqueta,El primer evento no fue una colision con un vehiculo automotor en transporte,Not an Intersection,No fue interseccion,Sobre el lado de la calle,Ninguna,Dia total,No reportado,No,NO APLICA,7,58,8,3,1,09/09/2022,1
20,Kansas,200346,0,0,2,0,177,SHAWNEE (177),5400,TOPEKA,12,Diciembre,4,2022,14,28,6TH AVE,8,Otro,Urbano,Arteria Menor,City or Municipal Highway Agency,0,Sin jurisdiccion especial,99998,39.05066111,-95.66899444,Vehiculo en movimiento,Angulo,Four-Way Intersection,Interseccion de 4 direcciones,Sobre calle,Ninguna,Dia total,No reportado,No,NO APLICA,14,33,14,37,2,04/12/2022,3
20,Kansas,200347,0,0,2,0,91,JOHNSON (91),3080,LENEXA,12,Diciembre,13,2022,20,43,WOODLAND RD,8,Otro,Urbano,Arteria Menor,City or Municipal Highway Agency,0,Sin jurisdiccion especial,99998,38.95453333,-94.81626111,Vehiculo en movimiento,Angulo,T-Intersection,Interseccion de T,Sobre calle,Ninguna,Oscuro con iluminacion,No reportado,No,NO APLICA,20,43,20,51,1,13/12/2022,2
20,Kansas,200348,1,1,1,0,111,LYON (111),1660,EMPORIA,12,Diciembre,15,2022,19,18,US-50 6TH ST,2,US Highway,Urbano,Arteria Principal,State Highway Agency,1,Sin jurisdiccion especial,99998,38.40498056,-96.18258889,Peaton,El primer evento no fue una colision con un vehiculo automotor en transporte,Four-Way Intersection,Interseccion de 4 direcciones,Sobre calle,Ninguna,Oscuro con iluminacion,No reportado,No,NO APLICA,19,26,19,28,1,15/12/2022,1
20,Kansas,200350,0,0,1,0,173,SEDGWICK (173),5880,WICHITA,10,Octubre,4,2022,19,45,N HILLSIDE AVE,8,Otro,Urbano,Colector Mayor,City or Municipal Highway Agency,0,Sin jurisdiccion especial,99998,37.76711944,-97.298975,Banqueta,El primer evento no fue una colision con un vehiculo automotor en transporte,Not an Intersection,No fue interseccion,Sobre el lado de la calle,Ninguna,Oscuro con iluminacion,No reportado,No,NO APLICA,19,44,19,46,1,04/10/2022,1
20,Kansas,200351,1,1,2,0,121,MIAMI (121),0,NO APLICA,12,Diciembre,11,2022,6,18,I-35,1,Interestatal,Rural,Interestatal,State Highway Agency,1,Sin jurisdiccion especial,2004,38.72330278,-95.038925,Vehiculo en movimiento,Frente a frente,Not an Intersection,No fue interseccion,Sobre calle,Ninguna,Oscuro sin iluminacion,lluvia,No,NO APLICA,99,99,99,99,1,11/12/2022,1
20,Kansas,200352,0,0,1,0,95,KINGMAN (95),0,NO APLICA,12,Diciembre,17,2022,1,40,NE 150TH AVE,8,Otro,Rural,Local,County Highway Agency,0,Sin jurisdiccion especial,0,37.72010833,-97.84428056,Zanja,El primer evento no fue una colision con un vehiculo automotor en transporte,Four-Way Intersection,Interseccion de 4 direcciones,Sobre el lado de la calle,Ninguna,Oscuro sin iluminacion,Despejado,No,NO APLICA,7,48,8,5,1,17/12/2022,1
20,Kansas,200353,0,0,1,0,65,GRAHAM (65),0,NO APLICA,12,Diciembre,24,2022,21,0,CR-N,4,Calle del Condado,Rural,Colector Menor,County Highway Agency,0,Sin jurisdiccion especial,0,39.32100833,-99.87501667,Volcadura,El primer evento no fue una colision con un vehiculo automotor en transporte,L-Intersection,Interseccion en L,Sobre el lado de la calle,Ninguna,Oscuro sin iluminacion,No reportado,No,NO APLICA,88,88,88,88,1,24/12/2022,1
20,Kansas,200354,0,0,2,0,103,LEAVENWORTH (103),3020,LEAVENWORTH,12,Diciembre,26,2022,19,10,US-73,2,US Highway,Rural,Arteria Principal,State Highway Agency,1,Sin jurisdiccion especial,355,39.353675,-94.99232222,Vehiculo en movimiento,Frente a frente,Four-Way Intersection,Interseccion de 4 direcciones,Sobre calle,Ninguna,Oscuro sin iluminacion,No reportado,No,NO APLICA,19,16,19,22,1,26/12/2022,2
20,Kansas,200355,0,0,1,0,115,MARION (115),0,NO APLICA,11,Noviembre,26,2022,21,0,170TH ST,8,Otro,Rural,Colector Menor,County Highway Agency,0,Sin jurisdiccion especial,99998,38.31354722,-96.98802778,Volcadura,El primer evento no fue una colision con un vehiculo automotor en transporte,Not an Intersection,No fue interseccion,Sobre el lado de la calle,Ninguna,Oscuro sin iluminacion,lluvia,No,NO APLICA,23,25,23,24,1,26/11/2022,1
20,Kansas,200356,0,0,1,0,111,LYON (111),0,NO APLICA,12,Diciembre,16,2022,16,20,I-335,1,Interestatal,Rural,Interestatal,State Toll Road,1,Sin jurisdiccion especial,1309,38.46068333,-96.193275,Zanja,El primer evento no fue una colision con un vehiculo automotor en transporte,Not an Intersection,No fue interseccion,Sobre el lado de la calle,Ninguna,Dia total,Despejado,No,NO APLICA,16,22,16,30,1,16/12/2022,2
20,Kansas,200357,0,0,1,0,91,JOHNSON (91),4140,OLATHE,12,Diciembre,26,2022,1,55,OLD 56 HWY,6,Calle Local Municipalidad,Urbano,Arteria Menor,City or Municipal Highway Agency,0,Sin jurisdiccion especial,0,38.85607778,-94.857025,Arbol,El primer evento no fue una colision con un vehiculo automotor en transporte,Not an Intersection,No fue interseccion,Sobre el lado de la calle,Ninguna,Oscuro sin iluminacion,No reportado,No,NO APLICA,1,58,2,5,1,26/12/2022,1
20,Kansas,200358,0,0,1,0,169,SALINE (169),0,NO APLICA,12,Diciembre,21,2022,21,18,I-135,1,Interestatal,Rural,Interestatal,State Highway Agency,1,Sin jurisdiccion especial,784,38.63193333,-97.62183611,Volcadura,El primer evento no fue una colision con un vehiculo automotor en transporte,Not an Intersection,No fue interseccion,Sobre el lado de la calle,Ninguna,Oscuro sin iluminacion,Aguanieve,No,NO APLICA,21,25,21,43,1,21/12/2022,2
20,Kansas,200359,0,0,1,0,59,FRANKLIN (59),4270,OTTAWA,12,Diciembre,24,2022,15,0,I-35,1,Interestatal,Rural,Interestatal,State Highway Agency,1,Sin jurisdiccion especial,1835,38.57815278,-95.25936111,Fin de valla,El primer evento no fue una colision con un vehiculo automotor en transporte,Not an Intersection,No fue interseccion,En el medio,Ninguna,Dia total,No reportado,No,NO APLICA,15,4,15,10,1,24/12/2022,1
20,Kansas,200361,0,0,1,0,173,SEDGWICK (173),5880,WICHITA,12,Diciembre,21,2022,13,34,I-135,1,Interestatal,Urbano,Interestatal,State Highway Agency,1,Sin jurisdiccion especial,16,37.62327778,-97.328175,Poste de Señal de trafico,El primer evento no fue una colision con un vehiculo automotor en transporte,Not an Intersection,No fue interseccion,Sobre el lado de la calle,Ninguna,Dia total,Aguanieve,No,NO APLICA,13,38,13,47,1,21/12/2022,1