Estado,Nombre de Estado,Numero de Caso,Peatones,Personas _no_vehiculos,Vehiculos automotores,Vehiculos estacionados,Condado,Nombre Condado,Ciudad,Nombre Ciudad,Mes,Nombre Mes,Dia,Año,Hora,Minuto,Calle,Ruta,Nombre Ruta,Rural o Urbanoo,Sistema Funcional,Dueño Calle,Sistema Nacional Carreteras,Jurisdiccion Especial,Milla,Latitud,Longitud,Causa del Accidente,Tipo de Accidente,Tipo Interseccion,Columna1,Lugar en la calle,Zona de Trabajo,Luz,Clima,Autobus Escolar,Cruce de Trenes,Hora Notificacion,Minuto Notificacion,Hora Llegada,Minuto Llegada,Decesos,Fecha,PersonaVehiculo
20,Kansas,200362,0,0,1,0,25,CLARK (25),0,NO APLICA,12,Diciembre,4,2022,17,35,US-160,2,US Highway,Rural,Arteria Menor,State Highway Agency,0,Sin jurisdiccion especial,1489,37.19343611,-99.85393056,Culvert,El primer evento no fue una colision con un vehiculo automotor en transporte,Not an Intersection,No fue interseccion,Sobre el lado de la calle,Ninguna,Oscuro con iluminacion,No reportado,No,NO APLICA,17,41,17,51,1,04/12/2022,1
20,Kansas,200363,0,0,1,0,55,FINNEY (55),0,NO APLICA,12,Diciembre,24,2022,18,15,SR-156,3,Highway estatal,Rural,Arteria Menor,State Highway Agency,0,Sin jurisdiccion especial,52,37.99291111,-100.8256111,Volcadura,El primer evento no fue una colision con un vehiculo automotor en transporte,Not an Intersection,No fue interseccion,Sobre el lado de la calle,Ninguna,Oscuro sin iluminacion,Despejado,No,NO APLICA,18,18,18,23,1,24/12/2022,1
20,Kansas,200364,0,0,2,0,59,FRANKLIN (59),0,NO APLICA,12,Diciembre,8,2022,14,31,JOHN BROWN RD,8,Otro,Rural,Colector Mayor,County Highway Agency,0,Sin jurisdiccion especial,0,38.49206111,-95.18481389,Vehiculo en movimiento,Frente a frente,Not an Intersection,No fue interseccion,Sobre calle,Ninguna,Dia total,Neblina o Humo,No,NO APLICA,14,37,14,51,1,08/12/2022,2
20,Kansas,200365,0,0,1,0,21,CHEROKEE (21),0,NO APLICA,12,Diciembre,29,2022,23,16,BAGDAD RD,8,Otro,Rural,Local,County Highway Agency,0,Sin jurisdiccion especial,0,37.02740833,-94.62088889,Arbol,El primer evento no fue una colision con un vehiculo automotor en transporte,Not an Intersection,No fue interseccion,Sobre el lado de la calle,Ninguna,Oscuro sin iluminacion,Despejado,No,NO APLICA,6,31,6,42,1,29/12/2022,2
20,Kansas,200366,0,0,3,0,173,SEDGWICK (173),5880,WICHITA,12,Diciembre,20,2022,11,52,N ROCK RD,8,Otro,Urbano,Arteria Menor,City or Municipal Highway Agency,0,Sin jurisdiccion especial,0,37.71893889,-97.24471667,Banqueta,El primer evento no fue una colision con un vehiculo automotor en transporte,Not an Intersection,No fue interseccion,En el medio,Ninguna,Dia total,No reportado,No,NO APLICA,11,53,12,0,1,20/12/2022,3
20,Kansas,200368,0,0,2,0,157,REPUBLIC (157),430,BELLEVILLE,12,Diciembre,21,2022,17,17,US-36,2,US Highway,Rural,Arteria Principal,State Highway Agency,1,Sin jurisdiccion especial,2395,39.81255,-97.63512778,Jackknife (harmful to this vehicle),El primer evento no fue una colision con un vehiculo automotor en transporte,Not an Intersection,No fue interseccion,Sobre calle,Ninguna,Atardecer,Granizo,No,NO APLICA,17,22,17,24,1,21/12/2022,2
20,Kansas,200369,0,0,1,0,157,REPUBLIC (157),0,NO APLICA,12,Diciembre,31,2022,21,25,US-36,2,US Highway,Rural,Arteria Principal,State Highway Agency,1,Sin jurisdiccion especial,2262,39.79850833,-97.877975,Zanja,El primer evento no fue una colision con un vehiculo automotor en transporte,Not an Intersection,No fue interseccion,Sobre el lado de la calle,Ninguna,Oscuro sin iluminacion,Despejado,No,NO APLICA,16,34,16,39,1,31/12/2022,1
20,Kansas,200370,0,0,1,0,63,GOVE (63),2220,GRINNELL,12,Diciembre,31,2022,4,59,I-70,1,Interestatal,Rural,Interestatal,State Highway Agency,1,Sin jurisdiccion especial,820,39.11248889,-100.742375,Volcadura,El primer evento no fue una colision con un vehiculo automotor en transporte,Not an Intersection,No fue interseccion,Sobre el lado de la calle,Ninguna,Oscuro sin iluminacion,No reportado,No,NO APLICA,5,1,5,16,1,31/12/2022,5
20,Kansas,200371,0,0,3,0,61,GEARY (61),0,NO APLICA,12,Diciembre,21,2022,19,5,I-70,1,Interestatal,Rural,Interestatal,State Highway Agency,1,Sin jurisdiccion especial,3064,39.06544444,-96.682725,Vehiculo en movimiento,Frente a Detrás,Not an Intersection,No fue interseccion,Sobre calle,Ninguna,Oscuro sin iluminacion,Aguanieve,No,NO APLICA,19,21,19,41,1,21/12/2022,9
20,Kansas,200372,0,0,1,0,75,HAMILTON (75),5330,SYRACUSE,10,Octubre,29,2022,18,10,RIVER RD,8,Otro,Rural,Colector Menor,County Highway Agency,0,Sin jurisdiccion especial,99998,37.96100833,-101.7596194,Volcadura,El primer evento no fue una colision con un vehiculo automotor en transporte,Not an Intersection,No fue interseccion,Sobre calle,Ninguna,Atardecer,No reportado,No,NO APLICA,18,13,18,21,1,29/10/2022,1
20,Kansas,200373,0,0,1,0,79,HARVEY (79),0,NO APLICA,7,Julio,9,2022,2,45,48TH ST,8,Otro,Rural,Local,County Highway Agency,0,Sin jurisdiccion especial,0,38.10150278,-97.61061667,Poste de Señal de trafico,El primer evento no fue una colision con un vehiculo automotor en transporte,Not an Intersection,No fue interseccion,Sobre el lado de la calle,Ninguna,Oscuro sin iluminacion,No reportado,No,NO APLICA,99,98,99,98,1,09/07/2022,1
20,Kansas,200374,0,0,3,0,173,SEDGWICK (173),5880,WICHITA,11,Noviembre,23,2022,10,17,21ST ST,6,Calle Local Municipalidad,Urbano,Colector Mayor,City or Municipal Highway Agency,0,Sin jurisdiccion especial,0,37.72233056,-97.48738333,Vehiculo en movimiento,Frente a Detrás,T-Intersection,Interseccion de T,Sobre calle,Ninguna,Dia total,No reportado,No,NO APLICA,10,19,10,27,1,23/11/2022,3
20,Kansas,200375,0,0,2,0,103,LEAVENWORTH (103),0,NO APLICA,12,Diciembre,21,2022,17,39,SR-32 LINWOOD RD,3,Highway estatal,Rural,Arteria Menor,State Highway Agency,0,Sin jurisdiccion especial,99998,39.00383889,-95.09369444,Vehiculo en movimiento,Angulo,Four-Way Intersection,Interseccion de 4 direcciones,Sobre calle,Ninguna,Oscuro sin iluminacion,No reportado,No,NO APLICA,17,42,17,50,1,21/12/2022,2
20,Kansas,200377,0,1,3,2,85,JACKSON (85),2520,HOLTON,12,Diciembre,21,2022,18,57,US-75,2,US Highway,Rural,Arterial Principal -Freeway o ExpressWay,State Highway Agency,1,Sin jurisdiccion especial,1870,39.43263333,-95.74783333,Vehiculo Aparcado,El primer evento no fue una colision con un vehiculo automotor en transporte,Not an Intersection,No fue interseccion,Sobre Acotamiento,Ninguna,Oscuro sin iluminacion,Aguanieve,No,NO APLICA,18,57,19,0,1,21/12/2022,1
20,Kansas,200378,1,1,1,0,103,LEAVENWORTH (103),3020,LEAVENWORTH,12,Diciembre,30,2022,5,43,MUNCIE RD,8,Otro,Urbano,Colector Mayor,State Highway Agency,0,Sin jurisdiccion especial,99998,39.27432222,-94.89513333,Peaton,El primer evento no fue una colision con un vehiculo automotor en transporte,Not an Intersection,No fue interseccion,Sobre calle,Ninguna,Oscuro con iluminacion,No reportado,No,NO APLICA,5,51,5,54,1,30/12/2022,1
20,Kansas,200379,0,0,1,0,29,CLOUD (29),0,NO APLICA,5,Mayo,29,2022,99,99,CR-815 290TH RD,4,Calle del Condado,Rural,Local,County Highway Agency,0,Sin jurisdiccion especial,0,39.47880833,-97.38746111,Animal vivo,El primer evento no fue una colision con un vehiculo automotor en transporte,Not an Intersection,No fue interseccion,Sobre calle,Ninguna,Reportada como desconocida,No reportado,No,NO APLICA,10,15,10,40,1,29/05/2022,1
20,Kansas,200380,1,1,1,0,173,SEDGWICK (173),5880,WICHITA,10,Octubre,26,2022,11,54,OLIVER AVE,8,Otro,Urbano,Colector Mayor,City or Municipal Highway Agency,0,Sin jurisdiccion especial,99998,37.69008333,-97.28046944,Peaton,El primer evento no fue una colision con un vehiculo automotor en transporte,Four-Way Intersection,Interseccion de 4 direcciones,Sobre calle,Ninguna,Dia total,No reportado,No,NO APLICA,11,53,12,2,1,26/10/2022,1
20,Kansas,200381,1,1,1,0,173,SEDGWICK (173),5880,WICHITA,8,Agosto,21,2022,6,3,UNNAMED ALLEY,8,Otro,Urbano,Local,Not Reported,0,Sin jurisdiccion especial,0,37.66034167,-97.30862222,Peaton,El primer evento no fue una colision con un vehiculo automotor en transporte,Not an Intersection,No fue interseccion,Sobre calle,Ninguna,Oscuro sin iluminacion,No reportado,No,NO APLICA,8,43,8,47,1,21/08/2022,2
20,Kansas,200383,0,0,1,0,173,SEDGWICK (173),5880,WICHITA,10,Octubre,14,2022,7,42,9TH ST,8,Otro,Urbano,Colector Menor,City or Municipal Highway Agency,0,Sin jurisdiccion especial,99998,37.70170556,-97.37779167,Banqueta,El primer evento no fue una colision con un vehiculo automotor en transporte,Not an Intersection,No fue interseccion,Sobre el lado de la calle,Ninguna,Dia total,No reportado,No,NO APLICA,7,42,7,49,1,14/10/2022,2
20,Kansas,200384,0,0,1,0,177,SHAWNEE (177),5400,TOPEKA,12,Diciembre,25,2022,2,14,37TH ST,8,Otro,Urbano,Arteria Menor,City or Municipal Highway Agency,0,Sin jurisdiccion especial,99998,39.00060278,-95.67812222,Banqueta,El primer evento no fue una colision con un vehiculo automotor en transporte,T-Intersection,Interseccion de T,Sobre el lado de la calle,Ninguna,Oscuro con iluminacion,No reportado,No,NO APLICA,2,18,2,23,1,25/12/2022,3
20,Kansas,200385,0,0,1,0,173,SEDGWICK (173),5880,WICHITA,11,Noviembre,26,2022,20,17,US-54 E KELLOGG ST,2,US Highway,Urbano,Arterial Principal -Freeway o ExpressWay,State Highway Agency,1,Sin jurisdiccion especial,2168,37.679025,-97.31882222,Arbol,El primer evento no fue una colision con un vehiculo automotor en transporte,Not an Intersection,No fue interseccion,Sobre el lado de la calle,Ninguna,Oscuro con iluminacion,lluvia,No,NO APLICA,20,18,20,27,1,26/11/2022,1
20,Kansas,200386,0,0,2,0,173,SEDGWICK (173),5880,WICHITA,12,Diciembre,23,2022,16,41,18TH ST,6,Calle Local Municipalidad,Urbano,Local,City or Municipal Highway Agency,0,Sin jurisdiccion especial,0,37.71770278,-97.38066111,Vehiculo en movimiento,Angulo,Four-Way Intersection,Interseccion de 4 direcciones,Sobre calle,Ninguna,Oscuro con iluminacion,Soplando nieve,No,NO APLICA,16,43,16,50,1,23/12/2022,3
20,Kansas,200387,0,0,1,0,91,JOHNSON (91),3645,MERRIAM,11,Noviembre,1,2022,17,11,ANTIOCH RD,8,Otro,Urbano,Arteria Menor,City or Municipal Highway Agency,0,Sin jurisdiccion especial,99998,39.02604722,-94.68663611,Poste,El primer evento no fue una colision con un vehiculo automotor en transporte,Four-Way Intersection,Interseccion de 4 direcciones,Sobre el lado de la calle,Ninguna,Oscuro con iluminacion,No reportado,No,NO APLICA,19,13,19,19,1,01/11/2022,1
20,Kansas,200388,0,0,3,0,91,JOHNSON (91),4285,OVERLAND PARK,12,Diciembre,10,2022,23,32,I-435,1,Interestatal,Urbano,Interestatal,State Highway Agency,1,Sin jurisdiccion especial,820,38.93498333,-94.73125556,Vehiculo en movimiento,Frente a frente,Not an Intersection,No fue interseccion,Sobre calle,Ninguna,Oscuro con iluminacion,No reportado,No,NO APLICA,23,36,23,47,1,10/12/2022,3
20,Kansas,200390,1,1,2,1,173,SEDGWICK (173),5880,WICHITA,5,Mayo,8,2022,2,11,WOODLAND AVE,8,Otro,Urbano,Local,City or Municipal Highway Agency,0,Sin jurisdiccion especial,99998,37.73390278,-97.34943611,Peaton,El primer evento no fue una colision con un vehiculo automotor en transporte,Not an Intersection,No fue interseccion,Sobre calle,Ninguna,Oscuro con iluminacion,No reportado,No,NO APLICA,2,16,2,28,1,08/05/2022,1
20,Kansas,200391,1,1,1,0,173,SEDGWICK (173),5880,WICHITA,11,Noviembre,15,2022,19,44,SENECA ST,8,Otro,Urbano,Arteria Menor,City or Municipal Highway Agency,0,Sin jurisdiccion especial,99998,37.65348611,-97.35265278,Peaton,El primer evento no fue una colision con un vehiculo automotor en transporte,Four-Way Intersection,Interseccion de 4 direcciones,Sobre calle,Ninguna,Oscuro con iluminacion,No reportado,No,NO APLICA,19,51,19,55,1,15/11/2022,1
20,Kansas,200392,0,0,2,0,173,SEDGWICK (173),5880,WICHITA,3,Marzo,28,2022,16,53,47TH ST,8,Otro,Urbano,Arteria Menor,City or Municipal Highway Agency,0,Sin jurisdiccion especial,99998,37.60798611,-97.34434167,Vehiculo en movimiento,Angulo,Not an Intersection,No fue interseccion,Sobre calle,Ninguna,Dia total,No reportado,No,NO APLICA,16,53,17,7,1,28/03/2022,3
20,Kansas,200393,0,0,1,0,173,SEDGWICK (173),5880,WICHITA,3,Marzo,3,2022,22,15,N MERIDIAN ST,8,Otro,Urbano,Arteria Menor,City or Municipal Highway Agency,0,Sin jurisdiccion especial,99998,37.75572222,-97.37023889,Volcadura,El primer evento no fue una colision con un vehiculo automotor en transporte,Not an Intersection,No fue interseccion,Sobre el lado de la calle,Ninguna,Oscuro con iluminacion,No reportado,No,NO APLICA,22,16,22,24,1,03/03/2022,1
20,Kansas,200394,1,1,1,0,173,SEDGWICK (173),5880,WICHITA,5,Mayo,28,2022,23,24,E 25TH ST N,8,Otro,Urbano,Colector Menor,City or Municipal Highway Agency,0,Sin jurisdiccion especial,99998,37.73004722,-97.30448056,Peaton,El primer evento no fue una colision con un vehiculo automotor en transporte,Four-Way Intersection,Interseccion de 4 direcciones,Sobre calle,Ninguna,Oscuro con iluminacion,No reportado,No,NO APLICA,88,88,88,88,1,28/05/2022,1
20,Kansas,200395,0,0,1,0,173,SEDGWICK (173),5880,WICHITA,2,Febrero,21,2022,18,35,HARRY ST,8,Otro,Urbano,Colector Menor,City or Municipal Highway Agency,0,Sin jurisdiccion especial,99998,37.66591944,-97.36403889,Banqueta,El primer evento no fue una colision con un vehiculo automotor en transporte,Not an Intersection,No fue interseccion,Sobre el lado de la calle,Ninguna,Oscuro sin iluminacion,No reportado,No,NO APLICA,18,36,18,39,1,21/02/2022,1
20,Kansas,200397,1,1,2,1,173,SEDGWICK (173),5880,WICHITA,12,Diciembre,21,2022,13,11,S BROADWAY AVE,8,Otro,Urbano,Colector Mayor,City or Municipal Highway Agency,0,Sin jurisdiccion especial,99998,37.62994444,-97.334275,Peaton,El primer evento no fue una colision con un vehiculo automotor en transporte,Not an Intersection,No fue interseccion,Sobre calle,Ninguna,Dia total,Aguanieve,No,NO APLICA,13,28,13,28,1,21/12/2022,1
21,Kentucky,210001,0,0,2,0,201,ROBERTSON (201),0,NO APLICA,1,Enero,1,2022,12,19,US-68,2,US Highway,Rural,Arteria Principal,State Highway Agency,1,Sin jurisdiccion especial,12,38.44208056,-83.98508889,Vehiculo en movimiento,Angulo,T-Intersection,Interseccion de T,Sobre calle,Ninguna,Dia total,lluvia,No,NO APLICA,12,22,12,36,1,01/01/2022,6
21,Kentucky,210002,0,0,2,0,59,DAVIESS (59),2490,OWENSBORO,1,Enero,3,2022,11,19,SR-81,3,Highway estatal,Urbano,Arteria Menor,State Highway Agency,0,Sin jurisdiccion especial,102,37.74158611,-87.17698333,Vehiculo en movimiento,Angulo,Not an Intersection,No fue interseccion,Sobre calle,Ninguna,Dia total,Nublado,No,NO APLICA,11,20,11,24,1,03/01/2022,2
21,Kentucky,210003,0,0,2,0,101,HENDERSON (101),0,NO APLICA,1,Enero,4,2022,8,12,US-60,2,US Highway,Rural,Arteria Menor,State Highway Agency,0,Sin jurisdiccion especial,160,37.85960556,-87.47065,Vehiculo en movimiento,Angulo,T-Intersection,Interseccion de T,Sobre calle,Ninguna,Dia total,Despejado,No,NO APLICA,8,20,8,26,1,04/01/2022,3
21,Kentucky,210005,0,0,2,0,111,JEFFERSON (111),2090,LOUISVILLE,1,Enero,8,2022,3,57,LOWER HUNTERS TRACE,5,Calle Local - Pueblo,Urbano,Local,Town or Township Highway Agency,0,Sin jurisdiccion especial,21,38.16693333,-85.870075,Vehiculo en movimiento,Frente a Detrás,Not an Intersection,No fue interseccion,Sobre calle,Ninguna,Oscuro sin iluminacion,Despejado,No,NO APLICA,3,57,4,3,1,08/01/2022,2
21,Kentucky,210006,0,0,2,0,127,LAWRENCE (127),0,NO APLICA,1,Enero,10,2022,10,38,US-23,2,US Highway,Rural,Arteria Principal,State Highway Agency,1,Sin jurisdiccion especial,216,38.16910556,-82.64451111,Vehiculo en movimiento,Angulo,T-Intersection,Interseccion de T,Sobre calle,Ninguna,Dia total,Despejado,No,NO APLICA,10,19,10,26,1,10/01/2022,2
21,Kentucky,210007,0,0,2,0,95,HARLAN (95),1420,HARLAN,1,Enero,11,2022,14,21,US-421,2,US Highway,Urbano,Arteria Menor,State Highway Agency,0,Sin jurisdiccion especial,167,36.85584722,-83.32388056,Vehiculo en movimiento,Angulo,Four-Way Intersection,Interseccion de 4 direcciones,Sobre calle,Ninguna,Dia total,Despejado,No,NO APLICA,14,20,14,30,2,11/01/2022,3
21,Kentucky,210008,0,0,1,0,111,JEFFERSON (111),2090,LOUISVILLE,1,Enero,8,2022,1,24,SR-1020 NATIONAL TPKE,3,Highway estatal,Urbano,Arteria Menor,State Highway Agency,0,Sin jurisdiccion especial,39,38.13130833,-85.75056389,Banqueta,El primer evento no fue una colision con un vehiculo automotor en transporte,Not an Intersection,No fue interseccion,Sobre el lado de la calle,Ninguna,Oscuro sin iluminacion,Nublado,No,NO APLICA,1,24,1,40,1,08/01/2022,2
21,Kentucky,210009,0,0,2,0,217,TAYLOR (217),520,CAMPBELLSVILLE,1,Enero,12,2022,11,23,SR-3350 N BYPASS RD,3,Highway estatal,Urbano,Arteria Menor,State Highway Agency,0,Sin jurisdiccion especial,3,37.34718333,-85.36056944,Vehiculo en movimiento,Frente a Detrás,Four-Way Intersection,Interseccion de 4 direcciones,Sobre calle,Ninguna,Dia total,Despejado,No,NO APLICA,11,30,11,32,1,12/01/2022,3
21,Kentucky,210010,1,1,1,0,111,JEFFERSON (111),2090,LOUISVILLE,1,Enero,14,2022,7,4,SR-1703 NEWBURG RD,3,Highway estatal,Urbano,Arteria Menor,State Highway Agency,0,Sin jurisdiccion especial,16,38.19625,-85.68025,Peaton,El primer evento no fue una colision con un vehiculo automotor en transporte,Not an Intersection,No fue interseccion,Sobre calle,Ninguna,Oscuro sin iluminacion,Nublado,No,NO APLICA,7,4,7,5,1,14/01/2022,1
21,Kentucky,210011,0,0,2,0,81,GRANT (81),0,NO APLICA,1,Enero,14,2022,19,23,SR-467 WARSAW RD,3,Highway estatal,Rural,Colector Menor,State Highway Agency,0,Sin jurisdiccion especial,51,38.69826111,-84.71534722,Vehiculo en movimiento,Frente a frente,Not an Intersection,No fue interseccion,Sobre calle,Ninguna,Oscuro sin iluminacion,Despejado,No,NO APLICA,19,28,19,35,1,14/01/2022,3
21,Kentucky,210012,0,0,2,0,99,HART (99),0,NO APLICA,1,Enero,16,2022,13,10,I-65,1,Interestatal,Rural,Interestatal,State Highway Agency,1,Sin jurisdiccion especial,671,37.33199444,-85.90707222,Vehiculo en movimiento,Frente a Detrás,Not an Intersection,No fue interseccion,Sobre calle,Ninguna,Dia total,Nublado,No,NO APLICA,13,12,13,22,1,16/01/2022,2
21,Kentucky,210013,0,0,2,0,221,TRIGG (221),490,CADIZ,1,Enero,17,2022,11,27,US-68 HOPKINSVILLE RD,2,US Highway,Rural,Arteria Principal,State Highway Agency,1,Sin jurisdiccion especial,209,36.86781389,-87.79234444,Vehiculo en movimiento,Angulo,Four-Way Intersection,Interseccion de 4 direcciones,Sobre calle,Ninguna,Dia total,Nublado,No,NO APLICA,11,29,11,35,1,17/01/2022,3
21,Kentucky,210014,1,1,2,0,111,JEFFERSON (111),2090,LOUISVILLE,1,Enero,12,2022,6,39,I-65,1,Interestatal,Urbano,Interestatal,State Highway Agency,1,Sin jurisdiccion especial,1347,38.23786944,-85.75279722,Peaton,El primer evento no fue una colision con un vehiculo automotor en transporte,Not an Intersection,No fue interseccion,Sobre calle,Ninguna,Oscuro con iluminacion,Despejado,No,NO APLICA,6,39,6,45,1,12/01/2022,2
21,Kentucky,210015,0,0,1,0,7,BALLARD (7),0,NO APLICA,1,Enero,18,2022,2,51,SR-1105 OSCAR RD,3,Highway estatal,Rural,Colector Menor,State Highway Agency,0,Sin jurisdiccion especial,23,37.084225,-89.03974722,Arbol,El primer evento no fue una colision con un vehiculo automotor en transporte,Not an Intersection,No fue interseccion,Sobre el lado de la calle,Ninguna,Oscuro sin iluminacion,Despejado,No,NO APLICA,2,51,3,2,1,18/01/2022,2
21,Kentucky,210016,0,1,2,1,211,SHELBY (211),2980,SHELBYVILLE,1,Enero,18,2022,23,56,I-64,1,Interestatal,Rural,Interestatal,State Highway Agency,1,Sin jurisdiccion especial,365,38.18279722,-85.18664444,Vehiculo Aparcado,El primer evento no fue una colision con un vehiculo automotor en transporte,Not an Intersection,No fue interseccion,Sobre Acotamiento,Ninguna,Oscuro sin iluminacion,Despejado,No,NO APLICA,0,59,0,6,1,18/01/2022,1
21,Kentucky,210017,0,0,1,0,195,PIKE (195),3377,VIRGIE,1,Enero,19,2022,17,1,SR-1469,3,Highway estatal,Rural,Colector Menor,State Highway Agency,0,Sin jurisdiccion especial,31,37.276525,-82.68146111,Acotamiento,El primer evento no fue una colision con un vehiculo automotor en transporte,Not an Intersection,No fue interseccion,Sobre el lado de la calle,Ninguna,Oscuro sin iluminacion,lluvia,No,NO APLICA,17,1,17,27,1,19/01/2022,1
21,Kentucky,210018,0,0,1,0,71,FLOYD (71),285,BETSY LAYNE,1,Enero,21,2022,1,11,US-23,2,US Highway,Urbano,Arteria Principal,State Highway Agency,1,Sin jurisdiccion especial,14,37.54514444,-82.63246944,Valla Ferrocarril,El primer evento no fue una colision con un vehiculo automotor en transporte,Not an Intersection,No fue interseccion,Sobre el lado de la calle,Ninguna,Oscuro sin iluminacion,Nieve,No,NO APLICA,1,16,1,29,1,21/01/2022,2
21,Kentucky,210019,0,0,2,0,161,MASON (161),0,NO APLICA,1,Enero,21,2022,18,35,US-68,2,US Highway,Rural,Arteria Principal,State Highway Agency,1,Sin jurisdiccion especial,26,38.49114722,-83.85643333,Vehiculo en movimiento,Frente a frente,Not an Intersection,No fue interseccion,Sobre Acotamiento,Ninguna,Oscuro sin iluminacion,Nublado,No,NO APLICA,18,36,18,45,1,21/01/2022,3
21,Kentucky,210020,0,0,2,0,67,FAYETTE (67),1980,LEXINGTON-FAYETTE,1,Enero,24,2022,17,46,I-64,1,Interestatal,Rural,Interestatal,State Highway Agency,1,Sin jurisdiccion especial,716,38.13884722,-84.56891944,Vehiculo en movimiento,Golpe Lateral - misma direccion,Not an Intersection,No fue interseccion,Sobre calle,Ninguna,Oscuro con iluminacion,Nublado,No,NO APLICA,17,46,18,0,1,24/01/2022,2
21,Kentucky,210021,0,0,2,0,67,FAYETTE (67),1980,LEXINGTON-FAYETTE,1,Enero,25,2022,11,13,E MAXWELL,5,Calle Local - Pueblo,Urbano,Local,Town or Township Highway Agency,0,Sin jurisdiccion especial,3,38.03970833,-84.49709167,Vehiculo en movimiento,Angulo,Four-Way Intersection,Interseccion de 4 direcciones,Sobre calle,Ninguna,Dia total,Despejado,No,NO APLICA,11,14,11,21,2,25/01/2022,4
21,Kentucky,210022,0,0,2,0,111,JEFFERSON (111),2090,LOUISVILLE,1,Enero,20,2022,20,20,SR-61 PRESTON HWY,3,Highway estatal,Urbano,Arteria Menor,State Highway Agency,0,Sin jurisdiccion especial,13,38.10346389,-85.67246667,Vehiculo en movimiento,Angulo,Four-Way Intersection,Interseccion de 4 direcciones,Sobre calle,Ninguna,Oscuro sin iluminacion,Nublado,No,NO APLICA,20,20,20,37,1,20/01/2022,4
21,Kentucky,210023,0,0,1,0,177,MUHLENBERG (177),0,NO APLICA,1,Enero,27,2022,14,31,SR-181 GREENVILLE RD,3,Highway estatal,Rural,Colector Mayor,State Highway Agency,0,Sin jurisdiccion especial,36,37.09703889,-87.12583889,Acotamiento,El primer evento no fue una colision con un vehiculo automotor en transporte,Not an Intersection,No fue interseccion,Sobre el lado de la calle,Ninguna,Dia total,Despejado,No,NO APLICA,14,32,14,45,1,27/01/2022,1
21,Kentucky,210024,0,0,2,0,205,ROWAN (205),0,NO APLICA,1,Enero,27,2022,17,45,SR-32 HOGTOWN HILL RD,3,Highway estatal,Rural,Colector Mayor,State Highway Agency,0,Sin jurisdiccion especial,157,38.187325,-83.28803889,Vehiculo en movimiento,Angulo,T-Intersection,Interseccion de T,Sobre calle,Ninguna,Dia total,Despejado,No,NO APLICA,17,54,18,4,1,27/01/2022,2
21,Kentucky,210025,1,1,1,0,221,TRIGG (221),0,NO APLICA,1,Enero,1,2022,10,24,CR-MILITARY RD,4,Calle del Condado,Rural,Local,County Highway Agency,0,Sin jurisdiccion especial,1,36.72339167,-87.70744722,Acotamiento,El primer evento no fue una colision con un vehiculo automotor en transporte,Not an Intersection,No fue interseccion,Sobre el lado de la calle,Ninguna,Dia total,Nublado,No,NO APLICA,8,19,8,37,1,01/01/2022,3
21,Kentucky,210026,1,1,1,0,209,SCOTT (209),1280,GEORGETOWN,1,Enero,1,2022,19,33,US-460 MCCLELLAND CIRCLE,2,US Highway,Urbano,Arteria Menor,State Highway Agency,0,Sin jurisdiccion especial,3,38.20489167,-84.59409167,Peaton,El primer evento no fue una colision con un vehiculo automotor en transporte,Not an Intersection,No fue interseccion,Sobre calle,Ninguna,Oscuro sin iluminacion,lluvia,No,NO APLICA,19,35,19,39,1,01/01/2022,1
21,Kentucky,210027,0,0,1,0,121,KNOX (121),160,BARBOURVILLE,1,Enero,2,2022,5,45,SYCAMORE DR,5,Calle Local - Pueblo,Urbano,Local,Town or Township Highway Agency,0,Sin jurisdiccion especial,5,36.86485556,-83.88918889,Muro,El primer evento no fue una colision con un vehiculo automotor en transporte,T-Intersection,Interseccion de T,Sobre el lado de la calle,Ninguna,Oscuro sin iluminacion,lluvia,No,NO APLICA,5,45,5,47,1,02/01/2022,1
21,Kentucky,210028,0,0,1,0,221,TRIGG (221),0,NO APLICA,1,Enero,6,2022,16,23,SR-139 PRINCETON RD,3,Highway estatal,Rural,Colector Mayor,State Highway Agency,0,Sin jurisdiccion especial,233,36.94244722,-87.87302222,Culvert,El primer evento no fue una colision con un vehiculo automotor en transporte,Not an Intersection,No fue interseccion,Sobre el lado de la calle,Ninguna,Oscuro sin iluminacion,Nublado,No,NO APLICA,16,26,16,38,1,06/01/2022,1
21,Kentucky,210030,0,0,1,0,205,ROWAN (205),0,NO APLICA,1,Enero,7,2022,15,30,CR-ROCK FORK RD,4,Calle del Condado,Rural,Local,County Highway Agency,0,Sin jurisdiccion especial,28,38.32905,-83.48563889,Arbol,El primer evento no fue una colision con un vehiculo automotor en transporte,Not an Intersection,No fue interseccion,Sobre el lado de la calle,Ninguna,Dia total,Despejado,No,NO APLICA,15,32,16,5,1,07/01/2022,2
21,Kentucky,210031,1,1,1,0,67,FAYETTE (67),1980,LEXINGTON-FAYETTE,1,Enero,31,2022,6,29,US-27 LIMESTONE,2,US Highway,Urbano,Arteria Principal,State Highway Agency,1,Sin jurisdiccion especial,48,38.03060556,-84.50989722,Peaton,El primer evento no fue una colision con un vehiculo automotor en transporte,Y-Intersection,Interseccion de Y,Sobre calle,Ninguna,Amanecer,Despejado,No,NO APLICA,6,30,6,34,1,31/01/2022,1
21,Kentucky,210032,0,0,1,0,119,KNOTT (119),2649,PINE TOP,1,Enero,31,2022,18,11,SR-582,3,Highway estatal,Rural,Colector Mayor,State Highway Agency,0,Sin jurisdiccion especial,42,37.27590833,-82.89058889,Volcadura,El primer evento no fue una colision con un vehiculo automotor en transporte,Not an Intersection,No fue interseccion,Sobre el lado de la calle,Ninguna,Oscuro sin iluminacion,Nublado,No,NO APLICA,18,13,18,30,2,31/01/2022,2