Estado,Nombre de Estado,Numero de Caso,Peatones,Personas _no_vehiculos,Vehiculos automotores,Vehiculos estacionados,Condado,Nombre Condado,Ciudad,Nombre Ciudad,Mes,Nombre Mes,Dia,Año,Hora,Minuto,Calle,Ruta,Nombre Ruta,Rural o Urbanoo,Sistema Funcional,Dueño Calle,Sistema Nacional Carreteras,Jurisdiccion Especial,Milla,Latitud,Longitud,Causa del Accidente,Tipo de Accidente,Tipo Interseccion,Columna1,Lugar en la calle,Zona de Trabajo,Luz,Clima,Autobus Escolar,Cruce de Trenes,Hora Notificacion,Minuto Notificacion,Hora Llegada,Minuto Llegada,Decesos,Fecha,PersonaVehiculo
21,Kentucky,210033,0,0,2,0,67,FAYETTE (67),1980,LEXINGTON-FAYETTE,1,Enero,27,2022,7,44,VERSAILLES RD,5,Calle Local - Pueblo,Urbano,Local,State Highway Agency,0,Sin jurisdiccion especial,0,38.04541944,-84.56821667,Vehiculo en movimiento,Angulo,T-Intersection,Interseccion de T,Sobre calle,Ninguna,Dia total,Nublado,No,NO APLICA,7,44,7,51,1,27/01/2022,2
21,Kentucky,210034,0,0,1,0,15,BOONE (15),0,NO APLICA,1,Enero,29,2022,21,14,I-275 RAMP,1,Interestatal,Rural,Interestatal,State Highway Agency,1,Sin jurisdiccion especial,1,39.08225,-84.70919722,Objeto fijo desconocido,El primer evento no fue una colision con un vehiculo automotor en transporte,Not an Intersection,No fue interseccion,Sobre el lado de la calle,Ninguna,Oscuro con iluminacion,Nublado,No,NO APLICA,21,15,21,21,1,29/01/2022,1
21,Kentucky,210035,1,1,3,0,111,JEFFERSON (111),2090,LOUISVILLE,1,Enero,31,2022,4,38,I-65,1,Interestatal,Urbano,Interestatal,State Highway Agency,1,Sin jurisdiccion especial,1352,38.24493611,-85.75239722,Peaton,El primer evento no fue una colision con un vehiculo automotor en transporte,Not an Intersection,No fue interseccion,Sobre calle,Ninguna,Oscuro con iluminacion,Despejado,No,NO APLICA,4,41,4,45,1,31/01/2022,3
21,Kentucky,210036,0,0,4,0,213,SIMPSON (213),0,NO APLICA,1,Enero,28,2022,12,40,I-65 S,1,Interestatal,Rural,Interestatal,State Highway Agency,1,Sin jurisdiccion especial,2,36.66084444,-86.55976111,Vehiculo en movimiento,Frente a Detrás,Not an Intersection,No fue interseccion,Sobre calle,Construccion,Dia total,Nublado,No,NO APLICA,12,42,13,2,1,28/01/2022,8
21,Kentucky,210037,0,0,3,0,111,JEFFERSON (111),2090,LOUISVILLE,1,Enero,22,2022,18,49,I-264 E,1,Interestatal,Urbano,Interestatal,State Highway Agency,1,Sin jurisdiccion especial,73,38.1853,-85.816075,Vehiculo en movimiento,Frente a Detrás,Not an Intersection,No fue interseccion,Sobre calle,Ninguna,Oscuro con iluminacion,Despejado,No,NO APLICA,18,54,18,58,2,22/01/2022,7
21,Kentucky,210038,0,0,1,0,107,HOPKINS (107),2360,NEBO,1,Enero,24,2022,14,23,SR-1034 ROSE CREEK RD,3,Highway estatal,Rural,Colector Menor,State Highway Agency,0,Sin jurisdiccion especial,72,37.35382222,-87.60376944,Acotamiento,El primer evento no fue una colision con un vehiculo automotor en transporte,Not an Intersection,No fue interseccion,Sobre el lado de la calle,Ninguna,Dia total,Nublado,No,NO APLICA,14,24,14,48,1,24/01/2022,1
21,Kentucky,210039,0,0,1,0,47,CHRISTIAN (47),0,NO APLICA,1,Enero,27,2022,21,34,SR-109 DAWSON SPRINGS RD,3,Highway estatal,Rural,Colector Mayor,State Highway Agency,0,Sin jurisdiccion especial,170,36.958625,-87.54789444,Buzon de correo,El primer evento no fue una colision con un vehiculo automotor en transporte,Not an Intersection,No fue interseccion,Sobre el lado de la calle,Ninguna,Oscuro sin iluminacion,Despejado,No,NO APLICA,21,37,21,50,1,27/01/2022,3
21,Kentucky,210040,0,0,2,0,203,ROCKCASTLE (203),0,NO APLICA,1,Enero,28,2022,5,15,I-75,1,Interestatal,Rural,Interestatal,State Highway Agency,1,Sin jurisdiccion especial,632,37.39459722,-84.33720556,Vehiculo en movimiento,Frente a Detrás,Not an Intersection,No fue interseccion,Sobre calle,Ninguna,Oscuro sin iluminacion,Nieve,No,NO APLICA,5,17,5,28,1,28/01/2022,2
21,Kentucky,210041,0,0,1,0,1,ADAIR (1),740,COLUMBIA,1,Enero,28,2022,18,36,SR-206 LIBERTY RD,3,Highway estatal,Rural,Colector Menor,State Highway Agency,0,Sin jurisdiccion especial,135,37.21208611,-85.09196667,Soporte de Puente,El primer evento no fue una colision con un vehiculo automotor en transporte,Not an Intersection,No fue interseccion,Sobre el lado de la calle,Ninguna,Oscuro con iluminacion,Nieve,No,NO APLICA,18,36,19,12,1,28/01/2022,1
21,Kentucky,210042,1,1,1,0,143,LYON (143),0,NO APLICA,1,Enero,31,2022,5,45,SR-93,3,Highway estatal,Rural,Colector Mayor,State Highway Agency,0,Sin jurisdiccion especial,18,36.97049167,-87.90608333,Peaton,El primer evento no fue una colision con un vehiculo automotor en transporte,Not an Intersection,No fue interseccion,Sobre el lado de la calle,Ninguna,Oscuro sin iluminacion,Despejado,No,NO APLICA,0,0,0,0,1,31/01/2022,1
21,Kentucky,210043,0,0,2,0,111,JEFFERSON (111),2090,LOUISVILLE,1,Enero,27,2022,18,35,INVERNESS AVE,5,Calle Local - Pueblo,Urbano,Local,State Highway Agency,0,Sin jurisdiccion especial,4,38.16780556,-85.77211111,Vehiculo en movimiento,Angulo,Four-Way Intersection,Interseccion de 4 direcciones,Sobre calle,Ninguna,Oscuro con iluminacion,Despejado,No,NO APLICA,18,36,18,42,1,27/01/2022,2
21,Kentucky,210044,0,3,17,2,49,CLARK (49),0,NO APLICA,1,Enero,6,2022,12,7,I-64 W,1,Interestatal,Rural,Interestatal,State Highway Agency,1,Sin jurisdiccion especial,1041,38.05805278,-84.04545556,Vehiculo en movimiento,Frente a Detrás,Not an Intersection,No fue interseccion,Sobre calle,Ninguna,Dia total,Nieve,No,NO APLICA,12,8,12,25,1,06/01/2022,20
21,Kentucky,210045,0,0,2,0,169,METCALFE (169),0,NO APLICA,1,Enero,24,2022,16,11,US-68 GREENSBURG RD,2,US Highway,Rural,Colector Mayor,State Highway Agency,0,Sin jurisdiccion especial,110,37.00871389,-85.60432222,Vehiculo en movimiento,Frente a frente,Not an Intersection,No fue interseccion,Sobre calle,Ninguna,Dia total,Despejado,No,NO APLICA,16,0,16,7,1,24/01/2022,2
21,Kentucky,210046,1,1,1,0,111,JEFFERSON (111),2090,LOUISVILLE,2,Febrero,1,2022,12,49,WALMART PARKING LOT WAY,6,Calle Local Municipalidad,Trafficway Not in State Inventory,Via no en inventario estatal,Trafficway Not in State Inventory,0,Sin jurisdiccion especial,99998,38.17244167,-85.87000556,Peaton,El primer evento no fue una colision con un vehiculo automotor en transporte,Not an Intersection,No fue interseccion,Sobre calle,Ninguna,Dia total,Despejado,No,NO APLICA,12,49,12,57,1,01/02/2022,1
21,Kentucky,210047,0,0,2,0,97,HARRISON (97),0,NO APLICA,2,Febrero,2,2022,19,55,US-27,2,US Highway,Rural,Arteria Menor,State Highway Agency,0,Sin jurisdiccion especial,83,38.4071,-84.28789444,Vehiculo en movimiento,Frente a frente,T-Intersection,Interseccion de T,Sobre calle,Ninguna,Oscuro sin iluminacion,lluvia,No,NO APLICA,19,55,19,58,1,02/02/2022,2
21,Kentucky,210048,0,0,3,1,227,WARREN (227),350,BOWLING GREEN,2,Febrero,2,2022,19,1,US-231 SCOTTSVILLE RD,2,US Highway,Rural,Arteria Principal,State Highway Agency,1,Sin jurisdiccion especial,18,36.97908333,-86.43810278,Vehiculo en movimiento,Angulo,Four-Way Intersection,Interseccion de 4 direcciones,Sobre calle,Ninguna,Oscuro con iluminacion,lluvia,No,NO APLICA,19,2,19,7,1,02/02/2022,2
21,Kentucky,210049,1,1,1,0,67,FAYETTE (67),1980,LEXINGTON-FAYETTE,2,Febrero,4,2022,21,51,US-60 VERSAILLES RD,2,US Highway,Urbano,Arteria Principal,State Highway Agency,1,Sin jurisdiccion especial,58,38.04748056,-84.543275,Peaton,El primer evento no fue una colision con un vehiculo automotor en transporte,Four-Way Intersection,Interseccion de 4 direcciones,Sobre calle,Ninguna,Oscuro con iluminacion,Nublado,No,NO APLICA,21,55,22,6,1,04/02/2022,1
21,Kentucky,210050,1,1,1,0,113,JESSAMINE (113),2410,NICHOLASVILLE,2,Febrero,5,2022,1,20,US-27 NICHOLASVILLE BYPASS,2,US Highway,Urbano,Arteria Principal,State Highway Agency,1,Sin jurisdiccion especial,75,37.87237778,-84.59766111,No vehiculo o remolque,El primer evento no fue una colision con un vehiculo automotor en transporte,Four-Way Intersection,Interseccion de 4 direcciones,Sobre calle,Ninguna,Oscuro con iluminacion,Despejado,No,NO APLICA,1,26,1,28,1,05/02/2022,2
21,Kentucky,210051,0,0,1,0,45,CASEY (45),0,NO APLICA,2,Febrero,5,2022,19,32,SR-70,3,Highway estatal,Rural,Colector Mayor,State Highway Agency,0,Sin jurisdiccion especial,75,37.26906389,-85.05698611,Zanja,El primer evento no fue una colision con un vehiculo automotor en transporte,Not an Intersection,No fue interseccion,Sobre el lado de la calle,Ninguna,Oscuro sin iluminacion,Despejado,No,NO APLICA,20,27,20,41,1,05/02/2022,1
21,Kentucky,210052,0,0,2,0,31,BUTLER (31),0,NO APLICA,2,Febrero,9,2022,5,40,SR-185 REEDYVILLE RD,3,Highway estatal,Rural,Colector Mayor,State Highway Agency,0,Sin jurisdiccion especial,24,37.18275,-86.42773333,Vehiculo en movimiento,Golpe Lateral - direccion contraria,Not an Intersection,No fue interseccion,Sobre calle,Ninguna,Oscuro sin iluminacion,Despejado,No,NO APLICA,5,53,6,16,1,09/02/2022,2
21,Kentucky,210053,0,0,1,0,195,PIKE (195),465,BURNWELL,2,Febrero,9,2022,10,17,CR- E STATE HWY 292,4,Calle del Condado,Rural,Local,County Highway Agency,0,Sin jurisdiccion especial,6,37.62416944,-82.20775,Acotamiento,El primer evento no fue una colision con un vehiculo automotor en transporte,Not an Intersection,No fue interseccion,Sobre el lado de la calle,Ninguna,Dia total,Despejado,No,NO APLICA,10,25,10,50,2,09/02/2022,3
21,Kentucky,210054,0,0,2,0,227,WARREN (227),350,BOWLING GREEN,2,Febrero,12,2022,0,24,SR-1345,3,Highway estatal,Rural,Arteria Principal,State Highway Agency,0,Sin jurisdiccion especial,99998,37.03305,-86.31216389,Vehiculo en movimiento,Frente a Detrás,Not an Intersection,No fue interseccion,Sobre calle,Ninguna,Oscuro sin iluminacion,Despejado,No,NO APLICA,0,23,0,34,1,12/02/2022,4
21,Kentucky,210055,0,0,1,0,111,JEFFERSON (111),2090,LOUISVILLE,2,Febrero,12,2022,5,6,CR-ALGONQUIN PKWY,4,Calle del Condado,Rural,Local,County Highway Agency,0,Sin jurisdiccion especial,2,38.2268,-85.82714722,Arbol,El primer evento no fue una colision con un vehiculo automotor en transporte,Not an Intersection,No fue interseccion,Sobre el lado de la calle,Ninguna,Oscuro con iluminacion,Nublado,No,NO APLICA,5,6,5,15,1,12/02/2022,1
21,Kentucky,210056,0,0,1,0,111,JEFFERSON (111),2090,LOUISVILLE,2,Febrero,3,2022,17,45,CHENOWETH RUN RD,5,Calle Local - Pueblo,Urbano,Local,State Highway Agency,0,Sin jurisdiccion especial,24,38.16547222,-85.54913611,Acotamiento,El primer evento no fue una colision con un vehiculo automotor en transporte,Not an Intersection,No fue interseccion,Sobre el lado de la calle,Ninguna,Atardecer,No reportado,No,NO APLICA,88,88,88,88,1,03/02/2022,1
21,Kentucky,210057,0,0,2,0,111,JEFFERSON (111),2090,LOUISVILLE,2,Febrero,14,2022,14,59,SR-1747 FERN VALLEY RD,3,Highway estatal,Urbano,Arteria Principal,State Highway Agency,1,Sin jurisdiccion especial,22,38.15783333,-85.69148889,Vehiculo en movimiento,Frente a frente,Not an Intersection,No fue interseccion,Sobre calle,Ninguna,Dia total,Despejado,No,NO APLICA,14,59,15,12,1,14/02/2022,2
21,Kentucky,210058,1,1,1,0,67,FAYETTE (67),1980,LEXINGTON-FAYETTE,2,Febrero,15,2022,18,1,US-25 GEORGETOWN ST,2,US Highway,Urbano,Arteria Principal,State Highway Agency,1,Sin jurisdiccion especial,161,38.07484722,-84.5061,Peaton,El primer evento no fue una colision con un vehiculo automotor en transporte,Not an Intersection,No fue interseccion,Sobre calle,Ninguna,Dia total,Despejado,No,NO APLICA,18,3,18,4,1,15/02/2022,1
21,Kentucky,210059,0,0,2,0,59,DAVIESS (59),0,NO APLICA,2,Febrero,17,2022,8,34,SR-54,3,Highway estatal,Rural,Colector Mayor,State Highway Agency,0,Sin jurisdiccion especial,37,37.75079167,-87.05067222,Vehiculo en movimiento,Angulo,T-Intersection,Interseccion de T,Sobre calle,Ninguna,Dia total,lluvia,No,NO APLICA,8,36,8,38,1,17/02/2022,2
21,Kentucky,210060,0,0,1,0,85,GRAYSON (85),0,NO APLICA,2,Febrero,21,2022,13,25,SR-54 OWENSBORO RD,3,Highway estatal,Rural,Colector Mayor,State Highway Agency,0,Sin jurisdiccion especial,72,37.52463889,-86.48008889,Acotamiento,El primer evento no fue una colision con un vehiculo automotor en transporte,Not an Intersection,No fue interseccion,Sobre el lado de la calle,Ninguna,Dia total,Despejado,No,NO APLICA,13,32,13,35,1,21/02/2022,1
21,Kentucky,210061,0,0,2,0,113,JESSAMINE (113),2410,NICHOLASVILLE,2,Febrero,8,2022,9,27,US-27 N MAIN ST,2,US Highway,Rural,Arteria Principal,State Highway Agency,1,Sin jurisdiccion especial,29,37.89041944,-84.56878889,Vehiculo en movimiento,Angulo,Not an Intersection,No fue interseccion,Sobre calle,Ninguna,Dia total,Despejado,No,NO APLICA,9,29,9,32,1,08/02/2022,2
21,Kentucky,210062,0,0,1,0,81,GRANT (81),3590,WILLIAMSTOWN,2,Febrero,9,2022,13,17,US-25,2,US Highway,Rural,Colector Mayor,State Highway Agency,0,Sin jurisdiccion especial,88,38.60430278,-84.57548333,Arbol,El primer evento no fue una colision con un vehiculo automotor en transporte,Not an Intersection,No fue interseccion,Sobre el lado de la calle,Ninguna,Dia total,Despejado,No,NO APLICA,13,17,13,21,2,09/02/2022,2
21,Kentucky,210063,1,1,2,1,111,JEFFERSON (111),2090,LOUISVILLE,2,Febrero,9,2022,21,31,SR-841 RAMP,3,Highway estatal,Urbano,Arterial Principal -Freeway o ExpressWay,State Highway Agency,1,Sin jurisdiccion especial,2,38.09981389,-85.82269444,Peaton,El primer evento no fue una colision con un vehiculo automotor en transporte,Not an Intersection,No fue interseccion,Sobre calle,Ninguna,Oscuro sin iluminacion,Nublado,No,NO APLICA,19,32,19,37,1,09/02/2022,1
21,Kentucky,210064,0,0,3,0,31,BUTLER (31),0,NO APLICA,2,Febrero,10,2022,16,15,SR-70 ROCHESTER RD,3,Highway estatal,Rural,Colector Mayor,State Highway Agency,0,Sin jurisdiccion especial,89,37.18604167,-86.76631389,Vehiculo en movimiento,Golpe Lateral - direccion contraria,Not an Intersection,No fue interseccion,Sobre calle,Ninguna,Dia total,Despejado,No,NO APLICA,16,17,16,33,1,10/02/2022,4
21,Kentucky,210065,0,0,1,0,111,JEFFERSON (111),3010,SHIVELY,2,Febrero,22,2022,20,38,SR-1931 7TH STREET RD,3,Highway estatal,Urbano,Arteria Menor,State Highway Agency,0,Sin jurisdiccion especial,94,38.20718611,-85.78858611,Poste,El primer evento no fue una colision con un vehiculo automotor en transporte,Not an Intersection,No fue interseccion,Sobre el lado de la calle,Ninguna,Oscuro con iluminacion,Nublado,No,NO APLICA,20,39,20,44,1,22/02/2022,1
21,Kentucky,210066,0,0,3,0,157,MARSHALL (157),0,NO APLICA,2,Febrero,23,2022,22,51,I-24,1,Interestatal,Rural,Interestatal,State Highway Agency,1,Sin jurisdiccion especial,293,37.02269444,-88.28945833,Vehiculo en movimiento,Frente a Detrás,Not an Intersection,No fue interseccion,Sobre calle,Ninguna,Oscuro con iluminacion,Aguanieve,No,NO APLICA,23,12,23,0,1,23/02/2022,6
21,Kentucky,210067,1,1,1,0,111,JEFFERSON (111),1313,GLENVIEW,2,Febrero,6,2022,18,50,RIVER RD,5,Calle Local - Pueblo,Urbano,Local,Town or Township Highway Agency,0,Sin jurisdiccion especial,21,38.29825278,-85.66790833,Peaton,El primer evento no fue una colision con un vehiculo automotor en transporte,Not an Intersection,No fue interseccion,Sobre calle,Ninguna,Oscuro con iluminacion,Despejado,No,NO APLICA,18,50,18,55,1,06/02/2022,2
21,Kentucky,210068,0,0,1,0,111,JEFFERSON (111),2090,LOUISVILLE,2,Febrero,13,2022,3,38,WOLF PEN BRANCH RD,5,Calle Local - Pueblo,Urbano,Local,Town or Township Highway Agency,0,Sin jurisdiccion especial,31,38.32735556,-85.58704167,Arbol,El primer evento no fue una colision con un vehiculo automotor en transporte,Not an Intersection,No fue interseccion,Sobre el lado de la calle,Ninguna,Oscuro sin iluminacion,Despejado,No,NO APLICA,88,88,88,88,1,13/02/2022,1
21,Kentucky,210069,1,1,1,0,111,JEFFERSON (111),2090,LOUISVILLE,2,Febrero,21,2022,20,29,SR-1727 TERRY RD,3,Highway estatal,Urbano,Arteria Menor,State Highway Agency,0,Sin jurisdiccion especial,22,38.15448056,-85.86872222,Ciclista,El primer evento no fue una colision con un vehiculo automotor en transporte,Not an Intersection,No fue interseccion,Sobre calle,Ninguna,Oscuro sin iluminacion,Nublado,No,NO APLICA,20,29,20,32,1,21/02/2022,1
21,Kentucky,210070,0,0,1,0,37,CAMPBELL (37),3110,SOUTHGATE,2,Febrero,24,2022,4,8,I-471,1,Interestatal,Urbano,Interestatal,State Highway Agency,1,Sin jurisdiccion especial,17,39.06572778,-84.46606389,Barrera de Trafico de Concreto,El primer evento no fue una colision con un vehiculo automotor en transporte,Not an Intersection,No fue interseccion,En el medio,Ninguna,Oscuro con iluminacion,No reportado,No,NO APLICA,4,13,4,23,1,24/02/2022,2
21,Kentucky,210071,1,1,1,0,227,WARREN (227),350,BOWLING GREEN,2,Febrero,24,2022,6,19,US-68 VETERANS MEMORIAL HWY,2,US Highway,Urbano,Arteria Principal,State Highway Agency,1,Sin jurisdiccion especial,96,36.97242222,-86.484075,Peaton,El primer evento no fue una colision con un vehiculo automotor en transporte,T-Intersection,Interseccion de T,Sobre Acotamiento,Ninguna,Amanecer,lluvia,No,NO APLICA,6,19,6,24,1,24/02/2022,1
21,Kentucky,210072,0,0,1,0,111,JEFFERSON (111),2090,LOUISVILLE,2,Febrero,24,2022,8,3,SR-0841 GENE SNYDER FREEWAY,3,Highway estatal,Urbano,Arterial Principal -Freeway o ExpressWay,State Highway Agency,1,Sin jurisdiccion especial,59,38.12055,-85.77915833,Valla Ferrocarril,El primer evento no fue una colision con un vehiculo automotor en transporte,Not an Intersection,No fue interseccion,Sobre el lado de la calle,Ninguna,Dia total,Nublado,No,NO APLICA,8,3,8,10,1,24/02/2022,1
21,Kentucky,210073,0,0,2,0,203,ROCKCASTLE (203),0,NO APLICA,2,Febrero,25,2022,15,21,US-150 DYSART WAY,2,US Highway,Rural,Arteria Menor,State Highway Agency,0,Sin jurisdiccion especial,43,37.35089444,-84.35552778,Vehiculo en movimiento,Frente a frente,Not an Intersection,No fue interseccion,Sobre Acotamiento,Ninguna,Dia total,lluvia,No,NO APLICA,15,14,15,24,1,25/02/2022,3
21,Kentucky,210074,0,0,2,0,111,JEFFERSON (111),2090,LOUISVILLE,2,Febrero,27,2022,2,25,SR-864 POPLAR LEVEL RD,3,Highway estatal,Urbano,Arteria Menor,State Highway Agency,0,Sin jurisdiccion especial,106,38.18755278,-85.70207778,Vehiculo en movimiento,Angulo,Not an Intersection,No fue interseccion,Sobre calle,Ninguna,Oscuro sin iluminacion,Despejado,No,NO APLICA,2,25,2,30,1,27/02/2022,2
21,Kentucky,210075,0,0,1,0,9,BARREN (9),0,NO APLICA,2,Febrero,27,2022,15,21,I-65,1,Interestatal,Rural,Interestatal,State Highway Agency,1,Sin jurisdiccion especial,529,37.14198611,-85.97223611,Barrera de Trafico de Concreto,El primer evento no fue una colision con un vehiculo automotor en transporte,Not an Intersection,No fue interseccion,En el medio,Ninguna,Dia total,Despejado,No,NO APLICA,15,21,15,36,1,27/02/2022,2
21,Kentucky,210076,1,1,1,0,125,LAUREL (125),0,NO APLICA,2,Febrero,24,2022,19,43,SR-363 KEAVY RD,3,Highway estatal,Rural,Colector Mayor,State Highway Agency,0,Sin jurisdiccion especial,72,37.07687778,-84.09998889,Peaton,El primer evento no fue una colision con un vehiculo automotor en transporte,Not an Intersection,No fue interseccion,Sobre calle,Ninguna,Oscuro - iluminacion desconocida,Despejado,No,NO APLICA,19,43,19,49,1,24/02/2022,2
21,Kentucky,210077,0,0,1,0,217,TAYLOR (217),0,NO APLICA,2,Febrero,16,2022,18,2,US-68 GREENSBURG RD,2,US Highway,Rural,Arteria Menor,State Highway Agency,0,Sin jurisdiccion especial,0,37.3061,-85.43685556,Acotamiento,El primer evento no fue una colision con un vehiculo automotor en transporte,Four-Way Intersection,Interseccion de 4 direcciones,Sobre el lado de la calle,Ninguna,Dia total,Nublado,No,NO APLICA,18,4,18,8,1,16/02/2022,1
21,Kentucky,210078,0,0,1,0,179,NELSON (179),0,NO APLICA,2,Febrero,19,2022,21,14,SR-247 MONKS RD,3,Highway estatal,Rural,Colector Menor,State Highway Agency,0,Sin jurisdiccion especial,79,37.65838056,-85.53560833,Arbol,El primer evento no fue una colision con un vehiculo automotor en transporte,Not an Intersection,No fue interseccion,Sobre el lado de la calle,Ninguna,Oscuro sin iluminacion,Despejado,No,NO APLICA,21,14,21,23,1,19/02/2022,1
21,Kentucky,210079,0,0,1,0,227,WARREN (227),0,NO APLICA,2,Febrero,22,2022,0,30,CR-MATLOCK RD,4,Calle del Condado,Rural,Local,County Highway Agency,0,Sin jurisdiccion especial,9,36.89075,-86.44986667,Arbol,El primer evento no fue una colision con un vehiculo automotor en transporte,T-Intersection,Interseccion de T,Sobre el lado de la calle,Ninguna,Oscuro sin iluminacion,Nublado,No,NO APLICA,0,34,0,43,1,22/02/2022,1
21,Kentucky,210080,1,1,1,0,93,HARDIN (93),1000,ELIZABETHTOWN,2,Febrero,23,2022,20,18,CR-TUNNEL HILL RD,4,Calle del Condado,Rural,Local,County Highway Agency,0,Sin jurisdiccion especial,99998,37.73024167,-85.83835,Peaton,El primer evento no fue una colision con un vehiculo automotor en transporte,Not an Intersection,No fue interseccion,Sobre calle,Ninguna,Oscuro sin iluminacion,lluvia,No,NO APLICA,20,18,20,23,1,23/02/2022,1
21,Kentucky,210081,0,0,1,0,17,BOURBON (17),0,NO APLICA,2,Febrero,28,2022,19,32,SR-627 WINCHESTER RD,3,Highway estatal,Rural,Arteria Menor,State Highway Agency,0,Sin jurisdiccion especial,27,38.12798333,-84.19686389,Zanja,El primer evento no fue una colision con un vehiculo automotor en transporte,Not an Intersection,No fue interseccion,Sobre el lado de la calle,Ninguna,Oscuro sin iluminacion,Despejado,No,NO APLICA,19,38,19,44,1,28/02/2022,1
21,Kentucky,210082,1,1,1,0,111,JEFFERSON (111),3010,SHIVELY,2,Febrero,22,2022,20,12,SR-2049 CRUMS LN,3,Highway estatal,Urbano,Arteria Menor,State Highway Agency,0,Sin jurisdiccion especial,13,38.194475,-85.813125,Peaton,El primer evento no fue una colision con un vehiculo automotor en transporte,T-Intersection,Interseccion de T,Sobre calle,Ninguna,Oscuro con iluminacion,Despejado,No,NO APLICA,20,13,20,23,1,22/02/2022,1
21,Kentucky,210083,0,0,2,0,227,WARREN (227),350,BOWLING GREEN,2,Febrero,27,2022,18,38,US-31 BYPASS,2,US Highway,Urbano,Arteria Menor,State Highway Agency,0,Sin jurisdiccion especial,122,36.97983889,-86.44874167,Vehiculo en movimiento,Frente a frente,Four-Way Intersection,Interseccion de 4 direcciones,Sobre calle,Ninguna,Oscuro sin iluminacion,Despejado,No,NO APLICA,18,39,18,45,1,27/02/2022,2
21,Kentucky,210084,0,0,2,0,127,LAWRENCE (127),0,NO APLICA,1,Enero,30,2022,13,18,SR-2565,3,Highway estatal,Rural,Colector Mayor,State Highway Agency,0,Sin jurisdiccion especial,16,38.08974722,-82.61058611,Vehiculo en movimiento,Golpe Lateral - direccion contraria,Not an Intersection,No fue interseccion,Sobre calle,Ninguna,Dia total,Despejado,No,NO APLICA,13,20,13,23,1,30/01/2022,2
21,Kentucky,210085,0,0,2,0,19,BOYD (19),0,NO APLICA,2,Febrero,15,2022,15,5,SR-168,3,Highway estatal,Rural,Colector Mayor,State Highway Agency,0,Sin jurisdiccion especial,10,38.41811667,-82.61831944,Vehiculo en movimiento,Frente a frente,Not an Intersection,No fue interseccion,Sobre calle,Ninguna,Dia total,Despejado,No,NO APLICA,15,18,15,25,2,15/02/2022,3
21,Kentucky,210086,0,0,3,0,111,JEFFERSON (111),2090,LOUISVILLE,2,Febrero,22,2022,12,20,US-31 BARDSTOWN RD,2,US Highway,Urbano,Arteria Menor,State Highway Agency,0,Sin jurisdiccion especial,40,38.13043333,-85.57736944,Vehiculo en movimiento,Angulo,Four-Way Intersection,Interseccion de 4 direcciones,Sobre calle,Ninguna,Dia total,Despejado,No,NO APLICA,12,26,12,30,1,22/02/2022,4
21,Kentucky,210087,0,0,3,1,205,ROWAN (205),2270,MOREHEAD,1,Enero,29,2022,14,30,SR-32 FLEMINGSBURG RD,3,Highway estatal,Urbano,Arteria Menor,State Highway Agency,0,Sin jurisdiccion especial,76,38.18040556,-83.44989722,Vehiculo en movimiento,Angulo,Not an Intersection,No fue interseccion,Sobre calle,Ninguna,Dia total,Despejado,No,NO APLICA,14,32,14,38,1,29/01/2022,3
21,Kentucky,210088,1,1,1,0,111,JEFFERSON (111),2090,LOUISVILLE,1,Enero,15,2022,16,33,S 3RD ST,5,Calle Local - Pueblo,Urbano,Local,Town or Township Highway Agency,0,Sin jurisdiccion especial,18,38.17138889,-85.76796944,Ciclista,El primer evento no fue una colision con un vehiculo automotor en transporte,Four-Way Intersection,Interseccion de 4 direcciones,Sobre calle,Ninguna,Dia total,Despejado,No,NO APLICA,16,33,16,40,1,15/01/2022,1
21,Kentucky,210089,0,0,2,0,195,PIKE (195),2640,PIKEVILLE,1,Enero,20,2022,7,53,US-23,2,US Highway,Urbano,Arteria Principal,State Highway Agency,1,Sin jurisdiccion especial,230,37.46583333,-82.52811111,Vehiculo en movimiento,Angulo,T-Intersection,Interseccion de T,Sobre calle,Ninguna,Dia total,No reportado,No,NO APLICA,7,56,7,58,2,20/01/2022,4
21,Kentucky,210090,0,0,1,0,95,HARLAN (95),0,NO APLICA,2,Febrero,16,2022,16,8,SR-72,3,Highway estatal,Urbano,Colector Menor,State Highway Agency,0,Sin jurisdiccion especial,112,36.83658333,-83.32429444,Buzon de correo,El primer evento no fue una colision con un vehiculo automotor en transporte,Not an Intersection,No fue interseccion,Sobre el lado de la calle,Ninguna,Dia total,Despejado,No,NO APLICA,16,0,16,13,1,16/02/2022,2
21,Kentucky,210091,0,0,1,0,13,BELL (13),2650,PINEVILLE,2,Febrero,1,2022,11,10,SR-221,3,Highway estatal,Rural,Colector Mayor,State Highway Agency,0,Sin jurisdiccion especial,66,36.80405,-83.56479167,Objeto fijo desconocido,El primer evento no fue una colision con un vehiculo automotor en transporte,Not an Intersection,No fue interseccion,Sobre el lado de la calle,Ninguna,Dia total,Despejado,No,NO APLICA,11,10,11,23,1,01/02/2022,1
21,Kentucky,210092,0,0,1,0,69,FLEMING (69),1570,HILLSBORO,1,Enero,11,2022,11,23,SR-1722 COLFAX RD,3,Highway estatal,Rural,Arteria Menor,State Highway Agency,0,Sin jurisdiccion especial,23,38.22276667,-83.63737778,Acotamiento,El primer evento no fue una colision con un vehiculo automotor en transporte,Not an Intersection,No fue interseccion,Sobre el lado de la calle,Ninguna,Dia total,Despejado,No,NO APLICA,11,23,11,42,1,11/01/2022,1
21,Kentucky,210093,0,0,2,0,85,GRAYSON (85),0,NO APLICA,3,Marzo,2,2022,15,56,SR-88 PEONIA RD,3,Highway estatal,Rural,Colector Mayor,State Highway Agency,0,Sin jurisdiccion especial,106,37.373375,-86.16873889,Vehiculo en movimiento,Golpe Lateral - direccion contraria,Not an Intersection,No fue interseccion,Sobre calle,Ninguna,Dia total,Despejado,No,NO APLICA,15,56,16,15,1,02/03/2022,6