Estado,Nombre de Estado,Numero de Caso,Peatones,Personas _no_vehiculos,Vehiculos automotores,Vehiculos estacionados,Condado,Nombre Condado,Ciudad,Nombre Ciudad,Mes,Nombre Mes,Dia,Año,Hora,Minuto,Calle,Ruta,Nombre Ruta,Rural o Urbanoo,Sistema Funcional,Dueño Calle,Sistema Nacional Carreteras,Jurisdiccion Especial,Milla,Latitud,Longitud,Causa del Accidente,Tipo de Accidente,Tipo Interseccion,Columna1,Lugar en la calle,Zona de Trabajo,Luz,Clima,Autobus Escolar,Cruce de Trenes,Hora Notificacion,Minuto Notificacion,Hora Llegada,Minuto Llegada,Decesos,Fecha,PersonaVehiculo
21,Kentucky,210094,0,0,1,0,111,JEFFERSON (111),2090,LOUISVILLE,3,Marzo,3,2022,16,23,I-71 RAMP,1,Interestatal,Urbano,Interestatal,State Highway Agency,1,Sin jurisdiccion especial,0,38.31419167,-85.58418333,Volcadura,El primer evento no fue una colision con un vehiculo automotor en transporte,Not an Intersection,No fue interseccion,Sobre el lado de la calle,Ninguna,Dia total,Nublado,No,NO APLICA,16,23,16,32,1,03/03/2022,1
21,Kentucky,210095,0,0,2,0,131,LESLIE (131),3215,STINNETT,3,Marzo,4,2022,13,6,CR-GLADY BRANCH RD,4,Calle del Condado,Rural,Local,State Highway Agency,0,Sin jurisdiccion especial,2,37.09048889,-83.42135,Volcadura,El primer evento no fue una colision con un vehiculo automotor en transporte,Not an Intersection,No fue interseccion,Sobre calle,Ninguna,Dia total,Nublado,No,NO APLICA,13,4,13,10,1,04/03/2022,2
21,Kentucky,210096,0,0,1,0,227,WARREN (227),0,NO APLICA,3,Marzo,4,2022,14,8,SR-234 CEMETERY RD,3,Highway estatal,Rural,Colector Mayor,State Highway Agency,0,Sin jurisdiccion especial,8,36.90966111,-86.24811667,Objeto fijo desconocido,El primer evento no fue una colision con un vehiculo automotor en transporte,Not an Intersection,No fue interseccion,Sobre el lado de la calle,Ninguna,Dia total,Despejado,No,NO APLICA,14,12,14,30,1,04/03/2022,2
21,Kentucky,210097,1,1,4,0,111,JEFFERSON (111),2090,LOUISVILLE,3,Marzo,4,2022,23,15,I-65,1,Interestatal,Urbano,Interestatal,State Highway Agency,1,Sin jurisdiccion especial,1355,38.25036944,-85.75109444,Vehiculo en movimiento,Otro,Not an Intersection,No fue interseccion,Sobre calle,Ninguna,Oscuro con iluminacion,Despejado,No,NO APLICA,23,15,23,18,1,04/03/2022,5
21,Kentucky,210098,0,0,2,0,111,JEFFERSON (111),2090,LOUISVILLE,3,Marzo,5,2022,0,20,SR-1934 GREENBELT HWY,3,Highway estatal,Urbano,Arteria Principal,State Highway Agency,1,Sin jurisdiccion especial,25,38.12072778,-85.8944,Vehiculo en movimiento,Angulo,Not an Intersection,No fue interseccion,Sobre calle,Ninguna,Oscuro sin iluminacion,Nublado,No,NO APLICA,0,26,0,47,1,05/03/2022,3
21,Kentucky,210099,0,0,2,0,111,JEFFERSON (111),2090,LOUISVILLE,3,Marzo,5,2022,21,13,I-264,1,Interestatal,Urbano,Interestatal,State Highway Agency,1,Sin jurisdiccion especial,88,38.18718056,-85.78722778,Vehiculo en movimiento,Frente a Detrás,Not an Intersection,No fue interseccion,Sobre calle,Ninguna,Oscuro con iluminacion,Nublado,No,NO APLICA,21,13,21,21,1,05/03/2022,2
21,Kentucky,210100,0,0,1,0,9,BARREN (9),0,NO APLICA,3,Marzo,5,2022,21,56,SR-0685 STOVALL RD,3,Highway estatal,Rural,Colector Menor,State Highway Agency,0,Sin jurisdiccion especial,31,37.02679722,-86.02103333,Otro objeto (fijo),El primer evento no fue una colision con un vehiculo automotor en transporte,Not an Intersection,No fue interseccion,Sobre el lado de la calle,Ninguna,Oscuro sin iluminacion,Despejado,No,NO APLICA,22,12,22,46,1,05/03/2022,2
21,Kentucky,210101,1,1,1,0,73,FRANKLIN (73),1220,FRANKFORT,3,Marzo,6,2022,11,30,US-127,2,US Highway,Urbano,Arteria Principal,State Highway Agency,1,Sin jurisdiccion especial,57,38.17559167,-84.89643889,Peaton,El primer evento no fue una colision con un vehiculo automotor en transporte,Four-Way Intersection,Interseccion de 4 direcciones,Sobre calle,Ninguna,Dia total,lluvia,No,NO APLICA,11,30,11,31,1,06/03/2022,1
21,Kentucky,210102,0,0,1,0,95,HARLAN (95),0,NO APLICA,3,Marzo,6,2022,21,44,SR-221,3,Highway estatal,Rural,Colector Mayor,State Highway Agency,0,Sin jurisdiccion especial,129,36.91864444,-83.27425278,Arbol,El primer evento no fue una colision con un vehiculo automotor en transporte,Not an Intersection,No fue interseccion,Sobre el lado de la calle,Ninguna,Oscuro sin iluminacion,Despejado,No,NO APLICA,21,51,22,13,2,06/03/2022,2
21,Kentucky,210103,0,0,1,0,101,HENDERSON (101),0,NO APLICA,3,Marzo,7,2022,2,5,SR-9005 AUDUBN PKWY,3,Highway estatal,Rural,Arteria Principal,State Highway Agency,1,Sin jurisdiccion especial,124,37.75584444,-87.35527778,Volcadura,El primer evento no fue una colision con un vehiculo automotor en transporte,Not an Intersection,No fue interseccion,Sobre calle,Ninguna,Oscuro sin iluminacion,lluvia,No,NO APLICA,2,9,2,25,1,07/03/2022,2
21,Kentucky,210104,0,0,1,0,35,CALLOWAY (35),0,NO APLICA,3,Marzo,7,2022,3,53,US-641,2,US Highway,Rural,Arteria Principal,State Highway Agency,1,Sin jurisdiccion especial,24,36.53706667,-88.32516944,Objeto fijo desconocido,El primer evento no fue una colision con un vehiculo automotor en transporte,Not an Intersection,No fue interseccion,Sobre el lado de la calle,Ninguna,Oscuro sin iluminacion,Vientos cruzados pero de los mamalones,No,NO APLICA,3,59,4,9,1,07/03/2022,1
21,Kentucky,210105,0,0,1,0,227,WARREN (227),0,NO APLICA,3,Marzo,7,2022,6,50,I-65,1,Interestatal,Rural,Interestatal,State Highway Agency,1,Sin jurisdiccion especial,333,37.01676389,-86.27421944,Objeto fijo desconocido,El primer evento no fue una colision con un vehiculo automotor en transporte,Not an Intersection,No fue interseccion,En el medio,Ninguna,Dia total,lluvia,No,NO APLICA,6,49,7,5,1,07/03/2022,1
21,Kentucky,210106,0,0,2,0,111,JEFFERSON (111),1740,JEFFERSONTOWN,3,Marzo,11,2022,20,35,SR-155 TAYLORSVILLE RD,3,Highway estatal,Urbano,Arteria Principal,State Highway Agency,1,Sin jurisdiccion especial,109,38.21065278,-85.58592778,Vehiculo en movimiento,Frente a frente,T-Intersection,Interseccion de T,Sobre calle,Ninguna,Oscuro sin iluminacion,Nublado,No,NO APLICA,20,35,20,46,2,11/03/2022,4
21,Kentucky,210107,0,0,1,0,141,LOGAN (141),2820,RUSSELLVILLE,3,Marzo,13,2022,13,17,FRANKLIN RD,5,Calle Local - Pueblo,Rural,Local,Town or Township Highway Agency,0,Sin jurisdiccion especial,9,36.83132778,-86.86498333,Buzon de correo,El primer evento no fue una colision con un vehiculo automotor en transporte,Not an Intersection,No fue interseccion,Sobre el lado de la calle,Ninguna,Dia total,Despejado,No,NO APLICA,13,17,13,22,1,13/03/2022,1
21,Kentucky,210108,1,1,1,0,117,KENTON (117),800,COVINGTON,3,Marzo,10,2022,12,24,SR-8 E 4TH ST,3,Highway estatal,Urbano,Arteria Principal,State Highway Agency,1,Sin jurisdiccion especial,72,39.08726389,-84.5095,Peaton,El primer evento no fue una colision con un vehiculo automotor en transporte,Four-Way Intersection,Interseccion de 4 direcciones,Sobre calle,Ninguna,Dia total,Despejado,No,NO APLICA,12,29,12,30,1,10/03/2022,1
21,Kentucky,210109,0,0,1,0,173,MONTGOMERY (173),0,NO APLICA,3,Marzo,10,2022,20,50,CR-QUISENBERRY RD,4,Calle del Condado,Rural,Local,County Highway Agency,0,Sin jurisdiccion especial,6,38.10259167,-83.88657778,Acotamiento,El primer evento no fue una colision con un vehiculo automotor en transporte,Not an Intersection,No fue interseccion,Sobre el lado de la calle,Ninguna,Oscuro sin iluminacion,Despejado,No,NO APLICA,20,54,21,8,1,10/03/2022,5
21,Kentucky,210110,1,1,2,0,111,JEFFERSON (111),2090,LOUISVILLE,3,Marzo,14,2022,5,57,I-64 RAMP,1,Interestatal,Urbano,Interestatal,State Highway Agency,1,Sin jurisdiccion especial,0,38.23300278,-85.627425,Peaton,El primer evento no fue una colision con un vehiculo automotor en transporte,Not an Intersection,No fue interseccion,Sobre calle,Ninguna,Oscuro sin iluminacion,Despejado,No,NO APLICA,5,57,5,59,1,14/03/2022,2
21,Kentucky,210111,0,0,2,0,101,HENDERSON (101),0,NO APLICA,3,Marzo,16,2022,6,26,SR-2183 RUCKER RD,3,Highway estatal,Rural,Colector Mayor,State Highway Agency,0,Sin jurisdiccion especial,22,37.842225,-87.50343889,Vehiculo en movimiento,Angulo,Not an Intersection,No fue interseccion,Sobre calle,Ninguna,Oscuro sin iluminacion,Despejado,No,NO APLICA,6,29,6,39,1,16/03/2022,2
21,Kentucky,210112,0,0,2,0,79,GARRARD (79),0,NO APLICA,3,Marzo,2,2022,12,50,SR-52 RICHMOND RD,3,Highway estatal,Rural,Colector Menor,State Highway Agency,0,Sin jurisdiccion especial,77,37.60796944,-84.53305278,Vehiculo en movimiento,Golpe Lateral - direccion contraria,Not an Intersection,No fue interseccion,Sobre calle,Ninguna,Dia total,Despejado,No,NO APLICA,12,52,13,2,1,02/03/2022,3
21,Kentucky,210114,0,0,1,0,13,BELL (13),0,NO APLICA,3,Marzo,17,2022,0,15,CR- LITTLE CLEAR CREEK RD,4,Calle del Condado,Rural,Local,State Highway Agency,0,Servicio de Parques Nacional,11,36.71299167,-83.73531944,Objeto fijo desconocido,El primer evento no fue una colision con un vehiculo automotor en transporte,Not an Intersection,No fue interseccion,Sobre el lado de la calle,Ninguna,Oscuro sin iluminacion,Nublado,No,NO APLICA,0,16,0,25,2,17/03/2022,2
21,Kentucky,210115,0,0,2,0,111,JEFFERSON (111),2090,LOUISVILLE,3,Marzo,17,2022,20,20,DIXIE HWY,5,Calle Local - Pueblo,Urbano,Local,Town or Township Highway Agency,0,Sin jurisdiccion especial,16,38.22655,-85.79109722,Vehiculo en movimiento,Angulo,T-Intersection,Interseccion de T,Sobre calle,Ninguna,Oscuro sin iluminacion,Despejado,No,NO APLICA,20,20,20,27,1,17/03/2022,11
21,Kentucky,210116,0,0,2,0,83,GRAVES (83),0,NO APLICA,3,Marzo,17,2022,20,33,SR-9003 PURCHASE PKWY,3,Highway estatal,Rural,Arteria Principal,State Highway Agency,1,Sin jurisdiccion especial,174,36.69354444,-88.72059167,Vehiculo en movimiento,Frente a frente,Not an Intersection,No fue interseccion,Sobre calle,Ninguna,Oscuro sin iluminacion,Despejado,No,NO APLICA,20,36,20,41,3,17/03/2022,3
21,Kentucky,210117,1,1,1,0,227,WARREN (227),350,BOWLING GREEN,3,Marzo,19,2022,3,33,SR-884 THREE SPRINGS RD,3,Highway estatal,Urbano,Colector Mayor,State Highway Agency,0,Sin jurisdiccion especial,89,36.93196944,-86.42315,Peaton,El primer evento no fue una colision con un vehiculo automotor en transporte,Not an Intersection,No fue interseccion,Sobre calle,Ninguna,Oscuro sin iluminacion,Despejado,No,NO APLICA,3,34,3,42,1,19/03/2022,1
21,Kentucky,210118,0,0,3,0,155,MARION (155),0,NO APLICA,3,Marzo,19,2022,16,25,US-68 NEW CAMPBELLSVILLE RD,2,US Highway,Rural,Arteria Principal,State Highway Agency,1,Sin jurisdiccion especial,40,37.49166944,-85.29723056,Vehiculo en movimiento,Golpe Lateral - direccion contraria,Not an Intersection,No fue interseccion,Sobre calle,Construccion,Dia total,Despejado,No,NO APLICA,16,25,16,31,1,19/03/2022,5
21,Kentucky,210119,0,0,1,0,213,SIMPSON (213),0,NO APLICA,3,Marzo,19,2022,23,46,SR-622 TEMPERANCE RD,3,Highway estatal,Rural,Colector Menor,State Highway Agency,0,Sin jurisdiccion especial,39,36.76184722,-86.44355556,Arbol,El primer evento no fue una colision con un vehiculo automotor en transporte,Not an Intersection,No fue interseccion,Sobre el lado de la calle,Ninguna,Oscuro sin iluminacion,Despejado,No,NO APLICA,23,57,0,4,1,19/03/2022,2
21,Kentucky,210120,0,0,2,0,1,ADAIR (1),0,NO APLICA,3,Marzo,20,2022,10,43,CR-BRIDGEWATER RD,4,Calle del Condado,Rural,Local,County Highway Agency,0,Sin jurisdiccion especial,11,37.20146111,-85.29531389,Vehiculo en movimiento,Angulo,Not an Intersection,No fue interseccion,Sobre calle,Ninguna,Dia total,Despejado,No,NO APLICA,10,30,10,42,2,20/03/2022,6
21,Kentucky,210121,1,1,1,0,9,BARREN (9),0,NO APLICA,3,Marzo,20,2022,19,22,SR-70 GRIDERVILLE RD,3,Highway estatal,Rural,Colector Mayor,State Highway Agency,0,Sin jurisdiccion especial,89,37.120525,-85.92138056,Peaton,El primer evento no fue una colision con un vehiculo automotor en transporte,Not an Intersection,No fue interseccion,Sobre calle,Ninguna,Dia total,Despejado,No,NO APLICA,19,24,19,34,1,20/03/2022,1
21,Kentucky,210122,1,1,1,0,111,JEFFERSON (111),2855,ST. MATTHEWS,3,Marzo,16,2022,14,3,SR-1932 BRECKENRIDGE RD,3,Highway estatal,Urbano,Arteria Menor,State Highway Agency,0,Sin jurisdiccion especial,38,38.23257778,-85.63905556,Peaton,El primer evento no fue una colision con un vehiculo automotor en transporte,Four-Way Intersection,Interseccion de 4 direcciones,Sobre calle,Ninguna,Dia total,Nublado,No,NO APLICA,14,4,14,9,1,16/03/2022,1
21,Kentucky,210123,0,0,2,0,143,LYON (143),0,NO APLICA,3,Marzo,22,2022,17,52,I-24,1,Interestatal,Rural,Interestatal,State Highway Agency,1,Sin jurisdiccion especial,530,36.98269167,-87.91752222,Vehiculo en movimiento,Angulo,Not an Intersection,No fue interseccion,Sobre calle,Ninguna,Dia total,lluvia,No,NO APLICA,17,55,18,4,2,22/03/2022,4
21,Kentucky,210124,0,0,2,0,33,CALDWELL (33),2690,PRINCETON,3,Marzo,15,2022,18,15,SR-91,3,Highway estatal,Urbano,Arteria Menor,State Highway Agency,0,Sin jurisdiccion especial,130,37.13275,-87.89757778,Vehiculo en movimiento,Angulo,T-Intersection,Interseccion de T,Sobre calle,Ninguna,Dia total,Nublado,No,NO APLICA,18,19,18,31,1,15/03/2022,2
21,Kentucky,210125,0,0,1,0,129,LEE (129),0,NO APLICA,3,Marzo,21,2022,8,0,SR-498,3,Highway estatal,Rural,Colector Mayor,State Highway Agency,0,Sin jurisdiccion especial,99998,37.63796111,-83.69896667,Zanja,El primer evento no fue una colision con un vehiculo automotor en transporte,Not an Intersection,No fue interseccion,Sobre el lado de la calle,Ninguna,Dia total,Despejado,No,NO APLICA,8,38,8,41,1,21/03/2022,3
21,Kentucky,210126,0,0,3,0,215,SPENCER (215),0,NO APLICA,3,Marzo,23,2022,12,25,SR-155 TAYLORSVILLE RD,3,Highway estatal,Rural,Arteria Menor,State Highway Agency,0,Sin jurisdiccion especial,9,38.11365278,-85.38120833,Vehiculo en movimiento,Frente a frente,Not an Intersection,No fue interseccion,Sobre calle,Ninguna,Dia total,Nublado,No,NO APLICA,12,33,12,34,1,23/03/2022,3
21,Kentucky,210127,0,0,2,0,73,FRANKLIN (73),0,NO APLICA,3,Marzo,13,2022,3,24,I-64,1,Interestatal,Rural,Interestatal,State Highway Agency,1,Sin jurisdiccion especial,486,38.14710278,-84.97336944,Vehiculo en movimiento,Frente a Detrás,Not an Intersection,No fue interseccion,Sobre calle,Ninguna,Oscuro sin iluminacion,Despejado,No,NO APLICA,3,34,3,48,1,13/03/2022,2
21,Kentucky,210128,0,1,4,1,213,SIMPSON (213),0,NO APLICA,3,Marzo,24,2022,4,7,I-65,1,Interestatal,Rural,Interestatal,State Highway Agency,1,Sin jurisdiccion especial,12,36.65671667,-86.56351667,Vehiculo Aparcado,El primer evento no fue una colision con un vehiculo automotor en transporte,Not an Intersection,No fue interseccion,Sobre Acotamiento,Ninguna,Oscuro sin iluminacion,Despejado,No,NO APLICA,4,11,4,26,1,24/03/2022,4
21,Kentucky,210129,1,1,1,0,81,GRANT (81),0,NO APLICA,3,Marzo,25,2022,23,24,TAYLOR LN,5,Calle Local - Pueblo,Rural,Local,Town or Township Highway Agency,0,Sin jurisdiccion especial,1,38.7229,-84.59221944,Peaton,El primer evento no fue una colision con un vehiculo automotor en transporte,Not an Intersection,No fue interseccion,Sobre calle,Ninguna,Oscuro sin iluminacion,lluvia,No,NO APLICA,23,26,23,33,1,25/03/2022,1
21,Kentucky,210130,0,0,1,0,59,DAVIESS (59),2490,OWENSBORO,3,Marzo,27,2022,13,50,US-60,2,US Highway,Urbano,Arterial Principal -Freeway o ExpressWay,State Highway Agency,1,Sin jurisdiccion especial,196,37.76956667,-87.06393056,Soporte de Puente,El primer evento no fue una colision con un vehiculo automotor en transporte,Not an Intersection,No fue interseccion,Gore?,Ninguna,Dia total,Despejado,No,NO APLICA,13,52,13,55,1,27/03/2022,2
21,Kentucky,210131,0,0,2,0,67,FAYETTE (67),1980,LEXINGTON-FAYETTE,3,Marzo,27,2022,2,47,US-60 VERSAILLES RD,2,US Highway,Rural,Arteria Principal,State Highway Agency,1,Sin jurisdiccion especial,10,38.04148056,-84.63119722,Vehiculo en movimiento,Golpe Lateral - direccion contraria,Not an Intersection,No fue interseccion,Sobre calle,Ninguna,Oscuro sin iluminacion,Despejado,No,NO APLICA,2,48,2,53,1,27/03/2022,4
21,Kentucky,210132,0,0,1,0,101,HENDERSON (101),0,NO APLICA,3,Marzo,23,2022,12,7,SR-359,3,Highway estatal,Rural,Colector Mayor,State Highway Agency,0,Sin jurisdiccion especial,11,37.77989444,-87.80679167,Poste,El primer evento no fue una colision con un vehiculo automotor en transporte,Not an Intersection,No fue interseccion,Fuera de la calle,Ninguna,Dia total,Nublado,No,NO APLICA,12,8,12,22,1,23/03/2022,1
21,Kentucky,210133,0,0,2,0,215,SPENCER (215),0,NO APLICA,3,Marzo,21,2022,9,40,SR-155 TAYLORSVILLE RD,3,Highway estatal,Rural,Arteria Menor,State Highway Agency,0,Sin jurisdiccion especial,7,38.11246111,-85.37918333,Vehiculo en movimiento,Angulo,Four-Way Intersection,Interseccion de 4 direcciones,Sobre calle,Ninguna,Dia total,Despejado,No,NO APLICA,9,46,9,52,1,21/03/2022,2
21,Kentucky,210134,1,1,1,0,49,CLARK (49),3610,WINCHESTER,3,Marzo,27,2022,12,22,SR-627 N MAPLE ST,3,Highway estatal,Urbano,Arteria Menor,State Highway Agency,0,Sin jurisdiccion especial,79,37.99396667,-84.17845,Peaton,El primer evento no fue una colision con un vehiculo automotor en transporte,Y-Intersection,Interseccion de Y,Sobre calle,Ninguna,Dia total,Nublado,No,NO APLICA,12,22,12,22,1,27/03/2022,1
21,Kentucky,210135,0,0,2,0,27,BRECKINRIDGE (27),0,NO APLICA,3,Marzo,31,2022,5,48,US-60,2,US Highway,Rural,Arteria Menor,State Highway Agency,0,Sin jurisdiccion especial,135,37.76545833,-86.47361111,Vehiculo en movimiento,Frente a frente,Not an Intersection,No fue interseccion,Sobre calle,Ninguna,Oscuro sin iluminacion,lluvia,No,NO APLICA,5,30,5,38,1,31/03/2022,4
21,Kentucky,210136,0,0,1,0,105,HICKMAN (105),0,NO APLICA,3,Marzo,28,2022,15,0,SR-58,3,Highway estatal,Rural,Colector Mayor,State Highway Agency,0,Sin jurisdiccion especial,75,36.69055278,-89.02370833,Poste,El primer evento no fue una colision con un vehiculo automotor en transporte,Not an Intersection,No fue interseccion,Sobre el lado de la calle,Ninguna,Dia total,Despejado,No,NO APLICA,15,12,15,14,1,28/03/2022,1
21,Kentucky,210137,0,0,2,0,177,MUHLENBERG (177),650,CENTRAL CITY,3,Marzo,23,2022,22,11,US-431 S 2ND ST,2,US Highway,Urbano,Arteria Menor,State Highway Agency,0,Sin jurisdiccion especial,176,37.28265833,-87.11020833,Vehiculo en movimiento,Angulo,Not an Intersection,No fue interseccion,Sobre calle,Ninguna,Oscuro sin iluminacion,Nublado,No,NO APLICA,22,20,22,27,1,23/03/2022,2
21,Kentucky,210138,0,0,2,0,15,BOONE (15),0,NO APLICA,3,Marzo,20,2022,19,35,US-42,2,US Highway,Rural,Arteria Menor,State Highway Agency,0,Sin jurisdiccion especial,75,38.91112778,-84.68720833,Objeto fijo desconocido,El primer evento no fue una colision con un vehiculo automotor en transporte,Not an Intersection,No fue interseccion,Fuera de la calle,Ninguna,Atardecer,Nublado,No,NO APLICA,19,35,19,42,1,20/03/2022,3
21,Kentucky,210139,0,0,2,0,161,MASON (161),0,NO APLICA,3,Marzo,22,2022,18,10,SR-11,3,Highway estatal,Rural,Arteria Menor,State Highway Agency,0,Sin jurisdiccion especial,53,38.56601667,-83.76554722,Vehiculo en movimiento,Frente a frente,Not an Intersection,No fue interseccion,Sobre calle,Ninguna,Dia total,Despejado,No,NO APLICA,18,15,18,42,1,22/03/2022,2
21,Kentucky,210140,0,0,2,0,135,LEWIS (135),0,NO APLICA,3,Marzo,30,2022,6,18,SR-9 GRAYSON SPUR RD,3,Highway estatal,Rural,Arteria Principal,State Highway Agency,1,Sin jurisdiccion especial,0,38.55559167,-83.24449167,Vehiculo en movimiento,Angulo,Four-Way Intersection,Interseccion de 4 direcciones,Sobre calle,Ninguna,Oscuro sin iluminacion,Despejado,No,NO APLICA,5,56,6,19,1,30/03/2022,2
21,Kentucky,210141,1,1,1,0,51,CLAY (51),2160,MANCHESTER,3,Marzo,30,2022,14,56,US-421,2,US Highway,Rural,Colector Mayor,State Highway Agency,0,Sin jurisdiccion especial,125,37.10281667,-83.71040833,Peaton,El primer evento no fue una colision con un vehiculo automotor en transporte,Not an Intersection,No fue interseccion,Sobre calle,Ninguna,Dia total,Despejado,No,NO APLICA,14,43,14,49,1,30/03/2022,1
21,Kentucky,210142,0,0,2,0,217,TAYLOR (217),520,CAMPBELLSVILLE,3,Marzo,30,2022,17,17,SR-3350 N BYPASS RD,3,Highway estatal,Urbano,Arteria Menor,State Highway Agency,0,Sin jurisdiccion especial,15,37.36214167,-85.35059722,Vehiculo en movimiento,Frente a frente,Not an Intersection,No fue interseccion,Sobre calle,Ninguna,Dia total,Despejado,No,NO APLICA,17,8,17,19,1,30/03/2022,5
21,Kentucky,210143,0,0,1,0,199,PULASKI (199),3070,SOMERSET,3,Marzo,31,2022,21,35,CR-GARNER SCHOOL HOUSE RD,4,Calle del Condado,Rural,Local,County Highway Agency,0,Sin jurisdiccion especial,0,37.10423056,-84.57561389,Acotamiento,El primer evento no fue una colision con un vehiculo automotor en transporte,Not an Intersection,No fue interseccion,Sobre el lado de la calle,Ninguna,Oscuro sin iluminacion,Despejado,No,NO APLICA,21,3,21,10,1,31/03/2022,3
21,Kentucky,210144,0,0,1,0,155,MARION (155),0,NO APLICA,3,Marzo,12,2022,0,4,SR-49 HOLY CROSS RD,3,Highway estatal,Rural,Colector Mayor,State Highway Agency,0,Sin jurisdiccion especial,341,37.67863056,-85.44964722,Acotamiento,El primer evento no fue una colision con un vehiculo automotor en transporte,Not an Intersection,No fue interseccion,Sobre el lado de la calle,Ninguna,Oscuro sin iluminacion,lluvia,No,NO APLICA,0,5,0,32,1,12/03/2022,1
21,Kentucky,210145,0,0,1,0,185,OLDHAM (185),1870,LA GRANGE,4,Abril,2,2022,1,20,US-42,2,US Highway,Rural,Arteria Menor,State Highway Agency,0,Sin jurisdiccion especial,130,38.45565,-85.41821111,Poste de Señal de trafico,El primer evento no fue una colision con un vehiculo automotor en transporte,T-Intersection,Interseccion de T,Sobre el lado de la calle,Ninguna,Oscuro - iluminacion desconocida,Despejado,No,NO APLICA,1,20,1,32,1,02/04/2022,1
21,Kentucky,210146,0,0,1,0,159,MARTIN (159),1680,INEZ,4,Abril,3,2022,5,11,SR-3,3,Highway estatal,Rural,Colector Mayor,State Highway Agency,0,Sin jurisdiccion especial,124,37.87624167,-82.55245833,Objeto fijo desconocido,El primer evento no fue una colision con un vehiculo automotor en transporte,Not an Intersection,No fue interseccion,Sobre el lado de la calle,Ninguna,Oscuro sin iluminacion,Despejado,No,NO APLICA,4,24,4,54,1,03/04/2022,3
21,Kentucky,210147,0,0,2,0,113,JESSAMINE (113),2410,NICHOLASVILLE,4,Abril,4,2022,18,48,US-27 LEXINGTON RD,2,US Highway,Urbano,Arteria Principal,State Highway Agency,1,Sin jurisdiccion especial,136,37.94179444,-84.54611667,Vehiculo en movimiento,Angulo,T-Intersection,Interseccion de T,Sobre calle,Ninguna,Dia total,Despejado,No,NO APLICA,18,51,18,54,1,04/04/2022,4
21,Kentucky,210148,0,0,1,0,133,LETCHER (133),3530,WHITESBURG,4,Abril,6,2022,8,4,US-119,2,US Highway,Rural,Arteria Principal,State Highway Agency,1,Sin jurisdiccion especial,152,37.09881389,-82.79214167,Volcadura,El primer evento no fue una colision con un vehiculo automotor en transporte,Not an Intersection,No fue interseccion,Sobre calle,Ninguna,Dia total,Nublado,No,NO APLICA,8,5,8,23,2,06/04/2022,2
21,Kentucky,210149,0,0,1,0,37,CAMPBELL (37),0,NO APLICA,4,Abril,7,2022,0,45,SR-547 FOUR MILE RD,3,Highway estatal,Rural,Arteria Menor,State Highway Agency,0,Sin jurisdiccion especial,23,38.98429722,-84.36356111,Objeto fijo desconocido,El primer evento no fue una colision con un vehiculo automotor en transporte,Not an Intersection,No fue interseccion,Sobre el lado de la calle,Ninguna,Oscuro sin iluminacion,Neblina o Humo,No,NO APLICA,0,49,0,53,1,07/04/2022,2
21,Kentucky,210150,1,1,1,0,219,TODD (219),1370,GUTHRIE,4,Abril,6,2022,0,59,US-79,2,US Highway,Rural,Arteria Principal,State Highway Agency,1,Sin jurisdiccion especial,14,36.65421389,-87.18216111,Peaton,El primer evento no fue una colision con un vehiculo automotor en transporte,Not an Intersection,No fue interseccion,Sobre calle,Ninguna,Oscuro sin iluminacion,Neblina o Humo,No,NO APLICA,1,22,1,47,1,06/04/2022,1
21,Kentucky,210151,0,0,3,0,151,MADISON (151),0,NO APLICA,4,Abril,8,2022,16,27,SR-627,3,Highway estatal,Rural,Arteria Principal,State Highway Agency,1,Sin jurisdiccion especial,13,37.85597222,-84.31180556,Vehiculo en movimiento,Frente a frente,Not an Intersection,No fue interseccion,Sobre calle,Ninguna,Dia total,Nublado,No,NO APLICA,16,28,16,57,1,08/04/2022,6
21,Kentucky,210152,0,0,1,0,111,JEFFERSON (111),2090,LOUISVILLE,4,Abril,10,2022,19,21,I-71,1,Interestatal,Urbano,Interestatal,State Highway Agency,1,Sin jurisdiccion especial,48,38.290725,-85.64994444,Valla Ferrocarril,El primer evento no fue una colision con un vehiculo automotor en transporte,Not an Intersection,No fue interseccion,Sobre el lado de la calle,Ninguna,Dia total,Despejado,No,NO APLICA,19,23,19,30,1,10/04/2022,2
21,Kentucky,210153,0,0,1,0,203,ROCKCASTLE (203),0,NO APLICA,4,Abril,7,2022,11,46,SR-1249 SAND SPRINGS RD,3,Highway estatal,Rural,Arteria Menor,State Highway Agency,0,Sin jurisdiccion especial,72,37.24222222,-84.35497778,Arbol,El primer evento no fue una colision con un vehiculo automotor en transporte,Not an Intersection,No fue interseccion,Sobre el lado de la calle,Ninguna,Dia total,Despejado,No,NO APLICA,11,50,12,3,1,07/04/2022,1
21,Kentucky,210154,0,0,2,0,45,CASEY (45),0,NO APLICA,4,Abril,11,2022,17,38,US-127,2,US Highway,Rural,Arteria Principal,State Highway Agency,1,Sin jurisdiccion especial,112,37.28579167,-84.958475,Vehiculo en movimiento,Frente a frente,Not an Intersection,No fue interseccion,Sobre calle,Ninguna,Dia total,lluvia,No,NO APLICA,18,25,18,29,1,11/04/2022,2
21,Kentucky,210155,1,1,1,0,111,JEFFERSON (111),2090,LOUISVILLE,4,Abril,4,2022,21,57,US-60 A TAYLOR BLVD,2,US Highway,Urbano,Arteria Principal,State Highway Agency,1,Sin jurisdiccion especial,18,38.20155,-85.78216944,Peaton,El primer evento no fue una colision con un vehiculo automotor en transporte,Not an Intersection,No fue interseccion,Sobre calle,Ninguna,Oscuro con iluminacion,Nublado,No,NO APLICA,21,58,22,2,1,04/04/2022,1