Estado,Nombre de Estado,Numero de Caso,Peatones,Personas _no_vehiculos,Vehiculos automotores,Vehiculos estacionados,Condado,Nombre Condado,Ciudad,Nombre Ciudad,Mes,Nombre Mes,Dia,Año,Hora,Minuto,Calle,Ruta,Nombre Ruta,Rural o Urbanoo,Sistema Funcional,Dueño Calle,Sistema Nacional Carreteras,Jurisdiccion Especial,Milla,Latitud,Longitud,Causa del Accidente,Tipo de Accidente,Tipo Interseccion,Columna1,Lugar en la calle,Zona de Trabajo,Luz,Clima,Autobus Escolar,Cruce de Trenes,Hora Notificacion,Minuto Notificacion,Hora Llegada,Minuto Llegada,Decesos,Fecha,PersonaVehiculo
21,Kentucky,210156,0,0,1,0,111,JEFFERSON (111),2090,LOUISVILLE,4,Abril,14,2022,23,11,I-64,1,Interestatal,Urbano,Interestatal,State Highway Agency,1,Sin jurisdiccion especial,11,38.276575,-85.80902222,Acotamiento,El primer evento no fue una colision con un vehiculo automotor en transporte,Not an Intersection,No fue interseccion,Gore?,Ninguna,Oscuro sin iluminacion,Despejado,No,NO APLICA,23,11,23,17,1,14/04/2022,2
21,Kentucky,210157,0,0,1,0,227,WARREN (227),0,NO APLICA,4,Abril,15,2022,23,23,SR-185,3,Highway estatal,Rural,Colector Mayor,State Highway Agency,0,Sin jurisdiccion especial,20,37.03165833,-86.44536389,Objeto fijo desconocido,El primer evento no fue una colision con un vehiculo automotor en transporte,Not an Intersection,No fue interseccion,Sobre el lado de la calle,Ninguna,Oscuro con iluminacion,lluvia,No,NO APLICA,23,25,23,30,2,15/04/2022,5
21,Kentucky,210158,0,0,1,0,67,FAYETTE (67),1980,LEXINGTON-FAYETTE,4,Abril,19,2022,16,39,SR-1968 PARKERS MILL RD,3,Highway estatal,Rural,Colector Menor,State Highway Agency,0,Sin jurisdiccion especial,13,38.03001111,-84.62569444,Arbol,El primer evento no fue una colision con un vehiculo automotor en transporte,Not an Intersection,No fue interseccion,Sobre el lado de la calle,Ninguna,Dia total,Despejado,No,NO APLICA,16,41,16,53,1,19/04/2022,3
21,Kentucky,210159,0,0,1,0,111,JEFFERSON (111),2090,LOUISVILLE,4,Abril,1,2022,3,39,SR-1747 N HURSTBOURNE PKWY,3,Highway estatal,Urbano,Arteria Principal,State Highway Agency,1,Sin jurisdiccion especial,135,38.24787222,-85.57734722,Banqueta,El primer evento no fue una colision con un vehiculo automotor en transporte,Not an Intersection,No fue interseccion,Sobre el lado de la calle,Ninguna,Oscuro con iluminacion,lluvia,No,NO APLICA,3,35,3,40,1,01/04/2022,1
21,Kentucky,210160,0,0,1,0,159,MARTIN (159),1680,INEZ,4,Abril,7,2022,2,59,SR-40 BLACKLOG RD,3,Highway estatal,Rural,Arteria Menor,State Highway Agency,0,Sin jurisdiccion especial,148,37.83301944,-82.48037222,Arbol,El primer evento no fue una colision con un vehiculo automotor en transporte,Not an Intersection,No fue interseccion,Sobre el lado de la calle,Ninguna,Oscuro sin iluminacion,Despejado,No,NO APLICA,3,0,3,8,1,07/04/2022,1
21,Kentucky,210161,0,0,2,0,171,MONROE (171),0,NO APLICA,4,Abril,9,2022,12,31,CR-CLEMENTSVILLE RD,4,Calle del Condado,Rural,Local,County Highway Agency,0,Sin jurisdiccion especial,16,36.62109167,-85.74681111,Vehiculo en movimiento,Frente a frente,Not an Intersection,No fue interseccion,Sobre calle,Ninguna,Dia total,Nublado,No,NO APLICA,12,31,12,43,1,09/04/2022,2
21,Kentucky,210162,0,0,2,0,111,JEFFERSON (111),2090,LOUISVILLE,4,Abril,15,2022,20,16,US-31 DIXIE HWY,2,US Highway,Urbano,Arteria Principal,State Highway Agency,1,Sin jurisdiccion especial,75,38.09367778,-85.87511944,Vehiculo en movimiento,Angulo,Four-Way Intersection,Interseccion de 4 direcciones,Sobre calle,Ninguna,Oscuro con iluminacion,Nublado,No,NO APLICA,22,16,20,20,2,15/04/2022,4
21,Kentucky,210163,0,0,1,0,31,BUTLER (31),0,NO APLICA,4,Abril,17,2022,8,35,SR-70 ROCHESTER RD,3,Highway estatal,Rural,Colector Mayor,State Highway Agency,0,Sin jurisdiccion especial,87,37.18520556,-86.76916944,Arbol,El primer evento no fue una colision con un vehiculo automotor en transporte,Not an Intersection,No fue interseccion,Sobre el lado de la calle,Ninguna,Dia total,Nublado,No,NO APLICA,8,48,9,10,1,17/04/2022,1
21,Kentucky,210164,0,0,1,0,59,DAVIESS (59),2490,OWENSBORO,4,Abril,20,2022,15,24,W 9TH ST,5,Calle Local - Pueblo,Urbano,Local,Town or Township Highway Agency,0,Sin jurisdiccion especial,17,37.76738056,-87.11437778,Poste,El primer evento no fue una colision con un vehiculo automotor en transporte,Not an Intersection,No fue interseccion,Sobre el lado de la calle,Ninguna,Dia total,Despejado,No,NO APLICA,15,25,15,27,1,20/04/2022,1
21,Kentucky,210165,1,1,1,0,177,MUHLENBERG (177),650,CENTRAL CITY,4,Abril,18,2022,22,34,SR-9001,3,Highway estatal,Rural,Arteria Principal,State Highway Agency,1,Sin jurisdiccion especial,577,37.28138889,-87.11271667,Peaton,El primer evento no fue una colision con un vehiculo automotor en transporte,Not an Intersection,No fue interseccion,Sobre calle,Ninguna,Oscuro sin iluminacion,Despejado,No,NO APLICA,22,39,22,49,1,18/04/2022,1
21,Kentucky,210166,0,0,2,0,103,HENRY (103),0,NO APLICA,4,Abril,21,2022,19,24,SR-193 PORT ROYAL RD,3,Highway estatal,Rural,Colector Menor,State Highway Agency,0,Sin jurisdiccion especial,75,38.55151944,-85.08960278,Vehiculo en movimiento,Frente a frente,Not an Intersection,No fue interseccion,Sobre calle,Ninguna,Dia total,Despejado,No,NO APLICA,19,27,19,39,1,21/04/2022,3
21,Kentucky,210167,0,0,2,0,125,LAUREL (125),2040,LONDON,4,Abril,11,2022,13,50,SR-80 LAUREL RD,3,Highway estatal,Urbano,Arteria Menor,State Highway Agency,0,Sin jurisdiccion especial,135,37.11690833,-84.04838056,Vehiculo en movimiento,Frente a frente,Not an Intersection,No fue interseccion,Sobre calle,Ninguna,Dia total,Despejado,No,NO APLICA,13,50,14,2,1,11/04/2022,3
21,Kentucky,210168,0,0,1,0,187,OWEN (187),0,NO APLICA,4,Abril,23,2022,13,2,SR-2018 E SWOPE NATLEE RD,3,Highway estatal,Rural,Local,State Highway Agency,0,Sin jurisdiccion especial,11,38.45568333,-84.67853611,Arbol,El primer evento no fue una colision con un vehiculo automotor en transporte,Not an Intersection,No fue interseccion,Sobre el lado de la calle,Ninguna,Dia total,Despejado,No,NO APLICA,13,7,13,30,1,23/04/2022,1
21,Kentucky,210169,2,2,1,0,99,HART (99),0,NO APLICA,4,Abril,23,2022,18,49,SR-88 HARDYVILLE RD,3,Highway estatal,Rural,Colector Mayor,State Highway Agency,0,Sin jurisdiccion especial,247,37.25037778,-85.77263889,Animal montado o vehiculo de traccion animal,El primer evento no fue una colision con un vehiculo automotor en transporte,Not an Intersection,No fue interseccion,Sobre calle,Ninguna,Dia total,Despejado,No,NO APLICA,18,51,18,59,1,23/04/2022,1
21,Kentucky,210170,0,0,2,0,111,JEFFERSON (111),2090,LOUISVILLE,4,Abril,23,2022,23,15,SR-155 TAYLORSVILLE RD,3,Highway estatal,Urbano,Arteria Principal,State Highway Agency,1,Sin jurisdiccion especial,128,38.219325,-85.61609444,Vehiculo en movimiento,Angulo,T-Intersection,Interseccion de T,Sobre calle,Ninguna,Oscuro con iluminacion,Despejado,No,NO APLICA,23,16,23,16,1,23/04/2022,2
21,Kentucky,210171,0,0,3,0,239,WOODFORD (239),0,NO APLICA,4,Abril,24,2022,14,31,US-62 MIDWAY RD,2,US Highway,Rural,Arteria Menor,State Highway Agency,0,Sin jurisdiccion especial,99998,38.11233889,-84.70621389,Vehiculo en movimiento,Angulo,Not an Intersection,No fue interseccion,Sobre calle,Ninguna,Dia total,Despejado,No,NO APLICA,14,32,14,40,1,24/04/2022,7
21,Kentucky,210172,0,0,1,0,155,MARION (155),0,NO APLICA,4,Abril,24,2022,16,44,SR-55 SPRINGFIELD HWY,3,Highway estatal,Rural,Arteria Principal,State Highway Agency,1,Sin jurisdiccion especial,20,37.59296389,-85.25044444,Valla Ferrocarril,El primer evento no fue una colision con un vehiculo automotor en transporte,Not an Intersection,No fue interseccion,Sobre el lado de la calle,Ninguna,Dia total,Despejado,No,NO APLICA,16,43,16,46,1,24/04/2022,1
21,Kentucky,210173,1,1,1,0,111,JEFFERSON (111),2090,LOUISVILLE,4,Abril,21,2022,15,21,US-31E BARDSTOWN RD,2,US Highway,Rural,Arteria Principal,State Highway Agency,1,Sin jurisdiccion especial,53,38.14775278,-85.58607222,Peaton,El primer evento no fue una colision con un vehiculo automotor en transporte,Not an Intersection,No fue interseccion,Sobre Acotamiento,Ninguna,Dia total,Otro,No,NO APLICA,15,23,15,29,1,21/04/2022,1
21,Kentucky,210174,0,0,2,0,165,MENIFEE (165),0,NO APLICA,4,Abril,22,2022,10,18,SR-77,3,Highway estatal,Rural,Colector Mayor,State Highway Agency,0,Sin jurisdiccion especial,56,37.88425833,-83.61648611,Vehiculo en movimiento,Frente a frente,Not an Intersection,No fue interseccion,Sobre calle,Ninguna,Dia total,Nublado,No,NO APLICA,10,22,10,30,1,22/04/2022,2
21,Kentucky,210175,0,0,2,0,27,BRECKINRIDGE (27),0,NO APLICA,4,Abril,26,2022,6,11,US-60,2,US Highway,Rural,Arteria Menor,State Highway Agency,0,Sin jurisdiccion especial,313,37.87556111,-86.25181389,Vehiculo en movimiento,Golpe Lateral - direccion contraria,Not an Intersection,No fue interseccion,Sobre calle,Ninguna,Oscuro sin iluminacion,Despejado,No,NO APLICA,4,21,4,33,1,26/04/2022,2
21,Kentucky,210177,1,1,2,0,111,JEFFERSON (111),2090,LOUISVILLE,4,Abril,19,2022,10,7,US-31 W MARKET ST,2,US Highway,Urbano,Arteria Principal,State Highway Agency,1,Sin jurisdiccion especial,205,38.25766389,-85.77952222,Peaton,El primer evento no fue una colision con un vehiculo automotor en transporte,Four-Way Intersection,Interseccion de 4 direcciones,Sobre el lado de la calle,Ninguna,Dia total,Despejado,No,NO APLICA,10,7,10,23,1,19/04/2022,3
21,Kentucky,210178,0,0,1,0,111,JEFFERSON (111),2090,LOUISVILLE,4,Abril,20,2022,9,58,N 30TH ST,5,Calle Local - Pueblo,Urbano,Local,Town or Township Highway Agency,0,Sin jurisdiccion especial,2,38.26781667,-85.79935,Otro objeto (fijo),El primer evento no fue una colision con un vehiculo automotor en transporte,L-Intersection,Interseccion en L,Fuera de la calle,Ninguna,Dia total,Despejado,No,NO APLICA,9,8,9,10,1,20/04/2022,1
21,Kentucky,210179,1,1,1,0,111,JEFFERSON (111),2090,LOUISVILLE,4,Abril,26,2022,21,45,SR-1020 SOUTHSIDE DR,3,Highway estatal,Urbano,Arteria Menor,State Highway Agency,0,Sin jurisdiccion especial,66,38.16594722,-85.76477222,Peaton,El primer evento no fue una colision con un vehiculo automotor en transporte,T-Intersection,Interseccion de T,Sobre calle,Ninguna,Oscuro con iluminacion,Despejado,No,NO APLICA,21,45,21,50,1,26/04/2022,1
21,Kentucky,210180,0,0,2,0,67,FAYETTE (67),1980,LEXINGTON-FAYETTE,4,Abril,28,2022,16,10,MAN O WAR BLVD,5,Calle Local - Pueblo,Urbano,Local,Town or Township Highway Agency,0,Sin jurisdiccion especial,29,38.00643889,-84.57429167,Vehiculo en movimiento,Frente a frente,Four-Way Intersection,Interseccion de 4 direcciones,Sobre calle,Ninguna,Dia total,Despejado,No,NO APLICA,16,13,16,27,1,28/04/2022,2
21,Kentucky,210181,0,0,2,0,47,CHRISTIAN (47),2455,OAK GROVE,4,Abril,29,2022,15,13,US-41 A FORT CAMPBELL RD,2,US Highway,Rural,Colector Menor,State Highway Agency,1,Sin jurisdiccion especial,4,36.64689722,-87.43775,Vehiculo en movimiento,Angulo,T-Intersection,Interseccion de T,Sobre calle,Ninguna,Dia total,Despejado,No,NO APLICA,15,13,15,30,1,29/04/2022,3
21,Kentucky,210182,0,0,1,0,67,FAYETTE (67),1980,LEXINGTON-FAYETTE,4,Abril,30,2022,2,33,I-64 RAMP,1,Interestatal,Rural,Interestatal,State Highway Agency,1,Sin jurisdiccion especial,813,38.05539722,-84.43037778,Soporte de Puente,El primer evento no fue una colision con un vehiculo automotor en transporte,Not an Intersection,No fue interseccion,Gore?,Ninguna,Oscuro con iluminacion,Nublado,No,NO APLICA,2,35,2,56,1,30/04/2022,2
21,Kentucky,210183,0,0,1,0,165,MENIFEE (165),0,NO APLICA,4,Abril,1,2022,20,36,SR-746,3,Highway estatal,Rural,Colector Mayor,State Highway Agency,0,Sin jurisdiccion especial,20,37.85943889,-83.54193333,Poste de Señal de trafico,El primer evento no fue una colision con un vehiculo automotor en transporte,Not an Intersection,No fue interseccion,Sobre el lado de la calle,Ninguna,Oscuro sin iluminacion,Despejado,No,NO APLICA,20,40,20,52,1,01/04/2022,2
21,Kentucky,210184,0,0,2,0,135,LEWIS (135),1278,GARRISON,4,Abril,28,2022,20,18,SR-10,3,Highway estatal,Rural,Arteria Principal,State Highway Agency,1,Sin jurisdiccion especial,138,38.60378333,-83.16374722,Vehiculo en movimiento,Frente a frente,Not an Intersection,No fue interseccion,Sobre calle,Ninguna,Dia total,Despejado,No,NO APLICA,20,20,20,34,1,28/04/2022,2
21,Kentucky,210185,0,0,1,0,151,MADISON (151),0,NO APLICA,2,Febrero,28,2022,10,2,CR-HAGAN MILL RD,4,Calle del Condado,Rural,Local,County Highway Agency,0,Sin jurisdiccion especial,7,37.695475,-84.34344722,Arbol,El primer evento no fue una colision con un vehiculo automotor en transporte,Not an Intersection,No fue interseccion,Sobre el lado de la calle,Ninguna,Dia total,Despejado,No,NO APLICA,10,4,10,13,1,28/02/2022,1
21,Kentucky,210186,0,0,1,0,139,LIVINGSTON (139),0,NO APLICA,4,Abril,23,2022,11,1,SR-RIVER RD,3,Highway estatal,Rural,Colector Menor,State Highway Agency,0,Sin jurisdiccion especial,59,37.24560833,-88.47778056,Otro objeto (no fijo),El primer evento no fue una colision con un vehiculo automotor en transporte,Not an Intersection,No fue interseccion,Sobre el lado de la calle,Ninguna,Dia total,Despejado,No,NO APLICA,11,4,11,16,1,23/04/2022,4
21,Kentucky,210187,0,0,1,0,179,NELSON (179),0,NO APLICA,4,Abril,27,2022,20,0,SR-247 HOWARDSTOWN RD,3,Highway estatal,Rural,Colector Menor,State Highway Agency,0,Sin jurisdiccion especial,15,37.58611944,-85.59974444,Arbol,El primer evento no fue una colision con un vehiculo automotor en transporte,Not an Intersection,No fue interseccion,Sobre el lado de la calle,Ninguna,Dia total,Despejado,No,NO APLICA,20,6,20,28,1,27/04/2022,1
21,Kentucky,210188,0,0,2,0,99,HART (99),0,NO APLICA,4,Abril,30,2022,8,50,SR-88 CUB RUN HWY,3,Highway estatal,Rural,Colector Mayor,State Highway Agency,0,Sin jurisdiccion especial,125,37.3106,-85.95354167,Vehiculo en movimiento,Frente a frente,Not an Intersection,No fue interseccion,Sobre calle,Ninguna,Dia total,Despejado,No,NO APLICA,8,55,9,0,1,30/04/2022,5
21,Kentucky,210189,0,0,4,0,71,FLOYD (71),0,NO APLICA,4,Abril,18,2022,16,20,SR-114,3,Highway estatal,Rural,Arteria Principal,State Highway Agency,1,Sin jurisdiccion especial,84,37.65488611,-82.83151111,Vehiculo en movimiento,Frente a Detrás,T-Intersection,Interseccion de T,Sobre calle,Ninguna,Dia total,Nublado,No,NO APLICA,0,0,0,0,1,18/04/2022,10
21,Kentucky,210190,0,0,2,0,133,LETCHER (133),0,NO APLICA,4,Abril,14,2022,15,5,US-119,2,US Highway,Rural,Arteria Principal,State Highway Agency,1,Sin jurisdiccion especial,37,37.02965,-82.87005,Vehiculo en movimiento,Frente a frente,Not an Intersection,No fue interseccion,Sobre calle,Ninguna,Dia total,Despejado,No,NO APLICA,11,11,11,11,2,14/04/2022,3
21,Kentucky,210191,0,0,2,0,79,GARRARD (79),0,NO APLICA,4,Abril,23,2022,19,35,US-27 LEXINGTON RD,2,US Highway,Rural,Arteria Principal,State Highway Agency,1,Sin jurisdiccion especial,156,37.75301111,-84.61778056,Vehiculo en movimiento,Angulo,T-Intersection,Interseccion de T,Sobre calle,Ninguna,Dia total,Despejado,No,NO APLICA,20,7,20,27,1,23/04/2022,2
21,Kentucky,210192,1,1,1,0,195,PIKE (195),2640,PIKEVILLE,3,Marzo,5,2022,21,37,US-23 RAMP,2,US Highway,Rural,Arteria Principal,State Highway Agency,1,Sin jurisdiccion especial,1,37.48538889,-82.54229444,Peaton,El primer evento no fue una colision con un vehiculo automotor en transporte,Not an Intersection,No fue interseccion,Sobre Acotamiento,Ninguna,Oscuro sin iluminacion,Despejado,No,NO APLICA,21,45,21,48,1,05/03/2022,2
21,Kentucky,210193,0,0,3,2,111,JEFFERSON (111),2090,LOUISVILLE,5,Mayo,1,2022,11,2,BARN RD,5,Calle Local - Pueblo,Urbano,Local,Town or Township Highway Agency,0,Sin jurisdiccion especial,0,38.13400278,-85.59653056,Vehiculo Aparcado,El primer evento no fue una colision con un vehiculo automotor en transporte,Not an Intersection,No fue interseccion,Fuera de la calle,Ninguna,Dia total,Despejado,No,NO APLICA,11,2,11,7,1,01/05/2022,1
21,Kentucky,210194,0,0,2,0,111,JEFFERSON (111),2090,LOUISVILLE,5,Mayo,1,2022,19,39,US-31 DIXIE HWY,2,US Highway,Urbano,Arteria Principal,State Highway Agency,1,Sin jurisdiccion especial,128,38.16228889,-85.83165,Vehiculo en movimiento,Frente a Detrás,Four-Way Intersection,Interseccion de 4 direcciones,Sobre calle,Ninguna,Dia total,Despejado,No,NO APLICA,19,40,19,49,1,01/05/2022,3
21,Kentucky,210195,0,0,2,0,223,TRIMBLE (223),0,NO APLICA,5,Mayo,2,2022,16,54,CR-MARTINI LN,4,Calle del Condado,Rural,Local,County Highway Agency,0,Sin jurisdiccion especial,2,38.53551667,-85.262325,Vehiculo en movimiento,Frente a frente,Not an Intersection,No fue interseccion,Sobre calle,Ninguna,Dia total,Despejado,No,NO APLICA,16,59,17,12,1,02/05/2022,2
21,Kentucky,210196,0,0,1,0,49,CLARK (49),0,NO APLICA,5,Mayo,3,2022,0,47,I-64,1,Interestatal,Rural,Interestatal,State Highway Agency,1,Sin jurisdiccion especial,1,38.03607778,-84.07847778,Volcadura,El primer evento no fue una colision con un vehiculo automotor en transporte,Not an Intersection,No fue interseccion,Gore?,Ninguna,Oscuro sin iluminacion,Despejado,No,NO APLICA,0,47,0,47,1,03/05/2022,1
21,Kentucky,210197,0,0,1,0,227,WARREN (227),0,NO APLICA,5,Mayo,5,2022,9,46,SR-9007,3,Highway estatal,Urbano,Arterial Principal -Freeway o ExpressWay,State Highway Agency,1,Sin jurisdiccion especial,48,36.93691667,-86.46859167,Acotamiento,El primer evento no fue una colision con un vehiculo automotor en transporte,Not an Intersection,No fue interseccion,Sobre el lado de la calle,Ninguna,Dia total,Nublado,No,NO APLICA,9,52,9,56,1,05/05/2022,1
21,Kentucky,210198,1,1,1,0,59,DAVIESS (59),2490,OWENSBORO,5,Mayo,6,2022,5,14,SR-2155 NEW HARTFORD RD,3,Highway estatal,Urbano,Arteria Principal,State Highway Agency,1,Sin jurisdiccion especial,1,37.73333889,-87.08899722,Peaton,El primer evento no fue una colision con un vehiculo automotor en transporte,Not an Intersection,No fue interseccion,Sobre calle,Ninguna,Oscuro - iluminacion desconocida,Nublado,No,NO APLICA,5,15,5,18,1,06/05/2022,1
21,Kentucky,210199,0,0,2,0,181,NICHOLAS (181),560,CARLISLE,5,Mayo,6,2022,9,1,US-68,2,US Highway,Rural,Arteria Principal,State Highway Agency,1,Sin jurisdiccion especial,99998,38.33668056,-84.05851389,Vehiculo en movimiento,Angulo,Four-Way Intersection,Interseccion de 4 direcciones,Sobre calle,Ninguna,Dia total,lluvia,No,NO APLICA,8,59,9,3,1,06/05/2022,2
21,Kentucky,210200,0,0,2,0,11,BATH (11),0,NO APLICA,5,Mayo,6,2022,12,2,SR-36,3,Highway estatal,Rural,Colector Mayor,State Highway Agency,0,Sin jurisdiccion especial,94,38.17074722,-83.78759722,Vehiculo en movimiento,Golpe Lateral - direccion contraria,Not an Intersection,No fue interseccion,Sobre calle,Ninguna,Dia total,lluvia,No,NO APLICA,11,55,12,4,1,06/05/2022,2
21,Kentucky,210201,0,0,3,0,203,ROCKCASTLE (203),0,NO APLICA,5,Mayo,6,2022,14,17,I-75,1,Interestatal,Rural,Interestatal,State Highway Agency,1,Sin jurisdiccion especial,573,37.32146389,-84.29648889,Vehiculo en movimiento,Angulo,Not an Intersection,No fue interseccion,Sobre calle,Ninguna,Dia total,lluvia,No,NO APLICA,14,15,14,28,1,06/05/2022,3
21,Kentucky,210202,0,0,2,0,31,BUTLER (31),0,NO APLICA,5,Mayo,7,2022,23,32,SR-185 REEDYVILLE RD,3,Highway estatal,Rural,Colector Mayor,State Highway Agency,0,Sin jurisdiccion especial,18,37.17326944,-86.425375,Vehiculo en movimiento,Frente a Detrás,Not an Intersection,No fue interseccion,Sobre calle,Ninguna,Oscuro sin iluminacion,Despejado,No,NO APLICA,23,35,0,7,1,07/05/2022,3
21,Kentucky,210203,0,0,1,0,67,FAYETTE (67),1980,LEXINGTON-FAYETTE,5,Mayo,9,2022,2,59,I-75,1,Interestatal,Rural,Interestatal,State Highway Agency,1,Sin jurisdiccion especial,1100,38.04533056,-84.420325,Poste,El primer evento no fue una colision con un vehiculo automotor en transporte,Not an Intersection,No fue interseccion,Sobre el lado de la calle,Ninguna,Oscuro con iluminacion,Despejado,No,NO APLICA,3,1,3,10,1,09/05/2022,1
21,Kentucky,210204,0,0,1,0,119,KNOTT (119),0,NO APLICA,5,Mayo,7,2022,23,0,SR-550,3,Highway estatal,Rural,Colector Mayor,State Highway Agency,0,Sin jurisdiccion especial,256,37.45736944,-82.84135833,Acotamiento,El primer evento no fue una colision con un vehiculo automotor en transporte,Not an Intersection,No fue interseccion,Sobre el lado de la calle,Ninguna,Oscuro sin iluminacion,Despejado,No,NO APLICA,23,28,0,0,1,07/05/2022,1
21,Kentucky,210205,0,0,2,0,97,HARRISON (97),0,NO APLICA,5,Mayo,8,2022,9,33,SR-1771,3,Highway estatal,Rural,Colector Mayor,State Highway Agency,0,Sin jurisdiccion especial,139,38.3683,-84.21607222,Vehiculo en movimiento,Angulo,Four-Way Intersection,Interseccion de 4 direcciones,Sobre calle,Ninguna,Dia total,Despejado,No,NO APLICA,9,33,9,36,1,08/05/2022,2
21,Kentucky,210206,0,0,3,0,163,MEADE (163),360,BRANDENBURG,5,Mayo,13,2022,14,55,SR-1051 BYPASS RD,3,Highway estatal,Rural,Local,State Highway Agency,0,Sin jurisdiccion especial,19,37.98001944,-86.15891944,Vehiculo en movimiento,Angulo,Four-Way Intersection,Interseccion de 4 direcciones,Sobre calle,Ninguna,Dia total,Despejado,No,NO APLICA,15,44,15,46,1,13/05/2022,7
21,Kentucky,210207,0,0,3,0,121,KNOX (121),0,NO APLICA,5,Mayo,14,2022,23,52,US-25,2,US Highway,Rural,Arteria Principal,State Highway Agency,1,Sin jurisdiccion especial,59,36.87451111,-83.81510833,Vehiculo en movimiento,Frente a frente,Not an Intersection,No fue interseccion,Sobre calle,Ninguna,Oscuro sin iluminacion,Despejado,No,NO APLICA,0,50,0,52,2,14/05/2022,6
21,Kentucky,210208,1,1,2,0,111,JEFFERSON (111),2090,LOUISVILLE,5,Mayo,15,2022,2,47,SR-841 GENE SNYDER FWY,3,Highway estatal,Urbano,Arterial Principal -Freeway o ExpressWay,State Highway Agency,1,Sin jurisdiccion especial,73,38.11754167,-85.75298333,Peaton,El primer evento no fue una colision con un vehiculo automotor en transporte,Not an Intersection,No fue interseccion,Sobre calle,Ninguna,Oscuro sin iluminacion,Despejado,No,NO APLICA,2,47,2,52,1,15/05/2022,3
21,Kentucky,210209,0,0,3,0,111,JEFFERSON (111),1740,JEFFERSONTOWN,5,Mayo,16,2022,14,32,SR-1747 S HURSTBOURNE PKSY,3,Highway estatal,Urbano,Arteria Principal,State Highway Agency,1,Sin jurisdiccion especial,130,38.23971944,-85.57710556,Vehiculo en movimiento,Angulo,Four-Way Intersection,Interseccion de 4 direcciones,Sobre calle,Ninguna,Dia total,Despejado,No,NO APLICA,14,33,14,39,1,16/05/2022,4
21,Kentucky,210210,0,0,2,0,111,JEFFERSON (111),2090,LOUISVILLE,5,Mayo,15,2022,3,20,W OAK ST,5,Calle Local - Pueblo,Urbano,Local,Town or Township Highway Agency,0,Sin jurisdiccion especial,2,38.23503889,-85.760325,Vehiculo en movimiento,Angulo,Four-Way Intersection,Interseccion de 4 direcciones,Sobre calle,Ninguna,Oscuro con iluminacion,Despejado,No,NO APLICA,3,38,3,38,1,15/05/2022,2
21,Kentucky,210211,0,0,1,0,33,CALDWELL (33),0,NO APLICA,5,Mayo,18,2022,0,15,I-24,1,Interestatal,Rural,Interestatal,State Highway Agency,1,Sin jurisdiccion especial,569,36.95828611,-87.8526,Arbol,El primer evento no fue una colision con un vehiculo automotor en transporte,Not an Intersection,No fue interseccion,Sobre el lado de la calle,Ninguna,Oscuro sin iluminacion,Despejado,No,NO APLICA,23,59,0,32,1,18/05/2022,2
21,Kentucky,210212,1,1,1,0,93,HARDIN (93),2724,RADCLIFF,5,Mayo,18,2022,0,36,US-31 DIXIE BLVD,2,US Highway,Urbano,Arteria Principal,State Highway Agency,1,Sin jurisdiccion especial,271,37.83371389,-85.93273889,Peaton,El primer evento no fue una colision con un vehiculo automotor en transporte,Not an Intersection,No fue interseccion,Sobre calle,Ninguna,Oscuro sin iluminacion,Despejado,No,NO APLICA,0,33,0,45,1,18/05/2022,2
21,Kentucky,210213,0,0,2,0,17,BOURBON (17),2540,PARIS,5,Mayo,6,2022,15,57,US-68 MARTIN LUTHER KING BLVD,2,US Highway,Urbano,Arteria Principal,State Highway Agency,1,Sin jurisdiccion especial,87,38.22330556,-84.27559167,Vehiculo en movimiento,Angulo,T-Intersection,Interseccion de T,Sobre calle,Ninguna,Dia total,Nublado,No,NO APLICA,15,57,16,4,1,06/05/2022,4
21,Kentucky,210214,0,0,2,0,111,JEFFERSON (111),2090,LOUISVILLE,5,Mayo,7,2022,20,33,SR-1934 CANE RUN RD,3,Highway estatal,Urbano,Arteria Principal,State Highway Agency,1,Sin jurisdiccion especial,71,38.17806944,-85.86187222,Volcadura,El primer evento no fue una colision con un vehiculo automotor en transporte,Four-Way Intersection,Interseccion de 4 direcciones,Sobre calle,Ninguna,Dia total,Nublado,No,NO APLICA,20,34,20,37,1,07/05/2022,3
21,Kentucky,210215,0,0,1,0,85,GRAYSON (85),0,NO APLICA,5,Mayo,23,2022,15,31,SR-9001,3,Highway estatal,Rural,Arteria Principal,State Highway Agency,1,Sin jurisdiccion especial,910,37.40108889,-86.55836111,Volcadura,El primer evento no fue una colision con un vehiculo automotor en transporte,Not an Intersection,No fue interseccion,Sobre calle,Ninguna,Dia total,Despejado,No,NO APLICA,13,54,14,13,1,23/05/2022,6
21,Kentucky,210216,0,0,1,0,25,BREATHITT (25),559,CANOE,5,Mayo,22,2022,6,20,SR-3237 CANOE RD,3,Highway estatal,Rural,Colector Menor,State Highway Agency,0,Sin jurisdiccion especial,49,37.44885833,-83.448,Volcadura,El primer evento no fue una colision con un vehiculo automotor en transporte,Not an Intersection,No fue interseccion,Sobre el lado de la calle,Ninguna,Oscuro sin iluminacion,Nublado,No,NO APLICA,6,29,6,51,1,22/05/2022,1
21,Kentucky,210217,0,0,2,0,163,MEADE (163),0,NO APLICA,5,Mayo,25,2022,8,31,SR-313 JOE PRATHER HWY,3,Highway estatal,Rural,Arteria Menor,State Highway Agency,0,Sin jurisdiccion especial,37,37.84345556,-86.06475278,Vehiculo en movimiento,Angulo,Four-Way Intersection,Interseccion de 4 direcciones,Sobre calle,Ninguna,Dia total,Nublado,No,NO APLICA,8,33,8,44,1,25/05/2022,2
21,Kentucky,210218,0,0,1,0,237,WOLFE (237),540,CAMPTON,5,Mayo,25,2022,18,20,SR-15,3,Highway estatal,Rural,Arteria Principal,State Highway Agency,1,Sin jurisdiccion especial,2,37.73386667,-83.55619722,Valla Ferrocarril,El primer evento no fue una colision con un vehiculo automotor en transporte,Not an Intersection,No fue interseccion,Sobre el lado de la calle,Ninguna,Dia total,Despejado,No,NO APLICA,18,16,18,17,1,25/05/2022,1