Estado,Nombre de Estado,Numero de Caso,Peatones,Personas _no_vehiculos,Vehiculos automotores,Vehiculos estacionados,Condado,Nombre Condado,Ciudad,Nombre Ciudad,Mes,Nombre Mes,Dia,Año,Hora,Minuto,Calle,Ruta,Nombre Ruta,Rural o Urbanoo,Sistema Funcional,Dueño Calle,Sistema Nacional Carreteras,Jurisdiccion Especial,Milla,Latitud,Longitud,Causa del Accidente,Tipo de Accidente,Tipo Interseccion,Columna1,Lugar en la calle,Zona de Trabajo,Luz,Clima,Autobus Escolar,Cruce de Trenes,Hora Notificacion,Minuto Notificacion,Hora Llegada,Minuto Llegada,Decesos,Fecha,PersonaVehiculo
21,Kentucky,210219,0,0,1,0,165,MENIFEE (165),0,NO APLICA,5,Mayo,22,2022,20,7,SR-1693 DAN RIDGE RD,3,Highway estatal,Rural,Colector Mayor,State Highway Agency,0,Sin jurisdiccion especial,32,37.94483333,-83.47420556,Arbol,El primer evento no fue una colision con un vehiculo automotor en transporte,Not an Intersection,No fue interseccion,Sobre el lado de la calle,Ninguna,Dia total,Despejado,No,NO APLICA,20,9,20,39,1,22/05/2022,1
21,Kentucky,210220,0,0,1,0,203,ROCKCASTLE (203),380,BRODHEAD,5,Mayo,27,2022,14,0,SR-618 QUAIL RD,3,Highway estatal,Rural,Local,State Highway Agency,0,Sin jurisdiccion especial,41,37.32639444,-84.449325,Arbol,El primer evento no fue una colision con un vehiculo automotor en transporte,Not an Intersection,No fue interseccion,Sobre el lado de la calle,Ninguna,Reportada como desconocida,lluvia,No,NO APLICA,20,3,20,10,1,27/05/2022,1
21,Kentucky,210221,0,0,1,0,145,MCCRACKEN (145),0,NO APLICA,5,Mayo,29,2022,17,18,CR-MEACHAM LN,4,Calle del Condado,Rural,Local,State Highway Agency,0,Sin jurisdiccion especial,1,37.04861944,-88.57323611,Poste,El primer evento no fue una colision con un vehiculo automotor en transporte,Y-Intersection,Interseccion de Y,Sobre el lado de la calle,Ninguna,Dia total,Despejado,No,NO APLICA,17,19,17,24,1,29/05/2022,1
21,Kentucky,210222,1,1,1,0,111,JEFFERSON (111),2090,LOUISVILLE,5,Mayo,30,2022,22,20,I-65,1,Interestatal,Urbano,Interestatal,State Highway Agency,1,Sin jurisdiccion especial,0,38.11470278,-85.71126667,Peaton,El primer evento no fue una colision con un vehiculo automotor en transporte,Not an Intersection,No fue interseccion,Sobre calle,Ninguna,Oscuro sin iluminacion,Despejado,No,NO APLICA,22,21,22,31,1,30/05/2022,1
21,Kentucky,210223,0,0,2,0,133,LETCHER (133),1712,ISOM,5,Mayo,24,2022,16,2,SR-15,3,Highway estatal,Rural,Arteria Principal,State Highway Agency,1,Sin jurisdiccion especial,91,37.18915833,-82.8949,Vehiculo en movimiento,Angulo,Four-Way Intersection,Interseccion de 4 direcciones,Sobre calle,Ninguna,Dia total,Nublado,No,NO APLICA,16,8,16,19,1,24/05/2022,3
21,Kentucky,210224,0,0,2,0,105,HICKMAN (105),0,NO APLICA,5,Mayo,5,2022,14,40,SR-58,3,Highway estatal,Rural,Colector Mayor,State Highway Agency,0,Sin jurisdiccion especial,170,36.65391667,-88.87806389,Vehiculo en movimiento,Frente a frente,Not an Intersection,No fue interseccion,Sobre calle,Ninguna,Dia total,Despejado,No,NO APLICA,14,41,14,48,1,05/05/2022,2
21,Kentucky,210225,0,0,2,0,29,BULLITT (29),1572,HILLVIEW,5,Mayo,21,2022,10,2,SR-1526 JOHN HARPER HWY,3,Highway estatal,Urbano,Arteria Menor,State Highway Agency,0,Sin jurisdiccion especial,18,38.06346389,-85.69428611,Volcadura,El primer evento no fue una colision con un vehiculo automotor en transporte,Four-Way Intersection,Interseccion de 4 direcciones,Sobre calle,Ninguna,Dia total,Despejado,No,NO APLICA,10,5,10,10,1,21/05/2022,2
21,Kentucky,210226,0,0,3,0,93,HARDIN (93),0,NO APLICA,5,Mayo,26,2022,17,1,SR-251 SHEPHERDSVILLE RD,3,Highway estatal,Rural,Colector Mayor,State Highway Agency,1,Sin jurisdiccion especial,62,37.780875,-85.85651111,Volcadura,El primer evento no fue una colision con un vehiculo automotor en transporte,Not an Intersection,No fue interseccion,Sobre calle,Ninguna,Dia total,Nublado,No,NO APLICA,17,1,17,11,1,26/05/2022,3
21,Kentucky,210227,0,0,1,0,235,WHITLEY (235),770,CORBIN,5,Mayo,28,2022,2,15,US-25 CUMBERLAND FALLS HWY,2,US Highway,Rural,Arteria Menor,State Highway Agency,1,Sin jurisdiccion especial,283,36.91011111,-84.15072222,Arbol,El primer evento no fue una colision con un vehiculo automotor en transporte,Not an Intersection,No fue interseccion,Sobre el lado de la calle,Ninguna,Oscuro sin iluminacion,Nublado,No,NO APLICA,0,0,0,0,1,28/05/2022,2
21,Kentucky,210228,0,0,1,0,111,JEFFERSON (111),2090,LOUISVILLE,5,Mayo,29,2022,0,52,SR-6307 MAPLE SPRING DR,3,Highway estatal,Urbano,Arteria Menor,State Highway Agency,0,Sin jurisdiccion especial,11,38.09965278,-85.67104722,Culvert,El primer evento no fue una colision con un vehiculo automotor en transporte,Four-Way Intersection,Interseccion de 4 direcciones,Sobre el lado de la calle,Ninguna,Oscuro sin iluminacion,Nublado,No,NO APLICA,0,53,1,1,1,29/05/2022,1
21,Kentucky,210229,0,0,2,0,207,RUSSELL (207),0,NO APLICA,5,Mayo,10,2022,7,5,CR-MCCLENDON RIDGE RD,4,Calle del Condado,Rural,Local,County Highway Agency,0,Sin jurisdiccion especial,15,37.04864167,-85.01748611,Vehiculo en movimiento,Frente a frente,Not an Intersection,No fue interseccion,Sobre calle,Ninguna,Dia total,Despejado,No,NO APLICA,7,30,7,40,1,10/05/2022,2
21,Kentucky,210230,1,1,1,0,173,MONTGOMERY (173),0,NO APLICA,5,Mayo,27,2022,22,27,US-60 OWINGSVILLE RD,2,US Highway,Urbano,Arteria Menor,State Highway Agency,0,Sin jurisdiccion especial,80,38.08119444,-83.90428611,Peaton,El primer evento no fue una colision con un vehiculo automotor en transporte,Not an Intersection,No fue interseccion,Sobre calle,Ninguna,Oscuro sin iluminacion,Despejado,No,NO APLICA,22,26,22,32,1,27/05/2022,2
21,Kentucky,210231,0,0,2,0,79,GARRARD (79),1890,LANCASTER,5,Mayo,25,2022,8,44,SR-39 CRAB ORCHARD RD,3,Highway estatal,Rural,Colector Mayor,State Highway Agency,0,Sin jurisdiccion especial,46,37.59014444,-84.56628333,Vehiculo en movimiento,Frente a frente,Not an Intersection,No fue interseccion,Sobre calle,Ninguna,Dia total,Despejado,No,NO APLICA,8,46,8,51,1,25/05/2022,3
21,Kentucky,210233,0,0,1,0,97,HARRISON (97),850,CYNTHIANA,5,Mayo,18,2022,13,19,SR-36,3,Highway estatal,Rural,Arteria Menor,State Highway Agency,0,Sin jurisdiccion especial,143,38.40243056,-84.31390278,Zanja,El primer evento no fue una colision con un vehiculo automotor en transporte,Not an Intersection,No fue interseccion,Sobre el lado de la calle,Ninguna,Dia total,Nublado,No,NO APLICA,13,20,13,40,1,18/05/2022,1
21,Kentucky,210234,1,1,2,0,195,PIKE (195),240,BELFRY,5,Mayo,21,2022,1,28,US-119,2,US Highway,Rural,Arteria Principal,State Highway Agency,1,Sin jurisdiccion especial,221,37.63521111,-82.26037222,Vehiculo en movimiento,Frente a frente,Not an Intersection,No fue interseccion,Sobre calle,Ninguna,Oscuro sin iluminacion,Despejado,No,NO APLICA,1,37,1,50,1,21/05/2022,1
21,Kentucky,210235,0,0,1,0,173,MONTGOMERY (173),0,NO APLICA,5,Mayo,31,2022,12,46,I-64,1,Interestatal,Rural,Interestatal,State Highway Agency,1,Sin jurisdiccion especial,1046,38.060225,-84.03741667,Acotamiento,El primer evento no fue una colision con un vehiculo automotor en transporte,Not an Intersection,No fue interseccion,Sobre el lado de la calle,Ninguna,Dia total,Despejado,No,NO APLICA,12,47,12,53,1,31/05/2022,1
21,Kentucky,210236,0,0,1,0,235,WHITLEY (235),0,NO APLICA,5,Mayo,18,2022,13,45,CR-WHIPPORWILL RD,4,Calle del Condado,Rural,Local,County Highway Agency,0,Sin jurisdiccion especial,3,36.92025556,-84.25379167,Zanja,El primer evento no fue una colision con un vehiculo automotor en transporte,Not an Intersection,No fue interseccion,Sobre el lado de la calle,Ninguna,Dia total,Despejado,No,NO APLICA,13,49,14,4,1,18/05/2022,2
21,Kentucky,210237,0,0,1,0,85,GRAYSON (85),0,NO APLICA,5,Mayo,29,2022,17,3,US-62 BEAVER DAM RD,2,US Highway,Rural,Colector Mayor,State Highway Agency,0,Sin jurisdiccion especial,182,37.47065278,-86.33519167,Volcadura,El primer evento no fue una colision con un vehiculo automotor en transporte,Not an Intersection,No fue interseccion,Sobre el lado de la calle,Ninguna,Dia total,Despejado,No,NO APLICA,17,5,17,12,1,29/05/2022,1
21,Kentucky,210238,1,1,1,0,91,HANCOCK (91),1970,LEWISPORT,5,Mayo,16,2022,20,53,SR-657 4TH ST,3,Highway estatal,Rural,Colector Menor,State Highway Agency,0,Sin jurisdiccion especial,79,37.92827222,-86.89741667,Peaton,El primer evento no fue una colision con un vehiculo automotor en transporte,Not an Intersection,No fue interseccion,Sobre calle,Ninguna,Oscuro con iluminacion,Despejado,No,NO APLICA,20,56,21,1,1,16/05/2022,1
21,Kentucky,210239,0,0,1,0,101,HENDERSON (101),0,NO APLICA,6,Junio,5,2022,13,45,SR-1299,3,Highway estatal,Rural,Arteria Menor,State Highway Agency,0,Sin jurisdiccion especial,78,37.77029444,-87.59314444,Objeto fijo desconocido,El primer evento no fue una colision con un vehiculo automotor en transporte,Not an Intersection,No fue interseccion,Sobre el lado de la calle,Ninguna,Dia total,Despejado,No,NO APLICA,13,49,13,57,1,05/06/2022,1
21,Kentucky,210240,1,1,1,0,219,TODD (219),0,NO APLICA,6,Junio,5,2022,14,26,US-79,2,US Highway,Rural,Arteria Principal,State Highway Agency,1,Sin jurisdiccion especial,103,36.73941944,-87.06269444,Peaton,El primer evento no fue una colision con un vehiculo automotor en transporte,Not an Intersection,No fue interseccion,Sobre calle,Ninguna,Dia total,Despejado,No,NO APLICA,14,32,14,48,1,05/06/2022,1
21,Kentucky,210241,0,0,1,0,81,GRANT (81),1257,JONESVILLE,6,Junio,6,2022,11,8,SR-36 JONESVILLE RD,3,Highway estatal,Rural,Colector Menor,State Highway Agency,0,Sin jurisdiccion especial,35,38.641775,-84.72060556,Suelo,El primer evento no fue una colision con un vehiculo automotor en transporte,Not an Intersection,No fue interseccion,Sobre el lado de la calle,Ninguna,Dia total,lluvia,No,NO APLICA,11,53,12,30,1,06/06/2022,1
21,Kentucky,210242,0,0,1,0,51,CLAY (51),0,NO APLICA,6,Junio,7,2022,13,30,SR-11,3,Highway estatal,Rural,Colector Mayor,State Highway Agency,0,Sin jurisdiccion especial,179,37.25318333,-83.67179444,Arbol,El primer evento no fue una colision con un vehiculo automotor en transporte,Not an Intersection,No fue interseccion,Sobre el lado de la calle,Ninguna,Dia total,Despejado,No,NO APLICA,17,4,17,25,1,07/06/2022,1
21,Kentucky,210243,1,1,2,0,111,JEFFERSON (111),2090,LOUISVILLE,6,Junio,4,2022,5,36,US-31 DIXIE HWY,2,US Highway,Urbano,Arteria Principal,State Highway Agency,1,Sin jurisdiccion especial,131,38.16693333,-85.82924167,Peaton,El primer evento no fue una colision con un vehiculo automotor en transporte,T-Intersection,Interseccion de T,Sobre calle,Ninguna,Oscuro sin iluminacion,Despejado,No,NO APLICA,5,36,5,43,1,04/06/2022,2
21,Kentucky,210244,0,0,2,0,93,HARDIN (93),1000,ELIZABETHTOWN,6,Junio,6,2022,23,2,I-65,1,Interestatal,Rural,Interestatal,State Highway Agency,1,Sin jurisdiccion especial,914,37.67826389,-85.84631111,Vehiculo en movimiento,Frente a frente,Not an Intersection,No fue interseccion,Sobre calle,Ninguna,Oscuro sin iluminacion,lluvia,No,NO APLICA,22,58,23,7,1,06/06/2022,3
21,Kentucky,210245,0,0,3,0,121,KNOX (121),557,CANNON,6,Junio,8,2022,12,51,SR-11,3,Highway estatal,Rural,Colector Mayor,State Highway Agency,0,Sin jurisdiccion especial,142,36.92451944,-83.85186944,Vehiculo en movimiento,Golpe Lateral - direccion contraria,Not an Intersection,No fue interseccion,Sobre calle,Ninguna,Dia total,Despejado,No,NO APLICA,12,51,13,15,1,08/06/2022,3
21,Kentucky,210246,0,0,1,0,237,WOLFE (237),0,NO APLICA,6,Junio,9,2022,10,58,SR-9009,3,Highway estatal,Rural,Arteria Principal,State Highway Agency,1,Sin jurisdiccion especial,458,37.74273889,-83.51176944,Animal vivo,El primer evento no fue una colision con un vehiculo automotor en transporte,Not an Intersection,No fue interseccion,Sobre calle,Ninguna,Dia total,Despejado,No,NO APLICA,10,55,11,4,1,09/06/2022,1
21,Kentucky,210247,0,0,2,0,83,GRAVES (83),0,NO APLICA,6,Junio,11,2022,11,45,SR-1241,3,Highway estatal,Rural,Colector Menor,State Highway Agency,0,Sin jurisdiccion especial,45,36.85534444,-88.66212222,Vehiculo en movimiento,Frente a Detrás,Four-Way Intersection,Interseccion de 4 direcciones,Sobre calle,Ninguna,Dia total,Despejado,No,NO APLICA,11,56,12,4,1,11/06/2022,3
21,Kentucky,210248,0,0,2,0,49,CLARK (49),0,NO APLICA,6,Junio,9,2022,15,29,SR-2888 ROCKWELL RD,3,Highway estatal,Urbano,Local,State Highway Agency,0,Sin jurisdiccion especial,8,38.03298333,-84.2592,Vehiculo en movimiento,Golpe Lateral - direccion contraria,Not an Intersection,No fue interseccion,Sobre calle,Ninguna,Dia total,Despejado,No,NO APLICA,16,9,16,11,1,09/06/2022,2
21,Kentucky,210249,0,0,2,0,117,KENTON (117),1030,ELSMERE,6,Junio,9,2022,16,43,SR-1303 TURKEY FOOT RD,3,Highway estatal,Urbano,Arteria Menor,State Highway Agency,0,Sin jurisdiccion especial,22,38.98036667,-84.59086944,Vehiculo en movimiento,Frente a frente,Not an Intersection,No fue interseccion,Sobre calle,Ninguna,Dia total,Despejado,No,NO APLICA,16,44,16,51,1,09/06/2022,2
21,Kentucky,210250,0,0,1,0,111,JEFFERSON (111),2090,LOUISVILLE,6,Junio,13,2022,15,40,SR-1747 FERN VALLEY RD,3,Highway estatal,Urbano,Local,State Highway Agency,0,Sin jurisdiccion especial,21,38.15753889,-85.73163611,Poste,El primer evento no fue una colision con un vehiculo automotor en transporte,T-Intersection,Interseccion de T,Sobre el lado de la calle,Ninguna,Dia total,Despejado,No,NO APLICA,3,41,3,41,1,13/06/2022,1
21,Kentucky,210251,0,0,1,0,35,CALLOWAY (35),0,NO APLICA,6,Junio,13,2022,23,9,CR-POOR FARM RD,4,Calle del Condado,Rural,Local,State Highway Agency,0,Sin jurisdiccion especial,9,36.64622778,-88.33150278,Arbol,El primer evento no fue una colision con un vehiculo automotor en transporte,Not an Intersection,No fue interseccion,Sobre el lado de la calle,Ninguna,Oscuro sin iluminacion,Despejado,No,NO APLICA,23,12,23,19,1,13/06/2022,1
21,Kentucky,210252,0,0,2,0,151,MADISON (151),0,NO APLICA,6,Junio,14,2022,7,41,US-421 BATTLEFIELD MEMORIAL HW,2,US Highway,Rural,Arteria Menor,State Highway Agency,0,Sin jurisdiccion especial,35,37.57123056,-84.20585833,Vehiculo en movimiento,Angulo,Not an Intersection,No fue interseccion,Sobre calle,Ninguna,Dia total,Despejado,No,NO APLICA,7,41,7,41,1,14/06/2022,2
21,Kentucky,210253,0,0,2,0,67,FAYETTE (67),1980,LEXINGTON-FAYETTE,6,Junio,15,2022,2,45,SR-4 NEW CIRCLE RD,3,Highway estatal,Urbano,Arterial Principal -Freeway o ExpressWay,State Highway Agency,1,Sin jurisdiccion especial,192,37.99607222,-84.52108333,Vehiculo en movimiento,Angulo,Not an Intersection,No fue interseccion,Sobre calle,Ninguna,Oscuro con iluminacion,Despejado,No,NO APLICA,2,52,3,4,1,15/06/2022,2
21,Kentucky,210254,0,0,1,0,237,WOLFE (237),0,NO APLICA,6,Junio,16,2022,11,30,SR-746,3,Highway estatal,Rural,Colector Menor,State Highway Agency,0,Sin jurisdiccion especial,6,37.75079444,-83.52434444,Alguien se cayo/avento del vehiculo,El primer evento no fue una colision con un vehiculo automotor en transporte,Not an Intersection,No fue interseccion,Sobre calle,Ninguna,Dia total,Despejado,No,NO APLICA,11,17,11,28,1,16/06/2022,2
21,Kentucky,210255,0,0,1,0,117,KENTON (117),0,NO APLICA,6,Junio,14,2022,20,32,US-25 DIXIE HWY,2,US Highway,Urbano,Arteria Menor,State Highway Agency,0,Sin jurisdiccion especial,50,39.00668333,-84.61377778,Volcadura,El primer evento no fue una colision con un vehiculo automotor en transporte,T-Intersection,Interseccion de T,Sobre el lado de la calle,Ninguna,Dia total,Despejado,No,NO APLICA,20,33,20,36,1,14/06/2022,1
21,Kentucky,210256,1,1,1,0,67,FAYETTE (67),1980,LEXINGTON-FAYETTE,6,Junio,18,2022,17,47,US-60 WINCHESTER RD,2,US Highway,Urbano,Arteria Principal,State Highway Agency,1,Sin jurisdiccion especial,92,38.04172778,-84.47091944,Ciclista,El primer evento no fue una colision con un vehiculo automotor en transporte,Not an Intersection,No fue interseccion,Sobre calle,Ninguna,Dia total,Despejado,No,NO APLICA,17,48,17,52,1,18/06/2022,1
21,Kentucky,210257,0,0,1,0,43,CARTER (43),0,NO APLICA,6,Junio,18,2022,20,54,SR-182 CARTER CAVES RD,3,Highway estatal,Rural,Colector Menor,State Highway Agency,0,Sin jurisdiccion especial,113,38.36881667,-83.10979444,Volcadura,El primer evento no fue una colision con un vehiculo automotor en transporte,Not an Intersection,No fue interseccion,Sobre el lado de la calle,Ninguna,Dia total,Despejado,No,NO APLICA,20,53,21,4,3,18/06/2022,4
21,Kentucky,210258,0,0,1,0,29,BULLITT (29),0,NO APLICA,6,Junio,17,2022,6,36,SR-1450 BLUE LICK RD,3,Highway estatal,Urbano,Local,State Highway Agency,0,Sin jurisdiccion especial,13,38.05656389,-85.69802222,Poste o otros soportes,El primer evento no fue una colision con un vehiculo automotor en transporte,Not an Intersection,No fue interseccion,Sobre el lado de la calle,Ninguna,Oscuro sin iluminacion,Despejado,No,NO APLICA,6,23,6,24,1,17/06/2022,1
21,Kentucky,210259,0,0,1,0,179,NELSON (179),0,NO APLICA,6,Junio,7,2022,11,38,SR-52 NEW HOPE RD,3,Highway estatal,Rural,Colector Mayor,State Highway Agency,0,Sin jurisdiccion especial,155,37.64016111,-85.488775,Arbol,El primer evento no fue una colision con un vehiculo automotor en transporte,Not an Intersection,No fue interseccion,Sobre el lado de la calle,Ninguna,Dia total,Despejado,No,NO APLICA,0,0,0,0,1,07/06/2022,1
21,Kentucky,210260,0,0,1,0,193,PERRY (193),0,NO APLICA,6,Junio,3,2022,12,18,SR-1096 BIG CREEK RD,3,Highway estatal,Rural,Colector Menor,State Highway Agency,0,Sin jurisdiccion especial,21,37.21165833,-83.24219167,Fin de valla,El primer evento no fue una colision con un vehiculo automotor en transporte,Not an Intersection,No fue interseccion,Sobre el lado de la calle,Ninguna,Dia total,Despejado,No,NO APLICA,12,18,12,33,2,03/06/2022,2
21,Kentucky,210261,0,0,2,0,29,BULLITT (29),0,NO APLICA,6,Junio,2,2022,20,8,SR-245 CLERMONT RD,3,Highway estatal,Rural,Arteria Menor,State Highway Agency,0,Sin jurisdiccion especial,49,37.92454167,-85.65969167,Vehiculo en movimiento,Frente a Detrás,T-Intersection,Interseccion de T,Sobre calle,Ninguna,Dia total,Despejado,No,NO APLICA,20,9,20,18,1,02/06/2022,3
21,Kentucky,210262,0,0,2,0,93,HARDIN (93),2724,RADCLIFF,6,Junio,22,2022,10,36,SR-1646 N LOGSDON PKWY,3,Highway estatal,Urbano,Arteria Menor,State Highway Agency,0,Sin jurisdiccion especial,25,37.84081111,-85.95885278,Vehiculo en movimiento,Angulo,Four-Way Intersection,Interseccion de 4 direcciones,Sobre calle,Ninguna,Dia total,Despejado,No,NO APLICA,10,35,10,44,1,22/06/2022,3
21,Kentucky,210263,0,0,3,0,9,BARREN (9),0,NO APLICA,6,Junio,22,2022,12,48,SR-255,3,Highway estatal,Rural,Colector Mayor,State Highway Agency,0,Sin jurisdiccion especial,16,37.13608611,-86.03808889,Vehiculo en movimiento,Frente a frente,T-Intersection,Interseccion de T,Sobre calle,Ninguna,Dia total,Despejado,No,NO APLICA,12,48,12,53,1,22/06/2022,5
21,Kentucky,210264,1,1,1,0,21,BOYLE (21),860,DANVILLE,6,Junio,16,2022,0,21,US-150 S DANVILLE BYP,2,US Highway,Rural,Arteria Menor,State Highway Agency,1,Sin jurisdiccion especial,6,37.61979444,-84.76255556,Peaton,El primer evento no fue una colision con un vehiculo automotor en transporte,Not an Intersection,No fue interseccion,Sobre calle,Ninguna,Oscuro con iluminacion,Despejado,No,NO APLICA,0,27,0,39,1,16/06/2022,1
21,Kentucky,210265,0,0,1,0,203,ROCKCASTLE (203),2330,MOUNT VERNON,6,Junio,25,2022,17,10,I-75 N,1,Interestatal,Rural,Interestatal,State Highway Agency,1,Sin jurisdiccion especial,720,37.518625,-84.31917778,Volcadura,El primer evento no fue una colision con un vehiculo automotor en transporte,Not an Intersection,No fue interseccion,Sobre calle,Ninguna,Dia total,Nublado,No,NO APLICA,17,47,18,17,1,25/06/2022,2
21,Kentucky,210266,0,0,2,0,101,HENDERSON (101),1510,HENDERSON,6,Junio,27,2022,20,54,SR-136 SAND LN,3,Highway estatal,Urbano,Arteria Menor,State Highway Agency,0,Sin jurisdiccion especial,198,37.821275,-87.59935278,Vehiculo en movimiento,Angulo,T-Intersection,Interseccion de T,Sobre calle,Ninguna,Oscuro con iluminacion,Despejado,No,NO APLICA,20,57,20,59,1,27/06/2022,2
21,Kentucky,210267,0,0,1,0,111,JEFFERSON (111),2090,LOUISVILLE,6,Junio,24,2022,21,40,I-64,1,Interestatal,Urbano,Interestatal,State Highway Agency,1,Sin jurisdiccion especial,0,38.22661944,-85.50541111,Volcadura,El primer evento no fue una colision con un vehiculo automotor en transporte,Not an Intersection,No fue interseccion,Sobre calle,Construccion,Oscuro sin iluminacion,Despejado,No,NO APLICA,21,40,21,45,1,24/06/2022,1
21,Kentucky,210268,0,0,2,0,231,WAYNE (231),0,NO APLICA,6,Junio,28,2022,13,53,SR-1546,3,Highway estatal,Rural,Arteria Menor,State Highway Agency,0,Sin jurisdiccion especial,61,36.80329167,-84.91795,Vehiculo en movimiento,Angulo,T-Intersection,Interseccion de T,Sobre calle,Ninguna,Dia total,Despejado,No,NO APLICA,13,46,13,52,1,28/06/2022,3
21,Kentucky,210269,0,0,1,0,111,JEFFERSON (111),2090,LOUISVILLE,6,Junio,27,2022,20,30,SR-841 GENE SNYDER FWY,3,Highway estatal,Urbano,Arterial Principal -Freeway o ExpressWay,State Highway Agency,1,Sin jurisdiccion especial,70,38.11731944,-85.76005278,Arbol,El primer evento no fue una colision con un vehiculo automotor en transporte,Not an Intersection,No fue interseccion,Sobre el lado de la calle,Ninguna,Dia total,Despejado,No,NO APLICA,20,16,20,24,1,27/06/2022,1
21,Kentucky,210270,0,0,3,0,29,BULLITT (29),0,NO APLICA,6,Junio,29,2022,5,35,SR-1442 RIDGE RD,3,Highway estatal,Urbano,Arteria Menor,State Highway Agency,0,Sin jurisdiccion especial,32,37.97845556,-85.65559167,Vehiculo en movimiento,Frente a frente,T-Intersection,Interseccion de T,Sobre calle,Ninguna,Oscuro sin iluminacion,Despejado,No,NO APLICA,5,38,5,47,1,29/06/2022,5
21,Kentucky,210271,0,0,1,0,101,HENDERSON (101),0,NO APLICA,6,Junio,1,2022,1,20,SR-1539 ZION LARUE RD,3,Highway estatal,Rural,Local,State Highway Agency,0,Sin jurisdiccion especial,27,37.84458056,-87.52244722,Fuego/Explosion,El primer evento no fue una colision con un vehiculo automotor en transporte,Not an Intersection,No fue interseccion,Sobre calle,Ninguna,Oscuro sin iluminacion,Nublado,No,NO APLICA,1,51,2,7,1,01/06/2022,3
21,Kentucky,210272,0,0,1,0,193,PERRY (193),3372,VIPER,6,Junio,23,2022,4,0,CR-DUSTY RD,4,Calle del Condado,Rural,Local,County Highway Agency,0,Sin jurisdiccion especial,2,37.12041111,-83.18646389,Volcadura,El primer evento no fue una colision con un vehiculo automotor en transporte,Not an Intersection,No fue interseccion,Sobre el lado de la calle,Ninguna,Oscuro sin iluminacion,Neblina o Humo,No,NO APLICA,4,18,4,43,1,23/06/2022,1
21,Kentucky,210273,0,0,1,0,67,FAYETTE (67),1980,LEXINGTON-FAYETTE,6,Junio,30,2022,18,44,SR-1927 TODDS RD,3,Highway estatal,Rural,Colector Mayor,State Highway Agency,0,Sin jurisdiccion especial,64,37.99291111,-84.35451389,Arbol,El primer evento no fue una colision con un vehiculo automotor en transporte,Not an Intersection,No fue interseccion,Sobre el lado de la calle,Ninguna,Dia total,Despejado,No,NO APLICA,18,46,19,0,1,30/06/2022,1
21,Kentucky,210274,1,1,1,0,67,FAYETTE (67),1980,LEXINGTON-FAYETTE,6,Junio,30,2022,22,11,US-60 W HIGH ST,2,US Highway,Urbano,Arteria Principal,State Highway Agency,1,Sin jurisdiccion especial,77,38.0506,-84.5097,Ciclista,El primer evento no fue una colision con un vehiculo automotor en transporte,"Five Point, or More",5 Puntos o mas,Sobre calle,Ninguna,Oscuro sin iluminacion,Nublado,No,NO APLICA,22,12,22,13,1,30/06/2022,2
21,Kentucky,210275,0,0,2,0,141,LOGAN (141),0,NO APLICA,6,Junio,7,2022,13,14,US-68,2,US Highway,Urbano,Local,State Highway Agency,1,Sin jurisdiccion especial,3,36.86685,-86.88863889,Vehiculo en movimiento,Angulo,Four-Way Intersection,Interseccion de 4 direcciones,Sobre calle,Ninguna,Dia total,Despejado,No,NO APLICA,13,14,13,40,1,07/06/2022,3
21,Kentucky,210276,0,0,1,0,111,JEFFERSON (111),3010,SHIVELY,6,Junio,26,2022,6,21,SR-2049 CRUMS LN,3,Highway estatal,Urbano,Arteria Menor,State Highway Agency,0,Sin jurisdiccion especial,13,38.19448056,-85.81360833,Arbol,El primer evento no fue una colision con un vehiculo automotor en transporte,Not an Intersection,No fue interseccion,Fuera de la calle,Ninguna,Amanecer,Nublado,No,NO APLICA,6,21,6,25,1,26/06/2022,1
21,Kentucky,210277,0,0,1,0,111,JEFFERSON (111),2090,LOUISVILLE,6,Junio,26,2022,5,0,SR-1931 7TH ST RD,3,Highway estatal,Urbano,Arteria Menor,State Highway Agency,0,Sin jurisdiccion especial,101,38.21651389,-85.781025,Otro objeto (fijo),El primer evento no fue una colision con un vehiculo automotor en transporte,T-Intersection,Interseccion de T,Sobre el lado de la calle,Ninguna,Oscuro sin iluminacion,Despejado,No,NO APLICA,4,50,4,56,1,26/06/2022,1
21,Kentucky,210278,0,0,2,0,21,BOYLE (21),860,DANVILLE,6,Junio,14,2022,8,20,US-150 STANDFORD RD,2,US Highway,Urbano,Arteria Menor,State Highway Agency,1,Sin jurisdiccion especial,150,37.63283333,-84.75236667,Vehiculo en movimiento,Angulo,Not an Intersection,No fue interseccion,Sobre calle,Ninguna,Dia total,Despejado,No,NO APLICA,8,21,8,27,1,14/06/2022,2
21,Kentucky,210279,0,0,1,0,231,WAYNE (231),0,NO APLICA,6,Junio,13,2022,4,51,SR-90,3,Highway estatal,Rural,Arteria Menor,State Highway Agency,0,Sin jurisdiccion especial,11,36.76454722,-84.98760556,Objeto fijo desconocido,El primer evento no fue una colision con un vehiculo automotor en transporte,Not an Intersection,No fue interseccion,Sobre el lado de la calle,Ninguna,Oscuro - iluminacion desconocida,Otro,No,NO APLICA,4,55,5,14,1,13/06/2022,1
21,Kentucky,210280,0,0,2,0,125,LAUREL (125),0,NO APLICA,6,Junio,21,2022,5,40,US-25 N LAUREL RD,2,US Highway,Urbano,Colector Menor,State Highway Agency,0,Sin jurisdiccion especial,156,37.16692778,-84.11963611,Vehiculo en movimiento,Angulo,Not an Intersection,No fue interseccion,Sobre calle,Ninguna,Oscuro sin iluminacion,Despejado,No,NO APLICA,5,43,5,49,1,21/06/2022,2