Estado,Nombre de Estado,Numero de Caso,Peatones,Personas _no_vehiculos,Vehiculos automotores,Vehiculos estacionados,Condado,Nombre Condado,Ciudad,Nombre Ciudad,Mes,Nombre Mes,Dia,Año,Hora,Minuto,Calle,Ruta,Nombre Ruta,Rural o Urbanoo,Sistema Funcional,Dueño Calle,Sistema Nacional Carreteras,Jurisdiccion Especial,Milla,Latitud,Longitud,Causa del Accidente,Tipo de Accidente,Tipo Interseccion,Columna1,Lugar en la calle,Zona de Trabajo,Luz,Clima,Autobus Escolar,Cruce de Trenes,Hora Notificacion,Minuto Notificacion,Hora Llegada,Minuto Llegada,Decesos,Fecha,PersonaVehiculo
21,Kentucky,210281,0,0,2,0,217,TAYLOR (217),520,CAMPBELLSVILLE,6,Junio,24,2022,7,53,SR-55 NEW COLUMBIA  RD,3,Highway estatal,Rural,Arteria Principal,State Highway Agency,1,Sin jurisdiccion especial,90,37.32049444,-85.357475,Vehiculo en movimiento,Angulo,Four-Way Intersection,Interseccion de 4 direcciones,Sobre calle,Ninguna,Dia total,Despejado,No,NO APLICA,7,33,7,38,1,24/06/2022,2
21,Kentucky,210282,0,0,1,0,117,KENTON (117),1170,FORT MITCHELL,6,Junio,25,2022,16,41,I-75,1,Interestatal,Urbano,Interestatal,State Highway Agency,1,Sin jurisdiccion especial,1872,39.05199167,-84.55910833,Alguien se cayo/avento del vehiculo,El primer evento no fue una colision con un vehiculo automotor en transporte,Not an Intersection,No fue interseccion,Sobre Acotamiento,Ninguna,Dia total,Despejado,No,NO APLICA,16,42,16,47,1,25/06/2022,1
21,Kentucky,210283,0,0,1,0,13,BELL (13),156,BALKAN,6,Junio,28,2022,18,23,SR-2012 BALKAN BROWNINGS CREEK,3,Highway estatal,Rural,Local,State Highway Agency,0,Sin jurisdiccion especial,4,36.76538056,-83.56449722,Arbol,El primer evento no fue una colision con un vehiculo automotor en transporte,Not an Intersection,No fue interseccion,Sobre el lado de la calle,Ninguna,Dia total,Despejado,No,NO APLICA,18,17,18,34,1,28/06/2022,1
21,Kentucky,210284,0,0,1,0,111,JEFFERSON (111),2090,LOUISVILLE,6,Junio,24,2022,2,43,BLK GRADE LN,5,Calle Local - Pueblo,Urbano,Local,Town or Township Highway Agency,0,Sin jurisdiccion especial,24,38.15206111,-85.73441944,Soporte de Puente,El primer evento no fue una colision con un vehiculo automotor en transporte,Not an Intersection,No fue interseccion,Sobre el lado de la calle,Ninguna,Oscuro sin iluminacion,Despejado,No,NO APLICA,2,42,2,49,2,24/06/2022,2
21,Kentucky,210285,0,0,1,0,59,DAVIESS (59),3321,UTICA,6,Junio,30,2022,4,44,US-431,2,US Highway,Rural,Arteria Menor,State Highway Agency,0,Sin jurisdiccion especial,29,37.61146389,-87.10686667,Culvert,El primer evento no fue una colision con un vehiculo automotor en transporte,Not an Intersection,No fue interseccion,Fuera de la calle,Ninguna,Oscuro sin iluminacion,Despejado,No,NO APLICA,4,45,4,57,1,30/06/2022,1
21,Kentucky,210286,0,0,1,0,163,MEADE (163),990,EKRON,6,Junio,20,2022,9,16,SR-1238 GARRETT RD,3,Highway estatal,Rural,Colector Mayor,State Highway Agency,0,Sin jurisdiccion especial,96,37.91051111,-86.08817778,Culvert,El primer evento no fue una colision con un vehiculo automotor en transporte,Not an Intersection,No fue interseccion,Sobre el lado de la calle,Ninguna,Dia total,Nublado,No,NO APLICA,9,19,9,22,1,20/06/2022,1
21,Kentucky,210287,0,0,1,0,27,BRECKINRIDGE (27),1425,HARNED,6,Junio,23,2022,11,53,US-60,2,US Highway,Rural,Arteria Menor,State Highway Agency,0,Sin jurisdiccion especial,196,37.77267778,-86.38081111,Barda,El primer evento no fue una colision con un vehiculo automotor en transporte,Not an Intersection,No fue interseccion,Sobre el lado de la calle,Ninguna,Dia total,Despejado,No,NO APLICA,12,37,11,59,1,23/06/2022,1
21,Kentucky,210288,0,0,2,0,27,BRECKINRIDGE (27),3458,WEBSTER,6,Junio,27,2022,13,0,SR-261,3,Highway estatal,Rural,Colector Mayor,State Highway Agency,0,Sin jurisdiccion especial,220,37.90919444,-86.37024444,Vehiculo en movimiento,Golpe Lateral - direccion contraria,Not an Intersection,No fue interseccion,Sobre calle,Ninguna,Dia total,Despejado,No,NO APLICA,11,18,11,28,1,27/06/2022,3
21,Kentucky,210289,1,1,1,0,111,JEFFERSON (111),2090,LOUISVILLE,6,Junio,27,2022,16,59,US- 31 DIXIE HWY,2,US Highway,Rural,Arteria Principal,State Highway Agency,1,Sin jurisdiccion especial,2,38.09362222,-85.87483056,Ciclista,El primer evento no fue una colision con un vehiculo automotor en transporte,Four-Way Intersection,Interseccion de 4 direcciones,Sobre calle,Ninguna,Dia total,Despejado,No,NO APLICA,17,0,17,4,1,27/06/2022,1
21,Kentucky,210290,0,0,2,0,145,MCCRACKEN (145),0,NO APLICA,4,Abril,18,2022,13,58,US-62 KY DAM RD,2,US Highway,Urbano,Arteria Principal,State Highway Agency,1,Sin jurisdiccion especial,141,37.01177778,-88.51915,Vehiculo en movimiento,Frente a frente,Four-Way Intersection,Interseccion de 4 direcciones,Sobre calle,Ninguna,Dia total,Despejado,No,NO APLICA,13,59,14,6,1,18/04/2022,2
21,Kentucky,210291,0,0,1,0,87,GREEN (87),0,NO APLICA,4,Abril,26,2022,19,3,SR-745,3,Highway estatal,Rural,Local,State Highway Agency,0,Sin jurisdiccion especial,22,37.13466944,-85.53476389,Arbol,El primer evento no fue una colision con un vehiculo automotor en transporte,Not an Intersection,No fue interseccion,Sobre el lado de la calle,Ninguna,Dia total,Despejado,No,NO APLICA,19,3,19,23,1,26/04/2022,1
21,Kentucky,210292,0,0,1,0,227,WARREN (227),350,BOWLING GREEN,5,Mayo,13,2022,12,34,US-31W,2,US Highway,Urbano,Arteria Menor,State Highway Agency,0,Sin jurisdiccion especial,119,36.97851667,-86.45495278,Banqueta,El primer evento no fue una colision con un vehiculo automotor en transporte,Not an Intersection,No fue interseccion,Sobre el lado de la calle,Ninguna,Dia total,Despejado,No,NO APLICA,12,37,13,1,1,13/05/2022,1
21,Kentucky,210293,0,0,1,0,109,JACKSON (109),0,NO APLICA,6,Junio,7,2022,15,0,CR-SALT ROCK RD,4,Calle del Condado,Rural,Local,County Highway Agency,0,Sin jurisdiccion especial,26,37.53589722,-83.95179444,Objeto fijo desconocido,El primer evento no fue una colision con un vehiculo automotor en transporte,Not an Intersection,No fue interseccion,Sobre el lado de la calle,Ninguna,Dia total,Despejado,No,NO APLICA,15,1,15,21,1,07/06/2022,1
21,Kentucky,210294,0,0,1,0,125,LAUREL (125),0,NO APLICA,6,Junio,22,2022,15,50,SR-1394,3,Highway estatal,Rural,Colector Menor,State Highway Agency,0,Sin jurisdiccion especial,3,37.22268333,-84.09940278,Barda,El primer evento no fue una colision con un vehiculo automotor en transporte,Not an Intersection,No fue interseccion,Fuera de la calle,Ninguna,Dia total,Despejado,No,NO APLICA,15,50,15,59,1,22/06/2022,5
21,Kentucky,210295,0,0,1,0,43,CARTER (43),0,NO APLICA,6,Junio,11,2022,14,10,I-64,1,Interestatal,Rural,Interestatal,State Highway Agency,1,Sin jurisdiccion especial,1600,38.32237778,-83.14381389,Animal vivo,El primer evento no fue una colision con un vehiculo automotor en transporte,Not an Intersection,No fue interseccion,Sobre calle,Ninguna,Dia total,Despejado,No,NO APLICA,0,0,0,0,1,11/06/2022,1
21,Kentucky,210296,0,0,2,0,137,LINCOLN (137),0,NO APLICA,4,Abril,30,2022,20,45,US-127,2,US Highway,Rural,Arteria Principal,State Highway Agency,1,Sin jurisdiccion especial,69,37.51959722,-84.80613056,Vehiculo en movimiento,Angulo,Not Reported,No reportado,Sobre calle,Ninguna,Oscuro sin iluminacion,Despejado,No,NO APLICA,20,38,20,43,1,30/04/2022,2
21,Kentucky,210297,0,0,2,1,37,CAMPBELL (37),1180,FORT THOMAS,2,Febrero,27,2022,19,19,ST NICHOLAS PL,6,Calle Local Municipalidad,Urbano,Local,City or Municipal Highway Agency,0,Sin jurisdiccion especial,1,39.07685556,-84.44974444,Vehiculo Aparcado,El primer evento no fue una colision con un vehiculo automotor en transporte,Not an Intersection,No fue interseccion,En estacionamiento,Ninguna,Oscuro sin iluminacion,Despejado,No,NO APLICA,19,28,19,29,1,27/02/2022,1
21,Kentucky,210298,0,0,2,0,7,BALLARD (7),0,NO APLICA,4,Abril,16,2022,19,40,US-60 PADUCAH RD,2,US Highway,Rural,Arteria Principal,State Highway Agency,1,Sin jurisdiccion especial,96,37.06705833,-88.99296389,Vehiculo en movimiento,Angulo,Not Reported,No reportado,Sobre calle,Ninguna,Oscuro sin iluminacion,Nublado,No,NO APLICA,19,51,19,54,1,16/04/2022,2
21,Kentucky,210299,0,0,1,0,87,GREEN (87),0,NO APLICA,4,Abril,23,2022,12,41,SR-218,3,Highway estatal,Rural,Colector Mayor,State Highway Agency,0,Sin jurisdiccion especial,57,37.18201111,-85.59064444,Culvert,El primer evento no fue una colision con un vehiculo automotor en transporte,Not an Intersection,No fue interseccion,Sobre el lado de la calle,Ninguna,Dia total,Despejado,No,NO APLICA,12,41,12,56,1,23/04/2022,1
21,Kentucky,210300,0,0,2,0,71,FLOYD (71),2670,PRESTONSBURG,7,Julio,1,2022,14,16,US-23,2,US Highway,Rural,Arteria Principal,State Highway Agency,1,Sin jurisdiccion especial,89,37.60379167,-82.70006944,Vehiculo en movimiento,Angulo,T-Intersection,Interseccion de T,Sobre calle,Ninguna,Dia total,Despejado,No,NO APLICA,14,23,14,32,1,01/07/2022,5
21,Kentucky,210301,1,1,1,0,111,JEFFERSON (111),2090,LOUISVILLE,7,Julio,1,2022,22,15,SR-1747 S HURTSBOURNE PKWY,3,Highway estatal,Urbano,Arteria Principal,State Highway Agency,1,Sin jurisdiccion especial,93,38.19458333,-85.60423056,Peaton,El primer evento no fue una colision con un vehiculo automotor en transporte,Not an Intersection,No fue interseccion,Sobre calle,Ninguna,Oscuro con iluminacion,Despejado,No,NO APLICA,22,16,22,30,1,01/07/2022,1
21,Kentucky,210302,0,0,1,0,237,WOLFE (237),0,NO APLICA,7,Julio,4,2022,14,51,SR-15,3,Highway estatal,Rural,Arteria Principal,State Highway Agency,0,Sin jurisdiccion especial,80,37.73945278,-83.56365556,Volcadura,El primer evento no fue una colision con un vehiculo automotor en transporte,Not an Intersection,No fue interseccion,Sobre calle,Ninguna,Dia total,Despejado,No,NO APLICA,14,52,14,53,1,04/07/2022,1
21,Kentucky,210303,0,0,1,0,103,HENRY (103),0,NO APLICA,7,Julio,5,2022,2,7,US-421 CASTLE HWY,2,US Highway,Rural,Arteria Menor,State Highway Agency,0,Sin jurisdiccion especial,122,38.40001667,-85.16524167,Acotamiento,El primer evento no fue una colision con un vehiculo automotor en transporte,Not an Intersection,No fue interseccion,Sobre el lado de la calle,Ninguna,Oscuro sin iluminacion,Despejado,No,NO APLICA,2,30,2,35,1,05/07/2022,1
21,Kentucky,210304,0,0,1,0,93,HARDIN (93),1000,ELIZABETHTOWN,7,Julio,4,2022,13,50,SR-9001,3,Highway estatal,Urbano,Arterial Principal -Freeway o ExpressWay,State Highway Agency,1,Sin jurisdiccion especial,1359,37.67907778,-85.85595556,Zanja,El primer evento no fue una colision con un vehiculo automotor en transporte,Not an Intersection,No fue interseccion,En el medio,Ninguna,Dia total,Despejado,No,NO APLICA,13,36,13,47,1,04/07/2022,1
21,Kentucky,210305,0,0,2,0,111,JEFFERSON (111),2090,LOUISVILLE,7,Julio,6,2022,19,6,SR-1447 WEST PORT RD,3,Highway estatal,Urbano,Arteria Menor,State Highway Agency,0,Sin jurisdiccion especial,81,38.30486667,-85.52193611,Vehiculo en movimiento,Otro,T-Intersection,Interseccion de T,Sobre calle,Ninguna,Dia total,Despejado,No,NO APLICA,19,6,19,14,1,06/07/2022,3
21,Kentucky,210306,0,0,2,0,59,DAVIESS (59),0,NO APLICA,7,Julio,11,2022,16,10,US-60,2,US Highway,Rural,Arteria Principal,State Highway Agency,1,Sin jurisdiccion especial,262,37.84563333,-87.01054444,Vehiculo en movimiento,Frente a frente,Not an Intersection,No fue interseccion,Sobre calle,Ninguna,Dia total,Despejado,No,NO APLICA,16,10,16,29,1,11/07/2022,2
21,Kentucky,210307,0,0,1,0,173,MONTGOMERY (173),1741,JEFFERSONVILLE,7,Julio,3,2022,17,50,US-460 MAIN ST,2,US Highway,Rural,Arteria Menor,State Highway Agency,0,Sin jurisdiccion especial,171,37.97772778,-83.85490833,Banqueta,El primer evento no fue una colision con un vehiculo automotor en transporte,T-Intersection,Interseccion de T,Sobre el lado de la calle,Ninguna,Dia total,Despejado,No,NO APLICA,17,54,17,56,1,03/07/2022,1
21,Kentucky,210308,4,4,1,0,111,JEFFERSON (111),2090,LOUISVILLE,7,Julio,5,2022,19,40,US-31 W MARKET ST,2,US Highway,Urbano,Arteria Principal,State Highway Agency,1,Sin jurisdiccion especial,220,38.25497778,-85.75334444,Peaton,El primer evento no fue una colision con un vehiculo automotor en transporte,Four-Way Intersection,Interseccion de 4 direcciones,Sobre el lado de la calle,Ninguna,Dia total,Despejado,No,NO APLICA,19,43,19,49,1,05/07/2022,1
21,Kentucky,210309,0,0,1,0,43,CARTER (43),0,NO APLICA,7,Julio,12,2022,5,22,SR-6228 ADEN RD,3,Highway estatal,Rural,Local,State Highway Agency,0,Sin jurisdiccion especial,10,38.32671944,-83.03289444,Volcadura,El primer evento no fue una colision con un vehiculo automotor en transporte,Not an Intersection,No fue interseccion,Sobre el lado de la calle,Ninguna,Oscuro sin iluminacion,Neblina o Humo,No,NO APLICA,5,21,5,35,1,12/07/2022,1
21,Kentucky,210310,0,0,2,0,57,CUMBERLAND (57),0,NO APLICA,7,Julio,12,2022,15,13,SR-90,3,Highway estatal,Rural,Arteria Menor,State Highway Agency,0,Sin jurisdiccion especial,14,36.84335,-85.55178611,Vehiculo en movimiento,Frente a frente,Not an Intersection,No fue interseccion,Sobre calle,Ninguna,Dia total,Nublado,No,NO APLICA,15,12,15,23,2,12/07/2022,2
21,Kentucky,210311,0,0,2,0,59,DAVIESS (59),2490,OWENSBORO,7,Julio,13,2022,9,25,SR-2155 NEW HARTFORD RD,3,Highway estatal,Urbano,Arteria Principal,State Highway Agency,1,Sin jurisdiccion especial,14,37.74979167,-87.09903333,Vehiculo en movimiento,Angulo,Four-Way Intersection,Interseccion de 4 direcciones,Sobre calle,Ninguna,Dia total,Despejado,No,NO APLICA,9,26,9,29,1,13/07/2022,2
21,Kentucky,210312,0,0,3,2,9,BARREN (9),0,NO APLICA,7,Julio,13,2022,14,21,CR-STATE QUARRY RD,4,Calle del Condado,Rural,Local,County Highway Agency,0,Sin jurisdiccion especial,3,37.10186667,-86.01396944,Vehiculo Ferrocarril,El primer evento no fue una colision con un vehiculo automotor en transporte,Not an Intersection,No fue interseccion,Sobre calle,Ninguna,Dia total,Despejado,No,343647V,14,21,14,34,1,13/07/2022,1
21,Kentucky,210313,0,0,1,0,111,JEFFERSON (111),2090,LOUISVILLE,7,Julio,15,2022,0,20,SR-2053 MT WASHINGTON RD,3,Highway estatal,Urbano,Arteria Menor,State Highway Agency,0,Sin jurisdiccion especial,18,38.08501944,-85.63636111,Barda,El primer evento no fue una colision con un vehiculo automotor en transporte,Not an Intersection,No fue interseccion,Sobre el lado de la calle,Ninguna,Oscuro sin iluminacion,Despejado,No,NO APLICA,0,20,0,26,1,15/07/2022,1
21,Kentucky,210314,0,0,2,0,101,HENDERSON (101),1510,HENDERSON,7,Julio,15,2022,8,5,SR-425,3,Highway estatal,Urbano,Arteria Principal,State Highway Agency,1,Sin jurisdiccion especial,4,37.79462778,-87.64382778,Vehiculo en movimiento,Angulo,Four-Way Intersection,Interseccion de 4 direcciones,Sobre calle,Ninguna,Dia total,Despejado,No,NO APLICA,8,9,8,13,1,15/07/2022,3
21,Kentucky,210315,1,1,1,0,111,JEFFERSON (111),2090,LOUISVILLE,7,Julio,17,2022,2,28,SR-1727 TERRY RD,3,Highway estatal,Urbano,Arteria Menor,State Highway Agency,0,Sin jurisdiccion especial,19,38.15033333,-85.86990278,Ciclista,El primer evento no fue una colision con un vehiculo automotor en transporte,Not an Intersection,No fue interseccion,Sobre calle,Ninguna,Oscuro sin iluminacion,Nublado,No,NO APLICA,2,40,2,55,1,17/07/2022,1
21,Kentucky,210316,0,0,1,0,19,BOYD (19),0,NO APLICA,7,Julio,17,2022,6,7,CR-LAKEVIEW DR,4,Calle del Condado,Rural,Local,County Highway Agency,0,Sin jurisdiccion especial,1,38.34645833,-82.65041389,Volcadura,El primer evento no fue una colision con un vehiculo automotor en transporte,Not an Intersection,No fue interseccion,Sobre calle,Ninguna,Dia total,Despejado,No,NO APLICA,7,0,8,0,1,17/07/2022,1
21,Kentucky,210317,0,0,2,0,63,ELLIOTT (63),2885,SANDY HOOK,7,Julio,14,2022,21,47,SR-7,3,Highway estatal,Rural,Arteria Menor,State Highway Agency,0,Sin jurisdiccion especial,23,38.06185278,-83.19655833,Volcadura,El primer evento no fue una colision con un vehiculo automotor en transporte,Not an Intersection,No fue interseccion,Sobre calle,Ninguna,Oscuro sin iluminacion,Despejado,No,NO APLICA,21,33,21,47,1,14/07/2022,2
21,Kentucky,210318,0,0,2,0,123,LARUE (123),0,NO APLICA,7,Julio,17,2022,22,12,US-31 E BARDSTOWN RD,2,US Highway,Rural,Arteria Menor,State Highway Agency,0,Sin jurisdiccion especial,120,37.58065833,-85.706725,Vehiculo en movimiento,Frente a frente,Not an Intersection,No fue interseccion,Sobre calle,Ninguna,Oscuro sin iluminacion,lluvia,No,NO APLICA,22,8,22,11,2,17/07/2022,5
21,Kentucky,210319,0,0,1,0,111,JEFFERSON (111),2090,LOUISVILLE,7,Julio,19,2022,16,4,I-64,1,Interestatal,Urbano,Interestatal,State Highway Agency,1,Sin jurisdiccion especial,140,38.22903056,-85.59686389,Volcadura,El primer evento no fue una colision con un vehiculo automotor en transporte,Not an Intersection,No fue interseccion,Sobre calle,Ninguna,Dia total,Despejado,No,NO APLICA,16,4,16,14,1,19/07/2022,1
21,Kentucky,210320,0,0,1,0,235,WHITLEY (235),0,NO APLICA,7,Julio,18,2022,11,35,I-75,1,Interestatal,Rural,Interestatal,State Highway Agency,1,Sin jurisdiccion especial,233,36.90092778,-84.135325,Valla Ferrocarril,El primer evento no fue una colision con un vehiculo automotor en transporte,Not an Intersection,No fue interseccion,En el medio,Ninguna,Dia total,lluvia,No,NO APLICA,11,39,11,40,1,18/07/2022,1
21,Kentucky,210321,0,0,4,0,111,JEFFERSON (111),2090,LOUISVILLE,7,Julio,20,2022,17,37,I-264,1,Interestatal,Urbano,Interestatal,State Highway Agency,1,Sin jurisdiccion especial,134,38.19585833,-85.70730278,Vehiculo en movimiento,Frente a Detrás,Not an Intersection,No fue interseccion,Sobre calle,Ninguna,Dia total,Despejado,No,NO APLICA,17,44,17,48,1,20/07/2022,6
21,Kentucky,210322,0,1,2,1,31,BUTLER (31),0,NO APLICA,7,Julio,19,2022,13,8,SR-9007,3,Highway estatal,Rural,Arterial Principal -Freeway o ExpressWay,State Highway Agency,1,Sin jurisdiccion especial,226,37.13166944,-86.64717778,Vehiculo Funcionando,El primer evento no fue una colision con un vehiculo automotor en transporte,Not an Intersection,No fue interseccion,Sobre calle,Mantenimiento,Dia total,Despejado,No,NO APLICA,13,2,13,8,2,19/07/2022,1
21,Kentucky,210323,0,0,1,0,67,FAYETTE (67),1980,LEXINGTON-FAYETTE,7,Julio,20,2022,18,33,CR-HUFFMAN MILL PIKE,4,Calle del Condado,Rural,Local,County Highway Agency,0,Sin jurisdiccion especial,17,38.14228333,-84.44650278,Arbol,El primer evento no fue una colision con un vehiculo automotor en transporte,Not an Intersection,No fue interseccion,Sobre el lado de la calle,Ninguna,Dia total,Nublado,No,NO APLICA,18,49,19,3,1,20/07/2022,2
21,Kentucky,210324,0,0,1,0,67,FAYETTE (67),1980,LEXINGTON-FAYETTE,7,Julio,20,2022,21,6,CR-DELONG RD,4,Calle del Condado,Rural,Local,County Highway Agency,0,Sin jurisdiccion especial,27,37.95437778,-84.45469722,Puente de Ferrocarril,El primer evento no fue una colision con un vehiculo automotor en transporte,Not an Intersection,No fue interseccion,Sobre el lado de la calle,Ninguna,Atardecer,lluvia,No,NO APLICA,21,16,21,28,2,20/07/2022,2
21,Kentucky,210325,0,0,1,0,157,MARSHALL (157),0,NO APLICA,7,Julio,21,2022,7,2,CR-MOORS RD,4,Calle del Condado,Rural,Local,County Highway Agency,0,Sin jurisdiccion especial,3,36.92188889,-88.22036667,Arbol,El primer evento no fue una colision con un vehiculo automotor en transporte,Not an Intersection,No fue interseccion,Sobre el lado de la calle,Ninguna,Dia total,Despejado,No,NO APLICA,7,4,7,21,2,21/07/2022,2
21,Kentucky,210326,1,1,2,0,111,JEFFERSON (111),2090,LOUISVILLE,7,Julio,21,2022,8,53,US-31W S 2ND ST,2,US Highway,Rural,Arteria Principal,State Highway Agency,1,Sin jurisdiccion especial,7,38.25223889,-85.78766944,Vehiculo en movimiento,Angulo,Four-Way Intersection,Interseccion de 4 direcciones,Sobre calle,Ninguna,Dia total,Despejado,No,NO APLICA,8,53,8,55,1,21/07/2022,5
21,Kentucky,210327,0,0,1,0,115,JOHNSON (115),1374,HAGERHILL,7,Julio,23,2022,0,45,US-23,2,US Highway,Rural,Arteria Principal,State Highway Agency,1,Sin jurisdiccion especial,8,37.75412222,-82.80006389,Valla Ferrocarril,El primer evento no fue una colision con un vehiculo automotor en transporte,Four-Way Intersection,Interseccion de 4 direcciones,Sobre el lado de la calle,Ninguna,Oscuro sin iluminacion,Despejado,No,NO APLICA,0,38,0,39,1,23/07/2022,1
21,Kentucky,210328,0,1,3,1,185,OLDHAM (185),0,NO APLICA,7,Julio,23,2022,14,39,I-71,1,Interestatal,Rural,Interestatal,State Highway Agency,1,Sin jurisdiccion especial,131,38.33910556,-85.51251667,Vehiculo en movimiento,Angulo,Not an Intersection,No fue interseccion,Sobre calle,Ninguna,Dia total,Despejado,No,NO APLICA,14,45,14,54,1,23/07/2022,2
21,Kentucky,210329,0,0,2,0,37,CAMPBELL (37),3560,WILDER,7,Julio,3,2022,16,16,SR-1632 MOOCK RD,3,Highway estatal,Urbano,Colector Menor,State Highway Agency,0,Sin jurisdiccion especial,2,39.05437222,-84.48309444,Vehiculo en movimiento,Frente a frente,Not an Intersection,No fue interseccion,Sobre calle,Ninguna,Dia total,Despejado,No,NO APLICA,16,16,16,19,1,03/07/2022,2
21,Kentucky,210330,0,0,1,0,111,JEFFERSON (111),2090,LOUISVILLE,7,Julio,24,2022,5,15,SPRINGMERE DR,5,Calle Local - Pueblo,Urbano,Local,State Highway Agency,0,Sin jurisdiccion especial,0,38.30036389,-85.55981667,Banqueta,El primer evento no fue una colision con un vehiculo automotor en transporte,Not an Intersection,No fue interseccion,En el medio,Ninguna,Oscuro - iluminacion desconocida,Despejado,No,NO APLICA,5,15,5,24,1,24/07/2022,1
21,Kentucky,210331,0,0,3,0,199,PULASKI (199),0,NO APLICA,7,Julio,26,2022,15,12,SR-9008,3,Highway estatal,Rural,Arteria Principal,State Highway Agency,1,Sin jurisdiccion especial,844,37.09748611,-84.69216111,Puente de Ferrocarril,El primer evento no fue una colision con un vehiculo automotor en transporte,Not an Intersection,No fue interseccion,En el medio,Ninguna,Dia total,lluvia,No,NO APLICA,14,12,14,26,1,26/07/2022,3
21,Kentucky,210332,0,0,1,0,177,MUHLENBERG (177),0,NO APLICA,7,Julio,26,2022,18,50,SR-181 GREENVILLE RD,3,Highway estatal,Rural,Colector Menor,State Highway Agency,0,Sin jurisdiccion especial,110,37.18945833,-87.17057778,Acotamiento,El primer evento no fue una colision con un vehiculo automotor en transporte,Not an Intersection,No fue interseccion,Sobre el lado de la calle,Ninguna,Dia total,Despejado,No,NO APLICA,18,50,18,55,1,26/07/2022,2
21,Kentucky,210333,0,0,2,0,111,JEFFERSON (111),2090,LOUISVILLE,7,Julio,26,2022,23,50,I-65,1,Interestatal,Urbano,Interestatal,State Highway Agency,1,Sin jurisdiccion especial,1286,38.16198333,-85.72051389,Vehiculo en movimiento,Frente a Detrás,Not an Intersection,No fue interseccion,Sobre calle,Ninguna,Oscuro con iluminacion,Nublado,No,NO APLICA,23,44,23,52,1,26/07/2022,4
21,Kentucky,210334,0,0,1,0,201,ROBERTSON (201),0,NO APLICA,7,Julio,18,2022,4,1,US-62,2,US Highway,Rural,Colector Mayor,State Highway Agency,0,Sin jurisdiccion especial,5,38.52508056,-84.17183611,Acotamiento,El primer evento no fue una colision con un vehiculo automotor en transporte,Not an Intersection,No fue interseccion,Sobre el lado de la calle,Ninguna,Oscuro sin iluminacion,lluvia,No,NO APLICA,4,2,4,16,2,18/07/2022,3
21,Kentucky,210335,0,0,2,0,111,JEFFERSON (111),2570,PARKWAY VILLAGE,7,Julio,1,2022,19,28,SR-61 PRESTON HWY,3,Highway estatal,Urbano,Arteria Menor,State Highway Agency,0,Sin jurisdiccion especial,98,38.21147222,-85.74044722,Vehiculo en movimiento,Angulo,T-Intersection,Interseccion de T,Sobre calle,Ninguna,Otra,Despejado,No,NO APLICA,19,30,19,32,1,01/07/2022,2
21,Kentucky,210336,0,0,1,0,195,PIKE (195),3377,VIRGIE,7,Julio,2,2022,3,38,SR-122,3,Highway estatal,Rural,Colector Mayor,State Highway Agency,0,Sin jurisdiccion especial,28,37.33871944,-82.62441944,Zanja,El primer evento no fue una colision con un vehiculo automotor en transporte,Not an Intersection,No fue interseccion,Sobre el lado de la calle,Ninguna,Oscuro sin iluminacion,Despejado,No,NO APLICA,0,23,0,42,1,02/07/2022,1
21,Kentucky,210337,0,0,1,0,3,ALLEN (3),0,NO APLICA,7,Julio,2,2022,12,27,CR-LARGEMOUTH DR,4,Calle del Condado,Rural,Local,County Highway Agency,0,Sin jurisdiccion especial,1,36.79420833,-86.05746667,Volcadura,El primer evento no fue una colision con un vehiculo automotor en transporte,Not an Intersection,No fue interseccion,Sobre calle,Ninguna,Dia total,Despejado,No,NO APLICA,12,29,12,43,1,02/07/2022,4
21,Kentucky,210338,0,0,1,0,193,PERRY (193),2788,ROWDY,7,Julio,2,2022,12,30,SR-476,3,Highway estatal,Rural,Colector Mayor,State Highway Agency,0,Sin jurisdiccion especial,189,37.40551944,-83.20793056,Volcadura,El primer evento no fue una colision con un vehiculo automotor en transporte,Not an Intersection,No fue interseccion,Sobre el lado de la calle,Ninguna,Dia total,Despejado,No,NO APLICA,12,30,12,54,1,02/07/2022,2
21,Kentucky,210339,0,0,1,0,101,HENDERSON (101),1510,HENDERSON,7,Julio,10,2022,10,12,WATHEN LN,5,Calle Local - Pueblo,Urbano,Local,Town or Township Highway Agency,0,Sin jurisdiccion especial,3,37.86877222,-87.5338,Poste,El primer evento no fue una colision con un vehiculo automotor en transporte,Not an Intersection,No fue interseccion,Sobre el lado de la calle,Ninguna,Dia total,Despejado,No,NO APLICA,10,16,10,16,1,10/07/2022,3
21,Kentucky,210340,0,0,1,0,107,HOPKINS (107),0,NO APLICA,7,Julio,12,2022,2,30,SR-281 ISLAND FORD RD,3,Highway estatal,Rural,Local,State Highway Agency,0,Sin jurisdiccion especial,17,37.36247778,-87.47397778,Zanja,El primer evento no fue una colision con un vehiculo automotor en transporte,Not an Intersection,No fue interseccion,Sobre el lado de la calle,Ninguna,Oscuro sin iluminacion,Despejado,No,NO APLICA,2,48,2,56,1,12/07/2022,1
21,Kentucky,210341,0,0,1,0,221,TRIGG (221),0,NO APLICA,7,Julio,14,2022,17,10,SR-139 PRINCETON RD,3,Highway estatal,Rural,Colector Mayor,State Highway Agency,0,Sin jurisdiccion especial,199,36.90467222,-87.83681944,Objeto fijo desconocido,El primer evento no fue una colision con un vehiculo automotor en transporte,Not an Intersection,No fue interseccion,Sobre el lado de la calle,Ninguna,Dia total,Despejado,No,NO APLICA,17,5,17,13,1,14/07/2022,1