Estado,Nombre de Estado,Numero de Caso,Peatones,Personas _no_vehiculos,Vehiculos automotores,Vehiculos estacionados,Condado,Nombre Condado,Ciudad,Nombre Ciudad,Mes,Nombre Mes,Dia,Año,Hora,Minuto,Calle,Ruta,Nombre Ruta,Rural o Urbanoo,Sistema Funcional,Dueño Calle,Sistema Nacional Carreteras,Jurisdiccion Especial,Milla,Latitud,Longitud,Causa del Accidente,Tipo de Accidente,Tipo Interseccion,Columna1,Lugar en la calle,Zona de Trabajo,Luz,Clima,Autobus Escolar,Cruce de Trenes,Hora Notificacion,Minuto Notificacion,Hora Llegada,Minuto Llegada,Decesos,Fecha,PersonaVehiculo
21,Kentucky,210342,0,0,5,0,93,HARDIN (93),2724,RADCLIFF,7,Julio,18,2022,19,38,US-31 S DIXIE BLVD,2,US Highway,Urbano,Arteria Principal,State Highway Agency,1,Sin jurisdiccion especial,247,37.79931667,-85.91696111,Vehiculo en movimiento,Angulo,T-Intersection,Interseccion de T,Sobre calle,Ninguna,Dia total,Despejado,No,NO APLICA,19,37,19,42,1,18/07/2022,6
21,Kentucky,210343,0,0,1,0,9,BARREN (9),0,NO APLICA,7,Julio,23,2022,21,4,US-31 LOUISVILLE RD,2,US Highway,Rural,Arteria Menor,State Highway Agency,0,Sin jurisdiccion especial,43,37.10685556,-85.99882222,Buzon de correo,El primer evento no fue una colision con un vehiculo automotor en transporte,Not an Intersection,No fue interseccion,Sobre el lado de la calle,Ninguna,Oscuro sin iluminacion,Despejado,No,NO APLICA,21,6,21,21,1,23/07/2022,1
21,Kentucky,210344,0,0,1,0,53,CLINTON (53),0,NO APLICA,7,Julio,29,2022,13,50,SR-558,3,Highway estatal,Rural,Colector Menor,State Highway Agency,0,Sin jurisdiccion especial,15,36.75658056,-85.11622778,Acotamiento,El primer evento no fue una colision con un vehiculo automotor en transporte,Not an Intersection,No fue interseccion,Sobre el lado de la calle,Ninguna,Dia total,Nublado,No,NO APLICA,14,1,14,5,1,29/07/2022,2
21,Kentucky,210345,0,0,2,0,185,OLDHAM (185),815,CRESTWOOD,7,Julio,31,2022,19,9,SR-1694 GUM ST,3,Highway estatal,Rural,Arteria Menor,State Highway Agency,0,Sin jurisdiccion especial,40,38.37920278,-85.51503889,Vehiculo en movimiento,Angulo,Not an Intersection,No fue interseccion,Sobre calle,Ninguna,Dia total,Despejado,No,NO APLICA,19,9,19,19,1,31/07/2022,2
21,Kentucky,210346,0,0,1,0,123,LARUE (123),0,NO APLICA,7,Julio,14,2022,22,30,SR-52 LYONS STATION RD,3,Highway estatal,Rural,Colector Mayor,State Highway Agency,0,Sin jurisdiccion especial,19,37.67494167,-85.60776667,Volcadura,El primer evento no fue una colision con un vehiculo automotor en transporte,Not an Intersection,No fue interseccion,Sobre el lado de la calle,Ninguna,Oscuro sin iluminacion,Despejado,No,NO APLICA,22,39,22,45,1,14/07/2022,1
21,Kentucky,210347,0,0,2,0,163,MEADE (163),0,NO APLICA,7,Julio,16,2022,14,53,SR-313 JOE PRATER HWY,3,Highway estatal,Rural,Arteria Menor,State Highway Agency,0,Sin jurisdiccion especial,97,37.91718333,-86.11969722,Vehiculo en movimiento,Frente a frente,Not an Intersection,No fue interseccion,Sobre Acotamiento,Ninguna,Dia total,Despejado,No,NO APLICA,14,55,15,5,1,16/07/2022,2
21,Kentucky,210348,1,1,1,0,93,HARDIN (93),1309,GLENDALE,7,Julio,28,2022,1,36,US-31 W DIXIE HWY,2,US Highway,Rural,Colector Mayor,State Highway Agency,0,Sin jurisdiccion especial,108,37.61284167,-85.859925,Peaton,El primer evento no fue una colision con un vehiculo automotor en transporte,Not an Intersection,No fue interseccion,Sobre calle,Ninguna,Oscuro sin iluminacion,Nublado,No,NO APLICA,1,36,1,43,1,28/07/2022,1
21,Kentucky,210349,0,0,1,0,89,GREENUP (89),3135,SOUTH SHORE,7,Julio,3,2022,3,30,KZ RATLIFF LN,5,Calle Local - Pueblo,Urbano,Local,State Highway Agency,0,Sin jurisdiccion especial,0,38.720775,-82.96004444,Poste,El primer evento no fue una colision con un vehiculo automotor en transporte,Not an Intersection,No fue interseccion,Sobre el lado de la calle,Ninguna,Oscuro - iluminacion desconocida,lluvia,No,NO APLICA,2,7,2,16,1,03/07/2022,1
21,Kentucky,210350,0,0,2,0,103,HENRY (103),0,NO APLICA,7,Julio,29,2022,20,30,SR-146 LAGRANGE RD,3,Highway estatal,Rural,Colector Mayor,State Highway Agency,0,Sin jurisdiccion especial,49,38.44426111,-85.24880833,Vehiculo en movimiento,Golpe Lateral - direccion contraria,Not an Intersection,No fue interseccion,Sobre calle,Ninguna,Dia total,Despejado,No,NO APLICA,20,38,20,45,1,29/07/2022,2
21,Kentucky,210351,0,0,2,0,119,KNOTT (119),0,NO APLICA,7,Julio,27,2022,8,13,SR-1087,3,Highway estatal,Rural,Colector Menor,State Highway Agency,0,Sin jurisdiccion especial,163,37.40453056,-82.92333611,Vehiculo en movimiento,Frente a frente,Not an Intersection,No fue interseccion,Sobre calle,Ninguna,Dia total,Nublado,No,NO APLICA,8,16,8,36,1,27/07/2022,2
21,Kentucky,210352,0,0,1,0,141,LOGAN (141),0,NO APLICA,7,Julio,27,2022,19,50,SR-3519 LEWISBURG RD,3,Highway estatal,Rural,Colector Menor,State Highway Agency,0,Sin jurisdiccion especial,46,36.90165556,-86.92616944,Culvert,El primer evento no fue una colision con un vehiculo automotor en transporte,Not an Intersection,No fue interseccion,Sobre el lado de la calle,Ninguna,Atardecer,lluvia,No,NO APLICA,19,50,19,59,1,27/07/2022,1
21,Kentucky,210353,0,0,2,0,203,ROCKCASTLE (203),0,NO APLICA,7,Julio,30,2022,23,39,SR-461 LAKE CUMBERLAND RD,3,Highway estatal,Rural,Arteria Principal,State Highway Agency,1,Sin jurisdiccion especial,6,37.27312222,-84.42425556,Vehiculo en movimiento,Angulo,Four-Way Intersection,Interseccion de 4 direcciones,Sobre calle,Ninguna,Oscuro sin iluminacion,Despejado,No,NO APLICA,23,35,23,54,1,30/07/2022,7
21,Kentucky,210354,0,0,1,0,151,MADISON (151),0,NO APLICA,4,Abril,19,2022,16,0,CR-OAKLEY WELLS RD,4,Calle del Condado,Rural,Local,County Highway Agency,0,Sin jurisdiccion especial,26,37.78565278,-84.15926667,Otro objeto (fijo),El primer evento no fue una colision con un vehiculo automotor en transporte,Not an Intersection,No fue interseccion,Sobre el lado de la calle,Ninguna,Dia total,Despejado,No,NO APLICA,16,3,16,20,1,19/04/2022,2
21,Kentucky,210355,0,0,1,0,77,GALLATIN (77),1308,GLENCOE,4,Abril,30,2022,4,17,US-127 RAMP,2,US Highway,Rural,Interestatal,State Highway Agency,1,Sin jurisdiccion especial,0,38.74179444,-84.834175,Valla Ferrocarril,El primer evento no fue una colision con un vehiculo automotor en transporte,Not an Intersection,No fue interseccion,Sobre el lado de la calle,Ninguna,Oscuro sin iluminacion,Nublado,No,NO APLICA,4,17,4,25,1,30/04/2022,1
21,Kentucky,210356,0,0,3,0,93,HARDIN (93),1000,ELIZABETHTOWN,1,Enero,5,2022,13,36,US-31W E DIXIE AVE,2,US Highway,Urbano,Arteria Menor,State Highway Agency,0,Sin jurisdiccion especial,157,37.68332222,-85.85041389,Vehiculo en movimiento,Angulo,Four-Way Intersection,Interseccion de 4 direcciones,Sobre calle,Ninguna,Dia total,Despejado,Yes,NO APLICA,13,37,13,51,1,05/01/2022,3
21,Kentucky,210357,0,0,1,0,115,JOHNSON (115),3340,VAN LEAR,6,Junio,24,2022,14,16,WEBB HOLLOW RD,6,Calle Local Municipalidad,Rural,Local,City or Municipal Highway Agency,0,Sin jurisdiccion especial,0,37.77668611,-82.76746111,Zanja,El primer evento no fue una colision con un vehiculo automotor en transporte,Not an Intersection,No fue interseccion,Sobre el lado de la calle,Ninguna,Dia total,Nublado,No,NO APLICA,14,21,14,48,1,24/06/2022,2
21,Kentucky,210358,0,0,2,0,195,PIKE (195),1010,ELKHORN CITY,7,Julio,16,2022,21,28,SR-197 ELKHORN CREEK,3,Highway estatal,Rural,Colector Mayor,State Highway Agency,0,Sin jurisdiccion especial,145,37.28202222,-82.36903611,Vehiculo en movimiento,Frente a frente,Not an Intersection,No fue interseccion,Sobre calle,Ninguna,Oscuro sin iluminacion,Despejado,No,NO APLICA,21,55,22,30,1,16/07/2022,2
21,Kentucky,210359,0,0,1,0,177,MUHLENBERG (177),1318,GRAHAM,7,Julio,23,2022,21,27,FORD LANE,5,Calle Local - Pueblo,Urbano,Local,Town or Township Highway Agency,0,Sin jurisdiccion especial,2,37.2365,-87.27605,Volcadura,El primer evento no fue una colision con un vehiculo automotor en transporte,Not an Intersection,No fue interseccion,Sobre calle,Ninguna,Oscuro con iluminacion,Despejado,No,NO APLICA,20,1,20,11,1,23/07/2022,2
21,Kentucky,210360,0,0,1,0,5,ANDERSON (5),0,NO APLICA,7,Julio,30,2022,21,38,US-127 HARRODSBURG RD,2,US Highway,Rural,Colector Menor,State Highway Agency,0,Sin jurisdiccion especial,42,38.00543611,-84.87833889,Arbol,El primer evento no fue una colision con un vehiculo automotor en transporte,Not an Intersection,No fue interseccion,Fuera de la calle,Ninguna,Atardecer,Despejado,No,NO APLICA,21,41,21,43,1,30/07/2022,1
21,Kentucky,210361,0,0,1,0,103,HENRY (103),1040,EMINENCE,7,Julio,2,2022,21,14,MYRTLE STREET,5,Calle Local - Pueblo,Rural,Local,Town or Township Highway Agency,0,Sin jurisdiccion especial,0,38.36862222,-85.18526667,Alguien se cayo/avento del vehiculo,El primer evento no fue una colision con un vehiculo automotor en transporte,Not an Intersection,No fue interseccion,Sobre calle,Ninguna,Atardecer,Despejado,No,NO APLICA,21,16,21,20,1,02/07/2022,10
21,Kentucky,210362,0,0,2,0,163,MEADE (163),360,BRANDENBURG,7,Julio,11,2022,7,23,SR-313 BRANDENBURG RD,3,Highway estatal,Rural,Arteria Menor,State Highway Agency,0,Sin jurisdiccion especial,135,37.96721944,-86.13884167,Vehiculo en movimiento,Frente a frente,Not Reported,No reportado,Sobre calle,Ninguna,Dia total,Nublado,No,NO APLICA,7,24,7,28,1,11/07/2022,2
21,Kentucky,210363,0,0,1,0,167,MERCER (167),0,NO APLICA,7,Julio,23,2022,9,0,SR-152 KENNEDY BRIDGE RD,3,Highway estatal,Rural,Colector Mayor,State Highway Agency,0,Sin jurisdiccion especial,172,37.73890833,-84.71808056,Arbol,El primer evento no fue una colision con un vehiculo automotor en transporte,Not an Intersection,No fue interseccion,Sobre el lado de la calle,Ninguna,Dia total,Despejado,No,NO APLICA,12,45,12,53,1,23/07/2022,1
21,Kentucky,210364,0,0,2,0,147,MCCREARY (147),3225,SILERVILLE,8,Agosto,3,2022,14,8,US-27,2,US Highway,Rural,Arteria Principal,State Highway Agency,1,Sin jurisdiccion especial,32,36.64252778,-84.43370556,Vehiculo en movimiento,Frente a frente,T-Intersection,Interseccion de T,Sobre calle,Ninguna,Dia total,Despejado,No,NO APLICA,14,27,14,27,1,03/08/2022,2
21,Kentucky,210365,0,0,1,0,35,CALLOWAY (35),0,NO APLICA,8,Agosto,3,2022,15,15,SR-1497 MURRAY PARIS RD,3,Highway estatal,Rural,Local,State Highway Agency,0,Sin jurisdiccion especial,53,36.57493611,-88.29606389,Acotamiento,El primer evento no fue una colision con un vehiculo automotor en transporte,Not an Intersection,No fue interseccion,Sobre el lado de la calle,Ninguna,Dia total,Despejado,No,NO APLICA,15,18,15,28,1,03/08/2022,1
21,Kentucky,210366,0,0,2,0,75,FULTON (75),0,NO APLICA,8,Agosto,2,2022,19,3,SR-1129,3,Highway estatal,Rural,Local,State Highway Agency,0,Sin jurisdiccion especial,12,36.54013889,-89.12045,Vehiculo en movimiento,Angulo,Four-Way Intersection,Interseccion de 4 direcciones,Sobre calle,Ninguna,Dia total,Despejado,No,NO APLICA,18,33,18,43,1,02/08/2022,2
21,Kentucky,210367,0,0,1,0,85,GRAYSON (85),0,NO APLICA,8,Agosto,4,2022,3,43,CR-PLEASANT VIEW RD,4,Calle del Condado,Rural,Local,County Highway Agency,0,Sin jurisdiccion especial,3,37.44305278,-86.39323889,Acotamiento,El primer evento no fue una colision con un vehiculo automotor en transporte,Not an Intersection,No fue interseccion,Sobre el lado de la calle,Ninguna,Oscuro sin iluminacion,Despejado,No,NO APLICA,3,43,4,21,1,04/08/2022,1
21,Kentucky,210368,0,0,1,0,107,HOPKINS (107),870,DAWSON SPRINGS,8,Agosto,4,2022,22,1,US-62 W ARCADIA AVE,2,US Highway,Rural,Colector Mayor,State Highway Agency,0,Sin jurisdiccion especial,3,37.16348056,-87.69955278,Arbusto,El primer evento no fue una colision con un vehiculo automotor en transporte,Not an Intersection,No fue interseccion,Sobre el lado de la calle,Ninguna,Oscuro sin iluminacion,Nublado,No,NO APLICA,0,0,0,0,1,04/08/2022,1
21,Kentucky,210369,0,0,2,0,147,MCCREARY (147),0,NO APLICA,8,Agosto,3,2022,21,39,SR-1651,3,Highway estatal,Rural,Colector Menor,State Highway Agency,0,Sin jurisdiccion especial,57,36.71623611,-84.47811111,Vehiculo en movimiento,Frente a frente,Not an Intersection,No fue interseccion,Sobre calle,Ninguna,Oscuro sin iluminacion,Despejado,No,NO APLICA,21,31,21,35,1,03/08/2022,3
21,Kentucky,210370,1,1,1,0,111,JEFFERSON (111),2090,LOUISVILLE,8,Agosto,6,2022,13,34,I-64,1,Interestatal,Urbano,Interestatal,State Highway Agency,1,Sin jurisdiccion especial,98,38.23849444,-85.66996944,Peaton,El primer evento no fue una colision con un vehiculo automotor en transporte,Not an Intersection,No fue interseccion,Sobre Acotamiento,Ninguna,Dia total,Nublado,No,NO APLICA,13,34,13,42,1,06/08/2022,1
21,Kentucky,210371,0,0,2,0,173,MONTGOMERY (173),0,NO APLICA,8,Agosto,7,2022,18,14,I-64,1,Interestatal,Rural,Interestatal,State Highway Agency,1,Sin jurisdiccion especial,1045,38.06028611,-84.03877222,Vehiculo en movimiento,Golpe Lateral - direccion contraria,Not an Intersection,No fue interseccion,Sobre calle,Ninguna,Dia total,lluvia,No,NO APLICA,18,17,18,34,1,07/08/2022,7
21,Kentucky,210372,0,0,1,0,185,OLDHAM (185),0,NO APLICA,8,Agosto,12,2022,18,20,SR-3222 S ROSE ISLAND RD,3,Highway estatal,Urbano,Colector Menor,State Highway Agency,0,Sin jurisdiccion especial,18,38.39425556,-85.61628333,Arbol,El primer evento no fue una colision con un vehiculo automotor en transporte,Not an Intersection,No fue interseccion,Sobre el lado de la calle,Ninguna,Dia total,Despejado,No,NO APLICA,18,22,18,28,1,12/08/2022,1
21,Kentucky,210373,0,0,3,0,147,MCCREARY (147),0,NO APLICA,8,Agosto,13,2022,9,55,US-27,2,US Highway,Rural,Arteria Principal,State Highway Agency,1,Sin jurisdiccion especial,57,36.67779167,-84.44680278,Vehiculo en movimiento,Frente a frente,Not an Intersection,No fue interseccion,Sobre calle,Ninguna,Dia total,Despejado,No,NO APLICA,8,25,8,29,1,13/08/2022,3
21,Kentucky,210374,0,0,2,0,67,FAYETTE (67),1980,LEXINGTON-FAYETTE,8,Agosto,14,2022,13,25,US-68,2,US Highway,Urbano,Arteria Menor,State Highway Agency,1,Sin jurisdiccion especial,2,37.99009444,-84.59078611,Vehiculo en movimiento,Angulo,Four-Way Intersection,Interseccion de 4 direcciones,Sobre calle,Ninguna,Dia total,Despejado,No,NO APLICA,13,45,13,53,2,14/08/2022,3
21,Kentucky,210375,0,0,2,0,111,JEFFERSON (111),2090,LOUISVILLE,8,Agosto,15,2022,17,47,CHAMBERLAIN LN,5,Calle Local - Pueblo,Rural,Local,County Highway Agency,0,Sin jurisdiccion especial,18,38.29565278,-85.54060278,Vehiculo en movimiento,Frente a frente,T-Intersection,Interseccion de T,Sobre calle,Ninguna,Dia total,Despejado,No,NO APLICA,17,47,17,52,1,15/08/2022,2
21,Kentucky,210376,0,0,2,0,147,MCCREARY (147),0,NO APLICA,8,Agosto,17,2022,13,0,SR-92,3,Highway estatal,Rural,Arteria Menor,State Highway Agency,0,Sin jurisdiccion especial,5,36.75323056,-84.66522222,Volcadura,El primer evento no fue una colision con un vehiculo automotor en transporte,T-Intersection,Interseccion de T,Sobre calle,Ninguna,Dia total,Despejado,No,NO APLICA,12,44,13,5,1,17/08/2022,2
21,Kentucky,210377,0,0,1,0,225,UNION (225),0,NO APLICA,8,Agosto,16,2022,21,41,CR- BARKER RD,4,Calle del Condado,Rural,Local,County Highway Agency,0,Sin jurisdiccion especial,7,37.682325,-87.76005833,Objeto fijo desconocido,El primer evento no fue una colision con un vehiculo automotor en transporte,T-Intersection,Interseccion de T,Sobre el lado de la calle,Ninguna,Oscuro sin iluminacion,Neblina o Humo,No,NO APLICA,21,43,22,9,1,16/08/2022,1
21,Kentucky,210378,0,0,2,0,85,GRAYSON (85),0,NO APLICA,8,Agosto,18,2022,9,30,SR-9001,3,Highway estatal,Rural,Arteria Principal,State Highway Agency,1,Sin jurisdiccion especial,1029,37.44338333,-86.35785833,Otro objeto (fijo),El primer evento no fue una colision con un vehiculo automotor en transporte,Not an Intersection,No fue interseccion,En el medio,Ninguna,Dia total,Despejado,No,NO APLICA,8,18,8,23,1,18/08/2022,2
21,Kentucky,210379,0,0,2,0,111,JEFFERSON (111),2090,LOUISVILLE,8,Agosto,18,2022,14,38,S BECKLEY STATION RD,5,Calle Local - Pueblo,Urbano,Local,Town or Township Highway Agency,0,Sin jurisdiccion especial,10,38.22410556,-85.486775,Vehiculo en movimiento,Angulo,Not an Intersection,No fue interseccion,Sobre calle,Ninguna,Dia total,Nublado,No,NO APLICA,14,38,14,44,1,18/08/2022,2
21,Kentucky,210380,0,0,2,0,47,CHRISTIAN (47),1620,HOPKINSVILLE,8,Agosto,10,2022,11,28,SR-107 LAFAYETTE RD,3,Highway estatal,Urbano,Arteria Menor,State Highway Agency,0,Sin jurisdiccion especial,161,36.82841111,-87.50300833,Vehiculo en movimiento,Angulo,Not an Intersection,No fue interseccion,Sobre calle,Ninguna,Dia total,Despejado,No,NO APLICA,11,30,11,37,1,10/08/2022,3
21,Kentucky,210381,0,0,1,0,43,CARTER (43),0,NO APLICA,8,Agosto,20,2022,15,30,I-64,1,Interestatal,Rural,Interestatal,State Highway Agency,1,Sin jurisdiccion especial,1500,38.29709444,-83.30989167,Acotamiento,El primer evento no fue una colision con un vehiculo automotor en transporte,Not an Intersection,No fue interseccion,En el medio,Ninguna,Dia total,Despejado,No,NO APLICA,16,7,16,24,1,20/08/2022,1
21,Kentucky,210382,1,1,1,0,67,FAYETTE (67),1980,LEXINGTON-FAYETTE,8,Agosto,15,2022,5,51,US-27 N BROADWAY,2,US Highway,Urbano,Arteria Principal,State Highway Agency,1,Sin jurisdiccion especial,75,38.05912778,-84.48532222,Peaton,El primer evento no fue una colision con un vehiculo automotor en transporte,Not an Intersection,No fue interseccion,Sobre calle,Ninguna,Oscuro con iluminacion,Despejado,No,NO APLICA,5,53,5,57,1,15/08/2022,1
21,Kentucky,210383,0,0,2,0,67,FAYETTE (67),1980,LEXINGTON-FAYETTE,8,Agosto,18,2022,18,25,US-60 WINCHESTER RD,2,US Highway,Rural,Arteria Menor,State Highway Agency,0,Sin jurisdiccion especial,142,38.03463611,-84.38049444,Vehiculo en movimiento,Angulo,T-Intersection,Interseccion de T,Sobre calle,Ninguna,Dia total,Nublado,No,NO APLICA,18,34,18,50,1,18/08/2022,2
21,Kentucky,210384,0,0,2,0,111,JEFFERSON (111),2090,LOUISVILLE,8,Agosto,23,2022,2,53,SR-1065 OUTER LOOP,3,Highway estatal,Urbano,Arteria Menor,State Highway Agency,0,Sin jurisdiccion especial,54,38.13617222,-85.69711389,Vehiculo en movimiento,Frente a frente,Four-Way Intersection,Interseccion de 4 direcciones,Sobre calle,Ninguna,Oscuro sin iluminacion,Despejado,No,NO APLICA,2,53,3,0,1,23/08/2022,2
21,Kentucky,210385,0,0,2,0,151,MADISON (151),0,NO APLICA,8,Agosto,23,2022,8,16,SR-627 BOONESBOROUGH RD,3,Highway estatal,Rural,Arteria Principal,State Highway Agency,1,Sin jurisdiccion especial,16,37.85735833,-84.30710556,Vehiculo en movimiento,Frente a frente,Not Reported,No reportado,Sobre calle,Ninguna,Dia total,Nublado,No,NO APLICA,8,17,8,26,1,23/08/2022,2
21,Kentucky,210386,0,0,1,0,47,CHRISTIAN (47),0,NO APLICA,8,Agosto,1,2022,1,52,SR-9004,3,Highway estatal,Rural,Arteria Principal,State Highway Agency,1,Sin jurisdiccion especial,0,36.895225,-87.46881389,Acotamiento,El primer evento no fue una colision con un vehiculo automotor en transporte,Not an Intersection,No fue interseccion,Sobre el lado de la calle,Ninguna,Oscuro con iluminacion,Despejado,No,NO APLICA,1,59,2,7,1,01/08/2022,1
21,Kentucky,210387,0,0,1,0,3,ALLEN (3),0,NO APLICA,8,Agosto,6,2022,8,0,SR-101 SMITHS GROVE RD,3,Highway estatal,Rural,Colector Mayor,State Highway Agency,0,Sin jurisdiccion especial,101,36.89304722,-86.17678056,Objeto fijo desconocido,El primer evento no fue una colision con un vehiculo automotor en transporte,Not an Intersection,No fue interseccion,Sobre el lado de la calle,Ninguna,Dia total,Despejado,No,NO APLICA,8,1,8,16,1,06/08/2022,2
21,Kentucky,210388,1,1,1,0,117,KENTON (117),800,COVINGTON,8,Agosto,8,2022,6,52,I-75,1,Interestatal,Urbano,Interestatal,State Highway Agency,1,Sin jurisdiccion especial,1900,39.07064167,-84.51955833,Peaton,El primer evento no fue una colision con un vehiculo automotor en transporte,Not an Intersection,No fue interseccion,No reportado,Ninguna,Oscuro con iluminacion,Despejado,No,NO APLICA,6,52,7,3,1,08/08/2022,1
21,Kentucky,210389,1,1,1,0,209,SCOTT (209),1280,GEORGETOWN,8,Agosto,8,2022,18,33,SR-32 CHAMPION WAY,3,Highway estatal,Urbano,Colector Menor,State Highway Agency,0,Sin jurisdiccion especial,12,38.235575,-84.54994722,Peaton,El primer evento no fue una colision con un vehiculo automotor en transporte,Y-Intersection,Interseccion de Y,Sobre calle,Ninguna,Dia total,Despejado,No,NO APLICA,18,33,18,35,1,08/08/2022,1
21,Kentucky,210390,1,1,1,0,107,HOPKINS (107),2150,MADISONVILLE,8,Agosto,9,2022,20,32,US-41 S MAIN ST,2,US Highway,Urbano,Arteria Menor,State Highway Agency,0,Sin jurisdiccion especial,137,37.29593611,-87.5103,Peaton,El primer evento no fue una colision con un vehiculo automotor en transporte,Not an Intersection,No fue interseccion,Sobre calle,Ninguna,Dia total,Nublado,No,NO APLICA,20,40,20,40,1,09/08/2022,1
21,Kentucky,210391,1,1,1,0,37,CAMPBELL (37),2400,NEWPORT,8,Agosto,20,2022,0,29,SR-1120 W 11TH ST,3,Highway estatal,Urbano,Arteria Principal,State Highway Agency,1,Sin jurisdiccion especial,1,39.08040833,-84.49818611,Ciclista,El primer evento no fue una colision con un vehiculo automotor en transporte,Not an Intersection,No fue interseccion,Sobre Acotamiento,Ninguna,Oscuro con iluminacion,Despejado,No,NO APLICA,0,27,0,32,1,20/08/2022,1
21,Kentucky,210392,0,0,2,0,43,CARTER (43),0,NO APLICA,8,Agosto,12,2022,13,59,SR-1122,3,Highway estatal,Rural,Local,State Highway Agency,0,Sin jurisdiccion especial,2,38.172425,-82.93971111,Vehiculo en movimiento,Angulo,Not an Intersection,No fue interseccion,Sobre calle,Ninguna,Dia total,Despejado,No,NO APLICA,14,0,14,28,1,12/08/2022,5
21,Kentucky,210393,0,0,2,0,111,JEFFERSON (111),2090,LOUISVILLE,8,Agosto,14,2022,4,2,I-264 E,1,Interestatal,Urbano,Interestatal,State Highway Agency,1,Sin jurisdiccion especial,174,38.22441944,-85.64412778,Vehiculo en movimiento,Frente a Detrás,Not an Intersection,No fue interseccion,Sobre calle,Ninguna,Oscuro sin iluminacion,Despejado,No,NO APLICA,4,3,4,10,1,14/08/2022,3
21,Kentucky,210394,0,0,2,0,67,FAYETTE (67),1980,LEXINGTON-FAYETTE,8,Agosto,24,2022,13,5,SR-4 NEW CIRCLE RD,3,Highway estatal,Urbano,Arteria Principal,State Highway Agency,1,Sin jurisdiccion especial,116,38.05675556,-84.46178889,Vehiculo en movimiento,Angulo,Not an Intersection,No fue interseccion,Sobre calle,Ninguna,Dia total,Despejado,No,NO APLICA,13,6,13,9,1,24/08/2022,2
21,Kentucky,210395,0,0,2,0,111,JEFFERSON (111),2090,LOUISVILLE,8,Agosto,27,2022,7,5,I-65,1,Interestatal,Urbano,Interestatal,State Highway Agency,1,Sin jurisdiccion especial,1252,38.11649722,-85.70178611,Vehiculo en movimiento,Frente a Detrás,Not an Intersection,No fue interseccion,Sobre calle,Ninguna,Dia total,Despejado,No,NO APLICA,7,10,7,18,1,27/08/2022,2
21,Kentucky,210396,1,1,1,0,15,BOONE (15),1150,FLORENCE,8,Agosto,27,2022,21,45,US-42,2,US Highway,Urbano,Arteria Menor,State Highway Agency,1,Sin jurisdiccion especial,120,38.96943056,-84.66736111,Peaton,El primer evento no fue una colision con un vehiculo automotor en transporte,Not an Intersection,No fue interseccion,Sobre calle,Ninguna,Oscuro con iluminacion,Despejado,No,NO APLICA,21,45,21,50,1,27/08/2022,2
21,Kentucky,210397,0,0,1,0,221,TRIGG (221),0,NO APLICA,8,Agosto,14,2022,15,54,SR-525 NEW HOPE RD,3,Highway estatal,Rural,Arteria Menor,State Highway Agency,0,Sin jurisdiccion especial,85,36.81302778,-87.79927222,Acotamiento,El primer evento no fue una colision con un vehiculo automotor en transporte,Not an Intersection,No fue interseccion,Sobre el lado de la calle,Ninguna,Dia total,Despejado,No,NO APLICA,15,54,16,3,1,14/08/2022,1
21,Kentucky,210398,0,0,3,0,123,LARUE (123),0,NO APLICA,8,Agosto,18,2022,11,43,US-31 NEW JACKSON HWY,2,US Highway,Rural,Arteria Menor,State Highway Agency,0,Sin jurisdiccion especial,59,37.51559722,-85.73383889,Vehiculo en movimiento,Angulo,Not an Intersection,No fue interseccion,Sobre calle,Ninguna,Dia total,Despejado,No,NO APLICA,11,48,11,48,1,18/08/2022,5
21,Kentucky,210399,0,0,1,0,17,BOURBON (17),0,NO APLICA,8,Agosto,26,2022,11,0,SR-1678 CLINTONVILLE RD,3,Highway estatal,Rural,Colector Mayor,State Highway Agency,0,Sin jurisdiccion especial,69,38.16955833,-84.25568056,Arbol,El primer evento no fue una colision con un vehiculo automotor en transporte,Not an Intersection,No fue interseccion,Sobre el lado de la calle,Ninguna,Dia total,Despejado,No,NO APLICA,11,0,11,10,1,26/08/2022,1
21,Kentucky,210400,0,0,7,0,111,JEFFERSON (111),2090,LOUISVILLE,8,Agosto,28,2022,14,27,I-65,1,Interestatal,Urbano,Interestatal,State Highway Agency,1,Sin jurisdiccion especial,1314,38.19904444,-85.73425833,Vehiculo en movimiento,Angulo,Not an Intersection,No fue interseccion,Sobre calle,Ninguna,Dia total,Despejado,No,NO APLICA,14,30,14,34,1,28/08/2022,10
21,Kentucky,210401,0,0,3,0,111,JEFFERSON (111),2090,LOUISVILLE,8,Agosto,30,2022,17,56,SR-61 PRESTON HWY,3,Highway estatal,Urbano,Arteria Menor,State Highway Agency,0,Sin jurisdiccion especial,47,38.14879722,-85.69245556,Vehiculo en movimiento,Angulo,Not Reported,No reportado,Sobre calle,Ninguna,Dia total,Despejado,No,NO APLICA,17,57,18,2,1,30/08/2022,3
21,Kentucky,210402,0,0,1,0,181,NICHOLAS (181),0,NO APLICA,8,Agosto,3,2022,14,51,CR-ABNERS MILL RD,4,Calle del Condado,Rural,Local,County Highway Agency,0,Sin jurisdiccion especial,51,38.41659167,-83.97335278,Fuego/Explosion,El primer evento no fue una colision con un vehiculo automotor en transporte,Not an Intersection,No fue interseccion,Sobre calle,Ninguna,Dia total,Despejado,No,NO APLICA,14,53,15,8,1,03/08/2022,1
21,Kentucky,210403,0,0,1,0,157,MARSHALL (157),0,NO APLICA,8,Agosto,29,2022,0,2,SR-402 BREWERS HWY,3,Highway estatal,Rural,Colector Mayor,State Highway Agency,0,Sin jurisdiccion especial,34,36.76493611,-88.39455278,Acotamiento,El primer evento no fue una colision con un vehiculo automotor en transporte,T-Intersection,Interseccion de T,Sobre el lado de la calle,Ninguna,Oscuro sin iluminacion,Despejado,No,NO APLICA,0,4,0,19,1,29/08/2022,1