Estado,Nombre de Estado,Numero de Caso,Peatones,Personas _no_vehiculos,Vehiculos automotores,Vehiculos estacionados,Condado,Nombre Condado,Ciudad,Nombre Ciudad,Mes,Nombre Mes,Dia,Año,Hora,Minuto,Calle,Ruta,Nombre Ruta,Rural o Urbanoo,Sistema Funcional,Dueño Calle,Sistema Nacional Carreteras,Jurisdiccion Especial,Milla,Latitud,Longitud,Causa del Accidente,Tipo de Accidente,Tipo Interseccion,Columna1,Lugar en la calle,Zona de Trabajo,Luz,Clima,Autobus Escolar,Cruce de Trenes,Hora Notificacion,Minuto Notificacion,Hora Llegada,Minuto Llegada,Decesos,Fecha,PersonaVehiculo
21,Kentucky,210404,1,1,1,0,151,MADISON (151),270,BEREA,8,Agosto,29,2022,9,53,FOX GLOVES PARKING LOT WAY,5,Calle Local - Pueblo,Urbano,Local,Town or Township Highway Agency,0,Sin jurisdiccion especial,6,37.58595278,-84.28685278,Peaton,El primer evento no fue una colision con un vehiculo automotor en transporte,Not an Intersection,No fue interseccion,Sobre calle,Ninguna,Dia total,Despejado,No,NO APLICA,9,54,9,57,1,29/08/2022,1
21,Kentucky,210405,0,0,2,0,3,ALLEN (3),2910,SCOTTSVILLE,8,Agosto,30,2022,16,49,SR-980 VETERANS MEMORIAL HWY,3,Highway estatal,Rural,Colector Mayor,State Highway Agency,0,Sin jurisdiccion especial,10,36.75144167,-86.19925833,Vehiculo en movimiento,Frente a frente,Not Reported,No reportado,Sobre calle,Ninguna,Dia total,Despejado,No,NO APLICA,16,50,16,52,1,30/08/2022,2
21,Kentucky,210406,0,0,1,0,3,ALLEN (3),2910,SCOTTSVILLE,8,Agosto,31,2022,8,42,SR-3500 OLD GALLATIN RD,3,Highway estatal,Rural,Local,State Highway Agency,0,Sin jurisdiccion especial,33,36.728475,-86.21772222,Poste,El primer evento no fue una colision con un vehiculo automotor en transporte,Not Reported,No reportado,Sobre el lado de la calle,Ninguna,Dia total,Despejado,No,NO APLICA,8,43,8,45,1,31/08/2022,1
21,Kentucky,210407,0,0,1,0,111,JEFFERSON (111),2090,LOUISVILLE,8,Agosto,17,2022,1,23,SR-1931 7TH ST RD,3,Highway estatal,Urbano,Local,State Highway Agency,0,Sin jurisdiccion especial,17,38.21481667,-85.78275833,Soporte de  señalamiento de transito,El primer evento no fue una colision con un vehiculo automotor en transporte,T-Intersection,Interseccion de T,Sobre el lado de la calle,Ninguna,Oscuro sin iluminacion,Despejado,No,NO APLICA,1,23,1,30,2,17/08/2022,2
21,Kentucky,210408,0,0,1,0,139,LIVINGSTON (139),0,NO APLICA,8,Agosto,22,2022,12,29,SR-453 IUKA RD,3,Highway estatal,Rural,Colector Mayor,State Highway Agency,0,Sin jurisdiccion especial,133,37.11305556,-88.38312778,Volcadura,El primer evento no fue una colision con un vehiculo automotor en transporte,Not an Intersection,No fue interseccion,Sobre el lado de la calle,Ninguna,Dia total,Despejado,No,NO APLICA,12,29,12,31,1,22/08/2022,1
21,Kentucky,210409,0,0,2,0,199,PULASKI (199),0,NO APLICA,8,Agosto,10,2022,16,58,US-27,2,US Highway,Rural,Arteria Principal,State Highway Agency,1,Sin jurisdiccion especial,303,37.28289167,-84.64600833,Vehiculo en movimiento,Frente a frente,Not an Intersection,No fue interseccion,Sobre calle,Ninguna,Dia total,Nublado,No,NO APLICA,17,4,17,16,1,10/08/2022,3
21,Kentucky,210410,0,0,1,0,85,GRAYSON (85),0,NO APLICA,8,Agosto,29,2022,18,12,SR-79 FALLS OF ROUGH RD,3,Highway estatal,Rural,Arteria Menor,State Highway Agency,0,Sin jurisdiccion especial,137,37.5384,-86.49371389,Volcadura,El primer evento no fue una colision con un vehiculo automotor en transporte,Not an Intersection,No fue interseccion,Sobre el lado de la calle,Ninguna,Dia total,lluvia,No,NO APLICA,18,11,18,24,1,29/08/2022,1
21,Kentucky,210411,0,0,2,0,111,JEFFERSON (111),2090,LOUISVILLE,8,Agosto,27,2022,23,17,SR-1865 NEW CUT RD,3,Highway estatal,Urbano,Arteria Principal,State Highway Agency,1,Sin jurisdiccion especial,12,38.12636111,-85.77617222,Vehiculo en movimiento,Golpe Lateral - direccion contraria,Four-Way Intersection,Interseccion de 4 direcciones,Sobre calle,Ninguna,Oscuro con iluminacion,Despejado,No,NO APLICA,23,19,23,20,1,27/08/2022,2
21,Kentucky,210412,0,0,2,0,199,PULASKI (199),3070,SOMERSET,8,Agosto,3,2022,11,31,SR-461,3,Highway estatal,Rural,Arteria Principal,State Highway Agency,1,Sin jurisdiccion especial,12,37.17467222,-84.48553889,Vehiculo en movimiento,Frente a Detrás,Not an Intersection,No fue interseccion,Sobre calle,Ninguna,Dia total,Despejado,No,NO APLICA,11,34,11,47,1,03/08/2022,2
21,Kentucky,210413,0,0,1,0,109,JACKSON (109),2882,SANDGAP,8,Agosto,26,2022,12,30,US-421,2,US Highway,Rural,Arteria Menor,State Highway Agency,0,Sin jurisdiccion especial,257,37.496,-84.14282222,Volcadura,El primer evento no fue una colision con un vehiculo automotor en transporte,Not an Intersection,No fue interseccion,Sobre calle,Ninguna,Dia total,lluvia,No,NO APLICA,12,42,12,57,1,26/08/2022,1
21,Kentucky,210414,0,0,1,0,101,HENDERSON (101),0,NO APLICA,7,Julio,17,2022,4,36,CR-GREEN RIVER RD,4,Calle del Condado,Rural,Local,County Highway Agency,0,Sin jurisdiccion especial,23,37.89809722,-87.49479167,Zanja,El primer evento no fue una colision con un vehiculo automotor en transporte,Not an Intersection,No fue interseccion,Sobre el lado de la calle,Ninguna,Oscuro con iluminacion,Nublado,No,NO APLICA,4,42,4,56,1,17/07/2022,3
21,Kentucky,210415,0,0,1,0,119,KNOTT (119),3282,TOPMOST,8,Agosto,23,2022,11,27,CR-DRY CREEK RD,4,Calle del Condado,Rural,Local,County Highway Agency,0,Sin jurisdiccion especial,21,37.33446944,-82.77855278,Culvert,El primer evento no fue una colision con un vehiculo automotor en transporte,Not an Intersection,No fue interseccion,Sobre el lado de la calle,Ninguna,Dia total,Despejado,No,NO APLICA,11,33,12,13,1,23/08/2022,1
21,Kentucky,210416,0,0,3,0,125,LAUREL (125),2040,LONDON,7,Julio,25,2022,22,58,I-75,1,Interestatal,Rural,Interestatal,State Highway Agency,1,Sin jurisdiccion especial,382,37.11041667,-84.10218056,Vehiculo en movimiento,Frente a frente,Not an Intersection,No fue interseccion,Sobre calle,Ninguna,Oscuro sin iluminacion,Despejado,No,NO APLICA,22,58,23,3,3,25/07/2022,5
21,Kentucky,210417,0,0,1,0,125,LAUREL (125),0,NO APLICA,5,Mayo,19,2022,16,15,CR- MAPLE GROVE RD,4,Calle del Condado,Rural,Local,County Highway Agency,0,Sin jurisdiccion especial,29,37.06412222,-84.11710833,Volcadura,El primer evento no fue una colision con un vehiculo automotor en transporte,Not an Intersection,No fue interseccion,Sobre el lado de la calle,Ninguna,Dia total,lluvia,No,NO APLICA,16,14,16,20,1,19/05/2022,1
21,Kentucky,210418,0,0,3,0,29,BULLITT (29),0,NO APLICA,7,Julio,25,2022,14,46,SR-1526 JOHN HARPER WAY,3,Highway estatal,Urbano,Arteria Menor,State Highway Agency,0,Sin jurisdiccion especial,122,38.058075,-85.68774167,Vehiculo en movimiento,Golpe Lateral - direccion contraria,Not Reported,No reportado,Sobre calle,Ninguna,Dia total,Despejado,No,NO APLICA,14,48,14,52,1,25/07/2022,6
21,Kentucky,210419,0,0,1,0,233,WEBSTER (233),0,NO APLICA,6,Junio,29,2022,14,25,SR-630,3,Highway estatal,Rural,Colector Menor,State Highway Agency,0,Sin jurisdiccion especial,31,37.48937778,-87.64768611,Arbol,El primer evento no fue una colision con un vehiculo automotor en transporte,Not an Intersection,No fue interseccion,Sobre el lado de la calle,Ninguna,Dia total,Despejado,No,NO APLICA,14,28,14,39,1,29/06/2022,1
21,Kentucky,210420,0,0,3,0,53,CLINTON (53),0,NO APLICA,9,Septiembre,3,2022,19,43,SR-90,3,Highway estatal,Rural,Arteria Menor,State Highway Agency,0,Sin jurisdiccion especial,63,36.75336389,-85.11809722,Vehiculo en movimiento,Angulo,Four-Way Intersection,Interseccion de 4 direcciones,Sobre calle,Ninguna,Oscuro sin iluminacion,Nublado,No,NO APLICA,19,44,19,50,1,03/09/2022,3
21,Kentucky,210421,0,0,1,0,67,FAYETTE (67),1980,LEXINGTON-FAYETTE,9,Septiembre,4,2022,3,0,SR-57 BRYAN STATION RD,3,Highway estatal,Rural,Colector Mayor,State Highway Agency,0,Sin jurisdiccion especial,22,38.07294444,-84.42739444,Acotamiento,El primer evento no fue una colision con un vehiculo automotor en transporte,Not an Intersection,No fue interseccion,Sobre el lado de la calle,Ninguna,Oscuro sin iluminacion,lluvia,No,NO APLICA,3,8,3,15,1,04/09/2022,4
21,Kentucky,210422,0,0,2,0,53,CLINTON (53),0,NO APLICA,9,Septiembre,4,2022,17,50,US-127,2,US Highway,Rural,Arteria Principal,State Highway Agency,1,Sin jurisdiccion especial,61,36.68917778,-85.15573333,Vehiculo en movimiento,Angulo,Not Reported,No reportado,Sobre calle,Ninguna,Dia total,Nublado,No,NO APLICA,18,0,18,2,1,04/09/2022,2
21,Kentucky,210423,0,0,3,0,85,GRAYSON (85),0,NO APLICA,9,Septiembre,5,2022,12,34,SR-9001,3,Highway estatal,Rural,Arteria Principal,State Highway Agency,1,Sin jurisdiccion especial,951,37.41151667,-86.48663889,Vehiculo en movimiento,Frente a Detrás,Not an Intersection,No fue interseccion,Sobre calle,Ninguna,Dia total,Despejado,No,NO APLICA,12,12,12,24,1,05/09/2022,3
21,Kentucky,210424,0,0,1,0,103,HENRY (103),0,NO APLICA,9,Septiembre,6,2022,6,15,SR-193 PORT ROYAL RD,3,Highway estatal,Rural,Colector Menor,State Highway Agency,0,Sin jurisdiccion especial,47,38.52706111,-85.12952778,Barda,El primer evento no fue una colision con un vehiculo automotor en transporte,Not an Intersection,No fue interseccion,Sobre el lado de la calle,Ninguna,Oscuro sin iluminacion,Neblina o Humo,No,NO APLICA,6,15,6,30,1,06/09/2022,1
21,Kentucky,210426,0,0,2,0,3,ALLEN (3),2910,SCOTTSVILLE,9,Septiembre,1,2022,8,15,US-31 NEW GALLATIN RD,2,US Highway,Rural,Arteria Principal,State Highway Agency,1,Sin jurisdiccion especial,74,36.73994167,-86.21877222,Vehiculo en movimiento,Angulo,Four-Way Intersection,Interseccion de 4 direcciones,Sobre calle,Ninguna,Dia total,Despejado,No,NO APLICA,8,17,8,19,1,01/09/2022,3
21,Kentucky,210427,0,0,1,0,141,LOGAN (141),0,NO APLICA,9,Septiembre,8,2022,2,16,US-79 CLARKSVILLE RD,2,US Highway,Rural,Arteria Principal,State Highway Agency,1,Sin jurisdiccion especial,88,36.81594167,-86.93183611,Volcadura,El primer evento no fue una colision con un vehiculo automotor en transporte,Not an Intersection,No fue interseccion,Sobre el lado de la calle,Ninguna,Oscuro sin iluminacion,Despejado,No,NO APLICA,2,16,2,21,1,08/09/2022,1
21,Kentucky,210428,0,0,2,0,9,BARREN (9),0,NO APLICA,9,Septiembre,8,2022,12,50,SR-90 HAPPY VALLEY RD,3,Highway estatal,Rural,Arteria Menor,State Highway Agency,0,Sin jurisdiccion especial,15,37.11758333,-85.96282222,Vehiculo en movimiento,Frente a frente,Not an Intersection,No fue interseccion,Sobre calle,Ninguna,Dia total,Despejado,No,NO APLICA,12,30,12,41,1,08/09/2022,2
21,Kentucky,210429,0,0,2,0,209,SCOTT (209),1280,GEORGETOWN,9,Septiembre,9,2022,16,22,US-25 LEXINGTON RD,2,US Highway,Urbano,Arteria Principal,State Highway Agency,1,Sin jurisdiccion especial,20,38.18329722,-84.56112222,Vehiculo en movimiento,Angulo,Not Reported,No reportado,Sobre calle,Ninguna,Dia total,Despejado,No,NO APLICA,4,24,4,27,1,09/09/2022,2
21,Kentucky,210430,0,0,1,0,83,GRAVES (83),0,NO APLICA,9,Septiembre,10,2022,1,50,US-45,2,US Highway,Rural,Colector Mayor,State Highway Agency,0,Sin jurisdiccion especial,123,36.70028056,-88.70132778,Volcadura,El primer evento no fue una colision con un vehiculo automotor en transporte,Not an Intersection,No fue interseccion,Sobre el lado de la calle,Ninguna,Oscuro sin iluminacion,Despejado,No,NO APLICA,2,4,2,10,1,10/09/2022,1
21,Kentucky,210431,0,0,1,0,111,JEFFERSON (111),2090,LOUISVILLE,9,Septiembre,10,2022,2,22,ALGONQUIN PKWY,5,Calle Local - Pueblo,Urbano,Local,Town or Township Highway Agency,0,Sin jurisdiccion especial,2,38.226275,-85.82600278,Arbol,El primer evento no fue una colision con un vehiculo automotor en transporte,Not an Intersection,No fue interseccion,Sobre el lado de la calle,Ninguna,Oscuro con iluminacion,Despejado,No,NO APLICA,2,22,2,37,1,10/09/2022,4
21,Kentucky,210432,0,0,1,0,111,JEFFERSON (111),2090,LOUISVILLE,9,Septiembre,7,2022,12,16,I-265,1,Interestatal,Urbano,Interestatal,State Highway Agency,1,Sin jurisdiccion especial,143,38.12076944,-85.62983889,Objeto fijo desconocido,El primer evento no fue una colision con un vehiculo automotor en transporte,Not an Intersection,No fue interseccion,Sobre el lado de la calle,Ninguna,Dia total,Nublado,No,NO APLICA,12,17,12,22,1,07/09/2022,1
21,Kentucky,210433,0,0,2,0,71,FLOYD (71),0,NO APLICA,9,Septiembre,12,2022,6,10,SR-80,3,Highway estatal,Rural,Arteria Principal,State Highway Agency,1,Sin jurisdiccion especial,63,37.53516111,-82.78316667,Vehiculo en movimiento,Angulo,T-Intersection,Interseccion de T,Sobre calle,Ninguna,Amanecer,Despejado,No,NO APLICA,0,0,0,0,1,12/09/2022,2
21,Kentucky,210434,1,1,1,0,49,CLARK (49),0,NO APLICA,9,Septiembre,6,2022,10,40,SR-9000,3,Highway estatal,Rural,Arteria Principal,State Highway Agency,1,Sin jurisdiccion especial,41,37.98524722,-84.09405833,Peaton,El primer evento no fue una colision con un vehiculo automotor en transporte,Not an Intersection,No fue interseccion,Sobre calle,Ninguna,Dia total,Despejado,No,NO APLICA,0,0,0,0,1,06/09/2022,1
21,Kentucky,210435,0,0,1,0,201,ROBERTSON (201),0,NO APLICA,9,Septiembre,13,2022,17,55,SR-1029 BLUE LICK RD,3,Highway estatal,Rural,Colector Menor,State Highway Agency,0,Sin jurisdiccion especial,0,38.46076944,-83.99164167,Acotamiento,El primer evento no fue una colision con un vehiculo automotor en transporte,Not an Intersection,No fue interseccion,Sobre el lado de la calle,Ninguna,Dia total,Despejado,No,NO APLICA,18,2,18,16,1,13/09/2022,1
21,Kentucky,210436,1,1,1,0,151,MADISON (151),270,BEREA,9,Septiembre,13,2022,18,7,SR-21 BIG HILL RD,3,Highway estatal,Urbano,Arteria Menor,State Highway Agency,0,Sin jurisdiccion especial,104,37.56525,-84.26935,Peaton,El primer evento no fue una colision con un vehiculo automotor en transporte,Not an Intersection,No fue interseccion,Sobre calle,Ninguna,Dia total,Despejado,No,NO APLICA,18,7,18,14,1,13/09/2022,1
21,Kentucky,210437,0,0,2,0,151,MADISON (151),0,NO APLICA,9,Septiembre,14,2022,16,28,SR-52 LANCASTER RD,3,Highway estatal,Rural,Arteria Menor,State Highway Agency,0,Sin jurisdiccion especial,73,37.69461389,-84.32881667,Vehiculo en movimiento,Frente a frente,Not an Intersection,No fue interseccion,Sobre calle,Ninguna,Dia total,Despejado,No,NO APLICA,15,51,15,56,2,14/09/2022,3
21,Kentucky,210438,0,0,2,0,111,JEFFERSON (111),2090,LOUISVILLE,9,Septiembre,16,2022,20,14,SR-3082 BANK ST,3,Highway estatal,Urbano,Arteria Menor,State Highway Agency,0,Sin jurisdiccion especial,2,38.27236111,-85.804775,Vehiculo en movimiento,Angulo,Four-Way Intersection,Interseccion de 4 direcciones,Sobre calle,Ninguna,Dia total,Despejado,No,NO APLICA,20,15,0,0,1,16/09/2022,2
21,Kentucky,210439,0,0,1,0,111,JEFFERSON (111),2090,LOUISVILLE,9,Septiembre,16,2022,22,10,SR-907 3RD ST RD,3,Highway estatal,Urbano,Arteria Menor,State Highway Agency,0,Sin jurisdiccion especial,51,38.13301111,-85.79045833,Objeto fijo desconocido,El primer evento no fue una colision con un vehiculo automotor en transporte,Not an Intersection,No fue interseccion,Sobre el lado de la calle,Ninguna,Oscuro sin iluminacion,Despejado,No,NO APLICA,22,11,22,12,1,16/09/2022,4
21,Kentucky,210440,0,0,3,0,223,TRIMBLE (223),0,NO APLICA,9,Septiembre,17,2022,11,0,US-42,2,US Highway,Rural,Arteria Menor,State Highway Agency,0,Sin jurisdiccion especial,65,38.572075,-85.32349444,Vehiculo en movimiento,Detrás a Lado. ,Not Reported,No reportado,Sobre calle,Ninguna,Dia total,Despejado,No,NO APLICA,11,5,11,11,1,17/09/2022,4
21,Kentucky,210441,0,0,1,0,195,PIKE (195),3199,STOPOVER,9,Septiembre,17,2022,16,52,SR-194,3,Highway estatal,Rural,Arteria Menor,State Highway Agency,0,Sin jurisdiccion especial,701,37.49676944,-82.0567,Fin de valla,El primer evento no fue una colision con un vehiculo automotor en transporte,Not an Intersection,No fue interseccion,Sobre el lado de la calle,Ninguna,Dia total,Despejado,No,NO APLICA,16,56,18,10,1,17/09/2022,1
21,Kentucky,210442,0,0,1,0,141,LOGAN (141),0,NO APLICA,9,Septiembre,17,2022,23,35,US--68 HOPKINSVILLE RD,2,US Highway,Rural,Arteria Principal,State Highway Agency,1,Sin jurisdiccion especial,3,36.80606667,-87.05306389,Volcadura,El primer evento no fue una colision con un vehiculo automotor en transporte,Not an Intersection,No fue interseccion,En el medio,Ninguna,Oscuro sin iluminacion,Despejado,No,NO APLICA,22,52,22,55,1,17/09/2022,1
21,Kentucky,210443,1,1,1,0,81,GRANT (81),820,CRITTENDEN,9,Septiembre,18,2022,1,19,US-25,2,US Highway,Rural,Colector Mayor,State Highway Agency,0,Sin jurisdiccion especial,229,38.78155278,-84.60591111,Peaton,El primer evento no fue una colision con un vehiculo automotor en transporte,Not an Intersection,No fue interseccion,Sobre calle,Ninguna,Oscuro sin iluminacion,Despejado,No,NO APLICA,1,29,1,30,1,18/09/2022,1
21,Kentucky,210444,0,0,1,0,11,BATH (11),0,NO APLICA,9,Septiembre,17,2022,20,59,SR-36,3,Highway estatal,Rural,Colector Mayor,State Highway Agency,0,Sin jurisdiccion especial,223,38.04188056,-83.65170278,Buzon de correo,El primer evento no fue una colision con un vehiculo automotor en transporte,Not an Intersection,No fue interseccion,Sobre el lado de la calle,Ninguna,Oscuro sin iluminacion,Despejado,No,NO APLICA,20,59,21,10,1,17/09/2022,1
21,Kentucky,210445,0,0,2,0,15,BOONE (15),0,NO APLICA,9,Septiembre,19,2022,8,12,SR-237 N BEND RD,3,Highway estatal,Urbano,Arteria Principal,State Highway Agency,1,Sin jurisdiccion especial,82,39.04991944,-84.70465278,Vehiculo en movimiento,Golpe Lateral - misma direccion,Not an Intersection,No fue interseccion,Sobre calle,Ninguna,Dia total,Nublado,No,NO APLICA,8,12,8,14,1,19/09/2022,2
21,Kentucky,210446,0,0,2,0,111,JEFFERSON (111),2090,LOUISVILLE,9,Septiembre,19,2022,22,59,SR-1747 S HURSTBOURNE PKWY,3,Highway estatal,Urbano,Arteria Principal,State Highway Agency,1,Sin jurisdiccion especial,61,38.15900556,-85.62559167,Banqueta,El primer evento no fue una colision con un vehiculo automotor en transporte,Not an Intersection,No fue interseccion,En el medio,Ninguna,Oscuro sin iluminacion,Despejado,No,NO APLICA,23,1,23,6,1,19/09/2022,3
21,Kentucky,210447,0,0,2,0,111,JEFFERSON (111),2090,LOUISVILLE,9,Septiembre,18,2022,3,27,SR-1065 OUTER LOOP,3,Highway estatal,Urbano,Arteria Menor,State Highway Agency,0,Sin jurisdiccion especial,47,38.13693333,-85.70944167,Vehiculo en movimiento,Angulo,Not an Intersection,No fue interseccion,Sobre calle,Ninguna,Oscuro con iluminacion,Despejado,No,NO APLICA,3,27,3,33,1,18/09/2022,2
21,Kentucky,210448,0,0,1,0,151,MADISON (151),0,NO APLICA,9,Septiembre,20,2022,13,36,SR-627 BOONESBOROUGH RD,3,Highway estatal,Rural,Arteria Principal,State Highway Agency,1,Sin jurisdiccion especial,42,37.88502778,-84.28684722,Culvert,El primer evento no fue una colision con un vehiculo automotor en transporte,Not an Intersection,No fue interseccion,Sobre el lado de la calle,Ninguna,Dia total,Despejado,No,NO APLICA,13,38,13,43,1,20/09/2022,1
21,Kentucky,210449,0,0,2,0,9,BARREN (9),0,NO APLICA,9,Septiembre,20,2022,20,2,SR-90 HAPPY VALLEY RD,3,Highway estatal,Rural,Arteria Menor,State Highway Agency,0,Sin jurisdiccion especial,27,37.10324722,-85.97233611,Vehiculo en movimiento,Frente a frente,Not an Intersection,No fue interseccion,Sobre calle,Ninguna,Oscuro sin iluminacion,Despejado,No,NO APLICA,20,2,20,5,3,20/09/2022,6
21,Kentucky,210450,0,0,1,0,99,HART (99),0,NO APLICA,9,Septiembre,21,2022,13,53,US-31 DIXIE HWY,2,US Highway,Rural,Arteria Menor,State Highway Agency,0,Sin jurisdiccion especial,150,37.33295278,-85.90866667,Arbol,El primer evento no fue una colision con un vehiculo automotor en transporte,Not an Intersection,No fue interseccion,Sobre el lado de la calle,Ninguna,Dia total,Despejado,No,NO APLICA,13,54,14,1,1,21/09/2022,1
21,Kentucky,210451,0,0,2,0,177,MUHLENBERG (177),1360,GREENVILLE,9,Septiembre,2,2022,0,20,US-62 HOPKINSVILLE ST,2,US Highway,Urbano,Arteria Menor,State Highway Agency,0,Sin jurisdiccion especial,96,37.19683611,-87.19021389,Vehiculo en movimiento,Angulo,Not an Intersection,No fue interseccion,Sobre calle,Ninguna,Oscuro con iluminacion,Despejado,No,NO APLICA,0,21,0,33,1,02/09/2022,2
21,Kentucky,210452,0,0,1,0,105,HICKMAN (105),0,NO APLICA,9,Septiembre,7,2022,20,50,SR-123,3,Highway estatal,Rural,Colector Menor,State Highway Agency,0,Sin jurisdiccion especial,31,36.68518611,-88.92373611,Zanja,El primer evento no fue una colision con un vehiculo automotor en transporte,Not an Intersection,No fue interseccion,Sobre el lado de la calle,Ninguna,Oscuro sin iluminacion,Despejado,No,NO APLICA,20,51,21,5,1,07/09/2022,2
21,Kentucky,210453,0,0,1,0,107,HOPKINS (107),0,NO APLICA,9,Septiembre,12,2022,10,44,SR-70 BEULAH RD,3,Highway estatal,Rural,Colector Menor,State Highway Agency,0,Sin jurisdiccion especial,5,37.27588333,-87.79048889,Objeto fijo desconocido,El primer evento no fue una colision con un vehiculo automotor en transporte,Not an Intersection,No fue interseccion,Sobre el lado de la calle,Ninguna,Dia total,Despejado,No,NO APLICA,10,48,11,12,1,12/09/2022,1
21,Kentucky,210454,0,0,1,0,31,BUTLER (31),0,NO APLICA,9,Septiembre,13,2022,14,11,US-231 BEAVER DAM RD,2,US Highway,Rural,Interestatal,State Highway Agency,1,Sin jurisdiccion especial,0,37.29867778,-86.73740833,Barda,El primer evento no fue una colision con un vehiculo automotor en transporte,T-Intersection,Interseccion de T,Gore?,Ninguna,Dia total,Despejado,No,NO APLICA,14,11,14,18,1,13/09/2022,1
21,Kentucky,210455,0,0,1,0,103,HENRY (103),0,NO APLICA,9,Septiembre,14,2022,17,59,SR-202 DRENNON RD,3,Highway estatal,Rural,Colector Menor,State Highway Agency,0,Sin jurisdiccion especial,96,38.51263056,-85.03727778,Objeto fijo desconocido,El primer evento no fue una colision con un vehiculo automotor en transporte,Not an Intersection,No fue interseccion,Sobre el lado de la calle,Ninguna,Dia total,Despejado,No,NO APLICA,18,1,18,17,1,14/09/2022,1
21,Kentucky,210456,0,0,1,0,225,UNION (225),3310,UNIONTOWN,9,Septiembre,16,2022,13,20,SR-130 MILL ST,3,Highway estatal,Rural,Colector Mayor,State Highway Agency,0,Sin jurisdiccion especial,157,37.77119722,-87.93856944,Otro objeto (fijo),El primer evento no fue una colision con un vehiculo automotor en transporte,Not an Intersection,No fue interseccion,Sobre el lado de la calle,Ninguna,Dia total,Despejado,No,NO APLICA,13,22,13,31,1,16/09/2022,1
21,Kentucky,210457,0,0,3,0,101,HENDERSON (101),0,NO APLICA,9,Septiembre,22,2022,11,31,US-41,2,US Highway,Urbano,Arteria Principal,State Highway Agency,1,Sin jurisdiccion especial,209,37.92044722,-87.54918889,Valla Ferrocarril,El primer evento no fue una colision con un vehiculo automotor en transporte,Not an Intersection,No fue interseccion,Sobre el lado de la calle,Ninguna,Dia total,Despejado,No,NO APLICA,11,32,11,32,1,22/09/2022,3
21,Kentucky,210458,0,0,2,0,217,TAYLOR (217),0,NO APLICA,9,Septiembre,23,2022,7,18,SR-323 BENGAL RD,3,Highway estatal,Rural,Colector Menor,State Highway Agency,0,Sin jurisdiccion especial,50,37.35153333,-85.40048056,Vehiculo en movimiento,Frente a Detrás,Not an Intersection,No fue interseccion,Sobre calle,Ninguna,Dia total,Despejado,No,NO APLICA,7,53,8,2,1,23/09/2022,2
21,Kentucky,210459,0,0,1,0,173,MONTGOMERY (173),1741,JEFFERSONVILLE,9,Septiembre,24,2022,17,1,US-460 MAIN ST,2,US Highway,Rural,Arteria Menor,State Highway Agency,0,Sin jurisdiccion especial,203,37.96310833,-83.80077778,Acotamiento,El primer evento no fue una colision con un vehiculo automotor en transporte,Not an Intersection,No fue interseccion,Sobre el lado de la calle,Ninguna,Dia total,Despejado,No,NO APLICA,17,2,17,16,1,24/09/2022,1
21,Kentucky,210460,0,0,2,0,111,JEFFERSON (111),2090,LOUISVILLE,9,Septiembre,25,2022,19,50,SR-1865 NEW CUT RD,3,Highway estatal,Urbano,Arteria Principal,State Highway Agency,1,Sin jurisdiccion especial,22,38.13923333,-85.77388056,Vehiculo en movimiento,Angulo,Not an Intersection,No fue interseccion,Sobre calle,Ninguna,Oscuro con iluminacion,Despejado,No,NO APLICA,19,51,19,57,1,25/09/2022,2
21,Kentucky,210461,0,0,2,0,195,PIKE (195),1010,ELKHORN CITY,9,Septiembre,26,2022,7,59,SR-197 W RUSSEL ST,3,Highway estatal,Rural,Colector Mayor,State Highway Agency,0,Sin jurisdiccion especial,162,37.29914444,-82.35489722,Vehiculo en movimiento,Golpe Lateral - direccion contraria,Not an Intersection,No fue interseccion,Sobre calle,Ninguna,Dia total,Despejado,Yes,NO APLICA,8,30,8,56,1,26/09/2022,3
21,Kentucky,210462,0,0,2,0,71,FLOYD (71),2670,PRESTONSBURG,9,Septiembre,26,2022,10,24,US-23,2,US Highway,Rural,Arteria Principal,State Highway Agency,1,Sin jurisdiccion especial,178,37.68663611,-82.78983333,Vehiculo en movimiento,Angulo,T-Intersection,Interseccion de T,Sobre calle,Ninguna,Dia total,Despejado,No,NO APLICA,10,32,10,36,1,26/09/2022,2
21,Kentucky,210463,0,0,2,0,207,RUSSELL (207),0,NO APLICA,9,Septiembre,26,2022,17,18,SR-80,3,Highway estatal,Rural,Colector Mayor,State Highway Agency,0,Sin jurisdiccion especial,50,37.07179444,-85.05384722,Vehiculo en movimiento,Angulo,T-Intersection,Interseccion de T,Sobre calle,Ninguna,Dia total,Despejado,No,NO APLICA,17,12,17,20,1,26/09/2022,4
21,Kentucky,210465,1,1,1,0,111,JEFFERSON (111),2090,LOUISVILLE,9,Septiembre,24,2022,7,7,SR-1747 HURTBOURNE PKWY,3,Highway estatal,Urbano,Arteria Principal,State Highway Agency,1,Sin jurisdiccion especial,73,38.166425,-85.60682222,Peaton,El primer evento no fue una colision con un vehiculo automotor en transporte,Not an Intersection,No fue interseccion,Sobre calle,Ninguna,Amanecer,Despejado,No,NO APLICA,7,11,7,15,1,24/09/2022,1
21,Kentucky,210466,0,0,3,0,81,GRANT (81),0,NO APLICA,9,Septiembre,27,2022,16,34,SR-330 CORNITH RD,3,Highway estatal,Rural,Colector Menor,State Highway Agency,0,Sin jurisdiccion especial,40,38.50237778,-84.55218889,Vehiculo en movimiento,Golpe Lateral - direccion contraria,Not an Intersection,No fue interseccion,Sobre calle,Ninguna,Dia total,Despejado,No,NO APLICA,16,38,16,48,1,27/09/2022,3