Estado,Nombre de Estado,Numero de Caso,Peatones,Personas _no_vehiculos,Vehiculos automotores,Vehiculos estacionados,Condado,Nombre Condado,Ciudad,Nombre Ciudad,Mes,Nombre Mes,Dia,Año,Hora,Minuto,Calle,Ruta,Nombre Ruta,Rural o Urbanoo,Sistema Funcional,Dueño Calle,Sistema Nacional Carreteras,Jurisdiccion Especial,Milla,Latitud,Longitud,Causa del Accidente,Tipo de Accidente,Tipo Interseccion,Columna1,Lugar en la calle,Zona de Trabajo,Luz,Clima,Autobus Escolar,Cruce de Trenes,Hora Notificacion,Minuto Notificacion,Hora Llegada,Minuto Llegada,Decesos,Fecha,PersonaVehiculo
21,Kentucky,210468,0,0,1,0,59,DAVIESS (59),0,NO APLICA,9,Septiembre,17,2022,19,20,SR-657,3,Highway estatal,Rural,Colector Menor,State Highway Agency,0,Sin jurisdiccion especial,6,37.82980833,-86.90040556,Objeto fijo desconocido,El primer evento no fue una colision con un vehiculo automotor en transporte,Not an Intersection,No fue interseccion,Sobre el lado de la calle,Ninguna,Oscuro sin iluminacion,Despejado,No,NO APLICA,19,20,19,36,1,17/09/2022,1
21,Kentucky,210469,0,0,3,0,111,JEFFERSON (111),2090,LOUISVILLE,9,Septiembre,23,2022,7,2,I-65,1,Interestatal,Urbano,Interestatal,State Highway Agency,1,Sin jurisdiccion especial,1253,38.11704722,-85.70182222,Vehiculo en movimiento,Detrás a Lado. ,Not an Intersection,No fue interseccion,Sobre calle,Ninguna,Amanecer,Nublado,No,NO APLICA,7,12,7,24,1,23/09/2022,4
21,Kentucky,210470,1,1,1,0,135,LEWIS (135),3279,TOLLESBORO,9,Septiembre,29,2022,8,48,SR-9,3,Highway estatal,Rural,Arteria Principal,State Highway Agency,1,Sin jurisdiccion especial,281,38.55275833,-83.58066667,Peaton,El primer evento no fue una colision con un vehiculo automotor en transporte,Not an Intersection,No fue interseccion,Sobre Acotamiento,Construccion,Dia total,Nublado,No,NO APLICA,8,42,8,55,1,29/09/2022,1
21,Kentucky,210471,0,0,3,0,159,MARTIN (159),1680,INEZ,9,Septiembre,25,2022,10,20,SR-40 BLACKLOG RD,3,Highway estatal,Rural,Arteria Menor,State Highway Agency,0,Sin jurisdiccion especial,131,37.84691111,-82.50184167,Vehiculo en movimiento,Frente a frente,Not an Intersection,No fue interseccion,Sobre calle,Ninguna,Dia total,Nublado,No,NO APLICA,0,0,0,0,1,25/09/2022,4
21,Kentucky,210472,0,0,2,0,37,CAMPBELL (37),3560,WILDER,9,Septiembre,27,2022,12,53,SR-9 LICKING PIKE,3,Highway estatal,Urbano,Arteria Menor,State Highway Agency,0,Sin jurisdiccion especial,211,39.06867778,-84.48873611,Vehiculo en movimiento,Angulo,Not an Intersection,No fue interseccion,Sobre calle,Ninguna,Dia total,Despejado,No,NO APLICA,12,53,12,59,1,27/09/2022,3
21,Kentucky,210473,0,0,1,0,223,TRIMBLE (223),0,NO APLICA,9,Septiembre,30,2022,0,33,SR-36,3,Highway estatal,Rural,Colector Mayor,State Highway Agency,0,Sin jurisdiccion especial,10,38.72508333,-85.35211944,Acotamiento,El primer evento no fue una colision con un vehiculo automotor en transporte,Not an Intersection,No fue interseccion,Sobre el lado de la calle,Ninguna,Oscuro sin iluminacion,Despejado,No,NO APLICA,0,36,0,50,1,30/09/2022,2
21,Kentucky,210474,0,0,1,0,67,FAYETTE (67),1980,LEXINGTON-FAYETTE,9,Septiembre,30,2022,17,5,SR-1876 GREENWICH PIKE,3,Highway estatal,Rural,Colector Menor,State Highway Agency,0,Sin jurisdiccion especial,10,38.15768056,-84.39728333,Arbol,El primer evento no fue una colision con un vehiculo automotor en transporte,Not an Intersection,No fue interseccion,Sobre el lado de la calle,Ninguna,Dia total,Despejado,No,NO APLICA,17,7,17,27,1,30/09/2022,1
21,Kentucky,210475,1,1,1,0,193,PERRY (193),0,NO APLICA,9,Septiembre,24,2022,23,0,SR-9006,3,Highway estatal,Rural,Arteria Principal,State Highway Agency,1,Sin jurisdiccion especial,575,37.27184167,-83.23820833,Peaton,El primer evento no fue una colision con un vehiculo automotor en transporte,Not an Intersection,No fue interseccion,Sobre calle,Ninguna,Oscuro sin iluminacion,Despejado,No,NO APLICA,22,50,22,55,1,24/09/2022,2
21,Kentucky,210476,2,2,1,0,145,MCCRACKEN (145),0,NO APLICA,9,Septiembre,28,2022,19,16,SR-994 OLD MAYFIELD RD,3,Highway estatal,Rural,Colector Mayor,State Highway Agency,0,Sin jurisdiccion especial,62,37.02515833,-88.62988056,Peaton,El primer evento no fue una colision con un vehiculo automotor en transporte,Not an Intersection,No fue interseccion,Sobre calle,Ninguna,Oscuro sin iluminacion,Despejado,No,NO APLICA,19,17,19,23,2,28/09/2022,4
21,Kentucky,210477,0,0,1,0,47,CHRISTIAN (47),0,NO APLICA,9,Septiembre,29,2022,8,0,SR-9004,3,Highway estatal,Rural,Arteria Principal,State Highway Agency,1,Sin jurisdiccion especial,233,37.05991944,-87.46599444,Acotamiento,El primer evento no fue una colision con un vehiculo automotor en transporte,Not an Intersection,No fue interseccion,Sobre el lado de la calle,Ninguna,Dia total,Despejado,No,NO APLICA,8,1,8,19,1,29/09/2022,1
21,Kentucky,210478,0,0,1,0,47,CHRISTIAN (47),0,NO APLICA,9,Septiembre,30,2022,13,56,CR-CARTER RD,4,Calle del Condado,Rural,Local,County Highway Agency,0,Sin jurisdiccion especial,21,36.65163611,-87.37775833,Valla Ferrocarril,El primer evento no fue una colision con un vehiculo automotor en transporte,Not an Intersection,No fue interseccion,Sobre el lado de la calle,Ninguna,Dia total,Despejado,No,NO APLICA,14,0,14,6,1,30/09/2022,1
21,Kentucky,210479,0,0,1,0,51,CLAY (51),0,NO APLICA,9,Septiembre,9,2022,7,7,US-421,2,US Highway,Rural,Colector Mayor,State Highway Agency,0,Sin jurisdiccion especial,107,37.08892778,-83.69105833,Culvert,El primer evento no fue una colision con un vehiculo automotor en transporte,Not an Intersection,No fue interseccion,Sobre el lado de la calle,Ninguna,Dia total,Despejado,No,NO APLICA,7,16,7,46,1,09/09/2022,1
21,Kentucky,210480,0,0,2,0,67,FAYETTE (67),1980,LEXINGTON-FAYETTE,9,Septiembre,29,2022,13,50,US-68 HARRODSBURG RD,2,US Highway,Urbano,Arteria Principal,State Highway Agency,1,Sin jurisdiccion especial,35,38.019475,-84.54574167,Vehiculo en movimiento,Angulo,Four-Way Intersection,Interseccion de 4 direcciones,Sobre calle,Ninguna,Dia total,Nublado,No,NO APLICA,13,51,14,1,1,29/09/2022,4
21,Kentucky,210481,1,1,1,0,199,PULASKI (199),2900,SCIENCE HILL,9,Septiembre,27,2022,20,17,US-27,2,US Highway,Urbano,Arteria Principal,State Highway Agency,1,Sin jurisdiccion especial,214,37.15661667,-84.62935278,Peaton,El primer evento no fue una colision con un vehiculo automotor en transporte,Four-Way Intersection,Interseccion de 4 direcciones,Sobre calle,Ninguna,Oscuro sin iluminacion,Despejado,No,NO APLICA,20,18,20,25,1,27/09/2022,1
21,Kentucky,210482,0,0,2,0,145,MCCRACKEN (145),2520,PADUCAH,9,Septiembre,8,2022,15,40,US-45,2,US Highway,Urbano,Arteria Principal,State Highway Agency,1,Sin jurisdiccion especial,43,37.09828056,-88.63036111,Vehiculo en movimiento,Angulo,Not an Intersection,No fue interseccion,Sobre calle,Ninguna,Dia total,Despejado,No,NO APLICA,15,41,15,57,1,08/09/2022,2
21,Kentucky,210483,0,0,1,0,95,HARLAN (95),397,BROOKSIDE,8,Agosto,9,2022,15,54,SR-38,3,Highway estatal,Urbano,Colector Menor,State Highway Agency,0,Sin jurisdiccion especial,44,36.85815556,-83.25677222,Zanja,El primer evento no fue una colision con un vehiculo automotor en transporte,Not an Intersection,No fue interseccion,Sobre el lado de la calle,Ninguna,Dia total,lluvia,No,NO APLICA,15,54,16,1,1,09/08/2022,1
21,Kentucky,210484,1,1,1,0,227,WARREN (227),350,BOWLING GREEN,8,Agosto,11,2022,13,14,OLD MORGANTOWN RD,6,Calle Local Municipalidad,Urbano,Local,City or Municipal Highway Agency,0,Sin jurisdiccion especial,2,36.98954722,-86.47047222,Ciclista,El primer evento no fue una colision con un vehiculo automotor en transporte,T-Intersection,Interseccion de T,Sobre calle,Ninguna,Dia total,Nublado,No,NO APLICA,13,14,13,18,1,11/08/2022,2
21,Kentucky,210485,0,0,1,0,85,GRAYSON (85),0,NO APLICA,8,Agosto,31,2022,17,7,SR-2766 CANEY CREEK RD,3,Highway estatal,Rural,Colector Menor,State Highway Agency,0,Sin jurisdiccion especial,44,37.40427222,-86.39954722,Jackknife (harmful to this vehicle),El primer evento no fue una colision con un vehiculo automotor en transporte,Not an Intersection,No fue interseccion,Sobre calle,Ninguna,Dia total,Despejado,No,NO APLICA,17,9,17,37,1,31/08/2022,3
21,Kentucky,210486,0,0,2,0,111,JEFFERSON (111),2090,LOUISVILLE,8,Agosto,26,2022,9,31,US-60A TAYLOR BLVD,2,US Highway,Urbano,Arteria Menor,State Highway Agency,0,Sin jurisdiccion especial,14,38.19629722,-85.78294444,Vehiculo en movimiento,Angulo,Four-Way Intersection,Interseccion de 4 direcciones,Sobre calle,Ninguna,Dia total,Despejado,No,NO APLICA,9,16,9,26,1,26/08/2022,3
21,Kentucky,210487,0,0,1,0,71,FLOYD (71),3460,WEEKSBURY,9,Septiembre,7,2022,22,20,SR-466,3,Highway estatal,Rural,Local,State Highway Agency,0,Sin jurisdiccion especial,18,37.32402222,-82.69565278,Poste,El primer evento no fue una colision con un vehiculo automotor en transporte,Not an Intersection,No fue interseccion,Sobre el lado de la calle,Ninguna,Oscuro sin iluminacion,Despejado,No,NO APLICA,22,23,99,99,1,07/09/2022,1
21,Kentucky,210488,2,2,2,1,25,BREATHITT (25),2057,LOST CREEK,9,Septiembre,12,2022,18,34,CR-UPPER RIVER CANEY RD,4,Calle del Condado,Rural,Local,County Highway Agency,0,Sin jurisdiccion especial,5,37.3898,-83.33760278,Peaton,El primer evento no fue una colision con un vehiculo automotor en transporte,Not an Intersection,No fue interseccion,Sobre calle,Ninguna,Dia total,Despejado,No,NO APLICA,18,35,18,50,1,12/09/2022,1
21,Kentucky,210489,0,0,2,0,93,HARDIN (93),1000,ELIZABETHTOWN,9,Septiembre,15,2022,6,45,SR-3005 RING RD,3,Highway estatal,Urbano,Arteria Menor,State Highway Agency,0,Sin jurisdiccion especial,37,37.69662778,-85.91004444,Volcadura,El primer evento no fue una colision con un vehiculo automotor en transporte,Not an Intersection,No fue interseccion,Sobre calle,Ninguna,Oscuro con iluminacion,Despejado,No,NO APLICA,6,45,6,52,1,15/09/2022,2
21,Kentucky,210490,0,0,3,0,157,MARSHALL (157),260,BENTON,9,Septiembre,26,2022,7,30,US-641,2,US Highway,Rural,Arteria Principal,State Highway Agency,1,Sin jurisdiccion especial,27,36.84145,-88.37656667,Vehiculo en movimiento,Frente a Detrás,Not an Intersection,No fue interseccion,Sobre calle,Ninguna,Dia total,Despejado,No,NO APLICA,7,33,7,41,1,26/09/2022,3
21,Kentucky,210491,0,0,2,0,59,DAVIESS (59),2621,PHILPOT,3,Marzo,13,2022,14,10,SR-54,3,Highway estatal,Rural,Colector Mayor,State Highway Agency,0,Sin jurisdiccion especial,80,37.73220556,-86.97965833,Vehiculo en movimiento,Angulo,Four-Way Intersection,Interseccion de 4 direcciones,Sobre calle,Ninguna,Dia total,Despejado,No,NO APLICA,14,18,14,26,1,13/03/2022,3
21,Kentucky,210492,0,0,1,0,165,MENIFEE (165),0,NO APLICA,6,Junio,2,2022,6,0,CR-BIG SALT LICK RD,4,Calle del Condado,Rural,Local,County Highway Agency,0,Sin jurisdiccion especial,5,38.01491111,-83.64039167,Zanja,El primer evento no fue una colision con un vehiculo automotor en transporte,Not an Intersection,No fue interseccion,Sobre el lado de la calle,Ninguna,Amanecer,Nublado,No,NO APLICA,6,6,6,17,1,02/06/2022,1
21,Kentucky,210493,0,0,1,0,197,POWELL (197),0,NO APLICA,8,Agosto,20,2022,10,42,SR-9000,3,Highway estatal,Rural,Arteria Principal,State Highway Agency,1,Sin jurisdiccion especial,326,37.79761667,-83.70665556,Valla Ferrocarril,El primer evento no fue una colision con un vehiculo automotor en transporte,Not an Intersection,No fue interseccion,En el medio,Ninguna,Dia total,Despejado,No,NO APLICA,10,40,10,48,1,20/08/2022,1
21,Kentucky,210494,1,1,1,0,47,CHRISTIAN (47),1620,HOPKINSVILLE,8,Agosto,29,2022,22,33,E 21ST STREET,6,Calle Local Municipalidad,Urbano,Local,City or Municipal Highway Agency,0,Sin jurisdiccion especial,0,36.85529167,-87.49267778,Peaton,El primer evento no fue una colision con un vehiculo automotor en transporte,T-Intersection,Interseccion de T,Sobre calle,Ninguna,Oscuro con iluminacion,Nublado,No,NO APLICA,22,38,22,45,1,29/08/2022,1
21,Kentucky,210495,0,0,1,0,167,MERCER (167),0,NO APLICA,9,Septiembre,4,2022,3,50,SR-152 BURGIN RD,3,Highway estatal,Rural,Colector Mayor,State Highway Agency,0,Sin jurisdiccion especial,119,37.75786111,-84.80578889,Poste,El primer evento no fue una colision con un vehiculo automotor en transporte,Not an Intersection,No fue interseccion,Fuera de la calle,Ninguna,Oscuro sin iluminacion,Nublado,No,NO APLICA,3,58,4,7,1,04/09/2022,1
21,Kentucky,210496,0,0,1,0,27,BRECKINRIDGE (27),0,NO APLICA,9,Septiembre,17,2022,13,26,SR-86 LODIBURG RD,3,Highway estatal,Rural,Colector Menor,State Highway Agency,0,Sin jurisdiccion especial,151,37.79330833,-86.35793056,Volcadura,El primer evento no fue una colision con un vehiculo automotor en transporte,Not an Intersection,No fue interseccion,Sobre el lado de la calle,Ninguna,Dia total,Despejado,No,NO APLICA,13,26,13,32,1,17/09/2022,1
21,Kentucky,210497,0,0,1,0,125,LAUREL (125),0,NO APLICA,9,Septiembre,25,2022,14,0,CR- SLATE LICK CHURCH RD,4,Calle del Condado,Rural,Local,County Highway Agency,0,Sin jurisdiccion especial,5,37.18960556,-84.05625833,Arbol,El primer evento no fue una colision con un vehiculo automotor en transporte,Not an Intersection,No fue interseccion,Sobre el lado de la calle,Ninguna,Dia total,Despejado,No,NO APLICA,14,0,14,24,1,25/09/2022,1
21,Kentucky,210498,0,0,3,2,179,NELSON (179),170,BARDSTOWN,9,Septiembre,27,2022,19,55,ASHBERRY MANOR,6,Calle Local Municipalidad,Urbano,Local,City or Municipal Highway Agency,0,Sin jurisdiccion especial,0,37.82730278,-85.45182778,Vehiculo Aparcado,El primer evento no fue una colision con un vehiculo automotor en transporte,Not an Intersection,No fue interseccion,Fuera de la calle,Ninguna,Oscuro con iluminacion,Despejado,No,NO APLICA,20,0,20,2,1,27/09/2022,1
21,Kentucky,210499,0,0,1,0,185,OLDHAM (185),0,NO APLICA,10,Octubre,2,2022,9,7,US-42,2,US Highway,Rural,Arteria Menor,State Highway Agency,0,Sin jurisdiccion especial,139,38.46133333,-85.40340833,Acotamiento,El primer evento no fue una colision con un vehiculo automotor en transporte,Not an Intersection,No fue interseccion,Sobre el lado de la calle,Ninguna,Dia total,Despejado,No,NO APLICA,9,11,9,29,1,02/10/2022,1
21,Kentucky,210500,0,0,1,0,71,FLOYD (71),2129,MCDOWELL,10,Octubre,2,2022,16,41,SR-680,3,Highway estatal,Rural,Colector Mayor,State Highway Agency,0,Sin jurisdiccion especial,34,37.46985833,-82.77576389,Valla Ferrocarril,El primer evento no fue una colision con un vehiculo automotor en transporte,Not an Intersection,No fue interseccion,Sobre el lado de la calle,Ninguna,Dia total,lluvia,No,NO APLICA,16,47,16,56,1,02/10/2022,1
21,Kentucky,210501,0,0,2,0,163,MEADE (163),2338,MULDRAUGH,10,Octubre,3,2022,16,36,US-31 N DIXIE HWY,2,US Highway,Urbano,Arteria Principal,State Highway Agency,1,Sin jurisdiccion especial,26,37.94705556,-85.997175,Vehiculo en movimiento,Angulo,Not an Intersection,No fue interseccion,Sobre calle,Ninguna,Dia total,Despejado,No,NO APLICA,16,35,16,46,1,03/10/2022,2
21,Kentucky,210502,0,0,2,0,67,FAYETTE (67),1980,LEXINGTON-FAYETTE,10,Octubre,3,2022,19,5,US-60 VERSAILLES RD,2,US Highway,Rural,Arteria Principal,State Highway Agency,1,Sin jurisdiccion especial,67,38.04931389,-84.52823333,Vehiculo en movimiento,Angulo,Four-Way Intersection,Interseccion de 4 direcciones,Sobre calle,Ninguna,Atardecer,Despejado,No,NO APLICA,19,9,19,13,1,03/10/2022,2
21,Kentucky,210503,2,2,1,0,101,HENDERSON (101),0,NO APLICA,10,Octubre,4,2022,11,22,SR-46,3,Highway estatal,Rural,Colector Menor,State Highway Agency,0,Sin jurisdiccion especial,95,37.70996111,-87.49831111,Peaton,El primer evento no fue una colision con un vehiculo automotor en transporte,Not an Intersection,No fue interseccion,Sobre calle,Ninguna,Dia total,Despejado,No,NO APLICA,11,25,11,40,1,04/10/2022,1
21,Kentucky,210504,0,0,1,0,43,CARTER (43),0,NO APLICA,10,Octubre,4,2022,21,52,SR-2,3,Highway estatal,Rural,Local,State Highway Agency,0,Sin jurisdiccion especial,30,38.33329444,-83.20910833,Acotamiento,El primer evento no fue una colision con un vehiculo automotor en transporte,Not an Intersection,No fue interseccion,Sobre el lado de la calle,Ninguna,Oscuro sin iluminacion,Despejado,No,NO APLICA,22,9,22,26,2,04/10/2022,2
21,Kentucky,210505,0,0,1,0,111,JEFFERSON (111),2090,LOUISVILLE,10,Octubre,2,2022,3,45,I-265,1,Interestatal,Urbano,Interestatal,State Highway Agency,1,Sin jurisdiccion especial,144,38.12149722,-85.62664444,Acotamiento,El primer evento no fue una colision con un vehiculo automotor en transporte,Not an Intersection,No fue interseccion,Sobre el lado de la calle,Ninguna,Oscuro con iluminacion,Despejado,No,NO APLICA,0,0,0,0,1,02/10/2022,1
21,Kentucky,210506,0,0,2,0,155,MARION (155),0,NO APLICA,10,Octubre,6,2022,10,56,US-68 CAMPBELLSVILLE RD,2,US Highway,Rural,Arteria Principal,State Highway Agency,1,Sin jurisdiccion especial,48,37.50273056,-85.29242778,Vehiculo en movimiento,Frente a frente,Not an Intersection,No fue interseccion,Sobre calle,Ninguna,Dia total,Despejado,No,NO APLICA,11,11,11,11,3,06/10/2022,4
21,Kentucky,210507,0,0,1,0,67,FAYETTE (67),1980,LEXINGTON-FAYETTE,10,Octubre,6,2022,13,13,CHINOE RD,5,Calle Local - Pueblo,Urbano,Local,State Highway Agency,0,Sin jurisdiccion especial,0,38.02613333,-84.47458056,Arbol,El primer evento no fue una colision con un vehiculo automotor en transporte,Not an Intersection,No fue interseccion,Sobre el lado de la calle,Ninguna,Dia total,Despejado,No,NO APLICA,13,14,13,17,1,06/10/2022,1
21,Kentucky,210508,0,0,2,0,231,WAYNE (231),0,NO APLICA,10,Octubre,6,2022,16,54,SR-1275,3,Highway estatal,Rural,Colector Menor,State Highway Agency,0,Sin jurisdiccion especial,56,36.88035,-84.83691667,Vehiculo en movimiento,Frente a frente,Not an Intersection,No fue interseccion,Sobre calle,Ninguna,Dia total,Despejado,No,NO APLICA,16,18,16,26,1,06/10/2022,2
21,Kentucky,210509,1,1,1,0,111,JEFFERSON (111),2090,LOUISVILLE,10,Octubre,5,2022,19,43,US-60 BERRY BLVD,2,US Highway,Urbano,Local,State Highway Agency,0,Sin jurisdiccion especial,99998,38.19661667,-85.79333056,Peaton,El primer evento no fue una colision con un vehiculo automotor en transporte,Not Reported,No reportado,Sobre calle,Ninguna,Atardecer,Despejado,No,NO APLICA,19,45,19,49,1,05/10/2022,1
21,Kentucky,210510,0,0,2,0,87,GREEN (87),1340,GREENSBURG,10,Octubre,7,2022,13,7,US-68,2,US Highway,Rural,Arteria Menor,State Highway Agency,0,Sin jurisdiccion especial,142,37.27111111,-85.49613056,Vehiculo en movimiento,Angulo,Four-Way Intersection,Interseccion de 4 direcciones,Sobre calle,Ninguna,Dia total,Despejado,No,NO APLICA,12,56,12,56,1,07/10/2022,2
21,Kentucky,210511,0,0,1,0,67,FAYETTE (67),1980,LEXINGTON-FAYETTE,10,Octubre,9,2022,9,37,MONTICELLO BLVD,5,Calle Local - Pueblo,Urbano,Local,Town or Township Highway Agency,0,Sin jurisdiccion especial,2,37.992075,-84.54734167,Buzon de correo,El primer evento no fue una colision con un vehiculo automotor en transporte,T-Intersection,Interseccion de T,Sobre el lado de la calle,Ninguna,Dia total,Despejado,No,NO APLICA,9,39,9,45,1,09/10/2022,1
21,Kentucky,210512,0,0,2,0,15,BOONE (15),0,NO APLICA,10,Octubre,4,2022,0,4,I-75,1,Interestatal,Urbano,Interestatal,State Highway Agency,1,Sin jurisdiccion especial,1749,38.91095278,-84.6282,Vehiculo en movimiento,Frente a Detrás,Not an Intersection,No fue interseccion,Sobre calle,Ninguna,Oscuro con iluminacion,Despejado,No,NO APLICA,0,9,0,15,1,04/10/2022,3
21,Kentucky,210513,1,1,1,0,111,JEFFERSON (111),2090,LOUISVILLE,10,Octubre,6,2022,1,39,W BROADWAY,5,Calle Local - Pueblo,Urbano,Local,Town or Township Highway Agency,0,Sin jurisdiccion especial,11,38.24991667,-85.80897222,Peaton,El primer evento no fue una colision con un vehiculo automotor en transporte,Not an Intersection,No fue interseccion,Sobre calle,Ninguna,Oscuro sin iluminacion,Despejado,No,NO APLICA,1,46,1,47,1,06/10/2022,1
21,Kentucky,210514,1,1,2,0,203,ROCKCASTLE (203),0,NO APLICA,10,Octubre,6,2022,20,6,SR-461 LAKE CUMBERLAND RD,3,Highway estatal,Rural,Arteria Principal,State Highway Agency,1,Sin jurisdiccion especial,91,37.36772778,-84.34109722,Ciclista,El primer evento no fue una colision con un vehiculo automotor en transporte,Not Reported,No reportado,Sobre calle,Ninguna,Oscuro sin iluminacion,Despejado,No,NO APLICA,20,9,20,12,1,06/10/2022,3
21,Kentucky,210515,0,0,2,0,37,CAMPBELL (37),730,COLD SPRING,10,Octubre,2,2022,17,53,US-27 ALEXANDRIA PIKE,2,US Highway,Urbano,Arteria Principal,State Highway Agency,1,Sin jurisdiccion especial,155,39.02319167,-84.44158611,Vehiculo en movimiento,Angulo,Four-Way Intersection,Interseccion de 4 direcciones,Sobre calle,Ninguna,Dia total,Despejado,No,NO APLICA,17,54,17,56,1,02/10/2022,2
21,Kentucky,210516,0,0,2,0,111,JEFFERSON (111),2090,LOUISVILLE,10,Octubre,9,2022,20,5,SR-1934 CANE RUN RD,3,Highway estatal,Urbano,Arteria Menor,State Highway Agency,0,Sin jurisdiccion especial,105,38.21392222,-85.8196,Vehiculo en movimiento,Angulo,Not an Intersection,No fue interseccion,Sobre calle,Ninguna,Oscuro con iluminacion,Despejado,No,NO APLICA,22,9,20,12,1,09/10/2022,4
21,Kentucky,210517,0,0,2,0,9,BARREN (9),0,NO APLICA,10,Octubre,12,2022,6,0,I-65,1,Interestatal,Rural,Interestatal,State Highway Agency,1,Sin jurisdiccion especial,501,37.12004167,-86.01431944,Objeto fijo desconocido,El primer evento no fue una colision con un vehiculo automotor en transporte,Not an Intersection,No fue interseccion,Sobre el lado de la calle,Ninguna,Oscuro sin iluminacion,Despejado,No,NO APLICA,6,0,6,15,1,12/10/2022,4
21,Kentucky,210518,0,0,1,0,213,SIMPSON (213),0,NO APLICA,10,Octubre,12,2022,20,42,I-65,1,Interestatal,Rural,Interestatal,State Highway Agency,1,Sin jurisdiccion especial,118,36.790125,-86.47548889,Arbol,El primer evento no fue una colision con un vehiculo automotor en transporte,Not an Intersection,No fue interseccion,Sobre el lado de la calle,Construccion,Oscuro con iluminacion,Despejado,No,NO APLICA,20,44,21,1,1,12/10/2022,1
21,Kentucky,210519,0,0,1,0,225,UNION (225),0,NO APLICA,10,Octubre,13,2022,15,23,SR-141,3,Highway estatal,Rural,Colector Menor,State Highway Agency,0,Sin jurisdiccion especial,176,37.689825,-87.80003611,Puente de Ferrocarril,El primer evento no fue una colision con un vehiculo automotor en transporte,Not an Intersection,No fue interseccion,Sobre el lado de la calle,Ninguna,Dia total,Despejado,No,NO APLICA,15,27,15,38,1,13/10/2022,2
21,Kentucky,210520,0,0,1,0,103,HENRY (103),0,NO APLICA,10,Octubre,14,2022,12,4,SR-153 LAKE JERICHO RD,3,Highway estatal,Rural,Colector Menor,State Highway Agency,0,Sin jurisdiccion especial,28,38.41636389,-85.28835556,Volcadura,El primer evento no fue una colision con un vehiculo automotor en transporte,Not an Intersection,No fue interseccion,Sobre el lado de la calle,Ninguna,Dia total,Despejado,No,NO APLICA,12,4,12,19,1,14/10/2022,1
21,Kentucky,210521,0,0,1,0,155,MARION (155),2056,LORETTO,10,Octubre,14,2022,16,29,SR-49 N LORETTO RD,3,Highway estatal,Rural,Colector Mayor,State Highway Agency,0,Sin jurisdiccion especial,263,37.62748056,-85.38497222,Volcadura,El primer evento no fue una colision con un vehiculo automotor en transporte,Not an Intersection,No fue interseccion,Sobre el lado de la calle,Ninguna,Dia total,Despejado,No,NO APLICA,16,29,16,40,1,14/10/2022,2
21,Kentucky,210522,0,0,2,0,163,MEADE (163),0,NO APLICA,10,Octubre,15,2022,20,36,US-60 OWENSBORO HWY,2,US Highway,Rural,Arteria Menor,State Highway Agency,0,Sin jurisdiccion especial,60,37.88739722,-86.13316389,Vehiculo en movimiento,Angulo,T-Intersection,Interseccion de T,Sobre calle,Ninguna,Oscuro con iluminacion,Despejado,No,NO APLICA,20,41,20,45,1,15/10/2022,5
21,Kentucky,210523,0,0,2,0,37,CAMPBELL (37),2400,NEWPORT,10,Octubre,17,2022,1,36,I-471,1,Interestatal,Urbano,Interestatal,State Highway Agency,1,Sin jurisdiccion especial,48,39.09990833,-84.49334722,Vehiculo en movimiento,Frente a frente,Not an Intersection,No fue interseccion,Sobre calle,Ninguna,Oscuro con iluminacion,Despejado,No,NO APLICA,1,38,1,44,1,17/10/2022,3
21,Kentucky,210524,0,0,2,0,29,BULLITT (29),0,NO APLICA,10,Octubre,14,2022,20,4,SR-1526 KNOB CREEK RD,3,Highway estatal,Rural,Colector Menor,State Highway Agency,0,Sin jurisdiccion especial,27,38.02821944,-85.82620556,Buzon de correo,El primer evento no fue una colision con un vehiculo automotor en transporte,Not an Intersection,No fue interseccion,Sobre el lado de la calle,Ninguna,Oscuro sin iluminacion,Despejado,No,NO APLICA,20,2,20,13,1,14/10/2022,2
21,Kentucky,210525,1,1,1,0,111,JEFFERSON (111),2090,LOUISVILLE,10,Octubre,15,2022,1,2,SR-61 PRESTON HWY,3,Highway estatal,Urbano,Arteria Menor,State Highway Agency,0,Sin jurisdiccion especial,90,38.200825,-85.73365833,Peaton,El primer evento no fue una colision con un vehiculo automotor en transporte,Not an Intersection,No fue interseccion,Sobre calle,Ninguna,Oscuro con iluminacion,Despejado,No,NO APLICA,1,2,1,5,1,15/10/2022,1
21,Kentucky,210526,4,4,1,0,9,BARREN (9),0,NO APLICA,10,Octubre,17,2022,8,7,SR-1297 OLD BOWLING GREEN RD,3,Highway estatal,Rural,Colector Menor,State Highway Agency,0,Sin jurisdiccion especial,58,36.98466111,-86.04891667,Animal montado o vehiculo de traccion animal,El primer evento no fue una colision con un vehiculo automotor en transporte,Not an Intersection,No fue interseccion,Sobre calle,Ninguna,Dia total,Despejado,No,NO APLICA,8,9,8,29,1,17/10/2022,1
21,Kentucky,210527,0,0,1,0,111,JEFFERSON (111),2090,LOUISVILLE,10,Octubre,21,2022,4,8,I-64,1,Interestatal,Urbano,Interestatal,State Highway Agency,1,Sin jurisdiccion especial,83,38.24470278,-85.69744444,Poste,El primer evento no fue una colision con un vehiculo automotor en transporte,Not an Intersection,No fue interseccion,En el medio,Ninguna,Oscuro sin iluminacion,Nublado,No,NO APLICA,4,9,4,21,1,21/10/2022,1
21,Kentucky,210528,0,0,1,0,177,MUHLENBERG (177),0,NO APLICA,10,Octubre,21,2022,13,52,PM HAUL RD,5,Calle Local - Pueblo,Rural,Local,Town or Township Highway Agency,0,Sin jurisdiccion especial,48,37.24849722,-87.03449722,Acotamiento,El primer evento no fue una colision con un vehiculo automotor en transporte,Not an Intersection,No fue interseccion,Sobre el lado de la calle,Ninguna,Dia total,Despejado,No,NO APLICA,13,55,14,7,1,21/10/2022,2