Estado,Nombre de Estado,Numero de Caso,Peatones,Personas _no_vehiculos,Vehiculos automotores,Vehiculos estacionados,Condado,Nombre Condado,Ciudad,Nombre Ciudad,Mes,Nombre Mes,Dia,Año,Hora,Minuto,Calle,Ruta,Nombre Ruta,Rural o Urbanoo,Sistema Funcional,Dueño Calle,Sistema Nacional Carreteras,Jurisdiccion Especial,Milla,Latitud,Longitud,Causa del Accidente,Tipo de Accidente,Tipo Interseccion,Columna1,Lugar en la calle,Zona de Trabajo,Luz,Clima,Autobus Escolar,Cruce de Trenes,Hora Notificacion,Minuto Notificacion,Hora Llegada,Minuto Llegada,Decesos,Fecha,PersonaVehiculo
21,Kentucky,210529,0,0,1,0,35,CALLOWAY (35),0,NO APLICA,10,Octubre,21,2022,22,23,CR-POPLAR SPRINGS RD,4,Calle del Condado,Rural,Local,County Highway Agency,0,Sin jurisdiccion especial,0,36.61322778,-88.175175,Poste de Señal de trafico,El primer evento no fue una colision con un vehiculo automotor en transporte,Not an Intersection,No fue interseccion,Sobre el lado de la calle,Ninguna,Oscuro sin iluminacion,Despejado,No,NO APLICA,22,25,22,37,1,21/10/2022,1
21,Kentucky,210530,0,0,1,0,71,FLOYD (71),3460,WEEKSBURY,10,Octubre,22,2022,8,23,SR-466,3,Highway estatal,Rural,Local,State Highway Agency,0,Sin jurisdiccion especial,2,37.30448889,-82.70771111,Objeto fijo desconocido,El primer evento no fue una colision con un vehiculo automotor en transporte,Not an Intersection,No fue interseccion,Sobre el lado de la calle,Ninguna,Dia total,Despejado,No,NO APLICA,8,25,9,24,1,22/10/2022,1
21,Kentucky,210531,1,1,1,0,111,JEFFERSON (111),2090,LOUISVILLE,10,Octubre,22,2022,20,39,SR-1931 MANSLICK RD,3,Highway estatal,Urbano,Arteria Menor,State Highway Agency,0,Sin jurisdiccion especial,66,38.171325,-85.79777222,Peaton,El primer evento no fue una colision con un vehiculo automotor en transporte,Not an Intersection,No fue interseccion,Sobre calle,Ninguna,Oscuro sin iluminacion,Despejado,No,NO APLICA,20,40,20,50,1,22/10/2022,1
21,Kentucky,210532,0,0,2,0,117,KENTON (117),800,COVINGTON,10,Octubre,23,2022,7,7,I-75,1,Interestatal,Urbano,Interestatal,State Highway Agency,1,Sin jurisdiccion especial,1897,39.06672778,-84.52063889,Vehiculo en movimiento,Frente a frente,Not an Intersection,No fue interseccion,Sobre calle,Ninguna,Oscuro con iluminacion,Despejado,No,NO APLICA,7,8,7,15,1,23/10/2022,3
21,Kentucky,210533,0,0,1,0,29,BULLITT (29),0,NO APLICA,10,Octubre,21,2022,21,0,SR-1494 BEECH GROVE RD,3,Highway estatal,Rural,Colector Menor,State Highway Agency,0,Sin jurisdiccion especial,52,37.95643611,-85.75145833,Volcadura,El primer evento no fue una colision con un vehiculo automotor en transporte,T-Intersection,Interseccion de T,Sobre calle,Ninguna,Oscuro con iluminacion,Despejado,No,NO APLICA,21,48,21,55,1,21/10/2022,1
21,Kentucky,210534,1,1,1,0,101,HENDERSON (101),1510,HENDERSON,10,Octubre,19,2022,21,18,US-41 GREEN ST,2,US Highway,Urbano,Arteria Principal,State Highway Agency,1,Sin jurisdiccion especial,153,37.83305556,-87.59396667,Peaton,El primer evento no fue una colision con un vehiculo automotor en transporte,Not an Intersection,No fue interseccion,Sobre calle,Ninguna,Oscuro con iluminacion,Despejado,No,NO APLICA,21,19,21,20,1,19/10/2022,1
21,Kentucky,210535,0,0,1,0,117,KENTON (117),3239,TAYLOR MILL,10,Octubre,26,2022,6,0,SR-16 PRIDE PKWY,3,Highway estatal,Urbano,Arteria Menor,State Highway Agency,0,Sin jurisdiccion especial,120,39.01078611,-84.50806667,Banqueta,El primer evento no fue una colision con un vehiculo automotor en transporte,Not an Intersection,No fue interseccion,En el medio,Ninguna,Oscuro sin iluminacion,Despejado,No,NO APLICA,6,1,6,8,1,26/10/2022,1
21,Kentucky,210536,0,0,2,0,163,MEADE (163),0,NO APLICA,10,Octubre,27,2022,15,40,SR-79,3,Highway estatal,Rural,Arteria Menor,State Highway Agency,0,Sin jurisdiccion especial,78,37.98646944,-86.19521111,Vehiculo en movimiento,Angulo,Not an Intersection,No fue interseccion,Sobre calle,Ninguna,Dia total,Despejado,No,NO APLICA,15,21,15,30,2,27/10/2022,3
21,Kentucky,210537,1,1,1,0,111,JEFFERSON (111),2090,LOUISVILLE,10,Octubre,20,2022,22,44,SR-1020 BLK S 3RD ST,3,Highway estatal,Urbano,Arteria Principal,State Highway Agency,1,Sin jurisdiccion especial,125,38.25195278,-85.75566667,Peaton,El primer evento no fue una colision con un vehiculo automotor en transporte,Not an Intersection,No fue interseccion,Sobre calle,Ninguna,Oscuro con iluminacion,Despejado,No,NO APLICA,22,45,22,45,1,20/10/2022,2
21,Kentucky,210538,0,0,3,0,111,JEFFERSON (111),2090,LOUISVILLE,10,Octubre,28,2022,15,6,I-71,1,Interestatal,Urbano,Interestatal,State Highway Agency,1,Sin jurisdiccion especial,100,38.31914444,-85.566275,Vehiculo en movimiento,Frente a Detrás,Not an Intersection,No fue interseccion,Sobre calle,Ninguna,Dia total,Despejado,No,NO APLICA,15,8,15,14,1,28/10/2022,6
21,Kentucky,210539,0,0,2,0,67,FAYETTE (67),1980,LEXINGTON-FAYETTE,10,Octubre,28,2022,15,9,US-60 WINCHESTER RD,2,US Highway,Rural,Arteria Menor,State Highway Agency,0,Sin jurisdiccion especial,156,38.02966944,-84.35634722,Vehiculo en movimiento,Frente a frente,Not Reported,No reportado,Sobre calle,Ninguna,Dia total,Despejado,No,NO APLICA,15,53,15,53,1,28/10/2022,2
21,Kentucky,210540,0,0,2,0,125,LAUREL (125),2040,LONDON,10,Octubre,30,2022,0,49,US-25 S MAIN ST,2,US Highway,Urbano,Colector Menor,State Highway Agency,0,Sin jurisdiccion especial,112,37.11817778,-84.07513056,Vehiculo en movimiento,Angulo,T-Intersection,Interseccion de T,Sobre calle,Ninguna,Oscuro con iluminacion,Nublado,No,NO APLICA,0,49,0,51,1,30/10/2022,2
21,Kentucky,210541,1,1,1,0,111,JEFFERSON (111),2090,LOUISVILLE,10,Octubre,20,2022,20,23,S 26TH ST,5,Calle Local - Pueblo,Urbano,Local,Town or Township Highway Agency,0,Sin jurisdiccion especial,3,38.25603611,-85.79415833,Peaton,El primer evento no fue una colision con un vehiculo automotor en transporte,T-Intersection,Interseccion de T,Sobre calle,Ninguna,Oscuro sin iluminacion,Despejado,No,NO APLICA,20,23,20,26,1,20/10/2022,1
21,Kentucky,210542,0,0,1,0,111,JEFFERSON (111),2090,LOUISVILLE,10,Octubre,23,2022,2,59,E HILL ST,5,Calle Local - Pueblo,Urbano,Local,Town or Township Highway Agency,0,Sin jurisdiccion especial,1,38.22596389,-85.75092222,Valla Ferrocarril,El primer evento no fue una colision con un vehiculo automotor en transporte,T-Intersection,Interseccion de T,Sobre el lado de la calle,Ninguna,Oscuro con iluminacion,Despejado,No,NO APLICA,2,59,3,3,1,23/10/2022,2
21,Kentucky,210543,1,1,1,0,111,JEFFERSON (111),2090,LOUISVILLE,10,Octubre,31,2022,19,53,SR-864 POPLAR LEVEL RD,3,Highway estatal,Urbano,Arteria Menor,State Highway Agency,0,Sin jurisdiccion especial,112,38.19487778,-85.707325,Peaton,El primer evento no fue una colision con un vehiculo automotor en transporte,Not an Intersection,No fue interseccion,Sobre calle,Ninguna,Oscuro con iluminacion,lluvia,No,NO APLICA,19,53,20,0,1,31/10/2022,2
21,Kentucky,210544,0,0,2,0,111,JEFFERSON (111),2090,LOUISVILLE,10,Octubre,9,2022,19,31,SR-1865 NEW CUT RD,3,Highway estatal,Urbano,Arteria Principal,State Highway Agency,0,Sin jurisdiccion especial,12,38.12638611,-85.77611944,Vehiculo en movimiento,Angulo,Four-Way Intersection,Interseccion de 4 direcciones,Sobre calle,Ninguna,Oscuro sin iluminacion,Despejado,No,NO APLICA,19,32,19,39,1,09/10/2022,2
21,Kentucky,210545,0,0,2,0,209,SCOTT (209),1280,GEORGETOWN,10,Octubre,11,2022,17,38,US-25 LEXINGTON RD,2,US Highway,Urbano,Arteria Principal,State Highway Agency,1,Sin jurisdiccion especial,20,38.18306667,-84.56118611,Vehiculo en movimiento,Angulo,Not Reported,No reportado,Sobre calle,Ninguna,Dia total,Despejado,No,NO APLICA,17,38,17,40,1,11/10/2022,6
21,Kentucky,210546,0,0,1,0,111,JEFFERSON (111),2090,LOUISVILLE,10,Octubre,14,2022,2,18,W MARKET ST,5,Calle Local - Pueblo,Urbano,Local,Town or Township Highway Agency,0,Sin jurisdiccion especial,14,38.26148611,-85.812575,Volcadura,El primer evento no fue una colision con un vehiculo automotor en transporte,Not an Intersection,No fue interseccion,Sobre el lado de la calle,Ninguna,Oscuro con iluminacion,Despejado,No,NO APLICA,2,18,2,49,1,14/10/2022,1
21,Kentucky,210547,0,0,1,0,93,HARDIN (93),0,NO APLICA,10,Octubre,18,2022,20,18,SR-9002,3,Highway estatal,Rural,Arteria Principal,State Highway Agency,0,Sin jurisdiccion especial,83,37.74161389,-85.69345833,Objeto fijo desconocido,El primer evento no fue una colision con un vehiculo automotor en transporte,Not an Intersection,No fue interseccion,En el medio,Ninguna,Oscuro sin iluminacion,Nublado,No,NO APLICA,20,19,20,36,1,18/10/2022,2
21,Kentucky,210548,0,0,2,0,73,FRANKLIN (73),1220,FRANKFORT,10,Octubre,20,2022,6,3,US-127 WILKINSON BLVD,2,US Highway,Urbano,Arteria Principal,State Highway Agency,1,Sin jurisdiccion especial,101,38.21536667,-84.86601667,Vehiculo en movimiento,Angulo,Four-Way Intersection,Interseccion de 4 direcciones,Sobre calle,Ninguna,Oscuro sin iluminacion,Despejado,No,NO APLICA,6,3,6,5,1,20/10/2022,2
21,Kentucky,210549,0,0,2,0,223,TRIMBLE (223),0,NO APLICA,10,Octubre,24,2022,5,25,US-42,2,US Highway,Rural,Arteria Menor,State Highway Agency,0,Sin jurisdiccion especial,65,38.57219722,-85.32337778,Vehiculo en movimiento,Frente a frente,Not an Intersection,No fue interseccion,Sobre calle,Ninguna,Oscuro sin iluminacion,Despejado,No,NO APLICA,5,25,5,36,1,24/10/2022,2
21,Kentucky,210550,0,0,2,0,47,CHRISTIAN (47),0,NO APLICA,10,Octubre,26,2022,13,57,SR-117 HERNDON OAK GROVE RD,3,Highway estatal,Rural,Arteria Menor,State Highway Agency,0,Sin jurisdiccion especial,47,36.70818611,-87.53595833,Vehiculo en movimiento,Frente a frente,Not an Intersection,No fue interseccion,Sobre calle,Ninguna,Dia total,Despejado,No,NO APLICA,13,59,14,12,1,26/10/2022,3
21,Kentucky,210551,0,0,1,0,37,CAMPBELL (37),3560,WILDER,10,Octubre,29,2022,2,56,SR-9,3,Highway estatal,Urbano,Arteria Principal,State Highway Agency,1,Sin jurisdiccion especial,175,39.020325,-84.48160556,Valla Ferrocarril,El primer evento no fue una colision con un vehiculo automotor en transporte,Not an Intersection,No fue interseccion,Sobre el lado de la calle,Ninguna,Oscuro con iluminacion,Despejado,No,NO APLICA,2,58,3,0,1,29/10/2022,1
21,Kentucky,210552,0,0,1,0,183,OHIO (183),0,NO APLICA,10,Octubre,31,2022,5,30,SR-505,3,Highway estatal,Rural,Colector Menor,State Highway Agency,0,Sin jurisdiccion especial,23,37.35730833,-86.74584167,Arbol,El primer evento no fue una colision con un vehiculo automotor en transporte,Not an Intersection,No fue interseccion,Sobre el lado de la calle,Ninguna,Oscuro sin iluminacion,Nublado,No,NO APLICA,5,30,5,50,1,31/10/2022,1
21,Kentucky,210553,0,0,2,0,93,HARDIN (93),1000,ELIZABETHTOWN,10,Octubre,31,2022,20,31,US-62 N MULBERRY ST,2,US Highway,Urbano,Arteria Menor,State Highway Agency,0,Sin jurisdiccion especial,192,37.70673611,-85.84267778,Vehiculo en movimiento,Frente a frente,Not an Intersection,No fue interseccion,Sobre calle,Ninguna,Oscuro con iluminacion,lluvia,No,NO APLICA,20,35,20,40,1,31/10/2022,2
21,Kentucky,210554,0,0,1,0,111,JEFFERSON (111),2090,LOUISVILLE,10,Octubre,31,2022,14,42,SR-1932 BRECKENRIDGE LN,3,Highway estatal,Urbano,Arteria Menor,State Highway Agency,0,Sin jurisdiccion especial,34,38.22805833,-85.63629167,Barrera de Trafico de Concreto,El primer evento no fue una colision con un vehiculo automotor en transporte,Not an Intersection,No fue interseccion,Sobre el lado de la calle,Ninguna,Dia total,Nublado,No,NO APLICA,14,43,14,55,1,31/10/2022,1
21,Kentucky,210555,0,0,1,0,163,MEADE (163),193,BATTLETOWN,10,Octubre,30,2022,15,56,SR-1844,3,Highway estatal,Rural,Colector Menor,State Highway Agency,0,Sin jurisdiccion especial,27,38.04673889,-86.30833056,Arbol,El primer evento no fue una colision con un vehiculo automotor en transporte,Not an Intersection,No fue interseccion,Sobre el lado de la calle,Ninguna,Dia total,Nublado,No,NO APLICA,15,56,15,58,1,30/10/2022,1
21,Kentucky,210556,0,0,2,0,221,TRIGG (221),0,NO APLICA,10,Octubre,31,2022,8,50,US-68 CANTON RD,2,US Highway,Rural,Arteria Principal,State Highway Agency,1,Sin jurisdiccion especial,132,36.82650556,-87.87159722,Vehiculo en movimiento,Angulo,T-Intersection,Interseccion de T,Sobre calle,Ninguna,Dia total,Nublado,No,NO APLICA,8,54,9,5,1,31/10/2022,3
21,Kentucky,210557,0,0,2,0,27,BRECKINRIDGE (27),0,NO APLICA,10,Octubre,15,2022,15,17,US-60,2,US Highway,Rural,Arteria Menor,State Highway Agency,0,Sin jurisdiccion especial,225,37.79238056,-86.33519722,Vehiculo en movimiento,Angulo,T-Intersection,Interseccion de T,Sobre calle,Ninguna,Dia total,Despejado,No,NO APLICA,14,10,14,18,1,15/10/2022,2
21,Kentucky,210558,0,0,2,0,227,WARREN (227),350,BOWLING GREEN,10,Octubre,26,2022,16,50,I-165,1,Interestatal,Rural,Interestatal,State Highway Agency,1,Sin jurisdiccion especial,42,36.947425,-86.49181389,Vehiculo en movimiento,Frente a Detrás,Not an Intersection,No fue interseccion,Sobre calle,Ninguna,Dia total,Despejado,No,NO APLICA,16,48,16,58,1,26/10/2022,2
21,Kentucky,210559,0,0,2,0,139,LIVINGSTON (139),0,NO APLICA,10,Octubre,31,2022,19,46,US-60,2,US Highway,Rural,Arteria Menor,State Highway Agency,0,Sin jurisdiccion especial,247,37.26260278,-88.29485556,Vehiculo en movimiento,Golpe Lateral - direccion contraria,Not an Intersection,No fue interseccion,Sobre calle,Ninguna,Oscuro sin iluminacion,Nublado,No,NO APLICA,19,46,19,54,1,31/10/2022,2
21,Kentucky,210560,0,0,1,0,213,SIMPSON (213),0,NO APLICA,10,Octubre,13,2022,17,33,SR-664 SULPHER SPRING CHURCH R,3,Highway estatal,Rural,Colector Menor,State Highway Agency,0,Sin jurisdiccion especial,37,36.71904722,-86.69101667,Volcadura,El primer evento no fue una colision con un vehiculo automotor en transporte,Not an Intersection,No fue interseccion,Sobre el lado de la calle,Ninguna,Dia total,Despejado,No,NO APLICA,17,37,17,49,1,13/10/2022,1
21,Kentucky,210561,0,0,2,0,67,FAYETTE (67),1980,LEXINGTON-FAYETTE,10,Octubre,1,2022,23,23,SR-1974 TATES CREEK RD,3,Highway estatal,Urbano,Arteria Principal,State Highway Agency,1,Sin jurisdiccion especial,95,37.99164444,-84.49494722,Vehiculo en movimiento,Angulo,Four-Way Intersection,Interseccion de 4 direcciones,Sobre calle,Ninguna,Oscuro con iluminacion,Despejado,No,NO APLICA,0,23,23,26,1,01/10/2022,2
21,Kentucky,210562,0,0,1,0,93,HARDIN (93),0,NO APLICA,10,Octubre,4,2022,20,34,CR-MILLER RD,4,Calle del Condado,Rural,Local,County Highway Agency,0,Sin jurisdiccion especial,50,37.69621667,-85.773775,Animal vivo,El primer evento no fue una colision con un vehiculo automotor en transporte,Not an Intersection,No fue interseccion,Sobre calle,Ninguna,Oscuro sin iluminacion,Despejado,No,NO APLICA,20,35,20,48,1,04/10/2022,1
21,Kentucky,210563,0,0,4,0,179,NELSON (179),0,NO APLICA,10,Octubre,5,2022,11,25,SR-245 NEW SHEPHERDSVILLE RD,3,Highway estatal,Rural,Arteria Menor,State Highway Agency,0,Sin jurisdiccion especial,82,37.87089722,-85.53073889,Vehiculo en movimiento,Frente a Detrás,Not an Intersection,No fue interseccion,Sobre calle,Ninguna,Dia total,Despejado,No,NO APLICA,11,25,11,34,1,05/10/2022,6
21,Kentucky,210564,0,0,2,0,113,JESSAMINE (113),2410,NICHOLASVILLE,10,Octubre,15,2022,18,25,BILOXI DR,5,Calle Local - Pueblo,Urbano,Local,Town or Township Highway Agency,0,Sin jurisdiccion especial,4,37.86613611,-84.5892,Vehiculo en movimiento,Golpe Lateral - misma direccion,Not an Intersection,No fue interseccion,Sobre calle,Ninguna,Dia total,Despejado,No,NO APLICA,18,25,18,30,1,15/10/2022,2
21,Kentucky,210565,0,0,1,0,27,BRECKINRIDGE (27),0,NO APLICA,10,Octubre,28,2022,16,9,SR-79,3,Highway estatal,Rural,Arteria Menor,State Highway Agency,0,Sin jurisdiccion especial,73,37.64835278,-86.42592778,Volcadura,El primer evento no fue una colision con un vehiculo automotor en transporte,Not an Intersection,No fue interseccion,Sobre el lado de la calle,Ninguna,Dia total,Despejado,No,NO APLICA,16,8,16,20,1,28/10/2022,1
21,Kentucky,210566,0,0,1,0,167,MERCER (167),0,NO APLICA,1,Enero,9,2022,12,53,SR-342 CURDSVILLE RD,3,Highway estatal,Rural,Local,State Highway Agency,0,Sin jurisdiccion especial,19,37.776325,-84.7328,Barda,El primer evento no fue una colision con un vehiculo automotor en transporte,Not an Intersection,No fue interseccion,Fuera de la calle,Ninguna,Dia total,lluvia,No,NO APLICA,12,55,13,10,1,09/01/2022,1
21,Kentucky,210567,0,0,1,0,7,BALLARD (7),0,NO APLICA,1,Enero,25,2022,16,52,SR-286 WICKLIFFE RD,3,Highway estatal,Rural,Arteria Menor,State Highway Agency,0,Sin jurisdiccion especial,115,36.99386667,-88.88204722,Acotamiento,El primer evento no fue una colision con un vehiculo automotor en transporte,Not an Intersection,No fue interseccion,Sobre el lado de la calle,Ninguna,Dia total,Despejado,No,NO APLICA,16,56,17,10,1,25/01/2022,1
21,Kentucky,210568,0,0,2,0,199,PULASKI (199),0,NO APLICA,11,Noviembre,2,2022,20,24,US-27,2,US Highway,Rural,Arteria Principal,State Highway Agency,1,Sin jurisdiccion especial,298,37.27568611,-84.64381667,Vehiculo en movimiento,Angulo,Not Reported,No reportado,Sobre calle,Ninguna,Oscuro sin iluminacion,Despejado,No,NO APLICA,20,26,20,38,2,02/11/2022,3
21,Kentucky,210569,0,0,2,0,121,KNOX (121),160,BARBOURVILLE,11,Noviembre,1,2022,18,34,US-25,2,US Highway,Urbano,Arteria Principal,State Highway Agency,1,Sin jurisdiccion especial,69,36.87341944,-83.83044444,Vehiculo en movimiento,Angulo,T-Intersection,Interseccion de T,Sobre calle,Ninguna,Dia total,Despejado,No,NO APLICA,18,45,18,50,1,01/11/2022,5
21,Kentucky,210570,1,1,1,0,111,JEFFERSON (111),2090,LOUISVILLE,11,Noviembre,1,2022,20,17,SR-61 PRESTON HWY,3,Highway estatal,Urbano,Arteria Menor,State Highway Agency,0,Sin jurisdiccion especial,37,38.13502222,-85.68490833,Ciclista,El primer evento no fue una colision con un vehiculo automotor en transporte,Not an Intersection,No fue interseccion,Sobre calle,Ninguna,Oscuro sin iluminacion,Despejado,No,NO APLICA,20,17,21,21,1,01/11/2022,1
21,Kentucky,210571,2,2,2,0,51,CLAY (51),2160,MANCHESTER,11,Noviembre,4,2022,20,41,US-421,2,US Highway,Rural,Arteria Menor,State Highway Agency,1,Sin jurisdiccion especial,204,37.18355833,-83.77280833,Ciclista,El primer evento no fue una colision con un vehiculo automotor en transporte,Not an Intersection,No fue interseccion,Sobre calle,Ninguna,Oscuro - iluminacion desconocida,Despejado,No,NO APLICA,20,15,20,18,2,04/11/2022,3
21,Kentucky,210572,0,0,1,0,67,FAYETTE (67),1980,LEXINGTON-FAYETTE,11,Noviembre,5,2022,2,30,GAINESWAY DR,5,Calle Local - Pueblo,Urbano,Local,Town or Township Highway Agency,0,Sin jurisdiccion especial,3,37.99034722,-84.48929167,Volcadura,El primer evento no fue una colision con un vehiculo automotor en transporte,Not Reported,No reportado,Sobre calle,Ninguna,Oscuro con iluminacion,Despejado,No,NO APLICA,2,31,2,39,1,05/11/2022,1
21,Kentucky,210573,0,0,2,0,219,TODD (219),0,NO APLICA,11,Noviembre,7,2022,17,20,SR-181 GUTHRIE,3,Highway estatal,Rural,Arteria Menor,State Highway Agency,0,Sin jurisdiccion especial,80,36.75378611,-87.16898333,Vehiculo en movimiento,Frente a frente,Not an Intersection,No fue interseccion,Sobre calle,Ninguna,Oscuro sin iluminacion,Despejado,No,NO APLICA,17,23,17,26,1,07/11/2022,3
21,Kentucky,210574,0,0,1,0,95,HARLAN (95),2711,PUTNEY,11,Noviembre,8,2022,15,47,SR-522,3,Highway estatal,Urbano,Local,State Highway Agency,0,Sin jurisdiccion especial,41,36.90719444,-83.22835278,Arbol,El primer evento no fue una colision con un vehiculo automotor en transporte,Not an Intersection,No fue interseccion,Sobre el lado de la calle,Ninguna,Dia total,Despejado,No,NO APLICA,15,47,16,2,1,08/11/2022,1
21,Kentucky,210575,0,0,1,0,111,JEFFERSON (111),2570,PARKWAY VILLAGE,11,Noviembre,9,2022,0,8,CLARKS LN,5,Calle Local - Pueblo,Urbano,Local,Town or Township Highway Agency,0,Sin jurisdiccion especial,2,38.21458056,-85.73839722,Poste,El primer evento no fue una colision con un vehiculo automotor en transporte,Not an Intersection,No fue interseccion,Sobre el lado de la calle,Ninguna,Oscuro sin iluminacion,Despejado,No,NO APLICA,0,13,0,31,1,09/11/2022,1
21,Kentucky,210576,0,0,2,0,111,JEFFERSON (111),2090,LOUISVILLE,11,Noviembre,9,2022,18,6,ARNOLDTOWN RD,5,Calle Local - Pueblo,Urbano,Local,Town or Township Highway Agency,0,Sin jurisdiccion especial,8,38.13821389,-85.82040556,Volcadura,El primer evento no fue una colision con un vehiculo automotor en transporte,Not an Intersection,No fue interseccion,Sobre calle,Ninguna,Oscuro sin iluminacion,Despejado,No,NO APLICA,18,7,18,13,1,09/11/2022,2
21,Kentucky,210577,1,1,1,0,83,GRAVES (83),0,NO APLICA,11,Noviembre,10,2022,17,39,SR-131,3,Highway estatal,Rural,Colector Mayor,State Highway Agency,0,Sin jurisdiccion especial,32,36.80605278,-88.59532222,Peaton,El primer evento no fue una colision con un vehiculo automotor en transporte,Not an Intersection,No fue interseccion,Sobre calle,Ninguna,Oscuro sin iluminacion,Despejado,No,NO APLICA,17,40,17,42,1,10/11/2022,1
21,Kentucky,210578,1,1,1,0,147,MCCREARY (147),3545,WHITLEY CITY,11,Noviembre,10,2022,21,31,US-27,2,US Highway,Rural,Arteria Principal,State Highway Agency,1,Sin jurisdiccion especial,101,36.73781389,-84.47159444,Peaton,El primer evento no fue una colision con un vehiculo automotor en transporte,Not an Intersection,No fue interseccion,Sobre calle,Ninguna,Oscuro sin iluminacion,Despejado,No,NO APLICA,21,22,21,23,1,10/11/2022,1
21,Kentucky,210579,0,0,6,2,111,JEFFERSON (111),2090,LOUISVILLE,11,Noviembre,10,2022,22,39,SR-1020 S 2ND ST,3,Highway estatal,Rural,Local,State Highway Agency,0,Sin jurisdiccion especial,0,38.22564444,-85.75859722,Vehiculo en movimiento,Angulo,Four-Way Intersection,Interseccion de 4 direcciones,Sobre calle,Ninguna,Oscuro con iluminacion,Nublado,No,NO APLICA,22,39,22,41,2,10/11/2022,5
21,Kentucky,210580,0,0,1,0,111,JEFFERSON (111),2090,LOUISVILLE,11,Noviembre,10,2022,23,16,N EWING AVE,5,Calle Local - Pueblo,Urbano,Local,Town or Township Highway Agency,0,Sin jurisdiccion especial,3,38.25811389,-85.70189722,Edificio,El primer evento no fue una colision con un vehiculo automotor en transporte,Not an Intersection,No fue interseccion,Fuera de la calle,Ninguna,Oscuro sin iluminacion,Despejado,No,NO APLICA,23,16,23,27,1,10/11/2022,1
21,Kentucky,210581,0,0,2,0,67,FAYETTE (67),1980,LEXINGTON-FAYETTE,11,Noviembre,11,2022,6,42,SR-859 HALEY RD,3,Highway estatal,Rural,Colector Mayor,State Highway Agency,0,Sin jurisdiccion especial,14,38.04572778,-84.32280556,Vehiculo en movimiento,Angulo,Four-Way Intersection,Interseccion de 4 direcciones,Sobre calle,Ninguna,Dia total,lluvia,No,NO APLICA,6,48,7,1,1,11/11/2022,2
21,Kentucky,210582,0,0,2,0,45,CASEY (45),0,NO APLICA,11,Noviembre,11,2022,10,48,US-127,2,US Highway,Rural,Arteria Principal,State Highway Agency,1,Sin jurisdiccion especial,115,37.28943611,-84.95634444,Vehiculo en movimiento,Frente a frente,Not an Intersection,No fue interseccion,Sobre calle,Ninguna,Dia total,lluvia,No,NO APLICA,10,44,10,49,1,11/11/2022,2
21,Kentucky,210583,0,0,2,0,67,FAYETTE (67),1980,LEXINGTON-FAYETTE,11,Noviembre,11,2022,16,25,SR-922 NEWTOWN PIKE,3,Highway estatal,Rural,Colector Mayor,State Highway Agency,0,Sin jurisdiccion especial,89,38.17463889,-84.48815833,Vehiculo en movimiento,Frente a frente,Not an Intersection,No fue interseccion,Sobre calle,Ninguna,Atardecer,Despejado,No,NO APLICA,16,42,16,53,1,11/11/2022,3
21,Kentucky,210584,1,1,1,0,111,JEFFERSON (111),2090,LOUISVILLE,11,Noviembre,10,2022,21,27,US-31 DIXIE HWY,2,US Highway,Urbano,Arteria Principal,State Highway Agency,1,Sin jurisdiccion especial,48,38.05623611,-85.89064167,Peaton,El primer evento no fue una colision con un vehiculo automotor en transporte,T-Intersection,Interseccion de T,Sobre calle,Ninguna,Oscuro sin iluminacion,Despejado,No,NO APLICA,21,27,21,35,1,10/11/2022,1
21,Kentucky,210585,0,0,1,0,151,MADISON (151),0,NO APLICA,11,Noviembre,11,2022,21,58,SR-2328 LEXINGTON RD,3,Highway estatal,Rural,Local,State Highway Agency,0,Sin jurisdiccion especial,15,37.88702222,-84.33764444,Valla Ferrocarril,El primer evento no fue una colision con un vehiculo automotor en transporte,Not an Intersection,No fue interseccion,Sobre el lado de la calle,Ninguna,Oscuro sin iluminacion,Despejado,No,NO APLICA,21,33,21,44,1,11/11/2022,3
21,Kentucky,210586,0,1,2,1,111,JEFFERSON (111),2090,LOUISVILLE,11,Noviembre,6,2022,4,0,I-264,1,Interestatal,Urbano,Interestatal,State Highway Agency,1,Sin jurisdiccion especial,127,38.19108333,-85.71842222,Vehiculo Aparcado,El primer evento no fue una colision con un vehiculo automotor en transporte,Not an Intersection,No fue interseccion,Gore?,Ninguna,Oscuro con iluminacion,Despejado,No,NO APLICA,4,0,4,10,1,06/11/2022,1
21,Kentucky,210587,0,0,2,0,199,PULASKI (199),0,NO APLICA,11,Noviembre,14,2022,9,50,SR-635,3,Highway estatal,Rural,Colector Mayor,State Highway Agency,0,Sin jurisdiccion especial,8,37.22126389,-84.71149722,Vehiculo en movimiento,Golpe Lateral - direccion contraria,Not an Intersection,No fue interseccion,Sobre calle,Ninguna,Dia total,Despejado,No,NO APLICA,9,33,9,48,1,14/11/2022,2
21,Kentucky,210588,0,0,2,0,209,SCOTT (209),1280,GEORGETOWN,11,Noviembre,14,2022,16,12,US-62 MCCLELLAND CIRLCE,2,US Highway,Urbano,Arteria Menor,State Highway Agency,0,Sin jurisdiccion especial,63,38.193775,-84.58050556,Vehiculo en movimiento,Angulo,T-Intersection,Interseccion de T,Sobre calle,Ninguna,Dia total,Despejado,No,NO APLICA,16,12,16,22,1,14/11/2022,2
21,Kentucky,210589,0,0,3,0,9,BARREN (9),0,NO APLICA,11,Noviembre,15,2022,8,33,SR-90 BURKEKVILLE RD,3,Highway estatal,Rural,Arteria Menor,State Highway Agency,0,Sin jurisdiccion especial,165,36.93388333,-85.82167222,Vehiculo en movimiento,Golpe Lateral - direccion contraria,Not an Intersection,No fue interseccion,Sobre calle,Ninguna,Dia total,Despejado,No,NO APLICA,8,35,8,49,1,15/11/2022,5