Estado,Nombre de Estado,Numero de Caso,Peatones,Personas _no_vehiculos,Vehiculos automotores,Vehiculos estacionados,Condado,Nombre Condado,Ciudad,Nombre Ciudad,Mes,Nombre Mes,Dia,Año,Hora,Minuto,Calle,Ruta,Nombre Ruta,Rural o Urbanoo,Sistema Funcional,Dueño Calle,Sistema Nacional Carreteras,Jurisdiccion Especial,Milla,Latitud,Longitud,Causa del Accidente,Tipo de Accidente,Tipo Interseccion,Columna1,Lugar en la calle,Zona de Trabajo,Luz,Clima,Autobus Escolar,Cruce de Trenes,Hora Notificacion,Minuto Notificacion,Hora Llegada,Minuto Llegada,Decesos,Fecha,PersonaVehiculo
21,Kentucky,210590,1,1,1,0,111,JEFFERSON (111),2090,LOUISVILLE,11,Noviembre,14,2022,20,58,SR-1447 WESTPORT RD,3,Highway estatal,Urbano,Arteria Principal,State Highway Agency,1,Sin jurisdiccion especial,49,38.286025,-85.57665556,Peaton,El primer evento no fue una colision con un vehiculo automotor en transporte,Four-Way Intersection,Interseccion de 4 direcciones,Sobre calle,Ninguna,Oscuro con iluminacion,Despejado,No,NO APLICA,20,58,21,2,1,14/11/2022,1
21,Kentucky,210591,0,0,2,0,111,JEFFERSON (111),2090,LOUISVILLE,11,Noviembre,15,2022,22,21,SR-1865 NEW CUT RD,3,Highway estatal,Urbano,Arteria Principal,State Highway Agency,1,Sin jurisdiccion especial,37,38.16137222,-85.77916389,Banqueta,El primer evento no fue una colision con un vehiculo automotor en transporte,Four-Way Intersection,Interseccion de 4 direcciones,En el medio,Ninguna,Oscuro con iluminacion,Despejado,No,NO APLICA,22,23,22,31,1,15/11/2022,4
21,Kentucky,210592,0,0,3,0,101,HENDERSON (101),1510,HENDERSON,11,Noviembre,15,2022,11,49,SR-9005,3,Highway estatal,Rural,Arteria Principal,State Highway Agency,1,Sin jurisdiccion especial,51,37.78696944,-87.47445,Vehiculo en movimiento,Frente a Detrás,Not an Intersection,No fue interseccion,Sobre calle,Ninguna,Dia total,Nublado,No,NO APLICA,11,53,12,5,1,15/11/2022,3
21,Kentucky,210593,0,0,2,0,67,FAYETTE (67),1980,LEXINGTON-FAYETTE,11,Noviembre,19,2022,19,2,US-60 WINCHESTER RD,2,US Highway,Rural,Arteria Principal,State Highway Agency,0,Sin jurisdiccion especial,148,38.01384722,-84.36960556,Vehiculo en movimiento,Frente a frente,Not an Intersection,No fue interseccion,Sobre calle,Ninguna,Oscuro sin iluminacion,Despejado,No,NO APLICA,19,4,19,25,1,19/11/2022,2
21,Kentucky,210594,0,0,2,0,81,GRANT (81),940,DRY RIDGE,11,Noviembre,19,2022,10,41,I-75,1,Interestatal,Rural,Interestatal,State Highway Agency,1,Sin jurisdiccion especial,1563,38.65443056,-84.58732222,Vehiculo en movimiento,Frente a frente,Not an Intersection,No fue interseccion,Sobre calle,Ninguna,Dia total,Despejado,No,NO APLICA,10,46,10,49,1,19/11/2022,2
21,Kentucky,210595,1,1,1,0,147,MCCREARY (147),3545,WHITLEY CITY,11,Noviembre,19,2022,18,30,US-27,2,US Highway,Rural,Arteria Principal,State Highway Agency,0,Sin jurisdiccion especial,99998,36.72831944,-84.46886667,Peaton,El primer evento no fue una colision con un vehiculo automotor en transporte,Not an Intersection,No fue interseccion,Sobre calle,Ninguna,Oscuro sin iluminacion,Despejado,No,NO APLICA,18,52,18,55,1,19/11/2022,2
21,Kentucky,210596,1,1,1,0,111,JEFFERSON (111),2090,LOUISVILLE,11,Noviembre,20,2022,5,29,BLK FEGENBUSH LN,5,Calle Local - Pueblo,Urbano,Local,Town or Township Highway Agency,0,Sin jurisdiccion especial,8,38.17468056,-85.639175,Peaton,El primer evento no fue una colision con un vehiculo automotor en transporte,Not an Intersection,No fue interseccion,Sobre calle,Ninguna,Oscuro sin iluminacion,Despejado,No,NO APLICA,5,38,5,38,1,20/11/2022,1
21,Kentucky,210597,0,0,2,0,93,HARDIN (93),1000,ELIZABETHTOWN,11,Noviembre,15,2022,22,54,SR-3005 RING RD,3,Highway estatal,Urbano,Arteria Menor,State Highway Agency,0,Sin jurisdiccion especial,33,37.69205,-85.91258611,Vehiculo en movimiento,Angulo,Not an Intersection,No fue interseccion,Sobre calle,Ninguna,Oscuro sin iluminacion,Despejado,No,NO APLICA,22,54,22,59,1,15/11/2022,3
21,Kentucky,210598,0,0,1,0,143,LYON (143),0,NO APLICA,11,Noviembre,17,2022,20,45,SR-293,3,Highway estatal,Rural,Colector Mayor,State Highway Agency,0,Sin jurisdiccion especial,12,37.06241389,-88.01905556,Otro objeto (no fijo),El primer evento no fue una colision con un vehiculo automotor en transporte,Not an Intersection,No fue interseccion,Sobre el lado de la calle,Ninguna,Oscuro sin iluminacion,Despejado,No,NO APLICA,20,47,20,55,1,17/11/2022,1
21,Kentucky,210599,0,0,1,0,111,JEFFERSON (111),2090,LOUISVILLE,11,Noviembre,22,2022,23,27,US-60 EASTERN PKWY,2,US Highway,Urbano,Arteria Principal,State Highway Agency,1,Sin jurisdiccion especial,60,38.22650556,-85.72073056,Poste,El primer evento no fue una colision con un vehiculo automotor en transporte,Four-Way Intersection,Interseccion de 4 direcciones,Sobre el lado de la calle,Ninguna,Oscuro sin iluminacion,Despejado,No,NO APLICA,23,30,23,41,1,22/11/2022,1
21,Kentucky,210600,0,0,2,0,113,JESSAMINE (113),2410,NICHOLASVILLE,11,Noviembre,16,2022,19,46,US-27 LEXINGTON RD,2,US Highway,Urbano,Arteria Principal,State Highway Agency,1,Sin jurisdiccion especial,118,37.91621389,-84.55731389,Vehiculo en movimiento,Frente a Detrás,Four-Way Intersection,Interseccion de 4 direcciones,Sobre calle,Ninguna,Oscuro con iluminacion,Despejado,No,NO APLICA,19,49,19,50,1,16/11/2022,2
21,Kentucky,210601,0,0,1,0,157,MARSHALL (157),1305,GILBERTSVILLE,11,Noviembre,24,2022,8,56,US-641,2,US Highway,Rural,Arteria Menor,State Highway Agency,0,Sin jurisdiccion especial,155,36.95044167,-88.30690278,Acotamiento,El primer evento no fue una colision con un vehiculo automotor en transporte,Not an Intersection,No fue interseccion,Sobre el lado de la calle,Ninguna,Dia total,Despejado,No,NO APLICA,8,56,9,6,1,24/11/2022,1
21,Kentucky,210602,0,0,2,0,111,JEFFERSON (111),2090,LOUISVILLE,11,Noviembre,24,2022,13,41,US-31 DIXIE HWY,2,US Highway,Urbano,Arteria Principal,State Highway Agency,1,Sin jurisdiccion especial,50,38.05915556,-85.88824444,Vehiculo en movimiento,Golpe Lateral - direccion contraria,Not an Intersection,No fue interseccion,Sobre calle,Ninguna,Dia total,Despejado,No,NO APLICA,13,42,14,3,1,24/11/2022,3
21,Kentucky,210603,0,0,2,0,77,GALLATIN (77),0,NO APLICA,11,Noviembre,24,2022,16,42,US-42,2,US Highway,Rural,Colector Mayor,State Highway Agency,0,Sin jurisdiccion especial,144,38.80421944,-84.77655556,Vehiculo en movimiento,Frente a frente,Not an Intersection,No fue interseccion,Sobre calle,Ninguna,Dia total,Nublado,No,NO APLICA,16,46,17,7,1,24/11/2022,3
21,Kentucky,210604,0,0,3,0,7,BALLARD (7),0,NO APLICA,11,Noviembre,24,2022,23,18,SR-286 WICKLIFFE RD,3,Highway estatal,Rural,Arteria Menor,State Highway Agency,0,Sin jurisdiccion especial,81,36.98953889,-88.94352778,Vehiculo en movimiento,Frente a frente,Not an Intersection,No fue interseccion,Sobre calle,Ninguna,Oscuro sin iluminacion,Despejado,No,NO APLICA,23,25,23,37,1,24/11/2022,8
21,Kentucky,210605,0,0,1,0,169,METCALFE (169),3234,SUMMER SHADE,11,Noviembre,26,2022,21,27,E SUMMER SHADE ROAD,5,Calle Local - Pueblo,Rural,Local,State Highway Agency,0,Sin jurisdiccion especial,99998,36.88392222,-85.69983611,Acotamiento,El primer evento no fue una colision con un vehiculo automotor en transporte,Not an Intersection,No fue interseccion,Sobre el lado de la calle,Ninguna,Oscuro con iluminacion,lluvia,No,NO APLICA,21,25,21,42,1,26/11/2022,1
21,Kentucky,210606,0,0,1,0,25,BREATHITT (25),3335,VANCLEVE,11,Noviembre,27,2022,12,0,SR-205,3,Highway estatal,Rural,Arteria Menor,State Highway Agency,0,Sin jurisdiccion especial,91,37.66206389,-83.39379167,Objeto fijo desconocido,El primer evento no fue una colision con un vehiculo automotor en transporte,Not an Intersection,No fue interseccion,Sobre el lado de la calle,Ninguna,Dia total,Nublado,No,NO APLICA,12,9,12,21,1,27/11/2022,1
21,Kentucky,210607,0,0,1,0,133,LETCHER (133),290,BLACKEY,11,Noviembre,28,2022,8,33,SR-7,3,Highway estatal,Rural,Arteria Principal,State Highway Agency,0,Sin jurisdiccion especial,49,37.13885556,-82.99418333,Acotamiento,El primer evento no fue una colision con un vehiculo automotor en transporte,Not an Intersection,No fue interseccion,Sobre el lado de la calle,Ninguna,Dia total,Nublado,No,NO APLICA,8,35,8,43,1,28/11/2022,1
21,Kentucky,210608,0,0,7,0,15,BOONE (15),3400,WALTON,11,Noviembre,29,2022,15,49,I-75 RAMP,1,Interestatal,Urbano,Interestatal,State Highway Agency,1,Sin jurisdiccion especial,0,38.86334167,-84.62371111,Vehiculo en movimiento,Frente a Detrás,Not an Intersection,No fue interseccion,Sobre calle,Ninguna,Dia total,Nublado,No,NO APLICA,16,0,16,17,1,29/11/2022,8
21,Kentucky,210610,0,0,2,0,9,BARREN (9),0,NO APLICA,11,Noviembre,30,2022,15,29,US-31 N JACKSON HWY,2,US Highway,Rural,Arteria Menor,State Highway Agency,0,Sin jurisdiccion especial,216,37.09477778,-85.87931944,Vehiculo en movimiento,Golpe Lateral - direccion contraria,Not an Intersection,No fue interseccion,Sobre calle,Ninguna,Dia total,Despejado,No,NO APLICA,15,29,15,39,1,30/11/2022,2
21,Kentucky,210611,0,0,2,0,35,CALLOWAY (35),0,NO APLICA,11,Noviembre,30,2022,20,6,SR-121,3,Highway estatal,Rural,Arteria Menor,State Highway Agency,0,Sin jurisdiccion especial,178,36.636,-88.37946389,Vehiculo en movimiento,Frente a frente,Not an Intersection,No fue interseccion,Sobre calle,Ninguna,Oscuro sin iluminacion,Despejado,No,NO APLICA,19,59,20,11,1,30/11/2022,3
21,Kentucky,210612,0,0,2,0,7,BALLARD (7),0,NO APLICA,11,Noviembre,1,2022,16,35,SR-802 LA CENTER RD,3,Highway estatal,Rural,Colector Mayor,State Highway Agency,0,Sin jurisdiccion especial,62,37.01012778,-88.95677222,Vehiculo en movimiento,Angulo,Not an Intersection,No fue interseccion,Sobre calle,Ninguna,Dia total,Despejado,No,NO APLICA,16,39,16,47,2,01/11/2022,7
21,Kentucky,210613,0,0,1,0,223,TRIMBLE (223),0,NO APLICA,11,Noviembre,4,2022,20,32,SR-2868 MORTON RIDGE RD,3,Highway estatal,Rural,Local,State Highway Agency,0,Sin jurisdiccion especial,3,38.53151111,-85.39468611,Volcadura,El primer evento no fue una colision con un vehiculo automotor en transporte,Not an Intersection,No fue interseccion,Sobre el lado de la calle,Ninguna,Oscuro sin iluminacion,Despejado,No,NO APLICA,21,30,21,45,1,04/11/2022,2
21,Kentucky,210614,0,0,2,0,107,HOPKINS (107),0,NO APLICA,11,Noviembre,10,2022,19,8,I-69,1,Interestatal,Rural,Interestatal,State Highway Agency,1,Sin jurisdiccion especial,1192,37.39492778,-87.47608333,Animal vivo,El primer evento no fue una colision con un vehiculo automotor en transporte,Not an Intersection,No fue interseccion,Sobre calle,Ninguna,Oscuro sin iluminacion,Despejado,No,NO APLICA,19,11,19,16,1,10/11/2022,2
21,Kentucky,210615,0,0,1,0,177,MUHLENBERG (177),0,NO APLICA,11,Noviembre,11,2022,6,45,SR-246 MERLE TRAVIS HWY,3,Highway estatal,Rural,Colector Menor,State Highway Agency,0,Sin jurisdiccion especial,13,37.18710833,-87.06724722,Zanja,El primer evento no fue una colision con un vehiculo automotor en transporte,Not an Intersection,No fue interseccion,Sobre el lado de la calle,Ninguna,Dia total,lluvia,No,NO APLICA,6,48,6,59,1,11/11/2022,1
21,Kentucky,210616,0,0,1,0,177,MUHLENBERG (177),1360,GREENVILLE,11,Noviembre,12,2022,9,22,SR-181 GREENVILLE RD,3,Highway estatal,Rural,Colector Mayor,State Highway Agency,0,Sin jurisdiccion especial,105,37.18588333,-87.16158611,Fin de valla,El primer evento no fue una colision con un vehiculo automotor en transporte,Not an Intersection,No fue interseccion,Sobre el lado de la calle,Ninguna,Dia total,Nublado,No,NO APLICA,9,25,9,31,1,12/11/2022,1
21,Kentucky,210617,0,0,2,0,93,HARDIN (93),3490,WEST POINT,11,Noviembre,13,2022,16,34,US-31 DIXIE HWY,2,US Highway,Rural,Arteria Principal,State Highway Agency,0,Sin jurisdiccion especial,348,37.97437778,-85.9724,Vehiculo en movimiento,Angulo,Not an Intersection,No fue interseccion,Sobre calle,Ninguna,Dia total,Despejado,No,NO APLICA,16,34,16,51,2,13/11/2022,4
21,Kentucky,210618,0,0,2,0,193,PERRY (193),0,NO APLICA,11,Noviembre,18,2022,19,0,SR-80,3,Highway estatal,Rural,Arteria Principal,State Highway Agency,0,Sin jurisdiccion especial,154,37.35078056,-83.11905278,Vehiculo en movimiento,Frente a frente,Not an Intersection,No fue interseccion,Sobre calle,Ninguna,Oscuro sin iluminacion,Despejado,No,NO APLICA,18,47,18,55,1,18/11/2022,3
21,Kentucky,210619,0,0,1,0,179,NELSON (179),0,NO APLICA,11,Noviembre,19,2022,1,6,SR-48 FAIRFIELD RD,3,Highway estatal,Rural,Colector Mayor,State Highway Agency,0,Sin jurisdiccion especial,41,37.92420278,-85.35668889,Acotamiento,El primer evento no fue una colision con un vehiculo automotor en transporte,Not an Intersection,No fue interseccion,Sobre el lado de la calle,Ninguna,Oscuro sin iluminacion,Despejado,No,NO APLICA,1,13,1,23,1,19/11/2022,1
21,Kentucky,210620,0,0,1,0,107,HOPKINS (107),0,NO APLICA,11,Noviembre,22,2022,13,15,US-41 HANSON RD,2,US Highway,Rural,Arteria Menor,State Highway Agency,0,Sin jurisdiccion especial,257,37.46266667,-87.49669722,Acotamiento,El primer evento no fue una colision con un vehiculo automotor en transporte,Not an Intersection,No fue interseccion,Sobre el lado de la calle,Ninguna,Dia total,Despejado,No,NO APLICA,13,20,13,34,1,22/11/2022,1
21,Kentucky,210621,1,1,1,0,213,SIMPSON (213),1230,FRANKLIN,11,Noviembre,25,2022,21,57,S RAILROAD ST,5,Calle Local - Pueblo,Urbano,Local,Town or Township Highway Agency,0,Sin jurisdiccion especial,2,36.71831667,-86.57440556,Peaton,El primer evento no fue una colision con un vehiculo automotor en transporte,Not an Intersection,No fue interseccion,Sobre calle,Ninguna,Oscuro sin iluminacion,Despejado,No,NO APLICA,21,58,22,0,1,25/11/2022,1
21,Kentucky,210622,1,1,1,0,111,JEFFERSON (111),2090,LOUISVILLE,11,Noviembre,14,2022,15,38,SR-1020 NATIONAL TURN PIKE,3,Highway estatal,Urbano,Arteria Menor,State Highway Agency,0,Sin jurisdiccion especial,19,38.10344444,-85.73983333,Ciclista,El primer evento no fue una colision con un vehiculo automotor en transporte,Not an Intersection,No fue interseccion,Sobre calle,Ninguna,Dia total,Despejado,No,NO APLICA,15,38,15,45,1,14/11/2022,1
21,Kentucky,210623,0,0,1,0,99,HART (99),0,NO APLICA,11,Noviembre,5,2022,7,45,CR-RW HANDY RD,4,Calle del Condado,Rural,Local,County Highway Agency,0,Sin jurisdiccion especial,1,37.255175,-85.7284,Acotamiento,El primer evento no fue una colision con un vehiculo automotor en transporte,Not an Intersection,No fue interseccion,Sobre el lado de la calle,Ninguna,Dia total,Despejado,No,NO APLICA,7,58,8,8,1,05/11/2022,3
21,Kentucky,210624,1,1,1,0,93,HARDIN (93),1000,ELIZABETHTOWN,11,Noviembre,5,2022,16,44,I-65,1,Interestatal,Urbano,Interestatal,State Highway Agency,1,Sin jurisdiccion especial,929,37.69673889,-85.83791667,Peaton,El primer evento no fue una colision con un vehiculo automotor en transporte,Not an Intersection,No fue interseccion,Sobre calle,Ninguna,Dia total,Despejado,No,NO APLICA,16,41,16,48,1,05/11/2022,2
21,Kentucky,210625,1,1,1,0,107,HOPKINS (107),0,NO APLICA,11,Noviembre,9,2022,0,49,CR-TIPETT RD,4,Calle del Condado,Rural,Local,County Highway Agency,0,Sin jurisdiccion especial,99998,37.43437222,-87.491425,Peaton,El primer evento no fue una colision con un vehiculo automotor en transporte,Not an Intersection,No fue interseccion,Sobre calle,Ninguna,Oscuro sin iluminacion,Despejado,No,NO APLICA,0,58,1,11,1,09/11/2022,1
21,Kentucky,210626,0,0,1,0,17,BOURBON (17),0,NO APLICA,11,Noviembre,9,2022,14,35,US-68 MILLERSBURG RD,2,US Highway,Rural,Arteria Principal,State Highway Agency,1,Sin jurisdiccion especial,37,38.23650556,-84.21961944,Culvert,El primer evento no fue una colision con un vehiculo automotor en transporte,Not an Intersection,No fue interseccion,En el medio,Ninguna,Dia total,Despejado,No,NO APLICA,14,38,14,42,1,09/11/2022,1
21,Kentucky,210627,0,0,1,0,105,HICKMAN (105),0,NO APLICA,11,Noviembre,15,2022,13,40,SR-1529,3,Highway estatal,Rural,Arteria Menor,State Highway Agency,0,Sin jurisdiccion especial,45,36.6137,-88.96147778,Arbol,El primer evento no fue una colision con un vehiculo automotor en transporte,Not an Intersection,No fue interseccion,Sobre el lado de la calle,Ninguna,Dia total,Nublado,No,NO APLICA,13,44,13,55,1,15/11/2022,1
21,Kentucky,210628,0,0,2,0,137,LINCOLN (137),3180,STANFORD,11,Noviembre,27,2022,14,16,US-150,2,US Highway,Rural,Arteria Menor,State Highway Agency,0,Sin jurisdiccion especial,60,37.53553611,-84.64276389,Vehiculo en movimiento,Angulo,Not Reported,No reportado,Sobre calle,Ninguna,Dia total,Despejado,No,NO APLICA,14,19,14,21,1,27/11/2022,2
21,Kentucky,210629,0,0,1,0,153,MAGOFFIN (153),0,NO APLICA,11,Noviembre,5,2022,19,18,SR-7,3,Highway estatal,Rural,Colector Mayor,State Highway Agency,0,Sin jurisdiccion especial,131,37.62371944,-82.9854,Arbol,El primer evento no fue una colision con un vehiculo automotor en transporte,Not an Intersection,No fue interseccion,Sobre el lado de la calle,Ninguna,Oscuro sin iluminacion,Despejado,No,NO APLICA,0,0,0,0,2,05/11/2022,3
21,Kentucky,210630,0,0,2,0,113,JESSAMINE (113),2410,NICHOLASVILLE,12,Diciembre,1,2022,17,51,US-27 NICHOLASVILLE BYPASS,2,US Highway,Urbano,Arteria Principal,State Highway Agency,1,Sin jurisdiccion especial,69,37.86383889,-84.59464167,Vehiculo en movimiento,Angulo,Four-Way Intersection,Interseccion de 4 direcciones,Sobre calle,Ninguna,Oscuro sin iluminacion,Despejado,No,NO APLICA,17,53,17,56,1,01/12/2022,2
21,Kentucky,210631,1,1,1,0,185,OLDHAM (185),1870,LA GRANGE,12,Diciembre,2,2022,23,46,I-71,1,Interestatal,Rural,Interestatal,State Highway Agency,1,Sin jurisdiccion especial,223,38.40505556,-85.36416944,Peaton,El primer evento no fue una colision con un vehiculo automotor en transporte,Not an Intersection,No fue interseccion,Sobre Acotamiento,Ninguna,Oscuro sin iluminacion,lluvia,No,NO APLICA,23,48,23,59,1,02/12/2022,1
21,Kentucky,210632,1,1,1,0,165,MENIFEE (165),2209,MEANS,12,Diciembre,3,2022,17,56,SR-713,3,Highway estatal,Rural,Arteria Menor,State Highway Agency,0,Sin jurisdiccion especial,29,37.94628611,-83.77243611,Peaton,El primer evento no fue una colision con un vehiculo automotor en transporte,Not an Intersection,No fue interseccion,Sobre calle,Ninguna,Oscuro sin iluminacion,Despejado,No,NO APLICA,18,2,18,10,1,03/12/2022,1
21,Kentucky,210633,0,0,3,0,111,JEFFERSON (111),2090,LOUISVILLE,12,Diciembre,2,2022,12,5,US-31 BUECHEL BYPASS,2,US Highway,Urbano,Arteria Principal,State Highway Agency,1,Sin jurisdiccion especial,108,38.19739444,-85.660125,Vehiculo en movimiento,Frente a frente,Not an Intersection,No fue interseccion,Sobre calle,Ninguna,Dia total,Nublado,No,NO APLICA,12,6,12,10,1,02/12/2022,4
21,Kentucky,210634,0,0,2,0,71,FLOYD (71),2670,PRESTONSBURG,12,Diciembre,6,2022,18,54,SR-114,3,Highway estatal,Rural,Arteria Principal,State Highway Agency,1,Sin jurisdiccion especial,70,37.64348889,-82.84815,Vehiculo en movimiento,Frente a frente,Not an Intersection,No fue interseccion,Sobre calle,Ninguna,Oscuro sin iluminacion,Despejado,No,NO APLICA,18,54,19,4,2,06/12/2022,5
21,Kentucky,210635,0,0,1,0,119,KNOTT (119),2892,SASSAFRAS,12,Diciembre,7,2022,6,24,SR-1088 YELLOW CREEK RD,3,Highway estatal,Rural,Colector Menor,State Highway Agency,0,Sin jurisdiccion especial,74,37.23717222,-83.05732222,Acotamiento,El primer evento no fue una colision con un vehiculo automotor en transporte,Not an Intersection,No fue interseccion,Sobre el lado de la calle,Ninguna,Oscuro sin iluminacion,lluvia,No,NO APLICA,6,29,6,51,1,07/12/2022,1
21,Kentucky,210636,0,0,1,0,227,WARREN (227),0,NO APLICA,12,Diciembre,9,2022,4,0,BROWNING RD,5,Calle Local - Pueblo,Rural,Local,State Highway Agency,0,Sin jurisdiccion especial,17,36.948275,-86.63969722,Acotamiento,El primer evento no fue una colision con un vehiculo automotor en transporte,Not an Intersection,No fue interseccion,Sobre el lado de la calle,Ninguna,Oscuro sin iluminacion,Nublado,No,NO APLICA,4,1,4,15,1,09/12/2022,1
21,Kentucky,210637,0,0,1,0,195,PIKE (195),2727,RANSOM,12,Diciembre,11,2022,9,0,SR-1056,3,Highway estatal,Rural,Colector Mayor,State Highway Agency,0,Sin jurisdiccion especial,56,37.56182222,-82.19261667,Arbol,El primer evento no fue una colision con un vehiculo automotor en transporte,Not an Intersection,No fue interseccion,Sobre el lado de la calle,Ninguna,Dia total,Despejado,No,NO APLICA,7,34,7,52,1,11/12/2022,3
21,Kentucky,210638,0,0,2,0,123,LARUE (123),420,BUFFALO,12,Diciembre,12,2022,16,58,SR-61 GREENSBURG RD,3,Highway estatal,Rural,Arteria Menor,State Highway Agency,0,Sin jurisdiccion especial,44,37.49907222,-85.69260556,Vehiculo en movimiento,Frente a frente,Not an Intersection,No fue interseccion,Sobre calle,Ninguna,Dia total,Despejado,No,NO APLICA,16,46,16,54,1,12/12/2022,2
21,Kentucky,210639,1,1,1,0,111,JEFFERSON (111),2090,LOUISVILLE,12,Diciembre,7,2022,6,31,FEGENBUSH LN,5,Calle Local - Pueblo,Urbano,Local,Town or Township Highway Agency,0,Sin jurisdiccion especial,0,38.18643889,-85.63808889,Peaton,El primer evento no fue una colision con un vehiculo automotor en transporte,Not an Intersection,No fue interseccion,Sobre calle,Ninguna,Oscuro sin iluminacion,lluvia,No,NO APLICA,6,31,6,35,1,07/12/2022,4
21,Kentucky,210640,0,0,1,0,21,BOYLE (21),860,DANVILLE,12,Diciembre,13,2022,10,22,SR-34 LEBANON RD,3,Highway estatal,Urbano,Colector Menor,State Highway Agency,0,Sin jurisdiccion especial,117,37.62659444,-84.80718611,Arbol,El primer evento no fue una colision con un vehiculo automotor en transporte,Not an Intersection,No fue interseccion,Sobre el lado de la calle,Ninguna,Dia total,Nublado,No,NO APLICA,10,22,10,24,1,13/12/2022,1
21,Kentucky,210641,0,0,2,0,111,JEFFERSON (111),2090,LOUISVILLE,12,Diciembre,14,2022,18,10,SR-1934 GREENBELT HWY,3,Highway estatal,Urbano,Arteria Principal,State Highway Agency,1,Sin jurisdiccion especial,58,38.16540833,-85.87856389,Vehiculo en movimiento,Angulo,T-Intersection,Interseccion de T,Sobre calle,Ninguna,Oscuro con iluminacion,lluvia,No,NO APLICA,18,10,18,13,1,14/12/2022,2
21,Kentucky,210642,0,0,2,0,51,CLAY (51),0,NO APLICA,12,Diciembre,15,2022,19,31,SR-9006,3,Highway estatal,Rural,Arteria Principal,State Highway Agency,1,Sin jurisdiccion especial,274,37.1499,-83.65521111,Vehiculo en movimiento,Frente a frente,Not an Intersection,No fue interseccion,Sobre calle,Ninguna,Oscuro sin iluminacion,Despejado,No,NO APLICA,19,31,19,38,2,15/12/2022,3
21,Kentucky,210643,0,0,2,0,67,FAYETTE (67),1980,LEXINGTON-FAYETTE,12,Diciembre,14,2022,13,46,MASON HEADLY RD,5,Calle Local - Pueblo,Urbano,Local,Town or Township Highway Agency,0,Sin jurisdiccion especial,10,38.04190556,-84.54061389,Vehiculo en movimiento,Angulo,Not an Intersection,No fue interseccion,Sobre el lado de la calle,Ninguna,Dia total,Nublado,No,NO APLICA,13,47,13,50,1,14/12/2022,3
21,Kentucky,210644,0,0,1,0,85,GRAYSON (85),1940,LEITCHFIELD,12,Diciembre,16,2022,9,25,GRAYSON SPRINGS RD,5,Calle Local - Pueblo,Urbano,Arteria Menor,Town or Township Highway Agency,0,Sin jurisdiccion especial,18,37.47776111,-86.26805833,Acotamiento,El primer evento no fue una colision con un vehiculo automotor en transporte,Not an Intersection,No fue interseccion,Sobre el lado de la calle,Ninguna,Dia total,Despejado,No,NO APLICA,9,25,9,30,1,16/12/2022,1
21,Kentucky,210645,0,0,1,0,151,MADISON (151),0,NO APLICA,12,Diciembre,16,2022,15,35,CR-S DOGWOOD DR,4,Calle del Condado,Rural,Local,State Highway Agency,0,Sin jurisdiccion especial,0,37.55491111,-84.32003056,Acotamiento,El primer evento no fue una colision con un vehiculo automotor en transporte,Not an Intersection,No fue interseccion,Sobre el lado de la calle,Ninguna,Dia total,Despejado,No,NO APLICA,15,29,15,38,1,16/12/2022,1
21,Kentucky,210646,0,0,1,0,133,LETCHER (133),0,NO APLICA,12,Diciembre,18,2022,12,22,SR-588,3,Highway estatal,Rural,Colector Menor,State Highway Agency,0,Sin jurisdiccion especial,69,37.11852222,-82.89984167,Arbol,El primer evento no fue una colision con un vehiculo automotor en transporte,Not an Intersection,No fue interseccion,Sobre el lado de la calle,Ninguna,Dia total,Nublado,No,NO APLICA,12,23,12,55,1,18/12/2022,1
21,Kentucky,210647,0,0,3,0,111,JEFFERSON (111),2090,LOUISVILLE,12,Diciembre,18,2022,4,16,SR-1747 S HURSTBOURNE PKWY,3,Highway estatal,Urbano,Arteria Principal,State Highway Agency,1,Sin jurisdiccion especial,52,38.16218056,-85.63963889,Vehiculo en movimiento,Angulo,Not an Intersection,No fue interseccion,Sobre calle,Ninguna,Oscuro sin iluminacion,Despejado,No,NO APLICA,4,16,4,23,1,18/12/2022,3
21,Kentucky,210648,0,0,2,0,59,DAVIESS (59),0,NO APLICA,12,Diciembre,21,2022,16,52,US-60,2,US Highway,Urbano,Arteria Principal,State Highway Agency,1,Sin jurisdiccion especial,236,37.81941944,-87.04017778,Vehiculo en movimiento,Angulo,Not Reported,No reportado,Sobre calle,Ninguna,Oscuro sin iluminacion,Nublado,No,NO APLICA,16,57,17,2,1,21/12/2022,2
21,Kentucky,210649,0,0,2,0,157,MARSHALL (157),0,NO APLICA,12,Diciembre,22,2022,17,36,US-68,2,US Highway,Rural,Arteria Principal,State Highway Agency,1,Sin jurisdiccion especial,19,36.770425,-88.13701111,Vehiculo en movimiento,Angulo,Y-Intersection,Interseccion de Y,Sobre calle,Ninguna,Oscuro - iluminacion desconocida,No reportado,No,NO APLICA,17,39,17,58,1,22/12/2022,2
21,Kentucky,210650,1,1,1,0,199,PULASKI (199),460,BURNSIDE,12,Diciembre,22,2022,18,25,US-27,2,US Highway,Urbano,Arteria Principal,State Highway Agency,1,Sin jurisdiccion especial,104,37.00721111,-84.62101111,Peaton,El primer evento no fue una colision con un vehiculo automotor en transporte,Not an Intersection,No fue interseccion,Sobre calle,Ninguna,Oscuro sin iluminacion,Despejado,No,NO APLICA,18,33,18,40,1,22/12/2022,3