Estado,Nombre de Estado,Numero de Caso,Peatones,Personas _no_vehiculos,Vehiculos automotores,Vehiculos estacionados,Condado,Nombre Condado,Ciudad,Nombre Ciudad,Mes,Nombre Mes,Dia,Año,Hora,Minuto,Calle,Ruta,Nombre Ruta,Rural o Urbanoo,Sistema Funcional,Dueño Calle,Sistema Nacional Carreteras,Jurisdiccion Especial,Milla,Latitud,Longitud,Causa del Accidente,Tipo de Accidente,Tipo Interseccion,Columna1,Lugar en la calle,Zona de Trabajo,Luz,Clima,Autobus Escolar,Cruce de Trenes,Hora Notificacion,Minuto Notificacion,Hora Llegada,Minuto Llegada,Decesos,Fecha,PersonaVehiculo
21,Kentucky,210651,0,0,1,0,173,MONTGOMERY (173),0,NO APLICA,12,Diciembre,23,2022,4,3,US-460 N MAYSVILLE ST,2,US Highway,Urbano,Arteria Menor,State Highway Agency,0,Sin jurisdiccion especial,82,38.07426667,-83.94858889,Poste,El primer evento no fue una colision con un vehiculo automotor en transporte,Y-Intersection,Interseccion de Y,Sobre el lado de la calle,Ninguna,Oscuro con iluminacion,No reportado,No,NO APLICA,4,9,4,9,1,23/12/2022,1
21,Kentucky,210652,1,1,1,0,185,OLDHAM (185),815,CRESTWOOD,12,Diciembre,25,2022,18,18,SR-146 LAGRANGE RD,3,Highway estatal,Urbano,Arteria Menor,State Highway Agency,0,Sin jurisdiccion especial,35,38.34139722,-85.46609444,Peaton,El primer evento no fue una colision con un vehiculo automotor en transporte,Not an Intersection,No fue interseccion,Sobre calle,Ninguna,Oscuro sin iluminacion,Nieve,No,NO APLICA,18,25,18,43,1,25/12/2022,1
21,Kentucky,210653,1,1,1,0,65,ESTILL (65),1690,IRVINE,12,Diciembre,14,2022,18,7,SR-52 RIVER DR,3,Highway estatal,Rural,Arteria Menor,State Highway Agency,0,Sin jurisdiccion especial,78,37.69799167,-83.97189167,Peaton,El primer evento no fue una colision con un vehiculo automotor en transporte,Not Reported,No reportado,Sobre calle,Ninguna,Oscuro sin iluminacion,Nublado,No,NO APLICA,18,7,18,7,1,14/12/2022,2
21,Kentucky,210654,0,0,1,0,71,FLOYD (71),2129,MCDOWELL,12,Diciembre,28,2022,5,33,SR-122,3,Highway estatal,Rural,Colector Mayor,State Highway Agency,0,Sin jurisdiccion especial,193,37.447175,-82.73891944,Valla Ferrocarril,El primer evento no fue una colision con un vehiculo automotor en transporte,Not an Intersection,No fue interseccion,Sobre el lado de la calle,Ninguna,Oscuro sin iluminacion,Despejado,No,NO APLICA,0,0,0,0,1,28/12/2022,3
21,Kentucky,210655,1,1,1,0,103,HENRY (103),0,NO APLICA,12,Diciembre,30,2022,19,32,SR-146 LAGRANGE RD,3,Highway estatal,Rural,Colector Mayor,State Highway Agency,0,Sin jurisdiccion especial,12,38.44700278,-85.30929722,Peaton,El primer evento no fue una colision con un vehiculo automotor en transporte,Not an Intersection,No fue interseccion,Sobre calle,Ninguna,Oscuro sin iluminacion,Nublado,No,NO APLICA,19,36,19,48,1,30/12/2022,2
21,Kentucky,210656,0,0,1,0,195,PIKE (195),2741,REGINA,12,Diciembre,30,2022,22,35,US-460,2,US Highway,Urbano,Arteria Principal,State Highway Agency,1,Sin jurisdiccion especial,49,37.41169722,-82.44978889,Acotamiento,El primer evento no fue una colision con un vehiculo automotor en transporte,Not an Intersection,No fue interseccion,Sobre el lado de la calle,Ninguna,Oscuro con iluminacion,Nublado,No,NO APLICA,22,37,22,56,1,30/12/2022,1
21,Kentucky,210657,0,0,1,0,195,PIKE (195),3377,VIRGIE,12,Diciembre,7,2022,7,45,SR-122 ABNER MT RD,3,Highway estatal,Rural,Colector Mayor,State Highway Agency,0,Sin jurisdiccion especial,4,37.35030833,-82.64904722,Valla Ferrocarril,El primer evento no fue una colision con un vehiculo automotor en transporte,Not an Intersection,No fue interseccion,Sobre el lado de la calle,Ninguna,Dia total,lluvia,No,NO APLICA,0,0,0,0,1,07/12/2022,1
21,Kentucky,210658,0,0,2,0,177,MUHLENBERG (177),650,CENTRAL CITY,12,Diciembre,22,2022,12,47,US-62 W EVERLY BROTHERS BLVD,2,US Highway,Urbano,Arteria Menor,State Highway Agency,0,Sin jurisdiccion especial,161,37.27188611,-87.14283889,Vehiculo en movimiento,Angulo,T-Intersection,Interseccion de T,Sobre calle,Ninguna,Dia total,lluvia,No,NO APLICA,12,50,12,53,1,22/12/2022,2
21,Kentucky,210659,0,0,1,0,111,JEFFERSON (111),2090,LOUISVILLE,12,Diciembre,26,2022,2,29,BLK S FLOYD ST,5,Calle Local - Pueblo,Urbano,Local,Town or Township Highway Agency,0,Sin jurisdiccion especial,32,38.20831944,-85.75620278,Poste,El primer evento no fue una colision con un vehiculo automotor en transporte,Not an Intersection,No fue interseccion,Sobre el lado de la calle,Ninguna,Oscuro - iluminacion desconocida,Despejado,No,NO APLICA,2,28,2,35,1,26/12/2022,2
21,Kentucky,210660,0,0,2,0,27,BRECKINRIDGE (27),720,CLOVERPORT,12,Diciembre,28,2022,19,12,US-60,2,US Highway,Rural,Arteria Menor,State Highway Agency,0,Sin jurisdiccion especial,10,37.82858889,-86.64938611,Vehiculo en movimiento,Angulo,T-Intersection,Interseccion de T,Sobre calle,Ninguna,Atardecer,Despejado,No,NO APLICA,17,48,18,9,1,28/12/2022,2
21,Kentucky,210662,0,0,1,0,217,TAYLOR (217),0,NO APLICA,12,Diciembre,9,2022,14,58,CR-LONG BARREN RD,4,Calle del Condado,Rural,Local,County Highway Agency,0,Sin jurisdiccion especial,4,37.37976667,-85.28108333,Arbol,El primer evento no fue una colision con un vehiculo automotor en transporte,Not an Intersection,No fue interseccion,Sobre el lado de la calle,Ninguna,Dia total,Despejado,No,NO APLICA,15,1,15,9,1,09/12/2022,1
21,Kentucky,210663,0,0,1,0,123,LARUE (123),0,NO APLICA,12,Diciembre,9,2022,23,49,SR-61 GREENSBURG RD,3,Highway estatal,Rural,Arteria Menor,State Highway Agency,0,Sin jurisdiccion especial,36,37.49079167,-85.6811,Buzon de correo,El primer evento no fue una colision con un vehiculo automotor en transporte,Not an Intersection,No fue interseccion,Sobre el lado de la calle,Ninguna,Oscuro sin iluminacion,Neblina o Humo,No,NO APLICA,23,56,0,3,1,09/12/2022,1
21,Kentucky,210664,0,0,2,0,47,CHRISTIAN (47),0,NO APLICA,12,Diciembre,13,2022,16,43,SR-109 DAWSON SPRINGS RD,3,Highway estatal,Rural,Colector Mayor,State Highway Agency,0,Sin jurisdiccion especial,149,36.93336667,-87.53061111,Acotamiento,El primer evento no fue una colision con un vehiculo automotor en transporte,Not an Intersection,No fue interseccion,Sobre el lado de la calle,Ninguna,Atardecer,Despejado,No,NO APLICA,16,49,16,54,1,13/12/2022,4
21,Kentucky,210665,0,0,1,0,203,ROCKCASTLE (203),0,NO APLICA,12,Diciembre,13,2022,18,15,SR-1786 WILDIE RD,3,Highway estatal,Rural,Local,State Highway Agency,0,Sin jurisdiccion especial,1,37.43961389,-84.31717222,Vehiculo Ferrocarril,El primer evento no fue una colision con un vehiculo automotor en transporte,Not an Intersection,No fue interseccion,Sobre calle,Ninguna,Oscuro sin iluminacion,Nublado,No,353559M,18,19,18,31,1,13/12/2022,1
21,Kentucky,210666,0,0,2,0,209,SCOTT (209),1280,GEORGETOWN,12,Diciembre,16,2022,8,32,US-25 LEXINGTON RD,2,US Highway,Urbano,Arteria Menor,State Highway Agency,0,Sin jurisdiccion especial,23,38.18707778,-84.56261667,Vehiculo en movimiento,Angulo,Not Reported,No reportado,Sobre calle,Ninguna,Dia total,Despejado,No,NO APLICA,8,33,8,37,1,16/12/2022,5
21,Kentucky,210667,0,0,1,0,203,ROCKCASTLE (203),2330,MOUNT VERNON,12,Diciembre,25,2022,13,21,I-75,1,Interestatal,Rural,Interestatal,State Highway Agency,1,Sin jurisdiccion especial,2,37.34519722,-84.30771944,Acotamiento,El primer evento no fue una colision con un vehiculo automotor en transporte,Not an Intersection,No fue interseccion,Sobre el lado de la calle,Ninguna,Dia total,Despejado,No,NO APLICA,13,21,13,22,1,25/12/2022,1
21,Kentucky,210668,0,0,2,0,205,ROWAN (205),0,NO APLICA,12,Diciembre,28,2022,7,30,SR-32 FLEMINGSBURG RD,3,Highway estatal,Rural,Arteria Menor,State Highway Agency,0,Sin jurisdiccion especial,28,38.22392222,-83.48882778,Vehiculo en movimiento,Frente a frente,Not an Intersection,No fue interseccion,Sobre calle,Ninguna,Dia total,Despejado,No,NO APLICA,7,34,7,47,1,28/12/2022,2
21,Kentucky,210669,1,1,1,0,145,MCCRACKEN (145),2520,PADUCAH,12,Diciembre,29,2022,17,57,US-45,2,US Highway,Urbano,Arteria Principal,State Highway Agency,0,Sin jurisdiccion especial,75,37.04564167,-88.65592222,Peaton,El primer evento no fue una colision con un vehiculo automotor en transporte,Not an Intersection,No fue interseccion,Sobre calle,Ninguna,Oscuro sin iluminacion,lluvia,No,NO APLICA,17,58,18,1,1,29/12/2022,1
21,Kentucky,210670,0,0,1,0,77,GALLATIN (77),0,NO APLICA,5,Mayo,16,2022,21,21,I-71,1,Interestatal,Rural,Interestatal,State Highway Agency,1,Sin jurisdiccion especial,580,38.71180278,-84.88984167,Valla Ferrocarril,El primer evento no fue una colision con un vehiculo automotor en transporte,Not an Intersection,No fue interseccion,Sobre el lado de la calle,Ninguna,Oscuro sin iluminacion,Despejado,No,NO APLICA,21,27,21,35,1,16/05/2022,1
21,Kentucky,210671,0,0,1,0,101,HENDERSON (101),0,NO APLICA,7,Julio,22,2022,3,11,SR-351 ZION RD,3,Highway estatal,Rural,Arteria Principal,State Highway Agency,0,Sin jurisdiccion especial,54,37.81438611,-87.49450833,Acotamiento,El primer evento no fue una colision con un vehiculo automotor en transporte,Not an Intersection,No fue interseccion,Sobre el lado de la calle,Ninguna,Oscuro sin iluminacion,Despejado,No,NO APLICA,3,12,3,25,1,22/07/2022,1
21,Kentucky,210672,0,0,1,0,189,OWSLEY (189),2736,RICETOWN,9,Septiembre,14,2022,18,54,SR-2024,3,Highway estatal,Rural,Colector Menor,State Highway Agency,0,Sin jurisdiccion especial,10,37.375,-83.63155833,Culvert,El primer evento no fue una colision con un vehiculo automotor en transporte,Not an Intersection,No fue interseccion,Sobre el lado de la calle,Ninguna,Oscuro sin iluminacion,"Soplando arena, polvo o tierra",No,NO APLICA,19,1,19,18,1,14/09/2022,1
21,Kentucky,210673,0,0,1,0,117,KENTON (117),3369,VILLA HILLS,9,Septiembre,17,2022,15,3,CR-BROMLEY CRESCENT SPRINGS RD,4,Calle del Condado,Rural,Local,County Highway Agency,0,Sin jurisdiccion especial,5,39.06815833,-84.56091667,Poste,El primer evento no fue una colision con un vehiculo automotor en transporte,Not an Intersection,No fue interseccion,Sobre el lado de la calle,Ninguna,Dia total,Despejado,No,NO APLICA,15,5,15,14,1,17/09/2022,2
21,Kentucky,210674,0,0,2,0,155,MARION (155),0,NO APLICA,9,Septiembre,23,2022,19,14,SR-426 MILLER PIKE,3,Highway estatal,Rural,Colector Mayor,State Highway Agency,0,Sin jurisdiccion especial,8,37.56153889,-85.33829722,Vehiculo en movimiento,Angulo,Not an Intersection,No fue interseccion,Sobre calle,Ninguna,Atardecer,Despejado,No,NO APLICA,19,15,19,23,1,23/09/2022,5
21,Kentucky,210675,0,0,1,0,217,TAYLOR (217),520,CAMPBELLSVILLE,11,Noviembre,4,2022,22,9,SR-527 N CENTRAL AVE,3,Highway estatal,Urbano,Colector Menor,Town or Township Highway Agency,0,Sin jurisdiccion especial,7,37.35169444,-85.35023611,Poste,El primer evento no fue una colision con un vehiculo automotor en transporte,Not an Intersection,No fue interseccion,Sobre el lado de la calle,Ninguna,Oscuro sin iluminacion,Despejado,No,NO APLICA,22,9,22,17,1,04/11/2022,1
21,Kentucky,210676,0,0,2,0,93,HARDIN (93),1000,ELIZABETHTOWN,11,Noviembre,10,2022,7,53,US-62 LEITCHFIELD RD,2,US Highway,Urbano,Arteria Menor,State Highway Agency,1,Sin jurisdiccion especial,145,37.67157778,-85.9119,Vehiculo en movimiento,Angulo,Four-Way Intersection,Interseccion de 4 direcciones,Sobre calle,Ninguna,Dia total,Despejado,No,NO APLICA,7,56,8,0,1,10/11/2022,2
21,Kentucky,210677,0,0,2,0,71,FLOYD (71),2670,PRESTONSBURG,3,Marzo,23,2022,7,7,US-23,2,US Highway,Rural,Arteria Principal,State Highway Agency,1,Sin jurisdiccion especial,123,37.63282778,-82.74196944,Vehiculo en movimiento,Frente a frente,Not an Intersection,No fue interseccion,Sobre calle,Ninguna,Oscuro con iluminacion,Nublado,No,NO APLICA,7,9,7,49,1,23/03/2022,2
21,Kentucky,210678,1,1,1,0,67,FAYETTE (67),1980,LEXINGTON-FAYETTE,6,Junio,15,2022,22,0,SR-922 NEWTOWN PIKE,3,Highway estatal,Rural,Colector Mayor,State Highway Agency,0,Sin jurisdiccion especial,45,38.111525,-84.482375,Ciclista,El primer evento no fue una colision con un vehiculo automotor en transporte,Not an Intersection,No fue interseccion,Sobre calle,Ninguna,Oscuro sin iluminacion,Despejado,No,NO APLICA,22,2,22,8,1,15/06/2022,1
21,Kentucky,210679,0,0,2,0,167,MERCER (167),0,NO APLICA,7,Julio,4,2022,4,52,SR-9002 BLUEGRASS PARKWAY,3,Highway estatal,Rural,Arteria Principal,State Highway Agency,1,Sin jurisdiccion especial,535,37.93655278,-84.95603333,Vehiculo en movimiento,Frente a frente,Not an Intersection,No fue interseccion,Sobre calle,Ninguna,Oscuro sin iluminacion,Despejado,No,NO APLICA,4,52,4,53,2,04/07/2022,2
21,Kentucky,210680,0,0,1,0,73,FRANKLIN (73),0,NO APLICA,8,Agosto,30,2022,18,0,CR-CRESTWOOD DR,4,Calle del Condado,Rural,Local,County Highway Agency,0,Sin jurisdiccion especial,0,38.13942222,-84.92393611,Volcadura,El primer evento no fue una colision con un vehiculo automotor en transporte,Not an Intersection,No fue interseccion,Sobre calle,Ninguna,Dia total,Despejado,No,NO APLICA,88,88,88,88,1,30/08/2022,2
21,Kentucky,210681,1,1,1,0,111,JEFFERSON (111),2090,LOUISVILLE,9,Septiembre,9,2022,1,13,SR-61 PRESTON HWY,3,Highway estatal,Urbano,Arteria Menor,State Highway Agency,0,Sin jurisdiccion especial,65,38.17117222,-85.70910556,Peaton,El primer evento no fue una colision con un vehiculo automotor en transporte,Not Reported,No reportado,Sobre calle,Ninguna,Oscuro sin iluminacion,Despejado,No,NO APLICA,1,13,1,19,1,09/09/2022,1
21,Kentucky,210682,0,0,1,0,167,MERCER (167),0,NO APLICA,9,Septiembre,14,2022,15,55,CR-SHORT RD,4,Calle del Condado,Rural,Local,County Highway Agency,0,Sin jurisdiccion especial,5,37.95084167,-84.84064167,Arbol,El primer evento no fue una colision con un vehiculo automotor en transporte,Not an Intersection,No fue interseccion,Sobre el lado de la calle,Ninguna,Dia total,Despejado,No,NO APLICA,15,56,16,8,1,14/09/2022,1
21,Kentucky,210683,0,0,2,0,231,WAYNE (231),0,NO APLICA,9,Septiembre,28,2022,7,42,SR-167,3,Highway estatal,Rural,Colector Menor,State Highway Agency,0,Sin jurisdiccion especial,172,36.79340833,-84.85763889,Vehiculo en movimiento,Frente a frente,Not an Intersection,No fue interseccion,Sobre calle,Ninguna,Dia total,Despejado,No,NO APLICA,7,47,7,57,1,28/09/2022,2
21,Kentucky,210684,0,0,2,0,87,GREEN (87),0,NO APLICA,10,Octubre,7,2022,10,58,SR-2763,3,Highway estatal,Rural,Colector Menor,State Highway Agency,0,Sin jurisdiccion especial,14,37.36184167,-85.52433889,Vehiculo en movimiento,Golpe Lateral - direccion contraria,Not an Intersection,No fue interseccion,Sobre calle,Ninguna,Dia total,Despejado,No,NO APLICA,10,58,11,18,1,07/10/2022,2
21,Kentucky,210685,0,0,1,0,85,GRAYSON (85),0,NO APLICA,10,Octubre,23,2022,19,58,SR-187 SHREWSBURY RD,3,Highway estatal,Rural,Colector Mayor,State Highway Agency,0,Sin jurisdiccion especial,78,37.42911111,-86.35525,Poste,El primer evento no fue una colision con un vehiculo automotor en transporte,Not an Intersection,No fue interseccion,Sobre el lado de la calle,Ninguna,Oscuro sin iluminacion,Despejado,No,NO APLICA,19,58,20,6,1,23/10/2022,1
21,Kentucky,210686,0,0,1,0,75,FULTON (75),1270,FULTON,8,Agosto,31,2022,6,39,US-45 N HIGHLAND,2,US Highway,Rural,Colector Mayor,State Highway Agency,0,Sin jurisdiccion especial,16,36.511925,-88.87431667,Culvert,El primer evento no fue una colision con un vehiculo automotor en transporte,Not an Intersection,No fue interseccion,Sobre el lado de la calle,Ninguna,Amanecer,Despejado,No,NO APLICA,6,39,6,47,1,31/08/2022,1
21,Kentucky,210687,1,1,1,0,111,JEFFERSON (111),2090,LOUISVILLE,11,Noviembre,10,2022,5,57,SR-864 POPLAR LEVEL RD,3,Highway estatal,Urbano,Arteria Menor,State Highway Agency,0,Sin jurisdiccion especial,109,38.19064444,-85.704525,Peaton,El primer evento no fue una colision con un vehiculo automotor en transporte,Not an Intersection,No fue interseccion,Sobre calle,Ninguna,Oscuro con iluminacion,Despejado,No,NO APLICA,99,99,99,99,1,10/11/2022,1
21,Kentucky,210688,0,0,4,0,49,CLARK (49),3610,WINCHESTER,10,Octubre,26,2022,15,35,SR-627 N MAPLE ST,3,Highway estatal,Urbano,Local,State Highway Agency,0,Sin jurisdiccion especial,0,37.99569722,-84.17731944,Vehiculo en movimiento,Frente a Detrás,Four-Way Intersection,Interseccion de 4 direcciones,Sobre calle,Ninguna,Dia total,Nublado,No,NO APLICA,15,36,15,40,1,26/10/2022,6
21,Kentucky,210689,0,0,2,1,203,ROCKCASTLE (203),0,NO APLICA,11,Noviembre,11,2022,13,22,I-75,1,Interestatal,Rural,Interestatal,State Highway Agency,1,Sin jurisdiccion especial,730,37.53349167,-84.32117222,Vehiculo Aparcado,El primer evento no fue una colision con un vehiculo automotor en transporte,Not an Intersection,No fue interseccion,Sobre Acotamiento,Ninguna,Dia total,lluvia,No,NO APLICA,13,34,13,59,1,11/11/2022,1
21,Kentucky,210690,0,0,1,0,47,CHRISTIAN (47),0,NO APLICA,2,Febrero,12,2022,12,47,SR-9004,3,Highway estatal,Urbano,Arterial Principal -Freeway o ExpressWay,State Highway Agency,1,Sin jurisdiccion especial,84,36.85093889,-87.46373889,Volcadura,El primer evento no fue una colision con un vehiculo automotor en transporte,Not an Intersection,No fue interseccion,Sobre calle,Ninguna,Dia total,Despejado,No,NO APLICA,12,49,13,4,1,12/02/2022,2
21,Kentucky,210691,0,0,1,0,167,MERCER (167),0,NO APLICA,10,Octubre,20,2022,10,0,US-68 LEXINGTON RD,2,US Highway,Rural,Arteria Menor,State Highway Agency,0,Sin jurisdiccion especial,224,37.80011389,-84.78563889,Arbol,El primer evento no fue una colision con un vehiculo automotor en transporte,Not an Intersection,No fue interseccion,Sobre el lado de la calle,Ninguna,Dia total,Despejado,No,NO APLICA,10,5,10,20,1,20/10/2022,1
21,Kentucky,210692,0,0,1,0,159,MARTIN (159),0,NO APLICA,11,Noviembre,8,2022,9,10,SR-908 TURKEY CREEK,3,Highway estatal,Rural,Colector Menor,State Highway Agency,0,Sin jurisdiccion especial,97,37.8999,-82.48923056,Arbol,El primer evento no fue una colision con un vehiculo automotor en transporte,Not an Intersection,No fue interseccion,Sobre el lado de la calle,Ninguna,Dia total,Despejado,No,NO APLICA,9,10,9,22,1,08/11/2022,4
21,Kentucky,210693,0,0,2,0,111,JEFFERSON (111),2090,LOUISVILLE,12,Diciembre,15,2022,22,1,SR-22 BROWNSBORO RD,3,Highway estatal,Urbano,Arteria Menor,State Highway Agency,0,Sin jurisdiccion especial,48,38.31553889,-85.56140833,Vehiculo en movimiento,Angulo,Not Reported,No reportado,Sobre calle,Ninguna,Oscuro con iluminacion,Despejado,No,NO APLICA,22,2,22,8,1,15/12/2022,4
21,Kentucky,210694,0,0,1,0,173,MONTGOMERY (173),0,NO APLICA,12,Diciembre,12,2022,16,4,SR-11 LEVEE RD,3,Highway estatal,Rural,Colector Menor,State Highway Agency,0,Sin jurisdiccion especial,99998,38.00791111,-83.94665,Culvert,El primer evento no fue una colision con un vehiculo automotor en transporte,Not an Intersection,No fue interseccion,Sobre el lado de la calle,Ninguna,Dia total,Despejado,No,NO APLICA,16,5,16,12,1,12/12/2022,1
21,Kentucky,210695,0,0,1,0,173,MONTGOMERY (173),0,NO APLICA,12,Diciembre,16,2022,6,22,SR-11 LEVEE RD,3,Highway estatal,Rural,Arteria Menor,State Highway Agency,0,Sin jurisdiccion especial,99998,38.025975,-83.94846111,Arbol,El primer evento no fue una colision con un vehiculo automotor en transporte,Not an Intersection,No fue interseccion,Sobre el lado de la calle,Ninguna,Oscuro sin iluminacion,Nublado,No,NO APLICA,6,27,6,31,1,16/12/2022,2
21,Kentucky,210696,0,0,3,0,125,LAUREL (125),0,NO APLICA,8,Agosto,17,2022,11,0,US-25,2,US Highway,Urbano,Arteria Menor,State Highway Agency,0,Sin jurisdiccion especial,41,37.02320556,-84.06869167,Vehiculo en movimiento,Frente a Detrás,Not an Intersection,No fue interseccion,Sobre calle,Ninguna,Dia total,Despejado,No,NO APLICA,99,99,99,99,1,17/08/2022,4
21,Kentucky,210697,0,0,1,0,237,WOLFE (237),0,NO APLICA,9,Septiembre,20,2022,19,0,SR-746,3,Highway estatal,Rural,Colector Menor,State Highway Agency,0,Sin jurisdiccion especial,79,37.81418611,-83.50198056,Barda,El primer evento no fue una colision con un vehiculo automotor en transporte,Not an Intersection,No fue interseccion,Fuera de la calle,Ninguna,Dia total,Despejado,No,NO APLICA,19,0,19,17,1,20/09/2022,1
21,Kentucky,210698,0,0,2,0,1,ADAIR (1),740,COLUMBIA,10,Octubre,5,2022,14,30,SR-61 S BURKESVILLE RD,3,Highway estatal,Rural,Arteria Menor,State Highway Agency,0,Sin jurisdiccion especial,122,37.08873333,-85.31976111,Vehiculo en movimiento,Angulo,Four-Way Intersection,Interseccion de 4 direcciones,Sobre calle,Ninguna,Dia total,Despejado,No,NO APLICA,14,31,14,37,1,05/10/2022,3
21,Kentucky,210699,0,0,1,0,17,BOURBON (17),0,NO APLICA,10,Octubre,5,2022,19,40,CR-FERGUSON RD,4,Calle del Condado,Rural,Local,County Highway Agency,0,Sin jurisdiccion especial,7,38.16126944,-84.34786667,Arbol,El primer evento no fue una colision con un vehiculo automotor en transporte,Not an Intersection,No fue interseccion,Sobre el lado de la calle,Ninguna,Oscuro sin iluminacion,Despejado,No,NO APLICA,19,40,19,47,1,05/10/2022,1
21,Kentucky,210700,0,0,1,0,137,LINCOLN (137),0,NO APLICA,10,Octubre,17,2022,7,40,SR-39,3,Highway estatal,Rural,Colector Mayor,State Highway Agency,0,Sin jurisdiccion especial,12,37.34746111,-84.50473056,Culvert,El primer evento no fue una colision con un vehiculo automotor en transporte,Not an Intersection,No fue interseccion,Sobre el lado de la calle,Ninguna,Dia total,Nublado,No,NO APLICA,7,43,7,55,1,17/10/2022,1
21,Kentucky,210701,0,0,1,0,127,LAWRENCE (127),0,NO APLICA,11,Noviembre,15,2022,17,1,US-23,2,US Highway,Rural,Arteria Principal,State Highway Agency,1,Sin jurisdiccion especial,232,38.17555278,-82.61648889,Acotamiento,El primer evento no fue una colision con un vehiculo automotor en transporte,Not an Intersection,No fue interseccion,Sobre el lado de la calle,Ninguna,Dia total,Nublado,No,NO APLICA,99,99,99,99,1,15/11/2022,2
21,Kentucky,210702,1,1,1,0,93,HARDIN (93),1000,ELIZABETHTOWN,11,Noviembre,4,2022,7,22,US-31W,2,US Highway,Urbano,Arteria Principal,State Highway Agency,1,Sin jurisdiccion especial,195,37.72904722,-85.88435556,Peaton,El primer evento no fue una colision con un vehiculo automotor en transporte,Not an Intersection,No fue interseccion,Sobre calle,Ninguna,Oscuro con iluminacion,Despejado,No,NO APLICA,7,23,7,30,1,04/11/2022,1
21,Kentucky,210703,0,0,1,0,27,BRECKINRIDGE (27),0,NO APLICA,6,Junio,17,2022,7,30,SR-259,3,Highway estatal,Rural,Colector Mayor,State Highway Agency,0,Sin jurisdiccion especial,120,37.81066389,-86.49295278,Arbol,El primer evento no fue una colision con un vehiculo automotor en transporte,Not an Intersection,No fue interseccion,Sobre el lado de la calle,Ninguna,Dia total,Despejado,No,NO APLICA,7,29,7,35,1,17/06/2022,1
22,Louisiana,220001,1,1,1,0,17,CADDO (17),946,GREENWOOD,1,Enero,1,2022,20,20,I-20,1,Interestatal,Rural,Interestatal,State Highway Agency,1,Sin jurisdiccion especial,32,32.44941111,-93.98981111,Peaton,El primer evento no fue una colision con un vehiculo automotor en transporte,Not an Intersection,No fue interseccion,Sobre calle,Ninguna,Oscuro sin iluminacion,Nublado,No,NO APLICA,99,99,99,99,1,01/01/2022,1
22,Louisiana,220002,0,0,1,0,33,EAST BATON ROUGE (33),150,BATON ROUGE,1,Enero,2,2022,5,46,I-10,1,Interestatal,Urbano,Interestatal,State Highway Agency,1,Sin jurisdiccion especial,1586,30.42478056,-91.15741944,Puente de Ferrocarril,El primer evento no fue una colision con un vehiculo automotor en transporte,Not an Intersection,No fue interseccion,Sobre el lado de la calle,Ninguna,Amanecer,No reportado,No,NO APLICA,99,99,99,99,2,02/01/2022,2
22,Louisiana,220003,1,1,1,0,55,LAFAYETTE (55),1230,LAFAYETTE,1,Enero,2,2022,0,42,US-167,2,US Highway,Urbano,Arteria Principal,State Highway Agency,1,Sin jurisdiccion especial,228,30.25195,-92.01406944,Peaton,El primer evento no fue una colision con un vehiculo automotor en transporte,Not an Intersection,No fue interseccion,Sobre calle,Ninguna,Oscuro con iluminacion,Despejado,No,NO APLICA,0,42,0,50,1,02/01/2022,1
22,Louisiana,220004,0,0,1,0,71,ORLEANS (71),9898,Not Reported,1,Enero,3,2022,20,3,US-90-Z,2,US Highway,Urbano,Arterial Principal -Freeway o ExpressWay,State Highway Agency,1,Sin jurisdiccion especial,98,29.93406111,-90.03841111,Puente de Ferrocarril,El primer evento no fue una colision con un vehiculo automotor en transporte,Not an Intersection,No fue interseccion,Sobre el lado de la calle,Ninguna,Oscuro con iluminacion,Despejado,No,NO APLICA,20,4,20,9,1,03/01/2022,1
22,Louisiana,220005,0,0,1,0,31,DE SOTO (31),9898,Not Reported,1,Enero,4,2022,16,0,SR-177,3,Highway estatal,Rural,Colector Mayor,State Highway Agency,0,Sin jurisdiccion especial,92,31.93675278,-93.45031389,Volcadura,El primer evento no fue una colision con un vehiculo automotor en transporte,Not an Intersection,No fue interseccion,Sobre calle,Ninguna,Dia total,Despejado,No,NO APLICA,16,6,17,4,1,04/01/2022,1
22,Louisiana,220006,0,0,1,0,87,ST. BERNARD (87),9898,Not Reported,1,Enero,5,2022,3,40,SR-39,3,Highway estatal,Urbano,Arteria Principal,State Highway Agency,1,Sin jurisdiccion especial,497,29.96086944,-89.99768889,Arbol,El primer evento no fue una colision con un vehiculo automotor en transporte,Not an Intersection,No fue interseccion,En el medio,Ninguna,Oscuro con iluminacion,Despejado,No,NO APLICA,3,48,3,48,2,05/01/2022,2
22,Louisiana,220007,0,0,1,0,71,ORLEANS (71),1690,NEW ORLEANS,1,Enero,5,2022,7,11,US-90,2,US Highway,Urbano,Arteria Principal,State Highway Agency,1,Sin jurisdiccion especial,2616,29.99043611,-90.06565556,Poste,El primer evento no fue una colision con un vehiculo automotor en transporte,Four-Way Intersection,Interseccion de 4 direcciones,Sobre el lado de la calle,Ninguna,Dia total,Despejado,No,NO APLICA,99,99,99,99,1,05/01/2022,1
22,Louisiana,220008,0,0,1,0,75,PLAQUEMINES (75),9898,Not Reported,1,Enero,7,2022,19,48,SR-23,3,Highway estatal,Urbano,Arteria Menor,State Highway Agency,0,Sin jurisdiccion especial,560,29.72764722,-90.00247222,Otro objeto (no fijo),El primer evento no fue una colision con un vehiculo automotor en transporte,Not an Intersection,No fue interseccion,Sobre Acotamiento,Ninguna,Oscuro sin iluminacion,Despejado,No,NO APLICA,19,48,19,51,1,07/01/2022,2