Estado,Nombre de Estado,Numero de Caso,Peatones,Personas _no_vehiculos,Vehiculos automotores,Vehiculos estacionados,Condado,Nombre Condado,Ciudad,Nombre Ciudad,Mes,Nombre Mes,Dia,Año,Hora,Minuto,Calle,Ruta,Nombre Ruta,Rural o Urbanoo,Sistema Funcional,Dueño Calle,Sistema Nacional Carreteras,Jurisdiccion Especial,Milla,Latitud,Longitud,Causa del Accidente,Tipo de Accidente,Tipo Interseccion,Columna1,Lugar en la calle,Zona de Trabajo,Luz,Clima,Autobus Escolar,Cruce de Trenes,Hora Notificacion,Minuto Notificacion,Hora Llegada,Minuto Llegada,Decesos,Fecha,PersonaVehiculo
22,Louisiana,220009,1,1,1,0,101,ST. MARY (101),9898,Not Reported,1,Enero,8,2022,17,55,US-90,2,US Highway,Urbano,Arterial Principal -Freeway o ExpressWay,State Highway Agency,1,Sin jurisdiccion especial,1587,29.752375,-91.44856667,Peaton,El primer evento no fue una colision con un vehiculo automotor en transporte,Not an Intersection,No fue interseccion,Sobre calle,Ninguna,Oscuro sin iluminacion,Nublado,No,NO APLICA,18,0,18,11,1,08/01/2022,2
22,Louisiana,220010,0,0,1,0,19,CALCASIEU (19),2210,SULPHUR,1,Enero,9,2022,19,39,I-10,1,Interestatal,Urbano,Interestatal,State Highway Agency,1,Sin jurisdiccion especial,243,30.21719444,-93.32182222,Valla Ferrocarril,El primer evento no fue una colision con un vehiculo automotor en transporte,Not an Intersection,No fue interseccion,Sobre el lado de la calle,Ninguna,Oscuro con iluminacion,Despejado,No,NO APLICA,19,40,19,53,1,09/01/2022,1
22,Louisiana,220011,1,1,1,0,17,CADDO (17),2130,SHREVEPORT,1,Enero,11,2022,12,30,SR-526,3,Highway estatal,Urbano,Arteria Principal,State Highway Agency,1,Sin jurisdiccion especial,59,32.40202222,-93.84110833,Peaton,El primer evento no fue una colision con un vehiculo automotor en transporte,Not an Intersection,No fue interseccion,Sobre calle,Ninguna,Dia total,Despejado,No,NO APLICA,12,28,12,40,1,11/01/2022,2
22,Louisiana,220012,0,0,1,0,97,ST. LANDRY (97),9898,Not Reported,1,Enero,11,2022,17,15,CR-BOXIE ROAD,4,Calle del Condado,Rural,Local,County Highway Agency,0,Sin jurisdiccion especial,0,30.38788056,-92.02904444,Otro objeto (no fijo),El primer evento no fue una colision con un vehiculo automotor en transporte,Not an Intersection,No fue interseccion,Sobre el lado de la calle,Ninguna,Dia total,Despejado,No,NO APLICA,17,16,17,41,1,11/01/2022,1
22,Louisiana,220013,1,1,1,0,55,LAFAYETTE (55),1230,LAFAYETTE,1,Enero,16,2022,20,6,AMBASSADOR CAFFERTY THRU,6,Calle Local Municipalidad,Urbano,Local,City or Municipal Highway Agency,0,Sin jurisdiccion especial,0,30.20423889,-92.07526111,Peaton,El primer evento no fue una colision con un vehiculo automotor en transporte,Not an Intersection,No fue interseccion,Sobre calle,Ninguna,Oscuro con iluminacion,Despejado,No,NO APLICA,99,99,99,98,1,16/01/2022,1
22,Louisiana,220014,1,1,1,0,19,CALCASIEU (19),1250,LAKE CHARLES,1,Enero,16,2022,5,44,SR-1138-2,3,Highway estatal,Urbano,Arteria Principal,State Highway Agency,0,Sin jurisdiccion especial,27,30.19821111,-93.23686944,Peaton,El primer evento no fue una colision con un vehiculo automotor en transporte,Not an Intersection,No fue interseccion,Sobre calle,Ninguna,Oscuro sin iluminacion,Despejado,No,NO APLICA,99,98,99,98,1,16/01/2022,1
22,Louisiana,220015,1,1,1,0,33,EAST BATON ROUGE (33),9898,Not Reported,1,Enero,23,2022,21,15,SR-73,3,Highway estatal,Urbano,Arteria Menor,State Highway Agency,0,Sin jurisdiccion especial,116,30.34908889,-90.98721667,Peaton,El primer evento no fue una colision con un vehiculo automotor en transporte,Not an Intersection,No fue interseccion,Sobre calle,Ninguna,Oscuro sin iluminacion,Despejado,No,NO APLICA,21,21,21,35,1,23/01/2022,1
22,Louisiana,220016,0,0,2,0,75,PLAQUEMINES (75),0,NO APLICA,1,Enero,3,2022,18,11,SR-39,3,Highway estatal,Rural,Colector Mayor,State Highway Agency,0,Sin jurisdiccion especial,317,29.84574722,-89.97111667,Vehiculo en movimiento,Angulo,Not an Intersection,No fue interseccion,Sobre calle,Ninguna,Oscuro sin iluminacion,Despejado,No,NO APLICA,18,11,18,36,1,03/01/2022,2
22,Louisiana,220017,1,1,1,0,109,TERREBONNE (109),1070,HOUMA,1,Enero,6,2022,18,26,SR-24,3,Highway estatal,Urbano,Arteria Menor,State Highway Agency,0,Sin jurisdiccion especial,159,29.58889167,-90.67265833,Ciclista,El primer evento no fue una colision con un vehiculo automotor en transporte,Not an Intersection,No fue interseccion,Sobre calle,Ninguna,Oscuro sin iluminacion,Despejado,No,NO APLICA,18,29,18,30,1,06/01/2022,1
22,Louisiana,220018,0,0,3,0,117,WASHINGTON (117),0,NO APLICA,1,Enero,9,2022,17,59,SR-21,3,Highway estatal,Rural,Arteria Menor,State Highway Agency,0,Sin jurisdiccion especial,480,30.94571111,-89.81646944,Vehiculo en movimiento,Frente a frente,Not an Intersection,No fue interseccion,Sobre calle,Ninguna,Oscuro sin iluminacion,lluvia,No,NO APLICA,18,6,18,14,1,09/01/2022,3
22,Louisiana,220019,1,1,2,0,51,JEFFERSON (51),1488,MARRERO,1,Enero,8,2022,3,30,US-90B,2,US Highway,Urbano,Arterial Principal -Freeway o ExpressWay,State Highway Agency,1,Sin jurisdiccion especial,57,29.89521111,-90.09431111,Vehiculo en movimiento,Frente a Detrás,Not an Intersection,No fue interseccion,Sobre calle,Ninguna,Oscuro con iluminacion,Despejado,No,NO APLICA,3,33,3,37,1,08/01/2022,1
22,Louisiana,220020,1,1,2,0,55,LAFAYETTE (55),1230,LAFAYETTE,1,Enero,7,2022,18,11,SR-94,3,Highway estatal,Urbano,Arteria Menor,State Highway Agency,0,Sin jurisdiccion especial,15,30.23333333,-91.99180556,Peaton,El primer evento no fue una colision con un vehiculo automotor en transporte,Not an Intersection,No fue interseccion,Sobre calle,Ninguna,Oscuro con iluminacion,Despejado,No,NO APLICA,18,11,18,18,1,07/01/2022,2
22,Louisiana,220021,0,0,2,0,19,CALCASIEU (19),0,NO APLICA,1,Enero,11,2022,6,5,CR-EDGERLY ROAD,4,Calle del Condado,Rural,Colector Menor,County Highway Agency,0,Sin jurisdiccion especial,0,30.35288056,-93.47738611,Vehiculo en movimiento,Frente a frente,Not an Intersection,No fue interseccion,Sobre calle,Ninguna,Oscuro sin iluminacion,Despejado,No,NO APLICA,6,2,6,8,1,11/01/2022,2
22,Louisiana,220022,0,0,1,0,33,EAST BATON ROUGE (33),0,NO APLICA,1,Enero,10,2022,99,99,US-61,2,US Highway,Urbano,Arteria Principal,State Highway Agency,1,Sin jurisdiccion especial,999,30.61776389,-91.23265833,Volcadura,El primer evento no fue una colision con un vehiculo automotor en transporte,Not an Intersection,No fue interseccion,Sobre el lado de la calle,Construccion,Reportada como desconocida,Reportado como desconocido,No,NO APLICA,88,88,88,88,1,10/01/2022,1
22,Louisiana,220023,0,0,2,0,75,PLAQUEMINES (75),9898,Not Reported,1,Enero,1,2022,1,50,SR-23,3,Highway estatal,Urbano,Arteria Menor,State Highway Agency,0,Sin jurisdiccion especial,539,29.70079444,-89.9875,Vehiculo en movimiento,Angulo,Not an Intersection,No fue interseccion,Sobre calle,Ninguna,Oscuro sin iluminacion,Despejado,No,NO APLICA,2,2,2,18,1,01/01/2022,7
22,Louisiana,220024,0,0,2,0,51,JEFFERSON (51),1545,METAIRIE,1,Enero,8,2022,13,48,SEVERN AVE,6,Calle Local Municipalidad,Urbano,Local,City or Municipal Highway Agency,0,Sin jurisdiccion especial,0,29.98143056,-90.16035,Vehiculo en movimiento,Angulo,Four-Way Intersection,Interseccion de 4 direcciones,Sobre calle,Ninguna,Dia total,Nublado,No,NO APLICA,13,51,13,58,1,08/01/2022,5
22,Louisiana,220025,0,0,1,0,5,ASCENSION (5),9898,Not Reported,1,Enero,12,2022,7,23,SR-621,3,Highway estatal,Urbano,Arteria Menor,State Highway Agency,0,Sin jurisdiccion especial,40,30.26935278,-90.91673056,Zanja,El primer evento no fue una colision con un vehiculo automotor en transporte,Not an Intersection,No fue interseccion,Sobre el lado de la calle,Ninguna,Dia total,Nublado,No,NO APLICA,7,31,7,54,1,12/01/2022,1
22,Louisiana,220026,1,1,1,0,117,WASHINGTON (117),0,NO APLICA,1,Enero,21,2022,18,55,SR-21,3,Highway estatal,Rural,Arteria Menor,State Highway Agency,0,Sin jurisdiccion especial,426,30.87676389,-89.84031944,Ciclista,El primer evento no fue una colision con un vehiculo automotor en transporte,Not an Intersection,No fue interseccion,Sobre calle,Ninguna,Oscuro sin iluminacion,Despejado,No,NO APLICA,18,59,19,8,1,21/01/2022,2
22,Louisiana,220027,1,1,1,0,19,CALCASIEU (19),1250,LAKE CHARLES,1,Enero,24,2022,19,30,US-90X,2,US Highway,Urbano,Arteria Menor,State Highway Agency,0,Sin jurisdiccion especial,0,30.23306111,-93.20426944,Peaton,El primer evento no fue una colision con un vehiculo automotor en transporte,Not an Intersection,No fue interseccion,Sobre calle,Ninguna,Oscuro con iluminacion,lluvia,No,NO APLICA,19,32,19,39,1,24/01/2022,1
22,Louisiana,220028,0,0,2,0,57,LAFOURCHE (57),9898,Not Reported,1,Enero,26,2022,5,42,US-90,2,US Highway,Rural,Arterial Principal -Freeway o ExpressWay,State Highway Agency,1,Sin jurisdiccion especial,2194,29.75296111,-90.55518889,Vehiculo en movimiento,Angulo,Not an Intersection,No fue interseccion,Sobre calle,Ninguna,Oscuro sin iluminacion,Despejado,No,NO APLICA,5,44,6,2,1,26/01/2022,3
22,Louisiana,220029,1,1,1,0,51,JEFFERSON (51),1545,METAIRIE,1,Enero,20,2022,12,54,CR-HELIOS AVENUE,4,Calle del Condado,Urbano,Local,County Highway Agency,0,Sin jurisdiccion especial,0,29.988275,-90.14473056,Ciclista,El primer evento no fue una colision con un vehiculo automotor en transporte,Four-Way Intersection,Interseccion de 4 direcciones,Sobre calle,Ninguna,Dia total,Nublado,No,NO APLICA,12,55,12,58,1,20/01/2022,1
22,Louisiana,220030,1,1,1,0,95,ST. JOHN THE BAPTIST (95),1270,LAPLACE,1,Enero,21,2022,14,34,CAMBRIDGE DRIVE,5,Calle Local - Pueblo,Urbano,Local,City or Municipal Highway Agency,0,Sin jurisdiccion especial,0,30.0871,-90.47455,Edificio,El primer evento no fue una colision con un vehiculo automotor en transporte,Not an Intersection,No fue interseccion,Fuera de la calle,Ninguna,Dia total,Despejado,No,NO APLICA,14,48,14,56,1,21/01/2022,1
22,Louisiana,220031,0,0,2,0,17,CADDO (17),2130,SHREVEPORT,1,Enero,27,2022,18,56,E HARTS ISLAND ROAD,6,Calle Local Municipalidad,Urbano,Local,City or Municipal Highway Agency,0,Sin jurisdiccion especial,0,32.43586944,-93.70426111,Vehiculo en movimiento,Frente a frente,Not an Intersection,No fue interseccion,Sobre calle,Ninguna,Oscuro sin iluminacion,Despejado,No,NO APLICA,18,59,19,1,1,27/01/2022,2
22,Louisiana,220032,0,0,2,1,71,ORLEANS (71),1690,NEW ORLEANS,1,Enero,28,2022,22,19,MORRISON ROAD,6,Calle Local Municipalidad,Urbano,Local,City or Municipal Highway Agency,0,Sin jurisdiccion especial,0,30.02627222,-90.02448611,Banqueta,El primer evento no fue una colision con un vehiculo automotor en transporte,Not an Intersection,No fue interseccion,Sobre el lado de la calle,Ninguna,Oscuro con iluminacion,Despejado,No,NO APLICA,99,98,99,98,1,28/01/2022,1
22,Louisiana,220033,0,0,2,0,45,IBERIA (45),9898,Not Reported,1,Enero,31,2022,17,26,CR-DARNALL RD,4,Calle del Condado,Rural,Local,County Highway Agency,0,Sin jurisdiccion especial,0,29.96951111,-91.75851944,Vehiculo en movimiento,Angulo,Not an Intersection,No fue interseccion,Sobre calle,Ninguna,Oscuro sin iluminacion,Nublado,No,NO APLICA,17,27,17,42,2,31/01/2022,2
22,Louisiana,220034,0,0,2,0,61,LINCOLN (61),2070,RUSTON,1,Enero,31,2022,4,5,I-20,1,Interestatal,Urbano,Interestatal,State Highway Agency,1,Sin jurisdiccion especial,843,32.54023889,-92.66083889,Vehiculo en movimiento,Frente a Detrás,Not an Intersection,No fue interseccion,Sobre calle,Ninguna,Oscuro con iluminacion,Despejado,No,NO APLICA,4,5,4,12,1,31/01/2022,5
22,Louisiana,220035,1,1,1,0,33,EAST BATON ROUGE (33),150,BATON ROUGE,1,Enero,24,2022,6,31,CHOCTAW DR,6,Calle Local Municipalidad,Urbano,Local,City or Municipal Highway Agency,0,Sin jurisdiccion especial,0,30.47045278,-91.14674722,Ciclista,El primer evento no fue una colision con un vehiculo automotor en transporte,Not an Intersection,No fue interseccion,Sobre calle,Ninguna,Oscuro sin iluminacion,Despejado,No,NO APLICA,99,99,99,99,1,24/01/2022,1
22,Louisiana,220036,0,0,2,0,55,LAFAYETTE (55),1230,LAFAYETTE,1,Enero,13,2022,99,99,I-49,1,Interestatal,Urbano,Interestatal,State Highway Agency,1,Sin jurisdiccion especial,0,30.25576111,-92.01493056,Vehiculo en movimiento,Frente a frente,Not an Intersection,No fue interseccion,Sobre calle,Ninguna,Dia total,Nublado,No,NO APLICA,16,10,16,20,1,13/01/2022,3
22,Louisiana,220037,0,0,2,0,5,ASCENSION (5),9898,Not Reported,1,Enero,15,2022,20,5,SR-73,3,Highway estatal,Urbano,Arteria Menor,State Highway Agency,0,Sin jurisdiccion especial,61,30.27893056,-90.9829,Volcadura,El primer evento no fue una colision con un vehiculo automotor en transporte,T-Intersection,Interseccion de T,Sobre calle,Ninguna,Oscuro sin iluminacion,Nublado,No,NO APLICA,20,8,20,21,1,15/01/2022,2
22,Louisiana,220038,0,0,1,0,109,TERREBONNE (109),0,NO APLICA,1,Enero,17,2022,16,45,CR-SOUTHDOWN MANDALAY,4,Calle del Condado,Rural,Local,County Highway Agency,0,Sin jurisdiccion especial,0,29.56629167,-90.77077778,Volcadura,El primer evento no fue una colision con un vehiculo automotor en transporte,Not an Intersection,No fue interseccion,Sobre el lado de la calle,Ninguna,Dia total,Despejado,No,NO APLICA,16,49,16,57,1,17/01/2022,1
22,Louisiana,220039,0,0,2,0,113,VERMILION (113),9898,Not Reported,1,Enero,22,2022,21,26,US-167,2,US Highway,Rural,Arteria Principal,State Highway Agency,1,Sin jurisdiccion especial,40,30.02815833,-92.12382778,Vehiculo en movimiento,Frente a frente,T-Intersection,Interseccion de T,Sobre calle,Ninguna,Oscuro sin iluminacion,Despejado,No,NO APLICA,21,34,21,42,2,22/01/2022,2
22,Louisiana,220040,0,0,2,0,51,JEFFERSON (51),1190,KENNER,1,Enero,22,2022,21,45,US-61,2,US Highway,Urbano,Arteria Principal,State Highway Agency,1,Sin jurisdiccion especial,91,29.979725,-90.24083333,Vehiculo en movimiento,Angulo,Four-Way Intersection,Interseccion de 4 direcciones,Sobre calle,Ninguna,Oscuro con iluminacion,Despejado,No,NO APLICA,21,52,21,57,3,22/01/2022,4
22,Louisiana,220041,1,1,1,0,79,RAPIDES (79),597,DEVILLE,1,Enero,23,2022,20,5,SR-115,3,Highway estatal,Rural,Colector Mayor,State Highway Agency,0,Sin jurisdiccion especial,557,31.36103889,-92.16496111,Ciclista,El primer evento no fue una colision con un vehiculo automotor en transporte,Not an Intersection,No fue interseccion,Sobre calle,Ninguna,Oscuro sin iluminacion,Despejado,No,NO APLICA,20,9,20,25,1,23/01/2022,1
22,Louisiana,220042,1,1,1,0,51,JEFFERSON (51),950,GRETNA,1,Enero,26,2022,6,0,US-90 BUSINESS WESTBANK EXPWY,2,US Highway,Urbano,Interestatal,State Highway Agency,1,Sin jurisdiccion especial,86,29.91365556,-90.0505,Peaton,El primer evento no fue una colision con un vehiculo automotor en transporte,Not an Intersection,No fue interseccion,Sobre calle,Ninguna,Oscuro sin iluminacion,Despejado,No,NO APLICA,6,3,6,35,1,26/01/2022,1
22,Louisiana,220043,1,1,1,0,19,CALCASIEU (19),2210,SULPHUR,1,Enero,27,2022,20,0,CR-LEWIS STREET,4,Calle del Condado,Not Reported,Local,County Highway Agency,0,Sin jurisdiccion especial,0,30.255975,-93.3679,Ciclista,El primer evento no fue una colision con un vehiculo automotor en transporte,Not an Intersection,No fue interseccion,Sobre calle,Ninguna,Oscuro sin iluminacion,Despejado,No,NO APLICA,20,5,20,9,1,27/01/2022,1
22,Louisiana,220044,0,0,2,0,73,OUACHITA (73),0,NO APLICA,1,Enero,28,2022,6,30,SR-840-1,3,Highway estatal,Urbano,Colector Mayor,State Highway Agency,0,Sin jurisdiccion especial,6,32.48495833,-92.16463333,Vehiculo en movimiento,Frente a frente,Not an Intersection,No fue interseccion,Sobre calle,Ninguna,Amanecer,Despejado,No,NO APLICA,6,35,6,40,1,28/01/2022,3
22,Louisiana,220045,0,0,1,0,29,CONCORDIA (29),9898,Not Reported,1,Enero,15,2022,0,59,SR-569,3,Highway estatal,Rural,Colector Menor,State Highway Agency,0,Sin jurisdiccion especial,98,31.73951944,-91.42626111,Zanja,El primer evento no fue una colision con un vehiculo automotor en transporte,Not an Intersection,No fue interseccion,Sobre el lado de la calle,Ninguna,Oscuro sin iluminacion,Despejado,No,NO APLICA,1,19,1,41,1,15/01/2022,8
22,Louisiana,220046,1,1,1,0,73,OUACHITA (73),9898,Not Reported,1,Enero,19,2022,22,18,CR-STANDIFER AVE,4,Calle del Condado,Rural,Local,County Highway Agency,0,Sin jurisdiccion especial,0,32.46445,-92.08658889,Peaton,El primer evento no fue una colision con un vehiculo automotor en transporte,Not an Intersection,No fue interseccion,Sobre calle,Ninguna,Oscuro sin iluminacion,lluvia,No,NO APLICA,22,19,22,30,1,19/01/2022,3
22,Louisiana,220047,0,0,1,0,105,TANGIPAHOA (105),980,HAMMOND,1,Enero,26,2022,21,39,SR-443,3,Highway estatal,Urbano,Arteria Menor,State Highway Agency,0,Sin jurisdiccion especial,2,30.51178056,-90.4435,Arbol,El primer evento no fue una colision con un vehiculo automotor en transporte,Not an Intersection,No fue interseccion,Sobre el lado de la calle,Ninguna,Dia total,Despejado,No,NO APLICA,21,39,21,57,1,26/01/2022,1
22,Louisiana,220048,0,0,1,0,7,ASSUMPTION (7),1640,NAPOLEONVILLE,1,Enero,30,2022,3,1,SR-308,3,Highway estatal,Urbano,Colector Mayor,State Highway Agency,0,Sin jurisdiccion especial,198,29.89526389,-90.98748056,Culvert,El primer evento no fue una colision con un vehiculo automotor en transporte,Not an Intersection,No fue interseccion,Sobre el lado de la calle,Ninguna,Oscuro con iluminacion,Despejado,No,NO APLICA,3,6,3,24,1,30/01/2022,1
22,Louisiana,220049,0,0,1,0,41,FRANKLIN (41),9898,Not Reported,2,Febrero,1,2022,16,5,SR-130,3,Highway estatal,Rural,Colector Mayor,State Highway Agency,0,Sin jurisdiccion especial,55,32.16248056,-91.75131944,Zanja,El primer evento no fue una colision con un vehiculo automotor en transporte,Not an Intersection,No fue interseccion,Sobre el lado de la calle,Ninguna,Dia total,Despejado,No,NO APLICA,16,38,16,41,2,01/02/2022,3
22,Louisiana,220050,0,0,1,0,9,AVOYELLES (9),9898,Not Reported,2,Febrero,1,2022,18,45,SR-29,3,Highway estatal,Rural,Colector Mayor,State Highway Agency,0,Sin jurisdiccion especial,342,30.88608889,-92.20805,Poste de Señal de trafico,El primer evento no fue una colision con un vehiculo automotor en transporte,Not an Intersection,No fue interseccion,Sobre el lado de la calle,Ninguna,Dia total,Despejado,No,NO APLICA,18,58,19,9,1,01/02/2022,1
22,Louisiana,220051,1,1,1,0,67,MOREHOUSE (67),9898,Not Reported,2,Febrero,2,2022,6,46,US-425,2,US Highway,Rural,Arteria Principal,State Highway Agency,1,Sin jurisdiccion especial,1141,32.87354167,-91.86789722,Peaton,El primer evento no fue una colision con un vehiculo automotor en transporte,Not an Intersection,No fue interseccion,Sobre calle,Ninguna,Amanecer,Nublado,Yes,NO APLICA,99,98,99,98,1,02/02/2022,1
22,Louisiana,220052,0,0,2,1,105,TANGIPAHOA (105),9898,Not Reported,2,Febrero,3,2022,22,10,SR-445,3,Highway estatal,Rural,Colector Mayor,State Highway Agency,0,Sin jurisdiccion especial,140,30.58068611,-90.32473889,Acotamiento,El primer evento no fue una colision con un vehiculo automotor en transporte,Not an Intersection,No fue interseccion,Sobre el lado de la calle,Ninguna,Oscuro sin iluminacion,lluvia,No,NO APLICA,22,30,23,39,1,03/02/2022,1
22,Louisiana,220053,0,0,1,0,17,CADDO (17),9898,Not Reported,2,Febrero,4,2022,0,22,CR-BLANCHARD- FURRH ROAD,4,Calle del Condado,Rural,Local,County Highway Agency,0,Sin jurisdiccion especial,0,32.56654444,-93.93630278,Valla Ferrocarril,El primer evento no fue una colision con un vehiculo automotor en transporte,Not an Intersection,No fue interseccion,Sobre el lado de la calle,Ninguna,Oscuro sin iluminacion,Nieve,No,NO APLICA,0,21,0,29,1,04/02/2022,1
22,Louisiana,220054,1,1,1,0,51,JEFFERSON (51),1488,MARRERO,2,Febrero,5,2022,2,15,CR-AMES BLVD,4,Calle del Condado,Rural,Local,County Highway Agency,0,Sin jurisdiccion especial,0,29.86744444,-90.11105278,Peaton,El primer evento no fue una colision con un vehiculo automotor en transporte,Not an Intersection,No fue interseccion,Sobre calle,Ninguna,Oscuro con iluminacion,Despejado,No,NO APLICA,2,5,2,10,1,05/02/2022,1
22,Louisiana,220055,0,0,1,0,9,AVOYELLES (9),1480,MARKSVILLE,2,Febrero,7,2022,15,2,CR-ROBERT EDWARDS RD,4,Calle del Condado,Urbano,Local,County Highway Agency,0,Sin jurisdiccion especial,0,31.1605,-92.059,Zanja,El primer evento no fue una colision con un vehiculo automotor en transporte,Not an Intersection,No fue interseccion,Sobre el lado de la calle,Ninguna,Dia total,Despejado,No,NO APLICA,15,3,15,6,1,07/02/2022,1
22,Louisiana,220056,1,1,1,0,79,RAPIDES (79),9898,Not Reported,2,Febrero,8,2022,16,28,US-71,2,US Highway,Rural,Arteria Menor,State Highway Agency,0,Sin jurisdiccion especial,806,31.4109,-92.4837,Peaton,El primer evento no fue una colision con un vehiculo automotor en transporte,Not an Intersection,No fue interseccion,Sobre calle,Ninguna,Dia total,Despejado,No,NO APLICA,16,28,16,39,1,08/02/2022,2
22,Louisiana,220057,0,0,1,0,109,TERREBONNE (109),9898,Not Reported,2,Febrero,8,2022,21,10,SR-56,3,Highway estatal,Urbano,Arteria Menor,State Highway Agency,0,Sin jurisdiccion especial,150,29.47048056,-90.59000833,Culvert,El primer evento no fue una colision con un vehiculo automotor en transporte,Not an Intersection,No fue interseccion,Sobre el lado de la calle,Ninguna,Oscuro sin iluminacion,Despejado,No,NO APLICA,99,99,99,98,1,08/02/2022,1
22,Louisiana,220058,0,0,1,0,3,ALLEN (3),9898,Not Reported,2,Febrero,9,2022,20,3,CR-SHERMAN HOUSTON RD,4,Calle del Condado,Rural,Local,County Highway Agency,0,Sin jurisdiccion especial,0,30.50581667,-92.85008889,Algún evento nocivo sin detalles,El primer evento no fue una colision con un vehiculo automotor en transporte,T-Intersection,Interseccion de T,Sobre el lado de la calle,Ninguna,Oscuro sin iluminacion,Despejado,No,NO APLICA,20,6,20,11,1,09/02/2022,1
22,Louisiana,220059,0,0,1,0,75,PLAQUEMINES (75),9898,Not Reported,2,Febrero,10,2022,21,35,SR-23,3,Highway estatal,Rural,Arteria Menor,State Highway Agency,0,Sin jurisdiccion especial,413,29.59448889,-89.84553889,Volcadura,El primer evento no fue una colision con un vehiculo automotor en transporte,Not an Intersection,No fue interseccion,Sobre el lado de la calle,Ninguna,Oscuro sin iluminacion,Despejado,No,NO APLICA,21,36,21,52,1,10/02/2022,1
22,Louisiana,220060,0,0,1,0,57,LAFOURCHE (57),9898,Not Reported,2,Febrero,11,2022,1,41,SR-308,3,Highway estatal,Urbano,Colector Mayor,State Highway Agency,0,Sin jurisdiccion especial,361,29.78058889,-90.77713056,Buzon de correo,El primer evento no fue una colision con un vehiculo automotor en transporte,Not an Intersection,No fue interseccion,Sobre el lado de la calle,Ninguna,Oscuro con iluminacion,Despejado,No,NO APLICA,1,42,1,49,1,11/02/2022,2
22,Louisiana,220061,0,0,2,0,71,ORLEANS (71),1690,NEW ORLEANS,2,Febrero,14,2022,4,44,SR-47,3,Highway estatal,Urbano,Arteria Principal,State Highway Agency,1,Sin jurisdiccion especial,19,29.95609444,-89.95716389,Vehiculo en movimiento,Frente a Detrás,Not an Intersection,No fue interseccion,Sobre calle,Ninguna,Oscuro sin iluminacion,Despejado,No,NO APLICA,99,98,99,98,1,14/02/2022,2
22,Louisiana,220062,1,1,1,0,51,JEFFERSON (51),9898,Not Reported,2,Febrero,17,2022,0,27,MANHATTAN BLVD,6,Calle Local Municipalidad,Urbano,Local,City or Municipal Highway Agency,0,Sin jurisdiccion especial,0,29.88478611,-90.05435,Peaton,El primer evento no fue una colision con un vehiculo automotor en transporte,Not an Intersection,No fue interseccion,Sobre calle,Ninguna,Oscuro con iluminacion,lluvia,No,NO APLICA,0,31,0,36,1,17/02/2022,1
22,Louisiana,220063,1,1,1,0,19,CALCASIEU (19),2210,SULPHUR,2,Febrero,22,2022,19,50,RUTH STREET,6,Calle Local Municipalidad,Urbano,Local,City or Municipal Highway Agency,0,Sin jurisdiccion especial,0,30.21931389,-93.3763,No vehiculo o remolque,El primer evento no fue una colision con un vehiculo automotor en transporte,T-Intersection,Interseccion de T,Sobre calle,Ninguna,Oscuro con iluminacion,Nublado,No,NO APLICA,19,50,19,57,1,22/02/2022,2
22,Louisiana,220064,0,0,1,0,105,TANGIPAHOA (105),0,NO APLICA,2,Febrero,23,2022,16,30,I-12,1,Interestatal,Rural,Interestatal,State Highway Agency,1,Sin jurisdiccion especial,443,30.47901111,-90.38888056,Otra barrera de trafico,El primer evento no fue una colision con un vehiculo automotor en transporte,Not an Intersection,No fue interseccion,En el medio,Ninguna,Dia total,Despejado,No,NO APLICA,99,98,99,98,1,23/02/2022,1
22,Louisiana,220065,0,0,1,0,57,LAFOURCHE (57),0,NO APLICA,2,Febrero,26,2022,9,10,SR-182,3,Highway estatal,Rural,Colector Mayor,State Highway Agency,0,Sin jurisdiccion especial,13,29.74831667,-90.57268889,Acotamiento,El primer evento no fue una colision con un vehiculo automotor en transporte,Not an Intersection,No fue interseccion,Sobre el lado de la calle,Ninguna,Dia total,Nublado,No,NO APLICA,9,15,9,29,1,26/02/2022,1
22,Louisiana,220066,0,0,1,0,33,EAST BATON ROUGE (33),9898,Not Reported,2,Febrero,26,2022,22,4,US-61,2,US Highway,Rural,Arteria Principal,State Highway Agency,1,Sin jurisdiccion especial,885,30.59104167,-91.21860556,Acotamiento,El primer evento no fue una colision con un vehiculo automotor en transporte,Not an Intersection,No fue interseccion,Sobre el lado de la calle,Ninguna,Oscuro sin iluminacion,Despejado,No,NO APLICA,22,16,22,33,2,26/02/2022,3
22,Louisiana,220067,0,0,1,0,119,WEBSTER (119),1550,MINDEN,2,Febrero,27,2022,4,5,US-79,2,US Highway,Urbano,Arteria Menor,State Highway Agency,0,Sin jurisdiccion especial,531,32.62416944,-93.25452222,Banqueta,El primer evento no fue una colision con un vehiculo automotor en transporte,Not an Intersection,No fue interseccion,Sobre el lado de la calle,Ninguna,Oscuro con iluminacion,lluvia,No,NO APLICA,4,6,4,16,1,27/02/2022,3
22,Louisiana,220068,1,1,1,0,17,CADDO (17),2130,SHREVEPORT,3,Marzo,1,2022,19,9,SR-526,3,Highway estatal,Urbano,Arteria Principal,State Highway Agency,1,Sin jurisdiccion especial,71,32.40215556,-93.8194,Peaton,El primer evento no fue una colision con un vehiculo automotor en transporte,Not an Intersection,No fue interseccion,Sobre calle,Ninguna,Otra,Despejado,No,NO APLICA,99,98,99,98,1,01/03/2022,1