Estado,Nombre de Estado,Numero de Caso,Peatones,Personas _no_vehiculos,Vehiculos automotores,Vehiculos estacionados,Condado,Nombre Condado,Ciudad,Nombre Ciudad,Mes,Nombre Mes,Dia,Año,Hora,Minuto,Calle,Ruta,Nombre Ruta,Rural o Urbanoo,Sistema Funcional,Dueño Calle,Sistema Nacional Carreteras,Jurisdiccion Especial,Milla,Latitud,Longitud,Causa del Accidente,Tipo de Accidente,Tipo Interseccion,Columna1,Lugar en la calle,Zona de Trabajo,Luz,Clima,Autobus Escolar,Cruce de Trenes,Hora Notificacion,Minuto Notificacion,Hora Llegada,Minuto Llegada,Decesos,Fecha,PersonaVehiculo
22,Louisiana,220069,1,1,1,0,33,EAST BATON ROUGE (33),150,BATON ROUGE,1,Enero,2,2022,8,55,PAIGE STREET,6,Calle Local Municipalidad,Urbano,Local,City or Municipal Highway Agency,0,Sin jurisdiccion especial,0,30.51718889,-91.13904167,Peaton,El primer evento no fue una colision con un vehiculo automotor en transporte,Not an Intersection,No fue interseccion,Sobre calle,Ninguna,Dia total,Despejado,No,NO APLICA,8,56,9,0,1,02/01/2022,1
22,Louisiana,220070,1,1,1,0,105,TANGIPAHOA (105),1910,PONCHATOULA,1,Enero,8,2022,18,41,CR-S RANGE RD,4,Calle del Condado,Rural,Local,County Highway Agency,0,Sin jurisdiccion especial,0,30.45606111,-90.44383056,Peaton,El primer evento no fue una colision con un vehiculo automotor en transporte,Not an Intersection,No fue interseccion,Sobre calle,Ninguna,Oscuro sin iluminacion,Despejado,No,NO APLICA,18,42,18,57,1,08/01/2022,1
22,Louisiana,220071,0,0,2,0,43,GRANT (43),9898,Not Reported,1,Enero,11,2022,6,15,SR-8,3,Highway estatal,Urbano,Colector Mayor,State Highway Agency,0,Sin jurisdiccion especial,995,31.52207778,-92.36180833,Vehiculo en movimiento,Angulo,Not an Intersection,No fue interseccion,Sobre calle,Ninguna,Amanecer,Despejado,No,NO APLICA,6,22,6,26,1,11/01/2022,2
22,Louisiana,220072,0,0,2,0,105,TANGIPAHOA (105),9898,Not Reported,1,Enero,25,2022,5,30,I-55,1,Interestatal,Urbano,Interestatal,State Highway Agency,1,Sin jurisdiccion especial,446,30.69194444,-90.53255278,Vehiculo en movimiento,Frente a Detrás,Not an Intersection,No fue interseccion,Sobre calle,Ninguna,Oscuro sin iluminacion,lluvia,No,NO APLICA,5,33,5,42,1,25/01/2022,2
22,Louisiana,220073,0,0,1,0,33,EAST BATON ROUGE (33),0,NO APLICA,2,Febrero,12,2022,21,15,CR-LEMON RD,4,Calle del Condado,Rural,Local,County Highway Agency,0,Sin jurisdiccion especial,0,30.70838056,-91.13866111,Arbol,El primer evento no fue una colision con un vehiculo automotor en transporte,Not an Intersection,No fue interseccion,Sobre el lado de la calle,Ninguna,Oscuro sin iluminacion,Nublado,No,NO APLICA,21,15,21,27,1,12/02/2022,2
22,Louisiana,220074,0,0,1,0,55,LAFAYETTE (55),1230,LAFAYETTE,2,Febrero,21,2022,3,19,US-90Y,2,US Highway,Urbano,Arteria Principal,State Highway Agency,1,Sin jurisdiccion especial,1,30.23049167,-92.03126667,Poste o otros soportes,El primer evento no fue una colision con un vehiculo automotor en transporte,Not an Intersection,No fue interseccion,Sobre el lado de la calle,Ninguna,Oscuro con iluminacion,Despejado,No,NO APLICA,3,20,3,25,1,21/02/2022,2
22,Louisiana,220075,0,0,1,0,17,CADDO (17),2130,SHREVEPORT,2,Febrero,2,2022,20,15,SR-1,3,Highway estatal,Urbano,Arteria Principal,State Highway Agency,1,Sin jurisdiccion especial,3890,32.50556667,-93.738675,Valla Ferrocarril,El primer evento no fue una colision con un vehiculo automotor en transporte,Not an Intersection,No fue interseccion,Sobre el lado de la calle,Ninguna,Oscuro con iluminacion,Despejado,No,NO APLICA,20,13,20,19,1,02/02/2022,1
22,Louisiana,220076,1,1,1,0,71,ORLEANS (71),1690,NEW ORLEANS,2,Febrero,28,2022,22,13,I-10,1,Interestatal,Urbano,Interestatal,State Highway Agency,1,Sin jurisdiccion especial,2364,29.96428056,-90.07328056,Peaton,El primer evento no fue una colision con un vehiculo automotor en transporte,Not an Intersection,No fue interseccion,Sobre calle,Ninguna,Oscuro sin iluminacion,Despejado,No,NO APLICA,22,13,99,98,1,28/02/2022,1
22,Louisiana,220077,0,0,1,0,105,TANGIPAHOA (105),0,NO APLICA,3,Marzo,1,2022,0,19,SR-1249,3,Highway estatal,Urbano,Arteria Menor,State Highway Agency,0,Sin jurisdiccion especial,15,30.457125,-90.54222778,Culvert,El primer evento no fue una colision con un vehiculo automotor en transporte,Not an Intersection,No fue interseccion,Sobre el lado de la calle,Ninguna,Oscuro sin iluminacion,Despejado,No,NO APLICA,0,24,0,37,1,01/03/2022,1
22,Louisiana,220078,0,0,1,0,17,CADDO (17),9898,Not Reported,3,Marzo,1,2022,15,50,US-71,2,US Highway,Rural,Arteria Menor,State Highway Agency,0,Sin jurisdiccion especial,2270,32.952475,-93.89404167,Buzon de correo,El primer evento no fue una colision con un vehiculo automotor en transporte,Not an Intersection,No fue interseccion,Sobre el lado de la calle,Ninguna,Dia total,Despejado,No,NO APLICA,99,98,99,98,1,01/03/2022,1
22,Louisiana,220079,1,1,1,0,71,ORLEANS (71),1690,NEW ORLEANS,3,Marzo,2,2022,3,42,I-10,1,Interestatal,Urbano,Interestatal,State Highway Agency,1,Sin jurisdiccion especial,2320,29.96051111,-90.09786944,Peaton,El primer evento no fue una colision con un vehiculo automotor en transporte,Not an Intersection,No fue interseccion,Sobre calle,Ninguna,Oscuro sin iluminacion,Despejado,No,NO APLICA,99,98,99,98,1,02/03/2022,1
22,Louisiana,220080,0,0,3,0,33,EAST BATON ROUGE (33),150,BATON ROUGE,1,Enero,30,2022,20,6,SR-42,3,Highway estatal,Urbano,Arteria Principal,State Highway Agency,1,Sin jurisdiccion especial,16,30.39100278,-91.16134722,Vehiculo en movimiento,Angulo,T-Intersection,Interseccion de T,Sobre calle,Ninguna,Oscuro con iluminacion,Despejado,No,NO APLICA,20,7,20,17,1,30/01/2022,4
22,Louisiana,220081,0,0,2,0,63,LIVINGSTON (63),791,FRENCH SETTLEMENT,2,Febrero,1,2022,7,10,SR-16,3,Highway estatal,Rural,Arteria Menor,State Highway Agency,0,Sin jurisdiccion especial,37,30.30528889,-90.80146944,Vehiculo en movimiento,Frente a frente,Not an Intersection,No fue interseccion,Sobre calle,Ninguna,Dia total,Nublado,No,NO APLICA,7,15,7,23,1,01/02/2022,2
22,Louisiana,220082,0,0,2,0,31,DE SOTO (31),0,NO APLICA,2,Febrero,3,2022,7,5,US-84,2,US Highway,Rural,Arteria Menor,State Highway Agency,0,Sin jurisdiccion especial,256,32.05293889,-93.61228056,Vehiculo en movimiento,Angulo,Not an Intersection,No fue interseccion,Sobre el lado de la calle,Ninguna,Dia total,lluvia,No,NO APLICA,7,11,7,28,1,03/02/2022,2
22,Louisiana,220083,0,0,2,0,15,BOSSIER (15),230,BOSSIER CITY,2,Febrero,3,2022,7,46,SR-3,3,Highway estatal,Urbano,Arteria Principal,State Highway Agency,1,Sin jurisdiccion especial,31,32.56055,-93.72718889,Vehiculo en movimiento,Angulo,Four-Way Intersection,Interseccion de 4 direcciones,Sobre calle,Ninguna,Dia total,lluvia,No,NO APLICA,7,47,7,55,1,03/02/2022,5
22,Louisiana,220084,1,1,2,0,65,MADISON (65),0,NO APLICA,2,Febrero,3,2022,5,50,I-20,1,Interestatal,Rural,Interestatal,State Highway Agency,1,Sin jurisdiccion especial,1820,32.33058611,-91.029275,Vehiculo en movimiento,Angulo,Not an Intersection,No fue interseccion,En el medio,Ninguna,Oscuro sin iluminacion,lluvia,No,NO APLICA,5,55,6,0,1,03/02/2022,2
22,Louisiana,220085,0,0,2,0,19,CALCASIEU (19),0,NO APLICA,2,Febrero,3,2022,7,40,SR-27,3,Highway estatal,Rural,Arteria Menor,State Highway Agency,0,Sin jurisdiccion especial,991,30.41863889,-93.42273889,Vehiculo en movimiento,Angulo,Not an Intersection,No fue interseccion,Sobre Acotamiento,Ninguna,Dia total,lluvia,No,NO APLICA,7,34,7,46,1,03/02/2022,3
22,Louisiana,220086,0,0,2,0,63,LIVINGSTON (63),0,NO APLICA,2,Febrero,7,2022,20,42,I-12,1,Interestatal,Urbano,Interestatal,State Highway Agency,1,Sin jurisdiccion especial,188,30.47340278,-90.81505,Vehiculo en movimiento,Frente a Detrás,Not an Intersection,No fue interseccion,Sobre calle,Ninguna,Oscuro sin iluminacion,Despejado,No,NO APLICA,20,52,20,57,1,07/02/2022,2
22,Louisiana,220087,1,1,1,0,5,ASCENSION (5),610,DONALDSONVILLE,2,Febrero,8,2022,20,55,EAST BAYOU ROAD,6,Calle Local Municipalidad,Urbano,Local,City or Municipal Highway Agency,0,Sin jurisdiccion especial,0,30.0958,-91.00581111,Ciclista,El primer evento no fue una colision con un vehiculo automotor en transporte,T-Intersection,Interseccion de T,Sobre calle,Ninguna,Oscuro sin iluminacion,Despejado,No,NO APLICA,20,57,21,3,1,08/02/2022,2
22,Louisiana,220088,0,0,2,0,103,ST. TAMMANY (103),0,NO APLICA,2,Febrero,9,2022,8,20,SR-1077,3,Highway estatal,Rural,Colector Menor,State Highway Agency,0,Sin jurisdiccion especial,163,30.57932222,-90.22673889,Vehiculo en movimiento,Angulo,T-Intersection,Interseccion de T,Sobre calle,Ninguna,Dia total,Despejado,No,NO APLICA,8,24,8,37,1,09/02/2022,2
22,Louisiana,220089,0,0,2,0,63,LIVINGSTON (63),0,NO APLICA,2,Febrero,10,2022,18,19,SR-444,3,Highway estatal,Rural,Colector Menor,State Highway Agency,0,Sin jurisdiccion especial,25,30.32115833,-90.76541111,Vehiculo en movimiento,Golpe Lateral - direccion contraria,Not an Intersection,No fue interseccion,Sobre calle,Ninguna,Oscuro sin iluminacion,Despejado,No,NO APLICA,18,23,18,48,1,10/02/2022,2
22,Louisiana,220090,0,2,3,2,95,ST. JOHN THE BAPTIST (95),0,NO APLICA,2,Febrero,14,2022,2,25,I-55,1,Interestatal,Rural,Interestatal,State Highway Agency,1,Sin jurisdiccion especial,43,30.14433056,-90.4501,Vehiculo Funcionando,El primer evento no fue una colision con un vehiculo automotor en transporte,Not an Intersection,No fue interseccion,Sobre calle,Ninguna,Oscuro sin iluminacion,Despejado,No,NO APLICA,2,36,2,54,1,14/02/2022,1
22,Louisiana,220091,1,1,1,0,5,ASCENSION (5),870,GONZALES,2,Febrero,17,2022,0,10,SR-429,3,Highway estatal,Urbano,Colector Mayor,State Highway Agency,0,Sin jurisdiccion especial,33,30.23271111,-90.94156944,Ciclista,El primer evento no fue una colision con un vehiculo automotor en transporte,Not an Intersection,No fue interseccion,Sobre calle,Ninguna,Oscuro sin iluminacion,Despejado,No,NO APLICA,0,24,0,44,1,17/02/2022,1
22,Louisiana,220092,1,1,1,0,69,NATCHITOCHES (69),0,NO APLICA,2,Febrero,18,2022,2,22,I-49,1,Interestatal,Rural,Interestatal,State Highway Agency,1,Sin jurisdiccion especial,1096,31.46349722,-92.79507222,Ciclista,El primer evento no fue una colision con un vehiculo automotor en transporte,Not an Intersection,No fue interseccion,Sobre calle,Ninguna,Oscuro sin iluminacion,Nublado,No,NO APLICA,2,28,2,54,1,18/02/2022,1
22,Louisiana,220093,0,0,2,0,105,TANGIPAHOA (105),1910,PONCHATOULA,2,Febrero,18,2022,3,10,SR-22,3,Highway estatal,Urbano,Arteria Menor,State Highway Agency,0,Sin jurisdiccion especial,466,30.43963056,-90.48073889,Vehiculo en movimiento,Frente a frente,Not an Intersection,No fue interseccion,Sobre calle,Ninguna,Oscuro con iluminacion,Despejado,No,NO APLICA,3,5,3,24,1,18/02/2022,2
22,Louisiana,220094,0,0,2,0,55,LAFAYETTE (55),1230,LAFAYETTE,2,Febrero,21,2022,15,42,LOUISIANA AVENUE,6,Calle Local Municipalidad,Urbano,Local,City or Municipal Highway Agency,0,Sin jurisdiccion especial,0,30.26386111,-91.99258889,Vehiculo en movimiento,No reportado,Four-Way Intersection,Interseccion de 4 direcciones,Sobre calle,Ninguna,Dia total,Despejado,No,NO APLICA,15,42,15,53,1,21/02/2022,3
22,Louisiana,220095,0,0,2,0,33,EAST BATON ROUGE (33),2490,ZACHARY,2,Febrero,22,2022,18,28,SR-64,3,Highway estatal,Urbano,Arteria Menor,State Highway Agency,0,Sin jurisdiccion especial,33,30.65007222,-91.13863889,Vehiculo en movimiento,Angulo,T-Intersection,Interseccion de T,Sobre calle,Ninguna,Oscuro con iluminacion,Despejado,No,NO APLICA,18,28,18,42,1,22/02/2022,5
22,Louisiana,220096,1,1,1,0,33,EAST BATON ROUGE (33),150,BATON ROUGE,2,Febrero,23,2022,23,10,SR-946,3,Highway estatal,Urbano,Arteria Menor,State Highway Agency,0,Sin jurisdiccion especial,13,30.50253056,-91.08716944,Ciclista,El primer evento no fue una colision con un vehiculo automotor en transporte,T-Intersection,Interseccion de T,Sobre calle,Ninguna,Oscuro sin iluminacion,Despejado,No,NO APLICA,22,57,23,6,1,23/02/2022,1
22,Louisiana,220097,0,0,2,0,17,CADDO (17),2130,SHREVEPORT,2,Febrero,26,2022,23,34,SR-526,3,Highway estatal,Urbano,Arteria Principal,State Highway Agency,1,Sin jurisdiccion especial,154,32.4388,-93.70658056,Vehiculo en movimiento,Angulo,Four-Way Intersection,Interseccion de 4 direcciones,Sobre calle,Ninguna,Oscuro con iluminacion,lluvia,No,NO APLICA,23,34,23,39,1,26/02/2022,2
22,Louisiana,220098,0,0,2,0,1,ACADIA (1),0,NO APLICA,2,Febrero,27,2022,19,16,SR-35,3,Highway estatal,Rural,Arteria Menor,State Highway Agency,0,Sin jurisdiccion especial,393,30.37518889,-92.24971944,Vehiculo en movimiento,Frente a frente,Not an Intersection,No fue interseccion,Sobre Acotamiento,Ninguna,Oscuro sin iluminacion,Despejado,No,NO APLICA,19,18,19,20,2,27/02/2022,13
22,Louisiana,220099,1,1,1,0,1,ACADIA (1),0,NO APLICA,3,Marzo,9,2022,19,50,SR-719,3,Highway estatal,Rural,Colector Mayor,State Highway Agency,0,Sin jurisdiccion especial,7,30.23711944,-92.21016944,Peaton,El primer evento no fue una colision con un vehiculo automotor en transporte,Not an Intersection,No fue interseccion,Sobre calle,Ninguna,Oscuro sin iluminacion,Despejado,No,NO APLICA,20,1,20,8,1,09/03/2022,1
22,Louisiana,220100,0,0,1,0,27,CLAIBORNE (27),0,NO APLICA,3,Marzo,22,2022,15,20,SR-534,3,Highway estatal,Rural,Local,State Highway Agency,0,Sin jurisdiccion especial,46,32.76848889,-93.17445,Arbol,El primer evento no fue una colision con un vehiculo automotor en transporte,Not an Intersection,No fue interseccion,Sobre el lado de la calle,Ninguna,Dia total,Nublado,No,NO APLICA,15,40,15,54,1,22/03/2022,2
22,Louisiana,220101,0,0,1,0,51,JEFFERSON (51),2246,TERRYTOWN,1,Enero,1,2022,6,43,LAPALCO BLVD,5,Calle Local - Pueblo,Urbano,Local,Town or Township Highway Agency,0,Sin jurisdiccion especial,0,29.881075,-90.02595833,Banqueta,El primer evento no fue una colision con un vehiculo automotor en transporte,Not an Intersection,No fue interseccion,Sobre el lado de la calle,Ninguna,Dia total,Nublado,No,NO APLICA,6,45,6,54,1,01/01/2022,3
22,Louisiana,220102,1,1,1,0,71,ORLEANS (71),1690,NEW ORLEANS,2,Febrero,5,2022,23,36,DECATUR ST,6,Calle Local Municipalidad,Urbano,Local,City or Municipal Highway Agency,0,Sin jurisdiccion especial,0,29.9563,-90.06319444,Peaton,El primer evento no fue una colision con un vehiculo automotor en transporte,T-Intersection,Interseccion de T,Sobre calle,Ninguna,Oscuro con iluminacion,Despejado,No,NO APLICA,23,36,23,40,1,05/02/2022,1
22,Louisiana,220103,0,0,1,0,19,CALCASIEU (19),1250,LAKE CHARLES,2,Febrero,9,2022,4,30,COMMON ST,6,Calle Local Municipalidad,Urbano,Local,City or Municipal Highway Agency,0,Sin jurisdiccion especial,0,30.21202222,-93.21401667,Banqueta,El primer evento no fue una colision con un vehiculo automotor en transporte,Not an Intersection,No fue interseccion,Sobre el lado de la calle,Ninguna,Oscuro con iluminacion,Despejado,No,NO APLICA,99,99,99,98,1,09/02/2022,1
22,Louisiana,220104,0,0,1,0,101,ST. MARY (101),9898,Not Reported,2,Febrero,15,2022,20,54,SR-83,3,Highway estatal,Rural,Colector Mayor,State Highway Agency,0,Sin jurisdiccion especial,262,29.81613056,-91.66766111,Acotamiento,El primer evento no fue una colision con un vehiculo automotor en transporte,Not an Intersection,No fue interseccion,Sobre el lado de la calle,Ninguna,Oscuro con iluminacion,Despejado,No,NO APLICA,20,54,21,9,1,15/02/2022,1
22,Louisiana,220105,1,1,1,0,63,LIVINGSTON (63),9898,Not Reported,3,Marzo,3,2022,2,55,I-12,1,Interestatal,Rural,Interestatal,State Highway Agency,1,Sin jurisdiccion especial,251,30.47592778,-90.709875,Peaton,El primer evento no fue una colision con un vehiculo automotor en transporte,Not an Intersection,No fue interseccion,Sobre calle,Ninguna,Oscuro sin iluminacion,Despejado,No,NO APLICA,2,59,3,13,1,03/03/2022,1
22,Louisiana,220106,0,0,1,0,73,OUACHITA (73),1560,MONROE,3,Marzo,3,2022,13,6,RIVERSIDE DRIVE,6,Calle Local Municipalidad,Urbano,Local,City or Municipal Highway Agency,0,Sin jurisdiccion especial,0,32.52214444,-92.13264444,Arbol,El primer evento no fue una colision con un vehiculo automotor en transporte,Not an Intersection,No fue interseccion,Sobre el lado de la calle,Ninguna,Dia total,Despejado,No,NO APLICA,13,6,13,8,1,03/03/2022,2
22,Louisiana,220107,0,0,1,0,55,LAFAYETTE (55),0,NO APLICA,3,Marzo,4,2022,23,40,CR-LEBESQUE ROAD,4,Calle del Condado,Rural,Local,County Highway Agency,0,Sin jurisdiccion especial,0,30.27581111,-92.06108056,Zanja,El primer evento no fue una colision con un vehiculo automotor en transporte,Not an Intersection,No fue interseccion,Sobre el lado de la calle,Ninguna,Oscuro sin iluminacion,Despejado,No,NO APLICA,23,45,23,58,1,04/03/2022,1
22,Louisiana,220108,1,1,1,0,119,WEBSTER (119),0,NO APLICA,3,Marzo,4,2022,12,42,US-371,2,US Highway,Rural,Arteria Menor,State Highway Agency,0,Sin jurisdiccion especial,778,32.95088889,-93.45688611,Peaton,El primer evento no fue una colision con un vehiculo automotor en transporte,Not an Intersection,No fue interseccion,Sobre calle,Ninguna,Dia total,Despejado,No,NO APLICA,12,46,12,53,1,04/03/2022,3
22,Louisiana,220109,0,0,1,0,105,TANGIPAHOA (105),9898,Not Reported,3,Marzo,4,2022,5,30,SR-1064,3,Highway estatal,Urbano,Arteria Menor,State Highway Agency,0,Sin jurisdiccion especial,74,30.54846111,-90.44121111,Zanja,El primer evento no fue una colision con un vehiculo automotor en transporte,Not an Intersection,No fue interseccion,Sobre el lado de la calle,Ninguna,Oscuro sin iluminacion,Despejado,No,NO APLICA,5,35,5,42,1,04/03/2022,1
22,Louisiana,220110,0,0,1,0,31,DE SOTO (31),9898,Not Reported,3,Marzo,5,2022,14,56,SR-5,3,Highway estatal,Rural,Colector Mayor,State Highway Agency,0,Sin jurisdiccion especial,117,32.13541667,-93.93562778,Arbol,El primer evento no fue una colision con un vehiculo automotor en transporte,Not an Intersection,No fue interseccion,Sobre el lado de la calle,Ninguna,Dia total,Despejado,No,NO APLICA,14,58,15,12,1,05/03/2022,2
22,Louisiana,220111,0,0,1,0,9,AVOYELLES (9),9898,Not Reported,3,Marzo,6,2022,20,10,SR-105,3,Highway estatal,Rural,Colector Mayor,State Highway Agency,0,Sin jurisdiccion especial,358,30.94381111,-91.80956389,Acotamiento,El primer evento no fue una colision con un vehiculo automotor en transporte,Not an Intersection,No fue interseccion,Sobre el lado de la calle,Ninguna,Oscuro sin iluminacion,Despejado,No,NO APLICA,20,16,20,44,1,06/03/2022,1
22,Louisiana,220112,1,1,1,0,51,JEFFERSON (51),0,NO APLICA,3,Marzo,8,2022,19,14,US-90Z,2,US Highway,Urbano,Arteria Principal,State Highway Agency,1,Sin jurisdiccion especial,41,29.89395,-90.11976389,Peaton,El primer evento no fue una colision con un vehiculo automotor en transporte,Not an Intersection,No fue interseccion,Gore?,Ninguna,Oscuro con iluminacion,Despejado,No,NO APLICA,19,18,19,23,1,08/03/2022,1
22,Louisiana,220113,0,0,1,0,51,JEFFERSON (51),9898,Not Reported,3,Marzo,10,2022,3,48,US-90Z,2,US Highway,Urbano,Arteria Principal,State Highway Agency,1,Sin jurisdiccion especial,38,29.8939,-90.12520278,Banqueta,El primer evento no fue una colision con un vehiculo automotor en transporte,Four-Way Intersection,Interseccion de 4 direcciones,Sobre el lado de la calle,Ninguna,Oscuro con iluminacion,Nublado,No,NO APLICA,4,4,4,15,1,10/03/2022,1
22,Louisiana,220114,1,1,1,0,103,ST. TAMMANY (103),0,NO APLICA,3,Marzo,11,2022,1,0,I-10,1,Interestatal,Rural,Interestatal,State Highway Agency,1,Sin jurisdiccion especial,2658,30.27221111,-89.75514722,Peaton,El primer evento no fue una colision con un vehiculo automotor en transporte,Not an Intersection,No fue interseccion,Sobre calle,Ninguna,Oscuro sin iluminacion,Despejado,No,NO APLICA,1,5,1,16,1,11/03/2022,1
22,Louisiana,220115,0,0,1,0,71,ORLEANS (71),1690,NEW ORLEANS,3,Marzo,18,2022,22,17,TCHOUPITOULAS,6,Calle Local Municipalidad,Urbano,Local,City or Municipal Highway Agency,0,Sin jurisdiccion especial,0,29.92621111,-90.06756111,Muro,El primer evento no fue una colision con un vehiculo automotor en transporte,Not an Intersection,No fue interseccion,Sobre el lado de la calle,Ninguna,Oscuro con iluminacion,Despejado,No,NO APLICA,22,20,22,26,1,18/03/2022,2
22,Louisiana,220116,1,1,1,0,71,ORLEANS (71),1690,NEW ORLEANS,3,Marzo,19,2022,20,19,I-510,1,Interestatal,Urbano,Interestatal,State Highway Agency,1,Sin jurisdiccion especial,10,30.03040833,-89.93754722,Peaton,El primer evento no fue una colision con un vehiculo automotor en transporte,Not an Intersection,No fue interseccion,Sobre calle,Ninguna,Oscuro sin iluminacion,Despejado,No,NO APLICA,99,98,99,98,1,19/03/2022,1
22,Louisiana,220117,1,1,1,0,63,LIVINGSTON (63),9898,Not Reported,3,Marzo,2,2022,18,58,CR-S SATSUMA ROAD,4,Calle del Condado,Rural,Local,County Highway Agency,0,Sin jurisdiccion especial,0,30.43756667,-90.78961111,Peaton,El primer evento no fue una colision con un vehiculo automotor en transporte,Not an Intersection,No fue interseccion,Sobre calle,Ninguna,Oscuro sin iluminacion,Despejado,No,NO APLICA,19,2,19,26,1,02/03/2022,1
22,Louisiana,220118,0,0,1,0,35,EAST CARROLL (35),9898,Not Reported,3,Marzo,20,2022,21,13,US-65,2,US Highway,Urbano,Arteria Principal,State Highway Agency,1,Sin jurisdiccion especial,862,32.81212222,-91.18951667,Arbol,El primer evento no fue una colision con un vehiculo automotor en transporte,Not an Intersection,No fue interseccion,Sobre el lado de la calle,Ninguna,Oscuro sin iluminacion,Despejado,No,NO APLICA,88,88,88,88,1,20/03/2022,1
22,Louisiana,220119,0,0,2,0,63,LIVINGSTON (63),791,FRENCH SETTLEMENT,2,Febrero,17,2022,12,49,SR-16,3,Highway estatal,Urbano,Arteria Menor,State Highway Agency,0,Sin jurisdiccion especial,63,30.32720278,-90.82008889,Vehiculo en movimiento,Frente a frente,Not an Intersection,No fue interseccion,Sobre calle,Ninguna,Dia total,Nublado,No,NO APLICA,12,50,13,17,1,17/02/2022,4
22,Louisiana,220120,1,1,1,0,5,ASCENSION (5),0,NO APLICA,2,Febrero,27,2022,0,15,SR-938,3,Highway estatal,Rural,Local,State Highway Agency,0,Sin jurisdiccion especial,13,30.24708889,-90.93014167,Peaton,El primer evento no fue una colision con un vehiculo automotor en transporte,Not an Intersection,No fue interseccion,Sobre el lado de la calle,Ninguna,Oscuro sin iluminacion,Despejado,No,NO APLICA,0,8,0,14,1,27/02/2022,1
22,Louisiana,220122,0,0,1,0,19,CALCASIEU (19),0,NO APLICA,3,Marzo,5,2022,23,45,CR-OLD HWY  90,4,Calle del Condado,Urbano,Local,County Highway Agency,0,Sin jurisdiccion especial,0,30.1021,-93.69311944,Immersion total o parcial,El primer evento no fue una colision con un vehiculo automotor en transporte,Not an Intersection,No fue interseccion,Sobre el lado de la calle,Ninguna,Oscuro sin iluminacion,Despejado,No,NO APLICA,99,98,99,98,1,05/03/2022,1
22,Louisiana,220123,0,0,1,0,5,ASCENSION (5),0,NO APLICA,3,Marzo,25,2022,1,11,I-10,1,Interestatal,Rural,Interestatal,State Highway Agency,1,Sin jurisdiccion especial,1846,30.16534444,-90.85390833,Otro objeto (fijo),El primer evento no fue una colision con un vehiculo automotor en transporte,Not an Intersection,No fue interseccion,Sobre el lado de la calle,Ninguna,Oscuro sin iluminacion,Despejado,No,NO APLICA,1,11,1,38,1,25/03/2022,2
22,Louisiana,220124,0,0,1,0,127,WINN (127),0,NO APLICA,3,Marzo,26,2022,17,53,SR-126,3,Highway estatal,Rural,Colector Mayor,State Highway Agency,0,Sin jurisdiccion especial,126,32.1214,-92.77671111,Acotamiento,El primer evento no fue una colision con un vehiculo automotor en transporte,Not an Intersection,No fue interseccion,Sobre el lado de la calle,Ninguna,Dia total,Despejado,No,NO APLICA,17,59,18,20,1,26/03/2022,1
22,Louisiana,220125,1,1,1,0,71,ORLEANS (71),1690,NEW ORLEANS,3,Marzo,29,2022,19,57,I-10,1,Interestatal,Urbano,Interestatal,State Highway Agency,1,Sin jurisdiccion especial,2471,30.05706111,-89.94375,Peaton,El primer evento no fue una colision con un vehiculo automotor en transporte,Not an Intersection,No fue interseccion,Sobre calle,Ninguna,Oscuro sin iluminacion,Despejado,No,NO APLICA,19,57,20,0,1,29/03/2022,1
22,Louisiana,220126,1,1,1,0,55,LAFAYETTE (55),1230,LAFAYETTE,3,Marzo,31,2022,21,32,MARIE ANTOINETTE ST,6,Calle Local Municipalidad,Urbano,Local,City or Municipal Highway Agency,0,Sin jurisdiccion especial,0,30.20787222,-92.06058056,Peaton,El primer evento no fue una colision con un vehiculo automotor en transporte,Not an Intersection,No fue interseccion,Sobre calle,Ninguna,Oscuro con iluminacion,Despejado,No,NO APLICA,21,34,21,39,1,31/03/2022,2
22,Louisiana,220127,0,0,2,0,39,EVANGELINE (39),2320,VILLE PLATTE,1,Enero,4,2022,9,30,US-167,2,US Highway,Urbano,Arteria Menor,State Highway Agency,0,Sin jurisdiccion especial,611,30.67796944,-92.2488,Vehiculo en movimiento,Angulo,Not an Intersection,No fue interseccion,Sobre calle,Ninguna,Dia total,Despejado,No,NO APLICA,10,0,10,5,1,04/01/2022,2
22,Louisiana,220128,1,1,1,0,79,RAPIDES (79),112,BALL,1,Enero,11,2022,17,48,US-165,2,US Highway,Urbano,Arteria Principal,State Highway Agency,1,Sin jurisdiccion especial,900,31.38063056,-92.4064,Peaton,El primer evento no fue una colision con un vehiculo automotor en transporte,Not an Intersection,No fue interseccion,Sobre calle,Ninguna,Atardecer,Despejado,No,NO APLICA,17,49,17,58,1,11/01/2022,1
22,Louisiana,220129,0,0,2,0,15,BOSSIER (15),230,BOSSIER CITY,1,Enero,30,2022,1,4,SHED ROAD,6,Calle Local Municipalidad,Urbano,Local,City or Municipal Highway Agency,0,Sin jurisdiccion especial,0,32.53284167,-93.70359167,Vehiculo en movimiento,Frente a frente,Not an Intersection,No fue interseccion,Sobre calle,Ninguna,Oscuro con iluminacion,Despejado,No,NO APLICA,1,8,1,13,1,30/01/2022,2
22,Louisiana,220130,0,0,2,0,73,OUACHITA (73),2208,STERLINGTON,2,Febrero,22,2022,10,28,SR-2,3,Highway estatal,Rural,Arteria Menor,State Highway Agency,0,Sin jurisdiccion especial,1345,32.68439722,-92.05355278,Vehiculo en movimiento,Frente a frente,Not an Intersection,No fue interseccion,Sobre calle,Ninguna,Dia total,Nublado,No,NO APLICA,10,28,10,51,1,22/02/2022,2