Estado,Nombre de Estado,Numero de Caso,Peatones,Personas _no_vehiculos,Vehiculos automotores,Vehiculos estacionados,Condado,Nombre Condado,Ciudad,Nombre Ciudad,Mes,Nombre Mes,Dia,Año,Hora,Minuto,Calle,Ruta,Nombre Ruta,Rural o Urbanoo,Sistema Funcional,Dueño Calle,Sistema Nacional Carreteras,Jurisdiccion Especial,Milla,Latitud,Longitud,Causa del Accidente,Tipo de Accidente,Tipo Interseccion,Columna1,Lugar en la calle,Zona de Trabajo,Luz,Clima,Autobus Escolar,Cruce de Trenes,Hora Notificacion,Minuto Notificacion,Hora Llegada,Minuto Llegada,Decesos,Fecha,PersonaVehiculo
22,Louisiana,220131,2,3,3,2,51,JEFFERSON (51),0,NO APLICA,2,Febrero,27,2022,0,5,I-10,1,Interestatal,Urbano,Interestatal,State Highway Agency,1,Sin jurisdiccion especial,2271,29.99956667,-90.18919444,Vehiculo Aparcado,El primer evento no fue una colision con un vehiculo automotor en transporte,Not an Intersection,No fue interseccion,Gore?,Ninguna,Oscuro con iluminacion,Despejado,No,NO APLICA,0,12,0,23,1,27/02/2022,1
22,Louisiana,220132,0,0,7,4,31,DE SOTO (31),1420,MANSFIELD,2,Febrero,28,2022,16,5,US-84,2,US Highway,Rural,Arteria Principal,State Highway Agency,1,Sin jurisdiccion especial,178,32.01675833,-93.73924722,Vehiculo en movimiento,Angulo,Not an Intersection,No fue interseccion,Sobre calle,Ninguna,Dia total,Despejado,No,NO APLICA,16,9,16,15,2,28/02/2022,5
22,Louisiana,220133,0,0,2,0,67,MOREHOUSE (67),140,BASTROP,2,Febrero,28,2022,14,14,US-165,2,US Highway,Urbano,Arteria Principal,State Highway Agency,1,Sin jurisdiccion especial,2042,32.77358056,-91.87678889,Vehiculo en movimiento,Frente a frente,T-Intersection,Interseccion de T,Sobre calle,Ninguna,Dia total,Despejado,No,NO APLICA,14,21,14,32,1,28/02/2022,2
22,Louisiana,220134,1,1,2,0,47,IBERVILLE (47),0,NO APLICA,3,Marzo,4,2022,10,11,I-10,1,Interestatal,Rural,Interestatal,State Highway Agency,1,Sin jurisdiccion especial,1300,30.37628056,-91.59706944,Vehiculo en movimiento,Frente a Detrás,Not an Intersection,No fue interseccion,Sobre calle,Ninguna,Dia total,Despejado,No,NO APLICA,10,11,12,18,1,04/03/2022,3
22,Louisiana,220135,0,0,4,0,19,CALCASIEU (19),1250,LAKE CHARLES,3,Marzo,7,2022,22,10,I-10,1,Interestatal,Urbano,Interestatal,State Highway Agency,1,Sin jurisdiccion especial,351,30.24530278,-93.15325833,Vehiculo en movimiento,Golpe Lateral - misma direccion,Not an Intersection,No fue interseccion,Sobre calle,Ninguna,Oscuro sin iluminacion,Despejado,No,NO APLICA,22,12,22,20,2,07/03/2022,7
22,Louisiana,220136,0,0,2,0,127,WINN (127),0,NO APLICA,3,Marzo,8,2022,17,0,US-71,2,US Highway,Rural,Arteria Menor,State Highway Agency,0,Sin jurisdiccion especial,1164,31.74143056,-92.93055,Vehiculo en movimiento,Frente a frente,Not an Intersection,No fue interseccion,Sobre calle,Ninguna,Dia total,lluvia,No,NO APLICA,16,58,17,5,1,08/03/2022,3
22,Louisiana,220137,1,1,1,0,55,LAFAYETTE (55),1230,LAFAYETTE,3,Marzo,8,2022,23,20,SR-723,3,Highway estatal,Urbano,Colector Mayor,State Highway Agency,0,Sin jurisdiccion especial,77,30.25856111,-92.05751667,Ciclista,El primer evento no fue una colision con un vehiculo automotor en transporte,Not an Intersection,No fue interseccion,Sobre calle,Ninguna,Oscuro con iluminacion,Despejado,No,NO APLICA,23,15,23,28,1,08/03/2022,2
22,Louisiana,220138,0,0,2,0,55,LAFAYETTE (55),1230,LAFAYETTE,3,Marzo,9,2022,13,57,SR-94,3,Highway estatal,Urbano,Arteria Menor,State Highway Agency,0,Sin jurisdiccion especial,2,30.2269,-92.00658056,Vehiculo en movimiento,Angulo,Four-Way Intersection,Interseccion de 4 direcciones,Sobre calle,Ninguna,Dia total,Despejado,No,NO APLICA,13,57,14,3,1,09/03/2022,4
22,Louisiana,220139,0,0,2,0,103,ST. TAMMANY (103),0,NO APLICA,3,Marzo,10,2022,16,12,I-12,1,Interestatal,Urbano,Interestatal,State Highway Agency,1,Sin jurisdiccion especial,832,30.31034722,-89.78389722,Vehiculo en movimiento,Frente a Detrás,Not an Intersection,No fue interseccion,Sobre calle,Ninguna,Dia total,Despejado,No,NO APLICA,16,17,16,19,1,10/03/2022,2
22,Louisiana,220140,0,0,2,0,43,GRANT (43),0,NO APLICA,3,Marzo,14,2022,10,37,US-71,2,US Highway,Rural,Arteria Menor,State Highway Agency,0,Sin jurisdiccion especial,1083,31.64545278,-92.85741667,Vehiculo en movimiento,Angulo,T-Intersection,Interseccion de T,Sobre calle,Ninguna,Dia total,Nublado,No,NO APLICA,10,37,10,54,1,14/03/2022,3
22,Louisiana,220141,0,0,2,0,101,ST. MARY (101),190,BERWICK,3,Marzo,20,2022,21,56,SR-182,3,Highway estatal,Urbano,Arteria Menor,State Highway Agency,0,Sin jurisdiccion especial,534,29.69538889,-91.21738056,Vehiculo en movimiento,Frente a Detrás,Not an Intersection,No fue interseccion,Sobre calle,Ninguna,Oscuro sin iluminacion,Despejado,No,NO APLICA,21,56,22,19,1,20/03/2022,2
22,Louisiana,220142,0,0,2,0,75,PLAQUEMINES (75),0,NO APLICA,3,Marzo,22,2022,22,5,SR-23,3,Highway estatal,Rural,Arteria Menor,State Highway Agency,0,Sin jurisdiccion especial,16,29.28768889,-89.36606944,Vehiculo en movimiento,Frente a Detrás,Not an Intersection,No fue interseccion,Sobre calle,Ninguna,Oscuro sin iluminacion,lluvia,No,NO APLICA,22,6,22,33,1,22/03/2022,2
22,Louisiana,220143,0,0,2,0,105,TANGIPAHOA (105),980,HAMMOND,3,Marzo,23,2022,1,0,US-190,2,US Highway,Urbano,Arteria Principal,State Highway Agency,1,Sin jurisdiccion especial,2213,30.50564722,-90.45425,Vehiculo en movimiento,Frente a frente,Not an Intersection,No fue interseccion,Sobre calle,Ninguna,Oscuro sin iluminacion,Despejado,No,NO APLICA,1,10,1,17,1,23/03/2022,2
22,Louisiana,220144,0,0,3,0,121,WEST BATON ROUGE (121),0,NO APLICA,3,Marzo,24,2022,11,0,I-10,1,Interestatal,Urbano,Interestatal,State Highway Agency,1,Sin jurisdiccion especial,1531,30.44318889,-91.22493056,Vehiculo en movimiento,Frente a Detrás,Not an Intersection,No fue interseccion,Sobre calle,Ninguna,Dia total,Despejado,No,NO APLICA,11,3,99,99,1,24/03/2022,7
22,Louisiana,220145,1,1,1,0,73,OUACHITA (73),0,NO APLICA,3,Marzo,25,2022,19,18,SR-616,3,Highway estatal,Urbano,Arteria Menor,State Highway Agency,0,Sin jurisdiccion especial,38,32.53508889,-92.18330833,Ciclista,El primer evento no fue una colision con un vehiculo automotor en transporte,Not an Intersection,No fue interseccion,Sobre calle,Ninguna,Dia total,Despejado,No,NO APLICA,19,14,19,21,1,25/03/2022,1
22,Louisiana,220146,0,0,2,0,17,CADDO (17),2130,SHREVEPORT,3,Marzo,26,2022,16,45,I-20,1,Interestatal,Urbano,Interestatal,State Highway Agency,1,Sin jurisdiccion especial,177,32.49621944,-93.76096944,Vehiculo en movimiento,Golpe Lateral - misma direccion,Not an Intersection,No fue interseccion,Sobre calle,Ninguna,Dia total,Despejado,No,NO APLICA,16,47,16,54,1,26/03/2022,4
22,Louisiana,220147,0,0,2,0,1,ACADIA (1),0,NO APLICA,3,Marzo,26,2022,19,56,I-10,1,Interestatal,Rural,Interestatal,State Highway Agency,1,Sin jurisdiccion especial,698,30.23616667,-92.57589167,Vehiculo en movimiento,Frente a Detrás,Not an Intersection,No fue interseccion,Sobre calle,Ninguna,Oscuro sin iluminacion,Despejado,No,NO APLICA,19,58,20,19,1,26/03/2022,3
22,Louisiana,220148,0,0,2,0,17,CADDO (17),2130,SHREVEPORT,3,Marzo,29,2022,17,46,SR-1,3,Highway estatal,Urbano,Arteria Principal,State Highway Agency,1,Sin jurisdiccion especial,3820,32.41673889,-93.70331944,Vehiculo en movimiento,Angulo,T-Intersection,Interseccion de T,Sobre calle,Ninguna,Dia total,Despejado,No,NO APLICA,17,44,17,48,1,29/03/2022,2
22,Louisiana,220149,0,0,2,0,17,CADDO (17),946,GREENWOOD,3,Marzo,30,2022,16,23,US-80,2,US Highway,Urbano,Arteria Principal,State Highway Agency,0,Sin jurisdiccion especial,60,32.443,-93.95220278,Vehiculo en movimiento,Frente a Detrás,Four-Way Intersection,Interseccion de 4 direcciones,Sobre calle,Ninguna,Dia total,Despejado,No,NO APLICA,16,24,16,25,1,30/03/2022,2
22,Louisiana,220150,0,0,2,0,17,CADDO (17),0,NO APLICA,3,Marzo,30,2022,13,32,SR-525,3,Highway estatal,Rural,Colector Mayor,State Highway Agency,0,Sin jurisdiccion especial,6,32.31228611,-93.934,Vehiculo en movimiento,Angulo,Not an Intersection,No fue interseccion,Sobre calle,Ninguna,Dia total,lluvia,No,NO APLICA,13,28,13,35,1,30/03/2022,2
22,Louisiana,220151,0,0,2,0,47,IBERVILLE (47),0,NO APLICA,3,Marzo,30,2022,18,7,SR-77,3,Highway estatal,Rural,Colector Mayor,State Highway Agency,0,Sin jurisdiccion especial,287,30.48113611,-91.50526389,Vehiculo en movimiento,Frente a Detrás,Not an Intersection,No fue interseccion,Sobre calle,Ninguna,Dia total,Nublado,No,NO APLICA,17,59,18,16,1,30/03/2022,2
22,Louisiana,220152,0,0,2,0,19,CALCASIEU (19),1250,LAKE CHARLES,3,Marzo,30,2022,7,30,SR-384,3,Highway estatal,Urbano,Arteria Principal,State Highway Agency,1,Sin jurisdiccion especial,322,30.16858889,-93.25018056,Vehiculo en movimiento,Angulo,Not an Intersection,No fue interseccion,Sobre calle,Ninguna,Dia total,Despejado,No,NO APLICA,99,99,99,99,1,30/03/2022,4
22,Louisiana,220153,1,1,1,0,33,EAST BATON ROUGE (33),945,GREENWELL SPRINGS,3,Marzo,11,2022,19,30,SR-946,3,Highway estatal,Urbano,Arteria Menor,State Highway Agency,0,Sin jurisdiccion especial,33,30.51838611,-91.06651111,Peaton,El primer evento no fue una colision con un vehiculo automotor en transporte,Not an Intersection,No fue interseccion,"Izquierda continua, carril de vuelta",Ninguna,Oscuro sin iluminacion,lluvia,No,NO APLICA,19,32,19,36,1,11/03/2022,1
22,Louisiana,220154,0,0,2,0,1,ACADIA (1),390,CHURCH POINT,4,Abril,2,2022,16,58,S MAIN ST,8,Otro,Urbano,Local,Town or Township Highway Agency,0,Sin jurisdiccion especial,0,30.39715556,-92.2099,Volcadura,El primer evento no fue una colision con un vehiculo automotor en transporte,Four-Way Intersection,Interseccion de 4 direcciones,Sobre calle,Ninguna,Dia total,Despejado,No,NO APLICA,16,59,17,11,1,02/04/2022,4
22,Louisiana,220155,0,0,2,0,73,OUACHITA (73),1560,MONROE,4,Abril,1,2022,21,46,SR-594,3,Highway estatal,Urbano,Arteria Menor,State Highway Agency,0,Sin jurisdiccion especial,74,32.49888056,-91.99038889,Vehiculo en movimiento,Angulo,Not an Intersection,No fue interseccion,Sobre calle,Ninguna,Oscuro sin iluminacion,Nublado,No,NO APLICA,21,47,21,55,1,01/04/2022,2
22,Louisiana,220156,0,0,1,0,119,WEBSTER (119),0,NO APLICA,4,Abril,5,2022,3,38,US-79,2,US Highway,Rural,Arteria Menor,State Highway Agency,0,Sin jurisdiccion especial,576,32.67163056,-93.20443889,Otro objeto (no fijo),El primer evento no fue una colision con un vehiculo automotor en transporte,Not an Intersection,No fue interseccion,Sobre calle,Ninguna,Oscuro sin iluminacion,Vientos cruzados pero de los mamalones,No,NO APLICA,4,3,4,12,1,05/04/2022,1
22,Louisiana,220157,0,0,1,0,73,OUACHITA (73),2022,RICHWOOD,4,Abril,5,2022,6,10,SR-15,3,Highway estatal,Urbano,Arteria Menor,State Highway Agency,0,Sin jurisdiccion especial,1366,32.46786111,-92.0669,Zanja,El primer evento no fue una colision con un vehiculo automotor en transporte,Not an Intersection,No fue interseccion,Sobre el lado de la calle,Ninguna,Oscuro sin iluminacion,lluvia,No,NO APLICA,6,14,6,22,1,05/04/2022,1
22,Louisiana,220159,0,0,1,0,117,WASHINGTON (117),0,NO APLICA,4,Abril,9,2022,20,20,SR-16,3,Highway estatal,Rural,Arteria Menor,State Highway Agency,0,Sin jurisdiccion especial,805,30.77835833,-90.21943333,Volcadura,El primer evento no fue una colision con un vehiculo automotor en transporte,Not an Intersection,No fue interseccion,Sobre el lado de la calle,Ninguna,Oscuro sin iluminacion,Despejado,No,NO APLICA,20,25,20,35,1,09/04/2022,3
22,Louisiana,220160,1,1,1,0,55,LAFAYETTE (55),1230,LAFAYETTE,4,Abril,13,2022,23,2,SR-182,3,Highway estatal,Urbano,Arteria Principal,State Highway Agency,1,Sin jurisdiccion especial,1221,30.17091944,-91.99965,Peaton,El primer evento no fue una colision con un vehiculo automotor en transporte,Not an Intersection,No fue interseccion,Sobre calle,Ninguna,Oscuro sin iluminacion,Nublado,No,NO APLICA,23,3,23,5,1,13/04/2022,1
22,Louisiana,220161,0,0,1,0,33,EAST BATON ROUGE (33),150,BATON ROUGE,4,Abril,13,2022,15,37,I-110S,1,Interestatal,Urbano,Interestatal,State Highway Agency,1,Sin jurisdiccion especial,23,30.45948333,-91.16601111,Barrera de Trafico de Concreto,El primer evento no fue una colision con un vehiculo automotor en transporte,Not an Intersection,No fue interseccion,Sobre el lado de la calle,Ninguna,Dia total,lluvia,No,NO APLICA,99,98,99,98,1,13/04/2022,1
22,Louisiana,220163,0,0,1,0,109,TERREBONNE (109),0,NO APLICA,4,Abril,15,2022,15,32,SR-311,3,Highway estatal,Urbano,Arteria Menor,State Highway Agency,0,Sin jurisdiccion especial,60,29.6284,-90.8051,Arbol,El primer evento no fue una colision con un vehiculo automotor en transporte,Not an Intersection,No fue interseccion,Sobre el lado de la calle,Ninguna,Dia total,Despejado,No,NO APLICA,15,39,15,49,1,15/04/2022,2
22,Louisiana,220164,0,0,2,0,39,EVANGELINE (39),2276,TURKEY CREEK,4,Abril,1,2022,20,1,US-167,2,US Highway,Rural,Arteria Menor,State Highway Agency,0,Sin jurisdiccion especial,806,30.88968056,-92.41098056,Vehiculo en movimiento,Angulo,Not an Intersection,No fue interseccion,Sobre calle,Ninguna,Oscuro sin iluminacion,Despejado,No,NO APLICA,20,1,20,22,1,01/04/2022,17
22,Louisiana,220165,0,0,2,0,121,WEST BATON ROUGE (121),0,NO APLICA,4,Abril,1,2022,18,10,I-10,1,Interestatal,Rural,Interestatal,State Highway Agency,1,Sin jurisdiccion especial,1495,30.45275,-91.28413889,Vehiculo en movimiento,Frente a Detrás,Not an Intersection,No fue interseccion,Sobre calle,Ninguna,Dia total,Despejado,No,NO APLICA,18,19,18,33,1,01/04/2022,2
22,Louisiana,220166,0,0,2,0,109,TERREBONNE (109),0,NO APLICA,4,Abril,3,2022,2,48,US-90,2,US Highway,Urbano,Arteria Principal,State Highway Agency,1,Sin jurisdiccion especial,2043,29.68183056,-90.75883889,Vehiculo en movimiento,Frente a frente,Not an Intersection,No fue interseccion,Sobre calle,Ninguna,Oscuro sin iluminacion,Despejado,No,NO APLICA,2,50,2,56,2,03/04/2022,3
22,Louisiana,220167,0,0,2,0,89,ST. CHARLES (89),0,NO APLICA,4,Abril,5,2022,19,25,SR-18,3,Highway estatal,Urbano,Arteria Menor,State Highway Agency,0,Sin jurisdiccion especial,482,29.99171944,-90.45243056,Vehiculo en movimiento,Angulo,T-Intersection,Interseccion de T,Sobre calle,Ninguna,Oscuro con iluminacion,Despejado,No,NO APLICA,19,39,19,55,1,05/04/2022,3
22,Louisiana,220168,0,0,2,0,61,LINCOLN (61),2070,RUSTON,4,Abril,7,2022,23,36,I-20,1,Interestatal,Urbano,Interestatal,State Highway Agency,1,Sin jurisdiccion especial,869,32.54016111,-92.61638056,Vehiculo en movimiento,Angulo,Not an Intersection,No fue interseccion,Sobre calle,Ninguna,Oscuro con iluminacion,Despejado,No,NO APLICA,23,37,23,42,1,07/04/2022,5
22,Louisiana,220169,0,0,2,0,57,LAFOURCHE (57),0,NO APLICA,4,Abril,8,2022,7,8,SR-1,3,Highway estatal,Rural,Arteria Menor,State Highway Agency,0,Sin jurisdiccion especial,449,29.53268056,-90.336875,Vehiculo en movimiento,Angulo,T-Intersection,Interseccion de T,Sobre calle,Ninguna,Dia total,Despejado,No,NO APLICA,7,11,7,18,1,08/04/2022,2
22,Louisiana,220170,0,0,2,0,103,ST. TAMMANY (103),0,NO APLICA,4,Abril,8,2022,11,20,I-12,1,Interestatal,Urbano,Interestatal,State Highway Agency,1,Sin jurisdiccion especial,575,30.45616667,-90.17291944,Vehiculo en movimiento,Golpe Lateral - misma direccion,Not an Intersection,No fue interseccion,Sobre calle,Ninguna,Dia total,Despejado,No,NO APLICA,11,25,11,34,1,08/04/2022,2
22,Louisiana,220171,0,0,2,0,15,BOSSIER (15),230,BOSSIER CITY,3,Marzo,3,2022,15,8,ARTHUR RAY TEAGUE PKY,6,Calle Local Municipalidad,Urbano,Local,City or Municipal Highway Agency,0,Sin jurisdiccion especial,0,32.49416667,-93.69646944,Vehiculo en movimiento,Angulo,Four-Way Intersection,Interseccion de 4 direcciones,Sobre calle,Ninguna,Dia total,Despejado,No,NO APLICA,15,9,15,14,1,03/03/2022,2
22,Louisiana,220172,0,0,2,0,63,LIVINGSTON (63),0,NO APLICA,4,Abril,7,2022,7,58,I-12,1,Interestatal,Rural,Interestatal,State Highway Agency,1,Sin jurisdiccion especial,316,30.47591111,-90.60121944,Vehiculo en movimiento,Detrás a Lado. ,Not an Intersection,No fue interseccion,Sobre calle,Ninguna,Dia total,Despejado,No,NO APLICA,8,2,8,26,1,07/04/2022,4
22,Louisiana,220173,0,0,2,0,127,WINN (127),0,NO APLICA,4,Abril,17,2022,7,0,CR-GUM SPRINGS ROAD,4,Calle del Condado,Rural,Local,County Highway Agency,0,Sin jurisdiccion especial,0,31.88164722,-92.79352778,Vehiculo en movimiento,Frente a frente,Not an Intersection,No fue interseccion,Sobre calle,Ninguna,Dia total,Nublado,No,NO APLICA,6,34,6,54,1,17/04/2022,2
22,Louisiana,220174,0,0,1,0,103,ST. TAMMANY (103),0,NO APLICA,4,Abril,17,2022,18,55,SR-25,3,Highway estatal,Rural,Arteria Menor,State Highway Agency,0,Sin jurisdiccion especial,148,30.68506111,-90.18607778,Otro objeto (fijo),El primer evento no fue una colision con un vehiculo automotor en transporte,Not an Intersection,No fue interseccion,Sobre el lado de la calle,Ninguna,Dia total,Despejado,No,NO APLICA,19,5,19,27,1,17/04/2022,1
22,Louisiana,220175,1,1,1,0,103,ST. TAMMANY (103),0,NO APLICA,4,Abril,18,2022,20,8,CR-HELENBIRG RD,4,Calle del Condado,Rural,Local,County Highway Agency,0,Sin jurisdiccion especial,0,30.44403056,-90.05848889,Peaton,El primer evento no fue una colision con un vehiculo automotor en transporte,Not an Intersection,No fue interseccion,Sobre calle,Ninguna,Oscuro sin iluminacion,Despejado,No,NO APLICA,20,12,20,30,1,18/04/2022,1
22,Louisiana,220176,0,0,1,0,5,ASCENSION (5),0,NO APLICA,4,Abril,27,2022,1,28,SR-22,3,Highway estatal,Rural,Arteria Menor,State Highway Agency,0,Sin jurisdiccion especial,154,30.22068056,-90.80154444,Volcadura,El primer evento no fue una colision con un vehiculo automotor en transporte,Not an Intersection,No fue interseccion,Sobre el lado de la calle,Ninguna,Oscuro sin iluminacion,Despejado,No,NO APLICA,1,40,1,51,1,27/04/2022,1
22,Louisiana,220177,1,1,1,0,103,ST. TAMMANY (103),0,NO APLICA,4,Abril,22,2022,0,35,US-11,2,US Highway,Urbano,Arteria Menor,State Highway Agency,0,Sin jurisdiccion especial,130,30.24273056,-89.7968,No vehiculo o remolque,El primer evento no fue una colision con un vehiculo automotor en transporte,Not an Intersection,No fue interseccion,Sobre calle,Ninguna,Oscuro sin iluminacion,Despejado,No,NO APLICA,0,37,0,42,1,22/04/2022,1
22,Louisiana,220178,0,0,1,0,13,BIENVILLE (13),0,NO APLICA,4,Abril,25,2022,8,40,SR-9,3,Highway estatal,Rural,Colector Mayor,State Highway Agency,0,Sin jurisdiccion especial,209,32.15765,-92.97436944,Arbol,El primer evento no fue una colision con un vehiculo automotor en transporte,Not an Intersection,No fue interseccion,Sobre el lado de la calle,Ninguna,Dia total,lluvia,No,NO APLICA,8,42,9,20,1,25/04/2022,1
22,Louisiana,220179,0,0,1,0,51,JEFFERSON (51),0,NO APLICA,4,Abril,23,2022,1,5,US-90Z,2,US Highway,Urbano,Arteria Principal,State Highway Agency,1,Sin jurisdiccion especial,17,29.90570833,-90.15790833,Zanja,El primer evento no fue una colision con un vehiculo automotor en transporte,Not an Intersection,No fue interseccion,Sobre el lado de la calle,Ninguna,Oscuro con iluminacion,Despejado,No,NO APLICA,1,6,1,17,1,23/04/2022,2
22,Louisiana,220180,1,1,1,0,57,LAFOURCHE (57),1970,RACELAND,4,Abril,26,2022,20,1,SR-182,3,Highway estatal,Urbano,Arteria Menor,State Highway Agency,0,Sin jurisdiccion especial,96,29.66908889,-90.66431944,Peaton,El primer evento no fue una colision con un vehiculo automotor en transporte,Not an Intersection,No fue interseccion,Sobre calle,Ninguna,Oscuro sin iluminacion,Despejado,No,NO APLICA,20,5,20,17,1,26/04/2022,1
22,Louisiana,220181,2,2,1,0,51,JEFFERSON (51),950,GRETNA,4,Abril,25,2022,0,10,US-90-Z,2,US Highway,Urbano,Arterial Principal -Freeway o ExpressWay,State Highway Agency,1,Sin jurisdiccion especial,86,29.91326944,-90.05003889,Peaton,El primer evento no fue una colision con un vehiculo automotor en transporte,Not an Intersection,No fue interseccion,Sobre calle,Ninguna,Oscuro con iluminacion,Despejado,No,NO APLICA,0,15,0,18,1,25/04/2022,1
22,Louisiana,220182,2,2,1,0,33,EAST BATON ROUGE (33),150,BATON ROUGE,4,Abril,28,2022,1,26,LOBDELL AVE,6,Calle Local Municipalidad,Urbano,Local,City or Municipal Highway Agency,0,Sin jurisdiccion especial,0,30.43513889,-91.11070556,Peaton,El primer evento no fue una colision con un vehiculo automotor en transporte,Four-Way Intersection,Interseccion de 4 direcciones,Sobre calle,Ninguna,Oscuro sin iluminacion,Despejado,No,NO APLICA,1,26,1,29,2,28/04/2022,1
22,Louisiana,220183,0,0,1,0,61,LINCOLN (61),2070,RUSTON,4,Abril,30,2022,3,7,US-80,2,US Highway,Urbano,Arteria Menor,State Highway Agency,0,Sin jurisdiccion especial,886,32.50756111,-92.67448056,Poste,El primer evento no fue una colision con un vehiculo automotor en transporte,Not an Intersection,No fue interseccion,Sobre el lado de la calle,Ninguna,Oscuro sin iluminacion,Despejado,No,NO APLICA,3,7,3,11,1,30/04/2022,1
22,Louisiana,220184,0,0,1,0,5,ASCENSION (5),0,NO APLICA,4,Abril,22,2022,21,43,SR-73,3,Highway estatal,Urbano,Arteria Menor,State Highway Agency,0,Sin jurisdiccion especial,72,30.29350833,-90.97699167,Buzon de correo,El primer evento no fue una colision con un vehiculo automotor en transporte,Not an Intersection,No fue interseccion,Sobre el lado de la calle,Ninguna,Oscuro sin iluminacion,Despejado,No,NO APLICA,21,50,22,3,1,22/04/2022,1
22,Louisiana,220185,0,0,2,0,17,CADDO (17),2130,SHREVEPORT,4,Abril,24,2022,6,2,I-20,1,Interestatal,Urbano,Interestatal,State Highway Agency,1,Sin jurisdiccion especial,147,32.47168889,-93.7989,Vehiculo en movimiento,Frente a frente,Not an Intersection,No fue interseccion,Sobre calle,Ninguna,Oscuro con iluminacion,Despejado,No,NO APLICA,6,4,6,8,1,24/04/2022,2
22,Louisiana,220186,0,0,2,0,79,RAPIDES (79),0,NO APLICA,4,Abril,26,2022,12,48,SR-28,3,Highway estatal,Rural,Arteria Principal,State Highway Agency,1,Sin jurisdiccion especial,716,31.42889444,-92.16502778,Vehiculo en movimiento,Angulo,Four-Way Intersection,Interseccion de 4 direcciones,Sobre calle,Ninguna,Dia total,Despejado,No,NO APLICA,12,52,13,13,2,26/04/2022,3
22,Louisiana,220187,0,0,1,0,105,TANGIPAHOA (105),50,AMITE,4,Abril,29,2022,8,0,POPE LANE,6,Calle Local Municipalidad,Urbano,Local,City or Municipal Highway Agency,0,Sin jurisdiccion especial,0,30.73983333,-90.5089,Vehiculo Ferrocarril,El primer evento no fue una colision con un vehiculo automotor en transporte,Not an Intersection,No fue interseccion,Sobre calle,Ninguna,Dia total,Despejado,No,300155V,8,1,8,6,1,29/04/2022,1
22,Louisiana,220188,0,0,1,0,67,MOREHOUSE (67),0,NO APLICA,4,Abril,30,2022,23,48,SR-593,3,Highway estatal,Rural,Colector Mayor,State Highway Agency,0,Sin jurisdiccion especial,47,32.75536944,-91.89738056,Zanja,El primer evento no fue una colision con un vehiculo automotor en transporte,Not an Intersection,No fue interseccion,Sobre el lado de la calle,Ninguna,Oscuro sin iluminacion,lluvia,No,NO APLICA,0,50,0,10,1,30/04/2022,1
22,Louisiana,220189,1,1,1,0,33,EAST BATON ROUGE (33),0,NO APLICA,4,Abril,30,2022,7,27,CR-JONES CREEK ROAD,8,Otro,Rural,Local,County Highway Agency,0,Sin jurisdiccion especial,0,30.40226111,-91.01685556,Peaton,El primer evento no fue una colision con un vehiculo automotor en transporte,Not an Intersection,No fue interseccion,Sobre calle,Ninguna,Dia total,Despejado,No,NO APLICA,7,26,7,40,1,30/04/2022,1
22,Louisiana,220190,1,1,1,0,55,LAFAYETTE (55),330,CARENCRO,4,Abril,30,2022,22,50,NW EVANGELINE,7,Calle Local,Urbano,Arteria Principal,State Highway Agency,0,Sin jurisdiccion especial,0,30.32658056,-92.03591111,Ciclista,El primer evento no fue una colision con un vehiculo automotor en transporte,Not an Intersection,No fue interseccion,Sobre calle,Ninguna,Oscuro con iluminacion,Despejado,No,NO APLICA,22,50,22,57,1,30/04/2022,1
22,Louisiana,220191,0,0,1,0,15,BOSSIER (15),0,NO APLICA,5,Mayo,1,2022,15,46,SR-3,3,Highway estatal,Rural,Arteria Menor,State Highway Agency,0,Sin jurisdiccion especial,191,32.78537222,-93.72043333,Poste de Señal de trafico,El primer evento no fue una colision con un vehiculo automotor en transporte,Not an Intersection,No fue interseccion,Sobre el lado de la calle,Ninguna,Dia total,Despejado,No,NO APLICA,15,51,15,51,1,01/05/2022,1
22,Louisiana,220192,0,0,1,0,57,LAFOURCHE (57),0,NO APLICA,5,Mayo,2,2022,5,14,SR-308,3,Highway estatal,Urbano,Arteria Menor,State Highway Agency,0,Sin jurisdiccion especial,612,29.59300833,-90.46835278,Valla Ferrocarril,El primer evento no fue una colision con un vehiculo automotor en transporte,Not an Intersection,No fue interseccion,Sobre el lado de la calle,Ninguna,Amanecer,Nublado,No,NO APLICA,5,15,5,29,1,02/05/2022,1
22,Louisiana,220193,1,1,1,0,79,RAPIDES (79),40,ALEXANDRIA,5,Mayo,3,2022,17,24,US-71,2,US Highway,Urbano,Arteria Principal,State Highway Agency,1,Sin jurisdiccion especial,714,31.32703889,-92.45215833,Barrera de Trafico de Concreto,El primer evento no fue una colision con un vehiculo automotor en transporte,Not an Intersection,No fue interseccion,Sobre el lado de la calle,Ninguna,Dia total,Despejado,No,NO APLICA,17,24,17,28,1,03/05/2022,1
22,Louisiana,220194,1,1,1,0,79,RAPIDES (79),0,NO APLICA,5,Mayo,4,2022,5,35,US-71,2,US Highway,Rural,Arteria Principal,State Highway Agency,1,Sin jurisdiccion especial,758,31.37148889,-92.43566111,Peaton,El primer evento no fue una colision con un vehiculo automotor en transporte,Not an Intersection,No fue interseccion,Sobre calle,Ninguna,Oscuro sin iluminacion,Neblina o Humo,No,NO APLICA,5,38,5,45,1,04/05/2022,1
22,Louisiana,220195,0,0,1,0,69,NATCHITOCHES (69),1650,NATCHITOCHES,5,Mayo,7,2022,2,30,SR-1,3,Highway estatal,Urbano,Arteria Menor,State Highway Agency,0,Sin jurisdiccion especial,3185,31.73328056,-93.11233889,Banqueta,El primer evento no fue una colision con un vehiculo automotor en transporte,Four-Way Intersection,Interseccion de 4 direcciones,Sobre el lado de la calle,Ninguna,Oscuro sin iluminacion,Reportado como desconocido,No,NO APLICA,6,14,6,28,1,07/05/2022,1