Estado,Nombre de Estado,Numero de Caso,Peatones,Personas _no_vehiculos,Vehiculos automotores,Vehiculos estacionados,Condado,Nombre Condado,Ciudad,Nombre Ciudad,Mes,Nombre Mes,Dia,Año,Hora,Minuto,Calle,Ruta,Nombre Ruta,Rural o Urbanoo,Sistema Funcional,Dueño Calle,Sistema Nacional Carreteras,Jurisdiccion Especial,Milla,Latitud,Longitud,Causa del Accidente,Tipo de Accidente,Tipo Interseccion,Columna1,Lugar en la calle,Zona de Trabajo,Luz,Clima,Autobus Escolar,Cruce de Trenes,Hora Notificacion,Minuto Notificacion,Hora Llegada,Minuto Llegada,Decesos,Fecha,PersonaVehiculo
22,Louisiana,220196,0,0,1,0,85,SABINE (85),0,NO APLICA,5,Mayo,7,2022,18,20,CR-JABUSH ROAD,4,Calle del Condado,Rural,Local,County Highway Agency,0,Sin jurisdiccion especial,0,31.60494444,-93.69666667,Volcadura,El primer evento no fue una colision con un vehiculo automotor en transporte,Not an Intersection,No fue interseccion,Sobre el lado de la calle,Ninguna,Dia total,Despejado,No,NO APLICA,17,11,17,41,1,07/05/2022,4
22,Louisiana,220197,0,0,1,0,33,EAST BATON ROUGE (33),0,NO APLICA,5,Mayo,9,2022,3,47,CR-CENTRAL THRUWAY,4,Calle del Condado,Rural,Local,County Highway Agency,0,Sin jurisdiccion especial,0,30.4823,-91.013425,Soporte de Puente,El primer evento no fue una colision con un vehiculo automotor en transporte,Not an Intersection,No fue interseccion,Sobre el lado de la calle,Ninguna,Oscuro sin iluminacion,Nublado,No,NO APLICA,99,99,99,99,1,09/05/2022,1
22,Louisiana,220198,0,0,2,0,73,OUACHITA (73),0,NO APLICA,4,Abril,2,2022,15,55,SR-34,3,Highway estatal,Rural,Arteria Menor,State Highway Agency,0,Sin jurisdiccion especial,673,32.41576944,-92.373725,Vehiculo en movimiento,Angulo,Not an Intersection,No fue interseccion,Sobre calle,Ninguna,Dia total,Despejado,No,NO APLICA,15,58,16,16,1,02/04/2022,2
22,Louisiana,220199,0,0,2,0,9,AVOYELLES (9),1480,MARKSVILLE,4,Abril,9,2022,13,23,SR-1,3,Highway estatal,Urbano,Arteria Menor,State Highway Agency,0,Sin jurisdiccion especial,2379,31.1102,-92.06403056,Vehiculo en movimiento,Angulo,Four-Way Intersection,Interseccion de 4 direcciones,Sobre calle,Ninguna,Dia total,Despejado,No,NO APLICA,13,23,13,34,1,09/04/2022,3
22,Louisiana,220200,0,0,2,0,11,BEAUREGARD (11),590,DERIDDER,4,Abril,10,2022,12,19,US-190,2,US Highway,Urbano,Arteria Principal,State Highway Agency,1,Sin jurisdiccion especial,201,30.84195,-93.34038889,Vehiculo en movimiento,Angulo,Four-Way Intersection,Interseccion de 4 direcciones,Sobre calle,Ninguna,Dia total,Despejado,No,NO APLICA,12,21,12,34,1,10/04/2022,3
22,Louisiana,220201,0,0,1,0,63,LIVINGSTON (63),570,DENHAM SPRINGS,4,Abril,11,2022,5,26,VETERANS BLVD,6,Calle Local Municipalidad,Urbano,Local,City or Municipal Highway Agency,0,Sin jurisdiccion especial,0,30.46758333,-90.96204722,Arbol,El primer evento no fue una colision con un vehiculo automotor en transporte,Not an Intersection,No fue interseccion,Sobre el lado de la calle,Ninguna,Amanecer,Despejado,No,NO APLICA,99,98,99,98,1,11/04/2022,2
22,Louisiana,220202,0,0,2,0,33,EAST BATON ROUGE (33),150,BATON ROUGE,4,Abril,14,2022,17,14,SR-327,3,Highway estatal,Urbano,Colector Mayor,State Highway Agency,0,Sin jurisdiccion especial,105,30.35915,-91.23320833,Vehiculo en movimiento,Frente a frente,Not an Intersection,No fue interseccion,Sobre calle,Ninguna,Dia total,Despejado,No,NO APLICA,99,99,99,99,1,14/04/2022,4
22,Louisiana,220203,0,0,2,0,105,TANGIPAHOA (105),0,NO APLICA,4,Abril,15,2022,11,25,SR-1045,3,Highway estatal,Rural,Colector Mayor,State Highway Agency,0,Sin jurisdiccion especial,63,30.72833056,-90.55501944,Vehiculo en movimiento,Frente a frente,Not an Intersection,No fue interseccion,Sobre calle,Ninguna,Dia total,Despejado,No,NO APLICA,11,30,11,35,1,15/04/2022,2
22,Louisiana,220204,1,1,1,0,17,CADDO (17),2130,SHREVEPORT,4,Abril,15,2022,20,10,SR-3094,3,Highway estatal,Urbano,Arteria Principal,State Highway Agency,1,Sin jurisdiccion especial,7,32.49375,-93.78015,Peaton,El primer evento no fue una colision con un vehiculo automotor en transporte,Not an Intersection,No fue interseccion,Sobre calle,Ninguna,Oscuro sin iluminacion,Despejado,No,NO APLICA,20,10,20,19,1,15/04/2022,1
22,Louisiana,220205,0,0,2,0,57,LAFOURCHE (57),0,NO APLICA,4,Abril,15,2022,23,3,US-90,2,US Highway,Rural,Arteria Principal,State Highway Agency,1,Sin jurisdiccion especial,2255,29.817475,-90.48669167,Vehiculo en movimiento,Frente a frente,Not an Intersection,No fue interseccion,Sobre calle,Ninguna,Oscuro sin iluminacion,Despejado,No,NO APLICA,23,7,23,25,1,15/04/2022,2
22,Louisiana,220206,0,0,2,0,91,ST. HELENA (91),0,NO APLICA,4,Abril,16,2022,6,15,SR-16,3,Highway estatal,Rural,Arteria Menor,State Highway Agency,0,Sin jurisdiccion especial,390,30.67216111,-90.8789,Vehiculo en movimiento,Frente a frente,Not an Intersection,No fue interseccion,Sobre calle,Ninguna,Oscuro sin iluminacion,Despejado,No,NO APLICA,6,16,6,37,1,16/04/2022,2
22,Louisiana,220207,0,0,1,0,79,RAPIDES (79),0,NO APLICA,4,Abril,17,2022,16,21,SR-1,3,Highway estatal,Rural,Arteria Menor,State Highway Agency,0,Sin jurisdiccion especial,2563,31.15171111,-92.29738056,Poste,El primer evento no fue una colision con un vehiculo automotor en transporte,Not an Intersection,No fue interseccion,Sobre el lado de la calle,Ninguna,Dia total,Despejado,No,NO APLICA,16,23,16,41,1,17/04/2022,5
22,Louisiana,220208,1,1,1,0,101,ST. MARY (101),1830,PATTERSON,4,Abril,18,2022,20,9,US-90,2,US Highway,Urbano,Arteria Principal,State Highway Agency,1,Sin jurisdiccion especial,1692,29.68831111,-91.3076,Ciclista,El primer evento no fue una colision con un vehiculo automotor en transporte,Four-Way Intersection,Interseccion de 4 direcciones,Sobre calle,Ninguna,Oscuro con iluminacion,Despejado,No,NO APLICA,20,10,20,21,1,18/04/2022,2
22,Louisiana,220209,1,1,1,0,29,CONCORDIA (29),0,NO APLICA,5,Mayo,9,2022,6,11,SR-566,3,Highway estatal,Rural,Colector Menor,State Highway Agency,0,Sin jurisdiccion especial,171,31.73354444,-91.53447778,Peaton,El primer evento no fue una colision con un vehiculo automotor en transporte,Not an Intersection,No fue interseccion,Sobre calle,Ninguna,Amanecer,Despejado,No,NO APLICA,99,98,99,98,1,09/05/2022,1
22,Louisiana,220210,0,0,3,0,89,ST. CHARLES (89),0,NO APLICA,2,Febrero,27,2022,4,0,I-10,1,Interestatal,Urbano,Interestatal,State Highway Agency,1,Sin jurisdiccion especial,2133,30.06981944,-90.39239167,Vehiculo en movimiento,Frente a Detrás,Not an Intersection,No fue interseccion,Sobre calle,Ninguna,Oscuro sin iluminacion,Despejado,No,NO APLICA,4,6,4,6,1,27/02/2022,2
22,Louisiana,220211,0,0,3,0,5,ASCENSION (5),0,NO APLICA,2,Febrero,28,2022,4,9,I-10,1,Interestatal,Rural,Interestatal,State Highway Agency,1,Sin jurisdiccion especial,1848,30.16480278,-90.85196111,Vehiculo en movimiento,Frente a Detrás,Not an Intersection,No fue interseccion,Sobre calle,Ninguna,Oscuro sin iluminacion,Despejado,No,NO APLICA,4,16,4,27,1,28/02/2022,13
22,Louisiana,220212,0,0,2,0,33,EAST BATON ROUGE (33),150,BATON ROUGE,3,Marzo,5,2022,3,56,US-61,2,US Highway,Urbano,Arteria Principal,State Highway Agency,1,Sin jurisdiccion especial,736,30.43396667,-91.08243333,Vehiculo en movimiento,Angulo,Not an Intersection,No fue interseccion,Sobre calle,Ninguna,Oscuro con iluminacion,Despejado,No,NO APLICA,3,57,99,99,2,05/03/2022,2
22,Louisiana,220213,2,2,3,0,17,CADDO (17),2130,SHREVEPORT,3,Marzo,28,2022,20,43,SR-525,3,Highway estatal,Urbano,Arteria Menor,State Highway Agency,0,Sin jurisdiccion especial,91,32.39008889,-93.82323889,Vehiculo en movimiento,No reportado,T-Intersection,Interseccion de T,Sobre calle,Ninguna,Oscuro - iluminacion desconocida,Despejado,No,NO APLICA,20,41,20,45,2,28/03/2022,2
22,Louisiana,220215,0,0,4,0,19,CALCASIEU (19),0,NO APLICA,4,Abril,12,2022,21,56,I-20,1,Interestatal,Rural,Interestatal,State Highway Agency,1,Sin jurisdiccion especial,24,30.14022778,-93.67156667,Vehiculo en movimiento,Golpe Lateral - direccion contraria,Not an Intersection,No fue interseccion,Sobre calle,Ninguna,Oscuro sin iluminacion,Nublado,No,NO APLICA,21,58,22,22,1,12/04/2022,4
22,Louisiana,220216,1,1,2,0,5,ASCENSION (5),0,NO APLICA,4,Abril,12,2022,1,10,I-10,1,Interestatal,Rural,Interestatal,State Highway Agency,1,Sin jurisdiccion especial,1854,30.16210278,-90.84208333,Vehiculo en movimiento,Frente a Detrás,Not an Intersection,No fue interseccion,Sobre calle,Ninguna,Oscuro sin iluminacion,Despejado,No,NO APLICA,1,31,1,43,1,12/04/2022,1
22,Louisiana,220217,0,0,3,0,33,EAST BATON ROUGE (33),150,BATON ROUGE,4,Abril,14,2022,16,15,SR-946,3,Highway estatal,Urbano,Arteria Menor,State Highway Agency,0,Sin jurisdiccion especial,5,30.49120556,-91.08873611,Vehiculo en movimiento,Angulo,T-Intersection,Interseccion de T,Sobre calle,Ninguna,Dia total,Despejado,No,NO APLICA,16,18,16,27,1,14/04/2022,5
22,Louisiana,220218,4,4,5,3,71,ORLEANS (71),1690,NEW ORLEANS,4,Abril,17,2022,19,10,N MIRO ST,6,Calle Local Municipalidad,Urbano,Local,City or Municipal Highway Agency,0,Sin jurisdiccion especial,0,29.97951111,-90.06128889,Vehiculo en movimiento,Angulo,Four-Way Intersection,Interseccion de 4 direcciones,Sobre calle,Ninguna,Atardecer,Nublado,No,NO APLICA,99,99,99,99,2,17/04/2022,2
22,Louisiana,220219,0,0,2,0,73,OUACHITA (73),0,NO APLICA,4,Abril,22,2022,16,12,I-20 FRONTAGE ROAD,7,Calle Local,Urbano,Interestatal,State Highway Agency,1,Sin jurisdiccion especial,1226,32.49088056,-92.01666944,Vehiculo en movimiento,Frente a frente,Not an Intersection,No fue interseccion,Sobre calle,Ninguna,Dia total,Despejado,No,NO APLICA,16,18,16,22,1,22/04/2022,3
22,Louisiana,220220,0,0,2,0,73,OUACHITA (73),2410,WEST MONROE,4,Abril,27,2022,23,45,SR-34,3,Highway estatal,Urbano,Arteria Menor,State Highway Agency,0,Sin jurisdiccion especial,833,32.47894722,-92.15524722,Vehiculo en movimiento,Frente a Detrás,Not an Intersection,No fue interseccion,Sobre calle,Ninguna,Oscuro sin iluminacion,Despejado,No,NO APLICA,23,53,23,58,1,27/04/2022,2
22,Louisiana,220221,0,0,2,0,55,LAFAYETTE (55),0,NO APLICA,4,Abril,27,2022,16,5,SR-98,3,Highway estatal,Rural,Colector Mayor,State Highway Agency,0,Sin jurisdiccion especial,372,30.2983,-92.1239,Vehiculo en movimiento,Frente a frente,Not an Intersection,No fue interseccion,Sobre calle,Ninguna,Dia total,Despejado,Yes,NO APLICA,16,7,16,40,1,27/04/2022,6
22,Louisiana,220222,0,0,2,0,103,ST. TAMMANY (103),1225,LACOMBE,4,Abril,28,2022,6,46,US-190,2,US Highway,Urbano,Arteria Principal,State Highway Agency,1,Sin jurisdiccion especial,2638,30.30932778,-89.90075,Vehiculo en movimiento,Angulo,T-Intersection,Interseccion de T,Sobre calle,Ninguna,Dia total,Despejado,No,NO APLICA,99,99,99,99,1,28/04/2022,2
22,Louisiana,220223,0,0,2,0,3,ALLEN (3),0,NO APLICA,4,Abril,29,2022,8,50,SR-26,3,Highway estatal,Rural,Arteria Menor,State Highway Agency,0,Sin jurisdiccion especial,387,30.61000833,-92.67163611,Vehiculo en movimiento,Angulo,Not an Intersection,No fue interseccion,Sobre calle,Ninguna,Dia total,Despejado,No,NO APLICA,8,54,9,4,1,29/04/2022,2
22,Louisiana,220224,0,0,1,0,117,WASHINGTON (117),0,NO APLICA,5,Mayo,14,2022,23,3,SR-440,3,Highway estatal,Rural,Colector Mayor,State Highway Agency,0,Sin jurisdiccion especial,238,30.86623056,-90.27666944,Acotamiento,El primer evento no fue una colision con un vehiculo automotor en transporte,Not an Intersection,No fue interseccion,Sobre el lado de la calle,Ninguna,Oscuro sin iluminacion,Despejado,No,NO APLICA,23,3,23,15,2,14/05/2022,5
22,Louisiana,220225,1,1,1,0,55,LAFAYETTE (55),0,NO APLICA,5,Mayo,18,2022,2,45,US-90,2,US Highway,Urbano,Arteria Menor,State Highway Agency,0,Sin jurisdiccion especial,1024,30.23491667,-92.12505278,Peaton,El primer evento no fue una colision con un vehiculo automotor en transporte,Not an Intersection,No fue interseccion,Sobre calle,Ninguna,Oscuro sin iluminacion,Nublado,No,NO APLICA,99,98,99,98,1,18/05/2022,1
22,Louisiana,220226,0,0,1,0,31,DE SOTO (31),0,NO APLICA,5,Mayo,19,2022,23,39,SR-191,3,Highway estatal,Rural,Colector Mayor,State Highway Agency,0,Sin jurisdiccion especial,723,31.93652778,-93.941925,Zanja,El primer evento no fue una colision con un vehiculo automotor en transporte,Not an Intersection,No fue interseccion,Sobre el lado de la calle,Ninguna,Oscuro sin iluminacion,Despejado,No,NO APLICA,23,39,23,48,1,19/05/2022,1
22,Louisiana,220227,0,0,2,0,97,ST. LANDRY (97),0,NO APLICA,5,Mayo,1,2022,17,51,US-190,2,US Highway,Urbano,Arteria Principal,State Highway Agency,1,Sin jurisdiccion especial,1280,30.54716111,-91.94766667,Vehiculo en movimiento,Angulo,Four-Way Intersection,Interseccion de 4 direcciones,Sobre calle,Ninguna,Dia total,Despejado,No,NO APLICA,18,0,18,12,1,01/05/2022,3
22,Louisiana,220228,0,0,2,0,57,LAFOURCHE (57),0,NO APLICA,5,Mayo,1,2022,19,37,SR-3185,3,Highway estatal,Urbano,Arteria Menor,State Highway Agency,0,Sin jurisdiccion especial,42,29.76215833,-90.83349167,Vehiculo en movimiento,Angulo,T-Intersection,Interseccion de T,Sobre calle,Ninguna,Dia total,Despejado,No,NO APLICA,19,38,19,45,1,01/05/2022,7
22,Louisiana,220229,0,0,2,0,71,ORLEANS (71),1690,NEW ORLEANS,5,Mayo,3,2022,0,23,ALVAR ST,6,Calle Local Municipalidad,Urbano,Local,City or Municipal Highway Agency,0,Sin jurisdiccion especial,0,29.99878056,-90.03011389,Vehiculo en movimiento,Angulo,Four-Way Intersection,Interseccion de 4 direcciones,Sobre calle,Ninguna,Oscuro con iluminacion,Despejado,No,NO APLICA,0,26,0,29,1,03/05/2022,4
22,Louisiana,220230,0,0,2,0,105,TANGIPAHOA (105),0,NO APLICA,5,Mayo,5,2022,7,9,SR-445,3,Highway estatal,Rural,Colector Mayor,State Highway Agency,0,Sin jurisdiccion especial,86,30.55856111,-90.34393056,Vehiculo en movimiento,Angulo,Not an Intersection,No fue interseccion,Sobre calle,Ninguna,Dia total,Despejado,No,NO APLICA,7,14,7,34,1,05/05/2022,3
22,Louisiana,220231,1,1,1,0,19,CALCASIEU (19),0,NO APLICA,5,Mayo,6,2022,22,36,CR-JOE MILLER ROAD,4,Calle del Condado,Rural,Local,County Highway Agency,0,Sin jurisdiccion especial,0,30.34443889,-93.20193056,Ciclista,El primer evento no fue una colision con un vehiculo automotor en transporte,Not an Intersection,No fue interseccion,Sobre calle,Ninguna,Oscuro sin iluminacion,Despejado,No,NO APLICA,22,38,22,51,1,06/05/2022,1
22,Louisiana,220232,0,0,1,0,105,TANGIPAHOA (105),0,NO APLICA,5,Mayo,7,2022,22,37,CR-CC ROAD,4,Calle del Condado,Rural,Local,County Highway Agency,0,Sin jurisdiccion especial,0,30.44230833,-90.25083889,Buzon de correo,El primer evento no fue una colision con un vehiculo automotor en transporte,Not an Intersection,No fue interseccion,Sobre el lado de la calle,Ninguna,Oscuro sin iluminacion,Despejado,No,NO APLICA,22,37,22,45,1,07/05/2022,1
22,Louisiana,220233,0,0,1,0,67,MOREHOUSE (67),0,NO APLICA,5,Mayo,12,2022,4,40,US-425,2,US Highway,Rural,Arteria Menor,State Highway Agency,1,Sin jurisdiccion especial,940,32.73666667,-91.78344167,Zanja,El primer evento no fue una colision con un vehiculo automotor en transporte,Not an Intersection,No fue interseccion,Sobre el lado de la calle,Ninguna,Oscuro sin iluminacion,Despejado,No,NO APLICA,5,29,5,43,1,12/05/2022,3
22,Louisiana,220234,1,1,1,0,99,ST. MARTIN (99),250,BREAUX BRIDGE,5,Mayo,16,2022,20,45,LANDRY ST,5,Calle Local - Pueblo,Urbano,Local,City or Municipal Highway Agency,0,Sin jurisdiccion especial,0,30.26911944,-91.90888889,Peaton,El primer evento no fue una colision con un vehiculo automotor en transporte,Not an Intersection,No fue interseccion,Sobre calle,Ninguna,Oscuro sin iluminacion,Despejado,No,NO APLICA,20,45,20,58,1,16/05/2022,1
22,Louisiana,220235,1,1,1,0,95,ST. JOHN THE BAPTIST (95),0,NO APLICA,5,Mayo,19,2022,21,59,US-61,2,US Highway,Urbano,Arteria Principal,State Highway Agency,1,Sin jurisdiccion especial,248,30.0554,-90.4635,Peaton,El primer evento no fue una colision con un vehiculo automotor en transporte,Not an Intersection,No fue interseccion,Sobre calle,Ninguna,Oscuro con iluminacion,Despejado,No,NO APLICA,22,2,22,10,1,19/05/2022,2
22,Louisiana,220236,0,0,1,0,45,IBERIA (45),0,NO APLICA,5,Mayo,22,2022,1,0,US-90,2,US Highway,Rural,Arteria Principal,State Highway Agency,1,Sin jurisdiccion especial,1348,29.94243889,-91.77016944,Acotamiento,El primer evento no fue una colision con un vehiculo automotor en transporte,Not an Intersection,No fue interseccion,Sobre el lado de la calle,Ninguna,Oscuro sin iluminacion,Despejado,No,NO APLICA,1,4,1,21,1,22/05/2022,1
22,Louisiana,220237,1,1,1,0,115,VERNON (115),1660,NEW LLANO,5,Mayo,22,2022,4,45,US-171,2,US Highway,Urbano,Arteria Principal,State Highway Agency,1,Sin jurisdiccion especial,655,31.11556667,-93.27115278,Peaton,El primer evento no fue una colision con un vehiculo automotor en transporte,Not an Intersection,No fue interseccion,Sobre calle,Ninguna,Oscuro con iluminacion,Despejado,No,NO APLICA,4,48,5,4,1,22/05/2022,1
22,Louisiana,220238,0,0,1,0,57,LAFOURCHE (57),0,NO APLICA,5,Mayo,26,2022,16,53,SR-1,3,Highway estatal,Rural,Arteria Menor,State Highway Agency,1,Sin jurisdiccion especial,269,29.29584722,-90.23345556,Poste,El primer evento no fue una colision con un vehiculo automotor en transporte,Not an Intersection,No fue interseccion,Sobre el lado de la calle,Ninguna,Dia total,Despejado,No,NO APLICA,17,0,17,15,1,26/05/2022,1
22,Louisiana,220239,0,0,1,0,97,ST. LANDRY (97),0,NO APLICA,5,Mayo,28,2022,15,42,SR-357,3,Highway estatal,Rural,Colector Mayor,State Highway Agency,0,Sin jurisdiccion especial,84,30.52076389,-92.10677778,Acotamiento,El primer evento no fue una colision con un vehiculo automotor en transporte,Not an Intersection,No fue interseccion,Sobre el lado de la calle,Ninguna,Dia total,Despejado,No,NO APLICA,15,45,15,58,1,28/05/2022,1
22,Louisiana,220240,0,0,1,0,17,CADDO (17),2130,SHREVEPORT,5,Mayo,28,2022,21,20,MOUNT ZION ROAD,6,Calle Local Municipalidad,Urbano,Local,City or Municipal Highway Agency,0,Sin jurisdiccion especial,0,32.41303889,-93.77511111,Banqueta,El primer evento no fue una colision con un vehiculo automotor en transporte,Not an Intersection,No fue interseccion,En el medio,Ninguna,Oscuro sin iluminacion,Despejado,No,NO APLICA,21,22,21,28,1,28/05/2022,1
22,Louisiana,220241,0,0,1,0,5,ASCENSION (5),0,NO APLICA,5,Mayo,30,2022,1,36,SR-341,3,Highway estatal,Urbano,Arteria Menor,State Highway Agency,0,Sin jurisdiccion especial,63,30.28605,-90.85306111,Zanja,El primer evento no fue una colision con un vehiculo automotor en transporte,Not an Intersection,No fue interseccion,Sobre el lado de la calle,Ninguna,Oscuro sin iluminacion,Despejado,No,NO APLICA,1,45,2,1,1,30/05/2022,1
22,Louisiana,220242,0,0,1,0,63,LIVINGSTON (63),0,NO APLICA,5,Mayo,30,2022,12,23,SR-22,3,Highway estatal,Rural,Colector Mayor,State Highway Agency,0,Sin jurisdiccion especial,206,30.27658056,-90.7414,Zanja,El primer evento no fue una colision con un vehiculo automotor en transporte,Not an Intersection,No fue interseccion,Sobre el lado de la calle,Ninguna,Dia total,Despejado,No,NO APLICA,12,25,12,46,1,30/05/2022,1
22,Louisiana,220243,0,0,1,0,57,LAFOURCHE (57),0,NO APLICA,5,Mayo,30,2022,22,3,US-90,2,US Highway,Urbano,Arterial Principal -Freeway o ExpressWay,State Highway Agency,1,Sin jurisdiccion especial,2148,29.70507778,-90.57443611,Arbol,El primer evento no fue una colision con un vehiculo automotor en transporte,Not an Intersection,No fue interseccion,Sobre el lado de la calle,Ninguna,Oscuro sin iluminacion,Despejado,No,NO APLICA,99,98,99,98,1,30/05/2022,1
22,Louisiana,220244,0,0,1,0,17,CADDO (17),2130,SHREVEPORT,1,Enero,10,2022,0,1,E 70TH STREET,6,Calle Local Municipalidad,Urbano,Local,City or Municipal Highway Agency,0,Sin jurisdiccion especial,0,32.44268889,-93.73911389,Poste o otros soportes,El primer evento no fue una colision con un vehiculo automotor en transporte,Not an Intersection,No fue interseccion,Sobre el lado de la calle,Ninguna,Oscuro con iluminacion,Despejado,No,NO APLICA,0,2,0,5,1,10/01/2022,1
22,Louisiana,220245,0,0,1,0,19,CALCASIEU (19),2210,SULPHUR,1,Enero,15,2022,2,43,I-10,1,Interestatal,Urbano,Interestatal,State Highway Agency,1,Sin jurisdiccion especial,238,30.21631111,-93.32893333,Arbol,El primer evento no fue una colision con un vehiculo automotor en transporte,Not an Intersection,No fue interseccion,Sobre el lado de la calle,Ninguna,Oscuro con iluminacion,Despejado,No,NO APLICA,2,43,2,50,2,15/01/2022,2
22,Louisiana,220246,1,1,1,0,71,ORLEANS (71),1690,NEW ORLEANS,2,Febrero,6,2022,20,49,US-90,2,US Highway,Urbano,Arteria Principal,State Highway Agency,1,Sin jurisdiccion especial,2649,30.00978889,-90.02078056,Peaton,El primer evento no fue una colision con un vehiculo automotor en transporte,Four-Way Intersection,Interseccion de 4 direcciones,Sobre calle,Ninguna,Oscuro con iluminacion,Despejado,No,NO APLICA,20,45,20,50,1,06/02/2022,1
22,Louisiana,220247,1,1,1,0,5,ASCENSION (5),0,NO APLICA,2,Febrero,14,2022,21,10,SR-18,3,Highway estatal,Rural,Colector Menor,State Highway Agency,0,Sin jurisdiccion especial,41,30.11786944,-90.94099722,Ciclista,El primer evento no fue una colision con un vehiculo automotor en transporte,Not an Intersection,No fue interseccion,Sobre calle,Ninguna,Oscuro con iluminacion,Despejado,No,NO APLICA,21,7,21,32,1,14/02/2022,1
22,Louisiana,220248,0,0,2,0,109,TERREBONNE (109),0,NO APLICA,2,Febrero,18,2022,12,15,SR-20,3,Highway estatal,Urbano,Arteria Principal,State Highway Agency,1,Sin jurisdiccion especial,142,29.76443056,-90.81541944,Vehiculo en movimiento,Angulo,Four-Way Intersection,Interseccion de 4 direcciones,Sobre calle,Ninguna,Dia total,Despejado,No,NO APLICA,12,16,12,24,1,18/02/2022,2
22,Louisiana,220249,1,1,1,0,1,ACADIA (1),0,NO APLICA,3,Marzo,2,2022,18,8,CR-STANDARD MILL ROAD,4,Calle del Condado,Rural,Local,County Highway Agency,0,Sin jurisdiccion especial,0,30.21525,-92.25370833,Peaton,El primer evento no fue una colision con un vehiculo automotor en transporte,Not an Intersection,No fue interseccion,Sobre calle,Ninguna,Oscuro sin iluminacion,Neblina o Humo,No,NO APLICA,6,11,6,23,1,02/03/2022,1
22,Louisiana,220250,0,0,2,0,103,ST. TAMMANY (103),0,NO APLICA,3,Marzo,11,2022,9,10,I-10,1,Interestatal,Rural,Interestatal,State Highway Agency,1,Sin jurisdiccion especial,2674,30.29431111,-89.74576111,Vehiculo en movimiento,Angulo,Not an Intersection,No fue interseccion,Sobre calle,Ninguna,Dia total,Nublado,No,NO APLICA,9,23,9,39,1,11/03/2022,3
22,Louisiana,220251,0,0,2,0,33,EAST BATON ROUGE (33),150,BATON ROUGE,3,Marzo,30,2022,10,52,US-61,2,US Highway,Urbano,Arteria Principal,State Highway Agency,1,Sin jurisdiccion especial,800,30.50871667,-91.14141389,Vehiculo en movimiento,Angulo,Four-Way Intersection,Interseccion de 4 direcciones,Sobre calle,Ninguna,Dia total,Nublado,No,NO APLICA,10,57,11,2,1,30/03/2022,2
22,Louisiana,220252,0,0,2,0,63,LIVINGSTON (63),0,NO APLICA,4,Abril,2,2022,20,53,SR-16,3,Highway estatal,Urbano,Arteria Menor,State Highway Agency,0,Sin jurisdiccion especial,195,30.43966667,-90.9419,Vehiculo en movimiento,Frente a frente,T-Intersection,Interseccion de T,Sobre calle,Ninguna,Oscuro con iluminacion,Despejado,No,NO APLICA,20,54,21,5,1,02/04/2022,3
22,Louisiana,220253,0,0,1,0,89,ST. CHARLES (89),0,NO APLICA,4,Abril,4,2022,8,34,US-90,2,US Highway,Rural,Arteria Principal,State Highway Agency,1,Sin jurisdiccion especial,2309,29.87436389,-90.44019167,"La carga del vehiculo (cambio, perdida, o otro)",El primer evento no fue una colision con un vehiculo automotor en transporte,Four-Way Intersection,Interseccion de 4 direcciones,Sobre calle,Ninguna,Dia total,Despejado,No,NO APLICA,8,40,8,53,1,04/04/2022,1
22,Louisiana,220254,0,0,1,0,71,ORLEANS (71),1690,NEW ORLEANS,4,Abril,17,2022,17,20,US-90,2,US Highway,Urbano,Arteria Principal,State Highway Agency,1,Sin jurisdiccion especial,2563,29.93989722,-90.105925,Arbol,El primer evento no fue una colision con un vehiculo automotor en transporte,Not an Intersection,No fue interseccion,Sobre el lado de la calle,Ninguna,Dia total,Despejado,No,NO APLICA,17,20,17,26,1,17/04/2022,1
22,Louisiana,220255,0,0,1,0,33,EAST BATON ROUGE (33),150,BATON ROUGE,4,Abril,20,2022,8,30,I-12,1,Interestatal,Urbano,Interestatal,State Highway Agency,1,Sin jurisdiccion especial,61,30.43809444,-91.02408611,Valla Ferrocarril,El primer evento no fue una colision con un vehiculo automotor en transporte,Not an Intersection,No fue interseccion,Sobre el lado de la calle,Ninguna,Dia total,Despejado,No,NO APLICA,99,98,99,98,1,20/04/2022,1
22,Louisiana,220256,1,1,1,0,61,LINCOLN (61),0,NO APLICA,4,Abril,23,2022,20,38,SR-3061,3,Highway estatal,Rural,Colector Mayor,State Highway Agency,0,Sin jurisdiccion especial,32,32.49637222,-92.61200278,Peaton,El primer evento no fue una colision con un vehiculo automotor en transporte,Not an Intersection,No fue interseccion,Sobre el lado de la calle,Ninguna,Oscuro sin iluminacion,Despejado,No,NO APLICA,20,40,20,46,1,23/04/2022,1
22,Louisiana,220257,0,0,2,0,33,EAST BATON ROUGE (33),945,GREENWELL SPRINGS,4,Abril,29,2022,19,21,CENTRAL THRUWAY,5,Calle Local - Pueblo,Urbano,Local,Town or Township Highway Agency,0,Sin jurisdiccion especial,0,30.51488333,-91.02628333,Vehiculo en movimiento,Angulo,Four-Way Intersection,Interseccion de 4 direcciones,Sobre calle,Ninguna,Dia total,Despejado,No,NO APLICA,19,24,19,44,1,29/04/2022,2
22,Louisiana,220258,0,0,2,0,117,WASHINGTON (117),0,NO APLICA,4,Abril,30,2022,16,22,SR-25,3,Highway estatal,Rural,Arteria Menor,State Highway Agency,0,Sin jurisdiccion especial,378,30.99013889,-90.18463056,Vehiculo en movimiento,Angulo,Four-Way Intersection,Interseccion de 4 direcciones,Sobre calle,Ninguna,Dia total,Despejado,No,NO APLICA,16,23,16,36,1,30/04/2022,4