Estado,Nombre de Estado,Numero de Caso,Peatones,Personas _no_vehiculos,Vehiculos automotores,Vehiculos estacionados,Condado,Nombre Condado,Ciudad,Nombre Ciudad,Mes,Nombre Mes,Dia,Año,Hora,Minuto,Calle,Ruta,Nombre Ruta,Rural o Urbanoo,Sistema Funcional,Dueño Calle,Sistema Nacional Carreteras,Jurisdiccion Especial,Milla,Latitud,Longitud,Causa del Accidente,Tipo de Accidente,Tipo Interseccion,Columna1,Lugar en la calle,Zona de Trabajo,Luz,Clima,Autobus Escolar,Cruce de Trenes,Hora Notificacion,Minuto Notificacion,Hora Llegada,Minuto Llegada,Decesos,Fecha,PersonaVehiculo
22,Louisiana,220259,0,0,1,0,33,EAST BATON ROUGE (33),100,BAKER,4,Abril,30,2022,14,37,BALM STREET,6,Calle Local Municipalidad,Urbano,Local,City or Municipal Highway Agency,0,Sin jurisdiccion especial,0,30.58210556,-91.13575,Poste,El primer evento no fue una colision con un vehiculo automotor en transporte,Not an Intersection,No fue interseccion,Sobre el lado de la calle,Ninguna,Dia total,Despejado,No,NO APLICA,99,99,99,99,1,30/04/2022,1
22,Louisiana,220260,1,1,1,0,71,ORLEANS (71),1690,NEW ORLEANS,5,Mayo,5,2022,18,45,DWYER BLVD,6,Calle Local Municipalidad,Urbano,Local,City or Municipal Highway Agency,0,Sin jurisdiccion especial,0,30.03676111,-89.9298,Peaton,El primer evento no fue una colision con un vehiculo automotor en transporte,Four-Way Intersection,Interseccion de 4 direcciones,Sobre calle,Ninguna,Oscuro con iluminacion,Despejado,No,NO APLICA,99,99,99,98,1,05/05/2022,1
22,Louisiana,220261,0,0,1,0,51,JEFFERSON (51),0,NO APLICA,5,Mayo,9,2022,8,57,I-10,1,Interestatal,Urbano,Interestatal,State Highway Agency,1,Sin jurisdiccion especial,2268,29.99973889,-90.19308889,Alguien se cayo/avento del vehiculo,El primer evento no fue una colision con un vehiculo automotor en transporte,Not an Intersection,No fue interseccion,Sobre calle,Ninguna,Dia total,Despejado,No,NO APLICA,8,42,8,48,1,09/05/2022,2
22,Louisiana,220262,0,0,1,0,117,WASHINGTON (117),0,NO APLICA,5,Mayo,28,2022,20,10,SR-10,3,Highway estatal,Rural,Arteria Menor,State Highway Agency,0,Sin jurisdiccion especial,2411,30.8373,-89.93106111,Alguien se cayo/avento del vehiculo,El primer evento no fue una colision con un vehiculo automotor en transporte,Not an Intersection,No fue interseccion,Sobre el lado de la calle,Ninguna,Atardecer,Despejado,No,NO APLICA,20,13,20,23,1,28/05/2022,1
22,Louisiana,220263,1,1,1,0,1,ACADIA (1),0,NO APLICA,6,Junio,3,2022,2,47,SR-95,3,Highway estatal,Rural,Colector Mayor,State Highway Agency,0,Sin jurisdiccion especial,96,30.36325278,-92.19012778,Peaton,El primer evento no fue una colision con un vehiculo automotor en transporte,Not an Intersection,No fue interseccion,Sobre calle,Ninguna,Oscuro sin iluminacion,Despejado,No,NO APLICA,2,39,3,1,1,03/06/2022,1
22,Louisiana,220264,0,0,1,0,117,WASHINGTON (117),0,NO APLICA,6,Junio,5,2022,10,40,SR-440,3,Highway estatal,Rural,Colector Mayor,State Highway Agency,0,Sin jurisdiccion especial,221,30.87586944,-90.30246111,Volcadura,El primer evento no fue una colision con un vehiculo automotor en transporte,Not an Intersection,No fue interseccion,Sobre el lado de la calle,Ninguna,Dia total,Despejado,No,NO APLICA,10,42,10,56,1,05/06/2022,2
22,Louisiana,220265,0,0,1,0,55,LAFAYETTE (55),330,CARENCRO,6,Junio,7,2022,2,15,SR-182,3,Highway estatal,Urbano,Arteria Menor,State Highway Agency,0,Sin jurisdiccion especial,1341,30.32662778,-92.049575,Poste de Señal de trafico,El primer evento no fue una colision con un vehiculo automotor en transporte,Not an Intersection,No fue interseccion,Sobre el lado de la calle,Ninguna,Oscuro sin iluminacion,Despejado,No,NO APLICA,2,18,2,30,1,07/06/2022,2
22,Louisiana,220266,1,1,1,0,33,EAST BATON ROUGE (33),150,BATON ROUGE,6,Junio,7,2022,0,45,SR-3064,3,Highway estatal,Urbano,Arteria Menor,State Highway Agency,0,Sin jurisdiccion especial,6,30.40303056,-91.10470833,Peaton,El primer evento no fue una colision con un vehiculo automotor en transporte,Not an Intersection,No fue interseccion,Sobre calle,Ninguna,Oscuro sin iluminacion,Despejado,No,NO APLICA,0,46,0,48,1,07/06/2022,1
22,Louisiana,220267,0,0,2,0,105,TANGIPAHOA (105),0,NO APLICA,4,Abril,25,2022,17,41,I-55,1,Interestatal,Rural,Interestatal,State Highway Agency,1,Sin jurisdiccion especial,604,30.92101111,-90.52445556,Vehiculo en movimiento,Angulo,Not an Intersection,No fue interseccion,Sobre calle,Ninguna,Dia total,Despejado,No,NO APLICA,17,45,18,4,1,25/04/2022,7
22,Louisiana,220268,0,0,2,0,89,ST. CHARLES (89),0,NO APLICA,4,Abril,29,2022,17,57,SR-3127,3,Highway estatal,Rural,Arteria Menor,State Highway Agency,0,Sin jurisdiccion especial,374,29.95482778,-90.43492222,Vehiculo en movimiento,Angulo,T-Intersection,Interseccion de T,Sobre calle,Ninguna,Atardecer,Despejado,No,NO APLICA,17,51,17,54,1,29/04/2022,3
22,Louisiana,220269,1,1,1,0,19,CALCASIEU (19),0,NO APLICA,5,Mayo,7,2022,22,42,SR-3256,3,Highway estatal,Urbano,Colector Menor,State Highway Agency,0,Sin jurisdiccion especial,50,30.24739444,-93.041075,Peaton,El primer evento no fue una colision con un vehiculo automotor en transporte,Not an Intersection,No fue interseccion,Sobre calle,Ninguna,Oscuro sin iluminacion,Despejado,No,NO APLICA,22,50,22,58,1,07/05/2022,1
22,Louisiana,220270,0,0,1,0,17,CADDO (17),2130,SHREVEPORT,5,Mayo,21,2022,0,4,MONTROSE DRIVE,6,Calle Local Municipalidad,Urbano,Local,City or Municipal Highway Agency,0,Sin jurisdiccion especial,0,32.44923889,-93.74489167,Muro,El primer evento no fue una colision con un vehiculo automotor en transporte,Not an Intersection,No fue interseccion,Sobre el lado de la calle,Ninguna,Oscuro sin iluminacion,Despejado,No,NO APLICA,0,6,0,11,1,21/05/2022,3
22,Louisiana,220271,0,0,2,0,105,TANGIPAHOA (105),0,NO APLICA,5,Mayo,31,2022,7,55,I-12,1,Interestatal,Rural,Interestatal,State Highway Agency,1,Sin jurisdiccion especial,355,30.47941111,-90.53068889,Vehiculo en movimiento,Golpe Lateral - misma direccion,Not an Intersection,No fue interseccion,Sobre calle,Ninguna,Dia total,Despejado,No,NO APLICA,8,0,8,37,1,31/05/2022,2
22,Louisiana,220272,0,0,3,0,33,EAST BATON ROUGE (33),0,NO APLICA,4,Abril,29,2022,21,30,SR-408,3,Highway estatal,Urbano,Arteria Principal,State Highway Agency,1,Sin jurisdiccion especial,50,30.53054167,-91.10244167,Vehiculo en movimiento,Frente a Detrás,Not an Intersection,No fue interseccion,Sobre calle,Ninguna,Oscuro con iluminacion,Despejado,No,NO APLICA,21,32,21,51,1,29/04/2022,5
22,Louisiana,220273,0,0,2,0,33,EAST BATON ROUGE (33),9997,Other,5,Mayo,5,2022,17,44,CR-DEVALL ROAD,4,Calle del Condado,Urbano,Local,County Highway Agency,0,Sin jurisdiccion especial,0,30.56658889,-91.032375,Vehiculo en movimiento,Angulo,Not an Intersection,No fue interseccion,Sobre calle,Ninguna,Dia total,Despejado,No,NO APLICA,17,46,17,52,1,05/05/2022,2
22,Louisiana,220274,0,0,2,0,43,GRANT (43),0,NO APLICA,5,Mayo,7,2022,20,45,US-165,2,US Highway,Rural,Arteria Principal,State Highway Agency,1,Sin jurisdiccion especial,951,31.45401944,-92.40891111,Vehiculo en movimiento,Angulo,T-Intersection,Interseccion de T,Sobre calle,Ninguna,Oscuro sin iluminacion,Despejado,No,NO APLICA,20,55,21,8,2,07/05/2022,11
22,Louisiana,220275,0,0,3,0,73,OUACHITA (73),1560,MONROE,5,Mayo,9,2022,18,11,US-165,2,US Highway,Urbano,Arteria Principal,State Highway Agency,1,Sin jurisdiccion especial,1786,32.51373056,-92.08076944,Vehiculo en movimiento,Angulo,Four-Way Intersection,Interseccion de 4 direcciones,Sobre calle,Ninguna,Dia total,Despejado,No,NO APLICA,18,17,18,24,2,09/05/2022,7
22,Louisiana,220276,0,0,2,0,55,LAFAYETTE (55),650,DUSON,5,Mayo,10,2022,4,40,SR-343,3,Highway estatal,Urbano,Colector Mayor,State Highway Agency,0,Sin jurisdiccion especial,140,30.18726389,-92.17569444,Vehiculo en movimiento,Frente a Detrás,Not an Intersection,No fue interseccion,Sobre calle,Ninguna,Oscuro sin iluminacion,Despejado,No,NO APLICA,4,35,4,51,1,10/05/2022,2
22,Louisiana,220277,1,1,1,0,33,EAST BATON ROUGE (33),0,NO APLICA,5,Mayo,11,2022,5,25,CR-ANTIOCH ROAD,4,Calle del Condado,Rural,Local,County Highway Agency,0,Sin jurisdiccion especial,0,30.38468889,-91.00743056,Ciclista,El primer evento no fue una colision con un vehiculo automotor en transporte,T-Intersection,Interseccion de T,Sobre calle,Ninguna,Oscuro sin iluminacion,Neblina o Humo,No,NO APLICA,5,24,5,54,1,11/05/2022,1
22,Louisiana,220279,1,1,1,0,57,LAFOURCHE (57),0,NO APLICA,5,Mayo,12,2022,5,10,SR-308,3,Highway estatal,Urbano,Colector Mayor,State Highway Agency,0,Sin jurisdiccion especial,369,29.77285,-90.76818611,Ciclista,El primer evento no fue una colision con un vehiculo automotor en transporte,Not an Intersection,No fue interseccion,Sobre calle,Ninguna,Oscuro sin iluminacion,Despejado,No,NO APLICA,5,35,5,41,1,12/05/2022,1
22,Louisiana,220280,0,0,2,0,15,BOSSIER (15),0,NO APLICA,5,Mayo,10,2022,9,10,US-80,2,US Highway,Urbano,Arteria Menor,State Highway Agency,0,Sin jurisdiccion especial,297,32.55590556,-93.59882222,Vehiculo en movimiento,Angulo,T-Intersection,Interseccion de T,Sobre calle,Ninguna,Dia total,Despejado,No,NO APLICA,8,58,9,19,1,10/05/2022,2
22,Louisiana,220281,1,1,1,0,105,TANGIPAHOA (105),0,NO APLICA,5,Mayo,12,2022,21,15,SR-1064,3,Highway estatal,Urbano,Colector Mayor,State Highway Agency,0,Sin jurisdiccion especial,22,30.54438889,-90.546,Ciclista,El primer evento no fue una colision con un vehiculo automotor en transporte,Not an Intersection,No fue interseccion,Sobre calle,Ninguna,Oscuro sin iluminacion,Despejado,No,NO APLICA,21,20,21,25,1,12/05/2022,2
22,Louisiana,220282,0,0,2,0,15,BOSSIER (15),230,BOSSIER CITY,5,Mayo,13,2022,17,30,ARTHUR RAY TEAGUE PARKWAY,6,Calle Local Municipalidad,Urbano,Local,City or Municipal Highway Agency,0,Sin jurisdiccion especial,0,32.47061389,-93.67801111,Acotamiento,El primer evento no fue una colision con un vehiculo automotor en transporte,Not an Intersection,No fue interseccion,En el medio,Ninguna,Dia total,Despejado,No,NO APLICA,17,30,17,34,1,13/05/2022,2
22,Louisiana,220283,0,0,2,0,113,VERMILION (113),0,NO APLICA,5,Mayo,14,2022,13,18,US-167,2,US Highway,Rural,Arteria Principal,State Highway Agency,1,Sin jurisdiccion especial,37,30.02338611,-92.12350278,Vehiculo en movimiento,Frente a Detrás,Not an Intersection,No fue interseccion,Sobre calle,Ninguna,Dia total,Despejado,No,NO APLICA,13,22,13,28,1,14/05/2022,2
22,Louisiana,220284,0,0,2,0,51,JEFFERSON (51),0,NO APLICA,5,Mayo,15,2022,18,45,US-90,2,US Highway,Urbano,Arteria Principal,State Highway Agency,1,Sin jurisdiccion especial,2482,29.91915,-90.16963889,Vehiculo en movimiento,Angulo,Four-Way Intersection,Interseccion de 4 direcciones,Sobre calle,Ninguna,Dia total,Despejado,No,NO APLICA,18,59,19,2,1,15/05/2022,3
22,Louisiana,220285,0,0,2,0,57,LAFOURCHE (57),1320,LOCKPORT,5,Mayo,16,2022,20,0,SR-308,3,Highway estatal,Urbano,Arteria Menor,State Highway Agency,0,Sin jurisdiccion especial,566,29.6395,-90.5153,Vehiculo en movimiento,Angulo,Not an Intersection,No fue interseccion,Sobre calle,Ninguna,Atardecer,Despejado,No,NO APLICA,20,52,20,9,1,16/05/2022,2
22,Louisiana,220286,0,0,2,0,95,ST. JOHN THE BAPTIST (95),0,NO APLICA,6,Junio,14,2022,5,59,US-61,2,US Highway,Urbano,Arteria Principal,State Highway Agency,1,Sin jurisdiccion especial,300,30.07746667,-90.54363333,Vehiculo en movimiento,Angulo,Not an Intersection,No fue interseccion,Sobre calle,Ninguna,Dia total,Despejado,No,NO APLICA,6,3,6,9,1,14/06/2022,2
22,Louisiana,220287,0,0,2,0,57,LAFOURCHE (57),0,NO APLICA,6,Junio,26,2022,5,7,SR-308,3,Highway estatal,Urbano,Arteria Menor,State Highway Agency,0,Sin jurisdiccion especial,576,29.63363056,-90.50836944,Vehiculo en movimiento,Frente a frente,Not an Intersection,No fue interseccion,Sobre calle,Ninguna,Oscuro con iluminacion,Despejado,No,NO APLICA,5,7,5,16,3,26/06/2022,3
22,Louisiana,220288,1,1,1,0,109,TERREBONNE (109),9997,Other,5,Mayo,17,2022,15,22,SR-660,3,Highway estatal,Urbano,Arteria Menor,State Highway Agency,0,Sin jurisdiccion especial,27,29.65007222,-90.72678056,Ciclista,El primer evento no fue una colision con un vehiculo automotor en transporte,Four-Way Intersection,Interseccion de 4 direcciones,Sobre calle,Ninguna,Dia total,lluvia,No,NO APLICA,15,21,15,31,1,17/05/2022,1
22,Louisiana,220289,0,0,2,0,33,EAST BATON ROUGE (33),0,NO APLICA,5,Mayo,21,2022,9,52,CR-JONES CREEK ROAD,4,Calle del Condado,Rural,Local,County Highway Agency,0,Sin jurisdiccion especial,0,30.39401389,-91.01813611,Vehiculo en movimiento,Angulo,T-Intersection,Interseccion de T,Sobre calle,Ninguna,Dia total,Despejado,No,NO APLICA,9,51,10,9,1,21/05/2022,2
22,Louisiana,220290,0,0,2,0,1,ACADIA (1),0,NO APLICA,5,Mayo,21,2022,16,20,SR-13,3,Highway estatal,Rural,Arteria Menor,State Highway Agency,0,Sin jurisdiccion especial,241,30.31006111,-92.39678889,Vehiculo en movimiento,Angulo,Not an Intersection,No fue interseccion,Sobre calle,Ninguna,Dia total,Despejado,No,NO APLICA,16,26,16,35,1,21/05/2022,2
22,Louisiana,220291,1,1,1,0,79,RAPIDES (79),40,ALEXANDRIA,5,Mayo,23,2022,22,7,US-71,2,US Highway,Urbano,Arteria Principal,State Highway Agency,1,Sin jurisdiccion especial,679,31.28961111,-92.47615,Ciclista,El primer evento no fue una colision con un vehiculo automotor en transporte,Not an Intersection,No fue interseccion,Sobre calle,Ninguna,Oscuro con iluminacion,Despejado,No,NO APLICA,22,6,22,11,1,23/05/2022,1
22,Louisiana,220292,0,0,2,0,103,ST. TAMMANY (103),2180,SLIDELL,5,Mayo,24,2022,7,53,US-190B,2,US Highway,Urbano,Arteria Menor,State Highway Agency,0,Sin jurisdiccion especial,25,30.26774167,-89.74282778,Vehiculo en movimiento,Frente a Detrás,Not an Intersection,No fue interseccion,Sobre calle,Ninguna,Dia total,Nublado,No,NO APLICA,7,56,8,3,1,24/05/2022,2
22,Louisiana,220293,0,0,2,0,71,ORLEANS (71),1690,NEW ORLEANS,5,Mayo,25,2022,2,47,US-90,2,US Highway,Urbano,Arteria Principal,State Highway Agency,1,Sin jurisdiccion especial,2681,30.01858889,-89.96812778,Vehiculo en movimiento,Angulo,Four-Way Intersection,Interseccion de 4 direcciones,Sobre calle,Ninguna,Oscuro con iluminacion,Despejado,No,NO APLICA,2,52,2,59,1,25/05/2022,2
22,Louisiana,220294,0,0,3,0,55,LAFAYETTE (55),1230,LAFAYETTE,5,Mayo,26,2022,21,42,SR-3184,3,Highway estatal,Urbano,Arteria Principal,State Highway Agency,1,Sin jurisdiccion especial,17,30.24328056,-92.06631944,Vehiculo en movimiento,Angulo,Four-Way Intersection,Interseccion de 4 direcciones,Sobre calle,Ninguna,Oscuro con iluminacion,Despejado,No,NO APLICA,21,42,22,1,1,26/05/2022,3
22,Louisiana,220295,0,0,3,1,73,OUACHITA (73),0,NO APLICA,5,Mayo,26,2022,16,0,SR-617,3,Highway estatal,Urbano,Arteria Principal,State Highway Agency,1,Sin jurisdiccion especial,7,32.49763889,-92.15740556,Vehiculo en movimiento,Angulo,Not an Intersection,No fue interseccion,Sobre calle,Ninguna,Dia total,Despejado,No,NO APLICA,16,13,16,19,1,26/05/2022,2
22,Louisiana,220296,1,1,1,0,43,GRANT (43),0,NO APLICA,3,Marzo,22,2022,21,32,US-71,2,US Highway,Rural,Arteria Menor,State Highway Agency,0,Sin jurisdiccion especial,969,31.55128889,-92.71303056,Peaton,El primer evento no fue una colision con un vehiculo automotor en transporte,Not an Intersection,No fue interseccion,Sobre calle,Ninguna,Oscuro sin iluminacion,Despejado,No,NO APLICA,21,49,21,55,1,22/03/2022,1
22,Louisiana,220297,0,0,1,0,121,WEST BATON ROUGE (121),0,NO APLICA,5,Mayo,14,2022,2,30,SR-988,3,Highway estatal,Urbano,Colector Mayor,State Highway Agency,0,Sin jurisdiccion especial,37,30.33536667,-91.23418889,Volcadura,El primer evento no fue una colision con un vehiculo automotor en transporte,Not an Intersection,No fue interseccion,Sobre el lado de la calle,Ninguna,Oscuro sin iluminacion,Despejado,No,NO APLICA,2,39,2,54,1,14/05/2022,1
22,Louisiana,220298,0,0,1,0,13,BIENVILLE (13),0,NO APLICA,5,Mayo,13,2022,10,27,US-371,2,US Highway,Rural,Arteria Menor,State Highway Agency,0,Sin jurisdiccion especial,312,32.34421667,-93.28008889,Poste de Señal de trafico,El primer evento no fue una colision con un vehiculo automotor en transporte,Not an Intersection,No fue interseccion,Sobre el lado de la calle,Ninguna,Dia total,Despejado,No,NO APLICA,10,32,10,35,1,13/05/2022,2
22,Louisiana,220299,0,0,1,0,57,LAFOURCHE (57),0,NO APLICA,6,Junio,22,2022,6,40,SR-308,3,Highway estatal,Urbano,Arteria Menor,State Highway Agency,0,Sin jurisdiccion especial,632,29.59153056,-90.44908889,Zanja,El primer evento no fue una colision con un vehiculo automotor en transporte,Not an Intersection,No fue interseccion,Sobre el lado de la calle,Ninguna,Dia total,Despejado,No,NO APLICA,6,41,6,55,1,22/06/2022,1
22,Louisiana,220300,0,0,1,0,117,WASHINGTON (117),0,NO APLICA,6,Junio,3,2022,16,22,SR-1072,3,Highway estatal,Rural,Colector Menor,State Highway Agency,0,Sin jurisdiccion especial,40,30.79783056,-90.09211944,Zanja,El primer evento no fue una colision con un vehiculo automotor en transporte,Not an Intersection,No fue interseccion,Sobre el lado de la calle,Ninguna,Dia total,Despejado,No,NO APLICA,16,26,16,37,1,03/06/2022,2
22,Louisiana,220301,0,0,1,0,81,RED RIVER (81),500,COUSHATTA,7,Julio,2,2022,19,45,CR-CLEAR SPRINGS CHURCH ROAD,4,Calle del Condado,Rural,Local,County Highway Agency,0,Sin jurisdiccion especial,0,32.08881389,-93.24073889,Barda,El primer evento no fue una colision con un vehiculo automotor en transporte,Not an Intersection,No fue interseccion,Sobre el lado de la calle,Ninguna,Atardecer,Despejado,No,NO APLICA,20,0,99,99,1,02/07/2022,2
22,Louisiana,220302,0,0,1,0,31,DE SOTO (31),0,NO APLICA,7,Julio,10,2022,22,27,CR-BATES ROAD,4,Calle del Condado,Rural,Local,County Highway Agency,0,Sin jurisdiccion especial,0,32.1837,-93.72541389,Volcadura,El primer evento no fue una colision con un vehiculo automotor en transporte,Four-Way Intersection,Interseccion de 4 direcciones,Sobre el lado de la calle,Ninguna,Oscuro sin iluminacion,Despejado,No,NO APLICA,22,28,22,45,1,10/07/2022,1
22,Louisiana,220303,0,0,1,0,57,LAFOURCHE (57),0,NO APLICA,7,Julio,11,2022,0,15,SR-1,3,Highway estatal,Rural,Arteria Menor,State Highway Agency,0,Sin jurisdiccion especial,449,29.53265,-90.33686111,Otro objeto (fijo),El primer evento no fue una colision con un vehiculo automotor en transporte,Not an Intersection,No fue interseccion,Sobre el lado de la calle,Ninguna,Oscuro con iluminacion,Despejado,No,NO APLICA,0,20,0,33,1,11/07/2022,2
22,Louisiana,220304,0,0,1,0,59,LA SALLE (59),0,NO APLICA,7,Julio,20,2022,15,25,SR-127,3,Highway estatal,Rural,Colector Mayor,State Highway Agency,0,Sin jurisdiccion especial,139,31.63172222,-92.14380278,Zanja,El primer evento no fue una colision con un vehiculo automotor en transporte,Not an Intersection,No fue interseccion,Sobre el lado de la calle,Ninguna,Dia total,Despejado,No,NO APLICA,15,13,15,18,1,20/07/2022,1
22,Louisiana,220305,0,0,1,0,73,OUACHITA (73),0,NO APLICA,8,Agosto,1,2022,8,11,SR-34,3,Highway estatal,Rural,Arteria Menor,State Highway Agency,0,Sin jurisdiccion especial,788,32.41910278,-92.18636667,Buzon de correo,El primer evento no fue una colision con un vehiculo automotor en transporte,Not an Intersection,No fue interseccion,Sobre el lado de la calle,Ninguna,Dia total,Despejado,No,NO APLICA,8,14,8,25,1,01/08/2022,1
22,Louisiana,220306,0,0,3,2,57,LAFOURCHE (57),0,NO APLICA,5,Mayo,28,2022,2,22,SR-182,3,Highway estatal,Urbano,Arteria Menor,State Highway Agency,0,Sin jurisdiccion especial,46,29.72443889,-90.61081111,Vehiculo Aparcado,El primer evento no fue una colision con un vehiculo automotor en transporte,Not an Intersection,No fue interseccion,Fuera de la calle,Ninguna,Oscuro con iluminacion,Despejado,No,NO APLICA,2,29,2,33,1,28/05/2022,1
22,Louisiana,220307,0,0,2,0,89,ST. CHARLES (89),0,NO APLICA,5,Mayo,28,2022,9,13,I-310 NORTH,1,Interestatal,Urbano,Interestatal,State Highway Agency,1,Sin jurisdiccion especial,33,29.97116111,-90.32423056,Vehiculo en movimiento,Frente a Detrás,Not an Intersection,No fue interseccion,Sobre calle,Ninguna,Dia total,Despejado,No,NO APLICA,9,17,9,24,1,28/05/2022,7
22,Louisiana,220308,0,0,2,0,109,TERREBONNE (109),1070,HOUMA,5,Mayo,31,2022,17,55,SR-24,3,Highway estatal,Urbano,Arteria Principal,State Highway Agency,1,Sin jurisdiccion especial,110,29.6005,-90.73472222,Vehiculo en movimiento,Angulo,T-Intersection,Interseccion de T,Sobre calle,Ninguna,Dia total,Nublado,No,NO APLICA,17,58,18,9,1,31/05/2022,2
22,Louisiana,220309,0,0,2,0,1,ACADIA (1),0,NO APLICA,6,Junio,3,2022,0,40,I-10,1,Interestatal,Rural,Interestatal,State Highway Agency,1,Sin jurisdiccion especial,750,30.2308,-92.48951667,Valla Ferrocarril,El primer evento no fue una colision con un vehiculo automotor en transporte,Not an Intersection,No fue interseccion,En el medio,Ninguna,Oscuro sin iluminacion,Despejado,No,NO APLICA,0,48,1,4,1,03/06/2022,2
22,Louisiana,220310,0,0,2,0,15,BOSSIER (15),230,BOSSIER CITY,6,Junio,5,2022,0,15,I-20,1,Interestatal,Urbano,Interestatal,State Highway Agency,1,Sin jurisdiccion especial,276,32.54189167,-93.60943056,Vehiculo en movimiento,Frente a frente,Not an Intersection,No fue interseccion,Sobre calle,Ninguna,Oscuro sin iluminacion,Despejado,No,NO APLICA,0,19,0,30,1,05/06/2022,4
22,Louisiana,220311,1,1,1,0,71,ORLEANS (71),1690,NEW ORLEANS,6,Junio,5,2022,2,20,I-10 SERVICE ROAD NORTH,7,Calle Local,Urbano,Interestatal,State Highway Agency,1,Sin jurisdiccion especial,2429,30.027675,-90.00380833,Ciclista,El primer evento no fue una colision con un vehiculo automotor en transporte,Not an Intersection,No fue interseccion,Sobre calle,Ninguna,Oscuro con iluminacion,Despejado,No,NO APLICA,2,25,2,37,1,05/06/2022,1
22,Louisiana,220312,0,0,2,0,97,ST. LANDRY (97),0,NO APLICA,6,Junio,11,2022,4,31,SR-35,3,Highway estatal,Rural,Arteria Menor,State Highway Agency,0,Sin jurisdiccion especial,499,30.48985556,-92.18194722,Vehiculo en movimiento,Angulo,T-Intersection,Interseccion de T,Sobre calle,Ninguna,Oscuro sin iluminacion,Despejado,No,NO APLICA,4,39,5,0,1,11/06/2022,3
22,Louisiana,220313,0,0,2,0,85,SABINE (85),0,NO APLICA,7,Julio,1,2022,4,3,SR-6,3,Highway estatal,Rural,Arteria Principal,State Highway Agency,1,Sin jurisdiccion especial,140,31.53793889,-93.53926944,Vehiculo en movimiento,Frente a frente,Not an Intersection,No fue interseccion,Sobre calle,Ninguna,Oscuro sin iluminacion,Nublado,No,NO APLICA,4,32,4,50,1,01/07/2022,2
22,Louisiana,220314,0,0,2,0,9,AVOYELLES (9),0,NO APLICA,7,Julio,9,2022,23,15,SR-105,3,Highway estatal,Rural,Arteria Menor,State Highway Agency,0,Sin jurisdiccion especial,313,30.88148056,-91.81001944,Vehiculo en movimiento,Frente a Detrás,Not an Intersection,No fue interseccion,Sobre calle,Ninguna,Oscuro sin iluminacion,Despejado,No,NO APLICA,23,30,23,52,1,09/07/2022,2
22,Louisiana,220315,0,0,2,0,89,ST. CHARLES (89),0,NO APLICA,7,Julio,15,2022,2,38,I-10,1,Interestatal,Urbano,Interestatal,State Highway Agency,1,Sin jurisdiccion especial,2169,30.03716111,-90.34413056,Vehiculo en movimiento,Frente a Detrás,Not an Intersection,No fue interseccion,Sobre calle,Ninguna,Oscuro sin iluminacion,Despejado,No,NO APLICA,99,98,99,98,1,15/07/2022,2
22,Louisiana,220316,1,1,1,0,71,ORLEANS (71),1690,NEW ORLEANS,1,Enero,9,2022,2,54,BOURBON STREET,6,Calle Local Municipalidad,Urbano,Local,City or Municipal Highway Agency,0,Sin jurisdiccion especial,0,29.95391111,-90.06986944,Peaton,El primer evento no fue una colision con un vehiculo automotor en transporte,Not an Intersection,No fue interseccion,Sobre calle,Ninguna,Oscuro con iluminacion,Despejado,No,NO APLICA,2,54,3,0,1,09/01/2022,1
22,Louisiana,220317,1,1,1,0,33,EAST BATON ROUGE (33),150,BATON ROUGE,2,Febrero,4,2022,6,16,US-61,2,US Highway,Urbano,Arteria Principal,State Highway Agency,1,Sin jurisdiccion especial,777,30.48837778,-91.12128889,Peaton,El primer evento no fue una colision con un vehiculo automotor en transporte,Four-Way Intersection,Interseccion de 4 direcciones,Sobre calle,Ninguna,Oscuro con iluminacion,Despejado,No,NO APLICA,99,98,99,98,1,04/02/2022,2
22,Louisiana,220318,0,0,1,0,89,ST. CHARLES (89),1209,KILLONA,3,Marzo,23,2022,22,40,SR-18,3,Highway estatal,Urbano,Arteria Menor,State Highway Agency,0,Sin jurisdiccion especial,467,29.99893889,-90.47483056,Poste,El primer evento no fue una colision con un vehiculo automotor en transporte,Not an Intersection,No fue interseccion,Sobre el lado de la calle,Ninguna,Oscuro con iluminacion,Despejado,No,NO APLICA,22,44,22,57,1,23/03/2022,1
22,Louisiana,220319,0,0,1,0,119,WEBSTER (119),0,NO APLICA,2,Febrero,13,2022,10,32,CR-DORCHEAT ROAD,4,Calle del Condado,Rural,Local,County Highway Agency,0,Sin jurisdiccion especial,0,32.71118056,-93.32927222,Acotamiento,El primer evento no fue una colision con un vehiculo automotor en transporte,Not an Intersection,No fue interseccion,Sobre el lado de la calle,Ninguna,Dia total,Despejado,No,NO APLICA,10,40,10,55,1,13/02/2022,1
22,Louisiana,220320,0,0,1,0,33,EAST BATON ROUGE (33),150,BATON ROUGE,2,Febrero,2,2022,16,0,DRUSILLA LANE,6,Calle Local Municipalidad,Urbano,Local,City or Municipal Highway Agency,0,Sin jurisdiccion especial,0,30.4189,-91.08893056,Poste o otros soportes,El primer evento no fue una colision con un vehiculo automotor en transporte,Four-Way Intersection,Interseccion de 4 direcciones,Sobre el lado de la calle,Ninguna,Dia total,Despejado,No,NO APLICA,16,3,16,14,1,02/02/2022,1
22,Louisiana,220321,0,0,1,0,19,CALCASIEU (19),1250,LAKE CHARLES,5,Mayo,6,2022,20,38,ENTERPRISE BLVD,6,Calle Local Municipalidad,Urbano,Local,City or Municipal Highway Agency,0,Sin jurisdiccion especial,0,30.22748611,-93.2043,Alguien se cayo/avento del vehiculo,El primer evento no fue una colision con un vehiculo automotor en transporte,Four-Way Intersection,Interseccion de 4 direcciones,Sobre el lado de la calle,Ninguna,Oscuro con iluminacion,Despejado,No,NO APLICA,99,99,99,99,1,06/05/2022,1