Estado,Nombre de Estado,Numero de Caso,Peatones,Personas _no_vehiculos,Vehiculos automotores,Vehiculos estacionados,Condado,Nombre Condado,Ciudad,Nombre Ciudad,Mes,Nombre Mes,Dia,Año,Hora,Minuto,Calle,Ruta,Nombre Ruta,Rural o Urbanoo,Sistema Funcional,Dueño Calle,Sistema Nacional Carreteras,Jurisdiccion Especial,Milla,Latitud,Longitud,Causa del Accidente,Tipo de Accidente,Tipo Interseccion,Columna1,Lugar en la calle,Zona de Trabajo,Luz,Clima,Autobus Escolar,Cruce de Trenes,Hora Notificacion,Minuto Notificacion,Hora Llegada,Minuto Llegada,Decesos,Fecha,PersonaVehiculo
22,Louisiana,220322,0,0,1,0,121,WEST BATON ROUGE (121),0,NO APLICA,5,Mayo,7,2022,3,50,SR-415,3,Highway estatal,Rural,Colector Mayor,State Highway Agency,0,Sin jurisdiccion especial,57,30.49298056,-91.25763333,Valla Ferrocarril,El primer evento no fue una colision con un vehiculo automotor en transporte,T-Intersection,Interseccion de T,Sobre el lado de la calle,Ninguna,Oscuro sin iluminacion,Despejado,No,NO APLICA,4,1,4,11,1,07/05/2022,1
22,Louisiana,220323,1,1,1,0,71,ORLEANS (71),1690,NEW ORLEANS,5,Mayo,23,2022,10,1,I-10,1,Interestatal,Urbano,Interestatal,State Highway Agency,1,Sin jurisdiccion especial,2413,30.01066944,-90.01321944,Peaton,El primer evento no fue una colision con un vehiculo automotor en transporte,Not an Intersection,No fue interseccion,Sobre calle,Ninguna,Dia total,Despejado,No,NO APLICA,10,1,10,13,1,23/05/2022,1
22,Louisiana,220324,0,0,1,0,51,JEFFERSON (51),0,NO APLICA,5,Mayo,24,2022,4,10,US-90B,2,US Highway,Urbano,Arteria Principal,State Highway Agency,1,Sin jurisdiccion especial,97,29.92614167,-90.04,Banqueta,El primer evento no fue una colision con un vehiculo automotor en transporte,Four-Way Intersection,Interseccion de 4 direcciones,Sobre el lado de la calle,Ninguna,Oscuro con iluminacion,lluvia,No,NO APLICA,4,1,4,4,1,24/05/2022,1
22,Louisiana,220325,1,1,1,0,53,JEFFERSON DAVIS (53),0,NO APLICA,5,Mayo,26,2022,1,0,SR-101,3,Highway estatal,Rural,Colector Menor,State Highway Agency,0,Sin jurisdiccion especial,118,30.28329444,-92.92951944,Peaton,El primer evento no fue una colision con un vehiculo automotor en transporte,Not an Intersection,No fue interseccion,Sobre calle,Ninguna,Oscuro sin iluminacion,Despejado,No,NO APLICA,99,99,99,99,1,26/05/2022,1
22,Louisiana,220326,0,0,1,0,51,JEFFERSON (51),0,NO APLICA,3,Marzo,24,2022,2,48,CR-RIDGELAKE DRIVE,4,Calle del Condado,Urbano,Local,County Highway Agency,0,Sin jurisdiccion especial,0,30.01388889,-90.15316944,Banqueta,El primer evento no fue una colision con un vehiculo automotor en transporte,Four-Way Intersection,Interseccion de 4 direcciones,Sobre el lado de la calle,Ninguna,Oscuro con iluminacion,Despejado,No,NO APLICA,99,99,99,99,1,24/03/2022,1
22,Louisiana,220327,0,0,2,0,71,ORLEANS (71),1690,NEW ORLEANS,3,Marzo,4,2022,22,12,US-90B,2,US Highway,Urbano,Interestatal,State Highway Agency,1,Sin jurisdiccion especial,112,29.93894722,-90.05123056,Vehiculo en movimiento,Frente a Detrás,Not an Intersection,No fue interseccion,Sobre calle,Ninguna,Oscuro con iluminacion,Despejado,No,NO APLICA,22,22,22,29,1,04/03/2022,2
22,Louisiana,220328,0,0,2,0,33,EAST BATON ROUGE (33),150,BATON ROUGE,3,Marzo,27,2022,20,30,I-12,1,Interestatal,Urbano,Interestatal,State Highway Agency,1,Sin jurisdiccion especial,21,30.41849167,-91.08721111,Vehiculo en movimiento,Frente a Detrás,Not an Intersection,No fue interseccion,Sobre calle,Ninguna,Oscuro con iluminacion,Despejado,No,NO APLICA,99,99,99,99,1,27/03/2022,2
22,Louisiana,220329,1,1,1,0,33,EAST BATON ROUGE (33),150,BATON ROUGE,4,Abril,2,2022,20,55,SR-67,3,Highway estatal,Urbano,Arteria Principal,State Highway Agency,1,Sin jurisdiccion especial,33,30.49081111,-91.15623056,Peaton,El primer evento no fue una colision con un vehiculo automotor en transporte,T-Intersection,Interseccion de T,Sobre calle,Ninguna,Oscuro con iluminacion,Despejado,No,NO APLICA,20,55,21,3,1,02/04/2022,1
22,Louisiana,220330,0,0,2,0,33,EAST BATON ROUGE (33),150,BATON ROUGE,4,Abril,30,2022,23,1,SR-3164,3,Highway estatal,Urbano,Arteria Menor,State Highway Agency,0,Sin jurisdiccion especial,0,30.45736667,-91.16745556,Vehiculo en movimiento,Angulo,Four-Way Intersection,Interseccion de 4 direcciones,Sobre calle,Ninguna,Oscuro con iluminacion,Despejado,No,NO APLICA,99,99,99,99,1,30/04/2022,2
22,Louisiana,220331,0,0,2,0,63,LIVINGSTON (63),0,NO APLICA,5,Mayo,4,2022,21,50,SR-449,3,Highway estatal,Rural,Arteria Menor,State Highway Agency,0,Sin jurisdiccion especial,71,30.59296111,-90.81435,Vehiculo en movimiento,Angulo,Not an Intersection,No fue interseccion,Sobre calle,Ninguna,Oscuro sin iluminacion,Despejado,No,NO APLICA,21,54,22,19,1,04/05/2022,2
22,Louisiana,220332,0,0,1,0,103,ST. TAMMANY (103),2180,SLIDELL,5,Mayo,5,2022,22,0,OLIVE DRIVE,6,Calle Local Municipalidad,Urbano,Local,City or Municipal Highway Agency,0,Sin jurisdiccion especial,0,30.25215278,-89.78026667,Banqueta,El primer evento no fue una colision con un vehiculo automotor en transporte,Not an Intersection,No fue interseccion,Sobre el lado de la calle,Ninguna,Oscuro con iluminacion,Nublado,No,NO APLICA,22,6,22,17,1,05/05/2022,1
22,Louisiana,220333,1,1,1,0,33,EAST BATON ROUGE (33),2490,ZACHARY,5,Mayo,6,2022,22,35,SR-19,3,Highway estatal,Rural,Arteria Menor,State Highway Agency,0,Sin jurisdiccion especial,124,30.69973333,-91.14640278,Ciclista,El primer evento no fue una colision con un vehiculo automotor en transporte,T-Intersection,Interseccion de T,Sobre Acotamiento,Ninguna,Oscuro sin iluminacion,Despejado,No,NO APLICA,22,42,22,48,1,06/05/2022,1
22,Louisiana,220334,0,0,2,0,19,CALCASIEU (19),2210,SULPHUR,5,Mayo,21,2022,14,0,CYPRESS STREET,6,Calle Local Municipalidad,Urbano,Local,City or Municipal Highway Agency,0,Sin jurisdiccion especial,0,30.23111389,-93.37056667,Vehiculo en movimiento,Angulo,Four-Way Intersection,Interseccion de 4 direcciones,Sobre calle,Ninguna,Dia total,Despejado,No,NO APLICA,99,99,99,99,1,21/05/2022,5
22,Louisiana,220335,0,0,2,0,17,CADDO (17),946,GREENWOOD,5,Mayo,27,2022,13,9,I-20,1,Interestatal,Urbano,Interestatal,State Highway Agency,1,Sin jurisdiccion especial,51,32.44485556,-93.95845556,Vehiculo en movimiento,Frente a Detrás,Not an Intersection,No fue interseccion,Sobre calle,Ninguna,Dia total,Despejado,No,NO APLICA,88,88,88,88,1,27/05/2022,2
22,Louisiana,220336,0,0,2,0,11,BEAUREGARD (11),0,NO APLICA,6,Junio,1,2022,16,40,SR-12,3,Highway estatal,Rural,Arteria Menor,State Highway Agency,0,Sin jurisdiccion especial,299,30.49097222,-93.30693333,Vehiculo en movimiento,Angulo,Not an Intersection,No fue interseccion,Sobre Acotamiento,Ninguna,Dia total,Nublado,No,NO APLICA,99,99,99,99,1,01/06/2022,3
22,Louisiana,220337,0,0,2,0,5,ASCENSION (5),0,NO APLICA,6,Junio,1,2022,22,35,SR-30,3,Highway estatal,Urbano,Arteria Principal,State Highway Agency,1,Sin jurisdiccion especial,187,30.23533889,-91.02628056,Vehiculo en movimiento,Frente a frente,Not an Intersection,No fue interseccion,Sobre calle,Ninguna,Oscuro sin iluminacion,Despejado,No,NO APLICA,22,38,22,55,1,01/06/2022,2
22,Louisiana,220340,1,1,1,0,33,EAST BATON ROUGE (33),0,NO APLICA,6,Junio,4,2022,8,53,I-10,1,Interestatal,Urbano,Interestatal,State Highway Agency,1,Sin jurisdiccion especial,1667,30.34397222,-91.02741944,Peaton,El primer evento no fue una colision con un vehiculo automotor en transporte,Not an Intersection,No fue interseccion,Sobre calle,Ninguna,Dia total,Despejado,No,NO APLICA,9,2,9,24,1,04/06/2022,2
22,Louisiana,220342,0,0,1,0,33,EAST BATON ROUGE (33),2490,ZACHARY,6,Junio,6,2022,18,31,SR-19,3,Highway estatal,Urbano,Arteria Menor,State Highway Agency,0,Sin jurisdiccion especial,91,30.65233889,-91.14976111,Edificio,El primer evento no fue una colision con un vehiculo automotor en transporte,T-Intersection,Interseccion de T,Sobre el lado de la calle,Ninguna,Dia total,Despejado,No,NO APLICA,18,31,18,34,1,06/06/2022,1
22,Louisiana,220343,1,1,1,0,53,JEFFERSON DAVIS (53),0,NO APLICA,6,Junio,6,2022,8,26,SR-1126,3,Highway estatal,Rural,Colector Menor,State Highway Agency,0,Sin jurisdiccion especial,37,30.18705278,-92.75440556,Ciclista,El primer evento no fue una colision con un vehiculo automotor en transporte,Not an Intersection,No fue interseccion,Sobre calle,Ninguna,Dia total,Despejado,No,NO APLICA,99,99,99,99,1,06/06/2022,1
22,Louisiana,220344,0,0,1,0,33,EAST BATON ROUGE (33),0,NO APLICA,6,Junio,11,2022,2,30,SR-426,3,Highway estatal,Urbano,Arteria Principal,State Highway Agency,1,Sin jurisdiccion especial,31,30.45513056,-91.01811111,Culvert,El primer evento no fue una colision con un vehiculo automotor en transporte,Not an Intersection,No fue interseccion,Sobre el lado de la calle,Ninguna,Oscuro con iluminacion,Despejado,No,NO APLICA,2,32,2,33,1,11/06/2022,1
22,Louisiana,220345,1,1,3,2,71,ORLEANS (71),1690,NEW ORLEANS,6,Junio,11,2022,2,40,I-10,1,Interestatal,Rural,Interestatal,State Highway Agency,1,Sin jurisdiccion especial,2550,30.14641111,-89.86194722,Vehiculo Aparcado,El primer evento no fue una colision con un vehiculo automotor en transporte,Not an Intersection,No fue interseccion,Sobre Acotamiento,Ninguna,Oscuro sin iluminacion,Despejado,No,NO APLICA,2,43,99,99,1,11/06/2022,1
22,Louisiana,220346,1,1,1,0,57,LAFOURCHE (57),0,NO APLICA,6,Junio,14,2022,23,26,SR-308,3,Highway estatal,Urbano,Colector Mayor,State Highway Agency,0,Sin jurisdiccion especial,725,29.52586389,-90.334575,Peaton,El primer evento no fue una colision con un vehiculo automotor en transporte,Not an Intersection,No fue interseccion,Sobre calle,Ninguna,Oscuro sin iluminacion,Despejado,No,NO APLICA,23,28,23,39,1,14/06/2022,1
22,Louisiana,220348,0,0,1,0,15,BOSSIER (15),230,BOSSIER CITY,6,Junio,16,2022,14,13,CLYDE FANT MEMORIAL,6,Calle Local Municipalidad,Urbano,Local,City or Municipal Highway Agency,0,Sin jurisdiccion especial,0,32.46829444,-93.68715833,Arbol,El primer evento no fue una colision con un vehiculo automotor en transporte,Not an Intersection,No fue interseccion,Sobre el lado de la calle,Ninguna,Dia total,Despejado,No,NO APLICA,2,14,2,22,1,16/06/2022,3
22,Louisiana,220349,0,0,1,0,27,CLAIBORNE (27),0,NO APLICA,6,Junio,21,2022,22,0,CR-OLD ATHENS ROAD,4,Calle del Condado,Rural,Local,County Highway Agency,0,Sin jurisdiccion especial,0,32.64517778,-93.05763889,Arbol,El primer evento no fue una colision con un vehiculo automotor en transporte,Four-Way Intersection,Interseccion de 4 direcciones,Sobre el lado de la calle,Ninguna,Oscuro sin iluminacion,Despejado,No,NO APLICA,22,23,22,40,1,21/06/2022,1
22,Louisiana,220350,0,0,1,0,91,ST. HELENA (91),0,NO APLICA,6,Junio,17,2022,23,25,SR-1041,3,Highway estatal,Rural,Local,State Highway Agency,0,Sin jurisdiccion especial,30,30.68291389,-90.72893611,Culvert,El primer evento no fue una colision con un vehiculo automotor en transporte,Not an Intersection,No fue interseccion,Sobre el lado de la calle,Ninguna,Oscuro sin iluminacion,Despejado,No,NO APLICA,99,99,99,98,1,17/06/2022,1
22,Louisiana,220352,0,0,2,0,3,ALLEN (3),0,NO APLICA,6,Junio,24,2022,5,33,SR-26,3,Highway estatal,Rural,Arteria Menor,State Highway Agency,0,Sin jurisdiccion especial,187,30.73734444,-92.95331667,Vehiculo en movimiento,Frente a Detrás,Not an Intersection,No fue interseccion,Sobre calle,Ninguna,Oscuro sin iluminacion,Despejado,No,NO APLICA,99,99,99,99,1,24/06/2022,2
22,Louisiana,220353,0,0,1,0,25,CATAHOULA (25),0,NO APLICA,6,Junio,19,2022,2,0,SR-8,3,Highway estatal,Rural,Colector Mayor,State Highway Agency,0,Sin jurisdiccion especial,1474,31.78311111,-91.77020278,Volcadura,El primer evento no fue una colision con un vehiculo automotor en transporte,Not an Intersection,No fue interseccion,Sobre el lado de la calle,Ninguna,Oscuro sin iluminacion,Despejado,No,NO APLICA,6,47,6,57,1,19/06/2022,1
22,Louisiana,220354,0,0,1,0,33,EAST BATON ROUGE (33),2490,ZACHARY,6,Junio,19,2022,0,33,SR-64,3,Highway estatal,Urbano,Arteria Menor,State Highway Agency,0,Sin jurisdiccion especial,54,30.64813056,-91.10073056,Zanja,El primer evento no fue una colision con un vehiculo automotor en transporte,Not an Intersection,No fue interseccion,Sobre el lado de la calle,Ninguna,Oscuro sin iluminacion,Despejado,No,NO APLICA,0,33,0,50,1,19/06/2022,2
22,Louisiana,220355,1,1,1,0,71,ORLEANS (71),1690,NEW ORLEANS,6,Junio,21,2022,6,38,LOUISIANA AVE,6,Calle Local Municipalidad,Urbano,Local,City or Municipal Highway Agency,0,Sin jurisdiccion especial,0,29.93469167,-90.09443611,Peaton,El primer evento no fue una colision con un vehiculo automotor en transporte,Not an Intersection,No fue interseccion,Sobre calle,Ninguna,Dia total,Despejado,No,NO APLICA,99,99,99,99,1,21/06/2022,1
22,Louisiana,220356,1,1,1,0,17,CADDO (17),2340,VIVIAN,6,Junio,28,2022,19,9,SR-1,3,Highway estatal,Rural,Arteria Menor,State Highway Agency,0,Sin jurisdiccion especial,4206,32.88117222,-93.98405833,Ciclista,El primer evento no fue una colision con un vehiculo automotor en transporte,Not an Intersection,No fue interseccion,Sobre Acotamiento,Ninguna,Dia total,Despejado,No,NO APLICA,99,99,99,99,1,28/06/2022,2
22,Louisiana,220357,1,1,1,0,73,OUACHITA (73),1560,MONROE,6,Junio,24,2022,23,2,SR-840,3,Highway estatal,Urbano,Arteria Principal,State Highway Agency,1,Sin jurisdiccion especial,2,32.52047778,-92.10963333,Peaton,El primer evento no fue una colision con un vehiculo automotor en transporte,Not an Intersection,No fue interseccion,Sobre calle,Ninguna,Oscuro sin iluminacion,Despejado,No,NO APLICA,23,3,23,5,1,24/06/2022,2
22,Louisiana,220358,0,0,1,0,17,CADDO (17),2130,SHREVEPORT,6,Junio,28,2022,19,56,JEWELLA AVE,6,Calle Local Municipalidad,Urbano,Local,City or Municipal Highway Agency,0,Sin jurisdiccion especial,0,32.44498056,-93.79725,Banqueta,El primer evento no fue una colision con un vehiculo automotor en transporte,Not an Intersection,No fue interseccion,Sobre el lado de la calle,Ninguna,Dia total,Despejado,No,NO APLICA,19,58,20,1,1,28/06/2022,1
22,Louisiana,220359,0,0,3,0,17,CADDO (17),0,NO APLICA,5,Mayo,27,2022,11,48,US-80,2,US Highway,Rural,Arteria Principal,State Highway Agency,0,Sin jurisdiccion especial,22,32.45194167,-94.01154444,Vehiculo en movimiento,Frente a frente,Not an Intersection,No fue interseccion,Sobre calle,Ninguna,Dia total,Despejado,No,NO APLICA,99,99,99,99,1,27/05/2022,4
22,Louisiana,220360,0,0,1,0,73,OUACHITA (73),0,NO APLICA,6,Junio,28,2022,18,8,SR-557,3,Highway estatal,Rural,Colector Mayor,State Highway Agency,0,Sin jurisdiccion especial,42,32.28686944,-92.24425,Arbol,El primer evento no fue una colision con un vehiculo automotor en transporte,Not an Intersection,No fue interseccion,Sobre el lado de la calle,Ninguna,Dia total,Despejado,No,NO APLICA,18,13,18,28,1,28/06/2022,1
22,Louisiana,220361,1,1,1,0,53,JEFFERSON DAVIS (53),1140,JENNINGS,7,Julio,1,2022,3,32,HOLIDAY DRIVE,6,Calle Local Municipalidad,Urbano,Local,City or Municipal Highway Agency,0,Sin jurisdiccion especial,0,30.24619444,-92.67879167,Ciclista,El primer evento no fue una colision con un vehiculo automotor en transporte,Not an Intersection,No fue interseccion,Sobre calle,Ninguna,Oscuro sin iluminacion,Despejado,No,NO APLICA,2,31,99,99,1,01/07/2022,1
22,Louisiana,220362,2,2,1,0,53,JEFFERSON DAVIS (53),0,NO APLICA,6,Junio,18,2022,23,8,I-10 FRONTAGE ROAD,7,Calle Local,Rural,Interestatal,State Highway Agency,1,Sin jurisdiccion especial,624,30.246125,-92.69761389,Peaton,El primer evento no fue una colision con un vehiculo automotor en transporte,Not an Intersection,No fue interseccion,Sobre calle,Ninguna,Oscuro sin iluminacion,Despejado,No,NO APLICA,99,98,99,98,2,18/06/2022,1
22,Louisiana,220363,0,0,1,0,95,ST. JOHN THE BAPTIST (95),0,NO APLICA,6,Junio,4,2022,13,0,CR-SPRUCE STREET,4,Calle del Condado,Rural,Local,County Highway Agency,0,Sin jurisdiccion especial,0,30.06340833,-90.48543611,Vehiculo Ferrocarril,El primer evento no fue una colision con un vehiculo automotor en transporte,Not an Intersection,No fue interseccion,Sobre calle,Ninguna,Dia total,Despejado,No,303163X,99,99,99,99,1,04/06/2022,1
22,Louisiana,220364,0,0,2,0,103,ST. TAMMANY (103),760,FOLSOM,6,Junio,3,2022,18,53,CR-WILLIE ROAD,4,Calle del Condado,Rural,Local,County Highway Agency,0,Sin jurisdiccion especial,0,30.57739722,-90.16716111,Vehiculo en movimiento,Frente a Detrás,Not an Intersection,No fue interseccion,Sobre calle,Ninguna,Atardecer,Despejado,No,NO APLICA,18,56,19,11,1,03/06/2022,2
22,Louisiana,220365,0,0,2,0,17,CADDO (17),2130,SHREVEPORT,6,Junio,16,2022,14,25,SR-525,3,Highway estatal,Urbano,Arteria Menor,State Highway Agency,0,Sin jurisdiccion especial,93,32.39218056,-93.81943056,Vehiculo en movimiento,Frente a Detrás,Not an Intersection,No fue interseccion,Sobre calle,Ninguna,Dia total,Despejado,No,NO APLICA,14,25,14,27,1,16/06/2022,2
22,Louisiana,220366,0,0,2,0,121,WEST BATON ROUGE (121),0,NO APLICA,6,Junio,6,2022,3,5,SR-415,3,Highway estatal,Urbano,Arteria Principal,State Highway Agency,1,Sin jurisdiccion especial,2,30.44941389,-91.24476667,Vehiculo en movimiento,Angulo,T-Intersection,Interseccion de T,Sobre calle,Ninguna,Oscuro con iluminacion,Despejado,No,NO APLICA,3,5,3,11,1,06/06/2022,4
22,Louisiana,220367,0,1,2,1,61,LINCOLN (61),0,NO APLICA,6,Junio,11,2022,14,11,I-20,1,Interestatal,Rural,Interestatal,State Highway Agency,1,Sin jurisdiccion especial,789,32.54591111,-92.75487778,Vehiculo Aparcado,El primer evento no fue una colision con un vehiculo automotor en transporte,Not an Intersection,No fue interseccion,Sobre Acotamiento,Ninguna,Dia total,Despejado,No,NO APLICA,14,12,14,21,1,11/06/2022,1
22,Louisiana,220368,0,0,2,1,61,LINCOLN (61),2070,RUSTON,6,Junio,11,2022,16,43,CR-DIAMOND LANE,4,Calle del Condado,Rural,Local,County Highway Agency,0,Sin jurisdiccion especial,0,32.51876111,-92.6081,Vehiculo Aparcado,El primer evento no fue una colision con un vehiculo automotor en transporte,Not an Intersection,No fue interseccion,Sobre calle,Ninguna,Dia total,Despejado,No,NO APLICA,16,48,16,54,1,11/06/2022,1
22,Louisiana,220369,0,0,2,0,31,DE SOTO (31),0,NO APLICA,6,Junio,12,2022,19,22,US-171,2,US Highway,Urbano,Arteria Principal,State Highway Agency,1,Sin jurisdiccion especial,1415,32.01905,-93.71372778,Vehiculo en movimiento,Angulo,Four-Way Intersection,Interseccion de 4 direcciones,Sobre calle,Ninguna,Dia total,Despejado,No,NO APLICA,19,22,19,29,1,12/06/2022,4
22,Louisiana,220372,1,1,1,0,33,EAST BATON ROUGE (33),0,NO APLICA,6,Junio,15,2022,13,49,CR-PEAIRS ROAD,4,Calle del Condado,Rural,Local,County Highway Agency,0,Sin jurisdiccion especial,0,30.64476389,-91.02870556,Peaton,El primer evento no fue una colision con un vehiculo automotor en transporte,Not an Intersection,No fue interseccion,Sobre calle,Ninguna,Dia total,Despejado,No,NO APLICA,13,99,13,99,1,15/06/2022,3
22,Louisiana,220373,0,0,2,0,113,VERMILION (113),0,NO APLICA,6,Junio,20,2022,16,45,SR-14,3,Highway estatal,Rural,Arteria Menor,State Highway Agency,0,Sin jurisdiccion especial,723,29.99146111,-92.24238056,Vehiculo en movimiento,Golpe Lateral - misma direccion,T-Intersection,Interseccion de T,Sobre calle,Ninguna,Dia total,Despejado,No,NO APLICA,16,52,16,54,1,20/06/2022,2
22,Louisiana,220374,0,0,1,0,63,LIVINGSTON (63),791,FRENCH SETTLEMENT,6,Junio,24,2022,0,15,SR-16,3,Highway estatal,Rural,Arteria Menor,State Highway Agency,0,Sin jurisdiccion especial,17,30.28063889,-90.78393889,Puente de Ferrocarril,El primer evento no fue una colision con un vehiculo automotor en transporte,Not an Intersection,No fue interseccion,Sobre el lado de la calle,Ninguna,Oscuro sin iluminacion,Despejado,No,NO APLICA,0,35,1,1,1,24/06/2022,1
22,Louisiana,220375,0,0,2,0,67,MOREHOUSE (67),0,NO APLICA,6,Junio,24,2022,17,13,SR-139,3,Highway estatal,Rural,Arteria Menor,State Highway Agency,0,Sin jurisdiccion especial,121,32.66664167,-91.93331111,Vehiculo en movimiento,Golpe Lateral - direccion contraria,Not an Intersection,No fue interseccion,Sobre calle,Ninguna,Dia total,Despejado,No,NO APLICA,17,21,17,32,1,24/06/2022,3
22,Louisiana,220376,1,1,2,0,5,ASCENSION (5),0,NO APLICA,6,Junio,25,2022,20,40,US-61,2,US Highway,Urbano,Arteria Principal,State Highway Agency,1,Sin jurisdiccion especial,608,30.28655278,-90.95713333,Ciclista,El primer evento no fue una colision con un vehiculo automotor en transporte,Not an Intersection,No fue interseccion,Sobre calle,Ninguna,Oscuro sin iluminacion,Despejado,No,NO APLICA,21,2,21,25,1,25/06/2022,3
22,Louisiana,220377,0,1,3,1,79,RAPIDES (79),40,ALEXANDRIA,6,Junio,28,2022,16,5,SR-1,3,Highway estatal,Urbano,Arteria Menor,State Highway Agency,0,Sin jurisdiccion especial,2668,31.32073056,-92.47408056,Vehiculo en movimiento,Golpe Lateral - direccion contraria,Not an Intersection,No fue interseccion,Sobre calle,Ninguna,Dia total,Despejado,No,NO APLICA,16,7,16,13,1,28/06/2022,2
22,Louisiana,220378,0,0,2,0,63,LIVINGSTON (63),35,ALBANY,6,Junio,29,2022,17,8,SR-43,3,Highway estatal,Urbano,Colector Mayor,State Highway Agency,0,Sin jurisdiccion especial,37,30.47848889,-90.57881111,Vehiculo en movimiento,Golpe Lateral - direccion contraria,Not an Intersection,No fue interseccion,Sobre calle,Ninguna,Dia total,Nublado,No,NO APLICA,17,8,17,25,1,29/06/2022,2
22,Louisiana,220379,0,0,1,0,69,NATCHITOCHES (69),860,GOLDONNA,7,Julio,4,2022,17,12,NORTH GOODWILL STREET,5,Calle Local - Pueblo,Rural,Local,Town or Township Highway Agency,0,Sin jurisdiccion especial,0,32.02288056,-92.90471667,Volcadura,El primer evento no fue una colision con un vehiculo automotor en transporte,Not an Intersection,No fue interseccion,Sobre el lado de la calle,Ninguna,Dia total,Despejado,No,NO APLICA,17,9,17,33,1,04/07/2022,1
22,Louisiana,220380,0,0,1,0,39,EVANGELINE (39),2320,VILLE PLATTE,3,Marzo,5,2022,6,23,WEST HICKORY ST,6,Calle Local Municipalidad,Urbano,Colector Mayor,City or Municipal Highway Agency,0,Sin jurisdiccion especial,0,30.68361667,-92.28389167,Arbol,El primer evento no fue una colision con un vehiculo automotor en transporte,Not an Intersection,No fue interseccion,Sobre el lado de la calle,Ninguna,Dia total,Despejado,No,NO APLICA,6,25,6,30,1,05/03/2022,1
22,Louisiana,220381,0,0,1,0,41,FRANKLIN (41),2450,WINNSBORO,5,Mayo,10,2022,19,44,SR-130,3,Highway estatal,Rural,Colector Mayor,State Highway Agency,0,Sin jurisdiccion especial,70,32.16865556,-91.72736667,Zanja,El primer evento no fue una colision con un vehiculo automotor en transporte,Not an Intersection,No fue interseccion,Sobre el lado de la calle,Ninguna,Dia total,Despejado,No,NO APLICA,19,46,19,46,1,10/05/2022,1
22,Louisiana,220382,0,0,1,0,5,ASCENSION (5),9898,Not Reported,6,Junio,4,2022,2,53,SR-42,3,Highway estatal,Urbano,Arteria Menor,State Highway Agency,0,Sin jurisdiccion especial,85,30.33159444,-90.85345,Banqueta,El primer evento no fue una colision con un vehiculo automotor en transporte,Traffic Circle,Circulo de Trafico,Sobre el lado de la calle,Ninguna,Oscuro sin iluminacion,Despejado,No,NO APLICA,2,56,3,15,1,04/06/2022,2
22,Louisiana,220384,0,0,1,0,113,VERMILION (113),0,NO APLICA,7,Julio,3,2022,7,18,SR-35,3,Highway estatal,Rural,Colector Mayor,State Highway Agency,0,Sin jurisdiccion especial,70,29.92995556,-92.28398611,Puente de Ferrocarril,El primer evento no fue una colision con un vehiculo automotor en transporte,Not an Intersection,No fue interseccion,Sobre el lado de la calle,Ninguna,Reportada como desconocida,Despejado,No,NO APLICA,99,99,99,99,1,03/07/2022,1
22,Louisiana,220385,0,0,1,0,51,JEFFERSON (51),1190,KENNER,7,Julio,3,2022,4,17,AIRPORT ROAD,6,Calle Local Municipalidad,Urbano,Local,City or Municipal Highway Agency,0,Sin jurisdiccion especial,0,30.006875,-90.24325556,Banqueta,El primer evento no fue una colision con un vehiculo automotor en transporte,Four-Way Intersection,Interseccion de 4 direcciones,Sobre el lado de la calle,Ninguna,Oscuro con iluminacion,Despejado,No,NO APLICA,4,26,4,36,1,03/07/2022,1
22,Louisiana,220386,0,0,2,0,33,EAST BATON ROUGE (33),150,BATON ROUGE,7,Julio,7,2022,6,28,SOUTH CHOCTAW DRIVE,6,Calle Local Municipalidad,Urbano,Local,City or Municipal Highway Agency,0,Sin jurisdiccion especial,0,30.47157222,-91.09213056,Vehiculo en movimiento,Angulo,Not an Intersection,No fue interseccion,Sobre calle,Ninguna,Dia total,Despejado,No,NO APLICA,99,99,99,98,1,07/07/2022,2
22,Louisiana,220387,1,1,1,0,73,OUACHITA (73),1560,MONROE,7,Julio,9,2022,0,55,DESIARD ST,6,Calle Local Municipalidad,Urbano,Local,City or Municipal Highway Agency,0,Sin jurisdiccion especial,0,32.51878333,-92.08879722,Peaton,El primer evento no fue una colision con un vehiculo automotor en transporte,Not an Intersection,No fue interseccion,Sobre calle,Ninguna,Oscuro sin iluminacion,Despejado,No,NO APLICA,0,56,1,3,1,09/07/2022,1
22,Louisiana,220388,0,0,2,0,103,ST. TAMMANY (103),0,NO APLICA,7,Julio,10,2022,3,7,US-190,2,US Highway,Urbano,Arteria Principal,State Highway Agency,1,Sin jurisdiccion especial,2638,30.31014444,-89.90495278,Vehiculo en movimiento,Frente a frente,Not an Intersection,No fue interseccion,Sobre calle,Ninguna,Oscuro con iluminacion,Despejado,No,NO APLICA,3,16,3,32,2,10/07/2022,3
22,Louisiana,220389,1,1,1,0,17,CADDO (17),2130,SHREVEPORT,7,Julio,15,2022,21,32,LINWOOD,6,Calle Local Municipalidad,Urbano,Local,City or Municipal Highway Agency,0,Sin jurisdiccion especial,0,32.442025,-93.7631,Peaton,El primer evento no fue una colision con un vehiculo automotor en transporte,Four-Way Intersection,Interseccion de 4 direcciones,Sobre calle,Ninguna,Oscuro con iluminacion,Despejado,No,NO APLICA,21,36,21,43,1,15/07/2022,1
22,Louisiana,220390,0,0,1,0,41,FRANKLIN (41),2450,WINNSBORO,7,Julio,23,2022,2,0,EIGHTH ST,6,Calle Local Municipalidad,Urbano,Local,City or Municipal Highway Agency,0,Sin jurisdiccion especial,0,32.15416111,-91.7216,Otro objeto (fijo),El primer evento no fue una colision con un vehiculo automotor en transporte,Not an Intersection,No fue interseccion,Sobre el lado de la calle,Ninguna,Oscuro con iluminacion,Despejado,No,NO APLICA,2,0,2,6,1,23/07/2022,1