Estado,Nombre de Estado,Numero de Caso,Peatones,Personas _no_vehiculos,Vehiculos automotores,Vehiculos estacionados,Condado,Nombre Condado,Ciudad,Nombre Ciudad,Mes,Nombre Mes,Dia,Año,Hora,Minuto,Calle,Ruta,Nombre Ruta,Rural o Urbanoo,Sistema Funcional,Dueño Calle,Sistema Nacional Carreteras,Jurisdiccion Especial,Milla,Latitud,Longitud,Causa del Accidente,Tipo de Accidente,Tipo Interseccion,Columna1,Lugar en la calle,Zona de Trabajo,Luz,Clima,Autobus Escolar,Cruce de Trenes,Hora Notificacion,Minuto Notificacion,Hora Llegada,Minuto Llegada,Decesos,Fecha,PersonaVehiculo
22,Louisiana,220391,0,0,2,0,63,LIVINGSTON (63),0,NO APLICA,7,Julio,15,2022,0,49,SR-16,3,Highway estatal,Rural,Arteria Principal,State Highway Agency,0,Sin jurisdiccion especial,262,30.51981944,-90.95655278,Vehiculo en movimiento,Frente a Detrás,Not an Intersection,No fue interseccion,Sobre calle,Ninguna,Oscuro sin iluminacion,Despejado,No,NO APLICA,0,50,0,58,1,15/07/2022,2
22,Louisiana,220392,0,0,1,0,31,DE SOTO (31),0,NO APLICA,7,Julio,19,2022,0,35,US-84,2,US Highway,Rural,Arteria Menor,State Highway Agency,0,Sin jurisdiccion especial,249,32.05008056,-93.63665,Poste de Señal de trafico,El primer evento no fue una colision con un vehiculo automotor en transporte,Not an Intersection,No fue interseccion,Sobre el lado de la calle,Ninguna,Oscuro sin iluminacion,Despejado,No,NO APLICA,1,10,1,38,1,19/07/2022,1
22,Louisiana,220393,1,1,2,0,71,ORLEANS (71),1690,NEW ORLEANS,7,Julio,15,2022,14,35,US-90,2,US Highway,Urbano,Arteria Menor,State Highway Agency,0,Sin jurisdiccion especial,2704,30.00864722,-90.02601944,Vehiculo en movimiento,Angulo,Not an Intersection,No fue interseccion,Sobre calle,Ninguna,Dia total,Despejado,No,NO APLICA,99,99,99,99,1,15/07/2022,1
22,Louisiana,220394,0,0,2,0,71,ORLEANS (71),1690,NEW ORLEANS,7,Julio,6,2022,11,23,US-90,2,US Highway,Urbano,Arteria Principal,State Highway Agency,0,Sin jurisdiccion especial,2717,30.03673611,-89.91060556,Vehiculo en movimiento,Angulo,Not an Intersection,No fue interseccion,Sobre calle,Ninguna,Dia total,Despejado,No,NO APLICA,99,99,99,99,1,06/07/2022,2
22,Louisiana,220395,1,1,1,0,55,LAFAYETTE (55),0,NO APLICA,7,Julio,21,2022,23,27,SR-98,3,Highway estatal,Urbano,Arteria Menor,State Highway Agency,0,Sin jurisdiccion especial,378,30.29801111,-92.11326389,Ciclista,El primer evento no fue una colision con un vehiculo automotor en transporte,Not an Intersection,No fue interseccion,Sobre calle,Ninguna,Oscuro sin iluminacion,Despejado,No,NO APLICA,99,99,99,99,1,21/07/2022,2
22,Louisiana,220396,1,1,1,0,33,EAST BATON ROUGE (33),150,BATON ROUGE,7,Julio,25,2022,7,30,I-12,1,Interestatal,Urbano,Interestatal,State Highway Agency,1,Sin jurisdiccion especial,71,30.44110833,-91.01213056,Ciclista,El primer evento no fue una colision con un vehiculo automotor en transporte,Not an Intersection,No fue interseccion,Sobre calle,Ninguna,Dia total,Despejado,No,NO APLICA,99,99,99,98,1,25/07/2022,1
22,Louisiana,220397,0,0,1,0,93,ST. JAMES (93),0,NO APLICA,7,Julio,25,2022,15,49,SR-20,3,Highway estatal,Rural,Colector Mayor,State Highway Agency,0,Sin jurisdiccion especial,264,30.00724167,-90.73010278,Poste,El primer evento no fue una colision con un vehiculo automotor en transporte,T-Intersection,Interseccion de T,Sobre el lado de la calle,Ninguna,Dia total,Despejado,No,NO APLICA,99,99,99,99,1,25/07/2022,1
22,Louisiana,220398,0,0,1,0,51,JEFFERSON (51),0,NO APLICA,7,Julio,26,2022,1,25,US-90,2,US Highway,Urbano,Arteria Principal,State Highway Agency,1,Sin jurisdiccion especial,2518,29.91291111,-90.24895,Fin de valla,El primer evento no fue una colision con un vehiculo automotor en transporte,Not an Intersection,No fue interseccion,Sobre el lado de la calle,Ninguna,Oscuro con iluminacion,Despejado,No,NO APLICA,3,35,3,40,1,26/07/2022,1
22,Louisiana,220399,0,0,1,0,55,LAFAYETTE (55),1230,LAFAYETTE,7,Julio,31,2022,19,53,SR-3025,3,Highway estatal,Urbano,Arteria Principal,State Highway Agency,1,Sin jurisdiccion especial,27,30.20200556,-92.03071389,Muro,El primer evento no fue una colision con un vehiculo automotor en transporte,Not an Intersection,No fue interseccion,Sobre el lado de la calle,Ninguna,Oscuro con iluminacion,Nublado,No,NO APLICA,99,99,99,99,1,31/07/2022,1
22,Louisiana,220400,0,0,1,0,105,TANGIPAHOA (105),980,HAMMOND,1,Enero,10,2022,7,14,CR-NORTH COBURN ROAD,4,Calle del Condado,Urbano,Local,County Highway Agency,0,Sin jurisdiccion especial,0,30.53591944,-90.39828889,Poste de Señal de trafico,El primer evento no fue una colision con un vehiculo automotor en transporte,T-Intersection,Interseccion de T,Sobre el lado de la calle,Ninguna,Dia total,Despejado,No,NO APLICA,7,32,7,38,1,10/01/2022,1
22,Louisiana,220402,0,0,1,0,63,LIVINGSTON (63),1947,PORT VINCENT,7,Julio,4,2022,0,18,SR-16,3,Highway estatal,Urbano,Arteria Menor,State Highway Agency,0,Sin jurisdiccion especial,98,30.34953889,-90.84421944,Zanja,El primer evento no fue una colision con un vehiculo automotor en transporte,Not an Intersection,No fue interseccion,Sobre el lado de la calle,Ninguna,Oscuro sin iluminacion,Despejado,No,NO APLICA,0,10,0,51,1,04/07/2022,1
22,Louisiana,220403,0,0,1,0,97,ST. LANDRY (97),1220,KROTZ SPRINGS,7,Julio,9,2022,21,34,SR-105,3,Highway estatal,Rural,Colector Mayor,State Highway Agency,0,Sin jurisdiccion especial,42,30.54991944,-91.75618056,Otro objeto (fijo),El primer evento no fue una colision con un vehiculo automotor en transporte,Not an Intersection,No fue interseccion,Sobre calle,Ninguna,Oscuro sin iluminacion,Despejado,No,NO APLICA,21,34,21,37,1,09/07/2022,2
22,Louisiana,220404,0,0,1,0,33,EAST BATON ROUGE (33),0,NO APLICA,7,Julio,18,2022,8,14,CR-JACKSON ROAD,4,Calle del Condado,Rural,Local,County Highway Agency,0,Sin jurisdiccion especial,0,30.68570833,-90.98803333,Buzon de correo,El primer evento no fue una colision con un vehiculo automotor en transporte,Not an Intersection,No fue interseccion,Sobre el lado de la calle,Ninguna,Dia total,Despejado,No,NO APLICA,99,99,99,99,1,18/07/2022,1
22,Louisiana,220405,0,0,1,0,103,ST. TAMMANY (103),510,COVINGTON,7,Julio,30,2022,18,26,CR-TCHEFUNCTE DRIVE,4,Calle del Condado,Urbano,Local,County Highway Agency,0,Sin jurisdiccion especial,0,30.48478056,-90.15151111,Arbusto,El primer evento no fue una colision con un vehiculo automotor en transporte,Not an Intersection,No fue interseccion,Sobre el lado de la calle,Ninguna,Dia total,Despejado,No,NO APLICA,18,26,18,30,1,30/07/2022,1
22,Louisiana,220406,0,0,2,0,51,JEFFERSON (51),1190,KENNER,7,Julio,24,2022,17,38,WEST METAIRIE AVENUE,6,Calle Local Municipalidad,Urbano,Local,City or Municipal Highway Agency,0,Sin jurisdiccion especial,0,29.989825,-90.23951944,Vehiculo en movimiento,Angulo,Four-Way Intersection,Interseccion de 4 direcciones,Sobre calle,Ninguna,Dia total,Despejado,No,NO APLICA,17,41,17,43,1,24/07/2022,2
22,Louisiana,220407,0,0,1,0,17,CADDO (17),0,NO APLICA,7,Julio,2,2022,1,27,SR-525,3,Highway estatal,Rural,Colector Mayor,State Highway Agency,0,Sin jurisdiccion especial,32,32.33616944,-93.90040556,Poste de Señal de trafico,El primer evento no fue una colision con un vehiculo automotor en transporte,T-Intersection,Interseccion de T,Sobre el lado de la calle,Ninguna,Oscuro con iluminacion,Despejado,No,NO APLICA,99,98,99,98,1,02/07/2022,1
22,Louisiana,220408,0,0,2,0,103,ST. TAMMANY (103),2180,SLIDELL,7,Julio,13,2022,20,54,SR-433,3,Highway estatal,Urbano,Arteria Menor,State Highway Agency,0,Sin jurisdiccion especial,62,30.24723889,-89.76277222,Vehiculo en movimiento,Angulo,Four-Way Intersection,Interseccion de 4 direcciones,Sobre calle,Ninguna,Oscuro sin iluminacion,Despejado,No,NO APLICA,99,99,99,99,1,13/07/2022,2
22,Louisiana,220409,0,0,1,0,97,ST. LANDRY (97),0,NO APLICA,7,Julio,8,2022,22,30,SR-182,3,Highway estatal,Urbano,Arteria Menor,State Highway Agency,0,Sin jurisdiccion especial,1482,30.48918333,-92.09318611,Otro objeto (fijo),El primer evento no fue una colision con un vehiculo automotor en transporte,Not an Intersection,No fue interseccion,Sobre el lado de la calle,Ninguna,Oscuro con iluminacion,Despejado,No,NO APLICA,99,99,99,99,2,08/07/2022,2
22,Louisiana,220410,0,0,1,0,1,ACADIA (1),0,NO APLICA,7,Julio,24,2022,7,50,SR-13,3,Highway estatal,Rural,Arteria Menor,State Highway Agency,0,Sin jurisdiccion especial,319,30.42330556,-92.39803056,Zanja,El primer evento no fue una colision con un vehiculo automotor en transporte,Not an Intersection,No fue interseccion,Sobre el lado de la calle,Ninguna,Dia total,Despejado,No,NO APLICA,99,99,99,99,1,24/07/2022,1
22,Louisiana,220411,1,1,1,0,57,LAFOURCHE (57),0,NO APLICA,7,Julio,14,2022,16,17,SR-308,3,Highway estatal,Urbano,Colector Mayor,State Highway Agency,0,Sin jurisdiccion especial,482,29.72835,-90.598825,Ciclista,El primer evento no fue una colision con un vehiculo automotor en transporte,Not an Intersection,No fue interseccion,Sobre calle,Ninguna,Dia total,lluvia,No,NO APLICA,99,99,99,99,1,14/07/2022,1
22,Louisiana,220412,0,0,1,0,71,ORLEANS (71),1690,NEW ORLEANS,7,Julio,20,2022,14,47,DALE STREET,6,Calle Local Municipalidad,Urbano,Local,City or Municipal Highway Agency,0,Sin jurisdiccion especial,0,30.01683611,-90.010275,Buzon de correo,El primer evento no fue una colision con un vehiculo automotor en transporte,Not an Intersection,No fue interseccion,Sobre el lado de la calle,Ninguna,Dia total,Despejado,No,NO APLICA,99,99,99,99,1,20/07/2022,1
22,Louisiana,220413,0,0,1,0,71,ORLEANS (71),1690,NEW ORLEANS,7,Julio,10,2022,6,34,FILMORE AVENUE,6,Calle Local Municipalidad,Urbano,Local,City or Municipal Highway Agency,0,Sin jurisdiccion especial,0,30.01094722,-90.08529167,Immersion total o parcial,El primer evento no fue una colision con un vehiculo automotor en transporte,Not an Intersection,No fue interseccion,Sobre el lado de la calle,Ninguna,Oscuro con iluminacion,Despejado,No,NO APLICA,99,99,99,99,1,10/07/2022,1
22,Louisiana,220414,0,0,1,0,41,FRANKLIN (41),2450,WINNSBORO,3,Marzo,19,2022,11,45,SR-4,3,Highway estatal,Rural,Colector Mayor,State Highway Agency,0,Sin jurisdiccion especial,1225,32.05683889,-91.79237222,Poste de Señal de trafico,El primer evento no fue una colision con un vehiculo automotor en transporte,Not an Intersection,No fue interseccion,Sobre el lado de la calle,Ninguna,Dia total,Despejado,No,NO APLICA,11,52,12,4,1,19/03/2022,1
22,Louisiana,220415,0,0,1,0,103,ST. TAMMANY (103),0,NO APLICA,6,Junio,15,2022,23,5,I-10,1,Interestatal,Rural,Interestatal,State Highway Agency,1,Sin jurisdiccion especial,2690,30.30190833,-89.72517222,Volcadura,El primer evento no fue una colision con un vehiculo automotor en transporte,Not an Intersection,No fue interseccion,Sobre el lado de la calle,Ninguna,Oscuro sin iluminacion,Despejado,No,NO APLICA,99,98,99,98,1,15/06/2022,1
22,Louisiana,220416,0,0,2,0,57,LAFOURCHE (57),0,NO APLICA,6,Junio,27,2022,1,52,SR-1,3,Highway estatal,Rural,Arteria Menor,State Highway Agency,1,Sin jurisdiccion especial,224,29.24715278,-90.20715,Puente de Ferrocarril,El primer evento no fue una colision con un vehiculo automotor en transporte,Not an Intersection,No fue interseccion,Sobre el lado de la calle,Ninguna,Oscuro con iluminacion,lluvia,No,NO APLICA,1,47,1,59,1,27/06/2022,3
22,Louisiana,220417,0,0,1,0,117,WASHINGTON (117),0,NO APLICA,7,Julio,10,2022,5,10,SR-25,3,Highway estatal,Rural,Arteria Menor,State Highway Agency,0,Sin jurisdiccion especial,244,30.82211944,-90.17368889,Poste de Señal de trafico,El primer evento no fue una colision con un vehiculo automotor en transporte,T-Intersection,Interseccion de T,Sobre el lado de la calle,Ninguna,Oscuro sin iluminacion,Despejado,No,NO APLICA,5,10,5,23,3,10/07/2022,3
22,Louisiana,220418,0,0,1,0,79,RAPIDES (79),0,NO APLICA,7,Julio,15,2022,2,50,SR-28,3,Highway estatal,Rural,Arteria Principal,State Highway Agency,1,Sin jurisdiccion especial,677,31.40021944,-92.22076389,Culvert,El primer evento no fue una colision con un vehiculo automotor en transporte,Not an Intersection,No fue interseccion,Sobre el lado de la calle,Ninguna,Oscuro sin iluminacion,Despejado,No,NO APLICA,2,57,3,15,1,15/07/2022,1
22,Louisiana,220419,0,0,1,0,127,WINN (127),0,NO APLICA,7,Julio,19,2022,13,50,SR-505,3,Highway estatal,Rural,Colector Menor,State Highway Agency,0,Sin jurisdiccion especial,128,32.12578333,-92.752625,Arbol,El primer evento no fue una colision con un vehiculo automotor en transporte,Not an Intersection,No fue interseccion,Sobre el lado de la calle,Ninguna,Dia total,Despejado,No,NO APLICA,13,54,14,10,1,19/07/2022,1
22,Louisiana,220420,0,0,2,0,105,TANGIPAHOA (105),0,NO APLICA,7,Julio,25,2022,10,25,SR-440,3,Highway estatal,Rural,Local,State Highway Agency,0,Sin jurisdiccion especial,155,30.86910833,-90.39996389,Vehiculo en movimiento,Angulo,Four-Way Intersection,Interseccion de 4 direcciones,Sobre calle,Ninguna,Dia total,Despejado,No,NO APLICA,10,33,11,20,1,25/07/2022,2
22,Louisiana,220421,0,0,1,0,53,JEFFERSON DAVIS (53),0,NO APLICA,2,Febrero,1,2022,18,0,POUSSON ROAD,9,Desconocido,Not Reported,Local,Not Reported,0,Sin jurisdiccion especial,0,30.20238056,-92.97948889,Alguien se cayo/avento del vehiculo,El primer evento no fue una colision con un vehiculo automotor en transporte,Not an Intersection,No fue interseccion,Sobre calle,Ninguna,Oscuro - iluminacion desconocida,No reportado,No,NO APLICA,88,88,88,88,1,01/02/2022,2
22,Louisiana,220422,0,0,1,0,5,ASCENSION (5),0,NO APLICA,6,Junio,19,2022,11,51,SR-427,3,Highway estatal,Urbano,Arteria Menor,State Highway Agency,0,Sin jurisdiccion especial,123,30.334575,-91.01168611,Arbusto,El primer evento no fue una colision con un vehiculo automotor en transporte,Not an Intersection,No fue interseccion,Sobre el lado de la calle,Ninguna,Dia total,Despejado,No,NO APLICA,11,55,12,12,2,19/06/2022,2
22,Louisiana,220423,1,1,1,0,79,RAPIDES (79),40,ALEXANDRIA,6,Junio,28,2022,21,15,LEE ST,6,Calle Local Municipalidad,Urbano,Local,City or Municipal Highway Agency,0,Sin jurisdiccion especial,0,31.29833056,-92.45163056,Peaton,El primer evento no fue una colision con un vehiculo automotor en transporte,T-Intersection,Interseccion de T,Sobre calle,Ninguna,Oscuro con iluminacion,Despejado,No,NO APLICA,21,16,21,17,1,28/06/2022,4
22,Louisiana,220424,0,0,2,0,33,EAST BATON ROUGE (33),150,BATON ROUGE,4,Abril,22,2022,1,36,I-12,1,Interestatal,Urbano,Interestatal,State Highway Agency,1,Sin jurisdiccion especial,10,30.41773889,-91.10476944,Vehiculo en movimiento,Angulo,Not an Intersection,No fue interseccion,Sobre calle,Construccion,Oscuro con iluminacion,Despejado,No,NO APLICA,99,99,99,99,1,22/04/2022,3
22,Louisiana,220425,0,0,2,0,37,EAST FELICIANA (37),0,NO APLICA,5,Mayo,11,2022,6,41,SR-19,3,Highway estatal,Rural,Arteria Menor,State Highway Agency,0,Sin jurisdiccion especial,329,30.98514167,-91.10285833,Vehiculo en movimiento,Frente a frente,Not an Intersection,No fue interseccion,Sobre calle,Ninguna,Dia total,Despejado,No,NO APLICA,6,45,7,8,1,11/05/2022,2
22,Louisiana,220428,0,1,2,1,33,EAST BATON ROUGE (33),150,BATON ROUGE,7,Julio,13,2022,23,36,I-12,1,Interestatal,Urbano,Interestatal,State Highway Agency,1,Sin jurisdiccion especial,31,30.42536667,-91.071575,Vehiculo Aparcado,El primer evento no fue una colision con un vehiculo automotor en transporte,Not an Intersection,No fue interseccion,Sobre Acotamiento,Ninguna,Oscuro con iluminacion,lluvia,No,NO APLICA,99,98,99,98,1,13/07/2022,1
22,Louisiana,220429,0,0,6,0,73,OUACHITA (73),2410,WEST MONROE,7,Julio,20,2022,16,25,I-20,1,Interestatal,Urbano,Interestatal,State Highway Agency,1,Sin jurisdiccion especial,1141,32.50653889,-92.15855,Vehiculo en movimiento,Frente a Detrás,Not an Intersection,No fue interseccion,Sobre calle,Ninguna,Dia total,Despejado,No,NO APLICA,16,28,16,35,1,20/07/2022,9
22,Louisiana,220430,1,1,1,0,33,EAST BATON ROUGE (33),150,BATON ROUGE,7,Julio,31,2022,4,14,US-61,2,US Highway,Urbano,Arteria Principal,State Highway Agency,1,Sin jurisdiccion especial,775,30.4868,-91.11998333,Ciclista,El primer evento no fue una colision con un vehiculo automotor en transporte,Not an Intersection,No fue interseccion,Sobre calle,Ninguna,Oscuro con iluminacion,Despejado,No,NO APLICA,88,88,88,88,1,31/07/2022,1
22,Louisiana,220431,0,0,2,0,97,ST. LANDRY (97),0,NO APLICA,7,Julio,1,2022,8,51,SR-754,3,Highway estatal,Rural,Colector Menor,State Highway Agency,0,Sin jurisdiccion especial,28,30.40046944,-92.15901944,Vehiculo en movimiento,Angulo,Four-Way Intersection,Interseccion de 4 direcciones,Sobre calle,Ninguna,Dia total,lluvia,No,NO APLICA,8,53,9,4,1,01/07/2022,2
22,Louisiana,220432,0,0,1,0,15,BOSSIER (15),0,NO APLICA,7,Julio,10,2022,14,25,I-20,1,Interestatal,Rural,Interestatal,State Highway Agency,1,Sin jurisdiccion especial,356,32.57575833,-93.47877222,Arbol,El primer evento no fue una colision con un vehiculo automotor en transporte,Not an Intersection,No fue interseccion,En el medio,Ninguna,Dia total,Nublado,No,NO APLICA,14,31,14,44,1,10/07/2022,1
22,Louisiana,220433,0,0,2,0,103,ST. TAMMANY (103),0,NO APLICA,7,Julio,15,2022,13,25,SR-437,3,Highway estatal,Rural,Colector Mayor,State Highway Agency,0,Sin jurisdiccion especial,114,30.62699722,-90.11141944,Vehiculo en movimiento,Frente a frente,Not an Intersection,No fue interseccion,Sobre calle,Ninguna,Dia total,Nublado,No,NO APLICA,13,34,13,58,1,15/07/2022,2
22,Louisiana,220434,0,0,2,0,73,OUACHITA (73),2208,STERLINGTON,7,Julio,24,2022,20,53,US-165,2,US Highway,Rural,Arteria Principal,State Highway Agency,1,Sin jurisdiccion especial,1893,32.67506944,-92.04455833,Vehiculo en movimiento,Angulo,Not an Intersection,No fue interseccion,Sobre calle,Ninguna,Oscuro sin iluminacion,Despejado,No,NO APLICA,20,53,21,8,1,24/07/2022,6
22,Louisiana,220435,0,0,1,0,55,LAFAYETTE (55),330,CARENCRO,7,Julio,4,2022,19,1,SR-98,3,Highway estatal,Urbano,Arteria Menor,State Highway Agency,0,Sin jurisdiccion especial,409,30.29787222,-92.062425,Buzon de correo,El primer evento no fue una colision con un vehiculo automotor en transporte,Not an Intersection,No fue interseccion,Sobre el lado de la calle,Ninguna,Dia total,Despejado,No,NO APLICA,99,99,99,99,1,04/07/2022,1
22,Louisiana,220436,0,0,1,0,97,ST. LANDRY (97),80,ARNAUDVILLE,7,Julio,7,2022,6,21,SR-686,3,Highway estatal,Rural,Colector Menor,State Highway Agency,0,Sin jurisdiccion especial,99998,30.40223611,-91.91385833,Zanja,El primer evento no fue una colision con un vehiculo automotor en transporte,Not an Intersection,No fue interseccion,Sobre el lado de la calle,Ninguna,Amanecer,Despejado,No,NO APLICA,99,99,99,99,1,07/07/2022,1
22,Louisiana,220437,0,0,1,0,17,CADDO (17),0,NO APLICA,7,Julio,10,2022,23,23,CR-PRESTON ROAD,4,Calle del Condado,Rural,Local,County Highway Agency,0,Sin jurisdiccion especial,0,32.25695556,-93.88833056,Poste de Señal de trafico,El primer evento no fue una colision con un vehiculo automotor en transporte,Not an Intersection,No fue interseccion,Sobre el lado de la calle,Ninguna,Oscuro sin iluminacion,Despejado,No,NO APLICA,99,98,99,98,1,10/07/2022,1
22,Louisiana,220438,0,0,1,0,1,ACADIA (1),0,NO APLICA,7,Julio,12,2022,9,40,SR-91,3,Highway estatal,Rural,Colector Mayor,State Highway Agency,0,Sin jurisdiccion especial,430,30.4353,-92.47436389,Acotamiento,El primer evento no fue una colision con un vehiculo automotor en transporte,Not an Intersection,No fue interseccion,Sobre el lado de la calle,Ninguna,Dia total,Despejado,No,NO APLICA,99,99,99,98,1,12/07/2022,3
22,Louisiana,220439,0,0,1,0,93,ST. JAMES (93),0,NO APLICA,7,Julio,19,2022,20,3,SR-18,3,Highway estatal,Rural,Colector Mayor,State Highway Agency,0,Sin jurisdiccion especial,171,30.01285,-90.84,Zanja,El primer evento no fue una colision con un vehiculo automotor en transporte,Not an Intersection,No fue interseccion,Sobre el lado de la calle,Ninguna,Oscuro con iluminacion,Despejado,No,NO APLICA,99,99,99,99,1,19/07/2022,3
22,Louisiana,220441,0,0,2,0,77,POINTE COUPEE (77),0,NO APLICA,4,Abril,25,2022,18,44,SR-78,3,Highway estatal,Rural,Colector Mayor,State Highway Agency,0,Sin jurisdiccion especial,53,30.61426944,-91.51766111,Vehiculo en movimiento,Angulo,Not an Intersection,No fue interseccion,Sobre calle,Ninguna,Dia total,lluvia,No,NO APLICA,18,56,19,2,1,25/04/2022,7
22,Louisiana,220442,1,1,1,0,33,EAST BATON ROUGE (33),150,BATON ROUGE,5,Mayo,19,2022,20,24,SR-67,3,Highway estatal,Urbano,Arteria Principal,State Highway Agency,1,Sin jurisdiccion especial,28,30.48484722,-91.1583,Peaton,El primer evento no fue una colision con un vehiculo automotor en transporte,Four-Way Intersection,Interseccion de 4 direcciones,Sobre calle,Ninguna,Oscuro sin iluminacion,Despejado,No,NO APLICA,20,24,20,24,1,19/05/2022,1
22,Louisiana,220443,0,0,2,0,39,EVANGELINE (39),2320,VILLE PLATTE,6,Junio,1,2022,19,13,US-167,2,US Highway,Urbano,Colector Mayor,State Highway Agency,0,Sin jurisdiccion especial,642,30.69445278,-92.29695278,Vehiculo en movimiento,Angulo,Four-Way Intersection,Interseccion de 4 direcciones,Sobre calle,Ninguna,Dia total,Nublado,No,NO APLICA,99,99,99,98,1,01/06/2022,3
22,Louisiana,220444,0,0,2,0,33,EAST BATON ROUGE (33),0,NO APLICA,6,Junio,19,2022,2,48,SR-30,3,Highway estatal,Urbano,Arteria Principal,State Highway Agency,1,Sin jurisdiccion especial,81,30.3471,-91.14134444,Vehiculo en movimiento,Frente a frente,Not an Intersection,No fue interseccion,Sobre calle,Ninguna,Oscuro sin iluminacion,Despejado,No,NO APLICA,2,52,3,1,1,19/06/2022,2
22,Louisiana,220445,0,0,2,0,33,EAST BATON ROUGE (33),0,NO APLICA,6,Junio,22,2022,20,40,US-61,2,US Highway,Urbano,Arteria Principal,State Highway Agency,1,Sin jurisdiccion especial,850,30.5537,-91.19864167,Vehiculo en movimiento,Angulo,Not an Intersection,No fue interseccion,Sobre calle,Ninguna,Oscuro sin iluminacion,Despejado,No,NO APLICA,20,50,21,5,1,22/06/2022,2
22,Louisiana,220447,0,0,1,0,57,LAFOURCHE (57),0,NO APLICA,7,Julio,11,2022,14,10,SR-308,3,Highway estatal,Rural,Colector Mayor,State Highway Agency,0,Sin jurisdiccion especial,715,29.53927222,-90.334725,Zanja,El primer evento no fue una colision con un vehiculo automotor en transporte,Not an Intersection,No fue interseccion,Sobre el lado de la calle,Ninguna,Reportada como desconocida,Reportado como desconocido,No,NO APLICA,99,98,99,98,1,11/07/2022,1
22,Louisiana,220448,1,1,2,0,103,ST. TAMMANY (103),0,NO APLICA,7,Julio,17,2022,2,10,US-190 FREEWAY,2,US Highway,Urbano,Arterial Principal -Freeway o ExpressWay,State Highway Agency,1,Sin jurisdiccion especial,2490,30.41354167,-90.0839,Peaton,El primer evento no fue una colision con un vehiculo automotor en transporte,Not an Intersection,No fue interseccion,Sobre calle,Ninguna,Oscuro sin iluminacion,Despejado,No,NO APLICA,2,34,2,39,1,17/07/2022,2
22,Louisiana,220449,0,0,1,0,55,LAFAYETTE (55),1230,LAFAYETTE,7,Julio,18,2022,20,28,SR-93,3,Highway estatal,Urbano,Arteria Menor,State Highway Agency,0,Sin jurisdiccion especial,0,30.18126111,-92.09148333,Banqueta,El primer evento no fue una colision con un vehiculo automotor en transporte,Four-Way Intersection,Interseccion de 4 direcciones,En el medio,Ninguna,Atardecer,Despejado,No,NO APLICA,99,99,99,99,1,18/07/2022,1
22,Louisiana,220450,0,0,1,0,25,CATAHOULA (25),0,NO APLICA,7,Julio,29,2022,5,8,SR-913,3,Highway estatal,Rural,Colector Menor,State Highway Agency,0,Sin jurisdiccion especial,33,31.87021111,-91.71316389,Volcadura,El primer evento no fue una colision con un vehiculo automotor en transporte,Not an Intersection,No fue interseccion,Sobre el lado de la calle,Ninguna,Oscuro sin iluminacion,Despejado,No,NO APLICA,99,99,99,98,1,29/07/2022,1
22,Louisiana,220451,0,0,2,0,117,WASHINGTON (117),0,NO APLICA,7,Julio,30,2022,22,50,SR-21,3,Highway estatal,Urbano,Arteria Principal,State Highway Agency,1,Sin jurisdiccion especial,303,30.70748889,-89.85516944,Vehiculo en movimiento,Frente a frente,T-Intersection,Interseccion de T,Sobre calle,Ninguna,Oscuro sin iluminacion,Despejado,No,NO APLICA,99,99,99,99,1,30/07/2022,6
22,Louisiana,220452,1,1,1,0,73,OUACHITA (73),2410,WEST MONROE,8,Agosto,4,2022,20,27,US-80,2,US Highway,Urbano,Arteria Principal,State Highway Agency,1,Sin jurisdiccion especial,1223,32.51133889,-92.134625,Peaton,El primer evento no fue una colision con un vehiculo automotor en transporte,Four-Way Intersection,Interseccion de 4 direcciones,Sobre calle,Ninguna,Oscuro con iluminacion,Nublado,No,NO APLICA,99,99,99,98,1,04/08/2022,2
22,Louisiana,220454,1,1,1,0,55,LAFAYETTE (55),1230,LAFAYETTE,8,Agosto,12,2022,20,31,SR-3073,3,Highway estatal,Urbano,Arteria Principal,State Highway Agency,1,Sin jurisdiccion especial,53,30.13514722,-92.00413056,Peaton,El primer evento no fue una colision con un vehiculo automotor en transporte,Not an Intersection,No fue interseccion,Sobre calle,Ninguna,Oscuro sin iluminacion,Despejado,No,NO APLICA,99,99,99,99,1,12/08/2022,1
22,Louisiana,220455,0,0,1,0,89,ST. CHARLES (89),0,NO APLICA,8,Agosto,17,2022,16,15,US-61,2,US Highway,Urbano,Arteria Principal,State Highway Agency,1,Sin jurisdiccion especial,226,30.03868889,-90.43842778,Acotamiento,El primer evento no fue una colision con un vehiculo automotor en transporte,Not an Intersection,No fue interseccion,Sobre el lado de la calle,Ninguna,Dia total,Despejado,No,NO APLICA,99,99,99,99,1,17/08/2022,1
22,Louisiana,220456,1,1,1,0,73,OUACHITA (73),1560,MONROE,8,Agosto,20,2022,20,24,US-80,2,US Highway,Urbano,Arteria Principal,State Highway Agency,1,Sin jurisdiccion especial,1273,32.52636944,-92.06363611,Peaton,El primer evento no fue una colision con un vehiculo automotor en transporte,Not an Intersection,No fue interseccion,Sobre calle,Ninguna,Oscuro sin iluminacion,Despejado,No,NO APLICA,99,99,99,99,1,20/08/2022,1