Estado,Nombre de Estado,Numero de Caso,Peatones,Personas _no_vehiculos,Vehiculos automotores,Vehiculos estacionados,Condado,Nombre Condado,Ciudad,Nombre Ciudad,Mes,Nombre Mes,Dia,Año,Hora,Minuto,Calle,Ruta,Nombre Ruta,Rural o Urbanoo,Sistema Funcional,Dueño Calle,Sistema Nacional Carreteras,Jurisdiccion Especial,Milla,Latitud,Longitud,Causa del Accidente,Tipo de Accidente,Tipo Interseccion,Columna1,Lugar en la calle,Zona de Trabajo,Luz,Clima,Autobus Escolar,Cruce de Trenes,Hora Notificacion,Minuto Notificacion,Hora Llegada,Minuto Llegada,Decesos,Fecha,PersonaVehiculo
22,Louisiana,220457,0,0,2,0,103,ST. TAMMANY (103),2180,SLIDELL,8,Agosto,13,2022,15,48,US-11,2,US Highway,Urbano,Arteria Menor,State Highway Agency,0,Sin jurisdiccion especial,155,30.27514444,-89.78414167,Vehiculo en movimiento,Angulo,Four-Way Intersection,Interseccion de 4 direcciones,Sobre calle,Ninguna,Dia total,Nublado,No,NO APLICA,99,99,99,99,1,13/08/2022,2
22,Louisiana,220458,0,0,1,0,105,TANGIPAHOA (105),0,NO APLICA,8,Agosto,5,2022,23,50,I-55,1,Interestatal,Urbano,Interestatal,State Highway Agency,1,Sin jurisdiccion especial,510,30.78534444,-90.53305833,Zanja,El primer evento no fue una colision con un vehiculo automotor en transporte,Not an Intersection,No fue interseccion,Sobre el lado de la calle,Ninguna,Oscuro sin iluminacion,Despejado,No,NO APLICA,99,99,99,99,1,05/08/2022,2
22,Louisiana,220459,0,0,1,0,105,TANGIPAHOA (105),0,NO APLICA,8,Agosto,6,2022,23,30,SR-1054,3,Highway estatal,Rural,Colector Menor,State Highway Agency,0,Sin jurisdiccion especial,38,30.69721389,-90.46957222,Culvert,El primer evento no fue una colision con un vehiculo automotor en transporte,Not an Intersection,No fue interseccion,Sobre el lado de la calle,Ninguna,Oscuro sin iluminacion,Despejado,No,NO APLICA,99,98,99,98,1,06/08/2022,1
22,Louisiana,220460,0,0,1,0,51,JEFFERSON (51),0,NO APLICA,8,Agosto,7,2022,22,24,US-90Z,2,US Highway,Urbano,Arteria Principal,State Highway Agency,1,Sin jurisdiccion especial,34,29.89548333,-90.13244722,Banqueta,El primer evento no fue una colision con un vehiculo automotor en transporte,Not an Intersection,No fue interseccion,En el medio,Ninguna,Oscuro con iluminacion,Despejado,No,NO APLICA,99,99,99,99,1,07/08/2022,1
22,Louisiana,220461,1,1,1,0,99,ST. MARTIN (99),250,BREAUX BRIDGE,8,Agosto,14,2022,11,33,SR-347,3,Highway estatal,Urbano,Arteria Menor,State Highway Agency,0,Sin jurisdiccion especial,188,30.26694167,-91.88648333,Peaton,El primer evento no fue una colision con un vehiculo automotor en transporte,Not an Intersection,No fue interseccion,Sobre calle,Ninguna,Oscuro con iluminacion,Despejado,No,NO APLICA,99,99,99,99,1,14/08/2022,2
22,Louisiana,220462,0,0,1,0,3,ALLEN (3),0,NO APLICA,8,Agosto,14,2022,1,41,CR-REEDS BRIDGE RD,4,Calle del Condado,Rural,Local,County Highway Agency,0,Sin jurisdiccion especial,0,30.70528611,-92.75345278,Acotamiento,El primer evento no fue una colision con un vehiculo automotor en transporte,Not an Intersection,No fue interseccion,Sobre el lado de la calle,Ninguna,Oscuro sin iluminacion,Despejado,No,NO APLICA,99,98,99,98,1,14/08/2022,2
22,Louisiana,220463,0,0,1,0,11,BEAUREGARD (11),0,NO APLICA,8,Agosto,14,2022,3,4,CR-CAMP EDGEWOOD ROAD,4,Calle del Condado,Rural,Local,County Highway Agency,0,Sin jurisdiccion especial,0,30.44171667,-93.3497,Zanja,El primer evento no fue una colision con un vehiculo automotor en transporte,Not an Intersection,No fue interseccion,Sobre el lado de la calle,Ninguna,Oscuro sin iluminacion,Despejado,No,NO APLICA,99,99,99,99,1,14/08/2022,2
22,Louisiana,220464,1,1,1,0,91,ST. HELENA (91),0,NO APLICA,8,Agosto,16,2022,4,20,SR-1043,3,Highway estatal,Rural,Colector Menor,State Highway Agency,0,Sin jurisdiccion especial,41,30.90668056,-90.73355278,Peaton,El primer evento no fue una colision con un vehiculo automotor en transporte,Not an Intersection,No fue interseccion,Sobre calle,Ninguna,Oscuro sin iluminacion,Despejado,No,NO APLICA,99,99,99,99,1,16/08/2022,1
22,Louisiana,220465,0,0,2,0,39,EVANGELINE (39),0,NO APLICA,8,Agosto,20,2022,2,10,SR-3042,3,Highway estatal,Rural,Colector Menor,State Highway Agency,0,Sin jurisdiccion especial,19,30.71697222,-92.286975,Vehiculo en movimiento,Frente a frente,Not an Intersection,No fue interseccion,Sobre calle,Ninguna,Oscuro sin iluminacion,Despejado,No,NO APLICA,99,99,99,99,1,20/08/2022,3
22,Louisiana,220466,1,1,2,0,97,ST. LANDRY (97),0,NO APLICA,8,Agosto,24,2022,5,21,SR-182,3,Highway estatal,Rural,Arteria Menor,State Highway Agency,0,Sin jurisdiccion especial,1473,30.4775,-92.09531111,Peaton,El primer evento no fue una colision con un vehiculo automotor en transporte,Not an Intersection,No fue interseccion,Sobre calle,Ninguna,Oscuro sin iluminacion,lluvia,No,NO APLICA,99,99,99,99,1,24/08/2022,2
22,Louisiana,220467,1,1,1,0,55,LAFAYETTE (55),1230,LAFAYETTE,7,Julio,4,2022,3,11,WEST GILMAN ROAD,6,Calle Local Municipalidad,Urbano,Local,City or Municipal Highway Agency,0,Sin jurisdiccion especial,0,30.24180278,-92.02216389,Peaton,El primer evento no fue una colision con un vehiculo automotor en transporte,Not an Intersection,No fue interseccion,Sobre Acotamiento,Ninguna,Oscuro con iluminacion,Despejado,No,NO APLICA,99,98,99,98,1,04/07/2022,1
22,Louisiana,220468,0,0,1,0,45,IBERIA (45),0,NO APLICA,8,Agosto,4,2022,12,20,CR-WEST ADMIRAL DOYLE DRIVE,4,Calle del Condado,Rural,Local,County Highway Agency,0,Sin jurisdiccion especial,0,30.04009167,-91.86816667,Immersion total o parcial,El primer evento no fue una colision con un vehiculo automotor en transporte,Not an Intersection,No fue interseccion,Fuera de la calle,Ninguna,Dia total,Nublado,No,NO APLICA,99,98,99,98,1,04/08/2022,1
22,Louisiana,220469,0,0,2,0,71,ORLEANS (71),1690,NEW ORLEANS,8,Agosto,1,2022,12,50,SR-39,3,Highway estatal,Urbano,Arteria Principal,State Highway Agency,1,Sin jurisdiccion especial,538,29.97361111,-90.05705833,Vehiculo en movimiento,Angulo,Not an Intersection,No fue interseccion,Sobre calle,Ninguna,Dia total,Despejado,No,NO APLICA,99,99,99,99,1,01/08/2022,4
22,Louisiana,220470,1,1,1,0,71,ORLEANS (71),1690,NEW ORLEANS,8,Agosto,15,2022,2,17,SR-39,3,Highway estatal,Urbano,Arteria Principal,State Highway Agency,1,Sin jurisdiccion especial,534,29.97293611,-90.05140556,Peaton,El primer evento no fue una colision con un vehiculo automotor en transporte,Four-Way Intersection,Interseccion de 4 direcciones,Sobre calle,Ninguna,Oscuro con iluminacion,Despejado,No,NO APLICA,99,98,99,98,1,15/08/2022,1
22,Louisiana,220471,0,0,2,0,45,IBERIA (45),0,NO APLICA,8,Agosto,12,2022,16,16,SR-85,3,Highway estatal,Rural,Colector Mayor,State Highway Agency,0,Sin jurisdiccion especial,29,29.91363056,-91.73525,Vehiculo en movimiento,Frente a frente,Not an Intersection,No fue interseccion,Sobre calle,Ninguna,Dia total,Nublado,No,NO APLICA,99,99,99,99,1,12/08/2022,5
22,Louisiana,220472,0,0,2,0,71,ORLEANS (71),1690,NEW ORLEANS,8,Agosto,11,2022,2,25,I-10,1,Interestatal,Rural,Interestatal,State Highway Agency,1,Sin jurisdiccion especial,2581,30.18136389,-89.82468333,Vehiculo en movimiento,Frente a Detrás,Not an Intersection,No fue interseccion,Sobre calle,Ninguna,Oscuro con iluminacion,Despejado,No,NO APLICA,99,99,99,99,1,11/08/2022,2
22,Louisiana,220473,1,1,1,0,71,ORLEANS (71),1690,NEW ORLEANS,8,Agosto,15,2022,22,22,I-10,1,Interestatal,Urbano,Interestatal,State Highway Agency,1,Sin jurisdiccion especial,2462,30.04941389,-89.95586111,Peaton,El primer evento no fue una colision con un vehiculo automotor en transporte,Not an Intersection,No fue interseccion,Sobre calle,Ninguna,Oscuro con iluminacion,Despejado,No,NO APLICA,99,99,99,99,1,15/08/2022,4
22,Louisiana,220474,0,0,2,0,1,ACADIA (1),0,NO APLICA,8,Agosto,16,2022,4,38,SR-13,3,Highway estatal,Rural,Arteria Menor,State Highway Agency,0,Sin jurisdiccion especial,239,30.30706944,-92.39679167,Vehiculo en movimiento,Frente a frente,Not an Intersection,No fue interseccion,Sobre calle,Ninguna,Oscuro sin iluminacion,Despejado,No,NO APLICA,99,99,99,99,2,16/08/2022,3
22,Louisiana,220475,0,0,2,0,17,CADDO (17),0,NO APLICA,8,Agosto,27,2022,15,8,CR-ROY ROAD,4,Calle del Condado,Rural,Local,County Highway Agency,0,Sin jurisdiccion especial,0,32.58394722,-93.84574722,Vehiculo en movimiento,Angulo,Four-Way Intersection,Interseccion de 4 direcciones,Sobre calle,Ninguna,Dia total,lluvia,No,NO APLICA,99,99,99,99,1,27/08/2022,4
22,Louisiana,220476,0,0,1,0,17,CADDO (17),2130,SHREVEPORT,8,Agosto,31,2022,1,0,SR-1,3,Highway estatal,Urbano,Arteria Principal,State Highway Agency,1,Sin jurisdiccion especial,3845,32.45033056,-93.72226111,Banqueta,El primer evento no fue una colision con un vehiculo automotor en transporte,Four-Way Intersection,Interseccion de 4 direcciones,Sobre el lado de la calle,Ninguna,Oscuro con iluminacion,Despejado,No,NO APLICA,99,98,99,98,1,31/08/2022,1
22,Louisiana,220477,0,0,2,0,57,LAFOURCHE (57),0,NO APLICA,8,Agosto,14,2022,13,49,SR-20,3,Highway estatal,Rural,Arteria Menor,State Highway Agency,0,Sin jurisdiccion especial,277,29.896975,-90.73838333,Vehiculo en movimiento,Frente a frente,Not an Intersection,No fue interseccion,Sobre calle,Ninguna,Dia total,Despejado,No,NO APLICA,99,99,99,99,1,14/08/2022,3
22,Louisiana,220478,0,0,2,0,71,ORLEANS (71),1690,NEW ORLEANS,8,Agosto,20,2022,20,33,I-10 SOUTH SERVICE ROAD,7,Calle Local,Urbano,Interestatal,State Highway Agency,1,Sin jurisdiccion especial,2440,30.03251667,-89.98633889,Vehiculo en movimiento,Angulo,T-Intersection,Interseccion de T,Sobre calle,Ninguna,Oscuro con iluminacion,Despejado,No,NO APLICA,99,98,99,98,1,20/08/2022,2
22,Louisiana,220479,1,1,1,0,57,LAFOURCHE (57),0,NO APLICA,8,Agosto,25,2022,20,47,SR-182,3,Highway estatal,Urbano,Arteria Menor,State Highway Agency,0,Sin jurisdiccion especial,118,29.64571944,-90.68737778,Peaton,El primer evento no fue una colision con un vehiculo automotor en transporte,Not an Intersection,No fue interseccion,Sobre calle,Ninguna,Oscuro sin iluminacion,Despejado,No,NO APLICA,99,99,99,99,1,25/08/2022,1
22,Louisiana,220480,0,0,2,0,1,ACADIA (1),9997,Other,8,Agosto,31,2022,21,47,SR-95,3,Highway estatal,Urbano,Interestatal,State Highway Agency,1,Sin jurisdiccion especial,10,30.25010556,-92.19310278,Vehiculo en movimiento,Angulo,Four-Way Intersection,Interseccion de 4 direcciones,Sobre calle,Ninguna,Oscuro con iluminacion,Despejado,No,NO APLICA,99,98,99,98,1,31/08/2022,2
22,Louisiana,220481,0,0,2,0,57,LAFOURCHE (57),0,NO APLICA,8,Agosto,23,2022,18,3,SR-1,3,Highway estatal,Urbano,Arteria Menor,State Highway Agency,0,Sin jurisdiccion especial,537,29.590125,-90.45138889,Vehiculo en movimiento,Angulo,Not an Intersection,No fue interseccion,Sobre calle,Ninguna,Dia total,lluvia,No,NO APLICA,99,99,99,99,1,23/08/2022,3
22,Louisiana,220482,0,0,2,0,73,OUACHITA (73),0,NO APLICA,6,Junio,10,2022,23,30,SR-34,3,Highway estatal,Rural,Arteria Menor,State Highway Agency,0,Sin jurisdiccion especial,820,32.46056944,-92.16116111,Vehiculo en movimiento,Angulo,Not an Intersection,No fue interseccion,Sobre calle,Ninguna,Oscuro sin iluminacion,Despejado,No,NO APLICA,23,34,23,39,3,10/06/2022,5
22,Louisiana,220483,0,0,1,0,37,EAST FELICIANA (37),0,NO APLICA,6,Junio,21,2022,11,45,SR-956,3,Highway estatal,Rural,Local,State Highway Agency,0,Sin jurisdiccion especial,20,30.75778056,-91.1169,Poste o otros soportes,El primer evento no fue una colision con un vehiculo automotor en transporte,Not an Intersection,No fue interseccion,Sobre el lado de la calle,Ninguna,Dia total,Despejado,No,NO APLICA,11,49,12,8,1,21/06/2022,1
22,Louisiana,220484,1,1,2,0,17,CADDO (17),2130,SHREVEPORT,7,Julio,2,2022,21,18,HOLLYWOOD AVE,6,Calle Local Municipalidad,Urbano,Local,City or Municipal Highway Agency,0,Sin jurisdiccion especial,0,32.45668056,-93.82143056,Peaton,El primer evento no fue una colision con un vehiculo automotor en transporte,Not an Intersection,No fue interseccion,Sobre calle,Ninguna,Oscuro con iluminacion,Despejado,No,NO APLICA,21,18,21,21,1,02/07/2022,2
22,Louisiana,220485,0,0,2,0,5,ASCENSION (5),0,NO APLICA,8,Agosto,1,2022,5,30,SR-429,3,Highway estatal,Urbano,Colector Mayor,State Highway Agency,0,Sin jurisdiccion especial,61,30.23303056,-90.90393056,Vehiculo en movimiento,Angulo,Four-Way Intersection,Interseccion de 4 direcciones,Sobre calle,Ninguna,Amanecer,Despejado,No,NO APLICA,5,30,5,32,1,01/08/2022,2
22,Louisiana,220486,0,0,2,0,79,RAPIDES (79),0,NO APLICA,8,Agosto,2,2022,7,29,US-71,2,US Highway,Rural,Arteria Menor,State Highway Agency,0,Sin jurisdiccion especial,618,31.22423056,-92.42791944,Vehiculo en movimiento,Angulo,Not an Intersection,No fue interseccion,Sobre calle,Ninguna,Dia total,Nublado,No,NO APLICA,7,36,7,36,1,02/08/2022,3
22,Louisiana,220487,1,1,1,0,33,EAST BATON ROUGE (33),150,BATON ROUGE,8,Agosto,2,2022,22,24,US-61,2,US Highway,Urbano,Arteria Principal,State Highway Agency,1,Sin jurisdiccion especial,728,30.42783056,-91.07803889,Peaton,El primer evento no fue una colision con un vehiculo automotor en transporte,T-Intersection,Interseccion de T,Sobre calle,Ninguna,Oscuro con iluminacion,Despejado,No,NO APLICA,99,99,99,99,1,02/08/2022,1
22,Louisiana,220488,0,0,1,0,105,TANGIPAHOA (105),0,NO APLICA,8,Agosto,6,2022,23,10,SR-1054,3,Highway estatal,Rural,Colector Menor,State Highway Agency,0,Sin jurisdiccion especial,315,30.98191944,-90.45101944,Arbol,El primer evento no fue una colision con un vehiculo automotor en transporte,Not an Intersection,No fue interseccion,Sobre el lado de la calle,Ninguna,Oscuro sin iluminacion,Despejado,No,NO APLICA,99,99,99,99,1,06/08/2022,1
22,Louisiana,220489,0,0,2,0,79,RAPIDES (79),40,ALEXANDRIA,8,Agosto,7,2022,9,37,US-167,2,US Highway,Urbano,Arterial Principal -Freeway o ExpressWay,State Highway Agency,1,Sin jurisdiccion especial,1116,31.30985,-92.43955,Vehiculo en movimiento,Frente a frente,Not an Intersection,No fue interseccion,Sobre calle,Ninguna,Dia total,Despejado,No,NO APLICA,9,33,9,36,1,07/08/2022,2
22,Louisiana,220490,0,0,1,0,85,SABINE (85),0,NO APLICA,8,Agosto,8,2022,3,10,SR-174,3,Highway estatal,Rural,Colector Mayor,State Highway Agency,0,Sin jurisdiccion especial,265,31.80558889,-93.60475,Zanja,El primer evento no fue una colision con un vehiculo automotor en transporte,Not an Intersection,No fue interseccion,Sobre el lado de la calle,Ninguna,Oscuro sin iluminacion,Despejado,No,NO APLICA,99,99,99,99,1,08/08/2022,1
22,Louisiana,220491,0,0,1,0,73,OUACHITA (73),0,NO APLICA,8,Agosto,9,2022,17,44,CR-GRIGGS RD,4,Calle del Condado,Rural,Local,County Highway Agency,0,Sin jurisdiccion especial,0,32.53179444,-92.37332778,Culvert,El primer evento no fue una colision con un vehiculo automotor en transporte,Not an Intersection,No fue interseccion,Sobre el lado de la calle,Ninguna,Dia total,lluvia,No,NO APLICA,17,44,17,50,1,09/08/2022,3
22,Louisiana,220492,0,0,2,0,37,EAST FELICIANA (37),0,NO APLICA,8,Agosto,10,2022,6,21,SR-959,3,Highway estatal,Urbano,Colector Mayor,State Highway Agency,0,Sin jurisdiccion especial,21,30.75441944,-91.00345833,Vehiculo en movimiento,Frente a frente,Not an Intersection,No fue interseccion,Sobre calle,Ninguna,Dia total,Despejado,No,NO APLICA,99,99,99,99,1,10/08/2022,2
22,Louisiana,220493,0,0,3,0,33,EAST BATON ROUGE (33),150,BATON ROUGE,8,Agosto,12,2022,11,47,I-12,1,Interestatal,Urbano,Interestatal,State Highway Agency,1,Sin jurisdiccion especial,21,30.41871111,-91.08656944,Vehiculo en movimiento,Frente a Detrás,Not an Intersection,No fue interseccion,Sobre calle,Ninguna,Dia total,Despejado,No,NO APLICA,99,99,99,99,1,12/08/2022,3
22,Louisiana,220494,0,0,1,0,53,JEFFERSON DAVIS (53),0,NO APLICA,8,Agosto,13,2022,10,39,I-10,1,Interestatal,Rural,Interestatal,State Highway Agency,1,Sin jurisdiccion especial,449,30.24873889,-92.98981111,Volcadura,El primer evento no fue una colision con un vehiculo automotor en transporte,Not an Intersection,No fue interseccion,Sobre el lado de la calle,Ninguna,Dia total,Despejado,No,NO APLICA,10,36,10,50,1,13/08/2022,1
22,Louisiana,220495,1,1,1,0,33,EAST BATON ROUGE (33),0,NO APLICA,8,Agosto,15,2022,19,33,CR-ONEAL LANE,4,Calle del Condado,Rural,Local,County Highway Agency,0,Sin jurisdiccion especial,0,30.45420556,-91.00827222,Ciclista,El primer evento no fue una colision con un vehiculo automotor en transporte,Four-Way Intersection,Interseccion de 4 direcciones,Sobre calle,Ninguna,Oscuro con iluminacion,Nublado,No,NO APLICA,99,99,99,99,1,15/08/2022,1
22,Louisiana,220496,0,0,1,0,31,DE SOTO (31),0,NO APLICA,8,Agosto,18,2022,16,40,I-49,1,Interestatal,Rural,Interestatal,State Highway Agency,1,Sin jurisdiccion especial,1878,32.23056389,-93.72255,Puente de Ferrocarril,El primer evento no fue una colision con un vehiculo automotor en transporte,Not an Intersection,No fue interseccion,En el medio,Ninguna,Dia total,Despejado,No,NO APLICA,16,31,16,54,2,18/08/2022,2
22,Louisiana,220497,0,0,1,0,79,RAPIDES (79),0,NO APLICA,8,Agosto,19,2022,6,13,CR-CLIFTON ROAD,4,Calle del Condado,Rural,Local,County Highway Agency,0,Sin jurisdiccion especial,0,31.33725278,-92.88690833,Otro objeto (fijo),El primer evento no fue una colision con un vehiculo automotor en transporte,Not an Intersection,No fue interseccion,Sobre el lado de la calle,Ninguna,Amanecer,Despejado,No,NO APLICA,6,22,7,0,1,19/08/2022,1
22,Louisiana,220498,1,1,1,0,19,CALCASIEU (19),0,NO APLICA,8,Agosto,20,2022,1,7,CR-ETIENNE DAIGLE ROAD,4,Calle del Condado,Rural,Local,County Highway Agency,0,Sin jurisdiccion especial,0,30.30358889,-93.41876944,Peaton,El primer evento no fue una colision con un vehiculo automotor en transporte,Not an Intersection,No fue interseccion,Sobre calle,Ninguna,Oscuro sin iluminacion,Nublado,No,NO APLICA,1,8,1,21,1,20/08/2022,1
22,Louisiana,220499,0,0,1,0,9,AVOYELLES (9),0,NO APLICA,8,Agosto,20,2022,17,5,SR-114,3,Highway estatal,Rural,Colector Mayor,State Highway Agency,0,Sin jurisdiccion especial,66,31.05893056,-92.13725,Acotamiento,El primer evento no fue una colision con un vehiculo automotor en transporte,Not an Intersection,No fue interseccion,Sobre el lado de la calle,Ninguna,Dia total,Despejado,No,NO APLICA,17,7,17,15,1,20/08/2022,1
22,Louisiana,220500,0,0,2,0,15,BOSSIER (15),0,NO APLICA,8,Agosto,20,2022,20,50,CR-BELLEVUE ROAD,4,Calle del Condado,Rural,Local,County Highway Agency,0,Sin jurisdiccion especial,0,32.61204722,-93.57978611,Vehiculo en movimiento,Angulo,Not an Intersection,No fue interseccion,Sobre calle,Ninguna,Oscuro sin iluminacion,Despejado,No,NO APLICA,20,56,21,5,2,20/08/2022,4
22,Louisiana,220501,0,0,1,0,51,JEFFERSON (51),920,GRAND ISLE,7,Julio,2,2022,12,10,SR-1,3,Highway estatal,Rural,Arteria Menor,State Highway Agency,0,Sin jurisdiccion especial,0,29.26015278,-89.96261667,Volcadura,El primer evento no fue una colision con un vehiculo automotor en transporte,Four-Way Intersection,Interseccion de 4 direcciones,Sobre el lado de la calle,Ninguna,Dia total,Despejado,No,NO APLICA,12,10,12,18,1,02/07/2022,3
22,Louisiana,220502,0,0,1,0,3,ALLEN (3),0,NO APLICA,7,Julio,31,2022,1,11,SR-112,3,Highway estatal,Rural,Colector Mayor,State Highway Agency,0,Sin jurisdiccion especial,179,30.82531111,-92.971475,Arbol,El primer evento no fue una colision con un vehiculo automotor en transporte,Not an Intersection,No fue interseccion,Sobre el lado de la calle,Ninguna,Oscuro sin iluminacion,Despejado,No,NO APLICA,99,99,99,99,1,31/07/2022,1
22,Louisiana,220503,0,0,2,0,63,LIVINGSTON (63),0,NO APLICA,8,Agosto,5,2022,23,10,SR-112,3,Highway estatal,Urbano,Colector Mayor,State Highway Agency,0,Sin jurisdiccion especial,43,30.57861111,-90.93543333,Vehiculo en movimiento,Angulo,Not an Intersection,No fue interseccion,Sobre calle,Ninguna,Oscuro sin iluminacion,Despejado,No,NO APLICA,99,99,99,99,1,05/08/2022,3
22,Louisiana,220504,0,0,1,0,11,BEAUREGARD (11),0,NO APLICA,8,Agosto,12,2022,14,10,SR-113,3,Highway estatal,Rural,Local,State Highway Agency,0,Sin jurisdiccion especial,102,30.66773889,-93.04566389,Arbol,El primer evento no fue una colision con un vehiculo automotor en transporte,Not an Intersection,No fue interseccion,Sobre el lado de la calle,Ninguna,Dia total,Despejado,No,NO APLICA,99,99,99,99,1,12/08/2022,2
22,Louisiana,220505,0,0,1,0,99,ST. MARTIN (99),0,NO APLICA,8,Agosto,20,2022,0,34,CR-DUCHAMP RD,4,Calle del Condado,Urbano,Local,County Highway Agency,0,Sin jurisdiccion especial,2,30.09778611,-91.92295,Animal vivo,El primer evento no fue una colision con un vehiculo automotor en transporte,Not an Intersection,No fue interseccion,Sobre el lado de la calle,Ninguna,Oscuro sin iluminacion,Despejado,No,NO APLICA,99,99,99,99,1,20/08/2022,2
22,Louisiana,220506,0,0,1,0,33,EAST BATON ROUGE (33),150,BATON ROUGE,8,Agosto,20,2022,21,17,US-61,2,US Highway,Urbano,Arteria Principal,State Highway Agency,1,Sin jurisdiccion especial,729,30.42058056,-91.07283889,Valla Ferrocarril,El primer evento no fue una colision con un vehiculo automotor en transporte,Not an Intersection,No fue interseccion,Sobre el lado de la calle,Ninguna,Oscuro con iluminacion,Despejado,No,NO APLICA,99,99,99,99,1,20/08/2022,2
22,Louisiana,220507,0,0,1,0,117,WASHINGTON (117),0,NO APLICA,8,Agosto,21,2022,23,52,CR-MT PLEASANT ROAD,4,Calle del Condado,Rural,Local,County Highway Agency,0,Sin jurisdiccion especial,0,30.73973056,-89.885625,Zanja,El primer evento no fue una colision con un vehiculo automotor en transporte,T-Intersection,Interseccion de T,Sobre el lado de la calle,Ninguna,Oscuro sin iluminacion,Despejado,No,NO APLICA,23,31,23,37,1,21/08/2022,1
22,Louisiana,220508,0,0,1,0,13,BIENVILLE (13),0,NO APLICA,8,Agosto,29,2022,16,57,SR-154,3,Highway estatal,Rural,Colector Mayor,State Highway Agency,0,Sin jurisdiccion especial,279,32.35575556,-93.15458889,Arbol,El primer evento no fue una colision con un vehiculo automotor en transporte,Not an Intersection,No fue interseccion,Sobre el lado de la calle,Ninguna,Dia total,Despejado,No,NO APLICA,17,2,17,7,1,29/08/2022,1
22,Louisiana,220509,0,0,2,0,73,OUACHITA (73),0,NO APLICA,10,Octubre,31,2022,13,31,SR-838,3,Highway estatal,Urbano,Arteria Menor,State Highway Agency,0,Sin jurisdiccion especial,71,32.49535278,-92.19206667,Vehiculo en movimiento,Angulo,T-Intersection,Interseccion de T,Sobre calle,Ninguna,Dia total,Despejado,No,NO APLICA,99,99,99,99,1,31/10/2022,2
22,Louisiana,220510,1,1,1,0,1,ACADIA (1),520,CROWLEY,9,Septiembre,1,2022,15,6,SR-13,3,Highway estatal,Urbano,Arteria Menor,State Highway Agency,0,Sin jurisdiccion especial,155,30.20231944,-92.36294167,Peaton,El primer evento no fue una colision con un vehiculo automotor en transporte,Not an Intersection,No fue interseccion,Sobre el lado de la calle,Ninguna,Dia total,Despejado,No,NO APLICA,99,99,99,99,1,01/09/2022,1
22,Louisiana,220511,1,1,2,0,33,EAST BATON ROUGE (33),0,NO APLICA,9,Septiembre,4,2022,1,10,CR-BLUEBONNET BLVD,4,Calle del Condado,Rural,Local,County Highway Agency,0,Sin jurisdiccion especial,0,30.37726667,-91.09889722,Peaton,El primer evento no fue una colision con un vehiculo automotor en transporte,Not an Intersection,No fue interseccion,Sobre calle,Ninguna,Oscuro sin iluminacion,Nublado,No,NO APLICA,1,11,1,20,1,04/09/2022,1
22,Louisiana,220512,1,1,2,0,71,ORLEANS (71),1690,NEW ORLEANS,9,Septiembre,5,2022,15,49,SR-3021,3,Highway estatal,Urbano,Arteria Principal,State Highway Agency,1,Sin jurisdiccion especial,10,29.98781111,-90.05838333,Ciclista,El primer evento no fue una colision con un vehiculo automotor en transporte,Four-Way Intersection,Interseccion de 4 direcciones,Sobre calle,Ninguna,Dia total,Despejado,No,NO APLICA,99,99,99,99,1,05/09/2022,3
22,Louisiana,220513,0,0,1,0,97,ST. LANDRY (97),0,NO APLICA,9,Septiembre,7,2022,4,16,SR-103,3,Highway estatal,Rural,Local,State Highway Agency,0,Sin jurisdiccion especial,357,30.50697222,-92.00240556,Otro objeto (fijo),El primer evento no fue una colision con un vehiculo automotor en transporte,T-Intersection,Interseccion de T,Sobre el lado de la calle,Ninguna,Oscuro sin iluminacion,Despejado,No,NO APLICA,99,99,99,99,1,07/09/2022,1
22,Louisiana,220514,0,0,1,0,71,ORLEANS (71),1690,NEW ORLEANS,9,Septiembre,8,2022,22,47,I-10,1,Interestatal,Urbano,Interestatal,State Highway Agency,1,Sin jurisdiccion especial,2357,30.13141667,-89.87413611,Arbol,El primer evento no fue una colision con un vehiculo automotor en transporte,Not an Intersection,No fue interseccion,Sobre el lado de la calle,Ninguna,Oscuro con iluminacion,Despejado,No,NO APLICA,99,99,99,99,1,08/09/2022,1
22,Louisiana,220515,0,0,1,0,71,ORLEANS (71),1690,NEW ORLEANS,9,Septiembre,10,2022,1,26,US-90-Z,2,US Highway,Urbano,Arteria Principal,State Highway Agency,1,Sin jurisdiccion especial,104,29.93548611,-90.03740556,Barrera de Trafico de Concreto,El primer evento no fue una colision con un vehiculo automotor en transporte,Not an Intersection,No fue interseccion,Sobre el lado de la calle,Ninguna,Oscuro con iluminacion,Despejado,No,NO APLICA,9,99,99,99,1,10/09/2022,1
22,Louisiana,220516,1,1,1,0,55,LAFAYETTE (55),1230,LAFAYETTE,9,Septiembre,10,2022,2,53,AMBASSADOR CAFFERY PKWY,6,Calle Local Municipalidad,Urbano,Local,City or Municipal Highway Agency,0,Sin jurisdiccion especial,0,30.18898889,-92.07508611,Peaton,El primer evento no fue una colision con un vehiculo automotor en transporte,Not an Intersection,No fue interseccion,Sobre calle,Ninguna,Oscuro con iluminacion,Despejado,No,NO APLICA,99,99,99,99,1,10/09/2022,1
22,Louisiana,220517,0,0,2,0,115,VERNON (115),0,NO APLICA,9,Septiembre,12,2022,5,55,SR-8,3,Highway estatal,Urbano,Arteria Principal,State Highway Agency,1,Sin jurisdiccion especial,234,31.1601,-93.20731111,Vehiculo en movimiento,Frente a Detrás,Not an Intersection,No fue interseccion,Sobre calle,Ninguna,Oscuro sin iluminacion,Despejado,No,NO APLICA,6,1,6,11,1,12/09/2022,2