Estado,Nombre de Estado,Numero de Caso,Peatones,Personas _no_vehiculos,Vehiculos automotores,Vehiculos estacionados,Condado,Nombre Condado,Ciudad,Nombre Ciudad,Mes,Nombre Mes,Dia,Año,Hora,Minuto,Calle,Ruta,Nombre Ruta,Rural o Urbanoo,Sistema Funcional,Dueño Calle,Sistema Nacional Carreteras,Jurisdiccion Especial,Milla,Latitud,Longitud,Causa del Accidente,Tipo de Accidente,Tipo Interseccion,Columna1,Lugar en la calle,Zona de Trabajo,Luz,Clima,Autobus Escolar,Cruce de Trenes,Hora Notificacion,Minuto Notificacion,Hora Llegada,Minuto Llegada,Decesos,Fecha,PersonaVehiculo
22,Louisiana,220518,0,0,1,0,45,IBERIA (45),1680,NEW IBERIA,7,Julio,2,2022,16,5,SR-677,3,Highway estatal,Urbano,Colector Mayor,State Highway Agency,0,Sin jurisdiccion especial,5,30.02036389,-91.82614722,Volcadura,El primer evento no fue una colision con un vehiculo automotor en transporte,Not an Intersection,No fue interseccion,Sobre el lado de la calle,Ninguna,Dia total,lluvia,No,NO APLICA,99,98,99,98,1,02/07/2022,1
22,Louisiana,220519,0,0,1,0,53,JEFFERSON DAVIS (53),2390,WELSH,7,Julio,2,2022,19,56,WELSH STREET,6,Calle Local Municipalidad,Urbano,Local,City or Municipal Highway Agency,0,Sin jurisdiccion especial,0,30.23879722,-92.8257,Poste,El primer evento no fue una colision con un vehiculo automotor en transporte,Not an Intersection,No fue interseccion,Sobre el lado de la calle,Ninguna,Dia total,Despejado,No,NO APLICA,19,56,20,12,1,02/07/2022,2
22,Louisiana,220520,1,1,1,0,105,TANGIPAHOA (105),980,HAMMOND,8,Agosto,5,2022,5,48,CR-WEST CLUB DELUXE ROAD,4,Calle del Condado,Urbano,Local,County Highway Agency,0,Sin jurisdiccion especial,0,30.47554444,-90.46834167,Peaton,El primer evento no fue una colision con un vehiculo automotor en transporte,Not an Intersection,No fue interseccion,Sobre calle,Ninguna,Oscuro sin iluminacion,Nublado,No,NO APLICA,5,53,99,98,1,05/08/2022,1
22,Louisiana,220521,0,0,2,0,103,ST. TAMMANY (103),0,NO APLICA,8,Agosto,6,2022,4,30,I-10,1,Interestatal,Urbano,Interestatal,State Highway Agency,1,Sin jurisdiccion especial,2658,30.27268056,-89.75398333,Vehiculo en movimiento,Frente a Detrás,Not an Intersection,No fue interseccion,Sobre calle,Ninguna,Oscuro sin iluminacion,Despejado,No,NO APLICA,99,99,99,99,1,06/08/2022,5
22,Louisiana,220522,0,0,2,0,55,LAFAYETTE (55),260,BROUSSARD,8,Agosto,16,2022,17,36,US-90,2,US Highway,Urbano,Arteria Principal,State Highway Agency,1,Sin jurisdiccion especial,1136,30.16274167,-91.97257778,Vehiculo en movimiento,Angulo,T-Intersection,Interseccion de T,Sobre calle,Ninguna,Dia total,Despejado,No,NO APLICA,99,98,99,98,1,16/08/2022,2
22,Louisiana,220523,0,0,2,0,51,JEFFERSON (51),1488,MARRERO,8,Agosto,21,2022,19,37,CR-AMES BLVD,4,Calle del Condado,Urbano,Local,County Highway Agency,0,Sin jurisdiccion especial,0,29.8654,-90.11078056,Vehiculo en movimiento,Frente a frente,Not an Intersection,No fue interseccion,Sobre calle,Ninguna,Oscuro con iluminacion,Despejado,No,NO APLICA,19,38,19,44,1,21/08/2022,4
22,Louisiana,220524,0,0,2,0,9,AVOYELLES (9),0,NO APLICA,8,Agosto,28,2022,13,9,SR-107,3,Highway estatal,Rural,Colector Mayor,State Highway Agency,0,Sin jurisdiccion especial,485,31.24866944,-92.18496389,Volcadura,El primer evento no fue una colision con un vehiculo automotor en transporte,Not an Intersection,No fue interseccion,Sobre calle,Ninguna,Dia total,Despejado,No,NO APLICA,13,18,13,36,1,28/08/2022,3
22,Louisiana,220525,0,0,1,0,119,WEBSTER (119),0,NO APLICA,8,Agosto,30,2022,4,15,CR-MIDDLE ROAD,4,Calle del Condado,Rural,Local,County Highway Agency,0,Sin jurisdiccion especial,0,32.62368889,-93.21898889,Volcadura,El primer evento no fue una colision con un vehiculo automotor en transporte,Not an Intersection,No fue interseccion,Sobre el lado de la calle,Ninguna,Oscuro sin iluminacion,Despejado,No,NO APLICA,4,17,4,31,1,30/08/2022,2
22,Louisiana,220526,0,0,2,0,51,JEFFERSON (51),0,NO APLICA,9,Septiembre,2,2022,3,15,US-90 BUSINESS,2,US Highway,Urbano,Interestatal,State Highway Agency,1,Sin jurisdiccion especial,45,29.89398333,-90.11298333,Vehiculo en movimiento,Frente a Detrás,Not an Intersection,No fue interseccion,Sobre calle,Ninguna,Oscuro con iluminacion,Despejado,No,NO APLICA,99,99,99,99,2,02/09/2022,3
22,Louisiana,220527,0,0,1,0,57,LAFOURCHE (57),0,NO APLICA,9,Septiembre,4,2022,3,5,SR-1,3,Highway estatal,Urbano,Arteria Menor,State Highway Agency,1,Sin jurisdiccion especial,649,29.68771111,-90.54733333,Arbol,El primer evento no fue una colision con un vehiculo automotor en transporte,Not an Intersection,No fue interseccion,Sobre el lado de la calle,Ninguna,Oscuro con iluminacion,Despejado,No,NO APLICA,99,98,99,98,1,04/09/2022,1
22,Louisiana,220528,1,1,1,0,55,LAFAYETTE (55),650,DUSON,9,Septiembre,6,2022,1,38,SR-1096,3,Highway estatal,Rural,Local,State Highway Agency,0,Sin jurisdiccion especial,7,30.24032778,-92.204975,Peaton,El primer evento no fue una colision con un vehiculo automotor en transporte,Not an Intersection,No fue interseccion,Sobre calle,Ninguna,Oscuro sin iluminacion,Nublado,No,NO APLICA,99,98,99,98,1,06/09/2022,1
22,Louisiana,220529,0,0,1,0,31,DE SOTO (31),0,NO APLICA,9,Septiembre,8,2022,15,7,SR-5,3,Highway estatal,Rural,Colector Mayor,State Highway Agency,0,Sin jurisdiccion especial,141,32.16716111,-93.91831111,Puente de Ferrocarril,El primer evento no fue una colision con un vehiculo automotor en transporte,Not an Intersection,No fue interseccion,Sobre el lado de la calle,Ninguna,Dia total,Despejado,No,NO APLICA,15,10,15,13,1,08/09/2022,1
22,Louisiana,220530,1,1,1,0,71,ORLEANS (71),1690,NEW ORLEANS,8,Agosto,20,2022,1,30,I-510,1,Interestatal,Urbano,Interestatal,State Highway Agency,1,Sin jurisdiccion especial,26,30.05290278,-89.93882222,Peaton,El primer evento no fue una colision con un vehiculo automotor en transporte,Not an Intersection,No fue interseccion,Sobre calle,Ninguna,Oscuro sin iluminacion,Despejado,No,NO APLICA,99,99,99,99,1,20/08/2022,1
22,Louisiana,220531,1,1,1,0,33,EAST BATON ROUGE (33),0,NO APLICA,9,Septiembre,16,2022,9,15,SR-3246,3,Highway estatal,Urbano,Arteria Principal,State Highway Agency,1,Sin jurisdiccion especial,35,30.39634722,-91.05750833,Banqueta,El primer evento no fue una colision con un vehiculo automotor en transporte,Not an Intersection,No fue interseccion,Sobre el lado de la calle,Ninguna,Dia total,Despejado,No,NO APLICA,99,99,99,99,1,16/09/2022,1
22,Louisiana,220532,0,0,2,0,19,CALCASIEU (19),2210,SULPHUR,9,Septiembre,21,2022,11,13,MAPLEWOOD DR,6,Calle Local Municipalidad,Urbano,Local,City or Municipal Highway Agency,0,Sin jurisdiccion especial,0,30.22749722,-93.34870833,Vehiculo en movimiento,Angulo,Four-Way Intersection,Interseccion de 4 direcciones,Sobre calle,Construccion,Dia total,Despejado,No,NO APLICA,99,99,99,99,1,21/09/2022,2
22,Louisiana,220533,0,0,1,0,97,ST. LANDRY (97),0,NO APLICA,9,Septiembre,16,2022,10,8,I-49,1,Interestatal,Rural,Interestatal,State Highway Agency,1,Sin jurisdiccion especial,301,30.67158611,-92.07237778,Acotamiento,El primer evento no fue una colision con un vehiculo automotor en transporte,Not an Intersection,No fue interseccion,Sobre el lado de la calle,Ninguna,Dia total,Despejado,No,NO APLICA,99,99,99,99,1,16/09/2022,1
22,Louisiana,220534,0,0,1,0,51,JEFFERSON (51),0,NO APLICA,5,Mayo,30,2022,12,0,SR-3134,3,Highway estatal,Rural,Arteria Menor,State Highway Agency,0,Sin jurisdiccion especial,55,29.82376944,-90.09900278,Poste,El primer evento no fue una colision con un vehiculo automotor en transporte,Not an Intersection,No fue interseccion,En el medio,Ninguna,Dia total,Despejado,No,NO APLICA,12,6,12,13,1,30/05/2022,1
22,Louisiana,220535,0,0,2,0,97,ST. LANDRY (97),720,EUNICE,6,Junio,4,2022,11,58,SR-13,3,Highway estatal,Urbano,Arteria Menor,State Highway Agency,0,Sin jurisdiccion especial,360,30.48006667,-92.41288333,Vehiculo en movimiento,Angulo,Four-Way Intersection,Interseccion de 4 direcciones,Sobre calle,Ninguna,Dia total,Despejado,No,NO APLICA,11,54,11,54,1,04/06/2022,3
22,Louisiana,220536,0,0,2,0,11,BEAUREGARD (11),0,NO APLICA,6,Junio,6,2022,12,0,SR-112,3,Highway estatal,Urbano,Colector Mayor,State Highway Agency,0,Sin jurisdiccion especial,0,30.85908611,-93.230075,Vehiculo en movimiento,Angulo,T-Intersection,Interseccion de T,Sobre calle,Ninguna,Dia total,Despejado,No,NO APLICA,99,99,99,99,1,06/06/2022,3
22,Louisiana,220537,0,0,1,0,119,WEBSTER (119),599,DIXIE INN,6,Junio,11,2022,20,45,I-20,1,Interestatal,Urbano,Interestatal,State Highway Agency,1,Sin jurisdiccion especial,448,32.59132778,-93.33402222,Valla Ferrocarril,El primer evento no fue una colision con un vehiculo automotor en transporte,Not an Intersection,No fue interseccion,Sobre el lado de la calle,Ninguna,Oscuro sin iluminacion,Despejado,No,NO APLICA,21,5,21,39,1,11/06/2022,1
22,Louisiana,220538,0,0,2,0,55,LAFAYETTE (55),2120,SCOTT,8,Agosto,6,2022,12,32,SR-93,3,Highway estatal,Urbano,Arteria Menor,State Highway Agency,0,Sin jurisdiccion especial,51,30.23502222,-92.10744722,Vehiculo en movimiento,Frente a Detrás,Four-Way Intersection,Interseccion de 4 direcciones,Sobre calle,Ninguna,Dia total,lluvia,No,NO APLICA,99,99,99,99,1,06/08/2022,2
22,Louisiana,220539,0,0,2,0,71,ORLEANS (71),1690,NEW ORLEANS,8,Agosto,11,2022,10,50,US-90,2,US Highway,Urbano,Arteria Principal,State Highway Agency,1,Sin jurisdiccion especial,2554,29.94921667,-90.11496667,Vehiculo en movimiento,Reportado como desconocido,Four-Way Intersection,Interseccion de 4 direcciones,Sobre calle,Ninguna,Dia total,Despejado,No,NO APLICA,99,99,99,99,1,11/08/2022,2
22,Louisiana,220540,0,0,2,0,33,EAST BATON ROUGE (33),150,BATON ROUGE,8,Agosto,30,2022,17,45,OAK VILLA DR,6,Calle Local Municipalidad,Urbano,Local,City or Municipal Highway Agency,0,Sin jurisdiccion especial,0,30.46354167,-91.08976389,Vehiculo en movimiento,Angulo,Four-Way Intersection,Interseccion de 4 direcciones,Sobre calle,Ninguna,Dia total,lluvia,No,NO APLICA,99,99,99,99,1,30/08/2022,2
22,Louisiana,220541,1,1,1,0,121,WEST BATON ROUGE (121),30,ADDIS,9,Septiembre,3,2022,5,27,SR-1,3,Highway estatal,Urbano,Arteria Principal,State Highway Agency,1,Sin jurisdiccion especial,1435,30.36407222,-91.26058889,Peaton,El primer evento no fue una colision con un vehiculo automotor en transporte,Four-Way Intersection,Interseccion de 4 direcciones,Sobre calle,Ninguna,Oscuro con iluminacion,Despejado,No,NO APLICA,88,88,88,88,1,03/09/2022,2
22,Louisiana,220542,0,0,3,0,17,CADDO (17),0,NO APLICA,9,Septiembre,12,2022,15,18,CR-ELLERBE ROAD,4,Calle del Condado,Urbano,Colector Menor,County Highway Agency,0,Sin jurisdiccion especial,0,32.37501389,-93.70248333,Vehiculo en movimiento,Angulo,T-Intersection,Interseccion de T,Sobre calle,Ninguna,Dia total,Despejado,No,NO APLICA,99,99,99,99,1,12/09/2022,6
22,Louisiana,220543,0,0,2,0,43,GRANT (43),0,NO APLICA,9,Septiembre,13,2022,10,55,SR-8,3,Highway estatal,Rural,Colector Mayor,State Highway Agency,0,Sin jurisdiccion especial,888,31.51584167,-92.52872222,Vehiculo en movimiento,Frente a frente,Not an Intersection,No fue interseccion,Sobre calle,Ninguna,Dia total,Despejado,No,NO APLICA,99,99,99,99,1,13/09/2022,2
22,Louisiana,220544,0,0,2,0,71,ORLEANS (71),1690,NEW ORLEANS,9,Septiembre,13,2022,17,53,SR-47,3,Highway estatal,Urbano,Arteria Menor,State Highway Agency,0,Sin jurisdiccion especial,143,30.04118056,-90.00218611,Vehiculo en movimiento,Frente a frente,T-Intersection,Interseccion de T,Sobre calle,Ninguna,Dia total,Despejado,No,NO APLICA,99,99,99,99,2,13/09/2022,3
22,Louisiana,220545,0,0,2,0,9,AVOYELLES (9),0,NO APLICA,9,Septiembre,13,2022,15,57,SR-1,3,Highway estatal,Rural,Arteria Menor,State Highway Agency,0,Sin jurisdiccion especial,99998,31.1548,-92.12316389,Vehiculo en movimiento,Angulo,Not an Intersection,No fue interseccion,Sobre calle,Ninguna,Dia total,Despejado,No,NO APLICA,99,99,99,99,1,13/09/2022,2
22,Louisiana,220546,0,0,2,0,57,LAFOURCHE (57),1280,LAROSE,9,Septiembre,14,2022,6,28,SR-308,3,Highway estatal,Urbano,Colector Mayor,State Highway Agency,0,Sin jurisdiccion especial,684,29.5641,-90.36171667,Vehiculo en movimiento,Angulo,T-Intersection,Interseccion de T,Sobre calle,Ninguna,Amanecer,Despejado,No,NO APLICA,99,99,99,99,1,14/09/2022,2
22,Louisiana,220547,0,0,2,0,105,TANGIPAHOA (105),0,NO APLICA,9,Septiembre,14,2022,7,15,I-12,1,Interestatal,Urbano,Interestatal,State Highway Agency,1,Sin jurisdiccion especial,353,30.47913889,-90.54026389,Vehiculo en movimiento,Frente a Detrás,Not an Intersection,No fue interseccion,Sobre calle,Ninguna,Dia total,Despejado,No,NO APLICA,99,99,99,99,1,14/09/2022,3
22,Louisiana,220548,1,1,1,0,51,JEFFERSON (51),1190,KENNER,9,Septiembre,15,2022,0,42,US-90,2,US Highway,Urbano,Arteria Principal,State Highway Agency,1,Sin jurisdiccion especial,2514,29.96016944,-90.17123056,Peaton,El primer evento no fue una colision con un vehiculo automotor en transporte,Not an Intersection,No fue interseccion,Sobre calle,Ninguna,Otra,Despejado,No,NO APLICA,99,99,99,99,1,15/09/2022,1
22,Louisiana,220549,0,0,2,0,17,CADDO (17),2130,SHREVEPORT,9,Septiembre,15,2022,7,1,FLOURNOY LUCAS,6,Calle Local Municipalidad,Urbano,Colector Menor,City or Municipal Highway Agency,0,Sin jurisdiccion especial,0,32.39100278,-93.77878611,Vehiculo en movimiento,Frente a frente,T-Intersection,Interseccion de T,Sobre calle,Ninguna,Dia total,Despejado,No,NO APLICA,99,99,99,99,1,15/09/2022,3
22,Louisiana,220550,0,0,1,0,103,ST. TAMMANY (103),2180,SLIDELL,9,Septiembre,15,2022,8,0,I-12,1,Interestatal,Urbano,Interestatal,State Highway Agency,1,Sin jurisdiccion especial,99998,30.31063056,-89.77645,Arbol,El primer evento no fue una colision con un vehiculo automotor en transporte,Not an Intersection,No fue interseccion,Sobre el lado de la calle,Ninguna,Dia total,Despejado,No,NO APLICA,99,99,99,99,1,15/09/2022,1
22,Louisiana,220551,0,0,1,0,43,GRANT (43),0,NO APLICA,9,Septiembre,16,2022,0,8,US-71,2,US Highway,Rural,Arteria Menor,State Highway Agency,0,Sin jurisdiccion especial,854,31.44347778,-92.56768333,Arbol,El primer evento no fue una colision con un vehiculo automotor en transporte,Not an Intersection,No fue interseccion,Sobre el lado de la calle,Ninguna,Oscuro sin iluminacion,Despejado,No,NO APLICA,0,11,0,27,1,16/09/2022,1
22,Louisiana,220552,0,0,1,0,57,LAFOURCHE (57),795,GALLIANO,9,Septiembre,12,2022,19,16,SR-308,3,Highway estatal,Urbano,Colector Mayor,State Highway Agency,0,Sin jurisdiccion especial,773,29.45149167,-90.30381944,Arbol,El primer evento no fue una colision con un vehiculo automotor en transporte,Not an Intersection,No fue interseccion,Sobre el lado de la calle,Ninguna,Oscuro sin iluminacion,Despejado,No,NO APLICA,99,99,99,99,1,12/09/2022,1
22,Louisiana,220553,0,0,3,0,53,JEFFERSON DAVIS (53),0,NO APLICA,9,Septiembre,17,2022,12,7,SR-26,3,Highway estatal,Rural,Arteria Menor,State Highway Agency,0,Sin jurisdiccion especial,569,30.34421111,-92.67069167,Vehiculo en movimiento,Frente a Detrás,Not an Intersection,No fue interseccion,Sobre calle,Ninguna,Dia total,Despejado,No,NO APLICA,99,99,99,99,1,17/09/2022,4
22,Louisiana,220554,1,1,1,0,115,VERNON (115),58,ANACOCO,9,Septiembre,18,2022,2,30,CR-HOLLY GROVE POAD,4,Calle del Condado,Urbano,Local,County Highway Agency,0,Sin jurisdiccion especial,0,31.22931111,-93.35697778,Peaton,El primer evento no fue una colision con un vehiculo automotor en transporte,Not an Intersection,No fue interseccion,Sobre calle,Ninguna,Oscuro sin iluminacion,Despejado,No,NO APLICA,99,99,99,99,1,18/09/2022,2
22,Louisiana,220555,0,0,2,0,85,SABINE (85),0,NO APLICA,9,Septiembre,19,2022,13,10,US-171,2,US Highway,Rural,Arteria Principal,State Highway Agency,1,Sin jurisdiccion especial,1184,31.70340833,-93.69111389,Vehiculo en movimiento,Angulo,Not an Intersection,No fue interseccion,Sobre calle,Ninguna,Dia total,Despejado,No,NO APLICA,99,99,99,99,1,19/09/2022,2
22,Louisiana,220556,1,1,1,0,97,ST. LANDRY (97),720,EUNICE,9,Septiembre,19,2022,11,11,PARK AVE,6,Calle Local Municipalidad,Urbano,Local,City or Municipal Highway Agency,0,Sin jurisdiccion especial,0,30.49266111,-92.41867778,Ciclista,El primer evento no fue una colision con un vehiculo automotor en transporte,T-Intersection,Interseccion de T,Sobre calle,Ninguna,Dia total,Despejado,No,NO APLICA,99,99,99,99,1,19/09/2022,1
22,Louisiana,220557,0,0,1,0,63,LIVINGSTON (63),791,FRENCH SETTLEMENT,9,Septiembre,18,2022,2,5,SR-16,3,Highway estatal,Rural,Arteria Menor,State Highway Agency,0,Sin jurisdiccion especial,13,30.280875,-90.78424722,Poste,El primer evento no fue una colision con un vehiculo automotor en transporte,Not an Intersection,No fue interseccion,Sobre el lado de la calle,Ninguna,Oscuro sin iluminacion,Despejado,No,NO APLICA,99,99,99,99,1,18/09/2022,1
22,Louisiana,220558,0,0,1,0,55,LAFAYETTE (55),0,NO APLICA,9,Septiembre,20,2022,20,5,CR-COLORADO RD,4,Calle del Condado,Rural,Local,County Highway Agency,0,Sin jurisdiccion especial,0,30.19318056,-92.11080833,Volcadura,El primer evento no fue una colision con un vehiculo automotor en transporte,Not an Intersection,No fue interseccion,Sobre el lado de la calle,Ninguna,Oscuro con iluminacion,Despejado,No,NO APLICA,99,99,99,99,1,20/09/2022,1
22,Louisiana,220559,0,0,1,0,99,ST. MARTIN (99),0,NO APLICA,9,Septiembre,21,2022,0,32,I-10,1,Interestatal,Rural,Interestatal,State Highway Agency,1,Sin jurisdiccion especial,1137,30.3102,-91.85931389,Valla Ferrocarril,El primer evento no fue una colision con un vehiculo automotor en transporte,Not an Intersection,No fue interseccion,Sobre el lado de la calle,Ninguna,Oscuro con iluminacion,Despejado,No,NO APLICA,99,99,99,99,1,21/09/2022,3
22,Louisiana,220560,0,0,2,0,97,ST. LANDRY (97),0,NO APLICA,9,Septiembre,23,2022,20,21,I-49,1,Interestatal,Rural,Interestatal,State Highway Agency,1,Sin jurisdiccion especial,213,30.55020833,-92.05285,Vehiculo en movimiento,Frente a frente,Not an Intersection,No fue interseccion,Sobre calle,Ninguna,Oscuro sin iluminacion,Despejado,No,NO APLICA,99,99,99,99,2,23/09/2022,2
22,Louisiana,220561,1,1,1,0,99,ST. MARTIN (99),0,NO APLICA,9,Septiembre,24,2022,22,15,SR-96,3,Highway estatal,Rural,Arteria Menor,State Highway Agency,0,Sin jurisdiccion especial,52,30.13304167,-91.86180833,Peaton,El primer evento no fue una colision con un vehiculo automotor en transporte,Not an Intersection,No fue interseccion,Sobre calle,Ninguna,Oscuro sin iluminacion,Despejado,No,NO APLICA,99,99,99,99,1,24/09/2022,1
22,Louisiana,220562,1,1,1,0,63,LIVINGSTON (63),570,DENHAM SPRINGS,9,Septiembre,24,2022,6,5,US-90,2,US Highway,Urbano,Arteria Principal,State Highway Agency,1,Sin jurisdiccion especial,1898,30.46838333,-90.96725833,Peaton,El primer evento no fue una colision con un vehiculo automotor en transporte,Not an Intersection,No fue interseccion,Sobre calle,Ninguna,Oscuro sin iluminacion,Despejado,No,NO APLICA,99,99,99,99,1,24/09/2022,1
22,Louisiana,220563,0,0,2,0,85,SABINE (85),0,NO APLICA,9,Septiembre,24,2022,18,15,SR-6,3,Highway estatal,Rural,Arteria Principal,State Highway Agency,1,Sin jurisdiccion especial,157,31.54725,-93.513625,Vehiculo en movimiento,Frente a frente,Not an Intersection,No fue interseccion,Sobre Acotamiento,Ninguna,Dia total,Despejado,No,NO APLICA,99,99,99,99,1,24/09/2022,6
22,Louisiana,220565,0,0,1,0,69,NATCHITOCHES (69),1650,NATCHITOCHES,9,Septiembre,24,2022,6,10,SR-6,3,Highway estatal,Urbano,Arteria Principal,State Highway Agency,1,Sin jurisdiccion especial,446,31.747675,-93.11769444,Buzon de correo,El primer evento no fue una colision con un vehiculo automotor en transporte,Not an Intersection,No fue interseccion,Sobre el lado de la calle,Ninguna,Oscuro sin iluminacion,Despejado,No,NO APLICA,99,99,99,99,1,24/09/2022,2
22,Louisiana,220566,0,0,1,0,85,SABINE (85),0,NO APLICA,9,Septiembre,25,2022,14,36,SR-175,3,Highway estatal,Rural,Colector Mayor,State Highway Agency,0,Sin jurisdiccion especial,125,31.74367778,-93.50936389,Puente de Ferrocarril,El primer evento no fue una colision con un vehiculo automotor en transporte,Not an Intersection,No fue interseccion,Sobre el lado de la calle,Ninguna,Dia total,Nublado,No,NO APLICA,99,99,99,99,1,25/09/2022,1
22,Louisiana,220567,1,1,2,0,51,JEFFERSON (51),1190,KENNER,9,Septiembre,28,2022,6,10,SR-49,3,Highway estatal,Urbano,Arteria Principal,State Highway Agency,1,Sin jurisdiccion especial,18,30.00682778,-90.24038056,Peaton,El primer evento no fue una colision con un vehiculo automotor en transporte,Not an Intersection,No fue interseccion,Sobre calle,Ninguna,Dia total,Despejado,No,NO APLICA,99,99,99,99,1,28/09/2022,2
22,Louisiana,220568,1,1,1,0,71,ORLEANS (71),1690,NEW ORLEANS,10,Octubre,2,2022,19,25,PARIS AVE,6,Calle Local Municipalidad,Urbano,Local,City or Municipal Highway Agency,0,Sin jurisdiccion especial,0,29.98491944,-90.07252222,Peaton,El primer evento no fue una colision con un vehiculo automotor en transporte,Four-Way Intersection,Interseccion de 4 direcciones,Sobre calle,Ninguna,Oscuro con iluminacion,Despejado,No,NO APLICA,99,99,99,99,1,02/10/2022,1
22,Louisiana,220569,0,0,1,0,53,JEFFERSON DAVIS (53),0,NO APLICA,10,Octubre,2,2022,22,47,US-165,2,US Highway,Rural,Arteria Principal,State Highway Agency,1,Sin jurisdiccion especial,99999,30.25113056,-92.98165833,Poste de Señal de trafico,El primer evento no fue una colision con un vehiculo automotor en transporte,Not an Intersection,No fue interseccion,Gore?,"Zona de trabajo, tipo desconocido",Oscuro sin iluminacion,Despejado,No,NO APLICA,99,99,99,99,1,02/10/2022,1
22,Louisiana,220570,2,2,1,0,51,JEFFERSON (51),0,NO APLICA,10,Octubre,2,2022,23,38,CR-MANHATTAN BLVD,4,Calle del Condado,Rural,Local,County Highway Agency,0,Sin jurisdiccion especial,0,29.90028611,-90.06413611,Peaton,El primer evento no fue una colision con un vehiculo automotor en transporte,Four-Way Intersection,Interseccion de 4 direcciones,Sobre calle,Ninguna,Oscuro con iluminacion,Despejado,No,NO APLICA,99,99,99,99,1,02/10/2022,1
22,Louisiana,220571,1,1,1,0,73,OUACHITA (73),1560,MONROE,10,Octubre,3,2022,19,38,US-80,2,US Highway,Rural,Arteria Principal,State Highway Agency,1,Sin jurisdiccion especial,1285,32.5261,-92.04289444,Ciclista,El primer evento no fue una colision con un vehiculo automotor en transporte,Not an Intersection,No fue interseccion,Sobre calle,Ninguna,Oscuro con iluminacion,Despejado,No,NO APLICA,99,99,99,99,1,03/10/2022,1
22,Louisiana,220572,0,0,2,0,105,TANGIPAHOA (105),0,NO APLICA,10,Octubre,4,2022,13,47,SR-10,3,Highway estatal,Rural,Colector Mayor,State Highway Agency,0,Sin jurisdiccion especial,2182,30.81414722,-90.36360833,Vehiculo en movimiento,Angulo,Four-Way Intersection,Interseccion de 4 direcciones,Sobre calle,Ninguna,Dia total,Despejado,No,NO APLICA,99,99,99,99,1,04/10/2022,3
22,Louisiana,220573,0,0,2,0,19,CALCASIEU (19),0,NO APLICA,10,Octubre,5,2022,15,6,SR-27,3,Highway estatal,Rural,Arteria Menor,State Highway Agency,0,Sin jurisdiccion especial,893,30.29556389,-93.35635,Vehiculo en movimiento,Angulo,Four-Way Intersection,Interseccion de 4 direcciones,Sobre calle,Ninguna,Dia total,Despejado,No,NO APLICA,15,7,15,41,1,05/10/2022,2
22,Louisiana,220574,1,1,1,0,55,LAFAYETTE (55),1230,LAFAYETTE,10,Octubre,5,2022,20,20,W WILLOW ST,6,Calle Local Municipalidad,Urbano,Local,City or Municipal Highway Agency,0,Sin jurisdiccion especial,0,30.24571389,-92.02780833,Peaton,El primer evento no fue una colision con un vehiculo automotor en transporte,Not an Intersection,No fue interseccion,Sobre calle,Ninguna,Oscuro con iluminacion,Despejado,No,NO APLICA,99,99,99,99,1,05/10/2022,5
22,Louisiana,220576,0,0,3,0,113,VERMILION (113),0,NO APLICA,10,Octubre,6,2022,14,18,SR-14,3,Highway estatal,Rural,Arteria Menor,State Highway Agency,0,Sin jurisdiccion especial,711,29.992325,-92.26733889,Vehiculo en movimiento,Frente a Detrás,Not an Intersection,No fue interseccion,Sobre calle,Ninguna,Dia total,Despejado,No,NO APLICA,99,99,99,99,1,06/10/2022,4
22,Louisiana,220577,0,0,1,0,65,MADISON (65),0,NO APLICA,10,Octubre,6,2022,6,6,I-20,1,Interestatal,Rural,Interestatal,State Highway Agency,1,Sin jurisdiccion especial,1548,32.43918611,-91.47140556,Acotamiento,El primer evento no fue una colision con un vehiculo automotor en transporte,Not an Intersection,No fue interseccion,Sobre el lado de la calle,Ninguna,Oscuro sin iluminacion,Despejado,No,NO APLICA,99,99,99,99,1,06/10/2022,2
22,Louisiana,220578,0,0,2,0,117,WASHINGTON (117),0,NO APLICA,10,Octubre,8,2022,9,5,CR-LAWRENCE CREEK ROAD,4,Calle del Condado,Rural,Local,County Highway Agency,0,Sin jurisdiccion especial,0,30.94319167,-90.05496111,Vehiculo en movimiento,Frente a frente,Not an Intersection,No fue interseccion,Sobre calle,Ninguna,Dia total,Despejado,No,NO APLICA,99,99,99,99,1,08/10/2022,2
22,Louisiana,220579,0,0,1,0,115,VERNON (115),0,NO APLICA,8,Agosto,13,2022,19,5,CR-WEBSTER MARICLE ROAD,4,Calle del Condado,Rural,Local,County Highway Agency,0,Sin jurisdiccion especial,0,30.93816111,-92.9823,Volcadura,El primer evento no fue una colision con un vehiculo automotor en transporte,Not an Intersection,No fue interseccion,Sobre calle,Ninguna,Dia total,Nublado,No,NO APLICA,19,5,19,7,1,13/08/2022,1
22,Louisiana,220580,0,0,1,0,103,ST. TAMMANY (103),0,NO APLICA,9,Septiembre,28,2022,21,30,I-59,1,Interestatal,Rural,Interestatal,State Highway Agency,1,Sin jurisdiccion especial,69,30.395625,-89.72844722,Barda,El primer evento no fue una colision con un vehiculo automotor en transporte,Not an Intersection,No fue interseccion,Sobre el lado de la calle,Ninguna,Oscuro sin iluminacion,Despejado,No,NO APLICA,99,99,99,99,1,28/09/2022,3
22,Louisiana,220581,0,0,2,0,61,LINCOLN (61),2070,RUSTON,9,Septiembre,30,2022,7,37,SR-TARBUTTON ROAD,3,Highway estatal,Urbano,Interestatal,State Highway Agency,1,Sin jurisdiccion especial,834,32.53960833,-92.6779,Vehiculo en movimiento,Angulo,Four-Way Intersection,Interseccion de 4 direcciones,Sobre calle,Ninguna,Dia total,Despejado,Yes,NO APLICA,99,99,99,99,1,30/09/2022,3