Estado,Nombre de Estado,Numero de Caso,Peatones,Personas _no_vehiculos,Vehiculos automotores,Vehiculos estacionados,Condado,Nombre Condado,Ciudad,Nombre Ciudad,Mes,Nombre Mes,Dia,Año,Hora,Minuto,Calle,Ruta,Nombre Ruta,Rural o Urbanoo,Sistema Funcional,Dueño Calle,Sistema Nacional Carreteras,Jurisdiccion Especial,Milla,Latitud,Longitud,Causa del Accidente,Tipo de Accidente,Tipo Interseccion,Columna1,Lugar en la calle,Zona de Trabajo,Luz,Clima,Autobus Escolar,Cruce de Trenes,Hora Notificacion,Minuto Notificacion,Hora Llegada,Minuto Llegada,Decesos,Fecha,PersonaVehiculo
22,Louisiana,220582,1,1,1,0,15,BOSSIER (15),230,BOSSIER CITY,9,Septiembre,30,2022,17,15,SHED ROAD,6,Calle Local Municipalidad,Urbano,Local,City or Municipal Highway Agency,0,Sin jurisdiccion especial,0,32.543725,-93.67228611,Peaton,El primer evento no fue una colision con un vehiculo automotor en transporte,Not an Intersection,No fue interseccion,Sobre calle,Ninguna,Dia total,Despejado,No,NO APLICA,99,99,99,99,1,30/09/2022,1
22,Louisiana,220583,1,1,3,0,71,ORLEANS (71),1690,NEW ORLEANS,9,Septiembre,30,2022,20,2,US-90,2,US Highway,Urbano,Arteria Principal,State Highway Agency,1,Sin jurisdiccion especial,2674,30.01571667,-89.98006111,Peaton,El primer evento no fue una colision con un vehiculo automotor en transporte,Not an Intersection,No fue interseccion,Sobre calle,Ninguna,Oscuro sin iluminacion,Despejado,No,NO APLICA,99,99,99,99,1,30/09/2022,3
22,Louisiana,220584,1,1,1,0,109,TERREBONNE (109),0,NO APLICA,9,Septiembre,30,2022,20,42,SR-24,3,Highway estatal,Urbano,Arteria Principal,State Highway Agency,1,Sin jurisdiccion especial,107,29.60191944,-90.739175,Peaton,El primer evento no fue una colision con un vehiculo automotor en transporte,Not an Intersection,No fue interseccion,Sobre calle,Ninguna,Oscuro con iluminacion,Despejado,No,NO APLICA,99,99,99,99,1,30/09/2022,5
22,Louisiana,220585,0,0,2,0,103,ST. TAMMANY (103),0,NO APLICA,10,Octubre,1,2022,0,53,I-12,1,Interestatal,Urbano,Interestatal,State Highway Agency,1,Sin jurisdiccion especial,692,30.38858611,-89.99425278,Vehiculo en movimiento,Frente a Detrás,Not an Intersection,No fue interseccion,Sobre calle,Ninguna,Oscuro sin iluminacion,Despejado,No,NO APLICA,99,99,99,99,1,01/10/2022,3
22,Louisiana,220586,0,0,1,0,69,NATCHITOCHES (69),0,NO APLICA,10,Octubre,1,2022,5,50,I-49,1,Interestatal,Rural,Interestatal,State Highway Agency,1,Sin jurisdiccion especial,1195,31.52776667,-92.94313889,Fin de valla,El primer evento no fue una colision con un vehiculo automotor en transporte,Not an Intersection,No fue interseccion,En el medio,Ninguna,Oscuro sin iluminacion,Despejado,No,NO APLICA,99,99,99,99,1,01/10/2022,2
22,Louisiana,220587,0,0,1,0,71,ORLEANS (71),1690,NEW ORLEANS,10,Octubre,1,2022,22,26,ALMONASTER AVENUE,6,Calle Local Municipalidad,Urbano,Local,City or Municipal Highway Agency,0,Sin jurisdiccion especial,0,30.00481667,-90.02193333,Puente de Ferrocarril,El primer evento no fue una colision con un vehiculo automotor en transporte,Not an Intersection,No fue interseccion,Sobre el lado de la calle,Ninguna,Oscuro sin iluminacion,Despejado,No,NO APLICA,99,98,99,98,1,01/10/2022,1
22,Louisiana,220588,0,0,1,0,69,NATCHITOCHES (69),0,NO APLICA,10,Octubre,2,2022,15,20,CR-POSEY ROAD,4,Calle del Condado,Rural,Local,County Highway Agency,0,Sin jurisdiccion especial,0,31.74850556,-93.26493611,Volcadura,El primer evento no fue una colision con un vehiculo automotor en transporte,Not an Intersection,No fue interseccion,Sobre calle,Ninguna,Dia total,Despejado,No,NO APLICA,99,99,99,99,1,02/10/2022,2
22,Louisiana,220589,1,1,1,0,45,IBERIA (45),0,NO APLICA,10,Octubre,8,2022,16,26,WESTEND DRIVE,8,Otro,Trafficway Not in State Inventory,Via no en inventario estatal,Trafficway Not in State Inventory,0,Sin jurisdiccion especial,0,30.01373889,-91.84083056,Peaton,El primer evento no fue una colision con un vehiculo automotor en transporte,Not an Intersection,No fue interseccion,Sobre calle,Ninguna,Dia total,Despejado,No,NO APLICA,99,99,99,99,1,08/10/2022,7
22,Louisiana,220590,0,0,2,0,55,LAFAYETTE (55),1230,LAFAYETTE,10,Octubre,9,2022,10,44,CR-KALISTE SALOOM ROAD,4,Calle del Condado,Urbano,No reportado,State Highway Agency,0,Sin jurisdiccion especial,0,30.15933333,-92.04552222,Vehiculo en movimiento,Angulo,T-Intersection,Interseccion de T,Sobre calle,Ninguna,Dia total,Despejado,No,NO APLICA,99,99,99,99,1,09/10/2022,2
22,Louisiana,220591,0,0,2,0,67,MOREHOUSE (67),140,BASTROP,10,Octubre,9,2022,18,16,HENRY AVENUE,6,Calle Local Municipalidad,Urbano,Local,City or Municipal Highway Agency,0,Sin jurisdiccion especial,0,32.76856111,-91.92515,Vehiculo en movimiento,Angulo,Four-Way Intersection,Interseccion de 4 direcciones,Sobre calle,Ninguna,Dia total,Despejado,No,NO APLICA,99,99,99,99,1,09/10/2022,5
22,Louisiana,220592,1,1,1,0,17,CADDO (17),2130,SHREVEPORT,10,Octubre,9,2022,21,23,I-20,1,Interestatal,Urbano,Interestatal,State Highway Agency,1,Sin jurisdiccion especial,148,32.47218333,-93.79796667,Peaton,El primer evento no fue una colision con un vehiculo automotor en transporte,Not an Intersection,No fue interseccion,Sobre calle,Ninguna,Oscuro con iluminacion,Despejado,No,NO APLICA,99,99,99,99,1,09/10/2022,1
22,Louisiana,220593,0,0,1,0,105,TANGIPAHOA (105),0,NO APLICA,10,Octubre,9,2022,21,25,SR-1054,3,Highway estatal,Rural,Colector Menor,State Highway Agency,0,Sin jurisdiccion especial,217,30.89415,-90.47938333,Arbol,El primer evento no fue una colision con un vehiculo automotor en transporte,Not an Intersection,No fue interseccion,Sobre el lado de la calle,Ninguna,Oscuro sin iluminacion,Despejado,No,NO APLICA,99,99,99,99,1,09/10/2022,1
22,Louisiana,220594,0,0,1,0,91,ST. HELENA (91),0,NO APLICA,10,Octubre,10,2022,0,39,SR-16,3,Highway estatal,Rural,Arteria Menor,State Highway Agency,0,Sin jurisdiccion especial,465,30.70998333,-90.75390556,Poste,El primer evento no fue una colision con un vehiculo automotor en transporte,Not an Intersection,No fue interseccion,Sobre el lado de la calle,Ninguna,Oscuro con iluminacion,Despejado,No,NO APLICA,99,99,99,99,1,10/10/2022,1
22,Louisiana,220596,0,0,3,0,113,VERMILION (113),0,NO APLICA,11,Noviembre,10,2022,5,25,US-167,2,US Highway,Rural,Arterial Principal -Freeway o ExpressWay,State Highway Agency,1,Sin jurisdiccion especial,48,30.040475,-92.1238,Vehiculo en movimiento,Frente a Detrás,Not an Intersection,No fue interseccion,Sobre calle,Ninguna,Oscuro sin iluminacion,Despejado,No,NO APLICA,99,99,99,99,1,10/11/2022,3
22,Louisiana,220597,1,1,1,0,71,ORLEANS (71),1690,NEW ORLEANS,10,Octubre,10,2022,1,13,US-90,2,US Highway,Urbano,Arteria Principal,State Highway Agency,1,Sin jurisdiccion especial,2666,30.01343611,-89.99308611,Ciclista,El primer evento no fue una colision con un vehiculo automotor en transporte,T-Intersection,Interseccion de T,Sobre calle,Ninguna,Oscuro con iluminacion,Despejado,No,NO APLICA,99,99,99,99,1,10/10/2022,1
22,Louisiana,220598,0,0,2,0,71,ORLEANS (71),1690,NEW ORLEANS,10,Octubre,10,2022,22,32,BENEFIT STREET,6,Calle Local Municipalidad,Urbano,Local,City or Municipal Highway Agency,0,Sin jurisdiccion especial,0,29.98951389,-90.03367778,Vehiculo en movimiento,Angulo,Four-Way Intersection,Interseccion de 4 direcciones,Sobre calle,Ninguna,Oscuro con iluminacion,Despejado,No,NO APLICA,22,99,22,99,1,10/10/2022,3
22,Louisiana,220599,1,1,1,0,33,EAST BATON ROUGE (33),150,BATON ROUGE,9,Septiembre,11,2022,4,58,SR-30,3,Highway estatal,Urbano,Arteria Principal,State Highway Agency,1,Sin jurisdiccion especial,33,30.39671111,-91.17798611,Peaton,El primer evento no fue una colision con un vehiculo automotor en transporte,Four-Way Intersection,Interseccion de 4 direcciones,Sobre calle,Ninguna,Oscuro con iluminacion,Despejado,No,NO APLICA,99,99,99,99,1,11/09/2022,1
22,Louisiana,220600,0,0,2,0,5,ASCENSION (5),0,NO APLICA,9,Septiembre,6,2022,22,0,SR-44,3,Highway estatal,Urbano,Arteria Principal,State Highway Agency,1,Sin jurisdiccion especial,27,30.28413611,-90.92142222,Vehiculo en movimiento,Angulo,Not an Intersection,No fue interseccion,Sobre calle,Ninguna,Oscuro sin iluminacion,Despejado,No,NO APLICA,99,99,99,99,1,06/09/2022,3
22,Louisiana,220601,0,0,2,0,19,CALCASIEU (19),2330,VINTON,9,Septiembre,15,2022,0,36,I-10,1,Interestatal,Urbano,Interestatal,State Highway Agency,1,Sin jurisdiccion especial,77,30.17440278,-93.59165556,Vehiculo en movimiento,Frente a frente,Not an Intersection,No fue interseccion,Sobre calle,Construccion,Oscuro sin iluminacion,Despejado,No,NO APLICA,99,99,99,99,1,15/09/2022,2
22,Louisiana,220602,0,0,3,0,33,EAST BATON ROUGE (33),150,BATON ROUGE,9,Septiembre,23,2022,20,13,ASTER STREET,6,Calle Local Municipalidad,Urbano,Local,City or Municipal Highway Agency,0,Sin jurisdiccion especial,0,30.4196,-91.18755278,Vehiculo en movimiento,Angulo,Four-Way Intersection,Interseccion de 4 direcciones,Sobre calle,Ninguna,Oscuro sin iluminacion,Despejado,No,NO APLICA,99,99,99,99,1,23/09/2022,4
22,Louisiana,220603,0,0,2,0,57,LAFOURCHE (57),0,NO APLICA,10,Octubre,11,2022,12,9,SR-01,3,Highway estatal,Rural,Arteria Menor,State Highway Agency,0,Sin jurisdiccion especial,393,29.45773333,-90.30779444,Vehiculo en movimiento,Frente a Detrás,Four-Way Intersection,Interseccion de 4 direcciones,Sobre calle,Ninguna,Dia total,Despejado,No,NO APLICA,99,99,99,99,1,11/10/2022,2
22,Louisiana,220604,0,0,2,0,95,ST. JOHN THE BAPTIST (95),0,NO APLICA,10,Octubre,11,2022,16,59,US-61,2,US Highway,Urbano,Arteria Principal,State Highway Agency,1,Sin jurisdiccion especial,288,30.07767222,-90.52951111,Vehiculo en movimiento,Frente a frente,Not an Intersection,No fue interseccion,Sobre calle,Ninguna,Dia total,Despejado,No,NO APLICA,99,99,99,99,1,11/10/2022,4
22,Louisiana,220605,0,0,1,0,41,FRANKLIN (41),2450,WINNSBORO,10,Octubre,11,2022,18,19,LOFLIN ROAD,6,Calle Local Municipalidad,Urbano,Local,City or Municipal Highway Agency,0,Sin jurisdiccion especial,0,32.13043611,-91.78905,Zanja,El primer evento no fue una colision con un vehiculo automotor en transporte,Not an Intersection,No fue interseccion,Sobre el lado de la calle,Ninguna,Dia total,Despejado,No,NO APLICA,18,19,18,25,1,11/10/2022,1
22,Louisiana,220606,0,0,4,3,51,JEFFERSON (51),0,NO APLICA,10,Octubre,12,2022,6,12,US-61,2,US Highway,Urbano,Arteria Principal,State Highway Agency,1,Sin jurisdiccion especial,48,29.97516667,-90.16915833,Vehiculo Aparcado,El primer evento no fue una colision con un vehiculo automotor en transporte,Not an Intersection,No fue interseccion,En estacionamiento,Ninguna,Oscuro con iluminacion,Despejado,No,NO APLICA,99,99,99,99,1,12/10/2022,1
22,Louisiana,220607,0,0,2,0,63,LIVINGSTON (63),1947,PORT VINCENT,10,Octubre,12,2022,11,10,SR-16,3,Highway estatal,Rural,Arteria Menor,State Highway Agency,0,Sin jurisdiccion especial,66,30.32743611,-90.82440278,Vehiculo en movimiento,Angulo,Not an Intersection,No fue interseccion,Sobre calle,Ninguna,Dia total,Despejado,No,NO APLICA,99,99,99,99,1,12/10/2022,2
22,Louisiana,220608,1,1,1,0,17,CADDO (17),2130,SHREVEPORT,10,Octubre,12,2022,19,22,SR-511,3,Highway estatal,Urbano,Arteria Principal,State Highway Agency,1,Sin jurisdiccion especial,124,32.44198333,-93.74910278,Peaton,El primer evento no fue una colision con un vehiculo automotor en transporte,Not an Intersection,No fue interseccion,Sobre calle,Ninguna,Oscuro con iluminacion,Despejado,No,NO APLICA,99,99,99,99,1,12/10/2022,1
22,Louisiana,220609,0,0,1,0,33,EAST BATON ROUGE (33),0,NO APLICA,10,Octubre,13,2022,1,3,CR-TUCKER ROAD,4,Calle del Condado,Rural,Local,County Highway Agency,0,Sin jurisdiccion especial,0,30.6517,-91.08956111,Zanja,El primer evento no fue una colision con un vehiculo automotor en transporte,Not an Intersection,No fue interseccion,Sobre el lado de la calle,Ninguna,Oscuro sin iluminacion,Nublado,No,NO APLICA,1,6,1,24,1,13/10/2022,2
22,Louisiana,220610,0,0,1,0,79,RAPIDES (79),0,NO APLICA,10,Octubre,13,2022,6,25,SR-1207,3,Highway estatal,Rural,Colector Menor,State Highway Agency,0,Sin jurisdiccion especial,67,31.35261111,-92.131925,Acotamiento,El primer evento no fue una colision con un vehiculo automotor en transporte,Not an Intersection,No fue interseccion,Sobre el lado de la calle,Ninguna,Oscuro sin iluminacion,Nublado,No,NO APLICA,99,99,99,99,1,13/10/2022,1
22,Louisiana,220611,0,0,2,0,95,ST. JOHN THE BAPTIST (95),0,NO APLICA,10,Octubre,13,2022,12,22,SR-3127,3,Highway estatal,Rural,Arteria Menor,State Highway Agency,0,Sin jurisdiccion especial,226,29.997575,-90.65208333,Vehiculo en movimiento,Angulo,Not an Intersection,No fue interseccion,Sobre calle,Ninguna,Dia total,Despejado,No,NO APLICA,99,99,99,99,1,13/10/2022,2
22,Louisiana,220612,1,1,1,0,79,RAPIDES (79),40,ALEXANDRIA,10,Octubre,15,2022,3,32,US-167,2,US Highway,Rural,Arteria Principal,State Highway Agency,1,Sin jurisdiccion especial,30,31.28163333,-92.44862222,Peaton,El primer evento no fue una colision con un vehiculo automotor en transporte,Not an Intersection,No fue interseccion,Sobre calle,Ninguna,Otra,Despejado,No,NO APLICA,99,99,99,99,1,15/10/2022,1
22,Louisiana,220613,1,1,2,0,57,LAFOURCHE (57),2250,THIBODAUX,10,Octubre,15,2022,18,50,SR-3107,3,Highway estatal,Urbano,Arteria Menor,State Highway Agency,0,Sin jurisdiccion especial,0,29.77726111,-90.82311667,Ciclista,El primer evento no fue una colision con un vehiculo automotor en transporte,Y-Intersection,Interseccion de Y,Sobre calle,Ninguna,Oscuro con iluminacion,Despejado,No,NO APLICA,99,99,99,99,1,15/10/2022,3
22,Louisiana,220614,0,0,1,0,119,WEBSTER (119),0,NO APLICA,10,Octubre,15,2022,23,0,SR-527,3,Highway estatal,Rural,Colector Mayor,State Highway Agency,0,Sin jurisdiccion especial,119,32.42457778,-93.41166944,Poste de Señal de trafico,El primer evento no fue una colision con un vehiculo automotor en transporte,Not an Intersection,No fue interseccion,Sobre el lado de la calle,Ninguna,Oscuro sin iluminacion,Despejado,No,NO APLICA,99,99,99,99,1,15/10/2022,1
22,Louisiana,220615,0,0,3,0,53,JEFFERSON DAVIS (53),0,NO APLICA,11,Noviembre,10,2022,14,31,US-90,2,US Highway,Urbano,Arteria Principal,State Highway Agency,1,Sin jurisdiccion especial,655,30.23152778,-92.66335,Vehiculo en movimiento,Angulo,T-Intersection,Interseccion de T,Sobre calle,Ninguna,Dia total,Despejado,No,NO APLICA,99,99,99,99,1,10/11/2022,4
22,Louisiana,220616,0,0,1,0,39,EVANGELINE (39),1390,MAMOU,7,Julio,31,2022,19,37,SR-95,3,Highway estatal,Rural,Colector Menor,State Highway Agency,0,Sin jurisdiccion especial,419,30.62653056,-92.41408056,Zanja,El primer evento no fue una colision con un vehiculo automotor en transporte,Not an Intersection,No fue interseccion,Sobre el lado de la calle,Ninguna,Dia total,Despejado,No,NO APLICA,19,39,19,46,1,31/07/2022,1
22,Louisiana,220617,0,0,1,0,73,OUACHITA (73),0,NO APLICA,8,Agosto,26,2022,18,6,SR-557,3,Highway estatal,Rural,Colector Mayor,State Highway Agency,0,Sin jurisdiccion especial,138,32.40034444,-92.20136111,Zanja,El primer evento no fue una colision con un vehiculo automotor en transporte,Not an Intersection,No fue interseccion,Sobre el lado de la calle,Ninguna,Dia total,Nublado,No,NO APLICA,18,7,18,21,1,26/08/2022,2
22,Louisiana,220618,1,1,1,0,7,ASSUMPTION (7),0,NO APLICA,10,Octubre,16,2022,2,30,SR-998,3,Highway estatal,Urbano,Local,State Highway Agency,0,Sin jurisdiccion especial,3,30.052375,-91.04471389,Peaton,El primer evento no fue una colision con un vehiculo automotor en transporte,Not an Intersection,No fue interseccion,Sobre calle,Ninguna,Oscuro con iluminacion,Despejado,No,NO APLICA,99,98,99,98,1,16/10/2022,1
22,Louisiana,220619,1,1,1,0,19,CALCASIEU (19),1250,LAKE CHARLES,10,Octubre,16,2022,4,29,1ST AVENUE,6,Calle Local Municipalidad,Urbano,Local,City or Municipal Highway Agency,0,Sin jurisdiccion especial,0,30.22451944,-93.20156111,Peaton,El primer evento no fue una colision con un vehiculo automotor en transporte,Not an Intersection,No fue interseccion,"Fuera de la calle, ubicacion desconocida",Ninguna,Oscuro con iluminacion,Despejado,No,NO APLICA,99,98,99,98,1,16/10/2022,1
22,Louisiana,220620,1,1,2,0,71,ORLEANS (71),1690,NEW ORLEANS,10,Octubre,16,2022,20,11,US-90,2,US Highway,Urbano,Arteria Principal,State Highway Agency,1,Sin jurisdiccion especial,2666,30.013675,-89.99174722,Peaton,El primer evento no fue una colision con un vehiculo automotor en transporte,Not an Intersection,No fue interseccion,Sobre calle,Ninguna,Oscuro sin iluminacion,Despejado,No,NO APLICA,99,98,99,98,1,16/10/2022,2
22,Louisiana,220621,0,0,1,0,57,LAFOURCHE (57),0,NO APLICA,10,Octubre,17,2022,0,44,SR-1,3,Highway estatal,Urbano,Arteria Menor,State Highway Agency,0,Sin jurisdiccion especial,539,29.58935833,-90.45476389,Volcadura,El primer evento no fue una colision con un vehiculo automotor en transporte,Not an Intersection,No fue interseccion,Sobre el lado de la calle,Ninguna,Oscuro con iluminacion,Despejado,No,NO APLICA,99,99,99,99,1,17/10/2022,1
22,Louisiana,220623,0,0,3,2,105,TANGIPAHOA (105),0,NO APLICA,10,Octubre,17,2022,16,34,CR-SOUTH RANGE ROAD,4,Calle del Condado,Rural,Local,County Highway Agency,0,Sin jurisdiccion especial,0,30.46718889,-90.44817778,Poste de Señal de trafico,El primer evento no fue una colision con un vehiculo automotor en transporte,Not an Intersection,No fue interseccion,Sobre el lado de la calle,Ninguna,Dia total,Despejado,No,NO APLICA,99,99,99,99,1,17/10/2022,1
22,Louisiana,220624,0,0,2,0,97,ST. LANDRY (97),0,NO APLICA,10,Octubre,17,2022,17,46,CR-DUPRE ROAD,4,Calle del Condado,Rural,Local,County Highway Agency,0,Sin jurisdiccion especial,0,30.59686667,-92.17662778,Vehiculo en movimiento,Angulo,T-Intersection,Interseccion de T,Sobre calle,Ninguna,Dia total,Despejado,No,NO APLICA,99,99,99,99,1,17/10/2022,2
22,Louisiana,220625,1,1,2,0,55,LAFAYETTE (55),0,NO APLICA,10,Octubre,17,2022,20,21,WEST CONGRESS STREET,6,Calle Local Municipalidad,Rural,Local,City or Municipal Highway Agency,0,Sin jurisdiccion especial,0,30.19597778,-92.10500278,Peaton,El primer evento no fue una colision con un vehiculo automotor en transporte,Not an Intersection,No fue interseccion,Sobre calle,Ninguna,Oscuro sin iluminacion,Despejado,No,NO APLICA,99,98,99,98,1,17/10/2022,3
22,Louisiana,220626,0,0,1,0,19,CALCASIEU (19),0,NO APLICA,10,Octubre,18,2022,17,21,CR-OLD RIVER ROAD,4,Calle del Condado,Rural,Local,County Highway Agency,0,Sin jurisdiccion especial,0,30.38858889,-93.69838056,Otro objeto (no fijo),El primer evento no fue una colision con un vehiculo automotor en transporte,Not an Intersection,No fue interseccion,Sobre calle,Ninguna,Dia total,Despejado,No,NO APLICA,99,99,99,99,1,18/10/2022,1
22,Louisiana,220627,0,0,2,0,39,EVANGELINE (39),0,NO APLICA,10,Octubre,19,2022,9,0,SR-115,3,Highway estatal,Rural,Colector Menor,State Highway Agency,0,Sin jurisdiccion especial,122,30.95420278,-92.28624722,Vehiculo en movimiento,Frente a Detrás,Not an Intersection,No fue interseccion,Sobre calle,Ninguna,Dia total,Despejado,No,NO APLICA,99,98,99,98,1,19/10/2022,2
22,Louisiana,220629,0,0,1,0,69,NATCHITOCHES (69),0,NO APLICA,10,Octubre,20,2022,5,50,US-71,2,US Highway,Rural,Arteria Menor,State Highway Agency,0,Sin jurisdiccion especial,1374,31.95393333,-93.1638,Culvert,El primer evento no fue una colision con un vehiculo automotor en transporte,Not an Intersection,No fue interseccion,Sobre el lado de la calle,Ninguna,Oscuro sin iluminacion,Despejado,No,NO APLICA,99,99,99,99,1,20/10/2022,1
22,Louisiana,220630,0,0,2,0,57,LAFOURCHE (57),0,NO APLICA,10,Octubre,20,2022,6,41,US-90,2,US Highway,Rural,Arteria Principal,State Highway Agency,1,Sin jurisdiccion especial,2198,29.75835833,-90.55369167,Vehiculo en movimiento,Angulo,T-Intersection,Interseccion de T,Sobre calle,Ninguna,Amanecer,Despejado,No,NO APLICA,99,99,99,99,1,20/10/2022,2
22,Louisiana,220631,0,0,2,0,55,LAFAYETTE (55),1230,LAFAYETTE,10,Octubre,20,2022,10,31,CAMELLIA ROAD,6,Calle Local Municipalidad,Urbano,Local,City or Municipal Highway Agency,0,Sin jurisdiccion especial,0,30.19179167,-92.05645833,Volcadura,El primer evento no fue una colision con un vehiculo automotor en transporte,Four-Way Intersection,Interseccion de 4 direcciones,Sobre calle,Ninguna,Dia total,Despejado,No,NO APLICA,99,98,99,98,1,20/10/2022,2
22,Louisiana,220632,1,1,1,0,33,EAST BATON ROUGE (33),0,NO APLICA,10,Octubre,20,2022,10,46,CR-ONEAL LANE,4,Calle del Condado,Rural,Local,County Highway Agency,0,Sin jurisdiccion especial,0,30.46604722,-91.01006111,Peaton,El primer evento no fue una colision con un vehiculo automotor en transporte,Four-Way Intersection,Interseccion de 4 direcciones,Sobre calle,Ninguna,Dia total,Despejado,No,NO APLICA,10,46,10,48,1,20/10/2022,1
22,Louisiana,220633,0,0,1,0,105,TANGIPAHOA (105),0,NO APLICA,10,Octubre,20,2022,13,34,CR-PONDERS QUARTERS LANE,4,Calle del Condado,Rural,Local,County Highway Agency,0,Sin jurisdiccion especial,0,30.68707222,-90.50800278,Vehiculo Ferrocarril,El primer evento no fue una colision con un vehiculo automotor en transporte,Not an Intersection,No fue interseccion,Sobre calle,Ninguna,Dia total,Despejado,No,300170X,99,99,99,99,1,20/10/2022,2
22,Louisiana,220634,0,0,1,0,97,ST. LANDRY (97),0,NO APLICA,10,Octubre,20,2022,22,26,CR-BEARB ROAD,4,Calle del Condado,Rural,Local,County Highway Agency,0,Sin jurisdiccion especial,0,30.37137222,-92.15037778,Barda,El primer evento no fue una colision con un vehiculo automotor en transporte,T-Intersection,Interseccion de T,Sobre el lado de la calle,Ninguna,Oscuro sin iluminacion,Despejado,No,NO APLICA,99,99,99,99,1,20/10/2022,1
22,Louisiana,220635,0,0,1,0,115,VERNON (115),0,NO APLICA,10,Octubre,20,2022,23,10,SR-1146,3,Highway estatal,Rural,Colector Mayor,State Highway Agency,0,Sin jurisdiccion especial,48,30.91221667,-93.23570278,Arbol,El primer evento no fue una colision con un vehiculo automotor en transporte,Not an Intersection,No fue interseccion,Sobre el lado de la calle,Ninguna,Oscuro sin iluminacion,Despejado,No,NO APLICA,99,98,99,98,1,20/10/2022,1
22,Louisiana,220636,0,0,1,0,117,WASHINGTON (117),0,NO APLICA,10,Octubre,21,2022,2,35,SR-16,3,Highway estatal,Rural,Arteria Menor,State Highway Agency,0,Sin jurisdiccion especial,247,30.82729167,-90.17528611,Arbol,El primer evento no fue una colision con un vehiculo automotor en transporte,Not an Intersection,No fue interseccion,Sobre el lado de la calle,Ninguna,Oscuro sin iluminacion,Despejado,No,NO APLICA,99,98,99,98,1,21/10/2022,1
22,Louisiana,220637,1,1,1,0,5,ASCENSION (5),0,NO APLICA,10,Octubre,19,2022,22,23,US-61,2,US Highway,Urbano,Arteria Principal,State Highway Agency,1,Sin jurisdiccion especial,637,30.32860556,-90.98291667,Peaton,El primer evento no fue una colision con un vehiculo automotor en transporte,Not an Intersection,No fue interseccion,Sobre calle,Ninguna,Oscuro sin iluminacion,Despejado,No,NO APLICA,99,99,99,99,1,19/10/2022,1
22,Louisiana,220638,0,0,1,0,17,CADDO (17),0,NO APLICA,10,Octubre,22,2022,22,9,SR-1,3,Highway estatal,Rural,Arteria Menor,State Highway Agency,9,Reservacion India,3754,32.35058333,-93.62766111,Arbol,El primer evento no fue una colision con un vehiculo automotor en transporte,Not an Intersection,No fue interseccion,Sobre el lado de la calle,Ninguna,Oscuro sin iluminacion,Despejado,No,NO APLICA,88,88,88,88,1,22/10/2022,1
22,Louisiana,220639,0,0,1,0,71,ORLEANS (71),1690,NEW ORLEANS,10,Octubre,22,2022,0,12,I-10,1,Interestatal,Urbano,Interestatal,State Highway Agency,1,Sin jurisdiccion especial,2347,29.95635278,-90.09196944,Puente de Ferrocarril,El primer evento no fue una colision con un vehiculo automotor en transporte,L-Intersection,Interseccion en L,Sobre el lado de la calle,Ninguna,Oscuro con iluminacion,Despejado,No,NO APLICA,99,99,99,99,1,22/10/2022,1
22,Louisiana,220640,0,0,1,0,51,JEFFERSON (51),9898,Not Reported,10,Octubre,23,2022,4,30,SR-611,3,Highway estatal,Urbano,Arteria Menor,State Highway Agency,0,Sin jurisdiccion especial,20,29.95751944,-90.14051944,Otro objeto (no fijo),El primer evento no fue una colision con un vehiculo automotor en transporte,Not an Intersection,No fue interseccion,Fuera de la calle,Ninguna,Oscuro con iluminacion,Despejado,No,NO APLICA,99,99,99,99,1,23/10/2022,1
22,Louisiana,220641,0,0,2,0,101,ST. MARY (101),0,NO APLICA,10,Octubre,23,2022,14,26,SR-182,3,Highway estatal,Urbano,Arteria Menor,State Highway Agency,0,Sin jurisdiccion especial,531,29.69709444,-91.21318611,Vehiculo en movimiento,Frente a frente,Not an Intersection,No fue interseccion,Sobre calle,Ninguna,Dia total,Despejado,No,NO APLICA,88,88,88,88,1,23/10/2022,2
22,Louisiana,220642,0,0,2,0,99,ST. MARTIN (99),0,NO APLICA,10,Octubre,23,2022,18,35,SR-70,3,Highway estatal,Rural,Arteria Menor,State Highway Agency,0,Sin jurisdiccion especial,56,29.74206944,-91.17568333,Vehiculo en movimiento,Angulo,Not an Intersection,No fue interseccion,Sobre calle,Ninguna,Atardecer,Despejado,No,NO APLICA,18,36,99,99,2,23/10/2022,3
22,Louisiana,220643,0,0,1,0,39,EVANGELINE (39),0,NO APLICA,10,Octubre,23,2022,19,27,SR-115,3,Highway estatal,Rural,Colector Menor,State Highway Agency,0,Sin jurisdiccion especial,61,30.90310833,-92.30473889,Arbol,El primer evento no fue una colision con un vehiculo automotor en transporte,Not an Intersection,No fue interseccion,Sobre el lado de la calle,Ninguna,Oscuro sin iluminacion,Despejado,No,NO APLICA,19,34,20,7,1,23/10/2022,2
22,Louisiana,220644,0,0,1,0,71,ORLEANS (71),1690,NEW ORLEANS,10,Octubre,23,2022,4,40,SR-39,3,Highway estatal,Urbano,Arteria Principal,State Highway Agency,1,Sin jurisdiccion especial,508,29.96492778,-90.00980833,Arbol,El primer evento no fue una colision con un vehiculo automotor en transporte,Four-Way Intersection,Interseccion de 4 direcciones,Fuera de la calle,Ninguna,Oscuro - iluminacion desconocida,Despejado,No,NO APLICA,88,88,88,88,1,23/10/2022,1