Estado,Nombre de Estado,Numero de Caso,Peatones,Personas _no_vehiculos,Vehiculos automotores,Vehiculos estacionados,Condado,Nombre Condado,Ciudad,Nombre Ciudad,Mes,Nombre Mes,Dia,Año,Hora,Minuto,Calle,Ruta,Nombre Ruta,Rural o Urbanoo,Sistema Funcional,Dueño Calle,Sistema Nacional Carreteras,Jurisdiccion Especial,Milla,Latitud,Longitud,Causa del Accidente,Tipo de Accidente,Tipo Interseccion,Columna1,Lugar en la calle,Zona de Trabajo,Luz,Clima,Autobus Escolar,Cruce de Trenes,Hora Notificacion,Minuto Notificacion,Hora Llegada,Minuto Llegada,Decesos,Fecha,PersonaVehiculo
22,Louisiana,220645,0,0,2,0,55,LAFAYETTE (55),0,NO APLICA,10,Octubre,24,2022,19,43,US-167,2,US Highway,Urbano,Arteria Principal,State Highway Agency,1,Sin jurisdiccion especial,115,30.13261111,-92.10876944,Vehiculo en movimiento,Angulo,Four-Way Intersection,Interseccion de 4 direcciones,Sobre calle,Ninguna,Oscuro con iluminacion,Despejado,No,NO APLICA,99,99,99,99,1,24/10/2022,3
22,Louisiana,220646,1,1,1,0,99,ST. MARTIN (99),0,NO APLICA,10,Octubre,25,2022,2,3,I-10,1,Interestatal,Urbano,Interestatal,State Highway Agency,1,Sin jurisdiccion especial,7,30.285375,-91.93912222,Peaton,El primer evento no fue una colision con un vehiculo automotor en transporte,Not an Intersection,No fue interseccion,Sobre calle,Ninguna,Otra,Despejado,No,NO APLICA,99,99,99,99,1,25/10/2022,2
22,Louisiana,220647,0,0,1,0,109,TERREBONNE (109),0,NO APLICA,10,Octubre,23,2022,15,4,SR-24,3,Highway estatal,Urbano,Arteria Menor,State Highway Agency,0,Sin jurisdiccion especial,0,29.547425,-90.58708611,Poste o otros soportes,El primer evento no fue una colision con un vehiculo automotor en transporte,T-Intersection,Interseccion de T,Sobre el lado de la calle,Ninguna,Dia total,Despejado,No,NO APLICA,99,99,99,99,1,23/10/2022,1
22,Louisiana,220648,0,0,1,0,51,JEFFERSON (51),0,NO APLICA,8,Agosto,28,2022,20,40,CR-DESTRAHAN AVE,4,Calle del Condado,Rural,Local,County Highway Agency,0,Sin jurisdiccion especial,0,29.89496111,-90.08069167,Banqueta,El primer evento no fue una colision con un vehiculo automotor en transporte,Not an Intersection,No fue interseccion,Sobre el lado de la calle,Ninguna,Oscuro sin iluminacion,Despejado,No,NO APLICA,99,99,99,99,1,28/08/2022,1
22,Louisiana,220649,0,0,1,0,33,EAST BATON ROUGE (33),150,BATON ROUGE,9,Septiembre,4,2022,16,24,SR-427,3,Highway estatal,Urbano,Arteria Principal,State Highway Agency,1,Sin jurisdiccion especial,10,30.42794722,-91.15209444,Barda,El primer evento no fue una colision con un vehiculo automotor en transporte,Not an Intersection,No fue interseccion,Sobre el lado de la calle,Ninguna,Dia total,lluvia,No,NO APLICA,99,99,99,99,1,04/09/2022,1
22,Louisiana,220650,0,0,2,0,19,CALCASIEU (19),0,NO APLICA,9,Septiembre,20,2022,6,25,US-171,2,US Highway,Urbano,Arteria Principal,State Highway Agency,1,Sin jurisdiccion especial,59,30.31744444,-93.19913611,Vehiculo en movimiento,Angulo,T-Intersection,Interseccion de T,Sobre calle,Ninguna,Dia total,Despejado,No,NO APLICA,99,99,99,99,1,20/09/2022,2
22,Louisiana,220651,0,0,2,0,63,LIVINGSTON (63),0,NO APLICA,10,Octubre,18,2022,15,27,SR-1024,3,Highway estatal,Rural,Colector Menor,State Highway Agency,0,Sin jurisdiccion especial,77,30.561475,-90.85435833,Vehiculo en movimiento,Angulo,Four-Way Intersection,Interseccion de 4 direcciones,Sobre calle,Ninguna,Dia total,Despejado,No,NO APLICA,99,99,99,99,1,18/10/2022,2
22,Louisiana,220652,0,0,1,0,105,TANGIPAHOA (105),0,NO APLICA,10,Octubre,22,2022,21,42,I-55,1,Interestatal,Urbano,Interestatal,State Highway Agency,1,Sin jurisdiccion especial,286,30.46794722,-90.48159167,Acotamiento,El primer evento no fue una colision con un vehiculo automotor en transporte,Not an Intersection,No fue interseccion,Sobre el lado de la calle,Ninguna,Oscuro sin iluminacion,Despejado,No,NO APLICA,99,99,99,99,1,22/10/2022,1
22,Louisiana,220653,1,1,1,0,71,ORLEANS (71),1690,NEW ORLEANS,10,Octubre,23,2022,21,57,US-90,2,US Highway,Urbano,Arteria Principal,State Highway Agency,1,Sin jurisdiccion especial,2574,29.94568333,-90.08889722,Peaton,El primer evento no fue una colision con un vehiculo automotor en transporte,Not an Intersection,No fue interseccion,Sobre calle,Ninguna,Oscuro con iluminacion,Despejado,No,NO APLICA,99,99,99,99,1,23/10/2022,1
22,Louisiana,220654,1,1,1,0,79,RAPIDES (79),0,NO APLICA,10,Octubre,25,2022,5,5,SR-28,3,Highway estatal,Urbano,Arteria Principal,State Highway Agency,1,Sin jurisdiccion especial,447,31.29603889,-92.54207778,Peaton,El primer evento no fue una colision con un vehiculo automotor en transporte,Not an Intersection,No fue interseccion,Sobre calle,Ninguna,Oscuro sin iluminacion,lluvia,No,NO APLICA,99,99,99,99,1,25/10/2022,1
22,Louisiana,220655,0,0,2,0,103,ST. TAMMANY (103),0,NO APLICA,10,Octubre,15,2022,16,25,SR-1077,3,Highway estatal,Rural,Colector Mayor,County Highway Agency,0,Sin jurisdiccion especial,167,30.58475556,-90.22275556,Vehiculo en movimiento,Angulo,Not an Intersection,No fue interseccion,Sobre calle,Ninguna,Dia total,Despejado,No,NO APLICA,99,99,99,99,1,15/10/2022,3
22,Louisiana,220656,0,0,2,0,33,EAST BATON ROUGE (33),150,BATON ROUGE,10,Octubre,26,2022,6,39,US-61,2,US Highway,Urbano,Arteria Principal,State Highway Agency,1,Sin jurisdiccion especial,3,30.45199722,-91.10146111,Vehiculo en movimiento,Angulo,T-Intersection,Interseccion de T,Sobre calle,Ninguna,Oscuro con iluminacion,Despejado,Yes,NO APLICA,99,99,99,99,1,26/10/2022,12
22,Louisiana,220657,0,0,2,1,57,LAFOURCHE (57),0,NO APLICA,10,Octubre,27,2022,14,4,SR-308,3,Highway estatal,Urbano,Colector Mayor,State Highway Agency,0,Sin jurisdiccion especial,698,29.550175,-90.34456389,Vehiculo Aparcado,El primer evento no fue una colision con un vehiculo automotor en transporte,Not an Intersection,No fue interseccion,Sobre Acotamiento,Ninguna,Dia total,Despejado,No,NO APLICA,99,99,99,99,1,27/10/2022,1
22,Louisiana,220658,0,0,2,0,21,CALDWELL (21),0,NO APLICA,10,Octubre,27,2022,17,3,SR-126,3,Highway estatal,Urbano,Arteria Menor,State Highway Agency,0,Sin jurisdiccion especial,536,32.06586667,-92.16555833,Otra no colicion,El primer evento no fue una colision con un vehiculo automotor en transporte,T-Intersection,Interseccion de T,Sobre calle,Ninguna,Dia total,Despejado,No,NO APLICA,99,99,99,99,1,27/10/2022,7
22,Louisiana,220659,0,0,1,0,105,TANGIPAHOA (105),0,NO APLICA,10,Octubre,28,2022,17,29,CR-S LEWISTON ROAD,4,Calle del Condado,Rural,Local,County Highway Agency,0,Sin jurisdiccion especial,0,30.92415278,-90.41445,Culvert,El primer evento no fue una colision con un vehiculo automotor en transporte,Not an Intersection,No fue interseccion,Sobre el lado de la calle,Ninguna,Dia total,Despejado,No,NO APLICA,99,99,99,99,1,28/10/2022,1
22,Louisiana,220660,1,1,1,0,17,CADDO (17),0,NO APLICA,10,Octubre,29,2022,22,40,CR-MAYO ROAD,4,Calle del Condado,Rural,Local,County Highway Agency,0,Sin jurisdiccion especial,0,32.37659167,-93.75230833,Ciclista,El primer evento no fue una colision con un vehiculo automotor en transporte,Not an Intersection,No fue interseccion,Sobre calle,Ninguna,Oscuro sin iluminacion,Despejado,No,NO APLICA,99,99,99,99,1,29/10/2022,1
22,Louisiana,220661,0,0,1,0,47,IBERVILLE (47),0,NO APLICA,10,Octubre,29,2022,23,35,SR-77,3,Highway estatal,Rural,Colector Mayor,State Highway Agency,0,Sin jurisdiccion especial,279,30.47322778,-91.49883056,Volcadura,El primer evento no fue una colision con un vehiculo automotor en transporte,Not an Intersection,No fue interseccion,Sobre el lado de la calle,Ninguna,Oscuro sin iluminacion,Despejado,No,NO APLICA,99,99,99,99,1,29/10/2022,2
22,Louisiana,220662,0,0,2,0,19,CALCASIEU (19),0,NO APLICA,10,Octubre,30,2022,4,58,SR-378,3,Highway estatal,Rural,Arteria Principal,State Highway Agency,1,Sin jurisdiccion especial,57,30.30076389,-93.23328889,Vehiculo en movimiento,Frente a Detrás,Not an Intersection,No fue interseccion,Sobre calle,Ninguna,Oscuro sin iluminacion,Despejado,No,NO APLICA,99,99,99,99,1,30/10/2022,2
22,Louisiana,220663,0,0,2,0,69,NATCHITOCHES (69),0,NO APLICA,10,Octubre,31,2022,7,2,US-84,2,US Highway,Rural,Arteria Principal,State Highway Agency,1,Sin jurisdiccion especial,744,31.81946111,-92.99071389,Vehiculo en movimiento,Angulo,Not an Intersection,No fue interseccion,Sobre calle,Ninguna,Amanecer,Despejado,No,NO APLICA,99,99,99,99,1,31/10/2022,2
22,Louisiana,220664,0,0,1,0,127,WINN (127),0,NO APLICA,10,Octubre,31,2022,7,25,US-71,2,US Highway,Rural,Arteria Menor,State Highway Agency,0,Sin jurisdiccion especial,1195,31.76797222,-92.96881111,Puente de Ferrocarril,El primer evento no fue una colision con un vehiculo automotor en transporte,Not an Intersection,No fue interseccion,Sobre el lado de la calle,Ninguna,Dia total,Despejado,No,NO APLICA,99,98,99,98,1,31/10/2022,1
22,Louisiana,220665,1,1,1,0,105,TANGIPAHOA (105),0,NO APLICA,11,Noviembre,2,2022,2,0,SR-1040,3,Highway estatal,Urbano,Colector Mayor,State Highway Agency,0,Sin jurisdiccion especial,26,30.48616111,-90.53584722,Peaton,El primer evento no fue una colision con un vehiculo automotor en transporte,Not an Intersection,No fue interseccion,Sobre calle,Ninguna,Oscuro sin iluminacion,Despejado,No,NO APLICA,99,99,99,98,1,02/11/2022,1
22,Louisiana,220666,0,0,2,0,79,RAPIDES (79),0,NO APLICA,11,Noviembre,2,2022,5,59,SR-28,3,Highway estatal,Rural,Arteria Principal,State Highway Agency,1,Sin jurisdiccion especial,397,31.29151111,-92.62496389,Vehiculo en movimiento,Angulo,T-Intersection,Interseccion de T,Sobre calle,Ninguna,Amanecer,Neblina o Humo,No,NO APLICA,99,99,99,99,1,02/11/2022,3
22,Louisiana,220667,0,0,1,0,21,CALDWELL (21),0,NO APLICA,11,Noviembre,2,2022,12,10,US-165,2,US Highway,Rural,Arteria Principal,State Highway Agency,1,Sin jurisdiccion especial,1357,31.962975,-92.17168611,Arbol,El primer evento no fue una colision con un vehiculo automotor en transporte,Not an Intersection,No fue interseccion,Sobre el lado de la calle,Ninguna,Dia total,Despejado,No,NO APLICA,99,98,99,98,1,02/11/2022,1
22,Louisiana,220668,0,0,3,0,51,JEFFERSON (51),0,NO APLICA,11,Noviembre,2,2022,18,46,SR-428,3,Highway estatal,Urbano,Arteria Principal,State Highway Agency,1,Sin jurisdiccion especial,14,29.90186667,-90.01861667,Vehiculo en movimiento,Frente a frente,T-Intersection,Interseccion de T,Sobre calle,Ninguna,Oscuro con iluminacion,Despejado,No,NO APLICA,99,99,99,99,1,02/11/2022,6
22,Louisiana,220669,0,0,2,1,31,DE SOTO (31),1420,MANSFIELD,11,Noviembre,18,2022,4,1,SR-513,3,Highway estatal,Urbano,Colector Menor,State Highway Agency,0,Sin jurisdiccion especial,134,32.01856944,-93.70513611,Vehiculo Aparcado,El primer evento no fue una colision con un vehiculo automotor en transporte,Not an Intersection,No fue interseccion,Fuera de la calle,Ninguna,Oscuro con iluminacion,Despejado,No,NO APLICA,88,88,88,88,1,18/11/2022,1
22,Louisiana,220670,0,0,1,0,65,MADISON (65),0,NO APLICA,11,Noviembre,3,2022,9,26,I-20,1,Interestatal,Rural,Interestatal,State Highway Agency,1,Sin jurisdiccion especial,1579,32.43126944,-91.41961111,Acotamiento,El primer evento no fue una colision con un vehiculo automotor en transporte,Not an Intersection,No fue interseccion,Sobre el lado de la calle,Ninguna,Dia total,Despejado,No,NO APLICA,99,99,99,99,1,03/11/2022,1
22,Louisiana,220671,1,1,1,0,69,NATCHITOCHES (69),0,NO APLICA,11,Noviembre,17,2022,5,51,I-49,1,Interestatal,Rural,Interestatal,State Highway Agency,1,Sin jurisdiccion especial,1256,31.58029167,-93.02395278,Peaton,El primer evento no fue una colision con un vehiculo automotor en transporte,Not an Intersection,No fue interseccion,Sobre Acotamiento,Ninguna,Amanecer,Despejado,No,NO APLICA,99,99,99,99,1,17/11/2022,0
22,Louisiana,220672,0,0,1,0,29,CONCORDIA (29),0,NO APLICA,11,Noviembre,3,2022,21,0,CR-ROUNTREE ROAD,4,Calle del Condado,Rural,Local,County Highway Agency,0,Sin jurisdiccion especial,0,31.57385,-91.48126667,Culvert,El primer evento no fue una colision con un vehiculo automotor en transporte,Not an Intersection,No fue interseccion,Sobre el lado de la calle,Ninguna,Oscuro sin iluminacion,Despejado,No,NO APLICA,99,99,99,98,1,03/11/2022,1
22,Louisiana,220673,0,0,4,0,99,ST. MARTIN (99),0,NO APLICA,11,Noviembre,18,2022,6,57,SR-94,3,Highway estatal,Urbano,Arteria Menor,State Highway Agency,0,Sin jurisdiccion especial,54,30.26165278,-91.93698889,Vehiculo en movimiento,Golpe Lateral - direccion contraria,Not an Intersection,No fue interseccion,Sobre calle,Ninguna,Dia total,Despejado,No,NO APLICA,88,88,88,88,1,18/11/2022,6
22,Louisiana,220674,0,0,2,0,103,ST. TAMMANY (103),0,NO APLICA,11,Noviembre,18,2022,18,20,SR-22,3,Highway estatal,Urbano,Arteria Menor,State Highway Agency,0,Sin jurisdiccion especial,631,30.43327222,-90.20786667,Vehiculo en movimiento,Frente a frente,Not an Intersection,No fue interseccion,Sobre calle,Ninguna,Oscuro sin iluminacion,Despejado,No,NO APLICA,88,88,88,88,1,18/11/2022,3
22,Louisiana,220675,0,0,1,0,19,CALCASIEU (19),2210,SULPHUR,11,Noviembre,19,2022,4,58,I-10,1,Interestatal,Urbano,Interestatal,State Highway Agency,1,Sin jurisdiccion especial,223,30.21561111,-93.35565833,Puente de Ferrocarril,El primer evento no fue una colision con un vehiculo automotor en transporte,Not an Intersection,No fue interseccion,Sobre el lado de la calle,Ninguna,Oscuro sin iluminacion,Reportado como desconocido,No,NO APLICA,88,88,88,88,1,19/11/2022,1
22,Louisiana,220676,1,1,1,0,55,LAFAYETTE (55),0,NO APLICA,11,Noviembre,4,2022,23,4,SR-94,3,Highway estatal,Urbano,Arteria Menor,State Highway Agency,0,Sin jurisdiccion especial,33,30.24039722,-91.96404167,Ciclista,El primer evento no fue una colision con un vehiculo automotor en transporte,Not an Intersection,No fue interseccion,Sobre calle,Ninguna,Oscuro sin iluminacion,Despejado,No,NO APLICA,99,98,99,98,1,04/11/2022,1
22,Louisiana,220677,0,0,1,0,17,CADDO (17),2130,SHREVEPORT,11,Noviembre,5,2022,99,99,I-220,1,Interestatal,Urbano,Interestatal,State Highway Agency,1,Sin jurisdiccion especial,2,32.45972222,-93.84623056,Otra barrera de trafico,El primer evento no fue una colision con un vehiculo automotor en transporte,Not an Intersection,No fue interseccion,Sobre el lado de la calle,Ninguna,Reportada como desconocida,Reportado como desconocido,No,NO APLICA,99,98,99,98,1,05/11/2022,1
22,Louisiana,220678,0,0,2,0,97,ST. LANDRY (97),0,NO APLICA,11,Noviembre,8,2022,10,57,US-190,2,US Highway,Rural,Arteria Principal,State Highway Agency,1,Sin jurisdiccion especial,1276,30.54715,-91.94769722,Vehiculo en movimiento,Angulo,Four-Way Intersection,Interseccion de 4 direcciones,Sobre calle,Ninguna,Dia total,Despejado,No,NO APLICA,99,99,99,99,1,08/11/2022,5
22,Louisiana,220679,0,0,2,0,79,RAPIDES (79),0,NO APLICA,11,Noviembre,8,2022,11,40,SR-112,3,Highway estatal,Rural,Colector Mayor,State Highway Agency,0,Sin jurisdiccion especial,412,30.99466111,-92.73106111,Vehiculo en movimiento,Angulo,Four-Way Intersection,Interseccion de 4 direcciones,Sobre calle,Ninguna,Dia total,Despejado,No,NO APLICA,99,99,99,99,1,08/11/2022,4
22,Louisiana,220680,0,0,2,0,103,ST. TAMMANY (103),760,FOLSOM,11,Noviembre,8,2022,15,31,SR-25,3,Highway estatal,Rural,Arteria Menor,State Highway Agency,0,Sin jurisdiccion especial,109,30.63987222,-90.19198333,Vehiculo en movimiento,Angulo,Not an Intersection,No fue interseccion,Sobre calle,Ninguna,Dia total,Despejado,No,NO APLICA,99,99,99,99,1,08/11/2022,2
22,Louisiana,220681,0,0,1,0,109,TERREBONNE (109),0,NO APLICA,11,Noviembre,10,2022,1,5,CR-THOMPSON ROAD EXTENSION,4,Calle del Condado,Rural,Local,County Highway Agency,0,Sin jurisdiccion especial,0,29.54746111,-90.63436111,Suelo,El primer evento no fue una colision con un vehiculo automotor en transporte,Not an Intersection,No fue interseccion,Sobre el lado de la calle,Ninguna,Oscuro sin iluminacion,Despejado,No,NO APLICA,99,99,99,99,1,10/11/2022,2
22,Louisiana,220682,0,0,1,0,73,OUACHITA (73),0,NO APLICA,10,Octubre,3,2022,21,50,US-165,2,US Highway,Rural,Arteria Principal,State Highway Agency,1,Sin jurisdiccion especial,1710,32.41156389,-92.1042,Poste,El primer evento no fue una colision con un vehiculo automotor en transporte,Not an Intersection,No fue interseccion,Sobre el lado de la calle,Ninguna,Oscuro sin iluminacion,Despejado,No,NO APLICA,99,99,99,99,1,03/10/2022,1
22,Louisiana,220683,1,1,1,0,55,LAFAYETTE (55),1230,LAFAYETTE,11,Noviembre,9,2022,18,26,EVANGELINE THWY,6,Calle Local Municipalidad,Urbano,Local,City or Municipal Highway Agency,0,Sin jurisdiccion especial,0,30.24863611,-92.01355,Peaton,El primer evento no fue una colision con un vehiculo automotor en transporte,Not an Intersection,No fue interseccion,Sobre calle,Ninguna,Oscuro con iluminacion,Despejado,No,NO APLICA,99,98,99,98,1,09/11/2022,1
22,Louisiana,220684,0,0,2,0,97,ST. LANDRY (97),0,NO APLICA,11,Noviembre,9,2022,21,10,US-190,2,US Highway,Urbano,Arteria Principal,State Highway Agency,1,Sin jurisdiccion especial,1141,30.52095,-92.16586944,Vehiculo en movimiento,Frente a frente,Not an Intersection,No fue interseccion,Sobre calle,Ninguna,Oscuro sin iluminacion,Despejado,No,NO APLICA,99,99,99,99,1,09/11/2022,2
22,Louisiana,220685,0,0,1,0,9,AVOYELLES (9),0,NO APLICA,11,Noviembre,10,2022,3,15,SR-361,3,Highway estatal,Rural,Colector Menor,State Highway Agency,0,Sin jurisdiccion especial,154,30.895925,-92.07649722,Arbol,El primer evento no fue una colision con un vehiculo automotor en transporte,Not an Intersection,No fue interseccion,Sobre el lado de la calle,Ninguna,Oscuro sin iluminacion,Despejado,No,NO APLICA,99,99,99,99,1,10/11/2022,1
22,Louisiana,220686,0,0,1,0,113,VERMILION (113),0,NO APLICA,11,Noviembre,11,2022,17,50,SR-338,3,Highway estatal,Rural,Colector Menor,State Highway Agency,0,Sin jurisdiccion especial,43,30.0038,-92.06716944,Culvert,El primer evento no fue una colision con un vehiculo automotor en transporte,Not an Intersection,No fue interseccion,Sobre el lado de la calle,Ninguna,Oscuro sin iluminacion,Despejado,No,NO APLICA,99,99,99,99,1,11/11/2022,5
22,Louisiana,220687,0,0,3,0,71,ORLEANS (71),1690,NEW ORLEANS,11,Noviembre,13,2022,2,39,US-90 BUSINESS,2,US Highway,Urbano,Interestatal,State Highway Agency,1,Sin jurisdiccion especial,122,29.93843333,-90.06672778,Vehiculo en movimiento,Frente a Detrás,Not an Intersection,No fue interseccion,Sobre calle,Ninguna,Oscuro sin iluminacion,Despejado,No,NO APLICA,99,99,99,99,1,13/11/2022,5
22,Louisiana,220688,1,1,1,0,55,LAFAYETTE (55),1230,LAFAYETTE,11,Noviembre,13,2022,18,49,BERTRAND DRIVE,6,Calle Local Municipalidad,Urbano,Local,City or Municipal Highway Agency,0,Sin jurisdiccion especial,0,30.22436111,-92.05500278,Peaton,El primer evento no fue una colision con un vehiculo automotor en transporte,Not an Intersection,No fue interseccion,Sobre calle,Ninguna,Oscuro sin iluminacion,Despejado,No,NO APLICA,99,99,99,99,1,13/11/2022,1
22,Louisiana,220689,0,0,2,1,33,EAST BATON ROUGE (33),150,BATON ROUGE,11,Noviembre,14,2022,2,32,I-12,1,Interestatal,Rural,Interestatal,State Highway Agency,1,Sin jurisdiccion especial,99998,30.41799722,-91.10766944,Vehiculo Aparcado,El primer evento no fue una colision con un vehiculo automotor en transporte,Not an Intersection,No fue interseccion,Sobre Acotamiento,Ninguna,Oscuro con iluminacion,Despejado,No,NO APLICA,99,99,99,99,1,14/11/2022,2
22,Louisiana,220690,0,0,2,0,5,ASCENSION (5),870,GONZALES,11,Noviembre,14,2022,17,29,SR-44,3,Highway estatal,Urbano,Colector Mayor,State Highway Agency,0,Sin jurisdiccion especial,91,30.19146389,-90.92010278,Vehiculo en movimiento,Angulo,Four-Way Intersection,Interseccion de 4 direcciones,Sobre calle,Ninguna,Dia total,lluvia,No,NO APLICA,99,99,99,99,1,14/11/2022,4
22,Louisiana,220691,0,0,2,0,45,IBERIA (45),0,NO APLICA,11,Noviembre,17,2022,16,35,SR-14,3,Highway estatal,Urbano,Arteria Menor,State Highway Agency,0,Sin jurisdiccion especial,917,29.96339722,-91.93782222,Vehiculo en movimiento,Angulo,Four-Way Intersection,Interseccion de 4 direcciones,Sobre calle,Ninguna,Dia total,Despejado,No,NO APLICA,99,99,99,99,2,17/11/2022,2
22,Louisiana,220692,0,0,1,0,115,VERNON (115),0,NO APLICA,11,Noviembre,17,2022,21,25,SR-1211 SAVAGE FORKS ROAD,3,Highway estatal,Rural,Colector Menor,State Highway Agency,0,Sin jurisdiccion especial,99998,31.01661111,-93.36001944,Arbol,El primer evento no fue una colision con un vehiculo automotor en transporte,Not an Intersection,No fue interseccion,Sobre el lado de la calle,Ninguna,Oscuro sin iluminacion,Despejado,No,NO APLICA,99,99,99,99,1,17/11/2022,4
22,Louisiana,220693,0,0,1,0,73,OUACHITA (73),0,NO APLICA,11,Noviembre,19,2022,10,57,SR-151,3,Highway estatal,Rural,Colector Mayor,State Highway Agency,0,Sin jurisdiccion especial,552,32.44199444,-92.345525,Valla Ferrocarril,El primer evento no fue una colision con un vehiculo automotor en transporte,Not an Intersection,No fue interseccion,Sobre el lado de la calle,Ninguna,Dia total,Nublado,No,NO APLICA,99,99,99,99,1,19/11/2022,2
22,Louisiana,220694,0,0,2,0,41,FRANKLIN (41),0,NO APLICA,11,Noviembre,19,2022,11,46,US-465,2,US Highway,Rural,Arteria Principal,State Highway Agency,1,Sin jurisdiccion especial,575,32.23169722,-91.73711667,Vehiculo en movimiento,Frente a Detrás,Not an Intersection,No fue interseccion,Sobre calle,Ninguna,Dia total,Despejado,No,NO APLICA,99,99,99,99,1,19/11/2022,2
22,Louisiana,220695,1,1,1,0,71,ORLEANS (71),1690,NEW ORLEANS,11,Noviembre,20,2022,0,1,CANAL STREET,6,Calle Local Municipalidad,Urbano,Colector Mayor,City or Municipal Highway Agency,0,Sin jurisdiccion especial,0,29.95681389,-90.07463333,Peaton,El primer evento no fue una colision con un vehiculo automotor en transporte,Four-Way Intersection,Interseccion de 4 direcciones,Sobre calle,Ninguna,Oscuro con iluminacion,Despejado,No,NO APLICA,99,99,99,99,1,20/11/2022,1
22,Louisiana,220696,1,1,3,0,55,LAFAYETTE (55),1230,LAFAYETTE,11,Noviembre,20,2022,18,19,FOREMAN DRIVE,6,Calle Local Municipalidad,Urbano,Colector Menor,City or Municipal Highway Agency,0,Sin jurisdiccion especial,0,30.20996667,-92.05897778,Ciclista,El primer evento no fue una colision con un vehiculo automotor en transporte,Not an Intersection,No fue interseccion,Sobre calle,Ninguna,Oscuro con iluminacion,Despejado,No,NO APLICA,99,99,99,99,1,20/11/2022,4
22,Louisiana,220697,0,0,2,0,17,CADDO (17),0,NO APLICA,11,Noviembre,20,2022,13,20,CR-BLANCHARD-LATEX ROAD,4,Calle del Condado,Rural,Local,County Highway Agency,0,Sin jurisdiccion especial,0,32.59153889,-94.00035278,Vehiculo en movimiento,Frente a frente,Not an Intersection,No fue interseccion,Sobre calle,Ninguna,Dia total,Despejado,No,NO APLICA,99,99,99,99,1,20/11/2022,2
22,Louisiana,220698,1,1,1,0,17,CADDO (17),2130,SHREVEPORT,11,Noviembre,22,2022,19,45,US-171,2,US Highway,Urbano,Arteria Principal,State Highway Agency,1,Sin jurisdiccion especial,1724,32.41279444,-93.79353611,Peaton,El primer evento no fue una colision con un vehiculo automotor en transporte,Four-Way Intersection,Interseccion de 4 direcciones,Sobre calle,Ninguna,Oscuro con iluminacion,Despejado,No,NO APLICA,99,99,99,99,1,22/11/2022,1
22,Louisiana,220699,0,0,1,0,73,OUACHITA (73),1560,MONROE,11,Noviembre,26,2022,21,52,I-20,1,Interestatal,Urbano,Interestatal,State Highway Agency,1,Sin jurisdiccion especial,1187,32.49931389,-92.08192778,Soporte de Puente,El primer evento no fue una colision con un vehiculo automotor en transporte,Not an Intersection,No fue interseccion,Sobre el lado de la calle,Ninguna,Oscuro con iluminacion,Despejado,No,NO APLICA,88,88,88,88,1,26/11/2022,1
22,Louisiana,220700,0,0,1,0,119,WEBSTER (119),0,NO APLICA,11,Noviembre,22,2022,23,5,SR-159,3,Highway estatal,Rural,Colector Mayor,State Highway Agency,0,Sin jurisdiccion especial,536,32.91390278,-93.28093611,Culvert,El primer evento no fue una colision con un vehiculo automotor en transporte,Not an Intersection,No fue interseccion,Sobre el lado de la calle,Ninguna,Oscuro sin iluminacion,Despejado,No,NO APLICA,88,88,88,88,1,22/11/2022,1
22,Louisiana,220701,2,2,1,0,71,ORLEANS (71),1690,NEW ORLEANS,11,Noviembre,21,2022,17,52,I-10,1,Interestatal,Urbano,Interestatal,State Highway Agency,1,Sin jurisdiccion especial,2437,30.03084444,-89.99035556,Peaton,El primer evento no fue una colision con un vehiculo automotor en transporte,Not an Intersection,No fue interseccion,Sobre calle,Ninguna,Oscuro sin iluminacion,Despejado,No,NO APLICA,99,99,99,99,1,21/11/2022,1
22,Louisiana,220702,0,0,2,0,97,ST. LANDRY (97),0,NO APLICA,11,Noviembre,22,2022,17,30,US-71,2,US Highway,Rural,Arteria Menor,State Highway Agency,0,Sin jurisdiccion especial,35,30.58497222,-91.84765,Vehiculo en movimiento,Frente a frente,Not an Intersection,No fue interseccion,Sobre calle,Ninguna,Oscuro sin iluminacion,Despejado,No,NO APLICA,99,99,17,35,1,22/11/2022,3
22,Louisiana,220703,1,1,1,0,97,ST. LANDRY (97),0,NO APLICA,11,Noviembre,23,2022,18,34,US-190,2,US Highway,Urbano,Arterial Principal -Freeway o ExpressWay,State Highway Agency,1,Sin jurisdiccion especial,1178,30.53498056,-92.10768333,Peaton,El primer evento no fue una colision con un vehiculo automotor en transporte,Not an Intersection,No fue interseccion,Sobre calle,Ninguna,Oscuro con iluminacion,Despejado,No,NO APLICA,99,99,99,99,1,23/11/2022,1
22,Louisiana,220704,1,1,1,0,45,IBERIA (45),0,NO APLICA,11,Noviembre,25,2022,21,30,CR-BULL ISLAND RD,4,Calle del Condado,Rural,Local,County Highway Agency,0,Sin jurisdiccion especial,99999,29.99643611,-91.96413333,Ciclista,El primer evento no fue una colision con un vehiculo automotor en transporte,Not an Intersection,No fue interseccion,Sobre calle,Ninguna,Oscuro con iluminacion,lluvia,No,NO APLICA,99,99,99,99,1,25/11/2022,1