Estado,Nombre de Estado,Numero de Caso,Peatones,Personas _no_vehiculos,Vehiculos automotores,Vehiculos estacionados,Condado,Nombre Condado,Ciudad,Nombre Ciudad,Mes,Nombre Mes,Dia,Año,Hora,Minuto,Calle,Ruta,Nombre Ruta,Rural o Urbanoo,Sistema Funcional,Dueño Calle,Sistema Nacional Carreteras,Jurisdiccion Especial,Milla,Latitud,Longitud,Causa del Accidente,Tipo de Accidente,Tipo Interseccion,Columna1,Lugar en la calle,Zona de Trabajo,Luz,Clima,Autobus Escolar,Cruce de Trenes,Hora Notificacion,Minuto Notificacion,Hora Llegada,Minuto Llegada,Decesos,Fecha,PersonaVehiculo
22,Louisiana,220705,0,0,2,0,37,EAST FELICIANA (37),1110,JACKSON,11,Noviembre,25,2022,22,19,SR-10,3,Highway estatal,Rural,Arteria Menor,State Highway Agency,0,Sin jurisdiccion especial,1617,30.83650278,-91.21216111,Vehiculo en movimiento,Frente a frente,Not an Intersection,No fue interseccion,Sobre calle,Ninguna,Oscuro - iluminacion desconocida,Nublado,No,NO APLICA,99,99,99,99,1,25/11/2022,4
22,Louisiana,220706,1,1,2,0,15,BOSSIER (15),230,BOSSIER CITY,11,Noviembre,24,2022,22,22,I-20,1,Interestatal,Urbano,Interestatal,State Highway Agency,1,Sin jurisdiccion especial,203,32.51377222,-93.724075,Peaton,El primer evento no fue una colision con un vehiculo automotor en transporte,Not an Intersection,No fue interseccion,Sobre calle,Ninguna,Oscuro con iluminacion,lluvia,No,NO APLICA,88,88,88,88,1,24/11/2022,4
22,Louisiana,220707,0,0,2,0,63,LIVINGSTON (63),0,NO APLICA,11,Noviembre,21,2022,14,9,SR-16,3,Highway estatal,Rural,Arteria Menor,State Highway Agency,0,Sin jurisdiccion especial,348,30.63038611,-90.91643333,Vehiculo en movimiento,Frente a frente,Not an Intersection,No fue interseccion,Sobre Acotamiento,Ninguna,Dia total,Nublado,No,NO APLICA,99,99,99,99,2,21/11/2022,5
22,Louisiana,220708,1,1,1,0,117,WASHINGTON (117),0,NO APLICA,11,Noviembre,27,2022,17,45,SR-21,3,Highway estatal,Rural,Arteria Principal,State Highway Agency,1,Sin jurisdiccion especial,322,30.73369444,-89.85101389,Peaton,El primer evento no fue una colision con un vehiculo automotor en transporte,Not an Intersection,No fue interseccion,Sobre calle,Ninguna,Oscuro sin iluminacion,Nublado,No,NO APLICA,99,99,99,99,1,27/11/2022,1
22,Louisiana,220709,0,0,1,0,69,NATCHITOCHES (69),0,NO APLICA,11,Noviembre,28,2022,19,55,SR-156,3,Highway estatal,Rural,Colector Mayor,State Highway Agency,0,Sin jurisdiccion especial,71,31.99703889,-92.94656389,Arbol,El primer evento no fue una colision con un vehiculo automotor en transporte,Not an Intersection,No fue interseccion,Fuera de la calle,Ninguna,Oscuro sin iluminacion,Despejado,No,NO APLICA,88,88,88,88,1,28/11/2022,1
22,Louisiana,220710,0,0,1,0,17,CADDO (17),0,NO APLICA,11,Noviembre,30,2022,1,57,SR-2,3,Highway estatal,Rural,Arteria Menor,State Highway Agency,0,Sin jurisdiccion especial,35,32.81227222,-93.99994167,Arbol,El primer evento no fue una colision con un vehiculo automotor en transporte,Not an Intersection,No fue interseccion,Sobre el lado de la calle,Ninguna,Oscuro sin iluminacion,lluvia,No,NO APLICA,88,88,88,88,1,30/11/2022,1
22,Louisiana,220711,0,0,2,0,55,LAFAYETTE (55),1230,LAFAYETTE,12,Diciembre,1,2022,7,2,I-49 SERVICE ROAD,1,Interestatal,Urbano,Interestatal,State Highway Agency,1,Sin jurisdiccion especial,17,30.27693333,-92.02017778,Vehiculo en movimiento,Angulo,Not an Intersection,No fue interseccion,Sobre calle,Ninguna,Dia total,Despejado,No,NO APLICA,88,88,88,88,1,01/12/2022,2
22,Louisiana,220712,0,0,2,1,71,ORLEANS (71),1690,NEW ORLEANS,12,Diciembre,4,2022,5,4,SR-39,3,Highway estatal,Urbano,Arteria Principal,State Highway Agency,1,Sin jurisdiccion especial,507,29.96381389,-90.00684722,Vehiculo Aparcado,El primer evento no fue una colision con un vehiculo automotor en transporte,Four-Way Intersection,Interseccion de 4 direcciones,En estacionamiento,Ninguna,Oscuro sin iluminacion,Despejado,No,NO APLICA,99,99,99,99,1,04/12/2022,2
22,Louisiana,220713,0,0,2,0,31,DE SOTO (31),0,NO APLICA,12,Diciembre,6,2022,7,58,US-171,2,US Highway,Rural,Arteria Principal,State Highway Agency,1,Sin jurisdiccion especial,1350,31.92902778,-93.71508889,Vehiculo en movimiento,Frente a Detrás,Not an Intersection,No fue interseccion,Sobre calle,Ninguna,Dia total,Despejado,No,NO APLICA,99,99,99,99,1,06/12/2022,3
22,Louisiana,220714,1,1,1,0,71,ORLEANS (71),1690,NEW ORLEANS,12,Diciembre,7,2022,6,22,SR-407,3,Highway estatal,Urbano,Arteria Menor,State Highway Agency,0,Sin jurisdiccion especial,9,29.90746111,-89.98762222,Peaton,El primer evento no fue una colision con un vehiculo automotor en transporte,Not an Intersection,No fue interseccion,Sobre el lado de la calle,Ninguna,Oscuro sin iluminacion,Neblina o Humo,No,NO APLICA,99,99,99,99,1,07/12/2022,1
22,Louisiana,220715,0,0,1,0,73,OUACHITA (73),0,NO APLICA,12,Diciembre,9,2022,23,43,US-80,2,US Highway,Rural,Colector Mayor,State Highway Agency,0,Sin jurisdiccion especial,1060,32.51428889,-92.39886667,Arbol,El primer evento no fue una colision con un vehiculo automotor en transporte,Not an Intersection,No fue interseccion,Fuera de la calle,Ninguna,Oscuro sin iluminacion,Despejado,No,NO APLICA,99,99,99,99,1,09/12/2022,3
22,Louisiana,220716,0,0,1,0,119,WEBSTER (119),0,NO APLICA,12,Diciembre,9,2022,5,50,US-371,2,US Highway,Rural,Arteria Menor,State Highway Agency,0,Sin jurisdiccion especial,395,32.44648611,-93.28063889,Arbol,El primer evento no fue una colision con un vehiculo automotor en transporte,Not an Intersection,No fue interseccion,Sobre el lado de la calle,Ninguna,Oscuro sin iluminacion,Despejado,No,NO APLICA,99,99,99,99,1,09/12/2022,1
22,Louisiana,220717,0,0,1,0,73,OUACHITA (73),0,NO APLICA,12,Diciembre,11,2022,1,54,CR-OLD NATCHITOCHES ROAD,4,Calle del Condado,Rural,Local,County Highway Agency,0,Sin jurisdiccion especial,0,32.49501389,-92.146025,Barda,El primer evento no fue una colision con un vehiculo automotor en transporte,Not an Intersection,No fue interseccion,Fuera de la calle,Ninguna,Oscuro sin iluminacion,lluvia,No,NO APLICA,1,99,2,99,1,11/12/2022,1
22,Louisiana,220718,0,0,2,0,33,EAST BATON ROUGE (33),150,BATON ROUGE,8,Agosto,1,2022,10,11,NORTH STREET,6,Calle Local Municipalidad,Urbano,Local,City or Municipal Highway Agency,0,Sin jurisdiccion especial,0,30.45388056,-91.14150556,Vehiculo en movimiento,Angulo,Not an Intersection,No fue interseccion,Sobre calle,Ninguna,Dia total,Despejado,No,NO APLICA,99,99,99,99,1,01/08/2022,3
22,Louisiana,220719,0,0,3,0,33,EAST BATON ROUGE (33),150,BATON ROUGE,10,Octubre,19,2022,17,47,I-12,1,Interestatal,Rural,Interestatal,State Highway Agency,1,Sin jurisdiccion especial,37,30.42881944,-91.06245556,Vehiculo en movimiento,Frente a Detrás,Not an Intersection,No fue interseccion,Sobre calle,Ninguna,Dia total,Despejado,No,NO APLICA,99,99,99,99,1,19/10/2022,3
22,Louisiana,220720,0,0,2,0,7,ASSUMPTION (7),0,NO APLICA,10,Octubre,23,2022,4,54,SR-308,3,Highway estatal,Rural,Colector Mayor,State Highway Agency,0,Sin jurisdiccion especial,250,29.83526389,-90.94556667,Vehiculo en movimiento,Frente a frente,Not an Intersection,No fue interseccion,Sobre calle,Ninguna,Oscuro con iluminacion,Despejado,No,NO APLICA,99,99,99,99,1,23/10/2022,2
22,Louisiana,220721,0,0,2,0,17,CADDO (17),0,NO APLICA,12,Diciembre,12,2022,7,7,CR-BUNCOMBE ROAD,4,Calle del Condado,Rural,Local,County Highway Agency,0,Sin jurisdiccion especial,0,32.38491667,-93.95776389,Vehiculo en movimiento,Frente a frente,Not an Intersection,No fue interseccion,Sobre calle,Ninguna,Amanecer,lluvia,No,NO APLICA,99,99,99,99,1,12/12/2022,2
22,Louisiana,220722,0,0,2,0,3,ALLEN (3),1770,OBERLIN,12,Diciembre,12,2022,15,58,US-165,2,US Highway,Rural,Arteria Principal,State Highway Agency,1,Sin jurisdiccion especial,261,30.56726944,-92.79681111,Vehiculo en movimiento,Angulo,Four-Way Intersection,Interseccion de 4 direcciones,Sobre calle,Ninguna,Dia total,Despejado,No,NO APLICA,99,99,99,99,1,12/12/2022,2
22,Louisiana,220723,1,1,1,0,33,EAST BATON ROUGE (33),150,BATON ROUGE,12,Diciembre,12,2022,18,15,SR-61,3,Highway estatal,Urbano,Arteria Principal,State Highway Agency,1,Sin jurisdiccion especial,44,30.50694167,-91.15048056,Peaton,El primer evento no fue una colision con un vehiculo automotor en transporte,Four-Way Intersection,Interseccion de 4 direcciones,Sobre calle,Ninguna,Oscuro con iluminacion,Despejado,No,NO APLICA,99,99,99,99,1,12/12/2022,1
22,Louisiana,220724,1,1,1,0,95,ST. JOHN THE BAPTIST (95),0,NO APLICA,12,Diciembre,12,2022,18,15,US-61,2,US Highway,Urbano,Arteria Principal,State Highway Agency,1,Sin jurisdiccion especial,283,30.07723611,-90.52161389,Peaton,El primer evento no fue una colision con un vehiculo automotor en transporte,Not an Intersection,No fue interseccion,Sobre calle,Ninguna,Oscuro sin iluminacion,Despejado,No,NO APLICA,99,99,99,99,1,12/12/2022,2
22,Louisiana,220725,0,0,1,0,33,EAST BATON ROUGE (33),0,NO APLICA,12,Diciembre,14,2022,0,43,CR-PORT HUDON-PRIDE ROAD,4,Calle del Condado,Rural,Local,County Highway Agency,0,Sin jurisdiccion especial,0,30.69334167,-91.08320556,Zanja,El primer evento no fue una colision con un vehiculo automotor en transporte,Not an Intersection,No fue interseccion,Sobre el lado de la calle,Ninguna,Oscuro sin iluminacion,Reportado como desconocido,No,NO APLICA,99,99,99,99,1,14/12/2022,1
22,Louisiana,220726,0,0,2,0,33,EAST BATON ROUGE (33),150,BATON ROUGE,12,Diciembre,14,2022,1,43,US-61,2,US Highway,Urbano,Arteria Principal,State Highway Agency,1,Sin jurisdiccion especial,777,30.48841111,-91.12118056,Vehiculo en movimiento,Angulo,Four-Way Intersection,Interseccion de 4 direcciones,Sobre calle,Ninguna,Oscuro con iluminacion,Despejado,No,NO APLICA,99,99,99,99,1,14/12/2022,2
22,Louisiana,220727,2,2,4,0,71,ORLEANS (71),1690,NEW ORLEANS,12,Diciembre,25,2022,1,21,I-10,1,Interestatal,Urbano,Interestatal,State Highway Agency,1,Sin jurisdiccion especial,2357,29.95821111,-90.07865278,Peaton,El primer evento no fue una colision con un vehiculo automotor en transporte,Not an Intersection,No fue interseccion,Sobre calle,Ninguna,Oscuro sin iluminacion,Despejado,No,NO APLICA,99,99,99,99,2,25/12/2022,4
22,Louisiana,220728,0,0,2,0,121,WEST BATON ROUGE (121),280,BRUSLY,12,Diciembre,31,2022,12,38,SR-1,3,Highway estatal,Urbano,Arteria Principal,State Highway Agency,1,Sin jurisdiccion especial,1453,30.38649722,-91.24492222,Vehiculo en movimiento,Angulo,Four-Way Intersection,Interseccion de 4 direcciones,Sobre calle,Ninguna,Dia total,Despejado,No,NO APLICA,99,99,99,99,2,31/12/2022,4
22,Louisiana,220729,0,0,1,0,63,LIVINGSTON (63),0,NO APLICA,6,Junio,4,2022,14,35,I-12,1,Interestatal,Rural,Interestatal,State Highway Agency,1,Sin jurisdiccion especial,163,30.47528889,-90.71713889,Otra barrera de trafico,El primer evento no fue una colision con un vehiculo automotor en transporte,Not an Intersection,No fue interseccion,En el medio,Ninguna,Dia total,Nublado,No,NO APLICA,15,21,15,36,1,04/06/2022,1
22,Louisiana,220730,0,0,3,0,33,EAST BATON ROUGE (33),150,BATON ROUGE,9,Septiembre,10,2022,5,55,US-61,2,US Highway,Urbano,Arteria Principal,State Highway Agency,1,Sin jurisdiccion especial,41,30.449975,-91.16597222,Vehiculo en movimiento,Frente a frente,Four-Way Intersection,Interseccion de 4 direcciones,Sobre calle,Ninguna,Dia total,Despejado,No,NO APLICA,99,99,99,99,1,10/09/2022,6
22,Louisiana,220731,1,1,1,0,71,ORLEANS (71),1690,NEW ORLEANS,9,Septiembre,20,2022,1,53,DECATUR STREET,6,Calle Local Municipalidad,Urbano,Local,City or Municipal Highway Agency,9,Sin jurisdiccion especial,99999,29.96218056,-90.05795,Ciclista,El primer evento no fue una colision con un vehiculo automotor en transporte,"Five Point, or More",5 Puntos o mas,Sobre calle,Ninguna,Oscuro con iluminacion,Despejado,No,NO APLICA,99,99,99,99,1,20/09/2022,1
22,Louisiana,220732,1,1,1,0,33,EAST BATON ROUGE (33),150,BATON ROUGE,9,Septiembre,23,2022,10,46,SR-427,3,Highway estatal,Urbano,Arteria Principal,State Highway Agency,1,Sin jurisdiccion especial,13,30.42574722,-91.15061111,Ciclista,El primer evento no fue una colision con un vehiculo automotor en transporte,Not an Intersection,No fue interseccion,Sobre calle,Ninguna,Dia total,Despejado,No,NO APLICA,99,99,99,99,1,23/09/2022,1
22,Louisiana,220733,0,0,1,0,55,LAFAYETTE (55),2480,YOUNGSVILLE,9,Septiembre,23,2022,19,35,REVERE DRIVE,5,Calle Local - Pueblo,Trafficway Not in State Inventory,Via no en inventario estatal,Trafficway Not in State Inventory,0,Sin jurisdiccion especial,99999,30.098325,-91.98868889,Culvert,El primer evento no fue una colision con un vehiculo automotor en transporte,Not an Intersection,No fue interseccion,Sobre el lado de la calle,Ninguna,Oscuro - iluminacion desconocida,Despejado,No,NO APLICA,99,99,99,99,1,23/09/2022,2
22,Louisiana,220734,1,1,1,0,71,ORLEANS (71),1690,NEW ORLEANS,9,Septiembre,30,2022,8,0,I-610,1,Interestatal,Urbano,Interestatal,State Highway Agency,1,Sin jurisdiccion especial,9,29.99475556,-90.10843333,Peaton,El primer evento no fue una colision con un vehiculo automotor en transporte,Not an Intersection,No fue interseccion,Sobre calle,Ninguna,Dia total,Despejado,No,NO APLICA,99,99,99,99,1,30/09/2022,1
22,Louisiana,220735,0,0,1,0,109,TERREBONNE (109),1070,HOUMA,10,Octubre,13,2022,17,26,INDUSTRIAL BLVD,6,Calle Local Municipalidad,Urbano,Local,City or Municipal Highway Agency,0,Sin jurisdiccion especial,99999,29.573825,-90.70649167,Poste o otros soportes,El primer evento no fue una colision con un vehiculo automotor en transporte,Not an Intersection,No fue interseccion,Sobre el lado de la calle,Ninguna,Dia total,Despejado,No,NO APLICA,99,99,99,99,1,13/10/2022,1
22,Louisiana,220736,0,0,2,0,115,VERNON (115),0,NO APLICA,10,Octubre,26,2022,10,30,US-71,2,US Highway,Rural,Arteria Principal,State Highway Agency,1,Sin jurisdiccion especial,700,31.18575278,-93.28977778,Vehiculo en movimiento,Angulo,Not an Intersection,No fue interseccion,Sobre calle,Ninguna,Dia total,Despejado,No,NO APLICA,99,99,99,99,1,26/10/2022,2
22,Louisiana,220737,0,0,1,0,33,EAST BATON ROUGE (33),2490,ZACHARY,11,Noviembre,11,2022,17,22,RITA STREET,8,Otro,Urbano,Local,Other Local Agency,0,Sin jurisdiccion especial,99999,30.66377222,-91.17822222,Arbol,El primer evento no fue una colision con un vehiculo automotor en transporte,T-Intersection,Interseccion de T,"Fuera de la calle, ubicacion desconocida",Ninguna,Atardecer,Despejado,No,NO APLICA,99,99,99,99,1,11/11/2022,1
22,Louisiana,220738,1,1,1,0,33,EAST BATON ROUGE (33),150,BATON ROUGE,11,Noviembre,20,2022,18,48,SR-67,3,Highway estatal,Urbano,Arteria Principal,State Highway Agency,1,Sin jurisdiccion especial,40,30.50020556,-91.15294722,Peaton,El primer evento no fue una colision con un vehiculo automotor en transporte,Not an Intersection,No fue interseccion,Sobre calle,Ninguna,Oscuro con iluminacion,Despejado,No,NO APLICA,99,99,99,99,1,20/11/2022,1
22,Louisiana,220740,0,0,2,0,33,EAST BATON ROUGE (33),150,BATON ROUGE,12,Diciembre,6,2022,10,26,CR-ONEAL LANE,6,Calle Local Municipalidad,Urbano,Local,City or Municipal Highway Agency,0,Sin jurisdiccion especial,99999,30.44310278,-91.00757778,Vehiculo en movimiento,Angulo,Not an Intersection,No fue interseccion,Sobre calle,Ninguna,Dia total,Despejado,No,NO APLICA,99,99,99,99,1,06/12/2022,2
22,Louisiana,220741,0,0,2,0,105,TANGIPAHOA (105),0,NO APLICA,11,Noviembre,8,2022,18,27,SR-22,3,Highway estatal,Urbano,Colector Mayor,State Highway Agency,0,Sin jurisdiccion especial,429,30.43601389,-90.54210556,Vehiculo en movimiento,Angulo,T-Intersection,Interseccion de T,Sobre calle,Ninguna,Oscuro sin iluminacion,Despejado,No,NO APLICA,88,88,88,88,1,08/11/2022,2
22,Louisiana,220742,1,1,1,0,15,BOSSIER (15),0,NO APLICA,11,Noviembre,9,2022,21,19,CR-PARISH CAMP RD,4,Calle del Condado,Rural,Local,County Highway Agency,0,Sin jurisdiccion especial,99999,32.37046667,-93.43514722,Peaton,El primer evento no fue una colision con un vehiculo automotor en transporte,Not an Intersection,No fue interseccion,Sobre calle,Ninguna,Oscuro sin iluminacion,Despejado,No,NO APLICA,99,99,99,99,1,09/11/2022,2
22,Louisiana,220743,0,0,2,0,57,LAFOURCHE (57),0,NO APLICA,11,Noviembre,13,2022,20,42,SR-1,3,Highway estatal,Rural,Arteria Menor,State Highway Agency,1,Sin jurisdiccion especial,179,29.18659444,-90.18402778,Vehiculo en movimiento,Frente a frente,Not an Intersection,No fue interseccion,Sobre calle,Ninguna,Oscuro sin iluminacion,Despejado,No,NO APLICA,99,99,99,99,2,13/11/2022,2
22,Louisiana,220744,0,0,4,0,73,OUACHITA (73),0,NO APLICA,12,Diciembre,8,2022,6,40,SR-139,3,Highway estatal,Rural,Arteria Menor,State Highway Agency,0,Sin jurisdiccion especial,53,32.59073333,-91.98171667,Vehiculo en movimiento,Frente a Detrás,Four-Way Intersection,Interseccion de 4 direcciones,Sobre calle,Ninguna,Dia total,Despejado,No,NO APLICA,99,99,99,99,1,08/12/2022,6
22,Louisiana,220745,1,1,1,0,33,EAST BATON ROUGE (33),150,BATON ROUGE,12,Diciembre,9,2022,17,27,CR-OLD HAMMOND HWY,4,Calle del Condado,Urbano,Local,County Highway Agency,0,Sin jurisdiccion especial,99998,30.44718333,-91.031975,Peaton,El primer evento no fue una colision con un vehiculo automotor en transporte,T-Intersection,Interseccion de T,Sobre calle,Ninguna,Oscuro sin iluminacion,Nublado,No,NO APLICA,99,99,99,99,1,09/12/2022,1
22,Louisiana,220746,0,0,1,0,17,CADDO (17),2130,SHREVEPORT,12,Diciembre,16,2022,2,7,CR-KINGS HIGHWAY,4,Calle del Condado,Urbano,Local,City or Municipal Highway Agency,0,Sin jurisdiccion especial,99999,32.48159167,-93.74257778,Zanja,El primer evento no fue una colision con un vehiculo automotor en transporte,Not an Intersection,No fue interseccion,Sobre el lado de la calle,Ninguna,Oscuro con iluminacion,Despejado,No,NO APLICA,88,88,88,88,1,16/12/2022,1
22,Louisiana,220747,0,0,2,0,3,ALLEN (3),0,NO APLICA,12,Diciembre,16,2022,13,45,SR-112,3,Highway estatal,Rural,Colector Mayor,State Highway Agency,0,Sin jurisdiccion especial,204,30.81315278,-92.93263333,"La carga del vehiculo (cambio, perdida, o otro)",El primer evento no fue una colision con un vehiculo automotor en transporte,T-Intersection,Interseccion de T,Sobre calle,Ninguna,Dia total,Despejado,No,NO APLICA,88,88,88,88,1,16/12/2022,2
22,Louisiana,220748,0,0,2,0,105,TANGIPAHOA (105),0,NO APLICA,12,Diciembre,19,2022,12,25,SR-3234,3,Highway estatal,Urbano,Arteria Principal,State Highway Agency,1,Sin jurisdiccion especial,5,30.51909167,-90.4996,Vehiculo en movimiento,Angulo,Not an Intersection,No fue interseccion,Sobre calle,Ninguna,Dia total,Nublado,No,NO APLICA,99,99,99,99,1,19/12/2022,3
22,Louisiana,220749,0,0,2,0,21,CALDWELL (21),0,NO APLICA,12,Diciembre,22,2022,14,50,US-165,2,US Highway,Rural,Arteria Principal,State Highway Agency,1,Sin jurisdiccion especial,1360,31.964,-92.17119167,Vehiculo en movimiento,Frente a Detrás,Not an Intersection,No fue interseccion,Sobre calle,Ninguna,Dia total,Despejado,No,NO APLICA,99,99,99,99,1,22/12/2022,3
22,Louisiana,220750,1,1,1,0,9,AVOYELLES (9),1480,MARKSVILLE,12,Diciembre,23,2022,18,27,SR-1,3,Highway estatal,Urbano,Colector Menor,State Highway Agency,0,Sin jurisdiccion especial,2321,31.10381667,-92.06201667,Peaton,El primer evento no fue una colision con un vehiculo automotor en transporte,Not an Intersection,No fue interseccion,Sobre calle,Ninguna,Oscuro con iluminacion,Despejado,No,NO APLICA,88,88,88,88,1,23/12/2022,2
22,Louisiana,220751,1,1,1,0,73,OUACHITA (73),0,NO APLICA,12,Diciembre,31,2022,7,10,US-165,2,US Highway,Urbano,Arteria Principal,State Highway Agency,1,Sin jurisdiccion especial,1726,32.42822222,-92.09275278,Ciclista,El primer evento no fue una colision con un vehiculo automotor en transporte,Not an Intersection,No fue interseccion,Sobre calle,Ninguna,Oscuro sin iluminacion,Neblina o Humo,No,NO APLICA,99,99,99,99,1,31/12/2022,1
22,Louisiana,220752,0,0,2,0,99,ST. MARTIN (99),250,BREAUX BRIDGE,5,Mayo,26,2022,13,44,SR-94,3,Highway estatal,Urbano,Arteria Menor,State Highway Agency,0,Sin jurisdiccion especial,72,30.27866944,-91.91467222,Vehiculo en movimiento,Frente a frente,Not an Intersection,No fue interseccion,Sobre calle,Ninguna,Dia total,Nublado,No,NO APLICA,99,99,99,99,1,26/05/2022,3
22,Louisiana,220753,0,0,3,0,33,EAST BATON ROUGE (33),150,BATON ROUGE,9,Septiembre,13,2022,5,50,I-110,1,Interestatal,Urbano,Interestatal,State Highway Agency,1,Sin jurisdiccion especial,33,30.47312778,-91.16708611,Puente de Ferrocarril,El primer evento no fue una colision con un vehiculo automotor en transporte,Not an Intersection,No fue interseccion,Sobre el lado de la calle,Ninguna,Oscuro con iluminacion,Despejado,No,NO APLICA,99,99,99,99,3,13/09/2022,5
22,Louisiana,220754,0,0,3,0,33,EAST BATON ROUGE (33),150,BATON ROUGE,9,Septiembre,19,2022,14,30,CR-WINBOURNE AVE,4,Calle del Condado,Urbano,Local,County Highway Agency,9,Sin jurisdiccion especial,99998,30.47836389,-91.15651111,Vehiculo en movimiento,Angulo,Four-Way Intersection,Interseccion de 4 direcciones,Sobre calle,Ninguna,Dia total,Despejado,No,NO APLICA,99,99,99,99,1,19/09/2022,6
22,Louisiana,220755,0,0,1,0,33,EAST BATON ROUGE (33),1955,PRIDE,10,Octubre,20,2022,16,5,SR-37,3,Highway estatal,Rural,Colector Mayor,State Highway Agency,0,Sin jurisdiccion especial,163,30.61326111,-90.96408889,Arbol,El primer evento no fue una colision con un vehiculo automotor en transporte,Not an Intersection,No fue interseccion,Fuera de la calle,Ninguna,Dia total,Despejado,No,NO APLICA,88,88,88,88,1,20/10/2022,1
22,Louisiana,220756,1,1,2,0,71,ORLEANS (71),1690,NEW ORLEANS,10,Octubre,22,2022,3,42,I-10,1,Interestatal,Urbano,Interestatal,State Highway Agency,1,Sin jurisdiccion especial,2324,29.98295556,-90.11446667,Peaton,El primer evento no fue una colision con un vehiculo automotor en transporte,Not an Intersection,No fue interseccion,Sobre calle,Ninguna,Oscuro sin iluminacion,Despejado,No,NO APLICA,99,99,99,99,1,22/10/2022,1
22,Louisiana,220757,0,0,2,0,117,WASHINGTON (117),0,NO APLICA,10,Octubre,31,2022,2,53,SR-25,3,Highway estatal,Rural,Arteria Menor,State Highway Agency,0,Sin jurisdiccion especial,372,30.98109722,-90.18028611,Vehiculo en movimiento,Frente a frente,Not an Intersection,No fue interseccion,Sobre calle,Ninguna,Oscuro sin iluminacion,Despejado,No,NO APLICA,99,99,99,99,1,31/10/2022,2
22,Louisiana,220758,0,0,2,0,103,ST. TAMMANY (103),0,NO APLICA,11,Noviembre,11,2022,22,45,I-12,1,Interestatal,Urbano,Interestatal,State Highway Agency,1,Sin jurisdiccion especial,770,30.33253611,-89.88094167,Vehiculo en movimiento,Frente a Detrás,Not an Intersection,No fue interseccion,Sobre calle,Ninguna,Oscuro sin iluminacion,Despejado,No,NO APLICA,88,88,88,88,1,11/11/2022,2
22,Louisiana,220759,0,0,3,0,33,EAST BATON ROUGE (33),0,NO APLICA,11,Noviembre,12,2022,22,33,US-61,2,US Highway,Urbano,Arteria Principal,State Highway Agency,1,Sin jurisdiccion especial,921,30.64681667,-91.2477,Vehiculo en movimiento,Frente a Detrás,T-Intersection,Interseccion de T,Sobre calle,Ninguna,Oscuro con iluminacion,Despejado,No,NO APLICA,99,99,99,99,1,12/11/2022,3
22,Louisiana,220760,0,0,1,0,63,LIVINGSTON (63),0,NO APLICA,11,Noviembre,19,2022,0,20,SR-1034,3,Highway estatal,Urbano,Arteria Menor,State Highway Agency,0,Sin jurisdiccion especial,8,30.44571389,-90.95623333,Banqueta,El primer evento no fue una colision con un vehiculo automotor en transporte,Not an Intersection,No fue interseccion,Sobre el lado de la calle,Ninguna,Oscuro sin iluminacion,Despejado,No,NO APLICA,99,99,99,99,2,19/11/2022,3
22,Louisiana,220761,0,0,2,0,3,ALLEN (3),0,NO APLICA,11,Noviembre,22,2022,17,45,SR-26,3,Highway estatal,Rural,Arteria Menor,State Highway Agency,0,Sin jurisdiccion especial,421,30.56117222,-92.67153611,Vehiculo en movimiento,Angulo,Not an Intersection,No fue interseccion,Sobre calle,Ninguna,Atardecer,Despejado,No,NO APLICA,99,99,99,99,1,22/11/2022,2
22,Louisiana,220762,0,0,1,0,77,POINTE COUPEE (77),0,NO APLICA,11,Noviembre,23,2022,19,49,SR-78,3,Highway estatal,Rural,Colector Mayor,State Highway Agency,0,Sin jurisdiccion especial,55,30.61599167,-91.51466389,Zanja,El primer evento no fue una colision con un vehiculo automotor en transporte,Not an Intersection,No fue interseccion,Sobre el lado de la calle,Ninguna,Oscuro sin iluminacion,Despejado,No,NO APLICA,99,99,99,99,1,23/11/2022,1
22,Louisiana,220763,0,0,3,0,63,LIVINGSTON (63),0,NO APLICA,11,Noviembre,23,2022,21,0,SR-16,3,Highway estatal,Urbano,Arteria Menor,State Highway Agency,0,Sin jurisdiccion especial,309,30.58688056,-90.95203611,Vehiculo en movimiento,Angulo,T-Intersection,Interseccion de T,Sobre calle,Ninguna,Oscuro sin iluminacion,Despejado,No,NO APLICA,99,99,99,99,1,23/11/2022,3
22,Louisiana,220764,0,0,1,0,89,ST. CHARLES (89),0,NO APLICA,11,Noviembre,25,2022,18,42,SR-18,3,Highway estatal,Urbano,Arteria Menor,State Highway Agency,0,Sin jurisdiccion especial,580,29.93002778,-90.32874722,Arbol,El primer evento no fue una colision con un vehiculo automotor en transporte,Not an Intersection,No fue interseccion,Sobre el lado de la calle,Ninguna,Oscuro sin iluminacion,Despejado,No,NO APLICA,99,99,99,99,1,25/11/2022,2
22,Louisiana,220765,0,0,1,0,105,TANGIPAHOA (105),0,NO APLICA,12,Diciembre,6,2022,16,22,SR-40,3,Highway estatal,Rural,Colector Mayor,State Highway Agency,0,Sin jurisdiccion especial,225,30.6213,-90.29865833,Acotamiento,El primer evento no fue una colision con un vehiculo automotor en transporte,Not an Intersection,No fue interseccion,Sobre el lado de la calle,Ninguna,Oscuro sin iluminacion,Despejado,No,NO APLICA,99,99,99,99,2,06/12/2022,2
22,Louisiana,220766,3,3,2,1,69,NATCHITOCHES (69),0,NO APLICA,12,Diciembre,6,2022,19,13,I-49,1,Interestatal,Rural,Interestatal,State Highway Agency,1,Sin jurisdiccion especial,1498,31.84251111,-93.28553611,Vehiculo Aparcado,El primer evento no fue una colision con un vehiculo automotor en transporte,Not an Intersection,No fue interseccion,Sobre Acotamiento,Ninguna,Oscuro sin iluminacion,Despejado,No,NO APLICA,99,99,99,99,3,06/12/2022,1