Estado,Nombre de Estado,Numero de Caso,Peatones,Personas _no_vehiculos,Vehiculos automotores,Vehiculos estacionados,Condado,Nombre Condado,Ciudad,Nombre Ciudad,Mes,Nombre Mes,Dia,Año,Hora,Minuto,Calle,Ruta,Nombre Ruta,Rural o Urbanoo,Sistema Funcional,Dueño Calle,Sistema Nacional Carreteras,Jurisdiccion Especial,Milla,Latitud,Longitud,Causa del Accidente,Tipo de Accidente,Tipo Interseccion,Columna1,Lugar en la calle,Zona de Trabajo,Luz,Clima,Autobus Escolar,Cruce de Trenes,Hora Notificacion,Minuto Notificacion,Hora Llegada,Minuto Llegada,Decesos,Fecha,PersonaVehiculo
22,Louisiana,220767,0,0,1,0,73,OUACHITA (73),1560,MONROE,12,Diciembre,7,2022,10,13,I-20,1,Interestatal,Urbano,Interestatal,State Highway Agency,1,Sin jurisdiccion especial,1202,32.4946,-92.05770278,Soporte de Puente,El primer evento no fue una colision con un vehiculo automotor en transporte,Not an Intersection,No fue interseccion,Sobre el lado de la calle,Ninguna,Dia total,Despejado,No,NO APLICA,99,99,99,99,1,07/12/2022,1
22,Louisiana,220768,1,1,1,0,37,EAST FELICIANA (37),0,NO APLICA,12,Diciembre,7,2022,20,30,SR-63,3,Highway estatal,Rural,Colector Mayor,State Highway Agency,0,Sin jurisdiccion especial,400,30.73963333,-90.85656111,Peaton,El primer evento no fue una colision con un vehiculo automotor en transporte,Not an Intersection,No fue interseccion,Sobre calle,Ninguna,Oscuro sin iluminacion,Despejado,No,NO APLICA,99,99,99,99,1,07/12/2022,1
22,Louisiana,220769,1,1,1,0,51,JEFFERSON (51),0,NO APLICA,12,Diciembre,9,2022,21,5,POWER BLVD,6,Calle Local Municipalidad,Rural,Local,City or Municipal Highway Agency,0,Sin jurisdiccion especial,0,30.01381389,-90.22325556,Peaton,El primer evento no fue una colision con un vehiculo automotor en transporte,Not an Intersection,No fue interseccion,Sobre calle,Ninguna,Oscuro con iluminacion,Despejado,No,NO APLICA,99,99,99,99,1,09/12/2022,1
22,Louisiana,220770,0,0,2,0,105,TANGIPAHOA (105),0,NO APLICA,12,Diciembre,11,2022,4,53,SR-445,3,Highway estatal,Rural,Colector Mayor,State Highway Agency,0,Sin jurisdiccion especial,102,30.57675278,-90.32912778,Vehiculo en movimiento,Angulo,Not an Intersection,No fue interseccion,Sobre calle,Ninguna,Oscuro sin iluminacion,Nublado,No,NO APLICA,99,99,99,99,1,11/12/2022,2
22,Louisiana,220771,0,0,1,0,103,ST. TAMMANY (103),0,NO APLICA,12,Diciembre,11,2022,13,14,I-12,1,Interestatal,Urbano,Interestatal,State Highway Agency,1,Sin jurisdiccion especial,836,30.31044722,-89.77563889,Poste,El primer evento no fue una colision con un vehiculo automotor en transporte,Not an Intersection,No fue interseccion,Sobre el lado de la calle,Ninguna,Dia total,Nublado,No,NO APLICA,99,99,99,99,1,11/12/2022,1
22,Louisiana,220772,0,0,2,0,117,WASHINGTON (117),0,NO APLICA,12,Diciembre,11,2022,20,44,SR-25,3,Highway estatal,Rural,Arteria Menor,State Highway Agency,0,Sin jurisdiccion especial,190,30.74827778,-90.17974722,Vehiculo en movimiento,Angulo,Not an Intersection,No fue interseccion,Sobre calle,Ninguna,Oscuro sin iluminacion,Despejado,No,NO APLICA,99,99,99,99,1,11/12/2022,2
22,Louisiana,220773,1,1,1,0,57,LAFOURCHE (57),0,NO APLICA,12,Diciembre,11,2022,21,49,SR-308,3,Highway estatal,Rural,Arteria Menor,State Highway Agency,0,Sin jurisdiccion especial,522,29.69144167,-90.54866667,Peaton,El primer evento no fue una colision con un vehiculo automotor en transporte,Not an Intersection,No fue interseccion,Sobre calle,Ninguna,Oscuro sin iluminacion,Neblina o Humo,No,NO APLICA,99,99,99,99,1,11/12/2022,2
22,Louisiana,220774,0,0,1,0,29,CONCORDIA (29),0,NO APLICA,12,Diciembre,14,2022,16,38,SR-565,3,Highway estatal,Rural,Colector Menor,State Highway Agency,0,Sin jurisdiccion especial,219,31.5614,-91.8029,Acotamiento,El primer evento no fue una colision con un vehiculo automotor en transporte,Not an Intersection,No fue interseccion,Sobre el lado de la calle,Ninguna,Atardecer,Despejado,No,NO APLICA,99,99,99,99,1,14/12/2022,1
22,Louisiana,220775,0,0,2,0,33,EAST BATON ROUGE (33),150,BATON ROUGE,8,Agosto,31,2022,20,39,CR-WHITE OAK DRIVE,6,Calle Local Municipalidad,Urbano,Local,City or Municipal Highway Agency,0,Sin jurisdiccion especial,99999,30.46583056,-91.06818333,Vehiculo en movimiento,Angulo,Four-Way Intersection,Interseccion de 4 direcciones,Sobre calle,Ninguna,Oscuro con iluminacion,Despejado,No,NO APLICA,99,99,99,99,1,31/08/2022,3
22,Louisiana,220776,0,0,4,0,17,CADDO (17),2130,SHREVEPORT,9,Septiembre,20,2022,14,41,SR-511,3,Highway estatal,Urbano,Arteria Principal,State Highway Agency,1,Sin jurisdiccion especial,146,32.44340556,-93.71354444,Vehiculo en movimiento,Angulo,Four-Way Intersection,Interseccion de 4 direcciones,Sobre calle,Ninguna,Dia total,Despejado,No,NO APLICA,99,99,99,99,1,20/09/2022,5
22,Louisiana,220777,1,1,1,0,33,EAST BATON ROUGE (33),150,BATON ROUGE,10,Octubre,27,2022,22,7,SR-30,3,Highway estatal,Urbano,Arteria Principal,State Highway Agency,1,Sin jurisdiccion especial,38,30.39127778,-91.174,Peaton,El primer evento no fue una colision con un vehiculo automotor en transporte,Not an Intersection,No fue interseccion,Sobre calle,Ninguna,Oscuro sin iluminacion,Despejado,No,NO APLICA,99,99,99,99,1,27/10/2022,2
22,Louisiana,220778,0,0,2,0,37,EAST FELICIANA (37),0,NO APLICA,11,Noviembre,11,2022,18,53,SR-67,3,Highway estatal,Rural,Arteria Menor,State Highway Agency,0,Sin jurisdiccion especial,195,30.71463889,-91.07732778,Vehiculo en movimiento,Frente a frente,Not an Intersection,No fue interseccion,Sobre calle,Ninguna,Oscuro sin iluminacion,Despejado,No,NO APLICA,99,99,99,99,1,11/11/2022,4
22,Louisiana,220779,1,1,1,0,71,ORLEANS (71),1690,NEW ORLEANS,11,Noviembre,14,2022,8,54,CR-POYDRAS ST,4,Calle del Condado,Urbano,Local,City or Municipal Highway Agency,0,Sin jurisdiccion especial,99999,29.94864167,-90.06601667,Peaton,El primer evento no fue una colision con un vehiculo automotor en transporte,Four-Way Intersection,Interseccion de 4 direcciones,Sobre calle,Ninguna,Dia total,Despejado,No,NO APLICA,88,88,88,88,1,14/11/2022,2
22,Louisiana,220780,0,0,2,0,19,CALCASIEU (19),0,NO APLICA,11,Noviembre,21,2022,22,56,SR-397,3,Highway estatal,Rural,Colector Mayor,State Highway Agency,0,Sin jurisdiccion especial,89,30.14026111,-93.14579167,Vehiculo en movimiento,Angulo,Four-Way Intersection,Interseccion de 4 direcciones,Sobre calle,Ninguna,Oscuro sin iluminacion,Nublado,No,NO APLICA,99,99,99,99,1,21/11/2022,2
22,Louisiana,220781,1,1,1,0,17,CADDO (17),2130,SHREVEPORT,11,Noviembre,27,2022,15,22,CR-KELLY KEY STREET,4,Calle del Condado,Urbano,Local,City or Municipal Highway Agency,0,Sin jurisdiccion especial,99998,32.45165,-93.80378611,Peaton,El primer evento no fue una colision con un vehiculo automotor en transporte,Not an Intersection,No fue interseccion,Sobre calle,Ninguna,Dia total,Despejado,No,NO APLICA,99,99,99,99,1,27/11/2022,1
22,Louisiana,220782,0,0,2,0,105,TANGIPAHOA (105),0,NO APLICA,12,Diciembre,1,2022,12,6,CR-CHARLES MCDANIEL RD,4,Calle del Condado,Rural,Local,County Highway Agency,0,Sin jurisdiccion especial,0,30.83781389,-90.32946944,Algún evento nocivo sin detalles,El primer evento no fue una colision con un vehiculo automotor en transporte,Not an Intersection,No fue interseccion,"Fuera de la calle, ubicacion desconocida",Ninguna,Dia total,Despejado,No,NO APLICA,99,99,99,99,1,01/12/2022,4
22,Louisiana,220783,0,0,1,0,105,TANGIPAHOA (105),0,NO APLICA,12,Diciembre,3,2022,14,45,SR-442,3,Highway estatal,Rural,Colector Mayor,State Highway Agency,0,Sin jurisdiccion especial,208,30.60521667,-90.43659722,Arbol,El primer evento no fue una colision con un vehiculo automotor en transporte,Not an Intersection,No fue interseccion,Sobre el lado de la calle,Ninguna,Dia total,Nublado,No,NO APLICA,88,88,88,88,1,03/12/2022,1
22,Louisiana,220784,0,0,1,0,47,IBERVILLE (47),1072,SAINT GABRIEL,9,Septiembre,17,2022,10,39,CR-POINT CLAIR ROAD,6,Calle Local Municipalidad,Rural,Local,City or Municipal Highway Agency,0,Desconocido,99999,30.20104167,-91.15103333,Volcadura,El primer evento no fue una colision con un vehiculo automotor en transporte,Not an Intersection,No fue interseccion,Sobre calle,Ninguna,Dia total,No reportado,No,NO APLICA,99,99,99,99,1,17/09/2022,2
22,Louisiana,220785,0,0,3,0,103,ST. TAMMANY (103),0,NO APLICA,8,Agosto,8,2022,2,40,I-12,1,Interestatal,Urbano,Interestatal,State Highway Agency,1,Sin jurisdiccion especial,587,30.45117778,-90.15487222,Vehiculo en movimiento,Frente a Detrás,Not an Intersection,No fue interseccion,Sobre calle,Ninguna,Oscuro sin iluminacion,Despejado,No,NO APLICA,99,99,99,99,1,08/08/2022,4
22,Louisiana,220786,0,0,1,0,3,ALLEN (3),0,NO APLICA,12,Diciembre,16,2022,13,12,SR-10,3,Highway estatal,Rural,Arteria Menor,State Highway Agency,0,Sin jurisdiccion especial,455,30.80164167,-92.60562778,Zanja,El primer evento no fue una colision con un vehiculo automotor en transporte,Not an Intersection,No fue interseccion,Sobre el lado de la calle,Ninguna,Dia total,Despejado,No,NO APLICA,99,99,99,99,1,16/12/2022,1
22,Louisiana,220787,1,1,1,0,105,TANGIPAHOA (105),0,NO APLICA,12,Diciembre,16,2022,17,47,SR-10,3,Highway estatal,Rural,Colector Mayor,State Highway Agency,0,Sin jurisdiccion especial,2170,30.814425,-90.38395,Peaton,El primer evento no fue una colision con un vehiculo automotor en transporte,Not an Intersection,No fue interseccion,Sobre calle,Ninguna,Oscuro sin iluminacion,Despejado,No,NO APLICA,99,99,99,99,1,16/12/2022,4
22,Louisiana,220788,0,0,2,0,71,ORLEANS (71),1690,NEW ORLEANS,12,Diciembre,16,2022,19,36,GENTILLY BLVD,6,Calle Local Municipalidad,Urbano,Local,City or Municipal Highway Agency,0,Sin jurisdiccion especial,0,29.99286389,-90.06706389,Vehiculo en movimiento,Angulo,T-Intersection,Interseccion de T,Sobre calle,Ninguna,Oscuro con iluminacion,Despejado,No,NO APLICA,99,99,99,99,1,16/12/2022,2
22,Louisiana,220789,0,0,3,0,103,ST. TAMMANY (103),0,NO APLICA,12,Diciembre,18,2022,4,27,I-12,1,Interestatal,Rural,Interestatal,State Highway Agency,1,Sin jurisdiccion especial,613,30.43755833,-90.11288889,Vehiculo en movimiento,Angulo,Not an Intersection,No fue interseccion,Sobre calle,Construccion,Oscuro sin iluminacion,Despejado,No,NO APLICA,99,99,99,99,1,18/12/2022,6
22,Louisiana,220790,1,1,1,0,87,ST. BERNARD (87),0,NO APLICA,12,Diciembre,19,2022,14,28,SR-46,3,Highway estatal,Urbano,Arteria Menor,State Highway Agency,0,Sin jurisdiccion especial,73,29.93038333,-89.95319444,Ciclista,El primer evento no fue una colision con un vehiculo automotor en transporte,Not an Intersection,No fue interseccion,Sobre calle,Ninguna,Dia total,Nublado,No,NO APLICA,99,99,99,99,1,19/12/2022,1
22,Louisiana,220791,0,0,1,0,75,PLAQUEMINES (75),0,NO APLICA,12,Diciembre,19,2022,18,40,SR-23,3,Highway estatal,Rural,Arteria Menor,State Highway Agency,0,Sin jurisdiccion especial,468,29.62279722,-89.92323889,Poste,El primer evento no fue una colision con un vehiculo automotor en transporte,Not an Intersection,No fue interseccion,Sobre el lado de la calle,Ninguna,Oscuro con iluminacion,lluvia,No,NO APLICA,99,98,99,98,1,19/12/2022,1
22,Louisiana,220792,1,1,1,0,71,ORLEANS (71),1690,NEW ORLEANS,12,Diciembre,20,2022,17,41,US-90,2,US Highway,Urbano,Arteria Principal,State Highway Agency,1,Sin jurisdiccion especial,2641,30.00661111,-90.03324167,Peaton,El primer evento no fue una colision con un vehiculo automotor en transporte,Not an Intersection,No fue interseccion,Sobre calle,Ninguna,Oscuro con iluminacion,Despejado,No,NO APLICA,99,99,99,99,1,20/12/2022,3
22,Louisiana,220793,0,0,1,0,33,EAST BATON ROUGE (33),150,BATON ROUGE,12,Diciembre,21,2022,3,6,I-110,1,Interestatal,Urbano,Interestatal,State Highway Agency,1,Sin jurisdiccion especial,48,30.49492222,-91.16187222,Barrera de Trafico de Concreto,El primer evento no fue una colision con un vehiculo automotor en transporte,Not an Intersection,No fue interseccion,Sobre el lado de la calle,Ninguna,Oscuro con iluminacion,Despejado,No,NO APLICA,99,99,99,99,1,21/12/2022,1
22,Louisiana,220794,0,0,2,0,5,ASCENSION (5),0,NO APLICA,12,Diciembre,22,2022,14,10,SR-928,3,Highway estatal,Urbano,Arteria Menor,State Highway Agency,0,Sin jurisdiccion especial,1,30.25618889,-91.010225,Vehiculo en movimiento,Frente a frente,Not an Intersection,No fue interseccion,Sobre calle,Ninguna,Dia total,Nublado,No,NO APLICA,99,99,99,99,1,22/12/2022,2
22,Louisiana,220795,0,0,2,0,71,ORLEANS (71),1690,NEW ORLEANS,12,Diciembre,22,2022,20,46,US-90,2,US Highway,Urbano,Interestatal,State Highway Agency,1,Sin jurisdiccion especial,135,29.95011111,-90.08508056,Vehiculo en movimiento,Frente a frente,Not an Intersection,No fue interseccion,Sobre calle,Ninguna,Oscuro sin iluminacion,Despejado,No,NO APLICA,88,88,88,88,1,22/12/2022,1
22,Louisiana,220796,0,0,1,0,99,ST. MARTIN (99),0,NO APLICA,12,Diciembre,24,2022,0,5,SR-347,3,Highway estatal,Rural,Colector Mayor,State Highway Agency,0,Sin jurisdiccion especial,82,30.15234167,-91.80840833,Arbol,El primer evento no fue una colision con un vehiculo automotor en transporte,Not an Intersection,No fue interseccion,Sobre el lado de la calle,Ninguna,Oscuro sin iluminacion,Despejado,No,NO APLICA,99,99,99,99,1,24/12/2022,1
22,Louisiana,220797,0,0,1,0,25,CATAHOULA (25),0,NO APLICA,12,Diciembre,25,2022,13,50,US-425,2,US Highway,Rural,Arteria Principal,State Highway Agency,1,Sin jurisdiccion especial,182,31.74033333,-91.5408,Volcadura,El primer evento no fue una colision con un vehiculo automotor en transporte,Not an Intersection,No fue interseccion,En el medio,Ninguna,Dia total,Despejado,No,NO APLICA,88,88,88,88,1,25/12/2022,1
22,Louisiana,220798,0,0,1,0,57,LAFOURCHE (57),0,NO APLICA,12,Diciembre,25,2022,20,10,SR-308,3,Highway estatal,Urbano,Colector Mayor,State Highway Agency,1,Sin jurisdiccion especial,364,29.77831389,-90.77409167,Zanja,El primer evento no fue una colision con un vehiculo automotor en transporte,Not an Intersection,No fue interseccion,Sobre el lado de la calle,Ninguna,Oscuro sin iluminacion,Despejado,No,NO APLICA,99,99,99,99,1,25/12/2022,2
22,Louisiana,220799,0,0,3,0,57,LAFOURCHE (57),0,NO APLICA,12,Diciembre,27,2022,15,57,SR-1,3,Highway estatal,Rural,Arteria Menor,State Highway Agency,1,Militar,262,29.28590556,-90.23048611,Vehiculo en movimiento,Golpe Lateral - direccion contraria,Not an Intersection,No fue interseccion,Sobre calle,Ninguna,Dia total,Despejado,No,NO APLICA,99,99,99,99,2,27/12/2022,3
22,Louisiana,220800,0,0,1,0,91,ST. HELENA (91),0,NO APLICA,12,Diciembre,28,2022,19,42,CR-LEONARD CHAPEL RD,4,Calle del Condado,Rural,Local,City or Municipal Highway Agency,0,Sin jurisdiccion especial,99998,30.70021944,-90.57819167,Culvert,El primer evento no fue una colision con un vehiculo automotor en transporte,Not an Intersection,No fue interseccion,Sobre el lado de la calle,Ninguna,Oscuro sin iluminacion,Despejado,No,NO APLICA,99,99,99,99,1,28/12/2022,2
22,Louisiana,220801,1,1,1,0,71,ORLEANS (71),1690,NEW ORLEANS,12,Diciembre,30,2022,22,36,I-10 SERVICE ROAD,1,Interestatal,Urbano,Interestatal,State Highway Agency,1,Sin jurisdiccion especial,2453,30.04355,-89.96467778,Peaton,El primer evento no fue una colision con un vehiculo automotor en transporte,T-Intersection,Interseccion de T,Sobre calle,Ninguna,Oscuro sin iluminacion,Neblina o Humo,No,NO APLICA,88,88,88,88,1,30/12/2022,1
22,Louisiana,220802,0,0,2,0,31,DE SOTO (31),0,NO APLICA,12,Diciembre,31,2022,13,42,SR-177,3,Highway estatal,Rural,Colector Mayor,State Highway Agency,0,Sin jurisdiccion especial,94,31.98792222,-93.44289444,Vehiculo en movimiento,Angulo,T-Intersection,Interseccion de T,Sobre calle,Ninguna,Dia total,Despejado,No,NO APLICA,99,99,99,99,1,31/12/2022,2
22,Louisiana,220803,1,1,2,0,33,EAST BATON ROUGE (33),150,BATON ROUGE,8,Agosto,16,2022,23,9,I-110,1,Interestatal,Urbano,Interestatal,State Highway Agency,1,Sin jurisdiccion especial,19,30.45770278,-91.17221667,Vehiculo en movimiento,Frente a Detrás,Not an Intersection,No fue interseccion,Sobre calle,Ninguna,Oscuro con iluminacion,Despejado,No,NO APLICA,99,99,99,99,1,16/08/2022,2
22,Louisiana,220804,0,0,1,0,61,LINCOLN (61),0,NO APLICA,9,Septiembre,7,2022,19,10,US-167,2,US Highway,Urbano,Arteria Principal,State Highway Agency,1,Sin jurisdiccion especial,156,32.75248889,-92.66033889,Volcadura,El primer evento no fue una colision con un vehiculo automotor en transporte,Not an Intersection,No fue interseccion,Sobre el lado de la calle,Ninguna,Atardecer,Despejado,No,NO APLICA,19,58,20,18,1,07/09/2022,1
22,Louisiana,220805,0,0,2,0,73,OUACHITA (73),0,NO APLICA,9,Septiembre,12,2022,15,55,SR-151,3,Highway estatal,Rural,Colector Menor,State Highway Agency,0,Sin jurisdiccion especial,437,32.57895833,-92.39401389,Vehiculo en movimiento,Angulo,Not an Intersection,No fue interseccion,Sobre calle,Ninguna,Dia total,Despejado,No,NO APLICA,15,56,16,14,1,12/09/2022,3
22,Louisiana,220806,0,0,1,0,41,FRANKLIN (41),0,NO APLICA,9,Septiembre,17,2022,0,43,SR-135,3,Highway estatal,Rural,Colector Mayor,State Highway Agency,0,Sin jurisdiccion especial,58,32.12578889,-91.85223889,Arbol,El primer evento no fue una colision con un vehiculo automotor en transporte,Not an Intersection,No fue interseccion,Sobre el lado de la calle,Ninguna,Oscuro sin iluminacion,Despejado,No,NO APLICA,0,46,0,58,1,17/09/2022,1
22,Louisiana,220807,1,1,1,0,15,BOSSIER (15),0,NO APLICA,10,Octubre,14,2022,21,39,US-80,2,US Highway,Urbano,Arteria Menor,State Highway Agency,0,Sin jurisdiccion especial,286,32.55610556,-93.61903333,Peaton,El primer evento no fue una colision con un vehiculo automotor en transporte,Not an Intersection,No fue interseccion,Sobre calle,Ninguna,Oscuro sin iluminacion,Despejado,No,NO APLICA,99,99,99,99,1,14/10/2022,1
22,Louisiana,220808,1,1,1,0,33,EAST BATON ROUGE (33),150,BATON ROUGE,10,Octubre,19,2022,8,5,US-61,2,US Highway,Urbano,Arteria Principal,State Highway Agency,1,Sin jurisdiccion especial,784,30.49737222,-91.127675,Peaton,El primer evento no fue una colision con un vehiculo automotor en transporte,Not an Intersection,No fue interseccion,Sobre calle,Ninguna,Dia total,Despejado,No,NO APLICA,99,99,99,99,1,19/10/2022,1
22,Louisiana,220809,0,0,1,0,95,ST. JOHN THE BAPTIST (95),0,NO APLICA,10,Octubre,23,2022,2,32,CR-51,4,Calle del Condado,Rural,Local,County Highway Agency,0,Sin jurisdiccion especial,0,30.28074722,-90.40025556,Otro objeto (fijo),El primer evento no fue una colision con un vehiculo automotor en transporte,Not an Intersection,No fue interseccion,Sobre el lado de la calle,Ninguna,Oscuro sin iluminacion,Despejado,No,NO APLICA,99,99,99,99,1,23/10/2022,1
22,Louisiana,220810,0,0,1,0,99,ST. MARTIN (99),1026,HENDERSON,10,Octubre,30,2022,14,30,I-10,1,Interestatal,Rural,Interestatal,State Highway Agency,1,Sin jurisdiccion especial,1173,30.32148333,-91.80108889,Volcadura,El primer evento no fue una colision con un vehiculo automotor en transporte,Not an Intersection,No fue interseccion,Sobre el lado de la calle,Ninguna,Dia total,Despejado,No,NO APLICA,99,99,99,99,1,30/10/2022,2
22,Louisiana,220811,0,0,1,0,37,EAST FELICIANA (37),0,NO APLICA,11,Noviembre,9,2022,3,24,SR-19,3,Highway estatal,Rural,Arteria Menor,State Highway Agency,0,Sin jurisdiccion especial,207,30.81290278,-91.12114722,Buzon de correo,El primer evento no fue una colision con un vehiculo automotor en transporte,Not an Intersection,No fue interseccion,Sobre el lado de la calle,Ninguna,Oscuro sin iluminacion,Despejado,No,NO APLICA,99,99,99,99,1,09/11/2022,1
22,Louisiana,220812,0,0,1,0,37,EAST FELICIANA (37),0,NO APLICA,11,Noviembre,15,2022,15,0,SR-960,3,Highway estatal,Rural,Local,State Highway Agency,0,Sin jurisdiccion especial,10,30.76223333,-90.85700556,Culvert,El primer evento no fue una colision con un vehiculo automotor en transporte,Not an Intersection,No fue interseccion,Sobre el lado de la calle,Ninguna,Dia total,Despejado,No,NO APLICA,99,99,99,99,1,15/11/2022,1
22,Louisiana,220813,0,0,3,0,93,ST. JAMES (93),1360,LUTCHER,12,Diciembre,9,2022,21,11,SR-3125,3,Highway estatal,Urbano,Colector Mayor,State Highway Agency,0,Sin jurisdiccion especial,121,30.05915556,-90.70675278,Vehiculo en movimiento,Frente a frente,T-Intersection,Interseccion de T,Sobre calle,Ninguna,Oscuro con iluminacion,Despejado,No,NO APLICA,99,99,99,99,2,09/12/2022,4
22,Louisiana,220814,0,0,1,0,63,LIVINGSTON (63),0,NO APLICA,12,Diciembre,12,2022,8,29,SR-1036,3,Highway estatal,Rural,Colector Menor,State Highway Agency,0,Sin jurisdiccion especial,25,30.53343889,-90.69647778,Arbol,El primer evento no fue una colision con un vehiculo automotor en transporte,Not an Intersection,No fue interseccion,Sobre el lado de la calle,Ninguna,Dia total,Despejado,No,NO APLICA,99,99,99,99,1,12/12/2022,1
22,Louisiana,220815,1,1,1,0,63,LIVINGSTON (63),0,NO APLICA,12,Diciembre,13,2022,21,0,SR-42,3,Highway estatal,Urbano,Colector Menor,State Highway Agency,0,Sin jurisdiccion especial,470,30.4371,-90.56122222,Ciclista,El primer evento no fue una colision con un vehiculo automotor en transporte,T-Intersection,Interseccion de T,Sobre calle,Ninguna,Oscuro sin iluminacion,Despejado,No,NO APLICA,99,99,99,99,1,13/12/2022,1
22,Louisiana,220816,0,0,3,0,19,CALCASIEU (19),0,NO APLICA,12,Diciembre,22,2022,5,19,I-210,1,Interestatal,Urbano,Interestatal,State Highway Agency,1,Sin jurisdiccion especial,20,30.20660278,-93.28470278,Puente de Ferrocarril,El primer evento no fue una colision con un vehiculo automotor en transporte,Not an Intersection,No fue interseccion,Sobre el lado de la calle,Ninguna,Oscuro sin iluminacion,Despejado,No,NO APLICA,99,99,99,99,1,22/12/2022,3
22,Louisiana,220817,0,0,2,0,5,ASCENSION (5),0,NO APLICA,12,Diciembre,26,2022,15,29,US-61,2,US Highway,Urbano,Arteria Principal,State Highway Agency,1,Sin jurisdiccion especial,548,30.224125,-90.89784444,Vehiculo en movimiento,Frente a frente,Not an Intersection,No fue interseccion,Sobre calle,Ninguna,Dia total,Despejado,No,NO APLICA,99,99,99,99,1,26/12/2022,4
22,Louisiana,220818,0,0,1,0,109,TERREBONNE (109),0,NO APLICA,12,Diciembre,29,2022,0,9,SR-315,3,Highway estatal,Urbano,Colector Menor,State Highway Agency,0,Sin jurisdiccion especial,170,29.53645,-90.72145,Acotamiento,El primer evento no fue una colision con un vehiculo automotor en transporte,Not an Intersection,No fue interseccion,Sobre el lado de la calle,Ninguna,Oscuro con iluminacion,Despejado,No,NO APLICA,99,99,99,99,1,29/12/2022,1
22,Louisiana,220819,0,0,2,0,17,CADDO (17),2130,SHREVEPORT,11,Noviembre,9,2022,16,5,CR-JEWELLA AVE,6,Calle Local Municipalidad,Unknown,Local,City or Municipal Highway Agency,0,Sin jurisdiccion especial,99999,32.45926944,-93.79732222,Vehiculo en movimiento,Angulo,T-Intersection,Interseccion de T,Sobre calle,Ninguna,Dia total,Despejado,No,NO APLICA,99,99,99,99,1,09/11/2022,2
22,Louisiana,220820,0,0,1,0,47,IBERVILLE (47),0,NO APLICA,12,Diciembre,19,2022,19,40,I-10,1,Interestatal,Rural,Interestatal,State Highway Agency,1,Sin jurisdiccion especial,1366,30.40460833,-91.49238889,Jackknife (harmful to this vehicle),El primer evento no fue una colision con un vehiculo automotor en transporte,Not an Intersection,No fue interseccion,Sobre Acotamiento,Ninguna,Oscuro sin iluminacion,lluvia,No,NO APLICA,88,88,88,88,1,19/12/2022,1
22,Louisiana,220821,1,1,1,0,93,ST. JAMES (93),0,NO APLICA,11,Noviembre,21,2022,18,49,SR-3125,3,Highway estatal,Urbano,Colector Mayor,State Highway Agency,0,Sin jurisdiccion especial,94,30.04026389,-90.7462,Peaton,El primer evento no fue una colision con un vehiculo automotor en transporte,Four-Way Intersection,Interseccion de 4 direcciones,Sobre calle,Ninguna,Oscuro sin iluminacion,Despejado,No,NO APLICA,99,99,99,99,1,21/11/2022,1
22,Louisiana,220822,2,2,2,1,33,EAST BATON ROUGE (33),150,BATON ROUGE,12,Diciembre,13,2022,13,55,US-190,2,US Highway,Urbano,Arteria Principal,State Highway Agency,1,Sin jurisdiccion especial,1848,30.46049444,-91.047275,Peaton,El primer evento no fue una colision con un vehiculo automotor en transporte,Four-Way Intersection,Interseccion de 4 direcciones,Sobre calle,Ninguna,Dia total,Nublado,No,NO APLICA,99,99,99,99,1,13/12/2022,1
22,Louisiana,220823,0,0,2,0,7,ASSUMPTION (7),0,NO APLICA,12,Diciembre,22,2022,14,47,US-90,2,US Highway,Urbano,Arterial Principal -Freeway o ExpressWay,State Highway Agency,1,Sin jurisdiccion especial,1842,29.66868611,-91.07367778,Vehiculo en movimiento,Golpe Lateral - misma direccion,Not an Intersection,No fue interseccion,Sobre calle,Ninguna,Dia total,Nublado,No,NO APLICA,99,99,99,99,1,22/12/2022,4
22,Louisiana,220824,0,0,3,0,51,JEFFERSON (51),950,GRETNA,12,Diciembre,15,2022,23,46,US-90 BUSINESS,2,US Highway,Urbano,Interestatal,State Highway Agency,1,Sin jurisdiccion especial,86,29.91343056,-90.05056667,Vehiculo en movimiento,Frente a Detrás,Not an Intersection,No fue interseccion,Sobre calle,Ninguna,Oscuro con iluminacion,Despejado,No,NO APLICA,99,99,99,99,1,15/12/2022,4
22,Louisiana,220825,1,1,1,0,33,EAST BATON ROUGE (33),150,BATON ROUGE,10,Octubre,9,2022,0,3,BEN HUR ROAD,6,Calle Local Municipalidad,Urbano,Local,City or Municipal Highway Agency,0,Sin jurisdiccion especial,0,30.38751111,-91.15824167,Peaton,El primer evento no fue una colision con un vehiculo automotor en transporte,Four-Way Intersection,Interseccion de 4 direcciones,Sobre calle,Ninguna,Oscuro sin iluminacion,Despejado,No,NO APLICA,99,99,99,99,1,09/10/2022,1
22,Louisiana,220826,0,0,2,0,127,WINN (127),2440,WINNFIELD,7,Julio,30,2022,20,43,MARTIN LUTHER KING,6,Calle Local Municipalidad,Urbano,Local,City or Municipal Highway Agency,0,Sin jurisdiccion especial,0,31.92041111,-92.64435,Vehiculo en movimiento,Angulo,Four-Way Intersection,Interseccion de 4 direcciones,Sobre calle,Ninguna,Oscuro - iluminacion desconocida,Despejado,No,NO APLICA,20,45,20,54,1,30/07/2022,3