Estado,Nombre de Estado,Numero de Caso,Peatones,Personas _no_vehiculos,Vehiculos automotores,Vehiculos estacionados,Condado,Nombre Condado,Ciudad,Nombre Ciudad,Mes,Nombre Mes,Dia,Año,Hora,Minuto,Calle,Ruta,Nombre Ruta,Rural o Urbanoo,Sistema Funcional,Dueño Calle,Sistema Nacional Carreteras,Jurisdiccion Especial,Milla,Latitud,Longitud,Causa del Accidente,Tipo de Accidente,Tipo Interseccion,Columna1,Lugar en la calle,Zona de Trabajo,Luz,Clima,Autobus Escolar,Cruce de Trenes,Hora Notificacion,Minuto Notificacion,Hora Llegada,Minuto Llegada,Decesos,Fecha,PersonaVehiculo
22,Louisiana,220827,0,0,2,1,71,ORLEANS (71),1690,NEW ORLEANS,5,Mayo,4,2022,6,55,GENTILLY BLVD,6,Calle Local Municipalidad,Urbano,Local,City or Municipal Highway Agency,0,Sin jurisdiccion especial,0,29.98153889,-90.07722222,Vehiculo Aparcado,El primer evento no fue una colision con un vehiculo automotor en transporte,Not an Intersection,No fue interseccion,En estacionamiento,Ninguna,Dia total,Despejado,No,NO APLICA,6,99,7,5,1,04/05/2022,1
22,Louisiana,220828,0,0,2,0,33,EAST BATON ROUGE (33),9898,Not Reported,7,Julio,10,2022,20,32,CR-MICKENS ROAD,4,Calle del Condado,Rural,Local,County Highway Agency,0,Sin jurisdiccion especial,0,30.51828611,-91.1209,Vehiculo en movimiento,Angulo,Four-Way Intersection,Interseccion de 4 direcciones,Sobre calle,Ninguna,Oscuro con iluminacion,Despejado,No,NO APLICA,20,35,20,41,1,10/07/2022,4
22,Louisiana,220830,0,0,1,0,15,BOSSIER (15),230,BOSSIER CITY,1,Enero,23,2022,10,20,SR-72,3,Highway estatal,Urbano,Arteria Menor,State Highway Agency,0,Sin jurisdiccion especial,22,32.52518056,-93.69073889,Vehiculo Ferrocarril,El primer evento no fue una colision con un vehiculo automotor en transporte,Not an Intersection,No fue interseccion,Sobre calle,Ninguna,Dia total,Despejado,No,302640K,10,20,10,23,1,23/01/2022,1
22,Louisiana,220831,0,0,2,0,47,IBERVILLE (47),1870,PLAQUEMINE,4,Abril,8,2022,20,0,SR-75,3,Highway estatal,Urbano,Arteria Menor,State Highway Agency,0,Sin jurisdiccion especial,230,30.27442778,-91.23686389,Vehiculo en movimiento,Angulo,Not an Intersection,No fue interseccion,Sobre calle,Ninguna,Oscuro con iluminacion,Nublado,No,NO APLICA,19,58,20,3,1,08/04/2022,2
22,Louisiana,220832,0,0,2,0,73,OUACHITA (73),1560,MONROE,4,Abril,14,2022,13,46,US-80,2,US Highway,Urbano,Arteria Principal,State Highway Agency,1,Sin jurisdiccion especial,1273,32.52627222,-92.06394167,Vehiculo en movimiento,Angulo,Not an Intersection,No fue interseccion,Sobre calle,Ninguna,Dia total,Despejado,No,NO APLICA,13,46,13,50,1,14/04/2022,5
22,Louisiana,220833,1,1,1,0,71,ORLEANS (71),1690,NEW ORLEANS,5,Mayo,10,2022,23,41,US-90,2,US Highway,Urbano,Arteria Principal,State Highway Agency,1,Sin jurisdiccion especial,2649,30.009925,-90.02015833,Peaton,El primer evento no fue una colision con un vehiculo automotor en transporte,Not an Intersection,No fue interseccion,Sobre calle,Ninguna,Oscuro con iluminacion,Despejado,No,NO APLICA,23,42,23,50,1,10/05/2022,1
22,Louisiana,220834,0,0,2,0,103,ST. TAMMANY (103),1400,MANDEVILLE,7,Julio,23,2022,11,25,US-190,2,US Highway,Urbano,Arteria Principal,State Highway Agency,1,Sin jurisdiccion especial,2526,30.36748889,-90.06933056,Vehiculo en movimiento,Angulo,Not an Intersection,No fue interseccion,Sobre calle,Ninguna,Dia total,Despejado,No,NO APLICA,11,25,11,27,1,23/07/2022,4
22,Louisiana,220835,0,0,2,0,63,LIVINGSTON (63),9898,Not Reported,12,Diciembre,15,2022,15,0,SR-16,3,Highway estatal,Rural,Arteria Menor,State Highway Agency,0,Sin jurisdiccion especial,348,30.63141667,-90.91581667,Vehiculo en movimiento,Frente a frente,Not an Intersection,No fue interseccion,Sobre calle,Ninguna,Dia total,Despejado,No,NO APLICA,99,99,99,99,1,15/12/2022,3
22,Louisiana,220836,0,0,2,0,37,EAST FELICIANA (37),9898,Not Reported,12,Diciembre,31,2022,0,25,US-61,2,US Highway,Rural,Arteria Principal,State Highway Agency,1,Sin jurisdiccion especial,995,30.74711667,-91.28279167,Vehiculo en movimiento,Angulo,Four-Way Intersection,Interseccion de 4 direcciones,Sobre calle,Ninguna,Oscuro sin iluminacion,Despejado,No,NO APLICA,99,99,99,99,2,31/12/2022,4
22,Louisiana,220837,1,1,1,0,71,ORLEANS (71),1690,NEW ORLEANS,6,Junio,13,2022,11,57,ST ROCH AVENUE,6,Calle Local Municipalidad,Urbano,Local,City or Municipal Highway Agency,0,Sin jurisdiccion especial,0,29.97491111,-90.05248889,Peaton,El primer evento no fue una colision con un vehiculo automotor en transporte,Not an Intersection,No fue interseccion,Sobre calle,Ninguna,Dia total,Despejado,No,NO APLICA,99,99,99,99,1,13/06/2022,1
22,Louisiana,220838,0,0,1,0,105,TANGIPAHOA (105),9898,Not Reported,5,Mayo,15,2022,3,0,CR-THIBODAUX ROAD,4,Calle del Condado,Rural,Local,County Highway Agency,0,Sin jurisdiccion especial,0,30.47555,-90.36451389,Culvert,El primer evento no fue una colision con un vehiculo automotor en transporte,Not an Intersection,No fue interseccion,Sobre el lado de la calle,Ninguna,Oscuro - iluminacion desconocida,Reportado como desconocido,No,NO APLICA,99,99,99,99,1,15/05/2022,2
22,Louisiana,220839,1,1,1,0,71,ORLEANS (71),1690,NEW ORLEANS,8,Agosto,10,2022,10,21,NAPOLEON AVE,6,Calle Local Municipalidad,Urbano,Local,City or Municipal Highway Agency,0,Sin jurisdiccion especial,0,29.92076111,-90.10159722,Peaton,El primer evento no fue una colision con un vehiculo automotor en transporte,T-Intersection,Interseccion de T,Sobre calle,Ninguna,Dia total,Nublado,No,NO APLICA,99,99,99,99,1,10/08/2022,1
22,Louisiana,220840,1,1,1,0,71,ORLEANS (71),1690,NEW ORLEANS,6,Junio,7,2022,5,20,US-90,2,US Highway,Urbano,Arteria Principal,State Highway Agency,1,Sin jurisdiccion especial,2585,29.95746944,-90.08098889,Peaton,El primer evento no fue una colision con un vehiculo automotor en transporte,Four-Way Intersection,Interseccion de 4 direcciones,Sobre calle,Ninguna,Oscuro con iluminacion,Despejado,No,NO APLICA,5,20,5,25,1,07/06/2022,1
22,Louisiana,220841,0,0,1,0,71,ORLEANS (71),1690,NEW ORLEANS,12,Diciembre,4,2022,22,51,I-10,1,Interestatal,Urbano,Interestatal,State Highway Agency,1,Sin jurisdiccion especial,2335,29.96745278,-90.10708333,Volcadura,El primer evento no fue una colision con un vehiculo automotor en transporte,Not an Intersection,No fue interseccion,Sobre el lado de la calle,Ninguna,Oscuro con iluminacion,Despejado,No,NO APLICA,99,99,99,99,1,04/12/2022,2
22,Louisiana,220842,0,0,2,1,77,POINTE COUPEE (77),9898,Not Reported,12,Diciembre,29,2022,10,0,US-190,2,US Highway,Rural,Arteria Principal,State Highway Agency,1,Sin jurisdiccion especial,1559,30.55272222,-91.47635,Vehiculo Aparcado,El primer evento no fue una colision con un vehiculo automotor en transporte,Not an Intersection,No fue interseccion,En estacionamiento,Ninguna,Dia total,Despejado,No,NO APLICA,99,99,99,99,2,29/12/2022,3
22,Louisiana,220843,1,1,1,0,63,LIVINGSTON (63),9898,Not Reported,8,Agosto,31,2022,8,52,I-12,1,Interestatal,Rural,Interestatal,State Highway Agency,1,Sin jurisdiccion especial,211,30.47413611,-90.78043056,Peaton,El primer evento no fue una colision con un vehiculo automotor en transporte,Not an Intersection,No fue interseccion,Sobre calle,Ninguna,Dia total,Despejado,No,NO APLICA,99,99,99,99,1,31/08/2022,1
22,Louisiana,220845,1,1,1,0,33,EAST BATON ROUGE (33),150,BATON ROUGE,9,Septiembre,12,2022,0,14,I-12,1,Interestatal,Urbano,Interestatal,State Highway Agency,1,Sin jurisdiccion especial,9,30.41818889,-91.10668889,Peaton,El primer evento no fue una colision con un vehiculo automotor en transporte,Not an Intersection,No fue interseccion,Gore?,Ninguna,Oscuro con iluminacion,Despejado,No,NO APLICA,99,99,99,99,1,12/09/2022,1
22,Louisiana,220846,0,0,1,0,103,ST. TAMMANY (103),0,NO APLICA,1,Enero,1,2022,3,55,SR-16,3,Highway estatal,Rural,Colector Mayor,State Highway Agency,0,Sin jurisdiccion especial,1070,30.65241944,-89.94516944,Poste de Señal de trafico,El primer evento no fue una colision con un vehiculo automotor en transporte,Not an Intersection,No fue interseccion,Sobre el lado de la calle,Ninguna,Oscuro sin iluminacion,Despejado,No,NO APLICA,3,58,4,22,1,01/01/2022,2
22,Louisiana,220847,0,0,2,0,103,ST. TAMMANY (103),0,NO APLICA,2,Febrero,9,2022,4,45,I-10,1,Interestatal,Urbano,Interestatal,State Highway Agency,1,Sin jurisdiccion especial,2656,30.26968889,-89.75504722,Vehiculo en movimiento,Frente a Detrás,Not an Intersection,No fue interseccion,Sobre calle,Ninguna,Oscuro sin iluminacion,Despejado,No,NO APLICA,4,51,5,0,1,09/02/2022,3
22,Louisiana,220848,0,0,2,0,51,JEFFERSON (51),0,NO APLICA,10,Octubre,4,2022,16,0,CR-DIVISION STREET,4,Calle del Condado,Trafficway Not in State Inventory,Via no en inventario estatal,Trafficway Not in State Inventory,0,Sin jurisdiccion especial,99998,30.00242778,-90.16456111,Vehiculo en movimiento,Frente a frente,Not an Intersection,No fue interseccion,Sobre calle,Ninguna,Dia total,Despejado,No,NO APLICA,88,88,88,88,1,04/10/2022,2
22,Louisiana,220849,0,0,1,0,95,ST. JOHN THE BAPTIST (95),0,NO APLICA,11,Noviembre,17,2022,15,6,SR-3188,3,Highway estatal,Urbano,Arteria Principal,State Highway Agency,1,Sin jurisdiccion especial,4,30.07971667,-90.50215833,Poste,El primer evento no fue una colision con un vehiculo automotor en transporte,Not an Intersection,No fue interseccion,En el medio,Ninguna,Dia total,Despejado,No,NO APLICA,99,99,99,99,1,17/11/2022,1
22,Louisiana,220850,0,0,1,0,43,GRANT (43),0,NO APLICA,12,Diciembre,1,2022,7,2,US-165,2,US Highway,Rural,Arteria Principal,State Highway Agency,1,Sin jurisdiccion especial,972,31.48335278,-92.404725,Acotamiento,El primer evento no fue una colision con un vehiculo automotor en transporte,Not an Intersection,No fue interseccion,Sobre el lado de la calle,Ninguna,Dia total,Despejado,No,NO APLICA,99,99,99,99,1,01/12/2022,1
22,Louisiana,220851,0,0,1,0,33,EAST BATON ROUGE (33),100,BAKER,12,Diciembre,10,2022,19,47,NORTH DAY DRIVE,6,Calle Local Municipalidad,Trafficway Not in State Inventory,Via no en inventario estatal,Trafficway Not in State Inventory,0,Sin jurisdiccion especial,99998,30.58268611,-91.17460833,Otra no colicion,El primer evento no fue una colision con un vehiculo automotor en transporte,Not an Intersection,No fue interseccion,Sobre calle,Ninguna,Oscuro con iluminacion,Despejado,No,NO APLICA,99,99,99,99,1,10/12/2022,1
22,Louisiana,220852,1,1,1,0,71,ORLEANS (71),1690,NEW ORLEANS,12,Diciembre,11,2022,17,53,LOYOLA AVE,6,Calle Local Municipalidad,Trafficway Not in State Inventory,Via no en inventario estatal,Trafficway Not in State Inventory,0,Sin jurisdiccion especial,99998,29.95453611,-90.07501111,Peaton,El primer evento no fue una colision con un vehiculo automotor en transporte,Four-Way Intersection,Interseccion de 4 direcciones,Sobre calle,Ninguna,Oscuro con iluminacion,Despejado,No,NO APLICA,99,99,99,99,1,11/12/2022,1
22,Louisiana,220853,0,0,1,0,33,EAST BATON ROUGE (33),150,BATON ROUGE,12,Diciembre,28,2022,17,36,US-190,2,US Highway,Urbano,Arteria Principal,State Highway Agency,1,Sin jurisdiccion especial,1872,30.46686944,-91.00804444,Volcadura,El primer evento no fue una colision con un vehiculo automotor en transporte,Not an Intersection,No fue interseccion,En el medio,Ninguna,Oscuro con iluminacion,Despejado,No,NO APLICA,99,99,99,99,1,28/12/2022,1
22,Louisiana,220854,1,1,2,0,33,EAST BATON ROUGE (33),150,BATON ROUGE,2,Febrero,26,2022,2,22,US-61,2,US Highway,Urbano,Arteria Principal,State Highway Agency,1,Sin jurisdiccion especial,782,30.49561389,-91.12629722,Vehiculo en movimiento,Frente a Detrás,Not an Intersection,No fue interseccion,Sobre calle,Ninguna,Oscuro con iluminacion,Despejado,No,NO APLICA,99,99,99,99,1,26/02/2022,2
22,Louisiana,220855,0,0,2,0,115,VERNON (115),9898,Not Reported,7,Julio,2,2022,1,33,CR-HILLMAN LOOP,4,Calle del Condado,Rural,Local,County Highway Agency,0,Sin jurisdiccion especial,0,31.35365833,-93.00103889,Vehiculo en movimiento,Angulo,Not an Intersection,No fue interseccion,Sobre calle,Ninguna,Oscuro sin iluminacion,Despejado,No,NO APLICA,99,99,99,99,1,02/07/2022,4
22,Louisiana,220856,0,0,1,0,5,ASCENSION (5),0,NO APLICA,1,Enero,15,2022,11,24,SR-429,3,Highway estatal,Urbano,Colector Mayor,State Highway Agency,0,Sin jurisdiccion especial,68,30.23048889,-90.89418889,Zanja,El primer evento no fue una colision con un vehiculo automotor en transporte,Not an Intersection,No fue interseccion,Sobre el lado de la calle,Ninguna,Dia total,Nublado,No,NO APLICA,99,99,99,99,1,15/01/2022,1
22,Louisiana,220857,0,0,1,0,17,CADDO (17),0,NO APLICA,2,Febrero,17,2022,16,49,CR-SOUTH LAKESHORE DRIVE,4,Calle del Condado,Trafficway Not in State Inventory,Via no en inventario estatal,Trafficway Not in State Inventory,0,Sin jurisdiccion especial,99999,32.50836944,-93.91035,Culvert,El primer evento no fue una colision con un vehiculo automotor en transporte,Not an Intersection,No fue interseccion,Sobre el lado de la calle,Ninguna,Dia total,Nublado,No,NO APLICA,16,46,16,55,1,17/02/2022,1
22,Louisiana,220858,0,0,1,0,71,ORLEANS (71),1690,NEW ORLEANS,3,Marzo,5,2022,12,52,I-10 SERVICE ROAD,1,Interestatal,Urbano,Interestatal,State Highway Agency,1,Sin jurisdiccion especial,2464,30.05179167,-89.95295556,Alguien se cayo/avento del vehiculo,El primer evento no fue una colision con un vehiculo automotor en transporte,T-Intersection,Interseccion de T,Sobre calle,Ninguna,Reportada como desconocida,Reportado como desconocido,No,NO APLICA,99,99,99,99,1,05/03/2022,2
22,Louisiana,220859,0,0,1,0,71,ORLEANS (71),1690,NEW ORLEANS,4,Abril,3,2022,12,15,US-90,2,US Highway,Rural,Arteria Menor,State Highway Agency,0,Sin jurisdiccion especial,2793,30.06450278,-89.8104,Poste,El primer evento no fue una colision con un vehiculo automotor en transporte,Not an Intersection,No fue interseccion,Sobre el lado de la calle,Ninguna,Dia total,Despejado,No,NO APLICA,12,26,12,51,1,03/04/2022,1
22,Louisiana,220860,0,0,1,0,115,VERNON (115),2060,ROSEPINE,7,Julio,2,2022,21,53,CR-PARISH LINE ROAD,4,Calle del Condado,Rural,Local,County Highway Agency,0,Sin jurisdiccion especial,0,31.1585,-92.83761111,Zanja,El primer evento no fue una colision con un vehiculo automotor en transporte,Not an Intersection,No fue interseccion,Sobre el lado de la calle,Ninguna,Oscuro sin iluminacion,Despejado,No,NO APLICA,99,99,99,99,1,02/07/2022,3
22,Louisiana,220861,0,0,1,0,105,TANGIPAHOA (105),0,NO APLICA,11,Noviembre,24,2022,17,15,SR-16,3,Highway estatal,Urbano,Arteria Menor,State Highway Agency,0,Sin jurisdiccion especial,606,30.72627778,-90.53687222,Zanja,El primer evento no fue una colision con un vehiculo automotor en transporte,Not an Intersection,No fue interseccion,Sobre el lado de la calle,Ninguna,Oscuro sin iluminacion,lluvia,No,NO APLICA,99,99,99,99,1,24/11/2022,1
22,Louisiana,220862,0,0,1,0,17,CADDO (17),2130,SHREVEPORT,7,Julio,29,2022,23,40,SR-511,3,Highway estatal,Urbano,Arteria Menor,State Highway Agency,0,Sin jurisdiccion especial,32,32.44235278,-93.89868889,Banqueta,El primer evento no fue una colision con un vehiculo automotor en transporte,Not an Intersection,No fue interseccion,En el medio,Ninguna,Oscuro sin iluminacion,Despejado,No,NO APLICA,99,99,99,99,1,29/07/2022,2
22,Louisiana,220863,0,0,1,0,39,EVANGELINE (39),0,NO APLICA,11,Noviembre,3,2022,22,40,SR-10,3,Highway estatal,Rural,Arteria Menor,State Highway Agency,0,Sin jurisdiccion especial,659,30.70062778,-92.34138611,Acotamiento,El primer evento no fue una colision con un vehiculo automotor en transporte,Not an Intersection,No fue interseccion,Sobre el lado de la calle,Ninguna,Oscuro sin iluminacion,Despejado,No,NO APLICA,88,88,88,88,1,03/11/2022,1
22,Louisiana,220865,1,1,1,0,1,ACADIA (1),710,ESTHERWOOD,8,Agosto,16,2022,22,50,SR-1120,3,Highway estatal,Rural,Colector Menor,State Highway Agency,0,Sin jurisdiccion especial,99998,77.7777,777.7777,Peaton,El primer evento no fue una colision con un vehiculo automotor en transporte,Not Reported,No reportado,No reportado,Ninguna,No reportada,No reportado,No,NO APLICA,88,88,88,88,1,16/08/2022,1
22,Louisiana,220866,0,0,2,0,63,LIVINGSTON (63),1211,KILLIAN,1,Enero,22,2022,22,40,SR-22,3,Highway estatal,Rural,Colector Mayor,State Highway Agency,0,Sin jurisdiccion especial,345,30.33968056,-90.58208889,Vehiculo en movimiento,Frente a frente,Not an Intersection,No fue interseccion,Sobre calle,Ninguna,Oscuro con iluminacion,Despejado,No,NO APLICA,22,40,23,0,1,22/01/2022,3
22,Louisiana,220867,0,0,1,0,3,ALLEN (3),1770,OBERLIN,9,Septiembre,22,2022,19,44,SR-26,3,Highway estatal,Rural,Arteria Menor,State Highway Agency,0,Sin jurisdiccion especial,326,30.62186667,-92.76759722,Culvert,El primer evento no fue una colision con un vehiculo automotor en transporte,Not an Intersection,No fue interseccion,Sobre el lado de la calle,Ninguna,Oscuro con iluminacion,Despejado,No,NO APLICA,19,44,19,50,1,22/09/2022,1
22,Louisiana,220868,1,1,1,0,63,LIVINGSTON (63),0,NO APLICA,10,Octubre,22,2022,21,51,CR-JAMES CHAPEL ROAD,4,Calle del Condado,Trafficway Not in State Inventory,Via no en inventario estatal,Trafficway Not in State Inventory,0,Sin jurisdiccion especial,99998,30.47563611,-90.61083333,Peaton,El primer evento no fue una colision con un vehiculo automotor en transporte,Not an Intersection,No fue interseccion,Sobre calle,Ninguna,Oscuro sin iluminacion,Despejado,No,NO APLICA,99,99,99,99,1,22/10/2022,1
22,Louisiana,220869,0,0,2,0,63,LIVINGSTON (63),1211,KILLIAN,11,Noviembre,18,2022,5,34,SR-22,3,Highway estatal,Rural,Colector Mayor,State Highway Agency,0,Sin jurisdiccion especial,379,30.37141111,-90.553475,Vehiculo en movimiento,Frente a frente,Not an Intersection,No fue interseccion,Sobre calle,Ninguna,Oscuro - iluminacion desconocida,Despejado,No,NO APLICA,99,99,99,99,2,18/11/2022,2
22,Louisiana,220870,0,0,2,0,53,JEFFERSON DAVIS (53),9898,Not Reported,11,Noviembre,4,2022,18,42,I-10,1,Interestatal,Rural,Interestatal,State Highway Agency,1,Sin jurisdiccion especial,484,30.2466,-92.93176389,Barrera de Cable,El primer evento no fue una colision con un vehiculo automotor en transporte,Not an Intersection,No fue interseccion,En el medio,Ninguna,Oscuro sin iluminacion,Nublado,No,NO APLICA,99,99,99,99,1,04/11/2022,3
22,Louisiana,220871,0,0,2,0,29,CONCORDIA (29),410,CLAYTON,9,Septiembre,30,2022,2,30,US-65,2,US Highway,Rural,Arteria Principal,State Highway Agency,1,Sin jurisdiccion especial,0,31.71605556,-91.53875556,Vehiculo en movimiento,Angulo,T-Intersection,Interseccion de T,Sobre calle,Ninguna,Oscuro - iluminacion desconocida,No reportado,No,NO APLICA,99,99,99,99,1,30/09/2022,2
22,Louisiana,220872,1,1,1,0,97,ST. LANDRY (97),1800,OPELOUSAS,7,Julio,10,2022,2,11,MU-MARKET STREET,6,Calle Local Municipalidad,Trafficway Not in State Inventory,Via no en inventario estatal,Trafficway Not in State Inventory,0,Sin jurisdiccion especial,99998,30.54435833,-92.08231389,Peaton,El primer evento no fue una colision con un vehiculo automotor en transporte,Four-Way Intersection,Interseccion de 4 direcciones,Sobre calle,Ninguna,Oscuro - iluminacion desconocida,No reportado,No,NO APLICA,88,88,88,88,1,10/07/2022,1
22,Louisiana,220873,0,0,1,0,3,ALLEN (3),1740,OAKDALE,8,Agosto,18,2022,8,8,MU-EAST 7TH AVENUE,6,Calle Local Municipalidad,Trafficway Not in State Inventory,Via no en inventario estatal,Trafficway Not in State Inventory,0,Sin jurisdiccion especial,99998,30.81737222,-92.64745278,Culvert,El primer evento no fue una colision con un vehiculo automotor en transporte,Not an Intersection,No fue interseccion,Sobre el lado de la calle,Ninguna,Dia total,Despejado,No,NO APLICA,99,99,99,99,1,18/08/2022,1
22,Louisiana,220874,0,0,2,0,29,CONCORDIA (29),410,CLAYTON,8,Agosto,10,2022,11,17,US-65,2,US Highway,Rural,Arteria Principal,State Highway Agency,1,Sin jurisdiccion especial,6,31.72106667,-91.53081389,Vehiculo en movimiento,Frente a Detrás,Not an Intersection,No fue interseccion,Sobre calle,Ninguna,Dia total,No reportado,No,NO APLICA,99,99,99,99,1,10/08/2022,4
22,Louisiana,220875,0,0,5,0,71,ORLEANS (71),1690,NEW ORLEANS,12,Diciembre,3,2022,4,44,I-10,1,Interestatal,Urbano,Interestatal,State Highway Agency,1,Sin jurisdiccion especial,2380,29.98361944,-90.05388611,Vehiculo en movimiento,Frente a Detrás,Not an Intersection,No fue interseccion,Sobre calle,Ninguna,Oscuro - iluminacion desconocida,Neblina o Humo,No,NO APLICA,99,99,99,98,1,03/12/2022,9
22,Louisiana,220876,1,1,1,0,71,ORLEANS (71),1690,NEW ORLEANS,1,Enero,17,2022,18,30,MU-ORETHA CASTLE HALEY BLVD,6,Calle Local Municipalidad,Urbano,Local,City or Municipal Highway Agency,0,Sin jurisdiccion especial,0,29.94358333,-90.07734722,Peaton,El primer evento no fue una colision con un vehiculo automotor en transporte,Reported as Unknown,Desconocido,Reportado como desconocida,Ninguna,Reportada como desconocida,Reportado como desconocido,No,NO APLICA,99,99,99,99,1,17/01/2022,1
22,Louisiana,220877,0,0,1,0,113,VERMILION (113),1500,MAURICE,3,Marzo,5,2022,15,19,CR-BELLA ROAD,4,Calle del Condado,Trafficway Not in State Inventory,Via no en inventario estatal,Trafficway Not in State Inventory,0,Sin jurisdiccion especial,99998,77.7777,777.7777,Alguien se cayo/avento del vehiculo,El primer evento no fue una colision con un vehiculo automotor en transporte,Not an Intersection,No fue interseccion,Sobre calle,Ninguna,Dia total,No reportado,No,NO APLICA,99,99,99,99,1,05/03/2022,2
22,Louisiana,220878,1,1,1,0,33,EAST BATON ROUGE (33),100,BAKER,12,Diciembre,20,2022,1,32,SR-67,3,Highway estatal,Urbano,Arteria Principal,State Highway Agency,1,Sin jurisdiccion especial,92,30.57283611,-91.12900833,Peaton,El primer evento no fue una colision con un vehiculo automotor en transporte,Four-Way Intersection,Interseccion de 4 direcciones,Sobre calle,Ninguna,Oscuro - iluminacion desconocida,lluvia,No,NO APLICA,99,99,99,99,1,20/12/2022,1
22,Louisiana,220879,0,0,1,0,33,EAST BATON ROUGE (33),0,NO APLICA,11,Noviembre,11,2022,10,0,CR-OLD HAMMOND HIGHWAY,4,Calle del Condado,Trafficway Not in State Inventory,Via no en inventario estatal,Trafficway Not in State Inventory,0,Sin jurisdiccion especial,99998,30.46468889,-90.99940278,Zanja,El primer evento no fue una colision con un vehiculo automotor en transporte,Not an Intersection,No fue interseccion,Sobre el lado de la calle,Ninguna,Dia total,Despejado,No,NO APLICA,99,99,99,99,1,11/11/2022,1
22,Louisiana,220880,1,1,1,0,79,RAPIDES (79),240,BOYCE,2,Febrero,10,2022,22,21,SR-1,3,Highway estatal,Rural,Colector Mayor,State Highway Agency,0,Sin jurisdiccion especial,2752,31.36599722,-92.60227778,Peaton,El primer evento no fue una colision con un vehiculo automotor en transporte,Not an Intersection,No fue interseccion,Sobre calle,Ninguna,Oscuro - iluminacion desconocida,No reportado,No,NO APLICA,99,99,99,99,1,10/02/2022,1
23,Maine,230001,1,1,1,0,27,WALDO (27),400,BELFAST,1,Enero,15,2022,18,2,SR-52,3,Highway estatal,Rural,Colector Mayor,State Highway Agency,0,Sin jurisdiccion especial,158,44.40063889,-69.03201111,Peaton,El primer evento no fue una colision con un vehiculo automotor en transporte,Not an Intersection,No fue interseccion,Sobre calle,Ninguna,Oscuro sin iluminacion,Despejado,No,NO APLICA,18,5,18,11,1,15/01/2022,1
23,Maine,230002,0,0,1,0,19,PENOBSCOT (19),3620,HERMON,1,Enero,18,2022,23,32,SR-222,3,Highway estatal,Rural,Colector Mayor,State Highway Agency,0,Sin jurisdiccion especial,210,44.85233056,-68.88508056,Arbol,El primer evento no fue una colision con un vehiculo automotor en transporte,Not an Intersection,No fue interseccion,Sobre el lado de la calle,Ninguna,Oscuro sin iluminacion,Despejado,No,NO APLICA,23,32,23,49,1,18/01/2022,1
23,Maine,230003,0,0,3,0,9,HANCOCK (9),1200,BUCKSPORT,1,Enero,18,2022,15,34,SR-15,3,Highway estatal,Rural,Arteria Menor,State Highway Agency,0,Sin jurisdiccion especial,444,44.61643889,-68.82663056,Vehiculo en movimiento,Angulo,Not an Intersection,No fue interseccion,Sobre calle,Ninguna,Dia total,Despejado,No,NO APLICA,15,33,15,40,1,18/01/2022,4
23,Maine,230004,0,0,1,0,9,HANCOCK (9),300,BAR HARBOR,1,Enero,28,2022,0,51,SR-3,3,Highway estatal,Rural,Arteria Menor,State Highway Agency,0,Sin jurisdiccion especial,954,44.42525,-68.32631944,Arbol,El primer evento no fue una colision con un vehiculo automotor en transporte,Not an Intersection,No fue interseccion,Sobre el lado de la calle,Ninguna,Oscuro - iluminacion desconocida,Nieve,No,NO APLICA,99,98,99,98,1,28/01/2022,1
23,Maine,230005,0,0,1,0,1,ANDROSCOGGIN (1),4350,LEWISTON,2,Febrero,18,2022,9,15,SR-126,3,Highway estatal,Urbano,Arteria Principal,State Highway Agency,1,Sin jurisdiccion especial,34,44.10015,-70.14658889,Volcadura,El primer evento no fue una colision con un vehiculo automotor en transporte,Not an Intersection,No fue interseccion,Sobre el lado de la calle,Ninguna,Dia total,Despejado,No,NO APLICA,9,17,9,25,1,18/02/2022,1
23,Maine,230006,0,0,2,0,3,AROOSTOOK (3),4900,MADAWASKA,2,Febrero,11,2022,13,8,US-1,2,US Highway,Rural,Arteria Principal,State Highway Agency,1,Sin jurisdiccion especial,4988,47.32863056,-68.18688889,Vehiculo en movimiento,Angulo,Not an Intersection,No fue interseccion,Sobre calle,Ninguna,Dia total,Despejado,No,NO APLICA,13,18,13,47,1,11/02/2022,2
23,Maine,230007,0,0,2,0,19,PENOBSCOT (19),1806,CORINTH,3,Marzo,7,2022,6,12,SR-11,3,Highway estatal,Rural,Colector Mayor,State Highway Agency,0,Sin jurisdiccion especial,1960,44.99328889,-69.07303056,Vehiculo en movimiento,Frente a frente,Not an Intersection,No fue interseccion,Sobre calle,Ninguna,Oscuro sin iluminacion,Despejado,No,NO APLICA,6,15,6,26,1,07/03/2022,2
23,Maine,230008,0,0,1,0,19,PENOBSCOT (19),827,BRADFORD,2,Febrero,23,2022,14,34,SR-155,3,Highway estatal,Rural,Colector Mayor,State Highway Agency,0,Sin jurisdiccion especial,42,45.10323889,-68.89523889,Culvert,El primer evento no fue una colision con un vehiculo automotor en transporte,Not an Intersection,No fue interseccion,Sobre el lado de la calle,Ninguna,Dia total,Despejado,No,NO APLICA,14,38,15,7,1,23/02/2022,1