Estado,Nombre de Estado,Numero de Caso,Peatones,Personas _no_vehiculos,Vehiculos automotores,Vehiculos estacionados,Condado,Nombre Condado,Ciudad,Nombre Ciudad,Mes,Nombre Mes,Dia,Año,Hora,Minuto,Calle,Ruta,Nombre Ruta,Rural o Urbanoo,Sistema Funcional,Dueño Calle,Sistema Nacional Carreteras,Jurisdiccion Especial,Milla,Latitud,Longitud,Causa del Accidente,Tipo de Accidente,Tipo Interseccion,Columna1,Lugar en la calle,Zona de Trabajo,Luz,Clima,Autobus Escolar,Cruce de Trenes,Hora Notificacion,Minuto Notificacion,Hora Llegada,Minuto Llegada,Decesos,Fecha,PersonaVehiculo
23,Maine,230009,0,0,1,0,29,WASHINGTON (29),1957,DANFORTH,1,Enero,5,2022,19,39,US-1,2,US Highway,Rural,Colector Mayor,State Highway Agency,0,Sin jurisdiccion especial,3662,45.63233889,-67.80133056,Arbol,El primer evento no fue una colision con un vehiculo automotor en transporte,Not an Intersection,No fue interseccion,Sobre el lado de la calle,Ninguna,Oscuro sin iluminacion,lluvia,No,NO APLICA,99,98,99,98,1,05/01/2022,1
23,Maine,230010,0,0,2,0,9,HANCOCK (9),3604,HANCOCK,1,Enero,12,2022,10,25,SR-182,3,Highway estatal,Rural,Colector Mayor,State Highway Agency,0,Sin jurisdiccion especial,6,44.54678056,-68.30868889,Vehiculo en movimiento,Frente a frente,T-Intersection,Interseccion de T,Sobre calle,Ninguna,Dia total,Nieve,No,NO APLICA,10,26,10,36,1,12/01/2022,2
23,Maine,230011,0,0,2,0,31,YORK (31),30,KENNEBUNKPORT,1,Enero,8,2022,13,47,LOG CABIN RD,5,Calle Local - Pueblo,Rural,Colector Mayor,State Highway Agency,0,Sin jurisdiccion especial,6,43.41905,-70.50381944,Vehiculo en movimiento,Angulo,Four-Way Intersection,Interseccion de 4 direcciones,Sobre calle,Ninguna,Dia total,Despejado,No,NO APLICA,13,46,14,5,1,08/01/2022,3
23,Maine,230012,0,0,1,0,5,CUMBERLAND (5),6400,PORTLAND,1,Enero,19,2022,7,33,SR-26,3,Highway estatal,Urbano,Interestatal,State Highway Agency,1,Sin jurisdiccion especial,6,43.67218889,-70.25605,Poste de Señal de trafico,El primer evento no fue una colision con un vehiculo automotor en transporte,Not an Intersection,No fue interseccion,Sobre el lado de la calle,Ninguna,Oscuro - iluminacion desconocida,Despejado,No,NO APLICA,99,98,99,98,1,19/01/2022,1
23,Maine,230013,1,1,1,0,25,SOMERSET (25),1310,CANAAN,1,Enero,28,2022,17,26,BROWNS CORNER RD,5,Calle Local - Pueblo,Rural,Local,Town or Township Highway Agency,0,Sin jurisdiccion especial,3,44.81858889,-69.56538056,Peaton,El primer evento no fue una colision con un vehiculo automotor en transporte,Not an Intersection,No fue interseccion,Sobre calle,Ninguna,Oscuro sin iluminacion,Despejado,No,NO APLICA,17,25,17,39,1,28/01/2022,1
23,Maine,230014,0,0,1,0,31,YORK (31),8905,WELLS,1,Enero,25,2022,23,10,SR-9A,3,Highway estatal,Rural,Colector Menor,State Highway Agency,0,Sin jurisdiccion especial,25,43.35278056,-70.61215,Arbusto,El primer evento no fue una colision con un vehiculo automotor en transporte,Not an Intersection,No fue interseccion,Sobre el lado de la calle,Ninguna,Oscuro sin iluminacion,Nublado,No,NO APLICA,23,11,23,16,1,25/01/2022,1
23,Maine,230015,0,0,1,0,31,YORK (31),8905,WELLS,1,Enero,29,2022,0,23,BURNT MILL RD,5,Calle Local - Pueblo,Rural,Local,Town or Township Highway Agency,0,Sin jurisdiccion especial,17,43.33016944,-70.59461111,Piedrotototota,El primer evento no fue una colision con un vehiculo automotor en transporte,Not an Intersection,No fue interseccion,Sobre el lado de la calle,Ninguna,Oscuro sin iluminacion,Despejado,No,NO APLICA,99,99,99,99,1,29/01/2022,1
23,Maine,230016,1,1,1,0,5,CUMBERLAND (5),6400,PORTLAND,2,Febrero,1,2022,2,38,RIVERSIDE ST,5,Calle Local - Pueblo,Urbano,Arteria Principal,State Highway Agency,1,Sin jurisdiccion especial,13,43.6949,-70.32461944,Peaton,El primer evento no fue una colision con un vehiculo automotor en transporte,Not an Intersection,No fue interseccion,Sobre calle,Ninguna,Oscuro con iluminacion,Despejado,No,NO APLICA,99,98,99,98,1,01/02/2022,1
23,Maine,230017,0,0,2,0,29,WASHINGTON (29),9997,Other,1,Enero,26,2022,7,10,US-1,2,US Highway,Rural,Arteria Menor,State Highway Agency,0,Sin jurisdiccion especial,2750,44.81991111,-67.16071944,Vehiculo en movimiento,Angulo,Not an Intersection,No fue interseccion,Sobre calle,Ninguna,Dia total,Despejado,No,NO APLICA,7,15,7,37,1,26/01/2022,3
23,Maine,230018,0,0,1,0,5,CUMBERLAND (5),7265,SCARBOROUGH,2,Febrero,9,2022,23,37,US-1,2,US Highway,Urbano,Arteria Menor,State Highway Agency,0,Sin jurisdiccion especial,398,43.56251944,-70.39818889,Poste de Señal de trafico,El primer evento no fue una colision con un vehiculo automotor en transporte,Not an Intersection,No fue interseccion,Sobre el lado de la calle,Ninguna,Oscuro sin iluminacion,Despejado,No,NO APLICA,23,37,23,44,1,09/02/2022,1
23,Maine,230019,0,0,4,0,5,CUMBERLAND (5),6400,PORTLAND,4,Abril,6,2022,10,59,SR-25,3,Highway estatal,Urbano,Arteria Principal,State Highway Agency,1,Sin jurisdiccion especial,25,43.67251111,-70.31246111,Vehiculo en movimiento,Angulo,Not an Intersection,No fue interseccion,Sobre calle,"Zona de trabajo, tipo desconocido",Dia total,Despejado,No,NO APLICA,10,59,11,17,1,06/04/2022,4
23,Maine,230020,0,0,3,0,11,KENNEBEC (11),9997,Other,2,Febrero,24,2022,18,45,I-95,1,Interestatal,Rural,Interestatal,State Highway Agency,1,Sin jurisdiccion especial,949,44.15358889,-69.90443889,Vehiculo en movimiento,Angulo,Not an Intersection,No fue interseccion,Sobre calle,Ninguna,Oscuro sin iluminacion,Despejado,No,NO APLICA,99,98,99,98,1,24/02/2022,4
23,Maine,230021,0,0,1,0,5,CUMBERLAND (5),6400,PORTLAND,3,Marzo,8,2022,6,52,I-95,1,Interestatal,Urbano,Interestatal,State Toll Road,1,Sin jurisdiccion especial,2548,43.68516944,-70.32325,Arbol,El primer evento no fue una colision con un vehiculo automotor en transporte,Not an Intersection,No fue interseccion,Sobre el lado de la calle,Ninguna,Dia total,Despejado,No,NO APLICA,6,57,7,10,1,08/03/2022,1
23,Maine,230022,0,0,2,0,15,LINCOLN (15),2415,EDGECOMB,2,Febrero,1,2022,17,13,US-1,2,US Highway,Rural,Arteria Principal,State Highway Agency,1,Sin jurisdiccion especial,960,44.00233889,-69.63138056,Vehiculo en movimiento,Angulo,Four-Way Intersection,Interseccion de 4 direcciones,Sobre calle,Ninguna,Atardecer,Despejado,No,NO APLICA,17,14,17,21,1,01/02/2022,5
23,Maine,230023,1,1,1,0,11,KENNEBEC (11),160,AUGUSTA,2,Febrero,17,2022,19,3,SR-9,3,Highway estatal,Urbano,Colector Mayor,State Highway Agency,0,Sin jurisdiccion especial,1267,44.29913056,-69.76716111,Peaton,El primer evento no fue una colision con un vehiculo automotor en transporte,Not an Intersection,No fue interseccion,Sobre calle,Ninguna,Oscuro sin iluminacion,Despejado,No,NO APLICA,19,4,19,8,1,17/02/2022,1
23,Maine,230024,0,0,2,0,5,CUMBERLAND (5),3250,GORHAM,2,Febrero,18,2022,22,21,SR-114,3,Highway estatal,Rural,Colector Mayor,State Highway Agency,0,Sin jurisdiccion especial,110,43.70241944,-70.45621944,Vehiculo en movimiento,Angulo,Not an Intersection,No fue interseccion,Sobre calle,Ninguna,Oscuro sin iluminacion,Despejado,No,NO APLICA,22,21,22,35,1,18/02/2022,3
23,Maine,230025,0,0,1,0,9,HANCOCK (9),3604,HANCOCK,2,Febrero,21,2022,19,29,US-1,2,US Highway,Rural,Arteria Menor,State Highway Agency,0,Sin jurisdiccion especial,1949,44.53083889,-68.37226944,Arbol,El primer evento no fue una colision con un vehiculo automotor en transporte,Not an Intersection,No fue interseccion,Sobre el lado de la calle,Ninguna,Oscuro sin iluminacion,Despejado,No,NO APLICA,99,98,99,98,1,21/02/2022,1
23,Maine,230026,0,0,3,0,31,YORK (31),450,BERWICK,2,Febrero,26,2022,15,15,SR-4,3,Highway estatal,Rural,Arteria Menor,State Highway Agency,0,Sin jurisdiccion especial,19,43.25093056,-70.79366111,Vehiculo en movimiento,Golpe Lateral - misma direccion,Four-Way Intersection,Interseccion de 4 direcciones,Sobre calle,Ninguna,Dia total,Despejado,No,NO APLICA,15,22,15,35,1,26/02/2022,8
23,Maine,230027,0,0,1,0,31,YORK (31),5500,NORTH BERWICK,3,Marzo,4,2022,21,41,LEBANON RD,5,Calle Local - Pueblo,Rural,Local,Town or Township Highway Agency,0,Sin jurisdiccion especial,0,43.31593056,-70.74675,Arbol,El primer evento no fue una colision con un vehiculo automotor en transporte,Not an Intersection,No fue interseccion,Sobre el lado de la calle,Ninguna,Oscuro con iluminacion,Despejado,No,NO APLICA,21,41,21,52,1,04/03/2022,1
23,Maine,230028,0,0,1,0,5,CUMBERLAND (5),5390,NAPLES,3,Marzo,6,2022,23,25,LAMBS MILL RD,5,Calle Local - Pueblo,Rural,Local,Town or Township Highway Agency,0,Sin jurisdiccion especial,26,43.9626,-70.64616111,Arbol,El primer evento no fue una colision con un vehiculo automotor en transporte,Not an Intersection,No fue interseccion,Sobre el lado de la calle,Ninguna,Oscuro sin iluminacion,Despejado,No,NO APLICA,23,27,23,32,1,06/03/2022,4
23,Maine,230029,0,0,2,0,17,OXFORD (17),3601,HANOVER,3,Marzo,6,2022,2,4,US-2,2,US Highway,Rural,Arteria Principal,State Highway Agency,1,Sin jurisdiccion especial,227,44.49008889,-70.69765,Vehiculo en movimiento,Angulo,Not an Intersection,No fue interseccion,Sobre calle,Ninguna,Oscuro sin iluminacion,Nublado,No,NO APLICA,2,20,2,39,2,06/03/2022,4
23,Maine,230030,0,0,3,0,23,SAGADAHOC (23),9600,WOOLWICH,4,Abril,6,2022,10,27,SR-127 MIDDLE RD,3,Highway estatal,Rural,Colector Menor,State Highway Agency,0,Sin jurisdiccion especial,128,43.94246944,-69.79888056,Vehiculo en movimiento,Frente a Detrás,Not an Intersection,No fue interseccion,Sobre calle,Ninguna,Dia total,Despejado,No,NO APLICA,10,30,10,39,1,06/04/2022,3
23,Maine,230031,0,0,2,0,5,CUMBERLAND (5),9700,YARMOUTH,5,Mayo,1,2022,20,15,I-295,1,Interestatal,Rural,Interestatal,State Highway Agency,1,Sin jurisdiccion especial,368,43.78971111,-70.18465,Vehiculo en movimiento,Frente a frente,Not an Intersection,No fue interseccion,Sobre calle,Ninguna,Oscuro con iluminacion,Despejado,No,NO APLICA,20,12,20,24,1,01/05/2022,2
23,Maine,230032,0,0,2,0,5,CUMBERLAND (5),9119,WINDHAM CENTER,2,Febrero,3,2022,14,11,US-302,2,US Highway,Urbano,Arteria Principal,State Highway Agency,1,Sin jurisdiccion especial,97,43.77215,-70.37956111,Vehiculo en movimiento,Frente a frente,Not an Intersection,No fue interseccion,Sobre calle,Ninguna,Dia total,Despejado,No,NO APLICA,14,14,14,19,1,03/02/2022,2
23,Maine,230033,0,0,1,0,31,YORK (31),7200,SACO,5,Mayo,9,2022,3,16,RICKER RD,5,Calle Local - Pueblo,Rural,Local,Town or Township Highway Agency,0,Sin jurisdiccion especial,1,43.56918889,-70.46201944,Arbol,El primer evento no fue una colision con un vehiculo automotor en transporte,Not an Intersection,No fue interseccion,Sobre el lado de la calle,Ninguna,Oscuro sin iluminacion,Despejado,No,NO APLICA,99,98,99,98,1,09/05/2022,1
23,Maine,230034,0,0,1,0,25,SOMERSET (25),2650,FAIRFIELD,2,Febrero,2,2022,15,31,SR-104,3,Highway estatal,Rural,Arteria Menor,State Highway Agency,0,Sin jurisdiccion especial,220,44.59563889,-69.65405,Volcadura,El primer evento no fue una colision con un vehiculo automotor en transporte,Not an Intersection,No fue interseccion,Sobre el lado de la calle,Ninguna,Dia total,Despejado,No,NO APLICA,15,32,15,42,1,02/02/2022,1
23,Maine,230035,0,0,2,0,9,HANCOCK (9),9997,Other,5,Mayo,7,2022,20,22,SR-9 AIRLINE RD,3,Highway estatal,Rural,Arteria Principal,State Highway Agency,1,Sin jurisdiccion especial,2307,44.83755,-68.14433889,Vehiculo en movimiento,Angulo,Not an Intersection,No fue interseccion,Sobre calle,Ninguna,Oscuro sin iluminacion,Despejado,No,NO APLICA,99,98,99,98,1,07/05/2022,2
23,Maine,230036,0,0,3,0,29,WASHINGTON (29),9997,Other,5,Mayo,29,2022,14,45,SR-169 SPRINGFIELD RD,3,Highway estatal,Rural,Colector Menor,State Highway Agency,0,Sin jurisdiccion especial,146,45.5695,-67.98488889,Vehiculo en movimiento,Frente a frente,Not an Intersection,No fue interseccion,Sobre calle,Ninguna,Dia total,Despejado,No,NO APLICA,14,52,15,16,1,29/05/2022,3
23,Maine,230037,0,0,1,0,27,WALDO (27),8560,UNITY,4,Abril,1,2022,23,50,SR-9,3,Highway estatal,Rural,Colector Mayor,State Highway Agency,0,Sin jurisdiccion especial,1639,44.64838889,-69.30631944,Acotamiento,El primer evento no fue una colision con un vehiculo automotor en transporte,Not an Intersection,No fue interseccion,Sobre el lado de la calle,Ninguna,Oscuro sin iluminacion,Despejado,No,NO APLICA,23,51,0,9,1,01/04/2022,1
23,Maine,230038,1,1,1,0,19,PENOBSCOT (19),250,BANGOR,6,Junio,8,2022,7,20,1.00E+30,9,Desconocido,Trafficway Not in State Inventory,Via no en inventario estatal,Trafficway Not in State Inventory,9,Desconocido,99999,44.84325,-68.81468056,Peaton,El primer evento no fue una colision con un vehiculo automotor en transporte,Not an Intersection,No fue interseccion,Sobre calle,Ninguna,Dia total,lluvia,No,NO APLICA,7,20,7,31,1,08/06/2022,1
23,Maine,230039,0,0,1,0,3,AROOSTOOK (3),9997,Other,5,Mayo,13,2022,4,1,SR-11,3,Highway estatal,Rural,Colector Mayor,State Highway Agency,0,Sin jurisdiccion especial,3339,46.3837,-68.34943056,Volcadura,El primer evento no fue una colision con un vehiculo automotor en transporte,Not an Intersection,No fue interseccion,Sobre calle,Ninguna,Amanecer,Despejado,No,NO APLICA,4,7,4,25,1,13/05/2022,1
23,Maine,230040,0,0,4,0,1,ANDROSCOGGIN (1),4350,LEWISTON,6,Junio,8,2022,14,40,SR-196 LISBON ST,3,Highway estatal,Urbano,Colector Mayor,State Highway Agency,0,Sin jurisdiccion especial,0,44.07915,-70.19228889,Vehiculo en movimiento,Frente a Detrás,T-Intersection,Interseccion de T,Sobre calle,Ninguna,Dia total,Nublado,No,NO APLICA,14,42,14,57,1,08/06/2022,8
23,Maine,230041,0,0,1,0,11,KENNEBEC (11),9150,WINSLOW,6,Junio,11,2022,22,16,US-201 AUGUSTA RD,2,US Highway,Urbano,Arteria Menor,State Highway Agency,0,Sin jurisdiccion especial,481,44.5265,-69.64145,Arbol,El primer evento no fue una colision con un vehiculo automotor en transporte,Not an Intersection,No fue interseccion,Sobre el lado de la calle,Ninguna,Oscuro sin iluminacion,Despejado,No,NO APLICA,88,88,88,88,1,11/06/2022,1
23,Maine,230042,0,0,1,0,27,WALDO (27),5955,PALERMO,6,Junio,10,2022,15,56,N PALERMO RD,5,Calle Local - Pueblo,Rural,Colector Menor,State Highway Agency,0,Sin jurisdiccion especial,40,44.44008889,-69.40878056,Arbol,El primer evento no fue una colision con un vehiculo automotor en transporte,Not an Intersection,No fue interseccion,Sobre el lado de la calle,Ninguna,Dia total,Despejado,No,NO APLICA,15,50,16,16,1,10/06/2022,1
23,Maine,230043,0,0,1,0,17,OXFORD (17),5990,PARIS,4,Abril,2,2022,19,45,SR-26,3,Highway estatal,Rural,Arteria Principal,State Highway Agency,1,Sin jurisdiccion especial,457,44.24766944,-70.513,Arbol,El primer evento no fue una colision con un vehiculo automotor en transporte,Not an Intersection,No fue interseccion,Sobre el lado de la calle,Ninguna,Oscuro sin iluminacion,Despejado,No,NO APLICA,19,49,19,55,1,02/04/2022,1
23,Maine,230044,0,0,1,0,17,OXFORD (17),9997,Other,4,Abril,7,2022,13,30,HUNTS CORNER RD,5,Calle Local - Pueblo,Rural,Local,Town or Township Highway Agency,0,Sin jurisdiccion especial,46,44.28943056,-70.73481944,Volcadura,El primer evento no fue una colision con un vehiculo automotor en transporte,Not an Intersection,No fue interseccion,Sobre el lado de la calle,Ninguna,Dia total,lluvia,No,NO APLICA,13,27,13,48,1,07/04/2022,2
23,Maine,230045,0,0,1,0,11,KENNEBEC (11),1660,CHINA,4,Abril,16,2022,0,23,NECK RD,5,Calle Local - Pueblo,Rural,Colector Menor,State Highway Agency,0,Sin jurisdiccion especial,25,44.46435,-69.53213056,Volcadura,El primer evento no fue una colision con un vehiculo automotor en transporte,Not an Intersection,No fue interseccion,Sobre el lado de la calle,Ninguna,Oscuro sin iluminacion,Despejado,No,NO APLICA,0,25,0,44,1,16/04/2022,2
23,Maine,230046,0,0,1,0,5,CUMBERLAND (5),3250,GORHAM,5,Mayo,3,2022,17,42,NEW PORTLAND RD,5,Calle Local - Pueblo,Urbano,Colector Mayor,Town or Township Highway Agency,0,Sin jurisdiccion especial,22,43.67756944,-70.39476944,Alguien se cayo/avento del vehiculo,El primer evento no fue una colision con un vehiculo automotor en transporte,Not an Intersection,No fue interseccion,Sobre calle,Ninguna,Dia total,Despejado,No,NO APLICA,17,44,17,52,1,03/05/2022,1
23,Maine,230047,1,1,1,0,5,CUMBERLAND (5),6400,PORTLAND,4,Abril,30,2022,14,34,SR-22 PARK AVE,3,Highway estatal,Urbano,Arteria Menor,State Highway Agency,0,Sin jurisdiccion especial,1,43.65683889,-70.27091111,Ciclista,El primer evento no fue una colision con un vehiculo automotor en transporte,T-Intersection,Interseccion de T,Sobre calle,Ninguna,Dia total,Despejado,No,NO APLICA,14,35,14,40,1,30/04/2022,1
23,Maine,230048,0,0,1,0,3,AROOSTOOK (3),5002,MASARDIS,5,Mayo,4,2022,0,48,SR-11 MASARDIS RD,3,Highway estatal,Rural,Colector Mayor,State Highway Agency,0,Sin jurisdiccion especial,3465,46.54781111,-68.37116111,Poste,El primer evento no fue una colision con un vehiculo automotor en transporte,Not an Intersection,No fue interseccion,Sobre el lado de la calle,Ninguna,Oscuro sin iluminacion,Despejado,No,NO APLICA,0,49,1,6,1,04/05/2022,2
23,Maine,230049,1,1,1,0,3,AROOSTOOK (3),6450,PRESQUE ISLE,5,Mayo,6,2022,17,7,US-1 HOULTON RD,2,US Highway,Urbano,Arteria Principal,State Highway Agency,1,Sin jurisdiccion especial,4452,46.66623889,-68.01096944,Peaton,El primer evento no fue una colision con un vehiculo automotor en transporte,Not an Intersection,No fue interseccion,Sobre Acotamiento,Ninguna,Dia total,Despejado,No,NO APLICA,17,8,17,14,1,06/05/2022,1
23,Maine,230050,0,0,1,0,25,SOMERSET (25),7350,SKOWHEGAN,5,Mayo,10,2022,5,34,EATON MOUNTAIN RD,5,Calle Local - Pueblo,Rural,Local,Town or Township Highway Agency,0,Sin jurisdiccion especial,118,44.75375,-69.62916111,Arbol,El primer evento no fue una colision con un vehiculo automotor en transporte,Not an Intersection,No fue interseccion,Sobre el lado de la calle,Ninguna,Amanecer,Despejado,No,NO APLICA,99,98,99,98,1,10/05/2022,1
23,Maine,230051,0,0,1,0,7,FRANKLIN (7),1512,CARRABASSETT VALLEY,5,Mayo,14,2022,12,16,SR-16 CARABASSETT DR,3,Highway estatal,Rural,Arteria Menor,State Highway Agency,0,Sin jurisdiccion especial,637,45.09345,-70.24281944,Acotamiento,El primer evento no fue una colision con un vehiculo automotor en transporte,Not an Intersection,No fue interseccion,Sobre el lado de la calle,Ninguna,Dia total,Despejado,No,NO APLICA,12,18,12,27,1,14/05/2022,1
23,Maine,230052,0,0,2,0,31,YORK (31),5500,NORTH BERWICK,4,Abril,27,2022,16,35,SR-9,3,Highway estatal,Rural,Arteria Menor,State Highway Agency,0,Sin jurisdiccion especial,90,43.30438889,-70.7125,Vehiculo en movimiento,Angulo,Not an Intersection,No fue interseccion,Sobre calle,Ninguna,Dia total,Nublado,No,NO APLICA,16,30,16,40,1,27/04/2022,2
23,Maine,230053,0,0,1,0,5,CUMBERLAND (5),9119,WINDHAM CENTER,5,Mayo,2,2022,23,22,NASH RD,5,Calle Local - Pueblo,Rural,Local,Town or Township Highway Agency,0,Sin jurisdiccion especial,9,43.79751944,-70.39065,Arbol,El primer evento no fue una colision con un vehiculo automotor en transporte,Not an Intersection,No fue interseccion,Sobre el lado de la calle,Ninguna,Oscuro sin iluminacion,lluvia,No,NO APLICA,23,34,23,43,1,02/05/2022,2
23,Maine,230054,0,0,1,0,25,SOMERSET (25),20,ANSON,5,Mayo,21,2022,12,58,SR-8 RIVER RD,3,Highway estatal,Rural,Arteria Menor,State Highway Agency,0,Sin jurisdiccion especial,399,44.81113889,-69.89305,Valla Ferrocarril,El primer evento no fue una colision con un vehiculo automotor en transporte,Not an Intersection,No fue interseccion,Sobre el lado de la calle,Ninguna,Dia total,Despejado,No,NO APLICA,12,59,13,3,1,21/05/2022,1
23,Maine,230055,0,0,3,0,13,KNOX (13),8890,WARREN,5,Mayo,24,2022,15,1,US-1 ATLANTIC HWY,2,US Highway,Rural,Arteria Principal,State Highway Agency,1,Sin jurisdiccion especial,1174,44.11926111,-69.27336944,Vehiculo en movimiento,Angulo,T-Intersection,Interseccion de T,Sobre calle,Ninguna,Dia total,Despejado,No,NO APLICA,15,1,15,8,1,24/05/2022,4
23,Maine,230056,0,0,1,0,9,HANCOCK (9),7315,SEDGWICK,5,Mayo,20,2022,22,12,SR-15 CATERPILLAR HILL RD,3,Highway estatal,Rural,Colector Mayor,State Highway Agency,0,Sin jurisdiccion especial,133,44.30631111,-68.67083889,Arbol,El primer evento no fue una colision con un vehiculo automotor en transporte,Not an Intersection,No fue interseccion,Sobre el lado de la calle,Ninguna,Oscuro sin iluminacion,Despejado,No,NO APLICA,22,13,22,29,1,20/05/2022,2
23,Maine,230057,0,0,2,0,29,WASHINGTON (29),9997,Other,5,Mayo,30,2022,13,25,SR-9 AIRLINE RD,3,Highway estatal,Rural,Arteria Principal,State Highway Agency,1,Sin jurisdiccion especial,2491,44.90816944,-67.84248889,Vehiculo en movimiento,Golpe Lateral - direccion contraria,Not an Intersection,No fue interseccion,Sobre calle,Ninguna,Dia total,Despejado,No,NO APLICA,99,98,99,98,1,30/05/2022,2
23,Maine,230058,0,0,1,0,29,WASHINGTON (29),6140,PERRY,5,Mayo,28,2022,22,58,US-1,2,US Highway,Rural,Arteria Principal,State Highway Agency,1,Sin jurisdiccion especial,2970,45.02113889,-67.0996,Volcadura,El primer evento no fue una colision con un vehiculo automotor en transporte,Not an Intersection,No fue interseccion,Sobre el lado de la calle,Ninguna,Oscuro sin iluminacion,Nublado,No,NO APLICA,23,0,23,11,1,28/05/2022,1
23,Maine,230059,0,0,2,1,29,WASHINGTON (29),5051,MEDDYBEMPS,5,Mayo,3,2022,0,28,SR-191 MAIN ST,3,Highway estatal,Rural,Colector Mayor,State Highway Agency,0,Sin jurisdiccion especial,508,45.01538056,-67.38851944,Vehiculo Aparcado,El primer evento no fue una colision con un vehiculo automotor en transporte,Not an Intersection,No fue interseccion,Sobre el lado de la calle,Ninguna,Oscuro sin iluminacion,Despejado,No,NO APLICA,99,98,99,98,1,03/05/2022,1
23,Maine,230060,0,0,2,0,11,KENNEBEC (11),160,AUGUSTA,6,Junio,3,2022,9,49,SR-3 NORTH BELFAST AVE,3,Highway estatal,Rural,Arteria Principal,State Highway Agency,1,Sin jurisdiccion especial,83,44.34073889,-69.66416944,Vehiculo en movimiento,Frente a frente,Not an Intersection,No fue interseccion,Sobre calle,Ninguna,Dia total,Nublado,No,NO APLICA,9,53,9,57,1,03/06/2022,3
23,Maine,230061,0,0,2,0,31,YORK (31),1223,BUXTON,6,Junio,7,2022,14,51,US-202 NARRAGANSETT TRAIL,2,US Highway,Rural,Arteria Principal,State Highway Agency,1,Sin jurisdiccion especial,328,43.60478056,-70.53636944,Vehiculo en movimiento,Angulo,Four-Way Intersection,Interseccion de 4 direcciones,Sobre calle,Ninguna,Dia total,Nublado,Yes,NO APLICA,14,52,15,0,1,07/06/2022,2
23,Maine,230062,0,0,1,0,7,FRANKLIN (7),9100,WILTON,6,Junio,8,2022,8,38,US-2,2,US Highway,Rural,Arteria Principal,State Highway Agency,1,Sin jurisdiccion especial,557,44.59033889,-70.25421944,Arbol,El primer evento no fue una colision con un vehiculo automotor en transporte,Not an Intersection,No fue interseccion,Sobre el lado de la calle,Ninguna,Dia total,lluvia,No,NO APLICA,99,98,99,98,1,08/06/2022,1
23,Maine,230063,1,1,1,0,5,CUMBERLAND (5),6400,PORTLAND,6,Junio,9,2022,22,1,I-295,1,Interestatal,Urbano,Interestatal,State Highway Agency,1,Sin jurisdiccion especial,57,43.66458889,-70.26251111,Peaton,El primer evento no fue una colision con un vehiculo automotor en transporte,Not an Intersection,No fue interseccion,Sobre calle,Ninguna,Oscuro con iluminacion,Despejado,No,NO APLICA,22,4,22,4,1,09/06/2022,1
23,Maine,230064,0,0,2,0,31,YORK (31),4343,LEBANON,6,Junio,15,2022,19,21,CHAMPION STREET,5,Calle Local - Pueblo,Rural,Local,Town or Township Highway Agency,0,Sin jurisdiccion especial,0,43.41428889,-70.98513889,Vehiculo en movimiento,Angulo,Not an Intersection,No fue interseccion,Sobre calle,Ninguna,Dia total,Despejado,No,NO APLICA,88,88,88,88,1,15/06/2022,4
23,Maine,230065,0,0,1,0,13,KNOX (13),8500,UNION,6,Junio,18,2022,1,50,SR-235 DEPOT ST,3,Highway estatal,Rural,Colector Menor,State Highway Agency,0,Sin jurisdiccion especial,74,44.19036111,-69.28395,Arbol,El primer evento no fue una colision con un vehiculo automotor en transporte,Not an Intersection,No fue interseccion,Sobre el lado de la calle,Ninguna,Oscuro sin iluminacion,Neblina o Humo,No,NO APLICA,88,88,88,88,1,18/06/2022,1
23,Maine,230066,0,0,1,0,13,KNOX (13),7208,ST. GEORGE,6,Junio,21,2022,8,44,SR-131 RIVER ROAD,3,Highway estatal,Rural,Colector Mayor,State Highway Agency,0,Sin jurisdiccion especial,80,44.00831111,-69.20553889,Arbol,El primer evento no fue una colision con un vehiculo automotor en transporte,Not an Intersection,No fue interseccion,Sobre el lado de la calle,Ninguna,Dia total,Despejado,No,NO APLICA,8,44,8,57,1,21/06/2022,1
23,Maine,230067,0,0,1,0,19,PENOBSCOT (19),1510,CARMEL,4,Abril,16,2022,1,49,I-95,1,Interestatal,Rural,Interestatal,State Highway Agency,1,Sin jurisdiccion especial,1356,44.77876944,-69.0623,Acotamiento,El primer evento no fue una colision con un vehiculo automotor en transporte,Not an Intersection,No fue interseccion,En el medio,Ninguna,Oscuro sin iluminacion,Despejado,No,NO APLICA,1,48,2,10,1,16/04/2022,1
23,Maine,230068,0,0,2,0,19,PENOBSCOT (19),3229,GLENBURN,6,Junio,28,2022,20,57,SR-15 BROADWAY ST,3,Highway estatal,Rural,Arteria Menor,State Highway Agency,0,Sin jurisdiccion especial,704,44.89043056,-68.87528889,Vehiculo en movimiento,Frente a frente,Not an Intersection,No fue interseccion,Sobre calle,"Zona de trabajo, tipo desconocido",Atardecer,Despejado,No,NO APLICA,21,3,21,13,1,28/06/2022,4
23,Maine,230069,0,0,1,0,27,WALDO (27),7300,SEARSPORT,6,Junio,25,2022,1,47,MONROE RD,5,Calle Local - Pueblo,Rural,Local,Town or Township Highway Agency,0,Sin jurisdiccion especial,33,44.55706111,-68.9574,Arbol,El primer evento no fue una colision con un vehiculo automotor en transporte,Not an Intersection,No fue interseccion,Fuera de la calle,Ninguna,Oscuro sin iluminacion,Despejado,No,NO APLICA,1,51,2,3,1,25/06/2022,1
23,Maine,230070,0,0,1,0,27,WALDO (27),5955,PALERMO,6,Junio,12,2022,13,33,PLUMMER RD,5,Calle Local - Pueblo,Rural,Local,Town or Township Highway Agency,0,Sin jurisdiccion especial,12,44.39315,-69.38541111,Volcadura,El primer evento no fue una colision con un vehiculo automotor en transporte,Not an Intersection,No fue interseccion,Sobre el lado de la calle,Ninguna,Dia total,Despejado,No,NO APLICA,88,88,88,88,1,12/06/2022,1