Estado,Nombre de Estado,Numero de Caso,Peatones,Personas _no_vehiculos,Vehiculos automotores,Vehiculos estacionados,Condado,Nombre Condado,Ciudad,Nombre Ciudad,Mes,Nombre Mes,Dia,Año,Hora,Minuto,Calle,Ruta,Nombre Ruta,Rural o Urbanoo,Sistema Funcional,Dueño Calle,Sistema Nacional Carreteras,Jurisdiccion Especial,Milla,Latitud,Longitud,Causa del Accidente,Tipo de Accidente,Tipo Interseccion,Columna1,Lugar en la calle,Zona de Trabajo,Luz,Clima,Autobus Escolar,Cruce de Trenes,Hora Notificacion,Minuto Notificacion,Hora Llegada,Minuto Llegada,Decesos,Fecha,PersonaVehiculo
23,Maine,230071,0,0,1,0,11,KENNEBEC (11),9300,WINTHROP,6,Junio,25,2022,23,10,SR-133,3,Highway estatal,Rural,Arteria Menor,State Highway Agency,0,Sin jurisdiccion especial,14,44.31498889,-69.9777,Volcadura,El primer evento no fue una colision con un vehiculo automotor en transporte,Not an Intersection,No fue interseccion,Sobre calle,Ninguna,Oscuro sin iluminacion,Despejado,No,NO APLICA,23,10,23,15,1,25/06/2022,1
23,Maine,230072,0,0,2,0,21,PISCATAQUIS (21),7343,SHIRLEY MILLS,7,Julio,12,2022,20,20,SR-6 GREENVILLE RD,3,Highway estatal,Rural,Arteria Menor,State Highway Agency,0,Sin jurisdiccion especial,694,45.3843,-69.59725,Vehiculo en movimiento,Otro,T-Intersection,Interseccion de T,Sobre calle,Ninguna,Atardecer,Nublado,No,NO APLICA,88,88,88,88,1,12/07/2022,3
23,Maine,230073,0,0,1,0,1,ANDROSCOGGIN (1),80,AUBURN,1,Enero,3,2022,13,19,BROAD ST,5,Calle Local - Pueblo,Rural,Local,Town or Township Highway Agency,0,Sin jurisdiccion especial,15,44.07246944,-70.23678889,Barda,El primer evento no fue una colision con un vehiculo automotor en transporte,Not an Intersection,No fue interseccion,Sobre el lado de la calle,Ninguna,Dia total,Despejado,No,NO APLICA,88,88,88,88,1,03/01/2022,1
23,Maine,230074,0,0,2,0,9,HANCOCK (9),9997,Other,6,Junio,12,2022,16,41,SR-179 WALTHAM RD,3,Highway estatal,Rural,Colector Mayor,State Highway Agency,0,Sin jurisdiccion especial,145,44.74723056,-68.32681111,Vehiculo en movimiento,Frente a Detrás,Not an Intersection,No fue interseccion,Sobre calle,Ninguna,Dia total,Despejado,No,NO APLICA,16,33,16,51,1,12/06/2022,3
23,Maine,230075,0,0,1,0,31,YORK (31),4405,LIMINGTON,6,Junio,20,2022,16,16,SR-11 SOKOKIS AVE,3,Highway estatal,Rural,Colector Mayor,State Highway Agency,0,Sin jurisdiccion especial,453,43.75661111,-70.67273889,Buzon de correo,El primer evento no fue una colision con un vehiculo automotor en transporte,Not an Intersection,No fue interseccion,Sobre el lado de la calle,Ninguna,Dia total,Despejado,No,NO APLICA,16,13,16,21,1,20/06/2022,1
23,Maine,230076,0,0,1,0,31,YORK (31),30,KENNEBUNKPORT,6,Junio,17,2022,1,22,LOG CABIN RD,5,Calle Local - Pueblo,Rural,Colector Mayor,State Highway Agency,0,Sin jurisdiccion especial,16,43.40795,-70.49211111,Valla Ferrocarril,El primer evento no fue una colision con un vehiculo automotor en transporte,Not an Intersection,No fue interseccion,Sobre el lado de la calle,Ninguna,Oscuro sin iluminacion,Nublado,No,NO APLICA,1,24,1,34,1,17/06/2022,1
23,Maine,230077,0,0,1,0,29,WASHINGTON (29),6500,PRINCETON,6,Junio,22,2022,10,55,WEST ST,5,Calle Local - Pueblo,Rural,Local,Town or Township Highway Agency,0,Sin jurisdiccion especial,41,45.19785,-67.59471944,Arbol,El primer evento no fue una colision con un vehiculo automotor en transporte,Not an Intersection,No fue interseccion,Sobre el lado de la calle,Ninguna,Dia total,Despejado,No,NO APLICA,10,58,11,3,1,22/06/2022,1
23,Maine,230078,0,0,2,0,19,PENOBSCOT (19),1806,CORINTH,6,Junio,25,2022,12,55,SR-43 HUDSON RD,3,Highway estatal,Rural,Colector Menor,State Highway Agency,0,Sin jurisdiccion especial,830,45.0172,-68.96913889,Vehiculo en movimiento,Angulo,Four-Way Intersection,Interseccion de 4 direcciones,Sobre calle,Ninguna,Dia total,Despejado,No,NO APLICA,12,59,13,10,1,25/06/2022,5
23,Maine,230079,0,0,1,0,11,KENNEBEC (11),7064,ROME CORNER,3,Marzo,31,2022,20,6,SR-225,3,Highway estatal,Rural,Colector Mayor,State Highway Agency,0,Sin jurisdiccion especial,5,44.57818056,-69.89643889,Volcadura,El primer evento no fue una colision con un vehiculo automotor en transporte,Not an Intersection,No fue interseccion,Sobre el lado de la calle,Ninguna,Oscuro sin iluminacion,lluvia,No,NO APLICA,20,17,20,34,1,31/03/2022,2
23,Maine,230080,0,0,1,0,15,LINCOLN (15),9080,WEST SOUTHPORT,7,Julio,27,2022,0,37,CROSS RD,5,Calle Local - Pueblo,Rural,Local,Town or Township Highway Agency,0,Sin jurisdiccion especial,9,43.82953889,-69.65641111,Arbol,El primer evento no fue una colision con un vehiculo automotor en transporte,Not an Intersection,No fue interseccion,Sobre el lado de la calle,Ninguna,Oscuro sin iluminacion,Despejado,No,NO APLICA,88,88,88,88,1,27/07/2022,1
23,Maine,230081,0,0,2,0,19,PENOBSCOT (19),2102,DIXMONT,8,Agosto,17,2022,12,41,US-202 WESTERN AVE,2,US Highway,Rural,Colector Mayor,State Highway Agency,0,Sin jurisdiccion especial,1507,44.69225,-69.1082,Vehiculo en movimiento,Frente a frente,Not an Intersection,No fue interseccion,Sobre calle,Ninguna,Dia total,lluvia,No,NO APLICA,88,88,88,88,2,17/08/2022,2
23,Maine,230082,0,0,2,0,15,LINCOLN (15),7363,SOMERVILLE,6,Junio,24,2022,14,52,TURNER RIDGE RD,5,Calle Local - Pueblo,Rural,Colector Menor,State Highway Agency,0,Sin jurisdiccion especial,20,44.31633889,-69.48703889,Vehiculo en movimiento,Angulo,Not an Intersection,No fue interseccion,Sobre calle,Ninguna,Dia total,Despejado,No,NO APLICA,88,88,88,88,1,24/06/2022,3
23,Maine,230083,0,0,2,0,19,PENOBSCOT (19),1805,CORINNA,7,Julio,1,2022,18,23,SR-7 NEWPORT RD,3,Highway estatal,Rural,Arteria Menor,State Highway Agency,0,Sin jurisdiccion especial,400,44.90953056,-69.2651,Vehiculo en movimiento,Frente a frente,Not an Intersection,No fue interseccion,Sobre calle,Ninguna,Dia total,Despejado,No,NO APLICA,88,88,88,88,1,01/07/2022,3
23,Maine,230084,0,0,1,0,15,LINCOLN (15),7363,SOMERVILLE,7,Julio,9,2022,23,27,VALLEY RD,5,Calle Local - Pueblo,Rural,Local,Town or Township Highway Agency,0,Sin jurisdiccion especial,22,44.23863889,-69.44391944,Zanja,El primer evento no fue una colision con un vehiculo automotor en transporte,Not an Intersection,No fue interseccion,Sobre el lado de la calle,Ninguna,Oscuro sin iluminacion,Despejado,No,NO APLICA,88,88,88,88,1,09/07/2022,1
23,Maine,230085,0,0,1,0,5,CUMBERLAND (5),2700,FALMOUTH,7,Julio,15,2022,5,6,I-95,1,Interestatal,Rural,Interestatal,State Highway Agency,1,Sin jurisdiccion especial,557,43.79031944,-70.31498889,Fin de valla,El primer evento no fue una colision con un vehiculo automotor en transporte,Not an Intersection,No fue interseccion,Sobre el lado de la calle,Ninguna,Oscuro sin iluminacion,Nublado,No,NO APLICA,5,25,5,39,1,15/07/2022,1
23,Maine,230086,0,0,2,0,11,KENNEBEC (11),8900,WATERVILLE,9,Septiembre,1,2022,10,11,US-201 COLLEGE AVE,2,US Highway,Urbano,Arteria Menor,State Highway Agency,0,Sin jurisdiccion especial,515,44.56813056,-69.62256111,Vehiculo en movimiento,Frente a frente,Not an Intersection,No fue interseccion,Sobre calle,Ninguna,Dia total,Despejado,No,NO APLICA,10,11,10,15,1,01/09/2022,2
23,Maine,230087,0,0,1,0,3,AROOSTOOK (3),2900,FORT KENT,8,Agosto,20,2022,14,50,SR-11 AROOSTOOK RD,3,Highway estatal,Rural,Colector Mayor,State Highway Agency,0,Sin jurisdiccion especial,3985,47.22316111,-68.59353889,Arbol,El primer evento no fue una colision con un vehiculo automotor en transporte,Not an Intersection,No fue interseccion,Sobre el lado de la calle,Ninguna,Dia total,Despejado,No,NO APLICA,14,53,15,10,1,20/08/2022,2
23,Maine,230088,0,0,2,0,31,YORK (31),7200,SACO,8,Agosto,30,2022,16,38,SR-5 NEW COUNTY RD,3,Highway estatal,Rural,Colector Mayor,State Highway Agency,0,Sin jurisdiccion especial,81,43.52696111,-70.49901389,Vehiculo en movimiento,Frente a frente,Not an Intersection,No fue interseccion,Sobre calle,Ninguna,Dia total,Despejado,No,NO APLICA,16,39,16,45,1,30/08/2022,2
23,Maine,230089,0,0,1,0,31,YORK (31),7200,SACO,9,Septiembre,20,2022,16,55,SR-9 MAIN ST,3,Highway estatal,Urbano,Colector Mayor,State Highway Agency,0,Sin jurisdiccion especial,377,43.49402222,-70.44788889,Soporte de  señalamiento de transito,El primer evento no fue una colision con un vehiculo automotor en transporte,Four-Way Intersection,Interseccion de 4 direcciones,Sobre el lado de la calle,Ninguna,Dia total,Nublado,No,NO APLICA,17,0,17,3,1,20/09/2022,2
23,Maine,230090,0,0,2,0,19,PENOBSCOT (19),3700,HOLDEN,10,Octubre,3,2022,9,13,US-1A MAIN RD,2,US Highway,Rural,Arteria Principal,State Highway Agency,1,Sin jurisdiccion especial,432,44.76121111,-68.69771111,Vehiculo en movimiento,Angulo,Not an Intersection,No fue interseccion,Sobre calle,Ninguna,Dia total,Despejado,No,NO APLICA,9,14,9,20,1,03/10/2022,2
23,Maine,230091,0,0,2,0,11,KENNEBEC (11),3550,HALLOWELL,9,Septiembre,24,2022,13,10,SMITH RD,5,Calle Local - Pueblo,Rural,Local,Town or Township Highway Agency,0,Sin jurisdiccion especial,24,44.27546111,-69.81085,Vehiculo en movimiento,Angulo,Four-Way Intersection,Interseccion de 4 direcciones,Sobre calle,Ninguna,Dia total,Despejado,No,NO APLICA,13,26,13,35,1,24/09/2022,6
23,Maine,230092,0,0,2,0,31,YORK (31),1810,CORNISH,7,Julio,17,2022,9,21,SR-25 MAPLE ST,3,Highway estatal,Rural,Colector Mayor,State Highway Agency,0,Sin jurisdiccion especial,0,43.8052,-70.812,Vehiculo en movimiento,Angulo,T-Intersection,Interseccion de T,Sobre calle,Ninguna,Dia total,Despejado,No,NO APLICA,88,88,88,88,1,17/07/2022,3
23,Maine,230093,0,0,2,0,31,YORK (31),7250,SANFORD,7,Julio,18,2022,8,3,SR-4 ALFRED RD,3,Highway estatal,Rural,Arteria Menor,State Highway Agency,0,Sin jurisdiccion especial,151,43.41978056,-70.7368,Vehiculo en movimiento,Angulo,Four-Way Intersection,Interseccion de 4 direcciones,Sobre calle,Ninguna,Dia total,Nublado,No,NO APLICA,8,7,8,12,1,18/07/2022,2
23,Maine,230094,0,0,2,0,7,FRANKLIN (7),4022,JAY,7,Julio,20,2022,9,52,SR-4 MAIN ST,3,Highway estatal,Rural,Arteria Principal,State Highway Agency,1,Sin jurisdiccion especial,1113,44.57276111,-70.22946944,Vehiculo en movimiento,Frente a frente,Not an Intersection,No fue interseccion,Sobre calle,Ninguna,Dia total,Nublado,No,NO APLICA,9,46,9,56,1,20/07/2022,2
23,Maine,230095,0,0,1,0,31,YORK (31),450,BERWICK,7,Julio,23,2022,4,46,SR-9 SCHOOL ST,3,Highway estatal,Rural,Arteria Menor,State Highway Agency,0,Sin jurisdiccion especial,23,43.28571944,-70.82858889,Arbol,El primer evento no fue una colision con un vehiculo automotor en transporte,Not an Intersection,No fue interseccion,Sobre el lado de la calle,Ninguna,Amanecer,Despejado,No,NO APLICA,88,88,88,88,1,23/07/2022,1
23,Maine,230096,1,1,1,0,1,ANDROSCOGGIN (1),8390,TURNER,7,Julio,23,2022,10,28,COUNTY RD,5,Calle Local - Pueblo,Rural,Local,Town or Township Highway Agency,0,Sin jurisdiccion especial,8,44.2067,-70.27103056,Peaton,El primer evento no fue una colision con un vehiculo automotor en transporte,Not an Intersection,No fue interseccion,Sobre Acotamiento,Ninguna,Dia total,Despejado,No,NO APLICA,10,34,10,39,1,23/07/2022,1
23,Maine,230097,0,0,2,0,17,OXFORD (17),6141,PERU,7,Julio,30,2022,14,29,SR-108 AUBURN RD,3,Highway estatal,Rural,Arteria Menor,State Highway Agency,0,Sin jurisdiccion especial,194,44.51496111,-70.42208889,Vehiculo en movimiento,Angulo,Not an Intersection,No fue interseccion,Sobre calle,Ninguna,Dia total,Despejado,No,NO APLICA,14,36,14,40,1,30/07/2022,2
23,Maine,230098,0,0,1,0,25,SOMERSET (25),6200,PITTSFIELD,10,Octubre,21,2022,15,34,I-95,1,Interestatal,Rural,Interestatal,State Highway Agency,1,Sin jurisdiccion especial,1440,44.72863889,-69.43695,Arbol,El primer evento no fue una colision con un vehiculo automotor en transporte,Not an Intersection,No fue interseccion,Sobre el lado de la calle,Ninguna,Dia total,Despejado,No,NO APLICA,15,45,15,52,1,21/10/2022,1
23,Maine,230099,0,0,2,0,1,ANDROSCOGGIN (1),4648,LIVERMORE,4,Abril,19,2022,14,57,SR-4 FEDERAL RD,3,Highway estatal,Rural,Arteria Principal,State Highway Agency,1,Sin jurisdiccion especial,959,44.38568056,-70.24826944,Vehiculo en movimiento,Frente a frente,Not an Intersection,No fue interseccion,Sobre calle,Ninguna,Dia total,Nublado,No,NO APLICA,15,5,15,11,1,19/04/2022,4
23,Maine,230100,0,0,2,0,25,SOMERSET (25),1490,CARATUNK,5,Mayo,14,2022,16,56,US-201,2,US Highway,Rural,Arteria Principal,State Highway Agency,1,Sin jurisdiccion especial,1074,45.22848056,-69.99108611,Vehiculo en movimiento,Otro,Not an Intersection,No fue interseccion,Sobre calle,Ninguna,Dia total,Nublado,No,NO APLICA,17,0,17,15,2,14/05/2022,4
23,Maine,230101,0,0,1,0,17,OXFORD (17),3100,FRYEBURG,9,Septiembre,10,2022,13,2,US-302 BRIDGTON RD,2,US Highway,Rural,Arteria Principal,State Highway Agency,1,Sin jurisdiccion especial,476,44.03571111,-70.88868889,Volcadura,El primer evento no fue una colision con un vehiculo automotor en transporte,Not an Intersection,No fue interseccion,Sobre el lado de la calle,Ninguna,Dia total,Despejado,No,NO APLICA,12,50,13,5,1,10/09/2022,1
23,Maine,230102,1,1,1,0,19,PENOBSCOT (19),3802,HUDSON,7,Julio,27,2022,16,39,SR-43 HUDSON ROAD,3,Highway estatal,Rural,Colector Mayor,State Highway Agency,0,Sin jurisdiccion especial,866,45.02043889,-68.91013056,Peaton,El primer evento no fue una colision con un vehiculo automotor en transporte,Not an Intersection,No fue interseccion,Sobre calle,Ninguna,Dia total,Despejado,No,NO APLICA,16,29,16,51,1,27/07/2022,1
23,Maine,230103,0,0,1,0,17,OXFORD (17),3611,HARTFORD,8,Agosto,1,2022,10,0,SR-219BEAR POND RD,3,Highway estatal,Rural,Colector Mayor,State Highway Agency,0,Sin jurisdiccion especial,221,44.34741944,-70.29933056,Arbol,El primer evento no fue una colision con un vehiculo automotor en transporte,Not an Intersection,No fue interseccion,Sobre el lado de la calle,Ninguna,Dia total,Despejado,No,NO APLICA,10,44,10,50,1,01/08/2022,1
23,Maine,230104,0,0,1,0,11,KENNEBEC (11),9150,WINSLOW,8,Agosto,2,2022,17,47,SR-137 CHINA RD,3,Highway estatal,Rural,Colector Mayor,State Highway Agency,0,Sin jurisdiccion especial,352,44.52441944,-69.60371944,Poste,El primer evento no fue una colision con un vehiculo automotor en transporte,Not an Intersection,No fue interseccion,Sobre el lado de la calle,Ninguna,Dia total,Nublado,No,NO APLICA,88,88,88,88,1,02/08/2022,2
23,Maine,230105,0,0,2,0,5,CUMBERLAND (5),7265,SCARBOROUGH,8,Agosto,3,2022,9,15,SR-114 GORHAM RD,3,Highway estatal,Rural,Arteria Menor,State Highway Agency,0,Sin jurisdiccion especial,30,43.6229,-70.36376111,Vehiculo en movimiento,Angulo,T-Intersection,Interseccion de T,Sobre calle,Ninguna,Dia total,Despejado,No,NO APLICA,9,16,9,23,1,03/08/2022,2
23,Maine,230106,0,0,2,0,25,SOMERSET (25),1310,CANAAN,8,Agosto,6,2022,18,38,TUTTLE RD,5,Calle Local - Pueblo,Rural,Local,Town or Township Highway Agency,0,Sin jurisdiccion especial,7,44.75068889,-69.57046944,Vehiculo en movimiento,Frente a frente,Not an Intersection,No fue interseccion,Sobre calle,Ninguna,Dia total,Despejado,No,NO APLICA,18,39,18,52,1,06/08/2022,2
23,Maine,230107,0,0,1,0,11,KENNEBEC (11),6635,TOWN OF READFIELD,8,Agosto,6,2022,21,50,OLD KENTS HILL RD,5,Calle Local - Pueblo,Rural,Local,Town or Township Highway Agency,0,Sin jurisdiccion especial,0,44.39763889,-69.99038056,Zanja,El primer evento no fue una colision con un vehiculo automotor en transporte,Not an Intersection,No fue interseccion,Sobre el lado de la calle,Ninguna,Oscuro sin iluminacion,Despejado,No,NO APLICA,88,88,88,88,1,06/08/2022,1
23,Maine,230108,0,0,2,0,31,YORK (31),450,BERWICK,8,Agosto,14,2022,13,16,SR-4 PORTLAND ST,3,Highway estatal,Rural,Arteria Menor,State Highway Agency,0,Sin jurisdiccion especial,35,43.2685,-70.77443889,Vehiculo en movimiento,Frente a frente,T-Intersection,Interseccion de T,Sobre calle,Ninguna,Dia total,Despejado,No,NO APLICA,13,17,13,30,2,14/08/2022,3
23,Maine,230109,0,0,2,0,5,CUMBERLAND (5),1150,BRUNSWICK,8,Agosto,14,2022,15,52,US-1 PLEASANT ST,2,US Highway,Urbano,Arteria Principal,State Highway Agency,1,Sin jurisdiccion especial,8,43.91271944,-69.98038056,Vehiculo en movimiento,Angulo,Four-Way Intersection,Interseccion de 4 direcciones,Sobre calle,Ninguna,Dia total,Despejado,No,NO APLICA,15,53,15,56,1,14/08/2022,5
23,Maine,230110,0,0,2,0,31,YORK (31),7250,SANFORD,8,Agosto,21,2022,7,24,SR-4 COUNTRY CLUB RD,3,Highway estatal,Rural,Arteria Menor,State Highway Agency,0,Sin jurisdiccion especial,120,43.37648889,-70.73983056,Vehiculo en movimiento,Frente a frente,Not an Intersection,No fue interseccion,Sobre calle,Ninguna,Dia total,Despejado,No,NO APLICA,7,24,7,39,1,21/08/2022,2
23,Maine,230111,0,0,1,0,9,HANCOCK (9),705,BLUE HILL,8,Agosto,20,2022,20,14,SR-15 PLEASANT ST,3,Highway estatal,Rural,Colector Mayor,State Highway Agency,0,Sin jurisdiccion especial,257,44.43743056,-68.60706944,Arbol,El primer evento no fue una colision con un vehiculo automotor en transporte,Not an Intersection,No fue interseccion,Sobre el lado de la calle,Ninguna,Oscuro sin iluminacion,Despejado,No,NO APLICA,88,88,88,88,1,20/08/2022,1
23,Maine,230112,0,0,2,0,1,ANDROSCOGGIN (1),8390,TURNER,8,Agosto,26,2022,11,30,SR-4 AUBURN RD,3,Highway estatal,Rural,Arteria Principal,State Highway Agency,1,Sin jurisdiccion especial,917,44.32706111,-70.25813056,Vehiculo en movimiento,Frente a frente,Not an Intersection,No fue interseccion,Sobre calle,Ninguna,Dia total,Nublado,No,NO APLICA,11,44,12,9,1,26/08/2022,2
23,Maine,230113,0,0,2,0,31,YORK (31),7250,SANFORD,8,Agosto,29,2022,7,54,SR-4 COUNTRY CLUB RD,3,Highway estatal,Rural,Arteria Menor,State Highway Agency,0,Sin jurisdiccion especial,121,43.37703056,-70.74013056,Vehiculo en movimiento,Angulo,Not an Intersection,No fue interseccion,Sobre calle,Ninguna,Dia total,Despejado,No,NO APLICA,7,54,8,4,1,29/08/2022,4
23,Maine,230114,0,0,1,0,19,PENOBSCOT (19),1510,CARMEL,8,Agosto,29,2022,21,19,SR-69 HAMPDEN RD,3,Highway estatal,Rural,Colector Mayor,State Highway Agency,0,Sin jurisdiccion especial,230,44.76105,-68.9761,Arbol,El primer evento no fue una colision con un vehiculo automotor en transporte,Not an Intersection,No fue interseccion,Sobre el lado de la calle,Ninguna,Oscuro sin iluminacion,Despejado,No,NO APLICA,88,88,88,88,2,29/08/2022,2
23,Maine,230115,0,0,2,0,19,PENOBSCOT (19),250,BANGOR,9,Septiembre,10,2022,0,52,KENDUSKEAG AVE,6,Calle Local Municipalidad,Urbano,Local,State Highway Agency,0,Sin jurisdiccion especial,27,44.83693056,-68.80413056,Vehiculo en movimiento,Angulo,Not an Intersection,No fue interseccion,Sobre calle,Ninguna,Oscuro sin iluminacion,Despejado,No,NO APLICA,88,88,88,88,2,10/09/2022,2
23,Maine,230116,0,0,2,0,5,CUMBERLAND (5),3250,GORHAM,9,Septiembre,15,2022,7,50,SR-22 COUNTY RD,3,Highway estatal,Rural,Colector Mayor,State Highway Agency,0,Sin jurisdiccion especial,98,43.63006944,-70.45008056,Vehiculo en movimiento,Angulo,T-Intersection,Interseccion de T,Sobre calle,Ninguna,Dia total,Despejado,No,NO APLICA,88,88,88,88,1,15/09/2022,2
23,Maine,230117,0,0,1,0,1,ANDROSCOGGIN (1),4650,LIVERMORE FALLS,9,Septiembre,19,2022,14,40,SR-133 PARK ST,3,Highway estatal,Rural,Arteria Menor,State Highway Agency,0,Sin jurisdiccion especial,109,44.39556111,-70.11781944,Culvert,El primer evento no fue una colision con un vehiculo automotor en transporte,Not an Intersection,No fue interseccion,Sobre el lado de la calle,Ninguna,Dia total,lluvia,No,NO APLICA,88,88,88,88,1,19/09/2022,1
23,Maine,230118,0,0,3,0,11,KENNEBEC (11),2725,FARMINGDALE,9,Septiembre,24,2022,11,50,I-95,1,Interestatal,Rural,Interestatal,State Highway Agency,1,Sin jurisdiccion especial,1041,44.26038056,-69.80683056,Vehiculo en movimiento,Otro,Not an Intersection,No fue interseccion,Sobre calle,Ninguna,Dia total,Despejado,No,NO APLICA,11,52,12,2,1,24/09/2022,5
23,Maine,230119,1,1,1,0,1,ANDROSCOGGIN (1),4350,LEWISTON,9,Septiembre,26,2022,19,16,SABATTUS ST,6,Calle Local Municipalidad,Urbano,Local,City or Municipal Highway Agency,0,Sin jurisdiccion especial,41,44.10006944,-70.21211944,Peaton,El primer evento no fue una colision con un vehiculo automotor en transporte,"Five Point, or More",5 Puntos o mas,Sobre calle,Ninguna,Oscuro con iluminacion,Despejado,No,NO APLICA,19,18,19,21,1,26/09/2022,1
23,Maine,230120,0,0,3,1,31,YORK (31),7450,SOUTH BERWICK,9,Septiembre,13,2022,13,22,SR-4 MAIN ST,3,Highway estatal,Urbano,Arteria Menor,State Highway Agency,0,Sin jurisdiccion especial,0,43.22806111,-70.81065,Valla Ferrocarril,El primer evento no fue una colision con un vehiculo automotor en transporte,Not an Intersection,No fue interseccion,Sobre el lado de la calle,Ninguna,Dia total,Nublado,No,NO APLICA,13,22,13,32,1,13/09/2022,2
23,Maine,230121,0,0,1,0,11,KENNEBEC (11),7,ALBION,9,Septiembre,5,2022,10,42,US-202 UNITY RD,2,US Highway,Rural,Colector Mayor,State Highway Agency,0,Sin jurisdiccion especial,1317,44.54618889,-69.39403056,Volcadura,El primer evento no fue una colision con un vehiculo automotor en transporte,Not an Intersection,No fue interseccion,Sobre el lado de la calle,Ninguna,Dia total,lluvia,No,NO APLICA,10,47,10,56,1,05/09/2022,1
23,Maine,230122,0,0,1,0,19,PENOBSCOT (19),3125,GARLAND,10,Octubre,16,2022,9,30,EXETER RD,5,Calle Local - Pueblo,Rural,Colector Menor,State Highway Agency,0,Sin jurisdiccion especial,27,45.02168056,-69.16208056,Volcadura,El primer evento no fue una colision con un vehiculo automotor en transporte,Not an Intersection,No fue interseccion,Sobre el lado de la calle,Ninguna,Dia total,Despejado,No,NO APLICA,9,30,9,43,1,16/10/2022,1
23,Maine,230123,0,0,1,0,31,YORK (31),5500,NORTH BERWICK,10,Octubre,24,2022,4,40,BEECH RIDGE RD,5,Calle Local - Pueblo,Rural,Local,Town or Township Highway Agency,0,Sin jurisdiccion especial,34,43.30276111,-70.78731944,Arbol,El primer evento no fue una colision con un vehiculo automotor en transporte,Not an Intersection,No fue interseccion,Sobre el lado de la calle,Ninguna,Oscuro sin iluminacion,lluvia,No,NO APLICA,88,88,88,88,1,24/10/2022,1
23,Maine,230124,0,0,1,0,13,KNOX (13),8800,VINALHAVEN,8,Agosto,18,2022,21,25,NORTH HAVEN ROAD,5,Calle Local - Pueblo,Rural,Local,Town or Township Highway Agency,0,Sin jurisdiccion especial,48,44.08786111,-68.85763889,Arbol,El primer evento no fue una colision con un vehiculo automotor en transporte,Not an Intersection,No fue interseccion,Sobre el lado de la calle,Ninguna,Oscuro sin iluminacion,Despejado,No,NO APLICA,21,25,21,42,1,18/08/2022,1
23,Maine,230125,0,0,1,0,11,KENNEBEC (11),6635,TOWN OF READFIELD,10,Octubre,30,2022,15,0,SR-135 SCRIBNER HILL RD,3,Highway estatal,Rural,Colector Menor,State Highway Agency,0,Sin jurisdiccion especial,151,44.37495,-69.88683889,Arbol,El primer evento no fue una colision con un vehiculo automotor en transporte,Not an Intersection,No fue interseccion,Sobre el lado de la calle,Ninguna,Dia total,Despejado,No,NO APLICA,15,5,15,9,1,30/10/2022,1
23,Maine,230126,0,0,1,0,27,WALDO (27),3035,FRANKFORT,6,Junio,11,2022,16,45,US-1A MAIN RD N,2,US Highway,Rural,Arteria Principal,State Highway Agency,1,Sin jurisdiccion especial,233,44.61538056,-68.86958056,Zanja,El primer evento no fue una colision con un vehiculo automotor en transporte,Not an Intersection,No fue interseccion,Sobre el lado de la calle,Ninguna,Dia total,Despejado,No,NO APLICA,16,46,16,54,1,11/06/2022,1
23,Maine,230127,0,0,2,0,31,YORK (31),8899,WATERBORO,10,Octubre,18,2022,7,44,TOWNHOUSE RD,5,Calle Local - Pueblo,Rural,Colector Menor,State Highway Agency,0,Sin jurisdiccion especial,53,43.62973056,-70.68043056,Vehiculo en movimiento,Frente a frente,Not an Intersection,No fue interseccion,Sobre calle,Ninguna,Dia total,lluvia,No,NO APLICA,7,42,8,10,2,18/10/2022,4
23,Maine,230128,1,1,1,0,5,CUMBERLAND (5),9119,WINDHAM CENTER,10,Octubre,31,2022,18,34,US-302 ROOSEVELT TRL,2,US Highway,Urbano,Arteria Principal,State Highway Agency,1,Sin jurisdiccion especial,146,43.82688056,-70.43463056,Ciclista,El primer evento no fue una colision con un vehiculo automotor en transporte,Not an Intersection,No fue interseccion,Sobre calle,Ninguna,Oscuro con iluminacion,Despejado,No,NO APLICA,88,88,88,88,1,31/10/2022,1
23,Maine,230129,0,0,2,0,29,WASHINGTON (29),9997,Other,10,Octubre,31,2022,7,21,SR-192 NORTHFIELD RD,3,Highway estatal,Rural,Colector Mayor,State Highway Agency,0,Sin jurisdiccion especial,107,44.83678056,-67.57686111,Vehiculo en movimiento,Angulo,Not an Intersection,No fue interseccion,Sobre calle,Ninguna,Dia total,Despejado,No,NO APLICA,7,24,7,42,1,31/10/2022,2
23,Maine,230130,1,1,2,0,19,PENOBSCOT (19),2422,EDDINGTON,10,Octubre,24,2022,18,30,SR-9 MAIN RD,3,Highway estatal,Rural,Arteria Principal,State Highway Agency,1,Sin jurisdiccion especial,1982,44.82113889,-68.69698889,Vehiculo en movimiento,Angulo,Not an Intersection,No fue interseccion,Sobre calle,Ninguna,Oscuro sin iluminacion,lluvia,No,NO APLICA,18,31,18,40,1,24/10/2022,1
23,Maine,230131,0,0,1,0,5,CUMBERLAND (5),3606,HARPSWELL CENTER,10,Octubre,31,2022,6,52,MOUNTAIN RD,5,Calle Local - Pueblo,Rural,Colector Mayor,State Highway Agency,0,Sin jurisdiccion especial,18,43.80651111,-69.93943056,Acotamiento,El primer evento no fue una colision con un vehiculo automotor en transporte,Not an Intersection,No fue interseccion,Sobre el lado de la calle,Ninguna,Dia total,Despejado,No,NO APLICA,88,88,88,88,1,31/10/2022,1
23,Maine,230132,1,1,1,0,13,KNOX (13),8200,THOMASTON,11,Noviembre,2,2022,17,59,US-1 NEW COUNTY RD,2,US Highway,Rural,Arteria Principal,State Highway Agency,1,Sin jurisdiccion especial,1259,44.09463889,-69.13731944,Peaton,El primer evento no fue una colision con un vehiculo automotor en transporte,Not an Intersection,No fue interseccion,Sobre calle,Ninguna,Atardecer,Despejado,No,NO APLICA,17,59,18,5,1,02/11/2022,1