Estado,Nombre de Estado,Numero de Caso,Peatones,Personas _no_vehiculos,Vehiculos automotores,Vehiculos estacionados,Condado,Nombre Condado,Ciudad,Nombre Ciudad,Mes,Nombre Mes,Dia,Año,Hora,Minuto,Calle,Ruta,Nombre Ruta,Rural o Urbanoo,Sistema Funcional,Dueño Calle,Sistema Nacional Carreteras,Jurisdiccion Especial,Milla,Latitud,Longitud,Causa del Accidente,Tipo de Accidente,Tipo Interseccion,Columna1,Lugar en la calle,Zona de Trabajo,Luz,Clima,Autobus Escolar,Cruce de Trenes,Hora Notificacion,Minuto Notificacion,Hora Llegada,Minuto Llegada,Decesos,Fecha,PersonaVehiculo
23,Maine,230133,0,0,1,0,11,KENNEBEC (11),9300,WINTHROP,10,Octubre,30,2022,20,52,MEMORIAL DR,5,Calle Local - Pueblo,Rural,Local,Town or Township Highway Agency,0,Sin jurisdiccion especial,8,44.34081111,-69.93626944,Volcadura,El primer evento no fue una colision con un vehiculo automotor en transporte,Not an Intersection,No fue interseccion,Sobre calle,Ninguna,Oscuro sin iluminacion,Despejado,No,NO APLICA,20,53,21,1,1,30/10/2022,1
23,Maine,230134,0,0,1,0,31,YORK (31),4343,LEBANON,9,Septiembre,27,2022,22,23,US-202,2,US Highway,Rural,Arteria Principal,State Highway Agency,1,Sin jurisdiccion especial,46,43.3821,-70.87663889,Arbol,El primer evento no fue una colision con un vehiculo automotor en transporte,Not an Intersection,No fue interseccion,Sobre el lado de la calle,Ninguna,Oscuro con iluminacion,Despejado,No,NO APLICA,88,88,88,88,1,27/09/2022,1
23,Maine,230135,0,0,1,0,19,PENOBSCOT (19),1806,CORINTH,11,Noviembre,13,2022,19,23,SR-43 HUDSON RD,3,Highway estatal,Rural,Colector Menor,State Highway Agency,0,Sin jurisdiccion especial,809,45.00896111,-69.00925,Poste,El primer evento no fue una colision con un vehiculo automotor en transporte,Not an Intersection,No fue interseccion,Sobre el lado de la calle,Ninguna,Oscuro sin iluminacion,lluvia,No,NO APLICA,19,25,19,32,1,13/11/2022,1
23,Maine,230136,0,0,3,0,5,CUMBERLAND (5),3250,GORHAM,10,Octubre,25,2022,15,33,US-202 GRAY RD,2,US Highway,Rural,Arteria Menor,State Highway Agency,0,Sin jurisdiccion especial,418,43.70095,-70.427,Vehiculo en movimiento,Angulo,Four-Way Intersection,Interseccion de 4 direcciones,Sobre calle,Ninguna,Dia total,Nublado,Yes,NO APLICA,15,30,15,36,1,25/10/2022,4
23,Maine,230137,0,0,2,0,15,LINCOLN (15),5470,NOBLEBORO,11,Noviembre,15,2022,14,33,E POND RD,5,Calle Local - Pueblo,Rural,Colector Menor,State Highway Agency,0,Sin jurisdiccion especial,44,44.15313889,-69.45901944,Vehiculo en movimiento,Frente a frente,Not an Intersection,No fue interseccion,Sobre calle,Ninguna,Dia total,Despejado,No,NO APLICA,14,36,14,50,1,15/11/2022,2
23,Maine,230138,0,0,1,0,27,WALDO (27),4460,LINCOLNVILLE,7,Julio,19,2022,19,1,US-1 ATLANTIC HWY,2,US Highway,Rural,Arteria Principal,State Highway Agency,1,Sin jurisdiccion especial,1430,44.29883056,-68.99861944,Volcadura,El primer evento no fue una colision con un vehiculo automotor en transporte,Not an Intersection,No fue interseccion,Sobre el lado de la calle,Ninguna,Dia total,Despejado,No,NO APLICA,19,4,19,11,1,19/07/2022,1
23,Maine,230139,0,0,1,0,31,YORK (31),7250,SANFORD,11,Noviembre,3,2022,9,5,WHICHERS MILL RD,5,Calle Local - Pueblo,Rural,Local,Town or Township Highway Agency,0,Sin jurisdiccion especial,1,43.40288056,-70.67525,Arbol,El primer evento no fue una colision con un vehiculo automotor en transporte,Not an Intersection,No fue interseccion,Sobre el lado de la calle,Ninguna,Dia total,Despejado,No,NO APLICA,9,5,9,20,1,03/11/2022,1
23,Maine,230140,1,1,4,0,11,KENNEBEC (11),8900,WATERVILLE,11,Noviembre,25,2022,19,19,I-95,1,Interestatal,Urbano,Interestatal,State Highway Agency,1,Sin jurisdiccion especial,1280,44.5713,-69.65591111,Vehiculo en movimiento,Frente a frente,Not an Intersection,No fue interseccion,Sobre calle,Ninguna,Oscuro sin iluminacion,Granizo,No,NO APLICA,19,38,19,42,1,25/11/2022,6
23,Maine,230141,0,0,1,0,25,SOMERSET (25),7350,SKOWHEGAN,10,Octubre,18,2022,4,48,US-2 CANAAN RD,2,US Highway,Rural,Arteria Principal,State Highway Agency,1,Sin jurisdiccion especial,944,44.76921944,-69.68228056,Volcadura,El primer evento no fue una colision con un vehiculo automotor en transporte,Not an Intersection,No fue interseccion,Sobre el lado de la calle,Ninguna,Oscuro sin iluminacion,lluvia,No,NO APLICA,5,23,5,26,1,18/10/2022,1
23,Maine,230142,0,0,1,0,25,SOMERSET (25),4950,MADISON,10,Octubre,27,2022,23,13,SR-148 WHITE SCHOOL HOUSE RD,3,Highway estatal,Rural,Colector Mayor,State Highway Agency,0,Sin jurisdiccion especial,17,44.808,-69.79735,Arbol,El primer evento no fue una colision con un vehiculo automotor en transporte,Not an Intersection,No fue interseccion,Sobre el lado de la calle,Ninguna,Oscuro sin iluminacion,Despejado,No,NO APLICA,23,14,23,22,1,27/10/2022,5
23,Maine,230143,1,1,1,0,13,KNOX (13),7000,ROCKLAND,10,Octubre,27,2022,8,33,SUFFOLK ST,5,Calle Local - Pueblo,Urbano,Local,Town or Township Highway Agency,0,Sin jurisdiccion especial,1,44.0983,-69.10818056,Peaton,El primer evento no fue una colision con un vehiculo automotor en transporte,T-Intersection,Interseccion de T,Sobre calle,Ninguna,Dia total,Despejado,No,NO APLICA,8,33,8,39,1,27/10/2022,1
23,Maine,230144,0,0,1,0,11,KENNEBEC (11),420,BELGRADE,11,Noviembre,18,2022,23,43,SR-135 MANCHESTER RD,3,Highway estatal,Rural,Colector Menor,State Highway Agency,0,Sin jurisdiccion especial,198,44.43271944,-69.85621944,Alguien se cayo/avento del vehiculo,El primer evento no fue una colision con un vehiculo automotor en transporte,T-Intersection,Interseccion de T,Sobre calle,Ninguna,Oscuro sin iluminacion,Despejado,No,NO APLICA,88,88,88,88,1,18/11/2022,1
23,Maine,230145,1,1,1,0,19,PENOBSCOT (19),250,BANGOR,11,Noviembre,17,2022,20,14,OHIO ST,6,Calle Local Municipalidad,Urbano,Colector Mayor,City or Municipal Highway Agency,0,Sin jurisdiccion especial,16,44.81571111,-68.79836944,Peaton,El primer evento no fue una colision con un vehiculo automotor en transporte,Not an Intersection,No fue interseccion,Sobre calle,Ninguna,Oscuro sin iluminacion,Despejado,No,NO APLICA,20,14,20,22,1,17/11/2022,1
23,Maine,230146,0,0,1,0,5,CUMBERLAND (5),5390,NAPLES,11,Noviembre,27,2022,13,0,SR-35 HARRISON RD,3,Highway estatal,Rural,Colector Mayor,State Highway Agency,0,Sin jurisdiccion especial,565,43.97886111,-70.59653889,Arbol,El primer evento no fue una colision con un vehiculo automotor en transporte,Not an Intersection,No fue interseccion,Sobre el lado de la calle,Ninguna,Dia total,Despejado,No,NO APLICA,88,88,88,88,1,27/11/2022,1
23,Maine,230147,0,0,4,0,5,CUMBERLAND (5),1540,PORTLAND,10,Octubre,31,2022,12,58,US-302 ROOSEVELT TRL,2,US Highway,Rural,Arteria Principal,State Highway Agency,1,Sin jurisdiccion especial,261,43.95108889,-70.55318056,Vehiculo en movimiento,Frente a frente,Not an Intersection,No fue interseccion,Sobre calle,Ninguna,Dia total,Despejado,No,NO APLICA,13,1,13,4,1,31/10/2022,4
23,Maine,230148,0,0,2,0,3,AROOSTOOK (3),6300,PORTAGE,11,Noviembre,16,2022,10,54,SR-11 PORTAGE RD,3,Highway estatal,Rural,Colector Mayor,State Highway Agency,0,Sin jurisdiccion especial,3637,46.76348889,-68.4695,Jackknife (harmful to this vehicle),El primer evento no fue una colision con un vehiculo automotor en transporte,Not an Intersection,No fue interseccion,Sobre calle,Ninguna,Dia total,Nieve,No,NO APLICA,10,52,11,7,1,16/11/2022,2
23,Maine,230149,1,1,1,0,3,AROOSTOOK (3),1500,CARIBOU,11,Noviembre,23,2022,21,28,US-1 VAN BUREN RD,2,US Highway,Rural,Arteria Principal,State Highway Agency,1,Sin jurisdiccion especial,4602,46.87438056,-68.00433056,Peaton,El primer evento no fue una colision con un vehiculo automotor en transporte,Not an Intersection,No fue interseccion,Sobre calle,Ninguna,Oscuro sin iluminacion,Despejado,No,NO APLICA,21,35,21,39,1,23/11/2022,2
23,Maine,230150,0,0,2,0,3,AROOSTOOK (3),9027,WESTFIELD,11,Noviembre,28,2022,15,48,US-1 HOULTON RD,2,US Highway,Rural,Arteria Principal,State Highway Agency,1,Sin jurisdiccion especial,4349,46.54016944,-67.90855,Vehiculo en movimiento,Frente a frente,Not an Intersection,No fue interseccion,Sobre calle,Ninguna,Atardecer,Nublado,No,NO APLICA,15,55,16,9,2,28/11/2022,2
23,Maine,230152,1,1,1,0,9,HANCOCK (9),3604,HANCOCK,12,Diciembre,7,2022,6,12,US-1,2,US Highway,Rural,Arteria Menor,State Highway Agency,0,Sin jurisdiccion especial,2010,44.52923056,-68.25551944,Peaton,El primer evento no fue una colision con un vehiculo automotor en transporte,Not an Intersection,No fue interseccion,Sobre calle,Ninguna,Oscuro sin iluminacion,lluvia,No,NO APLICA,6,12,6,17,1,07/12/2022,4
23,Maine,230153,1,1,1,0,1,ANDROSCOGGIN (1),4350,LEWISTON,12,Diciembre,7,2022,16,27,SR-196 LISBON ST,3,Highway estatal,Urbano,Arteria Principal,State Highway Agency,1,Sin jurisdiccion especial,25,44.08433889,-70.20333889,Peaton,El primer evento no fue una colision con un vehiculo automotor en transporte,Four-Way Intersection,Interseccion de 4 direcciones,Sobre calle,Ninguna,Oscuro con iluminacion,lluvia,No,NO APLICA,99,99,99,99,1,07/12/2022,1
23,Maine,230154,0,0,1,0,5,CUMBERLAND (5),3050,FREEPORT,12,Diciembre,10,2022,7,9,I-295,1,Interestatal,Rural,Interestatal,State Highway Agency,1,Sin jurisdiccion especial,0,43.84538889,-70.12025,Arbol,El primer evento no fue una colision con un vehiculo automotor en transporte,Not an Intersection,No fue interseccion,Sobre el lado de la calle,Ninguna,Oscuro con iluminacion,Despejado,No,NO APLICA,88,88,88,88,1,10/12/2022,1
23,Maine,230155,1,1,1,0,19,PENOBSCOT (19),250,BANGOR,12,Diciembre,2,2022,18,10,I-95 OFF RAMP,1,Interestatal,Urbano,Interestatal,State Highway Agency,1,Sin jurisdiccion especial,1,44.81051944,-68.79221111,Peaton,El primer evento no fue una colision con un vehiculo automotor en transporte,Not an Intersection,No fue interseccion,Sobre calle,Ninguna,Oscuro con iluminacion,Despejado,No,NO APLICA,18,10,18,16,1,02/12/2022,1
23,Maine,230156,0,0,1,0,3,AROOSTOOK (3),7335,SHERMAN MILLS,12,Diciembre,11,2022,15,32,I-95,1,Interestatal,Rural,Interestatal,State Highway Agency,1,Sin jurisdiccion especial,2611,45.85615,-68.4234,Arbol,El primer evento no fue una colision con un vehiculo automotor en transporte,Not an Intersection,No fue interseccion,Sobre el lado de la calle,Ninguna,Dia total,Despejado,No,NO APLICA,15,38,16,24,1,11/12/2022,1
23,Maine,230157,0,0,1,0,25,SOMERSET (25),1824,CORNVILLE,12,Diciembre,24,2022,21,24,MOLUNKUS RD,5,Calle Local - Pueblo,Rural,Local,Town or Township Highway Agency,0,Sin jurisdiccion especial,7,44.82008889,-69.71766944,Poste,El primer evento no fue una colision con un vehiculo automotor en transporte,Not an Intersection,No fue interseccion,Sobre el lado de la calle,Ninguna,Oscuro sin iluminacion,Despejado,No,NO APLICA,21,30,21,40,1,24/12/2022,1
23,Maine,230158,0,0,1,0,27,WALDO (27),425,BELMONT CORNER,12,Diciembre,19,2022,8,11,SR-131 MORRILL RD,3,Highway estatal,Rural,Colector Menor,State Highway Agency,0,Sin jurisdiccion especial,434,44.40348889,-69.13741111,Volcadura,El primer evento no fue una colision con un vehiculo automotor en transporte,Not an Intersection,No fue interseccion,Sobre el lado de la calle,Ninguna,Dia total,Despejado,No,NO APLICA,8,1,8,11,1,19/12/2022,1
23,Maine,230159,0,0,2,0,9,HANCOCK (9),3604,HANCOCK,12,Diciembre,24,2022,11,56,US-1,2,US Highway,Rural,Arteria Menor,State Highway Agency,0,Sin jurisdiccion especial,1982,44.53851111,-68.30883056,Vehiculo en movimiento,Angulo,Not an Intersection,No fue interseccion,Sobre calle,Ninguna,Dia total,Nieve,No,NO APLICA,11,55,12,4,1,24/12/2022,3
23,Maine,230160,0,0,1,0,3,AROOSTOOK (3),5440,NEW LIMERICK,11,Noviembre,17,2022,17,30,US-2,2,US Highway,Rural,Colector Mayor,State Highway Agency,0,Sin jurisdiccion especial,2625,46.12526944,-67.98766111,Volcadura,El primer evento no fue una colision con un vehiculo automotor en transporte,Not an Intersection,No fue interseccion,Sobre el lado de la calle,Ninguna,Oscuro sin iluminacion,Nublado,No,NO APLICA,88,88,88,88,1,17/11/2022,1
23,Maine,230161,0,0,2,0,1,ANDROSCOGGIN (1),8390,TURNER,12,Diciembre,11,2022,9,50,SR-4 AUBURN RD,3,Highway estatal,Rural,Arteria Principal,State Highway Agency,1,Sin jurisdiccion especial,828,44.20346944,-70.24553889,Vehiculo en movimiento,Frente a frente,T-Intersection,Interseccion de T,Sobre calle,Ninguna,Dia total,Despejado,No,NO APLICA,10,2,10,13,1,11/12/2022,3
23,Maine,230162,0,0,3,0,23,SAGADAHOC (23),6800,RICHMOND,12,Diciembre,30,2022,21,30,I-295,1,Interestatal,Rural,Interestatal,State Highway Agency,1,Sin jurisdiccion especial,447,44.11571111,-69.85546944,Vehiculo en movimiento,Frente a Detrás,Not an Intersection,No fue interseccion,Sobre calle,Ninguna,Oscuro sin iluminacion,Despejado,No,NO APLICA,21,30,21,46,1,30/12/2022,6
23,Maine,230163,1,1,1,0,9,HANCOCK (9),300,BAR HARBOR,8,Agosto,25,2022,15,55,PARKING LOT,8,Otro,Trafficway Not in State Inventory,Via no en inventario estatal,Trafficway Not in State Inventory,0,Sin jurisdiccion especial,99998,44.38683056,-68.21773056,Peaton,El primer evento no fue una colision con un vehiculo automotor en transporte,Not an Intersection,No fue interseccion,En estacionamiento,Ninguna,Dia total,Nublado,No,NO APLICA,16,1,16,4,1,25/08/2022,0
23,Maine,230164,0,0,1,0,11,KENNEBEC (11),5700,OAKLAND,11,Noviembre,12,2022,8,12,SR-137 SMITHFIELD RD,3,Highway estatal,Rural,Colector Mayor,State Highway Agency,0,Sin jurisdiccion especial,470,44.58813889,-69.77961111,Arbol,El primer evento no fue una colision con un vehiculo automotor en transporte,Not an Intersection,No fue interseccion,Sobre el lado de la calle,Ninguna,Dia total,lluvia,No,NO APLICA,8,13,8,26,1,12/11/2022,1
23,Maine,230165,0,0,1,0,17,OXFORD (17),9997,Other,12,Diciembre,14,2022,19,48,POWHATAN RD,5,Calle Local - Pueblo,Rural,Local,Town or Township Highway Agency,0,Sin jurisdiccion especial,4,44.04528056,-70.51498889,Arbol,El primer evento no fue una colision con un vehiculo automotor en transporte,T-Intersection,Interseccion de T,Sobre el lado de la calle,Ninguna,Oscuro sin iluminacion,Despejado,No,NO APLICA,88,88,88,88,1,14/12/2022,1
23,Maine,230166,0,0,1,0,11,KENNEBEC (11),5345,MOUNT VERNON,11,Noviembre,21,2022,14,7,BEAN RD,5,Calle Local - Pueblo,Rural,Local,Town or Township Highway Agency,0,Sin jurisdiccion especial,56,44.45706944,-69.95681111,Arbol,El primer evento no fue una colision con un vehiculo automotor en transporte,Not an Intersection,No fue interseccion,Sobre el lado de la calle,Ninguna,Dia total,Despejado,No,NO APLICA,14,14,14,27,1,21/11/2022,1
23,Maine,230167,1,1,1,0,29,WASHINGTON (29),7931,STEUBEN,12,Diciembre,31,2022,16,4,STANLEY POINT RD,5,Calle Local - Pueblo,Rural,Local,Town or Township Highway Agency,0,Sin jurisdiccion especial,59,44.42901111,-67.93316944,Peaton,El primer evento no fue una colision con un vehiculo automotor en transporte,Not an Intersection,No fue interseccion,Sobre calle,Ninguna,Dia total,Despejado,No,NO APLICA,88,88,88,88,1,31/12/2022,1
23,Maine,230168,0,0,1,0,19,PENOBSCOT (19),4450,LINCOLN,11,Noviembre,30,2022,15,51,US-2 MAIN ST,2,US Highway,Rural,Colector Mayor,State Highway Agency,0,Sin jurisdiccion especial,1914,45.37131944,-68.50245,Poste,El primer evento no fue una colision con un vehiculo automotor en transporte,Not an Intersection,No fue interseccion,Sobre el lado de la calle,Ninguna,Oscuro con iluminacion,Nublado,No,NO APLICA,15,51,16,1,1,30/11/2022,1
23,Maine,230169,0,0,2,0,1,ANDROSCOGGIN (1),8390,TURNER,12,Diciembre,29,2022,16,50,SR-4 AUBURN RD,3,Highway estatal,Rural,Arteria Principal,State Highway Agency,1,Sin jurisdiccion especial,919,44.32956944,-70.25715,Vehiculo en movimiento,Frente a Detrás,Not an Intersection,No fue interseccion,Sobre calle,Ninguna,Oscuro sin iluminacion,Despejado,No,NO APLICA,16,34,17,8,1,29/12/2022,4
23,Maine,230170,0,0,1,0,5,CUMBERLAND (5),3608,HARRISON,8,Agosto,28,2022,11,4,MAPLE RIDGE RD,5,Calle Local - Pueblo,Rural,Local,Town or Township Highway Agency,0,Sin jurisdiccion especial,44,44.07283056,-70.6247,Volcadura,El primer evento no fue una colision con un vehiculo automotor en transporte,Not an Intersection,No fue interseccion,Sobre calle,Ninguna,Dia total,Despejado,No,NO APLICA,11,7,11,20,1,28/08/2022,1
23,Maine,230171,0,0,1,0,9,HANCOCK (9),1550,CASTINE,12,Diciembre,10,2022,2,0,SR-166 THE SHORE RD,3,Highway estatal,Rural,Colector Mayor,State Highway Agency,0,Sin jurisdiccion especial,14,44.40618889,-68.80488889,Arbol,El primer evento no fue una colision con un vehiculo automotor en transporte,Not an Intersection,No fue interseccion,Sobre el lado de la calle,Ninguna,Oscuro sin iluminacion,Despejado,No,NO APLICA,2,6,2,30,4,10/12/2022,7
23,Maine,230172,0,0,1,0,9,HANCOCK (9),7315,SEDGWICK,10,Octubre,2,2022,19,37,SR-15 SNOWS COVE RD,3,Highway estatal,Rural,Colector Mayor,State Highway Agency,0,Sin jurisdiccion especial,161,44.34478889,-68.67353889,Arbol,El primer evento no fue una colision con un vehiculo automotor en transporte,Not an Intersection,No fue interseccion,Sobre el lado de la calle,Ninguna,Oscuro sin iluminacion,Nublado,No,NO APLICA,19,39,19,53,1,02/10/2022,1
24,Maryland,240001,0,0,2,0,43,WASHINGTON (43),0,NO APLICA,1,Enero,1,2022,9,48,US-11,2,US Highway,Urbano,Arteria Principal,State Highway Agency,1,Sin jurisdiccion especial,78,39.65531389,-77.72018333,Vehiculo en movimiento,Frente a frente,Not an Intersection,No fue interseccion,Sobre calle,Ninguna,Dia total,lluvia,No,NO APLICA,99,99,99,99,1,01/01/2022,2
24,Maryland,240002,0,0,2,0,5,BALTIMORE (5),0,NO APLICA,1,Enero,1,2022,21,6,I-695,1,Interestatal,Urbano,Interestatal,State Highway Agency,1,Sin jurisdiccion especial,33,39.25775556,-76.698175,Barrera de Trafico de Concreto,El primer evento no fue una colision con un vehiculo automotor en transporte,Not an Intersection,No fue interseccion,En el medio,Ninguna,Oscuro con iluminacion,lluvia,No,NO APLICA,99,99,99,99,1,01/01/2022,4
24,Maryland,240003,1,1,1,0,25,HARFORD (25),10,ABERDEEN,1,Enero,4,2022,18,7,MU-150,6,Calle Local Municipalidad,Urbano,Colector Mayor,City or Municipal Highway Agency,0,Sin jurisdiccion especial,9,39.52371111,-76.18399722,Peaton,El primer evento no fue una colision con un vehiculo automotor en transporte,T-Intersection,Interseccion de T,Sobre calle,Ninguna,Oscuro con iluminacion,Nublado,No,NO APLICA,99,99,99,99,1,04/01/2022,1
24,Maryland,240004,0,0,2,0,21,FREDERICK (21),0,NO APLICA,1,Enero,6,2022,10,10,SR-26,3,Highway estatal,Urbano,Arteria Principal,State Highway Agency,0,Sin jurisdiccion especial,54,39.45550556,-77.310575,Vehiculo en movimiento,Frente a Detrás,Not Reported,No reportado,Sobre calle,"Zona de trabajo, tipo desconocido",Dia total,Despejado,No,NO APLICA,99,99,99,99,1,06/01/2022,2
24,Maryland,240005,0,1,2,1,31,MONTGOMERY (31),0,NO APLICA,1,Enero,3,2022,18,43,US-29,2,US Highway,Urbano,Arterial Principal -Freeway o ExpressWay,State Highway Agency,1,Sin jurisdiccion especial,86,39.07889444,-76.95170278,Vehiculo Funcionando,El primer evento no fue una colision con un vehiculo automotor en transporte,Not an Intersection,No fue interseccion,Sobre calle,Mantenimiento,Oscuro con iluminacion,Nublado,No,NO APLICA,99,99,99,99,3,03/01/2022,4
24,Maryland,240006,0,0,1,0,33,PRINCE GEORGE`S (33),0,NO APLICA,1,Enero,1,2022,4,0,SR-5,3,Highway estatal,Urbano,Arteria Principal,State Highway Agency,1,Sin jurisdiccion especial,27,38.69325556,-76.87227778,Valla Ferrocarril,El primer evento no fue una colision con un vehiculo automotor en transporte,Not an Intersection,No fue interseccion,En el medio,Ninguna,Oscuro con iluminacion,lluvia,No,NO APLICA,99,99,99,99,1,01/01/2022,1
24,Maryland,240008,0,0,1,0,17,CHARLES (17),0,NO APLICA,1,Enero,9,2022,2,46,CR-57,4,Calle del Condado,Urbano,Colector Mayor,County Highway Agency,0,Sin jurisdiccion especial,7,38.64483056,-76.90210278,Volcadura,El primer evento no fue una colision con un vehiculo automotor en transporte,Not an Intersection,No fue interseccion,Sobre calle,Ninguna,Oscuro con iluminacion,Despejado,No,NO APLICA,99,99,99,99,1,09/01/2022,1
24,Maryland,240009,0,0,1,0,37,ST. MARY`S (37),0,NO APLICA,1,Enero,9,2022,20,43,CR-30,4,Calle del Condado,Rural,Arteria Menor,County Highway Agency,0,Sin jurisdiccion especial,22,38.40808056,-76.73519444,Arbol,El primer evento no fue una colision con un vehiculo automotor en transporte,Not an Intersection,No fue interseccion,Sobre el lado de la calle,Ninguna,Oscuro sin iluminacion,lluvia,No,NO APLICA,99,99,99,99,1,09/01/2022,1
24,Maryland,240010,1,1,1,0,31,MONTGOMERY (31),0,NO APLICA,1,Enero,17,2022,18,26,SR-586,3,Highway estatal,Urbano,Arteria Principal,State Highway Agency,0,Sin jurisdiccion especial,39,39.05353889,-77.07760278,Peaton,El primer evento no fue una colision con un vehiculo automotor en transporte,Four-Way Intersection,Interseccion de 4 direcciones,Sobre calle,Ninguna,Oscuro con iluminacion,Despejado,No,NO APLICA,99,99,99,99,1,17/01/2022,1
24,Maryland,240011,1,1,1,0,31,MONTGOMERY (31),0,NO APLICA,1,Enero,17,2022,17,37,SR-650,3,Highway estatal,Urbano,Arteria Principal,State Highway Agency,0,Sin jurisdiccion especial,33,39.01972222,-76.97678611,Peaton,El primer evento no fue una colision con un vehiculo automotor en transporte,T-Intersection,Interseccion de T,Sobre calle,Ninguna,Oscuro con iluminacion,No reportado,No,NO APLICA,99,99,99,99,1,17/01/2022,1
24,Maryland,240012,1,1,1,0,1,ALLEGANY (1),0,NO APLICA,1,Enero,15,2022,19,10,US-220,2,US Highway,Urbano,Arteria Principal,State Highway Agency,1,Sin jurisdiccion especial,126,39.57736389,-78.84789444,Peaton,El primer evento no fue una colision con un vehiculo automotor en transporte,Not an Intersection,No fue interseccion,Sobre calle,Ninguna,Oscuro sin iluminacion,Despejado,No,NO APLICA,99,99,99,99,1,15/01/2022,1
24,Maryland,240014,1,1,1,0,35,QUEEN ANNE`S (35),0,NO APLICA,1,Enero,6,2022,6,43,SR-213,3,Highway estatal,Urbano,Arteria Menor,State Highway Agency,0,Sin jurisdiccion especial,213,39.19405278,-76.0302,Peaton,El primer evento no fue una colision con un vehiculo automotor en transporte,Not an Intersection,No fue interseccion,Sobre calle,Ninguna,Otra,Despejado,No,NO APLICA,99,99,99,99,1,06/01/2022,2
24,Maryland,240015,0,0,2,0,15,CECIL (15),0,NO APLICA,1,Enero,12,2022,7,13,CR-52,4,Calle del Condado,Urbano,Colector Menor,County Highway Agency,0,Sin jurisdiccion especial,4,39.67528889,-76.06415833,Vehiculo en movimiento,Frente a frente,Not an Intersection,No fue interseccion,Sobre calle,Ninguna,Amanecer,No reportado,No,NO APLICA,99,99,99,99,1,12/01/2022,3
24,Maryland,240016,1,1,1,0,31,MONTGOMERY (31),0,NO APLICA,1,Enero,14,2022,8,30,SR-355,3,Highway estatal,Urbano,Arteria Principal,State Highway Agency,0,Sin jurisdiccion especial,13,39.12608889,-77.18279444,Ciclista,El primer evento no fue una colision con un vehiculo automotor en transporte,Four-Way Intersection,Interseccion de 4 direcciones,Sobre calle,Ninguna,Dia total,Despejado,No,NO APLICA,99,99,99,99,1,14/01/2022,1
24,Maryland,240017,1,1,1,0,31,MONTGOMERY (31),0,NO APLICA,1,Enero,17,2022,23,10,I-495,1,Interestatal,Urbano,Interestatal,State Highway Agency,1,Sin jurisdiccion especial,119,39.01611389,-77.02043889,Peaton,El primer evento no fue una colision con un vehiculo automotor en transporte,Not an Intersection,No fue interseccion,Sobre calle,Ninguna,Oscuro - iluminacion desconocida,Despejado,No,NO APLICA,99,99,99,99,1,17/01/2022,1
24,Maryland,240018,0,0,1,0,17,CHARLES (17),0,NO APLICA,1,Enero,20,2022,22,14,CR-623,4,Calle del Condado,Urbano,Arteria Menor,State Highway Agency,0,Sin jurisdiccion especial,6,38.60960278,-76.88688611,Arbol,El primer evento no fue una colision con un vehiculo automotor en transporte,Not an Intersection,No fue interseccion,En el medio,Ninguna,Oscuro sin iluminacion,Nublado,No,NO APLICA,99,99,99,99,1,20/01/2022,2
24,Maryland,240019,0,0,1,0,33,PRINCE GEORGE`S (33),0,NO APLICA,1,Enero,23,2022,0,46,CR-122,4,Calle del Condado,Urbano,Colector Mayor,State Highway Agency,0,Sin jurisdiccion especial,7,38.80522778,-76.96486667,Banqueta,El primer evento no fue una colision con un vehiculo automotor en transporte,Not an Intersection,No fue interseccion,Sobre el lado de la calle,Ninguna,Oscuro con iluminacion,No reportado,No,NO APLICA,99,99,99,99,1,23/01/2022,1
24,Maryland,240020,1,1,1,0,33,PRINCE GEORGE`S (33),0,NO APLICA,1,Enero,13,2022,20,32,SR-704,3,Highway estatal,Urbano,Arteria Principal,State Highway Agency,0,Sin jurisdiccion especial,36,38.93255,-76.86679722,Peaton,El primer evento no fue una colision con un vehiculo automotor en transporte,Four-Way Intersection,Interseccion de 4 direcciones,Sobre calle,Ninguna,Oscuro con iluminacion,Despejado,No,NO APLICA,99,99,99,99,1,13/01/2022,1
24,Maryland,240021,0,0,2,0,15,CECIL (15),0,NO APLICA,1,Enero,14,2022,19,45,SR-545,3,Highway estatal,Urbano,Colector Mayor,State Highway Agency,0,Sin jurisdiccion especial,32,39.64455278,-75.86916944,Vehiculo en movimiento,Frente a frente,Not an Intersection,No fue interseccion,Sobre calle,Ninguna,Oscuro sin iluminacion,Despejado,No,NO APLICA,99,99,99,99,1,14/01/2022,9
24,Maryland,240022,0,0,1,0,29,KENT (29),0,NO APLICA,1,Enero,19,2022,6,56,SR-297,3,Highway estatal,Rural,Colector Mayor,State Highway Agency,0,Sin jurisdiccion especial,11,39.24683889,-76.07378889,Zanja,El primer evento no fue una colision con un vehiculo automotor en transporte,Not an Intersection,No fue interseccion,Sobre el lado de la calle,Ninguna,Oscuro sin iluminacion,Despejado,No,NO APLICA,99,98,99,98,1,19/01/2022,1
24,Maryland,240023,0,0,1,0,27,HOWARD (27),0,NO APLICA,1,Enero,13,2022,17,4,US-29,2,US Highway,Urbano,Arterial Principal -Freeway o ExpressWay,State Highway Agency,1,Sin jurisdiccion especial,14,39.15103889,-76.8955,Acotamiento,El primer evento no fue una colision con un vehiculo automotor en transporte,Not an Intersection,No fue interseccion,Sobre el lado de la calle,Ninguna,Dia total,Despejado,No,NO APLICA,99,99,99,99,1,13/01/2022,1