Estado,Nombre de Estado,Numero de Caso,Peatones,Personas _no_vehiculos,Vehiculos automotores,Vehiculos estacionados,Condado,Nombre Condado,Ciudad,Nombre Ciudad,Mes,Nombre Mes,Dia,Año,Hora,Minuto,Calle,Ruta,Nombre Ruta,Rural o Urbanoo,Sistema Funcional,Dueño Calle,Sistema Nacional Carreteras,Jurisdiccion Especial,Milla,Latitud,Longitud,Causa del Accidente,Tipo de Accidente,Tipo Interseccion,Columna1,Lugar en la calle,Zona de Trabajo,Luz,Clima,Autobus Escolar,Cruce de Trenes,Hora Notificacion,Minuto Notificacion,Hora Llegada,Minuto Llegada,Decesos,Fecha,PersonaVehiculo
24,Maryland,240024,0,0,1,0,5,BALTIMORE (5),0,NO APLICA,1,Enero,23,2022,22,23,I-83,1,Interestatal,Rural,Interestatal,State Highway Agency,1,Sin jurisdiccion especial,265,39.70452778,-76.64261667,Poste de Señal de trafico,El primer evento no fue una colision con un vehiculo automotor en transporte,Not an Intersection,No fue interseccion,En el medio,Ninguna,Oscuro sin iluminacion,Despejado,No,NO APLICA,99,99,99,99,1,23/01/2022,2
24,Maryland,240025,0,0,2,0,17,CHARLES (17),0,NO APLICA,1,Enero,23,2022,19,52,SR-225,3,Highway estatal,Rural,Arteria Menor,State Highway Agency,0,Sin jurisdiccion especial,55,38.545875,-77.07269444,Vehiculo en movimiento,Frente a frente,Not an Intersection,No fue interseccion,Sobre calle,Ninguna,Oscuro sin iluminacion,Despejado,No,NO APLICA,99,99,99,99,3,23/01/2022,3
24,Maryland,240026,0,0,1,0,33,PRINCE GEORGE`S (33),0,NO APLICA,1,Enero,23,2022,7,4,SR-704,3,Highway estatal,Urbano,Arteria Principal,State Highway Agency,1,Sin jurisdiccion especial,45,38.94280556,-76.85061944,Poste de Señal de trafico,El primer evento no fue una colision con un vehiculo automotor en transporte,Not an Intersection,No fue interseccion,En el medio,Ninguna,Oscuro sin iluminacion,Despejado,No,NO APLICA,99,98,99,98,1,23/01/2022,1
24,Maryland,240027,0,0,1,0,45,WICOMICO (45),0,NO APLICA,1,Enero,12,2022,14,13,US-13,2,US Highway,Urbano,Arterial Principal -Freeway o ExpressWay,State Highway Agency,1,Sin jurisdiccion especial,27,38.30701111,-75.60640278,Culvert,El primer evento no fue una colision con un vehiculo automotor en transporte,Not an Intersection,No fue interseccion,Sobre el lado de la calle,Ninguna,Dia total,Despejado,No,NO APLICA,99,99,99,99,1,12/01/2022,1
24,Maryland,240028,0,0,2,0,25,HARFORD (25),0,NO APLICA,1,Enero,31,2022,13,38,US-1,2,US Highway,Urbano,Arteria Principal,State Highway Agency,1,Sin jurisdiccion especial,62,39.55465278,-76.36773056,Vehiculo en movimiento,Frente a frente,Not an Intersection,No fue interseccion,Sobre calle,Ninguna,Dia total,Despejado,No,NO APLICA,99,99,99,99,4,31/01/2022,5
24,Maryland,240029,0,0,1,0,43,WASHINGTON (43),0,NO APLICA,1,Enero,28,2022,1,37,I-81,1,Interestatal,Rural,Interestatal,State Highway Agency,1,Sin jurisdiccion especial,3,39.61375556,-77.79596667,Acotamiento,El primer evento no fue una colision con un vehiculo automotor en transporte,Not an Intersection,No fue interseccion,Sobre el lado de la calle,Ninguna,Oscuro sin iluminacion,Despejado,No,NO APLICA,99,98,99,98,1,28/01/2022,1
24,Maryland,240030,0,0,3,0,37,ST. MARY`S (37),0,NO APLICA,1,Enero,27,2022,8,0,SR-4,3,Highway estatal,Rural,Arteria Menor,State Highway Agency,0,Sin jurisdiccion especial,23,38.28505,-76.57665278,Vehiculo en movimiento,Frente a frente,Not an Intersection,No fue interseccion,Sobre calle,Ninguna,Dia total,Despejado,No,NO APLICA,99,99,99,99,1,27/01/2022,3
24,Maryland,240031,0,0,2,0,5,BALTIMORE (5),0,NO APLICA,1,Enero,30,2022,6,40,I-95EN,1,Interestatal,Urbano,Interestatal,State Highway Agency,1,Sin jurisdiccion especial,161,39.336925,-76.51641667,Vehiculo en movimiento,Frente a frente,Not an Intersection,No fue interseccion,Sobre calle,Ninguna,Oscuro con iluminacion,Despejado,No,NO APLICA,99,99,99,99,1,30/01/2022,3
24,Maryland,240032,0,0,2,0,21,FREDERICK (21),0,NO APLICA,2,Febrero,1,2022,7,35,SR-144FA,3,Highway estatal,Urbano,Arteria Menor,State Highway Agency,0,Sin jurisdiccion especial,27,39.40080833,-77.37285,Acotamiento,El primer evento no fue una colision con un vehiculo automotor en transporte,Not an Intersection,No fue interseccion,Sobre el lado de la calle,Ninguna,Dia total,Despejado,No,NO APLICA,99,99,99,99,1,01/02/2022,2
24,Maryland,240033,1,1,1,0,21,FREDERICK (21),0,NO APLICA,2,Febrero,3,2022,14,38,SR-464,3,Highway estatal,Rural,Colector Mayor,State Highway Agency,0,Sin jurisdiccion especial,48,39.32253333,-77.55069722,No vehiculo o remolque,El primer evento no fue una colision con un vehiculo automotor en transporte,Not an Intersection,No fue interseccion,Sobre calle,Ninguna,Dia total,Neblina o Humo,No,NO APLICA,99,99,99,99,1,03/02/2022,1
24,Maryland,240034,0,0,1,0,3,ANNE ARUNDEL (3),0,NO APLICA,2,Febrero,2,2022,9,10,SR-169 W MAPLE RD,3,Highway estatal,Urbano,Colector Menor,State Highway Agency,0,Sin jurisdiccion especial,3,39.20530556,-76.65342222,Vehiculo Ferrocarril,El primer evento no fue una colision con un vehiculo automotor en transporte,Not an Intersection,No fue interseccion,Sobre calle,Ninguna,Dia total,Despejado,No,845057L,99,99,99,99,1,02/02/2022,1
24,Maryland,240035,0,0,1,0,17,CHARLES (17),0,NO APLICA,1,Enero,22,2022,22,42,CR-345,4,Calle del Condado,Urbano,Colector Menor,State Highway Agency,0,Sin jurisdiccion especial,0,38.60111944,-76.90704722,Arbol,El primer evento no fue una colision con un vehiculo automotor en transporte,T-Intersection,Interseccion de T,Sobre el lado de la calle,Ninguna,Oscuro sin iluminacion,Despejado,No,NO APLICA,99,98,99,98,1,22/01/2022,1
24,Maryland,240036,0,0,2,0,33,PRINCE GEORGE`S (33),0,NO APLICA,1,Enero,22,2022,12,15,CR-154,4,Calle del Condado,Urbano,Local,State Highway Agency,0,Sin jurisdiccion especial,8,38.68528889,-76.99533056,Vehiculo en movimiento,Frente a Detrás,Four-Way Intersection,Interseccion de 4 direcciones,Sobre calle,Ninguna,Dia total,Despejado,No,NO APLICA,99,99,99,99,1,22/01/2022,2
24,Maryland,240037,0,0,1,0,43,WASHINGTON (43),0,NO APLICA,2,Febrero,12,2022,6,5,I-70,1,Interestatal,Urbano,Arterial Principal -Freeway o ExpressWay,State Highway Agency,1,Sin jurisdiccion especial,319,39.60215278,-77.68261667,Acotamiento,El primer evento no fue una colision con un vehiculo automotor en transporte,Not an Intersection,No fue interseccion,Sobre el lado de la calle,Ninguna,Oscuro con iluminacion,Despejado,No,NO APLICA,99,99,99,99,1,12/02/2022,1
24,Maryland,240038,0,0,1,0,25,HARFORD (25),0,NO APLICA,2,Febrero,12,2022,17,30,SR-623,3,Highway estatal,Urbano,Arteria Principal,State Highway Agency,0,Sin jurisdiccion especial,2,39.654175,-76.20403889,Barda,El primer evento no fue una colision con un vehiculo automotor en transporte,Not an Intersection,No fue interseccion,Sobre el lado de la calle,Ninguna,Atardecer,Nublado,No,NO APLICA,99,99,99,99,1,12/02/2022,1
24,Maryland,240039,0,0,2,0,33,PRINCE GEORGE`S (33),0,NO APLICA,2,Febrero,11,2022,23,38,SR-4,3,Highway estatal,Urbano,Arterial Principal -Freeway o ExpressWay,State Highway Agency,1,Sin jurisdiccion especial,77,38.82113056,-76.84916111,Vehiculo en movimiento,Frente a Detrás,Not an Intersection,No fue interseccion,Sobre calle,Ninguna,Oscuro sin iluminacion,Despejado,No,NO APLICA,99,99,99,99,1,11/02/2022,2
24,Maryland,240040,0,0,2,0,33,PRINCE GEORGE`S (33),0,NO APLICA,2,Febrero,2,2022,6,6,SR-197,3,Highway estatal,Urbano,Arteria Menor,State Highway Agency,0,Sin jurisdiccion especial,79,39.036675,-76.79301667,Vehiculo en movimiento,Angulo,Not an Intersection,No fue interseccion,Sobre calle,Ninguna,Amanecer,Despejado,No,NO APLICA,99,99,99,99,1,02/02/2022,2
24,Maryland,240041,0,0,2,0,3,ANNE ARUNDEL (3),0,NO APLICA,2,Febrero,8,2022,5,25,SR-173,3,Highway estatal,Urbano,Arteria Principal,State Highway Agency,0,Sin jurisdiccion especial,57,39.16244167,-76.52390556,Barrera de Trafico de Concreto,El primer evento no fue una colision con un vehiculo automotor en transporte,Not an Intersection,No fue interseccion,Sobre el lado de la calle,Ninguna,Oscuro con iluminacion,No reportado,No,NO APLICA,99,99,99,99,1,08/02/2022,2
24,Maryland,240042,1,1,1,0,33,PRINCE GEORGE`S (33),0,NO APLICA,2,Febrero,10,2022,18,55,SR-210,3,Highway estatal,Urbano,Arteria Menor,State Highway Agency,0,Sin jurisdiccion especial,126,38.79706667,-76.99880556,Peaton,El primer evento no fue una colision con un vehiculo automotor en transporte,Not an Intersection,No fue interseccion,Sobre calle,Ninguna,Oscuro sin iluminacion,Despejado,No,NO APLICA,99,99,99,99,1,10/02/2022,1
24,Maryland,240043,0,0,1,0,33,PRINCE GEORGE`S (33),0,NO APLICA,2,Febrero,12,2022,3,39,CR-118,4,Calle del Condado,Urbano,Colector Mayor,County Highway Agency,0,Sin jurisdiccion especial,56,38.75564167,-76.99243611,Poste,El primer evento no fue una colision con un vehiculo automotor en transporte,Not an Intersection,No fue interseccion,Sobre el lado de la calle,Ninguna,Oscuro - iluminacion desconocida,Despejado,No,NO APLICA,99,99,99,99,1,12/02/2022,1
24,Maryland,240044,0,0,1,0,33,PRINCE GEORGE`S (33),0,NO APLICA,2,Febrero,14,2022,4,57,SR-201,3,Highway estatal,Urbano,Arteria Principal,State Highway Agency,1,Sin jurisdiccion especial,4,38.91940556,-76.93093333,Barrera de Trafico de Concreto,El primer evento no fue una colision con un vehiculo automotor en transporte,Not Reported,No reportado,Sobre el lado de la calle,Ninguna,Oscuro - iluminacion desconocida,Nublado,No,NO APLICA,99,99,99,99,1,14/02/2022,1
24,Maryland,240045,0,0,2,1,33,PRINCE GEORGE`S (33),0,NO APLICA,2,Febrero,13,2022,0,45,I-95,1,Interestatal,Urbano,Interestatal,State Highway Agency,1,Sin jurisdiccion especial,285,39.05468333,-76.92906667,Vehiculo Aparcado,El primer evento no fue una colision con un vehiculo automotor en transporte,Not an Intersection,No fue interseccion,Sobre Acotamiento,Ninguna,Oscuro - iluminacion desconocida,lluvia,No,NO APLICA,99,99,99,99,1,13/02/2022,1
24,Maryland,240046,0,0,1,0,33,PRINCE GEORGE`S (33),0,NO APLICA,2,Febrero,14,2022,1,38,I-95,1,Interestatal,Urbano,Interestatal,State Highway Agency,1,Sin jurisdiccion especial,221,38.98983889,-76.88418333,Zanja,El primer evento no fue una colision con un vehiculo automotor en transporte,Not an Intersection,No fue interseccion,Sobre el lado de la calle,Ninguna,Oscuro con iluminacion,Despejado,No,NO APLICA,99,99,99,99,1,14/02/2022,1
24,Maryland,240047,0,0,1,0,41,TALBOT (41),0,NO APLICA,2,Febrero,23,2022,15,22,SR-33,3,Highway estatal,Rural,Colector Mayor,State Highway Agency,0,Sin jurisdiccion especial,21,38.73345278,-76.33080833,Zanja,El primer evento no fue una colision con un vehiculo automotor en transporte,Not an Intersection,No fue interseccion,Sobre el lado de la calle,Ninguna,Dia total,Despejado,No,NO APLICA,99,99,99,99,1,23/02/2022,2
24,Maryland,240048,0,0,3,0,33,PRINCE GEORGE`S (33),0,NO APLICA,2,Febrero,21,2022,18,27,SR-5,3,Highway estatal,Urbano,Arteria Principal,State Highway Agency,1,Sin jurisdiccion especial,40,38.829375,-76.85583611,Vehiculo en movimiento,Angulo,Four-Way Intersection,Interseccion de 4 direcciones,Sobre calle,Ninguna,Oscuro con iluminacion,Despejado,No,NO APLICA,99,99,99,99,1,21/02/2022,9
24,Maryland,240049,0,0,2,0,35,QUEEN ANNE`S (35),0,NO APLICA,2,Febrero,7,2022,13,45,US-301,2,US Highway,Urbano,Arterial Principal -Freeway o ExpressWay,State Highway Agency,1,Sin jurisdiccion especial,266,39.09921667,-75.96078889,Vehiculo en movimiento,Angulo,Four-Way Intersection,Interseccion de 4 direcciones,Sobre calle,Ninguna,Dia total,Despejado,No,NO APLICA,99,99,99,99,1,07/02/2022,2
24,Maryland,240050,0,0,1,0,31,MONTGOMERY (31),0,NO APLICA,2,Febrero,26,2022,3,9,I-270,1,Interestatal,Urbano,Interestatal,State Highway Agency,1,Sin jurisdiccion especial,65,39.08890278,-77.17400278,Valla Ferrocarril,El primer evento no fue una colision con un vehiculo automotor en transporte,Not an Intersection,No fue interseccion,En el medio,Ninguna,Oscuro con iluminacion,Despejado,No,NO APLICA,99,99,99,99,1,26/02/2022,1
24,Maryland,240051,0,0,2,0,33,PRINCE GEORGE`S (33),0,NO APLICA,4,Abril,25,2022,17,22,SR-201,3,Highway estatal,Urbano,Arteria Principal,State Highway Agency,1,Sin jurisdiccion especial,11,38.92538611,-76.92806111,Arbol,El primer evento no fue una colision con un vehiculo automotor en transporte,Not an Intersection,No fue interseccion,En el medio,Ninguna,Oscuro con iluminacion,Despejado,No,NO APLICA,99,99,99,99,1,25/04/2022,2
24,Maryland,240052,0,0,1,0,31,MONTGOMERY (31),0,NO APLICA,2,Febrero,26,2022,1,33,CR-1659,4,Calle del Condado,Urbano,Arteria Principal,County Highway Agency,0,Sin jurisdiccion especial,23,39.05728611,-77.07258889,Banqueta,El primer evento no fue una colision con un vehiculo automotor en transporte,Not an Intersection,No fue interseccion,Sobre el lado de la calle,Ninguna,Oscuro con iluminacion,Despejado,No,NO APLICA,99,99,99,99,1,26/02/2022,2
24,Maryland,240053,0,0,3,0,39,SOMERSET (39),0,NO APLICA,2,Febrero,27,2022,18,51,US-13,2,US Highway,Urbano,Arteria Principal,State Highway Agency,1,Sin jurisdiccion especial,97,38.14914444,-75.69561111,Vehiculo en movimiento,Frente a frente,Not an Intersection,No fue interseccion,Sobre calle,Ninguna,Oscuro sin iluminacion,Despejado,No,NO APLICA,99,99,99,99,1,27/02/2022,6
24,Maryland,240054,1,1,1,0,17,CHARLES (17),0,NO APLICA,3,Marzo,1,2022,19,47,SR-210,3,Highway estatal,Urbano,Arteria Principal,State Highway Agency,1,Sin jurisdiccion especial,53,38.62671944,-77.07389444,Peaton,El primer evento no fue una colision con un vehiculo automotor en transporte,Not an Intersection,No fue interseccion,Sobre calle,Ninguna,Oscuro con iluminacion,Despejado,No,NO APLICA,99,99,99,99,1,01/03/2022,1
24,Maryland,240055,0,0,3,0,31,MONTGOMERY (31),0,NO APLICA,2,Febrero,25,2022,16,39,SR-27,3,Highway estatal,Urbano,Arteria Principal,State Highway Agency,1,Sin jurisdiccion especial,40,39.25539167,-77.22686944,Vehiculo en movimiento,Golpe Lateral - direccion contraria,Not an Intersection,No fue interseccion,Sobre calle,Ninguna,Dia total,Despejado,No,NO APLICA,99,99,99,99,1,25/02/2022,5
24,Maryland,240056,0,0,2,0,27,HOWARD (27),0,NO APLICA,3,Marzo,2,2022,2,1,US-1,2,US Highway,Urbano,Arteria Principal,State Highway Agency,1,Sin jurisdiccion especial,65,39.17663333,-76.77469167,Vehiculo en movimiento,Frente a Detrás,Four-Way Intersection,Interseccion de 4 direcciones,Sobre calle,Ninguna,Oscuro con iluminacion,Despejado,No,NO APLICA,99,98,99,98,1,02/03/2022,2
24,Maryland,240057,1,1,1,0,33,PRINCE GEORGE`S (33),0,NO APLICA,3,Marzo,2,2022,6,4,CR-42,4,Calle del Condado,Urbano,Arteria Principal,County Highway Agency,0,Sin jurisdiccion especial,19,38.97486667,-76.88413889,Peaton,El primer evento no fue una colision con un vehiculo automotor en transporte,Not an Intersection,No fue interseccion,Sobre calle,Ninguna,Oscuro con iluminacion,Despejado,No,NO APLICA,99,99,99,99,1,02/03/2022,1
24,Maryland,240058,1,1,1,0,47,WORCESTER (47),0,NO APLICA,2,Febrero,22,2022,0,4,US-50,2,US Highway,Urbano,Arteria Principal,State Highway Agency,1,Sin jurisdiccion especial,105,38.33903056,-75.15112778,No vehiculo o remolque,El primer evento no fue una colision con un vehiculo automotor en transporte,Not an Intersection,No fue interseccion,Sobre calle,Ninguna,Oscuro sin iluminacion,Despejado,No,NO APLICA,99,99,99,99,1,22/02/2022,1
24,Maryland,240059,0,0,1,0,1,ALLEGANY (1),0,NO APLICA,2,Febrero,20,2022,3,59,I-68,1,Interestatal,Rural,Interestatal,State Highway Agency,1,Sin jurisdiccion especial,57,39.64023333,-78.86746667,Valla Ferrocarril,El primer evento no fue una colision con un vehiculo automotor en transporte,Not an Intersection,No fue interseccion,En el medio,Ninguna,Oscuro sin iluminacion,Despejado,No,NO APLICA,99,99,99,99,1,20/02/2022,3
24,Maryland,240060,0,0,1,0,9,CALVERT (9),0,NO APLICA,3,Marzo,9,2022,17,4,SR-765A,3,Highway estatal,Urbano,Colector Mayor,State Highway Agency,0,Sin jurisdiccion especial,8,38.52958056,-76.57628611,Acotamiento,El primer evento no fue una colision con un vehiculo automotor en transporte,Not an Intersection,No fue interseccion,Sobre el lado de la calle,Ninguna,Atardecer,lluvia,No,NO APLICA,99,99,99,99,1,09/03/2022,1
24,Maryland,240061,1,1,1,0,510,BALTIMORE (CITY) (510),50,BALTIMORE,2,Febrero,24,2022,23,17,I-895,1,Interestatal,Urbano,Interestatal,State Highway Agency,1,Sin jurisdiccion especial,57,39.28737222,-76.553625,Peaton,El primer evento no fue una colision con un vehiculo automotor en transporte,Not an Intersection,No fue interseccion,Sobre calle,Ninguna,Oscuro con iluminacion,lluvia,No,NO APLICA,99,99,99,99,1,24/02/2022,1
24,Maryland,240062,1,1,2,0,3,ANNE ARUNDEL (3),0,NO APLICA,3,Marzo,4,2022,11,51,I-97,1,Interestatal,Urbano,Interestatal,State Highway Agency,1,Sin jurisdiccion especial,26,39.01108333,-76.61188333,Peaton,El primer evento no fue una colision con un vehiculo automotor en transporte,Not an Intersection,No fue interseccion,Sobre calle,Ninguna,Dia total,Despejado,No,NO APLICA,99,99,99,99,1,04/03/2022,2
24,Maryland,240063,2,2,2,0,19,DORCHESTER (19),0,NO APLICA,3,Marzo,12,2022,18,28,SR-16,3,Highway estatal,Urbano,Arteria Menor,State Highway Agency,0,Sin jurisdiccion especial,244,38.59160556,-75.936675,Vehiculo en movimiento,Frente a Detrás,Not an Intersection,No fue interseccion,Sobre calle,Ninguna,Oscuro con iluminacion,Soplando nieve,No,NO APLICA,99,99,99,99,1,12/03/2022,4
24,Maryland,240064,0,0,2,0,43,WASHINGTON (43),0,NO APLICA,3,Marzo,6,2022,2,59,I-81,1,Interestatal,Urbano,Interestatal,State Highway Agency,1,Sin jurisdiccion especial,24,39.60135556,-77.80497778,Vehiculo en movimiento,Frente a Detrás,Not an Intersection,No fue interseccion,Sobre calle,Ninguna,Oscuro con iluminacion,Despejado,No,NO APLICA,99,99,99,99,1,06/03/2022,5
24,Maryland,240065,0,0,1,0,17,CHARLES (17),0,NO APLICA,3,Marzo,11,2022,5,48,CR-623,4,Calle del Condado,Urbano,Arteria Menor,County Highway Agency,0,Sin jurisdiccion especial,6,38.60986944,-76.88691111,Arbol,El primer evento no fue una colision con un vehiculo automotor en transporte,Not an Intersection,No fue interseccion,En el medio,Ninguna,Oscuro sin iluminacion,Despejado,No,NO APLICA,99,99,99,99,1,11/03/2022,1
24,Maryland,240066,0,0,1,0,47,WORCESTER (47),0,NO APLICA,3,Marzo,11,2022,11,6,SR-12,3,Highway estatal,Urbano,Arteria Menor,State Highway Agency,0,Sin jurisdiccion especial,129,38.17916111,-75.39447222,Immersion total o parcial,El primer evento no fue una colision con un vehiculo automotor en transporte,Not an Intersection,No fue interseccion,Sobre el lado de la calle,Ninguna,Dia total,Despejado,No,NO APLICA,99,99,99,99,1,11/03/2022,1
24,Maryland,240067,1,1,1,0,15,CECIL (15),0,NO APLICA,3,Marzo,14,2022,21,7,SR-213,3,Highway estatal,Urbano,Arteria Menor,State Highway Agency,0,Sin jurisdiccion especial,158,39.56992222,-75.81356389,Peaton,El primer evento no fue una colision con un vehiculo automotor en transporte,Not an Intersection,No fue interseccion,Sobre calle,Ninguna,Oscuro sin iluminacion,Despejado,No,NO APLICA,99,99,99,99,1,14/03/2022,1
24,Maryland,240068,1,1,3,0,33,PRINCE GEORGE`S (33),0,NO APLICA,3,Marzo,13,2022,3,6,I-495,1,Interestatal,Urbano,Interestatal,State Highway Agency,1,Sin jurisdiccion especial,0,38.91619722,-76.85147222,Vehiculo en movimiento,Frente a Detrás,Not an Intersection,No fue interseccion,Sobre calle,Ninguna,Oscuro sin iluminacion,Despejado,No,NO APLICA,99,99,99,99,1,13/03/2022,4
24,Maryland,240069,0,0,1,0,45,WICOMICO (45),0,NO APLICA,3,Marzo,16,2022,18,3,US-50,2,US Highway,Urbano,Arteria Principal,State Highway Agency,1,Sin jurisdiccion especial,132,38.40271111,-75.61925556,Alguien se cayo/avento del vehiculo,El primer evento no fue una colision con un vehiculo automotor en transporte,Not Reported,No reportado,Sobre calle,Ninguna,Dia total,Despejado,No,NO APLICA,99,99,99,99,1,16/03/2022,1
24,Maryland,240070,0,0,2,0,33,PRINCE GEORGE`S (33),0,NO APLICA,3,Marzo,15,2022,20,24,SR-5,3,Highway estatal,Urbano,Arterial Principal -Freeway o ExpressWay,State Highway Agency,1,Sin jurisdiccion especial,40,38.71439722,-76.87801111,Vehiculo en movimiento,Angulo,Four-Way Intersection,Interseccion de 4 direcciones,Sobre calle,Ninguna,Oscuro con iluminacion,Despejado,No,NO APLICA,99,99,99,99,1,15/03/2022,4
24,Maryland,240071,1,1,1,0,510,BALTIMORE (CITY) (510),50,BALTIMORE,3,Marzo,17,2022,6,35,SR-150,3,Highway estatal,Urbano,Arteria Principal,State Highway Agency,9,Sin jurisdiccion especial,15,39.28748333,-76.54655556,Peaton,El primer evento no fue una colision con un vehiculo automotor en transporte,Four-Way Intersection,Interseccion de 4 direcciones,Sobre calle,Ninguna,Oscuro con iluminacion,lluvia,No,NO APLICA,99,99,99,99,1,17/03/2022,1
24,Maryland,240072,1,1,1,0,510,BALTIMORE (CITY) (510),0,NO APLICA,2,Febrero,2,2022,23,46,I-395A,1,Interestatal,Urbano,Arterial Principal -Freeway o ExpressWay,State Toll Road,1,Sin jurisdiccion especial,0,39.28098611,-76.62239444,Peaton,El primer evento no fue una colision con un vehiculo automotor en transporte,Not an Intersection,No fue interseccion,Sobre calle,Ninguna,Oscuro sin iluminacion,Despejado,No,NO APLICA,99,99,99,99,1,02/02/2022,2
24,Maryland,240073,0,0,1,0,47,WORCESTER (47),0,NO APLICA,3,Marzo,12,2022,6,16,US-113,2,US Highway,Urbano,Arteria Principal,State Highway Agency,1,Sin jurisdiccion especial,298,38.35251389,-75.21440833,Arbol,El primer evento no fue una colision con un vehiculo automotor en transporte,Not an Intersection,No fue interseccion,En el medio,Ninguna,Oscuro - iluminacion desconocida,lluvia,No,NO APLICA,99,99,99,99,1,12/03/2022,2
24,Maryland,240074,0,0,2,0,33,PRINCE GEORGE`S (33),0,NO APLICA,3,Marzo,20,2022,11,55,SR-410,3,Highway estatal,Urbano,Arteria Principal,State Highway Agency,1,Sin jurisdiccion especial,13,38.96903889,-76.97277222,Vehiculo en movimiento,Angulo,Four-Way Intersection,Interseccion de 4 direcciones,Sobre calle,Ninguna,Dia total,Despejado,No,NO APLICA,99,98,99,98,1,20/03/2022,3
24,Maryland,240075,1,1,1,0,21,FREDERICK (21),0,NO APLICA,3,Marzo,21,2022,12,36,SR-140,3,Highway estatal,Rural,Arteria Principal,State Highway Agency,1,Sin jurisdiccion especial,31,39.69830556,-77.29304444,Ciclista,El primer evento no fue una colision con un vehiculo automotor en transporte,Not an Intersection,No fue interseccion,Sobre Acotamiento,Ninguna,Dia total,Despejado,No,NO APLICA,99,98,99,98,1,21/03/2022,1
24,Maryland,240076,0,0,1,0,21,FREDERICK (21),0,NO APLICA,3,Marzo,19,2022,0,48,CR-413,4,Calle del Condado,Urbano,Colector Mayor,County Highway Agency,0,Sin jurisdiccion especial,40,39.43318056,-77.33212778,Arbol,El primer evento no fue una colision con un vehiculo automotor en transporte,Not an Intersection,No fue interseccion,Sobre el lado de la calle,Ninguna,Oscuro sin iluminacion,Despejado,No,NO APLICA,99,99,99,98,1,19/03/2022,1
24,Maryland,240077,1,1,1,0,33,PRINCE GEORGE`S (33),0,NO APLICA,2,Febrero,27,2022,4,0,US-1,2,US Highway,Urbano,Arteria Principal,State Highway Agency,1,Sin jurisdiccion especial,93,39.05056111,-76.89743611,Peaton,El primer evento no fue una colision con un vehiculo automotor en transporte,Not an Intersection,No fue interseccion,Sobre calle,Ninguna,Oscuro con iluminacion,Despejado,No,NO APLICA,99,99,99,99,1,27/02/2022,1
24,Maryland,240078,0,0,2,0,45,WICOMICO (45),0,NO APLICA,3,Marzo,17,2022,8,28,CR-1320,4,Calle del Condado,Urbano,Colector Mayor,County Highway Agency,0,Sin jurisdiccion especial,10,38.38987222,-75.64178611,Vehiculo en movimiento,Angulo,Four-Way Intersection,Interseccion de 4 direcciones,Sobre calle,Ninguna,Dia total,lluvia,No,NO APLICA,99,99,99,99,1,17/03/2022,2
24,Maryland,240079,0,0,3,0,25,HARFORD (25),0,NO APLICA,3,Marzo,19,2022,10,0,SR-22,3,Highway estatal,Urbano,Arteria Principal,State Highway Agency,1,Sin jurisdiccion especial,94,39.53154444,-76.19863056,Vehiculo en movimiento,Frente a frente,Not an Intersection,No fue interseccion,Sobre calle,Ninguna,Dia total,Despejado,No,NO APLICA,99,99,99,98,1,19/03/2022,3
24,Maryland,240080,0,0,2,0,27,HOWARD (27),0,NO APLICA,3,Marzo,20,2022,16,28,SR-97,3,Highway estatal,Urbano,Arteria Menor,State Highway Agency,0,Sin jurisdiccion especial,30,39.27674444,-77.03453333,Vehiculo en movimiento,Frente a frente,Not an Intersection,No fue interseccion,Sobre calle,Ninguna,Dia total,Despejado,No,NO APLICA,99,99,99,99,1,20/03/2022,4
24,Maryland,240081,0,0,1,0,3,ANNE ARUNDEL (3),0,NO APLICA,3,Marzo,22,2022,19,12,SR-100,3,Highway estatal,Urbano,Arterial Principal -Freeway o ExpressWay,State Highway Agency,1,Sin jurisdiccion especial,62,39.15302222,-76.64762222,Valla Ferrocarril,El primer evento no fue una colision con un vehiculo automotor en transporte,Not an Intersection,No fue interseccion,Sobre el lado de la calle,Ninguna,Dia total,Nublado,No,NO APLICA,99,99,99,99,1,22/03/2022,1
24,Maryland,240083,0,0,2,0,31,MONTGOMERY (31),0,NO APLICA,3,Marzo,23,2022,9,58,SR-97,3,Highway estatal,Urbano,Arteria Principal,State Highway Agency,0,Sin jurisdiccion especial,64,39.07770833,-77.07058889,Vehiculo en movimiento,Angulo,T-Intersection,Interseccion de T,Sobre calle,Ninguna,Dia total,Nublado,No,NO APLICA,99,99,99,99,1,23/03/2022,2
24,Maryland,240084,0,0,1,0,5,BALTIMORE (5),0,NO APLICA,3,Marzo,23,2022,21,49,I-695,1,Interestatal,Urbano,Interestatal,State Highway Agency,1,Sin jurisdiccion especial,137,39.38914167,-76.72609444,Barrera de Trafico de Concreto,El primer evento no fue una colision con un vehiculo automotor en transporte,Not an Intersection,No fue interseccion,Sobre el lado de la calle,Ninguna,Oscuro con iluminacion,lluvia,No,NO APLICA,99,99,99,99,1,23/03/2022,1
24,Maryland,240085,0,0,1,0,3,ANNE ARUNDEL (3),0,NO APLICA,3,Marzo,24,2022,22,17,CR-10,4,Calle del Condado,Urbano,Arteria Menor,County Highway Agency,0,Sin jurisdiccion especial,14,39.19528333,-76.6587,Arbol,El primer evento no fue una colision con un vehiculo automotor en transporte,Four-Way Intersection,Interseccion de 4 direcciones,Sobre el lado de la calle,Ninguna,Oscuro con iluminacion,lluvia,No,NO APLICA,99,99,99,99,1,24/03/2022,1