Estado,Nombre de Estado,Numero de Caso,Peatones,Personas _no_vehiculos,Vehiculos automotores,Vehiculos estacionados,Condado,Nombre Condado,Ciudad,Nombre Ciudad,Mes,Nombre Mes,Dia,Año,Hora,Minuto,Calle,Ruta,Nombre Ruta,Rural o Urbanoo,Sistema Funcional,Dueño Calle,Sistema Nacional Carreteras,Jurisdiccion Especial,Milla,Latitud,Longitud,Causa del Accidente,Tipo de Accidente,Tipo Interseccion,Columna1,Lugar en la calle,Zona de Trabajo,Luz,Clima,Autobus Escolar,Cruce de Trenes,Hora Notificacion,Minuto Notificacion,Hora Llegada,Minuto Llegada,Decesos,Fecha,PersonaVehiculo
24,Maryland,240086,0,0,1,0,43,WASHINGTON (43),0,NO APLICA,3,Marzo,26,2022,5,8,I-68,1,Interestatal,Urbano,Interestatal,State Highway Agency,1,Sin jurisdiccion especial,66,39.71328056,-78.22865278,Valla Ferrocarril,El primer evento no fue una colision con un vehiculo automotor en transporte,Not an Intersection,No fue interseccion,Sobre el lado de la calle,Ninguna,Oscuro sin iluminacion,Despejado,No,NO APLICA,99,99,99,99,1,26/03/2022,1
24,Maryland,240087,0,0,1,0,33,PRINCE GEORGE`S (33),0,NO APLICA,3,Marzo,24,2022,16,12,I-95,1,Interestatal,Urbano,Interestatal,State Highway Agency,1,Sin jurisdiccion especial,285,39.05884167,-76.92602222,Poste o otros soportes,El primer evento no fue una colision con un vehiculo automotor en transporte,Not an Intersection,No fue interseccion,Sobre el lado de la calle,Ninguna,Dia total,Despejado,No,NO APLICA,99,99,99,99,1,24/03/2022,3
24,Maryland,240088,0,0,2,0,33,PRINCE GEORGE`S (33),0,NO APLICA,3,Marzo,25,2022,18,19,SR-4,3,Highway estatal,Urbano,Arteria Principal,State Highway Agency,1,Sin jurisdiccion especial,119,38.85318333,-76.91031389,Vehiculo en movimiento,Angulo,Four-Way Intersection,Interseccion de 4 direcciones,Sobre calle,Ninguna,Dia total,Despejado,No,NO APLICA,99,99,99,99,1,25/03/2022,2
24,Maryland,240089,0,0,1,0,33,PRINCE GEORGE`S (33),0,NO APLICA,3,Marzo,23,2022,9,19,CR-2439,4,Calle del Condado,Urbano,Local,County Highway Agency,0,Sin jurisdiccion especial,2,38.880675,-76.89058333,Banqueta,El primer evento no fue una colision con un vehiculo automotor en transporte,Not an Intersection,No fue interseccion,Sobre el lado de la calle,Ninguna,Dia total,Nublado,No,NO APLICA,99,99,99,99,1,23/03/2022,1
24,Maryland,240090,1,1,1,0,33,PRINCE GEORGE`S (33),0,NO APLICA,3,Marzo,21,2022,1,46,SR-5,3,Highway estatal,Urbano,Arterial Principal -Freeway o ExpressWay,State Highway Agency,1,Sin jurisdiccion especial,120,38.81522778,-76.91448056,Peaton,El primer evento no fue una colision con un vehiculo automotor en transporte,Not an Intersection,No fue interseccion,Sobre calle,Ninguna,Oscuro con iluminacion,Despejado,No,NO APLICA,99,99,99,99,1,21/03/2022,1
24,Maryland,240091,0,0,2,0,17,CHARLES (17),0,NO APLICA,2,Febrero,25,2022,11,1,SR-5,3,Highway estatal,Urbano,Arteria Principal,State Highway Agency,0,Sin jurisdiccion especial,135,38.65130556,-76.87298056,Vehiculo en movimiento,Angulo,Four-Way Intersection,Interseccion de 4 direcciones,Sobre calle,Ninguna,Dia total,Despejado,No,NO APLICA,99,99,99,99,1,25/02/2022,4
24,Maryland,240092,0,0,2,0,5,BALTIMORE (5),0,NO APLICA,1,Enero,22,2022,0,26,US-40,2,US Highway,Urbano,Arteria Principal,State Highway Agency,1,Sin jurisdiccion especial,163,39.327275,-76.49505833,Vehiculo en movimiento,Frente a frente,Not an Intersection,No fue interseccion,Sobre calle,Ninguna,Oscuro con iluminacion,Despejado,No,NO APLICA,99,99,99,99,1,22/01/2022,2
24,Maryland,240094,0,0,1,0,21,FREDERICK (21),0,NO APLICA,3,Marzo,27,2022,18,2,IRISHTOWN RD,9,Desconocido,Not Reported,No reportado,Not Reported,9,Desconocido,0,39.70921944,-77.32845556,Acotamiento,El primer evento no fue una colision con un vehiculo automotor en transporte,Not an Intersection,No fue interseccion,Sobre el lado de la calle,Ninguna,Dia total,Despejado,No,NO APLICA,99,99,99,99,1,27/03/2022,1
24,Maryland,240095,0,0,2,0,3,ANNE ARUNDEL (3),0,NO APLICA,4,Abril,2,2022,12,46,SR-10,3,Highway estatal,Urbano,Arterial Principal -Freeway o ExpressWay,State Highway Agency,1,Sin jurisdiccion especial,6,39.12372222,-76.57870556,Vehiculo en movimiento,Angulo,Not an Intersection,No fue interseccion,Sobre calle,Ninguna,Dia total,Despejado,No,NO APLICA,99,98,99,98,1,02/04/2022,2
24,Maryland,240096,1,1,1,0,17,CHARLES (17),0,NO APLICA,3,Marzo,31,2022,21,7,SR-5BU,3,Highway estatal,Urbano,Arteria Principal,State Highway Agency,1,Sin jurisdiccion especial,14,38.62173333,-76.90229722,Peaton,El primer evento no fue una colision con un vehiculo automotor en transporte,Not an Intersection,No fue interseccion,Sobre calle,Ninguna,Oscuro con iluminacion,Despejado,No,NO APLICA,99,99,99,99,1,31/03/2022,3
24,Maryland,240097,0,0,2,0,33,PRINCE GEORGE`S (33),0,NO APLICA,3,Marzo,26,2022,0,41,US-50,2,US Highway,Urbano,Arterial Principal -Freeway o ExpressWay,State Highway Agency,1,Sin jurisdiccion especial,41,38.94363056,-76.88053333,Vehiculo en movimiento,Frente a Detrás,Not an Intersection,No fue interseccion,Sobre calle,Ninguna,Oscuro sin iluminacion,Despejado,No,NO APLICA,99,99,99,99,1,26/03/2022,3
24,Maryland,240098,1,1,1,0,3,ANNE ARUNDEL (3),0,NO APLICA,3,Marzo,29,2022,22,46,SR-2,3,Highway estatal,Urbano,Arteria Principal,State Highway Agency,1,Sin jurisdiccion especial,267,39.044675,-76.51655,Peaton,El primer evento no fue una colision con un vehiculo automotor en transporte,Not an Intersection,No fue interseccion,Sobre calle,Ninguna,Oscuro sin iluminacion,Despejado,No,NO APLICA,99,99,99,99,1,29/03/2022,1
24,Maryland,240099,1,1,1,0,43,WASHINGTON (43),0,NO APLICA,4,Abril,1,2022,13,41,US-40AL,2,US Highway,Urbano,Arteria Menor,State Highway Agency,0,Sin jurisdiccion especial,92,39.51942778,-77.6596,Peaton,El primer evento no fue una colision con un vehiculo automotor en transporte,Not Reported,No reportado,Sobre calle,"Zona de trabajo, tipo desconocido",Dia total,No reportado,No,NO APLICA,99,99,99,99,1,01/04/2022,1
24,Maryland,240100,1,2,2,1,21,FREDERICK (21),0,NO APLICA,3,Marzo,12,2022,16,5,US-340,2,US Highway,Urbano,Arterial Principal -Freeway o ExpressWay,State Highway Agency,1,Sin jurisdiccion especial,21,39.34838889,-77.62666389,Vehiculo Aparcado,El primer evento no fue una colision con un vehiculo automotor en transporte,Not an Intersection,No fue interseccion,Sobre Acotamiento,Ninguna,Dia total,Soplando nieve,No,NO APLICA,99,99,99,99,1,12/03/2022,2
24,Maryland,240101,3,3,1,0,31,MONTGOMERY (31),0,NO APLICA,4,Abril,6,2022,8,22,CR-326,4,Calle del Condado,Urbano,Arteria Menor,County Highway Agency,9,Sin jurisdiccion especial,1,39.02236111,-77.10515,Banqueta,El primer evento no fue una colision con un vehiculo automotor en transporte,T-Intersection,Interseccion de T,Sobre el lado de la calle,Ninguna,Dia total,lluvia,No,NO APLICA,99,99,99,99,1,06/04/2022,1
24,Maryland,240102,0,0,1,0,31,MONTGOMERY (31),0,NO APLICA,4,Abril,1,2022,17,12,SR-189,3,Highway estatal,Urbano,Arteria Menor,State Highway Agency,0,Sin jurisdiccion especial,10,39.03046667,-77.20154167,Banqueta,El primer evento no fue una colision con un vehiculo automotor en transporte,Not an Intersection,No fue interseccion,Sobre el lado de la calle,Ninguna,Dia total,Despejado,No,NO APLICA,99,99,99,99,1,01/04/2022,1
24,Maryland,240103,1,1,4,0,510,BALTIMORE (CITY) (510),50,BALTIMORE,1,Enero,1,2022,2,21,I-395,1,Interestatal,Urbano,Interestatal,State Highway Agency,1,Sin jurisdiccion especial,7,39.27735833,-76.61972222,Peaton,El primer evento no fue una colision con un vehiculo automotor en transporte,Not an Intersection,No fue interseccion,Sobre calle,Ninguna,Oscuro sin iluminacion,Neblina o Humo,No,NO APLICA,99,99,99,99,1,01/01/2022,9
24,Maryland,240104,0,0,3,0,25,HARFORD (25),0,NO APLICA,4,Abril,21,2022,14,38,SR-24,3,Highway estatal,Urbano,Arteria Principal,State Highway Agency,0,Sin jurisdiccion especial,29,39.50688889,-76.38113889,Vehiculo en movimiento,Angulo,Four-Way Intersection,Interseccion de 4 direcciones,Sobre calle,Ninguna,Dia total,Despejado,No,NO APLICA,99,98,99,98,1,21/04/2022,3
24,Maryland,240106,0,0,3,0,39,SOMERSET (39),0,NO APLICA,4,Abril,20,2022,8,20,US-13,2,US Highway,Urbano,Arteria Principal,State Highway Agency,1,Sin jurisdiccion especial,3,38.07860278,-75.57683056,Vehiculo en movimiento,Frente a Detrás,Four-Way Intersection,Interseccion de 4 direcciones,Sobre calle,Ninguna,Dia total,Despejado,No,NO APLICA,99,99,99,99,1,20/04/2022,4
24,Maryland,240107,1,1,1,0,5,BALTIMORE (5),0,NO APLICA,1,Enero,25,2022,6,47,SR-150,3,Highway estatal,Urbano,Arteria Principal,State Highway Agency,0,Sin jurisdiccion especial,39,39.31263611,-76.46520556,Peaton,El primer evento no fue una colision con un vehiculo automotor en transporte,Four-Way Intersection,Interseccion de 4 direcciones,Sobre calle,Ninguna,Oscuro con iluminacion,Despejado,No,NO APLICA,99,99,99,99,1,25/01/2022,1
24,Maryland,240108,1,1,2,0,33,PRINCE GEORGE`S (33),0,NO APLICA,4,Abril,15,2022,23,51,SR-450,3,Highway estatal,Urbano,Arteria Menor,State Highway Agency,0,Sin jurisdiccion especial,44,38.95678333,-76.87085556,Peaton,El primer evento no fue una colision con un vehiculo automotor en transporte,Not an Intersection,No fue interseccion,Sobre calle,Ninguna,Oscuro con iluminacion,Despejado,No,NO APLICA,99,99,99,99,1,15/04/2022,3
24,Maryland,240109,0,0,2,0,15,CECIL (15),0,NO APLICA,4,Abril,23,2022,1,26,SR-275,3,Highway estatal,Urbano,Arteria Menor,State Highway Agency,0,Sin jurisdiccion especial,7,39.60749167,-76.06813889,Vehiculo en movimiento,Frente a frente,Not an Intersection,No fue interseccion,Sobre calle,Ninguna,Oscuro sin iluminacion,Despejado,No,NO APLICA,99,99,99,99,1,23/04/2022,2
24,Maryland,240110,0,0,3,0,37,ST. MARY`S (37),0,NO APLICA,4,Abril,10,2022,2,45,SR-5,3,Highway estatal,Urbano,Arteria Principal,State Highway Agency,1,Sin jurisdiccion especial,443,38.49476667,-76.77469722,Vehiculo en movimiento,Frente a Detrás,Four-Way Intersection,Interseccion de 4 direcciones,Sobre calle,Ninguna,Oscuro con iluminacion,Despejado,No,NO APLICA,99,99,99,99,2,10/04/2022,3
24,Maryland,240111,0,0,1,0,17,CHARLES (17),0,NO APLICA,4,Abril,25,2022,14,49,SR-6,3,Highway estatal,Urbano,Colector Mayor,State Highway Agency,0,Sin jurisdiccion especial,234,38.52161389,-77.01352778,Acotamiento,El primer evento no fue una colision con un vehiculo automotor en transporte,Not an Intersection,No fue interseccion,Sobre el lado de la calle,Ninguna,Dia total,Despejado,No,NO APLICA,99,99,99,99,1,25/04/2022,1
24,Maryland,240112,0,0,1,0,33,PRINCE GEORGE`S (33),0,NO APLICA,4,Abril,24,2022,4,14,I-95 RAMP,1,Interestatal,Urbano,Interestatal,State Highway Agency,1,Sin jurisdiccion especial,252,39.01913611,-76.95728611,Valla Ferrocarril,El primer evento no fue una colision con un vehiculo automotor en transporte,Not an Intersection,No fue interseccion,Sobre el lado de la calle,Ninguna,Oscuro - iluminacion desconocida,Despejado,No,NO APLICA,99,99,99,99,1,24/04/2022,1
24,Maryland,240113,0,0,1,0,31,MONTGOMERY (31),0,NO APLICA,4,Abril,22,2022,12,28,SR-124,3,Highway estatal,Urbano,Arteria Menor,State Highway Agency,0,Sin jurisdiccion especial,132,39.23559167,-77.18068056,Barda,El primer evento no fue una colision con un vehiculo automotor en transporte,Not an Intersection,No fue interseccion,Sobre el lado de la calle,Ninguna,Dia total,Despejado,No,NO APLICA,99,99,99,99,1,22/04/2022,1
24,Maryland,240114,0,0,2,0,13,CARROLL (13),0,NO APLICA,4,Abril,23,2022,11,48,SR-140,3,Highway estatal,Urbano,Arteria Principal,State Highway Agency,1,Sin jurisdiccion especial,9,39.49069722,-76.88022778,Vehiculo en movimiento,Angulo,Not an Intersection,No fue interseccion,Sobre calle,Ninguna,Dia total,Nublado,No,NO APLICA,99,99,99,99,1,23/04/2022,2
24,Maryland,240115,0,0,2,0,21,FREDERICK (21),0,NO APLICA,4,Abril,24,2022,9,7,CR-413,4,Calle del Condado,Urbano,Colector Mayor,County Highway Agency,0,Sin jurisdiccion especial,84,39.42255556,-77.26175278,Vehiculo en movimiento,Frente a frente,Not an Intersection,No fue interseccion,Sobre calle,Ninguna,Dia total,Despejado,No,NO APLICA,99,99,99,99,1,24/04/2022,2
24,Maryland,240116,0,0,2,0,3,ANNE ARUNDEL (3),0,NO APLICA,4,Abril,22,2022,13,38,CR-2420,4,Calle del Condado,Urbano,Arteria Menor,County Highway Agency,0,Sin jurisdiccion especial,37,39.03611111,-76.46395278,Vehiculo en movimiento,Frente a frente,Four-Way Intersection,Interseccion de 4 direcciones,Sobre calle,Ninguna,Dia total,Despejado,No,NO APLICA,99,98,99,98,1,22/04/2022,3
24,Maryland,240117,0,0,2,0,33,PRINCE GEORGE`S (33),0,NO APLICA,4,Abril,22,2022,19,59,SR-214,3,Highway estatal,Urbano,Arteria Principal,State Highway Agency,1,Sin jurisdiccion especial,7,38.886925,-76.90166389,Vehiculo en movimiento,Angulo,Four-Way Intersection,Interseccion de 4 direcciones,Sobre calle,Ninguna,Atardecer,Despejado,No,NO APLICA,99,99,99,99,2,22/04/2022,5
24,Maryland,240118,0,0,1,0,21,FREDERICK (21),0,NO APLICA,4,Abril,25,2022,13,34,US-340,2,US Highway,Rural,Arterial Principal -Freeway o ExpressWay,State Highway Agency,1,Sin jurisdiccion especial,55,39.40225556,-77.43784444,Valla Ferrocarril,El primer evento no fue una colision con un vehiculo automotor en transporte,Not an Intersection,No fue interseccion,En el medio,Ninguna,Dia total,Despejado,No,NO APLICA,99,99,99,99,1,25/04/2022,3
24,Maryland,240119,0,0,1,0,33,PRINCE GEORGE`S (33),0,NO APLICA,4,Abril,27,2022,7,10,SR-373,3,Highway estatal,Urbano,Colector Mayor,State Highway Agency,0,Sin jurisdiccion especial,42,38.67795833,-76.93946944,Zanja,El primer evento no fue una colision con un vehiculo automotor en transporte,Not an Intersection,No fue interseccion,Sobre el lado de la calle,Ninguna,Dia total,Despejado,No,NO APLICA,99,99,99,99,1,27/04/2022,2
24,Maryland,240120,1,1,1,0,31,MONTGOMERY (31),0,NO APLICA,4,Abril,28,2022,10,1,CR-164,4,Calle del Condado,Urbano,Arteria Menor,County Highway Agency,0,Sin jurisdiccion especial,12,39.03005833,-77.113075,Peaton,El primer evento no fue una colision con un vehiculo automotor en transporte,T-Intersection,Interseccion de T,Sobre calle,Ninguna,Dia total,Despejado,No,NO APLICA,99,99,99,99,1,28/04/2022,1
24,Maryland,240121,0,0,1,0,15,CECIL (15),0,NO APLICA,4,Abril,29,2022,14,40,SR-310,3,Highway estatal,Urbano,Arteria Menor,State Highway Agency,0,Sin jurisdiccion especial,1,39.49055556,-75.83292222,Zanja,El primer evento no fue una colision con un vehiculo automotor en transporte,Not an Intersection,No fue interseccion,Sobre el lado de la calle,Ninguna,Dia total,Despejado,No,NO APLICA,99,99,99,99,1,29/04/2022,1
24,Maryland,240122,0,0,4,0,43,WASHINGTON (43),0,NO APLICA,4,Abril,18,2022,13,49,I-81,1,Interestatal,Urbano,Interestatal,State Highway Agency,1,Sin jurisdiccion especial,69,39.65324722,-77.75000278,Vehiculo en movimiento,Frente a Detrás,Not an Intersection,No fue interseccion,Sobre calle,Ninguna,Dia total,Nieve,No,NO APLICA,99,99,99,99,1,18/04/2022,4
24,Maryland,240123,1,1,1,0,33,PRINCE GEORGE`S (33),0,NO APLICA,5,Mayo,1,2022,23,30,CR-1489,4,Calle del Condado,Urbano,Colector Menor,County Highway Agency,0,Sin jurisdiccion especial,3,38.91621667,-76.87284722,Peaton,El primer evento no fue una colision con un vehiculo automotor en transporte,Not an Intersection,No fue interseccion,Sobre calle,Ninguna,Oscuro sin iluminacion,Despejado,No,NO APLICA,99,99,99,99,1,01/05/2022,1
24,Maryland,240124,0,0,1,0,3,ANNE ARUNDEL (3),0,NO APLICA,5,Mayo,2,2022,13,55,SR-665,3,Highway estatal,Urbano,Arterial Principal -Freeway o ExpressWay,State Highway Agency,1,Sin jurisdiccion especial,18,38.97129722,-76.53880833,Valla Ferrocarril,El primer evento no fue una colision con un vehiculo automotor en transporte,Not an Intersection,No fue interseccion,En el medio,Ninguna,Dia total,Despejado,No,NO APLICA,99,99,99,99,1,02/05/2022,1
24,Maryland,240125,0,0,1,0,29,KENT (29),0,NO APLICA,5,Mayo,4,2022,18,11,CR-64,4,Calle del Condado,Urbano,Colector Mayor,State Highway Agency,0,Sin jurisdiccion especial,0,39.26505278,-76.12916944,Arbusto,El primer evento no fue una colision con un vehiculo automotor en transporte,Not an Intersection,No fue interseccion,Sobre el lado de la calle,Ninguna,Dia total,Despejado,No,NO APLICA,99,99,99,99,1,04/05/2022,1
24,Maryland,240126,0,0,2,0,33,PRINCE GEORGE`S (33),0,NO APLICA,5,Mayo,1,2022,1,37,US-301,2,US Highway,Urbano,Arteria Principal,State Highway Agency,1,Sin jurisdiccion especial,111,38.791725,-76.781575,Vehiculo en movimiento,Angulo,Four-Way Intersection,Interseccion de 4 direcciones,Sobre calle,Ninguna,Oscuro con iluminacion,Despejado,No,NO APLICA,99,99,99,99,1,01/05/2022,3
24,Maryland,240127,0,0,2,0,43,WASHINGTON (43),160,BOONSBORO,5,Mayo,5,2022,15,59,MU-50,5,Calle Local - Pueblo,Urbano,Local,City or Municipal Highway Agency,0,Sin jurisdiccion especial,0,39.50873056,-77.653325,Vehiculo en movimiento,Frente a frente,Not an Intersection,No fue interseccion,Sobre calle,"Zona de trabajo, tipo desconocido",Dia total,Despejado,No,NO APLICA,99,99,99,99,1,05/05/2022,2
24,Maryland,240128,0,0,2,0,13,CARROLL (13),0,NO APLICA,4,Abril,22,2022,20,29,SR-194,3,Highway estatal,Rural,Arteria Menor,State Highway Agency,0,Sin jurisdiccion especial,31,39.62852778,-77.21965833,Vehiculo en movimiento,Frente a frente,Not an Intersection,No fue interseccion,Sobre calle,Ninguna,Oscuro sin iluminacion,Despejado,No,NO APLICA,99,98,99,98,2,22/04/2022,2
24,Maryland,240129,1,1,1,0,21,FREDERICK (21),0,NO APLICA,4,Abril,22,2022,12,2,SR-194,3,Highway estatal,Urbano,Arteria Principal,State Highway Agency,0,Sin jurisdiccion especial,15,39.47465833,-77.35846944,Peaton,El primer evento no fue una colision con un vehiculo automotor en transporte,T-Intersection,Interseccion de T,Sobre calle,Ninguna,Dia total,Despejado,No,NO APLICA,99,99,99,99,1,22/04/2022,1
24,Maryland,240130,0,0,2,0,5,BALTIMORE (5),0,NO APLICA,3,Marzo,18,2022,13,26,CR-4458,4,Calle del Condado,Urbano,Arteria Menor,County Highway Agency,0,Sin jurisdiccion especial,2,39.37579167,-76.51374722,Vehiculo en movimiento,Angulo,Four-Way Intersection,Interseccion de 4 direcciones,Sobre calle,Ninguna,Dia total,Despejado,No,NO APLICA,99,99,99,99,1,18/03/2022,2
24,Maryland,240131,0,0,2,0,33,PRINCE GEORGE`S (33),0,NO APLICA,5,Mayo,7,2022,20,50,SR-5,3,Highway estatal,Urbano,Arterial Principal -Freeway o ExpressWay,State Highway Agency,1,Sin jurisdiccion especial,66,38.65894722,-76.87415278,Vehiculo en movimiento,Frente a frente,Not an Intersection,No fue interseccion,Sobre calle,Ninguna,Oscuro con iluminacion,lluvia,No,NO APLICA,99,99,99,99,1,07/05/2022,5
24,Maryland,240132,2,2,1,0,25,HARFORD (25),0,NO APLICA,5,Mayo,5,2022,22,56,SR-24,3,Highway estatal,Urbano,Arteria Principal,State Highway Agency,0,Sin jurisdiccion especial,17,39.45275833,-76.30660833,Peaton,El primer evento no fue una colision con un vehiculo automotor en transporte,Four-Way Intersection,Interseccion de 4 direcciones,Sobre calle,Ninguna,Oscuro con iluminacion,Despejado,No,NO APLICA,99,99,99,99,1,05/05/2022,1
24,Maryland,240133,0,0,1,0,15,CECIL (15),0,NO APLICA,4,Abril,29,2022,17,19,CR-424,4,Calle del Condado,Rural,Arteria Menor,County Highway Agency,0,Sin jurisdiccion especial,11,39.64718889,-75.88811389,Poste o otros soportes,El primer evento no fue una colision con un vehiculo automotor en transporte,Not an Intersection,No fue interseccion,Sobre el lado de la calle,Ninguna,Dia total,Despejado,No,NO APLICA,99,99,99,99,1,29/04/2022,1
24,Maryland,240136,0,0,1,0,3,ANNE ARUNDEL (3),0,NO APLICA,5,Mayo,14,2022,12,8,CR-6,4,Calle del Condado,Urbano,Colector Mayor,County Highway Agency,0,Sin jurisdiccion especial,7,39.22092778,-76.67485556,Poste,El primer evento no fue una colision con un vehiculo automotor en transporte,Not an Intersection,No fue interseccion,Sobre el lado de la calle,Ninguna,Dia total,Nublado,No,NO APLICA,99,99,99,99,1,14/05/2022,1
24,Maryland,240138,0,0,1,0,33,PRINCE GEORGE`S (33),0,NO APLICA,5,Mayo,5,2022,14,40,SR-410,3,Highway estatal,Urbano,Arteria Principal,State Highway Agency,1,Sin jurisdiccion especial,31,38.96490556,-76.94024722,Banqueta,El primer evento no fue una colision con un vehiculo automotor en transporte,T-Intersection,Interseccion de T,Sobre el lado de la calle,Ninguna,Dia total,Nublado,No,NO APLICA,99,99,99,99,1,05/05/2022,3
24,Maryland,240139,0,0,5,0,3,ANNE ARUNDEL (3),0,NO APLICA,5,Mayo,8,2022,16,26,US-50,2,US Highway,Urbano,Arterial Principal -Freeway o ExpressWay,State Highway Agency,1,Sin jurisdiccion especial,171,39.02103611,-76.41891389,Vehiculo en movimiento,Frente a Detrás,Not an Intersection,No fue interseccion,Sobre calle,Ninguna,Dia total,Despejado,No,NO APLICA,99,99,99,99,1,08/05/2022,10
24,Maryland,240140,2,2,3,2,3,ANNE ARUNDEL (3),0,NO APLICA,5,Mayo,12,2022,13,7,SR-10,3,Highway estatal,Urbano,Arterial Principal -Freeway o ExpressWay,State Highway Agency,1,Sin jurisdiccion especial,72,39.20136944,-76.60196944,Peaton,El primer evento no fue una colision con un vehiculo automotor en transporte,Not an Intersection,No fue interseccion,Sobre el lado de la calle,Ninguna,Dia total,Despejado,No,NO APLICA,99,98,99,98,1,12/05/2022,1
24,Maryland,240141,0,0,2,0,33,PRINCE GEORGE`S (33),0,NO APLICA,5,Mayo,15,2022,10,55,SR-214,3,Highway estatal,Urbano,Arteria Principal,State Highway Agency,0,Sin jurisdiccion especial,35,38.891,-76.8508,Vehiculo en movimiento,Angulo,T-Intersection,Interseccion de T,Sobre calle,Ninguna,Dia total,Despejado,No,NO APLICA,99,99,99,99,1,15/05/2022,2
24,Maryland,240142,0,0,1,0,27,HOWARD (27),0,NO APLICA,5,Mayo,15,2022,18,18,I-70,1,Interestatal,Rural,Interestatal,State Highway Agency,1,Sin jurisdiccion especial,70,39.14488056,-76.84383056,Arbol,El primer evento no fue una colision con un vehiculo automotor en transporte,Not an Intersection,No fue interseccion,Sobre el lado de la calle,Ninguna,Dia total,No reportado,No,NO APLICA,99,99,99,99,1,15/05/2022,1
24,Maryland,240143,1,1,1,0,3,ANNE ARUNDEL (3),0,NO APLICA,5,Mayo,17,2022,22,10,SR-424,3,Highway estatal,Rural,Arteria Menor,State Highway Agency,0,Sin jurisdiccion especial,3,38.92682778,-76.63016667,Peaton,El primer evento no fue una colision con un vehiculo automotor en transporte,T-Intersection,Interseccion de T,Sobre calle,"Zona de trabajo, tipo desconocido",Oscuro con iluminacion,Despejado,No,NO APLICA,99,99,99,99,1,17/05/2022,1
24,Maryland,240144,1,1,2,0,510,BALTIMORE (CITY) (510),50,BALTIMORE,3,Marzo,21,2022,6,21,I-395,1,Interestatal,Urbano,Interestatal,State Highway Agency,1,Sin jurisdiccion especial,3,39.27402222,-76.62121667,Vehiculo en movimiento,Golpe Lateral - misma direccion,Not an Intersection,No fue interseccion,Sobre calle,Ninguna,Oscuro con iluminacion,Despejado,No,NO APLICA,99,99,99,99,1,21/03/2022,2
24,Maryland,240145,1,1,1,0,31,MONTGOMERY (31),0,NO APLICA,5,Mayo,6,2022,11,21,CR-4223,4,Calle del Condado,Urbano,Local,State Highway Agency,0,Sin jurisdiccion especial,10,39.02436389,-77.13263611,Peaton,El primer evento no fue una colision con un vehiculo automotor en transporte,Not an Intersection,No fue interseccion,Sobre calle,Ninguna,Dia total,lluvia,No,NO APLICA,99,99,99,99,1,06/05/2022,1
24,Maryland,240146,0,0,2,0,3,ANNE ARUNDEL (3),0,NO APLICA,5,Mayo,18,2022,0,5,SR-695,3,Highway estatal,Urbano,Arterial Principal -Freeway o ExpressWay,State Highway Agency,1,Sin jurisdiccion especial,17,39.20408333,-76.625025,Vehiculo en movimiento,Angulo,Not an Intersection,No fue interseccion,Sobre calle,Construccion,Oscuro sin iluminacion,Despejado,No,NO APLICA,99,99,99,99,1,18/05/2022,2
24,Maryland,240147,0,0,2,0,27,HOWARD (27),0,NO APLICA,5,Mayo,13,2022,9,45,US-1,2,US Highway,Urbano,Arteria Principal,State Highway Agency,1,Sin jurisdiccion especial,105,39.215275,-76.71261111,Vehiculo en movimiento,Angulo,Not an Intersection,No fue interseccion,Sobre calle,Ninguna,Dia total,Nublado,No,NO APLICA,99,99,99,99,1,13/05/2022,2
24,Maryland,240148,0,0,2,0,5,BALTIMORE (5),0,NO APLICA,1,Enero,6,2022,23,43,CR-1700,4,Calle del Condado,Urbano,Arteria Menor,County Highway Agency,0,Sin jurisdiccion especial,50,39.37686667,-76.73541667,Vehiculo en movimiento,Frente a Detrás,Not an Intersection,No fue interseccion,Sobre calle,Ninguna,Oscuro con iluminacion,Despejado,No,NO APLICA,99,99,99,99,2,06/01/2022,3
24,Maryland,240149,0,0,1,0,23,GARRETT (23),0,NO APLICA,5,Mayo,15,2022,9,42,SR-42,3,Highway estatal,Urbano,Colector Mayor,State Highway Agency,0,Sin jurisdiccion especial,39,39.61855556,-79.38696389,Volcadura,El primer evento no fue una colision con un vehiculo automotor en transporte,Not an Intersection,No fue interseccion,Sobre el lado de la calle,Ninguna,Dia total,Despejado,No,NO APLICA,99,99,99,99,1,15/05/2022,1
24,Maryland,240150,0,0,1,0,33,PRINCE GEORGE`S (33),0,NO APLICA,5,Mayo,6,2022,1,37,SR-4,3,Highway estatal,Urbano,Arteria Principal,State Highway Agency,1,Sin jurisdiccion especial,97,38.83692222,-76.86928333,Zanja,El primer evento no fue una colision con un vehiculo automotor en transporte,Not an Intersection,No fue interseccion,Sobre el lado de la calle,Ninguna,Oscuro sin iluminacion,Despejado,No,NO APLICA,99,98,99,98,1,06/05/2022,1
24,Maryland,240151,0,0,2,0,3,ANNE ARUNDEL (3),0,NO APLICA,5,Mayo,19,2022,16,20,SR-2,3,Highway estatal,Urbano,Arteria Principal,State Highway Agency,1,Sin jurisdiccion especial,253,39.03306389,-76.50720556,Vehiculo en movimiento,Angulo,T-Intersection,Interseccion de T,Sobre calle,Ninguna,Dia total,Despejado,No,NO APLICA,99,99,99,99,1,19/05/2022,3
24,Maryland,240152,0,0,2,0,33,PRINCE GEORGE`S (33),0,NO APLICA,5,Mayo,20,2022,19,48,CR-3074,4,Calle del Condado,Urbano,Arteria Menor,County Highway Agency,0,Sin jurisdiccion especial,19,38.85858611,-76.90736944,Vehiculo en movimiento,Frente a frente,Not an Intersection,No fue interseccion,Sobre calle,Ninguna,Dia total,Despejado,No,NO APLICA,99,99,99,99,2,20/05/2022,3