Estado,Nombre de Estado,Numero de Caso,Peatones,Personas _no_vehiculos,Vehiculos automotores,Vehiculos estacionados,Condado,Nombre Condado,Ciudad,Nombre Ciudad,Mes,Nombre Mes,Dia,Año,Hora,Minuto,Calle,Ruta,Nombre Ruta,Rural o Urbanoo,Sistema Funcional,Dueño Calle,Sistema Nacional Carreteras,Jurisdiccion Especial,Milla,Latitud,Longitud,Causa del Accidente,Tipo de Accidente,Tipo Interseccion,Columna1,Lugar en la calle,Zona de Trabajo,Luz,Clima,Autobus Escolar,Cruce de Trenes,Hora Notificacion,Minuto Notificacion,Hora Llegada,Minuto Llegada,Decesos,Fecha,PersonaVehiculo
24,Maryland,240153,1,1,1,0,33,PRINCE GEORGE`S (33),0,NO APLICA,5,Mayo,21,2022,22,7,SR-450,3,Highway estatal,Urbano,Arteria Menor,State Highway Agency,0,Sin jurisdiccion especial,49,38.96211667,-76.86208333,Peaton,El primer evento no fue una colision con un vehiculo automotor en transporte,Not an Intersection,No fue interseccion,Sobre calle,Ninguna,Oscuro con iluminacion,Despejado,No,NO APLICA,99,99,99,99,1,21/05/2022,2
24,Maryland,240154,0,0,3,0,33,PRINCE GEORGE`S (33),0,NO APLICA,5,Mayo,23,2022,15,43,SR-214,3,Highway estatal,Urbano,Arteria Principal,State Highway Agency,0,Sin jurisdiccion especial,28,38.88966944,-76.86288056,Vehiculo en movimiento,Frente a Detrás,Four-Way Intersection,Interseccion de 4 direcciones,Sobre calle,Ninguna,Dia total,Nublado,No,NO APLICA,99,99,99,99,1,23/05/2022,3
24,Maryland,240155,0,0,1,0,33,PRINCE GEORGE`S (33),0,NO APLICA,5,Mayo,21,2022,2,35,SR-450,3,Highway estatal,Urbano,Arteria Principal,State Highway Agency,1,Sin jurisdiccion especial,92,38.96245556,-76.79529444,Banqueta,El primer evento no fue una colision con un vehiculo automotor en transporte,Not an Intersection,No fue interseccion,Sobre el lado de la calle,Ninguna,Oscuro sin iluminacion,Despejado,No,NO APLICA,99,99,99,99,2,21/05/2022,2
24,Maryland,240156,0,0,2,0,15,CECIL (15),0,NO APLICA,5,Mayo,2,2022,11,41,SR-279,3,Highway estatal,Urbano,Arteria Principal,State Highway Agency,1,Sin jurisdiccion especial,6,39.617475,-75.84217222,Vehiculo en movimiento,Frente a frente,Not an Intersection,No fue interseccion,Sobre calle,Ninguna,Dia total,Despejado,No,NO APLICA,99,99,99,99,1,02/05/2022,2
24,Maryland,240157,0,0,2,0,5,BALTIMORE (5),0,NO APLICA,3,Marzo,3,2022,1,25,CR-515,4,Calle del Condado,Urbano,Colector Mayor,County Highway Agency,0,Sin jurisdiccion especial,33,39.425325,-76.84187778,Vehiculo en movimiento,Frente a frente,Not an Intersection,No fue interseccion,Sobre calle,Ninguna,Oscuro con iluminacion,Despejado,No,NO APLICA,99,99,99,99,1,03/03/2022,2
24,Maryland,240158,0,0,2,0,31,MONTGOMERY (31),0,NO APLICA,5,Mayo,12,2022,7,35,SR-185,3,Highway estatal,Urbano,Arteria Principal,State Highway Agency,1,Sin jurisdiccion especial,70,39.06714722,-77.07491667,Vehiculo en movimiento,Angulo,T-Intersection,Interseccion de T,Sobre calle,Ninguna,Dia total,Despejado,No,NO APLICA,99,99,99,99,1,12/05/2022,6
24,Maryland,240159,0,0,2,0,15,CECIL (15),0,NO APLICA,5,Mayo,25,2022,12,54,US-40,2,US Highway,Urbano,Arteria Principal,State Highway Agency,1,Sin jurisdiccion especial,171,39.60882222,-75.82750556,Vehiculo en movimiento,Angulo,Four-Way Intersection,Interseccion de 4 direcciones,Sobre calle,Ninguna,Dia total,Despejado,No,NO APLICA,99,99,99,99,2,25/05/2022,2
24,Maryland,240160,0,0,2,0,21,FREDERICK (21),0,NO APLICA,5,Mayo,27,2022,12,14,SR-80,3,Highway estatal,Urbano,Colector Mayor,State Highway Agency,0,Sin jurisdiccion especial,21,39.33266667,-77.40215556,Vehiculo en movimiento,Angulo,Not an Intersection,No fue interseccion,Sobre calle,Ninguna,Dia total,lluvia,No,NO APLICA,99,99,99,99,1,27/05/2022,2
24,Maryland,240161,0,0,1,0,15,CECIL (15),0,NO APLICA,5,Mayo,29,2022,14,9,US-1,2,US Highway,Urbano,Arteria Principal,State Highway Agency,1,Sin jurisdiccion especial,0,39.66400833,-76.17183056,Volcadura,El primer evento no fue una colision con un vehiculo automotor en transporte,Not an Intersection,No fue interseccion,Sobre calle,Ninguna,Dia total,Despejado,No,NO APLICA,99,99,99,99,1,29/05/2022,1
24,Maryland,240162,0,0,1,0,5,BALTIMORE (5),0,NO APLICA,5,Mayo,30,2022,15,11,SR-940,3,Highway estatal,Urbano,Arteria Menor,State Highway Agency,0,Sin jurisdiccion especial,7,39.40940556,-76.79020833,Acotamiento,El primer evento no fue una colision con un vehiculo automotor en transporte,Not an Intersection,No fue interseccion,En el medio,Ninguna,Dia total,Despejado,No,NO APLICA,99,99,99,99,1,30/05/2022,1
24,Maryland,240163,0,0,1,0,43,WASHINGTON (43),0,NO APLICA,5,Mayo,29,2022,11,23,I-70,1,Interestatal,Urbano,Interestatal,State Highway Agency,1,Sin jurisdiccion especial,29,39.70185278,-78.15835833,Valla Ferrocarril,El primer evento no fue una colision con un vehiculo automotor en transporte,Not an Intersection,No fue interseccion,Sobre el lado de la calle,Ninguna,Dia total,Despejado,No,NO APLICA,99,99,99,99,1,29/05/2022,1
24,Maryland,240164,0,0,1,0,27,HOWARD (27),0,NO APLICA,5,Mayo,12,2022,3,55,CR-1910,4,Calle del Condado,Urbano,Colector Mayor,County Highway Agency,0,Sin jurisdiccion especial,32,39.16103889,-76.82418889,Arbol,El primer evento no fue una colision con un vehiculo automotor en transporte,T-Intersection,Interseccion de T,Sobre el lado de la calle,Ninguna,Oscuro sin iluminacion,Despejado,No,NO APLICA,99,99,99,99,1,12/05/2022,1
24,Maryland,240165,1,1,1,0,31,MONTGOMERY (31),0,NO APLICA,6,Junio,1,2022,16,9,SR-187,3,Highway estatal,Urbano,Arteria Principal,State Highway Agency,0,Sin jurisdiccion especial,32,39.02156944,-77.12286667,Ciclista,El primer evento no fue una colision con un vehiculo automotor en transporte,Not an Intersection,No fue interseccion,Sobre el lado de la calle,Ninguna,Dia total,Despejado,No,NO APLICA,99,99,99,99,1,01/06/2022,1
24,Maryland,240166,0,0,1,0,39,SOMERSET (39),0,NO APLICA,5,Mayo,30,2022,18,12,SR-363,3,Highway estatal,Urbano,Colector Mayor,State Highway Agency,0,Sin jurisdiccion especial,106,38.18743056,-75.84074444,Zanja,El primer evento no fue una colision con un vehiculo automotor en transporte,Not an Intersection,No fue interseccion,Sobre el lado de la calle,Ninguna,Dia total,Despejado,No,NO APLICA,99,99,99,99,1,30/05/2022,1
24,Maryland,240167,0,0,1,0,33,PRINCE GEORGE`S (33),0,NO APLICA,5,Mayo,22,2022,11,20,CR-3601,4,Calle del Condado,Urbano,Colector Mayor,County Highway Agency,0,Sin jurisdiccion especial,0,38.90001667,-76.883875,Arbol,El primer evento no fue una colision con un vehiculo automotor en transporte,Not an Intersection,No fue interseccion,Sobre el lado de la calle,Ninguna,Dia total,Despejado,No,NO APLICA,99,99,99,99,1,22/05/2022,1
24,Maryland,240168,0,0,2,0,33,PRINCE GEORGE`S (33),0,NO APLICA,6,Junio,8,2022,3,30,I-95,1,Interestatal,Urbano,Interestatal,State Highway Agency,1,Sin jurisdiccion especial,148,38.89289444,-76.84733889,Vehiculo en movimiento,Frente a frente,Not an Intersection,No fue interseccion,Sobre calle,Ninguna,Oscuro con iluminacion,lluvia,No,NO APLICA,99,99,99,99,1,08/06/2022,2
24,Maryland,240169,2,2,1,0,5,BALTIMORE (5),0,NO APLICA,3,Marzo,6,2022,20,16,US-40,2,US Highway,Urbano,Arteria Principal,State Highway Agency,1,Sin jurisdiccion especial,155,39.32111111,-76.50736389,Peaton,El primer evento no fue una colision con un vehiculo automotor en transporte,Four-Way Intersection,Interseccion de 4 direcciones,Sobre calle,Ninguna,Oscuro con iluminacion,Despejado,No,NO APLICA,99,99,99,99,1,06/03/2022,2
24,Maryland,240170,0,0,2,0,17,CHARLES (17),0,NO APLICA,5,Mayo,31,2022,11,33,US-301,2,US Highway,Urbano,Arteria Principal,State Highway Agency,1,Sin jurisdiccion especial,176,38.56919444,-76.98068333,Vehiculo en movimiento,Angulo,T-Intersection,Interseccion de T,Sobre calle,Ninguna,Dia total,Despejado,No,NO APLICA,99,99,99,99,1,31/05/2022,2
24,Maryland,240171,0,0,2,0,33,PRINCE GEORGE`S (33),710,GREENBELT,6,Junio,10,2022,7,40,SR-193,3,Highway estatal,Urbano,Arteria Principal,State Highway Agency,1,Sin jurisdiccion especial,67,38.99552222,-76.88393611,Vehiculo en movimiento,Frente a frente,T-Intersection,Interseccion de T,Sobre calle,Ninguna,Dia total,Despejado,No,NO APLICA,99,99,99,99,1,10/06/2022,3
24,Maryland,240172,0,0,1,0,31,MONTGOMERY (31),0,NO APLICA,6,Junio,9,2022,23,37,SR-355,3,Highway estatal,Urbano,Arteria Principal,State Highway Agency,1,Sin jurisdiccion especial,169,39.16681667,-77.22903611,Arbol,El primer evento no fue una colision con un vehiculo automotor en transporte,Not an Intersection,No fue interseccion,En el medio,Ninguna,Oscuro sin iluminacion,Despejado,No,NO APLICA,99,99,99,99,1,09/06/2022,1
24,Maryland,240173,1,1,2,1,5,BALTIMORE (5),0,NO APLICA,6,Junio,11,2022,20,17,I-695,1,Interestatal,Urbano,Interestatal,State Highway Agency,1,Sin jurisdiccion especial,72,39.29398889,-76.742275,Peaton,El primer evento no fue una colision con un vehiculo automotor en transporte,Not an Intersection,No fue interseccion,Sobre Acotamiento,Ninguna,Dia total,Despejado,No,NO APLICA,99,99,99,99,1,11/06/2022,1
24,Maryland,240174,0,0,1,0,47,WORCESTER (47),0,NO APLICA,6,Junio,8,2022,3,19,SR-589,3,Highway estatal,Urbano,Arteria Menor,State Highway Agency,0,Sin jurisdiccion especial,9,38.36006389,-75.16874444,Poste,El primer evento no fue una colision con un vehiculo automotor en transporte,Not an Intersection,No fue interseccion,Sobre el lado de la calle,Ninguna,Oscuro sin iluminacion,Despejado,No,NO APLICA,99,99,99,99,1,08/06/2022,1
24,Maryland,240175,0,0,1,0,5,BALTIMORE (5),0,NO APLICA,4,Abril,4,2022,13,5,SR-130,3,Highway estatal,Urbano,Arteria Menor,State Highway Agency,0,Sin jurisdiccion especial,15,39.41068333,-76.73355556,Poste o otros soportes,El primer evento no fue una colision con un vehiculo automotor en transporte,Not an Intersection,No fue interseccion,Sobre el lado de la calle,Ninguna,Dia total,Despejado,No,NO APLICA,99,99,99,99,1,04/04/2022,2
24,Maryland,240176,1,1,1,0,31,MONTGOMERY (31),0,NO APLICA,6,Junio,3,2022,22,0,CR-1172,4,Calle del Condado,Urbano,Arteria Principal,County Highway Agency,0,Sin jurisdiccion especial,1,39.05656111,-77.08530278,Peaton,El primer evento no fue una colision con un vehiculo automotor en transporte,Four-Way Intersection,Interseccion de 4 direcciones,Sobre calle,Ninguna,Oscuro sin iluminacion,Despejado,No,NO APLICA,99,99,99,99,1,03/06/2022,1
24,Maryland,240177,0,0,2,0,33,PRINCE GEORGE`S (33),0,NO APLICA,6,Junio,3,2022,20,46,CR-14,4,Calle del Condado,Urbano,Arteria Menor,County Highway Agency,0,Sin jurisdiccion especial,4,39.01958611,-76.93892778,Vehiculo en movimiento,Frente a frente,Not an Intersection,No fue interseccion,Sobre calle,Ninguna,Oscuro - iluminacion desconocida,No reportado,No,NO APLICA,99,99,99,99,1,03/06/2022,6
24,Maryland,240178,1,1,1,0,17,CHARLES (17),0,NO APLICA,5,Mayo,24,2022,10,15,2975 CRAIN HWY,8,Otro,Not Reported,No reportado,Not Reported,0,Sin jurisdiccion especial,99998,38.63017222,-76.90741111,Peaton,El primer evento no fue una colision con un vehiculo automotor en transporte,Not an Intersection,No fue interseccion,Sobre calle,Ninguna,Dia total,lluvia,No,NO APLICA,99,99,99,99,1,24/05/2022,1
24,Maryland,240179,0,0,2,0,33,PRINCE GEORGE`S (33),0,NO APLICA,6,Junio,15,2022,19,47,SR-214,3,Highway estatal,Urbano,Arteria Principal,State Highway Agency,0,Sin jurisdiccion especial,2,38.88945278,-76.91015833,Vehiculo en movimiento,Angulo,Four-Way Intersection,Interseccion de 4 direcciones,Sobre calle,Ninguna,Atardecer,Nublado,No,NO APLICA,99,99,99,99,1,15/06/2022,2
24,Maryland,240180,0,0,3,0,23,GARRETT (23),0,NO APLICA,6,Junio,12,2022,12,20,US-219,2,US Highway,Urbano,Arteria Principal,State Highway Agency,1,Sin jurisdiccion especial,292,39.60974167,-79.33357778,Vehiculo en movimiento,Angulo,Not an Intersection,No fue interseccion,Sobre calle,Ninguna,Dia total,Nublado,No,NO APLICA,99,99,99,99,1,12/06/2022,6
24,Maryland,240181,0,0,2,0,5,BALTIMORE (5),0,NO APLICA,6,Junio,16,2022,23,39,I-695,1,Interestatal,Urbano,Interestatal,State Highway Agency,1,Sin jurisdiccion especial,72,39.30598056,-76.744025,Vehiculo en movimiento,Reportado como desconocido,Not an Intersection,No fue interseccion,Sobre calle,"Zona de trabajo, tipo desconocido",Oscuro con iluminacion,Despejado,No,NO APLICA,99,99,99,99,1,16/06/2022,2
24,Maryland,240182,1,1,1,0,11,CAROLINE (11),0,NO APLICA,6,Junio,11,2022,13,6,SR-318,3,Highway estatal,Urbano,Arteria Menor,State Highway Agency,0,Sin jurisdiccion especial,57,38.69607778,-75.79246111,Ciclista,El primer evento no fue una colision con un vehiculo automotor en transporte,Not an Intersection,No fue interseccion,Sobre calle,Ninguna,Dia total,Nublado,No,NO APLICA,99,99,99,99,1,11/06/2022,1
24,Maryland,240183,1,1,1,0,21,FREDERICK (21),0,NO APLICA,6,Junio,17,2022,3,3,I-70,1,Interestatal,Urbano,Interestatal,State Highway Agency,1,Sin jurisdiccion especial,56,39.48389722,-77.54290833,Peaton,El primer evento no fue una colision con un vehiculo automotor en transporte,Not an Intersection,No fue interseccion,Sobre calle,Ninguna,Oscuro sin iluminacion,Despejado,No,NO APLICA,99,99,99,99,1,17/06/2022,1
24,Maryland,240184,1,3,3,2,43,WASHINGTON (43),0,NO APLICA,6,Junio,13,2022,4,19,I-70,1,Interestatal,Urbano,Interestatal,State Highway Agency,1,Sin jurisdiccion especial,343,39.58884444,-77.64597222,Peaton,El primer evento no fue una colision con un vehiculo automotor en transporte,Not an Intersection,No fue interseccion,Fuera de la calle,"Zona de trabajo, tipo desconocido",Oscuro con iluminacion,Nublado,No,NO APLICA,99,99,99,99,1,13/06/2022,1
24,Maryland,240185,2,2,2,1,5,BALTIMORE (5),0,NO APLICA,6,Junio,18,2022,15,31,I-83,1,Interestatal,Urbano,Interestatal,State Highway Agency,1,Sin jurisdiccion especial,176,39.60449444,-76.65884722,Vehiculo Aparcado,El primer evento no fue una colision con un vehiculo automotor en transporte,Not an Intersection,No fue interseccion,Sobre Acotamiento,Ninguna,Dia total,Despejado,No,NO APLICA,99,99,99,99,1,18/06/2022,1
24,Maryland,240186,0,0,1,0,31,MONTGOMERY (31),0,NO APLICA,6,Junio,18,2022,8,16,SR-27,3,Highway estatal,Urbano,Arteria Principal,State Highway Agency,1,Sin jurisdiccion especial,97,39.32556667,-77.19473889,Arbol,El primer evento no fue una colision con un vehiculo automotor en transporte,Not an Intersection,No fue interseccion,Sobre el lado de la calle,Ninguna,Dia total,Nublado,No,NO APLICA,99,99,99,99,1,18/06/2022,2
24,Maryland,240187,0,0,3,0,37,ST. MARY`S (37),0,NO APLICA,6,Junio,14,2022,18,9,SR-235,3,Highway estatal,Urbano,Arteria Principal,State Highway Agency,0,Sin jurisdiccion especial,99,38.24746667,-76.42329444,Vehiculo en movimiento,Frente a frente,Four-Way Intersection,Interseccion de 4 direcciones,Sobre calle,Ninguna,Dia total,Despejado,No,NO APLICA,99,99,99,99,1,14/06/2022,5
24,Maryland,240188,1,1,1,0,27,HOWARD (27),0,NO APLICA,6,Junio,5,2022,23,7,SR-99,3,Highway estatal,Urbano,Arteria Menor,State Highway Agency,0,Sin jurisdiccion especial,62,39.29707778,-76.84754167,Peaton,El primer evento no fue una colision con un vehiculo automotor en transporte,Not an Intersection,No fue interseccion,Sobre Acotamiento,Ninguna,Oscuro sin iluminacion,Despejado,No,NO APLICA,99,99,99,99,1,05/06/2022,1
24,Maryland,240189,0,0,2,0,27,HOWARD (27),0,NO APLICA,6,Junio,6,2022,6,37,SR-175,3,Highway estatal,Urbano,Arterial Principal -Freeway o ExpressWay,State Highway Agency,1,Sin jurisdiccion especial,24,39.17975556,-76.79013889,Vehiculo en movimiento,Angulo,T-Intersection,Interseccion de T,Sobre calle,Ninguna,Dia total,Despejado,No,NO APLICA,99,99,99,99,1,06/06/2022,2
24,Maryland,240190,0,0,2,0,21,FREDERICK (21),0,NO APLICA,6,Junio,7,2022,23,51,US-15,2,US Highway,Urbano,Arterial Principal -Freeway o ExpressWay,State Highway Agency,1,Sin jurisdiccion especial,227,39.55409722,-77.43026667,Vehiculo en movimiento,Frente a frente,Not an Intersection,No fue interseccion,Sobre calle,Ninguna,Oscuro con iluminacion,Despejado,No,NO APLICA,99,99,99,99,1,07/06/2022,2
24,Maryland,240191,0,0,1,0,13,CARROLL (13),0,NO APLICA,6,Junio,19,2022,3,43,SR-27,3,Highway estatal,Urbano,Arteria Menor,State Highway Agency,0,Sin jurisdiccion especial,250,39.65138056,-76.90863056,Poste,El primer evento no fue una colision con un vehiculo automotor en transporte,Not an Intersection,No fue interseccion,Sobre el lado de la calle,Ninguna,Oscuro sin iluminacion,Despejado,No,NO APLICA,99,99,99,99,2,19/06/2022,2
24,Maryland,240192,0,0,1,0,9,CALVERT (9),0,NO APLICA,6,Junio,3,2022,20,41,CR-31,4,Calle del Condado,Urbano,Arteria Menor,County Highway Agency,0,Sin jurisdiccion especial,8,38.62267778,-76.52243889,Arbol,El primer evento no fue una colision con un vehiculo automotor en transporte,Not an Intersection,No fue interseccion,Sobre el lado de la calle,Ninguna,Oscuro sin iluminacion,Despejado,No,NO APLICA,99,99,99,99,1,03/06/2022,1
24,Maryland,240193,0,0,2,0,3,ANNE ARUNDEL (3),0,NO APLICA,6,Junio,25,2022,16,0,CR-443,4,Calle del Condado,Urbano,Colector Mayor,County Highway Agency,0,Sin jurisdiccion especial,3,39.17346111,-76.59986944,Vehiculo en movimiento,Angulo,Not an Intersection,No fue interseccion,Sobre calle,Ninguna,Dia total,Despejado,No,NO APLICA,99,99,99,99,1,25/06/2022,3
24,Maryland,240194,1,1,1,0,510,BALTIMORE (CITY) (510),50,BALTIMORE,4,Abril,4,2022,5,45,MU-1030,6,Calle Local Municipalidad,Urbano,Arteria Menor,City or Municipal Highway Agency,0,Sin jurisdiccion especial,0,39.32816111,-76.53366944,Peaton,El primer evento no fue una colision con un vehiculo automotor en transporte,Not an Intersection,No fue interseccion,Sobre calle,Ninguna,Oscuro con iluminacion,Nublado,No,NO APLICA,99,99,99,99,1,04/04/2022,1
24,Maryland,240195,1,1,1,0,33,PRINCE GEORGE`S (33),0,NO APLICA,6,Junio,22,2022,21,3,SR-410,3,Highway estatal,Urbano,Arteria Principal,State Highway Agency,1,Sin jurisdiccion especial,9,38.97150278,-76.97899167,Peaton,El primer evento no fue una colision con un vehiculo automotor en transporte,Not an Intersection,No fue interseccion,Sobre calle,Ninguna,Oscuro sin iluminacion,lluvia,No,NO APLICA,99,99,99,99,1,22/06/2022,1
24,Maryland,240196,1,1,1,0,31,MONTGOMERY (31),0,NO APLICA,6,Junio,24,2022,4,30,SR-97,3,Highway estatal,Urbano,Arteria Principal,State Highway Agency,1,Sin jurisdiccion especial,83,39.09968056,-77.07761667,Peaton,El primer evento no fue una colision con un vehiculo automotor en transporte,Not an Intersection,No fue interseccion,Sobre calle,Ninguna,Oscuro sin iluminacion,Despejado,No,NO APLICA,99,99,99,99,1,24/06/2022,1
24,Maryland,240197,0,0,2,0,33,PRINCE GEORGE`S (33),0,NO APLICA,6,Junio,8,2022,6,26,CR-97,4,Calle del Condado,Urbano,Arteria Menor,County Highway Agency,0,Sin jurisdiccion especial,12,38.86796389,-76.82002222,Vehiculo en movimiento,Frente a frente,Not an Intersection,No fue interseccion,Sobre calle,Ninguna,Dia total,Despejado,No,NO APLICA,99,99,99,99,1,08/06/2022,2
24,Maryland,240198,0,0,2,0,15,CECIL (15),0,NO APLICA,6,Junio,24,2022,21,20,SR-213,3,Highway estatal,Urbano,Arteria Menor,State Highway Agency,0,Sin jurisdiccion especial,139,39.54026944,-75.80678611,Vehiculo en movimiento,Frente a frente,T-Intersection,Interseccion de T,Sobre calle,Ninguna,Oscuro con iluminacion,Despejado,No,NO APLICA,99,99,99,99,1,24/06/2022,2
24,Maryland,240199,0,0,1,0,33,PRINCE GEORGE`S (33),170,BOWIE,6,Junio,25,2022,3,15,MU-1915,6,Calle Local Municipalidad,Urbano,Colector Mayor,City or Municipal Highway Agency,0,Sin jurisdiccion especial,5,38.92491667,-76.72331111,Arbol,El primer evento no fue una colision con un vehiculo automotor en transporte,Not an Intersection,No fue interseccion,Sobre el lado de la calle,Ninguna,Oscuro con iluminacion,Despejado,No,NO APLICA,99,99,99,99,1,25/06/2022,1
24,Maryland,240200,1,1,3,0,33,PRINCE GEORGE`S (33),0,NO APLICA,6,Junio,23,2022,23,49,SR-458,3,Highway estatal,Urbano,Arteria Principal,State Highway Agency,1,Sin jurisdiccion especial,9,38.8437,-76.93012778,Peaton,El primer evento no fue una colision con un vehiculo automotor en transporte,Not an Intersection,No fue interseccion,Sobre calle,Ninguna,Oscuro con iluminacion,Nublado,No,NO APLICA,99,99,99,99,1,23/06/2022,3
24,Maryland,240202,0,0,4,0,25,HARFORD (25),0,NO APLICA,6,Junio,29,2022,18,9,I-95,1,Interestatal,Urbano,Interestatal,State Highway Agency,1,Sin jurisdiccion especial,163,39.57608889,-76.12770833,Vehiculo en movimiento,Frente a Detrás,Not an Intersection,No fue interseccion,Sobre Acotamiento,Ninguna,Dia total,Despejado,No,NO APLICA,99,99,99,99,1,29/06/2022,9
24,Maryland,240203,1,1,1,0,3,ANNE ARUNDEL (3),0,NO APLICA,6,Junio,25,2022,2,6,SR-648E,3,Highway estatal,Urbano,Arteria Menor,State Highway Agency,0,Sin jurisdiccion especial,22,39.15712222,-76.60716389,Peaton,El primer evento no fue una colision con un vehiculo automotor en transporte,Not an Intersection,No fue interseccion,Sobre calle,Ninguna,Oscuro sin iluminacion,Despejado,No,NO APLICA,99,99,99,99,1,25/06/2022,1
24,Maryland,240204,0,0,2,0,33,PRINCE GEORGE`S (33),0,NO APLICA,6,Junio,28,2022,20,33,CR-42,4,Calle del Condado,Urbano,Arteria Menor,County Highway Agency,0,Sin jurisdiccion especial,21,38.97661389,-76.87938611,Vehiculo en movimiento,Angulo,Not an Intersection,No fue interseccion,Sobre calle,Ninguna,Dia total,Despejado,No,NO APLICA,99,99,99,99,1,28/06/2022,6
24,Maryland,240205,1,1,2,0,33,PRINCE GEORGE`S (33),0,NO APLICA,7,Julio,5,2022,23,16,I-595,1,Interestatal,Urbano,Interestatal,State Highway Agency,1,Sin jurisdiccion especial,51,38.94750833,-76.83740833,Peaton,El primer evento no fue una colision con un vehiculo automotor en transporte,Not an Intersection,No fue interseccion,En el medio,Ninguna,Oscuro sin iluminacion,Despejado,No,NO APLICA,99,98,99,98,1,05/07/2022,3
24,Maryland,240206,1,1,2,0,5,BALTIMORE (5),0,NO APLICA,4,Abril,1,2022,3,44,CR-8007,4,Calle del Condado,Urbano,Colector Mayor,County Highway Agency,0,Sin jurisdiccion especial,17,39.28632222,-76.50270833,Peaton,El primer evento no fue una colision con un vehiculo automotor en transporte,Four-Way Intersection,Interseccion de 4 direcciones,Sobre calle,Ninguna,Oscuro con iluminacion,lluvia,No,NO APLICA,99,99,99,99,1,01/04/2022,2
24,Maryland,240207,0,0,1,0,1,ALLEGANY (1),0,NO APLICA,6,Junio,18,2022,1,15,SR-807,3,Highway estatal,Urbano,Arteria Menor,State Highway Agency,0,Sin jurisdiccion especial,23,39.70282778,-78.71588333,Acotamiento,El primer evento no fue una colision con un vehiculo automotor en transporte,Not an Intersection,No fue interseccion,Sobre el lado de la calle,Ninguna,Oscuro con iluminacion,Despejado,No,NO APLICA,99,99,99,99,1,18/06/2022,2
24,Maryland,240208,0,0,1,0,15,CECIL (15),0,NO APLICA,7,Julio,6,2022,21,26,CR-167,4,Calle del Condado,Rural,Local,County Highway Agency,0,Sin jurisdiccion especial,24,39.62962778,-75.92062222,Poste,El primer evento no fue una colision con un vehiculo automotor en transporte,Not an Intersection,No fue interseccion,Sobre el lado de la calle,Ninguna,Oscuro sin iluminacion,No reportado,No,NO APLICA,99,99,99,99,1,06/07/2022,1
24,Maryland,240209,0,0,1,0,27,HOWARD (27),0,NO APLICA,7,Julio,6,2022,4,42,US-29,2,US Highway,Urbano,Arterial Principal -Freeway o ExpressWay,State Highway Agency,1,Sin jurisdiccion especial,129,39.29079722,-76.82527222,Otro objeto (fijo),El primer evento no fue una colision con un vehiculo automotor en transporte,Not an Intersection,No fue interseccion,En el medio,Ninguna,Oscuro sin iluminacion,Nublado,No,NO APLICA,99,99,99,99,1,06/07/2022,1
24,Maryland,240210,1,1,1,0,47,WORCESTER (47),0,NO APLICA,7,Julio,11,2022,22,44,OP-451,8,Otro,Urbano,Local,Other Local Agency,0,Sin jurisdiccion especial,0,38.34861944,-75.17932222,Peaton,El primer evento no fue una colision con un vehiculo automotor en transporte,Not an Intersection,No fue interseccion,Sobre calle,Ninguna,Oscuro sin iluminacion,Despejado,No,NO APLICA,99,99,99,99,1,11/07/2022,1
24,Maryland,240211,0,0,1,0,21,FREDERICK (21),0,NO APLICA,7,Julio,10,2022,6,58,SR-85,3,Highway estatal,Urbano,Arteria Menor,State Highway Agency,0,Sin jurisdiccion especial,0,39.262025,-77.46529167,Poste o otros soportes,El primer evento no fue una colision con un vehiculo automotor en transporte,Not an Intersection,No fue interseccion,Sobre el lado de la calle,Ninguna,Dia total,Despejado,No,NO APLICA,99,99,99,99,1,10/07/2022,1
24,Maryland,240212,1,1,1,0,5,BALTIMORE (5),0,NO APLICA,6,Junio,15,2022,13,58,CR-3043,4,Calle del Condado,Urbano,Colector Mayor,County Highway Agency,0,Sin jurisdiccion especial,6,39.25253056,-76.70234722,No vehiculo o remolque,El primer evento no fue una colision con un vehiculo automotor en transporte,Four-Way Intersection,Interseccion de 4 direcciones,Sobre calle,Ninguna,Dia total,Despejado,No,NO APLICA,99,99,99,99,1,15/06/2022,1
24,Maryland,240213,0,0,2,0,31,MONTGOMERY (31),0,NO APLICA,7,Julio,10,2022,19,44,SR-97,3,Highway estatal,Urbano,Arteria Principal,State Highway Agency,0,Sin jurisdiccion especial,59,39.07262222,-77.06503889,Vehiculo en movimiento,Angulo,Four-Way Intersection,Interseccion de 4 direcciones,Sobre calle,Ninguna,Dia total,Despejado,No,NO APLICA,99,99,99,99,2,10/07/2022,3
24,Maryland,240214,0,0,1,0,17,CHARLES (17),0,NO APLICA,7,Julio,2,2022,18,17,CR-133,4,Calle del Condado,Rural,Local,County Highway Agency,0,Sin jurisdiccion especial,22,38.52219444,-77.08373056,Poste o otros soportes,El primer evento no fue una colision con un vehiculo automotor en transporte,Not an Intersection,No fue interseccion,Sobre el lado de la calle,Ninguna,Dia total,Despejado,No,NO APLICA,99,99,99,99,1,02/07/2022,1