Estado,Nombre de Estado,Numero de Caso,Peatones,Personas _no_vehiculos,Vehiculos automotores,Vehiculos estacionados,Condado,Nombre Condado,Ciudad,Nombre Ciudad,Mes,Nombre Mes,Dia,Año,Hora,Minuto,Calle,Ruta,Nombre Ruta,Rural o Urbanoo,Sistema Funcional,Dueño Calle,Sistema Nacional Carreteras,Jurisdiccion Especial,Milla,Latitud,Longitud,Causa del Accidente,Tipo de Accidente,Tipo Interseccion,Columna1,Lugar en la calle,Zona de Trabajo,Luz,Clima,Autobus Escolar,Cruce de Trenes,Hora Notificacion,Minuto Notificacion,Hora Llegada,Minuto Llegada,Decesos,Fecha,PersonaVehiculo
24,Maryland,240215,0,0,1,0,3,ANNE ARUNDEL (3),0,NO APLICA,7,Julio,8,2022,9,3,SR-648E,3,Highway estatal,Urbano,Arteria Menor,State Highway Agency,0,Sin jurisdiccion especial,64,39.20493056,-76.64149444,Banqueta,El primer evento no fue una colision con un vehiculo automotor en transporte,Four-Way Intersection,Interseccion de 4 direcciones,Sobre el lado de la calle,Ninguna,Dia total,Despejado,No,NO APLICA,99,99,99,99,1,08/07/2022,1
24,Maryland,240216,1,1,2,0,510,BALTIMORE (CITY) (510),50,BALTIMORE,5,Mayo,26,2022,21,5,MU-6366,6,Calle Local Municipalidad,Urbano,Arteria Principal,City or Municipal Highway Agency,1,Sin jurisdiccion especial,14,39.30715,-76.67346111,Ciclista,El primer evento no fue una colision con un vehiculo automotor en transporte,Not an Intersection,No fue interseccion,Sobre calle,Ninguna,Oscuro con iluminacion,Nublado,No,NO APLICA,99,99,99,99,1,26/05/2022,2
24,Maryland,240217,0,0,2,0,510,BALTIMORE (CITY) (510),0,NO APLICA,5,Mayo,29,2022,13,11,I-95 RAMP,1,Interestatal,Urbano,Interestatal,State Highway Agency,1,Sin jurisdiccion especial,23,39.26933611,-76.63510278,Vehiculo en movimiento,Frente a Detrás,Not an Intersection,No fue interseccion,Sobre calle,Ninguna,Dia total,Despejado,No,NO APLICA,99,99,99,99,1,29/05/2022,2
24,Maryland,240218,1,1,1,0,5,BALTIMORE (5),0,NO APLICA,3,Marzo,10,2022,19,9,SR-700,3,Highway estatal,Urbano,Arteria Menor,State Highway Agency,0,Sin jurisdiccion especial,12,39.33582222,-76.456775,Peaton,El primer evento no fue una colision con un vehiculo automotor en transporte,Not an Intersection,No fue interseccion,Sobre calle,Ninguna,Oscuro sin iluminacion,Nublado,No,NO APLICA,99,99,99,99,1,10/03/2022,2
24,Maryland,240219,0,0,2,0,5,BALTIMORE (5),0,NO APLICA,5,Mayo,31,2022,3,34,I-695,1,Interestatal,Urbano,Arterial Principal -Freeway o ExpressWay,State Highway Agency,1,Sin jurisdiccion especial,87,39.25423611,-76.457525,Vehiculo en movimiento,Frente a frente,Not an Intersection,No fue interseccion,Sobre calle,Ninguna,Oscuro sin iluminacion,Despejado,No,NO APLICA,99,99,99,99,1,31/05/2022,2
24,Maryland,240220,0,0,2,0,47,WORCESTER (47),0,NO APLICA,6,Junio,28,2022,17,15,SR-12,3,Highway estatal,Urbano,Arteria Menor,State Highway Agency,0,Sin jurisdiccion especial,220,38.27798889,-75.52525556,Vehiculo en movimiento,Frente a frente,Not an Intersection,No fue interseccion,Sobre calle,Ninguna,Dia total,Despejado,No,NO APLICA,99,99,99,99,2,28/06/2022,2
24,Maryland,240221,0,0,2,0,9,CALVERT (9),0,NO APLICA,7,Julio,3,2022,21,41,SR-2,3,Highway estatal,Urbano,Arteria Principal,State Highway Agency,1,Sin jurisdiccion especial,96,38.44671667,-76.48144167,Vehiculo en movimiento,Frente a Detrás,Not an Intersection,No fue interseccion,Sobre calle,Ninguna,Oscuro sin iluminacion,Despejado,No,NO APLICA,99,99,99,99,1,03/07/2022,2
24,Maryland,240222,0,0,3,0,25,HARFORD (25),0,NO APLICA,6,Junio,30,2022,16,8,SR-23,3,Highway estatal,Urbano,Arteria Menor,State Highway Agency,0,Sin jurisdiccion especial,4,39.57449167,-76.42360833,Vehiculo en movimiento,Angulo,Four-Way Intersection,Interseccion de 4 direcciones,Sobre calle,Ninguna,Dia total,Despejado,No,NO APLICA,99,99,99,99,1,30/06/2022,5
24,Maryland,240223,1,1,1,0,33,PRINCE GEORGE`S (33),0,NO APLICA,7,Julio,5,2022,22,39,CR-1483,4,Calle del Condado,Urbano,Colector Mayor,County Highway Agency,0,Sin jurisdiccion especial,3,38.91877222,-76.86840833,Peaton,El primer evento no fue una colision con un vehiculo automotor en transporte,Not an Intersection,No fue interseccion,Sobre calle,Ninguna,Oscuro con iluminacion,Despejado,No,NO APLICA,99,99,99,99,1,05/07/2022,1
24,Maryland,240224,0,0,2,0,45,WICOMICO (45),0,NO APLICA,7,Julio,12,2022,4,16,US-50,2,US Highway,Urbano,Arteria Principal,State Highway Agency,1,Servicio de Parques Nacional,228,38.381325,-75.46405,Vehiculo en movimiento,Frente a Detrás,Not an Intersection,No fue interseccion,Sobre calle,Ninguna,Oscuro - iluminacion desconocida,Despejado,No,NO APLICA,99,99,99,99,2,12/07/2022,5
24,Maryland,240225,0,0,2,0,31,MONTGOMERY (31),0,NO APLICA,7,Julio,13,2022,13,50,SR-190,3,Highway estatal,Urbano,Arteria Menor,State Highway Agency,0,Sin jurisdiccion especial,46,39.04484167,-77.26138056,Vehiculo en movimiento,Angulo,T-Intersection,Interseccion de T,Sobre calle,Ninguna,Dia total,Despejado,No,NO APLICA,99,99,99,99,1,13/07/2022,2
24,Maryland,240226,0,0,2,0,31,MONTGOMERY (31),0,NO APLICA,7,Julio,14,2022,19,28,SR-200,3,Highway estatal,Urbano,Arterial Principal -Freeway o ExpressWay,State Highway Agency,1,Sin jurisdiccion especial,65,39.12636389,-77.10499722,Vehiculo en movimiento,Frente a Detrás,Not an Intersection,No fue interseccion,Sobre calle,Ninguna,Dia total,Despejado,No,NO APLICA,99,99,99,99,1,14/07/2022,2
24,Maryland,240227,1,1,1,0,21,FREDERICK (21),0,NO APLICA,7,Julio,13,2022,23,26,I-270,1,Interestatal,Urbano,Interestatal,State Highway Agency,1,Sin jurisdiccion especial,3,39.28843056,-77.33040278,Peaton,El primer evento no fue una colision con un vehiculo automotor en transporte,Not an Intersection,No fue interseccion,Sobre calle,Ninguna,Oscuro sin iluminacion,Despejado,No,NO APLICA,99,99,99,99,1,13/07/2022,1
24,Maryland,240228,0,0,2,0,43,WASHINGTON (43),0,NO APLICA,7,Julio,14,2022,22,3,CR-666,4,Calle del Condado,Urbano,Arteria Menor,County Highway Agency,0,Sin jurisdiccion especial,28,39.61004722,-77.70984444,Vehiculo en movimiento,Angulo,Not an Intersection,No fue interseccion,Sobre calle,Ninguna,Oscuro sin iluminacion,Despejado,No,NO APLICA,99,99,99,99,1,14/07/2022,3
24,Maryland,240229,0,0,2,0,27,HOWARD (27),0,NO APLICA,7,Julio,14,2022,10,48,I-95,1,Interestatal,Urbano,Interestatal,State Highway Agency,1,Sin jurisdiccion especial,83,39.20178889,-76.75826111,Vehiculo en movimiento,Golpe Lateral - misma direccion,Not an Intersection,No fue interseccion,Sobre calle,Ninguna,Dia total,Despejado,No,NO APLICA,99,99,99,99,1,14/07/2022,5
24,Maryland,240230,0,0,1,0,21,FREDERICK (21),0,NO APLICA,7,Julio,16,2022,2,45,I-70,1,Interestatal,Urbano,Interestatal,State Highway Agency,1,Sin jurisdiccion especial,240,39.381175,-77.27685,Volcadura,El primer evento no fue una colision con un vehiculo automotor en transporte,Not an Intersection,No fue interseccion,Sobre el lado de la calle,Ninguna,Oscuro - iluminacion desconocida,Despejado,No,NO APLICA,99,99,99,99,1,16/07/2022,1
24,Maryland,240231,0,0,1,0,33,PRINCE GEORGE`S (33),0,NO APLICA,7,Julio,17,2022,17,47,CR-2578,4,Calle del Condado,Urbano,Colector Mayor,County Highway Agency,0,Sin jurisdiccion especial,1,38.88568056,-76.81233889,Banqueta,El primer evento no fue una colision con un vehiculo automotor en transporte,Not an Intersection,No fue interseccion,Sobre el lado de la calle,Ninguna,Dia total,Nublado,No,NO APLICA,99,99,99,99,1,17/07/2022,5
24,Maryland,240232,1,1,1,0,33,PRINCE GEORGE`S (33),0,NO APLICA,6,Junio,17,2022,10,0,CR-3074,4,Calle del Condado,Urbano,Arteria Menor,County Highway Agency,0,Sin jurisdiccion especial,19,38.85851944,-76.90711667,Peaton,El primer evento no fue una colision con un vehiculo automotor en transporte,Not Reported,No reportado,Sobre calle,Ninguna,Dia total,Despejado,No,NO APLICA,99,99,99,99,1,17/06/2022,2
24,Maryland,240233,0,0,2,0,33,PRINCE GEORGE`S (33),0,NO APLICA,7,Julio,7,2022,1,31,CR-2833,4,Calle del Condado,Urbano,Colector Mayor,County Highway Agency,0,Sin jurisdiccion especial,5,38.84181111,-76.90903056,Vehiculo en movimiento,Frente a frente,Not an Intersection,No fue interseccion,Sobre calle,Ninguna,Oscuro con iluminacion,Despejado,No,NO APLICA,99,99,99,99,1,07/07/2022,2
24,Maryland,240234,1,1,1,0,33,PRINCE GEORGE`S (33),0,NO APLICA,3,Marzo,15,2022,20,36,CR-85,4,Calle del Condado,Urbano,Local,County Highway Agency,0,Sin jurisdiccion especial,5,38.84439167,-76.89196111,Peaton,El primer evento no fue una colision con un vehiculo automotor en transporte,Not an Intersection,No fue interseccion,Sobre calle,Ninguna,Oscuro con iluminacion,No reportado,No,NO APLICA,99,99,99,99,1,15/03/2022,1
24,Maryland,240235,0,0,2,0,37,ST. MARY`S (37),0,NO APLICA,7,Julio,9,2022,3,35,CR-334,4,Calle del Condado,Urbano,Arteria Menor,County Highway Agency,0,Sin jurisdiccion especial,11,38.24756111,-76.454425,Vehiculo en movimiento,Frente a Detrás,Not an Intersection,No fue interseccion,Sobre calle,Ninguna,Oscuro sin iluminacion,lluvia,No,NO APLICA,99,99,99,99,1,09/07/2022,2
24,Maryland,240236,0,0,5,4,33,PRINCE GEORGE`S (33),0,NO APLICA,7,Julio,15,2022,22,35,SR-4,3,Highway estatal,Urbano,Arteria Principal,State Highway Agency,1,Sin jurisdiccion especial,126,38.85898056,-76.91642778,Barda,El primer evento no fue una colision con un vehiculo automotor en transporte,Not an Intersection,No fue interseccion,Fuera de la calle,Ninguna,Oscuro con iluminacion,Despejado,No,NO APLICA,99,99,99,99,1,15/07/2022,2
24,Maryland,240237,0,0,2,0,33,PRINCE GEORGE`S (33),0,NO APLICA,7,Julio,15,2022,13,46,SR-214,3,Highway estatal,Urbano,Arteria Principal,State Highway Agency,1,Sin jurisdiccion especial,5,38.88765,-76.905,Vehiculo en movimiento,Angulo,Four-Way Intersection,Interseccion de 4 direcciones,Sobre calle,Ninguna,Dia total,Despejado,No,NO APLICA,99,98,99,98,1,15/07/2022,2
24,Maryland,240238,0,0,4,0,31,MONTGOMERY (31),0,NO APLICA,7,Julio,24,2022,20,52,SR-650,3,Highway estatal,Urbano,Arteria Principal,State Highway Agency,1,Sin jurisdiccion especial,49,39.03903056,-76.9904,Banqueta,El primer evento no fue una colision con un vehiculo automotor en transporte,Not an Intersection,No fue interseccion,En el medio,Ninguna,Oscuro con iluminacion,Despejado,No,NO APLICA,99,99,99,99,1,24/07/2022,4
24,Maryland,240240,0,0,1,0,17,CHARLES (17),0,NO APLICA,7,Julio,8,2022,2,18,CR-164,4,Calle del Condado,Rural,Colector Menor,County Highway Agency,0,Sin jurisdiccion especial,32,38.38545556,-77.21439444,Arbol,El primer evento no fue una colision con un vehiculo automotor en transporte,Not an Intersection,No fue interseccion,Sobre el lado de la calle,Ninguna,Oscuro sin iluminacion,Despejado,No,NO APLICA,99,99,99,99,1,08/07/2022,3
24,Maryland,240241,0,0,2,0,13,CARROLL (13),0,NO APLICA,7,Julio,27,2022,7,21,SR-30,3,Highway estatal,Urbano,Arteria Principal,State Highway Agency,1,Sin jurisdiccion especial,5,39.58620278,-76.85221389,Vehiculo en movimiento,Frente a frente,Not an Intersection,No fue interseccion,Sobre calle,Ninguna,Dia total,Despejado,No,NO APLICA,99,99,99,99,1,27/07/2022,2
24,Maryland,240242,0,0,1,0,33,PRINCE GEORGE`S (33),450,DISTRICT HTS,7,Julio,26,2022,8,27,MU-32,6,Calle Local Municipalidad,Urbano,Colector Menor,City or Municipal Highway Agency,0,Sin jurisdiccion especial,3,38.85699167,-76.89862222,Banqueta,El primer evento no fue una colision con un vehiculo automotor en transporte,T-Intersection,Interseccion de T,Sobre el lado de la calle,Ninguna,Dia total,Nublado,No,NO APLICA,99,99,99,99,1,26/07/2022,1
24,Maryland,240243,0,0,2,0,31,MONTGOMERY (31),0,NO APLICA,7,Julio,25,2022,10,8,SR-28,3,Highway estatal,Urbano,Arteria Principal,State Highway Agency,0,Sin jurisdiccion especial,250,39.09521667,-77.11260833,Vehiculo en movimiento,Frente a frente,T-Intersection,Interseccion de T,Sobre calle,Ninguna,Dia total,Despejado,No,NO APLICA,99,99,99,99,1,25/07/2022,2
24,Maryland,240244,0,0,1,0,33,PRINCE GEORGE`S (33),0,NO APLICA,7,Julio,23,2022,0,27,I-595,1,Interestatal,Urbano,Interestatal,State Highway Agency,1,Sin jurisdiccion especial,8,38.94466111,-76.87059167,Valla Ferrocarril,El primer evento no fue una colision con un vehiculo automotor en transporte,Not an Intersection,No fue interseccion,Sobre el lado de la calle,Ninguna,Oscuro con iluminacion,Despejado,No,NO APLICA,99,99,99,99,1,23/07/2022,2
24,Maryland,240245,0,0,2,0,17,CHARLES (17),0,NO APLICA,7,Julio,16,2022,17,13,CR-57,4,Calle del Condado,Urbano,Colector Mayor,County Highway Agency,0,Sin jurisdiccion especial,5,38.643175,-76.90009167,Vehiculo en movimiento,Angulo,Four-Way Intersection,Interseccion de 4 direcciones,Sobre calle,Ninguna,Dia total,Nublado,No,NO APLICA,99,99,99,99,1,16/07/2022,3
24,Maryland,240246,0,0,1,0,33,PRINCE GEORGE`S (33),0,NO APLICA,7,Julio,27,2022,22,54,CR-72,4,Calle del Condado,Urbano,Arteria Principal,County Highway Agency,0,Sin jurisdiccion especial,4,38.95096667,-76.716925,Poste,El primer evento no fue una colision con un vehiculo automotor en transporte,Not an Intersection,No fue interseccion,Sobre el lado de la calle,Ninguna,Oscuro sin iluminacion,Despejado,No,NO APLICA,99,99,99,99,1,27/07/2022,1
24,Maryland,240247,0,0,2,0,5,BALTIMORE (5),0,NO APLICA,5,Mayo,18,2022,18,14,SR-45,3,Highway estatal,Rural,Colector Mayor,State Highway Agency,0,Sin jurisdiccion especial,188,39.62681944,-76.659425,Vehiculo en movimiento,Frente a frente,Not an Intersection,No fue interseccion,Sobre calle,Ninguna,Dia total,Despejado,No,NO APLICA,99,99,99,99,1,18/05/2022,2
24,Maryland,240248,0,0,1,0,27,HOWARD (27),0,NO APLICA,7,Julio,24,2022,2,8,CR-1161,4,Calle del Condado,Urbano,Arteria Menor,County Highway Agency,0,Sin jurisdiccion especial,27,39.184225,-76.85005833,Arbol,El primer evento no fue una colision con un vehiculo automotor en transporte,Not an Intersection,No fue interseccion,Sobre el lado de la calle,Ninguna,Oscuro con iluminacion,Despejado,No,NO APLICA,99,99,99,99,1,24/07/2022,2
24,Maryland,240249,0,0,1,0,1,ALLEGANY (1),0,NO APLICA,7,Julio,29,2022,14,10,SR-51,3,Highway estatal,Urbano,Colector Mayor,State Highway Agency,0,Sin jurisdiccion especial,84,39.56752778,-78.7084,Zanja,El primer evento no fue una colision con un vehiculo automotor en transporte,Not an Intersection,No fue interseccion,Sobre el lado de la calle,Ninguna,Dia total,Nublado,No,NO APLICA,99,99,99,99,1,29/07/2022,1
24,Maryland,240250,0,0,2,0,35,QUEEN ANNE`S (35),0,NO APLICA,8,Agosto,3,2022,10,38,SR-213,3,Highway estatal,Urbano,Arteria Menor,State Highway Agency,0,Sin jurisdiccion especial,31,38.98203889,-76.07097222,Vehiculo en movimiento,Golpe Lateral - direccion contraria,Not an Intersection,No fue interseccion,Sobre calle,Ninguna,Dia total,Despejado,No,NO APLICA,99,99,99,99,1,03/08/2022,4
24,Maryland,240251,0,0,1,0,41,TALBOT (41),0,NO APLICA,8,Agosto,3,2022,0,32,SR-331,3,Highway estatal,Urbano,Arteria Menor,County Highway Agency,0,Sin jurisdiccion especial,32,38.77180833,-76.03959167,Poste o otros soportes,El primer evento no fue una colision con un vehiculo automotor en transporte,Not an Intersection,No fue interseccion,Sobre el lado de la calle,Ninguna,Oscuro sin iluminacion,Despejado,No,NO APLICA,99,99,99,99,1,03/08/2022,1
24,Maryland,240252,0,0,2,0,510,BALTIMORE (CITY) (510),50,BALTIMORE,7,Julio,26,2022,23,5,MU-1023,6,Calle Local Municipalidad,Urbano,Arteria Menor,City or Municipal Highway Agency,0,Sin jurisdiccion especial,13,39.31554444,-76.65969167,Vehiculo en movimiento,Angulo,Four-Way Intersection,Interseccion de 4 direcciones,Sobre calle,Ninguna,Oscuro con iluminacion,Despejado,No,NO APLICA,99,99,99,99,1,26/07/2022,2
24,Maryland,240253,0,1,2,1,25,HARFORD (25),0,NO APLICA,8,Agosto,6,2022,6,48,I-95 RAMP,1,Interestatal,Urbano,Interestatal,State Highway Agency,1,Sin jurisdiccion especial,169,39.57500833,-76.13293056,Vehiculo Aparcado,El primer evento no fue una colision con un vehiculo automotor en transporte,Not an Intersection,No fue interseccion,Gore?,Ninguna,Dia total,Despejado,No,NO APLICA,99,99,99,99,1,06/08/2022,1
24,Maryland,240254,0,0,2,0,17,CHARLES (17),0,NO APLICA,8,Agosto,10,2022,23,39,US-301,2,US Highway,Urbano,Arteria Principal,State Highway Agency,1,Sin jurisdiccion especial,176,38.56895,-76.98065556,Vehiculo en movimiento,Angulo,Four-Way Intersection,Interseccion de 4 direcciones,Sobre calle,Ninguna,Oscuro con iluminacion,Nublado,No,NO APLICA,99,99,99,99,1,10/08/2022,2
24,Maryland,240255,0,0,2,0,21,FREDERICK (21),0,NO APLICA,8,Agosto,7,2022,8,59,I-270,1,Interestatal,Urbano,Interestatal,State Highway Agency,1,Sin jurisdiccion especial,12,39.30356667,-77.33961944,Vehiculo en movimiento,Golpe Lateral - misma direccion,Not an Intersection,No fue interseccion,Sobre calle,Ninguna,Dia total,Despejado,No,NO APLICA,99,99,99,99,1,07/08/2022,2
24,Maryland,240256,0,0,2,0,43,WASHINGTON (43),0,NO APLICA,8,Agosto,4,2022,10,47,SR-58,3,Highway estatal,Urbano,Colector Mayor,State Highway Agency,0,Sin jurisdiccion especial,9,39.6916,-77.76855,Vehiculo en movimiento,Frente a frente,Not an Intersection,No fue interseccion,Sobre calle,Ninguna,Dia total,Despejado,No,NO APLICA,99,99,99,99,1,04/08/2022,2
24,Maryland,240257,1,1,1,0,21,FREDERICK (21),0,NO APLICA,8,Agosto,6,2022,2,34,I-70,1,Interestatal,Urbano,Interestatal,State Highway Agency,1,Sin jurisdiccion especial,232,39.38206111,-77.26386389,Peaton,El primer evento no fue una colision con un vehiculo automotor en transporte,Not an Intersection,No fue interseccion,Sobre Acotamiento,Ninguna,Oscuro sin iluminacion,Despejado,No,NO APLICA,99,99,99,99,1,06/08/2022,1
24,Maryland,240258,0,0,1,0,43,WASHINGTON (43),0,NO APLICA,8,Agosto,2,2022,13,23,SR-632,3,Highway estatal,Urbano,Colector Mayor,State Highway Agency,0,Sin jurisdiccion especial,37,39.59290833,-77.76777778,Poste de Señal de trafico,El primer evento no fue una colision con un vehiculo automotor en transporte,Not an Intersection,No fue interseccion,Sobre el lado de la calle,Ninguna,Dia total,Despejado,No,NO APLICA,99,99,99,99,1,02/08/2022,1
24,Maryland,240259,0,0,2,0,3,ANNE ARUNDEL (3),0,NO APLICA,8,Agosto,9,2022,20,25,SR-170,3,Highway estatal,Urbano,Arteria Principal,State Highway Agency,0,Sin jurisdiccion especial,48,39.15271389,-76.69161944,Vehiculo en movimiento,Angulo,T-Intersection,Interseccion de T,Sobre calle,Ninguna,Oscuro con iluminacion,Despejado,No,NO APLICA,99,99,99,99,1,09/08/2022,2
24,Maryland,240260,1,1,1,0,33,PRINCE GEORGE`S (33),0,NO APLICA,8,Agosto,11,2022,23,9,SR-197,3,Highway estatal,Urbano,Arteria Principal,State Highway Agency,1,Sin jurisdiccion especial,0,38.95176111,-76.74223056,Peaton,El primer evento no fue una colision con un vehiculo automotor en transporte,Not Reported,No reportado,Sobre Acotamiento,Ninguna,Oscuro con iluminacion,Despejado,No,NO APLICA,99,99,99,99,1,11/08/2022,1
24,Maryland,240261,0,1,3,1,5,BALTIMORE (5),0,NO APLICA,8,Agosto,15,2022,0,43,I-95,1,Interestatal,Urbano,Arteria Principal,State Highway Agency,1,Sin jurisdiccion especial,28,39.23990833,-76.69718056,Vehiculo en movimiento,Angulo,Not an Intersection,No fue interseccion,Sobre calle,Ninguna,Oscuro sin iluminacion,Nublado,No,NO APLICA,99,99,99,99,1,15/08/2022,2
24,Maryland,240262,0,0,1,0,33,PRINCE GEORGE`S (33),0,NO APLICA,8,Agosto,14,2022,17,42,SR-223,3,Highway estatal,Urbano,Arteria Menor,State Highway Agency,0,Sin jurisdiccion especial,58,38.76153056,-76.91445,Banqueta,El primer evento no fue una colision con un vehiculo automotor en transporte,Not an Intersection,No fue interseccion,Sobre el lado de la calle,Ninguna,Dia total,Nublado,No,NO APLICA,99,99,99,99,1,14/08/2022,2
24,Maryland,240263,0,0,1,0,5,BALTIMORE (5),0,NO APLICA,5,Mayo,11,2022,21,21,SR-147,3,Highway estatal,Urbano,Colector Mayor,State Highway Agency,0,Sin jurisdiccion especial,42,39.41914722,-76.50681111,Valla Ferrocarril,El primer evento no fue una colision con un vehiculo automotor en transporte,Not an Intersection,No fue interseccion,Sobre el lado de la calle,Ninguna,Oscuro con iluminacion,Despejado,No,NO APLICA,99,99,99,99,1,11/05/2022,1
24,Maryland,240264,1,1,1,0,37,ST. MARY`S (37),0,NO APLICA,7,Julio,29,2022,15,18,SR-5,3,Highway estatal,Urbano,Arteria Menor,State Highway Agency,0,Sin jurisdiccion especial,261,38.29148056,-76.62658889,Peaton,El primer evento no fue una colision con un vehiculo automotor en transporte,T-Intersection,Interseccion de T,Sobre calle,Ninguna,Dia total,lluvia,No,NO APLICA,99,99,99,99,1,29/07/2022,2
24,Maryland,240265,1,1,1,0,27,HOWARD (27),0,NO APLICA,7,Julio,28,2022,5,51,CR-1140,4,Calle del Condado,Urbano,Arteria Menor,County Highway Agency,0,Sin jurisdiccion especial,12,39.17817222,-76.82988889,No vehiculo o remolque,El primer evento no fue una colision con un vehiculo automotor en transporte,Not an Intersection,No fue interseccion,Sobre calle,Ninguna,Oscuro sin iluminacion,Despejado,No,NO APLICA,99,99,99,99,1,28/07/2022,1
24,Maryland,240266,0,0,1,0,5,BALTIMORE (5),0,NO APLICA,3,Marzo,4,2022,2,47,CR-5560,4,Calle del Condado,Urbano,Arteria Menor,County Highway Agency,0,Sin jurisdiccion especial,24,39.25634167,-76.46146111,Banqueta,El primer evento no fue una colision con un vehiculo automotor en transporte,Y-Intersection,Interseccion de Y,Sobre el lado de la calle,Ninguna,Oscuro con iluminacion,Despejado,No,NO APLICA,99,99,99,99,1,04/03/2022,1
24,Maryland,240267,0,0,2,0,15,CECIL (15),0,NO APLICA,8,Agosto,13,2022,21,43,SR-275,3,Highway estatal,Urbano,Arteria Menor,State Highway Agency,0,Sin jurisdiccion especial,7,39.60812778,-76.06838611,Vehiculo en movimiento,Frente a frente,Not an Intersection,No fue interseccion,Sobre calle,Ninguna,Oscuro sin iluminacion,Despejado,No,NO APLICA,99,99,99,99,1,13/08/2022,3
24,Maryland,240268,0,0,1,0,3,ANNE ARUNDEL (3),0,NO APLICA,8,Agosto,14,2022,12,6,SR-170,3,Highway estatal,Urbano,Arteria Principal,State Highway Agency,0,Sin jurisdiccion especial,52,39.15867222,-76.69479167,Banqueta,El primer evento no fue una colision con un vehiculo automotor en transporte,Four-Way Intersection,Interseccion de 4 direcciones,Gore?,Ninguna,Dia total,No reportado,No,NO APLICA,99,99,99,99,1,14/08/2022,1
24,Maryland,240269,0,0,2,0,510,BALTIMORE (CITY) (510),50,BALTIMORE,4,Abril,23,2022,2,20,MU-1022,6,Calle Local Municipalidad,Urbano,Arteria Principal,City or Municipal Highway Agency,0,Sin jurisdiccion especial,19,39.35251111,-76.68450833,Vehiculo en movimiento,Frente a Detrás,Four-Way Intersection,Interseccion de 4 direcciones,Sobre calle,Ninguna,Oscuro con iluminacion,Nublado,No,NO APLICA,99,99,99,99,1,23/04/2022,2
24,Maryland,240270,0,0,2,0,5,BALTIMORE (5),0,NO APLICA,2,Febrero,19,2022,13,5,CR-2250,4,Calle del Condado,Urbano,Arteria Menor,State Highway Agency,0,Sin jurisdiccion especial,24,39.38636667,-76.7875,Objeto aventado o caido,El primer evento no fue una colision con un vehiculo automotor en transporte,Not an Intersection,No fue interseccion,Sobre calle,Ninguna,Dia total,Vientos cruzados pero de los mamalones,No,NO APLICA,99,99,99,99,1,19/02/2022,4
24,Maryland,240271,0,0,2,0,31,MONTGOMERY (31),0,NO APLICA,8,Agosto,14,2022,16,14,SR-927A,3,Highway estatal,Urbano,Arteria Principal,State Highway Agency,0,Sin jurisdiccion especial,12,39.05279722,-77.11556111,Vehiculo en movimiento,Angulo,Four-Way Intersection,Interseccion de 4 direcciones,Sobre calle,Ninguna,Dia total,Nublado,No,NO APLICA,99,99,99,99,1,14/08/2022,2
24,Maryland,240272,0,0,2,0,11,CAROLINE (11),0,NO APLICA,8,Agosto,19,2022,14,22,SR-404,3,Highway estatal,Urbano,Arteria Principal,State Highway Agency,0,Sin jurisdiccion especial,157,38.81348056,-75.74631111,Vehiculo en movimiento,Angulo,Four-Way Intersection,Interseccion de 4 direcciones,Sobre calle,Ninguna,Dia total,Despejado,No,NO APLICA,99,99,99,99,1,19/08/2022,3
24,Maryland,240273,0,0,1,0,19,DORCHESTER (19),0,NO APLICA,8,Agosto,20,2022,22,29,SR-392,3,Highway estatal,Urbano,Arteria Menor,State Highway Agency,0,Sin jurisdiccion especial,75,38.63047778,-75.81319722,Zanja,El primer evento no fue una colision con un vehiculo automotor en transporte,Not an Intersection,No fue interseccion,Sobre el lado de la calle,Ninguna,Oscuro - iluminacion desconocida,No reportado,No,NO APLICA,99,99,99,99,1,20/08/2022,1
24,Maryland,240274,1,1,1,0,3,ANNE ARUNDEL (3),0,NO APLICA,8,Agosto,19,2022,18,20,SR-10,3,Highway estatal,Urbano,Arterial Principal -Freeway o ExpressWay,State Highway Agency,1,Sin jurisdiccion especial,50,39.17756667,-76.60575833,Ciclista,El primer evento no fue una colision con un vehiculo automotor en transporte,Not an Intersection,No fue interseccion,Sobre calle,Ninguna,Dia total,Despejado,No,NO APLICA,99,99,99,99,1,19/08/2022,1
24,Maryland,240275,1,1,1,0,33,PRINCE GEORGE`S (33),0,NO APLICA,8,Agosto,20,2022,21,46,CR-165,4,Calle del Condado,Urbano,Colector Mayor,County Highway Agency,0,Sin jurisdiccion especial,8,38.80569167,-76.97379167,Peaton,El primer evento no fue una colision con un vehiculo automotor en transporte,Not an Intersection,No fue interseccion,Sobre calle,Ninguna,Oscuro sin iluminacion,Despejado,No,NO APLICA,99,99,99,99,1,20/08/2022,2
24,Maryland,240276,0,0,2,0,35,QUEEN ANNE`S (35),0,NO APLICA,8,Agosto,20,2022,17,1,SR-18A,3,Highway estatal,Urbano,Colector Menor,State Highway Agency,0,Sin jurisdiccion especial,16,38.98456944,-76.31089444,Vehiculo en movimiento,Frente a frente,Y-Intersection,Interseccion de Y,Sobre calle,Ninguna,Dia total,Despejado,No,NO APLICA,99,99,99,99,1,20/08/2022,3
24,Maryland,240277,0,0,2,0,15,CECIL (15),0,NO APLICA,8,Agosto,20,2022,18,20,SR-273,3,Highway estatal,Urbano,Arteria Menor,State Highway Agency,0,Sin jurisdiccion especial,162,39.69613611,-75.79582222,Vehiculo en movimiento,Angulo,T-Intersection,Interseccion de T,Sobre calle,Ninguna,Dia total,Despejado,No,NO APLICA,99,99,99,99,1,20/08/2022,3
24,Maryland,240278,0,0,2,0,5,BALTIMORE (5),0,NO APLICA,2,Febrero,9,2022,6,57,US-1,2,US Highway,Urbano,Arteria Principal,State Highway Agency,1,Sin jurisdiccion especial,201,39.41270556,-76.57788611,Vehiculo en movimiento,Angulo,Four-Way Intersection,Interseccion de 4 direcciones,Sobre calle,Ninguna,Amanecer,Despejado,No,NO APLICA,99,99,99,99,1,09/02/2022,2