Estado,Nombre de Estado,Numero de Caso,Peatones,Personas _no_vehiculos,Vehiculos automotores,Vehiculos estacionados,Condado,Nombre Condado,Ciudad,Nombre Ciudad,Mes,Nombre Mes,Dia,Año,Hora,Minuto,Calle,Ruta,Nombre Ruta,Rural o Urbanoo,Sistema Funcional,Dueño Calle,Sistema Nacional Carreteras,Jurisdiccion Especial,Milla,Latitud,Longitud,Causa del Accidente,Tipo de Accidente,Tipo Interseccion,Columna1,Lugar en la calle,Zona de Trabajo,Luz,Clima,Autobus Escolar,Cruce de Trenes,Hora Notificacion,Minuto Notificacion,Hora Llegada,Minuto Llegada,Decesos,Fecha,PersonaVehiculo
24,Maryland,240279,0,0,2,0,27,HOWARD (27),0,NO APLICA,8,Agosto,15,2022,14,15,CR-86,4,Calle del Condado,Urbano,Colector Menor,County Highway Agency,0,Sin jurisdiccion especial,17,39.15275556,-76.95569444,Vehiculo en movimiento,Frente a frente,Not an Intersection,No fue interseccion,Sobre calle,Ninguna,Dia total,Despejado,No,NO APLICA,99,99,99,99,1,15/08/2022,2
24,Maryland,240280,0,0,1,0,17,CHARLES (17),0,NO APLICA,8,Agosto,24,2022,1,43,SR-224,3,Highway estatal,Rural,Local,State Highway Agency,0,Sin jurisdiccion especial,121,38.49038889,-77.25563889,Zanja,El primer evento no fue una colision con un vehiculo automotor en transporte,Not an Intersection,No fue interseccion,Sobre el lado de la calle,Ninguna,Oscuro con iluminacion,Despejado,No,NO APLICA,99,99,99,99,1,24/08/2022,1
24,Maryland,240281,1,1,4,0,45,WICOMICO (45),0,NO APLICA,8,Agosto,16,2022,4,6,US-13,2,US Highway,Urbano,Arteria Principal,State Highway Agency,1,Sin jurisdiccion especial,132,38.42031389,-75.56405278,No vehiculo o remolque,El primer evento no fue una colision con un vehiculo automotor en transporte,Four-Way Intersection,Interseccion de 4 direcciones,Sobre calle,Ninguna,Oscuro sin iluminacion,Despejado,No,NO APLICA,99,99,99,99,1,16/08/2022,6
24,Maryland,240282,0,0,1,0,21,FREDERICK (21),0,NO APLICA,8,Agosto,9,2022,4,25,CR-292,4,Calle del Condado,Urbano,Colector Mayor,County Highway Agency,0,Sin jurisdiccion especial,16,39.36944722,-77.49553889,Culvert,El primer evento no fue una colision con un vehiculo automotor en transporte,Not an Intersection,No fue interseccion,Sobre el lado de la calle,Ninguna,Oscuro sin iluminacion,Despejado,No,NO APLICA,99,99,99,99,1,09/08/2022,1
24,Maryland,240283,0,1,3,2,510,BALTIMORE (CITY) (510),50,BALTIMORE,3,Marzo,24,2022,17,55,MU-2950,6,Calle Local Municipalidad,Urbano,Arteria Principal,City or Municipal Highway Agency,1,Sin jurisdiccion especial,0,39.31113889,-76.61315556,Vehiculo Aparcado,El primer evento no fue una colision con un vehiculo automotor en transporte,Not an Intersection,No fue interseccion,Sobre el lado de la calle,Ninguna,Dia total,Nublado,No,NO APLICA,99,99,99,99,1,24/03/2022,1
24,Maryland,240284,1,1,1,0,3,ANNE ARUNDEL (3),0,NO APLICA,8,Agosto,25,2022,20,48,SR-2,3,Highway estatal,Urbano,Arteria Principal,State Highway Agency,1,Sin jurisdiccion especial,251,39.02904444,-76.50403611,Peaton,El primer evento no fue una colision con un vehiculo automotor en transporte,Four-Way Intersection,Interseccion de 4 direcciones,Sobre calle,Ninguna,Oscuro con iluminacion,Despejado,No,NO APLICA,99,99,99,99,1,25/08/2022,1
24,Maryland,240285,2,2,1,0,3,ANNE ARUNDEL (3),0,NO APLICA,8,Agosto,24,2022,18,38,CR-698,4,Calle del Condado,Urbano,Colector Mayor,County Highway Agency,0,Sin jurisdiccion especial,4,38.98840556,-76.53071667,Peaton,El primer evento no fue una colision con un vehiculo automotor en transporte,Four-Way Intersection,Interseccion de 4 direcciones,Sobre el lado de la calle,Ninguna,Dia total,No reportado,No,NO APLICA,99,99,99,99,1,24/08/2022,3
24,Maryland,240286,0,0,2,0,33,PRINCE GEORGE`S (33),0,NO APLICA,8,Agosto,24,2022,4,22,CR-132,4,Calle del Condado,Urbano,Colector Mayor,County Highway Agency,0,Sin jurisdiccion especial,12,38.75143889,-76.83241944,Vehiculo en movimiento,Reportado como desconocido,Not an Intersection,No fue interseccion,Sobre calle,Ninguna,Oscuro con iluminacion,Despejado,No,NO APLICA,99,99,99,99,1,24/08/2022,2
24,Maryland,240287,1,1,1,0,31,MONTGOMERY (31),0,NO APLICA,8,Agosto,25,2022,16,5,SR-190,3,Highway estatal,Urbano,Arteria Principal,State Highway Agency,0,Sin jurisdiccion especial,149,38.96556111,-77.104775,Ciclista,El primer evento no fue una colision con un vehiculo automotor en transporte,Not an Intersection,No fue interseccion,Sobre calle,Ninguna,Dia total,Despejado,No,NO APLICA,99,99,99,99,1,25/08/2022,1
24,Maryland,240288,0,0,2,0,43,WASHINGTON (43),0,NO APLICA,8,Agosto,25,2022,20,49,I-81,1,Interestatal,Urbano,Interestatal,State Highway Agency,1,Sin jurisdiccion especial,69,39.6523,-77.75040833,Acotamiento,El primer evento no fue una colision con un vehiculo automotor en transporte,Not an Intersection,No fue interseccion,Gore?,Ninguna,Oscuro con iluminacion,Despejado,No,NO APLICA,99,99,99,99,3,25/08/2022,4
24,Maryland,240289,0,0,2,0,15,CECIL (15),0,NO APLICA,8,Agosto,24,2022,17,40,SR-545,3,Highway estatal,Urbano,Colector Mayor,State Highway Agency,0,Sin jurisdiccion especial,4,39.65276111,-75.88028889,Vehiculo en movimiento,Angulo,Four-Way Intersection,Interseccion de 4 direcciones,Sobre calle,Ninguna,Dia total,Despejado,No,NO APLICA,99,99,99,99,1,24/08/2022,3
24,Maryland,240290,0,0,2,0,33,PRINCE GEORGE`S (33),0,NO APLICA,8,Agosto,27,2022,15,45,SR-202,3,Highway estatal,Urbano,Arteria Principal,State Highway Agency,0,Sin jurisdiccion especial,70,38.8912,-76.82511944,Vehiculo en movimiento,Angulo,Not an Intersection,No fue interseccion,Sobre calle,Ninguna,Dia total,Despejado,No,NO APLICA,99,99,99,99,1,27/08/2022,2
24,Maryland,240291,0,0,2,0,3,ANNE ARUNDEL (3),0,NO APLICA,8,Agosto,27,2022,21,48,SR-4,3,Highway estatal,Urbano,Arteria Principal,State Highway Agency,1,Servicio de Parques Nacional,14,38.78415833,-76.66468333,Vehiculo en movimiento,Golpe Lateral - misma direccion,Four-Way Intersection,Interseccion de 4 direcciones,Sobre calle,Ninguna,Oscuro sin iluminacion,Despejado,No,NO APLICA,99,99,99,99,1,27/08/2022,2
24,Maryland,240292,0,0,1,0,31,MONTGOMERY (31),630,GAITHERSBURG,8,Agosto,29,2022,14,48,MU-465,6,Calle Local Municipalidad,Urbano,Colector Menor,"State Park, Forest, or Reservation Agency",0,Sin jurisdiccion especial,4,39.12747778,-77.22853333,Banqueta,El primer evento no fue una colision con un vehiculo automotor en transporte,Not an Intersection,No fue interseccion,En el medio,Ninguna,Dia total,Despejado,No,NO APLICA,99,99,99,99,1,29/08/2022,1
24,Maryland,240293,0,0,1,0,33,PRINCE GEORGE`S (33),0,NO APLICA,8,Agosto,28,2022,5,31,I-95,1,Interestatal,Urbano,Interestatal,State Highway Agency,1,Sin jurisdiccion especial,43,38.81818889,-76.94125556,Arbol,El primer evento no fue una colision con un vehiculo automotor en transporte,Not an Intersection,No fue interseccion,Sobre el lado de la calle,Ninguna,Oscuro sin iluminacion,Nublado,No,NO APLICA,99,99,99,99,1,28/08/2022,1
24,Maryland,240294,0,0,1,0,33,PRINCE GEORGE`S (33),0,NO APLICA,8,Agosto,31,2022,23,19,I-95,1,Interestatal,Urbano,Interestatal,State Highway Agency,1,Sin jurisdiccion especial,148,38.88957778,-76.84596667,Volcadura,El primer evento no fue una colision con un vehiculo automotor en transporte,Not an Intersection,No fue interseccion,Sobre el lado de la calle,Ninguna,Oscuro con iluminacion,Despejado,No,NO APLICA,99,99,99,99,1,31/08/2022,1
24,Maryland,240295,0,0,2,0,5,BALTIMORE (5),0,NO APLICA,5,Mayo,2,2022,22,10,US-40,2,US Highway,Urbano,Arteria Principal,State Highway Agency,1,Sin jurisdiccion especial,19,39.28404444,-76.74771944,Vehiculo en movimiento,Angulo,Four-Way Intersection,Interseccion de 4 direcciones,Sobre calle,Ninguna,Oscuro con iluminacion,Despejado,No,NO APLICA,99,99,99,99,1,02/05/2022,3
24,Maryland,240296,0,0,1,0,9,CALVERT (9),0,NO APLICA,8,Agosto,13,2022,23,38,SR-2,3,Highway estatal,Urbano,Arteria Principal,State Highway Agency,1,Sin jurisdiccion especial,5,38.3384,-76.4668,Valla Ferrocarril,El primer evento no fue una colision con un vehiculo automotor en transporte,Not an Intersection,No fue interseccion,Sobre el lado de la calle,Ninguna,Oscuro sin iluminacion,Despejado,No,NO APLICA,99,99,99,99,1,13/08/2022,1
24,Maryland,240297,1,1,1,0,47,WORCESTER (47),0,NO APLICA,8,Agosto,26,2022,23,56,SR-528,3,Highway estatal,Urbano,Arteria Principal,State Highway Agency,1,Sin jurisdiccion especial,49,38.38256667,-75.06711111,Peaton,El primer evento no fue una colision con un vehiculo automotor en transporte,Four-Way Intersection,Interseccion de 4 direcciones,Sobre calle,Ninguna,Oscuro con iluminacion,Despejado,No,NO APLICA,99,99,99,99,1,26/08/2022,3
24,Maryland,240298,1,1,1,0,33,PRINCE GEORGE`S (33),0,NO APLICA,8,Agosto,29,2022,7,38,CR-828,4,Calle del Condado,Urbano,Colector Mayor,County Highway Agency,0,Sin jurisdiccion especial,11,38.87114722,-76.92335556,Peaton,El primer evento no fue una colision con un vehiculo automotor en transporte,T-Intersection,Interseccion de T,Sobre calle,Ninguna,Dia total,Despejado,No,NO APLICA,99,99,99,99,1,29/08/2022,1
24,Maryland,240299,1,1,1,0,3,ANNE ARUNDEL (3),0,NO APLICA,9,Septiembre,3,2022,21,6,SR-170,3,Highway estatal,Urbano,Arteria Principal,State Highway Agency,0,Sin jurisdiccion especial,15,39.10859167,-76.69274444,Peaton,El primer evento no fue una colision con un vehiculo automotor en transporte,Not an Intersection,No fue interseccion,Sobre calle,Ninguna,Oscuro con iluminacion,Despejado,No,NO APLICA,99,99,99,99,1,03/09/2022,1
24,Maryland,240300,1,1,1,0,33,PRINCE GEORGE`S (33),0,NO APLICA,9,Septiembre,1,2022,23,14,SR-210,3,Highway estatal,Urbano,Arterial Principal -Freeway o ExpressWay,State Highway Agency,1,Sin jurisdiccion especial,89,38.74788889,-76.99228333,Ciclista,El primer evento no fue una colision con un vehiculo automotor en transporte,Not an Intersection,No fue interseccion,Sobre calle,Ninguna,Oscuro con iluminacion,Despejado,No,NO APLICA,99,99,99,99,1,01/09/2022,1
24,Maryland,240301,0,0,1,0,3,ANNE ARUNDEL (3),0,NO APLICA,8,Agosto,23,2022,11,15,CR-3446,4,Calle del Condado,Urbano,Colector Menor,County Highway Agency,0,Sin jurisdiccion especial,9,38.79075278,-76.53250833,Volcadura,El primer evento no fue una colision con un vehiculo automotor en transporte,Not an Intersection,No fue interseccion,Sobre el lado de la calle,Ninguna,Dia total,Despejado,No,NO APLICA,99,99,99,99,1,23/08/2022,3
24,Maryland,240302,0,0,2,0,5,BALTIMORE (5),0,NO APLICA,9,Septiembre,2,2022,21,3,I-695,1,Interestatal,Urbano,Interestatal,State Highway Agency,1,Sin jurisdiccion especial,142,39.39301111,-76.70601111,Vehiculo en movimiento,Frente a Detrás,Not an Intersection,No fue interseccion,Sobre Acotamiento,Ninguna,Oscuro con iluminacion,Nublado,No,NO APLICA,99,99,99,99,1,02/09/2022,1
24,Maryland,240303,0,0,4,0,5,BALTIMORE (5),0,NO APLICA,5,Mayo,3,2022,17,45,CR-4095,4,Calle del Condado,Urbano,Arteria Menor,County Highway Agency,0,Sin jurisdiccion especial,0,39.38368889,-76.43223333,Vehiculo en movimiento,Frente a Detrás,Four-Way Intersection,Interseccion de 4 direcciones,Sobre calle,Ninguna,Dia total,Despejado,No,NO APLICA,99,99,99,99,1,03/05/2022,6
24,Maryland,240304,0,0,2,0,41,TALBOT (41),0,NO APLICA,9,Septiembre,4,2022,16,14,US-50,2,US Highway,Urbano,Arteria Principal,State Highway Agency,1,Sin jurisdiccion especial,136,38.75893889,-76.06223056,Volcadura,El primer evento no fue una colision con un vehiculo automotor en transporte,Four-Way Intersection,Interseccion de 4 direcciones,Sobre calle,Ninguna,Dia total,Despejado,No,NO APLICA,99,99,99,99,1,04/09/2022,3
24,Maryland,240305,0,0,1,0,27,HOWARD (27),0,NO APLICA,8,Agosto,29,2022,10,41,US-1,2,US Highway,Urbano,Arteria Principal,State Highway Agency,1,Sin jurisdiccion especial,31,39.14111111,-76.81125,Banqueta,El primer evento no fue una colision con un vehiculo automotor en transporte,Not an Intersection,No fue interseccion,Sobre el lado de la calle,Ninguna,Dia total,Despejado,No,NO APLICA,99,99,99,99,1,29/08/2022,1
24,Maryland,240306,0,0,2,0,25,HARFORD (25),0,NO APLICA,8,Agosto,24,2022,14,9,SR-22,3,Highway estatal,Urbano,Arteria Principal,State Highway Agency,1,Sin jurisdiccion especial,15,39.54445556,-76.32388889,Vehiculo en movimiento,Angulo,Four-Way Intersection,Interseccion de 4 direcciones,Sobre calle,Ninguna,Dia total,Despejado,No,NO APLICA,99,99,99,99,1,24/08/2022,3
24,Maryland,240307,0,0,2,0,33,PRINCE GEORGE`S (33),0,NO APLICA,9,Septiembre,4,2022,3,11,CR-99,4,Calle del Condado,Urbano,Colector Mayor,County Highway Agency,0,Sin jurisdiccion especial,13,38.84229167,-76.77902778,Vehiculo en movimiento,Frente a frente,Not an Intersection,No fue interseccion,Sobre calle,Ninguna,Oscuro sin iluminacion,Despejado,No,NO APLICA,99,99,99,99,1,04/09/2022,3
24,Maryland,240308,1,1,1,0,510,BALTIMORE (CITY) (510),50,BALTIMORE,4,Abril,13,2022,16,10,US-1,2,US Highway,Urbano,Arteria Principal,State Highway Agency,1,Sin jurisdiccion especial,97,39.33274722,-76.55930556,Peaton,El primer evento no fue una colision con un vehiculo automotor en transporte,Not an Intersection,No fue interseccion,Sobre calle,Ninguna,Dia total,Nublado,No,NO APLICA,99,99,99,99,1,13/04/2022,1
24,Maryland,240309,0,0,2,0,27,HOWARD (27),0,NO APLICA,8,Agosto,26,2022,22,38,US-1,2,US Highway,Urbano,Arteria Principal,State Highway Agency,1,Sin jurisdiccion especial,67,39.18041944,-76.76895,Vehiculo en movimiento,Golpe Lateral - direccion contraria,Not an Intersection,No fue interseccion,Sobre calle,Ninguna,Oscuro sin iluminacion,Despejado,No,NO APLICA,99,99,99,99,1,26/08/2022,2
24,Maryland,240310,0,0,1,0,27,HOWARD (27),0,NO APLICA,9,Septiembre,7,2022,21,44,SR-144A,3,Highway estatal,Urbano,Local,State Highway Agency,0,Sin jurisdiccion especial,46,39.33256944,-77.0562,Arbol,El primer evento no fue una colision con un vehiculo automotor en transporte,Not an Intersection,No fue interseccion,Sobre el lado de la calle,Ninguna,Oscuro sin iluminacion,Nublado,No,NO APLICA,99,99,99,99,1,07/09/2022,2
24,Maryland,240311,0,0,2,0,21,FREDERICK (21),0,NO APLICA,9,Septiembre,11,2022,7,16,I-70,1,Interestatal,Urbano,Interestatal,State Highway Agency,1,Sin jurisdiccion especial,256,39.37553889,-77.23269722,Valla Ferrocarril,El primer evento no fue una colision con un vehiculo automotor en transporte,Not an Intersection,No fue interseccion,En el medio,Ninguna,Amanecer,lluvia,No,NO APLICA,99,99,99,99,1,11/09/2022,2
24,Maryland,240312,1,1,3,0,3,ANNE ARUNDEL (3),0,NO APLICA,9,Septiembre,11,2022,20,6,SR-174,3,Highway estatal,Urbano,Arteria Menor,State Highway Agency,0,Sin jurisdiccion especial,23,39.13676389,-76.68717778,Peaton,El primer evento no fue una colision con un vehiculo automotor en transporte,Not an Intersection,No fue interseccion,Sobre calle,Ninguna,Oscuro con iluminacion,lluvia,No,NO APLICA,99,99,99,99,1,11/09/2022,6
24,Maryland,240313,0,0,1,0,17,CHARLES (17),0,NO APLICA,9,Septiembre,12,2022,4,22,SR-488,3,Highway estatal,Urbano,Colector Mayor,State Highway Agency,0,Sin jurisdiccion especial,26,38.54515278,-76.91478333,Valla Ferrocarril,El primer evento no fue una colision con un vehiculo automotor en transporte,Not an Intersection,No fue interseccion,Sobre el lado de la calle,Ninguna,Oscuro sin iluminacion,Despejado,No,NO APLICA,99,99,99,99,1,12/09/2022,1
24,Maryland,240314,1,1,1,0,25,HARFORD (25),0,NO APLICA,9,Septiembre,14,2022,22,12,SR-7A,3,Highway estatal,Urbano,Arteria Menor,State Highway Agency,0,Sin jurisdiccion especial,2,39.53768611,-76.11066667,No vehiculo o remolque,El primer evento no fue una colision con un vehiculo automotor en transporte,Not an Intersection,No fue interseccion,Sobre calle,Ninguna,Oscuro sin iluminacion,Despejado,No,NO APLICA,99,99,99,99,1,14/09/2022,1
24,Maryland,240315,0,1,2,1,27,HOWARD (27),0,NO APLICA,9,Septiembre,7,2022,4,38,I-95,1,Interestatal,Urbano,Interestatal,State Highway Agency,1,Sin jurisdiccion especial,21,39.13633611,-76.85041389,Vehiculo Aparcado,El primer evento no fue una colision con un vehiculo automotor en transporte,Not an Intersection,No fue interseccion,Sobre Acotamiento,Ninguna,Oscuro - iluminacion desconocida,lluvia,No,NO APLICA,99,99,99,99,1,07/09/2022,1
24,Maryland,240316,0,0,1,0,3,ANNE ARUNDEL (3),0,NO APLICA,9,Septiembre,11,2022,5,56,SR-295,3,Highway estatal,Urbano,Arterial Principal -Freeway o ExpressWay,State Highway Agency,1,Servicio de Parques Nacional,146,39.22393056,-76.65222222,Valla Ferrocarril,El primer evento no fue una colision con un vehiculo automotor en transporte,Not an Intersection,No fue interseccion,Sobre el lado de la calle,Ninguna,Oscuro sin iluminacion,lluvia,No,NO APLICA,99,99,99,99,1,11/09/2022,1
24,Maryland,240317,0,0,1,0,33,PRINCE GEORGE`S (33),0,NO APLICA,9,Septiembre,10,2022,22,16,SR-5,3,Highway estatal,Urbano,Arterial Principal -Freeway o ExpressWay,State Highway Agency,1,Sin jurisdiccion especial,66,38.74086944,-76.87906944,Acotamiento,El primer evento no fue una colision con un vehiculo automotor en transporte,Not an Intersection,No fue interseccion,En el medio,Ninguna,Oscuro sin iluminacion,Despejado,No,NO APLICA,99,99,99,99,1,10/09/2022,2
24,Maryland,240318,0,0,2,0,47,WORCESTER (47),0,NO APLICA,9,Septiembre,15,2022,16,40,US-50,2,US Highway,Urbano,Arteria Principal,State Highway Agency,1,Sin jurisdiccion especial,8,38.38564722,-75.31107222,Vehiculo en movimiento,Otro,T-Intersection,Interseccion de T,Sobre calle,Ninguna,Dia total,Despejado,No,NO APLICA,99,99,99,99,1,15/09/2022,3
24,Maryland,240319,0,0,1,0,5,BALTIMORE (5),0,NO APLICA,9,Septiembre,17,2022,16,30,I-695,1,Interestatal,Urbano,Interestatal,State Highway Agency,1,Sin jurisdiccion especial,32,39.31054167,-76.50278889,Estructura de puente overhead,El primer evento no fue una colision con un vehiculo automotor en transporte,Not an Intersection,No fue interseccion,Sobre el lado de la calle,Ninguna,Dia total,Despejado,No,NO APLICA,99,99,99,99,1,17/09/2022,1
24,Maryland,240320,0,0,1,0,11,CAROLINE (11),0,NO APLICA,9,Septiembre,18,2022,18,40,CR-46,4,Calle del Condado,Rural,Colector Menor,County Highway Agency,0,Sin jurisdiccion especial,10,38.99529167,-75.78155833,Fin de valla,El primer evento no fue una colision con un vehiculo automotor en transporte,Not an Intersection,No fue interseccion,Sobre el lado de la calle,Ninguna,Atardecer,Despejado,No,NO APLICA,99,99,99,99,2,18/09/2022,2
24,Maryland,240321,0,0,3,0,5,BALTIMORE (5),0,NO APLICA,9,Septiembre,16,2022,0,51,I-695,1,Interestatal,Urbano,Interestatal,State Highway Agency,1,Sin jurisdiccion especial,50,39.28304167,-76.73343333,Vehiculo en movimiento,Angulo,Not an Intersection,No fue interseccion,Sobre calle,Ninguna,Oscuro con iluminacion,Despejado,No,NO APLICA,99,99,99,99,1,16/09/2022,3
24,Maryland,240322,0,0,1,0,3,ANNE ARUNDEL (3),0,NO APLICA,9,Septiembre,21,2022,4,30,CR-1350,4,Calle del Condado,Urbano,Colector Mayor,County Highway Agency,0,Sin jurisdiccion especial,5,39.11808889,-76.628025,Arbol,El primer evento no fue una colision con un vehiculo automotor en transporte,Not an Intersection,No fue interseccion,Sobre el lado de la calle,Ninguna,Oscuro - iluminacion desconocida,Despejado,No,NO APLICA,99,99,99,99,1,21/09/2022,1
24,Maryland,240323,0,0,2,0,45,WICOMICO (45),0,NO APLICA,9,Septiembre,16,2022,7,43,CR-1302,4,Calle del Condado,Urbano,Colector Mayor,County Highway Agency,0,Sin jurisdiccion especial,0,38.33615,-75.68844444,Vehiculo en movimiento,Frente a Detrás,Not an Intersection,No fue interseccion,Sobre calle,Ninguna,Amanecer,Despejado,No,NO APLICA,99,99,99,99,1,16/09/2022,1
24,Maryland,240324,1,1,1,0,510,BALTIMORE (CITY) (510),50,BALTIMORE,8,Agosto,29,2022,23,31,I-895,1,Interestatal,Urbano,Interestatal,State Highway Agency,1,Sin jurisdiccion especial,5,39.28726111,-76.55362778,Peaton,El primer evento no fue una colision con un vehiculo automotor en transporte,Not an Intersection,No fue interseccion,Sobre calle,Ninguna,Oscuro con iluminacion,No reportado,No,NO APLICA,99,99,99,99,1,29/08/2022,1
24,Maryland,240325,1,1,1,0,5,BALTIMORE (5),0,NO APLICA,4,Abril,8,2022,1,7,SR-26,3,Highway estatal,Urbano,Arteria Principal,State Highway Agency,0,Sin jurisdiccion especial,65,39.36234444,-76.78133889,Peaton,El primer evento no fue una colision con un vehiculo automotor en transporte,Not an Intersection,No fue interseccion,Sobre calle,Ninguna,Oscuro con iluminacion,Despejado,No,NO APLICA,99,99,99,99,1,08/04/2022,1
24,Maryland,240326,0,0,2,0,25,HARFORD (25),0,NO APLICA,9,Septiembre,23,2022,23,50,SR-155,3,Highway estatal,Urbano,Arteria Principal,State Highway Agency,0,Sin jurisdiccion especial,70,39.56745556,-76.12984722,Acotamiento,El primer evento no fue una colision con un vehiculo automotor en transporte,Not an Intersection,No fue interseccion,Sobre el lado de la calle,Ninguna,Oscuro con iluminacion,Despejado,No,NO APLICA,99,99,99,99,1,23/09/2022,2
24,Maryland,240327,0,0,2,0,31,MONTGOMERY (31),0,NO APLICA,9,Septiembre,18,2022,3,43,I-270,1,Interestatal,Urbano,Interestatal,State Highway Agency,1,Sin jurisdiccion especial,28,39.04751111,-77.15046111,Vehiculo en movimiento,Frente a Detrás,Not an Intersection,No fue interseccion,Sobre calle,Ninguna,Oscuro con iluminacion,Despejado,No,NO APLICA,99,99,99,99,1,18/09/2022,3
24,Maryland,240328,0,0,2,0,5,BALTIMORE (5),0,NO APLICA,6,Junio,16,2022,22,10,US-1,2,US Highway,Urbano,Arteria Principal,State Highway Agency,1,Sin jurisdiccion especial,5,39.22365,-76.69894722,Vehiculo en movimiento,Frente a Detrás,Not an Intersection,No fue interseccion,Sobre calle,"Zona de trabajo, tipo desconocido",Oscuro con iluminacion,Despejado,No,NO APLICA,99,99,99,99,1,16/06/2022,2
24,Maryland,240329,0,0,2,0,31,MONTGOMERY (31),0,NO APLICA,8,Agosto,5,2022,16,35,CR-1659,4,Calle del Condado,Urbano,Arteria Principal,County Highway Agency,0,Sin jurisdiccion especial,53,39.06666111,-77.01966111,Vehiculo en movimiento,Angulo,Not an Intersection,No fue interseccion,Sobre calle,Ninguna,Dia total,Despejado,No,NO APLICA,99,99,99,99,1,05/08/2022,3
24,Maryland,240331,1,1,2,0,27,HOWARD (27),0,NO APLICA,9,Septiembre,25,2022,3,5,SR-175,3,Highway estatal,Urbano,Arteria Menor,State Highway Agency,0,Sin jurisdiccion especial,27,39.18260833,-76.79439167,Ciclista,El primer evento no fue una colision con un vehiculo automotor en transporte,Not an Intersection,No fue interseccion,Sobre calle,Ninguna,Oscuro con iluminacion,Despejado,No,NO APLICA,99,99,99,99,1,25/09/2022,3
24,Maryland,240332,0,0,5,0,3,ANNE ARUNDEL (3),0,NO APLICA,9,Septiembre,19,2022,23,12,SR-100,3,Highway estatal,Urbano,Arterial Principal -Freeway o ExpressWay,State Highway Agency,1,Sin jurisdiccion especial,82,39.14060833,-76.62589722,Vehiculo en movimiento,Frente a frente,Not an Intersection,No fue interseccion,Sobre calle,Ninguna,Oscuro sin iluminacion,Despejado,No,NO APLICA,99,99,99,99,1,19/09/2022,5
24,Maryland,240333,0,0,1,0,23,GARRETT (23),0,NO APLICA,8,Agosto,6,2022,3,10,SR-135,3,Highway estatal,Urbano,Arteria Menor,State Highway Agency,0,Sin jurisdiccion especial,0,39.48125833,-79.06736667,Muro,El primer evento no fue una colision con un vehiculo automotor en transporte,T-Intersection,Interseccion de T,Sobre el lado de la calle,Ninguna,Oscuro sin iluminacion,Despejado,No,NO APLICA,99,99,99,99,1,06/08/2022,1
24,Maryland,240334,0,0,2,0,21,FREDERICK (21),0,NO APLICA,9,Septiembre,23,2022,10,9,CR-407,4,Calle del Condado,Urbano,Local,County Highway Agency,0,Sin jurisdiccion especial,31,39.43340556,-77.1803,Vehiculo en movimiento,Angulo,Four-Way Intersection,Interseccion de 4 direcciones,Sobre calle,Ninguna,Dia total,Despejado,No,NO APLICA,99,99,99,99,1,23/09/2022,3
24,Maryland,240335,0,0,2,0,1,ALLEGANY (1),0,NO APLICA,9,Septiembre,16,2022,5,30,I-68,1,Interestatal,Urbano,Interestatal,State Highway Agency,1,Sin jurisdiccion especial,328,39.66834167,-78.43228333,Valla Ferrocarril,El primer evento no fue una colision con un vehiculo automotor en transporte,Not an Intersection,No fue interseccion,En el medio,Ninguna,Oscuro sin iluminacion,No reportado,No,NO APLICA,99,99,99,99,1,16/09/2022,7
24,Maryland,240336,0,0,2,0,5,BALTIMORE (5),0,NO APLICA,1,Enero,24,2022,23,4,US-40,2,US Highway,Urbano,Arteria Principal,State Highway Agency,1,Servicio de Parques Nacional,191,39.34948611,-76.45843889,Vehiculo en movimiento,Frente a Detrás,Not an Intersection,No fue interseccion,Sobre calle,Ninguna,Oscuro sin iluminacion,Despejado,No,NO APLICA,99,99,99,99,1,24/01/2022,2
24,Maryland,240337,0,0,1,0,45,WICOMICO (45),0,NO APLICA,9,Septiembre,18,2022,13,30,SR-352,3,Highway estatal,Urbano,Arteria Menor,State Highway Agency,0,Sin jurisdiccion especial,100,38.31938889,-75.75644722,Volcadura,El primer evento no fue una colision con un vehiculo automotor en transporte,Not an Intersection,No fue interseccion,Sobre el lado de la calle,Ninguna,Dia total,Despejado,No,NO APLICA,99,99,99,99,1,18/09/2022,1
24,Maryland,240338,0,0,1,0,1,ALLEGANY (1),0,NO APLICA,9,Septiembre,21,2022,15,0,SR-51,3,Highway estatal,Urbano,Colector Mayor,State Highway Agency,0,Sin jurisdiccion especial,241,39.54398611,-78.46073889,Volcadura,El primer evento no fue una colision con un vehiculo automotor en transporte,T-Intersection,Interseccion de T,Sobre calle,Ninguna,Dia total,Despejado,No,NO APLICA,99,99,99,99,1,21/09/2022,1
24,Maryland,240339,0,0,2,0,3,ANNE ARUNDEL (3),0,NO APLICA,10,Octubre,5,2022,16,20,SR-4,3,Highway estatal,Urbano,Arteria Principal,State Highway Agency,1,Sin jurisdiccion especial,4,38.77011944,-76.65811667,Vehiculo en movimiento,Angulo,Not Reported,No reportado,Sobre calle,Ninguna,Dia total,Nublado,No,NO APLICA,99,99,99,99,1,05/10/2022,2
24,Maryland,240340,0,0,2,0,3,ANNE ARUNDEL (3),0,NO APLICA,10,Octubre,5,2022,15,3,I-97,1,Interestatal,Urbano,Interestatal,State Highway Agency,1,Sin jurisdiccion especial,121,39.12024722,-76.638175,Vehiculo en movimiento,Frente a Detrás,Not an Intersection,No fue interseccion,Sobre calle,Ninguna,Dia total,Nublado,No,NO APLICA,99,99,99,99,2,05/10/2022,4