Estado,Nombre de Estado,Numero de Caso,Peatones,Personas _no_vehiculos,Vehiculos automotores,Vehiculos estacionados,Condado,Nombre Condado,Ciudad,Nombre Ciudad,Mes,Nombre Mes,Dia,Año,Hora,Minuto,Calle,Ruta,Nombre Ruta,Rural o Urbanoo,Sistema Funcional,Dueño Calle,Sistema Nacional Carreteras,Jurisdiccion Especial,Milla,Latitud,Longitud,Causa del Accidente,Tipo de Accidente,Tipo Interseccion,Columna1,Lugar en la calle,Zona de Trabajo,Luz,Clima,Autobus Escolar,Cruce de Trenes,Hora Notificacion,Minuto Notificacion,Hora Llegada,Minuto Llegada,Decesos,Fecha,PersonaVehiculo
24,Maryland,240341,2,2,2,0,21,FREDERICK (21),0,NO APLICA,10,Octubre,6,2022,16,32,MU-723,6,Calle Local Municipalidad,Rural,Arteria Menor,City or Municipal Highway Agency,0,Sin jurisdiccion especial,14,39.41422778,-77.44496944,Vehiculo en movimiento,Golpe Lateral - misma direccion,Not an Intersection,No fue interseccion,Sobre calle,Ninguna,Dia total,Despejado,No,NO APLICA,99,99,99,99,1,06/10/2022,3
24,Maryland,240342,0,0,3,0,27,HOWARD (27),0,NO APLICA,10,Octubre,8,2022,2,57,I-95,1,Interestatal,Urbano,Interestatal,State Highway Agency,1,Sin jurisdiccion especial,36,39.13866667,-76.84804167,Vehiculo en movimiento,Frente a Detrás,Not an Intersection,No fue interseccion,Sobre Acotamiento,Ninguna,Oscuro sin iluminacion,Despejado,No,NO APLICA,99,99,99,99,1,08/10/2022,3
24,Maryland,240343,0,0,2,0,5,BALTIMORE (5),0,NO APLICA,6,Junio,18,2022,15,38,SR-45,3,Highway estatal,Urbano,Arteria Principal,State Highway Agency,0,Sin jurisdiccion especial,49,39.43640833,-76.62439167,Vehiculo en movimiento,Angulo,T-Intersection,Interseccion de T,Sobre calle,Ninguna,Dia total,Despejado,No,NO APLICA,99,99,99,99,1,18/06/2022,2
24,Maryland,240344,1,1,2,1,33,PRINCE GEORGE`S (33),0,NO APLICA,10,Octubre,8,2022,19,14,SR-223,3,Highway estatal,Urbano,Arteria Menor,State Highway Agency,0,Sin jurisdiccion especial,52,38.75541389,-76.91941389,Peaton,El primer evento no fue una colision con un vehiculo automotor en transporte,Not an Intersection,No fue interseccion,Sobre calle,Ninguna,Oscuro con iluminacion,Despejado,No,NO APLICA,99,99,99,99,1,08/10/2022,1
24,Maryland,240345,0,0,2,0,37,ST. MARY`S (37),0,NO APLICA,9,Septiembre,15,2022,15,40,SR-249,3,Highway estatal,Urbano,Colector Mayor,State Highway Agency,0,Sin jurisdiccion especial,42,38.16492778,-76.53137778,Vehiculo en movimiento,Angulo,T-Intersection,Interseccion de T,Sobre calle,Ninguna,Dia total,Despejado,No,NO APLICA,99,99,99,99,1,15/09/2022,2
24,Maryland,240346,1,1,1,0,33,PRINCE GEORGE`S (33),0,NO APLICA,9,Septiembre,18,2022,2,39,SR-210,3,Highway estatal,Urbano,Arteria Menor,State Highway Agency,0,Sin jurisdiccion especial,141,38.81691667,-76.99883056,Peaton,El primer evento no fue una colision con un vehiculo automotor en transporte,T-Intersection,Interseccion de T,Sobre calle,Ninguna,Oscuro con iluminacion,Despejado,No,NO APLICA,99,99,99,99,1,18/09/2022,1
24,Maryland,240347,0,0,1,0,31,MONTGOMERY (31),0,NO APLICA,10,Octubre,4,2022,5,30,MU-272,6,Calle Local Municipalidad,Urbano,Colector Menor,City or Municipal Highway Agency,0,Sin jurisdiccion especial,5,39.08683611,-77.15762222,Banqueta,El primer evento no fue una colision con un vehiculo automotor en transporte,Four-Way Intersection,Interseccion de 4 direcciones,Sobre el lado de la calle,Ninguna,Oscuro - iluminacion desconocida,lluvia,No,NO APLICA,99,99,99,99,1,04/10/2022,1
24,Maryland,240348,1,1,2,0,33,PRINCE GEORGE`S (33),0,NO APLICA,10,Octubre,11,2022,22,56,SR-210,3,Highway estatal,Urbano,Arterial Principal -Freeway o ExpressWay,State Highway Agency,1,Servicio de Parques Nacional,115,38.779625,-76.99737778,Otro objeto (no fijo),El primer evento no fue una colision con un vehiculo automotor en transporte,Not an Intersection,No fue interseccion,Sobre calle,"Zona de trabajo, tipo desconocido",Oscuro con iluminacion,Despejado,No,NO APLICA,99,99,99,99,1,11/10/2022,2
24,Maryland,240349,0,0,2,0,17,CHARLES (17),0,NO APLICA,10,Octubre,11,2022,20,1,SR-5,3,Highway estatal,Urbano,Arteria Principal,State Highway Agency,1,Sin jurisdiccion especial,101,38.60794167,-76.87559167,Vehiculo en movimiento,Angulo,T-Intersection,Interseccion de T,Sobre calle,Ninguna,Oscuro con iluminacion,Despejado,No,NO APLICA,99,99,99,99,1,11/10/2022,3
24,Maryland,240350,1,2,4,1,510,BALTIMORE (CITY) (510),50,BALTIMORE,10,Octubre,12,2022,5,31,I-95,1,Interestatal,Urbano,Interestatal,State Highway Agency,1,Sin jurisdiccion especial,16,39.27121944,-76.64785833,Peaton,El primer evento no fue una colision con un vehiculo automotor en transporte,Not an Intersection,No fue interseccion,Sobre Acotamiento,Ninguna,Oscuro con iluminacion,Despejado,No,NO APLICA,99,99,99,99,1,12/10/2022,2
24,Maryland,240351,0,0,2,0,5,BALTIMORE (5),0,NO APLICA,10,Octubre,12,2022,19,51,I-95,1,Interestatal,Urbano,Interestatal,State Highway Agency,1,Sin jurisdiccion especial,177,39.35748333,-76.4849,Vehiculo en movimiento,Frente a frente,Not an Intersection,No fue interseccion,Sobre calle,Ninguna,Oscuro con iluminacion,Despejado,No,NO APLICA,99,99,99,99,2,12/10/2022,2
24,Maryland,240352,0,0,2,0,31,MONTGOMERY (31),0,NO APLICA,10,Octubre,12,2022,7,8,SR-355,3,Highway estatal,Urbano,Arteria Principal,State Highway Agency,0,Sin jurisdiccion especial,23,38.99356389,-77.09616944,Vehiculo en movimiento,Angulo,T-Intersection,Interseccion de T,Sobre calle,Ninguna,Amanecer,Despejado,No,NO APLICA,99,99,99,99,1,12/10/2022,2
24,Maryland,240353,0,0,1,0,45,WICOMICO (45),0,NO APLICA,10,Octubre,14,2022,3,21,US-50 RAMP,2,US Highway,Urbano,Arterial Principal -Freeway o ExpressWay,State Highway Agency,1,Sin jurisdiccion especial,129,38.36651944,-75.538475,Arbol,El primer evento no fue una colision con un vehiculo automotor en transporte,Not an Intersection,No fue interseccion,Sobre el lado de la calle,Ninguna,Oscuro sin iluminacion,Despejado,No,NO APLICA,99,99,99,99,1,14/10/2022,1
24,Maryland,240354,1,1,1,0,27,HOWARD (27),0,NO APLICA,9,Septiembre,15,2022,22,43,US-1,2,US Highway,Urbano,Arteria Principal,State Highway Agency,1,Sin jurisdiccion especial,14,39.12148056,-76.82644167,Peaton,El primer evento no fue una colision con un vehiculo automotor en transporte,Y-Intersection,Interseccion de Y,Sobre calle,Ninguna,Oscuro sin iluminacion,Despejado,No,NO APLICA,99,99,99,99,1,15/09/2022,1
24,Maryland,240355,1,1,3,0,17,CHARLES (17),0,NO APLICA,9,Septiembre,26,2022,22,30,CR-64,4,Calle del Condado,Urbano,Colector Mayor,County Highway Agency,0,Sin jurisdiccion especial,3,38.62739167,-76.90549444,No vehiculo o remolque,El primer evento no fue una colision con un vehiculo automotor en transporte,Not an Intersection,No fue interseccion,Sobre calle,Ninguna,Oscuro sin iluminacion,Despejado,No,NO APLICA,99,99,99,99,1,26/09/2022,3
24,Maryland,240356,1,1,1,0,5,BALTIMORE (5),0,NO APLICA,8,Agosto,10,2022,22,21,CR-5237,4,Calle del Condado,Urbano,Colector Mayor,County Highway Agency,0,Sin jurisdiccion especial,12,39.2479,-76.51858333,Peaton,El primer evento no fue una colision con un vehiculo automotor en transporte,Not an Intersection,No fue interseccion,Sobre calle,Ninguna,Oscuro con iluminacion,Despejado,No,NO APLICA,99,99,99,99,1,10/08/2022,2
24,Maryland,240357,0,0,2,0,43,WASHINGTON (43),0,NO APLICA,10,Octubre,8,2022,15,18,US-40,2,US Highway,Urbano,Arteria Principal,State Highway Agency,1,Sin jurisdiccion especial,385,39.61633889,-77.69261389,Vehiculo en movimiento,Angulo,Four-Way Intersection,Interseccion de 4 direcciones,Sobre calle,Ninguna,Dia total,Despejado,No,NO APLICA,99,99,99,99,1,08/10/2022,2
24,Maryland,240358,0,0,1,0,33,PRINCE GEORGE`S (33),0,NO APLICA,10,Octubre,15,2022,3,0,SR-210,3,Highway estatal,Urbano,Arterial Principal -Freeway o ExpressWay,State Highway Agency,1,Sin jurisdiccion especial,29,38.66514722,-77.0176,Banqueta,El primer evento no fue una colision con un vehiculo automotor en transporte,Y-Intersection,Interseccion de Y,Sobre el lado de la calle,Ninguna,Oscuro con iluminacion,Despejado,No,NO APLICA,99,99,99,99,1,15/10/2022,1
24,Maryland,240359,0,0,2,0,23,GARRETT (23),0,NO APLICA,10,Octubre,15,2022,15,23,CR-355,4,Calle del Condado,Rural,Colector Menor,County Highway Agency,0,Sin jurisdiccion especial,12,39.64621944,-79.44208889,Vehiculo en movimiento,Frente a frente,Not an Intersection,No fue interseccion,Sobre calle,Ninguna,Dia total,Despejado,No,NO APLICA,99,99,99,99,1,15/10/2022,2
24,Maryland,240360,0,0,2,0,21,FREDERICK (21),0,NO APLICA,10,Octubre,14,2022,21,18,US-40,2,US Highway,Urbano,Arteria Menor,State Highway Agency,0,Sin jurisdiccion especial,51,39.489325,-77.53348889,Vehiculo en movimiento,Angulo,Four-Way Intersection,Interseccion de 4 direcciones,Sobre calle,Ninguna,Oscuro sin iluminacion,Despejado,No,NO APLICA,99,99,99,99,1,14/10/2022,2
24,Maryland,240361,1,1,1,0,33,PRINCE GEORGE`S (33),0,NO APLICA,10,Octubre,15,2022,18,42,SR-450,3,Highway estatal,Urbano,Arteria Principal,State Highway Agency,1,Sin jurisdiccion especial,0,38.98106389,-76.73041389,Peaton,El primer evento no fue una colision con un vehiculo automotor en transporte,Not an Intersection,No fue interseccion,Sobre calle,Ninguna,Oscuro con iluminacion,Despejado,No,NO APLICA,99,99,99,99,1,15/10/2022,1
24,Maryland,240362,0,0,2,0,31,MONTGOMERY (31),0,NO APLICA,10,Octubre,15,2022,23,16,SR-355,3,Highway estatal,Urbano,Arteria Principal,State Highway Agency,0,Sin jurisdiccion especial,173,39.17188056,-77.23613333,Vehiculo en movimiento,Angulo,Four-Way Intersection,Interseccion de 4 direcciones,Sobre calle,Ninguna,Oscuro con iluminacion,Despejado,No,NO APLICA,99,99,99,99,1,15/10/2022,5
24,Maryland,240363,1,2,2,1,5,BALTIMORE (5),0,NO APLICA,6,Junio,25,2022,14,50,SR-26,3,Highway estatal,Urbano,Arteria Principal,State Highway Agency,0,Sin jurisdiccion especial,18,39.39477222,-76.85360833,Banqueta,El primer evento no fue una colision con un vehiculo automotor en transporte,Not an Intersection,No fue interseccion,Sobre el lado de la calle,Ninguna,Dia total,Despejado,No,NO APLICA,99,99,99,99,1,25/06/2022,1
24,Maryland,240364,0,0,2,0,23,GARRETT (23),0,NO APLICA,10,Octubre,21,2022,13,3,US-219,2,US Highway,Urbano,Arteria Principal,State Highway Agency,1,Sin jurisdiccion especial,222,39.53123611,-79.34600556,Vehiculo en movimiento,Frente a Detrás,Four-Way Intersection,Interseccion de 4 direcciones,Sobre calle,Ninguna,Dia total,Despejado,No,NO APLICA,99,99,99,99,1,21/10/2022,2
24,Maryland,240365,1,1,1,0,31,MONTGOMERY (31),0,NO APLICA,10,Octubre,22,2022,20,42,CR-5221,4,Calle del Condado,Urbano,Arteria Principal,County Highway Agency,1,Sin jurisdiccion especial,1,39.143325,-77.159975,Peaton,El primer evento no fue una colision con un vehiculo automotor en transporte,Not an Intersection,No fue interseccion,Sobre calle,Ninguna,Oscuro con iluminacion,Despejado,No,NO APLICA,99,99,99,99,1,22/10/2022,2
24,Maryland,240366,0,0,2,0,3,ANNE ARUNDEL (3),0,NO APLICA,10,Octubre,23,2022,1,26,SR-177,3,Highway estatal,Urbano,Arteria Menor,State Highway Agency,0,Sin jurisdiccion especial,76,39.10408333,-76.47072778,Vehiculo en movimiento,Frente a frente,Not an Intersection,No fue interseccion,Sobre calle,Ninguna,Oscuro - iluminacion desconocida,Nublado,No,NO APLICA,99,99,99,99,2,23/10/2022,4
24,Maryland,240367,0,0,2,0,31,MONTGOMERY (31),0,NO APLICA,10,Octubre,24,2022,9,13,CR-1659,4,Calle del Condado,Urbano,Arteria Principal,County Highway Agency,0,Sin jurisdiccion especial,58,39.06880556,-77.01501389,Vehiculo en movimiento,Frente a frente,Four-Way Intersection,Interseccion de 4 direcciones,Sobre calle,Ninguna,Dia total,Nublado,No,NO APLICA,99,99,99,99,1,24/10/2022,2
24,Maryland,240368,0,0,2,0,31,MONTGOMERY (31),0,NO APLICA,10,Octubre,24,2022,7,17,CR-99,4,Calle del Condado,Urbano,Arteria Principal,County Highway Agency,1,Sin jurisdiccion especial,15,39.06569167,-76.97664444,Vehiculo en movimiento,Angulo,Not an Intersection,No fue interseccion,Sobre calle,Ninguna,Amanecer,lluvia,No,NO APLICA,99,99,99,99,1,24/10/2022,2
24,Maryland,240369,0,0,1,0,9,CALVERT (9),0,NO APLICA,10,Octubre,15,2022,2,7,SR-4,3,Highway estatal,Urbano,Arteria Principal,State Highway Agency,0,Sin jurisdiccion especial,330,38.717025,-76.66029722,Poste,El primer evento no fue una colision con un vehiculo automotor en transporte,Four-Way Intersection,Interseccion de 4 direcciones,Sobre el lado de la calle,Ninguna,Oscuro con iluminacion,No reportado,No,NO APLICA,99,99,99,99,1,15/10/2022,2
24,Maryland,240370,1,1,1,0,13,CARROLL (13),0,NO APLICA,10,Octubre,23,2022,19,54,SR-140,3,Highway estatal,Urbano,Arteria Principal,State Highway Agency,1,Sin jurisdiccion especial,84,39.56763333,-76.97922222,Peaton,El primer evento no fue una colision con un vehiculo automotor en transporte,Not an Intersection,No fue interseccion,Sobre calle,Ninguna,Oscuro sin iluminacion,lluvia,No,NO APLICA,99,99,99,99,1,23/10/2022,2
24,Maryland,240371,0,0,4,2,47,WORCESTER (47),0,NO APLICA,9,Septiembre,14,2022,17,15,SR-528,3,Highway estatal,Urbano,Arteria Principal,State Highway Agency,1,Sin jurisdiccion especial,27,38.41272778,-75.05799444,Vehiculo en movimiento,Golpe Lateral - misma direccion,Not an Intersection,No fue interseccion,Sobre calle,Ninguna,Dia total,Despejado,No,NO APLICA,99,99,99,99,1,14/09/2022,4
24,Maryland,240372,0,0,2,0,17,CHARLES (17),0,NO APLICA,10,Octubre,24,2022,8,11,SR-229,3,Highway estatal,Urbano,Colector Mayor,State Highway Agency,0,Sin jurisdiccion especial,41,38.64056667,-77.015025,Vehiculo en movimiento,Frente a frente,Not an Intersection,No fue interseccion,Sobre calle,Ninguna,Dia total,Nublado,No,NO APLICA,99,99,99,99,1,24/10/2022,2
24,Maryland,240373,0,0,1,0,17,CHARLES (17),0,NO APLICA,10,Octubre,24,2022,11,51,SR-5,3,Highway estatal,Urbano,Arteria Principal,State Highway Agency,1,Sin jurisdiccion especial,135,38.65221944,-76.87334444,Banqueta,El primer evento no fue una colision con un vehiculo automotor en transporte,Not an Intersection,No fue interseccion,Sobre el lado de la calle,Ninguna,Dia total,Despejado,No,NO APLICA,99,99,99,99,1,24/10/2022,1
24,Maryland,240374,0,0,2,0,510,BALTIMORE (CITY) (510),0,NO APLICA,6,Junio,21,2022,12,36,MU-4021,6,Calle Local Municipalidad,Urbano,Arteria Menor,City or Municipal Highway Agency,0,Sin jurisdiccion especial,18,39.30476111,-76.58269444,Vehiculo en movimiento,Angulo,Four-Way Intersection,Interseccion de 4 direcciones,Sobre calle,Ninguna,Dia total,Despejado,No,NO APLICA,99,99,99,99,1,21/06/2022,2
24,Maryland,240375,1,1,1,0,33,PRINCE GEORGE`S (33),0,NO APLICA,10,Octubre,22,2022,20,9,SR-704,3,Highway estatal,Urbano,Arteria Principal,State Highway Agency,1,Sin jurisdiccion especial,22,38.91595556,-76.8834,Peaton,El primer evento no fue una colision con un vehiculo automotor en transporte,Not an Intersection,No fue interseccion,Sobre calle,Ninguna,Oscuro con iluminacion,Despejado,No,NO APLICA,99,99,99,99,1,22/10/2022,2
24,Maryland,240376,1,1,1,0,33,PRINCE GEORGE`S (33),0,NO APLICA,10,Octubre,19,2022,1,20,SR-193,3,Highway estatal,Urbano,Arteria Principal,State Highway Agency,0,Servicio de Parques Nacional,58,38.99633889,-76.90285,Peaton,El primer evento no fue una colision con un vehiculo automotor en transporte,Not an Intersection,No fue interseccion,Sobre calle,Ninguna,Oscuro sin iluminacion,Despejado,No,NO APLICA,99,99,99,99,1,19/10/2022,1
24,Maryland,240377,0,0,1,0,5,BALTIMORE (5),0,NO APLICA,9,Septiembre,18,2022,14,34,CR-4417,4,Calle del Condado,Urbano,Arteria Menor,County Highway Agency,0,Sin jurisdiccion especial,0,39.33181389,-76.52606111,Zanja,El primer evento no fue una colision con un vehiculo automotor en transporte,T-Intersection,Interseccion de T,Sobre el lado de la calle,Ninguna,Dia total,Despejado,No,NO APLICA,99,99,99,99,1,18/09/2022,1
24,Maryland,240378,0,0,1,0,33,PRINCE GEORGE`S (33),0,NO APLICA,10,Octubre,24,2022,22,11,CR-193,4,Calle del Condado,Urbano,Colector Mayor,County Highway Agency,0,Sin jurisdiccion especial,18,38.77423889,-76.97016111,Poste o otros soportes,El primer evento no fue una colision con un vehiculo automotor en transporte,Not an Intersection,No fue interseccion,Sobre el lado de la calle,Ninguna,Oscuro con iluminacion,Nublado,No,NO APLICA,99,99,99,99,1,24/10/2022,1
24,Maryland,240379,0,0,2,0,27,HOWARD (27),0,NO APLICA,10,Octubre,25,2022,1,28,I-95,1,Interestatal,Urbano,Interestatal,State Highway Agency,1,Sin jurisdiccion especial,83,39.20333333,-76.75605556,Vehiculo en movimiento,Frente a Detrás,Not an Intersection,No fue interseccion,Sobre calle,Ninguna,Oscuro sin iluminacion,lluvia,No,NO APLICA,99,99,99,99,1,25/10/2022,6
24,Maryland,240380,0,0,1,0,43,WASHINGTON (43),0,NO APLICA,10,Octubre,31,2022,20,8,US-40,2,US Highway,Urbano,Arteria Menor,State Highway Agency,0,Sin jurisdiccion especial,402,39.59261111,-77.67772222,Acotamiento,El primer evento no fue una colision con un vehiculo automotor en transporte,Not an Intersection,No fue interseccion,Sobre el lado de la calle,Ninguna,Oscuro - iluminacion desconocida,lluvia,No,NO APLICA,99,99,99,99,1,31/10/2022,3
24,Maryland,240381,0,0,1,0,43,WASHINGTON (43),0,NO APLICA,11,Noviembre,2,2022,6,48,SR-65,3,Highway estatal,Urbano,Arteria Menor,State Highway Agency,0,Sin jurisdiccion especial,32,39.49636944,-77.74996944,Animal vivo,El primer evento no fue una colision con un vehiculo automotor en transporte,Not an Intersection,No fue interseccion,Sobre calle,Ninguna,Oscuro con iluminacion,Despejado,No,NO APLICA,99,99,99,99,1,02/11/2022,1
24,Maryland,240382,0,0,2,0,23,GARRETT (23),0,NO APLICA,10,Octubre,28,2022,6,58,SR-42,3,Highway estatal,Urbano,Colector Mayor,State Highway Agency,0,Sin jurisdiccion especial,15,39.59329722,-79.37101944,Vehiculo en movimiento,Frente a frente,Not an Intersection,No fue interseccion,Sobre calle,Ninguna,Oscuro sin iluminacion,Despejado,No,NO APLICA,99,99,99,99,1,28/10/2022,2
24,Maryland,240383,0,0,4,0,33,PRINCE GEORGE`S (33),0,NO APLICA,10,Octubre,14,2022,14,44,CR-1203,4,Calle del Condado,Urbano,Arteria Menor,County Highway Agency,0,Sin jurisdiccion especial,24,38.81037778,-76.99190833,Vehiculo en movimiento,Golpe Lateral - misma direccion,Not an Intersection,No fue interseccion,Sobre calle,"Zona de trabajo, tipo desconocido",Dia total,Despejado,No,NO APLICA,99,99,99,99,1,14/10/2022,4
24,Maryland,240384,1,1,2,1,33,PRINCE GEORGE`S (33),0,NO APLICA,10,Octubre,20,2022,10,9,SR-650,3,Highway estatal,Urbano,Arteria Principal,State Highway Agency,0,Sin jurisdiccion especial,30,39.00435833,-76.98083611,Peaton,El primer evento no fue una colision con un vehiculo automotor en transporte,T-Intersection,Interseccion de T,Fuera de la calle,"Zona de trabajo, tipo desconocido",Dia total,Despejado,No,NO APLICA,99,99,99,99,1,20/10/2022,2
24,Maryland,240385,1,1,1,0,31,MONTGOMERY (31),0,NO APLICA,10,Octubre,23,2022,23,0,SR-97,3,Highway estatal,Urbano,Arteria Principal,State Highway Agency,1,Sin jurisdiccion especial,57,39.069325,-77.06226111,Ciclista,El primer evento no fue una colision con un vehiculo automotor en transporte,T-Intersection,Interseccion de T,Sobre calle,Ninguna,Oscuro sin iluminacion,lluvia,No,NO APLICA,99,99,99,99,1,23/10/2022,1
24,Maryland,240386,0,0,2,0,9,CALVERT (9),0,NO APLICA,11,Noviembre,2,2022,12,44,SR-2,3,Highway estatal,Urbano,Arteria Principal,State Highway Agency,1,Sin jurisdiccion especial,37,38.38037222,-76.439125,Vehiculo en movimiento,Angulo,T-Intersection,Interseccion de T,Sobre calle,Ninguna,Dia total,Despejado,No,NO APLICA,99,99,99,99,1,02/11/2022,2
24,Maryland,240387,0,0,1,0,33,PRINCE GEORGE`S (33),0,NO APLICA,3,Marzo,12,2022,7,4,SR-295,3,Highway estatal,Urbano,Arterial Principal -Freeway o ExpressWay,State Highway Agency,1,Servicio de Parques Nacional,99998,39.05646667,-76.83900556,Banqueta,El primer evento no fue una colision con un vehiculo automotor en transporte,Not an Intersection,No fue interseccion,En el medio,Ninguna,Oscuro sin iluminacion,Despejado,No,NO APLICA,99,99,99,99,1,12/03/2022,1
24,Maryland,240388,0,0,2,0,5,BALTIMORE (5),0,NO APLICA,10,Octubre,22,2022,20,30,I-695,1,Interestatal,Urbano,Interestatal,State Highway Agency,1,Sin jurisdiccion especial,68,39.29881389,-76.74289722,Vehiculo en movimiento,Frente a Detrás,Not an Intersection,No fue interseccion,Sobre calle,Ninguna,Oscuro sin iluminacion,Despejado,No,NO APLICA,99,99,99,99,1,22/10/2022,3
24,Maryland,240389,0,0,2,0,33,PRINCE GEORGE`S (33),0,NO APLICA,11,Noviembre,4,2022,23,24,I-95,1,Interestatal,Urbano,Interestatal,State Highway Agency,1,Sin jurisdiccion especial,43,38.80976944,-76.96624444,Vehiculo en movimiento,Golpe Lateral - misma direccion,Not an Intersection,No fue interseccion,Sobre calle,Ninguna,Oscuro con iluminacion,Despejado,No,NO APLICA,99,99,99,99,1,04/11/2022,2
24,Maryland,240390,0,0,1,0,31,MONTGOMERY (31),0,NO APLICA,11,Noviembre,6,2022,1,49,SR-97,3,Highway estatal,Urbano,Arteria Principal,State Highway Agency,1,Sin jurisdiccion especial,58,39.07208611,-77.06432222,Arbol,El primer evento no fue una colision con un vehiculo automotor en transporte,Not an Intersection,No fue interseccion,Fuera de la calle,Ninguna,Oscuro con iluminacion,Despejado,No,NO APLICA,99,99,99,99,1,06/11/2022,1
24,Maryland,240391,0,0,1,0,21,FREDERICK (21),0,NO APLICA,11,Noviembre,6,2022,0,26,CR-97,4,Calle del Condado,Urbano,Arteria Menor,County Highway Agency,0,Sin jurisdiccion especial,48,39.50566944,-77.50123056,Arbol,El primer evento no fue una colision con un vehiculo automotor en transporte,Not an Intersection,No fue interseccion,Sobre el lado de la calle,Ninguna,Oscuro sin iluminacion,Despejado,No,NO APLICA,99,99,99,99,1,06/11/2022,1
24,Maryland,240392,0,0,2,0,5,BALTIMORE (5),0,NO APLICA,6,Junio,29,2022,12,8,SR-45,3,Highway estatal,Urbano,Colector Mayor,State Highway Agency,0,Sin jurisdiccion especial,251,39.71166111,-76.65185556,Vehiculo en movimiento,Angulo,Not an Intersection,No fue interseccion,Sobre calle,Ninguna,Dia total,Despejado,No,NO APLICA,99,99,99,99,1,29/06/2022,4
24,Maryland,240393,0,0,2,0,510,BALTIMORE (CITY) (510),50,BALTIMORE,6,Junio,5,2022,18,53,MU-1021,6,Calle Local Municipalidad,Urbano,Arteria Principal,City or Municipal Highway Agency,0,Sin jurisdiccion especial,10,39.36471389,-76.60718889,Vehiculo en movimiento,Angulo,T-Intersection,Interseccion de T,Sobre calle,Ninguna,Dia total,Despejado,No,NO APLICA,99,99,99,99,1,05/06/2022,3
24,Maryland,240394,0,0,5,0,510,BALTIMORE (CITY) (510),50,BALTIMORE,6,Junio,28,2022,12,22,MU-100,6,Calle Local Municipalidad,Urbano,Arteria Principal,City or Municipal Highway Agency,1,Sin jurisdiccion especial,12,39.245325,-76.63415278,Banqueta,El primer evento no fue una colision con un vehiculo automotor en transporte,Not an Intersection,No fue interseccion,En el medio,Ninguna,Dia total,Nublado,No,NO APLICA,99,99,99,99,1,28/06/2022,11
24,Maryland,240395,1,1,1,0,33,PRINCE GEORGE`S (33),0,NO APLICA,10,Octubre,25,2022,0,11,SR-704,3,Highway estatal,Urbano,Arteria Principal,State Highway Agency,1,Sin jurisdiccion especial,45,38.9393,-76.85629722,Peaton,El primer evento no fue una colision con un vehiculo automotor en transporte,Not an Intersection,No fue interseccion,Sobre calle,Ninguna,Otra,lluvia,No,NO APLICA,99,99,99,99,1,25/10/2022,1
24,Maryland,240396,2,2,2,1,3,ANNE ARUNDEL (3),9997,Other,2,Febrero,10,2022,0,10,SR-295,3,Highway estatal,Urbano,Arterial Principal -Freeway o ExpressWay,National Park Service,1,Servicio de Parques Nacional,99998,39.09830556,-76.79913889,Vehiculo Aparcado,El primer evento no fue una colision con un vehiculo automotor en transporte,Not an Intersection,No fue interseccion,Sobre Acotamiento,Ninguna,Oscuro sin iluminacion,Despejado,No,NO APLICA,99,99,99,99,1,10/02/2022,1
24,Maryland,240397,0,0,2,0,5,BALTIMORE (5),0,NO APLICA,4,Abril,17,2022,11,38,CR-4457,4,Calle del Condado,Urbano,Arteria Menor,County Highway Agency,0,Sin jurisdiccion especial,0,39.35621389,-76.51011944,Vehiculo en movimiento,Angulo,Not an Intersection,No fue interseccion,Sobre calle,Ninguna,Dia total,Despejado,No,NO APLICA,99,99,99,99,1,17/04/2022,3
24,Maryland,240398,0,0,2,0,5,BALTIMORE (5),0,NO APLICA,8,Agosto,17,2022,9,7,CR-6539,4,Calle del Condado,Urbano,Arteria Menor,County Highway Agency,0,Sin jurisdiccion especial,34,39.40783333,-76.44496389,Vehiculo en movimiento,Frente a frente,Not an Intersection,No fue interseccion,Sobre calle,Ninguna,Dia total,Despejado,No,NO APLICA,99,99,99,99,1,17/08/2022,2
24,Maryland,240399,2,2,1,0,31,MONTGOMERY (31),0,NO APLICA,11,Noviembre,8,2022,7,20,MU-345,6,Calle Local Municipalidad,Not Reported,No reportado,City or Municipal Highway Agency,9,Sin jurisdiccion especial,1,39.11820833,-77.21494722,Peaton,El primer evento no fue una colision con un vehiculo automotor en transporte,T-Intersection,Interseccion de T,Sobre calle,Ninguna,Dia total,Despejado,No,NO APLICA,99,99,99,99,2,08/11/2022,1
24,Maryland,240400,0,0,2,0,27,HOWARD (27),0,NO APLICA,10,Octubre,30,2022,21,50,US-1,2,US Highway,Urbano,Arteria Principal,State Highway Agency,1,Sin jurisdiccion especial,60,39.17452222,-76.77868889,Vehiculo en movimiento,Frente a frente,Four-Way Intersection,Interseccion de 4 direcciones,Sobre calle,Ninguna,Oscuro con iluminacion,Despejado,No,NO APLICA,99,99,99,99,1,30/10/2022,3
24,Maryland,240401,0,0,3,0,33,PRINCE GEORGE`S (33),710,GREENBELT,2,Febrero,5,2022,4,41,SR-295,3,Highway estatal,Urbano,Arterial Principal -Freeway o ExpressWay,National Park Service,1,Servicio de Parques Nacional,99998,38.98872222,-76.88888889,Vehiculo en movimiento,Golpe Lateral - misma direccion,Not an Intersection,No fue interseccion,Sobre calle,Ninguna,Oscuro sin iluminacion,Despejado,No,NO APLICA,99,99,99,99,1,05/02/2022,6