Estado,Nombre de Estado,Numero de Caso,Peatones,Personas _no_vehiculos,Vehiculos automotores,Vehiculos estacionados,Condado,Nombre Condado,Ciudad,Nombre Ciudad,Mes,Nombre Mes,Dia,Año,Hora,Minuto,Calle,Ruta,Nombre Ruta,Rural o Urbanoo,Sistema Funcional,Dueño Calle,Sistema Nacional Carreteras,Jurisdiccion Especial,Milla,Latitud,Longitud,Causa del Accidente,Tipo de Accidente,Tipo Interseccion,Columna1,Lugar en la calle,Zona de Trabajo,Luz,Clima,Autobus Escolar,Cruce de Trenes,Hora Notificacion,Minuto Notificacion,Hora Llegada,Minuto Llegada,Decesos,Fecha,PersonaVehiculo
24,Maryland,240402,1,1,1,0,5,BALTIMORE (5),0,NO APLICA,3,Marzo,26,2022,6,26,SR-702,3,Highway estatal,Urbano,Arterial Principal -Freeway o ExpressWay,State Highway Agency,0,Sin jurisdiccion especial,21,39.33421667,-76.48938611,Peaton,El primer evento no fue una colision con un vehiculo automotor en transporte,Four-Way Intersection,Interseccion de 4 direcciones,Sobre calle,Ninguna,Oscuro con iluminacion,Despejado,No,NO APLICA,99,99,99,99,1,26/03/2022,1
24,Maryland,240403,0,0,1,0,9,CALVERT (9),0,NO APLICA,10,Octubre,2,2022,17,42,CR-36,4,Calle del Condado,Urbano,Colector Mayor,County Highway Agency,0,Sin jurisdiccion especial,39,38.60581389,-76.52190833,Buzon de correo,El primer evento no fue una colision con un vehiculo automotor en transporte,Not an Intersection,No fue interseccion,Sobre el lado de la calle,Ninguna,Dia total,lluvia,No,NO APLICA,99,99,99,99,1,02/10/2022,1
24,Maryland,240404,0,0,2,0,9,CALVERT (9),0,NO APLICA,11,Noviembre,5,2022,22,9,SR-2,3,Highway estatal,Urbano,Arteria Principal,State Highway Agency,1,Sin jurisdiccion especial,205,38.56342222,-76.599925,Vehiculo en movimiento,Frente a Detrás,T-Intersection,Interseccion de T,Sobre calle,Ninguna,Oscuro - iluminacion desconocida,Despejado,No,NO APLICA,99,99,99,99,1,05/11/2022,2
24,Maryland,240405,0,0,1,0,21,FREDERICK (21),0,NO APLICA,11,Noviembre,9,2022,20,22,CR-93,4,Calle del Condado,Rural,Local,County Highway Agency,0,Sin jurisdiccion especial,35,39.61168611,-77.501625,Arbol,El primer evento no fue una colision con un vehiculo automotor en transporte,Not an Intersection,No fue interseccion,Sobre el lado de la calle,Ninguna,Oscuro sin iluminacion,Despejado,No,NO APLICA,99,99,99,99,1,09/11/2022,1
24,Maryland,240406,0,0,3,0,27,HOWARD (27),0,NO APLICA,10,Octubre,26,2022,4,45,I-95,1,Interestatal,Urbano,Interestatal,State Highway Agency,1,Sin jurisdiccion especial,41,39.15876111,-76.82941944,Vehiculo en movimiento,Angulo,Not an Intersection,No fue interseccion,Sobre calle,Ninguna,Oscuro con iluminacion,lluvia,No,NO APLICA,99,99,99,99,1,26/10/2022,3
24,Maryland,240407,0,0,1,0,15,CECIL (15),0,NO APLICA,11,Noviembre,7,2022,3,8,I-95,1,Interestatal,Urbano,Interestatal,State Highway Agency,1,Sin jurisdiccion especial,10,39.59059444,-76.07051389,Valla Ferrocarril,El primer evento no fue una colision con un vehiculo automotor en transporte,Not an Intersection,No fue interseccion,Gore?,Ninguna,Oscuro con iluminacion,Despejado,No,NO APLICA,99,99,99,99,1,07/11/2022,1
24,Maryland,240408,1,1,2,0,3,ANNE ARUNDEL (3),0,NO APLICA,11,Noviembre,7,2022,19,13,SR-648E,3,Highway estatal,Urbano,Arteria Menor,State Highway Agency,0,Sin jurisdiccion especial,62,39.20202222,-76.64172222,Peaton,El primer evento no fue una colision con un vehiculo automotor en transporte,T-Intersection,Interseccion de T,Sobre calle,Ninguna,Oscuro con iluminacion,Despejado,No,NO APLICA,99,99,99,99,1,07/11/2022,2
24,Maryland,240409,1,1,1,0,33,PRINCE GEORGE`S (33),0,NO APLICA,11,Noviembre,12,2022,11,38,SR-201,3,Highway estatal,Urbano,Arterial Principal -Freeway o ExpressWay,State Highway Agency,1,Sin jurisdiccion especial,64,38.99298333,-76.90272778,Peaton,El primer evento no fue una colision con un vehiculo automotor en transporte,Not an Intersection,No fue interseccion,Sobre Acotamiento,Ninguna,Dia total,Nublado,No,NO APLICA,99,99,99,99,1,12/11/2022,1
24,Maryland,240410,0,0,2,0,15,CECIL (15),0,NO APLICA,11,Noviembre,12,2022,19,8,US-40,2,US Highway,Urbano,Arteria Principal,State Highway Agency,1,Sin jurisdiccion especial,130,39.60726667,-75.86084444,Vehiculo en movimiento,Angulo,Not Reported,No reportado,Sobre calle,Ninguna,Oscuro sin iluminacion,No reportado,No,NO APLICA,99,99,99,99,3,12/11/2022,3
24,Maryland,240411,1,1,1,0,33,PRINCE GEORGE`S (33),0,NO APLICA,11,Noviembre,14,2022,18,57,CR-367,4,Calle del Condado,Urbano,Arteria Principal,County Highway Agency,0,Sin jurisdiccion especial,28,38.865025,-76.89345,Peaton,El primer evento no fue una colision con un vehiculo automotor en transporte,Not an Intersection,No fue interseccion,Sobre calle,Ninguna,Oscuro con iluminacion,Nublado,No,NO APLICA,99,99,99,99,1,14/11/2022,1
24,Maryland,240412,0,0,2,0,17,CHARLES (17),0,NO APLICA,11,Noviembre,6,2022,20,46,SR-6,3,Highway estatal,Urbano,Colector Mayor,State Highway Agency,0,Sin jurisdiccion especial,161,38.48476944,-77.12598889,Vehiculo en movimiento,Frente a frente,T-Intersection,Interseccion de T,Sobre calle,Ninguna,Oscuro con iluminacion,Despejado,No,NO APLICA,99,99,99,99,1,06/11/2022,2
24,Maryland,240413,0,0,2,0,31,MONTGOMERY (31),0,NO APLICA,1,Enero,8,2022,14,0,CR-3770,4,Calle del Condado,Urbano,Arteria Menor,County Highway Agency,0,Sin jurisdiccion especial,18,39.18015278,-77.20990278,Vehiculo en movimiento,Angulo,Not an Intersection,No fue interseccion,Sobre calle,Ninguna,Dia total,Despejado,No,NO APLICA,99,99,99,99,1,08/01/2022,2
24,Maryland,240414,1,1,1,0,31,MONTGOMERY (31),0,NO APLICA,10,Octubre,28,2022,20,59,SR-355,3,Highway estatal,Urbano,Arteria Principal,State Highway Agency,0,Sin jurisdiccion especial,81,39.07306667,-77.13410278,Peaton,El primer evento no fue una colision con un vehiculo automotor en transporte,Not an Intersection,No fue interseccion,Sobre calle,Ninguna,Oscuro con iluminacion,Despejado,No,NO APLICA,99,99,99,99,1,28/10/2022,2
24,Maryland,240415,1,1,1,0,31,MONTGOMERY (31),0,NO APLICA,11,Noviembre,17,2022,8,29,CR-4908,4,Calle del Condado,Urbano,Colector Menor,County Highway Agency,0,Sin jurisdiccion especial,1,39.09741111,-77.19563333,Peaton,El primer evento no fue una colision con un vehiculo automotor en transporte,Four-Way Intersection,Interseccion de 4 direcciones,Sobre calle,Ninguna,Dia total,Despejado,No,NO APLICA,99,99,99,99,1,17/11/2022,1
24,Maryland,240416,0,0,2,0,13,CARROLL (13),0,NO APLICA,6,Junio,14,2022,16,53,MU-651,6,Calle Local Municipalidad,Urbano,Colector Mayor,City or Municipal Highway Agency,0,Sin jurisdiccion especial,1,39.58614722,-76.98712222,Vehiculo en movimiento,Frente a frente,Four-Way Intersection,Interseccion de 4 direcciones,Sobre calle,Ninguna,Dia total,Despejado,No,NO APLICA,99,99,99,99,1,14/06/2022,4
24,Maryland,240417,0,0,2,0,27,HOWARD (27),0,NO APLICA,10,Octubre,29,2022,23,44,CR-1312,4,Calle del Condado,Urbano,Arteria Principal,County Highway Agency,0,Sin jurisdiccion especial,2,39.30275833,-76.82203056,Vehiculo en movimiento,Angulo,Not an Intersection,No fue interseccion,Sobre calle,Ninguna,Oscuro sin iluminacion,Despejado,No,NO APLICA,99,99,99,99,1,29/10/2022,4
24,Maryland,240418,1,1,2,0,27,HOWARD (27),0,NO APLICA,10,Octubre,19,2022,23,59,I-70,1,Interestatal,Urbano,Interestatal,State Highway Agency,1,Sin jurisdiccion especial,38,39.34022778,-77.06370556,Vehiculo en movimiento,Frente a Detrás,Not an Intersection,No fue interseccion,Sobre calle,Ninguna,Oscuro sin iluminacion,Despejado,No,NO APLICA,99,99,99,99,1,19/10/2022,1
24,Maryland,240419,0,0,2,0,43,WASHINGTON (43),0,NO APLICA,11,Noviembre,15,2022,13,33,CR-114,4,Calle del Condado,Urbano,Colector Mayor,County Highway Agency,0,Sin jurisdiccion especial,10,39.70954722,-77.78546111,Vehiculo en movimiento,Frente a frente,Not an Intersection,No fue interseccion,Sobre calle,Ninguna,Dia total,lluvia,No,NO APLICA,99,99,99,99,1,15/11/2022,4
24,Maryland,240420,0,0,1,0,41,TALBOT (41),0,NO APLICA,11,Noviembre,19,2022,4,41,CR-17,4,Calle del Condado,Rural,Local,County Highway Agency,0,Sin jurisdiccion especial,69,38.87938333,-76.05094444,Arbol,El primer evento no fue una colision con un vehiculo automotor en transporte,Not an Intersection,No fue interseccion,Sobre el lado de la calle,Ninguna,Oscuro sin iluminacion,Despejado,No,NO APLICA,99,99,99,99,1,19/11/2022,2
24,Maryland,240421,1,1,1,0,5,BALTIMORE (5),0,NO APLICA,11,Noviembre,19,2022,7,19,I-95,1,Interestatal,Urbano,Interestatal,State Highway Agency,1,Sin jurisdiccion especial,209,39.37052222,-76.46046389,Otro objeto (no fijo),El primer evento no fue una colision con un vehiculo automotor en transporte,Not an Intersection,No fue interseccion,Sobre Acotamiento,Ninguna,Dia total,Despejado,No,NO APLICA,99,99,99,99,1,19/11/2022,1
24,Maryland,240422,0,0,2,0,33,PRINCE GEORGE`S (33),0,NO APLICA,11,Noviembre,5,2022,7,55,I-95,1,Interestatal,Urbano,Interestatal,State Highway Agency,1,Sin jurisdiccion especial,285,39.05748611,-76.92716944,Vehiculo en movimiento,Frente a Detrás,Not an Intersection,No fue interseccion,Sobre Acotamiento,Ninguna,Dia total,Despejado,No,NO APLICA,99,99,99,99,1,05/11/2022,2
24,Maryland,240423,0,0,5,0,3,ANNE ARUNDEL (3),0,NO APLICA,11,Noviembre,19,2022,0,43,I-97,1,Interestatal,Urbano,Interestatal,State Highway Agency,1,Sin jurisdiccion especial,67,39.06966944,-76.65224722,Vehiculo en movimiento,Frente a frente,Not an Intersection,No fue interseccion,Sobre calle,Ninguna,Oscuro con iluminacion,Despejado,No,NO APLICA,99,99,99,99,1,19/11/2022,7
24,Maryland,240424,3,3,1,0,25,HARFORD (25),0,NO APLICA,11,Noviembre,24,2022,2,19,I-95,1,Interestatal,Urbano,Interestatal,State Highway Agency,1,Sin jurisdiccion especial,113,39.52013056,-76.19905278,Peaton,El primer evento no fue una colision con un vehiculo automotor en transporte,Not an Intersection,No fue interseccion,Sobre Acotamiento,Ninguna,Oscuro con iluminacion,Despejado,No,NO APLICA,99,99,99,99,1,24/11/2022,1
24,Maryland,240425,0,0,1,0,3,ANNE ARUNDEL (3),0,NO APLICA,11,Noviembre,8,2022,13,32,SR-214,3,Highway estatal,Urbano,Arteria Menor,State Highway Agency,0,Sin jurisdiccion especial,19,38.91731667,-76.64135556,Arbol,El primer evento no fue una colision con un vehiculo automotor en transporte,Not an Intersection,No fue interseccion,Sobre el lado de la calle,Ninguna,Dia total,Despejado,No,NO APLICA,99,99,99,99,1,08/11/2022,3
24,Maryland,240426,0,0,1,0,45,WICOMICO (45),0,NO APLICA,11,Noviembre,28,2022,22,48,US-50BU,2,US Highway,Urbano,Arteria Principal,State Highway Agency,1,Sin jurisdiccion especial,12,38.38901389,-75.62221389,Suelo,El primer evento no fue una colision con un vehiculo automotor en transporte,Not an Intersection,No fue interseccion,Sobre el lado de la calle,Ninguna,Oscuro - iluminacion desconocida,Despejado,No,NO APLICA,99,99,99,99,1,28/11/2022,1
24,Maryland,240427,0,0,1,0,33,PRINCE GEORGE`S (33),0,NO APLICA,11,Noviembre,27,2022,5,35,I-95,1,Interestatal,Urbano,Interestatal,State Highway Agency,1,Sin jurisdiccion especial,131,38.87231944,-76.84401389,Culvert,El primer evento no fue una colision con un vehiculo automotor en transporte,Not an Intersection,No fue interseccion,Gore?,Ninguna,Oscuro con iluminacion,Despejado,No,NO APLICA,99,99,99,99,1,27/11/2022,1
24,Maryland,240428,0,0,1,0,5,BALTIMORE (5),0,NO APLICA,7,Julio,31,2022,22,18,CR-722,4,Calle del Condado,Urbano,Colector Mayor,County Highway Agency,0,Sin jurisdiccion especial,95,39.47615278,-76.76284722,Barda,El primer evento no fue una colision con un vehiculo automotor en transporte,Not an Intersection,No fue interseccion,Sobre el lado de la calle,Ninguna,Oscuro con iluminacion,lluvia,No,NO APLICA,99,99,99,99,1,31/07/2022,1
24,Maryland,240429,1,1,2,1,510,BALTIMORE (CITY) (510),0,NO APLICA,6,Junio,9,2022,16,43,MU-4200,6,Calle Local Municipalidad,Urbano,Colector Mayor,County Highway Agency,0,Sin jurisdiccion especial,2,39.30202222,-76.63258889,Peaton,El primer evento no fue una colision con un vehiculo automotor en transporte,Not an Intersection,No fue interseccion,Sobre calle,Ninguna,Dia total,Despejado,No,NO APLICA,99,99,99,99,1,09/06/2022,3
24,Maryland,240430,1,1,1,0,47,WORCESTER (47),0,NO APLICA,10,Octubre,6,2022,20,14,OP-451,8,Otro,Not Reported,No reportado,Other State Agency,0,Sin jurisdiccion especial,0,38.33833056,-75.14400833,Peaton,El primer evento no fue una colision con un vehiculo automotor en transporte,Not an Intersection,No fue interseccion,Sobre calle,Ninguna,Oscuro sin iluminacion,Despejado,No,NO APLICA,99,99,99,99,1,06/10/2022,1
24,Maryland,240432,0,0,1,0,21,FREDERICK (21),0,NO APLICA,12,Diciembre,3,2022,12,24,I-70,1,Interestatal,Urbano,Interestatal,State Highway Agency,1,Sin jurisdiccion especial,78,39.45573611,-77.50603611,Acotamiento,El primer evento no fue una colision con un vehiculo automotor en transporte,Not an Intersection,No fue interseccion,Sobre el lado de la calle,Ninguna,Dia total,Nublado,No,NO APLICA,99,99,99,99,1,03/12/2022,1
24,Maryland,240433,0,0,1,0,43,WASHINGTON (43),0,NO APLICA,12,Diciembre,4,2022,2,31,SR-67,3,Highway estatal,Urbano,Arteria Menor,State Highway Agency,0,Sin jurisdiccion especial,90,39.45363889,-77.66499167,Arbol,El primer evento no fue una colision con un vehiculo automotor en transporte,Not an Intersection,No fue interseccion,Sobre el lado de la calle,Ninguna,Oscuro - iluminacion desconocida,Nublado,No,NO APLICA,99,99,99,99,1,04/12/2022,2
24,Maryland,240434,1,1,2,0,33,PRINCE GEORGE`S (33),0,NO APLICA,11,Noviembre,28,2022,20,34,SR-210,3,Highway estatal,Urbano,Arteria Menor,State Highway Agency,0,Sin jurisdiccion especial,77,38.73372222,-76.99075833,Vehiculo en movimiento,Golpe Lateral - misma direccion,Not an Intersection,No fue interseccion,Sobre calle,Ninguna,Oscuro sin iluminacion,Despejado,No,NO APLICA,99,99,99,99,1,28/11/2022,1
24,Maryland,240435,0,2,5,2,25,HARFORD (25),0,NO APLICA,12,Diciembre,7,2022,6,44,I-95,1,Interestatal,Urbano,Interestatal,State Highway Agency,1,Sin jurisdiccion especial,82,39.49270278,-76.23755556,Vehiculo Aparcado,El primer evento no fue una colision con un vehiculo automotor en transporte,Not an Intersection,No fue interseccion,Sobre Acotamiento,Ninguna,Oscuro sin iluminacion,lluvia,No,NO APLICA,99,99,99,99,1,07/12/2022,3
24,Maryland,240436,0,0,1,0,3,ANNE ARUNDEL (3),0,NO APLICA,11,Noviembre,30,2022,10,42,I-97,1,Interestatal,Urbano,Interestatal,State Highway Agency,1,Sin jurisdiccion especial,121,39.11883889,-76.63723611,Valla Ferrocarril,El primer evento no fue una colision con un vehiculo automotor en transporte,Not an Intersection,No fue interseccion,En el medio,Ninguna,Dia total,lluvia,No,NO APLICA,99,99,99,99,1,30/11/2022,1
24,Maryland,240437,0,0,2,0,1,ALLEGANY (1),0,NO APLICA,11,Noviembre,10,2022,9,4,SR-35,3,Highway estatal,Urbano,Arteria Menor,State Highway Agency,0,Sin jurisdiccion especial,0,39.69717778,-78.78923056,Vehiculo en movimiento,Frente a frente,Not an Intersection,No fue interseccion,Sobre calle,Ninguna,Dia total,No reportado,No,NO APLICA,99,99,99,99,1,10/11/2022,3
24,Maryland,240438,0,0,4,0,27,HOWARD (27),0,NO APLICA,12,Diciembre,2,2022,18,14,US-29,2,US Highway,Urbano,Arterial Principal -Freeway o ExpressWay,State Highway Agency,1,Sin jurisdiccion especial,114,39.2638,-76.81926389,Vehiculo en movimiento,Frente a Detrás,Not an Intersection,No fue interseccion,Sobre calle,Ninguna,Oscuro sin iluminacion,Despejado,No,NO APLICA,99,99,99,99,1,02/12/2022,8
24,Maryland,240439,1,1,2,0,33,PRINCE GEORGE`S (33),0,NO APLICA,12,Diciembre,4,2022,10,2,I-95,1,Interestatal,Urbano,Interestatal,State Highway Agency,1,Sin jurisdiccion especial,307,39.07323333,-76.90631944,Peaton,El primer evento no fue una colision con un vehiculo automotor en transporte,Not an Intersection,No fue interseccion,Sobre calle,Ninguna,Dia total,Despejado,No,NO APLICA,99,99,99,99,1,04/12/2022,3
24,Maryland,240440,0,0,2,0,17,CHARLES (17),0,NO APLICA,12,Diciembre,5,2022,15,54,SR-234,3,Highway estatal,Urbano,Arteria Menor,State Highway Agency,0,Sin jurisdiccion especial,6,38.41099167,-76.946475,Vehiculo en movimiento,Frente a frente,Not an Intersection,No fue interseccion,Sobre calle,Ninguna,Dia total,Despejado,No,NO APLICA,99,99,99,99,1,05/12/2022,2
24,Maryland,240441,0,0,2,0,21,FREDERICK (21),0,NO APLICA,12,Diciembre,6,2022,6,36,SR-26,3,Highway estatal,Urbano,Arteria Principal,State Highway Agency,0,Sin jurisdiccion especial,11,39.44847778,-77.38626667,Vehiculo en movimiento,Angulo,Four-Way Intersection,Interseccion de 4 direcciones,Sobre calle,Ninguna,Oscuro con iluminacion,Despejado,No,NO APLICA,99,99,99,99,1,06/12/2022,2
24,Maryland,240442,0,0,2,0,25,HARFORD (25),0,NO APLICA,12,Diciembre,7,2022,8,41,I-95,1,Interestatal,Urbano,Interestatal,State Highway Agency,1,Sin jurisdiccion especial,45,39.45836667,-76.30653056,Vehiculo en movimiento,Frente a Detrás,Not an Intersection,No fue interseccion,Sobre calle,Ninguna,Dia total,Neblina o Humo,No,NO APLICA,99,99,99,99,1,07/12/2022,2
24,Maryland,240443,1,1,1,0,27,HOWARD (27),0,NO APLICA,12,Diciembre,13,2022,19,18,SR-27,3,Highway estatal,Urbano,Arteria Principal,State Highway Agency,1,Sin jurisdiccion especial,12,39.34483333,-77.18061667,Peaton,El primer evento no fue una colision con un vehiculo automotor en transporte,Not an Intersection,No fue interseccion,Sobre calle,Ninguna,Oscuro sin iluminacion,No reportado,No,NO APLICA,99,99,99,99,1,13/12/2022,1
24,Maryland,240444,0,0,1,0,33,PRINCE GEORGE`S (33),0,NO APLICA,11,Noviembre,7,2022,0,0,US-301,2,US Highway,Urbano,Arteria Principal,State Highway Agency,1,Sin jurisdiccion especial,81,38.753575,-76.81177222,Arbol,El primer evento no fue una colision con un vehiculo automotor en transporte,Not an Intersection,No fue interseccion,Sobre el lado de la calle,Ninguna,Oscuro - iluminacion desconocida,Despejado,No,NO APLICA,99,99,99,99,1,07/11/2022,1
24,Maryland,240445,1,1,1,0,33,PRINCE GEORGE`S (33),0,NO APLICA,12,Diciembre,1,2022,3,55,SR-5,3,Highway estatal,Urbano,Colector Mayor,State Highway Agency,0,Sin jurisdiccion especial,132,38.8314,-76.9362,Peaton,El primer evento no fue una colision con un vehiculo automotor en transporte,Not an Intersection,No fue interseccion,Sobre calle,Ninguna,Oscuro sin iluminacion,Despejado,No,NO APLICA,99,99,99,99,1,01/12/2022,1
24,Maryland,240446,1,1,1,0,33,PRINCE GEORGE`S (33),0,NO APLICA,12,Diciembre,3,2022,20,53,SR-5,3,Highway estatal,Urbano,Arterial Principal -Freeway o ExpressWay,State Highway Agency,1,Sin jurisdiccion especial,107,38.80363333,-76.90514444,Peaton,El primer evento no fue una colision con un vehiculo automotor en transporte,Not an Intersection,No fue interseccion,Sobre calle,Ninguna,Oscuro con iluminacion,Despejado,No,NO APLICA,99,99,99,99,1,03/12/2022,1
24,Maryland,240447,1,1,1,0,5,BALTIMORE (5),0,NO APLICA,1,Enero,5,2022,20,30,US-1,2,US Highway,Urbano,Arteria Principal,State Highway Agency,1,Sin jurisdiccion especial,162,39.36152778,-76.52318056,Peaton,El primer evento no fue una colision con un vehiculo automotor en transporte,Not an Intersection,No fue interseccion,Sobre calle,Ninguna,Oscuro con iluminacion,Despejado,No,NO APLICA,99,99,99,99,1,05/01/2022,1
24,Maryland,240448,1,1,1,0,33,PRINCE GEORGE`S (33),0,NO APLICA,12,Diciembre,17,2022,0,43,SR-201,3,Highway estatal,Urbano,Arteria Principal,State Highway Agency,1,Sin jurisdiccion especial,36,38.957325,-76.92159167,Peaton,El primer evento no fue una colision con un vehiculo automotor en transporte,Not an Intersection,No fue interseccion,Sobre calle,Ninguna,Oscuro con iluminacion,Nublado,No,NO APLICA,99,99,99,99,1,17/12/2022,1
24,Maryland,240449,0,0,2,0,510,BALTIMORE (CITY) (510),0,NO APLICA,12,Diciembre,15,2022,20,46,SR-695,3,Highway estatal,Urbano,Arterial Principal -Freeway o ExpressWay,State Highway Agency,1,Sin jurisdiccion especial,9,39.21031944,-76.53790278,Vehiculo en movimiento,Frente a frente,Not an Intersection,No fue interseccion,Sobre calle,Ninguna,Oscuro con iluminacion,lluvia,No,NO APLICA,99,99,99,99,1,15/12/2022,3
24,Maryland,240450,0,0,1,0,3,ANNE ARUNDEL (3),0,NO APLICA,12,Diciembre,11,2022,12,27,SR-450,3,Highway estatal,Urbano,Colector Mayor,State Highway Agency,0,Sin jurisdiccion especial,48,38.98370833,-76.61115833,Valla Ferrocarril,El primer evento no fue una colision con un vehiculo automotor en transporte,Not an Intersection,No fue interseccion,Sobre el lado de la calle,Ninguna,Dia total,Nublado,No,NO APLICA,99,99,99,99,1,11/12/2022,2
24,Maryland,240451,0,0,1,0,19,DORCHESTER (19),0,NO APLICA,11,Noviembre,28,2022,20,16,MU-903,6,Calle Local Municipalidad,Urbano,Colector Mayor,Town or Township Highway Agency,0,Sin jurisdiccion especial,2,38.54339167,-76.08707222,Otro objeto (no fijo),El primer evento no fue una colision con un vehiculo automotor en transporte,Not an Intersection,No fue interseccion,Fuera de la calle,Ninguna,Oscuro sin iluminacion,Despejado,No,NO APLICA,99,99,99,99,2,28/11/2022,2
24,Maryland,240452,0,0,2,0,510,BALTIMORE (CITY) (510),0,NO APLICA,8,Agosto,31,2022,6,7,SR-26,3,Highway estatal,Urbano,Arteria Principal,State Highway Agency,1,Sin jurisdiccion especial,5,39.33376944,-76.70319722,Vehiculo en movimiento,Angulo,Not an Intersection,No fue interseccion,Sobre calle,Ninguna,Amanecer,Despejado,No,NO APLICA,99,99,99,99,1,31/08/2022,2
24,Maryland,240453,0,0,2,0,5,BALTIMORE (5),0,NO APLICA,11,Noviembre,13,2022,6,18,CR-2250,4,Calle del Condado,Urbano,Arteria Menor,County Highway Agency,0,Sin jurisdiccion especial,26,39.38490833,-76.78812778,Vehiculo en movimiento,Frente a frente,Not an Intersection,No fue interseccion,Sobre calle,Ninguna,Oscuro con iluminacion,Despejado,No,NO APLICA,99,99,99,99,1,13/11/2022,2
24,Maryland,240454,0,0,1,0,3,ANNE ARUNDEL (3),0,NO APLICA,12,Diciembre,15,2022,19,35,SR-100,3,Highway estatal,Urbano,Arterial Principal -Freeway o ExpressWay,State Highway Agency,1,Sin jurisdiccion especial,62,39.15413333,-76.64879167,Barrera de Trafico de Concreto,El primer evento no fue una colision con un vehiculo automotor en transporte,Not an Intersection,No fue interseccion,En el medio,Ninguna,Oscuro con iluminacion,lluvia,No,NO APLICA,99,99,99,99,1,15/12/2022,1
24,Maryland,240455,0,0,2,0,19,DORCHESTER (19),230,CAMBRIDGE,12,Diciembre,16,2022,16,35,SR-16,3,Highway estatal,Urbano,Arteria Menor,State Highway Agency,0,Sin jurisdiccion especial,153,38.54656389,-76.07325278,Vehiculo en movimiento,Frente a frente,Not an Intersection,No fue interseccion,Sobre calle,Ninguna,Atardecer,Despejado,No,NO APLICA,99,99,99,99,1,16/12/2022,2
24,Maryland,240456,0,0,1,0,3,ANNE ARUNDEL (3),0,NO APLICA,12,Diciembre,18,2022,19,16,SR-2,3,Highway estatal,Urbano,Arteria Principal,State Highway Agency,1,Sin jurisdiccion especial,196,38.97203889,-76.54258056,Poste,El primer evento no fue una colision con un vehiculo automotor en transporte,Four-Way Intersection,Interseccion de 4 direcciones,Sobre el lado de la calle,Ninguna,Oscuro con iluminacion,Despejado,No,NO APLICA,99,99,99,99,1,18/12/2022,2
24,Maryland,240457,0,0,3,0,1,ALLEGANY (1),0,NO APLICA,12,Diciembre,20,2022,19,24,I-68,1,Interestatal,Urbano,Interestatal,State Highway Agency,1,Sin jurisdiccion especial,32,39.63387778,-78.90978333,Vehiculo en movimiento,Frente a Detrás,Not an Intersection,No fue interseccion,Sobre calle,Ninguna,Oscuro sin iluminacion,Despejado,No,NO APLICA,99,99,99,99,1,20/12/2022,3
24,Maryland,240458,0,0,1,0,33,PRINCE GEORGE`S (33),0,NO APLICA,12,Diciembre,20,2022,21,8,I-595,1,Interestatal,Urbano,Interestatal,State Highway Agency,1,Sin jurisdiccion especial,10,38.94660556,-76.84819167,Zanja,El primer evento no fue una colision con un vehiculo automotor en transporte,Not an Intersection,No fue interseccion,Sobre el lado de la calle,Ninguna,Oscuro sin iluminacion,Despejado,No,NO APLICA,99,99,99,99,1,20/12/2022,1
24,Maryland,240459,2,2,1,0,31,MONTGOMERY (31),0,NO APLICA,12,Diciembre,21,2022,14,3,CR-81,4,Calle del Condado,Urbano,Arteria Menor,County Highway Agency,0,Sin jurisdiccion especial,29,39.13657778,-77.205775,Peaton,El primer evento no fue una colision con un vehiculo automotor en transporte,Four-Way Intersection,Interseccion de 4 direcciones,Sobre calle,Ninguna,Dia total,Despejado,No,NO APLICA,99,99,99,99,1,21/12/2022,1
24,Maryland,240460,1,1,1,0,33,PRINCE GEORGE`S (33),0,NO APLICA,12,Diciembre,22,2022,23,32,SR-458,3,Highway estatal,Urbano,Arteria Principal,State Highway Agency,0,Sin jurisdiccion especial,12,38.84715556,-76.92627778,Peaton,El primer evento no fue una colision con un vehiculo automotor en transporte,Not an Intersection,No fue interseccion,Sobre calle,Ninguna,Oscuro sin iluminacion,lluvia,No,NO APLICA,99,99,99,99,1,22/12/2022,1
24,Maryland,240461,0,0,1,0,21,FREDERICK (21),0,NO APLICA,12,Diciembre,23,2022,11,54,SR-77,3,Highway estatal,Urbano,Arteria Menor,State Highway Agency,0,Sin jurisdiccion especial,20,39.63556667,-77.48794444,Objeto aventado o caido,El primer evento no fue una colision con un vehiculo automotor en transporte,Not an Intersection,No fue interseccion,Sobre calle,Ninguna,Dia total,Vientos cruzados pero de los mamalones,No,NO APLICA,99,99,99,99,1,23/12/2022,1
24,Maryland,240462,0,0,1,0,27,HOWARD (27),0,NO APLICA,12,Diciembre,17,2022,22,8,CR-1140,4,Calle del Condado,Urbano,Arteria Menor,County Highway Agency,0,Sin jurisdiccion especial,5,39.17585556,-76.83845833,Banqueta,El primer evento no fue una colision con un vehiculo automotor en transporte,Not an Intersection,No fue interseccion,Sobre el lado de la calle,Ninguna,Oscuro con iluminacion,Despejado,No,NO APLICA,99,99,99,99,1,17/12/2022,8
24,Maryland,240463,1,1,1,0,21,FREDERICK (21),0,NO APLICA,12,Diciembre,22,2022,1,31,I-70,1,Interestatal,Urbano,Interestatal,State Highway Agency,1,Sin jurisdiccion especial,56,39.48108611,-77.5392,Peaton,El primer evento no fue una colision con un vehiculo automotor en transporte,Not an Intersection,No fue interseccion,Sobre calle,Ninguna,Oscuro sin iluminacion,Nublado,No,NO APLICA,99,99,99,99,1,22/12/2022,1