Estado,Nombre de Estado,Numero de Caso,Peatones,Personas _no_vehiculos,Vehiculos automotores,Vehiculos estacionados,Condado,Nombre Condado,Ciudad,Nombre Ciudad,Mes,Nombre Mes,Dia,Año,Hora,Minuto,Calle,Ruta,Nombre Ruta,Rural o Urbanoo,Sistema Funcional,Dueño Calle,Sistema Nacional Carreteras,Jurisdiccion Especial,Milla,Latitud,Longitud,Causa del Accidente,Tipo de Accidente,Tipo Interseccion,Columna1,Lugar en la calle,Zona de Trabajo,Luz,Clima,Autobus Escolar,Cruce de Trenes,Hora Notificacion,Minuto Notificacion,Hora Llegada,Minuto Llegada,Decesos,Fecha,PersonaVehiculo
24,Maryland,240464,0,0,1,0,31,MONTGOMERY (31),0,NO APLICA,12,Diciembre,24,2022,4,24,CR-4592,4,Calle del Condado,Urbano,Arteria Menor,County Highway Agency,0,Sin jurisdiccion especial,9,38.99140278,-77.01028056,Volcadura,El primer evento no fue una colision con un vehiculo automotor en transporte,Four-Way Intersection,Interseccion de 4 direcciones,En el medio,Ninguna,Oscuro con iluminacion,Despejado,No,NO APLICA,99,99,99,99,1,24/12/2022,3
24,Maryland,240465,0,0,1,0,15,CECIL (15),0,NO APLICA,12,Diciembre,20,2022,15,11,CR-579,4,Calle del Condado,Urbano,Local,County Highway Agency,0,Sin jurisdiccion especial,12,39.57150833,-75.9514,Poste,El primer evento no fue una colision con un vehiculo automotor en transporte,Not an Intersection,No fue interseccion,Sobre el lado de la calle,Ninguna,Dia total,No reportado,No,NO APLICA,99,99,99,99,1,20/12/2022,1
24,Maryland,240466,0,0,2,0,11,CAROLINE (11),0,NO APLICA,12,Diciembre,23,2022,0,32,SR-313,3,Highway estatal,Urbano,Arteria Menor,State Highway Agency,0,Sin jurisdiccion especial,241,38.96018056,-75.79735556,Vehiculo en movimiento,Angulo,Not an Intersection,No fue interseccion,Sobre calle,Ninguna,Oscuro sin iluminacion,lluvia,No,NO APLICA,99,99,99,99,1,23/12/2022,2
24,Maryland,240467,0,0,1,0,47,WORCESTER (47),0,NO APLICA,12,Diciembre,17,2022,0,40,CR-84,4,Calle del Condado,Rural,Local,County Highway Agency,0,Sin jurisdiccion especial,4,38.01950833,-75.39853333,Zanja,El primer evento no fue una colision con un vehiculo automotor en transporte,Not an Intersection,No fue interseccion,Sobre el lado de la calle,Ninguna,Oscuro sin iluminacion,Despejado,No,NO APLICA,99,99,99,99,1,17/12/2022,1
24,Maryland,240468,0,0,1,0,15,CECIL (15),0,NO APLICA,12,Diciembre,27,2022,15,23,I-95,1,Interestatal,Urbano,Interestatal,State Highway Agency,1,Sin jurisdiccion especial,159,39.64536944,-75.83526111,Acotamiento,El primer evento no fue una colision con un vehiculo automotor en transporte,Not an Intersection,No fue interseccion,En el medio,Ninguna,Dia total,Despejado,No,NO APLICA,99,99,99,99,1,27/12/2022,1
24,Maryland,240469,0,0,1,0,25,HARFORD (25),0,NO APLICA,12,Diciembre,28,2022,1,34,SR-136,3,Highway estatal,Urbano,Colector Mayor,State Highway Agency,0,Sin jurisdiccion especial,48,39.54151111,-76.25719167,Arbol,El primer evento no fue una colision con un vehiculo automotor en transporte,Not an Intersection,No fue interseccion,Sobre el lado de la calle,Ninguna,Oscuro con iluminacion,Despejado,No,NO APLICA,99,99,99,99,1,28/12/2022,1
24,Maryland,240470,1,1,1,0,3,ANNE ARUNDEL (3),0,NO APLICA,12,Diciembre,28,2022,1,54,I-97,1,Interestatal,Urbano,Interestatal,State Highway Agency,1,Sin jurisdiccion especial,148,39.17639444,-76.63629722,Peaton,El primer evento no fue una colision con un vehiculo automotor en transporte,Not an Intersection,No fue interseccion,Sobre calle,Ninguna,Oscuro - iluminacion desconocida,Despejado,No,NO APLICA,99,99,99,99,1,28/12/2022,1
24,Maryland,240471,0,0,2,0,33,PRINCE GEORGE`S (33),0,NO APLICA,1,Enero,9,2022,1,4,SR-295,3,Highway estatal,Urbano,Arteria Principal,National Park Service,1,Servicio de Parques Nacional,99998,38.91961667,-76.93215556,Valla Ferrocarril,El primer evento no fue una colision con un vehiculo automotor en transporte,Not an Intersection,No fue interseccion,En el medio,Ninguna,Oscuro con iluminacion,Despejado,No,NO APLICA,99,99,99,99,1,09/01/2022,4
24,Maryland,240472,0,0,4,3,25,HARFORD (25),0,NO APLICA,12,Diciembre,29,2022,23,11,SR-543,3,Highway estatal,Urbano,Arteria Menor,State Highway Agency,0,Sin jurisdiccion especial,62,39.53529444,-76.29902778,Banqueta,El primer evento no fue una colision con un vehiculo automotor en transporte,Not an Intersection,No fue interseccion,Sobre el lado de la calle,Ninguna,Oscuro sin iluminacion,Despejado,No,NO APLICA,99,99,99,99,1,29/12/2022,1
24,Maryland,240473,0,0,1,0,33,PRINCE GEORGE`S (33),710,GREENBELT,3,Marzo,24,2022,18,12,SR-295,3,Highway estatal,Urbano,Arterial Principal -Freeway o ExpressWay,National Park Service,1,Servicio de Parques Nacional,99998,38.99594444,-76.877,Arbol,El primer evento no fue una colision con un vehiculo automotor en transporte,Not an Intersection,No fue interseccion,Sobre el lado de la calle,Ninguna,Dia total,Neblina o Humo,No,NO APLICA,99,99,99,99,1,24/03/2022,1
24,Maryland,240474,0,0,1,0,33,PRINCE GEORGE`S (33),0,NO APLICA,8,Agosto,18,2022,15,33,GV-119,8,Otro,Urbano,Arterial Principal -Freeway o ExpressWay,National Park Service,1,Servicio de Parques Nacional,99998,77.7777,777.7777,Valla Ferrocarril,El primer evento no fue una colision con un vehiculo automotor en transporte,Not an Intersection,No fue interseccion,En el medio,Ninguna,Dia total,Despejado,No,NO APLICA,99,99,99,99,1,18/08/2022,1
24,Maryland,240475,1,1,1,0,33,PRINCE GEORGE`S (33),0,NO APLICA,12,Diciembre,28,2022,17,47,SR-214,3,Highway estatal,Urbano,Arteria Principal,State Highway Agency,0,Sin jurisdiccion especial,64,38.89981111,-76.79450833,Peaton,El primer evento no fue una colision con un vehiculo automotor en transporte,Not an Intersection,No fue interseccion,Sobre calle,Ninguna,Oscuro con iluminacion,Despejado,No,NO APLICA,99,99,99,99,1,28/12/2022,2
24,Maryland,240476,1,1,1,0,510,BALTIMORE (CITY) (510),50,BALTIMORE,4,Abril,16,2022,0,34,I-83,1,Interestatal,Urbano,Interestatal,State Highway Agency,1,Sin jurisdiccion especial,9,39.29841944,-76.61110556,Peaton,El primer evento no fue una colision con un vehiculo automotor en transporte,Not an Intersection,No fue interseccion,Sobre calle,Ninguna,Oscuro con iluminacion,Despejado,No,NO APLICA,99,99,99,99,1,16/04/2022,2
24,Maryland,240477,0,0,2,0,25,HARFORD (25),0,NO APLICA,10,Octubre,12,2022,12,29,US-40,2,US Highway,Urbano,Arteria Principal,State Highway Agency,1,Sin jurisdiccion especial,107,39.48729167,-76.20061944,Vehiculo en movimiento,Angulo,Not an Intersection,No fue interseccion,Sobre calle,Ninguna,Dia total,Despejado,No,NO APLICA,99,99,99,99,1,12/10/2022,2
24,Maryland,240478,0,0,1,0,33,PRINCE GEORGE`S (33),0,NO APLICA,12,Diciembre,23,2022,1,54,SR-210,3,Highway estatal,Urbano,Arterial Principal -Freeway o ExpressWay,State Highway Agency,1,Sin jurisdiccion especial,29,38.66488611,-77.01784444,Banqueta,El primer evento no fue una colision con un vehiculo automotor en transporte,T-Intersection,Interseccion de T,En el medio,Ninguna,Oscuro con iluminacion,lluvia,No,NO APLICA,99,99,99,99,1,23/12/2022,1
24,Maryland,240479,1,1,1,0,5,BALTIMORE (5),0,NO APLICA,1,Enero,20,2022,0,14,SR-26,3,Highway estatal,Urbano,Arteria Menor,State Highway Agency,0,Sin jurisdiccion especial,92,39.34444722,-76.73223056,Peaton,El primer evento no fue una colision con un vehiculo automotor en transporte,Not an Intersection,No fue interseccion,Sobre calle,Ninguna,Oscuro con iluminacion,lluvia,No,NO APLICA,99,99,99,99,1,20/01/2022,2
24,Maryland,240480,1,1,1,0,510,BALTIMORE (CITY) (510),50,BALTIMORE,6,Junio,19,2022,23,19,SR-2,3,Highway estatal,Urbano,Arteria Principal,City or Municipal Highway Agency,0,Sin jurisdiccion especial,4,39.28603889,-76.61235556,Peaton,El primer evento no fue una colision con un vehiculo automotor en transporte,Not an Intersection,No fue interseccion,Sobre calle,Ninguna,Oscuro con iluminacion,No reportado,No,NO APLICA,99,99,99,99,1,19/06/2022,1
24,Maryland,240481,1,1,2,0,33,PRINCE GEORGE`S (33),0,NO APLICA,12,Diciembre,23,2022,5,49,SR-193,3,Highway estatal,Urbano,Arteria Principal,State Highway Agency,1,Sin jurisdiccion especial,14,38.98404444,-76.97130278,Peaton,El primer evento no fue una colision con un vehiculo automotor en transporte,T-Intersection,Interseccion de T,Sobre calle,Ninguna,Oscuro sin iluminacion,lluvia,No,NO APLICA,99,99,99,99,1,23/12/2022,3
24,Maryland,240482,0,0,1,0,5,BALTIMORE (5),0,NO APLICA,10,Octubre,5,2022,23,6,CR-4160,4,Calle del Condado,Urbano,Arteria Menor,County Highway Agency,0,Sin jurisdiccion especial,0,39.37965278,-76.421375,Poste,El primer evento no fue una colision con un vehiculo automotor en transporte,Not an Intersection,No fue interseccion,Sobre el lado de la calle,Ninguna,Oscuro con iluminacion,Despejado,No,NO APLICA,99,99,99,99,1,05/10/2022,1
24,Maryland,240483,1,1,1,0,3,ANNE ARUNDEL (3),0,NO APLICA,12,Diciembre,25,2022,3,22,SR-171,3,Highway estatal,Urbano,Colector Mayor,State Highway Agency,0,Sin jurisdiccion especial,6,39.21915278,-76.60309444,Peaton,El primer evento no fue una colision con un vehiculo automotor en transporte,Not an Intersection,No fue interseccion,Sobre calle,Ninguna,Oscuro con iluminacion,Despejado,No,NO APLICA,99,99,99,99,1,25/12/2022,1
24,Maryland,240484,0,0,1,0,5,BALTIMORE (5),0,NO APLICA,1,Enero,15,2022,19,51,CR-5560,4,Calle del Condado,Urbano,Arteria Menor,County Highway Agency,0,Sin jurisdiccion especial,12,39.26166111,-76.47901389,Banqueta,El primer evento no fue una colision con un vehiculo automotor en transporte,Not an Intersection,No fue interseccion,Sobre el lado de la calle,Ninguna,Oscuro con iluminacion,Nublado,No,NO APLICA,99,99,99,99,1,15/01/2022,1
24,Maryland,240485,0,0,2,0,11,CAROLINE (11),0,NO APLICA,12,Diciembre,27,2022,7,32,SR-307,3,Highway estatal,Urbano,Arteria Menor,State Highway Agency,0,Sin jurisdiccion especial,3,38.68856667,-75.79348889,Vehiculo en movimiento,Frente a frente,Not an Intersection,No fue interseccion,Sobre calle,Ninguna,Dia total,Despejado,No,NO APLICA,99,99,99,99,1,27/12/2022,2
24,Maryland,240486,0,0,2,0,33,PRINCE GEORGE`S (33),0,NO APLICA,12,Diciembre,27,2022,18,4,CR-76,4,Calle del Condado,Urbano,Colector Mayor,County Highway Agency,0,Sin jurisdiccion especial,5,38.93073889,-76.85976111,Vehiculo en movimiento,Angulo,Not an Intersection,No fue interseccion,Sobre calle,Ninguna,Atardecer,Despejado,No,NO APLICA,99,99,99,99,1,27/12/2022,2
24,Maryland,240487,0,0,1,0,510,BALTIMORE (CITY) (510),50,BALTIMORE,7,Julio,23,2022,15,40,SR-173,3,Highway estatal,Urbano,Arteria Principal,State Highway Agency,0,Sin jurisdiccion especial,0,39.21013333,-76.58566667,Arbol,El primer evento no fue una colision con un vehiculo automotor en transporte,Not an Intersection,No fue interseccion,Sobre el lado de la calle,Ninguna,Dia total,Despejado,No,NO APLICA,99,99,99,99,1,23/07/2022,1
24,Maryland,240488,0,0,1,0,33,PRINCE GEORGE`S (33),0,NO APLICA,12,Diciembre,8,2022,3,50,SR-458,3,Highway estatal,Urbano,Arteria Principal,State Highway Agency,0,Sin jurisdiccion especial,8,38.84324722,-76.93033056,Banqueta,El primer evento no fue una colision con un vehiculo automotor en transporte,Four-Way Intersection,Interseccion de 4 direcciones,Sobre el lado de la calle,Ninguna,Oscuro con iluminacion,Neblina o Humo,No,NO APLICA,99,99,99,99,1,08/12/2022,1
24,Maryland,240489,0,0,1,0,45,WICOMICO (45),0,NO APLICA,12,Diciembre,29,2022,20,30,CR-350,4,Calle del Condado,Rural,Colector Menor,County Highway Agency,0,Sin jurisdiccion especial,17,38.42932222,-75.35578333,Poste,El primer evento no fue una colision con un vehiculo automotor en transporte,Not an Intersection,No fue interseccion,Sobre el lado de la calle,Ninguna,Oscuro sin iluminacion,Despejado,No,NO APLICA,99,99,99,99,1,29/12/2022,1
24,Maryland,240490,0,0,1,0,510,BALTIMORE (CITY) (510),50,BALTIMORE,9,Septiembre,4,2022,16,12,SR-171,3,Highway estatal,Urbano,Arteria Menor,State Highway Agency,0,Sin jurisdiccion especial,1,39.222425,-76.59535833,Banqueta,El primer evento no fue una colision con un vehiculo automotor en transporte,Not an Intersection,No fue interseccion,Sobre el lado de la calle,Ninguna,Dia total,Nublado,No,NO APLICA,99,99,99,99,1,04/09/2022,1
24,Maryland,240491,0,0,1,0,15,CECIL (15),0,NO APLICA,12,Diciembre,31,2022,12,23,I-95 RAMP,1,Interestatal,Urbano,Interestatal,State Highway Agency,1,Sin jurisdiccion especial,3,39.64097778,-75.80540833,Arbol,El primer evento no fue una colision con un vehiculo automotor en transporte,Not an Intersection,No fue interseccion,Gore?,Ninguna,Dia total,Neblina o Humo,No,NO APLICA,99,99,99,99,1,31/12/2022,1
24,Maryland,240492,0,0,2,0,3,ANNE ARUNDEL (3),0,NO APLICA,5,Mayo,11,2022,20,38,SR-710,3,Highway estatal,Urbano,Arteria Menor,State Highway Agency,0,Sin jurisdiccion especial,12,39.199775,-76.59538056,Vehiculo en movimiento,Frente a frente,T-Intersection,Interseccion de T,Sobre calle,Ninguna,Oscuro sin iluminacion,Despejado,No,NO APLICA,99,99,99,99,1,11/05/2022,2
24,Maryland,240493,0,0,2,0,510,BALTIMORE (CITY) (510),0,NO APLICA,12,Diciembre,10,2022,16,30,MU-101,6,Calle Local Municipalidad,Urbano,Arteria Menor,City or Municipal Highway Agency,0,Sin jurisdiccion especial,0,39.33968333,-76.67810556,Vehiculo en movimiento,Angulo,T-Intersection,Interseccion de T,Sobre calle,Ninguna,Dia total,Despejado,No,NO APLICA,99,99,99,99,1,10/12/2022,3
24,Maryland,240494,0,0,2,0,33,PRINCE GEORGE`S (33),0,NO APLICA,12,Diciembre,14,2022,0,29,I-95,1,Interestatal,Urbano,Interestatal,State Highway Agency,1,Sin jurisdiccion especial,243,39.01628611,-76.91039722,Vehiculo en movimiento,Frente a Detrás,Not an Intersection,No fue interseccion,Sobre Acotamiento,Ninguna,Oscuro con iluminacion,Despejado,No,NO APLICA,99,99,99,99,1,14/12/2022,4
24,Maryland,240495,0,0,2,0,5,BALTIMORE (5),0,NO APLICA,12,Diciembre,6,2022,20,1,SR-26,3,Highway estatal,Urbano,Arteria Principal,State Highway Agency,0,Sin jurisdiccion especial,95,39.34281944,-76.72785556,Vehiculo en movimiento,Angulo,Four-Way Intersection,Interseccion de 4 direcciones,Sobre calle,Ninguna,Oscuro con iluminacion,Nublado,No,NO APLICA,99,99,99,99,1,06/12/2022,3
24,Maryland,240496,0,0,2,0,5,BALTIMORE (5),0,NO APLICA,8,Agosto,27,2022,17,58,SR-147,3,Highway estatal,Urbano,Colector Mayor,State Highway Agency,0,Sin jurisdiccion especial,69,39.44741111,-76.47414444,Vehiculo en movimiento,Angulo,Not an Intersection,No fue interseccion,Sobre calle,Ninguna,Dia total,Despejado,No,NO APLICA,99,99,99,99,1,27/08/2022,2
24,Maryland,240497,0,0,3,0,27,HOWARD (27),0,NO APLICA,12,Diciembre,18,2022,12,56,SR-32 SYKESVILLE RD,3,Highway estatal,Urbano,Arteria Principal,State Highway Agency,0,Sin jurisdiccion especial,233,39.35838333,-76.96885556,Vehiculo en movimiento,Frente a frente,Not an Intersection,No fue interseccion,Sobre calle,Ninguna,Dia total,Despejado,No,NO APLICA,99,99,99,99,1,18/12/2022,3
24,Maryland,240498,0,0,1,0,510,BALTIMORE (CITY) (510),50,BALTIMORE,5,Mayo,26,2022,2,58,400 BLK RUSSELL ST,9,Desconocido,Trafficway Not in State Inventory,Via no en inventario estatal,Trafficway Not in State Inventory,9,Desconocido,0,39.28459444,-76.62345,Poste,El primer evento no fue una colision con un vehiculo automotor en transporte,Not an Intersection,No fue interseccion,En el medio,Ninguna,Oscuro con iluminacion,Despejado,No,NO APLICA,99,99,99,99,1,26/05/2022,2
24,Maryland,240499,0,0,1,0,5,BALTIMORE (5),0,NO APLICA,9,Septiembre,12,2022,21,48,SR-26,3,Highway estatal,Urbano,Arteria Principal,State Highway Agency,0,Sin jurisdiccion especial,65,39.36190833,-76.77983333,Arbol,El primer evento no fue una colision con un vehiculo automotor en transporte,Not an Intersection,No fue interseccion,Sobre el lado de la calle,Ninguna,Oscuro con iluminacion,Despejado,No,NO APLICA,99,99,99,99,1,12/09/2022,1
24,Maryland,240500,1,1,1,0,510,BALTIMORE (CITY) (510),0,NO APLICA,5,Mayo,21,2022,3,2,US-1,2,US Highway,Urbano,Arteria Principal,City or Municipal Highway Agency,1,Sin jurisdiccion especial,0,39.32912778,-76.564425,Peaton,El primer evento no fue una colision con un vehiculo automotor en transporte,Four-Way Intersection,Interseccion de 4 direcciones,Sobre calle,Ninguna,Oscuro con iluminacion,Despejado,No,NO APLICA,99,99,99,99,1,21/05/2022,1
24,Maryland,240501,0,0,5,0,33,PRINCE GEORGE`S (33),100,BELTSVILLE,2,Febrero,11,2022,6,32,SR-295,3,Highway estatal,Urbano,Arterial Principal -Freeway o ExpressWay,National Park Service,1,Servicio de Parques Nacional,99998,39.0245,-76.85622222,Vehiculo en movimiento,Frente a Detrás,Not an Intersection,No fue interseccion,Sobre calle,Ninguna,Amanecer,Despejado,No,NO APLICA,99,99,99,99,1,11/02/2022,6
24,Maryland,240502,1,1,1,0,21,FREDERICK (21),0,NO APLICA,12,Diciembre,11,2022,18,1,US-40,2,US Highway,Urbano,Arteria Principal,State Highway Agency,1,Sin jurisdiccion especial,123,39.418225,-77.45071944,Peaton,El primer evento no fue una colision con un vehiculo automotor en transporte,Not an Intersection,No fue interseccion,Sobre calle,Ninguna,Oscuro sin iluminacion,Despejado,No,NO APLICA,99,99,99,99,1,11/12/2022,1
24,Maryland,240503,1,1,1,0,510,BALTIMORE (CITY) (510),0,NO APLICA,6,Junio,29,2022,20,9,MU-1359,6,Calle Local Municipalidad,Urbano,Arteria Principal,Town or Township Highway Agency,1,Sin jurisdiccion especial,5,39.310475,-76.59985,Peaton,El primer evento no fue una colision con un vehiculo automotor en transporte,Not Reported,No reportado,Sobre calle,Ninguna,Dia total,Despejado,No,NO APLICA,99,99,99,99,1,29/06/2022,1
24,Maryland,240504,1,1,1,0,510,BALTIMORE (CITY) (510),50,BALTIMORE,6,Junio,20,2022,18,55,MU-6169,6,Calle Local Municipalidad,Urbano,Colector Mayor,City or Municipal Highway Agency,0,Sin jurisdiccion especial,14,39.29370556,-76.65036667,Peaton,El primer evento no fue una colision con un vehiculo automotor en transporte,Four-Way Intersection,Interseccion de 4 direcciones,Sobre calle,Ninguna,Dia total,Despejado,No,NO APLICA,99,99,99,99,1,20/06/2022,2
24,Maryland,240505,1,1,1,0,510,BALTIMORE (CITY) (510),50,BALTIMORE,9,Septiembre,14,2022,12,50,827 ARLINGTON AVE,9,Desconocido,Trafficway Not in State Inventory,Via no en inventario estatal,Trafficway Not in State Inventory,9,Desconocido,99998,39.29805833,-76.635225,No vehiculo o remolque,El primer evento no fue una colision con un vehiculo automotor en transporte,Not an Intersection,No fue interseccion,Sobre calle,Ninguna,Dia total,Despejado,No,NO APLICA,99,99,99,99,1,14/09/2022,1
24,Maryland,240506,2,2,1,0,5,BALTIMORE (5),0,NO APLICA,6,Junio,13,2022,21,47,US-40,2,US Highway,Urbano,Arteria Principal,State Highway Agency,1,Sin jurisdiccion especial,16,39.28413889,-76.75669167,Peaton,El primer evento no fue una colision con un vehiculo automotor en transporte,Not an Intersection,No fue interseccion,Sobre calle,Ninguna,Oscuro con iluminacion,Despejado,No,NO APLICA,99,99,99,99,1,13/06/2022,1
24,Maryland,240507,0,0,3,0,5,BALTIMORE (5),0,NO APLICA,9,Septiembre,11,2022,19,31,SR-41,3,Highway estatal,Urbano,Arteria Principal,State Highway Agency,1,Sin jurisdiccion especial,25,39.39957222,-76.54623889,Vehiculo en movimiento,Angulo,Four-Way Intersection,Interseccion de 4 direcciones,Sobre calle,Ninguna,Oscuro con iluminacion,Nublado,No,NO APLICA,99,99,99,99,1,11/09/2022,6
24,Maryland,240508,0,0,2,0,33,PRINCE GEORGE`S (33),569,FORESTVILLE,8,Agosto,10,2022,0,59,GV-1191,8,Otro,Urbano,Arteria Principal,National Park Service,1,Servicio de Parques Nacional,99998,38.83074722,-76.87646944,Vehiculo en movimiento,Angulo,Four-Way Intersection,Interseccion de 4 direcciones,Sobre calle,Ninguna,Oscuro con iluminacion,Despejado,No,NO APLICA,99,99,99,99,2,10/08/2022,4
24,Maryland,240509,0,0,2,0,33,PRINCE GEORGE`S (33),9898,Not Reported,5,Mayo,17,2022,22,19,SR-295,3,Highway estatal,Urbano,Arteria Principal,National Park Service,1,Servicio de Parques Nacional,99998,39.05141667,-76.84208056,Vehiculo en movimiento,Golpe Lateral - misma direccion,Not an Intersection,No fue interseccion,Sobre calle,Ninguna,Dia total,Despejado,No,NO APLICA,99,99,99,99,1,17/05/2022,2
24,Maryland,240510,1,1,1,0,33,PRINCE GEORGE`S (33),805,HILLCREST HEIGHTS,4,Abril,17,2022,2,58,GV-119,8,Otro,Urbano,Arteria Principal,National Park Service,1,Servicio de Parques Nacional,99998,38.85152222,-76.95931389,Peaton,El primer evento no fue una colision con un vehiculo automotor en transporte,Y-Intersection,Interseccion de Y,Sobre calle,Ninguna,Oscuro sin iluminacion,Despejado,No,NO APLICA,99,99,99,99,1,17/04/2022,1
24,Maryland,240511,0,0,2,0,3,ANNE ARUNDEL (3),1082,NAVAL FACILITY FT. MEADE,10,Octubre,23,2022,5,5,SR-295,3,Highway estatal,Urbano,Arterial Principal -Freeway o ExpressWay,National Park Service,1,Servicio de Parques Nacional,99998,39.13606667,-76.75734722,Vehiculo en movimiento,Golpe Lateral - misma direccion,Not an Intersection,No fue interseccion,Sobre calle,Ninguna,Oscuro sin iluminacion,Despejado,No,NO APLICA,99,99,99,99,1,23/10/2022,4
24,Maryland,240512,0,0,2,0,33,PRINCE GEORGE`S (33),991,MARYLAND PARK,10,Octubre,2,2022,21,27,SR-295,3,Highway estatal,Urbano,Arterial Principal -Freeway o ExpressWay,National Park Service,1,Servicio de Parques Nacional,99998,39.06958333,-76.83095278,Vehiculo en movimiento,Frente a frente,Not an Intersection,No fue interseccion,Sobre calle,Ninguna,Oscuro sin iluminacion,Despejado,No,NO APLICA,99,99,99,99,2,02/10/2022,5
24,Maryland,240513,0,0,1,0,510,BALTIMORE (CITY) (510),50,BALTIMORE,6,Junio,23,2022,11,55,MU-2570,6,Calle Local Municipalidad,Urbano,Colector Mayor,City or Municipal Highway Agency,0,Sin jurisdiccion especial,14,39.37130833,-76.57893056,Banqueta,El primer evento no fue una colision con un vehiculo automotor en transporte,Not an Intersection,No fue interseccion,Sobre el lado de la calle,Ninguna,Dia total,Nublado,No,NO APLICA,99,99,99,99,1,23/06/2022,2
24,Maryland,240514,1,1,1,0,510,BALTIMORE (CITY) (510),50,BALTIMORE,7,Julio,6,2022,14,52,MU-1445,6,Calle Local Municipalidad,Urbano,Arteria Menor,City or Municipal Highway Agency,0,Sin jurisdiccion especial,14,39.31320556,-76.59633889,No vehiculo o remolque,El primer evento no fue una colision con un vehiculo automotor en transporte,Not an Intersection,No fue interseccion,Sobre calle,Ninguna,Dia total,Despejado,No,NO APLICA,99,99,99,99,1,06/07/2022,1
24,Maryland,240515,0,0,3,0,5,BALTIMORE (5),0,NO APLICA,8,Agosto,27,2022,22,42,SR-122,3,Highway estatal,Urbano,Arteria Menor,State Highway Agency,0,Sin jurisdiccion especial,8,39.3121,-76.74051389,Vehiculo en movimiento,Angulo,Four-Way Intersection,Interseccion de 4 direcciones,Sobre calle,Ninguna,Oscuro con iluminacion,Despejado,No,NO APLICA,99,99,99,99,1,27/08/2022,4
24,Maryland,240516,1,1,1,0,13,CARROLL (13),0,NO APLICA,9,Septiembre,17,2022,9,39,CR-34,4,Calle del Condado,Urbano,Colector Mayor,County Highway Agency,0,Sin jurisdiccion especial,12,39.64123889,-77.16198333,Peaton,El primer evento no fue una colision con un vehiculo automotor en transporte,Not an Intersection,No fue interseccion,Sobre Acotamiento,Ninguna,Dia total,Despejado,No,NO APLICA,99,99,99,99,1,17/09/2022,1
24,Maryland,240517,0,0,1,0,5,BALTIMORE (5),0,NO APLICA,10,Octubre,17,2022,18,5,SR-41,3,Highway estatal,Urbano,Arterial Principal -Freeway o ExpressWay,State Highway Agency,1,Sin jurisdiccion especial,9,39.37696389,-76.55719167,Arbol,El primer evento no fue una colision con un vehiculo automotor en transporte,Not an Intersection,No fue interseccion,Sobre el lado de la calle,Ninguna,Dia total,Nublado,No,NO APLICA,99,99,99,99,1,17/10/2022,1
24,Maryland,240518,0,0,1,0,5,BALTIMORE (5),0,NO APLICA,8,Agosto,14,2022,1,53,CR-415,4,Calle del Condado,Urbano,Colector Mayor,County Highway Agency,0,Sin jurisdiccion especial,6,39.46778333,-76.629375,Banqueta,El primer evento no fue una colision con un vehiculo automotor en transporte,Not an Intersection,No fue interseccion,Sobre el lado de la calle,Ninguna,Oscuro con iluminacion,Despejado,No,NO APLICA,99,99,99,99,2,14/08/2022,3
24,Maryland,240519,1,1,1,0,510,BALTIMORE (CITY) (510),50,BALTIMORE,11,Noviembre,26,2022,22,5,I-83,1,Interestatal,Urbano,Interestatal,City or Municipal Highway Agency,1,Sin jurisdiccion especial,0,39.29070833,-76.60675556,Peaton,El primer evento no fue una colision con un vehiculo automotor en transporte,Four-Way Intersection,Interseccion de 4 direcciones,Sobre calle,Ninguna,Oscuro con iluminacion,Despejado,No,NO APLICA,99,99,99,99,1,26/11/2022,1
24,Maryland,240520,0,0,2,0,5,BALTIMORE (5),0,NO APLICA,11,Noviembre,6,2022,12,58,CR-7710,4,Calle del Condado,Urbano,Colector Mayor,County Highway Agency,0,Sin jurisdiccion especial,6,39.41466389,-76.81243333,Vehiculo en movimiento,Angulo,Four-Way Intersection,Interseccion de 4 direcciones,Sobre calle,Ninguna,Dia total,Nublado,No,NO APLICA,99,99,99,99,1,06/11/2022,2
24,Maryland,240521,0,0,3,0,5,BALTIMORE (5),0,NO APLICA,11,Noviembre,7,2022,17,46,SR-372,3,Highway estatal,Urbano,Arteria Menor,State Highway Agency,0,Sin jurisdiccion especial,23,39.26729444,-76.69118056,Vehiculo en movimiento,Frente a frente,Four-Way Intersection,Interseccion de 4 direcciones,Sobre calle,Ninguna,Atardecer,Despejado,No,NO APLICA,99,99,99,99,1,07/11/2022,3
24,Maryland,240522,0,0,1,0,510,BALTIMORE (CITY) (510),50,BALTIMORE,11,Noviembre,27,2022,15,15,MU-1022,6,Calle Local Municipalidad,Urbano,Arteria Principal,City or Municipal Highway Agency,1,Sin jurisdiccion especial,26,39.35950833,-76.65285,Banqueta,El primer evento no fue una colision con un vehiculo automotor en transporte,Not an Intersection,No fue interseccion,En el medio,Ninguna,Dia total,lluvia,No,NO APLICA,99,99,99,99,2,27/11/2022,2
24,Maryland,240523,0,0,2,0,510,BALTIMORE (CITY) (510),50,BALTIMORE,5,Mayo,28,2022,21,31,MU-2945,6,Calle Local Municipalidad,Urbano,Arteria Menor,City or Municipal Highway Agency,0,Sin jurisdiccion especial,5,39.30478056,-76.58262778,Vehiculo en movimiento,Frente a frente,Four-Way Intersection,Interseccion de 4 direcciones,Sobre calle,Ninguna,Oscuro con iluminacion,Despejado,No,NO APLICA,99,99,99,99,1,28/05/2022,2