Estado,Nombre de Estado,Numero de Caso,Peatones,Personas _no_vehiculos,Vehiculos automotores,Vehiculos estacionados,Condado,Nombre Condado,Ciudad,Nombre Ciudad,Mes,Nombre Mes,Dia,Año,Hora,Minuto,Calle,Ruta,Nombre Ruta,Rural o Urbanoo,Sistema Funcional,Dueño Calle,Sistema Nacional Carreteras,Jurisdiccion Especial,Milla,Latitud,Longitud,Causa del Accidente,Tipo de Accidente,Tipo Interseccion,Columna1,Lugar en la calle,Zona de Trabajo,Luz,Clima,Autobus Escolar,Cruce de Trenes,Hora Notificacion,Minuto Notificacion,Hora Llegada,Minuto Llegada,Decesos,Fecha,PersonaVehiculo
24,Maryland,240524,0,0,2,0,5,BALTIMORE (5),0,NO APLICA,11,Noviembre,23,2022,9,53,US-40,2,US Highway,Urbano,Arteria Principal,State Highway Agency,1,Sin jurisdiccion especial,10,39.28625556,-76.76381111,Vehiculo en movimiento,Frente a Detrás,Four-Way Intersection,Interseccion de 4 direcciones,Sobre calle,Ninguna,Dia total,Despejado,No,NO APLICA,99,99,99,99,1,23/11/2022,2
24,Maryland,240525,1,1,1,0,5,BALTIMORE (5),0,NO APLICA,10,Octubre,10,2022,20,11,CR-5237,4,Calle del Condado,Urbano,Arteria Menor,County Highway Agency,0,Sin jurisdiccion especial,10,39.24577778,-76.51476111,Peaton,El primer evento no fue una colision con un vehiculo automotor en transporte,T-Intersection,Interseccion de T,En el medio,Ninguna,Oscuro con iluminacion,Despejado,No,NO APLICA,99,99,99,99,1,10/10/2022,1
24,Maryland,240526,1,1,1,0,5,BALTIMORE (5),0,NO APLICA,11,Noviembre,11,2022,0,46,US-40,2,US Highway,Urbano,Arteria Principal,State Highway Agency,1,Sin jurisdiccion especial,149,39.31648333,-76.51723056,Peaton,El primer evento no fue una colision con un vehiculo automotor en transporte,Not an Intersection,No fue interseccion,Sobre calle,Ninguna,Oscuro sin iluminacion,No reportado,No,NO APLICA,99,99,99,99,1,11/11/2022,1
24,Maryland,240527,1,1,1,0,510,BALTIMORE (CITY) (510),0,NO APLICA,10,Octubre,1,2022,1,35,SR-129 PARK HEIGHTS AVE,3,Highway estatal,Urbano,Arteria Menor,State Highway Agency,0,Sin jurisdiccion especial,49,39.35044444,-76.68084444,Peaton,El primer evento no fue una colision con un vehiculo automotor en transporte,Not Reported,No reportado,Sobre calle,Ninguna,Oscuro con iluminacion,lluvia,No,NO APLICA,99,99,99,99,1,01/10/2022,1
24,Maryland,240528,1,1,1,0,510,BALTIMORE (CITY) (510),0,NO APLICA,12,Diciembre,3,2022,13,58,MU-2125,6,Calle Local Municipalidad,Urbano,Arteria Menor,City or Municipal Highway Agency,0,Sin jurisdiccion especial,2,39.31456944,-76.67673333,Peaton,El primer evento no fue una colision con un vehiculo automotor en transporte,Y-Intersection,Interseccion de Y,Sobre el lado de la calle,Ninguna,Dia total,Despejado,No,NO APLICA,99,99,99,99,1,03/12/2022,1
24,Maryland,240529,0,0,4,3,510,BALTIMORE (CITY) (510),50,BALTIMORE,12,Diciembre,19,2022,12,35,MU-1395,6,Calle Local Municipalidad,Urbano,Arteria Principal,City or Municipal Highway Agency,1,Sin jurisdiccion especial,13,39.28650833,-76.63868333,Vehiculo Aparcado,El primer evento no fue una colision con un vehiculo automotor en transporte,Not an Intersection,No fue interseccion,En estacionamiento,Ninguna,Dia total,Despejado,No,NO APLICA,99,99,99,99,1,19/12/2022,1
24,Maryland,240530,1,1,1,0,510,BALTIMORE (CITY) (510),50,BALTIMORE,11,Noviembre,2,2022,17,19,MU-7508,6,Calle Local Municipalidad,Urbano,Arteria Menor,City or Municipal Highway Agency,0,Sin jurisdiccion especial,0,39.29265,-76.67546111,No vehiculo o remolque,El primer evento no fue una colision con un vehiculo automotor en transporte,Four-Way Intersection,Interseccion de 4 direcciones,Sobre calle,Ninguna,Dia total,Despejado,No,NO APLICA,99,99,99,99,1,02/11/2022,1
24,Maryland,240531,1,1,1,0,37,ST. MARY`S (37),0,NO APLICA,12,Diciembre,2,2022,17,13,SR-246 GREAT MILLS RD,3,Highway estatal,Urbano,Arteria Menor,State Highway Agency,0,Sin jurisdiccion especial,24,38.26079167,-76.46490556,No vehiculo o remolque,El primer evento no fue una colision con un vehiculo automotor en transporte,Not an Intersection,No fue interseccion,Sobre calle,Ninguna,Atardecer,Despejado,No,NO APLICA,99,99,99,99,1,02/12/2022,1
24,Maryland,240532,0,0,2,0,510,BALTIMORE (CITY) (510),50,BALTIMORE,6,Junio,30,2022,20,11,MU-6169,6,Calle Local Municipalidad,Urbano,Colector Mayor,City or Municipal Highway Agency,0,Sin jurisdiccion especial,12,39.29384167,-76.64722778,Vehiculo en movimiento,Angulo,Four-Way Intersection,Interseccion de 4 direcciones,Sobre calle,Ninguna,Oscuro con iluminacion,Despejado,No,NO APLICA,99,99,99,99,1,30/06/2022,6
24,Maryland,240533,1,1,6,3,510,BALTIMORE (CITY) (510),50,BALTIMORE,2,Febrero,6,2022,13,14,MU-1665,6,Calle Local Municipalidad,Urbano,Arteria Menor,City or Municipal Highway Agency,0,Sin jurisdiccion especial,25,39.29248889,-76.569375,Peaton,El primer evento no fue una colision con un vehiculo automotor en transporte,Four-Way Intersection,Interseccion de 4 direcciones,Sobre calle,Ninguna,Dia total,Despejado,No,NO APLICA,99,99,99,99,1,06/02/2022,7
24,Maryland,240534,0,0,2,1,510,BALTIMORE (CITY) (510),50,BALTIMORE,10,Octubre,27,2022,6,37,MU-1420 S CENTRAL AVE,6,Calle Local Municipalidad,Urbano,Local,City or Municipal Highway Agency,0,Sin jurisdiccion especial,5,39.29005,-76.59950278,Otro objeto (no fijo),El primer evento no fue una colision con un vehiculo automotor en transporte,Not an Intersection,No fue interseccion,Fuera de la calle,"Zona de trabajo, tipo desconocido",Oscuro con iluminacion,Despejado,No,NO APLICA,99,99,99,99,1,27/10/2022,2
24,Maryland,240535,0,0,2,1,510,BALTIMORE (CITY) (510),50,BALTIMORE,7,Julio,22,2022,2,3,MU-2940 EDISON HWY,6,Calle Local Municipalidad,Urbano,Arteria Principal,City or Municipal Highway Agency,0,Sin jurisdiccion especial,12,39.317625,-76.57270556,Banqueta,El primer evento no fue una colision con un vehiculo automotor en transporte,Four-Way Intersection,Interseccion de 4 direcciones,En el medio,Ninguna,Oscuro con iluminacion,Nublado,No,NO APLICA,99,99,99,99,1,22/07/2022,1
24,Maryland,240536,0,0,4,0,510,BALTIMORE (CITY) (510),50,BALTIMORE,10,Octubre,8,2022,18,30,SR-26 LIBERTY HEIGHTS AVE,3,Highway estatal,Urbano,Arteria Principal,State Highway Agency,1,Sin jurisdiccion especial,20,39.32568056,-76.67648889,Vehiculo en movimiento,Angulo,Y-Intersection,Interseccion de Y,Sobre calle,Ninguna,Atardecer,Despejado,No,NO APLICA,99,99,99,99,1,08/10/2022,9
24,Maryland,240537,0,0,1,0,510,BALTIMORE (CITY) (510),50,BALTIMORE,11,Noviembre,19,2022,13,40,MU-13701 E MONUMENT ST,6,Calle Local Municipalidad,Urbano,Arteria Principal,City or Municipal Highway Agency,0,Sin jurisdiccion especial,0,39.29955,-76.56772222,Arbol,El primer evento no fue una colision con un vehiculo automotor en transporte,Not an Intersection,No fue interseccion,En el medio,Ninguna,Dia total,Despejado,No,NO APLICA,99,99,99,99,1,19/11/2022,2
24,Maryland,240538,0,0,2,0,33,PRINCE GEORGE`S (33),569,FORESTVILLE,11,Noviembre,24,2022,17,26,GV-119 SUITLAND PKWY,8,Otro,Urbano,Arterial Principal -Freeway o ExpressWay,National Park Service,1,Servicio de Parques Nacional,99998,38.83465833,-76.90875556,Vehiculo en movimiento,Golpe Lateral - misma direccion,Not an Intersection,No fue interseccion,Sobre calle,Ninguna,Atardecer,Despejado,No,NO APLICA,99,99,99,99,1,24/11/2022,2
24,Maryland,240539,0,0,1,0,3,ANNE ARUNDEL (3),833,JESSUP,11,Noviembre,10,2022,5,3,SR-295,3,Highway estatal,Urbano,Arterial Principal -Freeway o ExpressWay,State Highway Agency,1,Servicio de Parques Nacional,99998,39.13334444,-76.75901944,Arbol,El primer evento no fue una colision con un vehiculo automotor en transporte,Not an Intersection,No fue interseccion,En el medio,Ninguna,Oscuro sin iluminacion,Despejado,No,NO APLICA,99,99,99,99,1,10/11/2022,2
24,Maryland,240540,0,0,2,0,33,PRINCE GEORGE`S (33),1558,TEMPLE HILLS,3,Marzo,13,2022,1,27,GV-119 SUITLAND PKWY,8,Otro,Urbano,Arterial Principal -Freeway o ExpressWay,National Park Service,1,Servicio de Parques Nacional,99998,38.84913889,-76.96536111,Vehiculo en movimiento,Frente a Detrás,Not an Intersection,No fue interseccion,Sobre calle,Ninguna,Oscuro sin iluminacion,Despejado,No,NO APLICA,99,99,99,99,1,13/03/2022,7
24,Maryland,240541,0,0,1,0,33,PRINCE GEORGE`S (33),100,BELTSVILLE,12,Diciembre,14,2022,0,29,SR-295,3,Highway estatal,Urbano,Arteria Principal,State Highway Agency,1,Servicio de Parques Nacional,99999,39.00915278,-76.86170833,Banqueta,El primer evento no fue una colision con un vehiculo automotor en transporte,Not an Intersection,No fue interseccion,Sobre el lado de la calle,Ninguna,Oscuro sin iluminacion,Despejado,No,NO APLICA,99,99,99,99,1,14/12/2022,1
24,Maryland,240542,0,0,2,0,33,PRINCE GEORGE`S (33),900,LAUREL,12,Diciembre,4,2022,3,26,SR-295,3,Highway estatal,Urbano,Arterial Principal -Freeway o ExpressWay,National Park Service,1,Servicio de Parques Nacional,99998,39.04741389,-76.84437222,Vehiculo en movimiento,Angulo,Not an Intersection,No fue interseccion,Sobre calle,Ninguna,Oscuro sin iluminacion,Despejado,No,NO APLICA,99,99,99,99,1,04/12/2022,3
24,Maryland,240543,0,0,2,0,33,PRINCE GEORGE`S (33),0,NO APLICA,9,Septiembre,4,2022,2,38,SR-295,3,Highway estatal,Urbano,Arterial Principal -Freeway o ExpressWay,National Park Service,1,Servicio de Parques Nacional,99998,38.99220278,-76.88503056,Vehiculo en movimiento,Frente a Detrás,Not an Intersection,No fue interseccion,Sobre Acotamiento,Ninguna,Oscuro sin iluminacion,Despejado,No,NO APLICA,99,99,99,99,1,04/09/2022,2
24,Maryland,240544,1,1,3,0,31,MONTGOMERY (31),130,BETHESDA,3,Marzo,20,2022,4,21,GV-61 CLARA BARTON PKWY,8,Otro,Urbano,Arterial Principal -Freeway o ExpressWay,National Park Service,1,Servicio de Parques Nacional,99998,38.94178056,-77.12219167,Peaton,El primer evento no fue una colision con un vehiculo automotor en transporte,Not an Intersection,No fue interseccion,Sobre calle,Ninguna,Oscuro sin iluminacion,Despejado,No,NO APLICA,99,99,99,99,1,20/03/2022,2
25,Massachusetts,250001,1,1,1,0,17,MIDDLESEX (17),105,EAST BILLERICA,1,Enero,1,2022,19,54,US-3 N,2,US Highway,Urbano,Arteria Principal,State Highway Agency,1,Sin jurisdiccion especial,99998,42.58591944,-71.31078611,Peaton,El primer evento no fue una colision con un vehiculo automotor en transporte,Not an Intersection,No fue interseccion,Sobre calle,Ninguna,Oscuro sin iluminacion,lluvia,No,NO APLICA,19,53,19,56,1,01/01/2022,1
25,Massachusetts,250002,0,0,1,0,11,FRANKLIN (11),99,BERNARDSTON,1,Enero,2,2022,12,21,I-91,1,Interestatal,Rural,Interestatal,State Highway Agency,1,Sin jurisdiccion especial,99998,42.65555833,-72.55223333,Valla Ferrocarril,El primer evento no fue una colision con un vehiculo automotor en transporte,Not an Intersection,No fue interseccion,Sobre el lado de la calle,Ninguna,Dia total,lluvia,No,NO APLICA,12,22,12,37,1,02/01/2022,2
25,Massachusetts,250003,1,1,1,0,5,BRISTOL (5),850,NEW BEDFORD,1,Enero,4,2022,17,54,BELLEVILLE AVE,8,Otro,Urbano,Arteria Menor,City or Municipal Highway Agency,0,Sin jurisdiccion especial,99998,41.66790278,-70.9213,Peaton,El primer evento no fue una colision con un vehiculo automotor en transporte,Not an Intersection,No fue interseccion,Sobre calle,Ninguna,Oscuro con iluminacion,Despejado,No,NO APLICA,17,56,17,59,1,04/01/2022,1
25,Massachusetts,250004,1,1,1,0,9,ESSEX (9),1110,SALEM,1,Enero,6,2022,19,13,SR-107S HIGHLAND AVE,3,Highway estatal,Urbano,Arteria Principal,State Highway Agency,1,Sin jurisdiccion especial,99998,42.49439444,-70.93375,Peaton,El primer evento no fue una colision con un vehiculo automotor en transporte,T-Intersection,Interseccion de T,Sobre calle,Ninguna,Oscuro con iluminacion,Despejado,No,NO APLICA,19,9,19,14,1,06/01/2022,2
25,Massachusetts,250005,0,0,1,0,5,BRISTOL (5),385,FREETOWN,1,Enero,7,2022,7,28,SR-140,3,Highway estatal,Urbano,Arterial Principal -Freeway o ExpressWay,State Highway Agency,1,Sin jurisdiccion especial,99998,41.76669444,-70.96156111,Arbol,El primer evento no fue una colision con un vehiculo automotor en transporte,Not an Intersection,No fue interseccion,Sobre el lado de la calle,Ninguna,Oscuro sin iluminacion,Nieve,No,NO APLICA,7,29,7,39,1,07/01/2022,1
25,Massachusetts,250006,0,0,2,0,5,BRISTOL (5),96,BERKLEY,1,Enero,9,2022,1,41,SR-24,3,Highway estatal,Urbano,Arterial Principal -Freeway o ExpressWay,State Highway Agency,1,Sin jurisdiccion especial,257,41.847825,-71.06253889,Vehiculo en movimiento,Frente a frente,Not an Intersection,No fue interseccion,Sobre calle,Ninguna,Oscuro sin iluminacion,Nublado,No,NO APLICA,1,52,1,57,1,09/01/2022,2
25,Massachusetts,250007,1,1,1,0,27,WORCESTER (27),1520,WORCESTER,1,Enero,10,2022,17,15,VERNON ST,8,Otro,Urbano,Colector Mayor,City or Municipal Highway Agency,0,Sin jurisdiccion especial,99998,42.24219722,-71.79738889,Peaton,El primer evento no fue una colision con un vehiculo automotor en transporte,T-Intersection,Interseccion de T,Sobre calle,Ninguna,Oscuro con iluminacion,Despejado,No,NO APLICA,17,15,17,24,1,10/01/2022,1
25,Massachusetts,250008,0,0,2,0,5,BRISTOL (5),1133,TOWN OF REHOBOTH,1,Enero,13,2022,4,3,SR-152 CENTRAL AVE,3,Highway estatal,Urbano,Arteria Menor,Town or Township Highway Agency,9,Sin jurisdiccion especial,99998,41.89501944,-71.32651111,Vehiculo en movimiento,Frente a frente,Not an Intersection,No fue interseccion,Sobre calle,Ninguna,Oscuro con iluminacion,Despejado,No,NO APLICA,4,4,4,7,1,13/01/2022,2
25,Massachusetts,250009,0,0,1,0,15,HAMPSHIRE (15),295,EASTHAMPTON,1,Enero,14,2022,21,18,GLENDALE AVE,8,Otro,Urbano,Arteria Menor,Town or Township Highway Agency,9,Sin jurisdiccion especial,99998,42.26416667,-72.68555556,Otro objeto (no fijo),El primer evento no fue una colision con un vehiculo automotor en transporte,Not an Intersection,No fue interseccion,Fuera de la calle,Ninguna,Oscuro con iluminacion,Despejado,No,NO APLICA,21,18,21,21,1,14/01/2022,1
25,Massachusetts,250010,0,0,1,0,17,MIDDLESEX (17),1340,WALTHAM,1,Enero,15,2022,6,50,I-95,1,Interestatal,Urbano,Interestatal,State Highway Agency,1,Sin jurisdiccion especial,472,42.39470556,-71.262375,Valla Ferrocarril,El primer evento no fue una colision con un vehiculo automotor en transporte,Not an Intersection,No fue interseccion,Sobre el lado de la calle,Ninguna,Dia total,Despejado,No,NO APLICA,6,52,7,1,1,15/01/2022,1
25,Massachusetts,250011,0,0,1,0,5,BRISTOL (5),1133,TOWN OF REHOBOTH,1,Enero,17,2022,19,49,ARCADE AVE,8,Otro,Urbano,Arteria Menor,Town or Township Highway Agency,0,Sin jurisdiccion especial,19,41.84038889,-71.33454444,Muro,El primer evento no fue una colision con un vehiculo automotor en transporte,Not an Intersection,No fue interseccion,Sobre el lado de la calle,Ninguna,Oscuro con iluminacion,Nublado,No,NO APLICA,19,49,19,52,1,17/01/2022,1
25,Massachusetts,250012,1,1,2,0,17,MIDDLESEX (17),630,LOWELL,1,Enero,16,2022,14,4,HILDRETH ST,8,Otro,Urbano,Colector Mayor,City or Municipal Highway Agency,0,Sin jurisdiccion especial,8,42.66351111,-71.31185278,Vehiculo en movimiento,Angulo,T-Intersection,Interseccion de T,Sobre calle,Ninguna,Dia total,Despejado,No,NO APLICA,14,6,14,11,1,16/01/2022,6
25,Massachusetts,250013,1,1,1,0,17,MIDDLESEX (17),375,FRAMINGHAM,1,Enero,17,2022,21,1,SR-9 WORCESTER RD,3,Highway estatal,Urbano,Arteria Principal,State Highway Agency,1,Sin jurisdiccion especial,220,42.29704167,-71.48349167,Peaton,El primer evento no fue una colision con un vehiculo automotor en transporte,Four-Way Intersection,Interseccion de 4 direcciones,Sobre calle,Ninguna,Oscuro con iluminacion,Nieve,No,NO APLICA,21,2,21,11,1,17/01/2022,1
25,Massachusetts,250014,0,0,1,0,27,WORCESTER (27),1278,STURBRIDGE,1,Enero,9,2022,11,58,RT-15 HAYNES ST,9,Desconocido,Urbano,Local,Town or Township Highway Agency,0,Sin jurisdiccion especial,12,42.08654167,-72.08949722,Arbol,El primer evento no fue una colision con un vehiculo automotor en transporte,Not an Intersection,No fue interseccion,Sobre el lado de la calle,Ninguna,Dia total,Despejado,No,NO APLICA,11,59,12,5,1,09/01/2022,1
25,Massachusetts,250015,0,0,1,0,17,MIDDLESEX (17),520,HOPKINTON,1,Enero,19,2022,15,16,SR-135 WOOD ST,3,Highway estatal,Urbano,Arteria Principal,Town or Township Highway Agency,1,Sin jurisdiccion especial,94,42.22801111,-71.54196944,Buzon de correo,El primer evento no fue una colision con un vehiculo automotor en transporte,Not an Intersection,No fue interseccion,Sobre el lado de la calle,Ninguna,Dia total,Despejado,No,NO APLICA,15,10,15,17,1,19/01/2022,2
25,Massachusetts,250016,1,1,1,0,17,MIDDLESEX (17),1335,WAKEFIELD,1,Enero,19,2022,18,29,MAIN ST,8,Otro,Urbano,Arteria Principal,Town or Township Highway Agency,1,Sin jurisdiccion especial,53,42.47666389,-71.06218333,Peaton,El primer evento no fue una colision con un vehiculo automotor en transporte,Not an Intersection,No fue interseccion,Sobre calle,Ninguna,Oscuro con iluminacion,Nublado,No,NO APLICA,18,35,18,53,1,19/01/2022,2
25,Massachusetts,250017,0,0,1,0,23,PLYMOUTH (23),1040,PLYMOUTH,1,Enero,19,2022,17,14,STATE RD,8,Otro,Urbano,Arteria Menor,State Highway Agency,0,Sin jurisdiccion especial,4,41.80976389,-70.54839444,Poste,El primer evento no fue una colision con un vehiculo automotor en transporte,Not an Intersection,No fue interseccion,Sobre el lado de la calle,Ninguna,Oscuro con iluminacion,Despejado,No,NO APLICA,17,15,17,28,1,19/01/2022,1
25,Massachusetts,250018,0,0,1,0,1,BARNSTABLE (1),1385,WELLFLEET,1,Enero,23,2022,6,59,US-6,2,US Highway,Urbano,Arteria Principal,State Highway Agency,1,Sin jurisdiccion especial,192,41.90328889,-69.98467778,Valla Ferrocarril,El primer evento no fue una colision con un vehiculo automotor en transporte,Not an Intersection,No fue interseccion,Sobre el lado de la calle,Ninguna,Oscuro sin iluminacion,Despejado,No,NO APLICA,6,47,6,56,1,23/01/2022,1
25,Massachusetts,250019,0,0,1,0,13,HAMPDEN (13),1477,WILBRAHAM,1,Enero,23,2022,1,32,MAIN ST,8,Otro,Urbano,Arteria Menor,Town or Township Highway Agency,0,Sin jurisdiccion especial,50,42.09281111,-72.43541111,Otro objeto (no fijo),El primer evento no fue una colision con un vehiculo automotor en transporte,Not an Intersection,No fue interseccion,Sobre el lado de la calle,Ninguna,Oscuro sin iluminacion,Despejado,No,NO APLICA,1,33,1,38,1,23/01/2022,2
25,Massachusetts,250020,1,1,1,0,21,NORFOLK (21),1276,STOUGHTON,1,Enero,26,2022,16,0,SR-139 LINDELOF AVE,3,Highway estatal,Urbano,Arteria Principal,State Highway Agency,1,Sin jurisdiccion especial,292,42.15836389,-71.06733611,Peaton,El primer evento no fue una colision con un vehiculo automotor en transporte,Not an Intersection,No fue interseccion,Sobre Acotamiento,Ninguna,Dia total,Despejado,No,NO APLICA,16,2,16,10,1,26/01/2022,3
25,Massachusetts,250021,1,1,1,0,1,BARNSTABLE (1),1535,YARMOUTH,1,Enero,27,2022,14,26,PINE CONE DR,8,Otro,Urbano,Local,Town or Township Highway Agency,0,Sin jurisdiccion especial,99998,41.64453889,-70.24096667,Peaton,El primer evento no fue una colision con un vehiculo automotor en transporte,Not an Intersection,No fue interseccion,Sobre calle,Ninguna,Dia total,Despejado,No,NO APLICA,14,29,14,35,1,27/01/2022,1
25,Massachusetts,250022,0,0,1,0,1,BARNSTABLE (1),330,FALMOUTH,2,Febrero,4,2022,19,41,RANSOM RD,8,Otro,Urbano,Arteria Menor,Town or Township Highway Agency,0,Sin jurisdiccion especial,0,41.54762778,-70.64613611,Otro objeto (no fijo),El primer evento no fue una colision con un vehiculo automotor en transporte,Not an Intersection,No fue interseccion,Sobre calle,Ninguna,Oscuro sin iluminacion,Nieve,No,NO APLICA,19,42,19,46,1,04/02/2022,2
25,Massachusetts,250023,2,2,1,0,13,HAMPDEN (13),500,HOLYOKE,2,Febrero,3,2022,20,52,SOUTH ST,9,Desconocido,Urbano,Local,City or Municipal Highway Agency,0,Sin jurisdiccion especial,99998,42.19451667,-72.61566667,Peaton,El primer evento no fue una colision con un vehiculo automotor en transporte,Not an Intersection,No fue interseccion,Sobre calle,Ninguna,Oscuro con iluminacion,lluvia,No,NO APLICA,20,52,20,54,1,03/02/2022,1
25,Massachusetts,250024,0,0,1,0,5,BRISTOL (5),1268,SWANSEA,2,Febrero,5,2022,14,27,I-195,1,Interestatal,Urbano,Interestatal,State Highway Agency,1,Sin jurisdiccion especial,49,41.77275,-71.2566,Acotamiento,El primer evento no fue una colision con un vehiculo automotor en transporte,Not an Intersection,No fue interseccion,Sobre el lado de la calle,Ninguna,Dia total,Despejado,No,NO APLICA,14,33,14,36,1,05/02/2022,2
25,Massachusetts,250025,1,1,1,0,17,MIDDLESEX (17),845,NATICK,2,Febrero,6,2022,20,28,I-90,1,Interestatal,Urbano,Interestatal,State Highway Agency,1,Sin jurisdiccion especial,204,42.311375,-71.36861944,Peaton,El primer evento no fue una colision con un vehiculo automotor en transporte,Not an Intersection,No fue interseccion,Sobre calle,Ninguna,Oscuro con iluminacion,Despejado,No,NO APLICA,20,36,20,51,1,06/02/2022,1
25,Massachusetts,250026,0,0,1,0,17,MIDDLESEX (17),919,NORTH READING,2,Febrero,9,2022,20,5,SR-62 WINTER ST,3,Highway estatal,Urbano,Arteria Menor,State Highway Agency,9,Sin jurisdiccion especial,674,42.57715,-71.10880556,Poste,El primer evento no fue una colision con un vehiculo automotor en transporte,Not an Intersection,No fue interseccion,Sobre el lado de la calle,Ninguna,Oscuro con iluminacion,Despejado,No,NO APLICA,20,9,20,10,1,09/02/2022,1
25,Massachusetts,250027,0,0,1,0,5,BRISTOL (5),251,RUSSELLS MILLS,2,Febrero,6,2022,22,10,I-195,1,Interestatal,Urbano,Interestatal,State Highway Agency,1,Sin jurisdiccion especial,182,41.65500833,-70.99098333,Arbol,El primer evento no fue una colision con un vehiculo automotor en transporte,Not an Intersection,No fue interseccion,En el medio,Ninguna,Oscuro sin iluminacion,Despejado,No,NO APLICA,22,8,22,14,1,06/02/2022,3
25,Massachusetts,250028,0,0,1,0,23,PLYMOUTH (23),677,MARION,2,Febrero,9,2022,13,26,I-195,1,Interestatal,Urbano,Interestatal,State Highway Agency,1,Sin jurisdiccion especial,50,41.72309167,-70.77761389,Arbol,El primer evento no fue una colision con un vehiculo automotor en transporte,Not an Intersection,No fue interseccion,Sobre el lado de la calle,Ninguna,Dia total,Despejado,No,NO APLICA,13,25,13,30,1,09/02/2022,2
25,Massachusetts,250029,0,0,1,0,21,NORFOLK (21),125,QUINCY,2,Febrero,11,2022,2,12,WEST ST,8,Otro,Urbano,Arteria Menor,Town or Township Highway Agency,0,Sin jurisdiccion especial,54,42.20555833,-71.04569167,Acotamiento,El primer evento no fue una colision con un vehiculo automotor en transporte,Not an Intersection,No fue interseccion,Sobre el lado de la calle,Ninguna,Oscuro con iluminacion,Despejado,No,NO APLICA,2,14,2,21,1,11/02/2022,1
25,Massachusetts,250030,0,0,1,0,21,NORFOLK (21),253,DOVER,2,Febrero,12,2022,1,11,DOVER ST,8,Otro,Urbano,Arteria Menor,Town or Township Highway Agency,0,Sin jurisdiccion especial,29,42.24046944,-71.2772,Muro,El primer evento no fue una colision con un vehiculo automotor en transporte,Not an Intersection,No fue interseccion,Sobre el lado de la calle,Ninguna,Oscuro sin iluminacion,Despejado,No,NO APLICA,1,16,1,20,1,12/02/2022,5
25,Massachusetts,250031,0,0,2,0,27,WORCESTER (27),272,EAST BROOKFIELD,2,Febrero,14,2022,12,30,SR-49,3,Highway estatal,Rural,Arteria Menor,State Highway Agency,1,Sin jurisdiccion especial,99998,42.183875,-72.03154722,Vehiculo en movimiento,Frente a frente,Not an Intersection,No fue interseccion,Sobre calle,Ninguna,Dia total,Despejado,No,NO APLICA,12,30,12,35,2,14/02/2022,3
25,Massachusetts,250033,0,0,2,0,17,MIDDLESEX (17),1510,WOBURN,2,Febrero,17,2022,13,55,BEDFORD RD,8,Otro,Urbano,Colector Mayor,City or Municipal Highway Agency,0,Sin jurisdiccion especial,99998,42.47999444,-71.17406944,Vehiculo en movimiento,Angulo,Four-Way Intersection,Interseccion de 4 direcciones,Sobre calle,Ninguna,Dia total,Despejado,No,NO APLICA,13,47,14,0,1,17/02/2022,2
25,Massachusetts,250034,1,1,1,0,27,WORCESTER (27),1520,WORCESTER,2,Febrero,18,2022,3,46,SR-12 BOYLSTON ST,3,Highway estatal,Urbano,Arteria Menor,State Highway Agency,0,Sin jurisdiccion especial,386,42.3388,-71.78899167,No vehiculo o remolque,El primer evento no fue una colision con un vehiculo automotor en transporte,Not an Intersection,No fue interseccion,Sobre calle,Ninguna,Oscuro con iluminacion,lluvia,No,NO APLICA,3,46,3,55,1,18/02/2022,1
25,Massachusetts,250035,0,0,2,0,21,NORFOLK (21),1336,WALPOLE,2,Febrero,19,2022,13,52,WASHINGTON ST,8,Otro,Urbano,Arteria Menor,Town or Township Highway Agency,0,Sin jurisdiccion especial,0,42.15484722,-71.222,Vehiculo en movimiento,Angulo,Four-Way Intersection,Interseccion de 4 direcciones,Sobre calle,Ninguna,Dia total,Nublado,No,NO APLICA,13,53,13,59,1,19/02/2022,2
25,Massachusetts,250036,0,0,2,0,27,WORCESTER (27),252,DOUGLAS,2,Febrero,23,2022,7,38,SR-16 MAIN ST,3,Highway estatal,Urbano,Arteria Menor,Town or Township Highway Agency,0,Sin jurisdiccion especial,73,42.05656944,-71.73731111,Vehiculo en movimiento,Frente a frente,Not an Intersection,No fue interseccion,Sobre calle,Ninguna,Dia total,Despejado,No,NO APLICA,7,39,7,43,1,23/02/2022,2
25,Massachusetts,250037,0,0,1,0,1,BARNSTABLE (1),330,FALMOUTH,2,Febrero,20,2022,1,35,CENTRAL AVE,8,Otro,Urbano,Arteria Menor,Town or Township Highway Agency,0,Sin jurisdiccion especial,0,41.55048333,-70.55186944,Acotamiento,El primer evento no fue una colision con un vehiculo automotor en transporte,T-Intersection,Interseccion de T,Sobre el lado de la calle,Ninguna,Oscuro con iluminacion,Despejado,No,NO APLICA,9,28,9,35,1,20/02/2022,1
25,Massachusetts,250038,0,0,1,0,1,BARNSTABLE (1),330,FALMOUTH,2,Febrero,20,2022,17,36,SR-28,3,Highway estatal,Urbano,Arterial Principal -Freeway o ExpressWay,State Highway Agency,1,Sin jurisdiccion especial,558,41.6456,-70.60417222,Poste de Señal de trafico,El primer evento no fue una colision con un vehiculo automotor en transporte,Not an Intersection,No fue interseccion,Gore?,Ninguna,Oscuro sin iluminacion,Despejado,No,NO APLICA,17,35,17,41,1,20/02/2022,1