Estado,Nombre de Estado,Numero de Caso,Peatones,Personas _no_vehiculos,Vehiculos automotores,Vehiculos estacionados,Condado,Nombre Condado,Ciudad,Nombre Ciudad,Mes,Nombre Mes,Dia,Año,Hora,Minuto,Calle,Ruta,Nombre Ruta,Rural o Urbanoo,Sistema Funcional,Dueño Calle,Sistema Nacional Carreteras,Jurisdiccion Especial,Milla,Latitud,Longitud,Causa del Accidente,Tipo de Accidente,Tipo Interseccion,Columna1,Lugar en la calle,Zona de Trabajo,Luz,Clima,Autobus Escolar,Cruce de Trenes,Hora Notificacion,Minuto Notificacion,Hora Llegada,Minuto Llegada,Decesos,Fecha,PersonaVehiculo
25,Massachusetts,250039,1,1,1,0,17,MIDDLESEX (17),170,NEWTON,2,Febrero,22,2022,0,45,SR-28 MONSIGNOR OBRIEN HIGHWAY,3,Highway estatal,Urbano,Arteria Principal,State Highway Agency,1,Militar,278,42.37314722,-71.08099444,Peaton,El primer evento no fue una colision con un vehiculo automotor en transporte,Not an Intersection,No fue interseccion,Sobre calle,Ninguna,Oscuro sin iluminacion,Despejado,No,NO APLICA,0,24,0,28,1,22/02/2022,1
25,Massachusetts,250040,0,0,2,0,23,PLYMOUTH (23),1040,PLYMOUTH,2,Febrero,21,2022,8,12,US-44 RAMP,2,US Highway,Urbano,Arterial Principal -Freeway o ExpressWay,State Highway Agency,1,Sin jurisdiccion especial,350,41.95640833,-70.71111944,Vehiculo en movimiento,Angulo,Other Intersection Type,Otro tipo de interseccion,Sobre calle,Ninguna,Dia total,Despejado,No,NO APLICA,8,13,8,22,1,21/02/2022,2
25,Massachusetts,250041,0,0,3,0,13,HAMPDEN (13),15,SPRINGFIELD,2,Febrero,24,2022,13,56,MAPLE ST,8,Otro,Urbano,Arteria Menor,City or Municipal Highway Agency,0,Sin jurisdiccion especial,0,42.10146944,-72.58163333,Vehiculo en movimiento,Frente a Detrás,Four-Way Intersection,Interseccion de 4 direcciones,Sobre calle,Ninguna,Dia total,Nublado,No,NO APLICA,13,59,14,6,1,24/02/2022,4
25,Massachusetts,250042,0,0,2,0,17,MIDDLESEX (17),618,LITTLETON,2,Febrero,22,2022,3,44,SR-2A AYER RD,3,Highway estatal,Urbano,Arteria Principal,County Highway Agency,1,Sin jurisdiccion especial,726,42.54870278,-71.52143056,Vehiculo en movimiento,Frente a frente,Not an Intersection,No fue interseccion,Sobre calle,Ninguna,Oscuro sin iluminacion,Despejado,No,NO APLICA,3,41,3,48,1,22/02/2022,2
25,Massachusetts,250043,1,1,1,0,17,MIDDLESEX (17),1510,WOBURN,2,Febrero,24,2022,19,17,MONTVALE AVE,8,Otro,Urbano,Arteria Principal,City or Municipal Highway Agency,1,Sin jurisdiccion especial,1,42.47972222,-71.14916667,Peaton,El primer evento no fue una colision con un vehiculo automotor en transporte,Not an Intersection,No fue interseccion,Sobre calle,Ninguna,Oscuro sin iluminacion,Despejado,No,NO APLICA,19,20,19,20,1,24/02/2022,1
25,Massachusetts,250044,0,0,2,0,27,WORCESTER (27),40,ATHOL,2,Febrero,23,2022,19,48,SR-2,3,Highway estatal,Rural,Arterial Principal -Freeway o ExpressWay,State Highway Agency,1,Sin jurisdiccion especial,722,42.56571667,-72.25644167,Vehiculo en movimiento,Frente a frente,Not an Intersection,No fue interseccion,Sobre calle,Ninguna,Oscuro sin iluminacion,Despejado,No,NO APLICA,19,54,20,9,2,23/02/2022,2
25,Massachusetts,250045,1,1,1,0,9,ESSEX (9),1000,PEABODY,2,Febrero,24,2022,22,11,WASHINGTON ST,8,Otro,Urbano,Colector Mayor,State Highway Agency,0,Sin jurisdiccion especial,99998,42.52235833,-70.92482222,Peaton,El primer evento no fue una colision con un vehiculo automotor en transporte,Not an Intersection,No fue interseccion,Sobre calle,Ninguna,Oscuro con iluminacion,Despejado,No,NO APLICA,22,12,22,19,1,24/02/2022,1
25,Massachusetts,250046,0,0,1,0,1,BARNSTABLE (1),682,MARSTONS MILLS,2,Febrero,25,2022,20,30,RACE LANE,8,Otro,Urbano,Arteria Menor,Town or Township Highway Agency,0,Sin jurisdiccion especial,54,41.67729444,-70.38774722,Arbol,El primer evento no fue una colision con un vehiculo automotor en transporte,Not an Intersection,No fue interseccion,Fuera de la calle,Ninguna,Oscuro con iluminacion,Nieve,No,NO APLICA,20,30,20,37,1,25/02/2022,1
25,Massachusetts,250047,1,1,1,0,21,NORFOLK (21),1140,SHARON,2,Febrero,27,2022,18,4,S MAIN ST,8,Otro,Urbano,Arteria Menor,Town or Township Highway Agency,0,Militar,0,42.09386111,-71.22280556,Peaton,El primer evento no fue una colision con un vehiculo automotor en transporte,Not an Intersection,No fue interseccion,Sobre calle,Ninguna,Oscuro con iluminacion,Despejado,No,NO APLICA,18,2,18,7,1,27/02/2022,2
25,Massachusetts,250048,1,1,1,0,15,HAMPSHIRE (15),30,AMHERST,2,Febrero,22,2022,20,50,MASSACHUSETTS AVE,8,Otro,Urbano,Arteria Principal,Town or Township Highway Agency,1,Sin jurisdiccion especial,99998,42.385025,-72.52658889,Peaton,El primer evento no fue una colision con un vehiculo automotor en transporte,Not an Intersection,No fue interseccion,Sobre calle,Ninguna,Oscuro con iluminacion,lluvia,No,NO APLICA,20,49,20,54,1,22/02/2022,1
25,Massachusetts,250049,0,0,6,0,25,SUFFOLK (25),120,BOSTON,2,Febrero,28,2022,19,45,SR-99 RUTHERFORD AVE,3,Highway estatal,Urbano,Arteria Principal,City or Municipal Highway Agency,1,Sin jurisdiccion especial,67,42.37103333,-71.06176389,Vehiculo en movimiento,Frente a frente,Four-Way Intersection,Interseccion de 4 direcciones,Sobre calle,Ninguna,Oscuro con iluminacion,Despejado,No,NO APLICA,19,52,19,57,1,28/02/2022,6
25,Massachusetts,250050,0,0,2,1,27,WORCESTER (27),1380,WEBSTER,2,Febrero,23,2022,15,37,OAKWOOD DR,8,Otro,Urbano,Local,Town or Township Highway Agency,0,Servicio de Parques Nacional,0,42.07435556,-71.85584722,Vehiculo Aparcado,El primer evento no fue una colision con un vehiculo automotor en transporte,Not an Intersection,No fue interseccion,Sobre Acotamiento,Ninguna,Dia total,Despejado,No,NO APLICA,15,39,15,44,1,23/02/2022,1
25,Massachusetts,250051,1,1,1,0,23,PLYMOUTH (23),2,ABINGTON,3,Marzo,1,2022,19,14,SR-18 BEDFORD ST,3,Highway estatal,Urbano,Arteria Principal,State Highway Agency,1,Sin jurisdiccion especial,376,42.14554722,-70.95443889,Peaton,El primer evento no fue una colision con un vehiculo automotor en transporte,Not an Intersection,No fue interseccion,Sobre calle,Ninguna,Oscuro con iluminacion,Nublado,No,NO APLICA,19,13,19,13,1,01/03/2022,1
25,Massachusetts,250052,0,0,2,0,5,BRISTOL (5),320,FALL RIVER,3,Marzo,1,2022,10,58,BEDFORD ST,8,Otro,Urbano,Arteria Menor,City or Municipal Highway Agency,0,Sin jurisdiccion especial,99998,41.701375,-71.15233056,Vehiculo en movimiento,Angulo,Four-Way Intersection,Interseccion de 4 direcciones,Sobre calle,Ninguna,Dia total,Nublado,No,NO APLICA,11,0,11,3,1,01/03/2022,4
25,Massachusetts,250053,0,0,2,0,17,MIDDLESEX (17),195,CHELMSFORD,2,Febrero,4,2022,6,25,I-495,1,Interestatal,Urbano,Interestatal,State Highway Agency,1,Sin jurisdiccion especial,872,42.60131667,-71.35901944,Vehiculo en movimiento,Angulo,Not an Intersection,No fue interseccion,Sobre calle,Ninguna,Amanecer,Aguanieve,No,NO APLICA,6,28,6,36,1,04/02/2022,2
25,Massachusetts,250054,0,0,2,0,27,WORCESTER (27),1269,SUTTON,3,Marzo,3,2022,15,25,BOSTON RD,8,Otro,Urbano,Arteria Menor,Town or Township Highway Agency,0,Sin jurisdiccion especial,0,42.15337222,-71.75016944,Vehiculo en movimiento,Frente a frente,Not an Intersection,No fue interseccion,Sobre calle,Ninguna,Dia total,Despejado,No,NO APLICA,15,30,15,37,1,03/03/2022,2
25,Massachusetts,250055,0,0,2,0,21,NORFOLK (21),825,MILTON,3,Marzo,8,2022,18,7,SR-138 BLUE HILL AVE,3,Highway estatal,Urbano,Arteria Principal,State Highway Agency,1,Sin jurisdiccion especial,99998,42.24778333,-71.10341389,Vehiculo en movimiento,Frente a frente,Not an Intersection,No fue interseccion,Sobre calle,Ninguna,Dia total,Despejado,No,NO APLICA,18,11,18,21,1,08/03/2022,3
25,Massachusetts,250056,0,0,2,0,17,MIDDLESEX (17),170,NEWTON,3,Marzo,10,2022,15,45,I-90 RAMP RTE 128 NB,1,Interestatal,Urbano,Interestatal,City or Municipal Highway Agency,1,Sin jurisdiccion especial,99998,42.34103056,-71.25977222,Vehiculo en movimiento,Frente a frente,Not an Intersection,No fue interseccion,Sobre calle,Ninguna,Dia total,Despejado,No,NO APLICA,15,51,16,2,1,10/03/2022,2
25,Massachusetts,250057,1,1,1,0,21,NORFOLK (21),125,QUINCY,3,Marzo,11,2022,4,12,HOLBROOK RD,6,Calle Local Municipalidad,Urbano,Arteria Menor,City or Municipal Highway Agency,0,Sin jurisdiccion especial,0,42.27278889,-71.0277,Peaton,El primer evento no fue una colision con un vehiculo automotor en transporte,T-Intersection,Interseccion de T,Sobre calle,Ninguna,Oscuro con iluminacion,Despejado,No,NO APLICA,4,14,4,17,1,11/03/2022,1
25,Massachusetts,250058,0,0,1,0,13,HAMPDEN (13),1477,WILBRAHAM,3,Marzo,11,2022,19,27,1242 STONY HILL RD,5,Calle Local - Pueblo,Urbano,Colector Mayor,Town or Township Highway Agency,0,Sin jurisdiccion especial,0,42.08801944,-72.46023333,Arbol,El primer evento no fue una colision con un vehiculo automotor en transporte,Not an Intersection,No fue interseccion,Sobre el lado de la calle,Ninguna,Oscuro con iluminacion,Despejado,No,NO APLICA,19,28,19,36,1,11/03/2022,1
25,Massachusetts,250059,1,1,1,0,27,WORCESTER (27),390,GARDNER,3,Marzo,11,2022,21,30,WATERFORD ST,8,Otro,Urbano,Colector Mayor,City or Municipal Highway Agency,0,Sin jurisdiccion especial,0,42.57073333,-72.00361389,Peaton,El primer evento no fue una colision con un vehiculo automotor en transporte,Not an Intersection,No fue interseccion,Sobre calle,Ninguna,Oscuro sin iluminacion,Despejado,No,NO APLICA,21,26,21,33,1,11/03/2022,1
25,Massachusetts,250060,0,0,3,0,23,PLYMOUTH (23),140,BROCKTON,3,Marzo,12,2022,2,21,SR-24,3,Highway estatal,Urbano,Arterial Principal -Freeway o ExpressWay,State Highway Agency,1,Sin jurisdiccion especial,328,42.08743056,-71.06117222,Vehiculo en movimiento,Golpe Lateral - misma direccion,Not an Intersection,No fue interseccion,Sobre calle,Ninguna,Oscuro sin iluminacion,lluvia,No,NO APLICA,2,30,2,40,1,12/03/2022,5
25,Massachusetts,250061,0,0,2,0,21,NORFOLK (21),1530,WRENTHAM,3,Marzo,15,2022,3,51,RTE 1 NORTH WASHINGTON ST,5,Calle Local - Pueblo,Urbano,Arteria Principal,Town or Township Highway Agency,1,Sin jurisdiccion especial,0,42.0666,-71.29311389,Vehiculo en movimiento,Angulo,Not an Intersection,No fue interseccion,Sobre calle,Ninguna,Oscuro con iluminacion,Despejado,No,NO APLICA,3,55,4,6,1,15/03/2022,2
25,Massachusetts,250062,0,0,1,0,21,NORFOLK (21),370,FOXBORO,3,Marzo,17,2022,9,25,I-95,1,Interestatal,Urbano,Interestatal,State Highway Agency,1,Sin jurisdiccion especial,122,42.03318056,-71.24944444,Arbol,El primer evento no fue una colision con un vehiculo automotor en transporte,Not an Intersection,No fue interseccion,En el medio,Ninguna,Dia total,Despejado,No,NO APLICA,9,22,9,28,1,17/03/2022,1
25,Massachusetts,250063,0,0,1,0,23,PLYMOUTH (23),537,HULL,1,Enero,6,2022,22,20,ROCKAWAY AVE,8,Otro,Urbano,Local,Town or Township Highway Agency,0,Sin jurisdiccion especial,0,42.26401944,-70.85568611,Poste,El primer evento no fue una colision con un vehiculo automotor en transporte,Not an Intersection,No fue interseccion,Sobre el lado de la calle,Ninguna,Oscuro - iluminacion desconocida,Despejado,No,NO APLICA,22,20,22,24,1,06/01/2022,2
25,Massachusetts,250064,0,0,2,0,27,WORCESTER (27),585,LEICESTER,1,Enero,31,2022,18,6,MAIN ST,8,Otro,Rural,Local,Town or Township Highway Agency,0,Sin jurisdiccion especial,99998,42.25220833,-71.94675556,Vehiculo en movimiento,Angulo,Not an Intersection,No fue interseccion,Sobre calle,Ninguna,Oscuro sin iluminacion,Despejado,No,NO APLICA,18,6,18,12,1,31/01/2022,3
25,Massachusetts,250066,1,1,1,0,21,NORFOLK (21),256,DEDHAM,2,Febrero,4,2022,6,33,SR-1A WASHINGTON ST,3,Highway estatal,Urbano,Arteria Menor,State Highway Agency,0,Sin jurisdiccion especial,268,42.23279444,-71.18413056,Peaton,El primer evento no fue una colision con un vehiculo automotor en transporte,Not an Intersection,No fue interseccion,Sobre calle,Ninguna,Oscuro con iluminacion,Nieve,No,NO APLICA,6,34,6,38,1,04/02/2022,1
25,Massachusetts,250067,1,1,1,0,13,HAMPDEN (13),500,HOLYOKE,3,Marzo,15,2022,22,19,FRANKLIN ST,5,Calle Local - Pueblo,Urbano,Colector Mayor,City or Municipal Highway Agency,0,Sin jurisdiccion especial,0,42.20237222,-72.6208,Peaton,El primer evento no fue una colision con un vehiculo automotor en transporte,Four-Way Intersection,Interseccion de 4 direcciones,Sobre calle,Ninguna,Oscuro con iluminacion,lluvia,No,NO APLICA,22,28,22,28,1,15/03/2022,1
25,Massachusetts,250068,0,0,1,0,9,ESSEX (9),675,MARBLEHEAD,3,Marzo,18,2022,2,59,OCEAN AVE,8,Otro,Urbano,Arteria Menor,Town or Township Highway Agency,0,Sin jurisdiccion especial,0,42.49191944,-70.84848333,Banqueta,El primer evento no fue una colision con un vehiculo automotor en transporte,Not an Intersection,No fue interseccion,Sobre el lado de la calle,Ninguna,Oscuro con iluminacion,Neblina o Humo,No,NO APLICA,3,0,3,4,1,18/03/2022,1
25,Massachusetts,250069,0,1,2,1,27,WORCESTER (27),185,CHARLTON DEPOT,2,Febrero,5,2022,9,10,I-90,1,Interestatal,Urbano,Interestatal,State Highway Agency,1,Sin jurisdiccion especial,864,42.17524167,-71.91767778,Vehiculo Aparcado,El primer evento no fue una colision con un vehiculo automotor en transporte,Not an Intersection,No fue interseccion,Sobre Acotamiento,Ninguna,Dia total,Despejado,No,NO APLICA,9,12,9,18,1,05/02/2022,1
25,Massachusetts,250070,0,0,2,0,27,WORCESTER (27),1320,UXBRIDGE,4,Abril,3,2022,1,50,SR-146 N,3,Highway estatal,Urbano,Arterial Principal -Freeway o ExpressWay,State Highway Agency,1,Sin jurisdiccion especial,99998,42.06856389,-71.66840556,Vehiculo en movimiento,Frente a frente,Not an Intersection,No fue interseccion,Sobre calle,Ninguna,Oscuro con iluminacion,Despejado,No,NO APLICA,1,58,2,2,1,03/04/2022,2
25,Massachusetts,250072,0,0,1,0,23,PLYMOUTH (23),685,MARSHFIELD,3,Marzo,20,2022,0,48,FOREST ST,8,Otro,Urbano,Local,Town or Township Highway Agency,0,Sin jurisdiccion especial,26,42.10923333,-70.73628889,Arbol,El primer evento no fue una colision con un vehiculo automotor en transporte,Not an Intersection,No fue interseccion,Sobre el lado de la calle,Ninguna,Oscuro con iluminacion,lluvia,No,NO APLICA,0,49,0,53,1,20/03/2022,3
25,Massachusetts,250073,0,0,2,0,9,ESSEX (9),1298,TOPSFIELD,3,Marzo,21,2022,14,32,BOSTON ST,5,Calle Local - Pueblo,Urbano,Arteria Principal,Town or Township Highway Agency,1,Sin jurisdiccion especial,0,42.65041111,-70.93546111,Vehiculo en movimiento,Angulo,Four-Way Intersection,Interseccion de 4 direcciones,Sobre calle,Ninguna,Dia total,Despejado,No,NO APLICA,14,35,14,38,1,21/03/2022,3
25,Massachusetts,250074,0,0,1,0,27,WORCESTER (27),1260,SPENCER,3,Marzo,21,2022,17,28,BEMIS ST,8,Otro,Urbano,Local,Town or Township Highway Agency,0,Sin jurisdiccion especial,99998,42.23688056,-71.99106944,Alguien se cayo/avento del vehiculo,El primer evento no fue una colision con un vehiculo automotor en transporte,Not an Intersection,No fue interseccion,Sobre calle,Ninguna,Dia total,Despejado,No,NO APLICA,17,28,17,34,1,21/03/2022,2
25,Massachusetts,250075,1,1,1,0,17,MIDDLESEX (17),1340,WALTHAM,3,Marzo,23,2022,11,20,PROSPECT HILL RD,5,Calle Local - Pueblo,Urbano,Colector Mayor,City or Municipal Highway Agency,0,Sin jurisdiccion especial,0,42.37711111,-71.2517,Peaton,El primer evento no fue una colision con un vehiculo automotor en transporte,T-Intersection,Interseccion de T,Sobre calle,Ninguna,Dia total,Despejado,No,NO APLICA,11,23,11,29,1,23/03/2022,1
25,Massachusetts,250076,0,0,1,0,15,HAMPSHIRE (15),461,HADLEY,3,Marzo,24,2022,1,46,SR-181 MILL VALLEY RD,3,Highway estatal,Urbano,Arteria Principal,Town or Township Highway Agency,1,Sin jurisdiccion especial,86,42.34783889,-72.54316667,Arbol,El primer evento no fue una colision con un vehiculo automotor en transporte,Not an Intersection,No fue interseccion,Sobre el lado de la calle,Ninguna,Oscuro sin iluminacion,lluvia,No,NO APLICA,1,47,1,54,1,24/03/2022,1
25,Massachusetts,250077,0,0,1,0,9,ESSEX (9),550,IPSWICH,3,Marzo,24,2022,10,10,HIGH ST,8,Otro,Urbano,Arteria Menor,Town or Township Highway Agency,0,Sin jurisdiccion especial,2,42.68390278,-70.83971111,Poste,El primer evento no fue una colision con un vehiculo automotor en transporte,Not an Intersection,No fue interseccion,Sobre el lado de la calle,Ninguna,Dia total,lluvia,No,NO APLICA,10,11,10,13,1,24/03/2022,1
25,Massachusetts,250078,0,0,2,0,23,PLYMOUTH (23),537,HULL,3,Marzo,25,2022,13,50,NANTASKET AVE,5,Calle Local - Pueblo,Urbano,Arteria Menor,Town or Township Highway Agency,0,Sin jurisdiccion especial,0,42.26174722,-70.84501389,Vehiculo en movimiento,Frente a frente,Not an Intersection,No fue interseccion,Sobre calle,Ninguna,Dia total,Despejado,No,NO APLICA,13,52,13,58,1,25/03/2022,3
25,Massachusetts,250079,0,0,1,0,23,PLYMOUTH (23),1081,ROCHESTER,3,Marzo,26,2022,10,54,MARYS POND RD,5,Calle Local - Pueblo,Urbano,Arteria Menor,Town or Township Highway Agency,0,Sin jurisdiccion especial,0,41.74047778,-70.81196667,Arbol,El primer evento no fue una colision con un vehiculo automotor en transporte,Four-Way Intersection,Interseccion de 4 direcciones,Sobre el lado de la calle,Ninguna,Dia total,Despejado,No,NO APLICA,10,57,11,0,1,26/03/2022,2
25,Massachusetts,250080,0,0,1,0,13,HAMPDEN (13),1247,SOUTHWICK,3,Marzo,31,2022,18,51,SOUTH LOOMIS ST,5,Calle Local - Pueblo,Rural,Colector Menor,Town or Township Highway Agency,0,Sin jurisdiccion especial,0,42.07224444,-72.821,Arbol,El primer evento no fue una colision con un vehiculo automotor en transporte,Not an Intersection,No fue interseccion,Sobre el lado de la calle,Ninguna,Atardecer,Nublado,No,NO APLICA,18,51,18,59,1,31/03/2022,1
25,Massachusetts,250081,1,1,1,0,25,SUFFOLK (25),120,BOSTON,4,Abril,4,2022,0,50,HUDSON ST,8,Otro,Urbano,Arteria Principal,City or Municipal Highway Agency,1,Sin jurisdiccion especial,0,42.35028056,-71.06025556,Peaton,El primer evento no fue una colision con un vehiculo automotor en transporte,Four-Way Intersection,Interseccion de 4 direcciones,Sobre calle,Ninguna,Oscuro con iluminacion,Despejado,No,NO APLICA,0,53,0,57,1,04/04/2022,1
25,Massachusetts,250082,0,0,1,0,23,PLYMOUTH (23),1400,WEST BRIDGEWATER,4,Abril,11,2022,23,0,SR-28 99 SOUTH MAIN ST,3,Highway estatal,Urbano,Arteria Principal,State Highway Agency,1,Sin jurisdiccion especial,99998,42.01689722,-71.00329167,Arbol,El primer evento no fue una colision con un vehiculo automotor en transporte,Not an Intersection,No fue interseccion,Sobre el lado de la calle,Ninguna,Oscuro con iluminacion,Nublado,No,NO APLICA,23,2,23,4,1,11/04/2022,1
25,Massachusetts,250083,0,0,1,0,13,HAMPDEN (13),210,CHICOPEE,4,Abril,9,2022,2,59,CENTER ST,8,Otro,Urbano,Arteria Menor,City or Municipal Highway Agency,0,Sin jurisdiccion especial,99998,42.13106389,-72.61304444,Barda,El primer evento no fue una colision con un vehiculo automotor en transporte,Not an Intersection,No fue interseccion,Fuera de la calle,Ninguna,Oscuro con iluminacion,Despejado,No,NO APLICA,3,4,3,12,1,09/04/2022,1
25,Massachusetts,250084,0,0,2,0,13,HAMPDEN (13),500,HOLYOKE,4,Abril,12,2022,13,0,LOWER WESTFIELD RD,8,Otro,Urbano,Local,City or Municipal Highway Agency,0,Sin jurisdiccion especial,0,42.17421944,-72.64503056,Vehiculo en movimiento,Frente a frente,Four-Way Intersection,Interseccion de 4 direcciones,Sobre calle,Ninguna,Dia total,Despejado,No,NO APLICA,13,18,13,18,1,12/04/2022,4
25,Massachusetts,250085,0,0,1,0,9,ESSEX (9),859,NEWBURY OLD TOWN,4,Abril,13,2022,18,12,I-95,1,Interestatal,Urbano,Interestatal,State Highway Agency,1,Sin jurisdiccion especial,99998,42.75183333,-70.945325,Volcadura,El primer evento no fue una colision con un vehiculo automotor en transporte,Not an Intersection,No fue interseccion,Sobre calle,Ninguna,Dia total,Despejado,No,NO APLICA,18,17,18,17,1,13/04/2022,1
25,Massachusetts,250086,0,0,1,0,9,ESSEX (9),765,METHUEN,4,Abril,18,2022,5,40,SR-213,3,Highway estatal,Urbano,Arterial Principal -Freeway o ExpressWay,State Highway Agency,1,Sin jurisdiccion especial,99998,42.73415278,-71.20090556,Valla Ferrocarril,El primer evento no fue una colision con un vehiculo automotor en transporte,Not an Intersection,No fue interseccion,En el medio,Ninguna,Dia total,Despejado,No,NO APLICA,5,42,5,45,1,18/04/2022,1
25,Massachusetts,250087,0,0,2,0,5,BRISTOL (5),9997,Other,4,Abril,6,2022,13,0,TREMONT ST,8,Otro,Urbano,Arteria Menor,City or Municipal Highway Agency,0,Sin jurisdiccion especial,0,41.91149167,-71.14265833,Vehiculo en movimiento,Angulo,T-Intersection,Interseccion de T,Sobre calle,Ninguna,Dia total,lluvia,No,NO APLICA,13,5,13,10,1,06/04/2022,3
25,Massachusetts,250088,0,0,1,0,1,BARNSTABLE (1),184,CENTERVILLE,4,Abril,16,2022,1,39,SR-6A SOUTH MAIN ST,3,Highway estatal,Urbano,Arteria Menor,State Highway Agency,0,Sin jurisdiccion especial,99998,41.6373,-70.35344444,Poste,El primer evento no fue una colision con un vehiculo automotor en transporte,Not an Intersection,No fue interseccion,Sobre el lado de la calle,Ninguna,Oscuro con iluminacion,Despejado,No,NO APLICA,1,40,1,49,1,16/04/2022,1
25,Massachusetts,250089,0,0,1,0,23,PLYMOUTH (23),1130,SCITUATE,4,Abril,18,2022,1,45,MANN LOT RD,8,Otro,Urbano,Local,"Local Park, Forest or Reservation Agency",0,Sin jurisdiccion especial,0,42.20352222,-70.78038611,Otro objeto (fijo),El primer evento no fue una colision con un vehiculo automotor en transporte,Not an Intersection,No fue interseccion,Sobre el lado de la calle,Ninguna,Oscuro con iluminacion,Despejado,No,NO APLICA,1,46,1,49,1,18/04/2022,1
25,Massachusetts,250090,0,0,2,0,23,PLYMOUTH (23),1005,PEMBROKE,4,Abril,23,2022,2,28,SR-3 SOUTH,3,Highway estatal,Urbano,Arterial Principal -Freeway o ExpressWay,State Highway Agency,1,Sin jurisdiccion especial,99998,42.11503611,-70.777075,Valla Ferrocarril,El primer evento no fue una colision con un vehiculo automotor en transporte,Not an Intersection,No fue interseccion,En el medio,Ninguna,Oscuro sin iluminacion,Despejado,No,NO APLICA,2,33,2,35,1,23/04/2022,2
25,Massachusetts,250091,0,0,1,0,13,HAMPDEN (13),1446,WEST SPRINGFIELD,4,Abril,23,2022,22,46,US-5  NB RIVERDALE ST,2,US Highway,Urbano,Arteria Principal,State Highway Agency,1,Sin jurisdiccion especial,99998,42.12866944,-72.62666389,Banqueta,El primer evento no fue una colision con un vehiculo automotor en transporte,Not an Intersection,No fue interseccion,Sobre el lado de la calle,Ninguna,Oscuro sin iluminacion,Despejado,No,NO APLICA,22,46,22,51,1,23/04/2022,1
25,Massachusetts,250092,0,0,1,0,23,PLYMOUTH (23),464,HANOVER,4,Abril,27,2022,8,18,MAIN ST,8,Otro,Urbano,Arteria Menor,Town or Township Highway Agency,0,Sin jurisdiccion especial,0,42.13071111,-70.85838056,Poste,El primer evento no fue una colision con un vehiculo automotor en transporte,Not an Intersection,No fue interseccion,Sobre el lado de la calle,Ninguna,Dia total,Despejado,No,NO APLICA,8,18,8,26,1,27/04/2022,1
25,Massachusetts,250093,1,1,1,0,9,ESSEX (9),35,ANDOVER,4,Abril,27,2022,16,20,ELM ST,8,Otro,Urbano,Arteria Menor,Town or Township Highway Agency,0,Sin jurisdiccion especial,0,42.60037222,-71.13709722,Peaton,El primer evento no fue una colision con un vehiculo automotor en transporte,T-Intersection,Interseccion de T,Sobre calle,Ninguna,Dia total,lluvia,No,NO APLICA,16,20,16,21,1,27/04/2022,1
25,Massachusetts,250094,0,0,1,0,17,MIDDLESEX (17),60,AYER,4,Abril,27,2022,8,44,WASHINGTON ST,8,Otro,Urbano,Colector Mayor,Town or Township Highway Agency,0,Sin jurisdiccion especial,0,42.56619167,-71.58267222,Banqueta,El primer evento no fue una colision con un vehiculo automotor en transporte,Not Reported,No reportado,Sobre el lado de la calle,Ninguna,Dia total,Despejado,No,NO APLICA,8,45,8,46,1,27/04/2022,1
25,Massachusetts,250095,0,0,1,0,5,BRISTOL (5),320,FALL RIVER,4,Abril,27,2022,7,1,SR-24,3,Highway estatal,Urbano,Arterial Principal -Freeway o ExpressWay,State Highway Agency,1,Sin jurisdiccion especial,85,41.74976944,-71.12076667,Arbol,El primer evento no fue una colision con un vehiculo automotor en transporte,Not an Intersection,No fue interseccion,Sobre el lado de la calle,Ninguna,Amanecer,Nublado,No,NO APLICA,7,7,7,11,1,27/04/2022,1
25,Massachusetts,250096,0,0,2,0,27,WORCESTER (27),263,DUDLEY,4,Abril,23,2022,15,26,SR-131 SOUTHBRIDGE RD,3,Highway estatal,Urbano,Arteria Principal,State Highway Agency,0,Sin jurisdiccion especial,99998,42.04743611,-71.98283056,Vehiculo en movimiento,Angulo,Not an Intersection,No fue interseccion,Sobre calle,Ninguna,Dia total,Despejado,No,NO APLICA,15,29,15,35,1,23/04/2022,2
25,Massachusetts,250097,0,0,1,0,17,MIDDLESEX (17),630,LOWELL,4,Abril,20,2022,17,45,SR-113 PAWTUCKET BLVD,3,Highway estatal,Urbano,Local,City or Municipal Highway Agency,0,Sin jurisdiccion especial,0,42.64123056,-71.37073611,Poste,El primer evento no fue una colision con un vehiculo automotor en transporte,Not an Intersection,No fue interseccion,Sobre el lado de la calle,Ninguna,Dia total,Despejado,No,NO APLICA,17,48,17,54,1,20/04/2022,1
25,Massachusetts,250098,0,0,1,0,17,MIDDLESEX (17),630,LOWELL,4,Abril,20,2022,22,15,LAKEVIEW AVE,8,Otro,Urbano,Arteria Menor,City or Municipal Highway Agency,0,Sin jurisdiccion especial,0,42.65413611,-71.311525,Banqueta,El primer evento no fue una colision con un vehiculo automotor en transporte,Not an Intersection,No fue interseccion,Sobre el lado de la calle,Ninguna,Oscuro con iluminacion,Despejado,No,NO APLICA,22,18,22,20,1,20/04/2022,1
25,Massachusetts,250099,0,0,1,0,5,BRISTOL (5),50,ATTLEBORO,4,Abril,9,2022,5,31,US-1 NB 463 WASHINGTON ST,2,US Highway,Urbano,Arteria Menor,State Highway Agency,0,Sin jurisdiccion especial,16,41.91648611,-71.36034167,Banqueta,El primer evento no fue una colision con un vehiculo automotor en transporte,Not an Intersection,No fue interseccion,Sobre el lado de la calle,Ninguna,Oscuro con iluminacion,Despejado,No,NO APLICA,5,33,5,37,1,09/04/2022,1