Estado,Nombre de Estado,Numero de Caso,Peatones,Personas _no_vehiculos,Vehiculos automotores,Vehiculos estacionados,Condado,Nombre Condado,Ciudad,Nombre Ciudad,Mes,Nombre Mes,Dia,Año,Hora,Minuto,Calle,Ruta,Nombre Ruta,Rural o Urbanoo,Sistema Funcional,Dueño Calle,Sistema Nacional Carreteras,Jurisdiccion Especial,Milla,Latitud,Longitud,Causa del Accidente,Tipo de Accidente,Tipo Interseccion,Columna1,Lugar en la calle,Zona de Trabajo,Luz,Clima,Autobus Escolar,Cruce de Trenes,Hora Notificacion,Minuto Notificacion,Hora Llegada,Minuto Llegada,Decesos,Fecha,PersonaVehiculo
25,Massachusetts,250100,0,0,1,0,13,HAMPDEN (13),292,EAST LONGMEADOW,5,Mayo,2,2022,19,50,340 KIBBE RD,8,Otro,Urbano,Local,Town or Township Highway Agency,0,Sin jurisdiccion especial,0,42.07173056,-72.49831111,Arbol,El primer evento no fue una colision con un vehiculo automotor en transporte,Not an Intersection,No fue interseccion,Sobre el lado de la calle,Ninguna,Atardecer,lluvia,No,NO APLICA,19,55,19,58,1,02/05/2022,1
25,Massachusetts,250101,0,0,1,0,5,BRISTOL (5),385,FREETOWN,5,Mayo,3,2022,3,10,SR-24 N,3,Highway estatal,Urbano,Arterial Principal -Freeway o ExpressWay,State Highway Agency,1,Sin jurisdiccion especial,122,41.79848889,-71.07661389,Arbol,El primer evento no fue una colision con un vehiculo automotor en transporte,Not an Intersection,No fue interseccion,Sobre el lado de la calle,Ninguna,Oscuro sin iluminacion,lluvia,No,NO APLICA,2,58,3,7,1,03/05/2022,1
25,Massachusetts,250102,1,1,1,0,17,MIDDLESEX (17),630,LOWELL,5,Mayo,4,2022,20,18,SR-38 BRIDGE ST,3,Highway estatal,Urbano,Arteria Principal,County Highway Agency,1,Sin jurisdiccion especial,99998,42.64915833,-71.30395,Peaton,El primer evento no fue una colision con un vehiculo automotor en transporte,Not an Intersection,No fue interseccion,Sobre calle,Ninguna,Oscuro con iluminacion,lluvia,No,NO APLICA,20,21,20,23,1,04/05/2022,1
25,Massachusetts,250103,0,0,2,0,21,NORFOLK (21),710,MEDFIELD,5,Mayo,5,2022,16,47,SR-109 MAIN ST,3,Highway estatal,Urbano,Arteria Principal,Town or Township Highway Agency,1,Sin jurisdiccion especial,99998,42.18383889,-71.31764444,Vehiculo en movimiento,Frente a frente,T-Intersection,Interseccion de T,Sobre calle,Ninguna,Dia total,Despejado,No,NO APLICA,16,39,16,52,1,05/05/2022,2
25,Massachusetts,250104,0,0,2,0,17,MIDDLESEX (17),375,FRAMINGHAM,5,Mayo,6,2022,2,40,I-90,1,Interestatal,Urbano,Interestatal,State Highway Agency,1,Sin jurisdiccion especial,1136,42.31003333,-71.43407778,Barrera de Trafico de Concreto,El primer evento no fue una colision con un vehiculo automotor en transporte,Not an Intersection,No fue interseccion,En el medio,Ninguna,Oscuro sin iluminacion,Despejado,No,NO APLICA,2,46,2,50,1,06/05/2022,2
25,Massachusetts,250105,0,0,1,0,25,SUFFOLK (25),120,BOSTON,5,Mayo,11,2022,3,30,COLUMBIA RD,8,Otro,Urbano,Arteria Menor,City or Municipal Highway Agency,0,Sin jurisdiccion especial,0,42.33014722,-71.05087222,Banqueta,El primer evento no fue una colision con un vehiculo automotor en transporte,Not an Intersection,No fue interseccion,Sobre el lado de la calle,Ninguna,Oscuro con iluminacion,Nublado,No,NO APLICA,2,36,2,39,1,11/05/2022,1
25,Massachusetts,250106,0,0,2,0,27,WORCESTER (27),855,NEW BRAINTREE,5,Mayo,11,2022,21,9,SR-148 N BROOKFIELD RD,3,Highway estatal,Rural,Colector Mayor,State Highway Agency,0,Sin jurisdiccion especial,157,42.313525,-72.05065833,Vehiculo en movimiento,Frente a frente,Not an Intersection,No fue interseccion,Sobre calle,Ninguna,Oscuro sin iluminacion,Despejado,No,NO APLICA,21,13,21,33,1,11/05/2022,2
25,Massachusetts,250107,0,0,2,0,5,BRISTOL (5),670,MANSFIELD,5,Mayo,7,2022,2,52,I-495 N,1,Interestatal,Urbano,Interestatal,State Highway Agency,1,Sin jurisdiccion especial,99998,42.00955,-71.22840278,Vehiculo en movimiento,Frente a frente,Not an Intersection,No fue interseccion,Sobre calle,Ninguna,Oscuro sin iluminacion,Despejado,No,NO APLICA,2,52,3,2,1,07/05/2022,2
25,Massachusetts,250108,1,1,1,0,25,SUFFOLK (25),120,BOSTON,5,Mayo,12,2022,23,49,BENNINGTON ST,8,Otro,Urbano,Arteria Menor,City or Municipal Highway Agency,9,Sin jurisdiccion especial,0,42.37525833,-71.03753611,Peaton,El primer evento no fue una colision con un vehiculo automotor en transporte,T-Intersection,Interseccion de T,Sobre calle,Ninguna,Oscuro con iluminacion,Despejado,No,NO APLICA,23,51,23,58,1,12/05/2022,1
25,Massachusetts,250109,0,0,2,0,27,WORCESTER (27),780,MILFORD,5,Mayo,13,2022,11,33,I-495 RAMP,1,Interestatal,Urbano,Interestatal,State Highway Agency,1,Sin jurisdiccion especial,99998,42.16527778,-71.50873611,Vehiculo en movimiento,Angulo,T-Intersection,Interseccion de T,Sobre calle,Ninguna,Dia total,Despejado,No,NO APLICA,11,34,11,41,1,13/05/2022,3
25,Massachusetts,250110,0,0,1,0,5,BRISTOL (5),1064,RAYNHAM CENTER,5,Mayo,13,2022,11,44,PLEASANT ST,8,Otro,Urbano,Colector Mayor,Town or Township Highway Agency,0,Sin jurisdiccion especial,0,41.92994444,-71.04127222,Arbol,El primer evento no fue una colision con un vehiculo automotor en transporte,Not an Intersection,No fue interseccion,Sobre el lado de la calle,Ninguna,Dia total,Despejado,No,NO APLICA,11,45,11,46,2,13/05/2022,2
25,Massachusetts,250111,0,0,2,0,23,PLYMOUTH (23),475,HINGHAM,5,Mayo,14,2022,6,16,SR-3,3,Highway estatal,Urbano,Arterial Principal -Freeway o ExpressWay,State Highway Agency,1,Sin jurisdiccion especial,352,42.16901667,-70.90189167,Vehiculo en movimiento,Frente a Detrás,Not an Intersection,No fue interseccion,Sobre calle,Ninguna,Dia total,Despejado,No,NO APLICA,6,15,6,23,1,14/05/2022,2
25,Massachusetts,250112,0,0,2,0,5,BRISTOL (5),1441,HEAD OF WESTPORT,5,Mayo,15,2022,16,15,RT-177 176 SODOM RD,8,Otro,Urbano,Local,Town or Township Highway Agency,0,Sin jurisdiccion especial,0,41.61857778,-71.109625,Volcadura,El primer evento no fue una colision con un vehiculo automotor en transporte,Not an Intersection,No fue interseccion,Sobre calle,Ninguna,Dia total,Despejado,No,NO APLICA,16,21,16,25,1,15/05/2022,3
25,Massachusetts,250113,0,0,3,1,27,WORCESTER (27),745,TOWN OF UXBRIDGE,5,Mayo,6,2022,22,30,SR-16  UXBRIDGE RD,3,Highway estatal,Urbano,Arteria Principal,State Highway Agency,1,Sin jurisdiccion especial,180,42.09771389,-71.57275556,Vehiculo en movimiento,Angulo,Not an Intersection,No fue interseccion,Sobre calle,Ninguna,Oscuro con iluminacion,Nublado,No,NO APLICA,23,6,23,7,2,06/05/2022,3
25,Massachusetts,250114,0,0,1,0,15,HAMPSHIRE (15),30,AMHERST,5,Mayo,19,2022,23,10,NORTH EAST ST,8,Otro,Urbano,Arteria Menor,City or Municipal Highway Agency,0,Sin jurisdiccion especial,61,42.40036667,-72.49593611,Banqueta,El primer evento no fue una colision con un vehiculo automotor en transporte,Not an Intersection,No fue interseccion,Sobre el lado de la calle,Ninguna,Oscuro sin iluminacion,Neblina o Humo,No,NO APLICA,23,99,23,99,1,19/05/2022,6
25,Massachusetts,250115,1,1,1,0,21,NORFOLK (21),710,MEDFIELD,5,Mayo,20,2022,6,23,CAUSEWAY ST,8,Otro,Urbano,Local,Town or Township Highway Agency,0,Sin jurisdiccion especial,19,42.17692222,-71.31350278,Peaton,El primer evento no fue una colision con un vehiculo automotor en transporte,Not an Intersection,No fue interseccion,Sobre calle,Ninguna,Dia total,Despejado,No,NO APLICA,6,24,6,27,1,20/05/2022,1
25,Massachusetts,250116,0,0,1,0,13,HAMPDEN (13),15,SPRINGFIELD,5,Mayo,21,2022,0,28,S WESTFIELD ST,8,Otro,Urbano,Colector Mayor,Town or Township Highway Agency,0,Sin jurisdiccion especial,99998,42.046325,-72.67323333,Poste,El primer evento no fue una colision con un vehiculo automotor en transporte,Not an Intersection,No fue interseccion,Sobre el lado de la calle,Ninguna,Oscuro con iluminacion,Despejado,No,NO APLICA,0,29,0,33,1,21/05/2022,1
25,Massachusetts,250117,0,0,1,0,27,WORCESTER (27),900,NORTHBOROUGH,5,Mayo,22,2022,8,54,I-290,1,Interestatal,Urbano,Interestatal,State Highway Agency,1,Sin jurisdiccion especial,99998,42.34473056,-71.62763889,Volcadura,El primer evento no fue una colision con un vehiculo automotor en transporte,Not an Intersection,No fue interseccion,Sobre el lado de la calle,Ninguna,Dia total,Despejado,No,NO APLICA,8,12,8,22,1,22/05/2022,2
25,Massachusetts,250118,1,1,1,0,25,SUFFOLK (25),120,BOSTON,5,Mayo,28,2022,21,17,MASSACHUSETTS AVE,8,Otro,Urbano,Arteria Principal,City or Municipal Highway Agency,1,Sin jurisdiccion especial,99998,42.33495278,-71.07511389,No vehiculo o remolque,El primer evento no fue una colision con un vehiculo automotor en transporte,Four-Way Intersection,Interseccion de 4 direcciones,Sobre calle,Ninguna,Oscuro con iluminacion,Despejado,No,NO APLICA,21,18,21,18,1,28/05/2022,1
25,Massachusetts,250119,0,0,2,0,17,MIDDLESEX (17),105,EAST BILLERICA,5,Mayo,26,2022,22,27,SR-3A BOSTON RD,3,Highway estatal,Urbano,Arteria Principal,State Highway Agency,1,Sin jurisdiccion especial,83,42.54766111,-71.2561,Vehiculo en movimiento,Frente a frente,Not an Intersection,No fue interseccion,Sobre calle,Ninguna,Oscuro con iluminacion,Despejado,No,NO APLICA,22,34,22,37,1,26/05/2022,2
25,Massachusetts,250120,0,0,1,0,17,MIDDLESEX (17),36,ASHLAND,5,Mayo,18,2022,13,28,SPYGLASS HILL DR,8,Otro,Urbano,Local,Town or Township Highway Agency,0,Sin jurisdiccion especial,0,42.23960833,-71.42875556,Arbol,El primer evento no fue una colision con un vehiculo automotor en transporte,T-Intersection,Interseccion de T,Fuera de la calle,Ninguna,Dia total,Despejado,No,NO APLICA,13,30,13,34,1,18/05/2022,1
25,Massachusetts,250121,0,0,1,0,13,HAMPDEN (13),624,LONGMEADOW,5,Mayo,7,2022,1,35,GREEN WILLOW DR,8,Otro,Urbano,Local,Town or Township Highway Agency,0,Sin jurisdiccion especial,0,42.06069444,-72.5508,Arbol,El primer evento no fue una colision con un vehiculo automotor en transporte,Not an Intersection,No fue interseccion,Fuera de la calle,Ninguna,Oscuro con iluminacion,Nublado,No,NO APLICA,1,38,1,44,1,07/05/2022,3
25,Massachusetts,250122,0,0,2,0,27,WORCESTER (27),390,GARDNER,5,Mayo,20,2022,18,37,SR-140,3,Highway estatal,Urbano,Arteria Principal,State Highway Agency,1,Sin jurisdiccion especial,1021,42.60401111,-71.98804722,Vehiculo en movimiento,Angulo,T-Intersection,Interseccion de T,Sobre calle,Ninguna,Dia total,Despejado,No,NO APLICA,18,37,18,43,1,20/05/2022,5
25,Massachusetts,250123,1,1,1,0,23,PLYMOUTH (23),140,BROCKTON,5,Mayo,18,2022,6,38,W CHESTNUT ST,8,Otro,Urbano,Arteria Principal,City or Municipal Highway Agency,1,Sin jurisdiccion especial,14,42.05631667,-71.03743056,Peaton,El primer evento no fue una colision con un vehiculo automotor en transporte,Not an Intersection,No fue interseccion,Sobre calle,Ninguna,Dia total,Despejado,No,NO APLICA,6,38,6,40,1,18/05/2022,3
25,Massachusetts,250124,0,0,1,0,17,MIDDLESEX (17),1503,WINCHESTER,5,Mayo,20,2022,23,13,US-3 CAMBRIDGE ST,2,US Highway,Urbano,Arteria Principal,State Highway Agency,1,Sin jurisdiccion especial,251,42.45927222,-71.16354167,Banqueta,El primer evento no fue una colision con un vehiculo automotor en transporte,Not an Intersection,No fue interseccion,Sobre el lado de la calle,Ninguna,Oscuro sin iluminacion,Nublado,No,NO APLICA,23,10,23,16,1,20/05/2022,1
25,Massachusetts,250125,1,1,1,0,5,BRISTOL (5),1280,TOWN OF DIGHTON,5,Mayo,22,2022,21,25,US-44 WINTHROP ST,2,US Highway,Urbano,Arteria Principal,State Highway Agency,1,Sin jurisdiccion especial,134,41.89356389,-71.10614722,Peaton,El primer evento no fue una colision con un vehiculo automotor en transporte,T-Intersection,Interseccion de T,Sobre calle,Ninguna,Oscuro sin iluminacion,Despejado,No,NO APLICA,21,28,21,29,1,22/05/2022,1
25,Massachusetts,250126,0,0,1,0,21,NORFOLK (21),125,QUINCY,5,Mayo,27,2022,0,56,SR-3 PILGRIMS HWY,3,Highway estatal,Urbano,Arterial Principal -Freeway o ExpressWay,State Highway Agency,1,Sin jurisdiccion especial,495,42.22746944,-71.00872222,Arbol,El primer evento no fue una colision con un vehiculo automotor en transporte,Not an Intersection,No fue interseccion,Sobre el lado de la calle,Ninguna,Oscuro con iluminacion,Despejado,No,NO APLICA,1,2,1,13,1,27/05/2022,2
25,Massachusetts,250127,1,1,1,0,9,ESSEX (9),470,HAVERHILL,5,Mayo,27,2022,23,50,SR-125 SOUTH MAIN ST,3,Highway estatal,Urbano,Arteria Principal,State Highway Agency,1,Sin jurisdiccion especial,140,42.75891111,-71.09508611,Peaton,El primer evento no fue una colision con un vehiculo automotor en transporte,Not an Intersection,No fue interseccion,Sobre calle,Ninguna,Oscuro sin iluminacion,Despejado,No,NO APLICA,23,52,23,59,1,27/05/2022,1
25,Massachusetts,250128,0,0,2,0,13,HAMPDEN (13),15,SPRINGFIELD,5,Mayo,20,2022,15,27,BOSTON RD,8,Otro,Urbano,Arteria Principal,City or Municipal Highway Agency,1,Sin jurisdiccion especial,36,42.12685833,-72.53185,Alguien se cayo/avento del vehiculo,El primer evento no fue una colision con un vehiculo automotor en transporte,T-Intersection,Interseccion de T,Sobre calle,Ninguna,Dia total,Despejado,No,NO APLICA,15,28,15,34,1,20/05/2022,2
25,Massachusetts,250129,1,1,1,0,25,SUFFOLK (25),120,BOSTON,5,Mayo,29,2022,20,7,CAMBRIDGE ST,8,Otro,Urbano,Arteria Principal,City or Municipal Highway Agency,1,Sin jurisdiccion especial,99998,42.36123333,-71.06695278,Peaton,El primer evento no fue una colision con un vehiculo automotor en transporte,Four-Way Intersection,Interseccion de 4 direcciones,Sobre calle,Ninguna,Oscuro con iluminacion,Despejado,No,NO APLICA,20,9,20,10,1,29/05/2022,2
25,Massachusetts,250130,1,1,1,0,15,HAMPSHIRE (15),890,NORTHAMPTON,6,Junio,1,2022,10,9,US-5/SR-10 KING ST,2,US Highway,Urbano,Arteria Menor,State Highway Agency,0,Sin jurisdiccion especial,229,42.32134444,-72.63152778,Peaton,El primer evento no fue una colision con un vehiculo automotor en transporte,Not an Intersection,No fue interseccion,Sobre calle,Ninguna,Dia total,Nublado,No,NO APLICA,10,10,10,11,1,01/06/2022,2
25,Massachusetts,250131,0,0,1,0,3,BERKSHIRE (3),1145,SHEFFIELD,6,Junio,1,2022,11,46,US-7 S MAIN ST,2,US Highway,Rural,Arteria Principal,State Highway Agency,1,Sin jurisdiccion especial,29,42.08738611,-73.34565,Arbol,El primer evento no fue una colision con un vehiculo automotor en transporte,Not an Intersection,No fue interseccion,Fuera de la calle,Ninguna,Dia total,Nublado,No,NO APLICA,11,51,11,58,1,01/06/2022,3
25,Massachusetts,250132,1,1,1,0,9,ESSEX (9),1114,SALISBURY,5,Mayo,26,2022,8,18,SR-1A BEACH RD,3,Highway estatal,Urbano,Arteria Menor,State Highway Agency,0,Sin jurisdiccion especial,99998,42.8402,-70.83358889,Ciclista,El primer evento no fue una colision con un vehiculo automotor en transporte,Not an Intersection,No fue interseccion,Sobre calle,Ninguna,Dia total,Despejado,No,NO APLICA,8,24,8,48,1,26/05/2022,1
25,Massachusetts,250133,1,1,1,0,17,MIDDLESEX (17),9997,Other,6,Junio,3,2022,23,15,US-3 ALEWIFE BROOK PKWY,2,US Highway,Urbano,Arteria Principal,State Highway Agency,1,Sin jurisdiccion especial,310,42.3891,-71.143,Peaton,El primer evento no fue una colision con un vehiculo automotor en transporte,Not an Intersection,No fue interseccion,Sobre calle,Ninguna,Oscuro con iluminacion,lluvia,No,NO APLICA,23,18,23,22,1,03/06/2022,1
25,Massachusetts,250134,0,0,2,0,13,HAMPDEN (13),15,SPRINGFIELD,6,Junio,3,2022,23,2,WILBRAHAM RD,5,Calle Local - Pueblo,Urbano,Arteria Menor,City or Municipal Highway Agency,0,Sin jurisdiccion especial,0,42.11296667,-72.54778333,Vehiculo en movimiento,Angulo,Four-Way Intersection,Interseccion de 4 direcciones,Sobre calle,Ninguna,Oscuro con iluminacion,Despejado,No,NO APLICA,23,3,23,6,1,03/06/2022,3
25,Massachusetts,250135,0,0,2,0,5,BRISTOL (5),254,DIGHTON,6,Junio,3,2022,20,6,ELM ST,5,Calle Local - Pueblo,Urbano,Local,Town or Township Highway Agency,0,Sin jurisdiccion especial,20,41.81591944,-71.12917222,Vehiculo en movimiento,Angulo,Four-Way Intersection,Interseccion de 4 direcciones,Sobre calle,Ninguna,Atardecer,Nublado,No,NO APLICA,20,8,20,8,1,03/06/2022,2
25,Massachusetts,250136,0,0,1,0,27,WORCESTER (27),185,CHARLTON DEPOT,5,Mayo,22,2022,20,49,US-20 EB WORCESTER RD,2,US Highway,Urbano,Arteria Principal,State Highway Agency,1,Sin jurisdiccion especial,99998,42.14426111,-71.96338333,Otro objeto (no fijo),El primer evento no fue una colision con un vehiculo automotor en transporte,Not an Intersection,No fue interseccion,Sobre el lado de la calle,Ninguna,Oscuro sin iluminacion,lluvia,No,NO APLICA,20,50,20,54,1,22/05/2022,1
25,Massachusetts,250137,0,0,5,0,9,ESSEX (9),1110,SALEM,5,Mayo,4,2022,16,28,SR-107 HIGHLAND AVE,3,Highway estatal,Urbano,Arteria Principal,State Highway Agency,1,Sin jurisdiccion especial,40,42.49894722,-70.92929167,Vehiculo en movimiento,Golpe Lateral - direccion contraria,Not an Intersection,No fue interseccion,Sobre calle,Ninguna,Dia total,lluvia,No,NO APLICA,16,32,16,35,2,04/05/2022,7
25,Massachusetts,250138,1,1,1,0,21,NORFOLK (21),256,DEDHAM,5,Mayo,28,2022,22,55,PROVIDENCE HIGHWAY,8,Otro,Urbano,Arteria Principal,State Highway Agency,1,Sin jurisdiccion especial,99998,42.24035,-71.17691111,Peaton,El primer evento no fue una colision con un vehiculo automotor en transporte,Four-Way Intersection,Interseccion de 4 direcciones,Sobre calle,Ninguna,Oscuro sin iluminacion,Despejado,No,NO APLICA,22,58,23,0,1,28/05/2022,1
25,Massachusetts,250139,0,0,1,0,5,BRISTOL (5),254,DIGHTON,7,Julio,5,2022,9,35,WELLINGTON ST,8,Otro,Urbano,Local,Town or Township Highway Agency,0,Sin jurisdiccion especial,99998,41.83081111,-71.16081111,Arbol,El primer evento no fue una colision con un vehiculo automotor en transporte,Not an Intersection,No fue interseccion,Sobre el lado de la calle,Ninguna,Dia total,Despejado,No,NO APLICA,9,36,9,43,1,05/07/2022,1
25,Massachusetts,250140,0,0,1,0,27,WORCESTER (27),350,FITCHBURG,7,Julio,8,2022,5,55,SR-2,3,Highway estatal,Urbano,Arteria Principal,State Highway Agency,1,Sin jurisdiccion especial,445,42.55131667,-71.7876,Valla Ferrocarril,El primer evento no fue una colision con un vehiculo automotor en transporte,Not an Intersection,No fue interseccion,Sobre el lado de la calle,Ninguna,Amanecer,Despejado,No,NO APLICA,5,53,5,59,1,08/07/2022,1
25,Massachusetts,250141,0,0,1,0,13,HAMPDEN (13),500,HOLYOKE,7,Julio,8,2022,5,2,SR-116 CANAL ST,3,Highway estatal,Urbano,Arteria Menor,City or Municipal Highway Agency,0,Sin jurisdiccion especial,60,42.206425,-72.60171667,Poste,El primer evento no fue una colision con un vehiculo automotor en transporte,Not an Intersection,No fue interseccion,Sobre el lado de la calle,Ninguna,Amanecer,lluvia,No,NO APLICA,5,10,5,50,1,08/07/2022,1
25,Massachusetts,250142,0,0,1,0,25,SUFFOLK (25),200,CHELSEA,7,Julio,12,2022,15,27,LIBRARY ST,8,Otro,Urbano,Local,City or Municipal Highway Agency,0,Sin jurisdiccion especial,99998,42.39267222,-71.02703056,Arbol,El primer evento no fue una colision con un vehiculo automotor en transporte,Not an Intersection,No fue interseccion,Sobre el lado de la calle,Ninguna,Dia total,Despejado,No,NO APLICA,15,26,15,36,1,12/07/2022,1
25,Massachusetts,250143,1,1,1,0,25,SUFFOLK (25),120,BOSTON,6,Junio,4,2022,1,3,SR-28 STORROW DR,3,Highway estatal,Urbano,Arteria Principal,Other State Agency,1,Sin jurisdiccion especial,1233,42.36448611,-71.06986389,Peaton,El primer evento no fue una colision con un vehiculo automotor en transporte,Not an Intersection,No fue interseccion,Sobre calle,Ninguna,Oscuro con iluminacion,Despejado,No,NO APLICA,1,9,1,15,1,04/06/2022,1
25,Massachusetts,250144,1,1,1,0,25,SUFFOLK (25),120,BOSTON,7,Julio,13,2022,12,9,HUNTINGTON AVE,8,Otro,Urbano,Arteria Principal,City or Municipal Highway Agency,1,Sin jurisdiccion especial,99998,42.34282778,-71.08499444,Ciclista,El primer evento no fue una colision con un vehiculo automotor en transporte,Four-Way Intersection,Interseccion de 4 direcciones,Sobre calle,Ninguna,Dia total,Despejado,No,NO APLICA,12,11,12,17,1,13/07/2022,1
25,Massachusetts,250145,0,0,1,0,23,PLYMOUTH (23),560,KINGSTON,7,Julio,16,2022,19,26,PARKS ST,8,Otro,Urbano,Colector Mayor,Town or Township Highway Agency,0,Sin jurisdiccion especial,0,42.00040556,-70.71905278,Arbol,El primer evento no fue una colision con un vehiculo automotor en transporte,Not an Intersection,No fue interseccion,Sobre el lado de la calle,Ninguna,Atardecer,Despejado,No,NO APLICA,19,26,19,29,1,16/07/2022,1
25,Massachusetts,250146,0,0,2,0,21,NORFOLK (21),58,AVON,7,Julio,23,2022,2,23,SR-24,3,Highway estatal,Urbano,Arterial Principal -Freeway o ExpressWay,State Highway Agency,1,Sin jurisdiccion especial,353,42.12571111,-71.06224722,Vehiculo en movimiento,Frente a Detrás,Not an Intersection,No fue interseccion,Sobre calle,Ninguna,Oscuro con iluminacion,Despejado,No,NO APLICA,2,37,2,41,1,23/07/2022,3
25,Massachusetts,250147,0,0,1,0,9,ESSEX (9),35,ANDOVER,7,Julio,24,2022,11,25,I-495,1,Interestatal,Urbano,Interestatal,State Highway Agency,1,Sin jurisdiccion especial,236,42.66357778,-71.19527778,Acotamiento,El primer evento no fue una colision con un vehiculo automotor en transporte,Not an Intersection,No fue interseccion,En el medio,Ninguna,Dia total,Despejado,No,NO APLICA,11,27,11,35,1,24/07/2022,1
25,Massachusetts,250148,0,0,2,0,9,ESSEX (9),650,LYNN,7,Julio,24,2022,10,28,GRANT RD,8,Otro,Urbano,Local,City or Municipal Highway Agency,0,Sin jurisdiccion especial,99998,42.50193056,-70.98334722,Vehiculo en movimiento,Angulo,T-Intersection,Interseccion de T,Sobre calle,Ninguna,Dia total,Despejado,No,NO APLICA,10,39,10,46,1,24/07/2022,3
25,Massachusetts,250149,0,0,1,0,1,BARNSTABLE (1),330,FALMOUTH,6,Junio,4,2022,12,29,EDGEWATER DR,5,Calle Local - Pueblo,Urbano,Local,Town or Township Highway Agency,0,Sin jurisdiccion especial,0,41.572175,-70.53605,Poste,El primer evento no fue una colision con un vehiculo automotor en transporte,Not an Intersection,No fue interseccion,Sobre el lado de la calle,Ninguna,Dia total,Despejado,No,NO APLICA,12,29,12,40,1,04/06/2022,1
25,Massachusetts,250150,0,0,1,0,17,MIDDLESEX (17),1335,WAKEFIELD,7,Julio,26,2022,15,1,NORTH AVE,8,Otro,Urbano,Arteria Menor,Town or Township Highway Agency,0,Sin jurisdiccion especial,0,42.49924722,-71.07274444,Banqueta,El primer evento no fue una colision con un vehiculo automotor en transporte,Not an Intersection,No fue interseccion,Sobre el lado de la calle,Ninguna,Dia total,Despejado,No,NO APLICA,15,2,15,9,1,26/07/2022,1
25,Massachusetts,250151,0,0,1,0,11,FRANKLIN (11),960,ORANGE,6,Junio,4,2022,16,20,28 WARWICK RD,5,Calle Local - Pueblo,Rural,Colector Mayor,Town or Township Highway Agency,0,Sin jurisdiccion especial,0,42.601775,-72.33481111,Arbol,El primer evento no fue una colision con un vehiculo automotor en transporte,Not an Intersection,No fue interseccion,Sobre el lado de la calle,Ninguna,Dia total,Despejado,No,NO APLICA,16,21,16,30,1,04/06/2022,1
25,Massachusetts,250152,0,0,1,0,13,HAMPDEN (13),210,CHICOPEE,7,Julio,29,2022,19,25,I-391 RAMP,1,Interestatal,Urbano,Interestatal,State Highway Agency,1,Sin jurisdiccion especial,99998,42.18106944,-72.60581667,Volcadura,El primer evento no fue una colision con un vehiculo automotor en transporte,Not an Intersection,No fue interseccion,Sobre calle,Ninguna,Dia total,Despejado,No,NO APLICA,19,17,19,24,1,29/07/2022,1
25,Massachusetts,250153,0,0,2,0,23,PLYMOUTH (23),564,LAKEVILLE,7,Julio,30,2022,6,37,SR-105 NB MAIN ST,3,Highway estatal,Urbano,Arteria Menor,Town or Township Highway Agency,0,Sin jurisdiccion especial,99998,41.8759,-70.92464167,Vehiculo en movimiento,Angulo,T-Intersection,Interseccion de T,Sobre calle,Ninguna,Amanecer,Nublado,No,NO APLICA,6,38,6,40,1,30/07/2022,2
25,Massachusetts,250154,0,0,1,0,9,ESSEX (9),463,HAMILTON,7,Julio,31,2022,21,45,BRIDGE ST,8,Otro,Urbano,Arteria Menor,Town or Township Highway Agency,0,Sin jurisdiccion especial,0,42.61870278,-70.8323,Barda,El primer evento no fue una colision con un vehiculo automotor en transporte,Not an Intersection,No fue interseccion,Fuera de la calle,Ninguna,Oscuro con iluminacion,Despejado,No,NO APLICA,21,45,21,51,1,31/07/2022,1
25,Massachusetts,250155,0,0,1,0,27,WORCESTER (27),123,BOYLSTON,6,Junio,7,2022,7,20,I-290,1,Interestatal,Urbano,Interestatal,State Highway Agency,1,Sin jurisdiccion especial,266,42.32869167,-71.69695556,Animal vivo,El primer evento no fue una colision con un vehiculo automotor en transporte,Not an Intersection,No fue interseccion,Sobre calle,Ninguna,Dia total,Despejado,No,NO APLICA,7,27,7,35,1,07/06/2022,1
25,Massachusetts,250156,0,0,2,0,3,BERKSHIRE (3),440,GREAT BARRINGTON,7,Julio,4,2022,12,2,US-7 MAIN ST,2,US Highway,Urbano,Arteria Principal,Town or Township Highway Agency,1,Sin jurisdiccion especial,99998,42.17192222,-73.36302222,Vehiculo en movimiento,Angulo,Not an Intersection,No fue interseccion,Sobre calle,Ninguna,Dia total,Despejado,No,NO APLICA,12,3,12,15,1,04/07/2022,3
25,Massachusetts,250157,0,0,2,0,13,HAMPDEN (13),500,HOLYOKE,6,Junio,5,2022,19,6,US-5 NORTHAMPTON ST,2,US Highway,Urbano,Arteria Menor,State Highway Agency,0,Sin jurisdiccion especial,142,42.20651667,-72.63080556,Vehiculo en movimiento,Frente a frente,Not an Intersection,No fue interseccion,Sobre calle,Ninguna,Dia total,Despejado,No,NO APLICA,19,9,19,14,1,05/06/2022,4
25,Massachusetts,250158,0,0,1,0,17,MIDDLESEX (17),1510,WOBURN,7,Julio,31,2022,12,20,INDUSTRIAL PARKWAY,8,Otro,Urbano,Colector Mayor,City or Municipal Highway Agency,0,Sin jurisdiccion especial,0,42.50644167,-71.14469444,Volcadura,El primer evento no fue una colision con un vehiculo automotor en transporte,Not an Intersection,No fue interseccion,Sobre calle,Ninguna,Dia total,Despejado,No,NO APLICA,12,20,12,23,1,31/07/2022,1
25,Massachusetts,250159,0,0,2,0,15,HAMPSHIRE (15),437,GRANBY,7,Julio,31,2022,22,40,SR-116  AMHERST RD,3,Highway estatal,Urbano,Arteria Principal,State Highway Agency,1,Sin jurisdiccion especial,99998,42.28901389,-72.53594722,Vehiculo en movimiento,Golpe Lateral - direccion contraria,Not an Intersection,No fue interseccion,Sobre calle,Ninguna,Oscuro sin iluminacion,Nublado,No,NO APLICA,22,41,22,48,1,31/07/2022,3