Estado,Nombre de Estado,Numero de Caso,Peatones,Personas _no_vehiculos,Vehiculos automotores,Vehiculos estacionados,Condado,Nombre Condado,Ciudad,Nombre Ciudad,Mes,Nombre Mes,Dia,Año,Hora,Minuto,Calle,Ruta,Nombre Ruta,Rural o Urbanoo,Sistema Funcional,Dueño Calle,Sistema Nacional Carreteras,Jurisdiccion Especial,Milla,Latitud,Longitud,Causa del Accidente,Tipo de Accidente,Tipo Interseccion,Columna1,Lugar en la calle,Zona de Trabajo,Luz,Clima,Autobus Escolar,Cruce de Trenes,Hora Notificacion,Minuto Notificacion,Hora Llegada,Minuto Llegada,Decesos,Fecha,PersonaVehiculo
25,Massachusetts,250160,0,0,2,0,27,WORCESTER (27),1520,WORCESTER,7,Julio,30,2022,7,2,I-290,1,Interestatal,Urbano,Interestatal,State Highway Agency,1,Sin jurisdiccion especial,99998,42.28438056,-71.79775,Vehiculo en movimiento,Golpe Lateral - misma direccion,Not an Intersection,No fue interseccion,Sobre calle,Ninguna,Dia total,Nublado,No,NO APLICA,7,10,7,17,2,30/07/2022,3
25,Massachusetts,250161,0,0,2,0,17,MIDDLESEX (17),630,LOWELL,7,Julio,24,2022,7,28,OLDE CANAL DRIVE,8,Otro,Urbano,Local,City or Municipal Highway Agency,0,Sin jurisdiccion especial,0,42.62285556,-71.35136389,Vehiculo en movimiento,Frente a Detrás,Not an Intersection,No fue interseccion,Sobre calle,Ninguna,Dia total,Despejado,No,NO APLICA,7,30,7,38,1,24/07/2022,2
25,Massachusetts,250162,0,0,2,0,25,SUFFOLK (25),120,BOSTON,7,Julio,26,2022,0,45,GREENBRIER ST,8,Otro,Urbano,Local,City or Municipal Highway Agency,0,Sin jurisdiccion especial,0,42.29765556,-71.07075833,Vehiculo en movimiento,Angulo,Four-Way Intersection,Interseccion de 4 direcciones,Sobre calle,Ninguna,Oscuro con iluminacion,Despejado,No,NO APLICA,0,47,0,55,1,26/07/2022,3
25,Massachusetts,250163,1,1,1,0,25,SUFFOLK (25),120,BOSTON,9,Septiembre,1,2022,4,49,CENTRE ST,8,Otro,Urbano,Arteria Principal,City or Municipal Highway Agency,0,Sin jurisdiccion especial,0,42.32491111,-71.09829444,Peaton,El primer evento no fue una colision con un vehiculo automotor en transporte,Four-Way Intersection,Interseccion de 4 direcciones,Sobre calle,Ninguna,Oscuro con iluminacion,Despejado,No,NO APLICA,4,46,4,53,1,01/09/2022,1
25,Massachusetts,250165,0,0,1,0,27,WORCESTER (27),980,OXFORD,9,Septiembre,9,2022,21,38,CONLIN RD,8,Otro,Urbano,Local,Town or Township Highway Agency,0,Sin jurisdiccion especial,99998,42.12521389,-71.90064722,Arbol,El primer evento no fue una colision con un vehiculo automotor en transporte,Not an Intersection,No fue interseccion,Sobre el lado de la calle,Ninguna,Oscuro sin iluminacion,Despejado,No,NO APLICA,21,39,21,48,1,09/09/2022,2
25,Massachusetts,250166,1,1,1,0,5,BRISTOL (5),1268,SWANSEA,9,Septiembre,4,2022,19,48,US-6 EB GAR HWY,2,US Highway,Urbano,Arteria Principal,State Highway Agency,1,Sin jurisdiccion especial,99998,41.74973333,-71.21653889,Peaton,El primer evento no fue una colision con un vehiculo automotor en transporte,T-Intersection,Interseccion de T,Sobre calle,Ninguna,Oscuro con iluminacion,Despejado,No,NO APLICA,19,49,19,54,1,04/09/2022,1
25,Massachusetts,250167,2,2,1,0,27,WORCESTER (27),1520,WORCESTER,9,Septiembre,2,2022,21,0,SR-9 MAIN ST,3,Highway estatal,Urbano,Arteria Principal,State Highway Agency,1,Sin jurisdiccion especial,99998,42.24248889,-71.84418333,Peaton,El primer evento no fue una colision con un vehiculo automotor en transporte,Not an Intersection,No fue interseccion,Sobre calle,Ninguna,Oscuro con iluminacion,Despejado,No,NO APLICA,21,9,21,10,1,02/09/2022,1
25,Massachusetts,250168,0,0,2,0,17,MIDDLESEX (17),1297,TOWNSEND,6,Junio,6,2022,17,36,SR-119 MAIN ST,3,Highway estatal,Urbano,Arteria Principal,State Highway Agency,1,Sin jurisdiccion especial,145,42.65648889,-71.68669722,Vehiculo en movimiento,Frente a frente,Not an Intersection,No fue interseccion,Sobre calle,Ninguna,Dia total,Despejado,No,NO APLICA,17,35,17,40,1,06/06/2022,7
25,Massachusetts,250169,0,0,1,0,3,BERKSHIRE (3),9997,Other,9,Septiembre,10,2022,20,11,RIVER RD,8,Otro,Urbano,Colector Menor,Town or Township Highway Agency,0,Sin jurisdiccion especial,54,42.67947778,-72.98719444,Volcadura,El primer evento no fue una colision con un vehiculo automotor en transporte,Not an Intersection,No fue interseccion,Sobre calle,Ninguna,Oscuro sin iluminacion,Despejado,No,NO APLICA,20,6,20,23,1,10/09/2022,1
25,Massachusetts,250170,1,1,1,0,17,MIDDLESEX (17),90,BEDFORD,9,Septiembre,12,2022,12,12,SHAWSHEEN RD,8,Otro,Urbano,Arteria Menor,Town or Township Highway Agency,0,Sin jurisdiccion especial,0,42.48690278,-71.25866667,Peaton,El primer evento no fue una colision con un vehiculo automotor en transporte,Not an Intersection,No fue interseccion,Sobre calle,Ninguna,Dia total,Despejado,No,NO APLICA,12,14,12,16,1,12/09/2022,1
25,Massachusetts,250171,1,1,1,0,21,NORFOLK (21),488,HOLBROOK,6,Junio,8,2022,15,52,S FRANKLIN ST,5,Calle Local - Pueblo,Urbano,Arteria Principal,Town or Township Highway Agency,1,Sin jurisdiccion especial,0,42.14751944,-71.00875,No vehiculo o remolque,El primer evento no fue una colision con un vehiculo automotor en transporte,T-Intersection,Interseccion de T,Sobre calle,Ninguna,Dia total,Nublado,No,NO APLICA,16,6,16,9,1,08/06/2022,1
25,Massachusetts,250172,0,0,1,0,17,MIDDLESEX (17),1490,WILMINGTON,9,Septiembre,13,2022,23,30,SR-62 SALEM ST,3,Highway estatal,Urbano,Arteria Menor,State Highway Agency,0,Sin jurisdiccion especial,649,42.57901944,-71.14926389,Banqueta,El primer evento no fue una colision con un vehiculo automotor en transporte,Not an Intersection,No fue interseccion,Sobre el lado de la calle,Ninguna,Oscuro sin iluminacion,Despejado,No,NO APLICA,23,33,23,36,1,13/09/2022,1
25,Massachusetts,250173,0,0,1,0,25,SUFFOLK (25),120,BOSTON,9,Septiembre,14,2022,15,5,SOLDIERS FIELD RD,8,Otro,Urbano,Arteria Principal,Other State Agency,1,Sin jurisdiccion especial,99998,42.37221111,-71.13220833,Poste,El primer evento no fue una colision con un vehiculo automotor en transporte,Not an Intersection,No fue interseccion,Sobre el lado de la calle,Ninguna,Dia total,Despejado,No,NO APLICA,15,8,15,13,1,14/09/2022,1
25,Massachusetts,250174,0,0,2,0,27,WORCESTER (27),1500,WINCHENDON,9,Septiembre,14,2022,22,30,US-202 BALDWINVILLE STATE RD,2,US Highway,Urbano,Arteria Menor,State Highway Agency,0,Sin jurisdiccion especial,737,42.66403611,-72.07896389,Vehiculo en movimiento,Frente a frente,Not an Intersection,No fue interseccion,Sobre calle,Ninguna,Oscuro sin iluminacion,Despejado,No,NO APLICA,22,33,22,37,1,14/09/2022,2
25,Massachusetts,250175,0,0,1,0,5,BRISTOL (5),50,ATTLEBORO,9,Septiembre,18,2022,4,21,SR-123  WEST ST,3,Highway estatal,Urbano,Arteria Principal,State Highway Agency,1,Sin jurisdiccion especial,99998,41.93096667,-71.33486389,Arbol,El primer evento no fue una colision con un vehiculo automotor en transporte,Not an Intersection,No fue interseccion,Sobre el lado de la calle,Ninguna,Oscuro - iluminacion desconocida,Despejado,No,NO APLICA,4,25,4,27,2,18/09/2022,2
25,Massachusetts,250176,0,0,2,0,27,WORCESTER (27),1500,WINCHENDON,9,Septiembre,21,2022,11,5,SR-140 GARDNER RD,3,Highway estatal,Urbano,Arteria Principal,Town or Township Highway Agency,1,Sin jurisdiccion especial,99998,42.6402,-72.00426111,Vehiculo en movimiento,Frente a frente,T-Intersection,Interseccion de T,Sobre calle,Ninguna,Dia total,Despejado,No,NO APLICA,11,4,11,11,1,21/09/2022,2
25,Massachusetts,250177,1,1,1,0,3,BERKSHIRE (3),1030,PITTSFIELD,9,Septiembre,21,2022,19,52,SR-8 DALTON AVE,3,Highway estatal,Urbano,Arteria Principal,State Highway Agency,1,Sin jurisdiccion especial,99998,42.46981389,-73.19681389,Ciclista,El primer evento no fue una colision con un vehiculo automotor en transporte,Y-Intersection,Interseccion de Y,Sobre calle,Ninguna,Oscuro con iluminacion,Despejado,No,NO APLICA,20,4,20,10,1,21/09/2022,2
25,Massachusetts,250178,0,0,1,0,3,BERKSHIRE (3),600,LENOX,7,Julio,12,2022,17,24,US-7,2,US Highway,Rural,Arteria Principal,State Highway Agency,1,Sin jurisdiccion especial,141,42.32589167,-73.28818333,Objeto aventado o caido,El primer evento no fue una colision con un vehiculo automotor en transporte,Not an Intersection,No fue interseccion,Sobre calle,Ninguna,Dia total,lluvia,No,NO APLICA,17,25,17,29,1,12/07/2022,1
25,Massachusetts,250179,0,0,1,0,17,MIDDLESEX (17),195,CHELMSFORD,6,Junio,3,2022,5,13,I-495,1,Interestatal,Urbano,Interestatal,State Highway Agency,1,Sin jurisdiccion especial,857,42.58671944,-71.38566111,Animal vivo,El primer evento no fue una colision con un vehiculo automotor en transporte,Not an Intersection,No fue interseccion,Sobre calle,Ninguna,Amanecer,Despejado,No,NO APLICA,5,20,5,26,2,03/06/2022,2
25,Massachusetts,250180,0,0,4,3,21,NORFOLK (21),256,DEDHAM,7,Julio,24,2022,16,3,EAST ST,8,Otro,Urbano,Arteria Menor,Town or Township Highway Agency,0,Sin jurisdiccion especial,0,42.23471667,-71.162625,Barda,El primer evento no fue una colision con un vehiculo automotor en transporte,Not an Intersection,No fue interseccion,Fuera de la calle,Ninguna,Dia total,Despejado,No,NO APLICA,16,6,16,7,1,24/07/2022,1
25,Massachusetts,250181,0,0,2,0,27,WORCESTER (27),1172,SHREWSBURY,9,Septiembre,15,2022,10,55,SOUTH QUINSIGAMOND,8,Otro,Urbano,Arteria Menor,Town or Township Highway Agency,0,Sin jurisdiccion especial,0,42.26509444,-71.75008056,Vehiculo en movimiento,Frente a frente,T-Intersection,Interseccion de T,Sobre calle,Ninguna,Dia total,Despejado,Yes,NO APLICA,11,0,11,5,1,15/09/2022,3
25,Massachusetts,250182,0,0,2,0,27,WORCESTER (27),980,OXFORD,9,Septiembre,25,2022,15,19,SR-56 LEICESTER ST,3,Highway estatal,Urbano,Arteria Menor,Town or Township Highway Agency,0,Sin jurisdiccion especial,99998,42.16371111,-71.89099722,Vehiculo en movimiento,Frente a frente,T-Intersection,Interseccion de T,Sobre calle,Ninguna,Dia total,lluvia,No,NO APLICA,15,19,15,27,1,25/09/2022,4
25,Massachusetts,250183,0,0,3,0,27,WORCESTER (27),1520,WORCESTER,7,Julio,23,2022,21,51,SR-122 CHANDLER ST,3,Highway estatal,Urbano,Arteria Principal,State Highway Agency,1,Sin jurisdiccion especial,226,42.259675,-71.80516389,Vehiculo en movimiento,Angulo,Four-Way Intersection,Interseccion de 4 direcciones,Sobre calle,Ninguna,Oscuro con iluminacion,Despejado,No,NO APLICA,21,55,21,56,1,23/07/2022,7
25,Massachusetts,250184,0,0,2,0,11,FRANKLIN (11),33,ASHFIELD,9,Septiembre,10,2022,17,35,SR-116 PLAINFIELD RD,3,Highway estatal,Rural,Colector Mayor,Town or Township Highway Agency,0,Sin jurisdiccion especial,0,42.49737222,-72.87016667,Vehiculo en movimiento,Frente a frente,T-Intersection,Interseccion de T,Sobre calle,Ninguna,Dia total,Despejado,No,NO APLICA,17,35,17,47,1,10/09/2022,2
25,Massachusetts,250185,1,1,1,0,13,HAMPDEN (13),210,CHICOPEE,9,Septiembre,16,2022,13,59,GRANBY RD,8,Otro,Urbano,Arteria Menor,City or Municipal Highway Agency,0,Sin jurisdiccion especial,99998,42.15715556,-72.59853889,Peaton,El primer evento no fue una colision con un vehiculo automotor en transporte,Not an Intersection,No fue interseccion,Sobre calle,"Zona de trabajo, tipo desconocido",Dia total,Despejado,No,NO APLICA,13,59,14,8,1,16/09/2022,1
25,Massachusetts,250186,1,1,1,0,9,ESSEX (9),1090,ROCKPORT,9,Septiembre,16,2022,14,58,SR-127 RAILROAD AVE,3,Highway estatal,Urbano,Arteria Menor,State Highway Agency,0,Sin jurisdiccion especial,0,42.65558056,-70.62455,Peaton,El primer evento no fue una colision con un vehiculo automotor en transporte,Not an Intersection,No fue interseccion,Sobre calle,Ninguna,Dia total,Despejado,No,NO APLICA,15,47,15,51,1,16/09/2022,1
25,Massachusetts,250187,0,0,2,0,27,WORCESTER (27),123,BOYLSTON,9,Septiembre,24,2022,22,59,SCHOOL ST,8,Otro,Urbano,Colector Mayor,Town or Township Highway Agency,0,Sin jurisdiccion especial,99998,42.34558056,-71.73407778,Vehiculo en movimiento,Angulo,Not an Intersection,No fue interseccion,Sobre calle,Ninguna,Oscuro con iluminacion,Despejado,No,NO APLICA,23,0,23,4,1,24/09/2022,2
25,Massachusetts,250188,0,0,2,0,17,MIDDLESEX (17),630,LOWELL,9,Septiembre,25,2022,14,45,SR-38 ROGERS ST,3,Highway estatal,Urbano,Arteria Principal,State Highway Agency,1,Sin jurisdiccion especial,215,42.629675,-71.27671944,Vehiculo en movimiento,Angulo,T-Intersection,Interseccion de T,Sobre calle,Ninguna,Dia total,Nublado,No,NO APLICA,14,51,14,53,1,25/09/2022,2
25,Massachusetts,250189,0,0,1,0,23,PLYMOUTH (23),1400,WEST BRIDGEWATER,9,Septiembre,30,2022,3,4,SR-24,3,Highway estatal,Urbano,Arterial Principal -Freeway o ExpressWay,State Highway Agency,1,Sin jurisdiccion especial,270,42.00815833,-71.03963611,Arbol,El primer evento no fue una colision con un vehiculo automotor en transporte,Not an Intersection,No fue interseccion,Sobre el lado de la calle,Ninguna,Oscuro sin iluminacion,Despejado,No,NO APLICA,3,10,3,18,1,30/09/2022,2
25,Massachusetts,250190,0,0,1,0,17,MIDDLESEX (17),720,MEDFORD,9,Septiembre,25,2022,23,20,SOUTH BORDER RD,8,Otro,Urbano,Arteria Menor,Other State Agency,0,Sin jurisdiccion especial,9,42.43721944,-71.118075,Barda,El primer evento no fue una colision con un vehiculo automotor en transporte,Not an Intersection,No fue interseccion,Fuera de la calle,Ninguna,Oscuro con iluminacion,Despejado,No,NO APLICA,23,26,23,27,1,25/09/2022,1
25,Massachusetts,250191,1,1,1,0,9,ESSEX (9),470,HAVERHILL,9,Septiembre,26,2022,20,47,SR-97 WINTER ST,3,Highway estatal,Urbano,Arteria Menor,City or Municipal Highway Agency,0,Sin jurisdiccion especial,196,42.77777222,-71.08374167,Peaton,El primer evento no fue una colision con un vehiculo automotor en transporte,T-Intersection,Interseccion de T,Sobre calle,Ninguna,Oscuro con iluminacion,lluvia,No,NO APLICA,20,50,20,51,1,26/09/2022,1
25,Massachusetts,250192,0,0,2,0,23,PLYMOUTH (23),475,HINGHAM,9,Septiembre,28,2022,16,10,SR-3A BROAD COVE RD,3,Highway estatal,Urbano,Arteria Principal,State Highway Agency,1,Sin jurisdiccion especial,445,42.25064444,-70.89784167,Vehiculo en movimiento,Frente a frente,Not an Intersection,No fue interseccion,Sobre calle,Ninguna,Dia total,Despejado,No,NO APLICA,16,11,16,15,1,28/09/2022,2
25,Massachusetts,250193,0,0,1,0,23,PLYMOUTH (23),1360,WAREHAM,9,Septiembre,29,2022,14,0,WEAVER ST,8,Otro,Urbano,Local,Town or Township Highway Agency,9,Sin jurisdiccion especial,99998,41.79409722,-70.7621,Arbol,El primer evento no fue una colision con un vehiculo automotor en transporte,Not an Intersection,No fue interseccion,Sobre el lado de la calle,Ninguna,Dia total,Despejado,No,NO APLICA,14,0,14,15,1,29/09/2022,1
25,Massachusetts,250194,1,1,1,0,1,BARNSTABLE (1),1535,YARMOUTH,9,Septiembre,28,2022,19,20,SR-28,3,Highway estatal,Urbano,Arteria Principal,State Highway Agency,1,Sin jurisdiccion especial,269,41.65769167,-70.26297778,Peaton,El primer evento no fue una colision con un vehiculo automotor en transporte,Not an Intersection,No fue interseccion,Sobre calle,Ninguna,Oscuro sin iluminacion,Despejado,No,NO APLICA,19,23,19,24,1,28/09/2022,3
25,Massachusetts,250195,0,0,2,0,17,MIDDLESEX (17),1305,TYNGSBORO,9,Septiembre,3,2022,15,47,SR-3A FROST RD,3,Highway estatal,Urbano,Arteria Menor,Town or Township Highway Agency,0,Sin jurisdiccion especial,967,42.693325,-71.41262222,Vehiculo en movimiento,Frente a frente,Not an Intersection,No fue interseccion,Sobre calle,Ninguna,Dia total,Despejado,No,NO APLICA,15,47,15,51,1,03/09/2022,7
25,Massachusetts,250196,1,1,1,0,25,SUFFOLK (25),120,BOSTON,9,Septiembre,8,2022,9,35,SR-203 MORTON ST,3,Highway estatal,Urbano,Arteria Principal,State Highway Agency,0,Sin jurisdiccion especial,99998,42.28043056,-71.0826,Peaton,El primer evento no fue una colision con un vehiculo automotor en transporte,Four-Way Intersection,Interseccion de 4 direcciones,Sobre calle,Ninguna,Dia total,Despejado,No,NO APLICA,9,34,9,40,1,08/09/2022,1
25,Massachusetts,250197,0,0,4,2,17,MIDDLESEX (17),740,MELROSE HIGHLANDS,9,Septiembre,4,2022,23,30,LYNN FELLS PKWY,8,Otro,Urbano,Arteria Principal,Other State Agency,1,Sin jurisdiccion especial,2,42.463075,-71.05788056,Vehiculo en movimiento,Frente a frente,Not an Intersection,No fue interseccion,Sobre calle,Ninguna,Oscuro con iluminacion,Nublado,No,NO APLICA,23,31,23,34,1,04/09/2022,3
25,Massachusetts,250198,0,0,2,0,9,ESSEX (9),892,NORTH ANDOVER CENTER,9,Septiembre,25,2022,6,59,SR-133 GREAT POND RD,3,Highway estatal,Urbano,Arteria Menor,Town or Township Highway Agency,0,Sin jurisdiccion especial,131,42.71446667,-71.10646389,Vehiculo en movimiento,Frente a frente,Not an Intersection,No fue interseccion,Sobre calle,Ninguna,Amanecer,Despejado,No,NO APLICA,7,2,7,3,1,25/09/2022,4
25,Massachusetts,250199,0,0,2,0,11,FRANKLIN (11),258,DEERFIELD,9,Septiembre,5,2022,10,13,SR-116,3,Highway estatal,Urbano,Arteria Principal,State Highway Agency,1,Sin jurisdiccion especial,301,42.46688889,-72.59910278,Vehiculo en movimiento,Angulo,T-Intersection,Interseccion de T,Sobre calle,Ninguna,Dia total,lluvia,No,NO APLICA,10,18,10,18,1,05/09/2022,4
25,Massachusetts,250200,0,0,2,0,3,BERKSHIRE (3),88,BECKET,9,Septiembre,30,2022,12,2,US-20,2,US Highway,Rural,Arteria Menor,State Highway Agency,1,Sin jurisdiccion especial,99998,42.28324444,-73.14422778,Vehiculo en movimiento,Frente a frente,Not an Intersection,No fue interseccion,Sobre calle,Ninguna,Dia total,Despejado,No,NO APLICA,12,8,12,17,1,30/09/2022,2
25,Massachusetts,250201,0,0,1,0,17,MIDDLESEX (17),919,NORTH READING,8,Agosto,1,2022,19,0,PARK ST,8,Otro,Urbano,Local,Town or Township Highway Agency,0,Sin jurisdiccion especial,1,42.56639167,-71.10647778,Zanja,El primer evento no fue una colision con un vehiculo automotor en transporte,Not an Intersection,No fue interseccion,Sobre el lado de la calle,Ninguna,Atardecer,Despejado,No,NO APLICA,19,2,19,4,1,01/08/2022,1
25,Massachusetts,250202,0,0,1,0,21,NORFOLK (21),730,MEDWAY,8,Agosto,2,2022,11,37,SR-109 MAIN ST,3,Highway estatal,Urbano,Arteria Principal,Town or Township Highway Agency,1,Sin jurisdiccion especial,99998,42.14701944,-71.42734444,Banqueta,El primer evento no fue una colision con un vehiculo automotor en transporte,T-Intersection,Interseccion de T,Sobre el lado de la calle,Ninguna,Dia total,Despejado,No,NO APLICA,11,37,11,39,1,02/08/2022,1
25,Massachusetts,250203,1,1,1,0,25,SUFFOLK (25),120,BOSTON,8,Agosto,2,2022,21,58,WALNUT AVE,8,Otro,Urbano,Arteria Principal,City or Municipal Highway Agency,1,Sin jurisdiccion especial,99998,42.31336389,-71.09506389,Peaton,El primer evento no fue una colision con un vehiculo automotor en transporte,Four-Way Intersection,Interseccion de 4 direcciones,Sobre calle,Ninguna,Oscuro con iluminacion,Despejado,No,NO APLICA,22,14,22,23,1,02/08/2022,1
25,Massachusetts,250204,0,0,3,0,17,MIDDLESEX (17),1297,TOWNSEND,8,Agosto,5,2022,15,24,MASON RD,8,Otro,Urbano,Colector Mayor,Town or Township Highway Agency,0,Sin jurisdiccion especial,4,42.68266111,-71.7432,Vehiculo en movimiento,Angulo,Not an Intersection,No fue interseccion,Sobre calle,Ninguna,Dia total,Despejado,No,NO APLICA,15,24,15,31,1,05/08/2022,4
25,Massachusetts,250205,0,0,1,0,17,MIDDLESEX (17),630,LOWELL,8,Agosto,7,2022,11,30,PAWTUCKET BLVD,8,Otro,Urbano,Arteria Menor,State Highway Agency,0,Sin jurisdiccion especial,340,42.64203611,-71.36985556,Banqueta,El primer evento no fue una colision con un vehiculo automotor en transporte,Not an Intersection,No fue interseccion,Sobre el lado de la calle,Ninguna,Dia total,Despejado,No,NO APLICA,11,34,11,39,1,07/08/2022,3
25,Massachusetts,250206,2,2,1,0,15,HAMPSHIRE (15),295,EASTHAMPTON,8,Agosto,2,2022,19,29,SR-10 NORTHAMPTON ST,3,Highway estatal,Urbano,Arteria Principal,State Highway Agency,1,Sin jurisdiccion especial,228,42.27895,-72.67154444,Peaton,El primer evento no fue una colision con un vehiculo automotor en transporte,Not an Intersection,No fue interseccion,Sobre calle,Ninguna,Dia total,Despejado,No,NO APLICA,19,29,19,33,2,02/08/2022,1
25,Massachusetts,250207,0,0,2,0,13,HAMPDEN (13),500,HOLYOKE,8,Agosto,3,2022,7,57,US-202 WESTFIELD RD,2,US Highway,Urbano,Arteria Principal,City or Municipal Highway Agency,1,Sin jurisdiccion especial,187,42.18673056,-72.65128889,Vehiculo en movimiento,Frente a frente,Not an Intersection,No fue interseccion,Sobre calle,Ninguna,Dia total,Despejado,No,NO APLICA,8,3,8,6,1,03/08/2022,2
25,Massachusetts,250208,0,0,1,0,5,BRISTOL (5),1268,SWANSEA,8,Agosto,11,2022,0,7,REED RD,8,Otro,Urbano,Local,Town or Township Highway Agency,0,Sin jurisdiccion especial,0,41.77478333,-71.23428056,Buzon de correo,El primer evento no fue una colision con un vehiculo automotor en transporte,Not an Intersection,No fue interseccion,Sobre el lado de la calle,Ninguna,Oscuro sin iluminacion,Despejado,No,NO APLICA,0,5,0,14,1,11/08/2022,1
25,Massachusetts,250209,1,1,1,0,27,WORCESTER (27),1520,WORCESTER,8,Agosto,13,2022,23,37,I-290,1,Interestatal,Urbano,Interestatal,State Highway Agency,1,Sin jurisdiccion especial,130,42.27740556,-71.7976,Peaton,El primer evento no fue una colision con un vehiculo automotor en transporte,Not an Intersection,No fue interseccion,Sobre calle,Ninguna,Oscuro con iluminacion,Despejado,No,NO APLICA,23,53,0,50,1,13/08/2022,1
25,Massachusetts,250210,0,0,1,0,17,MIDDLESEX (17),680,MARLBOROUGH,8,Agosto,18,2022,4,31,HOSMER ST,8,Otro,Urbano,Colector Mayor,City or Municipal Highway Agency,0,Sin jurisdiccion especial,8,42.36383056,-71.53346111,Banqueta,El primer evento no fue una colision con un vehiculo automotor en transporte,Not an Intersection,No fue interseccion,Sobre el lado de la calle,Ninguna,Oscuro con iluminacion,Despejado,No,NO APLICA,4,34,4,38,1,18/08/2022,1
25,Massachusetts,250211,0,0,3,0,17,MIDDLESEX (17),520,HOPKINTON,8,Agosto,17,2022,0,17,I-495,1,Interestatal,Urbano,Interestatal,State Highway Agency,1,Sin jurisdiccion especial,99999,77.7777,777.7777,Vehiculo en movimiento,Frente a frente,Not an Intersection,No fue interseccion,Sobre calle,Ninguna,Oscuro sin iluminacion,Despejado,No,NO APLICA,0,26,0,46,1,17/08/2022,3
25,Massachusetts,250212,0,0,1,0,27,WORCESTER (27),565,LANCASTER,8,Agosto,16,2022,17,15,SR-2,3,Highway estatal,Urbano,Arterial Principal -Freeway o ExpressWay,State Highway Agency,1,Sin jurisdiccion especial,1035,42.52077222,-71.70109167,Valla Ferrocarril,El primer evento no fue una colision con un vehiculo automotor en transporte,Not an Intersection,No fue interseccion,En el medio,Ninguna,Dia total,Despejado,No,NO APLICA,17,8,17,15,1,16/08/2022,1
25,Massachusetts,250214,0,0,3,0,27,WORCESTER (27),186,CHARLTON CITY,8,Agosto,19,2022,0,34,I-90,1,Interestatal,Urbano,Interestatal,State Highway Agency,1,Sin jurisdiccion especial,848,42.18383333,-71.88726944,Valla Ferrocarril,El primer evento no fue una colision con un vehiculo automotor en transporte,Not an Intersection,No fue interseccion,Sobre el lado de la calle,Ninguna,Oscuro sin iluminacion,Despejado,No,NO APLICA,0,27,0,34,1,19/08/2022,4
25,Massachusetts,250215,0,0,1,0,27,WORCESTER (27),565,LANCASTER,8,Agosto,23,2022,3,0,SR-70 S MAIN ST,3,Highway estatal,Urbano,Arteria Menor,Town or Township Highway Agency,0,Sin jurisdiccion especial,148,42.44230556,-71.68598611,Poste de Señal de trafico,El primer evento no fue una colision con un vehiculo automotor en transporte,Not an Intersection,No fue interseccion,Sobre el lado de la calle,Ninguna,Oscuro con iluminacion,lluvia,No,NO APLICA,3,1,3,13,1,23/08/2022,1
25,Massachusetts,250216,0,0,3,0,21,NORFOLK (21),1140,SHARON,8,Agosto,4,2022,19,44,I-95,1,Interestatal,Urbano,Interestatal,State Highway Agency,1,Sin jurisdiccion especial,170,42.09936389,-71.228175,Vehiculo en movimiento,Frente a Detrás,Not an Intersection,No fue interseccion,Sobre calle,Ninguna,Oscuro sin iluminacion,Despejado,No,NO APLICA,19,48,19,54,1,04/08/2022,3
25,Massachusetts,250217,0,0,1,0,17,MIDDLESEX (17),375,FRAMINGHAM,8,Agosto,12,2022,20,23,SALEM END RD,8,Otro,Urbano,Colector Mayor,City or Municipal Highway Agency,0,Sin jurisdiccion especial,27,42.29316667,-71.44933611,Volcadura,El primer evento no fue una colision con un vehiculo automotor en transporte,Not an Intersection,No fue interseccion,Sobre calle,Ninguna,Oscuro con iluminacion,Despejado,No,NO APLICA,20,24,20,28,1,12/08/2022,1
25,Massachusetts,250218,0,0,1,0,21,NORFOLK (21),1276,STOUGHTON,8,Agosto,24,2022,20,30,SR-24,3,Highway estatal,Urbano,Arterial Principal -Freeway o ExpressWay,State Highway Agency,1,Militar,372,42.15338333,-71.06790278,Valla Ferrocarril,El primer evento no fue una colision con un vehiculo automotor en transporte,Not an Intersection,No fue interseccion,Sobre el lado de la calle,Ninguna,Oscuro sin iluminacion,Despejado,No,NO APLICA,20,36,20,41,1,24/08/2022,1
25,Massachusetts,250219,0,0,1,0,27,WORCESTER (27),1310,UPTON,8,Agosto,6,2022,21,7,GLEN VIEW ST,8,Otro,Urbano,Local,Town or Township Highway Agency,0,Sin jurisdiccion especial,12,42.17027222,-71.57555556,Arbol,El primer evento no fue una colision con un vehiculo automotor en transporte,Not an Intersection,No fue interseccion,Sobre el lado de la calle,Ninguna,Oscuro con iluminacion,Despejado,No,NO APLICA,21,7,21,17,1,06/08/2022,5
25,Massachusetts,250221,0,0,1,0,5,BRISTOL (5),50,ATTLEBORO,8,Agosto,12,2022,17,21,SR-123 SOUTH AVE,3,Highway estatal,Urbano,Arteria Principal,City or Municipal Highway Agency,1,Sin jurisdiccion especial,28,41.93156111,-71.33353611,Arbol,El primer evento no fue una colision con un vehiculo automotor en transporte,Not an Intersection,No fue interseccion,Sobre el lado de la calle,Ninguna,Dia total,Despejado,No,NO APLICA,17,20,17,26,1,12/08/2022,2
25,Massachusetts,250222,0,0,1,0,21,NORFOLK (21),1063,RANDOLPH,8,Agosto,12,2022,5,43,I-93,1,Interestatal,Urbano,Interestatal,State Highway Agency,1,Sin jurisdiccion especial,32,42.20233333,-71.08436389,Poste,El primer evento no fue una colision con un vehiculo automotor en transporte,Not an Intersection,No fue interseccion,Sobre el lado de la calle,Ninguna,Dia total,Despejado,No,NO APLICA,5,44,5,52,1,12/08/2022,5