Estado,Nombre de Estado,Numero de Caso,Peatones,Personas _no_vehiculos,Vehiculos automotores,Vehiculos estacionados,Condado,Nombre Condado,Ciudad,Nombre Ciudad,Mes,Nombre Mes,Dia,Año,Hora,Minuto,Calle,Ruta,Nombre Ruta,Rural o Urbanoo,Sistema Funcional,Dueño Calle,Sistema Nacional Carreteras,Jurisdiccion Especial,Milla,Latitud,Longitud,Causa del Accidente,Tipo de Accidente,Tipo Interseccion,Columna1,Lugar en la calle,Zona de Trabajo,Luz,Clima,Autobus Escolar,Cruce de Trenes,Hora Notificacion,Minuto Notificacion,Hora Llegada,Minuto Llegada,Decesos,Fecha,PersonaVehiculo
25,Massachusetts,250223,0,0,3,0,15,HAMPSHIRE (15),30,AMHERST,8,Agosto,19,2022,8,43,SR-116,3,Highway estatal,Urbano,Arteria Principal,State Highway Agency,1,Sin jurisdiccion especial,251,42.42210833,-72.53740833,Vehiculo en movimiento,Frente a frente,Not an Intersection,No fue interseccion,Sobre calle,Ninguna,Dia total,Despejado,No,NO APLICA,8,43,8,48,1,19/08/2022,3
25,Massachusetts,250224,0,0,1,0,27,WORCESTER (27),610,LEOMINSTER,8,Agosto,24,2022,9,12,GRAHAM ST,8,Otro,Urbano,Local,Town or Township Highway Agency,0,Sin jurisdiccion especial,0,42.52080833,-71.75518889,Estructura de puente overhead,El primer evento no fue una colision con un vehiculo automotor en transporte,T-Intersection,Interseccion de T,Sobre calle,Ninguna,Dia total,Despejado,No,NO APLICA,9,15,9,19,1,24/08/2022,1
25,Massachusetts,250225,0,0,2,0,27,WORCESTER (27),1520,WORCESTER,8,Agosto,31,2022,17,17,SR-9 BELMONT ST,3,Highway estatal,Urbano,Arteria Principal,State Highway Agency,1,Sin jurisdiccion especial,972,42.27184444,-71.79453889,Alguien se cayo/avento del vehiculo,El primer evento no fue una colision con un vehiculo automotor en transporte,Four-Way Intersection,Interseccion de 4 direcciones,Sobre calle,Ninguna,Dia total,Despejado,No,NO APLICA,17,17,17,22,1,31/08/2022,2
25,Massachusetts,250226,0,0,2,0,17,MIDDLESEX (17),195,CHELMSFORD,8,Agosto,27,2022,11,3,US-3 RAMP,2,US Highway,Urbano,Arterial Principal -Freeway o ExpressWay,State Highway Agency,1,Sin jurisdiccion especial,0,42.62203056,-71.36749722,Vehiculo en movimiento,Frente a Detrás,"Five Point, or More",5 Puntos o mas,Sobre calle,Ninguna,Dia total,Despejado,No,NO APLICA,10,45,10,48,1,27/08/2022,2
25,Massachusetts,250227,1,1,1,0,23,PLYMOUTH (23),462,HALIFAX,8,Agosto,20,2022,14,58,SR-106 PLYMOUTH ST,3,Highway estatal,Urbano,Arteria Menor,Town or Township Highway Agency,0,Sin jurisdiccion especial,282,41.99738056,-70.83690833,Peaton,El primer evento no fue una colision con un vehiculo automotor en transporte,Not an Intersection,No fue interseccion,Sobre calle,Ninguna,Dia total,Despejado,No,NO APLICA,15,0,15,2,1,20/08/2022,1
25,Massachusetts,250228,1,1,1,0,27,WORCESTER (27),1278,STURBRIDGE,8,Agosto,26,2022,1,21,US-20 MAIN ST,2,US Highway,Urbano,Arteria Principal,State Highway Agency,1,Sin jurisdiccion especial,915,42.1124,-72.12918889,Peaton,El primer evento no fue una colision con un vehiculo automotor en transporte,Not an Intersection,No fue interseccion,Sobre el lado de la calle,Ninguna,Oscuro sin iluminacion,Despejado,No,NO APLICA,1,22,1,31,1,26/08/2022,1
25,Massachusetts,250229,1,1,2,0,17,MIDDLESEX (17),630,LOWELL,8,Agosto,27,2022,22,34,LOWELL CONNECTOR,8,Otro,Urbano,Arteria Menor,City or Municipal Highway Agency,9,Sin jurisdiccion especial,99998,77.7777,777.7777,Peaton,El primer evento no fue una colision con un vehiculo automotor en transporte,Not an Intersection,No fue interseccion,Sobre calle,Ninguna,Oscuro con iluminacion,Despejado,No,NO APLICA,22,37,22,45,1,27/08/2022,3
25,Massachusetts,250230,0,0,1,0,13,HAMPDEN (13),1270,SPRINGFIELD,10,Octubre,1,2022,1,22,BERKSHIRE AVE,8,Otro,Urbano,Arteria Menor,City or Municipal Highway Agency,0,Sin jurisdiccion especial,14,42.14134722,-72.5238,Banqueta,El primer evento no fue una colision con un vehiculo automotor en transporte,Not an Intersection,No fue interseccion,Sobre el lado de la calle,Ninguna,Oscuro con iluminacion,Despejado,No,NO APLICA,1,25,1,31,1,01/10/2022,1
25,Massachusetts,250231,1,1,1,0,25,SUFFOLK (25),120,BOSTON,10,Octubre,1,2022,2,29,I-93,1,Interestatal,Urbano,Interestatal,State Highway Agency,1,Sin jurisdiccion especial,446,42.27919722,-71.04751667,Peaton,El primer evento no fue una colision con un vehiculo automotor en transporte,Not an Intersection,No fue interseccion,Sobre calle,Ninguna,Oscuro con iluminacion,Despejado,No,NO APLICA,2,28,2,32,1,01/10/2022,2
25,Massachusetts,250232,0,0,1,0,21,NORFOLK (21),370,FOXBORO,10,Octubre,2,2022,3,22,I-95,1,Interestatal,Urbano,Interestatal,State Highway Agency,1,Sin jurisdiccion especial,143,42.06203056,-71.23119722,Volcadura,El primer evento no fue una colision con un vehiculo automotor en transporte,Not an Intersection,No fue interseccion,Sobre calle,Ninguna,Oscuro sin iluminacion,Nublado,No,NO APLICA,3,21,3,31,1,02/10/2022,6
25,Massachusetts,250233,1,1,1,0,27,WORCESTER (27),390,GARDNER,10,Octubre,3,2022,8,27,COLEMAN ST,8,Otro,Urbano,Local,Town or Township Highway Agency,0,Sin jurisdiccion especial,2,42.57766944,-72.00459722,Peaton,El primer evento no fue una colision con un vehiculo automotor en transporte,Not an Intersection,No fue interseccion,Sobre calle,Construccion,Dia total,Nublado,No,NO APLICA,8,27,8,29,1,03/10/2022,1
25,Massachusetts,250235,1,1,1,0,25,SUFFOLK (25),120,BOSTON,10,Octubre,4,2022,20,57,SPRING ST,8,Otro,Urbano,Arteria Menor,City or Municipal Highway Agency,0,Sin jurisdiccion especial,10,42.27781389,-71.16188889,Peaton,El primer evento no fue una colision con un vehiculo automotor en transporte,Not an Intersection,No fue interseccion,Sobre calle,Ninguna,Oscuro con iluminacion,lluvia,No,NO APLICA,20,59,21,7,1,04/10/2022,1
25,Massachusetts,250236,0,0,1,0,27,WORCESTER (27),610,LEOMINSTER,10,Octubre,6,2022,19,10,I-190,1,Interestatal,Urbano,Interestatal,State Highway Agency,1,Sin jurisdiccion especial,182,42.50939167,-71.72131111,Volcadura,El primer evento no fue una colision con un vehiculo automotor en transporte,Not an Intersection,No fue interseccion,Sobre el lado de la calle,Ninguna,Oscuro sin iluminacion,Despejado,No,NO APLICA,19,13,19,15,1,06/10/2022,4
25,Massachusetts,250238,1,1,1,0,21,NORFOLK (21),1035,PLAINVILLE,10,Octubre,8,2022,5,14,I-495,1,Interestatal,Urbano,Interestatal,State Highway Agency,1,Sin jurisdiccion especial,355,42.03750278,-71.30689167,Peaton,El primer evento no fue una colision con un vehiculo automotor en transporte,Not an Intersection,No fue interseccion,Sobre calle,Ninguna,Oscuro sin iluminacion,lluvia,No,NO APLICA,5,17,5,26,1,08/10/2022,1
25,Massachusetts,250239,1,1,1,0,13,HAMPDEN (13),210,CHICOPEE,10,Octubre,8,2022,20,23,SPRINGFIELD ST,8,Otro,Urbano,Arteria Menor,City or Municipal Highway Agency,0,Sin jurisdiccion especial,15,42.13687222,-72.601225,Peaton,El primer evento no fue una colision con un vehiculo automotor en transporte,Not an Intersection,No fue interseccion,Sobre calle,Ninguna,Oscuro con iluminacion,Despejado,No,NO APLICA,20,23,20,24,1,08/10/2022,1
25,Massachusetts,250240,0,0,3,0,25,SUFFOLK (25),120,BOSTON,10,Octubre,8,2022,22,0,I-93,1,Interestatal,Urbano,Interestatal,State Highway Agency,1,Sin jurisdiccion especial,99998,42.37591944,-71.07380833,Vehiculo en movimiento,Frente a Detrás,Not an Intersection,No fue interseccion,Sobre calle,Ninguna,Oscuro con iluminacion,Despejado,No,NO APLICA,21,54,22,2,2,08/10/2022,5
25,Massachusetts,250241,0,0,1,0,17,MIDDLESEX (17),195,CHELMSFORD,10,Octubre,9,2022,20,57,I-495,1,Interestatal,Urbano,Interestatal,State Highway Agency,1,Sin jurisdiccion especial,902,42.61345833,-71.30310833,Fin de valla,El primer evento no fue una colision con un vehiculo automotor en transporte,Not an Intersection,No fue interseccion,Sobre el lado de la calle,Ninguna,Oscuro con iluminacion,Despejado,No,NO APLICA,21,6,21,8,1,09/10/2022,1
25,Massachusetts,250242,1,1,1,0,13,HAMPDEN (13),1446,WEST SPRINGFIELD,10,Octubre,11,2022,15,0,RIVER ST,8,Otro,Urbano,Arteria Menor,Town or Township Highway Agency,0,Sin jurisdiccion especial,0,42.09065833,-72.62651944,Peaton,El primer evento no fue una colision con un vehiculo automotor en transporte,T-Intersection,Interseccion de T,Sobre calle,Ninguna,Dia total,Despejado,No,NO APLICA,15,5,15,10,1,11/10/2022,1
25,Massachusetts,250243,0,0,1,0,23,PLYMOUTH (23),1360,WAREHAM,10,Octubre,12,2022,11,31,I-495,1,Interestatal,Urbano,Interestatal,State Highway Agency,1,Sin jurisdiccion especial,99998,41.78486111,-70.73525833,Valla Ferrocarril,El primer evento no fue una colision con un vehiculo automotor en transporte,Not an Intersection,No fue interseccion,Sobre el lado de la calle,Ninguna,Dia total,Despejado,No,NO APLICA,11,23,11,36,1,12/10/2022,1
25,Massachusetts,250244,0,0,1,0,23,PLYMOUTH (23),926,NORWELL,10,Octubre,12,2022,11,40,SR-3,3,Highway estatal,Urbano,Arterial Principal -Freeway o ExpressWay,State Highway Agency,1,Sin jurisdiccion especial,5,42.15758889,-70.868325,Zanja,El primer evento no fue una colision con un vehiculo automotor en transporte,Not an Intersection,No fue interseccion,Sobre el lado de la calle,Ninguna,Dia total,Despejado,No,NO APLICA,11,49,11,59,1,12/10/2022,1
25,Massachusetts,250245,0,0,2,0,21,NORFOLK (21),847,NEEDHAM,10,Octubre,12,2022,16,25,FOREST ST,8,Otro,Urbano,Colector Mayor,Town or Township Highway Agency,0,Sin jurisdiccion especial,30,42.29333889,-71.25509167,Vehiculo en movimiento,Frente a frente,Not an Intersection,No fue interseccion,Sobre calle,Ninguna,Dia total,Nublado,No,NO APLICA,16,28,16,31,1,12/10/2022,2
25,Massachusetts,250246,0,0,2,0,9,ESSEX (9),35,ANDOVER,10,Octubre,13,2022,7,0,I-495,1,Interestatal,Urbano,Interestatal,State Highway Agency,1,Sin jurisdiccion especial,232,42.66695,-71.19101111,Vehiculo en movimiento,Frente a Detrás,Not an Intersection,No fue interseccion,Sobre calle,Ninguna,Dia total,Despejado,No,NO APLICA,7,4,7,8,1,13/10/2022,2
25,Massachusetts,250247,1,1,1,0,17,MIDDLESEX (17),9997,Other,10,Octubre,13,2022,18,33,SR-2A GREAT RD,3,Highway estatal,Urbano,Arteria Principal,County Highway Agency,1,Sin jurisdiccion especial,855,42.49395,-71.41636944,Peaton,El primer evento no fue una colision con un vehiculo automotor en transporte,Not an Intersection,No fue interseccion,Sobre calle,Ninguna,Oscuro sin iluminacion,lluvia,No,NO APLICA,18,33,18,38,1,13/10/2022,1
25,Massachusetts,250248,0,0,2,0,23,PLYMOUTH (23),685,MARSHFIELD,10,Octubre,13,2022,21,24,SR-3A MAIN ST,3,Highway estatal,Urbano,Arteria Principal,State Highway Agency,1,Sin jurisdiccion especial,326,42.15330833,-70.74293889,Vehiculo en movimiento,Frente a frente,Not an Intersection,No fue interseccion,Sobre calle,Ninguna,Oscuro con iluminacion,lluvia,No,NO APLICA,99,99,99,99,1,13/10/2022,2
25,Massachusetts,250249,0,0,5,0,5,BRISTOL (5),670,MANSFIELD,10,Octubre,15,2022,3,56,I-495,1,Interestatal,Urbano,Interestatal,State Highway Agency,1,Sin jurisdiccion especial,298,42.00039167,-71.209375,Vehiculo en movimiento,Frente a Detrás,Not an Intersection,No fue interseccion,Sobre calle,Ninguna,Oscuro sin iluminacion,Despejado,No,NO APLICA,3,54,4,2,2,15/10/2022,5
25,Massachusetts,250250,0,0,1,0,5,BRISTOL (5),1268,SWANSEA,10,Octubre,16,2022,0,24,US-6 GAR HWY,2,US Highway,Urbano,Arteria Menor,State Highway Agency,0,Sin jurisdiccion especial,1127,41.758775,-71.24962222,Arbol,El primer evento no fue una colision con un vehiculo automotor en transporte,Not an Intersection,No fue interseccion,Sobre el lado de la calle,Ninguna,Oscuro sin iluminacion,Despejado,No,NO APLICA,0,20,0,33,1,16/10/2022,1
25,Massachusetts,250251,0,0,1,0,9,ESSEX (9),100,BEVERLY,10,Octubre,16,2022,1,47,MCCKAY ST,8,Otro,Rural,Arteria Menor,City or Municipal Highway Agency,0,Sin jurisdiccion especial,1,42.55906389,-70.88916389,Poste,El primer evento no fue una colision con un vehiculo automotor en transporte,Not an Intersection,No fue interseccion,Sobre el lado de la calle,Ninguna,Oscuro con iluminacion,Despejado,No,NO APLICA,1,48,1,52,1,16/10/2022,1
25,Massachusetts,250252,0,0,2,0,9,ESSEX (9),650,LYNN,10,Octubre,16,2022,1,48,SR-107 WESTERN AVE,3,Highway estatal,Rural,Arteria Principal,State Highway Agency,1,Sin jurisdiccion especial,47,42.45961944,-70.96899167,Vehiculo en movimiento,Frente a frente,Not an Intersection,No fue interseccion,Sobre calle,Ninguna,Oscuro con iluminacion,Despejado,No,NO APLICA,1,49,1,55,1,16/10/2022,3
25,Massachusetts,250253,0,0,1,0,23,PLYMOUTH (23),1360,WAREHAM,10,Octubre,17,2022,22,54,I-495,1,Interestatal,Urbano,Interestatal,State Highway Agency,1,Sin jurisdiccion especial,1191,41.79581944,-70.75446944,Arbol,El primer evento no fue una colision con un vehiculo automotor en transporte,Not an Intersection,No fue interseccion,En el medio,Ninguna,Oscuro sin iluminacion,lluvia,No,NO APLICA,23,5,23,14,1,17/10/2022,1
25,Massachusetts,250254,1,1,1,0,13,HAMPDEN (13),830,MONSON,10,Octubre,20,2022,19,1,SR-32 HIGH ST,3,Highway estatal,Rural,Arteria Principal,State Highway Agency,1,Sin jurisdiccion especial,99998,42.10278889,-72.31922778,Peaton,El primer evento no fue una colision con un vehiculo automotor en transporte,T-Intersection,Interseccion de T,Sobre calle,Ninguna,Oscuro - iluminacion desconocida,Despejado,No,NO APLICA,19,4,19,6,1,20/10/2022,1
25,Massachusetts,250255,0,0,1,0,17,MIDDLESEX (17),1490,WILMINGTON,10,Octubre,21,2022,21,37,I-93,1,Interestatal,Urbano,Interestatal,State Highway Agency,1,Sin jurisdiccion especial,99998,42.40820278,-71.10110556,Volcadura,El primer evento no fue una colision con un vehiculo automotor en transporte,Not an Intersection,No fue interseccion,Sobre calle,Ninguna,Oscuro sin iluminacion,Despejado,No,NO APLICA,21,34,21,43,1,21/10/2022,1
25,Massachusetts,250256,0,0,2,0,27,WORCESTER (27),1320,UXBRIDGE,10,Octubre,21,2022,22,19,SR-146,3,Highway estatal,Urbano,Arterial Principal -Freeway o ExpressWay,State Highway Agency,1,Sin jurisdiccion especial,5,42.01768889,-71.5945,Vehiculo en movimiento,Frente a frente,Not an Intersection,No fue interseccion,Sobre calle,Ninguna,Oscuro sin iluminacion,Despejado,No,NO APLICA,22,22,22,29,1,21/10/2022,2
25,Massachusetts,250257,1,1,2,0,25,SUFFOLK (25),120,BOSTON,10,Octubre,22,2022,21,41,I-93,1,Interestatal,Urbano,Interestatal,State Highway Agency,1,Sin jurisdiccion especial,148,42.32831111,-71.05928611,Peaton,El primer evento no fue una colision con un vehiculo automotor en transporte,Not an Intersection,No fue interseccion,Sobre calle,Ninguna,Oscuro con iluminacion,Despejado,No,NO APLICA,21,41,21,52,1,22/10/2022,3
25,Massachusetts,250258,0,0,2,0,17,MIDDLESEX (17),195,CHELMSFORD,10,Octubre,22,2022,23,44,I-495,1,Interestatal,Urbano,Interestatal,State Highway Agency,1,Sin jurisdiccion especial,99998,77.7777,777.7777,Vehiculo en movimiento,Golpe Lateral - misma direccion,Not an Intersection,No fue interseccion,Sobre calle,Ninguna,Oscuro - iluminacion desconocida,Despejado,No,NO APLICA,23,43,23,53,1,22/10/2022,2
25,Massachusetts,250259,1,1,1,0,17,MIDDLESEX (17),720,MEDFORD,10,Octubre,23,2022,18,50,MIDDLESEX AVE,8,Otro,Urbano,Arteria Menor,State Highway Agency,0,Sin jurisdiccion especial,7,42.41456389,-71.07943611,Peaton,El primer evento no fue una colision con un vehiculo automotor en transporte,Not an Intersection,No fue interseccion,Sobre calle,Ninguna,Oscuro con iluminacion,lluvia,No,NO APLICA,18,50,18,54,1,23/10/2022,1
25,Massachusetts,250260,0,0,2,0,3,BERKSHIRE (3),1145,SHEFFIELD,10,Octubre,25,2022,5,33,US-7 S MAIN ST,2,US Highway,Rural,Arteria Principal,State Highway Agency,1,Sin jurisdiccion especial,26,42.08386389,-73.33990833,Vehiculo en movimiento,Frente a frente,Not an Intersection,No fue interseccion,Sobre calle,Ninguna,Dia total,lluvia,No,NO APLICA,5,35,5,44,3,25/10/2022,8
25,Massachusetts,250261,0,0,2,0,1,BARNSTABLE (1),973,"OTIS ANGB, BARNSTABLE",10,Octubre,26,2022,16,14,PHINNEYS LN,8,Otro,Urbano,Arteria Menor,Town or Township Highway Agency,0,Sin jurisdiccion especial,17,41.67234722,-70.31624444,Vehiculo en movimiento,Angulo,Four-Way Intersection,Interseccion de 4 direcciones,Sobre calle,Ninguna,Dia total,lluvia,No,NO APLICA,16,16,16,21,1,26/10/2022,2
25,Massachusetts,250262,1,1,1,0,13,HAMPDEN (13),292,EAST LONGMEADOW,10,Octubre,27,2022,18,19,SR-83 N MAIN ST,3,Highway estatal,Urbano,Arteria Principal,Town or Township Highway Agency,1,Sin jurisdiccion especial,38,42.06886111,-72.5154,Ciclista,El primer evento no fue una colision con un vehiculo automotor en transporte,Not an Intersection,No fue interseccion,Sobre calle,Ninguna,Oscuro con iluminacion,Despejado,No,NO APLICA,18,23,18,25,1,27/10/2022,1
25,Massachusetts,250264,0,0,1,0,13,HAMPDEN (13),15,SPRINGFIELD,10,Octubre,29,2022,2,55,SOUTH ST,8,Otro,Urbano,Colector Mayor,Town or Township Highway Agency,0,Sin jurisdiccion especial,31,42.04336111,-72.62713056,Poste,El primer evento no fue una colision con un vehiculo automotor en transporte,Not an Intersection,No fue interseccion,Sobre el lado de la calle,Ninguna,Oscuro con iluminacion,Nublado,No,NO APLICA,2,59,3,3,1,29/10/2022,1
25,Massachusetts,250265,1,1,1,0,13,HAMPDEN (13),210,CHICOPEE,10,Octubre,29,2022,18,16,SPRINGFIELD ST,8,Otro,Urbano,Arteria Menor,City or Municipal Highway Agency,0,Sin jurisdiccion especial,16,42.13859444,-72.60171389,Peaton,El primer evento no fue una colision con un vehiculo automotor en transporte,Not an Intersection,No fue interseccion,Sobre calle,Ninguna,Oscuro con iluminacion,Nublado,No,NO APLICA,18,19,18,27,1,29/10/2022,2
25,Massachusetts,250266,1,1,1,0,27,WORCESTER (27),1172,SHREWSBURY,10,Octubre,29,2022,22,8,SR-9 BOSTON TPKE,3,Highway estatal,Urbano,Arteria Principal,State Highway Agency,1,Sin jurisdiccion especial,1022,42.27722778,-71.69749444,Peaton,El primer evento no fue una colision con un vehiculo automotor en transporte,Four-Way Intersection,Interseccion de 4 direcciones,Sobre calle,Ninguna,Oscuro - iluminacion desconocida,Despejado,No,NO APLICA,22,8,22,20,1,29/10/2022,2
25,Massachusetts,250267,0,0,1,0,5,BRISTOL (5),320,FALL RIVER,10,Octubre,30,2022,16,25,ROBESON ST,8,Otro,Urbano,Arteria Menor,City or Municipal Highway Agency,0,Sin jurisdiccion especial,24,41.726525,-71.13306944,Banqueta,El primer evento no fue una colision con un vehiculo automotor en transporte,Not an Intersection,No fue interseccion,Sobre el lado de la calle,Ninguna,Dia total,Nublado,No,NO APLICA,17,35,17,38,1,30/10/2022,1
25,Massachusetts,250268,0,0,2,0,17,MIDDLESEX (17),5,BARNSTABLE,10,Octubre,31,2022,12,4,SR-119/2A GREAT RD,3,Highway estatal,Urbano,Arteria Principal,State Highway Agency,1,Sin jurisdiccion especial,344,42.48110833,-71.41510833,Vehiculo en movimiento,Angulo,Not an Intersection,No fue interseccion,Sobre calle,Ninguna,Dia total,Despejado,No,NO APLICA,12,4,12,8,1,31/10/2022,2
25,Massachusetts,250269,0,0,2,1,23,PLYMOUTH (23),2,ABINGTON,8,Agosto,26,2022,5,54,WASHINGTON ST,8,Otro,Urbano,Colector Mayor,Town or Township Highway Agency,0,Sin jurisdiccion especial,11,42.12239444,-70.94774167,Poste,El primer evento no fue una colision con un vehiculo automotor en transporte,Not an Intersection,No fue interseccion,Sobre el lado de la calle,Ninguna,Oscuro con iluminacion,Despejado,No,NO APLICA,5,54,6,3,1,26/08/2022,1
25,Massachusetts,250270,1,1,2,1,5,BRISTOL (5),850,NEW BEDFORD,8,Agosto,20,2022,2,45,SR-140,3,Highway estatal,Urbano,Arterial Principal -Freeway o ExpressWay,State Highway Agency,1,Sin jurisdiccion especial,71,41.72978333,-70.95149167,Vehiculo Aparcado,El primer evento no fue una colision con un vehiculo automotor en transporte,Not an Intersection,No fue interseccion,Sobre Acotamiento,Ninguna,Oscuro sin iluminacion,Despejado,No,NO APLICA,2,36,2,46,1,20/08/2022,1
25,Massachusetts,250271,1,1,1,0,9,ESSEX (9),1125,SAUGUS,8,Agosto,23,2022,22,4,US-1,2,US Highway,Urbano,Arteria Principal,State Highway Agency,1,Sin jurisdiccion especial,307,42.45780833,-71.02400833,Peaton,El primer evento no fue una colision con un vehiculo automotor en transporte,Not an Intersection,No fue interseccion,Sobre calle,Ninguna,Oscuro sin iluminacion,Nublado,No,NO APLICA,21,55,21,59,1,23/08/2022,1
25,Massachusetts,250272,0,0,2,0,9,ESSEX (9),20,AMESBURY,8,Agosto,24,2022,19,55,I-495,1,Interestatal,Urbano,Interestatal,State Highway Agency,1,Sin jurisdiccion especial,1187,42.84619722,-70.91982778,Vehiculo en movimiento,Golpe Lateral - misma direccion,Not an Intersection,No fue interseccion,Sobre calle,Ninguna,Atardecer,Despejado,No,NO APLICA,19,51,20,1,1,24/08/2022,2
25,Massachusetts,250273,0,0,1,0,25,SUFFOLK (25),1070,REVERE,8,Agosto,28,2022,7,21,SR-1A NORTH SHORE RD,3,Highway estatal,Urbano,Arteria Principal,State Highway Agency,1,Sin jurisdiccion especial,552,42.43738611,-70.97028889,Poste,El primer evento no fue una colision con un vehiculo automotor en transporte,Not an Intersection,No fue interseccion,Sobre el lado de la calle,Ninguna,Dia total,Despejado,No,NO APLICA,7,21,7,34,1,28/08/2022,1
25,Massachusetts,250274,1,1,1,0,13,HAMPDEN (13),15,SPRINGFIELD,8,Agosto,27,2022,20,0,CHESTNUT ST,8,Otro,Urbano,Arteria Principal,City or Municipal Highway Agency,1,Sin jurisdiccion especial,99998,42.10973333,-72.59367778,Ciclista,El primer evento no fue una colision con un vehiculo automotor en transporte,T-Intersection,Interseccion de T,Sobre calle,Ninguna,Oscuro con iluminacion,Despejado,No,NO APLICA,20,9,20,15,1,27/08/2022,1
25,Massachusetts,250275,1,1,1,0,27,WORCESTER (27),1520,WORCESTER,8,Agosto,31,2022,5,59,SR-122A PROVIDENCE ST,3,Highway estatal,Urbano,Arteria Menor,City or Municipal Highway Agency,0,Sin jurisdiccion especial,86,42.23747222,-71.79214444,Peaton,El primer evento no fue una colision con un vehiculo automotor en transporte,Not an Intersection,No fue interseccion,Sobre calle,Ninguna,Amanecer,lluvia,No,NO APLICA,6,1,6,4,1,31/08/2022,1
25,Massachusetts,250276,2,2,4,0,23,PLYMOUTH (23),140,BROCKTON,8,Agosto,31,2022,20,18,SR-27 PLEASANT ST,3,Highway estatal,Urbano,Arteria Principal,City or Municipal Highway Agency,1,Sin jurisdiccion especial,191,42.08733889,-71.03,Peaton,El primer evento no fue una colision con un vehiculo automotor en transporte,Not an Intersection,No fue interseccion,Sobre calle,Ninguna,Oscuro con iluminacion,Despejado,No,NO APLICA,20,12,20,28,1,31/08/2022,5
25,Massachusetts,250277,0,0,1,0,17,MIDDLESEX (17),740,MELROSE HIGHLANDS,8,Agosto,9,2022,2,19,LEBANON ST,8,Otro,Urbano,Arteria Menor,City or Municipal Highway Agency,9,Sin jurisdiccion especial,10,42.44741667,-71.05787222,Poste,El primer evento no fue una colision con un vehiculo automotor en transporte,Not an Intersection,No fue interseccion,Sobre el lado de la calle,Ninguna,Oscuro con iluminacion,Nublado,No,NO APLICA,2,20,2,29,1,09/08/2022,1
25,Massachusetts,250278,0,0,2,0,1,BARNSTABLE (1),330,FALMOUTH,8,Agosto,24,2022,16,8,SR-28A SB CHAPOQUIOIT RD,3,Highway estatal,Urbano,Arteria Menor,County Highway Agency,9,Sin jurisdiccion especial,99998,41.59939167,-70.63679444,Vehiculo en movimiento,Frente a frente,T-Intersection,Interseccion de T,Sobre calle,Ninguna,Dia total,Despejado,No,NO APLICA,16,8,16,15,1,24/08/2022,2
25,Massachusetts,250279,0,0,2,0,25,SUFFOLK (25),1070,REVERE,8,Agosto,3,2022,22,18,BEACH ST,8,Otro,Urbano,Arteria Principal,State Highway Agency,0,Sin jurisdiccion especial,99998,42.40653889,-71.01454444,Vehiculo en movimiento,Angulo,Four-Way Intersection,Interseccion de 4 direcciones,Sobre calle,Ninguna,Oscuro con iluminacion,Despejado,No,NO APLICA,22,18,22,22,1,03/08/2022,2
25,Massachusetts,250280,0,0,2,0,21,NORFOLK (21),9997,Other,8,Agosto,22,2022,9,13,HAYWARD ST,8,Otro,Urbano,Arteria Menor,City or Municipal Highway Agency,0,Sin jurisdiccion especial,0,42.22827778,-70.98778889,Vehiculo en movimiento,Frente a Detrás,Four-Way Intersection,Interseccion de 4 direcciones,Sobre calle,Ninguna,Dia total,No reportado,No,NO APLICA,9,13,9,17,1,22/08/2022,5
25,Massachusetts,250281,0,0,4,0,9,ESSEX (9),860,NEWBURYPORT,8,Agosto,24,2022,22,13,I-95,1,Interestatal,Urbano,Interestatal,State Highway Agency,1,Sin jurisdiccion especial,854,42.81179167,-70.91463611,Vehiculo en movimiento,No reportado,Not an Intersection,No fue interseccion,Sobre calle,Ninguna,Oscuro sin iluminacion,Despejado,No,NO APLICA,22,18,22,26,1,24/08/2022,4
25,Massachusetts,250282,0,0,1,0,13,HAMPDEN (13),114,BLANDFORD,11,Noviembre,1,2022,7,47,BEECH HILL RD,8,Otro,Rural,Colector Menor,Town or Township Highway Agency,0,Sin jurisdiccion especial,76,42.15913611,-72.947475,Acotamiento,El primer evento no fue una colision con un vehiculo automotor en transporte,Not an Intersection,No fue interseccion,Sobre el lado de la calle,Ninguna,Oscuro sin iluminacion,lluvia,No,NO APLICA,11,11,11,19,1,01/11/2022,1
25,Massachusetts,250283,0,0,3,0,21,NORFOLK (21),380,FRANKLIN,11,Noviembre,1,2022,15,23,SR-140 W CENTRAL ST,3,Highway estatal,Urbano,Arteria Principal,Town or Township Highway Agency,1,Sin jurisdiccion especial,479,42.08355,-71.40332222,Vehiculo en movimiento,Frente a Detrás,Four-Way Intersection,Interseccion de 4 direcciones,Sobre calle,Ninguna,Dia total,Despejado,No,NO APLICA,15,23,15,28,1,01/11/2022,4
25,Massachusetts,250284,0,0,3,0,23,PLYMOUTH (23),181,CARVER,11,Noviembre,2,2022,17,32,US-44,2,US Highway,Urbano,Arterial Principal -Freeway o ExpressWay,State Highway Agency,1,Sin jurisdiccion especial,91,41.92393611,-70.81446667,Vehiculo en movimiento,Frente a Detrás,Not an Intersection,No fue interseccion,Sobre calle,Ninguna,Atardecer,Despejado,No,NO APLICA,17,36,17,41,1,02/11/2022,5
25,Massachusetts,250285,0,0,4,0,23,PLYMOUTH (23),264,DUXBURY,1,Enero,2,2022,22,21,SR-3,3,Highway estatal,Urbano,Arterial Principal -Freeway o ExpressWay,State Highway Agency,1,Sin jurisdiccion especial,221,42.05340556,-70.72447778,Valla Ferrocarril,El primer evento no fue una colision con un vehiculo automotor en transporte,Not an Intersection,No fue interseccion,En el medio,Ninguna,Oscuro sin iluminacion,Despejado,No,NO APLICA,22,17,22,24,1,02/01/2022,4