Estado,Nombre de Estado,Numero de Caso,Peatones,Personas _no_vehiculos,Vehiculos automotores,Vehiculos estacionados,Condado,Nombre Condado,Ciudad,Nombre Ciudad,Mes,Nombre Mes,Dia,Año,Hora,Minuto,Calle,Ruta,Nombre Ruta,Rural o Urbanoo,Sistema Funcional,Dueño Calle,Sistema Nacional Carreteras,Jurisdiccion Especial,Milla,Latitud,Longitud,Causa del Accidente,Tipo de Accidente,Tipo Interseccion,Columna1,Lugar en la calle,Zona de Trabajo,Luz,Clima,Autobus Escolar,Cruce de Trenes,Hora Notificacion,Minuto Notificacion,Hora Llegada,Minuto Llegada,Decesos,Fecha,PersonaVehiculo
25,Massachusetts,250286,0,0,2,0,23,PLYMOUTH (23),1400,WEST BRIDGEWATER,11,Noviembre,3,2022,13,7,SR-24,3,Highway estatal,Urbano,Arterial Principal -Freeway o ExpressWay,State Highway Agency,1,Sin jurisdiccion especial,139,42.01100833,-71.04199167,Vehiculo en movimiento,Golpe Lateral - misma direccion,Not an Intersection,No fue interseccion,Sobre calle,Ninguna,Dia total,Despejado,No,NO APLICA,99,99,99,99,1,03/11/2022,2
25,Massachusetts,250287,0,0,1,0,23,PLYMOUTH (23),140,BROCKTON,11,Noviembre,4,2022,16,21,NONE,8,Otro,Trafficway Not in State Inventory,Via no en inventario estatal,Trafficway Not in State Inventory,0,Sin jurisdiccion especial,0,42.08302222,-70.99429167,Volcadura,El primer evento no fue una colision con un vehiculo automotor en transporte,T-Intersection,Interseccion de T,Sobre calle,Ninguna,Dia total,Despejado,No,NO APLICA,17,36,17,36,1,04/11/2022,3
25,Massachusetts,250288,0,0,1,0,5,BRISTOL (5),1268,SWANSEA,11,Noviembre,4,2022,23,21,MARVEL ST,8,Otro,Urbano,Colector Mayor,Town or Township Highway Agency,0,Sin jurisdiccion especial,18,41.77590556,-71.15921944,Hidrante,El primer evento no fue una colision con un vehiculo automotor en transporte,Not an Intersection,No fue interseccion,Sobre el lado de la calle,Ninguna,Oscuro con iluminacion,Neblina o Humo,No,NO APLICA,23,38,23,45,1,04/11/2022,2
25,Massachusetts,250289,0,0,1,0,23,PLYMOUTH (23),140,BROCKTON,11,Noviembre,6,2022,1,11,SR-27 PLEASANT ST,3,Highway estatal,Urbano,Arteria Principal,City or Municipal Highway Agency,1,Sin jurisdiccion especial,191,42.08719722,-71.02920556,Arbol,El primer evento no fue una colision con un vehiculo automotor en transporte,Not an Intersection,No fue interseccion,Sobre el lado de la calle,Ninguna,Oscuro con iluminacion,Despejado,No,NO APLICA,1,16,1,17,1,06/11/2022,1
25,Massachusetts,250290,0,0,2,0,17,MIDDLESEX (17),157,BURLINGTON,11,Noviembre,6,2022,12,47,MIDDLESEX TPKE,8,Otro,Urbano,Local,Town or Township Highway Agency,0,Sin jurisdiccion especial,39,42.49669167,-71.22893333,Alguien se cayo/avento del vehiculo,El primer evento no fue una colision con un vehiculo automotor en transporte,Not an Intersection,No fue interseccion,Sobre calle,Ninguna,Dia total,Despejado,No,NO APLICA,12,47,12,48,1,06/11/2022,2
25,Massachusetts,250291,0,0,4,0,17,MIDDLESEX (17),90,BEDFORD,11,Noviembre,7,2022,9,0,US-3,2,US Highway,Urbano,Arterial Principal -Freeway o ExpressWay,State Highway Agency,1,Sin jurisdiccion especial,189,42.49736111,-71.23887222,Vehiculo en movimiento,Golpe Lateral - misma direccion,Not an Intersection,No fue interseccion,Sobre calle,Ninguna,Dia total,Despejado,No,NO APLICA,9,3,9,10,1,07/11/2022,4
25,Massachusetts,250292,0,0,2,0,5,BRISTOL (5),1280,TOWN OF DIGHTON,11,Noviembre,7,2022,14,13,KINGMAN ST,8,Otro,Urbano,Local,City or Municipal Highway Agency,0,Sin jurisdiccion especial,99998,41.85740278,-70.99881111,Vehiculo en movimiento,Angulo,Not an Intersection,No fue interseccion,Sobre calle,Ninguna,Dia total,Despejado,No,NO APLICA,14,13,14,25,1,07/11/2022,2
25,Massachusetts,250293,1,1,1,0,17,MIDDLESEX (17),375,FRAMINGHAM,11,Noviembre,10,2022,6,0,FRANKLIN ST,8,Otro,Urbano,Colector Mayor,Town or Township Highway Agency,0,Sin jurisdiccion especial,2,42.27913611,-71.41826111,Peaton,El primer evento no fue una colision con un vehiculo automotor en transporte,Not an Intersection,No fue interseccion,Sobre calle,Ninguna,Amanecer,Despejado,No,NO APLICA,6,6,6,7,1,10/11/2022,1
25,Massachusetts,250294,0,0,2,0,17,MIDDLESEX (17),375,FRAMINGHAM,11,Noviembre,11,2022,1,37,I-90 RAMP,1,Interestatal,Urbano,Interestatal,State Highway Agency,1,Sin jurisdiccion especial,234,42.31217778,-71.42657222,Vehiculo en movimiento,Frente a Detrás,Not an Intersection,No fue interseccion,Sobre calle,Ninguna,Oscuro con iluminacion,Despejado,No,NO APLICA,1,38,1,45,1,11/11/2022,2
25,Massachusetts,250295,0,0,1,0,27,WORCESTER (27),390,GARDNER,11,Noviembre,11,2022,8,37,SR-101 PEARL ST,3,Highway estatal,Urbano,Arteria Menor,City or Municipal Highway Agency,0,Sin jurisdiccion especial,149,42.59825278,-71.95925556,Acotamiento,El primer evento no fue una colision con un vehiculo automotor en transporte,Not an Intersection,No fue interseccion,Sobre el lado de la calle,Ninguna,Dia total,Nublado,No,NO APLICA,8,39,8,43,1,11/11/2022,1
25,Massachusetts,250296,0,0,2,1,21,NORFOLK (21),256,DEDHAM,11,Noviembre,11,2022,15,29,MILTON ST,8,Otro,Urbano,Arteria Principal,Town or Township Highway Agency,1,Sin jurisdiccion especial,32,42.244825,-71.15133056,Vehiculo Aparcado,El primer evento no fue una colision con un vehiculo automotor en transporte,Not an Intersection,No fue interseccion,Sobre Acotamiento,Ninguna,Dia total,Nublado,No,NO APLICA,15,31,15,35,1,11/11/2022,1
25,Massachusetts,250297,2,2,1,0,21,NORFOLK (21),1060,QUINCY,11,Noviembre,11,2022,22,21,SR-3A SOUTHERN ARTERY,3,Highway estatal,Urbano,Arteria Principal,City or Municipal Highway Agency,1,Sin jurisdiccion especial,497,42.25412222,-70.99518056,Peaton,El primer evento no fue una colision con un vehiculo automotor en transporte,"Five Point, or More",5 Puntos o mas,Sobre calle,Ninguna,Oscuro con iluminacion,lluvia,No,NO APLICA,22,22,22,25,1,11/11/2022,1
25,Massachusetts,250298,0,0,1,0,17,MIDDLESEX (17),195,CHELMSFORD,11,Noviembre,12,2022,5,26,I-495,1,Interestatal,Urbano,Interestatal,State Highway Agency,1,Sin jurisdiccion especial,856,42.58663333,-71.38560833,Volcadura,El primer evento no fue una colision con un vehiculo automotor en transporte,Not an Intersection,No fue interseccion,Sobre el lado de la calle,Ninguna,Oscuro sin iluminacion,lluvia,No,NO APLICA,5,14,5,25,1,12/11/2022,1
25,Massachusetts,250299,1,1,1,0,17,MIDDLESEX (17),1305,TYNGSBORO,11,Noviembre,17,2022,4,59,US-3,2,US Highway,Urbano,Arterial Principal -Freeway o ExpressWay,State Highway Agency,1,Sin jurisdiccion especial,904,42.69180833,-71.44456667,Peaton,El primer evento no fue una colision con un vehiculo automotor en transporte,Not an Intersection,No fue interseccion,Sobre Acotamiento,Ninguna,Oscuro sin iluminacion,Despejado,No,NO APLICA,4,53,4,55,1,17/11/2022,1
25,Massachusetts,250300,0,0,2,0,11,FRANKLIN (11),450,GREENFIELD,11,Noviembre,17,2022,7,1,SR-2,3,Highway estatal,Rural,Arteria Principal,State Highway Agency,1,Sin jurisdiccion especial,471,42.58976667,-72.63110556,Vehiculo en movimiento,Angulo,Not an Intersection,No fue interseccion,Sobre calle,Ninguna,Dia total,Despejado,No,NO APLICA,7,4,7,7,1,17/11/2022,2
25,Massachusetts,250301,0,0,2,0,27,WORCESTER (27),390,GARDNER,11,Noviembre,17,2022,14,26,SR-140,3,Highway estatal,Urbano,Arteria Principal,City or Municipal Highway Agency,1,Sin jurisdiccion especial,1029,42.61086111,-71.99861111,Vehiculo en movimiento,Frente a frente,Not an Intersection,No fue interseccion,Sobre calle,Ninguna,Dia total,Nublado,No,NO APLICA,14,28,14,36,1,17/11/2022,2
25,Massachusetts,250302,0,0,1,0,17,MIDDLESEX (17),1340,WALTHAM,11,Noviembre,19,2022,22,31,SOUTH ST,8,Otro,Urbano,Arteria Menor,City or Municipal Highway Agency,0,Sin jurisdiccion especial,8,42.35460556,-71.263175,Banqueta,El primer evento no fue una colision con un vehiculo automotor en transporte,Not an Intersection,No fue interseccion,Sobre el lado de la calle,Ninguna,Oscuro con iluminacion,Despejado,No,NO APLICA,22,53,23,12,1,19/11/2022,31
25,Massachusetts,250303,0,0,2,0,27,WORCESTER (27),117,BOLTON,11,Noviembre,21,2022,10,35,I-495,1,Interestatal,Urbano,Interestatal,State Highway Agency,1,Sin jurisdiccion especial,699,42.43135278,-71.59221667,Vehiculo en movimiento,Angulo,Not an Intersection,No fue interseccion,Sobre calle,Ninguna,Dia total,Despejado,No,NO APLICA,10,37,10,49,1,21/11/2022,2
25,Massachusetts,250304,23,23,1,0,23,PLYMOUTH (23),475,HINGHAM,11,Noviembre,21,2022,10,45,NONE,8,Otro,Trafficway Not in State Inventory,Via no en inventario estatal,Trafficway Not in State Inventory,0,Sin jurisdiccion especial,0,42.17608333,-70.91012778,Banqueta,El primer evento no fue una colision con un vehiculo automotor en transporte,T-Intersection,Interseccion de T,Sobre el lado de la calle,Ninguna,Dia total,Despejado,No,NO APLICA,10,45,10,50,1,21/11/2022,1
25,Massachusetts,250305,1,1,1,0,23,PLYMOUTH (23),140,BROCKTON,11,Noviembre,21,2022,19,16,FOREST RD,8,Otro,Urbano,Colector Mayor,City or Municipal Highway Agency,0,Sin jurisdiccion especial,11,42.07306111,-71.0287,Peaton,El primer evento no fue una colision con un vehiculo automotor en transporte,Not an Intersection,No fue interseccion,Sobre calle,Ninguna,Oscuro con iluminacion,Despejado,No,NO APLICA,19,18,19,23,1,21/11/2022,1
25,Massachusetts,250306,0,0,2,0,21,NORFOLK (21),9997,Other,11,Noviembre,22,2022,13,56,SR-37 GRANITE ST,3,Highway estatal,Urbano,Arteria Principal,State Highway Agency,1,Sin jurisdiccion especial,85,42.21600278,-71.023075,Vehiculo en movimiento,Frente a frente,T-Intersection,Interseccion de T,Sobre calle,Ninguna,Dia total,Despejado,No,NO APLICA,14,6,14,8,1,22/11/2022,3
25,Massachusetts,250307,0,0,1,0,5,BRISTOL (5),9997,Other,11,Noviembre,24,2022,2,7,I-195,1,Interestatal,Urbano,Interestatal,State Highway Agency,1,Sin jurisdiccion especial,236,41.67348333,-71.09013889,Otro objeto (no fijo),El primer evento no fue una colision con un vehiculo automotor en transporte,Not an Intersection,No fue interseccion,En el medio,Ninguna,Oscuro sin iluminacion,No reportado,No,NO APLICA,2,8,2,23,1,24/11/2022,1
25,Massachusetts,250308,0,0,1,0,13,HAMPDEN (13),210,CHICOPEE,11,Noviembre,24,2022,2,11,SR-116 CENTER ST,3,Highway estatal,Urbano,Arteria Principal,State Highway Agency,1,Sin jurisdiccion especial,4,42.14149722,-72.61191667,Poste,El primer evento no fue una colision con un vehiculo automotor en transporte,Not an Intersection,No fue interseccion,Sobre el lado de la calle,Ninguna,Oscuro con iluminacion,Despejado,No,NO APLICA,2,13,2,21,1,24/11/2022,2
25,Massachusetts,250309,0,0,3,2,5,BRISTOL (5),850,NEW BEDFORD,11,Noviembre,24,2022,19,30,SR-18,3,Highway estatal,Urbano,Arterial Principal -Freeway o ExpressWay,State Highway Agency,1,Sin jurisdiccion especial,11,41.65227778,-70.92809722,Valla Ferrocarril,El primer evento no fue una colision con un vehiculo automotor en transporte,Not an Intersection,No fue interseccion,En el medio,Ninguna,Oscuro con iluminacion,Despejado,No,NO APLICA,19,27,19,32,1,24/11/2022,1
25,Massachusetts,250310,1,1,1,0,21,NORFOLK (21),370,FOXBORO,11,Noviembre,26,2022,10,45,COSASSET ST,8,Otro,Urbano,Arteria Menor,Town or Township Highway Agency,0,Sin jurisdiccion especial,19,42.06301667,-71.21896944,Peaton,El primer evento no fue una colision con un vehiculo automotor en transporte,T-Intersection,Interseccion de T,Sobre calle,Ninguna,Dia total,Despejado,No,NO APLICA,10,45,10,52,1,26/11/2022,1
25,Massachusetts,250311,1,1,1,0,13,HAMPDEN (13),210,CHICOPEE,11,Noviembre,28,2022,17,34,SR-116 CHICOPEE ST,3,Highway estatal,Urbano,Colector Mayor,State Highway Agency,0,Sin jurisdiccion especial,37,42.181675,-72.61520833,Peaton,El primer evento no fue una colision con un vehiculo automotor en transporte,T-Intersection,Interseccion de T,Sobre calle,Ninguna,Oscuro con iluminacion,Despejado,No,NO APLICA,17,38,17,40,1,28/11/2022,2
25,Massachusetts,250312,1,1,1,0,27,WORCESTER (27),1395,WEST BOYLSTON,11,Noviembre,29,2022,19,48,I-190,1,Interestatal,Urbano,Interestatal,State Highway Agency,1,Sin jurisdiccion especial,49,42.34815278,-71.80827222,Peaton,El primer evento no fue una colision con un vehiculo automotor en transporte,Not an Intersection,No fue interseccion,Sobre calle,Ninguna,Oscuro sin iluminacion,Despejado,No,NO APLICA,19,48,19,53,1,29/11/2022,1
25,Massachusetts,250313,1,1,1,0,13,HAMPDEN (13),210,CHICOPEE,11,Noviembre,30,2022,16,55,SR-116 CHICOPEE ST,3,Highway estatal,Urbano,Arteria Menor,State Highway Agency,0,Sin jurisdiccion especial,46,42.19020833,-72.60271111,Peaton,El primer evento no fue una colision con un vehiculo automotor en transporte,Not an Intersection,No fue interseccion,Sobre calle,Ninguna,Oscuro con iluminacion,lluvia,No,NO APLICA,16,59,17,3,1,30/11/2022,1
25,Massachusetts,250314,0,0,3,0,21,NORFOLK (21),1451,WESTWOOD,1,Enero,18,2022,13,53,I-95,1,Interestatal,Urbano,Interestatal,State Highway Agency,1,Sin jurisdiccion especial,628,42.21463056,-71.15294722,Vehiculo en movimiento,Golpe Lateral - misma direccion,Not an Intersection,No fue interseccion,Sobre calle,Ninguna,Dia total,Despejado,No,NO APLICA,13,53,14,5,1,18/01/2022,3
25,Massachusetts,250315,0,0,1,0,5,BRISTOL (5),251,RUSSELLS MILLS,1,Enero,21,2022,1,45,I-195,1,Interestatal,Urbano,Interestatal,State Highway Agency,1,Sin jurisdiccion especial,195,41.65622222,-71.01623889,Valla Ferrocarril,El primer evento no fue una colision con un vehiculo automotor en transporte,Not an Intersection,No fue interseccion,Sobre el lado de la calle,Ninguna,Oscuro sin iluminacion,Despejado,No,NO APLICA,1,48,2,4,1,21/01/2022,1
25,Massachusetts,250316,0,0,4,0,25,SUFFOLK (25),120,BOSTON,1,Enero,29,2022,2,31,I-93,1,Interestatal,Urbano,Interestatal,State Highway Agency,1,Sin jurisdiccion especial,134,42.30838056,-71.0537,Vehiculo en movimiento,Frente a frente,Not an Intersection,No fue interseccion,Sobre calle,Ninguna,Oscuro sin iluminacion,Nieve,No,NO APLICA,2,31,2,43,1,29/01/2022,7
25,Massachusetts,250317,0,0,2,0,27,WORCESTER (27),1520,WORCESTER,12,Diciembre,3,2022,0,20,SR-122 GRAFTON ST,3,Highway estatal,Urbano,Arteria Principal,City or Municipal Highway Agency,0,Sin jurisdiccion especial,233,42.24394167,-71.75699722,Banqueta,El primer evento no fue una colision con un vehiculo automotor en transporte,Not an Intersection,No fue interseccion,Sobre el lado de la calle,Ninguna,Oscuro con iluminacion,Nublado,No,NO APLICA,0,24,0,25,2,03/12/2022,7
25,Massachusetts,250318,0,0,1,0,27,WORCESTER (27),55,AUBURN,12,Diciembre,5,2022,17,48,I-395,1,Interestatal,Urbano,Interestatal,State Highway Agency,1,Sin jurisdiccion especial,16,42.16821111,-71.84441944,Arbol,El primer evento no fue una colision con un vehiculo automotor en transporte,Not an Intersection,No fue interseccion,En el medio,Ninguna,Oscuro sin iluminacion,Despejado,No,NO APLICA,17,49,17,53,1,05/12/2022,1
25,Massachusetts,250319,0,0,2,0,23,PLYMOUTH (23),264,DUXBURY,12,Diciembre,6,2022,21,5,SR-3,3,Highway estatal,Urbano,Arterial Principal -Freeway o ExpressWay,State Highway Agency,1,Sin jurisdiccion especial,721,42.01246111,-70.72662222,Vehiculo en movimiento,Frente a frente,Not an Intersection,No fue interseccion,Sobre calle,Ninguna,Oscuro sin iluminacion,lluvia,No,NO APLICA,21,11,21,19,1,06/12/2022,2
25,Massachusetts,250320,0,0,1,0,5,BRISTOL (5),1062,RAYNHAM CENTER,12,Diciembre,7,2022,2,16,US-44 NEW STATE HWY,2,US Highway,Urbano,Arteria Principal,State Highway Agency,1,Sin jurisdiccion especial,174,41.905675,-71.0357,Soporte de  señalamiento de transito,El primer evento no fue una colision con un vehiculo automotor en transporte,Y-Intersection,Interseccion de Y,Sobre el lado de la calle,Ninguna,Oscuro con iluminacion,lluvia,No,NO APLICA,2,20,2,23,1,07/12/2022,5
25,Massachusetts,250321,0,0,2,0,9,ESSEX (9),35,ANDOVER,12,Diciembre,7,2022,3,13,I-93,1,Interestatal,Urbano,Interestatal,State Highway Agency,1,Sin jurisdiccion especial,82,42.63016667,-71.17960833,Vehiculo en movimiento,Golpe Lateral - misma direccion,Not an Intersection,No fue interseccion,Sobre calle,Ninguna,Oscuro sin iluminacion,lluvia,No,NO APLICA,3,9,3,17,1,07/12/2022,2
25,Massachusetts,250322,0,0,3,0,27,WORCESTER (27),186,CHARLTON CITY,12,Diciembre,7,2022,11,27,US-20 WORCESTER RD,2,US Highway,Urbano,Arteria Principal,State Highway Agency,1,Sin jurisdiccion especial,1025,42.14700278,-71.93618056,Vehiculo en movimiento,Frente a frente,Not an Intersection,No fue interseccion,Sobre calle,Ninguna,Dia total,lluvia,No,NO APLICA,11,13,11,17,2,07/12/2022,3
25,Massachusetts,250323,1,1,1,0,13,HAMPDEN (13),210,CHICOPEE,12,Diciembre,8,2022,8,58,MEADOW ST,8,Otro,Urbano,Arteria Menor,City or Municipal Highway Agency,0,Sin jurisdiccion especial,0,42.16147778,-72.613775,Ciclista,El primer evento no fue una colision con un vehiculo automotor en transporte,Not an Intersection,No fue interseccion,Sobre calle,Ninguna,Dia total,Nublado,No,NO APLICA,8,59,9,7,1,08/12/2022,2
25,Massachusetts,250324,0,0,2,0,19,NANTUCKET (19),840,NANTUCKET,12,Diciembre,8,2022,14,42,MILESTONE RD,8,Otro,Urbano,Arteria Menor,State Highway Agency,0,Sin jurisdiccion especial,36,41.26722778,-70.04597778,Vehiculo en movimiento,Angulo,T-Intersection,Interseccion de T,Sobre calle,Ninguna,Dia total,Despejado,No,NO APLICA,14,43,14,46,1,08/12/2022,2
25,Massachusetts,250325,0,0,1,0,21,NORFOLK (21),94,BELLINGHAM,12,Diciembre,8,2022,17,57,I-495,1,Interestatal,Urbano,Interestatal,State Highway Agency,1,Sin jurisdiccion especial,735,42.128875,-71.47596389,Arbol,El primer evento no fue una colision con un vehiculo automotor en transporte,Not an Intersection,No fue interseccion,Sobre el lado de la calle,Ninguna,Oscuro sin iluminacion,Despejado,No,NO APLICA,18,2,18,13,1,08/12/2022,1
25,Massachusetts,250326,1,1,1,0,17,MIDDLESEX (17),1282,TEWKSBURY,12,Diciembre,9,2022,17,8,SR-38 MAIN ST,3,Highway estatal,Urbano,Arteria Principal,State Highway Agency,1,Sin jurisdiccion especial,208,42.62388611,-71.26561389,Peaton,El primer evento no fue una colision con un vehiculo automotor en transporte,Not an Intersection,No fue interseccion,Sobre calle,Ninguna,Atardecer,Despejado,No,NO APLICA,17,10,17,15,1,09/12/2022,1
25,Massachusetts,250328,0,0,2,0,21,NORFOLK (21),370,FOXBORO,12,Diciembre,10,2022,17,0,SR-140 MAIN ST,3,Highway estatal,Urbano,Arteria Menor,State Highway Agency,0,Sin jurisdiccion especial,397,42.07556389,-71.26879722,Vehiculo en movimiento,Frente a frente,T-Intersection,Interseccion de T,Sobre calle,Ninguna,Oscuro sin iluminacion,Nublado,No,NO APLICA,10,45,10,52,1,10/12/2022,2
25,Massachusetts,250329,0,0,1,0,13,HAMPDEN (13),210,CHICOPEE,12,Diciembre,11,2022,1,3,I-391,1,Interestatal,Urbano,Interestatal,State Highway Agency,1,Sin jurisdiccion especial,22,42.16375556,-72.61105833,Arbol,El primer evento no fue una colision con un vehiculo automotor en transporte,Not an Intersection,No fue interseccion,Sobre el lado de la calle,Ninguna,Oscuro con iluminacion,Nublado,No,NO APLICA,1,9,1,11,1,11/12/2022,1
25,Massachusetts,250330,1,1,2,0,25,SUFFOLK (25),120,BOSTON,12,Diciembre,11,2022,2,30,I-93,1,Interestatal,Urbano,Interestatal,State Highway Agency,1,Sin jurisdiccion especial,151,42.33113056,-71.06171944,Vehiculo en movimiento,Golpe Lateral - misma direccion,Not an Intersection,No fue interseccion,Sobre calle,Ninguna,Oscuro con iluminacion,No reportado,No,NO APLICA,2,41,2,50,1,11/12/2022,1
25,Massachusetts,250331,0,0,2,0,9,ESSEX (9),0,NO APLICA,12,Diciembre,11,2022,16,39,I-495,1,Interestatal,Urbano,Interestatal,State Highway Agency,1,Sin jurisdiccion especial,66,42.82471111,-71.00933889,Vehiculo en movimiento,Angulo,Not an Intersection,No fue interseccion,Sobre calle,Ninguna,Oscuro sin iluminacion,Nieve,No,NO APLICA,16,35,16,39,1,11/12/2022,2
25,Massachusetts,250332,1,1,1,0,11,FRANKLIN (11),450,GREENFIELD,12,Diciembre,12,2022,12,48,HARRISON AVE,8,Otro,Urbano,Local,Town or Township Highway Agency,0,Sin jurisdiccion especial,0,42.60679722,-72.58846389,Peaton,El primer evento no fue una colision con un vehiculo automotor en transporte,T-Intersection,Interseccion de T,Sobre calle,Ninguna,Dia total,Despejado,No,NO APLICA,12,51,12,53,1,12/12/2022,1
25,Massachusetts,250334,0,0,1,0,21,NORFOLK (21),1276,STOUGHTON,12,Diciembre,14,2022,4,21,SUMNER ST,8,Otro,Urbano,Arteria Menor,Town or Township Highway Agency,0,Sin jurisdiccion especial,17,42.11193056,-71.08782778,Valla Ferrocarril,El primer evento no fue una colision con un vehiculo automotor en transporte,Not an Intersection,No fue interseccion,Sobre el lado de la calle,Ninguna,Oscuro con iluminacion,Despejado,No,NO APLICA,4,25,4,29,1,14/12/2022,1
25,Massachusetts,250335,1,1,1,0,13,HAMPDEN (13),1270,SPRINGFIELD,12,Diciembre,14,2022,15,42,DWIGHT ST,8,Otro,Urbano,Arteria Principal,City or Municipal Highway Agency,0,Sin jurisdiccion especial,2,42.10843056,-72.59506389,Peaton,El primer evento no fue una colision con un vehiculo automotor en transporte,Four-Way Intersection,Interseccion de 4 direcciones,Sobre calle,Ninguna,Dia total,Despejado,No,NO APLICA,99,99,99,99,1,14/12/2022,1
25,Massachusetts,250336,0,1,2,1,27,WORCESTER (27),186,CHARLTON CITY,12,Diciembre,14,2022,17,8,I-90,1,Interestatal,Urbano,Interestatal,State Highway Agency,1,Sin jurisdiccion especial,522,42.17026111,-71.93278056,Vehiculo Aparcado,El primer evento no fue una colision con un vehiculo automotor en transporte,Not an Intersection,No fue interseccion,Sobre Acotamiento,Ninguna,Oscuro sin iluminacion,Despejado,No,NO APLICA,16,46,17,6,1,14/12/2022,1
25,Massachusetts,250337,0,0,1,0,13,HAMPDEN (13),489,HOLLAND,12,Diciembre,15,2022,16,41,MASHAPAUG RD,8,Otro,Rural,Colector Mayor,Town or Township Highway Agency,0,Sin jurisdiccion especial,23,42.05728889,-72.16093056,Arbol,El primer evento no fue una colision con un vehiculo automotor en transporte,Not an Intersection,No fue interseccion,Sobre el lado de la calle,Ninguna,Oscuro sin iluminacion,Despejado,No,NO APLICA,16,54,16,55,1,15/12/2022,1
25,Massachusetts,250338,0,0,2,0,1,BARNSTABLE (1),973,"OTIS ANGB, BARNSTABLE",12,Diciembre,17,2022,18,23,SR-28 FALMOUTH RD,3,Highway estatal,Urbano,Arteria Principal,State Highway Agency,1,Sin jurisdiccion especial,314,41.65716111,-70.3454,Vehiculo en movimiento,Frente a frente,Not an Intersection,No fue interseccion,Sobre calle,Ninguna,Atardecer,Despejado,No,NO APLICA,18,27,18,31,1,17/12/2022,7
25,Massachusetts,250339,0,0,1,0,23,PLYMOUTH (23),1400,WEST BRIDGEWATER,12,Diciembre,19,2022,17,20,SR-24,3,Highway estatal,Urbano,Arterial Principal -Freeway o ExpressWay,State Highway Agency,1,Sin jurisdiccion especial,125,42.02906389,-71.05074722,Valla Ferrocarril,El primer evento no fue una colision con un vehiculo automotor en transporte,Not an Intersection,No fue interseccion,Sobre el lado de la calle,Ninguna,Oscuro sin iluminacion,Nublado,No,NO APLICA,17,22,17,40,1,19/12/2022,1
25,Massachusetts,250340,1,1,1,0,13,HAMPDEN (13),1446,WEST SPRINGFIELD,12,Diciembre,20,2022,17,34,PIPER RD,8,Otro,Urbano,Arteria Menor,Town or Township Highway Agency,0,Sin jurisdiccion especial,17,42.11701667,-72.63644722,Peaton,El primer evento no fue una colision con un vehiculo automotor en transporte,Not an Intersection,No fue interseccion,Sobre calle,Ninguna,Oscuro con iluminacion,Despejado,No,NO APLICA,17,15,17,40,1,20/12/2022,1
25,Massachusetts,250341,0,0,2,0,17,MIDDLESEX (17),1510,WOBURN,12,Diciembre,22,2022,15,15,US-3 CAMBRIDGE RD,2,US Highway,Urbano,Arteria Principal,State Highway Agency,1,Sin jurisdiccion especial,661,42.46041667,-71.16516111,Vehiculo en movimiento,Angulo,T-Intersection,Interseccion de T,Sobre calle,Ninguna,Dia total,Despejado,No,NO APLICA,15,19,15,20,1,22/12/2022,2
25,Massachusetts,250343,1,1,1,0,27,WORCESTER (27),252,DOUGLAS,12,Diciembre,26,2022,13,27,WEST ST,8,Otro,Urbano,Colector Mayor,Town or Township Highway Agency,0,Sin jurisdiccion especial,52,42.07131111,-71.7348,Peaton,El primer evento no fue una colision con un vehiculo automotor en transporte,Not an Intersection,No fue interseccion,Sobre calle,Ninguna,Dia total,Despejado,No,NO APLICA,13,29,13,34,1,26/12/2022,2
25,Massachusetts,250344,1,1,1,0,21,NORFOLK (21),1140,SHARON,12,Diciembre,26,2022,20,43,SR-27 N MAIN ST,3,Highway estatal,Urbano,Arteria Principal,Town or Township Highway Agency,1,Sin jurisdiccion especial,267,42.137775,-71.15252778,Peaton,El primer evento no fue una colision con un vehiculo automotor en transporte,Not an Intersection,No fue interseccion,Reportado como desconocida,Ninguna,Oscuro con iluminacion,Despejado,No,NO APLICA,20,43,20,45,1,26/12/2022,1
25,Massachusetts,250345,0,0,1,0,27,WORCESTER (27),1013,PHILLIPSTON,12,Diciembre,29,2022,0,57,SR-2A,3,Highway estatal,Rural,Colector Mayor,State Highway Agency,0,Sin jurisdiccion especial,386,42.57866944,-72.17127778,Poste,El primer evento no fue una colision con un vehiculo automotor en transporte,Not an Intersection,No fue interseccion,Sobre el lado de la calle,Ninguna,Oscuro sin iluminacion,Despejado,No,NO APLICA,0,40,0,48,1,29/12/2022,1
25,Massachusetts,250346,0,0,3,0,21,NORFOLK (21),1140,SHARON,12,Diciembre,30,2022,23,0,I-95,1,Interestatal,Urbano,Interestatal,State Highway Agency,1,Sin jurisdiccion especial,726,42.09825,-71.2274,Vehiculo en movimiento,Frente a Detrás,Not an Intersection,No fue interseccion,Sobre calle,Ninguna,Oscuro sin iluminacion,Despejado,No,NO APLICA,23,9,23,20,1,30/12/2022,3
25,Massachusetts,250347,0,0,2,0,13,HAMPDEN (13),1247,SOUTHWICK,12,Diciembre,31,2022,16,49,US-202 COLLEGE HWY,2,US Highway,Urbano,Arteria Principal,State Highway Agency,1,Sin jurisdiccion especial,21,42.02801111,-72.78528056,Vehiculo en movimiento,Frente a frente,Not an Intersection,No fue interseccion,Sobre calle,Ninguna,Oscuro sin iluminacion,lluvia,No,NO APLICA,16,57,17,13,1,31/12/2022,2