Estado,Nombre de Estado,Numero de Caso,Peatones,Personas _no_vehiculos,Vehiculos automotores,Vehiculos estacionados,Condado,Nombre Condado,Ciudad,Nombre Ciudad,Mes,Nombre Mes,Dia,Año,Hora,Minuto,Calle,Ruta,Nombre Ruta,Rural o Urbanoo,Sistema Funcional,Dueño Calle,Sistema Nacional Carreteras,Jurisdiccion Especial,Milla,Latitud,Longitud,Causa del Accidente,Tipo de Accidente,Tipo Interseccion,Columna1,Lugar en la calle,Zona de Trabajo,Luz,Clima,Autobus Escolar,Cruce de Trenes,Hora Notificacion,Minuto Notificacion,Hora Llegada,Minuto Llegada,Decesos,Fecha,PersonaVehiculo
25,Massachusetts,250348,0,0,2,0,13,HAMPDEN (13),15,SPRINGFIELD,12,Diciembre,31,2022,19,3,ARMORY ST,8,Otro,Urbano,Arteria Menor,City or Municipal Highway Agency,0,Sin jurisdiccion especial,8,42.12737222,-72.59675833,Vehiculo en movimiento,Frente a frente,T-Intersection,Interseccion de T,Sobre calle,Ninguna,Oscuro con iluminacion,lluvia,No,NO APLICA,19,4,19,15,1,31/12/2022,5
25,Massachusetts,250349,0,0,3,1,21,NORFOLK (21),1140,SHARON,2,Febrero,1,2022,12,5,US-1,2,US Highway,Urbano,Arteria Principal,State Highway Agency,1,Sin jurisdiccion especial,178,42.12340278,-71.23106111,Vehiculo Aparcado,El primer evento no fue una colision con un vehiculo automotor en transporte,Not an Intersection,No fue interseccion,Sobre Acotamiento,Ninguna,Dia total,Nublado,No,NO APLICA,11,55,12,7,1,01/02/2022,3
25,Massachusetts,250350,0,0,1,0,13,HAMPDEN (13),15,SPRINGFIELD,2,Febrero,16,2022,16,27,BOSTON RD,8,Otro,Urbano,Arteria Principal,City or Municipal Highway Agency,1,Sin jurisdiccion especial,37,42.126875,-72.53183889,Alguien se cayo/avento del vehiculo,El primer evento no fue una colision con un vehiculo automotor en transporte,Not an Intersection,No fue interseccion,Sobre calle,Ninguna,Dia total,Despejado,No,NO APLICA,16,32,16,39,1,16/02/2022,1
25,Massachusetts,250351,0,1,3,1,17,MIDDLESEX (17),1275,STONEHAM,3,Marzo,3,2022,23,46,I-93,1,Interestatal,Urbano,Interestatal,State Highway Agency,1,Sin jurisdiccion especial,264,42.475175,-71.11126389,Vehiculo en movimiento,Angulo,Not an Intersection,No fue interseccion,Sobre calle,Ninguna,Oscuro con iluminacion,Despejado,No,NO APLICA,23,50,23,55,1,03/03/2022,2
25,Massachusetts,250352,1,1,1,0,27,WORCESTER (27),610,LEOMINSTER,4,Abril,11,2022,18,38,NONE,8,Otro,Trafficway Not in State Inventory,Via no en inventario estatal,Trafficway Not in State Inventory,0,Sin jurisdiccion especial,99998,42.49199722,-71.72905278,Peaton,El primer evento no fue una colision con un vehiculo automotor en transporte,Not an Intersection,No fue interseccion,Sobre calle,Ninguna,Dia total,Despejado,No,NO APLICA,18,42,18,45,1,11/04/2022,2
25,Massachusetts,250353,1,1,1,0,13,HAMPDEN (13),1270,SPRINGFIELD,4,Abril,11,2022,20,5,I-291,1,Interestatal,Urbano,Interestatal,State Highway Agency,1,Sin jurisdiccion especial,10,42.11526944,-72.58956111,Peaton,El primer evento no fue una colision con un vehiculo automotor en transporte,Not an Intersection,No fue interseccion,Sobre calle,Ninguna,Oscuro con iluminacion,Nublado,No,NO APLICA,20,5,20,14,1,11/04/2022,1
25,Massachusetts,250354,0,0,1,0,13,HAMPDEN (13),292,EAST LONGMEADOW,4,Abril,17,2022,16,7,MAPLESHADE AVE,8,Otro,Urbano,Colector Mayor,Town or Township Highway Agency,0,Sin jurisdiccion especial,20,42.07521667,-72.50378889,Acotamiento,El primer evento no fue una colision con un vehiculo automotor en transporte,Not an Intersection,No fue interseccion,Sobre el lado de la calle,Ninguna,Dia total,Despejado,No,NO APLICA,16,16,16,20,1,17/04/2022,1
25,Massachusetts,250355,0,0,2,0,13,HAMPDEN (13),636,LUDLOW,5,Mayo,25,2022,11,46,CHAPIN ST,8,Otro,Urbano,Arteria Menor,Town or Township Highway Agency,0,Sin jurisdiccion especial,0,42.16942222,-72.46355,Vehiculo en movimiento,Angulo,T-Intersection,Interseccion de T,Sobre calle,Ninguna,Dia total,Despejado,No,NO APLICA,11,46,11,49,1,25/05/2022,3
25,Massachusetts,250356,0,0,2,0,27,WORCESTER (27),820,MILLVILLE,5,Mayo,29,2022,16,40,CENTRAL ST,8,Otro,Urbano,Arteria Menor,Town or Township Highway Agency,0,Sin jurisdiccion especial,10,42.02728889,-71.58063056,Vehiculo en movimiento,Frente a frente,Four-Way Intersection,Interseccion de 4 direcciones,Sobre calle,Ninguna,Dia total,Despejado,No,NO APLICA,16,25,16,30,1,29/05/2022,2
25,Massachusetts,250357,1,1,1,0,27,WORCESTER (27),1520,WORCESTER,5,Mayo,30,2022,1,50,MAIN ST,8,Otro,Urbano,Arteria Principal,City or Municipal Highway Agency,1,Sin jurisdiccion especial,99998,42.24624167,-71.82979722,No vehiculo o remolque,El primer evento no fue una colision con un vehiculo automotor en transporte,Not an Intersection,No fue interseccion,Sobre calle,Ninguna,Oscuro con iluminacion,Despejado,No,NO APLICA,1,50,1,54,1,30/05/2022,1
25,Massachusetts,250358,0,0,2,0,1,BARNSTABLE (1),293,ORLEANS,5,Mayo,30,2022,14,42,MASSASOIT RD,8,Otro,Urbano,Local,Town or Township Highway Agency,0,Sin jurisdiccion especial,0,41.85058611,-69.98862778,Vehiculo en movimiento,Angulo,T-Intersection,Interseccion de T,Sobre calle,Ninguna,Dia total,Despejado,No,NO APLICA,14,45,14,47,1,30/05/2022,3
25,Massachusetts,250359,0,0,1,0,23,PLYMOUTH (23),1400,WEST BRIDGEWATER,6,Junio,5,2022,10,23,EAST ST,8,Otro,Urbano,Arteria Menor,Town or Township Highway Agency,0,Sin jurisdiccion especial,13,41.9888,-70.91139167,Poste,El primer evento no fue una colision con un vehiculo automotor en transporte,Not an Intersection,No fue interseccion,Sobre el lado de la calle,Ninguna,Dia total,Despejado,No,NO APLICA,10,26,10,28,1,05/06/2022,1
25,Massachusetts,250360,0,0,2,0,17,MIDDLESEX (17),261,DRACUT,6,Junio,7,2022,10,6,BROADWAY RD,8,Otro,Urbano,Arteria Menor,State Highway Agency,0,Sin jurisdiccion especial,0,42.70155,-71.25416111,Vehiculo en movimiento,Angulo,T-Intersection,Interseccion de T,Sobre calle,Ninguna,Dia total,Despejado,No,NO APLICA,10,8,10,17,1,07/06/2022,2
25,Massachusetts,250361,0,0,2,0,13,HAMPDEN (13),292,EAST LONGMEADOW,6,Junio,10,2022,7,7,SR-83 SOMER RD,3,Highway estatal,Urbano,Arteria Principal,Town or Township Highway Agency,1,Sin jurisdiccion especial,0,42.04858889,-72.47780278,Vehiculo en movimiento,Frente a frente,T-Intersection,Interseccion de T,Sobre calle,Ninguna,Dia total,Despejado,No,NO APLICA,7,10,7,13,1,10/06/2022,2
25,Massachusetts,250362,0,0,2,0,1,BARNSTABLE (1),1120,SANDWICH,6,Junio,10,2022,9,48,SR-130,3,Highway estatal,Urbano,Arteria Principal,Town or Township Highway Agency,1,Sin jurisdiccion especial,71,41.71217222,-70.49087222,Vehiculo en movimiento,Angulo,T-Intersection,Interseccion de T,Sobre calle,Ninguna,Dia total,Despejado,No,NO APLICA,9,51,9,53,1,10/06/2022,2
25,Massachusetts,250363,0,0,5,2,25,SUFFOLK (25),120,BOSTON,6,Junio,11,2022,2,8,WASHINGTON ST,8,Otro,Urbano,Arteria Menor,City or Municipal Highway Agency,0,Sin jurisdiccion especial,0,42.29438889,-71.07197222,Vehiculo en movimiento,Golpe Lateral - misma direccion,T-Intersection,Interseccion de T,Sobre calle,Ninguna,Oscuro con iluminacion,Despejado,No,NO APLICA,2,10,2,18,1,11/06/2022,4
25,Massachusetts,250364,0,0,1,0,27,WORCESTER (27),1370,WARREN,6,Junio,11,2022,6,5,I-90 W,1,Interestatal,Urbano,Interestatal,State Highway Agency,1,Sin jurisdiccion especial,99998,42.18203333,-72.22067222,Fin de valla,El primer evento no fue una colision con un vehiculo automotor en transporte,Not an Intersection,No fue interseccion,Sobre el lado de la calle,Ninguna,Dia total,Nublado,No,NO APLICA,6,1,6,5,1,11/06/2022,2
25,Massachusetts,250365,0,0,1,0,21,NORFOLK (21),370,FOXBORO,6,Junio,12,2022,4,45,I-495 SOUTH,1,Interestatal,Urbano,Interestatal,State Highway Agency,1,Sin jurisdiccion especial,99998,42.03268611,-71.25014167,Fin de valla,El primer evento no fue una colision con un vehiculo automotor en transporte,Not an Intersection,No fue interseccion,En el medio,Ninguna,Amanecer,Despejado,No,NO APLICA,4,48,4,57,1,12/06/2022,1
25,Massachusetts,250366,0,0,2,0,13,HAMPDEN (13),1270,SPRINGFIELD,6,Junio,13,2022,20,53,BRECKWOOD BLVD,8,Otro,Urbano,Arteria Menor,City or Municipal Highway Agency,0,Sin jurisdiccion especial,0,42.116825,-72.52421667,Vehiculo en movimiento,Angulo,Not an Intersection,No fue interseccion,Sobre calle,Ninguna,Dia total,Despejado,No,NO APLICA,20,55,21,0,1,13/06/2022,4
25,Massachusetts,250367,0,0,2,0,21,NORFOLK (21),825,MILTON,6,Junio,13,2022,21,20,UNQUITY RD,8,Otro,Urbano,Arteria Menor,Town or Township Highway Agency,0,Sin jurisdiccion especial,0,42.22654167,-71.09440278,Vehiculo en movimiento,Golpe Lateral - misma direccion,Not an Intersection,No fue interseccion,Sobre calle,Ninguna,Oscuro sin iluminacion,Despejado,No,NO APLICA,21,10,21,28,1,13/06/2022,2
25,Massachusetts,250368,0,0,2,0,5,BRISTOL (5),1133,TOWN OF REHOBOTH,6,Junio,13,2022,18,4,US-44 TAUNTON AVE,2,US Highway,Urbano,Arteria Principal,State Highway Agency,1,Sin jurisdiccion especial,99998,41.83201389,-71.30302222,Vehiculo en movimiento,Angulo,Four-Way Intersection,Interseccion de 4 direcciones,Sobre calle,Ninguna,Dia total,Despejado,No,NO APLICA,18,5,18,7,2,13/06/2022,3
25,Massachusetts,250369,1,1,1,0,17,MIDDLESEX (17),1375,WATERTOWN,6,Junio,14,2022,15,13,PLEASANT ST,8,Otro,Urbano,Colector Mayor,Town or Township Highway Agency,9,Sin jurisdiccion especial,0,42.36735833,-71.213525,Ciclista,El primer evento no fue una colision con un vehiculo automotor en transporte,T-Intersection,Interseccion de T,Sobre calle,Ninguna,Dia total,Despejado,No,NO APLICA,15,14,15,26,1,14/06/2022,1
25,Massachusetts,250370,0,0,1,0,27,WORCESTER (27),1095,ROYALSTON,6,Junio,14,2022,22,45,SR-68NB SOUTH ROYALSTON RD,3,Highway estatal,Urbano,Colector Mayor,Town or Township Highway Agency,0,Sin jurisdiccion especial,0,42.65248889,-72.15700556,Poste,El primer evento no fue una colision con un vehiculo automotor en transporte,Not an Intersection,No fue interseccion,Fuera de la calle,Ninguna,Oscuro sin iluminacion,Despejado,No,NO APLICA,22,46,22,55,1,14/06/2022,1
25,Massachusetts,250371,0,0,2,0,23,PLYMOUTH (23),140,BROCKTON,12,Diciembre,9,2022,11,35,N WARREN AVE,8,Otro,Urbano,Colector Mayor,City or Municipal Highway Agency,0,Sin jurisdiccion especial,4,42.09150278,-71.02552222,Vehiculo en movimiento,Angulo,Four-Way Intersection,Interseccion de 4 direcciones,Sobre calle,Ninguna,Dia total,Despejado,No,NO APLICA,11,38,11,42,1,09/12/2022,2
25,Massachusetts,250372,0,0,2,0,17,MIDDLESEX (17),1503,WINCHESTER,11,Noviembre,20,2022,16,23,FOREST ST,8,Otro,Urbano,Arteria Menor,Town or Township Highway Agency,0,Sin jurisdiccion especial,5,42.470725,-71.11725278,Vehiculo en movimiento,Angulo,Not an Intersection,No fue interseccion,Sobre calle,Ninguna,Dia total,Despejado,No,NO APLICA,16,23,16,26,1,20/11/2022,3
25,Massachusetts,250373,0,0,1,0,9,ESSEX (9),1000,PEABODY,7,Julio,3,2022,17,25,HERRICK RD,8,Otro,Urbano,Local,City or Municipal Highway Agency,0,Sin jurisdiccion especial,99999,42.54979444,-71.0179,Banqueta,El primer evento no fue una colision con un vehiculo automotor en transporte,Not an Intersection,No fue interseccion,Sobre el lado de la calle,Ninguna,Dia total,Despejado,No,NO APLICA,17,28,17,39,1,03/07/2022,1
25,Massachusetts,250374,0,0,1,0,27,WORCESTER (27),390,GARDNER,7,Julio,11,2022,6,56,CHESTNUT ST,8,Otro,Urbano,Colector Mayor,City or Municipal Highway Agency,0,Sin jurisdiccion especial,5,42.57584722,-71.98590833,Arbusto,El primer evento no fue una colision con un vehiculo automotor en transporte,Not an Intersection,No fue interseccion,Sobre el lado de la calle,Ninguna,Dia total,Despejado,No,NO APLICA,6,56,7,3,1,11/07/2022,1
25,Massachusetts,250375,1,1,1,0,27,WORCESTER (27),1380,WEBSTER,7,Julio,24,2022,16,7,FIRST ST,8,Otro,Urbano,Local,Town or Township Highway Agency,0,Sin jurisdiccion especial,1,42.04211389,-71.88065278,Ciclista,El primer evento no fue una colision con un vehiculo automotor en transporte,Not an Intersection,No fue interseccion,Sobre calle,Ninguna,Dia total,Despejado,No,NO APLICA,16,8,16,11,1,24/07/2022,1
25,Massachusetts,250376,0,0,2,0,17,MIDDLESEX (17),720,MEDFORD,10,Octubre,18,2022,3,50,I-93 NORTHERN EXPY,1,Interestatal,Urbano,Interestatal,State Highway Agency,1,Sin jurisdiccion especial,244,42.40865278,-71.10179444,Barrera de Trafico de Concreto,El primer evento no fue una colision con un vehiculo automotor en transporte,Not an Intersection,No fue interseccion,En el medio,Ninguna,Oscuro con iluminacion,lluvia,No,NO APLICA,4,12,4,15,1,18/10/2022,4
25,Massachusetts,250377,0,0,2,0,23,PLYMOUTH (23),181,CARVER,6,Junio,17,2022,22,41,SR-58 MAIN ST,3,Highway estatal,Urbano,Arteria Menor,Town or Township Highway Agency,0,Sin jurisdiccion especial,0,41.87253889,-70.75954444,Vehiculo en movimiento,Frente a frente,Not an Intersection,No fue interseccion,Sobre calle,Ninguna,Oscuro sin iluminacion,Despejado,No,NO APLICA,22,42,22,46,1,17/06/2022,2
25,Massachusetts,250378,0,0,2,0,21,NORFOLK (21),9997,Other,6,Junio,18,2022,9,41,INDEPENDENCE AVE,8,Otro,Urbano,Arteria Principal,Town or Township Highway Agency,0,Sin jurisdiccion especial,17,42.22695556,-71.00466111,Vehiculo en movimiento,Angulo,"Five Point, or More",5 Puntos o mas,Sobre calle,Ninguna,Dia total,Despejado,No,NO APLICA,9,42,9,51,1,18/06/2022,4
25,Massachusetts,250379,1,1,1,0,27,WORCESTER (27),1520,WORCESTER,6,Junio,25,2022,10,28,SR-9 BOSTON WORCESTER TPKE,3,Highway estatal,Urbano,Arteria Principal,State Highway Agency,0,Sin jurisdiccion especial,362,42.27418611,-71.75875,Peaton,El primer evento no fue una colision con un vehiculo automotor en transporte,Four-Way Intersection,Interseccion de 4 direcciones,Sobre calle,Ninguna,Dia total,Despejado,No,NO APLICA,10,29,10,32,1,25/06/2022,1
25,Massachusetts,250380,0,0,1,0,17,MIDDLESEX (17),845,NATICK,9,Septiembre,29,2022,17,50,UNION ST,8,Otro,Urbano,Arteria Menor,Town or Township Highway Agency,0,Sin jurisdiccion especial,74,42.28360833,-71.33697222,Poste,El primer evento no fue una colision con un vehiculo automotor en transporte,Not an Intersection,No fue interseccion,Sobre el lado de la calle,Ninguna,Dia total,Despejado,No,NO APLICA,17,50,17,56,1,29/09/2022,1
25,Massachusetts,250381,1,1,1,0,9,ESSEX (9),570,LAWRENCE,9,Septiembre,26,2022,7,52,BERKELEY ST,8,Otro,Urbano,Colector Mayor,City or Municipal Highway Agency,0,Sin jurisdiccion especial,3,42.7195,-71.15976667,Peaton,El primer evento no fue una colision con un vehiculo automotor en transporte,Not an Intersection,No fue interseccion,Sobre calle,Ninguna,Amanecer,Nublado,No,NO APLICA,7,55,8,4,1,26/09/2022,1
25,Massachusetts,250382,1,1,1,0,13,HAMPDEN (13),1247,SOUTHWICK,9,Septiembre,18,2022,15,47,NONE,8,Otro,Trafficway Not in State Inventory,Via no en inventario estatal,Trafficway Not in State Inventory,0,Sin jurisdiccion especial,0,42.0247,-72.78803889,Peaton,El primer evento no fue una colision con un vehiculo automotor en transporte,Not an Intersection,No fue interseccion,Sobre calle,Ninguna,Dia total,Despejado,No,NO APLICA,15,47,15,51,1,18/09/2022,1
25,Massachusetts,250383,0,0,1,0,13,HAMPDEN (13),15,SPRINGFIELD,9,Septiembre,12,2022,17,25,PAGE BLVD,8,Otro,Urbano,Local,City or Municipal Highway Agency,0,Sin jurisdiccion especial,99999,77.7777,777.7777,Otra no colicion,El primer evento no fue una colision con un vehiculo automotor en transporte,Not an Intersection,No fue interseccion,Sobre el lado de la calle,Ninguna,Dia total,Despejado,No,NO APLICA,17,26,17,32,1,12/09/2022,1
25,Massachusetts,250384,0,0,1,0,9,ESSEX (9),654,SOUTH LYNNFIELD,9,Septiembre,3,2022,13,52,WALNUT ST,8,Otro,Urbano,Arteria Menor,Town or Township Highway Agency,0,Sin jurisdiccion especial,12,42.51028611,-71.0279,Banqueta,El primer evento no fue una colision con un vehiculo automotor en transporte,Not an Intersection,No fue interseccion,Sobre el lado de la calle,Ninguna,Dia total,Despejado,No,NO APLICA,13,58,13,59,1,03/09/2022,1
25,Massachusetts,250385,1,1,1,0,17,MIDDLESEX (17),310,EVERETT,8,Agosto,27,2022,1,40,SR-16 REVERE BEACH PKWY,3,Highway estatal,Urbano,Arteria Principal,State Highway Agency,1,Sin jurisdiccion especial,26,42.40259444,-71.04770833,Peaton,El primer evento no fue una colision con un vehiculo automotor en transporte,Four-Way Intersection,Interseccion de 4 direcciones,Sobre calle,Ninguna,Oscuro con iluminacion,Despejado,No,NO APLICA,1,37,1,40,1,27/08/2022,1
25,Massachusetts,250386,0,0,3,0,9,ESSEX (9),892,NORTH ANDOVER CENTER,8,Agosto,3,2022,9,49,SR-114 TURNPIKE ST,3,Highway estatal,Urbano,Arteria Principal,State Highway Agency,1,Sin jurisdiccion especial,77,42.62636944,-71.06061389,Vehiculo en movimiento,Frente a Detrás,Not an Intersection,No fue interseccion,Sobre calle,Ninguna,Dia total,Despejado,No,NO APLICA,9,53,9,56,1,03/08/2022,3
25,Massachusetts,250387,0,0,1,0,17,MIDDLESEX (17),660,MALDEN,7,Julio,29,2022,20,38,SR-28 FELLSWAY,3,Highway estatal,Urbano,Arteria Principal,Other State Agency,0,Sin jurisdiccion especial,1281,42.4224,-71.08613889,Volcadura,El primer evento no fue una colision con un vehiculo automotor en transporte,T-Intersection,Interseccion de T,Sobre calle,Ninguna,Atardecer,Despejado,No,NO APLICA,20,40,20,45,1,29/07/2022,1
25,Massachusetts,250388,0,0,2,0,13,HAMPDEN (13),210,CHICOPEE,7,Julio,29,2022,11,39,SR-33 MEMORIAL DR,3,Highway estatal,Urbano,Arteria Principal,State Highway Agency,1,Sin jurisdiccion especial,55,42.16117778,-72.58204167,Vehiculo en movimiento,Angulo,Not an Intersection,No fue interseccion,Sobre calle,Ninguna,Dia total,Despejado,No,NO APLICA,11,40,11,48,2,29/07/2022,4
25,Massachusetts,250389,0,0,2,0,27,WORCESTER (27),1520,WORCESTER,7,Julio,23,2022,21,1,SR-122 GRAFTON ST,3,Highway estatal,Urbano,Arteria Principal,City or Municipal Highway Agency,1,Sin jurisdiccion especial,230,42.24108333,-71.75398056,Vehiculo en movimiento,Angulo,Four-Way Intersection,Interseccion de 4 direcciones,Sobre calle,Ninguna,Oscuro con iluminacion,Despejado,No,NO APLICA,21,2,21,16,1,23/07/2022,2
25,Massachusetts,250390,0,0,2,0,13,HAMPDEN (13),1477,WILBRAHAM,7,Julio,21,2022,7,40,MONSON RD,8,Otro,Rural,Colector Mayor,Town or Township Highway Agency,0,Sin jurisdiccion especial,19,42.11317222,-72.39631389,Vehiculo en movimiento,Angulo,Four-Way Intersection,Interseccion de 4 direcciones,Sobre calle,Ninguna,Dia total,No reportado,No,NO APLICA,7,41,7,48,1,21/07/2022,2
25,Massachusetts,250391,0,0,2,0,21,NORFOLK (21),94,BELLINGHAM,7,Julio,16,2022,13,48,WRENTHAM RD,8,Otro,Urbano,Arteria Menor,Town or Township Highway Agency,0,Sin jurisdiccion especial,11,42.02514167,-71.46668056,Vehiculo en movimiento,Angulo,T-Intersection,Interseccion de T,Sobre calle,Ninguna,Dia total,Despejado,No,NO APLICA,13,48,13,52,1,16/07/2022,2
25,Massachusetts,250392,0,0,2,0,21,NORFOLK (21),825,MILTON,7,Julio,15,2022,22,30,SR-28 RANDOLPH AVE,3,Highway estatal,Urbano,Arteria Principal,State Highway Agency,1,Sin jurisdiccion especial,1116,42.22426389,-71.07069444,Vehiculo en movimiento,Frente a frente,Four-Way Intersection,Interseccion de 4 direcciones,Sobre calle,Ninguna,Oscuro con iluminacion,Despejado,No,NO APLICA,22,31,22,38,1,15/07/2022,3
25,Massachusetts,250393,0,0,1,0,17,MIDDLESEX (17),615,LEXINGTON,7,Julio,8,2022,22,1,HILL ST,8,Otro,Urbano,Colector Mayor,Town or Township Highway Agency,0,Sin jurisdiccion especial,12,42.45509722,-71.23737222,Arbol,El primer evento no fue una colision con un vehiculo automotor en transporte,Not an Intersection,No fue interseccion,Sobre el lado de la calle,Ninguna,Oscuro con iluminacion,Nublado,No,NO APLICA,22,3,22,5,1,08/07/2022,1
25,Massachusetts,250394,0,0,2,0,5,BRISTOL (5),850,NEW BEDFORD,7,Julio,1,2022,7,23,SR-18,3,Highway estatal,Urbano,Arteria Principal,State Highway Agency,1,Sin jurisdiccion especial,420,41.63688333,-70.92274444,Vehiculo en movimiento,Angulo,Four-Way Intersection,Interseccion de 4 direcciones,Sobre calle,Ninguna,Dia total,Despejado,No,NO APLICA,7,23,7,27,1,01/07/2022,2
25,Massachusetts,250395,0,0,1,0,7,DUKES (7),940,OAK BLUFFS,6,Junio,22,2022,0,49,NEW YORK AVE,8,Otro,Urbano,Arteria Principal,State Highway Agency,1,Sin jurisdiccion especial,86,41.46539444,-70.57487222,Valla Ferrocarril,El primer evento no fue una colision con un vehiculo automotor en transporte,Not an Intersection,No fue interseccion,Sobre el lado de la calle,Ninguna,Oscuro con iluminacion,Despejado,No,NO APLICA,0,51,0,58,1,22/06/2022,2
25,Massachusetts,250396,0,0,1,0,27,WORCESTER (27),1395,WEST BOYLSTON,6,Junio,20,2022,17,2,SR-12 STERLING ST,3,Highway estatal,Urbano,Arteria Menor,State Highway Agency,0,Sin jurisdiccion especial,290,42.37616944,-71.77647222,Poste,El primer evento no fue una colision con un vehiculo automotor en transporte,Not an Intersection,No fue interseccion,Sobre el lado de la calle,Ninguna,Dia total,Despejado,No,NO APLICA,17,4,17,6,1,20/06/2022,1
25,Massachusetts,250397,1,1,1,0,13,HAMPDEN (13),15,SPRINGFIELD,6,Junio,22,2022,3,57,STATE ST,8,Otro,Urbano,Arteria Principal,City or Municipal Highway Agency,1,Sin jurisdiccion especial,31,42.1234,-72.54176944,Peaton,El primer evento no fue una colision con un vehiculo automotor en transporte,Not an Intersection,No fue interseccion,Sobre calle,Ninguna,Oscuro con iluminacion,lluvia,No,NO APLICA,3,59,4,10,1,22/06/2022,1
25,Massachusetts,250398,0,0,2,0,25,SUFFOLK (25),120,BOSTON,6,Junio,27,2022,19,0,SOLDIERS FIELD RD,8,Otro,Urbano,Arteria Principal,Other State Agency,1,Sin jurisdiccion especial,1,42.35898611,-71.15702778,Vehiculo en movimiento,Angulo,Not an Intersection,No fue interseccion,Sobre calle,Ninguna,Atardecer,lluvia,No,NO APLICA,19,0,19,15,2,27/06/2022,5
25,Massachusetts,250399,0,0,1,0,13,HAMPDEN (13),500,HOLYOKE,6,Junio,23,2022,0,33,N CANAL ST,8,Otro,Urbano,Local,City or Municipal Highway Agency,0,Sin jurisdiccion especial,0,42.19718889,-72.60325,Poste,El primer evento no fue una colision con un vehiculo automotor en transporte,Not an Intersection,No fue interseccion,Sobre el lado de la calle,Ninguna,Oscuro - iluminacion desconocida,Despejado,No,NO APLICA,0,37,0,49,1,23/06/2022,2
25,Massachusetts,250400,1,1,2,0,21,NORFOLK (21),1336,WALPOLE,6,Junio,24,2022,21,55,I-95,1,Interestatal,Urbano,Interestatal,State Highway Agency,1,Sin jurisdiccion especial,200,42.13785556,-71.21473333,Peaton,El primer evento no fue una colision con un vehiculo automotor en transporte,Not an Intersection,No fue interseccion,Sobre calle,Ninguna,Oscuro sin iluminacion,Despejado,No,NO APLICA,22,0,22,13,1,24/06/2022,3
25,Massachusetts,250401,0,0,1,0,25,SUFFOLK (25),120,BOSTON,6,Junio,27,2022,22,30,I-90,1,Interestatal,Urbano,Interestatal,State Highway Agency,1,Sin jurisdiccion especial,1310,42.35652222,-71.11955,Barrera de Trafico de Concreto,El primer evento no fue una colision con un vehiculo automotor en transporte,Not an Intersection,No fue interseccion,En el medio,Ninguna,Oscuro con iluminacion,Despejado,No,NO APLICA,22,33,22,40,1,27/06/2022,1
25,Massachusetts,250402,0,0,1,0,27,WORCESTER (27),565,LANCASTER,6,Junio,25,2022,6,4,OLD COMMON RD,8,Otro,Urbano,Colector Mayor,Town or Township Highway Agency,0,Sin jurisdiccion especial,17,42.44055556,-71.65444444,Arbol,El primer evento no fue una colision con un vehiculo automotor en transporte,Not an Intersection,No fue interseccion,Sobre el lado de la calle,Ninguna,Amanecer,Despejado,No,NO APLICA,6,6,6,10,1,25/06/2022,1
25,Massachusetts,250403,0,0,1,0,27,WORCESTER (27),1380,WEBSTER,6,Junio,26,2022,11,42,I-395,1,Interestatal,Urbano,Interestatal,State Highway Agency,1,Sin jurisdiccion especial,86,42.07111111,-71.86361111,Volcadura,El primer evento no fue una colision con un vehiculo automotor en transporte,Not an Intersection,No fue interseccion,Sobre el lado de la calle,Ninguna,Dia total,Despejado,No,NO APLICA,11,43,11,46,2,26/06/2022,4
25,Massachusetts,250404,0,0,1,0,13,HAMPDEN (13),137,BRIMFIELD,6,Junio,26,2022,0,48,E BRIMFIELD HOLLAND RD,8,Otro,Rural,Colector Mayor,Town or Township Highway Agency,0,Sin jurisdiccion especial,31,42.10442778,-72.14846667,Volcadura,El primer evento no fue una colision con un vehiculo automotor en transporte,Not an Intersection,No fue interseccion,Sobre el lado de la calle,Ninguna,Oscuro sin iluminacion,Despejado,No,NO APLICA,0,50,1,2,3,26/06/2022,4
25,Massachusetts,250405,0,0,1,0,17,MIDDLESEX (17),1490,WILMINGTON,1,Enero,21,2022,17,54,SR-62 MIDDLESEX AVE,3,Highway estatal,Urbano,Arteria Menor,Town or Township Highway Agency,0,Sin jurisdiccion especial,640,42.56922222,-71.15937222,Vehiculo Ferrocarril,El primer evento no fue una colision con un vehiculo automotor en transporte,Not an Intersection,No fue interseccion,Sobre calle,Ninguna,Oscuro con iluminacion,Nublado,No,400958D,17,56,17,56,1,21/01/2022,1
25,Massachusetts,250406,1,1,1,0,27,WORCESTER (27),1380,WEBSTER,5,Mayo,18,2022,6,55,LAKE ST,8,Otro,Urbano,Arteria Menor,Town or Township Highway Agency,0,Sin jurisdiccion especial,0,42.04999444,-71.87792222,Peaton,El primer evento no fue una colision con un vehiculo automotor en transporte,Not an Intersection,No fue interseccion,Sobre calle,Ninguna,Dia total,Despejado,No,NO APLICA,6,57,6,59,1,18/05/2022,3
25,Massachusetts,250407,0,0,1,0,23,PLYMOUTH (23),770,MIDDLEBOROUGH,7,Julio,27,2022,11,25,I-495,1,Interestatal,Urbano,Interestatal,State Highway Agency,1,Sin jurisdiccion especial,116,41.87923889,-70.91304167,Valla Ferrocarril,El primer evento no fue una colision con un vehiculo automotor en transporte,Not an Intersection,No fue interseccion,En el medio,Ninguna,Dia total,Despejado,No,NO APLICA,11,26,11,29,1,27/07/2022,2
25,Massachusetts,250408,0,0,2,0,1,BARNSTABLE (1),682,MARSTONS MILLS,8,Agosto,16,2022,11,53,SR-28 FALMOUTH RD,3,Highway estatal,Urbano,Arteria Principal,State Highway Agency,0,Sin jurisdiccion especial,99998,41.64761389,-70.42627222,Vehiculo en movimiento,Otro,Not an Intersection,No fue interseccion,Sobre calle,Ninguna,Dia total,Despejado,No,NO APLICA,11,55,11,59,1,16/08/2022,2