Estado,Nombre de Estado,Numero de Caso,Peatones,Personas _no_vehiculos,Vehiculos automotores,Vehiculos estacionados,Condado,Nombre Condado,Ciudad,Nombre Ciudad,Mes,Nombre Mes,Dia,Año,Hora,Minuto,Calle,Ruta,Nombre Ruta,Rural o Urbanoo,Sistema Funcional,Dueño Calle,Sistema Nacional Carreteras,Jurisdiccion Especial,Milla,Latitud,Longitud,Causa del Accidente,Tipo de Accidente,Tipo Interseccion,Columna1,Lugar en la calle,Zona de Trabajo,Luz,Clima,Autobus Escolar,Cruce de Trenes,Hora Notificacion,Minuto Notificacion,Hora Llegada,Minuto Llegada,Decesos,Fecha,PersonaVehiculo
25,Massachusetts,250409,0,0,1,0,3,BERKSHIRE (3),1274,STOCKBRIDGE,12,Diciembre,28,2022,14,50,US-7 SOUTH ST,2,US Highway,Rural,Arteria Principal,State Highway Agency,1,Sin jurisdiccion especial,170,42.27091667,-73.32420278,Barda,El primer evento no fue una colision con un vehiculo automotor en transporte,Not an Intersection,No fue interseccion,Fuera de la calle,Ninguna,Dia total,Nublado,No,NO APLICA,15,25,15,33,1,28/12/2022,1
25,Massachusetts,250410,0,0,1,0,27,WORCESTER (27),1520,WORCESTER,11,Noviembre,19,2022,17,12,ENDICOTT ST,8,Otro,Urbano,Arteria Menor,City or Municipal Highway Agency,0,Sin jurisdiccion especial,1,42.25068611,-71.80323889,Barda,El primer evento no fue una colision con un vehiculo automotor en transporte,Not an Intersection,No fue interseccion,Sobre el lado de la calle,Ninguna,Oscuro con iluminacion,Despejado,No,NO APLICA,17,13,17,20,1,19/11/2022,1
25,Massachusetts,250411,0,0,1,0,27,WORCESTER (27),1283,TEMPLETON,7,Julio,31,2022,1,55,BALDWINVILLE RD,8,Otro,Urbano,Arteria Menor,Town or Township Highway Agency,0,Sin jurisdiccion especial,25,42.59054167,-72.07313056,Volcadura,El primer evento no fue una colision con un vehiculo automotor en transporte,Not an Intersection,No fue interseccion,Sobre el lado de la calle,Ninguna,Oscuro con iluminacion,Despejado,No,NO APLICA,1,55,2,4,2,31/07/2022,3
25,Massachusetts,250412,0,0,1,0,25,SUFFOLK (25),200,CHELSEA,8,Agosto,28,2022,2,20,US-1,2,US Highway,Urbano,Arterial Principal -Freeway o ExpressWay,State Highway Agency,1,Sin jurisdiccion especial,504,42.40400278,-71.02960278,Barrera de Trafico de Concreto,El primer evento no fue una colision con un vehiculo automotor en transporte,Not an Intersection,No fue interseccion,En el medio,Ninguna,Oscuro con iluminacion,Despejado,No,NO APLICA,2,22,2,33,1,28/08/2022,2
25,Massachusetts,250413,0,0,1,0,13,HAMPDEN (13),15,SPRINGFIELD,12,Diciembre,22,2022,0,12,ACORN ST,8,Otro,Urbano,Local,City or Municipal Highway Agency,0,Sin jurisdiccion especial,99998,42.11851389,-72.56091667,Arbol,El primer evento no fue una colision con un vehiculo automotor en transporte,Not an Intersection,No fue interseccion,Sobre el lado de la calle,Ninguna,Oscuro con iluminacion,Despejado,No,NO APLICA,0,16,0,32,1,22/12/2022,1
25,Massachusetts,250414,0,0,1,0,17,MIDDLESEX (17),1490,WILMINGTON,7,Julio,11,2022,1,20,I-93,1,Interestatal,Urbano,Interestatal,State Highway Agency,1,Sin jurisdiccion especial,148,42.54200833,-71.13506944,Valla Ferrocarril,El primer evento no fue una colision con un vehiculo automotor en transporte,Not an Intersection,No fue interseccion,En el medio,Ninguna,Oscuro sin iluminacion,Despejado,No,NO APLICA,1,22,1,25,1,11/07/2022,2
25,Massachusetts,250415,1,1,1,0,27,WORCESTER (27),1269,SUTTON,3,Marzo,18,2022,17,33,BOSTON RD,8,Otro,Urbano,Arteria Menor,Town or Township Highway Agency,0,Sin jurisdiccion especial,27,42.15178333,-71.75803333,Peaton,El primer evento no fue una colision con un vehiculo automotor en transporte,Not an Intersection,No fue interseccion,Sobre calle,Ninguna,Dia total,Despejado,No,NO APLICA,17,36,17,41,1,18/03/2022,3
25,Massachusetts,250416,0,0,3,0,17,MIDDLESEX (17),157,BURLINGTON,12,Diciembre,25,2022,19,48,WINN ST,8,Otro,Urbano,Arteria Menor,Town or Township Highway Agency,0,Sin jurisdiccion especial,28,42.50727778,-71.18859722,Vehiculo en movimiento,Frente a frente,Four-Way Intersection,Interseccion de 4 direcciones,Sobre calle,Ninguna,Oscuro con iluminacion,Despejado,No,NO APLICA,19,50,19,53,1,25/12/2022,4
25,Massachusetts,250417,1,1,1,0,5,BRISTOL (5),7,ACUSHNET,12,Diciembre,22,2022,12,32,S MAIN ST,8,Otro,Urbano,Arteria Menor,State Highway Agency,0,Sin jurisdiccion especial,35,41.67110556,-70.90834722,Ciclista,El primer evento no fue una colision con un vehiculo automotor en transporte,Not an Intersection,No fue interseccion,Sobre calle,Ninguna,Dia total,Nublado,No,NO APLICA,12,36,12,43,1,22/12/2022,1
25,Massachusetts,250418,1,1,1,0,17,MIDDLESEX (17),1158,SHIRLEY,12,Diciembre,15,2022,17,11,MAIN ST,8,Otro,Urbano,Arteria Menor,Town or Township Highway Agency,0,Sin jurisdiccion especial,49,42.54428889,-71.65555833,Peaton,El primer evento no fue una colision con un vehiculo automotor en transporte,Not an Intersection,No fue interseccion,Sobre calle,Ninguna,Oscuro sin iluminacion,lluvia,No,NO APLICA,17,16,17,18,1,15/12/2022,1
25,Massachusetts,250419,0,0,2,0,15,HAMPSHIRE (15),433,GOSHEN,12,Diciembre,13,2022,13,28,SR-9 MAIN ST,3,Highway estatal,Rural,Arteria Principal,State Highway Agency,1,Sin jurisdiccion especial,291,42.44133333,-72.80005556,Vehiculo en movimiento,Angulo,Not an Intersection,No fue interseccion,Sobre calle,Ninguna,Dia total,Despejado,No,NO APLICA,13,28,13,38,1,13/12/2022,2
25,Massachusetts,250420,0,0,1,0,9,ESSEX (9),650,LYNN,8,Agosto,6,2022,14,4,BOSTON ST,8,Otro,Urbano,Arteria Menor,City or Municipal Highway Agency,0,Sin jurisdiccion especial,20,42.46237222,-70.98068611,Poste,El primer evento no fue una colision con un vehiculo automotor en transporte,Not an Intersection,No fue interseccion,Sobre el lado de la calle,Ninguna,Dia total,Despejado,No,NO APLICA,14,6,14,7,1,06/08/2022,1
25,Massachusetts,250421,0,0,1,0,23,PLYMOUTH (23),130,BRIDGEWATER,8,Agosto,3,2022,12,0,VERNON ST,8,Otro,Urbano,Arteria Menor,Town or Township Highway Agency,0,Sin jurisdiccion especial,6,41.94494444,-71.00008333,Buzon de correo,El primer evento no fue una colision con un vehiculo automotor en transporte,Not an Intersection,No fue interseccion,Sobre el lado de la calle,Ninguna,Dia total,Despejado,No,NO APLICA,12,1,12,6,1,03/08/2022,2
25,Massachusetts,250422,0,0,1,0,3,BERKSHIRE (3),458,HANCOCK,5,Mayo,11,2022,12,58,SR-43 HANCOCK RD,3,Highway estatal,Rural,Colector Mayor,State Highway Agency,0,Sin jurisdiccion especial,28,42.56194722,-73.30370556,Buzon de correo,El primer evento no fue una colision con un vehiculo automotor en transporte,Not an Intersection,No fue interseccion,Sobre el lado de la calle,Ninguna,Dia total,Despejado,No,NO APLICA,12,56,13,12,1,11/05/2022,3
25,Massachusetts,250423,0,0,1,0,17,MIDDLESEX (17),1335,WAKEFIELD,7,Julio,9,2022,22,14,I-95,1,Interestatal,Urbano,Interestatal,State Highway Agency,1,Sin jurisdiccion especial,99998,77.7777,777.7777,Barrera de Trafico de Concreto,El primer evento no fue una colision con un vehiculo automotor en transporte,Not an Intersection,No fue interseccion,En el medio,Ninguna,Oscuro con iluminacion,Despejado,No,NO APLICA,22,10,22,18,1,09/07/2022,1
25,Massachusetts,250424,0,0,1,0,23,PLYMOUTH (23),770,MIDDLEBOROUGH,7,Julio,10,2022,11,49,SR-25 WAREHAM ST,3,Highway estatal,Urbano,Arteria Menor,State Highway Agency,0,Sin jurisdiccion especial,784,41.8226,-70.819475,Poste de Señal de trafico,El primer evento no fue una colision con un vehiculo automotor en transporte,Not an Intersection,No fue interseccion,Sobre el lado de la calle,Ninguna,Dia total,Despejado,No,NO APLICA,11,57,11,57,1,10/07/2022,1
26,Michigan,260001,0,0,2,0,77,KALAMAZOO (77),0,NO APLICA,1,Enero,1,2022,0,53,CR-SPRINKLE RD,4,Calle del Condado,Urbano,Arteria Principal,County Highway Agency,1,Sin jurisdiccion especial,85,42.29400833,-85.52735278,Vehiculo en movimiento,Frente a frente,Not an Intersection,No fue interseccion,Sobre calle,Ninguna,Oscuro con iluminacion,lluvia,No,NO APLICA,0,55,1,5,1,01/01/2022,3
26,Michigan,260002,0,0,2,0,147,ST. CLAIR (147),0,NO APLICA,1,Enero,3,2022,14,28,I-94,1,Interestatal,Rural,Interestatal,State Highway Agency,1,Sin jurisdiccion especial,43,42.77987778,-82.67336389,Vehiculo en movimiento,Frente a frente,Not an Intersection,No fue interseccion,Sobre calle,Ninguna,Dia total,Despejado,No,NO APLICA,14,28,14,47,2,03/01/2022,3
26,Michigan,260003,0,0,1,0,123,NEWAYGO (123),0,NO APLICA,1,Enero,4,2022,8,47,CR-E 14 MILE RD,4,Calle del Condado,Rural,Arteria Menor,County Highway Agency,0,Sin jurisdiccion especial,58,43.7568,-85.76360833,Arbol,El primer evento no fue una colision con un vehiculo automotor en transporte,Not an Intersection,No fue interseccion,Sobre el lado de la calle,Ninguna,Dia total,Despejado,No,NO APLICA,8,47,9,8,1,04/01/2022,1
26,Michigan,260004,0,0,2,0,81,KENT (81),5089,WALKER,1,Enero,5,2022,13,45,SR-11 WILSON AVE SW,3,Highway estatal,Urbano,Arteria Principal,State Highway Agency,1,Sin jurisdiccion especial,40,42.95100556,-85.77575278,Vehiculo en movimiento,Frente a frente,Not an Intersection,No fue interseccion,Sobre calle,Ninguna,Dia total,Nieve,No,NO APLICA,13,48,14,0,1,05/01/2022,2
26,Michigan,260005,0,0,2,0,41,DELTA (41),3091,MASONVILLE,1,Enero,7,2022,13,30,US-2,2,US Highway,Rural,Arteria Principal,State Highway Agency,1,Sin jurisdiccion especial,355,45.904375,-86.92832222,Vehiculo en movimiento,Angulo,Not an Intersection,No fue interseccion,Sobre calle,Ninguna,Dia total,Despejado,No,NO APLICA,13,35,13,40,1,07/01/2022,3
26,Michigan,260006,0,0,2,0,159,VAN BUREN (159),0,NO APLICA,1,Enero,7,2022,11,25,CR-RED ARROW HWY,4,Calle del Condado,Rural,Arteria Menor,County Highway Agency,0,Sin jurisdiccion especial,83,42.219225,-86.06631111,Vehiculo en movimiento,Angulo,Not an Intersection,No fue interseccion,Sobre calle,Ninguna,Dia total,Nieve,No,NO APLICA,11,28,11,35,1,07/01/2022,2
26,Michigan,260007,0,0,1,0,157,TUSCOLA (157),0,NO APLICA,1,Enero,9,2022,2,42,SR-15 STATE RD,3,Highway estatal,Rural,Arteria Menor,State Highway Agency,0,Sin jurisdiccion especial,65,43.31395,-83.54736111,Volcadura,El primer evento no fue una colision con un vehiculo automotor en transporte,Not an Intersection,No fue interseccion,Sobre el lado de la calle,Ninguna,Oscuro sin iluminacion,Granizo,No,NO APLICA,2,41,2,51,1,09/01/2022,3
26,Michigan,260008,0,0,1,0,75,JACKSON (75),0,NO APLICA,1,Enero,8,2022,6,5,CR-CRAWFORD RD,4,Calle del Condado,Rural,Colector Menor,County Highway Agency,0,Sin jurisdiccion especial,1,42.33499444,-84.65959722,Arbol,El primer evento no fue una colision con un vehiculo automotor en transporte,Not an Intersection,No fue interseccion,Sobre el lado de la calle,Ninguna,Oscuro sin iluminacion,Nublado,No,NO APLICA,99,99,99,99,1,08/01/2022,1
26,Michigan,260009,1,1,2,0,163,WAYNE (163),1260,DETROIT,1,Enero,8,2022,18,6,E 7 MILE RD,6,Calle Local Municipalidad,Urbano,Arteria Principal,City or Municipal Highway Agency,1,Sin jurisdiccion especial,195,42.43341389,-83.05120556,Peaton,El primer evento no fue una colision con un vehiculo automotor en transporte,T-Intersection,Interseccion de T,Sobre calle,Ninguna,Oscuro con iluminacion,Despejado,No,NO APLICA,99,99,99,99,1,08/01/2022,3
26,Michigan,260010,1,1,1,0,117,MONTCALM (117),0,NO APLICA,1,Enero,13,2022,15,10,SR-46 E MAIN ST,3,Highway estatal,Rural,Arteria Principal,State Highway Agency,1,Sin jurisdiccion especial,233,43.40814444,-85.02578889,Poste de Señal de trafico,El primer evento no fue una colision con un vehiculo automotor en transporte,Not an Intersection,No fue interseccion,Sobre el lado de la calle,Ninguna,Dia total,Nublado,No,NO APLICA,15,10,15,15,1,13/01/2022,1
26,Michigan,260011,0,0,1,0,55,GRAND TRAVERSE (55),0,NO APLICA,1,Enero,14,2022,15,59,CR-EAST COUNTY LINE RD,4,Calle del Condado,Rural,Local,County Highway Agency,0,Sin jurisdiccion especial,25,44.51296944,-85.40624444,Arbol,El primer evento no fue una colision con un vehiculo automotor en transporte,Not an Intersection,No fue interseccion,Sobre el lado de la calle,Ninguna,Dia total,Despejado,No,NO APLICA,16,2,16,14,1,14/01/2022,1
26,Michigan,260012,0,0,2,1,81,KENT (81),5319,WYOMING,1,Enero,15,2022,1,1,US-131,2,US Highway,Urbano,Arterial Principal -Freeway o ExpressWay,State Highway Agency,1,Sin jurisdiccion especial,96,42.90496389,-85.67737222,Vehiculo Aparcado,El primer evento no fue una colision con un vehiculo automotor en transporte,Not an Intersection,No fue interseccion,Sobre el lado de la calle,Ninguna,Oscuro con iluminacion,Despejado,No,NO APLICA,1,1,1,4,1,15/01/2022,1
26,Michigan,260013,1,1,1,0,49,GENESEE (49),1730,FLINT,1,Enero,12,2022,17,17,SR-54 N DORT HWY,3,Highway estatal,Urbano,Arteria Principal,State Highway Agency,1,Sin jurisdiccion especial,86,43.02809167,-83.655275,Ciclista,El primer evento no fue una colision con un vehiculo automotor en transporte,Not an Intersection,No fue interseccion,Sobre calle,Ninguna,Oscuro con iluminacion,Nublado,No,NO APLICA,19,15,19,17,1,12/01/2022,1
26,Michigan,260014,0,0,1,0,163,WAYNE (163),5140,WAYNE,1,Enero,13,2022,3,17,CR-VENOY RD,4,Calle del Condado,Urbano,Arteria Menor,County Highway Agency,0,Sin jurisdiccion especial,13,42.28568889,-83.36333333,Zanja,El primer evento no fue una colision con un vehiculo automotor en transporte,Not an Intersection,No fue interseccion,Sobre el lado de la calle,Ninguna,Oscuro con iluminacion,Despejado,No,NO APLICA,88,88,88,88,1,13/01/2022,1
26,Michigan,260015,0,0,2,0,17,BAY (17),0,NO APLICA,1,Enero,17,2022,14,27,SR-13 N HURON RD,3,Highway estatal,Rural,Arteria Menor,State Highway Agency,0,Sin jurisdiccion especial,258,43.89905,-83.96616389,Vehiculo en movimiento,Frente a Detrás,Not an Intersection,No fue interseccion,Sobre calle,Ninguna,Dia total,Despejado,No,NO APLICA,14,27,14,36,3,17/01/2022,4
26,Michigan,260016,1,1,1,0,163,WAYNE (163),1260,DETROIT,1,Enero,16,2022,0,8,I-94,1,Interestatal,Urbano,Interestatal,State Highway Agency,1,Sin jurisdiccion especial,346,42.40641111,-82.9553,Peaton,El primer evento no fue una colision con un vehiculo automotor en transporte,Not an Intersection,No fue interseccion,Sobre calle,Ninguna,Oscuro con iluminacion,Despejado,No,NO APLICA,99,99,99,99,1,16/01/2022,1
26,Michigan,260017,0,0,3,0,123,NEWAYGO (123),0,NO APLICA,1,Enero,20,2022,6,24,SR-37 S MASON DR,3,Highway estatal,Rural,Arteria Menor,State Highway Agency,0,Sin jurisdiccion especial,55,43.36933611,-85.80086111,Vehiculo en movimiento,Angulo,Not an Intersection,No fue interseccion,Sobre calle,Ninguna,Oscuro sin iluminacion,Despejado,No,NO APLICA,6,28,6,35,1,20/01/2022,3
26,Michigan,260018,0,0,1,0,75,JACKSON (75),2764,LEONI,1,Enero,3,2022,8,23,US-127,2,US Highway,Urbano,Arterial Principal -Freeway o ExpressWay,State Highway Agency,1,Sin jurisdiccion especial,21,42.22061944,-84.36252778,Volcadura,El primer evento no fue una colision con un vehiculo automotor en transporte,Not an Intersection,No fue interseccion,En el medio,Ninguna,Dia total,Despejado,No,NO APLICA,8,25,8,30,1,03/01/2022,1
26,Michigan,260019,0,0,3,0,145,SAGINAW (145),0,NO APLICA,1,Enero,3,2022,21,7,SR-47 MIDLAND RD,3,Highway estatal,Urbano,Arteria Principal,State Highway Agency,1,Sin jurisdiccion especial,42,43.46483333,-84.08210833,Vehiculo en movimiento,Frente a frente,Not an Intersection,No fue interseccion,Sobre calle,Ninguna,Oscuro con iluminacion,Despejado,No,NO APLICA,99,99,99,99,1,03/01/2022,4
26,Michigan,260020,0,0,3,0,35,CLARE (35),0,NO APLICA,1,Enero,22,2022,13,22,SR-115 CADILLAC DR,3,Highway estatal,Rural,Arteria Principal,State Highway Agency,1,Sin jurisdiccion especial,33,43.94724722,-85.04686389,Vehiculo en movimiento,Frente a frente,Not an Intersection,No fue interseccion,Sobre calle,Ninguna,Dia total,Nieve,No,NO APLICA,13,21,13,39,1,22/01/2022,3
26,Michigan,260021,1,1,1,0,65,INGHAM (65),1430,EAST LANSING,1,Enero,18,2022,5,12,WEST RD,6,Calle Local Municipalidad,Urbano,Local,City or Municipal Highway Agency,0,Sin jurisdiccion especial,1,42.76653056,-84.50836111,Peaton,El primer evento no fue una colision con un vehiculo automotor en transporte,Not an Intersection,No fue interseccion,Sobre calle,Ninguna,Oscuro sin iluminacion,Despejado,No,NO APLICA,99,99,99,99,1,18/01/2022,2
26,Michigan,260022,0,0,2,0,93,LIVINGSTON (93),0,NO APLICA,1,Enero,22,2022,22,51,CR-S HACKER RD,4,Calle del Condado,Urbano,Colector Mayor,County Highway Agency,0,Sin jurisdiccion especial,21,42.58735833,-83.80027222,Vehiculo en movimiento,Angulo,Four-Way Intersection,Interseccion de 4 direcciones,Sobre calle,Ninguna,Oscuro sin iluminacion,Nieve,No,NO APLICA,22,54,23,2,2,22/01/2022,5
26,Michigan,260023,0,0,3,0,163,WAYNE (163),0,NO APLICA,1,Enero,5,2022,22,12,CR-SIBLEY RD,4,Calle del Condado,Urbano,Arteria Menor,County Highway Agency,0,Sin jurisdiccion especial,40,42.16653611,-83.322975,Vehiculo en movimiento,Frente a Detrás,Not an Intersection,No fue interseccion,Sobre calle,Ninguna,Oscuro sin iluminacion,Despejado,No,NO APLICA,22,13,22,19,1,05/01/2022,3
26,Michigan,260024,1,1,1,0,163,WAYNE (163),1260,DETROIT,1,Enero,22,2022,18,55,SR-102 8 MILE RD,3,Highway estatal,Urbano,Arteria Principal,State Highway Agency,1,Sin jurisdiccion especial,104,42.44655278,-83.11785,Ciclista,El primer evento no fue una colision con un vehiculo automotor en transporte,Not an Intersection,No fue interseccion,Sobre calle,Ninguna,Oscuro sin iluminacion,Nieve,No,NO APLICA,99,99,99,99,1,22/01/2022,1
26,Michigan,260025,1,1,1,0,163,WAYNE (163),1260,DETROIT,1,Enero,24,2022,0,33,CR-GREENFIELD RD,4,Calle del Condado,Urbano,Arteria Principal,County Highway Agency,1,Sin jurisdiccion especial,103,42.41626111,-83.19927222,Peaton,El primer evento no fue una colision con un vehiculo automotor en transporte,Not an Intersection,No fue interseccion,Sobre calle,Ninguna,Oscuro con iluminacion,Despejado,No,NO APLICA,99,99,99,99,1,24/01/2022,1
26,Michigan,260026,0,0,1,0,155,SHIAWASSEE (155),0,NO APLICA,1,Enero,14,2022,18,36,CR-BENNINGTON RD,4,Calle del Condado,Rural,Colector Mayor,County Highway Agency,0,Sin jurisdiccion especial,9,42.93418611,-84.34808333,Acotamiento,El primer evento no fue una colision con un vehiculo automotor en transporte,Not an Intersection,No fue interseccion,Sobre el lado de la calle,Ninguna,Oscuro sin iluminacion,Despejado,No,NO APLICA,99,99,99,99,1,14/01/2022,1
26,Michigan,260027,0,0,2,0,47,EMMET (47),0,NO APLICA,1,Enero,27,2022,7,53,US-31 ODEN RD,2,US Highway,Rural,Arteria Principal,State Highway Agency,1,Sin jurisdiccion especial,66,45.42392778,-84.85653056,Vehiculo en movimiento,Frente a frente,Not an Intersection,No fue interseccion,Sobre calle,Ninguna,Dia total,Nieve,No,NO APLICA,7,57,8,8,1,27/01/2022,2
26,Michigan,260028,0,0,3,0,17,BAY (17),0,NO APLICA,1,Enero,5,2022,14,2,I-75,1,Interestatal,Rural,Interestatal,State Highway Agency,1,Sin jurisdiccion especial,253,43.86857222,-84.02214167,Vehiculo en movimiento,Angulo,Not an Intersection,No fue interseccion,Sobre calle,Ninguna,Dia total,Nieve,No,NO APLICA,99,99,99,99,1,05/01/2022,3
26,Michigan,260029,0,0,1,0,163,WAYNE (163),1260,DETROIT,1,Enero,25,2022,15,42,HARPER AVE,6,Calle Local Municipalidad,Urbano,Arteria Menor,City or Municipal Highway Agency,0,Sin jurisdiccion especial,27,42.40038056,-82.97886389,Poste,El primer evento no fue una colision con un vehiculo automotor en transporte,Not an Intersection,No fue interseccion,Sobre el lado de la calle,Ninguna,Dia total,Nublado,No,NO APLICA,99,99,99,99,1,25/01/2022,1
26,Michigan,260030,0,0,1,0,163,WAYNE (163),0,NO APLICA,1,Enero,29,2022,0,30,CR-KING RD,4,Calle del Condado,Urbano,Colector Mayor,County Highway Agency,0,Sin jurisdiccion especial,43,42.15215556,-83.3252,Poste,El primer evento no fue una colision con un vehiculo automotor en transporte,Not an Intersection,No fue interseccion,Sobre el lado de la calle,Ninguna,Oscuro con iluminacion,Despejado,No,NO APLICA,0,32,0,40,2,29/01/2022,2
26,Michigan,260031,0,0,2,0,81,KENT (81),0,NO APLICA,1,Enero,27,2022,18,2,CR-FRUIT RIDGE AE NW,4,Calle del Condado,Urbano,Arteria Menor,County Highway Agency,0,Sin jurisdiccion especial,21,43.04527778,-85.76785278,Vehiculo en movimiento,Frente a frente,Not an Intersection,No fue interseccion,Sobre calle,Ninguna,Oscuro sin iluminacion,Despejado,No,NO APLICA,18,6,99,99,1,27/01/2022,2
26,Michigan,260032,1,1,1,0,77,KALAMAZOO (77),2520,KALAMAZOO,1,Enero,28,2022,18,31,S BURDICK ST,6,Calle Local Municipalidad,Urbano,Arteria Menor,City or Municipal Highway Agency,0,Sin jurisdiccion especial,3,42.24886667,-85.57993611,Peaton,El primer evento no fue una colision con un vehiculo automotor en transporte,Not an Intersection,No fue interseccion,Sobre calle,Ninguna,Oscuro con iluminacion,Despejado,No,NO APLICA,99,99,99,99,1,28/01/2022,1
26,Michigan,260033,0,0,1,0,121,MUSKEGON (121),0,NO APLICA,1,Enero,30,2022,6,59,CR-HOLTON DUCK LAKE RD,4,Calle del Condado,Rural,Colector Mayor,County Highway Agency,0,Sin jurisdiccion especial,97,43.43662222,-86.07939444,Arbol,El primer evento no fue una colision con un vehiculo automotor en transporte,Not an Intersection,No fue interseccion,Sobre el lado de la calle,Ninguna,Reportada como desconocida,Reportado como desconocido,No,NO APLICA,7,1,7,18,1,30/01/2022,1
26,Michigan,260034,0,0,1,0,163,WAYNE (163),1260,DETROIT,1,Enero,7,2022,23,37,SR-102 8 MILE RD,3,Highway estatal,Urbano,Arteria Principal,State Highway Agency,1,Sin jurisdiccion especial,110,42.44704722,-83.10508889,Banqueta,El primer evento no fue una colision con un vehiculo automotor en transporte,Four-Way Intersection,Interseccion de 4 direcciones,En el medio,Ninguna,Oscuro con iluminacion,Despejado,No,NO APLICA,23,39,23,39,1,07/01/2022,1
26,Michigan,260035,0,0,2,0,163,WAYNE (163),1260,DETROIT,1,Enero,24,2022,2,50,I-94,1,Interestatal,Urbano,Interestatal,State Highway Agency,1,Sin jurisdiccion especial,24,42.35879167,-83.11652222,Vehiculo en movimiento,Frente a Detrás,Not an Intersection,No fue interseccion,Sobre calle,Ninguna,Oscuro con iluminacion,Nublado,No,NO APLICA,99,99,99,99,1,24/01/2022,2
26,Michigan,260036,0,0,2,0,91,LENAWEE (91),4214,RIGA,1,Enero,8,2022,16,45,CR-HORTON RD,4,Calle del Condado,Rural,Local,County Highway Agency,0,Sin jurisdiccion especial,40,41.80286389,-83.805375,Vehiculo en movimiento,Angulo,Four-Way Intersection,Interseccion de 4 direcciones,Sobre calle,Ninguna,Dia total,Despejado,No,NO APLICA,16,47,16,54,1,08/01/2022,4
26,Michigan,260037,0,0,1,0,111,MIDLAND (111),0,NO APLICA,1,Enero,31,2022,6,39,CR-E WHEELER RD,4,Calle del Condado,Urbano,Colector Mayor,County Highway Agency,0,Sin jurisdiccion especial,1,43.64128611,-84.18594444,Arbol,El primer evento no fue una colision con un vehiculo automotor en transporte,Not an Intersection,No fue interseccion,Sobre el lado de la calle,Ninguna,Oscuro sin iluminacion,Nublado,No,NO APLICA,99,99,99,99,1,31/01/2022,1
26,Michigan,260038,1,1,1,0,81,KENT (81),5319,WYOMING,1,Enero,31,2022,19,46,DIVISION AVE,6,Calle Local Municipalidad,Urbano,Arteria Principal,City or Municipal Highway Agency,1,Sin jurisdiccion especial,73,42.86569444,-85.66416944,Peaton,El primer evento no fue una colision con un vehiculo automotor en transporte,Four-Way Intersection,Interseccion de 4 direcciones,Sobre calle,Ninguna,Oscuro con iluminacion,Despejado,No,NO APLICA,19,47,19,55,1,31/01/2022,1
26,Michigan,260039,0,0,2,0,29,CHARLEVOIX (29),0,NO APLICA,1,Enero,7,2022,17,56,US-131,2,US Highway,Urbano,Arteria Principal,State Highway Agency,1,Sin jurisdiccion especial,118,45.27509444,-84.92916667,Vehiculo en movimiento,Frente a Detrás,Not an Intersection,No fue interseccion,Sobre calle,Ninguna,Oscuro sin iluminacion,Nieve,No,NO APLICA,99,99,99,99,1,07/01/2022,2
26,Michigan,260040,1,1,1,0,125,OAKLAND (125),1652,FARMINGTON HILLS,1,Enero,10,2022,6,49,SR-96,3,Highway estatal,Urbano,Arteria Menor,State Highway Agency,0,Sin jurisdiccion especial,145,42.46838889,-83.41681944,Peaton,El primer evento no fue una colision con un vehiculo automotor en transporte,Not an Intersection,No fue interseccion,Sobre calle,Ninguna,Oscuro sin iluminacion,Despejado,No,NO APLICA,6,50,6,55,1,10/01/2022,1
26,Michigan,260041,0,0,2,0,117,MONTCALM (117),0,NO APLICA,1,Enero,9,2022,8,24,SR-46 HOWARD CITY EDMORE RD,3,Highway estatal,Rural,Arteria Principal,State Highway Agency,1,Sin jurisdiccion especial,129,43.43090556,-85.22238889,Vehiculo en movimiento,Angulo,Not an Intersection,No fue interseccion,Sobre calle,Ninguna,Dia total,Nublado,No,NO APLICA,8,26,8,32,1,09/01/2022,3
26,Michigan,260042,0,0,2,0,17,BAY (17),0,NO APLICA,1,Enero,30,2022,9,27,I-75,1,Interestatal,Rural,Interestatal,State Highway Agency,1,Sin jurisdiccion especial,272,43.89558333,-84.02037778,Valla Ferrocarril,El primer evento no fue una colision con un vehiculo automotor en transporte,Not an Intersection,No fue interseccion,Sobre el lado de la calle,Ninguna,Dia total,Nieve,No,NO APLICA,99,99,99,99,1,30/01/2022,3
26,Michigan,260043,1,1,1,0,163,WAYNE (163),2430,INKSTER,1,Enero,21,2022,7,40,CR-MIDDLEBELT RD,4,Calle del Condado,Urbano,Arteria Principal,County Highway Agency,1,Sin jurisdiccion especial,128,42.30291389,-83.33014444,Peaton,El primer evento no fue una colision con un vehiculo automotor en transporte,Not an Intersection,No fue interseccion,Sobre calle,Ninguna,Oscuro con iluminacion,Despejado,No,NO APLICA,99,99,99,99,1,21/01/2022,1
26,Michigan,260044,0,0,1,0,1,ALCONA (1),0,NO APLICA,1,Enero,15,2022,3,30,CR-VANDERCOOK RD,4,Calle del Condado,Rural,Local,County Highway Agency,0,Sin jurisdiccion especial,41,44.55460556,-83.49287778,Arbol,El primer evento no fue una colision con un vehiculo automotor en transporte,Not an Intersection,No fue interseccion,Sobre el lado de la calle,Ninguna,Oscuro con iluminacion,Despejado,No,NO APLICA,99,99,99,99,1,15/01/2022,1
26,Michigan,260045,1,1,1,0,147,ST. CLAIR (147),0,NO APLICA,1,Enero,12,2022,7,13,CR-DOVE RD,4,Calle del Condado,Urbano,Arteria Menor,County Highway Agency,0,Sin jurisdiccion especial,22,42.95168056,-82.457125,Peaton,El primer evento no fue una colision con un vehiculo automotor en transporte,Not an Intersection,No fue interseccion,Sobre calle,Ninguna,Oscuro sin iluminacion,Despejado,No,NO APLICA,7,14,7,18,1,12/01/2022,1