Estado,Nombre de Estado,Numero de Caso,Peatones,Personas _no_vehiculos,Vehiculos automotores,Vehiculos estacionados,Condado,Nombre Condado,Ciudad,Nombre Ciudad,Mes,Nombre Mes,Dia,Año,Hora,Minuto,Calle,Ruta,Nombre Ruta,Rural o Urbanoo,Sistema Funcional,Dueño Calle,Sistema Nacional Carreteras,Jurisdiccion Especial,Milla,Latitud,Longitud,Causa del Accidente,Tipo de Accidente,Tipo Interseccion,Columna1,Lugar en la calle,Zona de Trabajo,Luz,Clima,Autobus Escolar,Cruce de Trenes,Hora Notificacion,Minuto Notificacion,Hora Llegada,Minuto Llegada,Decesos,Fecha,PersonaVehiculo
26,Michigan,260046,0,1,3,1,107,MECOSTA (107),0,NO APLICA,1,Enero,8,2022,23,47,US-131,2,US Highway,Rural,Arterial Principal -Freeway o ExpressWay,State Highway Agency,1,Sin jurisdiccion especial,66,43.56569444,-85.49064444,Vehiculo Aparcado,El primer evento no fue una colision con un vehiculo automotor en transporte,Not an Intersection,No fue interseccion,Sobre Acotamiento,Ninguna,Oscuro sin iluminacion,lluvia,No,NO APLICA,99,99,99,99,1,08/01/2022,2
26,Michigan,260047,0,0,1,0,19,BENZIE (19),0,NO APLICA,1,Enero,7,2022,13,58,CR-LINDY RD,4,Calle del Condado,Rural,Colector Mayor,County Highway Agency,0,Sin jurisdiccion especial,57,44.52007778,-85.88054167,Arbol,El primer evento no fue una colision con un vehiculo automotor en transporte,Not an Intersection,No fue interseccion,Sobre el lado de la calle,Ninguna,Dia total,Nublado,No,NO APLICA,14,1,14,12,1,07/01/2022,1
26,Michigan,260048,0,0,2,0,77,KALAMAZOO (77),1084,COMSTOCK,1,Enero,14,2022,22,35,CR-SPRINKLE RD,4,Calle del Condado,Urbano,Arteria Principal,County Highway Agency,1,Sin jurisdiccion especial,99,42.31440278,-85.52155278,Vehiculo en movimiento,Frente a frente,Not an Intersection,No fue interseccion,Sobre calle,Ninguna,Oscuro con iluminacion,Despejado,No,NO APLICA,22,35,22,51,1,14/01/2022,3
26,Michigan,260049,0,0,2,0,125,OAKLAND (125),510,BLOOMFIELD HILLS,1,Enero,16,2022,10,26,KENSINGTON RD,6,Calle Local Municipalidad,Urbano,Colector Mayor,City or Municipal Highway Agency,0,Sin jurisdiccion especial,10,42.58669167,-83.23618333,Vehiculo en movimiento,Angulo,Four-Way Intersection,Interseccion de 4 direcciones,Sobre calle,Ninguna,Dia total,Despejado,No,NO APLICA,10,26,10,26,1,16/01/2022,2
26,Michigan,260050,0,0,1,0,163,WAYNE (163),1260,DETROIT,1,Enero,14,2022,11,54,ALEXANDRINE ST,6,Calle Local Municipalidad,Urbano,Local,City or Municipal Highway Agency,0,Sin jurisdiccion especial,7,42.35797778,-83.03989722,Hidrante,El primer evento no fue una colision con un vehiculo automotor en transporte,Not an Intersection,No fue interseccion,Sobre el lado de la calle,Ninguna,Dia total,Despejado,No,NO APLICA,99,99,99,99,1,14/01/2022,1
26,Michigan,260051,0,0,2,0,117,MONTCALM (117),0,NO APLICA,1,Enero,17,2022,13,23,CR-SIDNEY RD,4,Calle del Condado,Rural,Colector Mayor,County Highway Agency,0,Sin jurisdiccion especial,42,43.24979444,-85.22790556,Vehiculo en movimiento,Frente a frente,Not an Intersection,No fue interseccion,Sobre calle,Ninguna,Dia total,Nublado,No,NO APLICA,13,23,13,31,2,17/01/2022,3
26,Michigan,260052,0,0,1,0,39,CRAWFORD (39),0,NO APLICA,1,Enero,12,2022,20,37,US-127,2,US Highway,Rural,Arterial Principal -Freeway o ExpressWay,State Highway Agency,1,Sin jurisdiccion especial,42,44.56246667,-84.72619722,Volcadura,El primer evento no fue una colision con un vehiculo automotor en transporte,Not an Intersection,No fue interseccion,Sobre el lado de la calle,Ninguna,Oscuro sin iluminacion,Despejado,No,NO APLICA,99,98,99,98,1,12/01/2022,1
26,Michigan,260053,0,0,2,0,87,LAPEER (87),0,NO APLICA,2,Febrero,2,2022,15,22,SR-53 VAN DYKE RD,3,Highway estatal,Rural,Arteria Principal,State Highway Agency,1,Sin jurisdiccion especial,60,42.97323889,-83.05778056,Vehiculo en movimiento,Frente a frente,Not an Intersection,No fue interseccion,Sobre calle,Ninguna,Dia total,Soplando nieve,No,NO APLICA,15,26,15,30,1,02/02/2022,2
26,Michigan,260054,0,0,1,0,117,MONTCALM (117),0,NO APLICA,2,Febrero,5,2022,1,44,CR-S JOHNSON RD,4,Calle del Condado,Rural,Colector Mayor,County Highway Agency,0,Sin jurisdiccion especial,23,43.28271389,-85.30237778,Arbol,El primer evento no fue una colision con un vehiculo automotor en transporte,Not an Intersection,No fue interseccion,Sobre el lado de la calle,Ninguna,Oscuro sin iluminacion,Nieve,No,NO APLICA,1,58,2,5,1,05/02/2022,1
26,Michigan,260055,0,0,2,0,57,GRATIOT (57),0,NO APLICA,1,Enero,21,2022,5,52,SR-46 MONROE RD,3,Highway estatal,Rural,Arteria Principal,State Highway Agency,1,Sin jurisdiccion especial,169,43.40796389,-84.50753056,Vehiculo en movimiento,Angulo,Not an Intersection,No fue interseccion,Sobre calle,Ninguna,Oscuro sin iluminacion,Despejado,No,NO APLICA,99,99,99,99,1,21/01/2022,2
26,Michigan,260056,0,0,1,0,99,MACOMB (99),1009,CLINTON TOWNSHIP,2,Febrero,1,2022,21,5,CR-EGAN ST,4,Calle del Condado,Urbano,Local,County Highway Agency,0,Sin jurisdiccion especial,1,42.56370556,-82.91412222,Volcadura,El primer evento no fue una colision con un vehiculo automotor en transporte,T-Intersection,Interseccion de T,Sobre el lado de la calle,Ninguna,Oscuro con iluminacion,lluvia,No,NO APLICA,21,5,21,9,1,01/02/2022,1
26,Michigan,260057,0,0,1,0,145,SAGINAW (145),0,NO APLICA,2,Febrero,3,2022,20,28,CR-GRABOWSKI RD,4,Calle del Condado,Rural,Local,County Highway Agency,0,Sin jurisdiccion especial,48,43.31954167,-84.194225,Arbol,El primer evento no fue una colision con un vehiculo automotor en transporte,Not an Intersection,No fue interseccion,Sobre el lado de la calle,Ninguna,Oscuro sin iluminacion,Nieve,No,NO APLICA,99,99,99,99,1,03/02/2022,1
26,Michigan,260058,0,0,2,0,49,GENESEE (49),0,NO APLICA,2,Febrero,4,2022,18,3,CR-N ELMS RD,4,Calle del Condado,Urbano,Colector Mayor,County Highway Agency,0,Sin jurisdiccion especial,144,43.12136944,-83.81370833,Vehiculo en movimiento,Frente a frente,Not an Intersection,No fue interseccion,Sobre calle,Ninguna,Oscuro sin iluminacion,Despejado,No,NO APLICA,99,99,99,99,1,04/02/2022,2
26,Michigan,260059,2,2,2,0,37,CLINTON (37),0,NO APLICA,1,Enero,18,2022,7,20,SR-21 BLUE WATER HWY,3,Highway estatal,Urbano,Arteria Menor,State Highway Agency,0,Sin jurisdiccion especial,159,43.00139444,-84.52352222,Peaton,El primer evento no fue una colision con un vehiculo automotor en transporte,Not an Intersection,No fue interseccion,Sobre calle,Ninguna,Oscuro sin iluminacion,Nublado,No,NO APLICA,99,99,99,99,1,18/01/2022,1
26,Michigan,260060,0,0,2,0,67,IONIA (67),0,NO APLICA,1,Enero,24,2022,11,43,CR-JORDAN LAKE RD,4,Calle del Condado,Rural,Colector Mayor,County Highway Agency,0,Sin jurisdiccion especial,105,42.92970556,-85.13405556,Vehiculo en movimiento,Angulo,Four-Way Intersection,Interseccion de 4 direcciones,Sobre calle,Ninguna,Dia total,Nieve,No,NO APLICA,11,48,11,51,1,24/01/2022,2
26,Michigan,260061,0,0,2,0,125,OAKLAND (125),2258,HIGHLAND,1,Enero,8,2022,12,33,SR-59 HIGHLAND RD,3,Highway estatal,Urbano,Arteria Principal,State Highway Agency,1,Sin jurisdiccion especial,53,42.65371944,-83.5811,Vehiculo en movimiento,Angulo,Not an Intersection,No fue interseccion,Sobre calle,Ninguna,Dia total,Despejado,No,NO APLICA,12,33,12,38,1,08/01/2022,2
26,Michigan,260062,0,0,1,0,125,OAKLAND (125),0,NO APLICA,2,Febrero,7,2022,5,26,CR-LAKE GEORGE RD,4,Calle del Condado,Rural,Colector Mayor,County Highway Agency,0,Sin jurisdiccion especial,49,42.81566111,-83.18049444,Calle mal pavimentada,El primer evento no fue una colision con un vehiculo automotor en transporte,Not an Intersection,No fue interseccion,Sobre el lado de la calle,Ninguna,Oscuro sin iluminacion,Despejado,No,NO APLICA,5,26,5,37,1,07/02/2022,1
26,Michigan,260063,0,0,1,0,37,CLINTON (37),0,NO APLICA,1,Enero,27,2022,9,57,CR-CLARK RD,4,Calle del Condado,Rural,Arteria Menor,County Highway Agency,0,Sin jurisdiccion especial,153,42.81318889,-84.48548611,Arbol,El primer evento no fue una colision con un vehiculo automotor en transporte,Not an Intersection,No fue interseccion,Sobre el lado de la calle,Ninguna,Dia total,Despejado,No,NO APLICA,9,57,10,5,1,27/01/2022,1
26,Michigan,260064,0,0,1,0,139,OTTAWA (139),0,NO APLICA,1,Enero,27,2022,16,12,CR-LINCOLN RD,4,Calle del Condado,Rural,Colector Mayor,County Highway Agency,0,Sin jurisdiccion especial,59,43.001475,-86.09916667,Hidrante,El primer evento no fue una colision con un vehiculo automotor en transporte,Not an Intersection,No fue interseccion,Sobre el lado de la calle,Ninguna,Dia total,Nublado,No,NO APLICA,16,12,16,16,1,27/01/2022,1
26,Michigan,260065,0,0,2,0,163,WAYNE (163),1260,DETROIT,2,Febrero,8,2022,2,7,SR-102 E 8 MILE RD,3,Highway estatal,Urbano,Arteria Principal,State Highway Agency,1,Sin jurisdiccion especial,30,42.448125,-83.02466389,Vehiculo en movimiento,Angulo,Four-Way Intersection,Interseccion de 4 direcciones,Sobre calle,Ninguna,Oscuro con iluminacion,Despejado,No,NO APLICA,99,99,99,99,1,08/02/2022,2
26,Michigan,260066,0,0,2,0,49,GENESEE (49),1730,FLINT,2,Febrero,4,2022,6,36,SR-54 S DORT HWY,3,Highway estatal,Urbano,Arteria Principal,State Highway Agency,1,Sin jurisdiccion especial,81,43.02107222,-83.65478889,Vehiculo en movimiento,Frente a Detrás,Not an Intersection,No fue interseccion,Sobre calle,Ninguna,Oscuro con iluminacion,Despejado,No,NO APLICA,6,37,6,42,1,04/02/2022,2
26,Michigan,260067,0,0,3,2,99,MACOMB (99),3500,NEW BALTIMORE,1,Enero,22,2022,1,56,SR-29,3,Highway estatal,Urbano,Arteria Menor,State Highway Agency,0,Sin jurisdiccion especial,198,42.68708611,-82.71452222,Buzon de correo,El primer evento no fue una colision con un vehiculo automotor en transporte,Not an Intersection,No fue interseccion,Sobre el lado de la calle,Ninguna,Oscuro con iluminacion,Despejado,No,NO APLICA,99,99,99,99,1,22/01/2022,2
26,Michigan,260068,0,0,1,0,163,WAYNE (163),2260,HIGHLAND PARK,1,Enero,30,2022,6,36,SR-1 WOODWARD AVE,3,Highway estatal,Urbano,Arteria Principal,State Highway Agency,1,Sin jurisdiccion especial,6,42.41707778,-83.10495,Poste,El primer evento no fue una colision con un vehiculo automotor en transporte,Not an Intersection,No fue interseccion,Sobre el lado de la calle,Ninguna,Oscuro sin iluminacion,Despejado,No,NO APLICA,6,41,6,43,1,30/01/2022,1
26,Michigan,260069,0,0,5,3,99,MACOMB (99),5110,WARREN,1,Enero,10,2022,1,27,SR-102 8 MILE RD,3,Highway estatal,Urbano,Arteria Principal,State Highway Agency,1,Sin jurisdiccion especial,20,42.44805833,-83.04396944,Vehiculo en movimiento,Angulo,Four-Way Intersection,Interseccion de 4 direcciones,Sobre calle,Ninguna,Oscuro con iluminacion,Despejado,No,NO APLICA,99,99,99,99,1,10/01/2022,2
26,Michigan,260070,0,0,2,0,139,OTTAWA (139),0,NO APLICA,2,Febrero,2,2022,11,31,I-96,1,Interestatal,Rural,Interestatal,State Highway Agency,1,Sin jurisdiccion especial,102,43.05886667,-85.96172222,Vehiculo en movimiento,Angulo,Not an Intersection,No fue interseccion,Sobre calle,Ninguna,Dia total,Nieve,No,NO APLICA,99,99,99,99,1,02/02/2022,3
26,Michigan,260071,0,0,2,0,77,KALAMAZOO (77),0,NO APLICA,2,Febrero,11,2022,8,52,SR-96 E AUGUSTA DR,3,Highway estatal,Urbano,Arteria Menor,State Highway Agency,0,Sin jurisdiccion especial,65,42.33419444,-85.33420278,Vehiculo en movimiento,Frente a frente,Not an Intersection,No fue interseccion,Sobre calle,Ninguna,Dia total,Nieve,No,NO APLICA,8,54,99,99,1,11/02/2022,2
26,Michigan,260072,0,0,1,0,163,WAYNE (163),4815,TAYLOR,1,Enero,10,2022,18,18,I-94 RAMP 202C,1,Interestatal,Urbano,Arteria Principal,State Highway Agency,1,Sin jurisdiccion especial,0,42.26393333,-83.26999722,Arbol,El primer evento no fue una colision con un vehiculo automotor en transporte,Not an Intersection,No fue interseccion,Gore?,Ninguna,Oscuro con iluminacion,Despejado,No,NO APLICA,99,99,99,99,1,10/01/2022,1
26,Michigan,260073,0,0,1,0,143,ROSCOMMON (143),0,NO APLICA,2,Febrero,4,2022,10,15,CR-E HOUGHTON LAKE DR,4,Calle del Condado,Urbano,Arteria Menor,County Highway Agency,0,Sin jurisdiccion especial,109,44.40191389,-84.76476389,Arbol,El primer evento no fue una colision con un vehiculo automotor en transporte,Not an Intersection,No fue interseccion,Sobre el lado de la calle,Ninguna,Dia total,Despejado,No,NO APLICA,10,20,10,30,1,04/02/2022,1
26,Michigan,260074,1,1,1,0,65,INGHAM (65),0,NO APLICA,2,Febrero,15,2022,5,30,SR-43 W SAGINAW ST,3,Highway estatal,Urbano,Arteria Principal,State Highway Agency,1,Sin jurisdiccion especial,5,42.741025,-84.59228611,Peaton,El primer evento no fue una colision con un vehiculo automotor en transporte,T-Intersection,Interseccion de T,Sobre calle,Ninguna,Oscuro con iluminacion,Nublado,No,NO APLICA,99,99,99,99,1,15/02/2022,1
26,Michigan,260075,0,0,2,0,163,WAYNE (163),4166,REDFORD TOWNSHIP,1,Enero,26,2022,2,24,I-96,1,Interestatal,Urbano,Interestatal,State Highway Agency,1,Sin jurisdiccion especial,85,42.38505833,-83.2832,Vehiculo en movimiento,Frente a Detrás,Not an Intersection,No fue interseccion,Sobre calle,Ninguna,Oscuro con iluminacion,Despejado,No,NO APLICA,2,26,2,30,1,26/01/2022,3
26,Michigan,260076,0,0,2,0,33,CHIPPEWA (33),0,NO APLICA,2,Febrero,4,2022,11,0,CR-N WEST SHORE DR,4,Calle del Condado,Rural,Colector Mayor,County Highway Agency,0,Sin jurisdiccion especial,16,46.51011667,-84.23871667,Vehiculo en movimiento,Frente a Detrás,Not an Intersection,No fue interseccion,Sobre calle,Ninguna,Dia total,Despejado,No,NO APLICA,11,1,99,99,1,04/02/2022,2
26,Michigan,260077,0,0,2,0,45,EATON (45),0,NO APLICA,2,Febrero,20,2022,13,6,CR-LANSING RD,4,Calle del Condado,Urbano,Arteria Menor,County Highway Agency,0,Sin jurisdiccion especial,20,42.58211944,-84.80771944,Vehiculo en movimiento,Angulo,Four-Way Intersection,Interseccion de 4 direcciones,Sobre calle,Ninguna,Dia total,Despejado,No,NO APLICA,13,8,13,11,1,20/02/2022,3
26,Michigan,260078,0,0,1,0,65,INGHAM (65),0,NO APLICA,2,Febrero,22,2022,5,35,SR-52 PERRY RD,3,Highway estatal,Rural,Arteria Menor,State Highway Agency,0,Sin jurisdiccion especial,0,42.67609444,-84.21898333,Zanja,El primer evento no fue una colision con un vehiculo automotor en transporte,T-Intersection,Interseccion de T,Sobre el lado de la calle,Ninguna,Oscuro sin iluminacion,Nublado,No,NO APLICA,5,35,5,45,1,22/02/2022,1
26,Michigan,260079,0,0,2,0,155,SHIAWASSEE (155),0,NO APLICA,1,Enero,29,2022,21,35,SR-21,3,Highway estatal,Rural,Arteria Menor,State Highway Agency,0,Sin jurisdiccion especial,172,42.99925833,-84.02694167,Vehiculo en movimiento,Angulo,Four-Way Intersection,Interseccion de 4 direcciones,Sobre calle,Ninguna,Oscuro sin iluminacion,Despejado,No,NO APLICA,21,35,21,45,1,29/01/2022,5
26,Michigan,260080,0,0,2,0,81,KENT (81),0,NO APLICA,2,Febrero,24,2022,22,50,CR-LINCOLN LAKE AVE NE,4,Calle del Condado,Rural,Colector Mayor,County Highway Agency,0,Sin jurisdiccion especial,233,43.20315278,-85.35184444,Vehiculo en movimiento,Frente a frente,Not an Intersection,No fue interseccion,Sobre calle,Ninguna,Oscuro sin iluminacion,Soplando nieve,No,NO APLICA,22,53,23,6,1,24/02/2022,3
26,Michigan,260081,0,0,2,0,145,SAGINAW (145),0,NO APLICA,2,Febrero,26,2022,19,30,CR-TITTABAWASSEE RD,4,Calle del Condado,Urbano,Arteria Menor,County Highway Agency,0,Sin jurisdiccion especial,174,43.48075833,-84.02481667,Vehiculo en movimiento,Frente a frente,Not an Intersection,No fue interseccion,Sobre calle,Ninguna,Oscuro sin iluminacion,Nublado,No,NO APLICA,99,99,99,99,1,26/02/2022,4
26,Michigan,260082,0,0,2,0,9,ANTRIM (9),0,NO APLICA,1,Enero,14,2022,11,57,CR-MANCELONA RD,4,Calle del Condado,Rural,Arteria Menor,County Highway Agency,0,Sin jurisdiccion especial,18,44.90246944,-85.02530833,Vehiculo en movimiento,Angulo,Not an Intersection,No fue interseccion,Sobre calle,Ninguna,Dia total,lluvia,No,NO APLICA,99,99,99,99,1,14/01/2022,3
26,Michigan,260083,0,0,1,0,163,WAYNE (163),1260,DETROIT,1,Enero,23,2022,16,15,I-96 LOCAL,1,Interestatal,Rural,Interestatal,State Highway Agency,1,Sin jurisdiccion especial,1,42.38588333,-83.24645278,Soporte de Puente,El primer evento no fue una colision con un vehiculo automotor en transporte,Not an Intersection,No fue interseccion,Sobre el lado de la calle,Ninguna,Dia total,Nieve,No,NO APLICA,99,99,99,99,1,23/01/2022,1
26,Michigan,260084,0,0,2,0,97,MACKINAC (97),0,NO APLICA,2,Febrero,24,2022,13,40,CR-SCHOOLHOUSE RD,4,Calle del Condado,Trafficway Not in State Inventory,Via no en inventario estatal,Trafficway Not in State Inventory,0,Sin jurisdiccion especial,36,46.06666389,-85.02178889,Vehiculo en movimiento,Golpe Lateral - direccion contraria,Not an Intersection,No fue interseccion,Sobre calle,Ninguna,Dia total,Nieve,No,NO APLICA,13,44,99,99,1,24/02/2022,2
26,Michigan,260085,0,0,1,0,163,WAYNE (163),1210,DEARBORN,1,Enero,23,2022,1,28,US-12 RAMP 250B MICHIGAN AVE,7,Calle Local,Urbano,Arteria Principal,City or Municipal Highway Agency,1,Sin jurisdiccion especial,2,42.31611111,-83.19434722,Hidrante,El primer evento no fue una colision con un vehiculo automotor en transporte,Not an Intersection,No fue interseccion,Sobre el lado de la calle,Ninguna,Oscuro con iluminacion,Nublado,No,NO APLICA,99,99,99,99,1,23/01/2022,2
26,Michigan,260086,0,0,1,0,1,ALCONA (1),0,NO APLICA,1,Enero,14,2022,19,50,CR-POORFARM RD,4,Calle del Condado,Rural,Colector Menor,County Highway Agency,0,Sin jurisdiccion especial,87,44.71800278,-83.34271944,Volcadura,El primer evento no fue una colision con un vehiculo automotor en transporte,Not an Intersection,No fue interseccion,Sobre el lado de la calle,Ninguna,Oscuro sin iluminacion,Despejado,No,NO APLICA,99,98,99,98,1,14/01/2022,1
26,Michigan,260087,1,1,1,0,21,BERRIEN (21),450,BERRIEN SPRINGS,1,Enero,30,2022,9,2,MAIN ST,6,Calle Local Municipalidad,Urbano,Local,City or Municipal Highway Agency,0,Sin jurisdiccion especial,3,41.95275833,-86.34354444,Peaton,El primer evento no fue una colision con un vehiculo automotor en transporte,Not an Intersection,No fue interseccion,Sobre calle,Ninguna,Dia total,Despejado,No,NO APLICA,99,99,99,99,1,30/01/2022,1
26,Michigan,260088,0,0,3,0,117,MONTCALM (117),0,NO APLICA,2,Febrero,20,2022,13,35,SR-46 E HOWARD CITY EDMORE RD,3,Highway estatal,Rural,Arteria Principal,State Highway Agency,1,Sin jurisdiccion especial,324,43.40822778,-84.84546111,Vehiculo en movimiento,Frente a Detrás,Four-Way Intersection,Interseccion de 4 direcciones,Sobre calle,Ninguna,Dia total,Despejado,No,NO APLICA,13,29,13,30,1,20/02/2022,5
26,Michigan,260089,0,0,1,0,15,BARRY (15),2220,HASTINGS,2,Febrero,1,2022,21,13,SR-43 BROADWAY ST,3,Highway estatal,Urbano,Arteria Menor,State Highway Agency,0,Sin jurisdiccion especial,15,42.66509444,-85.29065278,Buzon de correo,El primer evento no fue una colision con un vehiculo automotor en transporte,Not an Intersection,No fue interseccion,Sobre el lado de la calle,Ninguna,Dia total,lluvia,No,NO APLICA,21,14,21,27,1,01/02/2022,1
26,Michigan,260090,0,0,1,0,81,KENT (81),0,NO APLICA,2,Febrero,3,2022,2,44,CR-COLDWATER AVE,4,Calle del Condado,Rural,Local,County Highway Agency,0,Sin jurisdiccion especial,8,42.77988056,-85.39316389,Arbol,El primer evento no fue una colision con un vehiculo automotor en transporte,Not an Intersection,No fue interseccion,Sobre el lado de la calle,Ninguna,Oscuro sin iluminacion,Despejado,No,NO APLICA,2,44,3,0,1,03/02/2022,1
26,Michigan,260091,0,0,2,0,163,WAYNE (163),4295,ROMULUS,2,Febrero,4,2022,23,55,I-275,1,Interestatal,Urbano,Interestatal,State Highway Agency,1,Sin jurisdiccion especial,74,42.20143333,-83.38916944,Vehiculo en movimiento,Frente a frente,Not an Intersection,No fue interseccion,Sobre calle,Ninguna,Oscuro sin iluminacion,Nieve,No,NO APLICA,0,0,0,10,2,04/02/2022,2
26,Michigan,260092,0,0,2,0,99,MACOMB (99),5110,WARREN,2,Febrero,19,2022,22,45,SR-102 8 MILE RD,3,Highway estatal,Urbano,Arteria Principal,State Highway Agency,1,Sin jurisdiccion especial,50,42.44960278,-82.98573889,Vehiculo en movimiento,Angulo,Four-Way Intersection,Interseccion de 4 direcciones,Sobre calle,Ninguna,Oscuro con iluminacion,Despejado,No,NO APLICA,99,99,99,99,1,19/02/2022,3
26,Michigan,260093,0,0,2,0,99,MACOMB (99),4330,ROSEVILLE,2,Febrero,6,2022,22,1,SR-3 GRATIOT AVE,3,Highway estatal,Urbano,Arteria Principal,State Highway Agency,1,Sin jurisdiccion especial,68,42.53956389,-82.90884722,Vehiculo en movimiento,Frente a Detrás,Four-Way Intersection,Interseccion de 4 direcciones,Sobre calle,Ninguna,Oscuro con iluminacion,Despejado,No,NO APLICA,22,1,22,10,1,06/02/2022,2
26,Michigan,260094,0,0,2,0,139,OTTAWA (139),0,NO APLICA,2,Febrero,7,2022,19,30,US-31,2,US Highway,Urbano,Arteria Principal,State Highway Agency,1,Sin jurisdiccion especial,35,42.81729444,-86.09061389,Vehiculo en movimiento,Frente a Detrás,Not an Intersection,No fue interseccion,Sobre calle,Ninguna,Oscuro con iluminacion,Nublado,No,NO APLICA,19,30,19,34,1,07/02/2022,3
26,Michigan,260095,1,1,2,0,163,WAYNE (163),1212,DEARBORN HEIGHTS,2,Febrero,7,2022,19,19,CR-N INKSTER RD,4,Calle del Condado,Urbano,Arteria Principal,County Highway Agency,1,Sin jurisdiccion especial,167,42.34937778,-83.31252778,Peaton,El primer evento no fue una colision con un vehiculo automotor en transporte,Not an Intersection,No fue interseccion,Sobre calle,Ninguna,Oscuro con iluminacion,Despejado,No,NO APLICA,99,99,99,99,1,07/02/2022,1
26,Michigan,260096,1,1,1,0,49,GENESEE (49),1730,FLINT,2,Febrero,8,2022,0,25,ML KING AVE,6,Calle Local Municipalidad,Urbano,Arteria Menor,City or Municipal Highway Agency,0,Sin jurisdiccion especial,14,43.03732222,-83.70447778,Peaton,El primer evento no fue una colision con un vehiculo automotor en transporte,Not an Intersection,No fue interseccion,Sobre calle,Ninguna,Oscuro con iluminacion,Nieve,No,NO APLICA,0,25,0,28,1,08/02/2022,1
26,Michigan,260097,0,0,2,0,163,WAYNE (163),2260,HIGHLAND PARK,1,Enero,8,2022,23,17,SR-8,3,Highway estatal,Urbano,Arterial Principal -Freeway o ExpressWay,State Highway Agency,1,Sin jurisdiccion especial,13,42.40546111,-83.0905,Vehiculo en movimiento,Detrás a Lado. ,Not an Intersection,No fue interseccion,Sobre calle,Ninguna,Oscuro con iluminacion,lluvia,No,NO APLICA,22,55,23,10,1,08/01/2022,5
26,Michigan,260098,1,1,1,0,99,MACOMB (99),4731,STERLING HEIGHTS,2,Febrero,10,2022,4,17,CR-MOUND RD,4,Calle del Condado,Urbano,Arteria Principal,County Highway Agency,1,Sin jurisdiccion especial,34,42.58425556,-83.05035556,Peaton,El primer evento no fue una colision con un vehiculo automotor en transporte,Not an Intersection,No fue interseccion,Sobre calle,Ninguna,Oscuro con iluminacion,Nieve,No,NO APLICA,4,18,4,24,1,10/02/2022,1
26,Michigan,260099,0,0,1,0,125,OAKLAND (125),3260,MILFORD,2,Febrero,9,2022,11,14,OLD PLANK RD,6,Calle Local Municipalidad,Urbano,Local,City or Municipal Highway Agency,0,Sin jurisdiccion especial,54,42.57924167,-83.58951667,Vehiculo Ferrocarril,El primer evento no fue una colision con un vehiculo automotor en transporte,Not an Intersection,No fue interseccion,Sobre calle,Ninguna,Dia total,Despejado,No,232262X,99,99,99,99,1,09/02/2022,1
26,Michigan,260101,0,0,2,0,161,WASHTENAW (161),0,NO APLICA,2,Febrero,11,2022,11,37,US-12 MICHIGAN AVE,2,US Highway,Urbano,Arteria Principal,State Highway Agency,1,Sin jurisdiccion especial,34,42.24580278,-83.58163056,Vehiculo en movimiento,Angulo,Not an Intersection,No fue interseccion,Sobre calle,Ninguna,Dia total,lluvia,No,NO APLICA,11,37,11,47,1,11/02/2022,2
26,Michigan,260102,1,1,1,0,115,MONROE (115),0,NO APLICA,1,Enero,13,2022,19,24,CR-LAPLAISANCE RD,4,Calle del Condado,Urbano,Arteria Menor,County Highway Agency,0,Sin jurisdiccion especial,23,41.88243889,-83.39509167,Peaton,El primer evento no fue una colision con un vehiculo automotor en transporte,Not an Intersection,No fue interseccion,Sobre calle,Ninguna,Oscuro con iluminacion,Despejado,No,NO APLICA,19,29,19,35,1,13/01/2022,1
26,Michigan,260103,0,0,2,0,97,MACKINAC (97),0,NO APLICA,2,Febrero,12,2022,12,0,CR-MANISTIQUE LAKES RD,4,Calle del Condado,Rural,Colector Mayor,County Highway Agency,0,Sin jurisdiccion especial,14,46.21667222,-85.72347778,Vehiculo en movimiento,Frente a frente,Not an Intersection,No fue interseccion,Sobre calle,Ninguna,Dia total,Despejado,No,NO APLICA,12,5,12,18,1,12/02/2022,4
26,Michigan,260104,0,0,2,0,99,MACOMB (99),4380,ST. CLAIR SHORES,2,Febrero,13,2022,23,31,CR-10 MILE RD,4,Calle del Condado,Urbano,Arteria Menor,County Highway Agency,0,Sin jurisdiccion especial,85,42.48040278,-82.91685833,Puente de Ferrocarril,El primer evento no fue una colision con un vehiculo automotor en transporte,Four-Way Intersection,Interseccion de 4 direcciones,Sobre el lado de la calle,Ninguna,Oscuro con iluminacion,Despejado,No,NO APLICA,23,31,23,37,2,13/02/2022,3
26,Michigan,260106,0,0,2,0,157,TUSCOLA (157),0,NO APLICA,2,Febrero,24,2022,16,26,SR-46 W SANILAC RD,3,Highway estatal,Rural,Arteria Principal,State Highway Agency,1,Sin jurisdiccion especial,69,43.40819444,-83.56136389,Vehiculo en movimiento,Angulo,Four-Way Intersection,Interseccion de 4 direcciones,Sobre calle,Ninguna,Dia total,Despejado,No,NO APLICA,16,27,16,34,2,24/02/2022,3
26,Michigan,260107,1,1,1,0,163,WAYNE (163),1933,GIBRALTAR,2,Febrero,19,2022,20,16,CR-W JEFFERSON AVE,4,Calle del Condado,Urbano,Arteria Menor,County Highway Agency,0,Sin jurisdiccion especial,36,42.09158056,-83.20509167,Peaton,El primer evento no fue una colision con un vehiculo automotor en transporte,Not an Intersection,No fue interseccion,Sobre calle,Ninguna,Oscuro sin iluminacion,Despejado,No,NO APLICA,99,99,99,99,1,19/02/2022,1
26,Michigan,260108,1,1,1,0,21,BERRIEN (21),0,NO APLICA,2,Febrero,20,2022,4,42,CR-S 3RD ST,4,Calle del Condado,Urbano,Arteria Menor,County Highway Agency,0,Sin jurisdiccion especial,4,41.76687778,-86.25503611,Peaton,El primer evento no fue una colision con un vehiculo automotor en transporte,Not an Intersection,No fue interseccion,Sobre calle,Ninguna,Oscuro sin iluminacion,Despejado,No,NO APLICA,4,46,4,57,1,20/02/2022,1