Estado,Nombre de Estado,Numero de Caso,Peatones,Personas _no_vehiculos,Vehiculos automotores,Vehiculos estacionados,Condado,Nombre Condado,Ciudad,Nombre Ciudad,Mes,Nombre Mes,Dia,Año,Hora,Minuto,Calle,Ruta,Nombre Ruta,Rural o Urbanoo,Sistema Funcional,Dueño Calle,Sistema Nacional Carreteras,Jurisdiccion Especial,Milla,Latitud,Longitud,Causa del Accidente,Tipo de Accidente,Tipo Interseccion,Columna1,Lugar en la calle,Zona de Trabajo,Luz,Clima,Autobus Escolar,Cruce de Trenes,Hora Notificacion,Minuto Notificacion,Hora Llegada,Minuto Llegada,Decesos,Fecha,PersonaVehiculo
26,Michigan,260109,1,1,1,0,77,KALAMAZOO (77),0,NO APLICA,2,Febrero,27,2022,22,0,CR-W MOSEL AVE,4,Calle del Condado,Urbano,Arteria Menor,County Highway Agency,0,Sin jurisdiccion especial,13,42.31800833,-85.60267778,Peaton,El primer evento no fue una colision con un vehiculo automotor en transporte,Not an Intersection,No fue interseccion,Sobre calle,Ninguna,Oscuro sin iluminacion,Despejado,No,NO APLICA,99,99,99,99,1,27/02/2022,1
26,Michigan,260110,0,0,2,0,163,WAYNE (163),1212,DEARBORN HEIGHTS,2,Febrero,22,2022,21,28,CR-VAN BORN,4,Calle del Condado,Urbano,Arteria Principal,County Highway Agency,1,Sin jurisdiccion especial,65,42.26853333,-83.29921111,Vehiculo en movimiento,Angulo,Four-Way Intersection,Interseccion de 4 direcciones,Sobre calle,Ninguna,Oscuro con iluminacion,Despejado,No,NO APLICA,99,99,99,99,1,22/02/2022,2
26,Michigan,260111,0,0,1,0,139,OTTAWA (139),0,NO APLICA,2,Febrero,17,2022,11,4,CR-JAMES ST,4,Calle del Condado,Urbano,Arteria Menor,County Highway Agency,0,Sin jurisdiccion especial,73,42.81210833,-86.06347778,Volcadura,El primer evento no fue una colision con un vehiculo automotor en transporte,Not an Intersection,No fue interseccion,Sobre el lado de la calle,Ninguna,Dia total,Nublado,No,NO APLICA,11,4,11,7,3,17/02/2022,4
26,Michigan,260112,1,1,1,0,81,KENT (81),5319,WYOMING,2,Febrero,25,2022,20,19,32ND ST,6,Calle Local Municipalidad,Urbano,Arteria Menor,City or Municipal Highway Agency,0,Sin jurisdiccion especial,6,42.90603056,-85.6833,Peaton,El primer evento no fue una colision con un vehiculo automotor en transporte,T-Intersection,Interseccion de T,Sobre calle,Ninguna,Oscuro con iluminacion,Despejado,No,NO APLICA,99,99,99,99,1,25/02/2022,1
26,Michigan,260113,0,0,1,0,139,OTTAWA (139),0,NO APLICA,2,Febrero,19,2022,20,21,CR-FILLMORE ST,4,Calle del Condado,Urbano,Colector Mayor,County Highway Agency,0,Sin jurisdiccion especial,154,42.94337778,-85.90816667,Otro objeto (fijo),El primer evento no fue una colision con un vehiculo automotor en transporte,Not an Intersection,No fue interseccion,Sobre el lado de la calle,Ninguna,Oscuro sin iluminacion,Nieve,No,NO APLICA,20,21,20,26,1,19/02/2022,1
26,Michigan,260114,0,0,1,0,147,ST. CLAIR (147),0,NO APLICA,2,Febrero,23,2022,9,32,CR-LAPEER RD,4,Calle del Condado,Rural,Colector Mayor,County Highway Agency,0,Sin jurisdiccion especial,119,42.99270278,-82.57200833,Arbol,El primer evento no fue una colision con un vehiculo automotor en transporte,Not an Intersection,No fue interseccion,Sobre el lado de la calle,Ninguna,Dia total,Nublado,No,NO APLICA,9,32,9,37,1,23/02/2022,1
26,Michigan,260115,0,0,1,0,125,OAKLAND (125),2230,HAZEL PARK,2,Febrero,10,2022,21,29,I-75,1,Interestatal,Urbano,Interestatal,State Highway Agency,1,Sin jurisdiccion especial,6,42.45630833,-83.09683889,Volcadura,El primer evento no fue una colision con un vehiculo automotor en transporte,Not an Intersection,No fue interseccion,Sobre calle,Ninguna,Oscuro con iluminacion,Nublado,No,NO APLICA,99,99,99,99,2,10/02/2022,2
26,Michigan,260116,0,0,1,0,65,INGHAM (65),2700,LANSING,2,Febrero,27,2022,2,42,SR-43 GRAND RIVER AVE,3,Highway estatal,Urbano,Arteria Principal,State Highway Agency,1,Sin jurisdiccion especial,23,42.74335833,-84.51495833,Poste,El primer evento no fue una colision con un vehiculo automotor en transporte,Not an Intersection,No fue interseccion,Sobre el lado de la calle,Ninguna,Oscuro con iluminacion,Despejado,No,NO APLICA,2,42,2,50,1,27/02/2022,1
26,Michigan,260117,0,0,1,0,27,CASS (27),0,NO APLICA,2,Febrero,27,2022,16,40,CR-CALVIN HILL ST,4,Calle del Condado,Rural,Colector Mayor,County Highway Agency,0,Sin jurisdiccion especial,0,41.83248611,-85.99036111,Acotamiento,El primer evento no fue una colision con un vehiculo automotor en transporte,Not an Intersection,No fue interseccion,Sobre el lado de la calle,Ninguna,Dia total,Despejado,No,NO APLICA,99,99,99,99,1,27/02/2022,1
26,Michigan,260118,0,0,1,0,99,MACOMB (99),1009,CLINTON TOWNSHIP,2,Febrero,22,2022,11,34,SR-3 GRATIOT AVE,3,Highway estatal,Urbano,Arteria Principal,State Highway Agency,1,Sin jurisdiccion especial,74,42.54704167,-82.90412222,Arbol,El primer evento no fue una colision con un vehiculo automotor en transporte,Not an Intersection,No fue interseccion,En el medio,Ninguna,Dia total,lluvia,No,NO APLICA,11,35,11,38,1,22/02/2022,1
26,Michigan,260119,0,0,2,0,17,BAY (17),0,NO APLICA,2,Febrero,27,2022,2,10,CR-PINCONNING RD,4,Calle del Condado,Rural,Colector Mayor,County Highway Agency,0,Sin jurisdiccion especial,74,43.85397778,-84.01716944,Vehiculo en movimiento,Frente a frente,Not an Intersection,No fue interseccion,Sobre calle,Ninguna,Oscuro sin iluminacion,Despejado,No,NO APLICA,2,18,2,28,1,27/02/2022,2
26,Michigan,260120,0,0,2,0,121,MUSKEGON (121),0,NO APLICA,2,Febrero,16,2022,12,25,SR-46 APPLE AVE,3,Highway estatal,Urbano,Arteria Menor,State Highway Agency,0,Sin jurisdiccion especial,61,43.23483611,-86.12713056,Vehiculo en movimiento,Angulo,Four-Way Intersection,Interseccion de 4 direcciones,Sobre calle,Ninguna,Dia total,Nublado,No,NO APLICA,99,99,99,99,1,16/02/2022,5
26,Michigan,260121,0,0,2,0,75,JACKSON (75),0,NO APLICA,3,Marzo,4,2022,12,56,CR-MOSCOW RD,4,Calle del Condado,Rural,Arteria Menor,County Highway Agency,0,Sin jurisdiccion especial,38,42.12797778,-84.51793056,Vehiculo en movimiento,Frente a frente,Not an Intersection,No fue interseccion,Sobre Acotamiento,Ninguna,Dia total,Despejado,No,NO APLICA,12,56,12,57,1,04/03/2022,4
26,Michigan,260122,1,1,2,0,163,WAYNE (163),1260,DETROIT,3,Marzo,3,2022,18,33,SR-96 GRAND RIVER AVE,3,Highway estatal,Urbano,Arteria Principal,State Highway Agency,1,Sin jurisdiccion especial,105,42.34668056,-83.08430278,Peaton,El primer evento no fue una colision con un vehiculo automotor en transporte,Not an Intersection,No fue interseccion,Sobre calle,Ninguna,Atardecer,Despejado,No,NO APLICA,99,99,99,99,1,03/03/2022,2
26,Michigan,260123,1,1,1,0,45,EATON (45),0,NO APLICA,3,Marzo,4,2022,21,43,SR-99 S MICHIGAN RD,3,Highway estatal,Rural,Arteria Menor,State Highway Agency,0,Sin jurisdiccion especial,111,42.5723,-84.62182222,Peaton,El primer evento no fue una colision con un vehiculo automotor en transporte,Not an Intersection,No fue interseccion,Sobre calle,Ninguna,Oscuro sin iluminacion,Despejado,No,NO APLICA,99,99,99,99,1,04/03/2022,1
26,Michigan,260124,0,0,4,0,137,OTSEGO (137),0,NO APLICA,2,Febrero,12,2022,16,7,SR-32,3,Highway estatal,Rural,Arteria Principal,State Highway Agency,1,Sin jurisdiccion especial,70,45.02779167,-84.75963889,Vehiculo en movimiento,Frente a frente,Not an Intersection,No fue interseccion,Sobre calle,Ninguna,Dia total,Despejado,No,NO APLICA,16,9,16,14,1,12/02/2022,5
26,Michigan,260125,0,0,2,0,99,MACOMB (99),850,CENTER LINE,3,Marzo,6,2022,0,42,SR-53 VAN DYKE AVE,3,Highway estatal,Urbano,Arteria Principal,State Highway Agency,1,Sin jurisdiccion especial,15,42.470225,-83.02694167,Vehiculo en movimiento,Angulo,Four-Way Intersection,Interseccion de 4 direcciones,Sobre calle,Ninguna,Oscuro con iluminacion,Despejado,No,NO APLICA,0,46,0,55,1,06/03/2022,5
26,Michigan,260126,0,1,4,1,163,WAYNE (163),1260,DETROIT,2,Febrero,25,2022,21,11,WARREN AVE,6,Calle Local Municipalidad,Urbano,Arteria Principal,City or Municipal Highway Agency,1,Sin jurisdiccion especial,63,42.39254444,-82.96709722,Vehiculo en movimiento,Angulo,Four-Way Intersection,Interseccion de 4 direcciones,Sobre calle,Ninguna,Oscuro con iluminacion,Nublado,No,NO APLICA,99,99,99,99,1,25/02/2022,4
26,Michigan,260127,0,0,3,0,147,ST. CLAIR (147),0,NO APLICA,1,Enero,6,2022,10,0,SR-25 LAKESHORE RD,3,Highway estatal,Urbano,Arteria Principal,State Highway Agency,1,Sin jurisdiccion especial,77,43.10104722,-82.48614722,Vehiculo en movimiento,Frente a Detrás,Not an Intersection,No fue interseccion,Sobre calle,Ninguna,Dia total,Nieve,No,NO APLICA,10,7,10,14,1,06/01/2022,4
26,Michigan,260128,0,0,2,0,121,MUSKEGON (121),0,NO APLICA,3,Marzo,10,2022,13,24,CR-HOLTON WHITEHALL RD,4,Calle del Condado,Rural,Colector Mayor,County Highway Agency,0,Sin jurisdiccion especial,44,43.41176111,-86.23686389,Vehiculo en movimiento,Angulo,Four-Way Intersection,Interseccion de 4 direcciones,Sobre calle,Ninguna,Dia total,Despejado,No,NO APLICA,13,24,13,29,1,10/03/2022,2
26,Michigan,260129,0,0,1,0,75,JACKSON (75),0,NO APLICA,3,Marzo,13,2022,20,37,I-94,1,Interestatal,Rural,Interestatal,State Highway Agency,1,Sin jurisdiccion especial,88,42.26891111,-84.54850556,Volcadura,El primer evento no fue una colision con un vehiculo automotor en transporte,Not an Intersection,No fue interseccion,Sobre el lado de la calle,Ninguna,Oscuro sin iluminacion,Despejado,No,NO APLICA,99,99,99,99,1,13/03/2022,1
26,Michigan,260130,0,0,1,0,121,MUSKEGON (121),0,NO APLICA,1,Enero,31,2022,0,30,CR-ADAMS RD,4,Calle del Condado,Rural,Local,County Highway Agency,0,Sin jurisdiccion especial,2,43.26794167,-85.93816389,Zanja,El primer evento no fue una colision con un vehiculo automotor en transporte,Not an Intersection,No fue interseccion,Sobre el lado de la calle,Ninguna,Oscuro sin iluminacion,Nublado,No,NO APLICA,99,98,99,98,2,31/01/2022,2
26,Michigan,260131,0,0,1,0,67,IONIA (67),0,NO APLICA,3,Marzo,10,2022,6,26,CR-PECK LAKE RD,4,Calle del Condado,Rural,Local,County Highway Agency,0,Sin jurisdiccion especial,21,42.90051944,-85.27004722,Zanja,El primer evento no fue una colision con un vehiculo automotor en transporte,Not an Intersection,No fue interseccion,Sobre el lado de la calle,Ninguna,Oscuro sin iluminacion,Despejado,No,NO APLICA,99,99,99,99,1,10/03/2022,1
26,Michigan,260132,0,0,1,0,65,INGHAM (65),2700,LANSING,3,Marzo,13,2022,14,48,I-496 RAMP 005B I-496,1,Interestatal,Urbano,Interestatal,State Highway Agency,1,Sin jurisdiccion especial,1,42.72580556,-84.56327222,Barrera de Trafico de Concreto,El primer evento no fue una colision con un vehiculo automotor en transporte,Not an Intersection,No fue interseccion,Sobre el lado de la calle,Ninguna,Dia total,Despejado,No,NO APLICA,14,49,14,53,1,13/03/2022,2
26,Michigan,260133,0,0,1,0,49,GENESEE (49),1730,FLINT,1,Enero,29,2022,19,59,CESAR CHAVEZ DR,6,Calle Local Municipalidad,Urbano,Arteria Menor,City or Municipal Highway Agency,0,Sin jurisdiccion especial,7,43.024575,-83.68224444,Alguien se cayo/avento del vehiculo,El primer evento no fue una colision con un vehiculo automotor en transporte,Not an Intersection,No fue interseccion,Sobre calle,Ninguna,Oscuro con iluminacion,Despejado,No,NO APLICA,19,59,20,2,1,29/01/2022,2
26,Michigan,260134,0,0,1,0,115,MONROE (115),0,NO APLICA,2,Febrero,9,2022,14,5,CR-BATES LN,4,Calle del Condado,Urbano,Local,County Highway Agency,0,Sin jurisdiccion especial,8,41.94216111,-83.444275,Arbol,El primer evento no fue una colision con un vehiculo automotor en transporte,Not an Intersection,No fue interseccion,Sobre el lado de la calle,Ninguna,Dia total,Despejado,No,NO APLICA,14,15,14,26,1,09/02/2022,1
26,Michigan,260135,0,0,2,0,145,SAGINAW (145),0,NO APLICA,3,Marzo,14,2022,14,35,I-75,1,Interestatal,Urbano,Interestatal,State Highway Agency,1,Sin jurisdiccion especial,148,43.40917222,-83.89119722,Vehiculo en movimiento,Frente a Detrás,Not an Intersection,No fue interseccion,Sobre calle,Ninguna,Dia total,Despejado,No,NO APLICA,14,35,15,10,1,14/03/2022,3
26,Michigan,260136,0,0,2,0,163,WAYNE (163),1260,DETROIT,3,Marzo,11,2022,0,20,I-94,1,Interestatal,Urbano,Interestatal,State Highway Agency,1,Sin jurisdiccion especial,303,42.382275,-83.03111944,Vehiculo en movimiento,Angulo,Not an Intersection,No fue interseccion,Sobre calle,Ninguna,Oscuro con iluminacion,Nublado,No,NO APLICA,99,99,99,99,1,11/03/2022,2
26,Michigan,260137,0,0,2,0,99,MACOMB (99),4731,STERLING HEIGHTS,1,Enero,21,2022,16,11,CR-HAYES RD,4,Calle del Condado,Urbano,Arteria Menor,County Highway Agency,0,Sin jurisdiccion especial,35,42.553025,-82.97026111,Vehiculo en movimiento,Angulo,Four-Way Intersection,Interseccion de 4 direcciones,Sobre calle,Ninguna,Dia total,Despejado,No,NO APLICA,99,99,99,99,1,21/01/2022,5
26,Michigan,260138,0,0,1,0,129,OGEMAW (129),0,NO APLICA,3,Marzo,15,2022,19,13,CR-LUCINDA DR,4,Calle del Condado,Rural,Local,County Highway Agency,0,Sin jurisdiccion especial,16,44.20157222,-84.02514444,Arbol,El primer evento no fue una colision con un vehiculo automotor en transporte,Not an Intersection,No fue interseccion,Sobre el lado de la calle,Ninguna,Dia total,Despejado,No,NO APLICA,19,13,19,19,1,15/03/2022,1
26,Michigan,260139,0,0,1,0,99,MACOMB (99),1000,CLINTON,1,Enero,15,2022,3,9,CR-HEYDENREICH RD,4,Calle del Condado,Urbano,Colector Mayor,County Highway Agency,0,Sin jurisdiccion especial,4,42.61215833,-82.91679167,Volcadura,El primer evento no fue una colision con un vehiculo automotor en transporte,Not an Intersection,No fue interseccion,Sobre el lado de la calle,Ninguna,Oscuro con iluminacion,Nublado,No,NO APLICA,3,10,3,15,1,15/01/2022,1
26,Michigan,260140,1,1,8,6,139,OTTAWA (139),0,NO APLICA,3,Marzo,19,2022,20,17,CR-BUTTERNUT DR,4,Calle del Condado,Urbano,Arteria Menor,County Highway Agency,0,Sin jurisdiccion especial,21,42.81748889,-86.12634444,Vehiculo en movimiento,Golpe Lateral - misma direccion,Not an Intersection,No fue interseccion,Sobre calle,Ninguna,Oscuro con iluminacion,lluvia,No,NO APLICA,20,17,20,24,1,19/03/2022,2
26,Michigan,260141,1,1,1,0,91,LENAWEE (91),0,NO APLICA,2,Febrero,7,2022,6,55,CR-HOWELL HWY,4,Calle del Condado,Urbano,Arteria Menor,County Highway Agency,0,Sin jurisdiccion especial,2,41.90895833,-84.0099,Peaton,El primer evento no fue una colision con un vehiculo automotor en transporte,Not an Intersection,No fue interseccion,Sobre calle,Ninguna,Oscuro sin iluminacion,Despejado,No,NO APLICA,6,54,7,2,1,07/02/2022,1
26,Michigan,260142,0,0,2,0,125,OAKLAND (125),0,NO APLICA,3,Marzo,21,2022,10,45,SR-15 ORTONVILLE RD,3,Highway estatal,Urbano,Arteria Principal,State Highway Agency,1,Sin jurisdiccion especial,39,42.77761667,-83.420975,Vehiculo en movimiento,Angulo,Not an Intersection,No fue interseccion,Sobre calle,Ninguna,Dia total,Despejado,No,NO APLICA,10,47,10,53,2,21/03/2022,3
26,Michigan,260143,0,0,2,0,139,OTTAWA (139),0,NO APLICA,3,Marzo,22,2022,16,36,US-31,2,US Highway,Urbano,Arterial Principal -Freeway o ExpressWay,State Highway Agency,1,Sin jurisdiccion especial,247,43.10174444,-86.21011944,Vehiculo en movimiento,Frente a Detrás,Not an Intersection,No fue interseccion,Sobre calle,Construccion,Dia total,Nublado,Yes,NO APLICA,16,36,16,40,1,22/03/2022,2
26,Michigan,260144,0,0,1,0,81,KENT (81),0,NO APLICA,3,Marzo,26,2022,17,13,CR-84TH ST SE,4,Calle del Condado,Urbano,Arteria Menor,County Highway Agency,0,Sin jurisdiccion especial,160,42.81222222,-85.46777778,Poste,El primer evento no fue una colision con un vehiculo automotor en transporte,Not an Intersection,No fue interseccion,Sobre el lado de la calle,Ninguna,Atardecer,Despejado,No,NO APLICA,99,99,99,99,1,26/03/2022,2
26,Michigan,260145,0,1,2,1,161,WASHTENAW (161),0,NO APLICA,3,Marzo,23,2022,6,39,I-94,1,Interestatal,Urbano,Interestatal,State Highway Agency,1,Sin jurisdiccion especial,303,42.23172222,-83.59646389,Vehiculo Aparcado,El primer evento no fue una colision con un vehiculo automotor en transporte,Not an Intersection,No fue interseccion,Sobre el lado de la calle,Construccion,Oscuro con iluminacion,lluvia,No,NO APLICA,99,99,99,99,1,23/03/2022,1
26,Michigan,260146,1,1,1,0,49,GENESEE (49),1680,FENTON,3,Marzo,26,2022,14,46,US-23,2,US Highway,Urbano,Arterial Principal -Freeway o ExpressWay,State Highway Agency,1,Sin jurisdiccion especial,16,42.80336944,-83.72861389,Objeto que se habia caido del vehiculo,El primer evento no fue una colision con un vehiculo automotor en transporte,Not an Intersection,No fue interseccion,Sobre calle,Ninguna,Dia total,Nublado,No,NO APLICA,14,50,99,99,1,26/03/2022,2
26,Michigan,260147,0,0,2,0,75,JACKSON (75),0,NO APLICA,3,Marzo,25,2022,13,34,SR-106 BUNKERHILL RD,3,Highway estatal,Rural,Arteria Menor,State Highway Agency,0,Sin jurisdiccion especial,58,42.3255,-84.36515833,Vehiculo en movimiento,Angulo,Not an Intersection,No fue interseccion,Sobre calle,Ninguna,Dia total,Despejado,No,NO APLICA,13,36,13,41,2,25/03/2022,3
26,Michigan,260148,0,0,1,0,5,ALLEGAN (5),3755,OVERISEL,3,Marzo,12,2022,17,39,CR-40TH ST,4,Calle del Condado,Rural,Colector Mayor,County Highway Agency,0,Sin jurisdiccion especial,2,42.76474722,-85.940225,Arbol,El primer evento no fue una colision con un vehiculo automotor en transporte,Not an Intersection,No fue interseccion,Fuera de la calle,Ninguna,Atardecer,Nublado,No,NO APLICA,99,99,99,99,1,12/03/2022,1
26,Michigan,260150,1,1,1,0,125,OAKLAND (125),3712,ORION TOWNSHIP,3,Marzo,4,2022,20,18,CR-INDIANWOOD RD,4,Calle del Condado,Urbano,Colector Mayor,County Highway Agency,0,Sin jurisdiccion especial,21,42.78836111,-83.27928889,Peaton,El primer evento no fue una colision con un vehiculo automotor en transporte,Not an Intersection,No fue interseccion,Sobre calle,Ninguna,Oscuro sin iluminacion,Despejado,No,NO APLICA,20,18,20,24,1,04/03/2022,1
26,Michigan,260151,0,0,2,0,21,BERRIEN (21),0,NO APLICA,3,Marzo,2,2022,19,0,CR-BROWNTOWN RD,4,Calle del Condado,Rural,Local,County Highway Agency,0,Sin jurisdiccion especial,59,41.89926389,-86.49439167,Vehiculo en movimiento,Angulo,Four-Way Intersection,Interseccion de 4 direcciones,Sobre calle,Ninguna,Oscuro sin iluminacion,Nublado,No,NO APLICA,99,99,19,20,1,02/03/2022,3
26,Michigan,260152,0,0,1,0,31,CHEBOYGAN (31),0,NO APLICA,3,Marzo,13,2022,6,59,CR-OLD ONAWAY RD,4,Calle del Condado,Rural,Colector Menor,County Highway Agency,0,Sin jurisdiccion especial,0,45.41073333,-84.547775,Acotamiento,El primer evento no fue una colision con un vehiculo automotor en transporte,Not an Intersection,No fue interseccion,Sobre el lado de la calle,Ninguna,Oscuro sin iluminacion,Nublado,No,NO APLICA,7,2,7,16,1,13/03/2022,1
26,Michigan,260153,0,0,2,0,161,WASHTENAW (161),0,NO APLICA,3,Marzo,6,2022,2,48,I-94,1,Interestatal,Urbano,Interestatal,State Highway Agency,1,Sin jurisdiccion especial,131,42.29831111,-83.87921667,Vehiculo en movimiento,Otro,Not an Intersection,No fue interseccion,Sobre calle,Ninguna,Oscuro sin iluminacion,Despejado,No,NO APLICA,99,99,99,99,2,06/03/2022,2
26,Michigan,260154,0,0,1,0,25,CALHOUN (25),0,NO APLICA,3,Marzo,11,2022,23,7,SR-60,3,Highway estatal,Rural,Arteria Menor,State Highway Agency,0,Sin jurisdiccion especial,207,42.15813056,-84.77303056,Arbol,El primer evento no fue una colision con un vehiculo automotor en transporte,Not an Intersection,No fue interseccion,Sobre el lado de la calle,Ninguna,Oscuro sin iluminacion,Nieve,No,NO APLICA,23,9,23,21,1,11/03/2022,1
26,Michigan,260155,0,0,1,0,65,INGHAM (65),2700,LANSING,3,Marzo,14,2022,11,40,SR-99 ML KING JR BLVD,3,Highway estatal,Urbano,Arteria Principal,State Highway Agency,1,Sin jurisdiccion especial,42,42.70466389,-84.5676,Otro objeto (fijo),El primer evento no fue una colision con un vehiculo automotor en transporte,Not an Intersection,No fue interseccion,Sobre el lado de la calle,Ninguna,Dia total,Despejado,No,536367D,11,46,11,52,1,14/03/2022,1
26,Michigan,260156,0,0,2,0,49,GENESEE (49),0,NO APLICA,3,Marzo,14,2022,11,45,CR-CLIO RD,4,Calle del Condado,Urbano,Arteria Menor,County Highway Agency,0,Sin jurisdiccion especial,45,43.10438056,-83.73395,Vehiculo en movimiento,Frente a frente,Not an Intersection,No fue interseccion,Sobre calle,Ninguna,Dia total,Despejado,No,NO APLICA,99,99,99,99,1,14/03/2022,2
26,Michigan,260157,0,0,2,0,93,LIVINGSTON (93),0,NO APLICA,3,Marzo,10,2022,19,30,CR-PINCKNEY RD,4,Calle del Condado,Urbano,Arteria Menor,County Highway Agency,0,Sin jurisdiccion especial,65,42.56235278,-83.93224722,Vehiculo en movimiento,Frente a frente,Not an Intersection,No fue interseccion,Sobre calle,Ninguna,Oscuro sin iluminacion,Nublado,No,NO APLICA,99,99,99,99,1,10/03/2022,2
26,Michigan,260158,0,0,1,0,137,OTSEGO (137),0,NO APLICA,3,Marzo,31,2022,8,3,CR-THUMB LAKE RD,4,Calle del Condado,Rural,Arteria Menor,County Highway Agency,0,Sin jurisdiccion especial,6,45.18727222,-84.72338889,Arbol,El primer evento no fue una colision con un vehiculo automotor en transporte,Not an Intersection,No fue interseccion,Sobre el lado de la calle,Ninguna,Dia total,Granizo,No,NO APLICA,99,99,99,99,1,31/03/2022,2
26,Michigan,260159,0,0,1,0,5,ALLEGAN (5),0,NO APLICA,3,Marzo,4,2022,21,44,CR-22ND ST,4,Calle del Condado,Rural,Local,County Highway Agency,0,Sin jurisdiccion especial,7,42.63171667,-85.76091111,Volcadura,El primer evento no fue una colision con un vehiculo automotor en transporte,Not an Intersection,No fue interseccion,Sobre el lado de la calle,Ninguna,Oscuro sin iluminacion,Despejado,No,NO APLICA,99,99,99,99,1,04/03/2022,1
26,Michigan,260160,0,0,3,0,115,MONROE (115),2413,IDA,3,Marzo,15,2022,6,59,CR-LEWIS RD,4,Calle del Condado,Rural,Colector Mayor,County Highway Agency,0,Sin jurisdiccion especial,68,41.82886944,-83.57030833,Vehiculo en movimiento,Golpe Lateral - direccion contraria,Not an Intersection,No fue interseccion,Sobre calle,Ninguna,Oscuro sin iluminacion,Nublado,No,NO APLICA,99,99,99,99,1,15/03/2022,5
26,Michigan,260161,1,1,1,0,125,OAKLAND (125),2230,HAZEL PARK,3,Marzo,18,2022,16,51,BRICKLEY AVE,6,Calle Local Municipalidad,Urbano,Local,City or Municipal Highway Agency,0,Sin jurisdiccion especial,3,42.47463333,-83.10463333,Peaton,El primer evento no fue una colision con un vehiculo automotor en transporte,Four-Way Intersection,Interseccion de 4 direcciones,Sobre calle,Ninguna,Dia total,Despejado,No,NO APLICA,16,51,16,55,1,18/03/2022,1
26,Michigan,260162,0,0,1,0,81,KENT (81),0,NO APLICA,4,Abril,1,2022,18,0,CR-64TH ST SE,4,Calle del Condado,Rural,Colector Mayor,County Highway Agency,0,Sin jurisdiccion especial,0,42.84884722,-85.39006111,Arbol,El primer evento no fue una colision con un vehiculo automotor en transporte,T-Intersection,Interseccion de T,Sobre el lado de la calle,Ninguna,Dia total,Despejado,No,NO APLICA,18,4,18,32,1,01/04/2022,1
26,Michigan,260163,0,0,1,0,127,OCEANA (127),0,NO APLICA,4,Abril,2,2022,0,34,CR- S 44TH AVE,4,Calle del Condado,Rural,Local,County Highway Agency,0,Sin jurisdiccion especial,0,43.58451667,-86.44784722,Arbol,El primer evento no fue una colision con un vehiculo automotor en transporte,Not an Intersection,No fue interseccion,Sobre el lado de la calle,Ninguna,Oscuro sin iluminacion,Despejado,No,NO APLICA,0,36,0,50,1,02/04/2022,5
26,Michigan,260164,1,1,1,0,75,JACKSON (75),0,NO APLICA,3,Marzo,19,2022,7,10,CR-PARNALL RD,4,Calle del Condado,Urbano,Arteria Menor,County Highway Agency,0,Sin jurisdiccion especial,29,42.29116389,-84.40544722,Peaton,El primer evento no fue una colision con un vehiculo automotor en transporte,Not an Intersection,No fue interseccion,Sobre calle,Ninguna,Oscuro sin iluminacion,lluvia,No,NO APLICA,7,11,7,15,1,19/03/2022,1
26,Michigan,260165,0,0,1,0,41,DELTA (41),287,BARK RIVER,4,Abril,2,2022,21,51,SR-69 F RD,3,Highway estatal,Rural,Arteria Menor,State Highway Agency,0,Sin jurisdiccion especial,39,45.74075,-87.26878333,Volcadura,El primer evento no fue una colision con un vehiculo automotor en transporte,Not an Intersection,No fue interseccion,Sobre calle,Ninguna,Oscuro sin iluminacion,Neblina o Humo,No,NO APLICA,21,51,22,2,1,02/04/2022,2
26,Michigan,260166,0,0,1,0,163,WAYNE (163),4975,VAN BOWEN,3,Marzo,1,2022,6,30,I-94 RAMP 192D,1,Interestatal,Urbano,Interestatal,State Highway Agency,1,Sin jurisdiccion especial,1,42.22074167,-83.4374,Arbol,El primer evento no fue una colision con un vehiculo automotor en transporte,Not an Intersection,No fue interseccion,Gore?,Ninguna,Oscuro sin iluminacion,Despejado,No,NO APLICA,99,99,99,99,1,01/03/2022,1
26,Michigan,260167,0,0,1,0,111,MIDLAND (111),1486,EDENVILLE,4,Abril,1,2022,23,33,CR-N LAKE SANFORD RD,4,Calle del Condado,Urbano,Colector Mayor,County Highway Agency,0,Sin jurisdiccion especial,9,43.73881944,-84.407475,Arbol,El primer evento no fue una colision con un vehiculo automotor en transporte,Not an Intersection,No fue interseccion,Sobre el lado de la calle,Ninguna,Oscuro sin iluminacion,Despejado,No,NO APLICA,23,38,23,44,1,01/04/2022,1
26,Michigan,260168,0,0,2,0,31,CHEBOYGAN (31),0,NO APLICA,4,Abril,7,2022,16,40,SR-33,3,Highway estatal,Rural,Arteria Menor,State Highway Agency,0,Sin jurisdiccion especial,30,45.41228611,-84.444775,Vehiculo en movimiento,Frente a Detrás,Not an Intersection,No fue interseccion,Sobre calle,Ninguna,Dia total,Nieve,No,NO APLICA,16,40,16,46,1,07/04/2022,2
26,Michigan,260169,0,0,2,0,145,SAGINAW (145),0,NO APLICA,3,Marzo,25,2022,0,32,SR-84 BAY RD,3,Highway estatal,Urbano,Arteria Principal,State Highway Agency,1,Sin jurisdiccion especial,51,43.50078889,-83.97319167,Vehiculo en movimiento,Frente a frente,Not an Intersection,No fue interseccion,Sobre calle,Ninguna,Oscuro con iluminacion,lluvia,No,NO APLICA,99,99,99,99,2,25/03/2022,4