Estado,Nombre de Estado,Numero de Caso,Peatones,Personas _no_vehiculos,Vehiculos automotores,Vehiculos estacionados,Condado,Nombre Condado,Ciudad,Nombre Ciudad,Mes,Nombre Mes,Dia,Año,Hora,Minuto,Calle,Ruta,Nombre Ruta,Rural o Urbanoo,Sistema Funcional,Dueño Calle,Sistema Nacional Carreteras,Jurisdiccion Especial,Milla,Latitud,Longitud,Causa del Accidente,Tipo de Accidente,Tipo Interseccion,Columna1,Lugar en la calle,Zona de Trabajo,Luz,Clima,Autobus Escolar,Cruce de Trenes,Hora Notificacion,Minuto Notificacion,Hora Llegada,Minuto Llegada,Decesos,Fecha,PersonaVehiculo
26,Michigan,260170,1,1,1,0,163,WAYNE (163),1260,DETROIT,4,Abril,4,2022,0,46,LIVERNOIS AVE,6,Calle Local Municipalidad,Urbano,Arteria Principal,City or Municipal Highway Agency,1,Sin jurisdiccion especial,37,42.35231389,-83.13588611,Ciclista,El primer evento no fue una colision con un vehiculo automotor en transporte,Four-Way Intersection,Interseccion de 4 direcciones,Sobre calle,Ninguna,Oscuro con iluminacion,Despejado,No,NO APLICA,99,99,99,99,1,04/04/2022,1
26,Michigan,260171,1,1,1,0,75,JACKSON (75),2764,LEONI,4,Abril,8,2022,19,39,SR-ANN ARBOR RD,3,Highway estatal,Urbano,Colector Mayor,State Highway Agency,0,Sin jurisdiccion especial,31,42.2772,-84.30798611,Peaton,El primer evento no fue una colision con un vehiculo automotor en transporte,Four-Way Intersection,Interseccion de 4 direcciones,Sobre calle,Ninguna,Atardecer,Nublado,No,NO APLICA,19,41,19,47,1,08/04/2022,1
26,Michigan,260172,0,0,2,0,45,EATON (45),1245,DELTA MILLS,3,Marzo,20,2022,14,53,CR-MT HOPE RD,4,Calle del Condado,Urbano,Colector Mayor,County Highway Agency,0,Sin jurisdiccion especial,213,42.71206111,-84.66203611,Vehiculo en movimiento,Angulo,Four-Way Intersection,Interseccion de 4 direcciones,Sobre calle,Ninguna,Dia total,Despejado,No,NO APLICA,14,54,14,58,2,20/03/2022,3
26,Michigan,260173,0,0,2,0,117,MONTCALM (117),2060,GREENVILLE,4,Abril,9,2022,15,31,SR-57 CARSON CITY RD,3,Highway estatal,Urbano,Arteria Menor,State Highway Agency,0,Sin jurisdiccion especial,47,43.17054444,-85.22343056,Vehiculo en movimiento,Angulo,T-Intersection,Interseccion de T,Sobre calle,Ninguna,Dia total,Nublado,No,NO APLICA,15,13,15,21,1,09/04/2022,3
26,Michigan,260174,0,0,1,0,163,WAYNE (163),1260,DETROIT,3,Marzo,21,2022,22,5,CR-OUTER DR,4,Calle del Condado,Urbano,Arteria Menor,County Highway Agency,0,Sin jurisdiccion especial,14,42.41956667,-83.20103056,Poste de Señal de trafico,El primer evento no fue una colision con un vehiculo automotor en transporte,Four-Way Intersection,Interseccion de 4 direcciones,En el medio,Ninguna,Oscuro con iluminacion,Despejado,No,NO APLICA,99,99,99,99,1,21/03/2022,1
26,Michigan,260175,0,0,2,0,163,WAYNE (163),5279,WOODHAVEN,4,Abril,9,2022,22,10,CR-WEST RD,4,Calle del Condado,Urbano,Arteria Principal,County Highway Agency,1,Sin jurisdiccion especial,71,42.14073056,-83.22623333,Vehiculo en movimiento,Angulo,Four-Way Intersection,Interseccion de 4 direcciones,Sobre calle,Ninguna,Oscuro con iluminacion,Despejado,No,NO APLICA,99,99,99,99,1,09/04/2022,5
26,Michigan,260176,0,0,1,0,113,MISSAUKEE (113),0,NO APLICA,4,Abril,12,2022,17,15,CR-E MOORESTOWN RD,4,Calle del Condado,Rural,Colector Mayor,County Highway Agency,0,Sin jurisdiccion especial,61,44.46597222,-85.03214722,Arbol,El primer evento no fue una colision con un vehiculo automotor en transporte,Not an Intersection,No fue interseccion,Sobre el lado de la calle,Ninguna,Dia total,Despejado,No,NO APLICA,17,28,17,44,1,12/04/2022,1
26,Michigan,260177,0,0,2,0,147,ST. CLAIR (147),1560,EMMETT,3,Marzo,24,2022,13,0,SR-19 KINNEY RD,3,Highway estatal,Rural,Arteria Menor,State Highway Agency,0,Sin jurisdiccion especial,51,42.98600556,-82.76486389,Vehiculo en movimiento,Frente a frente,Not an Intersection,No fue interseccion,Sobre calle,Ninguna,Dia total,Nublado,No,NO APLICA,13,7,13,12,2,24/03/2022,5
26,Michigan,260178,0,0,3,0,125,OAKLAND (125),5255,WIXOM,4,Abril,2,2022,9,4,I-96,1,Interestatal,Urbano,Interestatal,State Highway Agency,1,Sin jurisdiccion especial,75,42.49651389,-83.52857222,Vehiculo en movimiento,Frente a Detrás,Not an Intersection,No fue interseccion,Sobre calle,Construccion,Dia total,Nublado,No,NO APLICA,99,99,99,99,1,02/04/2022,7
26,Michigan,260179,0,0,1,0,25,CALHOUN (25),3885,PENNFIELD,3,Marzo,25,2022,17,57,CR-STRUWIN RD,4,Calle del Condado,Rural,Local,County Highway Agency,0,Sin jurisdiccion especial,11,42.40895,-85.14306944,Arbol,El primer evento no fue una colision con un vehiculo automotor en transporte,Not an Intersection,No fue interseccion,Sobre el lado de la calle,Ninguna,Dia total,lluvia,No,NO APLICA,17,57,18,2,1,25/03/2022,5
26,Michigan,260180,0,0,1,0,81,KENT (81),785,CASCADE,4,Abril,5,2022,11,53,CR-TERMINAL DR SE,4,Calle del Condado,Trafficway Not in State Inventory,Via no en inventario estatal,Trafficway Not in State Inventory,0,Sin jurisdiccion especial,4,42.88371944,-85.53259167,Otro objeto (fijo),El primer evento no fue una colision con un vehiculo automotor en transporte,Not an Intersection,No fue interseccion,Sobre el lado de la calle,Ninguna,Dia total,Nublado,No,NO APLICA,99,99,99,99,1,05/04/2022,2
26,Michigan,260181,0,0,2,0,5,ALLEGAN (5),0,NO APLICA,4,Abril,16,2022,4,23,CR-58TH ST,4,Calle del Condado,Rural,Arteria Menor,County Highway Agency,0,Sin jurisdiccion especial,27,42.63307778,-86.11453056,Vehiculo en movimiento,Frente a frente,Not an Intersection,No fue interseccion,Sobre calle,Ninguna,Oscuro sin iluminacion,Despejado,No,NO APLICA,4,26,4,41,1,16/04/2022,4
26,Michigan,260182,0,0,2,0,163,WAYNE (163),1720,FLAT ROCK,4,Abril,7,2022,12,53,US-24 TELEGRAPH RD,2,US Highway,Urbano,Arteria Principal,State Highway Agency,1,Sin jurisdiccion especial,14,42.11191389,-83.283575,Vehiculo en movimiento,Angulo,Not an Intersection,No fue interseccion,Sobre calle,Ninguna,Dia total,Despejado,No,NO APLICA,12,58,13,1,1,07/04/2022,2
26,Michigan,260184,1,1,3,0,163,WAYNE (163),1260,DETROIT,4,Abril,14,2022,20,30,CR-W MCNICHOLS RD,4,Calle del Condado,Urbano,Arteria Principal,County Highway Agency,1,Sin jurisdiccion especial,173,42.41566111,-83.212075,Ciclista,El primer evento no fue una colision con un vehiculo automotor en transporte,Four-Way Intersection,Interseccion de 4 direcciones,Sobre calle,Ninguna,Oscuro sin iluminacion,Despejado,No,NO APLICA,99,99,99,99,1,14/04/2022,5
26,Michigan,260185,1,1,2,0,163,WAYNE (163),1260,DETROIT,4,Abril,17,2022,3,45,SR-3 GRATIOTA AVE,3,Highway estatal,Urbano,Arteria Principal,State Highway Agency,1,Sin jurisdiccion especial,60,42.40495278,-82.99758333,Vehiculo en movimiento,Angulo,Four-Way Intersection,Interseccion de 4 direcciones,Sobre calle,Ninguna,No reportada,No reportado,No,NO APLICA,99,99,99,99,1,17/04/2022,2
26,Michigan,260186,0,0,1,0,149,ST JOSEPH (149),0,NO APLICA,4,Abril,19,2022,7,50,CR-CENTREVILLE CONSTANTINE RD,4,Calle del Condado,Rural,Colector Mayor,County Highway Agency,0,Sin jurisdiccion especial,39,41.88101389,-85.59095833,Arbol,El primer evento no fue una colision con un vehiculo automotor en transporte,Not an Intersection,No fue interseccion,Sobre el lado de la calle,Ninguna,Dia total,Nublado,No,NO APLICA,7,52,8,8,1,19/04/2022,2
26,Michigan,260187,0,0,2,0,99,MACOMB (99),1009,CLINTON TOWNSHIP,3,Marzo,29,2022,19,25,CR-19 MILE RD,4,Calle del Condado,Urbano,Arteria Menor,County Highway Agency,0,Sin jurisdiccion especial,20,42.61315556,-82.94322778,Vehiculo en movimiento,Golpe Lateral - misma direccion,Not an Intersection,No fue interseccion,Sobre calle,Ninguna,Dia total,Despejado,No,NO APLICA,19,29,19,33,1,29/03/2022,3
26,Michigan,260188,0,0,1,0,9,ANTRIM (9),0,NO APLICA,4,Abril,22,2022,8,34,CR-S KORTHASE RD,4,Calle del Condado,Rural,Colector Mayor,County Highway Agency,0,Sin jurisdiccion especial,10,45.11132778,-84.98143611,Arbol,El primer evento no fue una colision con un vehiculo automotor en transporte,Not an Intersection,No fue interseccion,Sobre el lado de la calle,Ninguna,Dia total,Despejado,No,NO APLICA,8,37,8,48,1,22/04/2022,2
26,Michigan,260189,0,0,2,0,35,CLARE (35),0,NO APLICA,4,Abril,23,2022,18,59,CR-E DOVER RD,4,Calle del Condado,Rural,Local,County Highway Agency,0,Sin jurisdiccion especial,30,43.887175,-84.76799722,Vehiculo en movimiento,Angulo,Four-Way Intersection,Interseccion de 4 direcciones,Sobre calle,Ninguna,Atardecer,Despejado,No,NO APLICA,19,0,19,22,1,23/04/2022,3
26,Michigan,260190,0,0,2,0,163,WAYNE (163),1260,DETROIT,3,Marzo,29,2022,23,44,VISGER ST,6,Calle Local Municipalidad,Urbano,Colector Mayor,City or Municipal Highway Agency,0,Sin jurisdiccion especial,3,42.26600556,-83.15654444,Vehiculo en movimiento,Angulo,Four-Way Intersection,Interseccion de 4 direcciones,Sobre calle,Ninguna,Oscuro con iluminacion,Despejado,No,NO APLICA,99,99,99,99,1,29/03/2022,3
26,Michigan,260191,0,0,2,0,31,CHEBOYGAN (31),0,NO APLICA,4,Abril,27,2022,5,25,SR-68/33 HWY,3,Highway estatal,Rural,Arteria Menor,State Highway Agency,0,Sin jurisdiccion especial,109,45.37311111,-84.42378056,Vehiculo en movimiento,Frente a frente,Not an Intersection,No fue interseccion,Sobre calle,Ninguna,Oscuro sin iluminacion,Nieve,No,NO APLICA,5,25,5,39,1,27/04/2022,2
26,Michigan,260192,0,0,2,0,75,JACKSON (75),2764,LEONI,3,Marzo,30,2022,21,16,CR-PAGE AVE,4,Calle del Condado,Urbano,Arteria Menor,County Highway Agency,0,Sin jurisdiccion especial,27,42.23786667,-84.34371944,Vehiculo en movimiento,Frente a Detrás,Not an Intersection,No fue interseccion,Sobre calle,Ninguna,Oscuro con iluminacion,Nublado,No,NO APLICA,21,16,21,18,1,30/03/2022,2
26,Michigan,260193,0,0,2,0,5,ALLEGAN (5),0,NO APLICA,4,Abril,4,2022,13,19,SR-40,3,Highway estatal,Rural,Arteria Menor,State Highway Agency,0,Sin jurisdiccion especial,52,42.492825,-85.85784722,Vehiculo en movimiento,Angulo,Four-Way Intersection,Interseccion de 4 direcciones,Sobre calle,Ninguna,Dia total,lluvia,No,NO APLICA,99,99,99,99,1,04/04/2022,2
26,Michigan,260194,0,0,1,0,163,WAYNE (163),1260,DETROIT,3,Marzo,23,2022,22,36,I-96,1,Interestatal,Urbano,Interestatal,State Highway Agency,1,Sin jurisdiccion especial,54,42.38333333,-83.14963889,Volcadura,El primer evento no fue una colision con un vehiculo automotor en transporte,Not an Intersection,No fue interseccion,Sobre el lado de la calle,Ninguna,Oscuro sin iluminacion,Despejado,No,NO APLICA,99,99,99,99,1,23/03/2022,1
26,Michigan,260195,0,0,2,0,77,KALAMAZOO (77),2520,KALAMAZOO,3,Marzo,31,2022,1,45,PARK ST,6,Calle Local Municipalidad,Urbano,Arteria Principal,State Highway Agency,1,Sin jurisdiccion especial,8,42.30336389,-85.58761111,Vehiculo en movimiento,Angulo,Four-Way Intersection,Interseccion de 4 direcciones,Sobre calle,Ninguna,Oscuro con iluminacion,Nublado,No,NO APLICA,99,99,99,99,1,31/03/2022,2
26,Michigan,260196,0,0,2,0,163,WAYNE (163),1260,DETROIT,4,Abril,28,2022,0,30,SR-102 W 8 MILE RD,3,Highway estatal,Urbano,Arteria Principal,State Highway Agency,1,Sin jurisdiccion especial,52,42.44424722,-83.21926111,Vehiculo en movimiento,Angulo,Four-Way Intersection,Interseccion de 4 direcciones,Sobre calle,Ninguna,Oscuro con iluminacion,Despejado,No,NO APLICA,99,99,99,99,1,28/04/2022,4
26,Michigan,260197,0,0,1,0,39,CRAWFORD (39),0,NO APLICA,3,Marzo,21,2022,17,47,I-75,1,Interestatal,Rural,Interestatal,State Highway Agency,1,Sin jurisdiccion especial,239,44.84126389,-84.70751111,Arbol,El primer evento no fue una colision con un vehiculo automotor en transporte,Not an Intersection,No fue interseccion,Sobre el lado de la calle,Ninguna,Dia total,Soplando nieve,No,NO APLICA,99,98,99,98,1,21/03/2022,1
26,Michigan,260198,0,0,2,0,125,OAKLAND (125),208,ABURN HILLS,3,Marzo,3,2022,6,26,CR-BROWN RD,4,Calle del Condado,Urbano,Arteria Menor,County Highway Agency,0,Sin jurisdiccion especial,17,42.70796389,-83.27006667,Vehiculo en movimiento,Frente a frente,Not an Intersection,No fue interseccion,Sobre calle,Ninguna,Oscuro sin iluminacion,Despejado,No,NO APLICA,6,26,6,31,1,03/03/2022,2
26,Michigan,260199,1,1,1,0,49,GENESEE (49),1730,FLINT,2,Febrero,9,2022,20,36,PIERSON RD,6,Calle Local Municipalidad,Urbano,Arteria Principal,City or Municipal Highway Agency,1,Sin jurisdiccion especial,61,43.06103333,-83.70193611,Peaton,El primer evento no fue una colision con un vehiculo automotor en transporte,Not an Intersection,No fue interseccion,Sobre calle,Ninguna,Oscuro con iluminacion,Despejado,No,NO APLICA,20,36,20,40,1,09/02/2022,1
26,Michigan,260200,1,1,2,0,125,OAKLAND (125),512,BLOOMFIELD VILLAGE,4,Abril,30,2022,1,37,I-75,1,Interestatal,Urbano,Interestatal,State Highway Agency,1,Sin jurisdiccion especial,171,42.61997222,-83.23523611,Peaton,El primer evento no fue una colision con un vehiculo automotor en transporte,Not an Intersection,No fue interseccion,Sobre calle,Ninguna,Oscuro sin iluminacion,Despejado,No,NO APLICA,1,40,1,49,1,30/04/2022,2
26,Michigan,260201,0,0,2,0,163,WAYNE (163),1260,DETROIT,2,Febrero,6,2022,6,43,SR-10,3,Highway estatal,Urbano,Arterial Principal -Freeway o ExpressWay,State Highway Agency,1,Sin jurisdiccion especial,35,42.40499722,-83.15908056,Vehiculo en movimiento,Frente a Detrás,Not an Intersection,No fue interseccion,Sobre calle,Ninguna,Oscuro con iluminacion,Nublado,No,NO APLICA,99,99,99,99,1,06/02/2022,2
26,Michigan,260202,0,0,1,0,125,OAKLAND (125),5166,W. BLOOMFIELD,4,Abril,18,2022,20,37,CR-BRANFORD DR,4,Calle del Condado,Urbano,Local,County Highway Agency,0,Sin jurisdiccion especial,7,42.5485,-83.42057778,Otro objeto (fijo),El primer evento no fue una colision con un vehiculo automotor en transporte,Not an Intersection,No fue interseccion,Sobre el lado de la calle,Ninguna,Atardecer,Nieve,No,NO APLICA,20,39,20,44,1,18/04/2022,3
26,Michigan,260203,0,0,3,0,77,KALAMAZOO (77),1084,COMSTOCK,3,Marzo,16,2022,11,10,SR-343 GULL RD,3,Highway estatal,Urbano,Arteria Menor,State Highway Agency,0,Sin jurisdiccion especial,39,42.32894444,-85.51061111,Vehiculo en movimiento,Angulo,Not an Intersection,No fue interseccion,Sobre calle,Ninguna,Dia total,Despejado,No,NO APLICA,99,99,99,99,1,16/03/2022,5
26,Michigan,260204,0,0,1,0,143,ROSCOMMON (143),0,NO APLICA,4,Abril,30,2022,2,49,SR-55 W HOUGHTON LAKE DR,3,Highway estatal,Urbano,Arteria Menor,State Highway Agency,0,Sin jurisdiccion especial,31,44.33560833,-84.79174167,Volcadura,El primer evento no fue una colision con un vehiculo automotor en transporte,Not an Intersection,No fue interseccion,Sobre el lado de la calle,Ninguna,Oscuro con iluminacion,Despejado,No,NO APLICA,99,99,99,99,1,30/04/2022,1
26,Michigan,260205,0,0,1,0,163,WAYNE (163),4975,VAN BOWEN,4,Abril,25,2022,13,20,CR-ECORSE RD,4,Calle del Condado,Urbano,Arteria Menor,County Highway Agency,0,Sin jurisdiccion especial,10,42.2484,-83.54096667,Arbol,El primer evento no fue una colision con un vehiculo automotor en transporte,Not an Intersection,No fue interseccion,Sobre el lado de la calle,Ninguna,Dia total,lluvia,No,NO APLICA,99,99,99,99,1,25/04/2022,2
26,Michigan,260206,1,1,1,0,163,WAYNE (163),738,CANTON TOWNSHIP,3,Marzo,11,2022,23,18,I-275,1,Interestatal,Urbano,Interestatal,State Highway Agency,1,Sin jurisdiccion especial,169,42.31766944,-83.443375,Peaton,El primer evento no fue una colision con un vehiculo automotor en transporte,Not an Intersection,No fue interseccion,Sobre calle,Construccion,Oscuro con iluminacion,Despejado,No,NO APLICA,23,18,99,99,1,11/03/2022,1
26,Michigan,260207,0,0,3,0,81,KENT (81),2010,GRAND RAPIDS,3,Marzo,27,2022,3,14,US-131,2,US Highway,Urbano,Arterial Principal -Freeway o ExpressWay,State Highway Agency,1,Sin jurisdiccion especial,109,42.92505833,-85.68201944,Vehiculo en movimiento,Frente a frente,Not an Intersection,No fue interseccion,Sobre calle,Ninguna,Oscuro con iluminacion,Nublado,No,NO APLICA,99,99,99,99,1,27/03/2022,3
26,Michigan,260208,0,0,1,0,115,MONROE (115),1586,ERIE,3,Marzo,28,2022,3,30,SUMMIT ST,8,Otro,Rural,Arteria Menor,Not Reported,0,Sin jurisdiccion especial,9,41.77741111,-83.4903,Volcadura,El primer evento no fue una colision con un vehiculo automotor en transporte,Not an Intersection,No fue interseccion,Sobre el lado de la calle,Ninguna,Oscuro sin iluminacion,Despejado,No,NO APLICA,3,39,4,23,1,28/03/2022,1
26,Michigan,260209,1,1,1,0,99,MACOMB (99),4731,STERLING HEIGHTS,3,Marzo,8,2022,13,30,SR-53 VAN DYKE AVE,3,Highway estatal,Urbano,Arteria Principal,State Highway Agency,1,Sin jurisdiccion especial,61,42.53681389,-83.02945,Ciclista,El primer evento no fue una colision con un vehiculo automotor en transporte,Four-Way Intersection,Interseccion de 4 direcciones,Sobre calle,Ninguna,Dia total,Despejado,No,NO APLICA,13,31,13,35,1,08/03/2022,1
26,Michigan,260210,0,0,1,0,49,GENESEE (49),1730,FLINT,3,Marzo,22,2022,9,7,PIERSON RD,6,Calle Local Municipalidad,Urbano,Arteria Principal,City or Municipal Highway Agency,1,Sin jurisdiccion especial,68,43.0611,-83.68743889,Poste,El primer evento no fue una colision con un vehiculo automotor en transporte,Four-Way Intersection,Interseccion de 4 direcciones,Sobre el lado de la calle,Ninguna,Dia total,Despejado,No,NO APLICA,9,8,9,14,1,22/03/2022,1
26,Michigan,260211,0,0,1,0,35,CLARE (35),0,NO APLICA,4,Abril,19,2022,9,55,SR-US-127 BR CLARE AVE,3,Highway estatal,Rural,Colector Mayor,State Highway Agency,0,Sin jurisdiccion especial,15,44.04173056,-84.808375,Buzon de correo,El primer evento no fue una colision con un vehiculo automotor en transporte,Not an Intersection,No fue interseccion,Sobre el lado de la calle,Ninguna,Dia total,Nublado,No,NO APLICA,10,0,10,7,1,19/04/2022,2
26,Michigan,260212,0,0,1,0,41,DELTA (41),0,NO APLICA,4,Abril,13,2022,3,44,CR-21ST ST,4,Calle del Condado,Rural,Arteria Menor,County Highway Agency,0,Sin jurisdiccion especial,74,45.84068889,-87.07690556,Volcadura,El primer evento no fue una colision con un vehiculo automotor en transporte,Not an Intersection,No fue interseccion,Sobre el lado de la calle,Ninguna,Oscuro sin iluminacion,lluvia,No,NO APLICA,3,47,4,3,1,13/04/2022,2
26,Michigan,260213,0,0,1,0,163,WAYNE (163),1260,DETROIT,5,Mayo,1,2022,1,0,W CHICAGO ST,6,Calle Local Municipalidad,Urbano,Local,City or Municipal Highway Agency,0,Sin jurisdiccion especial,5,42.365425,-83.20374167,Arbol,El primer evento no fue una colision con un vehiculo automotor en transporte,T-Intersection,Interseccion de T,Sobre el lado de la calle,Ninguna,Oscuro con iluminacion,Despejado,No,NO APLICA,99,99,99,99,1,01/05/2022,1
26,Michigan,260214,0,0,2,0,89,LEELANAU (89),0,NO APLICA,5,Mayo,7,2022,13,15,CR-E CHERRY BEND RD,4,Calle del Condado,Urbano,Colector Mayor,County Highway Agency,0,Sin jurisdiccion especial,3,44.81683056,-85.66269722,Vehiculo en movimiento,Angulo,Not an Intersection,No fue interseccion,Sobre calle,Ninguna,Dia total,Despejado,No,NO APLICA,13,15,13,20,2,07/05/2022,4
26,Michigan,260215,0,0,1,0,17,BAY (17),0,NO APLICA,4,Abril,2,2022,3,4,CR-7 MILE RD,4,Calle del Condado,Rural,Colector Mayor,County Highway Agency,0,Sin jurisdiccion especial,167,43.76678333,-84.02748611,Zanja,El primer evento no fue una colision con un vehiculo automotor en transporte,Not an Intersection,No fue interseccion,Sobre el lado de la calle,Ninguna,Oscuro sin iluminacion,Despejado,No,NO APLICA,3,5,3,18,1,02/04/2022,1
26,Michigan,260216,0,0,1,0,145,SAGINAW (145),4350,SAGINAW,5,Mayo,7,2022,2,34,MAPLE ST,6,Calle Local Municipalidad,Urbano,Local,City or Municipal Highway Agency,0,Sin jurisdiccion especial,12,43.41149444,-83.98516389,Banqueta,El primer evento no fue una colision con un vehiculo automotor en transporte,Four-Way Intersection,Interseccion de 4 direcciones,Sobre el lado de la calle,Ninguna,Oscuro con iluminacion,Despejado,No,NO APLICA,99,99,99,99,1,07/05/2022,1
26,Michigan,260217,0,0,1,0,15,BARRY (15),0,NO APLICA,5,Mayo,5,2022,15,40,SR-43,3,Highway estatal,Rural,Arteria Menor,State Highway Agency,0,Sin jurisdiccion especial,149,42.6019,-85.35702778,Arbol,El primer evento no fue una colision con un vehiculo automotor en transporte,Not an Intersection,No fue interseccion,Sobre el lado de la calle,Ninguna,Dia total,Nublado,No,NO APLICA,15,40,15,55,1,05/05/2022,1
26,Michigan,260218,0,0,1,0,107,MECOSTA (107),0,NO APLICA,4,Abril,2,2022,17,8,US-131,2,US Highway,Urbano,Arterial Principal -Freeway o ExpressWay,State Highway Agency,1,Sin jurisdiccion especial,155,43.68666389,-85.52061111,Soporte de Puente,El primer evento no fue una colision con un vehiculo automotor en transporte,Not an Intersection,No fue interseccion,En el medio,Ninguna,Dia total,Despejado,No,NO APLICA,17,9,17,21,1,02/04/2022,1
26,Michigan,260219,0,0,3,0,129,OGEMAW (129),0,NO APLICA,5,Mayo,9,2022,10,9,SR-33,3,Highway estatal,Rural,Arteria Principal,State Highway Agency,1,Sin jurisdiccion especial,154,44.38323333,-84.11604722,Vehiculo en movimiento,Frente a Detrás,Not an Intersection,No fue interseccion,Sobre calle,Ninguna,Dia total,Despejado,No,NO APLICA,99,99,99,99,1,09/05/2022,3
26,Michigan,260220,0,0,1,0,35,CLARE (35),0,NO APLICA,4,Abril,4,2022,14,3,US-127,2,US Highway,Rural,Arterial Principal -Freeway o ExpressWay,State Highway Agency,1,Sin jurisdiccion especial,159,44.034775,-84.77914444,Zanja,El primer evento no fue una colision con un vehiculo automotor en transporte,Not an Intersection,No fue interseccion,En el medio,Ninguna,Dia total,Nieve,No,NO APLICA,14,6,14,18,1,04/04/2022,1
26,Michigan,260221,0,0,2,0,81,KENT (81),0,NO APLICA,5,Mayo,7,2022,19,11,CR-SPARTA AVE NW,4,Calle del Condado,Rural,Colector Mayor,County Highway Agency,0,Sin jurisdiccion especial,46,43.19419167,-85.71157222,Vehiculo en movimiento,Angulo,T-Intersection,Interseccion de T,Sobre calle,Ninguna,Dia total,Despejado,No,NO APLICA,99,99,99,99,1,07/05/2022,6
26,Michigan,260222,0,0,2,0,137,OTSEGO (137),0,NO APLICA,4,Abril,1,2022,17,25,CR-MCCOY RD,4,Calle del Condado,Urbano,Arteria Menor,County Highway Agency,0,Sin jurisdiccion especial,2,45.00302778,-84.68211389,Vehiculo en movimiento,Frente a Detrás,Not an Intersection,No fue interseccion,Sobre calle,Ninguna,Dia total,Despejado,No,NO APLICA,18,0,18,7,1,01/04/2022,2
26,Michigan,260223,0,0,1,0,107,MECOSTA (107),0,NO APLICA,4,Abril,6,2022,5,35,CR-11 MILE RD,4,Calle del Condado,Rural,Colector Mayor,County Highway Agency,0,Sin jurisdiccion especial,7,43.62585833,-85.20638889,Zanja,El primer evento no fue una colision con un vehiculo automotor en transporte,Not an Intersection,No fue interseccion,Sobre el lado de la calle,Ninguna,Oscuro sin iluminacion,lluvia,No,NO APLICA,5,37,5,45,1,06/04/2022,1
26,Michigan,260224,0,0,1,0,121,MUSKEGON (121),0,NO APLICA,4,Abril,9,2022,2,13,CR-WHITE RD,4,Calle del Condado,Rural,Colector Menor,County Highway Agency,0,Sin jurisdiccion especial,7,43.26471667,-85.97251944,Volcadura,El primer evento no fue una colision con un vehiculo automotor en transporte,Not an Intersection,No fue interseccion,Sobre el lado de la calle,Ninguna,Oscuro sin iluminacion,Nieve,No,NO APLICA,2,13,2,28,1,09/04/2022,1
26,Michigan,260225,0,0,2,0,35,CLARE (35),0,NO APLICA,4,Abril,15,2022,18,56,SR-115 CADILLAC RD,3,Highway estatal,Rural,Arteria Principal,State Highway Agency,0,Sin jurisdiccion especial,120,43.86791667,-84.91573889,Volcadura,El primer evento no fue una colision con un vehiculo automotor en transporte,Not an Intersection,No fue interseccion,Sobre calle,Ninguna,Dia total,Despejado,No,NO APLICA,18,58,19,15,1,15/04/2022,2
26,Michigan,260226,0,0,2,0,27,CASS (27),0,NO APLICA,4,Abril,14,2022,6,36,SR-60,3,Highway estatal,Rural,Arteria Menor,State Highway Agency,0,Sin jurisdiccion especial,175,41.91881667,-85.94869444,Vehiculo en movimiento,Frente a frente,Not an Intersection,No fue interseccion,Sobre calle,Ninguna,Amanecer,Despejado,No,NO APLICA,99,99,99,99,1,14/04/2022,2
26,Michigan,260227,0,0,2,0,93,LIVINGSTON (93),0,NO APLICA,5,Mayo,11,2022,1,47,I-96,1,Interestatal,Urbano,Interestatal,State Highway Agency,1,Sin jurisdiccion especial,77,42.62648333,-84.00468056,Vehiculo en movimiento,Frente a frente,Not an Intersection,No fue interseccion,Sobre calle,Ninguna,Oscuro sin iluminacion,Despejado,No,NO APLICA,99,99,99,99,2,11/05/2022,4
26,Michigan,260228,0,0,1,0,25,CALHOUN (25),0,NO APLICA,5,Mayo,9,2022,21,4,CR-S COLLIER RD,4,Calle del Condado,Urbano,Local,County Highway Agency,0,Sin jurisdiccion especial,7,42.36393333,-85.259575,Volcadura,El primer evento no fue una colision con un vehiculo automotor en transporte,Not an Intersection,No fue interseccion,Sobre el lado de la calle,Ninguna,Oscuro sin iluminacion,Despejado,No,NO APLICA,99,99,99,99,1,09/05/2022,2
26,Michigan,260229,0,0,2,0,75,JACKSON (75),0,NO APLICA,5,Mayo,11,2022,22,47,CR-FOX RD,4,Calle del Condado,Urbano,Local,County Highway Agency,0,Sin jurisdiccion especial,3,42.25471389,-84.28948889,Vehiculo en movimiento,Frente a frente,Not an Intersection,No fue interseccion,Sobre calle,Ninguna,Oscuro con iluminacion,Nublado,No,NO APLICA,99,99,99,99,1,11/05/2022,2
26,Michigan,260230,1,1,1,0,125,OAKLAND (125),3641,OAK PARK,4,Abril,18,2022,21,9,COOLIDGE HWY,6,Calle Local Municipalidad,Urbano,Arteria Menor,City or Municipal Highway Agency,0,Sin jurisdiccion especial,18,42.47272778,-83.18259722,Peaton,El primer evento no fue una colision con un vehiculo automotor en transporte,Not an Intersection,No fue interseccion,Sobre calle,Ninguna,Oscuro con iluminacion,Nieve,No,NO APLICA,21,11,21,19,1,18/04/2022,1
26,Michigan,260231,0,0,2,0,139,OTTAWA (139),0,NO APLICA,5,Mayo,12,2022,13,38,CR-E LAKEWOOD BLVD,4,Calle del Condado,Urbano,Arteria Menor,County Highway Agency,0,Sin jurisdiccion especial,59,42.80469444,-86.09180278,Vehiculo en movimiento,Frente a frente,Four-Way Intersection,Interseccion de 4 direcciones,Sobre calle,Ninguna,Dia total,Despejado,No,NO APLICA,99,99,99,99,1,12/05/2022,2
26,Michigan,260232,0,0,1,0,147,ST. CLAIR (147),0,NO APLICA,4,Abril,25,2022,14,29,SR-25 LAKESHORE DR,3,Highway estatal,Urbano,Arteria Principal,Town or Township Highway Agency,1,Sin jurisdiccion especial,84,43.11054722,-82.49008611,Poste de Señal de trafico,El primer evento no fue una colision con un vehiculo automotor en transporte,Not an Intersection,No fue interseccion,Sobre el lado de la calle,Ninguna,Dia total,Nublado,No,NO APLICA,14,39,14,57,1,25/04/2022,1