Estado,Nombre de Estado,Numero de Caso,Peatones,Personas _no_vehiculos,Vehiculos automotores,Vehiculos estacionados,Condado,Nombre Condado,Ciudad,Nombre Ciudad,Mes,Nombre Mes,Dia,Año,Hora,Minuto,Calle,Ruta,Nombre Ruta,Rural o Urbanoo,Sistema Funcional,Dueño Calle,Sistema Nacional Carreteras,Jurisdiccion Especial,Milla,Latitud,Longitud,Causa del Accidente,Tipo de Accidente,Tipo Interseccion,Columna1,Lugar en la calle,Zona de Trabajo,Luz,Clima,Autobus Escolar,Cruce de Trenes,Hora Notificacion,Minuto Notificacion,Hora Llegada,Minuto Llegada,Decesos,Fecha,PersonaVehiculo
26,Michigan,260233,0,0,1,0,81,KENT (81),0,NO APLICA,5,Mayo,15,2022,1,16,CR-LINCOLN LAKE AVE NE,4,Calle del Condado,Rural,Colector Mayor,County Highway Agency,0,Sin jurisdiccion especial,170,43.110675,-85.35258611,Arbol,El primer evento no fue una colision con un vehiculo automotor en transporte,Not an Intersection,No fue interseccion,Sobre el lado de la calle,Ninguna,Oscuro sin iluminacion,Despejado,No,NO APLICA,99,99,99,99,1,15/05/2022,1
26,Michigan,260234,0,0,1,0,27,CASS (27),0,NO APLICA,4,Abril,30,2022,16,2,SR-60,3,Highway estatal,Rural,Arteria Menor,State Highway Agency,0,Sin jurisdiccion especial,251,41.90479722,-85.80753889,Arbol,El primer evento no fue una colision con un vehiculo automotor en transporte,Not an Intersection,No fue interseccion,Sobre el lado de la calle,Ninguna,Dia total,Nublado,No,NO APLICA,99,99,99,99,1,30/04/2022,2
26,Michigan,260235,0,0,1,0,123,NEWAYGO (123),0,NO APLICA,5,Mayo,7,2022,22,12,CR-13 MILE RD,4,Calle del Condado,Rural,Colector Mayor,County Highway Agency,0,Sin jurisdiccion especial,40,43.74166111,-85.95898889,Arbol,El primer evento no fue una colision con un vehiculo automotor en transporte,Not an Intersection,No fue interseccion,Sobre el lado de la calle,Ninguna,Oscuro sin iluminacion,Despejado,No,NO APLICA,99,99,99,99,1,07/05/2022,1
26,Michigan,260236,1,1,1,0,49,GENESEE (49),1730,FLINT,2,Febrero,22,2022,21,42,WELCH BLVD,6,Calle Local Municipalidad,Urbano,Arteria Principal,City or Municipal Highway Agency,1,Sin jurisdiccion especial,10,43.03728889,-83.73053889,Peaton,El primer evento no fue una colision con un vehiculo automotor en transporte,Not an Intersection,No fue interseccion,Sobre calle,Ninguna,Oscuro sin iluminacion,lluvia,No,NO APLICA,21,43,21,46,1,22/02/2022,1
26,Michigan,260237,0,0,1,0,65,INGHAM (65),2700,LANSING,3,Marzo,15,2022,1,59,SR-43 OAKLAND AVE,3,Highway estatal,Urbano,Arteria Principal,State Highway Agency,1,Sin jurisdiccion especial,28,42.74353333,-84.53440556,Alguien se cayo/avento del vehiculo,El primer evento no fue una colision con un vehiculo automotor en transporte,Not an Intersection,No fue interseccion,Sobre calle,Ninguna,Oscuro con iluminacion,Despejado,No,NO APLICA,1,59,2,2,1,15/03/2022,1
26,Michigan,260238,1,1,1,0,65,INGHAM (65),2700,LANSING,4,Abril,8,2022,21,13,JOLLY RD,6,Calle Local Municipalidad,Urbano,Arteria Principal,City or Municipal Highway Agency,1,Sin jurisdiccion especial,26,42.68295833,-84.55139167,No vehiculo o remolque,El primer evento no fue una colision con un vehiculo automotor en transporte,Not an Intersection,No fue interseccion,Sobre calle,Ninguna,Oscuro con iluminacion,lluvia,No,NO APLICA,21,12,21,16,1,08/04/2022,1
26,Michigan,260239,1,1,1,0,163,WAYNE (163),1260,DETROIT,4,Abril,6,2022,16,35,NEVADA ST,6,Calle Local Municipalidad,Urbano,Arteria Menor,City or Municipal Highway Agency,0,Sin jurisdiccion especial,26,42.42601111,-83.05731389,Peaton,El primer evento no fue una colision con un vehiculo automotor en transporte,Not an Intersection,No fue interseccion,Sobre calle,Ninguna,Dia total,lluvia,Yes,NO APLICA,99,99,99,99,1,06/04/2022,2
26,Michigan,260240,0,0,1,0,27,CASS (27),1320,DOWAGIAC,4,Abril,10,2022,16,3,SR-51 SPRICE ST,3,Highway estatal,Urbano,Arteria Menor,State Highway Agency,0,Sin jurisdiccion especial,91,41.98426389,-86.12190833,Banqueta,El primer evento no fue una colision con un vehiculo automotor en transporte,Four-Way Intersection,Interseccion de 4 direcciones,Sobre el lado de la calle,Ninguna,Dia total,Despejado,No,NO APLICA,99,99,99,99,1,10/04/2022,1
26,Michigan,260241,0,0,1,0,125,OAKLAND (125),5166,W. BLOOMFIELD,4,Abril,23,2022,22,51,CR-MAPLE RD,4,Calle del Condado,Urbano,Arteria Principal,County Highway Agency,1,Sin jurisdiccion especial,32,42.54132778,-83.42026111,Poste o otros soportes,El primer evento no fue una colision con un vehiculo automotor en transporte,Not an Intersection,No fue interseccion,Sobre el lado de la calle,Ninguna,Oscuro con iluminacion,Despejado,No,NO APLICA,22,57,23,1,1,23/04/2022,2
26,Michigan,260242,0,0,1,0,99,MACOMB (99),4731,STERLING HEIGHTS,1,Enero,15,2022,15,33,RYAN RD,6,Calle Local Municipalidad,Urbano,Arteria Menor,City or Municipal Highway Agency,0,Sin jurisdiccion especial,70,42.54916667,-83.06934444,Banqueta,El primer evento no fue una colision con un vehiculo automotor en transporte,Not an Intersection,No fue interseccion,Sobre el lado de la calle,Ninguna,Dia total,Despejado,No,NO APLICA,15,34,15,38,1,15/01/2022,1
26,Michigan,260243,0,0,1,0,43,DICKINSON (43),0,NO APLICA,4,Abril,23,2022,22,30,CR-581,4,Calle del Condado,Rural,Colector Mayor,County Highway Agency,0,Sin jurisdiccion especial,0,46.01485,-87.83548889,Volcadura,El primer evento no fue una colision con un vehiculo automotor en transporte,Not an Intersection,No fue interseccion,Sobre el lado de la calle,Ninguna,Oscuro sin iluminacion,Despejado,No,NO APLICA,99,99,99,99,1,23/04/2022,1
26,Michigan,260244,0,0,1,0,149,ST JOSEPH (149),0,NO APLICA,4,Abril,15,2022,15,47,CR-VISTULA RD,4,Calle del Condado,Rural,Colector Mayor,County Highway Agency,0,Sin jurisdiccion especial,20,41.80619167,-85.72073056,Poste,El primer evento no fue una colision con un vehiculo automotor en transporte,Not an Intersection,No fue interseccion,Sobre el lado de la calle,Ninguna,Dia total,Nublado,No,NO APLICA,15,51,16,5,1,15/04/2022,1
26,Michigan,260245,0,0,1,0,59,HILLSDALE (59),0,NO APLICA,5,Mayo,9,2022,16,30,CR-MILNES RD,4,Calle del Condado,Rural,Colector Mayor,County Highway Agency,0,Sin jurisdiccion especial,49,41.98590278,-84.59290833,Arbol,El primer evento no fue una colision con un vehiculo automotor en transporte,Not an Intersection,No fue interseccion,Sobre el lado de la calle,Ninguna,Dia total,Despejado,No,NO APLICA,99,99,99,99,1,09/05/2022,1
26,Michigan,260246,0,0,1,0,125,OAKLAND (125),0,NO APLICA,5,Mayo,15,2022,0,50,CR-LAKE ANGELUS RD,4,Calle del Condado,Urbano,Local,County Highway Agency,0,Sin jurisdiccion especial,10,42.69836389,-83.33481389,Arbol,El primer evento no fue una colision con un vehiculo automotor en transporte,Not an Intersection,No fue interseccion,Sobre el lado de la calle,Ninguna,Oscuro sin iluminacion,Despejado,No,NO APLICA,99,99,99,99,1,15/05/2022,1
26,Michigan,260247,0,0,1,0,161,WASHTENAW (161),0,NO APLICA,4,Abril,7,2022,1,17,I-94,1,Interestatal,Urbano,Interestatal,State Highway Agency,1,Sin jurisdiccion especial,275,42.22390278,-83.6456,Arbol,El primer evento no fue una colision con un vehiculo automotor en transporte,Not an Intersection,No fue interseccion,Sobre el lado de la calle,Ninguna,Oscuro sin iluminacion,Despejado,No,NO APLICA,99,99,99,99,1,07/04/2022,1
26,Michigan,260248,0,0,1,0,163,WAYNE (163),1260,DETROIT,5,Mayo,14,2022,0,1,E CANFIELD RD,6,Calle Local Municipalidad,Urbano,Colector Mayor,City or Municipal Highway Agency,0,Sin jurisdiccion especial,16,42.36185278,-83.03699722,Banqueta,El primer evento no fue una colision con un vehiculo automotor en transporte,Not an Intersection,No fue interseccion,Sobre el lado de la calle,Ninguna,Oscuro con iluminacion,Despejado,No,NO APLICA,99,99,99,99,1,14/05/2022,3
26,Michigan,260249,0,0,2,0,37,CLINTON (37),0,NO APLICA,4,Abril,28,2022,17,17,CR-PRICE RD,4,Calle del Condado,Rural,Colector Mayor,County Highway Agency,0,Sin jurisdiccion especial,140,42.92909444,-84.55743889,Volcadura,El primer evento no fue una colision con un vehiculo automotor en transporte,Not an Intersection,No fue interseccion,Sobre calle,Ninguna,Dia total,Despejado,No,NO APLICA,17,18,17,25,1,28/04/2022,2
26,Michigan,260250,0,0,2,0,111,MIDLAND (111),3240,MIDLAND,5,Mayo,15,2022,13,17,AIRPORT RD,6,Calle Local Municipalidad,Urbano,Arteria Menor,City or Municipal Highway Agency,0,Sin jurisdiccion especial,20,43.65657222,-84.27129167,Vehiculo en movimiento,Frente a frente,Not an Intersection,No fue interseccion,Sobre calle,Ninguna,Dia total,Nublado,No,NO APLICA,99,99,99,99,1,15/05/2022,2
26,Michigan,260251,1,1,1,0,105,MASON (105),0,NO APLICA,4,Abril,7,2022,14,6,CR-JEBAVY DR,4,Calle del Condado,Rural,Arteria Menor,County Highway Agency,0,Sin jurisdiccion especial,20,44.00796667,-86.41987222,Peaton,El primer evento no fue una colision con un vehiculo automotor en transporte,Not an Intersection,No fue interseccion,Sobre calle,Ninguna,Dia total,Despejado,No,NO APLICA,99,98,99,98,1,07/04/2022,1
26,Michigan,260252,0,0,2,0,163,WAYNE (163),1210,DEARBORN,4,Abril,23,2022,19,47,US-12 MICHIGAN AVE,2,US Highway,Urbano,Arteria Principal,State Highway Agency,1,Sin jurisdiccion especial,3,42.31997222,-83.18384444,Vehiculo en movimiento,Angulo,Four-Way Intersection,Interseccion de 4 direcciones,Sobre calle,Ninguna,Dia total,Despejado,No,NO APLICA,19,47,19,50,1,23/04/2022,2
26,Michigan,260253,0,0,2,0,117,MONTCALM (117),0,NO APLICA,5,Mayo,14,2022,12,5,CR-W STANTON RD,4,Calle del Condado,Rural,Colector Mayor,County Highway Agency,0,Sin jurisdiccion especial,56,43.30817778,-85.24398611,Vehiculo en movimiento,Angulo,Four-Way Intersection,Interseccion de 4 direcciones,Sobre calle,Ninguna,Dia total,Despejado,No,NO APLICA,99,99,99,99,1,14/05/2022,3
26,Michigan,260254,0,0,1,0,49,GENESEE (49),1730,FLINT,4,Abril,17,2022,0,14,WELCH BLVD,6,Calle Local Municipalidad,Urbano,Arteria Principal,City or Municipal Highway Agency,1,Sin jurisdiccion especial,11,43.038275,-83.73218611,Valla Ferrocarril,El primer evento no fue una colision con un vehiculo automotor en transporte,Not an Intersection,No fue interseccion,Sobre el lado de la calle,Ninguna,Oscuro con iluminacion,Despejado,No,NO APLICA,99,99,99,99,1,17/04/2022,2
26,Michigan,260255,0,0,2,0,125,OAKLAND (125),0,NO APLICA,4,Abril,12,2022,21,41,CR-N WILLIAMS LAKE RD,4,Calle del Condado,Urbano,Arteria Principal,County Highway Agency,1,Sin jurisdiccion especial,30,42.65797778,-83.44361389,Vehiculo en movimiento,Angulo,Four-Way Intersection,Interseccion de 4 direcciones,Sobre calle,Ninguna,Oscuro con iluminacion,Despejado,No,NO APLICA,21,42,21,45,1,12/04/2022,3
26,Michigan,260256,0,0,2,0,25,CALHOUN (25),0,NO APLICA,4,Abril,23,2022,20,36,SR-66,3,Highway estatal,Urbano,Arteria Menor,State Highway Agency,0,Sin jurisdiccion especial,104,42.21739444,-85.20271944,Vehiculo en movimiento,Frente a frente,T-Intersection,Interseccion de T,Sobre calle,Ninguna,Oscuro con iluminacion,Despejado,No,NO APLICA,99,99,99,99,2,23/04/2022,3
26,Michigan,260257,0,0,2,0,163,WAYNE (163),4571,SOUTHGATE,4,Abril,1,2022,15,13,TRENTON RD,6,Calle Local Municipalidad,Urbano,Arteria Menor,City or Municipal Highway Agency,0,Sin jurisdiccion especial,13,42.20409722,-83.19326389,Vehiculo en movimiento,Angulo,Four-Way Intersection,Interseccion de 4 direcciones,Sobre calle,Ninguna,Dia total,Nublado,No,NO APLICA,99,99,99,99,1,01/04/2022,5
26,Michigan,260258,0,0,2,1,7,ALPENA (7),120,ALPENA,4,Abril,16,2022,3,39,FORD AVE,6,Calle Local Municipalidad,Urbano,Colector Mayor,City or Municipal Highway Agency,0,Sin jurisdiccion especial,8,45.07006389,-83.41564444,Vehiculo Aparcado,El primer evento no fue una colision con un vehiculo automotor en transporte,Not an Intersection,No fue interseccion,Sobre el lado de la calle,Ninguna,Oscuro sin iluminacion,Despejado,No,NO APLICA,3,39,3,45,1,16/04/2022,2
26,Michigan,260259,0,0,3,0,25,CALHOUN (25),0,NO APLICA,4,Abril,28,2022,16,38,I-94,1,Interestatal,Urbano,Interestatal,State Highway Agency,1,Sin jurisdiccion especial,291,42.26404167,-84.75900833,Vehiculo en movimiento,Frente a Detrás,Not an Intersection,No fue interseccion,Sobre calle,"Zona de trabajo, tipo desconocido",Dia total,Despejado,No,NO APLICA,99,99,99,99,1,28/04/2022,3
26,Michigan,260260,0,0,3,0,145,SAGINAW (145),0,NO APLICA,4,Abril,25,2022,15,35,SR-84 BAY RD,3,Highway estatal,Urbano,Arteria Principal,State Highway Agency,1,Sin jurisdiccion especial,14,43.4464,-83.97554167,Vehiculo en movimiento,Angulo,T-Intersection,Interseccion de T,Sobre calle,Ninguna,Dia total,Despejado,No,NO APLICA,15,35,15,47,1,25/04/2022,3
26,Michigan,260261,1,1,1,0,163,WAYNE (163),1260,DETROIT,4,Abril,24,2022,0,15,CHALMERS ST,6,Calle Local Municipalidad,Urbano,Arteria Menor,City or Municipal Highway Agency,0,Sin jurisdiccion especial,36,42.42047222,-82.97468056,Peaton,El primer evento no fue una colision con un vehiculo automotor en transporte,Not an Intersection,No fue interseccion,Sobre calle,Ninguna,Oscuro con iluminacion,Despejado,No,NO APLICA,99,99,99,99,1,24/04/2022,1
26,Michigan,260262,1,1,2,1,77,KALAMAZOO (77),0,NO APLICA,1,Enero,11,2022,19,55,I-94,1,Interestatal,Rural,Interestatal,State Highway Agency,1,Sin jurisdiccion especial,202,42.27990833,-85.39184722,Vehiculo Aparcado,El primer evento no fue una colision con un vehiculo automotor en transporte,Not an Intersection,No fue interseccion,Sobre Acotamiento,Ninguna,Oscuro sin iluminacion,Despejado,No,NO APLICA,99,99,99,99,1,11/01/2022,1
26,Michigan,260263,0,0,1,0,121,MUSKEGON (121),0,NO APLICA,5,Mayo,13,2022,20,10,SR-37 NEWAYGO RD,3,Highway estatal,Rural,Arteria Menor,State Highway Agency,0,Sin jurisdiccion especial,43,43.26583889,-85.81042222,Poste de Señal de trafico,El primer evento no fue una colision con un vehiculo automotor en transporte,Not an Intersection,No fue interseccion,Sobre el lado de la calle,Ninguna,Dia total,Despejado,No,NO APLICA,99,99,99,99,1,13/05/2022,1
26,Michigan,260264,0,0,1,0,141,PRESQUE ISLE (141),0,NO APLICA,5,Mayo,15,2022,15,46,CR-N ALLIS HWY,4,Calle del Condado,Rural,Colector Mayor,County Highway Agency,0,Sin jurisdiccion especial,61,45.40815833,-84.12207778,Acotamiento,El primer evento no fue una colision con un vehiculo automotor en transporte,Not an Intersection,No fue interseccion,Sobre el lado de la calle,Ninguna,Dia total,Despejado,No,NO APLICA,99,99,99,99,1,15/05/2022,1
26,Michigan,260265,0,0,2,0,23,BRANCH (23),0,NO APLICA,5,Mayo,20,2022,17,35,CR-GILEAD LAKE RD,4,Calle del Condado,Rural,Local,County Highway Agency,0,Sin jurisdiccion especial,20,41.8547,-85.15541111,Vehiculo en movimiento,Angulo,Four-Way Intersection,Interseccion de 4 direcciones,Sobre calle,Ninguna,Dia total,Nublado,No,NO APLICA,17,35,18,10,1,20/05/2022,5
26,Michigan,260266,0,0,2,1,125,OAKLAND (125),5271,WOLVERINE LAKE,5,Mayo,20,2022,21,32,DARNELL ST,6,Calle Local Municipalidad,Urbano,Local,City or Municipal Highway Agency,0,Sin jurisdiccion especial,3,42.55773333,-83.50255,Vehiculo Aparcado,El primer evento no fue una colision con un vehiculo automotor en transporte,T-Intersection,Interseccion de T,Sobre el lado de la calle,Ninguna,Oscuro sin iluminacion,Despejado,No,NO APLICA,21,32,21,33,1,20/05/2022,1
26,Michigan,260267,0,0,2,0,99,MACOMB (99),5110,WARREN,5,Mayo,2,2022,19,1,SR-97 GROESBECK RD,3,Highway estatal,Urbano,Arteria Principal,State Highway Agency,1,Sin jurisdiccion especial,23,42.47873889,-82.98055556,Vehiculo en movimiento,Angulo,Four-Way Intersection,Interseccion de 4 direcciones,Sobre calle,Ninguna,Atardecer,Despejado,No,NO APLICA,99,99,99,99,1,02/05/2022,3
26,Michigan,260268,0,0,2,0,99,MACOMB (99),5110,WARREN,5,Mayo,19,2022,14,12,SR-102 8 MILE RD,3,Highway estatal,Urbano,Arteria Principal,State Highway Agency,1,Sin jurisdiccion especial,21,42.448125,-83.04148611,Vehiculo en movimiento,Golpe Lateral - misma direccion,Not an Intersection,No fue interseccion,Sobre calle,Ninguna,Dia total,Despejado,No,NO APLICA,99,99,99,99,1,19/05/2022,3
26,Michigan,260269,0,0,2,0,107,MECOSTA (107),0,NO APLICA,5,Mayo,3,2022,22,44,US-131,2,US Highway,Rural,Arterial Principal -Freeway o ExpressWay,State Highway Agency,1,Sin jurisdiccion especial,13,43.48793889,-85.48318333,Vehiculo en movimiento,Frente a frente,Not an Intersection,No fue interseccion,Sobre calle,Ninguna,Oscuro sin iluminacion,Despejado,No,NO APLICA,99,99,99,99,3,03/05/2022,3
26,Michigan,260270,0,0,1,0,77,KALAMAZOO (77),0,NO APLICA,5,Mayo,7,2022,6,49,CR-8TH ST,4,Calle del Condado,Rural,Colector Mayor,County Highway Agency,0,Sin jurisdiccion especial,44,42.15660278,-85.68698611,Arbol,El primer evento no fue una colision con un vehiculo automotor en transporte,Not an Intersection,No fue interseccion,Sobre el lado de la calle,Ninguna,Dia total,Despejado,No,NO APLICA,6,54,7,1,1,07/05/2022,1
26,Michigan,260271,1,1,1,0,21,BERRIEN (21),0,NO APLICA,5,Mayo,7,2022,22,36,SR-139,3,Highway estatal,Urbano,Arteria Principal,State Highway Agency,1,Sin jurisdiccion especial,88,42.04020278,-86.43405556,No vehiculo o remolque,El primer evento no fue una colision con un vehiculo automotor en transporte,Not an Intersection,No fue interseccion,Sobre calle,Ninguna,Oscuro sin iluminacion,Despejado,No,NO APLICA,22,36,22,44,1,07/05/2022,4
26,Michigan,260272,1,1,1,0,125,OAKLAND (125),4340,ROYAL OAK,5,Mayo,9,2022,15,11,COOLIDGE HWY,6,Calle Local Municipalidad,Urbano,Arteria Menor,City or Municipal Highway Agency,0,Sin jurisdiccion especial,10,42.51680556,-83.18465833,No vehiculo o remolque,El primer evento no fue una colision con un vehiculo automotor en transporte,Four-Way Intersection,Interseccion de 4 direcciones,Sobre calle,Ninguna,Dia total,Despejado,No,NO APLICA,15,99,15,13,1,09/05/2022,1
26,Michigan,260273,0,0,1,0,125,OAKLAND (125),3712,ORION TOWNSHIP,5,Mayo,9,2022,14,50,CR-BALDWIN RD,4,Calle del Condado,Urbano,Arteria Menor,County Highway Agency,0,Sin jurisdiccion especial,59,42.76698889,-83.31690833,Banqueta,El primer evento no fue una colision con un vehiculo automotor en transporte,Not an Intersection,No fue interseccion,Sobre el lado de la calle,Ninguna,Dia total,Despejado,No,NO APLICA,99,99,99,99,1,09/05/2022,1
26,Michigan,260274,0,0,2,0,67,IONIA (67),0,NO APLICA,5,Mayo,4,2022,17,45,CR-SAYLES RD,4,Calle del Condado,Rural,Colector Mayor,County Highway Agency,0,Sin jurisdiccion especial,9,42.96580556,-85.29252778,Vehiculo en movimiento,Angulo,Four-Way Intersection,Interseccion de 4 direcciones,Sobre calle,Ninguna,Dia total,Despejado,No,NO APLICA,99,98,99,98,1,04/05/2022,2
26,Michigan,260275,0,0,1,0,161,WASHTENAW (161),5330,YPSILANTI,5,Mayo,23,2022,14,48,I-94,1,Interestatal,Urbano,Interestatal,State Highway Agency,1,Sin jurisdiccion especial,290,42.22798056,-83.61953611,Volcadura,El primer evento no fue una colision con un vehiculo automotor en transporte,Not an Intersection,No fue interseccion,Sobre el lado de la calle,Ninguna,Dia total,Despejado,No,NO APLICA,99,99,99,99,1,23/05/2022,2
26,Michigan,260276,0,0,2,0,27,CASS (27),0,NO APLICA,5,Mayo,18,2022,15,14,CR-DAILEY RD,4,Calle del Condado,Rural,Colector Mayor,County Highway Agency,0,Sin jurisdiccion especial,89,41.92211111,-86.08770556,Vehiculo en movimiento,Frente a frente,Not an Intersection,No fue interseccion,Sobre calle,Ninguna,Dia total,Nublado,No,NO APLICA,99,99,99,99,1,18/05/2022,2
26,Michigan,260277,0,0,1,0,49,GENESEE (49),1730,FLINT,3,Marzo,21,2022,6,23,PASADENA AVE,6,Calle Local Municipalidad,Urbano,Colector Mayor,City or Municipal Highway Agency,0,Sin jurisdiccion especial,50,43.04690833,-83.68722222,Barda,El primer evento no fue una colision con un vehiculo automotor en transporte,T-Intersection,Interseccion de T,Sobre el lado de la calle,Ninguna,Oscuro con iluminacion,Despejado,No,NO APLICA,6,34,6,51,1,21/03/2022,1
26,Michigan,260278,0,0,2,0,163,WAYNE (163),1920,GARDEN CITY,5,Mayo,19,2022,18,27,CR-MIDDLEBELT RD,4,Calle del Condado,Urbano,Arteria Principal,County Highway Agency,1,Sin jurisdiccion especial,149,42.33283611,-83.33115278,Vehiculo en movimiento,Frente a Detrás,Four-Way Intersection,Interseccion de 4 direcciones,Sobre calle,Ninguna,Dia total,Despejado,No,NO APLICA,18,34,18,43,1,19/05/2022,2
26,Michigan,260279,1,1,1,0,21,BERRIEN (21),410,BENTON HARBOR,5,Mayo,6,2022,23,58,PIPESTONE RD,6,Calle Local Municipalidad,Urbano,Arteria Principal,City or Municipal Highway Agency,1,Sin jurisdiccion especial,14,42.09958889,-86.43765833,Peaton,El primer evento no fue una colision con un vehiculo automotor en transporte,Not an Intersection,No fue interseccion,Sobre calle,Ninguna,Oscuro con iluminacion,Despejado,No,NO APLICA,99,98,99,98,1,06/05/2022,1
26,Michigan,260280,0,0,2,0,73,ISABELLA (73),0,NO APLICA,5,Mayo,27,2022,11,5,CR-N DREW,4,Calle del Condado,Rural,Colector Mayor,County Highway Agency,0,Sin jurisdiccion especial,33,43.66133611,-85.02066944,Vehiculo en movimiento,Angulo,Four-Way Intersection,Interseccion de 4 direcciones,Sobre calle,Ninguna,Dia total,Nublado,No,NO APLICA,11,7,11,16,1,27/05/2022,2
26,Michigan,260281,0,0,2,0,25,CALHOUN (25),0,NO APLICA,5,Mayo,10,2022,6,10,SR-96 MICHIGAN AVE,3,Highway estatal,Rural,Arteria Menor,State Highway Agency,0,Sin jurisdiccion especial,91,42.27375833,-85.01683333,Vehiculo en movimiento,Frente a frente,Not an Intersection,No fue interseccion,Sobre calle,Ninguna,Amanecer,Despejado,No,NO APLICA,6,10,6,16,1,10/05/2022,2
26,Michigan,260282,0,0,3,1,91,LENAWEE (91),0,NO APLICA,5,Mayo,30,2022,7,17,CR-RIDGE HWY,4,Calle del Condado,Rural,Colector Mayor,County Highway Agency,0,Sin jurisdiccion especial,102,42.05717222,-83.794425,Vehiculo en movimiento,Frente a frente,Not an Intersection,No fue interseccion,Sobre calle,Ninguna,Dia total,Nublado,No,NO APLICA,7,19,7,36,1,30/05/2022,2
26,Michigan,260283,0,0,3,0,125,OAKLAND (125),4340,ROYAL OAK,5,Mayo,4,2022,14,18,SR-1 WOODWARD AVE,3,Highway estatal,Urbano,Arteria Principal,State Highway Agency,1,Sin jurisdiccion especial,73,42.51649722,-83.18500278,Vehiculo en movimiento,Angulo,Four-Way Intersection,Interseccion de 4 direcciones,Sobre calle,Ninguna,Dia total,Despejado,No,NO APLICA,99,99,99,99,1,04/05/2022,4
26,Michigan,260284,0,0,2,0,163,WAYNE (163),1260,DETROIT,5,Mayo,18,2022,23,38,CR-W MCNICHOLS RD,4,Calle del Condado,Urbano,Arteria Principal,County Highway Agency,1,Sin jurisdiccion especial,140,42.41451667,-83.27745,Vehiculo en movimiento,Angulo,Four-Way Intersection,Interseccion de 4 direcciones,Sobre calle,Ninguna,Oscuro con iluminacion,Despejado,No,NO APLICA,99,99,99,99,1,18/05/2022,2
26,Michigan,260285,0,0,2,0,163,WAYNE (163),1260,DETROIT,5,Mayo,28,2022,23,50,PLYMOUTH RD,6,Calle Local Municipalidad,Urbano,Arteria Principal,City or Municipal Highway Agency,1,Sin jurisdiccion especial,176,42.37229167,-83.210825,Vehiculo en movimiento,Angulo,Four-Way Intersection,Interseccion de 4 direcciones,Sobre calle,Ninguna,Oscuro con iluminacion,Nublado,No,NO APLICA,99,99,99,99,1,28/05/2022,3
26,Michigan,260286,0,0,1,0,87,LAPEER (87),0,NO APLICA,5,Mayo,29,2022,22,54,CR-STANLEY RD,4,Calle del Condado,Rural,Colector Mayor,County Highway Agency,0,Sin jurisdiccion especial,17,43.10867778,-83.44667778,Acotamiento,El primer evento no fue una colision con un vehiculo automotor en transporte,Not an Intersection,No fue interseccion,Sobre el lado de la calle,Ninguna,Oscuro sin iluminacion,Nublado,No,NO APLICA,99,99,99,99,1,29/05/2022,1
26,Michigan,260287,0,0,1,0,5,ALLEGAN (5),0,NO APLICA,5,Mayo,30,2022,5,45,CR-108TH AVE,4,Calle del Condado,Rural,Colector Mayor,County Highway Agency,0,Sin jurisdiccion especial,57,42.47816944,-85.88201944,Arbol,El primer evento no fue una colision con un vehiculo automotor en transporte,Not an Intersection,No fue interseccion,Sobre el lado de la calle,Ninguna,Oscuro sin iluminacion,Nublado,No,NO APLICA,99,99,99,99,1,30/05/2022,1
26,Michigan,260288,0,0,1,0,139,OTTAWA (139),0,NO APLICA,5,Mayo,31,2022,1,30,CR-48TH AVE,4,Calle del Condado,Urbano,Arteria Menor,County Highway Agency,0,Sin jurisdiccion especial,127,42.95143333,-85.90358889,Zanja,El primer evento no fue una colision con un vehiculo automotor en transporte,Not an Intersection,No fue interseccion,Sobre el lado de la calle,Ninguna,Oscuro con iluminacion,Nublado,No,NO APLICA,1,32,1,34,1,31/05/2022,3
26,Michigan,260289,0,0,2,0,49,GENESEE (49),1730,FLINT,5,Mayo,30,2022,22,24,N STEWART AVE,6,Calle Local Municipalidad,Urbano,Colector Mayor,City or Municipal Highway Agency,0,Sin jurisdiccion especial,2,43.05389444,-83.72840556,Vehiculo en movimiento,Frente a Detrás,Not an Intersection,No fue interseccion,Sobre calle,Ninguna,Oscuro con iluminacion,Despejado,No,NO APLICA,22,25,22,27,1,30/05/2022,2
26,Michigan,260290,0,0,1,0,87,LAPEER (87),196,ATTICA,5,Mayo,25,2022,11,43,CR-PEPPERMILL RD,4,Calle del Condado,Rural,Local,County Highway Agency,0,Sin jurisdiccion especial,23,43.03205,-83.17987778,Culvert,El primer evento no fue una colision con un vehiculo automotor en transporte,Not an Intersection,No fue interseccion,Sobre el lado de la calle,Ninguna,Dia total,Nublado,No,NO APLICA,99,99,99,99,1,25/05/2022,1
26,Michigan,260291,0,0,1,0,31,CHEBOYGAN (31),0,NO APLICA,5,Mayo,9,2022,14,0,I-75,1,Interestatal,Rural,Interestatal,State Highway Agency,1,Sin jurisdiccion especial,285,45.59241667,-84.62079444,Acotamiento,El primer evento no fue una colision con un vehiculo automotor en transporte,Not an Intersection,No fue interseccion,En el medio,Ninguna,Dia total,Despejado,No,NO APLICA,14,2,14,20,1,09/05/2022,2
26,Michigan,260292,0,0,1,0,163,WAYNE (163),2430,INKSTER,5,Mayo,30,2022,20,58,JOHN DALY RD,6,Calle Local Municipalidad,Urbano,Colector Mayor,City or Municipal Highway Agency,0,Sin jurisdiccion especial,14,42.29256111,-83.30013056,Vehiculo Ferrocarril,El primer evento no fue una colision con un vehiculo automotor en transporte,Not an Intersection,No fue interseccion,Sobre calle,Ninguna,Dia total,Despejado,No,545178F,99,99,99,99,1,30/05/2022,2