Estado,Nombre de Estado,Numero de Caso,Peatones,Personas _no_vehiculos,Vehiculos automotores,Vehiculos estacionados,Condado,Nombre Condado,Ciudad,Nombre Ciudad,Mes,Nombre Mes,Dia,Año,Hora,Minuto,Calle,Ruta,Nombre Ruta,Rural o Urbanoo,Sistema Funcional,Dueño Calle,Sistema Nacional Carreteras,Jurisdiccion Especial,Milla,Latitud,Longitud,Causa del Accidente,Tipo de Accidente,Tipo Interseccion,Columna1,Lugar en la calle,Zona de Trabajo,Luz,Clima,Autobus Escolar,Cruce de Trenes,Hora Notificacion,Minuto Notificacion,Hora Llegada,Minuto Llegada,Decesos,Fecha,PersonaVehiculo
26,Michigan,260293,1,1,1,0,99,MACOMB (99),5110,WARREN,5,Mayo,29,2022,17,8,GEOFFRY DR,6,Calle Local Municipalidad,Urbano,Local,City or Municipal Highway Agency,0,Sin jurisdiccion especial,0,42.50815,-82.99919444,Peaton,El primer evento no fue una colision con un vehiculo automotor en transporte,Not an Intersection,No fue interseccion,Sobre calle,Ninguna,Dia total,Despejado,No,NO APLICA,99,99,99,99,1,29/05/2022,1
26,Michigan,260294,0,0,1,0,45,EATON (45),0,NO APLICA,5,Mayo,30,2022,22,10,I-96,1,Interestatal,Urbano,Interestatal,State Highway Agency,1,Sin jurisdiccion especial,78,42.666075,-84.63768889,Volcadura,El primer evento no fue una colision con un vehiculo automotor en transporte,Not an Intersection,No fue interseccion,Sobre el lado de la calle,Ninguna,Oscuro sin iluminacion,Despejado,No,NO APLICA,22,10,22,17,1,30/05/2022,1
26,Michigan,260295,0,0,2,0,93,LIVINGSTON (93),0,NO APLICA,4,Abril,26,2022,10,9,SR-36,3,Highway estatal,Urbano,Arteria Menor,State Highway Agency,0,Sin jurisdiccion especial,131,42.45897222,-83.82368333,Vehiculo en movimiento,Angulo,Not an Intersection,No fue interseccion,Sobre calle,Ninguna,Dia total,Nublado,No,NO APLICA,10,14,10,22,1,26/04/2022,3
26,Michigan,260296,1,1,2,1,163,WAYNE (163),1260,DETROIT,5,Mayo,16,2022,16,50,LIVERNOIS AVE,6,Calle Local Municipalidad,Urbano,Arteria Principal,City or Municipal Highway Agency,1,Sin jurisdiccion especial,9,42.31646111,-83.10973333,Peaton,El primer evento no fue una colision con un vehiculo automotor en transporte,Not an Intersection,No fue interseccion,En el medio,Ninguna,Dia total,Despejado,No,NO APLICA,99,99,99,99,1,16/05/2022,1
26,Michigan,260297,0,0,2,0,155,SHIAWASSEE (155),0,NO APLICA,5,Mayo,26,2022,23,42,CR-S NEW LOTHROP RD,4,Calle del Condado,Rural,Local,County Highway Agency,0,Sin jurisdiccion especial,22,42.81168056,-83.96339444,Vehiculo en movimiento,Golpe Lateral - direccion contraria,Not an Intersection,No fue interseccion,Sobre calle,Ninguna,Oscuro sin iluminacion,Despejado,No,NO APLICA,99,99,99,99,1,26/05/2022,3
26,Michigan,260298,0,0,1,0,105,MASON (105),0,NO APLICA,5,Mayo,6,2022,23,10,SR-116,3,Highway estatal,Rural,Colector Mayor,State Highway Agency,0,Sin jurisdiccion especial,40,44.03138611,-86.5055,Muro,El primer evento no fue una colision con un vehiculo automotor en transporte,Not an Intersection,No fue interseccion,Sobre el lado de la calle,Ninguna,Oscuro con iluminacion,Nublado,No,NO APLICA,99,99,99,99,1,06/05/2022,1
26,Michigan,260299,0,0,1,0,99,MACOMB (99),0,NO APLICA,3,Marzo,14,2022,12,1,SR-53,3,Highway estatal,Urbano,Arterial Principal -Freeway o ExpressWay,State Highway Agency,1,Sin jurisdiccion especial,76,42.65081111,-83.01378611,Poste de Señal de trafico,El primer evento no fue una colision con un vehiculo automotor en transporte,Not an Intersection,No fue interseccion,Sobre el lado de la calle,Ninguna,Dia total,Nublado,No,NO APLICA,99,99,99,99,1,14/03/2022,1
26,Michigan,260300,0,0,1,0,149,ST JOSEPH (149),0,NO APLICA,6,Junio,2,2022,4,35,CR-YOUNGS PRAIRIE RD,4,Calle del Condado,Rural,Colector Mayor,County Highway Agency,0,Sin jurisdiccion especial,108,41.89584444,-85.72196667,Poste,El primer evento no fue una colision con un vehiculo automotor en transporte,Not an Intersection,No fue interseccion,Sobre el lado de la calle,Ninguna,Oscuro sin iluminacion,Nublado,No,NO APLICA,4,41,4,59,1,02/06/2022,1
26,Michigan,260301,0,0,2,0,23,BRANCH (23),305,BATAVIA,6,Junio,3,2022,15,59,US-12 W CHICAGO RD,2,US Highway,Rural,Arteria Principal,State Highway Agency,1,Sin jurisdiccion especial,128,41.91942778,-85.08727778,Vehiculo en movimiento,Golpe Lateral - direccion contraria,Not an Intersection,No fue interseccion,Sobre calle,Ninguna,Dia total,Despejado,No,NO APLICA,16,0,16,14,1,03/06/2022,2
26,Michigan,260302,0,0,2,0,115,MONROE (115),0,NO APLICA,6,Junio,1,2022,21,50,US-24 TELEGRAPH RD,2,US Highway,Urbano,Arteria Principal,State Highway Agency,1,Sin jurisdiccion especial,228,42.01959444,-83.34566944,Vehiculo en movimiento,Angulo,T-Intersection,Interseccion de T,Sobre calle,Ninguna,Oscuro sin iluminacion,Despejado,No,NO APLICA,21,59,22,2,1,01/06/2022,2
26,Michigan,260303,0,0,2,0,125,OAKLAND (125),4020,PONTIAC,6,Junio,5,2022,21,40,SR-24 BUS WOODWARD AVE,3,Highway estatal,Urbano,Arteria Principal,State Highway Agency,1,Sin jurisdiccion especial,10,42.61530278,-83.27499167,Vehiculo en movimiento,Frente a Detrás,Not an Intersection,No fue interseccion,Sobre calle,Ninguna,Oscuro con iluminacion,Nublado,No,NO APLICA,21,40,21,40,1,05/06/2022,2
26,Michigan,260304,0,0,2,0,65,INGHAM (65),2700,LANSING,5,Mayo,6,2022,14,29,SR-43 OAKLAND AVE,3,Highway estatal,Urbano,Arteria Principal,State Highway Agency,1,Sin jurisdiccion especial,20,42.74346944,-84.54802222,Vehiculo en movimiento,Angulo,Four-Way Intersection,Interseccion de 4 direcciones,Sobre calle,Ninguna,Dia total,Despejado,No,NO APLICA,99,99,99,99,1,06/05/2022,3
26,Michigan,260305,0,0,2,0,81,KENT (81),0,NO APLICA,5,Mayo,10,2022,13,21,SR-44 PLAINFIELD AVE,3,Highway estatal,Urbano,Arteria Principal,State Highway Agency,1,Sin jurisdiccion especial,45,43.03493333,-85.61954722,Vehiculo en movimiento,Angulo,T-Intersection,Interseccion de T,Sobre calle,Ninguna,Dia total,Despejado,No,NO APLICA,13,34,13,39,1,10/05/2022,4
26,Michigan,260306,0,0,2,0,163,WAYNE (163),1260,DETROIT,6,Junio,4,2022,23,35,I-75,1,Interestatal,Urbano,Interestatal,State Highway Agency,1,Sin jurisdiccion especial,217,42.32630556,-83.084725,Vehiculo en movimiento,Golpe Lateral - misma direccion,Not an Intersection,No fue interseccion,Sobre calle,Ninguna,Oscuro con iluminacion,Despejado,No,NO APLICA,99,99,99,99,1,04/06/2022,3
26,Michigan,260307,0,0,3,0,81,KENT (81),0,NO APLICA,6,Junio,6,2022,11,12,US-131,2,US Highway,Urbano,Arterial Principal -Freeway o ExpressWay,State Highway Agency,1,Sin jurisdiccion especial,55,42.84628611,-85.67861944,Vehiculo en movimiento,Frente a Detrás,Not an Intersection,No fue interseccion,Sobre calle,Ninguna,Dia total,Despejado,No,NO APLICA,12,2,12,14,2,06/06/2022,4
26,Michigan,260308,0,0,2,0,21,BERRIEN (21),0,NO APLICA,6,Junio,5,2022,18,35,CR-COLFAX AVE,4,Calle del Condado,Urbano,Arteria Menor,County Highway Agency,0,Sin jurisdiccion especial,7,42.08710278,-86.45598056,Vehiculo en movimiento,Angulo,Four-Way Intersection,Interseccion de 4 direcciones,Sobre calle,Ninguna,Dia total,Despejado,No,NO APLICA,18,36,99,99,1,05/06/2022,4
26,Michigan,260309,0,0,1,0,161,WASHTENAW (161),567,BRIDGEWATER,2,Febrero,19,2022,0,35,CR-BRAUN RD,4,Calle del Condado,Rural,Colector Menor,County Highway Agency,0,Sin jurisdiccion especial,39,42.124225,-83.89151111,Culvert,El primer evento no fue una colision con un vehiculo automotor en transporte,Y-Intersection,Interseccion de Y,Sobre el lado de la calle,Ninguna,Oscuro sin iluminacion,Soplando nieve,No,NO APLICA,99,99,99,99,1,19/02/2022,1
26,Michigan,260310,1,1,1,0,49,GENESEE (49),1730,FLINT,4,Abril,11,2022,19,45,SR-54 S DORT HWY,3,Highway estatal,Urbano,Arteria Principal,State Highway Agency,1,Sin jurisdiccion especial,64,42.996625,-83.65361667,Peaton,El primer evento no fue una colision con un vehiculo automotor en transporte,Not an Intersection,No fue interseccion,Sobre calle,Ninguna,Atardecer,Despejado,No,NO APLICA,19,45,19,56,1,11/04/2022,1
26,Michigan,260311,0,0,2,0,5,ALLEGAN (5),0,NO APLICA,5,Mayo,31,2022,14,1,CR-10TH ST,4,Calle del Condado,Rural,Arteria Menor,County Highway Agency,0,Sin jurisdiccion especial,9,42.431775,-85.6391,Vehiculo en movimiento,Angulo,Not an Intersection,No fue interseccion,Sobre calle,Ninguna,Dia total,Nublado,No,NO APLICA,15,55,16,5,1,31/05/2022,2
26,Michigan,260312,0,0,2,0,35,CLARE (35),0,NO APLICA,5,Mayo,9,2022,11,22,CR-CLARE AVE,4,Calle del Condado,Rural,Colector Mayor,County Highway Agency,0,Sin jurisdiccion especial,85,43.93810556,-84.76803333,Buzon de correo,El primer evento no fue una colision con un vehiculo automotor en transporte,Not an Intersection,No fue interseccion,Sobre el lado de la calle,Ninguna,Dia total,Despejado,No,NO APLICA,99,99,99,99,1,09/05/2022,2
26,Michigan,260313,0,0,1,0,129,OGEMAW (129),0,NO APLICA,5,Mayo,12,2022,10,5,CR-ROSE CITY RD,4,Calle del Condado,Rural,Colector Mayor,County Highway Agency,0,Sin jurisdiccion especial,141,44.4214,-84.08650833,Arbol,El primer evento no fue una colision con un vehiculo automotor en transporte,Not an Intersection,No fue interseccion,Sobre el lado de la calle,Ninguna,Dia total,Despejado,No,NO APLICA,99,99,99,99,1,12/05/2022,2
26,Michigan,260314,0,0,3,0,47,EMMET (47),0,NO APLICA,5,Mayo,27,2022,11,59,US-131,2,US Highway,Urbano,Arteria Principal,State Highway Agency,1,Sin jurisdiccion especial,32,45.334225,-84.96600556,Vehiculo en movimiento,Frente a frente,Not an Intersection,No fue interseccion,Sobre calle,Ninguna,Dia total,Despejado,No,NO APLICA,11,59,12,3,1,27/05/2022,3
26,Michigan,260315,0,0,2,0,125,OAKLAND (125),4020,PONTIAC,5,Mayo,12,2022,17,37,WALTON BLVD,6,Calle Local Municipalidad,Urbano,Arteria Principal,City or Municipal Highway Agency,1,Sin jurisdiccion especial,6,42.67727778,-83.28748056,Vehiculo en movimiento,Angulo,T-Intersection,Interseccion de T,Sobre calle,Ninguna,Dia total,Despejado,No,NO APLICA,99,99,99,99,1,12/05/2022,2
26,Michigan,260316,0,0,2,0,75,JACKSON (75),4448,SANDSTONE,6,Junio,8,2022,10,24,I-94,1,Interestatal,Rural,Interestatal,State Highway Agency,1,Sin jurisdiccion especial,109,42.26911389,-84.50600556,Vehiculo en movimiento,Frente a Detrás,Not an Intersection,No fue interseccion,Sobre calle,Ninguna,Dia total,Despejado,No,NO APLICA,10,27,10,37,1,08/06/2022,3
26,Michigan,260317,0,0,3,0,125,OAKLAND (125),0,NO APLICA,6,Junio,8,2022,17,32,SR-24 N LAPEER RD,3,Highway estatal,Urbano,Arteria Principal,State Highway Agency,1,Sin jurisdiccion especial,1,42.79209167,-83.24623611,Vehiculo en movimiento,Frente a Detrás,Not an Intersection,No fue interseccion,Sobre calle,Ninguna,Dia total,Despejado,No,NO APLICA,17,34,17,49,1,08/06/2022,3
26,Michigan,260318,0,0,1,0,135,OSCODA (135),0,NO APLICA,6,Junio,10,2022,21,35,CR-TOWN LINE RD,4,Calle del Condado,Rural,Local,County Highway Agency,0,Sin jurisdiccion especial,23,44.72070833,-84.25159444,Animal vivo,El primer evento no fue una colision con un vehiculo automotor en transporte,Not an Intersection,No fue interseccion,Sobre calle,Ninguna,Atardecer,Despejado,No,NO APLICA,21,37,21,48,1,10/06/2022,1
26,Michigan,260319,1,1,1,0,163,WAYNE (163),1260,DETROIT,6,Junio,11,2022,13,50,LINWOOD ST,6,Calle Local Municipalidad,Urbano,Arteria Principal,City or Municipal Highway Agency,1,Sin jurisdiccion especial,10,42.36880278,-83.10551389,Peaton,El primer evento no fue una colision con un vehiculo automotor en transporte,Not an Intersection,No fue interseccion,Sobre el lado de la calle,Ninguna,Dia total,Despejado,No,NO APLICA,99,99,99,99,1,11/06/2022,2
26,Michigan,260320,0,0,2,0,65,INGHAM (65),1430,EAST LANSING,5,Mayo,12,2022,8,33,US-127 RAMP 016A,2,US Highway,Urbano,Arterial Principal -Freeway o ExpressWay,State Highway Agency,1,Sin jurisdiccion especial,3,42.76048056,-84.50676667,Vehiculo en movimiento,Frente a Detrás,T-Intersection,Interseccion de T,Sobre calle,Ninguna,Dia total,Despejado,No,NO APLICA,99,99,99,99,1,12/05/2022,2
26,Michigan,260321,0,0,1,0,5,ALLEGAN (5),0,NO APLICA,6,Junio,6,2022,18,21,SR-40,3,Highway estatal,Rural,Arteria Menor,State Highway Agency,0,Sin jurisdiccion especial,46,42.48336111,-85.85776111,Volcadura,El primer evento no fue una colision con un vehiculo automotor en transporte,Not an Intersection,No fue interseccion,Sobre el lado de la calle,Ninguna,Dia total,Despejado,No,NO APLICA,99,99,99,99,1,06/06/2022,1
26,Michigan,260322,0,0,1,0,5,ALLEGAN (5),0,NO APLICA,6,Junio,12,2022,20,50,CR-130TH ST,4,Calle del Condado,Rural,Local,County Highway Agency,0,Sin jurisdiccion especial,59,42.63875556,-85.78264167,Volcadura,El primer evento no fue una colision con un vehiculo automotor en transporte,Not an Intersection,No fue interseccion,Sobre el lado de la calle,Ninguna,Atardecer,Despejado,No,NO APLICA,99,99,99,99,1,12/06/2022,2
26,Michigan,260323,1,1,2,0,99,MACOMB (99),5110,WARREN,6,Junio,13,2022,3,18,CR-MOUND RD,4,Calle del Condado,Urbano,Arteria Principal,County Highway Agency,1,Sin jurisdiccion especial,28,42.488925,-83.04546111,Vehiculo en movimiento,Frente a Detrás,Not an Intersection,No fue interseccion,Sobre calle,Ninguna,Oscuro con iluminacion,Despejado,No,NO APLICA,99,99,99,99,1,13/06/2022,2
26,Michigan,260324,0,0,1,0,5,ALLEGAN (5),0,NO APLICA,5,Mayo,11,2022,12,22,CR-58TH ST,4,Calle del Condado,Rural,Arteria Menor,County Highway Agency,0,Sin jurisdiccion especial,27,42.63441667,-86.11488333,Volcadura,El primer evento no fue una colision con un vehiculo automotor en transporte,Not an Intersection,No fue interseccion,Sobre el lado de la calle,Ninguna,Dia total,Despejado,No,NO APLICA,99,98,99,98,1,11/05/2022,1
26,Michigan,260325,0,0,4,0,163,WAYNE (163),1260,DETROIT,6,Junio,15,2022,13,50,I-75,1,Interestatal,Urbano,Interestatal,State Highway Agency,1,Sin jurisdiccion especial,163,42.27734444,-83.15630556,Vehiculo en movimiento,Frente a Detrás,Not an Intersection,No fue interseccion,Sobre calle,Ninguna,Dia total,Despejado,No,NO APLICA,99,99,99,99,1,15/06/2022,4
26,Michigan,260326,0,0,1,0,141,PRESQUE ISLE (141),0,NO APLICA,6,Junio,19,2022,1,2,CR-KUFFLE RD,4,Calle del Condado,Rural,Local,County Highway Agency,0,Sin jurisdiccion especial,24,45.23356667,-83.61916389,Arbol,El primer evento no fue una colision con un vehiculo automotor en transporte,Not an Intersection,No fue interseccion,Sobre el lado de la calle,Ninguna,Oscuro sin iluminacion,Despejado,No,NO APLICA,1,7,1,19,1,19/06/2022,1
26,Michigan,260327,0,0,2,0,73,ISABELLA (73),0,NO APLICA,6,Junio,19,2022,15,45,CR-E BLANCHARD RD,4,Calle del Condado,Rural,Colector Mayor,County Highway Agency,0,Sin jurisdiccion especial,182,43.52408056,-84.72718889,Vehiculo en movimiento,Angulo,Four-Way Intersection,Interseccion de 4 direcciones,Sobre calle,Ninguna,Dia total,Despejado,No,NO APLICA,15,52,16,5,2,19/06/2022,4
26,Michigan,260328,0,0,1,0,163,WAYNE (163),1260,DETROIT,6,Junio,18,2022,5,0,CURTIS ST,6,Calle Local Municipalidad,Urbano,Colector Mayor,City or Municipal Highway Agency,0,Sin jurisdiccion especial,4,42.42410278,-83.170625,Arbol,El primer evento no fue una colision con un vehiculo automotor en transporte,T-Intersection,Interseccion de T,Sobre el lado de la calle,Ninguna,Amanecer,Despejado,No,NO APLICA,99,99,99,99,1,18/06/2022,1
26,Michigan,260329,0,0,3,0,163,WAYNE (163),0,NO APLICA,6,Junio,17,2022,8,16,SR-14,3,Highway estatal,Urbano,Arteria Menor,State Highway Agency,0,Sin jurisdiccion especial,22,42.35810833,-83.50715556,Vehiculo en movimiento,Frente a Detrás,Not an Intersection,No fue interseccion,Sobre calle,Construccion,Dia total,Despejado,No,NO APLICA,99,99,99,99,1,17/06/2022,3
26,Michigan,260330,0,0,1,0,85,LAKE (85),0,NO APLICA,5,Mayo,15,2022,0,16,SR-47,3,Highway estatal,Rural,Arteria Menor,State Highway Agency,0,Sin jurisdiccion especial,40,43.99986944,-85.84,Zanja,El primer evento no fue una colision con un vehiculo automotor en transporte,Not an Intersection,No fue interseccion,Sobre el lado de la calle,Ninguna,Oscuro sin iluminacion,Despejado,No,NO APLICA,0,17,0,22,1,15/05/2022,1
26,Michigan,260331,0,0,3,0,67,IONIA (67),0,NO APLICA,5,Mayo,15,2022,19,27,SR-66 STATE RD,3,Highway estatal,Rural,Arteria Menor,State Highway Agency,0,Sin jurisdiccion especial,31,43.0322,-85.07516667,Vehiculo en movimiento,Frente a Detrás,Not an Intersection,No fue interseccion,Sobre calle,Ninguna,Dia total,lluvia,No,NO APLICA,99,99,99,99,1,15/05/2022,4
26,Michigan,260332,0,0,2,0,125,OAKLAND (125),3628,NOVI,5,Mayo,15,2022,14,27,CR-PONTIAC TRL,4,Calle del Condado,Urbano,Arteria Principal,County Highway Agency,1,Sin jurisdiccion especial,51,42.52503056,-83.51625556,Vehiculo en movimiento,Angulo,Four-Way Intersection,Interseccion de 4 direcciones,Sobre calle,Ninguna,Dia total,Despejado,No,NO APLICA,99,99,99,99,1,15/05/2022,2
26,Michigan,260333,0,0,4,0,27,CASS (27),0,NO APLICA,5,Mayo,16,2022,4,37,US-12,2,US Highway,Rural,Arteria Menor,State Highway Agency,0,Sin jurisdiccion especial,215,41.787925,-85.84754167,Vehiculo en movimiento,Frente a Detrás,Four-Way Intersection,Interseccion de 4 direcciones,Sobre calle,Ninguna,Oscuro con iluminacion,Despejado,No,NO APLICA,99,99,99,99,2,16/05/2022,4
26,Michigan,260334,0,0,2,0,21,BERRIEN (21),448,BERTRAND,5,Mayo,13,2022,7,42,US-12 PULASKY HWY,2,US Highway,Urbano,Arteria Principal,State Highway Agency,1,Sin jurisdiccion especial,4,41.80538333,-86.31958056,Vehiculo en movimiento,Angulo,T-Intersection,Interseccion de T,Sobre calle,Ninguna,Dia total,Despejado,No,NO APLICA,7,51,7,52,1,13/05/2022,3
26,Michigan,260335,0,0,1,0,121,MUSKEGON (121),0,NO APLICA,5,Mayo,20,2022,23,18,SR-37,3,Highway estatal,Rural,Arteria Menor,State Highway Agency,0,Sin jurisdiccion especial,8,43.23445278,-85.80063611,Acotamiento,El primer evento no fue una colision con un vehiculo automotor en transporte,Not an Intersection,No fue interseccion,Sobre el lado de la calle,Ninguna,Oscuro sin iluminacion,lluvia,No,NO APLICA,23,22,23,29,1,20/05/2022,2
26,Michigan,260336,0,0,2,0,163,WAYNE (163),1260,DETROIT,5,Mayo,14,2022,3,38,I-96,1,Interestatal,Urbano,Interestatal,State Highway Agency,1,Sin jurisdiccion especial,20,42.36143056,-83.12332222,Vehiculo en movimiento,Frente a Detrás,Not an Intersection,No fue interseccion,Sobre calle,Ninguna,Oscuro con iluminacion,Despejado,No,NO APLICA,99,99,99,99,1,14/05/2022,2
26,Michigan,260337,0,0,2,0,45,EATON (45),0,NO APLICA,5,Mayo,22,2022,21,21,CR-VERMONTVILLE HWY,4,Calle del Condado,Rural,Colector Mayor,County Highway Agency,0,Sin jurisdiccion especial,12,42.62603889,-84.83654722,Vehiculo en movimiento,Angulo,Four-Way Intersection,Interseccion de 4 direcciones,Sobre calle,Ninguna,Oscuro sin iluminacion,Despejado,No,NO APLICA,21,22,21,32,2,22/05/2022,4
26,Michigan,260338,0,0,1,0,147,ST. CLAIR (147),0,NO APLICA,5,Mayo,21,2022,6,46,CR-WALES CENTER RD,4,Calle del Condado,Rural,Colector Mayor,County Highway Agency,0,Sin jurisdiccion especial,45,42.95370833,-82.67901111,Arbol,El primer evento no fue una colision con un vehiculo automotor en transporte,Not an Intersection,No fue interseccion,Sobre el lado de la calle,Ninguna,Dia total,Despejado,No,NO APLICA,6,46,7,0,1,21/05/2022,1
26,Michigan,260339,0,0,1,0,49,GENESEE (49),0,NO APLICA,5,Mayo,19,2022,16,37,SR-13 SHERIDAN RD,3,Highway estatal,Rural,Arteria Menor,State Highway Agency,0,Sin jurisdiccion especial,114,43.12727778,-83.92888611,Zanja,El primer evento no fue una colision con un vehiculo automotor en transporte,Not an Intersection,No fue interseccion,Sobre el lado de la calle,Ninguna,Dia total,Despejado,No,NO APLICA,16,41,16,45,1,19/05/2022,2
26,Michigan,260340,0,0,2,0,93,LIVINGSTON (93),2114,HAMBURG,5,Mayo,13,2022,23,18,CR-STRAWBERRY LAKE RD,4,Calle del Condado,Urbano,Colector Mayor,County Highway Agency,0,Sin jurisdiccion especial,28,42.44205833,-83.82658056,Vehiculo en movimiento,Angulo,Not an Intersection,No fue interseccion,Sobre calle,Ninguna,Oscuro sin iluminacion,Despejado,No,NO APLICA,99,99,99,99,1,13/05/2022,2
26,Michigan,260341,0,0,2,0,61,HOUGHTON (61),720,CALUMET,4,Abril,20,2022,17,50,SR-26,3,Highway estatal,Urbano,Arteria Menor,State Highway Agency,0,Sin jurisdiccion especial,11,47.19993611,-88.42564444,Vehiculo en movimiento,Frente a frente,Not an Intersection,No fue interseccion,Sobre calle,Ninguna,Dia total,Nublado,No,NO APLICA,99,99,99,99,1,20/04/2022,3
26,Michigan,260342,0,0,1,0,37,CLINTON (37),0,NO APLICA,5,Mayo,17,2022,20,25,CR-STATE RD,4,Calle del Condado,Rural,Local,County Highway Agency,0,Sin jurisdiccion especial,0,42.78450278,-84.38063056,Volcadura,El primer evento no fue una colision con un vehiculo automotor en transporte,T-Intersection,Interseccion de T,Sobre el lado de la calle,Ninguna,Dia total,Despejado,No,NO APLICA,20,26,20,37,1,17/05/2022,1
26,Michigan,260343,0,0,2,0,121,MUSKEGON (121),3460,MUSKEGON HTS,5,Mayo,28,2022,11,44,HACKLEY RD,6,Calle Local Municipalidad,Urbano,Arteria Menor,City or Municipal Highway Agency,0,Sin jurisdiccion especial,36,43.21231389,-86.23450556,Vehiculo en movimiento,Angulo,Four-Way Intersection,Interseccion de 4 direcciones,Sobre calle,Ninguna,Dia total,Despejado,No,NO APLICA,11,44,99,99,1,28/05/2022,2
26,Michigan,260344,0,0,2,0,165,WEXFORD (165),0,NO APLICA,5,Mayo,31,2022,13,48,CR-E 32 RD,4,Calle del Condado,Rural,Local,County Highway Agency,0,Sin jurisdiccion especial,70,44.29523056,-85.45827222,Vehiculo en movimiento,Angulo,Four-Way Intersection,Interseccion de 4 direcciones,Sobre calle,Ninguna,Dia total,Despejado,No,NO APLICA,13,51,14,0,1,31/05/2022,4
26,Michigan,260345,1,1,1,0,163,WAYNE (163),1260,DETROIT,5,Mayo,14,2022,14,43,CR-MCNICHOLS RD,4,Calle del Condado,Urbano,Arteria Principal,County Highway Agency,1,Sin jurisdiccion especial,153,42.41469722,-83.25101667,Peaton,El primer evento no fue una colision con un vehiculo automotor en transporte,Not an Intersection,No fue interseccion,Sobre calle,Ninguna,Dia total,Despejado,No,NO APLICA,99,99,99,99,1,14/05/2022,2
26,Michigan,260346,0,0,1,0,117,MONTCALM (117),0,NO APLICA,6,Junio,13,2022,11,34,CR-N CRYSTAL RD,4,Calle del Condado,Rural,Colector Mayor,County Highway Agency,0,Sin jurisdiccion especial,0,43.379675,-84.90470556,Arbol,El primer evento no fue una colision con un vehiculo automotor en transporte,Not an Intersection,No fue interseccion,Sobre el lado de la calle,Ninguna,Dia total,Despejado,No,NO APLICA,99,99,99,99,1,13/06/2022,1
26,Michigan,260347,0,0,2,0,75,JACKSON (75),0,NO APLICA,6,Junio,21,2022,15,46,SR-124 WELLWOOD RD,3,Highway estatal,Rural,Colector Menor,State Highway Agency,0,Sin jurisdiccion especial,63,42.07678056,-84.13720278,Vehiculo en movimiento,Frente a frente,Not an Intersection,No fue interseccion,Sobre calle,Ninguna,Dia total,Despejado,No,NO APLICA,15,47,15,53,1,21/06/2022,2
26,Michigan,260348,1,1,1,0,35,CLARE (35),2180,HARRISON,6,Junio,22,2022,13,2,E MAIN ST,6,Calle Local Municipalidad,Rural,Local,City or Municipal Highway Agency,0,Sin jurisdiccion especial,0,44.01980833,-84.79943333,No vehiculo o remolque,El primer evento no fue una colision con un vehiculo automotor en transporte,Four-Way Intersection,Interseccion de 4 direcciones,Sobre calle,Ninguna,Dia total,Despejado,No,NO APLICA,13,5,13,9,1,22/06/2022,1
26,Michigan,260349,0,0,2,1,65,INGHAM (65),0,NO APLICA,6,Junio,22,2022,9,3,US-127,2,US Highway,Urbano,Arterial Principal -Freeway o ExpressWay,State Highway Agency,1,Sin jurisdiccion especial,183,42.67028611,-84.48984444,Vehiculo Aparcado,El primer evento no fue una colision con un vehiculo automotor en transporte,Not an Intersection,No fue interseccion,Sobre el lado de la calle,Ninguna,Dia total,Despejado,No,NO APLICA,9,3,9,11,1,22/06/2022,2
26,Michigan,260350,0,0,1,0,107,MECOSTA (107),0,NO APLICA,5,Mayo,30,2022,5,41,CR-CLEVELAND RD,4,Calle del Condado,Rural,Colector Mayor,County Highway Agency,0,Sin jurisdiccion especial,0,43.66644444,-85.26456111,Volcadura,El primer evento no fue una colision con un vehiculo automotor en transporte,Not an Intersection,No fue interseccion,Sobre el lado de la calle,Ninguna,Oscuro sin iluminacion,Reportado como desconocido,No,NO APLICA,5,42,5,52,1,30/05/2022,1
26,Michigan,260351,0,0,2,0,123,NEWAYGO (123),0,NO APLICA,5,Mayo,20,2022,12,23,CR-44TH ST,4,Calle del Condado,Rural,Colector Mayor,County Highway Agency,0,Sin jurisdiccion especial,12,43.474425,-85.97953889,Vehiculo en movimiento,Angulo,Four-Way Intersection,Interseccion de 4 direcciones,Sobre calle,Ninguna,Dia total,Nublado,No,NO APLICA,12,23,12,28,1,20/05/2022,2
26,Michigan,260352,0,0,1,0,147,ST. CLAIR (147),4060,PORT HURON,5,Mayo,12,2022,10,31,SR-94 BUS I-94 MILITARY ST,3,Highway estatal,Urbano,Arteria Principal,State Highway Agency,1,Sin jurisdiccion especial,180,42.94405278,-82.44553611,Immersion total o parcial,El primer evento no fue una colision con un vehiculo automotor en transporte,Not an Intersection,No fue interseccion,Fuera de la calle,Ninguna,Reportada como desconocida,Reportado como desconocido,No,NO APLICA,99,98,99,98,1,12/05/2022,1
26,Michigan,260353,0,0,1,0,163,WAYNE (163),2070,GROSSE POINTE,5,Mayo,30,2022,1,44,CR-MACK RD,4,Calle del Condado,Urbano,Arteria Principal,County Highway Agency,1,Sin jurisdiccion especial,69,42.39516111,-82.92167778,Banqueta,El primer evento no fue una colision con un vehiculo automotor en transporte,Not an Intersection,No fue interseccion,Sobre el lado de la calle,Ninguna,Oscuro con iluminacion,Despejado,No,NO APLICA,99,99,99,99,1,30/05/2022,1
26,Michigan,260354,1,1,1,0,15,BARRY (15),0,NO APLICA,5,Mayo,8,2022,1,12,CR-DELTON RD,4,Calle del Condado,Rural,Colector Mayor,County Highway Agency,0,Sin jurisdiccion especial,17,42.50371667,-85.42335556,Peaton,El primer evento no fue una colision con un vehiculo automotor en transporte,Not an Intersection,No fue interseccion,Sobre calle,Ninguna,Oscuro sin iluminacion,Despejado,No,NO APLICA,99,99,99,99,1,08/05/2022,1