Estado,Nombre de Estado,Numero de Caso,Peatones,Personas _no_vehiculos,Vehiculos automotores,Vehiculos estacionados,Condado,Nombre Condado,Ciudad,Nombre Ciudad,Mes,Nombre Mes,Dia,Año,Hora,Minuto,Calle,Ruta,Nombre Ruta,Rural o Urbanoo,Sistema Funcional,Dueño Calle,Sistema Nacional Carreteras,Jurisdiccion Especial,Milla,Latitud,Longitud,Causa del Accidente,Tipo de Accidente,Tipo Interseccion,Columna1,Lugar en la calle,Zona de Trabajo,Luz,Clima,Autobus Escolar,Cruce de Trenes,Hora Notificacion,Minuto Notificacion,Hora Llegada,Minuto Llegada,Decesos,Fecha,PersonaVehiculo
26,Michigan,260355,0,0,2,0,163,WAYNE (163),1212,DEARBORN HEIGHTS,5,Mayo,12,2022,18,35,SR-153 FORD RD,3,Highway estatal,Urbano,Arteria Principal,State Highway Agency,1,Sin jurisdiccion especial,129,42.32656944,-83.29476667,Vehiculo en movimiento,Angulo,Not an Intersection,No fue interseccion,Sobre calle,Ninguna,Dia total,Despejado,No,NO APLICA,99,99,99,99,1,12/05/2022,3
26,Michigan,260356,0,0,1,0,91,LENAWEE (91),0,NO APLICA,5,Mayo,22,2022,7,17,US-12,2,US Highway,Rural,Arteria Principal,State Highway Agency,1,Sin jurisdiccion especial,17,42.07239722,-84.07726111,Buzon de correo,El primer evento no fue una colision con un vehiculo automotor en transporte,Not an Intersection,No fue interseccion,Sobre el lado de la calle,Ninguna,Oscuro sin iluminacion,Despejado,No,NO APLICA,99,98,99,98,1,22/05/2022,2
26,Michigan,260357,0,0,1,0,139,OTTAWA (139),0,NO APLICA,6,Junio,20,2022,17,7,CR-136TH AVE,4,Calle del Condado,Urbano,Arteria Menor,County Highway Agency,0,Sin jurisdiccion especial,16,42.83071111,-86.11767778,Volcadura,El primer evento no fue una colision con un vehiculo automotor en transporte,Not an Intersection,No fue interseccion,Sobre calle,Ninguna,Dia total,Despejado,No,NO APLICA,17,8,17,11,1,20/06/2022,1
26,Michigan,260358,1,1,1,0,163,WAYNE (163),1260,DETROIT,5,Mayo,30,2022,7,50,MARTIN LUTHER KING JR BLVD,6,Calle Local Municipalidad,Urbano,Arteria Principal,County Highway Agency,1,Sin jurisdiccion especial,3,42.33539444,-83.09293889,Ciclista,El primer evento no fue una colision con un vehiculo automotor en transporte,Four-Way Intersection,Interseccion de 4 direcciones,Sobre calle,Ninguna,Dia total,Despejado,No,NO APLICA,99,99,99,99,1,30/05/2022,1
26,Michigan,260359,1,1,1,0,79,KALKASKA (79),0,NO APLICA,6,Junio,16,2022,14,11,US-131,2,US Highway,Rural,Arteria Principal,State Highway Agency,1,Sin jurisdiccion especial,39,44.64013333,-85.28708889,Peaton,El primer evento no fue una colision con un vehiculo automotor en transporte,Not an Intersection,No fue interseccion,Sobre calle,Ninguna,Dia total,Despejado,No,NO APLICA,99,99,99,99,1,16/06/2022,1
26,Michigan,260360,0,0,2,0,45,EATON (45),4770,SUNFIELD,6,Junio,22,2022,19,40,SR-43 W GRAND LEDGE HWY,3,Highway estatal,Rural,Arteria Menor,State Highway Agency,0,Sin jurisdiccion especial,2,42.75593333,-85.04418056,Vehiculo en movimiento,Frente a frente,Not an Intersection,No fue interseccion,Sobre calle,Ninguna,Dia total,Despejado,No,NO APLICA,19,41,19,57,1,22/06/2022,3
26,Michigan,260361,0,0,2,0,125,OAKLAND (125),0,NO APLICA,6,Junio,24,2022,19,3,SR-59 HIGHLAND RD,3,Highway estatal,Urbano,Arteria Principal,State Highway Agency,1,Sin jurisdiccion especial,164,42.65363056,-83.37232222,Vehiculo en movimiento,Angulo,Not an Intersection,No fue interseccion,Sobre calle,Ninguna,Dia total,Despejado,No,NO APLICA,19,3,19,7,1,24/06/2022,4
26,Michigan,260362,0,0,1,0,99,MACOMB (99),0,NO APLICA,3,Marzo,29,2022,5,48,CR-CAPAC RD,4,Calle del Condado,Rural,Arteria Menor,County Highway Agency,0,Sin jurisdiccion especial,9,42.86308889,-82.94493056,Culvert,El primer evento no fue una colision con un vehiculo automotor en transporte,Not an Intersection,No fue interseccion,Sobre el lado de la calle,Ninguna,Oscuro sin iluminacion,Despejado,No,NO APLICA,99,98,99,98,1,29/03/2022,1
26,Michigan,260363,0,0,1,0,161,WASHTENAW (161),0,NO APLICA,6,Junio,26,2022,3,7,CR-DEXTER ANN ARBOR RD,4,Calle del Condado,Urbano,Arteria Menor,County Highway Agency,0,Sin jurisdiccion especial,27,42.31973611,-83.85899722,Zanja,El primer evento no fue una colision con un vehiculo automotor en transporte,Not an Intersection,No fue interseccion,Sobre el lado de la calle,Ninguna,Oscuro sin iluminacion,Nublado,No,NO APLICA,99,99,99,99,1,26/06/2022,1
26,Michigan,260364,1,1,1,0,161,WASHTENAW (161),150,ANN ARBOR,3,Marzo,30,2022,4,9,STADIUM BLVD,6,Calle Local Municipalidad,Urbano,Arteria Principal,City or Municipal Highway Agency,1,Sin jurisdiccion especial,2,42.27571944,-83.77782222,Ciclista,El primer evento no fue una colision con un vehiculo automotor en transporte,T-Intersection,Interseccion de T,Sobre calle,Ninguna,Oscuro con iluminacion,lluvia,No,NO APLICA,99,99,99,99,1,30/03/2022,1
26,Michigan,260365,0,0,1,0,47,EMMET (47),762,CARP LAKE,6,Junio,22,2022,4,34,CR-SCHMALZRIED RD,4,Calle del Condado,Rural,Local,County Highway Agency,0,Sin jurisdiccion especial,24,45.66541389,-84.82771389,Animal vivo,El primer evento no fue una colision con un vehiculo automotor en transporte,Not an Intersection,No fue interseccion,Sobre calle,Ninguna,Oscuro sin iluminacion,Despejado,No,NO APLICA,4,34,4,51,1,22/06/2022,1
26,Michigan,260366,0,0,2,0,77,KALAMAZOO (77),1084,COMSTOCK,6,Junio,24,2022,6,50,I-94 BL,1,Interestatal,Urbano,Arteria Principal,State Highway Agency,1,Sin jurisdiccion especial,18,42.27035556,-85.53091111,Vehiculo en movimiento,Angulo,Four-Way Intersection,Interseccion de 4 direcciones,Sobre calle,Ninguna,Dia total,Despejado,No,NO APLICA,6,55,7,0,1,24/06/2022,2
26,Michigan,260367,0,0,2,0,163,WAYNE (163),5176,WESTLAND,6,Junio,28,2022,13,57,CENTRAL CITY PKWY,6,Calle Local Municipalidad,Urbano,Colector Mayor,City or Municipal Highway Agency,0,Sin jurisdiccion especial,10,42.33639722,-83.40038611,Vehiculo en movimiento,Angulo,Not an Intersection,No fue interseccion,Sobre calle,Ninguna,Dia total,Despejado,No,NO APLICA,13,58,14,2,1,28/06/2022,2
26,Michigan,260368,0,0,2,0,33,CHIPPEWA (33),3945,PICKFORD,6,Junio,23,2022,12,16,SR-129,3,Highway estatal,Rural,Colector Mayor,State Highway Agency,0,Sin jurisdiccion especial,0,46.12929167,-84.36328056,Vehiculo en movimiento,Angulo,Four-Way Intersection,Interseccion de 4 direcciones,Sobre calle,Ninguna,Dia total,Despejado,No,NO APLICA,12,16,12,27,1,23/06/2022,2
26,Michigan,260369,0,0,2,0,163,WAYNE (163),4166,REDFORD TOWNSHIP,6,Junio,25,2022,21,28,US-24 TELEGRAPH RD,2,US Highway,Urbano,Arteria Principal,State Highway Agency,1,Sin jurisdiccion especial,147,42.40230278,-83.27689722,Vehiculo en movimiento,Frente a Detrás,Not an Intersection,No fue interseccion,Sobre calle,Ninguna,Dia total,Despejado,No,NO APLICA,21,30,21,35,1,25/06/2022,2
26,Michigan,260370,0,0,2,0,147,ST. CLAIR (147),4060,PORT HURON,6,Junio,24,2022,12,26,SR-OAK ST,3,Highway estatal,Urbano,Arteria Principal,State Highway Agency,1,Sin jurisdiccion especial,291,42.96619167,-82.43741111,Vehiculo en movimiento,Angulo,Four-Way Intersection,Interseccion de 4 direcciones,Sobre calle,Ninguna,Dia total,Despejado,No,NO APLICA,12,27,12,31,1,24/06/2022,2
26,Michigan,260371,0,0,1,0,111,MIDLAND (111),0,NO APLICA,4,Abril,20,2022,17,30,CR-STARK RD,4,Calle del Condado,Urbano,Colector Mayor,County Highway Agency,0,Sin jurisdiccion especial,26,43.68758056,-84.30967778,Zanja,El primer evento no fue una colision con un vehiculo automotor en transporte,Not an Intersection,No fue interseccion,Sobre el lado de la calle,Ninguna,Dia total,Despejado,No,NO APLICA,99,99,99,99,1,20/04/2022,1
26,Michigan,260372,0,0,1,0,117,MONTCALM (117),0,NO APLICA,5,Mayo,6,2022,22,48,CR-PECK RD,4,Calle del Condado,Rural,Local,County Highway Agency,0,Sin jurisdiccion especial,43,43.21386944,-85.20248333,Volcadura,El primer evento no fue una colision con un vehiculo automotor en transporte,T-Intersection,Interseccion de T,Sobre el lado de la calle,Ninguna,Oscuro sin iluminacion,Despejado,No,NO APLICA,22,49,22,53,1,06/05/2022,1
26,Michigan,260373,0,0,2,0,125,OAKLAND (125),0,NO APLICA,6,Junio,24,2022,15,7,CR-DIXIE HWY,4,Calle del Condado,Urbano,Arteria Menor,County Highway Agency,0,Sin jurisdiccion especial,39,42.784175,-83.50320833,Vehiculo en movimiento,Frente a frente,T-Intersection,Interseccion de T,Sobre calle,Ninguna,Dia total,Despejado,No,NO APLICA,15,8,15,14,1,24/06/2022,2
26,Michigan,260374,0,0,2,0,93,LIVINGSTON (93),0,NO APLICA,5,Mayo,13,2022,17,14,CR-KENSING RD,4,Calle del Condado,Urbano,Arteria Principal,County Highway Agency,1,Sin jurisdiccion especial,17,42.52085833,-83.689225,Vehiculo en movimiento,Angulo,Not an Intersection,No fue interseccion,Sobre calle,Ninguna,Dia total,Despejado,No,NO APLICA,99,99,99,99,1,13/05/2022,3
26,Michigan,260375,0,0,1,0,163,WAYNE (163),1260,DETROIT,6,Junio,27,2022,0,29,CENTRAL ST,6,Calle Local Municipalidad,Urbano,Arteria Menor,City or Municipal Highway Agency,0,Sin jurisdiccion especial,15,42.32243056,-83.13143056,Vehiculo Ferrocarril,El primer evento no fue una colision con un vehiculo automotor en transporte,Not an Intersection,No fue interseccion,Sobre calle,Ninguna,Oscuro sin iluminacion,Despejado,No,511948E,99,99,99,99,2,27/06/2022,2
26,Michigan,260376,0,0,5,0,65,INGHAM (65),2700,LANSING,5,Mayo,22,2022,12,30,I-496,1,Interestatal,Rural,Interestatal,State Highway Agency,1,Sin jurisdiccion especial,27,42.72575,-84.55031389,Vehiculo en movimiento,Frente a Detrás,Not an Intersection,No fue interseccion,Sobre calle,Ninguna,Dia total,Despejado,No,NO APLICA,12,26,12,34,1,22/05/2022,8
26,Michigan,260377,0,0,2,0,75,JACKSON (75),0,NO APLICA,6,Junio,28,2022,20,57,CR-PAGE AVE,4,Calle del Condado,Urbano,Arteria Principal,County Highway Agency,1,Sin jurisdiccion especial,12,42.24047778,-84.37339167,Vehiculo en movimiento,Frente a frente,Not an Intersection,No fue interseccion,Sobre calle,Ninguna,Atardecer,Despejado,No,NO APLICA,20,58,21,4,2,28/06/2022,2
26,Michigan,260378,0,0,1,0,161,WASHTENAW (161),0,NO APLICA,6,Junio,30,2022,0,29,CR-N TERRITORIAL,4,Calle del Condado,Rural,Arteria Menor,County Highway Agency,0,Sin jurisdiccion especial,99,42.38401389,-83.8936,Arbol,El primer evento no fue una colision con un vehiculo automotor en transporte,Not an Intersection,No fue interseccion,Sobre el lado de la calle,Ninguna,Oscuro sin iluminacion,Despejado,No,NO APLICA,0,33,0,41,1,30/06/2022,1
26,Michigan,260379,0,0,1,0,145,SAGINAW (145),0,NO APLICA,6,Junio,16,2022,16,0,SR-84 BAY RD,3,Highway estatal,Urbano,Arteria Principal,State Highway Agency,1,Sin jurisdiccion especial,47,43.49432778,-83.97336389,Volcadura,El primer evento no fue una colision con un vehiculo automotor en transporte,Four-Way Intersection,Interseccion de 4 direcciones,Sobre calle,Ninguna,Dia total,Despejado,No,NO APLICA,99,99,99,99,1,16/06/2022,2
26,Michigan,260380,1,1,1,0,155,SHIAWASSEE (155),0,NO APLICA,6,Junio,30,2022,22,25,CR-BYRON RD,4,Calle del Condado,Rural,Colector Mayor,County Highway Agency,0,Sin jurisdiccion especial,10,42.79495,-83.94286111,Peaton,El primer evento no fue una colision con un vehiculo automotor en transporte,Not an Intersection,No fue interseccion,Sobre calle,Ninguna,Oscuro sin iluminacion,Despejado,No,NO APLICA,99,99,99,99,1,30/06/2022,1
26,Michigan,260381,0,0,1,0,81,KENT (81),0,NO APLICA,6,Junio,29,2022,17,59,CR-LINCOLN LAKE AVE NE,4,Calle del Condado,Rural,Colector Mayor,County Highway Agency,0,Sin jurisdiccion especial,215,43.17639722,-85.35275556,Volcadura,El primer evento no fue una colision con un vehiculo automotor en transporte,Four-Way Intersection,Interseccion de 4 direcciones,Sobre calle,Ninguna,Dia total,Despejado,No,NO APLICA,99,99,99,99,1,29/06/2022,1
26,Michigan,260382,0,0,2,0,163,WAYNE (163),1260,DETROIT,6,Junio,26,2022,22,36,FERGUSON ST,6,Calle Local Municipalidad,Urbano,Local,City or Municipal Highway Agency,0,Sin jurisdiccion especial,3,42.40491667,-83.20956389,Vehiculo en movimiento,Angulo,Four-Way Intersection,Interseccion de 4 direcciones,Sobre calle,Ninguna,Oscuro con iluminacion,Despejado,No,NO APLICA,99,99,99,99,1,26/06/2022,2
26,Michigan,260383,0,0,2,0,163,WAYNE (163),1260,DETROIT,5,Mayo,23,2022,1,18,SR-8 DAVISON HWY,3,Highway estatal,Urbano,Arterial Principal -Freeway o ExpressWay,State Highway Agency,1,Sin jurisdiccion especial,39,42.40553333,-83.089625,Vehiculo en movimiento,Golpe Lateral - misma direccion,Not an Intersection,No fue interseccion,Sobre calle,"Zona de trabajo, tipo desconocido",Oscuro con iluminacion,Despejado,No,NO APLICA,99,99,99,99,1,23/05/2022,2
26,Michigan,260384,1,1,1,0,99,MACOMB (99),5110,WARREN,6,Junio,14,2022,19,6,HOOVER RD,6,Calle Local Municipalidad,Urbano,Arteria Menor,City or Municipal Highway Agency,0,Sin jurisdiccion especial,15,42.47082222,-83.006575,Ciclista,El primer evento no fue una colision con un vehiculo automotor en transporte,Not an Intersection,No fue interseccion,Sobre el lado de la calle,Ninguna,Dia total,Despejado,No,NO APLICA,99,99,99,99,1,14/06/2022,1
26,Michigan,260385,0,0,2,0,163,WAYNE (163),1260,DETROIT,6,Junio,9,2022,17,10,CR-FENKELL ST,4,Calle del Condado,Urbano,Arteria Menor,County Highway Agency,0,Sin jurisdiccion especial,51,42.40115,-83.21615278,Vehiculo en movimiento,Angulo,Four-Way Intersection,Interseccion de 4 direcciones,Sobre calle,Ninguna,Dia total,Despejado,No,NO APLICA,99,99,99,99,1,09/06/2022,3
26,Michigan,260386,0,0,2,0,59,HILLSDALE (59),0,NO APLICA,5,Mayo,27,2022,21,0,CR-WALDRON RD,4,Calle del Condado,Rural,Colector Mayor,County Highway Agency,0,Sin jurisdiccion especial,2,41.70921667,-84.41890833,Vehiculo en movimiento,Frente a Detrás,Not an Intersection,No fue interseccion,Sobre calle,Ninguna,Atardecer,Despejado,No,NO APLICA,99,99,99,99,1,27/05/2022,2
26,Michigan,260387,1,1,2,0,163,WAYNE (163),1260,DETROIT,5,Mayo,29,2022,23,17,7 MILE RD,6,Calle Local Municipalidad,Urbano,Arteria Principal,City or Municipal Highway Agency,1,Sin jurisdiccion especial,216,42.43433611,-83.010025,Peaton,El primer evento no fue una colision con un vehiculo automotor en transporte,T-Intersection,Interseccion de T,Sobre calle,Ninguna,Oscuro con iluminacion,Despejado,No,NO APLICA,99,99,99,99,1,29/05/2022,5
26,Michigan,260388,0,0,2,0,147,ST. CLAIR (147),0,NO APLICA,5,Mayo,30,2022,10,30,CR-KILGORE RD,4,Calle del Condado,Rural,Colector Mayor,County Highway Agency,0,Sin jurisdiccion especial,54,43.05716944,-82.69523611,Vehiculo en movimiento,Angulo,Not an Intersection,No fue interseccion,Sobre calle,Ninguna,Dia total,Despejado,No,NO APLICA,10,35,10,46,1,30/05/2022,2
26,Michigan,260389,0,0,2,0,121,MUSKEGON (121),0,NO APLICA,5,Mayo,30,2022,19,4,US-31 BR COLBY RD,2,US Highway,Urbano,Arteria Principal,State Highway Agency,1,Sin jurisdiccion especial,3,43.40903333,-86.31982222,Vehiculo en movimiento,Angulo,Not an Intersection,No fue interseccion,Sobre calle,Ninguna,Dia total,Despejado,No,NO APLICA,19,4,19,5,1,30/05/2022,3
26,Michigan,260390,0,0,2,0,49,GENESEE (49),1730,FLINT,5,Mayo,8,2022,2,21,SAGINAW ST,6,Calle Local Municipalidad,Urbano,Arteria Principal,City or Municipal Highway Agency,1,Sin jurisdiccion especial,148,43.06425833,-83.69385556,Vehiculo en movimiento,Angulo,Four-Way Intersection,Interseccion de 4 direcciones,Sobre calle,Ninguna,Oscuro con iluminacion,Despejado,No,NO APLICA,99,99,99,99,1,08/05/2022,3
26,Michigan,260391,0,0,2,0,77,KALAMAZOO (77),0,NO APLICA,5,Mayo,30,2022,5,28,CR-9TH ST,4,Calle del Condado,Urbano,Arteria Principal,County Highway Agency,1,Sin jurisdiccion especial,16,42.25335278,-85.67749444,Vehiculo en movimiento,Angulo,Not an Intersection,No fue interseccion,Sobre calle,Ninguna,Oscuro sin iluminacion,Despejado,No,NO APLICA,5,29,5,35,1,30/05/2022,2
26,Michigan,260392,1,1,3,0,163,WAYNE (163),1260,DETROIT,5,Mayo,29,2022,5,24,CR-FENKELL RD,4,Calle del Condado,Urbano,Arteria Menor,County Highway Agency,0,Sin jurisdiccion especial,42,42.40083056,-83.23146667,Peaton,El primer evento no fue una colision con un vehiculo automotor en transporte,Not an Intersection,No fue interseccion,Sobre calle,Ninguna,Oscuro con iluminacion,Despejado,No,NO APLICA,99,98,99,98,1,29/05/2022,3
26,Michigan,260393,1,1,1,0,91,LENAWEE (91),0,NO APLICA,6,Junio,1,2022,10,43,US-127 MERIDIAN RD,2,US Highway,Rural,Arteria Principal,State Highway Agency,1,Sin jurisdiccion especial,118,41.87792778,-84.36192778,Otro objeto (no fijo),El primer evento no fue una colision con un vehiculo automotor en transporte,Not an Intersection,No fue interseccion,Sobre Acotamiento,Ninguna,Dia total,Despejado,No,NO APLICA,10,42,10,50,1,01/06/2022,1
26,Michigan,260394,1,1,1,0,81,KENT (81),785,CASCADE,6,Junio,3,2022,12,20,CR-SPAULDING RD,4,Calle del Condado,Urbano,Arteria Menor,County Highway Agency,0,Sin jurisdiccion especial,2,42.92502222,-85.54000278,Ciclista,El primer evento no fue una colision con un vehiculo automotor en transporte,Not an Intersection,No fue interseccion,Sobre calle,Ninguna,Dia total,Despejado,No,NO APLICA,12,24,12,34,1,03/06/2022,1
26,Michigan,260395,0,0,2,0,49,GENESEE (49),0,NO APLICA,6,Junio,2,2022,16,25,CR-HILL RD,4,Calle del Condado,Urbano,Colector Mayor,County Highway Agency,0,Sin jurisdiccion especial,139,42.94641389,-83.58324722,Vehiculo en movimiento,Angulo,T-Intersection,Interseccion de T,Sobre calle,Ninguna,Dia total,Despejado,No,NO APLICA,16,25,16,31,1,02/06/2022,2
26,Michigan,260396,0,0,2,0,139,OTTAWA (139),2503,JAMESTOWN,6,Junio,4,2022,15,4,CR-8TH AVE,4,Calle del Condado,Urbano,Arteria Menor,County Highway Agency,0,Sin jurisdiccion especial,60,42.85633333,-85.80195,Vehiculo en movimiento,Angulo,Four-Way Intersection,Interseccion de 4 direcciones,Sobre calle,Ninguna,Dia total,Despejado,No,NO APLICA,15,6,15,10,1,04/06/2022,5
26,Michigan,260397,0,0,1,0,45,EATON (45),0,NO APLICA,6,Junio,4,2022,20,36,CR-MARSHALL RD,4,Calle del Condado,Rural,Colector Mayor,County Highway Agency,0,Sin jurisdiccion especial,62,42.49025,-84.862225,Volcadura,El primer evento no fue una colision con un vehiculo automotor en transporte,Not an Intersection,No fue interseccion,Sobre el lado de la calle,Ninguna,Dia total,Despejado,No,NO APLICA,20,36,20,44,1,04/06/2022,3
26,Michigan,260398,0,0,1,0,129,OGEMAW (129),0,NO APLICA,6,Junio,6,2022,18,31,SR-33,3,Highway estatal,Rural,Arteria Principal,State Highway Agency,1,Sin jurisdiccion especial,193,44.43711389,-84.12476944,Volcadura,El primer evento no fue una colision con un vehiculo automotor en transporte,Not an Intersection,No fue interseccion,Sobre el lado de la calle,Ninguna,Dia total,Nublado,No,NO APLICA,18,31,18,40,1,06/06/2022,1
26,Michigan,260399,0,0,2,0,163,WAYNE (163),1920,GARDEN CITY,6,Junio,7,2022,11,44,CR-MERRIMAN RD,4,Calle del Condado,Urbano,Arteria Principal,County Highway Agency,1,Sin jurisdiccion especial,67,42.31371389,-83.34963889,Vehiculo en movimiento,Frente a frente,Not an Intersection,No fue interseccion,Sobre calle,Ninguna,Dia total,Despejado,No,NO APLICA,11,45,11,49,1,07/06/2022,2
26,Michigan,260400,1,1,1,0,125,OAKLAND (125),4020,PONTIAC,6,Junio,8,2022,17,1,US-24 BR CESAR CHAVEZ AVE,2,US Highway,Urbano,Arteria Principal,State Highway Agency,1,Sin jurisdiccion especial,6,42.64686667,-83.30205,Ciclista,El primer evento no fue una colision con un vehiculo automotor en transporte,T-Intersection,Interseccion de T,Sobre calle,Ninguna,Dia total,Nublado,No,NO APLICA,17,3,17,9,1,08/06/2022,2
26,Michigan,260401,0,0,1,0,81,KENT (81),0,NO APLICA,6,Junio,4,2022,9,40,CR-DIVISION AVE,4,Calle del Condado,Rural,Colector Mayor,County Highway Agency,0,Sin jurisdiccion especial,10,42.77583056,-85.66331944,Buzon de correo,El primer evento no fue una colision con un vehiculo automotor en transporte,Not an Intersection,No fue interseccion,Sobre el lado de la calle,Ninguna,Dia total,Despejado,No,NO APLICA,9,41,9,50,1,04/06/2022,1
26,Michigan,260402,0,0,2,0,117,MONTCALM (117),0,NO APLICA,6,Junio,10,2022,16,31,CR-HOLLAND LAKE RD,4,Calle del Condado,Rural,Local,County Highway Agency,0,Sin jurisdiccion especial,64,43.23541389,-84.96475,Vehiculo en movimiento,Angulo,Four-Way Intersection,Interseccion de 4 direcciones,Sobre calle,Ninguna,Dia total,Despejado,No,NO APLICA,16,32,16,45,1,10/06/2022,2
26,Michigan,260403,0,0,2,0,125,OAKLAND (125),3800,OXFORD,6,Junio,7,2022,8,36,SR-24 LAPEER RD,3,Highway estatal,Urbano,Arteria Principal,State Highway Agency,1,Sin jurisdiccion especial,93,42.81056944,-83.25206389,Vehiculo en movimiento,Angulo,Four-Way Intersection,Interseccion de 4 direcciones,Sobre calle,Ninguna,Dia total,Nublado,No,NO APLICA,8,37,8,41,1,07/06/2022,2
26,Michigan,260404,0,0,2,0,99,MACOMB (99),4731,STERLING HEIGHTS,3,Marzo,17,2022,0,46,SR-53,3,Highway estatal,Urbano,Arterial Principal -Freeway o ExpressWay,State Highway Agency,1,Sin jurisdiccion especial,45,42.60650556,-83.01538333,Vehiculo en movimiento,Frente a Detrás,Not an Intersection,No fue interseccion,Sobre calle,Ninguna,Oscuro sin iluminacion,Despejado,No,NO APLICA,0,51,0,54,1,17/03/2022,2
26,Michigan,260405,0,0,2,0,109,MENOMINEE (109),0,NO APLICA,5,Mayo,26,2022,10,46,US-41,2,US Highway,Rural,Arteria Principal,State Highway Agency,1,Sin jurisdiccion especial,173,45.34768056,-87.61533333,Vehiculo en movimiento,Angulo,Four-Way Intersection,Interseccion de 4 direcciones,Sobre calle,Ninguna,Dia total,Nublado,No,NO APLICA,99,99,99,99,1,26/05/2022,2
26,Michigan,260406,0,0,1,0,49,GENESEE (49),1730,FLINT,6,Junio,4,2022,21,29,NORBERT ST,6,Calle Local Municipalidad,Urbano,Local,City or Municipal Highway Agency,0,Sin jurisdiccion especial,3,43.01934444,-83.72940278,Banqueta,El primer evento no fue una colision con un vehiculo automotor en transporte,Not an Intersection,No fue interseccion,Sobre el lado de la calle,Ninguna,Dia total,Despejado,No,NO APLICA,21,30,21,35,1,04/06/2022,1
26,Michigan,260407,0,0,2,0,99,MACOMB (99),4731,STERLING HEIGHTS,6,Junio,15,2022,0,51,SR-53 VAN DYKE AVE,3,Highway estatal,Urbano,Arteria Principal,State Highway Agency,1,Sin jurisdiccion especial,13,42.56535278,-83.0295,Vehiculo en movimiento,Angulo,Four-Way Intersection,Interseccion de 4 direcciones,Sobre calle,Ninguna,Oscuro con iluminacion,Despejado,No,NO APLICA,0,52,0,55,1,15/06/2022,2
26,Michigan,260408,1,1,1,0,163,WAYNE (163),1260,DETROIT,6,Junio,12,2022,20,43,S JEFFERSON,6,Calle Local Municipalidad,Urbano,Arteria Principal,City or Municipal Highway Agency,1,Sin jurisdiccion especial,40,42.36467222,-82.97583611,Peaton,El primer evento no fue una colision con un vehiculo automotor en transporte,T-Intersection,Interseccion de T,Sobre el lado de la calle,Ninguna,Oscuro con iluminacion,Despejado,No,NO APLICA,99,99,99,99,1,12/06/2022,2
26,Michigan,260409,0,0,2,0,5,ALLEGAN (5),0,NO APLICA,6,Junio,12,2022,19,18,SR-89 124TH ST,3,Highway estatal,Rural,Arteria Menor,State Highway Agency,0,Sin jurisdiccion especial,75,42.59441389,-86.0756,Vehiculo en movimiento,Angulo,Four-Way Intersection,Interseccion de 4 direcciones,Sobre calle,Ninguna,Dia total,Despejado,No,NO APLICA,19,24,19,26,1,12/06/2022,4
26,Michigan,260410,0,0,2,0,65,INGHAM (65),0,NO APLICA,6,Junio,12,2022,13,35,US-127,2,US Highway,Urbano,Arterial Principal -Freeway o ExpressWay,State Highway Agency,1,Sin jurisdiccion especial,6,42.73179167,-84.51058889,Vehiculo en movimiento,Frente a Detrás,Not an Intersection,No fue interseccion,Sobre calle,Construccion,Dia total,Despejado,No,NO APLICA,13,35,13,40,1,12/06/2022,3
26,Michigan,260411,0,0,1,0,79,KALKASKA (79),0,NO APLICA,6,Junio,16,2022,15,7,CR-INGERSOLL RD,4,Calle del Condado,Rural,Colector Mayor,County Highway Agency,0,Sin jurisdiccion especial,4,44.56975556,-85.32461944,Otro objeto (no fijo),El primer evento no fue una colision con un vehiculo automotor en transporte,Not an Intersection,No fue interseccion,Sobre calle,Ninguna,Dia total,Despejado,No,NO APLICA,15,11,15,21,1,16/06/2022,1
26,Michigan,260412,0,0,1,0,111,MIDLAND (111),0,NO APLICA,6,Junio,12,2022,22,25,CR-SHEPHERD RD,4,Calle del Condado,Rural,Local,County Highway Agency,0,Sin jurisdiccion especial,24,43.52407222,-84.55870556,Animal vivo,El primer evento no fue una colision con un vehiculo automotor en transporte,Not an Intersection,No fue interseccion,Sobre calle,Ninguna,Oscuro - iluminacion desconocida,Despejado,No,NO APLICA,22,34,22,56,1,12/06/2022,1
26,Michigan,260413,0,0,2,0,27,CASS (27),0,NO APLICA,6,Junio,17,2022,19,24,CR-REDFIELD ST,4,Calle del Condado,Rural,Colector Mayor,County Highway Agency,0,Sin jurisdiccion especial,55,41.76773333,-86.12787222,Vehiculo en movimiento,Golpe Lateral - misma direccion,Not an Intersection,No fue interseccion,Sobre calle,Ninguna,Dia total,Despejado,No,NO APLICA,99,99,99,99,1,17/06/2022,2
26,Michigan,260414,0,0,1,0,77,KALAMAZOO (77),0,NO APLICA,6,Junio,19,2022,2,16,CR-C AVE,4,Calle del Condado,Rural,Colector Menor,County Highway Agency,0,Sin jurisdiccion especial,20,42.39109444,-85.34847778,Arbol,El primer evento no fue una colision con un vehiculo automotor en transporte,Not an Intersection,No fue interseccion,Sobre el lado de la calle,Ninguna,Oscuro sin iluminacion,Despejado,No,NO APLICA,2,19,2,36,1,19/06/2022,1
26,Michigan,260415,0,0,2,0,163,WAYNE (163),4900,TRENTON,6,Junio,16,2022,9,53,CR-GROSSE ISLE PKWY,4,Calle del Condado,Urbano,Arteria Menor,County Highway Agency,0,Sin jurisdiccion especial,2,42.12766389,-83.18091667,Vehiculo en movimiento,Frente a frente,Not an Intersection,No fue interseccion,Sobre calle,Ninguna,Dia total,Nublado,No,NO APLICA,9,53,9,57,1,16/06/2022,2
26,Michigan,260416,1,1,1,0,65,INGHAM (65),2700,LANSING,6,Junio,12,2022,11,22,SR-99 S MARTIN LUTHER KING JR,3,Highway estatal,Urbano,Arteria Principal,State Highway Agency,1,Sin jurisdiccion especial,32,42.68985278,-84.56764444,Peaton,El primer evento no fue una colision con un vehiculo automotor en transporte,Not an Intersection,No fue interseccion,Sobre calle,Ninguna,Dia total,Despejado,No,NO APLICA,12,19,12,21,1,12/06/2022,2