Estado,Nombre de Estado,Numero de Caso,Peatones,Personas _no_vehiculos,Vehiculos automotores,Vehiculos estacionados,Condado,Nombre Condado,Ciudad,Nombre Ciudad,Mes,Nombre Mes,Dia,Año,Hora,Minuto,Calle,Ruta,Nombre Ruta,Rural o Urbanoo,Sistema Funcional,Dueño Calle,Sistema Nacional Carreteras,Jurisdiccion Especial,Milla,Latitud,Longitud,Causa del Accidente,Tipo de Accidente,Tipo Interseccion,Columna1,Lugar en la calle,Zona de Trabajo,Luz,Clima,Autobus Escolar,Cruce de Trenes,Hora Notificacion,Minuto Notificacion,Hora Llegada,Minuto Llegada,Decesos,Fecha,PersonaVehiculo
26,Michigan,260417,0,0,1,0,147,ST. CLAIR (147),4370,ST. CLAIR,6,Junio,12,2022,19,20,CLINTON AVE,6,Calle Local Municipalidad,Urbano,Arteria Menor,City or Municipal Highway Agency,0,Sin jurisdiccion especial,144,42.8206,-82.48530833,Otro objeto (fijo),El primer evento no fue una colision con un vehiculo automotor en transporte,Not an Intersection,No fue interseccion,Sobre el lado de la calle,Ninguna,Dia total,Despejado,No,NO APLICA,99,99,99,99,1,12/06/2022,1
26,Michigan,260418,0,0,2,0,115,MONROE (115),0,NO APLICA,6,Junio,27,2022,16,25,US-23,2,US Highway,Urbano,Arterial Principal -Freeway o ExpressWay,State Highway Agency,1,Sin jurisdiccion especial,16,41.74834444,-83.69441944,Vehiculo en movimiento,Frente a Detrás,Not an Intersection,No fue interseccion,Sobre calle,Ninguna,Dia total,Despejado,No,NO APLICA,16,30,16,45,1,27/06/2022,4
26,Michigan,260421,0,0,2,0,163,WAYNE (163),1260,DETROIT,6,Junio,19,2022,17,16,SR-96 GRAND RIVER AVE,3,Highway estatal,Urbano,Arteria Principal,State Highway Agency,1,Sin jurisdiccion especial,62,42.376625,-83.15862778,Vehiculo en movimiento,Angulo,Four-Way Intersection,Interseccion de 4 direcciones,Sobre calle,Ninguna,Atardecer,Despejado,No,NO APLICA,99,99,99,99,1,19/06/2022,2
26,Michigan,260422,0,0,2,0,161,WASHTENAW (161),0,NO APLICA,7,Julio,3,2022,22,42,CR-TEXTILE RD,4,Calle del Condado,Urbano,Arteria Menor,County Highway Agency,0,Sin jurisdiccion especial,44,42.20321111,-83.59832778,Vehiculo en movimiento,Angulo,Four-Way Intersection,Interseccion de 4 direcciones,Sobre calle,Ninguna,Oscuro con iluminacion,Nublado,No,NO APLICA,22,45,22,55,1,03/07/2022,3
26,Michigan,260423,0,0,1,0,163,WAYNE (163),2080,GROSSE POINTE FARMS,7,Julio,3,2022,0,32,PROVENCAL RD,6,Calle Local Municipalidad,Urbano,No reportado,City or Municipal Highway Agency,0,Sin jurisdiccion especial,6,42.41885556,-82.89612222,Arbol,El primer evento no fue una colision con un vehiculo automotor en transporte,Not an Intersection,No fue interseccion,Sobre el lado de la calle,Ninguna,Oscuro sin iluminacion,Despejado,No,NO APLICA,0,33,0,44,1,03/07/2022,1
26,Michigan,260424,0,0,1,0,161,WASHTENAW (161),0,NO APLICA,6,Junio,17,2022,22,36,CR-MAPLE RD,4,Calle del Condado,Urbano,Arteria Menor,County Highway Agency,0,Sin jurisdiccion especial,20,42.22815833,-83.77872778,Alguien se cayo/avento del vehiculo,El primer evento no fue una colision con un vehiculo automotor en transporte,Four-Way Intersection,Interseccion de 4 direcciones,Sobre calle,Ninguna,Oscuro sin iluminacion,Despejado,No,NO APLICA,22,47,22,53,1,17/06/2022,2
26,Michigan,260425,1,1,1,0,65,INGHAM (65),2700,LANSING,7,Julio,2,2022,22,1,PLEASANT GROVE,6,Calle Local Municipalidad,Urbano,Arteria Menor,City or Municipal Highway Agency,0,Sin jurisdiccion especial,22,42.69631667,-84.58219722,Peaton,El primer evento no fue una colision con un vehiculo automotor en transporte,Not an Intersection,No fue interseccion,Sobre calle,Ninguna,Oscuro con iluminacion,Despejado,No,NO APLICA,22,1,22,5,1,02/07/2022,4
26,Michigan,260426,0,0,2,0,15,BARRY (15),0,NO APLICA,6,Junio,22,2022,17,30,CR-CHARLETON PARK RD,4,Calle del Condado,Rural,Colector Mayor,County Highway Agency,0,Sin jurisdiccion especial,9,42.56626944,-85.21123889,Vehiculo en movimiento,Angulo,Four-Way Intersection,Interseccion de 4 direcciones,Sobre calle,Ninguna,Dia total,Despejado,No,NO APLICA,17,30,17,54,1,22/06/2022,2
26,Michigan,260427,0,0,2,0,99,MACOMB (99),4210,RICHMOND,7,Julio,6,2022,16,21,CR-COUNTY LINE RD,4,Calle del Condado,Urbano,Colector Mayor,County Highway Agency,0,Sin jurisdiccion especial,63,42.79730556,-82.733575,Vehiculo en movimiento,Frente a frente,Y-Intersection,Interseccion de Y,Sobre calle,Ninguna,Dia total,Despejado,No,NO APLICA,16,22,16,26,1,06/07/2022,2
26,Michigan,260428,0,0,2,0,63,HURON (63),0,NO APLICA,7,Julio,8,2022,18,15,SR-25 S LAKE SHORE RD,3,Highway estatal,Rural,Arteria Menor,State Highway Agency,0,Sin jurisdiccion especial,16,43.71278611,-82.60964722,Vehiculo en movimiento,Angulo,Not an Intersection,No fue interseccion,Sobre calle,Ninguna,Dia total,Despejado,No,NO APLICA,18,14,18,24,1,08/07/2022,3
26,Michigan,260429,0,0,1,0,69,IOSCO (69),0,NO APLICA,7,Julio,4,2022,13,47,SR-65,3,Highway estatal,Rural,Arteria Menor,State Highway Agency,0,Sin jurisdiccion especial,216,44.45659722,-83.77303611,Poste de Señal de trafico,El primer evento no fue una colision con un vehiculo automotor en transporte,Not an Intersection,No fue interseccion,Sobre el lado de la calle,Ninguna,Dia total,Nublado,No,NO APLICA,13,50,13,57,1,04/07/2022,1
26,Michigan,260430,0,0,1,0,75,JACKSON (75),0,NO APLICA,6,Junio,24,2022,16,23,SR-106 BUNKERHILL RD,3,Highway estatal,Rural,Arteria Menor,State Highway Agency,0,Sin jurisdiccion especial,56,42.32229722,-84.37258056,Arbol,El primer evento no fue una colision con un vehiculo automotor en transporte,Not an Intersection,No fue interseccion,Sobre el lado de la calle,Ninguna,Dia total,Despejado,No,NO APLICA,16,24,16,29,1,24/06/2022,1
26,Michigan,260431,0,0,2,0,163,WAYNE (163),633,BROWNSTOWN TOWNSHIP,6,Junio,19,2022,0,16,SR-85,3,Highway estatal,Urbano,Arteria Principal,State Highway Agency,1,Sin jurisdiccion especial,13,42.09536667,-83.22836389,Vehiculo en movimiento,Angulo,Four-Way Intersection,Interseccion de 4 direcciones,Sobre calle,Ninguna,Oscuro con iluminacion,Nublado,No,NO APLICA,99,99,99,99,1,19/06/2022,2
26,Michigan,260432,0,0,2,0,163,WAYNE (163),1260,DETROIT,6,Junio,30,2022,14,37,BEACONSFIELD ST,6,Calle Local Municipalidad,Urbano,Local,City or Municipal Highway Agency,0,Sin jurisdiccion especial,5,42.41469167,-82.95248056,Vehiculo en movimiento,Angulo,Four-Way Intersection,Interseccion de 4 direcciones,Sobre calle,Ninguna,Dia total,Despejado,No,NO APLICA,99,99,99,99,1,30/06/2022,4
26,Michigan,260433,0,0,2,0,163,WAYNE (163),1260,DETROIT,6,Junio,29,2022,9,10,VERNOR HWY,6,Calle Local Municipalidad,Urbano,Arteria Menor,City or Municipal Highway Agency,0,Sin jurisdiccion especial,9,42.31102222,-83.12821389,Vehiculo en movimiento,Angulo,Not an Intersection,No fue interseccion,Sobre calle,Ninguna,Dia total,Despejado,No,NO APLICA,99,99,99,99,1,29/06/2022,2
26,Michigan,260434,0,0,1,0,163,WAYNE (163),4815,TAYLOR,6,Junio,13,2022,9,4,MONROE RD,6,Calle Local Municipalidad,Urbano,Colector Mayor,City or Municipal Highway Agency,0,Sin jurisdiccion especial,22,42.26608333,-83.25058611,Volcadura,El primer evento no fue una colision con un vehiculo automotor en transporte,Not an Intersection,No fue interseccion,Sobre el lado de la calle,Ninguna,Dia total,Despejado,No,NO APLICA,99,99,99,99,1,13/06/2022,1
26,Michigan,260435,0,0,1,0,21,BERRIEN (21),0,NO APLICA,7,Julio,10,2022,3,10,I-94,1,Interestatal,Urbano,Interestatal,State Highway Agency,1,Sin jurisdiccion especial,225,42.023475,-86.52837222,Valla Ferrocarril,El primer evento no fue una colision con un vehiculo automotor en transporte,Not an Intersection,No fue interseccion,En el medio,Ninguna,Oscuro sin iluminacion,Despejado,No,NO APLICA,3,13,3,20,1,10/07/2022,4
26,Michigan,260436,0,0,1,0,125,OAKLAND (125),0,NO APLICA,7,Julio,12,2022,13,23,I-75 RAMP 027A,1,Interestatal,Urbano,Arteria Principal,State Highway Agency,1,Sin jurisdiccion especial,11,42.60544722,-83.24402222,Poste de Señal de trafico,El primer evento no fue una colision con un vehiculo automotor en transporte,Not an Intersection,No fue interseccion,Sobre el lado de la calle,Ninguna,Dia total,Despejado,No,NO APLICA,8,40,8,48,1,12/07/2022,1
26,Michigan,260437,0,0,1,0,75,JACKSON (75),4448,SANDSTONE,6,Junio,25,2022,2,39,CR-COUNTY FARM RD,4,Calle del Condado,Rural,Colector Mayor,County Highway Agency,0,Sin jurisdiccion especial,15,42.27668889,-84.57036111,Arbol,El primer evento no fue una colision con un vehiculo automotor en transporte,Not an Intersection,No fue interseccion,Sobre el lado de la calle,Ninguna,Oscuro sin iluminacion,Despejado,No,NO APLICA,99,99,99,99,1,25/06/2022,1
26,Michigan,260438,0,0,6,0,125,OAKLAND (125),1652,FARMINGTON HILLS,6,Junio,23,2022,10,14,I-696,1,Interestatal,Urbano,Interestatal,State Highway Agency,1,Sin jurisdiccion especial,14,42.49111944,-83.4187,Vehiculo en movimiento,Frente a Detrás,Not an Intersection,No fue interseccion,Sobre calle,Construccion,Dia total,Despejado,No,NO APLICA,10,14,10,25,2,23/06/2022,8
26,Michigan,260439,0,0,2,0,15,BARRY (15),0,NO APLICA,6,Junio,3,2022,15,42,CR-PATTERSON RD,4,Calle del Condado,Rural,Colector Mayor,County Highway Agency,0,Sin jurisdiccion especial,49,42.671875,-85.5449,Vehiculo en movimiento,Angulo,T-Intersection,Interseccion de T,Sobre calle,Ninguna,Dia total,Despejado,No,NO APLICA,99,99,99,99,1,03/06/2022,2
26,Michigan,260440,0,0,2,0,81,KENT (81),2010,GRAND RAPIDS,6,Junio,9,2022,4,30,MARYLAND AVE,6,Calle Local Municipalidad,Urbano,Colector Mayor,City or Municipal Highway Agency,0,Sin jurisdiccion especial,10,42.97655,-85.6105,Vehiculo en movimiento,Frente a frente,Not an Intersection,No fue interseccion,Sobre calle,Ninguna,Oscuro sin iluminacion,Despejado,No,NO APLICA,4,30,4,38,1,09/06/2022,2
26,Michigan,260441,0,0,2,0,99,MACOMB (99),1009,CLINTON TOWNSHIP,6,Junio,14,2022,7,56,CR-METROPOLITAN PKWY,4,Calle del Condado,Urbano,Arteria Principal,County Highway Agency,1,Sin jurisdiccion especial,70,42.56819444,-82.95126111,Vehiculo en movimiento,Frente a Detrás,Four-Way Intersection,Interseccion de 4 direcciones,Sobre calle,Ninguna,Dia total,Despejado,No,NO APLICA,7,53,8,0,1,14/06/2022,3
26,Michigan,260442,0,0,2,0,49,GENESEE (49),1730,FLINT,3,Marzo,6,2022,4,31,WELCH BLVD,6,Calle Local Municipalidad,Urbano,Arteria Menor,City or Municipal Highway Agency,0,Sin jurisdiccion especial,1,43.03057778,-83.71416944,Vehiculo en movimiento,Angulo,Four-Way Intersection,Interseccion de 4 direcciones,Sobre calle,Ninguna,Oscuro con iluminacion,Despejado,No,NO APLICA,4,35,4,42,1,06/03/2022,2
26,Michigan,260443,1,1,3,2,163,WAYNE (163),1260,DETROIT,7,Julio,10,2022,1,28,FORRER ST,6,Calle Local Municipalidad,Urbano,Local,City or Municipal Highway Agency,0,Sin jurisdiccion especial,3,42.37006389,-83.20107222,Peaton,El primer evento no fue una colision con un vehiculo automotor en transporte,Not an Intersection,No fue interseccion,Sobre calle,Ninguna,Oscuro con iluminacion,Despejado,No,NO APLICA,99,99,99,99,1,10/07/2022,2
26,Michigan,260444,0,0,3,0,59,HILLSDALE (59),4574,SOMERSET,6,Junio,9,2022,17,11,US-127,2,US Highway,Rural,Arteria Principal,State Highway Agency,1,Sin jurisdiccion especial,0,42.06608889,-84.36338056,Vehiculo en movimiento,Frente a Detrás,Four-Way Intersection,Interseccion de 4 direcciones,Sobre calle,Ninguna,Dia total,Despejado,No,NO APLICA,17,13,17,22,1,09/06/2022,4
26,Michigan,260445,0,0,2,0,15,BARRY (15),0,NO APLICA,6,Junio,20,2022,9,55,CR-STATE RD,4,Calle del Condado,Urbano,Arteria Menor,County Highway Agency,0,Sin jurisdiccion especial,50,42.67217778,-85.34644444,Vehiculo en movimiento,Frente a frente,Not an Intersection,No fue interseccion,Sobre calle,Ninguna,Dia total,Despejado,No,NO APLICA,9,58,10,5,1,20/06/2022,2
26,Michigan,260446,0,0,2,0,163,WAYNE (163),1260,DETROIT,6,Junio,20,2022,2,27,SR-10,3,Highway estatal,Urbano,Arterial Principal -Freeway o ExpressWay,State Highway Agency,1,Sin jurisdiccion especial,110,42.33869167,-83.06585556,Vehiculo en movimiento,Frente a Detrás,Not an Intersection,No fue interseccion,Sobre calle,Ninguna,Oscuro con iluminacion,Nublado,No,NO APLICA,99,99,99,99,1,20/06/2022,2
26,Michigan,260447,0,0,1,0,139,OTTAWA (139),0,NO APLICA,6,Junio,23,2022,3,2,CR-DOUGLAS AVE,4,Calle del Condado,Urbano,Arteria Menor,County Highway Agency,0,Sin jurisdiccion especial,50,42.79761944,-86.12362222,Arbol,El primer evento no fue una colision con un vehiculo automotor en transporte,Not an Intersection,No fue interseccion,Sobre el lado de la calle,Ninguna,Oscuro con iluminacion,Despejado,No,NO APLICA,3,3,3,5,1,23/06/2022,1
26,Michigan,260448,0,0,2,0,63,HURON (63),0,NO APLICA,6,Junio,25,2022,22,13,SR-53 VAN DYKE RD,3,Highway estatal,Rural,Arteria Menor,State Highway Agency,0,Sin jurisdiccion especial,199,43.96764444,-83.00634444,Vehiculo en movimiento,Angulo,Four-Way Intersection,Interseccion de 4 direcciones,Sobre calle,Ninguna,Oscuro sin iluminacion,Despejado,No,NO APLICA,22,14,22,25,1,25/06/2022,3
26,Michigan,260449,0,0,1,0,147,ST. CLAIR (147),0,NO APLICA,6,Junio,25,2022,22,32,CR-MICKINLEY RD,4,Calle del Condado,Rural,Local,County Highway Agency,0,Sin jurisdiccion especial,36,42.70450278,-82.56920278,Volcadura,El primer evento no fue una colision con un vehiculo automotor en transporte,Not an Intersection,No fue interseccion,Sobre el lado de la calle,Ninguna,Oscuro sin iluminacion,Despejado,No,NO APLICA,22,35,22,39,1,25/06/2022,2
26,Michigan,260450,0,0,1,0,125,OAKLAND (125),4020,PONTIAC,6,Junio,26,2022,4,56,JOSLYN AVE,6,Calle Local Municipalidad,Urbano,Arteria Principal,City or Municipal Highway Agency,1,Sin jurisdiccion especial,8,42.66553889,-83.28053611,Poste,El primer evento no fue una colision con un vehiculo automotor en transporte,Not an Intersection,No fue interseccion,Sobre el lado de la calle,Ninguna,Oscuro con iluminacion,Despejado,No,NO APLICA,4,57,5,2,1,26/06/2022,2
26,Michigan,260451,0,0,1,0,75,JACKSON (75),0,NO APLICA,6,Junio,28,2022,21,59,CR-DETTMAN RD,4,Calle del Condado,Urbano,Colector Mayor,County Highway Agency,0,Sin jurisdiccion especial,4,42.24253611,-84.36497778,Animal vivo,El primer evento no fue una colision con un vehiculo automotor en transporte,Not an Intersection,No fue interseccion,Sobre calle,Ninguna,Oscuro sin iluminacion,Nublado,No,NO APLICA,21,59,22,5,1,28/06/2022,2
26,Michigan,260452,0,0,1,0,163,WAYNE (163),2090,GROSSE POINTE PARK,6,Junio,24,2022,2,32,CR-JEFFERSON AVE,4,Calle del Condado,Urbano,Arteria Principal,County Highway Agency,0,Sin jurisdiccion especial,73,42.38074722,-82.91531944,Banqueta,El primer evento no fue una colision con un vehiculo automotor en transporte,Not an Intersection,No fue interseccion,Sobre el lado de la calle,Ninguna,Oscuro con iluminacion,Despejado,No,NO APLICA,99,99,99,98,2,24/06/2022,2
26,Michigan,260453,0,0,1,0,157,TUSCOLA (157),0,NO APLICA,6,Junio,24,2022,17,14,CR-LIVERMORE RD,4,Calle del Condado,Rural,Local,County Highway Agency,0,Sin jurisdiccion especial,25,43.36109167,-83.22420556,Arbol,El primer evento no fue una colision con un vehiculo automotor en transporte,T-Intersection,Interseccion de T,Sobre el lado de la calle,Ninguna,Dia total,Despejado,No,NO APLICA,99,99,99,99,1,24/06/2022,1
26,Michigan,260454,0,0,1,0,75,JACKSON (75),0,NO APLICA,6,Junio,19,2022,6,27,CR-BEHLING RD,4,Calle del Condado,Rural,Colector Menor,County Highway Agency,0,Sin jurisdiccion especial,16,42.20320278,-84.68258889,Buzon de correo,El primer evento no fue una colision con un vehiculo automotor en transporte,Not an Intersection,No fue interseccion,Sobre el lado de la calle,Ninguna,Dia total,Despejado,No,NO APLICA,99,99,99,99,1,19/06/2022,2
26,Michigan,260455,0,0,2,0,111,MIDLAND (111),0,NO APLICA,6,Junio,28,2022,17,40,SR-30 MERIDIAN RD,3,Highway estatal,Rural,Arteria Menor,State Highway Agency,0,Sin jurisdiccion especial,112,43.63001111,-84.36901667,Vehiculo en movimiento,Frente a Detrás,Not an Intersection,No fue interseccion,Sobre calle,Construccion,Dia total,Despejado,No,NO APLICA,99,99,99,99,1,28/06/2022,2
26,Michigan,260456,0,0,2,0,15,BARRY (15),0,NO APLICA,6,Junio,26,2022,13,0,CR-YANKEE SPRINGS RD,4,Calle del Condado,Rural,Colector Mayor,County Highway Agency,0,Sin jurisdiccion especial,2,42.60936944,-85.45852222,Vehiculo en movimiento,Angulo,Not an Intersection,No fue interseccion,Sobre calle,Ninguna,Dia total,Despejado,No,NO APLICA,13,2,13,19,1,26/06/2022,3
26,Michigan,260457,0,0,3,1,65,INGHAM (65),2700,LANSING,6,Junio,25,2022,1,30,WASHINGTON RD,6,Calle Local Municipalidad,Urbano,Arteria Menor,City or Municipal Highway Agency,0,Sin jurisdiccion especial,25,42.67655278,-84.56297222,Vehiculo en movimiento,Angulo,Four-Way Intersection,Interseccion de 4 direcciones,Sobre calle,Ninguna,Oscuro con iluminacion,Despejado,No,NO APLICA,1,30,1,30,1,25/06/2022,2
26,Michigan,260458,0,0,3,0,75,JACKSON (75),0,NO APLICA,6,Junio,27,2022,20,58,I-94,1,Interestatal,Rural,Interestatal,State Highway Agency,1,Sin jurisdiccion especial,271,42.290575,-84.194675,Vehiculo en movimiento,Frente a frente,Not an Intersection,No fue interseccion,Sobre calle,Ninguna,Dia total,Despejado,No,NO APLICA,99,99,99,99,1,27/06/2022,3
26,Michigan,260459,0,0,3,0,69,IOSCO (69),0,NO APLICA,5,Mayo,29,2022,13,49,SR-65,3,Highway estatal,Rural,Arteria Menor,State Highway Agency,0,Sin jurisdiccion especial,139,44.36361667,-83.80448056,Vehiculo en movimiento,Angulo,Four-Way Intersection,Interseccion de 4 direcciones,Sobre calle,Ninguna,Dia total,Despejado,No,NO APLICA,13,53,14,0,1,29/05/2022,3
26,Michigan,260460,0,0,1,0,125,OAKLAND (125),1652,FARMINGTON HILLS,7,Julio,9,2022,22,2,I-696,1,Interestatal,Urbano,Interestatal,State Highway Agency,1,Sin jurisdiccion especial,66,42.49051389,-83.32092778,Valla Ferrocarril,El primer evento no fue una colision con un vehiculo automotor en transporte,Not an Intersection,No fue interseccion,Sobre el lado de la calle,Ninguna,Oscuro sin iluminacion,Nublado,No,NO APLICA,99,99,99,99,1,09/07/2022,1
26,Michigan,260461,0,0,2,0,115,MONROE (115),0,NO APLICA,7,Julio,14,2022,4,47,I-75,1,Interestatal,Urbano,Interestatal,State Highway Agency,1,Sin jurisdiccion especial,255,42.05362778,-83.26762222,Vehiculo en movimiento,Frente a Detrás,Not an Intersection,No fue interseccion,Sobre calle,Ninguna,Oscuro sin iluminacion,Despejado,No,NO APLICA,4,52,5,4,1,14/07/2022,2
26,Michigan,260462,0,0,1,0,107,MECOSTA (107),0,NO APLICA,7,Julio,2,2022,14,14,CR-100TH AVE,4,Calle del Condado,Rural,Arteria Menor,County Highway Agency,0,Sin jurisdiccion especial,38,43.537,-85.28408333,Volcadura,El primer evento no fue una colision con un vehiculo automotor en transporte,Not an Intersection,No fue interseccion,Sobre calle,Ninguna,Dia total,Despejado,No,NO APLICA,99,99,99,99,1,02/07/2022,1
26,Michigan,260463,2,2,1,0,115,MONROE (115),3320,MONROE,7,Julio,7,2022,14,26,N TELEGRAPH RD,6,Calle Local Municipalidad,Trafficway Not in State Inventory,Via no en inventario estatal,Trafficway Not in State Inventory,0,Sin jurisdiccion especial,99998,41.92566667,-83.41482222,Peaton,El primer evento no fue una colision con un vehiculo automotor en transporte,Not an Intersection,No fue interseccion,Sobre calle,Ninguna,Dia total,Despejado,No,NO APLICA,14,27,14,28,1,07/07/2022,1
26,Michigan,260464,0,0,2,0,17,BAY (17),0,NO APLICA,7,Julio,17,2022,13,10,SR-13 N HURON RD,3,Highway estatal,Rural,Arteria Menor,State Highway Agency,0,Sin jurisdiccion especial,193,43.80485556,-83.96711389,Vehiculo en movimiento,Frente a Detrás,Not an Intersection,No fue interseccion,Sobre calle,Ninguna,Dia total,Despejado,No,NO APLICA,13,12,13,15,1,17/07/2022,2
26,Michigan,260465,0,0,1,0,93,LIVINGSTON (93),2114,HAMBURG,7,Julio,3,2022,19,43,CR-STRAWBERRY LAKE RD,4,Calle del Condado,Urbano,Colector Mayor,County Highway Agency,0,Sin jurisdiccion especial,25,42.44148889,-83.83275,Volcadura,El primer evento no fue una colision con un vehiculo automotor en transporte,Not an Intersection,No fue interseccion,Sobre el lado de la calle,Ninguna,Dia total,Despejado,No,NO APLICA,19,44,19,47,1,03/07/2022,1
26,Michigan,260466,0,0,2,0,163,WAYNE (163),633,BROWNSTOWN TOWNSHIP,7,Julio,12,2022,19,29,US-24 TELEGRAPH RD,2,US Highway,Urbano,Arteria Principal,State Highway Agency,1,Sin jurisdiccion especial,54,42.16779167,-83.26672778,Vehiculo en movimiento,Angulo,Not an Intersection,No fue interseccion,Sobre calle,Ninguna,Dia total,Despejado,No,NO APLICA,99,99,99,99,1,12/07/2022,2
26,Michigan,260467,1,1,1,0,163,WAYNE (163),1260,DETROIT,7,Julio,15,2022,7,25,SR-11 WOODWARD AVE,3,Highway estatal,Urbano,Arteria Principal,State Highway Agency,1,Sin jurisdiccion especial,18,42.42316111,-83.10948056,Peaton,El primer evento no fue una colision con un vehiculo automotor en transporte,Not an Intersection,No fue interseccion,Sobre calle,Ninguna,Dia total,Despejado,No,NO APLICA,99,99,99,99,1,15/07/2022,1
26,Michigan,260468,0,0,2,0,163,WAYNE (163),1210,DEARBORN,7,Julio,13,2022,11,41,CR-S WYOMING,4,Calle del Condado,Urbano,Arteria Principal,County Highway Agency,1,Sin jurisdiccion especial,0,42.33019444,-83.15680833,Vehiculo en movimiento,Frente a Detrás,Four-Way Intersection,Interseccion de 4 direcciones,Sobre calle,Ninguna,Otra,Nublado,No,NO APLICA,11,41,11,45,1,13/07/2022,2
26,Michigan,260469,0,0,1,0,125,OAKLAND (125),4020,PONTIAC,7,Julio,2,2022,2,13,JOSLYN RD,6,Calle Local Municipalidad,Urbano,Arteria Principal,City or Municipal Highway Agency,1,Sin jurisdiccion especial,12,42.67033333,-83.28039444,Poste,El primer evento no fue una colision con un vehiculo automotor en transporte,Four-Way Intersection,Interseccion de 4 direcciones,Sobre el lado de la calle,Ninguna,Oscuro con iluminacion,Despejado,No,NO APLICA,2,13,2,25,1,02/07/2022,1
26,Michigan,260470,0,0,1,0,163,WAYNE (163),2260,HIGHLAND PARK,7,Julio,3,2022,19,30,CR-DAVISON ST,4,Calle del Condado,Urbano,Colector Mayor,County Highway Agency,0,Sin jurisdiccion especial,0,42.40068611,-83.10436389,Barda,El primer evento no fue una colision con un vehiculo automotor en transporte,Not an Intersection,No fue interseccion,Sobre el lado de la calle,Ninguna,Dia total,Despejado,No,NO APLICA,99,99,99,99,1,03/07/2022,1
26,Michigan,260471,0,0,2,0,77,KALAMAZOO (77),0,NO APLICA,7,Julio,10,2022,20,13,SR-43 MAIN ST,3,Highway estatal,Urbano,Arteria Principal,State Highway Agency,1,Sin jurisdiccion especial,44,42.295675,-85.68076111,Vehiculo en movimiento,Angulo,Not an Intersection,No fue interseccion,Sobre calle,Ninguna,Dia total,Despejado,No,NO APLICA,20,16,99,99,1,10/07/2022,5
26,Michigan,260472,0,0,1,0,125,OAKLAND (125),0,NO APLICA,7,Julio,16,2022,17,15,CR-YULE,4,Calle del Condado,Rural,Local,County Highway Agency,0,Sin jurisdiccion especial,5,42.82178056,-83.13164444,Arbol,El primer evento no fue una colision con un vehiculo automotor en transporte,Not an Intersection,No fue interseccion,Sobre el lado de la calle,Ninguna,Dia total,Despejado,No,NO APLICA,17,17,17,25,1,16/07/2022,3
26,Michigan,260473,0,0,2,0,123,NEWAYGO (123),0,NO APLICA,7,Julio,15,2022,19,12,CR-N EVERGREEN,4,Calle del Condado,Rural,Colector Mayor,County Highway Agency,0,Sin jurisdiccion especial,45,43.66976389,-85.7713,Vehiculo en movimiento,Angulo,T-Intersection,Interseccion de T,Sobre calle,Ninguna,Dia total,Despejado,No,NO APLICA,19,14,19,36,1,15/07/2022,2
26,Michigan,260474,0,0,2,0,77,KALAMAZOO (77),0,NO APLICA,7,Julio,20,2022,17,26,CR-DOUGLAS AVE,4,Calle del Condado,Rural,Arteria Menor,County Highway Agency,0,Sin jurisdiccion especial,71,42.39196944,-85.61048333,Vehiculo en movimiento,Frente a frente,Not an Intersection,No fue interseccion,Sobre calle,Ninguna,Dia total,Despejado,No,NO APLICA,99,99,99,99,2,20/07/2022,4
26,Michigan,260475,0,0,2,0,149,ST JOSEPH (149),0,NO APLICA,7,Julio,21,2022,10,18,US-131,2,US Highway,Rural,Arteria Principal,State Highway Agency,1,Sin jurisdiccion especial,25,41.850425,-85.67870833,Vehiculo en movimiento,Frente a frente,Not an Intersection,No fue interseccion,Sobre calle,Ninguna,Dia total,Despejado,No,NO APLICA,10,20,11,4,2,21/07/2022,3
26,Michigan,260476,1,1,1,0,157,TUSCOLA (157),1870,GAGETOWN,7,Julio,5,2022,21,52,SOUTH ST,6,Calle Local Municipalidad,Rural,Local,City or Municipal Highway Agency,0,Sin jurisdiccion especial,0,43.65599444,-83.24826944,Peaton,El primer evento no fue una colision con un vehiculo automotor en transporte,Four-Way Intersection,Interseccion de 4 direcciones,Sobre calle,Ninguna,Atardecer,Despejado,No,NO APLICA,99,99,99,99,1,05/07/2022,1
26,Michigan,260477,0,0,3,0,161,WASHTENAW (161),0,NO APLICA,7,Julio,2,2022,23,8,CR-TERRITORIAL RD,4,Calle del Condado,Rural,Arteria Menor,City or Municipal Highway Agency,0,Sin jurisdiccion especial,130,42.3847,-83.83542222,Vehiculo en movimiento,Golpe Lateral - direccion contraria,Not an Intersection,No fue interseccion,Sobre calle,Ninguna,Oscuro sin iluminacion,Nublado,No,NO APLICA,23,12,23,25,1,02/07/2022,8
26,Michigan,260478,0,0,1,0,51,GLADWIN (51),0,NO APLICA,7,Julio,22,2022,20,58,CR-RED OAK LN,4,Calle del Condado,Trafficway Not in State Inventory,Via no en inventario estatal,Trafficway Not in State Inventory,0,Sin jurisdiccion especial,2,44.10552778,-84.3121,Volcadura,El primer evento no fue una colision con un vehiculo automotor en transporte,Not an Intersection,No fue interseccion,Sobre el lado de la calle,Ninguna,Atardecer,Nublado,No,NO APLICA,21,0,21,23,1,22/07/2022,3
26,Michigan,260479,0,0,2,0,147,ST. CLAIR (147),4060,PORT HURON,7,Julio,25,2022,6,35,16TH ST,6,Calle Local Municipalidad,Urbano,Arteria Menor,City or Municipal Highway Agency,0,Sin jurisdiccion especial,15,42.969,-82.44256111,Vehiculo en movimiento,Angulo,Four-Way Intersection,Interseccion de 4 direcciones,Sobre calle,Ninguna,Dia total,Despejado,No,NO APLICA,6,37,6,38,1,25/07/2022,2