Estado,Nombre de Estado,Numero de Caso,Peatones,Personas _no_vehiculos,Vehiculos automotores,Vehiculos estacionados,Condado,Nombre Condado,Ciudad,Nombre Ciudad,Mes,Nombre Mes,Dia,Año,Hora,Minuto,Calle,Ruta,Nombre Ruta,Rural o Urbanoo,Sistema Funcional,Dueño Calle,Sistema Nacional Carreteras,Jurisdiccion Especial,Milla,Latitud,Longitud,Causa del Accidente,Tipo de Accidente,Tipo Interseccion,Columna1,Lugar en la calle,Zona de Trabajo,Luz,Clima,Autobus Escolar,Cruce de Trenes,Hora Notificacion,Minuto Notificacion,Hora Llegada,Minuto Llegada,Decesos,Fecha,PersonaVehiculo
26,Michigan,260480,0,0,2,0,77,KALAMAZOO (77),0,NO APLICA,7,Julio,23,2022,14,35,CR-N SPRINKLE RD,4,Calle del Condado,Urbano,Arteria Principal,County Highway Agency,1,Sin jurisdiccion especial,102,42.317375,-85.52134722,Vehiculo en movimiento,Angulo,Four-Way Intersection,Interseccion de 4 direcciones,Sobre calle,Ninguna,Dia total,Despejado,No,NO APLICA,99,99,99,99,1,23/07/2022,4
26,Michigan,260481,0,0,1,0,17,BAY (17),0,NO APLICA,7,Julio,4,2022,10,34,I-75,1,Interestatal,Rural,Interestatal,State Highway Agency,1,Sin jurisdiccion especial,166,43.74308333,-84.01738333,Zanja,El primer evento no fue una colision con un vehiculo automotor en transporte,Not an Intersection,No fue interseccion,Gore?,Ninguna,Dia total,Despejado,No,NO APLICA,99,99,99,99,1,04/07/2022,1
26,Michigan,260482,0,0,2,0,65,INGHAM (65),2700,LANSING,7,Julio,21,2022,16,18,SR-99 MARTIN LUTHER KING JR,3,Highway estatal,Urbano,Arteria Principal,State Highway Agency,1,Sin jurisdiccion especial,20,42.67485833,-84.57610278,Vehiculo en movimiento,Frente a Detrás,Four-Way Intersection,Interseccion de 4 direcciones,Sobre calle,Ninguna,Dia total,Despejado,No,NO APLICA,16,14,99,99,1,21/07/2022,2
26,Michigan,260483,0,0,3,0,155,SHIAWASSEE (155),0,NO APLICA,7,Julio,9,2022,14,11,SR-52,3,Highway estatal,Rural,Arteria Menor,State Highway Agency,0,Sin jurisdiccion especial,206,43.06095,-84.17698611,Vehiculo en movimiento,Frente a Detrás,Not an Intersection,No fue interseccion,Sobre calle,Ninguna,Dia total,Despejado,No,NO APLICA,99,99,99,99,1,09/07/2022,7
26,Michigan,260484,1,1,1,0,81,KENT (81),2010,GRAND RAPIDS,7,Julio,24,2022,22,20,SR-11 28TH ST SE,3,Highway estatal,Urbano,Arteria Principal,State Highway Agency,1,Sin jurisdiccion especial,120,42.91293056,-85.66073889,Peaton,El primer evento no fue una colision con un vehiculo automotor en transporte,Not an Intersection,No fue interseccion,Sobre calle,Ninguna,Oscuro con iluminacion,Despejado,No,NO APLICA,22,23,22,27,1,24/07/2022,1
26,Michigan,260485,0,0,1,0,65,INGHAM (65),2700,LANSING,7,Julio,30,2022,4,33,E CESAR CHAVEZ AVE,6,Calle Local Municipalidad,Urbano,Colector Mayor,City or Municipal Highway Agency,0,Sin jurisdiccion especial,13,42.74724722,-84.53384167,Banqueta,El primer evento no fue una colision con un vehiculo automotor en transporte,Not an Intersection,No fue interseccion,Sobre el lado de la calle,Ninguna,Oscuro con iluminacion,Despejado,No,NO APLICA,4,33,4,38,1,30/07/2022,1
26,Michigan,260486,0,0,3,0,55,GRAND TRAVERSE (55),0,NO APLICA,7,Julio,29,2022,22,50,SR-72,3,Highway estatal,Rural,Arteria Menor,State Highway Agency,0,Sin jurisdiccion especial,38,44.77540278,-85.69925,Vehiculo en movimiento,Frente a Detrás,Not an Intersection,No fue interseccion,Sobre calle,Ninguna,Oscuro sin iluminacion,Despejado,No,NO APLICA,23,2,23,11,2,29/07/2022,4
26,Michigan,260487,0,0,1,0,65,INGHAM (65),2700,LANSING,7,Julio,11,2022,20,32,SR-96 CEDAR ST,3,Highway estatal,Urbano,Arteria Principal,State Highway Agency,1,Sin jurisdiccion especial,1,42.72651667,-84.54474722,Alguien se cayo/avento del vehiculo,El primer evento no fue una colision con un vehiculo automotor en transporte,Not an Intersection,No fue interseccion,Sobre calle,Ninguna,Dia total,Despejado,No,NO APLICA,20,30,20,35,1,11/07/2022,1
26,Michigan,260488,5,5,1,0,67,IONIA (67),0,NO APLICA,7,Julio,30,2022,11,15,CR-STAGE RD,4,Calle del Condado,Rural,Colector Mayor,County Highway Agency,0,Sin jurisdiccion especial,41,43.05096667,-84.99578333,Ciclista,El primer evento no fue una colision con un vehiculo automotor en transporte,Not an Intersection,No fue interseccion,Sobre calle,Ninguna,Dia total,Despejado,No,NO APLICA,11,16,11,29,2,30/07/2022,1
26,Michigan,260489,0,0,1,0,139,OTTAWA (139),0,NO APLICA,7,Julio,12,2022,23,57,CR-OTTAWA BEACH RD,4,Calle del Condado,Urbano,Arteria Menor,County Highway Agency,0,Sin jurisdiccion especial,38,42.79749722,-86.14713056,Poste,El primer evento no fue una colision con un vehiculo automotor en transporte,Not an Intersection,No fue interseccion,Sobre el lado de la calle,Ninguna,Oscuro sin iluminacion,Despejado,No,NO APLICA,0,0,0,17,1,12/07/2022,1
26,Michigan,260490,0,0,3,0,81,KENT (81),0,NO APLICA,7,Julio,30,2022,18,47,SR-6,3,Highway estatal,Urbano,Arterial Principal -Freeway o ExpressWay,State Highway Agency,1,Sin jurisdiccion especial,13,42.84981944,-85.75861667,Vehiculo en movimiento,Frente a frente,Not an Intersection,No fue interseccion,Sobre calle,Ninguna,Dia total,Despejado,No,NO APLICA,18,56,19,0,1,30/07/2022,4
26,Michigan,260491,0,0,1,0,9,ANTRIM (9),0,NO APLICA,7,Julio,21,2022,19,43,SR-88,3,Highway estatal,Rural,Arteria Menor,State Highway Agency,0,Sin jurisdiccion especial,99,44.95693333,-85.19885833,Volcadura,El primer evento no fue una colision con un vehiculo automotor en transporte,Not an Intersection,No fue interseccion,Sobre calle,Ninguna,Dia total,Despejado,No,NO APLICA,99,99,99,99,1,21/07/2022,4
26,Michigan,260492,0,0,1,0,159,VAN BUREN (159),0,NO APLICA,7,Julio,13,2022,0,50,CR-669,4,Calle del Condado,Rural,Colector Menor,County Highway Agency,0,Sin jurisdiccion especial,47,42.14167222,-85.87199167,Volcadura,El primer evento no fue una colision con un vehiculo automotor en transporte,Not an Intersection,No fue interseccion,Sobre calle,Ninguna,Oscuro sin iluminacion,Despejado,No,NO APLICA,0,50,1,10,1,13/07/2022,1
26,Michigan,260493,0,0,1,0,75,JACKSON (75),3466,NAPOLEON,7,Julio,6,2022,0,13,CR-CLARK LAKE RD,4,Calle del Condado,Rural,Colector Menor,County Highway Agency,0,Sin jurisdiccion especial,22,42.15421944,-84.3257,Animal vivo,El primer evento no fue una colision con un vehiculo automotor en transporte,Not an Intersection,No fue interseccion,Sobre calle,Ninguna,Oscuro sin iluminacion,Despejado,No,NO APLICA,99,99,99,99,1,06/07/2022,2
26,Michigan,260494,0,0,1,0,125,OAKLAND (125),0,NO APLICA,7,Julio,10,2022,22,30,CR-CLARKSTON RD,4,Calle del Condado,Urbano,Arteria Menor,County Highway Agency,0,Sin jurisdiccion especial,16,42.74971667,-83.39783889,Alguien se cayo/avento del vehiculo,El primer evento no fue una colision con un vehiculo automotor en transporte,Not an Intersection,No fue interseccion,Sobre el lado de la calle,Ninguna,Oscuro sin iluminacion,Despejado,No,NO APLICA,22,32,22,36,1,10/07/2022,1
26,Michigan,260495,1,1,1,0,163,WAYNE (163),1260,DETROIT,7,Julio,14,2022,15,12,HAYES ST,6,Calle Local Municipalidad,Urbano,Arteria Menor,City or Municipal Highway Agency,0,Sin jurisdiccion especial,7,42.41580833,-82.96484722,Ciclista,El primer evento no fue una colision con un vehiculo automotor en transporte,Four-Way Intersection,Interseccion de 4 direcciones,Sobre calle,Ninguna,Dia total,Despejado,No,NO APLICA,99,99,99,99,1,14/07/2022,1
26,Michigan,260496,0,0,1,0,11,ARENAC (11),0,NO APLICA,3,Marzo,17,2022,6,0,CR-S MELITA RD,4,Calle del Condado,Rural,Colector Mayor,County Highway Agency,0,Sin jurisdiccion especial,121,44.07998056,-84.00903889,Zanja,El primer evento no fue una colision con un vehiculo automotor en transporte,Not an Intersection,No fue interseccion,Sobre el lado de la calle,Ninguna,Oscuro con iluminacion,Despejado,No,NO APLICA,7,56,8,6,1,17/03/2022,1
26,Michigan,260497,0,0,1,0,49,GENESEE (49),1730,FLINT,5,Mayo,25,2022,5,59,S HOME AVE,6,Calle Local Municipalidad,Urbano,Colector Mayor,City or Municipal Highway Agency,0,Sin jurisdiccion especial,20,43.06730278,-83.69350833,Otro objeto (fijo),El primer evento no fue una colision con un vehiculo automotor en transporte,T-Intersection,Interseccion de T,Sobre el lado de la calle,Ninguna,Dia total,Despejado,No,NO APLICA,99,99,99,99,1,25/05/2022,2
26,Michigan,260498,0,0,1,0,157,TUSCOLA (157),0,NO APLICA,6,Junio,4,2022,21,59,CR-OAK RD,4,Calle del Condado,Rural,Local,County Highway Agency,0,Sin jurisdiccion especial,0,43.26706389,-83.50112778,Volcadura,El primer evento no fue una colision con un vehiculo automotor en transporte,Not an Intersection,No fue interseccion,Sobre calle,Ninguna,Oscuro sin iluminacion,Despejado,No,NO APLICA,21,59,22,14,1,04/06/2022,1
26,Michigan,260499,0,0,1,0,49,GENESEE (49),0,NO APLICA,7,Julio,10,2022,2,6,SR-54 SAGINAW RD,3,Highway estatal,Urbano,Arteria Principal,State Highway Agency,1,Sin jurisdiccion especial,215,43.16026111,-83.70131389,Volcadura,El primer evento no fue una colision con un vehiculo automotor en transporte,Not an Intersection,No fue interseccion,Sobre el lado de la calle,Ninguna,Oscuro sin iluminacion,Despejado,No,NO APLICA,1,57,2,7,1,10/07/2022,1
26,Michigan,260500,1,1,1,0,125,OAKLAND (125),4020,PONTIAC,7,Julio,31,2022,5,20,SR-I-75/US-24 WOODWARD AVE,3,Highway estatal,Urbano,Arteria Principal,State Highway Agency,1,Sin jurisdiccion especial,9,42.61438333,-83.2746,Peaton,El primer evento no fue una colision con un vehiculo automotor en transporte,Not an Intersection,No fue interseccion,Sobre calle,Ninguna,Oscuro con iluminacion,Despejado,No,NO APLICA,5,22,5,22,1,31/07/2022,1
26,Michigan,260501,0,0,2,0,159,VAN BUREN (159),0,NO APLICA,7,Julio,16,2022,19,22,CR-70TH ST,4,Calle del Condado,Rural,Arteria Menor,County Highway Agency,0,Sin jurisdiccion especial,0,42.40368056,-86.22527222,Vehiculo en movimiento,Angulo,T-Intersection,Interseccion de T,Sobre calle,Ninguna,Dia total,Nublado,No,NO APLICA,99,98,99,98,1,16/07/2022,2
26,Michigan,260502,0,0,1,0,65,INGHAM (65),2700,LANSING,7,Julio,31,2022,2,47,SR-99 EATON RAPIDS RD,3,Highway estatal,Urbano,Arteria Menor,State Highway Agency,0,Sin jurisdiccion especial,9,42.66293611,-84.59065556,Banqueta,El primer evento no fue una colision con un vehiculo automotor en transporte,Not an Intersection,No fue interseccion,Sobre el lado de la calle,Ninguna,Oscuro con iluminacion,Despejado,No,NO APLICA,2,47,2,50,1,31/07/2022,1
26,Michigan,260503,0,0,2,0,163,WAYNE (163),0,NO APLICA,7,Julio,10,2022,9,50,CR-SIX MILE RD,4,Calle del Condado,Urbano,Arteria Menor,County Highway Agency,0,Sin jurisdiccion especial,35,42.41025,-83.48233333,Vehiculo en movimiento,Angulo,Four-Way Intersection,Interseccion de 4 direcciones,Sobre calle,Ninguna,Dia total,Despejado,No,NO APLICA,99,99,99,99,1,10/07/2022,2
26,Michigan,260504,0,0,2,0,77,KALAMAZOO (77),0,NO APLICA,7,Julio,16,2022,14,15,CR-W VW AVE,4,Calle del Condado,Urbano,Colector Mayor,County Highway Agency,0,Sin jurisdiccion especial,60,42.12140833,-85.59933611,Vehiculo en movimiento,Frente a frente,Not an Intersection,No fue interseccion,Sobre calle,Ninguna,Dia total,Despejado,No,NO APLICA,99,99,99,99,1,16/07/2022,2
26,Michigan,260506,0,0,1,0,97,MACKINAC (97),0,NO APLICA,7,Julio,19,2022,23,50,CR-H33,4,Calle del Condado,Rural,Colector Mayor,County Highway Agency,0,Sin jurisdiccion especial,51,46.15879722,-85.73949722,Culvert,El primer evento no fue una colision con un vehiculo automotor en transporte,Not an Intersection,No fue interseccion,Sobre el lado de la calle,Ninguna,Oscuro sin iluminacion,Despejado,No,NO APLICA,23,50,0,11,1,19/07/2022,2
26,Michigan,260507,0,0,2,0,31,CHEBOYGAN (31),0,NO APLICA,7,Julio,20,2022,13,24,CR-INDIAN TRAIL RD,4,Calle del Condado,Rural,Local,County Highway Agency,0,Sin jurisdiccion especial,26,45.58412778,-84.50924444,Vehiculo en movimiento,Angulo,Four-Way Intersection,Interseccion de 4 direcciones,Sobre calle,Ninguna,Dia total,lluvia,No,NO APLICA,13,29,13,34,1,20/07/2022,2
26,Michigan,260508,1,1,1,0,21,BERRIEN (21),0,NO APLICA,7,Julio,20,2022,14,59,CR-RED BUD TRL,4,Calle del Condado,Urbano,Colector Mayor,County Highway Agency,0,Sin jurisdiccion especial,107,41.90834444,-86.37097222,Peaton,El primer evento no fue una colision con un vehiculo automotor en transporte,Not an Intersection,No fue interseccion,Sobre calle,Ninguna,Dia total,Despejado,No,NO APLICA,99,99,99,99,1,20/07/2022,1
26,Michigan,260509,0,0,1,0,75,JACKSON (75),0,NO APLICA,7,Julio,23,2022,18,46,CR-MOUNT HOPE RD,4,Calle del Condado,Rural,Colector Mayor,County Highway Agency,0,Sin jurisdiccion especial,72,42.29791389,-84.20407222,Zanja,El primer evento no fue una colision con un vehiculo automotor en transporte,Not an Intersection,No fue interseccion,Sobre el lado de la calle,Ninguna,Dia total,Despejado,No,NO APLICA,18,47,18,58,1,23/07/2022,1
26,Michigan,260510,0,0,1,0,125,OAKLAND (125),4020,PONTIAC,7,Julio,24,2022,15,59,CHAMBERLAIN ST,6,Calle Local Municipalidad,Urbano,Local,City or Municipal Highway Agency,0,Sin jurisdiccion especial,2,42.64846111,-83.28836667,Edificio,El primer evento no fue una colision con un vehiculo automotor en transporte,T-Intersection,Interseccion de T,Fuera de la calle,Ninguna,Dia total,Nublado,No,NO APLICA,15,59,16,2,1,24/07/2022,1
26,Michigan,260511,0,0,2,0,163,WAYNE (163),633,BROWNSTOWN TOWNSHIP,7,Julio,23,2022,17,45,CR-VAN HORN RD,4,Calle del Condado,Urbano,Arteria Menor,County Highway Agency,0,Sin jurisdiccion especial,32,42.12355833,-83.28981667,Vehiculo en movimiento,Angulo,Four-Way Intersection,Interseccion de 4 direcciones,Sobre calle,Ninguna,Dia total,Despejado,No,NO APLICA,99,99,99,99,1,23/07/2022,2
26,Michigan,260512,0,0,2,0,125,OAKLAND (125),3628,NOVI,7,Julio,13,2022,9,53,NOVI RD,6,Calle Local Municipalidad,Urbano,Arteria Menor,City or Municipal Highway Agency,0,Sin jurisdiccion especial,4,42.50828333,-83.47035833,Vehiculo en movimiento,Frente a frente,Not an Intersection,No fue interseccion,Sobre calle,Ninguna,Dia total,Nublado,No,NO APLICA,99,99,99,99,1,13/07/2022,2
26,Michigan,260513,0,0,1,0,117,MONTCALM (117),0,NO APLICA,7,Julio,24,2022,6,19,US-131,2,US Highway,Urbano,Arterial Principal -Freeway o ExpressWay,State Highway Agency,1,Sin jurisdiccion especial,0,43.39675556,-85.51020278,Poste o otros soportes,El primer evento no fue una colision con un vehiculo automotor en transporte,Not an Intersection,No fue interseccion,Gore?,Ninguna,Oscuro sin iluminacion,lluvia,No,NO APLICA,99,99,99,99,1,24/07/2022,1
26,Michigan,260514,0,0,3,0,163,WAYNE (163),90,ALLEN PARK,7,Julio,23,2022,2,56,I-94,1,Interestatal,Urbano,Interestatal,State Highway Agency,1,Sin jurisdiccion especial,168,42.26653889,-83.23064167,Vehiculo en movimiento,Angulo,Not an Intersection,No fue interseccion,Sobre calle,Ninguna,Oscuro con iluminacion,Despejado,No,NO APLICA,99,99,99,99,3,23/07/2022,5
26,Michigan,260515,0,0,1,0,121,MUSKEGON (121),3450,MUSKEGON,7,Julio,17,2022,10,2,US-31 BR SKYLINE DR,2,US Highway,Urbano,Arteria Principal,State Highway Agency,1,Sin jurisdiccion especial,17,43.25027778,-86.23519444,Volcadura,El primer evento no fue una colision con un vehiculo automotor en transporte,Not an Intersection,No fue interseccion,Sobre calle,Ninguna,Dia total,Nublado,No,NO APLICA,99,99,99,99,1,17/07/2022,1
26,Michigan,260516,0,0,1,0,67,IONIA (67),0,NO APLICA,7,Julio,19,2022,17,6,CR-HOCK RD,4,Calle del Condado,Rural,Colector Mayor,County Highway Agency,0,Sin jurisdiccion especial,1,43.11158056,-85.20619722,Volcadura,El primer evento no fue una colision con un vehiculo automotor en transporte,Not an Intersection,No fue interseccion,Sobre calle,Ninguna,Dia total,Despejado,No,NO APLICA,99,99,99,99,1,19/07/2022,2
26,Michigan,260517,1,1,1,0,163,WAYNE (163),4975,VAN BOWEN,7,Julio,27,2022,0,38,CR-I-94 SERVICE DR,4,Calle del Condado,Urbano,Colector Mayor,County Highway Agency,0,Sin jurisdiccion especial,11,42.21839722,-83.52612778,Peaton,El primer evento no fue una colision con un vehiculo automotor en transporte,Not an Intersection,No fue interseccion,Sobre calle,Ninguna,Oscuro sin iluminacion,Despejado,No,NO APLICA,99,99,99,99,1,27/07/2022,1
26,Michigan,260518,0,0,2,0,163,WAYNE (163),1260,DETROIT,7,Julio,29,2022,0,30,CR-W OUTER DR,4,Calle del Condado,Urbano,Arteria Menor,County Highway Agency,0,Sin jurisdiccion especial,15,42.43490278,-83.16106944,Vehiculo en movimiento,Angulo,Four-Way Intersection,Interseccion de 4 direcciones,Sobre calle,Ninguna,Oscuro con iluminacion,Despejado,No,NO APLICA,99,99,99,99,1,29/07/2022,2
26,Michigan,260519,1,1,1,0,163,WAYNE (163),1260,DETROIT,7,Julio,23,2022,23,8,SR-5 GRAND RIVER AVE,3,Highway estatal,Urbano,Arteria Principal,State Highway Agency,1,Sin jurisdiccion especial,38,42.39313889,-83.19944444,Peaton,El primer evento no fue una colision con un vehiculo automotor en transporte,Not an Intersection,No fue interseccion,Sobre calle,Ninguna,Oscuro con iluminacion,Nublado,No,NO APLICA,99,99,99,99,1,23/07/2022,3
26,Michigan,260520,0,0,2,0,147,ST. CLAIR (147),0,NO APLICA,7,Julio,26,2022,13,30,CR-CAPAC RD,4,Calle del Condado,Rural,Colector Mayor,County Highway Agency,0,Sin jurisdiccion especial,79,42.99805833,-82.92817778,Vehiculo en movimiento,Angulo,Four-Way Intersection,Interseccion de 4 direcciones,Sobre calle,Ninguna,Dia total,Despejado,No,NO APLICA,13,32,13,37,1,26/07/2022,3
26,Michigan,260521,0,0,1,0,135,OSCODA (135),0,NO APLICA,7,Julio,29,2022,18,30,CR-ABBE RD,4,Calle del Condado,Rural,Colector Mayor,County Highway Agency,0,Sin jurisdiccion especial,11,44.6738,-84.04907222,Volcadura,El primer evento no fue una colision con un vehiculo automotor en transporte,Not an Intersection,No fue interseccion,Sobre calle,Ninguna,Dia total,Despejado,No,NO APLICA,18,39,18,49,1,29/07/2022,1
26,Michigan,260522,0,0,2,0,49,GENESEE (49),0,NO APLICA,7,Julio,16,2022,21,4,SR-54 S DORT HWY,3,Highway estatal,Urbano,Arteria Principal,State Highway Agency,1,Sin jurisdiccion especial,32,42.94905833,-83.65270833,Vehiculo en movimiento,Frente a frente,Four-Way Intersection,Interseccion de 4 direcciones,Sobre calle,Ninguna,Dia total,Despejado,No,NO APLICA,21,4,21,9,1,16/07/2022,3
26,Michigan,260523,0,0,1,0,163,WAYNE (163),1260,DETROIT,7,Julio,30,2022,0,4,ALLENDALE ST,6,Calle Local Municipalidad,Urbano,Local,City or Municipal Highway Agency,0,Sin jurisdiccion especial,3,42.354975,-83.12300556,Edificio,El primer evento no fue una colision con un vehiculo automotor en transporte,Not an Intersection,No fue interseccion,Fuera de la calle,Ninguna,Oscuro sin iluminacion,Despejado,No,NO APLICA,99,99,99,99,1,30/07/2022,1
26,Michigan,260524,0,0,2,0,163,WAYNE (163),90,ALLEN PARK,7,Julio,20,2022,20,30,SR-39 SOUTHFIELD FWY,3,Highway estatal,Urbano,Arterial Principal -Freeway o ExpressWay,State Highway Agency,1,Sin jurisdiccion especial,32,42.27210833,-83.22069722,Vehiculo en movimiento,Frente a Detrás,Not an Intersection,No fue interseccion,Sobre calle,Ninguna,Dia total,Despejado,No,NO APLICA,99,99,99,99,1,20/07/2022,4
26,Michigan,260525,1,1,1,0,49,GENESEE (49),0,NO APLICA,7,Julio,30,2022,22,44,CR-TORREY RD,4,Calle del Condado,Urbano,Arteria Menor,County Highway Agency,0,Sin jurisdiccion especial,104,42.95293889,-83.73214722,Peaton,El primer evento no fue una colision con un vehiculo automotor en transporte,Not an Intersection,No fue interseccion,Sobre calle,Ninguna,Oscuro con iluminacion,Despejado,No,NO APLICA,22,44,22,46,1,30/07/2022,1
26,Michigan,260526,0,0,2,0,93,LIVINGSTON (93),0,NO APLICA,7,Julio,21,2022,18,25,US-23,2,US Highway,Urbano,Arterial Principal -Freeway o ExpressWay,State Highway Agency,1,Sin jurisdiccion especial,11,42.4414,-83.75490556,Vehiculo en movimiento,Detrás a Lado. ,Not an Intersection,No fue interseccion,Sobre calle,Ninguna,Dia total,Despejado,No,NO APLICA,18,1,18,1,1,21/07/2022,2
26,Michigan,260527,0,0,1,0,147,ST. CLAIR (147),0,NO APLICA,7,Julio,24,2022,2,38,CR-BURCH RD,4,Calle del Condado,Rural,Colector Mayor,City or Municipal Highway Agency,0,Sin jurisdiccion especial,35,43.11341389,-82.534875,Arbol,El primer evento no fue una colision con un vehiculo automotor en transporte,Not an Intersection,No fue interseccion,Sobre el lado de la calle,Ninguna,Oscuro sin iluminacion,Despejado,No,NO APLICA,2,43,2,52,1,24/07/2022,1
26,Michigan,260528,0,0,1,0,5,ALLEGAN (5),0,NO APLICA,7,Julio,24,2022,0,0,CR-134TH AVE,4,Calle del Condado,Rural,Local,County Highway Agency,0,Sin jurisdiccion especial,0,42.66741667,-85.85977222,Zanja,El primer evento no fue una colision con un vehiculo automotor en transporte,T-Intersection,Interseccion de T,Sobre el lado de la calle,Ninguna,Reportada como desconocida,Reportado como desconocido,No,NO APLICA,99,99,99,99,1,24/07/2022,1
26,Michigan,260529,1,1,1,0,163,WAYNE (163),738,CANTON TOWNSHIP,4,Abril,23,2022,2,37,US-12 MICHIGAN AVE,2,US Highway,Urbano,Arteria Principal,State Highway Agency,1,Sin jurisdiccion especial,61,42.27991667,-83.43411944,Ciclista,El primer evento no fue una colision con un vehiculo automotor en transporte,Not an Intersection,No fue interseccion,Sobre calle,Ninguna,Oscuro con iluminacion,lluvia,No,NO APLICA,2,38,2,47,1,23/04/2022,1
26,Michigan,260530,0,0,2,0,23,BRANCH (23),0,NO APLICA,6,Junio,18,2022,15,8,CR-MARSHALL RD,4,Calle del Condado,Rural,Arteria Menor,County Highway Agency,0,Sin jurisdiccion especial,41,42.00028056,-85.00073889,Vehiculo en movimiento,Frente a frente,Not an Intersection,No fue interseccion,Sobre calle,Ninguna,Dia total,Nublado,No,NO APLICA,15,8,15,24,4,18/06/2022,4
26,Michigan,260531,0,0,2,0,81,KENT (81),0,NO APLICA,6,Junio,29,2022,20,37,CR-KALAMAZOO AVE,4,Calle del Condado,Urbano,Arteria Menor,County Highway Agency,0,Sin jurisdiccion especial,46,42.83256389,-85.62464444,Vehiculo en movimiento,Frente a frente,Not an Intersection,No fue interseccion,Sobre calle,Ninguna,Dia total,Despejado,No,NO APLICA,99,99,99,99,1,29/06/2022,2
26,Michigan,260532,0,0,2,0,57,GRATIOT (57),0,NO APLICA,6,Junio,24,2022,20,25,SR-46 MONROE RD,3,Highway estatal,Urbano,Arteria Principal,State Highway Agency,1,Sin jurisdiccion especial,90,43.40801389,-84.666725,Vehiculo en movimiento,Angulo,Four-Way Intersection,Interseccion de 4 direcciones,Sobre calle,Ninguna,Dia total,Despejado,No,NO APLICA,99,99,99,99,1,24/06/2022,3
26,Michigan,260533,0,0,1,0,31,CHEBOYGAN (31),0,NO APLICA,7,Julio,31,2022,16,35,CR-LANCE LAKE RD,4,Calle del Condado,Rural,Local,County Highway Agency,0,Sin jurisdiccion especial,13,45.22901944,-84.56672222,Volcadura,El primer evento no fue una colision con un vehiculo automotor en transporte,Not an Intersection,No fue interseccion,Sobre el lado de la calle,Ninguna,Dia total,Despejado,No,NO APLICA,16,35,16,50,1,31/07/2022,1
26,Michigan,260534,0,0,1,0,77,KALAMAZOO (77),0,NO APLICA,7,Julio,4,2022,23,43,SR-43 W MAIN ST,3,Highway estatal,Urbano,Arteria Principal,Town or Township Highway Agency,1,Sin jurisdiccion especial,76,42.29479444,-85.61758056,Banqueta,El primer evento no fue una colision con un vehiculo automotor en transporte,Not an Intersection,No fue interseccion,Sobre el lado de la calle,Ninguna,Oscuro sin iluminacion,lluvia,No,NO APLICA,99,99,99,99,1,04/07/2022,1
26,Michigan,260535,0,0,2,0,81,KENT (81),2553,KENTWOOD,6,Junio,12,2022,9,0,SHAFFER AVE SE,6,Calle Local Municipalidad,Urbano,Arteria Menor,City or Municipal Highway Agency,0,Sin jurisdiccion especial,6,42.89270278,-85.58723056,Vehiculo en movimiento,Angulo,T-Intersection,Interseccion de T,Sobre calle,Ninguna,Dia total,Despejado,No,NO APLICA,99,99,99,99,1,12/06/2022,2
26,Michigan,260536,0,0,1,0,115,MONROE (115),0,NO APLICA,8,Agosto,3,2022,1,48,CR-S COUNTY LINE HWY,4,Calle del Condado,Rural,Local,County Highway Agency,0,Sin jurisdiccion especial,27,41.76288611,-83.76467222,Zanja,El primer evento no fue una colision con un vehiculo automotor en transporte,Not an Intersection,No fue interseccion,Sobre el lado de la calle,Ninguna,Oscuro sin iluminacion,Despejado,No,NO APLICA,1,55,2,7,1,03/08/2022,1
26,Michigan,260537,0,0,1,0,125,OAKLAND (125),0,NO APLICA,6,Junio,21,2022,22,13,CR-DIXIE HWY,4,Calle del Condado,Urbano,Arteria Menor,County Highway Agency,0,Sin jurisdiccion especial,63,42.80675833,-83.53571944,Poste,El primer evento no fue una colision con un vehiculo automotor en transporte,Not an Intersection,No fue interseccion,Sobre el lado de la calle,Ninguna,Oscuro sin iluminacion,Despejado,No,NO APLICA,99,98,99,98,1,21/06/2022,1
26,Michigan,260538,0,0,1,0,27,CASS (27),0,NO APLICA,8,Agosto,3,2022,16,29,CR-PEAVINE ST,4,Calle del Condado,Rural,Local,County Highway Agency,0,Sin jurisdiccion especial,28,41.95606389,-86.15962778,Objeto aventado o caido,El primer evento no fue una colision con un vehiculo automotor en transporte,Not an Intersection,No fue interseccion,Sobre calle,Ninguna,Dia total,lluvia,No,NO APLICA,99,99,99,99,1,03/08/2022,1
26,Michigan,260539,0,0,1,0,153,SCHOOLCRAFT (153),0,NO APLICA,7,Julio,12,2022,14,0,CR-437,4,Calle del Condado,Rural,Colector Mayor,County Highway Agency,0,Sin jurisdiccion especial,133,46.10058333,-86.45859167,Arbol,El primer evento no fue una colision con un vehiculo automotor en transporte,Not an Intersection,No fue interseccion,Sobre el lado de la calle,Ninguna,Dia total,Despejado,No,NO APLICA,99,99,99,99,1,12/07/2022,1
26,Michigan,260540,0,0,2,0,163,WAYNE (163),1260,DETROIT,7,Julio,1,2022,21,50,CR-7 MILE RD,4,Calle del Condado,Urbano,Arteria Principal,County Highway Agency,1,Sin jurisdiccion especial,240,42.43549722,-82.96306389,Vehiculo en movimiento,Angulo,Four-Way Intersection,Interseccion de 4 direcciones,Sobre calle,Ninguna,Oscuro con iluminacion,Despejado,No,NO APLICA,99,99,99,99,1,01/07/2022,4
26,Michigan,260541,1,1,1,0,99,MACOMB (99),5110,WARREN,7,Julio,12,2022,5,2,13 MILE RD,6,Calle Local Municipalidad,Urbano,Arteria Principal,City or Municipal Highway Agency,1,Sin jurisdiccion especial,17,42.52064167,-83.05139444,Ciclista,El primer evento no fue una colision con un vehiculo automotor en transporte,Not an Intersection,No fue interseccion,Sobre calle,Ninguna,Oscuro con iluminacion,Despejado,No,NO APLICA,99,99,99,99,1,12/07/2022,1