Estado,Nombre de Estado,Numero de Caso,Peatones,Personas _no_vehiculos,Vehiculos automotores,Vehiculos estacionados,Condado,Nombre Condado,Ciudad,Nombre Ciudad,Mes,Nombre Mes,Dia,Año,Hora,Minuto,Calle,Ruta,Nombre Ruta,Rural o Urbanoo,Sistema Funcional,Dueño Calle,Sistema Nacional Carreteras,Jurisdiccion Especial,Milla,Latitud,Longitud,Causa del Accidente,Tipo de Accidente,Tipo Interseccion,Columna1,Lugar en la calle,Zona de Trabajo,Luz,Clima,Autobus Escolar,Cruce de Trenes,Hora Notificacion,Minuto Notificacion,Hora Llegada,Minuto Llegada,Decesos,Fecha,PersonaVehiculo
26,Michigan,260542,0,0,1,0,135,OSCODA (135),0,NO APLICA,8,Agosto,5,2022,18,35,SR-72,3,Highway estatal,Rural,Arteria Menor,State Highway Agency,0,Sin jurisdiccion especial,78,44.64473056,-84.23572778,Volcadura,El primer evento no fue una colision con un vehiculo automotor en transporte,Not an Intersection,No fue interseccion,Sobre calle,Ninguna,Dia total,Despejado,No,NO APLICA,18,35,18,58,1,05/08/2022,1
26,Michigan,260543,0,0,1,0,65,INGHAM (65),2700,LANSING,8,Agosto,4,2022,21,25,SR-I-96 BL,3,Highway estatal,Urbano,Interestatal,State Highway Agency,1,Sin jurisdiccion especial,5,42.66500833,-84.53431944,Volcadura,El primer evento no fue una colision con un vehiculo automotor en transporte,Not an Intersection,No fue interseccion,En el medio,Ninguna,Oscuro con iluminacion,Despejado,No,NO APLICA,21,29,99,99,1,04/08/2022,3
26,Michigan,260544,0,0,3,0,81,KENT (81),785,CASCADE,8,Agosto,5,2022,16,40,I-96,1,Interestatal,Urbano,Interestatal,State Highway Agency,1,Sin jurisdiccion especial,180,42.91326111,-85.53706667,Vehiculo en movimiento,Frente a Detrás,Not an Intersection,No fue interseccion,Sobre calle,Ninguna,Dia total,Despejado,No,NO APLICA,99,99,99,99,1,05/08/2022,10
26,Michigan,260545,0,0,1,0,5,ALLEGAN (5),0,NO APLICA,8,Agosto,6,2022,17,12,CR-6TH ST,4,Calle del Condado,Rural,Local,County Highway Agency,0,Sin jurisdiccion especial,9,42.52119167,-85.60228611,Arbol,El primer evento no fue una colision con un vehiculo automotor en transporte,Not an Intersection,No fue interseccion,Sobre el lado de la calle,Ninguna,Dia total,Despejado,No,NO APLICA,99,99,99,99,1,06/08/2022,1
26,Michigan,260546,0,0,2,0,49,GENESEE (49),686,BURTON,7,Julio,19,2022,12,55,BRISTOL RD,6,Calle Local Municipalidad,Urbano,Arteria Principal,City or Municipal Highway Agency,1,Sin jurisdiccion especial,33,42.97448889,-83.66604722,Vehiculo en movimiento,Angulo,Four-Way Intersection,Interseccion de 4 direcciones,Sobre calle,Ninguna,Dia total,Despejado,No,NO APLICA,12,57,13,1,1,19/07/2022,2
26,Michigan,260547,0,0,1,0,147,ST. CLAIR (147),0,NO APLICA,8,Agosto,7,2022,4,17,CR-BEARD RD,4,Calle del Condado,Rural,Local,County Highway Agency,0,Sin jurisdiccion especial,48,43.04908889,-82.66916944,Volcadura,El primer evento no fue una colision con un vehiculo automotor en transporte,Not an Intersection,No fue interseccion,Sobre el lado de la calle,Ninguna,Oscuro sin iluminacion,Despejado,No,NO APLICA,4,24,4,34,1,07/08/2022,4
26,Michigan,260548,0,0,2,0,65,INGHAM (65),0,NO APLICA,7,Julio,22,2022,17,22,CR-HASLETT RD,4,Calle del Condado,Urbano,Arteria Menor,County Highway Agency,0,Sin jurisdiccion especial,29,42.74730833,-84.40847778,Vehiculo en movimiento,Angulo,Four-Way Intersection,Interseccion de 4 direcciones,Sobre calle,Ninguna,Dia total,Despejado,No,NO APLICA,99,99,99,99,1,22/07/2022,2
26,Michigan,260549,0,0,1,0,139,OTTAWA (139),0,NO APLICA,8,Agosto,8,2022,14,5,CR-BAUER RD,4,Calle del Condado,Urbano,Colector Mayor,County Highway Agency,0,Sin jurisdiccion especial,41,42.9218,-85.88118056,Buzon de correo,El primer evento no fue una colision con un vehiculo automotor en transporte,Not an Intersection,No fue interseccion,Sobre el lado de la calle,Ninguna,Dia total,Nublado,No,NO APLICA,14,6,14,9,1,08/08/2022,1
26,Michigan,260550,2,2,1,0,117,MONTCALM (117),2060,GREENVILLE,7,Julio,29,2022,22,37,CASS ST,6,Calle Local Municipalidad,Urbano,Local,City or Municipal Highway Agency,0,Sin jurisdiccion especial,5,43.17854167,-85.25981944,Peaton,El primer evento no fue una colision con un vehiculo automotor en transporte,Not an Intersection,No fue interseccion,Sobre calle,Ninguna,Oscuro con iluminacion,Despejado,No,NO APLICA,22,37,22,45,2,29/07/2022,1
26,Michigan,260551,0,0,1,0,47,EMMET (47),0,NO APLICA,8,Agosto,12,2022,7,37,CR-RIVER RD,4,Calle del Condado,Urbano,Arteria Menor,County Highway Agency,0,Sin jurisdiccion especial,49,45.35301389,-84.95480278,Arbol,El primer evento no fue una colision con un vehiculo automotor en transporte,Not an Intersection,No fue interseccion,Sobre el lado de la calle,Ninguna,Dia total,Despejado,No,NO APLICA,7,37,7,44,1,12/08/2022,1
26,Michigan,260552,1,1,1,0,81,KENT (81),5319,WYOMING,8,Agosto,13,2022,21,29,SR-11 28TH ST SW,3,Highway estatal,Urbano,Arteria Principal,State Highway Agency,1,Sin jurisdiccion especial,118,42.91300833,-85.6662,Peaton,El primer evento no fue una colision con un vehiculo automotor en transporte,Four-Way Intersection,Interseccion de 4 direcciones,Sobre calle,Ninguna,Oscuro con iluminacion,lluvia,No,NO APLICA,21,29,21,35,1,13/08/2022,1
26,Michigan,260553,0,0,1,0,97,MACKINAC (97),0,NO APLICA,8,Agosto,14,2022,10,28,CR-SWEDE RD,4,Calle del Condado,Rural,Colector Mayor,County Highway Agency,0,Sin jurisdiccion especial,63,46.06228056,-84.25983611,Arbol,El primer evento no fue una colision con un vehiculo automotor en transporte,Not an Intersection,No fue interseccion,Sobre el lado de la calle,Ninguna,Dia total,Despejado,No,NO APLICA,10,34,10,47,1,14/08/2022,1
26,Michigan,260554,1,1,1,0,21,BERRIEN (21),0,NO APLICA,7,Julio,29,2022,22,15,CR-CHICAGO AVE,4,Calle del Condado,Urbano,Local,County Highway Agency,0,Sin jurisdiccion especial,2,42.11971944,-86.43133056,Peaton,El primer evento no fue una colision con un vehiculo automotor en transporte,Not an Intersection,No fue interseccion,Sobre Acotamiento,Ninguna,Oscuro sin iluminacion,Despejado,No,NO APLICA,22,17,22,21,1,29/07/2022,1
26,Michigan,260555,0,0,2,0,75,JACKSON (75),0,NO APLICA,8,Agosto,12,2022,16,44,CR-N DETTMAN RD,4,Calle del Condado,Urbano,Colector Mayor,County Highway Agency,0,Sin jurisdiccion especial,26,42.27366111,-84.36491667,Vehiculo en movimiento,Angulo,Not an Intersection,No fue interseccion,Sobre calle,Ninguna,Dia total,Despejado,No,NO APLICA,16,46,16,50,1,12/08/2022,3
26,Michigan,260556,0,0,1,0,67,IONIA (67),0,NO APLICA,7,Julio,21,2022,9,9,CR-HAYNOR RD,4,Calle del Condado,Rural,Colector Menor,County Highway Agency,0,Sin jurisdiccion especial,26,43.01629167,-85.10389444,Volcadura,El primer evento no fue una colision con un vehiculo automotor en transporte,Not an Intersection,No fue interseccion,Sobre el lado de la calle,Ninguna,Dia total,Despejado,No,NO APLICA,99,99,99,99,1,21/07/2022,3
26,Michigan,260557,0,0,5,0,151,SANILAC (151),0,NO APLICA,8,Agosto,6,2022,13,20,SR-25 N LAKESHORE RD,3,Highway estatal,Rural,Arteria Menor,State Highway Agency,0,Sin jurisdiccion especial,280,43.561075,-82.59048611,Vehiculo en movimiento,Golpe Lateral - direccion contraria,Not an Intersection,No fue interseccion,Sobre calle,Ninguna,Dia total,Despejado,No,NO APLICA,13,25,13,36,2,06/08/2022,6
26,Michigan,260558,0,0,2,0,159,VAN BUREN (159),2544,KEELER,8,Agosto,12,2022,21,45,CR-90TH AVE,4,Calle del Condado,Rural,Local,County Highway Agency,0,Sin jurisdiccion especial,4,42.09305278,-86.19604167,Vehiculo en movimiento,Frente a frente,Not an Intersection,No fue interseccion,Sobre calle,Ninguna,Oscuro sin iluminacion,Despejado,No,NO APLICA,99,99,99,99,1,12/08/2022,8
26,Michigan,260559,1,1,1,0,81,KENT (81),5319,WYOMING,7,Julio,22,2022,14,25,DIVISION AVE,6,Calle Local Municipalidad,Urbano,Arteria Principal,City or Municipal Highway Agency,1,Sin jurisdiccion especial,96,42.89976944,-85.66543333,Ciclista,El primer evento no fue una colision con un vehiculo automotor en transporte,Not an Intersection,No fue interseccion,Sobre calle,Ninguna,Dia total,Despejado,No,NO APLICA,14,25,14,29,1,22/07/2022,1
26,Michigan,260560,0,0,2,0,163,WAYNE (163),1260,DETROIT,7,Julio,31,2022,12,35,SR-3 GRATIOT AVE,3,Highway estatal,Urbano,Arteria Principal,State Highway Agency,1,Sin jurisdiccion especial,85,42.43941944,-82.97473333,Vehiculo en movimiento,Angulo,Not an Intersection,No fue interseccion,Sobre calle,Ninguna,Dia total,Despejado,No,NO APLICA,99,99,99,99,1,31/07/2022,3
26,Michigan,260561,0,0,2,0,159,VAN BUREN (159),0,NO APLICA,8,Agosto,17,2022,8,30,SR-43,3,Highway estatal,Rural,Arteria Menor,State Highway Agency,0,Sin jurisdiccion especial,186,42.30266389,-85.95642778,Vehiculo en movimiento,Angulo,Four-Way Intersection,Interseccion de 4 direcciones,Sobre calle,Ninguna,Dia total,Despejado,No,NO APLICA,8,30,8,45,1,17/08/2022,2
26,Michigan,260562,0,0,1,0,147,ST. CLAIR (147),0,NO APLICA,8,Agosto,13,2022,0,30,CR-HESSEN,4,Calle del Condado,Rural,Local,County Highway Agency,0,Sin jurisdiccion especial,4,42.80489167,-82.65435833,Zanja,El primer evento no fue una colision con un vehiculo automotor en transporte,Not an Intersection,No fue interseccion,Sobre el lado de la calle,Ninguna,Oscuro sin iluminacion,Despejado,No,NO APLICA,6,48,6,59,1,13/08/2022,1
26,Michigan,260563,0,0,1,0,69,IOSCO (69),0,NO APLICA,7,Julio,23,2022,21,1,SR-55,3,Highway estatal,Rural,Arteria Menor,State Highway Agency,0,Sin jurisdiccion especial,0,44.27673056,-83.88207778,Animal vivo,El primer evento no fue una colision con un vehiculo automotor en transporte,Not an Intersection,No fue interseccion,Sobre calle,Ninguna,Atardecer,Despejado,No,NO APLICA,21,1,21,15,1,23/07/2022,1
26,Michigan,260564,0,0,1,0,105,MASON (105),0,NO APLICA,7,Julio,8,2022,14,24,CR-KISTLER RD,4,Calle del Condado,Rural,Local,County Highway Agency,0,Sin jurisdiccion especial,8,43.88448889,-86.39606667,Alguien se cayo/avento del vehiculo,El primer evento no fue una colision con un vehiculo automotor en transporte,Not an Intersection,No fue interseccion,Sobre el lado de la calle,Ninguna,Dia total,Despejado,No,NO APLICA,14,24,14,33,1,08/07/2022,1
26,Michigan,260565,0,0,1,0,5,ALLEGAN (5),0,NO APLICA,7,Julio,28,2022,9,30,CR-21ST ST,4,Calle del Condado,Rural,Colector Mayor,County Highway Agency,0,Sin jurisdiccion especial,4,42.43457222,-85.74508611,Fin de valla,El primer evento no fue una colision con un vehiculo automotor en transporte,Not an Intersection,No fue interseccion,Sobre el lado de la calle,Ninguna,Dia total,Despejado,No,NO APLICA,99,99,99,99,1,28/07/2022,1
26,Michigan,260566,0,0,1,0,11,ARENAC (11),0,NO APLICA,7,Julio,17,2022,15,55,CR-BRIGSS RD,4,Calle del Condado,Rural,Colector Mayor,County Highway Agency,0,Sin jurisdiccion especial,53,44.16032778,-83.92755556,Arbol,El primer evento no fue una colision con un vehiculo automotor en transporte,Not an Intersection,No fue interseccion,Sobre el lado de la calle,Ninguna,Dia total,Despejado,No,NO APLICA,99,99,99,99,1,17/07/2022,1
26,Michigan,260567,0,0,2,0,63,HURON (63),0,NO APLICA,8,Agosto,19,2022,19,32,CR-S CASEVILLE RD,4,Calle del Condado,Rural,Colector Mayor,County Highway Agency,0,Sin jurisdiccion especial,30,43.77220833,-83.27813889,Vehiculo en movimiento,Angulo,Four-Way Intersection,Interseccion de 4 direcciones,Sobre calle,Ninguna,Dia total,Despejado,No,NO APLICA,19,34,19,42,1,19/08/2022,2
26,Michigan,260568,0,0,1,0,159,VAN BUREN (159),0,NO APLICA,8,Agosto,20,2022,17,21,CR-55TH ST,4,Calle del Condado,Rural,Local,County Highway Agency,0,Sin jurisdiccion especial,3,42.20541389,-86.08066389,Arbol,El primer evento no fue una colision con un vehiculo automotor en transporte,Not an Intersection,No fue interseccion,Sobre el lado de la calle,Ninguna,Dia total,Nublado,No,NO APLICA,17,21,17,31,1,20/08/2022,1
26,Michigan,260569,1,1,1,0,163,WAYNE (163),0,NO APLICA,8,Agosto,22,2022,22,19,I-275,1,Interestatal,Urbano,Interestatal,State Highway Agency,1,Sin jurisdiccion especial,52,42.16912778,-83.38819722,Peaton,El primer evento no fue una colision con un vehiculo automotor en transporte,Not an Intersection,No fue interseccion,Sobre calle,Ninguna,Oscuro sin iluminacion,Despejado,No,NO APLICA,22,19,22,25,1,22/08/2022,1
26,Michigan,260570,0,0,2,0,163,WAYNE (163),1260,DETROIT,7,Julio,29,2022,23,0,DICKERSON ST,6,Calle Local Municipalidad,Urbano,Arteria Menor,City or Municipal Highway Agency,0,Sin jurisdiccion especial,27,42.40656389,-82.97577778,Vehiculo en movimiento,Angulo,Four-Way Intersection,Interseccion de 4 direcciones,Sobre calle,Ninguna,Oscuro con iluminacion,Despejado,No,NO APLICA,99,99,99,99,1,29/07/2022,3
26,Michigan,260571,0,0,1,0,81,KENT (81),0,NO APLICA,8,Agosto,22,2022,8,20,CR-BAILEY DR NE,4,Calle del Condado,Rural,Local,County Highway Agency,0,Sin jurisdiccion especial,48,42.97268333,-85.388075,Arbol,El primer evento no fue una colision con un vehiculo automotor en transporte,Not an Intersection,No fue interseccion,Sobre el lado de la calle,Ninguna,Dia total,Despejado,No,NO APLICA,99,99,99,99,1,22/08/2022,1
26,Michigan,260572,0,0,2,0,145,SAGINAW (145),920,CHESANING,7,Julio,27,2022,12,43,SR-MAIN ST,3,Highway estatal,Rural,Arteria Menor,County Highway Agency,0,Sin jurisdiccion especial,28,43.18091111,-84.10997778,Vehiculo en movimiento,Frente a Detrás,Four-Way Intersection,Interseccion de 4 direcciones,Sobre calle,Ninguna,Dia total,Despejado,No,NO APLICA,99,99,99,99,1,27/07/2022,3
26,Michigan,260573,0,0,1,0,75,JACKSON (75),0,NO APLICA,8,Agosto,14,2022,23,53,CR-DIXON RD,4,Calle del Condado,Rural,Local,County Highway Agency,0,Sin jurisdiccion especial,20,42.36867778,-84.49225,Arbol,El primer evento no fue una colision con un vehiculo automotor en transporte,Not an Intersection,No fue interseccion,Sobre el lado de la calle,Ninguna,Oscuro sin iluminacion,Despejado,No,NO APLICA,99,99,99,99,1,14/08/2022,1
26,Michigan,260574,1,1,1,0,49,GENESEE (49),1730,FLINT,8,Agosto,26,2022,1,10,N CHEVROLET AVE,6,Calle Local Municipalidad,Urbano,Colector Mayor,City or Municipal Highway Agency,0,Sin jurisdiccion especial,19,43.02933611,-83.715975,Peaton,El primer evento no fue una colision con un vehiculo automotor en transporte,Four-Way Intersection,Interseccion de 4 direcciones,Sobre calle,Ninguna,Oscuro con iluminacion,lluvia,No,NO APLICA,1,11,1,13,1,26/08/2022,1
26,Michigan,260575,0,0,2,0,125,OAKLAND (125),1652,FARMINGTON HILLS,8,Agosto,27,2022,2,34,INKSTER RD,6,Calle Local Municipalidad,Urbano,Arteria Menor,City or Municipal Highway Agency,0,Sin jurisdiccion especial,0,42.44223056,-83.31684167,Vehiculo en movimiento,Angulo,Four-Way Intersection,Interseccion de 4 direcciones,Sobre calle,Ninguna,Oscuro con iluminacion,Despejado,No,NO APLICA,2,41,2,52,1,27/08/2022,8
26,Michigan,260576,0,0,2,0,55,GRAND TRAVERSE (55),0,NO APLICA,8,Agosto,27,2022,16,37,US-131,2,US Highway,Rural,Arteria Principal,State Highway Agency,1,Sin jurisdiccion especial,53,44.58143333,-85.360525,Vehiculo en movimiento,Frente a frente,Not an Intersection,No fue interseccion,Sobre calle,Ninguna,Dia total,Despejado,No,NO APLICA,16,40,16,46,1,27/08/2022,2
26,Michigan,260577,0,0,2,0,151,SANILAC (151),0,NO APLICA,7,Julio,19,2022,12,40,SR-25 LAKESHORE RD,3,Highway estatal,Rural,Arteria Menor,State Highway Agency,0,Sin jurisdiccion especial,194,43.44208889,-82.546425,Vehiculo en movimiento,Angulo,Not an Intersection,No fue interseccion,Sobre calle,Ninguna,Dia total,Despejado,No,NO APLICA,12,44,12,52,1,19/07/2022,2
26,Michigan,260578,2,2,6,0,163,WAYNE (163),1260,DETROIT,8,Agosto,27,2022,2,25,I-94,1,Interestatal,Urbano,Interestatal,State Highway Agency,1,Sin jurisdiccion especial,303,42.38127778,-83.03173056,Peaton,El primer evento no fue una colision con un vehiculo automotor en transporte,Not an Intersection,No fue interseccion,Sobre calle,Ninguna,Oscuro sin iluminacion,Despejado,No,NO APLICA,2,29,2,36,2,27/08/2022,6
26,Michigan,260579,0,0,2,0,91,LENAWEE (91),0,NO APLICA,7,Julio,8,2022,20,12,CR-HOWELL HWY,4,Calle del Condado,Urbano,Arteria Menor,County Highway Agency,0,Sin jurisdiccion especial,5,41.91255556,-84.00995833,Vehiculo en movimiento,Angulo,Four-Way Intersection,Interseccion de 4 direcciones,Sobre calle,Ninguna,Dia total,Nublado,No,NO APLICA,20,10,20,24,1,08/07/2022,3
26,Michigan,260580,1,1,1,0,1,ALCONA (1),0,NO APLICA,7,Julio,9,2022,0,58,CR-BAMFIELD RD,4,Calle del Condado,Rural,Colector Mayor,County Highway Agency,0,Sin jurisdiccion especial,21,44.56062222,-83.72436111,Peaton,El primer evento no fue una colision con un vehiculo automotor en transporte,Not an Intersection,No fue interseccion,Sobre calle,Ninguna,Oscuro sin iluminacion,Despejado,No,NO APLICA,99,99,99,99,1,09/07/2022,1
26,Michigan,260581,1,1,1,0,139,OTTAWA (139),0,NO APLICA,8,Agosto,27,2022,21,28,US-31,2,US Highway,Urbano,Arteria Principal,State Highway Agency,1,Sin jurisdiccion especial,47,42.83373889,-86.09646389,Peaton,El primer evento no fue una colision con un vehiculo automotor en transporte,Not an Intersection,No fue interseccion,Sobre calle,Ninguna,Oscuro con iluminacion,Despejado,No,NO APLICA,21,29,21,32,1,27/08/2022,2
26,Michigan,260582,3,3,1,0,163,WAYNE (163),1260,DETROIT,8,Agosto,28,2022,1,0,MACK AVE,6,Calle Local Municipalidad,Urbano,Arteria Principal,City or Municipal Highway Agency,1,Sin jurisdiccion especial,18,42.364975,-83.01165556,Peaton,El primer evento no fue una colision con un vehiculo automotor en transporte,Not an Intersection,No fue interseccion,Sobre calle,Ninguna,Oscuro con iluminacion,Despejado,No,NO APLICA,99,99,99,99,1,28/08/2022,2
26,Michigan,260583,1,1,1,0,163,WAYNE (163),4166,REDFORD TOWNSHIP,8,Agosto,10,2022,20,46,CR-VASSAR,4,Calle del Condado,Urbano,Local,County Highway Agency,0,Sin jurisdiccion especial,1,42.43220833,-83.28848333,Ciclista,El primer evento no fue una colision con un vehiculo automotor en transporte,Four-Way Intersection,Interseccion de 4 direcciones,Sobre calle,Ninguna,Dia total,Despejado,No,NO APLICA,20,47,20,55,1,10/08/2022,2
26,Michigan,260584,0,0,3,0,125,OAKLAND (125),4251,ROCHESTER HILLS,8,Agosto,30,2022,18,16,CR-S ADAMS RD,4,Calle del Condado,Urbano,Arteria Principal,County Highway Agency,1,Sin jurisdiccion especial,67,42.63402222,-83.20993056,Vehiculo en movimiento,Frente a frente,Four-Way Intersection,Interseccion de 4 direcciones,Sobre calle,Ninguna,Dia total,Nublado,No,NO APLICA,18,16,18,23,1,30/08/2022,4
26,Michigan,260585,0,0,2,0,43,DICKINSON (43),2450,IRON MOUNTAIN,8,Agosto,30,2022,15,45,QUIN LAKE ANTOINE DR,6,Calle Local Municipalidad,Urbano,Arteria Menor,City or Municipal Highway Agency,0,Sin jurisdiccion especial,2,45.84073611,-88.04728056,Vehiculo en movimiento,Angulo,T-Intersection,Interseccion de T,Sobre calle,Ninguna,Dia total,Despejado,No,NO APLICA,99,99,99,99,1,30/08/2022,2
26,Michigan,260586,1,1,5,4,163,WAYNE (163),1260,DETROIT,6,Junio,2,2022,21,50,ARTESIAN ST,6,Calle Local Municipalidad,Urbano,Local,City or Municipal Highway Agency,0,Sin jurisdiccion especial,4,42.33476389,-83.22541944,Vehiculo Aparcado,El primer evento no fue una colision con un vehiculo automotor en transporte,Not an Intersection,No fue interseccion,En estacionamiento,Ninguna,Oscuro con iluminacion,Despejado,No,NO APLICA,99,99,99,99,1,02/06/2022,1
26,Michigan,260587,1,1,1,0,147,ST. CLAIR (147),0,NO APLICA,8,Agosto,30,2022,22,40,CR-DOVE RD,4,Calle del Condado,Urbano,Arteria Menor,County Highway Agency,0,Sin jurisdiccion especial,16,42.95158333,-82.47103056,Ciclista,El primer evento no fue una colision con un vehiculo automotor en transporte,Not an Intersection,No fue interseccion,Sobre calle,Ninguna,Oscuro sin iluminacion,Despejado,No,NO APLICA,22,50,22,56,1,30/08/2022,1
26,Michigan,260588,0,0,1,0,121,MUSKEGON (121),0,NO APLICA,8,Agosto,22,2022,12,53,CR-RIVER RD,4,Calle del Condado,Urbano,Colector Mayor,County Highway Agency,0,Sin jurisdiccion especial,52,43.29641944,-86.27983056,Culvert,El primer evento no fue una colision con un vehiculo automotor en transporte,Not an Intersection,No fue interseccion,Sobre el lado de la calle,Ninguna,Dia total,Despejado,No,NO APLICA,99,99,99,99,1,22/08/2022,1
26,Michigan,260589,1,1,1,0,87,LAPEER (87),2710,LAPEER,8,Agosto,25,2022,20,55,CR-N MAIN ST,4,Calle del Condado,Urbano,Colector Mayor,County Highway Agency,0,Sin jurisdiccion especial,52,43.05088333,-83.31870556,Peaton,El primer evento no fue una colision con un vehiculo automotor en transporte,Four-Way Intersection,Interseccion de 4 direcciones,Sobre calle,Ninguna,Oscuro sin iluminacion,lluvia,No,NO APLICA,20,58,21,0,1,25/08/2022,1
26,Michigan,260590,0,0,2,0,163,WAYNE (163),2850,LIVONIA,8,Agosto,12,2022,16,49,CR-MIDDLEBELT RD,4,Calle del Condado,Urbano,Arteria Principal,County Highway Agency,1,Sin jurisdiccion especial,198,42.40369167,-83.33473333,Vehiculo en movimiento,Angulo,Not an Intersection,No fue interseccion,Sobre calle,Ninguna,Dia total,Despejado,No,NO APLICA,16,49,16,54,1,12/08/2022,2
26,Michigan,260591,0,0,1,0,117,MONTCALM (117),0,NO APLICA,6,Junio,3,2022,14,58,CR-BPYER RD,4,Calle del Condado,Rural,Local,County Highway Agency,0,Sin jurisdiccion especial,6,43.16267778,-84.86399167,"Lastimado en vehiculo, no colision",El primer evento no fue una colision con un vehiculo automotor en transporte,Not an Intersection,No fue interseccion,Sobre calle,Ninguna,Dia total,Despejado,No,NO APLICA,15,5,15,10,1,03/06/2022,3
26,Michigan,260592,0,0,2,0,89,LEELANAU (89),0,NO APLICA,8,Agosto,20,2022,10,42,SR-72 W EMPIRE HWY,3,Highway estatal,Rural,Arteria Menor,State Highway Agency,0,Sin jurisdiccion especial,36,44.80853056,-85.99890278,Vehiculo en movimiento,Angulo,Four-Way Intersection,Interseccion de 4 direcciones,Sobre calle,Ninguna,Dia total,Nublado,No,NO APLICA,10,42,10,46,1,20/08/2022,5
26,Michigan,260593,1,1,1,0,99,MACOMB (99),5110,WARREN,8,Agosto,27,2022,23,50,13 MILE RD,6,Calle Local Municipalidad,Urbano,Arteria Menor,City or Municipal Highway Agency,0,Sin jurisdiccion especial,22,42.52201944,-82.98536111,Peaton,El primer evento no fue una colision con un vehiculo automotor en transporte,Not an Intersection,No fue interseccion,Sobre calle,Ninguna,Oscuro con iluminacion,Despejado,No,NO APLICA,99,99,99,99,1,27/08/2022,1
26,Michigan,260594,0,0,3,0,163,WAYNE (163),4815,TAYLOR,6,Junio,21,2022,7,55,I-94,1,Interestatal,Urbano,Interestatal,State Highway Agency,1,Sin jurisdiccion especial,136,42.26091111,-83.29100556,Vehiculo en movimiento,Frente a frente,Not an Intersection,No fue interseccion,Sobre calle,Ninguna,Dia total,Despejado,No,NO APLICA,99,99,99,99,2,21/06/2022,3
26,Michigan,260595,0,0,2,0,93,LIVINGSTON (93),0,NO APLICA,8,Agosto,31,2022,16,20,CR-W GRAND RIVER AVE,4,Calle del Condado,Urbano,Arteria Principal,County Highway Agency,1,Sin jurisdiccion especial,249,42.51623333,-83.73836944,Vehiculo en movimiento,Angulo,Not an Intersection,No fue interseccion,Sobre calle,Ninguna,Dia total,Despejado,No,NO APLICA,99,99,99,99,1,31/08/2022,2
26,Michigan,260596,0,0,3,0,81,KENT (81),0,NO APLICA,7,Julio,12,2022,8,38,SR-21 FULTON ST,3,Highway estatal,Urbano,Arteria Principal,State Highway Agency,1,Sin jurisdiccion especial,83,42.96268056,-85.54036667,Vehiculo en movimiento,Angulo,Four-Way Intersection,Interseccion de 4 direcciones,Sobre calle,Ninguna,Dia total,Nublado,No,NO APLICA,99,99,99,99,1,12/07/2022,4
26,Michigan,260597,0,0,2,0,15,BARRY (15),0,NO APLICA,9,Septiembre,4,2022,16,50,CR-MILO RD,4,Calle del Condado,Rural,Colector Mayor,County Highway Agency,0,Sin jurisdiccion especial,10,42.45696667,-85.44456111,Vehiculo en movimiento,Frente a Detrás,Four-Way Intersection,Interseccion de 4 direcciones,Sobre calle,Ninguna,Dia total,Despejado,No,NO APLICA,16,35,16,50,1,04/09/2022,2
26,Michigan,260598,0,0,2,0,81,KENT (81),785,CASCADE,7,Julio,26,2022,10,29,I-96,1,Interestatal,Urbano,Interestatal,State Highway Agency,1,Sin jurisdiccion especial,218,42.88447222,-85.47316389,Vehiculo en movimiento,Frente a Detrás,Not an Intersection,No fue interseccion,Sobre calle,Construccion,Dia total,Despejado,No,NO APLICA,99,99,99,99,1,26/07/2022,4
26,Michigan,260599,0,0,1,0,55,GRAND TRAVERSE (55),4880,TRAVERSE CITY,9,Septiembre,1,2022,1,59,SR-72 MUNSON AVE,3,Highway estatal,Urbano,Arteria Principal,State Highway Agency,1,Sin jurisdiccion especial,0,44.76390278,-85.58763333,Banqueta,El primer evento no fue una colision con un vehiculo automotor en transporte,Not an Intersection,No fue interseccion,Sobre el lado de la calle,Ninguna,Oscuro con iluminacion,Despejado,No,NO APLICA,99,99,99,99,1,01/09/2022,1
26,Michigan,260600,1,1,1,0,145,SAGINAW (145),0,NO APLICA,9,Septiembre,2,2022,21,50,I-75,1,Interestatal,Urbano,Interestatal,State Highway Agency,1,Sin jurisdiccion especial,191,43.47000833,-83.89629167,Peaton,El primer evento no fue una colision con un vehiculo automotor en transporte,Not an Intersection,No fue interseccion,Sobre calle,Ninguna,Oscuro sin iluminacion,Despejado,No,NO APLICA,99,99,99,99,1,02/09/2022,1
26,Michigan,260601,0,0,4,0,161,WASHTENAW (161),150,ANN ARBOR,7,Julio,27,2022,17,43,I-94,1,Interestatal,Urbano,Interestatal,State Highway Agency,1,Sin jurisdiccion especial,25,42.24506944,-83.762875,Vehiculo en movimiento,Frente a Detrás,Not an Intersection,No fue interseccion,Sobre calle,Ninguna,Dia total,Despejado,No,NO APLICA,99,99,99,99,1,27/07/2022,5
26,Michigan,260602,0,0,1,0,147,ST. CLAIR (147),0,NO APLICA,9,Septiembre,6,2022,4,29,CR-RILEY CENTER RD,4,Calle del Condado,Rural,Colector Mayor,County Highway Agency,0,Sin jurisdiccion especial,30,42.93869167,-82.84164722,Zanja,El primer evento no fue una colision con un vehiculo automotor en transporte,Not an Intersection,No fue interseccion,Sobre el lado de la calle,Ninguna,Oscuro sin iluminacion,Despejado,No,NO APLICA,4,30,4,36,1,06/09/2022,1