Estado,Nombre de Estado,Numero de Caso,Peatones,Personas _no_vehiculos,Vehiculos automotores,Vehiculos estacionados,Condado,Nombre Condado,Ciudad,Nombre Ciudad,Mes,Nombre Mes,Dia,Año,Hora,Minuto,Calle,Ruta,Nombre Ruta,Rural o Urbanoo,Sistema Funcional,Dueño Calle,Sistema Nacional Carreteras,Jurisdiccion Especial,Milla,Latitud,Longitud,Causa del Accidente,Tipo de Accidente,Tipo Interseccion,Columna1,Lugar en la calle,Zona de Trabajo,Luz,Clima,Autobus Escolar,Cruce de Trenes,Hora Notificacion,Minuto Notificacion,Hora Llegada,Minuto Llegada,Decesos,Fecha,PersonaVehiculo
26,Michigan,260603,0,0,2,0,93,LIVINGSTON (93),0,NO APLICA,9,Septiembre,9,2022,18,30,CR-DENTON HILL RD,4,Calle del Condado,Urbano,Colector Mayor,County Highway Agency,0,Sin jurisdiccion especial,5,42.76630833,-83.70605,Vehiculo en movimiento,Angulo,T-Intersection,Interseccion de T,Sobre calle,Ninguna,Oscuro sin iluminacion,Despejado,No,NO APLICA,18,31,18,53,1,09/09/2022,4
26,Michigan,260604,0,0,1,0,99,MACOMB (99),919,CHESTERFIELD TOWNSHIP,9,Septiembre,6,2022,1,13,I-94 RAMP 013A,1,Interestatal,Urbano,Interestatal,State Highway Agency,1,Sin jurisdiccion especial,2,42.67141667,-82.82402222,Volcadura,El primer evento no fue una colision con un vehiculo automotor en transporte,Not an Intersection,No fue interseccion,Gore?,Ninguna,Oscuro con iluminacion,Despejado,No,NO APLICA,99,99,99,99,1,06/09/2022,2
26,Michigan,260605,1,1,1,0,163,WAYNE (163),1260,DETROIT,9,Septiembre,10,2022,7,0,US-12 MICHIGAN AVE,2,US Highway,Urbano,Arteria Principal,State Highway Agency,1,Sin jurisdiccion especial,40,42.33121111,-83.11664167,Peaton,El primer evento no fue una colision con un vehiculo automotor en transporte,Four-Way Intersection,Interseccion de 4 direcciones,Sobre calle,Ninguna,Amanecer,Despejado,No,NO APLICA,99,99,99,99,1,10/09/2022,1
26,Michigan,260606,0,0,1,0,21,BERRIEN (21),410,BENTON HARBOR,9,Septiembre,10,2022,23,26,SR-FIFTH ST,3,Highway estatal,Urbano,Arteria Principal,State Highway Agency,1,Sin jurisdiccion especial,8,42.11664167,-86.45268056,Banqueta,El primer evento no fue una colision con un vehiculo automotor en transporte,Roundabout,Glorieta,Sobre el lado de la calle,Ninguna,Oscuro con iluminacion,Despejado,No,NO APLICA,23,28,23,33,1,10/09/2022,2
26,Michigan,260607,0,0,3,0,139,OTTAWA (139),0,NO APLICA,9,Septiembre,9,2022,13,17,CR-168TH AVE,4,Calle del Condado,Urbano,Arteria Menor,County Highway Agency,0,Sin jurisdiccion especial,11,43.10330278,-86.20540556,Vehiculo en movimiento,Angulo,Four-Way Intersection,Interseccion de 4 direcciones,Sobre calle,Ninguna,Dia total,Despejado,No,NO APLICA,13,18,13,22,1,09/09/2022,6
26,Michigan,260608,0,0,2,0,81,KENT (81),0,NO APLICA,9,Septiembre,10,2022,19,13,SR-57 14 MILE RD NE,3,Highway estatal,Rural,Arteria Menor,State Highway Agency,0,Sin jurisdiccion especial,112,43.17633333,-85.43135556,Vehiculo en movimiento,Angulo,Four-Way Intersection,Interseccion de 4 direcciones,Sobre calle,Ninguna,Dia total,Despejado,No,NO APLICA,19,12,19,22,1,10/09/2022,2
26,Michigan,260609,0,0,2,0,91,LENAWEE (91),0,NO APLICA,9,Septiembre,13,2022,6,4,US-223,2,US Highway,Urbano,Arteria Principal,State Highway Agency,1,Sin jurisdiccion especial,234,41.87238889,-83.99211389,Vehiculo en movimiento,Angulo,Four-Way Intersection,Interseccion de 4 direcciones,Sobre calle,Ninguna,Oscuro con iluminacion,Despejado,No,NO APLICA,6,4,6,13,1,13/09/2022,3
26,Michigan,260610,0,0,1,0,87,LAPEER (87),0,NO APLICA,8,Agosto,3,2022,16,33,CR-PEPPERMILL RD,4,Calle del Condado,Rural,Local,County Highway Agency,0,Sin jurisdiccion especial,9,43.03134722,-83.20752778,Objeto aventado o caido,El primer evento no fue una colision con un vehiculo automotor en transporte,Not an Intersection,No fue interseccion,Sobre calle,Ninguna,Dia total,lluvia,No,NO APLICA,99,99,99,99,1,03/08/2022,3
26,Michigan,260611,0,0,2,1,75,JACKSON (75),0,NO APLICA,9,Septiembre,13,2022,16,29,US-127 S MERIDIAN RD,2,US Highway,Rural,Arteria Principal,State Highway Agency,1,Sin jurisdiccion especial,47,42.14221667,-84.36423889,Vehiculo Aparcado,El primer evento no fue una colision con un vehiculo automotor en transporte,Not an Intersection,No fue interseccion,Sobre el lado de la calle,Ninguna,Dia total,Nublado,No,NO APLICA,16,30,16,41,1,13/09/2022,1
26,Michigan,260612,0,0,2,0,149,ST JOSEPH (149),0,NO APLICA,8,Agosto,7,2022,14,46,CR-QUAKER ST,4,Calle del Condado,Rural,Local,County Highway Agency,0,Sin jurisdiccion especial,32,41.83081944,-85.71619167,Vehiculo en movimiento,Angulo,Four-Way Intersection,Interseccion de 4 direcciones,Sobre calle,Ninguna,Dia total,Despejado,No,NO APLICA,99,99,99,98,1,07/08/2022,6
26,Michigan,260613,0,0,2,0,145,SAGINAW (145),0,NO APLICA,9,Septiembre,8,2022,8,54,CR-MACKINAW RD,4,Calle del Condado,Rural,Colector Mayor,County Highway Agency,0,Sin jurisdiccion especial,68,43.50560278,-83.99382222,Vehiculo en movimiento,Golpe Lateral - misma direccion,Not an Intersection,No fue interseccion,Sobre calle,Ninguna,Dia total,Despejado,No,NO APLICA,99,99,99,99,1,08/09/2022,2
26,Michigan,260614,0,0,1,0,55,GRAND TRAVERSE (55),4880,TRAVERSE CITY,8,Agosto,6,2022,0,3,SR-72 GRANDVIEW PKWY,3,Highway estatal,Urbano,Arteria Menor,State Highway Agency,0,Sin jurisdiccion especial,0,44.77509444,-85.64163333,Banqueta,El primer evento no fue una colision con un vehiculo automotor en transporte,Not an Intersection,No fue interseccion,En el medio,Ninguna,Oscuro con iluminacion,Despejado,No,NO APLICA,0,3,0,5,1,06/08/2022,1
26,Michigan,260615,0,0,2,0,75,JACKSON (75),0,NO APLICA,9,Septiembre,1,2022,19,10,SR-99 EATON RAPIDS RD,3,Highway estatal,Rural,Arteria Menor,State Highway Agency,0,Sin jurisdiccion especial,44,42.32020556,-84.69884167,Vehiculo en movimiento,Angulo,Four-Way Intersection,Interseccion de 4 direcciones,Sobre calle,Ninguna,Dia total,Despejado,No,NO APLICA,99,99,99,99,1,01/09/2022,4
26,Michigan,260616,0,0,1,0,5,ALLEGAN (5),80,ALLEGAN,9,Septiembre,13,2022,20,55,ELY ST,6,Calle Local Municipalidad,Urbano,Colector Mayor,City or Municipal Highway Agency,0,Sin jurisdiccion especial,22,42.52259444,-85.86178889,Banqueta,El primer evento no fue una colision con un vehiculo automotor en transporte,Not an Intersection,No fue interseccion,Sobre el lado de la calle,Ninguna,Oscuro sin iluminacion,Despejado,No,NO APLICA,99,99,99,99,1,13/09/2022,1
26,Michigan,260618,1,1,1,0,163,WAYNE (163),1260,DETROIT,9,Septiembre,11,2022,20,10,EPWORTH ST,6,Calle Local Municipalidad,Urbano,Colector Mayor,City or Municipal Highway Agency,0,Sin jurisdiccion especial,2,42.34663056,-83.12590278,Ciclista,El primer evento no fue una colision con un vehiculo automotor en transporte,Not an Intersection,No fue interseccion,Sobre calle,Ninguna,Oscuro con iluminacion,Despejado,No,NO APLICA,99,99,99,99,1,11/09/2022,2
26,Michigan,260619,1,1,1,0,105,MASON (105),0,NO APLICA,7,Julio,27,2022,6,9,CR-SCOTTVILLE RD,4,Calle del Condado,Rural,Colector Mayor,County Highway Agency,0,Sin jurisdiccion especial,22,43.85100556,-86.27818056,Peaton,El primer evento no fue una colision con un vehiculo automotor en transporte,Not an Intersection,No fue interseccion,Sobre calle,Ninguna,Amanecer,Despejado,No,NO APLICA,99,98,99,98,1,27/07/2022,1
26,Michigan,260620,0,0,2,0,75,JACKSON (75),2500,JACKSON,8,Agosto,5,2022,6,45,SR-106,3,Highway estatal,Urbano,Arteria Principal,State Highway Agency,1,Sin jurisdiccion especial,13,42.26812778,-84.403875,Vehiculo en movimiento,Angulo,T-Intersection,Interseccion de T,Sobre calle,Ninguna,Dia total,Neblina o Humo,No,NO APLICA,99,99,99,99,1,05/08/2022,2
26,Michigan,260621,0,0,1,0,77,KALAMAZOO (77),2520,KALAMAZOO,9,Septiembre,17,2022,13,23,N WESTNEDGE AVE,6,Calle Local Municipalidad,Urbano,Arteria Principal,City or Municipal Highway Agency,1,Sin jurisdiccion especial,65,42.29904444,-85.58994722,Arbol,El primer evento no fue una colision con un vehiculo automotor en transporte,Not an Intersection,No fue interseccion,Sobre el lado de la calle,Ninguna,Dia total,Despejado,No,NO APLICA,99,99,99,99,1,17/09/2022,1
26,Michigan,260622,0,0,1,0,81,KENT (81),0,NO APLICA,9,Septiembre,3,2022,19,37,CR-13 MILE RD,4,Calle del Condado,Urbano,Local,County Highway Agency,0,Sin jurisdiccion especial,135,43.16104722,-85.52239722,Arbol,El primer evento no fue una colision con un vehiculo automotor en transporte,Not an Intersection,No fue interseccion,Sobre el lado de la calle,Ninguna,Dia total,lluvia,No,NO APLICA,19,37,19,37,1,03/09/2022,3
26,Michigan,260623,0,0,1,0,127,OCEANA (127),0,NO APLICA,9,Septiembre,21,2022,19,25,US-31,2,US Highway,Urbano,Arterial Principal -Freeway o ExpressWay,State Highway Agency,1,Sin jurisdiccion especial,3,43.47518333,-86.34247222,Valla Ferrocarril,El primer evento no fue una colision con un vehiculo automotor en transporte,Not an Intersection,No fue interseccion,Sobre el lado de la calle,Ninguna,Dia total,Nublado,No,NO APLICA,19,24,19,41,1,21/09/2022,1
26,Michigan,260624,0,0,2,0,105,MASON (105),0,NO APLICA,9,Septiembre,9,2022,20,27,CR-S MASTEN RD,4,Calle del Condado,Rural,Colector Mayor,County Highway Agency,0,Sin jurisdiccion especial,31,43.86051944,-86.05868056,Animal vivo,El primer evento no fue una colision con un vehiculo automotor en transporte,Not an Intersection,No fue interseccion,Sobre calle,Ninguna,Oscuro sin iluminacion,Despejado,No,NO APLICA,99,99,99,99,1,09/09/2022,5
26,Michigan,260625,0,0,2,0,125,OAKLAND (125),4567,SOUTHFIELD,1,Enero,1,2022,6,19,CR-SOUTHFIELD RD,4,Calle del Condado,Urbano,Arteria Principal,County Highway Agency,1,Sin jurisdiccion especial,15,42.50999167,-83.22300556,Vehiculo en movimiento,Angulo,Four-Way Intersection,Interseccion de 4 direcciones,Sobre calle,Ninguna,Oscuro sin iluminacion,Despejado,No,NO APLICA,99,99,99,99,1,01/01/2022,2
26,Michigan,260626,0,0,2,0,125,OAKLAND (125),5113,WATERFORD,8,Agosto,12,2022,15,13,SR-59 HIGHLAND RD,3,Highway estatal,Urbano,Arteria Principal,State Highway Agency,1,Sin jurisdiccion especial,138,42.65956111,-83.41964167,Vehiculo en movimiento,Angulo,Not an Intersection,No fue interseccion,Sobre calle,Ninguna,Dia total,Despejado,No,NO APLICA,15,14,15,18,1,12/08/2022,2
26,Michigan,260627,0,0,1,0,125,OAKLAND (125),4567,SOUTHFIELD,2,Febrero,13,2022,3,43,N NORTHWESTERN SD,6,Calle Local Municipalidad,Urbano,Colector Mayor,City or Municipal Highway Agency,0,Sin jurisdiccion especial,9,42.45157778,-83.210525,Banqueta,El primer evento no fue una colision con un vehiculo automotor en transporte,Not an Intersection,No fue interseccion,Sobre el lado de la calle,Ninguna,Oscuro con iluminacion,Despejado,No,NO APLICA,99,99,99,99,1,13/02/2022,1
26,Michigan,260628,0,0,1,0,99,MACOMB (99),0,NO APLICA,3,Marzo,30,2022,8,35,CR-27 MILE RD,4,Calle del Condado,Urbano,Local,County Highway Agency,0,Sin jurisdiccion especial,36,42.73468333,-82.77684722,Arbol,El primer evento no fue una colision con un vehiculo automotor en transporte,Not an Intersection,No fue interseccion,Sobre el lado de la calle,Ninguna,Dia total,Nublado,No,NO APLICA,99,99,99,99,1,30/03/2022,3
26,Michigan,260629,0,0,3,0,49,GENESEE (49),1730,FLINT,5,Mayo,8,2022,1,45,E PIERSON RD,6,Calle Local Municipalidad,Urbano,Arteria Principal,City or Municipal Highway Agency,1,Sin jurisdiccion especial,70,43.06129722,-83.68448056,Vehiculo en movimiento,Angulo,Four-Way Intersection,Interseccion de 4 direcciones,Sobre calle,Ninguna,Oscuro con iluminacion,Despejado,No,NO APLICA,1,48,1,50,1,08/05/2022,5
26,Michigan,260630,0,0,2,0,49,GENESEE (49),1730,FLINT,5,Mayo,8,2022,20,42,S AVERILL AVE,6,Calle Local Municipalidad,Urbano,Arteria Menor,City or Municipal Highway Agency,0,Sin jurisdiccion especial,7,43.01357222,-83.64309722,Vehiculo en movimiento,Frente a frente,Not an Intersection,No fue interseccion,Sobre calle,Ninguna,Oscuro con iluminacion,Despejado,No,NO APLICA,20,42,20,48,1,08/05/2022,3
26,Michigan,260631,0,0,2,0,77,KALAMAZOO (77),47,ALAMO,8,Agosto,14,2022,0,0,US-131,2,US Highway,Rural,Arterial Principal -Freeway o ExpressWay,State Highway Agency,1,Sin jurisdiccion especial,233,42.40153889,-85.65949444,Vehiculo en movimiento,Frente a Detrás,Not an Intersection,No fue interseccion,Sobre calle,Ninguna,Oscuro sin iluminacion,lluvia,No,NO APLICA,0,1,0,10,1,14/08/2022,3
26,Michigan,260632,0,0,1,0,101,MANISTEE (101),0,NO APLICA,6,Junio,26,2022,17,55,CR-FAYLOR RD,4,Calle del Condado,Rural,Colector Mayor,County Highway Agency,0,Sin jurisdiccion especial,20,44.48346667,-85.88562778,Buzon de correo,El primer evento no fue una colision con un vehiculo automotor en transporte,Not an Intersection,No fue interseccion,Sobre el lado de la calle,Ninguna,Dia total,Despejado,No,NO APLICA,17,58,18,11,1,26/06/2022,1
26,Michigan,260633,0,0,2,1,99,MACOMB (99),919,CHESTERFIELD TOWNSHIP,9,Septiembre,19,2022,9,15,SR-19 NEW HAVEN RD,3,Highway estatal,Urbano,Arteria Menor,State Highway Agency,0,Sin jurisdiccion especial,31,42.71032778,-82.77747222,Vehiculo Aparcado,El primer evento no fue una colision con un vehiculo automotor en transporte,Not an Intersection,No fue interseccion,Sobre el lado de la calle,Ninguna,Dia total,Despejado,No,NO APLICA,99,99,99,99,1,19/09/2022,1
26,Michigan,260634,0,0,3,0,81,KENT (81),0,NO APLICA,9,Septiembre,23,2022,16,9,CR-76TH ST SW,4,Calle del Condado,Urbano,Colector Mayor,County Highway Agency,0,Sin jurisdiccion especial,21,42.82678889,-85.74106944,Vehiculo en movimiento,Golpe Lateral - misma direccion,Not an Intersection,No fue interseccion,Sobre calle,Ninguna,Dia total,Nublado,No,NO APLICA,16,10,16,18,1,23/09/2022,3
26,Michigan,260635,0,0,2,0,147,ST. CLAIR (147),926,CHINA TOWNSHIP,8,Agosto,15,2022,15,55,CR-PUTTYGUT RD,4,Calle del Condado,Rural,Local,County Highway Agency,0,Sin jurisdiccion especial,62,42.78623333,-82.55318333,Vehiculo en movimiento,Angulo,Four-Way Intersection,Interseccion de 4 direcciones,Sobre calle,Ninguna,Dia total,Nublado,No,NO APLICA,15,57,17,21,1,15/08/2022,3
26,Michigan,260636,0,0,2,0,147,ST. CLAIR (147),0,NO APLICA,8,Agosto,16,2022,16,32,SR-29 DIXIE HWY,3,Highway estatal,Urbano,Arteria Menor,State Highway Agency,0,Sin jurisdiccion especial,22,42.68381389,-82.66684444,Buzon de correo,El primer evento no fue una colision con un vehiculo automotor en transporte,Not an Intersection,No fue interseccion,Sobre el lado de la calle,Ninguna,Dia total,Despejado,No,NO APLICA,16,32,16,40,1,16/08/2022,2
26,Michigan,260637,0,0,2,0,139,OTTAWA (139),2503,JAMESTOWN,8,Agosto,17,2022,12,30,CR-22ND AVE,4,Calle del Condado,Urbano,Colector Mayor,County Highway Agency,0,Sin jurisdiccion especial,11,42.85638333,-85.83639722,Vehiculo en movimiento,Angulo,Four-Way Intersection,Interseccion de 4 direcciones,Sobre calle,Ninguna,Dia total,Despejado,No,NO APLICA,12,32,12,46,1,17/08/2022,6
26,Michigan,260638,0,0,1,0,131,ONTONAGON (131),0,NO APLICA,9,Septiembre,22,2022,23,30,CR-NORWICH RD,4,Calle del Condado,Rural,Colector Mayor,County Highway Agency,0,Sin jurisdiccion especial,212,46.84756667,-89.34510278,Arbol,El primer evento no fue una colision con un vehiculo automotor en transporte,Not an Intersection,No fue interseccion,Sobre el lado de la calle,Ninguna,Oscuro sin iluminacion,Despejado,No,NO APLICA,99,99,99,99,1,22/09/2022,2
26,Michigan,260639,0,0,2,0,99,MACOMB (99),1009,CLINTON TOWNSHIP,9,Septiembre,25,2022,17,13,CR-CASS AVE,4,Calle del Condado,Urbano,Arteria Principal,County Highway Agency,1,Sin jurisdiccion especial,4,42.60931111,-82.92514722,Vehiculo en movimiento,Frente a frente,Not an Intersection,No fue interseccion,Sobre calle,Ninguna,Dia total,lluvia,No,NO APLICA,17,14,17,19,1,25/09/2022,2
26,Michigan,260640,0,0,1,0,163,WAYNE (163),1260,DETROIT,9,Septiembre,25,2022,16,47,BELVIDERE ST,6,Calle Local Municipalidad,Urbano,Local,City or Municipal Highway Agency,0,Sin jurisdiccion especial,6,42.36638056,-82.99123333,Arbol,El primer evento no fue una colision con un vehiculo automotor en transporte,Not an Intersection,No fue interseccion,Sobre el lado de la calle,Ninguna,Dia total,Despejado,No,NO APLICA,99,99,99,99,1,25/09/2022,1
26,Michigan,260641,0,0,2,0,163,WAYNE (163),4815,TAYLOR,9,Septiembre,11,2022,15,59,CR-EUREKA RD,4,Calle del Condado,Urbano,Arteria Principal,County Highway Agency,1,Sin jurisdiccion especial,76,42.19782778,-83.25805556,Vehiculo en movimiento,Angulo,Four-Way Intersection,Interseccion de 4 direcciones,Sobre calle,Ninguna,Dia total,Despejado,No,NO APLICA,99,99,99,99,1,11/09/2022,2
26,Michigan,260642,0,0,2,0,163,WAYNE (163),1260,DETROIT,8,Agosto,16,2022,7,4,CHALMERS ST,6,Calle Local Municipalidad,Urbano,Arteria Menor,City or Municipal Highway Agency,0,Sin jurisdiccion especial,34,42.41844444,-82.97333889,Vehiculo en movimiento,Angulo,Four-Way Intersection,Interseccion de 4 direcciones,Sobre calle,Ninguna,Amanecer,Despejado,No,NO APLICA,99,99,99,99,1,16/08/2022,2
26,Michigan,260643,0,0,1,0,163,WAYNE (163),1260,DETROIT,8,Agosto,22,2022,5,29,CADET ST,6,Calle Local Municipalidad,Urbano,Local,City or Municipal Highway Agency,0,Sin jurisdiccion especial,2,42.31324167,-83.110125,Edificio,El primer evento no fue una colision con un vehiculo automotor en transporte,Not an Intersection,No fue interseccion,Fuera de la calle,Ninguna,Oscuro con iluminacion,Despejado,No,NO APLICA,99,99,99,99,1,22/08/2022,2
26,Michigan,260644,0,0,1,0,65,INGHAM (65),0,NO APLICA,9,Septiembre,30,2022,14,34,CR-DAKIN RD,4,Calle del Condado,Rural,Local,County Highway Agency,0,Sin jurisdiccion especial,3,42.54146667,-84.31955556,Arbol,El primer evento no fue una colision con un vehiculo automotor en transporte,Not an Intersection,No fue interseccion,Sobre el lado de la calle,Ninguna,Dia total,Despejado,No,NO APLICA,14,35,14,41,1,30/09/2022,1
26,Michigan,260645,0,0,1,0,147,ST. CLAIR (147),4060,PORT HURON,8,Agosto,27,2022,14,27,13TH ST,6,Calle Local Municipalidad,Urbano,Colector Mayor,City or Municipal Highway Agency,0,Sin jurisdiccion especial,11,42.978725,-82.43826667,Banqueta,El primer evento no fue una colision con un vehiculo automotor en transporte,Not an Intersection,No fue interseccion,Sobre el lado de la calle,Ninguna,Dia total,Despejado,No,NO APLICA,99,98,99,98,1,27/08/2022,1
26,Michigan,260646,0,0,2,0,163,WAYNE (163),1260,DETROIT,9,Septiembre,29,2022,18,3,CR-7 MILE RD,4,Calle del Condado,Urbano,Arteria Principal,County Highway Agency,1,Sin jurisdiccion especial,141,42.43138056,-83.15768056,Vehiculo en movimiento,Frente a frente,Four-Way Intersection,Interseccion de 4 direcciones,Sobre calle,Ninguna,Dia total,Despejado,No,NO APLICA,99,99,99,99,1,29/09/2022,2
26,Michigan,260647,0,0,2,0,45,EATON (45),0,NO APLICA,8,Agosto,19,2022,14,5,CR-SAGINAW HWY,4,Calle del Condado,Urbano,Local,City or Municipal Highway Agency,0,Sin jurisdiccion especial,111,42.74098889,-84.77511667,Vehiculo en movimiento,Frente a Detrás,Not an Intersection,No fue interseccion,Sobre calle,Ninguna,Dia total,Despejado,No,NO APLICA,14,5,14,11,1,19/08/2022,2
26,Michigan,260648,0,0,1,0,55,GRAND TRAVERSE (55),0,NO APLICA,8,Agosto,21,2022,20,45,CR-LONG LAKE RD,4,Calle del Condado,Urbano,Arteria Menor,County Highway Agency,0,Sin jurisdiccion especial,106,44.75159444,-85.67069722,Poste o otros soportes,El primer evento no fue una colision con un vehiculo automotor en transporte,Not an Intersection,No fue interseccion,Sobre el lado de la calle,Ninguna,Atardecer,Despejado,No,NO APLICA,99,99,99,99,1,21/08/2022,1
26,Michigan,260649,1,1,1,0,147,ST. CLAIR (147),0,NO APLICA,8,Agosto,30,2022,22,48,CR-DOVE RD,4,Calle del Condado,Urbano,Arteria Menor,County Highway Agency,0,Sin jurisdiccion especial,15,42.95160278,-82.47107778,Peaton,El primer evento no fue una colision con un vehiculo automotor en transporte,Not an Intersection,No fue interseccion,Sobre calle,Ninguna,Oscuro sin iluminacion,Despejado,No,NO APLICA,22,50,22,56,1,30/08/2022,1
26,Michigan,260650,0,0,1,0,99,MACOMB (99),5110,WARREN,8,Agosto,22,2022,3,45,SR-102 8 MILE RD,3,Highway estatal,Urbano,Arteria Principal,State Highway Agency,1,Sin jurisdiccion especial,41,42.449375,-83.002375,Poste,El primer evento no fue una colision con un vehiculo automotor en transporte,Four-Way Intersection,Interseccion de 4 direcciones,En el medio,Ninguna,Oscuro con iluminacion,Despejado,No,NO APLICA,99,98,99,98,1,22/08/2022,1
26,Michigan,260651,0,0,2,0,163,WAYNE (163),1720,FLAT ROCK,8,Agosto,10,2022,12,13,SR-24 TELEGRAPH RD,3,Highway estatal,Urbano,Arteria Principal,State Highway Agency,1,Sin jurisdiccion especial,10,42.10819167,-83.28603056,Vehiculo en movimiento,Angulo,Not an Intersection,No fue interseccion,Sobre calle,Ninguna,Dia total,Despejado,No,NO APLICA,12,16,12,19,1,10/08/2022,3
26,Michigan,260652,1,1,1,0,163,WAYNE (163),4166,REDFORD TOWNSHIP,8,Agosto,15,2022,22,42,US-24 TELEGRAPH RD,2,US Highway,Urbano,Arteria Principal,State Highway Agency,1,Sin jurisdiccion especial,214,42.40021667,-83.27643333,Ciclista,El primer evento no fue una colision con un vehiculo automotor en transporte,Four-Way Intersection,Interseccion de 4 direcciones,Sobre calle,Ninguna,Oscuro con iluminacion,Despejado,No,NO APLICA,22,42,22,48,1,15/08/2022,1
26,Michigan,260653,0,0,1,0,83,KEWEENAW (83),97,ALLOUEZ,8,Agosto,2,2022,16,15,CR-MOHAWK GAY RD,4,Calle del Condado,Rural,Colector Mayor,County Highway Agency,0,Sin jurisdiccion especial,1,47.28727222,-88.32095833,Volcadura,El primer evento no fue una colision con un vehiculo automotor en transporte,Not an Intersection,No fue interseccion,Sobre el lado de la calle,Ninguna,Dia total,Despejado,No,NO APLICA,99,98,99,98,1,02/08/2022,1
26,Michigan,260654,0,0,1,0,93,LIVINGSTON (93),2211,HARTLAND,8,Agosto,20,2022,1,47,CR-OLD US 23,4,Calle del Condado,Urbano,Arteria Menor,County Highway Agency,0,Sin jurisdiccion especial,138,42.62168333,-83.75179444,Otro objeto (fijo),El primer evento no fue una colision con un vehiculo automotor en transporte,Not an Intersection,No fue interseccion,Sobre el lado de la calle,Ninguna,Oscuro sin iluminacion,Despejado,No,NO APLICA,99,99,99,99,1,20/08/2022,1
26,Michigan,260655,0,0,1,0,131,ONTONAGON (131),2059,GREENLAND,8,Agosto,26,2022,3,44,SR-38,3,Highway estatal,Rural,Arteria Menor,State Highway Agency,0,Sin jurisdiccion especial,20,46.77029444,-89.010975,Arbol,El primer evento no fue una colision con un vehiculo automotor en transporte,Not an Intersection,No fue interseccion,Sobre el lado de la calle,Ninguna,Oscuro sin iluminacion,Neblina o Humo,No,NO APLICA,99,99,99,99,1,26/08/2022,1
26,Michigan,260656,0,0,2,0,125,OAKLAND (125),512,BLOOMFIELD VILLAGE,8,Agosto,9,2022,14,49,US-25 S TELEGRAPH RD,2,US Highway,Urbano,Arteria Principal,State Highway Agency,1,Sin jurisdiccion especial,47,42.60989722,-83.30226667,Vehiculo en movimiento,Angulo,Four-Way Intersection,Interseccion de 4 direcciones,Sobre calle,Ninguna,Dia total,Despejado,No,NO APLICA,14,50,14,54,1,09/08/2022,3
26,Michigan,260657,1,1,1,0,5,ALLEGAN (5),0,NO APLICA,8,Agosto,12,2022,8,0,CR-102ND AVE,4,Calle del Condado,Rural,Colector Mayor,County Highway Agency,0,Sin jurisdiccion especial,14,42.43344167,-86.10198611,Ciclista,El primer evento no fue una colision con un vehiculo automotor en transporte,Not an Intersection,No fue interseccion,Sobre calle,Ninguna,Dia total,Despejado,No,NO APLICA,99,99,99,99,1,12/08/2022,1
26,Michigan,260658,1,1,1,0,77,KALAMAZOO (77),2520,KALAMAZOO,8,Agosto,27,2022,2,47,MICHIGAN AVE,6,Calle Local Municipalidad,Urbano,Arteria Menor,City or Municipal Highway Agency,0,Sin jurisdiccion especial,12,42.28129722,-85.62271389,Peaton,El primer evento no fue una colision con un vehiculo automotor en transporte,Not an Intersection,No fue interseccion,Sobre calle,Ninguna,Oscuro con iluminacion,Despejado,No,NO APLICA,99,99,99,99,1,27/08/2022,1
26,Michigan,260659,0,0,2,0,125,OAKLAND (125),4340,ROYAL OAK,9,Septiembre,4,2022,22,55,I-75 RAMP 019G,1,Interestatal,Urbano,Interestatal,State Highway Agency,1,Sin jurisdiccion especial,0,42.47592222,-83.11725556,Vehiculo en movimiento,Frente a Detrás,Not an Intersection,No fue interseccion,Sobre calle,"Zona de trabajo, tipo desconocido",Oscuro sin iluminacion,Despejado,No,NO APLICA,99,99,99,99,1,04/09/2022,2
26,Michigan,260660,0,0,1,0,81,KENT (81),2010,GRAND RAPIDS,9,Septiembre,3,2022,3,42,SR-11 28TH ST SE,3,Highway estatal,Urbano,Arteria Principal,State Highway Agency,1,Sin jurisdiccion especial,131,42.91284444,-85.64075,Hidrante,El primer evento no fue una colision con un vehiculo automotor en transporte,Not an Intersection,No fue interseccion,Sobre el lado de la calle,Ninguna,Oscuro con iluminacion,Despejado,No,NO APLICA,3,42,3,52,1,03/09/2022,1
26,Michigan,260661,0,0,2,0,107,MECOSTA (107),0,NO APLICA,9,Septiembre,12,2022,20,55,US-131,2,US Highway,Rural,Arterial Principal -Freeway o ExpressWay,State Highway Agency,1,Sin jurisdiccion especial,23,43.50039167,-85.48674167,Vehiculo en movimiento,Frente a Detrás,Not an Intersection,No fue interseccion,Sobre calle,Ninguna,Oscuro sin iluminacion,Despejado,No,NO APLICA,20,58,21,1,1,12/09/2022,2
26,Michigan,260662,0,0,1,0,21,BERRIEN (21),0,NO APLICA,8,Agosto,9,2022,6,15,SR-140 WATERVLIET RD,3,Highway estatal,Rural,Colector Mayor,State Highway Agency,0,Sin jurisdiccion especial,10,41.99922222,-86.26156389,Volcadura,El primer evento no fue una colision con un vehiculo automotor en transporte,Four-Way Intersection,Interseccion de 4 direcciones,Sobre el lado de la calle,Ninguna,Amanecer,Neblina o Humo,No,NO APLICA,6,17,6,30,1,09/08/2022,1
26,Michigan,260663,0,0,2,0,163,WAYNE (163),1260,DETROIT,8,Agosto,7,2022,2,15,I-94,1,Interestatal,Urbano,Interestatal,State Highway Agency,1,Sin jurisdiccion especial,262,42.35125556,-83.09610833,Vehiculo en movimiento,Frente a Detrás,Not an Intersection,No fue interseccion,Sobre calle,"Zona de trabajo, tipo desconocido",Oscuro con iluminacion,Despejado,No,NO APLICA,99,99,2,36,1,07/08/2022,2