Estado,Nombre de Estado,Numero de Caso,Peatones,Personas _no_vehiculos,Vehiculos automotores,Vehiculos estacionados,Condado,Nombre Condado,Ciudad,Nombre Ciudad,Mes,Nombre Mes,Dia,Año,Hora,Minuto,Calle,Ruta,Nombre Ruta,Rural o Urbanoo,Sistema Funcional,Dueño Calle,Sistema Nacional Carreteras,Jurisdiccion Especial,Milla,Latitud,Longitud,Causa del Accidente,Tipo de Accidente,Tipo Interseccion,Columna1,Lugar en la calle,Zona de Trabajo,Luz,Clima,Autobus Escolar,Cruce de Trenes,Hora Notificacion,Minuto Notificacion,Hora Llegada,Minuto Llegada,Decesos,Fecha,PersonaVehiculo
26,Michigan,260664,0,0,1,0,115,MONROE (115),2723,LA SALLE,9,Septiembre,14,2022,21,46,CR-MILAN-OAKVILLE RD,4,Calle del Condado,Rural,Arteria Menor,County Highway Agency,0,Sin jurisdiccion especial,3,42.07956944,-83.57493056,Zanja,El primer evento no fue una colision con un vehiculo automotor en transporte,Not an Intersection,No fue interseccion,Sobre el lado de la calle,Ninguna,Oscuro sin iluminacion,Despejado,No,NO APLICA,23,42,23,55,1,14/09/2022,1
26,Michigan,260665,1,1,1,0,5,ALLEGAN (5),0,NO APLICA,8,Agosto,10,2022,10,0,CR-MARSH RD,4,Calle del Condado,Rural,Colector Mayor,County Highway Agency,0,Sin jurisdiccion especial,78,42.47153333,-85.58888056,Peaton,El primer evento no fue una colision con un vehiculo automotor en transporte,Not an Intersection,No fue interseccion,Sobre calle,Ninguna,Dia total,Nublado,No,NO APLICA,99,99,99,99,1,10/08/2022,2
26,Michigan,260666,0,0,1,0,163,WAYNE (163),1260,DETROIT,8,Agosto,17,2022,21,59,I-96 LOCAL,1,Interestatal,Urbano,Interestatal,State Highway Agency,1,Sin jurisdiccion especial,7,42.38109444,-83.23732222,Volcadura,El primer evento no fue una colision con un vehiculo automotor en transporte,Not an Intersection,No fue interseccion,En el medio,Ninguna,Oscuro con iluminacion,Despejado,No,NO APLICA,22,0,22,5,1,17/08/2022,1
26,Michigan,260667,0,0,2,0,159,VAN BUREN (159),0,NO APLICA,8,Agosto,5,2022,5,10,CR-681,4,Calle del Condado,Rural,Colector Mayor,County Highway Agency,0,Sin jurisdiccion especial,21,42.11948889,-86.10808333,Vehiculo en movimiento,Angulo,Four-Way Intersection,Interseccion de 4 direcciones,Sobre calle,Ninguna,Oscuro sin iluminacion,Neblina o Humo,No,NO APLICA,99,99,5,35,1,05/08/2022,4
26,Michigan,260668,0,0,1,0,161,WASHTENAW (161),0,NO APLICA,8,Agosto,12,2022,23,35,I-94,1,Interestatal,Urbano,Interestatal,State Highway Agency,1,Sin jurisdiccion especial,156,42.28947222,-83.83114722,Arbol,El primer evento no fue una colision con un vehiculo automotor en transporte,Not an Intersection,No fue interseccion,Sobre el lado de la calle,Ninguna,Oscuro sin iluminacion,Despejado,No,NO APLICA,99,99,99,99,1,12/08/2022,1
26,Michigan,260669,0,0,2,0,135,OSCODA (135),0,NO APLICA,9,Septiembre,20,2022,19,26,CR-HELMER LAKE RD,4,Calle del Condado,Rural,Local,County Highway Agency,0,Sin jurisdiccion especial,12,44.739425,-84.08630278,Vehiculo en movimiento,Golpe Lateral - misma direccion,T-Intersection,Interseccion de T,Sobre calle,Ninguna,Dia total,Despejado,No,NO APLICA,19,28,19,37,1,20/09/2022,2
26,Michigan,260670,0,0,1,0,35,CLARE (35),0,NO APLICA,9,Septiembre,22,2022,18,27,CR-E TOWNLINE LAKE RD,4,Calle del Condado,Rural,Colector Mayor,County Highway Agency,0,Sin jurisdiccion especial,43,44.03178611,-84.76355,Buzon de correo,El primer evento no fue una colision con un vehiculo automotor en transporte,Not an Intersection,No fue interseccion,Sobre el lado de la calle,Ninguna,Dia total,Despejado,No,NO APLICA,18,31,18,36,1,22/09/2022,1
26,Michigan,260671,0,0,2,0,125,OAKLAND (125),4251,ROCHESTER HILLS,9,Septiembre,20,2022,11,17,CR-W AVON RD,4,Calle del Condado,Urbano,Arteria Menor,County Highway Agency,0,Sin jurisdiccion especial,0,42.66542778,-83.19257778,Vehiculo en movimiento,Angulo,T-Intersection,Interseccion de T,Sobre calle,Ninguna,Dia total,Despejado,No,NO APLICA,11,19,11,24,1,20/09/2022,4
26,Michigan,260672,0,0,2,0,77,KALAMAZOO (77),4030,PORTAGE,8,Agosto,19,2022,17,37,I-94,1,Interestatal,Urbano,Interestatal,State Highway Agency,1,Sin jurisdiccion especial,77,42.23776944,-85.62085556,Vehiculo en movimiento,Frente a Detrás,Not an Intersection,No fue interseccion,Sobre calle,Ninguna,Dia total,Despejado,No,NO APLICA,17,39,17,40,1,19/08/2022,5
26,Michigan,260673,1,1,1,0,159,VAN BUREN (159),1960,GOBLES,8,Agosto,30,2022,19,40,MILL LAKE RD,6,Calle Local Municipalidad,Rural,Local,City or Municipal Highway Agency,0,Sin jurisdiccion especial,14,42.36818333,-85.87995556,Peaton,El primer evento no fue una colision con un vehiculo automotor en transporte,Not an Intersection,No fue interseccion,Sobre calle,Ninguna,Dia total,Despejado,No,NO APLICA,99,99,99,99,1,30/08/2022,2
26,Michigan,260674,1,1,1,0,9,ANTRIM (9),0,NO APLICA,8,Agosto,19,2022,23,3,SR-88,3,Highway estatal,Rural,Arteria Menor,State Highway Agency,0,Sin jurisdiccion especial,71,44.92451944,-85.18528889,Peaton,El primer evento no fue una colision con un vehiculo automotor en transporte,Not an Intersection,No fue interseccion,Sobre calle,Ninguna,Oscuro con iluminacion,Despejado,No,NO APLICA,99,99,99,99,1,19/08/2022,1
26,Michigan,260675,0,0,3,0,117,MONTCALM (117),2680,LAKEVIEW,8,Agosto,15,2022,15,7,SR-46 HOWARD CITY-EDMORE RD,3,Highway estatal,Rural,Arteria Principal,State Highway Agency,1,Sin jurisdiccion especial,107,43.43155278,-85.26656111,Vehiculo en movimiento,Frente a Detrás,Not an Intersection,No fue interseccion,Sobre calle,Ninguna,Dia total,Despejado,No,NO APLICA,15,9,15,17,1,15/08/2022,4
26,Michigan,260676,1,1,1,0,125,OAKLAND (125),512,BLOOMFIELD VILLAGE,1,Enero,30,2022,13,22,NONE,8,Otro,Trafficway Not in State Inventory,Via no en inventario estatal,Trafficway Not in State Inventory,0,Sin jurisdiccion especial,70,42.54366667,-83.28638889,Peaton,El primer evento no fue una colision con un vehiculo automotor en transporte,Not an Intersection,No fue interseccion,Fuera de la calle,Ninguna,Dia total,Despejado,No,NO APLICA,99,99,99,99,1,30/01/2022,1
26,Michigan,260677,0,0,2,0,163,WAYNE (163),1260,DETROIT,8,Agosto,14,2022,1,50,FRENCH RD,6,Calle Local Municipalidad,Urbano,Colector Mayor,City or Municipal Highway Agency,0,Sin jurisdiccion especial,10,42.38961111,-82.99389444,Vehiculo en movimiento,Frente a Detrás,Not an Intersection,No fue interseccion,Sobre calle,Ninguna,Oscuro con iluminacion,Despejado,No,NO APLICA,99,99,99,99,1,14/08/2022,2
26,Michigan,260678,0,0,1,0,125,OAKLAND (125),4251,ROCHESTER HILLS,9,Septiembre,20,2022,0,25,CR-N ADAMS RD,4,Calle del Condado,Urbano,Arteria Menor,County Highway Agency,0,Sin jurisdiccion especial,112,42.69051389,-83.19437222,Culvert,El primer evento no fue una colision con un vehiculo automotor en transporte,Not an Intersection,No fue interseccion,Sobre el lado de la calle,Ninguna,Oscuro sin iluminacion,Nublado,No,NO APLICA,0,28,0,36,1,20/09/2022,1
26,Michigan,260679,0,0,1,0,137,OTSEGO (137),0,NO APLICA,9,Septiembre,29,2022,20,44,CR-ALBA RD,4,Calle del Condado,Rural,Arteria Menor,County Highway Agency,0,Sin jurisdiccion especial,2,45.02960556,-84.84636389,Volcadura,El primer evento no fue una colision con un vehiculo automotor en transporte,Not an Intersection,No fue interseccion,Sobre el lado de la calle,Ninguna,Oscuro sin iluminacion,Despejado,No,NO APLICA,20,44,20,50,1,29/09/2022,1
26,Michigan,260680,0,0,2,0,81,KENT (81),2010,GRAND RAPIDS,9,Septiembre,30,2022,20,5,SR-44 E BELTLINE AVE NE,3,Highway estatal,Urbano,Arteria Principal,State Highway Agency,1,Sin jurisdiccion especial,145,43.00216944,-85.59016667,Vehiculo en movimiento,Frente a Detrás,Not an Intersection,No fue interseccion,Sobre calle,Ninguna,Atardecer,Nublado,No,NO APLICA,20,7,20,16,1,30/09/2022,2
26,Michigan,260681,1,1,1,0,81,KENT (81),5319,WYOMING,9,Septiembre,17,2022,0,29,SR-11 28TH ST SW,3,Highway estatal,Urbano,Arteria Principal,State Highway Agency,1,Sin jurisdiccion especial,117,42.91315556,-85.66708889,Peaton,El primer evento no fue una colision con un vehiculo automotor en transporte,Not an Intersection,No fue interseccion,Sobre calle,Ninguna,Oscuro con iluminacion,Despejado,No,NO APLICA,0,30,0,34,1,17/09/2022,1
26,Michigan,260682,1,1,1,0,159,VAN BUREN (159),3850,PAW PAW,9,Septiembre,29,2022,5,47,I-94,1,Interestatal,Urbano,Interestatal,State Highway Agency,1,Sin jurisdiccion especial,176,42.20640833,-85.88791389,Peaton,El primer evento no fue una colision con un vehiculo automotor en transporte,Not an Intersection,No fue interseccion,Sobre calle,Ninguna,Oscuro sin iluminacion,Despejado,No,NO APLICA,99,99,99,99,1,29/09/2022,1
26,Michigan,260683,0,0,1,0,163,WAYNE (163),1260,DETROIT,9,Septiembre,25,2022,18,30,I-96,1,Interestatal,Urbano,Interestatal,State Highway Agency,1,Sin jurisdiccion especial,15,42.36530556,-83.13283611,Muro,El primer evento no fue una colision con un vehiculo automotor en transporte,Not an Intersection,No fue interseccion,Sobre el lado de la calle,Ninguna,Dia total,Despejado,No,NO APLICA,99,99,99,99,2,25/09/2022,2
26,Michigan,260684,0,0,3,0,145,SAGINAW (145),0,NO APLICA,9,Septiembre,29,2022,9,32,SR-83 N GERA RD,3,Highway estatal,Rural,Arteria Menor,State Highway Agency,0,Sin jurisdiccion especial,146,43.43050278,-83.73799444,Vehiculo en movimiento,Frente a Detrás,Four-Way Intersection,Interseccion de 4 direcciones,Sobre calle,Ninguna,Dia total,Despejado,No,NO APLICA,99,99,99,99,1,29/09/2022,3
26,Michigan,260685,0,0,2,0,149,ST JOSEPH (149),0,NO APLICA,9,Septiembre,9,2022,22,16,US-31,2,US Highway,Rural,Arteria Principal,State Highway Agency,1,Sin jurisdiccion especial,22,41.84550278,-85.67869444,Vehiculo en movimiento,Angulo,Four-Way Intersection,Interseccion de 4 direcciones,Sobre calle,Ninguna,Oscuro sin iluminacion,Despejado,No,NO APLICA,99,99,99,99,1,09/09/2022,2
26,Michigan,260686,0,0,1,0,161,WASHTENAW (161),0,NO APLICA,9,Septiembre,24,2022,6,0,CR-PLEASANT LAKE RD,4,Calle del Condado,Rural,Colector Mayor,County Highway Agency,0,Sin jurisdiccion especial,58,42.20525833,-83.98594722,Arbol,El primer evento no fue una colision con un vehiculo automotor en transporte,Not an Intersection,No fue interseccion,Sobre el lado de la calle,Ninguna,Oscuro sin iluminacion,lluvia,No,NO APLICA,99,99,99,99,1,24/09/2022,1
26,Michigan,260687,0,0,3,0,147,ST. CLAIR (147),0,NO APLICA,9,Septiembre,29,2022,20,49,SR-136,3,Highway estatal,Rural,Arteria Menor,State Highway Agency,0,Sin jurisdiccion especial,97,43.05206389,-82.57623333,Vehiculo en movimiento,Angulo,T-Intersection,Interseccion de T,Sobre calle,Ninguna,Oscuro sin iluminacion,Despejado,No,NO APLICA,20,50,20,56,1,29/09/2022,6
26,Michigan,260688,0,0,3,0,163,WAYNE (163),0,NO APLICA,9,Septiembre,30,2022,9,23,CR-W ECORSE RD,4,Calle del Condado,Urbano,Arteria Menor,County Highway Agency,0,Sin jurisdiccion especial,31,42.2484,-83.48632778,Vehiculo en movimiento,Angulo,Four-Way Intersection,Interseccion de 4 direcciones,Sobre calle,Ninguna,Dia total,Nublado,No,NO APLICA,99,99,99,99,1,30/09/2022,3
26,Michigan,260689,0,0,2,0,151,SANILAC (151),0,NO APLICA,7,Julio,1,2022,17,55,SR-25 LAKESHRE RD,3,Highway estatal,Urbano,Arteria Principal,State Highway Agency,1,Sin jurisdiccion especial,20,43.19736667,-82.51605,Vehiculo en movimiento,Angulo,Four-Way Intersection,Interseccion de 4 direcciones,Sobre calle,Ninguna,Dia total,Nublado,No,NO APLICA,18,0,18,14,1,01/07/2022,3
26,Michigan,260690,0,0,1,0,17,BAY (17),0,NO APLICA,7,Julio,15,2022,15,44,CR-2 MILE RD,4,Calle del Condado,Urbano,Arteria Menor,County Highway Agency,0,Sin jurisdiccion especial,18,43.62435556,-83.93155,Poste,El primer evento no fue una colision con un vehiculo automotor en transporte,Not an Intersection,No fue interseccion,Sobre el lado de la calle,Ninguna,Dia total,Despejado,No,NO APLICA,15,47,15,51,1,15/07/2022,1
26,Michigan,260691,1,1,1,0,163,WAYNE (163),1260,DETROIT,8,Agosto,3,2022,20,40,MORANG ST,6,Calle Local Municipalidad,Urbano,Arteria Menor,City or Municipal Highway Agency,0,Sin jurisdiccion especial,7,42.42388056,-82.94455,Peaton,El primer evento no fue una colision con un vehiculo automotor en transporte,T-Intersection,Interseccion de T,Sobre calle,Ninguna,Oscuro con iluminacion,lluvia,No,NO APLICA,99,99,99,99,1,03/08/2022,3
26,Michigan,260692,0,0,1,0,77,KALAMAZOO (77),2520,KALAMAZOO,8,Agosto,29,2022,18,39,CORK ST,6,Calle Local Municipalidad,Urbano,Arteria Menor,City or Municipal Highway Agency,0,Sin jurisdiccion especial,20,42.25947222,-85.55085556,Poste,El primer evento no fue una colision con un vehiculo automotor en transporte,Not an Intersection,No fue interseccion,Sobre el lado de la calle,Ninguna,Dia total,Despejado,No,NO APLICA,99,99,99,99,1,29/08/2022,3
26,Michigan,260693,0,0,1,0,123,NEWAYGO (123),0,NO APLICA,8,Agosto,29,2022,12,36,SR-20 BASELINE RD,3,Highway estatal,Rural,Arteria Menor,State Highway Agency,0,Sin jurisdiccion especial,53,43.554825,-85.69892222,Arbol,El primer evento no fue una colision con un vehiculo automotor en transporte,Not an Intersection,No fue interseccion,Sobre el lado de la calle,Ninguna,Dia total,Despejado,No,NO APLICA,99,99,99,99,1,29/08/2022,1
26,Michigan,260694,1,1,1,0,163,WAYNE (163),4975,VAN BOWEN,9,Septiembre,30,2022,6,55,CR-ECORSE RD,4,Calle del Condado,Rural,Arteria Menor,County Highway Agency,0,Sin jurisdiccion especial,31,42.24820556,-83.48611111,Ciclista,El primer evento no fue una colision con un vehiculo automotor en transporte,Not an Intersection,No fue interseccion,Sobre calle,Ninguna,Oscuro sin iluminacion,Nublado,No,NO APLICA,99,99,99,99,1,30/09/2022,1
26,Michigan,260695,0,0,1,0,63,HURON (63),0,NO APLICA,9,Septiembre,4,2022,6,48,SR-53 VAN  DYKE RD,3,Highway estatal,Rural,Arteria Menor,State Highway Agency,0,Sin jurisdiccion especial,240,44.023725,-82.99535833,Animal vivo,El primer evento no fue una colision con un vehiculo automotor en transporte,Not an Intersection,No fue interseccion,Sobre calle,Ninguna,Amanecer,Reportado como desconocido,No,NO APLICA,6,50,6,56,1,04/09/2022,1
26,Michigan,260696,0,0,1,0,125,OAKLAND (125),4020,PONTIAC,9,Septiembre,4,2022,1,45,SR-75 WOODWARD AVE,3,Highway estatal,Urbano,Arteria Principal,State Highway Agency,1,Sin jurisdiccion especial,8,42.62966389,-83.28881667,Volcadura,El primer evento no fue una colision con un vehiculo automotor en transporte,Not an Intersection,No fue interseccion,Sobre el lado de la calle,Ninguna,Oscuro con iluminacion,Otro,No,NO APLICA,1,53,1,56,1,04/09/2022,2
26,Michigan,260697,0,0,2,1,99,MACOMB (99),850,CENTER LINE,9,Septiembre,4,2022,22,1,KALTZ AVE,6,Calle Local Municipalidad,Urbano,Local,City or Municipal Highway Agency,0,Sin jurisdiccion especial,3,42.47404167,-83.02058056,Arbol,El primer evento no fue una colision con un vehiculo automotor en transporte,Not an Intersection,No fue interseccion,Sobre el lado de la calle,Ninguna,Oscuro con iluminacion,Nublado,No,NO APLICA,22,5,22,10,1,04/09/2022,1
26,Michigan,260698,1,1,1,0,147,ST. CLAIR (147),1758,FORT GRATIOT,9,Septiembre,10,2022,21,54,SR-25 24TH ST,3,Highway estatal,Urbano,Arteria Principal,State Highway Agency,1,Sin jurisdiccion especial,5,43.02882778,-82.45611111,Peaton,El primer evento no fue una colision con un vehiculo automotor en transporte,Four-Way Intersection,Interseccion de 4 direcciones,Sobre calle,Ninguna,Oscuro con iluminacion,Despejado,No,NO APLICA,21,56,22,3,1,10/09/2022,1
26,Michigan,260699,1,1,1,0,125,OAKLAND (125),0,NO APLICA,9,Septiembre,7,2022,11,14,CR-KIER RD,4,Calle del Condado,Rural,Local,County Highway Agency,0,Sin jurisdiccion especial,18,42.78926667,-83.45333889,Peaton,El primer evento no fue una colision con un vehiculo automotor en transporte,Not an Intersection,No fue interseccion,Sobre calle,Ninguna,Dia total,Despejado,No,NO APLICA,11,16,11,21,1,07/09/2022,1
26,Michigan,260700,1,1,1,0,163,WAYNE (163),1260,DETROIT,9,Septiembre,5,2022,1,0,I-94,1,Interestatal,Urbano,Interestatal,State Highway Agency,1,Sin jurisdiccion especial,318,42.39186111,-83.00415,Peaton,El primer evento no fue una colision con un vehiculo automotor en transporte,Not an Intersection,No fue interseccion,Sobre calle,Ninguna,Oscuro con iluminacion,Despejado,No,NO APLICA,99,99,99,99,1,05/09/2022,1
26,Michigan,260701,0,0,3,0,47,EMMET (47),3930,PETOSKEY,8,Agosto,14,2022,13,12,US-31 CHARLEVOIX RD,2,US Highway,Urbano,Arteria Principal,State Highway Agency,1,Sin jurisdiccion especial,35,45.36066667,-85.02289167,Vehiculo en movimiento,Frente a frente,Not an Intersection,No fue interseccion,Sobre calle,Ninguna,Dia total,Despejado,No,NO APLICA,13,14,13,17,1,14/08/2022,5
26,Michigan,260702,0,0,1,0,127,OCEANA (127),0,NO APLICA,9,Septiembre,7,2022,9,30,CR-LEVER RD,4,Calle del Condado,Rural,Local,City or Municipal Highway Agency,0,Sin jurisdiccion especial,27,43.723825,-86.32304167,Alguien se cayo/avento del vehiculo,El primer evento no fue una colision con un vehiculo automotor en transporte,Not an Intersection,No fue interseccion,Sobre calle,Ninguna,Dia total,Despejado,No,NO APLICA,99,98,99,98,1,07/09/2022,7
26,Michigan,260703,0,0,2,0,125,OAKLAND (125),4567,SOUTHFIELD,8,Agosto,28,2022,2,35,US-24 N TELEGRAPH RD,2,US Highway,Urbano,Arteria Principal,State Highway Agency,1,Sin jurisdiccion especial,46,42.50784167,-83.28525833,Vehiculo en movimiento,Angulo,T-Intersection,Interseccion de T,Sobre calle,Ninguna,Oscuro sin iluminacion,Despejado,No,NO APLICA,99,99,99,99,1,28/08/2022,2
26,Michigan,260704,0,0,2,0,49,GENESEE (49),1730,FLINT,9,Septiembre,8,2022,19,35,WESTERN RD,6,Calle Local Municipalidad,Urbano,Colector Mayor,City or Municipal Highway Agency,0,Sin jurisdiccion especial,6,43.05076944,-83.65544444,Vehiculo en movimiento,Angulo,Four-Way Intersection,Interseccion de 4 direcciones,Sobre calle,Ninguna,Dia total,Despejado,No,NO APLICA,19,37,19,41,1,08/09/2022,3
26,Michigan,260705,0,0,2,0,49,GENESEE (49),1730,FLINT,9,Septiembre,17,2022,1,50,E PIERSON RD,6,Calle Local Municipalidad,Urbano,Arteria Principal,City or Municipal Highway Agency,1,Sin jurisdiccion especial,61,43.06093611,-83.702675,Vehiculo en movimiento,Frente a frente,Not an Intersection,No fue interseccion,Sobre calle,Ninguna,Oscuro con iluminacion,Despejado,No,NO APLICA,99,99,99,99,1,17/09/2022,2
26,Michigan,260706,0,0,1,0,143,ROSCOMMON (143),0,NO APLICA,9,Septiembre,7,2022,19,11,CR-GREENWOOD RD,4,Calle del Condado,Rural,Colector Mayor,County Highway Agency,0,Sin jurisdiccion especial,0,44.17502222,-84.48881944,Barda,El primer evento no fue una colision con un vehiculo automotor en transporte,T-Intersection,Interseccion de T,Sobre el lado de la calle,Ninguna,Atardecer,Despejado,No,NO APLICA,99,98,99,98,1,07/09/2022,1
26,Michigan,260707,0,0,2,0,163,WAYNE (163),0,NO APLICA,9,Septiembre,22,2022,22,20,CR-WEST RD,4,Calle del Condado,Urbano,Arteria Menor,County Highway Agency,0,Sin jurisdiccion especial,30,42.13784167,-83.304,Vehiculo en movimiento,Frente a frente,Not an Intersection,No fue interseccion,Sobre calle,Ninguna,Oscuro sin iluminacion,Despejado,No,511018W,22,25,22,37,1,22/09/2022,2
26,Michigan,260708,0,0,1,0,49,GENESEE (49),0,NO APLICA,9,Septiembre,10,2022,13,32,CR-RIVER RD,4,Calle del Condado,Urbano,Arteria Menor,County Highway Agency,0,Sin jurisdiccion especial,16,43.048325,-83.81338333,Banqueta,El primer evento no fue una colision con un vehiculo automotor en transporte,Not an Intersection,No fue interseccion,Sobre el lado de la calle,Ninguna,Dia total,Nublado,No,NO APLICA,13,33,13,45,1,10/09/2022,1
26,Michigan,260709,0,0,1,0,125,OAKLAND (125),3628,NOVI,10,Octubre,3,2022,2,24,CRANBROOKE DR,6,Calle Local Municipalidad,Urbano,Local,City or Municipal Highway Agency,0,Sin jurisdiccion especial,7,42.46354722,-83.44041111,Arbol,El primer evento no fue una colision con un vehiculo automotor en transporte,Not an Intersection,No fue interseccion,En el medio,Ninguna,Oscuro sin iluminacion,Despejado,No,NO APLICA,2,25,2,33,1,03/10/2022,3
26,Michigan,260710,1,1,1,0,121,MUSKEGON (121),0,NO APLICA,9,Septiembre,13,2022,9,34,SR-46 APPLE AVE,3,Highway estatal,Urbano,Arteria Menor,State Highway Agency,0,Sin jurisdiccion especial,39,43.23428889,-86.17181667,Peaton,El primer evento no fue una colision con un vehiculo automotor en transporte,Not an Intersection,No fue interseccion,Sobre calle,Ninguna,Dia total,Despejado,No,NO APLICA,9,33,9,36,1,13/09/2022,1
26,Michigan,260711,0,0,2,0,149,ST JOSEPH (149),0,NO APLICA,9,Septiembre,12,2022,20,13,SR-60,3,Highway estatal,Rural,Arteria Menor,State Highway Agency,0,Sin jurisdiccion especial,21,41.91083611,-85.72153611,Vehiculo en movimiento,Angulo,T-Intersection,Interseccion de T,Sobre calle,Ninguna,Atardecer,lluvia,No,NO APLICA,20,15,20,22,1,12/09/2022,2
26,Michigan,260712,0,0,2,0,163,WAYNE (163),1260,DETROIT,10,Octubre,2,2022,0,30,CONNER ST,6,Calle Local Municipalidad,Urbano,Arteria Principal,City or Municipal Highway Agency,1,Sin jurisdiccion especial,11,42.38421111,-82.96838056,Vehiculo en movimiento,Angulo,Not an Intersection,No fue interseccion,Sobre calle,Ninguna,Oscuro con iluminacion,Despejado,No,NO APLICA,99,99,99,99,2,02/10/2022,6
26,Michigan,260713,0,0,2,0,125,OAKLAND (125),0,NO APLICA,9,Septiembre,13,2022,21,36,US-24 TELEGRAPH RD,2,US Highway,Urbano,Arteria Principal,State Highway Agency,1,Sin jurisdiccion especial,38,42.61711667,-83.31623889,Vehiculo en movimiento,Angulo,Four-Way Intersection,Interseccion de 4 direcciones,Sobre calle,Ninguna,Oscuro sin iluminacion,Despejado,No,NO APLICA,21,36,21,38,1,13/09/2022,2
26,Michigan,260714,1,1,3,0,163,WAYNE (163),738,CANTON TOWNSHIP,10,Octubre,3,2022,20,39,US-  MICHIGAN AVE,2,US Highway,Urbano,Arteria Principal,State Highway Agency,1,Sin jurisdiccion especial,60,42.27987778,-83.43676667,Peaton,El primer evento no fue una colision con un vehiculo automotor en transporte,Not an Intersection,No fue interseccion,Sobre calle,Ninguna,Oscuro sin iluminacion,Nublado,No,NO APLICA,20,42,20,50,1,03/10/2022,4
26,Michigan,260715,0,0,2,0,99,MACOMB (99),0,NO APLICA,10,Octubre,5,2022,22,36,CR-ROMEO PLANK RD,4,Calle del Condado,Rural,Arteria Menor,County Highway Agency,0,Sin jurisdiccion especial,82,42.81991667,-82.96313333,Vehiculo en movimiento,Angulo,Four-Way Intersection,Interseccion de 4 direcciones,Sobre calle,Ninguna,Oscuro sin iluminacion,Despejado,No,NO APLICA,99,99,99,99,1,05/10/2022,2
26,Michigan,260716,0,0,2,0,63,HURON (63),0,NO APLICA,9,Septiembre,15,2022,13,39,SR-142 SAND BEACH RD,3,Highway estatal,Rural,Arteria Menor,State Highway Agency,0,Sin jurisdiccion especial,150,43.80386111,-82.94099167,Vehiculo en movimiento,Angulo,Four-Way Intersection,Interseccion de 4 direcciones,Sobre calle,Ninguna,Dia total,Despejado,No,NO APLICA,13,39,13,43,1,15/09/2022,3
26,Michigan,260717,0,0,2,0,27,CASS (27),0,NO APLICA,9,Septiembre,9,2022,14,37,CR-MARCELLUS RD,4,Calle del Condado,Rural,Colector Mayor,County Highway Agency,0,Sin jurisdiccion especial,47,42.02688333,-85.85041944,Vehiculo en movimiento,Frente a frente,Not an Intersection,No fue interseccion,Sobre calle,Ninguna,Dia total,Despejado,No,NO APLICA,99,99,99,99,1,09/09/2022,2
26,Michigan,260718,0,0,2,0,121,MUSKEGON (121),0,NO APLICA,10,Octubre,4,2022,16,48,CR-HEIGHTS RAVENNA RD,4,Calle del Condado,Urbano,Arteria Menor,County Highway Agency,0,Sin jurisdiccion especial,17,43.19029722,-86.14534722,Vehiculo en movimiento,Angulo,Four-Way Intersection,Interseccion de 4 direcciones,Sobre calle,Ninguna,Dia total,Despejado,No,NO APLICA,16,48,16,56,1,04/10/2022,2
26,Michigan,260719,0,0,1,0,155,SHIAWASSEE (155),0,NO APLICA,9,Septiembre,14,2022,15,40,CR-TYRELL RD,4,Calle del Condado,Rural,Local,County Highway Agency,0,Sin jurisdiccion especial,4,42.87006389,-84.25607778,Zanja,El primer evento no fue una colision con un vehiculo automotor en transporte,Not an Intersection,No fue interseccion,Sobre el lado de la calle,Ninguna,Dia total,Nublado,No,NO APLICA,99,98,99,98,1,14/09/2022,1
26,Michigan,260720,1,1,1,0,99,MACOMB (99),1009,CLINTON TOWNSHIP,10,Octubre,4,2022,17,38,CR-CLINTON RIVCER RD,4,Calle del Condado,Urbano,Arteria Menor,County Highway Agency,0,Sin jurisdiccion especial,49,42.57770556,-82.96498611,Ciclista,El primer evento no fue una colision con un vehiculo automotor en transporte,Not an Intersection,No fue interseccion,Sobre calle,Ninguna,Dia total,Despejado,No,NO APLICA,99,99,99,99,1,04/10/2022,1
26,Michigan,260721,0,0,1,0,17,BAY (17),0,NO APLICA,10,Octubre,11,2022,10,0,SR-13 HURON RD,3,Highway estatal,Rural,Arteria Menor,State Highway Agency,0,Sin jurisdiccion especial,178,43.78316389,-83.97290833,Culvert,El primer evento no fue una colision con un vehiculo automotor en transporte,Not an Intersection,No fue interseccion,Sobre el lado de la calle,Ninguna,Dia total,Despejado,No,NO APLICA,10,1,10,8,1,11/10/2022,1
26,Michigan,260722,0,0,1,0,55,GRAND TRAVERSE (55),0,NO APLICA,9,Septiembre,16,2022,19,10,CR-BEITNER RD,4,Calle del Condado,Urbano,Arteria Menor,County Highway Agency,0,Sin jurisdiccion especial,2,44.67518056,-85.63046944,Barda,El primer evento no fue una colision con un vehiculo automotor en transporte,Not an Intersection,No fue interseccion,Sobre el lado de la calle,Ninguna,Dia total,Despejado,No,NO APLICA,19,14,19,19,1,16/09/2022,1
26,Michigan,260723,0,0,2,0,81,KENT (81),2010,GRAND RAPIDS,9,Septiembre,17,2022,23,7,FULTON ST,6,Calle Local Municipalidad,Urbano,Arteria Principal,City or Municipal Highway Agency,1,Sin jurisdiccion especial,24,42.96296111,-85.65683611,Vehiculo en movimiento,Angulo,Four-Way Intersection,Interseccion de 4 direcciones,Sobre calle,Ninguna,Oscuro con iluminacion,Despejado,No,NO APLICA,23,7,23,12,2,17/09/2022,4
26,Michigan,260724,0,0,2,0,107,MECOSTA (107),0,NO APLICA,9,Septiembre,8,2022,15,34,CR-23 MILE RD,4,Calle del Condado,Rural,Colector Mayor,County Highway Agency,0,Sin jurisdiccion especial,33,43.79945278,-85.29883056,Vehiculo en movimiento,Angulo,Not an Intersection,No fue interseccion,Sobre calle,Ninguna,Dia total,Despejado,No,NO APLICA,15,37,16,7,1,08/09/2022,4