Estado,Nombre de Estado,Numero de Caso,Peatones,Personas _no_vehiculos,Vehiculos automotores,Vehiculos estacionados,Condado,Nombre Condado,Ciudad,Nombre Ciudad,Mes,Nombre Mes,Dia,Año,Hora,Minuto,Calle,Ruta,Nombre Ruta,Rural o Urbanoo,Sistema Funcional,Dueño Calle,Sistema Nacional Carreteras,Jurisdiccion Especial,Milla,Latitud,Longitud,Causa del Accidente,Tipo de Accidente,Tipo Interseccion,Columna1,Lugar en la calle,Zona de Trabajo,Luz,Clima,Autobus Escolar,Cruce de Trenes,Hora Notificacion,Minuto Notificacion,Hora Llegada,Minuto Llegada,Decesos,Fecha,PersonaVehiculo
26,Michigan,260725,0,0,1,0,37,CLINTON (37),0,NO APLICA,9,Septiembre,19,2022,13,0,I-69,1,Interestatal,Urbano,Interestatal,State Highway Agency,1,Sin jurisdiccion especial,135,42.79525,-84.43800833,Volcadura,El primer evento no fue una colision con un vehiculo automotor en transporte,Not an Intersection,No fue interseccion,En el medio,Ninguna,Dia total,Despejado,No,NO APLICA,13,0,13,9,1,19/09/2022,3
26,Michigan,260726,0,0,1,0,49,GENESEE (49),1731,FLINT TOWNSHIP,9,Septiembre,24,2022,16,45,I-69,1,Interestatal,Urbano,Interestatal,State Highway Agency,1,Sin jurisdiccion especial,0,43.00401944,-83.74970556,Volcadura,El primer evento no fue una colision con un vehiculo automotor en transporte,Not an Intersection,No fue interseccion,Gore?,Ninguna,Dia total,Nublado,No,NO APLICA,16,45,16,49,1,24/09/2022,2
26,Michigan,260727,0,0,2,0,105,MASON (105),0,NO APLICA,9,Septiembre,11,2022,11,40,US-31,2,US Highway,Rural,Arteria Principal,State Highway Agency,1,Sin jurisdiccion especial,5,43.96223889,-86.28992222,Vehiculo en movimiento,Angulo,Four-Way Intersection,Interseccion de 4 direcciones,Sobre calle,Ninguna,Dia total,Nublado,No,NO APLICA,99,99,99,99,1,11/09/2022,5
26,Michigan,260728,0,0,2,0,49,GENESEE (49),1730,FLINT,9,Septiembre,24,2022,1,47,SAGINAW ST,6,Calle Local Municipalidad,Urbano,Arteria Principal,City or Municipal Highway Agency,1,Sin jurisdiccion especial,159,43.07504444,-83.69402778,Vehiculo en movimiento,Angulo,Not an Intersection,No fue interseccion,Sobre calle,Ninguna,Oscuro con iluminacion,Despejado,No,NO APLICA,1,47,1,52,1,24/09/2022,3
26,Michigan,260729,0,0,1,0,163,WAYNE (163),1260,DETROIT,9,Septiembre,21,2022,3,30,I-96,1,Interestatal,Urbano,Interestatal,State Highway Agency,1,Sin jurisdiccion especial,278,42.36253333,-83.07096111,Barrera de Trafico de Concreto,El primer evento no fue una colision con un vehiculo automotor en transporte,Not an Intersection,No fue interseccion,En el medio,Ninguna,Oscuro con iluminacion,Despejado,No,NO APLICA,99,99,99,99,1,21/09/2022,1
26,Michigan,260730,0,0,2,0,19,BENZIE (19),0,NO APLICA,9,Septiembre,28,2022,18,9,CR-FEWINS RD,4,Calle del Condado,Rural,Local,County Highway Agency,0,Sin jurisdiccion especial,44,44.67366944,-85.83773333,Vehiculo en movimiento,Angulo,Four-Way Intersection,Interseccion de 4 direcciones,Sobre calle,Ninguna,Dia total,Nublado,No,NO APLICA,18,11,18,20,1,28/09/2022,3
26,Michigan,260731,0,0,2,0,87,LAPEER (87),2710,LAPEER,10,Octubre,8,2022,4,40,SR-24 S LAPEER RD,3,Highway estatal,Urbano,Arteria Principal,State Highway Agency,1,Sin jurisdiccion especial,98,43.02265,-83.32246667,Vehiculo en movimiento,Angulo,T-Intersection,Interseccion de T,Sobre calle,Ninguna,Oscuro sin iluminacion,Despejado,No,NO APLICA,4,49,4,50,1,08/10/2022,2
26,Michigan,260732,0,0,3,1,73,ISABELLA (73),0,NO APLICA,9,Septiembre,2,2022,12,47,CR-SUMMERTON RD,4,Calle del Condado,Urbano,Local,County Highway Agency,0,Sin jurisdiccion especial,95,43.60429167,-84.72766944,Vehiculo en movimiento,Angulo,Four-Way Intersection,Interseccion de 4 direcciones,Sobre calle,Ninguna,Dia total,Despejado,No,NO APLICA,99,99,99,99,1,02/09/2022,4
26,Michigan,260733,0,0,2,0,107,MECOSTA (107),0,NO APLICA,10,Octubre,9,2022,16,52,SR-66 30TH AVE,3,Highway estatal,Rural,Arteria Menor,State Highway Agency,0,Sin jurisdiccion especial,154,43.69001111,-85.14655,Vehiculo en movimiento,Angulo,Four-Way Intersection,Interseccion de 4 direcciones,Sobre calle,Ninguna,Dia total,Despejado,No,NO APLICA,99,99,99,99,1,09/10/2022,2
26,Michigan,260734,0,0,3,0,55,GRAND TRAVERSE (55),0,NO APLICA,9,Septiembre,21,2022,9,20,SR-72,3,Highway estatal,Rural,Arteria Principal,State Highway Agency,1,Sin jurisdiccion especial,56,44.77038056,-85.38563889,Vehiculo en movimiento,Angulo,Not an Intersection,No fue interseccion,Sobre calle,Ninguna,Dia total,Nublado,No,NO APLICA,99,99,99,99,1,21/09/2022,4
26,Michigan,260735,0,0,1,0,157,TUSCOLA (157),0,NO APLICA,10,Octubre,8,2022,19,14,CR-S WATERMAN RD,4,Calle del Condado,Rural,Local,County Highway Agency,0,Sin jurisdiccion especial,40,43.39381389,-83.55985278,Poste,El primer evento no fue una colision con un vehiculo automotor en transporte,Not an Intersection,No fue interseccion,Sobre el lado de la calle,Ninguna,Dia total,Despejado,No,NO APLICA,99,99,99,99,1,08/10/2022,1
26,Michigan,260736,0,0,2,0,165,WEXFORD (165),0,NO APLICA,9,Septiembre,30,2022,15,6,CR-25 RD,4,Calle del Condado,Rural,Local,City or Municipal Highway Agency,0,Sin jurisdiccion especial,69,44.25836944,-85.57899167,Vehiculo en movimiento,Angulo,Not an Intersection,No fue interseccion,Sobre calle,Ninguna,Dia total,Nublado,No,NO APLICA,15,9,15,17,1,30/09/2022,2
26,Michigan,260737,0,0,1,0,23,BRANCH (23),0,NO APLICA,10,Octubre,11,2022,16,30,CR-WRIGHT RD,4,Calle del Condado,Rural,Local,County Highway Agency,0,Sin jurisdiccion especial,0,41.89870278,-84.892975,Otro objeto (no fijo),El primer evento no fue una colision con un vehiculo automotor en transporte,Not an Intersection,No fue interseccion,Fuera de la calle,Ninguna,Dia total,Despejado,No,NO APLICA,99,99,99,99,1,11/10/2022,1
26,Michigan,260738,0,0,2,0,149,ST JOSEPH (149),0,NO APLICA,10,Octubre,19,2022,13,23,US-131,2,US Highway,Rural,Arteria Principal,State Highway Agency,1,Sin jurisdiccion especial,40,41.81279444,-85.6626,Vehiculo en movimiento,Frente a frente,Not an Intersection,No fue interseccion,Sobre calle,Ninguna,Dia total,Nublado,No,NO APLICA,13,23,13,23,1,19/10/2022,2
26,Michigan,260739,1,1,1,0,163,WAYNE (163),1260,DETROIT,9,Septiembre,29,2022,6,55,SCHAEFER HWY,6,Calle Local Municipalidad,Urbano,Arteria Principal,City or Municipal Highway Agency,1,Sin jurisdiccion especial,90,42.40555556,-83.17927778,Ciclista,El primer evento no fue una colision con un vehiculo automotor en transporte,Not an Intersection,No fue interseccion,Sobre calle,Ninguna,Dia total,Despejado,No,NO APLICA,99,99,99,99,1,29/09/2022,1
26,Michigan,260740,0,0,2,0,81,KENT (81),2010,GRAND RAPIDS,9,Septiembre,29,2022,1,21,SR-11 28TH ST,3,Highway estatal,Urbano,Arteria Principal,State Highway Agency,1,Sin jurisdiccion especial,122,42.91286944,-85.65689167,Vehiculo en movimiento,Angulo,Four-Way Intersection,Interseccion de 4 direcciones,Sobre calle,Ninguna,Oscuro con iluminacion,Despejado,No,NO APLICA,1,15,1,20,1,29/09/2022,2
26,Michigan,260741,1,1,1,0,163,WAYNE (163),1260,DETROIT,10,Octubre,15,2022,22,35,SR-1 WOODWARD AVE,3,Highway estatal,Urbano,Arteria Principal,State Highway Agency,1,Sin jurisdiccion especial,59,42.34166389,-83.0539,Peaton,El primer evento no fue una colision con un vehiculo automotor en transporte,Not an Intersection,No fue interseccion,Sobre calle,Ninguna,Oscuro con iluminacion,Despejado,No,NO APLICA,99,99,99,99,1,15/10/2022,2
26,Michigan,260742,0,0,2,0,163,WAYNE (163),4166,REDFORD TOWNSHIP,9,Septiembre,26,2022,9,45,CR-BEECH DALEY RD,4,Calle del Condado,Urbano,Arteria Menor,County Highway Agency,0,Sin jurisdiccion especial,4,42.36356111,-83.29469167,Vehiculo en movimiento,Angulo,Four-Way Intersection,Interseccion de 4 direcciones,Sobre calle,Ninguna,Dia total,Nublado,No,NO APLICA,9,45,9,47,1,26/09/2022,3
26,Michigan,260743,0,0,1,0,121,MUSKEGON (121),0,NO APLICA,9,Septiembre,28,2022,20,23,CR-FRUITVALE RD,4,Calle del Condado,Rural,Colector Mayor,County Highway Agency,0,Sin jurisdiccion especial,36,43.45005833,-86.30090278,Poste,El primer evento no fue una colision con un vehiculo automotor en transporte,Not an Intersection,No fue interseccion,Sobre el lado de la calle,Ninguna,Oscuro sin iluminacion,Despejado,No,NO APLICA,99,99,99,99,1,28/09/2022,1
26,Michigan,260744,0,0,2,0,163,WAYNE (163),1260,DETROIT,10,Octubre,9,2022,22,23,E JEFFERSON,6,Calle Local Municipalidad,Urbano,Arteria Principal,City or Municipal Highway Agency,1,Sin jurisdiccion especial,23,42.34782222,-83.000425,Vehiculo en movimiento,Frente a Detrás,T-Intersection,Interseccion de T,Sobre calle,Ninguna,Oscuro sin iluminacion,Despejado,No,NO APLICA,99,99,99,99,1,09/10/2022,2
26,Michigan,260745,0,0,1,0,133,OSCEOLA (133),0,NO APLICA,9,Septiembre,30,2022,12,27,SR-66,3,Highway estatal,Rural,Arteria Menor,State Highway Agency,0,Sin jurisdiccion especial,76,43.92341389,-85.14823056,Zanja,El primer evento no fue una colision con un vehiculo automotor en transporte,Not an Intersection,No fue interseccion,Sobre el lado de la calle,Ninguna,Dia total,Despejado,No,NO APLICA,99,99,99,99,1,30/09/2022,2
26,Michigan,260746,0,0,2,0,75,JACKSON (75),3466,NAPOLEON,9,Septiembre,28,2022,14,15,SR-50 BROOKLYN RD,3,Highway estatal,Rural,Arteria Menor,State Highway Agency,0,Sin jurisdiccion especial,70,42.17300556,-84.27382222,Vehiculo en movimiento,Angulo,T-Intersection,Interseccion de T,Sobre calle,Ninguna,Dia total,Nublado,No,NO APLICA,99,99,99,99,1,28/09/2022,2
26,Michigan,260747,0,0,2,0,77,KALAMAZOO (77),0,NO APLICA,10,Octubre,18,2022,14,35,CR-E G AVE,4,Calle del Condado,Urbano,Arteria Menor,County Highway Agency,0,Sin jurisdiccion especial,42,42.33265,-85.49346111,Vehiculo en movimiento,Angulo,Not an Intersection,No fue interseccion,Sobre calle,Ninguna,Dia total,Nublado,No,NO APLICA,14,43,14,47,1,18/10/2022,2
26,Michigan,260748,0,0,3,2,73,ISABELLA (73),3410,MOUNT PLEASANT,9,Septiembre,27,2022,19,36,CR-PICKARD RD,4,Calle del Condado,Urbano,Arteria Menor,County Highway Agency,0,Sin jurisdiccion especial,122,43.61148611,-84.80203611,Buzon de correo,El primer evento no fue una colision con un vehiculo automotor en transporte,Not an Intersection,No fue interseccion,Sobre el lado de la calle,Ninguna,Atardecer,Despejado,No,NO APLICA,99,99,99,99,1,27/09/2022,1
26,Michigan,260749,1,1,1,0,49,GENESEE (49),1730,FLINT,10,Octubre,22,2022,2,51,LAPEER RD,6,Calle Local Municipalidad,Urbano,Arteria Menor,City or Municipal Highway Agency,0,Sin jurisdiccion especial,1,43.01457778,-83.68014722,Peaton,El primer evento no fue una colision con un vehiculo automotor en transporte,Not an Intersection,No fue interseccion,Sobre calle,Ninguna,Oscuro sin iluminacion,Despejado,No,NO APLICA,2,51,2,51,1,22/10/2022,1
26,Michigan,260750,0,0,2,0,163,WAYNE (163),1260,DETROIT,10,Octubre,3,2022,1,55,CR-GREENFIELD RD,4,Calle del Condado,Urbano,Arteria Principal,County Highway Agency,1,Sin jurisdiccion especial,63,42.35816667,-83.19696389,Vehiculo en movimiento,Angulo,Four-Way Intersection,Interseccion de 4 direcciones,Sobre calle,Ninguna,Oscuro con iluminacion,Despejado,No,NO APLICA,99,99,99,99,1,03/10/2022,3
26,Michigan,260751,1,1,1,0,49,GENESEE (49),1730,FLINT,10,Octubre,21,2022,2,26,N SAGINAW ST,6,Calle Local Municipalidad,Urbano,Arteria Principal,City or Municipal Highway Agency,1,Sin jurisdiccion especial,140,43.05237222,-83.69366944,Peaton,El primer evento no fue una colision con un vehiculo automotor en transporte,Four-Way Intersection,Interseccion de 4 direcciones,Sobre calle,Ninguna,Oscuro con iluminacion,Nublado,No,NO APLICA,2,26,2,31,1,21/10/2022,1
26,Michigan,260752,0,0,1,0,13,BARAGA (13),0,NO APLICA,9,Septiembre,22,2022,2,0,US-41,2,US Highway,Rural,Arteria Principal,State Highway Agency,1,Sin jurisdiccion especial,284,46.73139722,-88.42835556,Volcadura,El primer evento no fue una colision con un vehiculo automotor en transporte,Not an Intersection,No fue interseccion,Sobre el lado de la calle,Ninguna,Oscuro sin iluminacion,Reportado como desconocido,No,NO APLICA,99,99,99,99,1,22/09/2022,1
26,Michigan,260753,0,0,4,2,105,MASON (105),0,NO APLICA,10,Octubre,25,2022,7,56,US-10,2,US Highway,Urbano,Arteria Principal,State Highway Agency,1,Sin jurisdiccion especial,41,43.95614722,-86.36977222,Vehiculo en movimiento,Angulo,Not an Intersection,No fue interseccion,Sobre calle,Ninguna,Amanecer,lluvia,No,NO APLICA,99,99,99,99,1,25/10/2022,2
26,Michigan,260754,0,0,3,0,99,MACOMB (99),5110,WARREN,9,Septiembre,13,2022,15,30,13 MILE RD,6,Calle Local Municipalidad,Urbano,Arteria Menor,City or Municipal Highway Agency,0,Sin jurisdiccion especial,20,42.521825,-82.98826389,Vehiculo en movimiento,Angulo,Four-Way Intersection,Interseccion de 4 direcciones,Sobre calle,Ninguna,Dia total,Despejado,No,NO APLICA,99,99,99,99,1,13/09/2022,4
26,Michigan,260755,0,0,2,0,81,KENT (81),0,NO APLICA,9,Septiembre,12,2022,12,16,SR-50 ALDEN NASH AVE,3,Highway estatal,Rural,Arteria Menor,State Highway Agency,0,Sin jurisdiccion especial,56,42.79828056,-85.36913056,Vehiculo en movimiento,Angulo,Four-Way Intersection,Interseccion de 4 direcciones,Sobre calle,Ninguna,Dia total,Nublado,No,NO APLICA,99,99,99,99,3,12/09/2022,4
26,Michigan,260756,0,0,1,0,81,KENT (81),2010,GRAND RAPIDS,9,Septiembre,11,2022,18,56,US-131,2,US Highway,Urbano,Interestatal,State Highway Agency,1,Sin jurisdiccion especial,148,42.97430556,-85.67753056,Valla para choques,El primer evento no fue una colision con un vehiculo automotor en transporte,Not an Intersection,No fue interseccion,En el medio,Ninguna,Dia total,lluvia,No,NO APLICA,99,99,99,99,1,11/09/2022,1
26,Michigan,260757,0,0,1,0,163,WAYNE (163),1260,DETROIT,9,Septiembre,25,2022,7,20,I-75,1,Interestatal,Urbano,Interestatal,State Highway Agency,1,Sin jurisdiccion especial,85,42.43924722,-83.09472778,Volcadura,El primer evento no fue una colision con un vehiculo automotor en transporte,Not an Intersection,No fue interseccion,Sobre el lado de la calle,Ninguna,Dia total,lluvia,No,NO APLICA,7,25,7,32,1,25/09/2022,1
26,Michigan,260758,1,1,1,0,163,WAYNE (163),1260,DETROIT,5,Mayo,12,2022,1,27,FRENCH RD,6,Calle Local Municipalidad,Urbano,Colector Mayor,City or Municipal Highway Agency,0,Sin jurisdiccion especial,10,42.39011389,-82.99431389,Peaton,El primer evento no fue una colision con un vehiculo automotor en transporte,Not an Intersection,No fue interseccion,Sobre calle,Ninguna,Oscuro con iluminacion,Despejado,No,NO APLICA,99,98,99,98,1,12/05/2022,1
26,Michigan,260759,0,0,2,0,163,WAYNE (163),1212,DEARBORN HEIGHTS,9,Septiembre,7,2022,16,15,ANNAPOLIS AVE,6,Calle Local Municipalidad,Urbano,Colector Mayor,City or Municipal Highway Agency,0,Sin jurisdiccion especial,25,42.27590556,-83.28973611,Vehiculo en movimiento,Angulo,Four-Way Intersection,Interseccion de 4 direcciones,Sobre calle,Ninguna,Dia total,Despejado,No,NO APLICA,99,99,99,99,1,07/09/2022,2
26,Michigan,260760,0,0,3,0,159,VAN BUREN (159),0,NO APLICA,9,Septiembre,21,2022,5,32,SR-51,3,Highway estatal,Rural,Arteria Menor,State Highway Agency,0,Sin jurisdiccion especial,130,42.16939444,-85.96548333,Vehiculo en movimiento,Golpe Lateral - direccion contraria,Not an Intersection,No fue interseccion,Sobre calle,Ninguna,Oscuro sin iluminacion,Despejado,No,NO APLICA,99,99,99,99,1,21/09/2022,3
26,Michigan,260761,0,0,3,0,155,SHIAWASSEE (155),0,NO APLICA,9,Septiembre,24,2022,12,30,CR-EASTON RD,4,Calle del Condado,Rural,Colector Mayor,County Highway Agency,0,Sin jurisdiccion especial,51,43.11345,-84.04548889,Vehiculo en movimiento,Frente a Detrás,Not an Intersection,No fue interseccion,Sobre calle,Ninguna,Dia total,Nublado,No,NO APLICA,99,99,99,99,1,24/09/2022,4
26,Michigan,260762,0,0,1,0,103,MARQUETTE (103),2480,ISHPEMING,8,Agosto,11,2022,10,56,SAGINAW RD,6,Calle Local Municipalidad,Urbano,Colector Mayor,City or Municipal Highway Agency,0,Sin jurisdiccion especial,125,46.47088889,-87.68771111,Barda,El primer evento no fue una colision con un vehiculo automotor en transporte,Not an Intersection,No fue interseccion,Fuera de la calle,Ninguna,Dia total,Despejado,No,NO APLICA,99,99,99,99,1,11/08/2022,1
26,Michigan,260763,0,0,3,2,163,WAYNE (163),1260,DETROIT,8,Agosto,29,2022,0,27,CONNER ST,6,Calle Local Municipalidad,Urbano,Colector Mayor,City or Municipal Highway Agency,0,Sin jurisdiccion especial,7,42.36922222,-82.95854444,Poste,El primer evento no fue una colision con un vehiculo automotor en transporte,Not an Intersection,No fue interseccion,Sobre el lado de la calle,Construccion,Oscuro sin iluminacion,Despejado,No,NO APLICA,99,99,99,99,1,29/08/2022,3
26,Michigan,260764,0,0,1,0,163,WAYNE (163),2850,LIVONIA,7,Julio,30,2022,23,55,CR-5 MILE RD,4,Calle del Condado,Urbano,Arteria Menor,County Highway Agency,0,Sin jurisdiccion especial,46,42.39703056,-83.37879167,Barda,El primer evento no fue una colision con un vehiculo automotor en transporte,Not an Intersection,No fue interseccion,Fuera de la calle,Ninguna,Oscuro sin iluminacion,Despejado,No,NO APLICA,99,99,99,99,1,30/07/2022,1
26,Michigan,260765,0,0,2,0,99,MACOMB (99),0,NO APLICA,3,Marzo,20,2022,14,43,CR-25 MILE RD,4,Calle del Condado,Urbano,Arteria Menor,County Highway Agency,0,Sin jurisdiccion especial,13,42.69762222,-83.06960278,Vehiculo en movimiento,Frente a frente,Four-Way Intersection,Interseccion de 4 direcciones,Sobre calle,Ninguna,Dia total,Despejado,No,NO APLICA,14,50,14,56,1,20/03/2022,4
26,Michigan,260766,0,0,1,0,49,GENESEE (49),0,NO APLICA,10,Octubre,2,2022,3,14,US-23,2,US Highway,Urbano,Arterial Principal -Freeway o ExpressWay,State Highway Agency,1,Sin jurisdiccion especial,122,42.95123889,-83.72473889,Volcadura,El primer evento no fue una colision con un vehiculo automotor en transporte,Not an Intersection,No fue interseccion,En el medio,Ninguna,Oscuro sin iluminacion,Despejado,No,NO APLICA,99,98,99,98,1,02/10/2022,1
26,Michigan,260767,0,0,1,0,125,OAKLAND (125),512,BLOOMFIELD VILLAGE,10,Octubre,3,2022,5,41,CR-KENSINGTON RD,4,Calle del Condado,Urbano,Colector Mayor,County Highway Agency,0,Sin jurisdiccion especial,20,42.57538611,-83.22479167,Arbol,El primer evento no fue una colision con un vehiculo automotor en transporte,T-Intersection,Interseccion de T,Sobre el lado de la calle,Ninguna,Oscuro sin iluminacion,Despejado,No,NO APLICA,99,98,99,98,1,03/10/2022,1
26,Michigan,260768,1,1,2,0,25,CALHOUN (25),3060,MARSHALL,9,Septiembre,7,2022,5,48,SR-I-94 BR W MICHIGAN AVE,3,Highway estatal,Urbano,Arteria Principal,State Highway Agency,1,Sin jurisdiccion especial,111,42.27160556,-84.98372778,Peaton,El primer evento no fue una colision con un vehiculo automotor en transporte,T-Intersection,Interseccion de T,Sobre calle,Ninguna,Oscuro con iluminacion,Neblina o Humo,No,NO APLICA,5,49,5,52,1,07/09/2022,2
26,Michigan,260769,0,0,2,0,163,WAYNE (163),1260,DETROIT,10,Octubre,1,2022,15,30,SR-1 WOODWARD AVE,3,Highway estatal,Urbano,Arteria Principal,State Highway Agency,1,Sin jurisdiccion especial,5,42.43930833,-83.12028889,Vehiculo en movimiento,Frente a Detrás,Four-Way Intersection,Interseccion de 4 direcciones,Sobre calle,Ninguna,Dia total,Despejado,No,NO APLICA,99,99,99,99,1,01/10/2022,2
26,Michigan,260770,0,0,1,0,129,OGEMAW (129),0,NO APLICA,10,Octubre,23,2022,12,49,CR-RAU RD,4,Calle del Condado,Rural,Local,County Highway Agency,0,Sin jurisdiccion especial,19,44.233325,-84.35406944,Arbol,El primer evento no fue una colision con un vehiculo automotor en transporte,Not an Intersection,No fue interseccion,Sobre el lado de la calle,Ninguna,Dia total,Despejado,No,NO APLICA,99,99,99,99,1,23/10/2022,1
26,Michigan,260771,1,1,1,0,163,WAYNE (163),2850,LIVONIA,10,Octubre,14,2022,5,5,I-275/I-96,1,Interestatal,Urbano,Interestatal,State Highway Agency,1,Sin jurisdiccion especial,10,42.42534722,-83.42413611,Peaton,El primer evento no fue una colision con un vehiculo automotor en transporte,Not an Intersection,No fue interseccion,Sobre calle,Ninguna,Oscuro sin iluminacion,Despejado,No,NO APLICA,5,7,5,17,1,14/10/2022,1
26,Michigan,260772,0,0,2,0,23,BRANCH (23),0,NO APLICA,10,Octubre,22,2022,0,46,SR-60,3,Highway estatal,Rural,Arteria Menor,State Highway Agency,0,Sin jurisdiccion especial,51,42.06341667,-85.19909167,Vehiculo en movimiento,Frente a frente,Not an Intersection,No fue interseccion,Sobre calle,Ninguna,Oscuro sin iluminacion,Despejado,No,NO APLICA,0,46,1,13,1,22/10/2022,2
26,Michigan,260773,0,0,2,0,27,CASS (27),0,NO APLICA,10,Octubre,26,2022,16,2,US-12,2,US Highway,Urbano,Arteria Menor,State Highway Agency,0,Sin jurisdiccion especial,111,41.79512778,-86.03648333,Vehiculo en movimiento,Frente a frente,Not an Intersection,No fue interseccion,Sobre calle,Ninguna,Dia total,Despejado,No,NO APLICA,16,3,16,7,1,26/10/2022,4
26,Michigan,260774,1,1,1,0,93,LIVINGSTON (93),0,NO APLICA,10,Octubre,7,2022,10,27,CR-NICHOLSON RD,4,Calle del Condado,Rural,Colector Menor,County Highway Agency,0,Sin jurisdiccion especial,25,42.63600556,-84.11142778,Ciclista,El primer evento no fue una colision con un vehiculo automotor en transporte,Not an Intersection,No fue interseccion,Sobre calle,Ninguna,Dia total,Despejado,No,NO APLICA,10,27,10,38,1,07/10/2022,1
26,Michigan,260775,0,0,3,0,57,GRATIOT (57),0,NO APLICA,10,Octubre,21,2022,11,30,US-127,2,US Highway,Rural,Arterial Principal -Freeway o ExpressWay,State Highway Agency,1,Sin jurisdiccion especial,166,43.34892222,-84.60150278,Vehiculo en movimiento,Frente a Detrás,Not an Intersection,No fue interseccion,Sobre calle,Ninguna,Dia total,Despejado,No,NO APLICA,11,30,11,45,1,21/10/2022,3
26,Michigan,260776,0,0,2,0,49,GENESEE (49),686,BURTON,10,Octubre,23,2022,19,20,ATHERTON RD,6,Calle Local Municipalidad,Urbano,Arteria Menor,City or Municipal Highway Agency,0,Sin jurisdiccion especial,48,42.98967778,-83.61918889,Vehiculo en movimiento,Frente a frente,T-Intersection,Interseccion de T,Sobre calle,Ninguna,Oscuro con iluminacion,Nublado,No,NO APLICA,99,99,99,99,1,23/10/2022,2
26,Michigan,260777,1,1,1,0,73,ISABELLA (73),0,NO APLICA,10,Octubre,23,2022,17,25,CR-W RIVER RD,4,Calle del Condado,Rural,Colector Mayor,County Highway Agency,0,Sin jurisdiccion especial,74,43.62682778,-84.94009167,Arbol,El primer evento no fue una colision con un vehiculo automotor en transporte,Not an Intersection,No fue interseccion,Fuera de la calle,Ninguna,Dia total,Despejado,No,NO APLICA,99,99,99,99,1,23/10/2022,1
26,Michigan,260778,2,2,1,0,17,BAY (17),320,BAY CITY,10,Octubre,1,2022,18,21,COLUMBUS AVE,6,Calle Local Municipalidad,Urbano,Arteria Menor,City or Municipal Highway Agency,0,Sin jurisdiccion especial,6,43.58941111,-83.87925833,Peaton,El primer evento no fue una colision con un vehiculo automotor en transporte,Four-Way Intersection,Interseccion de 4 direcciones,Sobre calle,Ninguna,Dia total,Despejado,No,NO APLICA,18,21,18,24,1,01/10/2022,1
26,Michigan,260779,0,0,2,0,161,WASHTENAW (161),0,NO APLICA,10,Octubre,29,2022,18,23,SR-153 FORD RD,3,Highway estatal,Rural,Arteria Principal,State Highway Agency,1,Sin jurisdiccion especial,25,42.32026667,-83.56588611,Vehiculo en movimiento,Angulo,Four-Way Intersection,Interseccion de 4 direcciones,Sobre calle,Ninguna,Atardecer,Despejado,No,NO APLICA,18,24,18,31,2,29/10/2022,3
26,Michigan,260780,1,1,1,0,81,KENT (81),2010,GRAND RAPIDS,10,Octubre,7,2022,20,38,SR-37 BELTLINE AVE,3,Highway estatal,Urbano,Arteria Principal,State Highway Agency,1,Sin jurisdiccion especial,84,42.91589722,-85.58361667,Peaton,El primer evento no fue una colision con un vehiculo automotor en transporte,Not an Intersection,No fue interseccion,Sobre calle,Ninguna,Oscuro sin iluminacion,Despejado,No,NO APLICA,20,40,20,45,1,07/10/2022,3
26,Michigan,260781,0,0,1,0,143,ROSCOMMON (143),0,NO APLICA,10,Octubre,9,2022,0,25,CR-WINDYWOOD DR,4,Calle del Condado,Rural,Local,County Highway Agency,0,Sin jurisdiccion especial,0,44.34908333,-84.43133889,Volcadura,El primer evento no fue una colision con un vehiculo automotor en transporte,T-Intersection,Interseccion de T,Sobre calle,Ninguna,Oscuro con iluminacion,Despejado,No,NO APLICA,99,99,99,99,1,09/10/2022,3
26,Michigan,260782,1,1,1,0,163,WAYNE (163),1260,DETROIT,10,Octubre,11,2022,7,26,CHALMERS RD,6,Calle Local Municipalidad,Urbano,Arteria Menor,City or Municipal Highway Agency,0,Sin jurisdiccion especial,38,42.42298889,-82.97489444,Peaton,El primer evento no fue una colision con un vehiculo automotor en transporte,Four-Way Intersection,Interseccion de 4 direcciones,Sobre calle,Ninguna,Dia total,Despejado,No,NO APLICA,99,99,99,99,1,11/10/2022,1
26,Michigan,260783,2,2,1,0,73,ISABELLA (73),0,NO APLICA,10,Octubre,16,2022,8,21,CR-SUMMERTON RD,4,Calle del Condado,Rural,Local,County Highway Agency,0,Sin jurisdiccion especial,22,43.80279722,-84.72848333,Peaton,El primer evento no fue una colision con un vehiculo automotor en transporte,Not an Intersection,No fue interseccion,Sobre calle,Ninguna,Amanecer,Despejado,No,NO APLICA,99,99,99,99,1,16/10/2022,1
26,Michigan,260784,1,1,1,0,15,BARRY (15),0,NO APLICA,10,Octubre,27,2022,13,5,SR-43,3,Highway estatal,Rural,Arteria Menor,State Highway Agency,0,Sin jurisdiccion especial,4,42.42531111,-85.43495833,Buzon de correo,El primer evento no fue una colision con un vehiculo automotor en transporte,Not an Intersection,No fue interseccion,Sobre el lado de la calle,Ninguna,Dia total,Despejado,No,NO APLICA,99,99,99,99,1,27/10/2022,1
26,Michigan,260785,1,1,1,0,125,OAKLAND (125),1652,FARMINGTON HILLS,10,Octubre,15,2022,7,56,CR-12 MILE RD,4,Calle del Condado,Urbano,Arteria Principal,County Highway Agency,1,Sin jurisdiccion especial,95,42.49988889,-83.32923889,Peaton,El primer evento no fue una colision con un vehiculo automotor en transporte,Not an Intersection,No fue interseccion,Sobre calle,Ninguna,Oscuro sin iluminacion,Despejado,No,NO APLICA,8,18,8,99,1,15/10/2022,2