Estado,Nombre de Estado,Numero de Caso,Peatones,Personas _no_vehiculos,Vehiculos automotores,Vehiculos estacionados,Condado,Nombre Condado,Ciudad,Nombre Ciudad,Mes,Nombre Mes,Dia,Año,Hora,Minuto,Calle,Ruta,Nombre Ruta,Rural o Urbanoo,Sistema Funcional,Dueño Calle,Sistema Nacional Carreteras,Jurisdiccion Especial,Milla,Latitud,Longitud,Causa del Accidente,Tipo de Accidente,Tipo Interseccion,Columna1,Lugar en la calle,Zona de Trabajo,Luz,Clima,Autobus Escolar,Cruce de Trenes,Hora Notificacion,Minuto Notificacion,Hora Llegada,Minuto Llegada,Decesos,Fecha,PersonaVehiculo
26,Michigan,260786,0,0,2,0,163,WAYNE (163),4815,TAYLOR,10,Octubre,25,2022,20,6,CR-EUREKA RD,4,Calle del Condado,Urbano,Arteria Principal,County Highway Agency,1,Sin jurisdiccion especial,53,42.19628333,-83.30233889,Vehiculo en movimiento,Angulo,T-Intersection,Interseccion de T,Sobre calle,Ninguna,Oscuro con iluminacion,Despejado,No,NO APLICA,99,99,99,99,1,25/10/2022,2
26,Michigan,260787,1,1,1,0,125,OAKLAND (125),4251,ROCHESTER HILLS,10,Octubre,29,2022,2,21,SR-59,3,Highway estatal,Urbano,Arterial Principal -Freeway o ExpressWay,State Highway Agency,1,Sin jurisdiccion especial,3,42.64533056,-83.19906667,Peaton,El primer evento no fue una colision con un vehiculo automotor en transporte,Not an Intersection,No fue interseccion,Sobre calle,Ninguna,Oscuro sin iluminacion,Despejado,No,NO APLICA,2,24,2,30,1,29/10/2022,1
26,Michigan,260788,1,1,1,0,163,WAYNE (163),1260,DETROIT,10,Octubre,28,2022,23,30,SR-96 GRAND RIVER AVE,3,Highway estatal,Urbano,Arteria Principal,State Highway Agency,1,Sin jurisdiccion especial,84,42.36161389,-83.12125556,Peaton,El primer evento no fue una colision con un vehiculo automotor en transporte,Four-Way Intersection,Interseccion de 4 direcciones,Sobre calle,Ninguna,Oscuro con iluminacion,Despejado,No,NO APLICA,99,99,99,99,1,28/10/2022,1
26,Michigan,260789,0,0,2,0,11,ARENAC (11),0,NO APLICA,10,Octubre,18,2022,17,5,SR-13 S HURON RD,3,Highway estatal,Rural,Arteria Menor,State Highway Agency,0,Sin jurisdiccion especial,10,43.92509444,-83.96648056,Vehiculo en movimiento,Angulo,Four-Way Intersection,Interseccion de 4 direcciones,Sobre calle,Ninguna,Dia total,lluvia,No,NO APLICA,99,99,99,99,1,18/10/2022,2
26,Michigan,260790,0,0,2,0,43,DICKINSON (43),0,NO APLICA,10,Octubre,30,2022,15,2,CR-FOSTER CITY RD,4,Calle del Condado,Rural,Arteria Menor,County Highway Agency,0,Sin jurisdiccion especial,44,45.79467778,-87.72444167,Vehiculo en movimiento,Frente a frente,Not an Intersection,No fue interseccion,Sobre calle,Ninguna,Dia total,Despejado,No,NO APLICA,99,99,99,99,3,30/10/2022,6
26,Michigan,260791,0,0,1,0,75,JACKSON (75),0,NO APLICA,10,Octubre,22,2022,19,43,I-94/M-60 RAMP 006C,1,Interestatal,Urbano,Interestatal,State Highway Agency,1,Sin jurisdiccion especial,3,42.27140278,-84.47628889,Valla Ferrocarril,El primer evento no fue una colision con un vehiculo automotor en transporte,Not an Intersection,No fue interseccion,Sobre el lado de la calle,Ninguna,Oscuro sin iluminacion,Nublado,No,NO APLICA,19,44,19,48,1,22/10/2022,1
26,Michigan,260792,0,0,2,0,125,OAKLAND (125),2258,HIGHLAND,10,Octubre,22,2022,18,47,CR-HARVEY LAKE RD,4,Calle del Condado,Urbano,Arteria Menor,County Highway Agency,0,Sin jurisdiccion especial,8,42.6542,-83.60376111,Animal vivo,El primer evento no fue una colision con un vehiculo automotor en transporte,Not an Intersection,No fue interseccion,Sobre calle,Ninguna,Dia total,Despejado,No,NO APLICA,18,48,18,51,1,22/10/2022,2
26,Michigan,260793,1,1,1,0,163,WAYNE (163),2820,LINCOLN PARK,10,Octubre,25,2022,20,21,FERRIS AVE,6,Calle Local Municipalidad,Urbano,Local,City or Municipal Highway Agency,0,Sin jurisdiccion especial,2,42.25078333,-83.17016944,Ciclista,El primer evento no fue una colision con un vehiculo automotor en transporte,Not an Intersection,No fue interseccion,Sobre calle,Ninguna,Oscuro sin iluminacion,Despejado,No,NO APLICA,99,99,99,99,1,25/10/2022,2
26,Michigan,260794,0,0,2,0,139,OTTAWA (139),0,NO APLICA,10,Octubre,20,2022,17,19,CR-DOULAS AVE,4,Calle del Condado,Urbano,Arteria Menor,County Highway Agency,0,Sin jurisdiccion especial,51,42.79843611,-86.12185,Vehiculo en movimiento,Frente a frente,Not an Intersection,No fue interseccion,Sobre calle,Ninguna,Dia total,Despejado,No,NO APLICA,17,21,17,22,1,20/10/2022,3
26,Michigan,260795,1,1,1,0,17,BAY (17),320,BAY CITY,10,Octubre,7,2022,20,17,SR-84 GARFIELD AVE,3,Highway estatal,Urbano,Arteria Principal,State Highway Agency,1,Sin jurisdiccion especial,9,43.58576389,-83.89071111,Peaton,El primer evento no fue una colision con un vehiculo automotor en transporte,Four-Way Intersection,Interseccion de 4 direcciones,Sobre calle,Ninguna,Oscuro con iluminacion,Despejado,No,NO APLICA,99,99,99,99,1,07/10/2022,1
26,Michigan,260796,0,0,2,0,29,CHARLEVOIX (29),0,NO APLICA,10,Octubre,24,2022,23,33,US-31,2,US Highway,Rural,Arteria Principal,State Highway Agency,1,Sin jurisdiccion especial,89,45.35958056,-85.10387222,Vehiculo en movimiento,Angulo,Not an Intersection,No fue interseccion,Sobre calle,Ninguna,Oscuro sin iluminacion,Despejado,No,NO APLICA,23,34,23,48,1,24/10/2022,2
26,Michigan,260797,0,0,1,0,99,MACOMB (99),4330,ROSEVILLE,10,Octubre,26,2022,4,11,SR-97 GROESBECK HWY,3,Highway estatal,Urbano,Arteria Principal,State Highway Agency,1,Sin jurisdiccion especial,41,42.50178889,-82.96348889,Poste,El primer evento no fue una colision con un vehiculo automotor en transporte,Not an Intersection,No fue interseccion,Sobre el lado de la calle,Ninguna,Oscuro con iluminacion,lluvia,No,NO APLICA,99,99,99,99,1,26/10/2022,1
26,Michigan,260798,1,1,1,0,55,GRAND TRAVERSE (55),0,NO APLICA,10,Octubre,31,2022,7,12,SR-37 CENTER RD,3,Highway estatal,Urbano,Arteria Menor,State Highway Agency,0,Sin jurisdiccion especial,30,44.80920556,-85.56221667,Ciclista,El primer evento no fue una colision con un vehiculo automotor en transporte,Not an Intersection,No fue interseccion,Sobre calle,Ninguna,Oscuro sin iluminacion,Nublado,No,NO APLICA,99,99,99,99,1,31/10/2022,2
26,Michigan,260799,0,0,2,0,47,EMMET (47),0,NO APLICA,10,Octubre,26,2022,14,27,US-31,2,US Highway,Urbano,Arteria Principal,State Highway Agency,1,Sin jurisdiccion especial,29,45.38929722,-84.90716667,Vehiculo en movimiento,Frente a frente,Not an Intersection,No fue interseccion,Sobre calle,Ninguna,Dia total,Nublado,No,NO APLICA,14,27,14,33,1,26/10/2022,2
26,Michigan,260800,0,0,2,1,163,WAYNE (163),1260,DETROIT,10,Octubre,24,2022,10,30,CR-OUTER DR,4,Calle del Condado,Urbano,Arteria Menor,County Highway Agency,0,Sin jurisdiccion especial,17,42.41946389,-83.19805278,Banqueta,El primer evento no fue una colision con un vehiculo automotor en transporte,Not an Intersection,No fue interseccion,Sobre el lado de la calle,Ninguna,Dia total,Despejado,No,NO APLICA,99,99,99,99,1,24/10/2022,1
26,Michigan,260801,1,1,1,0,163,WAYNE (163),0,NO APLICA,10,Octubre,30,2022,19,0,CR-BECK RD,4,Calle del Condado,Urbano,Arteria Principal,County Highway Agency,1,Sin jurisdiccion especial,70,42.36886111,-83.50938333,Peaton,El primer evento no fue una colision con un vehiculo automotor en transporte,Not an Intersection,No fue interseccion,Sobre calle,Ninguna,Oscuro sin iluminacion,Despejado,No,NO APLICA,99,99,99,99,1,30/10/2022,1
26,Michigan,260802,0,0,2,0,149,ST JOSEPH (149),0,NO APLICA,11,Noviembre,1,2022,6,58,SR-60,3,Highway estatal,Rural,Arteria Menor,State Highway Agency,0,Sin jurisdiccion especial,74,42.00618056,-85.50783056,Vehiculo en movimiento,Frente a Detrás,T-Intersection,Interseccion de T,Sobre calle,Ninguna,Oscuro sin iluminacion,Nublado,No,NO APLICA,7,1,7,9,1,01/11/2022,3
26,Michigan,260803,0,0,2,0,87,LAPEER (87),0,NO APLICA,10,Octubre,20,2022,18,7,SR-24 LAPEER RD,3,Highway estatal,Rural,Arteria Menor,State Highway Agency,0,Sin jurisdiccion especial,174,43.13093056,-83.31038889,Vehiculo en movimiento,Angulo,Four-Way Intersection,Interseccion de 4 direcciones,Sobre calle,Ninguna,Oscuro con iluminacion,Despejado,No,NO APLICA,99,99,99,99,1,20/10/2022,2
26,Michigan,260804,0,0,3,0,115,MONROE (115),0,NO APLICA,11,Noviembre,1,2022,15,30,I-75,1,Interestatal,Rural,Interestatal,State Highway Agency,1,Sin jurisdiccion especial,16,41.75485278,-83.48261389,Vehiculo en movimiento,Frente a Detrás,Not an Intersection,No fue interseccion,Sobre calle,Ninguna,Dia total,Despejado,No,NO APLICA,99,99,99,99,1,01/11/2022,3
26,Michigan,260805,0,0,2,0,27,CASS (27),0,NO APLICA,10,Octubre,26,2022,9,0,CR-OLD M205,4,Calle del Condado,Urbano,Arteria Menor,County Highway Agency,0,Sin jurisdiccion especial,11,41.76690556,-85.95961944,Vehiculo en movimiento,Angulo,Not an Intersection,No fue interseccion,Sobre calle,Ninguna,No reportada,lluvia,No,NO APLICA,99,99,99,99,1,26/10/2022,3
26,Michigan,260806,0,0,2,0,37,CLINTON (37),0,NO APLICA,11,Noviembre,4,2022,6,17,SR-21,3,Highway estatal,Rural,Arteria Menor,State Highway Agency,0,Sin jurisdiccion especial,169,43.00130833,-84.50358333,Vehiculo en movimiento,Angulo,Four-Way Intersection,Interseccion de 4 direcciones,Sobre calle,Ninguna,Oscuro sin iluminacion,Despejado,No,NO APLICA,6,18,6,28,1,04/11/2022,2
26,Michigan,260807,0,0,1,0,91,LENAWEE (91),0,NO APLICA,11,Noviembre,6,2022,16,59,US-12,2,US Highway,Rural,Arteria Principal,State Highway Agency,1,Sin jurisdiccion especial,4,42.06806667,-84.09733889,Buzon de correo,El primer evento no fue una colision con un vehiculo automotor en transporte,Not an Intersection,No fue interseccion,Sobre el lado de la calle,Ninguna,Dia total,Despejado,No,NO APLICA,17,0,17,7,1,06/11/2022,1
26,Michigan,260808,0,0,1,0,151,SANILAC (151),0,NO APLICA,10,Octubre,27,2022,19,0,CR-GALBRAITH LINE RD,4,Calle del Condado,Rural,Colector Mayor,County Highway Agency,0,Sin jurisdiccion especial,86,43.18735833,-82.82701389,Volcadura,El primer evento no fue una colision con un vehiculo automotor en transporte,Not an Intersection,No fue interseccion,Sobre calle,Ninguna,Oscuro sin iluminacion,Despejado,No,NO APLICA,19,2,19,12,1,27/10/2022,1
26,Michigan,260809,0,0,1,0,73,ISABELLA (73),0,NO APLICA,10,Octubre,31,2022,12,34,CR-MISSION RD,4,Calle del Condado,Rural,Colector Mayor,County Highway Agency,0,Sin jurisdiccion especial,31,43.66223889,-84.76804722,Volcadura,El primer evento no fue una colision con un vehiculo automotor en transporte,Not an Intersection,No fue interseccion,Sobre el lado de la calle,Ninguna,Dia total,Nublado,No,NO APLICA,99,99,99,99,1,31/10/2022,1
26,Michigan,260810,0,0,4,0,99,MACOMB (99),4210,RICHMOND,11,Noviembre,6,2022,14,36,DIVISION,6,Calle Local Municipalidad,Urbano,Arteria Menor,City or Municipal Highway Agency,0,Sin jurisdiccion especial,179,42.80921667,-82.75471667,Vehiculo en movimiento,Frente a Detrás,T-Intersection,Interseccion de T,Sobre calle,Ninguna,Dia total,Despejado,No,NO APLICA,14,39,14,41,1,06/11/2022,9
26,Michigan,260811,1,1,2,0,163,WAYNE (163),1260,DETROIT,11,Noviembre,6,2022,1,20,I-75 RAMP 050A,1,Interestatal,Urbano,Interestatal,State Highway Agency,1,Sin jurisdiccion especial,2,42.44111389,-83.09468333,Peaton,El primer evento no fue una colision con un vehiculo automotor en transporte,Not an Intersection,No fue interseccion,Sobre calle,Ninguna,Oscuro con iluminacion,Nublado,No,NO APLICA,99,99,99,99,1,06/11/2022,2
26,Michigan,260812,0,0,1,0,15,BARRY (15),0,NO APLICA,10,Octubre,18,2022,13,21,CR-HUFF RD,4,Calle del Condado,Rural,Local,County Highway Agency,0,Sin jurisdiccion especial,21,42.42808889,-85.134075,Arbol,El primer evento no fue una colision con un vehiculo automotor en transporte,Not an Intersection,No fue interseccion,Sobre el lado de la calle,Ninguna,Dia total,lluvia,No,NO APLICA,99,99,99,99,1,18/10/2022,1
26,Michigan,260813,0,0,3,0,81,KENT (81),0,NO APLICA,11,Noviembre,12,2022,14,51,SR-57 14 MILE RD,3,Highway estatal,Urbano,Arteria Menor,State Highway Agency,0,Sin jurisdiccion especial,59,43.17682222,-85.53505,Vehiculo en movimiento,Golpe Lateral - misma direccion,Not an Intersection,No fue interseccion,Sobre calle,Ninguna,Dia total,Despejado,No,NO APLICA,14,49,15,0,1,12/11/2022,4
26,Michigan,260814,0,0,3,0,125,OAKLAND (125),2725,LATHRUP VILLAGE,10,Octubre,15,2022,8,9,I-696,1,Interestatal,Urbano,Interestatal,State Highway Agency,1,Sin jurisdiccion especial,119,42.48793333,-83.21799722,Vehiculo en movimiento,Frente a Detrás,Not an Intersection,No fue interseccion,Sobre calle,"Zona de trabajo, tipo desconocido",Dia total,Nublado,No,NO APLICA,99,99,99,99,1,15/10/2022,4
26,Michigan,260815,1,1,1,0,163,WAYNE (163),1260,DETROIT,11,Noviembre,10,2022,13,45,CR-LAHSER RD,4,Calle del Condado,Urbano,Arteria Menor,County Highway Agency,0,Sin jurisdiccion especial,20,42.41157778,-83.25734722,Peaton,El primer evento no fue una colision con un vehiculo automotor en transporte,Not an Intersection,No fue interseccion,En estacionamiento,Ninguna,Dia total,Despejado,No,NO APLICA,99,99,99,99,1,10/11/2022,1
26,Michigan,260816,1,1,3,0,73,ISABELLA (73),0,NO APLICA,10,Octubre,17,2022,5,47,US-127,2,US Highway,Urbano,Arterial Principal -Freeway o ExpressWay,State Highway Agency,1,Sin jurisdiccion especial,104,43.59229722,-84.73796111,Vehiculo en movimiento,Frente a Detrás,Not an Intersection,No fue interseccion,Sobre calle,Ninguna,Oscuro sin iluminacion,Despejado,No,NO APLICA,99,98,99,98,1,17/10/2022,2
26,Michigan,260817,0,0,3,0,139,OTTAWA (139),0,NO APLICA,11,Noviembre,5,2022,15,5,SR-45 LAKE MICHIGAN DR,3,Highway estatal,Urbano,Arteria Principal,State Highway Agency,1,Sin jurisdiccion especial,82,42.97255833,-85.799425,Vehiculo en movimiento,Golpe Lateral - misma direccion,Not an Intersection,No fue interseccion,Sobre calle,Ninguna,Dia total,lluvia,No,NO APLICA,15,6,15,25,1,05/11/2022,6
26,Michigan,260818,0,0,1,0,15,BARRY (15),0,NO APLICA,10,Octubre,26,2022,23,0,CR-MAPLE GROVE RD,4,Calle del Condado,Rural,Local,County Highway Agency,0,Sin jurisdiccion especial,15,42.55159444,-85.22588056,Volcadura,El primer evento no fue una colision con un vehiculo automotor en transporte,Not an Intersection,No fue interseccion,Sobre el lado de la calle,Ninguna,Oscuro sin iluminacion,Despejado,No,NO APLICA,23,40,23,50,1,26/10/2022,4
26,Michigan,260819,0,1,3,2,163,WAYNE (163),1260,DETROIT,10,Octubre,24,2022,13,43,CR-OUTER DR,4,Calle del Condado,Urbano,Arteria Menor,County Highway Agency,0,Sin jurisdiccion especial,11,42.41908611,-83.21104444,Vehiculo Aparcado,El primer evento no fue una colision con un vehiculo automotor en transporte,Not an Intersection,No fue interseccion,Fuera de la calle,Ninguna,Dia total,Despejado,No,NO APLICA,99,99,99,99,1,24/10/2022,1
26,Michigan,260820,0,0,1,0,5,ALLEGAN (5),0,NO APLICA,9,Septiembre,13,2022,8,5,CR-PATTERSON RD,4,Calle del Condado,Rural,Colector Mayor,County Highway Agency,0,Sin jurisdiccion especial,4,42.60663056,-85.54390278,Arbol,El primer evento no fue una colision con un vehiculo automotor en transporte,Not an Intersection,No fue interseccion,Sobre el lado de la calle,Ninguna,Dia total,Nublado,No,NO APLICA,8,9,8,20,1,13/09/2022,2
26,Michigan,260821,2,2,1,0,147,ST. CLAIR (147),0,NO APLICA,11,Noviembre,12,2022,19,1,SR-25 24TH AVE,3,Highway estatal,Urbano,Arteria Principal,State Highway Agency,1,Sin jurisdiccion especial,20,43.05146111,-82.45742778,Peaton,El primer evento no fue una colision con un vehiculo automotor en transporte,Not an Intersection,No fue interseccion,Sobre calle,Ninguna,Oscuro sin iluminacion,Despejado,No,NO APLICA,19,3,19,7,1,12/11/2022,1
26,Michigan,260822,0,0,2,0,139,OTTAWA (139),0,NO APLICA,11,Noviembre,12,2022,20,45,CR-96TH ST,4,Calle del Condado,Rural,Colector Mayor,County Highway Agency,0,Sin jurisdiccion especial,57,42.85146389,-86.0202,Vehiculo en movimiento,Angulo,Not an Intersection,No fue interseccion,Sobre calle,Ninguna,Oscuro sin iluminacion,Nieve,No,NO APLICA,20,48,20,58,1,12/11/2022,4
26,Michigan,260823,0,0,1,0,145,SAGINAW (145),0,NO APLICA,11,Noviembre,1,2022,11,6,I-75,1,Interestatal,Urbano,Interestatal,State Highway Agency,1,Sin jurisdiccion especial,152,43.41484444,-83.89127778,Soporte de Puente,El primer evento no fue una colision con un vehiculo automotor en transporte,Not an Intersection,No fue interseccion,Sobre el lado de la calle,Ninguna,Dia total,Despejado,No,NO APLICA,99,99,99,99,1,01/11/2022,1
26,Michigan,260824,0,0,2,0,103,MARQUETTE (103),3480,NEGAUNEE,11,Noviembre,4,2022,5,30,US-41,2,US Highway,Urbano,Arteria Principal,State Highway Agency,1,Sin jurisdiccion especial,349,46.50673056,-87.61267778,Vehiculo en movimiento,Angulo,T-Intersection,Interseccion de T,Sobre calle,Ninguna,Oscuro con iluminacion,Despejado,No,NO APLICA,99,99,99,99,1,04/11/2022,3
26,Michigan,260825,0,0,1,0,125,OAKLAND (125),208,ABURN HILLS,11,Noviembre,14,2022,3,52,I-75 RAMP 031C,1,Interestatal,Urbano,Interestatal,State Highway Agency,1,Sin jurisdiccion especial,0,42.70160556,-83.28493056,Acotamiento,El primer evento no fue una colision con un vehiculo automotor en transporte,Not an Intersection,No fue interseccion,Gore?,Ninguna,Oscuro con iluminacion,Nublado,No,NO APLICA,3,52,3,58,1,14/11/2022,1
26,Michigan,260826,0,0,1,0,45,EATON (45),0,NO APLICA,11,Noviembre,6,2022,15,20,SR-50 E CLINTON TRL,3,Highway estatal,Rural,Arteria Menor,State Highway Agency,0,Sin jurisdiccion especial,33,42.55315,-84.77156667,Arbol,El primer evento no fue una colision con un vehiculo automotor en transporte,Not an Intersection,No fue interseccion,Sobre el lado de la calle,Ninguna,Dia total,Despejado,No,NO APLICA,99,99,99,99,1,06/11/2022,1
26,Michigan,260827,1,1,1,0,81,KENT (81),2010,GRAND RAPIDS,10,Octubre,16,2022,22,29,EASTERN AVE,6,Calle Local Municipalidad,Urbano,Arteria Menor,City or Municipal Highway Agency,0,Sin jurisdiccion especial,111,42.92181944,-85.647625,Ciclista,El primer evento no fue una colision con un vehiculo automotor en transporte,Four-Way Intersection,Interseccion de 4 direcciones,Sobre calle,Ninguna,Dia total,lluvia,No,NO APLICA,22,34,22,39,1,16/10/2022,1
26,Michigan,260828,0,0,1,0,125,OAKLAND (125),4020,PONTIAC,11,Noviembre,17,2022,2,24,E MONTCALM ST,6,Calle Local Municipalidad,Urbano,Arteria Principal,City or Municipal Highway Agency,1,Sin jurisdiccion especial,7,42.65621667,-83.28661667,Banqueta,El primer evento no fue una colision con un vehiculo automotor en transporte,Not an Intersection,No fue interseccion,Sobre el lado de la calle,Ninguna,Oscuro con iluminacion,Nieve,No,NO APLICA,2,26,2,32,1,17/11/2022,1
26,Michigan,260829,1,1,1,0,125,OAKLAND (125),208,ABURN HILLS,10,Octubre,31,2022,19,34,CR-OPDYKE RD,4,Calle del Condado,Urbano,Arteria Menor,County Highway Agency,0,Sin jurisdiccion especial,27,42.62594722,-83.24898056,Ciclista,El primer evento no fue una colision con un vehiculo automotor en transporte,T-Intersection,Interseccion de T,Sobre calle,Ninguna,Oscuro sin iluminacion,Nublado,No,NO APLICA,19,99,19,40,1,31/10/2022,1
26,Michigan,260830,0,0,2,0,49,GENESEE (49),1730,FLINT,5,Mayo,27,2022,13,56,PASADENA AVE,6,Calle Local Municipalidad,Urbano,Arteria Menor,City or Municipal Highway Agency,0,Sin jurisdiccion especial,27,43.04620833,-83.73258611,Vehiculo en movimiento,Angulo,Four-Way Intersection,Interseccion de 4 direcciones,Sobre calle,Ninguna,Dia total,lluvia,No,NO APLICA,99,98,99,98,1,27/05/2022,2
26,Michigan,260831,1,1,1,0,17,BAY (17),0,NO APLICA,7,Julio,8,2022,17,52,NONE,8,Otro,Trafficway Not in State Inventory,Via no en inventario estatal,Trafficway Not in State Inventory,0,Sin jurisdiccion especial,22,43.62185,-83.934675,Peaton,El primer evento no fue una colision con un vehiculo automotor en transporte,Four-Way Intersection,Interseccion de 4 direcciones,Sobre calle,Ninguna,Dia total,Despejado,No,NO APLICA,17,54,17,59,1,08/07/2022,1
26,Michigan,260832,1,1,1,0,81,KENT (81),5089,WALKER,9,Septiembre,1,2022,7,52,SR-45 LAKE MICHIGAN DR,3,Highway estatal,Urbano,Arteria Principal,State Highway Agency,1,Sin jurisdiccion especial,2,42.97238611,-85.78019167,No vehiculo o remolque,El primer evento no fue una colision con un vehiculo automotor en transporte,Four-Way Intersection,Interseccion de 4 direcciones,Sobre calle,Ninguna,Dia total,Despejado,No,NO APLICA,7,52,8,0,1,01/09/2022,1
26,Michigan,260833,0,0,2,0,81,KENT (81),0,NO APLICA,10,Octubre,30,2022,3,4,SR-BELTLINE AVE,3,Highway estatal,Urbano,Arteria Principal,State Highway Agency,1,Sin jurisdiccion especial,16,42.94400833,-85.58471389,Vehiculo en movimiento,Frente a frente,Not an Intersection,No fue interseccion,Sobre calle,Ninguna,Oscuro sin iluminacion,Despejado,No,NO APLICA,3,4,3,10,1,30/10/2022,3
26,Michigan,260834,0,0,1,0,31,CHEBOYGAN (31),0,NO APLICA,9,Septiembre,17,2022,17,26,CR-WAUBUN BEACH RD,4,Calle del Condado,Rural,Local,County Highway Agency,0,Sin jurisdiccion especial,1,45.44701944,-84.62738889,Arbol,El primer evento no fue una colision con un vehiculo automotor en transporte,Not an Intersection,No fue interseccion,Sobre el lado de la calle,Ninguna,Dia total,Despejado,No,NO APLICA,99,99,99,99,1,17/09/2022,2
26,Michigan,260835,0,0,1,0,93,LIVINGSTON (93),580,BRIGHTON,9,Septiembre,11,2022,21,17,I-96,1,Interestatal,Urbano,Interestatal,State Highway Agency,1,Sin jurisdiccion especial,205,42.547575,-83.78939722,Valla Ferrocarril,El primer evento no fue una colision con un vehiculo automotor en transporte,Not an Intersection,No fue interseccion,Sobre el lado de la calle,Ninguna,Oscuro con iluminacion,lluvia,No,NO APLICA,99,99,99,99,1,11/09/2022,1
26,Michigan,260836,1,1,1,0,145,SAGINAW (145),0,NO APLICA,8,Agosto,11,2022,21,21,CR-HESS AVE,4,Calle del Condado,Urbano,Arteria Menor,County Highway Agency,0,Sin jurisdiccion especial,33,43.40037222,-83.89964167,Peaton,El primer evento no fue una colision con un vehiculo automotor en transporte,Not an Intersection,No fue interseccion,Sobre calle,Ninguna,Oscuro sin iluminacion,Despejado,No,NO APLICA,99,99,99,99,1,11/08/2022,1
26,Michigan,260837,0,0,1,0,145,SAGINAW (145),0,NO APLICA,9,Septiembre,4,2022,6,11,CR-BYERE RD,4,Calle del Condado,Rural,Colector Mayor,County Highway Agency,0,Sin jurisdiccion especial,1,43.22275,-83.7749,Volcadura,El primer evento no fue una colision con un vehiculo automotor en transporte,Not an Intersection,No fue interseccion,Fuera de la calle,Ninguna,Oscuro sin iluminacion,Nublado,No,NO APLICA,99,98,99,98,1,04/09/2022,1
26,Michigan,260838,0,0,2,0,87,LAPEER (87),0,NO APLICA,11,Noviembre,8,2022,23,22,SR-24 N LAPEER RD,3,Highway estatal,Urbano,Arteria Menor,State Highway Agency,0,Sin jurisdiccion especial,141,43.08310278,-83.30838333,Vehiculo en movimiento,Golpe Lateral - direccion contraria,Not an Intersection,No fue interseccion,Sobre calle,Ninguna,Oscuro sin iluminacion,Despejado,No,NO APLICA,99,99,99,99,1,08/11/2022,2
26,Michigan,260839,0,0,1,0,77,KALAMAZOO (77),0,NO APLICA,11,Noviembre,11,2022,19,35,CR-SPRINKLE RD,4,Calle del Condado,Urbano,Arteria Menor,County Highway Agency,0,Sin jurisdiccion especial,4,42.13484167,-85.52544167,Arbol,El primer evento no fue una colision con un vehiculo automotor en transporte,Not an Intersection,No fue interseccion,Sobre el lado de la calle,Ninguna,Oscuro sin iluminacion,Nublado,No,NO APLICA,99,99,99,99,1,11/11/2022,1
26,Michigan,260840,0,0,1,0,21,BERRIEN (21),0,NO APLICA,9,Septiembre,28,2022,22,0,CR-PUCKER ST,4,Calle del Condado,Rural,Colector Menor,County Highway Agency,0,Sin jurisdiccion especial,33,41.91055556,-86.24275278,Arbol,El primer evento no fue una colision con un vehiculo automotor en transporte,Not an Intersection,No fue interseccion,Sobre el lado de la calle,Ninguna,Oscuro sin iluminacion,Despejado,No,NO APLICA,22,1,22,11,1,28/09/2022,1
26,Michigan,260841,0,0,3,0,107,MECOSTA (107),0,NO APLICA,9,Septiembre,30,2022,19,9,SR-US131 BR 19 MILE RD,3,Highway estatal,Urbano,Arteria Principal,State Highway Agency,1,Sin jurisdiccion especial,16,43.74275,-85.529375,Vehiculo en movimiento,Frente a Detrás,Not an Intersection,No fue interseccion,Sobre calle,Construccion,Dia total,Despejado,No,NO APLICA,19,11,19,21,1,30/09/2022,3
26,Michigan,260842,0,0,2,0,57,GRATIOT (57),0,NO APLICA,11,Noviembre,22,2022,6,20,CR-N BARRY RD,4,Calle del Condado,Rural,Colector Mayor,County Highway Agency,0,Sin jurisdiccion especial,90,43.379025,-84.42938333,Vehiculo en movimiento,Angulo,Four-Way Intersection,Interseccion de 4 direcciones,Sobre calle,Ninguna,Oscuro sin iluminacion,Despejado,No,NO APLICA,6,25,6,34,1,22/11/2022,2
26,Michigan,260843,0,0,1,0,161,WASHTENAW (161),0,NO APLICA,11,Noviembre,22,2022,15,10,CR-E WILLOW RD,4,Calle del Condado,Rural,Colector Mayor,County Highway Agency,0,Sin jurisdiccion especial,86,42.11453889,-83.5517,Culvert,El primer evento no fue una colision con un vehiculo automotor en transporte,Not an Intersection,No fue interseccion,Sobre el lado de la calle,Ninguna,Dia total,Despejado,No,NO APLICA,99,99,99,99,2,22/11/2022,2
26,Michigan,260844,0,0,1,0,5,ALLEGAN (5),0,NO APLICA,11,Noviembre,26,2022,9,50,I-196,1,Interestatal,Rural,Interestatal,State Highway Agency,1,Sin jurisdiccion especial,177,42.66002778,-86.18175278,Barda,El primer evento no fue una colision con un vehiculo automotor en transporte,Not an Intersection,No fue interseccion,Sobre el lado de la calle,"Zona de trabajo, tipo desconocido",Dia total,Despejado,No,NO APLICA,99,99,99,99,1,26/11/2022,2
26,Michigan,260845,1,1,1,0,163,WAYNE (163),4815,TAYLOR,10,Octubre,31,2022,1,5,GODDARD RD,6,Calle Local Municipalidad,Urbano,Arteria Menor,City or Municipal Highway Agency,0,Sin jurisdiccion especial,15,42.226275,-83.27827222,Peaton,El primer evento no fue una colision con un vehiculo automotor en transporte,Not an Intersection,No fue interseccion,Sobre calle,Ninguna,Oscuro con iluminacion,lluvia,No,NO APLICA,99,99,99,99,1,31/10/2022,1
26,Michigan,260846,0,0,2,0,99,MACOMB (99),5110,WARREN,10,Octubre,10,2022,13,18,NONE,8,Otro,Trafficway Not in State Inventory,Via no en inventario estatal,Trafficway Not in State Inventory,0,Sin jurisdiccion especial,58,42.50849444,-82.97002778,Vehiculo en movimiento,Frente a Detrás,Not an Intersection,No fue interseccion,Sobre calle,Ninguna,Dia total,Despejado,No,NO APLICA,99,99,99,99,2,10/10/2022,2