Estado,Nombre de Estado,Numero de Caso,Peatones,Personas _no_vehiculos,Vehiculos automotores,Vehiculos estacionados,Condado,Nombre Condado,Ciudad,Nombre Ciudad,Mes,Nombre Mes,Dia,Año,Hora,Minuto,Calle,Ruta,Nombre Ruta,Rural o Urbanoo,Sistema Funcional,Dueño Calle,Sistema Nacional Carreteras,Jurisdiccion Especial,Milla,Latitud,Longitud,Causa del Accidente,Tipo de Accidente,Tipo Interseccion,Columna1,Lugar en la calle,Zona de Trabajo,Luz,Clima,Autobus Escolar,Cruce de Trenes,Hora Notificacion,Minuto Notificacion,Hora Llegada,Minuto Llegada,Decesos,Fecha,PersonaVehiculo
26,Michigan,260847,1,1,1,0,163,WAYNE (163),1260,DETROIT,10,Octubre,30,2022,2,33,I-96,1,Interestatal,Urbano,Interestatal,State Highway Agency,1,Sin jurisdiccion especial,14,42.36483333,-83.132475,Peaton,El primer evento no fue una colision con un vehiculo automotor en transporte,Not an Intersection,No fue interseccion,Sobre calle,Ninguna,Oscuro con iluminacion,Despejado,No,NO APLICA,99,99,99,99,1,30/10/2022,1
26,Michigan,260848,1,1,1,0,17,BAY (17),0,NO APLICA,10,Octubre,10,2022,6,8,US-10,2,US Highway,Urbano,Arterial Principal -Freeway o ExpressWay,State Highway Agency,1,Sin jurisdiccion especial,22,43.59740556,-84.13328889,Peaton,El primer evento no fue una colision con un vehiculo automotor en transporte,Not an Intersection,No fue interseccion,Sobre calle,Ninguna,Oscuro sin iluminacion,Despejado,No,NO APLICA,6,11,6,25,1,10/10/2022,2
26,Michigan,260849,1,1,1,0,163,WAYNE (163),1260,DETROIT,8,Agosto,21,2022,21,44,MACK AVE,6,Calle Local Municipalidad,Urbano,Arteria Principal,City or Municipal Highway Agency,1,Sin jurisdiccion especial,28,42.37153333,-82.99518611,Peaton,El primer evento no fue una colision con un vehiculo automotor en transporte,Four-Way Intersection,Interseccion de 4 direcciones,Sobre calle,Ninguna,Oscuro con iluminacion,lluvia,No,NO APLICA,99,99,99,99,1,21/08/2022,1
26,Michigan,260850,0,0,3,0,153,SCHOOLCRAFT (153),4517,SENEY,10,Octubre,23,2022,13,0,SR-28,3,Highway estatal,Rural,Arteria Principal,State Highway Agency,1,Sin jurisdiccion especial,110,46.34548611,-86.13326667,Final Destination ( Vehiculo es golpeado por carga o otro objeto puesto en movimiento por otro vehiculo en movimiento),Otro,Not an Intersection,No fue interseccion,Sobre calle,Ninguna,Dia total,Despejado,No,NO APLICA,99,99,99,99,1,23/10/2022,5
26,Michigan,260851,0,0,2,0,35,CLARE (35),1660,FARWELL,10,Octubre,16,2022,17,9,E WEBBER ST,6,Calle Local Municipalidad,Urbano,Local,City or Municipal Highway Agency,0,Sin jurisdiccion especial,3,43.83463056,-84.86238056,Vehiculo en movimiento,Angulo,Four-Way Intersection,Interseccion de 4 direcciones,Sobre calle,Ninguna,Dia total,Despejado,No,NO APLICA,17,10,17,30,1,16/10/2022,3
26,Michigan,260852,1,1,1,0,25,CALHOUN (25),310,BATTLE CREEK,10,Octubre,31,2022,19,37,SR-96 COLUMBIA AVE,3,Highway estatal,Urbano,Arteria Principal,State Highway Agency,1,Sin jurisdiccion especial,41,42.29851667,-85.19981389,Peaton,El primer evento no fue una colision con un vehiculo automotor en transporte,Four-Way Intersection,Interseccion de 4 direcciones,Sobre calle,Ninguna,Oscuro con iluminacion,lluvia,No,NO APLICA,19,40,20,4,1,31/10/2022,1
26,Michigan,260854,0,0,2,0,25,CALHOUN (25),0,NO APLICA,10,Octubre,29,2022,7,40,SR-96 MICHIGAN AVE,3,Highway estatal,Rural,Arteria Menor,State Highway Agency,0,Sin jurisdiccion especial,77,42.28094444,-85.04187778,Vehiculo en movimiento,Otro,Not an Intersection,No fue interseccion,Sobre calle,Ninguna,Amanecer,Neblina o Humo,No,NO APLICA,7,32,7,45,1,29/10/2022,3
26,Michigan,260855,2,2,3,2,13,BARAGA (13),0,NO APLICA,10,Octubre,13,2022,23,13,US-41,2,US Highway,Rural,Arteria Principal,State Highway Agency,1,Sin jurisdiccion especial,300,46.75040278,-88.44476389,Poste,El primer evento no fue una colision con un vehiculo automotor en transporte,Not an Intersection,No fue interseccion,Sobre el lado de la calle,Ninguna,Oscuro con iluminacion,lluvia,No,NO APLICA,99,99,99,99,1,13/10/2022,2
26,Michigan,260856,0,0,2,0,163,WAYNE (163),1260,DETROIT,11,Noviembre,14,2022,12,48,HAYES ST,6,Calle Local Municipalidad,Urbano,Arteria Menor,City or Municipal Highway Agency,0,Sin jurisdiccion especial,13,42.42400556,-82.96516944,Vehiculo en movimiento,Angulo,Four-Way Intersection,Interseccion de 4 direcciones,Sobre calle,Ninguna,Dia total,Despejado,No,NO APLICA,99,99,99,99,1,14/11/2022,2
26,Michigan,260857,1,1,1,0,25,CALHOUN (25),310,BATTLE CREEK,11,Noviembre,2,2022,19,36,GOODALE AVE,6,Calle Local Municipalidad,Urbano,Arteria Menor,City or Municipal Highway Agency,0,Sin jurisdiccion especial,18,42.34086944,-85.1852,Peaton,El primer evento no fue una colision con un vehiculo automotor en transporte,Four-Way Intersection,Interseccion de 4 direcciones,Sobre calle,Ninguna,Oscuro con iluminacion,Despejado,No,NO APLICA,19,36,19,40,1,02/11/2022,2
26,Michigan,260858,0,0,1,0,163,WAYNE (163),2165,HARPER WOODS,11,Noviembre,22,2022,13,6,BEACONSFIELD,6,Calle Local Municipalidad,Urbano,Colector Mayor,City or Municipal Highway Agency,0,Sin jurisdiccion especial,10,42.44228056,-82.93228056,Arbol,El primer evento no fue una colision con un vehiculo automotor en transporte,Not an Intersection,No fue interseccion,Sobre el lado de la calle,Ninguna,Dia total,Despejado,No,NO APLICA,99,99,99,99,1,22/11/2022,1
26,Michigan,260859,0,0,1,0,121,MUSKEGON (121),0,NO APLICA,11,Noviembre,4,2022,22,32,CR-ACCESS HWY,4,Calle del Condado,Urbano,Colector Mayor,County Highway Agency,0,Sin jurisdiccion especial,1,43.25143056,-86.20607222,Volcadura,El primer evento no fue una colision con un vehiculo automotor en transporte,Not an Intersection,No fue interseccion,Reportado como desconocida,Ninguna,Oscuro con iluminacion,Nublado,No,NO APLICA,22,33,22,40,1,04/11/2022,5
26,Michigan,260860,0,0,2,0,81,KENT (81),5319,WYOMING,11,Noviembre,3,2022,17,45,DIVISION AVE,6,Calle Local Municipalidad,Urbano,Arteria Principal,City or Municipal Highway Agency,1,Sin jurisdiccion especial,78,42.87313333,-85.66440278,Vehiculo en movimiento,Angulo,T-Intersection,Interseccion de T,Sobre calle,Ninguna,Dia total,Despejado,No,NO APLICA,17,47,17,52,1,03/11/2022,2
26,Michigan,260861,0,0,2,0,65,INGHAM (65),0,NO APLICA,11,Noviembre,11,2022,18,39,SR-52 STOCKBRIDGE RD,3,Highway estatal,Rural,Arteria Menor,State Highway Agency,0,Sin jurisdiccion especial,10,42.46846111,-84.19007778,Vehiculo en movimiento,Angulo,Four-Way Intersection,Interseccion de 4 direcciones,Sobre calle,Ninguna,Oscuro sin iluminacion,Despejado,No,NO APLICA,18,38,18,46,1,11/11/2022,2
26,Michigan,260862,0,0,2,0,93,LIVINGSTON (93),0,NO APLICA,11,Noviembre,13,2022,14,29,I-96,1,Interestatal,Urbano,Interestatal,State Highway Agency,1,Sin jurisdiccion especial,93,42.61040833,-83.98232222,Vehiculo en movimiento,Frente a frente,Not an Intersection,No fue interseccion,Sobre calle,Ninguna,Dia total,Despejado,No,NO APLICA,99,99,99,99,2,13/11/2022,2
26,Michigan,260863,0,0,2,0,163,WAYNE (163),1260,DETROIT,11,Noviembre,16,2022,0,29,CR-E OUTER DR,4,Calle del Condado,Urbano,Arteria Menor,County Highway Agency,0,Sin jurisdiccion especial,29,42.44030833,-83.0635,Vehiculo en movimiento,Angulo,Four-Way Intersection,Interseccion de 4 direcciones,Sobre calle,Ninguna,Oscuro con iluminacion,lluvia,No,NO APLICA,99,99,99,99,1,16/11/2022,3
26,Michigan,260864,0,0,2,0,115,MONROE (115),0,NO APLICA,11,Noviembre,19,2022,19,1,US-24 TELEGRAPH RD,2,US Highway,Urbano,Arteria Principal,County Highway Agency,1,Sin jurisdiccion especial,64,41.81350833,-83.497075,Vehiculo en movimiento,Frente a frente,Not an Intersection,No fue interseccion,Sobre calle,Ninguna,Oscuro sin iluminacion,Despejado,No,NO APLICA,19,12,19,19,1,19/11/2022,4
26,Michigan,260865,1,1,1,0,163,WAYNE (163),1260,DETROIT,11,Noviembre,6,2022,2,10,SR-10,3,Highway estatal,Urbano,Arterial Principal -Freeway o ExpressWay,State Highway Agency,1,Sin jurisdiccion especial,88,42.3684,-83.08279444,Peaton,El primer evento no fue una colision con un vehiculo automotor en transporte,Not an Intersection,No fue interseccion,Sobre calle,Ninguna,Oscuro con iluminacion,Despejado,No,NO APLICA,99,99,99,99,1,06/11/2022,3
26,Michigan,260866,0,0,1,0,125,OAKLAND (125),0,NO APLICA,11,Noviembre,14,2022,4,45,CR-PONTIAC TRL,4,Calle del Condado,Urbano,Arteria Menor,County Highway Agency,0,Sin jurisdiccion especial,56,42.50428056,-83.64071667,Arbol,El primer evento no fue una colision con un vehiculo automotor en transporte,Not an Intersection,No fue interseccion,Sobre el lado de la calle,Ninguna,Oscuro sin iluminacion,Despejado,No,NO APLICA,4,45,4,56,1,14/11/2022,1
26,Michigan,260867,0,0,1,0,81,KENT (81),0,NO APLICA,11,Noviembre,26,2022,20,4,US-131,2,US Highway,Urbano,Arterial Principal -Freeway o ExpressWay,State Highway Agency,1,Sin jurisdiccion especial,258,43.11623056,-85.60733056,Volcadura,El primer evento no fue una colision con un vehiculo automotor en transporte,Not an Intersection,No fue interseccion,En el medio,Ninguna,Oscuro sin iluminacion,Despejado,No,NO APLICA,20,0,20,10,1,26/11/2022,1
26,Michigan,260868,0,0,2,0,73,ISABELLA (73),0,NO APLICA,11,Noviembre,9,2022,17,34,CR-DREW RD,4,Calle del Condado,Rural,Local,County Highway Agency,0,Sin jurisdiccion especial,49,43.66130833,-84.98750278,Vehiculo en movimiento,Angulo,Four-Way Intersection,Interseccion de 4 direcciones,Sobre calle,Ninguna,Atardecer,Nublado,No,NO APLICA,99,99,99,99,1,09/11/2022,2
26,Michigan,260869,0,0,2,0,163,WAYNE (163),4166,REDFORD TOWNSHIP,11,Noviembre,12,2022,0,56,US-24 TELEGRAPH RD,2,US Highway,Urbano,Arteria Principal,State Highway Agency,1,Sin jurisdiccion especial,145,42.40003333,-83.27694722,Vehiculo en movimiento,Angulo,Four-Way Intersection,Interseccion de 4 direcciones,Sobre calle,Ninguna,Oscuro con iluminacion,Despejado,No,NO APLICA,0,50,0,55,1,12/11/2022,2
26,Michigan,260870,0,0,2,0,163,WAYNE (163),4295,ROMULUS,11,Noviembre,10,2022,6,51,I-94,1,Interestatal,Urbano,Interestatal,State Highway Agency,1,Sin jurisdiccion especial,69,42.22278333,-83.41018056,Vehiculo en movimiento,Frente a Detrás,Not an Intersection,No fue interseccion,Sobre calle,Ninguna,Oscuro con iluminacion,Despejado,No,NO APLICA,99,99,99,99,1,10/11/2022,2
26,Michigan,260871,0,0,1,0,93,LIVINGSTON (93),0,NO APLICA,11,Noviembre,27,2022,9,16,CR-OAK GROVE RD,4,Calle del Condado,Rural,Colector Mayor,County Highway Agency,0,Sin jurisdiccion especial,35,42.738025,-83.94956111,Arbol,El primer evento no fue una colision con un vehiculo automotor en transporte,Not an Intersection,No fue interseccion,Sobre el lado de la calle,Ninguna,Dia total,lluvia,No,NO APLICA,9,17,9,36,1,27/11/2022,1
26,Michigan,260872,0,0,1,0,163,WAYNE (163),0,NO APLICA,11,Noviembre,12,2022,0,17,CR-BAYBERRY WAY,4,Calle del Condado,Urbano,Local,County Highway Agency,0,Sin jurisdiccion especial,1,42.41525278,-83.54484167,Arbol,El primer evento no fue una colision con un vehiculo automotor en transporte,Not an Intersection,No fue interseccion,Sobre el lado de la calle,Ninguna,Oscuro sin iluminacion,Despejado,No,NO APLICA,0,20,0,29,2,12/11/2022,2
26,Michigan,260873,0,0,1,0,13,BARAGA (13),0,NO APLICA,11,Noviembre,14,2022,2,0,US-41,2,US Highway,Rural,Arteria Principal,State Highway Agency,1,Sin jurisdiccion especial,326,46.75374167,-88.49492778,Valla Ferrocarril,El primer evento no fue una colision con un vehiculo automotor en transporte,Not an Intersection,No fue interseccion,Sobre el lado de la calle,Ninguna,Oscuro sin iluminacion,Despejado,No,NO APLICA,99,99,99,99,1,14/11/2022,1
26,Michigan,260874,0,0,4,2,163,WAYNE (163),1260,DETROIT,11,Noviembre,26,2022,21,15,CHAMBERLAIN,6,Calle Local Municipalidad,Urbano,Colector Mayor,City or Municipal Highway Agency,0,Sin jurisdiccion especial,2,42.30030278,-83.13020556,Vehiculo en movimiento,Angulo,Four-Way Intersection,Interseccion de 4 direcciones,Sobre calle,Ninguna,Oscuro con iluminacion,Despejado,No,NO APLICA,99,99,99,99,1,26/11/2022,3
26,Michigan,260875,0,0,1,0,57,GRATIOT (57),0,NO APLICA,11,Noviembre,19,2022,2,10,US-127,2,US Highway,Rural,Arterial Principal -Freeway o ExpressWay,State Highway Agency,1,Sin jurisdiccion especial,177,43.36577222,-84.60195556,Arbol,El primer evento no fue una colision con un vehiculo automotor en transporte,Not an Intersection,No fue interseccion,Sobre el lado de la calle,Ninguna,Oscuro sin iluminacion,Nieve,No,NO APLICA,2,8,2,18,1,19/11/2022,1
26,Michigan,260876,0,0,1,0,143,ROSCOMMON (143),0,NO APLICA,11,Noviembre,15,2022,13,49,SR-18 ROSCOMMON RD,3,Highway estatal,Rural,Arteria Menor,State Highway Agency,0,Sin jurisdiccion especial,65,44.39041944,-84.61367778,Volcadura,El primer evento no fue una colision con un vehiculo automotor en transporte,Not an Intersection,No fue interseccion,Sobre el lado de la calle,Ninguna,Dia total,Nieve,No,NO APLICA,99,98,99,98,1,15/11/2022,1
26,Michigan,260877,0,0,2,0,125,OAKLAND (125),3628,NOVI,11,Noviembre,16,2022,6,12,CR-NOVI RD,4,Calle del Condado,Urbano,Arteria Principal,County Highway Agency,1,Sin jurisdiccion especial,24,42.47451944,-83.47522778,Vehiculo en movimiento,Angulo,Not an Intersection,No fue interseccion,Sobre calle,Ninguna,Oscuro sin iluminacion,Nieve,No,NO APLICA,99,99,99,99,1,16/11/2022,2
26,Michigan,260878,0,0,1,0,69,IOSCO (69),0,NO APLICA,11,Noviembre,30,2022,16,36,CR-SOUTH BRANCH RD,4,Calle del Condado,Rural,Colector Mayor,County Highway Agency,0,Sin jurisdiccion especial,0,44.435275,-83.87618056,Buzon de correo,El primer evento no fue una colision con un vehiculo automotor en transporte,Not an Intersection,No fue interseccion,Sobre el lado de la calle,Ninguna,Dia total,Nieve,No,NO APLICA,16,36,17,11,1,30/11/2022,1
26,Michigan,260879,0,0,1,0,163,WAYNE (163),1260,DETROIT,11,Noviembre,18,2022,3,30,I-75 CD/RAMP 037E,1,Interestatal,Urbano,Interestatal,State Highway Agency,1,Sin jurisdiccion especial,0,42.33331667,-83.08303333,Barrera de Trafico de Concreto,El primer evento no fue una colision con un vehiculo automotor en transporte,Not an Intersection,No fue interseccion,Sobre el lado de la calle,Ninguna,Oscuro con iluminacion,Despejado,No,NO APLICA,99,99,99,99,1,18/11/2022,2
26,Michigan,260880,0,0,1,0,7,ALPENA (7),0,NO APLICA,11,Noviembre,30,2022,18,19,CR-FRENCH RD,4,Calle del Condado,Rural,Colector Mayor,County Highway Agency,0,Sin jurisdiccion especial,42,45.14554722,-83.47400556,Zanja,El primer evento no fue una colision con un vehiculo automotor en transporte,Not an Intersection,No fue interseccion,Sobre el lado de la calle,Ninguna,Oscuro sin iluminacion,Nieve,No,NO APLICA,18,19,18,28,1,30/11/2022,2
26,Michigan,260881,1,1,1,0,49,GENESEE (49),4795,SWARTZ CREEK,11,Noviembre,23,2022,17,45,ELMS RD,6,Calle Local Municipalidad,Urbano,Arteria Menor,City or Municipal Highway Agency,0,Sin jurisdiccion especial,42,42.975125,-83.81151944,Peaton,El primer evento no fue una colision con un vehiculo automotor en transporte,Not an Intersection,No fue interseccion,Sobre calle,Ninguna,Atardecer,Despejado,No,NO APLICA,17,47,17,54,1,23/11/2022,2
26,Michigan,260882,1,1,1,0,125,OAKLAND (125),4340,ROYAL OAK,11,Noviembre,21,2022,20,24,CR-12 MILE RD,4,Calle del Condado,Urbano,Arteria Principal,County Highway Agency,1,Sin jurisdiccion especial,204,42.5045,-83.11840833,Ciclista,El primer evento no fue una colision con un vehiculo automotor en transporte,Four-Way Intersection,Interseccion de 4 direcciones,Sobre calle,Ninguna,Oscuro con iluminacion,Despejado,No,NO APLICA,20,24,20,29,1,21/11/2022,1
26,Michigan,260883,0,0,2,0,125,OAKLAND (125),2230,HAZEL PARK,11,Noviembre,25,2022,23,34,SR-102 8 MILE RD,3,Highway estatal,Urbano,Arteria Principal,State Highway Agency,1,Sin jurisdiccion especial,120,42.44728333,-83.08638333,Vehiculo en movimiento,Angulo,Not an Intersection,No fue interseccion,Sobre calle,Ninguna,Oscuro con iluminacion,Despejado,No,NO APLICA,99,99,99,99,1,25/11/2022,2
26,Michigan,260884,0,0,1,0,163,WAYNE (163),2260,HIGHLAND PARK,11,Noviembre,1,2022,18,20,3RD ST,6,Calle Local Municipalidad,Urbano,Local,City or Municipal Highway Agency,0,Sin jurisdiccion especial,4,42.39182222,-83.09572222,Arbol,El primer evento no fue una colision con un vehiculo automotor en transporte,Not an Intersection,No fue interseccion,Fuera de la calle,Ninguna,Dia total,Despejado,No,NO APLICA,99,99,99,99,1,01/11/2022,2
26,Michigan,260885,0,0,1,0,109,MENOMINEE (109),0,NO APLICA,10,Octubre,8,2022,19,34,CR-OLD US 41,4,Calle del Condado,Rural,Local,County Highway Agency,0,Sin jurisdiccion especial,4,45.61036667,-87.55280833,Volcadura,El primer evento no fue una colision con un vehiculo automotor en transporte,T-Intersection,Interseccion de T,Sobre Acotamiento,Ninguna,Atardecer,Despejado,No,NO APLICA,99,99,99,99,1,08/10/2022,2
26,Michigan,260886,0,0,1,0,55,GRAND TRAVERSE (55),0,NO APLICA,11,Noviembre,22,2022,15,19,CR-GARY RD,4,Calle del Condado,Urbano,Local,County Highway Agency,0,Sin jurisdiccion especial,0,44.65173611,-85.66562222,Volcadura,El primer evento no fue una colision con un vehiculo automotor en transporte,Not an Intersection,No fue interseccion,Sobre calle,Ninguna,Dia total,Nublado,No,NO APLICA,15,21,15,27,1,22/11/2022,1
26,Michigan,260887,0,0,2,0,163,WAYNE (163),4010,PLYMOUTH,11,Noviembre,24,2022,2,28,SR-14,3,Highway estatal,Urbano,Arterial Principal -Freeway o ExpressWay,State Highway Agency,1,Sin jurisdiccion especial,16,42.38195833,-83.52376111,Vehiculo en movimiento,Frente a frente,Not an Intersection,No fue interseccion,Sobre calle,Ninguna,Oscuro sin iluminacion,Nublado,No,NO APLICA,99,99,99,99,2,24/11/2022,3
26,Michigan,260888,0,0,3,0,27,CASS (27),0,NO APLICA,12,Diciembre,2,2022,17,24,SR-60,3,Highway estatal,Rural,Arteria Menor,State Highway Agency,0,Sin jurisdiccion especial,62,41.85409167,-86.13108611,Vehiculo en movimiento,Frente a Detrás,Four-Way Intersection,Interseccion de 4 direcciones,Sobre calle,Ninguna,Atardecer,Despejado,No,NO APLICA,99,99,99,99,1,02/12/2022,6
26,Michigan,260889,0,0,1,0,147,ST. CLAIR (147),0,NO APLICA,12,Diciembre,3,2022,3,55,FERRY DOCK RD,6,Calle Local Municipalidad,Trafficway Not in State Inventory,Via no en inventario estatal,Trafficway Not in State Inventory,0,Sin jurisdiccion especial,0,42.61803056,-82.56059444,Immersion total o parcial,El primer evento no fue una colision con un vehiculo automotor en transporte,Not an Intersection,No fue interseccion,Fuera de la calle,Ninguna,Oscuro con iluminacion,Despejado,No,NO APLICA,3,57,4,6,1,03/12/2022,1
26,Michigan,260890,0,0,2,0,163,WAYNE (163),1260,DETROIT,11,Noviembre,25,2022,1,21,SR-96 GRAND RIVER AVE,3,Highway estatal,Urbano,Arteria Principal,State Highway Agency,1,Sin jurisdiccion especial,65,42.37407222,-83.15241667,Vehiculo en movimiento,Angulo,T-Intersection,Interseccion de T,Sobre calle,Ninguna,Oscuro con iluminacion,lluvia,No,NO APLICA,99,99,99,99,1,25/11/2022,7
26,Michigan,260891,0,0,2,0,49,GENESEE (49),1730,FLINT,12,Diciembre,4,2022,22,30,W HAMILTON,6,Calle Local Municipalidad,Urbano,Colector Mayor,City or Municipal Highway Agency,0,Sin jurisdiccion especial,2,43.035975,-83.71598056,Vehiculo en movimiento,Angulo,Four-Way Intersection,Interseccion de 4 direcciones,Sobre calle,Ninguna,Oscuro con iluminacion,Despejado,No,NO APLICA,22,32,22,34,1,04/12/2022,2
26,Michigan,260892,0,0,3,0,163,WAYNE (163),4975,VAN BOWEN,12,Diciembre,4,2022,13,41,CR-RAWSONVILLE RD,4,Calle del Condado,Urbano,Arteria Menor,County Highway Agency,0,Sin jurisdiccion especial,72,42.19041111,-83.54269444,Vehiculo en movimiento,Frente a frente,Not an Intersection,No fue interseccion,Sobre calle,Ninguna,Dia total,Despejado,No,NO APLICA,99,99,99,99,1,04/12/2022,3
26,Michigan,260893,1,1,1,0,103,MARQUETTE (103),2480,ISHPEMING,11,Noviembre,23,2022,19,9,SR-28 READY ST,3,Highway estatal,Urbano,Arteria Menor,State Highway Agency,0,Sin jurisdiccion especial,41,46.48978333,-87.64242222,Peaton,El primer evento no fue una colision con un vehiculo automotor en transporte,Not an Intersection,No fue interseccion,Sobre Acotamiento,Ninguna,Oscuro sin iluminacion,Despejado,No,NO APLICA,99,98,99,98,1,23/11/2022,1
26,Michigan,260894,0,0,1,0,125,OAKLAND (125),0,NO APLICA,11,Noviembre,29,2022,8,30,CR-GRANGE HALL RD,4,Calle del Condado,Urbano,Arteria Menor,County Highway Agency,0,Sin jurisdiccion especial,139,42.85288889,-83.45868889,Arbol,El primer evento no fue una colision con un vehiculo automotor en transporte,Not an Intersection,No fue interseccion,Sobre el lado de la calle,Ninguna,Dia total,Nublado,No,NO APLICA,99,99,99,99,1,29/11/2022,1
26,Michigan,260895,0,0,2,0,125,OAKLAND (125),1652,FARMINGTON HILLS,12,Diciembre,7,2022,5,45,I-696,1,Interestatal,Urbano,Interestatal,State Highway Agency,1,Sin jurisdiccion especial,11,42.48556389,-83.43134722,Vehiculo en movimiento,Golpe Lateral - misma direccion,Not an Intersection,No fue interseccion,Sobre calle,Construccion,Oscuro con iluminacion,Nublado,No,NO APLICA,99,99,99,99,1,07/12/2022,2
26,Michigan,260896,1,1,2,0,75,JACKSON (75),2764,LEONI,11,Noviembre,2,2022,7,10,SR-94 ANN ARBOR RD,3,Highway estatal,Urbano,Arteria Principal,State Highway Agency,1,Sin jurisdiccion especial,1,42.25849444,-84.35335278,Peaton,El primer evento no fue una colision con un vehiculo automotor en transporte,Four-Way Intersection,Interseccion de 4 direcciones,Sobre calle,Ninguna,Oscuro sin iluminacion,Despejado,No,NO APLICA,7,13,7,16,1,02/11/2022,2
26,Michigan,260897,0,0,3,0,99,MACOMB (99),4330,ROSEVILLE,11,Noviembre,24,2022,15,13,I-94,1,Interestatal,Urbano,Interestatal,State Highway Agency,1,Sin jurisdiccion especial,49,42.51854167,-82.91726944,Vehiculo en movimiento,Frente a frente,Not an Intersection,No fue interseccion,Sobre calle,Ninguna,Dia total,Despejado,No,NO APLICA,15,25,15,30,2,24/11/2022,13
26,Michigan,260898,0,0,1,0,115,MONROE (115),0,NO APLICA,12,Diciembre,7,2022,13,50,SR-50 S CUSTER RD,3,Highway estatal,Rural,Arteria Menor,State Highway Agency,0,Sin jurisdiccion especial,134,41.94124444,-83.51560278,Culvert,El primer evento no fue una colision con un vehiculo automotor en transporte,Not an Intersection,No fue interseccion,Sobre el lado de la calle,Ninguna,Dia total,Nublado,No,NO APLICA,13,56,14,6,1,07/12/2022,1
26,Michigan,260899,1,1,1,0,89,LEELANAU (89),0,NO APLICA,12,Diciembre,8,2022,19,22,CR-S LAKE SHORE DR,4,Calle del Condado,Rural,Colector Mayor,County Highway Agency,0,Sin jurisdiccion especial,108,44.97116111,-85.71398333,Peaton,El primer evento no fue una colision con un vehiculo automotor en transporte,Not an Intersection,No fue interseccion,Sobre calle,Ninguna,Oscuro sin iluminacion,Despejado,No,NO APLICA,19,22,19,25,1,08/12/2022,1
26,Michigan,260900,0,0,1,0,157,TUSCOLA (157),0,NO APLICA,5,Mayo,5,2022,20,17,CR-RUPRECHT RD,4,Calle del Condado,Rural,Local,County Highway Agency,0,Sin jurisdiccion especial,12,43.35171111,-83.55557778,Arbol,El primer evento no fue una colision con un vehiculo automotor en transporte,Not an Intersection,No fue interseccion,Sobre el lado de la calle,Ninguna,Dia total,Despejado,No,NO APLICA,20,18,20,25,1,05/05/2022,1
26,Michigan,260901,0,0,1,0,163,WAYNE (163),1260,DETROIT,5,Mayo,28,2022,5,0,BELLEVUE ST,6,Calle Local Municipalidad,Urbano,Local,City or Municipal Highway Agency,0,Sin jurisdiccion especial,5,42.35214722,-83.01083889,Poste o otros soportes,El primer evento no fue una colision con un vehiculo automotor en transporte,Not an Intersection,No fue interseccion,Sobre el lado de la calle,Ninguna,Oscuro con iluminacion,Despejado,No,NO APLICA,99,99,99,99,1,28/05/2022,1
26,Michigan,260902,0,0,1,0,3,ALGER (3),0,NO APLICA,11,Noviembre,17,2022,19,40,SR-28,3,Highway estatal,Rural,Arteria Principal,State Highway Agency,1,Sin jurisdiccion especial,23,46.49276944,-87.06735556,Arbol,El primer evento no fue una colision con un vehiculo automotor en transporte,Not an Intersection,No fue interseccion,Sobre el lado de la calle,Ninguna,Oscuro sin iluminacion,Nieve,No,NO APLICA,99,99,99,99,1,17/11/2022,1
26,Michigan,260903,1,1,1,0,121,MUSKEGON (121),3460,MUSKEGON HTS,11,Noviembre,26,2022,22,41,SR-31 SEAWAY DR,3,Highway estatal,Urbano,Arteria Principal,State Highway Agency,1,Sin jurisdiccion especial,21,43.18945556,-86.24075556,Ciclista,El primer evento no fue una colision con un vehiculo automotor en transporte,Four-Way Intersection,Interseccion de 4 direcciones,Sobre calle,Ninguna,Oscuro con iluminacion,Despejado,No,NO APLICA,22,41,22,48,1,26/11/2022,3
26,Michigan,260904,0,0,2,0,117,MONTCALM (117),0,NO APLICA,11,Noviembre,23,2022,15,55,US-131,2,US Highway,Rural,Arterial Principal -Freeway o ExpressWay,State Highway Agency,1,Sin jurisdiccion especial,56,43.36650556,-85.51613333,Puente de Ferrocarril,El primer evento no fue una colision con un vehiculo automotor en transporte,Not an Intersection,No fue interseccion,En el medio,Ninguna,Dia total,Despejado,No,NO APLICA,15,50,16,4,1,23/11/2022,4
26,Michigan,260905,0,0,2,0,77,KALAMAZOO (77),2520,KALAMAZOO,11,Noviembre,14,2022,8,25,CR-SPRINKLE RD,4,Calle del Condado,Rural,Arteria Principal,County Highway Agency,1,Sin jurisdiccion especial,56,42.25613333,-85.53063333,Vehiculo en movimiento,Angulo,Not an Intersection,No fue interseccion,Sobre calle,Ninguna,Dia total,Despejado,No,NO APLICA,99,99,99,99,1,14/11/2022,2
26,Michigan,260906,0,0,2,1,11,ARENAC (11),0,NO APLICA,12,Diciembre,3,2022,17,17,US-2 HURON RD,2,US Highway,Rural,Arteria Principal,State Highway Agency,1,Sin jurisdiccion especial,112,44.04806389,-83.77777222,Vehiculo Aparcado,El primer evento no fue una colision con un vehiculo automotor en transporte,Not an Intersection,No fue interseccion,Sobre Acotamiento,Ninguna,Oscuro sin iluminacion,Despejado,No,NO APLICA,17,17,17,39,1,03/12/2022,1