Estado,Nombre de Estado,Numero de Caso,Peatones,Personas _no_vehiculos,Vehiculos automotores,Vehiculos estacionados,Condado,Nombre Condado,Ciudad,Nombre Ciudad,Mes,Nombre Mes,Dia,Año,Hora,Minuto,Calle,Ruta,Nombre Ruta,Rural o Urbanoo,Sistema Funcional,Dueño Calle,Sistema Nacional Carreteras,Jurisdiccion Especial,Milla,Latitud,Longitud,Causa del Accidente,Tipo de Accidente,Tipo Interseccion,Columna1,Lugar en la calle,Zona de Trabajo,Luz,Clima,Autobus Escolar,Cruce de Trenes,Hora Notificacion,Minuto Notificacion,Hora Llegada,Minuto Llegada,Decesos,Fecha,PersonaVehiculo
26,Michigan,260907,1,1,1,0,163,WAYNE (163),2090,GROSSE POINTE PARK,12,Diciembre,2,2022,11,5,SOMERSET,6,Calle Local Municipalidad,Urbano,Local,City or Municipal Highway Agency,0,Sin jurisdiccion especial,1,42.38590278,-82.938875,Peaton,El primer evento no fue una colision con un vehiculo automotor en transporte,Not an Intersection,No fue interseccion,Sobre calle,Ninguna,Dia total,Despejado,No,NO APLICA,99,99,99,99,1,02/12/2022,1
26,Michigan,260908,0,0,2,0,79,KALKASKA (79),0,NO APLICA,12,Diciembre,6,2022,6,16,CR-612,4,Calle del Condado,Rural,Colector Mayor,County Highway Agency,0,Sin jurisdiccion especial,140,44.74270556,-85.0659,Vehiculo en movimiento,Angulo,Not an Intersection,No fue interseccion,Sobre calle,Ninguna,Oscuro sin iluminacion,Nublado,No,NO APLICA,6,16,6,28,1,06/12/2022,2
26,Michigan,260909,1,1,1,0,55,GRAND TRAVERSE (55),0,NO APLICA,12,Diciembre,2,2022,18,21,CR-LONG LAKE RD,4,Calle del Condado,Rural,Colector Mayor,County Highway Agency,0,Sin jurisdiccion especial,41,44.7301,-85.77676389,Peaton,El primer evento no fue una colision con un vehiculo automotor en transporte,Not an Intersection,No fue interseccion,Sobre calle,Ninguna,Oscuro sin iluminacion,Despejado,No,NO APLICA,18,24,18,30,1,02/12/2022,1
26,Michigan,260910,1,1,1,0,55,GRAND TRAVERSE (55),0,NO APLICA,12,Diciembre,11,2022,19,55,US-31,2,US Highway,Urbano,Arteria Principal,State Highway Agency,1,Sin jurisdiccion especial,61,44.66498333,-85.69358056,Peaton,El primer evento no fue una colision con un vehiculo automotor en transporte,T-Intersection,Interseccion de T,Sobre calle,Ninguna,Oscuro con iluminacion,Despejado,No,NO APLICA,99,99,99,99,1,11/12/2022,1
26,Michigan,260911,0,0,1,0,99,MACOMB (99),4380,ST. CLAIR SHORES,12,Diciembre,1,2022,16,59,I-94,1,Interestatal,Urbano,Interestatal,State Highway Agency,1,Sin jurisdiccion especial,15,42.47052222,-82.918325,Volcadura,El primer evento no fue una colision con un vehiculo automotor en transporte,Not an Intersection,No fue interseccion,Sobre el lado de la calle,Ninguna,Dia total,Despejado,No,NO APLICA,99,98,99,98,1,01/12/2022,1
26,Michigan,260912,0,0,2,0,55,GRAND TRAVERSE (55),0,NO APLICA,12,Diciembre,15,2022,23,8,US-31,2,US Highway,Rural,Arteria Principal,State Highway Agency,1,Sin jurisdiccion especial,24,44.65875,-85.76788056,Vehiculo en movimiento,Angulo,Four-Way Intersection,Interseccion de 4 direcciones,Sobre calle,Ninguna,Oscuro sin iluminacion,lluvia,No,NO APLICA,99,99,99,99,1,15/12/2022,2
26,Michigan,260913,1,1,1,0,163,WAYNE (163),1260,DETROIT,12,Diciembre,23,2022,21,32,SR-5 GRAND RIVER AVE,3,Highway estatal,Urbano,Arteria Principal,State Highway Agency,1,Sin jurisdiccion especial,8,42.41393611,-83.251025,Peaton,El primer evento no fue una colision con un vehiculo automotor en transporte,Four-Way Intersection,Interseccion de 4 direcciones,Sobre calle,Ninguna,Oscuro con iluminacion,Despejado,No,NO APLICA,99,99,99,99,1,23/12/2022,1
26,Michigan,260914,0,0,1,0,99,MACOMB (99),4330,ROSEVILLE,12,Diciembre,1,2022,1,0,I-696 RAMP O22D,1,Interestatal,Urbano,Interestatal,State Highway Agency,1,Sin jurisdiccion especial,75,42.49491944,-82.94266667,Volcadura,El primer evento no fue una colision con un vehiculo automotor en transporte,Not an Intersection,No fue interseccion,Gore?,Ninguna,Oscuro con iluminacion,Despejado,No,NO APLICA,99,99,99,99,1,01/12/2022,1
26,Michigan,260915,0,0,1,0,163,WAYNE (163),1260,DETROIT,12,Diciembre,11,2022,1,20,SR-SCHAEFER,3,Highway estatal,Urbano,Arteria Principal,State Highway Agency,1,Sin jurisdiccion especial,2,42.27652778,-83.15557778,Poste,El primer evento no fue una colision con un vehiculo automotor en transporte,Not an Intersection,No fue interseccion,En el medio,Ninguna,Oscuro con iluminacion,Despejado,No,NO APLICA,99,99,99,99,1,11/12/2022,2
26,Michigan,260916,0,0,4,0,93,LIVINGSTON (93),0,NO APLICA,12,Diciembre,12,2022,21,32,US-23,2,US Highway,Urbano,Arterial Principal -Freeway o ExpressWay,State Highway Agency,1,Sin jurisdiccion especial,50,42.49823611,-83.75760278,Barrera de Cable,El primer evento no fue una colision con un vehiculo automotor en transporte,Not an Intersection,No fue interseccion,Sobre el lado de la calle,Ninguna,Oscuro sin iluminacion,Despejado,No,NO APLICA,21,33,21,45,2,12/12/2022,5
26,Michigan,260917,1,1,1,0,25,CALHOUN (25),0,NO APLICA,12,Diciembre,17,2022,4,23,I-94,1,Interestatal,Rural,Interestatal,State Highway Agency,1,Sin jurisdiccion especial,142,42.29745278,-85.03656111,Peaton,El primer evento no fue una colision con un vehiculo automotor en transporte,Not an Intersection,No fue interseccion,Sobre calle,Ninguna,Oscuro sin iluminacion,Nieve,No,NO APLICA,4,46,4,54,1,17/12/2022,1
26,Michigan,260918,0,0,1,0,77,KALAMAZOO (77),0,NO APLICA,12,Diciembre,18,2022,17,29,CR-E ML AVE,4,Calle del Condado,Urbano,Colector Mayor,County Highway Agency,0,Sin jurisdiccion especial,70,42.26698889,-85.43351111,Arbol,El primer evento no fue una colision con un vehiculo automotor en transporte,Not an Intersection,No fue interseccion,Sobre el lado de la calle,Ninguna,Atardecer,Nublado,No,NO APLICA,17,29,17,40,1,18/12/2022,1
26,Michigan,260919,0,0,1,0,25,CALHOUN (25),310,BATTLE CREEK,12,Diciembre,13,2022,17,14,SR-W MICHIGAN AVE,3,Highway estatal,Urbano,Arteria Principal,State Highway Agency,1,Sin jurisdiccion especial,57,42.32754444,-85.20302222,Otro objeto (fijo),El primer evento no fue una colision con un vehiculo automotor en transporte,Not an Intersection,No fue interseccion,Fuera de la calle,Ninguna,Oscuro con iluminacion,Nublado,No,NO APLICA,99,99,99,99,1,13/12/2022,2
26,Michigan,260920,1,1,1,0,163,WAYNE (163),4166,REDFORD TOWNSHIP,12,Diciembre,15,2022,19,28,I-96,1,Interestatal,Urbano,Interestatal,State Highway Agency,1,Sin jurisdiccion especial,76,42.38502222,-83.2943,Peaton,El primer evento no fue una colision con un vehiculo automotor en transporte,Not an Intersection,No fue interseccion,Sobre calle,Ninguna,Oscuro con iluminacion,Despejado,No,NO APLICA,19,35,19,40,1,15/12/2022,1
26,Michigan,260921,0,0,1,0,3,ALGER (3),0,NO APLICA,12,Diciembre,19,2022,20,30,FEDERAL FOREST RD 2473,9,Desconocido,Rural,No reportado,Not Reported,0,Desconocido,38,46.30976667,-86.69281389,Arbol,El primer evento no fue una colision con un vehiculo automotor en transporte,Not an Intersection,No fue interseccion,Sobre el lado de la calle,Ninguna,Oscuro sin iluminacion,Despejado,No,NO APLICA,99,99,99,99,1,19/12/2022,1
26,Michigan,260922,0,0,2,0,45,EATON (45),0,NO APLICA,12,Diciembre,16,2022,11,50,SR-43 W GRAND LEDGE HWY,3,Highway estatal,Rural,Arteria Menor,State Highway Agency,0,Sin jurisdiccion especial,84,42.75561111,-84.88464444,Vehiculo en movimiento,Frente a frente,Not an Intersection,No fue interseccion,Sobre calle,Ninguna,Dia total,Despejado,No,NO APLICA,99,99,99,99,1,16/12/2022,3
26,Michigan,260923,1,1,1,0,5,ALLEGAN (5),2290,HOLLAND,12,Diciembre,5,2022,5,46,US-31,2,US Highway,Urbano,Arteria Principal,State Highway Agency,1,Sin jurisdiccion especial,34,42.760875,-86.09714444,Ciclista,El primer evento no fue una colision con un vehiculo automotor en transporte,Four-Way Intersection,Interseccion de 4 direcciones,Sobre calle,Ninguna,Oscuro con iluminacion,Despejado,No,NO APLICA,99,99,99,99,1,05/12/2022,1
26,Michigan,260924,0,0,2,0,163,WAYNE (163),4295,ROMULUS,1,Enero,1,2022,22,45,CR-VAN BORN RD,4,Calle del Condado,Urbano,Arteria Principal,County Highway Agency,1,Sin jurisdiccion especial,50,42.26781944,-83.32862222,Vehiculo en movimiento,Frente a frente,Four-Way Intersection,Interseccion de 4 direcciones,Sobre calle,Ninguna,Oscuro sin iluminacion,Nieve,No,NO APLICA,99,99,99,99,1,01/01/2022,2
26,Michigan,260925,0,0,2,0,25,CALHOUN (25),310,BATTLE CREEK,7,Julio,29,2022,18,26,N 20TH ST,6,Calle Local Municipalidad,Urbano,Arteria Menor,City or Municipal Highway Agency,0,Sin jurisdiccion especial,5,42.30475833,-85.21907222,Vehiculo en movimiento,Angulo,Four-Way Intersection,Interseccion de 4 direcciones,Sobre calle,Ninguna,Dia total,Despejado,No,NO APLICA,99,99,99,99,1,29/07/2022,3
26,Michigan,260926,1,1,2,0,65,INGHAM (65),0,NO APLICA,8,Agosto,26,2022,22,35,SR-43 W GRAND RIVER AVE,3,Highway estatal,Urbano,Arteria Principal,State Highway Agency,1,Sin jurisdiccion especial,65,42.72398333,-84.43904167,Peaton,El primer evento no fue una colision con un vehiculo automotor en transporte,Not an Intersection,No fue interseccion,Sobre calle,Construccion,Oscuro sin iluminacion,Despejado,No,NO APLICA,99,99,99,99,1,26/08/2022,2
26,Michigan,260927,0,0,1,0,25,CALHOUN (25),310,BATTLE CREEK,10,Octubre,27,2022,18,21,N WASHINGTON AVE,6,Calle Local Municipalidad,Urbano,Arteria Menor,City or Municipal Highway Agency,0,Sin jurisdiccion especial,17,42.33245,-85.19045833,Edificio,El primer evento no fue una colision con un vehiculo automotor en transporte,Not an Intersection,No fue interseccion,Fuera de la calle,Ninguna,Dia total,Despejado,No,NO APLICA,99,99,99,99,2,27/10/2022,2
26,Michigan,260928,0,0,1,0,163,WAYNE (163),5176,WESTLAND,10,Octubre,28,2022,20,15,CR-EDWARD N HINES DR,4,Calle del Condado,Urbano,Arteria Principal,County Highway Agency,1,Sin jurisdiccion especial,99,42.34417222,-83.32736944,Arbol,El primer evento no fue una colision con un vehiculo automotor en transporte,Not an Intersection,No fue interseccion,Sobre el lado de la calle,Ninguna,Oscuro sin iluminacion,Despejado,No,NO APLICA,20,24,99,99,1,28/10/2022,1
26,Michigan,260929,1,1,1,0,163,WAYNE (163),5310,WYANDOTTE,10,Octubre,1,2022,20,52,3RD ST,6,Calle Local Municipalidad,Urbano,Colector Mayor,City or Municipal Highway Agency,0,Sin jurisdiccion especial,2,42.197825,-83.15300556,Peaton,El primer evento no fue una colision con un vehiculo automotor en transporte,Four-Way Intersection,Interseccion de 4 direcciones,Sobre calle,Ninguna,Oscuro con iluminacion,Despejado,No,NO APLICA,99,99,99,99,1,01/10/2022,2
26,Michigan,260930,1,1,1,0,99,MACOMB (99),4731,STERLING HEIGHTS,11,Noviembre,8,2022,6,4,CR-MOUND RD,4,Calle del Condado,Urbano,Arteria Principal,County Highway Agency,1,Sin jurisdiccion especial,105,42.59936111,-83.05065833,Peaton,El primer evento no fue una colision con un vehiculo automotor en transporte,Not an Intersection,No fue interseccion,Sobre calle,Construccion,Oscuro sin iluminacion,Despejado,No,NO APLICA,6,4,6,10,1,08/11/2022,1
26,Michigan,260931,0,0,2,0,25,CALHOUN (25),310,BATTLE CREEK,11,Noviembre,5,2022,0,1,SPENCER ST,6,Calle Local Municipalidad,Urbano,Colector Mayor,City or Municipal Highway Agency,0,Sin jurisdiccion especial,9,42.31733056,-85.14555556,Vehiculo en movimiento,Angulo,Not an Intersection,No fue interseccion,Sobre calle,Ninguna,Oscuro con iluminacion,Despejado,No,NO APLICA,99,99,99,99,2,05/11/2022,4
26,Michigan,260932,0,0,1,0,49,GENESEE (49),0,NO APLICA,11,Noviembre,24,2022,1,58,CR-FENTON RD,4,Calle del Condado,Urbano,Arteria Menor,County Highway Agency,0,Sin jurisdiccion especial,69,42.89303889,-83.69690278,Arbol,El primer evento no fue una colision con un vehiculo automotor en transporte,Not an Intersection,No fue interseccion,Sobre el lado de la calle,Ninguna,Oscuro sin iluminacion,Despejado,No,NO APLICA,2,4,2,14,1,24/11/2022,1
26,Michigan,260933,0,0,1,0,163,WAYNE (163),2820,LINCOLN PARK,11,Noviembre,17,2022,21,2,CICOTTE AVE,6,Calle Local Municipalidad,Urbano,Local,City or Municipal Highway Agency,0,Sin jurisdiccion especial,6,42.26108889,-83.18286944,Arbol,El primer evento no fue una colision con un vehiculo automotor en transporte,Not an Intersection,No fue interseccion,Sobre el lado de la calle,Ninguna,Oscuro con iluminacion,Despejado,No,NO APLICA,99,99,99,99,3,17/11/2022,5
26,Michigan,260934,0,0,1,0,5,ALLEGAN (5),0,NO APLICA,11,Noviembre,26,2022,14,23,SR-42,3,Highway estatal,Rural,Arteria Menor,State Highway Agency,0,Sin jurisdiccion especial,55,42.49703611,-85.858075,Arbol,El primer evento no fue una colision con un vehiculo automotor en transporte,Not an Intersection,No fue interseccion,Sobre el lado de la calle,Ninguna,Dia total,Despejado,No,NO APLICA,99,99,99,99,1,26/11/2022,1
26,Michigan,260935,0,0,2,0,125,OAKLAND (125),4567,SOUTHFIELD,11,Noviembre,29,2022,14,15,US-24 TELEGRAPH RD,2,US Highway,Urbano,Arteria Principal,State Highway Agency,1,Sin jurisdiccion especial,7,42.45379444,-83.27814167,Vehiculo en movimiento,Frente a Detrás,Not an Intersection,No fue interseccion,Sobre calle,Ninguna,Dia total,Despejado,No,NO APLICA,99,99,99,99,1,29/11/2022,3
26,Michigan,260936,0,0,3,0,163,WAYNE (163),1210,DEARBORN,12,Diciembre,2,2022,11,11,SCHAEFER RD,6,Calle Local Municipalidad,Urbano,Arteria Principal,City or Municipal Highway Agency,1,Sin jurisdiccion especial,15,42.29751667,-83.17214444,Vehiculo en movimiento,Frente a frente,Not an Intersection,No fue interseccion,Sobre calle,Ninguna,Dia total,Despejado,No,NO APLICA,99,99,99,99,1,02/12/2022,4
26,Michigan,260937,0,0,1,0,161,WASHTENAW (161),0,NO APLICA,12,Diciembre,7,2022,22,34,US-12 MICHIGAN AVE,2,US Highway,Rural,Arteria Principal,State Highway Agency,1,Sin jurisdiccion especial,16,42.07242222,-84.07771667,Arbol,El primer evento no fue una colision con un vehiculo automotor en transporte,Not an Intersection,No fue interseccion,Sobre el lado de la calle,Ninguna,Oscuro sin iluminacion,Despejado,No,NO APLICA,99,99,99,99,1,07/12/2022,1
26,Michigan,260938,0,0,1,0,93,LIVINGSTON (93),0,NO APLICA,12,Diciembre,9,2022,1,25,CR-HOGAN RD,4,Calle del Condado,Rural,Local,County Highway Agency,0,Sin jurisdiccion especial,22,42.74996111,-83.80916111,Buzon de correo,El primer evento no fue una colision con un vehiculo automotor en transporte,Not an Intersection,No fue interseccion,Sobre el lado de la calle,Ninguna,Oscuro sin iluminacion,Nublado,No,NO APLICA,1,25,99,99,1,09/12/2022,1
26,Michigan,260939,0,0,2,0,95,LUCE (95),0,NO APLICA,12,Diciembre,18,2022,9,50,SR-28,3,Highway estatal,Rural,Arteria Principal,State Highway Agency,1,Sin jurisdiccion especial,96,46.32878333,-85.67414444,Vehiculo en movimiento,Frente a frente,Not an Intersection,No fue interseccion,Sobre calle,Ninguna,Dia total,Soplando nieve,No,NO APLICA,9,56,10,17,1,18/12/2022,2
26,Michigan,260940,2,2,3,1,93,LIVINGSTON (93),0,NO APLICA,12,Diciembre,17,2022,22,25,I-96,1,Interestatal,Urbano,Interestatal,State Highway Agency,1,Sin jurisdiccion especial,237,42.52221389,-83.74362222,Vehiculo en movimiento,Golpe Lateral - misma direccion,Not an Intersection,No fue interseccion,Sobre calle,Ninguna,Oscuro con iluminacion,Nieve,No,NO APLICA,22,24,22,37,1,17/12/2022,2
26,Michigan,260941,0,0,2,0,79,KALKASKA (79),0,NO APLICA,12,Diciembre,26,2022,14,3,US-131,2,US Highway,Rural,Arteria Principal,State Highway Agency,1,Sin jurisdiccion especial,171,44.79798333,-85.14838333,Vehiculo en movimiento,Frente a frente,Not an Intersection,No fue interseccion,Sobre calle,Ninguna,Dia total,Neblina o Humo,No,NO APLICA,14,3,14,15,1,26/12/2022,2
26,Michigan,260942,1,1,2,0,135,OSCODA (135),0,NO APLICA,12,Diciembre,27,2022,20,52,SR-72 RYNO RD,3,Highway estatal,Rural,Arteria Menor,State Highway Agency,0,Sin jurisdiccion especial,97,44.64523889,-84.19593333,Peaton,El primer evento no fue una colision con un vehiculo automotor en transporte,Not an Intersection,No fue interseccion,Sobre calle,Ninguna,Oscuro sin iluminacion,Despejado,No,NO APLICA,20,55,21,2,1,27/12/2022,3
26,Michigan,260943,0,0,3,0,95,LUCE (95),0,NO APLICA,12,Diciembre,27,2022,18,39,SR-123,3,Highway estatal,Rural,Arteria Menor,State Highway Agency,0,Sin jurisdiccion especial,232,46.37536111,-85.50983611,Vehiculo en movimiento,Angulo,T-Intersection,Interseccion de T,Sobre calle,Ninguna,Atardecer,Nieve,No,NO APLICA,18,23,18,50,1,27/12/2022,3
26,Michigan,260944,0,0,2,0,77,KALAMAZOO (77),4030,PORTAGE,12,Diciembre,8,2022,20,31,CR-S SPRINKLE RD,4,Calle del Condado,Urbano,Arteria Principal,County Highway Agency,1,Sin jurisdiccion especial,38,42.23020556,-85.54048889,Vehiculo en movimiento,Frente a frente,Four-Way Intersection,Interseccion de 4 direcciones,Sobre calle,Ninguna,Oscuro con iluminacion,Nublado,No,NO APLICA,20,32,20,37,1,08/12/2022,3
26,Michigan,260945,0,0,1,0,147,ST. CLAIR (147),0,NO APLICA,12,Diciembre,30,2022,5,17,CR-NORMAN RD,4,Calle del Condado,Rural,Colector Mayor,County Highway Agency,0,Sin jurisdiccion especial,99,43.08673611,-82.79543333,Volcadura,El primer evento no fue una colision con un vehiculo automotor en transporte,Not an Intersection,No fue interseccion,Sobre el lado de la calle,Ninguna,Oscuro sin iluminacion,Despejado,No,NO APLICA,5,17,5,41,1,30/12/2022,2
26,Michigan,260946,0,0,2,0,115,MONROE (115),0,NO APLICA,12,Diciembre,15,2022,15,41,CR-WHITEFORD RD,4,Calle del Condado,Urbano,Colector Menor,County Highway Agency,0,Sin jurisdiccion especial,30,41.76115,-83.6666,Vehiculo en movimiento,Angulo,Four-Way Intersection,Interseccion de 4 direcciones,Sobre calle,Ninguna,Dia total,Nublado,No,NO APLICA,99,99,99,99,2,15/12/2022,2
26,Michigan,260947,1,1,1,0,125,OAKLAND (125),208,ABURN HILLS,12,Diciembre,29,2022,21,3,N SQUIRREL RD,6,Calle Local Municipalidad,Urbano,Arteria Menor,City or Municipal Highway Agency,0,Sin jurisdiccion especial,23,42.665775,-83.21979722,Peaton,El primer evento no fue una colision con un vehiculo automotor en transporte,T-Intersection,Interseccion de T,Sobre calle,Ninguna,Oscuro con iluminacion,Nublado,No,NO APLICA,99,99,99,99,1,29/12/2022,1
26,Michigan,260948,0,0,2,0,23,BRANCH (23),0,NO APLICA,9,Septiembre,1,2022,16,38,US-12 CHICAGO RD,2,US Highway,Rural,Arteria Principal,State Highway Agency,1,Sin jurisdiccion especial,268,41.94869444,-84.83052778,Vehiculo en movimiento,Frente a Detrás,T-Intersection,Interseccion de T,Sobre calle,Ninguna,Dia total,Despejado,No,NO APLICA,16,38,17,0,1,01/09/2022,2
26,Michigan,260949,1,1,1,0,87,LAPEER (87),0,NO APLICA,12,Diciembre,3,2022,19,14,SR-24 N LAPEER RD,3,Highway estatal,Rural,Arteria Menor,State Highway Agency,0,Sin jurisdiccion especial,220,43.1978,-83.31285833,Peaton,El primer evento no fue una colision con un vehiculo automotor en transporte,Not an Intersection,No fue interseccion,Sobre calle,Ninguna,Oscuro sin iluminacion,Nublado,No,NO APLICA,99,99,99,99,1,03/12/2022,1
26,Michigan,260950,1,1,1,0,163,WAYNE (163),1212,DEARBORN HEIGHTS,10,Octubre,14,2022,22,27,ANNAPOLIS RD,6,Calle Local Municipalidad,Urbano,Colector Mayor,City or Municipal Highway Agency,0,Sin jurisdiccion especial,42,42.27664444,-83.25570833,Ciclista,El primer evento no fue una colision con un vehiculo automotor en transporte,Four-Way Intersection,Interseccion de 4 direcciones,Sobre calle,Ninguna,Oscuro con iluminacion,Despejado,No,NO APLICA,99,99,99,99,1,14/10/2022,1
26,Michigan,260951,0,0,1,0,99,MACOMB (99),4380,ST. CLAIR SHORES,10,Octubre,1,2022,2,57,I-94,1,Interestatal,Urbano,Interestatal,State Highway Agency,1,Sin jurisdiccion especial,17,42.47299167,-82.91647222,Soporte de Puente,El primer evento no fue una colision con un vehiculo automotor en transporte,Not an Intersection,No fue interseccion,Sobre el lado de la calle,Ninguna,Oscuro con iluminacion,Despejado,No,NO APLICA,99,98,99,98,2,01/10/2022,2
26,Michigan,260952,0,0,2,0,147,ST. CLAIR (147),0,NO APLICA,12,Diciembre,17,2022,1,41,CR-CAPAC RD,4,Calle del Condado,Rural,Arteria Menor,County Highway Agency,0,Sin jurisdiccion especial,43,42.94821111,-82.943375,Vehiculo en movimiento,Frente a Detrás,Not an Intersection,No fue interseccion,Sobre calle,Ninguna,Oscuro sin iluminacion,Nublado,No,NO APLICA,1,42,1,54,1,17/12/2022,6
26,Michigan,260953,1,1,1,0,91,LENAWEE (91),20,ADRIAN,12,Diciembre,28,2022,7,11,US-223,2,US Highway,Urbano,Arteria Principal,State Highway Agency,1,Sin jurisdiccion especial,190,41.893225,-84.06377778,Peaton,El primer evento no fue una colision con un vehiculo automotor en transporte,Not an Intersection,No fue interseccion,Sobre calle,Ninguna,Oscuro sin iluminacion,Nublado,No,NO APLICA,99,99,99,99,1,28/12/2022,1
26,Michigan,260954,0,0,2,0,25,CALHOUN (25),0,NO APLICA,8,Agosto,22,2022,8,50,SR-96 E COLUMBIA AVE,3,Highway estatal,Urbano,Arteria Principal,State Highway Agency,1,Sin jurisdiccion especial,63,42.30330556,-85.16029722,Vehiculo en movimiento,Angulo,Not an Intersection,No fue interseccion,Sobre calle,Ninguna,Dia total,Despejado,No,NO APLICA,8,50,9,0,1,22/08/2022,2
26,Michigan,260955,0,0,2,0,163,WAYNE (163),1260,DETROIT,6,Junio,11,2022,23,46,CHANDLER PARK DR,6,Calle Local Municipalidad,Urbano,Colector Mayor,City or Municipal Highway Agency,0,Sin jurisdiccion especial,12,42.393,-82.9832,Vehiculo en movimiento,Frente a frente,Four-Way Intersection,Interseccion de 4 direcciones,Sobre calle,Ninguna,Oscuro con iluminacion,Despejado,No,NO APLICA,99,99,99,99,1,11/06/2022,2
26,Michigan,260956,0,0,1,0,61,HOUGHTON (61),0,NO APLICA,11,Noviembre,4,2022,2,30,CR-5TH ST,4,Calle del Condado,Urbano,Local,County Highway Agency,0,Sin jurisdiccion especial,48,47.02553889,-88.52531389,Arbol,El primer evento no fue una colision con un vehiculo automotor en transporte,T-Intersection,Interseccion de T,Sobre el lado de la calle,Ninguna,Oscuro sin iluminacion,lluvia,No,NO APLICA,2,31,2,53,2,04/11/2022,3
26,Michigan,260957,0,0,2,0,161,WASHTENAW (161),0,NO APLICA,11,Noviembre,9,2022,18,45,I-94,1,Interestatal,Urbano,Interestatal,State Highway Agency,1,Sin jurisdiccion especial,162,42.28875278,-83.81970556,Vehiculo en movimiento,Golpe Lateral - misma direccion,Not an Intersection,No fue interseccion,Sobre calle,Ninguna,Oscuro sin iluminacion,Despejado,No,NO APLICA,99,99,99,99,1,09/11/2022,2
26,Michigan,260958,1,1,1,0,125,OAKLAND (125),4567,SOUTHFIELD,12,Diciembre,4,2022,1,30,US-24 TELEGRAPH RD,2,US Highway,Urbano,Arteria Principal,State Highway Agency,1,Sin jurisdiccion especial,25,42.47862222,-83.28498889,Peaton,El primer evento no fue una colision con un vehiculo automotor en transporte,Not an Intersection,No fue interseccion,Sobre calle,Ninguna,Oscuro sin iluminacion,Nublado,No,NO APLICA,99,99,99,99,1,04/12/2022,1
26,Michigan,260959,1,1,1,0,99,MACOMB (99),1009,CLINTON TOWNSHIP,12,Diciembre,29,2022,23,45,CR-METROPOLITAN RD,4,Calle del Condado,Urbano,Arteria Principal,County Highway Agency,1,Sin jurisdiccion especial,70,42.56800278,-82.951075,Peaton,El primer evento no fue una colision con un vehiculo automotor en transporte,Four-Way Intersection,Interseccion de 4 direcciones,Sobre calle,Ninguna,Oscuro con iluminacion,Nublado,No,NO APLICA,99,99,99,99,1,29/12/2022,1
26,Michigan,260960,0,0,2,0,163,WAYNE (163),1260,DETROIT,7,Julio,31,2022,1,20,HUBBELL AVE,6,Calle Local Municipalidad,Urbano,Arteria Menor,City or Municipal Highway Agency,0,Sin jurisdiccion especial,5,42.35840278,-83.18728333,Vehiculo en movimiento,Angulo,Four-Way Intersection,Interseccion de 4 direcciones,Sobre calle,Ninguna,Oscuro con iluminacion,Despejado,No,NO APLICA,99,99,99,99,1,31/07/2022,2
26,Michigan,260961,0,0,3,0,163,WAYNE (163),4295,ROMULUS,9,Septiembre,20,2022,18,4,CR-MERRIMAN RD,4,Calle del Condado,Urbano,Arteria Principal,County Highway Agency,1,Sin jurisdiccion especial,16,42.24329722,-83.34577222,Vehiculo en movimiento,Golpe Lateral - misma direccion,Not an Intersection,No fue interseccion,Sobre calle,Ninguna,Dia total,Nublado,No,NO APLICA,18,5,18,12,1,20/09/2022,3
26,Michigan,260962,0,0,1,0,45,EATON (45),0,NO APLICA,12,Diciembre,29,2022,21,55,SR-50/99 S CLINTON TR,3,Highway estatal,Rural,Arteria Menor,State Highway Agency,0,Sin jurisdiccion especial,19,42.449,-84.65030278,Arbol,El primer evento no fue una colision con un vehiculo automotor en transporte,Not an Intersection,No fue interseccion,Sobre el lado de la calle,Ninguna,Oscuro sin iluminacion,Despejado,No,NO APLICA,21,58,22,12,1,29/12/2022,1
26,Michigan,260963,0,0,2,0,163,WAYNE (163),1260,DETROIT,12,Diciembre,28,2022,13,30,SR-3 GRATIOT AVE,3,Highway estatal,Urbano,Arteria Principal,State Highway Agency,1,Sin jurisdiccion especial,39,42.37901667,-83.014725,Vehiculo en movimiento,Angulo,Four-Way Intersection,Interseccion de 4 direcciones,Sobre calle,Ninguna,Dia total,Despejado,No,NO APLICA,99,99,99,99,1,28/12/2022,3
26,Michigan,260964,0,0,2,0,137,OTSEGO (137),0,NO APLICA,12,Diciembre,15,2022,10,0,CR-MANCELONA RD,4,Calle del Condado,Rural,Arteria Menor,County Highway Agency,0,Sin jurisdiccion especial,52,44.90098611,-84.74481667,Vehiculo en movimiento,Frente a frente,Not an Intersection,No fue interseccion,Sobre calle,Ninguna,Dia total,Despejado,No,NO APLICA,99,99,99,99,2,15/12/2022,3
26,Michigan,260965,0,0,1,0,71,IRON (71),0,NO APLICA,12,Diciembre,13,2022,11,34,US-2,2,US Highway,Rural,Arteria Principal,State Highway Agency,1,Sin jurisdiccion especial,92,45.97596944,-88.31620833,Volcadura,El primer evento no fue una colision con un vehiculo automotor en transporte,Not an Intersection,No fue interseccion,Sobre el lado de la calle,Ninguna,Dia total,Nublado,No,NO APLICA,11,40,11,48,1,13/12/2022,1
26,Michigan,260966,0,0,1,0,163,WAYNE (163),1260,DETROIT,12,Diciembre,22,2022,1,40,W GRAND BLVD,6,Calle Local Municipalidad,Urbano,Arteria Menor,City or Municipal Highway Agency,0,Sin jurisdiccion especial,17,42.36013333,-83.10048889,Banqueta,El primer evento no fue una colision con un vehiculo automotor en transporte,Not an Intersection,No fue interseccion,En el medio,Ninguna,Oscuro con iluminacion,Despejado,No,NO APLICA,99,99,99,99,1,22/12/2022,1