Estado,Nombre de Estado,Numero de Caso,Peatones,Personas _no_vehiculos,Vehiculos automotores,Vehiculos estacionados,Condado,Nombre Condado,Ciudad,Nombre Ciudad,Mes,Nombre Mes,Dia,Año,Hora,Minuto,Calle,Ruta,Nombre Ruta,Rural o Urbanoo,Sistema Funcional,Dueño Calle,Sistema Nacional Carreteras,Jurisdiccion Especial,Milla,Latitud,Longitud,Causa del Accidente,Tipo de Accidente,Tipo Interseccion,Columna1,Lugar en la calle,Zona de Trabajo,Luz,Clima,Autobus Escolar,Cruce de Trenes,Hora Notificacion,Minuto Notificacion,Hora Llegada,Minuto Llegada,Decesos,Fecha,PersonaVehiculo
26,Michigan,260967,1,1,1,0,145,SAGINAW (145),4350,SAGINAW,12,Diciembre,30,2022,17,49,SR-46 GRATIOT AVE,3,Highway estatal,Urbano,Arteria Principal,State Highway Agency,1,Sin jurisdiccion especial,198,43.41499444,-83.97695833,Peaton,El primer evento no fue una colision con un vehiculo automotor en transporte,Not an Intersection,No fue interseccion,Sobre calle,Ninguna,Oscuro con iluminacion,lluvia,No,NO APLICA,99,99,99,99,1,30/12/2022,1
26,Michigan,260968,1,1,1,0,99,MACOMB (99),3390,MOUNT CLEMENS,10,Octubre,19,2022,21,49,DICKINSON ST,6,Calle Local Municipalidad,Urbano,Arteria Menor,City or Municipal Highway Agency,0,Sin jurisdiccion especial,7,42.59706667,-82.87409444,Peaton,El primer evento no fue una colision con un vehiculo automotor en transporte,Not an Intersection,No fue interseccion,Sobre calle,Ninguna,Oscuro sin iluminacion,Despejado,No,NO APLICA,99,99,99,99,1,19/10/2022,1
26,Michigan,260970,1,1,1,0,99,MACOMB (99),4731,STERLING HEIGHTS,11,Noviembre,2,2022,19,24,CR-18 MILE RD,4,Calle del Condado,Urbano,Arteria Principal,County Highway Agency,1,Sin jurisdiccion especial,9,42.59365556,-83.07104444,Peaton,El primer evento no fue una colision con un vehiculo automotor en transporte,Four-Way Intersection,Interseccion de 4 direcciones,Sobre calle,Ninguna,Oscuro sin iluminacion,Despejado,No,NO APLICA,99,99,99,99,1,02/11/2022,1
26,Michigan,260971,0,0,2,0,49,GENESEE (49),1730,FLINT,11,Noviembre,6,2022,2,5,SAGINAW ST,6,Calle Local Municipalidad,Urbano,Arteria Principal,City or Municipal Highway Agency,1,Sin jurisdiccion especial,141,43.05430278,-83.69370556,Vehiculo en movimiento,Angulo,Four-Way Intersection,Interseccion de 4 direcciones,Sobre calle,Ninguna,Oscuro con iluminacion,Despejado,No,NO APLICA,2,6,2,11,1,06/11/2022,7
26,Michigan,260972,0,0,2,0,163,WAYNE (163),1260,DETROIT,12,Diciembre,22,2022,9,30,SR-3 GRATIOTA AVE,3,Highway estatal,Urbano,Arteria Principal,State Highway Agency,1,Sin jurisdiccion especial,66,42.41320278,-82.99222222,Vehiculo en movimiento,Frente a frente,Y-Intersection,Interseccion de Y,Sobre calle,Ninguna,Dia total,Despejado,No,NO APLICA,99,99,99,99,2,22/12/2022,3
26,Michigan,260973,1,1,1,0,49,GENESEE (49),1730,FLINT,12,Diciembre,31,2022,2,30,SR-21 E 5TH ST,3,Highway estatal,Urbano,Arteria Principal,State Highway Agency,1,Sin jurisdiccion especial,3,43.01153333,-83.687075,Peaton,El primer evento no fue una colision con un vehiculo automotor en transporte,Four-Way Intersection,Interseccion de 4 direcciones,Sobre calle,Ninguna,Oscuro con iluminacion,lluvia,No,NO APLICA,2,30,2,34,1,31/12/2022,1
26,Michigan,260974,0,0,1,0,149,ST JOSEPH (149),0,NO APLICA,11,Noviembre,15,2022,19,1,CR-RIVER RD,4,Calle del Condado,Rural,Colector Menor,County Highway Agency,0,Sin jurisdiccion especial,36,41.82822778,-85.70510556,Arbol,El primer evento no fue una colision con un vehiculo automotor en transporte,Not an Intersection,No fue interseccion,Sobre el lado de la calle,Ninguna,Oscuro sin iluminacion,Nieve,No,NO APLICA,19,1,19,22,1,15/11/2022,2
26,Michigan,260975,1,1,1,0,65,INGHAM (65),0,NO APLICA,11,Noviembre,21,2022,20,35,SR-43 GRAND RIVER AVE,3,Highway estatal,Urbano,Arteria Principal,State Highway Agency,1,Sin jurisdiccion especial,57,42.727025,-84.45354722,Peaton,El primer evento no fue una colision con un vehiculo automotor en transporte,Not an Intersection,No fue interseccion,Sobre calle,Ninguna,Oscuro con iluminacion,Despejado,No,NO APLICA,20,35,20,40,1,21/11/2022,1
26,Michigan,260976,1,1,1,0,49,GENESEE (49),1730,FLINT,12,Diciembre,3,2022,2,51,DUPONT ST,6,Calle Local Municipalidad,Urbano,Arteria Menor,City or Municipal Highway Agency,0,Sin jurisdiccion especial,8,43.024675,-83.712875,Peaton,El primer evento no fue una colision con un vehiculo automotor en transporte,T-Intersection,Interseccion de T,Sobre calle,Ninguna,Oscuro con iluminacion,Despejado,No,NO APLICA,2,51,2,51,1,03/12/2022,1
26,Michigan,260977,0,0,1,0,65,INGHAM (65),2700,LANSING,12,Diciembre,10,2022,15,25,SR-96 CEDAR ST,3,Highway estatal,Urbano,Arteria Principal,State Highway Agency,1,Sin jurisdiccion especial,84,42.69430833,-84.54793333,Poste,El primer evento no fue una colision con un vehiculo automotor en transporte,T-Intersection,Interseccion de T,Sobre el lado de la calle,Ninguna,Dia total,Despejado,No,NO APLICA,15,25,15,27,1,10/12/2022,1
26,Michigan,260978,0,0,2,0,163,WAYNE (163),1210,DEARBORN,12,Diciembre,26,2022,8,41,US-23 MICHIGAN AVE,2,US Highway,Urbano,Arteria Principal,State Highway Agency,1,Sin jurisdiccion especial,139,42.29745833,-83.28569167,Vehiculo en movimiento,Angulo,Four-Way Intersection,Interseccion de 4 direcciones,Sobre calle,Ninguna,Dia total,Despejado,No,NO APLICA,8,42,8,47,1,26/12/2022,2
26,Michigan,260979,0,0,1,0,31,CHEBOYGAN (31),0,NO APLICA,12,Diciembre,12,2022,20,7,CR-BLACK RIVER RD,4,Calle del Condado,Rural,Colector Mayor,County Highway Agency,0,Sin jurisdiccion especial,134,45.41959167,-84.28850556,Acotamiento,El primer evento no fue una colision con un vehiculo automotor en transporte,Not an Intersection,No fue interseccion,Sobre el lado de la calle,Ninguna,Oscuro sin iluminacion,Nublado,No,NO APLICA,99,99,99,99,1,12/12/2022,1
26,Michigan,260980,0,0,1,0,27,CASS (27),0,NO APLICA,12,Diciembre,28,2022,19,49,CR-BERTRAND ST,4,Calle del Condado,Rural,Colector Mayor,County Highway Agency,0,Sin jurisdiccion especial,9,41.77636111,-86.20738889,Arbol,El primer evento no fue una colision con un vehiculo automotor en transporte,Not an Intersection,No fue interseccion,Sobre el lado de la calle,Ninguna,Oscuro sin iluminacion,Nublado,No,NO APLICA,19,44,19,48,1,28/12/2022,1
26,Michigan,260981,1,1,1,0,103,MARQUETTE (103),3050,MARQUETTE,12,Diciembre,27,2022,20,7,US-41,2,US Highway,Urbano,Arteria Principal,State Highway Agency,1,Sin jurisdiccion especial,14,46.54346944,-87.42005556,Peaton,El primer evento no fue una colision con un vehiculo automotor en transporte,Four-Way Intersection,Interseccion de 4 direcciones,Sobre calle,Ninguna,Oscuro con iluminacion,lluvia,No,NO APLICA,99,99,99,99,1,27/12/2022,1
26,Michigan,260982,1,1,1,0,163,WAYNE (163),1210,DEARBORN,12,Diciembre,17,2022,17,16,SR-153 FORD RD,3,Highway estatal,Urbano,Arteria Principal,State Highway Agency,1,Sin jurisdiccion especial,46,42.32958333,-83.17481111,Peaton,El primer evento no fue una colision con un vehiculo automotor en transporte,Not an Intersection,No fue interseccion,Sobre calle,Ninguna,Atardecer,Despejado,No,NO APLICA,99,99,99,99,1,17/12/2022,1
26,Michigan,260983,0,0,1,0,157,TUSCOLA (157),0,NO APLICA,2,Febrero,6,2022,17,20,CR-CARTWRIGHT RD,4,Calle del Condado,Rural,Local,County Highway Agency,0,Sin jurisdiccion especial,8,43.37689167,-83.16945,Alguien se cayo/avento del vehiculo,El primer evento no fue una colision con un vehiculo automotor en transporte,Not an Intersection,No fue interseccion,Sobre calle,Ninguna,Dia total,Despejado,No,NO APLICA,99,99,99,99,1,06/02/2022,1
26,Michigan,260984,0,0,1,0,125,OAKLAND (125),1652,FARMINGTON HILLS,2,Febrero,17,2022,7,40,CR-TEN MILE RD,4,Calle del Condado,Urbano,Arteria Menor,County Highway Agency,0,Sin jurisdiccion especial,10,42.47035556,-83.35498333,Arbol,El primer evento no fue una colision con un vehiculo automotor en transporte,Not an Intersection,No fue interseccion,Sobre el lado de la calle,Ninguna,Amanecer,lluvia,No,NO APLICA,99,99,99,99,1,17/02/2022,1
26,Michigan,260985,0,0,4,0,81,KENT (81),2010,GRAND RAPIDS,2,Febrero,19,2022,14,26,EASTERN AVE SE,6,Calle Local Municipalidad,Urbano,Arteria Menor,City or Municipal Highway Agency,0,Sin jurisdiccion especial,105,42.91259167,-85.64699444,Vehiculo en movimiento,Frente a Detrás,Four-Way Intersection,Interseccion de 4 direcciones,Sobre calle,Ninguna,Dia total,Nublado,No,NO APLICA,99,99,99,99,1,19/02/2022,5
26,Michigan,260986,1,1,1,0,163,WAYNE (163),4975,VAN BOWEN,12,Diciembre,13,2022,20,0,I-94,1,Interestatal,Urbano,Interestatal,State Highway Agency,1,Sin jurisdiccion especial,55,42.22048056,-83.43888889,Peaton,El primer evento no fue una colision con un vehiculo automotor en transporte,Not an Intersection,No fue interseccion,Sobre calle,Ninguna,Oscuro sin iluminacion,Despejado,No,NO APLICA,99,98,99,98,1,13/12/2022,1
26,Michigan,260987,0,0,2,0,161,WASHTENAW (161),3582,NORTHFIELD TOWNSHIP,12,Diciembre,16,2022,17,17,CR-JOY RD,4,Calle del Condado,Rural,Local,County Highway Agency,0,Sin jurisdiccion especial,28,42.34510556,-83.694525,Vehiculo en movimiento,Frente a frente,Not an Intersection,No fue interseccion,Sobre calle,Ninguna,Atardecer,Nieve,No,NO APLICA,99,99,99,99,1,16/12/2022,2
26,Michigan,260988,0,0,1,0,77,KALAMAZOO (77),1084,COMSTOCK,3,Marzo,17,2022,13,55,CR-N 33RD ST,4,Calle del Condado,Urbano,Arteria Menor,County Highway Agency,0,Sin jurisdiccion especial,30,42.33129167,-85.44718889,Zanja,El primer evento no fue una colision con un vehiculo automotor en transporte,Not an Intersection,No fue interseccion,Sobre el lado de la calle,Ninguna,Dia total,Despejado,No,NO APLICA,99,99,99,99,1,17/03/2022,1
26,Michigan,260989,1,1,1,0,49,GENESEE (49),1731,FLINT TOWNSHIP,12,Diciembre,20,2022,18,21,SR-21 CORUNNA RD,3,Highway estatal,Urbano,Arteria Principal,State Highway Agency,1,Sin jurisdiccion especial,93,43.00216944,-83.74508056,Peaton,El primer evento no fue una colision con un vehiculo automotor en transporte,Not an Intersection,No fue interseccion,Sobre calle,Ninguna,Oscuro sin iluminacion,Despejado,No,NO APLICA,99,98,99,98,1,20/12/2022,1
26,Michigan,260990,0,0,1,0,125,OAKLAND (125),0,NO APLICA,12,Diciembre,26,2022,0,28,COMMERCE RD,6,Calle Local Municipalidad,Urbano,Arteria Menor,City or Municipal Highway Agency,0,Sin jurisdiccion especial,36,42.59263333,-83.61480833,Poste de Señal de trafico,El primer evento no fue una colision con un vehiculo automotor en transporte,Not an Intersection,No fue interseccion,Sobre el lado de la calle,Ninguna,Oscuro sin iluminacion,Nieve,No,NO APLICA,99,99,99,99,1,26/12/2022,1
26,Michigan,260991,0,0,1,0,55,GRAND TRAVERSE (55),0,NO APLICA,12,Diciembre,22,2022,11,14,CR-HIGH LAKE RD,4,Calle del Condado,Rural,Local,County Highway Agency,0,Sin jurisdiccion especial,9,44.69676111,-85.51636389,Zanja,El primer evento no fue una colision con un vehiculo automotor en transporte,Not an Intersection,No fue interseccion,Sobre el lado de la calle,Ninguna,Dia total,Despejado,No,NO APLICA,11,20,11,22,1,22/12/2022,1
26,Michigan,260992,0,0,1,0,99,MACOMB (99),5110,WARREN,3,Marzo,21,2022,16,25,THOMAS AVE,6,Calle Local Municipalidad,Urbano,Local,City or Municipal Highway Agency,0,Sin jurisdiccion especial,2,42.46446389,-83.06954167,Arbol,El primer evento no fue una colision con un vehiculo automotor en transporte,Not an Intersection,No fue interseccion,Sobre el lado de la calle,Ninguna,Dia total,Despejado,No,NO APLICA,99,99,99,99,1,21/03/2022,1
26,Michigan,260993,0,0,1,0,77,KALAMAZOO (77),4200,RICHLAND,4,Abril,16,2022,10,28,SR-43,3,Highway estatal,Rural,Arteria Menor,State Highway Agency,0,Sin jurisdiccion especial,9,42.41478889,-85.43794444,Arbol,El primer evento no fue una colision con un vehiculo automotor en transporte,Y-Intersection,Interseccion de Y,Sobre el lado de la calle,Ninguna,Dia total,Despejado,No,NO APLICA,99,99,99,99,1,16/04/2022,1
26,Michigan,260994,0,0,1,0,99,MACOMB (99),5110,WARREN,10,Octubre,29,2022,1,15,HOOVER RD,6,Calle Local Municipalidad,Urbano,Arteria Menor,City or Municipal Highway Agency,0,Sin jurisdiccion especial,30,42.49286944,-83.00643611,Poste,El primer evento no fue una colision con un vehiculo automotor en transporte,Not an Intersection,No fue interseccion,Sobre el lado de la calle,Ninguna,Oscuro con iluminacion,Despejado,No,NO APLICA,99,99,99,99,1,29/10/2022,1
26,Michigan,260995,0,0,2,0,163,WAYNE (163),1210,DEARBORN,4,Abril,24,2022,15,27,SR-39 SOUTHFIELD FWY,3,Highway estatal,Urbano,Arterial Principal -Freeway o ExpressWay,State Highway Agency,1,Sin jurisdiccion especial,63,42.31238611,-83.21508333,Poste de Señal de trafico,El primer evento no fue una colision con un vehiculo automotor en transporte,Not an Intersection,No fue interseccion,Sobre el lado de la calle,Construccion,Dia total,Nublado,No,NO APLICA,99,99,99,99,1,24/04/2022,2
26,Michigan,260996,1,1,1,0,99,MACOMB (99),5110,WARREN,5,Mayo,1,2022,5,3,SR-102 8 MILE RD,3,Highway estatal,Urbano,Arteria Principal,State Highway Agency,1,Sin jurisdiccion especial,33,42.44864444,-83.01970556,Peaton,El primer evento no fue una colision con un vehiculo automotor en transporte,Not an Intersection,No fue interseccion,Sobre calle,Ninguna,Oscuro con iluminacion,lluvia,No,NO APLICA,99,99,99,99,1,01/05/2022,1
26,Michigan,260997,0,0,4,0,77,KALAMAZOO (77),3727,OSHTEMO,5,Mayo,16,2022,14,40,CR-S 9TH ST,4,Calle del Condado,Urbano,Arteria Principal,County Highway Agency,1,Sin jurisdiccion especial,31,42.27563333,-85.67753333,Vehiculo en movimiento,Frente a Detrás,Four-Way Intersection,Interseccion de 4 direcciones,Sobre calle,Ninguna,Dia total,Despejado,No,NO APLICA,99,99,99,99,1,16/05/2022,7
26,Michigan,260998,0,0,2,0,149,ST JOSEPH (149),0,NO APLICA,12,Diciembre,6,2022,12,1,US-12,2,US Highway,Rural,Arteria Menor,State Highway Agency,0,Sin jurisdiccion especial,20,41.79708611,-85.72236389,Vehiculo en movimiento,Frente a frente,Not an Intersection,No fue interseccion,Sobre calle,Ninguna,Dia total,Nublado,No,NO APLICA,12,1,12,11,1,06/12/2022,2
26,Michigan,260999,0,0,1,0,93,LIVINGSTON (93),2211,HARTLAND,12,Diciembre,16,2022,20,10,US-23,2,US Highway,Urbano,Arterial Principal -Freeway o ExpressWay,State Highway Agency,1,Sin jurisdiccion especial,146,42.63300833,-83.749025,Barrera de Cable,El primer evento no fue una colision con un vehiculo automotor en transporte,Not an Intersection,No fue interseccion,En el medio,Ninguna,Oscuro sin iluminacion,Nieve,No,NO APLICA,20,10,20,16,1,16/12/2022,1
26,Michigan,261000,0,0,1,0,139,OTTAWA (139),2290,HOLLAND,5,Mayo,19,2022,13,15,PAW PAW DR,6,Calle Local Municipalidad,Urbano,Arteria Menor,City or Municipal Highway Agency,0,Sin jurisdiccion especial,3,42.79279167,-86.07145278,Banqueta,El primer evento no fue una colision con un vehiculo automotor en transporte,Not an Intersection,No fue interseccion,Sobre el lado de la calle,Ninguna,Dia total,Despejado,No,NO APLICA,99,99,99,99,1,19/05/2022,1
26,Michigan,261001,0,0,2,0,125,OAKLAND (125),4567,SOUTHFIELD,12,Diciembre,6,2022,19,41,SR-39,3,Highway estatal,Urbano,Arterial Principal -Freeway o ExpressWay,State Highway Agency,1,Sin jurisdiccion especial,0,42.44933333,-83.220025,Vehiculo en movimiento,Frente a Detrás,Not an Intersection,No fue interseccion,Sobre calle,Ninguna,Oscuro con iluminacion,lluvia,No,NO APLICA,99,99,99,99,1,06/12/2022,4
26,Michigan,261002,0,0,2,0,163,WAYNE (163),1260,DETROIT,5,Mayo,30,2022,4,20,MACK AVE,6,Calle Local Municipalidad,Urbano,Arteria Principal,City or Municipal Highway Agency,1,Sin jurisdiccion especial,41,42.38365278,-82.96787222,Vehiculo en movimiento,Angulo,Four-Way Intersection,Interseccion de 4 direcciones,Sobre calle,Ninguna,Oscuro con iluminacion,Despejado,No,NO APLICA,99,99,99,99,1,30/05/2022,6
26,Michigan,261003,0,0,1,0,25,CALHOUN (25),310,BATTLE CREEK,6,Junio,10,2022,1,30,HAMBLIN AVE,6,Calle Local Municipalidad,Urbano,Colector Mayor,City or Municipal Highway Agency,0,Sin jurisdiccion especial,12,42.32199444,-85.19090833,Arbol,El primer evento no fue una colision con un vehiculo automotor en transporte,Not an Intersection,No fue interseccion,Sobre el lado de la calle,Ninguna,Oscuro con iluminacion,Despejado,No,NO APLICA,99,99,99,99,1,10/06/2022,1
26,Michigan,261004,1,1,1,0,163,WAYNE (163),1260,DETROIT,6,Junio,12,2022,23,40,VEACH ST,6,Calle Local Municipalidad,Urbano,Local,City or Municipal Highway Agency,0,Sin jurisdiccion especial,4,42.43390278,-83.02106389,Peaton,El primer evento no fue una colision con un vehiculo automotor en transporte,Not an Intersection,No fue interseccion,Sobre calle,Ninguna,Oscuro con iluminacion,Despejado,No,NO APLICA,99,99,99,99,1,12/06/2022,1
26,Michigan,261005,1,1,1,0,161,WASHTENAW (161),0,NO APLICA,10,Octubre,14,2022,9,0,US-23,2,US Highway,Urbano,Arterial Principal -Freeway o ExpressWay,State Highway Agency,1,Sin jurisdiccion especial,15,42.32367222,-83.71308611,Peaton,El primer evento no fue una colision con un vehiculo automotor en transporte,Not an Intersection,No fue interseccion,Sobre calle,Ninguna,Dia total,Nublado,No,NO APLICA,99,98,99,98,1,14/10/2022,1
26,Michigan,261006,1,1,3,1,99,MACOMB (99),2181,HARRISON TOWNSHIP,11,Noviembre,12,2022,17,20,I-94,1,Interestatal,Urbano,Interestatal,State Highway Agency,1,Sin jurisdiccion especial,91,42.55568889,-82.86064444,Vehiculo en movimiento,Frente a Detrás,Not an Intersection,No fue interseccion,Sobre calle,Ninguna,Atardecer,lluvia,No,NO APLICA,99,99,99,99,1,12/11/2022,4
26,Michigan,261007,1,1,1,0,163,WAYNE (163),1260,DETROIT,6,Junio,17,2022,22,42,SR-97 HOOVER ST,3,Highway estatal,Urbano,Arteria Principal,State Highway Agency,1,Sin jurisdiccion especial,15,42.42848056,-83.00435556,Peaton,El primer evento no fue una colision con un vehiculo automotor en transporte,Not an Intersection,No fue interseccion,Sobre calle,Ninguna,Oscuro con iluminacion,Despejado,No,NO APLICA,99,99,99,99,1,17/06/2022,1
26,Michigan,261008,0,0,2,0,81,KENT (81),0,NO APLICA,6,Junio,19,2022,15,9,SR-57 14 MILE RD NE,3,Highway estatal,Rural,Arteria Menor,State Highway Agency,0,Sin jurisdiccion especial,124,43.17637778,-85.40594444,Vehiculo en movimiento,Frente a frente,Not an Intersection,No fue interseccion,Sobre calle,Ninguna,Dia total,Despejado,No,NO APLICA,99,99,99,99,1,19/06/2022,4
26,Michigan,261009,0,0,2,0,163,WAYNE (163),1260,DETROIT,6,Junio,22,2022,18,20,CR-OUTER DRIVE EAST,4,Calle del Condado,Urbano,Arteria Menor,County Highway Agency,0,Sin jurisdiccion especial,29,42.440575,-83.06358889,Vehiculo en movimiento,Angulo,Four-Way Intersection,Interseccion de 4 direcciones,Sobre calle,Ninguna,Dia total,Despejado,No,NO APLICA,99,99,99,99,1,22/06/2022,3
26,Michigan,261010,0,0,3,0,163,WAYNE (163),633,BROWNSTOWN TOWNSHIP,12,Diciembre,6,2022,9,53,US-24 TELEGRAPH RD,2,US Highway,Urbano,Arteria Principal,State Highway Agency,1,Sin jurisdiccion especial,20,42.12102778,-83.27753611,Vehiculo en movimiento,Angulo,Not an Intersection,No fue interseccion,Sobre calle,Ninguna,Dia total,Nublado,No,NO APLICA,99,99,99,99,1,06/12/2022,4
26,Michigan,261011,0,0,2,0,63,HURON (63),0,NO APLICA,6,Junio,27,2022,6,49,SR-53 VANDYKE RD,3,Highway estatal,Rural,Arteria Principal,State Highway Agency,1,Sin jurisdiccion especial,101,43.80130278,-83.03957778,Vehiculo en movimiento,Angulo,Not an Intersection,No fue interseccion,Sobre calle,Ninguna,Dia total,Despejado,No,NO APLICA,99,99,99,99,1,27/06/2022,2
26,Michigan,261012,0,0,4,0,121,MUSKEGON (121),3460,MUSKEGON HTS,12,Diciembre,15,2022,12,21,SHERMAN BLVD,6,Calle Local Municipalidad,Urbano,Arteria Principal,City or Municipal Highway Agency,1,Sin jurisdiccion especial,31,43.20526667,-86.25878333,Vehiculo en movimiento,Frente a Detrás,T-Intersection,Interseccion de T,Sobre calle,Ninguna,Dia total,Nublado,No,NO APLICA,12,21,12,25,1,15/12/2022,4
26,Michigan,261013,0,0,2,0,99,MACOMB (99),4154,RAY TOWNSHIP,10,Octubre,11,2022,13,32,CR-ROMEO PLANK RD,4,Calle del Condado,Urbano,Arteria Menor,County Highway Agency,0,Sin jurisdiccion especial,11,42.71710278,-82.95949722,Banqueta,El primer evento no fue una colision con un vehiculo automotor en transporte,Not an Intersection,No fue interseccion,Sobre el lado de la calle,Ninguna,Dia total,Despejado,No,NO APLICA,99,99,99,99,1,11/10/2022,2
26,Michigan,261014,0,0,1,0,49,GENESEE (49),0,NO APLICA,7,Julio,4,2022,16,25,CR-US-23,4,Calle del Condado,Urbano,Arterial Principal -Freeway o ExpressWay,County Highway Agency,1,Sin jurisdiccion especial,1,42.86460278,-83.74011667,Poste o otros soportes,El primer evento no fue una colision con un vehiculo automotor en transporte,Not an Intersection,No fue interseccion,Sobre el lado de la calle,Ninguna,Dia total,Despejado,No,NO APLICA,99,99,99,99,1,04/07/2022,1
26,Michigan,261015,3,3,1,0,151,SANILAC (151),0,NO APLICA,10,Octubre,31,2022,19,53,CR-CASS CITY RD,4,Calle del Condado,Rural,Colector Mayor,County Highway Agency,0,Sin jurisdiccion especial,10,43.60315278,-83.09375278,Animal montado o vehiculo de traccion animal,El primer evento no fue una colision con un vehiculo automotor en transporte,Not an Intersection,No fue interseccion,Sobre calle,Ninguna,Oscuro sin iluminacion,Neblina o Humo,No,NO APLICA,19,59,20,11,1,31/10/2022,1
26,Michigan,261016,0,0,2,0,147,ST. CLAIR (147),3020,MARINE CITY,7,Julio,30,2022,16,11,S MAIN ST,6,Calle Local Municipalidad,Urbano,Local,City or Municipal Highway Agency,0,Sin jurisdiccion especial,1,42.71521111,-82.49494444,Vehiculo en movimiento,Angulo,Four-Way Intersection,Interseccion de 4 direcciones,Sobre calle,Ninguna,Dia total,Despejado,No,NO APLICA,99,99,99,99,1,30/07/2022,4
26,Michigan,261017,1,1,2,0,5,ALLEGAN (5),0,NO APLICA,12,Diciembre,20,2022,17,43,SR-89,3,Highway estatal,Rural,Arteria Menor,State Highway Agency,0,Sin jurisdiccion especial,28,42.44304722,-85.60292222,Peaton,El primer evento no fue una colision con un vehiculo automotor en transporte,T-Intersection,Interseccion de T,Sobre calle,Ninguna,Oscuro con iluminacion,Nublado,No,NO APLICA,17,40,17,51,1,20/12/2022,5
26,Michigan,261018,1,1,1,0,99,MACOMB (99),1009,CLINTON TOWNSHIP,7,Julio,22,2022,0,26,CR-ROMEO PLANK RD,4,Calle del Condado,Urbano,Colector Mayor,County Highway Agency,0,Sin jurisdiccion especial,15,42.60999722,-82.93261389,Peaton,El primer evento no fue una colision con un vehiculo automotor en transporte,Not an Intersection,No fue interseccion,Sobre calle,Ninguna,Oscuro sin iluminacion,Nublado,No,NO APLICA,99,99,99,99,1,22/07/2022,1
26,Michigan,261019,0,0,1,0,155,SHIAWASSEE (155),0,NO APLICA,8,Agosto,2,2022,18,34,CR-BEARD RD,4,Calle del Condado,Rural,Colector Mayor,County Highway Agency,0,Sin jurisdiccion especial,99,42.80593056,-84.13365278,Arbol,El primer evento no fue una colision con un vehiculo automotor en transporte,Not an Intersection,No fue interseccion,Sobre el lado de la calle,Ninguna,Dia total,Despejado,No,NO APLICA,99,99,99,99,1,02/08/2022,1
26,Michigan,261020,0,0,2,0,163,WAYNE (163),1260,DETROIT,8,Agosto,5,2022,22,9,KERCHEVAL ST,6,Calle Local Municipalidad,Urbano,Colector Mayor,City or Municipal Highway Agency,0,Sin jurisdiccion especial,1,42.37446667,-82.95928611,Vehiculo en movimiento,Angulo,Four-Way Intersection,Interseccion de 4 direcciones,Sobre calle,Ninguna,Oscuro con iluminacion,Despejado,No,NO APLICA,99,99,99,99,1,05/08/2022,4
26,Michigan,261021,1,1,1,0,49,GENESEE (49),1740,FLUSHING,12,Diciembre,8,2022,17,56,PIERSON RD,6,Calle Local Municipalidad,Urbano,Arteria Menor,City or Municipal Highway Agency,0,Sin jurisdiccion especial,3,43.06012222,-83.81648611,Ciclista,El primer evento no fue una colision con un vehiculo automotor en transporte,Not an Intersection,No fue interseccion,Sobre calle,Ninguna,Oscuro sin iluminacion,Despejado,No,NO APLICA,99,98,99,98,1,08/12/2022,1
26,Michigan,261022,0,0,3,0,81,KENT (81),0,NO APLICA,12,Diciembre,30,2022,14,32,SR-57 14 MILE RD,3,Highway estatal,Rural,Arteria Menor,State Highway Agency,0,Sin jurisdiccion especial,121,43.17633611,-85.41183333,Vehiculo en movimiento,Golpe Lateral - misma direccion,T-Intersection,Interseccion de T,Sobre calle,Ninguna,Dia total,Despejado,No,NO APLICA,99,99,99,99,2,30/12/2022,5
26,Michigan,261023,1,1,1,0,163,WAYNE (163),1260,DETROIT,8,Agosto,12,2022,9,27,MACK AVE,6,Calle Local Municipalidad,Urbano,Arteria Principal,City or Municipal Highway Agency,1,Sin jurisdiccion especial,9,42.35895278,-83.0281,Peaton,El primer evento no fue una colision con un vehiculo automotor en transporte,T-Intersection,Interseccion de T,Sobre calle,"Zona de trabajo, tipo desconocido",No reportada,Despejado,No,NO APLICA,99,99,99,99,1,12/08/2022,1
26,Michigan,261024,0,0,2,0,145,SAGINAW (145),0,NO APLICA,12,Diciembre,21,2022,7,18,CR-HEMLOCK RD,4,Calle del Condado,Rural,Colector Mayor,County Highway Agency,0,Sin jurisdiccion especial,24,43.42792778,-84.22986111,Vehiculo en movimiento,Frente a frente,Not an Intersection,No fue interseccion,Sobre calle,Ninguna,Amanecer,Despejado,No,NO APLICA,99,99,99,99,1,21/12/2022,2
26,Michigan,261025,0,0,1,0,75,JACKSON (75),3466,NAPOLEON,8,Agosto,20,2022,20,30,CR-CADY RD,4,Calle del Condado,Rural,Local,County Highway Agency,0,Sin jurisdiccion especial,24,42.17505833,-84.21710278,Animal vivo,El primer evento no fue una colision con un vehiculo automotor en transporte,Not an Intersection,No fue interseccion,Sobre calle,Ninguna,Oscuro con iluminacion,Despejado,No,NO APLICA,99,99,99,99,1,20/08/2022,1
26,Michigan,261026,0,0,2,0,163,WAYNE (163),0,NO APLICA,8,Agosto,22,2022,9,5,CR-PENNSYLVANIA RD,4,Calle del Condado,Urbano,Arteria Menor,County Highway Agency,0,Sin jurisdiccion especial,17,42.18005833,-83.38392778,Vehiculo en movimiento,Angulo,T-Intersection,Interseccion de T,Sobre calle,Ninguna,Dia total,Despejado,No,NO APLICA,99,99,99,99,1,22/08/2022,2