Estado,Nombre de Estado,Numero de Caso,Peatones,Personas _no_vehiculos,Vehiculos automotores,Vehiculos estacionados,Condado,Nombre Condado,Ciudad,Nombre Ciudad,Mes,Nombre Mes,Dia,Año,Hora,Minuto,Calle,Ruta,Nombre Ruta,Rural o Urbanoo,Sistema Funcional,Dueño Calle,Sistema Nacional Carreteras,Jurisdiccion Especial,Milla,Latitud,Longitud,Causa del Accidente,Tipo de Accidente,Tipo Interseccion,Columna1,Lugar en la calle,Zona de Trabajo,Luz,Clima,Autobus Escolar,Cruce de Trenes,Hora Notificacion,Minuto Notificacion,Hora Llegada,Minuto Llegada,Decesos,Fecha,PersonaVehiculo
26,Michigan,261027,1,1,1,0,73,ISABELLA (73),0,NO APLICA,8,Agosto,25,2022,3,30,CR-WEIDMAN RD,4,Calle del Condado,Rural,Colector Mayor,County Highway Agency,0,Sin jurisdiccion especial,74,43.68374167,-84.85977778,Peaton,El primer evento no fue una colision con un vehiculo automotor en transporte,Not an Intersection,No fue interseccion,Sobre calle,Ninguna,Oscuro sin iluminacion,Neblina o Humo,No,NO APLICA,99,99,99,99,1,25/08/2022,2
26,Michigan,261028,0,0,1,0,25,CALHOUN (25),0,NO APLICA,7,Julio,17,2022,17,45,CR-D AVE,4,Calle del Condado,Rural,Local,City or Municipal Highway Agency,0,Sin jurisdiccion especial,22,42.13849722,-85.086075,Arbol,El primer evento no fue una colision con un vehiculo automotor en transporte,Not an Intersection,No fue interseccion,Sobre el lado de la calle,Ninguna,Dia total,Nublado,No,NO APLICA,17,47,17,59,1,17/07/2022,2
26,Michigan,261029,1,1,1,0,49,GENESEE (49),195,ATLAS,8,Agosto,24,2022,16,36,SR-15 S STATE RD,3,Highway estatal,Urbano,Arteria Principal,State Highway Agency,1,Sin jurisdiccion especial,32,42.91495556,-83.50168611,Peaton,El primer evento no fue una colision con un vehiculo automotor en transporte,T-Intersection,Interseccion de T,Sobre calle,Ninguna,Dia total,Despejado,No,NO APLICA,99,99,99,99,1,24/08/2022,1
26,Michigan,261030,0,0,1,0,25,CALHOUN (25),0,NO APLICA,12,Diciembre,22,2022,23,23,CR-B DR,4,Calle del Condado,Rural,Colector Mayor,County Highway Agency,0,Sin jurisdiccion especial,75,42.23236667,-85.08302222,Otro objeto (fijo),El primer evento no fue una colision con un vehiculo automotor en transporte,Not an Intersection,No fue interseccion,Fuera de la calle,Ninguna,Oscuro sin iluminacion,Nieve,No,NO APLICA,23,24,23,43,1,22/12/2022,2
26,Michigan,261031,0,0,1,0,17,BAY (17),320,BAY CITY,9,Septiembre,6,2022,18,48,SR-13 SALZBURG AVE,3,Highway estatal,Urbano,Arteria Principal,State Highway Agency,1,Sin jurisdiccion especial,7,43.58018333,-83.90763889,Volcadura,El primer evento no fue una colision con un vehiculo automotor en transporte,Not an Intersection,No fue interseccion,Sobre calle,Ninguna,Dia total,Despejado,No,NO APLICA,99,99,99,99,1,06/09/2022,1
26,Michigan,261032,0,0,1,0,147,ST. CLAIR (147),0,NO APLICA,9,Septiembre,15,2022,11,5,CR-BURCH,4,Calle del Condado,Rural,Colector Mayor,County Highway Agency,0,Sin jurisdiccion especial,22,43.11664167,-82.55717222,Volcadura,El primer evento no fue una colision con un vehiculo automotor en transporte,Not an Intersection,No fue interseccion,Sobre el lado de la calle,Ninguna,Dia total,Despejado,No,NO APLICA,99,99,99,99,1,15/09/2022,1
26,Michigan,261033,0,0,3,0,49,GENESEE (49),686,BURTON,9,Septiembre,21,2022,10,54,BRISTOL RD,6,Calle Local Municipalidad,Urbano,Arteria Menor,City or Municipal Highway Agency,0,Sin jurisdiccion especial,55,42.97517778,-83.62336944,Vehiculo en movimiento,Frente a Detrás,T-Intersection,Interseccion de T,Sobre calle,Ninguna,Dia total,lluvia,No,NO APLICA,99,99,99,99,1,21/09/2022,3
26,Michigan,261034,0,0,2,0,27,CASS (27),0,NO APLICA,12,Diciembre,31,2022,20,34,CR-DAILEY RD,4,Calle del Condado,Rural,Colector Mayor,County Highway Agency,0,Sin jurisdiccion especial,79,41.90824167,-86.08755556,Vehiculo en movimiento,Golpe Lateral - misma direccion,Not an Intersection,No fue interseccion,Sobre calle,Ninguna,Oscuro sin iluminacion,Despejado,No,NO APLICA,99,99,99,99,1,31/12/2022,3
26,Michigan,261035,0,0,2,0,163,WAYNE (163),1260,DETROIT,9,Septiembre,22,2022,4,35,SERVICE DR I-94,6,Calle Local Municipalidad,Urbano,Colector Mayor,City or Municipal Highway Agency,0,Sin jurisdiccion especial,6,42.38583611,-83.019775,Vehiculo en movimiento,Angulo,Four-Way Intersection,Interseccion de 4 direcciones,Sobre calle,Ninguna,Oscuro con iluminacion,Despejado,No,NO APLICA,99,99,99,99,1,22/09/2022,2
26,Michigan,261036,1,1,1,0,125,OAKLAND (125),4567,SOUTHFIELD,9,Septiembre,15,2022,22,40,US-24 TELEGRAPH RD,2,US Highway,Urbano,Arteria Principal,State Highway Agency,1,Sin jurisdiccion especial,25,42.47826389,-83.28522222,Peaton,El primer evento no fue una colision con un vehiculo automotor en transporte,Not an Intersection,No fue interseccion,Sobre calle,Ninguna,Oscuro sin iluminacion,Despejado,No,NO APLICA,99,99,99,99,1,15/09/2022,1
26,Michigan,261037,0,0,2,0,25,CALHOUN (25),310,BATTLE CREEK,8,Agosto,24,2022,12,38,SR-96 W COLUMBIA AVE,3,Highway estatal,Urbano,Arteria Principal,State Highway Agency,1,Sin jurisdiccion especial,35,42.29825556,-85.21402222,Vehiculo en movimiento,Angulo,Four-Way Intersection,Interseccion de 4 direcciones,Sobre calle,Ninguna,Dia total,Despejado,No,NO APLICA,99,99,99,99,1,24/08/2022,3
26,Michigan,261039,0,0,1,0,143,ROSCOMMON (143),0,NO APLICA,10,Octubre,21,2022,23,6,CR-WASHINGTON ST,4,Calle del Condado,Rural,Local,County Highway Agency,0,Sin jurisdiccion especial,1,44.37628889,-84.40787778,Arbol,El primer evento no fue una colision con un vehiculo automotor en transporte,Not an Intersection,No fue interseccion,Sobre el lado de la calle,Ninguna,Oscuro con iluminacion,Despejado,No,NO APLICA,99,99,99,99,1,21/10/2022,2
26,Michigan,261040,0,0,1,0,133,OSCEOLA (133),0,NO APLICA,11,Noviembre,2,2022,15,0,CR-HIBMA RD,4,Calle del Condado,Rural,Local,County Highway Agency,0,Sin jurisdiccion especial,13,44.15398611,-85.48863333,Alguien se cayo/avento del vehiculo,El primer evento no fue una colision con un vehiculo automotor en transporte,Not an Intersection,No fue interseccion,Sobre calle,Ninguna,Dia total,Despejado,No,NO APLICA,99,99,99,99,1,02/11/2022,1
26,Michigan,261041,0,0,2,0,49,GENESEE (49),1731,FLINT TOWNSHIP,11,Noviembre,17,2022,21,55,CR-LINDEN RD,4,Calle del Condado,Urbano,Arteria Principal,County Highway Agency,1,Sin jurisdiccion especial,178,43.03141111,-83.77348056,Vehiculo en movimiento,Angulo,Four-Way Intersection,Interseccion de 4 direcciones,Sobre calle,Ninguna,Oscuro sin iluminacion,Nieve,No,NO APLICA,99,99,99,99,1,17/11/2022,2
26,Michigan,261042,0,0,1,0,149,ST JOSEPH (149),0,NO APLICA,11,Noviembre,28,2022,17,28,WHITE SCHOOL RD,9,Desconocido,Rural,No reportado,Not Reported,0,Sin jurisdiccion especial,1,41.77637222,-85.44763611,Barda,El primer evento no fue una colision con un vehiculo automotor en transporte,Not an Intersection,No fue interseccion,Sobre el lado de la calle,Ninguna,Dia total,Despejado,No,NO APLICA,99,99,99,99,1,28/11/2022,1
26,Michigan,261043,0,0,1,0,123,NEWAYGO (123),0,NO APLICA,12,Diciembre,6,2022,11,7,SR-37 S EVERGREEN DR,3,Highway estatal,Rural,Arteria Menor,State Highway Agency,0,Sin jurisdiccion especial,41,43.47820556,-85.77357222,Arbol,El primer evento no fue una colision con un vehiculo automotor en transporte,Not an Intersection,No fue interseccion,Sobre el lado de la calle,Ninguna,Dia total,Nublado,No,NO APLICA,99,99,99,99,1,06/12/2022,2
26,Michigan,261044,0,0,2,0,99,MACOMB (99),919,CHESTERFIELD TOWNSHIP,12,Diciembre,9,2022,14,19,CR-26 MILE RD,4,Calle del Condado,Urbano,Arteria Menor,County Highway Agency,0,Sin jurisdiccion especial,154,42.71949167,-82.7888,Vehiculo en movimiento,Frente a frente,Four-Way Intersection,Interseccion de 4 direcciones,Sobre calle,Ninguna,Dia total,Nublado,No,NO APLICA,99,99,99,99,1,09/12/2022,5
26,Michigan,261045,0,0,1,0,163,WAYNE (163),1260,DETROIT,12,Diciembre,25,2022,23,52,I-94,1,Interestatal,Urbano,Interestatal,State Highway Agency,1,Sin jurisdiccion especial,304,42.38328889,-83.03006111,Barrera de Trafico de Concreto,El primer evento no fue una colision con un vehiculo automotor en transporte,Not an Intersection,No fue interseccion,En el medio,Ninguna,Oscuro con iluminacion,Nieve,No,NO APLICA,99,99,99,99,1,25/12/2022,1
26,Michigan,261046,0,0,1,0,163,WAYNE (163),1260,DETROIT,9,Septiembre,4,2022,0,11,I-75 RAMP 047A,1,Interestatal,Urbano,Interestatal,State Highway Agency,1,Sin jurisdiccion especial,1,42.40686111,-83.07600833,Poste,El primer evento no fue una colision con un vehiculo automotor en transporte,Not an Intersection,No fue interseccion,Sobre el lado de la calle,Ninguna,Oscuro con iluminacion,Despejado,No,NO APLICA,99,99,99,99,1,04/09/2022,2
26,Michigan,261047,0,0,2,0,163,WAYNE (163),1260,DETROIT,12,Diciembre,24,2022,20,21,SR-102 E 8 MILE RD,3,Highway estatal,Urbano,Arteria Principal,State Highway Agency,1,Sin jurisdiccion especial,41,42.448875,-83.00260833,Vehiculo en movimiento,Angulo,Four-Way Intersection,Interseccion de 4 direcciones,Sobre calle,Ninguna,Oscuro con iluminacion,Nieve,No,NO APLICA,99,99,99,99,1,24/12/2022,3
26,Michigan,261048,1,1,1,0,163,WAYNE (163),2430,INKSTER,12,Diciembre,27,2022,7,13,CR-MIDDLEBELT AVE,4,Calle del Condado,Urbano,Arteria Principal,County Highway Agency,1,Sin jurisdiccion especial,119,42.28882778,-83.32926389,Peaton,El primer evento no fue una colision con un vehiculo automotor en transporte,Not an Intersection,No fue interseccion,Sobre calle,Ninguna,Oscuro sin iluminacion,Despejado,No,NO APLICA,99,99,99,99,1,27/12/2022,1
26,Michigan,261049,1,1,1,0,115,MONROE (115),0,NO APLICA,11,Noviembre,21,2022,15,35,US-24 TELEGRAPH RD,2,US Highway,Urbano,Arteria Principal,State Highway Agency,1,Sin jurisdiccion especial,216,42.00416389,-83.35621667,Ciclista,El primer evento no fue una colision con un vehiculo automotor en transporte,Not an Intersection,No fue interseccion,Sobre calle,Ninguna,Oscuro sin iluminacion,Despejado,No,NO APLICA,17,41,17,49,1,21/11/2022,1
26,Michigan,261050,0,0,1,0,49,GENESEE (49),0,NO APLICA,12,Diciembre,18,2022,19,18,CR-FENTON RD,4,Calle del Condado,Urbano,Arteria Menor,County Highway Agency,0,Sin jurisdiccion especial,71,42.89671667,-83.69528056,Poste,El primer evento no fue una colision con un vehiculo automotor en transporte,Not an Intersection,No fue interseccion,Sobre el lado de la calle,Ninguna,Oscuro sin iluminacion,Otro,No,NO APLICA,19,18,19,28,1,18/12/2022,1
26,Michigan,261051,1,1,1,0,163,WAYNE (163),5310,WYANDOTTE,11,Noviembre,22,2022,19,44,POPLAR ST,6,Calle Local Municipalidad,Urbano,Local,City or Municipal Highway Agency,0,Sin jurisdiccion especial,13,42.20869444,-83.15009167,Peaton,El primer evento no fue una colision con un vehiculo automotor en transporte,Four-Way Intersection,Interseccion de 4 direcciones,Sobre calle,Ninguna,Oscuro con iluminacion,Despejado,No,NO APLICA,99,99,99,99,1,22/11/2022,1
26,Michigan,261053,0,0,2,0,103,MARQUETTE (103),3050,MARQUETTE,7,Julio,25,2022,16,12,US-41,2,US Highway,Urbano,Arteria Principal,State Highway Agency,1,Sin jurisdiccion especial,205,46.50678056,-87.36680556,Vehiculo en movimiento,Frente a frente,Not an Intersection,No fue interseccion,Sobre calle,Ninguna,Dia total,Despejado,No,NO APLICA,99,99,99,99,1,25/07/2022,2
26,Michigan,261054,0,0,2,0,81,KENT (81),0,NO APLICA,9,Septiembre,8,2022,6,31,CR-LINCOLN LAKE RD,4,Calle del Condado,Rural,Arteria Menor,County Highway Agency,0,Sin jurisdiccion especial,122,43.04379167,-85.35208333,Vehiculo en movimiento,Angulo,Four-Way Intersection,Interseccion de 4 direcciones,Sobre calle,Ninguna,Oscuro con iluminacion,Neblina o Humo,No,NO APLICA,99,99,99,99,1,08/09/2022,2
26,Michigan,261055,0,0,1,0,163,WAYNE (163),1260,DETROIT,11,Noviembre,5,2022,2,45,DAVISON ST,6,Calle Local Municipalidad,Urbano,Arteria Principal,City or Municipal Highway Agency,1,Sin jurisdiccion especial,62,42.42112778,-83.04722778,Edificio,El primer evento no fue una colision con un vehiculo automotor en transporte,Not an Intersection,No fue interseccion,Sobre el lado de la calle,Ninguna,Oscuro con iluminacion,Despejado,No,NO APLICA,99,99,99,99,1,05/11/2022,3
26,Michigan,261056,0,0,2,0,91,LENAWEE (91),0,NO APLICA,5,Mayo,10,2022,22,10,SR-52,3,Highway estatal,Rural,Arteria Menor,State Highway Agency,0,Sin jurisdiccion especial,84,42.00961111,-84.00538611,Vehiculo en movimiento,Angulo,Four-Way Intersection,Interseccion de 4 direcciones,Sobre calle,Ninguna,Oscuro con iluminacion,Despejado,No,NO APLICA,99,99,99,99,1,10/05/2022,3
26,Michigan,261057,1,1,2,0,163,WAYNE (163),1260,DETROIT,1,Enero,12,2022,18,15,CR-W 7 MILE RD,4,Calle del Condado,Urbano,Arteria Principal,County Highway Agency,1,Sin jurisdiccion especial,79,42.42893889,-83.27901944,Peaton,El primer evento no fue una colision con un vehiculo automotor en transporte,Not an Intersection,No fue interseccion,Sobre calle,Ninguna,Atardecer,lluvia,No,NO APLICA,99,99,99,99,1,12/01/2022,2
26,Michigan,261058,0,0,2,0,163,WAYNE (163),1260,DETROIT,7,Julio,17,2022,20,44,JOY RD,6,Calle Local Municipalidad,Urbano,Arteria Menor,City or Municipal Highway Agency,0,Sin jurisdiccion especial,99,42.35859167,-83.17747222,Vehiculo en movimiento,Angulo,Four-Way Intersection,Interseccion de 4 direcciones,Sobre calle,Ninguna,Atardecer,Despejado,No,NO APLICA,99,99,99,99,1,17/07/2022,2
26,Michigan,261059,0,0,1,0,17,BAY (17),0,NO APLICA,4,Abril,12,2022,5,48,CR-MICHIGAN RD,4,Calle del Condado,Urbano,Local,County Highway Agency,0,Sin jurisdiccion especial,6,43.53270556,-83.94471389,Poste de Señal de trafico,El primer evento no fue una colision con un vehiculo automotor en transporte,Not an Intersection,No fue interseccion,Sobre el lado de la calle,Ninguna,Oscuro sin iluminacion,Despejado,No,NO APLICA,99,99,99,99,1,12/04/2022,1
26,Michigan,261060,0,0,1,0,163,WAYNE (163),1260,DETROIT,6,Junio,23,2022,8,28,SR-96 GRAND RIVER AVE,3,Highway estatal,Urbano,Arteria Principal,State Highway Agency,1,Sin jurisdiccion especial,66,42.37388889,-83.15131111,Edificio,El primer evento no fue una colision con un vehiculo automotor en transporte,Not an Intersection,No fue interseccion,Fuera de la calle,Ninguna,Dia total,Despejado,No,NO APLICA,99,99,99,99,1,23/06/2022,1
26,Michigan,261061,0,0,2,0,77,KALAMAZOO (77),0,NO APLICA,10,Octubre,18,2022,17,39,SR-343 GULL RD,3,Highway estatal,Urbano,Arteria Principal,State Highway Agency,1,Sin jurisdiccion especial,13,42.30820833,-85.55397222,Vehiculo en movimiento,Angulo,T-Intersection,Interseccion de T,Sobre calle,Ninguna,Dia total,lluvia,No,NO APLICA,99,99,99,99,1,18/10/2022,2
26,Michigan,261062,0,0,1,0,157,TUSCOLA (157),0,NO APLICA,11,Noviembre,25,2022,23,0,CR-IRISH RD,4,Calle del Condado,Rural,Local,County Highway Agency,0,Sin jurisdiccion especial,25,43.25942222,-83.55886111,Culvert,El primer evento no fue una colision con un vehiculo automotor en transporte,Not an Intersection,No fue interseccion,Sobre el lado de la calle,Ninguna,Oscuro sin iluminacion,Despejado,No,NO APLICA,99,99,99,99,1,25/11/2022,1
26,Michigan,261063,0,0,1,0,145,SAGINAW (145),4350,SAGINAW,12,Diciembre,20,2022,15,30,S 4TH AVE,6,Calle Local Municipalidad,Urbano,Local,City or Municipal Highway Agency,0,Sin jurisdiccion especial,5,43.42179167,-83.92497778,Poste,El primer evento no fue una colision con un vehiculo automotor en transporte,Not an Intersection,No fue interseccion,Sobre el lado de la calle,Ninguna,Dia total,Despejado,No,NO APLICA,99,99,99,99,1,20/12/2022,1
26,Michigan,261064,0,0,2,0,5,ALLEGAN (5),0,NO APLICA,10,Octubre,24,2022,16,30,CR-108TH,4,Calle del Condado,Rural,Local,County Highway Agency,0,Sin jurisdiccion especial,8,42.76823889,-85.60904444,Vehiculo en movimiento,Frente a Detrás,Not an Intersection,No fue interseccion,Sobre calle,Ninguna,Dia total,Nublado,No,NO APLICA,99,99,99,99,1,24/10/2022,3
26,Michigan,261065,0,0,2,0,133,OSCEOLA (133),0,NO APLICA,11,Noviembre,18,2022,21,5,US-131,2,US Highway,Rural,Arterial Principal -Freeway o ExpressWay,State Highway Agency,1,Sin jurisdiccion especial,187,44.07906667,-85.48076111,Vehiculo en movimiento,Frente a frente,Not an Intersection,No fue interseccion,Sobre calle,Ninguna,Oscuro sin iluminacion,Nieve,No,NO APLICA,21,7,21,15,1,18/11/2022,3
26,Michigan,261066,1,1,1,0,49,GENESEE (49),1731,FLINT TOWNSHIP,11,Noviembre,4,2022,20,15,CR-W PASADENA AVE,4,Calle del Condado,Urbano,Arteria Menor,County Highway Agency,0,Sin jurisdiccion especial,25,43.04619722,-83.73899167,No vehiculo o remolque,El primer evento no fue una colision con un vehiculo automotor en transporte,Not an Intersection,No fue interseccion,Sobre calle,Ninguna,Oscuro sin iluminacion,Despejado,No,NO APLICA,99,99,99,99,1,04/11/2022,1
27,Minnesota,270001,0,0,1,0,49,GOODHUE (49),0,NO APLICA,1,Enero,1,2022,6,22,TERRITORIAL RD,5,Calle Local - Pueblo,Rural,Colector Menor,Town or Township Highway Agency,0,Sin jurisdiccion especial,23,44.48078333,-92.32843611,Volcadura,El primer evento no fue una colision con un vehiculo automotor en transporte,Not an Intersection,No fue interseccion,Sobre el lado de la calle,Ninguna,Oscuro - iluminacion desconocida,Reportado como desconocido,No,NO APLICA,6,22,6,40,1,01/01/2022,2
27,Minnesota,270002,0,0,2,0,41,DOUGLAS (41),130,ALEXANDRIA,1,Enero,3,2022,19,44,CR-46,4,Calle del Condado,Urbano,Arteria Menor,County Highway Agency,0,Sin jurisdiccion especial,5,45.85990556,-95.41583056,Vehiculo en movimiento,Angulo,Not an Intersection,No fue interseccion,Sobre calle,Ninguna,Oscuro sin iluminacion,Despejado,No,NO APLICA,19,45,19,50,1,03/01/2022,2
27,Minnesota,270003,0,0,2,0,13,BLUE EARTH (13),4480,MANKATO,1,Enero,4,2022,11,28,US-169,2,US Highway,Urbano,Arteria Principal,State Highway Agency,1,Sin jurisdiccion especial,514,44.15451111,-94.03284722,Vehiculo en movimiento,Frente a frente,Not an Intersection,No fue interseccion,Sobre calle,Ninguna,Dia total,Nublado,No,NO APLICA,11,30,11,36,1,04/01/2022,2
27,Minnesota,270004,0,0,2,0,61,ITASCA (61),0,NO APLICA,1,Enero,7,2022,7,43,SR-46,3,Highway estatal,Rural,Arteria Menor,State Highway Agency,0,Sin jurisdiccion especial,74,47.39485556,-93.94805556,Vehiculo en movimiento,Angulo,Not an Intersection,No fue interseccion,Sobre calle,Ninguna,Amanecer,Despejado,No,NO APLICA,7,47,7,48,1,07/01/2022,5
27,Minnesota,270005,0,0,1,0,91,MARTIN (91),0,NO APLICA,1,Enero,10,2022,21,45,CR-130,4,Calle del Condado,Rural,Colector Menor,County Highway Agency,0,Sin jurisdiccion especial,23,43.67366944,-94.52588889,Poste,El primer evento no fue una colision con un vehiculo automotor en transporte,Not an Intersection,No fue interseccion,Sobre el lado de la calle,Ninguna,Oscuro sin iluminacion,Despejado,No,NO APLICA,21,45,21,55,1,10/01/2022,1
27,Minnesota,270007,0,0,1,0,123,RAMSEY (123),6330,ST. PAUL,1,Enero,4,2022,2,20,US-61 RAMP,2,US Highway,Urbano,Arterial Principal -Freeway o ExpressWay,State Highway Agency,1,Sin jurisdiccion especial,1301,44.89101389,-93.00721111,Barrera de Trafico de Concreto,El primer evento no fue una colision con un vehiculo automotor en transporte,Four-Way Intersection,Interseccion de 4 direcciones,Sobre el lado de la calle,Ninguna,Oscuro con iluminacion,Despejado,No,NO APLICA,2,29,2,40,1,04/01/2022,3
27,Minnesota,270008,0,0,2,0,157,WABASHA (157),0,NO APLICA,1,Enero,11,2022,11,51,US-61,2,US Highway,Rural,Arteria Principal,State Highway Agency,1,Sin jurisdiccion especial,536,44.30012778,-91.99994722,Vehiculo en movimiento,Angulo,Four-Way Intersection,Interseccion de 4 direcciones,Sobre calle,Ninguna,Dia total,Despejado,No,NO APLICA,11,51,12,1,1,11/01/2022,2
27,Minnesota,270009,1,1,1,0,95,MILLE LACS (95),0,NO APLICA,1,Enero,13,2022,22,42,US-169,2,US Highway,Rural,Arteria Principal,State Highway Agency,1,Reservacion India,2162,46.13914444,-93.7019,Peaton,El primer evento no fue una colision con un vehiculo automotor en transporte,Not an Intersection,No fue interseccion,Sobre calle,Ninguna,Oscuro sin iluminacion,Despejado,No,NO APLICA,22,42,22,53,1,13/01/2022,1
27,Minnesota,270010,0,0,3,0,19,CARVER (19),1180,CHASKA,1,Enero,18,2022,9,36,SR-41,3,Highway estatal,Urbano,Arteria Principal,State Highway Agency,1,Sin jurisdiccion especial,31,44.80465278,-93.60200556,Vehiculo en movimiento,Frente a frente,Not an Intersection,No fue interseccion,Sobre calle,Ninguna,Dia total,Nublado,No,NO APLICA,9,37,9,37,1,18/01/2022,5
27,Minnesota,270012,0,0,1,0,3,ANOKA (3),1982,EAST BETHEL,1,Enero,20,2022,16,50,CR-74,4,Calle del Condado,Urbano,Colector Menor,County Highway Agency,0,Sin jurisdiccion especial,13,45.37065556,-93.2577,Buzon de correo,El primer evento no fue una colision con un vehiculo automotor en transporte,Not an Intersection,No fue interseccion,Sobre el lado de la calle,Ninguna,Atardecer,Nublado,No,NO APLICA,16,50,99,99,1,20/01/2022,1
27,Minnesota,270013,0,0,2,0,9,BENTON (9),5900,RICE,1,Enero,26,2022,3,37,US-10,2,US Highway,Rural,Arteria Principal,State Highway Agency,1,Militar,1647,45.76255556,-94.22733333,Vehiculo en movimiento,Angulo,Four-Way Intersection,Interseccion de 4 direcciones,Sobre calle,Ninguna,Oscuro sin iluminacion,Despejado,No,NO APLICA,3,40,3,52,1,26/01/2022,2
27,Minnesota,270014,0,0,3,0,85,MCLEOD (85),0,NO APLICA,1,Enero,29,2022,15,41,SR-15,3,Highway estatal,Rural,Arteria Principal,State Highway Agency,1,Sin jurisdiccion especial,829,44.63455278,-94.37611389,Vehiculo en movimiento,Angulo,Not an Intersection,No fue interseccion,Sobre calle,Ninguna,Dia total,Despejado,No,NO APLICA,15,43,16,0,1,29/01/2022,6
27,Minnesota,270015,1,1,1,0,123,RAMSEY (123),4536,MAPLEWOOD,2,Febrero,6,2022,19,41,SR-120,3,Highway estatal,Urbano,Arteria Menor,State Highway Agency,0,Sin jurisdiccion especial,30,44.95928611,-92.98486389,Peaton,El primer evento no fue una colision con un vehiculo automotor en transporte,Not an Intersection,No fue interseccion,Sobre calle,Ninguna,Oscuro sin iluminacion,Nublado,No,NO APLICA,19,41,19,45,1,06/02/2022,1
27,Minnesota,270017,1,1,1,0,131,RICE (131),0,NO APLICA,1,Enero,29,2022,2,3,SR-60,3,Highway estatal,Rural,Arteria Menor,State Highway Agency,0,Sin jurisdiccion especial,1411,44.237125,-93.43224444,Peaton,El primer evento no fue una colision con un vehiculo automotor en transporte,Not an Intersection,No fue interseccion,Sobre calle,Ninguna,Oscuro sin iluminacion,Despejado,No,NO APLICA,2,5,2,6,1,29/01/2022,1
27,Minnesota,270018,1,1,3,0,37,DAKOTA (37),956,BURNSVILLE,2,Febrero,12,2022,2,48,I-35,1,Interestatal,Urbano,Interestatal,State Highway Agency,1,Sin jurisdiccion especial,874,44.72414167,-93.28197778,Peaton,El primer evento no fue una colision con un vehiculo automotor en transporte,Not an Intersection,No fue interseccion,Sobre calle,Ninguna,Oscuro sin iluminacion,Despejado,No,NO APLICA,2,48,2,55,1,12/02/2022,3
27,Minnesota,270019,0,0,1,0,37,DAKOTA (37),1945,EAGAN,2,Febrero,10,2022,19,32,SR-77,3,Highway estatal,Urbano,Arterial Principal -Freeway o ExpressWay,State Highway Agency,1,Sin jurisdiccion especial,58,44.82000556,-93.22418333,Acotamiento,El primer evento no fue una colision con un vehiculo automotor en transporte,Not an Intersection,No fue interseccion,Sobre el lado de la calle,Ninguna,Oscuro con iluminacion,Nublado,No,NO APLICA,19,32,19,35,1,10/02/2022,1
27,Minnesota,270020,0,0,2,0,93,MEEKER (93),0,NO APLICA,2,Febrero,16,2022,4,52,SR-22,3,Highway estatal,Urbano,Arteria Menor,State Highway Agency,0,Sin jurisdiccion especial,1409,45.09478056,-94.51517222,Vehiculo en movimiento,Golpe Lateral - direccion contraria,Not an Intersection,No fue interseccion,Sobre calle,Ninguna,Oscuro sin iluminacion,Nublado,No,NO APLICA,4,52,5,0,1,16/02/2022,2
27,Minnesota,270021,0,0,2,0,137,ST LOUIS (137),0,NO APLICA,2,Febrero,12,2022,15,35,CR-129,4,Calle del Condado,Rural,Colector Mayor,County Highway Agency,0,Sin jurisdiccion especial,6,48.39012778,-92.98364444,Vehiculo en movimiento,Angulo,Not an Intersection,No fue interseccion,Sobre calle,Ninguna,Dia total,Despejado,No,NO APLICA,15,38,15,38,1,12/02/2022,3
27,Minnesota,270022,0,0,2,0,53,HENNEPIN (53),4810,MINNETONKA MILLS,2,Febrero,18,2022,3,58,I-394,1,Interestatal,Urbano,Interestatal,State Highway Agency,1,Sin jurisdiccion especial,11,44.97091667,-93.43750833,Vehiculo en movimiento,Frente a frente,Not an Intersection,No fue interseccion,Sobre calle,Ninguna,Oscuro con iluminacion,Despejado,No,NO APLICA,4,4,4,11,1,18/02/2022,3
27,Minnesota,270023,0,0,2,0,139,SCOTT (139),0,NO APLICA,2,Febrero,20,2022,12,41,SR-13,3,Highway estatal,Rural,Arteria Menor,State Highway Agency,0,Sin jurisdiccion especial,780,44.630475,-93.50171389,Vehiculo en movimiento,Angulo,Four-Way Intersection,Interseccion de 4 direcciones,Sobre calle,Ninguna,Dia total,Despejado,No,NO APLICA,12,41,12,45,1,20/02/2022,6
27,Minnesota,270024,0,0,1,0,13,BLUE EARTH (13),0,NO APLICA,2,Febrero,13,2022,13,40,SR-22,3,Highway estatal,Rural,Arteria Menor,State Highway Agency,0,Sin jurisdiccion especial,329,43.90189722,-93.92013889,Culvert,El primer evento no fue una colision con un vehiculo automotor en transporte,Not an Intersection,No fue interseccion,Sobre el lado de la calle,Ninguna,Dia total,Despejado,No,NO APLICA,13,41,13,46,1,13/02/2022,3
27,Minnesota,270025,0,0,1,0,53,HENNEPIN (53),6300,ST. LOUIS PARK,2,Febrero,21,2022,12,22,US-169,2,US Highway,Urbano,Arterial Principal -Freeway o ExpressWay,State Highway Agency,1,Sin jurisdiccion especial,1272,44.96692778,-93.40068889,Barrera de Trafico de Concreto,El primer evento no fue una colision con un vehiculo automotor en transporte,Not an Intersection,No fue interseccion,En el medio,Ninguna,Dia total,Despejado,No,NO APLICA,12,24,12,30,1,21/02/2022,1
27,Minnesota,270027,0,0,2,0,67,KANDIYOHI (67),5120,NEW LONDON,2,Febrero,23,2022,16,1,SR-23,3,Highway estatal,Rural,Arteria Principal,State Highway Agency,1,Sin jurisdiccion especial,1565,45.29200556,-94.93913611,Vehiculo en movimiento,Angulo,T-Intersection,Interseccion de T,Sobre calle,Ninguna,Dia total,Despejado,No,NO APLICA,16,1,16,7,1,23/02/2022,2