Estado,Nombre de Estado,Numero de Caso,Peatones,Personas _no_vehiculos,Vehiculos automotores,Vehiculos estacionados,Condado,Nombre Condado,Ciudad,Nombre Ciudad,Mes,Nombre Mes,Dia,Año,Hora,Minuto,Calle,Ruta,Nombre Ruta,Rural o Urbanoo,Sistema Funcional,Dueño Calle,Sistema Nacional Carreteras,Jurisdiccion Especial,Milla,Latitud,Longitud,Causa del Accidente,Tipo de Accidente,Tipo Interseccion,Columna1,Lugar en la calle,Zona de Trabajo,Luz,Clima,Autobus Escolar,Cruce de Trenes,Hora Notificacion,Minuto Notificacion,Hora Llegada,Minuto Llegada,Decesos,Fecha,PersonaVehiculo
27,Minnesota,270028,0,0,1,0,27,CLAY (27),0,NO APLICA,2,Febrero,19,2022,6,35,CR-17,4,Calle del Condado,Rural,Colector Menor,County Highway Agency,0,Sin jurisdiccion especial,58,46.84528889,-96.58893889,Volcadura,El primer evento no fue una colision con un vehiculo automotor en transporte,Not an Intersection,No fue interseccion,Sobre el lado de la calle,Ninguna,Oscuro sin iluminacion,Despejado,No,NO APLICA,6,35,6,45,1,19/02/2022,2
27,Minnesota,270029,0,0,1,0,21,CASS (21),0,NO APLICA,2,Febrero,20,2022,3,39,SR-64,3,Highway estatal,Rural,Arteria Menor,State Highway Agency,0,Sin jurisdiccion especial,289,46.73409167,-94.70229444,Arbol,El primer evento no fue una colision con un vehiculo automotor en transporte,Not an Intersection,No fue interseccion,Sobre el lado de la calle,Ninguna,Oscuro sin iluminacion,Despejado,No,NO APLICA,3,44,4,7,1,20/02/2022,1
27,Minnesota,270030,0,0,2,1,169,WINONA (169),7660,WINONA,2,Febrero,23,2022,13,11,US-61,2,US Highway,Urbano,Arteria Principal,State Highway Agency,1,Sin jurisdiccion especial,251,44.02735833,-91.61397778,Vehiculo Aparcado,El primer evento no fue una colision con un vehiculo automotor en transporte,Not an Intersection,No fue interseccion,Sobre Acotamiento,Ninguna,Dia total,Despejado,No,NO APLICA,13,13,13,15,1,23/02/2022,1
27,Minnesota,270031,0,0,2,0,123,RAMSEY (123),6330,ST. PAUL,2,Febrero,26,2022,2,19,CR-35,4,Calle del Condado,Urbano,Arteria Menor,County Highway Agency,0,Sin jurisdiccion especial,5,44.94844722,-93.19249722,Vehiculo en movimiento,Angulo,Four-Way Intersection,Interseccion de 4 direcciones,Sobre calle,Ninguna,Oscuro con iluminacion,Despejado,No,NO APLICA,2,19,2,19,1,26/02/2022,2
27,Minnesota,270032,0,0,2,0,141,SHERBURNE (141),0,NO APLICA,2,Febrero,26,2022,16,13,CR-4,4,Calle del Condado,Rural,Arteria Menor,County Highway Agency,0,Sin jurisdiccion especial,182,45.44356111,-93.53137778,Vehiculo en movimiento,Angulo,Four-Way Intersection,Interseccion de 4 direcciones,Sobre calle,Ninguna,Dia total,Despejado,No,NO APLICA,16,13,16,18,1,26/02/2022,3
27,Minnesota,270033,0,0,1,0,145,STEARNS (145),0,NO APLICA,3,Marzo,1,2022,10,35,I-94,1,Interestatal,Rural,Interestatal,State Highway Agency,1,Sin jurisdiccion especial,1627,45.53215556,-94.31252778,Valla Ferrocarril,El primer evento no fue una colision con un vehiculo automotor en transporte,Not an Intersection,No fue interseccion,En el medio,Ninguna,Dia total,Despejado,No,NO APLICA,10,35,10,39,1,01/03/2022,1
27,Minnesota,270034,0,0,2,0,47,FREEBORN (47),0,NO APLICA,2,Febrero,21,2022,17,56,I-35,1,Interestatal,Rural,Interestatal,State Highway Agency,1,Sin jurisdiccion especial,161,43.72411944,-93.32071389,Barrera de Cable,El primer evento no fue una colision con un vehiculo automotor en transporte,Not an Intersection,No fue interseccion,En el medio,Ninguna,Oscuro sin iluminacion,Aguanieve,No,NO APLICA,18,5,18,14,1,21/02/2022,3
27,Minnesota,270035,0,0,2,0,9,BENTON (9),2430,FOLEY,2,Febrero,27,2022,13,50,SR-23,3,Highway estatal,Rural,Arteria Principal,State Highway Agency,1,Sin jurisdiccion especial,2194,45.66986111,-93.89632778,Vehiculo en movimiento,Frente a frente,Not an Intersection,No fue interseccion,Sobre calle,Ninguna,Dia total,Despejado,No,NO APLICA,13,50,14,0,2,27/02/2022,7
27,Minnesota,270036,0,0,2,0,111,OTTER TAIL (111),0,NO APLICA,2,Febrero,24,2022,19,24,I-94,1,Interestatal,Rural,Interestatal,State Highway Agency,1,Sin jurisdiccion especial,701,46.11879444,-95.90767222,Vehiculo en movimiento,Frente a Detrás,Not an Intersection,No fue interseccion,Sobre calle,Ninguna,Oscuro sin iluminacion,Despejado,No,NO APLICA,19,20,19,38,1,24/02/2022,2
27,Minnesota,270037,0,0,2,0,111,OTTER TAIL (111),0,NO APLICA,2,Febrero,27,2022,0,40,SR-210,3,Highway estatal,Rural,Arteria Principal,State Highway Agency,1,Sin jurisdiccion especial,400,46.27025278,-95.83665278,Vehiculo en movimiento,Angulo,Not an Intersection,No fue interseccion,Sobre calle,Ninguna,Oscuro sin iluminacion,Despejado,No,NO APLICA,0,42,0,55,1,27/02/2022,11
27,Minnesota,270038,0,0,1,0,53,HENNEPIN (53),4495,MAPLE GROVE,3,Marzo,2,2022,16,40,NOTTINGHAM PKWY,6,Calle Local Municipalidad,Urbano,Arteria Menor,City or Municipal Highway Agency,0,Sin jurisdiccion especial,7,45.08505278,-93.48704167,Barda,El primer evento no fue una colision con un vehiculo automotor en transporte,Not an Intersection,No fue interseccion,Sobre el lado de la calle,Ninguna,Dia total,Nublado,No,NO APLICA,16,40,16,43,1,02/03/2022,1
27,Minnesota,270039,0,0,2,0,37,DAKOTA (37),0,NO APLICA,2,Febrero,26,2022,22,38,CR-54,4,Calle del Condado,Rural,Colector Mayor,County Highway Agency,0,Sin jurisdiccion especial,32,44.71118611,-92.77286389,Vehiculo en movimiento,Frente a frente,Not an Intersection,No fue interseccion,Sobre calle,Ninguna,Oscuro sin iluminacion,Despejado,No,NO APLICA,22,39,22,50,1,26/02/2022,2
27,Minnesota,270040,0,0,2,0,37,DAKOTA (37),0,NO APLICA,3,Marzo,1,2022,17,26,SR-3,3,Highway estatal,Rural,Arteria Menor,State Highway Agency,0,Sin jurisdiccion especial,192,44.54363889,-93.13667222,Vehiculo en movimiento,Angulo,Four-Way Intersection,Interseccion de 4 direcciones,Sobre calle,Ninguna,Dia total,Nublado,No,NO APLICA,17,26,17,39,1,01/03/2022,2
27,Minnesota,270041,1,1,1,0,37,DAKOTA (37),202,APPLE VALLEY,3,Marzo,3,2022,12,6,I-35E,1,Interestatal,Urbano,Interestatal,State Highway Agency,1,Sin jurisdiccion especial,911,44.76289444,-93.24168333,Peaton,El primer evento no fue una colision con un vehiculo automotor en transporte,Not an Intersection,No fue interseccion,Sobre calle,Ninguna,Dia total,Nublado,No,NO APLICA,12,2,12,14,1,03/03/2022,1
27,Minnesota,270042,0,0,2,0,169,WINONA (169),0,NO APLICA,3,Marzo,5,2022,8,49,US-61,2,US Highway,Rural,Arteria Principal,State Highway Agency,1,Sin jurisdiccion especial,113,43.94286667,-91.38125556,Valla Ferrocarril,El primer evento no fue una colision con un vehiculo automotor en transporte,Not an Intersection,No fue interseccion,Sobre el lado de la calle,Ninguna,Dia total,Nublado,No,NO APLICA,8,53,8,59,1,05/03/2022,2
27,Minnesota,270043,0,0,2,0,53,HENNEPIN (53),675,BLOOMINGTON,2,Febrero,10,2022,16,51,12TH AVE S,6,Calle Local Municipalidad,Urbano,Local,City or Municipal Highway Agency,0,Sin jurisdiccion especial,20,44.859875,-93.25801389,Vehiculo en movimiento,Frente a frente,Four-Way Intersection,Interseccion de 4 direcciones,Sobre calle,Ninguna,Atardecer,Nieve,No,NO APLICA,16,54,16,56,1,10/02/2022,4
27,Minnesota,270044,2,2,1,0,115,PINE (115),0,NO APLICA,3,Marzo,3,2022,18,54,CR-7,4,Calle del Condado,Rural,Colector Mayor,County Highway Agency,0,Sin jurisdiccion especial,25,45.81357778,-93.11473333,Peaton,El primer evento no fue una colision con un vehiculo automotor en transporte,Not an Intersection,No fue interseccion,Sobre calle,Ninguna,Oscuro - iluminacion desconocida,Despejado,No,NO APLICA,18,54,19,10,1,03/03/2022,1
27,Minnesota,270045,0,0,2,0,169,WINONA (169),7660,WINONA,2,Febrero,19,2022,0,45,US-61,2,US Highway,Urbano,Arteria Principal,State Highway Agency,1,Sin jurisdiccion especial,255,44.02951667,-91.62224722,Vehiculo en movimiento,Angulo,Four-Way Intersection,Interseccion de 4 direcciones,Sobre calle,Ninguna,Oscuro con iluminacion,Despejado,No,NO APLICA,0,45,0,50,1,19/02/2022,5
27,Minnesota,270047,0,0,4,2,91,MARTIN (91),2290,FAIRMONT,2,Febrero,25,2022,18,30,PRAIRIE AVE,6,Calle Local Municipalidad,Urbano,Colector Mayor,City or Municipal Highway Agency,0,Sin jurisdiccion especial,13,43.64523611,-94.45734167,Vehiculo en movimiento,Frente a frente,Not an Intersection,No fue interseccion,Sobre calle,Ninguna,Oscuro con iluminacion,Despejado,No,NO APLICA,18,34,18,37,1,25/02/2022,3
27,Minnesota,270048,0,0,2,0,171,WRIGHT (171),6320,ST. MICHAEL,3,Marzo,6,2022,10,11,CR-35,4,Calle del Condado,Urbano,Arteria Menor,County Highway Agency,0,Sin jurisdiccion especial,302,45.1957,-93.68620556,Vehiculo en movimiento,Frente a frente,Not an Intersection,No fue interseccion,Sobre calle,Ninguna,Dia total,Despejado,No,NO APLICA,10,12,10,20,1,06/03/2022,5
27,Minnesota,270049,0,0,2,0,163,WASHINGTON (163),5334,OAKDALE,3,Marzo,12,2022,3,50,CR-13,4,Calle del Condado,Urbano,Colector Mayor,County Highway Agency,0,Sin jurisdiccion especial,136,45.02118056,-92.96612778,Vehiculo en movimiento,Frente a frente,Not an Intersection,No fue interseccion,Sobre calle,Ninguna,Oscuro con iluminacion,Despejado,No,NO APLICA,4,0,4,10,1,12/03/2022,2
27,Minnesota,270050,0,0,1,0,147,STEELE (147),0,NO APLICA,3,Marzo,12,2022,5,18,CR-7,4,Calle del Condado,Rural,Colector Mayor,County Highway Agency,0,Sin jurisdiccion especial,133,44.03873889,-93.27653611,Arbol,El primer evento no fue una colision con un vehiculo automotor en transporte,Not an Intersection,No fue interseccion,"Fuera de la calle, ubicacion desconocida",Ninguna,Oscuro sin iluminacion,Despejado,No,NO APLICA,5,18,5,30,1,12/03/2022,1
27,Minnesota,270051,0,0,2,0,171,WRIGHT (171),0,NO APLICA,3,Marzo,14,2022,5,58,CR-37,4,Calle del Condado,Rural,Colector Mayor,County Highway Agency,0,Sin jurisdiccion especial,244,45.25216667,-93.80106389,Vehiculo en movimiento,Angulo,Four-Way Intersection,Interseccion de 4 direcciones,Sobre calle,Ninguna,Oscuro con iluminacion,Nieve,No,NO APLICA,6,1,6,15,1,14/03/2022,2
27,Minnesota,270052,0,0,2,0,9,BENTON (9),0,NO APLICA,2,Febrero,10,2022,17,5,SR-23,3,Highway estatal,Rural,Arteria Principal,State Highway Agency,1,Sin jurisdiccion especial,2212,45.68106389,-93.86460833,Vehiculo en movimiento,Frente a frente,Four-Way Intersection,Interseccion de 4 direcciones,Sobre calle,Ninguna,Atardecer,Nieve,No,NO APLICA,17,5,17,99,1,10/02/2022,2
27,Minnesota,270053,0,0,2,0,53,HENNEPIN (53),4760,MINNEAPOLIS,3,Marzo,21,2022,9,49,SR-55,3,Highway estatal,Urbano,Arteria Principal,State Highway Agency,1,Sin jurisdiccion especial,1926,44.956325,-93.24341389,Vehiculo en movimiento,Frente a frente,Not an Intersection,No fue interseccion,Sobre calle,Ninguna,Dia total,Despejado,No,NO APLICA,9,49,9,54,1,21/03/2022,2
27,Minnesota,270054,0,0,2,0,171,WRIGHT (171),6320,ST. MICHAEL,3,Marzo,19,2022,22,3,CR-36,4,Calle del Condado,Urbano,Colector Mayor,County Highway Agency,0,Sin jurisdiccion especial,11,45.22351111,-93.57425,Vehiculo en movimiento,Frente a frente,Not an Intersection,No fue interseccion,Sobre calle,Ninguna,Oscuro sin iluminacion,Despejado,No,NO APLICA,22,8,22,25,1,19/03/2022,2
27,Minnesota,270055,0,0,1,0,141,SHERBURNE (141),0,NO APLICA,3,Marzo,22,2022,21,43,305TH AVE,5,Calle Local - Pueblo,Rural,Local,Town or Township Highway Agency,0,Sin jurisdiccion especial,27,45.52368611,-93.59945833,Arbol,El primer evento no fue una colision con un vehiculo automotor en transporte,Not an Intersection,No fue interseccion,Sobre el lado de la calle,Ninguna,Oscuro sin iluminacion,Nieve,No,NO APLICA,21,43,21,55,1,22/03/2022,1
27,Minnesota,270056,0,0,2,0,7,BELTRAMI (7),0,NO APLICA,3,Marzo,9,2022,9,51,CR-39,4,Calle del Condado,Rural,Colector Mayor,County Highway Agency,0,Reservacion India,17,47.43676111,-94.47919722,Vehiculo en movimiento,Frente a frente,Not an Intersection,No fue interseccion,Sobre calle,Ninguna,Dia total,Despejado,No,NO APLICA,9,51,10,9,1,09/03/2022,2
27,Minnesota,270057,0,0,2,0,145,STEARNS (145),6250,ST. CLOUD,3,Marzo,8,2022,21,20,OLD CSAH 74,6,Calle Local Municipalidad,Urbano,Arteria Menor,City or Municipal Highway Agency,0,Sin jurisdiccion especial,4,45.52162222,-94.21939444,Vehiculo en movimiento,Frente a frente,Not an Intersection,No fue interseccion,Sobre calle,Ninguna,Oscuro sin iluminacion,Soplando nieve,No,NO APLICA,21,29,21,37,1,08/03/2022,5
27,Minnesota,270058,0,0,2,0,153,TODD (153),0,NO APLICA,3,Marzo,14,2022,15,25,CR-5,4,Calle del Condado,Rural,Colector Menor,County Highway Agency,0,Sin jurisdiccion especial,79,46.08509722,-94.84952778,Vehiculo en movimiento,Angulo,Four-Way Intersection,Interseccion de 4 direcciones,Sobre calle,Ninguna,Dia total,Despejado,No,NO APLICA,15,25,15,32,1,14/03/2022,4
27,Minnesota,270059,0,0,2,0,159,WADENA (159),0,NO APLICA,3,Marzo,17,2022,10,39,US-10,2,US Highway,Rural,Arteria Principal,State Highway Agency,1,Sin jurisdiccion especial,994,46.383075,-94.97190278,Vehiculo en movimiento,Frente a Detrás,Not an Intersection,No fue interseccion,Sobre calle,Ninguna,Dia total,Nublado,No,NO APLICA,10,39,10,47,1,17/03/2022,2
27,Minnesota,270060,1,1,1,0,53,HENNEPIN (53),675,BLOOMINGTON,4,Abril,2,2022,5,5,CR-1,4,Calle del Condado,Urbano,Arteria Menor,County Highway Agency,0,Sin jurisdiccion especial,139,44.82631389,-93.27463611,Peaton,El primer evento no fue una colision con un vehiculo automotor en transporte,Not an Intersection,No fue interseccion,Sobre calle,Ninguna,Oscuro con iluminacion,Nublado,No,NO APLICA,5,7,5,18,1,02/04/2022,2
27,Minnesota,270061,0,0,1,0,3,ANOKA (3),1982,EAST BETHEL,4,Abril,7,2022,23,3,SR-65,3,Highway estatal,Urbano,Arteria Principal,State Highway Agency,1,Sin jurisdiccion especial,289,45.391325,-93.23454444,Volcadura,El primer evento no fue una colision con un vehiculo automotor en transporte,Not an Intersection,No fue interseccion,En el medio,Ninguna,Oscuro sin iluminacion,Nieve,No,NO APLICA,23,33,23,33,1,07/04/2022,1
27,Minnesota,270062,1,1,1,0,3,ANOKA (3),3314,HILLTOP,4,Abril,9,2022,21,9,SR-65,3,Highway estatal,Urbano,Arteria Menor,State Highway Agency,0,Sin jurisdiccion especial,51,45.04994722,-93.24754444,Peaton,El primer evento no fue una colision con un vehiculo automotor en transporte,Four-Way Intersection,Interseccion de 4 direcciones,Sobre calle,Ninguna,Oscuro con iluminacion,Despejado,No,NO APLICA,21,10,21,16,1,09/04/2022,3
27,Minnesota,270063,0,0,2,0,109,OLMSTED (109),0,NO APLICA,4,Abril,11,2022,13,20,CR-22,4,Calle del Condado,Urbano,Arteria Menor,County Highway Agency,0,Sin jurisdiccion especial,143,44.03687778,-92.42632778,Volcadura,El primer evento no fue una colision con un vehiculo automotor en transporte,Not an Intersection,No fue interseccion,Sobre calle,Ninguna,Dia total,Despejado,No,NO APLICA,13,24,13,32,1,11/04/2022,3
27,Minnesota,270064,0,0,1,0,37,DAKOTA (37),956,BURNSVILLE,4,Abril,9,2022,6,26,GRAND AVE,6,Calle Local Municipalidad,Urbano,Local,City or Municipal Highway Agency,0,Sin jurisdiccion especial,5,44.75106389,-93.28445556,Otro objeto (fijo),El primer evento no fue una colision con un vehiculo automotor en transporte,Not an Intersection,No fue interseccion,Sobre el lado de la calle,Ninguna,Amanecer,Despejado,No,NO APLICA,6,27,6,29,1,09/04/2022,3
27,Minnesota,270065,0,0,2,0,19,CARVER (19),0,NO APLICA,4,Abril,14,2022,13,1,SR-7,3,Highway estatal,Rural,Arteria Principal,State Highway Agency,1,Sin jurisdiccion especial,1620,44.90489167,-93.971125,Vehiculo en movimiento,Angulo,Four-Way Intersection,Interseccion de 4 direcciones,Sobre calle,Ninguna,Dia total,Nieve,No,NO APLICA,13,1,13,15,1,14/04/2022,2
27,Minnesota,270066,0,0,2,0,53,HENNEPIN (53),4760,MINNEAPOLIS,4,Abril,14,2022,22,4,LYNDALE AVE N,6,Calle Local Municipalidad,Urbano,Arteria Menor,City or Municipal Highway Agency,0,Sin jurisdiccion especial,23,45.02604722,-93.28807222,Vehiculo en movimiento,Angulo,Not an Intersection,No fue interseccion,Sobre calle,Ninguna,Oscuro con iluminacion,Soplando nieve,No,NO APLICA,22,5,22,10,1,14/04/2022,2
27,Minnesota,270067,0,0,2,0,21,CASS (21),0,NO APLICA,4,Abril,6,2022,7,36,SR-371,3,Highway estatal,Rural,Arteria Principal,State Highway Agency,1,Sin jurisdiccion especial,664,46.83659167,-94.50216667,Vehiculo en movimiento,Angulo,Not an Intersection,No fue interseccion,Sobre calle,Ninguna,Dia total,Nieve,No,NO APLICA,7,44,7,58,2,06/04/2022,4
27,Minnesota,270068,0,0,1,0,53,HENNEPIN (53),4760,MINNEAPOLIS,4,Abril,16,2022,7,21,I-94 RAMP,1,Interestatal,Urbano,Interestatal,State Highway Agency,1,Sin jurisdiccion especial,2306,44.99601389,-93.28263056,Barrera de Trafico de Concreto,El primer evento no fue una colision con un vehiculo automotor en transporte,Not an Intersection,No fue interseccion,Sobre el lado de la calle,Ninguna,Dia total,Despejado,No,NO APLICA,7,25,7,28,1,16/04/2022,1
27,Minnesota,270069,0,0,1,0,147,STEELE (147),5500,OWATONNA,4,Abril,17,2022,1,0,I-35,1,Interestatal,Rural,Interestatal,State Highway Agency,1,Sin jurisdiccion especial,460,44.14409167,-93.25398611,Barda,El primer evento no fue una colision con un vehiculo automotor en transporte,Not an Intersection,No fue interseccion,Sobre el lado de la calle,Ninguna,Oscuro sin iluminacion,Despejado,No,NO APLICA,1,0,1,0,1,17/04/2022,1
27,Minnesota,270070,0,0,1,0,135,ROSEAU (135),0,NO APLICA,4,Abril,15,2022,15,32,CR-12 620TH AVE,4,Calle del Condado,Rural,Colector Mayor,County Highway Agency,0,Sin jurisdiccion especial,191,48.87091111,-95.26433889,Vehiculo Ferrocarril,El primer evento no fue una colision con un vehiculo automotor en transporte,Not an Intersection,No fue interseccion,Sobre calle,Ninguna,Dia total,Nieve,No,312230N,15,32,15,41,1,15/04/2022,1
27,Minnesota,270071,0,0,2,0,99,MOWER (99),7310,WALTHAM,4,Abril,14,2022,14,2,SR-56,3,Highway estatal,Rural,Arteria Menor,State Highway Agency,0,Sin jurisdiccion especial,411,43.81795556,-92.86944167,Vehiculo en movimiento,Frente a frente,Not an Intersection,No fue interseccion,Sobre Acotamiento,Ninguna,Dia total,Vientos cruzados pero de los mamalones,No,NO APLICA,14,4,99,99,1,14/04/2022,2
27,Minnesota,270072,0,0,2,0,139,SCOTT (139),3640,JORDAN,4,Abril,17,2022,22,55,US-169,2,US Highway,Urbano,Arteria Principal,State Highway Agency,1,Sin jurisdiccion especial,979,44.67045833,-93.63970278,Vehiculo en movimiento,Frente a Detrás,Four-Way Intersection,Interseccion de 4 direcciones,Sobre calle,Ninguna,Dia total,Nublado,No,NO APLICA,22,56,23,4,1,17/04/2022,7
27,Minnesota,270073,0,0,1,0,53,HENNEPIN (53),675,BLOOMINGTON,4,Abril,4,2022,3,40,78TH ST W,6,Calle Local Municipalidad,Urbano,Colector Mayor,City or Municipal Highway Agency,0,Sin jurisdiccion especial,23,44.85977222,-93.34810556,Banqueta,El primer evento no fue una colision con un vehiculo automotor en transporte,Not an Intersection,No fue interseccion,Sobre el lado de la calle,Ninguna,Oscuro con iluminacion,Nublado,No,NO APLICA,3,40,3,55,1,04/04/2022,1
27,Minnesota,270074,0,0,1,0,97,MORRISON (97),0,NO APLICA,4,Abril,23,2022,20,37,SR-25,3,Highway estatal,Rural,Arteria Menor,State Highway Agency,0,Militar,1363,46.09908056,-94.10339444,Volcadura,El primer evento no fue una colision con un vehiculo automotor en transporte,Four-Way Intersection,Interseccion de 4 direcciones,Sobre el lado de la calle,Ninguna,Oscuro sin iluminacion,Vientos cruzados pero de los mamalones,No,NO APLICA,99,99,99,99,1,23/04/2022,1
27,Minnesota,270075,0,0,2,0,167,WILKIN (167),0,NO APLICA,4,Abril,20,2022,9,8,SR-210,3,Highway estatal,Rural,Arteria Principal,State Highway Agency,1,Sin jurisdiccion especial,16,46.28242778,-96.57013056,Vehiculo en movimiento,Angulo,Not an Intersection,No fue interseccion,Sobre calle,Ninguna,Dia total,Nieve,No,NO APLICA,9,9,9,14,1,20/04/2022,2
27,Minnesota,270076,0,0,1,0,37,DAKOTA (37),1945,EAGAN,4,Abril,24,2022,2,43,SR-77,3,Highway estatal,Urbano,Arterial Principal -Freeway o ExpressWay,State Highway Agency,1,Sin jurisdiccion especial,41,44.79614167,-93.22237778,Fin de valla,El primer evento no fue una colision con un vehiculo automotor en transporte,Not an Intersection,No fue interseccion,Sobre el lado de la calle,Ninguna,Oscuro sin iluminacion,Nublado,No,NO APLICA,2,43,2,54,1,24/04/2022,1
27,Minnesota,270077,0,0,4,0,123,RAMSEY (123),6330,ST. PAUL,4,Abril,12,2022,21,44,I-35,1,Interestatal,Urbano,Interestatal,State Highway Agency,1,Sin jurisdiccion especial,1059,44.93751111,-93.12172222,Vehiculo en movimiento,Frente a frente,Not an Intersection,No fue interseccion,Sobre calle,Ninguna,Oscuro con iluminacion,lluvia,No,NO APLICA,21,47,21,50,1,12/04/2022,8
27,Minnesota,270078,0,0,1,0,145,STEARNS (145),6250,ST. CLOUD,5,Mayo,6,2022,2,31,9TH AVE N,6,Calle Local Municipalidad,Urbano,Arteria Menor,City or Municipal Highway Agency,0,Sin jurisdiccion especial,46,45.57776667,-94.17365833,Volcadura,El primer evento no fue una colision con un vehiculo automotor en transporte,Not an Intersection,No fue interseccion,Sobre calle,Ninguna,Oscuro con iluminacion,Despejado,No,NO APLICA,2,31,2,33,1,06/05/2022,1
27,Minnesota,270079,0,0,2,0,145,STEARNS (145),0,NO APLICA,5,Mayo,6,2022,17,57,CR-CSAH 2,4,Calle del Condado,Rural,Arteria Menor,County Highway Agency,0,Sin jurisdiccion especial,328,45.73250278,-94.26494167,Vehiculo en movimiento,Angulo,Not an Intersection,No fue interseccion,Sobre calle,Ninguna,Dia total,Despejado,No,NO APLICA,17,57,17,57,1,06/05/2022,2
27,Minnesota,270080,0,0,2,0,53,HENNEPIN (53),5732,PLYMOUTH,5,Mayo,6,2022,15,5,CR-CSAH 101,4,Calle del Condado,Urbano,Arteria Menor,County Highway Agency,0,Sin jurisdiccion especial,104,45.02546111,-93.50712778,Vehiculo en movimiento,Angulo,T-Intersection,Interseccion de T,Sobre calle,Ninguna,Dia total,Despejado,No,NO APLICA,15,5,15,5,1,06/05/2022,2
27,Minnesota,270082,0,0,1,0,19,CARVER (19),0,NO APLICA,5,Mayo,7,2022,18,25,YALE AVE,5,Calle Local - Pueblo,Rural,Local,Town or Township Highway Agency,0,Sin jurisdiccion especial,5,44.80578889,-93.99033333,Volcadura,El primer evento no fue una colision con un vehiculo automotor en transporte,Not an Intersection,No fue interseccion,Sobre calle,Ninguna,Dia total,Despejado,No,NO APLICA,18,25,18,31,1,07/05/2022,1
27,Minnesota,270083,0,0,1,0,53,HENNEPIN (53),821,BROOKLYN PARK,5,Mayo,8,2022,22,2,73RD AVE,6,Calle Local Municipalidad,Urbano,Local,City or Municipal Highway Agency,0,Sin jurisdiccion especial,2,45.08761667,-93.37301944,Arbol,El primer evento no fue una colision con un vehiculo automotor en transporte,Not an Intersection,No fue interseccion,Fuera de la calle,Ninguna,Oscuro con iluminacion,Despejado,No,NO APLICA,22,4,22,6,1,08/05/2022,2
27,Minnesota,270084,0,0,1,0,123,RAMSEY (123),6070,ROSEVILLE,5,Mayo,7,2022,17,9,SR-36 RAMP,3,Highway estatal,Urbano,Arterial Principal -Freeway o ExpressWay,State Highway Agency,1,Sin jurisdiccion especial,30,45.00910278,-93.12898333,Arbol,El primer evento no fue una colision con un vehiculo automotor en transporte,Not an Intersection,No fue interseccion,Sobre el lado de la calle,Ninguna,Dia total,Despejado,No,NO APLICA,17,9,17,19,1,07/05/2022,1
27,Minnesota,270085,0,0,2,0,53,HENNEPIN (53),4760,MINNEAPOLIS,5,Mayo,5,2022,20,4,CR-48 MINNEHAHA AVE,4,Calle del Condado,Urbano,Arteria Menor,County Highway Agency,0,Sin jurisdiccion especial,15,44.939575,-93.22784167,Vehiculo en movimiento,Angulo,Four-Way Intersection,Interseccion de 4 direcciones,Sobre calle,Ninguna,Dia total,Despejado,No,NO APLICA,20,4,20,8,1,05/05/2022,2
27,Minnesota,270086,0,0,2,0,109,OLMSTED (109),980,BYRON,4,Abril,23,2022,9,56,US-14,2,US Highway,Rural,Arteria Principal,State Highway Agency,1,Sin jurisdiccion especial,2033,44.02857778,-92.64841944,Vehiculo en movimiento,Frente a Detrás,Four-Way Intersection,Interseccion de 4 direcciones,Sobre calle,Ninguna,Dia total,lluvia,No,NO APLICA,10,0,10,15,1,23/04/2022,2
27,Minnesota,270087,0,0,1,0,3,ANOKA (3),1492,COON RAPIDS,5,Mayo,10,2022,7,42,CR-11 FOLEY BLVD NW,4,Calle del Condado,Urbano,Arteria Menor,County Highway Agency,0,Sin jurisdiccion especial,25,45.17033889,-93.2767,Buzon de correo,El primer evento no fue una colision con un vehiculo automotor en transporte,Not an Intersection,No fue interseccion,Sobre el lado de la calle,Ninguna,Dia total,Despejado,No,NO APLICA,7,43,7,46,1,10/05/2022,1
27,Minnesota,270088,0,0,2,0,171,WRIGHT (171),0,NO APLICA,5,Mayo,9,2022,16,11,CR-CSAH 37,4,Calle del Condado,Rural,Colector Mayor,County Highway Agency,0,Sin jurisdiccion especial,190,45.24508333,-93.89108333,Vehiculo en movimiento,Angulo,T-Intersection,Interseccion de T,Sobre calle,Ninguna,Dia total,lluvia,No,NO APLICA,16,12,16,22,1,09/05/2022,2
27,Minnesota,270089,0,0,1,0,151,SWIFT (151),0,NO APLICA,5,Mayo,12,2022,18,36,SR-29,3,Highway estatal,Rural,Arteria Menor,State Highway Agency,0,Sin jurisdiccion especial,274,45.23978056,-95.59690278,Volcadura,El primer evento no fue una colision con un vehiculo automotor en transporte,Not an Intersection,No fue interseccion,Sobre el lado de la calle,Ninguna,Oscuro - iluminacion desconocida,lluvia,No,NO APLICA,18,54,99,99,1,12/05/2022,1
27,Minnesota,270091,0,0,2,0,137,ST LOUIS (137),0,NO APLICA,5,Mayo,13,2022,8,50,CR-284,4,Calle del Condado,Urbano,Local,County Highway Agency,0,Sin jurisdiccion especial,9,46.73507222,-92.23808056,Vehiculo en movimiento,Angulo,T-Intersection,Interseccion de T,Sobre calle,Ninguna,Dia total,Neblina o Humo,No,NO APLICA,8,50,8,55,1,13/05/2022,3
27,Minnesota,270092,0,0,2,0,53,HENNEPIN (53),821,BROOKLYN PARK,5,Mayo,15,2022,7,18,CR-81,4,Calle del Condado,Urbano,Arteria Menor,County Highway Agency,0,Sin jurisdiccion especial,88,45.09471389,-93.38451111,Vehiculo en movimiento,Frente a Detrás,Four-Way Intersection,Interseccion de 4 direcciones,Sobre calle,Ninguna,Dia total,Despejado,No,NO APLICA,7,20,7,30,1,15/05/2022,3
27,Minnesota,270093,0,0,1,0,65,KANABEC (65),0,NO APLICA,4,Abril,24,2022,21,15,CR-1,4,Calle del Condado,Rural,Colector Mayor,County Highway Agency,0,Sin jurisdiccion especial,15,45.86798889,-93.26603056,Arbol,El primer evento no fue una colision con un vehiculo automotor en transporte,T-Intersection,Interseccion de T,Fuera de la calle,Ninguna,Oscuro con iluminacion,Despejado,No,NO APLICA,21,23,21,32,1,24/04/2022,1