Estado,Nombre de Estado,Numero de Caso,Peatones,Personas _no_vehiculos,Vehiculos automotores,Vehiculos estacionados,Condado,Nombre Condado,Ciudad,Nombre Ciudad,Mes,Nombre Mes,Dia,Año,Hora,Minuto,Calle,Ruta,Nombre Ruta,Rural o Urbanoo,Sistema Funcional,Dueño Calle,Sistema Nacional Carreteras,Jurisdiccion Especial,Milla,Latitud,Longitud,Causa del Accidente,Tipo de Accidente,Tipo Interseccion,Columna1,Lugar en la calle,Zona de Trabajo,Luz,Clima,Autobus Escolar,Cruce de Trenes,Hora Notificacion,Minuto Notificacion,Hora Llegada,Minuto Llegada,Decesos,Fecha,PersonaVehiculo
27,Minnesota,270094,0,0,1,0,87,MAHNOMEN (87),0,NO APLICA,5,Mayo,12,2022,11,38,SR-113,3,Highway estatal,Rural,Colector Mayor,State Highway Agency,0,Reservacion India,168,47.17981944,-95.90053333,Buzon de correo,El primer evento no fue una colision con un vehiculo automotor en transporte,Not an Intersection,No fue interseccion,Sobre el lado de la calle,Ninguna,Dia total,Nublado,No,NO APLICA,11,46,11,54,1,12/05/2022,1
27,Minnesota,270095,0,0,1,0,3,ANOKA (3),671,BLAINE,2,Febrero,15,2022,17,42,87TH LA NE,6,Calle Local Municipalidad,Urbano,Colector Mayor,City or Municipal Highway Agency,0,Sin jurisdiccion especial,10,45.13190278,-93.26027778,Barda,El primer evento no fue una colision con un vehiculo automotor en transporte,T-Intersection,Interseccion de T,Sobre el lado de la calle,Ninguna,Atardecer,Despejado,No,NO APLICA,17,44,17,50,1,15/02/2022,1
27,Minnesota,270096,0,0,2,0,3,ANOKA (3),190,ANOKA,5,Mayo,17,2022,23,41,E MAIN ST,6,Calle Local Municipalidad,Urbano,Arteria Menor,City or Municipal Highway Agency,0,Sin jurisdiccion especial,8,45.19816389,-93.3912,Vehiculo en movimiento,Angulo,Not an Intersection,No fue interseccion,Sobre calle,Ninguna,Oscuro con iluminacion,Despejado,No,NO APLICA,23,47,23,47,1,17/05/2022,3
27,Minnesota,270098,0,0,1,0,117,PIPESTONE (117),0,NO APLICA,5,Mayo,17,2022,20,54,SR-30,3,Highway estatal,Rural,Arteria Menor,State Highway Agency,0,Sin jurisdiccion especial,9,43.9959,-96.44751944,Volcadura,El primer evento no fue una colision con un vehiculo automotor en transporte,Not an Intersection,No fue interseccion,Sobre el lado de la calle,Ninguna,Atardecer,Nublado,No,NO APLICA,20,51,21,2,1,17/05/2022,2
27,Minnesota,270099,0,0,1,0,145,STEARNS (145),0,NO APLICA,5,Mayo,20,2022,13,55,CR-162,4,Calle del Condado,Rural,Local,County Highway Agency,0,Sin jurisdiccion especial,10,45.3681,-94.56653611,Volcadura,El primer evento no fue una colision con un vehiculo automotor en transporte,Not an Intersection,No fue interseccion,Sobre el lado de la calle,Ninguna,Dia total,Despejado,No,NO APLICA,13,55,14,5,1,20/05/2022,1
27,Minnesota,270100,0,0,1,0,123,RAMSEY (123),6070,ROSEVILLE,5,Mayo,17,2022,2,48,SR-36 RAMP,3,Highway estatal,Urbano,Arterial Principal -Freeway o ExpressWay,State Highway Agency,1,Sin jurisdiccion especial,30,45.01,-93.12743333,Volcadura,El primer evento no fue una colision con un vehiculo automotor en transporte,Not an Intersection,No fue interseccion,Gore?,Ninguna,Oscuro con iluminacion,Despejado,No,NO APLICA,2,48,2,55,1,17/05/2022,1
27,Minnesota,270101,0,0,2,0,65,KANABEC (65),0,NO APLICA,5,Mayo,21,2022,14,0,CR-8,4,Calle del Condado,Rural,Colector Mayor,County Highway Agency,0,Sin jurisdiccion especial,55,45.96211944,-93.32910556,Vehiculo en movimiento,Frente a frente,Four-Way Intersection,Interseccion de 4 direcciones,Sobre calle,Ninguna,Dia total,Despejado,No,NO APLICA,14,1,14,22,1,21/05/2022,4
27,Minnesota,270102,0,0,1,0,115,PINE (115),0,NO APLICA,5,Mayo,20,2022,9,21,I-35,1,Interestatal,Rural,Interestatal,State Highway Agency,1,Sin jurisdiccion especial,1900,46.10301944,-92.88875556,Arbol,El primer evento no fue una colision con un vehiculo automotor en transporte,Not an Intersection,No fue interseccion,En el medio,Ninguna,Dia total,Nublado,No,NO APLICA,9,22,9,28,1,20/05/2022,1
27,Minnesota,270103,0,0,2,0,27,CLAY (27),0,NO APLICA,5,Mayo,9,2022,17,54,US-USTH 10,2,US Highway,Rural,Arteria Principal,State Highway Agency,1,Sin jurisdiccion especial,160,46.87620556,-96.44182778,Vehiculo en movimiento,Angulo,T-Intersection,Interseccion de T,Sobre calle,Ninguna,Dia total,Despejado,No,NO APLICA,17,54,18,5,1,09/05/2022,4
27,Minnesota,270104,0,0,1,0,107,NORMAN (107),0,NO APLICA,5,Mayo,9,2022,19,28,US-USTH 75,2,US Highway,Rural,Arteria Menor,State Highway Agency,0,Sin jurisdiccion especial,2837,47.32793056,-96.82181944,Zanja,El primer evento no fue una colision con un vehiculo automotor en transporte,Not an Intersection,No fue interseccion,Sobre el lado de la calle,Ninguna,Atardecer,Nublado,No,NO APLICA,20,1,20,19,1,09/05/2022,2
27,Minnesota,270105,0,0,2,0,91,MARTIN (91),0,NO APLICA,5,Mayo,18,2022,15,40,CR-107,4,Calle del Condado,Rural,Local,County Highway Agency,0,Sin jurisdiccion especial,55,43.63943889,-94.79406944,Vehiculo en movimiento,Angulo,Not an Intersection,No fue interseccion,Sobre calle,Ninguna,Dia total,Despejado,No,NO APLICA,15,40,15,50,1,18/05/2022,4
27,Minnesota,270106,0,0,2,0,79,LE SUEUR (79),0,NO APLICA,5,Mayo,18,2022,7,22,SR-60,3,Highway estatal,Rural,Arteria Menor,State Highway Agency,0,Sin jurisdiccion especial,1241,44.20328611,-93.75400833,Vehiculo en movimiento,Frente a frente,Not an Intersection,No fue interseccion,Sobre calle,Ninguna,Dia total,Despejado,No,NO APLICA,7,22,7,25,1,18/05/2022,4
27,Minnesota,270107,0,0,2,0,139,SCOTT (139),0,NO APLICA,5,Mayo,22,2022,3,20,US-169,2,US Highway,Rural,Arteria Principal,State Highway Agency,1,Sin jurisdiccion especial,959,44.65672222,-93.67621944,Vehiculo en movimiento,Frente a frente,Not an Intersection,No fue interseccion,Sobre calle,Ninguna,Oscuro sin iluminacion,Despejado,No,NO APLICA,3,22,3,36,1,22/05/2022,4
27,Minnesota,270108,0,0,1,0,129,RENVILLE (129),0,NO APLICA,5,Mayo,23,2022,12,45,CR-11,4,Calle del Condado,Rural,Colector Mayor,County Highway Agency,0,Sin jurisdiccion especial,67,44.83504722,-95.36126667,Acotamiento,El primer evento no fue una colision con un vehiculo automotor en transporte,Not an Intersection,No fue interseccion,Sobre el lado de la calle,Ninguna,Dia total,Despejado,No,NO APLICA,12,50,13,2,1,23/05/2022,1
27,Minnesota,270109,0,0,2,0,83,LYON (83),0,NO APLICA,4,Abril,29,2022,20,11,SR-23,3,Highway estatal,Rural,Arteria Principal,State Highway Agency,1,Sin jurisdiccion especial,775,44.48680556,-95.75600833,Vehiculo en movimiento,Frente a frente,Four-Way Intersection,Interseccion de 4 direcciones,Sobre calle,Ninguna,Atardecer,lluvia,No,NO APLICA,20,11,20,18,1,29/04/2022,4
27,Minnesota,270110,0,0,2,0,105,NOBLES (105),0,NO APLICA,5,Mayo,11,2022,17,58,I-90,1,Interestatal,Rural,Interestatal,State Highway Agency,1,Sin jurisdiccion especial,458,43.63754444,-95.55287778,Otro objeto (no fijo),El primer evento no fue una colision con un vehiculo automotor en transporte,Not an Intersection,No fue interseccion,Sobre calle,Ninguna,Atardecer,lluvia,No,NO APLICA,18,0,18,23,1,11/05/2022,5
27,Minnesota,270111,0,0,2,0,157,WABASHA (157),0,NO APLICA,5,Mayo,20,2022,15,8,US-61,2,US Highway,Rural,Arteria Principal,State Highway Agency,1,Sin jurisdiccion especial,536,44.30011111,-92.00002778,Vehiculo en movimiento,Angulo,Four-Way Intersection,Interseccion de 4 direcciones,Sobre calle,Construccion,Dia total,Despejado,No,NO APLICA,15,9,15,17,1,20/05/2022,2
27,Minnesota,270112,0,0,2,0,109,OLMSTED (109),2270,EYOTA,5,Mayo,12,2022,18,26,SR-42,3,Highway estatal,Rural,Arteria Menor,State Highway Agency,0,Sin jurisdiccion especial,25,43.99100278,-92.23910833,Vehiculo en movimiento,Frente a Detrás,Not an Intersection,No fue interseccion,Sobre calle,Ninguna,Dia total,Despejado,No,Unknown,18,26,18,33,1,12/05/2022,3
27,Minnesota,270113,0,0,2,0,97,MORRISON (97),0,NO APLICA,5,Mayo,13,2022,10,48,SR-27,3,Highway estatal,Rural,Arteria Menor,State Highway Agency,0,Sin jurisdiccion especial,1285,45.97703333,-94.523475,Vehiculo en movimiento,Angulo,Not an Intersection,No fue interseccion,Sobre Acotamiento,Ninguna,Dia total,Despejado,No,NO APLICA,10,48,11,7,1,13/05/2022,2
27,Minnesota,270114,0,0,2,0,171,WRIGHT (171),0,NO APLICA,5,Mayo,24,2022,14,55,CR-6,4,Calle del Condado,Rural,Arteria Menor,County Highway Agency,0,Sin jurisdiccion especial,102,45.10992778,-94.07366389,Vehiculo en movimiento,Frente a frente,Not an Intersection,No fue interseccion,Sobre calle,Ninguna,Dia total,Despejado,No,NO APLICA,14,57,15,1,1,24/05/2022,2
27,Minnesota,270115,0,0,2,0,3,ANOKA (3),3007,HAM LAKE,5,Mayo,26,2022,17,25,CR-17,4,Calle del Condado,Urbano,Arteria Menor,County Highway Agency,0,Sin jurisdiccion especial,73,45.22932778,-93.16295278,Vehiculo en movimiento,Angulo,T-Intersection,Interseccion de T,Sobre calle,Ninguna,Dia total,Despejado,No,NO APLICA,17,25,17,40,1,26/05/2022,3
27,Minnesota,270116,1,1,1,0,123,RAMSEY (123),6330,ST. PAUL,5,Mayo,28,2022,2,21,CR-35 W MARSHALL AVE,4,Calle del Condado,Urbano,Arteria Menor,County Highway Agency,0,Sin jurisdiccion especial,1,44.948375,-93.200275,Peaton,El primer evento no fue una colision con un vehiculo automotor en transporte,Not an Intersection,No fue interseccion,Sobre calle,Ninguna,Oscuro con iluminacion,Despejado,No,NO APLICA,2,21,2,25,1,28/05/2022,2
27,Minnesota,270117,0,0,1,0,39,DODGE (39),0,NO APLICA,5,Mayo,27,2022,19,11,CR-16 595TH ST,4,Calle del Condado,Rural,Colector Mayor,County Highway Agency,0,Sin jurisdiccion especial,10,44.08809444,-92.88021389,Volcadura,El primer evento no fue una colision con un vehiculo automotor en transporte,Not an Intersection,No fue interseccion,Sobre el lado de la calle,Ninguna,Dia total,Despejado,No,NO APLICA,19,10,19,19,1,27/05/2022,1
27,Minnesota,270118,0,0,2,0,11,BIG STONE (11),0,NO APLICA,5,Mayo,28,2022,17,9,US-12,2,US Highway,Rural,Arteria Menor,State Highway Agency,0,Sin jurisdiccion especial,66,45.29818889,-96.32355556,Vehiculo en movimiento,Angulo,Four-Way Intersection,Interseccion de 4 direcciones,Sobre calle,Ninguna,Dia total,Nublado,No,NO APLICA,17,9,17,16,1,28/05/2022,3
27,Minnesota,270119,0,0,2,0,59,ISANTI (59),0,NO APLICA,5,Mayo,29,2022,14,42,SR-65,3,Highway estatal,Rural,Arteria Principal,State Highway Agency,1,Sin jurisdiccion especial,349,45.47857778,-93.23785556,Vehiculo en movimiento,Angulo,Four-Way Intersection,Interseccion de 4 direcciones,Sobre calle,Ninguna,Dia total,Despejado,No,NO APLICA,14,42,14,52,1,29/05/2022,3
27,Minnesota,270120,0,0,1,0,145,STEARNS (145),6250,ST. CLOUD,5,Mayo,27,2022,16,48,SR-15,3,Highway estatal,Urbano,Arteria Principal,State Highway Agency,1,Sin jurisdiccion especial,1514,45.58482222,-94.20127222,Arbol,El primer evento no fue una colision con un vehiculo automotor en transporte,Not an Intersection,No fue interseccion,Fuera de la calle,Ninguna,Dia total,Despejado,No,NO APLICA,16,48,16,58,1,27/05/2022,1
27,Minnesota,270121,0,0,2,0,3,ANOKA (3),3007,HAM LAKE,6,Junio,1,2022,14,35,CR-18,4,Calle del Condado,Urbano,Arteria Menor,County Highway Agency,0,Sin jurisdiccion especial,92,45.28516667,-93.258,Vehiculo en movimiento,Angulo,Not an Intersection,No fue interseccion,Sobre calle,Ninguna,Dia total,Despejado,No,NO APLICA,14,36,14,40,1,01/06/2022,2
27,Minnesota,270122,0,0,1,0,19,CARVER (19),1180,CHASKA,5,Mayo,28,2022,13,48,US-212,2,US Highway,Urbano,Arterial Principal -Freeway o ExpressWay,State Highway Agency,1,Sin jurisdiccion especial,1468,44.79439444,-93.63170833,Volcadura,El primer evento no fue una colision con un vehiculo automotor en transporte,Not an Intersection,No fue interseccion,Sobre el lado de la calle,Ninguna,Dia total,Despejado,No,NO APLICA,99,99,99,99,1,28/05/2022,1
27,Minnesota,270123,0,0,2,0,79,LE SUEUR (79),0,NO APLICA,6,Junio,2,2022,9,44,SR-13,3,Highway estatal,Rural,Arteria Menor,State Highway Agency,0,Sin jurisdiccion especial,591,44.41929722,-93.58881111,Vehiculo en movimiento,Frente a frente,Not an Intersection,No fue interseccion,Sobre calle,Ninguna,Dia total,Despejado,No,NO APLICA,9,45,10,0,1,02/06/2022,2
27,Minnesota,270124,0,0,2,0,3,ANOKA (3),671,BLAINE,6,Junio,6,2022,4,28,SR-65,3,Highway estatal,Urbano,Arteria Principal,State Highway Agency,1,Sin jurisdiccion especial,134,45.16818333,-93.23521944,Vehiculo en movimiento,Angulo,Four-Way Intersection,Interseccion de 4 direcciones,Sobre calle,Ninguna,Oscuro con iluminacion,Nublado,No,NO APLICA,4,29,4,35,1,06/06/2022,2
27,Minnesota,270125,0,0,2,0,3,ANOKA (3),1492,COON RAPIDS,6,Junio,7,2022,20,42,CR-78 HANSON BLVD NW,4,Calle del Condado,Urbano,Arteria Menor,County Highway Agency,0,Sin jurisdiccion especial,32,45.20603333,-93.30639444,Vehiculo en movimiento,Angulo,T-Intersection,Interseccion de T,Sobre calle,Ninguna,Dia total,Despejado,No,NO APLICA,20,43,20,51,2,07/06/2022,2
27,Minnesota,270126,0,0,1,0,13,BLUE EARTH (13),1960,EAGLE LAKE,6,Junio,8,2022,21,20,211TH ST,6,Calle Local Municipalidad,Urbano,Local,City or Municipal Highway Agency,0,Sin jurisdiccion especial,1,44.1524,-93.88758056,Volcadura,El primer evento no fue una colision con un vehiculo automotor en transporte,Not an Intersection,No fue interseccion,Sobre calle,Ninguna,Atardecer,Despejado,No,NO APLICA,21,20,21,35,1,08/06/2022,1
27,Minnesota,270127,0,0,2,0,87,MAHNOMEN (87),0,NO APLICA,6,Junio,7,2022,7,33,US-59,2,US Highway,Rural,Arteria Principal,State Highway Agency,1,Reservacion India,2913,47.22358333,-95.93323333,Vehiculo en movimiento,Golpe Lateral - direccion contraria,Not an Intersection,No fue interseccion,Sobre Acotamiento,Ninguna,Dia total,Despejado,No,NO APLICA,7,33,7,41,1,07/06/2022,2
27,Minnesota,270128,0,0,2,0,139,SCOTT (139),6450,SAVAGE,6,Junio,8,2022,13,32,SR-13,3,Highway estatal,Urbano,Arteria Menor,State Highway Agency,0,Sin jurisdiccion especial,915,44.77171389,-93.37880278,Vehiculo en movimiento,Angulo,Four-Way Intersection,Interseccion de 4 direcciones,Sobre calle,Ninguna,Dia total,Despejado,No,NO APLICA,13,32,13,40,1,08/06/2022,2
27,Minnesota,270129,0,0,2,0,25,CHISAGO (25),0,NO APLICA,6,Junio,9,2022,6,43,SR-95 SAINT CROIX TR,3,Highway estatal,Rural,Arteria Menor,State Highway Agency,0,Sin jurisdiccion especial,610,45.513175,-92.84531944,Vehiculo en movimiento,Angulo,Four-Way Intersection,Interseccion de 4 direcciones,Sobre calle,Ninguna,Dia total,Despejado,No,NO APLICA,6,41,7,0,1,09/06/2022,2
27,Minnesota,270130,0,0,2,0,111,OTTER TAIL (111),0,NO APLICA,6,Junio,10,2022,11,10,CR-67,4,Calle del Condado,Rural,Colector Mayor,County Highway Agency,0,Sin jurisdiccion especial,113,46.45584167,-95.40761667,Vehiculo en movimiento,Angulo,Four-Way Intersection,Interseccion de 4 direcciones,Sobre calle,Ninguna,Dia total,Despejado,No,NO APLICA,11,10,11,20,1,10/06/2022,2
27,Minnesota,270131,0,0,2,0,137,ST LOUIS (137),0,NO APLICA,6,Junio,11,2022,13,42,SR-37,3,Highway estatal,Rural,Arteria Menor,State Highway Agency,0,Sin jurisdiccion especial,71,47.39823333,-92.79671667,Vehiculo en movimiento,Frente a frente,T-Intersection,Interseccion de T,Sobre calle,Ninguna,Dia total,Despejado,No,NO APLICA,13,42,13,48,1,11/06/2022,5
27,Minnesota,270132,0,0,2,0,13,BLUE EARTH (13),0,NO APLICA,6,Junio,14,2022,16,16,CR-39,4,Calle del Condado,Rural,Colector Menor,County Highway Agency,0,Sin jurisdiccion especial,35,43.9784,-94.00848056,Vehiculo en movimiento,Angulo,Four-Way Intersection,Interseccion de 4 direcciones,Sobre calle,Ninguna,Dia total,Nublado,No,NO APLICA,16,17,16,21,1,14/06/2022,5
27,Minnesota,270133,2,2,1,0,123,RAMSEY (123),6070,ROSEVILLE,6,Junio,15,2022,20,32,CR-30,4,Calle del Condado,Urbano,Arteria Menor,County Highway Agency,0,Sin jurisdiccion especial,47,44.99186389,-93.11141944,Peaton,El primer evento no fue una colision con un vehiculo automotor en transporte,Four-Way Intersection,Interseccion de 4 direcciones,Sobre calle,Ninguna,Dia total,Despejado,No,NO APLICA,20,33,20,48,2,15/06/2022,1
27,Minnesota,270134,1,1,1,0,123,RAMSEY (123),6330,ST. PAUL,6,Junio,15,2022,22,12,CR-36,4,Calle del Condado,Urbano,Arteria Principal,County Highway Agency,1,Sin jurisdiccion especial,9,44.94832222,-93.06933611,Peaton,El primer evento no fue una colision con un vehiculo automotor en transporte,Not an Intersection,No fue interseccion,Sobre calle,Ninguna,Oscuro sin iluminacion,Despejado,No,NO APLICA,22,15,22,99,2,15/06/2022,1
27,Minnesota,270135,1,1,1,0,3,ANOKA (3),1492,COON RAPIDS,3,Marzo,1,2022,13,40,CR-1,4,Calle del Condado,Urbano,Arteria Menor,County Highway Agency,0,Sin jurisdiccion especial,66,45.12426667,-93.286525,Peaton,El primer evento no fue una colision con un vehiculo automotor en transporte,Four-Way Intersection,Interseccion de 4 direcciones,Sobre calle,Ninguna,Dia total,Nublado,No,NO APLICA,13,41,13,46,1,01/03/2022,1
27,Minnesota,270136,1,1,1,0,53,HENNEPIN (53),820,BROOKLYN CENTER,6,Junio,1,2022,15,5,XERXES AVE N,6,Calle Local Municipalidad,Urbano,Colector Mayor,City or Municipal Highway Agency,0,Sin jurisdiccion especial,4,45.058025,-93.32113611,Peaton,El primer evento no fue una colision con un vehiculo automotor en transporte,Not an Intersection,No fue interseccion,Sobre calle,Ninguna,Dia total,Despejado,No,NO APLICA,15,9,15,17,1,01/06/2022,1
27,Minnesota,270137,0,0,1,0,53,HENNEPIN (53),821,BROOKLYN PARK,6,Junio,17,2022,5,22,SR-610,3,Highway estatal,Urbano,Arterial Principal -Freeway o ExpressWay,State Highway Agency,1,Sin jurisdiccion especial,97,45.12236667,-93.31026389,Zanja,El primer evento no fue una colision con un vehiculo automotor en transporte,Not an Intersection,No fue interseccion,Sobre el lado de la calle,Ninguna,Dia total,Nublado,No,NO APLICA,5,23,5,29,1,17/06/2022,1
27,Minnesota,270138,0,0,2,0,163,WASHINGTON (163),2450,FOREST LAKE,6,Junio,18,2022,13,14,US-61,2,US Highway,Urbano,Arteria Menor,State Highway Agency,0,Sin jurisdiccion especial,1591,45.25985,-92.983175,Vehiculo en movimiento,Golpe Lateral - misma direccion,Roundabout,Glorieta,Sobre calle,Ninguna,Dia total,Despejado,No,NO APLICA,13,14,13,20,1,18/06/2022,2
27,Minnesota,270139,0,0,2,0,33,COTTONWOOD (33),0,NO APLICA,6,Junio,20,2022,9,40,CR-6,4,Calle del Condado,Rural,Colector Menor,County Highway Agency,0,Sin jurisdiccion especial,140,44.06521389,-95.38112778,Vehiculo en movimiento,Angulo,Four-Way Intersection,Interseccion de 4 direcciones,Sobre calle,Ninguna,Dia total,Despejado,No,NO APLICA,9,45,9,50,1,20/06/2022,2
27,Minnesota,270140,0,0,1,0,123,RAMSEY (123),6330,ST. PAUL,6,Junio,13,2022,23,17,I-35 RAMP,1,Interestatal,Urbano,Interestatal,State Highway Agency,1,Sin jurisdiccion especial,1046,44.93044167,-93.14409722,Valla Ferrocarril,El primer evento no fue una colision con un vehiculo automotor en transporte,Not an Intersection,No fue interseccion,Sobre el lado de la calle,Ninguna,Oscuro con iluminacion,Despejado,No,NO APLICA,23,17,23,20,1,13/06/2022,1
27,Minnesota,270141,0,0,1,0,65,KANABEC (65),0,NO APLICA,6,Junio,17,2022,23,41,CR-14,4,Calle del Condado,Rural,Colector Menor,County Highway Agency,0,Sin jurisdiccion especial,18,45.835325,-93.33313333,Arbol,El primer evento no fue una colision con un vehiculo automotor en transporte,Not an Intersection,No fue interseccion,Sobre el lado de la calle,Ninguna,Oscuro sin iluminacion,Despejado,No,NO APLICA,23,43,23,51,1,17/06/2022,1
27,Minnesota,270142,0,0,2,0,19,CARVER (19),1170,CHANHASSEN,6,Junio,15,2022,5,19,CR-14,4,Calle del Condado,Urbano,Arteria Menor,County Highway Agency,0,Sin jurisdiccion especial,62,44.82628333,-93.53641944,Vehiculo en movimiento,Angulo,Four-Way Intersection,Interseccion de 4 direcciones,Sobre calle,Ninguna,Dia total,Nublado,No,NO APLICA,5,19,5,26,1,15/06/2022,2
27,Minnesota,270143,0,0,2,0,139,SCOTT (139),6510,SHAKOPEE,6,Junio,21,2022,23,51,CR-101,4,Calle del Condado,Urbano,Arteria Menor,County Highway Agency,0,Sin jurisdiccion especial,21,44.79608333,-93.45038611,Vehiculo en movimiento,Angulo,Four-Way Intersection,Interseccion de 4 direcciones,Sobre calle,Ninguna,Oscuro con iluminacion,Despejado,No,NO APLICA,23,51,23,54,1,21/06/2022,2
27,Minnesota,270144,0,0,2,0,47,FREEBORN (47),0,NO APLICA,6,Junio,20,2022,8,7,I-35,1,Interestatal,Rural,Interestatal,State Highway Agency,1,Sin jurisdiccion especial,21,43.529525,-93.35467778,Barrera de Cable,El primer evento no fue una colision con un vehiculo automotor en transporte,Not an Intersection,No fue interseccion,En el medio,Ninguna,Dia total,Despejado,No,NO APLICA,8,10,8,20,1,20/06/2022,2
27,Minnesota,270145,0,0,1,0,53,HENNEPIN (53),4760,MINNEAPOLIS,6,Junio,22,2022,2,45,NICOLLET AVE S,6,Calle Local Municipalidad,Urbano,Arteria Menor,City or Municipal Highway Agency,0,Sin jurisdiccion especial,24,44.9264,-93.27790556,Otra barrera de trafico,El primer evento no fue una colision con un vehiculo automotor en transporte,Not an Intersection,No fue interseccion,Fuera de la calle,Construccion,Oscuro con iluminacion,Despejado,No,NO APLICA,2,47,2,50,1,22/06/2022,1
27,Minnesota,270146,0,0,1,0,29,CLEARWATER (29),2760,GONVICK,6,Junio,19,2022,2,21,SR-92,3,Highway estatal,Rural,Arteria Menor,State Highway Agency,0,Sin jurisdiccion especial,390,47.73996667,-95.52377778,Volcadura,El primer evento no fue una colision con un vehiculo automotor en transporte,Not an Intersection,No fue interseccion,Sobre el lado de la calle,Ninguna,Oscuro sin iluminacion,Despejado,No,NO APLICA,2,29,2,49,1,19/06/2022,2
27,Minnesota,270147,0,0,1,0,123,RAMSEY (123),7096,VADNAIS HEIGHTS,6,Junio,17,2022,15,9,CR-59,4,Calle del Condado,Urbano,Arteria Menor,County Highway Agency,0,Sin jurisdiccion especial,0,45.04470278,-93.07641111,Desconocido,Reportado como desconocido,Reported as Unknown,Desconocido,Reportado como desconocida,Ninguna,Reportada como desconocida,Reportado como desconocido,No,NO APLICA,15,9,15,10,1,17/06/2022,1
27,Minnesota,270148,0,0,2,0,109,OLMSTED (109),5960,ROCHESTER,6,Junio,23,2022,12,50,CR-22,4,Calle del Condado,Urbano,Arteria Menor,County Highway Agency,0,Sin jurisdiccion especial,122,44.05752778,-92.4475,Vehiculo en movimiento,Angulo,Four-Way Intersection,Interseccion de 4 direcciones,Sobre calle,Ninguna,Dia total,Despejado,No,NO APLICA,12,50,13,0,1,23/06/2022,2
27,Minnesota,270149,0,0,2,0,53,HENNEPIN (53),1680,DAYTON,6,Junio,23,2022,17,23,CR-81,4,Calle del Condado,Urbano,Arteria Menor,County Highway Agency,0,Sin jurisdiccion especial,157,45.15291667,-93.49328056,Vehiculo en movimiento,Angulo,Not an Intersection,No fue interseccion,Sobre calle,Ninguna,Dia total,Despejado,No,NO APLICA,17,24,17,31,1,23/06/2022,3
27,Minnesota,270150,0,0,2,0,139,SCOTT (139),0,NO APLICA,6,Junio,23,2022,12,38,SR- 282,3,Highway estatal,Rural,Arteria Menor,State Highway Agency,0,Sin jurisdiccion especial,63,44.68158889,-93.52108056,Vehiculo en movimiento,Angulo,Four-Way Intersection,Interseccion de 4 direcciones,Sobre calle,Ninguna,Dia total,Despejado,No,NO APLICA,12,38,12,51,1,23/06/2022,2
27,Minnesota,270151,0,0,3,0,43,FARIBAULT (43),0,NO APLICA,6,Junio,21,2022,17,1,I-90,1,Interestatal,Rural,Interestatal,State Highway Agency,1,Sin jurisdiccion especial,1230,43.65153889,-94.037725,Vehiculo en movimiento,Frente a Detrás,Not an Intersection,No fue interseccion,Sobre calle,Ninguna,Dia total,Despejado,No,NO APLICA,17,5,17,12,1,21/06/2022,9
27,Minnesota,270152,0,0,1,0,123,RAMSEY (123),6330,ST. PAUL,6,Junio,26,2022,2,14,CR-37,4,Calle del Condado,Urbano,Arteria Principal,County Highway Agency,1,Sin jurisdiccion especial,20,44.94452222,-93.08838889,Arbol,El primer evento no fue una colision con un vehiculo automotor en transporte,Not an Intersection,No fue interseccion,Sobre el lado de la calle,Ninguna,Oscuro con iluminacion,Despejado,No,NO APLICA,2,16,2,20,1,26/06/2022,2
27,Minnesota,270153,0,0,2,0,65,KANABEC (65),0,NO APLICA,6,Junio,22,2022,13,8,SR-65,3,Highway estatal,Rural,Arteria Menor,State Highway Agency,0,Sin jurisdiccion especial,582,45.77921944,-93.28748889,Vehiculo en movimiento,Frente a frente,Not an Intersection,No fue interseccion,Sobre calle,Ninguna,Dia total,Despejado,No,NO APLICA,13,8,13,23,1,22/06/2022,2
27,Minnesota,270154,0,0,1,0,27,CLAY (27),0,NO APLICA,4,Abril,20,2022,16,0,225TH ST N,5,Calle Local - Pueblo,Rural,Local,Town or Township Highway Agency,0,Sin jurisdiccion especial,4,46.89773889,-96.33285556,Arbol,El primer evento no fue una colision con un vehiculo automotor en transporte,Not an Intersection,No fue interseccion,Sobre el lado de la calle,Ninguna,Dia total,Nieve,No,NO APLICA,88,88,88,88,1,20/04/2022,1
27,Minnesota,270155,0,0,2,0,3,ANOKA (3),5788,RAMSEY,5,Mayo,17,2022,19,52,CR-116,4,Calle del Condado,Urbano,Arteria Menor,County Highway Agency,0,Sin jurisdiccion especial,24,45.22668889,-93.42927778,Vehiculo en movimiento,Angulo,Four-Way Intersection,Interseccion de 4 direcciones,Sobre calle,Ninguna,Dia total,Despejado,No,NO APLICA,19,52,20,6,1,17/05/2022,3
27,Minnesota,270156,0,0,1,0,53,HENNEPIN (53),5910,RICHFIELD,6,Junio,29,2022,14,48,I-494,1,Interestatal,Urbano,Interestatal,State Highway Agency,1,Sin jurisdiccion especial,27,44.862175,-93.25173611,Volcadura,El primer evento no fue una colision con un vehiculo automotor en transporte,Not an Intersection,No fue interseccion,Sobre calle,Ninguna,Dia total,Despejado,No,NO APLICA,14,50,14,57,1,29/06/2022,1
27,Minnesota,270157,0,0,1,0,143,SIBLEY (143),0,NO APLICA,6,Junio,27,2022,21,1,CR-17,4,Calle del Condado,Rural,Colector Menor,County Highway Agency,0,Sin jurisdiccion especial,31,44.51214167,-94.04979722,Animal vivo,El primer evento no fue una colision con un vehiculo automotor en transporte,Not an Intersection,No fue interseccion,Sobre calle,Ninguna,Atardecer,Despejado,No,NO APLICA,21,5,21,16,1,27/06/2022,1
27,Minnesota,270158,1,1,1,0,139,SCOTT (139),0,NO APLICA,7,Julio,1,2022,19,14,CR-2,4,Calle del Condado,Rural,Arteria Menor,County Highway Agency,0,Sin jurisdiccion especial,101,44.57287778,-93.41995,Ciclista,El primer evento no fue una colision con un vehiculo automotor en transporte,Four-Way Intersection,Interseccion de 4 direcciones,Sobre calle,Ninguna,Dia total,Despejado,No,NO APLICA,19,16,19,16,1,01/07/2022,1