Estado,Nombre de Estado,Numero de Caso,Peatones,Personas _no_vehiculos,Vehiculos automotores,Vehiculos estacionados,Condado,Nombre Condado,Ciudad,Nombre Ciudad,Mes,Nombre Mes,Dia,Año,Hora,Minuto,Calle,Ruta,Nombre Ruta,Rural o Urbanoo,Sistema Funcional,Dueño Calle,Sistema Nacional Carreteras,Jurisdiccion Especial,Milla,Latitud,Longitud,Causa del Accidente,Tipo de Accidente,Tipo Interseccion,Columna1,Lugar en la calle,Zona de Trabajo,Luz,Clima,Autobus Escolar,Cruce de Trenes,Hora Notificacion,Minuto Notificacion,Hora Llegada,Minuto Llegada,Decesos,Fecha,PersonaVehiculo
27,Minnesota,270159,0,0,1,0,3,ANOKA (3),1982,EAST BETHEL,3,Marzo,20,2022,20,37,AUSTIN ST NE,6,Calle Local Municipalidad,Urbano,Local,City or Municipal Highway Agency,0,Sin jurisdiccion especial,10,45.34170833,-93.16837778,Arbol,El primer evento no fue una colision con un vehiculo automotor en transporte,Not an Intersection,No fue interseccion,Sobre el lado de la calle,Ninguna,Oscuro sin iluminacion,Despejado,No,NO APLICA,20,38,20,40,2,20/03/2022,2
27,Minnesota,270160,0,0,1,0,149,STEVENS (149),0,NO APLICA,7,Julio,3,2022,16,14,SR-9,3,Highway estatal,Rural,Arteria Menor,State Highway Agency,0,Sin jurisdiccion especial,711,45.71548056,-96.03095833,Volcadura,El primer evento no fue una colision con un vehiculo automotor en transporte,Not an Intersection,No fue interseccion,Sobre el lado de la calle,Ninguna,Dia total,Nublado,No,NO APLICA,16,17,16,29,1,03/07/2022,1
27,Minnesota,270161,0,0,3,0,59,ISANTI (59),0,NO APLICA,6,Junio,30,2022,16,44,SR-95,3,Highway estatal,Rural,Arteria Menor,State Highway Agency,0,Sin jurisdiccion especial,506,45.53114167,-93.04425278,Vehiculo en movimiento,Frente a Detrás,T-Intersection,Interseccion de T,Sobre calle,Ninguna,Dia total,Despejado,No,NO APLICA,16,48,17,6,1,30/06/2022,12
27,Minnesota,270162,0,0,1,0,31,COOK (31),0,NO APLICA,7,Julio,5,2022,16,14,SR-61,3,Highway estatal,Rural,Arteria Principal,State Highway Agency,1,Sin jurisdiccion especial,1169,47.78669444,-90.17949722,Arbol,El primer evento no fue una colision con un vehiculo automotor en transporte,T-Intersection,Interseccion de T,Sobre el lado de la calle,Ninguna,Dia total,Neblina o Humo,No,NO APLICA,16,14,16,26,1,05/07/2022,1
27,Minnesota,270163,1,1,1,0,37,DAKOTA (37),956,BURNSVILLE,6,Junio,26,2022,1,42,SR-13,3,Highway estatal,Urbano,Arteria Principal,State Highway Agency,1,Sin jurisdiccion especial,970,44.77707222,-93.27775278,Peaton,El primer evento no fue una colision con un vehiculo automotor en transporte,Four-Way Intersection,Interseccion de 4 direcciones,Sobre calle,Ninguna,Oscuro con iluminacion,Despejado,No,NO APLICA,1,42,1,56,1,26/06/2022,1
27,Minnesota,270164,0,0,2,0,105,NOBLES (105),0,NO APLICA,7,Julio,6,2022,8,10,CR-18,4,Calle del Condado,Rural,Colector Menor,County Highway Agency,0,Sin jurisdiccion especial,203,43.79033889,-95.8724,Vehiculo en movimiento,Angulo,Four-Way Intersection,Interseccion de 4 direcciones,Sobre calle,Ninguna,Dia total,Despejado,No,NO APLICA,8,10,8,22,1,06/07/2022,8
27,Minnesota,270165,0,0,2,0,13,BLUE EARTH (13),4480,MANKATO,7,Julio,7,2022,11,2,SR-22,3,Highway estatal,Urbano,Arterial Principal -Freeway o ExpressWay,State Highway Agency,1,Sin jurisdiccion especial,527,44.17446111,-93.94882778,Vehiculo en movimiento,Angulo,Four-Way Intersection,Interseccion de 4 direcciones,Sobre calle,Ninguna,Dia total,Despejado,No,NO APLICA,11,2,11,13,1,07/07/2022,4
27,Minnesota,270166,0,0,1,0,115,PINE (115),0,NO APLICA,7,Julio,10,2022,9,30,CR-67 EVERREADY RD,4,Calle del Condado,Rural,Local,County Highway Agency,0,Sin jurisdiccion especial,4,45.88219167,-92.94138333,Volcadura,El primer evento no fue una colision con un vehiculo automotor en transporte,Not an Intersection,No fue interseccion,Sobre el lado de la calle,Ninguna,Dia total,Despejado,No,NO APLICA,9,30,9,37,1,10/07/2022,1
27,Minnesota,270167,0,0,2,0,153,TODD (153),0,NO APLICA,7,Julio,9,2022,17,5,CR-11,4,Calle del Condado,Rural,Colector Mayor,County Highway Agency,0,Sin jurisdiccion especial,105,45.91839167,-94.96386944,Vehiculo en movimiento,Angulo,Four-Way Intersection,Interseccion de 4 direcciones,Sobre calle,Ninguna,Dia total,Despejado,No,NO APLICA,17,9,17,19,1,09/07/2022,2
27,Minnesota,270168,0,0,2,0,67,KANDIYOHI (67),0,NO APLICA,7,Julio,9,2022,10,6,SR-40,3,Highway estatal,Rural,Arteria Menor,State Highway Agency,0,Sin jurisdiccion especial,657,45.10928333,-95.22701111,Vehiculo en movimiento,Angulo,Four-Way Intersection,Interseccion de 4 direcciones,Sobre calle,Ninguna,Dia total,Nublado,No,NO APLICA,10,9,10,19,1,09/07/2022,3
27,Minnesota,270169,0,0,2,0,3,ANOKA (3),0,NO APLICA,7,Julio,11,2022,10,57,CR-22 VIKING BLVD,4,Calle del Condado,Rural,Arteria Menor,County Highway Agency,0,Sin jurisdiccion especial,240,45.36549444,-93.10800556,Vehiculo en movimiento,Frente a frente,Not an Intersection,No fue interseccion,Sobre calle,Ninguna,Dia total,Despejado,No,NO APLICA,11,4,11,16,1,11/07/2022,3
27,Minnesota,270170,0,0,1,0,39,DODGE (39),0,NO APLICA,7,Julio,13,2022,10,21,SR-30,3,Highway estatal,Rural,Arteria Menor,State Highway Agency,0,Sin jurisdiccion especial,1943,43.87160278,-93.00553333,Zanja,El primer evento no fue una colision con un vehiculo automotor en transporte,Not an Intersection,No fue interseccion,Sobre el lado de la calle,Ninguna,Dia total,Despejado,No,NO APLICA,0,0,0,0,1,13/07/2022,1
27,Minnesota,270171,0,0,2,0,35,CROW WING (35),5600,PEQUOT LAKES,7,Julio,9,2022,9,21,SR-371,3,Highway estatal,Rural,Arteria Principal,State Highway Agency,1,Sin jurisdiccion especial,427,46.54475278,-94.30892222,Vehiculo en movimiento,Angulo,Four-Way Intersection,Interseccion de 4 direcciones,Sobre calle,Ninguna,Dia total,Despejado,No,NO APLICA,9,30,9,30,1,09/07/2022,5
27,Minnesota,270172,0,0,2,0,97,MORRISON (97),0,NO APLICA,7,Julio,12,2022,12,8,SR-27,3,Highway estatal,Rural,Arteria Menor,State Highway Agency,0,Sin jurisdiccion especial,1337,45.97688056,-94.41430556,Vehiculo en movimiento,Frente a frente,Not an Intersection,No fue interseccion,Sobre calle,Ninguna,Dia total,Despejado,No,NO APLICA,12,8,12,12,1,12/07/2022,2
27,Minnesota,270173,0,0,2,0,91,MARTIN (91),0,NO APLICA,7,Julio,1,2022,21,53,I-90,1,Interestatal,Rural,Interestatal,State Highway Agency,1,Sin jurisdiccion especial,1061,43.67019444,-94.36878056,Vehiculo en movimiento,Frente a Detrás,Not an Intersection,No fue interseccion,Sobre calle,Ninguna,Oscuro sin iluminacion,Despejado,No,NO APLICA,21,53,22,2,1,01/07/2022,2
27,Minnesota,270174,0,0,1,0,121,POPE (121),0,NO APLICA,7,Julio,7,2022,12,31,260TH AVE,5,Calle Local - Pueblo,Rural,Local,Town or Township Highway Agency,0,Sin jurisdiccion especial,5,45.69330278,-95.46918611,Volcadura,El primer evento no fue una colision con un vehiculo automotor en transporte,Not an Intersection,No fue interseccion,Sobre el lado de la calle,Ninguna,Dia total,Despejado,No,NO APLICA,12,41,13,1,1,07/07/2022,5
27,Minnesota,270175,0,0,2,0,123,RAMSEY (123),6330,ST. PAUL,7,Julio,17,2022,22,5,N FOREST ST,6,Calle Local Municipalidad,Urbano,Colector Mayor,City or Municipal Highway Agency,0,Sin jurisdiccion especial,15,44.97345833,-93.06085556,Vehiculo en movimiento,Angulo,T-Intersection,Interseccion de T,Sobre calle,Ninguna,Oscuro con iluminacion,Despejado,No,NO APLICA,22,5,22,12,1,17/07/2022,3
27,Minnesota,270176,1,1,1,0,137,ST LOUIS (137),1900,DULUTH,7,Julio,10,2022,23,15,GLENWOOD ST,6,Calle Local Municipalidad,Urbano,Arteria Menor,City or Municipal Highway Agency,0,Sin jurisdiccion especial,21,46.83666944,-92.05240278,Peaton,El primer evento no fue una colision con un vehiculo automotor en transporte,Not an Intersection,No fue interseccion,Reportado como desconocida,Ninguna,Oscuro sin iluminacion,Nublado,No,NO APLICA,23,16,23,24,1,10/07/2022,2
27,Minnesota,270177,0,0,3,0,27,CLAY (27),4880,MOORHEAD,7,Julio,15,2022,14,2,I-94,1,Interestatal,Urbano,Interestatal,State Highway Agency,1,Sin jurisdiccion especial,18,46.84735278,-96.74188333,Vehiculo en movimiento,Frente a Detrás,Not an Intersection,No fue interseccion,Sobre calle,Construccion,Dia total,Despejado,No,NO APLICA,14,7,14,99,3,15/07/2022,5
27,Minnesota,270178,0,0,1,0,157,WABASHA (157),0,NO APLICA,7,Julio,16,2022,19,50,CR-6,4,Calle del Condado,Rural,Colector Menor,County Highway Agency,0,Sin jurisdiccion especial,38,44.23011111,-92.36993611,Animal vivo,El primer evento no fue una colision con un vehiculo automotor en transporte,Not an Intersection,No fue interseccion,Sobre calle,Ninguna,Dia total,Despejado,No,NO APLICA,19,45,19,55,1,16/07/2022,2
27,Minnesota,270179,0,0,1,0,35,CROW WING (35),420,BAXTER,7,Julio,18,2022,4,40,SR-371,3,Highway estatal,Urbano,Arteria Principal,State Highway Agency,1,Sin jurisdiccion especial,267,46.3415,-94.24598333,Zanja,El primer evento no fue una colision con un vehiculo automotor en transporte,Not an Intersection,No fue interseccion,Sobre el lado de la calle,Ninguna,Oscuro sin iluminacion,Despejado,No,NO APLICA,88,88,88,88,1,18/07/2022,1
27,Minnesota,270180,0,0,2,0,19,CARVER (19),1180,CHASKA,7,Julio,14,2022,8,54,CR-10 ENGLER BLVD,4,Calle del Condado,Urbano,Arteria Menor,County Highway Agency,0,Sin jurisdiccion especial,213,44.80580278,-93.63073611,Vehiculo en movimiento,Angulo,Four-Way Intersection,Interseccion de 4 direcciones,Sobre calle,Ninguna,Dia total,Despejado,No,NO APLICA,8,55,9,1,1,14/07/2022,2
27,Minnesota,270181,0,0,1,0,171,WRIGHT (171),5487,OTSEGO,7,Julio,16,2022,22,8,78TH ST NE,6,Calle Local Municipalidad,Urbano,Local,City or Municipal Highway Agency,0,Sin jurisdiccion especial,1,45.26418333,-93.59934444,Volcadura,El primer evento no fue una colision con un vehiculo automotor en transporte,Not an Intersection,No fue interseccion,Sobre el lado de la calle,Construccion,Oscuro sin iluminacion,Despejado,No,NO APLICA,22,10,22,27,1,16/07/2022,2
27,Minnesota,270182,0,0,4,0,53,HENNEPIN (53),1150,CHAMPLIN,7,Julio,21,2022,12,29,US-169,2,US Highway,Urbano,Arteria Principal,State Highway Agency,1,Sin jurisdiccion especial,1410,45.16321667,-93.39143889,Vehiculo en movimiento,Golpe Lateral - misma direccion,Not an Intersection,No fue interseccion,Sobre calle,Ninguna,Dia total,Despejado,No,NO APLICA,12,29,99,99,1,21/07/2022,4
27,Minnesota,270183,0,0,2,0,3,ANOKA (3),28,ANDOVER,7,Julio,22,2022,10,50,CR-58 TULIP ST NW,4,Calle del Condado,Urbano,Colector Mayor,County Highway Agency,0,Sin jurisdiccion especial,22,45.28510278,-93.35712778,Vehiculo en movimiento,Angulo,Four-Way Intersection,Interseccion de 4 direcciones,Sobre calle,Ninguna,Dia total,Despejado,No,NO APLICA,10,50,11,5,1,22/07/2022,2
27,Minnesota,270184,0,0,1,0,135,ROSEAU (135),0,NO APLICA,7,Julio,15,2022,18,11,CR-22,4,Calle del Condado,Rural,Colector Menor,County Highway Agency,0,Sin jurisdiccion especial,19,48.64651389,-96.12906944,Volcadura,El primer evento no fue una colision con un vehiculo automotor en transporte,Not an Intersection,No fue interseccion,Sobre el lado de la calle,Ninguna,Dia total,Despejado,No,NO APLICA,18,15,18,24,1,15/07/2022,1
27,Minnesota,270185,0,0,2,0,67,KANDIYOHI (67),0,NO APLICA,7,Julio,24,2022,2,21,US-71,2,US Highway,Rural,Arteria Principal,State Highway Agency,1,Sin jurisdiccion especial,1384,45.321,-95.01167222,Vehiculo en movimiento,Frente a frente,Not an Intersection,No fue interseccion,Sobre calle,Ninguna,Oscuro sin iluminacion,Despejado,No,NO APLICA,2,31,2,49,1,24/07/2022,3
27,Minnesota,270186,0,0,1,0,163,WASHINGTON (163),2450,FOREST LAKE,7,Julio,25,2022,17,31,I-35,1,Interestatal,Urbano,Interestatal,State Highway Agency,1,Sin jurisdiccion especial,1306,45.26189722,-93.01246389,Volcadura,El primer evento no fue una colision con un vehiculo automotor en transporte,Not an Intersection,No fue interseccion,Sobre el lado de la calle,Ninguna,Dia total,Nublado,No,NO APLICA,17,31,17,33,1,25/07/2022,1
27,Minnesota,270187,0,0,1,0,47,FREEBORN (47),0,NO APLICA,7,Julio,25,2022,18,9,CR-13,4,Calle del Condado,Rural,Colector Mayor,County Highway Agency,0,Sin jurisdiccion especial,168,43.564825,-93.09049722,Volcadura,El primer evento no fue una colision con un vehiculo automotor en transporte,Y-Intersection,Interseccion de Y,Sobre el lado de la calle,Ninguna,Dia total,Despejado,No,NO APLICA,18,12,18,15,1,25/07/2022,1
27,Minnesota,270188,0,0,2,0,67,KANDIYOHI (67),0,NO APLICA,7,Julio,26,2022,9,44,60TH ST SW,5,Calle Local - Pueblo,Rural,Local,Town or Township Highway Agency,0,Sin jurisdiccion especial,60,45.022575,-95.12489167,Vehiculo en movimiento,Angulo,Four-Way Intersection,Interseccion de 4 direcciones,Sobre calle,Ninguna,Dia total,Nublado,No,NO APLICA,9,48,9,59,1,26/07/2022,2
27,Minnesota,270189,0,0,1,0,131,RICE (131),0,NO APLICA,7,Julio,19,2022,17,49,SR-21 SHIELDSVILLE BLVD,3,Highway estatal,Rural,Colector Mayor,State Highway Agency,0,Sin jurisdiccion especial,113,44.39124722,-93.44350278,Volcadura,El primer evento no fue una colision con un vehiculo automotor en transporte,Not an Intersection,No fue interseccion,Sobre el lado de la calle,Ninguna,Reportada como desconocida,Reportado como desconocido,No,NO APLICA,17,46,99,98,1,19/07/2022,1
27,Minnesota,270190,0,0,2,0,163,WASHINGTON (163),2450,FOREST LAKE,7,Julio,24,2022,14,37,I-35,1,Interestatal,Urbano,Interestatal,State Highway Agency,1,Sin jurisdiccion especial,1329,45.29399722,-93.00288889,Vehiculo en movimiento,Angulo,Not an Intersection,No fue interseccion,Sobre calle,Ninguna,Dia total,Despejado,No,NO APLICA,14,37,14,48,1,24/07/2022,2
27,Minnesota,270191,1,1,1,0,19,CARVER (19),1170,CHANHASSEN,7,Julio,27,2022,13,49,SR-5,3,Highway estatal,Urbano,Arteria Menor,State Highway Agency,0,Sin jurisdiccion especial,456,44.85825833,-93.53648889,Ciclista,El primer evento no fue una colision con un vehiculo automotor en transporte,Four-Way Intersection,Interseccion de 4 direcciones,Sobre calle,Ninguna,Dia total,Despejado,No,NO APLICA,13,49,13,53,1,27/07/2022,1
27,Minnesota,270192,0,0,1,0,157,WABASHA (157),0,NO APLICA,7,Julio,27,2022,5,30,CR-17,4,Calle del Condado,Rural,Colector Menor,County Highway Agency,0,Sin jurisdiccion especial,0,44.32815,-92.42142222,Zanja,El primer evento no fue una colision con un vehiculo automotor en transporte,T-Intersection,Interseccion de T,Sobre el lado de la calle,Ninguna,Amanecer,Despejado,No,NO APLICA,6,59,7,9,1,27/07/2022,1
27,Minnesota,270193,0,0,2,0,17,CARLTON (17),0,NO APLICA,7,Julio,15,2022,19,31,SR-210,3,Highway estatal,Rural,Arteria Principal,State Highway Agency,1,Sin jurisdiccion especial,1936,46.67805,-92.94204722,Vehiculo en movimiento,Frente a Detrás,Not an Intersection,No fue interseccion,Sobre calle,Ninguna,Dia total,Despejado,No,NO APLICA,0,0,0,0,1,15/07/2022,2
27,Minnesota,270194,0,0,2,0,111,OTTER TAIL (111),0,NO APLICA,7,Julio,28,2022,15,50,CR-1,4,Calle del Condado,Rural,Colector Mayor,County Highway Agency,0,Sin jurisdiccion especial,332,46.36919444,-95.7621,Vehiculo en movimiento,Frente a frente,Not an Intersection,No fue interseccion,Sobre Acotamiento,Ninguna,Dia total,Despejado,No,NO APLICA,15,55,16,20,1,28/07/2022,3
27,Minnesota,270195,0,0,3,0,137,ST LOUIS (137),0,NO APLICA,7,Julio,27,2022,11,0,SR-194,3,Highway estatal,Rural,Arteria Menor,State Highway Agency,0,Sin jurisdiccion especial,26,46.84395,-92.36441944,Vehiculo en movimiento,Detrás a Lado. ,Four-Way Intersection,Interseccion de 4 direcciones,Sobre calle,Ninguna,Dia total,Despejado,No,NO APLICA,11,0,11,12,1,27/07/2022,3
27,Minnesota,270196,0,0,3,0,137,ST LOUIS (137),1900,DULUTH,6,Junio,30,2022,21,10,CR-9 CALVARY RD,4,Calle del Condado,Urbano,Colector Mayor,County Highway Agency,0,Sin jurisdiccion especial,131,46.85417778,-92.08921389,Vehiculo en movimiento,Frente a frente,Not an Intersection,No fue interseccion,Sobre calle,Ninguna,Oscuro sin iluminacion,Despejado,No,NO APLICA,21,11,21,25,2,30/06/2022,3
27,Minnesota,270197,0,0,1,0,53,HENNEPIN (53),4760,MINNEAPOLIS,7,Julio,29,2022,1,21,CR-5,4,Calle del Condado,Urbano,Arteria Menor,County Highway Agency,0,Sin jurisdiccion especial,140,44.96276944,-93.22638056,Banqueta,El primer evento no fue una colision con un vehiculo automotor en transporte,Not an Intersection,No fue interseccion,En el medio,Ninguna,Oscuro con iluminacion,Despejado,No,NO APLICA,1,21,1,27,1,29/07/2022,2
27,Minnesota,270198,0,0,1,0,111,OTTER TAIL (111),0,NO APLICA,7,Julio,29,2022,10,22,CR-4,4,Calle del Condado,Rural,Colector Mayor,County Highway Agency,0,Sin jurisdiccion especial,129,46.64591944,-95.81912222,Zanja,El primer evento no fue una colision con un vehiculo automotor en transporte,Not an Intersection,No fue interseccion,Sobre el lado de la calle,Ninguna,Dia total,Despejado,No,NO APLICA,10,22,10,40,1,29/07/2022,1
27,Minnesota,270199,0,0,1,0,25,CHISAGO (25),0,NO APLICA,7,Julio,30,2022,10,0,CR-91,4,Calle del Condado,Rural,Colector Mayor,County Highway Agency,0,Sin jurisdiccion especial,10,45.309075,-92.87097778,Poste,El primer evento no fue una colision con un vehiculo automotor en transporte,Not an Intersection,No fue interseccion,Sobre el lado de la calle,Ninguna,Dia total,Despejado,No,NO APLICA,10,5,10,10,1,30/07/2022,1
27,Minnesota,270200,0,0,1,0,115,PINE (115),7600,WILLOW RIVER,7,Julio,22,2022,13,32,I-35,1,Interestatal,Rural,Interestatal,State Highway Agency,1,Sin jurisdiccion especial,2052,46.31134444,-92.82747778,Arbol,El primer evento no fue una colision con un vehiculo automotor en transporte,Not an Intersection,No fue interseccion,Sobre el lado de la calle,Ninguna,Dia total,Despejado,No,NO APLICA,13,34,13,46,1,22/07/2022,3
27,Minnesota,270202,1,1,1,0,159,WADENA (159),7240,WADENA,6,Junio,25,2022,17,36,US-10,2,US Highway,Rural,Arteria Principal,State Highway Agency,1,Sin jurisdiccion especial,904,46.44331389,-95.13886944,Ciclista,El primer evento no fue una colision con un vehiculo automotor en transporte,Four-Way Intersection,Interseccion de 4 direcciones,Sobre calle,Ninguna,Dia total,Despejado,No,NO APLICA,19,36,19,40,1,25/06/2022,2
27,Minnesota,270203,0,0,2,0,105,NOBLES (105),0,NO APLICA,7,Julio,30,2022,20,55,CR-25,4,Calle del Condado,Rural,Arteria Menor,County Highway Agency,0,Sin jurisdiccion especial,107,43.69883056,-95.707275,Volcadura,El primer evento no fue una colision con un vehiculo automotor en transporte,T-Intersection,Interseccion de T,Sobre calle,Ninguna,Atardecer,Despejado,No,NO APLICA,20,55,21,7,1,30/07/2022,2
27,Minnesota,270204,0,0,3,2,53,HENNEPIN (53),4760,MINNEAPOLIS,8,Agosto,3,2022,0,30,31ST AVE S,6,Calle Local Municipalidad,Urbano,Colector Mayor,City or Municipal Highway Agency,0,Sin jurisdiccion especial,5,44.94586667,-93.22709444,Otro objeto (no fijo),El primer evento no fue una colision con un vehiculo automotor en transporte,Not an Intersection,No fue interseccion,Sobre calle,Ninguna,Oscuro con iluminacion,lluvia,No,NO APLICA,0,30,0,36,1,03/08/2022,1
27,Minnesota,270205,0,0,1,0,41,DOUGLAS (41),0,NO APLICA,7,Julio,27,2022,18,54,I-94,1,Interestatal,Rural,Interestatal,State Highway Agency,1,Sin jurisdiccion especial,921,45.92902778,-95.57311111,Volcadura,El primer evento no fue una colision con un vehiculo automotor en transporte,Not an Intersection,No fue interseccion,Sobre calle,Ninguna,Dia total,Despejado,No,NO APLICA,18,54,18,55,1,27/07/2022,1
27,Minnesota,270206,0,0,1,0,139,SCOTT (139),6510,SHAKOPEE,7,Julio,10,2022,19,5,US-169,2,US Highway,Urbano,Arterial Principal -Freeway o ExpressWay,State Highway Agency,1,Sin jurisdiccion especial,1147,44.78963333,-93.40431944,Valla Ferrocarril,El primer evento no fue una colision con un vehiculo automotor en transporte,Not an Intersection,No fue interseccion,Sobre el lado de la calle,Ninguna,Dia total,Despejado,No,NO APLICA,19,5,19,10,1,10/07/2022,1
27,Minnesota,270207,0,0,1,0,13,BLUE EARTH (13),3900,LAKE CRYSTAL,8,Agosto,4,2022,2,30,CR-9,4,Calle del Condado,Rural,Colector Mayor,County Highway Agency,0,Sin jurisdiccion especial,7,44.101425,-94.2043,Poste,El primer evento no fue una colision con un vehiculo automotor en transporte,Not an Intersection,No fue interseccion,Sobre el lado de la calle,Ninguna,Oscuro sin iluminacion,Despejado,No,NO APLICA,2,35,2,45,1,04/08/2022,1
27,Minnesota,270208,0,0,1,0,83,LYON (83),0,NO APLICA,7,Julio,30,2022,22,13,SR-23,3,Highway estatal,Rural,Arteria Principal,State Highway Agency,1,Sin jurisdiccion especial,553,44.26839722,-96.00732222,Zanja,El primer evento no fue una colision con un vehiculo automotor en transporte,Not an Intersection,No fue interseccion,Sobre el lado de la calle,Ninguna,Oscuro sin iluminacion,Nublado,No,NO APLICA,22,52,22,32,1,30/07/2022,1
27,Minnesota,270209,0,0,1,0,37,DAKOTA (37),4673,MENDOTA HEIGHTS,8,Agosto,5,2022,14,47,SR-62,3,Highway estatal,Not Reported,No reportado,Not Reported,9,Sin jurisdiccion especial,1493,44.88373889,-93.12811389,Arbol,El primer evento no fue una colision con un vehiculo automotor en transporte,Not an Intersection,No fue interseccion,Sobre el lado de la calle,Ninguna,Dia total,Despejado,No,NO APLICA,14,47,15,5,1,05/08/2022,2
27,Minnesota,270210,0,0,2,0,35,CROW WING (35),0,NO APLICA,8,Agosto,6,2022,9,36,SR-210,3,Highway estatal,Rural,Arteria Principal,State Highway Agency,1,Sin jurisdiccion especial,1451,46.50915278,-93.83294167,Vehiculo en movimiento,Frente a frente,Four-Way Intersection,Interseccion de 4 direcciones,Sobre calle,Ninguna,Dia total,Nublado,No,NO APLICA,9,39,9,45,1,06/08/2022,2
27,Minnesota,270211,0,0,2,0,35,CROW WING (35),5240,NISSWA,8,Agosto,6,2022,18,48,SR-371,3,Highway estatal,Rural,Arteria Principal,State Highway Agency,1,Sin jurisdiccion especial,369,46.47071667,-94.29341944,Vehiculo en movimiento,Angulo,Four-Way Intersection,Interseccion de 4 direcciones,Sobre calle,Ninguna,Dia total,Despejado,No,NO APLICA,18,48,19,2,1,06/08/2022,2
27,Minnesota,270212,0,0,4,0,27,CLAY (27),0,NO APLICA,7,Julio,14,2022,10,3,I-94,1,Interestatal,Urbano,Interestatal,State Highway Agency,1,Sin jurisdiccion especial,40,46.84735278,-96.69592222,Vehiculo en movimiento,Frente a Detrás,Not an Intersection,No fue interseccion,Sobre calle,Ninguna,Dia total,Despejado,No,NO APLICA,10,4,10,14,1,14/07/2022,7
27,Minnesota,270213,0,0,1,0,123,RAMSEY (123),5320,NORTH ST PAUL,8,Agosto,10,2022,18,42,SR-36,3,Highway estatal,Urbano,Arterial Principal -Freeway o ExpressWay,State Highway Agency,1,Sin jurisdiccion especial,94,45.012275,-93.00314167,Valla Ferrocarril,El primer evento no fue una colision con un vehiculo automotor en transporte,Not an Intersection,No fue interseccion,En el medio,Ninguna,Dia total,Despejado,No,NO APLICA,0,56,1,8,1,10/08/2022,1
27,Minnesota,270214,0,0,2,0,67,KANDIYOHI (67),0,NO APLICA,8,Agosto,4,2022,17,50,SR-40 15TH AVE SW,3,Highway estatal,Rural,Arteria Menor,State Highway Agency,0,Sin jurisdiccion especial,657,45.10924722,-95.22706667,Vehiculo en movimiento,Angulo,Four-Way Intersection,Interseccion de 4 direcciones,Sobre calle,Ninguna,Dia total,Despejado,No,NO APLICA,17,52,18,5,3,04/08/2022,5
27,Minnesota,270215,0,0,2,0,53,HENNEPIN (53),4760,MINNEAPOLIS,7,Julio,15,2022,16,34,CR-57 HUMBOLDT AVE N,4,Calle del Condado,Urbano,Colector Mayor,County Highway Agency,0,Sin jurisdiccion especial,11,45.051125,-93.29917222,Vehiculo en movimiento,Angulo,Four-Way Intersection,Interseccion de 4 direcciones,Sobre calle,Ninguna,Dia total,Despejado,No,NO APLICA,16,38,16,41,1,15/07/2022,6
27,Minnesota,270216,0,0,2,0,49,GOODHUE (49),0,NO APLICA,8,Agosto,10,2022,8,48,SR-60,3,Highway estatal,Rural,Arteria Menor,State Highway Agency,0,Sin jurisdiccion especial,1714,44.28361667,-92.87162222,Vehiculo en movimiento,Angulo,Four-Way Intersection,Interseccion de 4 direcciones,Sobre calle,Ninguna,Dia total,Despejado,No,NO APLICA,8,48,9,1,1,10/08/2022,2
27,Minnesota,270217,0,0,1,0,137,ST LOUIS (137),0,NO APLICA,8,Agosto,7,2022,0,46,CR-5,4,Calle del Condado,Rural,Colector Mayor,County Highway Agency,0,Sin jurisdiccion especial,326,47.37596111,-92.81045556,Arbol,El primer evento no fue una colision con un vehiculo automotor en transporte,Not an Intersection,No fue interseccion,Sobre el lado de la calle,Ninguna,Oscuro - iluminacion desconocida,Despejado,No,NO APLICA,0,46,1,0,1,07/08/2022,1
27,Minnesota,270218,0,0,1,0,57,HUBBARD (57),0,NO APLICA,7,Julio,30,2022,21,29,SR-200,3,Highway estatal,Rural,Arteria Menor,State Highway Agency,0,Sin jurisdiccion especial,1053,47.23419444,-94.8768,Volcadura,El primer evento no fue una colision con un vehiculo automotor en transporte,Not an Intersection,No fue interseccion,Sobre el lado de la calle,Ninguna,Oscuro sin iluminacion,Despejado,No,NO APLICA,99,98,99,98,1,30/07/2022,1
27,Minnesota,270219,0,0,2,0,137,ST LOUIS (137),0,NO APLICA,8,Agosto,12,2022,23,31,CR-21,4,Calle del Condado,Rural,Arteria Menor,County Highway Agency,0,Sin jurisdiccion especial,80,47.658575,-92.26901667,Vehiculo en movimiento,Angulo,Not an Intersection,No fue interseccion,Sobre calle,Ninguna,Oscuro sin iluminacion,Nublado,No,NO APLICA,23,31,23,40,1,12/08/2022,2
27,Minnesota,270220,0,0,1,0,25,CHISAGO (25),7790,WYOMING,8,Agosto,12,2022,12,10,I-35,1,Interestatal,Urbano,Interestatal,State Highway Agency,1,Sin jurisdiccion especial,1372,45.35533333,-92.99865,Valla Ferrocarril,El primer evento no fue una colision con un vehiculo automotor en transporte,Not an Intersection,No fue interseccion,Sobre el lado de la calle,Ninguna,Dia total,Nublado,No,NO APLICA,12,15,12,20,1,12/08/2022,3
27,Minnesota,270221,0,0,1,0,37,DAKOTA (37),0,NO APLICA,6,Junio,9,2022,15,9,SR-316,3,Highway estatal,Rural,Arteria Principal,State Highway Agency,1,Sin jurisdiccion especial,33,44.64778056,-92.7722,Valla Ferrocarril,El primer evento no fue una colision con un vehiculo automotor en transporte,Not an Intersection,No fue interseccion,Sobre el lado de la calle,Ninguna,Dia total,Despejado,No,NO APLICA,15,9,15,15,1,09/06/2022,1