Estado,Nombre de Estado,Numero de Caso,Peatones,Personas _no_vehiculos,Vehiculos automotores,Vehiculos estacionados,Condado,Nombre Condado,Ciudad,Nombre Ciudad,Mes,Nombre Mes,Dia,Año,Hora,Minuto,Calle,Ruta,Nombre Ruta,Rural o Urbanoo,Sistema Funcional,Dueño Calle,Sistema Nacional Carreteras,Jurisdiccion Especial,Milla,Latitud,Longitud,Causa del Accidente,Tipo de Accidente,Tipo Interseccion,Columna1,Lugar en la calle,Zona de Trabajo,Luz,Clima,Autobus Escolar,Cruce de Trenes,Hora Notificacion,Minuto Notificacion,Hora Llegada,Minuto Llegada,Decesos,Fecha,PersonaVehiculo
27,Minnesota,270351,1,1,1,0,33,COTTONWOOD (33),4990,MOUNTAIN LAKE,10,Octubre,31,2022,11,20,CR-27 3RD AVE,4,Calle del Condado,Rural,Colector Mayor,County Highway Agency,0,Sin jurisdiccion especial,10,43.93976667,-94.92693611,Peaton,El primer evento no fue una colision con un vehiculo automotor en transporte,Four-Way Intersection,Interseccion de 4 direcciones,Sobre calle,Ninguna,Dia total,Despejado,No,NO APLICA,10,25,10,30,1,31/10/2022,1
27,Minnesota,270352,0,0,1,0,53,HENNEPIN (53),675,BLOOMINGTON,11,Noviembre,8,2022,16,3,I-494 RAMP,1,Interestatal,Urbano,Interestatal,State Highway Agency,1,Sin jurisdiccion especial,99998,44.86045833,-93.24637778,Soporte de Puente,El primer evento no fue una colision con un vehiculo automotor en transporte,Not an Intersection,No fue interseccion,Sobre el lado de la calle,Ninguna,Dia total,Nublado,No,NO APLICA,16,3,16,11,1,08/11/2022,3
27,Minnesota,270353,0,0,1,0,43,FARIBAULT (43),0,NO APLICA,11,Noviembre,4,2022,23,38,SR-22,3,Highway estatal,Rural,Arteria Menor,State Highway Agency,0,Sin jurisdiccion especial,233,43.80233056,-93.78810833,Volcadura,El primer evento no fue una colision con un vehiculo automotor en transporte,Not an Intersection,No fue interseccion,Sobre el lado de la calle,Ninguna,Oscuro sin iluminacion,Despejado,No,NO APLICA,23,38,23,47,1,04/11/2022,1
27,Minnesota,270354,0,0,2,0,21,CASS (21),0,NO APLICA,11,Noviembre,7,2022,9,49,SR-64,3,Highway estatal,Rural,Arteria Menor,State Highway Agency,0,Sin jurisdiccion especial,274,46.713025,-94.70201111,Vehiculo en movimiento,Frente a frente,Not an Intersection,No fue interseccion,Sobre calle,Ninguna,Dia total,Despejado,No,NO APLICA,9,49,10,3,1,07/11/2022,2
27,Minnesota,270355,0,0,1,0,75,LAKE (75),0,NO APLICA,11,Noviembre,6,2022,4,0,CR-31 LAX LAKE RD,4,Calle del Condado,Rural,Colector Menor,County Highway Agency,0,Sin jurisdiccion especial,35,47.35871111,-91.28262222,Culvert,El primer evento no fue una colision con un vehiculo automotor en transporte,Not an Intersection,No fue interseccion,Sobre el lado de la calle,Ninguna,Oscuro sin iluminacion,Nublado,No,NO APLICA,7,58,8,36,1,06/11/2022,1
27,Minnesota,270356,0,0,2,0,99,MOWER (99),0,NO APLICA,11,Noviembre,10,2022,17,7,CR-61 555TH AVE,4,Calle del Condado,Rural,Colector Menor,County Highway Agency,0,Sin jurisdiccion especial,8,43.68659444,-92.93977778,Animal vivo,El primer evento no fue una colision con un vehiculo automotor en transporte,Not an Intersection,No fue interseccion,Sobre calle,Ninguna,Atardecer,Nublado,No,NO APLICA,17,8,17,16,1,10/11/2022,3
27,Minnesota,270357,0,0,1,0,123,RAMSEY (123),7550,WHITE BEAR LAKE,11,Noviembre,11,2022,21,11,I-694,1,Interestatal,Urbano,Interestatal,State Highway Agency,1,Sin jurisdiccion especial,494,45.03748333,-93.01886389,Volcadura,El primer evento no fue una colision con un vehiculo automotor en transporte,Not an Intersection,No fue interseccion,Gore?,Ninguna,Oscuro con iluminacion,Nieve,No,NO APLICA,21,13,21,13,1,11/11/2022,2
27,Minnesota,270358,0,0,2,0,85,MCLEOD (85),0,NO APLICA,10,Octubre,26,2022,7,23,SR-7,3,Highway estatal,Rural,Arteria Principal,State Highway Agency,1,Sin jurisdiccion especial,1579,44.90615278,-94.05316667,Vehiculo en movimiento,Angulo,Four-Way Intersection,Interseccion de 4 direcciones,Sobre calle,Ninguna,Oscuro con iluminacion,Despejado,No,NO APLICA,7,23,7,37,1,26/10/2022,2
27,Minnesota,270359,0,0,2,0,53,HENNEPIN (53),4810,MINNETONKA MILLS,11,Noviembre,14,2022,15,50,SR-62,3,Highway estatal,Urbano,Arterial Principal -Freeway o ExpressWay,State Highway Agency,1,Sin jurisdiccion especial,1342,44.892625,-93.41993611,Barrera de Trafico de Concreto,El primer evento no fue una colision con un vehiculo automotor en transporte,Not an Intersection,No fue interseccion,Sobre el lado de la calle,Ninguna,Dia total,Nieve,Yes,NO APLICA,15,50,15,55,1,14/11/2022,2
27,Minnesota,270360,0,0,1,0,53,HENNEPIN (53),4760,MINNEAPOLIS,11,Noviembre,14,2022,22,7,I-35 RAMP,1,Interestatal,Urbano,Interestatal,State Highway Agency,1,Sin jurisdiccion especial,177,44.96943333,-93.25285278,Soporte de Puente,El primer evento no fue una colision con un vehiculo automotor en transporte,Not an Intersection,No fue interseccion,Gore?,Ninguna,Oscuro con iluminacion,Soplando nieve,No,NO APLICA,22,14,22,27,1,14/11/2022,1
27,Minnesota,270361,0,0,1,0,141,SHERBURNE (141),0,NO APLICA,9,Septiembre,4,2022,9,37,CR-9,4,Calle del Condado,Rural,Colector Mayor,County Highway Agency,0,Sin jurisdiccion especial,96,45.50129444,-93.542075,Poste de Señal de trafico,El primer evento no fue una colision con un vehiculo automotor en transporte,T-Intersection,Interseccion de T,Sobre el lado de la calle,Ninguna,Dia total,Despejado,No,NO APLICA,9,37,9,50,1,04/09/2022,1
27,Minnesota,270362,0,0,1,0,35,CROW WING (35),5600,PEQUOT LAKES,9,Septiembre,24,2022,5,30,SR-371,3,Highway estatal,Rural,Arteria Principal,State Highway Agency,1,Sin jurisdiccion especial,429,46.54734444,-94.30760833,Volcadura,El primer evento no fue una colision con un vehiculo automotor en transporte,Not an Intersection,No fue interseccion,Sobre el lado de la calle,Ninguna,Oscuro sin iluminacion,lluvia,No,NO APLICA,88,88,88,88,1,24/09/2022,1
27,Minnesota,270363,0,0,2,0,33,COTTONWOOD (33),0,NO APLICA,11,Noviembre,11,2022,18,15,US-71,2,US Highway,Rural,Arteria Principal,State Highway Agency,1,Sin jurisdiccion especial,493,44.16727222,-95.12103611,Vehiculo en movimiento,Golpe Lateral - direccion contraria,Not an Intersection,No fue interseccion,Sobre calle,Ninguna,Oscuro sin iluminacion,Otro,No,NO APLICA,99,99,99,99,1,11/11/2022,4
27,Minnesota,270364,0,0,2,0,53,HENNEPIN (53),4760,MINNEAPOLIS,11,Noviembre,18,2022,2,10,CR-36 UNIVERSITY AVE SE,4,Calle del Condado,Urbano,Arteria Menor,County Highway Agency,0,Sin jurisdiccion especial,20,44.98204444,-93.24304444,Vehiculo en movimiento,Angulo,Four-Way Intersection,Interseccion de 4 direcciones,Sobre calle,Ninguna,Oscuro con iluminacion,Nublado,No,NO APLICA,2,12,2,18,1,18/11/2022,2
27,Minnesota,270365,0,0,2,0,45,FILLMORE (45),0,NO APLICA,11,Noviembre,15,2022,8,55,US-52,2,US Highway,Rural,Arteria Principal,State Highway Agency,1,Sin jurisdiccion especial,21,43.51534444,-91.89151389,Vehiculo en movimiento,Angulo,Not an Intersection,No fue interseccion,Sobre calle,Ninguna,Dia total,Nieve,No,NO APLICA,8,56,9,7,1,15/11/2022,2
27,Minnesota,270366,0,0,2,0,3,ANOKA (3),4184,LINO LAKES,1,Enero,4,2022,6,54,CR-4 125TH AVE NE,4,Calle del Condado,Urbano,Arteria Principal,County Highway Agency,1,Sin jurisdiccion especial,118,45.19629167,-93.14255556,Vehiculo en movimiento,Angulo,T-Intersection,Interseccion de T,Sobre calle,Ninguna,Dia total,Despejado,No,NO APLICA,6,54,6,54,1,04/01/2022,3
27,Minnesota,270367,0,0,3,1,101,MURRAY (101),0,NO APLICA,6,Junio,29,2022,8,48,CR-12 166TH ST,4,Calle del Condado,Rural,Colector Mayor,County Highway Agency,0,Sin jurisdiccion especial,54,44.08735,-95.80371667,Vehiculo en movimiento,Angulo,Four-Way Intersection,Interseccion de 4 direcciones,Sobre calle,Ninguna,Dia total,Despejado,No,NO APLICA,8,52,9,3,1,29/06/2022,2
27,Minnesota,270368,0,0,2,0,53,HENNEPIN (53),4760,MINNEAPOLIS,9,Septiembre,23,2022,16,25,CR-5,4,Calle del Condado,Urbano,Arteria Menor,County Highway Agency,0,Sin jurisdiccion especial,115,44.96265278,-93.27776944,Vehiculo en movimiento,Angulo,Four-Way Intersection,Interseccion de 4 direcciones,Sobre calle,Ninguna,Dia total,lluvia,No,NO APLICA,16,25,16,30,1,23/09/2022,2
27,Minnesota,270369,1,1,1,0,53,HENNEPIN (53),820,BROOKLYN CENTER,11,Noviembre,17,2022,19,10,CR-152,4,Calle del Condado,Urbano,Arteria Menor,County Highway Agency,0,Sin jurisdiccion especial,152,45.08185,-93.33865,No vehiculo o remolque,El primer evento no fue una colision con un vehiculo automotor en transporte,Not an Intersection,No fue interseccion,Sobre calle,Ninguna,Oscuro - iluminacion desconocida,Nieve,No,NO APLICA,19,10,19,15,1,17/11/2022,1
27,Minnesota,270370,0,0,2,0,121,POPE (121),0,NO APLICA,11,Noviembre,18,2022,12,2,CR-18,4,Calle del Condado,Rural,Colector Mayor,County Highway Agency,0,Sin jurisdiccion especial,171,45.58523611,-95.41304444,Vehiculo en movimiento,Angulo,T-Intersection,Interseccion de T,Sobre calle,Ninguna,Dia total,Despejado,No,NO APLICA,12,3,12,9,1,18/11/2022,2
27,Minnesota,270371,0,0,2,0,41,DOUGLAS (41),0,NO APLICA,11,Noviembre,24,2022,16,27,SR-29,3,Highway estatal,Rural,Arteria Menor,State Highway Agency,0,Sin jurisdiccion especial,1266,46.019925,-95.31267778,Vehiculo en movimiento,Angulo,Four-Way Intersection,Interseccion de 4 direcciones,Sobre calle,Ninguna,Dia total,Despejado,No,NO APLICA,16,27,16,35,2,24/11/2022,7
27,Minnesota,270372,0,0,1,0,141,SHERBURNE (141),0,NO APLICA,11,Noviembre,27,2022,19,12,CR-6 17TH ST,4,Calle del Condado,Rural,Colector Menor,County Highway Agency,0,Sin jurisdiccion especial,83,45.54509722,-93.93993056,Acotamiento,El primer evento no fue una colision con un vehiculo automotor en transporte,T-Intersection,Interseccion de T,Sobre el lado de la calle,Ninguna,Oscuro sin iluminacion,Despejado,No,NO APLICA,19,17,19,33,1,27/11/2022,1
27,Minnesota,270373,0,0,1,0,17,CARLTON (17),0,NO APLICA,11,Noviembre,26,2022,0,0,SR-23,3,Highway estatal,Rural,Arteria Menor,State Highway Agency,0,Sin jurisdiccion especial,3123,46.42041667,-92.49096667,Arbol,El primer evento no fue una colision con un vehiculo automotor en transporte,Not an Intersection,No fue interseccion,Sobre el lado de la calle,Ninguna,Oscuro sin iluminacion,Despejado,No,NO APLICA,0,0,0,0,2,26/11/2022,2
27,Minnesota,270374,0,0,1,0,83,LYON (83),6960,TRACY,11,Noviembre,27,2022,18,1,US-14 CRAIG AVE,2,US Highway,Rural,Arteria Principal,State Highway Agency,1,Sin jurisdiccion especial,431,44.23892222,-95.60953611,Arbol,El primer evento no fue una colision con un vehiculo automotor en transporte,Not an Intersection,No fue interseccion,Sobre el lado de la calle,Ninguna,Oscuro sin iluminacion,Despejado,No,NO APLICA,18,2,18,10,1,27/11/2022,3
27,Minnesota,270375,0,0,2,0,25,CHISAGO (25),0,NO APLICA,11,Noviembre,23,2022,10,6,CR-25 OLINDA TRL,4,Calle del Condado,Urbano,Arteria Menor,County Highway Agency,0,Sin jurisdiccion especial,54,45.36498056,-92.839325,Vehiculo en movimiento,Angulo,T-Intersection,Interseccion de T,Sobre calle,Ninguna,Dia total,Despejado,No,NO APLICA,10,6,10,20,1,23/11/2022,3
27,Minnesota,270376,0,0,1,0,53,HENNEPIN (53),4760,MINNEAPOLIS,11,Noviembre,28,2022,2,35,I-94,1,Interestatal,Urbano,Interestatal,State Highway Agency,1,Sin jurisdiccion especial,2338,44.96541389,-93.26748056,Barrera de Trafico de Concreto,El primer evento no fue una colision con un vehiculo automotor en transporte,Not an Intersection,No fue interseccion,Sobre el lado de la calle,Ninguna,Oscuro con iluminacion,Despejado,No,NO APLICA,2,36,2,46,1,28/11/2022,1
27,Minnesota,270377,0,0,2,0,163,WASHINGTON (163),7716,WOODBURY,12,Diciembre,3,2022,17,43,CR-18 BAILEY RD,4,Calle del Condado,Urbano,Arteria Menor,County Highway Agency,0,Sin jurisdiccion especial,1,44.89088333,-92.97689722,Vehiculo en movimiento,Frente a frente,Not an Intersection,No fue interseccion,Sobre calle,Ninguna,Oscuro sin iluminacion,Despejado,No,NO APLICA,17,44,17,49,1,03/12/2022,3
27,Minnesota,270378,1,1,1,0,37,DAKOTA (37),956,BURNSVILLE,12,Diciembre,5,2022,17,57,SR-13,3,Highway estatal,Urbano,Arteria Principal,State Highway Agency,1,Sin jurisdiccion especial,970,44.77720556,-93.27806667,Peaton,El primer evento no fue una colision con un vehiculo automotor en transporte,Four-Way Intersection,Interseccion de 4 direcciones,Sobre calle,Ninguna,Oscuro con iluminacion,Nieve,No,NO APLICA,17,57,17,59,1,05/12/2022,1
27,Minnesota,270379,1,1,1,0,111,OTTER TAIL (111),0,NO APLICA,12,Diciembre,5,2022,18,31,SR-78,3,Highway estatal,Rural,Arteria Menor,State Highway Agency,0,Sin jurisdiccion especial,431,46.48981389,-95.57539444,Peaton,El primer evento no fue una colision con un vehiculo automotor en transporte,Not an Intersection,No fue interseccion,Sobre calle,Ninguna,Oscuro sin iluminacion,Despejado,No,NO APLICA,18,34,18,41,1,05/12/2022,1
27,Minnesota,270380,0,0,2,0,173,YELLOW MEDICINE (173),0,NO APLICA,11,Noviembre,28,2022,7,21,US-59,2,US Highway,Rural,Arteria Menor,State Highway Agency,0,Sin jurisdiccion especial,990,44.80540278,-95.80899444,Vehiculo en movimiento,Angulo,Four-Way Intersection,Interseccion de 4 direcciones,Sobre calle,Ninguna,Amanecer,Despejado,No,NO APLICA,7,21,7,27,1,28/11/2022,3
27,Minnesota,270381,0,0,1,0,53,HENNEPIN (53),2886,GREENFIELD,5,Mayo,29,2022,14,43,71ST LA N,6,Calle Local Municipalidad,Rural,Local,City or Municipal Highway Agency,0,Sin jurisdiccion especial,3,45.08476667,-93.65099444,Volcadura,El primer evento no fue una colision con un vehiculo automotor en transporte,Not an Intersection,No fue interseccion,Sobre calle,Ninguna,Dia total,Despejado,No,NO APLICA,14,44,14,51,1,29/05/2022,1
27,Minnesota,270382,0,0,2,0,55,HOUSTON (55),0,NO APLICA,12,Diciembre,2,2022,15,51,SR-26,3,Highway estatal,Rural,Arteria Menor,State Highway Agency,0,Sin jurisdiccion especial,48,43.56991667,-91.27922778,Vehiculo en movimiento,Frente a frente,Not an Intersection,No fue interseccion,Sobre calle,Ninguna,Dia total,Nublado,No,NO APLICA,16,5,16,28,2,02/12/2022,2
27,Minnesota,270383,0,0,1,0,101,MURRAY (101),0,NO APLICA,12,Diciembre,7,2022,4,29,CR-38 210TH AVE,4,Calle del Condado,Rural,Colector Mayor,County Highway Agency,0,Sin jurisdiccion especial,50,44.02125833,-95.64358611,Volcadura,El primer evento no fue una colision con un vehiculo automotor en transporte,Not an Intersection,No fue interseccion,Sobre el lado de la calle,Ninguna,Oscuro sin iluminacion,Despejado,No,NO APLICA,4,46,5,1,1,07/12/2022,1
27,Minnesota,270384,0,0,2,0,1,AITKIN (1),50,AITKIN,10,Octubre,14,2022,13,40,US-169,2,US Highway,Rural,Arteria Principal,State Highway Agency,1,Sin jurisdiccion especial,2490,46.533375,-93.70671111,Vehiculo en movimiento,Frente a frente,Four-Way Intersection,Interseccion de 4 direcciones,Sobre calle,Ninguna,Dia total,lluvia,No,NO APLICA,13,41,13,48,1,14/10/2022,3
27,Minnesota,270385,1,1,1,0,123,RAMSEY (123),4536,MAPLEWOOD,12,Diciembre,9,2022,21,50,CR-68,4,Calle del Condado,Urbano,Arteria Menor,County Highway Agency,0,Sin jurisdiccion especial,41,44.96146111,-93.00486667,Peaton,El primer evento no fue una colision con un vehiculo automotor en transporte,Not Reported,No reportado,Sobre calle,Ninguna,Oscuro con iluminacion,Nieve,No,NO APLICA,22,0,22,15,1,09/12/2022,1
27,Minnesota,270386,0,0,1,0,145,STEARNS (145),9997,Other,12,Diciembre,10,2022,22,25,23RD AVE,6,Calle Local Municipalidad,Rural,Local,City or Municipal Highway Agency,0,Sin jurisdiccion especial,5,45.44172778,-94.15856667,Volcadura,El primer evento no fue una colision con un vehiculo automotor en transporte,Not an Intersection,No fue interseccion,Sobre el lado de la calle,Ninguna,Oscuro sin iluminacion,Despejado,No,NO APLICA,22,34,22,49,1,10/12/2022,1
27,Minnesota,270387,0,0,2,1,53,HENNEPIN (53),4760,MINNEAPOLIS,12,Diciembre,11,2022,22,36,UPTON AVE N,6,Calle Local Municipalidad,Urbano,Local,City or Municipal Highway Agency,0,Sin jurisdiccion especial,11,45.02576111,-93.31482222,Arbol,El primer evento no fue una colision con un vehiculo automotor en transporte,Not an Intersection,No fue interseccion,Sobre el lado de la calle,Ninguna,Oscuro con iluminacion,Nublado,No,NO APLICA,22,36,22,99,1,11/12/2022,1
27,Minnesota,270388,0,0,1,0,53,HENNEPIN (53),4760,MINNEAPOLIS,12,Diciembre,12,2022,2,26,I-35W,1,Interestatal,Urbano,Interestatal,State Highway Agency,1,Sin jurisdiccion especial,205,45.00227222,-93.23208056,Volcadura,El primer evento no fue una colision con un vehiculo automotor en transporte,Not an Intersection,No fue interseccion,Sobre el lado de la calle,Ninguna,Oscuro con iluminacion,Despejado,No,NO APLICA,2,29,2,34,1,12/12/2022,4
27,Minnesota,270389,0,0,1,0,53,HENNEPIN (53),4760,MINNEAPOLIS,12,Diciembre,15,2022,1,51,SR-62,3,Highway estatal,Urbano,Arterial Principal -Freeway o ExpressWay,State Highway Agency,1,Sin jurisdiccion especial,1443,44.89733889,-93.22351944,Acotamiento,El primer evento no fue una colision con un vehiculo automotor en transporte,Not an Intersection,No fue interseccion,Sobre el lado de la calle,Ninguna,Oscuro sin iluminacion,Nieve,No,NO APLICA,99,99,99,99,1,15/12/2022,1
27,Minnesota,270390,0,0,2,0,129,RENVILLE (129),0,NO APLICA,10,Octubre,18,2022,9,35,SR-4,3,Highway estatal,Rural,Arteria Menor,State Highway Agency,0,Sin jurisdiccion especial,807,44.52894444,-94.71068056,Vehiculo en movimiento,Angulo,Four-Way Intersection,Interseccion de 4 direcciones,Sobre calle,Ninguna,Dia total,Despejado,No,NO APLICA,9,35,9,45,1,18/10/2022,3
27,Minnesota,270391,0,0,2,0,3,ANOKA (3),2560,FRIDLEY,12,Diciembre,17,2022,0,44,I-694,1,Interestatal,Urbano,Interestatal,State Highway Agency,1,Sin jurisdiccion especial,358,45.068875,-93.26371667,Vehiculo en movimiento,Frente a Detrás,Not an Intersection,No fue interseccion,Sobre calle,Ninguna,Oscuro con iluminacion,Nieve,No,NO APLICA,0,44,0,53,1,17/12/2022,3
27,Minnesota,270392,0,0,2,0,53,HENNEPIN (53),4760,MINNEAPOLIS,12,Diciembre,11,2022,0,40,CR-152,4,Calle del Condado,Urbano,Arteria Menor,County Highway Agency,0,Sin jurisdiccion especial,105,45.03156944,-93.28813333,Vehiculo en movimiento,Angulo,Four-Way Intersection,Interseccion de 4 direcciones,Sobre calle,Ninguna,Oscuro con iluminacion,Despejado,No,NO APLICA,0,40,0,48,1,11/12/2022,2
27,Minnesota,270393,0,0,2,0,37,DAKOTA (37),3120,HASTINGS,12,Diciembre,8,2022,18,26,US-61,2,US Highway,Urbano,Arteria Principal,State Highway Agency,1,Sin jurisdiccion especial,1161,44.73226111,-92.85246944,Vehiculo en movimiento,Angulo,Four-Way Intersection,Interseccion de 4 direcciones,Sobre calle,Ninguna,Oscuro con iluminacion,Despejado,No,NO APLICA,18,27,18,45,1,08/12/2022,3
27,Minnesota,270394,0,0,2,0,143,SIBLEY (143),0,NO APLICA,12,Diciembre,16,2022,11,26,SR-25,3,Highway estatal,Rural,Arteria Menor,State Highway Agency,0,Sin jurisdiccion especial,27,44.64820278,-93.77437222,Vehiculo en movimiento,Frente a frente,Not an Intersection,No fue interseccion,Sobre calle,Ninguna,Dia total,Nublado,No,NO APLICA,11,31,11,32,1,16/12/2022,3
27,Minnesota,270395,0,0,2,0,141,SHERBURNE (141),6250,ST. CLOUD,12,Diciembre,22,2022,14,30,20TH AVE,6,Calle Local Municipalidad,Urbano,Local,City or Municipal Highway Agency,0,Sin jurisdiccion especial,8,45.54029167,-94.127775,Vehiculo en movimiento,Frente a frente,Not an Intersection,No fue interseccion,Sobre calle,Ninguna,Dia total,Despejado,No,NO APLICA,14,30,14,35,1,22/12/2022,3
27,Minnesota,270396,0,0,2,0,137,ST LOUIS (137),4980,MOUNTAIN IRON,12,Diciembre,14,2022,12,49,US-169,2,US Highway,Urbano,Arteria Principal,State Highway Agency,1,Sin jurisdiccion especial,3578,47.519025,-92.57030833,Vehiculo en movimiento,Angulo,Four-Way Intersection,Interseccion de 4 direcciones,Sobre calle,Ninguna,Dia total,Nublado,No,NO APLICA,12,50,12,56,1,14/12/2022,2
27,Minnesota,270397,0,0,1,0,81,LINCOLN (81),0,NO APLICA,12,Diciembre,30,2022,0,18,CR-10,4,Calle del Condado,Rural,Local,County Highway Agency,0,Sin jurisdiccion especial,16,44.24049722,-96.42015833,Volcadura,El primer evento no fue una colision con un vehiculo automotor en transporte,Not an Intersection,No fue interseccion,Sobre el lado de la calle,Ninguna,Oscuro sin iluminacion,Nieve,No,NO APLICA,0,18,0,39,1,30/12/2022,1
27,Minnesota,270398,0,0,1,0,123,RAMSEY (123),6330,ST. PAUL,12,Diciembre,30,2022,19,55,I-35,1,Interestatal,Urbano,Interestatal,State Highway Agency,1,Sin jurisdiccion especial,1074,44.9509,-93.09978611,Barrera de Trafico de Concreto,El primer evento no fue una colision con un vehiculo automotor en transporte,Not an Intersection,No fue interseccion,En el medio,Ninguna,Oscuro con iluminacion,Despejado,No,NO APLICA,19,59,20,12,1,30/12/2022,1
27,Minnesota,270399,1,1,1,0,99,MOWER (99),290,AUSTIN,12,Diciembre,30,2022,23,15,OAKLAND PL SE,6,Calle Local Municipalidad,Urbano,Arteria Menor,City or Municipal Highway Agency,0,Sin jurisdiccion especial,10,43.66691944,-92.95499722,Peaton,El primer evento no fue una colision con un vehiculo automotor en transporte,Y-Intersection,Interseccion de Y,Sobre calle,Ninguna,Oscuro con iluminacion,Neblina o Humo,No,NO APLICA,23,18,23,24,1,30/12/2022,1
27,Minnesota,270400,0,0,1,0,101,MURRAY (101),0,NO APLICA,12,Diciembre,31,2022,13,46,SR-30,3,Highway estatal,Rural,Arteria Menor,State Highway Agency,0,Sin jurisdiccion especial,517,44.05083056,-95.54987778,Suelo,El primer evento no fue una colision con un vehiculo automotor en transporte,T-Intersection,Interseccion de T,Sobre el lado de la calle,Ninguna,Dia total,Despejado,No,NO APLICA,13,47,14,0,1,31/12/2022,2
27,Minnesota,270401,2,2,1,0,53,HENNEPIN (53),4760,MINNEAPOLIS,9,Septiembre,17,2022,18,24,CR-5,4,Calle del Condado,Urbano,Colector Mayor,County Highway Agency,0,Sin jurisdiccion especial,150,44.97226111,-93.21878333,Peaton,El primer evento no fue una colision con un vehiculo automotor en transporte,Four-Way Intersection,Interseccion de 4 direcciones,Sobre calle,Ninguna,Dia total,Despejado,No,NO APLICA,18,24,18,30,1,17/09/2022,1
27,Minnesota,270402,0,0,4,1,145,STEARNS (145),6250,ST. CLOUD,12,Diciembre,12,2022,11,8,10TH ST N,6,Calle Local Municipalidad,Urbano,Local,City or Municipal Highway Agency,0,Sin jurisdiccion especial,3,45.56955556,-94.20194167,Vehiculo en movimiento,Angulo,Four-Way Intersection,Interseccion de 4 direcciones,Sobre calle,Ninguna,Dia total,Nublado,No,NO APLICA,99,99,99,99,1,12/12/2022,3
27,Minnesota,270403,1,1,2,0,157,WABASHA (157),0,NO APLICA,12,Diciembre,30,2022,16,10,SR-42,3,Highway estatal,Rural,Arteria Menor,State Highway Agency,0,Sin jurisdiccion especial,290,44.28220833,-92.02120833,Peaton,El primer evento no fue una colision con un vehiculo automotor en transporte,Not an Intersection,No fue interseccion,Sobre calle,Ninguna,Dia total,Despejado,No,NO APLICA,16,10,16,20,1,30/12/2022,1
27,Minnesota,270404,0,0,2,0,109,OLMSTED (109),5960,ROCHESTER,9,Septiembre,7,2022,18,14,W CENTER ST,6,Calle Local Municipalidad,Urbano,Colector Menor,City or Municipal Highway Agency,0,Sin jurisdiccion especial,4,44.02358611,-92.47893333,Vehiculo en movimiento,Angulo,Four-Way Intersection,Interseccion de 4 direcciones,Sobre calle,Ninguna,Atardecer,Despejado,No,NO APLICA,18,14,18,16,1,07/09/2022,3
27,Minnesota,270405,0,0,1,0,13,BLUE EARTH (13),0,NO APLICA,9,Septiembre,3,2022,8,35,CR-42,4,Calle del Condado,Rural,Arteria Menor,County Highway Agency,0,Sin jurisdiccion especial,28,44.19936667,-94.19525556,Animal vivo,El primer evento no fue una colision con un vehiculo automotor en transporte,Not an Intersection,No fue interseccion,Sobre calle,Ninguna,Dia total,Despejado,No,NO APLICA,8,37,8,50,1,03/09/2022,1
27,Minnesota,270406,0,0,2,0,141,SHERBURNE (141),0,NO APLICA,10,Octubre,30,2022,21,19,CR-2,4,Calle del Condado,Rural,Colector Mayor,County Highway Agency,0,Sin jurisdiccion especial,17,45.54472778,-93.56815,Vehiculo en movimiento,Frente a frente,Not an Intersection,No fue interseccion,Sobre calle,Ninguna,Oscuro con iluminacion,Despejado,No,NO APLICA,22,22,22,27,1,30/10/2022,3
27,Minnesota,270407,0,0,1,0,163,WASHINGTON (163),4561,MARINE ON ST CROIX,10,Octubre,28,2022,20,30,CR-4,4,Calle del Condado,Rural,Arteria Menor,County Highway Agency,0,Sin jurisdiccion especial,103,45.20878889,-92.78466389,Soporte de Puente,El primer evento no fue una colision con un vehiculo automotor en transporte,Not an Intersection,No fue interseccion,Sobre el lado de la calle,Ninguna,Oscuro sin iluminacion,Despejado,No,NO APLICA,20,34,20,43,1,28/10/2022,1
27,Minnesota,270408,1,1,1,0,53,HENNEPIN (53),4760,MINNEAPOLIS,10,Octubre,29,2022,23,16,CR-2,4,Calle del Condado,Urbano,Arteria Menor,County Highway Agency,0,Sin jurisdiccion especial,42,45.03147222,-93.30848333,Peaton,El primer evento no fue una colision con un vehiculo automotor en transporte,Four-Way Intersection,Interseccion de 4 direcciones,Sobre calle,Ninguna,Oscuro con iluminacion,Despejado,No,NO APLICA,23,17,23,27,1,29/10/2022,3
27,Minnesota,270409,0,0,2,0,53,HENNEPIN (53),3410,HOPKINS,10,Octubre,12,2022,9,57,US-169,2,US Highway,Urbano,Arterial Principal -Freeway o ExpressWay,State Highway Agency,1,Sin jurisdiccion especial,1241,44.92249167,-93.40138611,Vehiculo en movimiento,Golpe Lateral - misma direccion,Not an Intersection,No fue interseccion,Sobre calle,Ninguna,Dia total,Despejado,No,NO APLICA,99,99,99,99,1,12/10/2022,2
27,Minnesota,270410,0,0,1,0,53,HENNEPIN (53),4760,MINNEAPOLIS,10,Octubre,19,2022,21,25,EMERSON AVE S,6,Calle Local Municipalidad,Urbano,Colector Mayor,City or Municipal Highway Agency,0,Sin jurisdiccion especial,3,44.94128611,-93.29446111,Arbol,El primer evento no fue una colision con un vehiculo automotor en transporte,Four-Way Intersection,Interseccion de 4 direcciones,Sobre el lado de la calle,Ninguna,Oscuro con iluminacion,Despejado,No,NO APLICA,21,25,21,28,1,19/10/2022,1
27,Minnesota,270411,1,1,1,0,123,RAMSEY (123),6330,ST. PAUL,11,Noviembre,9,2022,17,26,CR-49 N RICE ST,4,Calle del Condado,Urbano,Arteria Menor,County Highway Agency,0,Sin jurisdiccion especial,24,44.99006944,-93.10584444,Peaton,El primer evento no fue una colision con un vehiculo automotor en transporte,Four-Way Intersection,Interseccion de 4 direcciones,Sobre calle,Ninguna,Oscuro con iluminacion,lluvia,No,NO APLICA,17,26,17,33,1,09/11/2022,3