Estado,Nombre de Estado,Numero de Caso,Peatones,Personas _no_vehiculos,Vehiculos automotores,Vehiculos estacionados,Condado,Nombre Condado,Ciudad,Nombre Ciudad,Mes,Nombre Mes,Dia,Año,Hora,Minuto,Calle,Ruta,Nombre Ruta,Rural o Urbanoo,Sistema Funcional,Dueño Calle,Sistema Nacional Carreteras,Jurisdiccion Especial,Milla,Latitud,Longitud,Causa del Accidente,Tipo de Accidente,Tipo Interseccion,Columna1,Lugar en la calle,Zona de Trabajo,Luz,Clima,Autobus Escolar,Cruce de Trenes,Hora Notificacion,Minuto Notificacion,Hora Llegada,Minuto Llegada,Decesos,Fecha,PersonaVehiculo
27,Minnesota,270412,1,1,1,0,53,HENNEPIN (53),4760,MINNEAPOLIS,7,Julio,24,2022,3,3,E 28TH ST,6,Calle Local Municipalidad,Urbano,Arteria Menor,City or Municipal Highway Agency,0,Sin jurisdiccion especial,22,44.95194167,-93.25238056,Peaton,El primer evento no fue una colision con un vehiculo automotor en transporte,Four-Way Intersection,Interseccion de 4 direcciones,Sobre calle,Ninguna,Oscuro sin iluminacion,Despejado,No,NO APLICA,3,3,3,10,1,24/07/2022,1
27,Minnesota,270413,1,1,1,0,37,DAKOTA (37),202,APPLE VALLEY,10,Octubre,30,2022,2,16,CR-42,4,Calle del Condado,Urbano,Arteria Principal,County Highway Agency,1,Sin jurisdiccion especial,63,44.73198889,-93.20726667,Peaton,El primer evento no fue una colision con un vehiculo automotor en transporte,Four-Way Intersection,Interseccion de 4 direcciones,Sobre calle,Ninguna,Oscuro con iluminacion,Despejado,No,NO APLICA,2,16,2,18,1,30/10/2022,2
27,Minnesota,270414,0,0,2,0,161,WASECA (161),7370,WASECA,9,Septiembre,26,2022,14,1,CR-14,4,Calle del Condado,Urbano,Arteria Menor,County Highway Agency,0,Sin jurisdiccion especial,133,44.07755833,-93.49690833,Vehiculo en movimiento,Angulo,Four-Way Intersection,Interseccion de 4 direcciones,Sobre calle,Ninguna,Dia total,Despejado,No,NO APLICA,14,2,14,2,1,26/09/2022,4
27,Minnesota,270415,0,0,1,0,123,RAMSEY (123),6330,ST. PAUL,5,Mayo,31,2022,6,50,E WHEELOCK PKWY,6,Calle Local Municipalidad,Urbano,Colector Mayor,City or Municipal Highway Agency,0,Sin jurisdiccion especial,28,44.97998611,-93.05063611,Banqueta,El primer evento no fue una colision con un vehiculo automotor en transporte,Not an Intersection,No fue interseccion,Sobre el lado de la calle,Ninguna,Amanecer,Despejado,No,NO APLICA,6,51,6,56,1,31/05/2022,1
27,Minnesota,270416,0,0,2,0,169,WINONA (169),7660,WINONA,9,Septiembre,24,2022,12,30,BRUSKI DR,6,Calle Local Municipalidad,Urbano,Colector Menor,City or Municipal Highway Agency,0,Sin jurisdiccion especial,1,44.03095556,-91.61971667,Vehiculo en movimiento,Angulo,Four-Way Intersection,Interseccion de 4 direcciones,Sobre calle,Ninguna,Dia total,Despejado,No,NO APLICA,12,33,12,33,1,24/09/2022,2
27,Minnesota,270417,0,0,2,0,111,OTTER TAIL (111),2360,FERGUS FALLS,12,Diciembre,28,2022,12,18,SR-210,3,Highway estatal,Urbano,Arteria Principal,State Highway Agency,1,Sin jurisdiccion especial,288,46.26981667,-96.05635278,Vehiculo en movimiento,Frente a frente,Four-Way Intersection,Interseccion de 4 direcciones,Sobre calle,Ninguna,Dia total,Despejado,No,NO APLICA,12,18,12,23,1,28/12/2022,3
27,Minnesota,270419,0,0,1,0,137,ST LOUIS (137),0,NO APLICA,11,Noviembre,29,2022,14,25,CR-132,4,Calle del Condado,Rural,Colector Mayor,County Highway Agency,0,Sin jurisdiccion especial,11,47.41216667,-92.51606389,Poste de Señal de trafico,El primer evento no fue una colision con un vehiculo automotor en transporte,Not an Intersection,No fue interseccion,Sobre el lado de la calle,Ninguna,Dia total,Nublado,No,NO APLICA,99,99,99,99,1,29/11/2022,1
27,Minnesota,270420,0,0,2,0,99,MOWER (99),0,NO APLICA,11,Noviembre,24,2022,10,52,CR-20,4,Calle del Condado,Rural,Colector Menor,County Highway Agency,0,Sin jurisdiccion especial,34,43.68871667,-92.78957778,Vehiculo en movimiento,Angulo,Four-Way Intersection,Interseccion de 4 direcciones,Sobre calle,Ninguna,Dia total,Neblina o Humo,No,NO APLICA,99,99,99,99,1,24/11/2022,3
27,Minnesota,270421,0,0,1,0,137,ST LOUIS (137),1900,DULUTH,7,Julio,22,2022,19,49,I-535 N BLATNICK BRIDGE,1,Interestatal,Urbano,Interestatal,State Highway Agency,1,Sin jurisdiccion especial,1,88.8888,888.8888,Barrera de Trafico de Concreto,El primer evento no fue una colision con un vehiculo automotor en transporte,Not an Intersection,No fue interseccion,En el medio,Construccion,Dia total,Despejado,No,NO APLICA,19,49,19,57,1,22/07/2022,1
27,Minnesota,270422,0,0,2,1,19,CARVER (19),7230,WACONIA,8,Agosto,13,2022,4,15,OAK AVE,6,Calle Local Municipalidad,Urbano,Local,City or Municipal Highway Agency,0,Sin jurisdiccion especial,2,44.82981944,-93.80856667,Vehiculo Aparcado,El primer evento no fue una colision con un vehiculo automotor en transporte,Not an Intersection,No fue interseccion,Fuera de la calle,Construccion,Oscuro con iluminacion,Despejado,No,NO APLICA,4,19,4,22,1,13/08/2022,2
27,Minnesota,270423,0,0,1,0,173,YELLOW MEDICINE (173),5740,PORTER,9,Septiembre,6,2022,18,34,SR-68,3,Highway estatal,Rural,Arteria Menor,State Highway Agency,0,Sin jurisdiccion especial,159,44.63795,-96.17543333,Otro objeto (no fijo),El primer evento no fue una colision con un vehiculo automotor en transporte,Not an Intersection,No fue interseccion,Sobre calle,Construccion,Dia total,Despejado,No,NO APLICA,18,34,18,44,1,06/09/2022,1
27,Minnesota,270424,0,0,2,0,19,CARVER (19),1170,CHANHASSEN,12,Diciembre,1,2022,15,26,CR-61,4,Calle del Condado,Urbano,Arteria Menor,County Highway Agency,0,Sin jurisdiccion especial,69,44.815725,-93.52445556,Vehiculo en movimiento,Frente a frente,Not an Intersection,No fue interseccion,Sobre calle,Ninguna,Dia total,Despejado,No,NO APLICA,15,30,15,99,1,01/12/2022,4
27,Minnesota,270425,1,1,1,0,53,HENNEPIN (53),4760,MINNEAPOLIS,12,Diciembre,8,2022,17,51,1ST AVE S,6,Calle Local Municipalidad,Urbano,Local,City or Municipal Highway Agency,0,Sin jurisdiccion especial,7,44.94143056,-93.27664722,Peaton,El primer evento no fue una colision con un vehiculo automotor en transporte,Four-Way Intersection,Interseccion de 4 direcciones,Sobre calle,Ninguna,Oscuro con iluminacion,Nublado,No,NO APLICA,17,52,18,6,1,08/12/2022,1
27,Minnesota,270426,1,1,1,0,53,HENNEPIN (53),820,BROOKLYN CENTER,4,Abril,6,2022,20,42,CR-152,4,Calle del Condado,Urbano,Arteria Menor,County Highway Agency,0,Sin jurisdiccion especial,154,45.08349722,-93.3405,No vehiculo o remolque,El primer evento no fue una colision con un vehiculo automotor en transporte,Not an Intersection,No fue interseccion,Sobre calle,Ninguna,Oscuro con iluminacion,lluvia,No,NO APLICA,99,99,99,99,1,06/04/2022,1
27,Minnesota,270427,1,1,1,0,115,PINE (115),3320,HINCKLEY,5,Mayo,5,2022,23,9,OSHKI ODENA ST,6,Calle Local Municipalidad,Rural,Local,City or Municipal Highway Agency,0,Sin jurisdiccion especial,1,46.00407222,-92.89588333,Peaton,El primer evento no fue una colision con un vehiculo automotor en transporte,Not an Intersection,No fue interseccion,Sobre calle,Ninguna,Oscuro sin iluminacion,Despejado,No,NO APLICA,99,99,99,99,1,05/05/2022,1
27,Minnesota,270428,0,0,1,0,25,CHISAGO (25),3100,HARRIS,5,Mayo,12,2022,8,16,GOOSE CREEK REST AREA,8,Otro,Trafficway Not in State Inventory,Via no en inventario estatal,Trafficway Not in State Inventory,0,Sin jurisdiccion especial,22,45.59733889,-92.99446389,Arbol,El primer evento no fue una colision con un vehiculo automotor en transporte,Not an Intersection,No fue interseccion,Sobre el lado de la calle,Ninguna,Dia total,Nublado,No,NO APLICA,99,99,99,99,1,12/05/2022,2
27,Minnesota,270429,0,0,1,0,53,HENNEPIN (53),4760,MINNEAPOLIS,5,Mayo,18,2022,16,54,CR-152 N WASHINGTON AVE,4,Calle del Condado,Urbano,Arteria Menor,County Highway Agency,0,Sin jurisdiccion especial,102,45.02931389,-93.28626944,Alguien se cayo/avento del vehiculo,El primer evento no fue una colision con un vehiculo automotor en transporte,T-Intersection,Interseccion de T,Sobre calle,Ninguna,Dia total,lluvia,No,NO APLICA,99,99,99,99,1,18/05/2022,1
27,Minnesota,270430,0,0,1,0,137,ST LOUIS (137),1900,DULUTH,8,Agosto,28,2022,18,20,LUZERNE RD,6,Calle Local Municipalidad,Urbano,Local,City or Municipal Highway Agency,0,Sin jurisdiccion especial,5,46.86441667,-92.13223056,Volcadura,El primer evento no fue una colision con un vehiculo automotor en transporte,Not an Intersection,No fue interseccion,Sobre calle,Ninguna,Dia total,Nublado,No,NO APLICA,99,99,99,99,1,28/08/2022,1
27,Minnesota,270431,0,0,2,0,17,CARLTON (17),0,NO APLICA,10,Octubre,16,2022,16,20,SR-210,3,Highway estatal,Rural,Arteria Principal,State Highway Agency,1,Reservacion India,2086,46.67131667,-92.634175,Vehiculo en movimiento,Angulo,Four-Way Intersection,Interseccion de 4 direcciones,Sobre calle,Ninguna,Dia total,Despejado,No,NO APLICA,99,99,99,99,1,16/10/2022,2
27,Minnesota,270432,0,0,1,0,13,BLUE EARTH (13),0,NO APLICA,11,Noviembre,2,2022,22,1,US-169,2,US Highway,Urbano,Arteria Principal,State Highway Agency,1,Sin jurisdiccion especial,505,44.15259167,-94.05113056,Volcadura,El primer evento no fue una colision con un vehiculo automotor en transporte,Not an Intersection,No fue interseccion,En el medio,Ninguna,Oscuro sin iluminacion,Despejado,No,NO APLICA,99,99,99,99,1,02/11/2022,2
27,Minnesota,270433,0,0,1,0,157,WABASHA (157),0,NO APLICA,9,Septiembre,19,2022,23,28,CR-17,4,Calle del Condado,Rural,Colector Menor,County Highway Agency,0,Sin jurisdiccion especial,45,44.32432778,-92.33398611,Animal vivo,El primer evento no fue una colision con un vehiculo automotor en transporte,Not an Intersection,No fue interseccion,Sobre calle,Ninguna,Oscuro sin iluminacion,Nublado,No,NO APLICA,99,99,99,99,1,19/09/2022,2
27,Minnesota,270434,1,1,1,0,3,ANOKA (3),2560,FRIDLEY,12,Diciembre,16,2022,17,34,CR-1 EAST RIVER RD NE,4,Calle del Condado,Urbano,Arteria Menor,County Highway Agency,0,Sin jurisdiccion especial,32,45.07876944,-93.27323889,Peaton,El primer evento no fue una colision con un vehiculo automotor en transporte,Four-Way Intersection,Interseccion de 4 direcciones,Sobre calle,Ninguna,Oscuro con iluminacion,Nieve,No,NO APLICA,17,19,17,20,1,16/12/2022,1
27,Minnesota,270435,0,0,1,0,27,CLAY (27),4880,MOORHEAD,4,Abril,4,2022,18,15,I-94 RAMP,1,Interestatal,Urbano,Interestatal,State Highway Agency,1,Sin jurisdiccion especial,29,46.84828611,-96.71849167,Volcadura,El primer evento no fue una colision con un vehiculo automotor en transporte,Not an Intersection,No fue interseccion,Sobre el lado de la calle,Ninguna,Dia total,Nublado,No,NO APLICA,99,98,99,98,1,04/04/2022,1
27,Minnesota,270436,0,0,1,0,53,HENNEPIN (53),4760,MINNEAPOLIS,11,Noviembre,21,2022,2,25,MU-225 12TH ST S,6,Calle Local Municipalidad,Urbano,Arteria Menor,City or Municipal Highway Agency,0,Sin jurisdiccion especial,1,44.97022778,-93.27217778,Soporte de  señalamiento de transito,El primer evento no fue una colision con un vehiculo automotor en transporte,Four-Way Intersection,Interseccion de 4 direcciones,Sobre el lado de la calle,Ninguna,Oscuro con iluminacion,Reportado como desconocido,No,NO APLICA,2,26,2,30,1,21/11/2022,2
28,Mississippi,280001,0,0,1,0,121,RANKIN (121),300,BRANDON,1,Enero,1,2022,0,1,I-20,1,Interestatal,Urbano,Interestatal,State Highway Agency,1,Sin jurisdiccion especial,99998,32.27995556,-90.02156389,Valla Ferrocarril,El primer evento no fue una colision con un vehiculo automotor en transporte,Not an Intersection,No fue interseccion,Sobre el lado de la calle,Ninguna,Oscuro sin iluminacion,Nublado,No,NO APLICA,99,99,99,99,1,01/01/2022,2
28,Mississippi,280002,0,0,1,0,49,HINDS (49),0,NO APLICA,1,Enero,1,2022,4,38,I-20,1,Interestatal,Rural,Interestatal,State Highway Agency,1,Sin jurisdiccion especial,99998,32.35904167,-90.54253056,Barda,El primer evento no fue una colision con un vehiculo automotor en transporte,Not an Intersection,No fue interseccion,Sobre el lado de la calle,Ninguna,Oscuro sin iluminacion,Despejado,No,NO APLICA,4,40,5,3,1,01/01/2022,1
28,Mississippi,280003,0,0,2,0,161,YALOBUSHA (161),0,NO APLICA,1,Enero,4,2022,15,26,SR-330,3,Highway estatal,Rural,Arteria Menor,State Highway Agency,0,Sin jurisdiccion especial,99998,33.97100556,-89.66628611,Vehiculo en movimiento,Frente a frente,Not an Intersection,No fue interseccion,Sobre calle,Ninguna,Dia total,Despejado,No,NO APLICA,99,99,99,99,2,04/01/2022,3
28,Mississippi,280004,0,0,2,0,147,WALTHALL (147),0,NO APLICA,1,Enero,4,2022,16,37,US-98,2,US Highway,Rural,Arteria Principal,State Highway Agency,1,Sin jurisdiccion especial,99998,31.13030833,-90.10440556,Vehiculo en movimiento,Angulo,Four-Way Intersection,Interseccion de 4 direcciones,Sobre calle,Ninguna,Dia total,Despejado,No,NO APLICA,99,99,99,99,1,04/01/2022,2
28,Mississippi,280005,0,0,2,0,31,COVINGTON (31),0,NO APLICA,1,Enero,5,2022,10,6,US-49,2,US Highway,Rural,Arteria Principal,State Highway Agency,1,Sin jurisdiccion especial,99998,31.55980833,-89.51054444,Vehiculo en movimiento,Angulo,T-Intersection,Interseccion de T,Sobre calle,Ninguna,Dia total,Despejado,No,NO APLICA,10,8,10,17,3,05/01/2022,6
28,Mississippi,280006,0,0,2,0,57,ITAWAMBA (57),0,NO APLICA,1,Enero,5,2022,15,1,I-22,1,Interestatal,Rural,Interestatal,State Highway Agency,1,Sin jurisdiccion especial,99998,34.2225,-88.29446111,Vehiculo en movimiento,Golpe Lateral - misma direccion,Not an Intersection,No fue interseccion,Sobre calle,Ninguna,Dia total,Despejado,No,NO APLICA,99,99,99,99,1,05/01/2022,2
28,Mississippi,280007,0,0,1,0,33,DE SOTO (33),1285,LAKE CORMORANT,1,Enero,7,2022,21,0,STARLANDING RD,6,Calle Local Municipalidad,Rural,Colector Mayor,City or Municipal Highway Agency,0,Sin jurisdiccion especial,99998,34.90413889,-90.15162222,Acotamiento,El primer evento no fue una colision con un vehiculo automotor en transporte,Not an Intersection,No fue interseccion,Sobre el lado de la calle,Ninguna,Oscuro sin iluminacion,Despejado,No,NO APLICA,99,98,99,98,1,07/01/2022,1
28,Mississippi,280008,0,0,1,0,111,PERRY (111),0,NO APLICA,1,Enero,9,2022,2,6,CR-278,4,Calle del Condado,Rural,Colector Mayor,County Highway Agency,0,Sin jurisdiccion especial,99998,31.22725278,-88.97683889,Zanja,El primer evento no fue una colision con un vehiculo automotor en transporte,Not an Intersection,No fue interseccion,Sobre el lado de la calle,Ninguna,Oscuro sin iluminacion,lluvia,No,NO APLICA,99,99,99,99,1,09/01/2022,2
28,Mississippi,280009,1,1,1,0,51,HOLMES (51),740,DURANT,1,Enero,9,2022,17,0,US-51,2,US Highway,Rural,Arteria Principal,State Highway Agency,1,Sin jurisdiccion especial,99998,33.0761,-89.85389444,Peaton,El primer evento no fue una colision con un vehiculo automotor en transporte,Not an Intersection,No fue interseccion,Sobre calle,Ninguna,Atardecer,Despejado,No,NO APLICA,99,98,99,98,1,09/01/2022,1
28,Mississippi,280010,0,0,2,0,113,PIKE (113),0,NO APLICA,1,Enero,13,2022,15,57,I-55,1,Interestatal,Rural,Interestatal,State Highway Agency,1,Sin jurisdiccion especial,99998,31.02579444,-90.50039167,Vehiculo en movimiento,Frente a Detrás,Not an Intersection,No fue interseccion,Sobre calle,Ninguna,Dia total,Despejado,No,NO APLICA,99,99,99,99,1,13/01/2022,2
28,Mississippi,280011,0,0,1,0,7,ATTALA (7),0,NO APLICA,1,Enero,11,2022,20,6,SR-43,3,Highway estatal,Rural,Colector Mayor,State Highway Agency,0,Sin jurisdiccion especial,99998,32.93691389,-89.61887222,Arbol,El primer evento no fue una colision con un vehiculo automotor en transporte,Not an Intersection,No fue interseccion,Sobre el lado de la calle,Ninguna,Oscuro sin iluminacion,Despejado,No,NO APLICA,99,99,99,99,1,11/01/2022,1
28,Mississippi,280012,0,0,2,0,83,LEFLORE (83),0,NO APLICA,1,Enero,13,2022,19,44,US-49,2,US Highway,Rural,Arteria Menor,State Highway Agency,0,Sin jurisdiccion especial,99998,33.58931667,-90.27395278,Vehiculo en movimiento,Frente a frente,Not an Intersection,No fue interseccion,Sobre calle,Ninguna,Oscuro sin iluminacion,Despejado,No,NO APLICA,99,99,99,99,1,13/01/2022,2
28,Mississippi,280013,0,0,1,0,81,LEE (81),2680,VERONA,1,Enero,15,2022,9,58,SR-145,3,Highway estatal,Urbano,Arteria Menor,State Highway Agency,0,Sin jurisdiccion especial,99998,34.19183333,-88.71989444,Arbol,El primer evento no fue una colision con un vehiculo automotor en transporte,T-Intersection,Interseccion de T,Sobre el lado de la calle,Ninguna,Dia total,Nublado,No,NO APLICA,9,58,10,30,1,15/01/2022,1
28,Mississippi,280014,0,0,2,0,35,FORREST (35),0,NO APLICA,1,Enero,15,2022,18,30,SR-42,3,Highway estatal,Rural,Arteria Menor,State Highway Agency,0,Sin jurisdiccion especial,99998,31.35976111,-89.15448333,Vehiculo en movimiento,Frente a frente,Not an Intersection,No fue interseccion,Sobre calle,Ninguna,Oscuro sin iluminacion,lluvia,No,NO APLICA,99,98,99,98,2,15/01/2022,2
28,Mississippi,280015,0,0,1,0,49,HINDS (49),1220,JACKSON,1,Enero,16,2022,12,30,HANGING MOSS RD,6,Calle Local Municipalidad,Urbano,Arteria Principal,City or Municipal Highway Agency,0,Sin jurisdiccion especial,99998,32.35836667,-90.17986667,Arbol,El primer evento no fue una colision con un vehiculo automotor en transporte,Not an Intersection,No fue interseccion,Sobre el lado de la calle,Ninguna,Dia total,Nublado,No,NO APLICA,99,99,99,99,2,16/01/2022,3
28,Mississippi,280016,0,0,2,0,95,MONROE (95),0,NO APLICA,1,Enero,16,2022,13,43,CR-HATLEY RD,4,Calle del Condado,Rural,Colector Mayor,County Highway Agency,0,Sin jurisdiccion especial,99998,33.9759,-88.43834167,Vehiculo en movimiento,Frente a frente,Not an Intersection,No fue interseccion,Sobre calle,Ninguna,Dia total,lluvia,No,NO APLICA,99,99,99,99,1,16/01/2022,3
28,Mississippi,280017,0,0,2,0,29,COPIAH (29),0,NO APLICA,1,Enero,18,2022,17,40,SR-27,3,Highway estatal,Rural,Arteria Menor,State Highway Agency,0,Sin jurisdiccion especial,99998,31.97180278,-90.25745556,Vehiculo en movimiento,Frente a frente,Not an Intersection,No fue interseccion,Sobre calle,Ninguna,Oscuro sin iluminacion,Despejado,No,NO APLICA,99,98,99,98,1,18/01/2022,2
28,Mississippi,280018,0,0,2,0,31,COVINGTON (31),0,NO APLICA,1,Enero,20,2022,17,29,US-84,2,US Highway,Rural,Arteria Principal,State Highway Agency,1,Sin jurisdiccion especial,99998,31.63666389,-89.66928056,Vehiculo en movimiento,Angulo,T-Intersection,Interseccion de T,Sobre calle,Ninguna,Oscuro sin iluminacion,Nublado,No,NO APLICA,17,30,17,40,1,20/01/2022,2
28,Mississippi,280019,0,0,1,0,35,FORREST (35),0,NO APLICA,1,Enero,21,2022,18,57,CR-RYAN RD,4,Calle del Condado,Rural,Local,County Highway Agency,0,Sin jurisdiccion especial,99998,31.228075,-89.27955,Arbol,El primer evento no fue una colision con un vehiculo automotor en transporte,Not an Intersection,No fue interseccion,Sobre el lado de la calle,Ninguna,Oscuro sin iluminacion,Despejado,No,NO APLICA,99,99,99,99,1,21/01/2022,1
28,Mississippi,280020,0,0,1,0,1,ADAMS (1),1720,NATCHEZ,1,Enero,21,2022,21,36,SR-925,3,Highway estatal,Urbano,Arteria Principal,State Highway Agency,1,Sin jurisdiccion especial,99998,31.55523333,-91.41113056,Muro,El primer evento no fue una colision con un vehiculo automotor en transporte,Not an Intersection,No fue interseccion,Sobre el lado de la calle,Ninguna,Oscuro con iluminacion,Despejado,No,NO APLICA,99,99,99,99,1,21/01/2022,1
28,Mississippi,280021,0,0,1,0,87,LOWNDES (87),0,NO APLICA,1,Enero,9,2022,10,54,US-82,2,US Highway,Rural,Arteria Principal,State Highway Agency,1,Sin jurisdiccion especial,99998,33.48548611,-88.485425,Arbol,El primer evento no fue una colision con un vehiculo automotor en transporte,Not an Intersection,No fue interseccion,Sobre el lado de la calle,Ninguna,Dia total,lluvia,No,NO APLICA,99,99,99,99,1,09/01/2022,2
28,Mississippi,280022,1,1,1,0,59,JACKSON (59),0,NO APLICA,1,Enero,17,2022,18,0,CR-VALLEY FORGE RD,4,Calle del Condado,Rural,Local,County Highway Agency,0,Sin jurisdiccion especial,99998,30.50255278,-88.40744444,Peaton,El primer evento no fue una colision con un vehiculo automotor en transporte,Not an Intersection,No fue interseccion,Sobre calle,Ninguna,Oscuro sin iluminacion,Despejado,No,NO APLICA,99,98,99,98,1,17/01/2022,1
28,Mississippi,280023,0,0,2,0,75,LAUDERDALE (75),1590,MERIDIAN,1,Enero,22,2022,2,22,I-20,1,Interestatal,Urbano,Interestatal,State Highway Agency,1,Sin jurisdiccion especial,99998,32.38394444,-88.63418056,Vehiculo en movimiento,Frente a Detrás,Not an Intersection,No fue interseccion,Sobre calle,Ninguna,Oscuro sin iluminacion,Despejado,No,NO APLICA,99,99,99,99,1,22/01/2022,2
28,Mississippi,280024,0,0,1,0,145,UNION (145),1740,NEW ALBANY,1,Enero,9,2022,19,8,SR-30,3,Highway estatal,Urbano,Arteria Principal,State Highway Agency,1,Sin jurisdiccion especial,99998,34.49318611,-88.98813056,Arbol,El primer evento no fue una colision con un vehiculo automotor en transporte,Not an Intersection,No fue interseccion,Sobre el lado de la calle,Ninguna,Oscuro con iluminacion,Despejado,No,NO APLICA,99,99,99,99,1,09/01/2022,1
28,Mississippi,280025,0,0,1,0,9,BENTON (9),0,NO APLICA,1,Enero,9,2022,9,44,US-72,2,US Highway,Rural,Arteria Principal,State Highway Agency,1,Sin jurisdiccion especial,99998,34.94656111,-89.22655556,Arbol,El primer evento no fue una colision con un vehiculo automotor en transporte,Not an Intersection,No fue interseccion,Sobre el lado de la calle,Ninguna,Dia total,lluvia,No,NO APLICA,99,99,99,99,1,09/01/2022,5
28,Mississippi,280026,1,1,1,0,49,HINDS (49),1220,JACKSON,1,Enero,20,2022,18,50,MARTIN LUTHER KING JR DR,6,Calle Local Municipalidad,Urbano,Colector Mayor,City or Municipal Highway Agency,0,Sin jurisdiccion especial,99998,32.32916111,-90.20565,Peaton,El primer evento no fue una colision con un vehiculo automotor en transporte,Not an Intersection,No fue interseccion,Sobre calle,Ninguna,Oscuro con iluminacion,Nublado,No,NO APLICA,99,98,99,98,1,20/01/2022,1
28,Mississippi,280027,0,0,1,0,89,MADISON (89),0,NO APLICA,1,Enero,21,2022,22,41,SR-16,3,Highway estatal,Rural,Arteria Menor,State Highway Agency,0,Sin jurisdiccion especial,99998,32.66201111,-89.83311111,Acotamiento,El primer evento no fue una colision con un vehiculo automotor en transporte,Not an Intersection,No fue interseccion,Sobre el lado de la calle,Ninguna,Oscuro sin iluminacion,Despejado,No,NO APLICA,22,42,22,59,1,21/01/2022,2
28,Mississippi,280028,0,0,3,0,71,LAFAYETTE (71),1860,OXFORD,1,Enero,22,2022,15,20,SR-7,3,Highway estatal,Rural,Arteria Principal,State Highway Agency,1,Sin jurisdiccion especial,99998,34.388325,-89.49668889,Vehiculo en movimiento,Frente a Detrás,Not an Intersection,No fue interseccion,Sobre calle,Ninguna,Dia total,Despejado,No,NO APLICA,99,99,99,99,2,22/01/2022,5
28,Mississippi,280029,1,1,1,0,113,PIKE (113),0,NO APLICA,1,Enero,22,2022,18,40,US-51,2,US Highway,Rural,Colector Mayor,State Highway Agency,0,Sin jurisdiccion especial,99998,31.18269167,-90.45063889,Peaton,El primer evento no fue una colision con un vehiculo automotor en transporte,Not an Intersection,No fue interseccion,Sobre calle,Ninguna,Oscuro sin iluminacion,Despejado,No,NO APLICA,99,99,99,99,1,22/01/2022,1
28,Mississippi,280030,0,0,2,0,113,PIKE (113),0,NO APLICA,1,Enero,23,2022,16,58,CR-LEBLANC RD,4,Calle del Condado,Rural,Local,County Highway Agency,0,Sin jurisdiccion especial,99998,31.14628333,-90.42025278,Vehiculo en movimiento,Angulo,Four-Way Intersection,Interseccion de 4 direcciones,Sobre calle,Ninguna,Dia total,Despejado,No,NO APLICA,99,99,99,99,1,23/01/2022,3
28,Mississippi,280031,0,0,3,0,59,JACKSON (59),1680,MOSS POINT,1,Enero,25,2022,18,25,I-10,1,Interestatal,Rural,Interestatal,State Highway Agency,1,Sin jurisdiccion especial,99998,30.45605278,-88.49376667,Vehiculo en movimiento,Angulo,Not an Intersection,No fue interseccion,Sobre calle,Ninguna,Oscuro con iluminacion,lluvia,No,NO APLICA,18,25,18,43,1,25/01/2022,3
28,Mississippi,280032,0,0,1,0,121,RANKIN (121),0,NO APLICA,1,Enero,25,2022,19,1,CR-LAKE RD,4,Calle del Condado,Rural,Colector Mayor,County Highway Agency,0,Sin jurisdiccion especial,99998,32.39643333,-89.82867778,Arbol,El primer evento no fue una colision con un vehiculo automotor en transporte,Not an Intersection,No fue interseccion,Sobre el lado de la calle,Ninguna,Oscuro sin iluminacion,Despejado,No,NO APLICA,99,98,99,98,1,25/01/2022,1
28,Mississippi,280033,0,0,1,0,57,ITAWAMBA (57),0,NO APLICA,1,Enero,28,2022,7,9,I-22,1,Interestatal,Rural,Interestatal,State Highway Agency,1,Sin jurisdiccion especial,99998,34.24011389,-88.34984167,Zanja,El primer evento no fue una colision con un vehiculo automotor en transporte,Not an Intersection,No fue interseccion,Sobre el lado de la calle,Ninguna,Oscuro sin iluminacion,Despejado,No,NO APLICA,99,99,99,99,1,28/01/2022,1
28,Mississippi,280034,0,0,1,0,35,FORREST (35),9997,Other,1,Enero,28,2022,18,0,LINCOLN RD EXT,6,Calle Local Municipalidad,Urbano,Local,City or Municipal Highway Agency,0,Sin jurisdiccion especial,99998,88.8888,888.8888,Arbol,El primer evento no fue una colision con un vehiculo automotor en transporte,Not an Intersection,No fue interseccion,Sobre el lado de la calle,Ninguna,Dia total,Despejado,No,NO APLICA,99,98,99,98,1,28/01/2022,1
28,Mississippi,280035,0,0,1,0,121,RANKIN (121),0,NO APLICA,1,Enero,28,2022,21,52,CR-WEST MOUNTAIN CREEK RD,4,Calle del Condado,Rural,No reportado,County Highway Agency,0,Sin jurisdiccion especial,99998,32.0721,-90.16389167,Arbol,El primer evento no fue una colision con un vehiculo automotor en transporte,Not an Intersection,No fue interseccion,Sobre el lado de la calle,Ninguna,Oscuro sin iluminacion,Despejado,No,NO APLICA,99,98,99,98,1,28/01/2022,1
28,Mississippi,280037,1,1,1,0,27,COAHOMA (27),470,CLARKSDALE,1,Enero,29,2022,18,0,SR-NORTH STATE ST,3,Highway estatal,Urbano,Arteria Menor,State Highway Agency,0,Sin jurisdiccion especial,99998,34.19530278,-90.56296111,Peaton,El primer evento no fue una colision con un vehiculo automotor en transporte,Not an Intersection,No fue interseccion,Sobre calle,Ninguna,Dia total,Despejado,No,NO APLICA,99,99,99,99,1,29/01/2022,1