Estado,Nombre de Estado,Numero de Caso,Peatones,Personas _no_vehiculos,Vehiculos automotores,Vehiculos estacionados,Condado,Nombre Condado,Ciudad,Nombre Ciudad,Mes,Nombre Mes,Dia,Año,Hora,Minuto,Calle,Ruta,Nombre Ruta,Rural o Urbanoo,Sistema Funcional,Dueño Calle,Sistema Nacional Carreteras,Jurisdiccion Especial,Milla,Latitud,Longitud,Causa del Accidente,Tipo de Accidente,Tipo Interseccion,Columna1,Lugar en la calle,Zona de Trabajo,Luz,Clima,Autobus Escolar,Cruce de Trenes,Hora Notificacion,Minuto Notificacion,Hora Llegada,Minuto Llegada,Decesos,Fecha,PersonaVehiculo
28,Mississippi,280038,0,0,3,0,121,RANKIN (121),300,BRANDON,1,Enero,29,2022,20,52,BURNHAM RD,6,Calle Local Municipalidad,Urbano,Colector Mayor,City or Municipal Highway Agency,0,Sin jurisdiccion especial,99998,32.29825,-90.03433056,Vehiculo en movimiento,Frente a frente,Not an Intersection,No fue interseccion,Sobre calle,Ninguna,Oscuro sin iluminacion,Despejado,No,NO APLICA,99,99,99,99,1,29/01/2022,3
28,Mississippi,280039,0,0,2,0,129,SMITH (129),0,NO APLICA,1,Enero,30,2022,6,36,SR-28,3,Highway estatal,Rural,Arteria Menor,State Highway Agency,0,Sin jurisdiccion especial,99998,31.86048889,-89.59941944,Animal vivo,El primer evento no fue una colision con un vehiculo automotor en transporte,Not an Intersection,No fue interseccion,Sobre calle,Ninguna,Dia total,Despejado,No,NO APLICA,99,99,99,99,1,30/01/2022,2
28,Mississippi,280040,0,0,1,0,35,FORREST (35),0,NO APLICA,1,Enero,31,2022,16,23,CR-BATSON RD,4,Calle del Condado,Rural,No reportado,County Highway Agency,0,Sin jurisdiccion especial,99998,31.29008611,-89.19985,Culvert,El primer evento no fue una colision con un vehiculo automotor en transporte,Not an Intersection,No fue interseccion,Sobre el lado de la calle,Ninguna,Dia total,Despejado,No,NO APLICA,99,98,99,98,1,31/01/2022,1
28,Mississippi,280041,0,0,2,0,49,HINDS (49),1220,JACKSON,1,Enero,31,2022,17,37,HANGING MOSS RD,6,Calle Local Municipalidad,Urbano,Arteria Principal,City or Municipal Highway Agency,1,Sin jurisdiccion especial,99998,32.35566389,-90.1799,Vehiculo en movimiento,Angulo,Four-Way Intersection,Interseccion de 4 direcciones,Sobre calle,Ninguna,Oscuro con iluminacion,Despejado,No,NO APLICA,17,37,17,43,1,31/01/2022,3
28,Mississippi,280042,0,0,2,0,153,WAYNE (153),0,NO APLICA,1,Enero,31,2022,18,43,US-45,2,US Highway,Rural,Arteria Principal,State Highway Agency,1,Sin jurisdiccion especial,99998,31.58196944,-88.54271111,Vehiculo en movimiento,Angulo,Four-Way Intersection,Interseccion de 4 direcciones,Sobre calle,Ninguna,Oscuro sin iluminacion,Despejado,No,NO APLICA,99,99,99,99,1,31/01/2022,2
28,Mississippi,280043,0,0,2,0,67,JONES (67),0,NO APLICA,2,Febrero,2,2022,15,39,US-84,2,US Highway,Rural,Arteria Principal,State Highway Agency,1,Sin jurisdiccion especial,99998,31.69698333,-88.98888889,Vehiculo en movimiento,Angulo,Four-Way Intersection,Interseccion de 4 direcciones,Sobre calle,Ninguna,Dia total,Nublado,No,NO APLICA,15,39,15,54,1,02/02/2022,12
28,Mississippi,280044,0,0,1,0,5,AMITE (5),0,NO APLICA,2,Febrero,3,2022,21,52,SR-24,3,Highway estatal,Rural,Arteria Menor,State Highway Agency,0,Sin jurisdiccion especial,99998,31.18371111,-90.72181389,Zanja,El primer evento no fue una colision con un vehiculo automotor en transporte,Not an Intersection,No fue interseccion,Sobre el lado de la calle,Ninguna,Oscuro sin iluminacion,lluvia,No,NO APLICA,21,58,22,24,1,03/02/2022,1
28,Mississippi,280045,0,0,1,0,41,GREENE (41),0,NO APLICA,2,Febrero,3,2022,22,12,SR-594,3,Highway estatal,Rural,Colector Mayor,State Highway Agency,0,Sin jurisdiccion especial,99998,31.10563333,-88.44369444,Arbol,El primer evento no fue una colision con un vehiculo automotor en transporte,Not an Intersection,No fue interseccion,Sobre el lado de la calle,Ninguna,Oscuro sin iluminacion,lluvia,No,NO APLICA,99,99,99,99,1,03/02/2022,1
28,Mississippi,280046,0,0,2,0,47,HARRISON (47),680,D'IBERVILLE,2,Febrero,7,2022,9,23,SR-15,3,Highway estatal,Urbano,Arteria Menor,State Highway Agency,0,Sin jurisdiccion especial,99998,30.49425278,-88.90592778,Banqueta,El primer evento no fue una colision con un vehiculo automotor en transporte,Roundabout,Glorieta,Sobre el lado de la calle,Ninguna,Dia total,Despejado,No,NO APLICA,9,24,9,35,2,07/02/2022,3
28,Mississippi,280047,0,0,3,0,49,HINDS (49),0,NO APLICA,2,Febrero,9,2022,6,39,SR-18,3,Highway estatal,Rural,Arteria Menor,State Highway Agency,0,Sin jurisdiccion especial,99998,32.22341111,-90.4568,Vehiculo en movimiento,Frente a frente,Not an Intersection,No fue interseccion,Sobre calle,Ninguna,Dia total,Despejado,No,NO APLICA,99,98,99,98,1,09/02/2022,3
28,Mississippi,280048,0,0,1,0,59,JACKSON (59),0,NO APLICA,2,Febrero,9,2022,20,18,CR-OLD FORT BAYOU RD,4,Calle del Condado,Rural,Colector Mayor,County Highway Agency,0,Sin jurisdiccion especial,99998,30.63451389,-88.84432222,Arbol,El primer evento no fue una colision con un vehiculo automotor en transporte,Not an Intersection,No fue interseccion,Sobre el lado de la calle,Ninguna,Oscuro sin iluminacion,Despejado,No,NO APLICA,99,98,99,98,1,09/02/2022,1
28,Mississippi,280049,1,1,2,0,33,DE SOTO (33),0,NO APLICA,2,Febrero,11,2022,5,10,SR-302,3,Highway estatal,Rural,Arteria Principal,State Highway Agency,1,Sin jurisdiccion especial,99998,34.96239722,-89.72988611,Peaton,El primer evento no fue una colision con un vehiculo automotor en transporte,Not an Intersection,No fue interseccion,Sobre calle,Ninguna,Oscuro sin iluminacion,Despejado,No,NO APLICA,99,99,99,99,1,11/02/2022,2
28,Mississippi,280050,0,0,1,0,151,WASHINGTON (151),990,GREENVILLE,2,Febrero,12,2022,20,0,CYPRESS LANE,6,Calle Local Municipalidad,Urbano,Colector Mayor,City or Municipal Highway Agency,0,Sin jurisdiccion especial,99998,33.3781,-91.06381667,Culvert,El primer evento no fue una colision con un vehiculo automotor en transporte,Not an Intersection,No fue interseccion,Sobre el lado de la calle,Ninguna,Oscuro con iluminacion,Despejado,No,NO APLICA,20,0,20,12,1,12/02/2022,1
28,Mississippi,280051,0,0,2,0,121,RANKIN (121),1918,PEARL,2,Febrero,13,2022,18,29,SR-468,3,Highway estatal,Urbano,Arteria Menor,State Highway Agency,0,Sin jurisdiccion especial,99998,32.24095278,-90.10208333,Vehiculo en movimiento,Frente a Detrás,Not an Intersection,No fue interseccion,Sobre calle,Ninguna,Oscuro sin iluminacion,Despejado,No,NO APLICA,18,32,18,37,1,13/02/2022,4
28,Mississippi,280052,0,0,1,0,147,WALTHALL (147),0,NO APLICA,2,Febrero,14,2022,14,13,SR-48,3,Highway estatal,Rural,Colector Mayor,State Highway Agency,0,Sin jurisdiccion especial,99998,31.12076667,-90.21171944,Arbol,El primer evento no fue una colision con un vehiculo automotor en transporte,Not an Intersection,No fue interseccion,Sobre el lado de la calle,Ninguna,Dia total,Despejado,No,NO APLICA,99,98,99,98,1,14/02/2022,1
28,Mississippi,280053,0,0,2,0,45,HANCOCK (45),0,NO APLICA,2,Febrero,15,2022,14,0,SR-603,3,Highway estatal,Rural,Arteria Menor,State Highway Agency,0,Sin jurisdiccion especial,99998,30.39696944,-89.4474,Vehiculo en movimiento,Frente a frente,Not an Intersection,No fue interseccion,Sobre calle,Ninguna,Dia total,Despejado,No,NO APLICA,99,99,99,99,2,15/02/2022,4
28,Mississippi,280054,0,0,1,0,109,PEARL RIVER (109),0,NO APLICA,2,Febrero,17,2022,16,0,CR-GROVER BARRETT RD,4,Calle del Condado,Urbano,Colector Mayor,County Highway Agency,0,Sin jurisdiccion especial,99998,30.50451389,-89.70349722,Zanja,El primer evento no fue una colision con un vehiculo automotor en transporte,Not an Intersection,No fue interseccion,Sobre el lado de la calle,Ninguna,Dia total,Despejado,No,NO APLICA,99,99,99,99,1,17/02/2022,1
28,Mississippi,280055,0,0,1,0,23,CLARKE (23),0,NO APLICA,2,Febrero,18,2022,16,49,CR-621,4,Calle del Condado,Rural,No reportado,County Highway Agency,0,Sin jurisdiccion especial,99998,31.90525833,-88.56426667,Zanja,El primer evento no fue una colision con un vehiculo automotor en transporte,Not an Intersection,No fue interseccion,Sobre el lado de la calle,Ninguna,Dia total,Despejado,No,NO APLICA,99,98,99,98,1,18/02/2022,1
28,Mississippi,280056,1,1,1,0,35,FORREST (35),1050,HATTIESBURG,2,Febrero,18,2022,19,14,US-49,2,US Highway,Urbano,Arteria Principal,State Highway Agency,1,Sin jurisdiccion especial,99998,31.32449722,-89.32906111,Peaton,El primer evento no fue una colision con un vehiculo automotor en transporte,Four-Way Intersection,Interseccion de 4 direcciones,Sobre calle,Ninguna,Oscuro sin iluminacion,Despejado,No,NO APLICA,99,99,99,99,1,18/02/2022,1
28,Mississippi,280057,0,0,1,0,121,RANKIN (121),0,NO APLICA,2,Febrero,18,2022,22,14,CR-SHELL OIL RD,4,Calle del Condado,Urbano,Colector Mayor,County Highway Agency,0,Sin jurisdiccion especial,99998,32.16630556,-89.97913333,Culvert,El primer evento no fue una colision con un vehiculo automotor en transporte,Not an Intersection,No fue interseccion,Sobre el lado de la calle,Ninguna,Oscuro sin iluminacion,Despejado,No,NO APLICA,99,98,99,98,1,18/02/2022,1
28,Mississippi,280058,0,0,2,0,89,MADISON (89),0,NO APLICA,2,Febrero,20,2022,10,6,CR-NORTH OLD CANTON RD,4,Calle del Condado,Urbano,Colector Mayor,County Highway Agency,0,Sin jurisdiccion especial,99998,32.50774167,-90.03866667,Vehiculo en movimiento,Angulo,Not an Intersection,No fue interseccion,Sobre calle,Ninguna,Dia total,Despejado,No,NO APLICA,99,98,99,98,1,20/02/2022,3
28,Mississippi,280059,0,0,2,0,111,PERRY (111),0,NO APLICA,2,Febrero,20,2022,13,50,CR-DAVID NEWELL RD,4,Calle del Condado,Rural,No reportado,County Highway Agency,0,Sin jurisdiccion especial,99998,31.39331944,-88.92840833,Vehiculo en movimiento,Frente a frente,T-Intersection,Interseccion de T,Sobre calle,Ninguna,Dia total,Despejado,No,NO APLICA,13,50,13,57,1,20/02/2022,2
28,Mississippi,280060,0,0,2,0,133,SUNFLOWER (133),0,NO APLICA,2,Febrero,21,2022,5,30,US-82,2,US Highway,Rural,Arteria Principal,State Highway Agency,1,Sin jurisdiccion especial,99998,33.46159722,-90.50861389,Vehiculo en movimiento,Angulo,Four-Way Intersection,Interseccion de 4 direcciones,Sobre calle,Ninguna,Oscuro sin iluminacion,lluvia,No,NO APLICA,5,30,5,32,1,21/02/2022,2
28,Mississippi,280061,0,0,1,0,145,UNION (145),0,NO APLICA,2,Febrero,21,2022,17,46,SR-370,3,Highway estatal,Rural,Colector Mayor,State Highway Agency,0,Sin jurisdiccion especial,99998,34.57910833,-88.83686389,Arbol,El primer evento no fue una colision con un vehiculo automotor en transporte,Not an Intersection,No fue interseccion,Sobre el lado de la calle,Ninguna,Oscuro sin iluminacion,lluvia,No,NO APLICA,99,98,99,98,2,21/02/2022,2
28,Mississippi,280062,0,0,2,0,35,FORREST (35),0,NO APLICA,2,Febrero,23,2022,15,11,US-49,2,US Highway,Rural,Arteria Principal,State Highway Agency,1,Sin jurisdiccion especial,99998,31.41942222,-89.40989444,Vehiculo en movimiento,Angulo,Four-Way Intersection,Interseccion de 4 direcciones,Sobre calle,Ninguna,Dia total,Nublado,No,NO APLICA,99,98,99,98,1,23/02/2022,3
28,Mississippi,280063,0,0,2,0,111,PERRY (111),0,NO APLICA,2,Febrero,24,2022,9,24,SR-15,3,Highway estatal,Rural,Arteria Menor,State Highway Agency,0,Sin jurisdiccion especial,99998,31.25526667,-88.92169167,Vehiculo en movimiento,Frente a Detrás,Not an Intersection,No fue interseccion,Sobre calle,Ninguna,Dia total,Nublado,No,NO APLICA,99,99,99,99,1,24/02/2022,3
28,Mississippi,280064,0,0,2,0,93,MARSHALL (93),370,BYHALIA,2,Febrero,24,2022,10,26,I-22,1,Interestatal,Rural,Interestatal,State Highway Agency,1,Sin jurisdiccion especial,99998,34.85931667,-89.70366111,Vehiculo en movimiento,Frente a Detrás,Not an Intersection,No fue interseccion,Sobre calle,Ninguna,Dia total,Nublado,No,NO APLICA,10,34,10,44,2,24/02/2022,5
28,Mississippi,280065,0,0,3,0,117,PRENTISS (117),0,NO APLICA,2,Febrero,24,2022,19,0,US-45,2,US Highway,Rural,Arteria Principal,State Highway Agency,1,Sin jurisdiccion especial,99998,34.71257778,-88.58079444,Vehiculo en movimiento,Angulo,Four-Way Intersection,Interseccion de 4 direcciones,Sobre calle,Ninguna,Oscuro sin iluminacion,lluvia,No,NO APLICA,99,99,99,99,1,24/02/2022,6
28,Mississippi,280066,1,1,1,0,47,HARRISON (47),230,BILOXI,2,Febrero,24,2022,22,7,US-90,2,US Highway,Urbano,Arteria Principal,State Highway Agency,1,Sin jurisdiccion especial,99998,30.3925,-88.860875,Peaton,El primer evento no fue una colision con un vehiculo automotor en transporte,Not an Intersection,No fue interseccion,Sobre calle,Ninguna,Oscuro con iluminacion,Despejado,No,NO APLICA,99,99,99,99,1,24/02/2022,4
28,Mississippi,280067,0,0,2,0,95,MONROE (95),10,ABERDEEN,2,Febrero,25,2022,13,12,US-45,2,US Highway,Rural,Arteria Principal,State Highway Agency,1,Sin jurisdiccion especial,99998,33.82555278,-88.58466667,Vehiculo en movimiento,Angulo,T-Intersection,Interseccion de T,Sobre calle,Ninguna,Dia total,Despejado,No,NO APLICA,13,12,13,18,1,25/02/2022,2
28,Mississippi,280068,0,0,2,0,35,FORREST (35),0,NO APLICA,2,Febrero,28,2022,18,20,SR-42,3,Highway estatal,Urbano,Arteria Principal,State Highway Agency,1,Sin jurisdiccion especial,99998,31.37613056,-89.31896389,Vehiculo en movimiento,Angulo,T-Intersection,Interseccion de T,Sobre calle,Ninguna,Atardecer,Despejado,No,NO APLICA,18,29,18,35,1,28/02/2022,6
28,Mississippi,280069,0,0,1,0,109,PEARL RIVER (109),0,NO APLICA,2,Febrero,28,2022,22,7,CR-WHITE CHAPEL RD,4,Calle del Condado,Rural,No reportado,County Highway Agency,0,Sin jurisdiccion especial,99998,30.67178889,-89.65420833,Volcadura,El primer evento no fue una colision con un vehiculo automotor en transporte,Not an Intersection,No fue interseccion,Sobre calle,Ninguna,Oscuro sin iluminacion,Despejado,No,NO APLICA,99,98,99,98,1,28/02/2022,1
28,Mississippi,280070,0,0,1,0,151,WASHINGTON (151),0,NO APLICA,2,Febrero,4,2022,5,22,CR-VFW RD,4,Calle del Condado,Urbano,Arteria Menor,County Highway Agency,0,Sin jurisdiccion especial,99998,33.35642778,-91.02379722,Volcadura,El primer evento no fue una colision con un vehiculo automotor en transporte,Not an Intersection,No fue interseccion,Sobre calle,Ninguna,Oscuro sin iluminacion,Despejado,No,NO APLICA,5,27,5,31,1,04/02/2022,1
28,Mississippi,280071,0,0,1,0,45,HANCOCK (45),0,NO APLICA,2,Febrero,4,2022,22,20,I-10,1,Interestatal,Rural,Interestatal,State Highway Agency,1,Sin jurisdiccion especial,99998,30.32255833,-89.57496389,Arbol,El primer evento no fue una colision con un vehiculo automotor en transporte,Not an Intersection,No fue interseccion,En el medio,Ninguna,Oscuro sin iluminacion,Nublado,No,NO APLICA,22,32,22,38,1,04/02/2022,2
28,Mississippi,280072,0,0,3,0,151,WASHINGTON (151),990,GREENVILLE,2,Febrero,5,2022,16,12,US-82,2,US Highway,Urbano,Arteria Principal,State Highway Agency,1,Sin jurisdiccion especial,99998,33.39930278,-91.05476944,Vehiculo en movimiento,Frente a frente,Not an Intersection,No fue interseccion,Sobre calle,Ninguna,Dia total,Despejado,No,NO APLICA,16,12,16,17,2,05/02/2022,10
28,Mississippi,280073,0,0,2,0,45,HANCOCK (45),0,NO APLICA,2,Febrero,5,2022,9,12,I-10,1,Interestatal,Rural,Interestatal,State Highway Agency,1,Sin jurisdiccion especial,99998,30.33316111,-89.54185833,Vehiculo en movimiento,Frente a Detrás,Not an Intersection,No fue interseccion,Sobre calle,Ninguna,Dia total,Despejado,No,NO APLICA,9,12,9,28,1,05/02/2022,2
28,Mississippi,280074,0,0,1,0,1,ADAMS (1),1720,NATCHEZ,2,Febrero,8,2022,15,43,MELROSE MONTEBELLO PARKWAY,8,Otro,Urbano,Arteria Menor,City or Municipal Highway Agency,0,Sin jurisdiccion especial,99998,31.53787778,-91.38410278,Acotamiento,El primer evento no fue una colision con un vehiculo automotor en transporte,Not an Intersection,No fue interseccion,En el medio,Ninguna,Dia total,Despejado,No,NO APLICA,15,44,15,49,1,08/02/2022,3
28,Mississippi,280075,0,0,1,0,49,HINDS (49),1220,JACKSON,3,Marzo,1,2022,4,45,I-220,1,Interestatal,Urbano,Interestatal,State Highway Agency,1,Sin jurisdiccion especial,99998,32.31408333,-90.24654722,Arbol,El primer evento no fue una colision con un vehiculo automotor en transporte,Not an Intersection,No fue interseccion,Sobre el lado de la calle,Ninguna,Amanecer,Despejado,No,NO APLICA,4,55,4,55,1,01/03/2022,2
28,Mississippi,280076,0,0,2,0,105,OKTIBBEHA (105),0,NO APLICA,3,Marzo,1,2022,8,24,US-82,2,US Highway,Rural,Arteria Principal,State Highway Agency,1,Sin jurisdiccion especial,99998,33.50868056,-89.02406667,Vehiculo en movimiento,Frente a Detrás,Not an Intersection,No fue interseccion,Sobre calle,Ninguna,Dia total,Despejado,No,NO APLICA,99,98,99,98,1,01/03/2022,2
28,Mississippi,280077,1,1,1,0,77,LAWRENCE (77),0,NO APLICA,3,Marzo,1,2022,20,21,US-84,2,US Highway,Rural,Arteria Principal,State Highway Agency,1,Sin jurisdiccion especial,99998,31.57384444,-90.06186389,Peaton,El primer evento no fue una colision con un vehiculo automotor en transporte,Not an Intersection,No fue interseccion,Sobre calle,Ninguna,Oscuro sin iluminacion,Despejado,No,NO APLICA,99,99,99,99,1,01/03/2022,1
28,Mississippi,280078,0,0,2,0,133,SUNFLOWER (133),0,NO APLICA,3,Marzo,2,2022,0,1,US-49,2,US Highway,Rural,Arteria Principal,State Highway Agency,1,Sin jurisdiccion especial,99998,33.48080278,-90.6057,Vehiculo en movimiento,Frente a frente,Not an Intersection,No fue interseccion,Sobre calle,Ninguna,Oscuro sin iluminacion,Despejado,No,NO APLICA,99,99,99,99,2,02/03/2022,2
28,Mississippi,280080,0,0,3,0,7,ATTALA (7),0,NO APLICA,3,Marzo,2,2022,20,35,SR-12,3,Highway estatal,Rural,Arteria Menor,State Highway Agency,0,Sin jurisdiccion especial,99998,33.02861111,-89.75893611,Vehiculo en movimiento,Frente a frente,Not an Intersection,No fue interseccion,Sobre calle,Ninguna,Oscuro sin iluminacion,Despejado,No,NO APLICA,99,99,99,99,1,02/03/2022,3
28,Mississippi,280081,1,1,1,0,87,LOWNDES (87),0,NO APLICA,3,Marzo,3,2022,10,17,US-45,2,US Highway,Rural,Arteria Principal,State Highway Agency,1,Sin jurisdiccion especial,99998,33.57713333,-88.429725,Ciclista,El primer evento no fue una colision con un vehiculo automotor en transporte,Not an Intersection,No fue interseccion,Sobre calle,Ninguna,Dia total,Despejado,No,NO APLICA,99,98,99,98,1,03/03/2022,1
28,Mississippi,280082,0,0,1,0,3,ALCORN (3),0,NO APLICA,3,Marzo,3,2022,14,45,CR-157,4,Calle del Condado,Rural,No reportado,County Highway Agency,0,Sin jurisdiccion especial,99998,34.97133056,-88.43488333,Arbol,El primer evento no fue una colision con un vehiculo automotor en transporte,Not an Intersection,No fue interseccion,Sobre el lado de la calle,Ninguna,Dia total,Despejado,No,NO APLICA,99,98,99,98,1,03/03/2022,1
28,Mississippi,280083,0,0,2,0,43,GRENADA (43),1010,GRENADA,3,Marzo,3,2022,18,19,US-51,2,US Highway,Urbano,Arteria Principal,State Highway Agency,1,Sin jurisdiccion especial,99998,33.78383889,-89.80998056,Vehiculo en movimiento,Angulo,Four-Way Intersection,Interseccion de 4 direcciones,Sobre calle,Ninguna,Oscuro con iluminacion,Despejado,No,NO APLICA,18,19,18,23,1,03/03/2022,2
28,Mississippi,280084,1,1,1,0,49,HINDS (49),1220,JACKSON,3,Marzo,3,2022,18,21,US-49,2,US Highway,Urbano,Arteria Principal,State Highway Agency,1,Sin jurisdiccion especial,99998,32.37533333,-90.25287778,Peaton,El primer evento no fue una colision con un vehiculo automotor en transporte,T-Intersection,Interseccion de T,Sobre calle,Ninguna,Oscuro con iluminacion,Despejado,No,NO APLICA,18,24,18,33,1,03/03/2022,1
28,Mississippi,280085,0,0,2,0,75,LAUDERDALE (75),0,NO APLICA,3,Marzo,3,2022,18,36,US-11,2,US Highway,Rural,Colector Mayor,State Highway Agency,0,Sin jurisdiccion especial,99998,32.42112778,-88.48642222,Vehiculo en movimiento,Frente a frente,Not an Intersection,No fue interseccion,Sobre calle,Ninguna,Oscuro sin iluminacion,Despejado,No,NO APLICA,99,99,99,99,1,03/03/2022,2
28,Mississippi,280086,1,1,1,0,29,COPIAH (29),2790,WESSON,3,Marzo,3,2022,19,50,RAILROAD AVE,6,Calle Local Municipalidad,Rural,Colector Mayor,Town or Township Highway Agency,0,Sin jurisdiccion especial,99998,31.70562222,-90.39136111,Peaton,El primer evento no fue una colision con un vehiculo automotor en transporte,Not an Intersection,No fue interseccion,Sobre calle,Ninguna,Oscuro con iluminacion,Despejado,No,NO APLICA,99,99,99,99,1,03/03/2022,2
28,Mississippi,280087,0,0,1,0,15,CARROLL (15),0,NO APLICA,3,Marzo,3,2022,20,49,SR-35,3,Highway estatal,Rural,Arteria Menor,State Highway Agency,0,Sin jurisdiccion especial,99998,33.34510556,-89.78884444,Zanja,El primer evento no fue una colision con un vehiculo automotor en transporte,Not an Intersection,No fue interseccion,Sobre el lado de la calle,Ninguna,Oscuro sin iluminacion,Despejado,No,NO APLICA,20,49,21,7,1,03/03/2022,1
28,Mississippi,280088,0,0,1,0,71,LAFAYETTE (71),0,NO APLICA,3,Marzo,5,2022,3,59,CR-103,4,Calle del Condado,Rural,Colector Mayor,County Highway Agency,0,Sin jurisdiccion especial,99998,34.42348333,-89.56235833,Culvert,El primer evento no fue una colision con un vehiculo automotor en transporte,Not an Intersection,No fue interseccion,Sobre el lado de la calle,Ninguna,Oscuro sin iluminacion,Despejado,No,NO APLICA,99,99,99,99,1,05/03/2022,3
28,Mississippi,280089,0,0,2,0,49,HINDS (49),1220,JACKSON,3,Marzo,5,2022,14,16,BOILING ST,6,Calle Local Municipalidad,Urbano,Arteria Menor,City or Municipal Highway Agency,0,Sin jurisdiccion especial,99998,32.33276111,-90.23970278,Vehiculo en movimiento,Angulo,T-Intersection,Interseccion de T,Sobre calle,Ninguna,Dia total,Despejado,No,NO APLICA,14,16,14,28,1,05/03/2022,2
28,Mississippi,280090,1,1,1,0,35,FORREST (35),1050,HATTIESBURG,3,Marzo,6,2022,5,40,US-49,2,US Highway,Urbano,Arteria Principal,State Highway Agency,1,Sin jurisdiccion especial,99998,31.26032222,-89.28211944,Peaton,El primer evento no fue una colision con un vehiculo automotor en transporte,Not an Intersection,No fue interseccion,Sobre calle,Ninguna,Amanecer,Despejado,No,NO APLICA,99,98,99,98,1,06/03/2022,1
28,Mississippi,280091,1,1,1,0,123,SCOTT (123),880,FOREST,3,Marzo,6,2022,20,47,OAK ST,6,Calle Local Municipalidad,Urbano,No reportado,City or Municipal Highway Agency,0,Sin jurisdiccion especial,99998,32.36006389,-89.46579444,Ciclista,El primer evento no fue una colision con un vehiculo automotor en transporte,Not an Intersection,No fue interseccion,Sobre calle,Ninguna,Oscuro sin iluminacion,Despejado,No,NO APLICA,99,99,99,99,1,06/03/2022,1
28,Mississippi,280092,0,0,2,0,153,WAYNE (153),0,NO APLICA,3,Marzo,7,2022,17,59,US-84,2,US Highway,Rural,Arteria Principal,State Highway Agency,1,Sin jurisdiccion especial,99998,31.7044,-88.92030556,Vehiculo en movimiento,Angulo,Four-Way Intersection,Interseccion de 4 direcciones,Sobre calle,Ninguna,Dia total,Despejado,No,NO APLICA,99,99,99,99,1,07/03/2022,4
28,Mississippi,280093,0,0,2,0,41,GREENE (41),0,NO APLICA,3,Marzo,8,2022,13,26,SR-594,3,Highway estatal,Rural,Colector Mayor,State Highway Agency,0,Sin jurisdiccion especial,99998,31.10809722,-88.53074167,Vehiculo en movimiento,Frente a frente,Not an Intersection,No fue interseccion,Sobre calle,Ninguna,Dia total,lluvia,No,NO APLICA,99,99,99,99,1,08/03/2022,2
28,Mississippi,280094,0,0,2,0,91,MARION (91),0,NO APLICA,3,Marzo,10,2022,12,48,SR-13,3,Highway estatal,Rural,Arteria Menor,State Highway Agency,0,Sin jurisdiccion especial,99998,31.36485,-89.89034722,Vehiculo en movimiento,Angulo,T-Intersection,Interseccion de T,Sobre calle,Ninguna,Dia total,Despejado,No,NO APLICA,99,98,99,98,1,10/03/2022,2
28,Mississippi,280095,0,0,2,0,121,RANKIN (121),875,FLOWOOD,3,Marzo,10,2022,22,42,SR-25,3,Highway estatal,Urbano,Arteria Principal,State Highway Agency,1,Sin jurisdiccion especial,99998,32.35079722,-90.03286111,Vehiculo en movimiento,Angulo,Four-Way Intersection,Interseccion de 4 direcciones,Sobre calle,Ninguna,Oscuro con iluminacion,Despejado,No,NO APLICA,99,99,99,99,1,10/03/2022,4
28,Mississippi,280096,0,0,1,0,49,HINDS (49),1220,JACKSON,3,Marzo,11,2022,7,40,I-220,1,Interestatal,Urbano,Interestatal,State Highway Agency,1,Sin jurisdiccion especial,99998,32.29046944,-90.25362778,Volcadura,El primer evento no fue una colision con un vehiculo automotor en transporte,Not an Intersection,No fue interseccion,Sobre calle,Ninguna,Dia total,Despejado,No,NO APLICA,7,40,7,46,1,11/03/2022,2
28,Mississippi,280097,1,1,2,0,81,LEE (81),0,NO APLICA,1,Enero,13,2022,15,9,US-45,2,US Highway,Rural,Arteria Principal,State Highway Agency,1,Sin jurisdiccion especial,99998,34.11169722,-88.68718611,Vehiculo en movimiento,Frente a Detrás,Not an Intersection,No fue interseccion,Sobre calle,Ninguna,Dia total,Despejado,No,NO APLICA,99,99,99,99,1,13/01/2022,1
28,Mississippi,280099,0,0,2,0,67,JONES (67),800,ELLISVILLE,1,Enero,20,2022,12,17,US-11,2,US Highway,Urbano,Arteria Menor,State Highway Agency,1,Sin jurisdiccion especial,99998,31.57208611,-89.23427222,Vehiculo en movimiento,Angulo,Four-Way Intersection,Interseccion de 4 direcciones,Sobre calle,Ninguna,Dia total,Nublado,No,NO APLICA,12,19,12,31,1,20/01/2022,3
28,Mississippi,280100,1,1,1,0,47,HARRISON (47),1020,GULFPORT,1,Enero,31,2022,3,11,US-49,2,US Highway,Urbano,Arteria Principal,State Highway Agency,1,Sin jurisdiccion especial,99998,30.38536944,-89.09320833,Peaton,El primer evento no fue una colision con un vehiculo automotor en transporte,Not an Intersection,No fue interseccion,Sobre calle,Ninguna,Oscuro sin iluminacion,Despejado,No,NO APLICA,3,12,3,15,1,31/01/2022,1
28,Mississippi,280101,0,0,1,0,39,GEORGE (39),0,NO APLICA,2,Febrero,20,2022,1,50,CR-WILL HOWELL RD,4,Calle del Condado,Rural,No reportado,County Highway Agency,0,Sin jurisdiccion especial,99998,30.81010278,-88.43051111,Arbol,El primer evento no fue una colision con un vehiculo automotor en transporte,Not an Intersection,No fue interseccion,Sobre el lado de la calle,Ninguna,Oscuro sin iluminacion,Despejado,No,NO APLICA,99,99,99,99,1,20/02/2022,2