Estado,Nombre de Estado,Numero de Caso,Peatones,Personas _no_vehiculos,Vehiculos automotores,Vehiculos estacionados,Condado,Nombre Condado,Ciudad,Nombre Ciudad,Mes,Nombre Mes,Dia,Año,Hora,Minuto,Calle,Ruta,Nombre Ruta,Rural o Urbanoo,Sistema Funcional,Dueño Calle,Sistema Nacional Carreteras,Jurisdiccion Especial,Milla,Latitud,Longitud,Causa del Accidente,Tipo de Accidente,Tipo Interseccion,Columna1,Lugar en la calle,Zona de Trabajo,Luz,Clima,Autobus Escolar,Cruce de Trenes,Hora Notificacion,Minuto Notificacion,Hora Llegada,Minuto Llegada,Decesos,Fecha,PersonaVehiculo
28,Mississippi,280102,0,0,2,0,35,FORREST (35),1050,HATTIESBURG,2,Febrero,21,2022,18,32,JAMES ST,6,Calle Local Municipalidad,Urbano,Arteria Menor,City or Municipal Highway Agency,0,Sin jurisdiccion especial,99998,31.25842222,-89.23554722,Vehiculo en movimiento,Angulo,T-Intersection,Interseccion de T,Sobre calle,Ninguna,Oscuro sin iluminacion,Despejado,No,NO APLICA,99,99,99,99,1,21/02/2022,3
28,Mississippi,280103,0,0,1,0,163,YAZOO (163),0,NO APLICA,2,Febrero,10,2022,16,15,SR-433,3,Highway estatal,Rural,Colector Mayor,State Highway Agency,0,Sin jurisdiccion especial,99998,32.65388611,-90.52730278,Acotamiento,El primer evento no fue una colision con un vehiculo automotor en transporte,Not an Intersection,No fue interseccion,Sobre el lado de la calle,Ninguna,Dia total,Despejado,No,NO APLICA,99,99,99,99,1,10/02/2022,1
28,Mississippi,280104,0,0,3,0,83,LEFLORE (83),0,NO APLICA,3,Marzo,11,2022,10,16,US-82,2,US Highway,Rural,Arteria Principal,State Highway Agency,1,Sin jurisdiccion especial,99998,33.50965833,-90.33702778,Vehiculo en movimiento,Frente a Detrás,Four-Way Intersection,Interseccion de 4 direcciones,Sobre calle,Ninguna,Dia total,Despejado,No,NO APLICA,10,17,10,33,1,11/03/2022,3
28,Mississippi,280105,0,0,2,0,43,GRENADA (43),1010,GRENADA,3,Marzo,11,2022,11,3,US-51,2,US Highway,Urbano,Arteria Principal,State Highway Agency,1,Sin jurisdiccion especial,99998,33.72680833,-89.78785833,Vehiculo en movimiento,Angulo,T-Intersection,Interseccion de T,Sobre calle,Ninguna,Dia total,Despejado,No,NO APLICA,11,4,11,10,1,11/03/2022,2
28,Mississippi,280106,0,0,1,0,9,BENTON (9),0,NO APLICA,3,Marzo,11,2022,11,31,SR-5,3,Highway estatal,Rural,Arteria Menor,State Highway Agency,0,Sin jurisdiccion especial,99998,34.86036111,-89.19386944,Culvert,El primer evento no fue una colision con un vehiculo automotor en transporte,Not an Intersection,No fue interseccion,Sobre el lado de la calle,Ninguna,Dia total,Despejado,No,NO APLICA,99,98,99,98,1,11/03/2022,1
28,Mississippi,280107,0,0,1,0,139,TIPPAH (139),0,NO APLICA,3,Marzo,11,2022,12,6,SR-4,3,Highway estatal,Rural,Arteria Menor,State Highway Agency,0,Sin jurisdiccion especial,99998,34.71339167,-88.83778889,Acotamiento,El primer evento no fue una colision con un vehiculo automotor en transporte,Not an Intersection,No fue interseccion,Sobre el lado de la calle,Ninguna,Dia total,Despejado,No,NO APLICA,99,98,99,98,1,11/03/2022,1
28,Mississippi,280108,1,1,1,0,59,JACKSON (59),0,NO APLICA,3,Marzo,12,2022,4,9,I-10,1,Interestatal,Rural,Interestatal,State Highway Agency,1,Sin jurisdiccion especial,99998,30.43797222,-88.70697222,Peaton,El primer evento no fue una colision con un vehiculo automotor en transporte,Not an Intersection,No fue interseccion,Sobre calle,Ninguna,Oscuro sin iluminacion,Despejado,No,NO APLICA,99,98,99,98,1,12/03/2022,1
28,Mississippi,280109,0,0,1,0,35,FORREST (35),1050,HATTIESBURG,3,Marzo,12,2022,15,45,US-11,2,US Highway,Urbano,Arteria Principal,State Highway Agency,1,Sin jurisdiccion especial,99998,31.30758889,-89.31625,Volcadura,El primer evento no fue una colision con un vehiculo automotor en transporte,Not an Intersection,No fue interseccion,Sobre el lado de la calle,Ninguna,Dia total,Despejado,No,NO APLICA,16,4,16,10,1,12/03/2022,1
28,Mississippi,280110,0,1,2,1,49,HINDS (49),1220,JACKSON,3,Marzo,12,2022,16,26,SOUTH WEST ST,6,Calle Local Municipalidad,Urbano,Arteria Menor,City or Municipal Highway Agency,0,Sin jurisdiccion especial,99998,32.29887222,-90.18433056,Vehiculo Aparcado,El primer evento no fue una colision con un vehiculo automotor en transporte,Not an Intersection,No fue interseccion,En estacionamiento,Ninguna,Dia total,Despejado,No,NO APLICA,99,99,99,99,1,12/03/2022,2
28,Mississippi,280111,0,0,2,0,121,RANKIN (121),0,NO APLICA,3,Marzo,15,2022,6,56,SR-25,3,Highway estatal,Rural,Arteria Principal,State Highway Agency,1,Sin jurisdiccion especial,99998,32.52918333,-89.83448056,Vehiculo en movimiento,Frente a Detrás,Not an Intersection,No fue interseccion,Sobre calle,Ninguna,Amanecer,lluvia,No,NO APLICA,99,99,99,99,1,15/03/2022,2
28,Mississippi,280112,0,0,2,0,137,TATE (137),0,NO APLICA,3,Marzo,17,2022,7,0,SR-305,3,Highway estatal,Rural,Arteria Menor,State Highway Agency,0,Sin jurisdiccion especial,99998,34.65891667,-89.81036944,Vehiculo en movimiento,Frente a frente,Not an Intersection,No fue interseccion,Sobre calle,Ninguna,Amanecer,Neblina o Humo,No,NO APLICA,7,0,7,19,1,17/03/2022,2
28,Mississippi,280113,0,0,2,0,149,WARREN (149),0,NO APLICA,3,Marzo,17,2022,16,23,SR-27,3,Highway estatal,Urbano,Arteria Menor,State Highway Agency,0,Sin jurisdiccion especial,99998,32.33701389,-90.82552778,Vehiculo en movimiento,Frente a frente,Not an Intersection,No fue interseccion,Sobre calle,Ninguna,Dia total,Despejado,No,NO APLICA,99,99,99,99,1,17/03/2022,3
28,Mississippi,280114,0,0,2,0,151,WASHINGTON (151),0,NO APLICA,3,Marzo,18,2022,11,29,US-61,2,US Highway,Rural,Arteria Principal,State Highway Agency,1,Sin jurisdiccion especial,99998,33.22537778,-90.85691111,Vehiculo en movimiento,Angulo,Not an Intersection,No fue interseccion,Sobre calle,Ninguna,Dia total,Despejado,No,NO APLICA,11,29,11,40,1,18/03/2022,2
28,Mississippi,280115,0,0,1,0,95,MONROE (95),10,ABERDEEN,3,Marzo,20,2022,8,25,US-45,2,US Highway,Rural,Arteria Principal,State Highway Agency,1,Sin jurisdiccion especial,99998,33.81616667,-88.57555833,Zanja,El primer evento no fue una colision con un vehiculo automotor en transporte,Not an Intersection,No fue interseccion,Sobre el lado de la calle,Ninguna,Dia total,Despejado,No,NO APLICA,8,28,8,33,1,20/03/2022,1
28,Mississippi,280116,0,0,1,0,163,YAZOO (163),0,NO APLICA,3,Marzo,20,2022,14,43,US-49,2,US Highway,Rural,Arteria Principal,State Highway Agency,1,Sin jurisdiccion especial,99998,32.61336389,-90.36801389,Volcadura,El primer evento no fue una colision con un vehiculo automotor en transporte,Not an Intersection,No fue interseccion,Sobre el lado de la calle,Ninguna,Dia total,Despejado,No,NO APLICA,14,49,15,8,1,20/03/2022,1
28,Mississippi,280117,0,0,1,0,49,HINDS (49),0,NO APLICA,3,Marzo,21,2022,9,9,I-55,1,Interestatal,Urbano,Interestatal,State Highway Agency,1,Sin jurisdiccion especial,99998,32.15927222,-90.27289444,Acotamiento,El primer evento no fue una colision con un vehiculo automotor en transporte,Not an Intersection,No fue interseccion,Sobre el lado de la calle,Ninguna,Dia total,Despejado,No,NO APLICA,9,9,9,23,1,21/03/2022,2
28,Mississippi,280118,1,1,1,0,75,LAUDERDALE (75),0,NO APLICA,3,Marzo,21,2022,21,14,I-59,1,Interestatal,Urbano,Interestatal,State Highway Agency,1,Sin jurisdiccion especial,99998,32.34473333,-88.76656111,Peaton,El primer evento no fue una colision con un vehiculo automotor en transporte,Not an Intersection,No fue interseccion,Sobre calle,Ninguna,Oscuro sin iluminacion,Despejado,No,NO APLICA,99,99,99,99,1,21/03/2022,1
28,Mississippi,280119,0,0,2,0,63,JEFFERSON (63),0,NO APLICA,3,Marzo,22,2022,1,45,SR-552,3,Highway estatal,Rural,Colector Mayor,State Highway Agency,0,Sin jurisdiccion especial,99998,31.85618333,-91.10952222,Vehiculo en movimiento,Angulo,Not an Intersection,No fue interseccion,Sobre calle,Ninguna,Oscuro sin iluminacion,lluvia,No,NO APLICA,99,98,99,98,2,22/03/2022,3
28,Mississippi,280120,0,0,1,0,145,UNION (145),1740,NEW ALBANY,3,Marzo,23,2022,8,3,NORTH GLENFIELD RD,6,Calle Local Municipalidad,Urbano,Colector Mayor,City or Municipal Highway Agency,0,Sin jurisdiccion especial,99998,34.51380556,-89.034325,Buzon de correo,El primer evento no fue una colision con un vehiculo automotor en transporte,Not an Intersection,No fue interseccion,Sobre el lado de la calle,Ninguna,Dia total,Nublado,No,NO APLICA,99,99,99,99,1,23/03/2022,1
28,Mississippi,280121,0,0,2,0,151,WASHINGTON (151),990,GREENVILLE,3,Marzo,23,2022,15,17,US-82,2,US Highway,Urbano,Arteria Principal,State Highway Agency,1,Sin jurisdiccion especial,99998,33.4,-91.01837778,Vehiculo en movimiento,Frente a frente,Not an Intersection,No fue interseccion,Sobre calle,Ninguna,Dia total,Despejado,No,NO APLICA,15,17,15,31,1,23/03/2022,2
28,Mississippi,280122,0,0,1,0,5,AMITE (5),0,NO APLICA,3,Marzo,24,2022,15,24,SR-33,3,Highway estatal,Rural,Arteria Menor,State Highway Agency,0,Sin jurisdiccion especial,99998,31.28139444,-91.05082778,Volcadura,El primer evento no fue una colision con un vehiculo automotor en transporte,Not an Intersection,No fue interseccion,Sobre el lado de la calle,Ninguna,Dia total,Despejado,No,NO APLICA,99,98,99,98,1,24/03/2022,1
28,Mississippi,280123,1,1,1,0,151,WASHINGTON (151),990,GREENVILLE,3,Marzo,26,2022,1,53,SR-1,3,Highway estatal,Urbano,Arteria Principal,State Highway Agency,1,Sin jurisdiccion especial,99998,33.43183889,-91.03984444,Peaton,El primer evento no fue una colision con un vehiculo automotor en transporte,Not an Intersection,No fue interseccion,Sobre calle,Ninguna,Oscuro - iluminacion desconocida,Despejado,No,NO APLICA,99,99,99,99,1,26/03/2022,1
28,Mississippi,280124,0,0,1,0,49,HINDS (49),1220,JACKSON,3,Marzo,26,2022,9,4,WOODVILLE CIR,6,Calle Local Municipalidad,Urbano,No reportado,City or Municipal Highway Agency,0,Sin jurisdiccion especial,99998,32.26009444,-90.26023611,Poste,El primer evento no fue una colision con un vehiculo automotor en transporte,Not an Intersection,No fue interseccion,Sobre el lado de la calle,Ninguna,Dia total,Reportado como desconocido,No,NO APLICA,99,98,99,98,1,26/03/2022,1
28,Mississippi,280126,0,0,2,0,67,JONES (67),0,NO APLICA,3,Marzo,26,2022,20,35,I-59,1,Interestatal,Rural,Interestatal,State Highway Agency,1,Sin jurisdiccion especial,99998,31.80651111,-89.05376667,Vehiculo en movimiento,Frente a Detrás,Not an Intersection,No fue interseccion,Sobre calle,Ninguna,Oscuro sin iluminacion,Despejado,No,NO APLICA,20,35,20,51,2,26/03/2022,6
28,Mississippi,280127,0,0,2,0,81,LEE (81),2610,TUPELO,3,Marzo,27,2022,20,53,SR-6,3,Highway estatal,Urbano,Arteria Principal,State Highway Agency,1,Sin jurisdiccion especial,99998,34.21002222,-88.71996667,Vehiculo en movimiento,Angulo,Four-Way Intersection,Interseccion de 4 direcciones,Sobre calle,Ninguna,Oscuro con iluminacion,Despejado,No,NO APLICA,99,99,99,99,1,27/03/2022,3
28,Mississippi,280129,0,0,1,0,45,HANCOCK (45),0,NO APLICA,3,Marzo,30,2022,20,0,I-10,1,Interestatal,Rural,Interestatal,State Highway Agency,1,Sin jurisdiccion especial,99998,30.30912778,-89.61898889,Arbol,El primer evento no fue una colision con un vehiculo automotor en transporte,Not an Intersection,No fue interseccion,En el medio,Ninguna,Oscuro sin iluminacion,lluvia,No,NO APLICA,99,98,99,98,1,30/03/2022,1
28,Mississippi,280130,0,0,2,0,93,MARSHALL (93),0,NO APLICA,3,Marzo,30,2022,21,50,US-72,2,US Highway,Rural,Arteria Principal,State Highway Agency,1,Sin jurisdiccion especial,99998,34.95843889,-89.51550833,Vehiculo en movimiento,Angulo,Four-Way Intersection,Interseccion de 4 direcciones,Sobre calle,Ninguna,Dia total,Despejado,No,NO APLICA,99,98,99,98,1,30/03/2022,2
28,Mississippi,280131,0,0,2,0,49,HINDS (49),1220,JACKSON,3,Marzo,31,2022,17,47,TERRY RD,6,Calle Local Municipalidad,Urbano,Arteria Principal,City or Municipal Highway Agency,1,Sin jurisdiccion especial,99998,32.29621944,-90.19774167,Vehiculo en movimiento,Frente a frente,Not an Intersection,No fue interseccion,Sobre calle,Ninguna,Dia total,Despejado,No,NO APLICA,99,99,99,99,2,31/03/2022,4
28,Mississippi,280132,0,0,1,0,49,HINDS (49),1220,JACKSON,4,Abril,1,2022,21,7,CLINTON BLVD,6,Calle Local Municipalidad,Urbano,Arteria Principal,City or Municipal Highway Agency,1,Sin jurisdiccion especial,99998,32.33246111,-90.26763889,Barda,El primer evento no fue una colision con un vehiculo automotor en transporte,Not an Intersection,No fue interseccion,Sobre el lado de la calle,Ninguna,Oscuro con iluminacion,Nublado,No,NO APLICA,99,98,99,98,1,01/04/2022,1
28,Mississippi,280133,0,0,2,0,89,MADISON (89),400,CANTON,4,Abril,3,2022,23,30,I-55,1,Interestatal,Urbano,Interestatal,State Highway Agency,1,Sin jurisdiccion especial,99998,32.56329722,-90.07962778,Vehiculo en movimiento,Golpe Lateral - misma direccion,Not an Intersection,No fue interseccion,Sobre calle,Ninguna,Oscuro sin iluminacion,Despejado,No,NO APLICA,23,47,23,55,1,03/04/2022,2
28,Mississippi,280134,0,0,3,0,87,LOWNDES (87),0,NO APLICA,4,Abril,5,2022,18,23,SR-50,3,Highway estatal,Rural,Colector Mayor,State Highway Agency,0,Sin jurisdiccion especial,99998,33.535575,-88.28617778,Vehiculo en movimiento,Frente a Detrás,T-Intersection,Interseccion de T,Sobre calle,Ninguna,Dia total,Despejado,No,NO APLICA,99,98,99,98,1,05/04/2022,3
28,Mississippi,280135,1,2,2,1,85,LINCOLN (85),320,BROOKHAVEN,4,Abril,5,2022,21,54,EAST MANUFACTURERS BLVD,6,Calle Local Municipalidad,Not Reported,No reportado,City or Municipal Highway Agency,0,Sin jurisdiccion especial,99998,31.60274167,-90.42253333,Peaton,El primer evento no fue una colision con un vehiculo automotor en transporte,Not an Intersection,No fue interseccion,Sobre calle,Ninguna,Oscuro sin iluminacion,Despejado,No,NO APLICA,99,99,99,99,1,05/04/2022,1
28,Mississippi,280136,0,0,1,0,31,COVINGTON (31),0,NO APLICA,4,Abril,6,2022,6,52,US-84,2,US Highway,Rural,Arteria Principal,State Highway Agency,1,Sin jurisdiccion especial,99998,31.68603889,-89.45940556,Arbol,El primer evento no fue una colision con un vehiculo automotor en transporte,Not an Intersection,No fue interseccion,Sobre el lado de la calle,Ninguna,Dia total,Nublado,No,NO APLICA,99,99,99,99,1,06/04/2022,1
28,Mississippi,280137,0,0,1,0,141,TISHOMINGO (141),1210,IUKA,4,Abril,6,2022,18,31,EASTPORT ST,6,Calle Local Municipalidad,Rural,No reportado,City or Municipal Highway Agency,0,Sin jurisdiccion especial,99998,34.811575,-88.18809167,Buzon de correo,El primer evento no fue una colision con un vehiculo automotor en transporte,Not an Intersection,No fue interseccion,Sobre el lado de la calle,Ninguna,Dia total,Nublado,No,NO APLICA,99,98,99,98,1,06/04/2022,1
28,Mississippi,280138,0,1,2,1,59,JACKSON (59),0,NO APLICA,4,Abril,7,2022,7,35,I-10,1,Interestatal,Urbano,Interestatal,State Highway Agency,1,Sin jurisdiccion especial,99998,30.45411944,-88.83130556,Vehiculo Aparcado,El primer evento no fue una colision con un vehiculo automotor en transporte,Not an Intersection,No fue interseccion,Sobre Acotamiento,Ninguna,Dia total,Despejado,No,NO APLICA,99,98,99,98,1,07/04/2022,1
28,Mississippi,280139,1,1,1,0,47,HARRISON (47),230,BILOXI,4,Abril,9,2022,2,0,US-90,2,US Highway,Urbano,Arteria Principal,State Highway Agency,1,Sin jurisdiccion especial,99998,30.3942,-88.89525,Peaton,El primer evento no fue una colision con un vehiculo automotor en transporte,Not an Intersection,No fue interseccion,Sobre calle,Ninguna,Oscuro con iluminacion,Despejado,No,NO APLICA,2,2,2,11,1,09/04/2022,1
28,Mississippi,280140,0,0,2,0,153,WAYNE (153),0,NO APLICA,4,Abril,11,2022,17,29,US-84,2,US Highway,Rural,Arteria Principal,State Highway Agency,1,Sin jurisdiccion especial,99998,31.69677222,-88.82658889,Vehiculo en movimiento,Frente a Detrás,Not an Intersection,No fue interseccion,Sobre calle,Ninguna,Dia total,Despejado,No,NO APLICA,99,99,99,99,1,11/04/2022,2
28,Mississippi,280141,0,0,1,0,133,SUNFLOWER (133),0,NO APLICA,4,Abril,2,2022,13,13,US-49,2,US Highway,Rural,Arteria Principal,State Highway Agency,1,Sin jurisdiccion especial,99998,33.57158611,-90.52670278,Volcadura,El primer evento no fue una colision con un vehiculo automotor en transporte,Not an Intersection,No fue interseccion,Sobre calle,Ninguna,Dia total,Despejado,No,NO APLICA,99,98,99,98,1,02/04/2022,1
28,Mississippi,280142,0,0,2,0,163,YAZOO (163),0,NO APLICA,4,Abril,9,2022,6,19,SR-3,3,Highway estatal,Rural,Arteria Menor,State Highway Agency,0,Sin jurisdiccion especial,99998,32.62345833,-90.57330556,Vehiculo en movimiento,Frente a frente,Not an Intersection,No fue interseccion,Sobre calle,Ninguna,Oscuro sin iluminacion,Despejado,No,NO APLICA,99,98,99,98,1,09/04/2022,2
28,Mississippi,280143,0,0,2,0,107,PANOLA (107),0,NO APLICA,4,Abril,10,2022,18,40,SR-310,3,Highway estatal,Rural,Colector Mayor,State Highway Agency,0,Sin jurisdiccion especial,99998,34.51072778,-90.09061389,Vehiculo en movimiento,Frente a frente,Not an Intersection,No fue interseccion,Sobre calle,Ninguna,Dia total,Despejado,No,NO APLICA,99,99,99,99,1,10/04/2022,3
28,Mississippi,280144,1,1,1,0,33,DE SOTO (33),1830,OLIVE BRANCH,4,Abril,11,2022,5,46,SR-302,3,Highway estatal,Urbano,Arteria Principal,State Highway Agency,1,Sin jurisdiccion especial,99998,34.962475,-89.90365833,Peaton,El primer evento no fue una colision con un vehiculo automotor en transporte,Not an Intersection,No fue interseccion,Sobre calle,Ninguna,Oscuro sin iluminacion,Despejado,No,NO APLICA,99,99,99,99,1,11/04/2022,1
28,Mississippi,280145,0,0,2,0,145,UNION (145),0,NO APLICA,4,Abril,12,2022,7,52,I-22,1,Interestatal,Rural,Interestatal,State Highway Agency,1,Sin jurisdiccion especial,99998,34.58469444,-89.16552778,Vehiculo en movimiento,Frente a Detrás,Not an Intersection,No fue interseccion,Sobre calle,Ninguna,Dia total,Despejado,No,NO APLICA,99,98,99,98,1,12/04/2022,2
28,Mississippi,280146,0,0,1,0,135,TALLAHATCHIE (135),0,NO APLICA,3,Marzo,4,2022,20,25,CR-TRUE VINE CHURCH RD,4,Calle del Condado,Rural,No reportado,County Highway Agency,0,Sin jurisdiccion especial,99998,34.01424167,-90.28150833,Vehiculo Ferrocarril,El primer evento no fue una colision con un vehiculo automotor en transporte,Not an Intersection,No fue interseccion,Sobre calle,Ninguna,Oscuro sin iluminacion,Despejado,No,300642S,99,98,99,98,1,04/03/2022,1
28,Mississippi,280147,0,0,2,0,129,SMITH (129),0,NO APLICA,4,Abril,12,2022,20,27,SR-13,3,Highway estatal,Rural,Arteria Menor,State Highway Agency,0,Sin jurisdiccion especial,99998,32.20516944,-89.69213056,Vehiculo en movimiento,Frente a frente,Not an Intersection,No fue interseccion,Sobre calle,Ninguna,Oscuro sin iluminacion,Despejado,No,NO APLICA,99,99,99,99,1,12/04/2022,4
28,Mississippi,280148,0,0,1,0,59,JACKSON (59),0,NO APLICA,4,Abril,13,2022,7,44,I-10,1,Interestatal,Rural,Interestatal,State Highway Agency,1,Sin jurisdiccion especial,99998,30.43445833,-88.66336944,Poste,El primer evento no fue una colision con un vehiculo automotor en transporte,Not an Intersection,No fue interseccion,Sobre el lado de la calle,Ninguna,Dia total,Despejado,No,NO APLICA,99,98,99,98,1,13/04/2022,1
28,Mississippi,280149,0,0,1,0,45,HANCOCK (45),0,NO APLICA,4,Abril,14,2022,4,0,I-10,1,Interestatal,Rural,Interestatal,State Highway Agency,1,Sin jurisdiccion especial,99998,30.33164167,-89.52429722,Arbol,El primer evento no fue una colision con un vehiculo automotor en transporte,Not an Intersection,No fue interseccion,En el medio,Ninguna,Oscuro sin iluminacion,lluvia,No,NO APLICA,4,21,4,35,2,14/04/2022,4
28,Mississippi,280150,0,0,1,0,113,PIKE (113),0,NO APLICA,4,Abril,16,2022,0,50,CR-PARK DRIVE EXT,4,Calle del Condado,Rural,No reportado,County Highway Agency,0,Sin jurisdiccion especial,99998,31.23118056,-90.49158333,Volcadura,El primer evento no fue una colision con un vehiculo automotor en transporte,Not an Intersection,No fue interseccion,Sobre el lado de la calle,Ninguna,Oscuro sin iluminacion,Despejado,No,NO APLICA,99,99,99,99,1,16/04/2022,1
28,Mississippi,280151,0,0,2,0,3,ALCORN (3),560,CORINTH,4,Abril,16,2022,8,34,PROPER ST,6,Calle Local Municipalidad,Urbano,Arteria Menor,City or Municipal Highway Agency,0,Sin jurisdiccion especial,99998,34.93064167,-88.47134444,Vehiculo en movimiento,Frente a frente,Not an Intersection,No fue interseccion,Sobre calle,Ninguna,Dia total,Nublado,No,NO APLICA,99,99,99,99,1,16/04/2022,2
28,Mississippi,280152,0,0,2,0,3,ALCORN (3),560,CORINTH,2,Febrero,3,2022,22,14,US-72,2,US Highway,Urbano,Arteria Principal,State Highway Agency,1,Sin jurisdiccion especial,99998,34.90221389,-88.47966944,Vehiculo en movimiento,Angulo,Not an Intersection,No fue interseccion,Sobre calle,Ninguna,Oscuro con iluminacion,lluvia,No,NO APLICA,22,19,22,22,1,03/02/2022,4
28,Mississippi,280153,1,1,1,0,59,JACKSON (59),1900,PASCAGOULA,3,Marzo,18,2022,6,21,US-90,2,US Highway,Urbano,Arteria Principal,State Highway Agency,1,Sin jurisdiccion especial,99998,30.37106944,-88.54071667,Peaton,El primer evento no fue una colision con un vehiculo automotor en transporte,Not an Intersection,No fue interseccion,Sobre calle,Ninguna,Oscuro sin iluminacion,Nublado,No,NO APLICA,99,98,99,98,1,18/03/2022,1
28,Mississippi,280154,0,0,1,0,89,MADISON (89),0,NO APLICA,3,Marzo,28,2022,17,48,I-55,1,Interestatal,Urbano,Interestatal,State Highway Agency,1,Sin jurisdiccion especial,99998,32.64595833,-90.06290833,Arbol,El primer evento no fue una colision con un vehiculo automotor en transporte,Not an Intersection,No fue interseccion,Sobre el lado de la calle,Ninguna,Dia total,Despejado,No,NO APLICA,99,98,99,98,1,28/03/2022,1
28,Mississippi,280155,0,0,2,0,53,HUMPHREYS (53),0,NO APLICA,4,Abril,16,2022,17,15,SR-12,3,Highway estatal,Rural,Arteria Menor,State Highway Agency,0,Sin jurisdiccion especial,99998,33.18371667,-90.56586111,Vehiculo en movimiento,Frente a frente,Not an Intersection,No fue interseccion,Sobre calle,Ninguna,Dia total,Despejado,No,NO APLICA,99,98,99,98,2,16/04/2022,2
28,Mississippi,280156,0,0,1,0,121,RANKIN (121),1985,RICHLAND,4,Abril,16,2022,22,9,NORTH CHURCH STREET,6,Calle Local Municipalidad,Urbano,No reportado,City or Municipal Highway Agency,0,Sin jurisdiccion especial,99998,32.19897222,-90.14731111,Arbol,El primer evento no fue una colision con un vehiculo automotor en transporte,Not an Intersection,No fue interseccion,Sobre el lado de la calle,Ninguna,Oscuro sin iluminacion,Despejado,No,NO APLICA,99,99,99,99,1,16/04/2022,1
28,Mississippi,280157,0,0,1,0,131,STONE (131),0,NO APLICA,4,Abril,17,2022,11,31,CR-OLD HIGHWAY 49,4,Calle del Condado,Rural,No reportado,County Highway Agency,0,Sin jurisdiccion especial,99998,30.68519167,-89.14087778,Zanja,El primer evento no fue una colision con un vehiculo automotor en transporte,Not an Intersection,No fue interseccion,Sobre el lado de la calle,Ninguna,Dia total,lluvia,No,NO APLICA,99,98,99,98,1,17/04/2022,1
28,Mississippi,280158,1,1,1,0,123,SCOTT (123),0,NO APLICA,4,Abril,17,2022,18,0,CR-LITTLE RIVER RD,4,Calle del Condado,Rural,No reportado,County Highway Agency,0,Sin jurisdiccion especial,99998,32.43405833,-89.48571944,Peaton,El primer evento no fue una colision con un vehiculo automotor en transporte,Not an Intersection,No fue interseccion,Sobre calle,Ninguna,Oscuro sin iluminacion,lluvia,No,NO APLICA,99,99,99,99,1,17/04/2022,1
28,Mississippi,280159,0,0,2,0,85,LINCOLN (85),0,NO APLICA,4,Abril,18,2022,8,40,I-55,1,Interestatal,Rural,Interestatal,State Highway Agency,1,Sin jurisdiccion especial,99998,31.68473056,-90.45329722,Vehiculo en movimiento,Frente a Detrás,Not an Intersection,No fue interseccion,Sobre calle,Ninguna,Dia total,Despejado,No,NO APLICA,99,98,99,98,1,18/04/2022,2
28,Mississippi,280160,0,0,1,0,93,MARSHALL (93),0,NO APLICA,4,Abril,19,2022,15,24,US-72,2,US Highway,Rural,Arteria Principal,State Highway Agency,1,Sin jurisdiccion especial,99998,34.95353611,-89.48479722,Culvert,El primer evento no fue una colision con un vehiculo automotor en transporte,Not an Intersection,No fue interseccion,Sobre el lado de la calle,Ninguna,Dia total,Despejado,No,NO APLICA,15,27,15,43,1,19/04/2022,4
28,Mississippi,280161,0,0,3,0,87,LOWNDES (87),0,NO APLICA,4,Abril,19,2022,21,37,US-45,2,US Highway,Rural,Colector Mayor,State Highway Agency,1,Sin jurisdiccion especial,99998,33.57507778,-88.43005,Vehiculo en movimiento,Frente a frente,Not an Intersection,No fue interseccion,Sobre calle,Ninguna,Oscuro sin iluminacion,Despejado,No,NO APLICA,99,99,99,99,2,19/04/2022,4
28,Mississippi,280162,0,0,1,0,87,LOWNDES (87),0,NO APLICA,4,Abril,20,2022,5,11,CR-TARLTON RD,4,Calle del Condado,Rural,Colector Mayor,County Highway Agency,0,Sin jurisdiccion especial,99998,33.30184722,-88.57281111,Arbol,El primer evento no fue una colision con un vehiculo automotor en transporte,Not an Intersection,No fue interseccion,Sobre el lado de la calle,Ninguna,Oscuro sin iluminacion,Despejado,No,NO APLICA,99,99,99,99,1,20/04/2022,1
28,Mississippi,280163,0,0,2,1,43,GRENADA (43),0,NO APLICA,4,Abril,22,2022,5,52,US-51,2,US Highway,Urbano,Arteria Principal,State Highway Agency,1,Sin jurisdiccion especial,99998,33.721425,-89.78153889,Otra barrera de trafico,El primer evento no fue una colision con un vehiculo automotor en transporte,Not an Intersection,No fue interseccion,Sobre el lado de la calle,Construccion,Oscuro sin iluminacion,Despejado,No,NO APLICA,5,53,5,59,1,22/04/2022,1
28,Mississippi,280164,0,0,2,0,31,COVINGTON (31),520,COLLINS,4,Abril,22,2022,6,36,US-49,2,US Highway,Rural,Arteria Principal,State Highway Agency,1,Sin jurisdiccion especial,99998,31.65130833,-89.57036389,Vehiculo en movimiento,Frente a Detrás,Four-Way Intersection,Interseccion de 4 direcciones,Sobre calle,Ninguna,Dia total,Despejado,No,NO APLICA,99,99,99,99,1,22/04/2022,2
28,Mississippi,280165,1,1,2,0,43,GRENADA (43),1010,GRENADA,4,Abril,22,2022,21,11,SR-8,3,Highway estatal,Urbano,Arteria Principal,State Highway Agency,1,Sin jurisdiccion especial,99998,33.7789,-89.78038056,Peaton,El primer evento no fue una colision con un vehiculo automotor en transporte,T-Intersection,Interseccion de T,Sobre calle,Ninguna,Oscuro con iluminacion,Despejado,No,NO APLICA,99,98,99,98,1,22/04/2022,2