Estado,Nombre de Estado,Numero de Caso,Peatones,Personas _no_vehiculos,Vehiculos automotores,Vehiculos estacionados,Condado,Nombre Condado,Ciudad,Nombre Ciudad,Mes,Nombre Mes,Dia,Año,Hora,Minuto,Calle,Ruta,Nombre Ruta,Rural o Urbanoo,Sistema Funcional,Dueño Calle,Sistema Nacional Carreteras,Jurisdiccion Especial,Milla,Latitud,Longitud,Causa del Accidente,Tipo de Accidente,Tipo Interseccion,Columna1,Lugar en la calle,Zona de Trabajo,Luz,Clima,Autobus Escolar,Cruce de Trenes,Hora Notificacion,Minuto Notificacion,Hora Llegada,Minuto Llegada,Decesos,Fecha,PersonaVehiculo
28,Mississippi,280166,1,1,1,0,137,TATE (137),2290,SENATOBIA,4,Abril,22,2022,22,47,WEST MAIN ST,6,Calle Local Municipalidad,Urbano,Arteria Menor,City or Municipal Highway Agency,0,Sin jurisdiccion especial,99998,34.61693611,-89.97820833,Peaton,El primer evento no fue una colision con un vehiculo automotor en transporte,Not an Intersection,No fue interseccion,Sobre calle,Ninguna,Oscuro sin iluminacion,Despejado,No,NO APLICA,99,99,99,99,1,22/04/2022,1
28,Mississippi,280167,3,3,1,0,73,LAMAR (73),0,NO APLICA,4,Abril,23,2022,2,27,CR-OAK GROVE RD,4,Calle del Condado,Urbano,Arteria Menor,County Highway Agency,0,Sin jurisdiccion especial,99998,31.29152778,-89.39213611,Peaton,El primer evento no fue una colision con un vehiculo automotor en transporte,Not an Intersection,No fue interseccion,Reportado como desconocida,Ninguna,Oscuro sin iluminacion,Despejado,No,NO APLICA,99,99,99,99,1,23/04/2022,1
28,Mississippi,280168,0,0,2,0,105,OKTIBBEHA (105),0,NO APLICA,4,Abril,23,2022,19,46,CR-1485 WILLIAMS RD,4,Calle del Condado,Rural,No reportado,County Highway Agency,0,Sin jurisdiccion especial,99998,33.38319722,-88.83951111,Vehiculo en movimiento,Frente a Detrás,Not an Intersection,No fue interseccion,Sobre calle,Ninguna,Atardecer,Despejado,No,NO APLICA,19,56,20,0,1,23/04/2022,5
28,Mississippi,280169,0,0,1,0,121,RANKIN (121),0,NO APLICA,4,Abril,23,2022,21,22,CR-STAR RD,4,Calle del Condado,Urbano,Colector Mayor,County Highway Agency,0,Sin jurisdiccion especial,99998,32.19740278,-89.99012778,Volcadura,El primer evento no fue una colision con un vehiculo automotor en transporte,Not an Intersection,No fue interseccion,Sobre el lado de la calle,Ninguna,Oscuro sin iluminacion,Despejado,No,NO APLICA,99,99,99,99,1,23/04/2022,1
28,Mississippi,280170,0,0,1,0,127,SIMPSON (127),0,NO APLICA,4,Abril,24,2022,0,27,CR-BLUEBERRY HILL RD,4,Calle del Condado,Rural,No reportado,County Highway Agency,9,Sin jurisdiccion especial,99998,31.89874444,-89.8849,Arbol,El primer evento no fue una colision con un vehiculo automotor en transporte,Not an Intersection,No fue interseccion,Sobre el lado de la calle,Ninguna,Oscuro sin iluminacion,Despejado,No,NO APLICA,99,99,99,99,1,24/04/2022,1
28,Mississippi,280172,1,1,1,0,141,TISHOMINGO (141),1210,IUKA,4,Abril,25,2022,14,15,US-72,2,US Highway,Rural,Arteria Principal,State Highway Agency,1,Sin jurisdiccion especial,99998,34.78133056,-88.17571111,Ciclista,El primer evento no fue una colision con un vehiculo automotor en transporte,Not an Intersection,No fue interseccion,Sobre calle,Ninguna,Dia total,lluvia,No,NO APLICA,99,98,99,98,1,25/04/2022,1
28,Mississippi,280173,0,0,2,0,45,HANCOCK (45),0,NO APLICA,4,Abril,26,2022,16,11,SR-43,3,Highway estatal,Rural,Arteria Menor,State Highway Agency,0,Sin jurisdiccion especial,99998,30.51670556,-89.51631111,Vehiculo en movimiento,Frente a Detrás,Not an Intersection,No fue interseccion,Sobre calle,Ninguna,Dia total,Despejado,No,NO APLICA,99,99,99,99,1,26/04/2022,2
28,Mississippi,280174,0,0,2,0,25,CLAY (25),0,NO APLICA,4,Abril,27,2022,6,3,SR-389,3,Highway estatal,Rural,Colector Mayor,State Highway Agency,0,Sin jurisdiccion especial,99998,33.62786111,-88.94467778,Vehiculo en movimiento,Frente a frente,Not an Intersection,No fue interseccion,Sobre calle,Ninguna,Dia total,Nublado,No,NO APLICA,99,99,99,99,1,27/04/2022,2
28,Mississippi,280175,0,0,2,0,121,RANKIN (121),0,NO APLICA,4,Abril,28,2022,11,8,CR-NORTHSHORE PARKWAY,4,Calle del Condado,Urbano,Colector Mayor,County Highway Agency,0,Sin jurisdiccion especial,99998,32.38817222,-90.03551944,Vehiculo en movimiento,Angulo,Four-Way Intersection,Interseccion de 4 direcciones,Sobre calle,Ninguna,Dia total,Despejado,No,NO APLICA,11,13,11,23,1,28/04/2022,2
28,Mississippi,280176,1,1,1,0,47,HARRISON (47),230,BILOXI,4,Abril,29,2022,22,20,US-90,2,US Highway,Urbano,Arteria Principal,State Highway Agency,1,Sin jurisdiccion especial,99998,30.3933,-88.88167778,Peaton,El primer evento no fue una colision con un vehiculo automotor en transporte,Not an Intersection,No fue interseccion,Sobre calle,Ninguna,Oscuro con iluminacion,Despejado,No,NO APLICA,22,20,22,32,1,29/04/2022,1
28,Mississippi,280177,0,0,1,0,35,FORREST (35),1050,HATTIESBURG,4,Abril,30,2022,14,0,WEST 4TH ST,6,Calle Local Municipalidad,Urbano,Arteria Menor,City or Municipal Highway Agency,0,Sin jurisdiccion especial,99998,31.33239722,-89.34040833,Banqueta,El primer evento no fue una colision con un vehiculo automotor en transporte,Not an Intersection,No fue interseccion,Sobre el lado de la calle,Ninguna,Dia total,Despejado,No,NO APLICA,99,98,99,98,1,30/04/2022,1
28,Mississippi,280179,0,0,1,0,121,RANKIN (121),0,NO APLICA,4,Abril,16,2022,4,45,US-80,2,US Highway,Urbano,Arteria Principal,State Highway Agency,1,Sin jurisdiccion especial,99998,32.27280278,-89.96441111,Arbol,El primer evento no fue una colision con un vehiculo automotor en transporte,Not an Intersection,No fue interseccion,Sobre el lado de la calle,Ninguna,Oscuro sin iluminacion,Despejado,No,NO APLICA,99,98,99,98,1,16/04/2022,1
28,Mississippi,280180,1,1,1,0,47,HARRISON (47),1020,GULFPORT,4,Abril,22,2022,21,13,US-90,2,US Highway,Urbano,Arteria Principal,State Highway Agency,1,Sin jurisdiccion especial,99998,30.36429444,-89.09746667,Ciclista,El primer evento no fue una colision con un vehiculo automotor en transporte,Four-Way Intersection,Interseccion de 4 direcciones,Sobre calle,Ninguna,Oscuro con iluminacion,Despejado,No,NO APLICA,99,99,99,99,1,22/04/2022,1
28,Mississippi,280181,0,0,1,0,65,JEFFERSON DAVIS (65),0,NO APLICA,4,Abril,24,2022,18,6,SR-13,3,Highway estatal,Rural,Arteria Menor,State Highway Agency,0,Sin jurisdiccion especial,99998,31.63415556,-89.85820833,Culvert,El primer evento no fue una colision con un vehiculo automotor en transporte,Not an Intersection,No fue interseccion,Sobre el lado de la calle,Ninguna,Dia total,Despejado,No,NO APLICA,99,99,99,99,1,24/04/2022,3
28,Mississippi,280182,0,0,1,0,121,RANKIN (121),0,NO APLICA,4,Abril,25,2022,18,33,I-55,1,Interestatal,Urbano,Interestatal,State Highway Agency,1,Sin jurisdiccion especial,99998,32.27742222,-90.17518611,Volcadura,El primer evento no fue una colision con un vehiculo automotor en transporte,Not an Intersection,No fue interseccion,Sobre el lado de la calle,Ninguna,Oscuro sin iluminacion,Despejado,No,NO APLICA,99,98,99,98,1,25/04/2022,1
28,Mississippi,280183,0,0,2,0,31,COVINGTON (31),0,NO APLICA,4,Abril,27,2022,14,50,CR-MAGEE RD,4,Calle del Condado,Rural,No reportado,County Highway Agency,0,Sin jurisdiccion especial,99998,31.69192778,-89.43275556,Vehiculo en movimiento,Frente a frente,Not an Intersection,No fue interseccion,Sobre calle,Ninguna,Dia total,Despejado,No,NO APLICA,14,50,14,57,1,27/04/2022,4
28,Mississippi,280184,0,0,1,0,9,BENTON (9),0,NO APLICA,5,Mayo,1,2022,3,5,SR-4,3,Highway estatal,Rural,Arteria Menor,State Highway Agency,0,Sin jurisdiccion especial,99998,34.74853333,-89.09145833,Zanja,El primer evento no fue una colision con un vehiculo automotor en transporte,Not an Intersection,No fue interseccion,Sobre el lado de la calle,Ninguna,Oscuro sin iluminacion,Nublado,No,NO APLICA,99,98,99,98,1,01/05/2022,1
28,Mississippi,280185,0,0,1,0,49,HINDS (49),1220,JACKSON,5,Mayo,1,2022,22,57,LAKEWOOD DR,6,Calle Local Municipalidad,Urbano,No reportado,City or Municipal Highway Agency,0,Sin jurisdiccion especial,99998,32.262075,-90.24950833,Buzon de correo,El primer evento no fue una colision con un vehiculo automotor en transporte,Not an Intersection,No fue interseccion,Sobre el lado de la calle,Ninguna,Oscuro con iluminacion,Nublado,No,NO APLICA,99,98,99,98,1,01/05/2022,1
28,Mississippi,280186,1,1,1,0,35,FORREST (35),1050,HATTIESBURG,5,Mayo,4,2022,22,20,US-49,2,US Highway,Urbano,Arteria Principal,State Highway Agency,1,Sin jurisdiccion especial,99998,31.31155,-89.32107778,Peaton,El primer evento no fue una colision con un vehiculo automotor en transporte,Not an Intersection,No fue interseccion,Sobre calle,Ninguna,Dia total,Despejado,No,NO APLICA,22,20,22,38,1,04/05/2022,1
28,Mississippi,280187,1,1,1,0,123,SCOTT (123),1670,MORTON,5,Mayo,5,2022,20,47,US-80,2,US Highway,Rural,Colector Mayor,State Highway Agency,0,Sin jurisdiccion especial,99998,32.35333056,-89.63261944,Ciclista,El primer evento no fue una colision con un vehiculo automotor en transporte,Not an Intersection,No fue interseccion,Sobre calle,Ninguna,Oscuro con iluminacion,Nublado,No,NO APLICA,20,47,20,55,1,05/05/2022,1
28,Mississippi,280188,0,0,1,0,59,JACKSON (59),0,NO APLICA,4,Abril,3,2022,0,20,I-10,1,Interestatal,Rural,Interestatal,State Highway Agency,1,Sin jurisdiccion especial,99998,30.44371111,-88.72281111,Valla Ferrocarril,El primer evento no fue una colision con un vehiculo automotor en transporte,Not an Intersection,No fue interseccion,Sobre el lado de la calle,Ninguna,Oscuro sin iluminacion,Despejado,No,NO APLICA,99,98,99,98,1,03/04/2022,1
28,Mississippi,280189,0,0,2,0,123,SCOTT (123),1670,MORTON,4,Abril,8,2022,20,20,US-481,2,US Highway,Urbano,Local,State Highway Agency,9,Sin jurisdiccion especial,99998,32.3544,-89.664075,Vehiculo en movimiento,Frente a frente,Not an Intersection,No fue interseccion,Sobre calle,Ninguna,Oscuro sin iluminacion,Despejado,No,NO APLICA,20,29,20,32,1,08/04/2022,2
28,Mississippi,280190,0,0,2,0,149,WARREN (149),0,NO APLICA,5,Mayo,3,2022,11,19,SR-27,3,Highway estatal,Rural,Arteria Menor,State Highway Agency,0,Sin jurisdiccion especial,99998,32.28725278,-90.78795833,Vehiculo en movimiento,Frente a frente,Not an Intersection,No fue interseccion,Sobre calle,Ninguna,Dia total,Despejado,No,NO APLICA,99,98,99,98,1,03/05/2022,2
28,Mississippi,280191,0,0,2,0,35,FORREST (35),0,NO APLICA,5,Mayo,6,2022,3,25,I-59,1,Interestatal,Rural,Interestatal,State Highway Agency,1,Sin jurisdiccion especial,99998,31.20616389,-89.33529722,Vehiculo en movimiento,Frente a Detrás,Not an Intersection,No fue interseccion,Sobre calle,Ninguna,Oscuro sin iluminacion,lluvia,No,NO APLICA,3,25,3,43,1,06/05/2022,3
28,Mississippi,280192,0,0,2,0,27,COAHOMA (27),0,NO APLICA,5,Mayo,6,2022,11,34,US-61,2,US Highway,Rural,Arteria Principal,State Highway Agency,1,Sin jurisdiccion especial,99998,34.36064722,-90.48578889,Vehiculo en movimiento,Angulo,Four-Way Intersection,Interseccion de 4 direcciones,Sobre calle,Ninguna,Dia total,Nublado,No,NO APLICA,11,36,11,59,1,06/05/2022,2
28,Mississippi,280193,0,0,1,0,51,HOLMES (51),0,NO APLICA,5,Mayo,7,2022,15,40,US-49,2,US Highway,Rural,Arteria Menor,State Highway Agency,0,Sin jurisdiccion especial,99998,33.230625,-90.21953889,Arbol,El primer evento no fue una colision con un vehiculo automotor en transporte,Not an Intersection,No fue interseccion,Sobre el lado de la calle,Ninguna,Dia total,Despejado,No,NO APLICA,15,40,15,45,1,07/05/2022,2
28,Mississippi,280194,0,0,2,0,83,LEFLORE (83),0,NO APLICA,5,Mayo,8,2022,18,32,US-49,2,US Highway,Rural,Arteria Menor,State Highway Agency,0,Sin jurisdiccion especial,99998,33.44505278,-90.20764722,Vehiculo en movimiento,Angulo,T-Intersection,Interseccion de T,Sobre calle,Ninguna,Dia total,Despejado,No,NO APLICA,18,45,19,11,1,08/05/2022,3
28,Mississippi,280195,1,1,1,0,47,HARRISON (47),230,BILOXI,5,Mayo,9,2022,2,15,I-10,1,Interestatal,Urbano,Interestatal,State Highway Agency,1,Sin jurisdiccion especial,99998,30.46027222,-88.9762,Peaton,El primer evento no fue una colision con un vehiculo automotor en transporte,Not an Intersection,No fue interseccion,Sobre calle,Ninguna,Oscuro sin iluminacion,Despejado,No,NO APLICA,2,15,2,27,1,09/05/2022,2
28,Mississippi,280196,1,1,1,0,49,HINDS (49),1220,JACKSON,5,Mayo,9,2022,20,28,I-55,1,Interestatal,Urbano,Interestatal,State Highway Agency,1,Sin jurisdiccion especial,99998,32.27089444,-90.21066944,Peaton,El primer evento no fue una colision con un vehiculo automotor en transporte,Not an Intersection,No fue interseccion,Sobre calle,Ninguna,Oscuro con iluminacion,Despejado,No,NO APLICA,99,98,99,98,1,09/05/2022,2
28,Mississippi,280197,0,0,2,0,57,ITAWAMBA (57),0,NO APLICA,5,Mayo,10,2022,8,36,I-22,1,Interestatal,Rural,Interestatal,State Highway Agency,1,Sin jurisdiccion especial,99998,34.23997222,-88.40871667,Vehiculo en movimiento,Golpe Lateral - misma direccion,Not an Intersection,No fue interseccion,Sobre calle,Ninguna,Dia total,Despejado,No,NO APLICA,8,38,9,9,1,10/05/2022,3
28,Mississippi,280198,1,1,1,0,143,TUNICA (143),0,NO APLICA,4,Abril,2,2022,20,34,CR-3425,4,Calle del Condado,Rural,Colector Mayor,County Highway Agency,0,Sin jurisdiccion especial,99998,34.7188,-90.37716667,Peaton,El primer evento no fue una colision con un vehiculo automotor en transporte,Not an Intersection,No fue interseccion,Sobre el lado de la calle,Ninguna,Oscuro con iluminacion,Despejado,No,NO APLICA,20,34,20,41,1,02/04/2022,1
28,Mississippi,280199,1,1,1,0,127,SIMPSON (127),0,NO APLICA,4,Abril,5,2022,20,44,US-49,2,US Highway,Rural,Arteria Principal,State Highway Agency,1,Sin jurisdiccion especial,99998,31.79294167,-89.68763889,Ciclista,El primer evento no fue una colision con un vehiculo automotor en transporte,Not an Intersection,No fue interseccion,Sobre calle,Ninguna,Oscuro sin iluminacion,Despejado,No,NO APLICA,99,98,99,98,1,05/04/2022,1
28,Mississippi,280200,0,0,1,0,63,JEFFERSON (63),0,NO APLICA,4,Abril,9,2022,23,21,CR-WOODVINE RD,4,Calle del Condado,Rural,Colector Mayor,County Highway Agency,0,Sin jurisdiccion especial,99998,31.817625,-90.983125,Arbol,El primer evento no fue una colision con un vehiculo automotor en transporte,Not an Intersection,No fue interseccion,Sobre el lado de la calle,Ninguna,Oscuro sin iluminacion,Despejado,No,NO APLICA,99,99,99,99,1,09/04/2022,1
28,Mississippi,280201,0,0,1,0,29,COPIAH (29),0,NO APLICA,4,Abril,16,2022,1,42,SR-27,3,Highway estatal,Rural,Arteria Menor,State Highway Agency,0,Sin jurisdiccion especial,99998,32.03038889,-90.38768056,Volcadura,El primer evento no fue una colision con un vehiculo automotor en transporte,Not an Intersection,No fue interseccion,Sobre el lado de la calle,Ninguna,Oscuro sin iluminacion,lluvia,No,NO APLICA,99,99,99,99,1,16/04/2022,3
28,Mississippi,280202,0,0,2,0,33,DE SOTO (33),2422,SOUTHAVEN,4,Abril,21,2022,20,15,SR-302,3,Highway estatal,Urbano,Arteria Principal,State Highway Agency,1,Sin jurisdiccion especial,99998,34.96247222,-89.94293889,Vehiculo en movimiento,Frente a Detrás,Not an Intersection,No fue interseccion,Sobre calle,Ninguna,Dia total,Despejado,No,NO APLICA,99,99,99,99,1,21/04/2022,3
28,Mississippi,280203,0,0,2,0,31,COVINGTON (31),1700,MOUNT OLIVE,4,Abril,26,2022,12,55,US-49,2,US Highway,Rural,Arteria Principal,State Highway Agency,1,Sin jurisdiccion especial,99998,31.74860556,-89.65215,Vehiculo en movimiento,Angulo,Four-Way Intersection,Interseccion de 4 direcciones,Sobre calle,Ninguna,Dia total,Despejado,No,NO APLICA,13,12,13,26,1,26/04/2022,2
28,Mississippi,280204,0,0,2,0,71,LAFAYETTE (71),0,NO APLICA,4,Abril,27,2022,2,6,US-278,2,US Highway,Rural,Arteria Principal,State Highway Agency,1,Sin jurisdiccion especial,99998,34.35790833,-89.62285833,Vehiculo en movimiento,Frente a Detrás,Not an Intersection,No fue interseccion,Sobre calle,Ninguna,Oscuro sin iluminacion,Despejado,No,NO APLICA,99,98,99,98,1,27/04/2022,3
28,Mississippi,280205,1,1,1,0,71,LAFAYETTE (71),0,NO APLICA,5,Mayo,10,2022,20,25,SR-7,3,Highway estatal,Rural,Arteria Principal,State Highway Agency,1,Sin jurisdiccion especial,99998,34.27868889,-89.52079167,Peaton,El primer evento no fue una colision con un vehiculo automotor en transporte,Not an Intersection,No fue interseccion,Sobre calle,Ninguna,Oscuro sin iluminacion,Despejado,No,NO APLICA,99,99,99,99,1,10/05/2022,2
28,Mississippi,280206,0,0,1,0,69,KEMPER (69),0,NO APLICA,5,Mayo,8,2022,13,39,US-45,2,US Highway,Rural,Arteria Principal,State Highway Agency,1,Sin jurisdiccion especial,99998,32.81766389,-88.45835,Valla Ferrocarril,El primer evento no fue una colision con un vehiculo automotor en transporte,Not an Intersection,No fue interseccion,En el medio,Ninguna,Dia total,Despejado,No,NO APLICA,99,98,99,98,1,08/05/2022,1
28,Mississippi,280207,0,0,1,0,27,COAHOMA (27),0,NO APLICA,5,Mayo,10,2022,11,57,SR-1,3,Highway estatal,Rural,Arteria Menor,State Highway Agency,0,Sin jurisdiccion especial,99998,34.16555,-90.75854722,Acotamiento,El primer evento no fue una colision con un vehiculo automotor en transporte,Not an Intersection,No fue interseccion,Sobre el lado de la calle,Ninguna,Dia total,Despejado,No,NO APLICA,11,58,12,14,1,10/05/2022,1
28,Mississippi,280208,0,0,1,0,41,GREENE (41),0,NO APLICA,5,Mayo,11,2022,8,49,SR-57,3,Highway estatal,Rural,Colector Mayor,State Highway Agency,0,Sin jurisdiccion especial,99998,31.13257778,-88.63105833,Arbol,El primer evento no fue una colision con un vehiculo automotor en transporte,Not an Intersection,No fue interseccion,Sobre el lado de la calle,Ninguna,Dia total,Despejado,No,NO APLICA,99,98,99,98,1,11/05/2022,1
28,Mississippi,280209,0,0,1,0,137,TATE (137),2290,SENATOBIA,5,Mayo,14,2022,2,30,HAMMOND HILL RD,6,Calle Local Municipalidad,Urbano,Arteria Menor,City or Municipal Highway Agency,0,Sin jurisdiccion especial,99998,34.60823611,-90.00387222,Arbol,El primer evento no fue una colision con un vehiculo automotor en transporte,Not an Intersection,No fue interseccion,Sobre el lado de la calle,Ninguna,Oscuro sin iluminacion,Nublado,No,NO APLICA,99,98,99,98,2,14/05/2022,2
28,Mississippi,280210,0,0,1,0,135,TALLAHATCHIE (135),0,NO APLICA,5,Mayo,14,2022,7,17,SR-321,3,Highway estatal,Rural,Colector Mayor,State Highway Agency,0,Sin jurisdiccion especial,99998,33.96605833,-90.31613333,Acotamiento,El primer evento no fue una colision con un vehiculo automotor en transporte,Not an Intersection,No fue interseccion,Sobre el lado de la calle,Ninguna,Reportada como desconocida,lluvia,No,NO APLICA,99,99,99,99,1,14/05/2022,1
28,Mississippi,280211,0,0,2,0,123,SCOTT (123),0,NO APLICA,5,Mayo,15,2022,19,11,CR-KING RD,4,Calle del Condado,Rural,No reportado,County Highway Agency,0,Sin jurisdiccion especial,99998,32.48148611,-89.44453333,Volcadura,El primer evento no fue una colision con un vehiculo automotor en transporte,Not an Intersection,No fue interseccion,Sobre calle,Ninguna,Dia total,Despejado,No,NO APLICA,19,29,20,40,1,15/05/2022,4
28,Mississippi,280212,0,0,3,0,139,TIPPAH (139),0,NO APLICA,5,Mayo,17,2022,10,59,SR-15,3,Highway estatal,Rural,Arteria Principal,State Highway Agency,1,Sin jurisdiccion especial,99998,34.60819444,-89.00803333,Vehiculo en movimiento,Golpe Lateral - direccion contraria,Not an Intersection,No fue interseccion,Sobre calle,Ninguna,Dia total,Despejado,No,NO APLICA,10,39,11,1,1,17/05/2022,3
28,Mississippi,280213,0,0,2,0,21,CLAIBORNE (21),0,NO APLICA,5,Mayo,18,2022,12,20,SR-18,3,Highway estatal,Rural,Arteria Menor,State Highway Agency,0,Sin jurisdiccion especial,99998,31.96091944,-90.84818333,Vehiculo en movimiento,Angulo,Four-Way Intersection,Interseccion de 4 direcciones,Sobre calle,Ninguna,Dia total,Despejado,No,NO APLICA,99,98,99,98,1,18/05/2022,2
28,Mississippi,280214,0,0,1,0,97,MONTGOMERY (97),0,NO APLICA,5,Mayo,19,2022,14,43,US-82,2,US Highway,Rural,Arteria Principal,State Highway Agency,1,Sin jurisdiccion especial,99998,33.44637222,-89.48418611,Acotamiento,El primer evento no fue una colision con un vehiculo automotor en transporte,Not an Intersection,No fue interseccion,Sobre el lado de la calle,Ninguna,Dia total,Despejado,No,NO APLICA,99,99,99,99,2,19/05/2022,2
28,Mississippi,280215,0,0,1,0,159,WINSTON (159),0,NO APLICA,5,Mayo,19,2022,16,25,SR-14,3,Highway estatal,Rural,Arteria Menor,State Highway Agency,0,Sin jurisdiccion especial,99998,33.10130278,-88.97424722,Arbol,El primer evento no fue una colision con un vehiculo automotor en transporte,T-Intersection,Interseccion de T,Sobre el lado de la calle,Ninguna,Dia total,Despejado,No,NO APLICA,16,26,16,47,1,19/05/2022,1
28,Mississippi,280216,1,1,1,0,85,LINCOLN (85),0,NO APLICA,5,Mayo,20,2022,1,1,CR-AUBURN DR SW,4,Calle del Condado,Rural,Colector Mayor,County Highway Agency,0,Sin jurisdiccion especial,99998,31.53681667,-90.48399722,Peaton,El primer evento no fue una colision con un vehiculo automotor en transporte,Not an Intersection,No fue interseccion,Sobre calle,Ninguna,Oscuro sin iluminacion,Despejado,No,NO APLICA,1,17,1,42,1,20/05/2022,1
28,Mississippi,280217,0,0,2,1,101,NEWTON (101),0,NO APLICA,5,Mayo,20,2022,15,46,CR-CHUNKY DUFFEE RD,4,Calle del Condado,Rural,Colector Mayor,County Highway Agency,0,Sin jurisdiccion especial,99998,32.35563889,-88.92923889,Zanja,El primer evento no fue una colision con un vehiculo automotor en transporte,Not an Intersection,No fue interseccion,Sobre el lado de la calle,Ninguna,Dia total,Despejado,No,NO APLICA,99,99,99,99,1,20/05/2022,1
28,Mississippi,280218,0,0,3,0,61,JASPER (61),0,NO APLICA,5,Mayo,20,2022,16,45,SR-15,3,Highway estatal,Rural,Arteria Menor,State Highway Agency,0,Sin jurisdiccion especial,99998,31.82152222,-89.215325,Vehiculo en movimiento,Golpe Lateral - direccion contraria,Not an Intersection,No fue interseccion,Sobre calle,Ninguna,Dia total,Despejado,No,NO APLICA,99,99,99,99,1,20/05/2022,7
28,Mississippi,280219,1,1,1,0,75,LAUDERDALE (75),0,NO APLICA,5,Mayo,22,2022,5,29,SR-493,3,Highway estatal,Rural,Colector Mayor,State Highway Agency,0,Sin jurisdiccion especial,99998,32.43390278,-88.709225,Peaton,El primer evento no fue una colision con un vehiculo automotor en transporte,Not an Intersection,No fue interseccion,Sobre calle,Ninguna,Oscuro sin iluminacion,Despejado,No,NO APLICA,99,99,99,99,1,22/05/2022,1
28,Mississippi,280220,0,1,2,1,35,FORREST (35),0,NO APLICA,5,Mayo,22,2022,6,1,I-59,1,Interestatal,Rural,Interestatal,State Highway Agency,1,Sin jurisdiccion especial,99998,31.20185556,-89.33782778,Vehiculo Aparcado,El primer evento no fue una colision con un vehiculo automotor en transporte,Not an Intersection,No fue interseccion,Sobre Acotamiento,Ninguna,Amanecer,Despejado,No,NO APLICA,99,99,99,99,1,22/05/2022,1
28,Mississippi,280221,0,0,3,1,49,HINDS (49),1220,JACKSON,5,Mayo,23,2022,12,7,LEE DR,6,Calle Local Municipalidad,Rural,Local,City or Municipal Highway Agency,0,Sin jurisdiccion especial,99998,32.24196944,-90.22322222,Vehiculo en movimiento,Angulo,Four-Way Intersection,Interseccion de 4 direcciones,Sobre calle,Ninguna,Dia total,Despejado,No,NO APLICA,12,12,12,25,1,23/05/2022,3
28,Mississippi,280222,0,0,2,0,89,MADISON (89),400,CANTON,5,Mayo,24,2022,15,3,I-55,1,Interestatal,Urbano,Interestatal,State Highway Agency,1,Sin jurisdiccion especial,99998,32.54684167,-90.09139167,Poste de Señal de trafico,El primer evento no fue una colision con un vehiculo automotor en transporte,Not an Intersection,No fue interseccion,Sobre el lado de la calle,Ninguna,Dia total,Despejado,No,NO APLICA,15,3,15,22,2,24/05/2022,3
28,Mississippi,280223,0,0,2,0,133,SUNFLOWER (133),0,NO APLICA,5,Mayo,25,2022,17,19,US-82,2,US Highway,Rural,Arteria Principal,State Highway Agency,1,Sin jurisdiccion especial,99998,33.45435278,-90.67698333,Vehiculo en movimiento,Angulo,T-Intersection,Interseccion de T,Sobre calle,Ninguna,Dia total,Despejado,No,NO APLICA,99,99,99,99,2,25/05/2022,3
28,Mississippi,280224,0,0,1,0,107,PANOLA (107),120,BATESVILLE,5,Mayo,29,2022,11,0,US-278,2,US Highway,Rural,Arteria Principal,State Highway Agency,1,Sin jurisdiccion especial,99998,34.29578611,-90.01181944,Zanja,El primer evento no fue una colision con un vehiculo automotor en transporte,Not an Intersection,No fue interseccion,Sobre el lado de la calle,Ninguna,Dia total,Despejado,No,NO APLICA,99,98,99,98,1,29/05/2022,1
28,Mississippi,280225,0,0,1,0,97,MONTGOMERY (97),0,NO APLICA,5,Mayo,20,2022,11,45,I-55,1,Interestatal,Rural,Interestatal,State Highway Agency,1,Sin jurisdiccion especial,99998,33.54402778,-89.77213611,Volcadura,El primer evento no fue una colision con un vehiculo automotor en transporte,Not an Intersection,No fue interseccion,En el medio,Ninguna,Dia total,Despejado,No,NO APLICA,11,45,12,17,1,20/05/2022,1
28,Mississippi,280226,0,0,3,0,121,RANKIN (121),300,BRANDON,5,Mayo,24,2022,16,17,SR-18,3,Highway estatal,Urbano,Arteria Principal,State Highway Agency,1,Sin jurisdiccion especial,99998,32.2568,-90.01075833,Vehiculo en movimiento,Frente a Detrás,Four-Way Intersection,Interseccion de 4 direcciones,Sobre calle,Ninguna,Dia total,lluvia,No,NO APLICA,16,34,17,11,1,24/05/2022,3
28,Mississippi,280227,0,0,1,0,41,GREENE (41),0,NO APLICA,5,Mayo,28,2022,5,45,CR-OLD AVERA RD,4,Calle del Condado,Rural,No reportado,County Highway Agency,0,Sin jurisdiccion especial,99998,31.23433333,-88.59655,Zanja,El primer evento no fue una colision con un vehiculo automotor en transporte,Not an Intersection,No fue interseccion,Sobre el lado de la calle,Ninguna,Reportada como desconocida,Reportado como desconocido,No,NO APLICA,99,99,99,99,1,28/05/2022,1
28,Mississippi,280228,0,0,1,0,21,CLAIBORNE (21),0,NO APLICA,5,Mayo,29,2022,16,4,SR-18,3,Highway estatal,Rural,Arteria Menor,State Highway Agency,0,Sin jurisdiccion especial,99998,31.99467778,-90.79913333,Arbol,El primer evento no fue una colision con un vehiculo automotor en transporte,Not an Intersection,No fue interseccion,Sobre el lado de la calle,Ninguna,Dia total,Despejado,No,NO APLICA,99,98,99,98,1,29/05/2022,1