Estado,Nombre de Estado,Numero de Caso,Peatones,Personas _no_vehiculos,Vehiculos automotores,Vehiculos estacionados,Condado,Nombre Condado,Ciudad,Nombre Ciudad,Mes,Nombre Mes,Dia,Año,Hora,Minuto,Calle,Ruta,Nombre Ruta,Rural o Urbanoo,Sistema Funcional,Dueño Calle,Sistema Nacional Carreteras,Jurisdiccion Especial,Milla,Latitud,Longitud,Causa del Accidente,Tipo de Accidente,Tipo Interseccion,Columna1,Lugar en la calle,Zona de Trabajo,Luz,Clima,Autobus Escolar,Cruce de Trenes,Hora Notificacion,Minuto Notificacion,Hora Llegada,Minuto Llegada,Decesos,Fecha,PersonaVehiculo
28,Mississippi,280229,0,0,2,0,163,YAZOO (163),0,NO APLICA,5,Mayo,30,2022,23,50,SR-16,3,Highway estatal,Rural,Arteria Menor,State Highway Agency,0,Sin jurisdiccion especial,99998,32.80369722,-90.23147778,Vehiculo en movimiento,Frente a frente,Not an Intersection,No fue interseccion,Sobre calle,Ninguna,Oscuro sin iluminacion,Despejado,No,NO APLICA,23,58,0,55,1,30/05/2022,2
28,Mississippi,280230,0,0,1,0,105,OKTIBBEHA (105),0,NO APLICA,5,Mayo,31,2022,15,26,US-82,2,US Highway,Rural,Arteria Principal,State Highway Agency,1,Sin jurisdiccion especial,99998,33.50982222,-89.02929444,Volcadura,El primer evento no fue una colision con un vehiculo automotor en transporte,Not an Intersection,No fue interseccion,En el medio,Ninguna,Dia total,Despejado,No,NO APLICA,15,27,15,37,1,31/05/2022,5
28,Mississippi,280231,0,0,1,0,113,PIKE (113),0,NO APLICA,5,Mayo,31,2022,17,2,CR-HARTWELL RD,4,Calle del Condado,Rural,No reportado,County Highway Agency,0,Sin jurisdiccion especial,99998,31.33022778,-90.38501389,Zanja,El primer evento no fue una colision con un vehiculo automotor en transporte,Not an Intersection,No fue interseccion,Sobre el lado de la calle,Ninguna,Dia total,Despejado,No,NO APLICA,99,99,99,99,1,31/05/2022,1
28,Mississippi,280232,0,0,1,0,145,UNION (145),0,NO APLICA,5,Mayo,31,2022,20,27,SR-349,3,Highway estatal,Rural,Colector Mayor,State Highway Agency,0,Sin jurisdiccion especial,99998,34.50505278,-89.22789167,Arbol,El primer evento no fue una colision con un vehiculo automotor en transporte,Not an Intersection,No fue interseccion,Sobre el lado de la calle,Ninguna,Oscuro sin iluminacion,Despejado,No,NO APLICA,20,27,20,39,1,31/05/2022,1
28,Mississippi,280233,0,0,1,0,159,WINSTON (159),0,NO APLICA,5,Mayo,4,2022,11,38,SR-25,3,Highway estatal,Rural,No reportado,State Highway Agency,0,Sin jurisdiccion especial,99998,33.15966111,-89.08569722,Volcadura,El primer evento no fue una colision con un vehiculo automotor en transporte,Not an Intersection,No fue interseccion,Sobre calle,Ninguna,Dia total,Despejado,No,NO APLICA,11,38,11,59,1,04/05/2022,1
28,Mississippi,280234,0,0,2,0,121,RANKIN (121),0,NO APLICA,5,Mayo,6,2022,13,38,SR-13,3,Highway estatal,Rural,Arteria Menor,State Highway Agency,0,Sin jurisdiccion especial,99998,32.09396944,-89.76366944,Vehiculo en movimiento,Frente a frente,Not an Intersection,No fue interseccion,Sobre calle,Ninguna,Dia total,Despejado,No,NO APLICA,99,98,99,98,1,06/05/2022,2
28,Mississippi,280235,0,0,2,0,35,FORREST (35),0,NO APLICA,4,Abril,19,2022,6,7,US-49,2,US Highway,Rural,Arteria Principal,State Highway Agency,1,Sin jurisdiccion especial,99998,31.41948611,-89.40995556,Vehiculo en movimiento,Angulo,T-Intersection,Interseccion de T,Sobre calle,Ninguna,Amanecer,Despejado,No,NO APLICA,99,99,99,99,1,19/04/2022,2
28,Mississippi,280236,0,0,2,0,83,LEFLORE (83),0,NO APLICA,4,Abril,24,2022,18,0,CR-514,4,Calle del Condado,Urbano,No reportado,County Highway Agency,0,Sin jurisdiccion especial,99998,33.48985,-90.34161667,Vehiculo en movimiento,Angulo,T-Intersection,Interseccion de T,Sobre calle,Ninguna,Dia total,Despejado,No,NO APLICA,99,99,99,99,1,24/04/2022,3
28,Mississippi,280237,1,1,1,0,49,HINDS (49),1220,JACKSON,4,Abril,28,2022,21,39,NORTH WEST ST,6,Calle Local Municipalidad,Urbano,Arteria Principal,City or Municipal Highway Agency,1,Sin jurisdiccion especial,99998,32.34061111,-90.18194444,Peaton,El primer evento no fue una colision con un vehiculo automotor en transporte,Not an Intersection,No fue interseccion,Sobre calle,Ninguna,Oscuro con iluminacion,Despejado,No,NO APLICA,99,99,99,99,1,28/04/2022,4
28,Mississippi,280238,1,1,1,0,59,JACKSON (59),0,NO APLICA,5,Mayo,18,2022,20,42,CR-TUCKER RD,4,Calle del Condado,Urbano,Arteria Menor,County Highway Agency,0,Sin jurisdiccion especial,99998,30.46996667,-88.84819167,Peaton,El primer evento no fue una colision con un vehiculo automotor en transporte,Not an Intersection,No fue interseccion,Sobre calle,Ninguna,Oscuro sin iluminacion,Despejado,No,NO APLICA,99,98,99,98,1,18/05/2022,2
28,Mississippi,280239,0,0,2,0,35,FORREST (35),0,NO APLICA,5,Mayo,24,2022,23,38,CR-MORRISTON RD,4,Calle del Condado,Rural,No reportado,County Highway Agency,0,Sin jurisdiccion especial,99998,31.42296667,-89.18097222,Vehiculo en movimiento,Frente a Detrás,Not an Intersection,No fue interseccion,Sobre calle,Ninguna,Oscuro sin iluminacion,Despejado,No,NO APLICA,23,51,0,31,1,24/05/2022,3
28,Mississippi,280240,0,0,3,1,131,STONE (131),0,NO APLICA,5,Mayo,27,2022,23,50,US-49,2,US Highway,Rural,Arteria Principal,State Highway Agency,1,Sin jurisdiccion especial,99998,30.81762222,-89.13623333,Vehiculo Aparcado,El primer evento no fue una colision con un vehiculo automotor en transporte,Not an Intersection,No fue interseccion,Sobre Acotamiento,Ninguna,Oscuro sin iluminacion,Despejado,No,NO APLICA,23,50,23,58,1,27/05/2022,6
28,Mississippi,280241,0,0,1,0,151,WASHINGTON (151),0,NO APLICA,5,Mayo,29,2022,13,42,SR-454,3,Highway estatal,Rural,Colector Mayor,State Highway Agency,0,Sin jurisdiccion especial,99998,33.30811389,-91.11504722,Alguien se cayo/avento del vehiculo,El primer evento no fue una colision con un vehiculo automotor en transporte,Not an Intersection,No fue interseccion,Sobre calle,Ninguna,Dia total,Despejado,No,NO APLICA,99,98,99,98,1,29/05/2022,1
28,Mississippi,280242,0,0,2,0,127,SIMPSON (127),0,NO APLICA,6,Junio,1,2022,7,0,SR-149,3,Highway estatal,Rural,No reportado,State Highway Agency,9,Sin jurisdiccion especial,99998,32.02740833,-89.96697222,Vehiculo en movimiento,Frente a frente,Not an Intersection,No fue interseccion,Sobre calle,Ninguna,Dia total,Despejado,No,NO APLICA,99,99,99,99,1,01/06/2022,2
28,Mississippi,280243,0,0,2,0,107,PANOLA (107),0,NO APLICA,6,Junio,2,2022,12,36,CR-OLD PANOLA RD,4,Calle del Condado,Rural,No reportado,County Highway Agency,9,Sin jurisdiccion especial,99998,34.35318333,-89.96862778,Vehiculo en movimiento,Frente a frente,Not an Intersection,No fue interseccion,Sobre calle,Ninguna,Dia total,Nublado,No,NO APLICA,12,36,13,9,1,02/06/2022,3
28,Mississippi,280244,0,0,1,0,93,MARSHALL (93),0,NO APLICA,6,Junio,3,2022,21,22,SR-7,3,Highway estatal,Rural,Arteria Principal,State Highway Agency,1,Sin jurisdiccion especial,99998,34.656175,-89.45861111,Culvert,El primer evento no fue una colision con un vehiculo automotor en transporte,Not an Intersection,No fue interseccion,Sobre el lado de la calle,Ninguna,Oscuro sin iluminacion,Despejado,No,NO APLICA,99,99,99,99,1,03/06/2022,1
28,Mississippi,280245,1,1,1,0,85,LINCOLN (85),320,BROOKHAVEN,6,Junio,3,2022,23,36,UNION STREET EXT,6,Calle Local Municipalidad,Urbano,Arteria Menor,City or Municipal Highway Agency,0,Sin jurisdiccion especial,99998,31.60170556,-90.462025,Peaton,El primer evento no fue una colision con un vehiculo automotor en transporte,Not an Intersection,No fue interseccion,Sobre calle,Ninguna,Oscuro sin iluminacion,Despejado,No,NO APLICA,99,98,99,98,1,03/06/2022,1
28,Mississippi,280246,0,0,2,0,107,PANOLA (107),0,NO APLICA,6,Junio,4,2022,13,35,SR-310,3,Highway estatal,Rural,Colector Mayor,State Highway Agency,0,Sin jurisdiccion especial,99998,34.51338333,-89.77300833,Vehiculo en movimiento,Frente a frente,Not an Intersection,No fue interseccion,Sobre calle,Ninguna,Dia total,Despejado,No,NO APLICA,14,12,15,59,1,04/06/2022,8
28,Mississippi,280247,0,0,1,0,3,ALCORN (3),0,NO APLICA,6,Junio,5,2022,8,9,US-72,2,US Highway,Rural,Arteria Principal,State Highway Agency,1,Sin jurisdiccion especial,99998,34.93157222,-88.66763611,Culvert,El primer evento no fue una colision con un vehiculo automotor en transporte,Not an Intersection,No fue interseccion,En el medio,Ninguna,Dia total,Despejado,No,NO APLICA,8,9,8,25,1,05/06/2022,2
28,Mississippi,280248,0,0,2,0,109,PEARL RIVER (109),1950,PICAYUNE,6,Junio,5,2022,11,25,SR-43,3,Highway estatal,Urbano,Arteria Principal,State Highway Agency,1,Sin jurisdiccion especial,99998,30.51772778,-89.6601,Vehiculo en movimiento,Angulo,Four-Way Intersection,Interseccion de 4 direcciones,Sobre calle,Ninguna,Dia total,Despejado,No,NO APLICA,11,25,11,29,1,05/06/2022,3
28,Mississippi,280249,0,0,2,0,153,WAYNE (153),0,NO APLICA,6,Junio,5,2022,12,21,US-84,2,US Highway,Rural,Arteria Principal,State Highway Agency,1,Sin jurisdiccion especial,99998,31.69739722,-88.81726389,Vehiculo en movimiento,Angulo,Four-Way Intersection,Interseccion de 4 direcciones,Sobre calle,Ninguna,Dia total,Despejado,No,NO APLICA,99,99,99,99,1,05/06/2022,3
28,Mississippi,280250,0,0,1,0,113,PIKE (113),1470,MCCOMB,6,Junio,7,2022,13,32,SR-570,3,Highway estatal,Rural,Colector Mayor,State Highway Agency,0,Sin jurisdiccion especial,99998,31.25978056,-90.49726389,Poste de Señal de trafico,El primer evento no fue una colision con un vehiculo automotor en transporte,Not an Intersection,No fue interseccion,Sobre el lado de la calle,Ninguna,Dia total,Despejado,No,NO APLICA,13,32,13,52,1,07/06/2022,1
28,Mississippi,280251,0,0,1,0,115,PONTOTOC (115),0,NO APLICA,6,Junio,8,2022,6,37,SR-341,3,Highway estatal,Rural,Colector Mayor,State Highway Agency,0,Sin jurisdiccion especial,99998,34.17237222,-89.10233333,Arbol,El primer evento no fue una colision con un vehiculo automotor en transporte,Not an Intersection,No fue interseccion,Sobre el lado de la calle,Ninguna,Dia total,Nublado,No,NO APLICA,6,37,6,39,1,08/06/2022,3
28,Mississippi,280252,0,0,1,0,21,CLAIBORNE (21),0,NO APLICA,1,Enero,11,2022,2,50,CR-FISHER FERRY RD,4,Calle del Condado,Rural,No reportado,County Highway Agency,0,Sin jurisdiccion especial,99998,31.92235278,-90.94108889,Arbol,El primer evento no fue una colision con un vehiculo automotor en transporte,Not an Intersection,No fue interseccion,Sobre el lado de la calle,Ninguna,Oscuro sin iluminacion,Despejado,No,NO APLICA,99,99,99,99,2,11/01/2022,2
28,Mississippi,280253,0,0,1,0,37,FRANKLIN (37),0,NO APLICA,1,Enero,17,2022,16,16,CR-BERRYTOWN RD,4,Calle del Condado,Not Reported,No reportado,County Highway Agency,0,Sin jurisdiccion especial,99998,77.7777,777.7777,Volcadura,El primer evento no fue una colision con un vehiculo automotor en transporte,Not an Intersection,No fue interseccion,No reportado,Ninguna,Dia total,No reportado,No,NO APLICA,16,16,16,20,1,17/01/2022,1
28,Mississippi,280254,0,0,1,0,93,MARSHALL (93),0,NO APLICA,1,Enero,19,2022,10,30,CR-SOUTH SLAYDEN RD,4,Calle del Condado,Rural,Colector Mayor,County Highway Agency,0,Sin jurisdiccion especial,99998,77.7777,777.7777,Arbol,El primer evento no fue una colision con un vehiculo automotor en transporte,Not an Intersection,No fue interseccion,Sobre el lado de la calle,Ninguna,Dia total,No reportado,No,NO APLICA,99,99,99,99,1,19/01/2022,1
28,Mississippi,280255,0,0,1,0,45,HANCOCK (45),0,NO APLICA,2,Febrero,2,2022,1,15,CR-LOWER BAY RD,4,Calle del Condado,Rural,Arteria Principal,County Highway Agency,0,Sin jurisdiccion especial,99998,30.24771667,-89.54336389,Volcadura,El primer evento no fue una colision con un vehiculo automotor en transporte,Not an Intersection,No fue interseccion,Sobre el lado de la calle,Ninguna,Oscuro - iluminacion desconocida,No reportado,No,NO APLICA,99,99,99,99,1,02/02/2022,1
28,Mississippi,280256,0,0,1,0,83,LEFLORE (83),0,NO APLICA,2,Febrero,2,2022,9,20,CR-252,4,Calle del Condado,Not Reported,No reportado,County Highway Agency,0,Sin jurisdiccion especial,99998,77.7777,777.7777,Vehiculo Ferrocarril,El primer evento no fue una colision con un vehiculo automotor en transporte,Not an Intersection,No fue interseccion,Sobre calle,Ninguna,Dia total,No reportado,No,300737A,9,22,9,42,1,02/02/2022,1
28,Mississippi,280257,0,0,1,0,57,ITAWAMBA (57),0,NO APLICA,5,Mayo,15,2022,10,23,CR-NEW CHAPEL RD,4,Calle del Condado,Rural,No reportado,County Highway Agency,0,Sin jurisdiccion especial,99998,34.09655833,-88.53685556,Acotamiento,El primer evento no fue una colision con un vehiculo automotor en transporte,Not an Intersection,No fue interseccion,Sobre el lado de la calle,Ninguna,Dia total,Despejado,No,NO APLICA,10,34,10,48,1,15/05/2022,2
28,Mississippi,280258,0,0,2,0,59,JACKSON (59),1680,MOSS POINT,5,Mayo,18,2022,16,23,SR-613,3,Highway estatal,Urbano,Arteria Principal,State Highway Agency,1,Sin jurisdiccion especial,99998,30.43339722,-88.54561667,Vehiculo en movimiento,Frente a Detrás,T-Intersection,Interseccion de T,Sobre calle,Ninguna,Dia total,Despejado,No,NO APLICA,16,33,16,44,1,18/05/2022,5
28,Mississippi,280259,0,0,1,0,3,ALCORN (3),0,NO APLICA,5,Mayo,19,2022,21,25,CR-157,4,Calle del Condado,Rural,No reportado,County Highway Agency,0,Sin jurisdiccion especial,99998,34.96508333,-88.43482222,Culvert,El primer evento no fue una colision con un vehiculo automotor en transporte,Not an Intersection,No fue interseccion,Sobre el lado de la calle,Ninguna,Oscuro sin iluminacion,Despejado,No,NO APLICA,21,25,21,38,1,19/05/2022,2
28,Mississippi,280260,0,0,1,0,77,LAWRENCE (77),0,NO APLICA,5,Mayo,27,2022,19,5,CR-FOREST GROVE RD,4,Calle del Condado,Rural,No reportado,County Highway Agency,0,Sin jurisdiccion especial,99998,31.47693611,-90.19001389,Volcadura,El primer evento no fue una colision con un vehiculo automotor en transporte,Not an Intersection,No fue interseccion,Sobre el lado de la calle,Ninguna,Dia total,Despejado,No,NO APLICA,99,99,99,99,1,27/05/2022,1
28,Mississippi,280261,0,0,1,0,89,MADISON (89),0,NO APLICA,5,Mayo,15,2022,0,11,SR-16,3,Highway estatal,Rural,Arteria Menor,State Highway Agency,0,Sin jurisdiccion especial,99998,32.67140833,-89.80579167,Poste,El primer evento no fue una colision con un vehiculo automotor en transporte,Not an Intersection,No fue interseccion,Sobre el lado de la calle,Ninguna,Oscuro sin iluminacion,Despejado,No,NO APLICA,1,7,1,56,1,15/05/2022,3
28,Mississippi,280262,0,0,1,0,161,YALOBUSHA (161),2730,WATER VALLEY,6,Junio,9,2022,19,54,CENTRAL ST,6,Calle Local Municipalidad,Rural,Colector Mayor,City or Municipal Highway Agency,0,Sin jurisdiccion especial,99998,34.16648611,-89.627875,Volcadura,El primer evento no fue una colision con un vehiculo automotor en transporte,Not an Intersection,No fue interseccion,Sobre el lado de la calle,Ninguna,Atardecer,Despejado,No,NO APLICA,19,54,20,9,1,09/06/2022,1
28,Mississippi,280263,0,0,1,0,137,TATE (137),510,COLDWATER,6,Junio,11,2022,15,12,HILL RD,6,Calle Local Municipalidad,Rural,Local,City or Municipal Highway Agency,0,Sin jurisdiccion especial,99998,34.69056111,-89.96926667,Zanja,El primer evento no fue una colision con un vehiculo automotor en transporte,Not an Intersection,No fue interseccion,Sobre el lado de la calle,Ninguna,Dia total,Despejado,No,NO APLICA,88,88,88,88,1,11/06/2022,1
28,Mississippi,280264,0,0,1,0,81,LEE (81),0,NO APLICA,6,Junio,14,2022,3,40,CR-115,4,Calle del Condado,Rural,No reportado,County Highway Agency,0,Sin jurisdiccion especial,99998,34.10777222,-88.81089167,Arbol,El primer evento no fue una colision con un vehiculo automotor en transporte,Not an Intersection,No fue interseccion,Sobre el lado de la calle,Ninguna,Oscuro - iluminacion desconocida,Reportado como desconocido,No,NO APLICA,99,99,99,99,1,14/06/2022,1
28,Mississippi,280265,0,0,1,0,47,HARRISON (47),0,NO APLICA,6,Junio,14,2022,6,43,I-10,1,Interestatal,Urbano,Interestatal,State Highway Agency,1,Sin jurisdiccion especial,99998,30.41043889,-89.21588056,Arbol,El primer evento no fue una colision con un vehiculo automotor en transporte,Not an Intersection,No fue interseccion,Sobre el lado de la calle,Ninguna,Dia total,Despejado,No,NO APLICA,6,57,7,22,1,14/06/2022,1
28,Mississippi,280266,0,0,2,0,71,LAFAYETTE (71),0,NO APLICA,6,Junio,14,2022,8,0,US-278,2,US Highway,Rural,Arteria Principal,State Highway Agency,1,Sin jurisdiccion especial,99998,34.35659444,-89.63770556,Vehiculo en movimiento,Frente a Detrás,Not an Intersection,No fue interseccion,Sobre calle,Ninguna,Dia total,Despejado,No,NO APLICA,8,0,8,22,1,14/06/2022,3
28,Mississippi,280267,0,0,1,0,91,MARION (91),0,NO APLICA,6,Junio,16,2022,11,41,SR-586,3,Highway estatal,Rural,Colector Mayor,State Highway Agency,0,Sin jurisdiccion especial,99998,31.27362222,-90.03625278,Culvert,El primer evento no fue una colision con un vehiculo automotor en transporte,Not an Intersection,No fue interseccion,Sobre el lado de la calle,Ninguna,Dia total,Despejado,No,NO APLICA,11,42,11,57,1,16/06/2022,1
28,Mississippi,280268,0,0,2,0,47,HARRISON (47),0,NO APLICA,6,Junio,16,2022,12,21,CR-OLD HWY 49,4,Calle del Condado,Rural,Colector Mayor,County Highway Agency,0,Sin jurisdiccion especial,99998,30.53228333,-89.11913889,Vehiculo en movimiento,Angulo,T-Intersection,Interseccion de T,Sobre calle,Ninguna,Dia total,Despejado,No,NO APLICA,99,99,99,99,1,16/06/2022,2
28,Mississippi,280269,0,0,1,0,31,COVINGTON (31),0,NO APLICA,5,Mayo,9,2022,11,31,US-84,2,US Highway,Rural,Arteria Principal,State Highway Agency,1,Sin jurisdiccion especial,99998,31.69020278,-89.44203889,Acotamiento,El primer evento no fue una colision con un vehiculo automotor en transporte,Not an Intersection,No fue interseccion,Sobre el lado de la calle,Ninguna,Dia total,Despejado,No,NO APLICA,99,99,99,99,1,09/05/2022,1
28,Mississippi,280270,0,0,1,0,121,RANKIN (121),300,BRANDON,5,Mayo,29,2022,21,21,I-20,1,Interestatal,Urbano,Interestatal,State Highway Agency,1,Sin jurisdiccion especial,99998,32.27223611,-89.93824444,Alguien se cayo/avento del vehiculo,El primer evento no fue una colision con un vehiculo automotor en transporte,Not an Intersection,No fue interseccion,Sobre el lado de la calle,Ninguna,Oscuro sin iluminacion,Despejado,No,NO APLICA,99,98,99,98,1,29/05/2022,1
28,Mississippi,280271,0,0,2,0,47,HARRISON (47),230,BILOXI,6,Junio,5,2022,3,49,I-10,1,Interestatal,Urbano,Interestatal,State Highway Agency,1,Sin jurisdiccion especial,99998,30.45801944,-88.98298056,Vehiculo en movimiento,Golpe Lateral - misma direccion,Not an Intersection,No fue interseccion,Sobre calle,Ninguna,Oscuro sin iluminacion,Despejado,No,NO APLICA,3,49,4,6,1,05/06/2022,2
28,Mississippi,280272,1,1,1,0,119,QUITMAN (119),0,NO APLICA,6,Junio,7,2022,22,53,SR-3,3,Highway estatal,Rural,Arteria Menor,State Highway Agency,0,Sin jurisdiccion especial,99998,34.224025,-90.28398056,Peaton,El primer evento no fue una colision con un vehiculo automotor en transporte,Not an Intersection,No fue interseccion,Sobre calle,Ninguna,Oscuro sin iluminacion,Nublado,No,NO APLICA,99,99,99,99,1,07/06/2022,2
28,Mississippi,280273,0,0,2,0,79,LEAKE (79),0,NO APLICA,4,Abril,10,2022,10,17,SR-488,3,Highway estatal,Rural,Colector Mayor,State Highway Agency,0,Sin jurisdiccion especial,99998,32.70258333,-89.50811944,Vehiculo en movimiento,Frente a frente,Not an Intersection,No fue interseccion,Sobre calle,Ninguna,Dia total,Despejado,No,NO APLICA,10,17,10,24,1,10/04/2022,2
28,Mississippi,280274,0,0,3,0,113,PIKE (113),2480,SUMMIT,5,Mayo,11,2022,11,38,US-51,2,US Highway,Urbano,Arteria Principal,State Highway Agency,1,Sin jurisdiccion especial,99998,31.2783,-90.46873611,Vehiculo en movimiento,Frente a Detrás,Not an Intersection,No fue interseccion,Sobre calle,Ninguna,Dia total,Despejado,No,NO APLICA,11,59,12,34,1,11/05/2022,3
28,Mississippi,280275,0,0,1,0,133,SUNFLOWER (133),0,NO APLICA,6,Junio,12,2022,0,39,CR-MOORHEAD BELZONI RD,4,Calle del Condado,Rural,Colector Mayor,County Highway Agency,0,Sin jurisdiccion especial,99998,33.37284444,-90.50300278,Volcadura,El primer evento no fue una colision con un vehiculo automotor en transporte,Not an Intersection,No fue interseccion,Sobre el lado de la calle,Ninguna,Oscuro sin iluminacion,Despejado,No,NO APLICA,0,39,1,7,1,12/06/2022,3
28,Mississippi,280276,0,0,2,0,75,LAUDERDALE (75),0,NO APLICA,6,Junio,13,2022,12,25,SR-145,3,Highway estatal,Rural,Colector Mayor,State Highway Agency,0,Sin jurisdiccion especial,99998,32.31683611,-88.692075,Vehiculo en movimiento,Frente a frente,Not an Intersection,No fue interseccion,Sobre calle,Ninguna,Dia total,Despejado,No,NO APLICA,12,25,12,49,2,13/06/2022,3
28,Mississippi,280277,0,0,2,0,43,GRENADA (43),0,NO APLICA,6,Junio,15,2022,8,47,US-51,2,US Highway,Rural,Colector Mayor,State Highway Agency,0,Sin jurisdiccion especial,99998,33.861925,-89.85007778,Vehiculo en movimiento,Frente a frente,Not an Intersection,No fue interseccion,Sobre calle,Ninguna,Dia total,Despejado,No,NO APLICA,8,47,9,10,2,15/06/2022,4
28,Mississippi,280278,1,1,1,0,45,HANCOCK (45),130,BAY ST LOUIS,6,Junio,15,2022,22,36,I-10,1,Interestatal,Rural,Interestatal,State Highway Agency,1,Sin jurisdiccion especial,99998,30.36219722,-89.41053333,Otro objeto (no fijo),El primer evento no fue una colision con un vehiculo automotor en transporte,Not an Intersection,No fue interseccion,Sobre calle,Ninguna,Oscuro sin iluminacion,Despejado,No,NO APLICA,22,36,22,58,1,15/06/2022,1
28,Mississippi,280279,0,0,1,0,99,NESHOBA (99),0,NO APLICA,6,Junio,16,2022,11,20,SR-21,3,Highway estatal,Rural,Arteria Menor,State Highway Agency,0,Sin jurisdiccion especial,99998,32.58474167,-89.30102778,Arbol,El primer evento no fue una colision con un vehiculo automotor en transporte,Not an Intersection,No fue interseccion,Sobre el lado de la calle,Ninguna,Dia total,Despejado,No,NO APLICA,99,99,99,99,1,16/06/2022,1
28,Mississippi,280280,0,0,2,0,95,MONROE (95),0,NO APLICA,6,Junio,17,2022,9,42,SR-25,3,Highway estatal,Rural,Colector Mayor,State Highway Agency,0,Sin jurisdiccion especial,99998,34.07269722,-88.38836111,Vehiculo en movimiento,Frente a frente,Not an Intersection,No fue interseccion,Sobre calle,Ninguna,Dia total,Despejado,No,NO APLICA,99,99,99,99,1,17/06/2022,2
28,Mississippi,280281,0,0,1,0,47,HARRISON (47),1020,GULFPORT,6,Junio,18,2022,1,53,US-90,2,US Highway,Urbano,Arteria Principal,State Highway Agency,1,Sin jurisdiccion especial,99998,30.37511111,-89.05626667,Muro,El primer evento no fue una colision con un vehiculo automotor en transporte,Not an Intersection,No fue interseccion,Sobre el lado de la calle,Ninguna,Oscuro sin iluminacion,Despejado,No,NO APLICA,99,98,99,98,1,18/06/2022,1
28,Mississippi,280282,0,0,1,0,59,JACKSON (59),0,NO APLICA,6,Junio,18,2022,11,33,CR-GOFF FARM RD,4,Calle del Condado,Rural,No reportado,County Highway Agency,0,Sin jurisdiccion especial,99998,30.60736111,-88.4738,Culvert,El primer evento no fue una colision con un vehiculo automotor en transporte,Not an Intersection,No fue interseccion,Sobre el lado de la calle,Ninguna,Dia total,Despejado,No,NO APLICA,99,98,99,98,1,18/06/2022,1
28,Mississippi,280283,0,0,1,0,33,DE SOTO (33),0,NO APLICA,6,Junio,20,2022,17,30,CR-RED BANKS RD,4,Calle del Condado,Rural,Colector Mayor,County Highway Agency,0,Sin jurisdiccion especial,99998,34.85296111,-89.76823333,Poste de Señal de trafico,El primer evento no fue una colision con un vehiculo automotor en transporte,Not an Intersection,No fue interseccion,Sobre el lado de la calle,Ninguna,Dia total,Despejado,No,NO APLICA,17,30,17,39,1,20/06/2022,2
28,Mississippi,280284,1,1,1,0,63,JEFFERSON (63),0,NO APLICA,6,Junio,22,2022,5,39,CR-CANNONSBURG RD,4,Calle del Condado,Rural,No reportado,County Highway Agency,0,Sin jurisdiccion especial,99998,31.63805,-91.21031667,Peaton,El primer evento no fue una colision con un vehiculo automotor en transporte,Not an Intersection,No fue interseccion,Sobre calle,Ninguna,Oscuro sin iluminacion,Despejado,No,NO APLICA,99,99,99,99,1,22/06/2022,1
28,Mississippi,280285,0,0,2,0,139,TIPPAH (139),0,NO APLICA,6,Junio,22,2022,15,17,SR-4,3,Highway estatal,Rural,Arteria Menor,State Highway Agency,0,Sin jurisdiccion especial,99998,34.72203611,-88.86087778,Vehiculo en movimiento,Angulo,Not an Intersection,No fue interseccion,Sobre calle,Ninguna,Dia total,Despejado,No,NO APLICA,15,18,15,21,1,22/06/2022,2
28,Mississippi,280286,0,0,1,0,49,HINDS (49),0,NO APLICA,6,Junio,23,2022,9,35,SR-18,3,Highway estatal,Rural,Arteria Menor,State Highway Agency,0,Sin jurisdiccion especial,99998,32.17968611,-90.49974167,Arbol,El primer evento no fue una colision con un vehiculo automotor en transporte,Not an Intersection,No fue interseccion,Sobre el lado de la calle,Ninguna,Dia total,Despejado,No,NO APLICA,9,35,9,43,1,23/06/2022,1
28,Mississippi,280287,0,0,1,0,71,LAFAYETTE (71),1860,OXFORD,6,Junio,24,2022,9,19,SR-7,3,Highway estatal,Rural,Arteria Principal,State Highway Agency,1,Sin jurisdiccion especial,99998,34.39446389,-89.49577222,Volcadura,El primer evento no fue una colision con un vehiculo automotor en transporte,Not an Intersection,No fue interseccion,Sobre calle,Ninguna,Dia total,Despejado,No,NO APLICA,9,19,9,36,1,24/06/2022,1
28,Mississippi,280288,0,0,2,0,147,WALTHALL (147),0,NO APLICA,6,Junio,24,2022,11,14,US-98,2,US Highway,Rural,Arteria Principal,State Highway Agency,1,Sin jurisdiccion especial,99998,31.14740833,-90.200225,Vehiculo en movimiento,Angulo,Four-Way Intersection,Interseccion de 4 direcciones,Sobre calle,Ninguna,Dia total,Despejado,No,NO APLICA,11,14,11,36,1,24/06/2022,3