Estado,Nombre de Estado,Numero de Caso,Peatones,Personas _no_vehiculos,Vehiculos automotores,Vehiculos estacionados,Condado,Nombre Condado,Ciudad,Nombre Ciudad,Mes,Nombre Mes,Dia,Año,Hora,Minuto,Calle,Ruta,Nombre Ruta,Rural o Urbanoo,Sistema Funcional,Dueño Calle,Sistema Nacional Carreteras,Jurisdiccion Especial,Milla,Latitud,Longitud,Causa del Accidente,Tipo de Accidente,Tipo Interseccion,Columna1,Lugar en la calle,Zona de Trabajo,Luz,Clima,Autobus Escolar,Cruce de Trenes,Hora Notificacion,Minuto Notificacion,Hora Llegada,Minuto Llegada,Decesos,Fecha,PersonaVehiculo
28,Mississippi,280289,0,0,2,0,59,JACKSON (59),0,NO APLICA,6,Junio,25,2022,14,48,US-90,2,US Highway,Rural,Arteria Principal,State Highway Agency,1,Sin jurisdiccion especial,99998,30.40358333,-88.48659444,Vehiculo en movimiento,Frente a frente,Not an Intersection,No fue interseccion,Sobre calle,Ninguna,Dia total,Despejado,No,NO APLICA,99,98,99,98,1,25/06/2022,2
28,Mississippi,280290,0,0,2,0,141,TISHOMINGO (141),0,NO APLICA,6,Junio,25,2022,17,34,SR-25,3,Highway estatal,Rural,Arteria Principal,State Highway Agency,0,Sin jurisdiccion especial,99998,34.89397778,-88.24178611,Vehiculo en movimiento,Angulo,T-Intersection,Interseccion de T,Sobre calle,Ninguna,Dia total,Despejado,No,NO APLICA,99,98,99,98,1,25/06/2022,2
28,Mississippi,280291,0,0,5,0,91,MARION (91),0,NO APLICA,6,Junio,25,2022,22,23,CR-GATES RD,4,Calle del Condado,Rural,Colector Mayor,County Highway Agency,0,Sin jurisdiccion especial,99998,31.37721111,-89.72686111,Vehiculo en movimiento,Frente a frente,Not an Intersection,No fue interseccion,Sobre calle,Ninguna,Oscuro sin iluminacion,Despejado,No,NO APLICA,22,23,22,40,1,25/06/2022,6
28,Mississippi,280292,1,1,1,0,151,WASHINGTON (151),990,GREENVILLE,6,Junio,25,2022,23,39,US-82,2,US Highway,Urbano,Arteria Principal,State Highway Agency,1,Sin jurisdiccion especial,99998,33.39956389,-91.04436944,Peaton,El primer evento no fue una colision con un vehiculo automotor en transporte,Four-Way Intersection,Interseccion de 4 direcciones,Sobre calle,Ninguna,Oscuro con iluminacion,Despejado,No,NO APLICA,99,99,99,99,1,25/06/2022,1
28,Mississippi,280293,0,0,1,0,97,MONTGOMERY (97),2830,WINONA,6,Junio,26,2022,5,18,US-82,2,US Highway,Rural,Arteria Principal,State Highway Agency,1,Sin jurisdiccion especial,99998,33.48740833,-89.69816389,Volcadura,El primer evento no fue una colision con un vehiculo automotor en transporte,Not an Intersection,No fue interseccion,Sobre el lado de la calle,Ninguna,Amanecer,Despejado,No,NO APLICA,99,99,99,99,1,26/06/2022,1
28,Mississippi,280294,0,0,1,0,83,LEFLORE (83),0,NO APLICA,6,Junio,27,2022,4,30,US-82,2,US Highway,Rural,Arteria Principal,State Highway Agency,1,Sin jurisdiccion especial,99998,33.5216,-90.32581667,Zanja,El primer evento no fue una colision con un vehiculo automotor en transporte,Not an Intersection,No fue interseccion,Sobre el lado de la calle,Ninguna,Oscuro sin iluminacion,Nublado,No,NO APLICA,99,98,99,98,1,27/06/2022,1
28,Mississippi,280295,0,0,1,0,95,MONROE (95),0,NO APLICA,6,Junio,28,2022,4,27,SR-25,3,Highway estatal,Rural,Arteria Menor,State Highway Agency,0,Sin jurisdiccion especial,99998,33.80803333,-88.57213611,Volcadura,El primer evento no fue una colision con un vehiculo automotor en transporte,Not an Intersection,No fue interseccion,Sobre el lado de la calle,Ninguna,Oscuro sin iluminacion,Despejado,No,NO APLICA,4,27,4,40,1,28/06/2022,2
28,Mississippi,280296,0,0,1,0,19,CHOCTAW (19),0,NO APLICA,6,Junio,29,2022,3,5,CR-LAGRANGE RD,4,Calle del Condado,Rural,Colector Mayor,County Highway Agency,0,Sin jurisdiccion especial,99998,33.50700833,-89.22396111,Acotamiento,El primer evento no fue una colision con un vehiculo automotor en transporte,Not an Intersection,No fue interseccion,Sobre el lado de la calle,Ninguna,Oscuro sin iluminacion,Despejado,No,NO APLICA,3,5,3,43,1,29/06/2022,2
28,Mississippi,280297,0,0,2,0,59,JACKSON (59),0,NO APLICA,6,Junio,30,2022,7,36,SR-614,3,Highway estatal,Rural,Colector Mayor,State Highway Agency,0,Sin jurisdiccion especial,99998,30.63254722,-88.44919722,Vehiculo en movimiento,Frente a frente,Not an Intersection,No fue interseccion,Sobre calle,Ninguna,Dia total,lluvia,No,NO APLICA,7,38,8,16,1,30/06/2022,2
28,Mississippi,280298,0,0,2,0,67,JONES (67),0,NO APLICA,6,Junio,30,2022,6,4,CR-MOSELLE SEMINARY RD,4,Calle del Condado,Rural,Colector Mayor,County Highway Agency,0,Sin jurisdiccion especial,99998,31.52536389,-89.30033056,Vehiculo en movimiento,Frente a frente,Not an Intersection,No fue interseccion,Sobre calle,Ninguna,Amanecer,lluvia,No,NO APLICA,6,5,6,22,1,30/06/2022,2
28,Mississippi,280299,0,0,5,0,33,DE SOTO (33),2422,SOUTHAVEN,6,Junio,30,2022,7,52,I-55,1,Interestatal,Urbano,Interestatal,State Highway Agency,1,Sin jurisdiccion especial,99998,34.94039167,-89.99541111,Vehiculo en movimiento,Frente a Detrás,Not an Intersection,No fue interseccion,Sobre calle,Ninguna,Dia total,Despejado,No,NO APLICA,7,52,7,54,1,30/06/2022,6
28,Mississippi,280300,0,0,2,0,123,SCOTT (123),1670,MORTON,6,Junio,30,2022,14,10,US-80,2,US Highway,Rural,Colector Mayor,State Highway Agency,0,Sin jurisdiccion especial,99998,32.34183333,-89.68661667,Vehiculo en movimiento,Frente a Detrás,Not an Intersection,No fue interseccion,Sobre calle,Ninguna,Dia total,Despejado,No,NO APLICA,99,99,99,99,1,30/06/2022,3
28,Mississippi,280301,0,0,2,0,51,HOLMES (51),0,NO APLICA,6,Junio,30,2022,21,38,SR-12,3,Highway estatal,Rural,Arteria Menor,State Highway Agency,0,Sin jurisdiccion especial,99998,33.16899722,-90.1907,Vehiculo en movimiento,Frente a frente,Not an Intersection,No fue interseccion,Sobre calle,Ninguna,Oscuro sin iluminacion,Despejado,No,NO APLICA,21,45,22,20,3,30/06/2022,4
28,Mississippi,280302,1,1,1,0,113,PIKE (113),0,NO APLICA,6,Junio,30,2022,22,46,US-98,2,US Highway,Rural,Arteria Principal,State Highway Agency,1,Sin jurisdiccion especial,99998,31.17785556,-90.29043889,Peaton,El primer evento no fue una colision con un vehiculo automotor en transporte,Not an Intersection,No fue interseccion,Sobre calle,Ninguna,Oscuro sin iluminacion,Despejado,No,NO APLICA,99,98,99,98,1,30/06/2022,6
28,Mississippi,280303,0,0,1,0,105,OKTIBBEHA (105),0,NO APLICA,3,Marzo,1,2022,19,37,CR-OLD WEST POINT RD,4,Calle del Condado,Urbano,Arteria Menor,County Highway Agency,0,Sin jurisdiccion especial,99998,77.7777,777.7777,Arbol,El primer evento no fue una colision con un vehiculo automotor en transporte,Not an Intersection,No fue interseccion,Sobre el lado de la calle,Ninguna,No reportada,No reportado,No,NO APLICA,99,99,99,99,1,01/03/2022,1
28,Mississippi,280304,0,0,2,0,45,HANCOCK (45),2740,WAVELAND,3,Marzo,7,2022,15,4,KILN WAVELAND RD,6,Calle Local Municipalidad,Urbano,Colector Mayor,City or Municipal Highway Agency,0,Sin jurisdiccion especial,99998,30.3052,-89.40605,Vehiculo en movimiento,Frente a frente,Not an Intersection,No fue interseccion,Sobre calle,Ninguna,Dia total,Nublado,No,NO APLICA,99,98,99,98,1,07/03/2022,2
28,Mississippi,280305,1,1,1,0,145,UNION (145),1740,NEW ALBANY,3,Marzo,16,2022,20,56,I-22,1,Interestatal,Urbano,Interestatal,State Highway Agency,1,Sin jurisdiccion especial,99998,77.7777,777.7777,Peaton,El primer evento no fue una colision con un vehiculo automotor en transporte,Not an Intersection,No fue interseccion,Sobre calle,Ninguna,Oscuro - iluminacion desconocida,No reportado,No,NO APLICA,99,99,99,99,1,16/03/2022,1
28,Mississippi,280306,0,0,1,0,85,LINCOLN (85),0,NO APLICA,7,Julio,1,2022,15,26,CR-MONTICELLO ST,4,Calle del Condado,Rural,Colector Mayor,County Highway Agency,0,Sin jurisdiccion especial,99998,31.55973611,-90.39281389,Arbol,El primer evento no fue una colision con un vehiculo automotor en transporte,Not an Intersection,No fue interseccion,Sobre el lado de la calle,Ninguna,Dia total,Despejado,No,NO APLICA,99,99,99,99,1,01/07/2022,1
28,Mississippi,280307,0,0,1,0,157,WILKINSON (157),0,NO APLICA,7,Julio,2,2022,2,34,SR-24,3,Highway estatal,Rural,Colector Mayor,State Highway Agency,0,Sin jurisdiccion especial,99998,31.13410833,-91.38459167,Acotamiento,El primer evento no fue una colision con un vehiculo automotor en transporte,Not an Intersection,No fue interseccion,Sobre el lado de la calle,Ninguna,Oscuro sin iluminacion,Despejado,No,NO APLICA,99,98,99,98,1,02/07/2022,2
28,Mississippi,280308,0,0,1,0,21,CLAIBORNE (21),0,NO APLICA,7,Julio,2,2022,10,41,CR-TILLMAN RD,4,Calle del Condado,Rural,No reportado,County Highway Agency,0,Sin jurisdiccion especial,99998,31.90546111,-90.94553056,Zanja,El primer evento no fue una colision con un vehiculo automotor en transporte,Not an Intersection,No fue interseccion,Sobre el lado de la calle,Ninguna,Dia total,Despejado,No,NO APLICA,99,98,99,98,1,02/07/2022,1
28,Mississippi,280309,0,0,1,0,47,HARRISON (47),230,BILOXI,7,Julio,3,2022,2,22,US-90,2,US Highway,Urbano,Arteria Principal,State Highway Agency,1,Sin jurisdiccion especial,99998,30.39470278,-88.91606111,Otro objeto (fijo),El primer evento no fue una colision con un vehiculo automotor en transporte,Not an Intersection,No fue interseccion,Sobre el lado de la calle,Ninguna,Oscuro con iluminacion,Nublado,No,NO APLICA,99,99,99,99,1,03/07/2022,1
28,Mississippi,280310,0,0,1,0,151,WASHINGTON (151),0,NO APLICA,7,Julio,3,2022,10,58,CR-FROTNER ROAD,4,Calle del Condado,Rural,Colector Mayor,County Highway Agency,0,Sin jurisdiccion especial,99998,33.02907778,-91.00171667,Poste,El primer evento no fue una colision con un vehiculo automotor en transporte,Not an Intersection,No fue interseccion,Sobre el lado de la calle,Ninguna,Dia total,Nublado,No,NO APLICA,10,58,11,10,1,03/07/2022,1
28,Mississippi,280311,0,0,1,0,81,LEE (81),0,NO APLICA,7,Julio,3,2022,16,54,CR-506,4,Calle del Condado,Rural,No reportado,County Highway Agency,0,Sin jurisdiccion especial,99998,34.08943889,-88.71678056,Buzon de correo,El primer evento no fue una colision con un vehiculo automotor en transporte,Not an Intersection,No fue interseccion,Sobre el lado de la calle,Ninguna,Dia total,Despejado,No,NO APLICA,99,98,99,98,1,03/07/2022,1
28,Mississippi,280312,0,0,1,0,37,FRANKLIN (37),0,NO APLICA,7,Julio,4,2022,3,0,CR-BEDFOROAD TILLMAN RD,4,Calle del Condado,Rural,No reportado,County Highway Agency,0,Sin jurisdiccion especial,99998,31.54004722,-90.92657222,Buzon de correo,El primer evento no fue una colision con un vehiculo automotor en transporte,Not an Intersection,No fue interseccion,Sobre el lado de la calle,Ninguna,Oscuro sin iluminacion,Despejado,No,NO APLICA,3,0,3,24,1,04/07/2022,2
28,Mississippi,280313,0,0,1,0,121,RANKIN (121),0,NO APLICA,7,Julio,5,2022,12,53,CR-HICKORY RIDGE RD,4,Calle del Condado,Urbano,Colector Mayor,County Highway Agency,0,Sin jurisdiccion especial,99998,32.152275,-90.20795556,Culvert,El primer evento no fue una colision con un vehiculo automotor en transporte,Not an Intersection,No fue interseccion,Sobre el lado de la calle,Ninguna,Dia total,Despejado,No,NO APLICA,99,98,99,98,1,05/07/2022,1
28,Mississippi,280314,1,1,1,0,49,HINDS (49),1220,JACKSON,7,Julio,5,2022,22,51,I-55,1,Interestatal,Urbano,Interestatal,State Highway Agency,1,Sin jurisdiccion especial,99998,32.38054444,-90.14701667,Peaton,El primer evento no fue una colision con un vehiculo automotor en transporte,Not an Intersection,No fue interseccion,Sobre calle,Ninguna,Oscuro con iluminacion,Despejado,No,NO APLICA,99,98,99,98,1,05/07/2022,1
28,Mississippi,280315,0,0,2,0,79,LEAKE (79),0,NO APLICA,7,Julio,7,2022,16,52,SR-16,3,Highway estatal,Rural,Arteria Menor,State Highway Agency,0,Sin jurisdiccion especial,99998,32.70325278,-89.63042222,Vehiculo en movimiento,Angulo,T-Intersection,Interseccion de T,Sobre calle,Ninguna,Dia total,Despejado,No,NO APLICA,16,52,16,56,1,07/07/2022,2
28,Mississippi,280316,0,0,2,0,33,DE SOTO (33),2422,SOUTHAVEN,7,Julio,8,2022,5,21,I-55,1,Interestatal,Urbano,Interestatal,State Highway Agency,1,Sin jurisdiccion especial,99998,34.98902222,-90.00190833,Vehiculo en movimiento,Frente a Detrás,Not an Intersection,No fue interseccion,Sobre calle,Ninguna,Amanecer,Despejado,No,NO APLICA,5,21,5,26,1,08/07/2022,2
28,Mississippi,280317,1,1,1,0,11,BOLIVAR (11),0,NO APLICA,7,Julio,9,2022,5,30,US-161,2,US Highway,Rural,Colector Mayor,State Highway Agency,0,Sin jurisdiccion especial,99998,33.89475278,-90.73583056,Peaton,El primer evento no fue una colision con un vehiculo automotor en transporte,Not an Intersection,No fue interseccion,Sobre calle,Ninguna,Amanecer,Despejado,No,NO APLICA,99,98,99,98,1,09/07/2022,1
28,Mississippi,280318,0,0,5,0,59,JACKSON (59),1810,OCEAN SPRINGS,7,Julio,9,2022,10,41,US-90,2,US Highway,Urbano,Arteria Principal,State Highway Agency,1,Sin jurisdiccion especial,99998,30.41274167,-88.7835,Vehiculo en movimiento,Frente a Detrás,Not an Intersection,No fue interseccion,Sobre calle,Ninguna,Dia total,Despejado,No,NO APLICA,99,99,99,99,2,09/07/2022,6
28,Mississippi,280319,0,0,1,0,61,JASPER (61),0,NO APLICA,7,Julio,9,2022,10,53,CR-23,4,Calle del Condado,Rural,Colector Mayor,County Highway Agency,0,Sin jurisdiccion especial,99998,32.16015833,-89.25338056,Arbol,El primer evento no fue una colision con un vehiculo automotor en transporte,Not an Intersection,No fue interseccion,Sobre el lado de la calle,Ninguna,Dia total,Despejado,No,NO APLICA,99,98,99,98,1,09/07/2022,1
28,Mississippi,280320,1,1,1,0,61,JASPER (61),140,BAY SPRINGS,7,Julio,9,2022,13,55,CR-17,4,Calle del Condado,Rural,Colector Mayor,County Highway Agency,0,Sin jurisdiccion especial,99998,31.95333889,-89.26871111,Ciclista,El primer evento no fue una colision con un vehiculo automotor en transporte,Not an Intersection,No fue interseccion,Sobre calle,Ninguna,Dia total,Despejado,No,NO APLICA,99,99,99,99,1,09/07/2022,1
28,Mississippi,280321,0,0,3,0,73,LAMAR (73),9997,Other,7,Julio,10,2022,12,27,US-98,2,US Highway,Urbano,Arteria Principal,State Highway Agency,1,Sin jurisdiccion especial,99998,31.32146111,-89.38111667,Vehiculo en movimiento,Angulo,Four-Way Intersection,Interseccion de 4 direcciones,Sobre calle,Ninguna,Dia total,Despejado,No,NO APLICA,99,99,99,99,1,10/07/2022,6
28,Mississippi,280322,1,1,1,0,47,HARRISON (47),0,NO APLICA,7,Julio,10,2022,20,39,CR-CUEVAS DELISLE,4,Calle del Condado,Rural,No reportado,County Highway Agency,0,Sin jurisdiccion especial,99998,30.41806111,-89.32828889,Peaton,El primer evento no fue una colision con un vehiculo automotor en transporte,Not an Intersection,No fue interseccion,Sobre calle,Ninguna,Oscuro sin iluminacion,Despejado,No,NO APLICA,99,99,99,99,1,10/07/2022,1
28,Mississippi,280323,1,1,1,0,11,BOLIVAR (11),290,BOYLE,7,Julio,10,2022,20,41,US-61,2,US Highway,Urbano,Arteria Principal,State Highway Agency,1,Sin jurisdiccion especial,99998,33.70395556,-90.71929167,Peaton,El primer evento no fue una colision con un vehiculo automotor en transporte,Four-Way Intersection,Interseccion de 4 direcciones,Sobre calle,Ninguna,Oscuro con iluminacion,Despejado,No,NO APLICA,99,98,99,98,1,10/07/2022,1
28,Mississippi,280324,1,2,2,1,109,PEARL RIVER (109),1950,PICAYUNE,7,Julio,12,2022,11,35,RIDGE RD,6,Calle Local Municipalidad,Urbano,Local,City or Municipal Highway Agency,0,Sin jurisdiccion especial,99998,30.512175,-89.66480556,Peaton,El primer evento no fue una colision con un vehiculo automotor en transporte,Not an Intersection,No fue interseccion,Sobre calle,Ninguna,Dia total,Despejado,No,NO APLICA,99,99,99,99,1,12/07/2022,1
28,Mississippi,280325,0,0,1,0,113,PIKE (113),0,NO APLICA,7,Julio,12,2022,17,0,CR-SMITHTOWN RD,4,Calle del Condado,Rural,No reportado,County Highway Agency,0,Sin jurisdiccion especial,99998,31.24435,-90.281825,Acotamiento,El primer evento no fue una colision con un vehiculo automotor en transporte,Not an Intersection,No fue interseccion,Sobre el lado de la calle,Ninguna,Reportada como desconocida,Reportado como desconocido,No,NO APLICA,99,98,99,98,1,12/07/2022,1
28,Mississippi,280326,0,0,1,0,1,ADAMS (1),0,NO APLICA,7,Julio,12,2022,17,3,CR-GOVERNMENT FLEET RD,4,Calle del Condado,Rural,Arteria Principal,County Highway Agency,0,Sin jurisdiccion especial,99998,31.54415,-91.42473889,Arbol,El primer evento no fue una colision con un vehiculo automotor en transporte,T-Intersection,Interseccion de T,Sobre el lado de la calle,Ninguna,Atardecer,Despejado,No,NO APLICA,99,99,99,99,1,12/07/2022,1
28,Mississippi,280327,2,2,1,0,49,HINDS (49),1220,JACKSON,7,Julio,14,2022,0,50,I-55 FRONTAGE RD,7,Calle Local,Urbano,Colector Mayor,State Highway Agency,0,Sin jurisdiccion especial,99998,32.21833611,-90.22874722,Peaton,El primer evento no fue una colision con un vehiculo automotor en transporte,Not an Intersection,No fue interseccion,Sobre el lado de la calle,Ninguna,Oscuro sin iluminacion,Despejado,No,NO APLICA,99,99,99,99,1,14/07/2022,1
28,Mississippi,280328,0,0,2,0,47,HARRISON (47),0,NO APLICA,7,Julio,14,2022,12,19,SR-67,3,Highway estatal,Rural,Arteria Principal,State Highway Agency,1,Sin jurisdiccion especial,99998,30.58802222,-89.05743333,Vehiculo en movimiento,Angulo,Four-Way Intersection,Interseccion de 4 direcciones,Sobre calle,Ninguna,Dia total,Despejado,No,NO APLICA,99,99,99,99,1,14/07/2022,2
28,Mississippi,280329,0,0,1,0,61,JASPER (61),0,NO APLICA,7,Julio,15,2022,16,57,I-59,1,Interestatal,Rural,Interestatal,State Highway Agency,1,Sin jurisdiccion especial,99998,31.96766111,-88.96429167,Arbol,El primer evento no fue una colision con un vehiculo automotor en transporte,Not an Intersection,No fue interseccion,Sobre el lado de la calle,Ninguna,Dia total,lluvia,No,NO APLICA,99,99,99,99,1,15/07/2022,1
28,Mississippi,280330,0,0,1,0,113,PIKE (113),0,NO APLICA,7,Julio,16,2022,17,22,I-55,1,Interestatal,Rural,Interestatal,State Highway Agency,1,Sin jurisdiccion especial,99998,31.29775278,-90.47805833,Arbol,El primer evento no fue una colision con un vehiculo automotor en transporte,Not an Intersection,No fue interseccion,Sobre el lado de la calle,Ninguna,Dia total,lluvia,No,NO APLICA,99,99,99,99,1,16/07/2022,2
28,Mississippi,280331,1,1,1,0,47,HARRISON (47),0,NO APLICA,7,Julio,16,2022,20,34,CR-SAUCIER LIZANA RD,4,Calle del Condado,Rural,Colector Mayor,County Highway Agency,0,Sin jurisdiccion especial,99998,30.57606111,-89.21438056,Peaton,El primer evento no fue una colision con un vehiculo automotor en transporte,Not an Intersection,No fue interseccion,Sobre calle,Ninguna,Oscuro sin iluminacion,Despejado,No,NO APLICA,99,99,99,99,1,16/07/2022,1
28,Mississippi,280332,0,0,1,0,21,CLAIBORNE (21),0,NO APLICA,7,Julio,17,2022,4,26,SR-18,3,Highway estatal,Rural,Arteria Menor,State Highway Agency,0,Sin jurisdiccion especial,99998,31.96073333,-90.85833611,Arbol,El primer evento no fue una colision con un vehiculo automotor en transporte,Not an Intersection,No fue interseccion,Sobre el lado de la calle,Ninguna,Oscuro sin iluminacion,Despejado,No,NO APLICA,99,99,99,99,1,17/07/2022,1
28,Mississippi,280333,0,0,2,0,151,WASHINGTON (151),0,NO APLICA,7,Julio,18,2022,5,37,US-61,2,US Highway,Rural,Arteria Principal,State Highway Agency,1,Sin jurisdiccion especial,99998,33.25163889,-90.86316111,Vehiculo en movimiento,Frente a frente,Not an Intersection,No fue interseccion,Sobre calle,Ninguna,Oscuro sin iluminacion,lluvia,No,NO APLICA,99,99,99,99,1,18/07/2022,4
28,Mississippi,280334,1,1,1,0,93,MARSHALL (93),0,NO APLICA,7,Julio,19,2022,21,51,I-269,1,Interestatal,Rural,Interestatal,State Highway Agency,1,Sin jurisdiccion especial,99998,34.99504722,-89.64229722,Peaton,El primer evento no fue una colision con un vehiculo automotor en transporte,Not an Intersection,No fue interseccion,Sobre calle,Ninguna,Oscuro sin iluminacion,Despejado,No,NO APLICA,99,98,99,98,1,19/07/2022,2
28,Mississippi,280335,0,0,1,0,59,JACKSON (59),0,NO APLICA,7,Julio,20,2022,1,21,SR-613,3,Highway estatal,Rural,Colector Mayor,State Highway Agency,0,Sin jurisdiccion especial,99998,30.69935833,-88.51305,Culvert,El primer evento no fue una colision con un vehiculo automotor en transporte,Not an Intersection,No fue interseccion,Sobre el lado de la calle,Ninguna,Oscuro sin iluminacion,Despejado,No,NO APLICA,99,98,99,98,1,20/07/2022,1
28,Mississippi,280336,1,1,1,0,89,MADISON (89),0,NO APLICA,7,Julio,20,2022,5,24,SR-16,3,Highway estatal,Rural,Arteria Menor,State Highway Agency,0,Sin jurisdiccion especial,99998,32.65679722,-89.84846944,Peaton,El primer evento no fue una colision con un vehiculo automotor en transporte,Not an Intersection,No fue interseccion,Sobre calle,Ninguna,Oscuro sin iluminacion,Despejado,No,NO APLICA,99,98,99,98,1,20/07/2022,1
28,Mississippi,280337,0,0,2,0,81,LEE (81),0,NO APLICA,7,Julio,20,2022,17,2,SR-145,3,Highway estatal,Urbano,Arteria Menor,State Highway Agency,0,Sin jurisdiccion especial,99998,34.16252778,-88.71951667,Vehiculo en movimiento,Angulo,T-Intersection,Interseccion de T,Sobre calle,Ninguna,Dia total,Despejado,No,NO APLICA,99,99,99,99,1,20/07/2022,2
28,Mississippi,280338,0,0,5,0,73,LAMAR (73),9997,Other,7,Julio,20,2022,20,59,US-98,2,US Highway,Urbano,Arteria Principal,State Highway Agency,1,Sin jurisdiccion especial,99998,31.32145278,-89.38130833,Vehiculo en movimiento,Frente a Detrás,Four-Way Intersection,Interseccion de 4 direcciones,Sobre calle,Ninguna,Oscuro con iluminacion,Despejado,No,NO APLICA,99,99,99,99,1,20/07/2022,12
28,Mississippi,280339,0,0,1,0,1,ADAMS (1),0,NO APLICA,7,Julio,21,2022,1,0,CR-NATCHEZ TRACE PARKWAY,4,Calle del Condado,Rural,Arteria Menor,National Park Service,0,Servicio de Parques Nacional,99998,31.60403889,-91.26186944,Arbol,El primer evento no fue una colision con un vehiculo automotor en transporte,Not an Intersection,No fue interseccion,Sobre el lado de la calle,Ninguna,Oscuro sin iluminacion,Despejado,No,NO APLICA,99,99,99,99,1,21/07/2022,1
28,Mississippi,280340,0,0,1,0,115,PONTOTOC (115),0,NO APLICA,7,Julio,21,2022,1,37,CR-CAIRO LOOP,4,Calle del Condado,Rural,No reportado,County Highway Agency,0,Sin jurisdiccion especial,99998,34.37863611,-89.07068056,Poste,El primer evento no fue una colision con un vehiculo automotor en transporte,Not an Intersection,No fue interseccion,Sobre el lado de la calle,Ninguna,Oscuro sin iluminacion,Despejado,No,NO APLICA,99,98,99,98,1,21/07/2022,1
28,Mississippi,280341,0,0,2,0,49,HINDS (49),0,NO APLICA,7,Julio,21,2022,11,45,MARIA DRIVE,6,Calle Local Municipalidad,Urbano,Local,City or Municipal Highway Agency,0,Sin jurisdiccion especial,99998,32.272625,-90.24433611,Vehiculo en movimiento,Frente a Detrás,Not an Intersection,No fue interseccion,Sobre calle,Ninguna,Dia total,Despejado,No,NO APLICA,99,99,99,99,1,21/07/2022,2
28,Mississippi,280343,0,0,1,0,97,MONTGOMERY (97),0,NO APLICA,7,Julio,21,2022,19,25,SR-407,3,Highway estatal,Rural,Colector Mayor,State Highway Agency,0,Sin jurisdiccion especial,99998,33.39906667,-89.63181944,Arbol,El primer evento no fue una colision con un vehiculo automotor en transporte,Not an Intersection,No fue interseccion,Sobre el lado de la calle,Ninguna,Dia total,Nublado,No,NO APLICA,99,99,99,99,1,21/07/2022,1
28,Mississippi,280344,0,0,1,0,139,TIPPAH (139),0,NO APLICA,7,Julio,21,2022,21,3,CR-615,4,Calle del Condado,Rural,No reportado,County Highway Agency,0,Sin jurisdiccion especial,99998,34.66818333,-88.80181944,Culvert,El primer evento no fue una colision con un vehiculo automotor en transporte,Not an Intersection,No fue interseccion,Sobre el lado de la calle,Ninguna,Oscuro - iluminacion desconocida,Despejado,No,NO APLICA,99,99,99,99,1,21/07/2022,2
28,Mississippi,280345,0,0,2,0,151,WASHINGTON (151),990,GREENVILLE,7,Julio,22,2022,0,13,US-82,2,US Highway,Urbano,Arteria Principal,State Highway Agency,1,Sin jurisdiccion especial,99998,33.34516389,-91.09681111,Vehiculo en movimiento,Frente a frente,Not an Intersection,No fue interseccion,Sobre calle,Ninguna,Oscuro sin iluminacion,Despejado,No,NO APLICA,99,99,99,99,1,22/07/2022,2
28,Mississippi,280346,0,0,2,0,3,ALCORN (3),0,NO APLICA,7,Julio,22,2022,11,43,CR-515,4,Calle del Condado,Rural,Colector Mayor,County Highway Agency,0,Sin jurisdiccion especial,99998,34.80981944,-88.61424722,Vehiculo en movimiento,Frente a frente,Not an Intersection,No fue interseccion,Sobre calle,Ninguna,Dia total,Despejado,No,NO APLICA,99,99,99,99,1,22/07/2022,4
28,Mississippi,280347,0,0,3,0,49,HINDS (49),1220,JACKSON,7,Julio,22,2022,14,26,I-55,1,Interestatal,Urbano,Interestatal,State Highway Agency,1,Sin jurisdiccion especial,99998,32.19030278,-90.25324167,Vehiculo en movimiento,Frente a frente,Not an Intersection,No fue interseccion,Sobre calle,Ninguna,Dia total,Despejado,No,NO APLICA,99,99,99,99,2,22/07/2022,3
28,Mississippi,280348,0,0,1,0,11,BOLIVAR (11),0,NO APLICA,7,Julio,23,2022,1,33,CR-LITTON RD,4,Calle del Condado,Rural,Colector Mayor,County Highway Agency,0,Sin jurisdiccion especial,99998,33.64557222,-90.8921,Zanja,El primer evento no fue una colision con un vehiculo automotor en transporte,Not an Intersection,No fue interseccion,Sobre el lado de la calle,Ninguna,Oscuro sin iluminacion,Despejado,No,NO APLICA,99,98,99,98,1,23/07/2022,2
28,Mississippi,280349,0,0,1,0,125,SHARKEY (125),0,NO APLICA,7,Julio,23,2022,7,30,CR-RICHEY RD,4,Calle del Condado,Rural,Colector Mayor,County Highway Agency,0,Sin jurisdiccion especial,99998,33.067825,-90.77919167,Volcadura,El primer evento no fue una colision con un vehiculo automotor en transporte,Not an Intersection,No fue interseccion,Sobre calle,Ninguna,Dia total,Despejado,No,NO APLICA,99,98,99,98,1,23/07/2022,1
28,Mississippi,280350,0,0,2,0,61,JASPER (61),0,NO APLICA,7,Julio,23,2022,15,38,I-59,1,Interestatal,Rural,Interestatal,State Highway Agency,1,Sin jurisdiccion especial,99998,31.90131111,-89.02603056,Zanja,El primer evento no fue una colision con un vehiculo automotor en transporte,Not an Intersection,No fue interseccion,Sobre el lado de la calle,Ninguna,Dia total,Despejado,No,NO APLICA,99,99,99,99,3,23/07/2022,5