Estado,Nombre de Estado,Numero de Caso,Peatones,Personas _no_vehiculos,Vehiculos automotores,Vehiculos estacionados,Condado,Nombre Condado,Ciudad,Nombre Ciudad,Mes,Nombre Mes,Dia,Año,Hora,Minuto,Calle,Ruta,Nombre Ruta,Rural o Urbanoo,Sistema Funcional,Dueño Calle,Sistema Nacional Carreteras,Jurisdiccion Especial,Milla,Latitud,Longitud,Causa del Accidente,Tipo de Accidente,Tipo Interseccion,Columna1,Lugar en la calle,Zona de Trabajo,Luz,Clima,Autobus Escolar,Cruce de Trenes,Hora Notificacion,Minuto Notificacion,Hora Llegada,Minuto Llegada,Decesos,Fecha,PersonaVehiculo
28,Mississippi,280351,0,0,2,0,93,MARSHALL (93),0,NO APLICA,7,Julio,23,2022,21,5,SR-302,3,Highway estatal,Rural,Arteria Principal,State Highway Agency,1,Sin jurisdiccion especial,99998,34.962775,-89.62979167,Vehiculo en movimiento,Frente a frente,Not an Intersection,No fue interseccion,Sobre calle,Ninguna,Oscuro sin iluminacion,Despejado,No,NO APLICA,99,99,99,99,2,23/07/2022,3
28,Mississippi,280352,0,0,1,0,79,LEAKE (79),0,NO APLICA,7,Julio,24,2022,1,46,SR-35,3,Highway estatal,Rural,Arteria Menor,State Highway Agency,0,Sin jurisdiccion especial,99998,32.66335556,-89.49861111,Poste o otros soportes,El primer evento no fue una colision con un vehiculo automotor en transporte,Not an Intersection,No fue interseccion,Sobre el lado de la calle,Ninguna,Oscuro sin iluminacion,Despejado,No,NO APLICA,99,99,99,99,1,24/07/2022,1
28,Mississippi,280353,0,0,2,0,59,JACKSON (59),0,NO APLICA,7,Julio,25,2022,5,59,SR-615,3,Highway estatal,Urbano,Arteria Menor,State Highway Agency,0,Sin jurisdiccion especial,99998,30.52430556,-88.54350833,Vehiculo en movimiento,Angulo,Four-Way Intersection,Interseccion de 4 direcciones,Sobre calle,Ninguna,Amanecer,Despejado,No,NO APLICA,99,99,99,99,1,25/07/2022,2
28,Mississippi,280354,1,1,1,0,67,JONES (67),0,NO APLICA,7,Julio,25,2022,6,58,US-84,2,US Highway,Urbano,Arteria Menor,State Highway Agency,1,Sin jurisdiccion especial,99998,31.69270833,-89.16523333,Peaton,El primer evento no fue una colision con un vehiculo automotor en transporte,Not an Intersection,No fue interseccion,Reportado como desconocida,Ninguna,Dia total,Despejado,No,NO APLICA,99,99,99,99,1,25/07/2022,1
28,Mississippi,280355,0,0,3,0,61,JASPER (61),0,NO APLICA,7,Julio,25,2022,8,41,SR-15,3,Highway estatal,Rural,Arteria Menor,State Highway Agency,0,Sin jurisdiccion especial,99998,32.12856944,-89.226425,Vehiculo en movimiento,Frente a Detrás,T-Intersection,Interseccion de T,Sobre calle,Ninguna,Dia total,Despejado,No,NO APLICA,99,99,99,99,1,25/07/2022,4
28,Mississippi,280356,0,0,2,0,29,COPIAH (29),0,NO APLICA,7,Julio,25,2022,15,14,SR-28,3,Highway estatal,Rural,Arteria Menor,State Highway Agency,0,Sin jurisdiccion especial,99998,31.750675,-90.58168333,Vehiculo en movimiento,Angulo,T-Intersection,Interseccion de T,Sobre calle,Ninguna,Dia total,Despejado,No,NO APLICA,99,98,99,98,3,25/07/2022,3
28,Mississippi,280357,0,0,1,0,93,MARSHALL (93),0,NO APLICA,7,Julio,25,2022,22,22,SR-310,3,Highway estatal,Rural,Colector Mayor,State Highway Agency,0,Sin jurisdiccion especial,99998,34.57805833,-89.47734722,Arbol,El primer evento no fue una colision con un vehiculo automotor en transporte,T-Intersection,Interseccion de T,Sobre el lado de la calle,Ninguna,Oscuro sin iluminacion,Despejado,No,NO APLICA,99,98,99,98,1,25/07/2022,1
28,Mississippi,280358,0,0,2,0,47,HARRISON (47),0,NO APLICA,7,Julio,27,2022,12,49,SR-53,3,Highway estatal,Urbano,Arteria Menor,State Highway Agency,0,Sin jurisdiccion especial,99998,30.51305833,-89.16022222,Vehiculo en movimiento,Frente a frente,Not an Intersection,No fue interseccion,Sobre calle,Ninguna,Dia total,Despejado,No,NO APLICA,99,99,99,99,1,27/07/2022,2
28,Mississippi,280359,0,0,1,0,137,TATE (137),0,NO APLICA,7,Julio,29,2022,20,31,CR-BOWMANTOWN RD,4,Calle del Condado,Rural,No reportado,County Highway Agency,0,Sin jurisdiccion especial,99998,34.71242778,-89.84726389,Arbol,El primer evento no fue una colision con un vehiculo automotor en transporte,Not an Intersection,No fue interseccion,Sobre el lado de la calle,Ninguna,Oscuro sin iluminacion,Nublado,No,NO APLICA,99,99,99,99,1,29/07/2022,1
28,Mississippi,280360,0,0,1,0,143,TUNICA (143),0,NO APLICA,7,Julio,30,2022,4,19,US-61,2,US Highway,Rural,Arteria Principal,State Highway Agency,1,Sin jurisdiccion especial,99998,34.52579167,-90.42546111,Acotamiento,El primer evento no fue una colision con un vehiculo automotor en transporte,Not an Intersection,No fue interseccion,En el medio,Ninguna,Oscuro sin iluminacion,Despejado,No,NO APLICA,99,98,99,98,1,30/07/2022,1
28,Mississippi,280362,0,0,2,0,93,MARSHALL (93),0,NO APLICA,7,Julio,31,2022,5,33,US-72,2,US Highway,Rural,Arteria Principal,State Highway Agency,1,Sin jurisdiccion especial,99998,34.94650833,-89.421325,Vehiculo en movimiento,Frente a Detrás,Not an Intersection,No fue interseccion,Sobre calle,Ninguna,Oscuro sin iluminacion,Nublado,No,NO APLICA,99,98,99,98,1,31/07/2022,2
28,Mississippi,280363,0,0,2,0,75,LAUDERDALE (75),1590,MERIDIAN,7,Julio,31,2022,12,44,SR-19,3,Highway estatal,Urbano,Arteria Principal,State Highway Agency,1,Sin jurisdiccion especial,99998,32.3676,-88.6358,Vehiculo en movimiento,Angulo,Not an Intersection,No fue interseccion,Sobre calle,Ninguna,Dia total,Despejado,No,NO APLICA,99,99,99,99,1,31/07/2022,6
28,Mississippi,280364,0,0,1,0,59,JACKSON (59),1900,PASCAGOULA,7,Julio,31,2022,20,40,PASCAGOULA ST,6,Calle Local Municipalidad,Urbano,Colector Mayor,City or Municipal Highway Agency,0,Sin jurisdiccion especial,99998,30.38008056,-88.54558611,Acotamiento,El primer evento no fue una colision con un vehiculo automotor en transporte,Not an Intersection,No fue interseccion,Sobre el lado de la calle,Ninguna,Oscuro sin iluminacion,Despejado,No,NO APLICA,99,98,99,98,1,31/07/2022,1
28,Mississippi,280365,0,0,1,0,89,MADISON (89),1500,MADISON,8,Agosto,1,2022,3,51,CR-GUS GREEN RD,4,Calle del Condado,Rural,No reportado,County Highway Agency,0,Sin jurisdiccion especial,99998,32.52009722,-90.21792778,Arbol,El primer evento no fue una colision con un vehiculo automotor en transporte,Not an Intersection,No fue interseccion,Sobre el lado de la calle,Ninguna,Oscuro sin iluminacion,Despejado,No,NO APLICA,99,99,99,99,2,01/08/2022,2
28,Mississippi,280366,0,0,2,0,111,PERRY (111),0,NO APLICA,8,Agosto,1,2022,14,31,SR-29,3,Highway estatal,Rural,Colector Mayor,State Highway Agency,0,Sin jurisdiccion especial,99998,31.33462778,-89.10619167,Vehiculo en movimiento,Frente a frente,T-Intersection,Interseccion de T,Sobre calle,Ninguna,Dia total,Nublado,No,NO APLICA,99,99,99,99,1,01/08/2022,2
28,Mississippi,280367,0,0,2,0,27,COAHOMA (27),0,NO APLICA,8,Agosto,1,2022,17,35,US-61,2,US Highway,Rural,Arteria Principal,State Highway Agency,1,Sin jurisdiccion especial,99998,34.23412222,-90.53079444,Vehiculo en movimiento,Frente a frente,Not an Intersection,No fue interseccion,Sobre calle,Ninguna,Dia total,Despejado,No,NO APLICA,99,98,99,98,2,01/08/2022,2
28,Mississippi,280368,0,0,1,0,109,PEARL RIVER (109),0,NO APLICA,8,Agosto,2,2022,9,48,US-11,2,US Highway,Rural,Colector Mayor,State Highway Agency,0,Sin jurisdiccion especial,99998,30.89291389,-89.53344722,Arbol,El primer evento no fue una colision con un vehiculo automotor en transporte,Not an Intersection,No fue interseccion,Sobre el lado de la calle,Ninguna,Dia total,Nublado,No,NO APLICA,99,98,99,98,1,02/08/2022,1
28,Mississippi,280369,0,0,2,0,77,LAWRENCE (77),0,NO APLICA,8,Agosto,2,2022,12,13,CR-51,4,Calle del Condado,Rural,No reportado,County Highway Agency,0,Sin jurisdiccion especial,99998,31.46139722,-89.96207778,Vehiculo en movimiento,Frente a frente,Not an Intersection,No fue interseccion,Sobre calle,Ninguna,Dia total,Nublado,No,NO APLICA,99,98,99,98,1,02/08/2022,3
28,Mississippi,280370,1,1,1,0,81,LEE (81),0,NO APLICA,8,Agosto,4,2022,6,47,SR-371,3,Highway estatal,Rural,Arteria Menor,State Highway Agency,0,Sin jurisdiccion especial,99998,34.20903611,-88.56169444,Peaton,El primer evento no fue una colision con un vehiculo automotor en transporte,Not an Intersection,No fue interseccion,Sobre Acotamiento,Ninguna,Dia total,Despejado,No,NO APLICA,99,99,99,99,1,04/08/2022,1
28,Mississippi,280371,0,0,2,0,139,TIPPAH (139),0,NO APLICA,8,Agosto,6,2022,5,22,US-72,2,US Highway,Rural,Arteria Principal,State Highway Agency,1,Sin jurisdiccion especial,99998,34.95560833,-88.97462778,Vehiculo en movimiento,Frente a frente,Not an Intersection,No fue interseccion,Sobre calle,Ninguna,Oscuro sin iluminacion,Despejado,No,NO APLICA,99,99,99,99,1,06/08/2022,2
28,Mississippi,280372,0,0,3,0,93,MARSHALL (93),0,NO APLICA,8,Agosto,6,2022,18,27,US-72,2,US Highway,Rural,Arteria Principal,State Highway Agency,1,Sin jurisdiccion especial,99998,34.95806111,-89.51559722,Vehiculo en movimiento,Angulo,Four-Way Intersection,Interseccion de 4 direcciones,Sobre calle,Ninguna,Dia total,Despejado,No,NO APLICA,99,99,99,99,1,06/08/2022,5
28,Mississippi,280373,0,0,2,0,81,LEE (81),2610,TUPELO,8,Agosto,6,2022,19,29,SR-NORTH GLOSTER,3,Highway estatal,Urbano,Arteria Principal,State Highway Agency,1,Sin jurisdiccion especial,99998,34.2714,-88.715725,Vehiculo en movimiento,Golpe Lateral - misma direccion,Not an Intersection,No fue interseccion,Sobre calle,Ninguna,Dia total,Despejado,No,NO APLICA,99,99,99,99,1,06/08/2022,4
28,Mississippi,280374,0,0,1,0,39,GEORGE (39),0,NO APLICA,8,Agosto,6,2022,21,45,CR-BARTON AGRICOLA RD,4,Calle del Condado,Rural,Colector Mayor,County Highway Agency,0,Sin jurisdiccion especial,99998,30.77358333,-88.56001667,Arbol,El primer evento no fue una colision con un vehiculo automotor en transporte,Not an Intersection,No fue interseccion,Sobre el lado de la calle,Ninguna,Oscuro sin iluminacion,Despejado,No,NO APLICA,99,98,99,98,1,06/08/2022,1
28,Mississippi,280375,0,0,1,0,93,MARSHALL (93),0,NO APLICA,8,Agosto,7,2022,1,5,SR-302,3,Highway estatal,Rural,Arteria Principal,State Highway Agency,1,Sin jurisdiccion especial,99998,34.96307222,-89.70476667,Acotamiento,El primer evento no fue una colision con un vehiculo automotor en transporte,Not an Intersection,No fue interseccion,Sobre el lado de la calle,Ninguna,Oscuro sin iluminacion,Despejado,No,NO APLICA,99,99,99,99,1,07/08/2022,1
28,Mississippi,280376,0,0,2,0,127,SIMPSON (127),1580,MENDENHALL,8,Agosto,7,2022,11,20,US-49,2,US Highway,Rural,Arteria Principal,State Highway Agency,1,Sin jurisdiccion especial,99998,31.95716667,-89.84984167,Vehiculo en movimiento,Angulo,Four-Way Intersection,Interseccion de 4 direcciones,Sobre calle,Ninguna,Dia total,Despejado,No,NO APLICA,99,99,99,99,1,07/08/2022,5
28,Mississippi,280377,0,0,2,0,127,SIMPSON (127),0,NO APLICA,8,Agosto,7,2022,21,14,SR-13,3,Highway estatal,Rural,Arteria Menor,State Highway Agency,0,Sin jurisdiccion especial,99998,31.79503611,-89.87886667,Vehiculo en movimiento,Angulo,Four-Way Intersection,Interseccion de 4 direcciones,Sobre calle,Ninguna,Dia total,Despejado,No,NO APLICA,99,99,99,99,1,07/08/2022,3
28,Mississippi,280378,0,0,3,1,73,LAMAR (73),9997,Other,8,Agosto,7,2022,23,13,I-59,1,Interestatal,Urbano,Interestatal,State Highway Agency,1,Sin jurisdiccion especial,99998,31.31183333,-89.35284167,Vehiculo Aparcado,El primer evento no fue una colision con un vehiculo automotor en transporte,Not an Intersection,No fue interseccion,Sobre Acotamiento,Ninguna,Oscuro sin iluminacion,Despejado,No,NO APLICA,99,99,99,99,1,07/08/2022,2
28,Mississippi,280379,0,0,1,0,29,COPIAH (29),0,NO APLICA,8,Agosto,8,2022,19,25,I-55,1,Interestatal,Urbano,Interestatal,State Highway Agency,1,Sin jurisdiccion especial,99998,31.99852778,-90.3695,Arbol,El primer evento no fue una colision con un vehiculo automotor en transporte,Not an Intersection,No fue interseccion,En el medio,Ninguna,Atardecer,lluvia,No,NO APLICA,99,98,99,98,2,08/08/2022,2
28,Mississippi,280380,0,0,1,0,57,ITAWAMBA (57),0,NO APLICA,8,Agosto,8,2022,19,30,SR-23,3,Highway estatal,Rural,Colector Mayor,State Highway Agency,0,Sin jurisdiccion especial,99998,34.22930278,-88.258175,Volcadura,El primer evento no fue una colision con un vehiculo automotor en transporte,Not an Intersection,No fue interseccion,Sobre el lado de la calle,Ninguna,Atardecer,Despejado,No,NO APLICA,99,99,99,99,1,08/08/2022,6
28,Mississippi,280381,0,0,2,0,25,CLAY (25),2810,WEST POINT,8,Agosto,11,2022,10,45,US-45,2,US Highway,Urbano,Arteria Principal,State Highway Agency,1,Sin jurisdiccion especial,99998,33.61835556,-88.65905556,Vehiculo en movimiento,Angulo,T-Intersection,Interseccion de T,Sobre calle,Ninguna,Dia total,Despejado,No,NO APLICA,99,99,99,99,1,11/08/2022,4
28,Mississippi,280382,1,1,1,0,87,LOWNDES (87),0,NO APLICA,8,Agosto,12,2022,4,6,US-45 ALT,2,US Highway,Rural,Arteria Principal,State Highway Agency,1,Sin jurisdiccion especial,99998,33.33520833,-88.63177778,Peaton,El primer evento no fue una colision con un vehiculo automotor en transporte,Not an Intersection,No fue interseccion,Sobre calle,Ninguna,Oscuro sin iluminacion,Neblina o Humo,No,NO APLICA,99,98,99,98,1,12/08/2022,1
28,Mississippi,280383,0,0,5,0,99,NESHOBA (99),0,NO APLICA,8,Agosto,12,2022,15,57,SR-16,3,Highway estatal,Rural,Arteria Menor,State Highway Agency,0,Sin jurisdiccion especial,99998,32.78646667,-89.28499722,Vehiculo en movimiento,Frente a frente,Not an Intersection,No fue interseccion,Sobre calle,Ninguna,Dia total,Despejado,No,NO APLICA,99,99,99,99,1,12/08/2022,8
28,Mississippi,280384,0,0,2,0,121,RANKIN (121),0,NO APLICA,8,Agosto,14,2022,18,56,OLD FANNIN RD,6,Calle Local Municipalidad,Urbano,Arteria Principal,City or Municipal Highway Agency,1,Sin jurisdiccion especial,99998,32.34546389,-90.06472778,Vehiculo en movimiento,Angulo,Four-Way Intersection,Interseccion de 4 direcciones,Sobre calle,Ninguna,Dia total,Despejado,No,NO APLICA,99,99,99,99,1,14/08/2022,2
28,Mississippi,280385,0,0,2,0,49,HINDS (49),1220,JACKSON,1,Enero,7,2022,18,16,OAK FOREST DR,6,Calle Local Municipalidad,Urbano,Local,City or Municipal Highway Agency,0,Sin jurisdiccion especial,99998,32.25963611,-90.24695,Vehiculo en movimiento,Frente a frente,Not an Intersection,No fue interseccion,Sobre calle,Ninguna,Oscuro con iluminacion,Despejado,No,NO APLICA,99,99,99,99,1,07/01/2022,2
28,Mississippi,280386,0,0,1,0,109,PEARL RIVER (109),0,NO APLICA,5,Mayo,3,2022,21,32,CR-LIBERTY RD,4,Calle del Condado,Rural,No reportado,County Highway Agency,0,Sin jurisdiccion especial,99998,30.5889,-89.71094167,Zanja,El primer evento no fue una colision con un vehiculo automotor en transporte,Not an Intersection,No fue interseccion,Sobre el lado de la calle,Ninguna,Oscuro sin iluminacion,Despejado,No,NO APLICA,99,99,99,99,1,03/05/2022,2
28,Mississippi,280387,0,0,2,0,121,RANKIN (121),0,NO APLICA,6,Junio,19,2022,20,6,SR-469,3,Highway estatal,Rural,Arteria Menor,State Highway Agency,0,Sin jurisdiccion especial,99998,32.12960833,-90.12901667,Vehiculo en movimiento,Angulo,Not an Intersection,No fue interseccion,Sobre calle,Ninguna,Oscuro sin iluminacion,Despejado,No,NO APLICA,20,7,20,19,1,19/06/2022,8
28,Mississippi,280388,0,0,1,0,3,ALCORN (3),0,NO APLICA,8,Agosto,2,2022,20,57,SR-350,3,Highway estatal,Rural,Colector Mayor,State Highway Agency,0,Sin jurisdiccion especial,99998,34.99356667,-88.42743611,Poste,El primer evento no fue una colision con un vehiculo automotor en transporte,Not an Intersection,No fue interseccion,Sobre el lado de la calle,Ninguna,Oscuro sin iluminacion,Despejado,No,NO APLICA,99,99,99,99,1,02/08/2022,1
28,Mississippi,280389,1,1,1,0,49,HINDS (49),2560,TERRY,8,Agosto,13,2022,0,1,FRONTAGE RD,7,Calle Local,Urbano,Colector Mayor,City or Municipal Highway Agency,0,Sin jurisdiccion especial,99998,32.10898333,-90.29833611,Peaton,El primer evento no fue una colision con un vehiculo automotor en transporte,Not an Intersection,No fue interseccion,Sobre calle,Ninguna,Oscuro sin iluminacion,Despejado,No,NO APLICA,99,98,99,98,1,13/08/2022,1
28,Mississippi,280390,0,0,1,0,91,MARION (91),0,NO APLICA,8,Agosto,17,2022,0,46,CR-ARMSTRONG RD,4,Calle del Condado,Rural,No reportado,County Highway Agency,0,Sin jurisdiccion especial,99998,31.26112222,-89.75037222,Barda,El primer evento no fue una colision con un vehiculo automotor en transporte,Not an Intersection,No fue interseccion,Sobre el lado de la calle,Ninguna,Oscuro sin iluminacion,Despejado,No,NO APLICA,99,99,99,99,1,17/08/2022,1
28,Mississippi,280391,0,0,2,0,45,HANCOCK (45),130,BAY ST LOUIS,8,Agosto,17,2022,21,0,I-10,1,Interestatal,Rural,Interestatal,State Highway Agency,1,Sin jurisdiccion especial,99998,30.35671667,-89.42796667,Vehiculo en movimiento,Frente a frente,Not an Intersection,No fue interseccion,Sobre calle,Ninguna,Oscuro con iluminacion,Despejado,No,NO APLICA,99,99,99,99,1,17/08/2022,5
28,Mississippi,280392,0,0,3,0,113,PIKE (113),0,NO APLICA,8,Agosto,18,2022,13,41,SR-24,3,Highway estatal,Rural,Arteria Menor,State Highway Agency,0,Sin jurisdiccion especial,99998,31.21469167,-90.50803611,Vehiculo en movimiento,Frente a frente,Not an Intersection,No fue interseccion,Sobre calle,Ninguna,Dia total,Nublado,No,NO APLICA,99,99,99,99,2,18/08/2022,3
28,Mississippi,280393,1,1,1,0,135,TALLAHATCHIE (135),0,NO APLICA,8,Agosto,19,2022,2,46,SR-35,3,Highway estatal,Rural,Arteria Menor,State Highway Agency,0,Sin jurisdiccion especial,99998,34.14750833,-90.07840833,Peaton,El primer evento no fue una colision con un vehiculo automotor en transporte,Not an Intersection,No fue interseccion,Sobre calle,Ninguna,Oscuro sin iluminacion,Despejado,No,NO APLICA,99,99,99,99,1,19/08/2022,1
28,Mississippi,280394,0,0,1,0,107,PANOLA (107),0,NO APLICA,8,Agosto,19,2022,18,16,CR-JOHN BRANCH RD,4,Calle del Condado,Rural,No reportado,County Highway Agency,0,Sin jurisdiccion especial,99998,34.33135,-89.80166111,Arbol,El primer evento no fue una colision con un vehiculo automotor en transporte,Not an Intersection,No fue interseccion,Sobre el lado de la calle,Ninguna,Dia total,Despejado,No,NO APLICA,99,98,99,98,1,19/08/2022,1
28,Mississippi,280395,0,0,1,0,75,LAUDERDALE (75),0,NO APLICA,8,Agosto,19,2022,20,34,US-45,2,US Highway,Urbano,Arterial Principal -Freeway o ExpressWay,State Highway Agency,1,Sin jurisdiccion especial,99998,32.42923889,-88.63921389,Animal vivo,El primer evento no fue una colision con un vehiculo automotor en transporte,Not an Intersection,No fue interseccion,Sobre calle,Ninguna,Oscuro sin iluminacion,Despejado,No,NO APLICA,99,99,99,99,1,19/08/2022,2
28,Mississippi,280396,0,0,1,0,109,PEARL RIVER (109),0,NO APLICA,8,Agosto,19,2022,23,47,US-11,2,US Highway,Urbano,Arteria Menor,State Highway Agency,0,Sin jurisdiccion especial,99998,30.49810556,-89.68719167,Arbol,El primer evento no fue una colision con un vehiculo automotor en transporte,Not an Intersection,No fue interseccion,Sobre el lado de la calle,Ninguna,Oscuro con iluminacion,Despejado,No,NO APLICA,99,98,99,98,2,19/08/2022,2
28,Mississippi,280397,0,0,2,0,163,YAZOO (163),0,NO APLICA,8,Agosto,20,2022,0,27,I-55,1,Interestatal,Rural,Interestatal,State Highway Agency,1,Sin jurisdiccion especial,99998,32.76164444,-90.06609167,Vehiculo en movimiento,Frente a frente,Not an Intersection,No fue interseccion,Sobre calle,Ninguna,Oscuro sin iluminacion,Despejado,No,NO APLICA,99,98,99,98,2,20/08/2022,2
28,Mississippi,280398,0,0,1,0,149,WARREN (149),0,NO APLICA,8,Agosto,20,2022,8,35,SR-3,3,Highway estatal,Rural,Arteria Menor,State Highway Agency,0,Sin jurisdiccion especial,99998,32.51923889,-90.78322778,Zanja,El primer evento no fue una colision con un vehiculo automotor en transporte,Not an Intersection,No fue interseccion,Sobre el lado de la calle,Ninguna,Dia total,Nublado,No,NO APLICA,99,98,99,98,1,20/08/2022,1
28,Mississippi,280399,0,0,2,0,75,LAUDERDALE (75),1545,MARION,8,Agosto,22,2022,14,19,DALE DR,6,Calle Local Municipalidad,Urbano,Colector Mayor,City or Municipal Highway Agency,0,Sin jurisdiccion especial,99998,32.42703889,-88.64585,Vehiculo en movimiento,Angulo,T-Intersection,Interseccion de T,Sobre calle,Ninguna,Dia total,lluvia,No,NO APLICA,99,99,99,99,1,22/08/2022,2
28,Mississippi,280401,0,0,2,0,59,JACKSON (59),0,NO APLICA,8,Agosto,22,2022,21,24,SR-63,3,Highway estatal,Rural,Arteria Principal,State Highway Agency,1,Sin jurisdiccion especial,99998,30.73328611,-88.59850278,Vehiculo en movimiento,Frente a frente,Not an Intersection,No fue interseccion,Sobre calle,Ninguna,Oscuro sin iluminacion,Nublado,No,NO APLICA,99,98,99,98,2,22/08/2022,2
28,Mississippi,280402,2,2,1,0,153,WAYNE (153),0,NO APLICA,8,Agosto,23,2022,17,20,CR-BEAT FOUR SHUBUTA RD,4,Calle del Condado,Rural,No reportado,County Highway Agency,0,Sin jurisdiccion especial,99998,31.74211111,-88.78311667,Puente de Ferrocarril,El primer evento no fue una colision con un vehiculo automotor en transporte,Not an Intersection,No fue interseccion,Sobre el lado de la calle,Ninguna,Dia total,lluvia,No,NO APLICA,99,99,99,99,1,23/08/2022,1
28,Mississippi,280403,0,0,1,0,49,HINDS (49),1220,JACKSON,8,Agosto,3,2022,3,58,BAILEY AVE,6,Calle Local Municipalidad,Urbano,Arteria Principal,City or Municipal Highway Agency,1,Sin jurisdiccion especial,99998,32.31364722,-90.19436944,Barda,El primer evento no fue una colision con un vehiculo automotor en transporte,Not an Intersection,No fue interseccion,Sobre el lado de la calle,Ninguna,Oscuro con iluminacion,Despejado,No,NO APLICA,99,99,99,99,1,03/08/2022,1
28,Mississippi,280404,0,0,1,0,11,BOLIVAR (11),0,NO APLICA,8,Agosto,24,2022,17,21,SR-446,3,Highway estatal,Rural,Colector Mayor,State Highway Agency,0,Sin jurisdiccion especial,99998,33.70398611,-90.76481111,Volcadura,El primer evento no fue una colision con un vehiculo automotor en transporte,Not an Intersection,No fue interseccion,Sobre el lado de la calle,Ninguna,Reportada como desconocida,Reportado como desconocido,No,NO APLICA,99,98,99,98,1,24/08/2022,1
28,Mississippi,280405,0,0,1,0,81,LEE (81),2610,TUPELO,8,Agosto,24,2022,22,39,US-45,2,US Highway,Urbano,Arteria Principal,State Highway Agency,0,Sin jurisdiccion especial,99998,34.27531389,-88.707225,Volcadura,El primer evento no fue una colision con un vehiculo automotor en transporte,Not an Intersection,No fue interseccion,Sobre calle,Ninguna,Oscuro sin iluminacion,Despejado,No,NO APLICA,99,99,99,99,1,24/08/2022,2
28,Mississippi,280406,0,0,1,0,49,HINDS (49),1220,JACKSON,8,Agosto,26,2022,22,5,I-220,1,Interestatal,Urbano,Interestatal,State Highway Agency,1,Sin jurisdiccion especial,99998,88.8888,888.8888,Volcadura,El primer evento no fue una colision con un vehiculo automotor en transporte,Not an Intersection,No fue interseccion,Sobre el lado de la calle,Ninguna,Oscuro con iluminacion,Despejado,No,NO APLICA,99,98,99,98,1,26/08/2022,1
28,Mississippi,280407,0,0,2,0,95,MONROE (95),0,NO APLICA,8,Agosto,2,2022,19,23,CR-OLD WREN RD,4,Calle del Condado,Rural,No reportado,County Highway Agency,0,Sin jurisdiccion especial,99998,33.97195278,-88.59944167,Vehiculo en movimiento,Angulo,T-Intersection,Interseccion de T,Sobre calle,Ninguna,Dia total,Despejado,No,NO APLICA,99,98,99,98,2,02/08/2022,2
28,Mississippi,280408,0,0,2,0,93,MARSHALL (93),0,NO APLICA,8,Agosto,27,2022,16,0,SR-7,3,Highway estatal,Rural,Arteria Principal,State Highway Agency,1,Sin jurisdiccion especial,99998,34.68725556,-89.46104444,Vehiculo en movimiento,Frente a Detrás,Not an Intersection,No fue interseccion,Sobre calle,Ninguna,Dia total,Despejado,No,NO APLICA,99,99,99,99,1,27/08/2022,3
28,Mississippi,280409,0,0,2,0,85,LINCOLN (85),320,BROOKHAVEN,8,Agosto,28,2022,12,25,BROOKWAY BLVD,6,Calle Local Municipalidad,Urbano,Arteria Principal,City or Municipal Highway Agency,1,Sin jurisdiccion especial,99998,31.57873889,-90.47624167,Vehiculo en movimiento,Angulo,T-Intersection,Interseccion de T,Sobre calle,Ninguna,Dia total,Despejado,No,NO APLICA,99,99,99,99,1,28/08/2022,6
28,Mississippi,280410,0,0,2,0,3,ALCORN (3),0,NO APLICA,8,Agosto,28,2022,12,45,CR-512,4,Calle del Condado,Rural,Colector Mayor,County Highway Agency,0,Sin jurisdiccion especial,99998,34.85630833,-88.613975,Vehiculo en movimiento,Angulo,Four-Way Intersection,Interseccion de 4 direcciones,Sobre calle,Ninguna,Dia total,Despejado,No,NO APLICA,99,99,99,99,1,28/08/2022,2
28,Mississippi,280411,0,0,3,0,87,LOWNDES (87),540,COLUMBUS,8,Agosto,28,2022,1,7,US-82,2,US Highway,Urbano,Arterial Principal -Freeway o ExpressWay,State Highway Agency,1,Sin jurisdiccion especial,99998,33.51857778,-88.406575,Vehiculo en movimiento,Frente a Detrás,Not an Intersection,No fue interseccion,Sobre calle,Ninguna,Oscuro sin iluminacion,Despejado,No,NO APLICA,99,99,99,99,2,28/08/2022,4
28,Mississippi,280412,0,0,1,0,3,ALCORN (3),0,NO APLICA,8,Agosto,28,2022,14,37,CR-301,4,Calle del Condado,Rural,No reportado,County Highway Agency,0,Sin jurisdiccion especial,99998,34.87869167,-88.48126944,Arbol,El primer evento no fue una colision con un vehiculo automotor en transporte,Not an Intersection,No fue interseccion,Sobre el lado de la calle,Ninguna,Dia total,Despejado,No,NO APLICA,99,99,99,99,1,28/08/2022,2
28,Mississippi,280413,0,0,1,0,67,JONES (67),0,NO APLICA,8,Agosto,29,2022,6,25,I-59,1,Interestatal,Rural,Interestatal,State Highway Agency,1,Sin jurisdiccion especial,99998,31.46693889,-89.32256111,Barrera de Trafico de Concreto,El primer evento no fue una colision con un vehiculo automotor en transporte,Not an Intersection,No fue interseccion,En el medio,Construccion,Oscuro con iluminacion,Reportado como desconocido,No,NO APLICA,99,99,99,99,1,29/08/2022,1
28,Mississippi,280414,0,0,2,0,73,LAMAR (73),0,NO APLICA,8,Agosto,29,2022,8,54,SR-589,3,Highway estatal,Rural,Colector Mayor,State Highway Agency,0,Sin jurisdiccion especial,99998,31.24869722,-89.45865,Vehiculo en movimiento,Angulo,T-Intersection,Interseccion de T,Sobre calle,Ninguna,Dia total,Despejado,No,NO APLICA,99,99,99,99,1,29/08/2022,2