Estado,Nombre de Estado,Numero de Caso,Peatones,Personas _no_vehiculos,Vehiculos automotores,Vehiculos estacionados,Condado,Nombre Condado,Ciudad,Nombre Ciudad,Mes,Nombre Mes,Dia,Año,Hora,Minuto,Calle,Ruta,Nombre Ruta,Rural o Urbanoo,Sistema Funcional,Dueño Calle,Sistema Nacional Carreteras,Jurisdiccion Especial,Milla,Latitud,Longitud,Causa del Accidente,Tipo de Accidente,Tipo Interseccion,Columna1,Lugar en la calle,Zona de Trabajo,Luz,Clima,Autobus Escolar,Cruce de Trenes,Hora Notificacion,Minuto Notificacion,Hora Llegada,Minuto Llegada,Decesos,Fecha,PersonaVehiculo
28,Mississippi,280415,1,1,1,0,75,LAUDERDALE (75),0,NO APLICA,8,Agosto,30,2022,5,29,US-45,2,US Highway,Rural,Arteria Principal,State Highway Agency,1,Sin jurisdiccion especial,99998,32.51814167,-88.51938611,Peaton,El primer evento no fue una colision con un vehiculo automotor en transporte,Not an Intersection,No fue interseccion,Sobre calle,Ninguna,Oscuro sin iluminacion,Despejado,No,NO APLICA,99,99,99,99,1,30/08/2022,1
28,Mississippi,280416,0,0,2,0,103,NOXUBEE (103),0,NO APLICA,8,Agosto,30,2022,12,28,SR-21,3,Highway estatal,Rural,Arteria Menor,State Highway Agency,0,Sin jurisdiccion especial,99998,32.97044722,-88.64609722,Vehiculo en movimiento,Frente a frente,Not an Intersection,No fue interseccion,Sobre calle,Ninguna,Dia total,lluvia,No,NO APLICA,99,99,99,99,1,30/08/2022,2
28,Mississippi,280417,0,0,2,0,151,WASHINGTON (151),0,NO APLICA,9,Septiembre,1,2022,8,30,SR-12,3,Highway estatal,Rural,Arteria Menor,State Highway Agency,0,Sin jurisdiccion especial,99998,33.167925,-90.824,Vehiculo en movimiento,Frente a frente,Not an Intersection,No fue interseccion,Sobre calle,Ninguna,Dia total,Despejado,No,NO APLICA,99,99,99,99,1,01/09/2022,2
28,Mississippi,280418,0,0,2,0,163,YAZOO (163),0,NO APLICA,9,Septiembre,1,2022,20,10,US-49,2,US Highway,Rural,Arteria Principal,State Highway Agency,1,Sin jurisdiccion especial,99998,32.94737778,-90.361425,Vehiculo en movimiento,Frente a frente,Not an Intersection,No fue interseccion,Sobre calle,Ninguna,Oscuro sin iluminacion,Despejado,No,NO APLICA,99,99,99,99,1,01/09/2022,4
28,Mississippi,280419,0,0,2,0,39,GEORGE (39),0,NO APLICA,9,Septiembre,3,2022,14,55,SR-613,3,Highway estatal,Rural,Colector Mayor,State Highway Agency,0,Sin jurisdiccion especial,99998,30.83933611,-88.52093611,Vehiculo en movimiento,Frente a frente,Not an Intersection,No fue interseccion,Sobre calle,Ninguna,Dia total,lluvia,No,NO APLICA,99,99,99,99,1,03/09/2022,4
28,Mississippi,280420,1,1,1,0,49,HINDS (49),1220,JACKSON,9,Septiembre,3,2022,21,25,EMINENCE ROW,6,Calle Local Municipalidad,Urbano,Local,City or Municipal Highway Agency,0,Sin jurisdiccion especial,99998,32.34858611,-90.19790278,Peaton,El primer evento no fue una colision con un vehiculo automotor en transporte,Not an Intersection,No fue interseccion,Sobre calle,Ninguna,Oscuro con iluminacion,Despejado,No,NO APLICA,99,98,99,98,1,03/09/2022,1
28,Mississippi,280421,0,0,2,0,151,WASHINGTON (151),0,NO APLICA,9,Septiembre,4,2022,2,36,US-82,2,US Highway,Rural,Arteria Principal,State Highway Agency,1,Sin jurisdiccion especial,99998,33.40130278,-90.94005278,Vehiculo en movimiento,Frente a frente,Not an Intersection,No fue interseccion,Sobre calle,Ninguna,Oscuro sin iluminacion,Despejado,No,NO APLICA,99,99,99,99,1,04/09/2022,3
28,Mississippi,280422,0,0,1,0,77,LAWRENCE (77),0,NO APLICA,9,Septiembre,4,2022,7,0,CR-GIVENS MULLINS RD,4,Calle del Condado,Rural,No reportado,County Highway Agency,0,Sin jurisdiccion especial,99998,31.37284167,-90.06173889,Arbol,El primer evento no fue una colision con un vehiculo automotor en transporte,Not an Intersection,No fue interseccion,Sobre el lado de la calle,Ninguna,Reportada como desconocida,Despejado,No,NO APLICA,99,98,99,98,3,04/09/2022,3
28,Mississippi,280423,0,0,2,0,123,SCOTT (123),0,NO APLICA,9,Septiembre,4,2022,17,51,CR-OLD JACKSON RD,4,Calle del Condado,Rural,Colector Mayor,County Highway Agency,0,Sin jurisdiccion especial,99998,32.45795556,-89.45981389,Vehiculo en movimiento,Frente a frente,Not an Intersection,No fue interseccion,Sobre calle,Ninguna,Dia total,Despejado,No,NO APLICA,99,99,99,99,1,04/09/2022,2
28,Mississippi,280424,0,0,2,0,75,LAUDERDALE (75),0,NO APLICA,9,Septiembre,5,2022,14,52,US-80,2,US Highway,Rural,Colector Mayor,State Highway Agency,0,Sin jurisdiccion especial,99998,32.34521667,-88.82209167,Vehiculo en movimiento,Frente a Detrás,Not an Intersection,No fue interseccion,Sobre calle,Ninguna,Dia total,Despejado,No,NO APLICA,99,98,99,98,1,05/09/2022,2
28,Mississippi,280425,0,0,2,0,3,ALCORN (3),0,NO APLICA,9,Septiembre,6,2022,13,49,US-45,2,US Highway,Rural,Arteria Principal,State Highway Agency,1,Sin jurisdiccion especial,99998,34.85800278,-88.55924722,Vehiculo en movimiento,Angulo,T-Intersection,Interseccion de T,Sobre calle,Ninguna,Dia total,Despejado,No,NO APLICA,99,99,99,99,1,06/09/2022,2
28,Mississippi,280426,0,0,2,0,105,OKTIBBEHA (105),0,NO APLICA,9,Septiembre,7,2022,14,39,US-82,2,US Highway,Rural,Arteria Principal,State Highway Agency,1,Sin jurisdiccion especial,99998,33.49667778,-88.93071111,Vehiculo en movimiento,Angulo,Four-Way Intersection,Interseccion de 4 direcciones,Sobre calle,Ninguna,Dia total,Despejado,No,NO APLICA,99,99,99,99,1,07/09/2022,8
28,Mississippi,280427,0,0,1,0,75,LAUDERDALE (75),0,NO APLICA,9,Septiembre,7,2022,18,3,SR-19,3,Highway estatal,Rural,Arteria Menor,State Highway Agency,0,Sin jurisdiccion especial,99998,32.26228333,-88.44247778,Otro objeto (no fijo),El primer evento no fue una colision con un vehiculo automotor en transporte,Not an Intersection,No fue interseccion,Sobre calle,Ninguna,Dia total,Nublado,No,NO APLICA,99,99,99,99,1,07/09/2022,1
28,Mississippi,280428,0,0,1,0,49,HINDS (49),0,NO APLICA,9,Septiembre,7,2022,18,10,SOUTH FLAG CHAPEL RD,6,Calle Local Municipalidad,Urbano,Colector Mayor,City or Municipal Highway Agency,0,Sin jurisdiccion especial,99998,32.37314167,-90.27313611,Acotamiento,El primer evento no fue una colision con un vehiculo automotor en transporte,Not an Intersection,No fue interseccion,Sobre el lado de la calle,Ninguna,Dia total,Despejado,No,NO APLICA,99,99,99,99,1,07/09/2022,2
28,Mississippi,280429,0,0,2,0,97,MONTGOMERY (97),2830,WINONA,9,Septiembre,9,2022,16,49,US-82,2,US Highway,Rural,Arteria Principal,State Highway Agency,1,Sin jurisdiccion especial,99998,33.48674722,-89.76629444,Vehiculo en movimiento,Angulo,T-Intersection,Interseccion de T,Sobre calle,Ninguna,Dia total,Despejado,No,NO APLICA,99,99,99,99,1,09/09/2022,4
28,Mississippi,280430,0,0,2,0,107,PANOLA (107),0,NO APLICA,9,Septiembre,9,2022,19,6,US-278,2,US Highway,Rural,Arteria Principal,State Highway Agency,1,Sin jurisdiccion especial,99998,34.34052778,-89.74748333,Vehiculo en movimiento,Angulo,T-Intersection,Interseccion de T,Sobre calle,Ninguna,Oscuro sin iluminacion,lluvia,No,NO APLICA,99,99,99,99,1,09/09/2022,5
28,Mississippi,280431,0,0,1,0,63,JEFFERSON (63),0,NO APLICA,9,Septiembre,11,2022,14,1,US-61,2,US Highway,Rural,Arteria Principal,State Highway Agency,1,Sin jurisdiccion especial,99998,31.65479444,-91.13849722,Zanja,El primer evento no fue una colision con un vehiculo automotor en transporte,Not an Intersection,No fue interseccion,En el medio,Ninguna,Dia total,Despejado,No,NO APLICA,99,98,99,98,1,11/09/2022,3
28,Mississippi,280432,0,0,1,0,131,STONE (131),0,NO APLICA,9,Septiembre,12,2022,12,23,SR-26,3,Highway estatal,Rural,Arteria Menor,State Highway Agency,0,Sin jurisdiccion especial,99998,30.8475,-89.231275,Arbol,El primer evento no fue una colision con un vehiculo automotor en transporte,Not an Intersection,No fue interseccion,Sobre el lado de la calle,Ninguna,Dia total,Nublado,No,NO APLICA,99,99,99,99,1,12/09/2022,1
28,Mississippi,280433,0,0,1,0,3,ALCORN (3),0,NO APLICA,9,Septiembre,12,2022,15,18,CR-709,4,Calle del Condado,Rural,No reportado,County Highway Agency,0,Sin jurisdiccion especial,99998,34.86032222,-88.46090556,Arbol,El primer evento no fue una colision con un vehiculo automotor en transporte,Not an Intersection,No fue interseccion,Sobre el lado de la calle,Ninguna,Dia total,Despejado,No,NO APLICA,99,99,99,99,1,12/09/2022,1
28,Mississippi,280434,0,0,2,0,163,YAZOO (163),0,NO APLICA,9,Septiembre,13,2022,16,54,CR-ANDING OIL CITY RD,4,Calle del Condado,Rural,Colector Mayor,County Highway Agency,0,Sin jurisdiccion especial,99998,32.69020556,-90.42718889,Vehiculo en movimiento,Frente a frente,Not an Intersection,No fue interseccion,Sobre calle,Ninguna,Dia total,Despejado,No,NO APLICA,99,99,99,99,1,13/09/2022,2
28,Mississippi,280435,0,0,1,0,67,JONES (67),0,NO APLICA,9,Septiembre,13,2022,23,39,CR-PLEASANT GROVE RD,4,Calle del Condado,Rural,No reportado,County Highway Agency,0,Sin jurisdiccion especial,99998,31.75775,-88.94960278,Arbol,El primer evento no fue una colision con un vehiculo automotor en transporte,Not an Intersection,No fue interseccion,Sobre el lado de la calle,Ninguna,Oscuro sin iluminacion,Despejado,No,NO APLICA,99,99,99,99,1,13/09/2022,2
28,Mississippi,280436,0,0,2,0,37,FRANKLIN (37),0,NO APLICA,9,Septiembre,13,2022,7,47,US-84,2,US Highway,Rural,Arteria Principal,State Highway Agency,1,Sin jurisdiccion especial,99998,31.46546944,-90.906925,Vehiculo en movimiento,Angulo,Four-Way Intersection,Interseccion de 4 direcciones,Sobre calle,Ninguna,Dia total,Despejado,No,NO APLICA,99,99,99,99,1,13/09/2022,4
28,Mississippi,280437,0,0,1,0,59,JACKSON (59),0,NO APLICA,9,Septiembre,16,2022,0,26,SR-57,3,Highway estatal,Rural,Arteria Menor,State Highway Agency,0,Sin jurisdiccion especial,99998,30.69313611,-88.73684444,Zanja,El primer evento no fue una colision con un vehiculo automotor en transporte,Not an Intersection,No fue interseccion,Sobre el lado de la calle,Ninguna,Oscuro sin iluminacion,Despejado,No,NO APLICA,99,99,99,99,1,16/09/2022,1
28,Mississippi,280438,0,0,2,0,45,HANCOCK (45),2740,WAVELAND,9,Septiembre,16,2022,12,51,US-90,2,US Highway,Urbano,Arteria Principal,State Highway Agency,1,Sin jurisdiccion especial,99998,30.30142778,-89.39193333,Vehiculo en movimiento,Angulo,T-Intersection,Interseccion de T,Sobre calle,Ninguna,Dia total,Despejado,No,NO APLICA,99,99,99,99,1,16/09/2022,2
28,Mississippi,280439,0,0,1,0,45,HANCOCK (45),0,NO APLICA,9,Septiembre,17,2022,6,19,I-10,1,Interestatal,Rural,Interestatal,State Highway Agency,1,Sin jurisdiccion especial,99998,30.31746389,-89.59138333,Arbol,El primer evento no fue una colision con un vehiculo automotor en transporte,Not an Intersection,No fue interseccion,Sobre el lado de la calle,Ninguna,Dia total,Despejado,No,NO APLICA,99,99,99,99,1,17/09/2022,1
28,Mississippi,280440,0,0,1,0,45,HANCOCK (45),0,NO APLICA,9,Septiembre,17,2022,15,2,SR-43,3,Highway estatal,Rural,Arteria Menor,State Highway Agency,0,Sin jurisdiccion especial,99998,30.44388889,-89.45794167,Arbol,El primer evento no fue una colision con un vehiculo automotor en transporte,Not an Intersection,No fue interseccion,Sobre el lado de la calle,Ninguna,Dia total,Despejado,No,NO APLICA,99,98,99,98,1,17/09/2022,1
28,Mississippi,280441,0,0,1,0,59,JACKSON (59),0,NO APLICA,9,Septiembre,17,2022,17,19,CR-LILY ORCHARD RD,4,Calle del Condado,Rural,No reportado,County Highway Agency,0,Sin jurisdiccion especial,99998,30.56571389,-88.45550833,Zanja,El primer evento no fue una colision con un vehiculo automotor en transporte,Not an Intersection,No fue interseccion,Sobre el lado de la calle,Ninguna,Dia total,Despejado,No,NO APLICA,99,99,99,99,1,17/09/2022,2
28,Mississippi,280443,0,0,2,1,59,JACKSON (59),0,NO APLICA,9,Septiembre,17,2022,20,38,I-10,1,Interestatal,Urbano,Interestatal,State Highway Agency,1,Sin jurisdiccion especial,99998,30.45380833,-88.86866389,Vehiculo Aparcado,El primer evento no fue una colision con un vehiculo automotor en transporte,Not an Intersection,No fue interseccion,Sobre Acotamiento,Ninguna,Oscuro sin iluminacion,Despejado,No,NO APLICA,99,99,99,99,1,17/09/2022,1
28,Mississippi,280444,0,0,2,0,33,DE SOTO (33),1830,OLIVE BRANCH,9,Septiembre,18,2022,21,40,SR-302,3,Highway estatal,Urbano,Arteria Principal,State Highway Agency,1,Sin jurisdiccion especial,99998,34.96930278,-89.812875,Vehiculo en movimiento,Angulo,Four-Way Intersection,Interseccion de 4 direcciones,Sobre calle,Ninguna,Oscuro con iluminacion,Despejado,No,NO APLICA,99,99,99,99,1,18/09/2022,2
28,Mississippi,280445,0,0,1,0,51,HOLMES (51),0,NO APLICA,9,Septiembre,17,2022,22,0,CR-EBENEZER RD,4,Calle del Condado,Rural,Colector Mayor,County Highway Agency,0,Sin jurisdiccion especial,99998,33.0793,-90.05730833,Poste de Señal de trafico,El primer evento no fue una colision con un vehiculo automotor en transporte,Not an Intersection,No fue interseccion,Sobre el lado de la calle,Ninguna,Oscuro sin iluminacion,Despejado,No,NO APLICA,99,98,99,98,1,17/09/2022,1
28,Mississippi,280446,0,0,2,0,133,SUNFLOWER (133),0,NO APLICA,9,Septiembre,18,2022,19,25,US-82,2,US Highway,Rural,Arteria Principal,State Highway Agency,1,Sin jurisdiccion especial,99998,33.46229167,-90.55297778,Vehiculo en movimiento,Angulo,T-Intersection,Interseccion de T,Sobre calle,Ninguna,Atardecer,Despejado,No,NO APLICA,99,99,99,99,1,18/09/2022,2
28,Mississippi,280447,1,1,2,0,127,SIMPSON (127),0,NO APLICA,9,Septiembre,18,2022,20,2,US-49,2,US Highway,Rural,Arteria Principal,State Highway Agency,1,Sin jurisdiccion especial,99998,31.99686944,-89.90172778,Peaton,El primer evento no fue una colision con un vehiculo automotor en transporte,Not an Intersection,No fue interseccion,Sobre calle,Ninguna,Oscuro sin iluminacion,Despejado,No,NO APLICA,99,98,99,98,1,18/09/2022,2
28,Mississippi,280448,0,0,1,0,133,SUNFLOWER (133),0,NO APLICA,9,Septiembre,19,2022,5,30,CR-BEAVERDAM RD,4,Calle del Condado,Rural,No reportado,County Highway Agency,0,Sin jurisdiccion especial,99998,33.51850556,-90.70392222,Zanja,El primer evento no fue una colision con un vehiculo automotor en transporte,T-Intersection,Interseccion de T,Sobre el lado de la calle,Ninguna,Amanecer,Despejado,No,NO APLICA,99,98,99,98,1,19/09/2022,1
28,Mississippi,280449,0,0,1,0,91,MARION (91),0,NO APLICA,9,Septiembre,19,2022,14,4,CR-KOKOMO RD,4,Calle del Condado,Rural,Colector Mayor,County Highway Agency,0,Sin jurisdiccion especial,99998,31.25274444,-90.02345,Volcadura,El primer evento no fue una colision con un vehiculo automotor en transporte,Not an Intersection,No fue interseccion,Sobre el lado de la calle,Ninguna,Dia total,Despejado,No,NO APLICA,99,98,99,98,1,19/09/2022,2
28,Mississippi,280450,0,0,3,0,77,LAWRENCE (77),0,NO APLICA,9,Septiembre,20,2022,16,34,SR-27,3,Highway estatal,Rural,Arteria Menor,State Highway Agency,0,Sin jurisdiccion especial,99998,31.65054722,-90.13649444,Vehiculo en movimiento,Frente a frente,Not an Intersection,No fue interseccion,Sobre calle,Ninguna,Dia total,Despejado,No,NO APLICA,99,99,99,99,1,20/09/2022,4
28,Mississippi,280451,0,0,2,0,85,LINCOLN (85),0,NO APLICA,9,Septiembre,8,2022,14,7,I-55,1,Interestatal,Urbano,Interestatal,State Highway Agency,1,Sin jurisdiccion especial,99998,31.60018333,-90.467125,Vehiculo en movimiento,Frente a Detrás,Not an Intersection,No fue interseccion,Sobre calle,Ninguna,Dia total,Despejado,No,NO APLICA,99,99,99,99,1,08/09/2022,2
28,Mississippi,280452,1,1,1,0,157,WILKINSON (157),0,NO APLICA,9,Septiembre,12,2022,20,14,US-61,2,US Highway,Rural,Interestatal,State Highway Agency,1,Sin jurisdiccion especial,99998,31.32536944,-91.35479444,Peaton,El primer evento no fue una colision con un vehiculo automotor en transporte,Not an Intersection,No fue interseccion,Sobre calle,Ninguna,Oscuro sin iluminacion,Despejado,No,NO APLICA,99,99,99,99,1,12/09/2022,1
28,Mississippi,280453,0,0,2,0,129,SMITH (129),0,NO APLICA,9,Septiembre,14,2022,6,19,SR-28,3,Highway estatal,Rural,Arteria Menor,State Highway Agency,0,Sin jurisdiccion especial,99998,31.80475,-89.37069444,Vehiculo en movimiento,Angulo,Not an Intersection,No fue interseccion,Sobre calle,Ninguna,Dia total,Despejado,No,NO APLICA,99,98,99,98,1,14/09/2022,2
28,Mississippi,280454,0,0,2,0,75,LAUDERDALE (75),0,NO APLICA,9,Septiembre,15,2022,9,10,CR-AYCOCK RD,4,Calle del Condado,Rural,No reportado,County Highway Agency,0,Sin jurisdiccion especial,99998,32.29554167,-88.64566111,Vehiculo en movimiento,Frente a frente,Not an Intersection,No fue interseccion,Sobre calle,Ninguna,Dia total,Despejado,No,NO APLICA,99,99,99,99,1,15/09/2022,3
28,Mississippi,280455,0,0,1,0,17,CHICKASAW (17),0,NO APLICA,9,Septiembre,17,2022,17,20,SR-32,3,Highway estatal,Rural,Arteria Menor,State Highway Agency,0,Sin jurisdiccion especial,99998,34.04596389,-89.08536667,Culvert,El primer evento no fue una colision con un vehiculo automotor en transporte,Not an Intersection,No fue interseccion,Sobre el lado de la calle,Ninguna,Dia total,Despejado,No,NO APLICA,99,98,99,98,2,17/09/2022,2
28,Mississippi,280456,0,0,1,0,137,TATE (137),0,NO APLICA,9,Septiembre,18,2022,7,37,CR-ARKABUTLA SAVAGE RD,4,Calle del Condado,Rural,Colector Mayor,County Highway Agency,0,Sin jurisdiccion especial,99998,34.69535278,-90.10046667,Arbol,El primer evento no fue una colision con un vehiculo automotor en transporte,Not an Intersection,No fue interseccion,Sobre el lado de la calle,Ninguna,Dia total,Despejado,No,NO APLICA,99,98,99,98,1,18/09/2022,1
28,Mississippi,280457,0,0,2,0,47,HARRISON (47),1020,GULFPORT,9,Septiembre,18,2022,20,0,US-90,2,US Highway,Urbano,Arteria Principal,State Highway Agency,1,Sin jurisdiccion especial,99998,30.36785278,-89.08608889,Vehiculo en movimiento,Frente a frente,Four-Way Intersection,Interseccion de 4 direcciones,Sobre calle,Ninguna,Oscuro con iluminacion,Despejado,No,NO APLICA,99,98,99,98,1,18/09/2022,3
28,Mississippi,280458,1,1,1,0,47,HARRISON (47),230,BILOXI,9,Septiembre,20,2022,13,20,IRISH HILL DR,6,Calle Local Municipalidad,Urbano,Arteria Menor,City or Municipal Highway Agency,0,Sin jurisdiccion especial,99998,30.39758056,-88.94495278,Ciclista,El primer evento no fue una colision con un vehiculo automotor en transporte,Not an Intersection,No fue interseccion,Sobre calle,Ninguna,Dia total,Despejado,No,NO APLICA,99,99,99,99,1,20/09/2022,1
28,Mississippi,280459,0,0,2,0,129,SMITH (129),0,NO APLICA,9,Septiembre,21,2022,3,54,SR-18,3,Highway estatal,Rural,Arteria Menor,State Highway Agency,0,Sin jurisdiccion especial,99998,32.01235278,-89.38791667,Vehiculo en movimiento,Frente a frente,Not an Intersection,No fue interseccion,Sobre calle,Ninguna,Oscuro sin iluminacion,Despejado,No,NO APLICA,99,99,99,99,1,21/09/2022,2
28,Mississippi,280460,0,0,3,0,47,HARRISON (47),0,NO APLICA,9,Septiembre,22,2022,11,13,SR-53,3,Highway estatal,Rural,Arteria Menor,State Highway Agency,0,Sin jurisdiccion especial,99998,30.53484167,-89.23693056,Vehiculo en movimiento,Angulo,Not an Intersection,No fue interseccion,Sobre calle,Ninguna,Dia total,Despejado,No,NO APLICA,99,99,99,99,1,22/09/2022,4
28,Mississippi,280461,0,0,3,0,59,JACKSON (59),0,NO APLICA,9,Septiembre,23,2022,16,43,CR-JORDAN RD,4,Calle del Condado,Urbano,Local,County Highway Agency,0,Sin jurisdiccion especial,99998,30.49445,-88.83282778,Vehiculo en movimiento,Frente a frente,Not an Intersection,No fue interseccion,Sobre calle,Ninguna,Dia total,Despejado,No,NO APLICA,99,99,99,99,1,23/09/2022,3
28,Mississippi,280463,0,0,1,0,149,WARREN (149),2690,VICKSBURG,9,Septiembre,24,2022,0,49,NORTH WASHINGTON ST,6,Calle Local Municipalidad,Urbano,Arteria Principal,City or Municipal Highway Agency,0,Sin jurisdiccion especial,99998,32.37097222,-90.87248889,Volcadura,El primer evento no fue una colision con un vehiculo automotor en transporte,Not an Intersection,No fue interseccion,Sobre el lado de la calle,Ninguna,Oscuro sin iluminacion,Despejado,No,NO APLICA,99,98,99,98,1,24/09/2022,1
28,Mississippi,280464,0,0,1,0,49,HINDS (49),1220,JACKSON,9,Septiembre,24,2022,2,8,RAYMOND RD,6,Calle Local Municipalidad,Urbano,Arteria Menor,City or Municipal Highway Agency,0,Sin jurisdiccion especial,99998,32.27807778,-90.26309167,Poste,El primer evento no fue una colision con un vehiculo automotor en transporte,Not an Intersection,No fue interseccion,Sobre el lado de la calle,Ninguna,Oscuro con iluminacion,Despejado,No,NO APLICA,99,99,99,99,1,24/09/2022,5
28,Mississippi,280465,0,0,1,0,93,MARSHALL (93),0,NO APLICA,9,Septiembre,24,2022,3,45,SR-309,3,Highway estatal,Rural,Colector Mayor,State Highway Agency,0,Sin jurisdiccion especial,99998,34.71346667,-89.65197778,Zanja,El primer evento no fue una colision con un vehiculo automotor en transporte,Not an Intersection,No fue interseccion,Sobre el lado de la calle,Ninguna,Oscuro sin iluminacion,Despejado,No,NO APLICA,99,98,99,98,1,24/09/2022,1
28,Mississippi,280466,0,0,1,0,31,COVINGTON (31),0,NO APLICA,9,Septiembre,24,2022,9,26,CR-OKAHAY CREEK RD,4,Calle del Condado,Rural,Local,County Highway Agency,0,Sin jurisdiccion especial,99998,31.7834,-89.46157222,Zanja,El primer evento no fue una colision con un vehiculo automotor en transporte,Not an Intersection,No fue interseccion,Sobre el lado de la calle,Ninguna,Dia total,Despejado,No,NO APLICA,99,98,99,98,1,24/09/2022,1
28,Mississippi,280467,0,0,2,0,1,ADAMS (1),0,NO APLICA,9,Septiembre,24,2022,21,0,US-61,2,US Highway,Urbano,Arteria Principal,State Highway Agency,1,Sin jurisdiccion especial,99998,31.48369722,-91.368925,Vehiculo en movimiento,Angulo,T-Intersection,Interseccion de T,Sobre calle,Ninguna,Oscuro sin iluminacion,Despejado,No,NO APLICA,99,99,99,99,1,24/09/2022,4
28,Mississippi,280468,0,0,2,0,55,ISSAQUENA (55),0,NO APLICA,9,Septiembre,24,2022,23,54,US-61,2,US Highway,Rural,Arteria Principal,State Highway Agency,1,Sin jurisdiccion especial,99998,32.58487778,-90.85002778,Vehiculo en movimiento,Frente a frente,Not an Intersection,No fue interseccion,Sobre calle,Ninguna,Oscuro sin iluminacion,Despejado,No,NO APLICA,99,98,99,98,4,24/09/2022,4
28,Mississippi,280469,0,0,1,0,29,COPIAH (29),0,NO APLICA,9,Septiembre,25,2022,20,22,SR-28,3,Highway estatal,Rural,Arteria Menor,State Highway Agency,0,Sin jurisdiccion especial,99998,31.80861389,-90.51898889,Volcadura,El primer evento no fue una colision con un vehiculo automotor en transporte,Not an Intersection,No fue interseccion,Sobre el lado de la calle,Ninguna,Oscuro sin iluminacion,Despejado,No,NO APLICA,99,98,99,98,1,25/09/2022,1
28,Mississippi,280470,0,0,2,0,29,COPIAH (29),0,NO APLICA,9,Septiembre,25,2022,18,2,SR-28,3,Highway estatal,Rural,Arteria Menor,State Highway Agency,0,Sin jurisdiccion especial,99998,31.74866944,-90.65901667,Vehiculo en movimiento,Frente a frente,Four-Way Intersection,Interseccion de 4 direcciones,Sobre calle,Ninguna,Dia total,Despejado,No,NO APLICA,99,98,99,98,1,25/09/2022,3
28,Mississippi,280471,1,1,1,0,37,FRANKLIN (37),0,NO APLICA,9,Septiembre,25,2022,19,55,SR-184,3,Highway estatal,Rural,Colector Mayor,State Highway Agency,0,Sin jurisdiccion especial,99998,31.4594,-90.85484722,Peaton,El primer evento no fue una colision con un vehiculo automotor en transporte,Not an Intersection,No fue interseccion,Sobre calle,Ninguna,Oscuro sin iluminacion,Despejado,No,NO APLICA,99,99,99,99,1,25/09/2022,2
28,Mississippi,280472,1,1,1,0,75,LAUDERDALE (75),1590,MERIDIAN,9,Septiembre,25,2022,23,54,I-20,1,Interestatal,Urbano,Interestatal,State Highway Agency,1,Sin jurisdiccion especial,99998,32.36577222,-88.67388611,Peaton,El primer evento no fue una colision con un vehiculo automotor en transporte,Not an Intersection,No fue interseccion,Sobre calle,Ninguna,Oscuro con iluminacion,Despejado,No,NO APLICA,99,98,99,98,1,25/09/2022,2
28,Mississippi,280473,0,0,1,0,47,HARRISON (47),0,NO APLICA,9,Septiembre,29,2022,3,19,US-49,2,US Highway,Rural,Arteria Principal,State Highway Agency,1,Sin jurisdiccion especial,99998,30.60706389,-89.12888889,Culvert,El primer evento no fue una colision con un vehiculo automotor en transporte,Not an Intersection,No fue interseccion,En el medio,Ninguna,Oscuro sin iluminacion,Despejado,No,NO APLICA,99,98,99,98,1,29/09/2022,1
28,Mississippi,280474,0,0,1,0,33,DE SOTO (33),2422,SOUTHAVEN,9,Septiembre,29,2022,4,0,US-51,2,US Highway,Urbano,Arteria Principal,State Highway Agency,1,Sin jurisdiccion especial,99998,34.91061944,-90.00122222,Arbol,El primer evento no fue una colision con un vehiculo automotor en transporte,Not an Intersection,No fue interseccion,Sobre el lado de la calle,Ninguna,Oscuro con iluminacion,Despejado,No,NO APLICA,99,98,99,98,1,29/09/2022,1
28,Mississippi,280475,0,0,1,0,107,PANOLA (107),120,BATESVILLE,9,Septiembre,29,2022,9,40,US-278,2,US Highway,Rural,Arteria Principal,State Highway Agency,1,Sin jurisdiccion especial,99998,34.32256111,-89.85276667,Arbol,El primer evento no fue una colision con un vehiculo automotor en transporte,Not an Intersection,No fue interseccion,Sobre el lado de la calle,Ninguna,Dia total,Despejado,No,NO APLICA,99,99,99,99,1,29/09/2022,2
28,Mississippi,280476,0,0,2,0,47,HARRISON (47),0,NO APLICA,9,Septiembre,29,2022,12,12,CR-SHAW RD,4,Calle del Condado,Rural,No reportado,County Highway Agency,0,Sin jurisdiccion especial,99998,30.52926111,-89.16886389,Vehiculo en movimiento,Angulo,T-Intersection,Interseccion de T,Sobre calle,Ninguna,Dia total,Despejado,No,NO APLICA,99,98,99,98,1,29/09/2022,2
28,Mississippi,280477,0,0,1,0,71,LAFAYETTE (71),0,NO APLICA,9,Septiembre,30,2022,5,36,SR-315,3,Highway estatal,Rural,Arteria Menor,State Highway Agency,0,Sin jurisdiccion especial,99998,34.19605278,-89.66201111,Arbol,El primer evento no fue una colision con un vehiculo automotor en transporte,Not an Intersection,No fue interseccion,Sobre el lado de la calle,Ninguna,Oscuro sin iluminacion,Despejado,No,NO APLICA,99,98,99,98,1,30/09/2022,1
28,Mississippi,280478,0,0,2,0,85,LINCOLN (85),0,NO APLICA,9,Septiembre,30,2022,21,24,CR-ARLINGTON DR,4,Calle del Condado,Rural,Colector Mayor,County Highway Agency,0,Sin jurisdiccion especial,99998,31.44845556,-90.53882778,Vehiculo en movimiento,Angulo,T-Intersection,Interseccion de T,Sobre calle,Ninguna,Oscuro sin iluminacion,Despejado,No,NO APLICA,99,99,99,99,1,30/09/2022,3