Estado,Nombre de Estado,Numero de Caso,Peatones,Personas _no_vehiculos,Vehiculos automotores,Vehiculos estacionados,Condado,Nombre Condado,Ciudad,Nombre Ciudad,Mes,Nombre Mes,Dia,Año,Hora,Minuto,Calle,Ruta,Nombre Ruta,Rural o Urbanoo,Sistema Funcional,Dueño Calle,Sistema Nacional Carreteras,Jurisdiccion Especial,Milla,Latitud,Longitud,Causa del Accidente,Tipo de Accidente,Tipo Interseccion,Columna1,Lugar en la calle,Zona de Trabajo,Luz,Clima,Autobus Escolar,Cruce de Trenes,Hora Notificacion,Minuto Notificacion,Hora Llegada,Minuto Llegada,Decesos,Fecha,PersonaVehiculo
28,Mississippi,280479,0,0,1,0,49,HINDS (49),1220,JACKSON,10,Octubre,2,2022,0,34,GALLATIN ST,6,Calle Local Municipalidad,Urbano,Arteria Principal,City or Municipal Highway Agency,1,Sin jurisdiccion especial,99998,32.28985556,-90.19261111,Soporte de Puente,El primer evento no fue una colision con un vehiculo automotor en transporte,Not an Intersection,No fue interseccion,Sobre el lado de la calle,Ninguna,Oscuro con iluminacion,Despejado,No,NO APLICA,99,98,99,98,1,02/10/2022,1
28,Mississippi,280480,0,0,2,0,75,LAUDERDALE (75),1545,MARION,10,Octubre,3,2022,6,50,US-45,2,US Highway,Rural,Arteria Principal,State Highway Agency,1,Sin jurisdiccion especial,99998,32.44284444,-88.63345833,Vehiculo en movimiento,Frente a Detrás,Not an Intersection,No fue interseccion,Sobre calle,Ninguna,Dia total,Despejado,No,NO APLICA,99,99,99,99,1,03/10/2022,4
28,Mississippi,280481,1,1,1,0,117,PRENTISS (117),280,BOONEVILLE,10,Octubre,3,2022,19,18,SR-145,3,Highway estatal,Urbano,Arteria Principal,State Highway Agency,1,Sin jurisdiccion especial,99998,34.628525,-88.58732778,Ciclista,El primer evento no fue una colision con un vehiculo automotor en transporte,Not an Intersection,No fue interseccion,Sobre calle,Ninguna,Oscuro sin iluminacion,Despejado,No,NO APLICA,99,99,99,99,1,03/10/2022,1
28,Mississippi,280482,0,0,1,0,129,SMITH (129),0,NO APLICA,10,Octubre,4,2022,7,20,SR-531,3,Highway estatal,Rural,Colector Mayor,State Highway Agency,0,Sin jurisdiccion especial,99998,31.88101667,-89.37717222,Volcadura,El primer evento no fue una colision con un vehiculo automotor en transporte,Not an Intersection,No fue interseccion,Sobre el lado de la calle,Ninguna,Dia total,Despejado,No,NO APLICA,99,99,99,99,1,04/10/2022,1
28,Mississippi,280483,0,0,2,0,21,CLAIBORNE (21),0,NO APLICA,10,Octubre,4,2022,11,55,US-61,2,US Highway,Rural,Arteria Principal,State Highway Agency,1,Sin jurisdiccion especial,99998,31.93225833,-90.99370556,Vehiculo en movimiento,Frente a frente,Not an Intersection,No fue interseccion,Sobre calle,Ninguna,Dia total,Despejado,No,NO APLICA,99,99,99,99,1,04/10/2022,2
28,Mississippi,280484,0,0,2,0,143,TUNICA (143),0,NO APLICA,10,Octubre,4,2022,16,24,US-61,2,US Highway,Urbano,Arteria Principal,State Highway Agency,1,Sin jurisdiccion especial,99998,88.8888,888.8888,Vehiculo en movimiento,Angulo,Four-Way Intersection,Interseccion de 4 direcciones,Sobre calle,Ninguna,Dia total,Despejado,No,NO APLICA,99,99,99,99,1,04/10/2022,3
28,Mississippi,280485,0,0,2,0,35,FORREST (35),0,NO APLICA,10,Octubre,4,2022,19,43,SR-13,3,Highway estatal,Rural,Arteria Menor,State Highway Agency,0,Sin jurisdiccion especial,99998,31.00294722,-89.318075,Vehiculo en movimiento,Frente a frente,Four-Way Intersection,Interseccion de 4 direcciones,Sobre calle,Ninguna,Oscuro - iluminacion desconocida,Despejado,No,NO APLICA,99,99,99,99,1,04/10/2022,3
28,Mississippi,280486,1,1,1,0,45,HANCOCK (45),0,NO APLICA,10,Octubre,5,2022,5,41,US-90 FRONTAGE RD,7,Calle Local,Not Reported,Local,State Highway Agency,1,Sin jurisdiccion especial,99998,30.29948889,-89.42307778,Ciclista,El primer evento no fue una colision con un vehiculo automotor en transporte,Not an Intersection,No fue interseccion,Sobre calle,Ninguna,Oscuro sin iluminacion,Despejado,No,NO APLICA,99,98,99,98,1,05/10/2022,1
28,Mississippi,280487,0,0,2,0,131,STONE (131),2820,WIGGINS,10,Octubre,5,2022,12,54,US-49,2,US Highway,Rural,Arteria Principal,State Highway Agency,1,Sin jurisdiccion especial,99998,30.861425,-89.16238889,Vehiculo en movimiento,Angulo,T-Intersection,Interseccion de T,Sobre calle,Ninguna,Dia total,Despejado,No,NO APLICA,99,99,99,99,1,05/10/2022,5
28,Mississippi,280488,0,0,1,0,81,LEE (81),100,BALDWYN,10,Octubre,7,2022,20,5,GRISHAM ST,6,Calle Local Municipalidad,Rural,Local,City or Municipal Highway Agency,0,Sin jurisdiccion especial,99998,34.50883611,-88.65732778,Poste de Señal de trafico,El primer evento no fue una colision con un vehiculo automotor en transporte,Not an Intersection,No fue interseccion,Sobre el lado de la calle,Ninguna,Oscuro con iluminacion,Despejado,No,NO APLICA,99,99,99,99,1,07/10/2022,2
28,Mississippi,280489,0,0,2,0,49,HINDS (49),1220,JACKSON,10,Octubre,7,2022,20,6,NORTHSIDE DR,6,Calle Local Municipalidad,Urbano,Local,City or Municipal Highway Agency,0,Sin jurisdiccion especial,99998,32.35605556,-90.23963889,Vehiculo en movimiento,Angulo,Four-Way Intersection,Interseccion de 4 direcciones,Sobre calle,Ninguna,Oscuro con iluminacion,Despejado,No,NO APLICA,99,99,99,99,1,07/10/2022,5
28,Mississippi,280490,0,0,2,0,121,RANKIN (121),0,NO APLICA,10,Octubre,7,2022,23,24,CR-OLD MS 471,4,Calle del Condado,Urbano,Colector Mayor,County Highway Agency,0,Sin jurisdiccion especial,99998,32.42928611,-89.94910833,Vehiculo en movimiento,Frente a frente,Not an Intersection,No fue interseccion,Sobre calle,Ninguna,Oscuro sin iluminacion,Despejado,No,NO APLICA,99,99,99,99,1,07/10/2022,3
28,Mississippi,280491,0,0,2,0,47,HARRISON (47),230,BILOXI,10,Octubre,8,2022,5,48,US-90,2,US Highway,Urbano,Arteria Principal,State Highway Agency,1,Sin jurisdiccion especial,99998,30.39353333,-88.92985278,Banqueta,El primer evento no fue una colision con un vehiculo automotor en transporte,Not an Intersection,No fue interseccion,Sobre el lado de la calle,Ninguna,Oscuro con iluminacion,Despejado,No,NO APLICA,99,99,99,99,1,08/10/2022,3
28,Mississippi,280492,1,1,1,0,47,HARRISON (47),1020,GULFPORT,10,Octubre,8,2022,20,18,US-49,2,US Highway,Urbano,Arteria Principal,State Highway Agency,1,Sin jurisdiccion especial,99998,30.38168889,-89.09303889,Peaton,El primer evento no fue una colision con un vehiculo automotor en transporte,Not an Intersection,No fue interseccion,Sobre calle,Ninguna,Oscuro sin iluminacion,Despejado,No,NO APLICA,99,99,99,99,1,08/10/2022,2
28,Mississippi,280493,0,0,1,0,87,LOWNDES (87),0,NO APLICA,10,Octubre,9,2022,0,48,CR-STEENS VERNON RD,4,Calle del Condado,Rural,Colector Mayor,County Highway Agency,0,Sin jurisdiccion especial,99998,33.58513889,-88.28247778,Arbol,El primer evento no fue una colision con un vehiculo automotor en transporte,Not an Intersection,No fue interseccion,Sobre el lado de la calle,Ninguna,Oscuro sin iluminacion,Despejado,No,NO APLICA,99,98,99,98,1,09/10/2022,1
28,Mississippi,280494,0,0,1,0,123,SCOTT (123),0,NO APLICA,10,Octubre,9,2022,2,40,CR-OLD HWY 80,4,Calle del Condado,Rural,Colector Mayor,County Highway Agency,0,Sin jurisdiccion especial,99998,32.55535278,-89.62679444,Puente de Ferrocarril,El primer evento no fue una colision con un vehiculo automotor en transporte,Not an Intersection,No fue interseccion,Sobre el lado de la calle,Ninguna,Oscuro sin iluminacion,Despejado,No,NO APLICA,99,99,99,99,1,09/10/2022,1
28,Mississippi,280495,0,0,1,0,107,PANOLA (107),0,NO APLICA,10,Octubre,9,2022,18,38,CR-COLDSPRINGS RD,4,Calle del Condado,Rural,Local,County Highway Agency,0,Sin jurisdiccion especial,99998,34.37511389,-89.81240833,Alguien se cayo/avento del vehiculo,El primer evento no fue una colision con un vehiculo automotor en transporte,Not an Intersection,No fue interseccion,Sobre calle,Ninguna,Dia total,Despejado,No,NO APLICA,99,98,99,98,1,09/10/2022,2
28,Mississippi,280496,0,0,3,0,143,TUNICA (143),0,NO APLICA,10,Octubre,11,2022,16,57,US-61,2,US Highway,Rural,Arteria Principal,State Highway Agency,1,Sin jurisdiccion especial,99998,34.61213056,-90.39408889,Zanja,El primer evento no fue una colision con un vehiculo automotor en transporte,Not an Intersection,No fue interseccion,Sobre el lado de la calle,Ninguna,Dia total,Despejado,No,NO APLICA,99,99,99,99,1,11/10/2022,4
28,Mississippi,280497,1,1,1,0,73,LAMAR (73),9997,Other,10,Octubre,11,2022,17,48,HARDY ST,6,Calle Local Municipalidad,Urbano,Colector Menor,City or Municipal Highway Agency,0,Sin jurisdiccion especial,99998,31.32510833,-89.34822778,Ciclista,El primer evento no fue una colision con un vehiculo automotor en transporte,Four-Way Intersection,Interseccion de 4 direcciones,Sobre calle,Ninguna,Dia total,Despejado,No,NO APLICA,99,99,99,99,1,11/10/2022,1
28,Mississippi,280498,1,1,1,0,75,LAUDERDALE (75),1590,MERIDIAN,10,Octubre,11,2022,18,57,NORTH FRONTAGE RD,7,Calle Local,Urbano,Arteria Principal,City or Municipal Highway Agency,0,Sin jurisdiccion especial,99998,32.35024444,-88.73464444,Peaton,El primer evento no fue una colision con un vehiculo automotor en transporte,T-Intersection,Interseccion de T,En el medio,Ninguna,Atardecer,Despejado,No,NO APLICA,99,99,99,99,1,11/10/2022,1
28,Mississippi,280499,0,0,1,0,45,HANCOCK (45),0,NO APLICA,10,Octubre,12,2022,13,21,SR-43,3,Highway estatal,Rural,Arteria Menor,State Highway Agency,0,Sin jurisdiccion especial,99998,30.51678333,-89.57508611,Culvert,El primer evento no fue una colision con un vehiculo automotor en transporte,Not an Intersection,No fue interseccion,Sobre el lado de la calle,Ninguna,Dia total,Despejado,No,NO APLICA,99,98,99,98,1,12/10/2022,1
28,Mississippi,280500,0,0,1,0,67,JONES (67),0,NO APLICA,10,Octubre,12,2022,20,47,I-59,1,Interestatal,Rural,Interestatal,State Highway Agency,1,Sin jurisdiccion especial,99998,31.51629167,-89.28938056,Barrera de Trafico de Concreto,El primer evento no fue una colision con un vehiculo automotor en transporte,Not an Intersection,No fue interseccion,Sobre el lado de la calle,"Zona de trabajo, tipo desconocido",Oscuro sin iluminacion,Nublado,No,NO APLICA,99,99,99,99,1,12/10/2022,1
28,Mississippi,280501,0,0,3,0,15,CARROLL (15),0,NO APLICA,10,Octubre,13,2022,7,25,SR-17,3,Highway estatal,Rural,Arteria Menor,State Highway Agency,0,Sin jurisdiccion especial,99998,33.41152222,-89.96752778,Vehiculo en movimiento,Frente a frente,Not an Intersection,No fue interseccion,Sobre calle,Ninguna,Dia total,Neblina o Humo,No,NO APLICA,99,99,99,99,1,13/10/2022,4
28,Mississippi,280503,0,0,1,0,59,JACKSON (59),1900,PASCAGOULA,6,Junio,16,2022,13,6,MARKET ST,6,Calle Local Municipalidad,Urbano,Arteria Menor,City or Municipal Highway Agency,0,Sin jurisdiccion especial,99998,30.36393611,-88.54848611,Poste,El primer evento no fue una colision con un vehiculo automotor en transporte,Four-Way Intersection,Interseccion de 4 direcciones,Sobre el lado de la calle,Ninguna,Dia total,Despejado,No,NO APLICA,13,7,13,18,1,16/06/2022,1
28,Mississippi,280504,0,0,1,0,59,JACKSON (59),0,NO APLICA,6,Junio,18,2022,0,29,I-10,1,Interestatal,Rural,Interestatal,State Highway Agency,1,Sin jurisdiccion especial,99998,30.45653611,-88.48315556,Poste,El primer evento no fue una colision con un vehiculo automotor en transporte,Not an Intersection,No fue interseccion,Sobre el lado de la calle,Ninguna,Oscuro sin iluminacion,Despejado,No,NO APLICA,0,29,0,58,1,18/06/2022,1
28,Mississippi,280505,1,1,1,0,59,JACKSON (59),0,NO APLICA,6,Junio,20,2022,21,53,CR-TUCKER RD,4,Calle del Condado,Urbano,Arteria Menor,County Highway Agency,0,Sin jurisdiccion especial,99998,30.46007778,-88.84435278,Ciclista,El primer evento no fue una colision con un vehiculo automotor en transporte,Not an Intersection,No fue interseccion,Sobre calle,Ninguna,Oscuro sin iluminacion,Despejado,No,NO APLICA,21,54,22,11,1,20/06/2022,1
28,Mississippi,280506,0,0,2,0,93,MARSHALL (93),0,NO APLICA,7,Julio,22,2022,15,17,US-72,2,US Highway,Rural,Arteria Principal,State Highway Agency,1,Sin jurisdiccion especial,99998,34.94613889,-89.38809167,Vehiculo en movimiento,Angulo,Four-Way Intersection,Interseccion de 4 direcciones,Sobre calle,Ninguna,Dia total,Despejado,No,NO APLICA,99,99,99,99,1,22/07/2022,2
28,Mississippi,280508,0,0,2,0,143,TUNICA (143),0,NO APLICA,8,Agosto,13,2022,10,44,CR-OLD HWY 61,4,Calle del Condado,Not Reported,No reportado,County Highway Agency,0,Sin jurisdiccion especial,99998,34.79591389,-90.33276389,Vehiculo en movimiento,Angulo,Not an Intersection,No fue interseccion,Sobre calle,Ninguna,Dia total,Despejado,No,NO APLICA,99,99,99,99,1,13/08/2022,3
28,Mississippi,280509,0,0,2,0,5,AMITE (5),0,NO APLICA,10,Octubre,13,2022,13,15,CR-BUSY CORNER RD,4,Calle del Condado,Rural,Colector Mayor,County Highway Agency,0,Sin jurisdiccion especial,99998,31.26756944,-90.87806667,Vehiculo en movimiento,Angulo,Not an Intersection,No fue interseccion,Sobre calle,Ninguna,Dia total,Despejado,No,NO APLICA,99,99,99,99,1,13/10/2022,2
28,Mississippi,280510,0,0,1,0,133,SUNFLOWER (133),0,NO APLICA,10,Octubre,13,2022,21,51,US-49,2,US Highway,Rural,Arteria Principal,State Highway Agency,1,Sin jurisdiccion especial,99998,33.34560278,-90.58848333,Volcadura,El primer evento no fue una colision con un vehiculo automotor en transporte,Not an Intersection,No fue interseccion,En el medio,Ninguna,Dia total,Despejado,No,NO APLICA,99,98,99,98,1,13/10/2022,1
28,Mississippi,280511,1,1,2,1,49,HINDS (49),1220,JACKSON,10,Octubre,14,2022,5,54,I-55,1,Interestatal,Urbano,Interestatal,State Highway Agency,1,Sin jurisdiccion especial,99998,32.30081111,-90.16666667,Peaton,El primer evento no fue una colision con un vehiculo automotor en transporte,Not an Intersection,No fue interseccion,Sobre el lado de la calle,Ninguna,Amanecer,Despejado,No,NO APLICA,99,99,99,99,1,14/10/2022,2
28,Mississippi,280512,0,0,5,0,149,WARREN (149),0,NO APLICA,10,Octubre,14,2022,8,26,I-20,1,Interestatal,Rural,Interestatal,State Highway Agency,1,Sin jurisdiccion especial,99998,32.35415278,-90.7604,Vehiculo en movimiento,Frente a Detrás,Not an Intersection,No fue interseccion,Sobre calle,"Zona de trabajo, tipo desconocido",Dia total,Despejado,No,NO APLICA,99,99,99,99,1,14/10/2022,11
28,Mississippi,280513,0,0,1,0,67,JONES (67),0,NO APLICA,10,Octubre,14,2022,15,41,CR-OVETT PETAL,4,Calle del Condado,Rural,Colector Mayor,County Highway Agency,0,Sin jurisdiccion especial,99998,31.45066389,-89.10201389,Barda,El primer evento no fue una colision con un vehiculo automotor en transporte,Not an Intersection,No fue interseccion,Sobre el lado de la calle,Ninguna,Dia total,Despejado,No,NO APLICA,99,99,99,99,1,14/10/2022,1
28,Mississippi,280514,0,0,1,0,111,PERRY (111),0,NO APLICA,10,Octubre,15,2022,0,18,US-98,2,US Highway,Rural,Arteria Principal,State Highway Agency,1,Sin jurisdiccion especial,99998,31.16969167,-88.94191389,Poste,El primer evento no fue una colision con un vehiculo automotor en transporte,Not an Intersection,No fue interseccion,Sobre el lado de la calle,Ninguna,Oscuro sin iluminacion,Despejado,No,NO APLICA,99,99,99,99,1,15/10/2022,2
28,Mississippi,280515,0,0,1,0,107,PANOLA (107),0,NO APLICA,10,Octubre,15,2022,5,45,I-55,1,Interestatal,Rural,Interestatal,State Highway Agency,1,Sin jurisdiccion especial,99998,34.37704722,-89.91020833,Volcadura,El primer evento no fue una colision con un vehiculo automotor en transporte,Not an Intersection,No fue interseccion,En el medio,Ninguna,Oscuro sin iluminacion,Despejado,No,NO APLICA,99,98,99,98,1,15/10/2022,1
28,Mississippi,280516,0,0,2,0,31,COVINGTON (31),0,NO APLICA,10,Octubre,15,2022,7,35,US-84,2,US Highway,Rural,Arteria Principal,State Highway Agency,1,Sin jurisdiccion especial,99998,31.65138889,-89.55,Vehiculo en movimiento,Angulo,Four-Way Intersection,Interseccion de 4 direcciones,Sobre calle,Ninguna,Dia total,Despejado,No,NO APLICA,99,99,99,99,2,15/10/2022,3
28,Mississippi,280517,0,0,2,0,93,MARSHALL (93),0,NO APLICA,10,Octubre,15,2022,11,1,CR-SOUTH RED BANKS RD,4,Calle del Condado,Rural,Local,County Highway Agency,0,Sin jurisdiccion especial,99998,34.76004722,-89.58170278,Vehiculo en movimiento,Frente a frente,Not an Intersection,No fue interseccion,Sobre calle,Ninguna,Dia total,lluvia,No,NO APLICA,99,99,99,99,1,15/10/2022,2
28,Mississippi,280518,0,0,1,0,129,SMITH (129),0,NO APLICA,10,Octubre,15,2022,11,18,SR-35,3,Highway estatal,Rural,Arteria Menor,State Highway Agency,0,Sin jurisdiccion especial,99998,32.08669444,-89.52413333,Arbol,El primer evento no fue una colision con un vehiculo automotor en transporte,Not an Intersection,No fue interseccion,Sobre el lado de la calle,Ninguna,Dia total,Despejado,No,NO APLICA,99,99,99,99,1,15/10/2022,1
28,Mississippi,280519,0,0,1,0,115,PONTOTOC (115),0,NO APLICA,10,Octubre,15,2022,17,39,SR-336,3,Highway estatal,Not Reported,No reportado,State Highway Agency,0,Sin jurisdiccion especial,99998,34.26945,-89.04168333,Arbol,El primer evento no fue una colision con un vehiculo automotor en transporte,Not an Intersection,No fue interseccion,Sobre el lado de la calle,Ninguna,Dia total,Nublado,No,NO APLICA,99,98,99,98,1,15/10/2022,1
28,Mississippi,280520,0,0,1,0,59,JACKSON (59),0,NO APLICA,10,Octubre,16,2022,17,22,SR-613,3,Highway estatal,Rural,Colector Mayor,State Highway Agency,0,Sin jurisdiccion especial,99998,30.69520278,-88.513,Culvert,El primer evento no fue una colision con un vehiculo automotor en transporte,Not an Intersection,No fue interseccion,Sobre el lado de la calle,Ninguna,Reportada como desconocida,Despejado,No,NO APLICA,99,98,99,98,2,16/10/2022,2
28,Mississippi,280521,1,1,1,0,35,FORREST (35),1050,HATTIESBURG,10,Octubre,16,2022,19,3,US-49,2,US Highway,Not Reported,No reportado,State Highway Agency,1,Sin jurisdiccion especial,99998,31.25903056,-89.33830833,Peaton,El primer evento no fue una colision con un vehiculo automotor en transporte,Not an Intersection,No fue interseccion,Sobre calle,Ninguna,Oscuro con iluminacion,Despejado,No,NO APLICA,99,99,99,99,1,16/10/2022,1
28,Mississippi,280522,0,0,5,0,33,DE SOTO (33),2422,SOUTHAVEN,10,Octubre,18,2022,12,22,SR-302,3,Highway estatal,Urbano,Arteria Principal,State Highway Agency,1,Sin jurisdiccion especial,99998,34.96268889,-89.98989167,Vehiculo en movimiento,Angulo,Four-Way Intersection,Interseccion de 4 direcciones,Sobre calle,Ninguna,Dia total,Despejado,No,NO APLICA,99,99,99,99,1,18/10/2022,8
28,Mississippi,280523,0,1,2,1,47,HARRISON (47),0,NO APLICA,10,Octubre,18,2022,23,24,I-10,1,Interestatal,Urbano,Interestatal,State Highway Agency,1,Sin jurisdiccion especial,99998,30.416975,-89.19728889,Vehiculo Aparcado,El primer evento no fue una colision con un vehiculo automotor en transporte,Not an Intersection,No fue interseccion,Sobre el lado de la calle,Ninguna,Oscuro sin iluminacion,Despejado,No,NO APLICA,99,99,99,99,1,18/10/2022,1
28,Mississippi,280524,0,0,4,0,121,RANKIN (121),0,NO APLICA,10,Octubre,20,2022,9,44,SR-18,3,Highway estatal,Rural,Arteria Menor,State Highway Agency,0,Sin jurisdiccion especial,99998,32.09626389,-89.79079722,Vehiculo en movimiento,Frente a Detrás,Not an Intersection,No fue interseccion,Sobre calle,Ninguna,Dia total,Despejado,No,NO APLICA,99,99,99,99,1,20/10/2022,5
28,Mississippi,280525,0,0,2,0,49,HINDS (49),1220,JACKSON,10,Octubre,20,2022,22,2,TERRY RD,5,Calle Local - Pueblo,Urbano,Arteria Principal,City or Municipal Highway Agency,1,Sin jurisdiccion especial,99998,32.25196111,-90.225175,Vehiculo en movimiento,Angulo,Four-Way Intersection,Interseccion de 4 direcciones,Sobre calle,Ninguna,Oscuro con iluminacion,Despejado,No,NO APLICA,99,99,99,99,1,20/10/2022,2
28,Mississippi,280526,0,0,1,0,101,NEWTON (101),0,NO APLICA,10,Octubre,21,2022,13,22,SR-489,3,Highway estatal,Rural,Colector Mayor,State Highway Agency,0,Sin jurisdiccion especial,99998,32.41610278,-89.27745833,Valla Ferrocarril,El primer evento no fue una colision con un vehiculo automotor en transporte,Not an Intersection,No fue interseccion,Sobre el lado de la calle,Ninguna,Dia total,Despejado,No,NO APLICA,99,98,99,98,1,21/10/2022,1
28,Mississippi,280527,0,0,2,0,33,DE SOTO (33),1145,HORN LAKE,10,Octubre,21,2022,17,0,SR-302,3,Highway estatal,Urbano,Arteria Principal,State Highway Agency,1,Sin jurisdiccion especial,99998,34.96264722,-90.032075,Vehiculo en movimiento,Angulo,Not an Intersection,No fue interseccion,Sobre calle,Ninguna,Dia total,Despejado,No,NO APLICA,99,99,99,99,1,21/10/2022,2
28,Mississippi,280528,0,0,1,0,109,PEARL RIVER (109),1950,PICAYUNE,10,Octubre,21,2022,18,36,I-59,1,Interestatal,Urbano,Interestatal,State Highway Agency,1,Sin jurisdiccion especial,99998,30.53900833,-89.651875,Volcadura,El primer evento no fue una colision con un vehiculo automotor en transporte,Not an Intersection,No fue interseccion,Sobre el lado de la calle,Ninguna,Oscuro con iluminacion,Despejado,No,NO APLICA,99,98,99,98,1,21/10/2022,1
28,Mississippi,280529,0,0,1,0,17,CHICKASAW (17),0,NO APLICA,10,Octubre,22,2022,10,32,CR-416,4,Calle del Condado,Rural,Colector Mayor,County Highway Agency,0,Sin jurisdiccion especial,99998,33.82492778,-89.051275,Arbol,El primer evento no fue una colision con un vehiculo automotor en transporte,Not an Intersection,No fue interseccion,Sobre el lado de la calle,Ninguna,Reportada como desconocida,Reportado como desconocido,No,NO APLICA,99,98,99,98,1,22/10/2022,1
28,Mississippi,280530,1,1,1,0,133,SUNFLOWER (133),1170,INDIANOLA,10,Octubre,23,2022,1,22,GARRARD AVE,6,Calle Local Municipalidad,Urbano,Arteria Menor,City or Municipal Highway Agency,0,Sin jurisdiccion especial,99998,33.44102778,-90.65135278,Peaton,El primer evento no fue una colision con un vehiculo automotor en transporte,Not an Intersection,No fue interseccion,Sobre calle,Ninguna,Oscuro sin iluminacion,Despejado,No,NO APLICA,99,99,99,99,1,23/10/2022,1
28,Mississippi,280531,0,0,2,0,95,MONROE (95),0,NO APLICA,10,Octubre,24,2022,14,45,CR-CENTER HILL RD,4,Calle del Condado,Rural,Colector Mayor,County Highway Agency,0,Sin jurisdiccion especial,99998,33.75971667,-88.42325556,Vehiculo en movimiento,Frente a frente,Not an Intersection,No fue interseccion,Sobre calle,Ninguna,Dia total,Despejado,No,NO APLICA,99,99,99,99,1,24/10/2022,3
28,Mississippi,280533,0,0,2,0,95,MONROE (95),0,NO APLICA,10,Octubre,25,2022,23,20,SR-25,3,Highway estatal,Rural,Arteria Menor,State Highway Agency,0,Sin jurisdiccion especial,99998,33.85106389,-88.47561944,Vehiculo en movimiento,Angulo,Not an Intersection,No fue interseccion,Sobre calle,Ninguna,Oscuro sin iluminacion,Despejado,No,NO APLICA,99,99,99,99,1,25/10/2022,2
28,Mississippi,280534,0,0,2,0,99,NESHOBA (99),0,NO APLICA,10,Octubre,26,2022,17,45,SR-19,3,Highway estatal,Rural,Arteria Menor,State Highway Agency,0,Sin jurisdiccion especial,99998,32.624925,-88.99791389,Vehiculo en movimiento,Angulo,Four-Way Intersection,Interseccion de 4 direcciones,Sobre calle,Ninguna,Dia total,Despejado,No,NO APLICA,99,99,99,99,1,26/10/2022,2
28,Mississippi,280535,0,0,2,0,25,CLAY (25),0,NO APLICA,10,Octubre,27,2022,10,27,CR-YOKOHAMA BOULEVARD,4,Calle del Condado,Not Reported,Local,County Highway Agency,0,Sin jurisdiccion especial,99998,33.63741111,-88.61683889,Vehiculo en movimiento,Frente a frente,Not an Intersection,No fue interseccion,Sobre calle,Ninguna,Dia total,Despejado,No,NO APLICA,99,99,99,99,1,27/10/2022,2
28,Mississippi,280536,0,0,1,0,163,YAZOO (163),0,NO APLICA,10,Octubre,27,2022,14,20,CR-SCOTLAND RD,4,Calle del Condado,Rural,Colector Mayor,County Highway Agency,0,Sin jurisdiccion especial,99998,32.7527,-90.22695556,Volcadura,El primer evento no fue una colision con un vehiculo automotor en transporte,Not an Intersection,No fue interseccion,Sobre el lado de la calle,Ninguna,Dia total,Despejado,No,NO APLICA,99,99,99,99,1,27/10/2022,2
28,Mississippi,280537,0,0,2,0,49,HINDS (49),1220,JACKSON,10,Octubre,27,2022,14,32,US-80,2,US Highway,Urbano,Arteria Principal,State Highway Agency,1,Sin jurisdiccion especial,99998,32.28549444,-90.20095833,Vehiculo en movimiento,Angulo,T-Intersection,Interseccion de T,Sobre calle,Ninguna,Dia total,Despejado,No,NO APLICA,99,98,99,98,1,27/10/2022,2
28,Mississippi,280538,0,0,1,0,59,JACKSON (59),0,NO APLICA,10,Octubre,27,2022,15,40,CR-OLD BILOXI RD,4,Calle del Condado,Rural,Colector Mayor,County Highway Agency,0,Sin jurisdiccion especial,99998,30.5747,-88.87643056,Zanja,El primer evento no fue una colision con un vehiculo automotor en transporte,Not an Intersection,No fue interseccion,Sobre el lado de la calle,Ninguna,Dia total,Despejado,No,NO APLICA,99,98,99,98,1,27/10/2022,1
28,Mississippi,280539,0,0,2,1,71,LAFAYETTE (71),1860,OXFORD,10,Octubre,28,2022,8,0,MALL RD,6,Calle Local Municipalidad,Urbano,Local,City or Municipal Highway Agency,0,Sin jurisdiccion especial,99998,34.36263889,-89.56190556,Banqueta,El primer evento no fue una colision con un vehiculo automotor en transporte,T-Intersection,Interseccion de T,Sobre el lado de la calle,Ninguna,Dia total,Despejado,No,NO APLICA,99,99,99,99,1,28/10/2022,2
28,Mississippi,280540,1,1,1,0,133,SUNFLOWER (133),0,NO APLICA,10,Octubre,28,2022,10,48,SR-8,3,Highway estatal,Rural,Arteria Menor,State Highway Agency,0,Sin jurisdiccion especial,99998,33.73053889,-90.56620556,Peaton,El primer evento no fue una colision con un vehiculo automotor en transporte,Not an Intersection,No fue interseccion,Sobre calle,Ninguna,Dia total,Despejado,No,NO APLICA,99,99,99,99,1,28/10/2022,1
28,Mississippi,280541,0,0,1,0,29,COPIAH (29),0,NO APLICA,10,Octubre,28,2022,21,11,SR-472,3,Highway estatal,Rural,Colector Mayor,State Highway Agency,0,Sin jurisdiccion especial,99998,31.82224167,-90.20292778,Volcadura,El primer evento no fue una colision con un vehiculo automotor en transporte,Not an Intersection,No fue interseccion,Sobre el lado de la calle,Ninguna,Oscuro sin iluminacion,Despejado,No,NO APLICA,99,98,99,98,1,28/10/2022,1