Estado,Nombre de Estado,Numero de Caso,Peatones,Personas _no_vehiculos,Vehiculos automotores,Vehiculos estacionados,Condado,Nombre Condado,Ciudad,Nombre Ciudad,Mes,Nombre Mes,Dia,Año,Hora,Minuto,Calle,Ruta,Nombre Ruta,Rural o Urbanoo,Sistema Funcional,Dueño Calle,Sistema Nacional Carreteras,Jurisdiccion Especial,Milla,Latitud,Longitud,Causa del Accidente,Tipo de Accidente,Tipo Interseccion,Columna1,Lugar en la calle,Zona de Trabajo,Luz,Clima,Autobus Escolar,Cruce de Trenes,Hora Notificacion,Minuto Notificacion,Hora Llegada,Minuto Llegada,Decesos,Fecha,PersonaVehiculo
28,Mississippi,280542,0,0,1,0,47,HARRISON (47),230,BILOXI,10,Octubre,29,2022,1,59,US-90,2,US Highway,Urbano,Arteria Principal,State Highway Agency,1,Sin jurisdiccion especial,99998,30.39259167,-88.85799167,Barrera de Trafico de Concreto,El primer evento no fue una colision con un vehiculo automotor en transporte,Not an Intersection,No fue interseccion,En el medio,Ninguna,Oscuro con iluminacion,Despejado,No,NO APLICA,99,99,99,99,1,29/10/2022,1
28,Mississippi,280543,0,0,1,0,113,PIKE (113),0,NO APLICA,10,Octubre,29,2022,16,33,I-55,1,Interestatal,Rural,Interestatal,State Highway Agency,1,Sin jurisdiccion especial,99998,31.32200556,-90.47801111,Arbol,El primer evento no fue una colision con un vehiculo automotor en transporte,Not an Intersection,No fue interseccion,En el medio,Ninguna,Dia total,Nublado,No,NO APLICA,99,98,99,98,1,29/10/2022,1
28,Mississippi,280544,0,0,1,0,49,HINDS (49),0,NO APLICA,10,Octubre,29,2022,18,57,CR-BOLTON-BROWNSVILLE RD,4,Calle del Condado,Rural,Arteria Menor,County Highway Agency,0,Sin jurisdiccion especial,99998,32.35562222,-90.46305833,Arbol,El primer evento no fue una colision con un vehiculo automotor en transporte,Not an Intersection,No fue interseccion,Sobre el lado de la calle,Ninguna,Oscuro sin iluminacion,Despejado,No,NO APLICA,99,98,99,98,1,29/10/2022,1
28,Mississippi,280545,0,0,3,0,109,PEARL RIVER (109),0,NO APLICA,10,Octubre,30,2022,11,33,SR-43,3,Highway estatal,Rural,Arteria Menor,State Highway Agency,0,Sin jurisdiccion especial,99998,30.51888056,-89.60526667,Vehiculo en movimiento,Angulo,Not an Intersection,No fue interseccion,Sobre calle,Ninguna,Dia total,Despejado,No,NO APLICA,99,99,99,99,1,30/10/2022,6
28,Mississippi,280547,1,1,1,0,75,LAUDERDALE (75),0,NO APLICA,11,Noviembre,1,2022,6,3,CR-CAUSEYVILLE WHYNOT RD,4,Calle del Condado,Not Reported,Local,County Highway Agency,0,Sin jurisdiccion especial,99998,32.28289722,-88.50565,Peaton,El primer evento no fue una colision con un vehiculo automotor en transporte,Not an Intersection,No fue interseccion,Sobre calle,Ninguna,Oscuro sin iluminacion,Nublado,No,NO APLICA,99,99,99,99,1,01/11/2022,1
28,Mississippi,280548,0,0,1,0,123,SCOTT (123),0,NO APLICA,11,Noviembre,1,2022,12,9,I-20,1,Interestatal,Rural,Interestatal,State Highway Agency,1,Sin jurisdiccion especial,99998,32.32340556,-89.43542778,Arbol,El primer evento no fue una colision con un vehiculo automotor en transporte,Not an Intersection,No fue interseccion,Sobre el lado de la calle,Ninguna,Dia total,Despejado,No,NO APLICA,99,98,99,98,1,01/11/2022,1
28,Mississippi,280549,0,0,2,0,75,LAUDERDALE (75),1590,MERIDIAN,11,Noviembre,3,2022,12,34,20TH ST EXT,6,Calle Local Municipalidad,Urbano,Arteria Menor,City or Municipal Highway Agency,0,Sin jurisdiccion especial,99998,32.37565556,-88.73658611,Vehiculo en movimiento,Frente a frente,Not an Intersection,No fue interseccion,Sobre calle,Ninguna,Dia total,Despejado,No,NO APLICA,99,99,99,99,1,03/11/2022,5
28,Mississippi,280550,0,0,2,0,49,HINDS (49),1220,JACKSON,11,Noviembre,3,2022,12,40,SR-18,3,Highway estatal,Urbano,Arteria Principal,State Highway Agency,1,Sin jurisdiccion especial,99998,32.27326111,-90.28583611,Vehiculo en movimiento,Angulo,Four-Way Intersection,Interseccion de 4 direcciones,Sobre calle,Ninguna,Dia total,Despejado,No,NO APLICA,99,99,99,99,1,03/11/2022,4
28,Mississippi,280551,1,1,1,0,49,HINDS (49),1220,JACKSON,11,Noviembre,4,2022,18,37,WOODROW WILSON AVE,6,Calle Local Municipalidad,Urbano,Arteria Principal,City or Municipal Highway Agency,1,Sin jurisdiccion especial,99998,32.32655833,-90.20875,Peaton,El primer evento no fue una colision con un vehiculo automotor en transporte,Not an Intersection,No fue interseccion,Sobre calle,Ninguna,Oscuro con iluminacion,Despejado,No,NO APLICA,99,98,99,98,1,04/11/2022,1
28,Mississippi,280552,0,0,3,2,73,LAMAR (73),0,NO APLICA,11,Noviembre,5,2022,0,4,US-11,2,US Highway,Rural,Colector Mayor,State Highway Agency,0,Sin jurisdiccion especial,99998,31.21324167,-89.36081111,Poste,El primer evento no fue una colision con un vehiculo automotor en transporte,Not an Intersection,No fue interseccion,Sobre el lado de la calle,Ninguna,Oscuro sin iluminacion,Despejado,No,NO APLICA,99,98,99,98,1,05/11/2022,1
28,Mississippi,280553,0,0,1,0,35,FORREST (35),0,NO APLICA,11,Noviembre,5,2022,4,45,CR-CHURCHWELL RD,4,Calle del Condado,Rural,Colector Mayor,County Highway Agency,0,Sin jurisdiccion especial,99998,31.12211111,-89.27164167,Barda,El primer evento no fue una colision con un vehiculo automotor en transporte,Not an Intersection,No fue interseccion,Sobre el lado de la calle,Ninguna,Oscuro sin iluminacion,Despejado,No,NO APLICA,99,99,99,99,1,05/11/2022,1
28,Mississippi,280554,0,0,1,0,1,ADAMS (1),0,NO APLICA,11,Noviembre,6,2022,1,50,SR-555,3,Highway estatal,Rural,Colector Mayor,State Highway Agency,0,Sin jurisdiccion especial,99998,31.470825,-91.34724722,Zanja,El primer evento no fue una colision con un vehiculo automotor en transporte,Not an Intersection,No fue interseccion,Sobre el lado de la calle,Ninguna,Oscuro sin iluminacion,lluvia,No,NO APLICA,99,99,99,99,1,06/11/2022,1
28,Mississippi,280555,0,0,2,0,45,HANCOCK (45),2740,WAVELAND,11,Noviembre,7,2022,22,36,US-90,2,US Highway,Urbano,Arteria Principal,State Highway Agency,1,Sin jurisdiccion especial,99998,30.29995833,-89.39655556,Vehiculo en movimiento,Frente a Detrás,Not an Intersection,No fue interseccion,Sobre calle,Ninguna,Oscuro con iluminacion,Despejado,No,NO APLICA,99,99,99,99,1,07/11/2022,5
28,Mississippi,280556,1,1,2,0,131,STONE (131),2820,WIGGINS,11,Noviembre,8,2022,2,8,US-49,2,US Highway,Rural,Arteria Principal,State Highway Agency,1,Sin jurisdiccion especial,99998,30.86880556,-89.16528333,Peaton,El primer evento no fue una colision con un vehiculo automotor en transporte,Not an Intersection,No fue interseccion,Sobre calle,Ninguna,Oscuro sin iluminacion,Despejado,No,NO APLICA,99,98,99,98,1,08/11/2022,8
28,Mississippi,280557,0,0,1,0,149,WARREN (149),0,NO APLICA,11,Noviembre,8,2022,11,6,CR-TIFFENTOWN RD,4,Calle del Condado,Rural,Colector Mayor,County Highway Agency,0,Sin jurisdiccion especial,99998,32.38356111,-90.70808056,Arbol,El primer evento no fue una colision con un vehiculo automotor en transporte,Not an Intersection,No fue interseccion,Sobre el lado de la calle,Ninguna,Dia total,Despejado,No,NO APLICA,99,98,99,98,1,08/11/2022,1
28,Mississippi,280558,0,0,1,0,73,LAMAR (73),0,NO APLICA,11,Noviembre,8,2022,15,36,CR-SANDY RUN RD,4,Calle del Condado,Not Reported,Local,County Highway Agency,0,Sin jurisdiccion especial,99998,31.29485556,-89.37074167,Culvert,El primer evento no fue una colision con un vehiculo automotor en transporte,Not an Intersection,No fue interseccion,Sobre el lado de la calle,Ninguna,Dia total,Despejado,No,NO APLICA,99,98,99,98,1,08/11/2022,1
28,Mississippi,280559,0,0,2,0,119,QUITMAN (119),0,NO APLICA,11,Noviembre,8,2022,21,2,SR-3,3,Highway estatal,Rural,Arteria Menor,State Highway Agency,0,Sin jurisdiccion especial,99998,34.44086944,-90.20882778,Vehiculo en movimiento,Frente a frente,Not an Intersection,No fue interseccion,Sobre calle,Ninguna,Oscuro sin iluminacion,Despejado,No,NO APLICA,99,99,99,99,2,08/11/2022,3
28,Mississippi,280560,0,0,2,0,33,DE SOTO (33),0,NO APLICA,11,Noviembre,9,2022,6,12,CR-STAR LANDING RD,4,Calle del Condado,Rural,Colector Mayor,County Highway Agency,0,Sin jurisdiccion especial,99998,34.90443611,-90.06947222,Vehiculo en movimiento,Angulo,Not an Intersection,No fue interseccion,Sobre calle,Ninguna,Amanecer,Despejado,No,NO APLICA,99,98,99,98,1,09/11/2022,2
28,Mississippi,280561,0,0,2,0,75,LAUDERDALE (75),0,NO APLICA,11,Noviembre,11,2022,3,58,I-20,1,Interestatal,Rural,Interestatal,State Highway Agency,1,Sin jurisdiccion especial,99998,32.40624444,-88.54511667,Vehiculo en movimiento,Golpe Lateral - misma direccion,Not an Intersection,No fue interseccion,Sobre calle,Ninguna,Oscuro sin iluminacion,Despejado,No,NO APLICA,99,99,99,99,1,11/11/2022,3
28,Mississippi,280562,0,0,1,0,51,HOLMES (51),0,NO APLICA,11,Noviembre,12,2022,11,8,CR-BOWLING GREEN RD,4,Calle del Condado,Rural,Colector Mayor,County Highway Agency,0,Sin jurisdiccion especial,99998,33.10982778,-90.03139167,Arbol,El primer evento no fue una colision con un vehiculo automotor en transporte,Not an Intersection,No fue interseccion,Sobre el lado de la calle,Ninguna,Reportada como desconocida,Nublado,No,NO APLICA,99,98,99,98,1,12/11/2022,1
28,Mississippi,280563,0,0,1,0,23,CLARKE (23),0,NO APLICA,11,Noviembre,12,2022,18,45,CR-280,4,Calle del Condado,Rural,Colector Mayor,County Highway Agency,0,Sin jurisdiccion especial,99998,31.95206389,-88.8225,Volcadura,El primer evento no fue una colision con un vehiculo automotor en transporte,Not an Intersection,No fue interseccion,Sobre el lado de la calle,Ninguna,Oscuro sin iluminacion,Despejado,No,NO APLICA,99,99,99,99,1,12/11/2022,1
28,Mississippi,280564,0,0,2,0,59,JACKSON (59),1900,PASCAGOULA,11,Noviembre,14,2022,5,17,SR-617,3,Highway estatal,Urbano,Arteria Principal,State Highway Agency,0,Sin jurisdiccion especial,99998,30.36413333,-88.57088056,Vehiculo en movimiento,Angulo,Four-Way Intersection,Interseccion de 4 direcciones,Sobre calle,Ninguna,Oscuro con iluminacion,Despejado,No,NO APLICA,99,98,99,98,1,14/11/2022,2
28,Mississippi,280565,0,0,2,0,51,HOLMES (51),0,NO APLICA,11,Noviembre,14,2022,9,0,SR-14,3,Highway estatal,Rural,Colector Mayor,State Highway Agency,0,Sin jurisdiccion especial,99998,32.97465833,-89.93603056,Vehiculo en movimiento,Frente a frente,Not an Intersection,No fue interseccion,Sobre calle,Ninguna,Dia total,Despejado,No,NO APLICA,99,99,99,99,1,14/11/2022,2
28,Mississippi,280566,0,0,1,0,51,HOLMES (51),740,DURANT,11,Noviembre,14,2022,22,2,SR-12,3,Highway estatal,Rural,Arteria Menor,State Highway Agency,0,Sin jurisdiccion especial,99998,33.08733333,-89.85813333,Zanja,El primer evento no fue una colision con un vehiculo automotor en transporte,Not an Intersection,No fue interseccion,Sobre el lado de la calle,Ninguna,Oscuro sin iluminacion,lluvia,No,NO APLICA,99,98,99,98,1,14/11/2022,1
28,Mississippi,280567,0,0,3,0,47,HARRISON (47),1020,GULFPORT,11,Noviembre,16,2022,17,8,SEAWAY RD,6,Calle Local Municipalidad,Urbano,Colector Mayor,City or Municipal Highway Agency,0,Sin jurisdiccion especial,99998,30.43435833,-89.06757778,Vehiculo en movimiento,Golpe Lateral - misma direccion,Not an Intersection,No fue interseccion,Sobre calle,Ninguna,Atardecer,Nublado,No,NO APLICA,99,99,99,99,1,16/11/2022,3
28,Mississippi,280568,0,0,3,0,73,LAMAR (73),0,NO APLICA,11,Noviembre,16,2022,17,37,SR-42,3,Highway estatal,Rural,Arteria Menor,State Highway Agency,0,Sin jurisdiccion especial,99998,31.41935,-89.45841111,Vehiculo en movimiento,Frente a frente,Not an Intersection,No fue interseccion,Sobre calle,Ninguna,Oscuro sin iluminacion,Nublado,No,NO APLICA,99,99,99,99,1,16/11/2022,4
28,Mississippi,280569,1,1,1,0,97,MONTGOMERY (97),0,NO APLICA,11,Noviembre,18,2022,14,50,I-55,1,Interestatal,Urbano,Interestatal,State Highway Agency,1,Sin jurisdiccion especial,99998,33.58526111,-89.77659444,Peaton,El primer evento no fue una colision con un vehiculo automotor en transporte,Not an Intersection,No fue interseccion,Sobre calle,Ninguna,Dia total,Despejado,No,NO APLICA,99,98,99,98,1,18/11/2022,1
28,Mississippi,280570,0,0,2,0,41,GREENE (41),0,NO APLICA,11,Noviembre,18,2022,15,30,US-57,2,US Highway,Rural,Colector Mayor,State Highway Agency,0,Sin jurisdiccion especial,99998,31.14613056,-88.53799444,Vehiculo en movimiento,Angulo,T-Intersection,Interseccion de T,Sobre calle,Ninguna,Dia total,Despejado,No,NO APLICA,99,99,99,99,1,18/11/2022,2
28,Mississippi,280571,0,0,1,0,21,CLAIBORNE (21),0,NO APLICA,11,Noviembre,19,2022,1,13,CR-VALLEY OF THE MOON,4,Calle del Condado,Rural,Local,County Highway Agency,0,Sin jurisdiccion especial,99998,31.923725,-90.93981111,Arbol,El primer evento no fue una colision con un vehiculo automotor en transporte,T-Intersection,Interseccion de T,Sobre el lado de la calle,Ninguna,Oscuro sin iluminacion,Despejado,No,NO APLICA,99,98,99,98,1,19/11/2022,2
28,Mississippi,280572,0,0,1,0,3,ALCORN (3),0,NO APLICA,11,Noviembre,20,2022,0,58,SR-350,3,Highway estatal,Rural,Colector Mayor,State Highway Agency,0,Sin jurisdiccion especial,99998,34.98651944,-88.43947222,Volcadura,El primer evento no fue una colision con un vehiculo automotor en transporte,Not an Intersection,No fue interseccion,Sobre el lado de la calle,Ninguna,Oscuro sin iluminacion,Despejado,No,NO APLICA,99,98,99,98,1,20/11/2022,1
28,Mississippi,280573,0,0,1,0,127,SIMPSON (127),0,NO APLICA,11,Noviembre,20,2022,1,0,CR-WATERS RD,4,Calle del Condado,Rural,Local,County Highway Agency,0,Sin jurisdiccion especial,99998,31.82032222,-89.71710833,Arbol,El primer evento no fue una colision con un vehiculo automotor en transporte,Not an Intersection,No fue interseccion,Sobre el lado de la calle,Ninguna,Oscuro sin iluminacion,Despejado,No,NO APLICA,99,99,99,99,1,20/11/2022,1
28,Mississippi,280574,0,0,1,0,107,PANOLA (107),120,BATESVILLE,11,Noviembre,20,2022,4,10,US-51,2,US Highway,Urbano,Arteria Menor,State Highway Agency,0,Sin jurisdiccion especial,99998,34.28875278,-89.94292778,Poste,El primer evento no fue una colision con un vehiculo automotor en transporte,Not an Intersection,No fue interseccion,Sobre el lado de la calle,Ninguna,Oscuro sin iluminacion,Despejado,No,NO APLICA,99,98,99,98,1,20/11/2022,1
28,Mississippi,280575,0,0,1,0,59,JACKSON (59),932,GAUTIER,11,Noviembre,20,2022,6,26,OLD SPANISH TRAIL,6,Calle Local Municipalidad,Urbano,Arteria Menor,City or Municipal Highway Agency,0,Sin jurisdiccion especial,99998,30.39246389,-88.69013889,Zanja,El primer evento no fue una colision con un vehiculo automotor en transporte,Not an Intersection,No fue interseccion,Sobre el lado de la calle,Ninguna,Amanecer,Nublado,No,NO APLICA,99,98,99,98,1,20/11/2022,1
28,Mississippi,280576,0,0,1,0,89,MADISON (89),400,CANTON,11,Noviembre,20,2022,11,10,I-55,1,Interestatal,Urbano,Interestatal,State Highway Agency,1,Sin jurisdiccion especial,99998,32.59885833,-90.06911389,Puente de Ferrocarril,El primer evento no fue una colision con un vehiculo automotor en transporte,Not an Intersection,No fue interseccion,Sobre el lado de la calle,Ninguna,Dia total,Despejado,No,NO APLICA,99,99,99,99,1,20/11/2022,1
28,Mississippi,280577,0,0,2,0,49,HINDS (49),1220,JACKSON,11,Noviembre,20,2022,21,9,NORTHSIDE DR,6,Calle Local Municipalidad,Urbano,Arteria Principal,City or Municipal Highway Agency,1,Sin jurisdiccion especial,99998,32.35581111,-90.19271111,Vehiculo en movimiento,Angulo,Four-Way Intersection,Interseccion de 4 direcciones,Sobre calle,Ninguna,Oscuro con iluminacion,Despejado,No,NO APLICA,99,99,99,99,1,20/11/2022,3
28,Mississippi,280578,1,1,1,0,47,HARRISON (47),1020,GULFPORT,11,Noviembre,21,2022,19,12,SEAWAY RD,6,Calle Local Municipalidad,Urbano,Colector Mayor,City or Municipal Highway Agency,0,Sin jurisdiccion especial,99998,30.43424722,-89.07935556,Ciclista,El primer evento no fue una colision con un vehiculo automotor en transporte,Not an Intersection,No fue interseccion,Sobre calle,Ninguna,Oscuro sin iluminacion,Nublado,No,NO APLICA,99,98,99,98,1,21/11/2022,1
28,Mississippi,280579,0,0,1,0,151,WASHINGTON (151),0,NO APLICA,11,Noviembre,23,2022,22,18,US-82,2,US Highway,Rural,Arteria Principal,State Highway Agency,1,Sin jurisdiccion especial,99998,33.33074444,-91.10844722,Poste de Señal de trafico,El primer evento no fue una colision con un vehiculo automotor en transporte,Not an Intersection,No fue interseccion,En el medio,Ninguna,Oscuro sin iluminacion,Nublado,No,NO APLICA,99,99,99,99,1,23/11/2022,1
28,Mississippi,280580,0,0,1,0,123,SCOTT (123),0,NO APLICA,11,Noviembre,23,2022,22,39,SR-501,3,Highway estatal,Rural,Colector Mayor,State Highway Agency,0,Sin jurisdiccion especial,99998,32.31148056,-89.455725,Acotamiento,El primer evento no fue una colision con un vehiculo automotor en transporte,Not an Intersection,No fue interseccion,Sobre el lado de la calle,Ninguna,Oscuro sin iluminacion,Despejado,No,NO APLICA,99,98,99,98,1,23/11/2022,1
28,Mississippi,280581,0,0,1,0,79,LEAKE (79),0,NO APLICA,11,Noviembre,24,2022,0,1,SR-35,3,Highway estatal,Rural,Arteria Menor,State Highway Agency,0,Sin jurisdiccion especial,99998,32.91436389,-89.54396389,Arbol,El primer evento no fue una colision con un vehiculo automotor en transporte,Not an Intersection,No fue interseccion,Sobre el lado de la calle,Ninguna,Oscuro sin iluminacion,Despejado,No,NO APLICA,99,98,99,98,1,24/11/2022,1
28,Mississippi,280582,0,0,2,0,75,LAUDERDALE (75),1590,MERIDIAN,11,Noviembre,24,2022,18,4,SOUTH FRONTAGE RD,7,Calle Local,Urbano,Colector Mayor,City or Municipal Highway Agency,0,Sin jurisdiccion especial,99998,32.35206389,-88.69236667,Vehiculo en movimiento,Frente a frente,Not an Intersection,No fue interseccion,Sobre calle,Ninguna,Atardecer,Nublado,No,NO APLICA,99,99,99,99,2,24/11/2022,3
28,Mississippi,280583,0,0,2,0,43,GRENADA (43),1010,GRENADA,11,Noviembre,25,2022,17,59,SR-8,3,Highway estatal,Urbano,Arteria Principal,State Highway Agency,0,Sin jurisdiccion especial,99998,33.78139167,-89.77126111,Vehiculo en movimiento,Angulo,Not an Intersection,No fue interseccion,Sobre calle,Ninguna,Oscuro sin iluminacion,Despejado,No,NO APLICA,99,99,99,99,1,25/11/2022,3
28,Mississippi,280584,0,0,1,0,49,HINDS (49),1220,JACKSON,11,Noviembre,26,2022,12,19,I-220,1,Interestatal,Urbano,Interestatal,State Highway Agency,1,Sin jurisdiccion especial,99998,32.33871944,-90.24548889,Poste,El primer evento no fue una colision con un vehiculo automotor en transporte,Not an Intersection,No fue interseccion,En el medio,Ninguna,Dia total,lluvia,No,NO APLICA,99,99,99,99,1,26/11/2022,1
28,Mississippi,280585,0,0,1,0,57,ITAWAMBA (57),0,NO APLICA,11,Noviembre,26,2022,14,23,CR-COBB STUMP RD,4,Calle del Condado,Not Reported,Local,County Highway Agency,0,Sin jurisdiccion especial,99998,34.28964167,-88.28192222,Arbol,El primer evento no fue una colision con un vehiculo automotor en transporte,Not an Intersection,No fue interseccion,Sobre el lado de la calle,Ninguna,Dia total,lluvia,No,NO APLICA,99,99,99,99,1,26/11/2022,2
28,Mississippi,280586,0,0,1,0,23,CLARKE (23),0,NO APLICA,11,Noviembre,27,2022,8,50,I-59,1,Interestatal,Rural,Interestatal,State Highway Agency,1,Sin jurisdiccion especial,99998,32.07746667,-88.89288611,Poste de Señal de trafico,El primer evento no fue una colision con un vehiculo automotor en transporte,Not an Intersection,No fue interseccion,Sobre el lado de la calle,Ninguna,Dia total,Nublado,No,NO APLICA,99,99,99,99,1,27/11/2022,2
28,Mississippi,280587,1,1,1,0,93,MARSHALL (93),0,NO APLICA,11,Noviembre,27,2022,9,32,I-22,1,Interestatal,Rural,Interestatal,State Highway Agency,1,Sin jurisdiccion especial,99998,34.64992778,-89.2994,Peaton,El primer evento no fue una colision con un vehiculo automotor en transporte,Not an Intersection,No fue interseccion,Sobre Acotamiento,Ninguna,Reportada como desconocida,Reportado como desconocido,No,NO APLICA,99,98,99,98,1,27/11/2022,1
28,Mississippi,280588,0,0,1,0,47,HARRISON (47),1020,GULFPORT,11,Noviembre,29,2022,16,14,COMMERCE ST,6,Calle Local Municipalidad,Not Reported,Local,City or Municipal Highway Agency,0,Sin jurisdiccion especial,99998,30.39835833,-89.03123611,Banqueta,El primer evento no fue una colision con un vehiculo automotor en transporte,T-Intersection,Interseccion de T,Sobre el lado de la calle,Ninguna,Atardecer,Nublado,No,NO APLICA,99,99,99,99,1,29/11/2022,1
28,Mississippi,280589,0,0,1,0,65,JEFFERSON DAVIS (65),0,NO APLICA,11,Noviembre,30,2022,6,15,CR-CLEM,4,Calle del Condado,Rural,Colector Mayor,County Highway Agency,0,Sin jurisdiccion especial,99998,31.69900833,-89.78082222,Arbol,El primer evento no fue una colision con un vehiculo automotor en transporte,Not an Intersection,No fue interseccion,Sobre el lado de la calle,Ninguna,Amanecer,Nublado,No,NO APLICA,99,99,99,99,1,30/11/2022,1
28,Mississippi,280590,0,0,1,0,123,SCOTT (123),0,NO APLICA,10,Octubre,19,2022,18,52,I-20,1,Interestatal,Rural,Interestatal,State Highway Agency,1,Sin jurisdiccion especial,99998,32.31898889,-89.60368056,Culvert,El primer evento no fue una colision con un vehiculo automotor en transporte,Not an Intersection,No fue interseccion,En el medio,Ninguna,Oscuro sin iluminacion,Despejado,No,NO APLICA,99,98,99,98,1,19/10/2022,1
28,Mississippi,280591,0,0,1,0,51,HOLMES (51),0,NO APLICA,10,Octubre,22,2022,1,25,CR-HOWARD RD,4,Calle del Condado,Rural,Colector Mayor,County Highway Agency,0,Sin jurisdiccion especial,99998,33.11095,-90.06963611,Arbol,El primer evento no fue una colision con un vehiculo automotor en transporte,Not an Intersection,No fue interseccion,Sobre el lado de la calle,Ninguna,Oscuro sin iluminacion,Despejado,No,NO APLICA,99,98,99,98,1,22/10/2022,1
28,Mississippi,280592,0,0,2,0,31,COVINGTON (31),520,COLLINS,10,Octubre,27,2022,11,46,US-49,2,US Highway,Rural,Arteria Principal,State Highway Agency,1,Sin jurisdiccion especial,99998,31.65768333,-89.57549722,Vehiculo en movimiento,Angulo,Four-Way Intersection,Interseccion de 4 direcciones,Sobre calle,Ninguna,Dia total,Despejado,No,NO APLICA,99,99,99,99,2,27/10/2022,3
28,Mississippi,280593,0,0,1,0,131,STONE (131),0,NO APLICA,11,Noviembre,23,2022,14,34,US-49,2,US Highway,Rural,Arteria Principal,State Highway Agency,1,Sin jurisdiccion especial,99998,30.74533889,-89.13496111,Arbol,El primer evento no fue una colision con un vehiculo automotor en transporte,Not an Intersection,No fue interseccion,Sobre el lado de la calle,Ninguna,Dia total,Despejado,No,NO APLICA,99,99,99,99,1,23/11/2022,2
28,Mississippi,280594,0,0,1,0,121,RANKIN (121),0,NO APLICA,11,Noviembre,25,2022,14,31,US-49,2,US Highway,Urbano,Arteria Principal,State Highway Agency,1,Sin jurisdiccion especial,99998,32.21933889,-90.15505,Acotamiento,El primer evento no fue una colision con un vehiculo automotor en transporte,Not an Intersection,No fue interseccion,Sobre el lado de la calle,Ninguna,Dia total,lluvia,No,NO APLICA,99,98,99,98,1,25/11/2022,1
28,Mississippi,280595,1,1,1,0,35,FORREST (35),0,NO APLICA,11,Noviembre,29,2022,18,58,CR-MORRISTON RD,4,Calle del Condado,Rural,Colector Mayor,County Highway Agency,0,Sin jurisdiccion especial,99998,31.40325833,-89.20861389,Peaton,El primer evento no fue una colision con un vehiculo automotor en transporte,Not an Intersection,No fue interseccion,Sobre calle,Ninguna,Oscuro sin iluminacion,Despejado,No,NO APLICA,99,98,99,98,1,29/11/2022,1
28,Mississippi,280596,0,0,1,0,115,PONTOTOC (115),0,NO APLICA,12,Diciembre,2,2022,0,35,CR-ALGOMA RD,4,Calle del Condado,Rural,Colector Mayor,County Highway Agency,0,Sin jurisdiccion especial,99998,34.18286389,-89.03530556,Arbol,El primer evento no fue una colision con un vehiculo automotor en transporte,T-Intersection,Interseccion de T,Sobre el lado de la calle,Ninguna,Oscuro sin iluminacion,Despejado,No,NO APLICA,99,99,99,99,1,02/12/2022,3
28,Mississippi,280598,0,0,1,0,111,PERRY (111),0,NO APLICA,10,Octubre,20,2022,5,39,CR-FAIRLEY BRIDGE RD,4,Calle del Condado,Not Reported,No reportado,County Highway Agency,0,Sin jurisdiccion especial,99998,30.923175,-88.97301389,Puente de Ferrocarril,El primer evento no fue una colision con un vehiculo automotor en transporte,Not an Intersection,No fue interseccion,Sobre el lado de la calle,Ninguna,Amanecer,Despejado,No,NO APLICA,99,98,99,98,1,20/10/2022,1
28,Mississippi,280599,0,0,1,0,101,NEWTON (101),0,NO APLICA,12,Diciembre,8,2022,7,48,SR-489,3,Highway estatal,Rural,Colector Mayor,State Highway Agency,0,Sin jurisdiccion especial,99998,32.50149444,-89.20670833,Culvert,El primer evento no fue una colision con un vehiculo automotor en transporte,Not an Intersection,No fue interseccion,Sobre el lado de la calle,Ninguna,Dia total,Nublado,No,NO APLICA,99,99,99,99,1,08/12/2022,1
28,Mississippi,280600,0,0,2,0,113,PIKE (113),0,NO APLICA,12,Diciembre,3,2022,0,17,I-55,1,Interestatal,Rural,Interestatal,State Highway Agency,1,Sin jurisdiccion especial,99998,31.26974444,-90.47920833,Vehiculo en movimiento,Frente a frente,Not an Intersection,No fue interseccion,Sobre calle,Ninguna,Oscuro sin iluminacion,Despejado,No,NO APLICA,99,99,99,99,1,03/12/2022,2
28,Mississippi,280601,0,0,1,0,75,LAUDERDALE (75),0,NO APLICA,12,Diciembre,4,2022,20,26,SR-19,3,Highway estatal,Rural,Arteria Menor,State Highway Agency,0,Sin jurisdiccion especial,99998,32.31035556,-88.53824444,Arbol,El primer evento no fue una colision con un vehiculo automotor en transporte,Not an Intersection,No fue interseccion,Sobre el lado de la calle,Ninguna,Oscuro sin iluminacion,Despejado,No,NO APLICA,99,98,99,98,1,04/12/2022,1
28,Mississippi,280603,0,0,1,0,87,LOWNDES (87),0,NO APLICA,12,Diciembre,5,2022,13,32,CR-LAKE LOWNDES RD,4,Calle del Condado,Not Reported,Local,County Highway Agency,0,Sin jurisdiccion especial,99998,33.44129167,-88.34461111,Arbol,El primer evento no fue una colision con un vehiculo automotor en transporte,Not an Intersection,No fue interseccion,Sobre el lado de la calle,Ninguna,Dia total,lluvia,No,NO APLICA,99,99,99,99,1,05/12/2022,1