Estado,Nombre de Estado,Numero de Caso,Peatones,Personas _no_vehiculos,Vehiculos automotores,Vehiculos estacionados,Condado,Nombre Condado,Ciudad,Nombre Ciudad,Mes,Nombre Mes,Dia,Año,Hora,Minuto,Calle,Ruta,Nombre Ruta,Rural o Urbanoo,Sistema Funcional,Dueño Calle,Sistema Nacional Carreteras,Jurisdiccion Especial,Milla,Latitud,Longitud,Causa del Accidente,Tipo de Accidente,Tipo Interseccion,Columna1,Lugar en la calle,Zona de Trabajo,Luz,Clima,Autobus Escolar,Cruce de Trenes,Hora Notificacion,Minuto Notificacion,Hora Llegada,Minuto Llegada,Decesos,Fecha,PersonaVehiculo
28,Mississippi,280604,1,1,1,0,147,WALTHALL (147),0,NO APLICA,12,Diciembre,5,2022,20,2,US-98,2,US Highway,Rural,Arteria Principal,State Highway Agency,1,Sin jurisdiccion especial,99998,31.13003333,-90.10650833,Ciclista,El primer evento no fue una colision con un vehiculo automotor en transporte,Not an Intersection,No fue interseccion,Sobre calle,Ninguna,Oscuro sin iluminacion,Nublado,No,NO APLICA,99,99,99,99,1,05/12/2022,2
28,Mississippi,280605,0,0,1,0,61,JASPER (61),140,BAY SPRINGS,12,Diciembre,7,2022,10,32,CR-17,4,Calle del Condado,Rural,Colector Mayor,County Highway Agency,0,Sin jurisdiccion especial,99998,31.96275,-89.27246389,Arbol,El primer evento no fue una colision con un vehiculo automotor en transporte,Not an Intersection,No fue interseccion,Sobre el lado de la calle,Ninguna,Dia total,Despejado,No,NO APLICA,99,98,99,98,1,07/12/2022,1
28,Mississippi,280606,0,0,1,0,87,LOWNDES (87),0,NO APLICA,12,Diciembre,8,2022,17,30,US-45A,2,US Highway,Rural,Arteria Principal,State Highway Agency,1,Sin jurisdiccion especial,99998,33.43593889,-88.65634722,Puente de Ferrocarril,El primer evento no fue una colision con un vehiculo automotor en transporte,Not an Intersection,No fue interseccion,En el medio,Ninguna,Oscuro sin iluminacion,Despejado,No,NO APLICA,99,99,99,99,1,08/12/2022,1
28,Mississippi,280607,0,0,2,0,49,HINDS (49),1220,JACKSON,12,Diciembre,8,2022,19,24,US-80,2,US Highway,Urbano,Arteria Principal,State Highway Agency,1,Sin jurisdiccion especial,99998,32.30577778,-90.25726667,Vehiculo en movimiento,Angulo,Four-Way Intersection,Interseccion de 4 direcciones,Sobre calle,Ninguna,Oscuro con iluminacion,Despejado,No,NO APLICA,99,98,99,98,1,08/12/2022,2
28,Mississippi,280608,0,1,2,1,93,MARSHALL (93),0,NO APLICA,12,Diciembre,9,2022,8,44,I-22,1,Interestatal,Rural,Interestatal,State Highway Agency,1,Sin jurisdiccion especial,99998,34.84195,-89.62701111,Vehiculo Aparcado,El primer evento no fue una colision con un vehiculo automotor en transporte,Not an Intersection,No fue interseccion,Sobre Acotamiento,Ninguna,Dia total,Nublado,No,NO APLICA,99,99,99,99,1,09/12/2022,2
28,Mississippi,280609,0,0,2,0,121,RANKIN (121),9997,Other,12,Diciembre,9,2022,14,52,CR-SPILLWAY RD,4,Calle del Condado,Urbano,Arteria Menor,County Highway Agency,0,Sin jurisdiccion especial,99998,32.37711111,-90.00368611,Vehiculo en movimiento,Frente a frente,Not an Intersection,No fue interseccion,Sobre calle,Ninguna,Dia total,Despejado,No,NO APLICA,99,99,99,99,1,09/12/2022,4
28,Mississippi,280610,0,0,1,0,113,PIKE (113),0,NO APLICA,12,Diciembre,9,2022,21,53,SR-48,3,Highway estatal,Rural,Colector Mayor,State Highway Agency,0,Sin jurisdiccion especial,99998,31.10144444,-90.31478333,Culvert,El primer evento no fue una colision con un vehiculo automotor en transporte,Not an Intersection,No fue interseccion,Sobre el lado de la calle,Ninguna,Oscuro sin iluminacion,Despejado,No,NO APLICA,99,98,99,98,1,09/12/2022,1
28,Mississippi,280611,0,0,1,0,47,HARRISON (47),0,NO APLICA,12,Diciembre,10,2022,2,40,SR-53,3,Highway estatal,Rural,Arteria Menor,State Highway Agency,0,Sin jurisdiccion especial,99998,30.54606111,-89.25309722,Arbol,El primer evento no fue una colision con un vehiculo automotor en transporte,Not an Intersection,No fue interseccion,Sobre el lado de la calle,Ninguna,Oscuro sin iluminacion,Neblina o Humo,No,NO APLICA,99,98,99,98,1,10/12/2022,1
28,Mississippi,280612,0,0,1,0,85,LINCOLN (85),0,NO APLICA,12,Diciembre,10,2022,14,29,CR-NOLA RD,4,Calle del Condado,Rural,Colector Mayor,County Highway Agency,0,Sin jurisdiccion especial,99998,31.5779,-90.39586944,Zanja,El primer evento no fue una colision con un vehiculo automotor en transporte,Not an Intersection,No fue interseccion,Sobre el lado de la calle,Ninguna,Dia total,Nublado,No,NO APLICA,99,99,99,99,1,10/12/2022,1
28,Mississippi,280613,0,0,1,0,49,HINDS (49),0,NO APLICA,12,Diciembre,11,2022,4,0,CR-LEBANON RD,4,Calle del Condado,Not Reported,Local,County Highway Agency,0,Sin jurisdiccion especial,99998,32.12442222,-90.44432222,Arbol,El primer evento no fue una colision con un vehiculo automotor en transporte,Not an Intersection,No fue interseccion,Sobre el lado de la calle,Ninguna,Oscuro sin iluminacion,Despejado,No,NO APLICA,99,98,99,98,1,11/12/2022,1
28,Mississippi,280614,0,0,1,0,63,JEFFERSON (63),0,NO APLICA,12,Diciembre,15,2022,18,29,SR-28,3,Highway estatal,Rural,Arteria Menor,State Highway Agency,0,Sin jurisdiccion especial,99998,31.68599722,-90.82961944,Acotamiento,El primer evento no fue una colision con un vehiculo automotor en transporte,Not an Intersection,No fue interseccion,Sobre el lado de la calle,Ninguna,Oscuro sin iluminacion,Despejado,No,NO APLICA,99,99,99,99,1,15/12/2022,1
28,Mississippi,280615,0,0,1,0,49,HINDS (49),1220,JACKSON,12,Diciembre,16,2022,23,20,LYNCH ST,6,Calle Local Municipalidad,Urbano,Arteria Menor,City or Municipal Highway Agency,0,Sin jurisdiccion especial,99998,32.29630556,-90.23873333,Edificio,El primer evento no fue una colision con un vehiculo automotor en transporte,Not an Intersection,No fue interseccion,Sobre el lado de la calle,Ninguna,Oscuro con iluminacion,Despejado,No,NO APLICA,99,99,99,99,2,16/12/2022,2
28,Mississippi,280616,0,0,1,0,115,PONTOTOC (115),2330,SHERMAN,12,Diciembre,19,2022,17,47,THIRD AVE,6,Calle Local Municipalidad,Rural,Colector Mayor,City or Municipal Highway Agency,0,Sin jurisdiccion especial,99998,34.35856389,-88.84108333,Vehiculo Ferrocarril,El primer evento no fue una colision con un vehiculo automotor en transporte,Not an Intersection,No fue interseccion,Sobre calle,Ninguna,Oscuro con iluminacion,Despejado,No,667324W,99,99,99,99,3,19/12/2022,4
28,Mississippi,280617,1,1,1,0,49,HINDS (49),490,CLINTON,12,Diciembre,20,2022,21,40,US-80,2,US Highway,Urbano,Arteria Principal,State Highway Agency,1,Sin jurisdiccion especial,99998,32.32778333,-90.30270833,Peaton,El primer evento no fue una colision con un vehiculo automotor en transporte,Not an Intersection,No fue interseccion,Sobre calle,Ninguna,Oscuro sin iluminacion,Nublado,No,NO APLICA,99,99,99,99,1,20/12/2022,2
28,Mississippi,280618,0,0,1,0,123,SCOTT (123),0,NO APLICA,12,Diciembre,22,2022,3,46,CR-CLIFTON RD,4,Calle del Condado,Not Reported,No reportado,County Highway Agency,0,Sin jurisdiccion especial,99998,32.41537222,-89.56118889,Volcadura,El primer evento no fue una colision con un vehiculo automotor en transporte,Not an Intersection,No fue interseccion,Sobre el lado de la calle,Ninguna,Oscuro - iluminacion desconocida,lluvia,No,NO APLICA,99,99,99,99,1,22/12/2022,2
28,Mississippi,280619,0,0,1,0,29,COPIAH (29),0,NO APLICA,12,Diciembre,22,2022,21,39,CR-BEAUREGARD RD,4,Calle del Condado,Rural,Colector Mayor,County Highway Agency,0,Sin jurisdiccion especial,99998,31.72625833,-90.37810833,Volcadura,El primer evento no fue una colision con un vehiculo automotor en transporte,Not an Intersection,No fue interseccion,Sobre el lado de la calle,Ninguna,Oscuro sin iluminacion,lluvia,No,NO APLICA,99,99,99,99,1,22/12/2022,1
28,Mississippi,280620,0,0,1,0,67,JONES (67),0,NO APLICA,12,Diciembre,23,2022,15,32,US-11,2,US Highway,Rural,Colector Mayor,State Highway Agency,9,Sin jurisdiccion especial,99998,31.44383611,-89.28652778,Zanja,El primer evento no fue una colision con un vehiculo automotor en transporte,Not an Intersection,No fue interseccion,Sobre el lado de la calle,Ninguna,Dia total,Despejado,No,NO APLICA,99,98,99,98,1,23/12/2022,1
28,Mississippi,280621,0,0,1,0,133,SUNFLOWER (133),0,NO APLICA,12,Diciembre,23,2022,16,44,US-49,2,US Highway,Rural,Arteria Principal,State Highway Agency,1,Sin jurisdiccion especial,99998,33.37353333,-90.58990278,Zanja,El primer evento no fue una colision con un vehiculo automotor en transporte,Not an Intersection,No fue interseccion,Sobre el lado de la calle,Ninguna,Atardecer,Despejado,No,NO APLICA,99,99,99,99,1,23/12/2022,1
28,Mississippi,280622,0,0,1,0,29,COPIAH (29),0,NO APLICA,12,Diciembre,24,2022,4,9,CR-WEST GALLATIN ST,6,Calle Local Municipalidad,Not Reported,Local,City or Municipal Highway Agency,0,Sin jurisdiccion especial,99998,31.85623056,-90.41219722,Arbol,El primer evento no fue una colision con un vehiculo automotor en transporte,Not an Intersection,No fue interseccion,Sobre el lado de la calle,Ninguna,Oscuro sin iluminacion,Despejado,No,NO APLICA,99,98,99,98,1,24/12/2022,1
28,Mississippi,280623,0,0,1,0,63,JEFFERSON (63),0,NO APLICA,12,Diciembre,24,2022,19,48,SR-28,3,Highway estatal,Rural,Arteria Menor,State Highway Agency,9,Sin jurisdiccion especial,99998,31.68755833,-90.89856389,Barda,El primer evento no fue una colision con un vehiculo automotor en transporte,Not an Intersection,No fue interseccion,Sobre el lado de la calle,Ninguna,Oscuro sin iluminacion,Despejado,No,NO APLICA,99,98,99,98,1,24/12/2022,1
28,Mississippi,280624,0,0,2,0,49,HINDS (49),1220,JACKSON,12,Diciembre,24,2022,22,19,NORTH STATE ST,6,Calle Local Municipalidad,Urbano,Arteria Principal,City or Municipal Highway Agency,1,Sin jurisdiccion especial,99998,32.38030278,-90.1612,Vehiculo en movimiento,Frente a Detrás,T-Intersection,Interseccion de T,Sobre calle,Ninguna,Oscuro con iluminacion,Nublado,No,NO APLICA,99,99,99,99,1,24/12/2022,3
28,Mississippi,280625,0,0,1,0,7,ATTALA (7),0,NO APLICA,12,Diciembre,25,2022,15,24,SR-35,3,Highway estatal,Rural,Arteria Menor,State Highway Agency,9,Sin jurisdiccion especial,99998,32.99993611,-89.56376667,Arbol,El primer evento no fue una colision con un vehiculo automotor en transporte,Not an Intersection,No fue interseccion,Sobre el lado de la calle,Ninguna,Dia total,Despejado,No,NO APLICA,99,99,99,99,1,25/12/2022,2
28,Mississippi,280626,1,1,1,0,23,CLARKE (23),0,NO APLICA,12,Diciembre,25,2022,21,31,US-11,2,US Highway,Rural,Colector Mayor,State Highway Agency,9,Sin jurisdiccion especial,99998,32.00706389,-88.896575,Peaton,El primer evento no fue una colision con un vehiculo automotor en transporte,Not an Intersection,No fue interseccion,Sobre calle,Ninguna,Oscuro sin iluminacion,Despejado,No,NO APLICA,99,98,99,98,1,25/12/2022,1
28,Mississippi,280628,0,0,3,0,87,LOWNDES (87),540,COLUMBUS,11,Noviembre,14,2022,8,32,US-45,2,US Highway,Urbano,Arteria Menor,State Highway Agency,1,Sin jurisdiccion especial,99998,33.54309444,-88.43652778,Vehiculo en movimiento,Frente a Detrás,Not an Intersection,No fue interseccion,Sobre calle,Ninguna,Dia total,Despejado,No,NO APLICA,99,99,99,99,1,14/11/2022,4
28,Mississippi,280629,0,0,1,0,51,HOLMES (51),0,NO APLICA,12,Diciembre,3,2022,21,40,CR-EBENEZER PICKENS RD,4,Calle del Condado,Rural,Colector Mayor,County Highway Agency,9,Sin jurisdiccion especial,99998,32.90563889,-90.00216389,Zanja,El primer evento no fue una colision con un vehiculo automotor en transporte,Not an Intersection,No fue interseccion,Sobre el lado de la calle,Ninguna,Oscuro sin iluminacion,Despejado,No,NO APLICA,99,99,99,99,1,03/12/2022,1
28,Mississippi,280630,0,0,1,0,91,MARION (91),0,NO APLICA,12,Diciembre,26,2022,15,16,SR-586,3,Highway estatal,Rural,Colector Mayor,State Highway Agency,9,Sin jurisdiccion especial,99998,31.27075278,-90.00740278,Acotamiento,El primer evento no fue una colision con un vehiculo automotor en transporte,Not an Intersection,No fue interseccion,Sobre el lado de la calle,Ninguna,Dia total,Despejado,No,NO APLICA,99,99,99,99,1,26/12/2022,1
28,Mississippi,280631,0,0,1,0,109,PEARL RIVER (109),0,NO APLICA,12,Diciembre,26,2022,21,4,US-11,2,US Highway,Urbano,Colector Mayor,State Highway Agency,9,Sin jurisdiccion especial,99998,30.594125,-89.66082778,Arbol,El primer evento no fue una colision con un vehiculo automotor en transporte,Not an Intersection,No fue interseccion,Sobre el lado de la calle,Ninguna,Oscuro sin iluminacion,Despejado,No,NO APLICA,99,98,99,98,1,26/12/2022,1
28,Mississippi,280632,0,0,3,0,81,LEE (81),0,NO APLICA,12,Diciembre,27,2022,10,17,SR-178,3,Highway estatal,Rural,Colector Mayor,State Highway Agency,0,Sin jurisdiccion especial,99998,34.26483611,-88.63845556,Vehiculo en movimiento,Angulo,Not an Intersection,No fue interseccion,Sobre calle,Ninguna,Dia total,Despejado,No,NO APLICA,99,99,99,99,1,27/12/2022,4
28,Mississippi,280633,0,0,1,0,157,WILKINSON (157),0,NO APLICA,12,Diciembre,27,2022,22,43,SR-563,3,Highway estatal,Rural,Colector Mayor,State Highway Agency,0,Sin jurisdiccion especial,99998,31.22615,-91.22172222,Arbol,El primer evento no fue una colision con un vehiculo automotor en transporte,Not an Intersection,No fue interseccion,Sobre el lado de la calle,Ninguna,Oscuro sin iluminacion,Despejado,No,NO APLICA,99,98,99,98,1,27/12/2022,1
28,Mississippi,280634,0,0,2,0,91,MARION (91),0,NO APLICA,12,Diciembre,28,2022,13,8,US-98,2,US Highway,Rural,Arteria Principal,State Highway Agency,1,Sin jurisdiccion especial,99998,31.19578333,-89.98080556,Vehiculo en movimiento,Angulo,Four-Way Intersection,Interseccion de 4 direcciones,Sobre calle,Ninguna,Dia total,Despejado,No,NO APLICA,99,98,99,98,1,28/12/2022,4
28,Mississippi,280635,0,0,2,0,49,HINDS (49),1220,JACKSON,12,Diciembre,30,2022,15,58,CLINTON BLVD,6,Calle Local Municipalidad,Urbano,Arteria Principal,City or Municipal Highway Agency,1,Sin jurisdiccion especial,99998,32.33148889,-90.26297222,Vehiculo en movimiento,Frente a frente,Not an Intersection,No fue interseccion,Sobre calle,Ninguna,Dia total,Despejado,No,NO APLICA,99,99,99,99,1,30/12/2022,4
28,Mississippi,280636,0,0,1,0,49,HINDS (49),1220,JACKSON,12,Diciembre,30,2022,18,50,ELLIS AVE,6,Calle Local Municipalidad,Urbano,Arteria Principal,City or Municipal Highway Agency,1,Sin jurisdiccion especial,99998,32.31299444,-90.22763333,Arbol,El primer evento no fue una colision con un vehiculo automotor en transporte,Not an Intersection,No fue interseccion,Sobre el lado de la calle,Ninguna,Oscuro con iluminacion,Nublado,No,NO APLICA,99,98,99,98,1,30/12/2022,1
28,Mississippi,280637,1,1,1,0,73,LAMAR (73),9997,Other,12,Diciembre,31,2022,19,56,I-59,1,Interestatal,Urbano,Interestatal,State Highway Agency,1,Sin jurisdiccion especial,99998,31.324175,-89.352225,Peaton,El primer evento no fue una colision con un vehiculo automotor en transporte,Not an Intersection,No fue interseccion,Sobre calle,Ninguna,Oscuro sin iluminacion,Neblina o Humo,No,NO APLICA,99,98,99,98,1,31/12/2022,2
28,Mississippi,280638,0,0,1,0,123,SCOTT (123),0,NO APLICA,12,Diciembre,31,2022,23,3,CR-CLIFTON HILLSBORO RD,4,Calle del Condado,Rural,Colector Mayor,County Highway Agency,0,Sin jurisdiccion especial,99998,32.47396111,-89.65273333,Arbol,El primer evento no fue una colision con un vehiculo automotor en transporte,Not an Intersection,No fue interseccion,Sobre el lado de la calle,Ninguna,Oscuro sin iluminacion,Neblina o Humo,No,NO APLICA,99,98,99,98,1,31/12/2022,1
28,Mississippi,280639,0,0,1,0,79,LEAKE (79),0,NO APLICA,3,Marzo,13,2022,16,44,CR-MAGEE TOWN RD,4,Calle del Condado,Not Reported,No reportado,County Highway Agency,0,Sin jurisdiccion especial,99998,77.7777,777.7777,Immersion total o parcial,El primer evento no fue una colision con un vehiculo automotor en transporte,Not an Intersection,No fue interseccion,Sobre el lado de la calle,Ninguna,Reportada como desconocida,No reportado,No,NO APLICA,99,98,99,98,1,13/03/2022,1
28,Mississippi,280640,1,1,1,0,75,LAUDERDALE (75),1590,MERIDIAN,3,Marzo,15,2022,14,14,I-20,1,Interestatal,Urbano,Interestatal,State Highway Agency,1,Sin jurisdiccion especial,99998,32.355,-88.68879722,Peaton,El primer evento no fue una colision con un vehiculo automotor en transporte,Not an Intersection,No fue interseccion,Sobre calle,Ninguna,Dia total,lluvia,No,NO APLICA,99,99,99,99,1,15/03/2022,1
28,Mississippi,280641,0,0,1,0,33,DE SOTO (33),2695,TOWN OF WALLS,4,Abril,13,2022,22,19,US-61,2,US Highway,Urbano,Arteria Principal,State Highway Agency,1,Sin jurisdiccion especial,99998,34.95163333,-90.14437778,Volcadura,El primer evento no fue una colision con un vehiculo automotor en transporte,Not an Intersection,No fue interseccion,Sobre el lado de la calle,Ninguna,No reportada,No reportado,No,NO APLICA,99,99,99,99,1,13/04/2022,1
28,Mississippi,280642,1,1,1,0,109,PEARL RIVER (109),1950,PICAYUNE,6,Junio,1,2022,22,56,I-59,1,Interestatal,Urbano,Interestatal,State Highway Agency,1,Sin jurisdiccion especial,99998,30.5384,-89.6522,Peaton,El primer evento no fue una colision con un vehiculo automotor en transporte,Not an Intersection,No fue interseccion,Sobre calle,Ninguna,Dia total,Despejado,No,NO APLICA,99,98,99,98,1,01/06/2022,1
28,Mississippi,280643,0,0,1,0,149,WARREN (149),0,NO APLICA,6,Junio,13,2022,8,36,CR-OAK RIDGE RD,4,Calle del Condado,Not Reported,No reportado,County Highway Agency,0,Sin jurisdiccion especial,99998,77.7777,777.7777,Zanja,El primer evento no fue una colision con un vehiculo automotor en transporte,Not an Intersection,No fue interseccion,Sobre el lado de la calle,Ninguna,No reportada,No reportado,No,NO APLICA,99,99,99,99,1,13/06/2022,1
28,Mississippi,280644,1,1,1,0,81,LEE (81),2610,TUPELO,6,Junio,17,2022,21,4,MU-BRIAR RIDGE RD,6,Calle Local Municipalidad,Not Reported,No reportado,City or Municipal Highway Agency,0,Sin jurisdiccion especial,99998,77.7777,777.7777,Ciclista,El primer evento no fue una colision con un vehiculo automotor en transporte,Not an Intersection,No fue interseccion,Sobre calle,Ninguna,Oscuro - iluminacion desconocida,No reportado,No,NO APLICA,99,99,99,99,1,17/06/2022,2
28,Mississippi,280645,0,0,1,0,31,COVINGTON (31),0,NO APLICA,6,Junio,30,2022,0,20,CR-LEAF RIVER CHURCH RD,4,Calle del Condado,Not Reported,No reportado,County Highway Agency,0,Sin jurisdiccion especial,99998,77.7777,777.7777,Volcadura,El primer evento no fue una colision con un vehiculo automotor en transporte,Not an Intersection,No fue interseccion,Sobre calle,Ninguna,Oscuro - iluminacion desconocida,No reportado,No,NO APLICA,88,88,88,88,1,30/06/2022,3
28,Mississippi,280646,0,0,1,0,15,CARROLL (15),0,NO APLICA,10,Octubre,7,2022,14,44,CR-286,4,Calle del Condado,Not Reported,No reportado,County Highway Agency,0,Sin jurisdiccion especial,99998,77.7777,777.7777,Volcadura,El primer evento no fue una colision con un vehiculo automotor en transporte,Not an Intersection,No fue interseccion,Sobre calle,Ninguna,Dia total,No reportado,No,NO APLICA,99,99,99,99,1,07/10/2022,2
28,Mississippi,280647,1,1,1,0,1,ADAMS (1),0,NO APLICA,10,Octubre,9,2022,15,18,CR-LIBERTY RD,4,Calle del Condado,Not Reported,No reportado,County Highway Agency,0,Sin jurisdiccion especial,99998,77.7777,777.7777,Ciclista,El primer evento no fue una colision con un vehiculo automotor en transporte,Not an Intersection,No fue interseccion,Sobre calle,Ninguna,Dia total,No reportado,No,NO APLICA,99,99,99,99,1,09/10/2022,1
28,Mississippi,280648,1,1,1,0,59,JACKSON (59),0,NO APLICA,10,Octubre,10,2022,19,54,CR-TUCKER RD,4,Calle del Condado,Not Reported,No reportado,County Highway Agency,0,Sin jurisdiccion especial,99998,77.7777,777.7777,Ciclista,El primer evento no fue una colision con un vehiculo automotor en transporte,Not an Intersection,No fue interseccion,Sobre calle,Ninguna,No reportada,No reportado,No,NO APLICA,99,99,99,99,1,10/10/2022,1
28,Mississippi,280649,0,0,1,0,65,JEFFERSON DAVIS (65),0,NO APLICA,10,Octubre,25,2022,11,0,CR-OLD HEBRON RD,4,Calle del Condado,Not Reported,No reportado,County Highway Agency,0,Sin jurisdiccion especial,99998,77.7777,777.7777,Arbol,El primer evento no fue una colision con un vehiculo automotor en transporte,Not an Intersection,No fue interseccion,Sobre el lado de la calle,Ninguna,Dia total,No reportado,No,NO APLICA,99,99,99,99,1,25/10/2022,1
28,Mississippi,280650,0,0,1,0,59,JACKSON (59),0,NO APLICA,11,Noviembre,12,2022,21,4,CR-OLD FORT BAYOU RD,4,Calle del Condado,Rural,Colector Mayor,County Highway Agency,0,Sin jurisdiccion especial,99998,30.46496667,-88.77165,Puente de Ferrocarril,El primer evento no fue una colision con un vehiculo automotor en transporte,Not an Intersection,No fue interseccion,Sobre el lado de la calle,Ninguna,Oscuro sin iluminacion,Despejado,No,NO APLICA,99,99,99,99,1,12/11/2022,2
28,Mississippi,280651,0,0,1,0,49,HINDS (49),1220,JACKSON,11,Noviembre,25,2022,21,24,MU-WEST NORTHSIDE DR,6,Calle Local Municipalidad,Urbano,Arteria Principal,City or Municipal Highway Agency,1,Sin jurisdiccion especial,99998,32.35622778,-90.24745,Muro,El primer evento no fue una colision con un vehiculo automotor en transporte,Not an Intersection,No fue interseccion,Sobre el lado de la calle,Ninguna,Oscuro con iluminacion,Despejado,No,NO APLICA,99,98,99,98,1,25/11/2022,1
28,Mississippi,280652,0,0,1,0,141,TISHOMINGO (141),0,NO APLICA,12,Diciembre,14,2022,5,0,SR-350,3,Highway estatal,Rural,Colector Mayor,State Highway Agency,0,Sin jurisdiccion especial,99998,34.98127778,-88.26697778,Arbol,El primer evento no fue una colision con un vehiculo automotor en transporte,Not an Intersection,No fue interseccion,Sobre el lado de la calle,Ninguna,Reportada como desconocida,Reportado como desconocido,No,NO APLICA,99,98,99,98,1,14/12/2022,1
28,Mississippi,280653,0,0,2,0,139,TIPPAH (139),2150,RIPLEY,12,Diciembre,29,2022,3,45,SR-15,3,Highway estatal,Rural,Arteria Principal,State Highway Agency,1,Sin jurisdiccion especial,99998,34.72971389,-88.94618056,Vehiculo en movimiento,Angulo,Four-Way Intersection,Interseccion de 4 direcciones,Sobre calle,Ninguna,Oscuro con iluminacion,Despejado,No,NO APLICA,99,99,99,99,1,29/12/2022,2
28,Mississippi,280655,0,0,1,0,49,HINDS (49),0,NO APLICA,12,Diciembre,11,2022,3,0,CR-RAILROAD WAY AVE,4,Calle del Condado,Rural,Local,County Highway Agency,0,Sin jurisdiccion especial,99998,32.09603889,-90.29273056,Banqueta,El primer evento no fue una colision con un vehiculo automotor en transporte,T-Intersection,Interseccion de T,Sobre el lado de la calle,Ninguna,Oscuro con iluminacion,lluvia,No,NO APLICA,99,98,99,98,1,11/12/2022,1
28,Mississippi,280656,0,0,1,0,59,JACKSON (59),0,NO APLICA,7,Julio,9,2022,7,54,CR-OLD BILOXI RD,4,Calle del Condado,Rural,Colector Mayor,County Highway Agency,0,Sin jurisdiccion especial,99998,30.515975,-88.864025,Arbol,El primer evento no fue una colision con un vehiculo automotor en transporte,Not an Intersection,No fue interseccion,Sobre el lado de la calle,Ninguna,Dia total,Despejado,No,NO APLICA,99,98,99,98,1,09/07/2022,1
28,Mississippi,280657,0,0,2,0,17,CHICKASAW (17),0,NO APLICA,11,Noviembre,2,2022,20,8,US-45 ALT,2,US Highway,Rural,Arteria Principal,State Highway Agency,1,Sin jurisdiccion especial,99998,33.89270278,-88.72796667,Vehiculo en movimiento,Frente a Detrás,Not an Intersection,No fue interseccion,Sobre calle,Ninguna,Oscuro sin iluminacion,Despejado,No,NO APLICA,99,99,99,99,1,02/11/2022,3
28,Mississippi,280658,0,0,1,0,79,LEAKE (79),0,NO APLICA,9,Septiembre,20,2022,11,10,CR-CENTER CROSSING RD,4,Calle del Condado,Rural,No reportado,County Highway Agency,0,Sin jurisdiccion especial,99998,77.7777,777.7777,Volcadura,El primer evento no fue una colision con un vehiculo automotor en transporte,Not an Intersection,No fue interseccion,Sobre el lado de la calle,Ninguna,No reportada,No reportado,No,NO APLICA,99,99,99,99,1,20/09/2022,1
28,Mississippi,280659,1,1,1,0,59,JACKSON (59),1680,MOSS POINT,12,Diciembre,9,2022,18,25,PETERS ST,6,Calle Local Municipalidad,Not Reported,Local,City or Municipal Highway Agency,0,Sin jurisdiccion especial,99998,30.40504722,-88.50923333,Peaton,El primer evento no fue una colision con un vehiculo automotor en transporte,Not an Intersection,No fue interseccion,Sobre calle,Ninguna,Oscuro con iluminacion,Despejado,No,NO APLICA,99,99,99,99,1,09/12/2022,1
28,Mississippi,280660,0,0,2,0,81,LEE (81),2300,SHANNON,11,Noviembre,11,2022,16,48,US-278,2,US Highway,Rural,Arteria Principal,State Highway Agency,1,Sin jurisdiccion especial,99998,34.11599167,-88.69941944,Vehiculo en movimiento,Angulo,Not an Intersection,No fue interseccion,Sobre calle,Ninguna,Oscuro sin iluminacion,Despejado,No,NO APLICA,99,99,99,99,1,11/11/2022,3
28,Mississippi,280661,0,0,1,0,53,HUMPHREYS (53),0,NO APLICA,11,Noviembre,4,2022,5,38,CR-BEASLEY BAYOU RD,4,Calle del Condado,Not Reported,No reportado,County Highway Agency,0,Sin jurisdiccion especial,99998,33.25624722,-90.65615278,Zanja,El primer evento no fue una colision con un vehiculo automotor en transporte,Not an Intersection,No fue interseccion,Sobre el lado de la calle,Ninguna,Oscuro sin iluminacion,Despejado,No,NO APLICA,99,99,99,99,1,04/11/2022,2
28,Mississippi,280662,1,1,3,1,109,PEARL RIVER (109),0,NO APLICA,1,Enero,13,2022,18,24,CR-WEST UNION RD,4,Calle del Condado,Rural,Colector Mayor,County Highway Agency,0,Sin jurisdiccion especial,99998,30.57535833,-89.577625,Vehiculo en movimiento,Frente a Detrás,Not an Intersection,No fue interseccion,Sobre calle,Ninguna,Oscuro sin iluminacion,Despejado,No,NO APLICA,99,99,99,99,1,13/01/2022,2
28,Mississippi,280663,0,0,2,0,93,MARSHALL (93),0,NO APLICA,9,Septiembre,29,2022,15,43,CR-TASKA RD,4,Calle del Condado,Not Reported,No reportado,County Highway Agency,0,Sin jurisdiccion especial,99998,34.95621389,-89.52939444,Vehiculo en movimiento,Angulo,Four-Way Intersection,Interseccion de 4 direcciones,Sobre calle,Ninguna,Dia total,Despejado,Yes,NO APLICA,99,99,99,99,1,29/09/2022,2