Estado,Nombre de Estado,Numero de Caso,Peatones,Personas _no_vehiculos,Vehiculos automotores,Vehiculos estacionados,Condado,Nombre Condado,Ciudad,Nombre Ciudad,Mes,Nombre Mes,Dia,Año,Hora,Minuto,Calle,Ruta,Nombre Ruta,Rural o Urbanoo,Sistema Funcional,Dueño Calle,Sistema Nacional Carreteras,Jurisdiccion Especial,Milla,Latitud,Longitud,Causa del Accidente,Tipo de Accidente,Tipo Interseccion,Columna1,Lugar en la calle,Zona de Trabajo,Luz,Clima,Autobus Escolar,Cruce de Trenes,Hora Notificacion,Minuto Notificacion,Hora Llegada,Minuto Llegada,Decesos,Fecha,PersonaVehiculo
28,Mississippi,280664,0,0,2,0,83,LEFLORE (83),0,NO APLICA,10,Octubre,11,2022,8,14,US-49,2,US Highway,Urbano,Arteria Principal,State Highway Agency,1,Sin jurisdiccion especial,99998,33.47275,-90.20956667,Vehiculo en movimiento,Frente a frente,Not an Intersection,No fue interseccion,Sobre calle,Ninguna,Dia total,Despejado,No,NO APLICA,99,99,99,99,1,11/10/2022,5
28,Mississippi,280665,1,1,1,0,59,JACKSON (59),0,NO APLICA,12,Diciembre,7,2022,20,36,US-90,2,US Highway,Rural,Arteria Principal,State Highway Agency,1,Sin jurisdiccion especial,99998,30.42838056,-88.44736111,Peaton,El primer evento no fue una colision con un vehiculo automotor en transporte,Not an Intersection,No fue interseccion,Sobre calle,Ninguna,Oscuro sin iluminacion,Neblina o Humo,No,NO APLICA,99,98,99,98,1,07/12/2022,1
28,Mississippi,280666,0,0,1,0,15,CARROLL (15),0,NO APLICA,11,Noviembre,12,2022,12,51,I-55,1,Interestatal,Rural,Interestatal,State Highway Agency,1,Sin jurisdiccion especial,99998,33.28825,-89.78674444,Puente de Ferrocarril,El primer evento no fue una colision con un vehiculo automotor en transporte,Not an Intersection,No fue interseccion,Sobre el lado de la calle,Ninguna,Dia total,Despejado,No,NO APLICA,99,99,99,99,1,12/11/2022,1
29,Missouri,290001,0,0,2,0,19,BOONE (19),0,NO APLICA,1,Enero,3,2022,19,28,US-63,2,US Highway,Rural,Arterial Principal -Freeway o ExpressWay,State Highway Agency,1,Sin jurisdiccion especial,330,39.09525,-92.32933333,Vehiculo en movimiento,Frente a frente,Not an Intersection,No fue interseccion,Sobre calle,Ninguna,Oscuro sin iluminacion,Despejado,No,NO APLICA,19,29,19,38,4,03/01/2022,7
29,Missouri,290002,0,0,2,0,71,FRANKLIN (71),7020,ST. CLAIR,1,Enero,5,2022,19,9,I-44,1,Interestatal,Rural,Interestatal,State Highway Agency,1,Sin jurisdiccion especial,120,38.32165278,-91.0299,Vehiculo en movimiento,Frente a frente,Not an Intersection,No fue interseccion,Sobre calle,Ninguna,Oscuro sin iluminacion,Despejado,No,NO APLICA,19,7,19,34,1,05/01/2022,3
29,Missouri,290003,0,0,2,0,109,LAWRENCE (109),0,NO APLICA,1,Enero,5,2022,21,10,I-44,1,Interestatal,Rural,Interestatal,State Highway Agency,1,Sin jurisdiccion especial,130,37.09463889,-93.8015,Vehiculo en movimiento,Frente a Detrás,Not an Intersection,No fue interseccion,Sobre calle,Ninguna,Oscuro con iluminacion,Despejado,No,NO APLICA,99,99,99,99,1,05/01/2022,4
29,Missouri,290004,1,1,1,0,219,WARREN (219),8120,WARRENTON,1,Enero,6,2022,21,29,I-70,1,Interestatal,Urbano,Interestatal,State Highway Agency,1,Sin jurisdiccion especial,80,38.81841667,-91.11415833,Peaton,El primer evento no fue una colision con un vehiculo automotor en transporte,Not an Intersection,No fue interseccion,Sobre calle,Ninguna,Oscuro sin iluminacion,Nublado,No,NO APLICA,21,29,21,40,1,06/01/2022,1
29,Missouri,290005,0,0,1,0,109,LAWRENCE (109),0,NO APLICA,1,Enero,6,2022,13,20,SR-97,3,Highway estatal,Rural,Colector Mayor,State Highway Agency,0,Sin jurisdiccion especial,220,37.01144444,-93.99696667,Zanja,El primer evento no fue una colision con un vehiculo automotor en transporte,Not an Intersection,No fue interseccion,Sobre el lado de la calle,Ninguna,Dia total,Nieve,No,NO APLICA,13,22,13,29,1,06/01/2022,2
29,Missouri,290006,0,0,1,0,95,JACKSON (95),4120,KANSAS CITY,1,Enero,6,2022,18,12,TRUMAN RD,6,Calle Local Municipalidad,Urbano,Arteria Menor,City or Municipal Highway Agency,0,Sin jurisdiccion especial,20,39.09431667,-94.53975556,Soporte de Puente,El primer evento no fue una colision con un vehiculo automotor en transporte,Not an Intersection,No fue interseccion,En el medio,Ninguna,Oscuro con iluminacion,Despejado,No,NO APLICA,18,11,18,17,1,06/01/2022,1
29,Missouri,290007,0,0,1,0,97,JASPER (97),4100,JOPLIN,1,Enero,7,2022,17,6,E 20TH ST,6,Calle Local Municipalidad,Urbano,Arteria Menor,State Highway Agency,0,Sin jurisdiccion especial,20,37.06903611,-94.47774167,Banqueta,El primer evento no fue una colision con un vehiculo automotor en transporte,Four-Way Intersection,Interseccion de 4 direcciones,Isla de trafico para peatones,Ninguna,Oscuro con iluminacion,Despejado,No,NO APLICA,99,98,99,98,1,07/01/2022,1
29,Missouri,290008,0,0,1,0,95,JACKSON (95),4120,KANSAS CITY,1,Enero,7,2022,12,3,TRUMAN RD,6,Calle Local Municipalidad,Urbano,Arteria Menor,City or Municipal Highway Agency,0,Sin jurisdiccion especial,20,39.09429444,-94.53918056,Soporte de Puente,El primer evento no fue una colision con un vehiculo automotor en transporte,Not an Intersection,No fue interseccion,Sobre el lado de la calle,Ninguna,Dia total,Despejado,No,NO APLICA,12,4,12,14,1,07/01/2022,3
29,Missouri,290009,0,0,2,0,37,CASS (37),0,NO APLICA,1,Enero,8,2022,9,44,SR-7,3,Highway estatal,Rural,Arteria Principal,State Highway Agency,1,Sin jurisdiccion especial,330,38.51725,-94.13072222,Vehiculo en movimiento,Angulo,Four-Way Intersection,Interseccion de 4 direcciones,Sobre calle,Ninguna,Dia total,Neblina o Humo,No,NO APLICA,9,46,9,52,1,08/01/2022,12
29,Missouri,290010,0,0,3,0,113,LINCOLN (113),0,NO APLICA,1,Enero,8,2022,17,37,SR-W,3,Highway estatal,Rural,Colector Mayor,State Highway Agency,0,Sin jurisdiccion especial,160,39.03488889,-90.86038889,Vehiculo en movimiento,Golpe Lateral - direccion contraria,Not an Intersection,No fue interseccion,Sobre calle,Ninguna,Oscuro sin iluminacion,Neblina o Humo,No,NO APLICA,17,41,17,53,1,08/01/2022,3
29,Missouri,290011,0,0,1,0,95,JACKSON (95),4120,KANSAS CITY,1,Enero,8,2022,2,36,155TH ST,6,Calle Local Municipalidad,Urbano,Colector Mayor,City or Municipal Highway Agency,0,Sin jurisdiccion especial,40,38.84028056,-94.45094167,Buzon de correo,El primer evento no fue una colision con un vehiculo automotor en transporte,Not an Intersection,No fue interseccion,Sobre el lado de la calle,Ninguna,Oscuro sin iluminacion,Despejado,No,NO APLICA,2,31,2,50,2,08/01/2022,2
29,Missouri,290012,0,0,1,0,510,ST. LOUIS (CITY) (510),7080,ST. LOUIS,1,Enero,8,2022,9,59,I-55,1,Interestatal,Urbano,Interestatal,State Highway Agency,1,Sin jurisdiccion especial,50,38.59225833,-90.21438889,Poste de Señal de trafico,El primer evento no fue una colision con un vehiculo automotor en transporte,Not an Intersection,No fue interseccion,Sobre el lado de la calle,Ninguna,Dia total,lluvia,No,NO APLICA,10,3,10,11,1,08/01/2022,3
29,Missouri,290013,0,0,2,0,95,JACKSON (95),4120,KANSAS CITY,1,Enero,8,2022,3,17,E 18TH ST,6,Calle Local Municipalidad,Urbano,Arteria Menor,City or Municipal Highway Agency,0,Sin jurisdiccion especial,20,39.09083056,-94.55179167,Vehiculo en movimiento,Angulo,Four-Way Intersection,Interseccion de 4 direcciones,Sobre calle,Ninguna,Oscuro con iluminacion,Nublado,No,NO APLICA,3,23,3,38,1,08/01/2022,4
29,Missouri,290014,0,0,2,0,21,BUCHANAN (21),0,NO APLICA,1,Enero,9,2022,0,51,I-29,1,Interestatal,Rural,Interestatal,State Highway Agency,1,Sin jurisdiccion especial,50,39.60627778,-94.78841667,Vehiculo en movimiento,Frente a frente,Not an Intersection,No fue interseccion,Sobre calle,Ninguna,Oscuro sin iluminacion,Nublado,No,NO APLICA,99,98,99,98,1,09/01/2022,3
29,Missouri,290015,1,1,1,0,27,CALLAWAY (27),2960,FULTON,1,Enero,10,2022,18,30,BLUFF ST,6,Calle Local Municipalidad,Urbano,Arteria Principal,City or Municipal Highway Agency,1,Sin jurisdiccion especial,40,38.86769722,-91.94378056,Peaton,El primer evento no fue una colision con un vehiculo automotor en transporte,Not an Intersection,No fue interseccion,Sobre calle,Ninguna,Oscuro con iluminacion,Despejado,No,NO APLICA,18,37,18,42,1,10/01/2022,1
29,Missouri,290016,0,0,2,0,189,ST LOUIS (189),2700,FERGUSON,1,Enero,10,2022,21,7,CHAMBERS RD,6,Calle Local Municipalidad,Urbano,Arteria Principal,City or Municipal Highway Agency,1,Sin jurisdiccion especial,0,38.74918611,-90.29954722,Vehiculo en movimiento,Frente a frente,Four-Way Intersection,Interseccion de 4 direcciones,Sobre calle,Ninguna,Oscuro con iluminacion,Despejado,No,NO APLICA,99,99,99,99,2,10/01/2022,4
29,Missouri,290017,0,0,1,0,175,RANDOLPH (175),0,NO APLICA,1,Enero,11,2022,9,45,CR-2795,4,Calle del Condado,Rural,Local,State Highway Agency,0,Sin jurisdiccion especial,10,39.27233333,-92.33197222,Vehiculo Ferrocarril,El primer evento no fue una colision con un vehiculo automotor en transporte,Not an Intersection,No fue interseccion,Sobre calle,Ninguna,Dia total,Despejado,No,483677X,9,57,10,19,2,11/01/2022,3
29,Missouri,290018,0,0,2,0,510,ST. LOUIS (CITY) (510),7080,ST. LOUIS,1,Enero,12,2022,10,14,WEST FLORISSANT AVE,6,Calle Local Municipalidad,Urbano,Arteria Menor,City or Municipal Highway Agency,0,Sin jurisdiccion especial,10,38.70671944,-90.24937222,Vehiculo en movimiento,Angulo,Four-Way Intersection,Interseccion de 4 direcciones,Sobre calle,Ninguna,Dia total,Despejado,No,NO APLICA,10,16,10,26,1,12/01/2022,2
29,Missouri,290019,1,1,1,0,47,CLAY (47),4570,LIBERTY,1,Enero,13,2022,22,15,I-35,1,Interestatal,Urbano,Interestatal,State Highway Agency,1,Sin jurisdiccion especial,140,39.27677222,-94.42492778,Peaton,El primer evento no fue una colision con un vehiculo automotor en transporte,Not an Intersection,No fue interseccion,Sobre calle,Ninguna,Oscuro sin iluminacion,Despejado,No,NO APLICA,99,98,99,98,1,13/01/2022,3
29,Missouri,290020,0,0,1,0,510,ST. LOUIS (CITY) (510),7080,ST. LOUIS,1,Enero,13,2022,9,58,SR-H,3,Highway estatal,Urbano,Arteria Principal,State Highway Agency,1,Sin jurisdiccion especial,50,38.72112222,-90.22615556,Muro,El primer evento no fue una colision con un vehiculo automotor en transporte,Not an Intersection,No fue interseccion,Fuera de la calle,Ninguna,Dia total,lluvia,No,NO APLICA,10,0,10,17,1,13/01/2022,1
29,Missouri,290021,1,1,1,0,510,ST. LOUIS (CITY) (510),7080,ST. LOUIS,1,Enero,13,2022,18,9,SR-366,3,Highway estatal,Urbano,Arteria Menor,State Highway Agency,0,Sin jurisdiccion especial,40,38.58899444,-90.25016944,Peaton,El primer evento no fue una colision con un vehiculo automotor en transporte,Not an Intersection,No fue interseccion,Sobre calle,Ninguna,Oscuro con iluminacion,Despejado,No,NO APLICA,18,7,18,11,1,13/01/2022,1
29,Missouri,290022,0,0,2,0,510,ST. LOUIS (CITY) (510),7080,ST. LOUIS,1,Enero,14,2022,17,30,GRAVOIS AVE,6,Calle Local Municipalidad,Urbano,Arteria Principal,City or Municipal Highway Agency,1,Sin jurisdiccion especial,0,38.56619167,-90.29100556,Vehiculo en movimiento,Frente a Detrás,Not an Intersection,No fue interseccion,Sobre calle,Ninguna,Oscuro con iluminacion,Despejado,No,NO APLICA,17,30,17,41,1,14/01/2022,2
29,Missouri,290023,0,0,2,0,93,IRON (93),0,NO APLICA,1,Enero,14,2022,14,22,CR-118,4,Calle del Condado,Rural,Local,County Highway Agency,0,Sin jurisdiccion especial,50,37.41983333,-90.71505556,Vehiculo en movimiento,Frente a frente,Not an Intersection,No fue interseccion,Sobre calle,Ninguna,Dia total,Nublado,No,NO APLICA,99,98,99,98,1,14/01/2022,2
29,Missouri,290024,0,0,2,0,21,BUCHANAN (21),7070,ST. JOSEPH,1,Enero,14,2022,19,58,US-169,2,US Highway,Urbano,Arteria Principal,State Highway Agency,1,Sin jurisdiccion especial,50,39.75188056,-94.80319167,Vehiculo en movimiento,Frente a frente,Not an Intersection,No fue interseccion,Sobre calle,Ninguna,Oscuro con iluminacion,Neblina o Humo,No,NO APLICA,99,99,99,99,1,14/01/2022,2
29,Missouri,290025,0,0,2,1,51,COLE (51),0,NO APLICA,1,Enero,15,2022,20,1,SR-C,3,Highway estatal,Rural,Arteria Menor,State Highway Agency,0,Sin jurisdiccion especial,10,38.50458056,-92.45699444,Poste de Señal de trafico,El primer evento no fue una colision con un vehiculo automotor en transporte,Not an Intersection,No fue interseccion,Sobre el lado de la calle,Ninguna,Oscuro sin iluminacion,Nublado,No,NO APLICA,99,99,99,99,1,15/01/2022,1
29,Missouri,290026,0,0,1,0,21,BUCHANAN (21),7070,ST. JOSEPH,1,Enero,17,2022,23,9,FARAON ST,6,Calle Local Municipalidad,Urbano,Arteria Menor,City or Municipal Highway Agency,0,Sin jurisdiccion especial,0,39.76925278,-94.81601667,Arbol,El primer evento no fue una colision con un vehiculo automotor en transporte,Not an Intersection,No fue interseccion,Sobre el lado de la calle,Ninguna,Oscuro sin iluminacion,Nublado,No,NO APLICA,23,10,23,20,1,17/01/2022,2
29,Missouri,290027,0,0,1,0,510,ST. LOUIS (CITY) (510),7080,ST. LOUIS,1,Enero,17,2022,11,24,LABADIE AVE,6,Calle Local Municipalidad,Urbano,Local,City or Municipal Highway Agency,0,Sin jurisdiccion especial,10,38.66125833,-90.23069722,Barda,El primer evento no fue una colision con un vehiculo automotor en transporte,Four-Way Intersection,Interseccion de 4 direcciones,Fuera de la calle,"Zona de trabajo, tipo desconocido",Dia total,Despejado,No,NO APLICA,99,99,99,99,1,17/01/2022,1
29,Missouri,290028,1,1,1,0,91,HOWELL (91),0,NO APLICA,1,Enero,18,2022,11,35,SR-76,3,Highway estatal,Rural,Colector Mayor,State Highway Agency,0,Sin jurisdiccion especial,60,36.98247222,-91.99677778,Peaton,El primer evento no fue una colision con un vehiculo automotor en transporte,Not an Intersection,No fue interseccion,Sobre calle,Ninguna,Dia total,Despejado,No,NO APLICA,11,39,11,44,1,18/01/2022,1
29,Missouri,290030,0,0,3,1,161,PHELPS (161),6910,ROLLA,1,Enero,18,2022,14,21,OLD SAINT JAMES RD,6,Calle Local Municipalidad,Urbano,Arteria Menor,City or Municipal Highway Agency,0,Sin jurisdiccion especial,10,37.96601111,-91.75713333,Vehiculo en movimiento,Angulo,Four-Way Intersection,Interseccion de 4 direcciones,Sobre calle,Ninguna,Dia total,Despejado,No,NO APLICA,14,24,14,27,1,18/01/2022,3
29,Missouri,290031,0,0,2,0,61,DAVIESS (61),0,NO APLICA,1,Enero,18,2022,7,35,US-69,2,US Highway,Rural,Colector Mayor,State Highway Agency,0,Sin jurisdiccion especial,230,39.84763889,-94.18136111,Vehiculo en movimiento,Angulo,Not an Intersection,No fue interseccion,Sobre calle,Ninguna,Dia total,Despejado,No,NO APLICA,7,35,7,49,1,18/01/2022,2
29,Missouri,290033,0,0,2,0,151,OSAGE (151),0,NO APLICA,1,Enero,21,2022,16,9,US-50,2,US Highway,Rural,Arteria Principal,State Highway Agency,1,Sin jurisdiccion especial,190,38.45111111,-91.68880556,Vehiculo en movimiento,Frente a frente,Not an Intersection,No fue interseccion,Sobre calle,Ninguna,Dia total,Despejado,No,NO APLICA,99,98,99,98,2,21/01/2022,2
29,Missouri,290034,0,0,1,0,39,CEDAR (39),0,NO APLICA,1,Enero,21,2022,15,29,US-54,2,US Highway,Rural,Arteria Principal,State Highway Agency,1,Sin jurisdiccion especial,40,37.86241667,-93.99338889,Arbol,El primer evento no fue una colision con un vehiculo automotor en transporte,Not an Intersection,No fue interseccion,Sobre el lado de la calle,Ninguna,Dia total,Despejado,No,NO APLICA,15,31,15,35,2,21/01/2022,2
29,Missouri,290035,0,0,1,0,95,JACKSON (95),4120,KANSAS CITY,1,Enero,21,2022,3,32,NICHOLSON AVE,6,Calle Local Municipalidad,Urbano,Local,City or Municipal Highway Agency,0,Sin jurisdiccion especial,0,39.117575,-94.56183333,Otro objeto (fijo),El primer evento no fue una colision con un vehiculo automotor en transporte,L-Intersection,Interseccion en L,Sobre el lado de la calle,Ninguna,Oscuro con iluminacion,Despejado,No,NO APLICA,99,98,99,98,1,21/01/2022,1
29,Missouri,290036,1,1,1,0,189,ST LOUIS (189),2700,FERGUSON,1,Enero,22,2022,21,52,WEST FLORISSANT AVE,6,Calle Local Municipalidad,Urbano,Arteria Principal,City or Municipal Highway Agency,0,Sin jurisdiccion especial,10,38.76447222,-90.28030556,Peaton,El primer evento no fue una colision con un vehiculo automotor en transporte,Not an Intersection,No fue interseccion,Sobre calle,Ninguna,Oscuro con iluminacion,Despejado,No,NO APLICA,99,98,99,98,1,22/01/2022,1
29,Missouri,290037,0,0,1,0,113,LINCOLN (113),0,NO APLICA,1,Enero,22,2022,16,56,LAKEWOOD TRL,8,Otro,Rural,Local,Private (other than Railroad),0,Sin jurisdiccion especial,10,38.97491667,-90.87516667,Volcadura,El primer evento no fue una colision con un vehiculo automotor en transporte,Not an Intersection,No fue interseccion,Sobre el lado de la calle,Ninguna,Dia total,Despejado,No,NO APLICA,99,98,99,98,1,22/01/2022,1
29,Missouri,290038,0,0,1,0,223,WAYNE (223),0,NO APLICA,1,Enero,22,2022,3,4,SR-34,3,Highway estatal,Rural,Arteria Principal,State Highway Agency,0,Sin jurisdiccion especial,60,37.09313889,-90.67705556,Arbol,El primer evento no fue una colision con un vehiculo automotor en transporte,Not an Intersection,No fue interseccion,Sobre el lado de la calle,Ninguna,Oscuro sin iluminacion,Despejado,No,NO APLICA,99,99,99,99,1,22/01/2022,1
29,Missouri,290039,1,1,1,0,95,JACKSON (95),4120,KANSAS CITY,1,Enero,22,2022,0,2,LINWOOD BLVD,6,Calle Local Municipalidad,Urbano,Arteria Menor,City or Municipal Highway Agency,0,Sin jurisdiccion especial,20,39.06792778,-94.54919444,Peaton,El primer evento no fue una colision con un vehiculo automotor en transporte,Not an Intersection,No fue interseccion,Sobre calle,Ninguna,Oscuro con iluminacion,Nublado,No,NO APLICA,0,4,0,9,1,22/01/2022,1
29,Missouri,290040,0,0,1,0,186,STE GENEVIEVE (186),0,NO APLICA,1,Enero,23,2022,22,23,SR-M,3,Highway estatal,Rural,Colector Mayor,State Highway Agency,0,Sin jurisdiccion especial,30,37.92202778,-90.05683333,Volcadura,El primer evento no fue una colision con un vehiculo automotor en transporte,Not an Intersection,No fue interseccion,Sobre el lado de la calle,Ninguna,Oscuro sin iluminacion,Despejado,No,NO APLICA,99,99,99,99,1,23/01/2022,1
29,Missouri,290041,1,1,1,0,47,CLAY (47),4120,KANSAS CITY,1,Enero,23,2022,2,3,I-435,1,Interestatal,Urbano,Interestatal,State Highway Agency,1,Sin jurisdiccion especial,130,39.19153611,-94.49288333,Peaton,El primer evento no fue una colision con un vehiculo automotor en transporte,Not an Intersection,No fue interseccion,Sobre calle,Ninguna,Oscuro sin iluminacion,Despejado,No,NO APLICA,2,3,2,8,1,23/01/2022,1
29,Missouri,290042,0,0,2,0,145,NEWTON (145),0,NO APLICA,1,Enero,24,2022,15,10,US-60,2,US Highway,Rural,Arteria Principal,State Highway Agency,1,Sin jurisdiccion especial,270,36.92026111,-94.19061111,Vehiculo en movimiento,Angulo,Four-Way Intersection,Interseccion de 4 direcciones,Sobre calle,Ninguna,Dia total,Despejado,No,NO APLICA,15,12,15,18,1,24/01/2022,2
29,Missouri,290043,0,0,1,0,189,ST LOUIS (189),3580,HAZELWOOD,1,Enero,24,2022,1,30,CR-CHARBONIER RD,4,Calle del Condado,Urbano,Arteria Menor,County Highway Agency,0,Sin jurisdiccion especial,0,38.81126667,-90.39535833,Poste,El primer evento no fue una colision con un vehiculo automotor en transporte,Not an Intersection,No fue interseccion,Sobre el lado de la calle,Ninguna,Oscuro sin iluminacion,Despejado,No,NO APLICA,2,39,2,50,1,24/01/2022,1
29,Missouri,290044,1,1,2,0,189,ST LOUIS (189),0,NO APLICA,1,Enero,25,2022,19,48,I-255,1,Interestatal,Urbano,Interestatal,State Highway Agency,1,Sin jurisdiccion especial,30,38.49277778,-90.29644444,Peaton,El primer evento no fue una colision con un vehiculo automotor en transporte,Not an Intersection,No fue interseccion,Sobre calle,Ninguna,Oscuro sin iluminacion,Despejado,No,NO APLICA,19,47,19,55,1,25/01/2022,3
29,Missouri,290045,0,0,1,0,131,MILLER (131),4327,LAKE OZARK,1,Enero,27,2022,8,56,US-54,2,US Highway,Rural,Arteria Principal,State Highway Agency,1,Sin jurisdiccion especial,20,38.20455278,-92.60624167,Arbol,El primer evento no fue una colision con un vehiculo automotor en transporte,Not an Intersection,No fue interseccion,Sobre el lado de la calle,Ninguna,Dia total,Despejado,No,NO APLICA,8,57,9,9,1,27/01/2022,1
29,Missouri,290046,0,0,2,1,47,CLAY (47),4120,KANSAS CITY,1,Enero,27,2022,2,52,N FRONTIER ST,6,Calle Local Municipalidad,Urbano,Local,City or Municipal Highway Agency,0,Sin jurisdiccion especial,0,39.18619444,-94.60116667,Barda,El primer evento no fue una colision con un vehiculo automotor en transporte,Not an Intersection,No fue interseccion,Fuera de la calle,Ninguna,Oscuro con iluminacion,Nublado,No,NO APLICA,1,54,2,5,1,27/01/2022,1
29,Missouri,290047,0,0,1,0,510,ST. LOUIS (CITY) (510),7080,ST. LOUIS,1,Enero,28,2022,15,9,LOUGHBOROUGH AVE,8,Otro,Trafficway Not in State Inventory,Via no en inventario estatal,Trafficway Not in State Inventory,0,Sin jurisdiccion especial,0,38.55636111,-90.26266667,Otra barrera de trafico,El primer evento no fue una colision con un vehiculo automotor en transporte,Not an Intersection,No fue interseccion,Sobre el lado de la calle,Ninguna,Dia total,Despejado,No,NO APLICA,14,57,15,7,2,28/01/2022,2
29,Missouri,290048,0,0,1,0,143,NEW MADRID (143),0,NO APLICA,1,Enero,28,2022,3,17,SR-P,3,Highway estatal,Rural,Colector Mayor,State Highway Agency,0,Sin jurisdiccion especial,0,36.6715,-89.55313889,Poste de Señal de trafico,El primer evento no fue una colision con un vehiculo automotor en transporte,T-Intersection,Interseccion de T,Sobre el lado de la calle,Ninguna,Oscuro sin iluminacion,Despejado,No,NO APLICA,3,15,3,28,1,28/01/2022,1
29,Missouri,290049,0,0,2,0,21,BUCHANAN (21),7070,ST. JOSEPH,1,Enero,30,2022,15,58,BELT HWY,6,Calle Local Municipalidad,Urbano,Arteria Principal,City or Municipal Highway Agency,1,Sin jurisdiccion especial,110,39.81103611,-94.814975,Vehiculo en movimiento,Angulo,Four-Way Intersection,Interseccion de 4 direcciones,Sobre calle,Ninguna,Dia total,Despejado,No,NO APLICA,16,0,16,9,1,30/01/2022,2
29,Missouri,290050,0,0,1,0,77,GREENE (77),7460,SPRINGFIELD,1,Enero,23,2022,14,55,US-65 RP 105434,2,US Highway,Urbano,Arterial Principal -Freeway o ExpressWay,State Highway Agency,1,Sin jurisdiccion especial,0,37.154925,-93.22486667,Muro,El primer evento no fue una colision con un vehiculo automotor en transporte,Not an Intersection,No fue interseccion,Sobre el lado de la calle,Ninguna,Dia total,Despejado,No,NO APLICA,14,58,15,6,1,23/01/2022,1
29,Missouri,290051,0,0,1,0,189,ST LOUIS (189),0,NO APLICA,1,Enero,12,2022,7,10,CR-EDGAR QUEENY PARK RD,4,Calle del Condado,Urbano,No reportado,County Highway Agency,0,Sin jurisdiccion especial,0,38.61082222,-90.48654444,Arbol,El primer evento no fue una colision con un vehiculo automotor en transporte,Not an Intersection,No fue interseccion,Sobre el lado de la calle,Ninguna,Dia total,Despejado,No,NO APLICA,7,15,7,22,1,12/01/2022,1
29,Missouri,290052,0,0,1,0,135,MONITEAU (135),0,NO APLICA,1,Enero,25,2022,0,7,US-50,2,US Highway,Rural,Arterial Principal -Freeway o ExpressWay,State Highway Agency,1,Sin jurisdiccion especial,10,38.60788333,-92.44774722,Volcadura,El primer evento no fue una colision con un vehiculo automotor en transporte,Not an Intersection,No fue interseccion,Sobre el lado de la calle,Ninguna,Oscuro sin iluminacion,Despejado,No,NO APLICA,0,21,0,36,2,25/01/2022,2
29,Missouri,290053,0,0,1,0,99,JEFFERSON (99),0,NO APLICA,2,Febrero,1,2022,19,10,FRANKS RD,6,Calle Local Municipalidad,Urbano,No reportado,State Highway Agency,0,Sin jurisdiccion especial,10,38.44586111,-90.57194444,Arbol,El primer evento no fue una colision con un vehiculo automotor en transporte,Not an Intersection,No fue interseccion,Sobre el lado de la calle,Ninguna,Oscuro sin iluminacion,lluvia,No,NO APLICA,18,41,18,44,1,01/02/2022,1
29,Missouri,290054,0,0,1,0,169,PULASKI (169),0,NO APLICA,2,Febrero,2,2022,14,36,SR-P,3,Highway estatal,Rural,Colector Mayor,State Highway Agency,0,Sin jurisdiccion especial,20,37.77015556,-92.29033056,Soporte de Puente,El primer evento no fue una colision con un vehiculo automotor en transporte,Not an Intersection,No fue interseccion,Sobre el lado de la calle,Ninguna,Dia total,Nieve,No,NO APLICA,99,98,99,98,1,02/02/2022,1
29,Missouri,290055,0,0,1,0,510,ST. LOUIS (CITY) (510),7080,ST. LOUIS,2,Febrero,2,2022,2,50,CHIPPEWA ST,6,Calle Local Municipalidad,Urbano,Local,City or Municipal Highway Agency,0,Sin jurisdiccion especial,50,38.58533611,-90.22070556,Arbol,El primer evento no fue una colision con un vehiculo automotor en transporte,T-Intersection,Interseccion de T,Sobre el lado de la calle,Ninguna,Oscuro con iluminacion,Granizo,No,NO APLICA,99,99,99,99,1,02/02/2022,1
29,Missouri,290056,1,1,1,0,97,JASPER (97),0,NO APLICA,2,Febrero,4,2022,18,19,CR-OAK RD,4,Calle del Condado,Rural,Colector Mayor,County Highway Agency,0,Sin jurisdiccion especial,10,37.276,-94.60380556,Vehiculo Ferrocarril,El primer evento no fue una colision con un vehiculo automotor en transporte,Not an Intersection,No fue interseccion,Sobre calle,Ninguna,Oscuro sin iluminacion,Despejado,No,330013L,99,98,99,98,1,04/02/2022,0
29,Missouri,290057,0,2,2,1,189,ST LOUIS (189),5035,MARYLAND HEIGHTS,2,Febrero,6,2022,1,30,I-270,1,Interestatal,Urbano,Interestatal,State Highway Agency,1,Sin jurisdiccion especial,180,38.70116667,-90.45052778,Vehiculo Aparcado,El primer evento no fue una colision con un vehiculo automotor en transporte,Not an Intersection,No fue interseccion,Sobre Acotamiento,Ninguna,Oscuro sin iluminacion,Despejado,No,NO APLICA,1,34,1,40,2,06/02/2022,3
29,Missouri,290058,0,0,1,0,43,CHRISTIAN (43),6020,OZARK,2,Febrero,7,2022,0,31,SR-14,3,Highway estatal,Urbano,Arteria Principal,State Highway Agency,1,Sin jurisdiccion especial,230,37.02398611,-93.24673056,Poste de Señal de trafico,El primer evento no fue una colision con un vehiculo automotor en transporte,Not an Intersection,No fue interseccion,Sobre el lado de la calle,Ninguna,Oscuro sin iluminacion,Despejado,No,NO APLICA,0,31,0,31,1,07/02/2022,1
29,Missouri,290059,0,0,2,0,141,MORGAN (141),0,NO APLICA,2,Febrero,7,2022,11,0,US-50,2,US Highway,Rural,Arteria Principal,State Highway Agency,1,Sin jurisdiccion especial,120,38.66905556,-92.84397222,Vehiculo en movimiento,Frente a frente,Not an Intersection,No fue interseccion,Sobre el lado de la calle,Ninguna,Dia total,Nublado,No,NO APLICA,11,39,12,0,1,07/02/2022,3