Estado,Nombre de Estado,Numero de Caso,Peatones,Personas _no_vehiculos,Vehiculos automotores,Vehiculos estacionados,Condado,Nombre Condado,Ciudad,Nombre Ciudad,Mes,Nombre Mes,Dia,Año,Hora,Minuto,Calle,Ruta,Nombre Ruta,Rural o Urbanoo,Sistema Funcional,Dueño Calle,Sistema Nacional Carreteras,Jurisdiccion Especial,Milla,Latitud,Longitud,Causa del Accidente,Tipo de Accidente,Tipo Interseccion,Columna1,Lugar en la calle,Zona de Trabajo,Luz,Clima,Autobus Escolar,Cruce de Trenes,Hora Notificacion,Minuto Notificacion,Hora Llegada,Minuto Llegada,Decesos,Fecha,PersonaVehiculo
29,Missouri,290060,0,0,1,0,133,MISSISSIPPI (133),1560,CHARLESTON,1,Enero,6,2022,10,53,SR-N,3,Highway estatal,Urbano,Colector Mayor,State Highway Agency,0,Sin jurisdiccion especial,50,36.92822222,-89.34983333,Otro objeto (fijo),El primer evento no fue una colision con un vehiculo automotor en transporte,Not an Intersection,No fue interseccion,Sobre el lado de la calle,Ninguna,Dia total,Nieve,No,NO APLICA,99,98,99,98,1,06/01/2022,2
29,Missouri,290061,0,0,2,0,77,GREENE (77),6710,REPUBLIC,1,Enero,28,2022,18,12,SR-ZZ,3,Highway estatal,Urbano,Colector Mayor,State Highway Agency,0,Sin jurisdiccion especial,10,37.12501667,-93.42059722,Vehiculo en movimiento,Angulo,Four-Way Intersection,Interseccion de 4 direcciones,Sobre calle,Ninguna,Oscuro sin iluminacion,Despejado,No,NO APLICA,18,15,18,21,1,28/01/2022,4
29,Missouri,290062,0,0,2,0,143,NEW MADRID (143),7310,SIKESTON,2,Febrero,7,2022,17,1,US-61,2,US Highway,Urbano,Arteria Menor,State Highway Agency,0,Sin jurisdiccion especial,0,36.86934722,-89.57943056,Vehiculo en movimiento,Angulo,T-Intersection,Interseccion de T,Sobre calle,Ninguna,Dia total,Despejado,No,NO APLICA,17,2,17,11,1,07/02/2022,5
29,Missouri,290063,0,0,3,0,37,CASS (37),0,NO APLICA,2,Febrero,7,2022,13,12,I-49,1,Interestatal,Urbano,Interestatal,State Highway Agency,1,Sin jurisdiccion especial,160,38.66283333,-94.37727778,Vehiculo en movimiento,Frente a frente,Not an Intersection,No fue interseccion,Sobre calle,Ninguna,Dia total,Nublado,No,NO APLICA,13,13,13,20,2,07/02/2022,3
29,Missouri,290064,0,0,1,0,215,TEXAS (215),0,NO APLICA,2,Febrero,7,2022,0,2,SR-U,3,Highway estatal,Rural,Colector Mayor,State Highway Agency,0,Sin jurisdiccion especial,20,37.13597222,-92.04833333,Animal vivo,El primer evento no fue una colision con un vehiculo automotor en transporte,Not an Intersection,No fue interseccion,Sobre calle,Ninguna,Oscuro sin iluminacion,Despejado,No,NO APLICA,0,20,0,32,1,07/02/2022,2
29,Missouri,290065,1,1,1,0,95,JACKSON (95),4120,KANSAS CITY,2,Febrero,11,2022,18,30,TROOST AVE,6,Calle Local Municipalidad,Urbano,Arteria Menor,City or Municipal Highway Agency,0,Sin jurisdiccion especial,100,38.96606389,-94.57686111,Peaton,El primer evento no fue una colision con un vehiculo automotor en transporte,Not an Intersection,No fue interseccion,Sobre calle,Ninguna,Oscuro con iluminacion,No reportado,No,NO APLICA,99,98,99,98,1,11/02/2022,1
29,Missouri,290066,0,0,2,0,95,JACKSON (95),4120,KANSAS CITY,2,Febrero,11,2022,1,42,SOUTHWEST TRFY,6,Calle Local Municipalidad,Urbano,Arteria Principal,City or Municipal Highway Agency,1,Sin jurisdiccion especial,0,39.05691944,-94.59537222,Vehiculo en movimiento,Angulo,Four-Way Intersection,Interseccion de 4 direcciones,Sobre calle,Ninguna,Oscuro con iluminacion,Despejado,No,NO APLICA,1,49,1,53,1,11/02/2022,3
29,Missouri,290067,0,0,1,0,47,CLAY (47),4120,KANSAS CITY,2,Febrero,11,2022,0,57,US-169,2,US Highway,Urbano,Arterial Principal -Freeway o ExpressWay,State Highway Agency,1,Sin jurisdiccion especial,90,39.2402,-94.59033611,Suelo,El primer evento no fue una colision con un vehiculo automotor en transporte,Not an Intersection,No fue interseccion,En el medio,Ninguna,Oscuro con iluminacion,Despejado,No,NO APLICA,0,58,1,3,1,11/02/2022,1
29,Missouri,290068,0,0,2,0,95,JACKSON (95),4120,KANSAS CITY,2,Febrero,11,2022,22,34,I-435,1,Interestatal,Urbano,Interestatal,State Highway Agency,1,Sin jurisdiccion especial,180,38.94045833,-94.57891667,Vehiculo en movimiento,Frente a Detrás,Not an Intersection,No fue interseccion,Sobre calle,Ninguna,Oscuro con iluminacion,Despejado,No,NO APLICA,22,38,22,54,1,11/02/2022,2
29,Missouri,290069,0,0,2,0,95,JACKSON (95),4120,KANSAS CITY,2,Febrero,11,2022,23,0,MICHIGAN AVE,6,Calle Local Municipalidad,Urbano,Local,City or Municipal Highway Agency,0,Sin jurisdiccion especial,0,39.05567222,-94.562,Vehiculo en movimiento,Angulo,Four-Way Intersection,Interseccion de 4 direcciones,Sobre calle,Ninguna,Oscuro con iluminacion,Despejado,No,NO APLICA,23,0,23,5,1,11/02/2022,3
29,Missouri,290071,0,0,2,0,510,ST. LOUIS (CITY) (510),7080,ST. LOUIS,2,Febrero,10,2022,10,23,4TH ST,6,Calle Local Municipalidad,Urbano,Arteria Principal,City or Municipal Highway Agency,1,Sin jurisdiccion especial,10,38.62224722,-90.18998611,Vehiculo en movimiento,Frente a Detrás,Not an Intersection,No fue interseccion,Sobre calle,Ninguna,Dia total,Despejado,No,NO APLICA,99,99,99,99,1,10/02/2022,2
29,Missouri,290072,0,0,1,0,187,ST FRANCOIS (187),6056,PARK HILLS,2,Febrero,11,2022,10,32,US-67,2,US Highway,Urbano,Arterial Principal -Freeway o ExpressWay,State Highway Agency,1,Sin jurisdiccion especial,150,37.8595,-90.48830556,Muro,El primer evento no fue una colision con un vehiculo automotor en transporte,Not an Intersection,No fue interseccion,Sobre el lado de la calle,Ninguna,Dia total,Nublado,No,NO APLICA,10,38,10,58,1,11/02/2022,1
29,Missouri,290073,0,0,1,0,187,ST FRANCOIS (187),0,NO APLICA,2,Febrero,13,2022,17,35,OSAGE DR,8,Otro,Rural,Local,Private (other than Railroad),0,Sin jurisdiccion especial,0,37.97172222,-90.34797222,Volcadura,El primer evento no fue una colision con un vehiculo automotor en transporte,Not an Intersection,No fue interseccion,Sobre calle,Ninguna,Dia total,Despejado,No,NO APLICA,17,33,17,50,1,13/02/2022,1
29,Missouri,290074,0,0,1,0,43,CHRISTIAN (43),730,BILLINGS,2,Febrero,13,2022,10,30,SR-14,3,Highway estatal,Rural,Arteria Menor,State Highway Agency,0,Sin jurisdiccion especial,60,37.03897222,-93.54041667,Volcadura,El primer evento no fue una colision con un vehiculo automotor en transporte,Not an Intersection,No fue interseccion,Sobre el lado de la calle,Ninguna,Dia total,Despejado,No,NO APLICA,10,39,10,51,1,13/02/2022,1
29,Missouri,290075,0,0,1,0,95,JACKSON (95),4120,KANSAS CITY,2,Febrero,13,2022,15,47,E 14TH ST,6,Calle Local Municipalidad,Urbano,Local,City or Municipal Highway Agency,0,Sin jurisdiccion especial,10,39.09459722,-94.50291389,Alguien se cayo/avento del vehiculo,El primer evento no fue una colision con un vehiculo automotor en transporte,Not an Intersection,No fue interseccion,Sobre calle,Ninguna,Dia total,Despejado,No,NO APLICA,15,48,15,52,1,13/02/2022,2
29,Missouri,290076,0,0,1,0,21,BUCHANAN (21),7070,ST. JOSEPH,2,Febrero,19,2022,16,27,FARM RD,8,Otro,Urbano,Local,Private (other than Railroad),0,Sin jurisdiccion especial,0,39.80465,-94.87400278,Vehiculo Ferrocarril,El primer evento no fue una colision con un vehiculo automotor en transporte,Not an Intersection,No fue interseccion,Sobre calle,Ninguna,Dia total,Despejado,No,Unknown,16,29,16,37,1,19/02/2022,2
29,Missouri,290077,0,0,2,0,165,PLATTE (165),0,NO APLICA,2,Febrero,20,2022,9,48,SR-92,3,Highway estatal,Rural,Arteria Principal,State Highway Agency,1,Sin jurisdiccion especial,160,39.36808333,-94.66566667,Vehiculo en movimiento,Frente a frente,Not an Intersection,No fue interseccion,Sobre calle,Ninguna,Dia total,Despejado,No,NO APLICA,10,0,10,15,2,20/02/2022,5
29,Missouri,290078,1,1,1,0,510,ST. LOUIS (CITY) (510),7080,ST. LOUIS,2,Febrero,20,2022,23,20,GOODFELLOW BLVD,6,Calle Local Municipalidad,Urbano,Arteria Menor,City or Municipal Highway Agency,0,Sin jurisdiccion especial,20,38.70425278,-90.26143611,Peaton,El primer evento no fue una colision con un vehiculo automotor en transporte,Not an Intersection,No fue interseccion,Sobre calle,Ninguna,Oscuro con iluminacion,Despejado,No,NO APLICA,99,99,99,99,1,20/02/2022,1
29,Missouri,290080,0,0,2,0,181,RIPLEY (181),0,NO APLICA,1,Enero,31,2022,16,30,SR-142,3,Highway estatal,Rural,Arteria Menor,State Highway Agency,0,Sin jurisdiccion especial,110,36.59311111,-90.93902778,Vehiculo en movimiento,Frente a frente,T-Intersection,Interseccion de T,Sobre calle,Ninguna,Dia total,Despejado,No,NO APLICA,99,99,99,99,1,31/01/2022,3
29,Missouri,290081,0,0,2,0,510,ST. LOUIS (CITY) (510),7080,ST. LOUIS,2,Febrero,2,2022,7,6,I-44,1,Interestatal,Urbano,Interestatal,State Highway Agency,1,Sin jurisdiccion especial,60,38.61429444,-90.22883056,Vehiculo en movimiento,Frente a Detrás,Not an Intersection,No fue interseccion,Sobre calle,Ninguna,Dia total,Nieve,No,NO APLICA,7,18,7,26,1,02/02/2022,3
29,Missouri,290082,1,1,1,0,27,CALLAWAY (27),4192,KINGDOM CITY,2,Febrero,9,2022,4,30,I-70,1,Interestatal,Rural,Interestatal,State Highway Agency,1,Sin jurisdiccion especial,120,38.94413889,-91.93525,Peaton,El primer evento no fue una colision con un vehiculo automotor en transporte,Not an Intersection,No fue interseccion,Sobre calle,Ninguna,Oscuro sin iluminacion,Despejado,No,NO APLICA,99,98,99,98,1,09/02/2022,1
29,Missouri,290083,0,0,1,0,95,JACKSON (95),4120,KANSAS CITY,2,Febrero,13,2022,22,52,E 43RD ST,6,Calle Local Municipalidad,Urbano,Colector Mayor,City or Municipal Highway Agency,0,Sin jurisdiccion especial,10,39.04825278,-94.55444167,Poste,El primer evento no fue una colision con un vehiculo automotor en transporte,Not an Intersection,No fue interseccion,Sobre el lado de la calle,Ninguna,Oscuro con iluminacion,Despejado,No,NO APLICA,22,53,23,2,1,13/02/2022,1
29,Missouri,290084,0,0,2,0,7,AUDRAIN (7),0,NO APLICA,2,Febrero,18,2022,12,45,US-54,2,US Highway,Rural,Arteria Principal,State Highway Agency,1,Sin jurisdiccion especial,250,39.25922222,-91.644875,Valla Ferrocarril,El primer evento no fue una colision con un vehiculo automotor en transporte,Not an Intersection,No fue interseccion,Sobre el lado de la calle,Ninguna,Dia total,Despejado,No,NO APLICA,12,44,12,57,1,18/02/2022,2
29,Missouri,290085,0,0,1,0,3,ANDREW (3),0,NO APLICA,2,Febrero,23,2022,5,59,US-71,2,US Highway,Rural,Arterial Principal -Freeway o ExpressWay,State Highway Agency,1,Sin jurisdiccion especial,120,39.97327778,-94.87441667,Volcadura,El primer evento no fue una colision con un vehiculo automotor en transporte,Not an Intersection,No fue interseccion,En el medio,Ninguna,Oscuro con iluminacion,Despejado,No,NO APLICA,6,5,6,12,1,23/02/2022,1
29,Missouri,290086,0,0,1,0,213,TANEY (213),0,NO APLICA,2,Febrero,20,2022,19,30,CR-STEHLE RD,4,Calle del Condado,Urbano,No reportado,County Highway Agency,0,Sin jurisdiccion especial,30,36.58809722,-92.78319444,Suelo,El primer evento no fue una colision con un vehiculo automotor en transporte,T-Intersection,Interseccion de T,Sobre el lado de la calle,Ninguna,Oscuro sin iluminacion,Despejado,No,NO APLICA,99,99,99,99,1,20/02/2022,1
29,Missouri,290087,0,0,1,0,95,JACKSON (95),4120,KANSAS CITY,2,Febrero,21,2022,21,57,SR-350,3,Highway estatal,Urbano,Arterial Principal -Freeway o ExpressWay,State Highway Agency,1,Sin jurisdiccion especial,10,39.01208889,-94.49199444,Valla Ferrocarril,El primer evento no fue una colision con un vehiculo automotor en transporte,Not an Intersection,No fue interseccion,En el medio,Ninguna,Oscuro sin iluminacion,Despejado,No,NO APLICA,99,98,99,98,1,21/02/2022,1
29,Missouri,290088,0,0,1,0,215,TEXAS (215),0,NO APLICA,2,Febrero,22,2022,13,45,CR-PUMP STATION RD,4,Calle del Condado,Rural,No reportado,County Highway Agency,0,Sin jurisdiccion especial,60,37.59363889,-92.14113889,Objeto aventado o caido,El primer evento no fue una colision con un vehiculo automotor en transporte,Not an Intersection,No fue interseccion,Sobre calle,Ninguna,Dia total,Nublado,No,NO APLICA,99,98,99,98,1,22/02/2022,1
29,Missouri,290090,0,0,1,0,141,MORGAN (141),0,NO APLICA,2,Febrero,12,2022,15,15,CR-SEALS RD,4,Calle del Condado,Rural,No reportado,County Highway Agency,0,Sin jurisdiccion especial,20,38.37046944,-92.80765,Volcadura,El primer evento no fue una colision con un vehiculo automotor en transporte,Not an Intersection,No fue interseccion,Sobre el lado de la calle,Ninguna,Dia total,Despejado,No,NO APLICA,99,98,99,98,1,12/02/2022,4
29,Missouri,290092,0,0,1,0,19,BOONE (19),0,NO APLICA,2,Febrero,24,2022,19,39,US-63,2,US Highway,Rural,Arterial Principal -Freeway o ExpressWay,State Highway Agency,1,Sin jurisdiccion especial,70,38.74938889,-92.25322222,Poste de Señal de trafico,El primer evento no fue una colision con un vehiculo automotor en transporte,Not an Intersection,No fue interseccion,En el medio,Ninguna,Oscuro sin iluminacion,Neblina o Humo,No,NO APLICA,99,98,99,98,1,24/02/2022,1
29,Missouri,290093,0,0,2,0,27,CALLAWAY (27),0,NO APLICA,2,Febrero,25,2022,0,59,I-70,1,Interestatal,Rural,Interestatal,State Highway Agency,1,Sin jurisdiccion especial,270,38.95369444,-92.12916667,Vehiculo en movimiento,Detrás a Lado. ,Not an Intersection,No fue interseccion,Sobre calle,Ninguna,Oscuro sin iluminacion,Despejado,No,NO APLICA,99,99,99,99,1,25/02/2022,2
29,Missouri,290094,0,0,1,0,1,ADAIR (1),0,NO APLICA,2,Febrero,25,2022,10,30,SR-11,3,Highway estatal,Rural,Colector Mayor,State Highway Agency,0,Sin jurisdiccion especial,250,40.12703333,-92.67881389,Volcadura,El primer evento no fue una colision con un vehiculo automotor en transporte,Not an Intersection,No fue interseccion,Sobre el lado de la calle,Ninguna,Dia total,Nublado,No,NO APLICA,10,43,10,58,1,25/02/2022,1
29,Missouri,290095,0,0,1,0,113,LINCOLN (113),0,NO APLICA,2,Febrero,28,2022,18,50,SR-MM,3,Highway estatal,Rural,Colector Menor,State Highway Agency,0,Sin jurisdiccion especial,20,38.92653611,-90.89433333,Acotamiento,El primer evento no fue una colision con un vehiculo automotor en transporte,Not an Intersection,No fue interseccion,Sobre el lado de la calle,Ninguna,Dia total,Despejado,No,NO APLICA,18,53,19,1,1,28/02/2022,1
29,Missouri,290096,0,0,1,0,95,JACKSON (95),4120,KANSAS CITY,3,Marzo,1,2022,11,30,I-435 RP 227598,1,Interestatal,Urbano,Interestatal,State Highway Agency,1,Sin jurisdiccion especial,0,39.12997222,-94.49835278,Volcadura,El primer evento no fue una colision con un vehiculo automotor en transporte,Y-Intersection,Interseccion de Y,Sobre calle,Ninguna,Dia total,Despejado,No,NO APLICA,11,32,11,43,2,01/03/2022,3
29,Missouri,290097,0,0,2,0,95,JACKSON (95),4120,KANSAS CITY,3,Marzo,3,2022,11,10,E 75TH ST,6,Calle Local Municipalidad,Urbano,Local,City or Municipal Highway Agency,0,Sin jurisdiccion especial,20,38.99065278,-94.55612778,Vehiculo en movimiento,Frente a frente,Four-Way Intersection,Interseccion de 4 direcciones,Sobre calle,"Zona de trabajo, tipo desconocido",Dia total,Despejado,No,NO APLICA,11,11,11,15,1,03/03/2022,2
29,Missouri,290098,0,0,1,0,221,WASHINGTON (221),0,NO APLICA,1,Enero,30,2022,2,20,SR-8,3,Highway estatal,Rural,Arteria Principal,State Highway Agency,1,Sin jurisdiccion especial,260,37.88163889,-90.665,Volcadura,El primer evento no fue una colision con un vehiculo automotor en transporte,Not an Intersection,No fue interseccion,Sobre el lado de la calle,Ninguna,Oscuro sin iluminacion,Despejado,No,NO APLICA,2,30,2,39,1,30/01/2022,2
29,Missouri,290099,1,1,1,0,186,STE GENEVIEVE (186),0,NO APLICA,2,Febrero,16,2022,18,5,SR-F,3,Highway estatal,Rural,Colector Mayor,State Highway Agency,0,Sin jurisdiccion especial,20,37.75958333,-90.29408333,Peaton,El primer evento no fue una colision con un vehiculo automotor en transporte,Not an Intersection,No fue interseccion,Sobre calle,Ninguna,Dia total,Nublado,No,NO APLICA,99,98,99,98,1,16/02/2022,1
29,Missouri,290100,0,0,1,0,31,CAPE GIRARDEAU (31),0,NO APLICA,2,Febrero,19,2022,16,23,US-61,2,US Highway,Rural,Colector Mayor,State Highway Agency,0,Sin jurisdiccion especial,30,37.55788889,-89.69130556,Acotamiento,El primer evento no fue una colision con un vehiculo automotor en transporte,Not an Intersection,No fue interseccion,Sobre el lado de la calle,Ninguna,Dia total,Despejado,No,NO APLICA,16,31,16,58,1,19/02/2022,1
29,Missouri,290101,0,0,1,0,27,CALLAWAY (27),3781,HOLTS SUMMIT,2,Febrero,20,2022,17,7,PERREY DR,6,Calle Local Municipalidad,Urbano,Local,City or Municipal Highway Agency,0,Sin jurisdiccion especial,0,38.64475,-92.11921944,Alguien se cayo/avento del vehiculo,El primer evento no fue una colision con un vehiculo automotor en transporte,Not an Intersection,No fue interseccion,Sobre calle,Ninguna,Dia total,Despejado,No,NO APLICA,17,9,17,16,1,20/02/2022,1
29,Missouri,290102,0,0,3,0,95,JACKSON (95),3940,INDEPENDENCE,2,Febrero,27,2022,20,16,I-70,1,Interestatal,Urbano,Interestatal,State Highway Agency,1,Sin jurisdiccion especial,130,39.03931111,-94.34323611,Vehiculo en movimiento,Frente a Detrás,Not an Intersection,No fue interseccion,Sobre calle,Ninguna,Oscuro sin iluminacion,Despejado,No,NO APLICA,19,25,19,35,1,27/02/2022,6
29,Missouri,290103,0,0,1,0,127,MARION (127),3470,HANNIBAL,1,Enero,10,2022,13,50,SR-79,3,Highway estatal,Urbano,Arteria Menor,State Highway Agency,0,Sin jurisdiccion especial,20,39.70509167,-91.354,Arbol,El primer evento no fue una colision con un vehiculo automotor en transporte,Not an Intersection,No fue interseccion,Sobre el lado de la calle,Ninguna,Dia total,Despejado,No,NO APLICA,13,51,13,56,1,10/01/2022,1
29,Missouri,290104,1,1,1,0,37,CASS (37),0,NO APLICA,2,Febrero,19,2022,22,26,SR-7,3,Highway estatal,Rural,Arterial Principal -Freeway o ExpressWay,State Highway Agency,1,Sin jurisdiccion especial,170,38.6155,-94.32916667,Peaton,El primer evento no fue una colision con un vehiculo automotor en transporte,Not an Intersection,No fue interseccion,Sobre calle,Ninguna,Oscuro sin iluminacion,Despejado,No,NO APLICA,99,99,99,99,1,19/02/2022,1
29,Missouri,290105,0,0,1,0,71,FRANKLIN (71),0,NO APLICA,2,Febrero,24,2022,14,37,I-44,1,Interestatal,Urbano,Interestatal,State Highway Agency,1,Sin jurisdiccion especial,40,38.48719444,-90.80808333,Barrera de Trafico de Concreto,El primer evento no fue una colision con un vehiculo automotor en transporte,Not an Intersection,No fue interseccion,En el medio,Ninguna,Dia total,Nublado,No,NO APLICA,14,38,14,50,1,24/02/2022,2
29,Missouri,290106,0,0,1,0,161,PHELPS (161),6910,ROLLA,2,Febrero,24,2022,15,55,I-44,1,Interestatal,Urbano,Interestatal,State Highway Agency,1,Sin jurisdiccion especial,160,37.94483333,-91.79161111,Fin de valla,El primer evento no fue una colision con un vehiculo automotor en transporte,Not an Intersection,No fue interseccion,Sobre el lado de la calle,Ninguna,Dia total,Nublado,No,NO APLICA,15,56,16,2,1,24/02/2022,1
29,Missouri,290107,1,1,1,0,71,FRANKLIN (71),7020,ST. CLAIR,2,Febrero,18,2022,21,9,I-44,1,Interestatal,Urbano,Interestatal,State Highway Agency,1,Sin jurisdiccion especial,190,38.34741667,-90.99072222,Peaton,El primer evento no fue una colision con un vehiculo automotor en transporte,Not an Intersection,No fue interseccion,Sobre calle,Ninguna,Oscuro sin iluminacion,Despejado,No,NO APLICA,99,99,99,99,1,18/02/2022,1
29,Missouri,290108,0,0,1,0,29,CAMDEN (29),0,NO APLICA,1,Enero,28,2022,14,24,SR-TT,3,Highway estatal,Rural,Colector Mayor,State Highway Agency,0,Sin jurisdiccion especial,20,38.16502778,-92.73752778,Arbol,El primer evento no fue una colision con un vehiculo automotor en transporte,Not an Intersection,No fue interseccion,Sobre el lado de la calle,Ninguna,Dia total,Despejado,No,NO APLICA,14,39,14,46,1,28/01/2022,2
29,Missouri,290109,0,0,2,0,139,MONTGOMERY (139),0,NO APLICA,3,Marzo,1,2022,21,30,I-70,1,Interestatal,Rural,Interestatal,State Highway Agency,1,Sin jurisdiccion especial,20,38.89541667,-91.60986111,Vehiculo en movimiento,Frente a Detrás,Not an Intersection,No fue interseccion,Sobre calle,Ninguna,Oscuro sin iluminacion,Nublado,No,NO APLICA,21,32,21,41,1,01/03/2022,2
29,Missouri,290110,0,0,2,0,19,BOONE (19),1800,COLUMBIA,1,Enero,27,2022,21,59,I-70,1,Interestatal,Urbano,Interestatal,State Highway Agency,1,Sin jurisdiccion especial,150,38.96089722,-92.27349722,Vehiculo en movimiento,Frente a Detrás,Not an Intersection,No fue interseccion,Sobre calle,Ninguna,Oscuro sin iluminacion,Despejado,No,NO APLICA,22,25,22,32,1,27/01/2022,4
29,Missouri,290111,0,0,3,0,77,GREENE (77),6710,REPUBLIC,2,Febrero,16,2022,17,32,SR-MM,3,Highway estatal,Rural,Arteria Menor,State Highway Agency,0,Sin jurisdiccion especial,30,37.15573889,-93.42446667,Vehiculo en movimiento,Frente a frente,Not an Intersection,No fue interseccion,Sobre calle,Ninguna,Dia total,Nublado,No,NO APLICA,17,35,17,45,1,16/02/2022,3
29,Missouri,290112,0,0,2,0,77,GREENE (77),7460,SPRINGFIELD,3,Marzo,2,2022,12,39,KEARNEY ST,6,Calle Local Municipalidad,Urbano,Arteria Principal,City or Municipal Highway Agency,1,Sin jurisdiccion especial,70,37.23991111,-93.25689444,Volcadura,El primer evento no fue una colision con un vehiculo automotor en transporte,Not an Intersection,No fue interseccion,Sobre calle,Ninguna,Dia total,Despejado,No,NO APLICA,12,41,12,42,1,02/03/2022,2
29,Missouri,290113,0,0,1,0,95,JACKSON (95),4120,KANSAS CITY,3,Marzo,8,2022,23,39,PENN VALLEY DR,6,Calle Local Municipalidad,Urbano,Arteria Menor,City or Municipal Highway Agency,0,Sin jurisdiccion especial,0,39.08030278,-94.59173333,Volcadura,El primer evento no fue una colision con un vehiculo automotor en transporte,Y-Intersection,Interseccion de Y,En el medio,Ninguna,Oscuro con iluminacion,Nublado,No,NO APLICA,23,51,23,57,1,08/03/2022,1
29,Missouri,290114,0,0,1,0,19,BOONE (19),1800,COLUMBIA,1,Enero,3,2022,22,25,ROCK QUARRY RD,6,Calle Local Municipalidad,Urbano,Colector Mayor,City or Municipal Highway Agency,0,Sin jurisdiccion especial,10,38.92326389,-92.31806944,Arbol,El primer evento no fue una colision con un vehiculo automotor en transporte,Not an Intersection,No fue interseccion,Sobre el lado de la calle,Ninguna,Oscuro sin iluminacion,No reportado,No,NO APLICA,22,27,22,31,1,03/01/2022,1
29,Missouri,290115,0,0,1,0,209,STONE (209),0,NO APLICA,2,Febrero,18,2022,20,18,SR-Y,3,Highway estatal,Rural,Colector Mayor,State Highway Agency,0,Sin jurisdiccion especial,40,36.70091667,-93.46894444,Suelo,El primer evento no fue una colision con un vehiculo automotor en transporte,Not an Intersection,No fue interseccion,Sobre el lado de la calle,Ninguna,Oscuro sin iluminacion,Despejado,No,NO APLICA,20,19,20,37,1,18/02/2022,1
29,Missouri,290116,0,0,3,0,95,JACKSON (95),4120,KANSAS CITY,3,Marzo,4,2022,14,32,I-70,1,Interestatal,Urbano,Interestatal,State Highway Agency,1,Sin jurisdiccion especial,200,39.05601389,-94.48322778,Volcadura,El primer evento no fue una colision con un vehiculo automotor en transporte,Not an Intersection,No fue interseccion,Sobre calle,Ninguna,Dia total,Nublado,No,NO APLICA,14,34,14,41,1,04/03/2022,2
29,Missouri,290117,0,0,2,0,95,JACKSON (95),4120,KANSAS CITY,3,Marzo,5,2022,21,27,67TH TERR,6,Calle Local Municipalidad,Urbano,Local,City or Municipal Highway Agency,0,Sin jurisdiccion especial,0,39.00673611,-94.60253333,Vehiculo en movimiento,Angulo,Four-Way Intersection,Interseccion de 4 direcciones,Sobre calle,Ninguna,Oscuro con iluminacion,Despejado,No,NO APLICA,21,28,21,45,1,05/03/2022,8
29,Missouri,290118,0,0,2,0,187,ST FRANCOIS (187),0,NO APLICA,2,Febrero,18,2022,17,30,CR-HILLSBORO RD,4,Calle del Condado,Rural,Local,County Highway Agency,0,Sin jurisdiccion especial,60,37.86047222,-90.45761111,Vehiculo en movimiento,Frente a frente,Not Reported,No reportado,Sobre calle,Ninguna,Dia total,Despejado,No,NO APLICA,17,33,17,38,1,18/02/2022,2
29,Missouri,290119,0,0,2,0,187,ST FRANCOIS (187),2670,FARMINGTON,2,Febrero,21,2022,18,40,SR-32,3,Highway estatal,Urbano,Arteria Principal,State Highway Agency,1,Sin jurisdiccion especial,160,37.78855556,-90.428,Vehiculo en movimiento,Angulo,Not an Intersection,No fue interseccion,Sobre calle,Ninguna,Oscuro con iluminacion,lluvia,No,NO APLICA,18,43,18,48,1,21/02/2022,3
29,Missouri,290120,0,0,1,0,99,JEFFERSON (99),0,NO APLICA,3,Marzo,3,2022,6,27,SR-21,3,Highway estatal,Rural,Arteria Principal,State Highway Agency,0,Sin jurisdiccion especial,290,38.11825,-90.59041667,Suelo,El primer evento no fue una colision con un vehiculo automotor en transporte,Not an Intersection,No fue interseccion,Sobre el lado de la calle,Ninguna,Dia total,Despejado,No,NO APLICA,6,29,6,37,1,03/03/2022,1
29,Missouri,290121,0,0,2,0,145,NEWTON (145),0,NO APLICA,3,Marzo,6,2022,16,0,CR-COYOTE DR,4,Calle del Condado,Urbano,Arteria Menor,County Highway Agency,0,Sin jurisdiccion especial,30,37.01794444,-94.54622222,Vehiculo en movimiento,Angulo,Not an Intersection,No fue interseccion,Sobre calle,Ninguna,Dia total,lluvia,No,NO APLICA,16,10,16,20,1,06/03/2022,3
29,Missouri,290122,0,0,2,0,189,ST LOUIS (189),2780,FLORISSANT,3,Marzo,6,2022,0,35,SR-AC,3,Highway estatal,Urbano,Arteria Principal,State Highway Agency,1,Sin jurisdiccion especial,0,38.802875,-90.29488889,Vehiculo en movimiento,Frente a frente,Not an Intersection,No fue interseccion,Sobre calle,Ninguna,Oscuro sin iluminacion,Despejado,No,NO APLICA,0,36,0,44,1,06/03/2022,2
29,Missouri,290123,1,1,1,0,161,PHELPS (161),0,NO APLICA,2,Febrero,20,2022,6,0,I-44,1,Interestatal,Rural,Interestatal,State Highway Agency,1,Sin jurisdiccion especial,50,37.91625,-91.97125,Peaton,El primer evento no fue una colision con un vehiculo automotor en transporte,Not an Intersection,No fue interseccion,Sobre calle,Ninguna,Oscuro sin iluminacion,Despejado,No,NO APLICA,99,98,99,98,1,20/02/2022,1