Estado,Nombre de Estado,Numero de Caso,Peatones,Personas _no_vehiculos,Vehiculos automotores,Vehiculos estacionados,Condado,Nombre Condado,Ciudad,Nombre Ciudad,Mes,Nombre Mes,Dia,Año,Hora,Minuto,Calle,Ruta,Nombre Ruta,Rural o Urbanoo,Sistema Funcional,Dueño Calle,Sistema Nacional Carreteras,Jurisdiccion Especial,Milla,Latitud,Longitud,Causa del Accidente,Tipo de Accidente,Tipo Interseccion,Columna1,Lugar en la calle,Zona de Trabajo,Luz,Clima,Autobus Escolar,Cruce de Trenes,Hora Notificacion,Minuto Notificacion,Hora Llegada,Minuto Llegada,Decesos,Fecha,PersonaVehiculo
29,Missouri,290124,1,1,1,0,43,CHRISTIAN (43),0,NO APLICA,2,Febrero,8,2022,15,30,CR-MYRON WHITE AVE,4,Calle del Condado,Rural,Local,County Highway Agency,0,Sin jurisdiccion especial,10,36.94305556,-93.26708333,Peaton,El primer evento no fue una colision con un vehiculo automotor en transporte,Not an Intersection,No fue interseccion,Sobre calle,Ninguna,Dia total,Despejado,No,NO APLICA,99,99,99,99,1,08/02/2022,1
29,Missouri,290126,0,0,2,0,99,JEFFERSON (99),0,NO APLICA,2,Febrero,21,2022,21,27,SR-21,3,Highway estatal,Urbano,Arteria Principal,State Highway Agency,1,Sin jurisdiccion especial,100,38.348,-90.50552778,Vehiculo en movimiento,Frente a frente,Not an Intersection,No fue interseccion,Sobre calle,Ninguna,Oscuro sin iluminacion,Nublado,No,NO APLICA,21,27,21,37,1,21/02/2022,3
29,Missouri,290127,0,0,1,0,109,LAWRENCE (109),0,NO APLICA,2,Febrero,28,2022,1,49,CR-1110,4,Calle del Condado,Rural,Local,County Highway Agency,0,Sin jurisdiccion especial,30,37.23019444,-93.85630556,Volcadura,El primer evento no fue una colision con un vehiculo automotor en transporte,Not an Intersection,No fue interseccion,Sobre el lado de la calle,Ninguna,Oscuro sin iluminacion,Despejado,No,NO APLICA,1,44,2,3,1,28/02/2022,2
29,Missouri,290128,0,0,2,0,187,ST FRANCOIS (187),0,NO APLICA,3,Marzo,2,2022,5,50,US-67,2,US Highway,Rural,Arteria Principal,State Highway Agency,1,Sin jurisdiccion especial,240,37.73847222,-90.4375,Vehiculo en movimiento,Angulo,Four-Way Intersection,Interseccion de 4 direcciones,Sobre calle,Ninguna,Oscuro sin iluminacion,Despejado,No,NO APLICA,5,54,6,26,1,02/03/2022,3
29,Missouri,290130,0,0,2,0,189,ST LOUIS (189),2700,FERGUSON,3,Marzo,11,2022,14,7,CR-CHAMBERS RD,4,Calle del Condado,Urbano,Arteria Principal,County Highway Agency,1,Sin jurisdiccion especial,10,38.74938889,-90.28771667,Vehiculo en movimiento,Angulo,Four-Way Intersection,Interseccion de 4 direcciones,Sobre calle,Ninguna,Dia total,Despejado,No,NO APLICA,14,10,14,13,1,11/03/2022,5
29,Missouri,290131,1,1,1,0,95,JACKSON (95),4120,KANSAS CITY,3,Marzo,15,2022,20,32,BROADWAY BLVD,6,Calle Local Municipalidad,Urbano,Arteria Menor,City or Municipal Highway Agency,0,Sin jurisdiccion especial,0,39.06701111,-94.59013333,Peaton,El primer evento no fue una colision con un vehiculo automotor en transporte,Not an Intersection,No fue interseccion,Sobre calle,Ninguna,Oscuro con iluminacion,Despejado,No,NO APLICA,20,35,20,40,1,15/03/2022,1
29,Missouri,290132,0,0,1,0,95,JACKSON (95),4120,KANSAS CITY,3,Marzo,16,2022,18,36,I-435,1,Interestatal,Urbano,Interestatal,State Highway Agency,1,Sin jurisdiccion especial,120,39.04968889,-94.49938889,Volcadura,El primer evento no fue una colision con un vehiculo automotor en transporte,Not an Intersection,No fue interseccion,En el medio,Ninguna,Dia total,Despejado,No,NO APLICA,18,39,18,47,1,16/03/2022,1
29,Missouri,290133,0,0,2,0,27,CALLAWAY (27),3781,HOLTS SUMMIT,3,Marzo,2,2022,21,40,US-54,2,US Highway,Urbano,Arterial Principal -Freeway o ExpressWay,State Highway Agency,1,Sin jurisdiccion especial,320,38.65777778,-92.10963889,Vehiculo en movimiento,Frente a Detrás,Not an Intersection,No fue interseccion,Sobre calle,Ninguna,Oscuro sin iluminacion,Despejado,No,NO APLICA,21,43,21,48,1,02/03/2022,6
29,Missouri,290134,0,0,2,0,189,ST LOUIS (189),7300,SHREWSBURY,3,Marzo,5,2022,3,47,I-44,1,Interestatal,Urbano,Interestatal,State Highway Agency,1,Sin jurisdiccion especial,0,38.59513889,-90.32416667,Vehiculo en movimiento,Frente a frente,Not an Intersection,No fue interseccion,Sobre calle,Ninguna,Oscuro sin iluminacion,Nublado,No,NO APLICA,99,99,99,99,1,05/03/2022,2
29,Missouri,290135,0,0,1,0,73,GASCONADE (73),0,NO APLICA,3,Marzo,10,2022,11,40,SR-100,3,Highway estatal,Rural,Colector Mayor,State Highway Agency,0,Sin jurisdiccion especial,120,38.66858333,-91.48036111,Culvert,El primer evento no fue una colision con un vehiculo automotor en transporte,Not an Intersection,No fue interseccion,Sobre el lado de la calle,Ninguna,Dia total,Nublado,No,NO APLICA,11,49,11,54,1,10/03/2022,1
29,Missouri,290136,0,0,1,0,165,PLATTE (165),4120,KANSAS CITY,3,Marzo,11,2022,4,6,I-435,1,Interestatal,Urbano,Interestatal,State Highway Agency,1,Sin jurisdiccion especial,20,39.30765833,-94.64301111,Volcadura,El primer evento no fue una colision con un vehiculo automotor en transporte,Not an Intersection,No fue interseccion,Sobre el lado de la calle,Ninguna,Oscuro con iluminacion,No reportado,No,NO APLICA,4,9,4,18,1,11/03/2022,4
29,Missouri,290137,0,0,1,0,215,TEXAS (215),0,NO APLICA,3,Marzo,11,2022,9,30,US-63,2,US Highway,Rural,Arteria Principal,State Highway Agency,1,Sin jurisdiccion especial,170,37.36508333,-91.91272222,Volcadura,El primer evento no fue una colision con un vehiculo automotor en transporte,Not an Intersection,No fue interseccion,Sobre el lado de la calle,Ninguna,Dia total,Nieve,No,NO APLICA,9,37,9,45,1,11/03/2022,1
29,Missouri,290138,0,0,1,0,107,LAFAYETTE (107),0,NO APLICA,3,Marzo,15,2022,14,10,CR-ODESSA CEMETERY RD,4,Calle del Condado,Rural,No reportado,County Highway Agency,0,Sin jurisdiccion especial,0,39.003,-93.92552778,Acotamiento,El primer evento no fue una colision con un vehiculo automotor en transporte,Not an Intersection,No fue interseccion,Sobre el lado de la calle,Ninguna,Dia total,Despejado,No,NO APLICA,99,99,99,99,1,15/03/2022,1
29,Missouri,290139,0,0,1,0,165,PLATTE (165),4120,KANSAS CITY,1,Enero,4,2022,17,46,N STRATHBURY AVE,6,Calle Local Municipalidad,Urbano,No reportado,City or Municipal Highway Agency,0,Sin jurisdiccion especial,0,39.23687222,-94.63033889,Arbol,El primer evento no fue una colision con un vehiculo automotor en transporte,Not an Intersection,No fue interseccion,Sobre el lado de la calle,Ninguna,Oscuro con iluminacion,Despejado,No,NO APLICA,17,46,18,8,1,04/01/2022,2
29,Missouri,290140,0,0,1,0,229,WRIGHT (229),0,NO APLICA,1,Enero,10,2022,12,30,SR-5,3,Highway estatal,Rural,Arteria Menor,State Highway Agency,0,Sin jurisdiccion especial,50,37.40733333,-92.60122222,Culvert,El primer evento no fue una colision con un vehiculo automotor en transporte,Not an Intersection,No fue interseccion,Sobre el lado de la calle,Ninguna,Dia total,Despejado,No,NO APLICA,12,33,13,1,1,10/01/2022,1
29,Missouri,290141,0,0,2,0,119,MCDONALD (119),4024,JANE,2,Febrero,10,2022,8,0,US-71,2,US Highway,Rural,Arteria Principal,State Highway Agency,1,Sin jurisdiccion especial,30,36.53102778,-94.29652778,Vehiculo en movimiento,Angulo,Four-Way Intersection,Interseccion de 4 direcciones,Sobre calle,Ninguna,Dia total,Nublado,No,NO APLICA,8,6,8,19,1,10/02/2022,2
29,Missouri,290142,0,0,1,0,31,CAPE GIRARDEAU (31),0,NO APLICA,3,Marzo,8,2022,18,30,CR-616,4,Calle del Condado,Rural,No reportado,County Highway Agency,0,Sin jurisdiccion especial,20,37.39363889,-89.60519444,Volcadura,El primer evento no fue una colision con un vehiculo automotor en transporte,Not an Intersection,No fue interseccion,Sobre el lado de la calle,Ninguna,Oscuro sin iluminacion,Despejado,No,NO APLICA,99,98,99,98,1,08/03/2022,1
29,Missouri,290143,0,0,1,0,95,JACKSON (95),0,NO APLICA,3,Marzo,9,2022,9,39,CR-BOSWELL RD,4,Calle del Condado,Rural,No reportado,County Highway Agency,0,Sin jurisdiccion especial,10,38.85155556,-94.11944444,Zanja,El primer evento no fue una colision con un vehiculo automotor en transporte,Not an Intersection,No fue interseccion,Sobre el lado de la calle,Ninguna,Dia total,Despejado,No,NO APLICA,9,40,9,47,1,09/03/2022,1
29,Missouri,290145,0,0,2,0,510,ST. LOUIS (CITY) (510),7080,ST. LOUIS,3,Marzo,17,2022,23,53,I-55,1,Interestatal,Urbano,Interestatal,State Highway Agency,1,Sin jurisdiccion especial,80,38.57743889,-90.23006389,Vehiculo en movimiento,Reportado como desconocido,Not an Intersection,No fue interseccion,Sobre calle,Ninguna,Oscuro con iluminacion,Despejado,No,NO APLICA,23,41,23,51,1,17/03/2022,5
29,Missouri,290146,0,0,2,0,510,ST. LOUIS (CITY) (510),7080,ST. LOUIS,3,Marzo,20,2022,23,53,FLORISSANT AVE,6,Calle Local Municipalidad,Urbano,Arteria Menor,City or Municipal Highway Agency,0,Sin jurisdiccion especial,10,38.66156389,-90.20609444,Vehiculo en movimiento,Angulo,Four-Way Intersection,Interseccion de 4 direcciones,Sobre calle,Ninguna,Oscuro con iluminacion,Despejado,No,NO APLICA,23,11,23,17,1,20/03/2022,3
29,Missouri,290147,0,0,1,0,97,JASPER (97),4100,JOPLIN,3,Marzo,20,2022,3,4,SR-171,3,Highway estatal,Urbano,Arteria Principal,State Highway Agency,1,Sin jurisdiccion especial,160,37.14218056,-94.49271944,Poste,El primer evento no fue una colision con un vehiculo automotor en transporte,T-Intersection,Interseccion de T,Sobre el lado de la calle,Ninguna,Oscuro con iluminacion,Despejado,No,NO APLICA,3,2,3,7,1,20/03/2022,1
29,Missouri,290148,1,1,1,0,183,ST. CHARLES (183),8286,WEST ALTON,2,Febrero,27,2022,21,30,US-67,2,US Highway,Rural,Arteria Principal,State Highway Agency,0,Servicio de Parques Nacional,30,38.85986111,-90.22497222,Peaton,El primer evento no fue una colision con un vehiculo automotor en transporte,Not an Intersection,No fue interseccion,Sobre calle,Ninguna,Oscuro con iluminacion,Despejado,No,NO APLICA,21,33,21,49,1,27/02/2022,3
29,Missouri,290149,0,0,1,0,217,VERNON (217),0,NO APLICA,3,Marzo,20,2022,16,30,I-49,1,Interestatal,Rural,Interestatal,State Highway Agency,1,Sin jurisdiccion especial,290,38.04655556,-94.36094444,Valla Ferrocarril,El primer evento no fue una colision con un vehiculo automotor en transporte,Not an Intersection,No fue interseccion,En el medio,Ninguna,Dia total,Despejado,No,NO APLICA,16,36,16,49,1,20/03/2022,1
29,Missouri,290150,0,0,1,0,215,TEXAS (215),0,NO APLICA,3,Marzo,5,2022,14,55,SR-17,3,Highway estatal,Rural,Arteria Menor,State Highway Agency,0,Sin jurisdiccion especial,570,37.16763889,-91.65447222,Volcadura,El primer evento no fue una colision con un vehiculo automotor en transporte,Not an Intersection,No fue interseccion,Sobre calle,Ninguna,Dia total,Nublado,No,NO APLICA,14,59,15,1,1,05/03/2022,3
29,Missouri,290151,1,1,1,0,189,ST LOUIS (189),0,NO APLICA,3,Marzo,18,2022,3,45,I-44,1,Interestatal,Rural,Interestatal,State Highway Agency,1,Sin jurisdiccion especial,120,38.52822222,-90.53422222,Peaton,El primer evento no fue una colision con un vehiculo automotor en transporte,Not an Intersection,No fue interseccion,Sobre calle,Ninguna,Oscuro sin iluminacion,lluvia,No,NO APLICA,3,53,4,3,1,18/03/2022,2
29,Missouri,290152,0,0,1,0,119,MCDONALD (119),0,NO APLICA,3,Marzo,28,2022,19,35,SR-90,3,Highway estatal,Rural,Colector Mayor,State Highway Agency,0,Sin jurisdiccion especial,20,36.53380556,-94.56386111,Poste de Señal de trafico,El primer evento no fue una colision con un vehiculo automotor en transporte,Not an Intersection,No fue interseccion,Sobre el lado de la calle,Ninguna,Dia total,Nublado,No,NO APLICA,99,98,99,98,1,28/03/2022,1
29,Missouri,290153,0,0,1,0,55,CRAWFORD (55),0,NO APLICA,3,Marzo,7,2022,21,15,I-44,1,Interestatal,Rural,Interestatal,State Highway Agency,1,Sin jurisdiccion especial,230,38.03455556,-91.52380556,Barrera de Cable,El primer evento no fue una colision con un vehiculo automotor en transporte,Not an Intersection,No fue interseccion,En el medio,Ninguna,Oscuro sin iluminacion,Despejado,No,NO APLICA,99,99,99,99,1,07/03/2022,2
29,Missouri,290154,0,0,2,0,510,ST. LOUIS (CITY) (510),7080,ST. LOUIS,3,Marzo,14,2022,21,21,WEST FLORISSANT AVE,6,Calle Local Municipalidad,Urbano,Arteria Menor,City or Municipal Highway Agency,0,Sin jurisdiccion especial,20,38.68694167,-90.23233889,Vehiculo en movimiento,Angulo,T-Intersection,Interseccion de T,Sobre calle,Ninguna,Oscuro con iluminacion,Despejado,No,NO APLICA,21,24,21,39,1,14/03/2022,3
29,Missouri,290155,0,0,1,0,510,ST. LOUIS (CITY) (510),7080,ST. LOUIS,3,Marzo,16,2022,3,53,I-55,1,Interestatal,Urbano,Interestatal,State Highway Agency,1,Sin jurisdiccion especial,50,38.57424444,-90.23383333,Barrera de Trafico de Concreto,El primer evento no fue una colision con un vehiculo automotor en transporte,Not an Intersection,No fue interseccion,En el medio,Ninguna,Oscuro con iluminacion,Despejado,No,NO APLICA,3,58,4,11,1,16/03/2022,2
29,Missouri,290156,0,0,2,0,159,PETTIS (159),7210,SEDALIA,2,Febrero,26,2022,16,45,N STEWART AVE,6,Calle Local Municipalidad,Urbano,No reportado,City or Municipal Highway Agency,0,Sin jurisdiccion especial,0,38.71703889,-93.23936111,Vehiculo en movimiento,Angulo,Four-Way Intersection,Interseccion de 4 direcciones,Sobre calle,Ninguna,Dia total,Despejado,No,NO APLICA,99,98,99,98,1,26/02/2022,2
29,Missouri,290157,1,1,1,0,77,GREENE (77),7460,SPRINGFIELD,3,Marzo,17,2022,6,30,GLENSTONE AVE,6,Calle Local Municipalidad,Urbano,Arteria Principal,City or Municipal Highway Agency,0,Sin jurisdiccion especial,30,37.19628333,-93.2621,Peaton,El primer evento no fue una colision con un vehiculo automotor en transporte,Four-Way Intersection,Interseccion de 4 direcciones,Sobre calle,Ninguna,Oscuro con iluminacion,Despejado,No,NO APLICA,6,32,6,37,1,17/03/2022,1
29,Missouri,290158,0,0,2,0,95,JACKSON (95),4120,KANSAS CITY,3,Marzo,23,2022,16,56,TRUMAN RD,6,Calle Local Municipalidad,Urbano,Arteria Menor,City or Municipal Highway Agency,0,Sin jurisdiccion especial,10,39.09475,-94.55159444,Vehiculo en movimiento,Angulo,Four-Way Intersection,Interseccion de 4 direcciones,Sobre calle,Ninguna,Dia total,lluvia,No,NO APLICA,16,59,17,9,1,23/03/2022,4
29,Missouri,290159,0,0,1,0,133,MISSISSIPPI (133),0,NO APLICA,3,Marzo,13,2022,19,13,CR-219,4,Calle del Condado,Rural,No reportado,County Highway Agency,0,Sin jurisdiccion especial,0,36.97975,-89.37175,Zanja,El primer evento no fue una colision con un vehiculo automotor en transporte,Not an Intersection,No fue interseccion,Sobre el lado de la calle,Ninguna,Dia total,Despejado,No,NO APLICA,19,33,19,48,1,13/03/2022,2
29,Missouri,290160,0,0,1,0,510,ST. LOUIS (CITY) (510),7080,ST. LOUIS,4,Abril,2,2022,9,52,KINGSHIGHWAY BLVD,6,Calle Local Municipalidad,Urbano,Arteria Principal,City or Municipal Highway Agency,1,Sin jurisdiccion especial,60,38.61835556,-90.26652222,Banqueta,El primer evento no fue una colision con un vehiculo automotor en transporte,T-Intersection,Interseccion de T,En el medio,Ninguna,Dia total,Nublado,No,NO APLICA,99,99,99,99,1,02/04/2022,2
29,Missouri,290161,0,0,1,0,55,CRAWFORD (55),0,NO APLICA,4,Abril,1,2022,16,45,SR-19,3,Highway estatal,Rural,Arteria Menor,State Highway Agency,0,Sin jurisdiccion especial,320,37.83241667,-91.31055556,Volcadura,El primer evento no fue una colision con un vehiculo automotor en transporte,Not an Intersection,No fue interseccion,Sobre calle,Ninguna,Dia total,Despejado,No,NO APLICA,16,50,17,1,1,01/04/2022,1
29,Missouri,290162,0,0,3,0,53,COOPER (53),0,NO APLICA,3,Marzo,18,2022,16,49,I-70,1,Interestatal,Urbano,Interestatal,State Highway Agency,1,Sin jurisdiccion especial,160,38.93599167,-92.75978611,Vehiculo en movimiento,Frente a Detrás,Not an Intersection,No fue interseccion,Sobre calle,Ninguna,Dia total,lluvia,No,NO APLICA,99,99,99,99,1,18/03/2022,4
29,Missouri,290163,0,0,1,0,43,CHRISTIAN (43),6020,OZARK,3,Marzo,26,2022,1,40,SR-NN,3,Highway estatal,Urbano,Arteria Menor,State Highway Agency,0,Sin jurisdiccion especial,40,37.05686389,-93.218875,Barda,El primer evento no fue una colision con un vehiculo automotor en transporte,Not an Intersection,No fue interseccion,Fuera de la calle,Ninguna,Oscuro sin iluminacion,Despejado,No,NO APLICA,1,46,1,59,1,26/03/2022,2
29,Missouri,290164,0,0,2,0,71,FRANKLIN (71),0,NO APLICA,3,Marzo,30,2022,21,32,US-50,2,US Highway,Rural,Arteria Principal,State Highway Agency,1,Sin jurisdiccion especial,150,38.43114444,-91.11009167,Vehiculo en movimiento,Angulo,Not an Intersection,No fue interseccion,Sobre calle,Ninguna,Oscuro con iluminacion,lluvia,No,NO APLICA,21,32,21,40,1,30/03/2022,2
29,Missouri,290165,0,0,1,0,21,BUCHANAN (21),0,NO APLICA,3,Marzo,31,2022,4,37,SR-A,3,Highway estatal,Rural,Colector Mayor,State Highway Agency,0,Sin jurisdiccion especial,70,39.63186111,-94.80538056,Suelo,El primer evento no fue una colision con un vehiculo automotor en transporte,T-Intersection,Interseccion de T,Sobre el lado de la calle,Ninguna,Oscuro sin iluminacion,Nublado,No,NO APLICA,4,40,4,48,1,31/03/2022,1
29,Missouri,290166,0,0,1,0,9,BARRY (9),0,NO APLICA,4,Abril,1,2022,20,25,SR-39,3,Highway estatal,Rural,Arteria Menor,State Highway Agency,0,Sin jurisdiccion especial,90,36.805475,-93.69017778,Acotamiento,El primer evento no fue una colision con un vehiculo automotor en transporte,Not an Intersection,No fue interseccion,Sobre el lado de la calle,Ninguna,Oscuro sin iluminacion,Nublado,No,NO APLICA,20,28,20,47,1,01/04/2022,1
29,Missouri,290167,1,1,1,0,95,JACKSON (95),4120,KANSAS CITY,4,Abril,2,2022,21,30,E 87TH ST,6,Calle Local Municipalidad,Urbano,Arteria Menor,City or Municipal Highway Agency,0,Sin jurisdiccion especial,20,38.96703889,-94.51069167,Peaton,El primer evento no fue una colision con un vehiculo automotor en transporte,Four-Way Intersection,Interseccion de 4 direcciones,Sobre calle,Ninguna,Oscuro con iluminacion,Despejado,No,NO APLICA,21,30,21,34,1,02/04/2022,1
29,Missouri,290168,0,0,3,0,19,BOONE (19),1800,COLUMBIA,1,Enero,5,2022,7,19,SR-B,3,Highway estatal,Urbano,Arteria Menor,State Highway Agency,0,Sin jurisdiccion especial,80,39.00731667,-92.274475,Vehiculo en movimiento,Frente a frente,Not an Intersection,No fue interseccion,Sobre calle,Ninguna,Dia total,Despejado,No,NO APLICA,99,99,99,99,2,05/01/2022,3
29,Missouri,290169,0,0,2,0,49,CLINTON (49),0,NO APLICA,3,Marzo,2,2022,15,32,SR-116,3,Highway estatal,Rural,Arteria Menor,State Highway Agency,0,Sin jurisdiccion especial,210,39.554,-94.23225,Vehiculo en movimiento,Frente a frente,Not an Intersection,No fue interseccion,Sobre calle,Ninguna,Dia total,Despejado,No,NO APLICA,15,35,15,49,2,02/03/2022,3
29,Missouri,290170,0,0,1,0,19,BOONE (19),0,NO APLICA,3,Marzo,2,2022,17,15,SR-124,3,Highway estatal,Rural,Colector Mayor,State Highway Agency,0,Sin jurisdiccion especial,80,39.13347222,-92.35538889,Suelo,El primer evento no fue una colision con un vehiculo automotor en transporte,Not an Intersection,No fue interseccion,Sobre el lado de la calle,Ninguna,Dia total,Despejado,No,NO APLICA,99,98,99,98,1,02/03/2022,2
29,Missouri,290171,0,0,2,0,229,WRIGHT (229),0,NO APLICA,3,Marzo,9,2022,12,20,US-60,2,US Highway,Rural,Arterial Principal -Freeway o ExpressWay,State Highway Agency,1,Sin jurisdiccion especial,180,37.11433333,-92.55311111,Poste o otros soportes,El primer evento no fue una colision con un vehiculo automotor en transporte,Not an Intersection,No fue interseccion,En el medio,Ninguna,Dia total,Despejado,No,NO APLICA,99,98,99,98,1,09/03/2022,2
29,Missouri,290172,0,0,1,0,189,ST LOUIS (189),1050,BRIDGETON,3,Marzo,14,2022,3,0,I-70 RAMP,1,Interestatal,Urbano,Interestatal,State Highway Agency,1,Sin jurisdiccion especial,0,38.74338889,-90.38625,Valla Ferrocarril,El primer evento no fue una colision con un vehiculo automotor en transporte,Not an Intersection,No fue interseccion,Sobre el lado de la calle,Ninguna,Oscuro con iluminacion,Despejado,No,NO APLICA,99,98,99,98,1,14/03/2022,1
29,Missouri,290173,0,0,1,0,77,GREENE (77),0,NO APLICA,3,Marzo,18,2022,20,48,SR-A,3,Highway estatal,Rural,Colector Mayor,State Highway Agency,0,Sin jurisdiccion especial,10,37.33297222,-93.16225,Volcadura,El primer evento no fue una colision con un vehiculo automotor en transporte,Not an Intersection,No fue interseccion,Sobre el lado de la calle,Ninguna,Oscuro sin iluminacion,Neblina o Humo,No,NO APLICA,20,50,21,2,1,18/03/2022,1
29,Missouri,290174,0,0,1,0,105,LACLEDE (105),0,NO APLICA,3,Marzo,21,2022,14,19,CR-NATIVE DR,4,Calle del Condado,Rural,No reportado,County Highway Agency,0,Sin jurisdiccion especial,20,37.55294722,-92.76048611,Suelo,El primer evento no fue una colision con un vehiculo automotor en transporte,Not an Intersection,No fue interseccion,Sobre el lado de la calle,Ninguna,Dia total,Nublado,No,NO APLICA,14,18,14,40,1,21/03/2022,3
29,Missouri,290175,0,0,2,0,77,GREENE (77),0,NO APLICA,3,Marzo,21,2022,6,55,CR-DARBY PL,4,Calle del Condado,Urbano,No reportado,County Highway Agency,0,Sin jurisdiccion especial,0,37.11833333,-93.27891667,Vehiculo en movimiento,Angulo,T-Intersection,Interseccion de T,Sobre calle,Ninguna,Dia total,Despejado,No,NO APLICA,7,0,7,10,1,21/03/2022,2
29,Missouri,290176,1,1,1,0,189,ST LOUIS (189),2700,FERGUSON,4,Abril,1,2022,21,47,SR-AC,3,Highway estatal,Urbano,Arteria Principal,State Highway Agency,1,Sin jurisdiccion especial,40,38.76749444,-90.26279167,Peaton,El primer evento no fue una colision con un vehiculo automotor en transporte,Not an Intersection,No fue interseccion,Sobre calle,Ninguna,Oscuro sin iluminacion,Despejado,No,NO APLICA,99,99,99,99,1,01/04/2022,1
29,Missouri,290177,0,0,1,0,221,WASHINGTON (221),0,NO APLICA,3,Marzo,17,2022,3,6,SR-8,3,Highway estatal,Rural,Arteria Principal,State Highway Agency,1,Sin jurisdiccion especial,280,37.86858056,-90.64609167,Zanja,El primer evento no fue una colision con un vehiculo automotor en transporte,Not an Intersection,No fue interseccion,Sobre el lado de la calle,Ninguna,Oscuro sin iluminacion,Despejado,No,NO APLICA,3,0,3,17,1,17/03/2022,1
29,Missouri,290178,0,0,2,0,171,PUTNAM (171),0,NO APLICA,3,Marzo,26,2022,20,50,CR-175TH,4,Calle del Condado,Rural,No reportado,County Highway Agency,0,Sin jurisdiccion especial,20,40.47930556,-93.03119444,Vehiculo en movimiento,Frente a frente,Not an Intersection,No fue interseccion,Sobre calle,Ninguna,Oscuro sin iluminacion,Despejado,No,NO APLICA,20,21,20,56,1,26/03/2022,2
29,Missouri,290179,0,0,1,0,9,BARRY (9),0,NO APLICA,4,Abril,2,2022,16,30,CR-2290,4,Calle del Condado,Rural,No reportado,County Highway Agency,0,Sin jurisdiccion especial,10,36.52377778,-94.03066667,Volcadura,El primer evento no fue una colision con un vehiculo automotor en transporte,Not an Intersection,No fue interseccion,Sobre el lado de la calle,Ninguna,Dia total,Despejado,No,NO APLICA,16,39,17,24,1,02/04/2022,1
29,Missouri,290180,0,0,2,0,9,BARRY (9),0,NO APLICA,4,Abril,3,2022,12,22,SR-37,3,Highway estatal,Rural,Arteria Principal,State Highway Agency,1,Sin jurisdiccion especial,30,36.88330556,-93.91972222,Vehiculo en movimiento,Frente a frente,Not an Intersection,No fue interseccion,Sobre calle,Ninguna,Dia total,Despejado,No,NO APLICA,12,26,12,55,2,03/04/2022,3
29,Missouri,290181,0,0,1,0,189,ST LOUIS (189),1575,CHESTERFIELD,4,Abril,4,2022,21,16,SR-340,3,Highway estatal,Urbano,Arteria Principal,State Highway Agency,1,Sin jurisdiccion especial,80,38.681275,-90.51373056,Banqueta,El primer evento no fue una colision con un vehiculo automotor en transporte,Not an Intersection,No fue interseccion,Sobre el lado de la calle,Ninguna,Oscuro con iluminacion,Despejado,No,NO APLICA,21,19,21,22,1,04/04/2022,2
29,Missouri,290182,0,0,1,0,127,MARION (127),0,NO APLICA,4,Abril,4,2022,22,55,US-61,2,US Highway,Rural,Arterial Principal -Freeway o ExpressWay,State Highway Agency,1,Sin jurisdiccion especial,80,39.74404167,-91.47560556,Poste de Señal de trafico,El primer evento no fue una colision con un vehiculo automotor en transporte,Not an Intersection,No fue interseccion,En el medio,Ninguna,Oscuro sin iluminacion,Nublado,No,NO APLICA,22,57,23,3,1,04/04/2022,1
29,Missouri,290183,1,1,1,0,95,JACKSON (95),4120,KANSAS CITY,4,Abril,8,2022,22,46,STADIUM DR,6,Calle Local Municipalidad,Urbano,Arteria Menor,City or Municipal Highway Agency,0,Sin jurisdiccion especial,30,39.05746667,-94.480025,Ciclista,El primer evento no fue una colision con un vehiculo automotor en transporte,Not an Intersection,No fue interseccion,Sobre calle,Ninguna,Oscuro con iluminacion,Despejado,No,NO APLICA,22,50,22,57,1,08/04/2022,1
29,Missouri,290184,0,0,1,0,97,JASPER (97),0,NO APLICA,4,Abril,8,2022,15,35,SR-O,3,Highway estatal,Rural,Colector Mayor,State Highway Agency,0,Sin jurisdiccion especial,60,37.26838889,-94.41695556,Arbol,El primer evento no fue una colision con un vehiculo automotor en transporte,Not an Intersection,No fue interseccion,Sobre el lado de la calle,Ninguna,Dia total,Nublado,No,NO APLICA,15,37,15,54,1,08/04/2022,1
29,Missouri,290185,0,0,1,0,179,REYNOLDS (179),0,NO APLICA,2,Febrero,6,2022,14,2,SR-N,3,Highway estatal,Rural,Colector Mayor,State Highway Agency,0,Sin jurisdiccion especial,20,37.58300556,-90.80565278,Culvert,El primer evento no fue una colision con un vehiculo automotor en transporte,Not an Intersection,No fue interseccion,Sobre el lado de la calle,Ninguna,Dia total,Despejado,No,NO APLICA,99,99,99,99,1,06/02/2022,2
29,Missouri,290186,0,0,2,0,47,CLAY (47),4570,LIBERTY,3,Marzo,17,2022,20,38,SR-291,3,Highway estatal,Urbano,Arteria Principal,State Highway Agency,1,Sin jurisdiccion especial,60,39.25279444,-94.44978333,Vehiculo en movimiento,Frente a frente,Not an Intersection,No fue interseccion,Sobre calle,Ninguna,Oscuro con iluminacion,Nublado,No,NO APLICA,20,39,20,44,1,17/03/2022,2
29,Missouri,290187,0,0,1,0,81,HARRISON (81),0,NO APLICA,3,Marzo,30,2022,0,20,US-69,2,US Highway,Rural,Colector Mayor,State Highway Agency,0,Sin jurisdiccion especial,220,40.29005556,-94.02661111,Arbol,El primer evento no fue una colision con un vehiculo automotor en transporte,Not an Intersection,No fue interseccion,Sobre el lado de la calle,Ninguna,Oscuro sin iluminacion,lluvia,No,NO APLICA,0,24,0,34,1,30/03/2022,1