Estado,Nombre de Estado,Numero de Caso,Peatones,Personas _no_vehiculos,Vehiculos automotores,Vehiculos estacionados,Condado,Nombre Condado,Ciudad,Nombre Ciudad,Mes,Nombre Mes,Dia,Año,Hora,Minuto,Calle,Ruta,Nombre Ruta,Rural o Urbanoo,Sistema Funcional,Dueño Calle,Sistema Nacional Carreteras,Jurisdiccion Especial,Milla,Latitud,Longitud,Causa del Accidente,Tipo de Accidente,Tipo Interseccion,Columna1,Lugar en la calle,Zona de Trabajo,Luz,Clima,Autobus Escolar,Cruce de Trenes,Hora Notificacion,Minuto Notificacion,Hora Llegada,Minuto Llegada,Decesos,Fecha,PersonaVehiculo
29,Missouri,290188,1,1,1,0,207,STODDARD (207),0,NO APLICA,4,Abril,2,2022,21,15,SR-51,3,Highway estatal,Rural,Colector Mayor,State Highway Agency,0,Sin jurisdiccion especial,90,36.94302778,-90.16422222,Peaton,El primer evento no fue una colision con un vehiculo automotor en transporte,Not an Intersection,No fue interseccion,Sobre calle,Ninguna,Oscuro sin iluminacion,Despejado,No,NO APLICA,21,16,21,21,1,02/04/2022,3
29,Missouri,290189,0,0,4,0,99,JEFFERSON (99),0,NO APLICA,3,Marzo,8,2022,18,50,SR-21,3,Highway estatal,Rural,Arteria Principal,State Highway Agency,0,Sin jurisdiccion especial,300,38.11672778,-90.6014,Vehiculo en movimiento,Golpe Lateral - direccion contraria,Not an Intersection,No fue interseccion,Sobre calle,Ninguna,Oscuro sin iluminacion,Nublado,No,NO APLICA,18,51,18,58,1,08/03/2022,7
29,Missouri,290190,0,0,2,0,189,ST LOUIS (189),0,NO APLICA,3,Marzo,10,2022,20,48,I-55,1,Interestatal,Urbano,Interestatal,State Highway Agency,1,Sin jurisdiccion especial,90,38.45483333,-90.37613889,Vehiculo en movimiento,Frente a Detrás,Not an Intersection,No fue interseccion,Sobre calle,Ninguna,Oscuro con iluminacion,Despejado,No,NO APLICA,20,49,20,58,1,10/03/2022,2
29,Missouri,290191,0,0,2,0,183,ST. CHARLES (183),2824,FORISTELL,3,Marzo,16,2022,21,5,SR-W,3,Highway estatal,Urbano,Colector Mayor,State Highway Agency,0,Sin jurisdiccion especial,60,38.81719444,-90.95302778,Vehiculo en movimiento,Angulo,Four-Way Intersection,Interseccion de 4 direcciones,Sobre calle,Ninguna,Oscuro con iluminacion,Despejado,No,NO APLICA,21,8,21,21,1,16/03/2022,3
29,Missouri,290192,0,0,1,0,189,ST LOUIS (189),7300,SHREWSBURY,4,Abril,1,2022,0,33,I-44,1,Interestatal,Urbano,Interestatal,State Highway Agency,1,Sin jurisdiccion especial,10,38.595,-90.32883611,Barda,El primer evento no fue una colision con un vehiculo automotor en transporte,Not an Intersection,No fue interseccion,Fuera de la calle,Ninguna,Oscuro sin iluminacion,Nublado,No,NO APLICA,99,99,99,99,1,01/04/2022,2
29,Missouri,290193,0,0,2,0,145,NEWTON (145),5580,NEOSHO,4,Abril,2,2022,1,23,BAXTER ST,6,Calle Local Municipalidad,Urbano,Arteria Menor,City or Municipal Highway Agency,0,Sin jurisdiccion especial,10,36.88,-94.38780556,Vehiculo en movimiento,Frente a Detrás,Not an Intersection,No fue interseccion,Sobre calle,Ninguna,Oscuro sin iluminacion,lluvia,No,NO APLICA,99,98,99,98,1,02/04/2022,4
29,Missouri,290194,0,0,1,0,71,FRANKLIN (71),0,NO APLICA,4,Abril,4,2022,15,25,CR-BALD HILL RD,4,Calle del Condado,Rural,Local,County Highway Agency,0,Sin jurisdiccion especial,20,38.47805556,-91.25816667,Volcadura,El primer evento no fue una colision con un vehiculo automotor en transporte,Not an Intersection,No fue interseccion,Sobre calle,Ninguna,Dia total,Despejado,No,NO APLICA,15,33,15,48,1,04/04/2022,1
29,Missouri,290195,0,0,1,0,47,CLAY (47),1680,CLAYCOMO,4,Abril,10,2022,5,52,I-35 RAMP,1,Interestatal,Urbano,Interestatal,State Highway Agency,1,Sin jurisdiccion especial,0,39.20775,-94.48819444,Culvert,El primer evento no fue una colision con un vehiculo automotor en transporte,Not an Intersection,No fue interseccion,Gore?,Ninguna,Oscuro sin iluminacion,Despejado,No,NO APLICA,5,51,5,56,1,10/04/2022,1
29,Missouri,290196,0,0,1,0,37,CASS (37),0,NO APLICA,3,Marzo,15,2022,22,45,CR-PROSPECT AVE,4,Calle del Condado,Rural,Local,County Highway Agency,0,Sin jurisdiccion especial,100,38.69461111,-94.57333333,Soporte de Puente,El primer evento no fue una colision con un vehiculo automotor en transporte,Not an Intersection,No fue interseccion,Sobre el lado de la calle,Ninguna,Oscuro sin iluminacion,Despejado,No,NO APLICA,22,58,23,14,1,15/03/2022,2
29,Missouri,290197,0,0,2,0,47,CLAY (47),5430,MOSBY,4,Abril,4,2022,6,45,US-69,2,US Highway,Urbano,Arteria Principal,State Highway Agency,1,Sin jurisdiccion especial,120,39.32288889,-94.30755556,Vehiculo en movimiento,Angulo,Four-Way Intersection,Interseccion de 4 direcciones,Sobre calle,Ninguna,Oscuro sin iluminacion,Despejado,No,NO APLICA,6,48,6,54,1,04/04/2022,3
29,Missouri,290198,0,0,2,0,159,PETTIS (159),0,NO APLICA,4,Abril,7,2022,15,43,US-65,2,US Highway,Rural,Arteria Principal,State Highway Agency,1,Sin jurisdiccion especial,60,38.62613889,-93.26722222,Vehiculo en movimiento,Angulo,Four-Way Intersection,Interseccion de 4 direcciones,Sobre calle,Ninguna,Dia total,Nublado,No,NO APLICA,15,48,15,58,1,07/04/2022,3
29,Missouri,290199,0,0,3,0,183,ST. CHARLES (183),0,NO APLICA,3,Marzo,29,2022,15,43,US-61,2,US Highway,Urbano,Arterial Principal -Freeway o ExpressWay,State Highway Agency,1,Sin jurisdiccion especial,190,38.87583333,-90.90788889,Vehiculo en movimiento,Golpe Lateral - misma direccion,Not an Intersection,No fue interseccion,Sobre calle,Ninguna,Dia total,Nublado,No,NO APLICA,15,44,15,51,1,29/03/2022,4
29,Missouri,290200,1,1,1,0,510,ST. LOUIS (CITY) (510),7080,ST. LOUIS,4,Abril,14,2022,8,54,SR-100,3,Highway estatal,Urbano,Arteria Menor,State Highway Agency,0,Sin jurisdiccion especial,10,38.62127778,-90.29420556,Ciclista,El primer evento no fue una colision con un vehiculo automotor en transporte,T-Intersection,Interseccion de T,Sobre calle,Ninguna,Dia total,Despejado,No,NO APLICA,8,59,9,6,1,14/04/2022,1
29,Missouri,290201,0,0,2,0,77,GREENE (77),0,NO APLICA,3,Marzo,23,2022,5,20,US-65,2,US Highway,Rural,Arteria Principal,State Highway Agency,1,Sin jurisdiccion especial,80,37.30103056,-93.17682778,Vehiculo en movimiento,Angulo,Four-Way Intersection,Interseccion de 4 direcciones,Sobre calle,Ninguna,Oscuro sin iluminacion,lluvia,No,NO APLICA,5,15,5,31,1,23/03/2022,3
29,Missouri,290202,0,0,2,0,189,ST LOUIS (189),4060,JENNINGS,4,Abril,1,2022,23,4,CR-LUCAS AND HUNT RD,4,Calle del Condado,Urbano,Arteria Menor,County Highway Agency,0,Sin jurisdiccion especial,10,38.73378889,-90.26555278,Vehiculo en movimiento,Angulo,Not an Intersection,No fue interseccion,Sobre calle,Ninguna,Oscuro sin iluminacion,Despejado,No,NO APLICA,99,99,99,99,2,01/04/2022,3
29,Missouri,290203,0,0,1,0,17,BOLLINGER (17),0,NO APLICA,4,Abril,8,2022,6,55,SR-51,3,Highway estatal,Rural,Arteria Menor,State Highway Agency,0,Sin jurisdiccion especial,20,37.57172222,-90.01,Culvert,El primer evento no fue una colision con un vehiculo automotor en transporte,Not an Intersection,No fue interseccion,Sobre el lado de la calle,Ninguna,Dia total,Nublado,No,NO APLICA,99,98,99,98,1,08/04/2022,1
29,Missouri,290204,0,0,1,0,143,NEW MADRID (143),7310,SIKESTON,4,Abril,23,2022,18,23,BRUNT BLVD,6,Calle Local Municipalidad,Urbano,Local,City or Municipal Highway Agency,0,Sin jurisdiccion especial,10,36.86278889,-89.56986944,Volcadura,El primer evento no fue una colision con un vehiculo automotor en transporte,Not an Intersection,No fue interseccion,Sobre el lado de la calle,Ninguna,Dia total,Despejado,No,NO APLICA,99,99,99,99,1,23/04/2022,1
29,Missouri,290205,0,0,1,0,9,BARRY (9),0,NO APLICA,4,Abril,23,2022,14,30,SR-76,3,Highway estatal,Rural,Arteria Menor,State Highway Agency,0,Sin jurisdiccion especial,210,36.66852778,-93.67058333,Poste de Señal de trafico,El primer evento no fue una colision con un vehiculo automotor en transporte,Not an Intersection,No fue interseccion,Sobre el lado de la calle,Ninguna,Dia total,Despejado,No,NO APLICA,14,41,14,54,1,23/04/2022,1
29,Missouri,290206,0,0,2,0,95,JACKSON (95),3940,INDEPENDENCE,4,Abril,22,2022,12,35,39TH ST,6,Calle Local Municipalidad,Urbano,Arteria Menor,Town or Township Highway Agency,0,Sin jurisdiccion especial,40,39.04872222,-94.38163056,Vehiculo en movimiento,Frente a frente,Not an Intersection,No fue interseccion,Sobre calle,Ninguna,Dia total,Nublado,No,NO APLICA,11,46,11,50,1,22/04/2022,3
29,Missouri,290207,0,0,1,0,215,TEXAS (215),0,NO APLICA,4,Abril,20,2022,99,99,CR-HARTZOG DR,4,Calle del Condado,Rural,No reportado,County Highway Agency,0,Sin jurisdiccion especial,20,37.52084167,-92.15996667,Suelo,El primer evento no fue una colision con un vehiculo automotor en transporte,Not an Intersection,No fue interseccion,Sobre el lado de la calle,Ninguna,Reportada como desconocida,Nublado,No,NO APLICA,21,0,21,37,1,20/04/2022,1
29,Missouri,290208,0,0,1,0,99,JEFFERSON (99),0,NO APLICA,3,Marzo,31,2022,1,1,I-55,1,Interestatal,Urbano,Interestatal,State Highway Agency,1,Sin jurisdiccion especial,220,38.37511111,-90.38,Barrera de Trafico de Concreto,El primer evento no fue una colision con un vehiculo automotor en transporte,Not an Intersection,No fue interseccion,En el medio,Ninguna,Oscuro sin iluminacion,Nublado,No,NO APLICA,1,1,1,6,1,31/03/2022,1
29,Missouri,290209,0,0,2,0,131,MILLER (131),0,NO APLICA,4,Abril,5,2022,10,15,SR-52,3,Highway estatal,Rural,Arteria Menor,State Highway Agency,0,Sin jurisdiccion especial,80,38.29961111,-92.56408333,Vehiculo en movimiento,Frente a frente,Not an Intersection,No fue interseccion,Sobre calle,Ninguna,Dia total,Despejado,No,NO APLICA,10,16,10,21,1,05/04/2022,2
29,Missouri,290210,1,1,1,0,510,ST. LOUIS (CITY) (510),7080,ST. LOUIS,4,Abril,7,2022,0,0,WALTON AVE,6,Calle Local Municipalidad,Urbano,No reportado,City or Municipal Highway Agency,0,Sin jurisdiccion especial,0,38.65569722,-90.25679167,Peaton,El primer evento no fue una colision con un vehiculo automotor en transporte,Not an Intersection,No fue interseccion,Sobre calle,Ninguna,Oscuro con iluminacion,Despejado,No,NO APLICA,0,5,0,9,1,07/04/2022,1
29,Missouri,290211,0,0,2,0,510,ST. LOUIS (CITY) (510),7080,ST. LOUIS,4,Abril,15,2022,14,9,US-40,2,US Highway,Urbano,Interestatal,State Highway Agency,1,Sin jurisdiccion especial,60,38.6221,-90.19626111,Vehiculo en movimiento,Frente a Detrás,Not an Intersection,No fue interseccion,Sobre calle,Ninguna,Dia total,Nublado,No,NO APLICA,99,98,99,98,1,15/04/2022,2
29,Missouri,290212,0,0,2,0,97,JASPER (97),4100,JOPLIN,4,Abril,16,2022,14,9,W 20TH ST,6,Calle Local Municipalidad,Urbano,Arteria Menor,City or Municipal Highway Agency,0,Sin jurisdiccion especial,60,37.069525,-94.51633611,Vehiculo en movimiento,Angulo,Four-Way Intersection,Interseccion de 4 direcciones,Sobre calle,Ninguna,Dia total,Despejado,No,NO APLICA,14,9,14,14,1,16/04/2022,3
29,Missouri,290213,0,0,1,0,510,ST. LOUIS (CITY) (510),7080,ST. LOUIS,4,Abril,16,2022,3,17,BROADWAY,6,Calle Local Municipalidad,Urbano,Arteria Menor,City or Municipal Highway Agency,0,Sin jurisdiccion especial,60,38.65726944,-90.19286944,Banqueta,El primer evento no fue una colision con un vehiculo automotor en transporte,Four-Way Intersection,Interseccion de 4 direcciones,Sobre el lado de la calle,Ninguna,Oscuro con iluminacion,Despejado,No,NO APLICA,3,27,3,27,1,16/04/2022,1
29,Missouri,290214,0,0,2,0,101,JOHNSON (101),0,NO APLICA,4,Abril,18,2022,18,27,US-50,2,US Highway,Rural,Arteria Principal,State Highway Agency,1,Sin jurisdiccion especial,40,38.85713889,-94.04163889,Vehiculo en movimiento,Angulo,Four-Way Intersection,Interseccion de 4 direcciones,Sobre calle,Ninguna,Dia total,Despejado,No,NO APLICA,99,98,99,98,1,18/04/2022,2
29,Missouri,290215,1,1,1,0,510,ST. LOUIS (CITY) (510),7080,ST. LOUIS,4,Abril,19,2022,23,21,TUCKER BLVD,6,Calle Local Municipalidad,Urbano,Colector Mayor,City or Municipal Highway Agency,0,Sin jurisdiccion especial,20,38.63853056,-90.19406389,Peaton,El primer evento no fue una colision con un vehiculo automotor en transporte,Four-Way Intersection,Interseccion de 4 direcciones,Sobre calle,Ninguna,Oscuro con iluminacion,lluvia,No,NO APLICA,23,25,23,32,1,19/04/2022,1
29,Missouri,290216,1,1,1,0,127,MARION (127),0,NO APLICA,4,Abril,22,2022,21,20,US-61,2,US Highway,Rural,Arterial Principal -Freeway o ExpressWay,State Highway Agency,1,Sin jurisdiccion especial,180,39.76277778,-91.51941667,Peaton,El primer evento no fue una colision con un vehiculo automotor en transporte,Not an Intersection,No fue interseccion,Sobre calle,Ninguna,Oscuro sin iluminacion,Despejado,No,NO APLICA,21,22,21,28,1,22/04/2022,1
29,Missouri,290217,0,0,1,0,510,ST. LOUIS (CITY) (510),7080,ST. LOUIS,4,Abril,24,2022,20,59,SR-H,3,Highway estatal,Urbano,Arteria Principal,State Highway Agency,1,Sin jurisdiccion especial,60,38.69642778,-90.21616111,Poste,El primer evento no fue una colision con un vehiculo automotor en transporte,Not an Intersection,No fue interseccion,Sobre el lado de la calle,Ninguna,Oscuro con iluminacion,lluvia,No,NO APLICA,99,99,99,99,1,24/04/2022,2
29,Missouri,290218,1,1,1,0,183,ST. CHARLES (183),7010,ST. CHARLES,4,Abril,2,2022,22,11,JEFFERSON ST,6,Calle Local Municipalidad,Urbano,Local,City or Municipal Highway Agency,0,Sin jurisdiccion especial,10,38.78096389,-90.48094167,Peaton,El primer evento no fue una colision con un vehiculo automotor en transporte,Not an Intersection,No fue interseccion,Sobre calle,Ninguna,Oscuro sin iluminacion,Despejado,No,NO APLICA,22,13,22,17,1,02/04/2022,1
29,Missouri,290219,0,0,2,0,187,ST FRANCOIS (187),0,NO APLICA,4,Abril,2,2022,9,45,SR-8,3,Highway estatal,Rural,Arteria Principal,State Highway Agency,1,Sin jurisdiccion especial,40,37.86219444,-90.57377778,Vehiculo en movimiento,Frente a frente,Not an Intersection,No fue interseccion,Sobre calle,Ninguna,Dia total,Despejado,No,NO APLICA,9,52,10,17,2,02/04/2022,3
29,Missouri,290220,1,1,1,0,9,BARRY (9),0,NO APLICA,4,Abril,4,2022,21,27,SR-76,3,Highway estatal,Rural,Colector Mayor,State Highway Agency,0,Sin jurisdiccion especial,0,36.74774722,-94.06739444,Peaton,El primer evento no fue una colision con un vehiculo automotor en transporte,Not an Intersection,No fue interseccion,Sobre calle,Ninguna,Oscuro sin iluminacion,Despejado,No,NO APLICA,99,98,99,98,1,04/04/2022,2
29,Missouri,290221,0,0,1,0,77,GREENE (77),0,NO APLICA,4,Abril,23,2022,11,19,I-44,1,Interestatal,Rural,Interestatal,State Highway Agency,1,Sin jurisdiccion especial,270,37.18547222,-93.52844444,Volcadura,El primer evento no fue una colision con un vehiculo automotor en transporte,Not an Intersection,No fue interseccion,Sobre calle,Ninguna,Dia total,Despejado,No,NO APLICA,11,21,11,34,1,23/04/2022,2
29,Missouri,290224,0,0,3,0,189,ST LOUIS (189),1050,BRIDGETON,4,Abril,9,2022,1,2,I-70,1,Interestatal,Urbano,Interestatal,State Highway Agency,1,Sin jurisdiccion especial,40,38.7435,-90.41772222,Vehiculo en movimiento,Frente a frente,Not an Intersection,No fue interseccion,Sobre calle,Ninguna,Oscuro sin iluminacion,Despejado,No,NO APLICA,1,6,1,13,2,09/04/2022,3
29,Missouri,290225,0,0,2,0,105,LACLEDE (105),0,NO APLICA,4,Abril,22,2022,6,8,SR-5,3,Highway estatal,Rural,Arteria Principal,State Highway Agency,0,Sin jurisdiccion especial,50,37.82375,-92.69038889,Vehiculo en movimiento,Angulo,T-Intersection,Interseccion de T,Sobre calle,Ninguna,Oscuro sin iluminacion,Despejado,No,NO APLICA,99,99,99,99,1,22/04/2022,2
29,Missouri,290226,0,0,1,0,95,JACKSON (95),3940,INDEPENDENCE,4,Abril,9,2022,18,32,US-24,2,US Highway,Urbano,Arteria Principal,State Highway Agency,1,Sin jurisdiccion especial,60,39.13847222,-94.21833333,Barrera de Trafico de Concreto,El primer evento no fue una colision con un vehiculo automotor en transporte,Not an Intersection,No fue interseccion,Sobre el lado de la calle,Construccion,Dia total,Despejado,No,NO APLICA,18,36,18,40,1,09/04/2022,1
29,Missouri,290227,0,0,3,0,141,MORGAN (141),0,NO APLICA,4,Abril,14,2022,13,40,SR-52,3,Highway estatal,Rural,Arteria Menor,State Highway Agency,0,Sin jurisdiccion especial,10,38.43877778,-93.05008333,Vehiculo en movimiento,Frente a Detrás,Not an Intersection,No fue interseccion,Sobre calle,Ninguna,Dia total,Despejado,No,NO APLICA,13,55,14,4,1,14/04/2022,5
29,Missouri,290228,0,0,1,0,109,LAWRENCE (109),0,NO APLICA,4,Abril,15,2022,20,37,I-44,1,Interestatal,Rural,Interestatal,State Highway Agency,1,Sin jurisdiccion especial,150,37.08627778,-93.84544444,Poste de Señal de trafico,El primer evento no fue una colision con un vehiculo automotor en transporte,Not an Intersection,No fue interseccion,Sobre el lado de la calle,Ninguna,Oscuro sin iluminacion,Despejado,No,NO APLICA,99,99,99,99,1,15/04/2022,1
29,Missouri,290229,1,1,4,2,95,JACKSON (95),4120,KANSAS CITY,4,Abril,21,2022,19,37,E WINNER RD,6,Calle Local Municipalidad,Urbano,Arteria Principal,City or Municipal Highway Agency,1,Sin jurisdiccion especial,120,39.10764167,-94.47999167,Vehiculo en movimiento,Reportado como desconocido,Not an Intersection,No fue interseccion,Sobre calle,Ninguna,Dia total,Despejado,No,NO APLICA,19,38,19,47,1,21/04/2022,2
29,Missouri,290230,1,1,1,0,77,GREENE (77),7460,SPRINGFIELD,4,Abril,26,2022,5,32,KANSAS EXPY,6,Calle Local Municipalidad,Urbano,Arteria Principal,City or Municipal Highway Agency,1,Sin jurisdiccion especial,100,37.22568889,-93.31163333,Banqueta,El primer evento no fue una colision con un vehiculo automotor en transporte,Not an Intersection,No fue interseccion,En el medio,Ninguna,Oscuro con iluminacion,Despejado,No,NO APLICA,5,36,5,40,1,26/04/2022,1
29,Missouri,290231,0,0,1,0,107,LAFAYETTE (107),0,NO APLICA,4,Abril,29,2022,19,0,US-24,2,US Highway,Rural,Arteria Principal,State Highway Agency,1,Sin jurisdiccion especial,70,39.12241667,-93.98252778,Banqueta,El primer evento no fue una colision con un vehiculo automotor en transporte,Not an Intersection,No fue interseccion,Sobre el lado de la calle,Ninguna,Dia total,Nublado,No,NO APLICA,19,8,19,12,1,29/04/2022,1
29,Missouri,290232,1,1,1,0,183,ST. CHARLES (183),7100,ST. PETERS,3,Marzo,14,2022,20,40,SR-364,3,Highway estatal,Urbano,Arteria Principal,State Highway Agency,0,Sin jurisdiccion especial,270,38.74316667,-90.60583333,Peaton,El primer evento no fue una colision con un vehiculo automotor en transporte,Not an Intersection,No fue interseccion,Sobre calle,Ninguna,Oscuro con iluminacion,Despejado,No,NO APLICA,20,41,20,52,1,14/03/2022,1
29,Missouri,290233,0,0,3,0,31,CAPE GIRARDEAU (31),0,NO APLICA,3,Marzo,24,2022,21,50,SR-AB,3,Highway estatal,Rural,Arteria Menor,State Highway Agency,0,Sin jurisdiccion especial,20,37.23266667,-89.63372222,Vehiculo en movimiento,Golpe Lateral - direccion contraria,Not an Intersection,No fue interseccion,Sobre calle,Ninguna,Oscuro sin iluminacion,Nublado,No,NO APLICA,21,56,22,12,1,24/03/2022,3
29,Missouri,290234,0,0,1,0,17,BOLLINGER (17),0,NO APLICA,4,Abril,16,2022,19,55,SR-72,3,Highway estatal,Rural,Arteria Principal,State Highway Agency,1,Sin jurisdiccion especial,50,37.51533333,-90.05383333,Acotamiento,El primer evento no fue una colision con un vehiculo automotor en transporte,Not an Intersection,No fue interseccion,Sobre el lado de la calle,Ninguna,Oscuro sin iluminacion,Despejado,No,NO APLICA,19,58,20,23,1,16/04/2022,1
29,Missouri,290235,0,0,2,0,155,PEMISCOT (155),0,NO APLICA,4,Abril,18,2022,8,55,I-155,1,Interestatal,Rural,Interestatal,State Highway Agency,1,Sin jurisdiccion especial,50,36.16513889,-89.6825,Vehiculo en movimiento,Frente a frente,Not an Intersection,No fue interseccion,Sobre calle,Ninguna,Dia total,Nublado,No,NO APLICA,8,55,9,7,1,18/04/2022,2
29,Missouri,290236,0,0,2,0,77,GREENE (77),0,NO APLICA,4,Abril,28,2022,14,49,SR-H,3,Highway estatal,Rural,Colector Mayor,State Highway Agency,0,Sin jurisdiccion especial,20,37.39755556,-93.26997222,Vehiculo en movimiento,Frente a frente,Four-Way Intersection,Interseccion de 4 direcciones,Sobre calle,Ninguna,Dia total,lluvia,No,NO APLICA,14,51,15,3,1,28/04/2022,2
29,Missouri,290237,0,0,2,0,163,PIKE (163),0,NO APLICA,4,Abril,28,2022,23,50,US-54,2,US Highway,Rural,Arteria Principal,State Highway Agency,1,Sin jurisdiccion especial,180,39.38202778,-91.13411111,Vehiculo en movimiento,Frente a frente,Not an Intersection,No fue interseccion,Sobre calle,Ninguna,Oscuro sin iluminacion,Despejado,No,NO APLICA,23,55,0,1,2,28/04/2022,2
29,Missouri,290238,0,0,1,0,95,JACKSON (95),4120,KANSAS CITY,5,Mayo,1,2022,23,4,E 31ST ST,6,Calle Local Municipalidad,Urbano,Arteria Menor,City or Municipal Highway Agency,0,Sin jurisdiccion especial,10,39.07049444,-94.57116667,Soporte de  señalamiento de transito,El primer evento no fue una colision con un vehiculo automotor en transporte,Four-Way Intersection,Interseccion de 4 direcciones,Sobre el lado de la calle,Construccion,Oscuro con iluminacion,Nublado,No,NO APLICA,99,99,99,99,2,01/05/2022,2
29,Missouri,290239,0,0,2,0,95,JACKSON (95),4120,KANSAS CITY,5,Mayo,2,2022,11,58,E 39TH ST,6,Calle Local Municipalidad,Urbano,Arteria Menor,City or Municipal Highway Agency,0,Sin jurisdiccion especial,20,39.055225,-94.54673333,Vehiculo en movimiento,Angulo,Four-Way Intersection,Interseccion de 4 direcciones,Sobre calle,Ninguna,Dia total,lluvia,No,NO APLICA,11,59,12,5,1,02/05/2022,2
29,Missouri,290240,0,0,2,0,510,ST. LOUIS (CITY) (510),7080,ST. LOUIS,5,Mayo,4,2022,17,51,CR-RIVER CITY CASINO BLVD,4,Calle del Condado,Urbano,No reportado,City or Municipal Highway Agency,0,Sin jurisdiccion especial,0,38.537675,-90.26901944,Vehiculo en movimiento,Angulo,Four-Way Intersection,Interseccion de 4 direcciones,Sobre calle,Ninguna,Dia total,Nublado,No,NO APLICA,99,99,99,99,1,04/05/2022,3
29,Missouri,290241,0,0,1,0,23,BUTLER (23),0,NO APLICA,4,Abril,23,2022,15,15,CR-524,4,Calle del Condado,Rural,No reportado,County Highway Agency,0,Sin jurisdiccion especial,0,36.82005556,-90.45711111,Volcadura,El primer evento no fue una colision con un vehiculo automotor en transporte,Not an Intersection,No fue interseccion,Sobre el lado de la calle,Ninguna,Dia total,Despejado,No,NO APLICA,15,20,15,28,1,23/04/2022,2
29,Missouri,290242,0,0,1,0,189,ST LOUIS (189),0,NO APLICA,4,Abril,23,2022,11,36,I-270 RP 104154,1,Interestatal,Urbano,Interestatal,State Highway Agency,1,Sin jurisdiccion especial,0,38.76663889,-90.203,Soporte de  señalamiento de transito,El primer evento no fue una colision con un vehiculo automotor en transporte,Four-Way Intersection,Interseccion de 4 direcciones,Sobre el lado de la calle,Ninguna,Dia total,Despejado,No,NO APLICA,11,39,11,46,1,23/04/2022,1
29,Missouri,290243,0,0,1,0,131,MILLER (131),0,NO APLICA,5,Mayo,4,2022,17,44,SR-42,3,Highway estatal,Rural,Arteria Menor,State Highway Agency,0,Sin jurisdiccion especial,110,38.08775,-92.47136111,Arbol,El primer evento no fue una colision con un vehiculo automotor en transporte,Not an Intersection,No fue interseccion,Sobre el lado de la calle,Ninguna,Dia total,lluvia,No,NO APLICA,17,38,17,52,1,04/05/2022,1
29,Missouri,290244,0,0,3,0,95,JACKSON (95),4120,KANSAS CITY,5,Mayo,8,2022,13,27,BANNISTER RD,6,Calle Local Municipalidad,Urbano,Arteria Principal,City or Municipal Highway Agency,1,Sin jurisdiccion especial,70,38.95331389,-94.52938889,Vehiculo en movimiento,Golpe Lateral - misma direccion,Not Reported,No reportado,Sobre calle,Ninguna,Dia total,Nublado,No,NO APLICA,13,28,13,59,1,08/05/2022,4
29,Missouri,290245,0,0,1,0,167,POLK (167),0,NO APLICA,5,Mayo,8,2022,17,20,SR-123,3,Highway estatal,Rural,Colector Mayor,State Highway Agency,0,Sin jurisdiccion especial,40,37.76716667,-93.56005556,Volcadura,El primer evento no fue una colision con un vehiculo automotor en transporte,Not an Intersection,No fue interseccion,Sobre el lado de la calle,Ninguna,Dia total,Despejado,No,NO APLICA,17,27,17,39,1,08/05/2022,1
29,Missouri,290246,0,0,3,0,49,CLINTON (49),0,NO APLICA,4,Abril,30,2022,15,11,US-169,2,US Highway,Rural,Arteria Menor,State Highway Agency,0,Sin jurisdiccion especial,100,39.49547222,-94.56947222,Vehiculo en movimiento,Golpe Lateral - direccion contraria,Not an Intersection,No fue interseccion,Sobre calle,Ninguna,Dia total,Despejado,No,NO APLICA,99,99,99,99,1,30/04/2022,3
29,Missouri,290247,0,0,1,0,95,JACKSON (95),4490,LEES SUMMIT,5,Mayo,5,2022,23,8,SR-291,3,Highway estatal,Urbano,Arteria Principal,City or Municipal Highway Agency,1,Sin jurisdiccion especial,60,38.91747222,-94.36187222,Soporte de  señalamiento de transito,El primer evento no fue una colision con un vehiculo automotor en transporte,Four-Way Intersection,Interseccion de 4 direcciones,Isla de trafico para peatones,Ninguna,Oscuro con iluminacion,lluvia,No,NO APLICA,23,10,23,13,1,05/05/2022,1
29,Missouri,290248,0,0,2,0,189,ST LOUIS (189),0,NO APLICA,5,Mayo,6,2022,15,46,CR-REAVIS BARRACKS RD,4,Calle del Condado,Urbano,Arteria Menor,County Highway Agency,0,Sin jurisdiccion especial,20,38.52364167,-90.29911111,Vehiculo en movimiento,Frente a frente,Not Reported,No reportado,Sobre calle,Ninguna,Dia total,Nublado,No,NO APLICA,15,50,15,54,1,06/05/2022,2
29,Missouri,290249,0,0,2,0,95,JACKSON (95),4120,KANSAS CITY,5,Mayo,8,2022,21,14,WARD PKWY,6,Calle Local Municipalidad,Urbano,Arteria Principal,City or Municipal Highway Agency,1,Sin jurisdiccion especial,20,39.01302222,-94.60268611,Vehiculo en movimiento,Angulo,Roundabout,Glorieta,Sobre calle,Ninguna,Oscuro con iluminacion,Despejado,No,NO APLICA,21,15,21,19,1,08/05/2022,4
29,Missouri,290250,0,0,1,0,189,ST LOUIS (189),0,NO APLICA,5,Mayo,11,2022,1,14,CR-PATTERSON RD,4,Calle del Condado,Urbano,Colector Mayor,County Highway Agency,0,Sin jurisdiccion especial,0,38.48528889,-90.33380556,Poste,El primer evento no fue una colision con un vehiculo automotor en transporte,Not an Intersection,No fue interseccion,Sobre el lado de la calle,Ninguna,Oscuro sin iluminacion,Despejado,No,NO APLICA,0,57,1,5,1,11/05/2022,1