Estado,Nombre de Estado,Numero de Caso,Peatones,Personas _no_vehiculos,Vehiculos automotores,Vehiculos estacionados,Condado,Nombre Condado,Ciudad,Nombre Ciudad,Mes,Nombre Mes,Dia,Año,Hora,Minuto,Calle,Ruta,Nombre Ruta,Rural o Urbanoo,Sistema Funcional,Dueño Calle,Sistema Nacional Carreteras,Jurisdiccion Especial,Milla,Latitud,Longitud,Causa del Accidente,Tipo de Accidente,Tipo Interseccion,Columna1,Lugar en la calle,Zona de Trabajo,Luz,Clima,Autobus Escolar,Cruce de Trenes,Hora Notificacion,Minuto Notificacion,Hora Llegada,Minuto Llegada,Decesos,Fecha,PersonaVehiculo
29,Missouri,290251,0,0,1,0,510,ST. LOUIS (CITY) (510),7080,ST. LOUIS,5,Mayo,11,2022,6,56,I-64,1,Interestatal,Urbano,Interestatal,State Highway Agency,1,Sin jurisdiccion especial,40,38.63043056,-90.22928333,Barrera de Trafico de Concreto,El primer evento no fue una colision con un vehiculo automotor en transporte,Not an Intersection,No fue interseccion,En el medio,Ninguna,Dia total,Despejado,No,NO APLICA,99,99,99,99,1,11/05/2022,1
29,Missouri,290252,0,0,2,0,183,ST. CHARLES (183),0,NO APLICA,2,Febrero,16,2022,15,44,CR-OLD HWY 94,4,Calle del Condado,Urbano,Colector Mayor,County Highway Agency,0,Sin jurisdiccion especial,10,38.74319444,-90.59244444,Vehiculo en movimiento,Frente a frente,Four-Way Intersection,Interseccion de 4 direcciones,Sobre calle,Ninguna,Dia total,Nublado,No,NO APLICA,15,44,15,50,1,16/02/2022,2
29,Missouri,290253,0,0,1,0,71,FRANKLIN (71),0,NO APLICA,5,Mayo,1,2022,8,19,SR-100,3,Highway estatal,Rural,Arteria Menor,State Highway Agency,0,Sin jurisdiccion especial,160,38.58936111,-91.11977778,Volcadura,El primer evento no fue una colision con un vehiculo automotor en transporte,Not an Intersection,No fue interseccion,Sobre calle,Ninguna,Dia total,Nublado,No,NO APLICA,99,99,99,99,2,01/05/2022,2
29,Missouri,290254,1,1,1,0,71,FRANKLIN (71),0,NO APLICA,5,Mayo,5,2022,4,34,I-44,1,Interestatal,Urbano,Interestatal,State Highway Agency,1,Sin jurisdiccion especial,20,38.22563889,-91.15433333,Peaton,El primer evento no fue una colision con un vehiculo automotor en transporte,Not an Intersection,No fue interseccion,Sobre calle,Ninguna,Oscuro sin iluminacion,lluvia,No,NO APLICA,4,54,5,0,1,05/05/2022,1
29,Missouri,290255,0,0,1,0,189,ST LOUIS (189),2780,FLORISSANT,5,Mayo,7,2022,9,33,I-270,1,Interestatal,Urbano,Interestatal,State Highway Agency,1,Sin jurisdiccion especial,60,38.77236111,-90.30297222,Zanja,El primer evento no fue una colision con un vehiculo automotor en transporte,Not an Intersection,No fue interseccion,Sobre el lado de la calle,"Zona de trabajo, tipo desconocido",Dia total,Despejado,No,NO APLICA,9,33,9,41,1,07/05/2022,1
29,Missouri,290256,0,0,2,0,189,ST LOUIS (189),0,NO APLICA,5,Mayo,8,2022,16,46,CR-NEW HALLS FERRY RD,4,Calle del Condado,Urbano,Arteria Principal,County Highway Agency,0,Sin jurisdiccion especial,20,38.83742222,-90.31718611,Vehiculo en movimiento,Frente a frente,Not an Intersection,No fue interseccion,Sobre calle,Ninguna,Dia total,Despejado,No,NO APLICA,99,99,99,99,1,08/05/2022,2
29,Missouri,290257,1,1,1,0,510,ST. LOUIS (CITY) (510),7080,ST. LOUIS,5,Mayo,14,2022,20,48,SR-366,3,Highway estatal,Urbano,Arteria Principal,State Highway Agency,0,Sin jurisdiccion especial,10,38.58967222,-90.30768056,Peaton,El primer evento no fue una colision con un vehiculo automotor en transporte,Not an Intersection,No fue interseccion,Sobre calle,Ninguna,Oscuro con iluminacion,Nublado,No,NO APLICA,20,57,21,6,1,14/05/2022,2
29,Missouri,290258,0,0,1,0,510,ST. LOUIS (CITY) (510),7080,ST. LOUIS,5,Mayo,15,2022,4,44,TOWER GROVE AVE,6,Calle Local Municipalidad,Urbano,Colector Mayor,City or Municipal Highway Agency,0,Sin jurisdiccion especial,20,38.60953333,-90.25777222,Poste,El primer evento no fue una colision con un vehiculo automotor en transporte,Not an Intersection,No fue interseccion,Sobre el lado de la calle,Ninguna,Oscuro con iluminacion,Despejado,No,NO APLICA,99,99,99,99,1,15/05/2022,1
29,Missouri,290259,0,0,4,0,133,MISSISSIPPI (133),1560,CHARLESTON,3,Marzo,17,2022,8,1,I-57,1,Interestatal,Rural,Interestatal,State Highway Agency,1,Sin jurisdiccion especial,90,36.92930556,-89.30913889,Vehiculo en movimiento,Frente a Detrás,Not an Intersection,No fue interseccion,Sobre calle,Ninguna,Dia total,Neblina o Humo,No,NO APLICA,8,35,8,56,1,17/03/2022,8
29,Missouri,290260,0,0,2,0,133,MISSISSIPPI (133),1560,CHARLESTON,3,Marzo,17,2022,8,5,I-57,1,Interestatal,Rural,Interestatal,State Highway Agency,1,Sin jurisdiccion especial,90,36.92930556,-89.30913889,Vehiculo en movimiento,Frente a Detrás,Not an Intersection,No fue interseccion,Sobre calle,Ninguna,Dia total,Neblina o Humo,No,NO APLICA,99,99,99,99,1,17/03/2022,4
29,Missouri,290261,0,0,4,0,133,MISSISSIPPI (133),1560,CHARLESTON,3,Marzo,17,2022,8,5,I-57,1,Interestatal,Rural,Interestatal,State Highway Agency,1,Sin jurisdiccion especial,90,36.92930556,-89.30913889,Vehiculo en movimiento,Golpe Lateral - misma direccion,Not an Intersection,No fue interseccion,Sobre calle,Ninguna,Dia total,Neblina o Humo,No,NO APLICA,8,32,9,3,1,17/03/2022,4
29,Missouri,290262,0,0,5,0,133,MISSISSIPPI (133),1560,CHARLESTON,3,Marzo,17,2022,8,4,I-57,1,Interestatal,Rural,Interestatal,State Highway Agency,1,Sin jurisdiccion especial,90,36.92930556,-89.30913889,Vehiculo en movimiento,Frente a Detrás,Not an Intersection,No fue interseccion,Sobre calle,Ninguna,Dia total,Neblina o Humo,No,NO APLICA,99,99,99,99,1,17/03/2022,4
29,Missouri,290263,0,0,2,1,21,BUCHANAN (21),7070,ST. JOSEPH,4,Abril,29,2022,1,39,ST JOSEPH AVE,6,Calle Local Municipalidad,Urbano,Arteria Principal,Town or Township Highway Agency,1,Sin jurisdiccion especial,20,39.79223056,-94.84654722,Vehiculo Aparcado,El primer evento no fue una colision con un vehiculo automotor en transporte,Not an Intersection,No fue interseccion,Sobre el lado de la calle,Ninguna,Oscuro con iluminacion,Nublado,No,NO APLICA,1,40,1,44,1,29/04/2022,2
29,Missouri,290264,1,1,3,0,510,ST. LOUIS (CITY) (510),7080,ST. LOUIS,3,Marzo,8,2022,14,54,WASHINGTON AVE,6,Calle Local Municipalidad,Urbano,Arteria Menor,City or Municipal Highway Agency,0,Sin jurisdiccion especial,50,38.62976389,-90.18746389,Peaton,El primer evento no fue una colision con un vehiculo automotor en transporte,Four-Way Intersection,Interseccion de 4 direcciones,Sobre calle,Ninguna,Dia total,Despejado,No,NO APLICA,99,99,99,99,1,08/03/2022,3
29,Missouri,290265,0,0,3,0,133,MISSISSIPPI (133),1560,CHARLESTON,3,Marzo,17,2022,8,0,I-57,1,Interestatal,Rural,Interestatal,State Highway Agency,1,Sin jurisdiccion especial,110,36.92711111,-89.31127778,Vehiculo en movimiento,Frente a Detrás,Not an Intersection,No fue interseccion,Sobre calle,Ninguna,Dia total,Neblina o Humo,No,NO APLICA,99,99,99,99,1,17/03/2022,4
29,Missouri,290266,0,0,2,0,131,MILLER (131),0,NO APLICA,4,Abril,22,2022,18,4,US-54,2,US Highway,Rural,Arteria Principal,State Highway Agency,1,Sin jurisdiccion especial,180,38.23226111,-92.62205833,Vehiculo en movimiento,Angulo,Four-Way Intersection,Interseccion de 4 direcciones,Sobre calle,Ninguna,Dia total,Despejado,No,NO APLICA,18,4,18,9,1,22/04/2022,6
29,Missouri,290267,0,0,2,0,31,CAPE GIRARDEAU (31),3210,GORDONVILLE,4,Abril,26,2022,15,10,SR-25,3,Highway estatal,Rural,Colector Mayor,State Highway Agency,0,Sin jurisdiccion especial,40,37.31755556,-89.66597222,Vehiculo en movimiento,Frente a frente,T-Intersection,Interseccion de T,Sobre calle,Ninguna,Dia total,Despejado,No,NO APLICA,15,17,15,37,1,26/04/2022,2
29,Missouri,290268,0,0,2,0,9,BARRY (9),0,NO APLICA,5,Mayo,2,2022,18,40,SR-76,3,Highway estatal,Rural,Arteria Menor,State Highway Agency,0,Sin jurisdiccion especial,80,36.66897222,-93.99513889,Vehiculo en movimiento,Angulo,Not an Intersection,No fue interseccion,Sobre calle,Ninguna,Dia total,lluvia,No,NO APLICA,18,47,18,55,1,02/05/2022,3
29,Missouri,290269,0,0,1,0,510,ST. LOUIS (CITY) (510),7080,ST. LOUIS,5,Mayo,6,2022,5,1,BIRCHER BLVD,6,Calle Local Municipalidad,Urbano,Colector Mayor,City or Municipal Highway Agency,0,Sin jurisdiccion especial,0,38.68757222,-90.250325,Arbol,El primer evento no fue una colision con un vehiculo automotor en transporte,Not an Intersection,No fue interseccion,Sobre el lado de la calle,Ninguna,Oscuro con iluminacion,lluvia,No,NO APLICA,99,99,99,99,1,06/05/2022,1
29,Missouri,290270,0,0,1,0,147,NODAWAY (147),0,NO APLICA,4,Abril,8,2022,15,40,CR-KATY RD,4,Calle del Condado,Rural,No reportado,County Highway Agency,0,Sin jurisdiccion especial,0,40.53747222,-94.82169444,Volcadura,El primer evento no fue una colision con un vehiculo automotor en transporte,Not an Intersection,No fue interseccion,Sobre el lado de la calle,Ninguna,Dia total,Despejado,No,NO APLICA,15,53,16,27,1,08/04/2022,2
29,Missouri,290271,0,0,4,0,183,ST. CHARLES (183),7100,ST. PETERS,4,Abril,21,2022,22,15,I-70,1,Interestatal,Urbano,Interestatal,State Highway Agency,1,Sin jurisdiccion especial,80,38.80025,-90.629,Vehiculo en movimiento,Frente a Detrás,Not an Intersection,No fue interseccion,Sobre calle,Ninguna,Oscuro con iluminacion,Despejado,No,NO APLICA,99,99,99,99,1,21/04/2022,4
29,Missouri,290272,1,1,1,0,187,ST FRANCOIS (187),0,NO APLICA,5,Mayo,1,2022,10,42,US-67,2,US Highway,Rural,Arterial Principal -Freeway o ExpressWay,State Highway Agency,1,Sin jurisdiccion especial,10,37.65825,-90.36766667,Peaton,El primer evento no fue una colision con un vehiculo automotor en transporte,Not an Intersection,No fue interseccion,Sobre calle,Ninguna,Dia total,Despejado,No,NO APLICA,99,98,99,98,1,01/05/2022,3
29,Missouri,290273,0,0,1,0,81,HARRISON (81),0,NO APLICA,5,Mayo,5,2022,3,50,I-35,1,Interestatal,Rural,Interestatal,State Highway Agency,1,Sin jurisdiccion especial,240,40.23330556,-94.01305556,Fin de valla,El primer evento no fue una colision con un vehiculo automotor en transporte,Not an Intersection,No fue interseccion,Sobre el lado de la calle,Construccion,Oscuro sin iluminacion,Nublado,No,NO APLICA,99,98,99,98,1,05/05/2022,2
29,Missouri,290274,0,0,2,0,209,STONE (209),6670,REEDS SPRING,5,Mayo,6,2022,13,58,SR-13,3,Highway estatal,Rural,Arteria Principal,State Highway Agency,1,Sin jurisdiccion especial,40,36.76158333,-93.35419444,Vehiculo en movimiento,Frente a frente,Not an Intersection,No fue interseccion,Sobre calle,Ninguna,Dia total,Nublado,No,NO APLICA,14,0,14,8,2,06/05/2022,3
29,Missouri,290275,0,0,2,0,15,BENTON (15),0,NO APLICA,5,Mayo,7,2022,17,45,SR-7,3,Highway estatal,Rural,Arteria Principal,State Highway Agency,1,Sin jurisdiccion especial,210,38.17558333,-93.28841667,Vehiculo en movimiento,Frente a frente,Not an Intersection,No fue interseccion,Sobre el lado de la calle,Ninguna,Dia total,Nublado,No,NO APLICA,17,47,17,57,1,07/05/2022,6
29,Missouri,290276,1,1,1,0,189,ST LOUIS (189),2700,FERGUSON,5,Mayo,7,2022,22,45,WEST FLORISSANT AVE,6,Calle Local Municipalidad,Urbano,Arteria Principal,City or Municipal Highway Agency,1,Sin jurisdiccion especial,30,38.73519444,-90.27791667,Peaton,El primer evento no fue una colision con un vehiculo automotor en transporte,Not an Intersection,No fue interseccion,Sobre calle,Ninguna,Oscuro sin iluminacion,Despejado,No,NO APLICA,22,52,23,4,1,07/05/2022,1
29,Missouri,290277,0,0,3,0,77,GREENE (77),7460,SPRINGFIELD,5,Mayo,10,2022,17,28,WEST BYPASS,6,Calle Local Municipalidad,Urbano,Arteria Principal,State Highway Agency,1,Sin jurisdiccion especial,100,37.19765,-93.34965833,Vehiculo en movimiento,Angulo,T-Intersection,Interseccion de T,Sobre calle,Ninguna,Dia total,Nublado,No,NO APLICA,99,98,99,98,1,10/05/2022,3
29,Missouri,290278,0,0,2,0,99,JEFFERSON (99),0,NO APLICA,5,Mayo,10,2022,10,10,US-67,2,US Highway,Urbano,Arteria Principal,State Highway Agency,1,Sin jurisdiccion especial,130,38.19152778,-90.41513889,Vehiculo en movimiento,Angulo,Four-Way Intersection,Interseccion de 4 direcciones,Sobre calle,Ninguna,Dia total,Despejado,No,NO APLICA,10,13,10,17,1,10/05/2022,3
29,Missouri,290279,0,0,1,0,145,NEWTON (145),0,NO APLICA,5,Mayo,11,2022,17,25,SR-43,3,Highway estatal,Rural,Arteria Menor,State Highway Agency,0,Sin jurisdiccion especial,90,36.94254722,-94.56413056,Arbol,El primer evento no fue una colision con un vehiculo automotor en transporte,Not an Intersection,No fue interseccion,Sobre el lado de la calle,Ninguna,Dia total,Despejado,No,NO APLICA,99,98,99,98,1,11/05/2022,1
29,Missouri,290280,0,0,1,0,189,ST LOUIS (189),650,BERKELEY,3,Marzo,14,2022,22,29,I-70,1,Interestatal,Urbano,Interestatal,State Highway Agency,1,Sin jurisdiccion especial,30,38.72105556,-90.31886111,Barrera de Trafico de Concreto,El primer evento no fue una colision con un vehiculo automotor en transporte,Not an Intersection,No fue interseccion,En el medio,Ninguna,Oscuro con iluminacion,Despejado,No,NO APLICA,22,42,22,53,1,14/03/2022,1
29,Missouri,290281,0,0,1,0,31,CAPE GIRARDEAU (31),1390,CAPE GIRARDEAU,4,Abril,24,2022,12,33,LINDEN ST,6,Calle Local Municipalidad,Urbano,Local,City or Municipal Highway Agency,0,Sin jurisdiccion especial,0,37.28931944,-89.52993611,Volcadura,El primer evento no fue una colision con un vehiculo automotor en transporte,Not an Intersection,No fue interseccion,Sobre calle,Ninguna,Dia total,Despejado,No,NO APLICA,12,36,12,48,1,24/04/2022,1
29,Missouri,290282,0,0,1,0,510,ST. LOUIS (CITY) (510),7080,ST. LOUIS,4,Abril,30,2022,0,6,SR-H,3,Highway estatal,Urbano,Arteria Principal,State Highway Agency,0,Sin jurisdiccion especial,70,38.68560278,-90.20680556,Barda,El primer evento no fue una colision con un vehiculo automotor en transporte,Not an Intersection,No fue interseccion,Sobre el lado de la calle,Ninguna,Oscuro con iluminacion,lluvia,No,NO APLICA,99,99,99,99,1,30/04/2022,1
29,Missouri,290284,0,0,1,0,221,WASHINGTON (221),0,NO APLICA,5,Mayo,11,2022,5,40,SR-21,3,Highway estatal,Rural,Arteria Principal,State Highway Agency,0,Sin jurisdiccion especial,100,38.00375,-90.76247222,Poste de Señal de trafico,El primer evento no fue una colision con un vehiculo automotor en transporte,Not an Intersection,No fue interseccion,Sobre el lado de la calle,Ninguna,Oscuro con iluminacion,Nublado,No,NO APLICA,5,40,5,42,1,11/05/2022,1
29,Missouri,290285,0,0,2,0,69,DUNKLIN (69),0,NO APLICA,5,Mayo,12,2022,20,40,US-62,2,US Highway,Rural,Arteria Menor,State Highway Agency,0,Sin jurisdiccion especial,150,36.5505,-89.95666667,Vehiculo en movimiento,Frente a Detrás,Not an Intersection,No fue interseccion,Sobre calle,Ninguna,Oscuro sin iluminacion,Despejado,No,NO APLICA,20,47,21,6,1,12/05/2022,4
29,Missouri,290286,1,1,1,0,143,NEW MADRID (143),0,NO APLICA,5,Mayo,12,2022,3,24,US-61,2,US Highway,Rural,Colector Mayor,State Highway Agency,0,Sin jurisdiccion especial,140,36.66286111,-89.55180556,Peaton,El primer evento no fue una colision con un vehiculo automotor en transporte,Not an Intersection,No fue interseccion,Sobre calle,Ninguna,Oscuro sin iluminacion,Nublado,No,NO APLICA,3,32,3,42,1,12/05/2022,1
29,Missouri,290287,0,0,1,0,71,FRANKLIN (71),0,NO APLICA,5,Mayo,12,2022,16,20,SR-TT,3,Highway estatal,Rural,Colector Menor,State Highway Agency,0,Sin jurisdiccion especial,50,38.36061111,-90.90080556,Volcadura,El primer evento no fue una colision con un vehiculo automotor en transporte,Not an Intersection,No fue interseccion,Sobre el lado de la calle,Ninguna,Dia total,Despejado,No,NO APLICA,99,99,99,99,1,12/05/2022,3
29,Missouri,290288,0,0,1,0,51,COLE (51),0,NO APLICA,5,Mayo,13,2022,6,5,CR-ROCKRIDGE RD,4,Calle del Condado,Urbano,Local,County Highway Agency,0,Sin jurisdiccion especial,10,38.55677778,-92.24986111,Poste de Señal de trafico,El primer evento no fue una colision con un vehiculo automotor en transporte,Not an Intersection,No fue interseccion,Sobre el lado de la calle,Ninguna,Dia total,Despejado,No,NO APLICA,6,18,6,25,1,13/05/2022,2
29,Missouri,290289,0,0,1,0,1,ADAIR (1),0,NO APLICA,5,Mayo,14,2022,9,35,SR-J,3,Highway estatal,Rural,Colector Mayor,State Highway Agency,0,Sin jurisdiccion especial,40,40.27036111,-92.40294444,Acotamiento,El primer evento no fue una colision con un vehiculo automotor en transporte,Not an Intersection,No fue interseccion,Sobre el lado de la calle,Ninguna,Dia total,Despejado,No,NO APLICA,99,98,99,98,2,14/05/2022,2
29,Missouri,290290,0,0,3,0,223,WAYNE (223),0,NO APLICA,5,Mayo,15,2022,13,37,US-67,2,US Highway,Rural,Arterial Principal -Freeway o ExpressWay,State Highway Agency,1,Sin jurisdiccion especial,120,37.08977778,-90.46552778,Vehiculo en movimiento,Frente a Detrás,Not an Intersection,No fue interseccion,Sobre calle,Ninguna,Dia total,Nublado,No,NO APLICA,13,36,13,41,1,15/05/2022,3
29,Missouri,290291,1,1,1,0,187,ST FRANCOIS (187),0,NO APLICA,5,Mayo,2,2022,4,48,US-67,2,US Highway,Urbano,Arterial Principal -Freeway o ExpressWay,State Highway Agency,1,Sin jurisdiccion especial,100,37.91305556,-90.53302778,Peaton,El primer evento no fue una colision con un vehiculo automotor en transporte,Not an Intersection,No fue interseccion,Sobre calle,Ninguna,Oscuro sin iluminacion,Despejado,No,NO APLICA,4,49,4,54,1,02/05/2022,1
29,Missouri,290292,0,0,2,0,73,GASCONADE (73),0,NO APLICA,5,Mayo,7,2022,8,25,US-50,2,US Highway,Urbano,Arteria Principal,State Highway Agency,1,Sin jurisdiccion especial,80,38.48133333,-91.50369444,Vehiculo en movimiento,Frente a frente,Not an Intersection,No fue interseccion,Sobre calle,Ninguna,Dia total,Despejado,No,NO APLICA,8,26,8,39,2,07/05/2022,3
29,Missouri,290293,0,0,2,0,209,STONE (209),0,NO APLICA,5,Mayo,16,2022,12,39,SR-76,3,Highway estatal,Rural,Arteria Menor,State Highway Agency,0,Sin jurisdiccion especial,30,36.73311111,-93.52683333,Vehiculo en movimiento,Frente a frente,Not an Intersection,No fue interseccion,Sobre calle,Ninguna,Dia total,Despejado,No,NO APLICA,12,53,13,13,1,16/05/2022,2
29,Missouri,290294,0,0,1,0,213,TANEY (213),0,NO APLICA,5,Mayo,18,2022,15,55,SR-76,3,Highway estatal,Rural,Arterial Principal -Freeway o ExpressWay,State Highway Agency,1,Sin jurisdiccion especial,440,36.71427222,-93.27566944,Suelo,El primer evento no fue una colision con un vehiculo automotor en transporte,Not an Intersection,No fue interseccion,En el medio,Ninguna,Dia total,Nublado,No,NO APLICA,16,3,16,4,1,18/05/2022,1
29,Missouri,290295,0,0,1,0,35,CARTER (35),0,NO APLICA,5,Mayo,19,2022,16,20,CR-325,4,Calle del Condado,Rural,No reportado,County Highway Agency,0,Sin jurisdiccion especial,10,36.99330556,-90.86163889,Barda,El primer evento no fue una colision con un vehiculo automotor en transporte,Not an Intersection,No fue interseccion,Fuera de la calle,Ninguna,Dia total,Despejado,No,NO APLICA,16,22,16,33,1,19/05/2022,2
29,Missouri,290296,0,0,1,0,161,PHELPS (161),0,NO APLICA,5,Mayo,12,2022,17,56,CR-5010,4,Calle del Condado,Rural,Local,County Highway Agency,0,Sin jurisdiccion especial,0,37.91433333,-91.76675,Zanja,El primer evento no fue una colision con un vehiculo automotor en transporte,Not an Intersection,No fue interseccion,Sobre el lado de la calle,Ninguna,Dia total,Despejado,No,NO APLICA,18,4,18,11,1,12/05/2022,3
29,Missouri,290297,0,0,4,0,47,CLAY (47),7370,SMITHVILLE,5,Mayo,17,2022,17,28,US-69,2,US Highway,Urbano,Arteria Menor,State Highway Agency,0,Sin jurisdiccion especial,50,39.38944444,-94.58425,Vehiculo en movimiento,Golpe Lateral - misma direccion,Not an Intersection,No fue interseccion,Sobre calle,Ninguna,Dia total,Despejado,No,NO APLICA,17,28,17,30,1,17/05/2022,7
29,Missouri,290298,0,0,3,0,47,CLAY (47),2600,EXCELSIOR SPRINGS,5,Mayo,23,2022,10,12,US-69,2,US Highway,Urbano,Arteria Principal,State Highway Agency,1,Sin jurisdiccion especial,70,39.36327778,-94.23602778,Vehiculo en movimiento,Angulo,Not Reported,No reportado,Sobre calle,Ninguna,Dia total,Despejado,No,NO APLICA,10,15,10,17,1,23/05/2022,4
29,Missouri,290299,0,0,3,0,91,HOWELL (91),8330,WEST PLAINS,5,Mayo,25,2022,13,21,US-63,2,US Highway,Urbano,Arteria Principal,State Highway Agency,1,Sin jurisdiccion especial,110,36.71663889,-91.85077778,Vehiculo en movimiento,Angulo,Four-Way Intersection,Interseccion de 4 direcciones,Sobre calle,Ninguna,Dia total,lluvia,No,NO APLICA,13,22,13,26,3,25/05/2022,8
29,Missouri,290300,1,1,1,0,95,JACKSON (95),4120,KANSAS CITY,5,Mayo,25,2022,15,54,TRUMAN RD,6,Calle Local Municipalidad,Urbano,Arteria Menor,State Highway Agency,0,Sin jurisdiccion especial,0,39.09286944,-94.487025,Peaton,El primer evento no fue una colision con un vehiculo automotor en transporte,Four-Way Intersection,Interseccion de 4 direcciones,Isla de trafico para peatones,Ninguna,Dia total,Nublado,No,NO APLICA,16,2,16,4,1,25/05/2022,2
29,Missouri,290302,0,0,2,0,19,BOONE (19),1800,COLUMBIA,4,Abril,19,2022,7,49,SR-B,3,Highway estatal,Urbano,Arteria Menor,State Highway Agency,0,Sin jurisdiccion especial,110,38.97316389,-92.30247778,Vehiculo en movimiento,Frente a frente,Four-Way Intersection,Interseccion de 4 direcciones,Sobre calle,Ninguna,Dia total,Despejado,No,NO APLICA,7,53,7,54,1,19/04/2022,2
29,Missouri,290303,0,0,3,1,510,ST. LOUIS (CITY) (510),7080,ST. LOUIS,5,Mayo,6,2022,21,7,DELMAR BLVD,6,Calle Local Municipalidad,Urbano,Arteria Menor,City or Municipal Highway Agency,0,Sin jurisdiccion especial,30,38.64778333,-90.24787778,Vehiculo en movimiento,Angulo,Four-Way Intersection,Interseccion de 4 direcciones,Sobre calle,Ninguna,Oscuro con iluminacion,Nublado,No,NO APLICA,21,11,21,19,5,06/05/2022,10
29,Missouri,290304,0,0,2,0,99,JEFFERSON (99),0,NO APLICA,5,Mayo,15,2022,16,45,SR-30,3,Highway estatal,Urbano,Arteria Principal,State Highway Agency,1,Sin jurisdiccion especial,160,38.37808333,-90.61975,Vehiculo en movimiento,Angulo,Four-Way Intersection,Interseccion de 4 direcciones,Sobre calle,Ninguna,Dia total,Despejado,No,NO APLICA,16,57,17,0,1,15/05/2022,3
29,Missouri,290305,0,0,1,0,99,JEFFERSON (99),0,NO APLICA,5,Mayo,19,2022,10,21,SR-21,3,Highway estatal,Rural,Arteria Principal,State Highway Agency,1,Sin jurisdiccion especial,230,38.19044444,-90.56819444,Acotamiento,El primer evento no fue una colision con un vehiculo automotor en transporte,Not an Intersection,No fue interseccion,Sobre el lado de la calle,Ninguna,Dia total,Nublado,No,NO APLICA,99,99,99,99,1,19/05/2022,1
29,Missouri,290306,0,0,1,0,37,CASS (37),6360,PLEASANT HILL,5,Mayo,21,2022,20,30,LEXINGTON RD,6,Calle Local Municipalidad,Urbano,Arteria Menor,City or Municipal Highway Agency,0,Sin jurisdiccion especial,0,38.81808333,-94.25488889,Volcadura,El primer evento no fue una colision con un vehiculo automotor en transporte,Not an Intersection,No fue interseccion,Sobre calle,Ninguna,Dia total,Despejado,No,NO APLICA,20,34,20,39,1,21/05/2022,1
29,Missouri,290307,0,0,2,0,215,TEXAS (215),0,NO APLICA,5,Mayo,27,2022,7,20,US-63,2,US Highway,Rural,Arteria Principal,State Highway Agency,1,Sin jurisdiccion especial,170,37.3695,-91.90894444,Vehiculo en movimiento,Frente a frente,Not an Intersection,No fue interseccion,Sobre calle,Ninguna,Dia total,Nublado,No,NO APLICA,99,99,99,99,1,27/05/2022,2
29,Missouri,290308,0,0,2,0,185,ST. CLAIR (185),1790,COLLINS,5,Mayo,28,2022,18,0,SR-13,3,Highway estatal,Rural,Arteria Principal,State Highway Agency,1,Sin jurisdiccion especial,70,37.92330556,-93.62447222,Vehiculo en movimiento,Angulo,Four-Way Intersection,Interseccion de 4 direcciones,Sobre calle,Ninguna,Dia total,Despejado,No,NO APLICA,99,98,99,98,1,28/05/2022,3
29,Missouri,290309,0,0,1,0,107,LAFAYETTE (107),0,NO APLICA,5,Mayo,29,2022,23,10,US-24,2,US Highway,Rural,Arteria Principal,State Highway Agency,1,Sin jurisdiccion especial,70,39.12216667,-93.984,Banqueta,El primer evento no fue una colision con un vehiculo automotor en transporte,Not an Intersection,No fue interseccion,Sobre el lado de la calle,Ninguna,Oscuro con iluminacion,Despejado,No,NO APLICA,23,15,23,16,1,29/05/2022,1
29,Missouri,290310,0,0,1,0,93,IRON (93),0,NO APLICA,5,Mayo,29,2022,15,10,SR-N,3,Highway estatal,Rural,Colector Mayor,State Highway Agency,0,Sin jurisdiccion especial,10,37.64233333,-90.68530556,Volcadura,El primer evento no fue una colision con un vehiculo automotor en transporte,Not an Intersection,No fue interseccion,Sobre el lado de la calle,Ninguna,Dia total,Despejado,No,NO APLICA,15,11,15,17,1,29/05/2022,1
29,Missouri,290311,0,0,1,0,99,JEFFERSON (99),0,NO APLICA,5,Mayo,11,2022,3,0,US-61,2,US Highway,Rural,Colector Mayor,State Highway Agency,0,Sin jurisdiccion especial,270,38.13345278,-90.31131944,Barda,El primer evento no fue una colision con un vehiculo automotor en transporte,Not an Intersection,No fue interseccion,Fuera de la calle,Ninguna,Oscuro sin iluminacion,Despejado,No,NO APLICA,6,52,7,2,1,11/05/2022,1
29,Missouri,290312,0,0,1,0,99,JEFFERSON (99),0,NO APLICA,5,Mayo,13,2022,1,20,CR-MEYER RD,4,Calle del Condado,Rural,Colector Mayor,County Highway Agency,0,Sin jurisdiccion especial,10,38.19832222,-90.47136667,Arbol,El primer evento no fue una colision con un vehiculo automotor en transporte,Not an Intersection,No fue interseccion,Sobre el lado de la calle,Ninguna,Oscuro sin iluminacion,Nublado,No,NO APLICA,1,16,1,26,1,13/05/2022,1
29,Missouri,290313,0,0,1,0,186,STE GENEVIEVE (186),0,NO APLICA,5,Mayo,29,2022,12,5,SR-O,3,Highway estatal,Rural,Colector Mayor,State Highway Agency,0,Sin jurisdiccion especial,60,37.91045556,-90.21538611,Volcadura,El primer evento no fue una colision con un vehiculo automotor en transporte,Not an Intersection,No fue interseccion,Sobre el lado de la calle,Ninguna,Dia total,Despejado,No,NO APLICA,12,4,12,12,1,29/05/2022,1
29,Missouri,290314,0,0,1,0,187,ST FRANCOIS (187),0,NO APLICA,5,Mayo,29,2022,3,5,SR-O,3,Highway estatal,Rural,Colector Mayor,State Highway Agency,0,Sin jurisdiccion especial,30,37.84930556,-90.45352778,Otra no colicion,El primer evento no fue una colision con un vehiculo automotor en transporte,Not an Intersection,No fue interseccion,Sobre calle,Ninguna,Oscuro sin iluminacion,Despejado,No,NO APLICA,3,6,3,16,1,29/05/2022,1