Estado,Nombre de Estado,Numero de Caso,Peatones,Personas _no_vehiculos,Vehiculos automotores,Vehiculos estacionados,Condado,Nombre Condado,Ciudad,Nombre Ciudad,Mes,Nombre Mes,Dia,Año,Hora,Minuto,Calle,Ruta,Nombre Ruta,Rural o Urbanoo,Sistema Funcional,Dueño Calle,Sistema Nacional Carreteras,Jurisdiccion Especial,Milla,Latitud,Longitud,Causa del Accidente,Tipo de Accidente,Tipo Interseccion,Columna1,Lugar en la calle,Zona de Trabajo,Luz,Clima,Autobus Escolar,Cruce de Trenes,Hora Notificacion,Minuto Notificacion,Hora Llegada,Minuto Llegada,Decesos,Fecha,PersonaVehiculo
29,Missouri,290315,0,0,4,0,510,ST. LOUIS (CITY) (510),7080,ST. LOUIS,5,Mayo,30,2022,2,41,KINGSHIGHWAY BLVD,6,Calle Local Municipalidad,Urbano,Arteria Principal,City or Municipal Highway Agency,1,Sin jurisdiccion especial,70,38.605025,-90.26921389,Vehiculo en movimiento,Frente a Detrás,Not Reported,No reportado,Sobre calle,Ninguna,Oscuro con iluminacion,Despejado,No,NO APLICA,2,47,2,53,1,30/05/2022,6
29,Missouri,290316,0,0,1,0,167,POLK (167),0,NO APLICA,5,Mayo,30,2022,5,48,SR-32,3,Highway estatal,Rural,Arteria Menor,State Highway Agency,0,Sin jurisdiccion especial,80,37.61336111,-93.47619444,Acotamiento,El primer evento no fue una colision con un vehiculo automotor en transporte,Not an Intersection,No fue interseccion,Sobre el lado de la calle,Ninguna,Oscuro sin iluminacion,Despejado,No,NO APLICA,5,47,5,55,1,30/05/2022,1
29,Missouri,290317,0,0,1,0,97,JASPER (97),0,NO APLICA,6,Junio,1,2022,6,56,SR-NN,3,Highway estatal,Rural,Colector Mayor,State Highway Agency,0,Sin jurisdiccion especial,10,37.29091667,-94.08775,Zanja,El primer evento no fue una colision con un vehiculo automotor en transporte,Not an Intersection,No fue interseccion,Sobre el lado de la calle,Ninguna,Oscuro sin iluminacion,lluvia,No,NO APLICA,99,98,99,98,1,01/06/2022,1
29,Missouri,290318,0,0,2,0,187,ST FRANCOIS (187),2670,FARMINGTON,6,Junio,3,2022,13,32,W KARSCH BLVD,6,Calle Local Municipalidad,Urbano,Arteria Principal,State Highway Agency,1,Sin jurisdiccion especial,160,37.78944444,-90.43033333,Vehiculo en movimiento,Frente a Detrás,Not an Intersection,No fue interseccion,Sobre calle,Ninguna,Dia total,Despejado,No,NO APLICA,99,98,99,98,1,03/06/2022,3
29,Missouri,290319,0,0,1,0,131,MILLER (131),0,NO APLICA,6,Junio,4,2022,10,30,SR-W,3,Highway estatal,Rural,Colector Mayor,State Highway Agency,0,Sin jurisdiccion especial,20,38.26513889,-92.68088889,Suelo,El primer evento no fue una colision con un vehiculo automotor en transporte,Not an Intersection,No fue interseccion,Sobre el lado de la calle,Ninguna,Dia total,Despejado,No,NO APLICA,10,30,10,36,1,04/06/2022,1
29,Missouri,290321,0,0,1,0,219,WARREN (219),0,NO APLICA,6,Junio,6,2022,99,99,SR-47,3,Highway estatal,Rural,Arteria Menor,State Highway Agency,0,Sin jurisdiccion especial,30,38.88419444,-91.13236111,Arbol,El primer evento no fue una colision con un vehiculo automotor en transporte,Not an Intersection,No fue interseccion,Sobre el lado de la calle,Ninguna,Reportada como desconocida,Reportado como desconocido,No,NO APLICA,99,98,99,98,1,06/06/2022,1
29,Missouri,290322,0,0,1,0,59,DALLAS (59),0,NO APLICA,6,Junio,9,2022,16,25,SR-OO,3,Highway estatal,Rural,Colector Mayor,State Highway Agency,0,Sin jurisdiccion especial,50,37.692025,-92.85685278,Volcadura,El primer evento no fue una colision con un vehiculo automotor en transporte,Not an Intersection,No fue interseccion,Sobre el lado de la calle,Ninguna,Dia total,Nublado,No,NO APLICA,16,19,16,29,1,09/06/2022,1
29,Missouri,290323,1,1,1,0,131,MILLER (131),4327,LAKE OZARK,6,Junio,5,2022,20,57,US-54 RAMP,2,US Highway,Rural,Arterial Principal -Freeway o ExpressWay,State Highway Agency,1,Sin jurisdiccion especial,0,38.18768611,-92.60792778,Peaton,El primer evento no fue una colision con un vehiculo automotor en transporte,Not an Intersection,No fue interseccion,Sobre calle,Ninguna,Oscuro sin iluminacion,Despejado,No,NO APLICA,99,98,99,98,1,05/06/2022,1
29,Missouri,290324,0,0,1,0,141,MORGAN (141),0,NO APLICA,6,Junio,6,2022,18,24,SR-Y,3,Highway estatal,Rural,Colector Mayor,State Highway Agency,0,Sin jurisdiccion especial,150,38.28713889,-92.70247222,Acotamiento,El primer evento no fue una colision con un vehiculo automotor en transporte,Not an Intersection,No fue interseccion,Sobre el lado de la calle,Ninguna,Dia total,Nublado,No,NO APLICA,99,98,99,98,1,06/06/2022,1
29,Missouri,290325,0,0,2,0,71,FRANKLIN (71),0,NO APLICA,6,Junio,6,2022,16,42,I-44,1,Interestatal,Rural,Interestatal,State Highway Agency,1,Sin jurisdiccion especial,190,38.38594444,-90.95111111,Vehiculo en movimiento,Frente a Detrás,Not an Intersection,No fue interseccion,Sobre calle,Ninguna,Dia total,Nublado,No,NO APLICA,99,98,99,98,1,06/06/2022,2
29,Missouri,290326,0,0,1,0,71,FRANKLIN (71),7020,ST. CLAIR,6,Junio,8,2022,7,45,I-44,1,Interestatal,Rural,Interestatal,State Highway Agency,1,Sin jurisdiccion especial,110,38.31252778,-91.05661111,Arbol,El primer evento no fue una colision con un vehiculo automotor en transporte,Not an Intersection,No fue interseccion,Sobre el lado de la calle,Ninguna,Dia total,Despejado,No,NO APLICA,7,14,7,37,1,08/06/2022,2
29,Missouri,290327,1,1,1,0,95,JACKSON (95),4120,KANSAS CITY,6,Junio,12,2022,21,48,BLUE RIDGE BLVD,6,Calle Local Municipalidad,Urbano,Arteria Menor,City or Municipal Highway Agency,0,Sin jurisdiccion especial,80,38.90968056,-94.52165278,Peaton,El primer evento no fue una colision con un vehiculo automotor en transporte,Not an Intersection,No fue interseccion,Sobre calle,Ninguna,Oscuro con iluminacion,Despejado,No,NO APLICA,99,98,99,98,1,12/06/2022,2
29,Missouri,290328,0,0,2,0,109,LAWRENCE (109),0,NO APLICA,5,Mayo,10,2022,16,35,SR-T,3,Highway estatal,Rural,Colector Mayor,State Highway Agency,0,Sin jurisdiccion especial,50,37.06033333,-93.62758333,Vehiculo en movimiento,Golpe Lateral - misma direccion,Not Reported,No reportado,Sobre calle,Ninguna,Dia total,Despejado,No,NO APLICA,99,99,99,99,1,10/05/2022,2
29,Missouri,290329,0,0,2,0,135,MONITEAU (135),0,NO APLICA,5,Mayo,16,2022,19,18,US-50,2,US Highway,Urbano,Arteria Principal,State Highway Agency,1,Sin jurisdiccion especial,110,38.63928889,-92.64932778,Vehiculo en movimiento,Angulo,Not an Intersection,No fue interseccion,Sobre calle,Ninguna,Dia total,Despejado,No,NO APLICA,20,18,20,23,2,16/05/2022,3
29,Missouri,290330,0,0,2,0,71,FRANKLIN (71),0,NO APLICA,5,Mayo,28,2022,23,26,CR-ST MARYS RD,4,Calle del Condado,Rural,Colector Menor,County Highway Agency,0,Sin jurisdiccion especial,10,38.45363056,-90.86124167,Vehiculo en movimiento,Frente a frente,Not an Intersection,No fue interseccion,Sobre calle,Ninguna,Oscuro sin iluminacion,Despejado,No,NO APLICA,23,27,23,39,1,28/05/2022,3
29,Missouri,290331,0,0,2,0,189,ST LOUIS (189),4060,JENNINGS,6,Junio,1,2022,15,23,SR-367,3,Highway estatal,Urbano,Arteria Principal,State Highway Agency,1,Sin jurisdiccion especial,60,38.72886111,-90.23994444,Vehiculo en movimiento,Angulo,Four-Way Intersection,Interseccion de 4 direcciones,Sobre calle,Ninguna,Dia total,Nublado,No,NO APLICA,15,25,15,28,1,01/06/2022,3
29,Missouri,290332,0,0,2,0,510,ST. LOUIS (CITY) (510),7080,ST. LOUIS,6,Junio,8,2022,0,34,I-70,1,Interestatal,Urbano,Interestatal,State Highway Agency,1,Sin jurisdiccion especial,20,38.68450556,-90.24253611,Vehiculo en movimiento,Frente a Detrás,Not an Intersection,No fue interseccion,Sobre calle,Ninguna,Oscuro con iluminacion,Nublado,No,NO APLICA,0,43,0,53,1,08/06/2022,2
29,Missouri,290333,0,0,2,0,95,JACKSON (95),4120,KANSAS CITY,6,Junio,8,2022,0,40,W 75TH ST,6,Calle Local Municipalidad,Urbano,Arteria Menor,City or Municipal Highway Agency,0,Sin jurisdiccion especial,0,38.99283333,-94.60383333,Vehiculo en movimiento,Angulo,Four-Way Intersection,Interseccion de 4 direcciones,Sobre calle,Ninguna,Oscuro con iluminacion,Despejado,No,NO APLICA,0,41,0,46,1,08/06/2022,2
29,Missouri,290334,0,0,1,0,223,WAYNE (223),0,NO APLICA,6,Junio,10,2022,22,30,SR-D,3,Highway estatal,Rural,Colector Mayor,State Highway Agency,0,Sin jurisdiccion especial,130,37.01695556,-90.28083333,Suelo,El primer evento no fue una colision con un vehiculo automotor en transporte,Not an Intersection,No fue interseccion,Sobre el lado de la calle,Ninguna,Oscuro sin iluminacion,Nublado,No,NO APLICA,22,52,23,34,1,10/06/2022,1
29,Missouri,290335,1,1,1,0,173,RALLS (173),0,NO APLICA,6,Junio,10,2022,2,0,US-61,2,US Highway,Rural,Arterial Principal -Freeway o ExpressWay,State Highway Agency,1,Sin jurisdiccion especial,100,39.64491667,-91.41927778,Peaton,El primer evento no fue una colision con un vehiculo automotor en transporte,Not an Intersection,No fue interseccion,Sobre calle,Ninguna,Oscuro sin iluminacion,Nublado,No,NO APLICA,2,3,2,13,1,10/06/2022,1
29,Missouri,290336,0,0,1,0,161,PHELPS (161),0,NO APLICA,6,Junio,12,2022,22,1,CR-2250,4,Calle del Condado,Rural,Local,County Highway Agency,0,Sin jurisdiccion especial,10,37.99947222,-91.67855556,Alguien se cayo/avento del vehiculo,El primer evento no fue una colision con un vehiculo automotor en transporte,Not an Intersection,No fue interseccion,Sobre calle,Ninguna,Oscuro sin iluminacion,Despejado,No,NO APLICA,22,14,22,21,1,12/06/2022,4
29,Missouri,290338,0,0,2,0,201,SCOTT (201),7310,SIKESTON,6,Junio,17,2022,7,16,US-61,2,US Highway,Urbano,Arteria Menor,State Highway Agency,0,Sin jurisdiccion especial,290,36.88200833,-89.58046111,Vehiculo en movimiento,Angulo,Not an Intersection,No fue interseccion,Sobre calle,Ninguna,Dia total,Nublado,No,NO APLICA,7,20,7,23,1,17/06/2022,2
29,Missouri,290339,0,0,3,2,95,JACKSON (95),4120,KANSAS CITY,6,Junio,17,2022,15,41,TRUMAN RD,6,Calle Local Municipalidad,Urbano,Arteria Menor,City or Municipal Highway Agency,0,Sin jurisdiccion especial,40,39.09370278,-94.50383889,Vehiculo Aparcado,El primer evento no fue una colision con un vehiculo automotor en transporte,Not an Intersection,No fue interseccion,En estacionamiento,Ninguna,Dia total,Despejado,No,NO APLICA,15,41,15,42,1,17/06/2022,1
29,Missouri,290340,0,0,4,0,95,JACKSON (95),4120,KANSAS CITY,4,Abril,5,2022,17,45,BLUE RIDGE BLVD,6,Calle Local Municipalidad,Urbano,Arteria Menor,City or Municipal Highway Agency,0,Sin jurisdiccion especial,60,39.04375,-94.43846389,Vehiculo en movimiento,Frente a frente,Four-Way Intersection,Interseccion de 4 direcciones,Sobre calle,Ninguna,Dia total,lluvia,No,NO APLICA,18,0,18,1,1,05/04/2022,4
29,Missouri,290341,1,1,2,0,99,JEFFERSON (99),0,NO APLICA,5,Mayo,20,2022,19,16,I-55 OUTER RD,7,Calle Local,Urbano,Colector Mayor,State Highway Agency,0,Sin jurisdiccion especial,10,38.40441667,-90.38591667,Peaton,El primer evento no fue una colision con un vehiculo automotor en transporte,Not an Intersection,No fue interseccion,Sobre calle,Ninguna,Dia total,Nublado,No,NO APLICA,19,18,19,23,1,20/05/2022,1
29,Missouri,290342,0,0,2,0,55,CRAWFORD (55),0,NO APLICA,6,Junio,1,2022,5,10,SR-DD,3,Highway estatal,Rural,Colector Mayor,State Highway Agency,0,Sin jurisdiccion especial,50,38.06461111,-91.42705556,Vehiculo en movimiento,Frente a frente,Not an Intersection,No fue interseccion,Sobre calle,Ninguna,Oscuro sin iluminacion,lluvia,No,NO APLICA,99,99,99,99,1,01/06/2022,3
29,Missouri,290343,0,0,2,0,143,NEW MADRID (143),0,NO APLICA,6,Junio,4,2022,1,0,I-55,1,Interestatal,Rural,Interestatal,State Highway Agency,1,Sin jurisdiccion especial,270,36.76791667,-89.53711111,Vehiculo en movimiento,Angulo,Not an Intersection,No fue interseccion,Sobre calle,Ninguna,Oscuro sin iluminacion,Despejado,No,NO APLICA,99,98,99,98,1,04/06/2022,2
29,Missouri,290344,0,0,2,0,189,ST LOUIS (189),4060,JENNINGS,6,Junio,4,2022,18,59,SR-367,3,Highway estatal,Urbano,Arteria Principal,County Highway Agency,1,Sin jurisdiccion especial,60,38.73521111,-90.24127222,Vehiculo en movimiento,Angulo,Four-Way Intersection,Interseccion de 4 direcciones,Sobre calle,Ninguna,Dia total,Despejado,No,NO APLICA,99,99,99,99,1,04/06/2022,8
29,Missouri,290345,1,1,1,0,145,NEWTON (145),4100,JOPLIN,6,Junio,5,2022,2,29,I-44,1,Interestatal,Urbano,Interestatal,State Highway Agency,1,Sin jurisdiccion especial,40,37.01289444,-94.54165,Peaton,El primer evento no fue una colision con un vehiculo automotor en transporte,Not an Intersection,No fue interseccion,Sobre calle,Ninguna,Oscuro sin iluminacion,Despejado,No,NO APLICA,99,98,99,98,1,05/06/2022,2
29,Missouri,290346,0,0,3,0,155,PEMISCOT (155),0,NO APLICA,6,Junio,7,2022,8,23,US-412,2,US Highway,Rural,Arterial Principal -Freeway o ExpressWay,State Highway Agency,1,Sin jurisdiccion especial,0,36.23502778,-89.95830556,Vehiculo en movimiento,Frente a frente,Not an Intersection,No fue interseccion,Sobre calle,Ninguna,Dia total,Despejado,No,NO APLICA,8,25,8,35,1,07/06/2022,3
29,Missouri,290347,0,0,1,0,51,COLE (51),4040,JEFFERSON CITY,5,Mayo,7,2022,13,50,FROG HOLLOW RD,6,Calle Local Municipalidad,Urbano,No reportado,City or Municipal Highway Agency,0,Sin jurisdiccion especial,10,38.56549722,-92.22353333,Volcadura,El primer evento no fue una colision con un vehiculo automotor en transporte,Not an Intersection,No fue interseccion,Sobre calle,Ninguna,Dia total,Despejado,No,NO APLICA,13,55,14,1,1,07/05/2022,1
29,Missouri,290348,0,0,1,0,83,HENRY (83),0,NO APLICA,5,Mayo,25,2022,13,15,SR-13,3,Highway estatal,Rural,Arterial Principal -Freeway o ExpressWay,State Highway Agency,1,Sin jurisdiccion especial,30,38.24916944,-93.76154444,Culvert,El primer evento no fue una colision con un vehiculo automotor en transporte,Not an Intersection,No fue interseccion,En el medio,Ninguna,Dia total,lluvia,No,NO APLICA,13,23,13,42,1,25/05/2022,4
29,Missouri,290349,0,0,3,0,221,WASHINGTON (221),6440,POTOSI,5,Mayo,30,2022,15,0,SR-21,3,Highway estatal,Rural,Arteria Principal,State Highway Agency,0,Sin jurisdiccion especial,160,37.93091667,-90.77291667,Vehiculo en movimiento,Golpe Lateral - misma direccion,Not Reported,No reportado,Sobre calle,Ninguna,Dia total,Despejado,No,NO APLICA,15,0,15,4,1,30/05/2022,3
29,Missouri,290350,0,0,2,0,161,PHELPS (161),0,NO APLICA,6,Junio,8,2022,21,19,SR-72,3,Highway estatal,Rural,Arteria Menor,State Highway Agency,0,Sin jurisdiccion especial,50,37.90944444,-91.724,Vehiculo en movimiento,Frente a frente,Not an Intersection,No fue interseccion,Sobre calle,Ninguna,Oscuro sin iluminacion,Despejado,No,NO APLICA,99,98,99,98,1,08/06/2022,2
29,Missouri,290351,0,0,2,0,99,JEFFERSON (99),0,NO APLICA,6,Junio,8,2022,18,15,SR-67,3,Highway estatal,Urbano,Arteria Principal,State Highway Agency,1,Sin jurisdiccion especial,240,38.174125,-90.44670556,Vehiculo en movimiento,Frente a Detrás,Not Reported,No reportado,Sobre calle,Ninguna,Dia total,Despejado,No,NO APLICA,18,19,18,30,1,08/06/2022,2
29,Missouri,290352,0,1,2,1,510,ST. LOUIS (CITY) (510),7080,ST. LOUIS,6,Junio,9,2022,22,10,I-70,1,Interestatal,Urbano,Interestatal,State Highway Agency,1,Sin jurisdiccion especial,10,38.69262222,-90.25946389,Vehiculo Aparcado,El primer evento no fue una colision con un vehiculo automotor en transporte,Not an Intersection,No fue interseccion,Sobre Acotamiento,Ninguna,Oscuro con iluminacion,Despejado,No,NO APLICA,22,5,22,23,1,09/06/2022,3
29,Missouri,290353,0,0,1,0,37,CASS (37),0,NO APLICA,6,Junio,11,2022,2,25,CR-SHIMEL RD,4,Calle del Condado,Rural,No reportado,County Highway Agency,0,Sin jurisdiccion especial,20,38.78199444,-94.14135278,Zanja,El primer evento no fue una colision con un vehiculo automotor en transporte,Not an Intersection,No fue interseccion,Sobre el lado de la calle,Ninguna,Oscuro sin iluminacion,Nublado,No,NO APLICA,2,27,2,39,1,11/06/2022,2
29,Missouri,290354,0,0,1,0,97,JASPER (97),0,NO APLICA,6,Junio,11,2022,23,27,CR-PEACE CHURCH AVE,4,Calle del Condado,Urbano,Arteria Menor,County Highway Agency,0,Sin jurisdiccion especial,20,37.11963333,-94.54809167,Volcadura,El primer evento no fue una colision con un vehiculo automotor en transporte,Not an Intersection,No fue interseccion,Sobre el lado de la calle,Ninguna,Oscuro sin iluminacion,Nublado,No,NO APLICA,23,31,23,40,1,11/06/2022,1
29,Missouri,290355,0,0,2,0,77,GREENE (77),7460,SPRINGFIELD,6,Junio,12,2022,0,43,CHESTNUT EXPY,6,Calle Local Municipalidad,Urbano,Arteria Principal,State Highway Agency,1,Sin jurisdiccion especial,20,37.21224167,-93.34883611,Vehiculo en movimiento,Frente a frente,Four-Way Intersection,Interseccion de 4 direcciones,Sobre calle,Ninguna,Oscuro con iluminacion,Despejado,No,NO APLICA,0,45,0,53,2,12/06/2022,3
29,Missouri,290356,0,0,2,0,9,BARRY (9),0,NO APLICA,6,Junio,15,2022,11,24,SR-Z,3,Highway estatal,Rural,Colector Mayor,State Highway Agency,0,Sin jurisdiccion especial,70,36.89552778,-93.73775,Vehiculo en movimiento,Angulo,Four-Way Intersection,Interseccion de 4 direcciones,Sobre calle,Ninguna,Dia total,Despejado,No,NO APLICA,99,98,99,98,1,15/06/2022,2
29,Missouri,290357,1,1,1,0,510,ST. LOUIS (CITY) (510),7080,ST. LOUIS,5,Mayo,13,2022,21,44,BROADWAY ST,6,Calle Local Municipalidad,Urbano,Arteria Menor,City or Municipal Highway Agency,0,Sin jurisdiccion especial,50,38.54922222,-90.25593056,Peaton,El primer evento no fue una colision con un vehiculo automotor en transporte,Not an Intersection,No fue interseccion,Sobre calle,Ninguna,Oscuro con iluminacion,Nublado,No,NO APLICA,21,48,22,5,1,13/05/2022,1
29,Missouri,290358,0,0,2,0,95,JACKSON (95),4120,KANSAS CITY,5,Mayo,30,2022,13,46,PROSPECT AVE,6,Calle Local Municipalidad,Urbano,Arteria Menor,City or Municipal Highway Agency,0,Sin jurisdiccion especial,30,39.06446389,-94.55305,Vehiculo en movimiento,Angulo,Four-Way Intersection,Interseccion de 4 direcciones,Sobre calle,Ninguna,Dia total,Despejado,No,NO APLICA,13,47,13,53,1,30/05/2022,2
29,Missouri,290359,0,0,1,0,105,LACLEDE (105),9997,Other,5,Mayo,31,2022,13,0,SR-5,3,Highway estatal,Rural,Arteria Menor,State Highway Agency,0,Sin jurisdiccion especial,260,37.55122778,-92.60548333,Arbol,El primer evento no fue una colision con un vehiculo automotor en transporte,Not an Intersection,No fue interseccion,Sobre el lado de la calle,Ninguna,Dia total,Despejado,No,NO APLICA,13,2,13,51,2,31/05/2022,2
29,Missouri,290360,0,0,1,0,510,ST. LOUIS (CITY) (510),7080,ST. LOUIS,6,Junio,7,2022,4,0,NATURAL BRIDGE AVE,6,Calle Local Municipalidad,Urbano,Arteria Principal,City or Municipal Highway Agency,1,Sin jurisdiccion especial,10,38.68023333,-90.260225,Soporte de  señalamiento de transito,El primer evento no fue una colision con un vehiculo automotor en transporte,T-Intersection,Interseccion de T,Sobre el lado de la calle,Ninguna,Oscuro con iluminacion,Despejado,No,NO APLICA,4,5,4,15,1,07/06/2022,2
29,Missouri,290361,0,0,2,0,97,JASPER (97),0,NO APLICA,6,Junio,8,2022,18,5,SR-66,3,Highway estatal,Rural,Arteria Menor,State Highway Agency,0,Sin jurisdiccion especial,120,37.08536111,-94.58330556,Vehiculo en movimiento,Angulo,Four-Way Intersection,Interseccion de 4 direcciones,Sobre calle,Ninguna,Dia total,Despejado,No,NO APLICA,18,17,18,23,1,08/06/2022,2
29,Missouri,290362,0,0,1,0,229,WRIGHT (229),0,NO APLICA,6,Junio,9,2022,11,3,CR-CRAVENS RD,4,Calle del Condado,Rural,Local,County Highway Agency,0,Sin jurisdiccion especial,10,37.11569444,-92.54919444,Zanja,El primer evento no fue una colision con un vehiculo automotor en transporte,Not an Intersection,No fue interseccion,Sobre el lado de la calle,Ninguna,Dia total,Despejado,No,NO APLICA,11,10,11,49,1,09/06/2022,2
29,Missouri,290363,0,0,1,0,173,RALLS (173),0,NO APLICA,6,Junio,10,2022,19,7,US-61,2,US Highway,Rural,Arterial Principal -Freeway o ExpressWay,State Highway Agency,1,Sin jurisdiccion especial,40,39.62375,-91.41241667,Volcadura,El primer evento no fue una colision con un vehiculo automotor en transporte,Not an Intersection,No fue interseccion,Sobre el lado de la calle,Ninguna,Dia total,Despejado,No,NO APLICA,19,4,19,13,1,10/06/2022,3
29,Missouri,290364,0,0,1,0,215,TEXAS (215),0,NO APLICA,6,Junio,11,2022,20,27,SR-32,3,Highway estatal,Rural,Arteria Menor,State Highway Agency,0,Sin jurisdiccion especial,260,37.52544444,-91.92175,Suelo,El primer evento no fue una colision con un vehiculo automotor en transporte,Not an Intersection,No fue interseccion,Sobre el lado de la calle,Ninguna,Oscuro sin iluminacion,Despejado,No,NO APLICA,20,31,20,52,1,11/06/2022,1
29,Missouri,290365,0,0,2,0,97,JASPER (97),8220,WEBB CITY,6,Junio,14,2022,22,23,RANGE LINE,6,Calle Local Municipalidad,Urbano,Arteria Principal,State Highway Agency,1,Sin jurisdiccion especial,110,37.11291667,-94.47613889,Vehiculo en movimiento,Angulo,Four-Way Intersection,Interseccion de 4 direcciones,Sobre calle,Ninguna,Oscuro con iluminacion,Despejado,No,NO APLICA,22,24,22,31,1,14/06/2022,2
29,Missouri,290366,0,0,2,0,189,ST LOUIS (189),5300,MOLINE ACRES,6,Junio,14,2022,19,46,CR-CHAMBERS RD,4,Calle del Condado,Urbano,Arteria Principal,County Highway Agency,1,Sin jurisdiccion especial,30,38.751025,-90.248125,Vehiculo en movimiento,Angulo,Not an Intersection,No fue interseccion,Sobre calle,Ninguna,Dia total,Despejado,No,NO APLICA,99,99,99,99,1,14/06/2022,2
29,Missouri,290367,0,0,2,0,51,COLE (51),0,NO APLICA,6,Junio,16,2022,15,15,US-54,2,US Highway,Urbano,Arteria Principal,State Highway Agency,1,Sin jurisdiccion especial,50,38.52727778,-92.22272222,Vehiculo en movimiento,Angulo,T-Intersection,Interseccion de T,Sobre calle,Ninguna,Dia total,Despejado,No,NO APLICA,15,21,15,26,1,16/06/2022,2
29,Missouri,290368,0,0,1,0,35,CARTER (35),0,NO APLICA,6,Junio,16,2022,14,2,US-60,2,US Highway,Rural,Arterial Principal -Freeway o ExpressWay,State Highway Agency,1,Sin jurisdiccion especial,50,36.95161111,-91.14030556,Volcadura,El primer evento no fue una colision con un vehiculo automotor en transporte,Not an Intersection,No fue interseccion,Sobre el lado de la calle,Ninguna,Dia total,Despejado,No,NO APLICA,99,98,99,98,1,16/06/2022,1
29,Missouri,290369,0,0,1,0,227,WORTH (227),90,ALLENDALE,6,Junio,16,2022,17,40,SR-T,3,Highway estatal,Rural,Colector Mayor,State Highway Agency,0,Sin jurisdiccion especial,60,40.487,-94.28941389,Arbol,El primer evento no fue una colision con un vehiculo automotor en transporte,Not an Intersection,No fue interseccion,Sobre el lado de la calle,Ninguna,Dia total,Despejado,No,NO APLICA,99,98,99,98,1,16/06/2022,1
29,Missouri,290370,0,0,2,0,101,JOHNSON (101),0,NO APLICA,6,Junio,16,2022,21,15,US-50,2,US Highway,Rural,Arterial Principal -Freeway o ExpressWay,State Highway Agency,1,Sin jurisdiccion especial,80,38.77247222,-93.65469444,Vehiculo en movimiento,Frente a Detrás,Not an Intersection,No fue interseccion,Sobre calle,Ninguna,Dia total,Despejado,No,NO APLICA,99,99,99,99,1,16/06/2022,2
29,Missouri,290371,1,1,3,2,510,ST. LOUIS (CITY) (510),7080,ST. LOUIS,6,Junio,17,2022,20,38,SHREVE AVE,6,Calle Local Municipalidad,Urbano,Colector Mayor,City or Municipal Highway Agency,0,Sin jurisdiccion especial,10,38.67798333,-90.24272778,Vehiculo Aparcado,El primer evento no fue una colision con un vehiculo automotor en transporte,Not an Intersection,No fue interseccion,Sobre el lado de la calle,Ninguna,Oscuro sin iluminacion,Despejado,No,NO APLICA,20,56,21,5,1,17/06/2022,1
29,Missouri,290372,0,0,1,0,77,GREENE (77),0,NO APLICA,6,Junio,17,2022,19,50,CR-131,4,Calle del Condado,Urbano,Local,County Highway Agency,0,Sin jurisdiccion especial,10,37.10366667,-93.35169444,Volcadura,El primer evento no fue una colision con un vehiculo automotor en transporte,Not an Intersection,No fue interseccion,Sobre calle,Ninguna,Dia total,Despejado,No,NO APLICA,19,55,20,6,1,17/06/2022,1
29,Missouri,290373,0,0,2,0,175,RANDOLPH (175),0,NO APLICA,6,Junio,17,2022,12,20,US-24,2,US Highway,Rural,Arteria Principal,State Highway Agency,1,Sin jurisdiccion especial,60,39.42413889,-92.60225,Vehiculo en movimiento,Frente a frente,Not an Intersection,No fue interseccion,Sobre calle,Ninguna,Dia total,Nublado,No,NO APLICA,12,29,12,44,1,17/06/2022,3
29,Missouri,290374,0,0,1,0,59,DALLAS (59),0,NO APLICA,6,Junio,18,2022,16,30,CR-BENTON BRANCH RD,4,Calle del Condado,Rural,Local,County Highway Agency,0,Sin jurisdiccion especial,30,37.69216667,-92.95116667,Volcadura,El primer evento no fue una colision con un vehiculo automotor en transporte,Not an Intersection,No fue interseccion,Sobre el lado de la calle,Ninguna,Dia total,Despejado,No,NO APLICA,99,98,99,98,1,18/06/2022,2
29,Missouri,290376,0,0,1,0,105,LACLEDE (105),0,NO APLICA,6,Junio,21,2022,1,35,SR-5,3,Highway estatal,Rural,Arteria Menor,State Highway Agency,0,Sin jurisdiccion especial,220,37.58786111,-92.64911111,Barda,El primer evento no fue una colision con un vehiculo automotor en transporte,Not an Intersection,No fue interseccion,Sobre el lado de la calle,Ninguna,Oscuro sin iluminacion,Despejado,No,NO APLICA,1,49,2,27,1,21/06/2022,3
29,Missouri,290377,0,0,3,0,189,ST LOUIS (189),2145,DELLWOOD,4,Abril,22,2022,8,53,CR-WEST FLORISSANT AVE,4,Calle del Condado,Urbano,Arteria Principal,County Highway Agency,1,Sin jurisdiccion especial,20,38.76090278,-90.27964167,Vehiculo en movimiento,Angulo,Four-Way Intersection,Interseccion de 4 direcciones,Sobre calle,Ninguna,Dia total,Despejado,No,NO APLICA,8,52,8,59,1,22/04/2022,4
29,Missouri,290378,0,0,1,0,99,JEFFERSON (99),0,NO APLICA,5,Mayo,16,2022,11,0,WINDSOR HARBOR LN,6,Calle Local Municipalidad,Urbano,No reportado,City or Municipal Highway Agency,0,Sin jurisdiccion especial,0,38.36105556,-90.36125,Vehiculo Ferrocarril,El primer evento no fue una colision con un vehiculo automotor en transporte,Not an Intersection,No fue interseccion,Sobre calle,Ninguna,Dia total,Despejado,No,445884P,10,58,11,17,2,16/05/2022,3
29,Missouri,290379,0,0,2,0,99,JEFFERSON (99),0,NO APLICA,6,Junio,10,2022,9,55,US-67,2,US Highway,Rural,Arteria Principal,State Highway Agency,1,Sin jurisdiccion especial,30,38.06622222,-90.48677778,Vehiculo en movimiento,Angulo,Four-Way Intersection,Interseccion de 4 direcciones,Sobre calle,Ninguna,Dia total,Despejado,No,NO APLICA,10,26,10,48,2,10/06/2022,4