Estado,Nombre de Estado,Numero de Caso,Peatones,Personas _no_vehiculos,Vehiculos automotores,Vehiculos estacionados,Condado,Nombre Condado,Ciudad,Nombre Ciudad,Mes,Nombre Mes,Dia,Año,Hora,Minuto,Calle,Ruta,Nombre Ruta,Rural o Urbanoo,Sistema Funcional,Dueño Calle,Sistema Nacional Carreteras,Jurisdiccion Especial,Milla,Latitud,Longitud,Causa del Accidente,Tipo de Accidente,Tipo Interseccion,Columna1,Lugar en la calle,Zona de Trabajo,Luz,Clima,Autobus Escolar,Cruce de Trenes,Hora Notificacion,Minuto Notificacion,Hora Llegada,Minuto Llegada,Decesos,Fecha,PersonaVehiculo
29,Missouri,290380,0,0,1,0,71,FRANKLIN (71),0,NO APLICA,6,Junio,11,2022,2,30,I-44,1,Interestatal,Urbano,Interestatal,State Highway Agency,1,Sin jurisdiccion especial,40,38.24905556,-91.13516667,Barrera de Cable,El primer evento no fue una colision con un vehiculo automotor en transporte,Not an Intersection,No fue interseccion,En el medio,Ninguna,Oscuro sin iluminacion,Despejado,No,NO APLICA,99,99,99,99,1,11/06/2022,2
29,Missouri,290381,0,0,2,0,113,LINCOLN (113),0,NO APLICA,6,Junio,20,2022,13,50,SR-W,3,Highway estatal,Rural,Colector Mayor,State Highway Agency,0,Sin jurisdiccion especial,170,39.02436111,-90.86072222,Vehiculo en movimiento,Frente a Detrás,Not an Intersection,No fue interseccion,Sobre calle,Ninguna,Dia total,Despejado,No,NO APLICA,99,99,99,99,1,20/06/2022,2
29,Missouri,290382,0,0,2,0,55,CRAWFORD (55),0,NO APLICA,6,Junio,21,2022,17,18,SR-19,3,Highway estatal,Rural,Arteria Menor,State Highway Agency,0,Sin jurisdiccion especial,140,38.03225,-91.38863889,Vehiculo en movimiento,Frente a frente,Not an Intersection,No fue interseccion,Sobre calle,Ninguna,Dia total,Despejado,No,NO APLICA,17,20,17,28,1,21/06/2022,2
29,Missouri,290383,0,0,2,0,95,JACKSON (95),3940,INDEPENDENCE,6,Junio,21,2022,18,32,KENTUCKY AVE,6,Calle Local Municipalidad,Urbano,Colector Mayor,City or Municipal Highway Agency,0,Sin jurisdiccion especial,10,39.11003056,-94.45536389,Vehiculo en movimiento,Angulo,Four-Way Intersection,Interseccion de 4 direcciones,Sobre calle,Ninguna,Dia total,Despejado,No,NO APLICA,18,34,18,41,1,21/06/2022,3
29,Missouri,290384,0,0,4,0,189,ST LOUIS (189),1050,BRIDGETON,6,Junio,23,2022,12,40,SR-180,3,Highway estatal,Urbano,Arteria Principal,State Highway Agency,1,Sin jurisdiccion especial,20,38.73925,-90.40175,Vehiculo en movimiento,Angulo,Four-Way Intersection,Interseccion de 4 direcciones,Sobre calle,Ninguna,Dia total,Despejado,No,NO APLICA,12,43,12,50,1,23/06/2022,5
29,Missouri,290385,1,1,2,0,95,JACKSON (95),4120,KANSAS CITY,6,Junio,23,2022,2,30,INDEPENDENCE AVE,6,Calle Local Municipalidad,Urbano,Arteria Principal,City or Municipal Highway Agency,1,Sin jurisdiccion especial,20,39.10601111,-94.54145278,Peaton,El primer evento no fue una colision con un vehiculo automotor en transporte,Not an Intersection,No fue interseccion,Sobre calle,Ninguna,Oscuro con iluminacion,Despejado,No,NO APLICA,2,30,2,35,1,23/06/2022,2
29,Missouri,290386,0,0,1,0,169,PULASKI (169),0,NO APLICA,6,Junio,25,2022,21,3,SR-17,3,Highway estatal,Rural,Arteria Menor,State Highway Agency,0,Sin jurisdiccion especial,80,37.91638889,-92.25616667,Volcadura,El primer evento no fue una colision con un vehiculo automotor en transporte,Not an Intersection,No fue interseccion,Sobre calle,Ninguna,Oscuro sin iluminacion,Despejado,No,NO APLICA,99,99,99,99,1,25/06/2022,1
29,Missouri,290387,0,0,1,0,145,NEWTON (145),0,NO APLICA,7,Julio,2,2022,21,6,CR-ELDER RD,4,Calle del Condado,Rural,No reportado,County Highway Agency,0,Sin jurisdiccion especial,10,36.97755556,-94.40013889,Volcadura,El primer evento no fue una colision con un vehiculo automotor en transporte,Not an Intersection,No fue interseccion,Sobre calle,Ninguna,Oscuro sin iluminacion,Nublado,No,NO APLICA,99,98,99,98,1,02/07/2022,1
29,Missouri,290388,0,0,2,0,95,JACKSON (95),840,BLUE SPRINGS,7,Julio,2,2022,18,19,SR-7,3,Highway estatal,Urbano,Arteria Principal,State Highway Agency,1,Sin jurisdiccion especial,100,38.97296389,-94.27405278,Vehiculo en movimiento,Angulo,Four-Way Intersection,Interseccion de 4 direcciones,Sobre calle,Ninguna,Dia total,Despejado,No,NO APLICA,18,22,18,29,2,02/07/2022,4
29,Missouri,290389,0,0,2,0,145,NEWTON (145),7240,SENECA,7,Julio,4,2022,9,51,SR-43,3,Highway estatal,Rural,Arteria Menor,State Highway Agency,0,Sin jurisdiccion especial,140,36.87625556,-94.59605833,Vehiculo en movimiento,Frente a Detrás,Not an Intersection,No fue interseccion,Sobre calle,Ninguna,Dia total,Despejado,No,NO APLICA,99,98,99,98,1,04/07/2022,3
29,Missouri,290390,1,1,1,0,225,WEBSTER (225),4980,MARSHFIELD,7,Julio,4,2022,16,50,SPUR,6,Calle Local Municipalidad,Urbano,Arteria Menor,City or Municipal Highway Agency,0,Sin jurisdiccion especial,160,37.33722222,-92.92275,Ciclista,El primer evento no fue una colision con un vehiculo automotor en transporte,Not an Intersection,No fue interseccion,Sobre calle,Ninguna,Dia total,Despejado,No,NO APLICA,99,98,99,98,1,04/07/2022,3
29,Missouri,290391,0,0,7,0,95,JACKSON (95),4120,KANSAS CITY,7,Julio,5,2022,8,22,I-435,1,Interestatal,Urbano,Interestatal,State Highway Agency,1,Sin jurisdiccion especial,70,38.97580833,-94.51343056,Barrera de Cable,El primer evento no fue una colision con un vehiculo automotor en transporte,Not an Intersection,No fue interseccion,En el medio,Ninguna,Dia total,Despejado,No,NO APLICA,8,22,8,42,1,05/07/2022,8
29,Missouri,290392,0,0,2,0,189,ST LOUIS (189),0,NO APLICA,7,Julio,9,2022,18,54,SR-267,3,Highway estatal,Urbano,Arteria Menor,State Highway Agency,0,Sin jurisdiccion especial,20,38.528575,-90.291825,Vehiculo en movimiento,Angulo,T-Intersection,Interseccion de T,Sobre calle,Ninguna,Dia total,Despejado,No,NO APLICA,18,52,18,56,1,09/07/2022,2
29,Missouri,290393,0,0,1,0,99,JEFFERSON (99),0,NO APLICA,7,Julio,10,2022,20,1,SR-30,3,Highway estatal,Rural,Arteria Principal,State Highway Agency,0,Sin jurisdiccion especial,30,38.31328611,-90.71295278,Arbol,El primer evento no fue una colision con un vehiculo automotor en transporte,Not an Intersection,No fue interseccion,Sobre el lado de la calle,Ninguna,Oscuro con iluminacion,Despejado,No,NO APLICA,20,2,20,11,1,10/07/2022,1
29,Missouri,290394,0,0,1,0,95,JACKSON (95),4120,KANSAS CITY,7,Julio,11,2022,13,13,E 18TH ST,6,Calle Local Municipalidad,Urbano,Arteria Menor,City or Municipal Highway Agency,0,Sin jurisdiccion especial,20,39.09045833,-94.54073333,Poste,El primer evento no fue una colision con un vehiculo automotor en transporte,Not an Intersection,No fue interseccion,Sobre el lado de la calle,Ninguna,Dia total,Despejado,No,NO APLICA,13,14,13,34,1,11/07/2022,2
29,Missouri,290395,0,0,3,0,105,LACLEDE (105),0,NO APLICA,5,Mayo,28,2022,23,0,SR-32,3,Highway estatal,Rural,Arteria Menor,State Highway Agency,0,Sin jurisdiccion especial,180,37.66641667,-92.57663889,Vehiculo en movimiento,Golpe Lateral - direccion contraria,Not an Intersection,No fue interseccion,Sobre calle,Ninguna,Oscuro sin iluminacion,Despejado,No,NO APLICA,22,58,23,8,1,28/05/2022,5
29,Missouri,290396,0,0,1,0,85,HICKORY (85),0,NO APLICA,6,Junio,7,2022,17,47,SR-123,3,Highway estatal,Rural,Colector Mayor,State Highway Agency,0,Sin jurisdiccion especial,40,37.83538889,-93.54441667,Puente de Ferrocarril,El primer evento no fue una colision con un vehiculo automotor en transporte,Not an Intersection,No fue interseccion,Sobre el lado de la calle,Ninguna,Dia total,Despejado,No,NO APLICA,17,50,18,11,1,07/06/2022,2
29,Missouri,290397,0,0,2,0,187,ST FRANCOIS (187),0,NO APLICA,6,Junio,12,2022,9,35,US-67,2,US Highway,Urbano,Arterial Principal -Freeway o ExpressWay,State Highway Agency,1,Sin jurisdiccion especial,170,37.82527778,-90.46569444,Final Destination ( Vehiculo es golpeado por carga o otro objeto puesto en movimiento por otro vehiculo en movimiento),Otro,Not an Intersection,No fue interseccion,Sobre calle,Ninguna,Dia total,Despejado,No,NO APLICA,99,99,99,99,1,12/06/2022,1
29,Missouri,290398,0,0,1,0,169,PULASKI (169),0,NO APLICA,6,Junio,25,2022,14,45,I-44,1,Interestatal,Rural,Interestatal,State Highway Agency,1,Sin jurisdiccion especial,220,37.77122222,-92.38225,Barrera de Cable,El primer evento no fue una colision con un vehiculo automotor en transporte,Not an Intersection,No fue interseccion,En el medio,Ninguna,Dia total,Despejado,No,NO APLICA,14,48,14,59,1,25/06/2022,3
29,Missouri,290399,0,0,1,0,77,GREENE (77),7460,SPRINGFIELD,6,Junio,25,2022,17,12,KISSICK AVE,6,Calle Local Municipalidad,Urbano,Arteria Menor,City or Municipal Highway Agency,0,Sin jurisdiccion especial,10,37.11338333,-93.26476111,Arbol,El primer evento no fue una colision con un vehiculo automotor en transporte,T-Intersection,Interseccion de T,Sobre el lado de la calle,Ninguna,Dia total,Despejado,No,NO APLICA,17,13,17,21,1,25/06/2022,1
29,Missouri,290400,0,0,2,0,177,RAY (177),0,NO APLICA,6,Junio,26,2022,18,10,SR-13,3,Highway estatal,Rural,Arteria Principal,State Highway Agency,1,Sin jurisdiccion especial,20,39.22716667,-93.88822222,Vehiculo en movimiento,Frente a Detrás,Not an Intersection,No fue interseccion,Sobre calle,Ninguna,Dia total,Nublado,No,NO APLICA,18,17,18,29,1,26/06/2022,3
29,Missouri,290401,0,0,2,0,105,LACLEDE (105),0,NO APLICA,6,Junio,26,2022,10,0,SR-5,3,Highway estatal,Rural,Arteria Principal,State Highway Agency,1,Sin jurisdiccion especial,70,37.80247222,-92.68455556,Vehiculo en movimiento,Frente a Detrás,Not an Intersection,No fue interseccion,Sobre calle,Ninguna,Dia total,Nublado,No,NO APLICA,99,99,99,99,1,26/06/2022,3
29,Missouri,290402,0,0,1,0,55,CRAWFORD (55),2040,CUBA,6,Junio,27,2022,1,19,I-44,1,Interestatal,Rural,Interestatal,State Highway Agency,1,Sin jurisdiccion especial,60,38.06711111,-91.41702778,Acotamiento,El primer evento no fue una colision con un vehiculo automotor en transporte,Not an Intersection,No fue interseccion,Sobre el lado de la calle,Ninguna,Oscuro sin iluminacion,Despejado,No,NO APLICA,99,99,99,99,1,27/06/2022,1
29,Missouri,290403,1,1,2,0,95,JACKSON (95),4120,KANSAS CITY,6,Junio,28,2022,22,51,I-435,1,Interestatal,Urbano,Interestatal,State Highway Agency,1,Sin jurisdiccion especial,140,39.07338889,-94.48853056,Peaton,El primer evento no fue una colision con un vehiculo automotor en transporte,Not an Intersection,No fue interseccion,Sobre calle,Ninguna,Oscuro sin iluminacion,Despejado,No,NO APLICA,99,98,99,98,1,28/06/2022,2
29,Missouri,290404,0,0,2,0,177,RAY (177),0,NO APLICA,6,Junio,29,2022,17,38,SR-10,3,Highway estatal,Rural,Arteria Principal,State Highway Agency,1,Sin jurisdiccion especial,40,39.34030556,-94.14533333,Vehiculo en movimiento,Frente a Detrás,Not Reported,No reportado,Sobre calle,Ninguna,Dia total,Despejado,No,NO APLICA,99,98,99,98,1,29/06/2022,2
29,Missouri,290405,0,0,1,0,101,JOHNSON (101),0,NO APLICA,6,Junio,29,2022,21,22,SR-TT,3,Highway estatal,Rural,Colector Mayor,State Highway Agency,0,Sin jurisdiccion especial,20,38.69813889,-94.09238889,Arbol,El primer evento no fue una colision con un vehiculo automotor en transporte,Not an Intersection,No fue interseccion,Sobre el lado de la calle,Ninguna,Dia total,Despejado,No,NO APLICA,99,99,99,99,1,29/06/2022,1
29,Missouri,290406,0,0,1,0,145,NEWTON (145),2240,DIAMOND,6,Junio,30,2022,16,42,SR-59,3,Highway estatal,Rural,Arteria Menor,State Highway Agency,0,Sin jurisdiccion especial,30,37.00994444,-94.31508333,Poste,El primer evento no fue una colision con un vehiculo automotor en transporte,Not an Intersection,No fue interseccion,Sobre el lado de la calle,Ninguna,Dia total,Despejado,No,NO APLICA,99,99,99,99,1,30/06/2022,1
29,Missouri,290407,0,0,1,0,99,JEFFERSON (99),0,NO APLICA,6,Junio,30,2022,16,10,SR-BB,3,Highway estatal,Rural,Colector Mayor,State Highway Agency,0,Sin jurisdiccion especial,20,38.33873333,-90.62568889,Volcadura,El primer evento no fue una colision con un vehiculo automotor en transporte,Not an Intersection,No fue interseccion,Sobre el lado de la calle,Ninguna,Dia total,Despejado,No,NO APLICA,99,98,99,98,1,30/06/2022,1
29,Missouri,290408,1,1,1,0,99,JEFFERSON (99),2020,CRYSTAL CITY,6,Junio,30,2022,21,54,US-61,2,US Highway,Urbano,Colector Mayor,State Highway Agency,0,Sin jurisdiccion especial,200,38.20054444,-90.3956,Peaton,El primer evento no fue una colision con un vehiculo automotor en transporte,Not an Intersection,No fue interseccion,Sobre calle,Ninguna,Oscuro sin iluminacion,Despejado,No,NO APLICA,99,99,99,99,1,30/06/2022,2
29,Missouri,290409,0,0,1,0,107,LAFAYETTE (107),510,BATES CITY,7,Julio,1,2022,13,23,I-70,1,Interestatal,Rural,Interestatal,State Highway Agency,1,Sin jurisdiccion especial,30,39.01097222,-94.06128611,Acotamiento,El primer evento no fue una colision con un vehiculo automotor en transporte,Not an Intersection,No fue interseccion,Sobre el lado de la calle,Ninguna,Dia total,Despejado,No,NO APLICA,99,99,99,99,1,01/07/2022,1
29,Missouri,290410,0,0,1,0,189,ST LOUIS (189),7890,UNIVERSITY CITY,5,Mayo,2,2022,4,7,GROBY ST,6,Calle Local Municipalidad,Urbano,Colector Menor,City or Municipal Highway Agency,0,Sin jurisdiccion especial,0,38.66816667,-90.34422222,Arbol,El primer evento no fue una colision con un vehiculo automotor en transporte,Not an Intersection,No fue interseccion,Sobre el lado de la calle,Ninguna,Oscuro con iluminacion,Despejado,No,NO APLICA,4,9,4,14,1,02/05/2022,1
29,Missouri,290411,0,0,2,0,17,BOLLINGER (17),0,NO APLICA,5,Mayo,10,2022,14,35,SR-51,3,Highway estatal,Rural,Arteria Menor,State Highway Agency,0,Sin jurisdiccion especial,100,37.47230556,-90.03213889,Vehiculo en movimiento,Angulo,Not an Intersection,No fue interseccion,Sobre calle,Ninguna,Dia total,Despejado,No,NO APLICA,14,47,15,12,1,10/05/2022,2
29,Missouri,290412,0,0,1,0,109,LAWRENCE (109),420,AURORA,5,Mayo,28,2022,19,33,SR-39,3,Highway estatal,Urbano,Arteria Menor,State Highway Agency,0,Sin jurisdiccion especial,250,36.97649722,-93.73611944,Valla Ferrocarril,El primer evento no fue una colision con un vehiculo automotor en transporte,Not an Intersection,No fue interseccion,Sobre el lado de la calle,Ninguna,Dia total,Despejado,No,NO APLICA,19,52,20,12,1,28/05/2022,1
29,Missouri,290413,0,0,1,0,109,LAWRENCE (109),4940,MARIONVILLE,5,Mayo,30,2022,20,11,US-60,2,US Highway,Rural,Arteria Principal,State Highway Agency,1,Sin jurisdiccion especial,130,36.993025,-93.63708333,Suelo,El primer evento no fue una colision con un vehiculo automotor en transporte,Not an Intersection,No fue interseccion,Sobre el lado de la calle,Ninguna,Dia total,Despejado,No,NO APLICA,20,13,20,19,1,30/05/2022,1
29,Missouri,290414,0,0,1,0,83,HENRY (83),1290,CALHOUN,6,Junio,24,2022,21,53,SR-52,3,Highway estatal,Rural,Arteria Menor,State Highway Agency,0,Sin jurisdiccion especial,340,38.46744167,-93.628225,Culvert,El primer evento no fue una colision con un vehiculo automotor en transporte,Not an Intersection,No fue interseccion,Sobre el lado de la calle,Ninguna,Oscuro con iluminacion,Despejado,No,NO APLICA,99,98,99,98,2,24/06/2022,2
29,Missouri,290415,1,1,1,0,183,ST. CHARLES (183),7010,ST. CHARLES,6,Junio,28,2022,22,16,SR-94,3,Highway estatal,Urbano,Colector Mayor,State Highway Agency,0,Sin jurisdiccion especial,370,38.80983333,-90.47441667,Peaton,El primer evento no fue una colision con un vehiculo automotor en transporte,Not an Intersection,No fue interseccion,Sobre calle,Ninguna,Oscuro sin iluminacion,Despejado,No,NO APLICA,99,99,99,99,1,28/06/2022,2
29,Missouri,290416,0,0,2,0,227,WORTH (227),0,NO APLICA,6,Junio,28,2022,19,22,CR-170,4,Calle del Condado,Rural,No reportado,County Highway Agency,0,Sin jurisdiccion especial,20,40.47043889,-94.25473333,Vehiculo en movimiento,Frente a frente,Not an Intersection,No fue interseccion,Sobre calle,Ninguna,Dia total,Despejado,No,NO APLICA,19,58,20,45,2,28/06/2022,5
29,Missouri,290417,0,0,1,0,17,BOLLINGER (17),0,NO APLICA,7,Julio,2,2022,18,48,SR-P,3,Highway estatal,Rural,Colector Mayor,State Highway Agency,0,Sin jurisdiccion especial,20,37.09230556,-90.07897222,Poste de Señal de trafico,El primer evento no fue una colision con un vehiculo automotor en transporte,Not an Intersection,No fue interseccion,Sobre el lado de la calle,Ninguna,Dia total,Nublado,No,NO APLICA,99,98,99,98,1,02/07/2022,1
29,Missouri,290418,0,0,1,0,11,BARTON (11),0,NO APLICA,7,Julio,2,2022,19,40,I-49,1,Interestatal,Rural,Interestatal,State Highway Agency,1,Sin jurisdiccion especial,20,37.61691667,-94.29322222,Volcadura,El primer evento no fue una colision con un vehiculo automotor en transporte,Not an Intersection,No fue interseccion,Sobre calle,Ninguna,Dia total,Despejado,No,NO APLICA,19,14,19,33,1,02/07/2022,1
29,Missouri,290419,0,0,1,0,187,ST FRANCOIS (187),0,NO APLICA,7,Julio,3,2022,20,5,SR-N,3,Highway estatal,Rural,Colector Mayor,State Highway Agency,0,Sin jurisdiccion especial,70,37.68520833,-90.638,Buzon de correo,El primer evento no fue una colision con un vehiculo automotor en transporte,Not an Intersection,No fue interseccion,Sobre el lado de la calle,Ninguna,Dia total,Despejado,No,NO APLICA,20,10,20,33,1,03/07/2022,1
29,Missouri,290420,1,1,2,0,189,ST LOUIS (189),0,NO APLICA,6,Junio,22,2022,4,49,I-44,1,Interestatal,Rural,Interestatal,State Highway Agency,1,Sin jurisdiccion especial,100,38.51180556,-90.55305556,Vehiculo en movimiento,Frente a Detrás,Not an Intersection,No fue interseccion,Sobre calle,Ninguna,Oscuro con iluminacion,Nublado,No,NO APLICA,4,52,5,1,1,22/06/2022,3
29,Missouri,290421,0,0,2,0,95,JACKSON (95),6639,RAYTOWN,6,Junio,23,2022,21,45,RAYTOWN RD,6,Calle Local Municipalidad,Urbano,Arteria Menor,City or Municipal Highway Agency,0,Sin jurisdiccion especial,50,38.99297222,-94.46411111,Vehiculo en movimiento,Frente a frente,T-Intersection,Interseccion de T,Sobre calle,Ninguna,Oscuro sin iluminacion,Despejado,No,NO APLICA,21,46,21,49,1,23/06/2022,2
29,Missouri,290422,0,0,2,0,19,BOONE (19),0,NO APLICA,6,Junio,25,2022,8,46,I-70,1,Interestatal,Rural,Interestatal,State Highway Agency,1,Sin jurisdiccion especial,180,38.97344444,-92.48694444,Vehiculo en movimiento,Frente a Detrás,Not an Intersection,No fue interseccion,Sobre calle,Ninguna,Dia total,Despejado,No,NO APLICA,99,99,99,99,1,25/06/2022,2
29,Missouri,290423,1,1,1,0,189,ST LOUIS (189),0,NO APLICA,7,Julio,4,2022,23,53,US-67 RP 279191,2,US Highway,Urbano,Interestatal,State Highway Agency,1,Sin jurisdiccion especial,0,38.51291667,-90.33597222,Peaton,El primer evento no fue una colision con un vehiculo automotor en transporte,Not an Intersection,No fue interseccion,Sobre Acotamiento,Ninguna,Oscuro con iluminacion,Despejado,No,NO APLICA,23,57,99,99,1,04/07/2022,1
29,Missouri,290424,0,0,3,0,217,VERNON (217),0,NO APLICA,7,Julio,5,2022,13,15,I-49,1,Interestatal,Rural,Interestatal,State Highway Agency,1,Sin jurisdiccion especial,110,37.90478611,-94.34310833,Suelo,El primer evento no fue una colision con un vehiculo automotor en transporte,Not an Intersection,No fue interseccion,En el medio,Ninguna,Dia total,Despejado,No,NO APLICA,99,99,99,99,1,05/07/2022,5
29,Missouri,290425,0,0,1,0,113,LINCOLN (113),0,NO APLICA,7,Julio,7,2022,2,0,US-61,2,US Highway,Rural,Arterial Principal -Freeway o ExpressWay,State Highway Agency,1,Sin jurisdiccion especial,170,39.11188889,-90.95966667,Volcadura,El primer evento no fue una colision con un vehiculo automotor en transporte,Not an Intersection,No fue interseccion,Sobre el lado de la calle,Ninguna,Oscuro sin iluminacion,Reportado como desconocido,No,NO APLICA,99,98,99,98,1,07/07/2022,1
29,Missouri,290426,1,1,1,0,31,CAPE GIRARDEAU (31),1390,CAPE GIRARDEAU,7,Julio,7,2022,22,21,LEXINGTON AVE,6,Calle Local Municipalidad,Urbano,Arteria Menor,City or Municipal Highway Agency,0,Sin jurisdiccion especial,10,37.33815556,-89.56715,Ciclista,El primer evento no fue una colision con un vehiculo automotor en transporte,T-Intersection,Interseccion de T,Sobre calle,Ninguna,Oscuro con iluminacion,Nublado,No,NO APLICA,99,99,99,99,1,07/07/2022,1
29,Missouri,290427,1,1,1,0,185,ST. CLAIR (185),0,NO APLICA,7,Julio,8,2022,22,36,SR-13,3,Highway estatal,Rural,Arteria Principal,State Highway Agency,1,Sin jurisdiccion especial,140,38.02775,-93.67433333,Peaton,El primer evento no fue una colision con un vehiculo automotor en transporte,Not an Intersection,No fue interseccion,Sobre calle,Ninguna,Oscuro sin iluminacion,Despejado,No,NO APLICA,99,98,99,98,1,08/07/2022,1
29,Missouri,290428,0,0,1,0,43,CHRISTIAN (43),0,NO APLICA,7,Julio,9,2022,21,29,SR-UU,3,Highway estatal,Rural,Colector Menor,State Highway Agency,0,Sin jurisdiccion especial,0,36.950025,-92.90575833,Animal vivo,El primer evento no fue una colision con un vehiculo automotor en transporte,Not an Intersection,No fue interseccion,Sobre calle,Ninguna,Oscuro sin iluminacion,Despejado,No,NO APLICA,99,98,99,98,1,09/07/2022,1
29,Missouri,290429,0,0,3,0,77,GREENE (77),7460,SPRINGFIELD,7,Julio,9,2022,23,34,GRANT AVE,6,Calle Local Municipalidad,Urbano,Arteria Menor,City or Municipal Highway Agency,0,Sin jurisdiccion especial,20,37.22395,-93.29832222,Vehiculo en movimiento,Frente a frente,Four-Way Intersection,Interseccion de 4 direcciones,Sobre calle,Ninguna,Oscuro con iluminacion,Despejado,No,NO APLICA,23,35,23,39,1,09/07/2022,7
29,Missouri,290430,0,0,1,0,510,ST. LOUIS (CITY) (510),7080,ST. LOUIS,7,Julio,9,2022,2,0,I-70 RP 228182,1,Interestatal,Urbano,Interestatal,State Highway Agency,1,Sin jurisdiccion especial,0,38.68431389,-90.22100833,Barda,El primer evento no fue una colision con un vehiculo automotor en transporte,Not an Intersection,No fue interseccion,Fuera de la calle,Ninguna,Oscuro sin iluminacion,Despejado,No,NO APLICA,2,14,2,25,1,09/07/2022,1
29,Missouri,290432,0,0,3,1,77,GREENE (77),7460,SPRINGFIELD,7,Julio,10,2022,21,10,KEARNEY ST,6,Calle Local Municipalidad,Urbano,Arteria Principal,State Highway Agency,1,Sin jurisdiccion especial,50,37.24064444,-93.28912778,Volcadura,El primer evento no fue una colision con un vehiculo automotor en transporte,Not an Intersection,No fue interseccion,Sobre calle,Ninguna,Oscuro con iluminacion,Despejado,No,NO APLICA,99,98,99,98,1,10/07/2022,1
29,Missouri,290433,0,0,1,0,185,ST. CLAIR (185),0,NO APLICA,7,Julio,10,2022,22,0,CR-NE 151,4,Calle del Condado,Rural,No reportado,County Highway Agency,0,Sin jurisdiccion especial,10,38.02780278,-93.75684167,Volcadura,El primer evento no fue una colision con un vehiculo automotor en transporte,Not an Intersection,No fue interseccion,Sobre calle,Ninguna,Oscuro sin iluminacion,Despejado,No,NO APLICA,99,98,99,98,1,10/07/2022,1
29,Missouri,290434,0,0,1,0,183,ST. CHARLES (183),0,NO APLICA,7,Julio,11,2022,15,58,SR-94,3,Highway estatal,Rural,Colector Mayor,State Highway Agency,0,Sin jurisdiccion especial,430,38.89775556,-90.44488611,Poste de Señal de trafico,El primer evento no fue una colision con un vehiculo automotor en transporte,Not an Intersection,No fue interseccion,Sobre el lado de la calle,Ninguna,Dia total,Despejado,No,NO APLICA,15,49,16,1,1,11/07/2022,1
29,Missouri,290435,0,0,1,0,183,ST. CHARLES (183),7100,ST. PETERS,6,Junio,16,2022,2,38,MID RIVERS MALL DR,6,Calle Local Municipalidad,Urbano,Arteria Principal,City or Municipal Highway Agency,1,Sin jurisdiccion especial,20,38.78443333,-90.62441389,Banqueta,El primer evento no fue una colision con un vehiculo automotor en transporte,Not an Intersection,No fue interseccion,Sobre el lado de la calle,Ninguna,Oscuro con iluminacion,Despejado,No,NO APLICA,2,42,2,49,2,16/06/2022,2
29,Missouri,290436,0,0,2,0,510,ST. LOUIS (CITY) (510),7080,ST. LOUIS,6,Junio,20,2022,7,40,BATES ST,6,Calle Local Municipalidad,Urbano,Arteria Menor,City or Municipal Highway Agency,0,Sin jurisdiccion especial,20,38.56245,-90.24286111,Vehiculo en movimiento,Angulo,Four-Way Intersection,Interseccion de 4 direcciones,Sobre calle,Ninguna,Dia total,Despejado,No,NO APLICA,7,43,7,54,1,20/06/2022,3
29,Missouri,290437,0,0,2,0,71,FRANKLIN (71),7860,UNION,6,Junio,27,2022,14,55,US-50,2,US Highway,Urbano,Arteria Principal,State Highway Agency,1,Sin jurisdiccion especial,210,38.43927778,-91.01761111,Vehiculo en movimiento,Angulo,Not an Intersection,No fue interseccion,Sobre calle,Ninguna,Dia total,Despejado,No,NO APLICA,14,56,15,0,1,27/06/2022,2
29,Missouri,290438,0,0,2,0,127,MARION (127),5320,MONROE CITY,6,Junio,30,2022,22,58,US-36,2,US Highway,Rural,Arterial Principal -Freeway o ExpressWay,State Highway Agency,1,Sin jurisdiccion especial,50,39.65819444,-91.75180556,Vehiculo en movimiento,Frente a frente,Not an Intersection,No fue interseccion,Sobre calle,Ninguna,Oscuro sin iluminacion,Despejado,No,NO APLICA,99,99,99,99,1,30/06/2022,2
29,Missouri,290439,0,0,1,0,510,ST. LOUIS (CITY) (510),7080,ST. LOUIS,7,Julio,2,2022,3,40,RIVERVIEW DR,6,Calle Local Municipalidad,Urbano,Arteria Principal,State Highway Agency,1,Sin jurisdiccion especial,40,38.73130833,-90.21762222,Soporte de Puente,El primer evento no fue una colision con un vehiculo automotor en transporte,Not an Intersection,No fue interseccion,En el medio,Ninguna,Oscuro con iluminacion,Despejado,No,NO APLICA,3,42,3,50,1,02/07/2022,1
29,Missouri,290440,0,0,1,0,123,MADISON (123),2890,FREDERICKTOWN,7,Julio,11,2022,15,48,W MAIN ST,6,Calle Local Municipalidad,Rural,Local,City or Municipal Highway Agency,0,Sin jurisdiccion especial,10,37.55988333,-90.30065833,Banqueta,El primer evento no fue una colision con un vehiculo automotor en transporte,Not an Intersection,No fue interseccion,Sobre el lado de la calle,Ninguna,Dia total,Despejado,No,NO APLICA,99,99,99,99,1,11/07/2022,1
29,Missouri,290441,0,0,1,0,95,JACKSON (95),4120,KANSAS CITY,7,Julio,12,2022,14,26,I-435,1,Interestatal,Urbano,Interestatal,State Highway Agency,1,Sin jurisdiccion especial,40,38.93997222,-94.53776111,Valla Ferrocarril,El primer evento no fue una colision con un vehiculo automotor en transporte,Not an Intersection,No fue interseccion,Sobre el lado de la calle,Ninguna,Dia total,Despejado,No,NO APLICA,14,31,14,58,1,12/07/2022,1