Estado,Nombre de Estado,Numero de Caso,Peatones,Personas _no_vehiculos,Vehiculos automotores,Vehiculos estacionados,Condado,Nombre Condado,Ciudad,Nombre Ciudad,Mes,Nombre Mes,Dia,Año,Hora,Minuto,Calle,Ruta,Nombre Ruta,Rural o Urbanoo,Sistema Funcional,Dueño Calle,Sistema Nacional Carreteras,Jurisdiccion Especial,Milla,Latitud,Longitud,Causa del Accidente,Tipo de Accidente,Tipo Interseccion,Columna1,Lugar en la calle,Zona de Trabajo,Luz,Clima,Autobus Escolar,Cruce de Trenes,Hora Notificacion,Minuto Notificacion,Hora Llegada,Minuto Llegada,Decesos,Fecha,PersonaVehiculo
29,Missouri,290442,0,0,1,0,99,JEFFERSON (99),0,NO APLICA,7,Julio,13,2022,19,0,SR-B,3,Highway estatal,Rural,Arteria Menor,State Highway Agency,0,Sin jurisdiccion especial,40,38.29398611,-90.64811389,Zanja,El primer evento no fue una colision con un vehiculo automotor en transporte,Not an Intersection,No fue interseccion,Sobre el lado de la calle,Ninguna,Dia total,Despejado,No,NO APLICA,99,99,99,99,1,13/07/2022,1
29,Missouri,290443,0,0,3,0,43,CHRISTIAN (43),5730,NIXA,7,Julio,13,2022,21,8,US-160,2,US Highway,Urbano,Arteria Principal,State Highway Agency,1,Sin jurisdiccion especial,180,37.05458333,-93.30347222,Vehiculo en movimiento,Angulo,Four-Way Intersection,Interseccion de 4 direcciones,Sobre calle,Ninguna,Oscuro con iluminacion,Despejado,No,NO APLICA,21,9,21,15,1,13/07/2022,6
29,Missouri,290444,0,0,2,0,213,TANEY (213),0,NO APLICA,7,Julio,13,2022,15,48,US-160,2,US Highway,Rural,Colector Mayor,State Highway Agency,0,Sin jurisdiccion especial,40,36.76074722,-93.25651667,Vehiculo en movimiento,Frente a frente,Not an Intersection,No fue interseccion,Sobre calle,Ninguna,Dia total,Despejado,No,NO APLICA,15,44,15,55,1,13/07/2022,2
29,Missouri,290445,0,0,1,0,23,BUTLER (23),0,NO APLICA,7,Julio,13,2022,18,15,SR-O,3,Highway estatal,Rural,Colector Mayor,State Highway Agency,0,Sin jurisdiccion especial,50,36.86711111,-90.44111111,Volcadura,El primer evento no fue una colision con un vehiculo automotor en transporte,Not an Intersection,No fue interseccion,Sobre el lado de la calle,Ninguna,Dia total,Despejado,No,NO APLICA,18,31,19,18,1,13/07/2022,1
29,Missouri,290446,0,0,2,0,189,ST LOUIS (189),7665,SUNSET HILLS,7,Julio,14,2022,14,30,SR-30,3,Highway estatal,Urbano,Arteria Principal,State Highway Agency,1,Sin jurisdiccion especial,80,38.51655556,-90.42997222,Vehiculo en movimiento,Angulo,Four-Way Intersection,Interseccion de 4 direcciones,Sobre calle,Ninguna,Dia total,Nublado,No,NO APLICA,99,99,99,99,1,14/07/2022,2
29,Missouri,290447,0,0,1,0,223,WAYNE (223),0,NO APLICA,7,Julio,14,2022,12,40,SR-T,3,Highway estatal,Rural,Colector Mayor,State Highway Agency,0,Sin jurisdiccion especial,30,36.92463889,-90.28255556,Volcadura,El primer evento no fue una colision con un vehiculo automotor en transporte,Not an Intersection,No fue interseccion,Sobre el lado de la calle,Ninguna,Dia total,Despejado,No,NO APLICA,12,52,13,7,1,14/07/2022,1
29,Missouri,290448,1,1,1,0,510,ST. LOUIS (CITY) (510),7080,ST. LOUIS,7,Julio,15,2022,21,10,GRAND BLVD,6,Calle Local Municipalidad,Urbano,Arteria Principal,City or Municipal Highway Agency,1,Sin jurisdiccion especial,60,38.60094444,-90.24252222,Peaton,El primer evento no fue una colision con un vehiculo automotor en transporte,Four-Way Intersection,Interseccion de 4 direcciones,Sobre calle,Ninguna,Oscuro con iluminacion,Despejado,No,NO APLICA,21,15,21,18,1,15/07/2022,1
29,Missouri,290449,0,0,1,0,127,MARION (127),3470,HANNIBAL,7,Julio,15,2022,22,50,WARREN BARRETT DR,6,Calle Local Municipalidad,Urbano,Arteria Menor,City or Municipal Highway Agency,0,Sin jurisdiccion especial,0,39.69805,-91.3741,Banqueta,El primer evento no fue una colision con un vehiculo automotor en transporte,Not an Intersection,No fue interseccion,Sobre el lado de la calle,Ninguna,Oscuro con iluminacion,Despejado,No,NO APLICA,99,98,99,98,1,15/07/2022,1
29,Missouri,290450,1,1,1,0,77,GREENE (77),7460,SPRINGFIELD,7,Julio,16,2022,22,35,CHESTNUT EXPY,6,Calle Local Municipalidad,Urbano,Arteria Principal,State Highway Agency,1,Sin jurisdiccion especial,10,37.21232222,-93.36335556,Peaton,El primer evento no fue una colision con un vehiculo automotor en transporte,Not an Intersection,No fue interseccion,Sobre calle,Ninguna,Oscuro con iluminacion,Nublado,No,NO APLICA,22,39,22,45,1,16/07/2022,1
29,Missouri,290451,0,0,1,0,77,GREENE (77),0,NO APLICA,7,Julio,16,2022,17,9,I-44,1,Interestatal,Rural,Interestatal,State Highway Agency,1,Sin jurisdiccion especial,70,37.18719444,-93.48613889,Acotamiento,El primer evento no fue una colision con un vehiculo automotor en transporte,Not an Intersection,No fue interseccion,Sobre el lado de la calle,Ninguna,Dia total,Nublado,No,NO APLICA,99,98,99,98,1,16/07/2022,1
29,Missouri,290452,0,0,2,0,43,CHRISTIAN (43),0,NO APLICA,7,Julio,16,2022,4,0,US-60,2,US Highway,Rural,Arteria Principal,State Highway Agency,1,Sin jurisdiccion especial,0,37.02077778,-93.60622222,Vehiculo en movimiento,Frente a frente,Not an Intersection,No fue interseccion,Sobre calle,Ninguna,Oscuro sin iluminacion,Despejado,No,NO APLICA,99,99,99,99,1,16/07/2022,3
29,Missouri,290453,0,0,2,0,95,JACKSON (95),4120,KANSAS CITY,7,Julio,17,2022,1,40,BROADWAY BLVD,6,Calle Local Municipalidad,Urbano,Arteria Menor,City or Municipal Highway Agency,0,Sin jurisdiccion especial,10,39.0922,-94.58876111,Vehiculo en movimiento,Frente a frente,Not an Intersection,No fue interseccion,Sobre calle,Ninguna,Oscuro con iluminacion,Nublado,No,NO APLICA,1,40,1,43,1,17/07/2022,3
29,Missouri,290454,0,0,1,0,161,PHELPS (161),0,NO APLICA,7,Julio,17,2022,22,30,SR-A,3,Highway estatal,Rural,Colector Mayor,State Highway Agency,0,Sin jurisdiccion especial,10,38.0415,-91.84369444,Volcadura,El primer evento no fue una colision con un vehiculo automotor en transporte,Not an Intersection,No fue interseccion,Sobre el lado de la calle,Ninguna,Oscuro sin iluminacion,Despejado,No,NO APLICA,99,98,99,98,1,17/07/2022,1
29,Missouri,290455,0,0,1,0,183,ST. CHARLES (183),7010,ST. CHARLES,6,Junio,21,2022,23,9,CR-CAULKS HILL RD,4,Calle del Condado,Urbano,Arteria Menor,County Highway Agency,0,Sin jurisdiccion especial,10,38.7333,-90.57593056,Banqueta,El primer evento no fue una colision con un vehiculo automotor en transporte,Not an Intersection,No fue interseccion,Sobre el lado de la calle,Ninguna,Oscuro sin iluminacion,Despejado,No,NO APLICA,99,98,99,98,1,21/06/2022,1
29,Missouri,290456,1,1,1,0,113,LINCOLN (113),0,NO APLICA,7,Julio,3,2022,1,11,SR-47,3,Highway estatal,Rural,Arteria Menor,State Highway Agency,0,Sin jurisdiccion especial,30,38.98413889,-90.79080556,Peaton,El primer evento no fue una colision con un vehiculo automotor en transporte,Not an Intersection,No fue interseccion,Sobre calle,Ninguna,Oscuro sin iluminacion,Despejado,No,NO APLICA,2,51,3,0,1,03/07/2022,1
29,Missouri,290457,0,0,2,0,165,PLATTE (165),0,NO APLICA,7,Julio,9,2022,17,13,SR-45,3,Highway estatal,Rural,Arteria Menor,State Highway Agency,0,Sin jurisdiccion especial,210,39.30024167,-94.84604444,Vehiculo en movimiento,Frente a frente,T-Intersection,Interseccion de T,Sobre calle,Ninguna,Dia total,Despejado,No,NO APLICA,16,16,16,30,1,09/07/2022,2
29,Missouri,290458,0,0,2,0,95,JACKSON (95),4120,KANSAS CITY,7,Julio,15,2022,21,40,HOLMES RD,6,Calle Local Municipalidad,Urbano,Arteria Menor,City or Municipal Highway Agency,0,Sin jurisdiccion especial,80,38.90263889,-94.58502222,Vehiculo en movimiento,Golpe Lateral - direccion contraria,Not an Intersection,No fue interseccion,Sobre calle,Ninguna,Oscuro con iluminacion,Despejado,No,NO APLICA,99,98,99,98,1,15/07/2022,2
29,Missouri,290459,0,0,2,0,165,PLATTE (165),0,NO APLICA,7,Julio,17,2022,5,59,SR-45,3,Highway estatal,Rural,Arteria Menor,State Highway Agency,0,Sin jurisdiccion especial,260,39.23708333,-94.80032222,Vehiculo en movimiento,Frente a frente,Not an Intersection,No fue interseccion,Sobre calle,Ninguna,Oscuro con iluminacion,lluvia,No,NO APLICA,5,5,5,15,1,17/07/2022,2
29,Missouri,290460,0,0,1,0,127,MARION (127),0,NO APLICA,7,Julio,18,2022,21,20,SR-Z,3,Highway estatal,Rural,Colector Mayor,State Highway Agency,0,Sin jurisdiccion especial,110,39.68586111,-91.71572222,Acotamiento,El primer evento no fue una colision con un vehiculo automotor en transporte,Not an Intersection,No fue interseccion,Sobre el lado de la calle,Ninguna,Oscuro sin iluminacion,Despejado,No,NO APLICA,99,99,99,99,1,18/07/2022,1
29,Missouri,290461,0,0,1,0,93,IRON (93),0,NO APLICA,7,Julio,19,2022,21,48,CR-80A,4,Calle del Condado,Rural,No reportado,County Highway Agency,0,Sin jurisdiccion especial,10,37.73430556,-91.05136111,Arbol,El primer evento no fue una colision con un vehiculo automotor en transporte,Not an Intersection,No fue interseccion,Sobre el lado de la calle,Ninguna,Oscuro sin iluminacion,Despejado,No,NO APLICA,22,2,22,25,1,19/07/2022,1
29,Missouri,290462,0,0,2,0,21,BUCHANAN (21),0,NO APLICA,7,Julio,20,2022,18,33,US-36,2,US Highway,Rural,Arterial Principal -Freeway o ExpressWay,State Highway Agency,1,Sin jurisdiccion especial,20,39.74746667,-94.647075,Vehiculo en movimiento,Frente a Detrás,Not an Intersection,No fue interseccion,Sobre calle,Ninguna,Dia total,Despejado,No,NO APLICA,18,30,18,38,1,20/07/2022,2
29,Missouri,290463,0,0,2,0,145,NEWTON (145),0,NO APLICA,7,Julio,21,2022,7,5,SR-86,3,Highway estatal,Rural,Arteria Menor,State Highway Agency,0,Sin jurisdiccion especial,310,36.87694444,-94.20605556,Vehiculo en movimiento,Frente a frente,Not an Intersection,No fue interseccion,Sobre calle,Ninguna,Dia total,Despejado,No,NO APLICA,7,13,7,40,2,21/07/2022,2
29,Missouri,290464,0,0,1,0,81,HARRISON (81),0,NO APLICA,7,Julio,21,2022,0,5,I-35,1,Interestatal,Rural,Interestatal,State Highway Agency,1,Sin jurisdiccion especial,300,40.56409722,-93.94891389,Volcadura,El primer evento no fue una colision con un vehiculo automotor en transporte,Not an Intersection,No fue interseccion,En el medio,Ninguna,Oscuro sin iluminacion,Despejado,No,NO APLICA,99,99,99,99,1,21/07/2022,4
29,Missouri,290465,0,0,2,0,95,JACKSON (95),4120,KANSAS CITY,7,Julio,22,2022,7,28,I-70,1,Interestatal,Urbano,Interestatal,State Highway Agency,1,Sin jurisdiccion especial,50,39.08366944,-94.54125556,Barrera de Trafico de Concreto,El primer evento no fue una colision con un vehiculo automotor en transporte,Not an Intersection,No fue interseccion,En el medio,Ninguna,Dia total,Despejado,No,NO APLICA,7,28,7,35,1,22/07/2022,3
29,Missouri,290466,0,0,1,0,221,WASHINGTON (221),0,NO APLICA,7,Julio,13,2022,14,0,CR-GOBBLERS KNOB RD,4,Calle del Condado,Rural,No reportado,County Highway Agency,0,Sin jurisdiccion especial,40,37.88161111,-91.07830556,Suelo,El primer evento no fue una colision con un vehiculo automotor en transporte,Not an Intersection,No fue interseccion,Sobre el lado de la calle,Ninguna,Dia total,Despejado,No,NO APLICA,99,98,99,98,1,13/07/2022,1
29,Missouri,290467,0,0,1,0,209,STONE (209),0,NO APLICA,7,Julio,16,2022,20,40,SR-A,3,Highway estatal,Rural,Colector Mayor,State Highway Agency,0,Sin jurisdiccion especial,80,36.94222222,-93.44963889,Arbol,El primer evento no fue una colision con un vehiculo automotor en transporte,Not an Intersection,No fue interseccion,Sobre el lado de la calle,Ninguna,Oscuro sin iluminacion,Nublado,No,NO APLICA,20,51,21,22,1,16/07/2022,1
29,Missouri,290468,0,0,1,0,187,ST FRANCOIS (187),0,NO APLICA,7,Julio,18,2022,21,22,CR-POSSUM HOLLOW RD,4,Calle del Condado,Rural,No reportado,County Highway Agency,0,Sin jurisdiccion especial,20,37.73033333,-90.39172222,Volcadura,El primer evento no fue una colision con un vehiculo automotor en transporte,Not an Intersection,No fue interseccion,Sobre calle,Ninguna,Oscuro sin iluminacion,Despejado,No,NO APLICA,21,25,21,38,1,18/07/2022,1
29,Missouri,290469,0,0,2,1,95,JACKSON (95),3280,GRANDVIEW,7,Julio,23,2022,3,39,I-49,1,Interestatal,Urbano,Interestatal,State Highway Agency,1,Sin jurisdiccion especial,50,38.87041667,-94.52656111,Volcadura,El primer evento no fue una colision con un vehiculo automotor en transporte,Not an Intersection,No fue interseccion,Separador,Ninguna,Oscuro sin iluminacion,Despejado,No,NO APLICA,99,98,99,98,1,23/07/2022,1
29,Missouri,290470,0,0,1,0,185,ST. CLAIR (185),5970,OSCEOLA,7,Julio,24,2022,19,41,SR-13,3,Highway estatal,Rural,Arteria Principal,State Highway Agency,1,Sin jurisdiccion especial,120,38.05388611,-93.68943056,Volcadura,El primer evento no fue una colision con un vehiculo automotor en transporte,Four-Way Intersection,Interseccion de 4 direcciones,Sobre calle,Ninguna,Dia total,Despejado,No,NO APLICA,19,48,20,32,1,24/07/2022,1
29,Missouri,290471,0,0,1,0,113,LINCOLN (113),0,NO APLICA,7,Julio,24,2022,17,3,SR-H,3,Highway estatal,Rural,Colector Menor,State Highway Agency,0,Sin jurisdiccion especial,0,39.13780556,-91.12369444,Volcadura,El primer evento no fue una colision con un vehiculo automotor en transporte,Not an Intersection,No fue interseccion,Sobre el lado de la calle,Ninguna,Dia total,Nublado,No,NO APLICA,17,5,17,24,1,24/07/2022,1
29,Missouri,290472,1,1,1,0,145,NEWTON (145),0,NO APLICA,7,Julio,26,2022,4,10,SR-K,3,Highway estatal,Rural,Colector Mayor,State Highway Agency,0,Sin jurisdiccion especial,50,36.88213333,-94.55295556,Peaton,El primer evento no fue una colision con un vehiculo automotor en transporte,Not an Intersection,No fue interseccion,Sobre calle,Ninguna,Oscuro sin iluminacion,Despejado,No,NO APLICA,4,16,4,25,1,26/07/2022,1
29,Missouri,290474,1,1,1,0,77,GREENE (77),7460,SPRINGFIELD,7,Julio,30,2022,22,37,HOLLAND AVE,6,Calle Local Municipalidad,Urbano,No reportado,City or Municipal Highway Agency,0,Sin jurisdiccion especial,0,37.20029722,-93.28536389,Peaton,El primer evento no fue una colision con un vehiculo automotor en transporte,T-Intersection,Interseccion de T,Sobre calle,Ninguna,Oscuro con iluminacion,Nublado,No,NO APLICA,22,43,22,50,1,30/07/2022,1
29,Missouri,290475,0,0,2,0,69,DUNKLIN (69),4870,MALDEN,7,Julio,31,2022,11,46,SR-J,3,Highway estatal,Rural,Arteria Menor,State Highway Agency,0,Sin jurisdiccion especial,110,36.56398333,-89.97873889,Vehiculo en movimiento,Angulo,T-Intersection,Interseccion de T,Sobre calle,Ninguna,Dia total,Nublado,No,NO APLICA,11,46,12,1,1,31/07/2022,3
29,Missouri,290476,0,0,2,0,189,ST LOUIS (189),0,NO APLICA,6,Junio,24,2022,19,40,SR-AC,3,Highway estatal,Urbano,Arteria Principal,State Highway Agency,1,Sin jurisdiccion especial,50,38.74925556,-90.25423056,Vehiculo en movimiento,Angulo,Four-Way Intersection,Interseccion de 4 direcciones,Sobre calle,Ninguna,Dia total,Despejado,No,NO APLICA,13,45,13,50,1,24/06/2022,2
29,Missouri,290477,0,0,1,0,77,GREENE (77),7460,SPRINGFIELD,7,Julio,1,2022,13,39,FREMONT AVE,6,Calle Local Municipalidad,Urbano,Arteria Menor,City or Municipal Highway Agency,0,Sin jurisdiccion especial,20,37.16770556,-93.27194167,Banqueta,El primer evento no fue una colision con un vehiculo automotor en transporte,Not an Intersection,No fue interseccion,Sobre el lado de la calle,Ninguna,Dia total,Despejado,No,NO APLICA,13,42,13,49,1,01/07/2022,1
29,Missouri,290478,1,1,1,0,187,ST FRANCOIS (187),2670,FARMINGTON,7,Julio,5,2022,21,7,SR-32,3,Highway estatal,Urbano,Arteria Principal,State Highway Agency,1,Sin jurisdiccion especial,170,37.78761111,-90.42144444,Peaton,El primer evento no fue una colision con un vehiculo automotor en transporte,Not an Intersection,No fue interseccion,Sobre calle,Ninguna,Oscuro con iluminacion,Despejado,No,NO APLICA,99,99,99,99,1,05/07/2022,1
29,Missouri,290479,0,0,1,0,51,COLE (51),0,NO APLICA,7,Julio,16,2022,14,25,SR-B,3,Highway estatal,Rural,Colector Mayor,State Highway Agency,0,Sin jurisdiccion especial,110,38.43233333,-92.209,Zanja,El primer evento no fue una colision con un vehiculo automotor en transporte,Not an Intersection,No fue interseccion,Sobre el lado de la calle,Ninguna,Dia total,Despejado,No,NO APLICA,14,30,15,2,1,16/07/2022,2
29,Missouri,290480,1,1,1,0,510,ST. LOUIS (CITY) (510),7080,ST. LOUIS,7,Julio,18,2022,23,30,GRAND BLVD,6,Calle Local Municipalidad,Urbano,Arteria Principal,City or Municipal Highway Agency,1,Sin jurisdiccion especial,30,38.64331111,-90.228775,Peaton,El primer evento no fue una colision con un vehiculo automotor en transporte,Not an Intersection,No fue interseccion,Sobre calle,Ninguna,Oscuro con iluminacion,Despejado,No,NO APLICA,23,36,23,46,1,18/07/2022,1
29,Missouri,290481,0,0,2,0,183,ST. CHARLES (183),0,NO APLICA,7,Julio,19,2022,7,55,SR-P,3,Highway estatal,Urbano,Colector Mayor,State Highway Agency,0,Sin jurisdiccion especial,60,38.84658333,-90.77230556,Vehiculo en movimiento,Angulo,Four-Way Intersection,Interseccion de 4 direcciones,Sobre calle,Ninguna,Dia total,Despejado,No,NO APLICA,8,4,8,14,1,19/07/2022,2
29,Missouri,290482,0,0,1,0,31,CAPE GIRARDEAU (31),0,NO APLICA,7,Julio,23,2022,19,56,SR-A,3,Highway estatal,Rural,Colector Mayor,State Highway Agency,0,Sin jurisdiccion especial,100,37.25595833,-89.68321389,Acotamiento,El primer evento no fue una colision con un vehiculo automotor en transporte,Not an Intersection,No fue interseccion,Sobre el lado de la calle,Ninguna,Dia total,Despejado,No,NO APLICA,99,99,99,99,1,23/07/2022,1
29,Missouri,290483,0,0,2,0,43,CHRISTIAN (43),0,NO APLICA,7,Julio,25,2022,18,15,US-160,2,US Highway,Rural,Arteria Principal,State Highway Agency,1,Sin jurisdiccion especial,140,36.90097222,-93.28625,Vehiculo en movimiento,Angulo,Four-Way Intersection,Interseccion de 4 direcciones,Sobre calle,Ninguna,Dia total,Despejado,No,NO APLICA,18,17,18,21,1,25/07/2022,3
29,Missouri,290484,0,0,2,0,510,ST. LOUIS (CITY) (510),7080,ST. LOUIS,7,Julio,27,2022,23,39,BROADWAY ST,5,Calle Local - Pueblo,Urbano,Arteria Menor,City or Municipal Highway Agency,0,Sin jurisdiccion especial,40,38.55251111,-90.25218889,Vehiculo en movimiento,Frente a frente,Four-Way Intersection,Interseccion de 4 direcciones,Sobre calle,Ninguna,Oscuro con iluminacion,Despejado,No,NO APLICA,23,42,23,53,1,27/07/2022,2
29,Missouri,290485,0,0,2,0,21,BUCHANAN (21),0,NO APLICA,7,Julio,29,2022,6,10,SR-A,3,Highway estatal,Rural,Colector Mayor,State Highway Agency,0,Sin jurisdiccion especial,40,39.65402778,-94.80305833,Vehiculo en movimiento,Frente a frente,Not an Intersection,No fue interseccion,Sobre calle,Ninguna,Dia total,Despejado,No,NO APLICA,99,99,99,99,2,29/07/2022,4
29,Missouri,290486,0,0,2,0,183,ST. CHARLES (183),7100,ST. PETERS,4,Abril,25,2022,21,29,VETERANS MEMORIAL PKWY,6,Calle Local Municipalidad,Urbano,Colector Mayor,State Highway Agency,0,Sin jurisdiccion especial,0,38.79813889,-90.60075,Vehiculo en movimiento,Frente a frente,Not an Intersection,No fue interseccion,Sobre calle,Ninguna,Oscuro con iluminacion,Nublado,No,NO APLICA,21,35,21,39,1,25/04/2022,4
29,Missouri,290487,1,1,1,0,95,JACKSON (95),3280,GRANDVIEW,6,Junio,8,2022,9,8,BLUE RIDGE BLVD,6,Calle Local Municipalidad,Urbano,Arteria Menor,State Highway Agency,0,Sin jurisdiccion especial,90,38.90408333,-94.52969444,Peaton,El primer evento no fue una colision con un vehiculo automotor en transporte,Not an Intersection,No fue interseccion,Sobre el lado de la calle,Ninguna,Dia total,Despejado,No,NO APLICA,99,98,99,98,1,08/06/2022,1
29,Missouri,290488,0,0,1,0,101,JOHNSON (101),0,NO APLICA,6,Junio,17,2022,6,8,SR-13,3,Highway estatal,Rural,Arteria Principal,State Highway Agency,0,Sin jurisdiccion especial,200,38.57402778,-93.75091667,Otro objeto (no fijo),El primer evento no fue una colision con un vehiculo automotor en transporte,Not an Intersection,No fue interseccion,Sobre el lado de la calle,Ninguna,Dia total,Despejado,No,NO APLICA,99,98,99,98,1,17/06/2022,1
29,Missouri,290489,0,0,2,0,101,JOHNSON (101),0,NO APLICA,6,Junio,18,2022,16,37,SR-W,3,Highway estatal,Rural,Colector Mayor,State Highway Agency,0,Sin jurisdiccion especial,20,38.83544444,-94.05772222,Vehiculo en movimiento,Frente a frente,Not an Intersection,No fue interseccion,Sobre calle,Ninguna,Dia total,Despejado,No,NO APLICA,16,42,17,9,1,18/06/2022,2
29,Missouri,290490,0,0,2,0,189,ST LOUIS (189),6290,PINE LAWN,6,Junio,26,2022,21,43,JENNINGS STATION RD,6,Calle Local Municipalidad,Urbano,Arteria Menor,County Highway Agency,0,Sin jurisdiccion especial,40,38.69794444,-90.27255556,Vehiculo en movimiento,Angulo,Not an Intersection,No fue interseccion,Sobre calle,Ninguna,Oscuro con iluminacion,Despejado,No,NO APLICA,21,46,21,54,1,26/06/2022,2
29,Missouri,290491,0,0,1,0,189,ST LOUIS (189),2780,FLORISSANT,6,Junio,27,2022,1,35,CR-NEW FLORISSANT RD,4,Calle del Condado,Urbano,Arteria Menor,County Highway Agency,0,Sin jurisdiccion especial,0,38.78653889,-90.32448333,Arbol,El primer evento no fue una colision con un vehiculo automotor en transporte,Not an Intersection,No fue interseccion,Sobre el lado de la calle,Ninguna,Oscuro con iluminacion,Despejado,No,NO APLICA,1,47,1,51,3,27/06/2022,4
29,Missouri,290492,0,0,1,0,77,GREENE (77),7460,SPRINGFIELD,7,Julio,7,2022,23,22,KEARNEY ST,6,Calle Local Municipalidad,Urbano,Arteria Principal,State Highway Agency,1,Sin jurisdiccion especial,90,37.23882778,-93.22394722,Soporte de  señalamiento de transito,El primer evento no fue una colision con un vehiculo automotor en transporte,Four-Way Intersection,Interseccion de 4 direcciones,En el medio,Ninguna,Oscuro con iluminacion,Despejado,No,NO APLICA,23,24,23,34,1,07/07/2022,1
29,Missouri,290493,0,0,1,0,145,NEWTON (145),4100,JOPLIN,7,Julio,16,2022,2,0,CR-RIVERSIDE DR,4,Calle del Condado,Urbano,Local,County Highway Agency,0,Sin jurisdiccion especial,10,37.03670556,-94.54099722,Volcadura,El primer evento no fue una colision con un vehiculo automotor en transporte,Not an Intersection,No fue interseccion,Sobre el lado de la calle,Ninguna,Oscuro sin iluminacion,Nublado,No,NO APLICA,99,99,99,99,1,16/07/2022,3
29,Missouri,290494,0,0,1,0,161,PHELPS (161),0,NO APLICA,7,Julio,16,2022,22,40,I-44,1,Interestatal,Rural,Interestatal,State Highway Agency,1,Sin jurisdiccion especial,60,37.93383333,-91.95988889,Acotamiento,El primer evento no fue una colision con un vehiculo automotor en transporte,Not an Intersection,No fue interseccion,Sobre el lado de la calle,Ninguna,Oscuro sin iluminacion,Nublado,No,NO APLICA,22,41,22,55,1,16/07/2022,1
29,Missouri,290495,0,0,2,0,510,ST. LOUIS (CITY) (510),7080,ST. LOUIS,7,Julio,17,2022,14,45,BROADWAY,6,Calle Local Municipalidad,Urbano,Arteria Menor,City or Municipal Highway Agency,0,Sin jurisdiccion especial,20,38.69966111,-90.22808889,Vehiculo en movimiento,Frente a frente,Not an Intersection,No fue interseccion,Sobre calle,Ninguna,Dia total,lluvia,No,NO APLICA,14,47,15,1,1,17/07/2022,2
29,Missouri,290496,73,73,1,0,41,CHARITON (41),0,NO APLICA,6,Junio,27,2022,12,42,CR-PORCHE PRAIRIE AVE,4,Calle del Condado,Rural,Local,County Highway Agency,0,Sin jurisdiccion especial,10,39.56052778,-93.18113889,Vehiculo Ferrocarril,El primer evento no fue una colision con un vehiculo automotor en transporte,Not an Intersection,No fue interseccion,Sobre calle,Ninguna,Dia total,Despejado,No,005284Y,99,99,99,99,4,27/06/2022,1
29,Missouri,290497,0,0,2,0,187,ST FRANCOIS (187),2670,FARMINGTON,4,Abril,22,2022,20,40,SR-OO,3,Highway estatal,Rural,Colector Mayor,State Highway Agency,0,Sin jurisdiccion especial,80,37.69972222,-90.30230556,Vehiculo en movimiento,Angulo,Four-Way Intersection,Interseccion de 4 direcciones,Sobre calle,Ninguna,Oscuro sin iluminacion,Despejado,No,NO APLICA,99,99,99,99,1,22/04/2022,4
29,Missouri,290498,0,0,2,0,99,JEFFERSON (99),0,NO APLICA,4,Abril,28,2022,14,33,SR-30,3,Highway estatal,Urbano,Arteria Principal,State Highway Agency,1,Sin jurisdiccion especial,120,38.38760833,-90.60217222,Vehiculo en movimiento,Angulo,Four-Way Intersection,Interseccion de 4 direcciones,Sobre calle,Ninguna,Dia total,Despejado,No,NO APLICA,14,35,14,40,1,28/04/2022,2
29,Missouri,290499,0,0,1,0,189,ST LOUIS (189),5035,MARYLAND HEIGHTS,6,Junio,5,2022,17,34,SR-364,3,Highway estatal,Urbano,Arterial Principal -Freeway o ExpressWay,State Highway Agency,1,Sin jurisdiccion especial,20,38.70636111,-90.48366667,Volcadura,El primer evento no fue una colision con un vehiculo automotor en transporte,Not an Intersection,No fue interseccion,Sobre calle,Ninguna,Dia total,Despejado,No,NO APLICA,17,35,17,44,1,05/06/2022,1
29,Missouri,290500,1,1,1,0,97,JASPER (97),4100,JOPLIN,7,Julio,7,2022,2,2,SR-FF,3,Highway estatal,Urbano,Arteria Principal,State Highway Agency,1,Sin jurisdiccion especial,10,37.05488333,-94.49606111,Ciclista,El primer evento no fue una colision con un vehiculo automotor en transporte,Not an Intersection,No fue interseccion,Sobre calle,Ninguna,Oscuro con iluminacion,Despejado,No,NO APLICA,99,99,99,99,1,07/07/2022,1
29,Missouri,290501,0,0,3,1,9,BARRY (9),0,NO APLICA,7,Julio,22,2022,12,38,SR-86,3,Highway estatal,Rural,Colector Mayor,State Highway Agency,0,Sin jurisdiccion especial,390,36.506775,-93.6817,Vehiculo en movimiento,Angulo,Not an Intersection,No fue interseccion,Sobre calle,Ninguna,Dia total,Despejado,No,NO APLICA,12,42,12,54,1,22/07/2022,4
29,Missouri,290503,0,0,2,0,153,OZARK (153),0,NO APLICA,7,Julio,27,2022,18,15,US-160,2,US Highway,Rural,Arteria Menor,State Highway Agency,0,Sin jurisdiccion especial,40,36.583,-92.71033333,Vehiculo en movimiento,Frente a frente,Not an Intersection,No fue interseccion,Sobre calle,Ninguna,Dia total,Nublado,No,NO APLICA,99,99,99,99,1,27/07/2022,3
29,Missouri,290504,1,1,2,0,510,ST. LOUIS (CITY) (510),7080,ST. LOUIS,7,Julio,29,2022,20,50,CHIPPEWA ST,6,Calle Local Municipalidad,Urbano,Arteria Principal,State Highway Agency,0,Sin jurisdiccion especial,10,38.58967222,-90.30768056,Peaton,El primer evento no fue una colision con un vehiculo automotor en transporte,Not an Intersection,No fue interseccion,Sobre calle,Ninguna,Oscuro con iluminacion,Despejado,No,NO APLICA,20,52,20,58,1,29/07/2022,3