Estado,Nombre de Estado,Numero de Caso,Peatones,Personas _no_vehiculos,Vehiculos automotores,Vehiculos estacionados,Condado,Nombre Condado,Ciudad,Nombre Ciudad,Mes,Nombre Mes,Dia,Año,Hora,Minuto,Calle,Ruta,Nombre Ruta,Rural o Urbanoo,Sistema Funcional,Dueño Calle,Sistema Nacional Carreteras,Jurisdiccion Especial,Milla,Latitud,Longitud,Causa del Accidente,Tipo de Accidente,Tipo Interseccion,Columna1,Lugar en la calle,Zona de Trabajo,Luz,Clima,Autobus Escolar,Cruce de Trenes,Hora Notificacion,Minuto Notificacion,Hora Llegada,Minuto Llegada,Decesos,Fecha,PersonaVehiculo
29,Missouri,290505,0,0,1,0,109,LAWRENCE (109),0,NO APLICA,7,Julio,30,2022,18,36,CR-2040,4,Calle del Condado,Rural,Local,County Highway Agency,0,Sin jurisdiccion especial,0,37.218,-93.78572222,Barda,El primer evento no fue una colision con un vehiculo automotor en transporte,Not an Intersection,No fue interseccion,Fuera de la calle,Ninguna,Reportada como desconocida,Reportado como desconocido,No,NO APLICA,99,98,99,98,1,30/07/2022,1
29,Missouri,290506,0,0,2,0,95,JACKSON (95),4120,KANSAS CITY,7,Julio,31,2022,19,22,I-49,1,Interestatal,Urbano,Interestatal,State Highway Agency,1,Sin jurisdiccion especial,50,38.92040278,-94.52761111,Vehiculo en movimiento,Angulo,Not an Intersection,No fue interseccion,Sobre calle,Ninguna,Dia total,Despejado,No,NO APLICA,19,24,19,33,1,31/07/2022,2
29,Missouri,290507,0,0,2,0,95,JACKSON (95),4120,KANSAS CITY,8,Agosto,2,2022,21,50,VAN BRUNT BLVD,6,Calle Local Municipalidad,Urbano,Arteria Menor,City or Municipal Highway Agency,0,Sin jurisdiccion especial,20,39.06892778,-94.52101111,Vehiculo en movimiento,Angulo,"Five Point, or More",5 Puntos o mas,Sobre calle,Ninguna,Oscuro con iluminacion,Despejado,No,NO APLICA,21,51,21,58,1,02/08/2022,2
29,Missouri,290508,0,0,1,0,199,SCOTLAND (199),5100,MEMPHIS,8,Agosto,3,2022,21,33,MADISON ST,6,Calle Local Municipalidad,Rural,No reportado,City or Municipal Highway Agency,0,Sin jurisdiccion especial,0,40.45891667,-92.16811111,Alguien se cayo/avento del vehiculo,El primer evento no fue una colision con un vehiculo automotor en transporte,Not an Intersection,No fue interseccion,Sobre calle,Ninguna,Oscuro con iluminacion,Despejado,No,NO APLICA,21,33,21,45,1,03/08/2022,1
29,Missouri,290509,0,0,1,0,11,BARTON (11),0,NO APLICA,8,Agosto,3,2022,3,24,CR-SW 60TH RD,4,Calle del Condado,Rural,No reportado,County Highway Agency,0,Sin jurisdiccion especial,10,37.42047222,-94.59166667,Barda,El primer evento no fue una colision con un vehiculo automotor en transporte,T-Intersection,Interseccion de T,Fuera de la calle,Ninguna,Oscuro sin iluminacion,Despejado,No,NO APLICA,3,58,4,33,1,03/08/2022,3
29,Missouri,290510,0,0,1,0,77,GREENE (77),6710,REPUBLIC,8,Agosto,3,2022,22,12,US-60,2,US Highway,Urbano,Arterial Principal -Freeway o ExpressWay,State Highway Agency,1,Sin jurisdiccion especial,40,37.13365,-93.45592778,Poste de Señal de trafico,El primer evento no fue una colision con un vehiculo automotor en transporte,Not an Intersection,No fue interseccion,Sobre el lado de la calle,Ninguna,Oscuro con iluminacion,Despejado,No,NO APLICA,22,14,22,21,1,03/08/2022,1
29,Missouri,290511,0,0,1,0,189,ST LOUIS (189),7300,SHREWSBURY,8,Agosto,4,2022,17,51,CR-SHREWSBURY AVE,4,Calle del Condado,Urbano,Arteria Menor,County Highway Agency,0,Sin jurisdiccion especial,0,38.60008333,-90.325475,Banqueta,El primer evento no fue una colision con un vehiculo automotor en transporte,Not an Intersection,No fue interseccion,Sobre el lado de la calle,Ninguna,Dia total,Nublado,No,NO APLICA,10,54,10,56,1,04/08/2022,1
29,Missouri,290512,0,0,2,0,213,TANEY (213),0,NO APLICA,8,Agosto,4,2022,23,55,US-65,2,US Highway,Rural,Arterial Principal -Freeway o ExpressWay,State Highway Agency,1,Sin jurisdiccion especial,210,36.77641667,-93.22433333,Vehiculo en movimiento,Frente a frente,Not an Intersection,No fue interseccion,Sobre calle,Ninguna,Oscuro sin iluminacion,Nublado,No,NO APLICA,99,99,0,4,1,04/08/2022,2
29,Missouri,290513,0,0,1,0,229,WRIGHT (229),0,NO APLICA,8,Agosto,6,2022,19,5,CR-GIRLSTOWN RD,4,Calle del Condado,Rural,No reportado,County Highway Agency,0,Sin jurisdiccion especial,80,37.20526389,-92.26633056,Volcadura,El primer evento no fue una colision con un vehiculo automotor en transporte,Not an Intersection,No fue interseccion,Sobre el lado de la calle,Ninguna,Dia total,Despejado,No,NO APLICA,19,14,19,34,1,06/08/2022,2
29,Missouri,290515,0,0,1,0,183,ST. CHARLES (183),0,NO APLICA,8,Agosto,8,2022,15,50,SR-T,3,Highway estatal,Rural,Arteria Menor,State Highway Agency,0,Sin jurisdiccion especial,20,38.66625,-90.95063889,Animal vivo,El primer evento no fue una colision con un vehiculo automotor en transporte,Not an Intersection,No fue interseccion,Sobre calle,Ninguna,Dia total,Nublado,No,NO APLICA,15,54,16,9,1,08/08/2022,1
29,Missouri,290516,0,0,3,0,225,WEBSTER (225),7250,SEYMOUR,6,Junio,29,2022,22,10,US-60,2,US Highway,Rural,Arterial Principal -Freeway o ExpressWay,State Highway Agency,1,Sin jurisdiccion especial,210,37.1295,-92.73613889,Vehiculo en movimiento,Frente a frente,Not an Intersection,No fue interseccion,Sobre calle,Ninguna,Oscuro sin iluminacion,Despejado,No,NO APLICA,23,42,23,54,1,29/06/2022,6
29,Missouri,290517,0,0,2,0,145,NEWTON (145),5580,NEOSHO,7,Julio,1,2022,9,8,SR-49,3,Highway estatal,Urbano,Arteria Menor,State Highway Agency,0,Sin jurisdiccion especial,190,36.86827778,-94.38913889,Vehiculo en movimiento,Angulo,T-Intersection,Interseccion de T,Sobre calle,Ninguna,Dia total,Despejado,No,NO APLICA,9,9,9,11,1,01/07/2022,2
29,Missouri,290518,0,0,2,0,15,BENTON (15),0,NO APLICA,7,Julio,10,2022,9,43,SR-7,3,Highway estatal,Rural,Arteria Principal,State Highway Agency,1,Sin jurisdiccion especial,100,38.24188889,-93.39683333,Vehiculo en movimiento,Angulo,Four-Way Intersection,Interseccion de 4 direcciones,Sobre calle,Ninguna,Dia total,Nublado,No,NO APLICA,9,56,10,38,1,10/07/2022,4
29,Missouri,290519,0,0,1,0,89,HOWARD (89),0,NO APLICA,7,Julio,11,2022,16,2,SR-124,3,Highway estatal,Rural,Colector Mayor,State Highway Agency,0,Sin jurisdiccion especial,70,39.14251944,-92.54387778,Buzon de correo,El primer evento no fue una colision con un vehiculo automotor en transporte,Not an Intersection,No fue interseccion,Sobre el lado de la calle,Ninguna,Dia total,Despejado,No,NO APLICA,16,6,16,17,2,11/07/2022,2
29,Missouri,290520,0,0,2,0,133,MISSISSIPPI (133),670,BERTRAND,7,Julio,23,2022,8,30,I-57,1,Interestatal,Rural,Interestatal,State Highway Agency,1,Sin jurisdiccion especial,30,36.90005556,-89.45791667,Vehiculo en movimiento,Angulo,Not an Intersection,No fue interseccion,Sobre calle,Ninguna,Dia total,Despejado,No,NO APLICA,8,42,8,50,1,23/07/2022,3
29,Missouri,290522,0,0,1,0,207,STODDARD (207),0,NO APLICA,7,Julio,28,2022,8,35,SR-Y,3,Highway estatal,Rural,Colector Mayor,State Highway Agency,0,Sin jurisdiccion especial,60,36.96488889,-89.80563889,Zanja,El primer evento no fue una colision con un vehiculo automotor en transporte,Not an Intersection,No fue interseccion,Sobre el lado de la calle,Ninguna,Dia total,Nublado,No,NO APLICA,8,42,9,40,1,28/07/2022,3
29,Missouri,290523,0,0,2,0,207,STODDARD (207),2230,DEXTER,8,Agosto,1,2022,7,21,US-60,2,US Highway,Urbano,Arteria Menor,State Highway Agency,0,Sin jurisdiccion especial,20,36.799725,-89.96185556,Vehiculo en movimiento,Angulo,Four-Way Intersection,Interseccion de 4 direcciones,Sobre calle,Ninguna,Dia total,Nublado,No,NO APLICA,7,25,7,30,2,01/08/2022,3
29,Missouri,290524,0,0,2,0,105,LACLEDE (105),0,NO APLICA,8,Agosto,4,2022,15,7,SR-MM,3,Highway estatal,Rural,Colector Menor,State Highway Agency,0,Sin jurisdiccion especial,20,37.70091667,-92.62061111,Vehiculo en movimiento,Golpe Lateral - direccion contraria,Not an Intersection,No fue interseccion,Sobre calle,Ninguna,Dia total,Nublado,No,NO APLICA,15,8,15,16,1,04/08/2022,3
29,Missouri,290525,0,0,1,0,135,MONITEAU (135),0,NO APLICA,8,Agosto,6,2022,20,27,US-50,2,US Highway,Rural,Arteria Principal,State Highway Agency,1,Sin jurisdiccion especial,20,38.65519722,-92.80552222,Volcadura,El primer evento no fue una colision con un vehiculo automotor en transporte,Not an Intersection,No fue interseccion,Sobre el lado de la calle,Ninguna,Dia total,Despejado,No,NO APLICA,20,31,20,36,1,06/08/2022,2
29,Missouri,290527,0,0,2,0,19,BOONE (19),0,NO APLICA,7,Julio,16,2022,2,1,SR-22,3,Highway estatal,Rural,Arteria Menor,State Highway Agency,0,Sin jurisdiccion especial,0,39.24602778,-92.301,Vehiculo en movimiento,Frente a frente,Not an Intersection,No fue interseccion,Sobre calle,Ninguna,Oscuro sin iluminacion,Despejado,No,NO APLICA,1,59,2,20,3,16/07/2022,3
29,Missouri,290528,0,0,1,0,189,ST LOUIS (189),6780,RICHMOND HTS,7,Julio,24,2022,0,52,I-170,1,Interestatal,Urbano,Interestatal,State Highway Agency,1,Sin jurisdiccion especial,10,38.63727778,-90.3435,Alguien se cayo/avento del vehiculo,El primer evento no fue una colision con un vehiculo automotor en transporte,Not an Intersection,No fue interseccion,Sobre calle,Ninguna,Oscuro con iluminacion,Despejado,No,NO APLICA,1,0,1,8,1,24/07/2022,1
29,Missouri,290529,0,0,2,0,99,JEFFERSON (99),0,NO APLICA,7,Julio,26,2022,13,15,SR-H,3,Highway estatal,Rural,Colector Mayor,State Highway Agency,0,Sin jurisdiccion especial,40,38.16322222,-90.678,Vehiculo en movimiento,Frente a frente,Four-Way Intersection,Interseccion de 4 direcciones,Sobre calle,"Zona de trabajo, tipo desconocido",Dia total,Nublado,No,NO APLICA,13,19,13,31,1,26/07/2022,3
29,Missouri,290530,0,0,2,0,71,FRANKLIN (71),0,NO APLICA,7,Julio,26,2022,21,20,SR-100,3,Highway estatal,Rural,Arteria Principal,State Highway Agency,1,Sin jurisdiccion especial,300,38.49913889,-90.90091667,Vehiculo en movimiento,Angulo,Four-Way Intersection,Interseccion de 4 direcciones,Sobre calle,Ninguna,Oscuro sin iluminacion,Despejado,No,NO APLICA,21,55,21,55,1,26/07/2022,6
29,Missouri,290532,0,0,2,0,61,DAVIESS (61),0,NO APLICA,8,Agosto,3,2022,20,56,US-69,2,US Highway,Rural,Arteria Principal,State Highway Agency,1,Sin jurisdiccion especial,200,39.86441667,-94.14872222,Vehiculo en movimiento,Angulo,T-Intersection,Interseccion de T,Sobre calle,Ninguna,Dia total,Despejado,No,NO APLICA,20,57,21,12,1,03/08/2022,4
29,Missouri,290533,0,0,1,0,221,WASHINGTON (221),0,NO APLICA,8,Agosto,6,2022,11,55,CR-CRUMP RD,4,Calle del Condado,Rural,Local,County Highway Agency,0,Sin jurisdiccion especial,10,37.868,-91.04069444,Acotamiento,El primer evento no fue una colision con un vehiculo automotor en transporte,Not an Intersection,No fue interseccion,Sobre el lado de la calle,Ninguna,Dia total,Despejado,No,NO APLICA,99,98,99,98,1,06/08/2022,1
29,Missouri,290534,0,0,2,0,183,ST. CHARLES (183),0,NO APLICA,8,Agosto,7,2022,14,0,SR-94,3,Highway estatal,Rural,Arteria Menor,State Highway Agency,0,Sin jurisdiccion especial,140,38.6525,-90.77638889,Vehiculo en movimiento,Frente a frente,Not an Intersection,No fue interseccion,Sobre calle,Ninguna,Dia total,Despejado,No,NO APLICA,14,5,14,18,1,07/08/2022,3
29,Missouri,290535,0,0,2,0,13,BATES (13),0,NO APLICA,8,Agosto,8,2022,15,26,CR-NW 6001,4,Calle del Condado,Rural,Local,County Highway Agency,0,Sin jurisdiccion especial,10,38.45411111,-94.45425,Vehiculo en movimiento,Frente a Detrás,Not Reported,No reportado,Sobre calle,Ninguna,Dia total,Despejado,No,NO APLICA,15,30,15,51,1,08/08/2022,2
29,Missouri,290536,0,0,3,0,51,COLE (51),0,NO APLICA,8,Agosto,5,2022,23,15,US-54,2,US Highway,Urbano,Arterial Principal -Freeway o ExpressWay,State Highway Agency,1,Sin jurisdiccion especial,60,38.51944444,-92.23308333,Vehiculo en movimiento,Frente a Detrás,Not an Intersection,No fue interseccion,Sobre calle,Ninguna,Oscuro sin iluminacion,Despejado,No,NO APLICA,23,19,23,25,1,05/08/2022,3
29,Missouri,290537,0,0,1,0,105,LACLEDE (105),0,NO APLICA,8,Agosto,8,2022,10,15,CR-EDISON RD,4,Calle del Condado,Rural,Local,County Highway Agency,0,Sin jurisdiccion especial,0,37.63075,-92.77844444,Volcadura,El primer evento no fue una colision con un vehiculo automotor en transporte,Not an Intersection,No fue interseccion,Sobre el lado de la calle,Ninguna,Dia total,Despejado,No,NO APLICA,10,59,11,20,1,08/08/2022,2
29,Missouri,290538,0,0,1,0,71,FRANKLIN (71),6030,PACIFIC,8,Agosto,8,2022,18,12,SR-OO,3,Highway estatal,Rural,Colector Mayor,State Highway Agency,0,Sin jurisdiccion especial,20,38.50716667,-90.74780556,Culvert,El primer evento no fue una colision con un vehiculo automotor en transporte,Not an Intersection,No fue interseccion,Sobre el lado de la calle,Ninguna,Dia total,lluvia,No,NO APLICA,18,13,18,30,1,08/08/2022,6
29,Missouri,290539,0,0,1,0,97,JASPER (97),0,NO APLICA,8,Agosto,9,2022,13,0,SR-M,3,Highway estatal,Rural,Colector Mayor,State Highway Agency,0,Sin jurisdiccion especial,160,37.2965,-94.31888889,Volcadura,El primer evento no fue una colision con un vehiculo automotor en transporte,Not an Intersection,No fue interseccion,Sobre calle,Ninguna,Dia total,Despejado,No,NO APLICA,99,98,99,98,1,09/08/2022,1
29,Missouri,290540,0,0,2,0,95,JACKSON (95),3940,INDEPENDENCE,8,Agosto,9,2022,10,30,SR-78,3,Highway estatal,Urbano,Arteria Principal,State Highway Agency,1,Sin jurisdiccion especial,40,39.07904167,-94.41069722,Vehiculo en movimiento,Angulo,Four-Way Intersection,Interseccion de 4 direcciones,Sobre calle,Ninguna,Dia total,Despejado,No,NO APLICA,99,98,99,98,1,09/08/2022,2
29,Missouri,290541,0,0,1,0,109,LAWRENCE (109),0,NO APLICA,8,Agosto,10,2022,10,25,SR-UU,3,Highway estatal,Rural,Colector Menor,State Highway Agency,0,Sin jurisdiccion especial,70,37.19258333,-93.90316667,Volcadura,El primer evento no fue una colision con un vehiculo automotor en transporte,Not an Intersection,No fue interseccion,Sobre el lado de la calle,Ninguna,Dia total,Despejado,No,NO APLICA,10,30,10,52,1,10/08/2022,2
29,Missouri,290542,0,0,2,0,145,NEWTON (145),0,NO APLICA,8,Agosto,10,2022,18,5,SR-H,3,Highway estatal,Rural,Colector Mayor,State Highway Agency,0,Sin jurisdiccion especial,20,36.84905556,-94.26525,Vehiculo en movimiento,Angulo,Four-Way Intersection,Interseccion de 4 direcciones,Sobre calle,Ninguna,Dia total,Despejado,No,NO APLICA,18,5,18,17,1,10/08/2022,2
29,Missouri,290543,1,1,1,0,111,LEWIS (111),0,NO APLICA,8,Agosto,11,2022,23,53,JAMISON ST,6,Calle Local Municipalidad,Rural,Local,City or Municipal Highway Agency,0,Sin jurisdiccion especial,0,40.13716667,-91.52411111,Peaton,El primer evento no fue una colision con un vehiculo automotor en transporte,Not an Intersection,No fue interseccion,Sobre calle,Ninguna,Oscuro sin iluminacion,Nublado,No,NO APLICA,99,98,99,98,1,11/08/2022,2
29,Missouri,290544,0,0,2,0,93,IRON (93),0,NO APLICA,8,Agosto,11,2022,19,52,SR-32,3,Highway estatal,Rural,Arteria Menor,State Highway Agency,0,Sin jurisdiccion especial,100,37.68380556,-91.01027778,Vehiculo en movimiento,Frente a frente,Not an Intersection,No fue interseccion,Sobre calle,Ninguna,Dia total,Despejado,No,NO APLICA,20,33,21,13,2,11/08/2022,4
29,Missouri,290545,0,0,3,0,95,JACKSON (95),4120,KANSAS CITY,8,Agosto,12,2022,23,47,MAIN ST,6,Calle Local Municipalidad,Urbano,Arteria Menor,City or Municipal Highway Agency,0,Sin jurisdiccion especial,10,39.09578889,-94.58337222,Vehiculo en movimiento,Angulo,Four-Way Intersection,Interseccion de 4 direcciones,Sobre calle,Ninguna,Oscuro con iluminacion,Despejado,No,NO APLICA,23,47,0,0,1,12/08/2022,6
29,Missouri,290546,0,0,1,0,73,GASCONADE (73),0,NO APLICA,8,Agosto,12,2022,22,0,SR-28,3,Highway estatal,Rural,Arteria Menor,State Highway Agency,0,Sin jurisdiccion especial,60,38.31783333,-91.53963889,Volcadura,El primer evento no fue una colision con un vehiculo automotor en transporte,Not an Intersection,No fue interseccion,Sobre el lado de la calle,Ninguna,Oscuro sin iluminacion,Despejado,No,NO APLICA,99,98,99,98,1,12/08/2022,1
29,Missouri,290547,0,0,1,0,71,FRANKLIN (71),0,NO APLICA,8,Agosto,13,2022,1,50,SR-FF,3,Highway estatal,Rural,Colector Mayor,State Highway Agency,0,Sin jurisdiccion especial,60,38.23088889,-90.81358333,Acotamiento,El primer evento no fue una colision con un vehiculo automotor en transporte,Not an Intersection,No fue interseccion,Sobre el lado de la calle,Ninguna,Oscuro sin iluminacion,Despejado,No,NO APLICA,1,48,2,5,2,13/08/2022,4
29,Missouri,290548,1,1,1,0,173,RALLS (173),0,NO APLICA,8,Agosto,14,2022,22,58,US-61,2,US Highway,Urbano,Arteria Principal,State Highway Agency,1,Sin jurisdiccion especial,110,39.65658333,-91.41922222,Ciclista,El primer evento no fue una colision con un vehiculo automotor en transporte,Four-Way Intersection,Interseccion de 4 direcciones,Sobre calle,Ninguna,Oscuro sin iluminacion,Despejado,No,NO APLICA,23,19,23,30,1,14/08/2022,1
29,Missouri,290549,0,0,1,0,109,LAWRENCE (109),0,NO APLICA,8,Agosto,14,2022,8,10,SR-O,3,Highway estatal,Rural,Colector Mayor,State Highway Agency,0,Sin jurisdiccion especial,10,37.182,-93.63891667,Zanja,El primer evento no fue una colision con un vehiculo automotor en transporte,Not an Intersection,No fue interseccion,Sobre el lado de la calle,Ninguna,Reportada como desconocida,Despejado,No,NO APLICA,8,12,8,32,1,14/08/2022,1
29,Missouri,290550,1,1,1,0,109,LAWRENCE (109),5520,MOUNT VERNON,7,Julio,28,2022,21,30,SR-39,3,Highway estatal,Rural,Arteria Menor,State Highway Agency,0,Sin jurisdiccion especial,150,37.09219444,-93.80113889,Ciclista,El primer evento no fue una colision con un vehiculo automotor en transporte,Not an Intersection,No fue interseccion,Sobre calle,Ninguna,Oscuro sin iluminacion,Despejado,No,NO APLICA,99,99,99,99,1,28/07/2022,2
29,Missouri,290552,1,1,1,0,510,ST. LOUIS (CITY) (510),7080,ST. LOUIS,8,Agosto,15,2022,2,21,SR-H,3,Highway estatal,Urbano,Arteria Principal,State Highway Agency,1,Sin jurisdiccion especial,70,38.69557778,-90.21558333,Peaton,El primer evento no fue una colision con un vehiculo automotor en transporte,Not an Intersection,No fue interseccion,Sobre calle,Ninguna,Oscuro con iluminacion,Despejado,No,NO APLICA,2,21,2,24,1,15/08/2022,1
29,Missouri,290553,0,0,2,0,71,FRANKLIN (71),0,NO APLICA,8,Agosto,16,2022,14,45,SR-185,3,Highway estatal,Rural,Colector Mayor,State Highway Agency,0,Sin jurisdiccion especial,370,38.20995,-91.08121389,Vehiculo en movimiento,Angulo,Not an Intersection,No fue interseccion,Sobre calle,Ninguna,Dia total,Nublado,No,NO APLICA,99,99,99,99,1,16/08/2022,3
29,Missouri,290554,1,1,1,0,189,ST LOUIS (189),650,BERKELEY,8,Agosto,16,2022,20,49,SR-115,3,Highway estatal,Urbano,Arteria Principal,State Highway Agency,1,Sin jurisdiccion especial,0,38.73277778,-90.351,Peaton,El primer evento no fue una colision con un vehiculo automotor en transporte,Not an Intersection,No fue interseccion,Sobre calle,Ninguna,Oscuro con iluminacion,Despejado,No,NO APLICA,20,50,20,58,1,16/08/2022,2
29,Missouri,290555,0,0,1,0,183,ST. CHARLES (183),0,NO APLICA,8,Agosto,17,2022,20,0,SR-N,3,Highway estatal,Rural,Colector Mayor,State Highway Agency,0,Sin jurisdiccion especial,30,38.77072222,-90.90963889,Volcadura,El primer evento no fue una colision con un vehiculo automotor en transporte,Not an Intersection,No fue interseccion,Sobre el lado de la calle,Ninguna,Oscuro sin iluminacion,Despejado,No,NO APLICA,20,4,20,13,1,17/08/2022,1
29,Missouri,290556,0,0,1,0,17,BOLLINGER (17),0,NO APLICA,8,Agosto,17,2022,10,19,SR-B,3,Highway estatal,Rural,Colector Mayor,State Highway Agency,0,Sin jurisdiccion especial,40,37.435725,-89.90485278,Arbol,El primer evento no fue una colision con un vehiculo automotor en transporte,Not an Intersection,No fue interseccion,Sobre el lado de la calle,Ninguna,Dia total,Despejado,No,NO APLICA,99,98,99,98,1,17/08/2022,1
29,Missouri,290557,1,1,1,0,183,ST. CHARLES (183),0,NO APLICA,8,Agosto,18,2022,20,30,SR-94,3,Highway estatal,Urbano,Colector Mayor,State Highway Agency,0,Sin jurisdiccion especial,370,38.82077778,-90.47302778,Peaton,El primer evento no fue una colision con un vehiculo automotor en transporte,Not an Intersection,No fue interseccion,Sobre calle,Ninguna,Oscuro sin iluminacion,Despejado,No,NO APLICA,20,32,20,36,1,18/08/2022,2
29,Missouri,290558,0,0,2,0,77,GREENE (77),0,NO APLICA,8,Agosto,19,2022,14,1,SR-N,3,Highway estatal,Rural,Colector Mayor,State Highway Agency,0,Sin jurisdiccion especial,30,37.14763889,-93.4795,Vehiculo en movimiento,Angulo,Four-Way Intersection,Interseccion de 4 direcciones,Sobre calle,Ninguna,Dia total,Despejado,No,NO APLICA,14,4,14,16,1,19/08/2022,2
29,Missouri,290559,0,0,2,0,119,MCDONALD (119),0,NO APLICA,8,Agosto,20,2022,8,25,SR-59,3,Highway estatal,Rural,Arteria Menor,State Highway Agency,0,Sin jurisdiccion especial,60,36.67605556,-94.44141667,Vehiculo en movimiento,Frente a frente,Not an Intersection,No fue interseccion,Sobre el lado de la calle,Ninguna,Dia total,Nublado,No,NO APLICA,99,99,99,99,1,20/08/2022,2
29,Missouri,290560,0,0,1,0,71,FRANKLIN (71),0,NO APLICA,8,Agosto,22,2022,3,30,I-44,1,Interestatal,Urbano,Interestatal,State Highway Agency,1,Sin jurisdiccion especial,90,38.45386111,-90.88383333,Suelo,El primer evento no fue una colision con un vehiculo automotor en transporte,Not an Intersection,No fue interseccion,Sobre el lado de la calle,Ninguna,Oscuro sin iluminacion,Despejado,No,NO APLICA,99,98,99,98,2,22/08/2022,2
29,Missouri,290561,0,0,1,0,201,SCOTT (201),7310,SIKESTON,8,Agosto,22,2022,20,45,N INGRAM RD,6,Calle Local Municipalidad,Urbano,Arteria Menor,City or Municipal Highway Agency,0,Sin jurisdiccion especial,10,36.90390556,-89.56925556,Alguien se cayo/avento del vehiculo,El primer evento no fue una colision con un vehiculo automotor en transporte,Not an Intersection,No fue interseccion,Sobre el lado de la calle,Ninguna,Oscuro sin iluminacion,Despejado,No,NO APLICA,20,48,20,57,1,22/08/2022,1
29,Missouri,290562,0,0,2,0,101,JOHNSON (101),8110,WARRENSBURG,8,Agosto,23,2022,17,20,SR-13,3,Highway estatal,Rural,Arteria Principal,State Highway Agency,1,Sin jurisdiccion especial,120,38.77988889,-93.68538889,Vehiculo en movimiento,Angulo,Four-Way Intersection,Interseccion de 4 direcciones,Sobre calle,Ninguna,Dia total,Despejado,No,NO APLICA,17,32,17,58,1,23/08/2022,3
29,Missouri,290563,0,0,3,0,37,CASS (37),600,BELTON,8,Agosto,23,2022,21,26,SR-58,3,Highway estatal,Urbano,Arteria Menor,State Highway Agency,0,Sin jurisdiccion especial,40,38.81336111,-94.50716667,Vehiculo en movimiento,Angulo,Four-Way Intersection,Interseccion de 4 direcciones,Sobre calle,Ninguna,Oscuro con iluminacion,Despejado,No,NO APLICA,21,28,21,37,1,23/08/2022,11
29,Missouri,290564,0,0,2,0,19,BOONE (19),1800,COLUMBIA,7,Julio,1,2022,9,42,SR-B,3,Highway estatal,Urbano,Arteria Menor,State Highway Agency,0,Sin jurisdiccion especial,110,38.97316389,-92.30247778,Vehiculo en movimiento,Angulo,Four-Way Intersection,Interseccion de 4 direcciones,Sobre calle,Ninguna,Dia total,Despejado,No,NO APLICA,9,43,9,50,1,01/07/2022,2
29,Missouri,290565,1,1,1,0,183,ST. CHARLES (183),8280,WENTZVILLE,7,Julio,30,2022,9,25,I-70,1,Interestatal,Urbano,Interestatal,State Highway Agency,1,Sin jurisdiccion especial,220,38.81013889,-90.87280556,Peaton,El primer evento no fue una colision con un vehiculo automotor en transporte,Not an Intersection,No fue interseccion,Sobre calle,Ninguna,Dia total,Despejado,No,NO APLICA,9,27,9,33,1,30/07/2022,1
29,Missouri,290566,1,1,1,0,189,ST LOUIS (189),7060,ST. JOHNS,8,Agosto,16,2022,21,30,SR-180,3,Highway estatal,Urbano,Arteria Principal,State Highway Agency,1,Sin jurisdiccion especial,70,38.70319722,-90.33641667,Peaton,El primer evento no fue una colision con un vehiculo automotor en transporte,Not an Intersection,No fue interseccion,Sobre calle,Ninguna,Oscuro con iluminacion,Despejado,No,NO APLICA,99,98,99,98,1,16/08/2022,1
29,Missouri,290567,0,0,2,0,183,ST. CHARLES (183),2824,FORISTELL,8,Agosto,22,2022,9,33,N SERVICE RD,6,Calle Local Municipalidad,Urbano,Colector Menor,State Highway Agency,0,Sin jurisdiccion especial,0,38.81519444,-90.94708333,Volcadura,El primer evento no fue una colision con un vehiculo automotor en transporte,Not an Intersection,No fue interseccion,Sobre calle,Ninguna,Dia total,Despejado,No,NO APLICA,9,39,9,51,1,22/08/2022,2
29,Missouri,290568,0,0,1,0,99,JEFFERSON (99),0,NO APLICA,8,Agosto,23,2022,0,30,BYRNES MILL RD,6,Calle Local Municipalidad,Urbano,Colector Mayor,City or Municipal Highway Agency,0,Sin jurisdiccion especial,10,38.451375,-90.58589444,Arbol,El primer evento no fue una colision con un vehiculo automotor en transporte,T-Intersection,Interseccion de T,Sobre el lado de la calle,Ninguna,Oscuro sin iluminacion,Nublado,No,NO APLICA,0,24,0,32,1,23/08/2022,1
29,Missouri,290569,0,0,1,0,163,PIKE (163),4720,LOUISIANA,8,Agosto,24,2022,13,56,US-54,2,US Highway,Rural,Arteria Principal,State Highway Agency,1,Sin jurisdiccion especial,240,39.45205556,-91.0585,Poste de Señal de trafico,El primer evento no fue una colision con un vehiculo automotor en transporte,T-Intersection,Interseccion de T,Sobre el lado de la calle,Ninguna,Dia total,Despejado,No,NO APLICA,13,59,14,3,1,24/08/2022,2
29,Missouri,290570,0,0,2,0,95,JACKSON (95),4120,KANSAS CITY,8,Agosto,25,2022,18,5,OAK ST,6,Calle Local Municipalidad,Urbano,No reportado,City or Municipal Highway Agency,0,Sin jurisdiccion especial,50,38.98469722,-94.58526389,Vehiculo en movimiento,Angulo,Four-Way Intersection,Interseccion de 4 direcciones,Sobre calle,Ninguna,Dia total,Despejado,No,NO APLICA,18,6,18,9,1,25/08/2022,3
29,Missouri,290571,0,0,1,0,1,ADAIR (1),0,NO APLICA,8,Agosto,25,2022,99,99,CR-YOUNGSTOWN TRAIL,4,Calle del Condado,Rural,No reportado,County Highway Agency,0,Sin jurisdiccion especial,30,40.15234444,-92.66059722,Volcadura,El primer evento no fue una colision con un vehiculo automotor en transporte,Not an Intersection,No fue interseccion,Sobre el lado de la calle,Ninguna,Reportada como desconocida,Despejado,No,NO APLICA,8,6,8,22,1,25/08/2022,1