Estado,Nombre de Estado,Numero de Caso,Peatones,Personas _no_vehiculos,Vehiculos automotores,Vehiculos estacionados,Condado,Nombre Condado,Ciudad,Nombre Ciudad,Mes,Nombre Mes,Dia,Año,Hora,Minuto,Calle,Ruta,Nombre Ruta,Rural o Urbanoo,Sistema Funcional,Dueño Calle,Sistema Nacional Carreteras,Jurisdiccion Especial,Milla,Latitud,Longitud,Causa del Accidente,Tipo de Accidente,Tipo Interseccion,Columna1,Lugar en la calle,Zona de Trabajo,Luz,Clima,Autobus Escolar,Cruce de Trenes,Hora Notificacion,Minuto Notificacion,Hora Llegada,Minuto Llegada,Decesos,Fecha,PersonaVehiculo
29,Missouri,290572,0,0,1,0,37,CASS (37),600,BELTON,8,Agosto,25,2022,20,55,I-49,1,Interestatal,Urbano,Interestatal,State Highway Agency,1,Sin jurisdiccion especial,270,38.80803056,-94.50025833,Poste de Señal de trafico,El primer evento no fue una colision con un vehiculo automotor en transporte,Not an Intersection,No fue interseccion,Separador,Ninguna,Oscuro sin iluminacion,Despejado,No,NO APLICA,21,2,21,7,1,25/08/2022,1
29,Missouri,290573,0,0,2,0,95,JACKSON (95),4120,KANSAS CITY,8,Agosto,25,2022,17,15,PROSPECT AVE,6,Calle Local Municipalidad,Urbano,Arteria Menor,City or Municipal Highway Agency,0,Sin jurisdiccion especial,50,39.03892222,-94.55448333,Vehiculo en movimiento,Frente a frente,Four-Way Intersection,Interseccion de 4 direcciones,Sobre calle,Ninguna,Dia total,Despejado,No,NO APLICA,17,16,17,18,1,25/08/2022,2
29,Missouri,290574,0,0,1,0,189,ST LOUIS (189),2690,FENTON,6,Junio,15,2022,14,12,SR-141,3,Highway estatal,Urbano,Arterial Principal -Freeway o ExpressWay,State Highway Agency,1,Sin jurisdiccion especial,0,38.50726111,-90.44333056,Volcadura,El primer evento no fue una colision con un vehiculo automotor en transporte,Not an Intersection,No fue interseccion,Sobre calle,Ninguna,Dia total,Despejado,No,NO APLICA,14,14,14,19,1,15/06/2022,1
29,Missouri,290575,0,0,2,0,159,PETTIS (159),0,NO APLICA,8,Agosto,2,2022,21,45,SR-127,3,Highway estatal,Rural,Colector Mayor,State Highway Agency,0,Sin jurisdiccion especial,200,38.70494444,-93.41252778,Vehiculo en movimiento,Angulo,Four-Way Intersection,Interseccion de 4 direcciones,Sobre calle,Ninguna,Oscuro sin iluminacion,Despejado,No,NO APLICA,22,5,22,35,1,02/08/2022,2
29,Missouri,290576,0,0,1,0,39,CEDAR (39),0,NO APLICA,8,Agosto,4,2022,16,28,SR-B,3,Highway estatal,Rural,Colector Mayor,State Highway Agency,0,Sin jurisdiccion especial,90,37.62280556,-93.94185278,Zanja,El primer evento no fue una colision con un vehiculo automotor en transporte,Not an Intersection,No fue interseccion,Sobre el lado de la calle,Ninguna,Dia total,Despejado,No,NO APLICA,16,30,17,1,3,04/08/2022,5
29,Missouri,290577,0,0,2,0,167,POLK (167),0,NO APLICA,8,Agosto,24,2022,7,16,SR-T,3,Highway estatal,Rural,Colector Mayor,State Highway Agency,0,Sin jurisdiccion especial,70,37.577675,-93.46847222,Vehiculo en movimiento,Frente a frente,Not an Intersection,No fue interseccion,Sobre el lado de la calle,Ninguna,Dia total,Despejado,No,NO APLICA,7,20,7,56,1,24/08/2022,3
29,Missouri,290578,0,0,1,0,213,TANEY (213),980,BRANSON,8,Agosto,26,2022,13,39,SR-165,3,Highway estatal,Urbano,Colector Mayor,State Highway Agency,0,Sin jurisdiccion especial,40,36.59994444,-93.30174722,Acotamiento,El primer evento no fue una colision con un vehiculo automotor en transporte,Not an Intersection,No fue interseccion,Sobre el lado de la calle,Ninguna,Dia total,Despejado,No,NO APLICA,13,41,14,2,1,26/08/2022,3
29,Missouri,290579,0,0,1,0,99,JEFFERSON (99),0,NO APLICA,8,Agosto,26,2022,6,50,CR-GLADE CHAPEL RD,4,Calle del Condado,Rural,Colector Menor,County Highway Agency,0,Sin jurisdiccion especial,10,38.30066389,-90.55501667,Otro objeto (fijo),El primer evento no fue una colision con un vehiculo automotor en transporte,Not an Intersection,No fue interseccion,Sobre el lado de la calle,Ninguna,Dia total,Nublado,No,NO APLICA,7,3,7,17,1,26/08/2022,2
29,Missouri,290580,0,0,1,0,71,FRANKLIN (71),8150,WASHINGTON,8,Agosto,27,2022,19,40,SR-A,3,Highway estatal,Urbano,Arteria Menor,State Highway Agency,0,Sin jurisdiccion especial,10,38.53248889,-91.02083611,Culvert,El primer evento no fue una colision con un vehiculo automotor en transporte,Not an Intersection,No fue interseccion,Sobre el lado de la calle,Ninguna,Oscuro con iluminacion,Nublado,No,NO APLICA,19,46,19,50,1,27/08/2022,1
29,Missouri,290581,0,0,1,0,209,STONE (209),0,NO APLICA,8,Agosto,27,2022,8,40,SR-413,3,Highway estatal,Rural,Arteria Menor,State Highway Agency,0,Sin jurisdiccion especial,140,36.77734167,-93.42388056,Poste de Señal de trafico,El primer evento no fue una colision con un vehiculo automotor en transporte,Not an Intersection,No fue interseccion,Sobre el lado de la calle,Ninguna,Dia total,Despejado,No,NO APLICA,99,98,99,98,2,27/08/2022,2
29,Missouri,290582,1,1,1,0,510,ST. LOUIS (CITY) (510),7080,ST. LOUIS,8,Agosto,27,2022,0,11,DR MARTING LUTHER KING DR,6,Calle Local Municipalidad,Urbano,Arteria Menor,City or Municipal Highway Agency,0,Sin jurisdiccion especial,10,38.664725,-90.26574722,Edificio,El primer evento no fue una colision con un vehiculo automotor en transporte,Not an Intersection,No fue interseccion,Fuera de la calle,Ninguna,Oscuro con iluminacion,Despejado,No,NO APLICA,0,16,0,21,1,27/08/2022,1
29,Missouri,290583,1,1,1,0,95,JACKSON (95),4120,KANSAS CITY,8,Agosto,27,2022,6,17,VIEW HIGH DR,6,Calle Local Municipalidad,Urbano,Arteria Menor,City or Municipal Highway Agency,0,Sin jurisdiccion especial,30,38.91518056,-94.45096667,Ciclista,El primer evento no fue una colision con un vehiculo automotor en transporte,Not an Intersection,No fue interseccion,Sobre calle,Ninguna,Oscuro sin iluminacion,Despejado,No,NO APLICA,99,99,99,99,1,27/08/2022,1
29,Missouri,290584,0,0,1,0,3,ANDREW (3),0,NO APLICA,8,Agosto,28,2022,99,99,US-169,2,US Highway,Rural,Arteria Menor,State Highway Agency,0,Sin jurisdiccion especial,100,39.89172222,-94.71866667,Zanja,El primer evento no fue una colision con un vehiculo automotor en transporte,Not an Intersection,No fue interseccion,Sobre el lado de la calle,Ninguna,Reportada como desconocida,Reportado como desconocido,No,NO APLICA,99,98,99,98,1,28/08/2022,1
29,Missouri,290585,0,0,1,0,21,BUCHANAN (21),7070,ST. JOSEPH,8,Agosto,28,2022,1,1,WOODBINE RD,6,Calle Local Municipalidad,Urbano,Colector Mayor,City or Municipal Highway Agency,0,Sin jurisdiccion especial,20,39.76158889,-94.79672222,Banqueta,El primer evento no fue una colision con un vehiculo automotor en transporte,Not an Intersection,No fue interseccion,Sobre el lado de la calle,Ninguna,Oscuro con iluminacion,Nublado,No,NO APLICA,1,11,1,15,1,28/08/2022,2
29,Missouri,290586,0,0,2,0,21,BUCHANAN (21),7070,ST. JOSEPH,8,Agosto,28,2022,13,49,FREDERICK AVE,6,Calle Local Municipalidad,Urbano,Local,City or Municipal Highway Agency,0,Sin jurisdiccion especial,0,39.7682,-94.84813333,Volcadura,El primer evento no fue una colision con un vehiculo automotor en transporte,Four-Way Intersection,Interseccion de 4 direcciones,Sobre calle,Ninguna,Dia total,Despejado,No,NO APLICA,13,49,13,53,2,28/08/2022,4
29,Missouri,290587,1,1,2,0,95,JACKSON (95),4120,KANSAS CITY,8,Agosto,28,2022,5,53,US-71,2,US Highway,Urbano,Arterial Principal -Freeway o ExpressWay,State Highway Agency,1,Sin jurisdiccion especial,50,39.05071667,-94.56173611,Peaton,El primer evento no fue una colision con un vehiculo automotor en transporte,Not an Intersection,No fue interseccion,Sobre calle,Ninguna,Oscuro con iluminacion,lluvia,No,NO APLICA,99,99,99,99,1,28/08/2022,2
29,Missouri,290588,0,0,1,0,75,GENTRY (75),0,NO APLICA,8,Agosto,29,2022,13,45,US-136,2,US Highway,Rural,Arteria Principal,State Highway Agency,1,Sin jurisdiccion especial,120,40.241,-94.43005556,Volcadura,El primer evento no fue una colision con un vehiculo automotor en transporte,Not an Intersection,No fue interseccion,Sobre el lado de la calle,Ninguna,Dia total,Nublado,No,NO APLICA,99,98,99,98,1,29/08/2022,1
29,Missouri,290589,0,0,4,0,189,ST LOUIS (189),2700,FERGUSON,6,Junio,7,2022,21,50,CHAMBERS RD,6,Calle Local Municipalidad,Urbano,Arteria Principal,County Highway Agency,1,Sin jurisdiccion especial,0,38.74925,-90.29952778,Vehiculo en movimiento,Angulo,Four-Way Intersection,Interseccion de 4 direcciones,Sobre calle,Ninguna,Oscuro con iluminacion,Despejado,No,NO APLICA,21,56,22,1,1,07/06/2022,6
29,Missouri,290590,0,0,5,2,209,STONE (209),0,NO APLICA,8,Agosto,27,2022,22,0,SR-N,3,Highway estatal,Rural,Colector Mayor,State Highway Agency,0,Sin jurisdiccion especial,10,36.9845,-93.42,Vehiculo en movimiento,Angulo,Not an Intersection,No fue interseccion,Sobre calle,Ninguna,Oscuro sin iluminacion,Despejado,No,NO APLICA,22,11,22,40,2,27/08/2022,6
29,Missouri,290591,0,0,1,0,183,ST. CHARLES (183),8286,WEST ALTON,8,Agosto,29,2022,16,11,DWIGGINS RD,6,Calle Local Municipalidad,Rural,No reportado,County Highway Agency,0,Sin jurisdiccion especial,0,38.89269444,-90.26411111,Vehiculo Ferrocarril,El primer evento no fue una colision con un vehiculo automotor en transporte,Not an Intersection,No fue interseccion,Sobre calle,Ninguna,Dia total,Despejado,No,072850M,99,98,99,98,1,29/08/2022,1
29,Missouri,290592,1,1,1,0,189,ST LOUIS (189),5035,MARYLAND HEIGHTS,8,Agosto,30,2022,18,26,SR-364,3,Highway estatal,Rural,Arterial Principal -Freeway o ExpressWay,State Highway Agency,1,Sin jurisdiccion especial,30,38.70661111,-90.49661111,Peaton,El primer evento no fue una colision con un vehiculo automotor en transporte,Not an Intersection,No fue interseccion,Sobre calle,Ninguna,Dia total,Despejado,No,NO APLICA,18,30,18,40,1,30/08/2022,1
29,Missouri,290593,0,0,2,0,213,TANEY (213),0,NO APLICA,8,Agosto,30,2022,11,47,SR-248,3,Highway estatal,Rural,Colector Mayor,State Highway Agency,0,Sin jurisdiccion especial,50,36.7075,-93.2665,Volcadura,El primer evento no fue una colision con un vehiculo automotor en transporte,Not an Intersection,No fue interseccion,Sobre calle,Ninguna,Dia total,Despejado,No,NO APLICA,99,98,99,98,1,30/08/2022,2
29,Missouri,290594,0,0,1,0,163,PIKE (163),0,NO APLICA,8,Agosto,30,2022,15,20,SR-M,3,Highway estatal,Rural,Colector Mayor,State Highway Agency,0,Sin jurisdiccion especial,40,39.28843611,-91.35070556,Volcadura,El primer evento no fue una colision con un vehiculo automotor en transporte,Not an Intersection,No fue interseccion,Sobre el lado de la calle,Ninguna,Dia total,Despejado,No,NO APLICA,99,98,99,98,1,30/08/2022,1
29,Missouri,290596,0,0,2,0,95,JACKSON (95),0,NO APLICA,8,Agosto,31,2022,7,55,US-50,2,US Highway,Urbano,Arteria Principal,State Highway Agency,1,Sin jurisdiccion especial,70,38.88611111,-94.23275,Vehiculo en movimiento,Frente a Detrás,Four-Way Intersection,Interseccion de 4 direcciones,Sobre calle,Ninguna,Dia total,Despejado,No,NO APLICA,7,56,8,3,1,31/08/2022,2
29,Missouri,290597,0,0,1,0,209,STONE (209),0,NO APLICA,8,Agosto,31,2022,12,10,SR-OO,3,Highway estatal,Rural,Colector Mayor,State Highway Agency,0,Sin jurisdiccion especial,10,36.67445833,-93.44807222,Volcadura,El primer evento no fue una colision con un vehiculo automotor en transporte,Not an Intersection,No fue interseccion,Sobre el lado de la calle,Ninguna,Dia total,Despejado,No,NO APLICA,99,98,99,98,1,31/08/2022,1
29,Missouri,290598,0,0,1,0,99,JEFFERSON (99),0,NO APLICA,8,Agosto,31,2022,12,43,SR-21,3,Highway estatal,Rural,Arteria Principal,State Highway Agency,0,Sin jurisdiccion especial,330,38.08282222,-90.64052778,Arbol,El primer evento no fue una colision con un vehiculo automotor en transporte,Not an Intersection,No fue interseccion,Sobre el lado de la calle,Ninguna,Dia total,Despejado,No,NO APLICA,99,98,99,98,1,31/08/2022,1
29,Missouri,290599,0,0,2,0,95,JACKSON (95),3940,INDEPENDENCE,8,Agosto,20,2022,18,59,LITTLE BLUE PKWY,6,Calle Local Municipalidad,Urbano,Arteria Principal,City or Municipal Highway Agency,0,Sin jurisdiccion especial,0,39.13041944,-94.33184444,Vehiculo en movimiento,Frente a frente,Not an Intersection,No fue interseccion,Sobre calle,Ninguna,Dia total,Despejado,No,NO APLICA,18,23,18,31,1,20/08/2022,2
29,Missouri,290600,0,0,1,0,29,CAMDEN (29),0,NO APLICA,8,Agosto,26,2022,18,0,CR-AVALON WAY,4,Calle del Condado,Rural,No reportado,County Highway Agency,0,Sin jurisdiccion especial,20,38.18941667,-92.91641667,Volcadura,El primer evento no fue una colision con un vehiculo automotor en transporte,Not an Intersection,No fue interseccion,Sobre el lado de la calle,Ninguna,Dia total,Despejado,No,NO APLICA,18,3,18,24,2,26/08/2022,5
29,Missouri,290601,0,0,2,0,77,GREENE (77),7460,SPRINGFIELD,8,Agosto,31,2022,15,24,CHESTNUT EXPY,6,Calle Local Municipalidad,Urbano,Arteria Principal,State Highway Agency,1,Sin jurisdiccion especial,60,37.21446389,-93.32124722,Vehiculo en movimiento,Angulo,Four-Way Intersection,Interseccion de 4 direcciones,Sobre calle,Ninguna,Dia total,Despejado,No,NO APLICA,15,24,15,33,1,31/08/2022,3
29,Missouri,290602,0,0,2,0,117,LIVINGSTON (117),0,NO APLICA,9,Septiembre,1,2022,22,20,US-36,2,US Highway,Rural,Arterial Principal -Freeway o ExpressWay,State Highway Agency,1,Sin jurisdiccion especial,160,39.74030556,-93.64291667,Vehiculo en movimiento,Frente a frente,Not an Intersection,No fue interseccion,Sobre calle,Ninguna,Oscuro sin iluminacion,Despejado,No,NO APLICA,22,25,22,31,1,01/09/2022,2
29,Missouri,290603,1,1,1,0,95,JACKSON (95),3940,INDEPENDENCE,9,Septiembre,1,2022,21,32,SR-291,3,Highway estatal,Urbano,Arterial Principal -Freeway o ExpressWay,State Highway Agency,1,Sin jurisdiccion especial,60,39.11873056,-94.38564722,Peaton,El primer evento no fue una colision con un vehiculo automotor en transporte,Not an Intersection,No fue interseccion,Sobre calle,Ninguna,Oscuro sin iluminacion,Despejado,No,NO APLICA,99,98,99,98,1,01/09/2022,1
29,Missouri,290604,0,0,1,0,99,JEFFERSON (99),0,NO APLICA,9,Septiembre,1,2022,10,45,SR-H,3,Highway estatal,Rural,Colector Mayor,State Highway Agency,0,Sin jurisdiccion especial,60,38.13769444,-90.64361111,Otro objeto (fijo),El primer evento no fue una colision con un vehiculo automotor en transporte,Not an Intersection,No fue interseccion,Sobre el lado de la calle,Ninguna,Dia total,Despejado,No,NO APLICA,10,49,11,18,1,01/09/2022,1
29,Missouri,290605,0,0,2,0,141,MORGAN (141),0,NO APLICA,9,Septiembre,2,2022,20,25,SR-5,3,Highway estatal,Rural,Arteria Principal,State Highway Agency,1,Sin jurisdiccion especial,140,38.40241667,-92.85202778,Vehiculo en movimiento,Frente a frente,Not an Intersection,No fue interseccion,Sobre calle,Ninguna,Oscuro sin iluminacion,Despejado,No,NO APLICA,21,28,21,35,1,02/09/2022,2
29,Missouri,290606,0,0,1,0,141,MORGAN (141),0,NO APLICA,9,Septiembre,3,2022,14,57,SR-W,3,Highway estatal,Rural,Colector Mayor,State Highway Agency,0,Sin jurisdiccion especial,50,38.39026111,-92.79642222,Poste de Señal de trafico,El primer evento no fue una colision con un vehiculo automotor en transporte,Not an Intersection,No fue interseccion,Sobre el lado de la calle,Ninguna,Dia total,Despejado,No,NO APLICA,16,0,16,16,1,03/09/2022,3
29,Missouri,290607,0,0,1,0,77,GREENE (77),7460,SPRINGFIELD,9,Septiembre,3,2022,20,3,GRANT AVE,6,Calle Local Municipalidad,Urbano,Arteria Menor,City or Municipal Highway Agency,0,Sin jurisdiccion especial,50,37.19000833,-93.3002,Poste,El primer evento no fue una colision con un vehiculo automotor en transporte,Not an Intersection,No fue interseccion,Sobre el lado de la calle,Ninguna,Oscuro con iluminacion,Despejado,No,NO APLICA,20,5,20,12,1,03/09/2022,4
29,Missouri,290608,0,0,1,0,23,BUTLER (23),0,NO APLICA,9,Septiembre,3,2022,7,0,SR-51,3,Highway estatal,Rural,Colector Mayor,State Highway Agency,0,Sin jurisdiccion especial,100,36.66544444,-90.24222778,Culvert,El primer evento no fue una colision con un vehiculo automotor en transporte,Not an Intersection,No fue interseccion,Sobre el lado de la calle,Ninguna,Dia total,lluvia,No,NO APLICA,7,1,7,21,1,03/09/2022,1
29,Missouri,290609,1,1,1,0,95,JACKSON (95),4120,KANSAS CITY,9,Septiembre,4,2022,1,0,I-435,1,Interestatal,Urbano,Interestatal,State Highway Agency,1,Sin jurisdiccion especial,80,38.98730833,-94.50197778,Peaton,El primer evento no fue una colision con un vehiculo automotor en transporte,Not an Intersection,No fue interseccion,Sobre calle,Ninguna,Oscuro sin iluminacion,Despejado,No,NO APLICA,99,98,99,98,1,04/09/2022,2
29,Missouri,290610,0,0,1,0,35,CARTER (35),0,NO APLICA,9,Septiembre,5,2022,16,30,US-60,2,US Highway,Rural,Arterial Principal -Freeway o ExpressWay,State Highway Agency,1,Sin jurisdiccion especial,280,36.97622222,-91.03925,Volcadura,El primer evento no fue una colision con un vehiculo automotor en transporte,Not an Intersection,No fue interseccion,En el medio,Ninguna,Dia total,Despejado,No,NO APLICA,16,35,16,43,1,05/09/2022,1
29,Missouri,290612,1,1,4,2,510,ST. LOUIS (CITY) (510),7080,ST. LOUIS,9,Septiembre,6,2022,12,42,GRAND BLVD,6,Calle Local Municipalidad,Urbano,Arteria Principal,City or Municipal Highway Agency,1,Sin jurisdiccion especial,50,38.60564722,-90.24170278,Ciclista,El primer evento no fue una colision con un vehiculo automotor en transporte,Not an Intersection,No fue interseccion,Sobre el lado de la calle,Ninguna,Dia total,Nublado,No,NO APLICA,12,45,12,53,1,06/09/2022,3
29,Missouri,290613,0,0,3,0,145,NEWTON (145),5580,NEOSHO,9,Septiembre,7,2022,19,34,NEOSHO BLVD,6,Calle Local Municipalidad,Urbano,Arteria Principal,City or Municipal Highway Agency,1,Sin jurisdiccion especial,10,36.85527778,-94.38419444,Vehiculo en movimiento,Angulo,Not an Intersection,No fue interseccion,Sobre calle,Ninguna,Dia total,Despejado,No,NO APLICA,19,37,19,42,1,07/09/2022,6
29,Missouri,290614,0,0,2,0,189,ST LOUIS (189),1970,CREVE COEUR,7,Julio,29,2022,14,21,SR-340,3,Highway estatal,Urbano,Arteria Principal,State Highway Agency,1,Sin jurisdiccion especial,110,38.67529167,-90.46211111,Vehiculo en movimiento,Angulo,Four-Way Intersection,Interseccion de 4 direcciones,Sobre calle,Ninguna,Dia total,Despejado,No,NO APLICA,14,21,14,26,1,29/07/2022,3
29,Missouri,290615,0,0,1,0,213,TANEY (213),980,BRANSON,8,Agosto,16,2022,20,3,CR-FALL CREEK RD,4,Calle del Condado,Urbano,No reportado,County Highway Agency,0,Sin jurisdiccion especial,30,36.63588056,-93.250675,Banqueta,El primer evento no fue una colision con un vehiculo automotor en transporte,Not an Intersection,No fue interseccion,Sobre el lado de la calle,Ninguna,Oscuro con iluminacion,Despejado,No,NO APLICA,20,5,20,10,1,16/08/2022,1
29,Missouri,290616,0,0,1,0,205,SHELBY (205),0,NO APLICA,9,Septiembre,1,2022,13,32,SR-H,3,Highway estatal,Rural,Colector Mayor,State Highway Agency,0,Sin jurisdiccion especial,40,39.84075,-92.18002778,Volcadura,El primer evento no fue una colision con un vehiculo automotor en transporte,Not an Intersection,No fue interseccion,Sobre el lado de la calle,Ninguna,Dia total,Despejado,No,NO APLICA,13,44,13,53,1,01/09/2022,2
29,Missouri,290617,1,1,1,0,53,COOPER (53),0,NO APLICA,9,Septiembre,2,2022,5,30,I-70,1,Interestatal,Rural,Interestatal,State Highway Agency,1,Sin jurisdiccion especial,80,38.93444444,-92.91525,Peaton,El primer evento no fue una colision con un vehiculo automotor en transporte,Not an Intersection,No fue interseccion,Sobre calle,"Zona de trabajo, tipo desconocido",Oscuro sin iluminacion,Nublado,No,NO APLICA,99,98,99,98,1,02/09/2022,3
29,Missouri,290618,0,0,2,0,143,NEW MADRID (143),0,NO APLICA,9,Septiembre,2,2022,12,10,I-55,1,Interestatal,Rural,Interestatal,State Highway Agency,1,Sin jurisdiccion especial,70,36.49272222,-89.62286111,Vehiculo en movimiento,Frente a Detrás,Not an Intersection,No fue interseccion,Sobre calle,Ninguna,Dia total,Despejado,No,NO APLICA,12,29,12,59,2,02/09/2022,8
29,Missouri,290619,0,0,2,0,143,NEW MADRID (143),0,NO APLICA,9,Septiembre,7,2022,19,45,US-61,2,US Highway,Rural,Colector Mayor,State Highway Agency,0,Sin jurisdiccion especial,160,36.63516667,-89.54463889,Vehiculo en movimiento,Angulo,Four-Way Intersection,Interseccion de 4 direcciones,Sobre calle,Ninguna,Oscuro con iluminacion,Despejado,No,NO APLICA,19,56,20,12,1,07/09/2022,3
29,Missouri,290620,0,0,2,0,161,PHELPS (161),0,NO APLICA,9,Septiembre,8,2022,17,19,CR-8070,4,Calle del Condado,Rural,Local,County Highway Agency,0,Sin jurisdiccion especial,10,37.98408333,-91.79391667,Vehiculo en movimiento,Frente a frente,Not an Intersection,No fue interseccion,Sobre calle,Ninguna,Dia total,Despejado,No,NO APLICA,17,20,17,26,1,08/09/2022,3
29,Missouri,290621,0,0,2,0,77,GREENE (77),7460,SPRINGFIELD,9,Septiembre,8,2022,15,17,SUNSHINE ST,6,Calle Local Municipalidad,Urbano,Arteria Principal,City or Municipal Highway Agency,1,Sin jurisdiccion especial,0,37.18127222,-93.25343611,Vehiculo en movimiento,Angulo,Four-Way Intersection,Interseccion de 4 direcciones,Sobre calle,Ninguna,Dia total,Despejado,No,NO APLICA,15,18,15,26,1,08/09/2022,2
29,Missouri,290622,0,0,2,0,93,IRON (93),0,NO APLICA,9,Septiembre,8,2022,8,25,SR-49,3,Highway estatal,Rural,Arteria Menor,State Highway Agency,0,Sin jurisdiccion especial,360,37.34968056,-90.67141667,Vehiculo en movimiento,Frente a frente,Not an Intersection,No fue interseccion,Sobre calle,Ninguna,Dia total,Despejado,No,NO APLICA,8,39,8,59,2,08/09/2022,3
29,Missouri,290623,0,0,1,0,95,JACKSON (95),840,BLUE SPRINGS,9,Septiembre,9,2022,21,21,CEMETARY RD,6,Calle Local Municipalidad,Urbano,No reportado,City or Municipal Highway Agency,0,Sin jurisdiccion especial,0,39.01667222,-94.29327778,Volcadura,El primer evento no fue una colision con un vehiculo automotor en transporte,Not an Intersection,No fue interseccion,Sobre calle,Ninguna,Oscuro con iluminacion,Despejado,No,NO APLICA,99,98,99,98,1,09/09/2022,1
29,Missouri,290624,0,0,2,0,115,LINN (115),0,NO APLICA,9,Septiembre,10,2022,20,25,US-36,2,US Highway,Rural,Arteria Principal,State Highway Agency,1,Sin jurisdiccion especial,80,39.76241667,-93.00777778,Vehiculo en movimiento,Angulo,Four-Way Intersection,Interseccion de 4 direcciones,Sobre calle,Ninguna,Oscuro sin iluminacion,lluvia,No,NO APLICA,20,26,20,26,2,10/09/2022,4
29,Missouri,290625,0,0,2,0,11,BARTON (11),0,NO APLICA,9,Septiembre,10,2022,4,35,SR-43,3,Highway estatal,Rural,Colector Mayor,State Highway Agency,0,Sin jurisdiccion especial,120,37.47516667,-94.48238889,Vehiculo en movimiento,Frente a frente,Not an Intersection,No fue interseccion,Sobre calle,Ninguna,Oscuro sin iluminacion,Despejado,No,NO APLICA,4,43,4,55,2,10/09/2022,4
29,Missouri,290626,0,0,1,0,71,FRANKLIN (71),0,NO APLICA,9,Septiembre,10,2022,14,54,SR-CC,3,Highway estatal,Rural,Colector Menor,State Highway Agency,0,Sin jurisdiccion especial,50,38.36030556,-91.26027778,Suelo,El primer evento no fue una colision con un vehiculo automotor en transporte,Not an Intersection,No fue interseccion,Sobre el lado de la calle,Ninguna,Dia total,Despejado,No,NO APLICA,14,57,15,12,2,10/09/2022,2
29,Missouri,290627,0,0,1,0,185,ST. CLAIR (185),0,NO APLICA,9,Septiembre,10,2022,23,30,CR-SW 25,4,Calle del Condado,Rural,No reportado,County Highway Agency,0,Sin jurisdiccion especial,10,37.98119444,-93.79069444,Suelo,El primer evento no fue una colision con un vehiculo automotor en transporte,Not an Intersection,No fue interseccion,Sobre el lado de la calle,Ninguna,Oscuro sin iluminacion,Despejado,No,NO APLICA,99,98,99,98,1,10/09/2022,1
29,Missouri,290628,0,0,1,0,183,ST. CHARLES (183),2824,FORISTELL,9,Septiembre,10,2022,2,0,I-70,1,Interestatal,Urbano,Interestatal,State Highway Agency,1,Sin jurisdiccion especial,260,38.81460278,-90.94588333,Barrera de Cable,El primer evento no fue una colision con un vehiculo automotor en transporte,Not an Intersection,No fue interseccion,En el medio,Ninguna,Oscuro sin iluminacion,Despejado,No,NO APLICA,2,15,2,27,1,10/09/2022,1
29,Missouri,290629,0,0,1,0,221,WASHINGTON (221),0,NO APLICA,8,Agosto,20,2022,0,24,SR-U,3,Highway estatal,Rural,Colector Mayor,State Highway Agency,0,Sin jurisdiccion especial,110,37.81693889,-90.67611667,Volcadura,El primer evento no fue una colision con un vehiculo automotor en transporte,Not an Intersection,No fue interseccion,Sobre el lado de la calle,Ninguna,Oscuro sin iluminacion,Despejado,No,NO APLICA,0,30,0,52,1,20/08/2022,3
29,Missouri,290630,0,0,2,0,99,JEFFERSON (99),0,NO APLICA,8,Agosto,31,2022,18,14,SR-A,3,Highway estatal,Rural,Arteria Menor,State Highway Agency,0,Sin jurisdiccion especial,20,38.25038889,-90.52488889,Vehiculo en movimiento,Angulo,Not Reported,No reportado,Sobre calle,Ninguna,Dia total,Despejado,No,NO APLICA,18,36,18,42,1,31/08/2022,2
29,Missouri,290631,0,0,2,0,183,ST. CHARLES (183),5880,O Fallon,9,Septiembre,5,2022,18,10,MAIN ST,6,Calle Local Municipalidad,Urbano,Arteria Principal,City or Municipal Highway Agency,1,Sin jurisdiccion especial,10,38.82175833,-90.69963889,Vehiculo en movimiento,Angulo,Four-Way Intersection,Interseccion de 4 direcciones,Sobre calle,Ninguna,Dia total,Despejado,No,NO APLICA,18,11,18,17,1,05/09/2022,2
29,Missouri,290632,0,0,2,0,119,MCDONALD (119),6300,PINEVILLE,9,Septiembre,6,2022,21,35,US-71,2,US Highway,Rural,Arterial Principal -Freeway o ExpressWay,State Highway Agency,1,Sin jurisdiccion especial,70,36.56563889,-94.35397222,Vehiculo en movimiento,Frente a frente,Not an Intersection,No fue interseccion,Sobre calle,Ninguna,Oscuro sin iluminacion,Despejado,No,NO APLICA,21,38,21,45,3,06/09/2022,4
29,Missouri,290633,0,0,2,0,157,PERRY (157),0,NO APLICA,9,Septiembre,6,2022,6,2,SR-K,3,Highway estatal,Rural,Colector Mayor,State Highway Agency,0,Sin jurisdiccion especial,20,37.67358333,-89.88708333,Vehiculo en movimiento,Golpe Lateral - direccion contraria,Not an Intersection,No fue interseccion,Sobre calle,Ninguna,Oscuro sin iluminacion,Neblina o Humo,Yes,NO APLICA,6,5,6,16,1,06/09/2022,2