Estado,Nombre de Estado,Numero de Caso,Peatones,Personas _no_vehiculos,Vehiculos automotores,Vehiculos estacionados,Condado,Nombre Condado,Ciudad,Nombre Ciudad,Mes,Nombre Mes,Dia,Año,Hora,Minuto,Calle,Ruta,Nombre Ruta,Rural o Urbanoo,Sistema Funcional,Dueño Calle,Sistema Nacional Carreteras,Jurisdiccion Especial,Milla,Latitud,Longitud,Causa del Accidente,Tipo de Accidente,Tipo Interseccion,Columna1,Lugar en la calle,Zona de Trabajo,Luz,Clima,Autobus Escolar,Cruce de Trenes,Hora Notificacion,Minuto Notificacion,Hora Llegada,Minuto Llegada,Decesos,Fecha,PersonaVehiculo
29,Missouri,290634,0,0,2,0,29,CAMDEN (29),0,NO APLICA,9,Septiembre,7,2022,18,36,US-54,2,US Highway,Rural,Arteria Principal,State Highway Agency,1,Sin jurisdiccion especial,160,37.99130556,-92.81616667,Vehiculo en movimiento,Angulo,Four-Way Intersection,Interseccion de 4 direcciones,Sobre calle,Ninguna,Dia total,Despejado,No,NO APLICA,18,53,19,9,2,07/09/2022,4
29,Missouri,290635,0,0,3,0,49,CLINTON (49),0,NO APLICA,9,Septiembre,9,2022,14,24,US-169,2,US Highway,Rural,Arteria Menor,State Highway Agency,0,Sin jurisdiccion especial,110,39.48416667,-94.56952778,Vehiculo en movimiento,Frente a Detrás,Not an Intersection,No fue interseccion,Sobre calle,Ninguna,Dia total,Nublado,No,NO APLICA,14,29,14,41,1,09/09/2022,3
29,Missouri,290636,0,0,1,0,213,TANEY (213),0,NO APLICA,9,Septiembre,10,2022,4,40,SR-86,3,Highway estatal,Rural,Arteria Menor,State Highway Agency,0,Sin jurisdiccion especial,20,36.52497222,-93.28438889,Acotamiento,El primer evento no fue una colision con un vehiculo automotor en transporte,Not an Intersection,No fue interseccion,Sobre el lado de la calle,Ninguna,Oscuro sin iluminacion,Despejado,No,NO APLICA,99,98,99,98,1,10/09/2022,1
29,Missouri,290637,0,0,1,0,189,ST LOUIS (189),4060,JENNINGS,9,Septiembre,10,2022,23,40,JENNINGS STATION RD,6,Calle Local Municipalidad,Urbano,Arteria Menor,County Highway Agency,0,Sin jurisdiccion especial,20,38.72251667,-90.25448889,Poste,El primer evento no fue una colision con un vehiculo automotor en transporte,T-Intersection,Interseccion de T,Sobre el lado de la calle,Ninguna,Oscuro con iluminacion,lluvia,No,NO APLICA,23,41,23,45,1,10/09/2022,1
29,Missouri,290638,0,0,3,0,510,ST. LOUIS (CITY) (510),7080,ST. LOUIS,9,Septiembre,11,2022,2,27,I-44,1,Interestatal,Urbano,Interestatal,State Highway Agency,1,Sin jurisdiccion especial,80,38.62293611,-90.18807778,Vehiculo en movimiento,Frente a frente,Not an Intersection,No fue interseccion,Sobre calle,Ninguna,Oscuro con iluminacion,Nublado,No,NO APLICA,2,30,2,45,1,11/09/2022,4
29,Missouri,290639,0,0,2,0,217,VERNON (217),0,NO APLICA,9,Septiembre,12,2022,0,12,US-54,2,US Highway,Rural,Arteria Principal,State Highway Agency,1,Sin jurisdiccion especial,210,37.83919444,-94.43713889,Vehiculo en movimiento,Angulo,Four-Way Intersection,Interseccion de 4 direcciones,Sobre calle,Ninguna,Oscuro sin iluminacion,Despejado,No,NO APLICA,99,99,99,99,3,12/09/2022,5
29,Missouri,290640,0,0,2,0,95,JACKSON (95),4120,KANSAS CITY,9,Septiembre,12,2022,12,40,WARD PKWY,6,Calle Local Municipalidad,Urbano,Arteria Principal,City or Municipal Highway Agency,1,Sin jurisdiccion especial,20,38.98183333,-94.60626111,Vehiculo en movimiento,Angulo,Four-Way Intersection,Interseccion de 4 direcciones,Sobre calle,Ninguna,Dia total,Despejado,No,NO APLICA,12,40,12,51,1,12/09/2022,2
29,Missouri,290641,0,0,2,0,55,CRAWFORD (55),0,NO APLICA,9,Septiembre,13,2022,14,51,I-44,1,Interestatal,Rural,Interestatal,State Highway Agency,1,Sin jurisdiccion especial,220,38.03805556,-91.51522222,Vehiculo en movimiento,Frente a frente,Not an Intersection,No fue interseccion,Sobre calle,Ninguna,Dia total,Despejado,No,NO APLICA,99,99,99,99,1,13/09/2022,2
29,Missouri,290642,0,0,2,0,99,JEFFERSON (99),335,ARNOLD,9,Septiembre,13,2022,20,26,I-55,1,Interestatal,Urbano,Interestatal,State Highway Agency,1,Sin jurisdiccion especial,270,38.447,-90.37827778,Vehiculo en movimiento,Frente a frente,Not an Intersection,No fue interseccion,Sobre calle,Ninguna,Oscuro sin iluminacion,Despejado,No,NO APLICA,20,30,20,33,2,13/09/2022,2
29,Missouri,290643,0,0,1,0,67,DOUGLAS (67),0,NO APLICA,9,Septiembre,13,2022,17,20,SR-EE,3,Highway estatal,Rural,Colector Mayor,State Highway Agency,0,Sin jurisdiccion especial,30,37.02158333,-92.21083333,Volcadura,El primer evento no fue una colision con un vehiculo automotor en transporte,Not an Intersection,No fue interseccion,Sobre el lado de la calle,Ninguna,Dia total,Despejado,No,NO APLICA,17,25,18,2,1,13/09/2022,2
29,Missouri,290644,0,0,2,0,165,PLATTE (165),6320,PLATTE CITY,9,Septiembre,9,2022,20,35,RUNNING HORSE RD,6,Calle Local Municipalidad,Urbano,Local,City or Municipal Highway Agency,0,Sin jurisdiccion especial,0,39.34931389,-94.76336389,Vehiculo en movimiento,Frente a frente,Four-Way Intersection,Interseccion de 4 direcciones,Sobre calle,Ninguna,Oscuro sin iluminacion,Despejado,No,NO APLICA,20,35,20,38,1,09/09/2022,3
29,Missouri,290645,1,1,1,0,165,PLATTE (165),4120,KANSAS CITY,9,Septiembre,13,2022,12,7,NW PRAIRIE VIEW RD,6,Calle Local Municipalidad,Urbano,Local,Town or Township Highway Agency,0,Sin jurisdiccion especial,0,39.25166667,-94.6624,Peaton,El primer evento no fue una colision con un vehiculo automotor en transporte,Four-Way Intersection,Interseccion de 4 direcciones,Sobre calle,Ninguna,Dia total,Despejado,No,NO APLICA,99,98,99,98,1,13/09/2022,1
29,Missouri,290646,0,0,1,0,1,ADAIR (1),0,NO APLICA,9,Septiembre,14,2022,10,49,SR-6,3,Highway estatal,Rural,Arteria Principal,State Highway Agency,1,Sin jurisdiccion especial,270,40.16,-92.42322222,Acotamiento,El primer evento no fue una colision con un vehiculo automotor en transporte,Not an Intersection,No fue interseccion,Sobre el lado de la calle,Ninguna,Dia total,Despejado,No,NO APLICA,10,46,11,0,1,14/09/2022,1
29,Missouri,290647,0,0,1,0,113,LINCOLN (113),0,NO APLICA,9,Septiembre,14,2022,15,30,SR-U,3,Highway estatal,Rural,Colector Mayor,State Highway Agency,0,Sin jurisdiccion especial,20,38.94519444,-91.09111111,Acotamiento,El primer evento no fue una colision con un vehiculo automotor en transporte,Not an Intersection,No fue interseccion,Sobre el lado de la calle,Ninguna,Dia total,Despejado,No,NO APLICA,15,38,15,50,1,14/09/2022,1
29,Missouri,290648,0,0,1,0,73,GASCONADE (73),3630,HERMANN,9,Septiembre,14,2022,11,28,SR-100,3,Highway estatal,Rural,Arteria Menor,State Highway Agency,0,Sin jurisdiccion especial,10,38.69538889,-91.44102778,Acotamiento,El primer evento no fue una colision con un vehiculo automotor en transporte,T-Intersection,Interseccion de T,Sobre el lado de la calle,Ninguna,Dia total,Despejado,No,NO APLICA,11,28,11,32,2,14/09/2022,2
29,Missouri,290649,0,0,2,0,37,CASS (37),0,NO APLICA,9,Septiembre,14,2022,20,25,SR-291,3,Highway estatal,Rural,Arteria Menor,State Highway Agency,0,Sin jurisdiccion especial,130,38.78011111,-94.37488889,Vehiculo en movimiento,Angulo,Four-Way Intersection,Interseccion de 4 direcciones,Sobre calle,Ninguna,Oscuro sin iluminacion,Despejado,No,NO APLICA,20,30,20,36,1,14/09/2022,2
29,Missouri,290650,0,0,2,0,157,PERRY (157),0,NO APLICA,9,Septiembre,15,2022,12,55,SR-51,3,Highway estatal,Rural,Arteria Principal,State Highway Agency,1,Sin jurisdiccion especial,90,37.78633333,-89.85494444,Vehiculo en movimiento,Golpe Lateral - direccion contraria,Not an Intersection,No fue interseccion,Sobre calle,Ninguna,Dia total,Despejado,No,NO APLICA,12,59,13,5,1,15/09/2022,2
29,Missouri,290651,0,0,2,0,77,GREENE (77),7460,SPRINGFIELD,9,Septiembre,15,2022,16,32,I-44,1,Interestatal,Urbano,Interestatal,State Highway Agency,1,Sin jurisdiccion especial,130,37.25038333,-93.30623333,Vehiculo en movimiento,Angulo,Not an Intersection,No fue interseccion,Sobre calle,Ninguna,Dia total,Despejado,No,NO APLICA,99,98,99,98,1,15/09/2022,2
29,Missouri,290652,0,0,1,0,71,FRANKLIN (71),0,NO APLICA,9,Septiembre,15,2022,99,99,SR-HH,3,Highway estatal,Rural,Colector Menor,State Highway Agency,0,Sin jurisdiccion especial,30,38.38475,-90.75794444,Volcadura,El primer evento no fue una colision con un vehiculo automotor en transporte,Not an Intersection,No fue interseccion,Sobre el lado de la calle,Ninguna,Reportada como desconocida,Despejado,No,NO APLICA,99,98,99,98,1,15/09/2022,1
29,Missouri,290653,0,0,1,0,19,BOONE (19),0,NO APLICA,9,Septiembre,16,2022,21,0,CR-WAGON TRAIL RD,4,Calle del Condado,Urbano,Local,County Highway Agency,0,Sin jurisdiccion especial,20,39.02088611,-92.32070278,Volcadura,El primer evento no fue una colision con un vehiculo automotor en transporte,Not an Intersection,No fue interseccion,Sobre el lado de la calle,Ninguna,Oscuro con iluminacion,Despejado,No,NO APLICA,21,7,21,10,1,16/09/2022,2
29,Missouri,290654,1,1,2,0,95,JACKSON (95),4120,KANSAS CITY,9,Septiembre,16,2022,3,9,I-70,1,Interestatal,Urbano,Interestatal,State Highway Agency,1,Sin jurisdiccion especial,80,39.05863889,-94.48933333,Peaton,El primer evento no fue una colision con un vehiculo automotor en transporte,Not an Intersection,No fue interseccion,Sobre calle,Ninguna,Oscuro sin iluminacion,Despejado,No,NO APLICA,99,98,99,98,1,16/09/2022,2
29,Missouri,290655,0,0,3,0,95,JACKSON (95),4120,KANSAS CITY,9,Septiembre,16,2022,14,11,I-435,1,Interestatal,Urbano,Interestatal,State Highway Agency,1,Sin jurisdiccion especial,110,38.99831667,-94.502425,Vehiculo en movimiento,Angulo,Not an Intersection,No fue interseccion,Sobre calle,Ninguna,Dia total,Despejado,No,NO APLICA,99,99,99,99,1,16/09/2022,5
29,Missouri,290656,1,1,1,0,189,ST LOUIS (189),7665,SUNSET HILLS,9,Septiembre,17,2022,12,5,US-67,2,US Highway,Urbano,Arteria Principal,State Highway Agency,1,Sin jurisdiccion especial,200,38.55716667,-90.40697222,Peaton,El primer evento no fue una colision con un vehiculo automotor en transporte,Not an Intersection,No fue interseccion,Sobre calle,Ninguna,Dia total,Despejado,No,NO APLICA,99,99,99,99,1,17/09/2022,1
29,Missouri,290657,0,0,1,0,95,JACKSON (95),4120,KANSAS CITY,9,Septiembre,17,2022,19,14,I-70 RAMP,1,Interestatal,Urbano,Interestatal,State Highway Agency,1,Sin jurisdiccion especial,0,39.06930278,-94.51164444,Volcadura,El primer evento no fue una colision con un vehiculo automotor en transporte,Not an Intersection,No fue interseccion,Sobre el lado de la calle,Ninguna,Oscuro con iluminacion,Despejado,No,NO APLICA,99,99,99,99,1,17/09/2022,5
29,Missouri,290658,0,0,2,0,31,CAPE GIRARDEAU (31),1390,CAPE GIRARDEAU,9,Septiembre,17,2022,16,23,US-61,2,US Highway,Urbano,Arteria Principal,State Highway Agency,1,Sin jurisdiccion especial,250,37.31061667,-89.55208889,Vehiculo en movimiento,Angulo,T-Intersection,Interseccion de T,Sobre calle,Ninguna,Dia total,Despejado,No,NO APLICA,99,99,99,99,1,17/09/2022,4
29,Missouri,290659,0,0,4,0,183,ST. CHARLES (183),4328,LAKE SAINT LOUIS,1,Enero,29,2022,18,40,SR-N,3,Highway estatal,Urbano,Arteria Menor,State Highway Agency,0,Sin jurisdiccion especial,90,38.76105556,-90.80441667,Vehiculo en movimiento,Golpe Lateral - direccion contraria,Not an Intersection,No fue interseccion,Sobre calle,Ninguna,Oscuro sin iluminacion,Despejado,No,NO APLICA,18,39,18,49,1,29/01/2022,4
29,Missouri,290660,0,0,2,0,189,ST LOUIS (189),0,NO APLICA,7,Julio,25,2022,8,40,SR-231,3,Highway estatal,Urbano,Arteria Principal,State Highway Agency,1,Sin jurisdiccion especial,60,38.46061944,-90.30607778,Vehiculo en movimiento,Angulo,Four-Way Intersection,Interseccion de 4 direcciones,Sobre calle,Ninguna,Dia total,Nublado,No,NO APLICA,8,48,8,57,2,25/07/2022,4
29,Missouri,290661,0,0,2,0,189,ST LOUIS (189),0,NO APLICA,8,Agosto,18,2022,21,25,SR-AC,3,Highway estatal,Urbano,Arteria Principal,State Highway Agency,1,Sin jurisdiccion especial,370,38.73831944,-90.25011944,Vehiculo en movimiento,Angulo,Not an Intersection,No fue interseccion,Sobre calle,Ninguna,Oscuro con iluminacion,Despejado,No,NO APLICA,21,28,21,42,1,18/08/2022,3
29,Missouri,290662,1,1,1,0,189,ST LOUIS (189),6000,OVERLAND,8,Agosto,29,2022,23,10,SR-D,3,Highway estatal,Urbano,Arteria Principal,State Highway Agency,1,Sin jurisdiccion especial,40,38.68975,-90.37858333,Peaton,El primer evento no fue una colision con un vehiculo automotor en transporte,Not an Intersection,No fue interseccion,Sobre calle,Ninguna,Oscuro con iluminacion,Despejado,No,NO APLICA,23,51,23,57,1,29/08/2022,1
29,Missouri,290663,0,0,2,0,189,ST LOUIS (189),553,BELLEFONTAINE NEIGHBOR,9,Septiembre,6,2022,18,0,CR-BELLEFONTAINE RD,4,Calle del Condado,Urbano,Arteria Menor,County Highway Agency,0,Sin jurisdiccion especial,50,38.75788889,-90.22236111,Vehiculo en movimiento,Frente a frente,Not an Intersection,No fue interseccion,Sobre calle,Ninguna,Dia total,Despejado,No,NO APLICA,17,35,17,48,1,06/09/2022,7
29,Missouri,290664,0,0,1,0,13,BATES (13),0,NO APLICA,9,Septiembre,18,2022,1,29,SR-52,3,Highway estatal,Rural,Arteria Menor,State Highway Agency,0,Sin jurisdiccion especial,103,38.26602778,-94.44569444,Acotamiento,El primer evento no fue una colision con un vehiculo automotor en transporte,Not an Intersection,No fue interseccion,Sobre el lado de la calle,Ninguna,Oscuro sin iluminacion,Nublado,No,NO APLICA,1,28,1,44,1,18/09/2022,2
29,Missouri,290665,0,0,2,0,23,BUTLER (23),6410,POPLAR BLUFF,9,Septiembre,18,2022,12,23,GRAND AVE,6,Calle Local Municipalidad,Urbano,No reportado,City or Municipal Highway Agency,0,Sin jurisdiccion especial,10,36.77128056,-90.38941944,Volcadura,El primer evento no fue una colision con un vehiculo automotor en transporte,T-Intersection,Interseccion de T,Sobre calle,Ninguna,Dia total,Despejado,No,NO APLICA,99,98,99,98,1,18/09/2022,3
29,Missouri,290666,0,0,3,0,95,JACKSON (95),4120,KANSAS CITY,9,Septiembre,18,2022,20,15,US-71,2,US Highway,Urbano,Arterial Principal -Freeway o ExpressWay,State Highway Agency,1,Sin jurisdiccion especial,100,38.97948889,-94.54617222,Vehiculo en movimiento,Frente a Detrás,Not an Intersection,No fue interseccion,Sobre calle,Ninguna,Oscuro con iluminacion,Despejado,No,NO APLICA,99,98,99,98,1,18/09/2022,3
29,Missouri,290668,0,2,3,2,95,JACKSON (95),4120,KANSAS CITY,9,Septiembre,19,2022,21,40,ST JOHN AVE,6,Calle Local Municipalidad,Urbano,Colector Mayor,City or Municipal Highway Agency,0,Sin jurisdiccion especial,20,39.11241667,-94.51598889,Vehiculo Aparcado,El primer evento no fue una colision con un vehiculo automotor en transporte,Not an Intersection,No fue interseccion,En estacionamiento,Ninguna,Oscuro con iluminacion,Despejado,No,NO APLICA,21,44,21,57,1,19/09/2022,2
29,Missouri,290669,0,0,2,0,189,ST LOUIS (189),1575,CHESTERFIELD,9,Septiembre,20,2022,20,25,CR-CHESTERFIELD AIRPORT RD,4,Calle del Condado,Urbano,Arteria Menor,County Highway Agency,0,Sin jurisdiccion especial,30,38.66836389,-90.60309444,Vehiculo en movimiento,Angulo,T-Intersection,Interseccion de T,Sobre calle,Ninguna,Oscuro con iluminacion,Despejado,No,NO APLICA,20,29,20,35,1,20/09/2022,2
29,Missouri,290670,1,1,1,0,165,PLATTE (165),6821,RIVERSIDE,8,Agosto,20,2022,16,52,N NORTHWOOD RD,6,Calle Local Municipalidad,Urbano,Colector Mayor,City or Municipal Highway Agency,0,Sin jurisdiccion especial,10,39.18488889,-94.63180556,Ciclista,El primer evento no fue una colision con un vehiculo automotor en transporte,T-Intersection,Interseccion de T,Sobre calle,Ninguna,Dia total,Despejado,No,NO APLICA,99,99,99,99,1,20/08/2022,1
29,Missouri,290671,0,0,5,0,189,ST LOUIS (189),0,NO APLICA,8,Agosto,21,2022,16,53,SR-P,3,Highway estatal,Urbano,Arteria Menor,State Highway Agency,0,Sin jurisdiccion especial,20,38.56036111,-90.32184722,Vehiculo en movimiento,Frente a Detrás,Not Reported,No reportado,Sobre calle,Ninguna,Dia total,Despejado,No,NO APLICA,16,54,16,59,1,21/08/2022,9
29,Missouri,290672,0,0,1,0,37,CASS (37),0,NO APLICA,9,Septiembre,16,2022,21,3,I-49,1,Interestatal,Rural,Interestatal,State Highway Agency,1,Sin jurisdiccion especial,120,38.69563889,-94.43008333,Barrera de Cable,El primer evento no fue una colision con un vehiculo automotor en transporte,Not an Intersection,No fue interseccion,En el medio,"Zona de trabajo, tipo desconocido",Dia total,Despejado,No,NO APLICA,21,6,21,20,1,16/09/2022,1
29,Missouri,290673,0,0,2,0,145,NEWTON (145),5580,NEOSHO,9,Septiembre,20,2022,14,35,SR-BU 49,3,Highway estatal,Urbano,Arteria Menor,State Highway Agency,0,Sin jurisdiccion especial,180,36.87972222,-94.39819444,Vehiculo en movimiento,Frente a Detrás,T-Intersection,Interseccion de T,Sobre calle,Ninguna,Dia total,Despejado,No,NO APLICA,14,40,14,45,1,20/09/2022,2
29,Missouri,290674,1,1,1,0,510,ST. LOUIS (CITY) (510),7080,ST. LOUIS,9,Septiembre,20,2022,17,50,MANCHESTER AVE,6,Calle Local Municipalidad,Urbano,Arteria Menor,City or Municipal Highway Agency,0,Sin jurisdiccion especial,10,38.62244722,-90.28799167,Peaton,El primer evento no fue una colision con un vehiculo automotor en transporte,Not an Intersection,No fue interseccion,Sobre calle,Ninguna,Dia total,Despejado,No,NO APLICA,17,54,18,8,1,20/09/2022,3
29,Missouri,290675,0,0,1,0,37,CASS (37),600,BELTON,9,Septiembre,21,2022,11,24,I-49,1,Interestatal,Urbano,Interestatal,State Highway Agency,1,Sin jurisdiccion especial,10,38.83480556,-94.52783333,Acotamiento,El primer evento no fue una colision con un vehiculo automotor en transporte,Not an Intersection,No fue interseccion,Sobre el lado de la calle,Ninguna,Dia total,Despejado,No,NO APLICA,11,26,11,31,1,21/09/2022,1
29,Missouri,290676,0,0,2,0,101,JOHNSON (101),0,NO APLICA,9,Septiembre,21,2022,7,48,SR-T,3,Highway estatal,Rural,Colector Mayor,State Highway Agency,0,Sin jurisdiccion especial,30,38.72809167,-94.06862778,Vehiculo en movimiento,Angulo,T-Intersection,Interseccion de T,Sobre calle,Ninguna,Dia total,Despejado,No,NO APLICA,7,55,8,6,1,21/09/2022,3
29,Missouri,290677,0,0,2,0,121,MACON (121),0,NO APLICA,9,Septiembre,22,2022,12,13,US-36,2,US Highway,Rural,Arterial Principal -Freeway o ExpressWay,State Highway Agency,1,Sin jurisdiccion especial,260,39.75091667,-92.38611111,Vehiculo en movimiento,Frente a Detrás,Not an Intersection,No fue interseccion,Sobre calle,Ninguna,Dia total,Nublado,No,NO APLICA,12,15,12,34,1,22/09/2022,2
29,Missouri,290678,0,0,1,0,59,DALLAS (59),0,NO APLICA,9,Septiembre,23,2022,5,45,SR-32,3,Highway estatal,Rural,Arteria Menor,State Highway Agency,0,Sin jurisdiccion especial,90,37.63475,-93.02658333,Valla Ferrocarril,El primer evento no fue una colision con un vehiculo automotor en transporte,Not an Intersection,No fue interseccion,Sobre el lado de la calle,Ninguna,Oscuro sin iluminacion,Nublado,No,NO APLICA,5,50,6,5,1,23/09/2022,1
29,Missouri,290679,0,0,1,0,85,HICKORY (85),0,NO APLICA,9,Septiembre,23,2022,21,10,SR-83,3,Highway estatal,Rural,Colector Mayor,State Highway Agency,0,Sin jurisdiccion especial,210,37.83805556,-93.42544444,Barda,El primer evento no fue una colision con un vehiculo automotor en transporte,Not an Intersection,No fue interseccion,Sobre el lado de la calle,Ninguna,Oscuro sin iluminacion,Despejado,No,NO APLICA,21,26,21,26,1,23/09/2022,1
29,Missouri,290680,1,1,1,0,109,LAWRENCE (109),420,AURORA,9,Septiembre,24,2022,23,23,SR-BU 60,3,Highway estatal,Urbano,Arteria Menor,State Highway Agency,0,Sin jurisdiccion especial,30,36.96461667,-93.76266111,Peaton,El primer evento no fue una colision con un vehiculo automotor en transporte,Not an Intersection,No fue interseccion,Sobre calle,Ninguna,Oscuro sin iluminacion,Despejado,No,NO APLICA,99,99,99,99,1,24/09/2022,1
29,Missouri,290681,0,0,2,0,23,BUTLER (23),0,NO APLICA,9,Septiembre,24,2022,17,45,CR-465,4,Calle del Condado,Rural,No reportado,County Highway Agency,0,Sin jurisdiccion especial,0,36.75925833,-90.43601111,Vehiculo en movimiento,Frente a frente,Not an Intersection,No fue interseccion,Sobre calle,Ninguna,Dia total,lluvia,No,NO APLICA,17,53,17,59,1,24/09/2022,2
29,Missouri,290682,0,0,2,0,165,PLATTE (165),6080,PARKVILLE,9,Septiembre,24,2022,19,22,I-435,1,Interestatal,Urbano,Interestatal,State Highway Agency,1,Sin jurisdiccion especial,180,39.21330556,-94.762,Vehiculo en movimiento,Frente a Detrás,Not an Intersection,No fue interseccion,Sobre calle,Ninguna,Dia total,Despejado,No,NO APLICA,18,23,18,32,1,24/09/2022,2
29,Missouri,290683,0,0,2,0,9,BARRY (9),1460,CASSVILLE,9,Septiembre,24,2022,17,25,SR-76,3,Highway estatal,Rural,Arteria Menor,State Highway Agency,0,Sin jurisdiccion especial,150,36.67302778,-93.87413889,Vehiculo en movimiento,Frente a frente,Not an Intersection,No fue interseccion,Sobre el lado de la calle,Ninguna,Dia total,Despejado,No,NO APLICA,17,25,17,29,1,24/09/2022,2
29,Missouri,290684,0,0,2,0,37,CASS (37),600,BELTON,9,Septiembre,25,2022,13,53,SR-D,3,Highway estatal,Urbano,Arteria Menor,State Highway Agency,0,Sin jurisdiccion especial,10,38.834,-94.58438889,Vehiculo en movimiento,Angulo,T-Intersection,Interseccion de T,Sobre calle,Ninguna,Dia total,Despejado,No,NO APLICA,14,2,14,8,1,25/09/2022,3
29,Missouri,290685,0,0,1,0,510,ST. LOUIS (CITY) (510),7080,ST. LOUIS,9,Septiembre,24,2022,1,8,I-55,1,Interestatal,Urbano,Interestatal,State Highway Agency,1,Sin jurisdiccion especial,40,38.58130556,-90.22447222,Banqueta,El primer evento no fue una colision con un vehiculo automotor en transporte,Not an Intersection,No fue interseccion,Sobre el lado de la calle,"Zona de trabajo, tipo desconocido",Oscuro con iluminacion,Despejado,No,NO APLICA,0,51,0,57,1,24/09/2022,2
29,Missouri,290686,0,0,1,0,151,OSAGE (151),0,NO APLICA,9,Septiembre,25,2022,19,10,CR-722,4,Calle del Condado,Rural,Local,County Highway Agency,0,Sin jurisdiccion especial,10,38.33519444,-91.712,Zanja,El primer evento no fue una colision con un vehiculo automotor en transporte,Not an Intersection,No fue interseccion,Sobre el lado de la calle,Ninguna,Oscuro sin iluminacion,Despejado,No,NO APLICA,99,98,99,98,1,25/09/2022,1
29,Missouri,290687,0,0,1,0,95,JACKSON (95),4120,KANSAS CITY,9,Septiembre,25,2022,1,22,I-70,1,Interestatal,Urbano,Interestatal,State Highway Agency,1,Sin jurisdiccion especial,80,39.06106667,-94.49453056,Volcadura,El primer evento no fue una colision con un vehiculo automotor en transporte,Not an Intersection,No fue interseccion,Sobre calle,Ninguna,Oscuro con iluminacion,Despejado,No,NO APLICA,99,99,99,99,1,25/09/2022,1
29,Missouri,290688,0,0,1,0,65,DENT (65),0,NO APLICA,9,Septiembre,25,2022,1,15,SR-CC,3,Highway estatal,Rural,Colector Menor,State Highway Agency,0,Sin jurisdiccion especial,0,37.58572222,-91.73833333,Volcadura,El primer evento no fue una colision con un vehiculo automotor en transporte,Not an Intersection,No fue interseccion,Sobre el lado de la calle,Ninguna,Oscuro sin iluminacion,Despejado,No,NO APLICA,2,2,2,21,1,25/09/2022,1
29,Missouri,290689,0,0,2,0,47,CLAY (47),0,NO APLICA,9,Septiembre,25,2022,19,40,CR-LITTON WAY,4,Calle del Condado,Rural,Colector Menor,County Highway Agency,0,Sin jurisdiccion especial,10,39.39216944,-94.55511667,Vehiculo en movimiento,Golpe Lateral - direccion contraria,Not an Intersection,No fue interseccion,Sobre calle,Ninguna,Oscuro con iluminacion,Despejado,No,NO APLICA,19,42,19,50,1,25/09/2022,2
29,Missouri,290690,1,1,1,0,95,JACKSON (95),4120,KANSAS CITY,9,Septiembre,26,2022,11,22,BLUE RIDGE CUTOFF,6,Calle Local Municipalidad,Urbano,Arteria Menor,City or Municipal Highway Agency,0,Sin jurisdiccion especial,10,39.05019167,-94.47550833,Peaton,El primer evento no fue una colision con un vehiculo automotor en transporte,T-Intersection,Interseccion de T,Sobre calle,Ninguna,Dia total,Despejado,No,NO APLICA,11,22,11,11,1,26/09/2022,1
29,Missouri,290691,0,0,2,0,159,PETTIS (159),0,NO APLICA,9,Septiembre,26,2022,5,50,SR-O,3,Highway estatal,Rural,Colector Mayor,State Highway Agency,0,Sin jurisdiccion especial,40,38.81730556,-93.10786111,Vehiculo en movimiento,Frente a frente,Not an Intersection,No fue interseccion,Sobre calle,Ninguna,Oscuro con iluminacion,Despejado,No,NO APLICA,5,52,6,11,1,26/09/2022,3
29,Missouri,290692,0,0,1,0,95,JACKSON (95),4490,LEES SUMMIT,9,Septiembre,28,2022,8,30,I-470,1,Interestatal,Urbano,Interestatal,State Highway Agency,1,Sin jurisdiccion especial,110,38.93505556,-94.42744444,Poste de Señal de trafico,El primer evento no fue una colision con un vehiculo automotor en transporte,Not an Intersection,No fue interseccion,Sobre el lado de la calle,Ninguna,Dia total,Despejado,No,NO APLICA,8,30,8,37,1,28/09/2022,1
29,Missouri,290693,1,1,1,0,95,JACKSON (95),4120,KANSAS CITY,9,Septiembre,29,2022,7,35,TRUMAN RD,6,Calle Local Municipalidad,Urbano,Arteria Menor,State Highway Agency,0,Sin jurisdiccion especial,0,39.095675,-94.58098611,Peaton,El primer evento no fue una colision con un vehiculo automotor en transporte,Four-Way Intersection,Interseccion de 4 direcciones,Sobre calle,Ninguna,Dia total,Despejado,No,NO APLICA,7,35,7,39,1,29/09/2022,1
29,Missouri,290694,0,0,1,0,89,HOWARD (89),0,NO APLICA,9,Septiembre,29,2022,1,0,SR-O,3,Highway estatal,Rural,Colector Menor,State Highway Agency,0,Sin jurisdiccion especial,100,39.24244444,-92.50447222,Culvert,El primer evento no fue una colision con un vehiculo automotor en transporte,Not an Intersection,No fue interseccion,Sobre el lado de la calle,Ninguna,Oscuro con iluminacion,Despejado,No,NO APLICA,5,4,5,25,1,29/09/2022,1
29,Missouri,290695,0,0,2,0,27,CALLAWAY (27),0,NO APLICA,9,Septiembre,29,2022,12,30,CR-245,4,Calle del Condado,Rural,Local,State Highway Agency,0,Sin jurisdiccion especial,0,39.0245,-91.967,Vehiculo en movimiento,Angulo,Four-Way Intersection,Interseccion de 4 direcciones,Sobre calle,Ninguna,Dia total,Despejado,No,NO APLICA,12,32,12,47,1,29/09/2022,2
29,Missouri,290696,0,0,1,0,29,CAMDEN (29),0,NO APLICA,9,Septiembre,29,2022,13,24,SR-A,3,Highway estatal,Rural,Colector Mayor,State Highway Agency,0,Sin jurisdiccion especial,40,38.03533333,-92.64236111,Acotamiento,El primer evento no fue una colision con un vehiculo automotor en transporte,Not an Intersection,No fue interseccion,Sobre el lado de la calle,Ninguna,Dia total,Despejado,No,NO APLICA,99,98,99,98,1,29/09/2022,1