Estado,Nombre de Estado,Numero de Caso,Peatones,Personas _no_vehiculos,Vehiculos automotores,Vehiculos estacionados,Condado,Nombre Condado,Ciudad,Nombre Ciudad,Mes,Nombre Mes,Dia,Año,Hora,Minuto,Calle,Ruta,Nombre Ruta,Rural o Urbanoo,Sistema Funcional,Dueño Calle,Sistema Nacional Carreteras,Jurisdiccion Especial,Milla,Latitud,Longitud,Causa del Accidente,Tipo de Accidente,Tipo Interseccion,Columna1,Lugar en la calle,Zona de Trabajo,Luz,Clima,Autobus Escolar,Cruce de Trenes,Hora Notificacion,Minuto Notificacion,Hora Llegada,Minuto Llegada,Decesos,Fecha,PersonaVehiculo
29,Missouri,290697,0,0,2,0,95,JACKSON (95),3940,INDEPENDENCE,9,Septiembre,30,2022,15,34,STERLING AVE,6,Calle Local Municipalidad,Urbano,Arteria Menor,City or Municipal Highway Agency,0,Sin jurisdiccion especial,30,39.07310833,-94.44636389,Vehiculo en movimiento,Angulo,Four-Way Intersection,Interseccion de 4 direcciones,Sobre calle,Ninguna,Dia total,Despejado,Yes,NO APLICA,99,98,99,98,1,30/09/2022,2
29,Missouri,290698,0,0,1,0,229,WRIGHT (229),0,NO APLICA,9,Septiembre,30,2022,14,5,SR-95,3,Highway estatal,Rural,Colector Mayor,State Highway Agency,0,Sin jurisdiccion especial,260,37.16555556,-92.26680556,Poste de Señal de trafico,El primer evento no fue una colision con un vehiculo automotor en transporte,Not an Intersection,No fue interseccion,Sobre el lado de la calle,Ninguna,Dia total,Despejado,No,NO APLICA,14,10,14,47,1,30/09/2022,1
29,Missouri,290699,0,0,1,0,189,ST LOUIS (189),1050,BRIDGETON,10,Octubre,1,2022,1,40,I-270,1,Interestatal,Urbano,Interestatal,State Highway Agency,1,Sin jurisdiccion especial,220,38.76438889,-90.41861111,Barrera de Trafico de Concreto,El primer evento no fue una colision con un vehiculo automotor en transporte,Not an Intersection,No fue interseccion,En el medio,Ninguna,Oscuro sin iluminacion,Despejado,No,NO APLICA,1,40,1,50,1,01/10/2022,1
29,Missouri,290700,0,0,1,0,99,JEFFERSON (99),0,NO APLICA,4,Abril,30,2022,22,44,CR-OLD HWY 21,4,Calle del Condado,Urbano,Arteria Menor,County Highway Agency,0,Sin jurisdiccion especial,50,38.39935833,-90.49454167,Alguien se cayo/avento del vehiculo,El primer evento no fue una colision con un vehiculo automotor en transporte,Not an Intersection,No fue interseccion,Sobre calle,Ninguna,Oscuro sin iluminacion,Despejado,No,NO APLICA,22,43,22,53,1,30/04/2022,2
29,Missouri,290701,0,0,1,0,99,JEFFERSON (99),0,NO APLICA,7,Julio,1,2022,1,30,CR-SALINE RD,4,Calle del Condado,Urbano,Colector Mayor,County Highway Agency,0,Sin jurisdiccion especial,30,38.47108056,-90.46015,Volcadura,El primer evento no fue una colision con un vehiculo automotor en transporte,Not an Intersection,No fue interseccion,Sobre el lado de la calle,Ninguna,Oscuro sin iluminacion,Despejado,No,NO APLICA,99,99,99,98,1,01/07/2022,1
29,Missouri,290702,1,1,1,0,510,ST. LOUIS (CITY) (510),7080,ST. LOUIS,7,Julio,8,2022,5,0,PENNSYLVANIA AVE,6,Calle Local Municipalidad,Urbano,No reportado,City or Municipal Highway Agency,0,Sin jurisdiccion especial,20,38.54195556,-90.26585833,Peaton,El primer evento no fue una colision con un vehiculo automotor en transporte,Not an Intersection,No fue interseccion,Sobre calle,Ninguna,Oscuro con iluminacion,Despejado,No,NO APLICA,5,23,5,48,1,08/07/2022,1
29,Missouri,290703,0,0,6,0,189,ST LOUIS (189),3580,HAZELWOOD,9,Septiembre,1,2022,23,25,I-270,1,Interestatal,Urbano,Interestatal,State Highway Agency,1,Sin jurisdiccion especial,80,38.77563889,-90.33677778,Vehiculo en movimiento,Golpe Lateral - misma direccion,Not an Intersection,No fue interseccion,Sobre calle,Construccion,Oscuro con iluminacion,Despejado,No,NO APLICA,23,42,23,46,1,01/09/2022,8
29,Missouri,290704,0,0,4,0,189,ST LOUIS (189),2780,FLORISSANT,9,Septiembre,7,2022,14,4,LINDBERGH BLVD,6,Calle Local Municipalidad,Urbano,Arteria Principal,State Highway Agency,1,Sin jurisdiccion especial,60,38.803125,-90.31034444,Vehiculo en movimiento,Frente a Detrás,Not an Intersection,No fue interseccion,Sobre calle,Ninguna,Dia total,Despejado,No,NO APLICA,14,6,14,11,1,07/09/2022,7
29,Missouri,290705,0,0,2,0,189,ST LOUIS (189),5780,NORTHWOODS,9,Septiembre,23,2022,12,40,SR-U,3,Highway estatal,Urbano,Arteria Principal,State Highway Agency,1,Sin jurisdiccion especial,30,38.70902778,-90.28708333,Vehiculo en movimiento,Frente a Detrás,Not an Intersection,No fue interseccion,Sobre calle,Ninguna,Dia total,lluvia,No,NO APLICA,99,99,99,99,1,23/09/2022,12
29,Missouri,290706,2,2,3,1,189,ST LOUIS (189),8250,WELLSTON,10,Octubre,2,2022,18,57,SR-D,3,Highway estatal,Urbano,Arteria Principal,State Highway Agency,1,Sin jurisdiccion especial,90,38.67172222,-90.29344444,Vehiculo en movimiento,Frente a frente,Not an Intersection,No fue interseccion,Sobre calle,Ninguna,Oscuro con iluminacion,Despejado,No,NO APLICA,19,10,19,10,2,02/10/2022,5
29,Missouri,290707,0,0,2,0,37,CASS (37),0,NO APLICA,10,Octubre,2,2022,19,20,SR-B,3,Highway estatal,Rural,Colector Mayor,State Highway Agency,0,Sin jurisdiccion especial,0,38.47913889,-94.33025,Vehiculo en movimiento,Frente a Detrás,Not an Intersection,No fue interseccion,Sobre calle,Ninguna,Oscuro sin iluminacion,Despejado,No,NO APLICA,19,30,19,55,1,02/10/2022,2
29,Missouri,290708,0,0,3,0,87,HOLT (87),0,NO APLICA,10,Octubre,2,2022,18,40,I-29,1,Interestatal,Rural,Interestatal,State Highway Agency,1,Sin jurisdiccion especial,160,40.11008333,-95.21858333,Vehiculo en movimiento,Golpe Lateral - misma direccion,Not an Intersection,No fue interseccion,Sobre calle,Ninguna,Dia total,Despejado,No,NO APLICA,18,45,18,56,1,02/10/2022,5
29,Missouri,290709,0,0,2,0,95,JACKSON (95),4120,KANSAS CITY,10,Octubre,2,2022,3,6,GRAND BLVD,6,Calle Local Municipalidad,Urbano,Arteria Menor,City or Municipal Highway Agency,0,Sin jurisdiccion especial,10,39.10106944,-94.58083611,Vehiculo en movimiento,Frente a Detrás,Four-Way Intersection,Interseccion de 4 direcciones,Sobre calle,Ninguna,Oscuro con iluminacion,Despejado,No,NO APLICA,3,6,3,18,2,02/10/2022,3
29,Missouri,290710,0,0,1,0,11,BARTON (11),0,NO APLICA,10,Octubre,2,2022,1,45,SR-V,3,Highway estatal,Rural,Colector Mayor,State Highway Agency,0,Sin jurisdiccion especial,110,37.60486111,-94.36619444,Acotamiento,El primer evento no fue una colision con un vehiculo automotor en transporte,Not an Intersection,No fue interseccion,Sobre el lado de la calle,Ninguna,Oscuro sin iluminacion,Despejado,No,NO APLICA,99,99,99,99,1,02/10/2022,3
29,Missouri,290711,1,1,1,0,189,ST LOUIS (189),1030,BRECKENRIDGE HILLS,9,Septiembre,13,2022,20,54,SR-180,3,Highway estatal,Urbano,Arteria Principal,State Highway Agency,1,Sin jurisdiccion especial,40,38.72161111,-90.37061111,Peaton,El primer evento no fue una colision con un vehiculo automotor en transporte,Not an Intersection,No fue interseccion,Sobre calle,Ninguna,Dia total,Despejado,No,NO APLICA,99,98,99,98,1,13/09/2022,1
29,Missouri,290712,0,0,2,0,37,CASS (37),0,NO APLICA,9,Septiembre,22,2022,16,30,SR-D,3,Highway estatal,Rural,Colector Mayor,State Highway Agency,0,Sin jurisdiccion especial,50,38.77405556,-94.58838889,Vehiculo en movimiento,Angulo,Four-Way Intersection,Interseccion de 4 direcciones,Sobre calle,Ninguna,Dia total,Nublado,No,NO APLICA,16,31,16,39,1,22/09/2022,3
29,Missouri,290713,0,0,2,0,215,TEXAS (215),0,NO APLICA,9,Septiembre,30,2022,16,20,SR-VV,3,Highway estatal,Rural,Colector Mayor,State Highway Agency,0,Sin jurisdiccion especial,20,37.46054722,-91.79058611,Vehiculo en movimiento,Frente a frente,Not an Intersection,No fue interseccion,Sobre calle,Ninguna,Dia total,Despejado,No,NO APLICA,99,98,99,98,1,30/09/2022,3
29,Missouri,290714,0,0,1,0,183,ST. CHARLES (183),0,NO APLICA,10,Octubre,3,2022,9,38,CR-GRAFTON FERRY RD,4,Calle del Condado,Rural,Colector Menor,County Highway Agency,0,Sin jurisdiccion especial,20,38.92713889,-90.43497222,Poste,El primer evento no fue una colision con un vehiculo automotor en transporte,Not an Intersection,No fue interseccion,Sobre el lado de la calle,Ninguna,Dia total,Despejado,No,NO APLICA,9,42,9,54,1,03/10/2022,1
29,Missouri,290715,0,0,1,0,83,HENRY (83),0,NO APLICA,10,Octubre,4,2022,12,26,SR-52,3,Highway estatal,Rural,Arteria Menor,State Highway Agency,0,Sin jurisdiccion especial,70,38.25427778,-93.91802778,Volcadura,El primer evento no fue una colision con un vehiculo automotor en transporte,Not an Intersection,No fue interseccion,Sobre calle,Ninguna,Dia total,Despejado,No,NO APLICA,99,98,99,98,1,04/10/2022,1
29,Missouri,290716,1,1,1,0,77,GREENE (77),7460,SPRINGFIELD,10,Octubre,4,2022,7,28,REPUBLIC ST,6,Calle Local Municipalidad,Urbano,Arteria Principal,City or Municipal Highway Agency,1,Sin jurisdiccion especial,40,37.13755278,-93.27304722,Peaton,El primer evento no fue una colision con un vehiculo automotor en transporte,Not an Intersection,No fue interseccion,Sobre calle,Ninguna,Dia total,Despejado,No,NO APLICA,7,28,7,30,1,04/10/2022,1
29,Missouri,290717,0,0,2,0,145,NEWTON (145),0,NO APLICA,10,Octubre,4,2022,7,12,US-60,2,US Highway,Rural,Arteria Principal,State Highway Agency,1,Sin jurisdiccion especial,160,36.85538889,-94.33955556,Vehiculo en movimiento,Angulo,Four-Way Intersection,Interseccion de 4 direcciones,Sobre calle,Ninguna,Dia total,Despejado,No,NO APLICA,7,21,7,21,1,04/10/2022,3
29,Missouri,290718,0,0,1,0,123,MADISON (123),0,NO APLICA,10,Octubre,5,2022,9,30,SR-M,3,Highway estatal,Rural,Colector Mayor,State Highway Agency,0,Sin jurisdiccion especial,10,37.42361111,-90.18469444,Volcadura,El primer evento no fue una colision con un vehiculo automotor en transporte,Not an Intersection,No fue interseccion,Sobre calle,Ninguna,Dia total,Despejado,No,NO APLICA,9,41,9,56,1,05/10/2022,1
29,Missouri,290719,0,0,2,0,59,DALLAS (59),0,NO APLICA,10,Octubre,6,2022,13,5,CR-HAYES RD,4,Calle del Condado,Rural,Local,County Highway Agency,0,Sin jurisdiccion especial,30,37.61008333,-93.04580556,Vehiculo en movimiento,Frente a frente,Not an Intersection,No fue interseccion,Sobre calle,Ninguna,Dia total,Despejado,No,NO APLICA,13,24,13,49,1,06/10/2022,4
29,Missouri,290720,0,0,1,0,107,LAFAYETTE (107),0,NO APLICA,10,Octubre,6,2022,5,48,SR-M,3,Highway estatal,Rural,Colector Mayor,State Highway Agency,0,Sin jurisdiccion especial,50,38.93877778,-93.88611111,Volcadura,El primer evento no fue una colision con un vehiculo automotor en transporte,Not an Intersection,No fue interseccion,Sobre el lado de la calle,Ninguna,Oscuro sin iluminacion,Despejado,No,NO APLICA,5,47,5,57,1,06/10/2022,1
29,Missouri,290721,0,0,1,0,115,LINN (115),0,NO APLICA,10,Octubre,6,2022,16,10,CR-FALK RD,4,Calle del Condado,Rural,No reportado,County Highway Agency,0,Sin jurisdiccion especial,20,39.97159167,-93.13814167,Volcadura,El primer evento no fue una colision con un vehiculo automotor en transporte,Not an Intersection,No fue interseccion,Sobre el lado de la calle,Ninguna,Dia total,Despejado,No,NO APLICA,99,98,99,98,1,06/10/2022,1
29,Missouri,290722,0,0,4,0,189,ST LOUIS (189),1900,COUNTRY CLUB HILLS,9,Septiembre,30,2022,10,30,LUCAS AND HUNT RD,6,Calle Local Municipalidad,Urbano,Arteria Menor,City or Municipal Highway Agency,0,Sin jurisdiccion especial,20,38.72575,-90.27463889,Vehiculo en movimiento,Frente a Detrás,Not Reported,No reportado,Sobre calle,Ninguna,Dia total,Despejado,No,NO APLICA,99,99,99,99,1,30/09/2022,5
29,Missouri,290723,0,0,1,0,189,ST LOUIS (189),9999,Unknown,10,Octubre,6,2022,18,20,CR-HUDSON DR,4,Calle del Condado,Urbano,Local,County Highway Agency,0,Sin jurisdiccion especial,0,38.76250278,-90.25109444,Arbol,El primer evento no fue una colision con un vehiculo automotor en transporte,Not an Intersection,No fue interseccion,Sobre el lado de la calle,Ninguna,Dia total,Despejado,No,NO APLICA,17,54,18,2,1,06/10/2022,1
29,Missouri,290724,1,1,1,0,189,ST LOUIS (189),1050,BRIDGETON,10,Octubre,7,2022,21,37,SR-180,3,Highway estatal,Urbano,Arteria Principal,State Highway Agency,1,Sin jurisdiccion especial,10,38.74613889,-90.41887778,Peaton,El primer evento no fue una colision con un vehiculo automotor en transporte,Not an Intersection,No fue interseccion,Sobre calle,Ninguna,Oscuro con iluminacion,Despejado,No,NO APLICA,99,99,99,99,1,07/10/2022,1
29,Missouri,290725,0,0,1,0,15,BENTON (15),0,NO APLICA,10,Octubre,7,2022,23,50,SR-C,3,Highway estatal,Rural,Colector Mayor,State Highway Agency,0,Sin jurisdiccion especial,60,38.38961111,-93.39983333,Acotamiento,El primer evento no fue una colision con un vehiculo automotor en transporte,Not an Intersection,No fue interseccion,Sobre el lado de la calle,Ninguna,Oscuro sin iluminacion,Despejado,No,NO APLICA,99,99,99,99,1,07/10/2022,3
29,Missouri,290726,1,1,1,0,37,CASS (37),6160,PECULIAR,10,Octubre,8,2022,1,31,I-49,1,Interestatal,Urbano,Interestatal,State Highway Agency,1,Sin jurisdiccion especial,220,38.75083333,-94.47905556,Otro objeto (no fijo),El primer evento no fue una colision con un vehiculo automotor en transporte,Not an Intersection,No fue interseccion,Fuera de la calle,"Zona de trabajo, tipo desconocido",Oscuro sin iluminacion,Despejado,No,NO APLICA,99,99,99,99,1,08/10/2022,2
29,Missouri,290727,0,0,1,0,209,STONE (209),0,NO APLICA,10,Octubre,8,2022,19,55,CR-JOE BALD RD,4,Calle del Condado,Rural,Local,County Highway Agency,0,Sin jurisdiccion especial,30,36.61730556,-93.45694444,Suelo,El primer evento no fue una colision con un vehiculo automotor en transporte,Not an Intersection,No fue interseccion,Sobre el lado de la calle,Ninguna,Oscuro sin iluminacion,Despejado,No,NO APLICA,20,0,20,17,1,08/10/2022,1
29,Missouri,290728,1,1,1,0,510,ST. LOUIS (CITY) (510),7080,ST. LOUIS,10,Octubre,9,2022,18,5,GRAVOIS AVE,6,Calle Local Municipalidad,Urbano,Arteria Principal,State Highway Agency,1,Sin jurisdiccion especial,30,38.59175,-90.24808333,Peaton,El primer evento no fue una colision con un vehiculo automotor en transporte,Four-Way Intersection,Interseccion de 4 direcciones,Sobre calle,Ninguna,Dia total,Despejado,No,NO APLICA,18,9,18,24,1,09/10/2022,1
29,Missouri,290729,0,0,2,0,189,ST LOUIS (189),2780,FLORISSANT,10,Octubre,9,2022,20,21,US-67,2,US Highway,Urbano,Arteria Principal,State Highway Agency,1,Sin jurisdiccion especial,80,38.79932222,-90.32867778,Vehiculo en movimiento,Angulo,Not an Intersection,No fue interseccion,Sobre calle,Ninguna,Oscuro con iluminacion,Despejado,No,NO APLICA,20,25,20,26,1,09/10/2022,2
29,Missouri,290730,1,1,5,4,189,ST LOUIS (189),6000,OVERLAND,10,Octubre,10,2022,20,36,WOODSON RD,6,Calle Local Municipalidad,Urbano,Arteria Menor,City or Municipal Highway Agency,0,Sin jurisdiccion especial,10,38.70416667,-90.36161111,Peaton,El primer evento no fue una colision con un vehiculo automotor en transporte,Not an Intersection,No fue interseccion,Sobre el lado de la calle,Ninguna,Oscuro con iluminacion,Despejado,No,NO APLICA,99,99,99,99,1,10/10/2022,1
29,Missouri,290731,0,0,1,0,229,WRIGHT (229),0,NO APLICA,10,Octubre,10,2022,10,57,US-60,2,US Highway,Rural,Arterial Principal -Freeway o ExpressWay,State Highway Agency,1,Sin jurisdiccion especial,180,37.12494444,-92.37211111,Volcadura,El primer evento no fue una colision con un vehiculo automotor en transporte,Not an Intersection,No fue interseccion,Sobre calle,Ninguna,Dia total,Despejado,No,NO APLICA,99,99,99,99,1,10/10/2022,2
29,Missouri,290732,0,0,1,0,189,ST LOUIS (189),0,NO APLICA,10,Octubre,10,2022,21,20,CR-PRIGGE RD,4,Calle del Condado,Urbano,Arteria Menor,County Highway Agency,0,Sin jurisdiccion especial,0,38.78110833,-90.20077222,Buzon de correo,El primer evento no fue una colision con un vehiculo automotor en transporte,Not an Intersection,No fue interseccion,Sobre el lado de la calle,Ninguna,Oscuro sin iluminacion,Despejado,No,NO APLICA,21,25,21,31,1,10/10/2022,2
29,Missouri,290733,0,0,4,0,510,ST. LOUIS (CITY) (510),7080,ST. LOUIS,10,Octubre,10,2022,17,5,KINGSHIGHWAY BLVD,6,Calle Local Municipalidad,Urbano,Arteria Principal,City or Municipal Highway Agency,0,Sin jurisdiccion especial,70,38.67139722,-90.25518056,Vehiculo en movimiento,Angulo,Four-Way Intersection,Interseccion de 4 direcciones,Sobre calle,Ninguna,Dia total,Despejado,No,NO APLICA,17,8,17,23,1,10/10/2022,6
29,Missouri,290734,0,0,1,0,510,ST. LOUIS (CITY) (510),7080,ST. LOUIS,10,Octubre,11,2022,8,42,SOUTHWEST AVE,6,Calle Local Municipalidad,Urbano,Colector Mayor,City or Municipal Highway Agency,0,Sin jurisdiccion especial,10,38.61346111,-90.30156667,Banqueta,El primer evento no fue una colision con un vehiculo automotor en transporte,Not an Intersection,No fue interseccion,Sobre el lado de la calle,Ninguna,Dia total,lluvia,No,NO APLICA,8,49,8,57,1,11/10/2022,1
29,Missouri,290735,0,0,1,0,510,ST. LOUIS (CITY) (510),7080,ST. LOUIS,10,Octubre,11,2022,12,30,I-64,1,Interestatal,Urbano,Interestatal,State Highway Agency,1,Sin jurisdiccion especial,30,38.632425,-90.24285278,Objeto aventado o caido,El primer evento no fue una colision con un vehiculo automotor en transporte,Not an Intersection,No fue interseccion,Sobre calle,Ninguna,Dia total,Despejado,No,NO APLICA,12,41,12,49,1,11/10/2022,1
29,Missouri,290736,0,0,1,0,139,MONTGOMERY (139),0,NO APLICA,10,Octubre,10,2022,23,0,SR-J,3,Highway estatal,Rural,Colector Mayor,State Highway Agency,0,Sin jurisdiccion especial,80,38.82761111,-91.53566667,Volcadura,El primer evento no fue una colision con un vehiculo automotor en transporte,Not an Intersection,No fue interseccion,Sobre calle,Ninguna,Oscuro sin iluminacion,Nublado,No,NO APLICA,99,99,99,99,1,10/10/2022,1
29,Missouri,290737,1,1,1,0,189,ST LOUIS (189),0,NO APLICA,10,Octubre,11,2022,2,50,SR-180,3,Highway estatal,Urbano,Arteria Principal,State Highway Agency,1,Sin jurisdiccion especial,80,38.69297222,-90.31709722,Peaton,El primer evento no fue una colision con un vehiculo automotor en transporte,T-Intersection,Interseccion de T,Sobre calle,Ninguna,Oscuro con iluminacion,Despejado,No,NO APLICA,99,99,99,99,1,11/10/2022,1
29,Missouri,290738,0,0,2,0,23,BUTLER (23),0,NO APLICA,10,Octubre,13,2022,6,40,CR-441,4,Calle del Condado,Rural,Local,County Highway Agency,0,Sin jurisdiccion especial,20,36.77211111,-90.46505556,Vehiculo en movimiento,Frente a frente,Not an Intersection,No fue interseccion,Sobre calle,Ninguna,Dia total,Despejado,No,NO APLICA,6,45,6,54,2,13/10/2022,2
29,Missouri,290739,0,0,2,0,77,GREENE (77),6710,REPUBLIC,10,Octubre,14,2022,13,55,US-60,2,US Highway,Urbano,Arteria Principal,State Highway Agency,1,Sin jurisdiccion especial,20,37.11256111,-93.48520833,Vehiculo en movimiento,Frente a frente,Four-Way Intersection,Interseccion de 4 direcciones,Sobre calle,Ninguna,Dia total,Despejado,No,NO APLICA,13,58,14,5,1,14/10/2022,2
29,Missouri,290740,0,0,2,0,95,JACKSON (95),7620,SUGAR CREEK,10,Octubre,14,2022,6,59,SR-291,3,Highway estatal,Urbano,Arterial Principal -Freeway o ExpressWay,State Highway Agency,1,Sin jurisdiccion especial,220,39.141825,-94.389025,Vehiculo en movimiento,Frente a frente,Not an Intersection,No fue interseccion,Sobre calle,Ninguna,Dia total,Despejado,No,NO APLICA,7,2,7,12,1,14/10/2022,2
29,Missouri,290741,0,0,2,0,141,MORGAN (141),0,NO APLICA,10,Octubre,14,2022,19,48,SR-135,3,Highway estatal,Rural,Colector Mayor,State Highway Agency,0,Sin jurisdiccion especial,120,38.56761111,-92.97822222,Vehiculo en movimiento,Angulo,Not an Intersection,No fue interseccion,Sobre calle,Ninguna,Oscuro sin iluminacion,Nublado,No,NO APLICA,99,99,99,99,1,14/10/2022,2
29,Missouri,290742,0,0,1,0,145,NEWTON (145),4100,JOPLIN,10,Octubre,15,2022,23,20,DEER DR,6,Calle Local Municipalidad,Urbano,No reportado,City or Municipal Highway Agency,0,Sin jurisdiccion especial,10,37.02165833,-94.53458889,Poste,El primer evento no fue una colision con un vehiculo automotor en transporte,Not an Intersection,No fue interseccion,Sobre el lado de la calle,Ninguna,Oscuro sin iluminacion,Nublado,No,NO APLICA,23,23,23,31,1,15/10/2022,5
29,Missouri,290743,0,0,1,0,77,GREENE (77),0,NO APLICA,10,Octubre,15,2022,18,15,CR-170,4,Calle del Condado,Rural,Local,County Highway Agency,0,Sin jurisdiccion especial,10,37.13966667,-93.42766667,Arbol,El primer evento no fue una colision con un vehiculo automotor en transporte,Not an Intersection,No fue interseccion,Sobre el lado de la calle,Ninguna,Oscuro sin iluminacion,Nublado,No,NO APLICA,18,20,18,27,2,15/10/2022,4
29,Missouri,290744,0,0,2,0,71,FRANKLIN (71),0,NO APLICA,10,Octubre,15,2022,20,5,US-50,2,US Highway,Urbano,Arteria Principal,State Highway Agency,1,Sin jurisdiccion especial,260,38.43805556,-90.92038889,Vehiculo en movimiento,Frente a frente,Not an Intersection,No fue interseccion,Sobre calle,Ninguna,Oscuro sin iluminacion,Despejado,No,NO APLICA,20,8,20,13,1,15/10/2022,2
29,Missouri,290745,0,0,1,0,217,VERNON (217),0,NO APLICA,10,Octubre,15,2022,21,30,SR-43,3,Highway estatal,Rural,Colector Mayor,State Highway Agency,0,Sin jurisdiccion especial,40,37.78743889,-94.44066389,Suelo,El primer evento no fue una colision con un vehiculo automotor en transporte,Not an Intersection,No fue interseccion,Sobre el lado de la calle,Ninguna,Oscuro sin iluminacion,lluvia,No,NO APLICA,99,98,99,98,1,15/10/2022,1
29,Missouri,290746,0,0,2,0,95,JACKSON (95),0,NO APLICA,10,Octubre,15,2022,14,38,SR-210,3,Highway estatal,Urbano,Arterial Principal -Freeway o ExpressWay,State Highway Agency,1,Sin jurisdiccion especial,0,39.18386111,-94.39758333,Vehiculo en movimiento,Angulo,Four-Way Intersection,Interseccion de 4 direcciones,Sobre calle,Ninguna,Dia total,Despejado,No,NO APLICA,14,40,14,53,1,15/10/2022,6
29,Missouri,290747,0,0,3,0,183,ST. CHARLES (183),5880,O Fallon,9,Septiembre,27,2022,17,27,SR-N,3,Highway estatal,Urbano,Arteria Menor,State Highway Agency,0,Sin jurisdiccion especial,160,38.75612222,-90.69734444,Vehiculo en movimiento,Angulo,Not an Intersection,No fue interseccion,Sobre calle,Ninguna,Dia total,Despejado,No,NO APLICA,99,99,99,99,1,27/09/2022,6
29,Missouri,290748,1,1,1,0,77,GREENE (77),7460,SPRINGFIELD,10,Octubre,12,2022,17,8,KANSAS EXPY,6,Calle Local Municipalidad,Urbano,Arteria Principal,State Highway Agency,1,Sin jurisdiccion especial,140,37.22607222,-93.31176389,Ciclista,El primer evento no fue una colision con un vehiculo automotor en transporte,Four-Way Intersection,Interseccion de 4 direcciones,Sobre calle,Ninguna,Dia total,Nublado,No,NO APLICA,17,9,17,16,1,12/10/2022,1
29,Missouri,290749,0,0,1,0,167,POLK (167),880,BOLIVAR,10,Octubre,14,2022,18,13,SR-13,3,Highway estatal,Rural,Arterial Principal -Freeway o ExpressWay,State Highway Agency,1,Sin jurisdiccion especial,240,37.53901944,-93.37989444,Volcadura,El primer evento no fue una colision con un vehiculo automotor en transporte,Not an Intersection,No fue interseccion,Sobre el lado de la calle,Ninguna,Dia total,Nublado,No,NO APLICA,18,13,18,24,1,14/10/2022,7
29,Missouri,290750,0,0,1,0,186,STE GENEVIEVE (186),0,NO APLICA,10,Octubre,16,2022,19,25,SR-N,3,Highway estatal,Rural,Colector Menor,State Highway Agency,0,Sin jurisdiccion especial,100,37.76991667,-90.05375,Arbol,El primer evento no fue una colision con un vehiculo automotor en transporte,Not an Intersection,No fue interseccion,Sobre el lado de la calle,Ninguna,Oscuro sin iluminacion,Despejado,No,NO APLICA,19,29,19,53,1,16/10/2022,1
29,Missouri,290751,0,0,1,0,55,CRAWFORD (55),0,NO APLICA,10,Octubre,17,2022,8,50,SR-P,3,Highway estatal,Rural,Colector Menor,State Highway Agency,0,Sin jurisdiccion especial,30,38.14397222,-91.37986111,Animal vivo,El primer evento no fue una colision con un vehiculo automotor en transporte,Not an Intersection,No fue interseccion,Sobre calle,Ninguna,Dia total,Despejado,No,NO APLICA,10,55,10,57,1,17/10/2022,1
29,Missouri,290752,0,0,1,0,11,BARTON (11),0,NO APLICA,10,Octubre,17,2022,23,29,SR-43,3,Highway estatal,Rural,Colector Mayor,State Highway Agency,0,Sin jurisdiccion especial,120,37.46991667,-94.48244444,Volcadura,El primer evento no fue una colision con un vehiculo automotor en transporte,Not an Intersection,No fue interseccion,Sobre calle,Ninguna,Oscuro sin iluminacion,Despejado,No,NO APLICA,99,99,99,99,1,17/10/2022,4
29,Missouri,290753,0,0,3,0,183,ST. CHARLES (183),8286,WEST ALTON,10,Octubre,18,2022,13,25,US-67,2,US Highway,Rural,Arteria Principal,State Highway Agency,1,Sin jurisdiccion especial,10,38.86155556,-90.22322222,Vehiculo en movimiento,Angulo,Four-Way Intersection,Interseccion de 4 direcciones,Sobre calle,Ninguna,Dia total,Despejado,No,NO APLICA,99,99,99,99,1,18/10/2022,4
29,Missouri,290754,0,0,1,0,113,LINCOLN (113),0,NO APLICA,10,Octubre,18,2022,8,12,US-61,2,US Highway,Rural,Arterial Principal -Freeway o ExpressWay,State Highway Agency,1,Sin jurisdiccion especial,10,39.21288889,-91.00594444,Acotamiento,El primer evento no fue una colision con un vehiculo automotor en transporte,Not an Intersection,No fue interseccion,Sobre el lado de la calle,Ninguna,Dia total,Despejado,No,NO APLICA,8,21,8,29,2,18/10/2022,2
29,Missouri,290755,1,1,1,0,189,ST LOUIS (189),2780,FLORISSANT,10,Octubre,18,2022,19,50,SR-270 NOR,3,Highway estatal,Urbano,Colector Mayor,State Highway Agency,0,Sin jurisdiccion especial,30,38.77401389,-90.31686667,Peaton,El primer evento no fue una colision con un vehiculo automotor en transporte,Not an Intersection,No fue interseccion,Sobre calle,"Zona de trabajo, tipo desconocido",Oscuro sin iluminacion,Despejado,No,NO APLICA,99,98,99,98,1,18/10/2022,1
29,Missouri,290756,0,0,3,0,183,ST. CHARLES (183),7010,ST. CHARLES,10,Octubre,18,2022,14,50,VETERANS MEMORIAL PKWY,6,Calle Local Municipalidad,Urbano,Colector Mayor,State Highway Agency,0,Sin jurisdiccion especial,40,38.78903056,-90.54728611,Vehiculo en movimiento,Golpe Lateral - direccion contraria,Not an Intersection,No fue interseccion,Sobre calle,Ninguna,Dia total,Despejado,No,NO APLICA,99,99,99,99,1,18/10/2022,3