Estado,Nombre de Estado,Numero de Caso,Peatones,Personas _no_vehiculos,Vehiculos automotores,Vehiculos estacionados,Condado,Nombre Condado,Ciudad,Nombre Ciudad,Mes,Nombre Mes,Dia,Año,Hora,Minuto,Calle,Ruta,Nombre Ruta,Rural o Urbanoo,Sistema Funcional,Dueño Calle,Sistema Nacional Carreteras,Jurisdiccion Especial,Milla,Latitud,Longitud,Causa del Accidente,Tipo de Accidente,Tipo Interseccion,Columna1,Lugar en la calle,Zona de Trabajo,Luz,Clima,Autobus Escolar,Cruce de Trenes,Hora Notificacion,Minuto Notificacion,Hora Llegada,Minuto Llegada,Decesos,Fecha,PersonaVehiculo
29,Missouri,290757,0,0,1,0,187,ST FRANCOIS (187),0,NO APLICA,9,Septiembre,19,2022,21,2,RAIDER RD,6,Calle Local Municipalidad,Rural,Local,City or Municipal Highway Agency,0,Sin jurisdiccion especial,10,37.90630556,-90.52816667,Alguien se cayo/avento del vehiculo,El primer evento no fue una colision con un vehiculo automotor en transporte,Not an Intersection,No fue interseccion,Sobre calle,Ninguna,Oscuro sin iluminacion,Despejado,No,NO APLICA,99,99,99,99,1,19/09/2022,2
29,Missouri,290758,1,1,1,0,189,ST LOUIS (189),0,NO APLICA,9,Septiembre,30,2022,6,27,SR-231,3,Highway estatal,Urbano,Arteria Menor,State Highway Agency,0,Sin jurisdiccion especial,30,38.50236944,-90.29781667,Peaton,El primer evento no fue una colision con un vehiculo automotor en transporte,Four-Way Intersection,Interseccion de 4 direcciones,Sobre calle,Ninguna,Oscuro con iluminacion,Despejado,No,NO APLICA,6,29,6,35,1,30/09/2022,1
29,Missouri,290759,0,1,4,2,510,ST. LOUIS (CITY) (510),7080,ST. LOUIS,10,Octubre,18,2022,12,25,PAGE BLVD,6,Calle Local Municipalidad,Urbano,Arteria Principal,City or Municipal Highway Agency,1,Sin jurisdiccion especial,0,38.66847778,-90.28608889,Vehiculo en movimiento,Angulo,Four-Way Intersection,Interseccion de 4 direcciones,Sobre calle,Ninguna,Dia total,Despejado,No,NO APLICA,12,32,12,36,1,18/10/2022,4
29,Missouri,290760,0,0,1,0,189,ST LOUIS (189),0,NO APLICA,10,Octubre,21,2022,23,35,I-70,1,Interestatal,Urbano,Interestatal,State Highway Agency,1,Sin jurisdiccion especial,10,38.70678611,-90.27415556,Barrera de Trafico de Concreto,El primer evento no fue una colision con un vehiculo automotor en transporte,Not an Intersection,No fue interseccion,En el medio,Ninguna,Oscuro sin iluminacion,Despejado,No,NO APLICA,99,99,99,99,1,21/10/2022,1
29,Missouri,290761,0,0,2,0,21,BUCHANAN (21),7070,ST. JOSEPH,10,Octubre,21,2022,13,15,LOVERS LANE,6,Calle Local Municipalidad,Urbano,Colector Mayor,City or Municipal Highway Agency,0,Sin jurisdiccion especial,10,39.79417778,-94.829325,Vehiculo en movimiento,Angulo,Four-Way Intersection,Interseccion de 4 direcciones,Sobre calle,Ninguna,Dia total,Despejado,No,NO APLICA,13,16,13,22,1,21/10/2022,2
29,Missouri,290762,0,0,2,0,205,SHELBY (205),0,NO APLICA,10,Octubre,21,2022,18,51,US-36,2,US Highway,Rural,Arterial Principal -Freeway o ExpressWay,State Highway Agency,1,Sin jurisdiccion especial,90,39.71461111,-92.12972222,Vehiculo en movimiento,Frente a Detrás,Not an Intersection,No fue interseccion,Sobre calle,Ninguna,Oscuro sin iluminacion,Despejado,No,NO APLICA,18,54,19,6,1,21/10/2022,3
29,Missouri,290763,1,1,1,0,510,ST. LOUIS (CITY) (510),7080,ST. LOUIS,10,Octubre,21,2022,11,0,KINGSHIGHWAY BLVD,6,Calle Local Municipalidad,Urbano,Arteria Principal,City or Municipal Highway Agency,1,Sin jurisdiccion especial,20,38.6698,-90.25663056,Peaton,El primer evento no fue una colision con un vehiculo automotor en transporte,Four-Way Intersection,Interseccion de 4 direcciones,Sobre calle,Ninguna,Dia total,Despejado,No,NO APLICA,11,9,11,10,1,21/10/2022,1
29,Missouri,290764,0,0,1,0,155,PEMISCOT (155),0,NO APLICA,10,Octubre,22,2022,17,55,I-55,1,Interestatal,Rural,Interestatal,State Highway Agency,1,Sin jurisdiccion especial,30,36.03955556,-89.85627778,Arbol,El primer evento no fue una colision con un vehiculo automotor en transporte,Not an Intersection,No fue interseccion,Sobre el lado de la calle,Ninguna,Dia total,Despejado,No,NO APLICA,99,99,99,99,1,22/10/2022,1
29,Missouri,290765,0,0,1,0,99,JEFFERSON (99),0,NO APLICA,10,Octubre,22,2022,4,50,CR-MILLER RD,4,Calle del Condado,Urbano,No reportado,County Highway Agency,0,Sin jurisdiccion especial,10,38.40072222,-90.52813889,Poste,El primer evento no fue una colision con un vehiculo automotor en transporte,Not an Intersection,No fue interseccion,Sobre el lado de la calle,Ninguna,Oscuro sin iluminacion,Nublado,No,NO APLICA,4,56,5,6,1,22/10/2022,1
29,Missouri,290766,0,0,2,0,31,CAPE GIRARDEAU (31),1390,CAPE GIRARDEAU,10,Octubre,22,2022,14,18,WILLIAM ST,6,Calle Local Municipalidad,Urbano,Arteria Menor,City or Municipal Highway Agency,0,Sin jurisdiccion especial,40,37.30049722,-89.52151111,Vehiculo en movimiento,Angulo,Four-Way Intersection,Interseccion de 4 direcciones,Sobre calle,Ninguna,Dia total,Despejado,No,NO APLICA,99,99,99,99,1,22/10/2022,2
29,Missouri,290767,1,1,1,0,97,JASPER (97),4100,JOPLIN,10,Octubre,22,2022,2,48,SR-43,3,Highway estatal,Urbano,Arteria Principal,State Highway Agency,1,Sin jurisdiccion especial,180,37.10919722,-94.51193889,Peaton,El primer evento no fue una colision con un vehiculo automotor en transporte,Not an Intersection,No fue interseccion,Sobre calle,Ninguna,Oscuro sin iluminacion,Despejado,No,NO APLICA,99,99,99,99,1,22/10/2022,1
29,Missouri,290768,0,0,2,0,51,COLE (51),4040,JEFFERSON CITY,10,Octubre,22,2022,23,37,COUNTRY CLUB DR,6,Calle Local Municipalidad,Urbano,Colector Mayor,State Highway Agency,0,Sin jurisdiccion especial,10,38.58631111,-92.26856667,Vehiculo en movimiento,Frente a frente,Not an Intersection,No fue interseccion,Sobre Acotamiento,Ninguna,Oscuro sin iluminacion,Despejado,No,NO APLICA,99,99,99,99,1,22/10/2022,3
29,Missouri,290769,0,0,2,0,215,TEXAS (215),0,NO APLICA,10,Octubre,23,2022,15,42,SR-17,3,Highway estatal,Rural,Arteria Menor,State Highway Agency,0,Sin jurisdiccion especial,350,37.30391667,-91.94838889,Vehiculo en movimiento,Angulo,T-Intersection,Interseccion de T,Sobre calle,Ninguna,Dia total,Despejado,No,NO APLICA,99,99,99,99,1,23/10/2022,3
29,Missouri,290770,1,1,1,0,181,RIPLEY (181),0,NO APLICA,10,Octubre,23,2022,20,5,US-160,2,US Highway,Rural,Arteria Menor,State Highway Agency,0,Sin jurisdiccion especial,250,36.65241667,-90.75583333,Peaton,El primer evento no fue una colision con un vehiculo automotor en transporte,Not an Intersection,No fue interseccion,Sobre calle,Ninguna,Oscuro sin iluminacion,Nublado,No,NO APLICA,99,99,99,99,1,23/10/2022,1
29,Missouri,290771,0,0,2,0,183,ST. CHARLES (183),4328,LAKE SAINT LOUIS,10,Octubre,23,2022,2,20,I-70,1,Interestatal,Urbano,Interestatal,State Highway Agency,1,Sin jurisdiccion especial,160,38.80380556,-90.76016667,Vehiculo en movimiento,Frente a Detrás,Not an Intersection,No fue interseccion,Sobre calle,Ninguna,Oscuro sin iluminacion,Despejado,No,NO APLICA,2,23,2,36,2,23/10/2022,4
29,Missouri,290772,0,0,1,0,157,PERRY (157),0,NO APLICA,10,Octubre,23,2022,16,55,SR-J,3,Highway estatal,Rural,Colector Mayor,State Highway Agency,0,Sin jurisdiccion especial,60,37.60525,-90.04472222,Poste de Señal de trafico,El primer evento no fue una colision con un vehiculo automotor en transporte,Not an Intersection,No fue interseccion,Sobre el lado de la calle,Ninguna,Dia total,Despejado,No,NO APLICA,99,98,99,98,1,23/10/2022,1
29,Missouri,290773,0,0,2,0,229,WRIGHT (229),0,NO APLICA,10,Octubre,24,2022,14,20,SR-5,3,Highway estatal,Rural,Arteria Menor,State Highway Agency,0,Sin jurisdiccion especial,340,37.08519444,-92.60625,Vehiculo en movimiento,Frente a frente,Not an Intersection,No fue interseccion,Sobre calle,Ninguna,Dia total,Despejado,No,NO APLICA,14,22,14,30,1,24/10/2022,2
29,Missouri,290774,0,0,1,0,213,TANEY (213),0,NO APLICA,10,Octubre,24,2022,15,47,US-160,2,US Highway,Rural,Arteria Menor,State Highway Agency,0,Sin jurisdiccion especial,280,36.64569444,-92.97416667,Volcadura,El primer evento no fue una colision con un vehiculo automotor en transporte,Not an Intersection,No fue interseccion,Sobre calle,Ninguna,Dia total,Despejado,No,NO APLICA,15,47,16,10,1,24/10/2022,1
29,Missouri,290775,1,1,1,0,105,LACLEDE (105),4480,LEBANON,10,Octubre,24,2022,22,40,EVERGREEN PKWY,6,Calle Local Municipalidad,Urbano,Local,City or Municipal Highway Agency,0,Sin jurisdiccion especial,20,37.66125,-92.65661111,Peaton,El primer evento no fue una colision con un vehiculo automotor en transporte,Not an Intersection,No fue interseccion,Sobre calle,Ninguna,Oscuro sin iluminacion,Nublado,No,NO APLICA,99,99,99,99,1,24/10/2022,2
29,Missouri,290776,0,0,1,0,111,LEWIS (111),0,NO APLICA,10,Octubre,25,2022,10,35,US-61,2,US Highway,Rural,Arteria Principal,State Highway Agency,0,Sin jurisdiccion especial,130,40.06408333,-91.53,Acotamiento,El primer evento no fue una colision con un vehiculo automotor en transporte,Not an Intersection,No fue interseccion,Sobre el lado de la calle,Ninguna,Dia total,lluvia,No,NO APLICA,10,39,10,48,1,25/10/2022,2
29,Missouri,290777,0,0,2,0,189,ST LOUIS (189),2780,FLORISSANT,10,Octubre,25,2022,12,47,DERHAKE RD,6,Calle Local Municipalidad,Urbano,Colector Mayor,City or Municipal Highway Agency,0,Sin jurisdiccion especial,30,38.78363333,-90.28928333,Vehiculo en movimiento,Angulo,Four-Way Intersection,Interseccion de 4 direcciones,Sobre calle,Ninguna,Dia total,lluvia,No,NO APLICA,12,50,12,56,1,25/10/2022,3
29,Missouri,290778,0,0,1,0,179,REYNOLDS (179),0,NO APLICA,10,Octubre,25,2022,20,25,SR-HH,3,Highway estatal,Rural,Colector Mayor,State Highway Agency,0,Sin jurisdiccion especial,90,37.11866667,-90.86780556,Arbol,El primer evento no fue una colision con un vehiculo automotor en transporte,Not an Intersection,No fue interseccion,Sobre el lado de la calle,Ninguna,Oscuro con iluminacion,lluvia,No,NO APLICA,20,40,21,0,1,25/10/2022,1
29,Missouri,290779,0,0,1,0,149,OREGON (149),0,NO APLICA,10,Octubre,26,2022,1,30,SR-142,3,Highway estatal,Rural,Arteria Menor,State Highway Agency,0,Sin jurisdiccion especial,130,36.52744444,-91.45655556,Suelo,El primer evento no fue una colision con un vehiculo automotor en transporte,Not an Intersection,No fue interseccion,Sobre el lado de la calle,Ninguna,Oscuro sin iluminacion,Despejado,No,NO APLICA,99,98,99,98,1,26/10/2022,1
29,Missouri,290780,0,0,2,0,167,POLK (167),880,BOLIVAR,10,Octubre,27,2022,15,35,SR-83,3,Highway estatal,Urbano,Arteria Principal,City or Municipal Highway Agency,0,Sin jurisdiccion especial,160,37.60852778,-93.40802778,Vehiculo en movimiento,Frente a frente,Not an Intersection,No fue interseccion,Sobre calle,Ninguna,Dia total,Despejado,No,NO APLICA,99,99,99,99,1,27/10/2022,3
29,Missouri,290781,0,0,1,0,99,JEFFERSON (99),0,NO APLICA,10,Octubre,27,2022,9,41,CR-HARRISON LAKE RD,4,Calle del Condado,Urbano,Local,State Highway Agency,0,Sin jurisdiccion especial,10,38.217575,-90.43538056,Arbol,El primer evento no fue una colision con un vehiculo automotor en transporte,Not an Intersection,No fue interseccion,Sobre el lado de la calle,Ninguna,Dia total,Despejado,No,NO APLICA,99,99,99,99,1,27/10/2022,1
29,Missouri,290782,0,0,1,0,209,STONE (209),0,NO APLICA,10,Octubre,22,2022,12,32,SR-76,3,Highway estatal,Rural,Arteria Menor,State Highway Agency,0,Sin jurisdiccion especial,60,36.73655556,-93.48497222,Poste de Señal de trafico,El primer evento no fue una colision con un vehiculo automotor en transporte,Not an Intersection,No fue interseccion,Sobre el lado de la calle,Ninguna,Dia total,Despejado,No,NO APLICA,12,40,13,4,1,22/10/2022,2
29,Missouri,290783,0,0,2,0,9,BARRY (9),0,NO APLICA,10,Octubre,27,2022,15,24,SR-76,3,Highway estatal,Rural,Arteria Menor,State Highway Agency,0,Sin jurisdiccion especial,190,36.65480556,-93.81494444,Vehiculo en movimiento,Frente a frente,Not an Intersection,No fue interseccion,Sobre calle,Ninguna,Dia total,Despejado,No,NO APLICA,99,98,99,98,1,27/10/2022,2
29,Missouri,290784,1,1,1,0,109,LAWRENCE (109),420,AURORA,10,Octubre,27,2022,20,46,US-60,2,US Highway,Urbano,Arteria Principal,State Highway Agency,1,Sin jurisdiccion especial,70,36.94792222,-93.71846667,Peaton,El primer evento no fue una colision con un vehiculo automotor en transporte,Four-Way Intersection,Interseccion de 4 direcciones,Sobre calle,Ninguna,Oscuro con iluminacion,Despejado,No,NO APLICA,99,99,99,99,1,27/10/2022,1
29,Missouri,290785,0,0,1,0,95,JACKSON (95),4120,KANSAS CITY,10,Octubre,27,2022,3,55,WESTPORT RD,6,Calle Local Municipalidad,Urbano,Colector Mayor,City or Municipal Highway Agency,0,Sin jurisdiccion especial,0,39.0501,-94.60315278,Banqueta,El primer evento no fue una colision con un vehiculo automotor en transporte,Not an Intersection,No fue interseccion,Sobre el lado de la calle,Ninguna,Oscuro con iluminacion,Despejado,No,NO APLICA,3,54,4,0,1,27/10/2022,1
29,Missouri,290786,0,0,1,0,219,WARREN (219),8530,WRIGHT CITY,10,Octubre,27,2022,14,51,I-70,1,Interestatal,Rural,Interestatal,State Highway Agency,1,Sin jurisdiccion especial,30,38.83005556,-91.01605556,Volcadura,El primer evento no fue una colision con un vehiculo automotor en transporte,Not an Intersection,No fue interseccion,Sobre calle,Ninguna,Dia total,Despejado,No,NO APLICA,99,98,99,98,1,27/10/2022,1
29,Missouri,290787,0,0,3,0,121,MACON (121),0,NO APLICA,10,Octubre,28,2022,15,30,US-63,2,US Highway,Rural,Arteria Principal,State Highway Agency,1,Sin jurisdiccion especial,240,39.69844444,-92.46513889,Vehiculo en movimiento,Angulo,Not an Intersection,No fue interseccion,Sobre calle,Ninguna,Dia total,Despejado,No,NO APLICA,15,32,15,37,1,28/10/2022,3
29,Missouri,290788,0,0,1,0,189,ST LOUIS (189),0,NO APLICA,10,Octubre,29,2022,1,21,CR-GRAVOIS RD,4,Calle del Condado,Urbano,Arteria Principal,County Highway Agency,1,Sin jurisdiccion especial,50,38.53761111,-90.37770833,Poste,El primer evento no fue una colision con un vehiculo automotor en transporte,T-Intersection,Interseccion de T,Sobre el lado de la calle,Ninguna,Oscuro sin iluminacion,Despejado,No,NO APLICA,1,23,1,27,1,29/10/2022,6
29,Missouri,290789,0,0,2,0,135,MONITEAU (135),0,NO APLICA,10,Octubre,29,2022,18,58,US-50,2,US Highway,Rural,Arteria Principal,State Highway Agency,1,Sin jurisdiccion especial,70,38.64586111,-92.71569444,Vehiculo en movimiento,Frente a Detrás,Not Reported,No reportado,Sobre calle,Ninguna,Oscuro sin iluminacion,Despejado,No,NO APLICA,99,98,99,98,2,29/10/2022,3
29,Missouri,290790,0,0,2,0,97,JASPER (97),0,NO APLICA,10,Octubre,29,2022,11,39,CR-NUTMEG RD,4,Calle del Condado,Rural,No reportado,County Highway Agency,0,Sin jurisdiccion especial,20,37.25486111,-94.17980556,Vehiculo en movimiento,Angulo,Four-Way Intersection,Interseccion de 4 direcciones,Sobre calle,Ninguna,Dia total,Nublado,No,NO APLICA,11,42,12,0,1,29/10/2022,2
29,Missouri,290791,0,0,2,0,169,PULASKI (169),0,NO APLICA,10,Octubre,29,2022,4,28,I-44,1,Interestatal,Rural,Interestatal,State Highway Agency,1,Sin jurisdiccion especial,180,37.77886111,-92.31758333,Barrera de Cable,El primer evento no fue una colision con un vehiculo automotor en transporte,Not an Intersection,No fue interseccion,En el medio,Ninguna,Oscuro sin iluminacion,Despejado,No,NO APLICA,99,98,99,98,1,29/10/2022,2
29,Missouri,290792,0,0,1,0,91,HOWELL (91),0,NO APLICA,10,Octubre,14,2022,15,40,CR-3080,4,Calle del Condado,Rural,No reportado,County Highway Agency,0,Sin jurisdiccion especial,50,36.99,-91.71505556,Acotamiento,El primer evento no fue una colision con un vehiculo automotor en transporte,Not an Intersection,No fue interseccion,Sobre el lado de la calle,Ninguna,Dia total,Despejado,No,NO APLICA,99,99,99,99,1,14/10/2022,2
29,Missouri,290793,1,1,1,0,159,PETTIS (159),7210,SEDALIA,10,Octubre,28,2022,16,48,S LAMINE AVE,6,Calle Local Municipalidad,Urbano,No reportado,City or Municipal Highway Agency,0,Sin jurisdiccion especial,0,38.70858333,-93.22694444,No vehiculo o remolque,El primer evento no fue una colision con un vehiculo automotor en transporte,Four-Way Intersection,Interseccion de 4 direcciones,Sobre calle,Ninguna,Dia total,Despejado,No,NO APLICA,16,50,16,52,1,28/10/2022,1
29,Missouri,290794,0,1,2,1,37,CASS (37),6160,PECULIAR,10,Octubre,29,2022,23,47,I-49,1,Interestatal,Urbano,Interestatal,State Highway Agency,1,Sin jurisdiccion especial,70,38.74961111,-94.47872222,Vehiculo Funcionando,El primer evento no fue una colision con un vehiculo automotor en transporte,Not an Intersection,No fue interseccion,Fuera de la calle,Construccion,Oscuro sin iluminacion,Despejado,No,NO APLICA,23,48,0,1,1,29/10/2022,1
29,Missouri,290795,0,0,1,0,105,LACLEDE (105),0,NO APLICA,10,Octubre,29,2022,17,15,SR-WW,3,Highway estatal,Rural,Colector Menor,State Highway Agency,0,Sin jurisdiccion especial,30,37.71914722,-92.74175556,Volcadura,El primer evento no fue una colision con un vehiculo automotor en transporte,Not an Intersection,No fue interseccion,Sobre el lado de la calle,Ninguna,Dia total,Despejado,No,NO APLICA,17,25,17,46,1,29/10/2022,2
29,Missouri,290796,0,0,1,0,183,ST. CHARLES (183),0,NO APLICA,10,Octubre,30,2022,4,15,SR-79,3,Highway estatal,Rural,Arteria Menor,State Highway Agency,0,Sin jurisdiccion especial,30,38.88178333,-90.72788611,Acotamiento,El primer evento no fue una colision con un vehiculo automotor en transporte,Not an Intersection,No fue interseccion,Sobre el lado de la calle,Ninguna,Oscuro sin iluminacion,lluvia,No,NO APLICA,4,20,4,28,1,30/10/2022,1
29,Missouri,290797,0,0,1,0,141,MORGAN (141),0,NO APLICA,10,Octubre,30,2022,15,28,SR-D,3,Highway estatal,Rural,Colector Mayor,State Highway Agency,0,Sin jurisdiccion especial,90,38.55158333,-92.88083333,Volcadura,El primer evento no fue una colision con un vehiculo automotor en transporte,Not an Intersection,No fue interseccion,Sobre el lado de la calle,Ninguna,Dia total,Neblina o Humo,No,NO APLICA,99,98,99,98,1,30/10/2022,1
29,Missouri,290798,0,0,2,0,47,CLAY (47),4120,KANSAS CITY,10,Octubre,31,2022,21,7,NE ENGLEWOOD DR,6,Calle Local Municipalidad,Urbano,Arteria Menor,City or Municipal Highway Agency,0,Sin jurisdiccion especial,0,39.19570833,-94.57865556,Vehiculo en movimiento,Frente a frente,Not an Intersection,No fue interseccion,Sobre calle,Ninguna,Oscuro con iluminacion,Despejado,No,NO APLICA,21,8,21,12,1,31/10/2022,3
29,Missouri,290799,0,0,2,0,145,NEWTON (145),0,NO APLICA,10,Octubre,31,2022,14,58,SR-AA,3,Highway estatal,Rural,Colector Mayor,State Highway Agency,0,Sin jurisdiccion especial,40,36.78894444,-94.42261111,Vehiculo en movimiento,Angulo,Four-Way Intersection,Interseccion de 4 direcciones,Sobre calle,Ninguna,Dia total,Despejado,No,NO APLICA,99,98,99,98,1,31/10/2022,3
29,Missouri,290800,0,0,2,0,225,WEBSTER (225),2260,DIGGINS,10,Octubre,31,2022,2,55,US-60,2,US Highway,Rural,Arterial Principal -Freeway o ExpressWay,State Highway Agency,1,Sin jurisdiccion especial,120,37.16502778,-92.87697222,Vehiculo en movimiento,Frente a Detrás,Not an Intersection,No fue interseccion,Sobre calle,Ninguna,Oscuro sin iluminacion,Neblina o Humo,No,NO APLICA,3,3,3,15,1,31/10/2022,2
29,Missouri,290801,0,0,1,0,229,WRIGHT (229),0,NO APLICA,11,Noviembre,1,2022,16,40,SR-95,3,Highway estatal,Rural,Colector Mayor,State Highway Agency,0,Sin jurisdiccion especial,130,37.32890278,-92.32451389,Acotamiento,El primer evento no fue una colision con un vehiculo automotor en transporte,Not an Intersection,No fue interseccion,Sobre el lado de la calle,Ninguna,Dia total,Despejado,No,NO APLICA,99,98,99,98,1,01/11/2022,1
29,Missouri,290802,0,0,4,0,510,ST. LOUIS (CITY) (510),7080,ST. LOUIS,11,Noviembre,1,2022,18,30,I-70,1,Interestatal,Urbano,Interestatal,State Highway Agency,1,Sin jurisdiccion especial,10,38.64705278,-90.19081389,Vehiculo en movimiento,Frente a Detrás,Not an Intersection,No fue interseccion,Sobre calle,Ninguna,Oscuro con iluminacion,Nublado,No,NO APLICA,18,57,19,10,1,01/11/2022,4
29,Missouri,290803,1,1,1,0,77,GREENE (77),7460,SPRINGFIELD,11,Noviembre,2,2022,18,54,SCENIC AVE,6,Calle Local Municipalidad,Urbano,Arteria Menor,City or Municipal Highway Agency,0,Sin jurisdiccion especial,10,37.20176111,-93.33085,Peaton,El primer evento no fue una colision con un vehiculo automotor en transporte,T-Intersection,Interseccion de T,Sobre calle,Ninguna,Oscuro con iluminacion,Despejado,No,NO APLICA,99,99,99,99,1,02/11/2022,1
29,Missouri,290804,0,0,1,0,59,DALLAS (59),0,NO APLICA,11,Noviembre,2,2022,17,45,SR-DD,3,Highway estatal,Rural,Colector Menor,State Highway Agency,0,Sin jurisdiccion especial,30,37.68661111,-93.05086111,Volcadura,El primer evento no fue una colision con un vehiculo automotor en transporte,Not an Intersection,No fue interseccion,Sobre el lado de la calle,Ninguna,Dia total,Despejado,No,NO APLICA,18,13,18,25,1,02/11/2022,1
29,Missouri,290805,0,0,2,0,183,ST. CHARLES (183),7100,ST. PETERS,11,Noviembre,3,2022,18,0,MEXICO RD,6,Calle Local Municipalidad,Urbano,Arteria Principal,City or Municipal Highway Agency,1,Sin jurisdiccion especial,90,38.79111111,-90.572,Vehiculo en movimiento,Angulo,Four-Way Intersection,Interseccion de 4 direcciones,Sobre calle,Ninguna,Dia total,Despejado,No,NO APLICA,18,0,18,4,1,03/11/2022,3
29,Missouri,290806,0,0,7,4,510,ST. LOUIS (CITY) (510),7080,ST. LOUIS,11,Noviembre,3,2022,14,4,GRAND BLVD,6,Calle Local Municipalidad,Urbano,Arteria Menor,City or Municipal Highway Agency,0,Sin jurisdiccion especial,70,38.57672778,-90.247475,Vehiculo en movimiento,Golpe Lateral - misma direccion,Not an Intersection,No fue interseccion,Sobre calle,Ninguna,Dia total,Despejado,No,NO APLICA,14,8,14,14,2,03/11/2022,8
29,Missouri,290807,0,0,1,0,95,JACKSON (95),3940,INDEPENDENCE,6,Junio,11,2022,15,9,I-70,1,Interestatal,Urbano,Interestatal,State Highway Agency,1,Sin jurisdiccion especial,136,39.04161111,-94.36032222,Alguien se cayo/avento del vehiculo,El primer evento no fue una colision con un vehiculo automotor en transporte,Not an Intersection,No fue interseccion,Sobre calle,Ninguna,Dia total,Despejado,No,NO APLICA,15,12,15,26,1,11/06/2022,1
29,Missouri,290808,0,0,1,0,99,JEFFERSON (99),335,ARNOLD,11,Noviembre,4,2022,11,37,I-55 RAMP,1,Interestatal,Urbano,Interestatal,State Highway Agency,1,Sin jurisdiccion especial,0,38.43911111,-90.38072222,Poste de Señal de trafico,El primer evento no fue una colision con un vehiculo automotor en transporte,Not an Intersection,No fue interseccion,En el medio,Ninguna,Dia total,Nublado,No,NO APLICA,11,38,11,46,1,04/11/2022,1
29,Missouri,290809,1,1,1,0,47,CLAY (47),7370,SMITHVILLE,11,Noviembre,4,2022,23,8,S JOLISA COURT,6,Calle Local Municipalidad,Rural,No reportado,City or Municipal Highway Agency,0,Sin jurisdiccion especial,0,39.38183333,-94.56986111,Peaton,El primer evento no fue una colision con un vehiculo automotor en transporte,Not an Intersection,No fue interseccion,Sobre calle,Ninguna,Oscuro sin iluminacion,lluvia,No,NO APLICA,23,11,23,18,1,04/11/2022,1
29,Missouri,290810,0,0,1,0,95,JACKSON (95),4120,KANSAS CITY,11,Noviembre,4,2022,20,21,WYOMING ST,6,Calle Local Municipalidad,Urbano,Local,City or Municipal Highway Agency,0,Sin jurisdiccion especial,0,39.09221944,-94.60291667,Arbol,El primer evento no fue una colision con un vehiculo automotor en transporte,Not an Intersection,No fue interseccion,Sobre el lado de la calle,Ninguna,Oscuro con iluminacion,lluvia,No,NO APLICA,22,45,22,56,1,04/11/2022,1
29,Missouri,290811,0,0,2,0,19,BOONE (19),1800,COLUMBIA,9,Septiembre,9,2022,12,4,I-70,1,Interestatal,Urbano,Interestatal,State Highway Agency,1,Sin jurisdiccion especial,130,38.97031111,-92.39176111,Vehiculo en movimiento,Frente a Detrás,Not an Intersection,No fue interseccion,Sobre calle,Ninguna,Dia total,Despejado,No,NO APLICA,12,4,12,18,1,09/09/2022,3
29,Missouri,290812,0,0,3,0,29,CAMDEN (29),0,NO APLICA,10,Octubre,7,2022,18,8,SR-5,3,Highway estatal,Rural,Arteria Principal,State Highway Agency,1,Sin jurisdiccion especial,250,37.912,-92.70419444,Vehiculo en movimiento,Angulo,Not an Intersection,No fue interseccion,Sobre calle,Ninguna,Dia total,Nublado,No,NO APLICA,99,99,99,99,2,07/10/2022,6
29,Missouri,290813,0,0,2,0,189,ST LOUIS (189),0,NO APLICA,10,Octubre,13,2022,12,18,SR-AC,3,Highway estatal,Urbano,Arteria Principal,State Highway Agency,1,Sin jurisdiccion especial,50,38.74157222,-90.25188333,Vehiculo en movimiento,Angulo,Not an Intersection,No fue interseccion,Sobre calle,Ninguna,Dia total,Despejado,No,NO APLICA,12,21,12,28,1,13/10/2022,4
29,Missouri,290814,0,0,6,0,189,ST LOUIS (189),2700,FERGUSON,10,Octubre,27,2022,18,0,CR-WEST FLORISSANT AVE,4,Calle del Condado,Urbano,Arteria Principal,County Highway Agency,1,Sin jurisdiccion especial,40,38.72885278,-90.2778,Vehiculo en movimiento,Angulo,Four-Way Intersection,Interseccion de 4 direcciones,Sobre calle,Ninguna,Dia total,Despejado,No,NO APLICA,18,1,18,13,1,27/10/2022,6
29,Missouri,290816,0,0,3,0,65,DENT (65),0,NO APLICA,11,Noviembre,5,2022,12,25,SR-19,3,Highway estatal,Rural,Arteria Menor,State Highway Agency,0,Sin jurisdiccion especial,130,37.67969444,-91.51057222,Vehiculo en movimiento,Frente a Detrás,Not an Intersection,No fue interseccion,Sobre calle,Ninguna,Dia total,Nublado,No,NO APLICA,12,29,12,36,1,05/11/2022,5
29,Missouri,290817,1,1,1,0,99,JEFFERSON (99),0,NO APLICA,11,Noviembre,5,2022,22,24,SR-30,3,Highway estatal,Urbano,Arteria Principal,State Highway Agency,1,Sin jurisdiccion especial,160,38.35022222,-90.64947222,Peaton,El primer evento no fue una colision con un vehiculo automotor en transporte,Four-Way Intersection,Interseccion de 4 direcciones,Sobre calle,Ninguna,Oscuro sin iluminacion,Despejado,No,NO APLICA,22,24,22,29,1,05/11/2022,2
29,Missouri,290818,0,0,2,0,510,ST. LOUIS (CITY) (510),7080,ST. LOUIS,11,Noviembre,5,2022,21,45,KINGSHIGHWAY,6,Calle Local Municipalidad,Urbano,Arteria Principal,City or Municipal Highway Agency,1,Sin jurisdiccion especial,80,38.6807,-90.24859167,Vehiculo en movimiento,Angulo,Four-Way Intersection,Interseccion de 4 direcciones,Sobre calle,Ninguna,Oscuro con iluminacion,Despejado,No,NO APLICA,99,99,99,99,2,05/11/2022,4