Estado,Nombre de Estado,Numero de Caso,Peatones,Personas _no_vehiculos,Vehiculos automotores,Vehiculos estacionados,Condado,Nombre Condado,Ciudad,Nombre Ciudad,Mes,Nombre Mes,Dia,Año,Hora,Minuto,Calle,Ruta,Nombre Ruta,Rural o Urbanoo,Sistema Funcional,Dueño Calle,Sistema Nacional Carreteras,Jurisdiccion Especial,Milla,Latitud,Longitud,Causa del Accidente,Tipo de Accidente,Tipo Interseccion,Columna1,Lugar en la calle,Zona de Trabajo,Luz,Clima,Autobus Escolar,Cruce de Trenes,Hora Notificacion,Minuto Notificacion,Hora Llegada,Minuto Llegada,Decesos,Fecha,PersonaVehiculo
29,Missouri,290819,0,0,3,0,161,PHELPS (161),0,NO APLICA,11,Noviembre,5,2022,14,38,US-63,2,US Highway,Rural,Arteria Principal,State Highway Agency,1,Sin jurisdiccion especial,110,37.90691667,-91.77469444,Vehiculo en movimiento,Angulo,Not an Intersection,No fue interseccion,Sobre calle,Ninguna,Dia total,Nublado,No,NO APLICA,99,99,99,99,1,05/11/2022,5
29,Missouri,290820,0,0,2,0,95,JACKSON (95),4120,KANSAS CITY,11,Noviembre,5,2022,3,18,I-470,1,Interestatal,Urbano,Interestatal,State Highway Agency,1,Sin jurisdiccion especial,150,38.93888611,-94.50733611,Vehiculo en movimiento,Frente a frente,Not an Intersection,No fue interseccion,Sobre calle,Ninguna,Oscuro sin iluminacion,Neblina o Humo,No,NO APLICA,99,99,99,99,1,05/11/2022,2
29,Missouri,290821,0,0,2,0,161,PHELPS (161),7050,ST. JAMES,11,Noviembre,6,2022,15,46,I-44,1,Interestatal,Rural,Interestatal,State Highway Agency,1,Sin jurisdiccion especial,280,38.01230556,-91.59547222,Vehiculo en movimiento,Frente a Detrás,Not an Intersection,No fue interseccion,Sobre calle,Ninguna,Dia total,Despejado,No,NO APLICA,99,98,99,98,1,06/11/2022,2
29,Missouri,290822,0,0,2,0,145,NEWTON (145),0,NO APLICA,9,Septiembre,19,2022,21,25,US-60,2,US Highway,Rural,Arteria Principal,State Highway Agency,1,Sin jurisdiccion especial,160,36.85563889,-94.33877778,Vehiculo en movimiento,Angulo,Not an Intersection,No fue interseccion,En el medio,Ninguna,Oscuro sin iluminacion,Despejado,No,NO APLICA,21,36,21,47,1,19/09/2022,3
29,Missouri,290823,0,0,1,0,189,ST LOUIS (189),1050,BRIDGETON,10,Octubre,30,2022,10,10,I-270,1,Interestatal,Urbano,Interestatal,State Highway Agency,1,Sin jurisdiccion especial,210,38.75377778,-90.43811111,Poste de Señal de trafico,El primer evento no fue una colision con un vehiculo automotor en transporte,Not an Intersection,No fue interseccion,Sobre el lado de la calle,Ninguna,Dia total,lluvia,No,NO APLICA,10,10,10,17,1,30/10/2022,3
29,Missouri,290824,0,0,2,0,41,CHARITON (41),0,NO APLICA,11,Noviembre,6,2022,17,29,US-24,2,US Highway,Rural,Arteria Principal,State Highway Agency,1,Sin jurisdiccion especial,250,39.43763889,-92.73383333,Vehiculo en movimiento,Frente a frente,Not an Intersection,No fue interseccion,Sobre calle,Ninguna,Oscuro sin iluminacion,Despejado,No,NO APLICA,17,31,17,48,2,06/11/2022,3
29,Missouri,290825,0,0,2,0,189,ST LOUIS (189),0,NO APLICA,11,Noviembre,6,2022,15,35,CR-REAVIS BARRACKS RD,4,Calle del Condado,Urbano,Arteria Menor,County Highway Agency,0,Sin jurisdiccion especial,20,38.51695556,-90.294925,Vehiculo en movimiento,Angulo,T-Intersection,Interseccion de T,Sobre calle,Ninguna,Dia total,Despejado,No,NO APLICA,15,39,15,45,1,06/11/2022,2
29,Missouri,290826,0,0,1,0,59,DALLAS (59),0,NO APLICA,11,Noviembre,6,2022,16,5,SR-64,3,Highway estatal,Rural,Colector Mayor,State Highway Agency,0,Sin jurisdiccion especial,130,37.7475,-92.96197222,Volcadura,El primer evento no fue una colision con un vehiculo automotor en transporte,T-Intersection,Interseccion de T,Sobre calle,Ninguna,Dia total,Despejado,No,NO APLICA,16,12,16,32,1,06/11/2022,1
29,Missouri,290827,0,0,1,0,213,TANEY (213),0,NO APLICA,11,Noviembre,6,2022,9,41,SR-H,3,Highway estatal,Rural,Colector Mayor,State Highway Agency,0,Sin jurisdiccion especial,70,36.733,-93.12544444,Suelo,El primer evento no fue una colision con un vehiculo automotor en transporte,Not an Intersection,No fue interseccion,Sobre el lado de la calle,Ninguna,Dia total,Despejado,No,NO APLICA,9,41,9,51,1,06/11/2022,1
29,Missouri,290828,0,0,4,0,143,NEW MADRID (143),5050,MATTHEWS,11,Noviembre,7,2022,10,25,US-61,2,US Highway,Rural,Colector Mayor,State Highway Agency,0,Sin jurisdiccion especial,80,36.75902778,-89.56597222,Vehiculo en movimiento,Angulo,Four-Way Intersection,Interseccion de 4 direcciones,Sobre calle,Ninguna,Dia total,Despejado,No,NO APLICA,10,32,10,36,1,07/11/2022,7
29,Missouri,290829,0,0,2,0,99,JEFFERSON (99),0,NO APLICA,11,Noviembre,7,2022,10,4,CR-NEW SUGAR CREEK RD,4,Calle del Condado,Urbano,Arteria Menor,County Highway Agency,0,Sin jurisdiccion especial,0,38.50002778,-90.49272222,Vehiculo en movimiento,Frente a Detrás,T-Intersection,Interseccion de T,Sobre calle,Ninguna,Dia total,Despejado,No,NO APLICA,10,4,10,10,1,07/11/2022,3
29,Missouri,290830,0,0,1,0,77,GREENE (77),0,NO APLICA,11,Noviembre,7,2022,15,0,SR-H,3,Highway estatal,Rural,Colector Mayor,State Highway Agency,0,Sin jurisdiccion especial,10,37.40466667,-93.27375,Zanja,El primer evento no fue una colision con un vehiculo automotor en transporte,Not an Intersection,No fue interseccion,Sobre el lado de la calle,Ninguna,Dia total,Despejado,No,NO APLICA,15,4,15,15,1,07/11/2022,1
29,Missouri,290831,1,1,1,0,510,ST. LOUIS (CITY) (510),7080,ST. LOUIS,11,Noviembre,7,2022,20,30,HAMILTON AVE,6,Calle Local Municipalidad,Urbano,No reportado,City or Municipal Highway Agency,0,Sin jurisdiccion especial,0,38.68676389,-90.27271944,Peaton,El primer evento no fue una colision con un vehiculo automotor en transporte,Not an Intersection,No fue interseccion,Sobre calle,Ninguna,Oscuro con iluminacion,Despejado,No,NO APLICA,20,37,20,46,1,07/11/2022,1
29,Missouri,290832,0,0,5,0,183,ST. CHARLES (183),4328,LAKE SAINT LOUIS,11,Noviembre,8,2022,18,30,I-64,1,Interestatal,Urbano,Interestatal,State Highway Agency,1,Sin jurisdiccion especial,80,38.75740278,-90.761325,Barrera de Cable,El primer evento no fue una colision con un vehiculo automotor en transporte,Not an Intersection,No fue interseccion,En el medio,Ninguna,Oscuro sin iluminacion,Despejado,No,NO APLICA,18,40,18,49,1,08/11/2022,6
29,Missouri,290833,0,0,1,0,117,LIVINGSTON (117),0,NO APLICA,11,Noviembre,8,2022,10,35,US-36,2,US Highway,Rural,Arterial Principal -Freeway o ExpressWay,State Highway Agency,1,Sin jurisdiccion especial,30,39.77697222,-93.42330556,Fin de valla,El primer evento no fue una colision con un vehiculo automotor en transporte,Not an Intersection,No fue interseccion,Sobre el lado de la calle,Ninguna,Dia total,Despejado,No,NO APLICA,10,38,10,46,1,08/11/2022,1
29,Missouri,290834,0,0,2,0,95,JACKSON (95),3940,INDEPENDENCE,11,Noviembre,9,2022,13,37,39TH ST,6,Calle Local Municipalidad,Urbano,Arteria Menor,City or Municipal Highway Agency,0,Sin jurisdiccion especial,50,39.04784444,-94.35421389,Vehiculo en movimiento,Angulo,Four-Way Intersection,Interseccion de 4 direcciones,Sobre calle,Ninguna,Dia total,Nublado,No,NO APLICA,13,38,13,40,1,09/11/2022,2
29,Missouri,290835,0,0,1,0,101,JOHNSON (101),0,NO APLICA,11,Noviembre,10,2022,18,31,SR-E,3,Highway estatal,Rural,Colector Mayor,State Highway Agency,0,Sin jurisdiccion especial,110,38.86983333,-93.54827778,Arbol,El primer evento no fue una colision con un vehiculo automotor en transporte,Not an Intersection,No fue interseccion,Sobre el lado de la calle,Ninguna,Oscuro sin iluminacion,lluvia,No,NO APLICA,99,98,99,98,1,10/11/2022,1
29,Missouri,290836,0,0,3,0,99,JEFFERSON (99),335,ARNOLD,11,Noviembre,11,2022,14,48,WEST OUTER RD,6,Calle Local Municipalidad,Urbano,Colector Mayor,City or Municipal Highway Agency,0,Sin jurisdiccion especial,10,38.41012222,-90.38936944,Vehiculo en movimiento,Frente a frente,T-Intersection,Interseccion de T,Sobre calle,Ninguna,Dia total,Despejado,No,NO APLICA,14,44,14,52,1,11/11/2022,4
29,Missouri,290837,0,0,1,0,167,POLK (167),0,NO APLICA,11,Noviembre,13,2022,14,30,CR-330TH RD,4,Calle del Condado,Rural,No reportado,County Highway Agency,0,Sin jurisdiccion especial,30,37.78275,-93.51619444,Suelo,El primer evento no fue una colision con un vehiculo automotor en transporte,Not an Intersection,No fue interseccion,Sobre el lado de la calle,Ninguna,Dia total,Despejado,No,NO APLICA,14,41,14,59,1,13/11/2022,4
29,Missouri,290838,0,0,2,0,95,JACKSON (95),3940,INDEPENDENCE,10,Octubre,28,2022,13,8,US-24,2,US Highway,Urbano,Arteria Principal,State Highway Agency,1,Sin jurisdiccion especial,160,39.10121667,-94.41215833,Vehiculo en movimiento,Angulo,Not an Intersection,No fue interseccion,Sobre calle,Ninguna,Dia total,Despejado,No,NO APLICA,99,98,99,98,1,28/10/2022,2
29,Missouri,290839,0,0,2,0,189,ST LOUIS (189),4311,LADUE,10,Octubre,29,2022,21,50,I-270,1,Interestatal,Urbano,Interestatal,State Highway Agency,1,Sin jurisdiccion especial,20,38.65233333,-90.35322222,Volcadura,El primer evento no fue una colision con un vehiculo automotor en transporte,Not an Intersection,No fue interseccion,Sobre calle,Ninguna,Oscuro con iluminacion,Despejado,No,NO APLICA,21,56,22,4,1,29/10/2022,1
29,Missouri,290840,0,0,1,0,119,MCDONALD (119),0,NO APLICA,11,Noviembre,7,2022,16,0,SR-C,3,Highway estatal,Rural,Colector Mayor,State Highway Agency,0,Sin jurisdiccion especial,60,36.72888889,-94.32233333,Volcadura,El primer evento no fue una colision con un vehiculo automotor en transporte,Not an Intersection,No fue interseccion,Sobre el lado de la calle,Ninguna,Dia total,Nublado,No,NO APLICA,16,6,16,22,1,07/11/2022,1
29,Missouri,290841,0,0,3,0,165,PLATTE (165),6080,PARKVILLE,11,Noviembre,14,2022,18,35,I-435,1,Interestatal,Urbano,Interestatal,State Highway Agency,1,Sin jurisdiccion especial,160,39.24486111,-94.75547222,Vehiculo en movimiento,Golpe Lateral - misma direccion,Not an Intersection,No fue interseccion,Sobre calle,Ninguna,Oscuro sin iluminacion,lluvia,No,NO APLICA,18,42,18,56,1,14/11/2022,3
29,Missouri,290842,0,0,1,0,9,BARRY (9),0,NO APLICA,11,Noviembre,14,2022,5,48,CR-2020,4,Calle del Condado,Rural,No reportado,County Highway Agency,0,Sin jurisdiccion especial,20,36.89425,-93.67852778,Acotamiento,El primer evento no fue una colision con un vehiculo automotor en transporte,T-Intersection,Interseccion de T,Sobre el lado de la calle,Ninguna,Oscuro sin iluminacion,No reportado,No,NO APLICA,5,50,6,6,1,14/11/2022,1
29,Missouri,290843,0,0,2,0,19,BOONE (19),0,NO APLICA,11,Noviembre,14,2022,13,20,US-63,2,US Highway,Rural,Arterial Principal -Freeway o ExpressWay,State Highway Agency,1,Sin jurisdiccion especial,400,39.19647778,-92.32890278,Vehiculo en movimiento,Frente a Detrás,Not an Intersection,No fue interseccion,Sobre calle,Ninguna,Dia total,Nublado,No,NO APLICA,13,30,13,45,2,14/11/2022,2
29,Missouri,290844,0,0,2,0,147,NODAWAY (147),0,NO APLICA,11,Noviembre,14,2022,20,0,US-71,2,US Highway,Rural,Arteria Principal,State Highway Agency,1,Sin jurisdiccion especial,150,40.39680556,-94.96769444,Vehiculo en movimiento,Frente a frente,Not an Intersection,No fue interseccion,Sobre calle,Ninguna,Oscuro con iluminacion,Nieve,No,NO APLICA,20,5,20,18,1,14/11/2022,2
29,Missouri,290845,0,0,2,0,95,JACKSON (95),0,NO APLICA,11,Noviembre,15,2022,6,40,SR-150,3,Highway estatal,Rural,Colector Mayor,State Highway Agency,0,Sin jurisdiccion especial,190,38.85541667,-94.28394444,Vehiculo en movimiento,Frente a frente,Not an Intersection,No fue interseccion,Sobre calle,Ninguna,Dia total,Nieve,No,NO APLICA,6,38,6,46,1,15/11/2022,2
29,Missouri,290846,0,1,2,1,183,ST. CHARLES (183),8280,WENTZVILLE,11,Noviembre,15,2022,6,23,I-70,1,Interestatal,Urbano,Interestatal,State Highway Agency,1,Sin jurisdiccion especial,200,38.80647222,-90.83808333,Vehiculo Aparcado,El primer evento no fue una colision con un vehiculo automotor en transporte,Not an Intersection,No fue interseccion,Sobre Acotamiento,Ninguna,Oscuro con iluminacion,Nieve,No,NO APLICA,6,26,6,34,1,15/11/2022,1
29,Missouri,290847,0,0,1,0,145,NEWTON (145),4100,JOPLIN,11,Noviembre,15,2022,9,20,I-44,1,Interestatal,Urbano,Interestatal,State Highway Agency,1,Sin jurisdiccion especial,10,37.04698333,-94.47238056,Volcadura,El primer evento no fue una colision con un vehiculo automotor en transporte,Not an Intersection,No fue interseccion,Sobre el lado de la calle,Ninguna,Dia total,Nublado,No,NO APLICA,9,23,9,25,1,15/11/2022,1
29,Missouri,290848,0,0,1,0,21,BUCHANAN (21),0,NO APLICA,11,Noviembre,16,2022,15,44,US-169,2,US Highway,Rural,Arteria Menor,State Highway Agency,0,Sin jurisdiccion especial,180,39.64802778,-94.62472222,Poste,El primer evento no fue una colision con un vehiculo automotor en transporte,Not an Intersection,No fue interseccion,Sobre el lado de la calle,Ninguna,Dia total,Nublado,No,NO APLICA,15,53,16,6,1,16/11/2022,2
29,Missouri,290849,0,0,2,0,99,JEFFERSON (99),0,NO APLICA,11,Noviembre,17,2022,11,50,US-61,2,US Highway,Urbano,Colector Mayor,State Highway Agency,0,Sin jurisdiccion especial,210,38.18833333,-90.396,Vehiculo en movimiento,Angulo,T-Intersection,Interseccion de T,Sobre calle,Ninguna,Dia total,Despejado,No,NO APLICA,11,54,11,58,1,17/11/2022,2
29,Missouri,290850,0,0,1,0,99,JEFFERSON (99),0,NO APLICA,11,Noviembre,17,2022,15,21,CR-JARVIS RD,4,Calle del Condado,Urbano,Colector Menor,County Highway Agency,0,Sin jurisdiccion especial,20,38.26669444,-90.47488889,Arbol,El primer evento no fue una colision con un vehiculo automotor en transporte,Not an Intersection,No fue interseccion,Sobre el lado de la calle,Ninguna,Dia total,Nublado,No,NO APLICA,15,24,15,35,1,17/11/2022,2
29,Missouri,290851,0,0,2,0,63,DEKALB (63),0,NO APLICA,11,Noviembre,18,2022,17,35,SR-6,3,Highway estatal,Rural,Arteria Menor,State Highway Agency,0,Sin jurisdiccion especial,170,39.88968889,-94.43425556,Vehiculo en movimiento,Angulo,Four-Way Intersection,Interseccion de 4 direcciones,Sobre calle,Ninguna,Oscuro sin iluminacion,Despejado,No,NO APLICA,17,46,18,4,2,18/11/2022,3
29,Missouri,290852,0,0,1,0,77,GREENE (77),7460,SPRINGFIELD,11,Noviembre,19,2022,10,29,DIVISION ST,6,Calle Local Municipalidad,Urbano,Arteria Menor,City or Municipal Highway Agency,0,Sin jurisdiccion especial,60,37.22536389,-93.25692222,Poste,El primer evento no fue una colision con un vehiculo automotor en transporte,Not an Intersection,No fue interseccion,Sobre el lado de la calle,Ninguna,Dia total,Despejado,No,NO APLICA,10,31,10,34,1,19/11/2022,1
29,Missouri,290853,0,0,2,0,119,MCDONALD (119),0,NO APLICA,11,Noviembre,20,2022,14,59,SR-E,3,Highway estatal,Rural,Colector Mayor,State Highway Agency,0,Sin jurisdiccion especial,130,36.52194444,-94.17927778,Vehiculo en movimiento,Frente a frente,Not an Intersection,No fue interseccion,Sobre calle,Ninguna,Dia total,Despejado,No,NO APLICA,15,1,15,25,1,20/11/2022,3
29,Missouri,290854,0,0,1,0,99,JEFFERSON (99),0,NO APLICA,11,Noviembre,20,2022,14,10,SR-110,3,Highway estatal,Rural,Arteria Principal,State Highway Agency,0,Sin jurisdiccion especial,40,38.13944167,-90.50988333,Arbol,El primer evento no fue una colision con un vehiculo automotor en transporte,Not an Intersection,No fue interseccion,Sobre el lado de la calle,Ninguna,Dia total,Despejado,No,NO APLICA,14,9,14,18,1,20/11/2022,1
29,Missouri,290855,1,1,1,0,510,ST. LOUIS (CITY) (510),7080,ST. LOUIS,11,Noviembre,20,2022,1,36,I-70,1,Interestatal,Urbano,Interestatal,State Highway Agency,1,Sin jurisdiccion especial,30,38.68364722,-90.21860278,Peaton,El primer evento no fue una colision con un vehiculo automotor en transporte,Not an Intersection,No fue interseccion,Sobre calle,Ninguna,Oscuro con iluminacion,Nublado,No,NO APLICA,99,98,99,98,1,20/11/2022,1
29,Missouri,290856,0,0,2,0,91,HOWELL (91),0,NO APLICA,11,Noviembre,21,2022,14,20,SR-CC,3,Highway estatal,Rural,Colector Mayor,Town or Township Highway Agency,0,Sin jurisdiccion especial,50,36.74658333,-92.02255556,Vehiculo en movimiento,Frente a frente,Not an Intersection,No fue interseccion,Sobre el lado de la calle,Ninguna,Dia total,Despejado,No,NO APLICA,14,32,14,43,1,21/11/2022,2
29,Missouri,290857,0,0,2,0,189,ST LOUIS (189),1575,CHESTERFIELD,11,Noviembre,21,2022,13,7,CR-CLAYTON RD,4,Calle del Condado,Urbano,Arteria Menor,County Highway Agency,0,Sin jurisdiccion especial,70,38.62199722,-90.52329722,Vehiculo en movimiento,Angulo,Four-Way Intersection,Interseccion de 4 direcciones,Sobre calle,Ninguna,Dia total,Despejado,No,NO APLICA,99,99,99,99,1,21/11/2022,3
29,Missouri,290858,0,0,3,0,127,MARION (127),3470,HANNIBAL,11,Noviembre,21,2022,15,12,WEST ELY RD,6,Calle Local Municipalidad,Urbano,Arteria Menor,City or Municipal Highway Agency,0,Sin jurisdiccion especial,10,39.71325833,-91.39510278,Volcadura,El primer evento no fue una colision con un vehiculo automotor en transporte,Not an Intersection,No fue interseccion,Sobre calle,Ninguna,Dia total,Despejado,No,NO APLICA,15,13,15,21,1,21/11/2022,4
29,Missouri,290859,1,1,1,0,510,ST. LOUIS (CITY) (510),7080,ST. LOUIS,11,Noviembre,22,2022,22,50,14TH ST,6,Calle Local Municipalidad,Urbano,Arteria Menor,City or Municipal Highway Agency,0,Sin jurisdiccion especial,10,38.62348333,-90.20288889,Peaton,El primer evento no fue una colision con un vehiculo automotor en transporte,Not an Intersection,No fue interseccion,Sobre calle,Ninguna,Oscuro con iluminacion,Despejado,No,NO APLICA,99,99,99,99,1,22/11/2022,1
29,Missouri,290860,0,0,1,0,37,CASS (37),6160,PECULIAR,11,Noviembre,22,2022,18,49,CR-211TH ST,4,Calle del Condado,Urbano,Colector Mayor,County Highway Agency,0,Sin jurisdiccion especial,10,38.73963889,-94.44152778,Volcadura,El primer evento no fue una colision con un vehiculo automotor en transporte,T-Intersection,Interseccion de T,Sobre calle,Ninguna,Oscuro sin iluminacion,Despejado,No,NO APLICA,18,54,19,1,1,22/11/2022,1
29,Missouri,290861,0,0,2,0,510,ST. LOUIS (CITY) (510),7080,ST. LOUIS,11,Noviembre,22,2022,22,6,MERAMEC ST,6,Calle Local Municipalidad,Urbano,Colector Mayor,City or Municipal Highway Agency,0,Sin jurisdiccion especial,0,38.588075,-90.25798889,Vehiculo en movimiento,Frente a Detrás,Not an Intersection,No fue interseccion,Sobre calle,Ninguna,Oscuro con iluminacion,Despejado,No,NO APLICA,99,99,99,99,2,22/11/2022,3
29,Missouri,290862,0,0,2,0,201,SCOTT (201),0,NO APLICA,11,Noviembre,22,2022,5,10,I-55,1,Interestatal,Rural,Interestatal,State Highway Agency,1,Sin jurisdiccion especial,160,37.014,-89.53522222,Vehiculo en movimiento,Frente a Detrás,Not an Intersection,No fue interseccion,Sobre calle,Ninguna,Oscuro sin iluminacion,No reportado,No,NO APLICA,99,99,99,99,1,22/11/2022,2
29,Missouri,290863,0,0,3,0,147,NODAWAY (147),0,NO APLICA,11,Noviembre,22,2022,15,2,SR-148,3,Highway estatal,Rural,Arteria Menor,State Highway Agency,0,Sin jurisdiccion especial,120,40.54269167,-94.82596944,Vehiculo en movimiento,Frente a Detrás,Not an Intersection,No fue interseccion,Sobre calle,Ninguna,Dia total,Despejado,No,NO APLICA,15,5,15,21,1,22/11/2022,5
29,Missouri,290864,0,0,2,0,119,MCDONALD (119),0,NO APLICA,11,Noviembre,22,2022,16,38,SR-NN,3,Highway estatal,Rural,Colector Menor,State Highway Agency,0,Sin jurisdiccion especial,10,36.68047778,-94.41865,Vehiculo en movimiento,Frente a frente,Not an Intersection,No fue interseccion,Sobre calle,Ninguna,Dia total,Despejado,No,NO APLICA,16,40,16,45,1,22/11/2022,2
29,Missouri,290865,1,1,2,0,157,PERRY (157),6210,PERRYVILLE,11,Noviembre,23,2022,21,52,I-55,1,Interestatal,Urbano,Interestatal,State Highway Agency,1,Sin jurisdiccion especial,120,37.72177778,-89.9,Vehiculo en movimiento,Golpe Lateral - misma direccion,Not an Intersection,No fue interseccion,Sobre calle,Ninguna,Oscuro sin iluminacion,Despejado,No,NO APLICA,21,56,22,12,1,23/11/2022,1
29,Missouri,290866,0,0,3,0,95,JACKSON (95),3382,KANSAS CITY,11,Noviembre,23,2022,16,4,US-71,2,US Highway,Urbano,Arterial Principal -Freeway o ExpressWay,State Highway Agency,1,Sin jurisdiccion especial,80,38.96029444,-94.54161944,Vehiculo en movimiento,Golpe Lateral - misma direccion,Not an Intersection,No fue interseccion,Sobre calle,Ninguna,Dia total,Nublado,No,NO APLICA,16,5,16,13,1,23/11/2022,4
29,Missouri,290867,0,0,4,0,77,GREENE (77),0,NO APLICA,11,Noviembre,24,2022,21,50,I-44,1,Interestatal,Rural,Interestatal,State Highway Agency,1,Sin jurisdiccion especial,120,37.20597222,-93.39702778,Vehiculo en movimiento,Frente a Detrás,Not an Intersection,No fue interseccion,Sobre calle,Ninguna,Oscuro sin iluminacion,Neblina o Humo,No,NO APLICA,21,59,22,11,4,24/11/2022,14
29,Missouri,290868,0,0,1,0,1,ADAIR (1),0,NO APLICA,11,Noviembre,24,2022,5,39,US-63,2,US Highway,Urbano,Arteria Principal,State Highway Agency,1,Sin jurisdiccion especial,70,40.25066667,-92.58255556,Acotamiento,El primer evento no fue una colision con un vehiculo automotor en transporte,Not an Intersection,No fue interseccion,Sobre el lado de la calle,Ninguna,Oscuro sin iluminacion,Nublado,No,NO APLICA,5,42,5,50,1,24/11/2022,1
29,Missouri,290869,1,1,1,0,159,PETTIS (159),0,NO APLICA,11,Noviembre,26,2022,21,30,US-65,2,US Highway,Urbano,Arteria Principal,State Highway Agency,1,Sin jurisdiccion especial,190,38.66913889,-93.25191667,Peaton,El primer evento no fue una colision con un vehiculo automotor en transporte,Not an Intersection,No fue interseccion,Sobre calle,Ninguna,Oscuro sin iluminacion,lluvia,No,NO APLICA,21,35,21,54,1,26/11/2022,3
29,Missouri,290870,0,0,2,0,101,JOHNSON (101),0,NO APLICA,11,Noviembre,26,2022,10,36,SR-13,3,Highway estatal,Rural,Arteria Principal,State Highway Agency,1,Sin jurisdiccion especial,60,38.84744444,-93.7405,Vehiculo en movimiento,Angulo,Not an Intersection,No fue interseccion,Sobre calle,Ninguna,Dia total,Nublado,No,NO APLICA,10,38,10,48,1,26/11/2022,2
29,Missouri,290871,1,1,1,0,95,JACKSON (95),3940,INDEPENDENCE,11,Noviembre,26,2022,19,32,US-40,2,US Highway,Urbano,Arteria Principal,State Highway Agency,1,Sin jurisdiccion especial,130,39.03583611,-94.42126667,Peaton,El primer evento no fue una colision con un vehiculo automotor en transporte,Not an Intersection,No fue interseccion,Sobre calle,Ninguna,Oscuro sin iluminacion,lluvia,No,NO APLICA,19,33,19,42,1,26/11/2022,1
29,Missouri,290872,0,0,2,0,97,JASPER (97),7170,SARCOXIE,11,Noviembre,29,2022,15,46,SR-37,3,Highway estatal,Rural,Arteria Menor,State Highway Agency,0,Sin jurisdiccion especial,220,37.07252778,-94.16738889,Vehiculo en movimiento,Angulo,Four-Way Intersection,Interseccion de 4 direcciones,Sobre calle,Ninguna,Dia total,Despejado,No,NO APLICA,16,12,16,24,1,29/11/2022,3
29,Missouri,290873,0,0,2,0,189,ST LOUIS (189),0,NO APLICA,11,Noviembre,2,2022,15,56,SR-AC,3,Highway estatal,Urbano,Arteria Principal,State Highway Agency,1,Sin jurisdiccion especial,50,38.7377,-90.24971667,Vehiculo en movimiento,Angulo,Not an Intersection,No fue interseccion,Sobre calle,Ninguna,Dia total,Despejado,No,NO APLICA,15,56,16,6,1,02/11/2022,3
29,Missouri,290874,1,1,1,0,189,ST LOUIS (189),0,NO APLICA,11,Noviembre,29,2022,18,17,CHAMBERS RD,6,Calle Local Municipalidad,Urbano,Arteria Principal,City or Municipal Highway Agency,1,Sin jurisdiccion especial,20,38.749325,-90.26284167,Peaton,El primer evento no fue una colision con un vehiculo automotor en transporte,Four-Way Intersection,Interseccion de 4 direcciones,Sobre calle,Ninguna,Oscuro con iluminacion,Despejado,No,NO APLICA,99,99,99,99,1,29/11/2022,3
29,Missouri,290875,1,1,2,0,31,CAPE GIRARDEAU (31),1390,CAPE GIRARDEAU,11,Noviembre,29,2022,17,30,SR-74,3,Highway estatal,Urbano,Arteria Principal,State Highway Agency,1,Sin jurisdiccion especial,100,37.29515556,-89.52836944,Peaton,El primer evento no fue una colision con un vehiculo automotor en transporte,Four-Way Intersection,Interseccion de 4 direcciones,Sobre calle,Ninguna,Oscuro con iluminacion,Nublado,No,NO APLICA,99,98,99,98,1,29/11/2022,4
29,Missouri,290876,1,1,1,0,95,JACKSON (95),4120,KANSAS CITY,11,Noviembre,30,2022,6,50,I-435,1,Interestatal,Urbano,Interestatal,State Highway Agency,1,Sin jurisdiccion especial,140,38.95718611,-94.52701944,Peaton,El primer evento no fue una colision con un vehiculo automotor en transporte,Not an Intersection,No fue interseccion,Sobre calle,Ninguna,Dia total,Despejado,No,NO APLICA,6,50,7,6,1,30/11/2022,1
29,Missouri,290877,1,1,2,0,77,GREENE (77),7460,SPRINGFIELD,11,Noviembre,30,2022,21,22,CAMBELL AVE,6,Calle Local Municipalidad,Urbano,Arteria Principal,City or Municipal Highway Agency,1,Sin jurisdiccion especial,20,37.11639444,-93.29654444,Peaton,El primer evento no fue una colision con un vehiculo automotor en transporte,Four-Way Intersection,Interseccion de 4 direcciones,Sobre calle,Ninguna,Oscuro con iluminacion,Nublado,No,NO APLICA,99,98,99,98,1,30/11/2022,3
29,Missouri,290878,0,0,2,0,155,PEMISCOT (155),0,NO APLICA,11,Noviembre,30,2022,17,49,US-61,2,US Highway,Rural,Colector Mayor,State Highway Agency,0,Sin jurisdiccion especial,330,36.00061111,-89.89597222,Vehiculo en movimiento,Frente a frente,Not an Intersection,No fue interseccion,Sobre calle,Ninguna,Oscuro sin iluminacion,Despejado,No,NO APLICA,99,99,99,99,1,30/11/2022,2
29,Missouri,290879,0,0,3,0,29,CAMDEN (29),0,NO APLICA,12,Diciembre,2,2022,19,23,SR-5,3,Highway estatal,Rural,Arteria Principal,State Highway Agency,1,Sin jurisdiccion especial,110,38.08441667,-92.804,Vehiculo en movimiento,Frente a Detrás,Not an Intersection,No fue interseccion,Sobre calle,Ninguna,Oscuro sin iluminacion,Despejado,No,NO APLICA,19,26,19,38,1,02/12/2022,4
29,Missouri,290880,0,0,1,0,201,SCOTT (201),0,NO APLICA,12,Diciembre,3,2022,19,3,I-55,1,Interestatal,Rural,Interestatal,State Highway Agency,1,Sin jurisdiccion especial,200,37.15458333,-89.537,Arbol,El primer evento no fue una colision con un vehiculo automotor en transporte,Not an Intersection,No fue interseccion,Sobre el lado de la calle,Ninguna,Oscuro sin iluminacion,Nublado,No,NO APLICA,19,7,19,20,3,03/12/2022,6