Estado,Nombre de Estado,Numero de Caso,Peatones,Personas _no_vehiculos,Vehiculos automotores,Vehiculos estacionados,Condado,Nombre Condado,Ciudad,Nombre Ciudad,Mes,Nombre Mes,Dia,Año,Hora,Minuto,Calle,Ruta,Nombre Ruta,Rural o Urbanoo,Sistema Funcional,Dueño Calle,Sistema Nacional Carreteras,Jurisdiccion Especial,Milla,Latitud,Longitud,Causa del Accidente,Tipo de Accidente,Tipo Interseccion,Columna1,Lugar en la calle,Zona de Trabajo,Luz,Clima,Autobus Escolar,Cruce de Trenes,Hora Notificacion,Minuto Notificacion,Hora Llegada,Minuto Llegada,Decesos,Fecha,PersonaVehiculo
29,Missouri,290881,1,1,1,0,95,JACKSON (95),4120,KANSAS CITY,12,Diciembre,3,2022,3,39,HOLMES RD,6,Calle Local Municipalidad,Urbano,Arteria Menor,City or Municipal Highway Agency,0,Sin jurisdiccion especial,50,38.94247778,-94.58262222,Peaton,El primer evento no fue una colision con un vehiculo automotor en transporte,Not an Intersection,No fue interseccion,Sobre calle,Ninguna,Oscuro con iluminacion,Nublado,No,NO APLICA,3,39,3,43,1,03/12/2022,1
29,Missouri,290882,0,0,2,0,77,GREENE (77),7460,SPRINGFIELD,12,Diciembre,3,2022,15,18,GLENSTONE AVE,6,Calle Local Municipalidad,Urbano,Arteria Principal,State Highway Agency,1,Sin jurisdiccion especial,90,37.24892222,-93.26161944,Vehiculo en movimiento,Angulo,Four-Way Intersection,Interseccion de 4 direcciones,Sobre calle,Ninguna,Dia total,Despejado,No,NO APLICA,15,19,15,26,1,03/12/2022,3
29,Missouri,290883,1,1,1,0,187,ST FRANCOIS (187),6056,PARK HILLS,8,Agosto,13,2022,1,35,CR-PIMVILLE RD,4,Calle del Condado,Urbano,Local,County Highway Agency,0,Sin jurisdiccion especial,10,37.80127778,-90.50694444,Peaton,El primer evento no fue una colision con un vehiculo automotor en transporte,Not an Intersection,No fue interseccion,Sobre calle,Ninguna,Oscuro sin iluminacion,Despejado,No,NO APLICA,1,31,1,54,1,13/08/2022,1
29,Missouri,290884,0,0,2,0,189,ST LOUIS (189),0,NO APLICA,11,Noviembre,7,2022,12,25,CR-TELEGRAPH RD,4,Calle del Condado,Urbano,Colector Mayor,County Highway Agency,0,Sin jurisdiccion especial,10,38.51761667,-90.28873056,Vehiculo en movimiento,Angulo,T-Intersection,Interseccion de T,Sobre calle,Ninguna,Dia total,Despejado,No,NO APLICA,99,99,99,99,1,07/11/2022,4
29,Missouri,290885,0,0,2,0,189,ST LOUIS (189),0,NO APLICA,11,Noviembre,12,2022,23,50,CR-NEW HALLS FERRY RD,4,Calle del Condado,Urbano,Arteria Principal,County Highway Agency,0,Sin jurisdiccion especial,30,38.82346111,-90.30810556,Vehiculo en movimiento,Frente a frente,Not an Intersection,No fue interseccion,Sobre calle,Ninguna,Oscuro sin iluminacion,Despejado,No,NO APLICA,23,50,23,58,1,12/11/2022,2
29,Missouri,290886,0,0,1,0,53,COOPER (53),0,NO APLICA,11,Noviembre,30,2022,9,30,I-70,1,Interestatal,Rural,Interestatal,State Highway Agency,1,Sin jurisdiccion especial,240,38.93347222,-92.97425,Barrera de Cable,El primer evento no fue una colision con un vehiculo automotor en transporte,Not an Intersection,No fue interseccion,En el medio,Ninguna,Dia total,Despejado,No,NO APLICA,9,35,9,48,1,30/11/2022,5
29,Missouri,290887,0,0,1,0,19,BOONE (19),0,NO APLICA,12,Diciembre,3,2022,23,15,CR-JENNINGS RD,4,Calle del Condado,Rural,No reportado,County Highway Agency,0,Sin jurisdiccion especial,0,39.22941111,-92.24734722,Vehiculo Ferrocarril,El primer evento no fue una colision con un vehiculo automotor en transporte,Not an Intersection,No fue interseccion,Sobre calle,Ninguna,Oscuro sin iluminacion,Despejado,No,483670A,99,98,99,98,1,03/12/2022,1
29,Missouri,290888,0,0,1,0,510,ST. LOUIS (CITY) (510),7080,ST. LOUIS,12,Diciembre,4,2022,2,27,I-44,1,Interestatal,Urbano,Interestatal,State Highway Agency,1,Sin jurisdiccion especial,90,38.63886111,-90.18641944,Barrera de Trafico de Concreto,El primer evento no fue una colision con un vehiculo automotor en transporte,Not an Intersection,No fue interseccion,Sobre el lado de la calle,Construccion,Oscuro con iluminacion,Nublado,No,NO APLICA,2,37,2,42,1,04/12/2022,1
29,Missouri,290889,0,0,2,0,169,PULASKI (169),0,NO APLICA,12,Diciembre,4,2022,2,7,I-44,1,Interestatal,Rural,Interestatal,State Highway Agency,1,Sin jurisdiccion especial,60,37.78038889,-92.30288889,Vehiculo en movimiento,Frente a Detrás,Not an Intersection,No fue interseccion,Sobre calle,Ninguna,Oscuro sin iluminacion,Despejado,No,NO APLICA,99,98,99,98,1,04/12/2022,3
29,Missouri,290890,0,0,2,0,225,WEBSTER (225),2260,DIGGINS,12,Diciembre,5,2022,7,40,US-60,2,US Highway,Rural,Arteria Principal,State Highway Agency,1,Sin jurisdiccion especial,110,37.17227778,-92.86372222,Vehiculo en movimiento,Angulo,Four-Way Intersection,Interseccion de 4 direcciones,Sobre calle,Ninguna,Dia total,Nublado,No,NO APLICA,7,43,8,1,1,05/12/2022,3
29,Missouri,290891,0,0,3,0,77,GREENE (77),0,NO APLICA,12,Diciembre,6,2022,5,50,I-44,1,Interestatal,Rural,Interestatal,State Highway Agency,1,Sin jurisdiccion especial,200,37.20263889,-93.41341667,Vehiculo en movimiento,Frente a Detrás,Not an Intersection,No fue interseccion,Sobre calle,Ninguna,Oscuro sin iluminacion,Neblina o Humo,No,NO APLICA,5,53,6,8,1,06/12/2022,3
29,Missouri,290893,0,0,2,0,95,JACKSON (95),4120,KANSAS CITY,12,Diciembre,6,2022,12,36,INDIANA AVE,6,Calle Local Municipalidad,Urbano,Colector Mayor,City or Municipal Highway Agency,0,Sin jurisdiccion especial,20,39.06482778,-94.54385833,Vehiculo en movimiento,Angulo,Not an Intersection,No fue interseccion,Sobre calle,Ninguna,Dia total,Nublado,No,NO APLICA,12,36,12,40,1,06/12/2022,2
29,Missouri,290894,0,0,1,0,95,JACKSON (95),3940,INDEPENDENCE,7,Julio,25,2022,12,51,SR-78,3,Highway estatal,Urbano,Arteria Principal,State Highway Agency,1,Sin jurisdiccion especial,30,39.08035,-94.44609722,Soporte de  señalamiento de transito,El primer evento no fue una colision con un vehiculo automotor en transporte,Four-Way Intersection,Interseccion de 4 direcciones,En el medio,Ninguna,Dia total,Nublado,No,NO APLICA,12,52,12,54,1,25/07/2022,1
29,Missouri,290895,0,0,1,0,105,LACLEDE (105),0,NO APLICA,9,Septiembre,9,2022,15,44,CR-HEARTWOOD DR,4,Calle del Condado,Rural,Local,County Highway Agency,0,Sin jurisdiccion especial,30,37.76452778,-92.44194444,Zanja,El primer evento no fue una colision con un vehiculo automotor en transporte,Not an Intersection,No fue interseccion,Sobre el lado de la calle,Ninguna,Dia total,Despejado,No,NO APLICA,99,98,99,98,1,09/09/2022,2
29,Missouri,290896,1,1,1,0,21,BUCHANAN (21),7070,ST. JOSEPH,9,Septiembre,16,2022,21,52,MITCHELL AVE,6,Calle Local Municipalidad,Urbano,Arteria Menor,City or Municipal Highway Agency,0,Sin jurisdiccion especial,10,39.75518611,-94.83614722,Peaton,El primer evento no fue una colision con un vehiculo automotor en transporte,Not an Intersection,No fue interseccion,Sobre calle,Ninguna,Oscuro con iluminacion,Despejado,No,NO APLICA,20,57,21,5,1,16/09/2022,1
29,Missouri,290897,0,0,1,0,37,CASS (37),6360,PLEASANT HILL,9,Septiembre,16,2022,10,14,VETERANS PKWY,6,Calle Local Municipalidad,Urbano,Arteria Menor,City or Municipal Highway Agency,0,Sin jurisdiccion especial,0,38.78564167,-94.27333889,Alguien se cayo/avento del vehiculo,El primer evento no fue una colision con un vehiculo automotor en transporte,Not an Intersection,No fue interseccion,Sobre calle,Ninguna,Dia total,Despejado,No,NO APLICA,99,98,99,98,1,16/09/2022,1
29,Missouri,290898,0,0,2,0,113,LINCOLN (113),0,NO APLICA,12,Diciembre,6,2022,16,45,SR-47,3,Highway estatal,Rural,Local,State Highway Agency,0,Sin jurisdiccion especial,30,38.97108333,-91.04480556,Vehiculo en movimiento,Angulo,T-Intersection,Interseccion de T,Sobre calle,Ninguna,Oscuro sin iluminacion,lluvia,No,NO APLICA,16,48,16,59,1,06/12/2022,3
29,Missouri,290899,0,1,4,2,510,ST. LOUIS (CITY) (510),7080,ST. LOUIS,12,Diciembre,7,2022,17,25,ARLINGTON AVE,6,Calle Local Municipalidad,Urbano,No reportado,City or Municipal Highway Agency,0,Sin jurisdiccion especial,10,38.66729167,-90.27061944,Vehiculo en movimiento,Golpe Lateral - misma direccion,Not Reported,No reportado,Sobre calle,Ninguna,Dia total,Nublado,No,NO APLICA,15,29,15,33,1,07/12/2022,5
29,Missouri,290900,1,1,2,0,95,JACKSON (95),4120,KANSAS CITY,12,Diciembre,7,2022,20,34,SOUTHWEST TRFY,6,Calle Local Municipalidad,Urbano,Arteria Principal,City or Municipal Highway Agency,1,Sin jurisdiccion especial,20,39.05255,-94.59665,Peaton,El primer evento no fue una colision con un vehiculo automotor en transporte,Not an Intersection,No fue interseccion,Sobre calle,Ninguna,Oscuro con iluminacion,Despejado,No,NO APLICA,20,35,20,38,1,07/12/2022,2
29,Missouri,290901,1,1,1,0,97,JASPER (97),4100,JOPLIN,12,Diciembre,8,2022,6,13,SR-171,3,Highway estatal,Urbano,Arteria Principal,State Highway Agency,1,Sin jurisdiccion especial,160,37.14235556,-94.49927778,Peaton,El primer evento no fue una colision con un vehiculo automotor en transporte,Not an Intersection,No fue interseccion,Sobre calle,Ninguna,Oscuro sin iluminacion,lluvia,No,NO APLICA,99,98,99,98,1,08/12/2022,1
29,Missouri,290902,0,0,2,0,107,LAFAYETTE (107),0,NO APLICA,12,Diciembre,8,2022,19,55,SR-131,3,Highway estatal,Rural,Colector Mayor,State Highway Agency,0,Sin jurisdiccion especial,30,39.09361111,-93.98416667,Vehiculo en movimiento,Frente a frente,Not an Intersection,No fue interseccion,Sobre calle,Ninguna,Oscuro sin iluminacion,Despejado,No,NO APLICA,20,1,20,5,1,08/12/2022,2
29,Missouri,290903,0,0,1,0,95,JACKSON (95),0,NO APLICA,12,Diciembre,8,2022,5,24,SR-F,3,Highway estatal,Rural,Colector Mayor,State Highway Agency,0,Sin jurisdiccion especial,90,38.89175,-94.13433333,Poste de Señal de trafico,El primer evento no fue una colision con un vehiculo automotor en transporte,Not an Intersection,No fue interseccion,Sobre el lado de la calle,Ninguna,Oscuro sin iluminacion,Despejado,No,NO APLICA,5,20,5,29,1,08/12/2022,1
29,Missouri,290904,0,0,2,0,17,BOLLINGER (17),0,NO APLICA,12,Diciembre,9,2022,16,32,CR-378,4,Calle del Condado,Rural,No reportado,County Highway Agency,0,Sin jurisdiccion especial,20,37.51036111,-89.98066667,Vehiculo en movimiento,Frente a frente,Not an Intersection,No fue interseccion,Sobre calle,Ninguna,Dia total,Nublado,No,NO APLICA,16,18,16,40,1,09/12/2022,6
29,Missouri,290905,0,0,2,0,91,HOWELL (91),0,NO APLICA,12,Diciembre,9,2022,21,19,US-160,2,US Highway,Rural,Arteria Menor,State Highway Agency,0,Sin jurisdiccion especial,90,36.62397222,-91.97277778,Vehiculo en movimiento,Frente a frente,Not an Intersection,No fue interseccion,Sobre calle,Ninguna,Oscuro sin iluminacion,Nublado,No,NO APLICA,21,50,22,2,1,09/12/2022,4
29,Missouri,290906,0,0,1,0,133,MISSISSIPPI (133),0,NO APLICA,12,Diciembre,9,2022,23,12,SR-77,3,Highway estatal,Rural,Colector Mayor,State Highway Agency,0,Sin jurisdiccion especial,280,36.71844444,-89.21072222,Zanja,El primer evento no fue una colision con un vehiculo automotor en transporte,Not an Intersection,No fue interseccion,Sobre el lado de la calle,Ninguna,Oscuro sin iluminacion,Despejado,No,NO APLICA,2,3,2,24,1,09/12/2022,2
29,Missouri,290907,0,0,1,0,31,CAPE GIRARDEAU (31),0,NO APLICA,12,Diciembre,10,2022,8,35,SR-77,3,Highway estatal,Rural,Colector Mayor,State Highway Agency,0,Sin jurisdiccion especial,10,37.208425,-89.66754167,Soporte de Puente,El primer evento no fue una colision con un vehiculo automotor en transporte,Not an Intersection,No fue interseccion,Sobre el lado de la calle,Ninguna,Dia total,lluvia,No,NO APLICA,99,98,99,98,1,10/12/2022,1
29,Missouri,290908,0,0,2,0,143,NEW MADRID (143),5050,MATTHEWS,12,Diciembre,10,2022,12,30,US-61,2,US Highway,Rural,Colector Mayor,State Highway Agency,0,Sin jurisdiccion especial,80,36.75902778,-89.56597222,Vehiculo en movimiento,Angulo,Four-Way Intersection,Interseccion de 4 direcciones,Sobre calle,Ninguna,Dia total,lluvia,No,NO APLICA,99,99,99,99,1,10/12/2022,2
29,Missouri,290909,0,0,1,0,99,JEFFERSON (99),0,NO APLICA,12,Diciembre,10,2022,19,5,SR-V,3,Highway estatal,Rural,Arteria Menor,State Highway Agency,0,Sin jurisdiccion especial,30,38.08194444,-90.53138889,Suelo,El primer evento no fue una colision con un vehiculo automotor en transporte,T-Intersection,Interseccion de T,Sobre el lado de la calle,Ninguna,Oscuro sin iluminacion,Nublado,No,NO APLICA,19,9,19,24,1,10/12/2022,1
29,Missouri,290910,0,0,1,0,510,ST. LOUIS (CITY) (510),7080,ST. LOUIS,12,Diciembre,12,2022,20,27,I-55,1,Interestatal,Urbano,Interestatal,State Highway Agency,1,Sin jurisdiccion especial,20,38.56396389,-90.24328889,Barrera de Trafico de Concreto,El primer evento no fue una colision con un vehiculo automotor en transporte,Not an Intersection,No fue interseccion,En el medio,"Zona de trabajo, tipo desconocido",Oscuro con iluminacion,Despejado,No,NO APLICA,20,32,20,36,1,12/12/2022,3
29,Missouri,290911,0,0,2,0,107,LAFAYETTE (107),0,NO APLICA,12,Diciembre,2,2022,9,52,SR-O,3,Highway estatal,Rural,Colector Mayor,State Highway Agency,0,Sin jurisdiccion especial,50,39.07766667,-93.88436111,Vehiculo en movimiento,Angulo,Four-Way Intersection,Interseccion de 4 direcciones,Sobre calle,Ninguna,Dia total,Nublado,No,NO APLICA,99,99,99,99,1,02/12/2022,3
29,Missouri,290912,0,0,2,0,77,GREENE (77),7460,SPRINGFIELD,12,Diciembre,6,2022,10,2,CAMPBELL AVE,6,Calle Local Municipalidad,Urbano,Arteria Principal,City or Municipal Highway Agency,0,Sin jurisdiccion especial,30,37.15265556,-93.295725,Vehiculo en movimiento,Angulo,Four-Way Intersection,Interseccion de 4 direcciones,Sobre calle,Ninguna,Dia total,Nublado,No,NO APLICA,99,99,99,99,1,06/12/2022,2
29,Missouri,290913,0,0,1,0,105,LACLEDE (105),0,NO APLICA,12,Diciembre,10,2022,12,50,SR-32,3,Highway estatal,Rural,Arteria Menor,State Highway Agency,0,Sin jurisdiccion especial,300,37.61652778,-92.40252778,Zanja,El primer evento no fue una colision con un vehiculo automotor en transporte,Not an Intersection,No fue interseccion,Sobre el lado de la calle,Ninguna,Dia total,Nublado,No,NO APLICA,99,99,99,99,1,10/12/2022,4
29,Missouri,290914,0,0,1,0,155,PEMISCOT (155),0,NO APLICA,12,Diciembre,13,2022,23,30,I-55,1,Interestatal,Rural,Interestatal,State Highway Agency,1,Sin jurisdiccion especial,180,36.22344444,-89.74041667,Fin de valla,El primer evento no fue una colision con un vehiculo automotor en transporte,Not an Intersection,No fue interseccion,Sobre el lado de la calle,Ninguna,Oscuro sin iluminacion,lluvia,No,NO APLICA,23,44,23,56,1,13/12/2022,1
29,Missouri,290915,0,0,1,0,125,MARIES (125),0,NO APLICA,12,Diciembre,13,2022,22,20,SR-N,3,Highway estatal,Rural,Colector Mayor,State Highway Agency,0,Sin jurisdiccion especial,40,38.11261111,-92.03297222,Arbol,El primer evento no fue una colision con un vehiculo automotor en transporte,Not an Intersection,No fue interseccion,Sobre el lado de la calle,Ninguna,Oscuro con iluminacion,lluvia,No,NO APLICA,99,99,99,99,1,13/12/2022,1
29,Missouri,290916,0,0,2,0,121,MACON (121),0,NO APLICA,12,Diciembre,14,2022,15,24,US-63,2,US Highway,Rural,Arteria Principal,State Highway Agency,1,Sin jurisdiccion especial,20,39.63638889,-92.46680556,Vehiculo en movimiento,Angulo,Four-Way Intersection,Interseccion de 4 direcciones,Sobre calle,Ninguna,Dia total,Nublado,No,NO APLICA,99,99,99,99,1,14/12/2022,2
29,Missouri,290917,0,0,2,0,7,AUDRAIN (7),0,NO APLICA,12,Diciembre,14,2022,16,7,US-54,2,US Highway,Rural,Arteria Principal,State Highway Agency,1,Sin jurisdiccion especial,370,39.06908333,-91.89702778,Vehiculo en movimiento,Angulo,Four-Way Intersection,Interseccion de 4 direcciones,Sobre calle,Ninguna,Dia total,Nublado,No,NO APLICA,16,11,16,17,1,14/12/2022,2
29,Missouri,290918,1,1,1,0,95,JACKSON (95),3940,INDEPENDENCE,12,Diciembre,14,2022,18,33,NOLAND RD,6,Calle Local Municipalidad,Urbano,Arteria Principal,City or Municipal Highway Agency,1,Sin jurisdiccion especial,50,39.04786111,-94.41516389,Peaton,El primer evento no fue una colision con un vehiculo automotor en transporte,Four-Way Intersection,Interseccion de 4 direcciones,Sobre calle,Ninguna,Oscuro con iluminacion,Despejado,No,NO APLICA,99,99,99,99,1,14/12/2022,1
29,Missouri,290919,1,1,1,0,229,WRIGHT (229),0,NO APLICA,12,Diciembre,14,2022,23,30,US-60,2,US Highway,Urbano,Arterial Principal -Freeway o ExpressWay,State Highway Agency,1,Sin jurisdiccion especial,210,37.13130556,-92.31783333,Peaton,El primer evento no fue una colision con un vehiculo automotor en transporte,Not an Intersection,No fue interseccion,Sobre calle,Ninguna,Oscuro sin iluminacion,Nublado,No,NO APLICA,99,98,99,98,1,14/12/2022,1
29,Missouri,290920,0,0,1,0,99,JEFFERSON (99),0,NO APLICA,12,Diciembre,14,2022,11,20,SR-21,3,Highway estatal,Urbano,Arterial Principal -Freeway o ExpressWay,State Highway Agency,1,Sin jurisdiccion especial,70,38.399,-90.49961111,Suelo,El primer evento no fue una colision con un vehiculo automotor en transporte,Not an Intersection,No fue interseccion,Sobre el lado de la calle,Ninguna,Dia total,Nublado,No,NO APLICA,11,35,11,43,1,14/12/2022,1
29,Missouri,290921,0,0,3,0,47,CLAY (47),0,NO APLICA,12,Diciembre,14,2022,19,17,SR-A,3,Highway estatal,Urbano,Colector Mayor,State Highway Agency,0,Sin jurisdiccion especial,60,39.28916111,-94.43629444,Vehiculo en movimiento,Golpe Lateral - direccion contraria,Not an Intersection,No fue interseccion,Sobre calle,Ninguna,Oscuro sin iluminacion,Nublado,No,NO APLICA,19,21,19,45,1,14/12/2022,9
29,Missouri,290922,0,0,2,0,201,SCOTT (201),0,NO APLICA,12,Diciembre,15,2022,18,12,SR-HH,3,Highway estatal,Rural,Colector Mayor,State Highway Agency,0,Sin jurisdiccion especial,40,36.92058333,-89.54422222,Vehiculo en movimiento,Frente a Detrás,Not an Intersection,No fue interseccion,Sobre calle,Ninguna,Oscuro sin iluminacion,Despejado,No,NO APLICA,99,99,99,99,1,15/12/2022,2
29,Missouri,290923,0,0,1,0,121,MACON (121),0,NO APLICA,12,Diciembre,15,2022,17,0,SR-3,3,Highway estatal,Rural,Colector Mayor,State Highway Agency,0,Sin jurisdiccion especial,80,39.93816667,-92.60127778,Zanja,El primer evento no fue una colision con un vehiculo automotor en transporte,Not an Intersection,No fue interseccion,Sobre el lado de la calle,Ninguna,Oscuro sin iluminacion,Nublado,No,NO APLICA,99,99,99,99,1,15/12/2022,1
29,Missouri,290924,0,0,1,0,95,JACKSON (95),4120,KANSAS CITY,12,Diciembre,15,2022,2,8,ROANOKE RD,6,Calle Local Municipalidad,Urbano,Colector Mayor,City or Municipal Highway Agency,0,Sin jurisdiccion especial,0,39.06925833,-94.60548333,Banqueta,El primer evento no fue una colision con un vehiculo automotor en transporte,Not an Intersection,No fue interseccion,Sobre el lado de la calle,Ninguna,Oscuro con iluminacion,No reportado,No,NO APLICA,99,99,99,99,1,15/12/2022,1
29,Missouri,290925,1,1,1,0,221,WASHINGTON (221),0,NO APLICA,12,Diciembre,16,2022,17,21,CR-SPRINGTOWN RD 501,4,Calle del Condado,Rural,Local,County Highway Agency,0,Sin jurisdiccion especial,10,37.92233333,-90.75269444,Peaton,El primer evento no fue una colision con un vehiculo automotor en transporte,Not an Intersection,No fue interseccion,Sobre calle,Ninguna,Oscuro sin iluminacion,Despejado,No,NO APLICA,99,99,99,99,1,16/12/2022,1
29,Missouri,290926,0,0,1,0,95,JACKSON (95),3280,GRANDVIEW,9,Septiembre,28,2022,15,47,129TH ST,6,Calle Local Municipalidad,Urbano,Local,City or Municipal Highway Agency,0,Sin jurisdiccion especial,0,38.89156667,-94.52263611,Volcadura,El primer evento no fue una colision con un vehiculo automotor en transporte,Not an Intersection,No fue interseccion,Sobre calle,Ninguna,Dia total,Despejado,No,NO APLICA,99,98,99,98,1,28/09/2022,1
29,Missouri,290927,0,0,3,2,510,ST. LOUIS (CITY) (510),7080,ST. LOUIS,12,Diciembre,15,2022,18,35,I-44,1,Interestatal,Urbano,Interestatal,State Highway Agency,1,Sin jurisdiccion especial,60,38.61388056,-90.22562778,Vehiculo Aparcado,El primer evento no fue una colision con un vehiculo automotor en transporte,Not an Intersection,No fue interseccion,Sobre Acotamiento,Ninguna,Oscuro con iluminacion,Despejado,No,NO APLICA,18,41,18,45,1,15/12/2022,1
29,Missouri,290928,0,0,2,0,189,ST LOUIS (189),1050,BRIDGETON,12,Diciembre,16,2022,5,45,ST CHARLES ROCK RD,6,Calle Local Municipalidad,Urbano,Arteria Principal,County Highway Agency,1,Sin jurisdiccion especial,20,38.76569444,-90.43633333,Vehiculo en movimiento,Golpe Lateral - direccion contraria,Not an Intersection,No fue interseccion,Sobre calle,Ninguna,Oscuro sin iluminacion,Nublado,No,NO APLICA,5,49,5,58,1,16/12/2022,2
29,Missouri,290929,0,0,1,0,11,BARTON (11),0,NO APLICA,12,Diciembre,17,2022,10,35,US-160,2,US Highway,Rural,Arteria Menor,State Highway Agency,0,Sin jurisdiccion especial,270,37.49591667,-94.13466667,Arbol,El primer evento no fue una colision con un vehiculo automotor en transporte,Not an Intersection,No fue interseccion,Sobre el lado de la calle,Ninguna,Dia total,Despejado,No,NO APLICA,99,98,99,98,1,17/12/2022,1
29,Missouri,290930,0,0,1,0,97,JASPER (97),0,NO APLICA,12,Diciembre,17,2022,21,45,SR-43,3,Highway estatal,Rural,Colector Mayor,State Highway Agency,0,Sin jurisdiccion especial,120,37.19111111,-94.50888889,Volcadura,El primer evento no fue una colision con un vehiculo automotor en transporte,Not an Intersection,No fue interseccion,Sobre el lado de la calle,Ninguna,Oscuro sin iluminacion,Nublado,No,NO APLICA,99,98,99,98,1,17/12/2022,1
29,Missouri,290931,0,0,2,0,47,CLAY (47),0,NO APLICA,12,Diciembre,17,2022,14,30,CR-SALEM RD,4,Calle del Condado,Urbano,Local,State Highway Agency,0,Sin jurisdiccion especial,40,39.38538889,-94.21616667,Vehiculo en movimiento,Frente a frente,T-Intersection,Interseccion de T,Sobre calle,Ninguna,Dia total,Despejado,No,NO APLICA,14,41,14,52,2,17/12/2022,2
29,Missouri,290932,0,0,2,0,95,JACKSON (95),4120,KANSAS CITY,12,Diciembre,17,2022,5,29,I-35,1,Interestatal,Urbano,Interestatal,State Highway Agency,1,Sin jurisdiccion especial,30,39.09282778,-94.59098889,Vehiculo en movimiento,Frente a frente,Not an Intersection,No fue interseccion,Sobre calle,Ninguna,Oscuro con iluminacion,Nieve,No,NO APLICA,5,28,5,34,1,17/12/2022,2
29,Missouri,290933,0,0,2,0,109,LAWRENCE (109),4940,MARIONVILLE,12,Diciembre,17,2022,16,24,US-60,2,US Highway,Rural,Arteria Principal,State Highway Agency,1,Sin jurisdiccion especial,120,36.98922778,-93.64631944,Vehiculo en movimiento,Angulo,Four-Way Intersection,Interseccion de 4 direcciones,Sobre calle,Ninguna,Dia total,Despejado,No,NO APLICA,16,28,16,32,2,17/12/2022,4
29,Missouri,290934,0,0,2,0,189,ST LOUIS (189),1970,CREVE COEUR,12,Diciembre,18,2022,0,32,I-270,1,Interestatal,Urbano,Interestatal,State Highway Agency,1,Sin jurisdiccion especial,150,38.67144444,-90.44894444,Vehiculo en movimiento,Frente a frente,Not an Intersection,No fue interseccion,Sobre calle,Ninguna,Oscuro sin iluminacion,Despejado,No,NO APLICA,0,41,0,49,1,18/12/2022,4
29,Missouri,290935,1,1,1,0,183,ST. CHARLES (183),4328,LAKE SAINT LOUIS,12,Diciembre,18,2022,16,19,SR-N,3,Highway estatal,Urbano,Arteria Menor,State Highway Agency,0,Sin jurisdiccion especial,100,38.76308333,-90.78627778,Peaton,El primer evento no fue una colision con un vehiculo automotor en transporte,Not an Intersection,No fue interseccion,Sobre calle,Ninguna,Dia total,Despejado,No,NO APLICA,16,21,16,27,1,18/12/2022,1
29,Missouri,290936,0,0,1,0,95,JACKSON (95),4120,KANSAS CITY,9,Septiembre,18,2022,99,99,BLUE RIVER RD,6,Calle Local Municipalidad,Urbano,Arteria Menor,City or Municipal Highway Agency,0,Sin jurisdiccion especial,30,38.96347222,-94.55527778,Volcadura,El primer evento no fue una colision con un vehiculo automotor en transporte,Not an Intersection,No fue interseccion,Sobre calle,Ninguna,Reportada como desconocida,Reportado como desconocido,No,NO APLICA,88,88,88,88,1,18/09/2022,1
29,Missouri,290937,1,1,1,0,189,ST LOUIS (189),1050,BRIDGETON,12,Diciembre,18,2022,19,0,SR-180,3,Highway estatal,Urbano,Arteria Principal,State Highway Agency,1,Sin jurisdiccion especial,10,38.75275,-90.42802778,Peaton,El primer evento no fue una colision con un vehiculo automotor en transporte,Not an Intersection,No fue interseccion,Sobre calle,Ninguna,Oscuro con iluminacion,Despejado,No,NO APLICA,19,16,19,19,1,18/12/2022,1
29,Missouri,290938,1,1,1,0,105,LACLEDE (105),0,NO APLICA,12,Diciembre,18,2022,17,30,I-44,1,Interestatal,Rural,Interestatal,State Highway Agency,1,Sin jurisdiccion especial,270,37.55811111,-92.79127778,Peaton,El primer evento no fue una colision con un vehiculo automotor en transporte,Not an Intersection,No fue interseccion,Sobre calle,Ninguna,Oscuro sin iluminacion,Despejado,No,NO APLICA,17,36,17,53,1,18/12/2022,4
29,Missouri,290939,0,0,1,0,87,HOLT (87),0,NO APLICA,12,Diciembre,19,2022,20,0,SR-C,3,Highway estatal,Rural,Colector Mayor,State Highway Agency,0,Sin jurisdiccion especial,130,40.20272222,-95.13425,Arbol,El primer evento no fue una colision con un vehiculo automotor en transporte,Not an Intersection,No fue interseccion,Sobre el lado de la calle,Ninguna,Oscuro sin iluminacion,No reportado,No,NO APLICA,19,56,20,16,1,19/12/2022,1
29,Missouri,290940,0,0,2,0,189,ST LOUIS (189),2780,FLORISSANT,12,Diciembre,19,2022,10,25,PATTERSON RD,6,Calle Local Municipalidad,Urbano,Arteria Menor,City or Municipal Highway Agency,0,Sin jurisdiccion especial,20,38.80988056,-90.32828889,Vehiculo en movimiento,Angulo,Four-Way Intersection,Interseccion de 4 direcciones,Sobre calle,Ninguna,Dia total,Nublado,No,NO APLICA,10,31,10,35,1,19/12/2022,2
29,Missouri,290941,0,0,1,0,181,RIPLEY (181),0,NO APLICA,12,Diciembre,19,2022,2,20,US-160,2,US Highway,Rural,Arteria Menor,State Highway Agency,0,Sin jurisdiccion especial,160,36.64063889,-90.88836111,Volcadura,El primer evento no fue una colision con un vehiculo automotor en transporte,Not an Intersection,No fue interseccion,Sobre calle,Ninguna,Oscuro sin iluminacion,Despejado,No,NO APLICA,2,34,3,0,1,19/12/2022,1