Estado,Nombre de Estado,Numero de Caso,Peatones,Personas _no_vehiculos,Vehiculos automotores,Vehiculos estacionados,Condado,Nombre Condado,Ciudad,Nombre Ciudad,Mes,Nombre Mes,Dia,Año,Hora,Minuto,Calle,Ruta,Nombre Ruta,Rural o Urbanoo,Sistema Funcional,Dueño Calle,Sistema Nacional Carreteras,Jurisdiccion Especial,Milla,Latitud,Longitud,Causa del Accidente,Tipo de Accidente,Tipo Interseccion,Columna1,Lugar en la calle,Zona de Trabajo,Luz,Clima,Autobus Escolar,Cruce de Trenes,Hora Notificacion,Minuto Notificacion,Hora Llegada,Minuto Llegada,Decesos,Fecha,PersonaVehiculo
29,Missouri,290942,0,0,1,0,11,BARTON (11),4340,LAMAR,12,Diciembre,19,2022,17,33,MAPLE ST,6,Calle Local Municipalidad,Rural,No reportado,City or Municipal Highway Agency,0,Sin jurisdiccion especial,0,37.49214722,-94.282,Poste,El primer evento no fue una colision con un vehiculo automotor en transporte,Not an Intersection,No fue interseccion,Sobre el lado de la calle,Ninguna,Oscuro con iluminacion,No reportado,No,NO APLICA,99,99,99,99,1,19/12/2022,1
29,Missouri,290943,0,0,1,0,131,MILLER (131),0,NO APLICA,12,Diciembre,20,2022,17,43,SR-17,3,Highway estatal,Rural,Arteria Menor,State Highway Agency,0,Sin jurisdiccion especial,220,38.09333333,-92.30388889,Valla Ferrocarril,El primer evento no fue una colision con un vehiculo automotor en transporte,Not an Intersection,No fue interseccion,Sobre el lado de la calle,Ninguna,Oscuro sin iluminacion,Nublado,No,NO APLICA,17,44,17,58,1,20/12/2022,1
29,Missouri,290944,1,1,2,0,221,WASHINGTON (221),0,NO APLICA,12,Diciembre,20,2022,17,30,SR-47,3,Highway estatal,Rural,Arteria Menor,State Highway Agency,0,Sin jurisdiccion especial,70,38.12277778,-90.77291667,Peaton,El primer evento no fue una colision con un vehiculo automotor en transporte,Not an Intersection,No fue interseccion,Sobre calle,Ninguna,Oscuro sin iluminacion,Despejado,No,NO APLICA,17,44,18,0,1,20/12/2022,2
29,Missouri,290945,0,0,2,0,95,JACKSON (95),4120,KANSAS CITY,12,Diciembre,20,2022,17,31,PROSPECT AVE,6,Calle Local Municipalidad,Urbano,Arteria Menor,City or Municipal Highway Agency,0,Sin jurisdiccion especial,40,39.04219444,-94.55428333,Vehiculo en movimiento,Frente a Detrás,Not an Intersection,No fue interseccion,Sobre calle,Ninguna,Oscuro con iluminacion,Nublado,No,NO APLICA,17,31,17,35,1,20/12/2022,2
29,Missouri,290946,0,0,1,0,185,ST. CLAIR (185),0,NO APLICA,12,Diciembre,16,2022,0,15,SR-13,3,Highway estatal,Rural,Arterial Principal -Freeway o ExpressWay,State Highway Agency,1,Sin jurisdiccion especial,30,38.17661111,-93.72297222,Poste de Señal de trafico,El primer evento no fue una colision con un vehiculo automotor en transporte,Not an Intersection,No fue interseccion,En el medio,Ninguna,Oscuro sin iluminacion,Despejado,No,NO APLICA,99,99,99,99,1,16/12/2022,2
29,Missouri,290947,2,2,1,0,510,ST. LOUIS (CITY) (510),7080,ST. LOUIS,12,Diciembre,20,2022,10,20,PVT-RIDGEWOOD AVE,8,Otro,Trafficway Not in State Inventory,Via no en inventario estatal,Trafficway Not in State Inventory,0,Sin jurisdiccion especial,0,38.58501111,-90.27188611,Edificio,El primer evento no fue una colision con un vehiculo automotor en transporte,Not an Intersection,No fue interseccion,Sobre el lado de la calle,Ninguna,Dia total,Despejado,No,NO APLICA,10,25,10,35,1,20/12/2022,1
29,Missouri,290948,0,0,1,0,23,BUTLER (23),0,NO APLICA,12,Diciembre,20,2022,9,40,SR-PP,3,Highway estatal,Rural,Colector Mayor,State Highway Agency,0,Sin jurisdiccion especial,30,36.841225,-90.58081944,Suelo,El primer evento no fue una colision con un vehiculo automotor en transporte,Not an Intersection,No fue interseccion,Sobre el lado de la calle,Ninguna,Dia total,Despejado,No,NO APLICA,9,48,10,11,1,20/12/2022,1
29,Missouri,290949,0,0,1,0,179,REYNOLDS (179),0,NO APLICA,12,Diciembre,20,2022,11,40,SR-21,3,Highway estatal,Rural,Arteria Menor,State Highway Agency,0,Sin jurisdiccion especial,410,37.08040833,-90.94875,Arbol,El primer evento no fue una colision con un vehiculo automotor en transporte,Not an Intersection,No fue interseccion,Sobre el lado de la calle,Ninguna,Dia total,Despejado,No,NO APLICA,11,47,12,10,1,20/12/2022,1
29,Missouri,290950,0,0,2,0,77,GREENE (77),7460,SPRINGFIELD,12,Diciembre,20,2022,14,19,REPUBLIC ST,6,Calle Local Municipalidad,Urbano,Arteria Principal,City or Municipal Highway Agency,1,Sin jurisdiccion especial,20,37.13821389,-93.30597222,Vehiculo en movimiento,Angulo,T-Intersection,Interseccion de T,Sobre calle,Ninguna,Dia total,Despejado,No,NO APLICA,14,23,14,34,1,20/12/2022,2
29,Missouri,290951,1,1,1,0,189,ST LOUIS (189),2700,FERGUSON,12,Diciembre,21,2022,18,0,SR-AC,3,Highway estatal,Urbano,Arteria Principal,State Highway Agency,1,Sin jurisdiccion especial,30,38.77,-90.26580556,Peaton,El primer evento no fue una colision con un vehiculo automotor en transporte,Not an Intersection,No fue interseccion,Sobre calle,Ninguna,Oscuro sin iluminacion,Despejado,No,NO APLICA,18,10,18,25,1,21/12/2022,1
29,Missouri,290952,0,0,1,0,17,BOLLINGER (17),0,NO APLICA,12,Diciembre,21,2022,18,30,SR-K,3,Highway estatal,Rural,Colector Mayor,State Highway Agency,0,Sin jurisdiccion especial,40,37.55952778,-89.91936111,Poste o otros soportes,El primer evento no fue una colision con un vehiculo automotor en transporte,Not an Intersection,No fue interseccion,Sobre el lado de la calle,Ninguna,Oscuro sin iluminacion,Nublado,No,NO APLICA,18,45,19,11,1,21/12/2022,2
29,Missouri,290953,0,0,2,1,95,JACKSON (95),3940,INDEPENDENCE,12,Diciembre,21,2022,15,40,US-24,2,US Highway,Urbano,Arteria Principal,State Highway Agency,1,Sin jurisdiccion especial,130,39.10825278,-94.47615556,Vehiculo Aparcado,El primer evento no fue una colision con un vehiculo automotor en transporte,Not an Intersection,No fue interseccion,Fuera de la calle,Ninguna,Dia total,Nublado,No,NO APLICA,99,99,99,99,1,21/12/2022,3
29,Missouri,290954,1,1,2,0,213,TANEY (213),980,BRANSON,12,Diciembre,21,2022,18,10,76 COUNTRY BLVD,6,Calle Local Municipalidad,Urbano,Arteria Principal,City or Municipal Highway Agency,1,Sin jurisdiccion especial,30,36.64261111,-93.25325,Peaton,El primer evento no fue una colision con un vehiculo automotor en transporte,Not an Intersection,No fue interseccion,Sobre calle,Ninguna,Oscuro con iluminacion,Despejado,No,NO APLICA,18,15,18,18,1,21/12/2022,5
29,Missouri,290955,0,0,1,0,227,WORTH (227),0,NO APLICA,12,Diciembre,21,2022,4,50,SR-46,3,Highway estatal,Rural,Colector Mayor,State Highway Agency,0,Sin jurisdiccion especial,120,40.48602778,-94.45758333,Poste de Señal de trafico,El primer evento no fue una colision con un vehiculo automotor en transporte,Not an Intersection,No fue interseccion,Sobre el lado de la calle,Ninguna,Oscuro sin iluminacion,Despejado,No,NO APLICA,4,50,5,15,1,21/12/2022,1
29,Missouri,290956,1,1,1,0,189,ST LOUIS (189),0,NO APLICA,12,Diciembre,9,2022,18,10,CR-BUCKLEY RD,4,Calle del Condado,Urbano,Colector Mayor,County Highway Agency,0,Sin jurisdiccion especial,0,38.51849722,-90.30661944,Peaton,El primer evento no fue una colision con un vehiculo automotor en transporte,Not an Intersection,No fue interseccion,Sobre calle,Ninguna,Oscuro con iluminacion,Despejado,No,NO APLICA,18,14,18,22,1,09/12/2022,1
29,Missouri,290957,0,0,2,0,95,JACKSON (95),3940,INDEPENDENCE,12,Diciembre,21,2022,18,18,US-24,2,US Highway,Urbano,Arteria Principal,State Highway Agency,1,Sin jurisdiccion especial,190,39.12189167,-94.36730278,Vehiculo en movimiento,Angulo,Not an Intersection,No fue interseccion,Sobre calle,Ninguna,Oscuro con iluminacion,Nublado,No,NO APLICA,99,99,99,99,1,21/12/2022,3
29,Missouri,290958,0,0,2,0,155,PEMISCOT (155),0,NO APLICA,12,Diciembre,22,2022,18,50,I-55,1,Interestatal,Rural,Interestatal,State Highway Agency,1,Sin jurisdiccion especial,110,36.25777778,-89.72613889,Barrera de Cable,El primer evento no fue una colision con un vehiculo automotor en transporte,Not an Intersection,No fue interseccion,En el medio,Ninguna,Oscuro sin iluminacion,Nieve,No,NO APLICA,18,55,19,9,1,22/12/2022,5
29,Missouri,290959,0,0,1,0,199,SCOTLAND (199),0,NO APLICA,12,Diciembre,22,2022,23,52,SR-15,3,Highway estatal,Rural,Arteria Menor,State Highway Agency,0,Sin jurisdiccion especial,220,40.32047222,-92.21669444,Animal vivo,El primer evento no fue una colision con un vehiculo automotor en transporte,Not an Intersection,No fue interseccion,Sobre calle,Ninguna,Oscuro sin iluminacion,No reportado,No,NO APLICA,23,51,0,6,1,22/12/2022,1
29,Missouri,290960,0,0,1,0,95,JACKSON (95),4120,KANSAS CITY,12,Diciembre,22,2022,14,18,DR MARTIN LUTHER KING JR BLVD,6,Calle Local Municipalidad,Urbano,Arteria Principal,City or Municipal Highway Agency,1,Sin jurisdiccion especial,10,39.03966667,-94.56899444,Volcadura,El primer evento no fue una colision con un vehiculo automotor en transporte,Not an Intersection,No fue interseccion,Sobre el lado de la calle,Ninguna,Dia total,Nieve,No,NO APLICA,14,20,14,35,1,22/12/2022,1
29,Missouri,290961,0,0,2,0,23,BUTLER (23),0,NO APLICA,12,Diciembre,22,2022,10,3,US-67,2,US Highway,Rural,Arteria Principal,State Highway Agency,1,Sin jurisdiccion especial,240,36.63447222,-90.52025,Vehiculo en movimiento,Frente a Detrás,Not an Intersection,No fue interseccion,Sobre calle,Ninguna,Dia total,Neblina o Humo,No,NO APLICA,99,99,99,99,1,22/12/2022,2
29,Missouri,290962,0,0,1,0,95,JACKSON (95),4120,KANSAS CITY,12,Diciembre,23,2022,3,34,I-435 RP,1,Interestatal,Urbano,Interestatal,State Highway Agency,1,Sin jurisdiccion especial,10,38.93119722,-94.528575,Barrera de Trafico de Concreto,El primer evento no fue una colision con un vehiculo automotor en transporte,Not an Intersection,No fue interseccion,Sobre el lado de la calle,Ninguna,Oscuro con iluminacion,No reportado,No,NO APLICA,3,35,3,48,1,23/12/2022,1
29,Missouri,290963,0,0,1,0,203,SHANNON (203),0,NO APLICA,12,Diciembre,23,2022,10,55,US-60,2,US Highway,Rural,Arterial Principal -Freeway o ExpressWay,State Highway Agency,1,Sin jurisdiccion especial,250,36.97308333,-91.23366667,Volcadura,El primer evento no fue una colision con un vehiculo automotor en transporte,Not an Intersection,No fue interseccion,En el medio,Ninguna,Dia total,Despejado,No,NO APLICA,11,7,11,48,1,23/12/2022,3
29,Missouri,290964,0,0,3,0,141,MORGAN (141),0,NO APLICA,12,Diciembre,24,2022,16,39,US-50,2,US Highway,Rural,Arteria Principal,State Highway Agency,1,Sin jurisdiccion especial,100,38.66988889,-92.89019444,Vehiculo en movimiento,Golpe Lateral - direccion contraria,Not an Intersection,No fue interseccion,Sobre calle,Ninguna,Dia total,Despejado,No,NO APLICA,99,99,99,99,1,24/12/2022,3
29,Missouri,290965,0,0,1,0,145,NEWTON (145),0,NO APLICA,12,Diciembre,25,2022,15,25,CR-APRICOT DR,4,Calle del Condado,Rural,Local,County Highway Agency,0,Sin jurisdiccion especial,30,37.03261111,-94.56272222,Culvert,El primer evento no fue una colision con un vehiculo automotor en transporte,Not an Intersection,No fue interseccion,Sobre el lado de la calle,Ninguna,Dia total,Nublado,No,NO APLICA,15,25,15,31,1,25/12/2022,6
29,Missouri,290966,0,0,2,0,510,ST. LOUIS (CITY) (510),7080,ST. LOUIS,11,Noviembre,1,2022,16,22,I-70,1,Interestatal,Urbano,Interestatal,State Highway Agency,1,Sin jurisdiccion especial,30,38.68014167,-90.21175833,Vehiculo en movimiento,Golpe Lateral - misma direccion,Not an Intersection,No fue interseccion,Sobre calle,Ninguna,Dia total,Despejado,No,NO APLICA,16,26,16,40,1,01/11/2022,6
29,Missouri,290967,0,0,2,0,105,LACLEDE (105),4480,LEBANON,11,Noviembre,9,2022,13,30,SR-64,3,Highway estatal,Urbano,Arteria Menor,City or Municipal Highway Agency,0,Sin jurisdiccion especial,120,37.68852778,-92.67522222,Vehiculo en movimiento,Frente a frente,Not an Intersection,No fue interseccion,Sobre calle,Ninguna,Dia total,Despejado,No,NO APLICA,99,99,99,99,1,09/11/2022,3
29,Missouri,290968,0,0,2,0,19,BOONE (19),1800,COLUMBIA,12,Diciembre,1,2022,13,56,SR-WW,3,Highway estatal,Urbano,Arteria Menor,State Highway Agency,0,Sin jurisdiccion especial,0,38.94584167,-92.28915278,Vehiculo en movimiento,Frente a frente,Not an Intersection,No fue interseccion,Sobre calle,Ninguna,Dia total,Nublado,No,NO APLICA,14,0,14,4,1,01/12/2022,2
29,Missouri,290969,0,0,1,0,151,OSAGE (151),0,NO APLICA,12,Diciembre,19,2022,17,35,US-63,2,US Highway,Rural,Arteria Principal,State Highway Agency,1,Sin jurisdiccion especial,30,38.45313889,-92.01055556,Culvert,El primer evento no fue una colision con un vehiculo automotor en transporte,Not an Intersection,No fue interseccion,Sobre el lado de la calle,Ninguna,Oscuro sin iluminacion,Despejado,No,NO APLICA,17,46,17,59,1,19/12/2022,2
29,Missouri,290970,0,0,2,1,95,JACKSON (95),3940,INDEPENDENCE,12,Diciembre,25,2022,19,58,SR-12,3,Highway estatal,Urbano,Arteria Menor,State Highway Agency,0,Sin jurisdiccion especial,30,39.09430556,-94.43070278,Banqueta,El primer evento no fue una colision con un vehiculo automotor en transporte,Not an Intersection,No fue interseccion,Sobre el lado de la calle,Ninguna,Oscuro con iluminacion,Nublado,No,NO APLICA,99,99,99,99,1,25/12/2022,1
29,Missouri,290971,0,0,2,0,29,CAMDEN (29),0,NO APLICA,12,Diciembre,26,2022,16,20,US-54,2,US Highway,Rural,Arteria Principal,State Highway Agency,1,Sin jurisdiccion especial,110,37.97055556,-92.90416667,Vehiculo en movimiento,Angulo,Not an Intersection,No fue interseccion,Sobre calle,Ninguna,Dia total,Nieve,No,NO APLICA,16,27,16,32,1,26/12/2022,3
29,Missouri,290972,0,0,1,0,165,PLATTE (165),4120,KANSAS CITY,12,Diciembre,27,2022,23,48,NW 72ND ST,6,Calle Local Municipalidad,Urbano,Colector Mayor,City or Municipal Highway Agency,0,Sin jurisdiccion especial,10,39.22494444,-94.64055556,Banqueta,El primer evento no fue una colision con un vehiculo automotor en transporte,Roundabout,Glorieta,Isla de trafico para peatones,Ninguna,Oscuro con iluminacion,Despejado,No,NO APLICA,23,49,23,56,1,27/12/2022,1
29,Missouri,290973,0,0,1,0,161,PHELPS (161),0,NO APLICA,12,Diciembre,27,2022,14,10,CR-3640,4,Calle del Condado,Rural,No reportado,County Highway Agency,0,Sin jurisdiccion especial,0,38.02525,-91.53366667,Vehiculo Ferrocarril,El primer evento no fue una colision con un vehiculo automotor en transporte,Not an Intersection,No fue interseccion,Sobre calle,Ninguna,Dia total,Despejado,No,664570W,99,99,99,99,1,27/12/2022,1
29,Missouri,290974,1,1,1,0,131,MILLER (131),0,NO APLICA,12,Diciembre,28,2022,18,49,US-54 BU,2,US Highway,Rural,Arteria Menor,State Highway Agency,0,Sin jurisdiccion especial,50,38.36411111,-92.5505,Peaton,El primer evento no fue una colision con un vehiculo automotor en transporte,Not an Intersection,No fue interseccion,Sobre calle,Ninguna,Oscuro sin iluminacion,Despejado,No,NO APLICA,18,51,18,59,1,28/12/2022,2
29,Missouri,290975,0,0,2,0,165,PLATTE (165),0,NO APLICA,12,Diciembre,28,2022,7,0,I-29,1,Interestatal,Rural,Interestatal,State Highway Agency,1,Sin jurisdiccion especial,180,39.38805556,-94.7894,Vehiculo en movimiento,Frente a Detrás,Not an Intersection,No fue interseccion,Sobre calle,Ninguna,Oscuro sin iluminacion,Despejado,No,NO APLICA,7,8,7,15,1,28/12/2022,2
29,Missouri,290976,0,0,2,0,121,MACON (121),4840,MACON,12,Diciembre,28,2022,7,5,US-63,2,US Highway,Urbano,Arteria Principal,State Highway Agency,1,Sin jurisdiccion especial,210,39.74847222,-92.468,Vehiculo en movimiento,Frente a frente,T-Intersection,Interseccion de T,Sobre calle,Ninguna,Dia total,Despejado,No,NO APLICA,7,10,7,12,1,28/12/2022,2
29,Missouri,290977,0,0,1,0,125,MARIES (125),0,NO APLICA,12,Diciembre,29,2022,13,4,SR-28,3,Highway estatal,Rural,Arteria Menor,State Highway Agency,0,Sin jurisdiccion especial,260,38.14958333,-91.76144444,Acotamiento,El primer evento no fue una colision con un vehiculo automotor en transporte,Not an Intersection,No fue interseccion,Sobre el lado de la calle,Ninguna,Dia total,Nublado,No,NO APLICA,99,99,99,99,1,29/12/2022,1
29,Missouri,290978,0,0,2,0,510,ST. LOUIS (CITY) (510),7080,ST. LOUIS,12,Diciembre,29,2022,2,29,NATURAL BRIDGE AVE,6,Calle Local Municipalidad,Urbano,Arteria Principal,State Highway Agency,1,Sin jurisdiccion especial,20,38.66788889,-90.23198056,Vehiculo en movimiento,Frente a Detrás,T-Intersection,Interseccion de T,Sobre calle,Ninguna,Oscuro con iluminacion,Despejado,No,NO APLICA,99,99,99,99,1,29/12/2022,2
29,Missouri,290979,1,1,1,0,227,WORTH (227),0,NO APLICA,12,Diciembre,29,2022,14,46,SR-246,3,Highway estatal,Rural,Colector Mayor,State Highway Agency,0,Sin jurisdiccion especial,30,40.51569444,-94.58355556,Peaton,El primer evento no fue una colision con un vehiculo automotor en transporte,Not an Intersection,No fue interseccion,Sobre calle,Ninguna,Dia total,Despejado,No,NO APLICA,99,99,99,99,1,29/12/2022,1
29,Missouri,290980,0,0,2,0,183,ST. CHARLES (183),7100,ST. PETERS,12,Diciembre,30,2022,17,11,I-70,1,Interestatal,Urbano,Interestatal,State Highway Agency,1,Sin jurisdiccion especial,200,38.7985,-90.60569444,Vehiculo en movimiento,Golpe Lateral - misma direccion,Not an Intersection,No fue interseccion,Sobre calle,Ninguna,Oscuro con iluminacion,Nublado,No,NO APLICA,17,14,17,20,1,30/12/2022,3
29,Missouri,290981,0,0,1,0,207,STODDARD (207),20,ADVANCE,12,Diciembre,31,2022,0,1,SR-25,3,Highway estatal,Rural,Arteria Menor,State Highway Agency,0,Sin jurisdiccion especial,30,37.10621111,-89.90445833,Zanja,El primer evento no fue una colision con un vehiculo automotor en transporte,Not an Intersection,No fue interseccion,Sobre el lado de la calle,Ninguna,Oscuro con iluminacion,Nublado,No,NO APLICA,99,99,99,99,1,31/12/2022,1
29,Missouri,290982,0,0,1,0,59,DALLAS (59),0,NO APLICA,12,Diciembre,31,2022,1,10,US-65,2,US Highway,Rural,Arteria Principal,State Highway Agency,1,Sin jurisdiccion especial,0,37.89422222,-93.1795,Barda,El primer evento no fue una colision con un vehiculo automotor en transporte,Not an Intersection,No fue interseccion,Fuera de la calle,Ninguna,Oscuro con iluminacion,Nublado,No,NO APLICA,99,99,99,99,1,31/12/2022,1
29,Missouri,290983,0,0,1,0,189,ST LOUIS (189),0,NO APLICA,5,Mayo,3,2022,13,7,I-70,1,Interestatal,Urbano,Interestatal,State Highway Agency,1,Sin jurisdiccion especial,0,38.76283333,-90.47916667,Valla Ferrocarril,El primer evento no fue una colision con un vehiculo automotor en transporte,Not an Intersection,No fue interseccion,Sobre el lado de la calle,Ninguna,Dia total,Despejado,No,NO APLICA,13,12,13,17,1,03/05/2022,3
29,Missouri,290984,0,0,2,0,113,LINCOLN (113),0,NO APLICA,11,Noviembre,23,2022,12,10,US-61,2,US Highway,Rural,Arteria Principal,State Highway Agency,1,Sin jurisdiccion especial,180,39.12808333,-90.96386111,Vehiculo en movimiento,Angulo,Four-Way Intersection,Interseccion de 4 direcciones,Sobre calle,Ninguna,Dia total,Despejado,No,NO APLICA,12,14,12,16,1,23/11/2022,2
29,Missouri,290985,0,0,1,0,95,JACKSON (95),4120,KANSAS CITY,12,Diciembre,1,2022,12,41,HARDESTY AVE,6,Calle Local Municipalidad,Urbano,Arteria Menor,City or Municipal Highway Agency,0,Sin jurisdiccion especial,20,39.08854167,-94.51961944,Hidrante,El primer evento no fue una colision con un vehiculo automotor en transporte,Not an Intersection,No fue interseccion,Sobre el lado de la calle,Ninguna,Dia total,Despejado,No,NO APLICA,12,41,12,55,1,01/12/2022,1
29,Missouri,290986,1,1,1,0,19,BOONE (19),1800,COLUMBIA,12,Diciembre,7,2022,19,16,SR-PP,3,Highway estatal,Urbano,Arteria Menor,State Highway Agency,0,Sin jurisdiccion especial,60,38.96373889,-92.289575,Peaton,El primer evento no fue una colision con un vehiculo automotor en transporte,Not an Intersection,No fue interseccion,Sobre calle,Ninguna,Oscuro con iluminacion,Despejado,No,NO APLICA,99,98,99,98,1,07/12/2022,2
29,Missouri,290987,0,0,1,0,99,JEFFERSON (99),0,NO APLICA,12,Diciembre,22,2022,21,34,CR-ROMAINE CREEK RD,4,Calle del Condado,Urbano,Colector Mayor,County Highway Agency,0,Sin jurisdiccion especial,30,38.46589167,-90.44791944,Arbol,El primer evento no fue una colision con un vehiculo automotor en transporte,Not an Intersection,No fue interseccion,Sobre el lado de la calle,Ninguna,Oscuro sin iluminacion,lluvia,No,NO APLICA,99,99,99,99,1,22/12/2022,1
29,Missouri,290988,0,0,1,0,155,PEMISCOT (155),7500,STEELE,8,Agosto,26,2022,19,30,S COOTER RD,6,Calle Local Municipalidad,Rural,No reportado,City or Municipal Highway Agency,0,Sin jurisdiccion especial,0,36.08219722,-89.81564167,Arbol,El primer evento no fue una colision con un vehiculo automotor en transporte,Not an Intersection,No fue interseccion,Sobre el lado de la calle,Ninguna,Dia total,Despejado,No,NO APLICA,99,98,99,98,1,26/08/2022,1
29,Missouri,290989,0,0,2,0,83,HENRY (83),0,NO APLICA,7,Julio,12,2022,13,30,SR-13,3,Highway estatal,Rural,Arteria Principal,State Highway Agency,1,Sin jurisdiccion especial,120,38.39766667,-93.76355556,Vehiculo en movimiento,Angulo,Not an Intersection,No fue interseccion,Sobre calle,Ninguna,Dia total,Despejado,No,NO APLICA,99,99,99,99,1,12/07/2022,4
29,Missouri,290990,0,0,1,0,83,HENRY (83),0,NO APLICA,8,Agosto,3,2022,2,0,SR-7,3,Highway estatal,Rural,Arterial Principal -Freeway o ExpressWay,State Highway Agency,1,Sin jurisdiccion especial,220,38.39815278,-93.83301944,Poste de Señal de trafico,El primer evento no fue una colision con un vehiculo automotor en transporte,Not an Intersection,No fue interseccion,En el medio,Ninguna,Oscuro sin iluminacion,Despejado,No,NO APLICA,3,11,3,46,1,03/08/2022,2
29,Missouri,290991,0,0,1,0,213,TANEY (213),0,NO APLICA,9,Septiembre,1,2022,16,49,SR-H,3,Highway estatal,Rural,Colector Mayor,State Highway Agency,0,Sin jurisdiccion especial,60,36.74680556,-93.13525,Acotamiento,El primer evento no fue una colision con un vehiculo automotor en transporte,Not an Intersection,No fue interseccion,Sobre el lado de la calle,Ninguna,Dia total,Despejado,No,NO APLICA,16,48,16,53,1,01/09/2022,1
30,Montana,300001,0,0,1,0,43,JEFFERSON (43),0,NO APLICA,1,Enero,23,2022,1,0,SR- 55,3,Highway estatal,Rural,Arteria Principal,State Highway Agency,1,Sin jurisdiccion especial,55,45.78999444,-112.1690611,Volcadura,El primer evento no fue una colision con un vehiculo automotor en transporte,Not an Intersection,No fue interseccion,Sobre el lado de la calle,Ninguna,Oscuro sin iluminacion,Despejado,No,NO APLICA,88,88,88,88,1,23/01/2022,1
30,Montana,300002,0,0,1,0,43,JEFFERSON (43),0,NO APLICA,2,Febrero,9,2022,21,35,I- 90,1,Interestatal,Rural,Interestatal,State Highway Agency,1,Sin jurisdiccion especial,2601,45.87598333,-111.8951056,Volcadura,El primer evento no fue una colision con un vehiculo automotor en transporte,Not an Intersection,No fue interseccion,Sobre calle,Ninguna,Oscuro sin iluminacion,Nublado,No,NO APLICA,21,41,21,58,1,09/02/2022,1
30,Montana,300003,0,0,1,0,3,BIG HORN (3),0,NO APLICA,1,Enero,25,2022,18,18,I-90,1,Interestatal,Rural,Interestatal,State Highway Agency,1,Sin jurisdiccion especial,4767,45.78102778,-107.9986833,Poste o otros soportes,El primer evento no fue una colision con un vehiculo automotor en transporte,Not an Intersection,No fue interseccion,En el medio,Ninguna,Oscuro sin iluminacion,Nublado,No,NO APLICA,18,26,18,45,1,25/01/2022,2
30,Montana,300004,0,0,2,0,83,RICHLAND (83),0,NO APLICA,2,Febrero,13,2022,4,57,SR- 16,3,Highway estatal,Rural,Arteria Principal,State Highway Agency,1,Sin jurisdiccion especial,471,47.64756944,-104.2050583,Vehiculo en movimiento,Frente a frente,Not an Intersection,No fue interseccion,Sobre calle,Ninguna,Oscuro sin iluminacion,Nublado,No,NO APLICA,5,5,5,22,1,13/02/2022,3
30,Montana,300005,0,0,1,0,29,FLATHEAD (29),0,NO APLICA,1,Enero,4,2022,10,38,US-2,2,US Highway,Rural,Arteria Principal,State Highway Agency,1,Sin jurisdiccion especial,1330,48.35719444,-114.2412333,Volcadura,El primer evento no fue una colision con un vehiculo automotor en transporte,Not an Intersection,No fue interseccion,Sobre el lado de la calle,Ninguna,Dia total,Nublado,No,NO APLICA,10,40,10,52,1,04/01/2022,1
30,Montana,300006,1,1,2,1,93,SILVER BOW (93),0,NO APLICA,1,Enero,5,2022,14,20,I-90,1,Interestatal,Rural,Interestatal,State Highway Agency,1,Sin jurisdiccion especial,2153,46.01358056,-112.7136028,Peaton,El primer evento no fue una colision con un vehiculo automotor en transporte,Not an Intersection,No fue interseccion,En el medio,Ninguna,Dia total,Nieve,No,NO APLICA,14,36,14,48,1,05/01/2022,2
30,Montana,300007,1,1,1,0,29,FLATHEAD (29),0,NO APLICA,1,Enero,9,2022,21,10,US-2,2,US Highway,Rural,Arteria Principal,State Highway Agency,1,Sin jurisdiccion especial,1450,48.403825,-114.0434167,Peaton,El primer evento no fue una colision con un vehiculo automotor en transporte,Not an Intersection,No fue interseccion,Sobre calle,Ninguna,Oscuro sin iluminacion,Despejado,No,NO APLICA,21,11,21,16,1,09/01/2022,1
30,Montana,300008,0,0,1,0,11,CARTER (11),0,NO APLICA,1,Enero,12,2022,16,10,SR-MT7,3,Highway estatal,Rural,Arteria Menor,State Highway Agency,0,Sin jurisdiccion especial,114,46.04619167,-104.4568528,Valla Ferrocarril,El primer evento no fue una colision con un vehiculo automotor en transporte,Not an Intersection,No fue interseccion,Sobre el lado de la calle,Ninguna,Dia total,Despejado,No,NO APLICA,16,15,16,31,1,12/01/2022,1
30,Montana,300009,1,1,1,0,47,LAKE (47),0,NO APLICA,1,Enero,14,2022,18,27,US-93,2,US Highway,Rural,Arteria Principal,State Highway Agency,1,Reservacion India,323,47.3188,-114.1067389,Peaton,El primer evento no fue una colision con un vehiculo automotor en transporte,Not an Intersection,No fue interseccion,Sobre calle,Ninguna,Oscuro sin iluminacion,Despejado,No,NO APLICA,18,29,18,36,1,14/01/2022,2
30,Montana,300010,0,0,1,0,75,POWDER RIVER (75),0,NO APLICA,3,Marzo,3,2022,18,30,CR- BAYHORSE ROAD,4,Calle del Condado,Rural,Local,County Highway Agency,0,Sin jurisdiccion especial,99999,45.05776944,-105.4408278,Volcadura,El primer evento no fue una colision con un vehiculo automotor en transporte,Not an Intersection,No fue interseccion,Fuera de la calle,Ninguna,Oscuro sin iluminacion,Despejado,No,NO APLICA,19,18,19,54,1,03/03/2022,1