Estado,Nombre de Estado,Numero de Caso,Peatones,Personas _no_vehiculos,Vehiculos automotores,Vehiculos estacionados,Condado,Nombre Condado,Ciudad,Nombre Ciudad,Mes,Nombre Mes,Dia,Año,Hora,Minuto,Calle,Ruta,Nombre Ruta,Rural o Urbanoo,Sistema Funcional,Dueño Calle,Sistema Nacional Carreteras,Jurisdiccion Especial,Milla,Latitud,Longitud,Causa del Accidente,Tipo de Accidente,Tipo Interseccion,Columna1,Lugar en la calle,Zona de Trabajo,Luz,Clima,Autobus Escolar,Cruce de Trenes,Hora Notificacion,Minuto Notificacion,Hora Llegada,Minuto Llegada,Decesos,Fecha,PersonaVehiculo
30,Montana,300011,0,0,1,0,81,RAVALLI (81),0,NO APLICA,2,Febrero,7,2022,20,30,US-93S,2,US Highway,Rural,Arteria Principal,State Highway Agency,1,Sin jurisdiccion especial,263,45.97128889,-114.1386778,Poste o otros soportes,El primer evento no fue una colision con un vehiculo automotor en transporte,Not an Intersection,No fue interseccion,Sobre el lado de la calle,Ninguna,Oscuro sin iluminacion,Despejado,No,NO APLICA,20,37,20,43,1,07/02/2022,1
30,Montana,300012,0,0,2,0,13,CASCADE (13),0,NO APLICA,2,Febrero,16,2022,7,35,I-15N,1,Interestatal,Urbano,Interestatal,State Highway Agency,1,Sin jurisdiccion especial,2782,47.47648611,-111.3544917,Vehiculo en movimiento,Angulo,Not an Intersection,No fue interseccion,Sobre calle,Ninguna,Dia total,Nieve,No,NO APLICA,7,39,7,53,1,16/02/2022,2
30,Montana,300013,0,0,1,0,81,RAVALLI (81),0,NO APLICA,2,Febrero,28,2022,5,30,CR-THREE MILE CREEK ROAD,4,Calle del Condado,Rural,Colector Menor,County Highway Agency,0,Sin jurisdiccion especial,99999,46.56651667,-114.0377889,Poste,El primer evento no fue una colision con un vehiculo automotor en transporte,Not an Intersection,No fue interseccion,Sobre el lado de la calle,Ninguna,Oscuro sin iluminacion,lluvia,No,NO APLICA,5,44,5,52,1,28/02/2022,1
30,Montana,300014,0,0,1,0,49,LEWIS AND CLARK (49),0,NO APLICA,2,Febrero,14,2022,3,45,SR-MT 200,3,Highway estatal,Rural,Arteria Principal,State Highway Agency,1,Sin jurisdiccion especial,845,47.04090278,-112.4390306,Fin de valla,El primer evento no fue una colision con un vehiculo automotor en transporte,Not an Intersection,No fue interseccion,Sobre el lado de la calle,Ninguna,Oscuro sin iluminacion,Despejado,No,NO APLICA,4,1,4,16,1,14/02/2022,2
30,Montana,300015,0,0,1,0,11,CARTER (11),0,NO APLICA,3,Marzo,19,2022,2,30,SR- MT 7,3,Highway estatal,Rural,Arteria Menor,State Highway Agency,0,Sin jurisdiccion especial,86,46.009175,-104.4781333,Volcadura,El primer evento no fue una colision con un vehiculo automotor en transporte,Not an Intersection,No fue interseccion,Fuera de la calle,Ninguna,Oscuro sin iluminacion,Despejado,No,NO APLICA,2,34,2,54,1,19/03/2022,2
30,Montana,300016,1,1,2,0,3,BIG HORN (3),0,NO APLICA,1,Enero,24,2022,1,3,I-90,1,Interestatal,Rural,Interestatal,State Highway Agency,1,Sin jurisdiccion especial,4900,45.74360556,-107.7358028,Vehiculo en movimiento,Angulo,Not an Intersection,No fue interseccion,Sobre calle,Ninguna,Oscuro sin iluminacion,Nublado,No,NO APLICA,1,5,1,20,1,24/01/2022,2
30,Montana,300017,0,0,1,0,47,LAKE (47),0,NO APLICA,3,Marzo,20,2022,14,50,CR-CANAL RD,4,Calle del Condado,Rural,Local,County Highway Agency,0,Reservacion India,99998,47.61530556,-114.0491583,Volcadura,El primer evento no fue una colision con un vehiculo automotor en transporte,T-Intersection,Interseccion de T,Sobre el lado de la calle,Ninguna,Dia total,Nublado,No,NO APLICA,14,55,15,1,1,20/03/2022,1
30,Montana,300018,0,0,1,0,89,SANDERS (89),0,NO APLICA,3,Marzo,21,2022,0,50,SR-HWY 28,3,Highway estatal,Rural,Arteria Menor,State Highway Agency,0,Reservacion India,197,47.61951667,-114.6259167,Poste o otros soportes,El primer evento no fue una colision con un vehiculo automotor en transporte,Not an Intersection,No fue interseccion,Sobre el lado de la calle,Ninguna,Oscuro sin iluminacion,Despejado,No,NO APLICA,1,10,1,16,1,21/03/2022,1
30,Montana,300019,0,0,1,0,49,LEWIS AND CLARK (49),0,NO APLICA,4,Abril,19,2022,17,35,I-15,1,Interestatal,Rural,Interestatal,State Highway Agency,1,Sin jurisdiccion especial,2179,46.90559722,-112.1203056,Poste o otros soportes,El primer evento no fue una colision con un vehiculo automotor en transporte,Not an Intersection,No fue interseccion,Sobre el lado de la calle,Ninguna,Dia total,Despejado,No,NO APLICA,17,41,18,2,1,19/04/2022,1
30,Montana,300020,0,0,1,0,105,VALLEY (105),0,NO APLICA,4,Abril,14,2022,8,0,CR-S537,4,Calle del Condado,Rural,Colector Mayor,County Highway Agency,0,Sin jurisdiccion especial,36,48.44082222,-107.0733139,Volcadura,El primer evento no fue una colision con un vehiculo automotor en transporte,Not an Intersection,No fue interseccion,Sobre el lado de la calle,Ninguna,Dia total,Soplando nieve,No,NO APLICA,8,8,8,21,1,14/04/2022,1
30,Montana,300021,0,0,1,0,31,GALLATIN (31),0,NO APLICA,1,Enero,21,2022,8,45,I-90 W,1,Interestatal,Urbano,Interestatal,State Highway Agency,1,Sin jurisdiccion especial,3109,45.66625556,-110.9804639,Acotamiento,El primer evento no fue una colision con un vehiculo automotor en transporte,Not an Intersection,No fue interseccion,En el medio,Ninguna,Dia total,Nieve,No,NO APLICA,8,45,9,1,1,21/01/2022,1
30,Montana,300022,0,0,1,0,65,MUSSELSHELL (65),0,NO APLICA,4,Abril,14,2022,9,48,US-87,2,US Highway,Rural,Arteria Principal,State Highway Agency,1,Sin jurisdiccion especial,116,46.60271667,-108.5878861,Volcadura,El primer evento no fue una colision con un vehiculo automotor en transporte,Not an Intersection,No fue interseccion,Sobre el lado de la calle,Ninguna,Dia total,Nublado,No,NO APLICA,9,53,9,58,1,14/04/2022,3
30,Montana,300023,0,0,1,0,31,GALLATIN (31),0,NO APLICA,4,Abril,16,2022,16,30,I-90 E,1,Interestatal,Rural,Interestatal,State Highway Agency,1,Sin jurisdiccion especial,2941,45.81078333,-111.2465333,Volcadura,El primer evento no fue una colision con un vehiculo automotor en transporte,Not an Intersection,No fue interseccion,Sobre calle,Ninguna,Dia total,Nublado,No,NO APLICA,16,39,16,53,1,16/04/2022,1
30,Montana,300024,0,0,1,0,53,LINCOLN (53),0,NO APLICA,4,Abril,15,2022,11,30,CR-482 FARM TO MARKET RD,4,Calle del Condado,Rural,Colector Menor,County Highway Agency,0,Sin jurisdiccion especial,35,48.30455,-115.4932222,Arbol,El primer evento no fue una colision con un vehiculo automotor en transporte,Not an Intersection,No fue interseccion,Sobre el lado de la calle,Ninguna,Dia total,Despejado,No,NO APLICA,11,30,11,45,1,15/04/2022,1
30,Montana,300025,0,0,1,0,55,MCCONE (55),0,NO APLICA,3,Marzo,24,2022,0,15,SR-MT 13,3,Highway estatal,Rural,Arteria Menor,State Highway Agency,0,Sin jurisdiccion especial,126,47.59224722,-105.5195111,Volcadura,El primer evento no fue una colision con un vehiculo automotor en transporte,Not an Intersection,No fue interseccion,Sobre el lado de la calle,Ninguna,Oscuro sin iluminacion,Despejado,No,NO APLICA,0,26,0,45,1,24/03/2022,1
30,Montana,300026,0,0,1,0,89,SANDERS (89),0,NO APLICA,3,Marzo,24,2022,22,30,SR-MT 200,3,Highway estatal,Rural,Arteria Menor,State Highway Agency,0,Reservacion India,1131,47.28898056,-114.2484083,Volcadura,El primer evento no fue una colision con un vehiculo automotor en transporte,Not an Intersection,No fue interseccion,Sobre calle,Ninguna,Oscuro sin iluminacion,Nublado,No,NO APLICA,22,49,23,2,1,24/03/2022,1
30,Montana,300027,0,0,1,0,85,ROOSEVELT (85),0,NO APLICA,3,Marzo,31,2022,11,50,CR-1074,4,Calle del Condado,Rural,Local,County Highway Agency,0,Reservacion India,99998,48.14174722,-105.6471,Suelo,El primer evento no fue una colision con un vehiculo automotor en transporte,Not an Intersection,No fue interseccion,Sobre el lado de la calle,Ninguna,Dia total,Despejado,No,NO APLICA,11,48,11,58,1,31/03/2022,2
30,Montana,300028,0,0,2,0,3,BIG HORN (3),0,NO APLICA,3,Marzo,20,2022,23,7,US-212,2,US Highway,Rural,Arteria Principal,State Highway Agency,1,Reservacion India,143,45.52530833,-107.1803306,Vehiculo en movimiento,Frente a frente,Not an Intersection,No fue interseccion,Sobre calle,Ninguna,Oscuro sin iluminacion,lluvia,No,NO APLICA,23,21,23,32,2,20/03/2022,4
30,Montana,300029,0,0,3,0,75,POWDER RIVER (75),0,NO APLICA,3,Marzo,17,2022,8,6,US-212,2,US Highway,Rural,Arteria Principal,State Highway Agency,1,Sin jurisdiccion especial,783,45.44715,-105.4281972,Vehiculo en movimiento,Frente a frente,Not an Intersection,No fue interseccion,Sobre calle,Ninguna,Dia total,Despejado,No,NO APLICA,8,7,8,21,2,17/03/2022,6
30,Montana,300030,0,0,2,0,81,RAVALLI (81),0,NO APLICA,4,Abril,14,2022,21,50,US-93,2,US Highway,Urbano,Arteria Principal,State Highway Agency,1,Sin jurisdiccion especial,496,46.27934722,-114.1609333,Vehiculo en movimiento,Golpe Lateral - misma direccion,Not an Intersection,No fue interseccion,Sobre calle,Ninguna,Oscuro con iluminacion,Nieve,No,NO APLICA,21,53,22,1,1,14/04/2022,3
30,Montana,300031,0,0,2,0,35,GLACIER (35),0,NO APLICA,3,Marzo,12,2022,15,45,US-2,2,US Highway,Rural,Arteria Principal,State Highway Agency,1,Reservacion India,2094,48.44325,-113.2180639,Vehiculo en movimiento,Frente a frente,Not an Intersection,No fue interseccion,Sobre calle,Ninguna,Dia total,Despejado,No,NO APLICA,15,50,15,59,1,12/03/2022,3
30,Montana,300032,0,0,1,0,77,POWELL (77),0,NO APLICA,4,Abril,17,2022,12,20,N FRONTAGE RD,7,Calle Local,Rural,Local,State Highway Agency,0,Sin jurisdiccion especial,0,46.44131944,-112.7242528,Acotamiento,El primer evento no fue una colision con un vehiculo automotor en transporte,Not an Intersection,No fue interseccion,Sobre el lado de la calle,Ninguna,Dia total,Nublado,No,NO APLICA,12,8,12,17,1,17/04/2022,1
30,Montana,300033,0,0,2,0,61,MINERAL (61),0,NO APLICA,4,Abril,11,2022,6,0,SR-135,3,Highway estatal,Rural,Arteria Menor,State Highway Agency,0,Sin jurisdiccion especial,13,47.31313889,-115.0834917,Vehiculo en movimiento,Frente a Detrás,Four-Way Intersection,Interseccion de 4 direcciones,Sobre calle,Ninguna,Oscuro sin iluminacion,Nublado,No,NO APLICA,6,2,6,24,1,11/04/2022,2
30,Montana,300035,0,0,1,0,29,FLATHEAD (29),0,NO APLICA,3,Marzo,13,2022,9,15,US-2,2,US Highway,Rural,Arteria Principal,State Highway Agency,1,Sin jurisdiccion especial,1065,48.09336111,-114.5382528,Poste o otros soportes,El primer evento no fue una colision con un vehiculo automotor en transporte,Not an Intersection,No fue interseccion,Sobre el lado de la calle,Ninguna,Dia total,lluvia,No,NO APLICA,9,23,9,48,1,13/03/2022,1
30,Montana,300036,0,0,2,0,89,SANDERS (89),0,NO APLICA,4,Abril,18,2022,9,20,SR-28,3,Highway estatal,Rural,Arteria Menor,State Highway Agency,0,Reservacion India,0,47.70299167,-114.6262056,Vehiculo en movimiento,Angulo,Four-Way Intersection,Interseccion de 4 direcciones,Sobre calle,Ninguna,Dia total,Nublado,No,NO APLICA,9,22,9,33,2,18/04/2022,3
30,Montana,300037,0,0,1,0,73,PONDERA (73),0,NO APLICA,4,Abril,23,2022,12,50,BIA ROUTE 1/HEART BUTTE RD,5,Calle Local - Pueblo,Rural,Colector Mayor,Bureau of Indian Affairs,0,Reservacion India,94,48.30646944,-112.8617889,Volcadura,El primer evento no fue una colision con un vehiculo automotor en transporte,Not an Intersection,No fue interseccion,Sobre el lado de la calle,Ninguna,Dia total,Nublado,No,NO APLICA,12,55,13,13,1,23/04/2022,1
30,Montana,300038,0,0,2,0,45,JUDITH BASIN (45),0,NO APLICA,4,Abril,12,2022,9,18,US-87 SR200/3,2,US Highway,Rural,Arteria Principal,State Highway Agency,1,Sin jurisdiccion especial,315,47.17650556,-110.3195917,Vehiculo en movimiento,Frente a frente,Not an Intersection,No fue interseccion,Sobre calle,Ninguna,Dia total,Nieve,No,NO APLICA,9,26,9,37,1,12/04/2022,3
30,Montana,300039,0,0,1,0,35,GLACIER (35),0,NO APLICA,4,Abril,29,2022,3,40,3C BAR RD,5,Calle Local - Pueblo,Rural,Local,Indian Tribe Nation,0,Reservacion India,0,48.66576111,-112.9424139,Barda,El primer evento no fue una colision con un vehiculo automotor en transporte,Not an Intersection,No fue interseccion,Sobre el lado de la calle,Ninguna,Oscuro sin iluminacion,Despejado,No,NO APLICA,5,23,5,36,1,29/04/2022,1
30,Montana,300040,0,0,2,0,67,PARK (67),0,NO APLICA,5,Mayo,6,2022,16,8,I-90/US191,1,Interestatal,Rural,Interestatal,State Highway Agency,1,Sin jurisdiccion especial,3427,45.713325,-110.4098444,Vehiculo en movimiento,Frente a frente,Not an Intersection,No fue interseccion,Sobre calle,Ninguna,Dia total,Nublado,No,NO APLICA,16,8,16,17,2,06/05/2022,2
30,Montana,300041,0,0,2,0,47,LAKE (47),0,NO APLICA,5,Mayo,11,2022,18,19,US-93,2,US Highway,Rural,Arteria Principal,State Highway Agency,1,Reservacion India,0,47.68888889,-114.1256639,Vehiculo en movimiento,Angulo,T-Intersection,Interseccion de T,Sobre calle,Ninguna,Dia total,Nublado,No,NO APLICA,18,19,18,21,1,11/05/2022,2
30,Montana,300042,0,0,1,0,35,GLACIER (35),0,NO APLICA,5,Mayo,17,2022,23,50,CR-464 DUCK LAKE RD,4,Calle del Condado,Rural,Colector Menor,State Highway Agency,0,Reservacion India,29,48.59694167,-113.019275,Poste o otros soportes,El primer evento no fue una colision con un vehiculo automotor en transporte,Not an Intersection,No fue interseccion,Sobre el lado de la calle,Ninguna,Oscuro sin iluminacion,Despejado,No,NO APLICA,23,56,0,0,1,17/05/2022,1
30,Montana,300043,0,0,1,0,3,BIG HORN (3),0,NO APLICA,5,Mayo,21,2022,4,0,US-212,2,US Highway,Rural,Arteria Principal,State Highway Agency,1,Reservacion India,120,45.52798056,-107.2214083,Acotamiento,El primer evento no fue una colision con un vehiculo automotor en transporte,Not an Intersection,No fue interseccion,Sobre el lado de la calle,Ninguna,Oscuro - iluminacion desconocida,Despejado,No,NO APLICA,10,6,10,24,1,21/05/2022,2
30,Montana,300044,0,0,2,0,111,YELLOWSTONE (111),0,NO APLICA,5,Mayo,26,2022,14,36,SHEPHERD RD,5,Calle Local - Pueblo,Rural,Colector Mayor,State Highway Agency,0,Sin jurisdiccion especial,0,45.92315833,-108.3427083,Volcadura,El primer evento no fue una colision con un vehiculo automotor en transporte,Not an Intersection,No fue interseccion,Sobre calle,Ninguna,Dia total,Despejado,No,NO APLICA,14,36,14,44,1,26/05/2022,3
30,Montana,300045,0,0,1,0,67,PARK (67),0,NO APLICA,6,Junio,3,2022,20,31,CR-572 MURPHY LN,4,Calle del Condado,Rural,Colector Mayor,County Highway Agency,0,Sin jurisdiccion especial,2,45.36754722,-110.7294139,Poste de Señal de trafico,El primer evento no fue una colision con un vehiculo automotor en transporte,Not an Intersection,No fue interseccion,Sobre el lado de la calle,Ninguna,Dia total,Despejado,No,NO APLICA,20,26,20,48,1,03/06/2022,1
30,Montana,300046,0,0,2,0,111,YELLOWSTONE (111),0,NO APLICA,6,Junio,3,2022,14,45,SHEPHERD ACTON RD,5,Calle Local - Pueblo,Rural,Colector Menor,County Highway Agency,0,Sin jurisdiccion especial,0,45.94373611,-108.3636333,Vehiculo en movimiento,Angulo,Four-Way Intersection,Interseccion de 4 direcciones,Sobre calle,Ninguna,Dia total,Despejado,No,NO APLICA,14,58,15,3,2,03/06/2022,4
30,Montana,300047,0,0,1,0,29,FLATHEAD (29),0,NO APLICA,6,Junio,5,2022,99,99,RIVER RD,5,Calle Local - Pueblo,Rural,Local,County Highway Agency,0,Sin jurisdiccion especial,0,48.37800556,-114.0682167,Immersion total o parcial,El primer evento no fue una colision con un vehiculo automotor en transporte,Reported as Unknown,Desconocido,Reportado como desconocida,Ninguna,Reportada como desconocida,Reportado como desconocido,No,NO APLICA,88,88,88,88,1,05/06/2022,1
30,Montana,300048,1,1,1,0,49,LEWIS AND CLARK (49),0,NO APLICA,6,Junio,9,2022,16,50,CR-430 CANYON FERRY RD,4,Calle del Condado,Urbano,Colector Mayor,County Highway Agency,0,Sin jurisdiccion especial,0,46.61720833,-111.8736833,Poste o otros soportes,El primer evento no fue una colision con un vehiculo automotor en transporte,T-Intersection,Interseccion de T,Sobre el lado de la calle,Ninguna,Dia total,Despejado,No,NO APLICA,16,51,16,57,1,09/06/2022,1
30,Montana,300049,0,0,1,0,53,LINCOLN (53),0,NO APLICA,6,Junio,11,2022,10,35,SR-56,3,Highway estatal,Rural,Arteria Menor,State Highway Agency,0,Sin jurisdiccion especial,300,48.38693889,-115.8262778,Poste o otros soportes,El primer evento no fue una colision con un vehiculo automotor en transporte,Not an Intersection,No fue interseccion,Sobre el lado de la calle,Ninguna,Dia total,Nublado,No,NO APLICA,10,56,11,2,1,11/06/2022,1
30,Montana,300050,0,0,1,0,65,MUSSELSHELL (65),0,NO APLICA,6,Junio,11,2022,3,58,OLD DIVIDE RD,5,Calle Local - Pueblo,Rural,Arteria Menor,County Highway Agency,0,Sin jurisdiccion especial,0,46.26399722,-108.4625972,Volcadura,El primer evento no fue una colision con un vehiculo automotor en transporte,Not an Intersection,No fue interseccion,Sobre el lado de la calle,Ninguna,Oscuro sin iluminacion,Nublado,No,NO APLICA,4,4,4,18,1,11/06/2022,1
30,Montana,300051,0,0,1,0,1,BEAVERHEAD (1),0,NO APLICA,6,Junio,12,2022,18,50,QUARTZ HILL RD,8,Otro,Rural,Local,U.S. Forest Service,0,Sin jurisdiccion especial,0,45.68968333,-112.9311389,Volcadura,El primer evento no fue una colision con un vehiculo automotor en transporte,Not an Intersection,No fue interseccion,Sobre el lado de la calle,Ninguna,Dia total,Nublado,No,NO APLICA,21,14,22,19,1,12/06/2022,2
30,Montana,300052,0,0,2,0,47,LAKE (47),0,NO APLICA,6,Junio,12,2022,5,20,US-93,2,US Highway,Rural,Arteria Principal,State Highway Agency,1,Reservacion India,154,47.14241111,-114.0471278,Vehiculo en movimiento,Frente a frente,Not an Intersection,No fue interseccion,Sobre calle,Ninguna,Amanecer,Nublado,No,NO APLICA,5,38,5,41,2,12/06/2022,2
30,Montana,300053,0,0,3,0,27,FERGUS (27),0,NO APLICA,6,Junio,25,2022,15,38,US-87,2,US Highway,Rural,Arteria Principal,State Highway Agency,1,Sin jurisdiccion especial,841,47.06970833,-109.3904944,Vehiculo en movimiento,Golpe Lateral - direccion contraria,Not an Intersection,No fue interseccion,Sobre calle,Ninguna,Dia total,Despejado,No,NO APLICA,15,38,15,47,1,25/06/2022,5
30,Montana,300054,0,0,1,0,97,SWEET GRASS (97),0,NO APLICA,6,Junio,26,2022,13,0,SR-HWY 10,3,Highway estatal,Rural,Local,State Highway Agency,0,Sin jurisdiccion especial,95,45.74642778,-109.7638472,Poste o otros soportes,El primer evento no fue una colision con un vehiculo automotor en transporte,Not an Intersection,No fue interseccion,Sobre el lado de la calle,Ninguna,Dia total,Despejado,No,NO APLICA,13,19,13,35,1,26/06/2022,1
30,Montana,300055,0,0,1,0,103,TREASURE (103),0,NO APLICA,6,Junio,30,2022,9,50,I-94 W,1,Interestatal,Rural,Interestatal,State Highway Agency,1,Sin jurisdiccion especial,744,46.26395833,-107.0888139,Poste o otros soportes,El primer evento no fue una colision con un vehiculo automotor en transporte,Not an Intersection,No fue interseccion,En el medio,Ninguna,Dia total,Despejado,No,NO APLICA,9,53,10,11,1,30/06/2022,2
30,Montana,300056,0,0,2,0,47,LAKE (47),0,NO APLICA,7,Julio,1,2022,1,4,US-93,2,US Highway,Rural,Arteria Principal,State Highway Agency,1,Reservacion India,222,47.21683889,-114.1314889,Vehiculo en movimiento,Frente a frente,Not an Intersection,No fue interseccion,Sobre calle,Ninguna,Oscuro sin iluminacion,Nublado,No,NO APLICA,1,5,1,20,1,01/07/2022,3
30,Montana,300057,0,0,1,0,83,RICHLAND (83),0,NO APLICA,7,Julio,1,2022,21,15,SR-23,3,Highway estatal,Rural,Arteria Menor,State Highway Agency,1,Sin jurisdiccion especial,27,47.66598333,-104.130875,Volcadura,El primer evento no fue una colision con un vehiculo automotor en transporte,Not an Intersection,No fue interseccion,Sobre el lado de la calle,Ninguna,Oscuro sin iluminacion,Nublado,No,NO APLICA,22,35,22,48,1,01/07/2022,1
30,Montana,300058,0,0,1,0,29,FLATHEAD (29),0,NO APLICA,7,Julio,2,2022,7,13,DISPOSAL RD,8,Otro,Rural,Local,County Highway Agency,0,Sin jurisdiccion especial,0,48.30921111,-114.3398917,Volcadura,El primer evento no fue una colision con un vehiculo automotor en transporte,Not an Intersection,No fue interseccion,Sobre calle,Ninguna,Dia total,Nublado,No,NO APLICA,7,22,7,24,1,02/07/2022,1
30,Montana,300059,0,0,2,0,13,CASCADE (13),0,NO APLICA,7,Julio,4,2022,17,52,US-87/89,2,US Highway,Rural,Arteria Principal,State Highway Agency,1,Sin jurisdiccion especial,885,47.48376944,-111.1679722,Vehiculo en movimiento,Angulo,Not an Intersection,No fue interseccion,Sobre calle,Ninguna,Dia total,lluvia,No,NO APLICA,17,56,18,4,2,04/07/2022,3
30,Montana,300060,0,0,1,0,87,ROSEBUD (87),0,NO APLICA,7,Julio,3,2022,22,20,US-212,2,US Highway,Rural,Arteria Principal,State Highway Agency,1,Reservacion India,607,45.59085,-106.3005139,Arbol,El primer evento no fue una colision con un vehiculo automotor en transporte,Not an Intersection,No fue interseccion,Sobre el lado de la calle,Ninguna,Oscuro sin iluminacion,Nublado,No,NO APLICA,0,30,0,44,1,03/07/2022,2
30,Montana,300061,0,0,1,0,13,CASCADE (13),0,NO APLICA,7,Julio,6,2022,18,45,I-15,1,Interestatal,Rural,Interestatal,State Highway Agency,1,Sin jurisdiccion especial,2663,47.38868889,-111.5649528,Soporte de Puente,El primer evento no fue una colision con un vehiculo automotor en transporte,Not an Intersection,No fue interseccion,En el medio,Ninguna,Dia total,Nublado,No,NO APLICA,18,51,19,3,1,06/07/2022,1
30,Montana,300062,0,0,1,0,57,MADISON (57),0,NO APLICA,7,Julio,6,2022,9,55,I-15,1,Interestatal,Rural,Interestatal,State Highway Agency,1,Sin jurisdiccion especial,914,45.60775833,-112.6650778,Poste o otros soportes,El primer evento no fue una colision con un vehiculo automotor en transporte,Not an Intersection,No fue interseccion,En el medio,Ninguna,Dia total,Despejado,No,NO APLICA,10,4,10,31,1,06/07/2022,2
30,Montana,300063,0,0,1,0,23,DEER LODGE (23),0,NO APLICA,7,Julio,9,2022,14,30,CR-WASTE WATER RD,4,Calle del Condado,Rural,Local,County Highway Agency,0,Sin jurisdiccion especial,0,46.12860556,-112.9014222,Volcadura,El primer evento no fue una colision con un vehiculo automotor en transporte,Not an Intersection,No fue interseccion,Sobre el lado de la calle,Ninguna,Dia total,Nublado,No,NO APLICA,14,25,14,30,1,09/07/2022,2
30,Montana,300064,0,0,2,0,9,CARBON (9),0,NO APLICA,7,Julio,11,2022,10,37,US-310,2,US Highway,Rural,Arteria Principal,State Highway Agency,1,Sin jurisdiccion especial,0,45.46456667,-108.8629694,Vehiculo en movimiento,Angulo,Four-Way Intersection,Interseccion de 4 direcciones,Sobre calle,Ninguna,Dia total,Despejado,No,NO APLICA,10,37,10,53,1,11/07/2022,4
30,Montana,300065,0,0,1,0,43,JEFFERSON (43),0,NO APLICA,7,Julio,12,2022,15,40,I-90,1,Interestatal,Rural,Interestatal,State Highway Agency,1,Sin jurisdiccion especial,2568,45.87046389,-111.9436389,Barda,El primer evento no fue una colision con un vehiculo automotor en transporte,Not an Intersection,No fue interseccion,Sobre el lado de la calle,Ninguna,Dia total,Despejado,No,NO APLICA,15,49,16,2,1,12/07/2022,1
30,Montana,300066,0,0,1,0,43,JEFFERSON (43),0,NO APLICA,7,Julio,12,2022,18,26,I-90,1,Interestatal,Rural,Interestatal,State Highway Agency,1,Sin jurisdiccion especial,2579,45.87915833,-111.9232139,Volcadura,El primer evento no fue una colision con un vehiculo automotor en transporte,Not an Intersection,No fue interseccion,En el medio,Ninguna,Dia total,Despejado,No,NO APLICA,18,32,18,39,1,12/07/2022,1
30,Montana,300067,0,0,1,0,53,LINCOLN (53),0,NO APLICA,7,Julio,13,2022,21,1,US-2,2,US Highway,Rural,Arteria Principal,State Highway Agency,1,Sin jurisdiccion especial,715,48.08772222,-115.1624028,Volcadura,El primer evento no fue una colision con un vehiculo automotor en transporte,Not an Intersection,No fue interseccion,Sobre el lado de la calle,Ninguna,Dia total,Despejado,No,NO APLICA,21,8,21,18,1,13/07/2022,1
30,Montana,300068,0,0,1,0,111,YELLOWSTONE (111),0,NO APLICA,7,Julio,13,2022,14,0,CR-418,4,Calle del Condado,Rural,Colector Mayor,State Highway Agency,0,Reservacion India,36,45.467275,-108.4911833,Acotamiento,El primer evento no fue una colision con un vehiculo automotor en transporte,Not an Intersection,No fue interseccion,Sobre el lado de la calle,Ninguna,Dia total,Nublado,No,NO APLICA,14,35,15,12,1,13/07/2022,1
30,Montana,300069,0,0,1,0,63,MISSOULA (63),0,NO APLICA,7,Julio,14,2022,18,16,CR-263,4,Calle del Condado,Rural,Colector Mayor,State Highway Agency,0,Sin jurisdiccion especial,80,46.93230556,-114.1801972,Volcadura,El primer evento no fue una colision con un vehiculo automotor en transporte,Not an Intersection,No fue interseccion,Sobre el lado de la calle,Ninguna,Dia total,Despejado,No,NO APLICA,18,19,18,25,1,14/07/2022,1
30,Montana,300070,2,2,1,0,9,CARBON (9),0,NO APLICA,7,Julio,15,2022,22,15,US-212,2,US Highway,Rural,Arteria Menor,State Highway Agency,0,Sin jurisdiccion especial,831,45.37040556,-109.1581528,Peaton,El primer evento no fue una colision con un vehiculo automotor en transporte,Not an Intersection,No fue interseccion,Sobre calle,Ninguna,Oscuro sin iluminacion,Nublado,No,NO APLICA,22,20,22,32,2,15/07/2022,1
30,Montana,300071,0,0,1,0,5,BLAINE (5),0,NO APLICA,7,Julio,16,2022,19,40,BEAVER CREEK RD,5,Calle Local - Pueblo,Rural,Colector Menor,Indian Tribe Nation,0,Reservacion India,0,48.01605,-108.4833944,Poste o otros soportes,El primer evento no fue una colision con un vehiculo automotor en transporte,Not an Intersection,No fue interseccion,Sobre el lado de la calle,Ninguna,Dia total,Despejado,No,NO APLICA,88,88,88,88,1,16/07/2022,1
30,Montana,300072,0,0,2,0,11,CARTER (11),0,NO APLICA,7,Julio,16,2022,4,35,US-212,2,US Highway,Rural,Arteria Principal,State Highway Agency,1,Sin jurisdiccion especial,1187,45.15615833,-104.7317556,Vehiculo en movimiento,Frente a frente,Not an Intersection,No fue interseccion,Sobre calle,"Zona de trabajo, tipo desconocido",Oscuro sin iluminacion,Despejado,No,NO APLICA,4,57,5,49,1,16/07/2022,3
30,Montana,300073,0,2,2,1,43,JEFFERSON (43),0,NO APLICA,7,Julio,16,2022,8,20,I-90,1,Interestatal,Rural,Interestatal,State Highway Agency,1,Sin jurisdiccion especial,2716,45.91999722,-111.6619667,Vehiculo Aparcado,El primer evento no fue una colision con un vehiculo automotor en transporte,Not an Intersection,No fue interseccion,Sobre Acotamiento,Ninguna,Dia total,Despejado,No,NO APLICA,8,27,8,58,1,16/07/2022,1