Estado,Nombre de Estado,Numero de Caso,Peatones,Personas _no_vehiculos,Vehiculos automotores,Vehiculos estacionados,Condado,Nombre Condado,Ciudad,Nombre Ciudad,Mes,Nombre Mes,Dia,Año,Hora,Minuto,Calle,Ruta,Nombre Ruta,Rural o Urbanoo,Sistema Funcional,Dueño Calle,Sistema Nacional Carreteras,Jurisdiccion Especial,Milla,Latitud,Longitud,Causa del Accidente,Tipo de Accidente,Tipo Interseccion,Columna1,Lugar en la calle,Zona de Trabajo,Luz,Clima,Autobus Escolar,Cruce de Trenes,Hora Notificacion,Minuto Notificacion,Hora Llegada,Minuto Llegada,Decesos,Fecha,PersonaVehiculo
30,Montana,300074,0,0,1,0,49,LEWIS AND CLARK (49),0,NO APLICA,7,Julio,17,2022,10,56,I-15,1,Interestatal,Rural,Interestatal,State Highway Agency,1,Sin jurisdiccion especial,2188,46.91583056,-112.1196556,Barrera de Trafico de Concreto,El primer evento no fue una colision con un vehiculo automotor en transporte,Not an Intersection,No fue interseccion,En el medio,Ninguna,Dia total,Despejado,No,NO APLICA,10,55,11,21,1,17/07/2022,1
30,Montana,300075,0,0,1,0,3,BIG HORN (3),0,NO APLICA,7,Julio,18,2022,18,0,S SU RD,9,Desconocido,Trafficway Not in State Inventory,Via no en inventario estatal,Trafficway Not in State Inventory,0,Reservacion India,0,45.47489722,-107.2755611,Volcadura,El primer evento no fue una colision con un vehiculo automotor en transporte,Not an Intersection,No fue interseccion,Sobre el lado de la calle,Ninguna,Dia total,Despejado,No,NO APLICA,17,52,18,30,1,18/07/2022,5
30,Montana,300076,0,0,1,0,35,GLACIER (35),0,NO APLICA,7,Julio,19,2022,19,10,HEART BUTTE RD,5,Calle Local - Pueblo,Rural,Colector Mayor,Bureau of Indian Affairs,0,Reservacion India,0,48.31746944,-112.9530056,Poste o otros soportes,El primer evento no fue una colision con un vehiculo automotor en transporte,Not an Intersection,No fue interseccion,Sobre el lado de la calle,Ninguna,Dia total,Nublado,No,NO APLICA,19,21,19,34,1,19/07/2022,2
30,Montana,300077,0,0,2,0,105,VALLEY (105),0,NO APLICA,7,Julio,23,2022,10,15,US-2,2,US Highway,Rural,Arteria Principal,State Highway Agency,1,Sin jurisdiccion especial,0,48.13611389,-106.3720139,Vehiculo en movimiento,Angulo,T-Intersection,Interseccion de T,Sobre calle,Ninguna,Dia total,Despejado,No,NO APLICA,10,55,10,59,3,23/07/2022,9
30,Montana,300078,0,0,4,0,111,YELLOWSTONE (111),100,BILLINGS,7,Julio,27,2022,17,40,I-90 EAST,1,Interestatal,Urbano,Interestatal,State Highway Agency,1,Sin jurisdiccion especial,4481,45.75218889,-108.515275,Vehiculo en movimiento,Frente a Detrás,Not an Intersection,No fue interseccion,Sobre calle,Construccion,Dia total,Despejado,No,NO APLICA,17,41,17,47,1,27/07/2022,5
30,Montana,300079,0,0,1,0,63,MISSOULA (63),0,NO APLICA,7,Julio,28,2022,18,54,I-90 EAST,1,Interestatal,Rural,Interestatal,State Highway Agency,1,Sin jurisdiccion especial,809,47.02052778,-114.3977333,Barda,El primer evento no fue una colision con un vehiculo automotor en transporte,Not an Intersection,No fue interseccion,Sobre el lado de la calle,Ninguna,Dia total,Despejado,No,NO APLICA,18,52,19,4,1,28/07/2022,1
30,Montana,300080,0,0,1,0,51,LIBERTY (51),0,NO APLICA,7,Julio,30,2022,13,30,CR-223,4,Calle del Condado,Rural,Arteria Menor,County Highway Agency,0,Sin jurisdiccion especial,329,48.23933611,-110.8930194,Barda,El primer evento no fue una colision con un vehiculo automotor en transporte,Not an Intersection,No fue interseccion,Fuera de la calle,Ninguna,Dia total,Despejado,No,NO APLICA,13,35,99,99,1,30/07/2022,1
30,Montana,300081,0,0,2,0,1,BEAVERHEAD (1),0,NO APLICA,7,Julio,31,2022,15,0,SR-43,3,Highway estatal,Rural,Arteria Menor,State Highway Agency,0,Sin jurisdiccion especial,686,45.78572778,-112.8957833,Volcadura,El primer evento no fue una colision con un vehiculo automotor en transporte,Not an Intersection,No fue interseccion,Sobre calle,Ninguna,Dia total,Despejado,No,NO APLICA,15,3,15,12,1,31/07/2022,2
30,Montana,300082,0,0,1,0,35,GLACIER (35),0,NO APLICA,8,Agosto,1,2022,19,3,US-89,2,US Highway,Rural,Arteria Menor,State Highway Agency,1,Reservacion India,385,48.84227778,-113.4163528,Poste o otros soportes,El primer evento no fue una colision con un vehiculo automotor en transporte,Not an Intersection,No fue interseccion,Sobre el lado de la calle,Ninguna,Dia total,Despejado,No,NO APLICA,19,11,19,26,1,01/08/2022,2
30,Montana,300083,0,0,1,0,53,LINCOLN (53),0,NO APLICA,8,Agosto,2,2022,14,30,YAAK RIVER RD,5,Calle Local - Pueblo,Rural,Colector Mayor,County Highway Agency,0,Sin jurisdiccion especial,509,48.93421667,-115.4680083,Volcadura,El primer evento no fue una colision con un vehiculo automotor en transporte,Not an Intersection,No fue interseccion,Sobre calle,Ninguna,Dia total,Despejado,No,NO APLICA,15,31,16,45,1,02/08/2022,1
30,Montana,300084,0,0,2,0,35,GLACIER (35),0,NO APLICA,8,Agosto,6,2022,23,8,US-2,2,US Highway,Rural,Arteria Principal,State Highway Agency,1,Reservacion India,2154,48.49623056,-113.1213722,Vehiculo en movimiento,Frente a frente,Not an Intersection,No fue interseccion,Sobre calle,Ninguna,Oscuro sin iluminacion,Despejado,No,NO APLICA,23,11,23,24,4,06/08/2022,7
30,Montana,300085,0,0,1,0,47,LAKE (47),0,NO APLICA,8,Agosto,7,2022,9,38,SR-83,3,Highway estatal,Rural,Arteria Menor,State Highway Agency,0,Sin jurisdiccion especial,529,47.66921667,-113.8014111,Animal vivo,El primer evento no fue una colision con un vehiculo automotor en transporte,Not an Intersection,No fue interseccion,Sobre calle,Ninguna,Dia total,Despejado,No,NO APLICA,9,37,9,58,1,07/08/2022,1
30,Montana,300086,0,0,1,0,93,SILVER BOW (93),0,NO APLICA,8,Agosto,7,2022,19,25,SR-2,3,Highway estatal,Rural,Arteria Menor,State Highway Agency,0,Sin jurisdiccion especial,762,45.86293611,-112.4467722,Volcadura,El primer evento no fue una colision con un vehiculo automotor en transporte,Not an Intersection,No fue interseccion,Sobre calle,Ninguna,Dia total,Nublado,No,NO APLICA,19,36,19,47,1,07/08/2022,1
30,Montana,300087,0,0,1,0,29,FLATHEAD (29),0,NO APLICA,8,Agosto,12,2022,20,20,CR-486,4,Calle del Condado,Rural,Colector Mayor,County Highway Agency,0,Sin jurisdiccion especial,94,48.47163611,-114.1184528,Volcadura,El primer evento no fue una colision con un vehiculo automotor en transporte,Not an Intersection,No fue interseccion,Sobre el lado de la calle,Ninguna,Dia total,Nublado,No,NO APLICA,20,29,20,39,1,12/08/2022,2
30,Montana,300088,0,0,2,0,35,GLACIER (35),0,NO APLICA,8,Agosto,12,2022,10,30,CR-464 DUCK LAKE RD,4,Calle del Condado,Rural,Colector Mayor,County Highway Agency,0,Reservacion India,132,48.72349444,-113.1329278,Vehiculo en movimiento,Frente a frente,Not an Intersection,No fue interseccion,Sobre calle,Ninguna,Dia total,Despejado,No,NO APLICA,10,33,10,39,3,12/08/2022,3
30,Montana,300089,0,0,2,0,57,MADISON (57),0,NO APLICA,8,Agosto,12,2022,11,0,US-287,2,US Highway,Rural,Arteria Menor,State Highway Agency,0,Sin jurisdiccion especial,280,45.06246389,-111.6465278,Vehiculo en movimiento,Frente a frente,Not an Intersection,No fue interseccion,Sobre calle,Ninguna,Dia total,Nublado,No,NO APLICA,11,4,11,23,1,12/08/2022,4
30,Montana,300090,0,0,1,0,93,SILVER BOW (93),0,NO APLICA,8,Agosto,12,2022,1,55,I-15,1,Interestatal,Urbano,Interestatal,State Highway Agency,1,Sin jurisdiccion especial,1265,46.00568889,-112.579675,Poste o otros soportes,El primer evento no fue una colision con un vehiculo automotor en transporte,Not an Intersection,No fue interseccion,Sobre el lado de la calle,Ninguna,Oscuro con iluminacion,Despejado,No,NO APLICA,1,59,2,7,1,12/08/2022,1
30,Montana,300091,0,0,1,0,13,CASCADE (13),0,NO APLICA,8,Agosto,13,2022,18,38,US-89,2,US Highway,Rural,Arteria Menor,State Highway Agency,0,Sin jurisdiccion especial,343,46.90866389,-110.69055,Volcadura,El primer evento no fue una colision con un vehiculo automotor en transporte,Not an Intersection,No fue interseccion,Sobre el lado de la calle,Ninguna,Dia total,Despejado,No,NO APLICA,18,42,19,19,1,13/08/2022,2
30,Montana,300092,0,0,2,0,3,BIG HORN (3),0,NO APLICA,8,Agosto,17,2022,2,19,US-212,2,US Highway,Rural,Arteria Principal,State Highway Agency,1,Reservacion India,343,45.60398056,-106.8098556,Vehiculo en movimiento,Angulo,Not an Intersection,No fue interseccion,Sobre calle,Ninguna,Oscuro sin iluminacion,Despejado,No,NO APLICA,2,28,2,50,1,17/08/2022,3
30,Montana,300093,0,0,1,0,41,HILL (41),0,NO APLICA,8,Agosto,18,2022,19,30,CR-234 BEAVER CREEK RD,4,Calle del Condado,Rural,Colector Mayor,State Highway Agency,0,Sin jurisdiccion especial,162,48.33865833,-109.6663278,Volcadura,El primer evento no fue una colision con un vehiculo automotor en transporte,Not an Intersection,No fue interseccion,Sobre el lado de la calle,Ninguna,Dia total,Despejado,No,NO APLICA,88,88,88,88,1,18/08/2022,1
30,Montana,300094,0,0,1,0,29,FLATHEAD (29),0,NO APLICA,8,Agosto,19,2022,20,30,CR-HODGSON RD,4,Calle del Condado,Rural,Colector Menor,County Highway Agency,0,Sin jurisdiccion especial,0,48.34169444,-114.24565,Culvert,El primer evento no fue una colision con un vehiculo automotor en transporte,Not an Intersection,No fue interseccion,Sobre el lado de la calle,Ninguna,Dia total,Despejado,No,NO APLICA,7,20,7,30,1,19/08/2022,1
30,Montana,300095,0,0,1,0,77,POWELL (77),0,NO APLICA,8,Agosto,20,2022,10,50,CR-BRYAN CREEK RD,4,Calle del Condado,Rural,Local,U.S. Forest Service,0,Sin jurisdiccion especial,0,46.46271111,-112.3096056,Piedrotototota,El primer evento no fue una colision con un vehiculo automotor en transporte,Not an Intersection,No fue interseccion,Sobre el lado de la calle,Ninguna,Dia total,Despejado,No,NO APLICA,10,56,11,26,1,20/08/2022,3
30,Montana,300096,0,0,1,0,43,JEFFERSON (43),0,NO APLICA,8,Agosto,24,2022,8,36,I-90,1,Interestatal,Rural,Interestatal,State Highway Agency,1,Sin jurisdiccion especial,2669,45.91449167,-111.7548472,Poste o otros soportes,El primer evento no fue una colision con un vehiculo automotor en transporte,Not an Intersection,No fue interseccion,En el medio,Ninguna,Dia total,Despejado,No,NO APLICA,8,38,9,5,1,24/08/2022,3
30,Montana,300097,0,0,1,0,47,LAKE (47),0,NO APLICA,8,Agosto,26,2022,15,0,US-93,2,US Highway,Rural,Arteria Principal,State Highway Agency,1,Reservacion India,743,47.80303889,-114.3136139,Volcadura,El primer evento no fue una colision con un vehiculo automotor en transporte,Not an Intersection,No fue interseccion,Sobre el lado de la calle,Ninguna,Dia total,Despejado,No,NO APLICA,15,5,15,19,1,26/08/2022,1
30,Montana,300098,0,0,1,0,89,SANDERS (89),0,NO APLICA,8,Agosto,28,2022,7,30,SR-200,3,Highway estatal,Rural,Arteria Menor,State Highway Agency,0,Reservacion India,99998,47.36501667,-114.5762306,Acotamiento,El primer evento no fue una colision con un vehiculo automotor en transporte,T-Intersection,Interseccion de T,Sobre el lado de la calle,Ninguna,Dia total,Despejado,No,NO APLICA,7,42,8,3,1,28/08/2022,1
30,Montana,300099,0,0,1,0,89,SANDERS (89),0,NO APLICA,8,Agosto,28,2022,10,10,SR-200,3,Highway estatal,Rural,Arteria Menor,State Highway Agency,0,Reservacion India,1098,47.31301389,-114.3015694,Alguien se cayo/avento del vehiculo,El primer evento no fue una colision con un vehiculo automotor en transporte,Not an Intersection,No fue interseccion,Sobre calle,Ninguna,Dia total,Despejado,No,NO APLICA,10,22,10,23,1,28/08/2022,1
30,Montana,300100,0,0,1,0,111,YELLOWSTONE (111),0,NO APLICA,8,Agosto,28,2022,0,0,SR-3,3,Highway estatal,Rural,Arteria Principal,State Highway Agency,1,Sin jurisdiccion especial,176,45.93760278,-108.6977944,Poste o otros soportes,El primer evento no fue una colision con un vehiculo automotor en transporte,Not an Intersection,No fue interseccion,Sobre el lado de la calle,Ninguna,Oscuro sin iluminacion,Nublado,No,NO APLICA,88,88,88,88,1,28/08/2022,1
30,Montana,300101,0,0,1,0,29,FLATHEAD (29),0,NO APLICA,8,Agosto,29,2022,22,41,CR-SOUTH FORK RD,4,Calle del Condado,Rural,Colector Menor,County Highway Agency,0,Sin jurisdiccion especial,13,48.38788056,-114.0123167,Volcadura,El primer evento no fue una colision con un vehiculo automotor en transporte,Not an Intersection,No fue interseccion,Sobre el lado de la calle,Ninguna,Oscuro sin iluminacion,Despejado,No,NO APLICA,22,44,22,54,1,29/08/2022,2
30,Montana,300102,0,0,2,0,29,FLATHEAD (29),0,NO APLICA,8,Agosto,30,2022,21,28,US-93,2,US Highway,Rural,Arteria Principal,State Highway Agency,1,Sin jurisdiccion especial,1180,48.27176667,-114.3307417,Vehiculo en movimiento,Frente a Detrás,Not an Intersection,No fue interseccion,Sobre calle,Ninguna,Oscuro sin iluminacion,Despejado,No,NO APLICA,21,31,21,39,1,30/08/2022,2
30,Montana,300103,0,0,2,0,29,FLATHEAD (29),0,NO APLICA,9,Septiembre,2,2022,8,15,US-2,2,US Highway,Rural,Arteria Principal,State Highway Agency,1,Sin jurisdiccion especial,831,48.02738333,-114.9551722,Vehiculo en movimiento,Frente a frente,Not an Intersection,No fue interseccion,Sobre calle,Ninguna,Dia total,Despejado,No,NO APLICA,8,27,8,45,1,02/09/2022,3
30,Montana,300104,0,0,2,0,29,FLATHEAD (29),0,NO APLICA,9,Septiembre,2,2022,18,32,SR-82,3,Highway estatal,Rural,Arteria Menor,State Highway Agency,0,Sin jurisdiccion especial,13,48.0953,-114.2125778,Volcadura,El primer evento no fue una colision con un vehiculo automotor en transporte,Four-Way Intersection,Interseccion de 4 direcciones,Sobre calle,Ninguna,Dia total,Despejado,No,NO APLICA,18,34,18,39,1,02/09/2022,2
30,Montana,300105,0,0,2,0,63,MISSOULA (63),0,NO APLICA,9,Septiembre,2,2022,14,48,US-93,2,US Highway,Rural,Arteria Principal,State Highway Agency,1,Sin jurisdiccion especial,15,46.96954444,-114.1315667,Vehiculo en movimiento,Frente a frente,Not an Intersection,No fue interseccion,Sobre calle,Ninguna,Dia total,Despejado,No,NO APLICA,14,49,14,57,2,02/09/2022,2
30,Montana,300106,0,0,1,0,63,MISSOULA (63),0,NO APLICA,9,Septiembre,9,2022,15,45,US-93,2,US Highway,Urbano,Arteria Principal,State Highway Agency,1,Sin jurisdiccion especial,881,46.81554722,-114.0904333,Poste o otros soportes,El primer evento no fue una colision con un vehiculo automotor en transporte,Not an Intersection,No fue interseccion,Sobre el lado de la calle,Ninguna,Dia total,Despejado,No,NO APLICA,15,47,15,53,1,09/09/2022,1
30,Montana,300107,0,0,1,0,3,BIG HORN (3),0,NO APLICA,9,Septiembre,12,2022,8,21,I-90,1,Interestatal,Rural,Interestatal,State Highway Agency,1,Reservacion India,5338,45.27028611,-107.3466056,Barda,El primer evento no fue una colision con un vehiculo automotor en transporte,Not an Intersection,No fue interseccion,Sobre el lado de la calle,Ninguna,Dia total,Despejado,No,NO APLICA,8,24,8,26,1,12/09/2022,2
30,Montana,300108,0,0,1,0,57,MADISON (57),0,NO APLICA,9,Septiembre,13,2022,19,22,SR-87,3,Highway estatal,Rural,Arteria Menor,State Highway Agency,0,Sin jurisdiccion especial,70,44.81059167,-111.4796528,Volcadura,El primer evento no fue una colision con un vehiculo automotor en transporte,Not an Intersection,No fue interseccion,Sobre calle,Ninguna,Atardecer,Nublado,No,NO APLICA,19,26,19,37,1,13/09/2022,1
30,Montana,300109,0,0,2,0,63,MISSOULA (63),0,NO APLICA,9,Septiembre,13,2022,9,5,US-OLD HWY 10,2,US Highway,Urbano,Arteria Principal,State Highway Agency,1,Sin jurisdiccion especial,11,46.93677778,-114.1206611,Vehiculo en movimiento,Frente a frente,Not an Intersection,No fue interseccion,Sobre calle,Ninguna,Dia total,lluvia,No,NO APLICA,9,8,9,12,5,13/09/2022,5
30,Montana,300110,0,0,2,0,81,RAVALLI (81),0,NO APLICA,9,Septiembre,14,2022,17,0,US-93,2,US Highway,Rural,Arteria Principal,State Highway Agency,1,Sin jurisdiccion especial,511,46.30045,-114.1587861,Vehiculo en movimiento,Angulo,Not an Intersection,No fue interseccion,Sobre calle,Ninguna,Dia total,Neblina o Humo,No,NO APLICA,16,38,16,43,1,14/09/2022,2
30,Montana,300111,0,0,1,0,29,FLATHEAD (29),0,NO APLICA,9,Septiembre,15,2022,2,30,US-93,2,US Highway,Rural,Arteria Principal,State Highway Agency,1,Sin jurisdiccion especial,1332,48.39906944,-114.4441917,Volcadura,El primer evento no fue una colision con un vehiculo automotor en transporte,Not an Intersection,No fue interseccion,Sobre el lado de la calle,Ninguna,Oscuro sin iluminacion,Despejado,No,NO APLICA,2,36,2,45,1,15/09/2022,1
30,Montana,300112,0,0,1,0,63,MISSOULA (63),0,NO APLICA,9,Septiembre,16,2022,7,20,I-90,1,Interestatal,Rural,Interestatal,State Highway Agency,1,Sin jurisdiccion especial,1186,46.7952,-113.7529583,Poste de Señal de trafico,El primer evento no fue una colision con un vehiculo automotor en transporte,Not an Intersection,No fue interseccion,En el medio,Ninguna,Amanecer,Neblina o Humo,No,NO APLICA,7,26,7,41,1,16/09/2022,1
30,Montana,300113,0,0,1,0,111,YELLOWSTONE (111),0,NO APLICA,9,Septiembre,17,2022,0,2,SR-HWY 10,3,Highway estatal,Rural,Colector Mayor,State Highway Agency,0,Sin jurisdiccion especial,65,45.66841389,-108.808675,Poste o otros soportes,El primer evento no fue una colision con un vehiculo automotor en transporte,Not an Intersection,No fue interseccion,Sobre el lado de la calle,Ninguna,Oscuro sin iluminacion,Despejado,No,NO APLICA,0,30,0,34,1,17/09/2022,2
30,Montana,300114,0,0,2,0,29,FLATHEAD (29),0,NO APLICA,9,Septiembre,19,2022,13,0,SR-82,3,Highway estatal,Rural,Arteria Menor,State Highway Agency,0,Sin jurisdiccion especial,11,48.0953,-114.2126056,Vehiculo en movimiento,Angulo,Four-Way Intersection,Interseccion de 4 direcciones,Sobre calle,Ninguna,Dia total,Nublado,No,NO APLICA,13,1,13,10,1,19/09/2022,5
30,Montana,300115,0,0,1,0,63,MISSOULA (63),0,NO APLICA,9,Septiembre,22,2022,17,34,SR-200,3,Highway estatal,Rural,Arteria Principal,State Highway Agency,1,Sin jurisdiccion especial,292,46.97678889,-113.4107333,Poste o otros soportes,El primer evento no fue una colision con un vehiculo automotor en transporte,Not an Intersection,No fue interseccion,Sobre el lado de la calle,Ninguna,Dia total,lluvia,No,NO APLICA,17,35,17,58,1,22/09/2022,1
30,Montana,300116,1,1,1,0,31,GALLATIN (31),0,NO APLICA,9,Septiembre,23,2022,5,17,US-191 HUFFINE LN,2,US Highway,Urbano,Arteria Principal,State Highway Agency,1,Sin jurisdiccion especial,845,45.67106389,-111.1247667,Ciclista,El primer evento no fue una colision con un vehiculo automotor en transporte,Four-Way Intersection,Interseccion de 4 direcciones,Sobre calle,Ninguna,Oscuro sin iluminacion,Despejado,No,NO APLICA,5,22,5,29,1,23/09/2022,1
30,Montana,300117,0,0,2,0,57,MADISON (57),0,NO APLICA,9,Septiembre,25,2022,14,0,SR-287,3,Highway estatal,Rural,Arteria Menor,State Highway Agency,0,Sin jurisdiccion especial,358,45.48291111,-112.2236694,Volcadura,El primer evento no fue una colision con un vehiculo automotor en transporte,Not an Intersection,No fue interseccion,Sobre calle,Ninguna,Dia total,Nublado,No,NO APLICA,13,59,14,8,1,25/09/2022,2
30,Montana,300118,0,0,1,0,49,LEWIS AND CLARK (49),0,NO APLICA,9,Septiembre,26,2022,20,1,SR-OLD US HWY 91,3,Highway estatal,Rural,Colector Mayor,State Highway Agency,0,Sin jurisdiccion especial,0,47.0747,-111.9557972,Acotamiento,El primer evento no fue una colision con un vehiculo automotor en transporte,T-Intersection,Interseccion de T,Sobre el lado de la calle,Ninguna,Oscuro sin iluminacion,Despejado,No,NO APLICA,20,59,21,11,1,26/09/2022,1
30,Montana,300119,0,0,1,0,29,FLATHEAD (29),0,NO APLICA,9,Septiembre,27,2022,1,19,US-93,2,US Highway,Rural,Arteria Principal,State Highway Agency,1,Sin jurisdiccion especial,941,47.96822222,-114.1930222,Poste o otros soportes,El primer evento no fue una colision con un vehiculo automotor en transporte,Not an Intersection,No fue interseccion,Sobre el lado de la calle,Ninguna,Oscuro sin iluminacion,Nublado,No,NO APLICA,12,33,12,47,1,27/09/2022,1
30,Montana,300120,0,0,1,0,85,ROOSEVELT (85),0,NO APLICA,9,Septiembre,28,2022,1,30,SR-13,3,Highway estatal,Rural,Arteria Menor,State Highway Agency,0,Reservacion India,0,48.09961667,-105.5188694,Poste de Señal de trafico,El primer evento no fue una colision con un vehiculo automotor en transporte,T-Intersection,Interseccion de T,Sobre el lado de la calle,Ninguna,Oscuro sin iluminacion,Despejado,No,NO APLICA,6,52,7,1,1,28/09/2022,1
30,Montana,300121,0,0,1,0,63,MISSOULA (63),0,NO APLICA,9,Septiembre,29,2022,18,34,CR-574 FRENCHTOWN FRONTAGE RD,4,Calle del Condado,Rural,Colector Mayor,State Highway Agency,0,Sin jurisdiccion especial,72,47.020325,-114.250925,Arbol,El primer evento no fue una colision con un vehiculo automotor en transporte,Not an Intersection,No fue interseccion,Sobre el lado de la calle,Ninguna,Dia total,Nublado,No,NO APLICA,18,36,18,41,1,29/09/2022,1
30,Montana,300122,0,0,1,0,29,FLATHEAD (29),0,NO APLICA,9,Septiembre,30,2022,20,0,GOOD CREEK RD,5,Calle Local - Pueblo,Rural,Local,County Highway Agency,0,Sin jurisdiccion especial,0,48.53311111,-114.5789583,Piedrotototota,El primer evento no fue una colision con un vehiculo automotor en transporte,Not an Intersection,No fue interseccion,Sobre el lado de la calle,Ninguna,Oscuro sin iluminacion,Nublado,No,NO APLICA,20,29,20,33,1,30/09/2022,1
30,Montana,300123,0,0,2,0,111,YELLOWSTONE (111),0,NO APLICA,9,Septiembre,30,2022,12,11,US-310,2,US Highway,Rural,Arteria Principal,State Highway Agency,1,Sin jurisdiccion especial,99998,45.64106944,-108.7667806,Vehiculo en movimiento,Angulo,T-Intersection,Interseccion de T,Sobre calle,Ninguna,Dia total,lluvia,No,NO APLICA,12,20,12,26,1,30/09/2022,3
30,Montana,300124,0,0,1,0,9,CARBON (9),0,NO APLICA,10,Octubre,1,2022,16,5,US-212,2,US Highway,Rural,Arteria Menor,State Highway Agency,0,Sin jurisdiccion especial,589,45.08113333,-109.3765361,Volcadura,El primer evento no fue una colision con un vehiculo automotor en transporte,Not an Intersection,No fue interseccion,Sobre calle,Ninguna,Dia total,Nublado,No,NO APLICA,16,4,16,17,1,01/10/2022,1
30,Montana,300125,0,0,1,0,63,MISSOULA (63),0,NO APLICA,10,Octubre,3,2022,1,57,BECKWITH ST,5,Calle Local - Pueblo,Rural,Local,Town or Township Highway Agency,0,Sin jurisdiccion especial,0,47.01971667,-114.2515444,Barrera de Trafico de Concreto,El primer evento no fue una colision con un vehiculo automotor en transporte,Not an Intersection,No fue interseccion,Sobre el lado de la calle,Ninguna,Oscuro sin iluminacion,Despejado,No,NO APLICA,2,3,2,6,1,03/10/2022,1
30,Montana,300126,0,0,1,0,3,BIG HORN (3),0,NO APLICA,10,Octubre,6,2022,13,20,I-90,1,Interestatal,Rural,Interestatal,State Highway Agency,1,Reservacion India,5499,45.05720833,-107.3372083,Fin de valla,El primer evento no fue una colision con un vehiculo automotor en transporte,Not an Intersection,No fue interseccion,En el medio,Ninguna,Dia total,Nublado,No,NO APLICA,13,28,14,17,1,06/10/2022,1
30,Montana,300127,0,0,2,0,67,PARK (67),0,NO APLICA,10,Octubre,6,2022,12,10,US-89,2,US Highway,Rural,Arteria Principal,State Highway Agency,1,Sin jurisdiccion especial,334,45.39895278,-110.7066611,Vehiculo en movimiento,Frente a Detrás,Not an Intersection,No fue interseccion,Sobre calle,Ninguna,Dia total,Despejado,No,NO APLICA,12,13,12,31,1,06/10/2022,3
30,Montana,300128,0,0,1,0,27,FERGUS (27),0,NO APLICA,10,Octubre,7,2022,8,0,POWERLINE RD,5,Calle Local - Pueblo,Rural,Local,Town or Township Highway Agency,0,Sin jurisdiccion especial,0,47.04099722,-109.5706972,Zanja,El primer evento no fue una colision con un vehiculo automotor en transporte,Not an Intersection,No fue interseccion,Sobre el lado de la calle,Ninguna,Reportada como desconocida,Reportado como desconocido,No,NO APLICA,10,1,10,13,1,07/10/2022,1
30,Montana,300129,0,0,1,0,39,GRANITE (39),538,HALL,10,Octubre,8,2022,22,23,SR-1,3,Highway estatal,Rural,Arteria Menor,State Highway Agency,0,Sin jurisdiccion especial,576,46.58683056,-113.1962972,Banqueta,El primer evento no fue una colision con un vehiculo automotor en transporte,Not an Intersection,No fue interseccion,Sobre el lado de la calle,Ninguna,Oscuro sin iluminacion,Despejado,No,NO APLICA,22,32,22,39,1,08/10/2022,1
30,Montana,300130,0,0,1,0,67,PARK (67),0,NO APLICA,10,Octubre,10,2022,12,15,US-89,2,US Highway,Rural,Arteria Menor,State Highway Agency,0,Sin jurisdiccion especial,364,46.16853889,-110.731975,Volcadura,El primer evento no fue una colision con un vehiculo automotor en transporte,Not an Intersection,No fue interseccion,Sobre el lado de la calle,Ninguna,Dia total,Despejado,No,NO APLICA,12,18,12,33,1,10/10/2022,1
30,Montana,300131,0,0,1,0,95,STILLWATER (95),0,NO APLICA,10,Octubre,15,2022,13,33,SR-OLD US-10,3,Highway estatal,Rural,Colector Mayor,State Highway Agency,0,Sin jurisdiccion especial,6,45.64370833,-108.9149889,Valla Ferrocarril,El primer evento no fue una colision con un vehiculo automotor en transporte,Not an Intersection,No fue interseccion,Sobre el lado de la calle,Ninguna,Dia total,Despejado,No,NO APLICA,13,36,13,52,1,15/10/2022,1
30,Montana,300132,0,0,2,0,47,LAKE (47),0,NO APLICA,10,Octubre,20,2022,19,15,US-93,2,US Highway,Rural,Arteria Principal,State Highway Agency,1,Reservacion India,648,47.733825,-114.2183389,Vehiculo en movimiento,Frente a frente,Not an Intersection,No fue interseccion,Sobre calle,Ninguna,Oscuro sin iluminacion,Despejado,No,NO APLICA,19,16,19,24,1,20/10/2022,2
30,Montana,300133,0,0,2,0,45,JUDITH BASIN (45),0,NO APLICA,10,Octubre,22,2022,17,5,US-87,2,US Highway,Rural,Arteria Principal,State Highway Agency,1,Sin jurisdiccion especial,227,47.24623056,-110.4744389,Vehiculo en movimiento,Frente a frente,Not an Intersection,No fue interseccion,Sobre calle,Ninguna,Dia total,lluvia,No,NO APLICA,17,14,17,20,3,22/10/2022,3
30,Montana,300134,0,0,1,0,3,BIG HORN (3),0,NO APLICA,10,Octubre,25,2022,20,48,GARRYOWEN RD,5,Calle Local - Pueblo,Rural,Local,State Highway Agency,0,Reservacion India,12,45.56186389,-107.44895,Acotamiento,El primer evento no fue una colision con un vehiculo automotor en transporte,Not an Intersection,No fue interseccion,Sobre el lado de la calle,Ninguna,Oscuro sin iluminacion,Despejado,No,NO APLICA,20,48,21,3,1,25/10/2022,2