Estado,Nombre de Estado,Numero de Caso,Peatones,Personas _no_vehiculos,Vehiculos automotores,Vehiculos estacionados,Condado,Nombre Condado,Ciudad,Nombre Ciudad,Mes,Nombre Mes,Dia,Año,Hora,Minuto,Calle,Ruta,Nombre Ruta,Rural o Urbanoo,Sistema Funcional,Dueño Calle,Sistema Nacional Carreteras,Jurisdiccion Especial,Milla,Latitud,Longitud,Causa del Accidente,Tipo de Accidente,Tipo Interseccion,Columna1,Lugar en la calle,Zona de Trabajo,Luz,Clima,Autobus Escolar,Cruce de Trenes,Hora Notificacion,Minuto Notificacion,Hora Llegada,Minuto Llegada,Decesos,Fecha,PersonaVehiculo
30,Montana,300135,0,0,2,0,31,GALLATIN (31),0,NO APLICA,10,Octubre,27,2022,20,29,I-90,1,Interestatal,Rural,Interestatal,State Highway Agency,1,Sin jurisdiccion especial,2933,45.81593333,-111.2570944,Vehiculo en movimiento,Frente a frente,Not an Intersection,No fue interseccion,Sobre calle,Ninguna,Oscuro sin iluminacion,Despejado,No,NO APLICA,20,29,20,38,2,27/10/2022,2
30,Montana,300136,0,0,2,0,89,SANDERS (89),0,NO APLICA,10,Octubre,27,2022,10,0,SR-200,3,Highway estatal,Rural,Arteria Menor,State Highway Agency,0,Sin jurisdiccion especial,745,47.47667778,-114.8997833,Vehiculo en movimiento,Angulo,Four-Way Intersection,Interseccion de 4 direcciones,Sobre calle,Ninguna,Dia total,Nublado,No,NO APLICA,10,5,10,12,1,27/10/2022,2
30,Montana,300137,0,0,2,0,63,MISSOULA (63),0,NO APLICA,11,Noviembre,4,2022,18,23,US-93,2,US Highway,Rural,Arteria Principal,State Highway Agency,1,Sin jurisdiccion especial,58,47.02626944,-114.1068167,Vehiculo en movimiento,Frente a frente,Not an Intersection,No fue interseccion,Sobre calle,Ninguna,Atardecer,lluvia,No,NO APLICA,18,25,18,43,1,04/11/2022,2
30,Montana,300138,1,1,1,0,3,BIG HORN (3),0,NO APLICA,11,Noviembre,7,2022,20,21,I-90,1,Interestatal,Rural,Interestatal,State Highway Agency,1,Sin jurisdiccion especial,4733,45.782625,-108.06765,Peaton,El primer evento no fue una colision con un vehiculo automotor en transporte,Not an Intersection,No fue interseccion,Sobre calle,Ninguna,Oscuro sin iluminacion,Nieve,No,NO APLICA,21,5,21,28,1,07/11/2022,2
30,Montana,300139,0,0,2,0,3,BIG HORN (3),0,NO APLICA,11,Noviembre,10,2022,10,50,CR-451,4,Calle del Condado,Rural,Colector Mayor,State Highway Agency,0,Reservacion India,28,45.51839722,-107.4114361,Vehiculo en movimiento,Frente a frente,Not an Intersection,No fue interseccion,Sobre calle,Ninguna,Dia total,Nublado,No,NO APLICA,10,58,11,13,1,10/11/2022,4
30,Montana,300140,0,0,2,0,29,FLATHEAD (29),0,NO APLICA,11,Noviembre,11,2022,6,30,SR-35,3,Highway estatal,Rural,Arteria Menor,State Highway Agency,0,Sin jurisdiccion especial,407,48.18876944,-114.1217556,Otro objeto (no fijo),El primer evento no fue una colision con un vehiculo automotor en transporte,Not an Intersection,No fue interseccion,Sobre calle,Ninguna,Oscuro sin iluminacion,Nublado,No,NO APLICA,6,28,6,34,1,11/11/2022,2
30,Montana,300141,1,1,1,0,3,BIG HORN (3),0,NO APLICA,12,Diciembre,9,2022,1,20,I-90,1,Interestatal,Rural,Interestatal,State Highway Agency,1,Reservacion India,5100,45.59047778,-107.4589194,Peaton,El primer evento no fue una colision con un vehiculo automotor en transporte,Not an Intersection,No fue interseccion,Sobre calle,Ninguna,Oscuro sin iluminacion,Despejado,No,NO APLICA,1,26,1,39,1,09/12/2022,1
30,Montana,300142,0,0,3,0,29,FLATHEAD (29),0,NO APLICA,12,Diciembre,9,2022,21,34,US-93,2,US Highway,Urbano,Arteria Principal,State Highway Agency,1,Sin jurisdiccion especial,99998,48.15514167,-114.2877778,Vehiculo en movimiento,Golpe Lateral - direccion contraria,Four-Way Intersection,Interseccion de 4 direcciones,Sobre calle,Ninguna,Oscuro sin iluminacion,Nublado,No,NO APLICA,21,38,21,42,1,09/12/2022,5
30,Montana,300143,2,5,3,2,63,MISSOULA (63),0,NO APLICA,12,Diciembre,21,2022,18,55,SR-200,3,Highway estatal,Rural,Arteria Principal,State Highway Agency,1,Sin jurisdiccion especial,182,46.88248333,-113.5432861,Vehiculo Aparcado,El primer evento no fue una colision con un vehiculo automotor en transporte,Not an Intersection,No fue interseccion,Sobre Acotamiento,Ninguna,Oscuro sin iluminacion,Nieve,No,NO APLICA,18,58,19,13,1,21/12/2022,1
30,Montana,300144,0,0,1,0,43,JEFFERSON (43),0,NO APLICA,12,Diciembre,26,2022,4,3,I-15,1,Interestatal,Rural,Interestatal,State Highway Agency,1,Sin jurisdiccion especial,1847,46.49968056,-111.952925,Volcadura,El primer evento no fue una colision con un vehiculo automotor en transporte,Not an Intersection,No fue interseccion,En el medio,Ninguna,Oscuro sin iluminacion,Nublado,No,NO APLICA,4,4,4,19,1,26/12/2022,1
30,Montana,300145,0,0,1,0,47,LAKE (47),0,NO APLICA,12,Diciembre,27,2022,9,30,SR-83,3,Highway estatal,Rural,Arteria Menor,State Highway Agency,0,Sin jurisdiccion especial,731,47.94066389,-113.8709944,Valla Ferrocarril,El primer evento no fue una colision con un vehiculo automotor en transporte,Not an Intersection,No fue interseccion,Sobre el lado de la calle,Ninguna,Dia total,lluvia,No,NO APLICA,12,50,13,2,1,27/12/2022,1
30,Montana,300146,0,0,1,0,87,ROSEBUD (87),0,NO APLICA,12,Diciembre,29,2022,8,12,I-94,1,Interestatal,Rural,Interestatal,State Highway Agency,1,Sin jurisdiccion especial,884,46.25105278,-106.800825,Volcadura,El primer evento no fue una colision con un vehiculo automotor en transporte,Not an Intersection,No fue interseccion,Sobre el lado de la calle,Ninguna,Dia total,Nublado,No,NO APLICA,8,16,8,31,1,29/12/2022,1
30,Montana,300147,0,0,3,0,87,ROSEBUD (87),0,NO APLICA,10,Octubre,7,2022,19,8,US-212,2,US Highway,Rural,Arteria Principal,State Highway Agency,1,Reservacion India,586,45.60625556,-106.3393028,Vehiculo en movimiento,Golpe Lateral - direccion contraria,Not an Intersection,No fue interseccion,Sobre calle,Ninguna,Oscuro sin iluminacion,Despejado,No,NO APLICA,19,20,19,42,1,07/10/2022,6
30,Montana,300148,0,0,2,0,53,LINCOLN (53),0,NO APLICA,11,Noviembre,7,2022,14,18,US-2,2,US Highway,Rural,Arteria Principal,State Highway Agency,1,Sin jurisdiccion especial,276,48.43311944,-115.6344833,Vehiculo en movimiento,Frente a frente,Not an Intersection,No fue interseccion,Sobre calle,Ninguna,Dia total,Nieve,No,NO APLICA,14,28,14,36,2,07/11/2022,3
30,Montana,300149,1,1,1,0,29,FLATHEAD (29),0,NO APLICA,11,Noviembre,12,2022,21,5,US-93,2,US Highway,Rural,Arteria Principal,State Highway Agency,1,Sin jurisdiccion especial,981,48.02085,-114.2252583,Peaton,El primer evento no fue una colision con un vehiculo automotor en transporte,Not an Intersection,No fue interseccion,Sobre calle,Ninguna,Oscuro con iluminacion,Nublado,No,NO APLICA,21,12,21,14,1,12/11/2022,1
30,Montana,300150,0,0,1,0,53,LINCOLN (53),0,NO APLICA,12,Diciembre,16,2022,5,0,US-93,2,US Highway,Rural,Arteria Principal,State Highway Agency,1,Sin jurisdiccion especial,1673,48.76144167,-114.8917917,Volcadura,El primer evento no fue una colision con un vehiculo automotor en transporte,Not an Intersection,No fue interseccion,Sobre el lado de la calle,Ninguna,Oscuro sin iluminacion,Nublado,No,NO APLICA,6,19,6,29,1,16/12/2022,1
30,Montana,300151,0,0,2,0,29,FLATHEAD (29),0,NO APLICA,7,Julio,31,2022,16,52,WHITEFISH STAGE RD,6,Calle Local Municipalidad,Urbano,Arteria Menor,City or Municipal Highway Agency,0,Sin jurisdiccion especial,0,48.21643333,-114.3077139,Vehiculo en movimiento,Angulo,Not an Intersection,No fue interseccion,Sobre calle,Ninguna,Dia total,Despejado,No,NO APLICA,16,55,16,59,1,31/07/2022,3
30,Montana,300153,0,0,1,0,111,YELLOWSTONE (111),0,NO APLICA,12,Diciembre,31,2022,22,45,I-90,1,Interestatal,Urbano,Interestatal,State Highway Agency,1,Sin jurisdiccion especial,4490,45.7548,-108.4996028,Poste o otros soportes,El primer evento no fue una colision con un vehiculo automotor en transporte,Not an Intersection,No fue interseccion,Sobre el lado de la calle,Ninguna,Oscuro sin iluminacion,Despejado,No,NO APLICA,22,48,23,18,1,31/12/2022,2
30,Montana,300154,1,1,1,0,47,LAKE (47),0,NO APLICA,11,Noviembre,20,2022,3,0,MISSION DAM RD,5,Calle Local - Pueblo,Rural,Local,Town or Township Highway Agency,0,Reservacion India,7,47.31220278,-114.0508056,Peaton,El primer evento no fue una colision con un vehiculo automotor en transporte,Not an Intersection,No fue interseccion,Sobre calle,Ninguna,Oscuro sin iluminacion,Neblina o Humo,No,NO APLICA,3,6,3,22,1,20/11/2022,3
30,Montana,300155,0,0,2,0,29,FLATHEAD (29),0,NO APLICA,12,Diciembre,8,2022,13,25,US-2,2,US Highway,Rural,Arteria Principal,State Highway Agency,1,Sin jurisdiccion especial,0,48.30590278,-114.2481056,Vehiculo en movimiento,Angulo,T-Intersection,Interseccion de T,Sobre calle,Ninguna,Dia total,Despejado,No,NO APLICA,13,29,13,36,1,08/12/2022,2
30,Montana,300156,0,0,2,0,29,FLATHEAD (29),0,NO APLICA,12,Diciembre,14,2022,14,26,US-93,2,US Highway,Rural,Arteria Principal,State Highway Agency,1,Sin jurisdiccion especial,1230,48.34228333,-114.3356472,Vehiculo en movimiento,Angulo,Not an Intersection,No fue interseccion,Sobre calle,Ninguna,Dia total,Nieve,No,NO APLICA,14,26,14,32,1,14/12/2022,3
30,Montana,300157,1,1,1,0,63,MISSOULA (63),830,MISSOULA,1,Enero,21,2022,21,33,RUSSELL ST,6,Calle Local Municipalidad,Urbano,Arteria Principal,City or Municipal Highway Agency,1,Sin jurisdiccion especial,0,46.86805278,-114.0186167,Peaton,El primer evento no fue una colision con un vehiculo automotor en transporte,Four-Way Intersection,Interseccion de 4 direcciones,Sobre calle,Ninguna,Oscuro con iluminacion,No reportado,No,NO APLICA,21,34,21,40,1,21/01/2022,1
30,Montana,300158,1,1,1,0,63,MISSOULA (63),830,MISSOULA,1,Enero,29,2022,0,1,SOUTH AVE W,6,Calle Local Municipalidad,Urbano,Arteria Menor,City or Municipal Highway Agency,0,Sin jurisdiccion especial,0,46.84873611,-114.0423111,Peaton,El primer evento no fue una colision con un vehiculo automotor en transporte,Not an Intersection,No fue interseccion,Sobre calle,Ninguna,Oscuro sin iluminacion,No reportado,No,NO APLICA,0,1,0,8,1,29/01/2022,1
30,Montana,300159,1,1,1,0,63,MISSOULA (63),830,MISSOULA,3,Marzo,1,2022,18,47,RYMAN ST,6,Calle Local Municipalidad,Urbano,Colector Mayor,City or Municipal Highway Agency,0,Sin jurisdiccion especial,0,46.87365556,-113.9950083,Peaton,El primer evento no fue una colision con un vehiculo automotor en transporte,Four-Way Intersection,Interseccion de 4 direcciones,Sobre calle,Ninguna,Oscuro sin iluminacion,No reportado,No,NO APLICA,18,50,18,54,1,01/03/2022,1
30,Montana,300160,0,0,1,0,63,MISSOULA (63),830,MISSOULA,3,Marzo,11,2022,1,32,RASER DR,6,Calle Local Municipalidad,Urbano,Colector Mayor,City or Municipal Highway Agency,0,Sin jurisdiccion especial,0,46.89479722,-114.0286389,Poste,El primer evento no fue una colision con un vehiculo automotor en transporte,Not an Intersection,No fue interseccion,Sobre el lado de la calle,Ninguna,Oscuro sin iluminacion,No reportado,No,NO APLICA,1,32,1,45,2,11/03/2022,4
30,Montana,300161,0,0,1,0,63,MISSOULA (63),830,MISSOULA,4,Abril,25,2022,11,3,SOUTH AVE W,6,Calle Local Municipalidad,Urbano,Arteria Menor,City or Municipal Highway Agency,0,Sin jurisdiccion especial,0,46.84886944,-114.042575,Otro objeto (fijo),El primer evento no fue una colision con un vehiculo automotor en transporte,Not an Intersection,No fue interseccion,Fuera de la calle,Ninguna,Dia total,No reportado,No,NO APLICA,11,6,11,9,1,25/04/2022,1
30,Montana,300162,0,0,3,0,111,YELLOWSTONE (111),100,BILLINGS,6,Junio,16,2022,7,51,CENTRAL AVE,6,Calle Local Municipalidad,Urbano,Arteria Principal,City or Municipal Highway Agency,0,Sin jurisdiccion especial,0,45.76973056,-108.5848278,Vehiculo en movimiento,Angulo,T-Intersection,Interseccion de T,Sobre calle,Ninguna,Dia total,Despejado,No,NO APLICA,7,52,7,56,1,16/06/2022,3
30,Montana,300163,0,0,3,0,111,YELLOWSTONE (111),100,BILLINGS,6,Junio,16,2022,15,56,6TH AVE N,6,Calle Local Municipalidad,Urbano,Arteria Principal,City or Municipal Highway Agency,0,Sin jurisdiccion especial,0,45.79599722,-108.48925,Volcadura,El primer evento no fue una colision con un vehiculo automotor en transporte,Not an Intersection,No fue interseccion,Sobre calle,Ninguna,Dia total,Despejado,No,NO APLICA,15,57,16,2,1,16/06/2022,5
30,Montana,300164,0,0,2,0,111,YELLOWSTONE (111),100,BILLINGS,7,Julio,19,2022,20,47,62ND ST,6,Calle Local Municipalidad,Urbano,Arteria Menor,City or Municipal Highway Agency,0,Sin jurisdiccion especial,0,45.80345556,-108.6736583,Vehiculo en movimiento,Angulo,Four-Way Intersection,Interseccion de 4 direcciones,Sobre calle,Ninguna,Dia total,Despejado,No,NO APLICA,20,48,21,13,1,19/07/2022,2
30,Montana,300165,0,0,2,0,111,YELLOWSTONE (111),100,BILLINGS,8,Agosto,4,2022,14,48,E AIRPORT RD,6,Calle Local Municipalidad,Urbano,Arteria Menor,City or Municipal Highway Agency,0,Sin jurisdiccion especial,0,45.80035833,-108.5182833,Vehiculo en movimiento,Golpe Lateral - direccion contraria,Not an Intersection,No fue interseccion,Sobre calle,Ninguna,Dia total,Despejado,No,NO APLICA,14,51,14,55,1,04/08/2022,3
30,Montana,300166,0,0,1,0,111,YELLOWSTONE (111),100,BILLINGS,8,Agosto,5,2022,12,10,OVERLAND AVE,6,Calle Local Municipalidad,Urbano,Local,City or Municipal Highway Agency,0,Sin jurisdiccion especial,0,45.75003333,-108.5719528,Piedrotototota,El primer evento no fue una colision con un vehiculo automotor en transporte,Not an Intersection,No fue interseccion,Sobre el lado de la calle,Ninguna,Dia total,Nublado,No,NO APLICA,12,11,12,17,1,05/08/2022,1
30,Montana,300167,0,0,1,0,111,YELLOWSTONE (111),100,BILLINGS,8,Agosto,11,2022,20,16,SUGAR AVE,6,Calle Local Municipalidad,Urbano,Local,City or Municipal Highway Agency,0,Sin jurisdiccion especial,0,45.75545556,-108.494325,Volcadura,El primer evento no fue una colision con un vehiculo automotor en transporte,T-Intersection,Interseccion de T,Sobre calle,Ninguna,Atardecer,Despejado,No,NO APLICA,20,17,20,26,1,11/08/2022,1
30,Montana,300168,0,0,4,3,111,YELLOWSTONE (111),100,BILLINGS,9,Septiembre,3,2022,21,43,WALTER CREEK BLVD,6,Calle Local Municipalidad,Urbano,Local,City or Municipal Highway Agency,0,Sin jurisdiccion especial,0,45.73901389,-108.5682861,Vehiculo Aparcado,El primer evento no fue una colision con un vehiculo automotor en transporte,Not an Intersection,No fue interseccion,Sobre Acotamiento,Ninguna,Oscuro con iluminacion,Despejado,No,NO APLICA,21,44,21,50,1,03/09/2022,1
30,Montana,300169,1,1,1,0,63,MISSOULA (63),830,MISSOULA,9,Septiembre,21,2022,15,24,RUSSELL ST,6,Calle Local Municipalidad,Urbano,Arteria Principal,City or Municipal Highway Agency,1,Sin jurisdiccion especial,0,46.85394444,-114.0182167,No vehiculo o remolque,El primer evento no fue una colision con un vehiculo automotor en transporte,Not an Intersection,No fue interseccion,Sobre Acotamiento,Ninguna,Dia total,No reportado,No,NO APLICA,15,24,15,28,1,21/09/2022,1
30,Montana,300170,0,0,1,0,111,YELLOWSTONE (111),100,BILLINGS,11,Noviembre,1,2022,13,22,BROADWATER AVE,6,Calle Local Municipalidad,Urbano,Arteria Principal,City or Municipal Highway Agency,0,Sin jurisdiccion especial,0,45.7771,-108.5683222,Poste,El primer evento no fue una colision con un vehiculo automotor en transporte,Not an Intersection,No fue interseccion,Sobre el lado de la calle,Ninguna,Dia total,Nublado,No,NO APLICA,13,22,99,98,1,01/11/2022,1
30,Montana,300171,1,1,1,0,77,POWELL (77),320,DEER LODGE,11,Noviembre,22,2022,18,28,CR-275 MAIN ST,4,Calle del Condado,Urbano,Colector Mayor,County Highway Agency,0,Sin jurisdiccion especial,0,46.39475278,-112.7354139,Peaton,El primer evento no fue una colision con un vehiculo automotor en transporte,Four-Way Intersection,Interseccion de 4 direcciones,Sobre calle,Ninguna,Oscuro con iluminacion,Nublado,No,NO APLICA,18,32,18,37,1,22/11/2022,1
30,Montana,300172,0,0,2,0,3,BIG HORN (3),0,NO APLICA,7,Julio,15,2022,16,25,I-90,1,Interestatal,Rural,Interestatal,State Highway Agency,1,Sin jurisdiccion especial,4930,45.74606111,-107.6732972,Vehiculo en movimiento,Frente a Detrás,Not an Intersection,No fue interseccion,Sobre calle,Ninguna,Dia total,"Soplando arena, polvo o tierra",No,NO APLICA,16,34,16,38,1,15/07/2022,3
30,Montana,300173,0,0,2,0,3,BIG HORN (3),0,NO APLICA,7,Julio,15,2022,16,25,I-90,1,Interestatal,Rural,Interestatal,State Highway Agency,1,Sin jurisdiccion especial,4930,45.74603056,-107.6732667,Vehiculo en movimiento,Frente a Detrás,Not an Intersection,No fue interseccion,Sobre calle,Ninguna,Dia total,"Soplando arena, polvo o tierra",No,NO APLICA,16,34,16,38,4,15/07/2022,7
30,Montana,300174,0,0,4,0,3,BIG HORN (3),0,NO APLICA,7,Julio,15,2022,16,25,I-90,1,Interestatal,Rural,Interestatal,State Highway Agency,1,Sin jurisdiccion especial,4930,45.74603889,-107.6732639,Vehiculo en movimiento,Frente a Detrás,Not an Intersection,No fue interseccion,Sobre calle,Ninguna,Dia total,"Soplando arena, polvo o tierra",No,NO APLICA,16,34,16,38,2,15/07/2022,5
30,Montana,300175,1,1,1,0,63,MISSOULA (63),830,MISSOULA,5,Mayo,2,2022,13,48,S ORANGE ST,6,Calle Local Municipalidad,Urbano,Arteria Principal,City or Municipal Highway Agency,1,Sin jurisdiccion especial,0,46.86691944,-114.003625,Ciclista,El primer evento no fue una colision con un vehiculo automotor en transporte,Four-Way Intersection,Interseccion de 4 direcciones,Sobre calle,Ninguna,Dia total,Despejado,No,NO APLICA,13,48,13,51,1,02/05/2022,1
30,Montana,300176,0,0,1,0,13,CASCADE (13),530,GREAT FALLS,7,Julio,11,2022,22,51,RIVER DR N,6,Calle Local Municipalidad,Urbano,Arteria Principal,City or Municipal Highway Agency,1,Sin jurisdiccion especial,0,47.51809722,-111.2619194,Banqueta,El primer evento no fue una colision con un vehiculo automotor en transporte,Not an Intersection,No fue interseccion,Sobre el lado de la calle,Ninguna,Oscuro sin iluminacion,Despejado,No,NO APLICA,22,52,22,59,1,11/07/2022,1
30,Montana,300177,0,0,2,0,13,CASCADE (13),530,GREAT FALLS,7,Julio,19,2022,21,12,US-87 10TH AVE S,2,US Highway,Urbano,Arteria Principal,City or Municipal Highway Agency,1,Sin jurisdiccion especial,0,47.49430278,-111.2957472,Vehiculo en movimiento,Angulo,Four-Way Intersection,Interseccion de 4 direcciones,Sobre calle,Ninguna,Atardecer,Despejado,No,NO APLICA,21,13,21,16,1,19/07/2022,2
30,Montana,300178,1,1,1,0,111,YELLOWSTONE (111),100,BILLINGS,11,Noviembre,1,2022,6,1,BROADWATER AVE,6,Calle Local Municipalidad,Urbano,Arteria Principal,City or Municipal Highway Agency,0,Sin jurisdiccion especial,0,45.77720556,-108.5303556,Peaton,El primer evento no fue una colision con un vehiculo automotor en transporte,Four-Way Intersection,Interseccion de 4 direcciones,Sobre calle,Ninguna,Oscuro con iluminacion,Nublado,No,NO APLICA,6,20,6,24,1,01/11/2022,1
30,Montana,300179,0,0,2,0,13,CASCADE (13),530,GREAT FALLS,10,Octubre,7,2022,20,14,57TH ST S,6,Calle Local Municipalidad,Urbano,Arteria Principal,City or Municipal Highway Agency,1,Sin jurisdiccion especial,0,47.50159444,-111.2154944,Vehiculo en movimiento,Angulo,Four-Way Intersection,Interseccion de 4 direcciones,Sobre calle,Ninguna,Oscuro con iluminacion,Despejado,No,NO APLICA,20,15,20,24,1,07/10/2022,3
30,Montana,300180,0,0,1,0,13,CASCADE (13),530,GREAT FALLS,8,Agosto,23,2022,2,0,NONE,8,Otro,Trafficway Not in State Inventory,Via no en inventario estatal,Trafficway Not in State Inventory,0,Sin jurisdiccion especial,0,47.48868611,-111.2502889,Muro,El primer evento no fue una colision con un vehiculo automotor en transporte,Not an Intersection,No fue interseccion,Sobre el lado de la calle,Ninguna,Oscuro sin iluminacion,Despejado,No,NO APLICA,6,38,6,45,1,23/08/2022,1
30,Montana,300181,0,0,2,0,13,CASCADE (13),530,GREAT FALLS,8,Agosto,11,2022,13,22,CENTRAL AVE W,6,Calle Local Municipalidad,Urbano,Arteria Principal,State Highway Agency,1,Sin jurisdiccion especial,0,47.50793056,-111.3386806,Volcadura,El primer evento no fue una colision con un vehiculo automotor en transporte,T-Intersection,Interseccion de T,Sobre calle,Ninguna,Dia total,Despejado,No,NO APLICA,13,23,13,29,1,11/08/2022,2
30,Montana,300182,0,0,1,0,29,FLATHEAD (29),680,KALISPELL,8,Agosto,6,2022,3,0,US-93 N,2,US Highway,Urbano,Arteria Principal,State Highway Agency,1,Sin jurisdiccion especial,0,48.24063889,-114.3307278,Soporte de  señalamiento de transito,El primer evento no fue una colision con un vehiculo automotor en transporte,Four-Way Intersection,Interseccion de 4 direcciones,Sobre el lado de la calle,Ninguna,Oscuro con iluminacion,Nublado,No,NO APLICA,99,98,99,98,1,06/08/2022,1
30,Montana,300183,0,0,1,0,29,FLATHEAD (29),260,COLUMBIA FALLS,2,Febrero,24,2022,0,0,US-2 9TH ST W,2,US Highway,Urbano,Arteria Principal,State Highway Agency,1,Sin jurisdiccion especial,99998,48.37062222,-114.1816694,Arbol,El primer evento no fue una colision con un vehiculo automotor en transporte,Not an Intersection,No fue interseccion,Sobre el lado de la calle,Ninguna,Oscuro con iluminacion,Nublado,No,NO APLICA,99,99,99,99,1,24/02/2022,1
30,Montana,300184,0,0,2,0,49,LEWIS AND CLARK (49),590,HELENA,7,Julio,12,2022,20,37,ELM ST,6,Calle Local Municipalidad,Urbano,Local,City or Municipal Highway Agency,0,Sin jurisdiccion especial,0,46.60775278,-112.0170306,Vehiculo en movimiento,Angulo,Four-Way Intersection,Interseccion de 4 direcciones,Sobre calle,Ninguna,Dia total,Despejado,No,NO APLICA,99,99,99,99,1,12/07/2022,2
30,Montana,300185,1,1,1,0,3,BIG HORN (3),550,HARDIN,8,Agosto,12,2022,21,36,N CRAWFORD AVE,6,Calle Local Municipalidad,Urbano,Local,City or Municipal Highway Agency,0,Sin jurisdiccion especial,0,45.74263889,-107.6121528,Peaton,El primer evento no fue una colision con un vehiculo automotor en transporte,Not an Intersection,No fue interseccion,Sobre calle,Ninguna,Oscuro sin iluminacion,Despejado,No,NO APLICA,21,37,21,39,1,12/08/2022,1
30,Montana,300186,0,0,1,0,111,YELLOWSTONE (111),100,BILLINGS,8,Agosto,16,2022,3,46,KING AVE W,6,Calle Local Municipalidad,Urbano,Arteria Principal,City or Municipal Highway Agency,1,Sin jurisdiccion especial,0,45.75519167,-108.5896639,Otra barrera de trafico,El primer evento no fue una colision con un vehiculo automotor en transporte,Not an Intersection,No fue interseccion,En el medio,Ninguna,Oscuro con iluminacion,Nublado,No,NO APLICA,3,47,3,53,1,16/08/2022,1
31,Nebraska,310001,0,0,1,0,19,BUFFALO (19),0,NO APLICA,1,Enero,1,2022,99,99,SR-10,3,Highway estatal,Rural,Arteria Menor,State Highway Agency,0,Sin jurisdiccion especial,1007,40.69722222,-98.951125,Volcadura,El primer evento no fue una colision con un vehiculo automotor en transporte,Not an Intersection,No fue interseccion,Sobre el lado de la calle,Ninguna,Oscuro sin iluminacion,Reportado como desconocido,No,NO APLICA,99,98,99,98,1,01/01/2022,1
31,Nebraska,310002,0,0,2,0,55,DOUGLAS (55),3620,OMAHA,1,Enero,6,2022,22,12,Q ST,6,Calle Local Municipalidad,Urbano,Arteria Menor,City or Municipal Highway Agency,0,Sin jurisdiccion especial,0,41.20543056,-96.15392222,Vehiculo en movimiento,Angulo,Four-Way Intersection,Interseccion de 4 direcciones,Sobre calle,Ninguna,Oscuro con iluminacion,Despejado,No,NO APLICA,22,12,22,16,1,06/01/2022,3
31,Nebraska,310003,0,0,1,0,25,CASS (25),0,NO APLICA,1,Enero,8,2022,3,53,I-80,1,Interestatal,Rural,Interestatal,State Highway Agency,1,Sin jurisdiccion especial,4226,40.98837778,-96.36481667,Acotamiento,El primer evento no fue una colision con un vehiculo automotor en transporte,Not an Intersection,No fue interseccion,En el medio,Ninguna,Oscuro sin iluminacion,Despejado,No,NO APLICA,3,54,4,7,1,08/01/2022,1
31,Nebraska,310004,0,0,2,0,23,BUTLER (23),0,NO APLICA,1,Enero,11,2022,14,57,SR-64,3,Highway estatal,Rural,Arteria Menor,State Highway Agency,0,Sin jurisdiccion especial,70,41.33792222,-97.22328889,Vehiculo en movimiento,Frente a frente,Not an Intersection,No fue interseccion,Sobre calle,Ninguna,Dia total,Despejado,No,NO APLICA,14,57,15,5,2,11/01/2022,2
31,Nebraska,310005,0,0,2,0,13,BOX BUTTE (13),0,NO APLICA,1,Enero,14,2022,99,99,SR-71,3,Highway estatal,Rural,Arteria Menor,State Highway Agency,0,Sin jurisdiccion especial,1090,42.32351667,-103.4166556,Vehiculo en movimiento,Frente a frente,Not an Intersection,No fue interseccion,Sobre calle,Ninguna,Dia total,Nieve,No,NO APLICA,16,21,16,39,2,14/01/2022,4
31,Nebraska,310006,0,0,2,0,131,OTOE (131),0,NO APLICA,1,Enero,15,2022,0,36,SR-2,3,Highway estatal,Rural,Arterial Principal -Freeway o ExpressWay,State Highway Agency,1,Sin jurisdiccion especial,4789,40.71148889,-96.34505,Vehiculo en movimiento,Frente a frente,Not an Intersection,No fue interseccion,Sobre calle,Ninguna,Oscuro sin iluminacion,Nieve,No,NO APLICA,99,99,99,99,1,15/01/2022,4
31,Nebraska,310007,1,1,1,0,55,DOUGLAS (55),3620,OMAHA,1,Enero,10,2022,23,23,US-75,2,US Highway,Urbano,Arteria Principal,State Highway Agency,1,Sin jurisdiccion especial,931,41.31398056,-95.95657222,Peaton,El primer evento no fue una colision con un vehiculo automotor en transporte,Four-Way Intersection,Interseccion de 4 direcciones,Sobre calle,Ninguna,Oscuro sin iluminacion,Despejado,No,NO APLICA,23,24,23,30,1,10/01/2022,2
31,Nebraska,310008,0,0,1,0,55,DOUGLAS (55),0,NO APLICA,1,Enero,21,2022,9,38,SR-92,3,Highway estatal,Rural,Arteria Principal,State Highway Agency,1,Sin jurisdiccion especial,4684,41.23378889,-96.3225,Arbol,El primer evento no fue una colision con un vehiculo automotor en transporte,Not an Intersection,No fue interseccion,Sobre el lado de la calle,Ninguna,Dia total,Despejado,No,NO APLICA,99,99,99,99,1,21/01/2022,1
31,Nebraska,310009,0,0,1,0,179,WAYNE (179),0,NO APLICA,1,Enero,22,2022,3,0,SR-98,3,Highway estatal,Rural,Colector Mayor,State Highway Agency,0,Sin jurisdiccion especial,200,42.23553889,-97.18691111,Volcadura,El primer evento no fue una colision con un vehiculo automotor en transporte,Not an Intersection,No fue interseccion,Sobre el lado de la calle,Ninguna,Oscuro sin iluminacion,Despejado,No,NO APLICA,3,5,3,12,1,22/01/2022,2