Estado,Nombre de Estado,Numero de Caso,Peatones,Personas _no_vehiculos,Vehiculos automotores,Vehiculos estacionados,Condado,Nombre Condado,Ciudad,Nombre Ciudad,Mes,Nombre Mes,Dia,Año,Hora,Minuto,Calle,Ruta,Nombre Ruta,Rural o Urbanoo,Sistema Funcional,Dueño Calle,Sistema Nacional Carreteras,Jurisdiccion Especial,Milla,Latitud,Longitud,Causa del Accidente,Tipo de Accidente,Tipo Interseccion,Columna1,Lugar en la calle,Zona de Trabajo,Luz,Clima,Autobus Escolar,Cruce de Trenes,Hora Notificacion,Minuto Notificacion,Hora Llegada,Minuto Llegada,Decesos,Fecha,PersonaVehiculo
31,Nebraska,310011,0,0,2,0,121,MERRICK (121),0,NO APLICA,2,Febrero,9,2022,5,23,US-30,2,US Highway,Rural,Arteria Principal,State Highway Agency,1,Sin jurisdiccion especial,3245,40.99818889,-98.19791389,Vehiculo en movimiento,Frente a frente,Not an Intersection,No fue interseccion,Sobre calle,Ninguna,Oscuro sin iluminacion,Despejado,No,NO APLICA,99,98,99,98,2,09/02/2022,2
31,Nebraska,310012,0,0,3,0,141,PLATTE (141),0,NO APLICA,2,Febrero,11,2022,11,10,US-30,2,US Highway,Rural,Arteria Principal,State Highway Agency,1,Sin jurisdiccion especial,3646,41.34799444,-97.58781111,"La carga del vehiculo (cambio, perdida, o otro)",El primer evento no fue una colision con un vehiculo automotor en transporte,Not an Intersection,No fue interseccion,Sobre calle,Ninguna,Dia total,Vientos cruzados pero de los mamalones,No,NO APLICA,99,99,99,99,1,11/02/2022,4
31,Nebraska,310013,0,0,2,0,27,CEDAR (27),0,NO APLICA,2,Febrero,15,2022,12,2,US-81,2,US Highway,Rural,Arteria Principal,State Highway Agency,1,Sin jurisdiccion especial,1988,42.72867778,-97.40754722,Vehiculo en movimiento,Angulo,Four-Way Intersection,Interseccion de 4 direcciones,Sobre calle,Ninguna,Dia total,Despejado,No,NO APLICA,12,7,12,21,2,15/02/2022,3
31,Nebraska,310015,0,0,2,0,109,LANCASTER (109),0,NO APLICA,2,Febrero,23,2022,21,7,US-77,2,US Highway,Rural,Arterial Principal -Freeway o ExpressWay,State Highway Agency,1,Sin jurisdiccion especial,714,40.92961389,-96.64335556,Vehiculo en movimiento,Frente a frente,Not an Intersection,No fue interseccion,Sobre calle,Ninguna,Oscuro con iluminacion,Despejado,No,NO APLICA,21,19,21,26,1,23/02/2022,2
31,Nebraska,310016,0,0,1,0,121,MERRICK (121),0,NO APLICA,2,Febrero,27,2022,18,40,CR-5TH RD,4,Calle del Condado,Rural,Local,County Highway Agency,0,Sin jurisdiccion especial,0,41.02368611,-98.20630556,Volcadura,El primer evento no fue una colision con un vehiculo automotor en transporte,Not an Intersection,No fue interseccion,Sobre el lado de la calle,Ninguna,Dia total,Despejado,No,NO APLICA,99,99,99,99,1,27/02/2022,1
31,Nebraska,310017,0,0,2,0,109,LANCASTER (109),2830,LINCOLN,3,Marzo,7,2022,20,41,N 70TH STREET,6,Calle Local Municipalidad,Urbano,Arteria Menor,City or Municipal Highway Agency,0,Sin jurisdiccion especial,0,40.82797222,-96.62498333,Vehiculo en movimiento,Frente a frente,Four-Way Intersection,Interseccion de 4 direcciones,Sobre calle,Ninguna,Oscuro con iluminacion,Despejado,No,NO APLICA,20,43,20,46,1,07/03/2022,4
31,Nebraska,310018,0,0,3,0,159,SEWARD (159),0,NO APLICA,3,Marzo,8,2022,5,41,I-80,1,Interestatal,Rural,Interestatal,State Highway Agency,1,Sin jurisdiccion especial,1210,40.82224444,-97.08482222,Vehiculo en movimiento,Frente a frente,Not an Intersection,No fue interseccion,Sobre calle,Ninguna,Oscuro sin iluminacion,Despejado,No,NO APLICA,5,49,6,19,3,08/03/2022,6
31,Nebraska,310019,0,0,2,0,33,CHEYENNE (33),0,NO APLICA,3,Marzo,9,2022,15,50,I-80,1,Interestatal,Rural,Interestatal,State Highway Agency,1,Sin jurisdiccion especial,619,41.11303056,-102.9238778,Vehiculo en movimiento,Angulo,Not an Intersection,No fue interseccion,Sobre calle,Ninguna,Dia total,Soplando nieve,No,NO APLICA,16,3,16,17,1,09/03/2022,3
31,Nebraska,310020,0,0,7,0,153,SARPY (153),2745,LA VISTA,3,Marzo,9,2022,8,12,S 72ND ST,6,Calle Local Municipalidad,Urbano,Arteria Principal,City or Municipal Highway Agency,1,Sin jurisdiccion especial,37,41.19041667,-96.02365556,Vehiculo en movimiento,Frente a Detrás,Four-Way Intersection,Interseccion de 4 direcciones,Sobre calle,Ninguna,Dia total,Despejado,No,NO APLICA,8,13,8,20,2,09/03/2022,8
31,Nebraska,310021,0,0,1,0,79,HALL (79),2090,GRAND ISLAND,3,Marzo,12,2022,0,19,CHERRY ST,6,Calle Local Municipalidad,Urbano,Local,City or Municipal Highway Agency,0,Sin jurisdiccion especial,0,40.922325,-98.32891111,Arbol,El primer evento no fue una colision con un vehiculo automotor en transporte,Not an Intersection,No fue interseccion,Sobre el lado de la calle,Ninguna,Oscuro con iluminacion,Despejado,No,NO APLICA,99,99,99,99,1,12/03/2022,2
31,Nebraska,310022,0,0,2,0,109,LANCASTER (109),0,NO APLICA,3,Marzo,7,2022,5,44,SR-2,3,Highway estatal,Rural,Arterial Principal -Freeway o ExpressWay,State Highway Agency,1,Sin jurisdiccion especial,4668,40.71152222,-96.48961944,Vehiculo en movimiento,Angulo,Not an Intersection,No fue interseccion,Sobre calle,Ninguna,Amanecer,Nieve,No,NO APLICA,5,44,6,0,1,07/03/2022,2
31,Nebraska,310023,0,0,2,0,27,CEDAR (27),0,NO APLICA,3,Marzo,9,2022,99,99,US-81,2,US Highway,Rural,Arteria Principal,State Highway Agency,1,Sin jurisdiccion especial,1988,42.61277222,-97.4263,Vehiculo en movimiento,Angulo,Four-Way Intersection,Interseccion de 4 direcciones,Sobre calle,Ninguna,Oscuro con iluminacion,Despejado,No,NO APLICA,99,99,99,99,1,09/03/2022,2
31,Nebraska,310024,1,1,1,0,79,HALL (79),2090,GRAND ISLAND,3,Marzo,13,2022,15,10,W 4TH ST,6,Calle Local Municipalidad,Urbano,Arteria Menor,City or Municipal Highway Agency,0,Sin jurisdiccion especial,0,40.92838611,-98.34204167,Peaton,El primer evento no fue una colision con un vehiculo automotor en transporte,Four-Way Intersection,Interseccion de 4 direcciones,Sobre calle,Ninguna,Dia total,Despejado,No,NO APLICA,15,10,15,17,1,13/03/2022,1
31,Nebraska,310025,0,0,2,0,181,WEBSTER (181),0,NO APLICA,3,Marzo,16,2022,17,33,SR-78,3,Highway estatal,Rural,Colector Mayor,State Highway Agency,0,Sin jurisdiccion especial,130,40.19576389,-98.33030278,Vehiculo en movimiento,Frente a frente,Not an Intersection,No fue interseccion,Sobre calle,Ninguna,Dia total,Despejado,No,NO APLICA,17,41,17,58,1,16/03/2022,2
31,Nebraska,310026,0,0,1,0,167,STANTON (167),0,NO APLICA,3,Marzo,17,2022,19,56,US-275,2,US Highway,Rural,Arteria Principal,State Highway Agency,1,Sin jurisdiccion especial,800,42.01832222,-97.32800556,Arbol,El primer evento no fue una colision con un vehiculo automotor en transporte,Not an Intersection,No fue interseccion,Sobre el lado de la calle,Ninguna,Atardecer,Despejado,No,NO APLICA,19,58,20,6,1,17/03/2022,1
31,Nebraska,310027,0,0,2,0,55,DOUGLAS (55),0,NO APLICA,3,Marzo,18,2022,15,40,CR-Q ST,4,Calle del Condado,Urbano,Arteria Menor,County Highway Agency,0,Sin jurisdiccion especial,14,41.20505556,-96.22022222,Banqueta,El primer evento no fue una colision con un vehiculo automotor en transporte,Four-Way Intersection,Interseccion de 4 direcciones,Sobre el lado de la calle,Ninguna,Dia total,Nublado,No,NO APLICA,15,41,15,45,1,18/03/2022,2
31,Nebraska,310028,0,0,2,0,129,NUCKOLLS (129),0,NO APLICA,3,Marzo,31,2022,7,39,SR-8,3,Highway estatal,Rural,Arteria Menor,State Highway Agency,0,Sin jurisdiccion especial,60,40.20409167,-98.06745556,Vehiculo en movimiento,Frente a frente,Not an Intersection,No fue interseccion,Sobre calle,Ninguna,Dia total,Despejado,No,NO APLICA,7,42,7,56,1,31/03/2022,3
31,Nebraska,310029,0,0,1,0,159,SEWARD (159),0,NO APLICA,3,Marzo,31,2022,3,12,I-80,1,Interestatal,Rural,Interestatal,State Highway Agency,1,Sin jurisdiccion especial,3808,40.82223056,-97.06850278,Valla Ferrocarril,El primer evento no fue una colision con un vehiculo automotor en transporte,Not an Intersection,No fue interseccion,Sobre el lado de la calle,Ninguna,Oscuro sin iluminacion,Nieve,No,NO APLICA,3,14,3,22,2,31/03/2022,2
31,Nebraska,310030,0,0,2,0,55,DOUGLAS (55),0,NO APLICA,4,Abril,7,2022,6,45,SR-36,3,Highway estatal,Rural,Arteria Menor,State Highway Agency,0,Sin jurisdiccion especial,168,41.36911944,-96.109075,Vehiculo en movimiento,Frente a frente,Not an Intersection,No fue interseccion,Sobre calle,Ninguna,Dia total,Nublado,No,NO APLICA,6,48,6,54,2,07/04/2022,2
31,Nebraska,310031,0,0,1,0,41,CUSTER (41),0,NO APLICA,4,Abril,8,2022,99,99,SR-21,3,Highway estatal,Rural,Arteria Menor,State Highway Agency,0,Sin jurisdiccion especial,552,41.18165278,-99.73660278,Poste de Señal de trafico,El primer evento no fue una colision con un vehiculo automotor en transporte,Not an Intersection,No fue interseccion,Sobre el lado de la calle,Ninguna,Dia total,Despejado,No,NO APLICA,99,99,99,99,1,08/04/2022,1
31,Nebraska,310032,0,0,2,0,13,BOX BUTTE (13),0,NO APLICA,4,Abril,10,2022,14,5,SR-2,3,Highway estatal,Rural,Arteria Principal,State Highway Agency,1,Sin jurisdiccion especial,924,42.09194444,-102.7645917,Vehiculo en movimiento,Frente a frente,Not an Intersection,No fue interseccion,Sobre calle,Ninguna,Dia total,Despejado,No,NO APLICA,14,8,14,16,1,10/04/2022,2
31,Nebraska,310033,0,0,2,0,39,CUMING (39),0,NO APLICA,4,Abril,18,2022,17,8,CR-N RD,4,Calle del Condado,Rural,Colector Mayor,County Highway Agency,0,Sin jurisdiccion especial,20,41.93103611,-96.76813611,Vehiculo en movimiento,Angulo,Four-Way Intersection,Interseccion de 4 direcciones,Sobre calle,Ninguna,Dia total,Despejado,No,NO APLICA,17,12,17,19,1,18/04/2022,3
31,Nebraska,310034,1,1,2,0,185,YORK (185),0,NO APLICA,4,Abril,21,2022,7,30,CR-RD F,4,Calle del Condado,Rural,Local,County Highway Agency,0,Sin jurisdiccion especial,3,40.88706944,-97.73091389,Vehiculo en movimiento,Frente a Detrás,Four-Way Intersection,Interseccion de 4 direcciones,Sobre calle,Ninguna,Oscuro con iluminacion,Neblina o Humo,No,NO APLICA,7,34,7,47,1,21/04/2022,1
31,Nebraska,310035,0,0,4,0,153,SARPY (153),460,BELLEVUE,4,Abril,29,2022,14,52,SR-370,3,Highway estatal,Urbano,Arterial Principal -Freeway o ExpressWay,State Highway Agency,1,Sin jurisdiccion especial,149,41.13764444,-95.95705,Vehiculo en movimiento,Angulo,Four-Way Intersection,Interseccion de 4 direcciones,Sobre calle,Ninguna,Dia total,Nublado,No,NO APLICA,14,52,14,57,1,29/04/2022,5
31,Nebraska,310036,0,0,2,0,81,HAMILTON (81),0,NO APLICA,5,Mayo,3,2022,7,27,SR-14,3,Highway estatal,Rural,Arteria Menor,State Highway Agency,0,Sin jurisdiccion especial,619,40.83758889,-97.99680278,Vehiculo en movimiento,Frente a frente,Not an Intersection,No fue interseccion,Sobre calle,Ninguna,Dia total,Nublado,No,NO APLICA,7,28,7,32,1,03/05/2022,2
31,Nebraska,310037,0,0,2,0,1,ADAMS (1),2280,HASTINGS,5,Mayo,18,2022,16,30,US-6,2,US Highway,Rural,Arteria Menor,State Highway Agency,0,Sin jurisdiccion especial,2176,40.5824,-98.32645833,Vehiculo en movimiento,Angulo,T-Intersection,Interseccion de T,Sobre calle,Ninguna,Dia total,Despejado,No,NO APLICA,16,36,16,45,1,18/05/2022,2
31,Nebraska,310038,0,0,1,0,67,GAGE (67),0,NO APLICA,5,Mayo,21,2022,17,55,CR-LOCUST R,4,Calle del Condado,Rural,Colector Mayor,County Highway Agency,0,Sin jurisdiccion especial,213,40.21924444,-96.67045556,Zanja,El primer evento no fue una colision con un vehiculo automotor en transporte,Not an Intersection,No fue interseccion,Sobre el lado de la calle,Ninguna,Dia total,Despejado,No,NO APLICA,17,57,18,10,1,21/05/2022,2
31,Nebraska,310039,0,0,2,0,177,WASHINGTON (177),0,NO APLICA,5,Mayo,22,2022,0,6,US-30,2,US Highway,Rural,Arteria Principal,State Highway Agency,1,Sin jurisdiccion especial,4465,41.485175,-96.17847222,Vehiculo en movimiento,Frente a frente,Not an Intersection,No fue interseccion,Sobre calle,Ninguna,Oscuro sin iluminacion,Despejado,No,NO APLICA,0,8,0,17,1,22/05/2022,2
31,Nebraska,310040,20,20,2,0,109,LANCASTER (109),2830,LINCOLN,5,Mayo,29,2022,22,46,US-34 O ST,2,US Highway,Urbano,Arteria Principal,State Highway Agency,1,Sin jurisdiccion especial,3275,40.81351944,-96.64877222,Vehiculo en movimiento,Angulo,Four-Way Intersection,Interseccion de 4 direcciones,Sobre calle,Ninguna,Oscuro con iluminacion,Despejado,No,NO APLICA,22,47,22,50,2,29/05/2022,3
31,Nebraska,310042,0,0,1,0,119,MADISON (119),0,NO APLICA,1,Enero,16,2022,20,30,CR-544 AVENUE,4,Calle del Condado,Rural,Local,County Highway Agency,0,Sin jurisdiccion especial,0,41.88981389,-97.63951111,Volcadura,El primer evento no fue una colision con un vehiculo automotor en transporte,Not an Intersection,No fue interseccion,Sobre el lado de la calle,Ninguna,Oscuro sin iluminacion,Despejado,No,NO APLICA,20,40,20,56,1,16/01/2022,2
31,Nebraska,310043,0,0,2,0,159,SEWARD (159),0,NO APLICA,1,Enero,18,2022,10,31,SR-34,3,Highway estatal,Rural,Arteria Menor,State Highway Agency,0,Sin jurisdiccion especial,3017,40.90129444,-97.04415278,Vehiculo en movimiento,Angulo,Four-Way Intersection,Interseccion de 4 direcciones,Sobre calle,Ninguna,Dia total,Despejado,No,NO APLICA,10,31,10,39,2,18/01/2022,2
31,Nebraska,310044,0,0,2,0,109,LANCASTER (109),0,NO APLICA,1,Enero,20,2022,10,0,US-34,2,US Highway,Rural,Arteria Principal,State Highway Agency,1,Sin jurisdiccion especial,3347,40.81301111,-96.52090833,Vehiculo en movimiento,Angulo,Four-Way Intersection,Interseccion de 4 direcciones,Sobre calle,Ninguna,Dia total,Despejado,No,NO APLICA,10,4,10,13,1,20/01/2022,2
31,Nebraska,310045,1,1,1,0,55,DOUGLAS (55),3620,OMAHA,1,Enero,20,2022,22,10,SR-64 MAPLE ST,3,Highway estatal,Urbano,Arteria Principal,State Highway Agency,1,Sin jurisdiccion especial,728,41.28515,-96.06045556,Peaton,El primer evento no fue una colision con un vehiculo automotor en transporte,Not an Intersection,No fue interseccion,Sobre calle,Ninguna,Oscuro sin iluminacion,Despejado,No,NO APLICA,22,10,22,16,1,20/01/2022,1
31,Nebraska,310046,0,0,1,0,159,SEWARD (159),0,NO APLICA,1,Enero,22,2022,14,46,CR-210TH RD,4,Calle del Condado,Rural,Local,County Highway Agency,0,Sin jurisdiccion especial,0,40.91334444,-97.00606667,Volcadura,El primer evento no fue una colision con un vehiculo automotor en transporte,T-Intersection,Interseccion de T,Sobre el lado de la calle,Ninguna,Dia total,Despejado,No,NO APLICA,14,55,15,6,1,22/01/2022,5
31,Nebraska,310047,0,0,1,0,25,CASS (25),0,NO APLICA,1,Enero,23,2022,16,5,CR-286TH,4,Calle del Condado,Rural,Local,County Highway Agency,0,Sin jurisdiccion especial,0,40.85586389,-96.31293333,Volcadura,El primer evento no fue una colision con un vehiculo automotor en transporte,Not an Intersection,No fue interseccion,Sobre el lado de la calle,Ninguna,Dia total,Nublado,No,NO APLICA,16,7,16,16,1,23/01/2022,1
31,Nebraska,310048,0,0,3,0,101,KEITH (101),0,NO APLICA,1,Enero,24,2022,18,50,I-80,1,Interestatal,Rural,Interestatal,State Highway Agency,1,Sin jurisdiccion especial,2427,41.12067778,-101.6557306,Volcadura,El primer evento no fue una colision con un vehiculo automotor en transporte,Not an Intersection,No fue interseccion,En el medio,Ninguna,Oscuro sin iluminacion,Despejado,No,NO APLICA,19,0,19,20,1,24/01/2022,5
31,Nebraska,310049,0,0,2,0,109,LANCASTER (109),2830,LINCOLN,1,Enero,28,2022,9,20,CR-SALT CREEK ROADWAY,4,Calle del Condado,Rural,Arteria Menor,County Highway Agency,0,Sin jurisdiccion especial,0,40.82691944,-96.69873889,Vehiculo en movimiento,Angulo,Four-Way Intersection,Interseccion de 4 direcciones,Sobre calle,Ninguna,Dia total,Despejado,No,NO APLICA,9,20,9,24,1,28/01/2022,2
31,Nebraska,310050,0,0,1,0,53,DODGE (53),0,NO APLICA,1,Enero,29,2022,15,21,US-275,2,US Highway,Rural,Arteria Principal,State Highway Agency,1,Sin jurisdiccion especial,1279,41.69438333,-96.69941111,Volcadura,El primer evento no fue una colision con un vehiculo automotor en transporte,Not an Intersection,No fue interseccion,Sobre el lado de la calle,Ninguna,Dia total,Despejado,No,NO APLICA,15,23,15,28,1,29/01/2022,1
31,Nebraska,310051,0,0,2,0,81,HAMILTON (81),0,NO APLICA,1,Enero,30,2022,6,8,I-80,1,Interestatal,Rural,Interestatal,State Highway Agency,1,Sin jurisdiccion especial,3191,40.820975,-98.27323056,Vehiculo en movimiento,Frente a frente,Not an Intersection,No fue interseccion,Sobre calle,Ninguna,Oscuro sin iluminacion,Despejado,No,NO APLICA,6,9,6,23,1,30/01/2022,6
31,Nebraska,310052,0,0,2,0,105,KIMBALL (105),0,NO APLICA,2,Febrero,3,2022,99,99,I-80,1,Interestatal,Rural,Interestatal,State Highway Agency,1,Sin jurisdiccion especial,40,41.19266389,-103.9788722,Vehiculo en movimiento,Frente a Detrás,Not an Intersection,No fue interseccion,Sobre calle,Ninguna,Oscuro sin iluminacion,Despejado,No,NO APLICA,99,99,99,99,1,03/02/2022,2
31,Nebraska,310053,0,0,1,0,109,LANCASTER (109),2830,LINCOLN,2,Febrero,6,2022,6,57,NEBRASKA PARKWAY,6,Calle Local Municipalidad,Urbano,Arteria Principal,City or Municipal Highway Agency,0,Sin jurisdiccion especial,23,40.77178056,-96.70175833,Banqueta,El primer evento no fue una colision con un vehiculo automotor en transporte,Four-Way Intersection,Interseccion de 4 direcciones,Gore?,Ninguna,Amanecer,Despejado,No,NO APLICA,6,59,7,4,1,06/02/2022,1
31,Nebraska,310054,0,0,2,0,169,THAYER (169),0,NO APLICA,3,Marzo,17,2022,18,30,US-81,2,US Highway,Rural,Arterial Principal -Freeway o ExpressWay,State Highway Agency,1,Sin jurisdiccion especial,141,40.18287222,-97.57570278,Vehiculo en movimiento,Frente a frente,Not an Intersection,No fue interseccion,Sobre calle,Ninguna,Dia total,Despejado,No,NO APLICA,18,33,18,39,1,17/03/2022,2
31,Nebraska,310055,1,1,1,0,81,HAMILTON (81),0,NO APLICA,3,Marzo,29,2022,22,10,US-34,2,US Highway,Rural,Arteria Principal,State Highway Agency,1,Sin jurisdiccion especial,3385,40.87232222,-98.22284167,Peaton,El primer evento no fue una colision con un vehiculo automotor en transporte,Not an Intersection,No fue interseccion,Sobre calle,Ninguna,Oscuro sin iluminacion,"Soplando arena, polvo o tierra",No,NO APLICA,22,38,22,50,1,29/03/2022,1
31,Nebraska,310056,0,0,1,0,157,SCOTTS BLUFF (157),0,NO APLICA,4,Abril,24,2022,2,45,CR-12,4,Calle del Condado,Rural,Local,State Highway Agency,0,Sin jurisdiccion especial,30,41.95616389,-103.8526083,Culvert,El primer evento no fue una colision con un vehiculo automotor en transporte,Not an Intersection,No fue interseccion,Sobre el lado de la calle,Ninguna,Oscuro sin iluminacion,Vientos cruzados pero de los mamalones,No,NO APLICA,2,51,2,58,1,24/04/2022,1
31,Nebraska,310057,0,0,2,0,73,GOSPER (73),0,NO APLICA,4,Abril,7,2022,16,55,US-283,2,US Highway,Rural,Arteria Menor,State Highway Agency,0,Sin jurisdiccion especial,278,40.41610833,-99.89633889,Vehiculo en movimiento,Frente a frente,Not an Intersection,No fue interseccion,Sobre calle,Ninguna,Dia total,Neblina o Humo,No,NO APLICA,17,1,17,6,1,07/04/2022,3
31,Nebraska,310058,0,0,1,0,105,KIMBALL (105),0,NO APLICA,5,Mayo,26,2022,23,17,41 E,6,Calle Local Municipalidad,Rural,Arteria Menor,County Highway Agency,0,Sin jurisdiccion especial,36,41.27009722,-103.6613639,Zanja,El primer evento no fue una colision con un vehiculo automotor en transporte,Not an Intersection,No fue interseccion,Sobre el lado de la calle,Ninguna,Oscuro con iluminacion,Despejado,No,NO APLICA,99,98,99,98,1,26/05/2022,1
31,Nebraska,310059,0,0,2,0,89,HOLT (89),0,NO APLICA,4,Abril,20,2022,9,46,SR-45A,3,Highway estatal,Rural,Colector Mayor,State Highway Agency,0,Sin jurisdiccion especial,30,42.37897778,-98.41726944,Vehiculo en movimiento,Frente a frente,Four-Way Intersection,Interseccion de 4 direcciones,Sobre calle,Ninguna,Dia total,Despejado,No,NO APLICA,99,98,99,98,1,20/04/2022,2
31,Nebraska,310060,0,0,2,0,109,LANCASTER (109),0,NO APLICA,4,Abril,26,2022,13,25,S 70TH ST,6,Calle Local Municipalidad,Urbano,Arteria Menor,County Highway Agency,0,Sin jurisdiccion especial,35,40.73777222,-96.62534444,Vehiculo en movimiento,Frente a frente,Not an Intersection,No fue interseccion,Sobre calle,Ninguna,Dia total,Despejado,No,NO APLICA,13,35,13,37,1,26/04/2022,2
31,Nebraska,310061,0,0,2,0,85,HAYES (85),0,NO APLICA,5,Mayo,8,2022,15,35,US-6,2,US Highway,Rural,Arteria Principal,State Highway Agency,0,Sin jurisdiccion especial,480,40.38997222,-101.2679,Vehiculo en movimiento,Frente a frente,Not an Intersection,No fue interseccion,Sobre calle,Ninguna,Dia total,Despejado,No,NO APLICA,99,99,99,99,1,08/05/2022,3
31,Nebraska,310062,0,0,2,0,159,SEWARD (159),0,NO APLICA,5,Mayo,10,2022,7,48,US-34,2,US Highway,Rural,Arteria Menor,State Highway Agency,0,Sin jurisdiccion especial,3037,40.90117222,-97.00802778,Vehiculo en movimiento,Frente a frente,Not an Intersection,No fue interseccion,Sobre calle,Ninguna,Dia total,Despejado,No,NO APLICA,99,98,99,98,1,10/05/2022,2
31,Nebraska,310063,0,0,2,0,145,RED WILLOW (145),2970,MCCOOK,5,Mayo,11,2022,21,31,US-83,2,US Highway,Urbano,Arteria Principal,State Highway Agency,1,Sin jurisdiccion especial,158,40.19965833,-100.6445833,Vehiculo en movimiento,Angulo,T-Intersection,Interseccion de T,Sobre calle,Ninguna,Oscuro con iluminacion,Despejado,No,NO APLICA,21,32,21,36,1,11/05/2022,2
31,Nebraska,310064,0,0,2,0,39,CUMING (39),0,NO APLICA,5,Mayo,14,2022,0,3,US-275,2,US Highway,Rural,Arteria Principal,State Highway Agency,1,Sin jurisdiccion especial,1078,41.96191667,-96.87840278,Vehiculo en movimiento,Frente a frente,Not an Intersection,No fue interseccion,Sobre calle,Ninguna,Oscuro sin iluminacion,Despejado,No,NO APLICA,0,5,0,20,1,14/05/2022,3
31,Nebraska,310065,0,0,2,0,79,HALL (79),0,NO APLICA,5,Mayo,16,2022,21,48,US-30,2,US Highway,Rural,Arteria Menor,State Highway Agency,0,Sin jurisdiccion especial,3037,40.83123333,-98.56304444,Vehiculo en movimiento,Frente a frente,Not an Intersection,No fue interseccion,Sobre calle,Ninguna,Oscuro sin iluminacion,Nublado,No,NO APLICA,21,48,21,56,1,16/05/2022,3
31,Nebraska,310066,1,1,1,0,83,HARLAN (83),0,NO APLICA,5,Mayo,19,2022,21,8,US-183,2,US Highway,Rural,Arteria Principal,State Highway Agency,1,Sin jurisdiccion especial,90,40.13263056,-99.36761944,Peaton,El primer evento no fue una colision con un vehiculo automotor en transporte,Four-Way Intersection,Interseccion de 4 direcciones,Sobre calle,Ninguna,Oscuro con iluminacion,Despejado,No,NO APLICA,99,99,99,99,1,19/05/2022,1
31,Nebraska,310067,0,1,2,1,145,RED WILLOW (145),2970,MCCOOK,6,Junio,8,2022,8,58,W Q ST,6,Calle Local Municipalidad,Urbano,Arteria Menor,City or Municipal Highway Agency,0,Sin jurisdiccion especial,16,40.21386944,-100.6365889,Vehiculo Funcionando,El primer evento no fue una colision con un vehiculo automotor en transporte,Not an Intersection,No fue interseccion,Sobre calle,"Infraestructura (luz, agua, etc)",Dia total,Nublado,No,NO APLICA,9,1,9,4,1,08/06/2022,1
31,Nebraska,310068,0,0,2,0,47,DAWSON (47),0,NO APLICA,6,Junio,10,2022,12,6,I-80,1,Interestatal,Rural,Interestatal,State Highway Agency,1,Sin jurisdiccion especial,3341,40.85801389,-100.0159611,Vehiculo en movimiento,Angulo,Not an Intersection,No fue interseccion,Sobre calle,Construccion,Dia total,Despejado,No,NO APLICA,12,6,12,16,1,10/06/2022,3
31,Nebraska,310069,0,0,1,0,165,SIOUX (165),0,NO APLICA,6,Junio,10,2022,22,0,PINK SCHOOL HOUSE RD,6,Calle Local Municipalidad,Rural,Colector Mayor,County Highway Agency,0,Sin jurisdiccion especial,8,42.44614167,-103.5907139,Volcadura,El primer evento no fue una colision con un vehiculo automotor en transporte,Not an Intersection,No fue interseccion,Sobre el lado de la calle,Ninguna,Oscuro sin iluminacion,Despejado,No,NO APLICA,22,1,22,42,1,10/06/2022,1
31,Nebraska,310070,0,0,3,0,109,LANCASTER (109),2830,LINCOLN,6,Junio,11,2022,21,46,S 84TH ST,6,Calle Local Municipalidad,Urbano,Arteria Principal,City or Municipal Highway Agency,1,Sin jurisdiccion especial,51,40.76122222,-96.60596667,Vehiculo en movimiento,Angulo,Four-Way Intersection,Interseccion de 4 direcciones,Sobre calle,Ninguna,Oscuro con iluminacion,Reportado como desconocido,No,NO APLICA,21,47,21,50,1,11/06/2022,3
31,Nebraska,310071,0,0,2,0,123,MORRILL (123),0,NO APLICA,6,Junio,11,2022,16,18,US-6,2,US Highway,Rural,Arteria Principal,State Highway Agency,1,Sin jurisdiccion especial,578,41.67045,-103.1686472,Vehiculo en movimiento,Angulo,Not an Intersection,No fue interseccion,Sobre calle,Ninguna,Dia total,Despejado,No,NO APLICA,16,18,16,23,1,11/06/2022,3
31,Nebraska,310072,0,0,1,0,173,THURSTON (173),0,NO APLICA,6,Junio,13,2022,15,36,H AVE,6,Calle Local Municipalidad,Rural,Colector Mayor,County Highway Agency,0,Sin jurisdiccion especial,197,42.17665,-96.47786389,Vehiculo Ferrocarril,El primer evento no fue una colision con un vehiculo automotor en transporte,Not an Intersection,No fue interseccion,Sobre calle,Ninguna,Dia total,Despejado,No,070241E,15,36,15,48,2,13/06/2022,2
31,Nebraska,310073,0,0,2,0,123,MORRILL (123),0,NO APLICA,6,Junio,14,2022,12,44,US-385,2,US Highway,Rural,Arteria Principal,State Highway Agency,1,Sin jurisdiccion especial,851,41.82176389,-103.1436778,Vehiculo en movimiento,Frente a frente,Not an Intersection,No fue interseccion,Sobre calle,"Zona de trabajo, tipo desconocido",Dia total,Despejado,No,NO APLICA,12,45,12,57,2,14/06/2022,4
31,Nebraska,310074,0,0,2,0,49,DEUEL (49),0,NO APLICA,6,Junio,18,2022,23,14,I-80,1,Interestatal,Rural,Interestatal,State Highway Agency,1,Sin jurisdiccion especial,1964,41.0874,-102.4998694,Vehiculo en movimiento,Frente a Detrás,Not an Intersection,No fue interseccion,Sobre calle,Ninguna,Oscuro sin iluminacion,Despejado,No,NO APLICA,23,14,23,30,1,18/06/2022,5
31,Nebraska,310075,0,0,1,0,25,CASS (25),0,NO APLICA,6,Junio,19,2022,22,9,84TH ST,6,Calle Local Municipalidad,Urbano,Colector Menor,County Highway Agency,0,Sin jurisdiccion especial,100,41.00037222,-96.04462778,Volcadura,El primer evento no fue una colision con un vehiculo automotor en transporte,Not an Intersection,No fue interseccion,Sobre el lado de la calle,Ninguna,Oscuro sin iluminacion,Despejado,No,NO APLICA,22,14,22,25,1,19/06/2022,5