Estado,Nombre de Estado,Numero de Caso,Peatones,Personas _no_vehiculos,Vehiculos automotores,Vehiculos estacionados,Condado,Nombre Condado,Ciudad,Nombre Ciudad,Mes,Nombre Mes,Dia,Año,Hora,Minuto,Calle,Ruta,Nombre Ruta,Rural o Urbanoo,Sistema Funcional,Dueño Calle,Sistema Nacional Carreteras,Jurisdiccion Especial,Milla,Latitud,Longitud,Causa del Accidente,Tipo de Accidente,Tipo Interseccion,Columna1,Lugar en la calle,Zona de Trabajo,Luz,Clima,Autobus Escolar,Cruce de Trenes,Hora Notificacion,Minuto Notificacion,Hora Llegada,Minuto Llegada,Decesos,Fecha,PersonaVehiculo
31,Nebraska,310076,0,0,2,0,119,MADISON (119),0,NO APLICA,6,Junio,21,2022,14,15,VICTORY RD,6,Calle Local Municipalidad,Rural,Local,County Highway Agency,0,Sin jurisdiccion especial,15,42.07193611,-97.38769167,Vehiculo en movimiento,Frente a Detrás,Not an Intersection,No fue interseccion,Sobre calle,Ninguna,Dia total,Despejado,No,NO APLICA,14,16,14,22,1,21/06/2022,2
31,Nebraska,310077,0,0,1,0,121,MERRICK (121),0,NO APLICA,6,Junio,28,2022,99,99,CR-14,4,Calle del Condado,Rural,Arteria Menor,State Highway Agency,0,Sin jurisdiccion especial,914,41.25469167,-97.98312222,Volcadura,El primer evento no fue una colision con un vehiculo automotor en transporte,Not an Intersection,No fue interseccion,Sobre el lado de la calle,Ninguna,Reportada como desconocida,Reportado como desconocido,No,NO APLICA,88,88,88,88,1,28/06/2022,1
31,Nebraska,310078,0,0,2,0,25,CASS (25),0,NO APLICA,6,Junio,22,2022,22,44,CR-3750 BAY RD,4,Calle del Condado,Rural,Colector Mayor,County Highway Agency,0,Sin jurisdiccion especial,58,41.045675,-95.93087222,Vehiculo en movimiento,Frente a frente,Not an Intersection,No fue interseccion,Sobre calle,Ninguna,Oscuro sin iluminacion,Despejado,No,NO APLICA,22,45,22,53,1,22/06/2022,2
31,Nebraska,310079,0,0,2,0,139,PIERCE (139),0,NO APLICA,2,Febrero,8,2022,18,25,US-81,2,US Highway,Rural,Arteria Principal,State Highway Agency,1,Sin jurisdiccion especial,1628,42.09215556,-97.42658611,Vehiculo en movimiento,Angulo,Not an Intersection,No fue interseccion,Sobre calle,Ninguna,Atardecer,Despejado,No,NO APLICA,99,99,99,99,1,08/02/2022,3
31,Nebraska,310080,0,0,2,0,109,LANCASTER (109),2830,LINCOLN,3,Marzo,1,2022,16,50,S 70TH ST,8,Otro,Urbano,Arteria Menor,City or Municipal Highway Agency,0,Sin jurisdiccion especial,44,40.75153611,-96.62523333,Vehiculo en movimiento,Golpe Lateral - misma direccion,Not an Intersection,No fue interseccion,Sobre calle,Ninguna,Dia total,Despejado,No,NO APLICA,16,57,17,2,1,01/03/2022,2
31,Nebraska,310081,0,0,2,0,165,SIOUX (165),0,NO APLICA,3,Marzo,25,2022,19,29,US-20,2,US Highway,Rural,Arteria Principal,State Highway Agency,1,Sin jurisdiccion especial,144,42.68401111,-103.7850972,Vehiculo en movimiento,Frente a frente,Not an Intersection,No fue interseccion,Sobre calle,Ninguna,Atardecer,Despejado,No,NO APLICA,19,35,20,2,2,25/03/2022,5
31,Nebraska,310082,0,0,1,0,177,WASHINGTON (177),0,NO APLICA,5,Mayo,12,2022,13,3,CR-P33,6,Calle Local Municipalidad,Rural,Colector Mayor,County Highway Agency,0,Sin jurisdiccion especial,21,41.59629444,-96.12637222,Volcadura,El primer evento no fue una colision con un vehiculo automotor en transporte,Not an Intersection,No fue interseccion,Sobre calle,Ninguna,Dia total,Vientos cruzados pero de los mamalones,No,NO APLICA,13,4,13,14,1,12/05/2022,3
31,Nebraska,310083,1,1,1,0,109,LANCASTER (109),2830,LINCOLN,5,Mayo,10,2022,21,15,SR-6 W O ST,3,Highway estatal,Urbano,Arteria Principal,State Highway Agency,1,Sin jurisdiccion especial,3138,40.81374722,-96.74921389,Peaton,El primer evento no fue una colision con un vehiculo automotor en transporte,Four-Way Intersection,Interseccion de 4 direcciones,Sobre calle,Ninguna,Oscuro con iluminacion,Despejado,No,NO APLICA,21,18,21,22,1,10/05/2022,1
31,Nebraska,310084,0,0,1,0,151,SALINE (151),1910,FRIEND,6,Junio,21,2022,17,20,CR-800,6,Calle Local Municipalidad,Rural,Local,County Highway Agency,0,Sin jurisdiccion especial,27,40.65807778,-97.23605278,Vehiculo Ferrocarril,El primer evento no fue una colision con un vehiculo automotor en transporte,Not an Intersection,No fue interseccion,Sobre calle,Ninguna,Dia total,Despejado,No,073345W,17,29,17,36,1,21/06/2022,1
31,Nebraska,310085,0,0,2,0,111,LINCOLN (111),3520,NORTH PLATTE,7,Julio,1,2022,8,15,SR-83,3,Highway estatal,Urbano,Arteria Principal,State Highway Agency,1,Sin jurisdiccion especial,800,41.10459167,-100.7640583,Vehiculo en movimiento,Angulo,Four-Way Intersection,Interseccion de 4 direcciones,Sobre calle,Ninguna,Dia total,Despejado,No,NO APLICA,8,16,8,23,1,01/07/2022,2
31,Nebraska,310087,0,0,2,0,53,DODGE (53),0,NO APLICA,7,Julio,9,2022,19,11,US-30,2,US Highway,Urbano,Arteria Principal,State Highway Agency,1,Sin jurisdiccion especial,4235,41.45149722,-96.55865556,Vehiculo en movimiento,Angulo,Four-Way Intersection,Interseccion de 4 direcciones,Sobre calle,Ninguna,Dia total,Despejado,No,NO APLICA,19,15,19,24,2,09/07/2022,5
31,Nebraska,310088,0,0,2,0,153,SARPY (153),0,NO APLICA,7,Julio,14,2022,14,35,CR-50 S 144TH ST,4,Calle del Condado,Urbano,Arteria Principal,State Highway Agency,1,Sin jurisdiccion especial,888,41.18354444,-96.13882222,Vehiculo en movimiento,Angulo,Four-Way Intersection,Interseccion de 4 direcciones,Sobre calle,Ninguna,Dia total,Despejado,No,NO APLICA,14,39,14,42,1,14/07/2022,2
31,Nebraska,310089,0,0,3,0,53,DODGE (53),1900,FREMONT,7,Julio,15,2022,10,9,US-30,2,US Highway,Urbano,Arteria Menor,State Highway Agency,0,Sin jurisdiccion especial,40,41.47579722,-96.46363056,Vehiculo en movimiento,Angulo,Four-Way Intersection,Interseccion de 4 direcciones,Sobre calle,Ninguna,Dia total,Despejado,No,NO APLICA,10,10,10,16,1,15/07/2022,3
31,Nebraska,310090,0,0,1,0,97,JOHNSON (97),0,NO APLICA,7,Julio,16,2022,22,38,US-136,2,US Highway,Rural,Arteria Principal,State Highway Agency,1,Sin jurisdiccion especial,2132,40.37816389,-96.12955278,Barda,El primer evento no fue una colision con un vehiculo automotor en transporte,Not an Intersection,No fue interseccion,Sobre el lado de la calle,Ninguna,Oscuro sin iluminacion,Nublado,No,NO APLICA,22,38,22,43,1,16/07/2022,3
31,Nebraska,310091,0,0,1,0,55,DOUGLAS (55),3620,OMAHA,7,Julio,13,2022,19,24,SR-3 WEST DODGE RD RAMP,3,Highway estatal,Urbano,Arterial Principal -Freeway o ExpressWay,State Highway Agency,1,Sin jurisdiccion especial,3642,41.26396111,-96.07830833,Volcadura,El primer evento no fue una colision con un vehiculo automotor en transporte,Not an Intersection,No fue interseccion,Gore?,Ninguna,Dia total,Despejado,No,NO APLICA,19,24,19,27,1,13/07/2022,2
31,Nebraska,310092,0,0,1,0,55,DOUGLAS (55),3620,OMAHA,6,Junio,23,2022,18,43,I-80,1,Interestatal,Rural,Interestatal,State Highway Agency,1,Sin jurisdiccion especial,1842,41.22376944,-96.07971389,Volcadura,El primer evento no fue una colision con un vehiculo automotor en transporte,Not an Intersection,No fue interseccion,Gore?,Ninguna,Dia total,Despejado,No,NO APLICA,18,44,18,54,1,23/06/2022,1
31,Nebraska,310093,0,0,3,0,109,LANCASTER (109),2830,LINCOLN,7,Julio,2,2022,21,23,SR-34 E O ST,3,Highway estatal,Urbano,Arteria Principal,State Highway Agency,1,Sin jurisdiccion especial,3266,40.81345278,-96.66812222,Banqueta,El primer evento no fue una colision con un vehiculo automotor en transporte,Not an Intersection,No fue interseccion,Sobre el lado de la calle,Ninguna,Oscuro con iluminacion,Despejado,No,NO APLICA,21,24,21,31,1,02/07/2022,4
31,Nebraska,310094,0,0,2,0,109,LANCASTER (109),2830,LINCOLN,7,Julio,5,2022,12,6,SR-34 O ST,3,Highway estatal,Urbano,Arteria Principal,State Highway Agency,1,Sin jurisdiccion especial,3298,40.81343333,-96.60811667,Vehiculo en movimiento,Frente a frente,Four-Way Intersection,Interseccion de 4 direcciones,Sobre calle,Ninguna,Dia total,Despejado,No,NO APLICA,12,6,12,10,1,05/07/2022,2
31,Nebraska,310095,0,0,1,0,153,SARPY (153),0,NO APLICA,8,Agosto,7,2022,99,99,SCHRAM RD,8,Otro,Urbano,Local,City or Municipal Highway Agency,0,Sin jurisdiccion especial,18,41.13255,-96.12723333,Barda,El primer evento no fue una colision con un vehiculo automotor en transporte,Not an Intersection,No fue interseccion,Sobre el lado de la calle,Ninguna,Reportada como desconocida,Reportado como desconocido,No,NO APLICA,88,88,88,88,1,07/08/2022,1
31,Nebraska,310096,0,0,1,0,155,SAUNDERS (155),0,NO APLICA,8,Agosto,13,2022,8,37,COUNTY RD L,5,Calle Local - Pueblo,Rural,Local,Town or Township Highway Agency,0,Sin jurisdiccion especial,113,41.21992778,-96.58489722,Volcadura,El primer evento no fue una colision con un vehiculo automotor en transporte,Not an Intersection,No fue interseccion,Sobre el lado de la calle,Ninguna,Dia total,Despejado,No,NO APLICA,8,40,8,49,1,13/08/2022,1
31,Nebraska,310097,0,2,2,1,159,SEWARD (159),0,NO APLICA,8,Agosto,14,2022,3,9,I-80,1,Interestatal,Rural,Interestatal,State Highway Agency,1,Sin jurisdiccion especial,1207,40.82229722,-97.089875,Vehiculo Aparcado,El primer evento no fue una colision con un vehiculo automotor en transporte,Not an Intersection,No fue interseccion,Sobre Acotamiento,Ninguna,Oscuro sin iluminacion,Despejado,No,NO APLICA,3,12,3,27,1,14/08/2022,1
31,Nebraska,310098,1,1,1,0,55,DOUGLAS (55),3620,OMAHA,1,Enero,13,2022,18,1,AMES AVE,6,Calle Local Municipalidad,Urbano,Arteria Menor,City or Municipal Highway Agency,0,Sin jurisdiccion especial,0,41.29944722,-96.00272778,Peaton,El primer evento no fue una colision con un vehiculo automotor en transporte,Not an Intersection,No fue interseccion,Sobre calle,Ninguna,Oscuro con iluminacion,Nublado,No,NO APLICA,18,1,18,3,1,13/01/2022,2
31,Nebraska,310099,0,0,4,0,55,DOUGLAS (55),3620,OMAHA,1,Enero,28,2022,19,52,FONTENELLE BLVD,6,Calle Local Municipalidad,Urbano,Arteria Menor,City or Municipal Highway Agency,0,Sin jurisdiccion especial,48,41.30735556,-95.97578889,Vehiculo en movimiento,Angulo,Four-Way Intersection,Interseccion de 4 direcciones,Sobre calle,Ninguna,Oscuro con iluminacion,Despejado,No,NO APLICA,19,53,19,57,1,28/01/2022,8
31,Nebraska,310100,0,0,1,0,47,DAWSON (47),0,NO APLICA,2,Febrero,8,2022,99,99,CR-438,4,Calle del Condado,Rural,Colector Mayor,County Highway Agency,0,Sin jurisdiccion especial,0,40.78826111,-99.65488333,Acotamiento,El primer evento no fue una colision con un vehiculo automotor en transporte,Not an Intersection,No fue interseccion,Sobre el lado de la calle,Ninguna,Dia total,Vientos cruzados pero de los mamalones,No,NO APLICA,88,88,88,88,1,08/02/2022,1
31,Nebraska,310103,0,0,2,0,55,DOUGLAS (55),0,NO APLICA,3,Marzo,3,2022,7,33,CR-N 264TH ST,4,Calle del Condado,Rural,Colector Mayor,County Highway Agency,0,Sin jurisdiccion especial,0,41.27732222,-96.33072222,Vehiculo en movimiento,Angulo,Four-Way Intersection,Interseccion de 4 direcciones,Sobre calle,Ninguna,Dia total,Despejado,No,NO APLICA,7,39,7,48,1,03/03/2022,2
31,Nebraska,310104,0,0,2,0,55,DOUGLAS (55),3620,OMAHA,3,Marzo,12,2022,23,7,42ND ST,6,Calle Local Municipalidad,Urbano,Arteria Principal,City or Municipal Highway Agency,1,Sin jurisdiccion especial,36,41.22775,-95.97588056,Vehiculo en movimiento,Angulo,Not an Intersection,No fue interseccion,Sobre calle,Ninguna,Oscuro con iluminacion,Despejado,No,NO APLICA,23,7,23,9,1,12/03/2022,2
31,Nebraska,310105,0,0,2,0,55,DOUGLAS (55),3620,OMAHA,3,Marzo,25,2022,0,50,US-6 DODGE ST,2,US Highway,Urbano,Arteria Principal,State Highway Agency,1,Sin jurisdiccion especial,3700,41.2596,-95.97371111,Vehiculo en movimiento,Angulo,Not an Intersection,No fue interseccion,Sobre calle,Ninguna,Oscuro con iluminacion,Despejado,No,NO APLICA,0,52,0,56,1,25/03/2022,2
31,Nebraska,310106,0,0,2,0,51,DIXON (51),0,NO APLICA,8,Agosto,15,2022,7,36,SR-12,3,Highway estatal,Rural,Arteria Menor,State Highway Agency,0,Sin jurisdiccion especial,2103,42.66551389,-96.94098333,Vehiculo en movimiento,Frente a frente,Not an Intersection,No fue interseccion,Sobre calle,Ninguna,Dia total,lluvia,No,NO APLICA,7,49,99,99,1,15/08/2022,2
31,Nebraska,310107,0,0,1,0,175,VALLEY (175),0,NO APLICA,8,Agosto,20,2022,99,99,SR-11,3,Highway estatal,Rural,Arteria Menor,State Highway Agency,0,Sin jurisdiccion especial,678,41.58316667,-98.88220833,Zanja,El primer evento no fue una colision con un vehiculo automotor en transporte,Not an Intersection,No fue interseccion,Sobre el lado de la calle,Ninguna,Oscuro sin iluminacion,Despejado,No,NO APLICA,99,98,99,98,1,20/08/2022,1
31,Nebraska,310108,0,0,2,0,23,BUTLER (23),0,NO APLICA,8,Agosto,21,2022,18,15,SR-15 O RD,3,Highway estatal,Rural,Arteria Menor,State Highway Agency,0,Sin jurisdiccion especial,777,41.07538056,-97.10013611,Vehiculo en movimiento,Angulo,Four-Way Intersection,Interseccion de 4 direcciones,Sobre calle,Ninguna,Dia total,Despejado,No,NO APLICA,18,21,18,34,1,21/08/2022,4
31,Nebraska,310109,0,0,2,0,55,DOUGLAS (55),3620,OMAHA,3,Marzo,28,2022,6,54,E LOCUST ST,6,Calle Local Municipalidad,Urbano,Colector Mayor,City or Municipal Highway Agency,0,Sin jurisdiccion especial,15,41.28493056,-95.90738611,Vehiculo en movimiento,Angulo,Four-Way Intersection,Interseccion de 4 direcciones,Sobre calle,Ninguna,Oscuro con iluminacion,Nublado,Yes,NO APLICA,6,55,7,1,1,28/03/2022,3
31,Nebraska,310110,0,0,3,0,55,DOUGLAS (55),3620,OMAHA,4,Abril,10,2022,13,5,SR-L28K MILITARY AVE,3,Highway estatal,Urbano,Arteria Principal,State Highway Agency,1,Sin jurisdiccion especial,14,41.29728889,-96.02298889,Vehiculo en movimiento,Angulo,T-Intersection,Interseccion de T,Sobre calle,Ninguna,Dia total,Nublado,No,NO APLICA,13,6,13,8,1,10/04/2022,4
31,Nebraska,310111,1,1,2,0,55,DOUGLAS (55),3620,OMAHA,5,Mayo,6,2022,23,20,SR-64,3,Highway estatal,Urbano,Arteria Principal,State Highway Agency,1,Sin jurisdiccion especial,678,41.29224444,-96.15351389,Peaton,El primer evento no fue una colision con un vehiculo automotor en transporte,Not an Intersection,No fue interseccion,Sobre calle,Ninguna,Oscuro sin iluminacion,Despejado,No,NO APLICA,23,20,23,24,1,06/05/2022,2
31,Nebraska,310112,0,0,2,0,123,MORRILL (123),0,NO APLICA,5,Mayo,7,2022,11,17,SR-L62A,3,Highway estatal,Rural,Arteria Principal,State Highway Agency,0,Sin jurisdiccion especial,90,41.81249722,-103.1606556,Vehiculo en movimiento,Frente a frente,Not an Intersection,No fue interseccion,Sobre calle,Ninguna,Dia total,Despejado,No,NO APLICA,11,22,11,39,1,07/05/2022,3
31,Nebraska,310113,0,0,1,0,111,LINCOLN (111),0,NO APLICA,6,Junio,6,2022,8,55,I-80,1,Interestatal,Rural,Interestatal,State Highway Agency,1,Sin jurisdiccion especial,1618,41.14017778,-101.0943833,Volcadura,El primer evento no fue una colision con un vehiculo automotor en transporte,Not an Intersection,No fue interseccion,En el medio,Ninguna,Dia total,Nublado,No,NO APLICA,8,55,9,4,1,06/06/2022,4
31,Nebraska,310114,0,0,2,0,55,DOUGLAS (55),3620,OMAHA,6,Junio,16,2022,21,22,N 72ND,6,Calle Local Municipalidad,Urbano,Arteria Principal,City or Municipal Highway Agency,1,Sin jurisdiccion especial,111,41.29757778,-96.02393333,Vehiculo en movimiento,Angulo,Four-Way Intersection,Interseccion de 4 direcciones,Sobre calle,Ninguna,Oscuro con iluminacion,Despejado,No,NO APLICA,21,22,21,26,1,16/06/2022,3
31,Nebraska,310115,0,0,2,0,55,DOUGLAS (55),3620,OMAHA,6,Junio,26,2022,22,59,WEST CENTER RD,6,Calle Local Municipalidad,Urbano,Arteria Principal,City or Municipal Highway Agency,0,Sin jurisdiccion especial,0,41.23411667,-96.11953333,Vehiculo en movimiento,Angulo,Four-Way Intersection,Interseccion de 4 direcciones,Sobre calle,Ninguna,Oscuro con iluminacion,Despejado,No,NO APLICA,23,0,23,7,2,26/06/2022,2
31,Nebraska,310116,0,0,1,0,97,JOHNSON (97),0,NO APLICA,7,Julio,10,2022,1,23,CR-732 ROAD,4,Calle del Condado,Rural,Colector Menor,County Highway Agency,0,Sin jurisdiccion especial,0,40.43594167,-96.40227778,Acotamiento,El primer evento no fue una colision con un vehiculo automotor en transporte,Not an Intersection,No fue interseccion,Sobre el lado de la calle,Ninguna,Oscuro sin iluminacion,Despejado,No,NO APLICA,99,99,99,99,1,10/07/2022,4
31,Nebraska,310117,0,0,2,0,47,DAWSON (47),0,NO APLICA,7,Julio,14,2022,17,57,I-80,1,Interestatal,Rural,Interestatal,State Highway Agency,1,Sin jurisdiccion especial,2150,40.88972222,-100.10525,Vehiculo en movimiento,Frente a Detrás,Not an Intersection,No fue interseccion,Sobre calle,"Zona de trabajo, tipo desconocido",Dia total,Despejado,No,NO APLICA,99,98,99,98,1,14/07/2022,2
31,Nebraska,310118,0,0,1,0,47,DAWSON (47),0,NO APLICA,7,Julio,19,2022,17,20,I-80,1,Interestatal,Rural,Interestatal,State Highway Agency,1,Sin jurisdiccion especial,2447,40.70135,-99.63096944,Volcadura,El primer evento no fue una colision con un vehiculo automotor en transporte,Not an Intersection,No fue interseccion,En el medio,Ninguna,Dia total,Despejado,No,NO APLICA,99,99,99,99,1,19/07/2022,2
31,Nebraska,310119,0,0,2,0,101,KEITH (101),0,NO APLICA,9,Septiembre,26,2022,13,48,I-80,1,Interestatal,Rural,Interestatal,State Highway Agency,1,Sin jurisdiccion especial,1239,41.10448611,-101.7669111,Vehiculo en movimiento,Frente a frente,Not an Intersection,No fue interseccion,Sobre calle,"Zona de trabajo, tipo desconocido",Dia total,Despejado,No,NO APLICA,13,49,13,50,1,26/09/2022,3
31,Nebraska,310120,0,0,2,0,55,DOUGLAS (55),3620,OMAHA,6,Junio,14,2022,12,34,N 132ND ST,5,Calle Local - Pueblo,Urbano,Arteria Menor,City or Municipal Highway Agency,0,Sin jurisdiccion especial,0,41.29534444,-96.11958889,Vehiculo en movimiento,Angulo,Not an Intersection,No fue interseccion,Sobre calle,Ninguna,Dia total,Despejado,No,NO APLICA,12,34,12,44,1,14/06/2022,2
31,Nebraska,310121,0,0,1,0,145,RED WILLOW (145),0,NO APLICA,8,Agosto,3,2022,9,50,US-6,2,US Highway,Rural,Arteria Principal,State Highway Agency,1,Sin jurisdiccion especial,815,40.20316111,-100.6979361,Volcadura,El primer evento no fue una colision con un vehiculo automotor en transporte,Not an Intersection,No fue interseccion,Sobre calle,Ninguna,Dia total,Despejado,No,NO APLICA,99,98,99,98,1,03/08/2022,1
31,Nebraska,310122,1,1,1,0,47,DAWSON (47),2810,LEXINGTON,9,Septiembre,24,2022,4,50,SOUTH ADAMS,5,Calle Local - Pueblo,Urbano,Arteria Menor,City or Municipal Highway Agency,0,Sin jurisdiccion especial,0,40.76981667,-99.74903889,Peaton,El primer evento no fue una colision con un vehiculo automotor en transporte,T-Intersection,Interseccion de T,Sobre calle,Ninguna,Oscuro sin iluminacion,Despejado,No,NO APLICA,99,98,99,98,1,24/09/2022,2
31,Nebraska,310123,1,1,1,0,153,SARPY (153),0,NO APLICA,4,Abril,29,2022,20,0,US-75,2,US Highway,Urbano,Arterial Principal -Freeway o ExpressWay,State Highway Agency,1,Sin jurisdiccion especial,833,41.16498056,-95.93879722,Peaton,El primer evento no fue una colision con un vehiculo automotor en transporte,Not an Intersection,No fue interseccion,Sobre calle,Ninguna,Dia total,Nublado,No,NO APLICA,20,2,20,6,1,29/04/2022,1
31,Nebraska,310124,0,0,1,0,107,KNOX (107),0,NO APLICA,5,Mayo,28,2022,18,55,SR-54D-SPUR,3,Highway estatal,Rural,Colector Mayor,State Highway Agency,0,Sin jurisdiccion especial,9,42.76290278,-97.92911667,Volcadura,El primer evento no fue una colision con un vehiculo automotor en transporte,Not an Intersection,No fue interseccion,Sobre calle,Ninguna,Dia total,Despejado,No,NO APLICA,18,57,19,9,1,28/05/2022,1
31,Nebraska,310125,0,0,3,0,25,CASS (25),0,NO APLICA,7,Julio,27,2022,21,48,US-6,2,US Highway,Rural,Arteria Menor,State Highway Agency,0,Sin jurisdiccion especial,3337,40.96815833,-96.43572778,Vehiculo en movimiento,Frente a Detrás,Not an Intersection,No fue interseccion,Sobre calle,Ninguna,Oscuro sin iluminacion,Despejado,No,NO APLICA,21,48,22,7,1,27/07/2022,4
31,Nebraska,310126,2,2,1,0,101,KEITH (101),3600,OGALLALA,7,Julio,24,2022,6,14,STAGECOACH TRL,6,Calle Local Municipalidad,Rural,Local,City or Municipal Highway Agency,0,Sin jurisdiccion especial,8,41.11721944,-101.6972694,Peaton,El primer evento no fue una colision con un vehiculo automotor en transporte,Not an Intersection,No fue interseccion,Sobre calle,Ninguna,Amanecer,Despejado,No,NO APLICA,6,19,6,26,1,24/07/2022,2
31,Nebraska,310127,0,0,2,0,153,SARPY (153),0,NO APLICA,7,Julio,29,2022,6,40,CR-PLATTEVIEW RD,4,Calle del Condado,Urbano,Colector Mayor,County Highway Agency,0,Sin jurisdiccion especial,150,41.08983611,-95.96994722,Vehiculo en movimiento,Angulo,Not an Intersection,No fue interseccion,Sobre calle,Ninguna,Dia total,Despejado,No,NO APLICA,6,45,6,49,1,29/07/2022,2
31,Nebraska,310129,0,0,3,0,39,CUMING (39),0,NO APLICA,7,Julio,29,2022,22,57,US-275,2,US Highway,Rural,Arteria Principal,State Highway Agency,1,Sin jurisdiccion especial,1080,41.93664722,-96.82750833,Vehiculo en movimiento,Frente a frente,Not an Intersection,No fue interseccion,Sobre calle,Ninguna,Oscuro sin iluminacion,Despejado,No,NO APLICA,23,2,23,11,1,29/07/2022,3
31,Nebraska,310130,1,1,3,0,79,HALL (79),0,NO APLICA,7,Julio,28,2022,2,40,I-80,1,Interestatal,Urbano,Arterial Principal -Freeway o ExpressWay,State Highway Agency,1,Sin jurisdiccion especial,3114,40.82014167,-98.41684444,Peaton,El primer evento no fue una colision con un vehiculo automotor en transporte,Not an Intersection,No fue interseccion,Sobre calle,Ninguna,Oscuro sin iluminacion,lluvia,No,NO APLICA,2,43,3,2,1,28/07/2022,5
31,Nebraska,310131,0,0,1,0,1,ADAMS (1),0,NO APLICA,8,Agosto,10,2022,11,16,ROSELAND AVE,5,Calle Local - Pueblo,Rural,Local,Town or Township Highway Agency,0,Sin jurisdiccion especial,72,40.594375,-98.55430556,Vehiculo Ferrocarril,El primer evento no fue una colision con un vehiculo automotor en transporte,Not an Intersection,No fue interseccion,Sobre calle,Ninguna,Dia total,Despejado,No,Unknown,11,17,11,33,1,10/08/2022,1
31,Nebraska,310132,0,0,2,0,53,DODGE (53),0,NO APLICA,8,Agosto,12,2022,21,3,US-275 RAILROAD ST,2,US Highway,Rural,Arteria Principal,State Highway Agency,1,Sin jurisdiccion especial,1307,41.66142778,-96.66213333,Vehiculo en movimiento,Frente a frente,Not an Intersection,No fue interseccion,Sobre calle,Ninguna,Dia total,Despejado,No,NO APLICA,21,7,21,13,1,12/08/2022,3
31,Nebraska,310133,0,0,2,0,79,HALL (79),2090,GRAND ISLAND,8,Agosto,24,2022,11,48,US-30,2,US Highway,Urbano,Arteria Principal,State Highway Agency,1,Sin jurisdiccion especial,3144,40.91191944,-98.38801667,Vehiculo en movimiento,Angulo,Four-Way Intersection,Interseccion de 4 direcciones,Sobre calle,Ninguna,Dia total,Despejado,No,NO APLICA,11,50,11,54,1,24/08/2022,3
31,Nebraska,310134,0,0,2,0,143,POLK (143),0,NO APLICA,8,Agosto,25,2022,11,19,SR-92,3,Highway estatal,Urbano,Arteria Menor,State Highway Agency,0,Sin jurisdiccion especial,3987,41.17734722,-97.60249444,Vehiculo en movimiento,Golpe Lateral - direccion contraria,Not an Intersection,No fue interseccion,Sobre calle,Ninguna,Dia total,Despejado,No,NO APLICA,11,22,11,27,1,25/08/2022,2
31,Nebraska,310135,0,0,1,0,185,YORK (185),0,NO APLICA,8,Agosto,25,2022,16,53,CR-930021 ROAD K,4,Calle del Condado,Rural,Local,County Highway Agency,0,Sin jurisdiccion especial,114,40.86300556,-97.63571389,Vehiculo Ferrocarril,El primer evento no fue una colision con un vehiculo automotor en transporte,Not an Intersection,No fue interseccion,Sobre calle,Ninguna,Dia total,Despejado,No,Unknown,16,56,17,2,1,25/08/2022,1
31,Nebraska,310136,0,0,2,0,109,LANCASTER (109),2830,LINCOLN,8,Agosto,26,2022,22,15,US-6 CORNHUSKER HWY,2,US Highway,Urbano,Arteria Principal,State Highway Agency,1,Sin jurisdiccion especial,3183,40.84255,-96.68218889,Vehiculo en movimiento,Angulo,Four-Way Intersection,Interseccion de 4 direcciones,Sobre calle,Ninguna,Oscuro con iluminacion,Despejado,No,NO APLICA,22,15,22,19,1,26/08/2022,2
31,Nebraska,310137,0,0,1,0,53,DODGE (53),1900,FREMONT,8,Agosto,28,2022,4,13,N CLARMAR AVE,6,Calle Local Municipalidad,Urbano,Colector Mayor,City or Municipal Highway Agency,0,Sin jurisdiccion especial,6,41.43845556,-96.47346667,Culvert,El primer evento no fue una colision con un vehiculo automotor en transporte,Not an Intersection,No fue interseccion,Sobre el lado de la calle,Ninguna,Oscuro sin iluminacion,Despejado,No,NO APLICA,4,23,4,30,1,28/08/2022,1
31,Nebraska,310138,0,0,2,0,109,LANCASTER (109),2830,LINCOLN,8,Agosto,29,2022,18,33,US-6 CORNHUSKER HWY,2,US Highway,Urbano,Arteria Principal,State Highway Agency,1,Sin jurisdiccion especial,3190,40.84303333,-96.67005278,Vehiculo en movimiento,Angulo,Four-Way Intersection,Interseccion de 4 direcciones,Sobre calle,Ninguna,Dia total,Despejado,No,NO APLICA,18,36,18,39,1,29/08/2022,2
31,Nebraska,310139,0,0,2,0,87,HITCHCOCK (87),0,NO APLICA,8,Agosto,30,2022,14,32,US-34,2,US Highway,Rural,Arteria Principal,State Highway Agency,1,Sin jurisdiccion especial,3498,40.12767222,-101.3007917,Vehiculo en movimiento,Frente a frente,Not an Intersection,No fue interseccion,Sobre calle,Ninguna,Dia total,Despejado,No,NO APLICA,14,36,14,47,1,30/08/2022,2
31,Nebraska,310141,0,0,2,0,13,BOX BUTTE (13),0,NO APLICA,9,Septiembre,10,2022,12,10,US-385,2,US Highway,Rural,Arteria Principal,State Highway Agency,1,Sin jurisdiccion especial,829,42.32175278,-102.974725,Vehiculo en movimiento,Angulo,Four-Way Intersection,Interseccion de 4 direcciones,Sobre calle,Ninguna,Dia total,Despejado,No,NO APLICA,12,8,12,20,1,10/09/2022,3
31,Nebraska,310142,0,0,3,0,121,MERRICK (121),0,NO APLICA,9,Septiembre,11,2022,18,49,US-30,2,US Highway,Rural,Arteria Menor,State Highway Agency,0,Sin jurisdiccion especial,1942,40.953,-98.27248056,Vehiculo en movimiento,Frente a frente,Not an Intersection,No fue interseccion,Sobre calle,Ninguna,Dia total,Despejado,No,NO APLICA,18,51,18,59,2,11/09/2022,6
31,Nebraska,310143,0,0,2,0,35,CLAY (35),0,NO APLICA,9,Septiembre,11,2022,18,0,CR-2020 ROAD B,4,Calle del Condado,Rural,Colector Mayor,County Highway Agency,0,Sin jurisdiccion especial,205,40.50824722,-98.26063056,Volcadura,El primer evento no fue una colision con un vehiculo automotor en transporte,Not an Intersection,No fue interseccion,Sobre calle,Ninguna,Dia total,Despejado,No,NO APLICA,18,14,18,18,1,11/09/2022,2