Estado,Nombre de Estado,Numero de Caso,Peatones,Personas _no_vehiculos,Vehiculos automotores,Vehiculos estacionados,Condado,Nombre Condado,Ciudad,Nombre Ciudad,Mes,Nombre Mes,Dia,Año,Hora,Minuto,Calle,Ruta,Nombre Ruta,Rural o Urbanoo,Sistema Funcional,Dueño Calle,Sistema Nacional Carreteras,Jurisdiccion Especial,Milla,Latitud,Longitud,Causa del Accidente,Tipo de Accidente,Tipo Interseccion,Columna1,Lugar en la calle,Zona de Trabajo,Luz,Clima,Autobus Escolar,Cruce de Trenes,Hora Notificacion,Minuto Notificacion,Hora Llegada,Minuto Llegada,Decesos,Fecha,PersonaVehiculo
31,Nebraska,310144,0,0,2,0,143,POLK (143),0,NO APLICA,9,Septiembre,16,2022,7,40,US-81,2,US Highway,Rural,Arterial Principal -Freeway o ExpressWay,State Highway Agency,1,Sin jurisdiccion especial,1285,41.19191111,-97.49947222,Vehiculo en movimiento,Frente a frente,Not an Intersection,No fue interseccion,Sobre calle,Ninguna,Dia total,Nublado,No,NO APLICA,7,45,7,52,2,16/09/2022,2
31,Nebraska,310145,0,0,2,0,179,WAYNE (179),5150,WAYNE,9,Septiembre,17,2022,18,22,SR-35 E 7TH ST,3,Highway estatal,Urbano,Arteria Menor,State Highway Agency,1,Sin jurisdiccion especial,316,42.23563611,-96.99833333,Vehiculo en movimiento,Angulo,Four-Way Intersection,Interseccion de 4 direcciones,Sobre calle,Ninguna,Dia total,Despejado,No,NO APLICA,18,26,18,30,1,17/09/2022,3
31,Nebraska,310146,0,0,2,0,121,MERRICK (121),0,NO APLICA,9,Septiembre,20,2022,7,39,SR-14,3,Highway estatal,Rural,Arteria Menor,State Highway Agency,0,Sin jurisdiccion especial,791,41.09021667,-98.00059722,Vehiculo en movimiento,Frente a frente,T-Intersection,Interseccion de T,Sobre calle,Ninguna,Dia total,Despejado,No,NO APLICA,7,43,7,50,1,20/09/2022,2
31,Nebraska,310147,0,0,2,0,41,CUSTER (41),0,NO APLICA,9,Septiembre,21,2022,13,5,SR-92,3,Highway estatal,Rural,Arteria Menor,State Highway Agency,0,Sin jurisdiccion especial,2740,41.48135278,-99.81101111,Vehiculo en movimiento,Golpe Lateral - direccion contraria,Not an Intersection,No fue interseccion,Sobre calle,Ninguna,Dia total,lluvia,No,NO APLICA,13,11,13,21,1,21/09/2022,2
31,Nebraska,310148,0,0,2,0,185,YORK (185),0,NO APLICA,9,Septiembre,23,2022,6,20,US-34,2,US Highway,Rural,Arteria Menor,State Highway Agency,0,Sin jurisdiccion especial,2834,40.90177222,-97.37291111,Vehiculo en movimiento,Frente a frente,Not an Intersection,No fue interseccion,Sobre calle,Ninguna,Oscuro sin iluminacion,Despejado,No,NO APLICA,6,33,6,45,1,23/09/2022,2
31,Nebraska,310149,0,0,3,0,153,SARPY (153),460,BELLEVUE,9,Septiembre,23,2022,20,11,CORNHUSKER RD,6,Calle Local Municipalidad,Urbano,Arteria Principal,City or Municipal Highway Agency,1,Sin jurisdiccion especial,86,41.15667778,-95.92621944,Vehiculo en movimiento,Angulo,Four-Way Intersection,Interseccion de 4 direcciones,Sobre calle,Ninguna,Oscuro con iluminacion,Despejado,No,NO APLICA,20,13,20,17,2,23/09/2022,6
31,Nebraska,310150,0,0,2,0,109,LANCASTER (109),2830,LINCOLN,9,Septiembre,24,2022,14,21,US-6 O ST,2,US Highway,Urbano,Arteria Principal,State Highway Agency,1,Sin jurisdiccion especial,3139,40.81386389,-96.74816667,Vehiculo en movimiento,Angulo,T-Intersection,Interseccion de T,Sobre calle,Ninguna,Dia total,Despejado,No,NO APLICA,14,26,14,29,1,24/09/2022,3
31,Nebraska,310151,0,0,1,0,39,CUMING (39),0,NO APLICA,9,Septiembre,26,2022,14,9,CR-13,5,Calle Local - Pueblo,Rural,Local,Town or Township Highway Agency,0,Sin jurisdiccion especial,3,41.92026389,-96.78743611,Volcadura,El primer evento no fue una colision con un vehiculo automotor en transporte,Not an Intersection,No fue interseccion,Sobre el lado de la calle,Ninguna,Dia total,Despejado,No,NO APLICA,14,11,14,19,1,26/09/2022,2
31,Nebraska,310152,0,0,1,0,109,LANCASTER (109),2830,LINCOLN,9,Septiembre,5,2022,16,18,N COTNER BLVD,6,Calle Local Municipalidad,Urbano,Arteria Menor,City or Municipal Highway Agency,0,Sin jurisdiccion especial,31,40.82805,-96.63039722,Banqueta,El primer evento no fue una colision con un vehiculo automotor en transporte,Four-Way Intersection,Interseccion de 4 direcciones,Sobre el lado de la calle,Ninguna,Dia total,Despejado,No,NO APLICA,16,23,16,29,1,05/09/2022,5
31,Nebraska,310153,1,1,3,0,119,MADISON (119),0,NO APLICA,8,Agosto,17,2022,16,11,US-81,2,US Highway,Rural,Arterial Principal -Freeway o ExpressWay,State Highway Agency,1,Sin jurisdiccion especial,1502,41.89575833,-97.42635833,Vehiculo en movimiento,Frente a Detrás,Not an Intersection,No fue interseccion,Sobre calle,Ninguna,Dia total,Despejado,No,NO APLICA,16,12,16,23,1,17/08/2022,3
31,Nebraska,310154,0,0,2,0,147,RICHARDSON (147),0,NO APLICA,8,Agosto,17,2022,15,4,US-75,2,US Highway,Rural,Arteria Principal,State Highway Agency,1,Sin jurisdiccion especial,16,40.01645556,-95.81573333,Vehiculo en movimiento,Frente a frente,Not an Intersection,No fue interseccion,Sobre calle,Ninguna,Dia total,Despejado,No,NO APLICA,99,98,99,98,3,17/08/2022,3
31,Nebraska,310155,0,0,1,0,109,LANCASTER (109),2830,LINCOLN,8,Agosto,23,2022,13,12,ABIGAIL DR,6,Calle Local Municipalidad,Urbano,Local,City or Municipal Highway Agency,0,Sin jurisdiccion especial,0,40.75368889,-96.61408333,Alguien se cayo/avento del vehiculo,El primer evento no fue una colision con un vehiculo automotor en transporte,Not an Intersection,No fue interseccion,Sobre calle,Ninguna,Dia total,Despejado,No,NO APLICA,13,13,13,17,1,23/08/2022,4
31,Nebraska,310156,0,0,3,0,19,BUFFALO (19),2680,KEARNEY,9,Septiembre,1,2022,20,4,SR-44 2ND AVE,3,Highway estatal,Urbano,Arteria Menor,State Highway Agency,0,Sin jurisdiccion especial,290,40.66463056,-99.08624722,Vehiculo en movimiento,Angulo,Four-Way Intersection,Interseccion de 4 direcciones,Sobre calle,Ninguna,Dia total,Despejado,Yes,NO APLICA,20,5,20,10,1,01/09/2022,7
31,Nebraska,310157,0,0,2,0,67,GAGE (67),0,NO APLICA,9,Septiembre,2,2022,18,43,US-77,2,US Highway,Rural,Arteria Principal,State Highway Agency,1,Sin jurisdiccion especial,38,40.05710833,-96.65225556,Vehiculo en movimiento,Frente a frente,Not an Intersection,No fue interseccion,Sobre calle,Ninguna,Dia total,Despejado,No,NO APLICA,18,46,18,54,2,02/09/2022,2
31,Nebraska,310158,0,0,2,0,131,OTOE (131),0,NO APLICA,9,Septiembre,3,2022,99,99,SR-50,3,Highway estatal,Rural,Arteria Menor,State Highway Agency,0,Sin jurisdiccion especial,468,40.58306111,-96.17946389,Vehiculo en movimiento,Frente a frente,Not an Intersection,No fue interseccion,Sobre calle,Ninguna,Oscuro sin iluminacion,Despejado,No,NO APLICA,2,52,3,2,2,03/09/2022,2
31,Nebraska,310159,0,0,2,0,153,SARPY (153),0,NO APLICA,9,Septiembre,14,2022,11,15,SR-50,3,Highway estatal,Rural,Arteria Menor,State Highway Agency,0,Sin jurisdiccion especial,843,41.11806111,-96.13893333,Vehiculo en movimiento,Angulo,Four-Way Intersection,Interseccion de 4 direcciones,Sobre calle,Ninguna,Dia total,Despejado,No,NO APLICA,99,99,99,99,1,14/09/2022,2
31,Nebraska,310160,0,0,2,0,123,MORRILL (123),0,NO APLICA,9,Septiembre,27,2022,12,6,SR-62,3,Highway estatal,Rural,Arteria Principal,State Highway Agency,1,Sin jurisdiccion especial,71,41.81617778,-103.1877583,Vehiculo en movimiento,Angulo,T-Intersection,Interseccion de T,Sobre calle,Ninguna,Dia total,Despejado,No,NO APLICA,12,9,12,32,2,27/09/2022,3
31,Nebraska,310161,0,0,2,0,19,BUFFALO (19),0,NO APLICA,10,Octubre,4,2022,18,51,CR-5922 39TH ST,4,Calle del Condado,Urbano,Arteria Menor,County Highway Agency,0,Sin jurisdiccion especial,40,40.71381667,-99.04581111,Vehiculo en movimiento,Angulo,Four-Way Intersection,Interseccion de 4 direcciones,Sobre calle,Ninguna,Atardecer,Despejado,No,NO APLICA,18,54,18,54,1,04/10/2022,2
31,Nebraska,310162,0,0,1,0,109,LANCASTER (109),2830,LINCOLN,10,Octubre,2,2022,2,15,RANDOLPH ST,6,Calle Local Municipalidad,Urbano,Colector Mayor,City or Municipal Highway Agency,0,Sin jurisdiccion especial,36,40.80620556,-96.64366111,Banqueta,El primer evento no fue una colision con un vehiculo automotor en transporte,Not an Intersection,No fue interseccion,Sobre el lado de la calle,Ninguna,Oscuro sin iluminacion,Despejado,No,NO APLICA,2,18,2,22,6,02/10/2022,6
31,Nebraska,310163,0,0,3,0,109,LANCASTER (109),2830,LINCOLN,10,Octubre,5,2022,17,43,US-34 O ST,2,US Highway,Urbano,Arteria Principal,State Highway Agency,1,Sin jurisdiccion especial,3279,40.81352222,-96.64145556,Vehiculo en movimiento,Golpe Lateral - misma direccion,Four-Way Intersection,Interseccion de 4 direcciones,Sobre calle,Ninguna,Dia total,Nublado,No,NO APLICA,17,43,17,47,1,05/10/2022,4
31,Nebraska,310164,0,0,1,0,21,BURT (21),0,NO APLICA,10,Octubre,16,2022,19,4,COUNTY ROAD 41,5,Calle Local - Pueblo,Rural,Local,Town or Township Highway Agency,0,Sin jurisdiccion especial,4,41.73446944,-96.17453611,Volcadura,El primer evento no fue una colision con un vehiculo automotor en transporte,Not an Intersection,No fue interseccion,Sobre el lado de la calle,Ninguna,Oscuro sin iluminacion,Despejado,No,NO APLICA,19,6,19,14,1,16/10/2022,1
31,Nebraska,310165,0,0,2,0,179,WAYNE (179),0,NO APLICA,10,Octubre,26,2022,15,26,SR-16,3,Highway estatal,Rural,Arteria Menor,State Highway Agency,0,Sin jurisdiccion especial,221,42.13412778,-96.86215556,Vehiculo en movimiento,Frente a Detrás,Four-Way Intersection,Interseccion de 4 direcciones,Sobre calle,Ninguna,Dia total,Nublado,No,NO APLICA,99,98,99,98,1,26/10/2022,2
31,Nebraska,310166,0,0,2,0,79,HALL (79),2090,GRAND ISLAND,10,Octubre,26,2022,18,54,US-30,2,US Highway,Urbano,Arteria Principal,State Highway Agency,1,Sin jurisdiccion especial,3182,40.93088889,-98.32085278,Vehiculo en movimiento,Angulo,Four-Way Intersection,Interseccion de 4 direcciones,Sobre calle,Ninguna,Oscuro con iluminacion,Despejado,No,NO APLICA,18,58,19,1,1,26/10/2022,2
31,Nebraska,310167,0,0,2,0,109,LANCASTER (109),2830,LINCOLN,10,Octubre,28,2022,19,0,ADAMS ST,8,Otro,Urbano,Colector Mayor,City or Municipal Highway Agency,0,Sin jurisdiccion especial,7,40.8429,-96.70594167,Vehiculo en movimiento,Angulo,Four-Way Intersection,Interseccion de 4 direcciones,Sobre calle,Ninguna,Atardecer,Despejado,No,NO APLICA,19,0,19,5,1,28/10/2022,3
31,Nebraska,310168,0,0,2,0,109,LANCASTER (109),2830,LINCOLN,10,Octubre,28,2022,22,9,I-80,1,Interestatal,Urbano,Interestatal,State Highway Agency,1,Sin jurisdiccion especial,27,40.82851111,-96.71195833,Vehiculo en movimiento,Frente a Detrás,Not an Intersection,No fue interseccion,Sobre calle,Ninguna,Oscuro con iluminacion,Despejado,No,NO APLICA,22,13,22,21,1,28/10/2022,2
31,Nebraska,310169,0,0,1,0,67,GAGE (67),0,NO APLICA,10,Octubre,31,2022,99,99,176TH RD,5,Calle Local - Pueblo,Rural,Local,Town or Township Highway Agency,0,Sin jurisdiccion especial,50,40.45139722,-96.48267778,Vehiculo Ferrocarril,El primer evento no fue una colision con un vehiculo automotor en transporte,Not an Intersection,No fue interseccion,Sobre calle,Ninguna,Dia total,Despejado,No,083289U,16,7,16,13,1,31/10/2022,1
31,Nebraska,310170,0,0,1,0,119,MADISON (119),0,NO APLICA,11,Noviembre,20,2022,99,99,CR-834TH RD,4,Calle del Condado,Rural,Local,County Highway Agency,0,Sin jurisdiccion especial,80,41.91661667,-97.61935556,Soporte de Puente,El primer evento no fue una colision con un vehiculo automotor en transporte,Not an Intersection,No fue interseccion,Sobre el lado de la calle,Ninguna,Reportada como desconocida,Despejado,No,NO APLICA,8,2,99,97,1,20/11/2022,1
31,Nebraska,310171,0,0,2,0,127,NEMAHA (127),0,NO APLICA,11,Noviembre,2,2022,14,0,US-75,2,US Highway,Rural,Arteria Principal,State Highway Agency,1,Sin jurisdiccion especial,330,40.48742778,-95.83945556,Vehiculo en movimiento,Frente a frente,Not an Intersection,No fue interseccion,Sobre calle,Ninguna,Dia total,Despejado,No,NO APLICA,14,53,15,6,1,02/11/2022,3
31,Nebraska,310172,0,0,1,0,169,THAYER (169),0,NO APLICA,11,Noviembre,3,2022,19,30,US-136,2,US Highway,Rural,Arteria Menor,State Highway Agency,1,Sin jurisdiccion especial,1221,40.14680833,-97.70166944,Zanja,El primer evento no fue una colision con un vehiculo automotor en transporte,Not an Intersection,No fue interseccion,Sobre el lado de la calle,Ninguna,Oscuro sin iluminacion,Despejado,No,NO APLICA,19,40,19,45,1,03/11/2022,1
31,Nebraska,310173,0,0,2,0,141,PLATTE (141),1100,COLUMBUS,11,Noviembre,6,2022,7,6,US-30 23RD ST,2,US Highway,Urbano,Arteria Principal,State Highway Agency,1,Sin jurisdiccion especial,3804,41.43853333,-97.33698056,Vehiculo en movimiento,Frente a frente,Not an Intersection,No fue interseccion,Sobre calle,Ninguna,Oscuro con iluminacion,Despejado,No,NO APLICA,7,7,7,13,1,06/11/2022,2
31,Nebraska,310174,1,1,1,0,161,SHERIDAN (161),0,NO APLICA,11,Noviembre,5,2022,20,2,SR-87,3,Highway estatal,Rural,Arteria Menor,State Highway Agency,0,Sin jurisdiccion especial,575,42.74421667,-102.4784361,Peaton,El primer evento no fue una colision con un vehiculo automotor en transporte,Not an Intersection,No fue interseccion,Sobre calle,Ninguna,Oscuro sin iluminacion,lluvia,No,NO APLICA,99,99,99,99,1,05/11/2022,2
31,Nebraska,310175,0,0,1,0,15,BOYD (15),0,NO APLICA,11,Noviembre,9,2022,23,0,SR-12,3,Highway estatal,Rural,Arteria Menor,State Highway Agency,0,Sin jurisdiccion especial,1239,42.8298,-98.51071389,Arbol,El primer evento no fue una colision con un vehiculo automotor en transporte,Not an Intersection,No fue interseccion,Sobre el lado de la calle,Ninguna,Oscuro sin iluminacion,Nublado,No,NO APLICA,23,9,23,25,1,09/11/2022,2
31,Nebraska,310176,0,0,1,0,165,SIOUX (165),0,NO APLICA,11,Noviembre,9,2022,18,0,SR-29,3,Highway estatal,Rural,Colector Mayor,State Highway Agency,0,Sin jurisdiccion especial,297,42.37927222,-103.7775167,Volcadura,El primer evento no fue una colision con un vehiculo automotor en transporte,Not an Intersection,No fue interseccion,Sobre el lado de la calle,Ninguna,Oscuro sin iluminacion,Aguanieve,No,NO APLICA,18,8,18,47,1,09/11/2022,2
31,Nebraska,310177,0,0,2,0,43,DAKOTA (43),0,NO APLICA,11,Noviembre,11,2022,10,16,CR-152ND ST,4,Calle del Condado,Urbano,Local,County Highway Agency,0,Sin jurisdiccion especial,7,42.44858056,-96.48287222,Vehiculo en movimiento,Angulo,Four-Way Intersection,Interseccion de 4 direcciones,Sobre calle,Ninguna,Dia total,Nublado,No,NO APLICA,99,98,99,98,1,11/11/2022,2
31,Nebraska,310178,0,0,2,0,141,PLATTE (141),0,NO APLICA,11,Noviembre,14,2022,18,57,CR-2865 48TH AVE,4,Calle del Condado,Rural,Colector Mayor,County Highway Agency,0,Sin jurisdiccion especial,6,41.46780278,-97.38763889,Vehiculo en movimiento,Frente a frente,Four-Way Intersection,Interseccion de 4 direcciones,Sobre calle,Ninguna,Oscuro con iluminacion,Despejado,No,NO APLICA,99,99,99,99,1,14/11/2022,3
31,Nebraska,310179,0,0,2,0,109,LANCASTER (109),2830,LINCOLN,11,Noviembre,21,2022,16,31,SR-2 NEBRASKA PKWY,3,Highway estatal,Urbano,Arteria Principal,State Highway Agency,1,Sin jurisdiccion especial,4562,40.76864444,-96.67283056,Vehiculo en movimiento,Angulo,Four-Way Intersection,Interseccion de 4 direcciones,Sobre calle,Ninguna,Atardecer,Despejado,No,NO APLICA,16,32,16,36,1,21/11/2022,2
31,Nebraska,310180,0,0,1,0,109,LANCASTER (109),2830,LINCOLN,11,Noviembre,23,2022,13,8,ROSA PARKS WAY,6,Calle Local Municipalidad,Urbano,Arteria Principal,City or Municipal Highway Agency,1,Sin jurisdiccion especial,21,40.80917222,-96.71281111,Barrera de Trafico de Concreto,El primer evento no fue una colision con un vehiculo automotor en transporte,Not an Intersection,No fue interseccion,En el medio,Ninguna,Dia total,Despejado,No,NO APLICA,13,9,13,13,1,23/11/2022,1
31,Nebraska,310181,0,0,2,0,95,JEFFERSON (95),0,NO APLICA,11,Noviembre,19,2022,16,25,SR-4 724TH RD,3,Highway estatal,Rural,Arteria Menor,State Highway Agency,0,Sin jurisdiccion especial,1275,40.32067778,-97.18963333,Vehiculo en movimiento,Frente a frente,Not an Intersection,No fue interseccion,Sobre calle,Ninguna,Dia total,Despejado,No,NO APLICA,16,29,16,38,1,19/11/2022,3
31,Nebraska,310182,0,0,2,0,55,DOUGLAS (55),3620,OMAHA,4,Abril,28,2022,10,57,AMES AVE,6,Calle Local Municipalidad,Urbano,Arteria Principal,City or Municipal Highway Agency,1,Sin jurisdiccion especial,35,41.29957222,-95.95624722,Vehiculo en movimiento,Frente a Detrás,Four-Way Intersection,Interseccion de 4 direcciones,Sobre calle,Ninguna,Dia total,Despejado,No,NO APLICA,10,57,11,4,1,28/04/2022,3
31,Nebraska,310183,0,0,1,0,81,HAMILTON (81),0,NO APLICA,12,Diciembre,3,2022,22,16,CR-S F RD,4,Calle del Condado,Rural,Local,County Highway Agency,0,Sin jurisdiccion especial,0,40.84072778,-98.18783333,Culvert,El primer evento no fue una colision con un vehiculo automotor en transporte,Not an Intersection,No fue interseccion,Sobre el lado de la calle,Ninguna,Oscuro sin iluminacion,Despejado,No,NO APLICA,22,19,22,33,1,03/12/2022,1
31,Nebraska,310184,0,0,1,0,33,CHEYENNE (33),0,NO APLICA,12,Diciembre,4,2022,21,40,I-80,1,Interestatal,Rural,Interestatal,State Highway Agency,1,Sin jurisdiccion especial,400,41.20389722,-103.2933639,Volcadura,El primer evento no fue una colision con un vehiculo automotor en transporte,Not an Intersection,No fue interseccion,Sobre calle,Ninguna,Oscuro sin iluminacion,Despejado,No,NO APLICA,99,98,99,98,1,04/12/2022,1
31,Nebraska,310185,0,0,1,0,21,BURT (21),0,NO APLICA,2,Febrero,26,2022,4,31,SR-51,3,Highway estatal,Rural,Arteria Menor,State Highway Agency,0,Sin jurisdiccion especial,99998,42.00316667,-96.30922778,Valla Ferrocarril,El primer evento no fue una colision con un vehiculo automotor en transporte,Not an Intersection,No fue interseccion,Sobre el lado de la calle,Ninguna,Oscuro sin iluminacion,Despejado,No,NO APLICA,99,98,99,98,1,26/02/2022,1
31,Nebraska,310186,0,0,1,0,163,SHERMAN (163),0,NO APLICA,9,Septiembre,6,2022,13,30,CR-LM465A,4,Calle del Condado,Rural,Local,County Highway Agency,0,Sin jurisdiccion especial,0,41.15081111,-99.14791389,Vehiculo Ferrocarril,El primer evento no fue una colision con un vehiculo automotor en transporte,Not an Intersection,No fue interseccion,Sobre calle,Ninguna,Dia total,Despejado,No,064514H,13,32,13,40,1,06/09/2022,1
31,Nebraska,310187,0,0,1,0,153,SARPY (153),460,BELLEVUE,11,Noviembre,1,2022,99,99,SR-370,3,Highway estatal,Urbano,Arterial Principal -Freeway o ExpressWay,State Highway Agency,1,Sin jurisdiccion especial,141,41.14003333,-95.96976944,Volcadura,El primer evento no fue una colision con un vehiculo automotor en transporte,Not an Intersection,No fue interseccion,Sobre el lado de la calle,Ninguna,Oscuro sin iluminacion,Despejado,No,NO APLICA,4,4,4,10,1,01/11/2022,2
31,Nebraska,310188,0,0,2,0,153,SARPY (153),0,NO APLICA,11,Noviembre,10,2022,15,30,US-6,2,US Highway,Rural,Arteria Menor,State Highway Agency,0,Sin jurisdiccion especial,3248,41.07188333,-96.30832222,Vehiculo en movimiento,Frente a Detrás,T-Intersection,Interseccion de T,Sobre calle,Ninguna,Dia total,Despejado,No,NO APLICA,15,32,15,39,1,10/11/2022,2
31,Nebraska,310189,0,0,2,0,157,SCOTTS BLUFF (157),0,NO APLICA,12,Diciembre,1,2022,22,17,SR-92,3,Highway estatal,Rural,Arteria Menor,State Highway Agency,0,Sin jurisdiccion especial,362,41.78645556,-103.5250472,Vehiculo en movimiento,Frente a frente,Not an Intersection,No fue interseccion,Sobre calle,Ninguna,Oscuro sin iluminacion,Despejado,No,NO APLICA,22,17,22,28,1,01/12/2022,2
31,Nebraska,310190,0,0,1,0,111,LINCOLN (111),0,NO APLICA,12,Diciembre,8,2022,10,18,US-83,2,US Highway,Rural,Arteria Principal,State Highway Agency,1,Sin jurisdiccion especial,957,41.29286667,-100.637225,Volcadura,El primer evento no fue una colision con un vehiculo automotor en transporte,Not an Intersection,No fue interseccion,Sobre el lado de la calle,Ninguna,Dia total,Aguanieve,No,NO APLICA,10,24,10,37,1,08/12/2022,3
31,Nebraska,310191,0,0,1,0,41,CUSTER (41),0,NO APLICA,12,Diciembre,10,2022,16,0,CR-VICTORIA SPRINGS RD,4,Calle del Condado,Rural,Colector Mayor,County Highway Agency,0,Sin jurisdiccion especial,0,41.58233889,-99.74741944,Volcadura,El primer evento no fue una colision con un vehiculo automotor en transporte,Not an Intersection,No fue interseccion,Sobre el lado de la calle,Ninguna,Dia total,Despejado,No,NO APLICA,16,21,16,38,1,10/12/2022,1
31,Nebraska,310192,0,0,2,0,179,WAYNE (179),0,NO APLICA,12,Diciembre,8,2022,11,0,SR-35,3,Highway estatal,Urbano,Arteria Menor,State Highway Agency,1,Sin jurisdiccion especial,377,42.23553333,-96.89140833,Vehiculo en movimiento,Frente a frente,Not an Intersection,No fue interseccion,Sobre calle,Ninguna,Dia total,Nublado,No,NO APLICA,99,99,99,99,1,08/12/2022,2
31,Nebraska,310193,0,0,1,0,109,LANCASTER (109),0,NO APLICA,12,Diciembre,9,2022,5,19,SR-77,3,Highway estatal,Rural,Arterial Principal -Freeway o ExpressWay,State Highway Agency,1,Sin jurisdiccion especial,792,41.016575,-96.64068333,Volcadura,El primer evento no fue una colision con un vehiculo automotor en transporte,Not an Intersection,No fue interseccion,En el medio,Ninguna,Oscuro con iluminacion,lluvia,No,NO APLICA,99,98,99,98,1,09/12/2022,1
31,Nebraska,310194,0,0,2,0,59,FILLMORE (59),1810,FAIRMONT,12,Diciembre,18,2022,9,41,US-81,2,US Highway,Rural,Arterial Principal -Freeway o ExpressWay,State Highway Agency,1,Sin jurisdiccion especial,462,40.64023611,-97.59557778,Vehiculo en movimiento,Angulo,Four-Way Intersection,Interseccion de 4 direcciones,Sobre calle,Ninguna,Dia total,Despejado,No,NO APLICA,99,98,99,98,1,18/12/2022,4
31,Nebraska,310195,0,0,1,0,185,YORK (185),5360,YORK,12,Diciembre,21,2022,16,5,I-80,1,Interestatal,Rural,Interestatal,State Highway Agency,1,Sin jurisdiccion especial,55,40.82166111,-97.71166389,Valla Ferrocarril,El primer evento no fue una colision con un vehiculo automotor en transporte,Not an Intersection,No fue interseccion,Sobre el lado de la calle,Ninguna,Dia total,Aguanieve,No,NO APLICA,99,98,99,98,1,21/12/2022,1
31,Nebraska,310196,0,0,2,0,19,BUFFALO (19),0,NO APLICA,12,Diciembre,27,2022,9,33,I-80,1,Interestatal,Rural,Interestatal,State Highway Agency,1,Sin jurisdiccion especial,2629,40.68175278,-99.29533333,Vehiculo en movimiento,Frente a Detrás,Not an Intersection,No fue interseccion,Sobre calle,Ninguna,Dia total,Despejado,No,NO APLICA,9,37,9,56,1,27/12/2022,2
31,Nebraska,310197,1,1,1,0,157,SCOTTS BLUFF (157),4340,SCOTTSBLUFF,12,Diciembre,27,2022,18,56,EAST OVERLAND,8,Otro,Urbano,Arteria Menor,City or Municipal Highway Agency,0,Sin jurisdiccion especial,26,41.85955,-103.6448972,Peaton,El primer evento no fue una colision con un vehiculo automotor en transporte,Not an Intersection,No fue interseccion,Sobre calle,Ninguna,Oscuro sin iluminacion,Despejado,No,NO APLICA,18,57,19,2,1,27/12/2022,2
31,Nebraska,310198,0,0,2,0,79,HALL (79),0,NO APLICA,12,Diciembre,28,2022,16,45,US-281,2,US Highway,Rural,Arteria Principal,State Highway Agency,1,Sin jurisdiccion especial,774,41.01760278,-98.35906667,Vehiculo en movimiento,Angulo,Four-Way Intersection,Interseccion de 4 direcciones,Sobre calle,Ninguna,Dia total,Nublado,No,NO APLICA,16,50,16,58,1,28/12/2022,3
31,Nebraska,310199,0,0,2,0,37,COLFAX (37),0,NO APLICA,12,Diciembre,16,2022,10,5,CR-ROAD X,4,Calle del Condado,Rural,Local,County Highway Agency,0,Sin jurisdiccion especial,0,41.72804444,-97.09803611,Vehiculo en movimiento,Angulo,Four-Way Intersection,Interseccion de 4 direcciones,Sobre calle,Ninguna,Dia total,Soplando nieve,No,NO APLICA,10,7,10,12,1,16/12/2022,3
31,Nebraska,310200,0,0,1,0,53,DODGE (53),0,NO APLICA,12,Diciembre,14,2022,18,43,US-275,2,US Highway,Rural,Arterial Principal -Freeway o ExpressWay,State Highway Agency,1,Sin jurisdiccion especial,1556,41.39600278,-96.44463889,Arbol,El primer evento no fue una colision con un vehiculo automotor en transporte,Not an Intersection,No fue interseccion,Sobre el lado de la calle,"Zona de trabajo, tipo desconocido",Oscuro sin iluminacion,Despejado,No,NO APLICA,99,98,99,98,1,14/12/2022,1
31,Nebraska,310201,0,0,1,0,53,DODGE (53),0,NO APLICA,6,Junio,1,2022,19,20,COUNTY ROAD 4,7,Calle Local,Rural,Local,Town or Township Highway Agency,0,Sin jurisdiccion especial,27,41.70231944,-96.84850556,Volcadura,El primer evento no fue una colision con un vehiculo automotor en transporte,Not an Intersection,No fue interseccion,Sobre el lado de la calle,Ninguna,Dia total,Despejado,No,NO APLICA,19,26,19,36,1,01/06/2022,1
31,Nebraska,310202,0,0,1,0,109,LANCASTER (109),2830,LINCOLN,10,Octubre,30,2022,1,25,N 14TH ST,8,Otro,Urbano,Arteria Menor,City or Municipal Highway Agency,0,Sin jurisdiccion especial,58,40.85782778,-96.70110556,Muro,El primer evento no fue una colision con un vehiculo automotor en transporte,Not an Intersection,No fue interseccion,Sobre el lado de la calle,Ninguna,Oscuro con iluminacion,Despejado,No,NO APLICA,1,32,1,37,1,30/10/2022,1
31,Nebraska,310203,1,1,1,0,43,DAKOTA (43),4480,SOUTH SIOUX CITY,11,Noviembre,28,2022,17,47,I-129,1,Interestatal,Urbano,Interestatal,State Highway Agency,1,Sin jurisdiccion especial,6,42.44903611,-96.43021389,Peaton,El primer evento no fue una colision con un vehiculo automotor en transporte,Not an Intersection,No fue interseccion,Sobre calle,Ninguna,Oscuro sin iluminacion,Despejado,No,NO APLICA,99,98,99,98,1,28/11/2022,1
31,Nebraska,310204,1,1,1,0,53,DODGE (53),0,NO APLICA,9,Septiembre,18,2022,99,99,US-275,2,US Highway,Rural,Arteria Principal,State Highway Agency,1,Sin jurisdiccion especial,1549,41.41703611,-96.44518611,Peaton,El primer evento no fue una colision con un vehiculo automotor en transporte,Not an Intersection,No fue interseccion,Sobre Acotamiento,Ninguna,Oscuro sin iluminacion,Despejado,No,NO APLICA,88,88,88,88,1,18/09/2022,1
31,Nebraska,310206,1,1,1,0,55,DOUGLAS (55),3620,OMAHA,9,Septiembre,27,2022,20,24,SR-6 DODGE ST,3,Highway estatal,Urbano,Arteria Principal,State Highway Agency,1,Sin jurisdiccion especial,3682,41.25963056,-96.00818889,Peaton,El primer evento no fue una colision con un vehiculo automotor en transporte,T-Intersection,Interseccion de T,Sobre calle,Ninguna,Oscuro con iluminacion,Despejado,No,NO APLICA,20,24,20,30,1,27/09/2022,1