Estado,Nombre de Estado,Numero de Caso,Peatones,Personas _no_vehiculos,Vehiculos automotores,Vehiculos estacionados,Condado,Nombre Condado,Ciudad,Nombre Ciudad,Mes,Nombre Mes,Dia,Año,Hora,Minuto,Calle,Ruta,Nombre Ruta,Rural o Urbanoo,Sistema Funcional,Dueño Calle,Sistema Nacional Carreteras,Jurisdiccion Especial,Milla,Latitud,Longitud,Causa del Accidente,Tipo de Accidente,Tipo Interseccion,Columna1,Lugar en la calle,Zona de Trabajo,Luz,Clima,Autobus Escolar,Cruce de Trenes,Hora Notificacion,Minuto Notificacion,Hora Llegada,Minuto Llegada,Decesos,Fecha,PersonaVehiculo
31,Nebraska,310207,1,1,1,0,55,DOUGLAS (55),3620,OMAHA,8,Agosto,31,2022,14,2,SR-75 N 30TH ST,3,Highway estatal,Urbano,Arteria Principal,State Highway Agency,1,Sin jurisdiccion especial,942,41.32025556,-95.95658889,Peaton,El primer evento no fue una colision con un vehiculo automotor en transporte,T-Intersection,Interseccion de T,Sobre calle,Ninguna,Dia total,Despejado,No,NO APLICA,14,2,14,9,1,31/08/2022,1
31,Nebraska,310208,1,1,1,0,55,DOUGLAS (55),3620,OMAHA,11,Noviembre,23,2022,18,58,SR-74 S 24TH ST,3,Highway estatal,Urbano,Arteria Menor,State Highway Agency,0,Sin jurisdiccion especial,20,41.23181667,-95.94704444,Peaton,El primer evento no fue una colision con un vehiculo automotor en transporte,Not an Intersection,No fue interseccion,Sobre calle,Ninguna,Oscuro con iluminacion,Despejado,No,NO APLICA,99,99,99,99,1,23/11/2022,1
31,Nebraska,310209,1,1,1,0,55,DOUGLAS (55),3620,OMAHA,11,Noviembre,1,2022,1,3,SR-64 MAPLE ST,3,Highway estatal,Urbano,Arteria Principal,State Highway Agency,1,Sin jurisdiccion especial,749,41.28499444,-96.02979444,Peaton,El primer evento no fue una colision con un vehiculo automotor en transporte,Not an Intersection,No fue interseccion,Sobre calle,Ninguna,Oscuro con iluminacion,Despejado,No,NO APLICA,1,6,1,11,1,01/11/2022,1
31,Nebraska,310210,0,0,1,0,55,DOUGLAS (55),3620,OMAHA,11,Noviembre,15,2022,0,28,HARNEY ST,6,Calle Local Municipalidad,Urbano,Arteria Menor,City or Municipal Highway Agency,0,Sin jurisdiccion especial,4,41.25694444,-95.96715833,Otro objeto (fijo),El primer evento no fue una colision con un vehiculo automotor en transporte,Not an Intersection,No fue interseccion,Sobre el lado de la calle,Ninguna,Oscuro con iluminacion,Despejado,No,NO APLICA,0,29,0,34,1,15/11/2022,1
31,Nebraska,310211,0,0,1,0,55,DOUGLAS (55),3620,OMAHA,11,Noviembre,15,2022,23,30,I-80 RAMP,1,Interestatal,Urbano,Interestatal,State Highway Agency,1,Sin jurisdiccion especial,99998,41.22189167,-96.08907778,Volcadura,El primer evento no fue una colision con un vehiculo automotor en transporte,Not an Intersection,No fue interseccion,Sobre el lado de la calle,Ninguna,Oscuro con iluminacion,No reportado,No,NO APLICA,23,36,99,97,1,15/11/2022,1
31,Nebraska,310212,1,1,1,0,55,DOUGLAS (55),3620,OMAHA,12,Diciembre,13,2022,20,45,S 168TH ST,6,Calle Local Municipalidad,Urbano,Arteria Menor,City or Municipal Highway Agency,0,Sin jurisdiccion especial,31,41.23692778,-96.17695556,Peaton,El primer evento no fue una colision con un vehiculo automotor en transporte,Not an Intersection,No fue interseccion,Sobre calle,Ninguna,Oscuro con iluminacion,Despejado,No,NO APLICA,20,46,20,55,1,13/12/2022,1
31,Nebraska,310213,0,0,1,0,55,DOUGLAS (55),3620,OMAHA,8,Agosto,3,2022,22,55,I-680 RAMP,1,Interestatal,Urbano,Interestatal,State Highway Agency,1,Sin jurisdiccion especial,32,41.26564722,-96.07562222,Volcadura,El primer evento no fue una colision con un vehiculo automotor en transporte,Not an Intersection,No fue interseccion,Gore?,Ninguna,Oscuro con iluminacion,Despejado,No,NO APLICA,22,57,23,5,1,03/08/2022,1
31,Nebraska,310214,0,0,2,0,55,DOUGLAS (55),3620,OMAHA,9,Septiembre,8,2022,10,49,S 42ND ST,6,Calle Local Municipalidad,Urbano,Arteria Menor,City or Municipal Highway Agency,0,Sin jurisdiccion especial,119,41.20606667,-95.97746667,Vehiculo en movimiento,Golpe Lateral - misma direccion,Roundabout,Glorieta,Sobre calle,Ninguna,Dia total,Despejado,No,NO APLICA,10,49,10,52,1,08/09/2022,3
31,Nebraska,310215,0,0,1,0,55,DOUGLAS (55),3620,OMAHA,9,Septiembre,11,2022,7,3,S 72ND ST,6,Calle Local Municipalidad,Urbano,Arteria Principal,City or Municipal Highway Agency,1,Sin jurisdiccion especial,74,41.24442222,-96.02422222,Soporte de  señalamiento de transito,El primer evento no fue una colision con un vehiculo automotor en transporte,Four-Way Intersection,Interseccion de 4 direcciones,Sobre el lado de la calle,Ninguna,Dia total,Nublado,No,NO APLICA,7,3,7,10,1,11/09/2022,1
31,Nebraska,310216,0,0,1,0,55,DOUGLAS (55),3620,OMAHA,9,Septiembre,24,2022,23,6,SR-64 MAPLE ST,3,Highway estatal,Urbano,Arteria Principal,State Highway Agency,1,Sin jurisdiccion especial,689,41.28498333,-96.040725,Buzon de correo,El primer evento no fue una colision con un vehiculo automotor en transporte,Not an Intersection,No fue interseccion,Sobre el lado de la calle,Ninguna,Oscuro con iluminacion,Despejado,No,NO APLICA,23,9,23,13,1,24/09/2022,1
31,Nebraska,310217,0,0,2,0,55,DOUGLAS (55),1877,FORT OMAHA,5,Mayo,7,2022,20,31,S 60TH ST,6,Calle Local Municipalidad,Urbano,Arteria Menor,City or Municipal Highway Agency,0,Sin jurisdiccion especial,54,41.23186111,-96.004825,Vehiculo en movimiento,Frente a Detrás,T-Intersection,Interseccion de T,Sobre calle,Ninguna,Oscuro con iluminacion,Nublado,No,NO APLICA,20,31,20,38,1,07/05/2022,4
31,Nebraska,310218,0,0,2,0,55,DOUGLAS (55),3620,OMAHA,9,Septiembre,26,2022,19,24,SR-64 NW RADIAL HWY,3,Highway estatal,Urbano,Arteria Principal,State Highway Agency,1,Sin jurisdiccion especial,757,41.27216111,-95.98335278,Vehiculo en movimiento,Angulo,Four-Way Intersection,Interseccion de 4 direcciones,Sobre calle,Ninguna,Atardecer,Despejado,No,NO APLICA,19,25,19,29,1,26/09/2022,2
31,Nebraska,310219,0,0,2,0,55,DOUGLAS (55),3620,OMAHA,3,Marzo,31,2022,22,57,S 192ND ST,6,Calle Local Municipalidad,Urbano,Local,City or Municipal Highway Agency,0,Sin jurisdiccion especial,1,41.21935556,-96.21556944,Vehiculo en movimiento,Angulo,Four-Way Intersection,Interseccion de 4 direcciones,Sobre calle,Ninguna,Oscuro con iluminacion,Despejado,No,NO APLICA,22,58,23,2,2,31/03/2022,3
31,Nebraska,310220,0,0,2,0,57,DUNDY (57),0,NO APLICA,11,Noviembre,22,2022,17,27,SR-61,3,Highway estatal,Rural,Arteria Menor,State Highway Agency,0,Sin jurisdiccion especial,2124,40.15733611,-101.5308889,Animal vivo,El primer evento no fue una colision con un vehiculo automotor en transporte,Not an Intersection,No fue interseccion,Sobre calle,Ninguna,Oscuro sin iluminacion,Despejado,No,NO APLICA,17,28,17,39,1,22/11/2022,6
31,Nebraska,310221,0,0,2,0,55,DOUGLAS (55),3620,OMAHA,2,Febrero,11,2022,12,19,I-480,1,Interestatal,Urbano,Interestatal,State Highway Agency,1,Sin jurisdiccion especial,33,41.26330833,-95.94398611,Vehiculo en movimiento,Frente a Detrás,Not an Intersection,No fue interseccion,Sobre calle,Ninguna,Dia total,Nublado,No,NO APLICA,12,21,12,25,1,11/02/2022,2
31,Nebraska,310222,0,0,2,0,55,DOUGLAS (55),3620,OMAHA,10,Octubre,20,2022,15,17,S 132ND ST,6,Calle Local Municipalidad,Urbano,Arteria Menor,City or Municipal Highway Agency,0,Sin jurisdiccion especial,41,41.24187222,-96.11963056,Vehiculo en movimiento,Angulo,T-Intersection,Interseccion de T,Sobre calle,Ninguna,Dia total,Despejado,No,NO APLICA,15,17,15,22,1,20/10/2022,2
31,Nebraska,310223,0,0,4,0,55,DOUGLAS (55),3620,OMAHA,9,Septiembre,25,2022,15,40,SR-64 WEST MAPLE RD,3,Highway estatal,Urbano,Arterial Principal -Freeway o ExpressWay,State Highway Agency,1,Sin jurisdiccion especial,676,41.29210278,-96.15836667,Vehiculo en movimiento,Frente a frente,Four-Way Intersection,Interseccion de 4 direcciones,Sobre calle,Construccion,Dia total,Despejado,No,NO APLICA,15,40,15,41,1,25/09/2022,6
33,New Hampshire,330002,1,1,1,0,19,SULLIVAN (19),380,NEWPORT,1,Enero,3,2022,10,50,SR-11,3,Highway estatal,Rural,Arteria Menor,State Highway Agency,1,Sin jurisdiccion especial,0,43.36097222,-72.21537778,Ciclista,El primer evento no fue una colision con un vehiculo automotor en transporte,Not an Intersection,No fue interseccion,Sobre Acotamiento,Ninguna,Dia total,Despejado,No,NO APLICA,10,53,10,55,1,03/01/2022,1
33,New Hampshire,330003,0,0,2,0,19,SULLIVAN (19),40,CHARLESTOWN,1,Enero,6,2022,19,9,SR-11,3,Highway estatal,Rural,Arteria Menor,State Highway Agency,0,Sin jurisdiccion especial,0,43.25839444,-72.41946389,Vehiculo en movimiento,Frente a frente,Not an Intersection,No fue interseccion,Sobre calle,Ninguna,Oscuro sin iluminacion,Despejado,No,NO APLICA,19,9,19,23,2,06/01/2022,3
33,New Hampshire,330004,0,0,2,0,11,HILLSBOROUGH (11),400,PETERBOROUGH,1,Enero,5,2022,9,9,US-202,2,US Highway,Rural,Arteria Menor,State Highway Agency,0,Sin jurisdiccion especial,0,42.91215833,-71.93846111,Vehiculo en movimiento,Frente a frente,Not an Intersection,No fue interseccion,Sobre calle,Ninguna,Dia total,Granizo,No,NO APLICA,9,9,9,13,1,05/01/2022,2
33,New Hampshire,330005,0,0,3,0,15,ROCKINGHAM (15),12,ATKINSON,1,Enero,10,2022,10,22,SR-111,3,Highway estatal,Urbano,Arteria Principal,State Highway Agency,1,Sin jurisdiccion especial,235,42.86210556,-71.17062222,Vehiculo en movimiento,Golpe Lateral - direccion contraria,Not an Intersection,No fue interseccion,Sobre calle,Ninguna,Dia total,Despejado,No,NO APLICA,10,22,10,29,1,10/01/2022,3
33,New Hampshire,330006,0,0,1,0,17,STRAFFORD (17),29,BARRINGTON,1,Enero,17,2022,15,57,US-4,2,US Highway,Rural,Arteria Principal,State Highway Agency,1,Sin jurisdiccion especial,908,43.15317778,-71.04127222,Barda,El primer evento no fue una colision con un vehiculo automotor en transporte,Not an Intersection,No fue interseccion,Sobre el lado de la calle,Ninguna,Dia total,Despejado,No,NO APLICA,15,57,99,98,1,17/01/2022,1
33,New Hampshire,330007,0,0,2,0,5,CHESHIRE (5),9997,Other,1,Enero,21,2022,8,9,SR-9,3,Highway estatal,Rural,Arteria Principal,State Highway Agency,1,Sin jurisdiccion especial,221,42.98518889,-72.20155833,Acotamiento,El primer evento no fue una colision con un vehiculo automotor en transporte,Not an Intersection,No fue interseccion,Sobre el lado de la calle,Ninguna,Dia total,Despejado,No,NO APLICA,8,11,8,22,1,21/01/2022,2
33,New Hampshire,330008,0,0,1,0,11,HILLSBOROUGH (11),18,BEDFORD,1,Enero,23,2022,10,48,I-293,1,Interestatal,Urbano,Interestatal,State Highway Agency,1,Sin jurisdiccion especial,83,42.95243333,-71.47421389,Zanja,El primer evento no fue una colision con un vehiculo automotor en transporte,Not an Intersection,No fue interseccion,Sobre el lado de la calle,Ninguna,Dia total,Nublado,No,NO APLICA,10,52,11,20,1,23/01/2022,1
33,New Hampshire,330009,0,0,1,0,9,GRAFTON (9),565,WOODSTOCK,1,Enero,24,2022,7,18,I-93,1,Interestatal,Rural,Interestatal,State Highway Agency,1,Sin jurisdiccion especial,934,43.93515,-71.68865,Volcadura,El primer evento no fue una colision con un vehiculo automotor en transporte,Not an Intersection,No fue interseccion,Sobre el lado de la calle,Ninguna,Oscuro sin iluminacion,Reportado como desconocido,No,NO APLICA,7,20,7,36,1,24/01/2022,1
33,New Hampshire,330010,0,0,2,0,7,COOS (7),9997,Other,1,Enero,24,2022,15,41,US-3,2,US Highway,Rural,Arteria Menor,State Highway Agency,0,Sin jurisdiccion especial,0,44.77977778,-71.58283056,Vehiculo en movimiento,Frente a frente,Not an Intersection,No fue interseccion,Sobre calle,Ninguna,Dia total,Nieve,No,NO APLICA,15,43,15,57,1,24/01/2022,2
33,New Hampshire,330011,0,0,2,0,19,SULLIVAN (19),40,CHARLESTOWN,1,Enero,21,2022,16,27,SR-12,3,Highway estatal,Rural,Arteria Menor,State Highway Agency,0,Sin jurisdiccion especial,0,43.29129167,-72.39384444,Vehiculo en movimiento,Frente a frente,Not an Intersection,No fue interseccion,Sobre calle,Ninguna,Dia total,Despejado,No,NO APLICA,16,27,16,43,1,21/01/2022,2
33,New Hampshire,330012,0,0,2,0,11,HILLSBOROUGH (11),310,MANCHESTER,1,Enero,23,2022,20,25,SR-28,3,Highway estatal,Urbano,Arteria Menor,Town or Township Highway Agency,0,Sin jurisdiccion especial,0,42.97811389,-71.45540833,Vehiculo en movimiento,Frente a frente,Not an Intersection,No fue interseccion,Sobre calle,Ninguna,Oscuro con iluminacion,Despejado,No,NO APLICA,20,18,20,24,1,23/01/2022,4
33,New Hampshire,330013,1,1,1,0,9,GRAFTON (9),300,LITTLETON,2,Febrero,9,2022,15,50,US-302,2,US Highway,Rural,Colector Mayor,State Highway Agency,0,Sin jurisdiccion especial,0,44.30680556,-71.77349167,Peaton,El primer evento no fue una colision con un vehiculo automotor en transporte,Not an Intersection,No fue interseccion,Sobre calle,Ninguna,Dia total,Despejado,No,NO APLICA,15,51,99,98,1,09/02/2022,1
33,New Hampshire,330014,0,0,1,0,13,MERRIMACK (13),236,HOOKSETT,2,Febrero,9,2022,19,39,SR-3A,3,Highway estatal,Urbano,Colector Mayor,State Highway Agency,0,Sin jurisdiccion especial,0,43.107725,-71.47209167,Poste,El primer evento no fue una colision con un vehiculo automotor en transporte,Not an Intersection,No fue interseccion,Sobre el lado de la calle,Ninguna,Oscuro con iluminacion,Despejado,No,NO APLICA,19,39,19,50,2,09/02/2022,2
33,New Hampshire,330015,0,0,2,0,13,MERRIMACK (13),49,CHICHESTER,2,Febrero,23,2022,14,22,US-4,2,US Highway,Rural,Arteria Principal,State Highway Agency,1,Sin jurisdiccion especial,688,43.24470833,-71.44066389,Vehiculo en movimiento,Frente a frente,Not an Intersection,No fue interseccion,Sobre calle,Ninguna,Dia total,Despejado,No,NO APLICA,14,22,14,25,1,23/02/2022,2
33,New Hampshire,330016,0,0,1,0,11,HILLSBOROUGH (11),160,GOFFSTOWN,3,Marzo,16,2022,14,40,ELM ST,5,Calle Local - Pueblo,Urbano,Local,Town or Township Highway Agency,0,Sin jurisdiccion especial,0,43.01944167,-71.59233611,Banqueta,El primer evento no fue una colision con un vehiculo automotor en transporte,Not an Intersection,No fue interseccion,Sobre el lado de la calle,Ninguna,Dia total,Despejado,No,NO APLICA,14,40,99,98,1,16/03/2022,1
33,New Hampshire,330017,0,0,1,0,1,BELKNAP (1),3,ALTON,3,Marzo,15,2022,13,22,SR-28,3,Highway estatal,Rural,Arteria Menor,State Highway Agency,0,Sin jurisdiccion especial,0,43.51895556,-71.21270833,Arbol,El primer evento no fue una colision con un vehiculo automotor en transporte,Not an Intersection,No fue interseccion,Fuera de la calle,Ninguna,Dia total,Despejado,No,NO APLICA,13,28,13,34,1,15/03/2022,1
33,New Hampshire,330018,0,0,1,0,7,COOS (7),270,LANCASTER,3,Marzo,20,2022,16,40,US-2,2,US Highway,Rural,Arteria Principal,State Highway Agency,1,Sin jurisdiccion especial,14,44.49060278,-71.56997222,Otro objeto (fijo),El primer evento no fue una colision con un vehiculo automotor en transporte,Not an Intersection,No fue interseccion,Sobre el lado de la calle,Ninguna,Dia total,lluvia,No,NO APLICA,16,40,99,99,1,20/03/2022,1
33,New Hampshire,330019,0,0,1,0,3,CARROLL (3),80,CONWAY,3,Marzo,31,2022,0,15,SR-16,3,Highway estatal,Rural,Arteria Principal,State Highway Agency,1,Servicio de Parques Nacional,763,43.97865278,-71.11752778,Edificio,El primer evento no fue una colision con un vehiculo automotor en transporte,T-Intersection,Interseccion de T,Sobre el lado de la calle,Ninguna,Oscuro con iluminacion,Nublado,No,NO APLICA,0,16,0,26,1,31/03/2022,2
33,New Hampshire,330020,0,0,1,0,13,MERRIMACK (13),399,PEMBROKE,4,Abril,6,2022,15,30,US-3,2,US Highway,Urbano,Arteria Principal,State Highway Agency,1,Sin jurisdiccion especial,359,43.13294444,-71.44633889,Poste,El primer evento no fue una colision con un vehiculo automotor en transporte,Not an Intersection,No fue interseccion,Sobre el lado de la calle,Ninguna,Dia total,Nublado,No,NO APLICA,15,30,15,38,1,06/04/2022,1
33,New Hampshire,330021,0,0,2,1,13,MERRIMACK (13),390,NORTHFIELD,4,Abril,6,2022,19,41,BAY ST,5,Calle Local - Pueblo,Urbano,Local,Town or Township Highway Agency,0,Sin jurisdiccion especial,0,43.44001111,-71.58564444,Banqueta,El primer evento no fue una colision con un vehiculo automotor en transporte,Y-Intersection,Interseccion de Y,Sobre el lado de la calle,Ninguna,Atardecer,Despejado,No,NO APLICA,19,31,19,37,1,06/04/2022,1
33,New Hampshire,330022,0,0,1,0,17,STRAFFORD (17),140,FARMINGTON,4,Abril,10,2022,14,24,SR-75,3,Highway estatal,Rural,Colector Mayor,State Highway Agency,0,Sin jurisdiccion especial,0,43.38933889,-71.05505278,Acotamiento,El primer evento no fue una colision con un vehiculo automotor en transporte,Not an Intersection,No fue interseccion,Sobre el lado de la calle,Ninguna,Dia total,Despejado,No,NO APLICA,14,24,14,32,1,10/04/2022,1
33,New Hampshire,330023,2,2,1,0,11,HILLSBOROUGH (11),310,MANCHESTER,4,Abril,3,2022,20,41,GRANITE ST,6,Calle Local Municipalidad,Urbano,Local,Town or Township Highway Agency,0,Sin jurisdiccion especial,0,42.98689444,-71.46504444,Peaton,El primer evento no fue una colision con un vehiculo automotor en transporte,Not an Intersection,No fue interseccion,Sobre calle,Ninguna,Oscuro con iluminacion,lluvia,No,NO APLICA,20,41,20,46,1,03/04/2022,3
33,New Hampshire,330024,0,0,1,0,11,HILLSBOROUGH (11),350,NASHUA,4,Abril,9,2022,16,35,SR-101A,3,Highway estatal,Urbano,Arteria Principal,Town or Township Highway Agency,1,Sin jurisdiccion especial,105,42.79118889,-71.52017778,Banqueta,El primer evento no fue una colision con un vehiculo automotor en transporte,Not an Intersection,No fue interseccion,Sobre el lado de la calle,Ninguna,Atardecer,lluvia,No,NO APLICA,16,35,16,48,1,09/04/2022,1
33,New Hampshire,330025,0,0,1,0,13,MERRIMACK (13),70,CONCORD,5,Mayo,5,2022,22,29,SR-3A,3,Highway estatal,Urbano,Arteria Menor,Town or Township Highway Agency,0,Sin jurisdiccion especial,0,43.17808056,-71.53034722,Banqueta,El primer evento no fue una colision con un vehiculo automotor en transporte,Y-Intersection,Interseccion de Y,Sobre el lado de la calle,Ninguna,Oscuro con iluminacion,Despejado,No,NO APLICA,22,29,22,34,1,05/05/2022,1
33,New Hampshire,330026,0,0,2,0,15,ROCKINGHAM (15),252,KENSINGTON,5,Mayo,6,2022,21,40,SR-125,3,Highway estatal,Urbano,Arteria Principal,State Highway Agency,1,Sin jurisdiccion especial,98,42.93288611,-71.04426667,Vehiculo en movimiento,Frente a frente,Not an Intersection,No fue interseccion,Sobre calle,Ninguna,Oscuro sin iluminacion,Despejado,No,NO APLICA,21,35,21,57,1,06/05/2022,2
33,New Hampshire,330027,0,0,2,0,11,HILLSBOROUGH (11),5,ANTRIM,5,Mayo,2,2022,13,45,US-202,2,US Highway,Rural,Arteria Menor,State Highway Agency,0,Sin jurisdiccion especial,0,43.02018889,-71.93470833,Vehiculo en movimiento,Frente a frente,Not an Intersection,No fue interseccion,Sobre calle,Ninguna,Dia total,Despejado,No,NO APLICA,13,47,13,52,1,02/05/2022,2
33,New Hampshire,330028,0,0,1,0,17,STRAFFORD (17),440,ROCHESTER,4,Abril,24,2022,21,40,SR-125,3,Highway estatal,Urbano,Arteria Menor,State Highway Agency,0,Sin jurisdiccion especial,0,43.37266111,-70.98530278,Poste,El primer evento no fue una colision con un vehiculo automotor en transporte,Not an Intersection,No fue interseccion,Sobre el lado de la calle,Ninguna,Oscuro con iluminacion,Despejado,No,NO APLICA,21,39,21,49,1,24/04/2022,1
33,New Hampshire,330029,0,0,2,0,11,HILLSBOROUGH (11),310,MANCHESTER,4,Abril,24,2022,0,5,US-3,2,US Highway,Urbano,Arteria Principal,Town or Township Highway Agency,1,Sin jurisdiccion especial,238,42.98060556,-71.46299722,Vehiculo en movimiento,Angulo,T-Intersection,Interseccion de T,Sobre calle,Ninguna,Oscuro con iluminacion,Despejado,No,NO APLICA,0,6,0,10,1,24/04/2022,3
33,New Hampshire,330030,0,0,1,0,3,CARROLL (3),560,WOLFEBORO,5,Mayo,13,2022,21,16,SR-109,3,Highway estatal,Rural,Colector Mayor,State Highway Agency,0,Sin jurisdiccion especial,0,43.59353889,-71.23479722,Acotamiento,El primer evento no fue una colision con un vehiculo automotor en transporte,Not an Intersection,No fue interseccion,Sobre el lado de la calle,Ninguna,Oscuro - iluminacion desconocida,Despejado,No,NO APLICA,21,16,21,22,1,13/05/2022,1
33,New Hampshire,330031,0,0,2,0,15,ROCKINGHAM (15),176,GREENLAND STATION,5,Mayo,30,2022,23,25,I-95,1,Interestatal,Urbano,Interestatal,State Highway Agency,1,Sin jurisdiccion especial,100,43.01996111,-70.83036667,Vehiculo en movimiento,Frente a Detrás,Not an Intersection,No fue interseccion,Sobre calle,Ninguna,Oscuro sin iluminacion,Despejado,No,NO APLICA,23,26,23,31,1,30/05/2022,2
33,New Hampshire,330032,0,0,1,0,3,CARROLL (3),395,OSSIPEE,5,Mayo,23,2022,4,59,SR-25,3,Highway estatal,Rural,Arteria Menor,State Highway Agency,1,Sin jurisdiccion especial,0,43.81983889,-71.211775,Arbol,El primer evento no fue una colision con un vehiculo automotor en transporte,Not an Intersection,No fue interseccion,Sobre el lado de la calle,Ninguna,Oscuro sin iluminacion,Despejado,No,NO APLICA,4,59,5,8,1,23/05/2022,1
33,New Hampshire,330033,0,0,1,0,17,STRAFFORD (17),140,FARMINGTON,5,Mayo,25,2022,21,1,TEN ROD RD,5,Calle Local - Pueblo,Rural,Local,Town or Township Highway Agency,0,Sin jurisdiccion especial,0,43.34525278,-71.05279444,Poste,El primer evento no fue una colision con un vehiculo automotor en transporte,Not an Intersection,No fue interseccion,Sobre el lado de la calle,Ninguna,Oscuro sin iluminacion,Despejado,No,NO APLICA,21,2,21,10,1,25/05/2022,3
33,New Hampshire,330034,0,0,2,0,13,MERRIMACK (13),70,CONCORD,5,Mayo,6,2022,23,17,I-93,1,Interestatal,Urbano,Interestatal,State Highway Agency,1,Sin jurisdiccion especial,0,43.2586,-71.55026944,Vehiculo en movimiento,Frente a Detrás,Not an Intersection,No fue interseccion,Sobre calle,Ninguna,Oscuro sin iluminacion,Despejado,No,NO APLICA,23,17,23,27,1,06/05/2022,2
33,New Hampshire,330035,0,0,1,0,15,ROCKINGHAM (15),445,RYE,5,Mayo,18,2022,12,35,SOUTH RD,5,Calle Local - Pueblo,Rural,Local,Town or Township Highway Agency,0,Sin jurisdiccion especial,0,42.983025,-70.78987778,Muro,El primer evento no fue una colision con un vehiculo automotor en transporte,Not an Intersection,No fue interseccion,Sobre el lado de la calle,Ninguna,Dia total,Despejado,No,NO APLICA,12,35,12,44,1,18/05/2022,1
33,New Hampshire,330036,0,0,3,0,15,ROCKINGHAM (15),13,AUBURN,6,Junio,2,2022,8,52,SR-121,3,Highway estatal,Rural,Colector Mayor,State Highway Agency,0,Sin jurisdiccion especial,0,42.97363889,-71.31876667,Vehiculo en movimiento,Golpe Lateral - direccion contraria,Not an Intersection,No fue interseccion,Sobre calle,Ninguna,Dia total,Despejado,No,NO APLICA,8,52,8,58,1,02/06/2022,3
33,New Hampshire,330037,1,1,1,0,9,GRAFTON (9),120,ENFIELD,6,Junio,4,2022,17,16,SR-4A,3,Highway estatal,Urbano,Colector Mayor,State Highway Agency,0,Sin jurisdiccion especial,0,43.62244167,-72.14929722,Peaton,El primer evento no fue una colision con un vehiculo automotor en transporte,Not an Intersection,No fue interseccion,Sobre calle,Ninguna,Dia total,Despejado,No,NO APLICA,17,22,17,30,1,04/06/2022,1
33,New Hampshire,330038,0,0,1,0,5,CHESHIRE (5),437,RINDGE,6,Junio,6,2022,20,4,CATHEDRAL RD,5,Calle Local - Pueblo,Rural,Colector Menor,Town or Township Highway Agency,0,Sin jurisdiccion especial,0,42.77503056,-71.98517222,Poste,El primer evento no fue una colision con un vehiculo automotor en transporte,T-Intersection,Interseccion de T,Sobre el lado de la calle,Ninguna,Atardecer,Despejado,No,NO APLICA,20,4,99,98,1,06/06/2022,1
33,New Hampshire,330039,0,0,1,0,7,COOS (7),525,WEST STEWARTSTOWN,6,Junio,8,2022,15,59,US-3,2,US Highway,Rural,Arteria Menor,State Highway Agency,0,Sin jurisdiccion especial,0,44.97203333,-71.51619167,Acotamiento,El primer evento no fue una colision con un vehiculo automotor en transporte,Not an Intersection,No fue interseccion,Sobre el lado de la calle,Ninguna,Dia total,lluvia,No,NO APLICA,15,59,16,1,1,08/06/2022,1
33,New Hampshire,330040,0,0,1,0,9,GRAFTON (9),16,BETHLEHEM,5,Mayo,17,2022,21,55,I-93,1,Interestatal,Rural,Interestatal,State Highway Agency,1,Sin jurisdiccion especial,1224,44.29336389,-71.76428333,Arbol,El primer evento no fue una colision con un vehiculo automotor en transporte,Not an Intersection,No fue interseccion,Sobre el lado de la calle,Ninguna,Oscuro sin iluminacion,lluvia,No,NO APLICA,22,8,22,30,1,17/05/2022,1
33,New Hampshire,330041,0,0,2,1,13,MERRIMACK (13),124,EPSOM,4,Abril,15,2022,1,52,SR-28,3,Highway estatal,Rural,Arteria Menor,State Highway Agency,0,Sin jurisdiccion especial,0,43.23404167,-71.36160278,Vehiculo Aparcado,El primer evento no fue una colision con un vehiculo automotor en transporte,Not an Intersection,No fue interseccion,Sobre el lado de la calle,Ninguna,Oscuro con iluminacion,lluvia,No,NO APLICA,1,52,99,98,1,15/04/2022,1
33,New Hampshire,330042,1,1,1,0,11,HILLSBOROUGH (11),350,NASHUA,6,Junio,8,2022,22,47,EVERETT TPKE,8,Otro,Urbano,Arteria Principal,Other State Agency,1,Sin jurisdiccion especial,328,42.77446667,-71.49310278,Peaton,El primer evento no fue una colision con un vehiculo automotor en transporte,Not an Intersection,No fue interseccion,Sobre calle,Ninguna,Oscuro sin iluminacion,Despejado,No,NO APLICA,22,48,22,56,1,08/06/2022,1
33,New Hampshire,330043,0,0,1,0,11,HILLSBOROUGH (11),310,MANCHESTER,6,Junio,12,2022,20,9,I-293,1,Interestatal,Urbano,Interestatal,State Highway Agency,1,Sin jurisdiccion especial,70,42.99653056,-71.47089444,Valla Ferrocarril,El primer evento no fue una colision con un vehiculo automotor en transporte,Not an Intersection,No fue interseccion,Sobre el lado de la calle,Ninguna,Atardecer,Despejado,No,NO APLICA,20,10,20,14,1,12/06/2022,1
33,New Hampshire,330044,0,0,1,0,13,MERRIMACK (13),23,BOW,6,Junio,14,2022,23,4,I-93,1,Interestatal,Urbano,Interestatal,Other State Agency,1,Sin jurisdiccion especial,316,43.11294444,-71.47860556,Arbol,El primer evento no fue una colision con un vehiculo automotor en transporte,Not an Intersection,No fue interseccion,Sobre el lado de la calle,Ninguna,Oscuro sin iluminacion,Despejado,No,NO APLICA,23,6,23,22,1,14/06/2022,2