Estado,Nombre de Estado,Numero de Caso,Peatones,Personas _no_vehiculos,Vehiculos automotores,Vehiculos estacionados,Condado,Nombre Condado,Ciudad,Nombre Ciudad,Mes,Nombre Mes,Dia,Año,Hora,Minuto,Calle,Ruta,Nombre Ruta,Rural o Urbanoo,Sistema Funcional,Dueño Calle,Sistema Nacional Carreteras,Jurisdiccion Especial,Milla,Latitud,Longitud,Causa del Accidente,Tipo de Accidente,Tipo Interseccion,Columna1,Lugar en la calle,Zona de Trabajo,Luz,Clima,Autobus Escolar,Cruce de Trenes,Hora Notificacion,Minuto Notificacion,Hora Llegada,Minuto Llegada,Decesos,Fecha,PersonaVehiculo
33,New Hampshire,330045,0,0,3,0,3,CARROLL (3),346,MOULTONBOROUGH,6,Junio,15,2022,13,41,SR-109,3,Highway estatal,Rural,Colector Mayor,State Highway Agency,0,Sin jurisdiccion especial,0,43.73783056,-71.35559444,Vehiculo en movimiento,Golpe Lateral - misma direccion,Not an Intersection,No fue interseccion,Sobre calle,Ninguna,Dia total,Despejado,No,NO APLICA,13,41,13,52,1,15/06/2022,4
33,New Hampshire,330046,0,0,2,0,1,BELKNAP (1),260,LACONIA,6,Junio,16,2022,18,44,US-3,2,US Highway,Urbano,Arteria Menor,Town or Township Highway Agency,1,Sin jurisdiccion especial,0,43.58673889,-71.45677222,Vehiculo en movimiento,Frente a frente,Not an Intersection,No fue interseccion,Sobre calle,Ninguna,Dia total,Nublado,No,NO APLICA,18,44,18,52,1,16/06/2022,3
33,New Hampshire,330047,0,0,1,0,3,CARROLL (3),395,OSSIPEE,6,Junio,16,2022,11,50,ELM ST,5,Calle Local - Pueblo,Rural,Local,Town or Township Highway Agency,0,Sin jurisdiccion especial,0,43.70746111,-71.11253611,Poste,El primer evento no fue una colision con un vehiculo automotor en transporte,Y-Intersection,Interseccion de Y,Sobre el lado de la calle,Ninguna,Dia total,Despejado,No,NO APLICA,11,48,12,9,1,16/06/2022,1
33,New Hampshire,330048,0,0,2,0,1,BELKNAP (1),260,LACONIA,6,Junio,17,2022,19,27,ROLLER COASTER RD,5,Calle Local - Pueblo,Rural,Local,Town or Township Highway Agency,0,Sin jurisdiccion especial,0,43.61066389,-71.49732222,Vehiculo en movimiento,Angulo,Not an Intersection,No fue interseccion,Sobre calle,Ninguna,Dia total,Despejado,No,NO APLICA,19,27,19,30,1,17/06/2022,3
33,New Hampshire,330049,0,0,2,0,15,ROCKINGHAM (15),85,DERRY VILLAGE,6,Junio,18,2022,4,45,E DERRY RD,5,Calle Local - Pueblo,Urbano,Local,Town or Township Highway Agency,0,Sin jurisdiccion especial,0,42.89503056,-71.29871389,Vehiculo en movimiento,Frente a frente,Not an Intersection,No fue interseccion,Sobre calle,Ninguna,Amanecer,Despejado,No,NO APLICA,4,45,4,50,1,18/06/2022,3
33,New Hampshire,330050,0,0,1,0,9,GRAFTON (9),233,HOLDERNESS,6,Junio,15,2022,0,37,I-93 RAMP,1,Interestatal,Rural,Interestatal,State Highway Agency,1,Sin jurisdiccion especial,3,43.76228889,-71.67836111,Suelo,El primer evento no fue una colision con un vehiculo automotor en transporte,Not an Intersection,No fue interseccion,Sobre el lado de la calle,Ninguna,Oscuro con iluminacion,Despejado,No,NO APLICA,0,32,0,42,1,15/06/2022,1
33,New Hampshire,330051,0,0,1,0,9,GRAFTON (9),300,LITTLETON,6,Junio,21,2022,11,12,I-93,1,Interestatal,Rural,Interestatal,State Highway Agency,1,Sin jurisdiccion especial,1316,44.34168611,-71.89044722,Arbol,El primer evento no fue una colision con un vehiculo automotor en transporte,Not an Intersection,No fue interseccion,En el medio,Ninguna,Dia total,Despejado,No,NO APLICA,11,13,11,22,1,21/06/2022,1
33,New Hampshire,330052,0,0,2,0,15,ROCKINGHAM (15),417,PLAISTOW,6,Junio,21,2022,16,48,SR-125,3,Highway estatal,Urbano,Arteria Principal,State Highway Agency,1,Sin jurisdiccion especial,2,42.81801944,-71.10333056,Vehiculo en movimiento,Angulo,Not an Intersection,No fue interseccion,Sobre calle,Ninguna,Dia total,Despejado,No,NO APLICA,16,59,99,99,1,21/06/2022,2
33,New Hampshire,330053,0,0,1,0,11,HILLSBOROUGH (11),19,BENNINGTON,6,Junio,3,2022,21,57,SR-47,3,Highway estatal,Rural,Colector Menor,State Highway Agency,0,Sin jurisdiccion especial,0,43.01296389,-71.87601111,Arbol,El primer evento no fue una colision con un vehiculo automotor en transporte,Not an Intersection,No fue interseccion,Sobre el lado de la calle,Ninguna,Oscuro sin iluminacion,Despejado,No,NO APLICA,21,58,22,15,1,03/06/2022,1
33,New Hampshire,330054,0,0,2,0,15,ROCKINGHAM (15),391,NORTH HAMPTON,6,Junio,25,2022,15,45,SR-111,3,Highway estatal,Urbano,Colector Mayor,State Highway Agency,0,Sin jurisdiccion especial,0,42.96375556,-70.79721944,Vehiculo en movimiento,Angulo,Four-Way Intersection,Interseccion de 4 direcciones,Sobre calle,Ninguna,Dia total,Despejado,No,NO APLICA,15,12,15,17,1,25/06/2022,3
33,New Hampshire,330055,1,1,1,0,17,STRAFFORD (17),90,DOVER,6,Junio,26,2022,10,27,ORCHARD ST,6,Calle Local Municipalidad,Urbano,Colector Mayor,Town or Township Highway Agency,0,Sin jurisdiccion especial,0,43.19558333,-70.87672778,Peaton,El primer evento no fue una colision con un vehiculo automotor en transporte,T-Intersection,Interseccion de T,Sobre calle,Ninguna,Dia total,Despejado,No,NO APLICA,10,28,10,32,1,26/06/2022,1
33,New Hampshire,330056,0,0,1,0,1,BELKNAP (1),461,SANBORNTON,6,Junio,17,2022,12,58,I-93,1,Interestatal,Rural,Interestatal,State Highway Agency,1,Sin jurisdiccion especial,611,43.50748611,-71.61715,Volcadura,El primer evento no fue una colision con un vehiculo automotor en transporte,Not an Intersection,No fue interseccion,En el medio,Ninguna,Dia total,Despejado,No,NO APLICA,13,1,13,13,1,17/06/2022,1
33,New Hampshire,330057,0,0,1,0,17,STRAFFORD (17),481,STRAFFORD,6,Junio,23,2022,1,22,CROWN POINT RD,5,Calle Local - Pueblo,Rural,Local,State Highway Agency,0,Sin jurisdiccion especial,0,43.29396944,-71.07156389,Valla Ferrocarril,El primer evento no fue una colision con un vehiculo automotor en transporte,Not an Intersection,No fue interseccion,Sobre el lado de la calle,Ninguna,Oscuro sin iluminacion,Despejado,No,NO APLICA,1,22,1,38,1,23/06/2022,2
33,New Hampshire,330058,0,0,1,0,7,COOS (7),431,RANDOLPH,7,Julio,3,2022,21,56,US-2,2,US Highway,Rural,Arteria Principal,State Highway Agency,1,Sin jurisdiccion especial,176,44.36476667,-71.32797778,Volcadura,El primer evento no fue una colision con un vehiculo automotor en transporte,Not an Intersection,No fue interseccion,Sobre el lado de la calle,Ninguna,Oscuro sin iluminacion,Despejado,No,NO APLICA,21,59,99,98,1,03/07/2022,1
33,New Hampshire,330059,1,1,1,0,11,HILLSBOROUGH (11),205,HANCOCK,7,Julio,10,2022,10,15,US-202,2,US Highway,Rural,Arteria Menor,State Highway Agency,0,Sin jurisdiccion especial,0,42.97386111,-71.94401667,Ciclista,El primer evento no fue una colision con un vehiculo automotor en transporte,T-Intersection,Interseccion de T,Sobre calle,Ninguna,Dia total,Despejado,No,NO APLICA,10,18,10,20,1,10/07/2022,1
33,New Hampshire,330060,0,0,1,0,15,ROCKINGHAM (15),153,FREMONT,7,Julio,3,2022,1,22,SANDOWN RD,5,Calle Local - Pueblo,Rural,Local,Town or Township Highway Agency,0,Sin jurisdiccion especial,0,42.98411667,-71.14215833,Arbol,El primer evento no fue una colision con un vehiculo automotor en transporte,Not an Intersection,No fue interseccion,Sobre el lado de la calle,Ninguna,Oscuro sin iluminacion,Despejado,No,NO APLICA,1,22,99,98,1,03/07/2022,1
33,New Hampshire,330061,0,0,2,0,17,STRAFFORD (17),440,ROCHESTER,7,Julio,19,2022,15,57,WASHINGTON ST,6,Calle Local Municipalidad,Urbano,Arteria Menor,State Highway Agency,0,Sin jurisdiccion especial,0,43.29714444,-70.99243333,Vehiculo en movimiento,Angulo,Not an Intersection,No fue interseccion,Sobre calle,Ninguna,Dia total,Despejado,No,NO APLICA,15,57,16,5,1,19/07/2022,3
33,New Hampshire,330062,0,0,1,0,1,BELKNAP (1),3,ALTON,7,Julio,22,2022,17,45,SR-28,3,Highway estatal,Rural,Arteria Menor,State Highway Agency,0,Sin jurisdiccion especial,0,43.413925,-71.204625,Poste o otros soportes,El primer evento no fue una colision con un vehiculo automotor en transporte,Not an Intersection,No fue interseccion,Sobre el lado de la calle,Ninguna,Dia total,Despejado,No,NO APLICA,18,12,99,98,1,22/07/2022,1
33,New Hampshire,330063,0,0,2,0,13,MERRIMACK (13),124,EPSOM,1,Enero,3,2022,15,31,US-4,2,US Highway,Rural,Arteria Principal,State Highway Agency,1,Sin jurisdiccion especial,750,43.22178333,-71.32701944,Vehiculo en movimiento,Frente a frente,Not an Intersection,No fue interseccion,Sobre calle,Ninguna,Atardecer,Nublado,No,NO APLICA,15,31,15,54,1,03/01/2022,2
33,New Hampshire,330064,0,0,2,0,9,GRAFTON (9),280,LEBANON,7,Julio,21,2022,13,0,I-89,1,Interestatal,Urbano,Interestatal,State Highway Agency,1,Sin jurisdiccion especial,566,43.649575,-72.2508,Vehiculo en movimiento,Frente a Detrás,Not an Intersection,No fue interseccion,Sobre calle,Ninguna,Dia total,lluvia,No,NO APLICA,13,10,13,13,1,21/07/2022,2
33,New Hampshire,330065,0,0,2,0,5,CHESHIRE (5),141,FITZWILLIAM,7,Julio,31,2022,13,40,SR-12,3,Highway estatal,Rural,Arteria Principal,State Highway Agency,1,Sin jurisdiccion especial,27,42.74912222,-72.10249167,Vehiculo en movimiento,Angulo,Not an Intersection,No fue interseccion,Sobre calle,Ninguna,Dia total,Despejado,No,NO APLICA,13,41,13,55,1,31/07/2022,2
33,New Hampshire,330066,0,0,1,0,17,STRAFFORD (17),281,LEE,4,Abril,3,2022,7,33,SR-152,3,Highway estatal,Rural,Colector Mayor,State Highway Agency,0,Sin jurisdiccion especial,0,43.08240278,-70.99276944,Arbol,El primer evento no fue una colision con un vehiculo automotor en transporte,Not an Intersection,No fue interseccion,Sobre el lado de la calle,Ninguna,Oscuro sin iluminacion,Nublado,No,NO APLICA,7,33,99,98,1,03/04/2022,1
33,New Hampshire,330067,1,1,1,0,19,SULLIVAN (19),479,SUNAPEE,7,Julio,7,2022,12,36,SR-103,3,Highway estatal,Rural,Colector Mayor,State Highway Agency,0,Sin jurisdiccion especial,0,43.35775,-72.11895833,Ciclista,El primer evento no fue una colision con un vehiculo automotor en transporte,Not an Intersection,No fue interseccion,Sobre Acotamiento,Ninguna,Dia total,Despejado,No,NO APLICA,13,24,13,24,1,07/07/2022,1
33,New Hampshire,330068,0,0,2,0,11,HILLSBOROUGH (11),310,MANCHESTER,6,Junio,6,2022,0,56,I-93,1,Interestatal,Urbano,Interestatal,State Highway Agency,1,Sin jurisdiccion especial,204,42.98329444,-71.41533889,Vehiculo en movimiento,Golpe Lateral - misma direccion,Not an Intersection,No fue interseccion,Sobre calle,Ninguna,Oscuro sin iluminacion,Nublado,No,NO APLICA,0,57,1,5,1,06/06/2022,3
33,New Hampshire,330069,0,0,3,0,15,ROCKINGHAM (15),176,GREENLAND STATION,7,Julio,22,2022,14,16,SR-33,3,Highway estatal,Urbano,Arteria Menor,State Highway Agency,0,Sin jurisdiccion especial,0,43.044425,-70.81925,Vehiculo en movimiento,Angulo,Four-Way Intersection,Interseccion de 4 direcciones,Sobre calle,Ninguna,Dia total,Despejado,No,NO APLICA,14,16,14,22,2,22/07/2022,4
33,New Hampshire,330070,0,0,5,0,11,HILLSBOROUGH (11),350,NASHUA,4,Abril,8,2022,10,50,EVERETT TPKE,8,Otro,Urbano,Arterial Principal -Freeway o ExpressWay,Other State Agency,1,Sin jurisdiccion especial,34,42.73610278,-71.478525,Vehiculo en movimiento,Frente a frente,Not an Intersection,No fue interseccion,Sobre calle,Ninguna,Dia total,Despejado,No,NO APLICA,11,1,11,5,1,08/04/2022,8
33,New Hampshire,330071,0,0,2,0,5,CHESHIRE (5),522,WESTMORELAND,8,Agosto,12,2022,15,40,SR-12,3,Highway estatal,Rural,Arteria Menor,State Highway Agency,0,Sin jurisdiccion especial,99998,42.99048889,-72.42937778,Vehiculo en movimiento,Frente a frente,Not an Intersection,No fue interseccion,Sobre calle,Ninguna,Dia total,Despejado,No,NO APLICA,15,43,15,57,1,12/08/2022,3
33,New Hampshire,330072,0,0,2,0,19,SULLIVAN (19),50,CLAREMONT,8,Agosto,12,2022,8,48,SR-12A,3,Highway estatal,Rural,Arteria Menor,State Highway Agency,0,Sin jurisdiccion especial,0,43.37144722,-72.38525278,Vehiculo en movimiento,Frente a frente,Not an Intersection,No fue interseccion,Sobre calle,Ninguna,Dia total,Despejado,No,NO APLICA,8,48,9,2,1,12/08/2022,2
33,New Hampshire,330073,0,0,1,0,9,GRAFTON (9),504,WARREN,8,Agosto,14,2022,19,7,SR-25,3,Highway estatal,Rural,Arteria Menor,State Highway Agency,0,Sin jurisdiccion especial,0,44.02445833,-71.96498611,Volcadura,El primer evento no fue una colision con un vehiculo automotor en transporte,Not an Intersection,No fue interseccion,Fuera de la calle,Ninguna,Atardecer,Despejado,No,NO APLICA,19,35,19,45,1,14/08/2022,1
33,New Hampshire,330074,0,0,1,0,11,HILLSBOROUGH (11),234,HOLLIS,8,Agosto,16,2022,9,23,SR-122,3,Highway estatal,Rural,Colector Mayor,State Highway Agency,0,Sin jurisdiccion especial,0,42.78225278,-71.60211944,Arbol,El primer evento no fue una colision con un vehiculo automotor en transporte,Not an Intersection,No fue interseccion,Sobre el lado de la calle,Ninguna,Dia total,Despejado,No,NO APLICA,9,23,9,30,1,16/08/2022,1
33,New Hampshire,330075,0,0,3,0,3,CARROLL (3),1,ALBANY,8,Agosto,19,2022,17,19,SR-16,3,Highway estatal,Rural,Arteria Principal,State Highway Agency,1,Sin jurisdiccion especial,722,43.9597,-71.18326667,Vehiculo en movimiento,Frente a Detrás,Not an Intersection,No fue interseccion,Sobre calle,Ninguna,Atardecer,Despejado,No,NO APLICA,17,20,17,30,1,19/08/2022,7
33,New Hampshire,330076,0,0,1,0,9,GRAFTON (9),300,LITTLETON,8,Agosto,22,2022,9,59,I-93,1,Interestatal,Rural,Interestatal,State Highway Agency,1,Sin jurisdiccion especial,1242,44.30286389,-71.7932,Volcadura,El primer evento no fue una colision con un vehiculo automotor en transporte,Not an Intersection,No fue interseccion,Sobre calle,Ninguna,Dia total,Despejado,No,NO APLICA,10,0,10,9,1,22/08/2022,1
33,New Hampshire,330077,0,0,1,0,11,HILLSBOROUGH (11),11,AMHERST,8,Agosto,23,2022,14,30,BOSTON POST RD,5,Calle Local - Pueblo,Urbano,Colector Mayor,Town or Township Highway Agency,0,Sin jurisdiccion especial,0,42.84221944,-71.59585278,Arbol,El primer evento no fue una colision con un vehiculo automotor en transporte,Not an Intersection,No fue interseccion,Sobre el lado de la calle,Ninguna,Dia total,Nublado,No,NO APLICA,14,30,14,39,1,23/08/2022,1
33,New Hampshire,330078,0,0,1,0,9,GRAFTON (9),9997,Other,8,Agosto,31,2022,4,29,SR-118,3,Highway estatal,Rural,Colector Mayor,State Highway Agency,0,Sin jurisdiccion especial,0,43.73766389,-71.94793056,Zanja,El primer evento no fue una colision con un vehiculo automotor en transporte,Not an Intersection,No fue interseccion,Sobre el lado de la calle,Ninguna,Oscuro sin iluminacion,lluvia,No,NO APLICA,4,35,4,43,1,31/08/2022,1
33,New Hampshire,330079,0,0,2,0,11,HILLSBOROUGH (11),400,PETERBOROUGH,9,Septiembre,1,2022,20,38,SR-101,3,Highway estatal,Rural,Arteria Principal,State Highway Agency,1,Sin jurisdiccion especial,0,42.87833056,-71.98856111,Vehiculo en movimiento,Angulo,Not an Intersection,No fue interseccion,Sobre calle,Ninguna,Atardecer,Despejado,No,NO APLICA,20,38,21,13,1,01/09/2022,4
33,New Hampshire,330080,0,0,1,0,3,CARROLL (3),309,MADISON,8,Agosto,21,2022,15,47,SR-16,3,Highway estatal,Rural,Arteria Principal,State Highway Agency,1,Sin jurisdiccion especial,0,43.95985278,-71.15082778,Volcadura,El primer evento no fue una colision con un vehiculo automotor en transporte,Not an Intersection,No fue interseccion,Sobre calle,Ninguna,Dia total,Despejado,No,NO APLICA,15,48,15,51,3,21/08/2022,8
33,New Hampshire,330081,0,0,1,0,17,STRAFFORD (17),9997,Other,8,Agosto,27,2022,16,30,BLACKWATER RD,6,Calle Local Municipalidad,Urbano,Colector Mayor,Town or Township Highway Agency,0,Sin jurisdiccion especial,0,43.26583611,-70.95733889,Arbol,El primer evento no fue una colision con un vehiculo automotor en transporte,Not an Intersection,No fue interseccion,Sobre el lado de la calle,Ninguna,Dia total,Despejado,No,NO APLICA,16,23,16,30,1,27/08/2022,1
33,New Hampshire,330082,0,0,2,0,15,ROCKINGHAM (15),430,PORTSMOUTH,9,Septiembre,3,2022,22,19,LANG RD,5,Calle Local - Pueblo,Urbano,Local,Town or Township Highway Agency,0,Sin jurisdiccion especial,0,43.01725833,-70.77491944,Volcadura,El primer evento no fue una colision con un vehiculo automotor en transporte,Not an Intersection,No fue interseccion,Sobre calle,Ninguna,Oscuro con iluminacion,Despejado,No,NO APLICA,22,19,22,23,1,03/09/2022,2
33,New Hampshire,330083,0,0,2,0,13,MERRIMACK (13),236,HOOKSETT,9,Septiembre,11,2022,17,7,HACKETT HILL RD,5,Calle Local - Pueblo,Rural,Colector Menor,Town or Township Highway Agency,0,Sin jurisdiccion especial,0,43.07901389,-71.47896389,Vehiculo en movimiento,Frente a frente,Not an Intersection,No fue interseccion,Sobre calle,Ninguna,Atardecer,Despejado,No,NO APLICA,17,26,99,98,1,11/09/2022,2
33,New Hampshire,330084,0,0,2,0,15,ROCKINGHAM (15),25,BRENTWOOD,9,Septiembre,10,2022,14,47,SR-125,3,Highway estatal,Urbano,Arteria Principal,State Highway Agency,1,Sin jurisdiccion especial,0,42.96311111,-71.06325556,Vehiculo en movimiento,Angulo,Four-Way Intersection,Interseccion de 4 direcciones,Sobre calle,Ninguna,Dia total,Despejado,No,NO APLICA,14,47,14,59,1,10/09/2022,2
33,New Hampshire,330085,0,0,3,0,17,STRAFFORD (17),443,ROLLINSFORD,9,Septiembre,4,2022,20,30,SR-4,3,Highway estatal,Urbano,Arteria Menor,State Highway Agency,0,Sin jurisdiccion especial,0,77.7777,777.7777,Vehiculo en movimiento,Angulo,Not an Intersection,No fue interseccion,Sobre calle,Ninguna,Oscuro sin iluminacion,Despejado,No,NO APLICA,20,30,20,39,4,04/09/2022,5
33,New Hampshire,330086,0,0,2,0,3,CARROLL (3),80,CONWAY,9,Septiembre,5,2022,5,19,US-302,2,US Highway,Rural,Arteria Principal,State Highway Agency,1,Sin jurisdiccion especial,0,43.99177778,-71.04605556,Vehiculo en movimiento,Frente a frente,Not an Intersection,No fue interseccion,Sobre calle,Ninguna,Oscuro sin iluminacion,lluvia,No,NO APLICA,5,19,5,27,1,05/09/2022,2
33,New Hampshire,330087,0,0,1,0,17,STRAFFORD (17),481,STRAFFORD,9,Septiembre,16,2022,16,49,SR-126,3,Highway estatal,Rural,Colector Menor,State Highway Agency,0,Sin jurisdiccion especial,0,43.25204167,-71.09123333,Suelo,El primer evento no fue una colision con un vehiculo automotor en transporte,Not an Intersection,No fue interseccion,Sobre el lado de la calle,Ninguna,Dia total,Despejado,No,NO APLICA,16,49,16,53,1,16/09/2022,1
33,New Hampshire,330088,0,0,2,0,13,MERRIMACK (13),399,PEMBROKE,9,Septiembre,18,2022,11,35,N PEMBROKE RD,5,Calle Local - Pueblo,Rural,Colector Menor,Town or Township Highway Agency,0,Sin jurisdiccion especial,0,43.21416667,-71.45803611,Vehiculo en movimiento,Angulo,Four-Way Intersection,Interseccion de 4 direcciones,Sobre calle,Ninguna,Dia total,Despejado,No,NO APLICA,11,35,11,46,1,18/09/2022,3
33,New Hampshire,330089,0,0,1,0,17,STRAFFORD (17),440,ROCHESTER,9,Septiembre,17,2022,20,26,US-202,2,US Highway,Urbano,Arteria Principal,Other State Agency,1,Sin jurisdiccion especial,0,43.32714167,-70.98256111,Banqueta,El primer evento no fue una colision con un vehiculo automotor en transporte,Not an Intersection,No fue interseccion,En el medio,Ninguna,Dia total,Despejado,No,NO APLICA,20,29,20,34,1,17/09/2022,2
33,New Hampshire,330090,0,0,1,0,11,HILLSBOROUGH (11),18,BEDFORD,9,Septiembre,28,2022,18,51,EVERETT TPKE,8,Otro,Urbano,Arterial Principal -Freeway o ExpressWay,Other State Agency,1,Sin jurisdiccion especial,0,42.91369722,-71.46735,Volcadura,El primer evento no fue una colision con un vehiculo automotor en transporte,Not an Intersection,No fue interseccion,Sobre el lado de la calle,Ninguna,Oscuro con iluminacion,Despejado,No,NO APLICA,18,53,19,1,1,28/09/2022,1
33,New Hampshire,330091,0,0,2,0,1,BELKNAP (1),260,LACONIA,9,Septiembre,28,2022,18,30,SR-11B,3,Highway estatal,Rural,Colector Mayor,State Highway Agency,0,Sin jurisdiccion especial,0,43.59600556,-71.43078611,Vehiculo en movimiento,Frente a frente,Not an Intersection,No fue interseccion,Sobre calle,Ninguna,Atardecer,Despejado,No,NO APLICA,18,25,18,31,1,28/09/2022,2
33,New Hampshire,330092,0,0,1,0,9,GRAFTON (9),28,BATH,8,Agosto,6,2022,15,56,RIVER RD,5,Calle Local - Pueblo,Rural,Local,Town or Township Highway Agency,0,Sin jurisdiccion especial,0,44.14971389,-72.01073889,Arbol,El primer evento no fue una colision con un vehiculo automotor en transporte,Not an Intersection,No fue interseccion,Sobre el lado de la calle,Ninguna,Dia total,Despejado,No,NO APLICA,15,58,16,4,1,06/08/2022,2
33,New Hampshire,330093,0,0,2,0,11,HILLSBOROUGH (11),509,WEARE,9,Septiembre,29,2022,15,35,SR-77,3,Highway estatal,Rural,Arteria Menor,State Highway Agency,0,Sin jurisdiccion especial,0,43.06231111,-71.71621389,Vehiculo en movimiento,Frente a frente,Not an Intersection,No fue interseccion,Sobre calle,Ninguna,Dia total,Despejado,No,NO APLICA,15,35,15,39,1,29/09/2022,2
33,New Hampshire,330094,0,0,2,0,11,HILLSBOROUGH (11),240,HUDSON,10,Octubre,2,2022,12,15,WASON RD,5,Calle Local - Pueblo,Urbano,Colector Mayor,Town or Township Highway Agency,0,Sin jurisdiccion especial,0,42.73235556,-71.41118056,Volcadura,El primer evento no fue una colision con un vehiculo automotor en transporte,Not an Intersection,No fue interseccion,Sobre calle,Ninguna,Dia total,Despejado,No,NO APLICA,12,15,12,22,1,02/10/2022,3
33,New Hampshire,330095,0,0,2,0,15,ROCKINGHAM (15),466,SEABROOK,4,Abril,4,2022,6,44,SR-286,3,Highway estatal,Urbano,Colector Mayor,State Highway Agency,0,Sin jurisdiccion especial,0,42.87100833,-70.82548056,Vehiculo en movimiento,Frente a Detrás,Not an Intersection,No fue interseccion,Sobre calle,Ninguna,Dia total,Despejado,No,NO APLICA,6,44,6,48,1,04/04/2022,2
33,New Hampshire,330096,0,0,2,0,13,MERRIMACK (13),23,BOW,10,Octubre,13,2022,6,30,I-93,1,Interestatal,Rural,Interestatal,State Highway Agency,1,Sin jurisdiccion especial,346,43.14553333,-71.50034722,Vehiculo en movimiento,Frente a Detrás,Not an Intersection,No fue interseccion,Sobre calle,Ninguna,Dia total,Nublado,No,NO APLICA,6,33,6,38,1,13/10/2022,2
33,New Hampshire,330097,0,0,2,0,13,MERRIMACK (13),124,EPSOM,7,Julio,11,2022,22,19,SR-28,3,Highway estatal,Rural,Arteria Menor,State Highway Agency,0,Sin jurisdiccion especial,0,43.27916667,-71.36443056,Vehiculo en movimiento,Frente a frente,Not an Intersection,No fue interseccion,Sobre calle,Ninguna,Oscuro sin iluminacion,Despejado,No,NO APLICA,22,19,22,26,1,11/07/2022,2
33,New Hampshire,330098,1,1,2,0,19,SULLIVAN (19),40,CHARLESTOWN,10,Octubre,20,2022,20,33,SR-12,3,Highway estatal,Rural,Arteria Menor,State Highway Agency,0,Sin jurisdiccion especial,0,43.21940556,-72.42549722,Peaton,El primer evento no fue una colision con un vehiculo automotor en transporte,Not an Intersection,No fue interseccion,Sobre calle,Ninguna,Oscuro sin iluminacion,Despejado,No,NO APLICA,20,33,20,51,1,20/10/2022,1
33,New Hampshire,330099,0,0,1,0,19,SULLIVAN (19),50,CLAREMONT,10,Octubre,27,2022,17,48,SR-12,3,Highway estatal,Urbano,Arteria Menor,State Highway Agency,1,Sin jurisdiccion especial,0,43.38130833,-72.35383889,Suelo,El primer evento no fue una colision con un vehiculo automotor en transporte,Not an Intersection,No fue interseccion,Sobre el lado de la calle,Ninguna,Oscuro sin iluminacion,Despejado,No,NO APLICA,17,48,17,55,1,27/10/2022,1
33,New Hampshire,330100,1,1,1,0,15,ROCKINGHAM (15),448,SALEM,10,Octubre,29,2022,21,17,SR-97,3,Highway estatal,Urbano,Arteria Menor,Town or Township Highway Agency,0,Sin jurisdiccion especial,0,42.78934444,-71.20023333,Peaton,El primer evento no fue una colision con un vehiculo automotor en transporte,Not an Intersection,No fue interseccion,Sobre calle,Ninguna,Oscuro con iluminacion,Despejado,No,NO APLICA,21,17,99,99,1,29/10/2022,2
33,New Hampshire,330101,0,0,2,0,15,ROCKINGHAM (15),478,STRATHAM,10,Octubre,19,2022,10,59,SR-108,3,Highway estatal,Urbano,Arteria Menor,State Highway Agency,0,Sin jurisdiccion especial,0,43.00707222,-70.91932778,Vehiculo en movimiento,Angulo,Not an Intersection,No fue interseccion,Sobre calle,Ninguna,Dia total,Despejado,No,NO APLICA,10,59,11,9,1,19/10/2022,2
33,New Hampshire,330102,0,0,1,0,3,CARROLL (3),476,SOUTH EFFINGHAM,10,Octubre,16,2022,21,2,GREEN MOUNTAIN RD,5,Calle Local - Pueblo,Rural,Local,Town or Township Highway Agency,0,Sin jurisdiccion especial,0,43.78538889,-71.065975,Muro,El primer evento no fue una colision con un vehiculo automotor en transporte,Not an Intersection,No fue interseccion,Sobre el lado de la calle,Ninguna,Oscuro sin iluminacion,Despejado,No,NO APLICA,21,2,21,11,1,16/10/2022,1
33,New Hampshire,330103,0,0,1,0,17,STRAFFORD (17),481,STRAFFORD,10,Octubre,24,2022,8,57,SR-126,3,Highway estatal,Rural,Colector Menor,State Highway Agency,0,Sin jurisdiccion especial,0,43.25874722,-71.103925,Poste,El primer evento no fue una colision con un vehiculo automotor en transporte,Not an Intersection,No fue interseccion,Sobre el lado de la calle,Ninguna,Dia total,Nublado,No,NO APLICA,8,57,99,98,1,24/10/2022,1
33,New Hampshire,330104,1,1,1,0,1,BELKNAP (1),260,LACONIA,10,Octubre,31,2022,11,44,SR-106,3,Highway estatal,Urbano,Arteria Menor,Town or Township Highway Agency,0,Sin jurisdiccion especial,0,43.52929167,-71.47083889,Peaton,El primer evento no fue una colision con un vehiculo automotor en transporte,Four-Way Intersection,Interseccion de 4 direcciones,Sobre calle,Ninguna,Dia total,Despejado,No,NO APLICA,11,44,11,48,1,31/10/2022,1
33,New Hampshire,330105,1,1,1,0,3,CARROLL (3),15,BARTLETT,7,Julio,30,2022,1,31,SR-16,3,Highway estatal,Rural,Arteria Principal,State Highway Agency,1,Sin jurisdiccion especial,0,44.119675,-71.18601111,Peaton,El primer evento no fue una colision con un vehiculo automotor en transporte,Not an Intersection,No fue interseccion,Sobre calle,Ninguna,Oscuro sin iluminacion,Nublado,No,NO APLICA,1,31,1,40,1,30/07/2022,1
33,New Hampshire,330106,0,0,1,0,11,HILLSBOROUGH (11),310,MANCHESTER,11,Noviembre,1,2022,20,52,W WEBSTER ST,6,Calle Local Municipalidad,Urbano,Colector Mayor,Town or Township Highway Agency,0,Sin jurisdiccion especial,0,43.00633611,-71.46579167,Arbol,El primer evento no fue una colision con un vehiculo automotor en transporte,Not an Intersection,No fue interseccion,Sobre el lado de la calle,Ninguna,Oscuro con iluminacion,Despejado,No,NO APLICA,20,52,20,55,1,01/11/2022,1