Estado,Nombre de Estado,Numero de Caso,Peatones,Personas _no_vehiculos,Vehiculos automotores,Vehiculos estacionados,Condado,Nombre Condado,Ciudad,Nombre Ciudad,Mes,Nombre Mes,Dia,Año,Hora,Minuto,Calle,Ruta,Nombre Ruta,Rural o Urbanoo,Sistema Funcional,Dueño Calle,Sistema Nacional Carreteras,Jurisdiccion Especial,Milla,Latitud,Longitud,Causa del Accidente,Tipo de Accidente,Tipo Interseccion,Columna1,Lugar en la calle,Zona de Trabajo,Luz,Clima,Autobus Escolar,Cruce de Trenes,Hora Notificacion,Minuto Notificacion,Hora Llegada,Minuto Llegada,Decesos,Fecha,PersonaVehiculo
33,New Hampshire,330107,0,0,2,0,15,ROCKINGHAM (15),466,SEABROOK,11,Noviembre,5,2022,14,14,SR-107,3,Highway estatal,Urbano,Colector Mayor,State Highway Agency,0,Sin jurisdiccion especial,0,42.89800556,-70.90125833,Vehiculo en movimiento,Angulo,Four-Way Intersection,Interseccion de 4 direcciones,Sobre calle,Ninguna,Dia total,Despejado,No,NO APLICA,14,15,14,19,1,05/11/2022,4
33,New Hampshire,330108,0,0,1,0,11,HILLSBOROUGH (11),350,NASHUA,11,Noviembre,6,2022,2,3,SR-111A,3,Highway estatal,Urbano,Arteria Menor,Town or Township Highway Agency,0,Sin jurisdiccion especial,0,42.72244722,-71.50496944,Muro,El primer evento no fue una colision con un vehiculo automotor en transporte,Not an Intersection,No fue interseccion,Sobre el lado de la calle,Ninguna,Oscuro con iluminacion,Despejado,No,NO APLICA,2,3,2,11,1,06/11/2022,1
33,New Hampshire,330109,0,0,1,0,11,HILLSBOROUGH (11),310,MANCHESTER,11,Noviembre,7,2022,1,30,SR-3A,3,Highway estatal,Urbano,Arteria Principal,Town or Township Highway Agency,1,Sin jurisdiccion especial,0,42.93888333,-71.45318611,Arbol,El primer evento no fue una colision con un vehiculo automotor en transporte,Not an Intersection,No fue interseccion,Fuera de la calle,Ninguna,Oscuro con iluminacion,Despejado,No,NO APLICA,1,29,1,38,1,07/11/2022,1
33,New Hampshire,330110,0,0,1,0,9,GRAFTON (9),402,PIERMONT,11,Noviembre,17,2022,16,57,SR-25C,3,Highway estatal,Rural,Colector Menor,State Highway Agency,0,Sin jurisdiccion especial,0,43.99379444,-71.99405556,Volcadura,El primer evento no fue una colision con un vehiculo automotor en transporte,Not an Intersection,No fue interseccion,Sobre el lado de la calle,Ninguna,Atardecer,Soplando nieve,No,NO APLICA,16,59,17,15,1,17/11/2022,2
33,New Hampshire,330111,1,1,1,0,11,HILLSBOROUGH (11),310,MANCHESTER,11,Noviembre,10,2022,17,7,GOLD ST,6,Calle Local Municipalidad,Urbano,Colector Mayor,Town or Township Highway Agency,0,Sin jurisdiccion especial,0,42.95654167,-71.44693611,Peaton,El primer evento no fue una colision con un vehiculo automotor en transporte,Not an Intersection,No fue interseccion,Sobre calle,Ninguna,Dia total,Despejado,No,NO APLICA,17,7,17,14,1,10/11/2022,1
33,New Hampshire,330112,0,0,2,0,11,HILLSBOROUGH (11),299,LITCHFIELD,11,Noviembre,10,2022,17,56,SR-102,3,Highway estatal,Urbano,Arteria Principal,State Highway Agency,1,Sin jurisdiccion especial,0,42.80972222,-71.42766667,Vehiculo en movimiento,Angulo,Not an Intersection,No fue interseccion,Sobre calle,Ninguna,Atardecer,Despejado,No,NO APLICA,17,56,18,3,1,10/11/2022,2
33,New Hampshire,330113,0,0,1,0,17,STRAFFORD (17),90,DOVER,11,Noviembre,20,2022,1,40,TOLEND RD,5,Calle Local - Pueblo,Urbano,Local,Town or Township Highway Agency,0,Sin jurisdiccion especial,0,43.21451389,-70.95178611,Arbol,El primer evento no fue una colision con un vehiculo automotor en transporte,Not an Intersection,No fue interseccion,Sobre el lado de la calle,Ninguna,Oscuro sin iluminacion,Despejado,No,NO APLICA,1,44,1,51,1,20/11/2022,1
33,New Hampshire,330114,0,0,1,0,15,ROCKINGHAM (15),430,PORTSMOUTH,11,Noviembre,24,2022,1,3,US-1B,2,US Highway,Urbano,Arterial Principal -Freeway o ExpressWay,State Highway Agency,1,Sin jurisdiccion especial,0,43.0735,-70.78035556,Volcadura,El primer evento no fue una colision con un vehiculo automotor en transporte,Roundabout,Glorieta,Separador,Ninguna,Oscuro con iluminacion,Despejado,No,NO APLICA,1,4,1,20,1,24/11/2022,6
33,New Hampshire,330115,0,0,1,0,3,CARROLL (3),15,BARTLETT,11,Noviembre,23,2022,7,26,THORN HILL RD,5,Calle Local - Pueblo,Rural,Local,Town or Township Highway Agency,0,Sin jurisdiccion especial,0,44.11812222,-71.16370833,Arbol,El primer evento no fue una colision con un vehiculo automotor en transporte,Not an Intersection,No fue interseccion,Sobre el lado de la calle,Ninguna,Oscuro sin iluminacion,Despejado,No,NO APLICA,7,26,7,44,1,23/11/2022,1
33,New Hampshire,330116,0,0,1,0,19,SULLIVAN (19),479,SUNAPEE,11,Noviembre,30,2022,18,24,SR-11,3,Highway estatal,Rural,Arteria Menor,State Highway Agency,1,Sin jurisdiccion especial,0,43.416775,-72.08271389,Objeto aventado o caido,El primer evento no fue una colision con un vehiculo automotor en transporte,Not an Intersection,No fue interseccion,Sobre calle,Ninguna,Oscuro sin iluminacion,lluvia,No,NO APLICA,18,26,18,35,1,30/11/2022,1
33,New Hampshire,330117,1,1,1,0,13,MERRIMACK (13),236,HOOKSETT,12,Diciembre,2,2022,21,59,US-3,2,US Highway,Urbano,Arteria Principal,State Highway Agency,1,Sin jurisdiccion especial,0,43.02573056,-71.441775,Peaton,El primer evento no fue una colision con un vehiculo automotor en transporte,Not an Intersection,No fue interseccion,Sobre calle,Ninguna,Oscuro sin iluminacion,Nublado,No,NO APLICA,21,56,22,6,1,02/12/2022,1
33,New Hampshire,330118,0,0,3,0,1,BELKNAP (1),330,MEREDITH,11,Noviembre,10,2022,17,11,SR-104,3,Highway estatal,Rural,Arteria Menor,State Highway Agency,1,Sin jurisdiccion especial,0,43.63111111,-71.53129444,Vehiculo en movimiento,Frente a frente,Not an Intersection,No fue interseccion,Sobre calle,Ninguna,Oscuro sin iluminacion,Despejado,No,NO APLICA,17,11,99,99,1,10/11/2022,4
33,New Hampshire,330119,0,0,1,0,13,MERRIMACK (13),236,HOOKSETT,12,Diciembre,11,2022,1,9,I-93 ON RAMP,1,Interestatal,Urbano,Interestatal,State Highway Agency,1,Sin jurisdiccion especial,0,43.020725,-71.44596667,Arbol,El primer evento no fue una colision con un vehiculo automotor en transporte,Not an Intersection,No fue interseccion,Gore?,Ninguna,Oscuro sin iluminacion,Nublado,No,NO APLICA,1,12,1,31,1,11/12/2022,1
33,New Hampshire,330120,1,1,1,0,13,MERRIMACK (13),70,CONCORD,12,Diciembre,2,2022,10,45,US-3,2,US Highway,Urbano,Arteria Menor,Town or Township Highway Agency,0,Sin jurisdiccion especial,0,43.234625,-71.56292222,Peaton,El primer evento no fue una colision con un vehiculo automotor en transporte,Not an Intersection,No fue interseccion,Sobre calle,Ninguna,Dia total,Despejado,No,NO APLICA,10,48,10,53,1,02/12/2022,2
33,New Hampshire,330121,0,0,1,0,13,MERRIMACK (13),70,CONCORD,12,Diciembre,11,2022,20,0,I-93,1,Interestatal,Urbano,Interestatal,State Highway Agency,1,Sin jurisdiccion especial,0,43.23012222,-71.53629722,Puente de Ferrocarril,El primer evento no fue una colision con un vehiculo automotor en transporte,Not an Intersection,No fue interseccion,Sobre el lado de la calle,Ninguna,Oscuro sin iluminacion,Nieve,No,NO APLICA,20,2,20,7,1,11/12/2022,2
33,New Hampshire,330122,0,0,2,0,11,HILLSBOROUGH (11),11,AMHERST,12,Diciembre,18,2022,17,0,SR-101,3,Highway estatal,Rural,Arteria Principal,State Highway Agency,1,Sin jurisdiccion especial,0,42.88911111,-71.60896944,Vehiculo en movimiento,Frente a frente,Not an Intersection,No fue interseccion,Sobre calle,Ninguna,Oscuro sin iluminacion,Despejado,No,NO APLICA,16,59,17,3,1,18/12/2022,3
33,New Hampshire,330123,0,0,4,0,17,STRAFFORD (17),90,DOVER,12,Diciembre,12,2022,14,37,SPAULDING TPKE,8,Otro,Urbano,Arterial Principal -Freeway o ExpressWay,City or Municipal Highway Agency,1,Sin jurisdiccion especial,0,43.14988333,-70.84361667,Vehiculo en movimiento,Frente a frente,Not an Intersection,No fue interseccion,Sobre calle,Ninguna,Dia total,Despejado,No,NO APLICA,14,37,14,40,1,12/12/2022,5
33,New Hampshire,330124,0,0,1,0,15,ROCKINGHAM (15),112,EAST KINGSTON,11,Noviembre,8,2022,22,12,STUMPFIELD RD,5,Calle Local - Pueblo,Rural,Local,Town or Township Highway Agency,0,Sin jurisdiccion especial,0,42.92687222,-70.98049167,Arbol,El primer evento no fue una colision con un vehiculo automotor en transporte,Not an Intersection,No fue interseccion,Sobre el lado de la calle,Ninguna,Oscuro sin iluminacion,Despejado,No,NO APLICA,22,13,22,17,1,08/11/2022,2
33,New Hampshire,330125,0,0,2,0,3,CARROLL (3),560,WOLFEBORO,12,Diciembre,3,2022,10,9,SR-109A,3,Highway estatal,Rural,Colector Menor,State Highway Agency,0,Sin jurisdiccion especial,0,43.60915556,-71.22361944,Vehiculo en movimiento,Frente a frente,Not an Intersection,No fue interseccion,Sobre calle,Ninguna,Dia total,lluvia,No,NO APLICA,10,9,10,17,1,03/12/2022,2
33,New Hampshire,330126,0,0,2,0,19,SULLIVAN (19),50,CLAREMONT,12,Diciembre,13,2022,17,16,SR-11,3,Highway estatal,Rural,Arteria Menor,State Highway Agency,1,Sin jurisdiccion especial,0,43.37467222,-72.32921111,Vehiculo en movimiento,Frente a frente,Not an Intersection,No fue interseccion,Sobre calle,Ninguna,Oscuro con iluminacion,Despejado,No,NO APLICA,17,16,17,27,1,13/12/2022,3
33,New Hampshire,330127,0,0,1,0,17,STRAFFORD (17),440,ROCHESTER,12,Diciembre,15,2022,21,4,ESTES RD,5,Calle Local - Pueblo,Urbano,Local,Town or Township Highway Agency,0,Sin jurisdiccion especial,0,43.27633056,-71.00705556,Poste,El primer evento no fue una colision con un vehiculo automotor en transporte,Not an Intersection,No fue interseccion,Sobre el lado de la calle,Ninguna,Oscuro sin iluminacion,Despejado,No,NO APLICA,21,4,21,12,1,15/12/2022,1
33,New Hampshire,330128,0,0,1,0,13,MERRIMACK (13),236,HOOKSETT,12,Diciembre,22,2022,1,52,US-3,2,US Highway,Urbano,Arteria Principal,State Highway Agency,1,Sin jurisdiccion especial,0,43.11326389,-71.44234444,Arbol,El primer evento no fue una colision con un vehiculo automotor en transporte,Not an Intersection,No fue interseccion,Fuera de la calle,Ninguna,Oscuro sin iluminacion,Despejado,No,NO APLICA,1,52,99,98,1,22/12/2022,1
33,New Hampshire,330129,0,0,2,0,11,HILLSBOROUGH (11),240,HUDSON,12,Diciembre,19,2022,10,50,SR-111,3,Highway estatal,Urbano,Arteria Principal,State Highway Agency,1,Sin jurisdiccion especial,0,42.77790278,-71.39410278,Vehiculo en movimiento,Frente a frente,Not an Intersection,No fue interseccion,Sobre calle,Ninguna,Dia total,Despejado,No,NO APLICA,10,50,10,57,1,19/12/2022,2
33,New Hampshire,330130,0,0,1,0,13,MERRIMACK (13),49,CHICHESTER,12,Diciembre,29,2022,11,24,BEAR HILL RD,5,Calle Local - Pueblo,Rural,Local,Town or Township Highway Agency,0,Sin jurisdiccion especial,0,43.26824444,-71.37966944,Piedrotototota,El primer evento no fue una colision con un vehiculo automotor en transporte,Not an Intersection,No fue interseccion,Sobre el lado de la calle,Ninguna,Dia total,Despejado,No,NO APLICA,11,27,11,30,1,29/12/2022,1
33,New Hampshire,330131,1,1,1,0,17,STRAFFORD (17),440,ROCHESTER,12,Diciembre,30,2022,13,55,SR-125,3,Highway estatal,Urbano,Arteria Menor,Town or Township Highway Agency,0,Sin jurisdiccion especial,0,43.29793889,-70.97281111,No vehiculo o remolque,El primer evento no fue una colision con un vehiculo automotor en transporte,"Five Point, or More",5 Puntos o mas,Sobre calle,Ninguna,Dia total,Despejado,No,NO APLICA,13,55,14,2,1,30/12/2022,1
33,New Hampshire,330132,2,2,1,0,7,COOS (7),170,GORHAM,12,Diciembre,31,2022,17,11,US-2,2,US Highway,Urbano,Arteria Principal,State Highway Agency,1,Sin jurisdiccion especial,0,44.39402778,-71.19056389,Peaton,El primer evento no fue una colision con un vehiculo automotor en transporte,T-Intersection,Interseccion de T,Sobre calle,Ninguna,Oscuro con iluminacion,lluvia,No,NO APLICA,17,11,17,12,1,31/12/2022,1
33,New Hampshire,330133,0,0,1,0,11,HILLSBOROUGH (11),540,WILTON,12,Diciembre,14,2022,14,16,SR-101,3,Highway estatal,Rural,Arteria Principal,State Highway Agency,1,Sin jurisdiccion especial,0,42.829425,-71.78921944,Arbol,El primer evento no fue una colision con un vehiculo automotor en transporte,Not an Intersection,No fue interseccion,Sobre el lado de la calle,Ninguna,Dia total,Nublado,No,NO APLICA,14,16,14,27,1,14/12/2022,2
33,New Hampshire,330134,1,1,1,0,15,ROCKINGHAM (15),305,LONDONDERRY,11,Noviembre,5,2022,18,24,ANTHONY DR,5,Calle Local - Pueblo,Urbano,Local,Town or Township Highway Agency,0,Sin jurisdiccion especial,0,42.84254444,-71.408225,Peaton,El primer evento no fue una colision con un vehiculo automotor en transporte,Not an Intersection,No fue interseccion,Sobre calle,Ninguna,Oscuro sin iluminacion,Despejado,No,NO APLICA,18,24,99,98,1,05/11/2022,1
33,New Hampshire,330135,0,0,2,0,9,GRAFTON (9),290,LISBON,11,Noviembre,3,2022,21,49,US-302,2,US Highway,Rural,Arteria Menor,State Highway Agency,0,Sin jurisdiccion especial,0,44.25708889,-71.83491111,Vehiculo en movimiento,Frente a frente,Not an Intersection,No fue interseccion,Sobre calle,Ninguna,Oscuro sin iluminacion,Nublado,No,NO APLICA,21,50,22,4,1,03/11/2022,3
33,New Hampshire,330136,1,1,2,0,1,BELKNAP (1),461,SANBORNTON,7,Julio,27,2022,10,54,I-93,1,Interestatal,Rural,Interestatal,State Highway Agency,1,Sin jurisdiccion especial,636,43.53890556,-71.61538611,Peaton,El primer evento no fue una colision con un vehiculo automotor en transporte,Not an Intersection,No fue interseccion,Sobre calle,Ninguna,Dia total,Despejado,No,NO APLICA,10,57,11,20,1,27/07/2022,2
33,New Hampshire,330137,0,0,2,0,11,HILLSBOROUGH (11),18,BEDFORD,9,Septiembre,3,2022,16,35,US-3,2,US Highway,Urbano,Arteria Menor,State Highway Agency,0,Sin jurisdiccion especial,0,42.93186944,-71.46251944,Vehiculo en movimiento,Angulo,T-Intersection,Interseccion de T,Sobre calle,Ninguna,Dia total,Despejado,No,NO APLICA,16,35,16,43,2,03/09/2022,3
33,New Hampshire,330138,1,1,2,0,17,STRAFFORD (17),90,DOVER,4,Abril,26,2022,5,30,SR-SPAULDING TPKE,3,Highway estatal,Urbano,Arterial Principal -Freeway o ExpressWay,Other State Agency,1,Sin jurisdiccion especial,0,43.13435278,-70.84041667,Vehiculo en movimiento,Angulo,Not an Intersection,No fue interseccion,Sobre calle,Ninguna,Dia total,Despejado,No,NO APLICA,5,31,5,41,1,26/04/2022,1
34,New Jersey,340001,1,1,1,0,35,SOMERSET (35),425,BRIDGEWATER,2,Febrero,2,2022,18,28,CR-533 FINDERNE AVE,4,Calle del Condado,Urbano,Arteria Menor,County Highway Agency,0,Sin jurisdiccion especial,297,40.56046111,-74.58015833,Peaton,El primer evento no fue una colision con un vehiculo automotor en transporte,T-Intersection,Interseccion de T,Sobre calle,Ninguna,Oscuro sin iluminacion,Nublado,No,NO APLICA,18,35,18,43,1,02/02/2022,1
34,New Jersey,340002,1,1,1,0,29,OCEAN (29),1505,CASSVILLE,2,Febrero,27,2022,21,12,WHITE RD,6,Calle Local Municipalidad,Urbano,Local,County Highway Agency,0,Sin jurisdiccion especial,0,40.06854722,-74.26594167,Peaton,El primer evento no fue una colision con un vehiculo automotor en transporte,Not an Intersection,No fue interseccion,Sobre calle,Ninguna,Oscuro sin iluminacion,Despejado,No,NO APLICA,21,13,21,16,1,27/02/2022,1
34,New Jersey,340003,0,0,1,0,25,MONMOUTH (25),3475,WALL TOWNSHIP,2,Febrero,22,2022,6,16,444,8,Otro,Urbano,Arterial Principal -Freeway o ExpressWay,State Toll Road,1,Sin jurisdiccion especial,993,40.18489444,-74.10102222,Arbol,El primer evento no fue una colision con un vehiculo automotor en transporte,Not an Intersection,No fue interseccion,En el medio,Ninguna,Amanecer,Despejado,No,NO APLICA,6,54,7,4,1,22/02/2022,1
34,New Jersey,340004,0,0,1,0,23,MIDDLESEX (23),844,EDISON,1,Enero,20,2022,22,25,US-1,2,US Highway,Urbano,Arteria Principal,State Highway Agency,1,Sin jurisdiccion especial,283,40.4971,-74.41165556,Banqueta,El primer evento no fue una colision con un vehiculo automotor en transporte,Not an Intersection,No fue interseccion,Sobre el lado de la calle,Ninguna,Oscuro con iluminacion,Despejado,No,NO APLICA,22,29,22,37,1,20/01/2022,3
34,New Jersey,340005,0,0,1,0,25,MONMOUTH (25),1798,MANALAPAN,2,Febrero,9,2022,12,36,PEGASUS BLVD,6,Calle Local Municipalidad,Urbano,Local,City or Municipal Highway Agency,0,Sin jurisdiccion especial,0,40.25531111,-74.35610833,Barda,El primer evento no fue una colision con un vehiculo automotor en transporte,Not an Intersection,No fue interseccion,Sobre calle,Ninguna,Dia total,Despejado,No,NO APLICA,10,19,10,31,2,09/02/2022,2
34,New Jersey,340006,0,0,2,0,33,SALEM (33),567,CARNEYS POINT,1,Enero,5,2022,5,39,CR-540,4,Calle del Condado,Urbano,Colector Mayor,County Highway Agency,0,Sin jurisdiccion especial,12,39.67520556,-75.47431944,Vehiculo en movimiento,Frente a frente,Not an Intersection,No fue interseccion,Sobre calle,Ninguna,Oscuro con iluminacion,Nublado,No,NO APLICA,5,39,5,42,1,05/01/2022,2
34,New Jersey,340007,0,0,2,0,1,ATLANTIC (1),2640,PLEASANTVILLE,1,Enero,15,2022,22,13,N FRANKLIN BLVD,6,Calle Local Municipalidad,Urbano,Colector Mayor,City or Municipal Highway Agency,0,Sin jurisdiccion especial,0,39.3921,-74.5188,Vehiculo en movimiento,Angulo,Four-Way Intersection,Interseccion de 4 direcciones,Sobre calle,Ninguna,Oscuro con iluminacion,Despejado,No,NO APLICA,22,19,22,20,1,15/01/2022,3
34,New Jersey,340008,0,0,1,0,29,OCEAN (29),1590,LAKEWOOD,2,Febrero,14,2022,3,47,SHORROCK ST,6,Calle Local Municipalidad,Urbano,Colector Mayor,County Highway Agency,0,Sin jurisdiccion especial,0,40.036925,-74.15965556,Banqueta,El primer evento no fue una colision con un vehiculo automotor en transporte,Not an Intersection,No fue interseccion,Sobre el lado de la calle,Ninguna,Oscuro - iluminacion desconocida,Despejado,No,NO APLICA,3,34,3,39,1,14/02/2022,1
34,New Jersey,340009,0,0,1,0,39,UNION (39),3207,SPRINGFIELD,2,Febrero,4,2022,1,16,I-78 RAMP,1,Interestatal,Urbano,Interestatal,State Highway Agency,1,Sin jurisdiccion especial,480,40.71309444,-74.32546389,Banqueta,El primer evento no fue una colision con un vehiculo automotor en transporte,Not an Intersection,No fue interseccion,Gore?,Ninguna,Oscuro con iluminacion,lluvia,No,NO APLICA,1,15,1,27,1,04/02/2022,1
34,New Jersey,340010,1,1,1,0,23,MIDDLESEX (23),2570,PERTH AMBOY,2,Febrero,16,2022,19,13,CR-616 NEW BRUNSWICK AVE,4,Calle del Condado,Urbano,Arteria Menor,County Highway Agency,0,Sin jurisdiccion especial,15,40.52235833,-74.28855556,Peaton,El primer evento no fue una colision con un vehiculo automotor en transporte,Four-Way Intersection,Interseccion de 4 direcciones,Sobre calle,Ninguna,Oscuro sin iluminacion,Despejado,No,NO APLICA,19,16,19,26,1,16/02/2022,1
34,New Jersey,340011,1,1,2,1,29,OCEAN (29),3360,TOMS RIVER,2,Febrero,8,2022,22,26,CR-571 BAY AVE,4,Calle del Condado,Urbano,Arteria Menor,County Highway Agency,0,Sin jurisdiccion especial,31,39.97200556,-74.16521111,Peaton,El primer evento no fue una colision con un vehiculo automotor en transporte,Not an Intersection,No fue interseccion,Sobre Acotamiento,Ninguna,Oscuro con iluminacion,Despejado,No,NO APLICA,22,30,22,35,1,08/02/2022,1
34,New Jersey,340012,0,0,1,0,1,ATLANTIC (1),90,ATLANTIC CITY,1,Enero,2,2022,13,6,US-30,2,US Highway,Rural,Arteria Principal,State Highway Agency,1,Sin jurisdiccion especial,562,39.38346389,-74.45999167,Valla Ferrocarril,El primer evento no fue una colision con un vehiculo automotor en transporte,Not an Intersection,No fue interseccion,Sobre el lado de la calle,Ninguna,Dia total,Nublado,No,NO APLICA,13,8,13,20,1,02/01/2022,1
34,New Jersey,340013,1,1,1,0,29,OCEAN (29),1590,LAKEWOOD,1,Enero,3,2022,21,46,1ST STREET,6,Calle Local Municipalidad,Urbano,Local,City or Municipal Highway Agency,0,Sin jurisdiccion especial,0,40.09131111,-74.21265556,Peaton,El primer evento no fue una colision con un vehiculo automotor en transporte,Not an Intersection,No fue interseccion,Sobre calle,Ninguna,Oscuro con iluminacion,Despejado,No,NO APLICA,99,99,99,99,1,03/01/2022,1
34,New Jersey,340014,1,1,1,0,1,ATLANTIC (1),10,ABSECON,1,Enero,8,2022,3,25,US-30,2,US Highway,Urbano,Arteria Principal,State Highway Agency,1,Sin jurisdiccion especial,523,39.41921389,-74.49600833,Peaton,El primer evento no fue una colision con un vehiculo automotor en transporte,Not an Intersection,No fue interseccion,Sobre Acotamiento,Ninguna,Oscuro con iluminacion,Despejado,No,NO APLICA,3,34,3,38,1,08/01/2022,1
34,New Jersey,340015,1,1,1,0,23,MIDDLESEX (23),704,CRANBURY,1,Enero,2,2022,5,43,CR-615 STATION RD,4,Calle del Condado,Urbano,Colector Mayor,County Highway Agency,0,Sin jurisdiccion especial,48,40.30567222,-74.50080556,Peaton,El primer evento no fue una colision con un vehiculo automotor en transporte,Not an Intersection,No fue interseccion,Sobre calle,Ninguna,Oscuro con iluminacion,lluvia,No,NO APLICA,5,49,6,0,1,02/01/2022,1
34,New Jersey,340016,1,1,3,0,23,MIDDLESEX (23),2417,OLD BRIDGE,1,Enero,28,2022,1,25,US-9,2,US Highway,Urbano,Arteria Principal,State Highway Agency,1,Sin jurisdiccion especial,1231,40.38402222,-74.30836111,Peaton,El primer evento no fue una colision con un vehiculo automotor en transporte,Four-Way Intersection,Interseccion de 4 direcciones,Sobre calle,Ninguna,Oscuro con iluminacion,Despejado,No,NO APLICA,1,27,1,39,1,28/01/2022,4
34,New Jersey,340017,0,0,2,0,11,CUMBERLAND (11),1970,MILLVILLE,1,Enero,13,2022,5,8,CR-678 NORTH WADE BLVD,4,Calle del Condado,Urbano,Colector Mayor,County Highway Agency,0,Sin jurisdiccion especial,13,39.41320278,-75.018925,Vehiculo en movimiento,Angulo,Not an Intersection,No fue interseccion,Sobre calle,Ninguna,Oscuro con iluminacion,Despejado,No,NO APLICA,5,9,5,17,1,13/01/2022,2
34,New Jersey,340018,1,1,1,0,39,UNION (39),2630,PLAINFIELD,1,Enero,15,2022,10,34,SR-28,3,Highway estatal,Urbano,Arteria Principal,County Highway Agency,1,Sin jurisdiccion especial,167,40.63111944,-74.39884444,Peaton,El primer evento no fue una colision con un vehiculo automotor en transporte,T-Intersection,Interseccion de T,Sobre calle,Ninguna,Dia total,Despejado,No,NO APLICA,10,37,10,43,1,15/01/2022,1
34,New Jersey,340019,1,1,1,0,13,ESSEX (13),2130,NEWARK,1,Enero,10,2022,0,31,SR-21,3,Highway estatal,Urbano,Arteria Principal,State Highway Agency,1,Sin jurisdiccion especial,23,40.73612778,-74.16591389,No vehiculo o remolque,El primer evento no fue una colision con un vehiculo automotor en transporte,Four-Way Intersection,Interseccion de 4 direcciones,Sobre calle,Ninguna,Oscuro con iluminacion,Despejado,No,NO APLICA,0,32,0,39,1,10/01/2022,1
34,New Jersey,340020,0,0,2,0,23,MIDDLESEX (23),2417,OLD BRIDGE,1,Enero,5,2022,5,35,SR-34,3,Highway estatal,Urbano,Arteria Principal,State Highway Agency,1,Sin jurisdiccion especial,260,40.42850278,-74.29508611,Vehiculo en movimiento,Angulo,Not an Intersection,No fue interseccion,Sobre calle,Ninguna,Oscuro con iluminacion,Aguanieve,No,NO APLICA,5,36,5,57,1,05/01/2022,2
34,New Jersey,340021,1,1,1,0,27,MORRIS (27),0,NO APLICA,1,Enero,10,2022,18,19,CR-512 VALLEY RD,4,Calle del Condado,Urbano,Arteria Menor,County Highway Agency,0,Sin jurisdiccion especial,232,40.667825,-74.49307778,Peaton,El primer evento no fue una colision con un vehiculo automotor en transporte,Not an Intersection,No fue interseccion,Sobre calle,Ninguna,Oscuro sin iluminacion,Despejado,No,NO APLICA,18,20,18,30,1,10/01/2022,2
34,New Jersey,340022,0,0,2,0,23,MIDDLESEX (23),844,EDISON,1,Enero,26,2022,22,39,CR-656 PARKWAY PLACE,4,Calle del Condado,Urbano,Arteria Menor,County Highway Agency,0,Sin jurisdiccion especial,2,40.51288889,-74.33646944,Vehiculo en movimiento,Frente a frente,Not an Intersection,No fue interseccion,Sobre calle,Ninguna,Oscuro con iluminacion,Despejado,No,NO APLICA,99,99,99,99,1,26/01/2022,2
34,New Jersey,340023,0,0,2,0,25,MONMOUTH (25),3400,UNION BEACH,1,Enero,27,2022,7,5,SR-36,3,Highway estatal,Urbano,Arteria Principal,State Highway Agency,1,Sin jurisdiccion especial,222,40.43808889,-74.16450833,Vehiculo en movimiento,Angulo,Y-Intersection,Interseccion de Y,Sobre calle,Ninguna,Dia total,Despejado,No,NO APLICA,99,99,99,99,1,27/01/2022,4
34,New Jersey,340024,1,1,1,0,1,ATLANTIC (1),10,ABSECON,1,Enero,24,2022,18,5,US-30,2,US Highway,Urbano,Arteria Principal,State Highway Agency,1,Sin jurisdiccion especial,508,39.43548333,-74.516225,Peaton,El primer evento no fue una colision con un vehiculo automotor en transporte,T-Intersection,Interseccion de T,Sobre calle,Ninguna,Oscuro con iluminacion,Despejado,No,NO APLICA,18,8,18,10,1,24/01/2022,2
34,New Jersey,340025,1,1,2,0,3,BERGEN (3),820,EAST RUTHERFORD,1,Enero,5,2022,6,37,SR-3,3,Highway estatal,Urbano,Arterial Principal -Freeway o ExpressWay,State Highway Agency,1,Sin jurisdiccion especial,84,40.8017,-74.06840556,Vehiculo en movimiento,Golpe Lateral - misma direccion,Not an Intersection,No fue interseccion,Sobre calle,Ninguna,Oscuro con iluminacion,Aguanieve,No,NO APLICA,6,36,6,53,1,05/01/2022,2
34,New Jersey,340026,0,0,2,0,15,GLOUCESTER (15),0,NO APLICA,1,Enero,7,2022,14,38,CR-536 SPUR SICKERVILLE RD,4,Calle del Condado,Urbano,Arteria Principal,County Highway Agency,1,Sin jurisdiccion especial,2,39.69180278,-74.99116667,Vehiculo en movimiento,Frente a frente,Not an Intersection,No fue interseccion,Sobre calle,Ninguna,Dia total,Despejado,No,NO APLICA,14,41,14,49,1,07/01/2022,2
34,New Jersey,340027,0,0,1,0,39,UNION (39),3395,UNION,1,Enero,29,2022,21,58,SR-82,3,Highway estatal,Urbano,Arteria Principal,State Highway Agency,1,Sin jurisdiccion especial,49,40.67657222,-74.22683333,Banqueta,El primer evento no fue una colision con un vehiculo automotor en transporte,Four-Way Intersection,Interseccion de 4 direcciones,Sobre el lado de la calle,Ninguna,Oscuro con iluminacion,Nieve,No,NO APLICA,22,7,22,7,1,29/01/2022,4
34,New Jersey,340028,0,0,1,0,15,GLOUCESTER (15),1075,FRANKLIN,1,Enero,2,2022,7,54,SR-55,3,Highway estatal,Urbano,Arterial Principal -Freeway o ExpressWay,State Highway Agency,1,Sin jurisdiccion especial,412,39.60623056,-75.08197778,Arbol,El primer evento no fue una colision con un vehiculo automotor en transporte,Not an Intersection,No fue interseccion,En el medio,Ninguna,Dia total,Despejado,No,NO APLICA,8,0,8,6,1,02/01/2022,1