Estado,Nombre de Estado,Numero de Caso,Peatones,Personas _no_vehiculos,Vehiculos automotores,Vehiculos estacionados,Condado,Nombre Condado,Ciudad,Nombre Ciudad,Mes,Nombre Mes,Dia,Año,Hora,Minuto,Calle,Ruta,Nombre Ruta,Rural o Urbanoo,Sistema Funcional,Dueño Calle,Sistema Nacional Carreteras,Jurisdiccion Especial,Milla,Latitud,Longitud,Causa del Accidente,Tipo de Accidente,Tipo Interseccion,Columna1,Lugar en la calle,Zona de Trabajo,Luz,Clima,Autobus Escolar,Cruce de Trenes,Hora Notificacion,Minuto Notificacion,Hora Llegada,Minuto Llegada,Decesos,Fecha,PersonaVehiculo
34,New Jersey,340029,1,1,1,0,35,SOMERSET (35),214,BEDMINSTER,1,Enero,30,2022,4,20,I-287,1,Interestatal,Urbano,Interestatal,State Highway Agency,1,Sin jurisdiccion especial,224,40.65991944,-74.64364722,Peaton,El primer evento no fue una colision con un vehiculo automotor en transporte,Not an Intersection,No fue interseccion,Sobre calle,Ninguna,Oscuro sin iluminacion,Despejado,No,NO APLICA,4,24,4,42,1,30/01/2022,1
34,New Jersey,340030,0,0,1,0,7,CAMDEN (7),598,CHERRY HILL,1,Enero,16,2022,21,19,I-295,1,Interestatal,Urbano,Interestatal,State Highway Agency,1,Sin jurisdiccion especial,349,39.91414444,-74.98226111,Valla Ferrocarril,El primer evento no fue una colision con un vehiculo automotor en transporte,Not an Intersection,No fue interseccion,Sobre el lado de la calle,Ninguna,Oscuro con iluminacion,Nieve,No,NO APLICA,99,99,99,99,1,16/01/2022,1
34,New Jersey,340031,0,0,2,0,11,CUMBERLAND (11),0,NO APLICA,1,Enero,6,2022,9,20,CR-553 CENTERTON RD,4,Calle del Condado,Urbano,Arteria Menor,County Highway Agency,0,Sin jurisdiccion especial,260,39.50557222,-75.18093056,Vehiculo en movimiento,Golpe Lateral - direccion contraria,Not an Intersection,No fue interseccion,Sobre calle,Ninguna,Dia total,Nublado,No,NO APLICA,9,20,9,27,1,06/01/2022,3
34,New Jersey,340032,1,1,1,0,39,UNION (39),616,CLARK,2,Febrero,12,2022,14,31,NONE,8,Otro,Trafficway Not in State Inventory,Via no en inventario estatal,Trafficway Not in State Inventory,0,Sin jurisdiccion especial,0,40.63225833,-74.30415,Peaton,El primer evento no fue una colision con un vehiculo automotor en transporte,Four-Way Intersection,Interseccion de 4 direcciones,Sobre calle,Ninguna,Dia total,Despejado,No,NO APLICA,14,29,14,33,1,12/02/2022,1
34,New Jersey,340033,0,0,3,0,17,HUDSON (17),1520,JERSEY CITY,2,Febrero,10,2022,10,43,US-1,2,US Highway,Urbano,Arteria Principal,State Highway Agency,1,Sin jurisdiccion especial,18,40.72654444,-74.09668333,Vehiculo en movimiento,Golpe Lateral - direccion contraria,Not an Intersection,No fue interseccion,Sobre calle,Ninguna,Dia total,Despejado,No,NO APLICA,10,44,10,49,1,10/02/2022,3
34,New Jersey,340034,1,1,1,0,3,BERGEN (3),820,EAST RUTHERFORD,2,Febrero,13,2022,18,34,CR-55,4,Calle del Condado,Urbano,Arteria Menor,County Highway Agency,0,Sin jurisdiccion especial,5,40.83278333,-74.09478611,Peaton,El primer evento no fue una colision con un vehiculo automotor en transporte,Not an Intersection,No fue interseccion,Sobre calle,Ninguna,Oscuro sin iluminacion,Despejado,No,NO APLICA,18,39,18,40,1,13/02/2022,1
34,New Jersey,340035,0,0,2,0,15,GLOUCESTER (15),0,NO APLICA,1,Enero,6,2022,6,0,SR-42,3,Highway estatal,Urbano,Arteria Principal,State Highway Agency,1,Sin jurisdiccion especial,12,39.70418611,-75.00778056,Vehiculo en movimiento,Angulo,Four-Way Intersection,Interseccion de 4 direcciones,Sobre calle,Ninguna,Oscuro con iluminacion,Despejado,No,NO APLICA,6,1,6,9,1,06/01/2022,2
34,New Jersey,340036,0,0,2,0,29,OCEAN (29),145,BARNEGAT,2,Febrero,20,2022,15,53,BARNEGAT BLVD,6,Calle Local Municipalidad,Urbano,Arteria Menor,County Highway Agency,0,Sin jurisdiccion especial,0,39.76991389,-74.22112778,Vehiculo en movimiento,Angulo,T-Intersection,Interseccion de T,Sobre calle,Ninguna,Dia total,Despejado,No,NO APLICA,15,56,16,7,1,20/02/2022,3
34,New Jersey,340037,0,0,3,0,5,BURLINGTON (5),613,CINNAMINSON,1,Enero,1,2022,7,27,US-130,2,US Highway,Urbano,Arteria Principal,State Highway Agency,1,Sin jurisdiccion especial,381,40.00549722,-74.97779722,Vehiculo en movimiento,Frente a Detrás,Four-Way Intersection,Interseccion de 4 direcciones,Sobre calle,Ninguna,Dia total,lluvia,No,NO APLICA,7,30,7,33,1,01/01/2022,3
34,New Jersey,340038,0,0,2,0,11,CUMBERLAND (11),3460,VINELAND,2,Febrero,12,2022,18,12,SR-47,3,Highway estatal,Urbano,Arteria Menor,State Highway Agency,0,Sin jurisdiccion especial,449,39.462975,-75.04397778,Vehiculo en movimiento,Angulo,Not an Intersection,No fue interseccion,Sobre calle,Ninguna,Oscuro con iluminacion,Despejado,No,NO APLICA,18,12,18,17,1,12/02/2022,3
34,New Jersey,340039,0,0,2,0,11,CUMBERLAND (11),3460,VINELAND,2,Febrero,8,2022,11,5,CR-673 HANCE BRIDGE RD,4,Calle del Condado,Urbano,Local,County Highway Agency,0,Sin jurisdiccion especial,23,39.43032222,-74.98544722,Vehiculo en movimiento,Frente a frente,Not an Intersection,No fue interseccion,Sobre el lado de la calle,Ninguna,Dia total,Despejado,No,NO APLICA,11,5,11,15,1,08/02/2022,4
34,New Jersey,340040,0,0,2,0,29,OCEAN (29),0,NO APLICA,2,Febrero,9,2022,6,39,US-9,2,US Highway,Urbano,Arteria Principal,State Highway Agency,1,Sin jurisdiccion especial,790,39.80543333,-74.19854722,Vehiculo en movimiento,Angulo,Not an Intersection,No fue interseccion,Sobre calle,Ninguna,Dia total,Despejado,No,NO APLICA,99,99,99,99,1,09/02/2022,2
34,New Jersey,340041,0,0,2,0,27,MORRIS (27),0,NO APLICA,2,Febrero,15,2022,9,32,CR-625 BARTLEY RD,4,Calle del Condado,Urbano,Colector Mayor,County Highway Agency,0,Sin jurisdiccion especial,24,40.81055,-74.73025,Vehiculo en movimiento,Frente a frente,Not an Intersection,No fue interseccion,Sobre calle,Ninguna,Dia total,Despejado,No,NO APLICA,9,37,9,56,1,15/02/2022,2
34,New Jersey,340042,0,0,2,0,15,GLOUCESTER (15),0,NO APLICA,2,Febrero,25,2022,17,46,SR-42,3,Highway estatal,Urbano,Arteria Principal,State Highway Agency,1,Sin jurisdiccion especial,6,39.69654444,-75.00011944,Vehiculo en movimiento,Angulo,T-Intersection,Interseccion de T,Sobre calle,Ninguna,Dia total,Despejado,No,NO APLICA,17,48,17,55,1,25/02/2022,3
34,New Jersey,340043,0,0,2,0,25,MONMOUTH (25),2760,RED BANK,2,Febrero,5,2022,10,8,SR-35,3,Highway estatal,Urbano,Arteria Principal,State Highway Agency,1,Sin jurisdiccion especial,341,40.35379722,-74.07574722,Vehiculo en movimiento,Frente a Detrás,Four-Way Intersection,Interseccion de 4 direcciones,Sobre calle,Ninguna,Dia total,Despejado,No,NO APLICA,10,10,10,10,1,05/02/2022,2
34,New Jersey,340044,1,1,6,3,3,BERGEN (3),2940,RUTHERFORD,2,Febrero,12,2022,22,31,SR-3,3,Highway estatal,Urbano,Arterial Principal -Freeway o ExpressWay,State Highway Agency,1,Sin jurisdiccion especial,52,40.82037778,-74.11938056,Vehiculo en movimiento,Frente a Detrás,Not an Intersection,No fue interseccion,Sobre calle,Ninguna,Oscuro con iluminacion,Despejado,No,NO APLICA,22,34,22,44,1,12/02/2022,4
34,New Jersey,340045,0,0,1,0,15,GLOUCESTER (15),1075,FRANKLIN,3,Marzo,8,2022,15,2,SR-55,3,Highway estatal,Urbano,Arterial Principal -Freeway o ExpressWay,State Highway Agency,1,Sin jurisdiccion especial,385,39.570625,-75.06428611,Arbusto,El primer evento no fue una colision con un vehiculo automotor en transporte,Not an Intersection,No fue interseccion,En el medio,Ninguna,Dia total,Despejado,No,NO APLICA,15,3,15,10,1,08/03/2022,1
34,New Jersey,340046,0,0,2,0,7,CAMDEN (7),0,NO APLICA,2,Febrero,24,2022,14,9,SR-168,3,Highway estatal,Urbano,Arteria Principal,State Highway Agency,1,Sin jurisdiccion especial,40,39.824475,-75.06840278,Vehiculo en movimiento,Frente a frente,Not an Intersection,No fue interseccion,Sobre calle,Ninguna,Dia total,Despejado,No,NO APLICA,14,9,14,13,1,24/02/2022,6
34,New Jersey,340047,0,0,1,0,7,CAMDEN (7),3694,WINSLOW,1,Enero,27,2022,7,4,CR-536,4,Calle del Condado,Urbano,Arteria Menor,County Highway Agency,0,Sin jurisdiccion especial,291,39.71061944,-74.91400556,Poste,El primer evento no fue una colision con un vehiculo automotor en transporte,Not an Intersection,No fue interseccion,Sobre el lado de la calle,Ninguna,Dia total,Despejado,Yes,NO APLICA,7,5,7,10,1,27/01/2022,2
34,New Jersey,340048,0,0,4,0,21,MERCER (21),3633,WEST WINDSOR,2,Febrero,15,2022,22,40,US-1,2,US Highway,Urbano,Arteria Principal,State Highway Agency,1,Sin jurisdiccion especial,87,40.30338611,-74.67213611,Vehiculo en movimiento,Frente a Detrás,Not an Intersection,No fue interseccion,Sobre calle,Ninguna,Oscuro sin iluminacion,Despejado,No,NO APLICA,99,99,99,99,1,15/02/2022,4
34,New Jersey,340049,0,0,9,0,21,MERCER (21),1265,HAMILTON TOWNSHIP,3,Marzo,8,2022,13,48,US-130,2,US Highway,Urbano,Arteria Principal,State Highway Agency,1,Sin jurisdiccion especial,611,40.19863333,-74.63946667,Vehiculo en movimiento,Frente a Detrás,Four-Way Intersection,Interseccion de 4 direcciones,Sobre calle,Ninguna,Dia total,Despejado,No,NO APLICA,13,48,13,53,1,08/03/2022,11
34,New Jersey,340050,1,1,1,0,7,CAMDEN (7),2545,PENNSAUKEN,1,Enero,15,2022,5,9,MARION AVE,6,Calle Local Municipalidad,Urbano,Local,City or Municipal Highway Agency,0,Sin jurisdiccion especial,0,39.96099722,-75.02593889,Peaton,El primer evento no fue una colision con un vehiculo automotor en transporte,Not an Intersection,No fue interseccion,Sobre calle,Ninguna,Oscuro - iluminacion desconocida,Despejado,No,NO APLICA,99,99,99,99,1,15/01/2022,2
34,New Jersey,340051,1,1,1,0,7,CAMDEN (7),1640,LAWNSIDE,1,Enero,13,2022,5,30,US-30,2,US Highway,Urbano,Arteria Principal,State Highway Agency,1,Sin jurisdiccion especial,83,39.87211944,-75.04501667,Peaton,El primer evento no fue una colision con un vehiculo automotor en transporte,Not an Intersection,No fue interseccion,Sobre calle,Ninguna,Oscuro con iluminacion,Despejado,No,NO APLICA,5,31,5,35,1,13/01/2022,1
34,New Jersey,340052,1,1,1,0,5,BURLINGTON (5),3691,WILLINGBORO,3,Marzo,18,2022,2,7,GARFIELD DRIVE,6,Calle Local Municipalidad,Urbano,Colector Mayor,City or Municipal Highway Agency,0,Sin jurisdiccion especial,0,40.02585278,-74.87632222,Peaton,El primer evento no fue una colision con un vehiculo automotor en transporte,Not an Intersection,No fue interseccion,Sobre calle,Ninguna,Oscuro con iluminacion,Neblina o Humo,No,NO APLICA,2,11,2,18,1,18/03/2022,1
34,New Jersey,340053,0,0,1,0,3,BERGEN (3),1930,MIDLAND PARK,3,Marzo,3,2022,11,47,CR-81,4,Calle del Condado,Urbano,Arteria Menor,County Highway Agency,0,Sin jurisdiccion especial,3,40.99668611,-74.13999722,Banqueta,El primer evento no fue una colision con un vehiculo automotor en transporte,Not an Intersection,No fue interseccion,Sobre el lado de la calle,Ninguna,Dia total,Despejado,No,NO APLICA,99,99,99,99,1,03/03/2022,1
34,New Jersey,340054,0,0,2,0,39,UNION (39),616,CLARK,2,Febrero,13,2022,1,32,GSP-444,8,Otro,Urbano,Arterial Principal -Freeway o ExpressWay,State Toll Road,1,Sin jurisdiccion especial,1366,40.63070833,-74.30005,Vehiculo en movimiento,Golpe Lateral - misma direccion,Not an Intersection,No fue interseccion,Sobre calle,Ninguna,Oscuro sin iluminacion,Despejado,No,NO APLICA,1,33,1,42,1,13/02/2022,3
34,New Jersey,340055,0,0,3,0,27,MORRIS (27),0,NO APLICA,3,Marzo,28,2022,11,17,CR-646 SHUNPIKE RD,4,Calle del Condado,Urbano,Arteria Menor,County Highway Agency,0,Sin jurisdiccion especial,118,40.73655,-74.39451111,Vehiculo en movimiento,Angulo,Four-Way Intersection,Interseccion de 4 direcciones,Sobre calle,Ninguna,Dia total,Nublado,No,NO APLICA,11,23,11,28,1,28/03/2022,3
34,New Jersey,340056,0,0,5,0,29,OCEAN (29),1801,MANCHESTER TOWNSHIP,3,Marzo,29,2022,7,15,CR-571 RIDGEWAY RD,4,Calle del Condado,Urbano,Arteria Menor,County Highway Agency,0,Sin jurisdiccion especial,84,40.00230278,-74.23346111,Vehiculo en movimiento,Golpe Lateral - direccion contraria,Not an Intersection,No fue interseccion,Sobre calle,Ninguna,Dia total,Despejado,No,NO APLICA,6,20,6,30,2,29/03/2022,6
34,New Jersey,340057,1,1,1,0,7,CAMDEN (7),2545,PENNSAUKEN,1,Enero,19,2022,19,6,US-130,2,US Highway,Urbano,Arteria Principal,State Highway Agency,1,Sin jurisdiccion especial,99998,39.93946111,-75.07415,Peaton,El primer evento no fue una colision con un vehiculo automotor en transporte,Not an Intersection,No fue interseccion,Sobre calle,Ninguna,Oscuro con iluminacion,Despejado,No,NO APLICA,19,8,19,13,1,19/01/2022,1
34,New Jersey,340058,0,0,2,0,5,BURLINGTON (5),2080,MT HOLLY,2,Febrero,9,2022,10,0,SR-38,3,Highway estatal,Urbano,Arteria Principal,State Highway Agency,1,Sin jurisdiccion especial,170,39.98071111,-74.772475,Vehiculo en movimiento,Golpe Lateral - misma direccion,Not an Intersection,No fue interseccion,Sobre calle,Construccion,Dia total,Despejado,No,NO APLICA,10,1,10,3,1,09/02/2022,2
34,New Jersey,340059,1,1,1,0,23,MIDDLESEX (23),2570,PERTH AMBOY,3,Marzo,7,2022,18,39,MADISON AVE,6,Calle Local Municipalidad,Urbano,Local,City or Municipal Highway Agency,0,Sin jurisdiccion especial,37,40.50929167,-74.27007222,Peaton,El primer evento no fue una colision con un vehiculo automotor en transporte,Four-Way Intersection,Interseccion de 4 direcciones,Sobre calle,Ninguna,Oscuro - iluminacion desconocida,Despejado,No,NO APLICA,18,41,18,44,1,07/03/2022,1
34,New Jersey,340060,1,1,1,0,23,MIDDLESEX (23),2140,NEW BRUNSWICK,2,Febrero,5,2022,12,56,CR-691 LIVINGSTON AVE,4,Calle del Condado,Urbano,Arteria Menor,County Highway Agency,0,Sin jurisdiccion especial,0,40.47798611,-74.46003056,Peaton,El primer evento no fue una colision con un vehiculo automotor en transporte,T-Intersection,Interseccion de T,Sobre calle,Ninguna,Dia total,Despejado,No,NO APLICA,99,99,99,99,1,05/02/2022,1
34,New Jersey,340061,1,1,1,0,23,MIDDLESEX (23),2417,OLD BRIDGE,2,Febrero,15,2022,6,29,US-9,2,US Highway,Urbano,Arteria Principal,State Highway Agency,1,Sin jurisdiccion especial,1230,40.38186667,-74.30799444,Peaton,El primer evento no fue una colision con un vehiculo automotor en transporte,Not an Intersection,No fue interseccion,Sobre calle,Ninguna,Oscuro - iluminacion desconocida,Despejado,No,NO APLICA,99,99,99,99,1,15/02/2022,1
34,New Jersey,340062,0,0,4,2,13,ESSEX (13),2130,NEWARK,3,Marzo,31,2022,4,46,ELIZABETH AVE,6,Calle Local Municipalidad,Urbano,Arteria Menor,City or Municipal Highway Agency,0,Sin jurisdiccion especial,0,40.714725,-74.19238611,Vehiculo en movimiento,Frente a frente,Not an Intersection,No fue interseccion,Sobre calle,Ninguna,Oscuro con iluminacion,Despejado,No,NO APLICA,4,36,4,38,2,31/03/2022,6
34,New Jersey,340063,0,0,1,0,23,MIDDLESEX (23),779,EAST BRUNSWICK,3,Marzo,10,2022,16,24,FRESH PONDS RD,6,Calle Local Municipalidad,Urbano,Arteria Menor,City or Municipal Highway Agency,0,Sin jurisdiccion especial,10,40.42083889,-74.46050833,Arbol,El primer evento no fue una colision con un vehiculo automotor en transporte,Not an Intersection,No fue interseccion,Sobre el lado de la calle,Ninguna,Dia total,Despejado,No,NO APLICA,16,26,16,33,1,10/03/2022,1
34,New Jersey,340064,1,1,1,0,17,HUDSON (17),190,BAYONNE,3,Marzo,13,2022,12,42,WEST 25TH STREET,6,Calle Local Municipalidad,Urbano,No reportado,City or Municipal Highway Agency,9,Sin jurisdiccion especial,0,40.666825,-74.11928889,Peaton,El primer evento no fue una colision con un vehiculo automotor en transporte,Four-Way Intersection,Interseccion de 4 direcciones,Sobre calle,Ninguna,Dia total,Despejado,No,NO APLICA,12,43,12,44,1,13/03/2022,1
34,New Jersey,340065,1,1,1,0,9,CAPE MAY (9),0,NO APLICA,3,Marzo,19,2022,14,0,CR-673,4,Calle del Condado,Urbano,Local,County Highway Agency,0,Sin jurisdiccion especial,1,39.08616389,-74.82569167,Ciclista,El primer evento no fue una colision con un vehiculo automotor en transporte,T-Intersection,Interseccion de T,Sobre calle,Ninguna,Dia total,Despejado,No,NO APLICA,14,6,14,8,1,19/03/2022,1
34,New Jersey,340066,0,0,1,0,15,GLOUCESTER (15),0,NO APLICA,3,Marzo,16,2022,22,11,CR-607 TOMLIN STATION RD,4,Calle del Condado,Urbano,Colector Mayor,County Highway Agency,0,Sin jurisdiccion especial,47,39.76525,-75.26231111,Buzon de correo,El primer evento no fue una colision con un vehiculo automotor en transporte,Not an Intersection,No fue interseccion,Sobre el lado de la calle,Ninguna,Oscuro sin iluminacion,Despejado,No,NO APLICA,22,14,22,23,1,16/03/2022,1
34,New Jersey,340067,0,0,1,0,23,MIDDLESEX (23),3705,WOODBRIDGE,3,Marzo,26,2022,3,19,444-GARDEN STATE PARKWAY,8,Otro,Urbano,Arterial Principal -Freeway o ExpressWay,State Toll Road,1,Sin jurisdiccion especial,1311,40.55926667,-74.32091667,Valla Ferrocarril,El primer evento no fue una colision con un vehiculo automotor en transporte,Not an Intersection,No fue interseccion,En el medio,Ninguna,Oscuro con iluminacion,Despejado,No,NO APLICA,3,18,3,28,1,26/03/2022,1
34,New Jersey,340068,1,1,2,1,19,HUNTERDON (19),2757,READINGTON,3,Marzo,8,2022,15,7,US-22,2,US Highway,Urbano,Arteria Principal,State Highway Agency,1,Sin jurisdiccion especial,275,40.61408611,-74.73363333,Peaton,El primer evento no fue una colision con un vehiculo automotor en transporte,Not an Intersection,No fue interseccion,En el medio,Ninguna,Dia total,Despejado,No,NO APLICA,99,99,99,99,1,08/03/2022,1
34,New Jersey,340069,0,0,1,0,5,BURLINGTON (5),932,EVESHAM  TOWNSHIP,4,Abril,7,2022,7,15,MERIDIAN LANE,6,Calle Local Municipalidad,Urbano,Local,City or Municipal Highway Agency,0,Sin jurisdiccion especial,0,39.86960278,-74.91654444,Alguien se cayo/avento del vehiculo,El primer evento no fue una colision con un vehiculo automotor en transporte,T-Intersection,Interseccion de T,Sobre calle,Ninguna,Dia total,lluvia,No,NO APLICA,7,16,7,22,1,07/04/2022,2
34,New Jersey,340070,0,0,2,0,29,OCEAN (29),3360,TOMS RIVER,3,Marzo,12,2022,19,32,SR-37,3,Highway estatal,Urbano,Arteria Principal,State Highway Agency,1,Sin jurisdiccion especial,102,39.95088889,-74.13709167,Banqueta,El primer evento no fue una colision con un vehiculo automotor en transporte,Not an Intersection,No fue interseccion,Fuera de la calle,Ninguna,Oscuro con iluminacion,Nublado,No,NO APLICA,19,35,19,47,1,12/03/2022,2
34,New Jersey,340071,0,0,1,0,7,CAMDEN (7),240,BELLMAWR,5,Mayo,4,2022,3,4,SR-42,3,Highway estatal,Urbano,Arterial Principal -Freeway o ExpressWay,State Highway Agency,1,Sin jurisdiccion especial,141,39.86725278,-75.10113889,Acotamiento,El primer evento no fue una colision con un vehiculo automotor en transporte,Not an Intersection,No fue interseccion,En el medio,Ninguna,Oscuro sin iluminacion,lluvia,No,NO APLICA,3,8,3,19,1,04/05/2022,1
34,New Jersey,340072,0,0,3,0,29,OCEAN (29),1590,LAKEWOOD,3,Marzo,9,2022,8,12,US-9,2,US Highway,Urbano,Arteria Principal,State Highway Agency,1,Sin jurisdiccion especial,1027,40.10320278,-74.21875833,Vehiculo en movimiento,Angulo,T-Intersection,Interseccion de T,Sobre calle,Ninguna,Dia total,lluvia,No,NO APLICA,8,15,8,19,1,09/03/2022,3
34,New Jersey,340073,0,0,1,0,9,CAPE MAY (9),0,NO APLICA,5,Mayo,1,2022,23,26,CR-620 SHUNPIKE RD,4,Calle del Condado,Urbano,Colector Mayor,County Highway Agency,0,Sin jurisdiccion especial,5,39.05634444,-74.847425,Arbol,El primer evento no fue una colision con un vehiculo automotor en transporte,Not an Intersection,No fue interseccion,Sobre el lado de la calle,Ninguna,Oscuro sin iluminacion,Nublado,No,NO APLICA,23,26,23,30,1,01/05/2022,1
34,New Jersey,340074,1,1,1,0,5,BURLINGTON (5),2081,MT LAUREL,5,Mayo,5,2022,18,39,NORTH LAKE DRIVE,6,Calle Local Municipalidad,Urbano,Local,City or Municipal Highway Agency,0,Sin jurisdiccion especial,0,39.93887778,-74.92549167,Peaton,El primer evento no fue una colision con un vehiculo automotor en transporte,Not an Intersection,No fue interseccion,Sobre calle,Ninguna,Dia total,Despejado,No,NO APLICA,18,43,18,49,1,05/05/2022,2
34,New Jersey,340075,1,1,1,0,17,HUDSON (17),1520,JERSEY CITY,5,Mayo,2,2022,21,52,US-1 TRUCK,2,US Highway,Urbano,Arteria Principal,State Highway Agency,1,Sin jurisdiccion especial,27,40.73164444,-74.08413889,Peaton,El primer evento no fue una colision con un vehiculo automotor en transporte,Not an Intersection,No fue interseccion,Sobre calle,Ninguna,Oscuro sin iluminacion,Despejado,No,NO APLICA,21,42,21,51,1,02/05/2022,1
34,New Jersey,340076,1,1,2,0,13,ESSEX (13),2440,ORANGE,5,Mayo,14,2022,22,57,CR-638 SCOTLAND RD,4,Calle del Condado,Urbano,Arteria Menor,County Highway Agency,0,Sin jurisdiccion especial,42,40.76995278,-74.23866667,Peaton,El primer evento no fue una colision con un vehiculo automotor en transporte,Not an Intersection,No fue interseccion,Sobre calle,Ninguna,Oscuro con iluminacion,lluvia,No,NO APLICA,23,3,23,13,1,14/05/2022,2
34,New Jersey,340077,0,0,2,0,13,ESSEX (13),230,BELLEVILLE,3,Marzo,18,2022,19,8,CR-506 SPUR BLOOMFIELD AVE,4,Calle del Condado,Urbano,Arteria Principal,County Highway Agency,1,Sin jurisdiccion especial,23,40.77471389,-74.18615,Volcadura,El primer evento no fue una colision con un vehiculo automotor en transporte,T-Intersection,Interseccion de T,Sobre calle,Ninguna,Atardecer,Despejado,No,NO APLICA,19,10,19,15,1,18/03/2022,4
34,New Jersey,340078,0,0,1,0,13,ESSEX (13),500,CALDWELL,3,Marzo,10,2022,11,41,SMULL AVE,6,Calle Local Municipalidad,Urbano,Arteria Menor,City or Municipal Highway Agency,0,Sin jurisdiccion especial,0,40.84016667,-74.27636667,Banqueta,El primer evento no fue una colision con un vehiculo automotor en transporte,Not an Intersection,No fue interseccion,Sobre el lado de la calle,Ninguna,Dia total,Despejado,No,NO APLICA,11,41,11,54,1,10/03/2022,1
34,New Jersey,340079,0,0,2,0,27,MORRIS (27),0,NO APLICA,3,Marzo,15,2022,8,34,US-46,2,US Highway,Urbano,Arteria Principal,State Highway Agency,1,Sin jurisdiccion especial,311,40.89275833,-74.68645278,Vehiculo en movimiento,Angulo,Not an Intersection,No fue interseccion,Sobre calle,Ninguna,Dia total,Despejado,No,NO APLICA,8,39,8,47,1,15/03/2022,2
34,New Jersey,340080,0,0,1,0,31,PASSAIC (31),660,CLIFTON,5,Mayo,19,2022,15,28,SR-3,3,Highway estatal,Urbano,Arterial Principal -Freeway o ExpressWay,State Highway Agency,1,Sin jurisdiccion especial,10,40.85864167,-74.18036944,Poste de Señal de trafico,El primer evento no fue una colision con un vehiculo automotor en transporte,Not an Intersection,No fue interseccion,Sobre el lado de la calle,Ninguna,Dia total,Despejado,No,NO APLICA,15,29,15,37,1,19/05/2022,2
34,New Jersey,340081,1,1,1,0,31,PASSAIC (31),660,CLIFTON,3,Marzo,22,2022,7,36,CR-601 MAIN AVE,4,Calle del Condado,Urbano,Arteria Principal,County Highway Agency,1,Sin jurisdiccion especial,51,40.88903889,-74.15391667,Peaton,El primer evento no fue una colision con un vehiculo automotor en transporte,Four-Way Intersection,Interseccion de 4 direcciones,Sobre calle,Ninguna,Dia total,Despejado,No,NO APLICA,7,38,7,42,1,22/03/2022,1
34,New Jersey,340082,0,0,2,0,5,BURLINGTON (5),777,EASTAMPTON TOWNSHIP,4,Abril,7,2022,18,4,CR-537 MONMOUTH RD,4,Calle del Condado,Urbano,Arteria Menor,County Highway Agency,0,Sin jurisdiccion especial,205,40.00672222,-74.76158056,Vehiculo en movimiento,Angulo,Not an Intersection,No fue interseccion,Sobre calle,Ninguna,Dia total,lluvia,No,NO APLICA,18,9,18,12,1,07/04/2022,3
34,New Jersey,340083,0,0,2,0,9,CAPE MAY (9),0,NO APLICA,5,Mayo,29,2022,16,22,SR-47,3,Highway estatal,Rural,Arteria Menor,State Highway Agency,0,Sin jurisdiccion especial,80,39.06500833,-74.89828889,Volcadura,El primer evento no fue una colision con un vehiculo automotor en transporte,Not an Intersection,No fue interseccion,Sobre calle,Ninguna,Dia total,Despejado,No,NO APLICA,16,23,16,30,1,29/05/2022,2
34,New Jersey,340084,1,1,4,0,15,GLOUCESTER (15),0,NO APLICA,3,Marzo,1,2022,21,7,SR-42,3,Highway estatal,Urbano,Arteria Principal,State Highway Agency,1,Sin jurisdiccion especial,43,39.73246944,-75.03573333,Peaton,El primer evento no fue una colision con un vehiculo automotor en transporte,Not an Intersection,No fue interseccion,Sobre calle,Ninguna,Oscuro sin iluminacion,Despejado,No,NO APLICA,21,8,21,12,1,01/03/2022,5
34,New Jersey,340085,1,1,1,0,25,MONMOUTH (25),2109,NEPTUNE CITY,4,Abril,28,2022,21,33,SR-33,3,Highway estatal,Urbano,Arteria Menor,State Highway Agency,0,Sin jurisdiccion especial,414,40.20968889,-74.02563056,Peaton,El primer evento no fue una colision con un vehiculo automotor en transporte,Not an Intersection,No fue interseccion,Sobre calle,Ninguna,Oscuro - iluminacion desconocida,Despejado,No,NO APLICA,21,35,21,41,1,28/04/2022,1
34,New Jersey,340086,0,0,2,0,31,PASSAIC (31),2510,PATERSON,5,Mayo,21,2022,16,38,ROSA PARKS BLVD,6,Calle Local Municipalidad,Urbano,Colector Mayor,City or Municipal Highway Agency,0,Sin jurisdiccion especial,0,40.92645278,-74.15868889,Vehiculo en movimiento,Frente a frente,Not an Intersection,No fue interseccion,Sobre calle,Ninguna,Dia total,Despejado,No,NO APLICA,99,99,99,99,1,21/05/2022,2
34,New Jersey,340087,0,0,2,0,7,CAMDEN (7),690,COLLINGSWOOD,3,Marzo,10,2022,1,26,US-130,2,US Highway,Urbano,Arteria Principal,State Highway Agency,1,Sin jurisdiccion especial,295,39.91867778,-75.08864444,Vehiculo en movimiento,Angulo,Four-Way Intersection,Interseccion de 4 direcciones,Sobre calle,Ninguna,Oscuro con iluminacion,Despejado,No,NO APLICA,1,26,1,32,1,10/03/2022,2
34,New Jersey,340088,1,1,1,0,23,MIDDLESEX (23),779,EAST BRUNSWICK,5,Mayo,24,2022,5,49,CR-527,4,Calle del Condado,Urbano,Arteria Menor,County Highway Agency,0,Sin jurisdiccion especial,409,40.44168889,-74.39108333,Ciclista,El primer evento no fue una colision con un vehiculo automotor en transporte,Four-Way Intersection,Interseccion de 4 direcciones,Sobre calle,Ninguna,Dia total,Despejado,No,NO APLICA,5,50,5,55,1,24/05/2022,1
34,New Jersey,340089,0,0,4,0,25,MONMOUTH (25),2109,NEPTUNE CITY,3,Marzo,21,2022,8,58,CR-17II WEST BANGS AVE,4,Calle del Condado,Urbano,Colector Mayor,County Highway Agency,0,Sin jurisdiccion especial,23,40.2183,-74.04585833,Vehiculo en movimiento,Golpe Lateral - misma direccion,Not an Intersection,No fue interseccion,Sobre calle,Ninguna,Dia total,Despejado,No,NO APLICA,99,99,99,99,1,21/03/2022,6