Estado,Nombre de Estado,Numero de Caso,Peatones,Personas _no_vehiculos,Vehiculos automotores,Vehiculos estacionados,Condado,Nombre Condado,Ciudad,Nombre Ciudad,Mes,Nombre Mes,Dia,Año,Hora,Minuto,Calle,Ruta,Nombre Ruta,Rural o Urbanoo,Sistema Funcional,Dueño Calle,Sistema Nacional Carreteras,Jurisdiccion Especial,Milla,Latitud,Longitud,Causa del Accidente,Tipo de Accidente,Tipo Interseccion,Columna1,Lugar en la calle,Zona de Trabajo,Luz,Clima,Autobus Escolar,Cruce de Trenes,Hora Notificacion,Minuto Notificacion,Hora Llegada,Minuto Llegada,Decesos,Fecha,PersonaVehiculo
34,New Jersey,340090,0,0,2,0,3,BERGEN (3),1795,MAHWAH,5,Mayo,26,2022,9,51,SR-17,3,Highway estatal,Urbano,Arterial Principal -Freeway o ExpressWay,State Highway Agency,1,Sin jurisdiccion especial,255,41.09267778,-74.15523056,Vehiculo en movimiento,Frente a Detrás,Not an Intersection,No fue interseccion,Sobre calle,Ninguna,Dia total,Despejado,No,NO APLICA,9,51,9,53,1,26/05/2022,3
34,New Jersey,340091,0,0,1,0,17,HUDSON (17),190,BAYONNE,4,Abril,22,2022,2,23,AVENUE E,6,Calle Local Municipalidad,Urbano,Local,City or Municipal Highway Agency,0,Sin jurisdiccion especial,0,40.65570278,-74.12210833,Muro,El primer evento no fue una colision con un vehiculo automotor en transporte,T-Intersection,Interseccion de T,Sobre el lado de la calle,Ninguna,Oscuro con iluminacion,Despejado,No,NO APLICA,2,26,2,31,1,22/04/2022,1
34,New Jersey,340092,0,0,1,0,29,OCEAN (29),0,NO APLICA,4,Abril,24,2022,5,56,CR-530 PINEWALD KESWICK RD,4,Calle del Condado,Urbano,Arteria Menor,County Highway Agency,0,Sin jurisdiccion especial,240,39.94457222,-74.31323611,Arbol,El primer evento no fue una colision con un vehiculo automotor en transporte,Not an Intersection,No fue interseccion,Sobre el lado de la calle,Ninguna,Amanecer,Despejado,No,NO APLICA,5,50,6,9,1,24/04/2022,1
34,New Jersey,340093,0,0,1,0,1,ATLANTIC (1),851,EGG HARBOR TOWNSHIP,4,Abril,2,2022,0,42,CR-559A OCEAN HEIGHTS AVE,4,Calle del Condado,Urbano,Arteria Menor,County Highway Agency,0,Sin jurisdiccion especial,35,39.36856667,-74.62260278,Banqueta,El primer evento no fue una colision con un vehiculo automotor en transporte,Not an Intersection,No fue interseccion,Sobre el lado de la calle,Ninguna,Oscuro con iluminacion,Despejado,No,NO APLICA,99,99,99,99,1,02/04/2022,1
34,New Jersey,340094,0,0,1,0,5,BURLINGTON (5),0,NO APLICA,4,Abril,30,2022,14,55,CR-542,4,Calle del Condado,Rural,Colector Mayor,County Highway Agency,0,Sin jurisdiccion especial,103,39.62665,-74.62551111,Valla Ferrocarril,El primer evento no fue una colision con un vehiculo automotor en transporte,Not an Intersection,No fue interseccion,Sobre el lado de la calle,Ninguna,Dia total,Despejado,No,NO APLICA,99,99,99,99,1,30/04/2022,1
34,New Jersey,340095,0,0,1,0,37,SUSSEX (37),3448,VERNON,4,Abril,24,2022,8,6,WARWICK TURNPIKE,6,Calle Local Municipalidad,Rural,Colector Mayor,City or Municipal Highway Agency,0,Sin jurisdiccion especial,0,41.18518611,-74.38987222,Arbol,El primer evento no fue una colision con un vehiculo automotor en transporte,Not an Intersection,No fue interseccion,Sobre el lado de la calle,Ninguna,Dia total,Despejado,No,NO APLICA,99,99,99,99,1,24/04/2022,1
34,New Jersey,340096,0,0,1,0,1,ATLANTIC (1),1264,HAMILTON,4,Abril,18,2022,16,3,US-322,2,US Highway,Rural,Arteria Menor,State Highway Agency,0,Sin jurisdiccion especial,420,39.50914722,-74.77104722,Poste,El primer evento no fue una colision con un vehiculo automotor en transporte,Not an Intersection,No fue interseccion,Sobre el lado de la calle,Ninguna,Dia total,Despejado,No,NO APLICA,16,4,16,10,1,18/04/2022,1
34,New Jersey,340097,1,1,1,0,5,BURLINGTON (5),2081,MT LAUREL,4,Abril,13,2022,10,47,CR-686 HARTFORD RD,4,Calle del Condado,Urbano,Arteria Menor,County Highway Agency,0,Sin jurisdiccion especial,61,39.93271111,-74.86380556,Ciclista,El primer evento no fue una colision con un vehiculo automotor en transporte,Not an Intersection,No fue interseccion,Sobre calle,Ninguna,Dia total,Despejado,No,NO APLICA,10,53,10,58,1,13/04/2022,2
34,New Jersey,340098,1,1,1,0,1,ATLANTIC (1),1720,LINWOOD,4,Abril,10,2022,0,11,CR-559A OCEAN HEIGHTS AVE,4,Calle del Condado,Urbano,Colector Mayor,County Highway Agency,0,Sin jurisdiccion especial,2,39.32943611,-74.58713611,Ciclista,El primer evento no fue una colision con un vehiculo automotor en transporte,Four-Way Intersection,Interseccion de 4 direcciones,Sobre calle,Ninguna,Oscuro con iluminacion,Despejado,No,NO APLICA,0,14,0,16,1,10/04/2022,1
34,New Jersey,340099,0,0,2,0,21,MERCER (21),2845,ROBBINSVILLE,5,Mayo,10,2022,14,30,I-95,1,Interestatal,Urbano,Interestatal,State Highway Agency,1,Sin jurisdiccion especial,599,40.18725278,-74.61205278,Vehiculo en movimiento,Frente a Detrás,Not an Intersection,No fue interseccion,Sobre calle,Ninguna,Dia total,Despejado,No,NO APLICA,14,37,14,45,1,10/05/2022,2
34,New Jersey,340100,0,0,2,0,3,BERGEN (3),2950,SADDLE RIVER,5,Mayo,6,2022,11,34,SR-17,3,Highway estatal,Urbano,Arterial Principal -Freeway o ExpressWay,State Highway Agency,1,Sin jurisdiccion especial,202,41.02971944,-74.110725,Vehiculo en movimiento,Frente a Detrás,Not an Intersection,No fue interseccion,Sobre calle,Ninguna,Dia total,lluvia,No,NO APLICA,11,37,11,42,1,06/05/2022,2
34,New Jersey,340101,1,1,2,0,9,CAPE MAY (9),0,NO APLICA,5,Mayo,29,2022,19,38,LINCOLN BLVD,6,Calle Local Municipalidad,Rural,Local,City or Municipal Highway Agency,0,Sin jurisdiccion especial,0,38.97429167,-74.96042778,Vehiculo en movimiento,Frente a Detrás,Not an Intersection,No fue interseccion,Sobre calle,Ninguna,Dia total,Despejado,No,NO APLICA,19,44,19,56,1,29/05/2022,8
34,New Jersey,340102,1,1,2,0,33,SALEM (33),567,CARNEYS POINT,4,Abril,18,2022,23,3,700 NEW JERSEY TURNPIKE,8,Otro,Urbano,Arterial Principal -Freeway o ExpressWay,State Toll Road,1,Sin jurisdiccion especial,15,39.68253056,-75.46369444,Vehiculo en movimiento,Golpe Lateral - misma direccion,Not an Intersection,No fue interseccion,Sobre calle,Ninguna,Oscuro sin iluminacion,lluvia,No,NO APLICA,23,14,23,23,1,18/04/2022,1
34,New Jersey,340103,1,1,1,0,33,SALEM (33),2617,PITTSGROVE TOWNSHIP,4,Abril,9,2022,17,43,CR-621 LAWRENCE CORNER RD,6,Calle Local Municipalidad,Urbano,Local,County Highway Agency,0,Sin jurisdiccion especial,4,39.55584167,-75.137225,Ciclista,El primer evento no fue una colision con un vehiculo automotor en transporte,Not an Intersection,No fue interseccion,Sobre calle,Ninguna,Dia total,Despejado,No,NO APLICA,17,47,17,48,1,09/04/2022,1
34,New Jersey,340104,1,1,1,0,1,ATLANTIC (1),2640,PLEASANTVILLE,4,Abril,27,2022,16,24,N FRANKLIN BLVD,6,Calle Local Municipalidad,Urbano,Colector Mayor,City or Municipal Highway Agency,0,Sin jurisdiccion especial,0,39.39866944,-74.51348611,Ciclista,El primer evento no fue una colision con un vehiculo automotor en transporte,Four-Way Intersection,Interseccion de 4 direcciones,Sobre calle,Ninguna,Dia total,Despejado,No,NO APLICA,16,28,16,33,1,27/04/2022,1
34,New Jersey,340105,1,1,1,0,29,OCEAN (29),1505,CASSVILLE,4,Abril,11,2022,21,29,CR-638 JACKSON MILLS RD,4,Calle del Condado,Urbano,Colector Mayor,County Highway Agency,0,Sin jurisdiccion especial,58,40.159375,-74.30416944,No vehiculo o remolque,El primer evento no fue una colision con un vehiculo automotor en transporte,Four-Way Intersection,Interseccion de 4 direcciones,Sobre calle,Ninguna,Oscuro sin iluminacion,Despejado,No,NO APLICA,21,30,21,38,1,11/04/2022,1
34,New Jersey,340106,0,0,2,0,9,CAPE MAY (9),0,NO APLICA,4,Abril,2,2022,13,16,CR-631 TUCKAHOE RD,4,Calle del Condado,Urbano,Colector Mayor,County Highway Agency,0,Sin jurisdiccion especial,35,39.25771111,-74.67598611,Vehiculo en movimiento,Angulo,Not an Intersection,No fue interseccion,Sobre calle,Ninguna,Dia total,Despejado,No,NO APLICA,99,99,99,99,1,02/04/2022,3
34,New Jersey,340107,0,0,2,0,29,OCEAN (29),1801,MANCHESTER TOWNSHIP,4,Abril,7,2022,21,59,SR-70,3,Highway estatal,Urbano,Arteria Principal,State Highway Agency,1,Sin jurisdiccion especial,401,39.97718611,-74.36759444,Vehiculo en movimiento,Angulo,Four-Way Intersection,Interseccion de 4 direcciones,Sobre calle,Ninguna,Oscuro sin iluminacion,lluvia,No,NO APLICA,22,2,22,4,1,07/04/2022,3
34,New Jersey,340108,0,0,2,0,29,OCEAN (29),1801,MANCHESTER TOWNSHIP,4,Abril,30,2022,14,17,CR-18 PASADENA RD,6,Calle Local Municipalidad,Rural,Local,County Highway Agency,0,Sin jurisdiccion especial,52,39.90193056,-74.41874722,Vehiculo en movimiento,Golpe Lateral - misma direccion,Not an Intersection,No fue interseccion,Sobre calle,Ninguna,Dia total,Despejado,No,NO APLICA,14,22,14,41,1,30/04/2022,2
34,New Jersey,340109,0,0,2,0,7,CAMDEN (7),3694,WINSLOW,4,Abril,20,2022,12,30,US-30,2,US Highway,Urbano,Arteria Principal,State Highway Agency,1,Sin jurisdiccion especial,253,39.69463333,-74.84145833,Vehiculo en movimiento,Frente a frente,Not an Intersection,No fue interseccion,Sobre calle,Ninguna,Dia total,Despejado,No,NO APLICA,12,40,12,49,1,20/04/2022,2
34,New Jersey,340110,0,0,2,0,15,GLOUCESTER (15),0,NO APLICA,4,Abril,13,2022,15,45,US-322,2,US Highway,Urbano,Arteria Principal,State Highway Agency,1,Sin jurisdiccion especial,248,39.68458889,-74.98828056,Vehiculo en movimiento,Angulo,Four-Way Intersection,Interseccion de 4 direcciones,Sobre calle,Ninguna,Dia total,Despejado,No,NO APLICA,15,46,15,53,1,13/04/2022,2
34,New Jersey,340111,0,0,2,0,5,BURLINGTON (5),932,EVESHAM  TOWNSHIP,5,Mayo,29,2022,10,33,HOPEWELL RD,6,Calle Local Municipalidad,Urbano,Arteria Menor,City or Municipal Highway Agency,0,Sin jurisdiccion especial,22,39.81543611,-74.88348056,Vehiculo en movimiento,Frente a frente,Not an Intersection,No fue interseccion,Sobre calle,Ninguna,Dia total,Despejado,No,NO APLICA,10,37,10,47,1,29/05/2022,3
34,New Jersey,340112,1,1,2,0,13,ESSEX (13),2130,NEWARK,3,Marzo,10,2022,4,45,US-1 TRUCK,2,US Highway,Urbano,Arterial Principal -Freeway o ExpressWay,State Highway Agency,1,Sin jurisdiccion especial,474,40.70240556,-74.18511389,Peaton,El primer evento no fue una colision con un vehiculo automotor en transporte,Not an Intersection,No fue interseccion,Sobre calle,Ninguna,Oscuro sin iluminacion,Despejado,No,NO APLICA,99,99,99,99,1,10/03/2022,2
34,New Jersey,340113,0,0,1,0,31,PASSAIC (31),2510,PATERSON,4,Abril,16,2022,7,39,SR-20,3,Highway estatal,Urbano,Arteria Principal,State Highway Agency,1,Sin jurisdiccion especial,10,40.90715278,-74.13449444,Barrera de Trafico de Concreto,El primer evento no fue una colision con un vehiculo automotor en transporte,Not an Intersection,No fue interseccion,En el medio,Ninguna,Dia total,Despejado,No,NO APLICA,99,99,99,99,1,16/04/2022,1
34,New Jersey,340114,0,0,2,0,15,GLOUCESTER (15),1075,FRANKLIN,5,Mayo,13,2022,5,44,CR-615 WEST BLVD,4,Calle del Condado,Urbano,Colector Mayor,County Highway Agency,0,Sin jurisdiccion especial,28,39.57145,-75.0528,Vehiculo en movimiento,Otro,Not an Intersection,No fue interseccion,Sobre calle,Ninguna,Dia total,Despejado,No,NO APLICA,5,46,5,52,1,13/05/2022,2
34,New Jersey,340115,0,0,1,0,9,CAPE MAY (9),0,NO APLICA,6,Junio,17,2022,13,42,CR-658 HAND AVE,4,Calle del Condado,Rural,Local,County Highway Agency,0,Sin jurisdiccion especial,12,39.093675,-74.85425,Arbol,El primer evento no fue una colision con un vehiculo automotor en transporte,Not an Intersection,No fue interseccion,Sobre el lado de la calle,Ninguna,Dia total,Nublado,No,NO APLICA,13,49,13,54,1,17/06/2022,1
34,New Jersey,340116,1,1,1,0,19,HUNTERDON (19),1020,FLEMINGTON,5,Mayo,30,2022,2,14,US-202,2,US Highway,Urbano,Arteria Principal,State Highway Agency,1,Sin jurisdiccion especial,112,40.50014722,-74.85499167,No vehiculo o remolque,El primer evento no fue una colision con un vehiculo automotor en transporte,Four-Way Intersection,Interseccion de 4 direcciones,Sobre calle,Ninguna,Oscuro con iluminacion,Despejado,No,NO APLICA,2,24,2,41,1,30/05/2022,1
34,New Jersey,340117,1,1,1,0,25,MONMOUTH (25),1465,HOWELL,6,Junio,2,2022,1,55,US-9,2,US Highway,Urbano,Arteria Principal,State Highway Agency,1,Sin jurisdiccion especial,1034,40.11408889,-74.21885,Peaton,El primer evento no fue una colision con un vehiculo automotor en transporte,Not an Intersection,No fue interseccion,Sobre calle,Ninguna,Oscuro con iluminacion,lluvia,No,NO APLICA,1,59,2,1,1,02/06/2022,1
34,New Jersey,340118,0,0,2,0,5,BURLINGTON (5),2081,MT LAUREL,5,Mayo,2,2022,0,40,I-295,1,Interestatal,Urbano,Interestatal,State Highway Agency,1,Sin jurisdiccion especial,380,39.94202222,-74.94693056,Vehiculo en movimiento,Frente a Detrás,Not an Intersection,No fue interseccion,Sobre calle,Ninguna,Oscuro sin iluminacion,Despejado,No,NO APLICA,0,42,0,48,1,02/05/2022,3
34,New Jersey,340119,0,0,2,0,5,BURLINGTON (5),1870,MEDFORD LAKES,6,Junio,13,2022,0,2,CR-541 STOKES RD,4,Calle del Condado,Urbano,Arteria Menor,County Highway Agency,0,Sin jurisdiccion especial,72,39.861125,-74.80346667,Vehiculo en movimiento,Frente a frente,Not an Intersection,No fue interseccion,Sobre calle,Ninguna,Oscuro sin iluminacion,Despejado,No,NO APLICA,0,7,0,12,1,13/06/2022,6
34,New Jersey,340120,0,0,2,0,15,GLOUCESTER (15),0,NO APLICA,6,Junio,11,2022,20,51,SR-42,3,Highway estatal,Urbano,Arteria Principal,State Highway Agency,1,Sin jurisdiccion especial,22,39.715075,-75.01862222,Vehiculo en movimiento,Angulo,Four-Way Intersection,Interseccion de 4 direcciones,Sobre calle,Ninguna,Oscuro con iluminacion,Despejado,No,NO APLICA,20,54,20,55,1,11/06/2022,2
34,New Jersey,340121,0,0,2,0,39,UNION (39),860,ELIZABETH,1,Enero,2,2022,11,26,US-1 AND 9,2,US Highway,Urbano,Arteria Principal,State Highway Agency,1,Sin jurisdiccion especial,99998,40.67365278,-74.19996667,Vehiculo en movimiento,Angulo,Four-Way Intersection,Interseccion de 4 direcciones,Sobre calle,Ninguna,Dia total,Nublado,No,NO APLICA,11,31,11,40,1,02/01/2022,2
34,New Jersey,340122,1,1,1,0,17,HUDSON (17),2205,NORTH BERGEN,2,Febrero,14,2022,8,12,NEW YORK AVE,6,Calle Local Municipalidad,Urbano,Local,City or Municipal Highway Agency,0,Sin jurisdiccion especial,0,40.80635556,-73.9982,Peaton,El primer evento no fue una colision con un vehiculo automotor en transporte,T-Intersection,Interseccion de T,Sobre calle,Ninguna,Dia total,Despejado,No,NO APLICA,8,14,8,14,1,14/02/2022,1
34,New Jersey,340123,0,0,1,0,41,WARREN (41),3510,WASHINGTON,2,Febrero,6,2022,2,4,SR-57,3,Highway estatal,Urbano,Arteria Principal,State Highway Agency,1,Sin jurisdiccion especial,126,40.76466667,-74.94909444,Poste de Señal de trafico,El primer evento no fue una colision con un vehiculo automotor en transporte,Not an Intersection,No fue interseccion,Sobre el lado de la calle,Ninguna,Oscuro sin iluminacion,Despejado,No,NO APLICA,2,5,2,15,1,06/02/2022,2
34,New Jersey,340124,0,0,2,0,13,ESSEX (13),938,FAIRFIELD,6,Junio,14,2022,16,30,CR-613 PASSAIC AVE,4,Calle del Condado,Urbano,Arteria Principal,County Highway Agency,1,Sin jurisdiccion especial,45,40.87360556,-74.27758333,Vehiculo en movimiento,Angulo,Not an Intersection,No fue interseccion,Sobre calle,Ninguna,Dia total,Despejado,No,NO APLICA,16,35,16,38,1,14/06/2022,2
34,New Jersey,340125,0,0,2,0,41,WARREN (41),3510,WASHINGTON,3,Marzo,10,2022,8,14,SR-57,3,Highway estatal,Urbano,Arteria Principal,State Highway Agency,1,Sin jurisdiccion especial,97,40.75400556,-74.99766111,Vehiculo en movimiento,Golpe Lateral - misma direccion,T-Intersection,Interseccion de T,Sobre calle,Ninguna,Dia total,Neblina o Humo,No,NO APLICA,7,15,7,30,1,10/03/2022,4
34,New Jersey,340126,0,0,2,0,41,WARREN (41),3510,WASHINGTON,3,Marzo,18,2022,21,55,SR-31,3,Highway estatal,Urbano,Arteria Principal,State Highway Agency,1,Sin jurisdiccion especial,401,40.721925,-74.97141944,Vehiculo en movimiento,Frente a Detrás,Four-Way Intersection,Interseccion de 4 direcciones,Sobre calle,Ninguna,Oscuro - iluminacion desconocida,Nublado,No,NO APLICA,21,58,22,1,1,18/03/2022,2
34,New Jersey,340127,0,0,2,0,1,ATLANTIC (1),851,EGG HARBOR TOWNSHIP,6,Junio,7,2022,13,55,CR-559A OCEAN HEIGHTS AVE,4,Calle del Condado,Urbano,Arteria Menor,County Highway Agency,0,Sin jurisdiccion especial,64,39.40112222,-74.654975,Vehiculo en movimiento,Frente a Detrás,Not an Intersection,No fue interseccion,Sobre calle,Ninguna,Dia total,Despejado,No,NO APLICA,13,58,14,6,1,07/06/2022,2
34,New Jersey,340128,0,0,3,0,29,OCEAN (29),1590,LAKEWOOD,4,Abril,2,2022,20,54,US-9,2,US Highway,Urbano,Arteria Principal,State Highway Agency,1,Sin jurisdiccion especial,103,40.09843889,-74.21788333,Vehiculo en movimiento,Frente a Detrás,Not an Intersection,No fue interseccion,Sobre calle,Ninguna,Oscuro - iluminacion desconocida,Despejado,No,NO APLICA,20,53,20,56,1,02/04/2022,8
34,New Jersey,340129,0,0,2,0,3,BERGEN (3),2330,OAKLAND,6,Junio,27,2022,13,18,CR-S91 SKYLINE DR,4,Calle del Condado,Urbano,Arteria Menor,County Highway Agency,0,Sin jurisdiccion especial,11,41.0433,-74.24938056,Vehiculo en movimiento,Angulo,Not an Intersection,No fue interseccion,Sobre calle,Ninguna,Dia total,lluvia,No,NO APLICA,13,27,13,31,1,27/06/2022,2
34,New Jersey,340130,1,1,1,0,29,OCEAN (29),1590,LAKEWOOD,4,Abril,4,2022,14,5,CR-623 NEW HAMPSHIRE AVE,4,Calle del Condado,Urbano,Arteria Principal,County Highway Agency,1,Sin jurisdiccion especial,68,40.0624,-74.19376944,Ciclista,El primer evento no fue una colision con un vehiculo automotor en transporte,Not an Intersection,No fue interseccion,Sobre calle,Ninguna,Dia total,Despejado,No,NO APLICA,14,6,14,8,1,04/04/2022,1
34,New Jersey,340131,0,0,5,0,25,MONMOUTH (25),3475,WALL TOWNSHIP,1,Enero,28,2022,12,4,GSP,8,Otro,Urbano,Arterial Principal -Freeway o ExpressWay,State Toll Road,1,Sin jurisdiccion especial,968,40.14812778,-74.10826111,Vehiculo en movimiento,Frente a Detrás,Not an Intersection,No fue interseccion,Sobre calle,Ninguna,Dia total,Despejado,No,NO APLICA,99,99,99,99,1,28/01/2022,5
34,New Jersey,340132,0,0,2,0,5,BURLINGTON (5),3149,SOUTHAMPTON,3,Marzo,11,2022,6,13,US-206,2,US Highway,Urbano,Arteria Principal,State Highway Agency,1,Sin jurisdiccion especial,183,39.88988889,-74.74139444,Vehiculo en movimiento,Frente a frente,Not an Intersection,No fue interseccion,Sobre calle,Ninguna,Amanecer,Despejado,No,NO APLICA,6,14,6,18,1,11/03/2022,2
34,New Jersey,340133,0,0,1,0,5,BURLINGTON (5),3325,TABERNACLE,5,Mayo,29,2022,6,6,CR-532,4,Calle del Condado,Rural,Colector Mayor,County Highway Agency,0,Sin jurisdiccion especial,118,39.826625,-74.60541389,Volcadura,El primer evento no fue una colision con un vehiculo automotor en transporte,Not an Intersection,No fue interseccion,Sobre calle,Ninguna,Oscuro sin iluminacion,Despejado,No,NO APLICA,6,13,6,19,1,29/05/2022,1
34,New Jersey,340134,1,1,1,0,39,UNION (39),860,ELIZABETH,3,Marzo,16,2022,15,48,CR-618 MAGIE AVE,4,Calle del Condado,Urbano,Arteria Menor,County Highway Agency,0,Sin jurisdiccion especial,12,40.67293611,-74.24323611,Peaton,El primer evento no fue una colision con un vehiculo automotor en transporte,Four-Way Intersection,Interseccion de 4 direcciones,Sobre calle,Ninguna,Dia total,Despejado,No,NO APLICA,13,52,13,55,1,16/03/2022,2
34,New Jersey,340135,1,1,1,0,31,PASSAIC (31),3522,WAYNE,5,Mayo,17,2022,7,29,HILLSIDE TERRACE,6,Calle Local Municipalidad,Urbano,Local,City or Municipal Highway Agency,0,Sin jurisdiccion especial,0,40.93871944,-74.246125,Peaton,El primer evento no fue una colision con un vehiculo automotor en transporte,Not an Intersection,No fue interseccion,Sobre calle,Ninguna,Amanecer,Despejado,No,NO APLICA,7,35,7,50,1,17/05/2022,1
34,New Jersey,340136,1,1,3,0,9,CAPE MAY (9),530,CAPE MAY COURT HOUSE,5,Mayo,15,2022,16,15,SR-109,3,Highway estatal,Urbano,Arteria Menor,State Highway Agency,0,Sin jurisdiccion especial,1,38.93344722,-74.92334167,Peaton,El primer evento no fue una colision con un vehiculo automotor en transporte,Not an Intersection,No fue interseccion,Sobre calle,Ninguna,Dia total,Despejado,No,NO APLICA,16,21,16,23,1,15/05/2022,5
34,New Jersey,340137,0,0,1,0,39,UNION (39),2910,ROSELLE PARK,5,Mayo,25,2022,19,29,CLAY AVE,6,Calle Local Municipalidad,Urbano,Colector Mayor,City or Municipal Highway Agency,0,Sin jurisdiccion especial,99998,40.66478056,-74.26928056,Banqueta,El primer evento no fue una colision con un vehiculo automotor en transporte,Not an Intersection,No fue interseccion,Sobre el lado de la calle,Ninguna,Dia total,Despejado,No,NO APLICA,19,31,19,32,1,25/05/2022,1
34,New Jersey,340138,0,0,2,0,5,BURLINGTON (5),2081,MT LAUREL,6,Junio,22,2022,19,34,SR-73,3,Highway estatal,Urbano,Arteria Principal,State Highway Agency,1,Sin jurisdiccion especial,266,39.92413611,-74.94997222,Vehiculo en movimiento,Angulo,Four-Way Intersection,Interseccion de 4 direcciones,Sobre calle,Ninguna,Dia total,Despejado,No,NO APLICA,99,99,99,99,1,22/06/2022,2
34,New Jersey,340139,0,0,4,0,7,CAMDEN (7),0,NO APLICA,5,Mayo,21,2022,3,44,SR-42,3,Highway estatal,Urbano,Arterial Principal -Freeway o ExpressWay,State Highway Agency,1,Sin jurisdiccion especial,70,39.77172778,-75.04898056,Vehiculo en movimiento,Frente a Detrás,Not an Intersection,No fue interseccion,Sobre calle,Ninguna,Oscuro con iluminacion,Despejado,No,NO APLICA,3,43,3,50,1,21/05/2022,5
34,New Jersey,340140,0,0,2,0,27,MORRIS (27),2060,MT ARLINGTON,5,Mayo,13,2022,15,53,CR-615 HOWARD BLVD,4,Calle del Condado,Urbano,Arteria Menor,County Highway Agency,0,Sin jurisdiccion especial,17,40.90080833,-74.63386667,Vehiculo en movimiento,Angulo,Four-Way Intersection,Interseccion de 4 direcciones,Sobre calle,Ninguna,Dia total,Nublado,No,NO APLICA,15,54,16,2,1,13/05/2022,5
34,New Jersey,340141,0,0,3,0,29,OCEAN (29),416,BRICK TOWN,5,Mayo,5,2022,15,25,SR-70,3,Highway estatal,Urbano,Arteria Principal,State Highway Agency,1,Sin jurisdiccion especial,566,40.08258889,-74.10819722,Vehiculo en movimiento,Frente a Detrás,Four-Way Intersection,Interseccion de 4 direcciones,Sobre calle,Ninguna,Dia total,Despejado,No,NO APLICA,15,30,15,36,1,05/05/2022,3
34,New Jersey,340142,0,0,2,1,21,MERCER (21),1265,HAMILTON TOWNSHIP,5,Mayo,26,2022,21,9,CR-535 E STATE ST EXT,4,Calle del Condado,Urbano,Arteria Menor,City or Municipal Highway Agency,0,Sin jurisdiccion especial,21,40.24743056,-74.70899444,Vehiculo Aparcado,El primer evento no fue una colision con un vehiculo automotor en transporte,Not an Intersection,No fue interseccion,Sobre Acotamiento,Ninguna,Oscuro con iluminacion,Despejado,No,NO APLICA,21,16,21,20,1,26/05/2022,1
34,New Jersey,340143,0,0,2,0,11,CUMBERLAND (11),3460,VINELAND,6,Junio,8,2022,20,40,SR-56,3,Highway estatal,Urbano,Arteria Menor,City or Municipal Highway Agency,0,Sin jurisdiccion especial,80,39.48818333,-75.06779444,Vehiculo en movimiento,Angulo,Not an Intersection,No fue interseccion,Sobre calle,Ninguna,Oscuro con iluminacion,Despejado,No,NO APLICA,20,40,20,46,1,08/06/2022,2
34,New Jersey,340144,1,1,1,0,15,GLOUCESTER (15),0,NO APLICA,6,Junio,30,2022,21,54,700,8,Otro,Urbano,Arterial Principal -Freeway o ExpressWay,State Toll Road,1,Sin jurisdiccion especial,132,39.76271667,-75.04376667,Peaton,El primer evento no fue una colision con un vehiculo automotor en transporte,Not an Intersection,No fue interseccion,Sobre calle,Ninguna,Oscuro sin iluminacion,Despejado,No,NO APLICA,21,52,22,12,1,30/06/2022,1
34,New Jersey,340145,0,0,1,0,5,BURLINGTON (5),3325,TABERNACLE,6,Junio,21,2022,20,23,US-206,2,US Highway,Urbano,Arteria Principal,State Highway Agency,1,Sin jurisdiccion especial,160,39.86279722,-74.73305,Barda,El primer evento no fue una colision con un vehiculo automotor en transporte,Not an Intersection,No fue interseccion,Fuera de la calle,Ninguna,Atardecer,Despejado,No,NO APLICA,20,22,20,26,1,21/06/2022,1
34,New Jersey,340146,0,0,3,0,7,CAMDEN (7),598,CHERRY HILL,6,Junio,16,2022,20,9,I-295,1,Interestatal,Urbano,Interestatal,State Highway Agency,1,Sin jurisdiccion especial,332,39.88990833,-75.00102778,Vehiculo en movimiento,Golpe Lateral - misma direccion,Not an Intersection,No fue interseccion,Sobre calle,Ninguna,Atardecer,Despejado,No,NO APLICA,20,8,20,19,1,16/06/2022,6
34,New Jersey,340147,0,0,1,0,17,HUDSON (17),2205,NORTH BERGEN,6,Junio,26,2022,8,33,CR-505 RIVER RD,4,Calle del Condado,Urbano,Arteria Principal,County Highway Agency,1,Sin jurisdiccion especial,36,40.80263056,-73.99366667,Banqueta,El primer evento no fue una colision con un vehiculo automotor en transporte,Not an Intersection,No fue interseccion,Sobre el lado de la calle,Ninguna,Dia total,Despejado,No,NO APLICA,8,35,8,42,1,26/06/2022,2
34,New Jersey,340148,1,1,1,0,13,ESSEX (13),2130,NEWARK,6,Junio,22,2022,23,29,SR-21,3,Highway estatal,Urbano,Arterial Principal -Freeway o ExpressWay,State Highway Agency,1,Sin jurisdiccion especial,52,40.70956667,-74.18173333,Peaton,El primer evento no fue una colision con un vehiculo automotor en transporte,Not an Intersection,No fue interseccion,Sobre calle,Ninguna,Oscuro con iluminacion,lluvia,No,NO APLICA,23,28,23,35,1,22/06/2022,1
34,New Jersey,340149,1,1,1,0,9,CAPE MAY (9),0,NO APLICA,6,Junio,20,2022,21,20,SR-147,3,Highway estatal,Urbano,Arteria Menor,State Highway Agency,0,Sin jurisdiccion especial,0,39.04581111,-74.85135556,Peaton,El primer evento no fue una colision con un vehiculo automotor en transporte,Four-Way Intersection,Interseccion de 4 direcciones,Sobre calle,Ninguna,Oscuro sin iluminacion,Despejado,No,NO APLICA,21,23,21,29,1,20/06/2022,1
34,New Jersey,340150,0,0,2,0,3,BERGEN (3),3335,TEANECK,6,Junio,25,2022,13,56,WINDSOR RD,6,Calle Local Municipalidad,Urbano,Colector Mayor,City or Municipal Highway Agency,0,Sin jurisdiccion especial,0,40.90778056,-74.00447222,Vehiculo en movimiento,Angulo,T-Intersection,Interseccion de T,Sobre calle,Ninguna,Dia total,Despejado,No,NO APLICA,13,58,14,7,1,25/06/2022,3