Estado,Nombre de Estado,Numero de Caso,Peatones,Personas _no_vehiculos,Vehiculos automotores,Vehiculos estacionados,Condado,Nombre Condado,Ciudad,Nombre Ciudad,Mes,Nombre Mes,Dia,Año,Hora,Minuto,Calle,Ruta,Nombre Ruta,Rural o Urbanoo,Sistema Funcional,Dueño Calle,Sistema Nacional Carreteras,Jurisdiccion Especial,Milla,Latitud,Longitud,Causa del Accidente,Tipo de Accidente,Tipo Interseccion,Columna1,Lugar en la calle,Zona de Trabajo,Luz,Clima,Autobus Escolar,Cruce de Trenes,Hora Notificacion,Minuto Notificacion,Hora Llegada,Minuto Llegada,Decesos,Fecha,PersonaVehiculo
34,New Jersey,340151,0,0,2,1,29,OCEAN (29),0,NO APLICA,7,Julio,4,2022,18,52,SANTIAGO DRIVE,6,Calle Local Municipalidad,Urbano,Local,City or Municipal Highway Agency,0,Sin jurisdiccion especial,0,39.95776944,-74.24118611,Vehiculo Aparcado,El primer evento no fue una colision con un vehiculo automotor en transporte,T-Intersection,Interseccion de T,En estacionamiento,Ninguna,Dia total,Despejado,No,NO APLICA,18,53,18,56,1,04/07/2022,1
34,New Jersey,340152,0,1,2,1,23,MIDDLESEX (23),3705,WOODBRIDGE,1,Enero,13,2022,19,7,I-95 RAMP,1,Interestatal,Urbano,Interestatal,State Highway Agency,1,Sin jurisdiccion especial,931,40.56046111,-74.26296389,Vehiculo Aparcado,El primer evento no fue una colision con un vehiculo automotor en transporte,Not an Intersection,No fue interseccion,Sobre Acotamiento,Ninguna,Oscuro con iluminacion,Despejado,No,NO APLICA,19,9,19,15,1,13/01/2022,1
34,New Jersey,340153,0,0,1,0,35,SOMERSET (35),0,NO APLICA,3,Marzo,13,2022,7,47,CR-605 RIVER RD,4,Calle del Condado,Urbano,Colector Mayor,County Highway Agency,0,Sin jurisdiccion especial,2,40.38635833,-74.62561389,Arbol,El primer evento no fue una colision con un vehiculo automotor en transporte,Not an Intersection,No fue interseccion,Fuera de la calle,Ninguna,Dia total,Despejado,No,NO APLICA,99,99,99,99,1,13/03/2022,1
34,New Jersey,340154,0,0,1,0,35,SOMERSET (35),425,BRIDGEWATER,4,Abril,8,2022,21,12,TALAMINI RD,6,Calle Local Municipalidad,Urbano,Local,City or Municipal Highway Agency,0,Sin jurisdiccion especial,0,40.60779444,-74.64318611,Banqueta,El primer evento no fue una colision con un vehiculo automotor en transporte,T-Intersection,Interseccion de T,Sobre el lado de la calle,Ninguna,Oscuro sin iluminacion,Despejado,No,NO APLICA,99,99,99,99,1,08/04/2022,1
34,New Jersey,340155,0,0,1,0,13,ESSEX (13),800,EAST ORANGE,4,Abril,9,2022,3,25,444,8,Otro,Urbano,Arterial Principal -Freeway o ExpressWay,State Toll Road,1,Sin jurisdiccion especial,1486,40.77788056,-74.20086667,Arbol,El primer evento no fue una colision con un vehiculo automotor en transporte,Not an Intersection,No fue interseccion,Fuera de la calle,Ninguna,Oscuro sin iluminacion,Despejado,No,NO APLICA,99,99,99,99,1,09/04/2022,1
34,New Jersey,340156,2,2,3,0,7,CAMDEN (7),0,NO APLICA,1,Enero,25,2022,23,53,SR-42 RAMP,3,Highway estatal,Urbano,Arterial Principal -Freeway o ExpressWay,State Highway Agency,1,Sin jurisdiccion especial,90,39.80510278,-75.05667778,Vehiculo en movimiento,Frente a Detrás,Not an Intersection,No fue interseccion,Sobre calle,Ninguna,Oscuro sin iluminacion,Despejado,No,NO APLICA,23,53,23,56,1,25/01/2022,2
34,New Jersey,340157,0,0,1,0,29,OCEAN (29),416,BRICK TOWN,6,Junio,7,2022,0,9,YORKETOWNE BLVD,6,Calle Local Municipalidad,Urbano,Local,City or Municipal Highway Agency,0,Sin jurisdiccion especial,0,40.01955556,-74.14644444,Banqueta,El primer evento no fue una colision con un vehiculo automotor en transporte,Not an Intersection,No fue interseccion,Sobre el lado de la calle,Ninguna,Oscuro con iluminacion,Despejado,No,NO APLICA,0,12,0,24,1,07/06/2022,1
34,New Jersey,340158,1,1,1,0,1,ATLANTIC (1),90,ATLANTIC CITY,5,Mayo,3,2022,22,50,ARCTIC AVE,6,Calle Local Municipalidad,Urbano,Arteria Menor,City or Municipal Highway Agency,0,Sin jurisdiccion especial,6,39.35700278,-74.44555556,Peaton,El primer evento no fue una colision con un vehiculo automotor en transporte,Four-Way Intersection,Interseccion de 4 direcciones,Sobre calle,Ninguna,Oscuro con iluminacion,Despejado,No,NO APLICA,22,52,22,54,1,03/05/2022,2
34,New Jersey,340159,0,0,1,0,15,GLOUCESTER (15),747,DEPTFORD,5,Mayo,30,2022,13,8,SR-42 RAMP,3,Highway estatal,Urbano,Arterial Principal -Freeway o ExpressWay,State Highway Agency,1,Sin jurisdiccion especial,120,39.83539167,-75.09170833,Banqueta,El primer evento no fue una colision con un vehiculo automotor en transporte,Not an Intersection,No fue interseccion,Sobre el lado de la calle,Ninguna,Dia total,Despejado,No,NO APLICA,99,99,99,99,1,30/05/2022,1
34,New Jersey,340161,1,1,1,0,35,SOMERSET (35),425,BRIDGEWATER,4,Abril,2,2022,18,8,3RD ST,6,Calle Local Municipalidad,Urbano,Local,City or Municipal Highway Agency,0,Sin jurisdiccion especial,0,40.56100833,-74.57767222,Ciclista,El primer evento no fue una colision con un vehiculo automotor en transporte,Four-Way Intersection,Interseccion de 4 direcciones,Sobre calle,Ninguna,Dia total,Despejado,No,NO APLICA,18,10,18,14,1,02/04/2022,1
34,New Jersey,340162,1,1,1,0,35,SOMERSET (35),1081,FRANKLIN PARK,2,Febrero,22,2022,20,29,SR-27,3,Highway estatal,Urbano,Arteria Principal,State Highway Agency,1,Sin jurisdiccion especial,146,40.48535278,-74.47362778,Peaton,El primer evento no fue una colision con un vehiculo automotor en transporte,Not an Intersection,No fue interseccion,Sobre calle,Ninguna,Oscuro con iluminacion,Nublado,No,NO APLICA,20,26,20,34,1,22/02/2022,1
34,New Jersey,340163,1,1,2,1,15,GLOUCESTER (15),1082,FRANKLINVILLE,7,Julio,7,2022,0,32,SR-55,3,Highway estatal,Urbano,Arterial Principal -Freeway o ExpressWay,State Highway Agency,1,Sin jurisdiccion especial,436,39.63826667,-75.09705,Peaton,El primer evento no fue una colision con un vehiculo automotor en transporte,Not an Intersection,No fue interseccion,Sobre Acotamiento,Ninguna,Oscuro sin iluminacion,Despejado,No,NO APLICA,0,31,0,46,1,07/07/2022,1
34,New Jersey,340164,0,0,2,0,35,SOMERSET (35),1081,FRANKLIN PARK,6,Junio,6,2022,20,23,CANAL RD,6,Calle Local Municipalidad,Not Reported,Local,City or Municipal Highway Agency,0,Sin jurisdiccion especial,0,40.50080833,-74.58392778,Vehiculo en movimiento,Angulo,Not an Intersection,No fue interseccion,Sobre calle,Ninguna,Atardecer,Despejado,No,NO APLICA,20,25,20,29,1,06/06/2022,3
34,New Jersey,340165,0,0,3,0,13,ESSEX (13),1480,TOWNSHIP OF IRVINGTON,7,Julio,19,2022,14,20,444,8,Otro,Urbano,Arterial Principal -Freeway o ExpressWay,State Toll Road,1,Sin jurisdiccion especial,1438,40.71776944,-74.23854722,Vehiculo en movimiento,Frente a Detrás,Not an Intersection,No fue interseccion,Sobre calle,Ninguna,Dia total,Despejado,No,NO APLICA,14,24,14,32,1,19/07/2022,4
34,New Jersey,340166,0,0,2,0,35,SOMERSET (35),1081,FRANKLIN PARK,1,Enero,9,2022,18,14,DAVIDSON AVE,6,Calle Local Municipalidad,Urbano,Colector Mayor,City or Municipal Highway Agency,0,Sin jurisdiccion especial,0,40.54149444,-74.51940833,Vehiculo en movimiento,Frente a frente,Not an Intersection,No fue interseccion,Sobre calle,Ninguna,Oscuro con iluminacion,lluvia,No,NO APLICA,17,57,18,1,1,09/01/2022,5
34,New Jersey,340167,0,0,1,0,39,UNION (39),3395,UNION,7,Julio,13,2022,3,13,SR-82 MORRIS AVE,3,Highway estatal,Urbano,Arteria Principal,State Highway Agency,1,Sin jurisdiccion especial,32,40.691475,-74.25258889,Banqueta,El primer evento no fue una colision con un vehiculo automotor en transporte,Not an Intersection,No fue interseccion,Sobre el lado de la calle,Ninguna,Oscuro - iluminacion desconocida,Despejado,No,NO APLICA,3,17,3,26,1,13/07/2022,1
34,New Jersey,340168,0,0,3,2,31,PASSAIC (31),2510,PATERSON,2,Febrero,28,2022,19,36,NORTH 3RD STREET,6,Calle Local Municipalidad,Urbano,Local,City or Municipal Highway Agency,0,Sin jurisdiccion especial,0,40.92489167,-74.17710556,Vehiculo Aparcado,El primer evento no fue una colision con un vehiculo automotor en transporte,Not an Intersection,No fue interseccion,En estacionamiento,Ninguna,Oscuro con iluminacion,Despejado,No,NO APLICA,19,58,20,6,1,28/02/2022,1
34,New Jersey,340169,0,0,1,0,23,MIDDLESEX (23),844,EDISON,2,Febrero,8,2022,22,17,US-1,2,US Highway,Urbano,Arteria Principal,State Highway Agency,1,Sin jurisdiccion especial,322,40.53179444,-74.34995556,Banqueta,El primer evento no fue una colision con un vehiculo automotor en transporte,Not an Intersection,No fue interseccion,Sobre el lado de la calle,Ninguna,Oscuro con iluminacion,Despejado,No,NO APLICA,22,22,22,27,2,08/02/2022,4
34,New Jersey,340170,0,0,1,0,13,ESSEX (13),800,EAST ORANGE,5,Mayo,13,2022,23,42,AMPERE PLZ,6,Calle Local Municipalidad,Urbano,Colector Menor,City or Municipal Highway Agency,0,Sin jurisdiccion especial,99998,40.76620833,-74.19484722,Volcadura,El primer evento no fue una colision con un vehiculo automotor en transporte,Y-Intersection,Interseccion de Y,Sobre calle,Ninguna,Oscuro con iluminacion,Despejado,No,NO APLICA,23,24,23,32,1,13/05/2022,1
34,New Jersey,340171,0,0,1,0,29,OCEAN (29),0,NO APLICA,7,Julio,2,2022,7,41,US-9,2,US Highway,Urbano,Arteria Menor,State Highway Agency,0,Sin jurisdiccion especial,683,39.66651667,-74.28085833,Poste,El primer evento no fue una colision con un vehiculo automotor en transporte,Not an Intersection,No fue interseccion,Sobre el lado de la calle,Ninguna,Dia total,Despejado,No,NO APLICA,7,40,7,50,1,02/07/2022,1
34,New Jersey,340172,0,0,1,0,11,CUMBERLAND (11),3460,VINELAND,7,Julio,19,2022,7,58,CR-552 MAYS LANDING RD,4,Calle del Condado,Urbano,Arteria Menor,County Highway Agency,0,Sin jurisdiccion especial,163,39.42161389,-74.95719167,Poste,El primer evento no fue una colision con un vehiculo automotor en transporte,Not an Intersection,No fue interseccion,Sobre el lado de la calle,Ninguna,Dia total,Despejado,No,NO APLICA,8,0,8,9,1,19/07/2022,1
34,New Jersey,340173,0,0,1,0,15,GLOUCESTER (15),0,NO APLICA,7,Julio,18,2022,8,44,CR-689 BERLIN CROSS KEYS RD,4,Calle del Condado,Urbano,Arteria Principal,County Highway Agency,1,Sin jurisdiccion especial,52,39.72595,-75.015925,Poste,El primer evento no fue una colision con un vehiculo automotor en transporte,Not an Intersection,No fue interseccion,Sobre el lado de la calle,Ninguna,Dia total,Despejado,No,NO APLICA,99,99,99,99,1,18/07/2022,1
34,New Jersey,340174,0,0,1,0,3,BERGEN (3),270,BERGENFIELD,7,Julio,17,2022,3,53,CR-49 NEW BRIDGE RD,4,Calle del Condado,Urbano,Arteria Principal,County Highway Agency,1,Sin jurisdiccion especial,54,40.91410833,-74.010525,Banqueta,El primer evento no fue una colision con un vehiculo automotor en transporte,T-Intersection,Interseccion de T,Sobre el lado de la calle,Ninguna,Oscuro - iluminacion desconocida,lluvia,No,NO APLICA,3,54,4,3,1,17/07/2022,1
34,New Jersey,340175,0,0,1,0,3,BERGEN (3),2940,RUTHERFORD,7,Julio,8,2022,14,56,MARGINAL RD,6,Calle Local Municipalidad,Urbano,Colector Mayor,City or Municipal Highway Agency,0,Sin jurisdiccion especial,99998,40.81797222,-74.11511667,Banqueta,El primer evento no fue una colision con un vehiculo automotor en transporte,Not an Intersection,No fue interseccion,Sobre el lado de la calle,Ninguna,Dia total,lluvia,No,NO APLICA,15,7,15,11,1,08/07/2022,4
34,New Jersey,340176,1,1,1,0,7,CAMDEN (7),2600,PINE HILL,5,Mayo,13,2022,21,57,CR-534,4,Calle del Condado,Urbano,Arteria Principal,County Highway Agency,1,Sin jurisdiccion especial,73,39.80471389,-75.01345556,Peaton,El primer evento no fue una colision con un vehiculo automotor en transporte,Not an Intersection,No fue interseccion,Sobre Acotamiento,Ninguna,Oscuro sin iluminacion,Despejado,No,NO APLICA,22,0,22,7,1,13/05/2022,1
34,New Jersey,340177,0,0,2,0,5,BURLINGTON (5),0,NO APLICA,1,Enero,16,2022,4,18,CR-628 JACKSONVILLE MT HOLLY,4,Calle del Condado,Rural,Colector Mayor,County Highway Agency,0,Sin jurisdiccion especial,33,40.04623611,-74.76531111,Vehiculo en movimiento,Angulo,Not an Intersection,No fue interseccion,Sobre calle,Ninguna,Oscuro con iluminacion,Despejado,No,NO APLICA,3,59,4,8,2,16/01/2022,7
34,New Jersey,340178,1,1,1,0,39,UNION (39),3395,UNION,1,Enero,24,2022,17,32,SR-439,3,Highway estatal,Urbano,Arteria Principal,State Highway Agency,1,Sin jurisdiccion especial,27,40.67486389,-74.22891944,Peaton,El primer evento no fue una colision con un vehiculo automotor en transporte,Not an Intersection,No fue interseccion,Sobre calle,Ninguna,Oscuro con iluminacion,Despejado,No,NO APLICA,17,37,17,40,1,24/01/2022,1
34,New Jersey,340179,1,1,1,0,5,BURLINGTON (5),481,BURLINGTON TOWNSHIP,5,Mayo,20,2022,1,13,CR-634,4,Calle del Condado,Urbano,Arteria Menor,County Highway Agency,0,Sin jurisdiccion especial,99998,40.04882222,-74.8806,Peaton,El primer evento no fue una colision con un vehiculo automotor en transporte,T-Intersection,Interseccion de T,Sobre calle,Ninguna,Oscuro - iluminacion desconocida,Despejado,No,NO APLICA,1,18,1,23,1,20/05/2022,1
34,New Jersey,340180,1,1,1,0,39,UNION (39),3395,UNION,6,Junio,4,2022,19,43,US-22,2,US Highway,Urbano,Arteria Principal,State Highway Agency,1,Sin jurisdiccion especial,532,40.68866389,-74.30524444,Peaton,El primer evento no fue una colision con un vehiculo automotor en transporte,Not an Intersection,No fue interseccion,Sobre calle,Ninguna,Atardecer,Despejado,No,NO APLICA,19,45,19,55,1,04/06/2022,3
34,New Jersey,340181,0,0,1,0,25,MONMOUTH (25),1925,MIDDLETOWN,6,Junio,1,2022,12,19,444,8,Otro,Urbano,Arterial Principal -Freeway o ExpressWay,State Toll Road,1,Sin jurisdiccion especial,1126,40.35962222,-74.13513333,Otro objeto (no fijo),El primer evento no fue una colision con un vehiculo automotor en transporte,Not an Intersection,No fue interseccion,Sobre Acotamiento,Ninguna,Dia total,Despejado,No,NO APLICA,12,23,12,30,1,01/06/2022,1
34,New Jersey,340182,0,0,2,0,7,CAMDEN (7),1790,MAGNOLIA,1,Enero,19,2022,9,52,US-30,2,US Highway,Urbano,Arteria Principal,State Highway Agency,1,Sin jurisdiccion especial,92,39.86153333,-75.03355,Vehiculo en movimiento,Angulo,Four-Way Intersection,Interseccion de 4 direcciones,Sobre calle,Ninguna,Dia total,Despejado,No,NO APLICA,9,55,10,3,2,19/01/2022,5
34,New Jersey,340183,0,0,1,0,41,WARREN (41),2450,OXFORD,6,Junio,10,2022,18,58,WASHINGTON AVE,5,Calle Local - Pueblo,Urbano,Local,City or Municipal Highway Agency,0,Sin jurisdiccion especial,99998,40.80526389,-74.99636111,Otra barrera de trafico,El primer evento no fue una colision con un vehiculo automotor en transporte,Not an Intersection,No fue interseccion,Sobre el lado de la calle,Ninguna,Dia total,Despejado,No,NO APLICA,19,4,19,6,1,10/06/2022,1
34,New Jersey,340184,0,0,1,0,25,MONMOUTH (25),3357,TINTON FALLS,5,Mayo,26,2022,21,46,444,8,Otro,Urbano,Arterial Principal -Freeway o ExpressWay,State Toll Road,1,Sin jurisdiccion especial,1080,40.30708056,-74.09373889,Poste de Señal de trafico,El primer evento no fue una colision con un vehiculo automotor en transporte,Not an Intersection,No fue interseccion,Separador,Ninguna,Oscuro sin iluminacion,Despejado,No,NO APLICA,21,52,22,2,1,26/05/2022,1
34,New Jersey,340185,0,0,2,0,5,BURLINGTON (5),1805,MANSFIELD,6,Junio,8,2022,13,45,US-130,2,US Highway,Urbano,Arteria Principal,State Highway Agency,1,Sin jurisdiccion especial,526,40.11884722,-74.75229167,Vehiculo en movimiento,Angulo,T-Intersection,Interseccion de T,Sobre calle,Ninguna,Dia total,Despejado,No,NO APLICA,13,47,13,56,1,08/06/2022,2
34,New Jersey,340186,0,0,2,0,13,ESSEX (13),800,EAST ORANGE,5,Mayo,7,2022,10,21,444 RAMP,8,Otro,Urbano,Arterial Principal -Freeway o ExpressWay,State Toll Road,1,Sin jurisdiccion especial,1468,40.75543333,-74.20664444,Banqueta,El primer evento no fue una colision con un vehiculo automotor en transporte,Not an Intersection,No fue interseccion,Gore?,Ninguna,Dia total,lluvia,No,NO APLICA,99,99,99,99,1,07/05/2022,3
34,New Jersey,340187,1,1,1,0,11,CUMBERLAND (11),3460,VINELAND,7,Julio,4,2022,21,59,W CHESTNUT AVE,6,Calle Local Municipalidad,Urbano,Colector Mayor,City or Municipal Highway Agency,0,Sin jurisdiccion especial,0,39.47908611,-75.02899444,Peaton,El primer evento no fue una colision con un vehiculo automotor en transporte,Not an Intersection,No fue interseccion,Sobre calle,Ninguna,Oscuro con iluminacion,Despejado,No,NO APLICA,21,53,21,53,1,04/07/2022,1
34,New Jersey,340188,1,1,1,0,39,UNION (39),2630,PLAINFIELD,7,Julio,8,2022,8,40,CR-620 W FRONT ST,4,Calle del Condado,Urbano,Arteria Menor,County Highway Agency,0,Sin jurisdiccion especial,4,40.61656111,-74.42677778,Ciclista,El primer evento no fue una colision con un vehiculo automotor en transporte,Not an Intersection,No fue interseccion,Sobre calle,Ninguna,Dia total,Despejado,No,NO APLICA,8,51,8,59,1,08/07/2022,1
34,New Jersey,340189,1,1,1,0,9,CAPE MAY (9),2370,OCEAN CITY,1,Enero,13,2022,11,28,ASBURY AVE,6,Calle Local Municipalidad,Urbano,Arteria Menor,City or Municipal Highway Agency,0,Sin jurisdiccion especial,99998,39.28092222,-74.57356111,Peaton,El primer evento no fue una colision con un vehiculo automotor en transporte,Four-Way Intersection,Interseccion de 4 direcciones,Sobre calle,Ninguna,Dia total,Despejado,No,NO APLICA,11,32,11,32,1,13/01/2022,1
34,New Jersey,340190,1,1,1,0,15,GLOUCESTER (15),0,NO APLICA,7,Julio,1,2022,8,57,WINSLOW RD,6,Calle Local Municipalidad,Rural,Colector Mayor,City or Municipal Highway Agency,0,Sin jurisdiccion especial,0,39.67381389,-74.94089444,Peaton,El primer evento no fue una colision con un vehiculo automotor en transporte,Not an Intersection,No fue interseccion,Sobre calle,Ninguna,Dia total,Despejado,No,NO APLICA,8,59,9,6,1,01/07/2022,2
34,New Jersey,340191,1,1,1,0,1,ATLANTIC (1),90,ATLANTIC CITY,7,Julio,1,2022,23,31,PACIFIC AVE,6,Calle Local Municipalidad,Urbano,Arteria Menor,City or Municipal Highway Agency,0,Sin jurisdiccion especial,0,39.35961111,-74.42945833,Peaton,El primer evento no fue una colision con un vehiculo automotor en transporte,Four-Way Intersection,Interseccion de 4 direcciones,Sobre calle,Ninguna,Oscuro con iluminacion,Despejado,No,NO APLICA,23,31,23,33,1,01/07/2022,2
34,New Jersey,340192,0,0,2,0,23,MIDDLESEX (23),704,CRANBURY,7,Julio,24,2022,3,28,I-95,1,Interestatal,Urbano,Arterial Principal -Freeway o ExpressWay,State Toll Road,1,Sin jurisdiccion especial,257,40.31301667,-74.49026389,Vehiculo en movimiento,Golpe Lateral - misma direccion,Not an Intersection,No fue interseccion,Sobre calle,Ninguna,Oscuro con iluminacion,Despejado,No,NO APLICA,3,33,3,44,1,24/07/2022,3
34,New Jersey,340193,0,0,2,0,11,CUMBERLAND (11),3460,VINELAND,7,Julio,16,2022,18,39,N MILL RD,6,Calle Local Municipalidad,Urbano,Colector Mayor,City or Municipal Highway Agency,0,Sin jurisdiccion especial,0,39.53130833,-75.05814722,Vehiculo en movimiento,Golpe Lateral - direccion contraria,Not an Intersection,No fue interseccion,Sobre calle,Ninguna,Dia total,lluvia,No,NO APLICA,18,49,19,6,1,16/07/2022,2
34,New Jersey,340194,0,0,2,0,27,MORRIS (27),0,NO APLICA,1,Enero,4,2022,7,32,I-80,1,Interestatal,Urbano,Interestatal,State Highway Agency,1,Sin jurisdiccion especial,283,40.89029167,-74.68235833,Vehiculo en movimiento,Frente a frente,Not an Intersection,No fue interseccion,Sobre calle,Ninguna,Dia total,Despejado,No,NO APLICA,7,37,7,51,1,04/01/2022,2
34,New Jersey,340195,0,0,1,0,33,SALEM (33),567,CARNEYS POINT,6,Junio,14,2022,3,18,I-95,1,Interestatal,Urbano,Interestatal,State Highway Agency,1,Sin jurisdiccion especial,23,39.68526111,-75.44766944,Otro objeto (fijo),El primer evento no fue una colision con un vehiculo automotor en transporte,Not an Intersection,No fue interseccion,Separador,Ninguna,Oscuro con iluminacion,Despejado,No,NO APLICA,3,18,3,25,1,14/06/2022,1
34,New Jersey,340196,0,0,1,0,35,SOMERSET (35),214,BEDMINSTER,7,Julio,4,2022,12,24,I-287 RAMP,1,Interestatal,Urbano,Interestatal,State Highway Agency,1,Sin jurisdiccion especial,210,40.64451667,-74.64735833,Suelo,El primer evento no fue una colision con un vehiculo automotor en transporte,Not an Intersection,No fue interseccion,Sobre Acotamiento,Ninguna,Dia total,Despejado,No,NO APLICA,12,25,12,30,1,04/07/2022,2
34,New Jersey,340197,0,0,2,0,37,SUSSEX (37),3196,SPARTA,1,Enero,30,2022,17,27,SR-181,3,Highway estatal,Urbano,Colector Mayor,State Highway Agency,0,Sin jurisdiccion especial,37,41.01785,-74.62247222,Vehiculo en movimiento,Frente a frente,Not an Intersection,No fue interseccion,Sobre calle,Ninguna,Atardecer,Despejado,No,NO APLICA,17,29,17,42,1,30/01/2022,2
34,New Jersey,340198,0,0,1,0,31,PASSAIC (31),3582,WEST MILFORD,2,Febrero,8,2022,8,16,LAKE SHORE DRIVE,6,Calle Local Municipalidad,Rural,Local,City or Municipal Highway Agency,0,Sin jurisdiccion especial,0,41.17715556,-74.38593611,Poste,El primer evento no fue una colision con un vehiculo automotor en transporte,Not an Intersection,No fue interseccion,Sobre el lado de la calle,Ninguna,Dia total,Nublado,No,NO APLICA,8,16,8,46,1,08/02/2022,1
34,New Jersey,340199,0,0,1,0,7,CAMDEN (7),598,CHERRY HILL,3,Marzo,2,2022,2,45,SR-70,3,Highway estatal,Urbano,Arteria Principal,State Highway Agency,1,Sin jurisdiccion especial,36,39.91351944,-75.01073333,Banqueta,El primer evento no fue una colision con un vehiculo automotor en transporte,Not an Intersection,No fue interseccion,Gore?,Construccion,Oscuro con iluminacion,Despejado,No,NO APLICA,2,53,2,59,1,02/03/2022,1
34,New Jersey,340200,0,0,2,0,39,UNION (39),860,ELIZABETH,7,Julio,27,2022,15,37,SR-27,3,Highway estatal,Urbano,Arteria Principal,State Highway Agency,1,Sin jurisdiccion especial,351,40.67762222,-74.21135,Vehiculo en movimiento,Otro,Not an Intersection,No fue interseccion,Sobre calle,Ninguna,Dia total,Despejado,No,NO APLICA,15,39,15,44,1,27/07/2022,2
34,New Jersey,340201,0,0,3,0,19,HUNTERDON (19),0,NO APLICA,6,Junio,4,2022,18,22,SR-31,3,Highway estatal,Urbano,Arteria Principal,State Highway Agency,1,Sin jurisdiccion especial,229,40.51480556,-74.85253889,Vehiculo en movimiento,Golpe Lateral - direccion contraria,Four-Way Intersection,Interseccion de 4 direcciones,Sobre calle,Ninguna,Dia total,Despejado,No,NO APLICA,18,26,18,32,1,04/06/2022,5
34,New Jersey,340202,0,0,1,0,17,HUDSON (17),1520,JERSEY CITY,3,Marzo,16,2022,12,51,I-78,1,Interestatal,Urbano,Interestatal,State Toll Road,1,Sin jurisdiccion especial,55,40.701325,-74.06780833,Banqueta,El primer evento no fue una colision con un vehiculo automotor en transporte,Not an Intersection,No fue interseccion,Gore?,Ninguna,Dia total,Despejado,No,NO APLICA,12,51,12,56,1,16/03/2022,1
34,New Jersey,340203,0,0,2,0,3,BERGEN (3),2480,PARAMUS,7,Julio,9,2022,5,5,CR-59,4,Calle del Condado,Urbano,Arteria Principal,County Highway Agency,1,Sin jurisdiccion especial,26,40.92460833,-74.05160556,Vehiculo en movimiento,Golpe Lateral - direccion contraria,T-Intersection,Interseccion de T,Sobre calle,Ninguna,Oscuro con iluminacion,Despejado,No,NO APLICA,5,14,5,22,1,09/07/2022,2
34,New Jersey,340204,0,0,1,0,31,PASSAIC (31),660,CLIFTON,4,Abril,2,2022,1,31,444,8,Otro,Urbano,Arterial Principal -Freeway o ExpressWay,State Toll Road,1,Sin jurisdiccion especial,1537,40.84736667,-74.17956389,Arbol,El primer evento no fue una colision con un vehiculo automotor en transporte,Not an Intersection,No fue interseccion,En el medio,Ninguna,Oscuro sin iluminacion,Despejado,No,NO APLICA,99,99,99,99,1,02/04/2022,1
34,New Jersey,340205,0,0,1,0,27,MORRIS (27),2084,MT OLIVE,4,Abril,21,2022,2,49,I-80,1,Interestatal,Urbano,Interestatal,State Highway Agency,1,Sin jurisdiccion especial,266,40.89113056,-74.70710278,Banqueta,El primer evento no fue una colision con un vehiculo automotor en transporte,Not an Intersection,No fue interseccion,Sobre el lado de la calle,Ninguna,Oscuro con iluminacion,Despejado,No,NO APLICA,2,55,3,19,1,21/04/2022,1
34,New Jersey,340206,0,0,1,0,13,ESSEX (13),2320,NUTLEY,8,Agosto,10,2022,14,39,BLOOMFIELD AVE,6,Calle Local Municipalidad,Urbano,Colector Mayor,City or Municipal Highway Agency,0,Sin jurisdiccion especial,0,40.82642222,-74.16256944,Banqueta,El primer evento no fue una colision con un vehiculo automotor en transporte,T-Intersection,Interseccion de T,Sobre el lado de la calle,Ninguna,Dia total,Despejado,No,NO APLICA,99,99,99,99,1,10/08/2022,1
34,New Jersey,340207,0,0,1,0,5,BURLINGTON (5),2081,MT LAUREL,5,Mayo,1,2022,9,24,I-95 RAMP,1,Interestatal,Urbano,Interestatal,State Highway Agency,1,Sin jurisdiccion especial,346,39.93220833,-74.95230556,Poste de Señal de trafico,El primer evento no fue una colision con un vehiculo automotor en transporte,Not an Intersection,No fue interseccion,Gore?,Ninguna,Dia total,Despejado,No,NO APLICA,9,23,9,37,1,01/05/2022,1
34,New Jersey,340208,0,0,1,0,33,SALEM (33),45,ALLOWAY,6,Junio,30,2022,14,11,CR-635,4,Calle del Condado,Rural,Colector Mayor,County Highway Agency,0,Sin jurisdiccion especial,17,39.53696111,-75.29216389,Acotamiento,El primer evento no fue una colision con un vehiculo automotor en transporte,Not an Intersection,No fue interseccion,Sobre el lado de la calle,Ninguna,Dia total,Despejado,No,NO APLICA,14,11,14,19,1,30/06/2022,1
34,New Jersey,340209,0,0,1,0,27,MORRIS (27),610,CHESTER,8,Agosto,14,2022,16,11,CR-513,4,Calle del Condado,Urbano,Arteria Menor,County Highway Agency,0,Sin jurisdiccion especial,307,40.78653611,-74.69245,Banqueta,El primer evento no fue una colision con un vehiculo automotor en transporte,T-Intersection,Interseccion de T,Sobre el lado de la calle,Ninguna,Dia total,Despejado,No,NO APLICA,16,10,16,14,1,14/08/2022,1
34,New Jersey,340210,0,0,5,3,31,PASSAIC (31),2510,PATERSON,7,Julio,18,2022,11,9,ELLISON ST,6,Calle Local Municipalidad,Urbano,Colector Mayor,City or Municipal Highway Agency,0,Sin jurisdiccion especial,0,40.91721667,-74.16192222,Vehiculo en movimiento,Angulo,Four-Way Intersection,Interseccion de 4 direcciones,Sobre calle,Ninguna,Dia total,lluvia,No,NO APLICA,99,99,99,99,1,18/07/2022,3
34,New Jersey,340211,0,0,1,0,3,BERGEN (3),1210,HACKENSACK,5,Mayo,12,2022,20,15,I-80,1,Interestatal,Urbano,Interestatal,State Highway Agency,1,Sin jurisdiccion especial,647,40.88151944,-74.06534722,Volcadura,El primer evento no fue una colision con un vehiculo automotor en transporte,Not an Intersection,No fue interseccion,Sobre calle,Ninguna,Oscuro con iluminacion,Despejado,No,NO APLICA,20,21,20,33,1,12/05/2022,1