Estado,Nombre de Estado,Numero de Caso,Peatones,Personas _no_vehiculos,Vehiculos automotores,Vehiculos estacionados,Condado,Nombre Condado,Ciudad,Nombre Ciudad,Mes,Nombre Mes,Dia,Año,Hora,Minuto,Calle,Ruta,Nombre Ruta,Rural o Urbanoo,Sistema Funcional,Dueño Calle,Sistema Nacional Carreteras,Jurisdiccion Especial,Milla,Latitud,Longitud,Causa del Accidente,Tipo de Accidente,Tipo Interseccion,Columna1,Lugar en la calle,Zona de Trabajo,Luz,Clima,Autobus Escolar,Cruce de Trenes,Hora Notificacion,Minuto Notificacion,Hora Llegada,Minuto Llegada,Decesos,Fecha,PersonaVehiculo
34,New Jersey,340212,0,0,1,0,27,MORRIS (27),2850,ROCKAWAY,6,Junio,17,2022,9,13,SR-15,3,Highway estatal,Urbano,Arteria Menor,State Highway Agency,0,Sin jurisdiccion especial,15,40.90117222,-74.56735833,Arbol,El primer evento no fue una colision con un vehiculo automotor en transporte,Not an Intersection,No fue interseccion,Sobre el lado de la calle,Ninguna,Dia total,Despejado,No,NO APLICA,9,15,9,30,1,17/06/2022,1
34,New Jersey,340213,0,0,1,0,33,SALEM (33),567,CARNEYS POINT,3,Marzo,6,2022,21,22,SR-48,3,Highway estatal,Rural,Colector Mayor,State Highway Agency,0,Sin jurisdiccion especial,99998,39.69991111,-75.43750556,Poste,El primer evento no fue una colision con un vehiculo automotor en transporte,Not an Intersection,No fue interseccion,Sobre el lado de la calle,Ninguna,Oscuro sin iluminacion,Despejado,No,NO APLICA,21,23,21,26,1,06/03/2022,2
34,New Jersey,340214,0,0,3,1,23,MIDDLESEX (23),2208,NORTH BRUNSWICK,1,Enero,3,2022,0,29,US-1,2,US Highway,Urbano,Arteria Principal,State Highway Agency,1,Sin jurisdiccion especial,224,40.44981944,-74.49382778,Vehiculo en movimiento,Angulo,Four-Way Intersection,Interseccion de 4 direcciones,Sobre calle,Ninguna,Oscuro con iluminacion,Despejado,No,NO APLICA,0,33,0,40,1,03/01/2022,2
34,New Jersey,340215,0,0,1,0,19,HUNTERDON (19),0,NO APLICA,1,Enero,1,2022,5,29,CR-513,4,Calle del Condado,Rural,Arteria Menor,County Highway Agency,0,Sin jurisdiccion especial,46,40.57280556,-75.00931111,Poste o otros soportes,El primer evento no fue una colision con un vehiculo automotor en transporte,Not an Intersection,No fue interseccion,Sobre el lado de la calle,Ninguna,Oscuro sin iluminacion,lluvia,No,NO APLICA,5,30,5,37,1,01/01/2022,1
34,New Jersey,340216,0,0,2,0,15,GLOUCESTER (15),1150,GLASSBORO,3,Marzo,15,2022,16,24,CR-641 ELLIS ST,4,Calle del Condado,Urbano,Arteria Menor,County Highway Agency,0,Sin jurisdiccion especial,46,39.69639167,-75.1325,Vehiculo en movimiento,Frente a frente,Not an Intersection,No fue interseccion,Sobre calle,Ninguna,Dia total,Despejado,No,NO APLICA,16,27,16,31,1,15/03/2022,3
34,New Jersey,340217,2,2,3,0,39,UNION (39),3395,UNION,3,Marzo,29,2022,20,18,I-78,1,Interestatal,Urbano,Interestatal,State Highway Agency,1,Sin jurisdiccion especial,532,40.70581111,-74.24838889,Vehiculo en movimiento,Golpe Lateral - misma direccion,Not an Intersection,No fue interseccion,Sobre calle,Ninguna,Oscuro con iluminacion,Despejado,No,NO APLICA,20,22,20,24,1,29/03/2022,2
34,New Jersey,340218,0,0,1,0,3,BERGEN (3),2940,RUTHERFORD,6,Junio,29,2022,21,54,SR-3 RAMP,3,Highway estatal,Urbano,Arterial Principal -Freeway o ExpressWay,State Highway Agency,1,Sin jurisdiccion especial,58,40.81542222,-74.11092778,Fin de valla,El primer evento no fue una colision con un vehiculo automotor en transporte,Not an Intersection,No fue interseccion,Gore?,Ninguna,Oscuro con iluminacion,Despejado,No,NO APLICA,21,58,22,9,1,29/06/2022,1
34,New Jersey,340219,0,0,1,0,13,ESSEX (13),2130,NEWARK,8,Agosto,27,2022,3,30,US-1 AND 9,2,US Highway,Urbano,Arterial Principal -Freeway o ExpressWay,State Highway Agency,1,Sin jurisdiccion especial,471,40.70102778,-74.18531389,Valla Ferrocarril,El primer evento no fue una colision con un vehiculo automotor en transporte,Not an Intersection,No fue interseccion,Sobre el lado de la calle,Ninguna,Oscuro - iluminacion desconocida,Despejado,No,NO APLICA,99,99,99,99,1,27/08/2022,1
34,New Jersey,340220,0,0,1,0,33,SALEM (33),567,CARNEYS POINT,4,Abril,24,2022,22,29,I-295,1,Interestatal,Urbano,Interestatal,State Highway Agency,1,Sin jurisdiccion especial,56,39.71566667,-75.43453056,Arbol,El primer evento no fue una colision con un vehiculo automotor en transporte,Not an Intersection,No fue interseccion,En el medio,Ninguna,Oscuro sin iluminacion,Despejado,No,NO APLICA,22,29,22,34,1,24/04/2022,1
34,New Jersey,340221,0,0,1,0,25,MONMOUTH (25),100,ATLANTIC HIGHLANDS,7,Julio,17,2022,1,57,SR-36,3,Highway estatal,Urbano,Arteria Principal,State Highway Agency,1,Sin jurisdiccion especial,99998,40.40594444,-74.0339,Poste,El primer evento no fue una colision con un vehiculo automotor en transporte,Not an Intersection,No fue interseccion,Sobre el lado de la calle,Ninguna,Oscuro sin iluminacion,lluvia,No,NO APLICA,1,59,2,21,1,17/07/2022,1
34,New Jersey,340222,0,0,2,0,3,BERGEN (3),820,EAST RUTHERFORD,5,Mayo,6,2022,3,56,SR-3,3,Highway estatal,Urbano,Arterial Principal -Freeway o ExpressWay,State Highway Agency,1,Sin jurisdiccion especial,80,40.80676111,-74.07553611,Vehiculo en movimiento,Frente a Detrás,Not an Intersection,No fue interseccion,Sobre Acotamiento,Ninguna,Oscuro con iluminacion,Despejado,No,NO APLICA,4,4,4,9,1,06/05/2022,3
34,New Jersey,340223,0,0,2,0,19,HUNTERDON (19),0,NO APLICA,5,Mayo,26,2022,20,11,I-78,1,Interestatal,Rural,Interestatal,State Highway Agency,1,Sin jurisdiccion especial,124,40.64018056,-74.98700278,Vehiculo en movimiento,Golpe Lateral - misma direccion,Not an Intersection,No fue interseccion,Sobre calle,Ninguna,Atardecer,Despejado,No,NO APLICA,20,9,20,15,1,26/05/2022,2
34,New Jersey,340224,0,0,1,0,1,ATLANTIC (1),851,EGG HARBOR TOWNSHIP,6,Junio,25,2022,15,12,CR-646 DELILAH RD,4,Calle del Condado,Urbano,Arteria Menor,County Highway Agency,0,Sin jurisdiccion especial,99998,39.41249167,-74.53075278,Banqueta,El primer evento no fue una colision con un vehiculo automotor en transporte,Not an Intersection,No fue interseccion,Sobre el lado de la calle,Ninguna,Dia total,Despejado,No,NO APLICA,99,99,99,99,1,25/06/2022,1
34,New Jersey,340225,0,0,5,0,39,UNION (39),3290,SUMMIT,5,Mayo,19,2022,14,1,SR-24,3,Highway estatal,Urbano,Arterial Principal -Freeway o ExpressWay,State Highway Agency,1,Sin jurisdiccion especial,90,40.72220278,-74.3379,Vehiculo en movimiento,Frente a Detrás,Not an Intersection,No fue interseccion,Sobre calle,Ninguna,Dia total,Despejado,No,NO APLICA,14,4,14,15,1,19/05/2022,6
34,New Jersey,340226,0,0,3,0,13,ESSEX (13),2130,NEWARK,4,Abril,24,2022,4,14,I-95,1,Interestatal,Urbano,Interestatal,State Highway Agency,1,Sin jurisdiccion especial,1059,40.71625833,-74.136125,Vehiculo en movimiento,Angulo,Not an Intersection,No fue interseccion,Sobre calle,Ninguna,Oscuro - iluminacion desconocida,Despejado,No,NO APLICA,4,28,4,41,1,24/04/2022,4
34,New Jersey,340227,0,0,2,0,41,WARREN (41),1455,HOPE,5,Mayo,2,2022,10,22,CR-519 BRIDGEVILLE HOPE RD,4,Calle del Condado,Rural,Arteria Menor,County Highway Agency,0,Sin jurisdiccion especial,477,40.90638056,-74.96836111,Vehiculo en movimiento,Frente a frente,Not an Intersection,No fue interseccion,Sobre calle,Ninguna,Dia total,lluvia,No,NO APLICA,10,26,10,38,1,02/05/2022,2
34,New Jersey,340228,0,0,1,0,13,ESSEX (13),2130,NEWARK,8,Agosto,19,2022,16,13,I-95,1,Interestatal,Urbano,Interestatal,State Highway Agency,1,Sin jurisdiccion especial,1071,40.73172222,-74.12616111,Valla Ferrocarril,El primer evento no fue una colision con un vehiculo automotor en transporte,Not an Intersection,No fue interseccion,Sobre el lado de la calle,Ninguna,Dia total,Despejado,No,NO APLICA,99,99,99,99,2,19/08/2022,2
34,New Jersey,340229,0,0,2,0,5,BURLINGTON (5),0,NO APLICA,4,Abril,24,2022,13,25,CR-542,4,Calle del Condado,Rural,Colector Mayor,County Highway Agency,0,Sin jurisdiccion especial,83,39.6421,-74.65583611,Vehiculo en movimiento,Angulo,Not an Intersection,No fue interseccion,Sobre calle,Ninguna,Dia total,Despejado,No,NO APLICA,13,10,13,10,1,24/04/2022,2
34,New Jersey,340230,0,0,2,0,17,HUDSON (17),1540,KEARNY,5,Mayo,14,2022,1,17,CR-507 SCHUYLER AVE,4,Calle del Condado,Urbano,Arteria Menor,County Highway Agency,0,Sin jurisdiccion especial,11,40.76223611,-74.14132222,Vehiculo en movimiento,Angulo,T-Intersection,Interseccion de T,Sobre calle,Ninguna,Oscuro con iluminacion,lluvia,No,NO APLICA,1,18,1,27,2,14/05/2022,4
34,New Jersey,340231,0,0,2,0,27,MORRIS (27),2498,PARSIPPANY,5,Mayo,14,2022,4,0,I-80,1,Interestatal,Urbano,Interestatal,State Highway Agency,1,Sin jurisdiccion especial,462,40.85859722,-74.37034722,Vehiculo en movimiento,Frente a frente,Not an Intersection,No fue interseccion,Sobre calle,Ninguna,Oscuro sin iluminacion,lluvia,No,NO APLICA,4,3,4,14,1,14/05/2022,2
34,New Jersey,340232,0,0,1,0,3,BERGEN (3),820,EAST RUTHERFORD,6,Junio,24,2022,23,39,I-95 RAMP,1,Interestatal,Urbano,Interestatal,State Highway Agency,1,Sin jurisdiccion especial,1127,40.79993056,-74.07322778,Valla Ferrocarril,El primer evento no fue una colision con un vehiculo automotor en transporte,Not an Intersection,No fue interseccion,Sobre el lado de la calle,Ninguna,Oscuro con iluminacion,Despejado,No,NO APLICA,99,99,99,99,1,24/06/2022,1
34,New Jersey,340233,0,0,5,0,37,SUSSEX (37),0,NO APLICA,5,Mayo,21,2022,12,51,SR-23,3,Highway estatal,Rural,Arteria Principal,State Highway Agency,1,Sin jurisdiccion especial,272,41.08756389,-74.51668889,Vehiculo en movimiento,Angulo,Not an Intersection,No fue interseccion,Sobre calle,Ninguna,Dia total,Despejado,No,NO APLICA,99,99,99,99,1,21/05/2022,10
34,New Jersey,340234,0,0,2,0,7,CAMDEN (7),3465,VOORHEES,4,Abril,15,2022,20,55,SR-73,3,Highway estatal,Urbano,Arteria Principal,State Highway Agency,1,Sin jurisdiccion especial,211,39.85238611,-74.92216944,Vehiculo en movimiento,No reportado,Not an Intersection,No fue interseccion,Sobre calle,Construccion,Oscuro con iluminacion,Despejado,No,NO APLICA,20,58,21,3,2,15/04/2022,3
34,New Jersey,340235,0,0,2,0,41,WARREN (41),18,ALLAMUCHY,5,Mayo,15,2022,13,34,I-80,1,Interestatal,Rural,Interestatal,State Highway Agency,1,Sin jurisdiccion especial,222,40.91827222,-74.77838611,Vehiculo en movimiento,Frente a Detrás,Not an Intersection,No fue interseccion,Sobre calle,Ninguna,Dia total,Despejado,No,NO APLICA,13,38,13,54,1,15/05/2022,3
34,New Jersey,340236,1,1,1,0,29,OCEAN (29),0,NO APLICA,5,Mayo,2,2022,21,43,SR-72,3,Highway estatal,Urbano,Arteria Principal,State Highway Agency,1,Sin jurisdiccion especial,220,39.70695278,-74.27568056,Ciclista,El primer evento no fue una colision con un vehiculo automotor en transporte,Not an Intersection,No fue interseccion,Sobre calle,Ninguna,Oscuro sin iluminacion,Despejado,No,NO APLICA,21,44,21,55,1,02/05/2022,1
34,New Jersey,340237,0,0,2,0,25,MONMOUTH (25),1925,MIDDLETOWN,6,Junio,27,2022,19,27,444,8,Otro,Urbano,Arterial Principal -Freeway o ExpressWay,State Toll Road,1,Sin jurisdiccion especial,1120,40.35530278,-74.12366389,Vehiculo en movimiento,Frente a frente,Not an Intersection,No fue interseccion,Sobre calle,Ninguna,Dia total,Despejado,No,NO APLICA,19,38,19,59,1,27/06/2022,3
34,New Jersey,340239,0,0,2,0,1,ATLANTIC (1),10,ABSECON,6,Junio,16,2022,17,9,CR-585 S SHORE RD,4,Calle del Condado,Urbano,Arteria Menor,County Highway Agency,0,Sin jurisdiccion especial,94,39.42175,-74.49990556,Vehiculo en movimiento,Angulo,Four-Way Intersection,Interseccion de 4 direcciones,Sobre calle,Ninguna,Dia total,Despejado,No,NO APLICA,17,12,17,17,1,16/06/2022,17
34,New Jersey,340240,0,0,2,0,29,OCEAN (29),0,NO APLICA,6,Junio,2,2022,10,10,444,8,Otro,Urbano,Arterial Principal -Freeway o ExpressWay,State Toll Road,1,Sin jurisdiccion especial,618,39.68355556,-74.3039,Vehiculo en movimiento,Golpe Lateral - misma direccion,Not an Intersection,No fue interseccion,Sobre calle,Ninguna,Dia total,Despejado,No,NO APLICA,10,14,10,21,1,02/06/2022,3
34,New Jersey,340241,0,0,1,0,31,PASSAIC (31),3610,WOODLAND PARK,7,Julio,8,2022,10,36,I-80,1,Interestatal,Urbano,Interestatal,State Highway Agency,1,Sin jurisdiccion especial,573,40.90511944,-74.19138333,Poste de Señal de trafico,El primer evento no fue una colision con un vehiculo automotor en transporte,Not an Intersection,No fue interseccion,Gore?,Ninguna,Dia total,Despejado,No,NO APLICA,10,47,10,53,1,08/07/2022,1
34,New Jersey,340242,1,1,1,0,13,ESSEX (13),2130,NEWARK,6,Junio,23,2022,20,51,SOUTH ORANGE AVE,6,Calle Local Municipalidad,Urbano,Local,City or Municipal Highway Agency,0,Sin jurisdiccion especial,266,40.74503889,-74.21888056,Peaton,El primer evento no fue una colision con un vehiculo automotor en transporte,Four-Way Intersection,Interseccion de 4 direcciones,Sobre calle,Ninguna,Atardecer,Despejado,No,NO APLICA,20,55,21,6,1,23/06/2022,1
34,New Jersey,340243,1,1,1,0,11,CUMBERLAND (11),0,NO APLICA,7,Julio,1,2022,0,50,SR-49,3,Highway estatal,Urbano,Arteria Principal,State Highway Agency,1,Sin jurisdiccion especial,303,39.41445278,-75.15007778,Peaton,El primer evento no fue una colision con un vehiculo automotor en transporte,Not an Intersection,No fue interseccion,Sobre calle,Ninguna,Oscuro sin iluminacion,Despejado,No,NO APLICA,0,47,0,59,1,01/07/2022,1
34,New Jersey,340244,1,1,1,0,1,ATLANTIC (1),1050,FOLSOM,7,Julio,4,2022,22,13,US-322,2,US Highway,Urbano,Arteria Menor,State Highway Agency,0,Sin jurisdiccion especial,347,39.59091667,-74.85183333,Peaton,El primer evento no fue una colision con un vehiculo automotor en transporte,Not an Intersection,No fue interseccion,Sobre calle,Ninguna,Oscuro con iluminacion,Despejado,No,NO APLICA,99,99,99,99,1,04/07/2022,3
34,New Jersey,340245,1,1,1,0,13,ESSEX (13),800,EAST ORANGE,7,Julio,31,2022,1,24,CR-508 CENTRAL AVE,4,Calle del Condado,Urbano,Arteria Principal,County Highway Agency,1,Sin jurisdiccion especial,99998,40.75764167,-74.21890278,Peaton,El primer evento no fue una colision con un vehiculo automotor en transporte,Not an Intersection,No fue interseccion,Sobre calle,Ninguna,Oscuro con iluminacion,Despejado,No,NO APLICA,1,28,1,36,1,31/07/2022,2
34,New Jersey,340246,0,0,2,0,5,BURLINGTON (5),735,RIVERSIDE PARK,6,Junio,20,2022,1,36,US-130,2,US Highway,Urbano,Arteria Principal,State Highway Agency,1,Sin jurisdiccion especial,405,40.02433056,-74.93791389,Vehiculo en movimiento,Frente a Detrás,Not an Intersection,No fue interseccion,Sobre calle,Ninguna,Oscuro con iluminacion,Despejado,No,NO APLICA,1,44,1,55,1,20/06/2022,2
34,New Jersey,340247,1,1,1,0,27,MORRIS (27),2003,MONTVILLE,7,Julio,13,2022,18,3,SR-46,3,Highway estatal,Urbano,Arteria Principal,State Highway Agency,1,Sin jurisdiccion especial,99998,40.85886389,-74.334075,Peaton,El primer evento no fue una colision con un vehiculo automotor en transporte,Not an Intersection,No fue interseccion,Sobre calle,Ninguna,Dia total,Despejado,No,NO APLICA,18,9,18,18,1,13/07/2022,1
34,New Jersey,340248,0,0,1,0,37,SUSSEX (37),1993,MONTAGUE,7,Julio,10,2022,12,36,CR-650 DECKERTOWN TPK,4,Calle del Condado,Rural,Colector Mayor,County Highway Agency,0,Sin jurisdiccion especial,48,41.25772222,-74.73362778,Volcadura,El primer evento no fue una colision con un vehiculo automotor en transporte,Not an Intersection,No fue interseccion,Sobre el lado de la calle,Ninguna,Dia total,Despejado,No,NO APLICA,12,38,13,2,1,10/07/2022,1
34,New Jersey,340249,0,0,2,0,29,OCEAN (29),1590,LAKEWOOD,7,Julio,22,2022,20,22,SOUTH LAKE DRIVE,6,Calle Local Municipalidad,Urbano,Colector Mayor,City or Municipal Highway Agency,0,Sin jurisdiccion especial,99998,40.09686667,-74.237925,Vehiculo en movimiento,Frente a frente,Not an Intersection,No fue interseccion,Sobre calle,Ninguna,Oscuro - iluminacion desconocida,Despejado,No,NO APLICA,20,25,20,31,1,22/07/2022,3
34,New Jersey,340250,0,0,2,1,41,WARREN (41),0,NO APLICA,5,Mayo,4,2022,10,22,SR-57,3,Highway estatal,Rural,Arteria Principal,State Highway Agency,1,Sin jurisdiccion especial,151,40.78215556,-74.90359444,Vehiculo Aparcado,El primer evento no fue una colision con un vehiculo automotor en transporte,Not an Intersection,No fue interseccion,Sobre Acotamiento,Ninguna,Dia total,Despejado,No,NO APLICA,10,34,10,46,1,04/05/2022,1
34,New Jersey,340251,0,0,2,0,41,WARREN (41),1455,HOPE,7,Julio,18,2022,7,15,I-80,1,Interestatal,Rural,Interestatal,State Highway Agency,1,Sin jurisdiccion especial,131,40.92495,-74.93979167,Poste de Señal de trafico,El primer evento no fue una colision con un vehiculo automotor en transporte,Not an Intersection,No fue interseccion,En el medio,Ninguna,Dia total,lluvia,No,NO APLICA,7,23,7,33,1,18/07/2022,3
34,New Jersey,340252,0,0,2,0,5,BURLINGTON (5),1774,LUMBERTON,7,Julio,27,2022,5,59,SR-38,3,Highway estatal,Urbano,Arteria Principal,State Highway Agency,1,Sin jurisdiccion especial,182,39.97453889,-74.75152778,Vehiculo en movimiento,Angulo,Four-Way Intersection,Interseccion de 4 direcciones,Sobre calle,Ninguna,Dia total,Despejado,No,NO APLICA,6,4,6,12,1,27/07/2022,2
34,New Jersey,340253,0,0,2,0,41,WARREN (41),18,ALLAMUCHY,7,Julio,15,2022,18,8,SHADES OF DEATH RD,6,Calle Local Municipalidad,Rural,Local,City or Municipal Highway Agency,0,Sin jurisdiccion especial,99998,40.93063333,-74.85384167,Vehiculo en movimiento,Frente a frente,Not an Intersection,No fue interseccion,Sobre calle,Ninguna,Dia total,Despejado,No,NO APLICA,18,9,18,21,1,15/07/2022,2
34,New Jersey,340254,0,0,1,0,5,BURLINGTON (5),481,BURLINGTON TOWNSHIP,6,Junio,26,2022,0,0,700,8,Otro,Urbano,Arterial Principal -Freeway o ExpressWay,State Toll Road,1,Sin jurisdiccion especial,451,40.03855278,-74.809575,Alguien se cayo/avento del vehiculo,El primer evento no fue una colision con un vehiculo automotor en transporte,Not an Intersection,No fue interseccion,Sobre calle,Ninguna,Oscuro sin iluminacion,Despejado,No,NO APLICA,0,0,0,12,1,26/06/2022,2
34,New Jersey,340255,0,0,3,0,11,CUMBERLAND (11),3460,VINELAND,7,Julio,9,2022,23,24,SR-55,3,Highway estatal,Urbano,Arterial Principal -Freeway o ExpressWay,State Highway Agency,1,Sin jurisdiccion especial,295,39.44425278,-75.06215833,Vehiculo en movimiento,Frente a Detrás,Not an Intersection,No fue interseccion,Sobre calle,Ninguna,Oscuro sin iluminacion,Despejado,No,NO APLICA,23,25,23,32,1,09/07/2022,4
34,New Jersey,340256,0,0,2,0,15,GLOUCESTER (15),3569,WEST DEPTFORD,7,Julio,20,2022,18,35,I-295,1,Interestatal,Urbano,Interestatal,State Highway Agency,1,Sin jurisdiccion especial,232,39.85839722,-75.15950833,Vehiculo en movimiento,Frente a Detrás,Not an Intersection,No fue interseccion,Sobre calle,Ninguna,Dia total,Despejado,No,NO APLICA,18,39,18,43,1,20/07/2022,3
34,New Jersey,340257,0,0,3,0,41,WARREN (41),0,NO APLICA,6,Junio,26,2022,13,22,SR-31,3,Highway estatal,Urbano,Arteria Principal,State Highway Agency,1,Sin jurisdiccion especial,406,40.72898611,-74.97355833,Vehiculo en movimiento,Angulo,Four-Way Intersection,Interseccion de 4 direcciones,Sobre calle,Ninguna,Dia total,Despejado,No,NO APLICA,13,23,13,37,1,26/06/2022,3
34,New Jersey,340258,0,0,4,0,1,ATLANTIC (1),3090,SOMERS POINT,7,Julio,21,2022,21,8,444,8,Otro,Urbano,Arterial Principal -Freeway o ExpressWay,State Toll Road,1,Sin jurisdiccion especial,301,39.32474722,-74.61688056,Vehiculo en movimiento,Otro,Not an Intersection,No fue interseccion,Sobre calle,Ninguna,Oscuro con iluminacion,Despejado,No,NO APLICA,21,11,21,20,1,21/07/2022,6
34,New Jersey,340259,2,2,1,0,27,MORRIS (27),2567,PEQUANNOCK,6,Junio,11,2022,8,25,CR-511A BOULEVARD,4,Calle del Condado,Urbano,Arteria Menor,County Highway Agency,0,Sin jurisdiccion especial,52,40.96005,-74.30058889,Ciclista,El primer evento no fue una colision con un vehiculo automotor en transporte,T-Intersection,Interseccion de T,Sobre calle,Ninguna,Dia total,Despejado,No,NO APLICA,8,25,8,31,1,11/06/2022,1
34,New Jersey,340260,0,0,2,0,41,WARREN (41),0,NO APLICA,7,Julio,10,2022,12,18,CR-623 BRASS CASTLE RD,4,Calle del Condado,Urbano,Colector Mayor,County Highway Agency,0,Sin jurisdiccion especial,9,40.76407222,-75.01002222,Vehiculo en movimiento,Angulo,T-Intersection,Interseccion de T,Sobre calle,Ninguna,Dia total,Despejado,No,NO APLICA,12,35,12,49,1,10/07/2022,2
34,New Jersey,340261,1,1,1,0,1,ATLANTIC (1),3090,SOMERS POINT,7,Julio,23,2022,21,38,SR-52,3,Highway estatal,Urbano,Arteria Principal,State Highway Agency,1,Sin jurisdiccion especial,24,39.31103611,-74.60002778,Peaton,El primer evento no fue una colision con un vehiculo automotor en transporte,T-Intersection,Interseccion de T,Sobre calle,Ninguna,Oscuro con iluminacion,Despejado,No,NO APLICA,21,39,21,44,1,23/07/2022,2
34,New Jersey,340262,0,0,5,0,5,BURLINGTON (5),0,NO APLICA,5,Mayo,10,2022,6,48,SR-70,3,Highway estatal,Urbano,Arteria Principal,State Highway Agency,1,Sin jurisdiccion especial,307,39.93110278,-74.52870556,Vehiculo en movimiento,Golpe Lateral - direccion contraria,T-Intersection,Interseccion de T,Sobre calle,Ninguna,Amanecer,Despejado,No,NO APLICA,6,48,6,48,1,10/05/2022,6
34,New Jersey,340263,0,0,1,0,27,MORRIS (27),2084,MT OLIVE,7,Julio,7,2022,15,7,I-80,1,Interestatal,Urbano,Interestatal,State Highway Agency,1,Sin jurisdiccion especial,253,40.90153611,-74.72186944,Arbol,El primer evento no fue una colision con un vehiculo automotor en transporte,Not an Intersection,No fue interseccion,Sobre el lado de la calle,Ninguna,Dia total,Despejado,No,NO APLICA,15,1,15,12,1,07/07/2022,1
34,New Jersey,340264,0,0,2,0,35,SOMERSET (35),1417,HILLSBOROUGH,7,Julio,22,2022,16,7,CR-514 AMWELL RD,4,Calle del Condado,Urbano,Colector Mayor,County Highway Agency,0,Sin jurisdiccion especial,95,40.50020556,-74.71183889,Vehiculo en movimiento,Frente a frente,Not an Intersection,No fue interseccion,Sobre calle,Ninguna,Dia total,Despejado,No,NO APLICA,16,30,16,43,1,22/07/2022,3
34,New Jersey,340265,1,1,1,0,17,HUDSON (17),190,BAYONNE,1,Enero,8,2022,7,47,WEST 23RD STREET,6,Calle Local Municipalidad,Urbano,Local,City or Municipal Highway Agency,0,Sin jurisdiccion especial,99998,40.66589444,-74.12208889,Peaton,El primer evento no fue una colision con un vehiculo automotor en transporte,Not an Intersection,No fue interseccion,Sobre calle,Ninguna,Dia total,Despejado,No,NO APLICA,7,50,7,52,1,08/01/2022,1
34,New Jersey,340266,0,1,2,1,21,MERCER (21),1265,HAMILTON TOWNSHIP,3,Marzo,19,2022,0,44,SR-29,3,Highway estatal,Urbano,Arterial Principal -Freeway o ExpressWay,State Highway Agency,1,Sin jurisdiccion especial,6,40.18455,-74.73365278,Vehiculo Aparcado,El primer evento no fue una colision con un vehiculo automotor en transporte,Not an Intersection,No fue interseccion,Sobre Acotamiento,Ninguna,Oscuro con iluminacion,Despejado,No,NO APLICA,0,51,0,53,1,19/03/2022,1
34,New Jersey,340267,1,1,1,0,7,CAMDEN (7),450,BROOKLAWN,4,Abril,2,2022,19,50,CR-551 KINGS HIGHWAY,4,Calle del Condado,Urbano,Arteria Menor,County Highway Agency,0,Sin jurisdiccion especial,99998,39.87765278,-75.11013611,Peaton,El primer evento no fue una colision con un vehiculo automotor en transporte,Not an Intersection,No fue interseccion,Sobre calle,Ninguna,Oscuro con iluminacion,Despejado,No,NO APLICA,19,53,19,57,1,02/04/2022,1
34,New Jersey,340268,0,0,1,0,33,SALEM (33),567,CARNEYS POINT,3,Marzo,20,2022,7,56,I-95 RAMP,1,Interestatal,Urbano,Interestatal,State Highway Agency,1,Sin jurisdiccion especial,13,39.67921667,-75.48786389,Banqueta,El primer evento no fue una colision con un vehiculo automotor en transporte,Not an Intersection,No fue interseccion,Isla de trafico para peatones,Ninguna,Dia total,Despejado,No,NO APLICA,8,0,8,7,1,20/03/2022,2
34,New Jersey,340269,0,0,1,0,21,MERCER (21),2845,ROBBINSVILLE,4,Abril,21,2022,3,43,I-95,1,Interestatal,Rural,Interestatal,State Highway Agency,1,Sin jurisdiccion especial,634,40.21910833,-74.56380556,Valla Ferrocarril,El primer evento no fue una colision con un vehiculo automotor en transporte,Not an Intersection,No fue interseccion,En el medio,Ninguna,Oscuro sin iluminacion,Despejado,No,NO APLICA,3,47,4,3,1,21/04/2022,1
34,New Jersey,340270,0,0,1,0,23,MIDDLESEX (23),3705,WOODBRIDGE,6,Junio,23,2022,6,31,444 GSP,8,Otro,Urbano,Arterial Principal -Freeway o ExpressWay,State Highway Agency,1,Sin jurisdiccion especial,1348,40.60744167,-74.31310833,Volcadura,El primer evento no fue una colision con un vehiculo automotor en transporte,Not an Intersection,No fue interseccion,Sobre calle,Ninguna,Dia total,Nublado,No,NO APLICA,6,33,6,41,1,23/06/2022,2
34,New Jersey,340271,0,0,2,0,15,GLOUCESTER (15),747,DEPTFORD,5,Mayo,2,2022,13,50,SR-55 RAMP,3,Highway estatal,Urbano,Arterial Principal -Freeway o ExpressWay,State Highway Agency,1,Sin jurisdiccion especial,560,39.79510833,-75.11269167,Vehiculo en movimiento,Frente a frente,Not an Intersection,No fue interseccion,Sobre calle,Ninguna,Dia total,Despejado,No,NO APLICA,13,49,13,54,2,02/05/2022,2
34,New Jersey,340272,0,0,2,0,1,ATLANTIC (1),1270,HAMMONTON,5,Mayo,5,2022,19,29,446 ATLANTIC CITY EXPRESSWAY,8,Otro,Urbano,Arterial Principal -Freeway o ExpressWay,State Highway Agency,1,Sin jurisdiccion especial,285,39.62144444,-74.83873056,Vehiculo en movimiento,Frente a Detrás,Not an Intersection,No fue interseccion,Sobre calle,Ninguna,Atardecer,Despejado,No,NO APLICA,19,42,19,47,1,05/05/2022,2
34,New Jersey,340273,0,0,1,0,29,OCEAN (29),1505,CASSVILLE,4,Abril,12,2022,16,10,CR-571 TOMS RIVER RD,4,Calle del Condado,Urbano,Arteria Menor,County Highway Agency,0,Sin jurisdiccion especial,129,40.04294444,-74.31506667,Poste o otros soportes,El primer evento no fue una colision con un vehiculo automotor en transporte,Not an Intersection,No fue interseccion,Sobre el lado de la calle,Ninguna,Dia total,Despejado,No,NO APLICA,16,13,16,20,1,12/04/2022,1