Estado,Nombre de Estado,Numero de Caso,Peatones,Personas _no_vehiculos,Vehiculos automotores,Vehiculos estacionados,Condado,Nombre Condado,Ciudad,Nombre Ciudad,Mes,Nombre Mes,Dia,Año,Hora,Minuto,Calle,Ruta,Nombre Ruta,Rural o Urbanoo,Sistema Funcional,Dueño Calle,Sistema Nacional Carreteras,Jurisdiccion Especial,Milla,Latitud,Longitud,Causa del Accidente,Tipo de Accidente,Tipo Interseccion,Columna1,Lugar en la calle,Zona de Trabajo,Luz,Clima,Autobus Escolar,Cruce de Trenes,Hora Notificacion,Minuto Notificacion,Hora Llegada,Minuto Llegada,Decesos,Fecha,PersonaVehiculo
34,New Jersey,340274,1,1,1,0,1,ATLANTIC (1),90,ATLANTIC CITY,4,Abril,20,2022,22,50,US-40,2,US Highway,Urbano,Arteria Principal,State Highway Agency,1,Sin jurisdiccion especial,630,39.37476944,-74.48258056,Peaton,El primer evento no fue una colision con un vehiculo automotor en transporte,Not an Intersection,No fue interseccion,Sobre calle,Ninguna,Oscuro sin iluminacion,Despejado,No,NO APLICA,22,57,23,2,1,20/04/2022,2
34,New Jersey,340275,1,1,1,0,39,UNION (39),1700,LINDEN,4,Abril,19,2022,18,39,CR-617 SOUTH WOOD AVE,4,Calle del Condado,Urbano,Arteria Menor,County Highway Agency,0,Sin jurisdiccion especial,16,40.62818056,-74.24674444,Peaton,El primer evento no fue una colision con un vehiculo automotor en transporte,T-Intersection,Interseccion de T,Sobre calle,Ninguna,Atardecer,lluvia,No,NO APLICA,18,50,18,54,1,19/04/2022,1
34,New Jersey,340276,0,0,2,0,33,SALEM (33),567,CARNEYS POINT,4,Abril,19,2022,4,30,I-95,1,Interestatal,Urbano,Interestatal,State Highway Agency,1,Sin jurisdiccion especial,23,39.68528056,-75.44771944,Vehiculo en movimiento,Frente a Detrás,Not an Intersection,No fue interseccion,Sobre calle,Ninguna,Oscuro - iluminacion desconocida,lluvia,No,NO APLICA,4,32,4,50,1,19/04/2022,4
34,New Jersey,340277,0,0,2,0,33,SALEM (33),2725,QUINTON,4,Abril,24,2022,9,49,SR-49,3,Highway estatal,Rural,Arteria Principal,State Highway Agency,1,Sin jurisdiccion especial,108,39.55835278,-75.44273611,Vehiculo en movimiento,Angulo,T-Intersection,Interseccion de T,Sobre calle,Ninguna,Dia total,Despejado,No,NO APLICA,9,46,9,50,1,24/04/2022,2
34,New Jersey,340278,0,0,1,0,33,SALEM (33),0,NO APLICA,5,Mayo,28,2022,2,33,I-295,1,Interestatal,Rural,Interestatal,State Highway Agency,1,Sin jurisdiccion especial,55,39.71881667,-75.42968611,Acotamiento,El primer evento no fue una colision con un vehiculo automotor en transporte,Not an Intersection,No fue interseccion,Sobre el lado de la calle,Ninguna,Oscuro sin iluminacion,Despejado,No,NO APLICA,3,38,3,54,2,28/05/2022,2
34,New Jersey,340279,0,0,1,0,27,MORRIS (27),0,NO APLICA,1,Enero,13,2022,15,16,I-287,1,Interestatal,Urbano,Interestatal,State Highway Agency,1,Sin jurisdiccion especial,328,40.75835,-74.52218889,Barrera de Trafico de Concreto,El primer evento no fue una colision con un vehiculo automotor en transporte,Not an Intersection,No fue interseccion,Sobre el lado de la calle,Ninguna,Dia total,Despejado,No,NO APLICA,15,24,15,34,1,13/01/2022,1
34,New Jersey,340280,0,0,1,0,11,CUMBERLAND (11),1845,MAURICETOWN,5,Mayo,19,2022,22,42,SR-47,3,Highway estatal,Rural,Arteria Menor,State Highway Agency,0,Sin jurisdiccion especial,277,39.23374444,-74.96536667,Arbol,El primer evento no fue una colision con un vehiculo automotor en transporte,Not an Intersection,No fue interseccion,Sobre el lado de la calle,Ninguna,Oscuro - iluminacion desconocida,Despejado,No,NO APLICA,22,40,22,47,1,19/05/2022,2
34,New Jersey,340281,0,0,1,0,33,SALEM (33),2617,PITTSGROVE TOWNSHIP,5,Mayo,3,2022,20,53,CR-553,4,Calle del Condado,Urbano,Colector Mayor,County Highway Agency,0,Sin jurisdiccion especial,296,39.552675,-75.153325,Arbol,El primer evento no fue una colision con un vehiculo automotor en transporte,T-Intersection,Interseccion de T,Sobre el lado de la calle,Ninguna,Oscuro sin iluminacion,Despejado,No,NO APLICA,6,19,6,27,1,03/05/2022,2
34,New Jersey,340282,0,0,2,0,23,MIDDLESEX (23),3705,WOODBRIDGE,6,Junio,30,2022,12,41,I-95 RAMP,1,Interestatal,Urbano,Interestatal,State Highway Agency,1,Sin jurisdiccion especial,906,40.53972222,-74.30296111,Fin de valla,El primer evento no fue una colision con un vehiculo automotor en transporte,Not an Intersection,No fue interseccion,Gore?,Ninguna,Dia total,Despejado,No,NO APLICA,12,42,12,46,1,30/06/2022,3
34,New Jersey,340283,1,1,2,0,5,BURLINGTON (5),611,CHESTERFIELD,6,Junio,17,2022,3,32,I-95,1,Interestatal,Urbano,Interestatal,State Highway Agency,1,Sin jurisdiccion especial,568,40.15813056,-74.65751389,Vehiculo en movimiento,Angulo,Not an Intersection,No fue interseccion,Sobre calle,Ninguna,Oscuro sin iluminacion,Despejado,No,NO APLICA,99,99,99,99,1,17/06/2022,1
34,New Jersey,340284,0,0,2,0,1,ATLANTIC (1),851,EGG HARBOR TOWNSHIP,6,Junio,29,2022,17,48,US-40,2,US Highway,Urbano,Arteria Principal,State Highway Agency,1,Sin jurisdiccion especial,583,39.39554444,-74.54448889,Vehiculo en movimiento,Angulo,T-Intersection,Interseccion de T,Sobre calle,Ninguna,Dia total,Despejado,No,NO APLICA,17,49,17,54,1,29/06/2022,2
34,New Jersey,340285,0,0,2,0,39,UNION (39),1550,KENILWORTH,6,Junio,7,2022,15,47,444-GARDEN STATE PARKWAY,8,Otro,Urbano,Arterial Principal -Freeway o ExpressWay,State Toll Road,1,Sin jurisdiccion especial,1403,40.68287778,-74.27677778,Vehiculo en movimiento,Angulo,Not an Intersection,No fue interseccion,Sobre calle,Construccion,Dia total,Despejado,No,NO APLICA,15,58,16,4,1,07/06/2022,9
34,New Jersey,340286,0,0,1,0,3,BERGEN (3),560,CARLSTADT,6,Junio,9,2022,13,57,MONROE ST,6,Calle Local Municipalidad,Urbano,Arteria Menor,City or Municipal Highway Agency,0,Sin jurisdiccion especial,99998,40.84115833,-74.093475,Banqueta,El primer evento no fue una colision con un vehiculo automotor en transporte,Not an Intersection,No fue interseccion,Sobre el lado de la calle,Ninguna,Dia total,Despejado,No,NO APLICA,14,1,14,11,1,09/06/2022,1
34,New Jersey,340287,0,0,1,0,25,MONMOUTH (25),1465,HOWELL,7,Julio,29,2022,22,27,NORSE DRIVE,6,Calle Local Municipalidad,Urbano,Local,City or Municipal Highway Agency,0,Sin jurisdiccion especial,99998,40.17472222,-74.18283056,Poste,El primer evento no fue una colision con un vehiculo automotor en transporte,Not an Intersection,No fue interseccion,Sobre el lado de la calle,Ninguna,Oscuro sin iluminacion,Despejado,No,NO APLICA,21,34,21,48,1,29/07/2022,1
34,New Jersey,340288,0,0,2,0,1,ATLANTIC (1),90,ATLANTIC CITY,7,Julio,29,2022,14,10,SOUTH CAROLINA AVE,6,Calle Local Municipalidad,Urbano,Arteria Menor,City or Municipal Highway Agency,0,Sin jurisdiccion especial,4,39.36742222,-74.43001667,Volcadura,El primer evento no fue una colision con un vehiculo automotor en transporte,Four-Way Intersection,Interseccion de 4 direcciones,Sobre calle,Ninguna,Dia total,Despejado,No,NO APLICA,14,15,14,16,1,29/07/2022,2
34,New Jersey,340290,0,0,1,0,5,BURLINGTON (5),1290,HAINESPORT,6,Junio,7,2022,6,55,ARK ROAD,6,Calle Local Municipalidad,Urbano,Colector Mayor,City or Municipal Highway Agency,0,Sin jurisdiccion especial,99998,39.95096944,-74.86051944,Objeto aventado o caido,El primer evento no fue una colision con un vehiculo automotor en transporte,Not an Intersection,No fue interseccion,Sobre calle,Ninguna,Dia total,Despejado,No,NO APLICA,6,57,7,1,1,07/06/2022,2
34,New Jersey,340291,0,0,2,0,29,OCEAN (29),1801,MANCHESTER TOWNSHIP,6,Junio,24,2022,19,58,CR-08 COMMONWEALTH BLVD,4,Calle del Condado,Urbano,Colector Mayor,County Highway Agency,0,Sin jurisdiccion especial,7,40.00104444,-74.26824444,Vehiculo en movimiento,Angulo,Four-Way Intersection,Interseccion de 4 direcciones,Sobre calle,Ninguna,Atardecer,Despejado,No,NO APLICA,20,4,20,11,1,24/06/2022,3
34,New Jersey,340292,0,0,3,0,5,BURLINGTON (5),2540,PEMBERTON,6,Junio,18,2022,15,33,SR-70,3,Highway estatal,Urbano,Arteria Principal,State Highway Agency,1,Sin jurisdiccion especial,308,39.93128889,-74.52848889,Vehiculo en movimiento,Frente a frente,T-Intersection,Interseccion de T,Sobre calle,Ninguna,Dia total,Despejado,No,NO APLICA,15,37,15,43,1,18/06/2022,4
34,New Jersey,340293,0,0,2,0,29,OCEAN (29),0,NO APLICA,7,Julio,24,2022,13,59,CR-539,4,Calle del Condado,Rural,Colector Mayor,County Highway Agency,0,Sin jurisdiccion especial,37,39.65593056,-74.34501389,Vehiculo en movimiento,Angulo,Not an Intersection,No fue interseccion,Sobre calle,Ninguna,Dia total,Despejado,No,NO APLICA,99,99,99,99,1,24/07/2022,3
34,New Jersey,340294,0,0,2,0,29,OCEAN (29),3360,TOMS RIVER,7,Julio,22,2022,0,24,CR-527 LAKEHURST RD,4,Calle del Condado,Urbano,Arteria Menor,County Highway Agency,0,Sin jurisdiccion especial,12,39.9612,-74.21837222,Vehiculo en movimiento,Angulo,Four-Way Intersection,Interseccion de 4 direcciones,Sobre calle,Ninguna,Oscuro - iluminacion desconocida,Despejado,No,NO APLICA,0,25,0,27,3,22/07/2022,6
34,New Jersey,340295,1,1,2,0,3,BERGEN (3),3511,WASHINGTON TOWNSHIP,7,Julio,23,2022,23,50,444-GARDEN STATE PARKWAY,8,Otro,Urbano,Arterial Principal -Freeway o ExpressWay,State Toll Road,1,Sin jurisdiccion especial,1659,40.97745833,-74.07080833,Vehiculo en movimiento,Frente a Detrás,Not an Intersection,No fue interseccion,Sobre calle,Ninguna,Oscuro con iluminacion,Despejado,No,NO APLICA,99,99,99,99,1,23/07/2022,3
34,New Jersey,340296,0,0,5,0,13,ESSEX (13),2130,NEWARK,7,Julio,16,2022,6,16,I-78,1,Interestatal,Urbano,Interestatal,State Highway Agency,1,Sin jurisdiccion especial,574,40.71061389,-74.17467222,Valla Ferrocarril,El primer evento no fue una colision con un vehiculo automotor en transporte,Not an Intersection,No fue interseccion,Separador,Ninguna,Dia total,Despejado,No,NO APLICA,6,21,6,30,1,16/07/2022,7
34,New Jersey,340297,0,0,1,0,21,MERCER (21),2845,ROBBINSVILLE,8,Agosto,4,2022,4,59,I-195,1,Interestatal,Urbano,Interestatal,State Highway Agency,1,Sin jurisdiccion especial,56,40.19968056,-74.62149167,Banqueta,El primer evento no fue una colision con un vehiculo automotor en transporte,Not an Intersection,No fue interseccion,Sobre el lado de la calle,Ninguna,Oscuro sin iluminacion,Despejado,No,NO APLICA,5,1,5,7,1,04/08/2022,1
34,New Jersey,340298,1,1,1,0,5,BURLINGTON (5),735,RIVERSIDE PARK,8,Agosto,2,2022,4,27,US-130,2,US Highway,Urbano,Arteria Principal,State Highway Agency,1,Sin jurisdiccion especial,389,40.01083056,-74.96449167,Peaton,El primer evento no fue una colision con un vehiculo automotor en transporte,Four-Way Intersection,Interseccion de 4 direcciones,Sobre calle,Ninguna,Oscuro con iluminacion,Despejado,No,NO APLICA,4,30,4,32,1,02/08/2022,1
34,New Jersey,340299,0,0,3,0,23,MIDDLESEX (23),2970,SAYREVILLE,1,Enero,6,2022,11,1,CR-615 BORDENTOWN AVE,4,Calle del Condado,Urbano,Arteria Menor,County Highway Agency,0,Sin jurisdiccion especial,99998,40.43154722,-74.33827778,Vehiculo en movimiento,Frente a frente,Not an Intersection,No fue interseccion,Sobre calle,Ninguna,Dia total,Despejado,No,NO APLICA,11,5,11,14,1,06/01/2022,3
34,New Jersey,340300,0,0,2,0,25,MONMOUTH (25),1832,MARLBORO,2,Febrero,13,2022,2,21,US-9,2,US Highway,Urbano,Arteria Principal,State Highway Agency,1,Sin jurisdiccion especial,1207,40.35323333,-74.30704722,Vehiculo en movimiento,Angulo,Four-Way Intersection,Interseccion de 4 direcciones,Sobre calle,Ninguna,Oscuro con iluminacion,Granizo,No,NO APLICA,2,20,2,34,1,13/02/2022,2
34,New Jersey,340301,0,0,2,0,5,BURLINGTON (5),0,NO APLICA,2,Febrero,12,2022,13,38,CR-532 CHATSWORTH RD,4,Calle del Condado,Rural,Colector Mayor,County Highway Agency,0,Sin jurisdiccion especial,145,39.81425278,-74.547375,Volcadura,El primer evento no fue una colision con un vehiculo automotor en transporte,Not an Intersection,No fue interseccion,Sobre calle,Ninguna,Dia total,Despejado,No,NO APLICA,13,36,13,45,1,12/02/2022,2
34,New Jersey,340302,1,1,1,0,27,MORRIS (27),1780,MADISON,7,Julio,20,2022,10,37,NONE,8,Otro,Trafficway Not in State Inventory,Via no en inventario estatal,Trafficway Not in State Inventory,0,Sin jurisdiccion especial,0,40.76365278,-74.42153056,Peaton,El primer evento no fue una colision con un vehiculo automotor en transporte,Not an Intersection,No fue interseccion,Sobre calle,Ninguna,Dia total,Despejado,No,NO APLICA,99,99,99,99,1,20/07/2022,0
34,New Jersey,340303,0,0,2,0,15,GLOUCESTER (15),747,DEPTFORD,4,Abril,22,2022,6,27,CR-663 TANYARD RD,4,Calle del Condado,Urbano,Arteria Menor,County Highway Agency,0,Sin jurisdiccion especial,27,39.80850278,-75.12902778,Vehiculo en movimiento,Angulo,Four-Way Intersection,Interseccion de 4 direcciones,Sobre calle,Ninguna,Dia total,Despejado,No,NO APLICA,6,28,6,32,1,22/04/2022,6
34,New Jersey,340304,0,0,2,0,23,MIDDLESEX (23),844,EDISON,5,Mayo,5,2022,22,27,US-1,2,US Highway,Urbano,Arteria Principal,State Highway Agency,1,Sin jurisdiccion especial,99998,40.54431389,-74.33206111,Volcadura,El primer evento no fue una colision con un vehiculo automotor en transporte,Four-Way Intersection,Interseccion de 4 direcciones,Sobre calle,Ninguna,Oscuro - iluminacion desconocida,Despejado,No,NO APLICA,22,30,22,36,1,05/05/2022,3
34,New Jersey,340305,0,0,2,0,25,MONMOUTH (25),8,ABERDEEN,7,Julio,10,2022,19,18,444-GARDEN STATE PARKWAY,8,Otro,Urbano,Arterial Principal -Freeway o ExpressWay,State Toll Road,1,Sin jurisdiccion especial,1197,40.42789722,-74.22858889,Vehiculo en movimiento,Frente a Detrás,Not an Intersection,No fue interseccion,Sobre calle,Ninguna,Dia total,Despejado,No,NO APLICA,19,24,19,39,3,10/07/2022,6
34,New Jersey,340306,0,0,3,0,3,BERGEN (3),3335,TEANECK,7,Julio,13,2022,0,2,I-95,1,Interestatal,Urbano,Interestatal,State Highway Agency,1,Sin jurisdiccion especial,1200,40.87369167,-73.99545556,Vehiculo en movimiento,Frente a Detrás,Not an Intersection,No fue interseccion,Sobre calle,Ninguna,Oscuro - iluminacion desconocida,Despejado,No,NO APLICA,0,6,0,18,2,13/07/2022,11
34,New Jersey,340307,0,0,1,0,13,ESSEX (13),2130,NEWARK,2,Febrero,26,2022,16,43,I-95,1,Interestatal,Urbano,Interestatal,State Toll Road,1,Sin jurisdiccion especial,1047,40.70474167,-74.15226111,Volcadura,El primer evento no fue una colision con un vehiculo automotor en transporte,Not an Intersection,No fue interseccion,Sobre calle,Ninguna,Dia total,Despejado,No,NO APLICA,16,49,17,4,1,26/02/2022,1
34,New Jersey,340308,0,0,1,0,11,CUMBERLAND (11),0,NO APLICA,5,Mayo,26,2022,7,28,CR-767 BATTLE LANE,4,Calle del Condado,Urbano,Local,County Highway Agency,0,Sin jurisdiccion especial,9,39.33895278,-75.05270833,Poste de Señal de trafico,El primer evento no fue una colision con un vehiculo automotor en transporte,Not an Intersection,No fue interseccion,Sobre el lado de la calle,Ninguna,Dia total,Despejado,No,NO APLICA,7,26,7,32,1,26/05/2022,1
34,New Jersey,340309,0,0,1,0,23,MIDDLESEX (23),844,EDISON,6,Junio,13,2022,22,52,CR-630 PARSONAGE RD,4,Calle del Condado,Urbano,Arteria Menor,County Highway Agency,0,Sin jurisdiccion especial,99998,40.55555,-74.34367778,Estructura de puente overhead,El primer evento no fue una colision con un vehiculo automotor en transporte,Not an Intersection,No fue interseccion,Sobre calle,Ninguna,Oscuro - iluminacion desconocida,Despejado,No,NO APLICA,22,56,22,59,1,13/06/2022,2
34,New Jersey,340310,0,0,1,0,23,MIDDLESEX (23),2970,SAYREVILLE,6,Junio,13,2022,23,3,US-9,2,US Highway,Urbano,Arteria Principal,State Highway Agency,1,Sin jurisdiccion especial,1287,40.46517222,-74.29606667,Banqueta,El primer evento no fue una colision con un vehiculo automotor en transporte,Not an Intersection,No fue interseccion,Sobre el lado de la calle,Ninguna,Oscuro con iluminacion,Despejado,No,NO APLICA,23,10,23,21,1,13/06/2022,1
34,New Jersey,340311,0,0,1,0,33,SALEM (33),0,NO APLICA,7,Julio,17,2022,5,9,CR-643 STRAUGNS MILL RD,4,Calle del Condado,Rural,Colector Mayor,County Highway Agency,0,Sin jurisdiccion especial,30,39.75058889,-75.40793611,Poste de Señal de trafico,El primer evento no fue una colision con un vehiculo automotor en transporte,Not an Intersection,No fue interseccion,Sobre el lado de la calle,Ninguna,Oscuro sin iluminacion,Despejado,No,NO APLICA,5,7,5,14,1,17/07/2022,1
34,New Jersey,340312,0,0,2,0,3,BERGEN (3),60,ALPINE,1,Enero,24,2022,1,49,446-PALISADES INTERSTATE PARKW,8,Otro,Urbano,Arterial Principal -Freeway o ExpressWay,State Toll Road,1,Sin jurisdiccion especial,94,40.98546389,-73.91191667,Vehiculo en movimiento,Frente a Detrás,Not an Intersection,No fue interseccion,Sobre calle,Ninguna,Oscuro sin iluminacion,Despejado,No,NO APLICA,1,57,2,13,1,24/01/2022,5
34,New Jersey,340313,0,0,2,0,23,MIDDLESEX (23),1920,NEW BRUNSWICK,6,Junio,19,2022,13,13,SR-28 BOUND BROOK RD,3,Highway estatal,Urbano,Arteria Principal,State Highway Agency,1,Sin jurisdiccion especial,108,40.58422222,-74.48310278,Vehiculo en movimiento,Angulo,T-Intersection,Interseccion de T,Sobre calle,Ninguna,Dia total,Despejado,No,NO APLICA,99,99,99,99,1,19/06/2022,2
34,New Jersey,340314,0,0,2,0,23,MIDDLESEX (23),2417,OLD BRIDGE,6,Junio,5,2022,18,53,SR-34,3,Highway estatal,Urbano,Arteria Principal,State Highway Agency,1,Sin jurisdiccion especial,254,40.4247,-74.28562222,Vehiculo en movimiento,Golpe Lateral - misma direccion,T-Intersection,Interseccion de T,Sobre calle,Ninguna,Dia total,Despejado,No,NO APLICA,99,99,99,99,1,05/06/2022,2
34,New Jersey,340315,0,0,2,1,7,CAMDEN (7),110,AUDUBON,5,Mayo,9,2022,8,53,CR-635 W NICHOLSON RD,4,Calle del Condado,Urbano,Arteria Principal,County Highway Agency,1,Sin jurisdiccion especial,24,39.89458056,-75.07612222,Poste,El primer evento no fue una colision con un vehiculo automotor en transporte,T-Intersection,Interseccion de T,Sobre el lado de la calle,Ninguna,Dia total,Despejado,No,NO APLICA,8,55,8,57,1,09/05/2022,1
34,New Jersey,340316,0,0,1,0,29,OCEAN (29),0,NO APLICA,7,Julio,10,2022,12,3,444-GARDEN STATE PARKWAY,8,Otro,Urbano,Arterial Principal -Freeway o ExpressWay,State Toll Road,1,Sin jurisdiccion especial,605,39.66760278,-74.31752222,Valla Ferrocarril,El primer evento no fue una colision con un vehiculo automotor en transporte,Not an Intersection,No fue interseccion,En el medio,Ninguna,Dia total,Despejado,No,NO APLICA,99,99,99,99,1,10/07/2022,1
34,New Jersey,340317,0,0,1,0,21,MERCER (21),935,EWING TOWNSHIP,6,Junio,1,2022,1,58,CR-643 LOWER FERRY RD,4,Calle del Condado,Urbano,Arteria Menor,County Highway Agency,0,Sin jurisdiccion especial,99998,40.25126111,-74.80771944,Barda,El primer evento no fue una colision con un vehiculo automotor en transporte,T-Intersection,Interseccion de T,Sobre el lado de la calle,Ninguna,Oscuro con iluminacion,Despejado,No,NO APLICA,99,99,99,99,1,01/06/2022,1
34,New Jersey,340318,0,0,1,0,7,CAMDEN (7),0,NO APLICA,5,Mayo,21,2022,3,27,CR-705 SICKLERVILLE RD,4,Calle del Condado,Urbano,Arteria Menor,County Highway Agency,0,Sin jurisdiccion especial,62,39.75528889,-75.03095,Arbol,El primer evento no fue una colision con un vehiculo automotor en transporte,Not an Intersection,No fue interseccion,Sobre el lado de la calle,Ninguna,Oscuro - iluminacion desconocida,Despejado,No,NO APLICA,99,99,99,99,1,21/05/2022,1
34,New Jersey,340319,0,0,1,0,35,SOMERSET (35),3504,WARREN,7,Julio,13,2022,6,6,I-78,1,Interestatal,Urbano,Interestatal,State Highway Agency,1,Sin jurisdiccion especial,392,40.64897778,-74.48569444,Acotamiento,El primer evento no fue una colision con un vehiculo automotor en transporte,Not an Intersection,No fue interseccion,En el medio,Ninguna,Dia total,Despejado,No,NO APLICA,6,14,6,23,1,13/07/2022,2
34,New Jersey,340320,0,0,1,0,11,CUMBERLAND (11),3460,VINELAND,8,Agosto,14,2022,17,8,CR-555 SOUTH MAIN RD,4,Calle del Condado,Urbano,Arteria Menor,County Highway Agency,0,Sin jurisdiccion especial,126,39.43098333,-75.02141389,Buzon de correo,El primer evento no fue una colision con un vehiculo automotor en transporte,Not an Intersection,No fue interseccion,Sobre el lado de la calle,Ninguna,Dia total,Despejado,No,NO APLICA,17,7,17,14,1,14/08/2022,1
34,New Jersey,340321,0,0,2,0,11,CUMBERLAND (11),0,NO APLICA,8,Agosto,19,2022,18,5,SR-77,3,Highway estatal,Rural,Arteria Menor,State Highway Agency,0,Sin jurisdiccion especial,67,39.51486111,-75.22964444,Vehiculo en movimiento,Angulo,Four-Way Intersection,Interseccion de 4 direcciones,Sobre calle,Ninguna,Dia total,Despejado,No,NO APLICA,99,99,99,99,1,19/08/2022,18
34,New Jersey,340322,1,1,1,0,29,OCEAN (29),1505,CASSVILLE,8,Agosto,7,2022,15,51,INDIERO RD,6,Calle Local Municipalidad,Urbano,Local,City or Municipal Highway Agency,0,Sin jurisdiccion especial,99998,40.14763889,-74.36,Peaton,El primer evento no fue una colision con un vehiculo automotor en transporte,Not an Intersection,No fue interseccion,Sobre calle,Ninguna,Dia total,Despejado,No,NO APLICA,14,53,15,7,1,07/08/2022,1
34,New Jersey,340323,0,0,2,0,37,SUSSEX (37),3501,WANTAGE TOWNSHIP,5,Mayo,11,2022,18,27,CR-565 ROSS CORNER SUSSEX RD,4,Calle del Condado,Urbano,Arteria Menor,County Highway Agency,0,Sin jurisdiccion especial,55,41.18114722,-74.652025,Vehiculo en movimiento,Frente a frente,Not an Intersection,No fue interseccion,Sobre calle,Ninguna,Dia total,Despejado,No,NO APLICA,18,34,18,41,1,11/05/2022,2
34,New Jersey,340324,0,0,2,0,5,BURLINGTON (5),3149,SOUTHAMPTON,3,Marzo,30,2022,7,54,CR-616 CHURCH RD,4,Calle del Condado,Urbano,Colector Mayor,County Highway Agency,0,Sin jurisdiccion especial,114,39.92908056,-74.77702778,Vehiculo en movimiento,Angulo,Four-Way Intersection,Interseccion de 4 direcciones,Sobre calle,Ninguna,Dia total,Despejado,No,NO APLICA,7,53,8,1,1,30/03/2022,2
34,New Jersey,340325,1,1,1,0,7,CAMDEN (7),520,CAMDEN,5,Mayo,27,2022,18,51,MORTON ST,6,Calle Local Municipalidad,Urbano,Local,City or Municipal Highway Agency,0,Sin jurisdiccion especial,0,39.92644722,-75.10324167,Ciclista,El primer evento no fue una colision con un vehiculo automotor en transporte,Not an Intersection,No fue interseccion,Sobre calle,Ninguna,Dia total,Despejado,No,NO APLICA,18,49,18,56,1,27/05/2022,1
34,New Jersey,340326,1,1,1,0,7,CAMDEN (7),2600,PINE HILL,5,Mayo,6,2022,0,2,EAST 11TH AVE,6,Calle Local Municipalidad,Urbano,Local,City or Municipal Highway Agency,0,Sin jurisdiccion especial,0,39.78121667,-74.98266111,Peaton,El primer evento no fue una colision con un vehiculo automotor en transporte,Not an Intersection,No fue interseccion,Sobre calle,Ninguna,Oscuro sin iluminacion,Despejado,No,NO APLICA,0,4,0,8,1,06/05/2022,1
34,New Jersey,340327,1,1,2,1,7,CAMDEN (7),3694,WINSLOW,8,Agosto,26,2022,21,50,446-ACE,8,Otro,Urbano,Arterial Principal -Freeway o ExpressWay,State Highway Agency,1,Sin jurisdiccion especial,363,39.69908333,-74.94111944,Vehiculo Aparcado,El primer evento no fue una colision con un vehiculo automotor en transporte,Not an Intersection,No fue interseccion,Sobre Acotamiento,Ninguna,Oscuro sin iluminacion,Despejado,No,NO APLICA,21,47,21,55,1,26/08/2022,1
34,New Jersey,340328,0,0,1,0,15,GLOUCESTER (15),0,NO APLICA,8,Agosto,20,2022,3,46,SR-42,3,Highway estatal,Urbano,Arteria Principal,State Highway Agency,1,Sin jurisdiccion especial,63,39.76696667,-75.04820833,Banqueta,El primer evento no fue una colision con un vehiculo automotor en transporte,Not an Intersection,No fue interseccion,En el medio,Ninguna,Oscuro - iluminacion desconocida,Despejado,No,NO APLICA,3,52,3,54,1,20/08/2022,2
34,New Jersey,340329,1,1,1,0,1,ATLANTIC (1),3090,SOMERS POINT,8,Agosto,27,2022,2,43,444-GARDEN STATE PARKWAY,8,Otro,Urbano,Arterial Principal -Freeway o ExpressWay,State Toll Road,1,Sin jurisdiccion especial,284,39.30352778,-74.61822778,Peaton,El primer evento no fue una colision con un vehiculo automotor en transporte,Not an Intersection,No fue interseccion,Sobre calle,Ninguna,Oscuro - iluminacion desconocida,Despejado,No,NO APLICA,2,46,2,56,1,27/08/2022,1
34,New Jersey,340330,1,1,1,0,23,MIDDLESEX (23),3705,WOODBRIDGE,5,Mayo,22,2022,1,5,444-GARDEN STATE PARKWAY,8,Otro,Urbano,Arterial Principal -Freeway o ExpressWay,State Highway Agency,1,Sin jurisdiccion especial,1304,40.54818611,-74.31366111,Peaton,El primer evento no fue una colision con un vehiculo automotor en transporte,Not an Intersection,No fue interseccion,Sobre Acotamiento,Ninguna,Reportada como desconocida,Reportado como desconocido,No,NO APLICA,99,99,99,99,1,22/05/2022,1
34,New Jersey,340331,1,1,1,0,29,OCEAN (29),3360,TOMS RIVER,8,Agosto,16,2022,5,45,SR-37,3,Highway estatal,Urbano,Arteria Principal,State Highway Agency,1,Sin jurisdiccion especial,75,39.96290278,-74.18390278,Peaton,El primer evento no fue una colision con un vehiculo automotor en transporte,T-Intersection,Interseccion de T,Sobre calle,Ninguna,Amanecer,Despejado,No,NO APLICA,5,52,5,59,1,16/08/2022,1
34,New Jersey,340332,0,0,3,0,21,MERCER (21),1265,HAMILTON TOWNSHIP,8,Agosto,27,2022,0,10,I-195,1,Interestatal,Urbano,Interestatal,State Highway Agency,1,Sin jurisdiccion especial,2,40.18396944,-74.71836667,Vehiculo en movimiento,Frente a Detrás,Not an Intersection,No fue interseccion,Sobre calle,Ninguna,Oscuro - iluminacion desconocida,Despejado,No,NO APLICA,0,18,0,24,1,27/08/2022,3
34,New Jersey,340333,0,0,2,0,23,MIDDLESEX (23),3144,SOUTH BRUNSWICK,3,Marzo,12,2022,0,42,US-1,2,US Highway,Urbano,Arteria Principal,State Highway Agency,1,Sin jurisdiccion especial,180,40.40181111,-74.55235556,Vehiculo en movimiento,Frente a Detrás,Not an Intersection,No fue interseccion,Sobre calle,Ninguna,Oscuro sin iluminacion,Despejado,No,NO APLICA,0,48,1,10,1,12/03/2022,2
34,New Jersey,340334,0,0,2,0,23,MIDDLESEX (23),3144,SOUTH BRUNSWICK,7,Julio,11,2022,15,21,CR-697 GEORGES RD,4,Calle del Condado,Urbano,Colector Mayor,County Highway Agency,0,Sin jurisdiccion especial,16,40.37909167,-74.51442222,Vehiculo en movimiento,Angulo,T-Intersection,Interseccion de T,Sobre calle,Ninguna,Dia total,Despejado,No,NO APLICA,15,32,15,40,1,11/07/2022,2