Estado,Nombre de Estado,Numero de Caso,Peatones,Personas _no_vehiculos,Vehiculos automotores,Vehiculos estacionados,Condado,Nombre Condado,Ciudad,Nombre Ciudad,Mes,Nombre Mes,Dia,Año,Hora,Minuto,Calle,Ruta,Nombre Ruta,Rural o Urbanoo,Sistema Funcional,Dueño Calle,Sistema Nacional Carreteras,Jurisdiccion Especial,Milla,Latitud,Longitud,Causa del Accidente,Tipo de Accidente,Tipo Interseccion,Columna1,Lugar en la calle,Zona de Trabajo,Luz,Clima,Autobus Escolar,Cruce de Trenes,Hora Notificacion,Minuto Notificacion,Hora Llegada,Minuto Llegada,Decesos,Fecha,PersonaVehiculo
34,New Jersey,340335,0,0,2,0,29,OCEAN (29),0,NO APLICA,8,Agosto,30,2022,17,11,CR-530,4,Calle del Condado,Urbano,Arteria Menor,County Highway Agency,0,Sin jurisdiccion especial,246,39.94264722,-74.30161389,Vehiculo en movimiento,Angulo,Not an Intersection,No fue interseccion,Sobre calle,Ninguna,Dia total,Despejado,No,NO APLICA,17,12,17,24,1,30/08/2022,2
34,New Jersey,340336,0,0,2,0,19,HUNTERDON (19),0,NO APLICA,8,Agosto,2,2022,9,43,US-202,2,US Highway,Urbano,Arteria Principal,State Highway Agency,1,Sin jurisdiccion especial,57,40.42506389,-74.86394444,Vehiculo en movimiento,Golpe Lateral - misma direccion,Not an Intersection,No fue interseccion,Sobre calle,Ninguna,Dia total,Despejado,No,NO APLICA,9,46,9,54,1,02/08/2022,2
34,New Jersey,340337,0,0,3,0,9,CAPE MAY (9),0,NO APLICA,8,Agosto,25,2022,16,16,US-9,2,US Highway,Urbano,Arteria Principal,State Highway Agency,1,Sin jurisdiccion especial,175,39.13774722,-74.77215,Vehiculo en movimiento,Golpe Lateral - direccion contraria,T-Intersection,Interseccion de T,Sobre calle,Ninguna,Dia total,Despejado,No,NO APLICA,16,16,16,29,1,25/08/2022,4
34,New Jersey,340338,0,0,2,0,11,CUMBERLAND (11),1970,MILLVILLE,8,Agosto,5,2022,10,40,CR-555 WHEATON AVE,4,Calle del Condado,Urbano,Arteria Menor,County Highway Agency,0,Sin jurisdiccion especial,115,39.416975,-75.02893889,Vehiculo en movimiento,Angulo,T-Intersection,Interseccion de T,Sobre calle,Ninguna,Dia total,Despejado,No,NO APLICA,10,43,10,44,1,05/08/2022,2
34,New Jersey,340339,1,1,3,0,39,UNION (39),860,ELIZABETH,8,Agosto,18,2022,23,47,US-1,2,US Highway,Urbano,Arteria Principal,State Highway Agency,1,Sin jurisdiccion especial,454,40.67720833,-74.19724722,Peaton,El primer evento no fue una colision con un vehiculo automotor en transporte,Four-Way Intersection,Interseccion de 4 direcciones,Sobre calle,Ninguna,Oscuro sin iluminacion,Despejado,No,NO APLICA,23,52,23,58,1,18/08/2022,3
34,New Jersey,340340,0,0,3,0,41,WARREN (41),1455,HOPE,8,Agosto,4,2022,10,50,CR-521 HOPE BLAIRSTOWN RD,4,Calle del Condado,Rural,Arteria Menor,County Highway Agency,0,Sin jurisdiccion especial,6,40.91987778,-74.96575833,Vehiculo en movimiento,Golpe Lateral - direccion contraria,Not an Intersection,No fue interseccion,Sobre calle,Ninguna,Dia total,Despejado,No,NO APLICA,10,50,10,54,1,04/08/2022,3
34,New Jersey,340341,0,0,2,0,5,BURLINGTON (5),0,NO APLICA,8,Agosto,6,2022,17,47,GODFREY BRIDGE RD,6,Calle Local Municipalidad,Rural,Local,City or Municipal Highway Agency,0,Sin jurisdiccion especial,0,39.69033889,-74.54125,Vehiculo en movimiento,Angulo,Not an Intersection,No fue interseccion,Sobre calle,Ninguna,Dia total,Despejado,No,NO APLICA,17,51,18,1,1,06/08/2022,4
34,New Jersey,340342,0,0,2,0,29,OCEAN (29),1505,CASSVILLE,8,Agosto,10,2022,15,22,CR-526 W COUNTY LINE RD,4,Calle del Condado,Urbano,Arteria Menor,County Highway Agency,0,Sin jurisdiccion especial,283,40.12921667,-74.27515833,Vehiculo en movimiento,Angulo,Four-Way Intersection,Interseccion de 4 direcciones,Sobre calle,Ninguna,Dia total,Despejado,No,NO APLICA,15,27,15,29,1,10/08/2022,2
34,New Jersey,340343,0,0,2,0,5,BURLINGTON (5),2540,PEMBERTON,8,Agosto,17,2022,0,0,CR-630 NORTH PEMBERTON RD,4,Calle del Condado,Urbano,Colector Mayor,County Highway Agency,0,Sin jurisdiccion especial,141,39.98662778,-74.69427778,Vehiculo en movimiento,Frente a frente,Not an Intersection,No fue interseccion,Sobre calle,Ninguna,Oscuro sin iluminacion,Despejado,No,NO APLICA,0,4,0,17,1,17/08/2022,3
34,New Jersey,340344,0,0,2,0,5,BURLINGTON (5),0,NO APLICA,8,Agosto,20,2022,16,6,SR-72,3,Highway estatal,Rural,Arteria Principal,State Highway Agency,1,Sin jurisdiccion especial,65,39.84801667,-74.49245,Vehiculo en movimiento,Angulo,Four-Way Intersection,Interseccion de 4 direcciones,Sobre calle,Ninguna,Dia total,Despejado,No,NO APLICA,16,13,16,25,1,20/08/2022,7
34,New Jersey,340345,0,0,2,0,5,BURLINGTON (5),1040,FLORENCE,8,Agosto,31,2022,10,14,US-130,2,US Highway,Urbano,Arteria Principal,State Highway Agency,1,Sin jurisdiccion especial,500,40.10120278,-74.79579444,Vehiculo en movimiento,Frente a Detrás,Not an Intersection,No fue interseccion,Sobre calle,Ninguna,Dia total,Despejado,No,NO APLICA,10,18,10,20,1,31/08/2022,2
34,New Jersey,340346,1,1,1,0,29,OCEAN (29),3360,TOMS RIVER,9,Septiembre,12,2022,14,22,CR-549 HOOPER AVE,4,Calle del Condado,Urbano,Arteria Menor,County Highway Agency,0,Sin jurisdiccion especial,4,39.95377222,-74.19347778,Peaton,El primer evento no fue una colision con un vehiculo automotor en transporte,Not an Intersection,No fue interseccion,Sobre calle,Construccion,Dia total,Despejado,No,NO APLICA,14,23,14,29,1,12/09/2022,1
34,New Jersey,340347,0,0,2,0,1,ATLANTIC (1),1270,HAMMONTON,8,Agosto,4,2022,17,0,US-206,2,US Highway,Urbano,Arteria Principal,State Highway Agency,1,Sin jurisdiccion especial,12,39.66362222,-74.77815833,Vehiculo en movimiento,Angulo,"Five Point, or More",5 Puntos o mas,Sobre calle,Ninguna,Dia total,Despejado,No,NO APLICA,17,7,17,12,1,04/08/2022,3
34,New Jersey,340348,1,1,2,1,3,BERGEN (3),1060,FORT LEE,8,Agosto,3,2022,21,46,US-9W LEMOINE AVE,2,US Highway,Urbano,Arteria Principal,State Highway Agency,1,Sin jurisdiccion especial,9,40.86423889,-73.96212222,Peaton,El primer evento no fue una colision con un vehiculo automotor en transporte,Four-Way Intersection,Interseccion de 4 direcciones,Sobre calle,Ninguna,Oscuro con iluminacion,Despejado,No,NO APLICA,21,47,21,52,1,03/08/2022,1
34,New Jersey,340349,0,0,4,0,3,BERGEN (3),1795,MAHWAH,8,Agosto,27,2022,13,6,I-287,1,Interestatal,Urbano,Interestatal,State Highway Agency,1,Sin jurisdiccion especial,670,41.10591667,-74.16703333,Vehiculo en movimiento,Frente a Detrás,Not an Intersection,No fue interseccion,Sobre calle,Ninguna,Dia total,Despejado,No,NO APLICA,13,4,13,18,1,27/08/2022,10
34,New Jersey,340350,0,0,3,0,19,HUNTERDON (19),0,NO APLICA,8,Agosto,8,2022,14,31,US-202,2,US Highway,Urbano,Arteria Principal,State Highway Agency,1,Sin jurisdiccion especial,134,40.51582222,-74.82050556,Vehiculo en movimiento,Angulo,Four-Way Intersection,Interseccion de 4 direcciones,Sobre calle,Ninguna,Dia total,Despejado,No,NO APLICA,14,33,14,38,1,08/08/2022,4
34,New Jersey,340351,0,0,1,0,37,SUSSEX (37),3196,SPARTA,1,Enero,25,2022,10,30,CR-517 ANDOVER RD,4,Calle del Condado,Urbano,Arteria Menor,County Highway Agency,0,Sin jurisdiccion especial,319,41.02745833,-74.67416667,Alguien se cayo/avento del vehiculo,El primer evento no fue una colision con un vehiculo automotor en transporte,Not an Intersection,No fue interseccion,Sobre calle,Ninguna,Dia total,Nublado,No,NO APLICA,10,32,10,39,1,25/01/2022,2
34,New Jersey,340352,0,0,1,0,25,MONMOUTH (25),1832,MARLBORO,1,Enero,21,2022,6,32,SR-18,3,Highway estatal,Urbano,Arterial Principal -Freeway o ExpressWay,State Highway Agency,1,Sin jurisdiccion especial,260,40.315525,-74.26300556,Arbol,El primer evento no fue una colision con un vehiculo automotor en transporte,Not an Intersection,No fue interseccion,Sobre el lado de la calle,Ninguna,Oscuro sin iluminacion,Despejado,No,NO APLICA,5,39,6,4,1,21/01/2022,1
34,New Jersey,340353,1,1,1,0,13,ESSEX (13),2320,NUTLEY,2,Febrero,4,2022,13,47,CR-645 FRANKLIN AVE,4,Calle del Condado,Urbano,Arteria Menor,County Highway Agency,0,Sin jurisdiccion especial,99998,40.82346944,-74.15567222,Peaton,El primer evento no fue una colision con un vehiculo automotor en transporte,Not an Intersection,No fue interseccion,Sobre calle,Ninguna,Dia total,Aguanieve,No,NO APLICA,99,99,99,99,1,04/02/2022,1
34,New Jersey,340354,0,0,2,0,25,MONMOUTH (25),1090,FREEHOLD,2,Febrero,16,2022,11,50,CR-23 JACKSON MILLS RD,4,Calle del Condado,Urbano,Colector Mayor,County Highway Agency,0,Sin jurisdiccion especial,27,40.20515278,-74.28067222,Vehiculo en movimiento,Angulo,Four-Way Intersection,Interseccion de 4 direcciones,Sobre calle,Ninguna,Dia total,Despejado,No,NO APLICA,11,6,11,10,1,16/02/2022,2
34,New Jersey,340355,1,1,1,0,25,MONMOUTH (25),1832,MARLBORO,2,Febrero,28,2022,12,23,US-9,2,US Highway,Urbano,Arteria Principal,State Highway Agency,1,Sin jurisdiccion especial,1205,40.346,-74.30786389,Peaton,El primer evento no fue una colision con un vehiculo automotor en transporte,Not an Intersection,No fue interseccion,Sobre calle,Ninguna,Dia total,Despejado,No,NO APLICA,12,26,12,43,1,28/02/2022,1
34,New Jersey,340356,0,0,3,0,25,MONMOUTH (25),1465,HOWELL,3,Marzo,11,2022,0,5,SR-33,3,Highway estatal,Urbano,Arteria Principal,State Highway Agency,1,Sin jurisdiccion especial,333,40.22510278,-74.17164444,Vehiculo en movimiento,Golpe Lateral - direccion contraria,Not an Intersection,No fue interseccion,Sobre calle,Ninguna,Oscuro sin iluminacion,Despejado,No,NO APLICA,0,11,0,18,1,11/03/2022,3
34,New Jersey,340357,1,1,1,0,3,BERGEN (3),1210,HACKENSACK,7,Julio,10,2022,20,55,CR-55 POLIFLY RD,4,Calle del Condado,Urbano,Arteria Menor,County Highway Agency,0,Sin jurisdiccion especial,99998,40.87532778,-74.05971111,Peaton,El primer evento no fue una colision con un vehiculo automotor en transporte,Four-Way Intersection,Interseccion de 4 direcciones,Sobre calle,Ninguna,Oscuro sin iluminacion,Despejado,No,NO APLICA,20,54,20,56,1,10/07/2022,1
34,New Jersey,340358,0,0,4,0,1,ATLANTIC (1),1105,GALLOWAY TOWNSHIP,8,Agosto,17,2022,18,33,US-30 WHITE HORSE PIKE,2,US Highway,Urbano,Arteria Principal,State Highway Agency,1,Sin jurisdiccion especial,464,39.47833056,-74.57515556,Vehiculo en movimiento,Golpe Lateral - misma direccion,Four-Way Intersection,Interseccion de 4 direcciones,Sobre calle,Ninguna,Dia total,Despejado,No,NO APLICA,18,35,18,37,1,17/08/2022,12
34,New Jersey,340359,0,0,1,0,41,WARREN (41),1572,KNOWLTON,9,Septiembre,2,2022,16,50,CR-616 KNOWLTON RD,4,Calle del Condado,Rural,Local,County Highway Agency,0,Sin jurisdiccion especial,99998,40.91164444,-75.0316,Arbol,El primer evento no fue una colision con un vehiculo automotor en transporte,Not an Intersection,No fue interseccion,Sobre el lado de la calle,Ninguna,Dia total,Despejado,No,NO APLICA,16,49,17,10,1,02/09/2022,1
34,New Jersey,340360,0,0,1,0,41,WARREN (41),1572,KNOWLTON,9,Septiembre,18,2022,8,42,I-280,1,Interestatal,Rural,Interestatal,State Highway Agency,1,Sin jurisdiccion especial,84,40.93355833,-75.02461111,Arbol,El primer evento no fue una colision con un vehiculo automotor en transporte,Not an Intersection,No fue interseccion,Sobre el lado de la calle,Ninguna,Dia total,Despejado,No,NO APLICA,8,48,8,48,1,18/09/2022,4
34,New Jersey,340361,0,0,1,0,15,GLOUCESTER (15),3569,WEST DEPTFORD,9,Septiembre,18,2022,3,14,700-NJ TURNPIKE,8,Otro,Urbano,Arterial Principal -Freeway o ExpressWay,State Toll Road,1,Sin jurisdiccion especial,185,39.80278889,-75.19117222,Fin de valla,El primer evento no fue una colision con un vehiculo automotor en transporte,Not an Intersection,No fue interseccion,Sobre el lado de la calle,Ninguna,Oscuro - iluminacion desconocida,Despejado,No,NO APLICA,3,15,3,29,1,18/09/2022,3
34,New Jersey,340362,0,0,2,0,23,MIDDLESEX (23),3144,SOUTH BRUNSWICK,8,Agosto,2,2022,12,26,CR-522 RIDGE RD,4,Calle del Condado,Urbano,Arteria Menor,County Highway Agency,0,Sin jurisdiccion especial,37,40.38167222,-74.53158889,Vehiculo en movimiento,Angulo,Four-Way Intersection,Interseccion de 4 direcciones,Sobre calle,Ninguna,Dia total,Despejado,No,NO APLICA,12,30,12,31,1,02/08/2022,4
34,New Jersey,340363,0,0,1,0,29,OCEAN (29),0,NO APLICA,9,Septiembre,21,2022,19,20,CR-528 LAKEWOOD RD,4,Calle del Condado,Urbano,Colector Mayor,County Highway Agency,0,Sin jurisdiccion especial,99998,40.08556667,-74.46757778,Volcadura,El primer evento no fue una colision con un vehiculo automotor en transporte,Not an Intersection,No fue interseccion,Sobre calle,Ninguna,Oscuro - iluminacion desconocida,Despejado,No,NO APLICA,19,25,19,32,1,21/09/2022,1
34,New Jersey,340364,0,0,1,0,23,MIDDLESEX (23),2970,SAYREVILLE,9,Septiembre,29,2022,10,53,444-GARDEN STATE PARKWAY RAMP,8,Otro,Urbano,Arterial Principal -Freeway o ExpressWay,State Toll Road,1,Sin jurisdiccion especial,1238,40.46396667,-74.28322222,Valla Ferrocarril,El primer evento no fue una colision con un vehiculo automotor en transporte,Not an Intersection,No fue interseccion,Sobre el lado de la calle,Ninguna,Dia total,Despejado,No,NO APLICA,99,99,99,99,1,29/09/2022,1
34,New Jersey,340365,0,0,2,0,23,MIDDLESEX (23),3705,WOODBRIDGE,8,Agosto,9,2022,18,53,I-95,1,Interestatal,Urbano,Interestatal,State Highway Agency,1,Sin jurisdiccion especial,932,40.56242778,-74.26071389,Vehiculo en movimiento,Golpe Lateral - misma direccion,Not an Intersection,No fue interseccion,Sobre calle,Ninguna,Dia total,Despejado,No,NO APLICA,18,57,19,6,2,09/08/2022,20
34,New Jersey,340366,1,1,1,0,31,PASSAIC (31),2500,PASSAIC,9,Septiembre,10,2022,10,32,SR-21,3,Highway estatal,Urbano,Arterial Principal -Freeway o ExpressWay,State Highway Agency,1,Sin jurisdiccion especial,114,40.84996944,-74.12132222,Peaton,El primer evento no fue una colision con un vehiculo automotor en transporte,Not an Intersection,No fue interseccion,Sobre calle,Ninguna,Dia total,Despejado,No,NO APLICA,10,28,10,31,1,10/09/2022,1
34,New Jersey,340367,0,0,2,0,21,MERCER (21),2845,ROBBINSVILLE,8,Agosto,14,2022,20,41,I-195,1,Interestatal,Urbano,Interestatal,State Highway Agency,1,Sin jurisdiccion especial,57,40.1996,-74.62133333,Vehiculo en movimiento,Frente a Detrás,Not an Intersection,No fue interseccion,Sobre calle,Ninguna,Oscuro sin iluminacion,Despejado,No,NO APLICA,20,43,20,49,1,14/08/2022,3
34,New Jersey,340368,1,1,1,0,31,PASSAIC (31),2510,PATERSON,8,Agosto,6,2022,13,40,WARD ST,6,Calle Local Municipalidad,Urbano,Arteria Principal,City or Municipal Highway Agency,0,Sin jurisdiccion especial,0,40.91473889,-74.16972222,Ciclista,El primer evento no fue una colision con un vehiculo automotor en transporte,T-Intersection,Interseccion de T,Sobre calle,Ninguna,Dia total,Despejado,No,NO APLICA,13,48,13,50,1,06/08/2022,1
34,New Jersey,340369,0,0,1,0,15,GLOUCESTER (15),1075,FRANKLIN,8,Agosto,19,2022,22,58,LITTLE MILL RD,6,Calle Local Municipalidad,Urbano,Colector Mayor,City or Municipal Highway Agency,0,Sin jurisdiccion especial,99998,39.63722778,-75.08994167,Suelo,El primer evento no fue una colision con un vehiculo automotor en transporte,Not an Intersection,No fue interseccion,Sobre calle,Ninguna,Oscuro sin iluminacion,Despejado,No,586307F,23,0,23,4,1,19/08/2022,1
34,New Jersey,340370,0,0,2,0,19,HUNTERDON (19),0,NO APLICA,9,Septiembre,10,2022,14,37,CR-579 BLOOMSBURY RD,4,Calle del Condado,Rural,Colector Mayor,County Highway Agency,0,Sin jurisdiccion especial,347,40.63821667,-75.05651111,Vehiculo en movimiento,Frente a frente,T-Intersection,Interseccion de T,Sobre calle,Ninguna,Dia total,Despejado,No,NO APLICA,14,35,14,46,1,10/09/2022,2
34,New Jersey,340371,0,1,4,1,3,BERGEN (3),2780,RIDGEFIELD PARK,8,Agosto,1,2022,11,39,I-80,1,Interestatal,Urbano,Interestatal,State Highway Agency,1,Sin jurisdiccion especial,1178,40.84854167,-74.01681944,Vehiculo en movimiento,Frente a Detrás,Not an Intersection,No fue interseccion,Sobre calle,Ninguna,Dia total,Despejado,No,NO APLICA,11,58,12,8,1,01/08/2022,5
34,New Jersey,340372,0,0,2,0,1,ATLANTIC (1),1264,HAMILTON,9,Septiembre,21,2022,12,41,CR-552 MILLVILLE AVE,4,Calle del Condado,Rural,Colector Mayor,County Highway Agency,0,Sin jurisdiccion especial,99998,39.44079444,-74.80098056,Vehiculo en movimiento,Frente a frente,Not an Intersection,No fue interseccion,Sobre calle,Ninguna,Dia total,Despejado,No,NO APLICA,12,43,12,49,1,21/09/2022,2
34,New Jersey,340373,0,0,2,0,33,SALEM (33),2617,PITTSGROVE TOWNSHIP,9,Septiembre,6,2022,13,37,CR-655 ALVINE RD,4,Calle del Condado,Rural,Local,County Highway Agency,0,Sin jurisdiccion especial,42,39.55085556,-75.11098611,Vehiculo en movimiento,Angulo,Four-Way Intersection,Interseccion de 4 direcciones,Sobre calle,Ninguna,Dia total,lluvia,No,NO APLICA,13,38,13,46,1,06/09/2022,2
34,New Jersey,340374,0,0,2,0,39,UNION (39),860,ELIZABETH,9,Septiembre,2,2022,2,27,SOUTH SPRING ST,6,Calle Local Municipalidad,Urbano,Colector Mayor,City or Municipal Highway Agency,0,Sin jurisdiccion especial,14,40.660425,-74.20735833,Vehiculo en movimiento,Angulo,Four-Way Intersection,Interseccion de 4 direcciones,Sobre calle,Ninguna,Oscuro con iluminacion,Despejado,No,NO APLICA,99,99,99,99,1,02/09/2022,3
34,New Jersey,340375,0,0,2,0,23,MIDDLESEX (23),779,EAST BRUNSWICK,9,Septiembre,6,2022,15,39,CR-613 SUMMERHILL RD,4,Calle del Condado,Urbano,Arteria Menor,County Highway Agency,0,Sin jurisdiccion especial,99998,40.41963333,-74.38898611,Vehiculo en movimiento,Angulo,Four-Way Intersection,Interseccion de 4 direcciones,Sobre calle,Ninguna,Dia total,Despejado,No,NO APLICA,15,42,15,43,1,06/09/2022,6
34,New Jersey,340376,0,0,2,0,5,BURLINGTON (5),481,BURLINGTON TOWNSHIP,9,Septiembre,1,2022,9,33,CR-633 SALEM RD,4,Calle del Condado,Urbano,Arteria Menor,County Highway Agency,0,Sin jurisdiccion especial,0,40.05407778,-74.86921667,Vehiculo en movimiento,Angulo,Not an Intersection,No fue interseccion,Sobre calle,Ninguna,Dia total,Despejado,No,NO APLICA,9,36,9,40,1,01/09/2022,4
34,New Jersey,340377,0,0,2,0,1,ATLANTIC (1),851,EGG HARBOR TOWNSHIP,9,Septiembre,2,2022,15,38,CR-563 TILTON RD,4,Calle del Condado,Urbano,Arteria Principal,County Highway Agency,1,Sin jurisdiccion especial,99998,39.41062778,-74.56570278,Vehiculo en movimiento,Angulo,Four-Way Intersection,Interseccion de 4 direcciones,Sobre calle,Ninguna,Dia total,Despejado,No,NO APLICA,15,41,15,41,1,02/09/2022,4
34,New Jersey,340378,0,0,2,0,17,HUDSON (17),1520,JERSEY CITY,9,Septiembre,11,2022,4,25,I-78,1,Interestatal,Urbano,Interestatal,State Toll Road,1,Sin jurisdiccion especial,67,40.71564444,-74.05542222,Vehiculo en movimiento,Frente a frente,Not an Intersection,No fue interseccion,Sobre calle,Ninguna,Oscuro - iluminacion desconocida,Despejado,No,NO APLICA,4,39,4,44,2,11/09/2022,2
34,New Jersey,340379,0,0,2,0,13,ESSEX (13),2130,NEWARK,9,Septiembre,19,2022,8,35,MUHAMMAD ALI AVE,6,Calle Local Municipalidad,Urbano,Local,City or Municipal Highway Agency,0,Sin jurisdiccion especial,99998,40.72772778,-74.19436667,Vehiculo en movimiento,Angulo,T-Intersection,Interseccion de T,Sobre calle,Ninguna,Dia total,Despejado,No,NO APLICA,8,40,8,46,1,19/09/2022,3
34,New Jersey,340380,1,1,1,0,7,CAMDEN (7),520,CAMDEN,6,Junio,28,2022,0,7,GRANT ST,6,Calle Local Municipalidad,Urbano,Local,City or Municipal Highway Agency,0,Sin jurisdiccion especial,0,39.95224444,-75.11290278,Peaton,El primer evento no fue una colision con un vehiculo automotor en transporte,Not an Intersection,No fue interseccion,Sobre calle,Ninguna,Oscuro - iluminacion desconocida,Despejado,No,NO APLICA,99,99,99,99,1,28/06/2022,0
34,New Jersey,340381,0,0,2,0,17,HUDSON (17),2205,NORTH BERGEN,1,Enero,8,2022,6,59,US-1,2,US Highway,Urbano,Arteria Principal,State Highway Agency,1,Sin jurisdiccion especial,99998,40.78188056,-74.03598611,Vehiculo en movimiento,Frente a Detrás,Not an Intersection,No fue interseccion,Sobre calle,Ninguna,Dia total,Despejado,No,NO APLICA,7,5,7,19,1,08/01/2022,3
34,New Jersey,340382,0,0,1,0,15,GLOUCESTER (15),1082,FRANKLINVILLE,7,Julio,15,2022,1,54,SR-55,3,Highway estatal,Urbano,Arterial Principal -Freeway o ExpressWay,State Highway Agency,1,Sin jurisdiccion especial,418,39.61591667,-75.08473056,Fin de valla,El primer evento no fue una colision con un vehiculo automotor en transporte,Not an Intersection,No fue interseccion,En el medio,Ninguna,Oscuro sin iluminacion,Despejado,No,NO APLICA,1,56,2,7,1,15/07/2022,1
34,New Jersey,340383,1,1,1,0,7,CAMDEN (7),520,CAMDEN,4,Abril,22,2022,20,46,US-30,2,US Highway,Urbano,Arteria Principal,State Highway Agency,1,Sin jurisdiccion especial,22,39.94070556,-75.09849444,Peaton,El primer evento no fue una colision con un vehiculo automotor en transporte,Not an Intersection,No fue interseccion,Sobre calle,Ninguna,Oscuro sin iluminacion,Despejado,No,NO APLICA,20,45,20,50,1,22/04/2022,1
34,New Jersey,340384,0,0,2,0,7,CAMDEN (7),520,CAMDEN,6,Junio,20,2022,22,7,CR-609 NORTH 27TH STREET,4,Calle del Condado,Urbano,Arteria Menor,County Highway Agency,0,Sin jurisdiccion especial,7,39.94976389,-75.08928611,Vehiculo en movimiento,Angulo,Four-Way Intersection,Interseccion de 4 direcciones,Sobre calle,Ninguna,Oscuro con iluminacion,Despejado,No,NO APLICA,22,5,22,9,2,20/06/2022,4
34,New Jersey,340385,1,1,1,0,7,CAMDEN (7),520,CAMDEN,6,Junio,21,2022,1,23,CR-605 MT EPHRIAM AVE,4,Calle del Condado,Urbano,Arteria Principal,County Highway Agency,1,Sin jurisdiccion especial,99998,39.92000278,-75.1029,Peaton,El primer evento no fue una colision con un vehiculo automotor en transporte,Not an Intersection,No fue interseccion,Sobre calle,Ninguna,Oscuro sin iluminacion,Despejado,No,NO APLICA,99,99,99,99,1,21/06/2022,1
34,New Jersey,340386,0,0,1,0,13,ESSEX (13),1170,GLEN RIDGE,5,Mayo,10,2022,4,27,CR-506 BLOOMFIELD AVE,4,Calle del Condado,Urbano,Arteria Principal,County Highway Agency,1,Sin jurisdiccion especial,75,40.80050833,-74.20375,Banqueta,El primer evento no fue una colision con un vehiculo automotor en transporte,Four-Way Intersection,Interseccion de 4 direcciones,Sobre el lado de la calle,Ninguna,Oscuro con iluminacion,Despejado,No,NO APLICA,4,40,4,44,2,10/05/2022,3
34,New Jersey,340387,0,0,2,0,7,CAMDEN (7),598,CHERRY HILL,5,Mayo,12,2022,18,39,CR-561 BERLIN RD,4,Calle del Condado,Urbano,Arteria Principal,County Highway Agency,1,Sin jurisdiccion especial,421,39.86523056,-74.99365,Vehiculo en movimiento,Frente a frente,T-Intersection,Interseccion de T,Sobre calle,Ninguna,Dia total,Despejado,No,NO APLICA,18,39,18,49,1,12/05/2022,2
34,New Jersey,340388,0,0,2,0,13,ESSEX (13),230,BELLEVILLE,6,Junio,7,2022,17,30,JORALEMON ST,6,Calle Local Municipalidad,Urbano,Colector Mayor,City or Municipal Highway Agency,0,Sin jurisdiccion especial,7,40.79766389,-74.16186111,Vehiculo en movimiento,Golpe Lateral - misma direccion,T-Intersection,Interseccion de T,Sobre calle,Ninguna,Dia total,lluvia,No,NO APLICA,17,32,17,34,1,07/06/2022,2
34,New Jersey,340389,1,1,4,0,39,UNION (39),1412,HILLSIDE,2,Febrero,17,2022,18,14,US-22,2,US Highway,Urbano,Arteria Principal,State Highway Agency,1,Sin jurisdiccion especial,569,40.69909722,-74.23875556,Peaton,El primer evento no fue una colision con un vehiculo automotor en transporte,T-Intersection,Interseccion de T,Sobre calle,Ninguna,Oscuro con iluminacion,Despejado,No,NO APLICA,18,24,18,26,1,17/02/2022,4
34,New Jersey,340390,0,0,1,0,15,GLOUCESTER (15),1082,FRANKLINVILLE,5,Mayo,12,2022,6,2,DUTCH MILL RD,6,Calle Local Municipalidad,Urbano,Local,City or Municipal Highway Agency,0,Sin jurisdiccion especial,99998,39.58214444,-74.97728889,Buzon de correo,El primer evento no fue una colision con un vehiculo automotor en transporte,Not an Intersection,No fue interseccion,Sobre el lado de la calle,Ninguna,Dia total,Despejado,No,NO APLICA,6,8,6,17,1,12/05/2022,1
34,New Jersey,340391,0,0,1,0,25,MONMOUTH (25),1798,MANALAPAN,3,Marzo,18,2022,11,59,UNION HILL RD,6,Calle Local Municipalidad,Urbano,Colector Mayor,City or Municipal Highway Agency,0,Sin jurisdiccion especial,99998,40.322025,-74.35590833,Volcadura,El primer evento no fue una colision con un vehiculo automotor en transporte,Not an Intersection,No fue interseccion,Sobre calle,Ninguna,Dia total,Despejado,No,NO APLICA,11,2,11,20,1,18/03/2022,1
34,New Jersey,340392,0,0,1,0,31,PASSAIC (31),3582,WEST MILFORD,7,Julio,28,2022,23,37,SR-23,3,Highway estatal,Urbano,Arteria Principal,State Highway Agency,1,Sin jurisdiccion especial,180,41.01439444,-74.38926667,Banqueta,El primer evento no fue una colision con un vehiculo automotor en transporte,Not an Intersection,No fue interseccion,Sobre el lado de la calle,Ninguna,Oscuro sin iluminacion,Despejado,No,NO APLICA,99,99,99,99,1,28/07/2022,2
34,New Jersey,340393,1,1,1,0,7,CAMDEN (7),120,AUDUBON PARK,8,Agosto,21,2022,5,10,SR-168 BLACK HORSE PIKE,3,Highway estatal,Urbano,Arteria Principal,State Highway Agency,1,Sin jurisdiccion especial,99998,39.89634444,-75.09218611,Peaton,El primer evento no fue una colision con un vehiculo automotor en transporte,Not an Intersection,No fue interseccion,Sobre calle,Ninguna,Oscuro sin iluminacion,Despejado,No,NO APLICA,99,99,99,99,1,21/08/2022,2
34,New Jersey,340394,1,1,1,0,7,CAMDEN (7),3521,WATERFORD WORKS,8,Agosto,13,2022,23,22,US-30 WHITE HORSE PIKE,2,US Highway,Urbano,Arteria Principal,State Highway Agency,1,Sin jurisdiccion especial,197,39.7647,-74.89074167,Peaton,El primer evento no fue una colision con un vehiculo automotor en transporte,Four-Way Intersection,Interseccion de 4 direcciones,Sobre calle,Ninguna,Oscuro - iluminacion desconocida,Despejado,No,NO APLICA,23,23,23,28,1,13/08/2022,1
34,New Jersey,340395,0,0,1,0,1,ATLANTIC (1),1264,HAMILTON,10,Octubre,21,2022,20,38,NONE,8,Otro,Trafficway Not in State Inventory,Via no en inventario estatal,Trafficway Not in State Inventory,0,Sin jurisdiccion especial,0,39.453975,-74.64620833,Volcadura,El primer evento no fue una colision con un vehiculo automotor en transporte,Not an Intersection,No fue interseccion,Sobre calle,Ninguna,Oscuro con iluminacion,Despejado,No,NO APLICA,20,46,20,51,1,21/10/2022,2
34,New Jersey,340396,1,1,1,0,5,BURLINGTON (5),1774,LUMBERTON,10,Octubre,28,2022,5,2,SR-38,3,Highway estatal,Urbano,Arteria Principal,State Highway Agency,1,Sin jurisdiccion especial,33,39.98234444,-74.78966389,Peaton,El primer evento no fue una colision con un vehiculo automotor en transporte,Not an Intersection,No fue interseccion,Sobre calle,Ninguna,Oscuro sin iluminacion,Despejado,No,NO APLICA,5,4,5,9,1,28/10/2022,1