Estado,Nombre de Estado,Numero de Caso,Peatones,Personas _no_vehiculos,Vehiculos automotores,Vehiculos estacionados,Condado,Nombre Condado,Ciudad,Nombre Ciudad,Mes,Nombre Mes,Dia,Año,Hora,Minuto,Calle,Ruta,Nombre Ruta,Rural o Urbanoo,Sistema Funcional,Dueño Calle,Sistema Nacional Carreteras,Jurisdiccion Especial,Milla,Latitud,Longitud,Causa del Accidente,Tipo de Accidente,Tipo Interseccion,Columna1,Lugar en la calle,Zona de Trabajo,Luz,Clima,Autobus Escolar,Cruce de Trenes,Hora Notificacion,Minuto Notificacion,Hora Llegada,Minuto Llegada,Decesos,Fecha,PersonaVehiculo
34,New Jersey,340397,1,1,1,0,5,BURLINGTON (5),2081,MT LAUREL,10,Octubre,29,2022,22,15,SR-38,3,Highway estatal,Urbano,Arteria Principal,State Highway Agency,1,Sin jurisdiccion especial,96,39.96718333,-74.91078611,Peaton,El primer evento no fue una colision con un vehiculo automotor en transporte,Not an Intersection,No fue interseccion,Sobre calle,Ninguna,Oscuro - iluminacion desconocida,Despejado,No,NO APLICA,99,99,99,99,1,29/10/2022,2
34,New Jersey,340398,0,0,1,0,5,BURLINGTON (5),1805,MANSFIELD,10,Octubre,21,2022,12,18,MANSFIELD RD W,6,Calle Local Municipalidad,Urbano,Local,City or Municipal Highway Agency,0,Sin jurisdiccion especial,0,40.10486667,-74.731875,Volcadura,El primer evento no fue una colision con un vehiculo automotor en transporte,Not an Intersection,No fue interseccion,Sobre el lado de la calle,Ninguna,Dia total,Despejado,No,NO APLICA,12,21,12,29,1,21/10/2022,1
34,New Jersey,340399,1,1,1,0,23,MIDDLESEX (23),2140,NEW BRUNSWICK,10,Octubre,29,2022,21,24,SR-18 MEMORIAL PKWY,3,Highway estatal,Urbano,Arterial Principal -Freeway o ExpressWay,State Highway Agency,1,Sin jurisdiccion especial,419,40.49261389,-74.43882778,Peaton,El primer evento no fue una colision con un vehiculo automotor en transporte,Not an Intersection,No fue interseccion,Sobre calle,Ninguna,Oscuro sin iluminacion,Despejado,No,NO APLICA,21,28,21,33,1,29/10/2022,3
34,New Jersey,340400,1,1,1,0,25,MONMOUTH (25),1925,MIDDLETOWN,10,Octubre,21,2022,23,21,OAK HILL RD,6,Calle Local Municipalidad,Urbano,Colector Mayor,City or Municipal Highway Agency,0,Sin jurisdiccion especial,20,40.37211944,-74.09861389,Peaton,El primer evento no fue una colision con un vehiculo automotor en transporte,Not an Intersection,No fue interseccion,Sobre calle,Ninguna,Oscuro con iluminacion,Despejado,No,856890D,22,46,22,52,1,21/10/2022,2
34,New Jersey,340401,1,1,1,0,13,ESSEX (13),2130,NEWARK,10,Octubre,2,2022,3,40,US-1/9 RAMP,2,US Highway,Urbano,Arteria Principal,State Highway Agency,1,Sin jurisdiccion especial,3,40.73413333,-74.12340556,Peaton,El primer evento no fue una colision con un vehiculo automotor en transporte,Not an Intersection,No fue interseccion,Sobre calle,Ninguna,Oscuro con iluminacion,Despejado,No,NO APLICA,3,59,4,0,1,02/10/2022,2
34,New Jersey,340402,1,1,1,0,3,BERGEN (3),1060,FORT LEE,10,Octubre,17,2022,5,47,SR-67 LEMOINE AVE,3,Highway estatal,Urbano,Arteria Menor,State Highway Agency,0,Sin jurisdiccion especial,13,40.85363056,-73.96846111,Ciclista,El primer evento no fue una colision con un vehiculo automotor en transporte,Four-Way Intersection,Interseccion de 4 direcciones,Sobre calle,Ninguna,Oscuro con iluminacion,Nublado,No,NO APLICA,5,59,6,5,1,17/10/2022,1
34,New Jersey,340403,1,1,1,0,1,ATLANTIC (1),1264,HAMILTON,10,Octubre,29,2022,22,6,ATLANTIC CITY EXPY,8,Otro,Rural,Arterial Principal -Freeway o ExpressWay,State Toll Road,1,Sin jurisdiccion especial,231,39.56934167,-74.76130278,Peaton,El primer evento no fue una colision con un vehiculo automotor en transporte,Not an Intersection,No fue interseccion,Sobre calle,Ninguna,Oscuro sin iluminacion,Despejado,No,NO APLICA,22,18,22,26,1,29/10/2022,2
34,New Jersey,340404,1,1,1,0,29,OCEAN (29),3360,TOMS RIVER,10,Octubre,23,2022,2,9,SR-70,3,Highway estatal,Urbano,Arteria Principal,State Highway Agency,1,Sin jurisdiccion especial,493,40.04186667,-74.23365556,Peaton,El primer evento no fue una colision con un vehiculo automotor en transporte,Not an Intersection,No fue interseccion,Sobre calle,Ninguna,Oscuro sin iluminacion,Despejado,No,NO APLICA,2,11,2,24,1,23/10/2022,2
34,New Jersey,340405,1,1,1,0,39,UNION (39),860,ELIZABETH,10,Octubre,8,2022,2,47,CR-27 NEWARK AVE,4,Calle del Condado,Urbano,Arteria Principal,State Highway Agency,1,Sin jurisdiccion especial,354,40.68409444,-74.2066,Peaton,El primer evento no fue una colision con un vehiculo automotor en transporte,Not an Intersection,No fue interseccion,Sobre calle,Ninguna,Oscuro con iluminacion,Despejado,No,NO APLICA,2,55,99,99,1,08/10/2022,1
34,New Jersey,340406,2,2,1,0,13,ESSEX (13),320,BLOOMFIELD,10,Octubre,27,2022,16,44,CR-509 BROAD ST,4,Calle del Condado,Urbano,Arteria Menor,County Highway Agency,0,Sin jurisdiccion especial,258,40.83316667,-74.18055278,Peaton,El primer evento no fue una colision con un vehiculo automotor en transporte,T-Intersection,Interseccion de T,Sobre calle,Ninguna,Dia total,Despejado,No,NO APLICA,16,52,17,0,1,27/10/2022,1
34,New Jersey,340408,1,1,2,0,37,SUSSEX (37),1070,FRANKLIN,10,Octubre,7,2022,13,57,MUNSONHURST RD,6,Calle Local Municipalidad,Urbano,Arteria Menor,County Highway Agency,0,Sin jurisdiccion especial,396,41.09908333,-74.57955,Vehiculo en movimiento,Angulo,T-Intersection,Interseccion de T,Sobre calle,Ninguna,Dia total,Despejado,No,NO APLICA,14,0,14,25,1,07/10/2022,2
34,New Jersey,340409,1,1,1,0,21,MERCER (21),3380,TRENTON,10,Octubre,3,2022,22,13,CR- 622 OLDEN AVE,4,Calle del Condado,Urbano,Arteria Menor,County Highway Agency,0,Sin jurisdiccion especial,37,40.23601111,-74.74725556,Peaton,El primer evento no fue una colision con un vehiculo automotor en transporte,Not an Intersection,No fue interseccion,Sobre Acotamiento,Ninguna,Oscuro - iluminacion desconocida,lluvia,No,NO APLICA,22,13,22,14,1,03/10/2022,1
34,New Jersey,340410,1,1,1,0,21,MERCER (21),2710,PRINCETON,10,Octubre,28,2022,10,38,CR-583 MERCER RD,4,Calle del Condado,Urbano,Arteria Menor,City or Municipal Highway Agency,0,Sin jurisdiccion especial,65,40.31710556,-74.68814167,Peaton,El primer evento no fue una colision con un vehiculo automotor en transporte,Not an Intersection,No fue interseccion,Sobre calle,Ninguna,Dia total,Despejado,No,NO APLICA,10,46,10,52,1,28/10/2022,1
34,New Jersey,340411,1,1,2,0,29,OCEAN (29),416,BRICK TOWN,10,Octubre,2,2022,19,19,GARDEN STATE PKWY,8,Otro,Urbano,Arterial Principal -Freeway o ExpressWay,State Toll Road,1,Sin jurisdiccion especial,872,40.02317222,-74.18443889,Peaton,El primer evento no fue una colision con un vehiculo automotor en transporte,Not an Intersection,No fue interseccion,Sobre calle,Ninguna,Oscuro sin iluminacion,lluvia,No,NO APLICA,19,21,19,29,1,02/10/2022,2
34,New Jersey,340412,0,0,1,0,1,ATLANTIC (1),851,EGG HARBOR TOWNSHIP,10,Octubre,14,2022,21,19,GARDEN STATE PKWY,9,Desconocido,Urbano,Arterial Principal -Freeway o ExpressWay,State Toll Road,1,Sin jurisdiccion especial,385,39.43067778,-74.54113056,Valla Ferrocarril,El primer evento no fue una colision con un vehiculo automotor en transporte,Not an Intersection,No fue interseccion,Sobre el lado de la calle,Ninguna,Oscuro sin iluminacion,Despejado,No,NO APLICA,99,99,99,99,1,14/10/2022,1
34,New Jersey,340413,0,0,1,0,29,OCEAN (29),416,BRICK TOWN,10,Octubre,7,2022,15,7,SR-88,3,Highway estatal,Urbano,Arteria Principal,County Highway Agency,0,Sin jurisdiccion especial,69,40.07637778,-74.10301667,Edificio,El primer evento no fue una colision con un vehiculo automotor en transporte,Not an Intersection,No fue interseccion,Sobre el lado de la calle,Ninguna,Dia total,Despejado,No,NO APLICA,15,9,15,15,1,07/10/2022,1
34,New Jersey,340414,0,0,1,0,29,OCEAN (29),416,BRICK TOWN,10,Octubre,7,2022,2,51,CR-528 MANTOLOKING RD,4,Calle del Condado,Urbano,Arteria Menor,County Highway Agency,0,Sin jurisdiccion especial,383,40.04517778,-74.07878611,Acotamiento,El primer evento no fue una colision con un vehiculo automotor en transporte,Not an Intersection,No fue interseccion,Sobre el lado de la calle,Ninguna,Oscuro con iluminacion,Despejado,No,NO APLICA,99,99,99,99,1,07/10/2022,1
34,New Jersey,340415,0,0,1,0,5,BURLINGTON (5),3325,TABERNACLE,10,Octubre,23,2022,9,27,CR-532 MEDFORD LAKES ROAD,4,Calle del Condado,Urbano,Colector Mayor,County Highway Agency,0,Sin jurisdiccion especial,47,39.84375833,-74.72143333,Poste,El primer evento no fue una colision con un vehiculo automotor en transporte,Not an Intersection,No fue interseccion,Sobre el lado de la calle,Ninguna,Dia total,lluvia,No,NO APLICA,9,29,9,31,1,23/10/2022,1
34,New Jersey,340417,0,0,1,0,23,MIDDLESEX (23),3160,SOUTH PLAINFIELD,10,Octubre,15,2022,23,21,CR-647 NEW BRNWK AVE,4,Calle del Condado,Urbano,Colector Mayor,County Highway Agency,0,Sin jurisdiccion especial,7,40.56944722,-74.43664444,Banqueta,El primer evento no fue una colision con un vehiculo automotor en transporte,Not an Intersection,No fue interseccion,Sobre el lado de la calle,Ninguna,Oscuro con iluminacion,Despejado,No,NO APLICA,99,99,99,99,1,15/10/2022,1
34,New Jersey,340418,1,1,1,0,37,SUSSEX (37),2190,NEWTON,10,Octubre,21,2022,16,40,CR-616 SPARTA AVENUE,4,Calle del Condado,Urbano,Arteria Menor,County Highway Agency,0,Sin jurisdiccion especial,2,41.05086111,-74.74927778,Peaton,El primer evento no fue una colision con un vehiculo automotor en transporte,Four-Way Intersection,Interseccion de 4 direcciones,Sobre calle,Ninguna,Dia total,Despejado,No,NO APLICA,16,40,16,47,1,21/10/2022,1
34,New Jersey,340419,0,0,1,0,31,PASSAIC (31),660,CLIFTON,10,Octubre,24,2022,5,43,GARDEN STATE PKWY,8,Otro,Urbano,Arterial Principal -Freeway o ExpressWay,State Toll Road,1,Sin jurisdiccion especial,1579,40.88908056,-74.13752778,Banqueta,El primer evento no fue una colision con un vehiculo automotor en transporte,Not an Intersection,No fue interseccion,Sobre el lado de la calle,Ninguna,Oscuro con iluminacion,lluvia,No,NO APLICA,5,50,6,8,1,24/10/2022,3
34,New Jersey,340420,0,0,1,0,3,BERGEN (3),1410,HILLSDALE,10,Octubre,31,2022,5,56,GARDEN STATE PKWY,8,Otro,Urbano,Arterial Principal -Freeway o ExpressWay,State Toll Road,1,Sin jurisdiccion especial,99998,41.00346667,-74.07071667,Poste de Señal de trafico,El primer evento no fue una colision con un vehiculo automotor en transporte,Not an Intersection,No fue interseccion,En el medio,Ninguna,Oscuro sin iluminacion,Despejado,No,NO APLICA,6,4,6,20,1,31/10/2022,1
34,New Jersey,340421,1,1,2,0,21,MERCER (21),1265,HAMILTON TOWNSHIP,10,Octubre,13,2022,6,29,E PARK AVE,8,Otro,Urbano,Colector Mayor,City or Municipal Highway Agency,0,Sin jurisdiccion especial,6,40.20039722,-74.72153056,Peaton,El primer evento no fue una colision con un vehiculo automotor en transporte,T-Intersection,Interseccion de T,Sobre calle,Ninguna,Oscuro con iluminacion,lluvia,No,NO APLICA,6,30,6,38,1,13/10/2022,2
34,New Jersey,340423,1,1,1,0,9,CAPE MAY (9),0,NO APLICA,10,Octubre,8,2022,20,28,CR-603 BAYSHORE RD,4,Calle del Condado,Urbano,Arteria Menor,County Highway Agency,0,Sin jurisdiccion especial,52,39.02378333,-74.933125,Peaton,El primer evento no fue una colision con un vehiculo automotor en transporte,Not an Intersection,No fue interseccion,Sobre calle,Ninguna,Oscuro con iluminacion,Despejado,No,NO APLICA,20,34,20,44,1,08/10/2022,1
34,New Jersey,340425,0,0,3,0,35,SOMERSET (35),1417,HILLSBOROUGH,10,Octubre,20,2022,6,37,AMWELL ROAD,6,Calle Local Municipalidad,Urbano,Arteria Menor,County Highway Agency,0,Sin jurisdiccion especial,117,40.50083056,-74.67006944,Vehiculo en movimiento,Angulo,Four-Way Intersection,Interseccion de 4 direcciones,Sobre calle,Ninguna,Oscuro con iluminacion,Despejado,No,NO APLICA,6,41,6,46,1,20/10/2022,3
34,New Jersey,340426,0,0,2,0,15,GLOUCESTER (15),0,NO APLICA,10,Octubre,6,2022,23,50,US-322 GLASSBORO RD,2,US Highway,Urbano,Arteria Principal,State Highway Agency,1,Sin jurisdiccion especial,213,39.693775,-75.045275,Vehiculo en movimiento,Frente a Detrás,Not an Intersection,No fue interseccion,Sobre calle,Ninguna,Oscuro con iluminacion,Despejado,No,NO APLICA,23,51,23,52,1,06/10/2022,2
34,New Jersey,340427,0,0,2,0,29,OCEAN (29),3390,TUCKERTON,10,Octubre,21,2022,21,23,GARDEN STATE PARKWAY,8,Otro,Urbano,Arterial Principal -Freeway o ExpressWay,State Toll Road,1,Sin jurisdiccion especial,593,39.65743889,-74.33509167,Vehiculo en movimiento,Frente a frente,Not an Intersection,No fue interseccion,Sobre calle,Ninguna,Oscuro con iluminacion,Despejado,No,NO APLICA,21,26,21,35,2,21/10/2022,2
34,New Jersey,340428,0,0,2,0,13,ESSEX (13),800,EAST ORANGE,10,Octubre,23,2022,0,58,SR-444 GARDEN STATE PARKWAY,3,Highway estatal,Urbano,Arterial Principal -Freeway o ExpressWay,State Toll Road,1,Sin jurisdiccion especial,99998,40.77426111,-74.20410278,Vehiculo en movimiento,Golpe Lateral - misma direccion,Not an Intersection,No fue interseccion,Sobre calle,Ninguna,Oscuro sin iluminacion,Despejado,No,NO APLICA,1,37,1,50,1,23/10/2022,3
34,New Jersey,340429,0,0,2,0,1,ATLANTIC (1),90,ATLANTIC CITY,10,Octubre,10,2022,21,36,US-30 ABSECON BLVD,2,US Highway,Rural,Arteria Principal,State Highway Agency,1,Sin jurisdiccion especial,38,39.39159444,-74.48875,Barrera de Trafico de Concreto,El primer evento no fue una colision con un vehiculo automotor en transporte,Not an Intersection,No fue interseccion,En el medio,Ninguna,Oscuro - iluminacion desconocida,Despejado,No,NO APLICA,21,39,21,47,1,10/10/2022,3
34,New Jersey,340430,0,0,5,0,7,CAMDEN (7),598,CHERRY HILL,10,Octubre,21,2022,7,24,I-95 NEW JERSEY TPKE,1,Interestatal,Urbano,Arterial Principal -Freeway o ExpressWay,State Toll Road,1,Sin jurisdiccion especial,99998,39.87696944,-75.01098056,Vehiculo en movimiento,Angulo,Not an Intersection,No fue interseccion,Sobre calle,Ninguna,Dia total,Despejado,No,NO APLICA,7,27,7,35,1,21/10/2022,5
34,New Jersey,340431,1,1,3,0,35,SOMERSET (35),214,BEDMINSTER,10,Octubre,20,2022,21,26,I-287,1,Interestatal,Urbano,Interestatal,State Highway Agency,1,Sin jurisdiccion especial,218,40.65188333,-74.64588333,Peaton,El primer evento no fue una colision con un vehiculo automotor en transporte,Not an Intersection,No fue interseccion,Sobre calle,Ninguna,Oscuro - iluminacion desconocida,Despejado,No,NO APLICA,21,47,21,47,1,20/10/2022,4
34,New Jersey,340432,0,0,2,0,27,MORRIS (27),0,NO APLICA,10,Octubre,15,2022,16,5,RIVER RD,6,Calle Local Municipalidad,Urbano,Local,City or Municipal Highway Agency,0,Sin jurisdiccion especial,0,40.66563056,-74.52989722,Volcadura,El primer evento no fue una colision con un vehiculo automotor en transporte,Not an Intersection,No fue interseccion,Sobre calle,Ninguna,Dia total,Despejado,No,NO APLICA,16,9,16,18,1,15/10/2022,4
34,New Jersey,340433,0,0,2,0,3,BERGEN (3),1210,HACKENSACK,7,Julio,29,2022,15,52,CR-561 ESSEX ST,4,Calle del Condado,Urbano,Arteria Menor,County Highway Agency,0,Sin jurisdiccion especial,47,40.87946944,-74.05171389,Vehiculo en movimiento,Angulo,T-Intersection,Interseccion de T,Sobre calle,Ninguna,Dia total,Despejado,No,NO APLICA,16,1,16,4,1,29/07/2022,2
34,New Jersey,340434,0,0,2,0,35,SOMERSET (35),1081,FRANKLIN PARK,7,Julio,20,2022,20,59,CR-527 EASTON AVE,4,Calle del Condado,Urbano,Arteria Principal,County Highway Agency,1,Sin jurisdiccion especial,483,40.50658889,-74.47115556,Vehiculo en movimiento,Angulo,Four-Way Intersection,Interseccion de 4 direcciones,Sobre calle,Ninguna,Atardecer,Despejado,No,NO APLICA,21,5,21,5,1,20/07/2022,2
34,New Jersey,340435,0,0,1,0,39,UNION (39),616,CLARK,10,Octubre,22,2022,11,36,CR-606 WESTFIELD AVE,4,Calle del Condado,Urbano,Arteria Menor,City or Municipal Highway Agency,0,Sin jurisdiccion especial,38,40.62539167,-74.315425,Banqueta,El primer evento no fue una colision con un vehiculo automotor en transporte,Not an Intersection,No fue interseccion,Sobre el lado de la calle,Ninguna,Dia total,Despejado,No,NO APLICA,11,40,11,50,1,22/10/2022,3
34,New Jersey,340436,0,0,2,0,23,MIDDLESEX (23),2417,OLD BRIDGE,10,Octubre,19,2022,6,24,US-9,2,US Highway,Urbano,Arteria Principal,State Highway Agency,1,Sin jurisdiccion especial,1246,40.40492778,-74.30560833,Vehiculo en movimiento,Angulo,Not an Intersection,No fue interseccion,Sobre calle,Ninguna,Oscuro con iluminacion,Despejado,No,NO APLICA,6,27,6,44,1,19/10/2022,2
34,New Jersey,340437,0,0,2,0,23,MIDDLESEX (23),3170,SOUTH RIVER,10,Octubre,15,2022,21,30,VIRGINIA ST,6,Calle Local Municipalidad,Urbano,Local,City or Municipal Highway Agency,0,Sin jurisdiccion especial,0,40.449675,-74.387925,Vehiculo en movimiento,Angulo,Four-Way Intersection,Interseccion de 4 direcciones,Sobre calle,Ninguna,Oscuro con iluminacion,Despejado,No,NO APLICA,21,35,21,38,1,15/10/2022,2
34,New Jersey,340438,1,1,1,0,39,UNION (39),2730,RAHWAY,8,Agosto,29,2022,2,58,SR-27 ST GEORGES AVE,3,Highway estatal,Urbano,Arteria Principal,State Highway Agency,1,Sin jurisdiccion especial,276,40.5997,-74.29028889,Peaton,El primer evento no fue una colision con un vehiculo automotor en transporte,Four-Way Intersection,Interseccion de 4 direcciones,Sobre calle,Ninguna,Oscuro con iluminacion,Despejado,No,NO APLICA,2,59,3,2,1,29/08/2022,1
34,New Jersey,340439,0,0,2,0,13,ESSEX (13),800,EAST ORANGE,7,Julio,1,2022,18,1,GREENWOOD AVE,6,Calle Local Municipalidad,Urbano,Local,City or Municipal Highway Agency,0,Sin jurisdiccion especial,0,40.76061667,-74.20054722,Vehiculo en movimiento,Angulo,Not an Intersection,No fue interseccion,Sobre calle,Ninguna,Dia total,Despejado,No,NO APLICA,99,99,99,99,1,01/07/2022,4
34,New Jersey,340440,1,1,1,0,3,BERGEN (3),890,ENGLEWOOD,6,Junio,18,2022,7,0,SR-4,3,Highway estatal,Urbano,Arterial Principal -Freeway o ExpressWay,State Highway Agency,1,Sin jurisdiccion especial,88,40.88046389,-73.98344722,Banqueta,El primer evento no fue una colision con un vehiculo automotor en transporte,Not an Intersection,No fue interseccion,Sobre el lado de la calle,Ninguna,Dia total,Despejado,No,NO APLICA,99,99,99,99,1,18/06/2022,1
34,New Jersey,340441,0,0,2,0,13,ESSEX (13),2130,NEWARK,6,Junio,18,2022,1,50,US-1 TRUCK,2,US Highway,Urbano,Arterial Principal -Freeway o ExpressWay,State Highway Agency,1,Sin jurisdiccion especial,99998,40.694725,-74.18925278,Vehiculo en movimiento,Frente a Detrás,Not an Intersection,No fue interseccion,Sobre calle,Ninguna,Oscuro con iluminacion,Despejado,No,NO APLICA,1,32,1,37,1,18/06/2022,3
34,New Jersey,340442,0,0,4,0,23,MIDDLESEX (23),2208,NORTH BRUNSWICK,6,Junio,28,2022,23,50,US-130,2,US Highway,Urbano,Arteria Principal,State Highway Agency,1,Sin jurisdiccion especial,99998,40.44472222,-74.46899167,Vehiculo en movimiento,Frente a Detrás,Not an Intersection,No fue interseccion,Sobre calle,Ninguna,Oscuro - iluminacion desconocida,Despejado,No,NO APLICA,23,57,0,6,1,28/06/2022,8
34,New Jersey,340443,0,0,1,0,1,ATLANTIC (1),1264,HAMILTON,8,Agosto,28,2022,4,45,US-322 BLACK HORSE PIKE,2,US Highway,Rural,Arteria Menor,State Highway Agency,0,Sin jurisdiccion especial,413,39.51559722,-74.78275278,Poste de Señal de trafico,El primer evento no fue una colision con un vehiculo automotor en transporte,Traffic Circle,Circulo de Trafico,Gore?,Ninguna,Oscuro - iluminacion desconocida,Neblina o Humo,No,NO APLICA,4,56,4,58,1,28/08/2022,1
34,New Jersey,340444,0,0,1,0,3,BERGEN (3),883,ELMWOOD PARK,8,Agosto,6,2022,20,28,I-80,1,Interestatal,Urbano,Interestatal,State Highway Agency,1,Sin jurisdiccion especial,608,40.90264444,-74.12226944,Valla Ferrocarril,El primer evento no fue una colision con un vehiculo automotor en transporte,Not an Intersection,No fue interseccion,Sobre el lado de la calle,Ninguna,Oscuro con iluminacion,Despejado,No,NO APLICA,99,99,99,99,1,06/08/2022,1
34,New Jersey,340445,0,0,1,0,15,GLOUCESTER (15),1150,GLASSBORO,6,Junio,4,2022,20,40,CR-637 SOUTH ACADEMY ST,4,Calle del Condado,Urbano,Colector Mayor,County Highway Agency,0,Sin jurisdiccion especial,14,39.68494444,-75.10804722,Hidrante,El primer evento no fue una colision con un vehiculo automotor en transporte,T-Intersection,Interseccion de T,Sobre el lado de la calle,Ninguna,Atardecer,Despejado,No,NO APLICA,20,42,20,49,1,04/06/2022,2
34,New Jersey,340446,0,0,2,0,29,OCEAN (29),3360,TOMS RIVER,7,Julio,20,2022,22,58,444-GARDEN STATE PARKWAY,8,Otro,Urbano,Arterial Principal -Freeway o ExpressWay,State Toll Road,1,Sin jurisdiccion especial,875,40.03065556,-74.1834,Vehiculo en movimiento,Frente a Detrás,Not an Intersection,No fue interseccion,Sobre calle,Construccion,Oscuro sin iluminacion,Despejado,No,NO APLICA,23,1,23,7,1,20/07/2022,3
34,New Jersey,340447,0,0,2,0,15,GLOUCESTER (15),1751,LOGAN,7,Julio,12,2022,5,57,CR-662 HIGH HILL RD,4,Calle del Condado,Urbano,Colector Mayor,County Highway Agency,0,Sin jurisdiccion especial,10,39.78128056,-75.3661,Vehiculo en movimiento,Frente a frente,Not an Intersection,No fue interseccion,Sobre calle,Ninguna,Amanecer,Despejado,No,NO APLICA,5,59,6,7,1,12/07/2022,2
34,New Jersey,340448,0,0,1,0,5,BURLINGTON (5),2540,PEMBERTON,9,Septiembre,17,2022,18,29,SR-70,3,Highway estatal,Urbano,Arteria Principal,State Highway Agency,1,Sin jurisdiccion especial,327,39.94571667,-74.49759722,Arbol,El primer evento no fue una colision con un vehiculo automotor en transporte,Not an Intersection,No fue interseccion,Sobre el lado de la calle,Ninguna,Oscuro sin iluminacion,Despejado,No,NO APLICA,18,31,18,47,1,17/09/2022,1
34,New Jersey,340449,0,0,1,0,25,MONMOUTH (25),0,NO APLICA,9,Septiembre,28,2022,10,41,JONATHAN HOLMES RD,6,Calle Local Municipalidad,Rural,Local,City or Municipal Highway Agency,0,Sin jurisdiccion especial,0,40.12801111,-74.49485278,Arbol,El primer evento no fue una colision con un vehiculo automotor en transporte,Not an Intersection,No fue interseccion,Sobre el lado de la calle,Ninguna,Dia total,Despejado,No,NO APLICA,99,99,99,99,1,28/09/2022,1
34,New Jersey,340450,0,0,1,0,37,SUSSEX (37),0,NO APLICA,9,Septiembre,8,2022,6,57,HOLLAND MOUNTAIN RD,6,Calle Local Municipalidad,Rural,Local,City or Municipal Highway Agency,0,Sin jurisdiccion especial,0,41.08065833,-74.520175,Arbol,El primer evento no fue una colision con un vehiculo automotor en transporte,Not an Intersection,No fue interseccion,Sobre el lado de la calle,Ninguna,Dia total,Despejado,No,NO APLICA,7,0,7,11,1,08/09/2022,1
34,New Jersey,340451,0,0,1,0,39,UNION (39),2730,RAHWAY,10,Octubre,9,2022,16,31,SR-27 ST GEORGES AVE,3,Highway estatal,Urbano,Arteria Principal,State Highway Agency,1,Sin jurisdiccion especial,99998,40.60283889,-74.29019444,Banqueta,El primer evento no fue una colision con un vehiculo automotor en transporte,Not an Intersection,No fue interseccion,Sobre el lado de la calle,Ninguna,Dia total,Despejado,No,NO APLICA,16,32,16,36,1,09/10/2022,1
34,New Jersey,340452,1,1,1,0,21,MERCER (21),3380,TRENTON,9,Septiembre,26,2022,20,15,PROSPECT ST,6,Calle Local Municipalidad,Urbano,Arteria Menor,City or Municipal Highway Agency,0,Sin jurisdiccion especial,0,40.23285278,-74.773175,Peaton,El primer evento no fue una colision con un vehiculo automotor en transporte,T-Intersection,Interseccion de T,Sobre calle,Ninguna,Oscuro con iluminacion,Despejado,No,NO APLICA,20,18,20,21,1,26/09/2022,1
34,New Jersey,340453,0,0,1,0,3,BERGEN (3),60,ALPINE,9,Septiembre,3,2022,2,37,445-PALISADES PARKWAY,8,Otro,Urbano,Arterial Principal -Freeway o ExpressWay,State Toll Road,1,Sin jurisdiccion especial,99998,40.93966111,-73.92470278,Arbol,El primer evento no fue una colision con un vehiculo automotor en transporte,Not an Intersection,No fue interseccion,En el medio,Ninguna,Oscuro sin iluminacion,Despejado,No,NO APLICA,2,40,2,55,1,03/09/2022,1
34,New Jersey,340454,0,0,1,0,3,BERGEN (3),890,ENGLEWOOD,9,Septiembre,2,2022,1,27,445-PALISADES PARKWAY,8,Otro,Urbano,Arterial Principal -Freeway o ExpressWay,State Toll Road,1,Sin jurisdiccion especial,33,40.90163333,-73.93706111,Volcadura,El primer evento no fue una colision con un vehiculo automotor en transporte,Not an Intersection,No fue interseccion,En el medio,Ninguna,Oscuro sin iluminacion,Despejado,No,NO APLICA,1,38,1,45,5,02/09/2022,12
34,New Jersey,340455,0,0,2,0,1,ATLANTIC (1),851,EGG HARBOR TOWNSHIP,9,Septiembre,10,2022,12,46,446-ATLANTIC CITY EXPRESSWAY,8,Otro,Urbano,Arterial Principal -Freeway o ExpressWay,State Toll Road,1,Sin jurisdiccion especial,78,39.41813611,-74.56285833,Vehiculo en movimiento,Frente a Detrás,Not an Intersection,No fue interseccion,Sobre calle,Ninguna,Dia total,Despejado,No,NO APLICA,12,50,12,55,1,10/09/2022,4
34,New Jersey,340456,0,0,2,0,29,OCEAN (29),1801,MANCHESTER TOWNSHIP,10,Octubre,13,2022,6,46,SR-70,3,Highway estatal,Rural,Arteria Principal,State Highway Agency,1,Sin jurisdiccion especial,343,39.95209444,-74.46836389,Vehiculo en movimiento,Frente a frente,Not an Intersection,No fue interseccion,Sobre calle,Ninguna,Dia total,Nublado,No,NO APLICA,6,49,7,0,1,13/10/2022,2
34,New Jersey,340457,0,0,3,0,33,SALEM (33),2617,PITTSGROVE TOWNSHIP,10,Octubre,9,2022,22,5,SR-56,3,Highway estatal,Urbano,Arteria Menor,State Highway Agency,0,Sin jurisdiccion especial,61,39.489625,-75.09994444,Vehiculo en movimiento,Frente a Detrás,Not an Intersection,No fue interseccion,Sobre Acotamiento,Ninguna,Oscuro sin iluminacion,Despejado,No,NO APLICA,22,12,22,23,1,09/10/2022,3
34,New Jersey,340458,0,0,2,0,5,BURLINGTON (5),481,BURLINGTON TOWNSHIP,11,Noviembre,20,2022,3,27,I-295,1,Interestatal,Urbano,Interestatal,State Highway Agency,1,Sin jurisdiccion especial,467,40.03330556,-74.84002778,Vehiculo en movimiento,Frente a Detrás,Not an Intersection,No fue interseccion,Sobre calle,Ninguna,Oscuro - iluminacion desconocida,Despejado,No,NO APLICA,3,32,3,40,1,20/11/2022,3