Estado,Nombre de Estado,Numero de Caso,Peatones,Personas _no_vehiculos,Vehiculos automotores,Vehiculos estacionados,Condado,Nombre Condado,Ciudad,Nombre Ciudad,Mes,Nombre Mes,Dia,Año,Hora,Minuto,Calle,Ruta,Nombre Ruta,Rural o Urbanoo,Sistema Funcional,Dueño Calle,Sistema Nacional Carreteras,Jurisdiccion Especial,Milla,Latitud,Longitud,Causa del Accidente,Tipo de Accidente,Tipo Interseccion,Columna1,Lugar en la calle,Zona de Trabajo,Luz,Clima,Autobus Escolar,Cruce de Trenes,Hora Notificacion,Minuto Notificacion,Hora Llegada,Minuto Llegada,Decesos,Fecha,PersonaVehiculo
34,New Jersey,340459,0,0,2,0,31,PASSAIC (31),660,CLIFTON,11,Noviembre,8,2022,8,50,CR-602 ALLWOOD RD,4,Calle del Condado,Urbano,Arteria Menor,County Highway Agency,0,Sin jurisdiccion especial,0,40.85535,-74.1771,Vehiculo en movimiento,Angulo,Not an Intersection,No fue interseccion,Sobre calle,Ninguna,Dia total,Despejado,No,NO APLICA,8,51,8,59,1,08/11/2022,2
34,New Jersey,340460,0,0,2,0,27,MORRIS (27),2084,MT OLIVE,11,Noviembre,10,2022,14,16,US-46,2,US Highway,Urbano,Arteria Principal,State Highway Agency,1,Sin jurisdiccion especial,286,40.88608333,-74.72663056,Vehiculo en movimiento,Angulo,T-Intersection,Interseccion de T,Sobre calle,Ninguna,Dia total,Despejado,No,NO APLICA,14,18,14,25,1,10/11/2022,2
34,New Jersey,340461,0,0,2,0,33,SALEM (33),2617,PITTSGROVE TOWNSHIP,11,Noviembre,21,2022,10,20,CR-639  WILLOW GROVE RD,4,Calle del Condado,Rural,Colector Mayor,County Highway Agency,0,Sin jurisdiccion especial,48,39.55432778,-75.081525,Vehiculo en movimiento,Angulo,Not an Intersection,No fue interseccion,Sobre calle,Ninguna,Dia total,Despejado,No,NO APLICA,10,19,10,29,1,21/11/2022,3
34,New Jersey,340462,0,0,4,0,15,GLOUCESTER (15),0,NO APLICA,11,Noviembre,10,2022,12,35,CR-659 E MALAGA RD,4,Calle del Condado,Urbano,Arteria Menor,County Highway Agency,0,Sin jurisdiccion especial,53,39.68166944,-74.95090278,Vehiculo en movimiento,Frente a frente,Not an Intersection,No fue interseccion,Sobre calle,Ninguna,Dia total,Despejado,No,NO APLICA,12,37,12,47,1,10/11/2022,4
34,New Jersey,340463,0,0,2,0,37,SUSSEX (37),0,NO APLICA,11,Noviembre,6,2022,22,27,SR-94,3,Highway estatal,Rural,Arteria Menor,State Highway Agency,0,Sin jurisdiccion especial,151,40.99678333,-74.86071667,Animal vivo,El primer evento no fue una colision con un vehiculo automotor en transporte,Not an Intersection,No fue interseccion,Sobre calle,Ninguna,Oscuro sin iluminacion,Despejado,No,NO APLICA,22,24,22,44,1,06/11/2022,3
34,New Jersey,340464,0,0,1,0,15,GLOUCESTER (15),1751,LOGAN,11,Noviembre,19,2022,0,44,CR-130,4,Calle del Condado,Urbano,Colector Mayor,County Highway Agency,0,Sin jurisdiccion especial,3,39.79077778,-75.36781944,Alguien se cayo/avento del vehiculo,El primer evento no fue una colision con un vehiculo automotor en transporte,Not an Intersection,No fue interseccion,Sobre calle,Ninguna,Oscuro - iluminacion desconocida,Despejado,No,NO APLICA,99,99,99,99,1,19/11/2022,2
34,New Jersey,340465,0,0,2,0,29,OCEAN (29),0,NO APLICA,11,Noviembre,22,2022,14,41,CR-530 PINEWALD KESWICK RD,4,Calle del Condado,Urbano,Arteria Menor,County Highway Agency,0,Sin jurisdiccion especial,260,39.93221111,-74.27925278,Vehiculo en movimiento,Frente a frente,Not an Intersection,No fue interseccion,Sobre calle,Ninguna,Dia total,Despejado,No,NO APLICA,14,47,15,5,1,22/11/2022,2
34,New Jersey,340466,0,0,1,0,15,GLOUCESTER (15),1075,FRANKLIN,11,Noviembre,6,2022,17,14,SR-47 DELSEA DR,3,Highway estatal,Urbano,Arteria Menor,State Highway Agency,0,Sin jurisdiccion especial,521,39.566275,-75.05521389,Animal vivo,El primer evento no fue una colision con un vehiculo automotor en transporte,Not an Intersection,No fue interseccion,Sobre calle,Ninguna,Oscuro - iluminacion desconocida,Despejado,No,NO APLICA,17,17,17,21,1,06/11/2022,3
34,New Jersey,340467,0,0,1,0,13,ESSEX (13),938,FAIRFIELD,11,Noviembre,23,2022,15,46,CR-625 HOLLYWOOD AVE,4,Calle del Condado,Urbano,Colector Mayor,County Highway Agency,0,Sin jurisdiccion especial,11,40.88699167,-74.30102778,Banqueta,El primer evento no fue una colision con un vehiculo automotor en transporte,Not an Intersection,No fue interseccion,Sobre el lado de la calle,Ninguna,Dia total,Despejado,No,NO APLICA,15,51,15,56,1,23/11/2022,1
34,New Jersey,340468,1,1,1,0,13,ESSEX (13),320,BLOOMFIELD,11,Noviembre,26,2022,1,37,444-GARDEN STATE PARKWAY,8,Otro,Urbano,Arterial Principal -Freeway o ExpressWay,State Toll Road,1,Sin jurisdiccion especial,1442,40.71989444,-74.23362778,Peaton,El primer evento no fue una colision con un vehiculo automotor en transporte,Not an Intersection,No fue interseccion,Sobre calle,Ninguna,Oscuro con iluminacion,Despejado,No,NO APLICA,1,47,1,53,1,26/11/2022,2
34,New Jersey,340469,0,0,2,0,1,ATLANTIC (1),1270,HAMMONTON,11,Noviembre,3,2022,11,45,US-30 WHITE HORSE PIKE,2,US Highway,Urbano,Arteria Principal,State Highway Agency,1,Sin jurisdiccion especial,363,39.57679444,-74.71659722,Vehiculo en movimiento,Angulo,Four-Way Intersection,Interseccion de 4 direcciones,Sobre calle,Ninguna,Dia total,Despejado,No,NO APLICA,11,48,11,51,1,03/11/2022,3
34,New Jersey,340470,0,0,1,0,21,MERCER (21),2710,PRINCETON,11,Noviembre,8,2022,13,52,SR-27 PRINCETON KINGSTON RD,3,Highway estatal,Urbano,Arteria Principal,State Highway Agency,1,Sin jurisdiccion especial,19,40.36059444,-74.63198056,Arbol,El primer evento no fue una colision con un vehiculo automotor en transporte,Not an Intersection,No fue interseccion,Sobre el lado de la calle,Ninguna,Dia total,Despejado,No,NO APLICA,13,54,14,0,1,08/11/2022,1
34,New Jersey,340471,0,0,2,0,41,WARREN (41),694,COLUMBIA,11,Noviembre,12,2022,15,48,SR-94,3,Highway estatal,Rural,Arteria Menor,State Highway Agency,0,Sin jurisdiccion especial,55,40.97574444,-75.02197778,Vehiculo en movimiento,Angulo,T-Intersection,Interseccion de T,Sobre calle,Ninguna,Dia total,Despejado,No,NO APLICA,15,49,15,53,1,12/11/2022,3
34,New Jersey,340472,0,0,1,0,23,MIDDLESEX (23),3110,SOUTH AMBOY,11,Noviembre,3,2022,0,59,US-9,2,US Highway,Urbano,Arteria Principal,State Highway Agency,1,Sin jurisdiccion especial,1304,40.483275,-74.296925,Arbol,El primer evento no fue una colision con un vehiculo automotor en transporte,Not an Intersection,No fue interseccion,Gore?,Ninguna,Oscuro con iluminacion,Despejado,No,NO APLICA,99,99,99,99,1,03/11/2022,1
34,New Jersey,340473,0,0,1,0,35,SOMERSET (35),425,BRIDGEWATER,11,Noviembre,3,2022,15,39,I-287,1,Interestatal,Urbano,Interestatal,State Highway Agency,1,Sin jurisdiccion especial,176,40.59340278,-74.6223,Fin de valla,El primer evento no fue una colision con un vehiculo automotor en transporte,Not an Intersection,No fue interseccion,Sobre el lado de la calle,Ninguna,Dia total,Despejado,No,NO APLICA,15,42,15,54,2,03/11/2022,2
34,New Jersey,340474,1,1,1,0,3,BERGEN (3),1440,HO HO KUS,11,Noviembre,18,2022,17,51,SR-17,3,Highway estatal,Urbano,Arterial Principal -Freeway o ExpressWay,State Highway Agency,1,Sin jurisdiccion especial,185,41.00572778,-74.10273333,Peaton,El primer evento no fue una colision con un vehiculo automotor en transporte,Not an Intersection,No fue interseccion,Sobre calle,Ninguna,Oscuro con iluminacion,Despejado,No,NO APLICA,18,7,18,12,1,18/11/2022,1
34,New Jersey,340475,0,0,1,0,13,ESSEX (13),2130,NEWARK,11,Noviembre,29,2022,23,33,ORATON PKWY,6,Calle Local Municipalidad,Urbano,Local,City or Municipal Highway Agency,0,Sin jurisdiccion especial,0,40.74480278,-74.21485278,Poste,El primer evento no fue una colision con un vehiculo automotor en transporte,Four-Way Intersection,Interseccion de 4 direcciones,Sobre el lado de la calle,Ninguna,Oscuro con iluminacion,Despejado,No,NO APLICA,23,34,23,41,1,29/11/2022,2
34,New Jersey,340476,0,0,1,0,13,ESSEX (13),2130,NEWARK,11,Noviembre,21,2022,1,10,CR-510 MARKET ST,4,Calle del Condado,Urbano,Arteria Principal,County Highway Agency,1,Sin jurisdiccion especial,6,40.73693611,-74.17686389,Poste o otros soportes,El primer evento no fue una colision con un vehiculo automotor en transporte,Not an Intersection,No fue interseccion,En el medio,Ninguna,Oscuro con iluminacion,Despejado,No,NO APLICA,1,15,1,22,1,21/11/2022,1
34,New Jersey,340477,0,0,1,0,3,BERGEN (3),2740,RAMSEY,11,Noviembre,29,2022,14,30,SR-17,3,Highway estatal,Urbano,Arterial Principal -Freeway o ExpressWay,State Highway Agency,1,Sin jurisdiccion especial,228,41.06336389,-74.1261,Arbol,El primer evento no fue una colision con un vehiculo automotor en transporte,Not an Intersection,No fue interseccion,Sobre el lado de la calle,Ninguna,Dia total,Despejado,No,NO APLICA,14,32,14,39,2,29/11/2022,2
34,New Jersey,340478,0,0,1,0,37,SUSSEX (37),0,NO APLICA,11,Noviembre,13,2022,20,2,CR-565,4,Calle del Condado,Rural,Arteria Menor,County Highway Agency,0,Sin jurisdiccion especial,5,41.12541667,-74.70767778,Arbol,El primer evento no fue una colision con un vehiculo automotor en transporte,Not an Intersection,No fue interseccion,Sobre el lado de la calle,Ninguna,Oscuro sin iluminacion,Despejado,No,NO APLICA,20,5,20,13,1,13/11/2022,1
34,New Jersey,340479,1,1,1,0,31,PASSAIC (31),2510,PATERSON,11,Noviembre,4,2022,9,52,ALBION AVE,6,Calle Local Municipalidad,Urbano,Local,City or Municipal Highway Agency,0,Sin jurisdiccion especial,0,40.923775,-74.18775,Peaton,El primer evento no fue una colision con un vehiculo automotor en transporte,Not an Intersection,No fue interseccion,Sobre calle,Ninguna,Dia total,Despejado,No,NO APLICA,9,55,10,4,1,04/11/2022,1
34,New Jersey,340480,1,1,1,0,13,ESSEX (13),800,EAST ORANGE,11,Noviembre,5,2022,18,25,CR-508 CENTRAL AVE,4,Calle del Condado,Urbano,Arteria Principal,County Highway Agency,1,Sin jurisdiccion especial,86,40.75493611,-74.21508889,Peaton,El primer evento no fue una colision con un vehiculo automotor en transporte,Four-Way Intersection,Interseccion de 4 direcciones,Sobre calle,Ninguna,Oscuro con iluminacion,Despejado,No,NO APLICA,18,29,18,43,1,05/11/2022,1
34,New Jersey,340481,1,1,1,0,3,BERGEN (3),3335,TEANECK,11,Noviembre,15,2022,19,42,GLENWOOD AVE,6,Calle Local Municipalidad,Urbano,Colector Mayor,City or Municipal Highway Agency,0,Sin jurisdiccion especial,99998,40.87120833,-74.00367222,Peaton,El primer evento no fue una colision con un vehiculo automotor en transporte,Four-Way Intersection,Interseccion de 4 direcciones,Sobre calle,Ninguna,Oscuro - iluminacion desconocida,lluvia,No,NO APLICA,19,44,19,48,1,15/11/2022,1
34,New Jersey,340482,1,1,2,1,5,BURLINGTON (5),2081,MT LAUREL,11,Noviembre,15,2022,22,20,I-295,1,Interestatal,Urbano,Interestatal,State Highway Agency,1,Sin jurisdiccion especial,405,39.9551,-74.92424167,Peaton,El primer evento no fue una colision con un vehiculo automotor en transporte,Not an Intersection,No fue interseccion,Sobre Acotamiento,Ninguna,Oscuro con iluminacion,lluvia,No,NO APLICA,22,19,22,27,1,15/11/2022,1
34,New Jersey,340483,1,1,1,0,31,PASSAIC (31),3522,WAYNE,11,Noviembre,22,2022,14,49,CR-681 VALLEY RD,4,Calle del Condado,Urbano,Arteria Principal,County Highway Agency,1,Sin jurisdiccion especial,18,40.93881944,-74.22749722,Peaton,El primer evento no fue una colision con un vehiculo automotor en transporte,T-Intersection,Interseccion de T,Sobre calle,Ninguna,Dia total,Despejado,No,NO APLICA,14,51,15,0,1,22/11/2022,2
34,New Jersey,340484,0,0,1,0,5,BURLINGTON (5),2081,MT LAUREL,11,Noviembre,4,2022,1,19,SR-73,3,Highway estatal,Urbano,Arteria Principal,State Highway Agency,1,Sin jurisdiccion especial,99998,39.93138611,-74.96120278,Banqueta,El primer evento no fue una colision con un vehiculo automotor en transporte,Not an Intersection,No fue interseccion,Sobre el lado de la calle,Ninguna,Oscuro con iluminacion,Despejado,No,NO APLICA,99,99,99,99,2,04/11/2022,2
34,New Jersey,340485,0,0,1,0,5,BURLINGTON (5),2540,PEMBERTON,11,Noviembre,24,2022,13,52,CR-530 PEMBERTON-BROWNS MILLS,4,Calle del Condado,Urbano,Arteria Principal,County Highway Agency,1,Sin jurisdiccion especial,99998,39.96717222,-74.59856667,Buzon de correo,El primer evento no fue una colision con un vehiculo automotor en transporte,Not an Intersection,No fue interseccion,Sobre el lado de la calle,Ninguna,Dia total,Despejado,No,NO APLICA,13,58,13,59,2,24/11/2022,2
34,New Jersey,340486,1,1,1,0,3,BERGEN (3),2940,RUTHERFORD,11,Noviembre,8,2022,17,38,SYLVAN ST,6,Calle Local Municipalidad,Urbano,Local,City or Municipal Highway Agency,0,Sin jurisdiccion especial,0,40.8204,-74.10861667,Peaton,El primer evento no fue una colision con un vehiculo automotor en transporte,Four-Way Intersection,Interseccion de 4 direcciones,Sobre calle,Ninguna,Oscuro sin iluminacion,Despejado,No,NO APLICA,17,39,17,45,1,08/11/2022,1
34,New Jersey,340487,1,1,1,0,13,ESSEX (13),800,EAST ORANGE,11,Noviembre,29,2022,5,59,PROSPECT ST,6,Calle Local Municipalidad,Urbano,Arteria Menor,City or Municipal Highway Agency,0,Sin jurisdiccion especial,18,40.77965833,-74.20534722,Peaton,El primer evento no fue una colision con un vehiculo automotor en transporte,Not an Intersection,No fue interseccion,Sobre calle,Ninguna,Oscuro con iluminacion,Despejado,No,NO APLICA,6,7,6,13,1,29/11/2022,1
34,New Jersey,340488,1,1,1,0,35,SOMERSET (35),1194,GREEN BROOK,11,Noviembre,12,2022,0,49,US-22,2,US Highway,Urbano,Arteria Principal,State Highway Agency,1,Sin jurisdiccion especial,400,40.58601667,-74.50877778,Peaton,El primer evento no fue una colision con un vehiculo automotor en transporte,Four-Way Intersection,Interseccion de 4 direcciones,Sobre calle,Ninguna,Oscuro sin iluminacion,Nublado,No,NO APLICA,0,50,1,1,1,12/11/2022,1
34,New Jersey,340489,0,0,2,0,21,MERCER (21),1400,HIGHTSTOWN,11,Noviembre,6,2022,16,53,I-95,1,Interestatal,Urbano,Interestatal,State Highway Agency,1,Sin jurisdiccion especial,676,40.26483333,-74.51092222,Final Destination ( Vehiculo es golpeado por carga o otro objeto puesto en movimiento por otro vehiculo en movimiento),Otro,Not an Intersection,No fue interseccion,Sobre calle,Ninguna,Oscuro sin iluminacion,Despejado,No,NO APLICA,99,99,99,99,1,06/11/2022,4
34,New Jersey,340490,0,0,2,0,39,UNION (39),2730,RAHWAY,11,Noviembre,27,2022,12,15,SR-27 SAINT GEORGES AVE,3,Highway estatal,Urbano,Arteria Principal,State Highway Agency,1,Sin jurisdiccion especial,285,40.61213056,-74.28618889,Vehiculo en movimiento,Angulo,T-Intersection,Interseccion de T,Sobre calle,Ninguna,Dia total,lluvia,No,NO APLICA,12,15,12,19,1,27/11/2022,2
34,New Jersey,340491,1,1,1,0,15,GLOUCESTER (15),0,NO APLICA,11,Noviembre,18,2022,20,54,SR-42 CR-42 BLACK HORSE PIKE,3,Highway estatal,Rural,Colector Mayor,State Highway Agency,0,Sin jurisdiccion especial,99998,39.75015,-75.04587222,Peaton,El primer evento no fue una colision con un vehiculo automotor en transporte,Not an Intersection,No fue interseccion,Sobre calle,Ninguna,Oscuro sin iluminacion,Despejado,No,NO APLICA,20,58,21,0,1,18/11/2022,1
34,New Jersey,340492,0,0,1,0,33,SALEM (33),0,NO APLICA,11,Noviembre,29,2022,14,10,CR-614,4,Calle del Condado,Rural,Local,County Highway Agency,0,Sin jurisdiccion especial,19,39.58991111,-75.25649167,Barda,El primer evento no fue una colision con un vehiculo automotor en transporte,Not an Intersection,No fue interseccion,Sobre el lado de la calle,Ninguna,Dia total,Despejado,No,NO APLICA,14,12,14,20,1,29/11/2022,3
34,New Jersey,340493,1,1,1,0,25,MONMOUTH (25),3070,SHREWSBURY,6,Junio,30,2022,20,58,CR-13 SHREWSBURY AVE,4,Calle del Condado,Urbano,Arteria Menor,County Highway Agency,0,Sin jurisdiccion especial,1,40.31495556,-74.06836944,Peaton,El primer evento no fue una colision con un vehiculo automotor en transporte,Not an Intersection,No fue interseccion,Sobre calle,Ninguna,Oscuro - iluminacion desconocida,Despejado,No,NO APLICA,20,57,21,3,1,30/06/2022,1
34,New Jersey,340494,0,0,1,0,25,MONMOUTH (25),1798,MANALAPAN,7,Julio,25,2022,7,36,CR-3 TENNENT RD,4,Calle del Condado,Urbano,Arteria Menor,County Highway Agency,0,Sin jurisdiccion especial,99998,40.28288889,-74.32814167,Arbol,El primer evento no fue una colision con un vehiculo automotor en transporte,Not an Intersection,No fue interseccion,Sobre el lado de la calle,Ninguna,Oscuro - iluminacion desconocida,Despejado,No,NO APLICA,99,99,99,99,1,25/07/2022,2
34,New Jersey,340495,1,1,1,0,25,MONMOUTH (25),1352,HAZLET TOWNSHIP,7,Julio,9,2022,9,47,SR-36,3,Highway estatal,Urbano,Arteria Principal,State Highway Agency,1,Sin jurisdiccion especial,235,40.42994444,-74.1872,Peaton,El primer evento no fue una colision con un vehiculo automotor en transporte,Four-Way Intersection,Interseccion de 4 direcciones,Sobre calle,Ninguna,Dia total,Despejado,No,NO APLICA,9,48,9,55,1,09/07/2022,1
34,New Jersey,340496,1,1,1,0,7,CAMDEN (7),520,CAMDEN,3,Marzo,2,2022,1,29,CR-551 BROADWAY,4,Calle del Condado,Urbano,Arteria Principal,County Highway Agency,1,Sin jurisdiccion especial,99998,39.91541944,-75.11960278,Banqueta,El primer evento no fue una colision con un vehiculo automotor en transporte,Not an Intersection,No fue interseccion,Sobre el lado de la calle,Ninguna,Oscuro - iluminacion desconocida,Despejado,No,NO APLICA,99,99,99,99,1,02/03/2022,1
34,New Jersey,340497,1,1,1,0,25,MONMOUTH (25),1352,HAZLET TOWNSHIP,8,Agosto,5,2022,11,17,SR-36,3,Highway estatal,Urbano,Arteria Principal,State Highway Agency,1,Sin jurisdiccion especial,232,40.43306111,-74.18145833,No vehiculo o remolque,El primer evento no fue una colision con un vehiculo automotor en transporte,Four-Way Intersection,Interseccion de 4 direcciones,Sobre calle,Ninguna,Dia total,Despejado,No,NO APLICA,11,18,11,28,1,05/08/2022,1
34,New Jersey,340498,1,1,1,0,1,ATLANTIC (1),90,ATLANTIC CITY,9,Septiembre,4,2022,3,37,ATLANTIC AVE,6,Calle Local Municipalidad,Urbano,Arteria Principal,City or Municipal Highway Agency,1,Sin jurisdiccion especial,99998,39.35961667,-74.43408889,Peaton,El primer evento no fue una colision con un vehiculo automotor en transporte,Four-Way Intersection,Interseccion de 4 direcciones,Sobre calle,Construccion,Oscuro con iluminacion,Despejado,No,NO APLICA,3,39,3,40,1,04/09/2022,1
34,New Jersey,340499,0,0,3,0,25,MONMOUTH (25),1832,MARLBORO,8,Agosto,13,2022,14,56,CR-3 TENNENT RD,4,Calle del Condado,Urbano,Arteria Menor,County Highway Agency,0,Sin jurisdiccion especial,74,40.364,-74.26911944,Vehiculo en movimiento,Angulo,T-Intersection,Interseccion de T,Sobre calle,Ninguna,Dia total,Despejado,No,NO APLICA,15,10,15,19,1,13/08/2022,5
34,New Jersey,340500,4,4,2,0,5,BURLINGTON (5),0,NO APLICA,9,Septiembre,24,2022,23,25,CR-532 CHATSWORTH RD,4,Calle del Condado,Rural,Colector Mayor,County Highway Agency,0,Sin jurisdiccion especial,165,39.82793611,-74.51346389,Peaton,El primer evento no fue una colision con un vehiculo automotor en transporte,Not an Intersection,No fue interseccion,Sobre calle,Ninguna,Oscuro sin iluminacion,Despejado,No,NO APLICA,23,30,23,42,3,24/09/2022,2
34,New Jersey,340501,2,2,3,1,9,CAPE MAY (9),3670,WILDWOOD,9,Septiembre,24,2022,21,36,ATLANTIC AVE,6,Calle Local Municipalidad,Urbano,Colector Mayor,City or Municipal Highway Agency,0,Sin jurisdiccion especial,4,38.98286667,-74.81938889,Vehiculo en movimiento,Angulo,Four-Way Intersection,Interseccion de 4 direcciones,Sobre calle,Ninguna,Oscuro con iluminacion,Despejado,No,NO APLICA,21,30,21,31,2,24/09/2022,3
34,New Jersey,340502,0,0,3,0,17,HUDSON (17),2205,NORTH BERGEN,9,Septiembre,4,2022,5,0,US-1/9 TONNELLE AVE,2,US Highway,Urbano,Arteria Principal,State Highway Agency,1,Sin jurisdiccion especial,564,40.76287222,-74.04910833,Vehiculo en movimiento,Frente a Detrás,T-Intersection,Interseccion de T,Sobre calle,Ninguna,Oscuro con iluminacion,Despejado,No,NO APLICA,5,25,5,32,1,04/09/2022,3
34,New Jersey,340503,1,1,2,0,29,OCEAN (29),1590,LAKEWOOD,9,Septiembre,1,2022,20,14,SR-70,3,Highway estatal,Urbano,Arteria Principal,State Highway Agency,1,Sin jurisdiccion especial,2,40.05059444,-74.196,Ciclista,El primer evento no fue una colision con un vehiculo automotor en transporte,Not an Intersection,No fue interseccion,Sobre calle,Ninguna,Dia total,Despejado,No,NO APLICA,19,42,19,50,1,01/09/2022,2
34,New Jersey,340504,0,0,3,0,25,MONMOUTH (25),1090,FREEHOLD,7,Julio,14,2022,17,0,CR-527 SILOAM RD,4,Calle del Condado,Rural,Colector Mayor,County Highway Agency,0,Sin jurisdiccion especial,220,40.20490278,-74.34856944,Vehiculo en movimiento,Golpe Lateral - direccion contraria,Not an Intersection,No fue interseccion,Sobre calle,Ninguna,Dia total,Despejado,No,NO APLICA,16,3,16,13,2,14/07/2022,6
34,New Jersey,340505,0,0,5,0,25,MONMOUTH (25),1090,FREEHOLD,7,Julio,3,2022,13,28,US-9,2,US Highway,Urbano,Arteria Principal,State Highway Agency,1,Sin jurisdiccion especial,516,40.26114722,-74.292225,Vehiculo en movimiento,Golpe Lateral - misma direccion,Four-Way Intersection,Interseccion de 4 direcciones,Sobre calle,Ninguna,Dia total,Despejado,No,NO APLICA,12,33,12,41,3,03/07/2022,10
34,New Jersey,340506,1,1,2,0,3,BERGEN (3),810,ELMWOOD PARK,10,Octubre,24,2022,5,56,GARDEN STATE PKWY,8,Otro,Urbano,Arterial Principal -Freeway o ExpressWay,State Toll Road,1,Sin jurisdiccion especial,1590,40.89498611,-74.11833333,Peaton,El primer evento no fue una colision con un vehiculo automotor en transporte,Not an Intersection,No fue interseccion,Sobre calle,Ninguna,Oscuro sin iluminacion,lluvia,No,NO APLICA,6,22,6,37,1,24/10/2022,2
34,New Jersey,340507,1,1,1,0,1,ATLANTIC (1),1264,HAMILTON,9,Septiembre,17,2022,19,38,CR-552 MILLVILLE AVE,4,Calle del Condado,Rural,Colector Mayor,County Highway Agency,0,Sin jurisdiccion especial,273,39.44736389,-74.759125,Peaton,El primer evento no fue una colision con un vehiculo automotor en transporte,Not an Intersection,No fue interseccion,Sobre calle,Ninguna,Oscuro - iluminacion desconocida,Despejado,No,NO APLICA,20,1,20,2,1,17/09/2022,1
34,New Jersey,340508,0,0,2,0,17,HUDSON (17),1540,KEARNY,9,Septiembre,3,2022,21,34,SR-7,3,Highway estatal,Urbano,Arteria Principal,State Highway Agency,1,Sin jurisdiccion especial,13,40.74696111,-74.09678333,Vehiculo en movimiento,Angulo,Not an Intersection,No fue interseccion,Sobre calle,Ninguna,Oscuro con iluminacion,Despejado,No,NO APLICA,99,99,99,99,1,03/09/2022,2
34,New Jersey,340509,0,0,2,0,5,BURLINGTON (5),2081,MT LAUREL,9,Septiembre,3,2022,20,9,CR-674 HAINSEPORT MT LAUREL RD,6,Calle Local Municipalidad,Urbano,Arteria Menor,County Highway Agency,0,Sin jurisdiccion especial,32,39.93565556,-74.88967778,Vehiculo en movimiento,Angulo,Not an Intersection,No fue interseccion,Sobre calle,Ninguna,Oscuro con iluminacion,Despejado,No,NO APLICA,20,12,20,23,1,03/09/2022,2
34,New Jersey,340510,0,0,2,0,23,MIDDLESEX (23),9898,Not Reported,9,Septiembre,5,2022,17,38,SR-95 NEW JERSEY TURNPIKE,3,Highway estatal,Urbano,Interestatal,State Toll Road,1,Sin jurisdiccion especial,258,40.31843333,-74.48773611,Vehiculo en movimiento,Frente a Detrás,Not an Intersection,No fue interseccion,Sobre calle,Ninguna,Dia total,Despejado,No,NO APLICA,17,44,17,50,1,05/09/2022,3
34,New Jersey,340511,0,0,1,0,23,MIDDLESEX (23),2417,OLD BRIDGE,9,Septiembre,19,2022,0,26,444-GARDEN STATE PARKWAY,8,Otro,Urbano,Arterial Principal -Freeway o ExpressWay,State Toll Road,1,Sin jurisdiccion especial,1216,40.43966111,-74.25926111,Barrera de Trafico de Concreto,El primer evento no fue una colision con un vehiculo automotor en transporte,Not an Intersection,No fue interseccion,Sobre el lado de la calle,Ninguna,Oscuro sin iluminacion,Despejado,No,NO APLICA,99,99,99,99,1,19/09/2022,1
34,New Jersey,340512,0,0,2,0,25,MONMOUTH (25),1925,MIDDLETOWN,9,Septiembre,12,2022,14,33,444-GARDEN STATE PARKWAY,8,Otro,Urbano,Arterial Principal -Freeway o ExpressWay,State Toll Road,1,Sin jurisdiccion especial,1120,40.35551944,-74.12365278,Vehiculo en movimiento,Golpe Lateral - misma direccion,Not an Intersection,No fue interseccion,Sobre calle,Ninguna,Dia total,Despejado,No,NO APLICA,14,37,14,45,1,12/09/2022,2
34,New Jersey,340513,0,0,2,0,29,OCEAN (29),1801,MANCHESTER TOWNSHIP,9,Septiembre,11,2022,0,36,CR-571 RIDGEWAY RD,4,Calle del Condado,Urbano,Arteria Menor,County Highway Agency,0,Sin jurisdiccion especial,115,40.03499167,-74.29308056,Vehiculo en movimiento,Golpe Lateral - direccion contraria,T-Intersection,Interseccion de T,Sobre calle,Ninguna,Oscuro - iluminacion desconocida,Despejado,No,NO APLICA,99,99,99,99,1,11/09/2022,2
34,New Jersey,340514,0,0,2,0,7,CAMDEN (7),598,CHERRY HILL,9,Septiembre,23,2022,17,42,SR-70,3,Highway estatal,Urbano,Arteria Principal,State Highway Agency,1,Sin jurisdiccion especial,36,39.91380278,-75.00970278,Vehiculo en movimiento,Frente a Detrás,Four-Way Intersection,Interseccion de 4 direcciones,Sobre calle,Construccion,Dia total,Despejado,No,NO APLICA,17,43,17,51,1,23/09/2022,12
34,New Jersey,340515,0,0,2,0,37,SUSSEX (37),0,NO APLICA,9,Septiembre,16,2022,16,18,SR-23,3,Highway estatal,Rural,Arteria Principal,State Highway Agency,1,Sin jurisdiccion especial,283,41.09883056,-74.53151667,Vehiculo en movimiento,Angulo,T-Intersection,Interseccion de T,Sobre calle,Ninguna,Dia total,Despejado,No,NO APLICA,99,99,99,99,1,16/09/2022,4
34,New Jersey,340516,1,1,1,0,11,CUMBERLAND (11),3460,VINELAND,9,Septiembre,19,2022,23,35,SR-47 DELSEA DR,3,Highway estatal,Urbano,Arteria Menor,State Highway Agency,0,Sin jurisdiccion especial,430,39.43625833,-75.04080833,Peaton,El primer evento no fue una colision con un vehiculo automotor en transporte,T-Intersection,Interseccion de T,Sobre calle,Ninguna,Oscuro con iluminacion,Despejado,No,NO APLICA,23,36,23,39,1,19/09/2022,1
34,New Jersey,340517,1,1,1,0,21,MERCER (21),1400,HIGHTSTOWN,9,Septiembre,9,2022,21,0,SR-33,3,Highway estatal,Urbano,Arteria Principal,State Highway Agency,1,Sin jurisdiccion especial,139,40.26774722,-74.52610556,Ciclista,El primer evento no fue una colision con un vehiculo automotor en transporte,Y-Intersection,Interseccion de Y,Sobre calle,Ninguna,Oscuro con iluminacion,Despejado,No,NO APLICA,21,6,21,8,1,09/09/2022,1