Estado,Nombre de Estado,Numero de Caso,Peatones,Personas _no_vehiculos,Vehiculos automotores,Vehiculos estacionados,Condado,Nombre Condado,Ciudad,Nombre Ciudad,Mes,Nombre Mes,Dia,Año,Hora,Minuto,Calle,Ruta,Nombre Ruta,Rural o Urbanoo,Sistema Funcional,Dueño Calle,Sistema Nacional Carreteras,Jurisdiccion Especial,Milla,Latitud,Longitud,Causa del Accidente,Tipo de Accidente,Tipo Interseccion,Columna1,Lugar en la calle,Zona de Trabajo,Luz,Clima,Autobus Escolar,Cruce de Trenes,Hora Notificacion,Minuto Notificacion,Hora Llegada,Minuto Llegada,Decesos,Fecha,PersonaVehiculo
34,New Jersey,340518,1,1,1,0,27,MORRIS (27),590,CHATHAM,9,Septiembre,26,2022,19,53,SR-124 MAIN ST,3,Highway estatal,Urbano,Arteria Principal,State Highway Agency,0,Sin jurisdiccion especial,65,40.74124722,-74.38534444,Peaton,El primer evento no fue una colision con un vehiculo automotor en transporte,Four-Way Intersection,Interseccion de 4 direcciones,Sobre calle,Ninguna,Oscuro con iluminacion,Despejado,No,NO APLICA,19,55,20,8,1,26/09/2022,1
34,New Jersey,340519,1,1,1,0,37,SUSSEX (37),70,ANDOVER,9,Septiembre,18,2022,13,21,CR-616 NEWTON SPARTA RD,4,Calle del Condado,Urbano,Arteria Menor,County Highway Agency,0,Sin jurisdiccion especial,12,41.04230556,-74.73499722,Ciclista,El primer evento no fue una colision con un vehiculo automotor en transporte,Not an Intersection,No fue interseccion,Sobre calle,Ninguna,Dia total,Despejado,No,NO APLICA,13,27,13,28,1,18/09/2022,1
34,New Jersey,340520,1,1,1,0,39,UNION (39),3290,SUMMIT,9,Septiembre,15,2022,9,53,CR-657 SUMMIT AVE,4,Calle del Condado,Urbano,Arteria Menor,County Highway Agency,0,Sin jurisdiccion especial,0,40.71358611,-74.357725,Peaton,El primer evento no fue una colision con un vehiculo automotor en transporte,Not an Intersection,No fue interseccion,Sobre calle,Ninguna,Dia total,Despejado,No,NO APLICA,9,53,9,55,1,15/09/2022,1
34,New Jersey,340521,0,0,1,0,7,CAMDEN (7),520,CAMDEN,4,Abril,16,2022,18,59,NORTH 29TH STREET,6,Calle Local Municipalidad,Urbano,Local,City or Municipal Highway Agency,0,Sin jurisdiccion especial,0,39.9587,-75.09170833,Arbol,El primer evento no fue una colision con un vehiculo automotor en transporte,Not an Intersection,No fue interseccion,Sobre el lado de la calle,Ninguna,Dia total,Despejado,No,NO APLICA,19,0,19,6,1,16/04/2022,1
34,New Jersey,340522,0,0,2,0,7,CAMDEN (7),598,CHERRY HILL,4,Abril,12,2022,22,23,CR-644 HADDONFIELD RD,4,Calle del Condado,Urbano,Arteria Principal,County Highway Agency,1,Sin jurisdiccion especial,21,39.92603889,-75.03269722,Vehiculo en movimiento,Angulo,T-Intersection,Interseccion de T,Sobre calle,Ninguna,Oscuro con iluminacion,Despejado,No,NO APLICA,22,24,22,29,1,12/04/2022,2
34,New Jersey,340523,0,0,1,0,21,MERCER (21),1650,LAWRENCEVILLE,7,Julio,26,2022,23,52,CR-583 PRINCETON PIKE,4,Calle del Condado,Urbano,Arteria Menor,County Highway Agency,0,Sin jurisdiccion especial,99998,40.29577222,-74.70544167,Zanja,El primer evento no fue una colision con un vehiculo automotor en transporte,Not an Intersection,No fue interseccion,Sobre el lado de la calle,Ninguna,Oscuro con iluminacion,Despejado,No,NO APLICA,23,56,0,0,1,26/07/2022,1
34,New Jersey,340524,0,0,2,0,7,CAMDEN (7),520,CAMDEN,8,Agosto,30,2022,15,37,CR-605 MT EPHRIAM AVE,4,Calle del Condado,Urbano,Arteria Principal,County Highway Agency,1,Sin jurisdiccion especial,2,39.92118056,-75.10348889,Vehiculo en movimiento,Angulo,T-Intersection,Interseccion de T,Sobre calle,Ninguna,Dia total,Despejado,No,NO APLICA,15,37,15,45,1,30/08/2022,2
34,New Jersey,340525,0,0,1,0,23,MIDDLESEX (23),3144,SOUTH BRUNSWICK,10,Octubre,14,2022,13,50,CR-522 RIDGE RD,4,Calle del Condado,Urbano,Arteria Menor,County Highway Agency,0,Sin jurisdiccion especial,99998,40.38223333,-74.53512222,Banqueta,El primer evento no fue una colision con un vehiculo automotor en transporte,Not an Intersection,No fue interseccion,Sobre el lado de la calle,Ninguna,Dia total,Despejado,No,NO APLICA,19,58,20,0,1,14/10/2022,2
34,New Jersey,340526,0,0,2,0,23,MIDDLESEX (23),3144,SOUTH BRUNSWICK,8,Agosto,23,2022,19,40,US-1,2,US Highway,Urbano,Arteria Principal,State Highway Agency,1,Sin jurisdiccion especial,141,40.362,-74.60111111,Banqueta,El primer evento no fue una colision con un vehiculo automotor en transporte,Four-Way Intersection,Interseccion de 4 direcciones,Sobre el lado de la calle,Ninguna,Oscuro con iluminacion,Despejado,No,NO APLICA,99,99,99,99,1,23/08/2022,2
34,New Jersey,340527,0,0,1,0,23,MIDDLESEX (23),3144,SOUTH BRUNSWICK,9,Septiembre,19,2022,22,32,US-130,2,US Highway,Urbano,Arteria Principal,State Highway Agency,1,Sin jurisdiccion especial,775,40.39558889,-74.50723333,Volcadura,El primer evento no fue una colision con un vehiculo automotor en transporte,Not an Intersection,No fue interseccion,Sobre calle,Ninguna,Oscuro sin iluminacion,Despejado,No,NO APLICA,22,30,22,40,1,19/09/2022,2
34,New Jersey,340528,1,1,1,0,13,ESSEX (13),2130,NEWARK,4,Abril,25,2022,8,1,SR-27 FRELINGHUYSEN AVE,3,Highway estatal,Urbano,Arteria Principal,State Highway Agency,1,Sin jurisdiccion especial,99998,40.69296389,-74.20105278,Peaton,El primer evento no fue una colision con un vehiculo automotor en transporte,Four-Way Intersection,Interseccion de 4 direcciones,Sobre calle,Ninguna,Dia total,Despejado,No,NO APLICA,8,1,8,14,1,25/04/2022,1
34,New Jersey,340529,0,0,2,0,29,OCEAN (29),3180,SOUTH TOMS RIVER,12,Diciembre,23,2022,18,38,444-GARDEN STATE PARKWAY,8,Otro,Urbano,Arterial Principal -Freeway o ExpressWay,State Toll Road,1,Sin jurisdiccion especial,807,39.93965278,-74.20915,Poste de Señal de trafico,El primer evento no fue una colision con un vehiculo automotor en transporte,Not an Intersection,No fue interseccion,En el medio,Ninguna,Oscuro sin iluminacion,Despejado,No,NO APLICA,19,30,19,47,1,23/12/2022,4
34,New Jersey,340530,1,1,1,0,25,MONMOUTH (25),1925,MIDDLETOWN,12,Diciembre,1,2022,18,42,CR-516 LEONARDVILLE RD,4,Calle del Condado,Urbano,Arteria Menor,County Highway Agency,0,Sin jurisdiccion especial,166,40.41467778,-74.0925,Peaton,El primer evento no fue una colision con un vehiculo automotor en transporte,Four-Way Intersection,Interseccion de 4 direcciones,Sobre calle,Ninguna,Oscuro con iluminacion,Despejado,No,NO APLICA,18,46,18,55,1,01/12/2022,1
34,New Jersey,340531,0,0,1,0,29,OCEAN (29),3360,TOMS RIVER,12,Diciembre,24,2022,17,23,YORKTOWNE BLVD,6,Calle Local Municipalidad,Urbano,Local,City or Municipal Highway Agency,0,Sin jurisdiccion especial,0,40.02455,-74.16305833,Banqueta,El primer evento no fue una colision con un vehiculo automotor en transporte,Not an Intersection,No fue interseccion,Sobre el lado de la calle,Ninguna,Oscuro con iluminacion,Despejado,No,NO APLICA,17,22,17,29,1,24/12/2022,1
34,New Jersey,340532,0,0,2,0,11,CUMBERLAND (11),3460,VINELAND,12,Diciembre,22,2022,12,59,SOUTH WEST BLVD,6,Calle Local Municipalidad,Urbano,Local,City or Municipal Highway Agency,0,Sin jurisdiccion especial,0,39.43384444,-75.0305,Vehiculo en movimiento,Angulo,T-Intersection,Interseccion de T,Sobre calle,Ninguna,Dia total,lluvia,No,NO APLICA,13,0,13,4,1,22/12/2022,4
34,New Jersey,340533,0,0,2,0,25,MONMOUTH (25),8,ABERDEEN,12,Diciembre,10,2022,10,44,444-GARDEN STATE PARKWAY,8,Otro,Urbano,Arterial Principal -Freeway o ExpressWay,State Toll Road,1,Sin jurisdiccion especial,1205,40.43011944,-74.24446667,Vehiculo en movimiento,Angulo,Not an Intersection,No fue interseccion,Sobre calle,Ninguna,Dia total,Despejado,No,NO APLICA,10,51,11,1,1,10/12/2022,2
34,New Jersey,340534,0,0,1,0,29,OCEAN (29),3360,TOMS RIVER,11,Noviembre,26,2022,2,25,CR-549 HOOPER AVE,4,Calle del Condado,Urbano,Arteria Principal,County Highway Agency,1,Sin jurisdiccion especial,48,40.00520278,-74.15150833,Poste de Señal de trafico,El primer evento no fue una colision con un vehiculo automotor en transporte,Not an Intersection,No fue interseccion,Sobre el lado de la calle,Ninguna,Oscuro - iluminacion desconocida,Despejado,No,NO APLICA,2,40,2,40,1,26/11/2022,3
34,New Jersey,340535,1,1,1,0,3,BERGEN (3),2740,RAMSEY,12,Diciembre,24,2022,19,55,SR-17,3,Highway estatal,Urbano,Arterial Principal -Freeway o ExpressWay,State Highway Agency,1,Sin jurisdiccion especial,238,41.07178611,-74.14014167,Peaton,El primer evento no fue una colision con un vehiculo automotor en transporte,Not an Intersection,No fue interseccion,Sobre calle,Ninguna,Oscuro - iluminacion desconocida,Despejado,No,NO APLICA,19,59,20,10,1,24/12/2022,4
34,New Jersey,340536,1,1,1,0,3,BERGEN (3),1330,BLOOMINGDALE,12,Diciembre,10,2022,18,7,BALDWIN AVE,6,Calle Local Municipalidad,Urbano,Local,City or Municipal Highway Agency,0,Sin jurisdiccion especial,0,40.87346111,-74.06733333,Peaton,El primer evento no fue una colision con un vehiculo automotor en transporte,Four-Way Intersection,Interseccion de 4 direcciones,Sobre calle,Ninguna,Oscuro - iluminacion desconocida,Despejado,No,NO APLICA,18,8,18,15,1,10/12/2022,1
34,New Jersey,340537,0,0,2,0,5,BURLINGTON (5),370,BORDENTOWN,12,Diciembre,16,2022,0,43,I-295,1,Interestatal,Urbano,Interestatal,State Highway Agency,1,Sin jurisdiccion especial,392,39.95291944,-74.92682222,Vehiculo en movimiento,Angulo,Not an Intersection,No fue interseccion,Sobre calle,Ninguna,Oscuro con iluminacion,lluvia,No,NO APLICA,0,52,1,1,1,16/12/2022,2
34,New Jersey,340538,0,0,3,1,15,GLOUCESTER (15),0,NO APLICA,12,Diciembre,14,2022,17,40,US-322,2,US Highway,Urbano,Arteria Principal,State Highway Agency,1,Sin jurisdiccion especial,272,39.65731667,-74.95901111,Vehiculo en movimiento,Angulo,Not an Intersection,No fue interseccion,Sobre calle,Ninguna,Oscuro con iluminacion,Despejado,No,NO APLICA,17,42,17,43,1,14/12/2022,3
34,New Jersey,340539,1,1,1,0,17,HUDSON (17),2205,NORTH BERGEN,12,Diciembre,9,2022,12,4,US-1 AND 9,2,US Highway,Urbano,Arteria Principal,State Highway Agency,1,Sin jurisdiccion especial,605,40.81355833,-74.01054722,Peaton,El primer evento no fue una colision con un vehiculo automotor en transporte,Four-Way Intersection,Interseccion de 4 direcciones,Sobre calle,Ninguna,Dia total,Despejado,No,NO APLICA,12,8,12,21,1,09/12/2022,1
34,New Jersey,340540,0,0,2,0,23,MIDDLESEX (23),2582,PISCATAWAY,12,Diciembre,29,2022,19,46,CR-622 RIVER RD,4,Calle del Condado,Urbano,Arteria Principal,County Highway Agency,1,Sin jurisdiccion especial,30,40.51686667,-74.48245833,Vehiculo en movimiento,Frente a frente,Not an Intersection,No fue interseccion,Sobre calle,Ninguna,Oscuro - iluminacion desconocida,Despejado,No,NO APLICA,19,49,19,56,1,29/12/2022,2
34,New Jersey,340541,0,0,1,0,21,MERCER (21),3380,TRENTON,1,Enero,16,2022,19,17,CR-626 CHAMBERS ST,4,Calle del Condado,Urbano,Arteria Menor,County Highway Agency,0,Sin jurisdiccion especial,99998,40.21939167,-74.74481389,Banqueta,El primer evento no fue una colision con un vehiculo automotor en transporte,Not an Intersection,No fue interseccion,Sobre el lado de la calle,"Zona de trabajo, tipo desconocido",Oscuro con iluminacion,Nieve,No,NO APLICA,18,34,18,41,1,16/01/2022,1
34,New Jersey,340542,1,1,1,0,9,CAPE MAY (9),0,NO APLICA,12,Diciembre,29,2022,18,28,CR-667 STAGECOACH RD,4,Calle del Condado,Urbano,Colector Mayor,County Highway Agency,0,Sin jurisdiccion especial,19,39.22395278,-74.69918889,Peaton,El primer evento no fue una colision con un vehiculo automotor en transporte,Not an Intersection,No fue interseccion,Sobre calle,Ninguna,Oscuro - iluminacion desconocida,Despejado,No,NO APLICA,18,26,18,30,1,29/12/2022,1
34,New Jersey,340543,1,1,3,1,21,MERCER (21),3380,TRENTON,3,Marzo,14,2022,17,57,LAMBERTON ST,6,Calle Local Municipalidad,Urbano,Local,City or Municipal Highway Agency,0,Sin jurisdiccion especial,1,40.21119167,-74.76110833,Vehiculo en movimiento,Angulo,Four-Way Intersection,Interseccion de 4 direcciones,Sobre calle,Ninguna,Dia total,Despejado,No,NO APLICA,17,59,18,2,1,14/03/2022,6
34,New Jersey,340544,1,1,1,0,25,MONMOUTH (25),40,ALLENTOWN,5,Mayo,11,2022,17,14,CR-526 CHURCH ST,4,Calle del Condado,Urbano,Arteria Menor,County Highway Agency,0,Sin jurisdiccion especial,105,40.17783611,-74.58440278,Peaton,El primer evento no fue una colision con un vehiculo automotor en transporte,T-Intersection,Interseccion de T,Sobre calle,Ninguna,Dia total,Despejado,No,NO APLICA,17,20,17,27,1,11/05/2022,1
34,New Jersey,340545,0,0,2,0,37,SUSSEX (37),3196,SPARTA,9,Septiembre,17,2022,16,45,SR-94,3,Highway estatal,Rural,Arteria Menor,State Highway Agency,0,Sin jurisdiccion especial,312,41.11451111,-74.63386667,Vehiculo en movimiento,Angulo,T-Intersection,Interseccion de T,Sobre calle,Ninguna,Dia total,Despejado,No,NO APLICA,16,47,16,53,1,17/09/2022,3
34,New Jersey,340546,0,0,1,0,21,MERCER (21),3380,TRENTON,3,Marzo,26,2022,1,58,CR-579 SULLIVAN WAY,4,Calle del Condado,Urbano,Colector Mayor,County Highway Agency,0,Sin jurisdiccion especial,99998,40.24154444,-74.80601389,Poste,El primer evento no fue una colision con un vehiculo automotor en transporte,Not an Intersection,No fue interseccion,Sobre el lado de la calle,Ninguna,Oscuro con iluminacion,Despejado,No,NO APLICA,1,59,2,3,1,26/03/2022,2
34,New Jersey,340547,0,0,2,0,21,MERCER (21),3380,TRENTON,3,Marzo,16,2022,23,38,US-1,2,US Highway,Urbano,Arterial Principal -Freeway o ExpressWay,State Highway Agency,1,Sin jurisdiccion especial,18,40.23030833,-74.75422778,Vehiculo en movimiento,Frente a Detrás,Not an Intersection,No fue interseccion,Sobre calle,"Zona de trabajo, tipo desconocido",Oscuro con iluminacion,Despejado,No,NO APLICA,23,43,23,48,1,16/03/2022,3
34,New Jersey,340548,0,0,1,0,25,MONMOUTH (25),1090,FREEHOLD,4,Abril,19,2022,22,39,US-9,2,US Highway,Urbano,Arteria Principal,State Highway Agency,1,Sin jurisdiccion especial,1121,40.23198611,-74.27305278,Banqueta,El primer evento no fue una colision con un vehiculo automotor en transporte,Not an Intersection,No fue interseccion,Sobre el lado de la calle,Ninguna,Oscuro con iluminacion,Despejado,No,NO APLICA,22,39,22,49,2,19/04/2022,5
34,New Jersey,340549,0,0,2,0,5,BURLINGTON (5),3149,SOUTHAMPTON,11,Noviembre,22,2022,18,5,SR-70,3,Highway estatal,Rural,Arteria Principal,State Highway Agency,1,Sin jurisdiccion especial,247,39.89165,-74.62463056,Vehiculo en movimiento,Frente a Detrás,T-Intersection,Interseccion de T,Sobre calle,Ninguna,Oscuro sin iluminacion,Despejado,No,NO APLICA,18,7,18,13,1,22/11/2022,2
34,New Jersey,340550,0,0,2,0,25,MONMOUTH (25),3475,WALL TOWNSHIP,4,Abril,29,2022,10,5,SR-34,3,Highway estatal,Urbano,Arteria Principal,State Highway Agency,1,Sin jurisdiccion especial,72,40.212,-74.12560556,Vehiculo en movimiento,Frente a Detrás,Not an Intersection,No fue interseccion,Sobre calle,Ninguna,Dia total,Despejado,No,NO APLICA,99,99,99,99,1,29/04/2022,2
34,New Jersey,340551,0,0,1,0,25,MONMOUTH (25),1445,HOLMDEL,12,Diciembre,9,2022,13,11,444-GARDEN STATE PARKWAY,8,Otro,Urbano,Arterial Principal -Freeway o ExpressWay,State Toll Road,1,Sin jurisdiccion especial,1174,40.40766667,-74.19913056,Valla Ferrocarril,El primer evento no fue una colision con un vehiculo automotor en transporte,Not an Intersection,No fue interseccion,Sobre el lado de la calle,Ninguna,Dia total,Despejado,No,NO APLICA,13,25,13,36,1,09/12/2022,1
34,New Jersey,340552,1,1,2,0,13,ESSEX (13),1480,TOWNSHIP OF IRVINGTON,4,Abril,27,2022,23,27,CR-510 S ORANGE AVE,4,Calle del Condado,Urbano,Arteria Principal,County Highway Agency,1,Sin jurisdiccion especial,196,40.76871944,-74.34611111,Peaton,El primer evento no fue una colision con un vehiculo automotor en transporte,Not an Intersection,No fue interseccion,Sobre calle,Ninguna,Oscuro sin iluminacion,Despejado,No,NO APLICA,23,28,23,37,1,27/04/2022,2
34,New Jersey,340553,1,1,1,0,13,ESSEX (13),230,BELLEVILLE,6,Junio,24,2022,21,53,SR-7 WASHINGTON AVE,3,Highway estatal,Urbano,Arteria Menor,State Highway Agency,0,Sin jurisdiccion especial,65,40.78722222,-74.15290278,Peaton,El primer evento no fue una colision con un vehiculo automotor en transporte,Not an Intersection,No fue interseccion,Sobre calle,Ninguna,Oscuro con iluminacion,Despejado,No,NO APLICA,21,55,21,57,1,24/06/2022,1
34,New Jersey,340554,0,0,1,0,31,PASSAIC (31),3610,WOODLAND PARK,8,Agosto,14,2022,22,29,CR-633 RIFLE CAMP RD,4,Calle del Condado,Urbano,Arteria Menor,County Highway Agency,0,Sin jurisdiccion especial,21,40.89646111,-74.18591111,Buzon de correo,El primer evento no fue una colision con un vehiculo automotor en transporte,Not an Intersection,No fue interseccion,Sobre el lado de la calle,Ninguna,Oscuro con iluminacion,Despejado,No,NO APLICA,22,33,22,39,1,14/08/2022,1
34,New Jersey,340555,1,1,2,1,5,BURLINGTON (5),841,EDGEWATER PARK,12,Diciembre,9,2022,18,43,S GARDEN BLVD,6,Calle Local Municipalidad,Urbano,Local,City or Municipal Highway Agency,0,Sin jurisdiccion especial,99998,40.05228889,-74.90392222,Peaton,El primer evento no fue una colision con un vehiculo automotor en transporte,Not an Intersection,No fue interseccion,En estacionamiento,Ninguna,Oscuro con iluminacion,Despejado,No,NO APLICA,18,45,18,58,1,09/12/2022,0
34,New Jersey,340556,0,0,2,0,23,MIDDLESEX (23),844,EDISON,12,Diciembre,12,2022,12,45,I-95 NEW JERSEY TPKE RAMP,1,Interestatal,Urbano,Interestatal,State Toll Road,1,Sin jurisdiccion especial,99998,40.52595,-74.33742778,Vehiculo en movimiento,Frente a Detrás,Not an Intersection,No fue interseccion,Sobre calle,Ninguna,Dia total,Despejado,No,NO APLICA,12,49,12,57,1,12/12/2022,2
34,New Jersey,340557,1,1,2,0,25,MONMOUTH (25),3475,WALL TOWNSHIP,12,Diciembre,18,2022,13,31,GARDEN STATE PKWY,8,Otro,Urbano,Arterial Principal -Freeway o ExpressWay,State Toll Road,1,Sin jurisdiccion especial,977,40.16191667,-74.101875,Vehiculo en movimiento,Golpe Lateral - misma direccion,Not an Intersection,No fue interseccion,Sobre calle,Ninguna,Dia total,Despejado,No,NO APLICA,13,25,13,30,1,18/12/2022,3
34,New Jersey,340558,0,1,3,1,7,CAMDEN (7),240,BELLMAWR,12,Diciembre,27,2022,15,10,I-295,1,Interestatal,Urbano,Interestatal,State Highway Agency,1,Sin jurisdiccion especial,282,39.87244167,-75.08145,Vehiculo Aparcado,El primer evento no fue una colision con un vehiculo automotor en transporte,Not an Intersection,No fue interseccion,Sobre Acotamiento,Ninguna,Dia total,Despejado,No,NO APLICA,15,15,15,23,1,27/12/2022,2
34,New Jersey,340559,1,1,1,0,9,CAPE MAY (9),0,NO APLICA,12,Diciembre,1,2022,17,7,US-9,2,US Highway,Rural,Arteria Menor,State Highway Agency,0,Sin jurisdiccion especial,278,39.25418056,-74.65918889,No vehiculo o remolque,El primer evento no fue una colision con un vehiculo automotor en transporte,Not an Intersection,No fue interseccion,Sobre calle,Ninguna,Oscuro sin iluminacion,Despejado,No,NO APLICA,16,58,17,5,1,01/12/2022,1
34,New Jersey,340560,0,0,1,0,25,MONMOUTH (25),1445,HOLMDEL,12,Diciembre,2,2022,11,49,MIDDLETOWN RD,6,Calle Local Municipalidad,Urbano,Local,City or Municipal Highway Agency,0,Sin jurisdiccion especial,99998,40.35921389,-74.15718611,Otra no colicion,El primer evento no fue una colision con un vehiculo automotor en transporte,Not an Intersection,No fue interseccion,Sobre el lado de la calle,Ninguna,Dia total,Despejado,No,NO APLICA,11,53,12,10,1,02/12/2022,3
34,New Jersey,340561,1,1,2,0,27,MORRIS (27),0,NO APLICA,12,Diciembre,1,2022,17,19,CR-511 WHIPPANY RD,6,Calle Local Municipalidad,Urbano,Arteria Principal,County Highway Agency,1,Sin jurisdiccion especial,1,40.79671111,-74.45864444,Peaton,El primer evento no fue una colision con un vehiculo automotor en transporte,Not an Intersection,No fue interseccion,Sobre calle,Ninguna,Oscuro con iluminacion,Despejado,No,NO APLICA,99,99,99,99,1,01/12/2022,2
34,New Jersey,340562,1,1,1,0,15,GLOUCESTER (15),2520,PAULSBORO,11,Noviembre,23,2022,21,24,CR-667 S DELAWARE ST,4,Calle del Condado,Urbano,Arteria Menor,County Highway Agency,0,Sin jurisdiccion especial,150,39.83006944,-75.24033333,Peaton,El primer evento no fue una colision con un vehiculo automotor en transporte,"Five Point, or More",5 Puntos o mas,Reportado como desconocida,Ninguna,Oscuro con iluminacion,Despejado,No,NO APLICA,21,25,21,30,1,23/11/2022,1
34,New Jersey,340563,0,0,3,0,3,BERGEN (3),2780,RIDGEFIELD PARK,11,Noviembre,1,2022,15,28,I-95 NJ TPKE,1,Interestatal,Urbano,Interestatal,State Toll Road,1,Sin jurisdiccion especial,56,40.84003333,-74.01840278,Vehiculo en movimiento,Frente a Detrás,Not an Intersection,No fue interseccion,Sobre calle,Ninguna,Dia total,No reportado,No,NO APLICA,15,34,15,48,1,01/11/2022,4
34,New Jersey,340564,1,1,1,0,23,MIDDLESEX (23),1920,NEW BRUNSWICK,5,Mayo,28,2022,2,7,CR-693 JERSEY AVE,4,Calle del Condado,Urbano,Arteria Menor,County Highway Agency,0,Sin jurisdiccion especial,10,40.49156944,-74.45454167,Peaton,El primer evento no fue una colision con un vehiculo automotor en transporte,Four-Way Intersection,Interseccion de 4 direcciones,Sobre calle,Ninguna,Oscuro con iluminacion,Despejado,No,NO APLICA,2,12,2,12,1,28/05/2022,1
34,New Jersey,340565,0,0,2,0,13,ESSEX (13),2130,NEWARK,7,Julio,23,2022,4,22,SR-27 FRELINGHUYSEN AVE,3,Highway estatal,Urbano,Arteria Principal,State Highway Agency,1,Sin jurisdiccion especial,361,40.69206944,-74.20152778,Vehiculo en movimiento,Angulo,Not an Intersection,No fue interseccion,Sobre calle,Ninguna,Oscuro con iluminacion,Despejado,No,NO APLICA,4,25,4,36,4,23/07/2022,5
34,New Jersey,340566,1,1,1,0,25,MONMOUTH (25),1465,HOWELL,4,Abril,8,2022,21,35,US-9,2,US Highway,Urbano,Arteria Principal,State Highway Agency,1,Sin jurisdiccion especial,1055,40.14406667,-74.22553056,Peaton,El primer evento no fue una colision con un vehiculo automotor en transporte,Not an Intersection,No fue interseccion,Sobre calle,Ninguna,Oscuro sin iluminacion,No reportado,No,NO APLICA,21,39,21,43,1,08/04/2022,1
34,New Jersey,340567,1,1,1,0,31,PASSAIC (31),660,CLIFTON,12,Diciembre,3,2022,17,27,CR-606 KINGSLAND RD,4,Calle del Condado,Urbano,Colector Mayor,County Highway Agency,0,Sin jurisdiccion especial,0,40.82336667,-74.13516667,Peaton,El primer evento no fue una colision con un vehiculo automotor en transporte,Not an Intersection,No fue interseccion,Sobre calle,Ninguna,Oscuro - iluminacion desconocida,lluvia,No,NO APLICA,17,28,17,34,1,03/12/2022,1
34,New Jersey,340568,1,1,1,0,25,MONMOUTH (25),2374,OCEAN TOWNSHIP,12,Diciembre,9,2022,8,29,DEAL RD,6,Calle Local Municipalidad,Urbano,Arteria Menor,City or Municipal Highway Agency,0,Sin jurisdiccion especial,7,40.25046667,-74.04945,Ciclista,El primer evento no fue una colision con un vehiculo automotor en transporte,Four-Way Intersection,Interseccion de 4 direcciones,Sobre calle,Ninguna,Dia total,Despejado,No,NO APLICA,99,99,99,99,1,09/12/2022,1
34,New Jersey,340569,0,0,3,0,23,MIDDLESEX (23),3144,SOUTH BRUNSWICK,12,Diciembre,31,2022,0,21,US-1,2,US Highway,Urbano,Arteria Principal,State Highway Agency,1,Sin jurisdiccion especial,476,40.39456667,-74.56143611,Vehiculo en movimiento,Otro,Not an Intersection,No fue interseccion,Sobre calle,Ninguna,Oscuro con iluminacion,Despejado,No,NO APLICA,0,29,0,47,1,31/12/2022,3
34,New Jersey,340570,1,1,1,0,7,CAMDEN (7),520,CAMDEN,8,Agosto,4,2022,22,12,CHELTON AVE,6,Calle Local Municipalidad,Urbano,Colector Mayor,City or Municipal Highway Agency,0,Sin jurisdiccion especial,2,39.91820833,-75.11599722,Peaton,El primer evento no fue una colision con un vehiculo automotor en transporte,Not an Intersection,No fue interseccion,Sobre calle,Ninguna,Oscuro - iluminacion desconocida,lluvia,No,NO APLICA,22,10,22,18,1,04/08/2022,1
34,New Jersey,340571,0,0,2,0,23,MIDDLESEX (23),3705,WOODBRIDGE,11,Noviembre,7,2022,20,48,US-9,2,US Highway,Urbano,Arteria Principal,State Highway Agency,1,Sin jurisdiccion especial,1351,40.549075,-74.29108056,Vehiculo en movimiento,Frente a Detrás,Not an Intersection,No fue interseccion,Sobre calle,Ninguna,Oscuro sin iluminacion,Despejado,No,NO APLICA,20,50,20,56,1,07/11/2022,2
34,New Jersey,340572,0,0,1,0,5,BURLINGTON (5),3149,SOUTHAMPTON,12,Diciembre,29,2022,3,45,US-206,2,US Highway,Urbano,Arteria Principal,State Highway Agency,1,Sin jurisdiccion especial,176,39.88784167,-74.74123889,Banqueta,El primer evento no fue una colision con un vehiculo automotor en transporte,Traffic Circle,Circulo de Trafico,Gore?,Ninguna,Oscuro con iluminacion,Despejado,No,NO APLICA,3,55,4,4,1,29/12/2022,1
34,New Jersey,340573,1,1,1,0,21,MERCER (21),3380,TRENTON,7,Julio,8,2022,21,59,MARKET ST,6,Calle Local Municipalidad,Urbano,Arteria Principal,City or Municipal Highway Agency,1,Sin jurisdiccion especial,99998,40.21600556,-74.761475,Peaton,El primer evento no fue una colision con un vehiculo automotor en transporte,Not an Intersection,No fue interseccion,Sobre calle,Ninguna,No reportada,Despejado,No,NO APLICA,22,2,22,5,1,08/07/2022,1
34,New Jersey,340574,0,0,2,0,21,MERCER (21),3380,TRENTON,6,Junio,11,2022,23,54,WHITTAKER AVE,6,Calle Local Municipalidad,Urbano,Local,City or Municipal Highway Agency,0,Sin jurisdiccion especial,99998,40.21057778,-74.74801667,Vehiculo en movimiento,Angulo,T-Intersection,Interseccion de T,Sobre calle,"Zona de trabajo, tipo desconocido",Oscuro con iluminacion,Despejado,No,NO APLICA,23,58,0,3,1,11/06/2022,3
34,New Jersey,340575,0,0,1,0,23,MIDDLESEX (23),1986,MONROE TOWNSHIP,9,Septiembre,3,2022,6,50,MOUNTS MILLS RD,6,Calle Local Municipalidad,Urbano,Arteria Menor,City or Municipal Highway Agency,0,Sin jurisdiccion especial,99998,40.32954167,-74.38938333,Arbol,El primer evento no fue una colision con un vehiculo automotor en transporte,Not an Intersection,No fue interseccion,Sobre el lado de la calle,Ninguna,Reportada como desconocida,Despejado,No,NO APLICA,99,99,99,99,1,03/09/2022,1
34,New Jersey,340576,0,0,2,0,23,MIDDLESEX (23),3705,WOODBRIDGE,11,Noviembre,24,2022,21,52,US-1,2,US Highway,Urbano,Arteria Principal,State Highway Agency,1,Sin jurisdiccion especial,362,40.56972778,-74.29448333,Vehiculo en movimiento,Angulo,Not an Intersection,No fue interseccion,Sobre calle,Ninguna,Oscuro sin iluminacion,Despejado,No,NO APLICA,21,58,22,0,1,24/11/2022,4