Estado,Nombre de Estado,Numero de Caso,Peatones,Personas _no_vehiculos,Vehiculos automotores,Vehiculos estacionados,Condado,Nombre Condado,Ciudad,Nombre Ciudad,Mes,Nombre Mes,Dia,Año,Hora,Minuto,Calle,Ruta,Nombre Ruta,Rural o Urbanoo,Sistema Funcional,Dueño Calle,Sistema Nacional Carreteras,Jurisdiccion Especial,Milla,Latitud,Longitud,Causa del Accidente,Tipo de Accidente,Tipo Interseccion,Columna1,Lugar en la calle,Zona de Trabajo,Luz,Clima,Autobus Escolar,Cruce de Trenes,Hora Notificacion,Minuto Notificacion,Hora Llegada,Minuto Llegada,Decesos,Fecha,PersonaVehiculo
34,New Jersey,340577,0,0,2,0,23,MIDDLESEX (23),3705,WOODBRIDGE,11,Noviembre,23,2022,9,11,SR-35,3,Highway estatal,Urbano,Arteria Principal,State Highway Agency,1,Sin jurisdiccion especial,543,40.54360278,-74.27681667,Vehiculo en movimiento,Angulo,Four-Way Intersection,Interseccion de 4 direcciones,Sobre calle,Ninguna,Dia total,Despejado,No,NO APLICA,9,12,9,19,1,23/11/2022,2
34,New Jersey,340578,0,0,1,0,23,MIDDLESEX (23),1986,MONROE TOWNSHIP,9,Septiembre,28,2022,2,11,CR-614 PROSPECT PLAINS RD,4,Calle del Condado,Urbano,Arteria Menor,County Highway Agency,0,Sin jurisdiccion especial,89,40.32219167,-74.45909167,Banqueta,El primer evento no fue una colision con un vehiculo automotor en transporte,Not an Intersection,No fue interseccion,Sobre el lado de la calle,Ninguna,Oscuro - iluminacion desconocida,Despejado,No,NO APLICA,2,15,2,15,1,28/09/2022,1
34,New Jersey,340579,1,1,1,0,21,MERCER (21),3380,TRENTON,5,Mayo,6,2022,3,44,CR-622 NORTH OLDEN AVE,4,Calle del Condado,Urbano,Arteria Menor,County Highway Agency,0,Sin jurisdiccion especial,30,40.22831944,-74.74137222,Ciclista,El primer evento no fue una colision con un vehiculo automotor en transporte,Not an Intersection,No fue interseccion,Sobre calle,Ninguna,Oscuro con iluminacion,Despejado,No,NO APLICA,3,45,3,50,1,06/05/2022,1
34,New Jersey,340580,1,1,1,0,13,ESSEX (13),800,EAST ORANGE,12,Diciembre,12,2022,8,13,FREEWAY DRIVE,6,Calle Local Municipalidad,Urbano,Local,City or Municipal Highway Agency,0,Sin jurisdiccion especial,10,40.76248333,-74.21527222,Peaton,El primer evento no fue una colision con un vehiculo automotor en transporte,Four-Way Intersection,Interseccion de 4 direcciones,Sobre calle,Ninguna,Dia total,Despejado,No,NO APLICA,8,17,8,27,1,12/12/2022,3
34,New Jersey,340581,0,0,2,0,23,MIDDLESEX (23),3705,WOODBRIDGE,6,Junio,16,2022,15,26,SR-35,3,Highway estatal,Urbano,Arteria Principal,State Highway Agency,1,Sin jurisdiccion especial,569,40.57745,-74.29429444,Vehiculo en movimiento,Angulo,T-Intersection,Interseccion de T,Sobre calle,Ninguna,Dia total,Nublado,No,NO APLICA,15,27,15,28,1,16/06/2022,2
34,New Jersey,340582,1,1,1,0,39,UNION (39),860,ELIZABETH,12,Diciembre,26,2022,2,29,US-1 SPRING ST,2,US Highway,Urbano,Arteria Principal,State Highway Agency,1,Sin jurisdiccion especial,443,40.66247222,-74.20693889,Peaton,El primer evento no fue una colision con un vehiculo automotor en transporte,Four-Way Intersection,Interseccion de 4 direcciones,Sobre calle,Ninguna,Oscuro - iluminacion desconocida,Despejado,No,NO APLICA,99,99,99,99,1,26/12/2022,1
34,New Jersey,340583,4,4,3,0,31,PASSAIC (31),2510,PATERSON,5,Mayo,17,2022,15,14,CR-509 MAIN ST,4,Calle del Condado,Urbano,Arteria Principal,County Highway Agency,1,Sin jurisdiccion especial,99998,40.91392222,-74.17328056,Vehiculo en movimiento,No reportado,Four-Way Intersection,Interseccion de 4 direcciones,Sobre calle,Ninguna,Dia total,Despejado,No,NO APLICA,15,14,15,19,1,17/05/2022,4
34,New Jersey,340584,1,1,1,0,35,SOMERSET (35),1820,MANVILLE,12,Diciembre,20,2022,18,30,CR-533,4,Calle del Condado,Urbano,Arteria Menor,County Highway Agency,0,Sin jurisdiccion especial,288,40.54847778,-74.58638333,Peaton,El primer evento no fue una colision con un vehiculo automotor en transporte,Not an Intersection,No fue interseccion,Sobre calle,Ninguna,Oscuro con iluminacion,Despejado,No,NO APLICA,18,32,18,39,1,20/12/2022,1
34,New Jersey,340585,0,0,1,0,11,CUMBERLAND (11),0,NO APLICA,10,Octubre,7,2022,23,14,CR-614,4,Calle del Condado,Rural,Local,City or Municipal Highway Agency,0,Sin jurisdiccion especial,19,39.27389167,-75.05970278,Poste de Señal de trafico,El primer evento no fue una colision con un vehiculo automotor en transporte,Not an Intersection,No fue interseccion,Sobre el lado de la calle,Ninguna,Oscuro - iluminacion desconocida,Despejado,No,NO APLICA,99,99,99,99,1,07/10/2022,1
34,New Jersey,340586,1,1,1,0,21,MERCER (21),3380,TRENTON,10,Octubre,2,2022,19,46,SR-129,3,Highway estatal,Urbano,Arteria Principal,State Highway Agency,1,Sin jurisdiccion especial,16,40.20600556,-74.75479722,Peaton,El primer evento no fue una colision con un vehiculo automotor en transporte,Four-Way Intersection,Interseccion de 4 direcciones,Sobre calle,Ninguna,No reportada,Despejado,No,NO APLICA,19,47,19,57,1,02/10/2022,1
34,New Jersey,340587,0,0,3,0,5,BURLINGTON (5),3325,TABERNACLE,12,Diciembre,31,2022,13,22,CR-532,4,Calle del Condado,Urbano,Arteria Menor,City or Municipal Highway Agency,0,Sin jurisdiccion especial,35,39.84931944,-74.74386389,Vehiculo en movimiento,Angulo,Four-Way Intersection,Interseccion de 4 direcciones,Sobre calle,Ninguna,Dia total,lluvia,No,NO APLICA,13,26,13,28,1,31/12/2022,6
34,New Jersey,340588,0,0,2,0,5,BURLINGTON (5),3537,WESTAMPTON TOWNSHIP,12,Diciembre,25,2022,5,16,700-NJ TURNPIKE,8,Otro,Urbano,Arterial Principal -Freeway o ExpressWay,State Toll Road,1,Sin jurisdiccion especial,420,40.00391667,-74.84845,Vehiculo en movimiento,Frente a Detrás,Not an Intersection,No fue interseccion,Sobre calle,Ninguna,Oscuro sin iluminacion,Vientos cruzados pero de los mamalones,No,NO APLICA,5,28,5,41,2,25/12/2022,5
34,New Jersey,340590,1,1,1,0,23,MIDDLESEX (23),3144,SOUTH BRUNSWICK,6,Junio,15,2022,10,31,CR-697 GEORGES RD,4,Calle del Condado,Urbano,Colector Mayor,County Highway Agency,0,Sin jurisdiccion especial,25,40.39125278,-74.52328333,Banqueta,El primer evento no fue una colision con un vehiculo automotor en transporte,Not an Intersection,No fue interseccion,Sobre el lado de la calle,Ninguna,Dia total,Despejado,No,NO APLICA,10,34,10,40,1,15/06/2022,1
34,New Jersey,340591,1,1,1,0,23,MIDDLESEX (23),2570,PERTH AMBOY,8,Agosto,7,2022,20,29,SR-35,3,Highway estatal,Urbano,Arteria Principal,State Highway Agency,1,Sin jurisdiccion especial,541,40.53055556,-74.27960556,Peaton,El primer evento no fue una colision con un vehiculo automotor en transporte,Four-Way Intersection,Interseccion de 4 direcciones,Sobre calle,Ninguna,Oscuro con iluminacion,Despejado,No,NO APLICA,20,31,20,34,1,07/08/2022,1
34,New Jersey,340592,1,1,1,0,23,MIDDLESEX (23),2570,PERTH AMBOY,9,Septiembre,5,2022,22,9,CR-653 AMBOY AVE,4,Calle del Condado,Urbano,Colector Mayor,County Highway Agency,0,Sin jurisdiccion especial,10,40.52983333,-74.27401667,Peaton,El primer evento no fue una colision con un vehiculo automotor en transporte,Four-Way Intersection,Interseccion de 4 direcciones,Sobre calle,Ninguna,Oscuro - iluminacion desconocida,lluvia,No,NO APLICA,22,16,22,16,1,05/09/2022,1
34,New Jersey,340593,0,0,1,0,13,ESSEX (13),230,BELLEVILLE,8,Agosto,8,2022,13,53,SR-21,3,Highway estatal,Urbano,Arterial Principal -Freeway o ExpressWay,State Highway Agency,1,Sin jurisdiccion especial,72,40.79929167,-74.13936389,Fin de valla,El primer evento no fue una colision con un vehiculo automotor en transporte,Not an Intersection,No fue interseccion,Sobre el lado de la calle,Ninguna,Reportada como desconocida,No reportado,No,NO APLICA,13,48,14,5,1,08/08/2022,1
34,New Jersey,340594,0,0,1,0,41,WARREN (41),314,BLAIRSTOWN,12,Diciembre,6,2022,13,46,SR-94,3,Highway estatal,Rural,Arteria Menor,State Highway Agency,0,Sin jurisdiccion especial,44,40.96394722,-75.03958056,Fin de valla,El primer evento no fue una colision con un vehiculo automotor en transporte,Not an Intersection,No fue interseccion,Sobre el lado de la calle,Ninguna,Dia total,lluvia,No,NO APLICA,13,52,14,20,1,06/12/2022,1
34,New Jersey,340595,0,0,2,0,33,SALEM (33),0,NO APLICA,11,Noviembre,14,2022,20,17,CR-553 BUCK RD,4,Calle del Condado,Urbano,Colector Mayor,County Highway Agency,0,Sin jurisdiccion especial,338,39.60418056,-75.13516111,Animal vivo,El primer evento no fue una colision con un vehiculo automotor en transporte,Not an Intersection,No fue interseccion,Sobre calle,Ninguna,Oscuro sin iluminacion,Despejado,No,NO APLICA,20,12,20,24,1,14/11/2022,3
34,New Jersey,340596,0,0,2,0,33,SALEM (33),0,NO APLICA,11,Noviembre,14,2022,6,38,CR-540 HAWKS BRIDGE RD,4,Calle del Condado,Rural,Colector Mayor,County Highway Agency,0,Sin jurisdiccion especial,35,39.65257222,-75.44845556,Vehiculo en movimiento,Angulo,Not an Intersection,No fue interseccion,Sobre calle,Ninguna,Dia total,Despejado,No,NO APLICA,6,40,6,52,1,14/11/2022,2
34,New Jersey,340597,0,0,3,0,23,MIDDLESEX (23),570,CARTERET,12,Diciembre,29,2022,0,1,I-95,1,Interestatal,Urbano,Interestatal,State Toll Road,1,Sin jurisdiccion especial,953,40.58776111,-74.23907222,Vehiculo en movimiento,Frente a Detrás,Not an Intersection,No fue interseccion,Sobre calle,Ninguna,Oscuro sin iluminacion,Despejado,No,NO APLICA,0,21,0,41,1,29/12/2022,5
34,New Jersey,340598,1,1,1,0,13,ESSEX (13),2130,NEWARK,9,Septiembre,5,2022,2,54,SR-21 MCCARTER HIGHWAY,3,Highway estatal,Urbano,Arteria Principal,State Highway Agency,1,Sin jurisdiccion especial,10,40.720025,-74.17957222,Peaton,El primer evento no fue una colision con un vehiculo automotor en transporte,Four-Way Intersection,Interseccion de 4 direcciones,Sobre calle,Ninguna,Oscuro con iluminacion,Despejado,No,NO APLICA,2,56,99,99,1,05/09/2022,1
34,New Jersey,340599,1,1,1,0,13,ESSEX (13),2130,NEWARK,12,Diciembre,28,2022,6,0,PEERLESS PLACE,6,Calle Local Municipalidad,Urbano,Local,City or Municipal Highway Agency,0,Sin jurisdiccion especial,99998,40.71115556,-74.19027222,Peaton,El primer evento no fue una colision con un vehiculo automotor en transporte,T-Intersection,Interseccion de T,Sobre calle,Ninguna,Oscuro sin iluminacion,Despejado,No,NO APLICA,6,2,6,9,1,28/12/2022,1
34,New Jersey,340600,1,1,1,0,15,GLOUCESTER (15),747,DEPTFORD,9,Septiembre,1,2022,21,29,CATTELL RD,6,Calle Local Municipalidad,Urbano,Local,City or Municipal Highway Agency,0,Sin jurisdiccion especial,99998,39.79808333,-75.13920278,Peaton,El primer evento no fue una colision con un vehiculo automotor en transporte,Not an Intersection,No fue interseccion,Sobre calle,Ninguna,Oscuro sin iluminacion,Despejado,No,NO APLICA,99,99,99,99,1,01/09/2022,1
34,New Jersey,340601,2,2,1,0,13,ESSEX (13),1480,TOWNSHIP OF IRVINGTON,12,Diciembre,3,2022,2,3,CLINTON AVE,6,Calle Local Municipalidad,Urbano,Arteria Menor,City or Municipal Highway Agency,0,Sin jurisdiccion especial,99998,40.72628889,-74.22806667,Peaton,El primer evento no fue una colision con un vehiculo automotor en transporte,Four-Way Intersection,Interseccion de 4 direcciones,Sobre calle,Ninguna,Oscuro con iluminacion,Despejado,No,NO APLICA,2,8,2,10,1,03/12/2022,1
34,New Jersey,340602,0,0,3,0,15,GLOUCESTER (15),747,DEPTFORD,10,Octubre,18,2022,8,52,SR-41,3,Highway estatal,Urbano,Arteria Principal,State Highway Agency,1,Sin jurisdiccion especial,40,39.839675,-75.08610556,Vehiculo en movimiento,Angulo,Not an Intersection,No fue interseccion,Sobre calle,Ninguna,Dia total,Despejado,No,NO APLICA,8,58,9,4,1,18/10/2022,3
34,New Jersey,340603,0,0,2,0,29,OCEAN (29),0,NO APLICA,10,Octubre,10,2022,10,55,US-9,2,US Highway,Urbano,Arteria Principal,State Highway Agency,1,Sin jurisdiccion especial,805,39.82527222,-74.20245,Vehiculo en movimiento,Frente a frente,Not an Intersection,No fue interseccion,Sobre calle,Ninguna,Dia total,Despejado,No,NO APLICA,11,3,11,16,1,10/10/2022,2
34,New Jersey,340604,0,0,2,0,13,ESSEX (13),2130,NEWARK,11,Noviembre,1,2022,22,31,2ND AVE,6,Calle Local Municipalidad,Urbano,Colector Mayor,City or Municipal Highway Agency,0,Sin jurisdiccion especial,4,40.76196667,-74.17016667,Vehiculo en movimiento,Angulo,Four-Way Intersection,Interseccion de 4 direcciones,Sobre calle,Ninguna,Oscuro con iluminacion,Despejado,No,NO APLICA,22,35,22,41,1,01/11/2022,4
34,New Jersey,340606,1,1,1,0,13,ESSEX (13),2130,NEWARK,8,Agosto,29,2022,7,28,VIRGINIA ST,6,Calle Local Municipalidad,Urbano,Local,City or Municipal Highway Agency,0,Sin jurisdiccion especial,99998,40.68781944,-74.2034,Peaton,El primer evento no fue una colision con un vehiculo automotor en transporte,Not an Intersection,No fue interseccion,Sobre calle,Ninguna,Oscuro - iluminacion desconocida,Despejado,No,NO APLICA,99,99,99,99,1,29/08/2022,1
34,New Jersey,340607,0,0,1,0,13,ESSEX (13),230,BELLEVILLE,12,Diciembre,27,2022,4,37,SR-21,3,Highway estatal,Urbano,Arterial Principal -Freeway o ExpressWay,State Highway Agency,1,Sin jurisdiccion especial,71,40.79529722,-74.14170278,Barrera de Trafico de Concreto,El primer evento no fue una colision con un vehiculo automotor en transporte,Not an Intersection,No fue interseccion,En el medio,Ninguna,Oscuro sin iluminacion,Despejado,No,NO APLICA,4,43,4,57,1,27/12/2022,1
34,New Jersey,340608,0,0,2,0,7,CAMDEN (7),1190,GLOUCESTER CITY,9,Septiembre,6,2022,18,51,JOHNSON RD,6,Calle Local Municipalidad,Urbano,Local,City or Municipal Highway Agency,0,Sin jurisdiccion especial,99998,39.73195556,-75.01931111,Vehiculo en movimiento,Frente a Detrás,Not an Intersection,No fue interseccion,Sobre calle,Ninguna,Atardecer,lluvia,No,NO APLICA,18,44,18,49,1,06/09/2022,2
34,New Jersey,340609,1,1,1,0,13,ESSEX (13),2130,NEWARK,9,Septiembre,6,2022,20,57,CR-605 SANFORD AVE,4,Calle del Condado,Urbano,Arteria Menor,County Highway Agency,0,Sin jurisdiccion especial,15,40.74624167,-74.2319,Peaton,El primer evento no fue una colision con un vehiculo automotor en transporte,Four-Way Intersection,Interseccion de 4 direcciones,Sobre calle,Ninguna,Oscuro con iluminacion,lluvia,No,NO APLICA,21,0,21,4,1,06/09/2022,1
34,New Jersey,340610,0,0,1,0,31,PASSAIC (31),3582,WEST MILFORD,12,Diciembre,18,2022,10,30,OTTERHOLE RD,6,Calle Local Municipalidad,Urbano,Arteria Menor,City or Municipal Highway Agency,0,Sin jurisdiccion especial,99998,41.08170278,-74.37271944,Buzon de correo,El primer evento no fue una colision con un vehiculo automotor en transporte,Not an Intersection,No fue interseccion,Sobre el lado de la calle,Ninguna,Dia total,Despejado,No,NO APLICA,10,34,10,46,1,18/12/2022,1
34,New Jersey,340611,1,1,1,0,5,BURLINGTON (5),2015,MOORESTOWN,12,Diciembre,13,2022,13,38,NONE,8,Otro,Trafficway Not in State Inventory,Via no en inventario estatal,Trafficway Not in State Inventory,0,Sin jurisdiccion especial,0,39.94492222,-74.96099722,Peaton,El primer evento no fue una colision con un vehiculo automotor en transporte,Not an Intersection,No fue interseccion,Sobre calle,Ninguna,Dia total,Despejado,No,NO APLICA,13,40,13,44,1,13/12/2022,1
34,New Jersey,340612,0,0,5,3,23,MIDDLESEX (23),1920,NEW BRUNSWICK,12,Diciembre,9,2022,22,48,SUYDAM ST,6,Calle Local Municipalidad,Urbano,Colector Mayor,City or Municipal Highway Agency,0,Sin jurisdiccion especial,99998,40.49175,-74.45183611,Vehiculo en movimiento,Angulo,Four-Way Intersection,Interseccion de 4 direcciones,Sobre calle,Ninguna,Oscuro - iluminacion desconocida,Despejado,No,NO APLICA,22,51,22,53,1,09/12/2022,2
34,New Jersey,340613,0,0,2,0,23,MIDDLESEX (23),2208,NORTH BRUNSWICK,12,Diciembre,29,2022,5,18,US-1,2,US Highway,Urbano,Arteria Principal,State Highway Agency,1,Sin jurisdiccion especial,99998,40.43551944,-74.51141389,Vehiculo en movimiento,Frente a Detrás,Not an Intersection,No fue interseccion,Sobre calle,Ninguna,Oscuro con iluminacion,Despejado,No,NO APLICA,5,29,5,48,1,29/12/2022,2
34,New Jersey,340614,0,0,1,0,31,PASSAIC (31),1350,HAWTHORNE,9,Septiembre,5,2022,12,9,SR-208,3,Highway estatal,Urbano,Arterial Principal -Freeway o ExpressWay,State Highway Agency,1,Sin jurisdiccion especial,42,40.96603333,-74.15187778,Banqueta,El primer evento no fue una colision con un vehiculo automotor en transporte,Not an Intersection,No fue interseccion,Sobre el lado de la calle,Ninguna,Dia total,Despejado,No,NO APLICA,12,17,12,22,1,05/09/2022,2
34,New Jersey,340615,1,1,1,0,31,PASSAIC (31),1350,HAWTHORNE,9,Septiembre,23,2022,13,6,METRO VISTA DRIVE,6,Calle Local Municipalidad,Urbano,Local,City or Municipal Highway Agency,0,Sin jurisdiccion especial,99998,40.95549167,-74.16672222,Poste de Señal de trafico,El primer evento no fue una colision con un vehiculo automotor en transporte,Not an Intersection,No fue interseccion,Sobre el lado de la calle,Ninguna,Dia total,Despejado,No,NO APLICA,13,13,13,20,1,23/09/2022,1
34,New Jersey,340616,0,0,7,0,23,MIDDLESEX (23),844,EDISON,8,Agosto,6,2022,21,21,US-1,2,US Highway,Urbano,Arteria Principal,State Highway Agency,1,Sin jurisdiccion especial,99998,40.51720556,-74.37047222,Vehiculo en movimiento,Frente a Detrás,T-Intersection,Interseccion de T,Sobre calle,Ninguna,Oscuro con iluminacion,Despejado,No,NO APLICA,21,26,21,35,1,06/08/2022,18
34,New Jersey,340617,1,1,1,0,7,CAMDEN (7),1710,LINDENWOLD,10,Octubre,19,2022,10,10,CR-534 BLACKWOOD CLEMENTON RD,4,Calle del Condado,Urbano,Arteria Principal,County Highway Agency,1,Sin jurisdiccion especial,77,39.80518056,-75.00551667,Peaton,El primer evento no fue una colision con un vehiculo automotor en transporte,T-Intersection,Interseccion de T,Sobre calle,Ninguna,Dia total,Despejado,No,NO APLICA,10,13,10,17,1,19/10/2022,1
34,New Jersey,340618,0,0,2,0,23,MIDDLESEX (23),704,CRANBURY,12,Diciembre,10,2022,15,42,CR-615 STATION RD,4,Calle del Condado,Urbano,Colector Mayor,County Highway Agency,0,Sin jurisdiccion especial,46,40.30610833,-74.50369444,Vehiculo en movimiento,Angulo,Four-Way Intersection,Interseccion de 4 direcciones,Sobre calle,Ninguna,Dia total,Despejado,No,NO APLICA,15,47,15,56,2,10/12/2022,3
34,New Jersey,340619,0,0,2,0,5,BURLINGTON (5),0,NO APLICA,10,Octubre,5,2022,18,58,CR-616 WRIGHTSTOWN COOKSTOWN,4,Calle del Condado,Urbano,Colector Mayor,County Highway Agency,0,Sin jurisdiccion especial,264,40.04434444,-74.57166111,Vehiculo en movimiento,Frente a frente,Not an Intersection,No fue interseccion,Sobre calle,Ninguna,Atardecer,Nublado,No,NO APLICA,19,2,19,12,1,05/10/2022,2
34,New Jersey,340620,0,0,2,0,29,OCEAN (29),0,NO APLICA,10,Octubre,12,2022,14,44,CR-14 HILLIARD BLVD,4,Calle del Condado,Urbano,Colector Mayor,County Highway Agency,0,Sin jurisdiccion especial,99998,39.68438056,-74.22898333,Vehiculo en movimiento,Frente a frente,Not an Intersection,No fue interseccion,Sobre calle,Ninguna,Dia total,Despejado,No,NO APLICA,14,46,14,49,1,12/10/2022,3
34,New Jersey,340621,0,0,2,0,13,ESSEX (13),1170,GLEN RIDGE,9,Septiembre,27,2022,16,0,CR-506 BLOOMFIELD AVE,4,Calle del Condado,Urbano,Arteria Principal,County Highway Agency,1,Sin jurisdiccion especial,76,40.79985,-74.20255278,Vehiculo en movimiento,Angulo,T-Intersection,Interseccion de T,Sobre calle,Ninguna,Dia total,Despejado,No,NO APLICA,16,2,16,20,1,27/09/2022,2
34,New Jersey,340622,0,0,2,0,31,PASSAIC (31),1725,LITTLE FALLS,8,Agosto,19,2022,22,45,SR-23,3,Highway estatal,Urbano,Arteria Principal,State Highway Agency,1,Sin jurisdiccion especial,41,40.88236944,-74.24336389,Vehiculo en movimiento,Angulo,T-Intersection,Interseccion de T,Sobre calle,Ninguna,Oscuro - iluminacion desconocida,Despejado,No,NO APLICA,22,45,22,59,2,19/08/2022,6
34,New Jersey,340623,0,0,3,0,7,CAMDEN (7),3465,VOORHEES,8,Agosto,12,2022,18,0,SR-73,3,Highway estatal,Urbano,Arteria Principal,State Highway Agency,1,Sin jurisdiccion especial,99998,39.84985278,-74.92265278,Vehiculo en movimiento,Angulo,Not an Intersection,No fue interseccion,Sobre calle,Ninguna,Dia total,Despejado,No,NO APLICA,17,57,17,58,1,12/08/2022,3
34,New Jersey,340624,1,1,1,0,23,MIDDLESEX (23),844,EDISON,7,Julio,9,2022,0,46,TALMADGE RD,6,Calle Local Municipalidad,Urbano,Arteria Menor,City or Municipal Highway Agency,0,Sin jurisdiccion especial,99998,40.54218611,-74.39834444,Peaton,El primer evento no fue una colision con un vehiculo automotor en transporte,Four-Way Intersection,Interseccion de 4 direcciones,Sobre calle,Ninguna,Oscuro sin iluminacion,Despejado,No,NO APLICA,0,50,0,54,1,09/07/2022,1
34,New Jersey,340625,1,1,4,0,39,UNION (39),860,ELIZABETH,12,Diciembre,16,2022,2,20,I-95,1,Interestatal,Urbano,Interestatal,State Toll Road,1,Sin jurisdiccion especial,1008,40.65561389,-74.189125,Vehiculo en movimiento,Frente a frente,Not an Intersection,No fue interseccion,Sobre calle,Ninguna,Oscuro sin iluminacion,lluvia,No,NO APLICA,2,29,2,32,1,16/12/2022,3
34,New Jersey,340626,1,1,1,0,7,CAMDEN (7),0,NO APLICA,12,Diciembre,29,2022,17,36,CR-759 LITTLE GLOUCESTER RD,4,Calle del Condado,Urbano,Arteria Menor,County Highway Agency,0,Sin jurisdiccion especial,15,39.79688889,-75.03916944,Peaton,El primer evento no fue una colision con un vehiculo automotor en transporte,Not an Intersection,No fue interseccion,Sobre calle,Ninguna,Oscuro sin iluminacion,Despejado,No,NO APLICA,17,44,17,51,1,29/12/2022,1
34,New Jersey,340627,1,1,2,0,7,CAMDEN (7),1710,LINDENWOLD,12,Diciembre,8,2022,17,42,US-30,2,US Highway,Urbano,Arteria Principal,State Highway Agency,1,Sin jurisdiccion especial,134,39.81342778,-74.98719167,Peaton,El primer evento no fue una colision con un vehiculo automotor en transporte,Not an Intersection,No fue interseccion,Sobre calle,Ninguna,Oscuro con iluminacion,Despejado,No,NO APLICA,17,45,17,50,1,08/12/2022,2
34,New Jersey,340628,1,1,1,0,7,CAMDEN (7),0,NO APLICA,11,Noviembre,7,2022,22,28,SR-168 BLACK HORSE PIKE,3,Highway estatal,Urbano,Arteria Principal,State Highway Agency,1,Sin jurisdiccion especial,32,39.81323056,-75.06817778,Peaton,El primer evento no fue una colision con un vehiculo automotor en transporte,Not an Intersection,No fue interseccion,Sobre calle,Ninguna,Oscuro - iluminacion desconocida,Despejado,No,NO APLICA,22,30,22,34,1,07/11/2022,1
34,New Jersey,340629,0,0,4,2,13,ESSEX (13),2130,NEWARK,9,Septiembre,9,2022,2,20,AVON AVE,6,Calle Local Municipalidad,Urbano,Colector Mayor,City or Municipal Highway Agency,0,Sin jurisdiccion especial,9,40.72514167,-74.19868056,Vehiculo en movimiento,Angulo,Four-Way Intersection,Interseccion de 4 direcciones,Sobre calle,Ninguna,Oscuro con iluminacion,Despejado,No,NO APLICA,2,18,2,23,1,09/09/2022,5
34,New Jersey,340630,1,1,2,0,17,HUDSON (17),2205,NORTH BERGEN,9,Septiembre,6,2022,5,55,US-1 TONNELLE AVE,2,US Highway,Urbano,Arteria Principal,State Highway Agency,1,Sin jurisdiccion especial,594,40.79992222,-74.02258056,Peaton,El primer evento no fue una colision con un vehiculo automotor en transporte,Four-Way Intersection,Interseccion de 4 direcciones,Sobre calle,Ninguna,Oscuro con iluminacion,lluvia,No,NO APLICA,99,99,99,99,1,06/09/2022,2
34,New Jersey,340631,0,0,2,0,23,MIDDLESEX (23),2970,SAYREVILLE,12,Diciembre,20,2022,6,35,US-9,2,US Highway,Urbano,Arteria Principal,State Highway Agency,1,Sin jurisdiccion especial,1310,40.49636944,-74.29833611,Vehiculo en movimiento,Frente a Detrás,Not an Intersection,No fue interseccion,Sobre calle,Ninguna,Dia total,Despejado,No,NO APLICA,6,42,7,2,1,20/12/2022,2
34,New Jersey,340632,0,0,2,0,39,UNION (39),3395,UNION,10,Octubre,1,2022,23,32,I-78,1,Interestatal,Urbano,Interestatal,State Highway Agency,1,Sin jurisdiccion especial,531,40.70621944,-74.24977222,Vehiculo en movimiento,Frente a Detrás,Not an Intersection,No fue interseccion,Sobre calle,Ninguna,Oscuro con iluminacion,lluvia,No,NO APLICA,99,99,99,99,1,01/10/2022,5
34,New Jersey,340633,0,0,5,0,15,GLOUCESTER (15),0,NO APLICA,6,Junio,4,2022,16,27,SR-42 BLACK HORSE PIKE,3,Highway estatal,Urbano,Arteria Principal,State Highway Agency,1,Sin jurisdiccion especial,53,39.75165,-75.046,Vehiculo en movimiento,Frente a Detrás,Four-Way Intersection,Interseccion de 4 direcciones,Sobre calle,Ninguna,Dia total,Despejado,No,NO APLICA,10,40,10,42,1,04/06/2022,13
34,New Jersey,340634,0,0,3,1,31,PASSAIC (31),660,CLIFTON,12,Diciembre,15,2022,14,43,SR-3,3,Highway estatal,Urbano,Arterial Principal -Freeway o ExpressWay,State Highway Agency,1,Sin jurisdiccion especial,99998,40.82349167,-74.12471944,Vehiculo en movimiento,Angulo,Not an Intersection,No fue interseccion,Sobre calle,Ninguna,Reportada como desconocida,Despejado,No,NO APLICA,99,99,99,99,1,15/12/2022,2
34,New Jersey,340635,1,1,1,0,7,CAMDEN (7),520,CAMDEN,12,Diciembre,1,2022,19,8,ATLANTIC AVE,6,Calle Local Municipalidad,Urbano,Colector Mayor,City or Municipal Highway Agency,1,Sin jurisdiccion especial,99998,39.92873056,-75.11908333,Peaton,El primer evento no fue una colision con un vehiculo automotor en transporte,Not an Intersection,No fue interseccion,Sobre calle,Ninguna,Oscuro - iluminacion desconocida,Despejado,No,NO APLICA,19,7,19,12,1,01/12/2022,1
34,New Jersey,340636,1,1,1,0,7,CAMDEN (7),2930,RUNNEMEDE,10,Octubre,6,2022,5,57,SR-168 BLACK HORSE PIKE,3,Highway estatal,Urbano,Arteria Principal,State Highway Agency,1,Sin jurisdiccion especial,63,39.85615833,-75.07535556,Peaton,El primer evento no fue una colision con un vehiculo automotor en transporte,Not an Intersection,No fue interseccion,Sobre calle,Ninguna,Oscuro sin iluminacion,Despejado,No,NO APLICA,5,57,6,2,1,06/10/2022,1
34,New Jersey,340637,1,1,1,0,7,CAMDEN (7),520,CAMDEN,11,Noviembre,17,2022,0,12,US-30,2,US Highway,Urbano,Arteria Principal,State Highway Agency,1,Sin jurisdiccion especial,19,39.94094444,-75.10296667,Peaton,El primer evento no fue una colision con un vehiculo automotor en transporte,Not an Intersection,No fue interseccion,Sobre calle,Ninguna,Oscuro sin iluminacion,Despejado,No,NO APLICA,0,13,0,19,1,17/11/2022,1