Estado,Nombre de Estado,Numero de Caso,Peatones,Personas _no_vehiculos,Vehiculos automotores,Vehiculos estacionados,Condado,Nombre Condado,Ciudad,Nombre Ciudad,Mes,Nombre Mes,Dia,Año,Hora,Minuto,Calle,Ruta,Nombre Ruta,Rural o Urbanoo,Sistema Funcional,Dueño Calle,Sistema Nacional Carreteras,Jurisdiccion Especial,Milla,Latitud,Longitud,Causa del Accidente,Tipo de Accidente,Tipo Interseccion,Columna1,Lugar en la calle,Zona de Trabajo,Luz,Clima,Autobus Escolar,Cruce de Trenes,Hora Notificacion,Minuto Notificacion,Hora Llegada,Minuto Llegada,Decesos,Fecha,PersonaVehiculo
34,New Jersey,340638,1,1,1,0,7,CAMDEN (7),1235,HADDON HEIGHTS,12,Diciembre,5,2022,11,44,US-30,2,US Highway,Urbano,Arteria Principal,State Highway Agency,1,Sin jurisdiccion especial,72,39.88484444,-75.05875,Peaton,El primer evento no fue una colision con un vehiculo automotor en transporte,Not an Intersection,No fue interseccion,Sobre calle,Ninguna,Dia total,Despejado,No,NO APLICA,11,46,11,50,1,05/12/2022,1
34,New Jersey,340639,0,0,2,0,25,MONMOUTH (25),3357,TINTON FALLS,9,Septiembre,1,2022,19,7,CR-16 ASBURY AVE,4,Calle del Condado,Urbano,Arteria Menor,County Highway Agency,0,Sin jurisdiccion especial,11,40.24704167,-74.10046667,Vehiculo en movimiento,Angulo,Four-Way Intersection,Interseccion de 4 direcciones,Sobre calle,Ninguna,Atardecer,Despejado,No,NO APLICA,19,12,19,21,2,01/09/2022,2
34,New Jersey,340640,1,1,1,0,13,ESSEX (13),1480,TOWNSHIP OF IRVINGTON,11,Noviembre,27,2022,18,10,CR-603 SPRINGFIELD AVE,4,Calle del Condado,Urbano,Arteria Principal,County Highway Agency,1,Sin jurisdiccion especial,99998,40.72553611,-74.23471667,Peaton,El primer evento no fue una colision con un vehiculo automotor en transporte,Not an Intersection,No fue interseccion,Sobre calle,Ninguna,Oscuro con iluminacion,lluvia,No,NO APLICA,18,0,18,5,1,27/11/2022,1
34,New Jersey,340641,1,1,1,0,7,CAMDEN (7),598,CHERRY HILL,9,Septiembre,12,2022,21,44,SR-70,3,Highway estatal,Urbano,Arteria Principal,State Highway Agency,1,Sin jurisdiccion especial,99998,39.91149167,-74.99771944,Peaton,El primer evento no fue una colision con un vehiculo automotor en transporte,Not an Intersection,No fue interseccion,Sobre calle,Construccion,Oscuro sin iluminacion,lluvia,No,NO APLICA,21,43,21,47,1,12/09/2022,1
34,New Jersey,340642,1,1,1,0,7,CAMDEN (7),598,CHERRY HILL,11,Noviembre,25,2022,18,19,CR-626 CHAPEL AVE,4,Calle del Condado,Urbano,Arteria Menor,County Highway Agency,0,Sin jurisdiccion especial,31,39.926275,-75.00337222,Peaton,El primer evento no fue una colision con un vehiculo automotor en transporte,T-Intersection,Interseccion de T,Sobre calle,Ninguna,Oscuro - iluminacion desconocida,Despejado,No,NO APLICA,18,27,18,32,1,25/11/2022,1
34,New Jersey,340643,0,0,2,0,25,MONMOUTH (25),8,ABERDEEN,10,Octubre,14,2022,17,57,GORDON ST,6,Calle Local Municipalidad,Urbano,Local,City or Municipal Highway Agency,0,Sin jurisdiccion especial,99998,40.43648056,-74.24228333,Volcadura,El primer evento no fue una colision con un vehiculo automotor en transporte,Four-Way Intersection,Interseccion de 4 direcciones,Sobre calle,Ninguna,Dia total,Despejado,No,NO APLICA,18,1,18,10,1,14/10/2022,2
34,New Jersey,340644,0,0,4,0,23,MIDDLESEX (23),3144,SOUTH BRUNSWICK,12,Diciembre,22,2022,16,26,BEEKMAN RD,6,Calle Local Municipalidad,Urbano,Arteria Menor,City or Municipal Highway Agency,0,Sin jurisdiccion especial,99998,40.41682778,-74.54086111,Vehiculo en movimiento,Angulo,Not an Intersection,No fue interseccion,Sobre calle,Ninguna,Atardecer,lluvia,No,NO APLICA,16,29,16,34,1,22/12/2022,7
34,New Jersey,340645,0,0,3,0,15,GLOUCESTER (15),3734,WOOLWICH TOWNSHIP,6,Junio,6,2022,15,44,US-322,2,US Highway,Urbano,Arteria Principal,State Highway Agency,1,Sin jurisdiccion especial,80,39.75638889,-75.271875,Vehiculo en movimiento,Angulo,Not an Intersection,No fue interseccion,Sobre calle,Ninguna,Dia total,Despejado,No,NO APLICA,15,47,15,48,1,06/06/2022,3
34,New Jersey,340646,1,1,1,0,25,MONMOUTH (25),1090,FREEHOLD,11,Noviembre,29,2022,23,59,US-9,2,US Highway,Urbano,Arteria Principal,State Highway Agency,1,Sin jurisdiccion especial,1132,40.24585,-74.28265833,Peaton,El primer evento no fue una colision con un vehiculo automotor en transporte,Not an Intersection,No fue interseccion,Sobre calle,Ninguna,Oscuro con iluminacion,Despejado,No,NO APLICA,23,9,23,20,1,29/11/2022,1
34,New Jersey,340647,0,0,1,0,25,MONMOUTH (25),3357,TINTON FALLS,11,Noviembre,23,2022,2,0,CR-16 ASBURY AVE,4,Calle del Condado,Urbano,Local,County Highway Agency,0,Sin jurisdiccion especial,99998,40.24660833,-74.09985556,Banqueta,El primer evento no fue una colision con un vehiculo automotor en transporte,Not an Intersection,No fue interseccion,Sobre el lado de la calle,Ninguna,Oscuro - iluminacion desconocida,Despejado,No,NO APLICA,2,5,2,13,1,23/11/2022,1
34,New Jersey,340648,1,1,1,0,25,MONMOUTH (25),1090,FREEHOLD,12,Diciembre,6,2022,16,47,CR-522 THROCKMORTON ST,4,Calle del Condado,Urbano,Arteria Menor,County Highway Agency,0,Sin jurisdiccion especial,203,40.26462778,-74.28493611,Peaton,El primer evento no fue una colision con un vehiculo automotor en transporte,Not an Intersection,No fue interseccion,Sobre calle,Ninguna,Oscuro con iluminacion,lluvia,No,NO APLICA,17,0,17,6,1,06/12/2022,1
34,New Jersey,340649,0,0,2,0,15,GLOUCESTER (15),0,NO APLICA,11,Noviembre,1,2022,18,53,CR-641 FERREL RD,4,Calle del Condado,Urbano,Colector Mayor,County Highway Agency,0,Sin jurisdiccion especial,99998,39.6855,-75.18515833,Vehiculo en movimiento,Angulo,Not an Intersection,No fue interseccion,Sobre calle,Ninguna,Atardecer,Despejado,No,NO APLICA,18,54,19,3,1,01/11/2022,2
34,New Jersey,340650,0,0,1,0,15,GLOUCESTER (15),0,NO APLICA,12,Diciembre,16,2022,3,40,LAUX RD,6,Calle Local Municipalidad,Urbano,Local,City or Municipal Highway Agency,0,Sin jurisdiccion especial,99998,39.66582778,-75.19388889,Arbol,El primer evento no fue una colision con un vehiculo automotor en transporte,Not an Intersection,No fue interseccion,Sobre el lado de la calle,Ninguna,Oscuro sin iluminacion,lluvia,No,NO APLICA,3,42,3,54,1,16/12/2022,1
34,New Jersey,340651,0,0,2,1,25,MONMOUTH (25),2109,NEPTUNE CITY,6,Junio,5,2022,19,19,MYRTLE AVE,6,Calle Local Municipalidad,Urbano,Local,City or Municipal Highway Agency,0,Sin jurisdiccion especial,99998,40.21942778,-74.02619444,Volcadura,El primer evento no fue una colision con un vehiculo automotor en transporte,Not an Intersection,No fue interseccion,Sobre calle,Ninguna,Atardecer,Despejado,No,NO APLICA,19,26,19,28,1,05/06/2022,4
35,New Mexico,350001,0,0,1,0,19,GUADALUPE (19),0,NO APLICA,1,Enero,2,2022,8,0,I-40,1,Interestatal,Rural,Interestatal,State Highway Agency,1,Sin jurisdiccion especial,99998,34.96748333,-104.7810722,Poste o otros soportes,El primer evento no fue una colision con un vehiculo automotor en transporte,Not an Intersection,No fue interseccion,Sobre el lado de la calle,Ninguna,Dia total,Despejado,No,NO APLICA,99,99,99,99,1,02/01/2022,9
35,New Mexico,350002,1,1,2,0,25,LEA (25),0,NO APLICA,1,Enero,6,2022,23,43,CR-ORLA RD,4,Calle del Condado,Rural,Colector Mayor,County Highway Agency,0,Sin jurisdiccion especial,99998,32.09374722,-103.6708917,Peaton,El primer evento no fue una colision con un vehiculo automotor en transporte,Not an Intersection,No fue interseccion,Sobre Acotamiento,Ninguna,Oscuro sin iluminacion,Despejado,No,NO APLICA,99,99,99,99,1,06/01/2022,2
35,New Mexico,350003,1,1,3,0,61,VALENCIA (61),530,LOS LUNAS,1,Enero,7,2022,19,3,SR-314,3,Highway estatal,Urbano,Arteria Principal,State Highway Agency,0,Sin jurisdiccion especial,99998,34.76752778,-106.7445361,Peaton,El primer evento no fue una colision con un vehiculo automotor en transporte,Not an Intersection,No fue interseccion,Sobre calle,Ninguna,Oscuro sin iluminacion,Despejado,No,NO APLICA,99,99,99,99,1,07/01/2022,5
35,New Mexico,350004,1,1,1,0,13,DONA ANA (13),470,LAS CRUCES,1,Enero,7,2022,19,15,US-70,2,US Highway,Urbano,Arteria Principal,State Highway Agency,1,Sin jurisdiccion especial,99998,32.32174444,-106.7818861,Ciclista,El primer evento no fue una colision con un vehiculo automotor en transporte,Not an Intersection,No fue interseccion,Sobre calle,Ninguna,Oscuro con iluminacion,Despejado,No,NO APLICA,99,99,99,99,1,07/01/2022,1
35,New Mexico,350005,0,0,1,0,1,BERNALILLO (1),30,ALBUQUERQUE,1,Enero,10,2022,16,15,FR-4051,9,Desconocido,Urbano,Colector Mayor,State Highway Agency,0,Sin jurisdiccion especial,99998,35.06165278,-106.7974,Volcadura,El primer evento no fue una colision con un vehiculo automotor en transporte,Not an Intersection,No fue interseccion,Sobre el lado de la calle,Ninguna,Dia total,Despejado,No,NO APLICA,99,99,99,99,1,10/01/2022,1
35,New Mexico,350006,1,1,1,0,1,BERNALILLO (1),30,ALBUQUERQUE,1,Enero,7,2022,20,26,WYOMING BLVD,6,Calle Local Municipalidad,Urbano,Arteria Principal,City or Municipal Highway Agency,0,Sin jurisdiccion especial,99998,35.14001944,-106.5511556,Peaton,El primer evento no fue una colision con un vehiculo automotor en transporte,Four-Way Intersection,Interseccion de 4 direcciones,Sobre calle,Ninguna,Oscuro sin iluminacion,Despejado,No,NO APLICA,99,99,99,99,1,07/01/2022,3
35,New Mexico,350007,1,1,1,0,23,HIDALGO (23),0,NO APLICA,1,Enero,8,2022,19,17,SR-90,3,Highway estatal,Rural,Arteria Menor,State Highway Agency,0,Sin jurisdiccion especial,99998,32.40153056,-108.6930417,Peaton,El primer evento no fue una colision con un vehiculo automotor en transporte,Not an Intersection,No fue interseccion,Sobre calle,Ninguna,Oscuro sin iluminacion,Despejado,No,NO APLICA,99,99,99,99,1,08/01/2022,2
35,New Mexico,350008,1,1,1,0,13,DONA ANA (13),34,ANTHONY,1,Enero,8,2022,4,58,I-10,1,Interestatal,Urbano,Interestatal,State Highway Agency,1,Sin jurisdiccion especial,99998,32.01926389,-106.586375,Peaton,El primer evento no fue una colision con un vehiculo automotor en transporte,Not an Intersection,No fue interseccion,Sobre calle,Ninguna,Oscuro sin iluminacion,Despejado,No,NO APLICA,99,99,99,99,1,08/01/2022,1
35,New Mexico,350009,0,0,2,0,61,VALENCIA (61),100,BELEN,1,Enero,15,2022,18,51,CR-MESA ALTO,4,Calle del Condado,Rural,Local,County Highway Agency,0,Sin jurisdiccion especial,99998,34.65026667,-106.8176111,Vehiculo en movimiento,Frente a frente,Not an Intersection,No fue interseccion,Sobre calle,Ninguna,Oscuro sin iluminacion,Despejado,No,NO APLICA,99,99,99,99,1,15/01/2022,3
35,New Mexico,350010,0,0,1,0,5,CHAVES (5),670,ROSWELL,1,Enero,14,2022,22,39,E COLLEGE BLVD,6,Calle Local Municipalidad,Rural,Colector Menor,City or Municipal Highway Agency,0,Sin jurisdiccion especial,99998,33.40876944,-104.4987583,Barda,El primer evento no fue una colision con un vehiculo automotor en transporte,Not an Intersection,No fue interseccion,Sobre el lado de la calle,Ninguna,Oscuro sin iluminacion,Despejado,No,NO APLICA,99,99,99,99,1,14/01/2022,1
35,New Mexico,350011,0,0,2,1,39,RIO ARRIBA (39),280,ESPAÑOLA,1,Enero,14,2022,22,20,US-84,2,US Highway,Urbano,Arteria Principal,State Highway Agency,1,Reservacion India,99998,35.99145556,-106.0807778,Poste o otros soportes,El primer evento no fue una colision con un vehiculo automotor en transporte,Not an Intersection,No fue interseccion,Sobre el lado de la calle,Ninguna,Oscuro con iluminacion,Despejado,No,NO APLICA,99,99,99,99,1,14/01/2022,3
35,New Mexico,350012,0,0,1,0,39,RIO ARRIBA (39),0,NO APLICA,1,Enero,15,2022,5,0,SR-539,3,Highway estatal,Rural,Colector Menor,State Highway Agency,0,Sin jurisdiccion especial,99998,36.79869444,-107.6148611,Volcadura,El primer evento no fue una colision con un vehiculo automotor en transporte,Not an Intersection,No fue interseccion,Sobre el lado de la calle,Ninguna,Oscuro sin iluminacion,Despejado,No,NO APLICA,99,99,99,99,1,15/01/2022,2
35,New Mexico,350013,0,0,1,0,25,LEA (25),0,NO APLICA,1,Enero,15,2022,7,44,E ROSE RD,6,Calle Local Municipalidad,Rural,Local,City or Municipal Highway Agency,0,Sin jurisdiccion especial,99998,32.769275,-103.1000694,Barda,El primer evento no fue una colision con un vehiculo automotor en transporte,Not an Intersection,No fue interseccion,Sobre el lado de la calle,Ninguna,Dia total,Despejado,No,NO APLICA,99,98,99,98,2,15/01/2022,2
35,New Mexico,350014,0,0,2,0,6,CIBOLA (6),360,GRANTS,1,Enero,20,2022,17,37,SR-53,3,Highway estatal,Urbano,Arteria Menor,State Highway Agency,0,Sin jurisdiccion especial,99998,35.15411389,-107.8729583,Vehiculo en movimiento,Angulo,Four-Way Intersection,Interseccion de 4 direcciones,Sobre calle,Ninguna,Dia total,Despejado,No,NO APLICA,99,99,99,99,1,20/01/2022,3
35,New Mexico,350015,0,0,2,0,1,BERNALILLO (1),806,TIJERAS,1,Enero,21,2022,9,1,SR-337,3,Highway estatal,Rural,Colector Mayor,State Highway Agency,0,Sin jurisdiccion especial,99998,34.98924722,-106.3300861,Vehiculo en movimiento,Frente a frente,Not an Intersection,No fue interseccion,Sobre calle,Ninguna,Dia total,Despejado,No,NO APLICA,99,99,99,99,1,21/01/2022,2
35,New Mexico,350016,2,2,1,0,6,CIBOLA (6),360,GRANTS,1,Enero,23,2022,22,54,SR-117,3,Highway estatal,Rural,Colector Mayor,State Highway Agency,0,Sin jurisdiccion especial,99998,35.13721944,-107.8235472,Peaton,El primer evento no fue una colision con un vehiculo automotor en transporte,Not an Intersection,No fue interseccion,Sobre calle,Ninguna,Oscuro sin iluminacion,Despejado,No,NO APLICA,99,99,99,99,1,23/01/2022,1
35,New Mexico,350017,0,0,1,0,39,RIO ARRIBA (39),577,MEDANALES,1,Enero,24,2022,16,20,CR-140,4,Calle del Condado,Rural,Local,County Highway Agency,0,Sin jurisdiccion especial,99998,36.14480556,-106.1699611,Volcadura,El primer evento no fue una colision con un vehiculo automotor en transporte,T-Intersection,Interseccion de T,Sobre el lado de la calle,Ninguna,Dia total,Despejado,No,NO APLICA,99,99,99,99,1,24/01/2022,2
35,New Mexico,350018,0,0,2,0,41,ROOSEVELT (41),0,NO APLICA,1,Enero,26,2022,9,38,SR-206,3,Highway estatal,Rural,Arteria Menor,State Highway Agency,0,Sin jurisdiccion especial,99998,33.65604444,-103.34,Jackknife (harmful to this vehicle),El primer evento no fue una colision con un vehiculo automotor en transporte,Not an Intersection,No fue interseccion,Sobre el lado de la calle,Ninguna,Dia total,Aguanieve,No,NO APLICA,99,99,99,99,1,26/01/2022,2
35,New Mexico,350019,0,0,1,0,1,BERNALILLO (1),30,ALBUQUERQUE,1,Enero,27,2022,22,3,I-25 RAMP,1,Interestatal,Urbano,Interestatal,State Highway Agency,1,Sin jurisdiccion especial,99998,35.14109722,-106.5941944,Volcadura,El primer evento no fue una colision con un vehiculo automotor en transporte,Four-Way Intersection,Interseccion de 4 direcciones,Sobre el lado de la calle,Ninguna,Oscuro con iluminacion,Despejado,No,NO APLICA,99,99,99,99,1,27/01/2022,1
35,New Mexico,350020,1,1,1,0,45,SAN JUAN (45),0,NO APLICA,1,Enero,31,2022,9,30,CR-1010,4,Calle del Condado,Rural,Local,City or Municipal Highway Agency,0,Reservacion India,99998,36.63755833,-108.1848722,Peaton,El primer evento no fue una colision con un vehiculo automotor en transporte,Not an Intersection,No fue interseccion,Sobre calle,Ninguna,Reportada como desconocida,Despejado,No,NO APLICA,99,99,99,99,1,31/01/2022,1
35,New Mexico,350021,0,0,3,0,1,BERNALILLO (1),30,ALBUQUERQUE,1,Enero,24,2022,11,7,MONTGOMERY BLVD,6,Calle Local Municipalidad,Urbano,Colector Menor,City or Municipal Highway Agency,0,Sin jurisdiccion especial,99998,35.13061944,-106.4981056,Vehiculo en movimiento,Angulo,Four-Way Intersection,Interseccion de 4 direcciones,Sobre calle,Ninguna,Dia total,Despejado,No,NO APLICA,99,99,99,99,1,24/01/2022,3
35,New Mexico,350022,0,0,2,0,13,DONA ANA (13),9997,Other,1,Enero,29,2022,23,58,INDUSTRIAL RD,6,Calle Local Municipalidad,Urbano,Colector Menor,City or Municipal Highway Agency,0,Sin jurisdiccion especial,99998,31.84703333,-106.7129972,Vehiculo en movimiento,Golpe Lateral - misma direccion,Not an Intersection,No fue interseccion,Sobre calle,Ninguna,Oscuro con iluminacion,Despejado,No,NO APLICA,99,99,99,99,1,29/01/2022,2
35,New Mexico,350023,0,0,1,0,33,MORA (33),0,NO APLICA,1,Enero,11,2022,8,10,SR-518,3,Highway estatal,Rural,Colector Mayor,State Highway Agency,0,Sin jurisdiccion especial,99998,35.94153889,-105.2499389,Zanja,El primer evento no fue una colision con un vehiculo automotor en transporte,Not an Intersection,No fue interseccion,Sobre el lado de la calle,Ninguna,Amanecer,Despejado,No,NO APLICA,99,98,99,98,1,11/01/2022,1
35,New Mexico,350024,1,1,1,0,41,ROOSEVELT (41),640,PORTALES,1,Enero,7,2022,16,43,US-70,2,US Highway,Urbano,Arteria Principal,State Highway Agency,1,Sin jurisdiccion especial,99998,34.17706944,-103.3528722,Peaton,El primer evento no fue una colision con un vehiculo automotor en transporte,Not an Intersection,No fue interseccion,Sobre calle,Ninguna,Atardecer,Despejado,No,NO APLICA,99,98,99,98,1,07/01/2022,2
35,New Mexico,350025,1,1,1,0,31,MCKINLEY (31),340,GALLUP,1,Enero,6,2022,22,25,MENDOZA RD,6,Calle Local Municipalidad,Urbano,Arteria Menor,City or Municipal Highway Agency,0,Sin jurisdiccion especial,99998,35.50574722,-108.8020028,Peaton,El primer evento no fue una colision con un vehiculo automotor en transporte,Not an Intersection,No fue interseccion,Sobre calle,Ninguna,Oscuro sin iluminacion,Despejado,No,NO APLICA,99,99,99,99,1,06/01/2022,1
35,New Mexico,350026,0,0,6,0,43,SANDOVAL (43),0,NO APLICA,1,Enero,30,2022,23,58,I-25,1,Interestatal,Urbano,Interestatal,State Highway Agency,1,Sin jurisdiccion especial,99998,35.24483056,-106.5676111,Vehiculo en movimiento,Frente a Detrás,Not an Intersection,No fue interseccion,Sobre calle,Ninguna,Oscuro sin iluminacion,Despejado,No,NO APLICA,99,98,99,98,1,30/01/2022,8
35,New Mexico,350027,0,0,2,0,49,SANTA FE (49),0,NO APLICA,1,Enero,26,2022,7,52,SR-502,3,Highway estatal,Rural,Arteria Principal,State Highway Agency,1,Reservacion India,99998,35.88498056,-106.1604361,Vehiculo en movimiento,Angulo,Not an Intersection,No fue interseccion,Sobre calle,Ninguna,Dia total,Despejado,No,NO APLICA,99,99,99,99,1,26/01/2022,2
35,New Mexico,350028,1,1,1,0,49,SANTA FE (49),710,SANTA FE,1,Enero,31,2022,2,42,I-25,1,Interestatal,Urbano,Interestatal,State Highway Agency,1,Sin jurisdiccion especial,99998,35.62180833,-106.0002417,Peaton,El primer evento no fue una colision con un vehiculo automotor en transporte,Not an Intersection,No fue interseccion,Sobre Acotamiento,Ninguna,Oscuro sin iluminacion,Despejado,No,NO APLICA,99,99,99,99,1,31/01/2022,1
35,New Mexico,350029,0,0,2,0,19,GUADALUPE (19),0,NO APLICA,2,Febrero,1,2022,13,39,US-60,2,US Highway,Rural,Arteria Principal,State Highway Agency,1,Sin jurisdiccion especial,99998,34.58780556,-105.2500389,Vehiculo en movimiento,Angulo,T-Intersection,Interseccion de T,Sobre calle,Ninguna,Dia total,Despejado,No,NO APLICA,99,99,99,99,1,01/02/2022,4
35,New Mexico,350030,1,1,4,0,61,VALENCIA (61),530,LOS LUNAS,2,Febrero,2,2022,19,52,CR- EL CERRO MISSION BLVD,4,Calle del Condado,Urbano,Colector Menor,County Highway Agency,0,Sin jurisdiccion especial,99998,34.77508889,-106.6744917,Vehiculo en movimiento,No reportado,Not an Intersection,No fue interseccion,Sobre calle,Ninguna,Oscuro sin iluminacion,Nieve,No,NO APLICA,99,99,99,99,1,02/02/2022,4
35,New Mexico,350031,0,0,2,0,19,GUADALUPE (19),0,NO APLICA,2,Febrero,2,2022,9,37,I-40,1,Interestatal,Rural,Interestatal,State Highway Agency,1,Sin jurisdiccion especial,99998,34.96305,-104.7400111,Vehiculo en movimiento,Frente a Detrás,Not an Intersection,No fue interseccion,Sobre el lado de la calle,Ninguna,Dia total,Nieve,No,NO APLICA,99,98,99,98,2,02/02/2022,3
35,New Mexico,350032,0,1,16,1,19,GUADALUPE (19),0,NO APLICA,2,Febrero,2,2022,9,37,I-40,1,Interestatal,Rural,Interestatal,State Highway Agency,1,Sin jurisdiccion especial,99998,34.96259167,-104.7384222,Vehiculo en movimiento,Frente a Detrás,Not an Intersection,No fue interseccion,Sobre calle,Mantenimiento,Dia total,Nieve,No,NO APLICA,99,99,99,99,1,02/02/2022,20
35,New Mexico,350033,0,0,1,0,17,GRANT (17),90,BAYARD,2,Febrero,6,2022,17,1,US-180,2,US Highway,Rural,Arteria Principal,State Highway Agency,1,Sin jurisdiccion especial,99998,32.72919167,-108.1347028,Valla Ferrocarril,El primer evento no fue una colision con un vehiculo automotor en transporte,Not an Intersection,No fue interseccion,Sobre el lado de la calle,Ninguna,Atardecer,Despejado,No,NO APLICA,99,99,99,99,1,06/02/2022,5
35,New Mexico,350034,1,1,1,0,1,BERNALILLO (1),30,ALBUQUERQUE,2,Febrero,5,2022,20,40,CENTRAL AVE,6,Calle Local Municipalidad,Urbano,Arteria Principal,City or Municipal Highway Agency,0,Sin jurisdiccion especial,99998,35.07636111,-106.5735861,Peaton,El primer evento no fue una colision con un vehiculo automotor en transporte,Not an Intersection,No fue interseccion,Sobre calle,Ninguna,Oscuro con iluminacion,Despejado,No,NO APLICA,99,99,99,99,1,05/02/2022,1
35,New Mexico,350035,1,1,1,0,45,SAN JUAN (45),310,FARMINGTON,2,Febrero,7,2022,21,13,SR-500,3,Highway estatal,Urbano,Arteria Principal,State Highway Agency,1,Sin jurisdiccion especial,99998,36.7194,-108.1934306,Peaton,El primer evento no fue una colision con un vehiculo automotor en transporte,Not an Intersection,No fue interseccion,Sobre calle,Ninguna,Oscuro sin iluminacion,Despejado,No,NO APLICA,99,99,99,99,1,07/02/2022,1
35,New Mexico,350036,0,0,1,0,31,MCKINLEY (31),0,NO APLICA,2,Febrero,8,2022,17,3,SR-264,3,Highway estatal,Rural,Arteria Principal,State Highway Agency,0,Sin jurisdiccion especial,99998,35.62853611,-108.7823556,Volcadura,El primer evento no fue una colision con un vehiculo automotor en transporte,Not an Intersection,No fue interseccion,Sobre el lado de la calle,Ninguna,Dia total,Despejado,No,NO APLICA,99,99,99,99,1,08/02/2022,3
35,New Mexico,350037,0,0,2,0,31,MCKINLEY (31),0,NO APLICA,2,Febrero,9,2022,15,0,I-40,1,Interestatal,Rural,Interestatal,State Highway Agency,1,Sin jurisdiccion especial,99998,35.42599444,-108.9816333,Vehiculo en movimiento,Frente a Detrás,Not an Intersection,No fue interseccion,Sobre calle,Ninguna,Dia total,Despejado,No,NO APLICA,99,99,99,99,1,09/02/2022,3
35,New Mexico,350038,1,1,2,0,1,BERNALILLO (1),30,ALBUQUERQUE,2,Febrero,9,2022,7,39,LOMAS BLVD,6,Calle Local Municipalidad,Urbano,Arteria Principal,City or Municipal Highway Agency,0,Sin jurisdiccion especial,99998,35.08775833,-106.6196194,Peaton,El primer evento no fue una colision con un vehiculo automotor en transporte,Not an Intersection,No fue interseccion,Sobre calle,Ninguna,Dia total,Despejado,No,NO APLICA,99,99,99,99,1,09/02/2022,3
35,New Mexico,350039,1,1,1,0,1,BERNALILLO (1),30,ALBUQUERQUE,2,Febrero,8,2022,18,41,I-25,1,Interestatal,Urbano,Interestatal,State Highway Agency,1,Sin jurisdiccion especial,99998,34.95189167,-106.6682861,Peaton,El primer evento no fue una colision con un vehiculo automotor en transporte,Not an Intersection,No fue interseccion,Sobre calle,Ninguna,Oscuro sin iluminacion,Despejado,No,NO APLICA,99,98,99,98,1,08/02/2022,1
35,New Mexico,350040,0,0,1,0,43,SANDOVAL (43),110,BERNALILLO,2,Febrero,3,2022,22,40,SR-473,3,Highway estatal,Urbano,Arteria Menor,State Highway Agency,0,Reservacion India,99998,35.30013889,-106.5509889,Poste,El primer evento no fue una colision con un vehiculo automotor en transporte,Four-Way Intersection,Interseccion de 4 direcciones,Sobre el lado de la calle,Ninguna,Oscuro con iluminacion,Despejado,No,NO APLICA,99,99,99,99,1,03/02/2022,2
35,New Mexico,350041,0,0,1,0,53,SOCORRO (53),0,NO APLICA,2,Febrero,8,2022,6,15,I-25,1,Interestatal,Rural,Interestatal,State Highway Agency,1,Sin jurisdiccion especial,99998,34.22664722,-106.9188472,Valla Ferrocarril,El primer evento no fue una colision con un vehiculo automotor en transporte,Not an Intersection,No fue interseccion,Sobre el lado de la calle,Ninguna,Oscuro - iluminacion desconocida,Despejado,No,NO APLICA,99,99,99,99,1,08/02/2022,1
35,New Mexico,350042,0,0,1,0,43,SANDOVAL (43),110,BERNALILLO,2,Febrero,12,2022,12,4,CALLE DON FRANCISCO,6,Calle Local Municipalidad,Urbano,Local,City or Municipal Highway Agency,0,Reservacion India,99998,35.30338056,-106.5514611,Volcadura,El primer evento no fue una colision con un vehiculo automotor en transporte,Not an Intersection,No fue interseccion,Sobre el lado de la calle,Ninguna,Dia total,Despejado,No,NO APLICA,99,99,99,99,1,12/02/2022,2
35,New Mexico,350043,1,1,1,0,1,BERNALILLO (1),30,ALBUQUERQUE,2,Febrero,13,2022,2,37,SR-500,3,Highway estatal,Urbano,Arteria Principal,State Highway Agency,1,Sin jurisdiccion especial,99998,35.02671389,-106.7015389,Peaton,El primer evento no fue una colision con un vehiculo automotor en transporte,Not an Intersection,No fue interseccion,Sobre calle,Ninguna,Oscuro sin iluminacion,Despejado,No,NO APLICA,99,99,99,99,1,13/02/2022,1
35,New Mexico,350044,0,0,1,0,31,MCKINLEY (31),9997,Other,2,Febrero,11,2022,17,10,CR-50,4,Calle del Condado,Rural,Local,Indian Tribe Nation,0,Reservacion India,99998,35.49343611,-108.1346944,Volcadura,El primer evento no fue una colision con un vehiculo automotor en transporte,Not an Intersection,No fue interseccion,Sobre el lado de la calle,Ninguna,Dia total,Despejado,No,NO APLICA,99,99,99,99,1,11/02/2022,2
35,New Mexico,350045,0,0,2,0,37,QUAY (37),0,NO APLICA,2,Febrero,18,2022,20,10,US-54,2,US Highway,Rural,Arteria Principal,State Highway Agency,1,Sin jurisdiccion especial,99998,35.29652222,-103.4520111,Vehiculo en movimiento,Frente a frente,Not an Intersection,No fue interseccion,Sobre calle,Ninguna,Oscuro sin iluminacion,Despejado,No,NO APLICA,99,99,99,99,1,18/02/2022,3
35,New Mexico,350046,0,0,1,0,53,SOCORRO (53),560,MAGDALENA,2,Febrero,18,2022,12,19,US-60,2,US Highway,Rural,Arteria Principal,State Highway Agency,1,Sin jurisdiccion especial,99998,34.12522778,-107.2205972,Volcadura,El primer evento no fue una colision con un vehiculo automotor en transporte,Not an Intersection,No fue interseccion,Sobre el lado de la calle,Ninguna,Dia total,Despejado,No,NO APLICA,99,98,99,98,1,18/02/2022,1