Estado,Nombre de Estado,Numero de Caso,Peatones,Personas _no_vehiculos,Vehiculos automotores,Vehiculos estacionados,Condado,Nombre Condado,Ciudad,Nombre Ciudad,Mes,Nombre Mes,Dia,Año,Hora,Minuto,Calle,Ruta,Nombre Ruta,Rural o Urbanoo,Sistema Funcional,Dueño Calle,Sistema Nacional Carreteras,Jurisdiccion Especial,Milla,Latitud,Longitud,Causa del Accidente,Tipo de Accidente,Tipo Interseccion,Columna1,Lugar en la calle,Zona de Trabajo,Luz,Clima,Autobus Escolar,Cruce de Trenes,Hora Notificacion,Minuto Notificacion,Hora Llegada,Minuto Llegada,Decesos,Fecha,PersonaVehiculo
35,New Mexico,350047,1,1,1,0,49,SANTA FE (49),0,NO APLICA,2,Febrero,16,2022,15,35,I-25,1,Interestatal,Urbano,Interestatal,State Highway Agency,1,Sin jurisdiccion especial,99998,35.63128056,-105.9249611,Peaton,El primer evento no fue una colision con un vehiculo automotor en transporte,Not an Intersection,No fue interseccion,Sobre Acotamiento,Ninguna,Dia total,Despejado,No,NO APLICA,99,98,99,98,1,16/02/2022,1
35,New Mexico,350048,0,0,3,0,15,EDDY (15),0,NO APLICA,2,Febrero,11,2022,10,30,SR-128,3,Highway estatal,Rural,Colector Mayor,State Highway Agency,0,Sin jurisdiccion especial,99998,32.29613333,-103.8016111,Vehiculo en movimiento,No reportado,Not an Intersection,No fue interseccion,Sobre calle,Ninguna,Dia total,Despejado,No,NO APLICA,99,99,99,99,1,11/02/2022,3
35,New Mexico,350049,0,0,1,0,61,VALENCIA (61),530,LOS LUNAS,2,Febrero,24,2022,19,7,SR-314,3,Highway estatal,Urbano,Arteria Principal,State Highway Agency,0,Sin jurisdiccion especial,99998,34.77836111,-106.7412583,Zanja,El primer evento no fue una colision con un vehiculo automotor en transporte,Not an Intersection,No fue interseccion,Sobre el lado de la calle,Ninguna,Oscuro sin iluminacion,Despejado,No,NO APLICA,99,99,99,99,1,24/02/2022,1
35,New Mexico,350050,0,0,2,0,37,QUAY (37),0,NO APLICA,2,Febrero,25,2022,0,38,I-40,1,Interestatal,Rural,Interestatal,State Highway Agency,1,Sin jurisdiccion especial,99998,35.17248611,-103.5881111,Vehiculo en movimiento,Frente a frente,Not an Intersection,No fue interseccion,Sobre calle,Ninguna,Oscuro sin iluminacion,Despejado,No,NO APLICA,99,99,99,99,1,25/02/2022,6
35,New Mexico,350051,0,0,4,0,13,DONA ANA (13),470,LAS CRUCES,2,Febrero,25,2022,22,12,UNIVERSITY,6,Calle Local Municipalidad,Urbano,Arteria Principal,City or Municipal Highway Agency,1,Sin jurisdiccion especial,99998,32.28376389,-106.7579917,Vehiculo en movimiento,Frente a frente,Not an Intersection,No fue interseccion,Sobre calle,Ninguna,Oscuro con iluminacion,Despejado,No,NO APLICA,99,99,99,99,1,25/02/2022,4
35,New Mexico,350052,0,0,2,0,1,BERNALILLO (1),30,ALBUQUERQUE,2,Febrero,27,2022,17,48,SR-556,3,Highway estatal,Urbano,Arteria Principal,State Highway Agency,0,Reservacion India,99998,35.20501667,-106.5816917,Vehiculo en movimiento,Angulo,Four-Way Intersection,Interseccion de 4 direcciones,Sobre calle,Ninguna,Dia total,Despejado,No,NO APLICA,99,98,99,98,1,27/02/2022,2
35,New Mexico,350053,0,0,1,0,43,SANDOVAL (43),677,RIO RANCHO,2,Febrero,25,2022,17,42,CR-KING BLVD,4,Calle del Condado,Rural,Local,County Highway Agency,0,Sin jurisdiccion especial,99998,35.31910278,-106.8239917,Muro,El primer evento no fue una colision con un vehiculo automotor en transporte,Not an Intersection,No fue interseccion,Sobre el lado de la calle,Ninguna,Dia total,Despejado,No,NO APLICA,99,99,99,99,1,25/02/2022,3
35,New Mexico,350054,0,0,1,0,31,MCKINLEY (31),0,NO APLICA,2,Febrero,28,2022,15,46,SR-118,3,Highway estatal,Rural,Colector Mayor,State Highway Agency,0,Militar,99998,35.53034722,-108.6082222,Volcadura,El primer evento no fue una colision con un vehiculo automotor en transporte,Not an Intersection,No fue interseccion,Sobre el lado de la calle,Ninguna,Dia total,Despejado,No,NO APLICA,99,99,99,99,1,28/02/2022,2
35,New Mexico,350055,0,0,1,0,41,ROOSEVELT (41),640,PORTALES,2,Febrero,28,2022,23,20,SR-202,3,Highway estatal,Rural,Colector Mayor,State Highway Agency,0,Sin jurisdiccion especial,99998,34.24341667,-103.0479139,Volcadura,El primer evento no fue una colision con un vehiculo automotor en transporte,Not an Intersection,No fue interseccion,Sobre el lado de la calle,Ninguna,Oscuro sin iluminacion,Despejado,No,NO APLICA,99,99,99,99,1,28/02/2022,1
35,New Mexico,350056,0,0,1,0,61,VALENCIA (61),0,NO APLICA,2,Febrero,7,2022,0,0,CR-EL CERRO MISSION BLVD,4,Calle del Condado,Urbano,Colector Menor,County Highway Agency,0,Sin jurisdiccion especial,99998,34.77478056,-106.6740056,Volcadura,El primer evento no fue una colision con un vehiculo automotor en transporte,Not an Intersection,No fue interseccion,Sobre el lado de la calle,Ninguna,Oscuro sin iluminacion,Despejado,No,NO APLICA,99,98,99,98,1,07/02/2022,1
35,New Mexico,350057,1,1,1,0,1,BERNALILLO (1),30,ALBUQUERQUE,2,Febrero,28,2022,22,31,MENAUL BLVD,6,Calle Local Municipalidad,Urbano,Arteria Principal,City or Municipal Highway Agency,0,Sin jurisdiccion especial,99998,35.10927778,-106.6014389,Peaton,El primer evento no fue una colision con un vehiculo automotor en transporte,Not an Intersection,No fue interseccion,Sobre calle,Ninguna,Oscuro con iluminacion,Despejado,No,NO APLICA,99,99,99,99,1,28/02/2022,1
35,New Mexico,350058,0,0,1,0,1,BERNALILLO (1),696,SANDIA PARK,2,Febrero,2,2022,13,43,SR-536,3,Highway estatal,Rural,Colector Mayor,State Highway Agency,0,Sin jurisdiccion especial,99998,35.19307778,-106.3988056,Volcadura,El primer evento no fue una colision con un vehiculo automotor en transporte,Not an Intersection,No fue interseccion,Sobre el lado de la calle,Ninguna,Dia total,Nieve,No,NO APLICA,99,99,99,99,1,02/02/2022,2
35,New Mexico,350059,0,0,3,0,43,SANDOVAL (43),677,RIO RANCHO,2,Febrero,12,2022,23,6,SR-347,3,Highway estatal,Urbano,Arteria Principal,State Highway Agency,1,Sin jurisdiccion especial,99998,35.30665833,-106.692175,Vehiculo en movimiento,Frente a frente,Not an Intersection,No fue interseccion,Sobre calle,Ninguna,Oscuro sin iluminacion,Despejado,No,NO APLICA,99,99,99,99,1,12/02/2022,3
35,New Mexico,350060,0,0,2,0,31,MCKINLEY (31),0,NO APLICA,2,Febrero,22,2022,5,15,I-40,1,Interestatal,Rural,Interestatal,State Highway Agency,1,Sin jurisdiccion especial,99998,35.34780556,-108.0145806,Vehiculo en movimiento,Golpe Lateral - misma direccion,Not an Intersection,No fue interseccion,Sobre calle,Ninguna,Oscuro sin iluminacion,Vientos cruzados pero de los mamalones,No,NO APLICA,99,99,99,99,1,22/02/2022,2
35,New Mexico,350061,0,0,2,0,15,EDDY (15),0,NO APLICA,2,Febrero,22,2022,17,29,SR-128,3,Highway estatal,Rural,Colector Mayor,State Highway Agency,0,Sin jurisdiccion especial,99998,32.34575556,-103.9678944,Vehiculo en movimiento,Frente a Detrás,Not an Intersection,No fue interseccion,Sobre calle,Ninguna,Dia total,Despejado,No,NO APLICA,99,99,99,99,1,22/02/2022,2
35,New Mexico,350062,1,1,1,0,1,BERNALILLO (1),30,ALBUQUERQUE,2,Febrero,10,2022,1,47,I-25,1,Interestatal,Urbano,Interestatal,State Highway Agency,1,Sin jurisdiccion especial,99998,34.95163611,-106.6706639,Peaton,El primer evento no fue una colision con un vehiculo automotor en transporte,Not an Intersection,No fue interseccion,Sobre calle,Ninguna,Oscuro sin iluminacion,Despejado,No,NO APLICA,99,99,99,99,1,10/02/2022,1
35,New Mexico,350063,0,0,1,0,45,SAN JUAN (45),310,FARMINGTON,2,Febrero,22,2022,14,10,SR-500,3,Highway estatal,Urbano,Arteria Principal,State Highway Agency,1,Sin jurisdiccion especial,99998,36.72347778,-108.2217917,Banqueta,El primer evento no fue una colision con un vehiculo automotor en transporte,Not an Intersection,No fue interseccion,En el medio,Ninguna,Dia total,No reportado,No,NO APLICA,99,99,99,99,1,22/02/2022,3
35,New Mexico,350064,0,0,1,0,53,SOCORRO (53),0,NO APLICA,2,Febrero,28,2022,14,50,SR-1,3,Highway estatal,Rural,Colector Mayor,State Highway Agency,0,Sin jurisdiccion especial,99998,33.95723889,-106.8720556,Volcadura,El primer evento no fue una colision con un vehiculo automotor en transporte,Not an Intersection,No fue interseccion,Sobre el lado de la calle,Ninguna,Dia total,Despejado,No,NO APLICA,99,99,99,99,1,28/02/2022,2
35,New Mexico,350065,1,1,1,0,31,MCKINLEY (31),0,NO APLICA,3,Marzo,1,2022,22,10,I-40,1,Interestatal,Rural,Interestatal,State Highway Agency,1,Sin jurisdiccion especial,99998,35.36315556,-109.0466722,Peaton,El primer evento no fue una colision con un vehiculo automotor en transporte,Not an Intersection,No fue interseccion,Sobre calle,Ninguna,Oscuro sin iluminacion,Despejado,No,NO APLICA,99,99,99,99,1,01/03/2022,1
35,New Mexico,350066,0,0,1,0,1,BERNALILLO (1),30,ALBUQUERQUE,3,Marzo,23,2022,21,20,COMMERCIAL ST,6,Calle Local Municipalidad,Urbano,Local,City or Municipal Highway Agency,0,Sin jurisdiccion especial,99998,35.10191667,-106.6424417,Otro objeto (no fijo),El primer evento no fue una colision con un vehiculo automotor en transporte,Not an Intersection,No fue interseccion,Fuera de la calle,Ninguna,Oscuro con iluminacion,Despejado,No,NO APLICA,99,99,99,99,1,23/03/2022,1
35,New Mexico,350067,0,0,2,0,1,BERNALILLO (1),30,ALBUQUERQUE,3,Marzo,4,2022,19,7,I-25 RAMP,1,Interestatal,Urbano,Interestatal,State Highway Agency,1,Sin jurisdiccion especial,99998,35.104075,-106.6319278,Vehiculo en movimiento,Angulo,T-Intersection,Interseccion de T,Sobre calle,Ninguna,Oscuro con iluminacion,Despejado,No,NO APLICA,99,99,99,99,1,04/03/2022,3
35,New Mexico,350068,0,0,2,0,1,BERNALILLO (1),30,ALBUQUERQUE,3,Marzo,5,2022,2,27,I-40,1,Interestatal,Urbano,Interestatal,State Highway Agency,1,Sin jurisdiccion especial,99998,35.1043,-106.5997861,Vehiculo en movimiento,Frente a frente,Not an Intersection,No fue interseccion,Sobre calle,Ninguna,Oscuro con iluminacion,Despejado,No,NO APLICA,99,99,99,99,1,05/03/2022,2
35,New Mexico,350069,0,0,1,0,29,LUNA (29),0,NO APLICA,3,Marzo,5,2022,20,48,SR-143,3,Highway estatal,Rural,Colector Mayor,State Highway Agency,0,Sin jurisdiccion especial,99998,32.19515,-107.6477417,Muro,El primer evento no fue una colision con un vehiculo automotor en transporte,Not an Intersection,No fue interseccion,Sobre el lado de la calle,Ninguna,Oscuro sin iluminacion,Despejado,No,NO APLICA,99,99,99,99,2,05/03/2022,5
35,New Mexico,350070,1,1,1,0,1,BERNALILLO (1),30,ALBUQUERQUE,3,Marzo,5,2022,22,40,ZUNI RD,6,Calle Local Municipalidad,Urbano,Arteria Principal,City or Municipal Highway Agency,0,Sin jurisdiccion especial,99998,35.07274722,-106.5646611,Peaton,El primer evento no fue una colision con un vehiculo automotor en transporte,Not an Intersection,No fue interseccion,Sobre calle,Ninguna,Oscuro con iluminacion,Despejado,No,NO APLICA,99,99,99,99,1,05/03/2022,1
35,New Mexico,350071,1,1,2,0,1,BERNALILLO (1),30,ALBUQUERQUE,3,Marzo,6,2022,22,32,I-40,1,Interestatal,Urbano,Interestatal,State Highway Agency,1,Sin jurisdiccion especial,99998,35.05997778,-106.8030361,Peaton,El primer evento no fue una colision con un vehiculo automotor en transporte,Not an Intersection,No fue interseccion,Sobre calle,Ninguna,Oscuro sin iluminacion,Despejado,No,NO APLICA,99,98,99,98,1,06/03/2022,4
35,New Mexico,350072,0,0,3,0,1,BERNALILLO (1),30,ALBUQUERQUE,3,Marzo,2,2022,14,39,BRIDGE BLVD,6,Calle Local Municipalidad,Urbano,Arteria Principal,County Highway Agency,0,Sin jurisdiccion especial,99998,35.06916667,-106.6639639,Vehiculo en movimiento,Angulo,T-Intersection,Interseccion de T,Sobre calle,Ninguna,Dia total,Despejado,No,NO APLICA,99,99,99,99,1,02/03/2022,4
35,New Mexico,350073,0,0,2,0,13,DONA ANA (13),470,LAS CRUCES,3,Marzo,9,2022,20,30,S TRIVIZ DR,6,Calle Local Municipalidad,Urbano,Arteria Menor,City or Municipal Highway Agency,0,Sin jurisdiccion especial,99998,32.29088056,-106.7404528,Vehiculo en movimiento,Angulo,Not an Intersection,No fue interseccion,Sobre calle,Ninguna,Oscuro con iluminacion,Despejado,No,NO APLICA,99,98,99,98,1,09/03/2022,3
35,New Mexico,350074,0,0,1,0,7,COLFAX (7),0,NO APLICA,3,Marzo,11,2022,8,38,I-25,1,Interestatal,Rural,Interestatal,State Highway Agency,1,Sin jurisdiccion especial,99998,36.62148889,-104.5126,Valla Ferrocarril,El primer evento no fue una colision con un vehiculo automotor en transporte,Not an Intersection,No fue interseccion,Sobre el lado de la calle,Ninguna,Dia total,Despejado,No,NO APLICA,99,99,99,99,1,11/03/2022,1
35,New Mexico,350075,0,0,1,0,43,SANDOVAL (43),711,SAN FELIPE,3,Marzo,13,2022,8,22,I-25,1,Interestatal,Rural,Interestatal,State Highway Agency,1,Sin jurisdiccion especial,99998,35.44369444,-106.3659389,Volcadura,El primer evento no fue una colision con un vehiculo automotor en transporte,Not an Intersection,No fue interseccion,Sobre el lado de la calle,Ninguna,Dia total,Despejado,No,NO APLICA,99,99,99,99,1,13/03/2022,1
35,New Mexico,350076,0,0,2,0,15,EDDY (15),0,NO APLICA,3,Marzo,15,2022,13,45,SR-200,3,Highway estatal,Rural,Arteria Principal,State Highway Agency,1,Sin jurisdiccion especial,99998,32.47192222,-104.2321472,Vehiculo en movimiento,Angulo,Four-Way Intersection,Interseccion de 4 direcciones,Sobre calle,Ninguna,Dia total,Despejado,No,NO APLICA,99,99,99,99,1,15/03/2022,2
35,New Mexico,350077,0,0,2,0,1,BERNALILLO (1),30,ALBUQUERQUE,3,Marzo,15,2022,6,25,MENAUL BLVD,6,Calle Local Municipalidad,Urbano,Arteria Principal,City or Municipal Highway Agency,0,Sin jurisdiccion especial,99998,35.10928056,-106.6092111,Vehiculo en movimiento,Angulo,T-Intersection,Interseccion de T,Sobre calle,Ninguna,Amanecer,Despejado,No,NO APLICA,99,99,99,99,1,15/03/2022,2
35,New Mexico,350078,0,0,2,0,45,SAN JUAN (45),0,NO APLICA,3,Marzo,16,2022,8,39,SR-170,3,Highway estatal,Rural,Arteria Principal,State Highway Agency,0,Sin jurisdiccion especial,99998,36.87801667,-108.1961722,Vehiculo en movimiento,Frente a frente,Not an Intersection,No fue interseccion,Sobre calle,Ninguna,Dia total,Despejado,No,NO APLICA,99,99,99,99,1,16/03/2022,2
35,New Mexico,350079,0,1,2,1,31,MCKINLEY (31),0,NO APLICA,3,Marzo,19,2022,7,47,US-491,2,US Highway,Rural,Arteria Principal,State Highway Agency,1,Reservacion India,99998,35.61965833,-108.7794056,Vehiculo Aparcado,El primer evento no fue una colision con un vehiculo automotor en transporte,Not an Intersection,No fue interseccion,Sobre Acotamiento,Ninguna,Dia total,Despejado,No,NO APLICA,99,99,99,99,1,19/03/2022,1
35,New Mexico,350080,0,0,1,0,1,BERNALILLO (1),30,ALBUQUERQUE,3,Marzo,20,2022,2,50,UNIVERSITY BLVD,6,Calle Local Municipalidad,Urbano,Arteria Menor,City or Municipal Highway Agency,0,Sin jurisdiccion especial,99998,35.10625,-106.62385,Soporte de Puente,El primer evento no fue una colision con un vehiculo automotor en transporte,Not an Intersection,No fue interseccion,Sobre el lado de la calle,Ninguna,Oscuro con iluminacion,Despejado,No,NO APLICA,99,99,99,99,3,20/03/2022,9
35,New Mexico,350081,1,1,1,0,1,BERNALILLO (1),30,ALBUQUERQUE,3,Marzo,22,2022,21,0,SR-47,3,Highway estatal,Urbano,Arteria Principal,State Highway Agency,0,Sin jurisdiccion especial,99998,35.02001667,-106.6471306,Peaton,El primer evento no fue una colision con un vehiculo automotor en transporte,Not an Intersection,No fue interseccion,Sobre calle,Ninguna,Oscuro sin iluminacion,Nieve,No,NO APLICA,99,98,99,98,1,22/03/2022,1
35,New Mexico,350082,0,0,2,0,27,LINCOLN (27),495,LINCOLN,3,Marzo,24,2022,6,19,US-380,2,US Highway,Rural,Arteria Menor,State Highway Agency,0,Sin jurisdiccion especial,99998,33.52344167,-105.4345361,Vehiculo en movimiento,Frente a frente,Not an Intersection,No fue interseccion,Sobre calle,Ninguna,Oscuro sin iluminacion,Despejado,No,NO APLICA,99,98,99,98,1,24/03/2022,2
35,New Mexico,350083,0,0,2,0,6,CIBOLA (6),598,MILAN,3,Marzo,27,2022,13,55,SR-122,3,Highway estatal,Urbano,Arteria Principal,State Highway Agency,1,Sin jurisdiccion especial,99998,35.17315,-107.8917139,Vehiculo en movimiento,Frente a frente,Not an Intersection,No fue interseccion,Sobre calle,Ninguna,Dia total,Despejado,No,NO APLICA,99,99,99,99,1,27/03/2022,2
35,New Mexico,350084,0,0,1,0,1,BERNALILLO (1),30,ALBUQUERQUE,3,Marzo,25,2022,23,23,COMANCHE RD,6,Calle Local Municipalidad,Urbano,Colector Mayor,City or Municipal Highway Agency,0,Sin jurisdiccion especial,99998,35.123625,-106.6036194,Muro,El primer evento no fue una colision con un vehiculo automotor en transporte,Not an Intersection,No fue interseccion,Sobre el lado de la calle,Ninguna,Oscuro con iluminacion,Despejado,No,NO APLICA,99,99,99,99,1,25/03/2022,1
35,New Mexico,350085,0,0,1,0,59,UNION (59),170,CLAYTON,3,Marzo,25,2022,23,28,SR-406,3,Highway estatal,Rural,Colector Mayor,State Highway Agency,0,Sin jurisdiccion especial,99998,36.49808611,-103.1270694,Valla Ferrocarril,El primer evento no fue una colision con un vehiculo automotor en transporte,Not an Intersection,No fue interseccion,Sobre el lado de la calle,Ninguna,Oscuro sin iluminacion,Despejado,No,NO APLICA,99,99,99,99,1,25/03/2022,2
35,New Mexico,350086,0,0,1,0,35,OTERO (35),20,ALAMOGORDO,3,Marzo,26,2022,18,59,W FIRST ST,6,Calle Local Municipalidad,Urbano,Colector Menor,City or Municipal Highway Agency,0,Sin jurisdiccion especial,99998,32.89220833,-105.9670833,Banqueta,El primer evento no fue una colision con un vehiculo automotor en transporte,Not an Intersection,No fue interseccion,Sobre el lado de la calle,Ninguna,Dia total,Despejado,No,NO APLICA,99,99,99,99,1,26/03/2022,1
35,New Mexico,350087,0,0,1,0,31,MCKINLEY (31),0,NO APLICA,3,Marzo,20,2022,8,24,I-40,1,Interestatal,Rural,Interestatal,State Highway Agency,1,Sin jurisdiccion especial,99998,35.43795556,-108.9641611,Valla Ferrocarril,El primer evento no fue una colision con un vehiculo automotor en transporte,Not an Intersection,No fue interseccion,En el medio,Ninguna,Oscuro sin iluminacion,Despejado,No,NO APLICA,99,99,99,99,1,20/03/2022,1
35,New Mexico,350088,1,1,1,0,45,SAN JUAN (45),310,FARMINGTON,3,Marzo,2,2022,19,22,US-64,2,US Highway,Urbano,Arteria Principal,State Highway Agency,1,Sin jurisdiccion especial,99998,36.73441944,-108.2461556,Peaton,El primer evento no fue una colision con un vehiculo automotor en transporte,Not an Intersection,No fue interseccion,Sobre calle,Ninguna,Oscuro con iluminacion,Despejado,No,NO APLICA,99,99,99,99,1,02/03/2022,1
35,New Mexico,350089,0,0,3,0,1,BERNALILLO (1),30,ALBUQUERQUE,3,Marzo,8,2022,18,10,SR-556,3,Highway estatal,Urbano,Arteria Principal,State Highway Agency,0,Sin jurisdiccion especial,99998,35.17504722,-106.496425,Vehiculo en movimiento,Angulo,T-Intersection,Interseccion de T,Sobre calle,Ninguna,Atardecer,Despejado,No,NO APLICA,99,99,99,99,1,08/03/2022,3
35,New Mexico,350090,1,1,1,0,13,DONA ANA (13),34,ANTHONY,3,Marzo,13,2022,19,48,SR-460,3,Highway estatal,Urbano,Arteria Menor,State Highway Agency,0,Sin jurisdiccion especial,99998,32.03781944,-106.6033028,Peaton,El primer evento no fue una colision con un vehiculo automotor en transporte,Not an Intersection,No fue interseccion,Sobre calle,Ninguna,Oscuro sin iluminacion,Despejado,No,NO APLICA,99,99,99,99,1,13/03/2022,1
35,New Mexico,350091,0,0,1,0,3,CATRON (3),0,NO APLICA,3,Marzo,19,2022,19,36,SR-12,3,Highway estatal,Rural,Arteria Menor,State Highway Agency,0,Sin jurisdiccion especial,99998,33.74304722,-108.7263944,Volcadura,El primer evento no fue una colision con un vehiculo automotor en transporte,Not an Intersection,No fue interseccion,Sobre el lado de la calle,Ninguna,Atardecer,Despejado,No,NO APLICA,99,99,99,99,1,19/03/2022,1
35,New Mexico,350092,1,1,1,0,13,DONA ANA (13),470,LAS CRUCES,3,Marzo,19,2022,19,52,E ESPINA,6,Calle Local Municipalidad,Urbano,Colector Mayor,City or Municipal Highway Agency,0,Sin jurisdiccion especial,99998,32.29859722,-106.7655639,Peaton,El primer evento no fue una colision con un vehiculo automotor en transporte,Four-Way Intersection,Interseccion de 4 direcciones,Sobre calle,Ninguna,Oscuro con iluminacion,Despejado,No,NO APLICA,99,99,99,99,1,19/03/2022,1
35,New Mexico,350093,0,0,1,0,13,DONA ANA (13),470,LAS CRUCES,3,Marzo,24,2022,12,53,NORTHRISE DR,6,Calle Local Municipalidad,Urbano,Arteria Menor,City or Municipal Highway Agency,0,Sin jurisdiccion especial,99998,32.36555833,-106.7438222,Banqueta,El primer evento no fue una colision con un vehiculo automotor en transporte,Not an Intersection,No fue interseccion,En el medio,Ninguna,Dia total,Despejado,No,NO APLICA,99,99,99,99,1,24/03/2022,1
35,New Mexico,350094,0,0,6,0,49,SANTA FE (49),0,NO APLICA,3,Marzo,2,2022,11,29,I-25,1,Interestatal,Rural,Interestatal,State Highway Agency,1,Sin jurisdiccion especial,99998,35.61950556,-105.9193806,Vehiculo en movimiento,Frente a frente,Not an Intersection,No fue interseccion,Sobre calle,Ninguna,Dia total,Despejado,No,NO APLICA,99,99,99,99,2,02/03/2022,6
35,New Mexico,350095,0,0,2,0,6,CIBOLA (6),0,NO APLICA,3,Marzo,5,2022,17,26,I-40,1,Interestatal,Rural,Interestatal,State Highway Agency,1,Reservacion India,99998,35.00996944,-107.319925,Vehiculo en movimiento,Frente a Detrás,Not an Intersection,No fue interseccion,Sobre calle,Ninguna,Dia total,Despejado,No,NO APLICA,99,99,99,99,1,05/03/2022,2
35,New Mexico,350096,1,1,1,0,1,BERNALILLO (1),30,ALBUQUERQUE,1,Enero,7,2022,0,56,I-40,1,Interestatal,Urbano,Interestatal,State Highway Agency,1,Sin jurisdiccion especial,99998,35.10421667,-106.5925694,Peaton,El primer evento no fue una colision con un vehiculo automotor en transporte,Not an Intersection,No fue interseccion,Sobre calle,Ninguna,Oscuro con iluminacion,Despejado,No,NO APLICA,99,98,99,98,1,07/01/2022,1
35,New Mexico,350097,0,0,2,0,53,SOCORRO (53),0,NO APLICA,2,Febrero,26,2022,4,52,I-25,1,Interestatal,Rural,Interestatal,State Highway Agency,1,Sin jurisdiccion especial,99998,34.41837222,-106.8386389,Vehiculo en movimiento,Angulo,Not an Intersection,No fue interseccion,Sobre calle,Ninguna,Oscuro sin iluminacion,Despejado,No,NO APLICA,99,99,99,99,1,26/02/2022,3
35,New Mexico,350098,0,0,3,0,31,MCKINLEY (31),0,NO APLICA,4,Abril,3,2022,0,23,I-40,1,Interestatal,Rural,Interestatal,State Highway Agency,1,Sin jurisdiccion especial,99998,35.49688889,-108.8583167,Vehiculo en movimiento,Frente a frente,Not an Intersection,No fue interseccion,Sobre calle,Ninguna,Oscuro sin iluminacion,Despejado,No,NO APLICA,0,99,0,37,1,03/04/2022,3
35,New Mexico,350099,0,0,1,0,25,LEA (25),300,EUNICE,4,Abril,5,2022,18,0,SR-176,3,Highway estatal,Rural,Colector Mayor,State Highway Agency,0,Sin jurisdiccion especial,99998,32.44560833,-103.2028694,Volcadura,El primer evento no fue una colision con un vehiculo automotor en transporte,Not an Intersection,No fue interseccion,Sobre el lado de la calle,Ninguna,Atardecer,Despejado,No,NO APLICA,99,99,99,99,1,05/04/2022,1
35,New Mexico,350100,0,0,1,0,9,CURRY (9),800,TEXICO,4,Abril,6,2022,20,31,SR-348,3,Highway estatal,Rural,Colector Menor,State Highway Agency,0,Sin jurisdiccion especial,99998,34.38157778,-103.0438417,Volcadura,El primer evento no fue una colision con un vehiculo automotor en transporte,Not an Intersection,No fue interseccion,Sobre el lado de la calle,Ninguna,Oscuro sin iluminacion,Despejado,No,NO APLICA,99,99,99,99,1,06/04/2022,1
35,New Mexico,350101,0,0,2,0,1,BERNALILLO (1),30,ALBUQUERQUE,4,Abril,2,2022,16,22,SR-556,3,Highway estatal,Urbano,Arteria Principal,State Highway Agency,0,Reservacion India,99998,35.19945,-106.5053222,Alguien se cayo/avento del vehiculo,El primer evento no fue una colision con un vehiculo automotor en transporte,Not an Intersection,No fue interseccion,Sobre calle,Ninguna,Dia total,Despejado,No,NO APLICA,99,99,99,99,1,02/04/2022,3
35,New Mexico,350102,0,0,1,0,1,BERNALILLO (1),30,ALBUQUERQUE,4,Abril,2,2022,15,57,SR-45,3,Highway estatal,Urbano,Arteria Principal,State Highway Agency,0,Sin jurisdiccion especial,99998,34.9999,-106.7176667,Barda,El primer evento no fue una colision con un vehiculo automotor en transporte,Not an Intersection,No fue interseccion,Sobre el lado de la calle,Ninguna,Dia total,Despejado,No,NO APLICA,99,99,99,99,1,02/04/2022,1
35,New Mexico,350103,0,0,2,0,1,BERNALILLO (1),30,ALBUQUERQUE,4,Abril,13,2022,2,45,I-40,1,Interestatal,Urbano,Interestatal,State Highway Agency,1,Sin jurisdiccion especial,99998,35.05961944,-106.8052639,Vehiculo en movimiento,Frente a Detrás,Not an Intersection,No fue interseccion,Sobre calle,Ninguna,Oscuro sin iluminacion,Despejado,No,NO APLICA,99,99,99,99,1,13/04/2022,3
35,New Mexico,350104,0,0,1,0,61,VALENCIA (61),101,BOSQUE FARMS,4,Abril,16,2022,19,45,SR-47,3,Highway estatal,Urbano,Arteria Principal,State Highway Agency,0,Sin jurisdiccion especial,99998,34.83944167,-106.6912028,Banqueta,El primer evento no fue una colision con un vehiculo automotor en transporte,Not an Intersection,No fue interseccion,Sobre el lado de la calle,Ninguna,Oscuro sin iluminacion,Despejado,No,NO APLICA,99,99,99,99,1,16/04/2022,2
35,New Mexico,350105,0,0,2,0,1,BERNALILLO (1),30,ALBUQUERQUE,4,Abril,1,2022,20,42,SR-423,3,Highway estatal,Urbano,Arteria Principal,State Highway Agency,1,Sin jurisdiccion especial,99998,35.17941667,-106.6291361,Vehiculo en movimiento,Frente a Detrás,Not an Intersection,No fue interseccion,Sobre calle,Ninguna,Oscuro sin iluminacion,Despejado,No,NO APLICA,99,99,99,99,1,01/04/2022,2
35,New Mexico,350106,0,0,1,0,1,BERNALILLO (1),696,SANDIA PARK,4,Abril,19,2022,6,23,SR-14,3,Highway estatal,Rural,Arteria Menor,State Highway Agency,0,Sin jurisdiccion especial,99998,35.184075,-106.3232083,Volcadura,El primer evento no fue una colision con un vehiculo automotor en transporte,Not an Intersection,No fue interseccion,Sobre el lado de la calle,Ninguna,Amanecer,Despejado,No,NO APLICA,99,98,99,98,1,19/04/2022,1
35,New Mexico,350107,0,0,2,0,13,DONA ANA (13),470,LAS CRUCES,4,Abril,15,2022,4,19,I-10,1,Interestatal,Rural,Interestatal,State Highway Agency,1,Sin jurisdiccion especial,99998,32.25293056,-107.0942306,Vehiculo en movimiento,Frente a frente,Not an Intersection,No fue interseccion,Sobre calle,Ninguna,Oscuro sin iluminacion,Despejado,No,NO APLICA,99,99,99,99,2,15/04/2022,2