Estado,Nombre de Estado,Numero de Caso,Peatones,Personas _no_vehiculos,Vehiculos automotores,Vehiculos estacionados,Condado,Nombre Condado,Ciudad,Nombre Ciudad,Mes,Nombre Mes,Dia,Año,Hora,Minuto,Calle,Ruta,Nombre Ruta,Rural o Urbanoo,Sistema Funcional,Dueño Calle,Sistema Nacional Carreteras,Jurisdiccion Especial,Milla,Latitud,Longitud,Causa del Accidente,Tipo de Accidente,Tipo Interseccion,Columna1,Lugar en la calle,Zona de Trabajo,Luz,Clima,Autobus Escolar,Cruce de Trenes,Hora Notificacion,Minuto Notificacion,Hora Llegada,Minuto Llegada,Decesos,Fecha,PersonaVehiculo
35,New Mexico,350108,0,0,1,0,53,SOCORRO (53),0,NO APLICA,4,Abril,16,2022,15,1,I-25,1,Interestatal,Rural,Interestatal,State Highway Agency,1,Sin jurisdiccion especial,99998,33.97135278,-106.8897556,Volcadura,El primer evento no fue una colision con un vehiculo automotor en transporte,Not an Intersection,No fue interseccion,Sobre calle,Ninguna,Dia total,Despejado,No,NO APLICA,99,99,99,99,1,16/04/2022,5
35,New Mexico,350109,0,0,1,0,57,TORRANCE (57),0,NO APLICA,4,Abril,21,2022,4,8,I-40,1,Interestatal,Rural,Interestatal,State Highway Agency,1,Sin jurisdiccion especial,99998,35.00555,-105.8695361,Otro objeto (no fijo),El primer evento no fue una colision con un vehiculo automotor en transporte,Not an Intersection,No fue interseccion,Sobre el lado de la calle,Ninguna,Oscuro sin iluminacion,Despejado,No,NO APLICA,99,99,99,99,1,21/04/2022,1
35,New Mexico,350110,0,0,1,0,43,SANDOVAL (43),216,CUBA,4,Abril,23,2022,18,4,US-550,2,US Highway,Rural,Arteria Principal,State Highway Agency,1,Sin jurisdiccion especial,99998,35.99223889,-106.9806694,Barda,El primer evento no fue una colision con un vehiculo automotor en transporte,Not an Intersection,No fue interseccion,Sobre el lado de la calle,Ninguna,Dia total,Despejado,No,NO APLICA,99,98,99,98,1,23/04/2022,1
35,New Mexico,350111,0,0,2,0,31,MCKINLEY (31),642,PREWITT,4,Abril,27,2022,13,40,I-40,1,Interestatal,Rural,Interestatal,State Highway Agency,1,Sin jurisdiccion especial,99998,35.37152222,-108.0782611,Vehiculo en movimiento,Angulo,Not an Intersection,No fue interseccion,Sobre calle,Ninguna,Dia total,Despejado,No,NO APLICA,99,99,99,99,1,27/04/2022,4
35,New Mexico,350112,1,1,1,0,1,BERNALILLO (1),30,ALBUQUERQUE,4,Abril,24,2022,23,8,MENAUL BLVD,6,Calle Local Municipalidad,Urbano,Arteria Principal,City or Municipal Highway Agency,0,Sin jurisdiccion especial,99998,35.10913333,-106.6024361,Peaton,El primer evento no fue una colision con un vehiculo automotor en transporte,Not an Intersection,No fue interseccion,Sobre calle,Ninguna,Oscuro con iluminacion,Despejado,No,NO APLICA,99,99,99,99,1,24/04/2022,1
35,New Mexico,350113,0,0,2,0,49,SANTA FE (49),710,SANTA FE,4,Abril,27,2022,19,1,W ZIA RD,6,Calle Local Municipalidad,Urbano,Arteria Principal,City or Municipal Highway Agency,1,Sin jurisdiccion especial,99998,35.64315278,-105.9738222,Vehiculo en movimiento,Angulo,Four-Way Intersection,Interseccion de 4 direcciones,Sobre calle,Ninguna,Dia total,Despejado,No,NO APLICA,99,99,99,99,1,27/04/2022,2
35,New Mexico,350114,0,0,3,0,25,LEA (25),0,NO APLICA,4,Abril,28,2022,16,33,SR-176,3,Highway estatal,Rural,Colector Mayor,State Highway Agency,0,Sin jurisdiccion especial,99998,32.49421389,-103.45005,Vehiculo en movimiento,Frente a Detrás,Not an Intersection,No fue interseccion,Sobre calle,Construccion,Dia total,Despejado,No,NO APLICA,99,99,99,99,2,28/04/2022,4
35,New Mexico,350115,0,0,2,0,1,BERNALILLO (1),30,ALBUQUERQUE,4,Abril,28,2022,10,38,LOUISIANA BLVD,6,Calle Local Municipalidad,Urbano,Colector Mayor,City or Municipal Highway Agency,0,Sin jurisdiccion especial,99998,35.17569722,-106.5689389,Vehiculo en movimiento,Angulo,Four-Way Intersection,Interseccion de 4 direcciones,Sobre calle,Ninguna,Dia total,Despejado,No,NO APLICA,99,99,99,99,1,28/04/2022,2
35,New Mexico,350116,0,0,3,0,5,CHAVES (5),0,NO APLICA,4,Abril,30,2022,16,30,US-380,2,US Highway,Rural,Arteria Menor,State Highway Agency,0,Sin jurisdiccion especial,99998,33.40496944,-104.3117389,Vehiculo en movimiento,Frente a frente,Not an Intersection,No fue interseccion,Sobre calle,Ninguna,Dia total,Despejado,No,NO APLICA,99,99,99,99,1,30/04/2022,4
35,New Mexico,350117,0,0,2,0,1,BERNALILLO (1),30,ALBUQUERQUE,4,Abril,30,2022,15,57,COPPER AVE NE,6,Calle Local Municipalidad,Urbano,Colector Mayor,City or Municipal Highway Agency,0,Sin jurisdiccion especial,99998,35.07910833,-106.4993556,Vehiculo en movimiento,Angulo,Not an Intersection,No fue interseccion,Sobre calle,Ninguna,Dia total,Despejado,No,NO APLICA,99,99,99,99,1,30/04/2022,3
35,New Mexico,350118,0,0,3,0,49,SANTA FE (49),351,GLORIETA,4,Abril,30,2022,21,54,I-25,1,Interestatal,Rural,Interestatal,State Highway Agency,1,Sin jurisdiccion especial,99998,35.59105833,-105.7818056,Valla Ferrocarril,El primer evento no fue una colision con un vehiculo automotor en transporte,Not an Intersection,No fue interseccion,Sobre el lado de la calle,Ninguna,Oscuro sin iluminacion,Despejado,No,NO APLICA,99,99,99,99,1,30/04/2022,3
35,New Mexico,350119,1,1,1,0,13,DONA ANA (13),470,LAS CRUCES,4,Abril,3,2022,20,7,IDAHO AVE,6,Calle Local Municipalidad,Urbano,Arteria Menor,City or Municipal Highway Agency,0,Sin jurisdiccion especial,99998,32.29781667,-106.7693111,Peaton,El primer evento no fue una colision con un vehiculo automotor en transporte,Not an Intersection,No fue interseccion,Sobre calle,Ninguna,Oscuro sin iluminacion,Despejado,No,NO APLICA,99,99,99,99,1,03/04/2022,1
35,New Mexico,350120,1,1,1,0,45,SAN JUAN (45),310,FARMINGTON,4,Abril,18,2022,5,34,SR-371,3,Highway estatal,Rural,Arteria Menor,State Highway Agency,0,Sin jurisdiccion especial,99998,36.67169444,-108.2189944,Peaton,El primer evento no fue una colision con un vehiculo automotor en transporte,Not an Intersection,No fue interseccion,Sobre calle,Ninguna,Oscuro sin iluminacion,Despejado,No,NO APLICA,99,98,99,98,1,18/04/2022,1
35,New Mexico,350121,0,0,2,0,49,SANTA FE (49),710,SANTA FE,4,Abril,29,2022,12,23,US-84,2,US Highway,Urbano,Arteria Principal,State Highway Agency,1,Sin jurisdiccion especial,99998,35.70801944,-105.9420611,Vehiculo en movimiento,Frente a Detrás,Not an Intersection,No fue interseccion,Sobre calle,Ninguna,Dia total,Neblina o Humo,No,NO APLICA,99,99,99,99,1,29/04/2022,2
35,New Mexico,350122,0,0,2,0,15,EDDY (15),0,NO APLICA,4,Abril,19,2022,23,15,SR-529,3,Highway estatal,Rural,Arteria Menor,State Highway Agency,0,Sin jurisdiccion especial,99998,32.80824444,-103.8712,Vehiculo en movimiento,Frente a frente,Not an Intersection,No fue interseccion,Sobre calle,Ninguna,Oscuro sin iluminacion,Despejado,No,NO APLICA,99,99,99,99,2,19/04/2022,3
35,New Mexico,350123,0,0,3,0,5,CHAVES (5),0,NO APLICA,4,Abril,27,2022,20,46,US-285,2,US Highway,Rural,Arteria Principal,State Highway Agency,1,Sin jurisdiccion especial,99998,33.28498889,-104.4661917,Vehiculo en movimiento,Angulo,Four-Way Intersection,Interseccion de 4 direcciones,Sobre calle,Ninguna,Dia total,Despejado,No,NO APLICA,99,99,99,99,1,27/04/2022,3
35,New Mexico,350124,0,0,1,0,49,SANTA FE (49),0,NO APLICA,4,Abril,17,2022,12,44,US-285,2,US Highway,Rural,Arteria Principal,State Highway Agency,1,Sin jurisdiccion especial,99998,35.46782778,-105.9017889,Volcadura,El primer evento no fue una colision con un vehiculo automotor en transporte,Not an Intersection,No fue interseccion,Sobre el lado de la calle,Ninguna,Dia total,Despejado,No,NO APLICA,99,99,99,99,1,17/04/2022,1
35,New Mexico,350125,0,0,3,0,1,BERNALILLO (1),30,ALBUQUERQUE,5,Mayo,1,2022,2,20,I-40,1,Interestatal,Urbano,Interestatal,State Highway Agency,1,Sin jurisdiccion especial,99998,35.10311389,-106.5821889,Vehiculo en movimiento,Frente a Detrás,Not an Intersection,No fue interseccion,Sobre calle,Ninguna,Oscuro con iluminacion,Despejado,No,NO APLICA,99,99,99,99,1,01/05/2022,3
35,New Mexico,350126,0,0,3,0,1,BERNALILLO (1),30,ALBUQUERQUE,5,Mayo,3,2022,7,55,BRIDGE BLVD,6,Calle Local Municipalidad,Urbano,Arteria Principal,City or Municipal Highway Agency,0,Sin jurisdiccion especial,99998,35.06973611,-106.6598667,Vehiculo en movimiento,Frente a Detrás,Not an Intersection,No fue interseccion,Sobre calle,Ninguna,Dia total,Despejado,No,NO APLICA,99,98,99,98,1,03/05/2022,3
35,New Mexico,350127,0,0,2,0,1,BERNALILLO (1),30,ALBUQUERQUE,5,Mayo,3,2022,15,50,LOUISIANA BLVD,6,Calle Local Municipalidad,Urbano,Arteria Principal,City or Municipal Highway Agency,0,Sin jurisdiccion especial,99998,35.10469444,-106.568725,Vehiculo en movimiento,Frente a Detrás,Four-Way Intersection,Interseccion de 4 direcciones,Sobre calle,Ninguna,Dia total,No reportado,No,NO APLICA,99,99,99,99,1,03/05/2022,2
35,New Mexico,350128,0,0,1,0,31,MCKINLEY (31),0,NO APLICA,5,Mayo,3,2022,7,39,I-40,1,Interestatal,Rural,Interestatal,State Highway Agency,1,Sin jurisdiccion especial,99998,35.37721944,-108.1106167,Valla Ferrocarril,El primer evento no fue una colision con un vehiculo automotor en transporte,Not an Intersection,No fue interseccion,Sobre el lado de la calle,Ninguna,Dia total,Despejado,No,NO APLICA,99,99,99,99,1,03/05/2022,2
35,New Mexico,350129,0,0,2,0,1,BERNALILLO (1),30,ALBUQUERQUE,5,Mayo,4,2022,5,52,LOUISIANA BLVD,6,Calle Local Municipalidad,Urbano,Arteria Principal,City or Municipal Highway Agency,0,Sin jurisdiccion especial,99998,35.10195278,-106.5689333,Vehiculo en movimiento,Angulo,Four-Way Intersection,Interseccion de 4 direcciones,Sobre calle,Ninguna,Amanecer,Despejado,No,NO APLICA,99,99,99,99,1,04/05/2022,3
35,New Mexico,350130,0,0,3,0,35,OTERO (35),0,NO APLICA,5,Mayo,4,2022,14,56,US-54,2,US Highway,Rural,Arteria Principal,State Highway Agency,1,Sin jurisdiccion especial,99998,33.36415833,-106.0791,Vehiculo en movimiento,Frente a frente,Not an Intersection,No fue interseccion,Sobre calle,Ninguna,Dia total,Despejado,No,NO APLICA,99,99,99,99,1,04/05/2022,3
35,New Mexico,350131,0,0,2,1,15,EDDY (15),130,CARLSBAD,5,Mayo,4,2022,19,21,PRESIDIO ST,6,Calle Local Municipalidad,Urbano,Local,City or Municipal Highway Agency,0,Sin jurisdiccion especial,99998,32.39307778,-104.2314556,Vehiculo Aparcado,El primer evento no fue una colision con un vehiculo automotor en transporte,Not an Intersection,No fue interseccion,Sobre el lado de la calle,Ninguna,Atardecer,Despejado,No,NO APLICA,99,99,99,99,1,04/05/2022,1
35,New Mexico,350132,0,0,1,0,1,BERNALILLO (1),9997,Other,5,Mayo,4,2022,0,42,I-40,1,Interestatal,Rural,Interestatal,State Highway Agency,1,Sin jurisdiccion especial,99998,35.02574167,-106.97345,Volcadura,El primer evento no fue una colision con un vehiculo automotor en transporte,Not an Intersection,No fue interseccion,Sobre calle,Ninguna,Oscuro sin iluminacion,Despejado,No,NO APLICA,99,99,99,99,2,04/05/2022,2
35,New Mexico,350133,0,0,2,0,31,MCKINLEY (31),0,NO APLICA,5,Mayo,5,2022,2,20,I-40,1,Interestatal,Rural,Interestatal,State Highway Agency,1,Sin jurisdiccion especial,99998,35.33182222,-108.0014694,Vehiculo en movimiento,Frente a Detrás,Not an Intersection,No fue interseccion,Sobre calle,Ninguna,Oscuro sin iluminacion,Despejado,No,NO APLICA,99,99,99,99,1,05/05/2022,3
35,New Mexico,350134,0,0,2,0,9,CURRY (9),190,CLOVIS,5,Mayo,5,2022,8,35,7TH ST,6,Calle Local Municipalidad,Urbano,Arteria Menor,City or Municipal Highway Agency,0,Sin jurisdiccion especial,99998,34.40468889,-103.2317,Vehiculo en movimiento,Angulo,Four-Way Intersection,Interseccion de 4 direcciones,Sobre calle,Ninguna,Dia total,Despejado,No,NO APLICA,99,99,99,99,1,05/05/2022,2
35,New Mexico,350135,0,0,3,0,13,DONA ANA (13),470,LAS CRUCES,5,Mayo,6,2022,21,20,ELKS DR,6,Calle Local Municipalidad,Urbano,Arteria Menor,City or Municipal Highway Agency,0,Sin jurisdiccion especial,99998,32.34292778,-106.7760528,Vehiculo en movimiento,Angulo,Four-Way Intersection,Interseccion de 4 direcciones,Sobre calle,Ninguna,Oscuro con iluminacion,Despejado,No,NO APLICA,99,98,99,98,1,06/05/2022,3
35,New Mexico,350136,0,0,3,0,25,LEA (25),410,HOBBS,5,Mayo,8,2022,16,40,SR-18,3,Highway estatal,Urbano,Arteria Menor,State Highway Agency,0,Sin jurisdiccion especial,99998,32.6821,-103.1277056,Vehiculo en movimiento,Angulo,Four-Way Intersection,Interseccion de 4 direcciones,Sobre calle,Ninguna,Dia total,Despejado,No,NO APLICA,99,99,99,99,2,08/05/2022,4
35,New Mexico,350137,0,0,2,0,5,CHAVES (5),0,NO APLICA,5,Mayo,11,2022,4,15,US-285,2,US Highway,Rural,Arteria Principal,State Highway Agency,1,Sin jurisdiccion especial,99998,33.05765,-104.4418806,Vehiculo en movimiento,Frente a frente,Not an Intersection,No fue interseccion,Sobre calle,Ninguna,Oscuro sin iluminacion,Despejado,No,NO APLICA,99,99,99,99,1,11/05/2022,2
35,New Mexico,350138,0,0,1,0,31,MCKINLEY (31),0,NO APLICA,5,Mayo,14,2022,3,28,SR-264,3,Highway estatal,Rural,Arteria Principal,State Highway Agency,0,Sin jurisdiccion especial,99998,35.6607,-109.044,Volcadura,El primer evento no fue una colision con un vehiculo automotor en transporte,Not an Intersection,No fue interseccion,Sobre el lado de la calle,Ninguna,Oscuro sin iluminacion,Despejado,No,NO APLICA,99,98,99,98,1,14/05/2022,1
35,New Mexico,350139,0,0,2,0,1,BERNALILLO (1),30,ALBUQUERQUE,5,Mayo,14,2022,9,7,SR-333,3,Highway estatal,Urbano,Colector Mayor,State Highway Agency,0,Sin jurisdiccion especial,99998,35.06454722,-106.4447944,Vehiculo en movimiento,Angulo,T-Intersection,Interseccion de T,Sobre calle,Ninguna,Dia total,Despejado,No,NO APLICA,99,99,99,99,1,14/05/2022,2
35,New Mexico,350140,0,0,1,0,57,TORRANCE (57),605,MORIARTY,5,Mayo,14,2022,1,58,SR-333,3,Highway estatal,Rural,Arteria Menor,State Highway Agency,0,Sin jurisdiccion especial,99998,35.01254167,-106.07085,Acotamiento,El primer evento no fue una colision con un vehiculo automotor en transporte,Not an Intersection,No fue interseccion,Sobre el lado de la calle,Ninguna,Oscuro sin iluminacion,Despejado,No,NO APLICA,99,99,99,99,1,14/05/2022,1
35,New Mexico,350141,0,0,2,0,37,QUAY (37),0,NO APLICA,5,Mayo,15,2022,9,32,US-54,2,US Highway,Rural,Arteria Principal,State Highway Agency,1,Sin jurisdiccion especial,99998,35.56409167,-103.1614139,Vehiculo en movimiento,Golpe Lateral - direccion contraria,Not an Intersection,No fue interseccion,Sobre calle,Ninguna,Dia total,Despejado,No,NO APLICA,99,99,99,99,1,15/05/2022,2
35,New Mexico,350142,0,0,2,0,29,LUNA (29),0,NO APLICA,5,Mayo,15,2022,9,41,I-10,1,Interestatal,Rural,Interestatal,State Highway Agency,1,Sin jurisdiccion especial,99998,32.25143333,-107.916,Vehiculo en movimiento,Frente a Detrás,Not an Intersection,No fue interseccion,Sobre calle,Ninguna,Dia total,Despejado,No,NO APLICA,99,99,99,99,1,15/05/2022,2
35,New Mexico,350143,1,1,1,0,45,SAN JUAN (45),456,KIRTLAND,5,Mayo,16,2022,21,13,US-64,2,US Highway,Urbano,Arteria Principal,State Highway Agency,1,Sin jurisdiccion especial,99998,36.74312222,-108.3598111,Peaton,El primer evento no fue una colision con un vehiculo automotor en transporte,Four-Way Intersection,Interseccion de 4 direcciones,Sobre calle,Ninguna,Oscuro con iluminacion,Despejado,No,NO APLICA,99,98,99,98,1,16/05/2022,1
35,New Mexico,350144,0,0,1,0,37,QUAY (37),0,NO APLICA,5,Mayo,17,2022,19,53,I-40,1,Interestatal,Rural,Interestatal,State Highway Agency,1,Sin jurisdiccion especial,99998,35.16291944,-103.4619472,Arbol,El primer evento no fue una colision con un vehiculo automotor en transporte,Not an Intersection,No fue interseccion,Sobre el lado de la calle,Ninguna,Oscuro sin iluminacion,Despejado,No,NO APLICA,99,99,99,99,1,17/05/2022,1
35,New Mexico,350145,0,0,1,0,15,EDDY (15),50,ARTESIA,5,Mayo,18,2022,23,55,COMMERCE RD,6,Calle Local Municipalidad,Rural,Local,City or Municipal Highway Agency,0,Sin jurisdiccion especial,99998,32.87429444,-104.395575,Barda,El primer evento no fue una colision con un vehiculo automotor en transporte,T-Intersection,Interseccion de T,Sobre el lado de la calle,Ninguna,Oscuro sin iluminacion,Despejado,No,NO APLICA,99,99,99,99,1,18/05/2022,1
35,New Mexico,350146,0,0,1,0,1,BERNALILLO (1),30,ALBUQUERQUE,5,Mayo,24,2022,22,50,I-40,1,Interestatal,Urbano,Interestatal,State Highway Agency,1,Sin jurisdiccion especial,99998,35.09075556,-106.5524694,Barrera de Trafico de Concreto,El primer evento no fue una colision con un vehiculo automotor en transporte,Not an Intersection,No fue interseccion,En el medio,Ninguna,Oscuro con iluminacion,Despejado,No,NO APLICA,99,99,99,99,1,24/05/2022,2
35,New Mexico,350147,0,0,2,0,41,ROOSEVELT (41),0,NO APLICA,5,Mayo,23,2022,2,5,US-70,2,US Highway,Rural,Arteria Principal,State Highway Agency,1,Sin jurisdiccion especial,99998,34.21596111,-103.2991806,Volcadura,El primer evento no fue una colision con un vehiculo automotor en transporte,Not an Intersection,No fue interseccion,Sobre el lado de la calle,Ninguna,Oscuro sin iluminacion,Despejado,No,NO APLICA,99,98,99,98,1,23/05/2022,2
35,New Mexico,350148,0,0,1,0,1,BERNALILLO (1),30,ALBUQUERQUE,5,Mayo,21,2022,23,37,SR-556,3,Highway estatal,Urbano,Arteria Principal,State Highway Agency,1,Sin jurisdiccion especial,99998,35.09558056,-106.4975361,Alguien se cayo/avento del vehiculo,El primer evento no fue una colision con un vehiculo automotor en transporte,Not an Intersection,No fue interseccion,Sobre calle,Ninguna,Oscuro - iluminacion desconocida,No reportado,No,NO APLICA,99,99,99,99,1,21/05/2022,2
35,New Mexico,350149,0,0,2,0,57,TORRANCE (57),0,NO APLICA,5,Mayo,24,2022,12,13,CR-MI RANCHITO RD,4,Calle del Condado,Rural,Local,County Highway Agency,0,Sin jurisdiccion especial,99998,34.91246111,-106.0612056,Vehiculo en movimiento,Angulo,Four-Way Intersection,Interseccion de 4 direcciones,Sobre calle,Ninguna,Dia total,Despejado,No,NO APLICA,99,99,99,99,1,24/05/2022,5
35,New Mexico,350150,1,1,1,0,61,VALENCIA (61),530,LOS LUNAS,5,Mayo,18,2022,22,9,SR-6,3,Highway estatal,Urbano,Arteria Principal,State Highway Agency,0,Sin jurisdiccion especial,99998,34.80556111,-106.7043972,Peaton,El primer evento no fue una colision con un vehiculo automotor en transporte,Not an Intersection,No fue interseccion,Sobre calle,Ninguna,Oscuro con iluminacion,Despejado,No,NO APLICA,99,99,99,99,1,18/05/2022,1
35,New Mexico,350151,0,0,2,0,15,EDDY (15),0,NO APLICA,5,Mayo,25,2022,5,40,US-82,2,US Highway,Rural,Arteria Menor,State Highway Agency,0,Sin jurisdiccion especial,99998,32.84146944,-104.3330583,Vehiculo en movimiento,Frente a Detrás,Not an Intersection,No fue interseccion,Sobre calle,Ninguna,Amanecer,Despejado,No,NO APLICA,99,99,99,99,1,25/05/2022,5
35,New Mexico,350152,0,0,2,0,51,SIERRA (51),258,ELEPHANT BUTTE,5,Mayo,29,2022,22,17,SR-181,3,Highway estatal,Urbano,Colector Mayor,State Highway Agency,0,Sin jurisdiccion especial,99998,33.17271944,-107.2392139,Vehiculo en movimiento,Angulo,T-Intersection,Interseccion de T,Sobre calle,Ninguna,Oscuro con iluminacion,Despejado,No,NO APLICA,99,99,99,99,1,29/05/2022,5
35,New Mexico,350153,0,0,2,0,1,BERNALILLO (1),30,ALBUQUERQUE,5,Mayo,7,2022,9,30,UNIVERSE BLVD,6,Calle Local Municipalidad,Urbano,Arteria Menor,City or Municipal Highway Agency,0,Sin jurisdiccion especial,99998,35.19964444,-106.7275778,Vehiculo en movimiento,Angulo,Four-Way Intersection,Interseccion de 4 direcciones,Sobre calle,Ninguna,Dia total,Despejado,No,NO APLICA,99,99,99,99,1,07/05/2022,2
35,New Mexico,350154,0,0,3,0,1,BERNALILLO (1),30,ALBUQUERQUE,5,Mayo,7,2022,17,12,I-40,1,Interestatal,Urbano,Interestatal,State Highway Agency,1,Sin jurisdiccion especial,99998,35.10431111,-106.7091333,Vehiculo en movimiento,Frente a Detrás,Not an Intersection,No fue interseccion,Sobre calle,Construccion,Dia total,Despejado,No,NO APLICA,99,99,99,99,1,07/05/2022,4
35,New Mexico,350155,0,0,1,0,27,LINCOLN (27),0,NO APLICA,5,Mayo,17,2022,7,37,US-54,2,US Highway,Rural,Arteria Principal,State Highway Agency,1,Sin jurisdiccion especial,99998,34.0341,-105.7303667,Valla Ferrocarril,El primer evento no fue una colision con un vehiculo automotor en transporte,Not an Intersection,No fue interseccion,Sobre el lado de la calle,Ninguna,Dia total,Despejado,No,NO APLICA,99,99,99,99,1,17/05/2022,1
35,New Mexico,350156,0,0,2,0,43,SANDOVAL (43),677,RIO RANCHO,5,Mayo,24,2022,11,26,SR-528,3,Highway estatal,Urbano,Arteria Principal,State Highway Agency,1,Sin jurisdiccion especial,99998,35.24377222,-106.6552278,Vehiculo en movimiento,Angulo,Y-Intersection,Interseccion de Y,Sobre calle,Ninguna,Dia total,Despejado,No,NO APLICA,99,99,99,99,1,24/05/2022,2
35,New Mexico,350157,0,0,2,0,61,VALENCIA (61),530,LOS LUNAS,5,Mayo,3,2022,17,17,I-25,1,Interestatal,Urbano,Interestatal,State Highway Agency,1,Sin jurisdiccion especial,99998,34.81044444,-106.7626861,Vehiculo en movimiento,Frente a Detrás,Not an Intersection,No fue interseccion,Sobre calle,Ninguna,Dia total,Vientos cruzados pero de los mamalones,No,NO APLICA,99,99,99,99,1,03/05/2022,2
35,New Mexico,350158,0,0,2,0,35,OTERO (35),585,MESCALERO,3,Marzo,9,2022,7,24,CR-WHITE MOUNTAIN RD,4,Calle del Condado,Rural,Colector Menor,County Highway Agency,0,Reservacion India,99998,33.21580278,-105.7375222,Vehiculo en movimiento,Frente a frente,Not an Intersection,No fue interseccion,Sobre calle,Ninguna,Dia total,No reportado,Yes,NO APLICA,99,99,99,99,1,09/03/2022,2
35,New Mexico,350159,0,0,1,0,47,SAN MIGUEL (47),0,NO APLICA,3,Marzo,28,2022,10,21,SR-266,3,Highway estatal,Rural,Colector Menor,State Highway Agency,0,Sin jurisdiccion especial,99998,35.77521944,-105.314825,Barda,El primer evento no fue una colision con un vehiculo automotor en transporte,Not an Intersection,No fue interseccion,Sobre el lado de la calle,Ninguna,Dia total,Despejado,No,NO APLICA,99,99,99,99,1,28/03/2022,1
35,New Mexico,350160,0,0,1,0,9,CURRY (9),190,CLOVIS,4,Abril,23,2022,14,17,W BRADY AVE,6,Calle Local Municipalidad,Urbano,Arteria Principal,City or Municipal Highway Agency,1,Sin jurisdiccion especial,99998,34.39006667,-103.2197417,Poste o otros soportes,El primer evento no fue una colision con un vehiculo automotor en transporte,Not an Intersection,No fue interseccion,Sobre el lado de la calle,Ninguna,Dia total,Despejado,No,NO APLICA,99,99,99,99,1,23/04/2022,1
35,New Mexico,350161,0,0,1,0,29,LUNA (29),0,NO APLICA,5,Mayo,21,2022,22,4,I-10,1,Interestatal,Rural,Interestatal,State Highway Agency,1,Sin jurisdiccion especial,99998,32.24031389,-108.0010306,Volcadura,El primer evento no fue una colision con un vehiculo automotor en transporte,Not an Intersection,No fue interseccion,Sobre el lado de la calle,Ninguna,Oscuro sin iluminacion,Despejado,No,NO APLICA,99,99,99,99,3,21/05/2022,8
35,New Mexico,350162,0,0,1,0,49,SANTA FE (49),0,NO APLICA,6,Junio,3,2022,13,52,CR-JUAN MEDINA RD,4,Calle del Condado,Urbano,Colector Mayor,County Highway Agency,0,Sin jurisdiccion especial,99998,35.99639167,-105.9313889,Barda,El primer evento no fue una colision con un vehiculo automotor en transporte,Not an Intersection,No fue interseccion,Sobre el lado de la calle,Ninguna,Dia total,Despejado,No,NO APLICA,99,99,99,99,1,03/06/2022,1
35,New Mexico,350163,0,0,1,0,31,MCKINLEY (31),0,NO APLICA,6,Junio,5,2022,8,45,I-40,1,Interestatal,Rural,Interestatal,State Highway Agency,1,Sin jurisdiccion especial,99998,35.41526667,-108.9935778,Valla Ferrocarril,El primer evento no fue una colision con un vehiculo automotor en transporte,Not an Intersection,No fue interseccion,Sobre el lado de la calle,Ninguna,Dia total,Despejado,No,NO APLICA,99,98,99,98,1,05/06/2022,1
35,New Mexico,350164,0,0,1,0,55,TAOS (55),47,ARROYO HONDO,6,Junio,5,2022,18,36,CR-B007,4,Calle del Condado,Rural,Local,County Highway Agency,0,Sin jurisdiccion especial,99998,36.52841667,-105.6962667,Volcadura,El primer evento no fue una colision con un vehiculo automotor en transporte,Not an Intersection,No fue interseccion,Sobre el lado de la calle,Ninguna,Dia total,Despejado,No,NO APLICA,99,99,99,99,1,05/06/2022,2
35,New Mexico,350165,0,0,1,0,1,BERNALILLO (1),30,ALBUQUERQUE,6,Junio,6,2022,20,24,I-25,1,Interestatal,Urbano,Interestatal,State Highway Agency,1,Sin jurisdiccion especial,99998,35.07426667,-106.6402444,Barrera de Trafico de Concreto,El primer evento no fue una colision con un vehiculo automotor en transporte,Not an Intersection,No fue interseccion,Sobre el lado de la calle,Ninguna,Oscuro con iluminacion,Despejado,No,NO APLICA,99,99,99,99,2,06/06/2022,2
35,New Mexico,350166,1,1,1,0,1,BERNALILLO (1),30,ALBUQUERQUE,6,Junio,10,2022,0,11,CENTRAL AVE,6,Calle Local Municipalidad,Urbano,Arteria Principal,City or Municipal Highway Agency,0,Sin jurisdiccion especial,99998,35.07523056,-106.5619111,Peaton,El primer evento no fue una colision con un vehiculo automotor en transporte,Four-Way Intersection,Interseccion de 4 direcciones,Sobre calle,Ninguna,Oscuro con iluminacion,Despejado,No,NO APLICA,99,99,99,99,1,10/06/2022,1
35,New Mexico,350167,0,0,2,0,1,BERNALILLO (1),30,ALBUQUERQUE,6,Junio,14,2022,9,51,SR-45,3,Highway estatal,Urbano,Arteria Principal,State Highway Agency,1,Sin jurisdiccion especial,99998,35.14766944,-106.6886306,Vehiculo en movimiento,Angulo,Not an Intersection,No fue interseccion,Sobre calle,Ninguna,Dia total,Despejado,No,NO APLICA,99,99,99,99,1,14/06/2022,2
35,New Mexico,350168,0,0,2,0,35,OTERO (35),20,ALAMOGORDO,6,Junio,15,2022,11,51,WHITE SANDS BLVD,6,Calle Local Municipalidad,Urbano,Arteria Principal,City or Municipal Highway Agency,1,Sin jurisdiccion especial,99998,32.92004167,-105.9606694,Vehiculo en movimiento,Angulo,Not an Intersection,No fue interseccion,Sobre calle,Ninguna,Dia total,Despejado,No,NO APLICA,99,99,99,99,1,15/06/2022,3
35,New Mexico,350169,0,0,2,0,13,DONA ANA (13),649,RADIUM SPRINGS,6,Junio,20,2022,13,50,SR-185,3,Highway estatal,Rural,Colector Mayor,State Highway Agency,0,Sin jurisdiccion especial,99998,32.47607222,-106.91605,Vehiculo en movimiento,Frente a frente,Not an Intersection,No fue interseccion,Sobre calle,Ninguna,Dia total,Despejado,No,NO APLICA,99,99,99,99,1,20/06/2022,3