Estado,Nombre de Estado,Numero de Caso,Peatones,Personas _no_vehiculos,Vehiculos automotores,Vehiculos estacionados,Condado,Nombre Condado,Ciudad,Nombre Ciudad,Mes,Nombre Mes,Dia,Año,Hora,Minuto,Calle,Ruta,Nombre Ruta,Rural o Urbanoo,Sistema Funcional,Dueño Calle,Sistema Nacional Carreteras,Jurisdiccion Especial,Milla,Latitud,Longitud,Causa del Accidente,Tipo de Accidente,Tipo Interseccion,Columna1,Lugar en la calle,Zona de Trabajo,Luz,Clima,Autobus Escolar,Cruce de Trenes,Hora Notificacion,Minuto Notificacion,Hora Llegada,Minuto Llegada,Decesos,Fecha,PersonaVehiculo
35,New Mexico,350170,0,0,1,0,39,RIO ARRIBA (39),845,VELARDE,6,Junio,17,2022,10,8,SR-68,3,Highway estatal,Rural,Arteria Principal,State Highway Agency,0,Sin jurisdiccion especial,99998,36.15020833,-105.9754972,Valla Ferrocarril,El primer evento no fue una colision con un vehiculo automotor en transporte,Not an Intersection,No fue interseccion,Sobre el lado de la calle,Ninguna,Dia total,Despejado,No,NO APLICA,99,99,99,99,1,17/06/2022,1
35,New Mexico,350171,0,0,1,0,45,SAN JUAN (45),0,NO APLICA,6,Junio,21,2022,6,0,SR-170,3,Highway estatal,Rural,Arteria Principal,State Highway Agency,0,Sin jurisdiccion especial,99998,36.95874444,-108.1937278,Volcadura,El primer evento no fue una colision con un vehiculo automotor en transporte,Not an Intersection,No fue interseccion,Sobre el lado de la calle,Ninguna,Amanecer,Despejado,No,NO APLICA,99,99,99,99,1,21/06/2022,1
35,New Mexico,350172,2,2,2,1,6,CIBOLA (6),0,NO APLICA,6,Junio,22,2022,8,11,I-40,1,Interestatal,Rural,Interestatal,State Highway Agency,1,Sin jurisdiccion especial,99998,35.07356944,-107.5402,Jackknife (harmful to this vehicle),El primer evento no fue una colision con un vehiculo automotor en transporte,Not an Intersection,No fue interseccion,Sobre calle,Ninguna,Dia total,lluvia,No,NO APLICA,99,99,99,99,1,22/06/2022,1
35,New Mexico,350173,0,0,1,0,49,SANTA FE (49),0,NO APLICA,6,Junio,25,2022,1,55,I-25,1,Interestatal,Rural,Interestatal,State Highway Agency,1,Sin jurisdiccion especial,99998,35.53748611,-105.8545111,Valla Ferrocarril,El primer evento no fue una colision con un vehiculo automotor en transporte,Not an Intersection,No fue interseccion,Sobre el lado de la calle,Ninguna,Oscuro sin iluminacion,Despejado,No,NO APLICA,99,99,99,99,1,25/06/2022,3
35,New Mexico,350174,1,1,1,0,1,BERNALILLO (1),30,ALBUQUERQUE,6,Junio,23,2022,21,14,SR-45,3,Highway estatal,Urbano,Arteria Principal,State Highway Agency,1,Sin jurisdiccion especial,99998,35.20553056,-106.6591222,Peaton,El primer evento no fue una colision con un vehiculo automotor en transporte,Four-Way Intersection,Interseccion de 4 direcciones,Sobre calle,Ninguna,Oscuro con iluminacion,Despejado,No,NO APLICA,99,99,99,99,1,23/06/2022,1
35,New Mexico,350175,0,0,2,0,15,EDDY (15),0,NO APLICA,6,Junio,25,2022,17,39,US-62,2,US Highway,Rural,Arteria Principal,State Highway Agency,1,Sin jurisdiccion especial,99998,32.10900556,-104.4234306,Vehiculo en movimiento,Angulo,T-Intersection,Interseccion de T,Sobre calle,Ninguna,Dia total,Despejado,No,NO APLICA,99,99,99,99,1,25/06/2022,2
35,New Mexico,350176,0,0,3,0,45,SAN JUAN (45),310,FARMINGTON,6,Junio,17,2022,14,8,SR-516,3,Highway estatal,Urbano,Arteria Principal,State Highway Agency,1,Sin jurisdiccion especial,99998,36.77845556,-108.1247278,Vehiculo en movimiento,Angulo,Four-Way Intersection,Interseccion de 4 direcciones,Sobre calle,Ninguna,Dia total,Despejado,No,NO APLICA,99,99,99,99,1,17/06/2022,8
35,New Mexico,350177,0,0,2,0,29,LUNA (29),0,NO APLICA,6,Junio,30,2022,5,57,SR-26,3,Highway estatal,Rural,Arteria Menor,State Highway Agency,0,Sin jurisdiccion especial,99998,32.57721111,-107.4484389,Vehiculo en movimiento,Frente a frente,Not an Intersection,No fue interseccion,Sobre calle,Ninguna,Amanecer,Despejado,No,NO APLICA,99,99,99,99,1,30/06/2022,2
35,New Mexico,350178,1,1,1,0,1,BERNALILLO (1),30,ALBUQUERQUE,6,Junio,28,2022,12,20,CENTRAL AVE,6,Calle Local Municipalidad,Urbano,Arteria Principal,City or Municipal Highway Agency,0,Sin jurisdiccion especial,99998,35.07197778,-106.5322722,Peaton,El primer evento no fue una colision con un vehiculo automotor en transporte,Four-Way Intersection,Interseccion de 4 direcciones,Sobre calle,Ninguna,Dia total,Despejado,No,NO APLICA,99,99,99,99,1,28/06/2022,2
35,New Mexico,350179,1,1,1,0,1,BERNALILLO (1),30,ALBUQUERQUE,6,Junio,26,2022,0,3,98TH ST NW,6,Calle Local Municipalidad,Urbano,Arteria Principal,City or Municipal Highway Agency,0,Sin jurisdiccion especial,99998,35.07464722,-106.7431167,Peaton,El primer evento no fue una colision con un vehiculo automotor en transporte,Not an Intersection,No fue interseccion,Sobre calle,Ninguna,Oscuro sin iluminacion,Despejado,No,NO APLICA,99,99,99,99,1,26/06/2022,1
35,New Mexico,350180,0,0,1,0,29,LUNA (29),230,DEMING,6,Junio,11,2022,3,42,I-10,1,Interestatal,Rural,Interestatal,State Highway Agency,1,Sin jurisdiccion especial,99998,32.25136389,-107.9164333,Volcadura,El primer evento no fue una colision con un vehiculo automotor en transporte,Not an Intersection,No fue interseccion,En el medio,Ninguna,Oscuro sin iluminacion,Despejado,No,NO APLICA,99,99,99,99,1,11/06/2022,1
35,New Mexico,350181,0,0,2,0,1,BERNALILLO (1),30,ALBUQUERQUE,6,Junio,3,2022,0,0,WYOMING BLVD,6,Calle Local Municipalidad,Urbano,Arteria Principal,City or Municipal Highway Agency,0,Sin jurisdiccion especial,99998,35.13744722,-106.5509167,Vehiculo en movimiento,Angulo,Four-Way Intersection,Interseccion de 4 direcciones,Sobre calle,Ninguna,Oscuro sin iluminacion,Despejado,No,NO APLICA,99,99,99,99,1,03/06/2022,2
35,New Mexico,350182,1,1,1,0,13,DONA ANA (13),0,NO APLICA,6,Junio,25,2022,5,54,I-10,1,Interestatal,Rural,Interestatal,State Highway Agency,1,Sin jurisdiccion especial,99998,32.26293333,-107.0029111,Peaton,El primer evento no fue una colision con un vehiculo automotor en transporte,Not an Intersection,No fue interseccion,Sobre calle,Ninguna,Oscuro sin iluminacion,Despejado,No,NO APLICA,99,98,99,98,1,25/06/2022,1
35,New Mexico,350183,0,0,2,0,7,COLFAX (7),0,NO APLICA,6,Junio,24,2022,2,30,I-25,1,Interestatal,Rural,Interestatal,State Highway Agency,1,Sin jurisdiccion especial,99998,36.54838611,-104.5381556,Vehiculo en movimiento,Frente a Detrás,Not an Intersection,No fue interseccion,Sobre calle,Ninguna,Oscuro sin iluminacion,Despejado,No,NO APLICA,99,99,99,99,1,24/06/2022,3
35,New Mexico,350184,1,1,1,0,47,SAN MIGUEL (47),678,ROWE,6,Junio,18,2022,5,26,I-25,1,Interestatal,Rural,Interestatal,State Highway Agency,1,Sin jurisdiccion especial,99998,35.49626389,-105.6738306,Peaton,El primer evento no fue una colision con un vehiculo automotor en transporte,Not an Intersection,No fue interseccion,Sobre calle,Ninguna,Amanecer,Despejado,No,NO APLICA,99,99,99,99,1,18/06/2022,3
35,New Mexico,350185,0,0,1,0,1,BERNALILLO (1),30,ALBUQUERQUE,6,Junio,4,2022,2,8,MARTIN LUTHER KIND AVE,6,Calle Local Municipalidad,Urbano,Colector Mayor,City or Municipal Highway Agency,0,Sin jurisdiccion especial,99998,35.0841,-106.6269167,Objeto fijo desconocido,El primer evento no fue una colision con un vehiculo automotor en transporte,T-Intersection,Interseccion de T,Sobre el lado de la calle,Ninguna,Oscuro con iluminacion,Despejado,No,NO APLICA,99,99,99,99,1,04/06/2022,1
35,New Mexico,350186,0,0,1,0,51,SIERRA (51),0,NO APLICA,5,Mayo,28,2022,7,43,SR-187,3,Highway estatal,Rural,Colector Mayor,State Highway Agency,0,Sin jurisdiccion especial,99998,33.04473611,-107.3002472,Culvert,El primer evento no fue una colision con un vehiculo automotor en transporte,Not an Intersection,No fue interseccion,Sobre el lado de la calle,Ninguna,Dia total,Despejado,No,NO APLICA,99,99,99,99,1,28/05/2022,1
35,New Mexico,350187,0,0,2,0,17,GRANT (17),150,SANTA CLARA,7,Julio,1,2022,10,57,US-180,2,US Highway,Rural,Arteria Principal,State Highway Agency,1,Militar,99998,32.78223056,-108.153975,Vehiculo en movimiento,Frente a Detrás,Four-Way Intersection,Interseccion de 4 direcciones,Sobre calle,Ninguna,Dia total,Despejado,No,NO APLICA,99,99,99,99,1,01/07/2022,3
35,New Mexico,350188,0,0,2,0,6,CIBOLA (6),312,FENCE LAKE,7,Julio,1,2022,12,19,SR-36,3,Highway estatal,Rural,Colector Mayor,State Highway Agency,0,Sin jurisdiccion especial,99998,34.86536389,-108.672525,Vehiculo en movimiento,Frente a frente,Not an Intersection,No fue interseccion,Sobre calle,Ninguna,Dia total,Despejado,No,NO APLICA,99,99,99,99,1,01/07/2022,3
35,New Mexico,350189,0,0,1,0,53,SOCORRO (53),0,NO APLICA,7,Julio,3,2022,23,58,I-25,1,Interestatal,Rural,Interestatal,State Highway Agency,1,Sin jurisdiccion especial,99998,34.32300833,-106.8825778,Volcadura,El primer evento no fue una colision con un vehiculo automotor en transporte,Not an Intersection,No fue interseccion,Sobre calle,Ninguna,Oscuro sin iluminacion,Despejado,No,NO APLICA,99,99,99,99,2,03/07/2022,5
35,New Mexico,350190,0,0,2,0,33,MORA (33),860,WAGON MOUND,7,Julio,1,2022,22,47,SR-120,3,Highway estatal,Rural,Colector Mayor,State Highway Agency,0,Sin jurisdiccion especial,99998,36.00988611,-104.7006806,Vehiculo en movimiento,Frente a Detrás,Not an Intersection,No fue interseccion,Sobre calle,Ninguna,Oscuro con iluminacion,Despejado,No,NO APLICA,99,99,99,99,3,01/07/2022,6
35,New Mexico,350191,0,0,2,0,39,RIO ARRIBA (39),0,NO APLICA,7,Julio,3,2022,21,18,US-84,2,US Highway,Rural,Arteria Menor,State Highway Agency,0,Sin jurisdiccion especial,99998,36.16008333,-106.18475,Vehiculo en movimiento,Frente a frente,Not an Intersection,No fue interseccion,Sobre calle,Ninguna,Oscuro sin iluminacion,Despejado,No,NO APLICA,99,99,99,99,1,03/07/2022,7
35,New Mexico,350192,1,1,1,0,1,BERNALILLO (1),30,ALBUQUERQUE,7,Julio,5,2022,21,30,WYOMING BLVD,6,Calle Local Municipalidad,Urbano,Arteria Principal,City or Municipal Highway Agency,0,Sin jurisdiccion especial,99998,35.10695556,-106.5508583,Peaton,El primer evento no fue una colision con un vehiculo automotor en transporte,Not an Intersection,No fue interseccion,Sobre calle,Ninguna,Oscuro con iluminacion,Despejado,No,NO APLICA,99,99,99,99,1,05/07/2022,1
35,New Mexico,350193,0,0,1,0,41,ROOSEVELT (41),0,NO APLICA,7,Julio,5,2022,1,10,CR-S ROOSEVELT RD,4,Calle del Condado,Rural,Local,County Highway Agency,0,Sin jurisdiccion especial,99998,34.22909167,-103.4220583,Zanja,El primer evento no fue una colision con un vehiculo automotor en transporte,Not an Intersection,No fue interseccion,Sobre el lado de la calle,Ninguna,Oscuro sin iluminacion,Despejado,No,NO APLICA,99,98,99,98,1,05/07/2022,1
35,New Mexico,350194,0,0,1,0,45,SAN JUAN (45),115,BLOOMFIELD,7,Julio,7,2022,15,25,US-64,2,US Highway,Rural,Arteria Menor,State Highway Agency,0,Sin jurisdiccion especial,99998,36.73971389,-107.7184778,Valla Ferrocarril,El primer evento no fue una colision con un vehiculo automotor en transporte,Not an Intersection,No fue interseccion,Sobre el lado de la calle,Ninguna,Dia total,Despejado,No,NO APLICA,99,99,99,99,1,07/07/2022,1
35,New Mexico,350195,0,0,2,0,39,RIO ARRIBA (39),0,NO APLICA,7,Julio,6,2022,13,1,US-285,2,US Highway,Rural,Arteria Principal,State Highway Agency,1,Sin jurisdiccion especial,99998,36.19294167,-106.05315,Vehiculo en movimiento,Golpe Lateral - direccion contraria,Not an Intersection,No fue interseccion,Sobre calle,Ninguna,Dia total,Despejado,No,NO APLICA,99,99,99,99,1,06/07/2022,3
35,New Mexico,350196,0,0,2,0,61,VALENCIA (61),530,LOS LUNAS,7,Julio,9,2022,2,19,SR-263,3,Highway estatal,Urbano,Arteria Menor,State Highway Agency,0,Sin jurisdiccion especial,99998,34.79814167,-106.6972611,Vehiculo en movimiento,Frente a frente,Not an Intersection,No fue interseccion,Sobre calle,Ninguna,Oscuro sin iluminacion,Despejado,No,NO APLICA,99,99,99,99,1,09/07/2022,2
35,New Mexico,350197,0,0,2,0,6,CIBOLA (6),708,SAN RAFAEL,7,Julio,6,2022,11,21,SR-53,3,Highway estatal,Rural,Arteria Menor,State Highway Agency,0,Sin jurisdiccion especial,99998,35.11901667,-107.8757417,Vehiculo en movimiento,Frente a frente,T-Intersection,Interseccion de T,Sobre calle,Ninguna,Dia total,Despejado,No,NO APLICA,99,99,99,99,1,06/07/2022,2
35,New Mexico,350198,0,0,1,0,23,HIDALGO (23),0,NO APLICA,7,Julio,9,2022,17,23,I-10,1,Interestatal,Rural,Interestatal,State Highway Agency,1,Sin jurisdiccion especial,99998,32.2811,-108.554725,Volcadura,El primer evento no fue una colision con un vehiculo automotor en transporte,Not an Intersection,No fue interseccion,Sobre calle,Ninguna,Dia total,Nublado,No,NO APLICA,99,99,99,99,1,09/07/2022,3
35,New Mexico,350199,0,0,2,0,49,SANTA FE (49),710,SANTA FE,7,Julio,11,2022,18,50,SR-466,3,Highway estatal,Urbano,Arteria Principal,State Highway Agency,1,Sin jurisdiccion especial,99998,35.65946389,-105.9671778,Vehiculo en movimiento,Angulo,Four-Way Intersection,Interseccion de 4 direcciones,Sobre calle,Ninguna,Dia total,Despejado,No,NO APLICA,99,99,99,99,1,11/07/2022,2
35,New Mexico,350200,0,0,1,0,49,SANTA FE (49),0,NO APLICA,7,Julio,11,2022,0,29,I-25,1,Interestatal,Urbano,Interestatal,State Highway Agency,1,Sin jurisdiccion especial,99998,35.55579444,-106.1152583,Volcadura,El primer evento no fue una colision con un vehiculo automotor en transporte,Not an Intersection,No fue interseccion,Sobre el lado de la calle,Ninguna,Oscuro sin iluminacion,Despejado,No,NO APLICA,99,99,99,99,1,11/07/2022,3
35,New Mexico,350201,0,0,1,0,1,BERNALILLO (1),30,ALBUQUERQUE,7,Julio,12,2022,12,12,SAN MATEO BLVD,6,Calle Local Municipalidad,Urbano,Arteria Principal,City or Municipal Highway Agency,0,Sin jurisdiccion especial,99998,35.06178611,-106.5862444,Arbol,El primer evento no fue una colision con un vehiculo automotor en transporte,Four-Way Intersection,Interseccion de 4 direcciones,Sobre el lado de la calle,Ninguna,Dia total,Despejado,No,NO APLICA,99,99,99,99,1,12/07/2022,3
35,New Mexico,350202,0,0,1,0,53,SOCORRO (53),0,NO APLICA,7,Julio,16,2022,12,25,US-60,2,US Highway,Rural,Arteria Principal,State Highway Agency,1,Sin jurisdiccion especial,99998,34.00585833,-106.9866333,Volcadura,El primer evento no fue una colision con un vehiculo automotor en transporte,Not an Intersection,No fue interseccion,Sobre calle,Ninguna,Dia total,Despejado,No,NO APLICA,99,99,99,99,1,16/07/2022,2
35,New Mexico,350203,0,0,1,0,53,SOCORRO (53),760,SOCORRO,7,Julio,17,2022,19,46,I-25,1,Interestatal,Rural,Interestatal,State Highway Agency,1,Sin jurisdiccion especial,99998,34.106675,-106.9017028,Volcadura,El primer evento no fue una colision con un vehiculo automotor en transporte,Not an Intersection,No fue interseccion,Sobre el lado de la calle,Ninguna,Dia total,Despejado,No,NO APLICA,99,99,99,99,1,17/07/2022,1
35,New Mexico,350204,0,0,1,0,15,EDDY (15),50,ARTESIA,7,Julio,16,2022,6,39,US-82,2,US Highway,Urbano,Arteria Menor,State Highway Agency,0,Sin jurisdiccion especial,99998,32.84260556,-104.4228389,Muro,El primer evento no fue una colision con un vehiculo automotor en transporte,Not an Intersection,No fue interseccion,Sobre el lado de la calle,Ninguna,Dia total,Despejado,No,NO APLICA,99,99,99,99,1,16/07/2022,1
35,New Mexico,350205,0,0,2,0,19,GUADALUPE (19),0,NO APLICA,7,Julio,18,2022,0,0,US-54,2,US Highway,Rural,Arteria Principal,State Highway Agency,1,Sin jurisdiccion especial,99998,34.69402222,-105.0763306,Vehiculo en movimiento,Frente a frente,Not an Intersection,No fue interseccion,Sobre calle,Ninguna,Oscuro sin iluminacion,Despejado,No,NO APLICA,99,99,99,99,1,18/07/2022,2
35,New Mexico,350206,1,1,2,0,13,DONA ANA (13),470,LAS CRUCES,7,Julio,18,2022,21,18,I-25,1,Interestatal,Urbano,Interestatal,State Highway Agency,1,Sin jurisdiccion especial,99998,32.31619167,-106.7482,Peaton,El primer evento no fue una colision con un vehiculo automotor en transporte,Not an Intersection,No fue interseccion,Sobre calle,Ninguna,Oscuro con iluminacion,Despejado,No,NO APLICA,99,99,99,99,1,18/07/2022,3
35,New Mexico,350207,0,0,3,2,1,BERNALILLO (1),30,ALBUQUERQUE,7,Julio,9,2022,10,5,ANAHEIM AVE NE,6,Calle Local Municipalidad,Urbano,Local,City or Municipal Highway Agency,0,Sin jurisdiccion especial,99998,35.17871667,-106.5729861,Vehiculo Aparcado,El primer evento no fue una colision con un vehiculo automotor en transporte,Not an Intersection,No fue interseccion,En estacionamiento,Ninguna,Dia total,Despejado,No,NO APLICA,99,99,99,99,1,09/07/2022,1
35,New Mexico,350208,0,0,2,0,1,BERNALILLO (1),30,ALBUQUERQUE,7,Julio,5,2022,14,8,SR-423,3,Highway estatal,Urbano,Arteria Principal,State Highway Agency,1,Sin jurisdiccion especial,99998,35.17465833,-106.5157083,Vehiculo en movimiento,Angulo,Four-Way Intersection,Interseccion de 4 direcciones,Sobre calle,Ninguna,Dia total,Despejado,No,NO APLICA,99,99,99,99,1,05/07/2022,2
35,New Mexico,350209,0,0,1,0,43,SANDOVAL (43),29,ALGODONES,7,Julio,20,2022,3,5,I-25,1,Interestatal,Urbano,Interestatal,State Highway Agency,1,Sin jurisdiccion especial,99998,35.37865556,-106.469275,Soporte de Puente,El primer evento no fue una colision con un vehiculo automotor en transporte,Not an Intersection,No fue interseccion,Sobre el lado de la calle,Ninguna,Oscuro sin iluminacion,Despejado,No,NO APLICA,99,99,99,99,1,20/07/2022,1
35,New Mexico,350210,1,1,1,0,1,BERNALILLO (1),30,ALBUQUERQUE,7,Julio,9,2022,8,54,UNSER BLVD,6,Calle Local Municipalidad,Urbano,Arteria Principal,City or Municipal Highway Agency,0,Sin jurisdiccion especial,99998,35.170275,-106.7213361,Ciclista,El primer evento no fue una colision con un vehiculo automotor en transporte,T-Intersection,Interseccion de T,Sobre el lado de la calle,Ninguna,Dia total,Despejado,No,NO APLICA,99,99,99,99,1,09/07/2022,1
35,New Mexico,350211,1,1,1,0,1,BERNALILLO (1),30,ALBUQUERQUE,7,Julio,4,2022,18,26,CENTRAL AVE,6,Calle Local Municipalidad,Urbano,Arteria Principal,City or Municipal Highway Agency,0,Sin jurisdiccion especial,99998,35.07597222,-106.5687333,Peaton,El primer evento no fue una colision con un vehiculo automotor en transporte,Four-Way Intersection,Interseccion de 4 direcciones,Sobre calle,Ninguna,Dia total,Despejado,No,NO APLICA,99,99,99,99,1,04/07/2022,1
35,New Mexico,350212,0,0,2,0,1,BERNALILLO (1),30,ALBUQUERQUE,7,Julio,22,2022,20,38,EUBANK BLVD,6,Calle Local Municipalidad,Urbano,Arteria Principal,City or Municipal Highway Agency,0,Sin jurisdiccion especial,99998,35.13764444,-106.5332472,Vehiculo en movimiento,Angulo,T-Intersection,Interseccion de T,Sobre calle,Ninguna,Atardecer,Despejado,No,NO APLICA,99,99,99,99,1,22/07/2022,5
35,New Mexico,350213,0,0,2,0,25,LEA (25),410,HOBBS,7,Julio,23,2022,21,58,CR-S WEST COUNTY RD,6,Calle Local Municipalidad,Rural,Arteria Menor,City or Municipal Highway Agency,0,Sin jurisdiccion especial,99998,32.68386111,-103.1793444,Vehiculo en movimiento,Frente a Detrás,Not an Intersection,No fue interseccion,Sobre calle,Ninguna,Oscuro sin iluminacion,Despejado,No,NO APLICA,99,99,99,99,1,23/07/2022,2
35,New Mexico,350214,0,0,1,0,41,ROOSEVELT (41),0,NO APLICA,7,Julio,23,2022,18,9,SR-114,3,Highway estatal,Rural,Colector Mayor,State Highway Agency,0,Sin jurisdiccion especial,99998,33.93799167,-103.1773194,Volcadura,El primer evento no fue una colision con un vehiculo automotor en transporte,Not an Intersection,No fue interseccion,Sobre el lado de la calle,Ninguna,Dia total,Despejado,No,NO APLICA,99,99,99,99,1,23/07/2022,1
35,New Mexico,350215,0,0,1,0,39,RIO ARRIBA (39),0,NO APLICA,7,Julio,23,2022,22,5,US-84,2,US Highway,Rural,Arteria Menor,State Highway Agency,0,Sin jurisdiccion especial,99998,36.23454444,-106.3986222,Volcadura,El primer evento no fue una colision con un vehiculo automotor en transporte,Not an Intersection,No fue interseccion,Sobre el lado de la calle,Ninguna,Oscuro sin iluminacion,Despejado,No,NO APLICA,99,99,99,99,1,23/07/2022,2
35,New Mexico,350216,0,0,2,0,19,GUADALUPE (19),0,NO APLICA,7,Julio,25,2022,8,39,I-40,1,Interestatal,Rural,Interestatal,State Highway Agency,1,Sin jurisdiccion especial,99998,35.04571944,-104.3805028,Vehiculo en movimiento,Frente a frente,Not an Intersection,No fue interseccion,Sobre calle,Ninguna,Dia total,Despejado,No,NO APLICA,99,99,99,99,2,25/07/2022,4
35,New Mexico,350217,0,0,1,0,13,DONA ANA (13),775,SUNLAND PARK,7,Julio,27,2022,5,4,CR-AIRPORT RD,4,Calle del Condado,Urbano,Colector Mayor,County Highway Agency,0,Sin jurisdiccion especial,99998,31.86311667,-106.6458083,Poste,El primer evento no fue una colision con un vehiculo automotor en transporte,Not an Intersection,No fue interseccion,Sobre el lado de la calle,Ninguna,Oscuro con iluminacion,Despejado,No,NO APLICA,99,99,99,99,2,27/07/2022,13
35,New Mexico,350218,0,0,2,0,1,BERNALILLO (1),30,ALBUQUERQUE,7,Julio,14,2022,11,37,SR-45,3,Highway estatal,Urbano,Arteria Principal,State Highway Agency,1,Sin jurisdiccion especial,99998,35.08630556,-106.7108417,Vehiculo en movimiento,Angulo,Four-Way Intersection,Interseccion de 4 direcciones,Sobre calle,Ninguna,Dia total,Despejado,No,NO APLICA,99,99,99,99,1,14/07/2022,2
35,New Mexico,350219,0,0,2,0,15,EDDY (15),0,NO APLICA,7,Julio,29,2022,7,19,US-285,2,US Highway,Rural,Arteria Principal,State Highway Agency,1,Sin jurisdiccion especial,99998,32.31259444,-104.1219611,Vehiculo en movimiento,Angulo,Four-Way Intersection,Interseccion de 4 direcciones,Sobre calle,Ninguna,Dia total,Despejado,No,NO APLICA,99,99,99,99,1,29/07/2022,3
35,New Mexico,350220,0,0,1,0,31,MCKINLEY (31),638,PINEDALE,7,Julio,29,2022,20,44,CR-NAVAJO SERVICE ROUTE 49,4,Calle del Condado,Rural,Colector Menor,Bureau of Indian Affairs,0,Reservacion India,99998,35.61393889,-108.5151333,Volcadura,El primer evento no fue una colision con un vehiculo automotor en transporte,Not an Intersection,No fue interseccion,Sobre el lado de la calle,Ninguna,Oscuro sin iluminacion,lluvia,No,NO APLICA,99,99,99,99,1,29/07/2022,5
35,New Mexico,350221,1,1,1,0,31,MCKINLEY (31),9997,Other,7,Julio,24,2022,0,17,SR-118,3,Highway estatal,Urbano,Arteria Principal,State Highway Agency,0,Sin jurisdiccion especial,99998,35.531225,-108.622375,Peaton,El primer evento no fue una colision con un vehiculo automotor en transporte,Not an Intersection,No fue interseccion,Sobre calle,Ninguna,Oscuro sin iluminacion,lluvia,No,NO APLICA,99,99,99,99,1,24/07/2022,2
35,New Mexico,350222,0,0,1,0,13,DONA ANA (13),470,LAS CRUCES,7,Julio,30,2022,10,9,US-70 RAMP,2,US Highway,Urbano,Arterial Principal -Freeway o ExpressWay,State Highway Agency,1,Sin jurisdiccion especial,99998,32.42128056,-106.6112167,Volcadura,El primer evento no fue una colision con un vehiculo automotor en transporte,Not an Intersection,No fue interseccion,Sobre el lado de la calle,Ninguna,Dia total,Despejado,No,NO APLICA,99,99,99,99,1,30/07/2022,2
35,New Mexico,350223,0,0,2,0,15,EDDY (15),0,NO APLICA,7,Julio,29,2022,3,47,CR-786,4,Calle del Condado,Rural,Local,County Highway Agency,0,Sin jurisdiccion especial,99998,32.16721667,-103.8247417,Vehiculo en movimiento,Frente a frente,Not an Intersection,No fue interseccion,Sobre calle,Ninguna,Oscuro sin iluminacion,Despejado,No,NO APLICA,99,99,99,99,2,29/07/2022,2
35,New Mexico,350224,0,0,1,0,49,SANTA FE (49),710,SANTA FE,7,Julio,17,2022,19,10,PASEO DE PERALTA,6,Calle Local Municipalidad,Urbano,Arteria Menor,City or Municipal Highway Agency,0,Sin jurisdiccion especial,99998,35.68183056,-105.9468194,Banqueta,El primer evento no fue una colision con un vehiculo automotor en transporte,Not an Intersection,No fue interseccion,Sobre el lado de la calle,Ninguna,Dia total,Despejado,No,NO APLICA,99,99,99,99,1,17/07/2022,1
35,New Mexico,350225,0,0,6,0,1,BERNALILLO (1),30,ALBUQUERQUE,7,Julio,21,2022,9,51,YALE BLVD,6,Calle Local Municipalidad,Urbano,Arteria Principal,City or Municipal Highway Agency,1,Sin jurisdiccion especial,99998,35.05840278,-106.6220556,Vehiculo en movimiento,Frente a frente,Four-Way Intersection,Interseccion de 4 direcciones,Sobre calle,Ninguna,Dia total,Despejado,No,NO APLICA,99,99,99,99,2,21/07/2022,6
35,New Mexico,350226,0,0,1,0,39,RIO ARRIBA (39),0,NO APLICA,7,Julio,21,2022,14,7,US-64,2,US Highway,Rural,Arteria Menor,State Highway Agency,0,Sin jurisdiccion especial,99998,36.71266111,-107.2882806,Zanja,El primer evento no fue una colision con un vehiculo automotor en transporte,Not an Intersection,No fue interseccion,Sobre el lado de la calle,Ninguna,Reportada como desconocida,No reportado,No,NO APLICA,99,99,99,99,2,21/07/2022,2
35,New Mexico,350227,0,0,4,0,6,CIBOLA (6),360,GRANTS,7,Julio,20,2022,21,24,ROOSEVELT AVE,6,Calle Local Municipalidad,Urbano,Local,City or Municipal Highway Agency,0,Sin jurisdiccion especial,99998,35.16116389,-107.8256667,Vehiculo en movimiento,Angulo,Not an Intersection,No fue interseccion,Sobre calle,Ninguna,Oscuro con iluminacion,Despejado,No,NO APLICA,99,99,99,99,2,20/07/2022,8
35,New Mexico,350228,1,1,1,0,55,TAOS (55),689,SAN CRISTOBAL,6,Junio,19,2022,21,20,SR-522,3,Highway estatal,Rural,Arteria Menor,State Highway Agency,0,Sin jurisdiccion especial,99998,36.57844167,-105.6672083,Peaton,El primer evento no fue una colision con un vehiculo automotor en transporte,Not an Intersection,No fue interseccion,Sobre calle,Ninguna,Oscuro sin iluminacion,Despejado,No,NO APLICA,99,99,99,99,1,19/06/2022,2
35,New Mexico,350229,0,0,1,0,53,SOCORRO (53),760,SOCORRO,8,Agosto,1,2022,22,22,I-25,1,Interestatal,Rural,Interestatal,State Highway Agency,1,Sin jurisdiccion especial,99998,34.51617778,-106.8062278,Volcadura,El primer evento no fue una colision con un vehiculo automotor en transporte,Not an Intersection,No fue interseccion,Sobre el lado de la calle,Ninguna,Oscuro - iluminacion desconocida,Despejado,No,NO APLICA,99,99,99,99,1,01/08/2022,1