Estado,Nombre de Estado,Numero de Caso,Peatones,Personas _no_vehiculos,Vehiculos automotores,Vehiculos estacionados,Condado,Nombre Condado,Ciudad,Nombre Ciudad,Mes,Nombre Mes,Dia,Año,Hora,Minuto,Calle,Ruta,Nombre Ruta,Rural o Urbanoo,Sistema Funcional,Dueño Calle,Sistema Nacional Carreteras,Jurisdiccion Especial,Milla,Latitud,Longitud,Causa del Accidente,Tipo de Accidente,Tipo Interseccion,Columna1,Lugar en la calle,Zona de Trabajo,Luz,Clima,Autobus Escolar,Cruce de Trenes,Hora Notificacion,Minuto Notificacion,Hora Llegada,Minuto Llegada,Decesos,Fecha,PersonaVehiculo
35,New Mexico,350230,0,0,1,0,47,SAN MIGUEL (47),0,NO APLICA,8,Agosto,1,2022,21,21,SR-104,3,Highway estatal,Rural,Colector Mayor,State Highway Agency,0,Sin jurisdiccion especial,99998,35.25205,-103.8166806,Animal vivo,El primer evento no fue una colision con un vehiculo automotor en transporte,Not an Intersection,No fue interseccion,Sobre calle,Ninguna,Oscuro sin iluminacion,Despejado,No,NO APLICA,99,99,99,99,1,01/08/2022,1
35,New Mexico,350231,0,0,2,0,6,CIBOLA (6),0,NO APLICA,8,Agosto,2,2022,5,12,I-40,1,Interestatal,Urbano,Interestatal,State Highway Agency,1,Sin jurisdiccion especial,99998,35.18710278,-107.9042611,Vehiculo en movimiento,Frente a Detrás,Not an Intersection,No fue interseccion,Sobre calle,Ninguna,Dia total,Despejado,No,NO APLICA,99,99,99,99,1,02/08/2022,12
35,New Mexico,350232,1,1,1,0,1,BERNALILLO (1),30,ALBUQUERQUE,8,Agosto,3,2022,5,7,I-40,1,Interestatal,Urbano,Interestatal,State Highway Agency,1,Sin jurisdiccion especial,99998,35.10423333,-106.5973444,Peaton,El primer evento no fue una colision con un vehiculo automotor en transporte,Not an Intersection,No fue interseccion,Sobre calle,Ninguna,Oscuro con iluminacion,Despejado,No,NO APLICA,99,99,99,99,1,03/08/2022,1
35,New Mexico,350233,0,0,1,0,7,COLFAX (7),0,NO APLICA,8,Agosto,3,2022,11,9,I-25,1,Interestatal,Rural,Interestatal,State Highway Agency,1,Sin jurisdiccion especial,99998,36.70430833,-104.4804306,Valla Ferrocarril,El primer evento no fue una colision con un vehiculo automotor en transporte,Not an Intersection,No fue interseccion,Sobre el lado de la calle,Ninguna,Dia total,Despejado,No,NO APLICA,99,99,99,99,1,03/08/2022,3
35,New Mexico,350234,0,0,1,0,17,GRANT (17),750,SILVER CITY,8,Agosto,6,2022,19,6,ROSEDALE RD,6,Calle Local Municipalidad,Urbano,Colector Mayor,City or Municipal Highway Agency,0,Sin jurisdiccion especial,99998,32.780825,-108.2517306,Arbol,El primer evento no fue una colision con un vehiculo automotor en transporte,Not an Intersection,No fue interseccion,Sobre el lado de la calle,Ninguna,Dia total,Despejado,No,NO APLICA,99,99,99,99,1,06/08/2022,1
35,New Mexico,350235,0,0,3,0,1,BERNALILLO (1),9997,Other,8,Agosto,10,2022,5,43,BIA-0056,9,Desconocido,Rural,Colector Mayor,Bureau of Indian Affairs,0,Reservacion India,99998,35.06373333,-107.0991444,Vehiculo en movimiento,Golpe Lateral - misma direccion,Not an Intersection,No fue interseccion,Sobre calle,Ninguna,Dia total,Despejado,No,NO APLICA,99,99,99,99,1,10/08/2022,4
35,New Mexico,350236,0,0,2,1,41,ROOSEVELT (41),640,PORTALES,8,Agosto,10,2022,16,20,SR-88,3,Highway estatal,Rural,Colector Mayor,State Highway Agency,0,Sin jurisdiccion especial,99998,34.14246389,-103.248025,Vehiculo Aparcado,El primer evento no fue una colision con un vehiculo automotor en transporte,Not an Intersection,No fue interseccion,Sobre el lado de la calle,"Infraestructura (luz, agua, etc)",Dia total,Despejado,No,NO APLICA,99,99,99,99,1,10/08/2022,1
35,New Mexico,350237,0,0,1,0,25,LEA (25),410,HOBBS,8,Agosto,11,2022,0,17,S WEST COUNTY RD,6,Calle Local Municipalidad,Rural,Arteria Menor,City or Municipal Highway Agency,0,Sin jurisdiccion especial,99998,32.66883056,-103.1782611,Valla Ferrocarril,El primer evento no fue una colision con un vehiculo automotor en transporte,Not an Intersection,No fue interseccion,Sobre el lado de la calle,Ninguna,Oscuro sin iluminacion,Despejado,No,NO APLICA,99,98,99,98,1,11/08/2022,1
35,New Mexico,350238,0,0,2,0,25,LEA (25),0,NO APLICA,8,Agosto,11,2022,20,10,SR-128,3,Highway estatal,Rural,Colector Mayor,State Highway Agency,0,Sin jurisdiccion especial,99998,32.21035556,-103.5921278,Vehiculo en movimiento,Frente a frente,Not an Intersection,No fue interseccion,Sobre calle,Ninguna,Oscuro sin iluminacion,Nublado,No,NO APLICA,99,99,99,99,1,11/08/2022,2
35,New Mexico,350239,0,0,1,0,37,QUAY (37),0,NO APLICA,8,Agosto,13,2022,16,55,CR- QUAY RD AI,4,Calle del Condado,Rural,Local,County Highway Agency,0,Sin jurisdiccion especial,99998,35.22597222,-103.6135,Volcadura,El primer evento no fue una colision con un vehiculo automotor en transporte,Not an Intersection,No fue interseccion,Sobre el lado de la calle,Ninguna,Dia total,Despejado,No,NO APLICA,99,98,99,98,1,13/08/2022,1
35,New Mexico,350240,0,0,1,0,53,SOCORRO (53),0,NO APLICA,8,Agosto,13,2022,12,30,I-25,1,Interestatal,Rural,Interestatal,State Highway Agency,1,Sin jurisdiccion especial,99998,34.25413056,-106.9084444,Volcadura,El primer evento no fue una colision con un vehiculo automotor en transporte,Not an Intersection,No fue interseccion,Sobre el lado de la calle,Ninguna,Dia total,Despejado,No,NO APLICA,99,99,99,99,1,13/08/2022,5
35,New Mexico,350241,1,1,1,0,41,ROOSEVELT (41),640,PORTALES,8,Agosto,18,2022,12,0,CR-S ROOSEVELT RD H,4,Calle del Condado,Rural,Local,County Highway Agency,0,Sin jurisdiccion especial,99998,34.11097222,-103.1653917,Peaton,El primer evento no fue una colision con un vehiculo automotor en transporte,Not an Intersection,No fue interseccion,Sobre Acotamiento,Ninguna,Dia total,lluvia,No,NO APLICA,99,99,99,99,1,18/08/2022,1
35,New Mexico,350242,0,0,2,0,9,CURRY (9),190,CLOVIS,8,Agosto,20,2022,18,30,CR-CURRY RD K,4,Calle del Condado,Rural,Local,County Highway Agency,0,Sin jurisdiccion especial,99998,34.462975,-103.2140361,Vehiculo en movimiento,Angulo,Y-Intersection,Interseccion de Y,Sobre calle,Ninguna,Dia total,lluvia,No,NO APLICA,99,99,99,99,1,20/08/2022,5
35,New Mexico,350243,0,0,2,0,49,SANTA FE (49),710,SANTA FE,8,Agosto,19,2022,14,6,SR-300,3,Highway estatal,Urbano,Arteria Principal,State Highway Agency,1,Sin jurisdiccion especial,99998,35.638225,-106.0147139,Vehiculo en movimiento,Angulo,Not an Intersection,No fue interseccion,Sobre calle,Ninguna,Dia total,Despejado,No,NO APLICA,99,99,99,99,1,19/08/2022,2
35,New Mexico,350244,1,1,1,0,1,BERNALILLO (1),30,ALBUQUERQUE,8,Agosto,21,2022,4,38,CENTRAL AVE,6,Calle Local Municipalidad,Urbano,Arteria Principal,City or Municipal Highway Agency,0,Sin jurisdiccion especial,99998,35.09534722,-106.6718917,Peaton,El primer evento no fue una colision con un vehiculo automotor en transporte,Not an Intersection,No fue interseccion,Sobre el lado de la calle,Ninguna,Oscuro con iluminacion,Despejado,No,NO APLICA,99,99,99,99,1,21/08/2022,1
35,New Mexico,350245,0,0,1,0,37,QUAY (37),0,NO APLICA,8,Agosto,25,2022,12,14,I-40,1,Interestatal,Rural,Interestatal,State Highway Agency,1,Sin jurisdiccion especial,99998,35.14533889,-103.1871722,Volcadura,El primer evento no fue una colision con un vehiculo automotor en transporte,Not an Intersection,No fue interseccion,Sobre el lado de la calle,Ninguna,Dia total,Despejado,No,NO APLICA,99,99,99,99,1,25/08/2022,6
35,New Mexico,350246,1,1,1,0,57,TORRANCE (57),0,NO APLICA,8,Agosto,25,2022,20,49,SR-41,3,Highway estatal,Rural,Arteria Menor,State Highway Agency,0,Sin jurisdiccion especial,99998,34.85524167,-106.0533,Peaton,El primer evento no fue una colision con un vehiculo automotor en transporte,Not an Intersection,No fue interseccion,Sobre Acotamiento,Ninguna,Oscuro sin iluminacion,Despejado,No,NO APLICA,99,99,99,99,1,25/08/2022,5
35,New Mexico,350247,0,0,1,0,19,GUADALUPE (19),730,SANTA ROSA,8,Agosto,26,2022,2,20,I-40,1,Interestatal,Rural,Interestatal,State Highway Agency,1,Sin jurisdiccion especial,99998,34.94523056,-104.6547111,Volcadura,El primer evento no fue una colision con un vehiculo automotor en transporte,Not an Intersection,No fue interseccion,Sobre el lado de la calle,Ninguna,Oscuro sin iluminacion,Despejado,No,NO APLICA,99,99,99,99,1,26/08/2022,1
35,New Mexico,350248,0,0,2,0,25,LEA (25),410,HOBBS,8,Agosto,26,2022,16,36,US-62,2,US Highway,Rural,Arteria Principal,State Highway Agency,1,Sin jurisdiccion especial,99998,32.69478056,-103.3841889,Vehiculo en movimiento,Angulo,T-Intersection,Interseccion de T,Sobre calle,Ninguna,Dia total,Despejado,No,NO APLICA,99,99,99,99,1,26/08/2022,5
35,New Mexico,350249,0,0,2,0,49,SANTA FE (49),710,SANTA FE,8,Agosto,29,2022,18,58,SR-14,3,Highway estatal,Urbano,Arteria Principal,State Highway Agency,1,Sin jurisdiccion especial,99998,35.66253056,-105.9772806,Vehiculo en movimiento,Angulo,Four-Way Intersection,Interseccion de 4 direcciones,Sobre calle,Ninguna,Dia total,Despejado,No,NO APLICA,99,99,99,99,1,29/08/2022,2
35,New Mexico,350250,1,1,1,0,1,BERNALILLO (1),30,ALBUQUERQUE,8,Agosto,30,2022,23,47,I-40,1,Interestatal,Urbano,Interestatal,State Highway Agency,1,Sin jurisdiccion especial,99998,35.10126389,-106.5776611,Peaton,El primer evento no fue una colision con un vehiculo automotor en transporte,Not an Intersection,No fue interseccion,Sobre calle,Ninguna,Oscuro con iluminacion,Despejado,No,NO APLICA,99,98,99,98,1,30/08/2022,1
35,New Mexico,350251,0,0,1,0,39,RIO ARRIBA (39),155,CHAMA,8,Agosto,29,2022,17,41,US-64,2,US Highway,Rural,Colector Mayor,State Highway Agency,0,Sin jurisdiccion especial,99998,36.69068056,-106.3567611,Volcadura,El primer evento no fue una colision con un vehiculo automotor en transporte,Not an Intersection,No fue interseccion,Sobre el lado de la calle,Ninguna,Dia total,Despejado,No,NO APLICA,99,99,99,99,1,29/08/2022,2
35,New Mexico,350252,0,0,2,1,39,RIO ARRIBA (39),406,HERNANDEZ,8,Agosto,11,2022,13,30,US-84,2,US Highway,Urbano,Arteria Principal,State Highway Agency,1,Reservacion India,99998,36.05853889,-106.1179917,Vehiculo Aparcado,El primer evento no fue una colision con un vehiculo automotor en transporte,Not an Intersection,No fue interseccion,Fuera de la calle,Ninguna,Dia total,Despejado,No,NO APLICA,99,99,99,99,1,11/08/2022,1
35,New Mexico,350253,1,1,1,0,1,BERNALILLO (1),30,ALBUQUERQUE,8,Agosto,4,2022,21,7,ISLETA BLVD,6,Calle Local Municipalidad,Urbano,Arteria Principal,County Highway Agency,0,Sin jurisdiccion especial,99998,34.95180833,-106.6945583,Peaton,El primer evento no fue una colision con un vehiculo automotor en transporte,Not an Intersection,No fue interseccion,Sobre calle,Ninguna,Oscuro con iluminacion,Despejado,No,NO APLICA,99,99,99,99,1,04/08/2022,5
35,New Mexico,350254,0,0,2,0,41,ROOSEVELT (41),640,PORTALES,8,Agosto,16,2022,23,18,SR-206,3,Highway estatal,Urbano,Arteria Menor,State Highway Agency,0,Sin jurisdiccion especial,99998,34.17138611,-103.3349472,Vehiculo en movimiento,Angulo,Four-Way Intersection,Interseccion de 4 direcciones,Sobre calle,Ninguna,Oscuro con iluminacion,Despejado,No,NO APLICA,99,99,99,99,1,16/08/2022,4
35,New Mexico,350255,1,1,1,0,13,DONA ANA (13),649,RADIUM SPRINGS,8,Agosto,17,2022,6,13,SR-185,3,Highway estatal,Rural,Colector Mayor,State Highway Agency,0,Sin jurisdiccion especial,99998,32.45559722,-106.8923694,Ciclista,El primer evento no fue una colision con un vehiculo automotor en transporte,Not an Intersection,No fue interseccion,Sobre calle,Ninguna,Oscuro sin iluminacion,lluvia,No,NO APLICA,99,98,99,98,1,17/08/2022,1
35,New Mexico,350256,1,1,1,0,1,BERNALILLO (1),30,ALBUQUERQUE,8,Agosto,9,2022,3,3,CENTRAL AVE,6,Calle Local Municipalidad,Urbano,Arteria Principal,City or Municipal Highway Agency,0,Sin jurisdiccion especial,99998,35.08125556,-106.7049139,Peaton,El primer evento no fue una colision con un vehiculo automotor en transporte,Four-Way Intersection,Interseccion de 4 direcciones,Sobre calle,Ninguna,Oscuro sin iluminacion,Despejado,No,NO APLICA,99,99,99,99,1,09/08/2022,1
35,New Mexico,350257,0,0,2,0,1,BERNALILLO (1),30,ALBUQUERQUE,8,Agosto,18,2022,2,45,MENAUL BLVD,6,Calle Local Municipalidad,Urbano,Arteria Principal,City or Municipal Highway Agency,0,Sin jurisdiccion especial,99998,35.109375,-106.6042528,Vehiculo en movimiento,Angulo,Four-Way Intersection,Interseccion de 4 direcciones,Sobre calle,Ninguna,Oscuro con iluminacion,Despejado,No,NO APLICA,99,99,99,99,1,18/08/2022,3
35,New Mexico,350258,0,0,2,0,31,MCKINLEY (31),0,NO APLICA,8,Agosto,15,2022,18,12,I-40,1,Interestatal,Urbano,Interestatal,State Highway Agency,1,Sin jurisdiccion especial,99998,35.53152222,-108.6359944,Vehiculo en movimiento,Angulo,Not an Intersection,No fue interseccion,Sobre calle,Ninguna,Dia total,lluvia,No,NO APLICA,99,99,99,99,1,15/08/2022,3
35,New Mexico,350259,0,0,3,0,1,BERNALILLO (1),30,ALBUQUERQUE,8,Agosto,23,2022,21,19,I-40,1,Interestatal,Urbano,Interestatal,State Highway Agency,1,Sin jurisdiccion especial,99998,35.10441389,-106.6018583,Vehiculo en movimiento,Frente a Detrás,Not an Intersection,No fue interseccion,Sobre calle,Ninguna,Oscuro con iluminacion,Despejado,No,NO APLICA,99,99,99,99,1,23/08/2022,5
35,New Mexico,350260,0,0,2,0,45,SAN JUAN (45),310,FARMINGTON,8,Agosto,27,2022,1,7,SR-371,3,Highway estatal,Rural,Arteria Principal,State Highway Agency,0,Reservacion India,99998,36.53781667,-108.2338972,Vehiculo en movimiento,Frente a frente,Not an Intersection,No fue interseccion,Sobre calle,Ninguna,Oscuro sin iluminacion,Despejado,No,NO APLICA,99,99,99,99,2,27/08/2022,3
35,New Mexico,350261,0,0,1,0,1,BERNALILLO (1),30,ALBUQUERQUE,8,Agosto,16,2022,20,50,UNIVERSITY BLVD,6,Calle Local Municipalidad,Urbano,Colector Mayor,City or Municipal Highway Agency,0,Sin jurisdiccion especial,99998,35.02106944,-106.6360917,Banqueta,El primer evento no fue una colision con un vehiculo automotor en transporte,Not an Intersection,No fue interseccion,Sobre el lado de la calle,Ninguna,Oscuro sin iluminacion,Despejado,No,NO APLICA,99,99,99,99,1,16/08/2022,2
35,New Mexico,350262,0,0,1,0,41,ROOSEVELT (41),640,PORTALES,8,Agosto,20,2022,23,51,BOXWOOD CIRCLE,6,Calle Local Municipalidad,Urbano,Local,City or Municipal Highway Agency,0,Sin jurisdiccion especial,99998,34.18124444,-103.3632306,Buzon de correo,El primer evento no fue una colision con un vehiculo automotor en transporte,Not an Intersection,No fue interseccion,Sobre el lado de la calle,Ninguna,Oscuro con iluminacion,lluvia,No,NO APLICA,99,99,99,99,1,20/08/2022,1
35,New Mexico,350263,0,0,2,0,15,EDDY (15),0,NO APLICA,8,Agosto,22,2022,17,55,US-285,2,US Highway,Rural,Arteria Principal,State Highway Agency,1,Sin jurisdiccion especial,99998,32.76971944,-104.3954778,Vehiculo en movimiento,Angulo,Four-Way Intersection,Interseccion de 4 direcciones,Sobre calle,Ninguna,Dia total,Despejado,No,NO APLICA,99,99,99,99,1,22/08/2022,4
35,New Mexico,350264,0,0,2,0,31,MCKINLEY (31),9997,Other,3,Marzo,9,2022,18,17,BIA-49,9,Desconocido,Rural,Colector Menor,Bureau of Indian Affairs,0,Reservacion India,99998,35.58088056,-108.3267917,Vehiculo en movimiento,Frente a frente,Not an Intersection,No fue interseccion,Sobre calle,Ninguna,Dia total,Despejado,No,NO APLICA,99,99,99,99,1,09/03/2022,3
35,New Mexico,350265,0,0,1,0,25,LEA (25),0,NO APLICA,3,Marzo,28,2022,15,50,SR-18,3,Highway estatal,Rural,Arteria Principal,State Highway Agency,0,Sin jurisdiccion especial,99998,32.89865556,-103.3160222,Vehiculo Ferrocarril,El primer evento no fue una colision con un vehiculo automotor en transporte,Not an Intersection,No fue interseccion,Sobre el lado de la calle,Ninguna,Dia total,Despejado,No,NO APLICA,99,99,99,99,2,28/03/2022,2
35,New Mexico,350266,1,1,1,0,45,SAN JUAN (45),741,SHEEP SPRINGS,3,Marzo,31,2022,20,3,US-491,2,US Highway,Rural,Arteria Principal,State Highway Agency,1,Reservacion India,99998,36.18871389,-108.7113139,Peaton,El primer evento no fue una colision con un vehiculo automotor en transporte,Four-Way Intersection,Interseccion de 4 direcciones,Sobre calle,Ninguna,Oscuro sin iluminacion,Vientos cruzados pero de los mamalones,No,NO APLICA,99,99,99,99,1,31/03/2022,5
35,New Mexico,350267,0,0,1,0,53,SOCORRO (53),0,NO APLICA,4,Abril,9,2022,3,54,I-25,1,Interestatal,Rural,Interestatal,State Highway Agency,1,Sin jurisdiccion especial,99998,33.90975833,-106.883525,Arbusto,El primer evento no fue una colision con un vehiculo automotor en transporte,Not an Intersection,No fue interseccion,Sobre el lado de la calle,Ninguna,Oscuro - iluminacion desconocida,Despejado,No,NO APLICA,99,99,99,99,1,09/04/2022,2
35,New Mexico,350268,0,0,1,0,31,MCKINLEY (31),159,CHURCH ROCK,4,Abril,26,2022,17,34,CR-15,4,Calle del Condado,Rural,Local,County Highway Agency,0,Reservacion India,99998,35.60770556,-108.5360194,Volcadura,El primer evento no fue una colision con un vehiculo automotor en transporte,Not an Intersection,No fue interseccion,Sobre el lado de la calle,Ninguna,Dia total,Despejado,No,NO APLICA,99,99,99,99,1,26/04/2022,1
35,New Mexico,350269,0,0,2,0,13,DONA ANA (13),596,MESQUITE,5,Mayo,26,2022,10,3,SR-228,3,Highway estatal,Rural,Colector Mayor,State Highway Agency,0,Sin jurisdiccion especial,99998,32.16527778,-106.6890611,Vehiculo en movimiento,Angulo,Not an Intersection,No fue interseccion,Sobre calle,Ninguna,Dia total,Despejado,No,NO APLICA,99,99,99,99,1,26/05/2022,2
35,New Mexico,350270,1,1,1,0,31,MCKINLEY (31),9997,Other,5,Mayo,4,2022,21,43,BIA-7062,9,Desconocido,Rural,Local,Bureau of Indian Affairs,0,Reservacion India,99998,35.37674444,-108.6758,Peaton,El primer evento no fue una colision con un vehiculo automotor en transporte,Not an Intersection,No fue interseccion,"Fuera de la calle, ubicacion desconocida",Ninguna,Oscuro - iluminacion desconocida,No reportado,No,NO APLICA,99,99,99,99,1,04/05/2022,1
35,New Mexico,350271,0,0,2,0,37,QUAY (37),614,NARA VISA,7,Julio,30,2022,20,4,US-54,2,US Highway,Rural,Arteria Principal,State Highway Agency,1,Sin jurisdiccion especial,99998,35.60713333,-103.1009083,Vehiculo en movimiento,Angulo,Four-Way Intersection,Interseccion de 4 direcciones,Sobre calle,Ninguna,Oscuro sin iluminacion,lluvia,No,NO APLICA,99,99,99,99,1,30/07/2022,2
35,New Mexico,350272,1,1,1,0,1,BERNALILLO (1),30,ALBUQUERQUE,9,Septiembre,1,2022,2,30,I-25 RAMP,1,Interestatal,Urbano,Interestatal,State Highway Agency,1,Sin jurisdiccion especial,99998,35.05958056,-106.63835,Peaton,El primer evento no fue una colision con un vehiculo automotor en transporte,Not an Intersection,No fue interseccion,Sobre calle,Ninguna,Oscuro sin iluminacion,Despejado,No,NO APLICA,99,99,99,99,1,01/09/2022,1
35,New Mexico,350273,1,1,1,0,29,LUNA (29),0,NO APLICA,9,Septiembre,1,2022,6,24,I-10,1,Interestatal,Rural,Interestatal,State Highway Agency,1,Sin jurisdiccion especial,99998,32.251575,-107.9148583,Peaton,El primer evento no fue una colision con un vehiculo automotor en transporte,Not an Intersection,No fue interseccion,Sobre Acotamiento,Ninguna,Amanecer,Despejado,No,NO APLICA,99,99,99,99,1,01/09/2022,1
35,New Mexico,350274,0,0,1,0,43,SANDOVAL (43),0,NO APLICA,9,Septiembre,1,2022,21,48,SR-197,3,Highway estatal,Rural,Colector Mayor,State Highway Agency,0,Sin jurisdiccion especial,99998,36.0022,-106.9889389,Buzon de correo,El primer evento no fue una colision con un vehiculo automotor en transporte,Not an Intersection,No fue interseccion,Sobre el lado de la calle,Ninguna,Oscuro sin iluminacion,Despejado,No,NO APLICA,99,99,99,99,1,01/09/2022,1
35,New Mexico,350275,0,0,2,0,57,TORRANCE (57),0,NO APLICA,9,Septiembre,5,2022,21,9,US-285,2,US Highway,Rural,Arteria Principal,State Highway Agency,1,Sin jurisdiccion especial,99998,35.00730278,-105.6635556,Vehiculo en movimiento,Angulo,Four-Way Intersection,Interseccion de 4 direcciones,Sobre calle,Ninguna,Oscuro sin iluminacion,Despejado,No,NO APLICA,99,99,99,99,1,05/09/2022,3
35,New Mexico,350276,0,0,1,0,29,LUNA (29),230,DEMING,9,Septiembre,4,2022,21,7,CR-HERMANAS RD,4,Calle del Condado,Rural,Local,County Highway Agency,0,Sin jurisdiccion especial,99998,32.12407222,-107.8201194,Volcadura,El primer evento no fue una colision con un vehiculo automotor en transporte,Four-Way Intersection,Interseccion de 4 direcciones,Sobre el lado de la calle,Ninguna,Oscuro con iluminacion,Despejado,No,NO APLICA,99,99,99,99,1,04/09/2022,1
35,New Mexico,350277,0,0,2,0,1,BERNALILLO (1),30,ALBUQUERQUE,9,Septiembre,5,2022,3,5,BRIDGE BLVD,6,Calle Local Municipalidad,Urbano,Colector Mayor,County Highway Agency,0,Sin jurisdiccion especial,99998,35.06629722,-106.691825,Vehiculo en movimiento,Angulo,Four-Way Intersection,Interseccion de 4 direcciones,Sobre calle,Ninguna,Oscuro con iluminacion,Despejado,No,NO APLICA,99,99,99,99,2,05/09/2022,6
35,New Mexico,350278,0,1,2,1,45,SAN JUAN (45),0,NO APLICA,9,Septiembre,1,2022,15,16,US-64,2,US Highway,Rural,Arteria Principal,State Highway Agency,1,Sin jurisdiccion especial,99998,36.76002778,-108.500225,Vehiculo Funcionando,El primer evento no fue una colision con un vehiculo automotor en transporte,Not an Intersection,No fue interseccion,Sobre calle,Mantenimiento,Dia total,Despejado,No,NO APLICA,99,99,99,99,1,01/09/2022,2
35,New Mexico,350279,0,0,2,0,1,BERNALILLO (1),30,ALBUQUERQUE,9,Septiembre,7,2022,15,25,SR-345,3,Highway estatal,Urbano,Arteria Principal,State Highway Agency,0,Sin jurisdiccion especial,99998,35.09179444,-106.72995,Vehiculo en movimiento,Angulo,T-Intersection,Interseccion de T,Sobre calle,Ninguna,Dia total,Despejado,No,NO APLICA,99,99,99,99,1,07/09/2022,3
35,New Mexico,350280,1,1,1,0,57,TORRANCE (57),0,NO APLICA,9,Septiembre,7,2022,11,7,US-285,2,US Highway,Rural,Arteria Principal,State Highway Agency,1,Sin jurisdiccion especial,99998,34.95211944,-105.6330833,Ciclista,El primer evento no fue una colision con un vehiculo automotor en transporte,Not an Intersection,No fue interseccion,Sobre Acotamiento,Ninguna,Dia total,Despejado,No,NO APLICA,99,99,99,99,1,07/09/2022,1
35,New Mexico,350281,0,0,4,0,43,SANDOVAL (43),706,SANTA ANA PUEBLO,9,Septiembre,10,2022,21,42,US-550,2,US Highway,Rural,Arteria Principal,State Highway Agency,1,Reservacion India,99998,35.42205833,-106.6469972,Vehiculo en movimiento,Frente a Detrás,Not an Intersection,No fue interseccion,Sobre calle,Ninguna,Oscuro sin iluminacion,Despejado,No,NO APLICA,99,99,99,99,2,10/09/2022,5
35,New Mexico,350282,0,0,2,0,1,BERNALILLO (1),30,ALBUQUERQUE,9,Septiembre,4,2022,19,19,CONSTITUTION AVE,6,Calle Local Municipalidad,Urbano,Colector Mayor,City or Municipal Highway Agency,0,Sin jurisdiccion especial,99998,35.09463889,-106.5511833,Vehiculo en movimiento,Angulo,Four-Way Intersection,Interseccion de 4 direcciones,Sobre calle,Ninguna,Atardecer,Despejado,No,NO APLICA,99,99,99,99,1,04/09/2022,2
35,New Mexico,350283,0,0,1,0,1,BERNALILLO (1),30,ALBUQUERQUE,9,Septiembre,11,2022,1,26,PARADISE BLVD,6,Calle Local Municipalidad,Urbano,Arteria Menor,City or Municipal Highway Agency,0,Sin jurisdiccion especial,99998,35.195975,-106.7081361,Algún evento nocivo sin detalles,El primer evento no fue una colision con un vehiculo automotor en transporte,Not an Intersection,No fue interseccion,Sobre calle,Ninguna,Oscuro sin iluminacion,Despejado,No,NO APLICA,99,99,99,99,1,11/09/2022,1
35,New Mexico,350284,0,0,1,0,25,LEA (25),410,HOBBS,9,Septiembre,8,2022,7,52,SR-18,3,Highway estatal,Rural,Arteria Principal,State Highway Agency,0,Sin jurisdiccion especial,99998,32.78296389,-103.2027722,Poste de Señal de trafico,El primer evento no fue una colision con un vehiculo automotor en transporte,Not an Intersection,No fue interseccion,Sobre el lado de la calle,Ninguna,Dia total,Despejado,No,NO APLICA,99,99,99,99,1,08/09/2022,1
35,New Mexico,350285,0,0,1,0,57,TORRANCE (57),0,NO APLICA,9,Septiembre,13,2022,16,12,I-40,1,Interestatal,Rural,Interestatal,State Highway Agency,1,Sin jurisdiccion especial,99998,35.00605,-105.5257222,Volcadura,El primer evento no fue una colision con un vehiculo automotor en transporte,Not an Intersection,No fue interseccion,Sobre calle,Ninguna,Dia total,Despejado,No,NO APLICA,99,99,99,99,1,13/09/2022,1
35,New Mexico,350286,0,0,2,0,41,ROOSEVELT (41),640,PORTALES,9,Septiembre,8,2022,9,30,SR-236,3,Highway estatal,Rural,Colector Mayor,State Highway Agency,0,Sin jurisdiccion especial,99998,34.21451389,-103.439175,Vehiculo en movimiento,Angulo,Not an Intersection,No fue interseccion,Sobre calle,Ninguna,Dia total,Despejado,No,NO APLICA,99,99,99,99,1,08/09/2022,2
35,New Mexico,350287,0,0,2,0,15,EDDY (15),0,NO APLICA,9,Septiembre,15,2022,10,20,CR-711,4,Calle del Condado,Rural,Local,County Highway Agency,0,Sin jurisdiccion especial,99998,32.31263611,-104.1522722,Vehiculo en movimiento,Angulo,Four-Way Intersection,Interseccion de 4 direcciones,Sobre calle,Ninguna,Dia total,Despejado,No,NO APLICA,99,99,99,99,2,15/09/2022,5
35,New Mexico,350288,0,0,2,0,1,BERNALILLO (1),30,ALBUQUERQUE,9,Septiembre,16,2022,23,15,SR-45,3,Highway estatal,Urbano,Arteria Principal,State Highway Agency,1,Sin jurisdiccion especial,99998,35.12130278,-106.70155,Vehiculo en movimiento,Angulo,Four-Way Intersection,Interseccion de 4 direcciones,Sobre calle,Ninguna,Oscuro con iluminacion,Despejado,No,NO APLICA,99,99,99,99,1,16/09/2022,3
35,New Mexico,350289,0,0,2,0,5,CHAVES (5),670,ROSWELL,9,Septiembre,18,2022,2,27,US-70/285,2,US Highway,Urbano,Arteria Principal,City or Municipal Highway Agency,1,Sin jurisdiccion especial,99998,33.43625278,-104.5230556,Vehiculo en movimiento,Angulo,Four-Way Intersection,Interseccion de 4 direcciones,Sobre calle,Ninguna,Oscuro con iluminacion,Despejado,No,NO APLICA,99,99,99,99,3,18/09/2022,3
35,New Mexico,350290,1,1,1,0,1,BERNALILLO (1),30,ALBUQUERQUE,9,Septiembre,17,2022,20,39,SAN MATEO BLVD,6,Calle Local Municipalidad,Urbano,Arteria Principal,City or Municipal Highway Agency,0,Sin jurisdiccion especial,99998,35.09472222,-106.5863472,Peaton,El primer evento no fue una colision con un vehiculo automotor en transporte,Four-Way Intersection,Interseccion de 4 direcciones,Sobre calle,Ninguna,Oscuro con iluminacion,Despejado,No,NO APLICA,99,99,99,99,1,17/09/2022,2