Estado,Nombre de Estado,Numero de Caso,Peatones,Personas _no_vehiculos,Vehiculos automotores,Vehiculos estacionados,Condado,Nombre Condado,Ciudad,Nombre Ciudad,Mes,Nombre Mes,Dia,Año,Hora,Minuto,Calle,Ruta,Nombre Ruta,Rural o Urbanoo,Sistema Funcional,Dueño Calle,Sistema Nacional Carreteras,Jurisdiccion Especial,Milla,Latitud,Longitud,Causa del Accidente,Tipo de Accidente,Tipo Interseccion,Columna1,Lugar en la calle,Zona de Trabajo,Luz,Clima,Autobus Escolar,Cruce de Trenes,Hora Notificacion,Minuto Notificacion,Hora Llegada,Minuto Llegada,Decesos,Fecha,PersonaVehiculo
35,New Mexico,350291,1,1,1,0,1,BERNALILLO (1),30,ALBUQUERQUE,9,Septiembre,12,2022,9,34,8315 MONTGOMERY,6,Calle Local Municipalidad,Urbano,Local,City or Municipal Highway Agency,0,Sin jurisdiccion especial,99998,35.13084167,-106.5526333,Peaton,El primer evento no fue una colision con un vehiculo automotor en transporte,Not an Intersection,No fue interseccion,Sobre calle,Ninguna,Dia total,Despejado,No,NO APLICA,99,99,99,99,1,12/09/2022,1
35,New Mexico,350292,0,0,2,0,25,LEA (25),410,HOBBS,9,Septiembre,16,2022,14,0,SR-18,3,Highway estatal,Urbano,Arteria Principal,State Highway Agency,0,Sin jurisdiccion especial,99998,32.72581389,-103.1466389,Vehiculo en movimiento,Angulo,Four-Way Intersection,Interseccion de 4 direcciones,Sobre calle,Ninguna,Dia total,Despejado,No,NO APLICA,99,99,99,99,1,16/09/2022,2
35,New Mexico,350293,0,0,3,0,1,BERNALILLO (1),30,ALBUQUERQUE,9,Septiembre,6,2022,17,19,RIO GRANDE BLVD,6,Calle Local Municipalidad,Urbano,Arteria Menor,City or Municipal Highway Agency,0,Sin jurisdiccion especial,99998,35.11841111,-106.6755,Vehiculo en movimiento,Frente a frente,T-Intersection,Interseccion de T,Sobre calle,Ninguna,Dia total,Despejado,No,NO APLICA,99,99,99,99,1,06/09/2022,3
35,New Mexico,350294,0,0,1,0,31,MCKINLEY (31),0,NO APLICA,9,Septiembre,18,2022,11,45,FOREST RD 239,9,Desconocido,Rural,Local,Private (other than Railroad),0,Sin jurisdiccion especial,99998,35.34932778,-107.576375,Volcadura,El primer evento no fue una colision con un vehiculo automotor en transporte,Not an Intersection,No fue interseccion,Sobre calle,Ninguna,Dia total,Despejado,No,NO APLICA,99,98,99,98,1,18/09/2022,2
35,New Mexico,350295,0,0,1,0,49,SANTA FE (49),0,NO APLICA,9,Septiembre,27,2022,7,53,US-285,2,US Highway,Rural,Arteria Principal,State Highway Agency,1,Sin jurisdiccion especial,99998,35.46364722,-105.8987139,Volcadura,El primer evento no fue una colision con un vehiculo automotor en transporte,Not an Intersection,No fue interseccion,Sobre calle,Ninguna,Dia total,Despejado,No,NO APLICA,99,99,99,99,1,27/09/2022,1
35,New Mexico,350296,0,0,2,0,15,EDDY (15),130,CARLSBAD,9,Septiembre,27,2022,6,46,US-62/180,2,US Highway,Rural,Arteria Principal,State Highway Agency,1,Sin jurisdiccion especial,99998,32.46420556,-104.1374861,Vehiculo en movimiento,Frente a Detrás,Not an Intersection,No fue interseccion,Sobre calle,Ninguna,Amanecer,Despejado,No,NO APLICA,99,99,99,99,1,27/09/2022,2
35,New Mexico,350297,0,0,2,0,5,CHAVES (5),670,ROSWELL,9,Septiembre,27,2022,4,29,US-380,2,US Highway,Rural,Arteria Menor,State Highway Agency,0,Sin jurisdiccion especial,99998,33.39424167,-104.4711694,Vehiculo en movimiento,Angulo,Four-Way Intersection,Interseccion de 4 direcciones,Sobre calle,Ninguna,Oscuro sin iluminacion,Despejado,No,NO APLICA,99,99,99,99,2,27/09/2022,3
35,New Mexico,350298,0,0,2,0,5,CHAVES (5),0,NO APLICA,9,Septiembre,16,2022,18,10,SR-2,3,Highway estatal,Rural,Colector Mayor,State Highway Agency,0,Sin jurisdiccion especial,99998,33.28513056,-104.4365722,Vehiculo en movimiento,Angulo,Four-Way Intersection,Interseccion de 4 direcciones,Sobre calle,Ninguna,Dia total,Despejado,No,NO APLICA,99,99,99,99,1,16/09/2022,3
35,New Mexico,350299,0,0,1,0,49,SANTA FE (49),0,NO APLICA,9,Septiembre,11,2022,11,46,SR-76,3,Highway estatal,Urbano,Arteria Menor,State Highway Agency,0,Sin jurisdiccion especial,99998,36.00088889,-105.9860417,Volcadura,El primer evento no fue una colision con un vehiculo automotor en transporte,Not an Intersection,No fue interseccion,Sobre el lado de la calle,Ninguna,Dia total,Despejado,No,NO APLICA,99,99,99,99,1,11/09/2022,2
35,New Mexico,350300,0,0,1,0,13,DONA ANA (13),342,GARFIELD,9,Septiembre,29,2022,7,33,CR-B B ROMIG,4,Calle del Condado,Rural,Local,County Highway Agency,0,Sin jurisdiccion especial,99998,32.67809167,-107.2122083,Volcadura,El primer evento no fue una colision con un vehiculo automotor en transporte,T-Intersection,Interseccion de T,Sobre el lado de la calle,Ninguna,Dia total,Despejado,No,NO APLICA,99,98,99,98,1,29/09/2022,1
35,New Mexico,350301,0,0,2,0,1,BERNALILLO (1),30,ALBUQUERQUE,9,Septiembre,10,2022,15,19,SR-556,3,Highway estatal,Urbano,Arteria Principal,State Highway Agency,1,Sin jurisdiccion especial,99998,35.109325,-106.4975278,Vehiculo en movimiento,Angulo,Four-Way Intersection,Interseccion de 4 direcciones,Sobre calle,Ninguna,Dia total,Despejado,No,NO APLICA,99,99,99,99,1,10/09/2022,2
35,New Mexico,350302,0,0,3,0,1,BERNALILLO (1),30,ALBUQUERQUE,9,Septiembre,21,2022,10,17,INDIAN SCHOOL RD,6,Calle Local Municipalidad,Urbano,Arteria Menor,City or Municipal Highway Agency,0,Sin jurisdiccion especial,99998,35.101975,-106.6044167,Vehiculo en movimiento,Angulo,Four-Way Intersection,Interseccion de 4 direcciones,Sobre calle,Ninguna,Dia total,Despejado,No,NO APLICA,99,99,99,99,1,21/09/2022,3
35,New Mexico,350303,0,0,1,0,29,LUNA (29),0,NO APLICA,9,Septiembre,4,2022,11,19,I-10,1,Interestatal,Rural,Interestatal,State Highway Agency,1,Sin jurisdiccion especial,99998,32.28045,-107.6953833,Culvert,El primer evento no fue una colision con un vehiculo automotor en transporte,Not an Intersection,No fue interseccion,Sobre el lado de la calle,Ninguna,Dia total,Despejado,No,NO APLICA,99,99,99,99,1,04/09/2022,2
35,New Mexico,350304,0,0,2,0,45,SAN JUAN (45),745,SHIPROCK,9,Septiembre,28,2022,21,56,BIA-364,9,Desconocido,Urbano,Local,Bureau of Indian Affairs,0,Reservacion India,99998,36.797375,-108.6921028,Vehiculo en movimiento,Frente a frente,Not an Intersection,No fue interseccion,Sobre calle,Ninguna,Oscuro - iluminacion desconocida,Despejado,No,NO APLICA,99,99,22,37,1,28/09/2022,5
35,New Mexico,350305,0,0,2,0,49,SANTA FE (49),710,SANTA FE,9,Septiembre,4,2022,23,47,I-25,1,Interestatal,Rural,Interestatal,State Highway Agency,1,Sin jurisdiccion especial,99998,35.52499167,-106.1616083,Vehiculo en movimiento,Frente a Detrás,Not an Intersection,No fue interseccion,Sobre calle,Ninguna,Oscuro sin iluminacion,Despejado,No,NO APLICA,99,99,99,99,1,04/09/2022,4
35,New Mexico,350306,0,0,1,0,1,BERNALILLO (1),0,NO APLICA,9,Septiembre,2,2022,14,9,I-40,1,Interestatal,Rural,Interestatal,State Highway Agency,1,Sin jurisdiccion especial,99998,35.00850833,-107.0346417,Volcadura,El primer evento no fue una colision con un vehiculo automotor en transporte,Not an Intersection,No fue interseccion,Sobre calle,Ninguna,Dia total,Despejado,No,NO APLICA,99,99,99,99,1,02/09/2022,3
35,New Mexico,350307,0,0,3,0,49,SANTA FE (49),710,SANTA FE,9,Septiembre,16,2022,16,26,SR-14,3,Highway estatal,Urbano,Arteria Principal,State Highway Agency,1,Sin jurisdiccion especial,99998,35.62042778,-106.0289111,Vehiculo en movimiento,Angulo,Four-Way Intersection,Interseccion de 4 direcciones,Sobre calle,Ninguna,Dia total,Despejado,No,NO APLICA,99,99,99,99,1,16/09/2022,4
35,New Mexico,350308,1,1,1,0,1,BERNALILLO (1),30,ALBUQUERQUE,8,Agosto,28,2022,1,34,I-40 FRONTAGE RD,1,Interestatal,Urbano,Interestatal,State Highway Agency,1,Sin jurisdiccion especial,99998,35.11199722,-106.701975,Peaton,El primer evento no fue una colision con un vehiculo automotor en transporte,Not an Intersection,No fue interseccion,Sobre calle,Ninguna,Oscuro con iluminacion,Despejado,No,NO APLICA,99,99,99,99,1,28/08/2022,1
35,New Mexico,350309,1,1,1,0,49,SANTA FE (49),710,SANTA FE,10,Octubre,1,2022,19,18,I-25,1,Interestatal,Rural,Interestatal,State Highway Agency,1,Sin jurisdiccion especial,99998,35.55058889,-106.1222583,Peaton,El primer evento no fue una colision con un vehiculo automotor en transporte,Not an Intersection,No fue interseccion,Sobre calle,Ninguna,Oscuro sin iluminacion,Despejado,No,NO APLICA,99,99,99,99,1,01/10/2022,2
35,New Mexico,350310,1,1,1,0,1,BERNALILLO (1),30,ALBUQUERQUE,10,Octubre,3,2022,22,53,S FRONTAGE RD,9,Desconocido,Urbano,Colector Menor,State Highway Agency,0,Sin jurisdiccion especial,99998,35.06138333,-106.7943583,No vehiculo o remolque,El primer evento no fue una colision con un vehiculo automotor en transporte,Not an Intersection,No fue interseccion,Sobre calle,Ninguna,Oscuro sin iluminacion,No reportado,No,NO APLICA,99,98,99,98,1,03/10/2022,1
35,New Mexico,350311,0,0,1,0,39,RIO ARRIBA (39),0,NO APLICA,10,Octubre,3,2022,20,40,FS-151,9,Desconocido,Rural,Local,U.S. Forest Service,0,Sin jurisdiccion especial,99998,36.33517778,-106.5187194,Volcadura,El primer evento no fue una colision con un vehiculo automotor en transporte,Not an Intersection,No fue interseccion,Sobre el lado de la calle,Ninguna,Oscuro sin iluminacion,lluvia,No,NO APLICA,99,99,99,99,1,03/10/2022,1
35,New Mexico,350312,0,0,2,0,39,RIO ARRIBA (39),0,NO APLICA,10,Octubre,2,2022,0,2,SR-68,3,Highway estatal,Rural,Arteria Principal,State Highway Agency,0,Sin jurisdiccion especial,99998,36.11295556,-106.0236417,Vehiculo en movimiento,Frente a frente,Not an Intersection,No fue interseccion,Sobre calle,Construccion,Oscuro sin iluminacion,Despejado,No,NO APLICA,99,99,99,99,1,02/10/2022,3
35,New Mexico,350313,2,2,1,0,31,MCKINLEY (31),0,NO APLICA,10,Octubre,2,2022,21,18,SR-602,3,Highway estatal,Rural,Arteria Principal,State Highway Agency,0,Reservacion India,99998,35.34170278,-108.7578833,Peaton,El primer evento no fue una colision con un vehiculo automotor en transporte,Not an Intersection,No fue interseccion,Sobre el lado de la calle,Ninguna,Oscuro - iluminacion desconocida,lluvia,No,NO APLICA,99,99,99,99,2,02/10/2022,1
35,New Mexico,350314,0,0,2,0,35,OTERO (35),20,ALAMOGORDO,10,Octubre,10,2022,21,28,US-54,2,US Highway,Urbano,Arteria Principal,State Highway Agency,1,Sin jurisdiccion especial,99998,32.94820278,-105.96965,Vehiculo en movimiento,Frente a Detrás,Not an Intersection,No fue interseccion,Sobre calle,Ninguna,Oscuro sin iluminacion,Despejado,No,NO APLICA,99,99,99,99,1,10/10/2022,2
35,New Mexico,350315,1,1,2,1,1,BERNALILLO (1),30,ALBUQUERQUE,10,Octubre,10,2022,16,16,WILMORE DR,5,Calle Local - Pueblo,Urbano,Arteria Menor,City or Municipal Highway Agency,0,Sin jurisdiccion especial,99998,35.06982778,-106.6232722,Peaton,El primer evento no fue una colision con un vehiculo automotor en transporte,Not an Intersection,No fue interseccion,Sobre el lado de la calle,Ninguna,Dia total,No reportado,No,NO APLICA,99,99,99,99,1,10/10/2022,3
35,New Mexico,350316,1,1,1,0,25,LEA (25),0,NO APLICA,10,Octubre,13,2022,0,30,CR-S GILL RD,4,Calle del Condado,Rural,Local,County Highway Agency,0,Sin jurisdiccion especial,99998,32.93252222,-103.4196528,Peaton,El primer evento no fue una colision con un vehiculo automotor en transporte,Not an Intersection,No fue interseccion,Sobre el lado de la calle,Ninguna,Oscuro sin iluminacion,Despejado,No,NO APLICA,99,99,99,99,1,13/10/2022,1
35,New Mexico,350317,0,0,3,0,43,SANDOVAL (43),0,NO APLICA,10,Octubre,13,2022,22,40,I-25,1,Interestatal,Rural,Interestatal,State Highway Agency,1,Sin jurisdiccion especial,99998,35.47433333,-106.2949389,Vehiculo en movimiento,Frente a Detrás,Not an Intersection,No fue interseccion,Sobre calle,Ninguna,Oscuro sin iluminacion,Despejado,No,NO APLICA,99,99,99,99,1,13/10/2022,3
35,New Mexico,350318,0,0,1,0,13,DONA ANA (13),649,RADIUM SPRINGS,10,Octubre,15,2022,14,25,SR-185,3,Highway estatal,Rural,Colector Mayor,State Highway Agency,0,Sin jurisdiccion especial,99998,32.55745,-107.0009444,Poste de Señal de trafico,El primer evento no fue una colision con un vehiculo automotor en transporte,Not an Intersection,No fue interseccion,Sobre el lado de la calle,Ninguna,Dia total,Despejado,No,NO APLICA,99,98,99,98,1,15/10/2022,1
35,New Mexico,350319,1,1,1,0,13,DONA ANA (13),470,LAS CRUCES,10,Octubre,16,2022,6,35,I-10,1,Interestatal,Urbano,Interestatal,State Highway Agency,1,Sin jurisdiccion especial,99998,32.29013333,-106.8273194,Peaton,El primer evento no fue una colision con un vehiculo automotor en transporte,Not an Intersection,No fue interseccion,Sobre calle,Ninguna,Oscuro sin iluminacion,Despejado,No,NO APLICA,99,99,99,99,1,16/10/2022,1
35,New Mexico,350320,1,1,1,0,49,SANTA FE (49),710,SANTA FE,10,Octubre,16,2022,2,0,SR-14,3,Highway estatal,Urbano,Arteria Principal,State Highway Agency,1,Sin jurisdiccion especial,99998,35.64242778,-106.0124083,Peaton,El primer evento no fue una colision con un vehiculo automotor en transporte,Four-Way Intersection,Interseccion de 4 direcciones,Sobre calle,Ninguna,Oscuro con iluminacion,Despejado,No,NO APLICA,99,99,99,99,1,16/10/2022,1
35,New Mexico,350321,0,0,1,0,43,SANDOVAL (43),451,JEMEZ SPRINGS,10,Octubre,18,2022,18,25,SR-4,3,Highway estatal,Rural,Arteria Menor,State Highway Agency,0,Sin jurisdiccion especial,99998,35.74641667,-106.7102194,Volcadura,El primer evento no fue una colision con un vehiculo automotor en transporte,Not an Intersection,No fue interseccion,Sobre calle,Ninguna,Oscuro sin iluminacion,Despejado,No,NO APLICA,99,99,99,99,1,18/10/2022,1
35,New Mexico,350322,0,0,2,0,1,BERNALILLO (1),30,ALBUQUERQUE,10,Octubre,19,2022,7,0,SR-47,3,Highway estatal,Urbano,Arteria Principal,State Highway Agency,0,Sin jurisdiccion especial,99998,35.12540833,-106.6403278,Vehiculo en movimiento,Angulo,Four-Way Intersection,Interseccion de 4 direcciones,Sobre calle,Ninguna,Amanecer,Despejado,No,NO APLICA,99,99,99,99,1,19/10/2022,2
35,New Mexico,350323,0,0,2,0,5,CHAVES (5),0,NO APLICA,10,Octubre,19,2022,7,27,US-285,2,US Highway,Rural,Arteria Principal,State Highway Agency,1,Sin jurisdiccion especial,99998,33.09384167,-104.4421583,Vehiculo en movimiento,Frente a Detrás,Not an Intersection,No fue interseccion,Sobre calle,Ninguna,Dia total,Despejado,No,NO APLICA,99,99,99,99,1,19/10/2022,4
35,New Mexico,350324,0,0,3,0,19,GUADALUPE (19),0,NO APLICA,10,Octubre,20,2022,10,29,I-40,1,Interestatal,Rural,Interestatal,State Highway Agency,1,Sin jurisdiccion especial,99998,35.06930278,-104.2102222,Vehiculo en movimiento,Frente a Detrás,Not an Intersection,No fue interseccion,Sobre calle,Ninguna,Dia total,Despejado,No,NO APLICA,99,99,99,99,2,20/10/2022,4
35,New Mexico,350325,0,0,1,0,6,CIBOLA (6),0,NO APLICA,10,Octubre,22,2022,5,1,I-40,1,Interestatal,Rural,Interestatal,State Highway Agency,1,Sin jurisdiccion especial,99998,35.03872778,-107.490875,Volcadura,El primer evento no fue una colision con un vehiculo automotor en transporte,Not an Intersection,No fue interseccion,Sobre el lado de la calle,Ninguna,Oscuro sin iluminacion,Despejado,No,NO APLICA,99,99,99,99,1,22/10/2022,1
35,New Mexico,350326,0,0,2,0,1,BERNALILLO (1),30,ALBUQUERQUE,10,Octubre,21,2022,18,41,CENTRAL AVE,6,Calle Local Municipalidad,Urbano,Arteria Principal,City or Municipal Highway Agency,0,Sin jurisdiccion especial,99998,35.07552778,-106.7301889,Vehiculo en movimiento,Angulo,T-Intersection,Interseccion de T,Sobre calle,Ninguna,Oscuro sin iluminacion,Despejado,No,NO APLICA,99,99,99,99,1,21/10/2022,2
35,New Mexico,350327,0,0,2,0,13,DONA ANA (13),470,LAS CRUCES,10,Octubre,22,2022,4,24,I-25,1,Interestatal,Rural,Interestatal,State Highway Agency,1,Sin jurisdiccion especial,99998,32.67176667,-107.0124,Vehiculo en movimiento,Frente a frente,Not an Intersection,No fue interseccion,Sobre calle,Ninguna,Oscuro sin iluminacion,Despejado,No,NO APLICA,99,99,99,99,1,22/10/2022,3
35,New Mexico,350328,0,0,1,0,55,TAOS (55),9997,Other,10,Octubre,23,2022,1,37,CR-LOS CORDOVAS RD,4,Calle del Condado,Rural,Local,County Highway Agency,0,Sin jurisdiccion especial,99998,36.38659167,-105.6346583,Volcadura,El primer evento no fue una colision con un vehiculo automotor en transporte,Not an Intersection,No fue interseccion,Sobre el lado de la calle,Ninguna,Oscuro sin iluminacion,Despejado,No,NO APLICA,99,99,99,99,1,23/10/2022,8
35,New Mexico,350329,1,1,1,0,47,SAN MIGUEL (47),0,NO APLICA,10,Octubre,25,2022,13,49,I-25 RAMP,1,Interestatal,Rural,Interestatal,State Highway Agency,1,Sin jurisdiccion especial,99998,35.396175,-105.4427417,Peaton,El primer evento no fue una colision con un vehiculo automotor en transporte,Not an Intersection,No fue interseccion,Sobre calle,Ninguna,Dia total,Despejado,No,NO APLICA,99,99,99,99,2,25/10/2022,1
35,New Mexico,350330,1,1,1,0,31,MCKINLEY (31),0,NO APLICA,10,Octubre,25,2022,20,40,SR-264,3,Highway estatal,Rural,Arteria Principal,State Highway Agency,0,Sin jurisdiccion especial,99998,35.66000278,-109.0431861,Peaton,El primer evento no fue una colision con un vehiculo automotor en transporte,Not an Intersection,No fue interseccion,Sobre calle,Ninguna,Oscuro sin iluminacion,Despejado,No,NO APLICA,99,99,99,99,1,25/10/2022,4
35,New Mexico,350331,0,0,1,0,33,MORA (33),0,NO APLICA,10,Octubre,27,2022,18,13,I-25,1,Interestatal,Rural,Interestatal,State Highway Agency,1,Sin jurisdiccion especial,99998,36.02336389,-104.6970667,Arbol,El primer evento no fue una colision con un vehiculo automotor en transporte,Not an Intersection,No fue interseccion,Sobre el lado de la calle,Ninguna,Atardecer,Nieve,No,NO APLICA,99,99,99,99,1,27/10/2022,1
35,New Mexico,350332,0,0,2,0,29,LUNA (29),0,NO APLICA,10,Octubre,28,2022,10,43,SR-11,3,Highway estatal,Rural,Arteria Menor,State Highway Agency,0,Sin jurisdiccion especial,99998,32.02399444,-107.6965306,Vehiculo en movimiento,Frente a frente,Not an Intersection,No fue interseccion,Sobre calle,Ninguna,Dia total,Despejado,No,NO APLICA,99,99,99,99,1,28/10/2022,2
35,New Mexico,350333,0,0,2,0,29,LUNA (29),230,DEMING,10,Octubre,28,2022,15,0,SR-26,3,Highway estatal,Rural,Arteria Menor,State Highway Agency,0,Sin jurisdiccion especial,99998,32.32631389,-107.6678306,Vehiculo en movimiento,Frente a frente,Not an Intersection,No fue interseccion,Sobre calle,Ninguna,Dia total,Despejado,No,NO APLICA,99,99,99,99,2,28/10/2022,4
35,New Mexico,350334,0,0,2,0,15,EDDY (15),0,NO APLICA,10,Octubre,28,2022,20,42,SR-31,3,Highway estatal,Rural,Colector Mayor,State Highway Agency,0,Sin jurisdiccion especial,99998,32.31260278,-104.0884111,Vehiculo en movimiento,Frente a frente,Not an Intersection,No fue interseccion,Sobre calle,Ninguna,Dia total,Despejado,No,NO APLICA,99,98,99,98,1,28/10/2022,2
35,New Mexico,350335,0,0,2,0,37,QUAY (37),0,NO APLICA,10,Octubre,29,2022,10,0,US-54,2,US Highway,Rural,Arteria Principal,State Highway Agency,1,Sin jurisdiccion especial,99998,35.39382222,-103.3837111,Vehiculo en movimiento,Frente a Detrás,Not an Intersection,No fue interseccion,Sobre calle,Ninguna,Dia total,Despejado,No,NO APLICA,99,99,99,99,1,29/10/2022,3
35,New Mexico,350336,1,1,1,0,45,SAN JUAN (45),867,WATERFLOW,10,Octubre,29,2022,20,10,US-64,2,US Highway,Rural,Arteria Principal,State Highway Agency,1,Sin jurisdiccion especial,99998,36.759025,-108.5112028,Peaton,El primer evento no fue una colision con un vehiculo automotor en transporte,Not an Intersection,No fue interseccion,Sobre calle,Ninguna,Oscuro sin iluminacion,Despejado,No,NO APLICA,99,99,99,99,1,29/10/2022,2
35,New Mexico,350337,0,0,1,0,53,SOCORRO (53),0,NO APLICA,10,Octubre,14,2022,13,30,I-25 RAMP,1,Interestatal,Rural,Interestatal,State Highway Agency,1,Sin jurisdiccion especial,99998,33.91978611,-106.8802333,Volcadura,El primer evento no fue una colision con un vehiculo automotor en transporte,Not an Intersection,No fue interseccion,Sobre el lado de la calle,Ninguna,Dia total,Despejado,No,NO APLICA,99,99,99,99,1,14/10/2022,1
35,New Mexico,350338,0,0,2,0,1,BERNALILLO (1),30,ALBUQUERQUE,10,Octubre,30,2022,0,52,SR-45,3,Highway estatal,Urbano,Arteria Principal,State Highway Agency,1,Sin jurisdiccion especial,99998,35.12806944,-106.7017694,Vehiculo en movimiento,Angulo,Four-Way Intersection,Interseccion de 4 direcciones,Sobre calle,Ninguna,Oscuro con iluminacion,Despejado,No,NO APLICA,99,99,99,99,1,30/10/2022,6
35,New Mexico,350339,0,0,1,0,35,OTERO (35),0,NO APLICA,10,Octubre,8,2022,13,3,US-70,2,US Highway,Rural,Arteria Principal,State Highway Agency,1,Sin jurisdiccion especial,99998,33.15385278,-105.8823694,Volcadura,El primer evento no fue una colision con un vehiculo automotor en transporte,Not an Intersection,No fue interseccion,Sobre el lado de la calle,Ninguna,Dia total,lluvia,No,NO APLICA,99,99,99,99,1,08/10/2022,2
35,New Mexico,350340,1,1,1,0,49,SANTA FE (49),710,SANTA FE,10,Octubre,24,2022,18,32,SR-466,3,Highway estatal,Urbano,Arteria Principal,State Highway Agency,1,Sin jurisdiccion especial,99998,35.65941111,-105.9725889,Peaton,El primer evento no fue una colision con un vehiculo automotor en transporte,T-Intersection,Interseccion de T,Sobre calle,Ninguna,Atardecer,Nublado,No,NO APLICA,99,99,99,99,1,24/10/2022,1
35,New Mexico,350341,1,1,1,0,31,MCKINLEY (31),340,GALLUP,10,Octubre,1,2022,20,3,SR-66,3,Highway estatal,Urbano,Arteria Principal,State Highway Agency,0,Sin jurisdiccion especial,99998,35.50505556,-108.8342333,Peaton,El primer evento no fue una colision con un vehiculo automotor en transporte,Not an Intersection,No fue interseccion,Sobre calle,Ninguna,Oscuro con iluminacion,Despejado,No,NO APLICA,99,99,99,99,1,01/10/2022,1
35,New Mexico,350342,1,1,1,0,5,CHAVES (5),0,NO APLICA,10,Octubre,28,2022,7,38,US-70,2,US Highway,Rural,Arteria Principal,State Highway Agency,1,Sin jurisdiccion especial,99998,33.39421111,-104.6901694,Peaton,El primer evento no fue una colision con un vehiculo automotor en transporte,Not an Intersection,No fue interseccion,Sobre calle,Ninguna,Oscuro sin iluminacion,Despejado,No,NO APLICA,99,98,99,98,1,28/10/2022,1
35,New Mexico,350343,1,1,1,0,1,BERNALILLO (1),30,ALBUQUERQUE,10,Octubre,30,2022,2,55,COCONINIO RD,6,Calle Local Municipalidad,Urbano,Local,City or Municipal Highway Agency,0,Sin jurisdiccion especial,99998,35.06559722,-106.5221417,Peaton,El primer evento no fue una colision con un vehiculo automotor en transporte,Not an Intersection,No fue interseccion,Sobre calle,Ninguna,Oscuro sin iluminacion,Despejado,No,NO APLICA,99,99,99,99,1,30/10/2022,1
35,New Mexico,350344,0,0,1,0,1,BERNALILLO (1),30,ALBUQUERQUE,9,Septiembre,14,2022,12,4,EUBANK,6,Calle Local Municipalidad,Urbano,Arteria Principal,City or Municipal Highway Agency,0,Sin jurisdiccion especial,99998,35.11620556,-106.5352528,Banqueta,El primer evento no fue una colision con un vehiculo automotor en transporte,Four-Way Intersection,Interseccion de 4 direcciones,Sobre el lado de la calle,Ninguna,Dia total,Despejado,No,NO APLICA,99,99,99,99,1,14/09/2022,1
35,New Mexico,350345,0,0,3,0,1,BERNALILLO (1),0,NO APLICA,10,Octubre,16,2022,6,0,I-40,1,Interestatal,Urbano,Interestatal,State Highway Agency,1,Sin jurisdiccion especial,99998,35.064025,-106.4364778,Vehiculo en movimiento,Frente a frente,Not an Intersection,No fue interseccion,Sobre calle,Ninguna,Amanecer,Despejado,No,NO APLICA,99,99,99,99,1,16/10/2022,4
35,New Mexico,350346,0,0,2,0,45,SAN JUAN (45),0,NO APLICA,10,Octubre,29,2022,16,17,US-64,2,US Highway,Rural,Arteria Menor,State Highway Agency,0,Sin jurisdiccion especial,99998,36.73722222,-107.7364083,Vehiculo en movimiento,Frente a frente,Not an Intersection,No fue interseccion,Sobre calle,Ninguna,Dia total,Despejado,No,NO APLICA,99,99,99,99,1,29/10/2022,5
35,New Mexico,350347,1,1,1,0,25,LEA (25),410,HOBBS,11,Noviembre,1,2022,21,56,SR-208,3,Highway estatal,Rural,Arteria Principal,State Highway Agency,0,Sin jurisdiccion especial,99998,32.71420833,-103.1749778,Peaton,El primer evento no fue una colision con un vehiculo automotor en transporte,Not an Intersection,No fue interseccion,Sobre calle,Ninguna,Oscuro sin iluminacion,Despejado,No,NO APLICA,99,99,99,99,1,01/11/2022,1
35,New Mexico,350348,0,0,2,0,5,CHAVES (5),0,NO APLICA,11,Noviembre,2,2022,21,59,US-285,2,US Highway,Rural,Arteria Principal,State Highway Agency,1,Sin jurisdiccion especial,99998,33.14594722,-104.4463194,Vehiculo en movimiento,Frente a Detrás,Not an Intersection,No fue interseccion,Sobre calle,Ninguna,Oscuro sin iluminacion,Despejado,No,NO APLICA,99,99,99,99,1,02/11/2022,3
35,New Mexico,350349,0,0,2,0,35,OTERO (35),0,NO APLICA,11,Noviembre,4,2022,21,6,CR-ANGELINA BLVD,4,Calle del Condado,Urbano,Local,County Highway Agency,0,Sin jurisdiccion especial,99998,32.02193611,-106.33885,Vehiculo en movimiento,Angulo,Four-Way Intersection,Interseccion de 4 direcciones,Sobre calle,Ninguna,Oscuro sin iluminacion,Despejado,No,NO APLICA,99,99,99,99,3,04/11/2022,6
35,New Mexico,350350,1,1,1,0,29,LUNA (29),230,DEMING,11,Noviembre,8,2022,23,39,S 8TH ST,6,Calle Local Municipalidad,Urbano,Colector Mayor,City or Municipal Highway Agency,0,Sin jurisdiccion especial,99998,32.26113611,-107.7687139,Peaton,El primer evento no fue una colision con un vehiculo automotor en transporte,Four-Way Intersection,Interseccion de 4 direcciones,Sobre calle,Ninguna,Oscuro sin iluminacion,Despejado,No,NO APLICA,99,99,99,99,1,08/11/2022,1
35,New Mexico,350351,0,0,3,0,25,LEA (25),0,NO APLICA,11,Noviembre,9,2022,5,14,SR-128,3,Highway estatal,Rural,Colector Mayor,State Highway Agency,0,Sin jurisdiccion especial,99998,32.13768333,-103.2844806,Vehiculo en movimiento,Frente a frente,Not an Intersection,No fue interseccion,Sobre calle,Ninguna,Oscuro sin iluminacion,Despejado,No,NO APLICA,99,99,99,99,1,09/11/2022,5
35,New Mexico,350352,0,0,2,0,19,GUADALUPE (19),0,NO APLICA,11,Noviembre,11,2022,18,42,US-64,2,US Highway,Rural,Arteria Principal,State Highway Agency,1,Sin jurisdiccion especial,99998,34.57865833,-105.2645194,Vehiculo en movimiento,Frente a frente,Not an Intersection,No fue interseccion,Sobre calle,Ninguna,Oscuro sin iluminacion,Despejado,No,NO APLICA,99,99,99,99,1,11/11/2022,2