Estado,Nombre de Estado,Numero de Caso,Peatones,Personas _no_vehiculos,Vehiculos automotores,Vehiculos estacionados,Condado,Nombre Condado,Ciudad,Nombre Ciudad,Mes,Nombre Mes,Dia,Año,Hora,Minuto,Calle,Ruta,Nombre Ruta,Rural o Urbanoo,Sistema Funcional,Dueño Calle,Sistema Nacional Carreteras,Jurisdiccion Especial,Milla,Latitud,Longitud,Causa del Accidente,Tipo de Accidente,Tipo Interseccion,Columna1,Lugar en la calle,Zona de Trabajo,Luz,Clima,Autobus Escolar,Cruce de Trenes,Hora Notificacion,Minuto Notificacion,Hora Llegada,Minuto Llegada,Decesos,Fecha,PersonaVehiculo
35,New Mexico,350353,0,0,1,0,1,BERNALILLO (1),30,ALBUQUERQUE,11,Noviembre,11,2022,23,35,UNSER BLVD,6,Calle Local Municipalidad,Urbano,Arteria Principal,City or Municipal Highway Agency,0,Sin jurisdiccion especial,99998,35.17016667,-106.7214194,Banqueta,El primer evento no fue una colision con un vehiculo automotor en transporte,T-Intersection,Interseccion de T,Sobre el lado de la calle,Ninguna,Oscuro sin iluminacion,Despejado,No,NO APLICA,99,99,99,99,1,11/11/2022,1
35,New Mexico,350354,1,1,2,0,53,SOCORRO (53),0,NO APLICA,11,Noviembre,13,2022,20,0,I-25,1,Interestatal,Rural,Interestatal,State Highway Agency,1,Sin jurisdiccion especial,99998,33.81730278,-106.9353667,Peaton,El primer evento no fue una colision con un vehiculo automotor en transporte,Not an Intersection,No fue interseccion,Sobre calle,Ninguna,Oscuro sin iluminacion,Despejado,No,NO APLICA,99,98,99,98,1,13/11/2022,2
35,New Mexico,350355,1,1,1,0,61,VALENCIA (61),530,LOS LUNAS,11,Noviembre,15,2022,17,40,SR-314,3,Highway estatal,Urbano,Arteria Principal,State Highway Agency,0,Sin jurisdiccion especial,99998,34.67801944,-106.7717944,Peaton,El primer evento no fue una colision con un vehiculo automotor en transporte,Not an Intersection,No fue interseccion,Sobre calle,Ninguna,Oscuro con iluminacion,Despejado,No,NO APLICA,99,99,99,99,1,15/11/2022,2
35,New Mexico,350356,0,0,2,0,37,QUAY (37),0,NO APLICA,11,Noviembre,16,2022,23,20,I-40,1,Interestatal,Rural,Interestatal,State Highway Agency,1,Sin jurisdiccion especial,99998,35.14549722,-103.1866,Vehiculo en movimiento,Frente a frente,Not an Intersection,No fue interseccion,Sobre calle,Ninguna,Oscuro sin iluminacion,Despejado,No,NO APLICA,99,99,99,99,1,16/11/2022,3
35,New Mexico,350357,0,0,2,0,33,MORA (33),0,NO APLICA,11,Noviembre,18,2022,4,3,I-25,1,Interestatal,Rural,Interestatal,State Highway Agency,1,Sin jurisdiccion especial,99998,36.007425,-104.7125694,Volcadura,El primer evento no fue una colision con un vehiculo automotor en transporte,Not an Intersection,No fue interseccion,Sobre calle,Ninguna,Oscuro sin iluminacion,Nieve,No,NO APLICA,99,99,99,99,4,18/11/2022,9
35,New Mexico,350358,0,0,2,0,43,SANDOVAL (43),9997,Other,11,Noviembre,19,2022,11,45,US-550,2,US Highway,Rural,Arteria Principal,State Highway Agency,1,Reservacion India,99998,36.14645556,-107.2640806,Vehiculo en movimiento,Angulo,T-Intersection,Interseccion de T,Sobre calle,Ninguna,Dia total,Despejado,No,NO APLICA,99,99,99,99,1,19/11/2022,7
35,New Mexico,350359,0,0,1,0,3,CATRON (3),662,RESERVE,11,Noviembre,27,2022,2,30,SR-12,3,Highway estatal,Rural,Arteria Menor,State Highway Agency,0,Sin jurisdiccion especial,99998,33.71639444,-108.8042972,Volcadura,El primer evento no fue una colision con un vehiculo automotor en transporte,Not an Intersection,No fue interseccion,Sobre el lado de la calle,Ninguna,Oscuro sin iluminacion,Despejado,No,NO APLICA,99,99,99,99,1,27/11/2022,1
35,New Mexico,350360,1,1,1,0,1,BERNALILLO (1),30,ALBUQUERQUE,11,Noviembre,21,2022,19,57,CENTRAL AVE,6,Calle Local Municipalidad,Urbano,Arteria Principal,City or Municipal Highway Agency,0,Sin jurisdiccion especial,99998,35.07723333,-106.5804917,Peaton,El primer evento no fue una colision con un vehiculo automotor en transporte,Not an Intersection,No fue interseccion,Sobre calle,Ninguna,Oscuro con iluminacion,Despejado,No,NO APLICA,99,99,99,99,1,21/11/2022,1
35,New Mexico,350361,0,0,3,2,5,CHAVES (5),670,ROSWELL,11,Noviembre,29,2022,23,9,S MAIN ST,6,Calle Local Municipalidad,Urbano,Arteria Principal,City or Municipal Highway Agency,1,Sin jurisdiccion especial,99998,33.33875833,-104.5232556,Volcadura,El primer evento no fue una colision con un vehiculo automotor en transporte,Not an Intersection,No fue interseccion,Sobre el lado de la calle,Ninguna,Oscuro con iluminacion,Despejado,No,NO APLICA,99,99,99,99,1,29/11/2022,3
35,New Mexico,350362,0,0,1,0,13,DONA ANA (13),470,LAS CRUCES,11,Noviembre,7,2022,0,5,N FAIRACRES RD,6,Calle Local Municipalidad,Urbano,Arteria Menor,City or Municipal Highway Agency,0,Sin jurisdiccion especial,99998,32.30092222,-106.8452583,Volcadura,El primer evento no fue una colision con un vehiculo automotor en transporte,Not an Intersection,No fue interseccion,Sobre calle,Ninguna,Oscuro sin iluminacion,Despejado,No,NO APLICA,99,99,99,99,1,07/11/2022,2
35,New Mexico,350363,0,0,1,0,57,TORRANCE (57),0,NO APLICA,11,Noviembre,10,2022,8,25,SR-524,3,Highway estatal,Rural,Colector Mayor,State Highway Agency,0,Sin jurisdiccion especial,99998,34.61245556,-106.2364139,Poste o otros soportes,El primer evento no fue una colision con un vehiculo automotor en transporte,Not an Intersection,No fue interseccion,Sobre el lado de la calle,Ninguna,Dia total,Despejado,No,NO APLICA,99,99,99,99,1,10/11/2022,3
35,New Mexico,350364,0,0,3,0,47,SAN MIGUEL (47),0,NO APLICA,11,Noviembre,20,2022,5,13,I-25,1,Interestatal,Rural,Interestatal,State Highway Agency,1,Sin jurisdiccion especial,99998,35.42779722,-105.5879306,Vehiculo en movimiento,Golpe Lateral - misma direccion,Not an Intersection,No fue interseccion,Sobre calle,Ninguna,Oscuro sin iluminacion,Despejado,No,NO APLICA,99,99,99,99,1,20/11/2022,4
35,New Mexico,350365,1,1,1,0,1,BERNALILLO (1),30,ALBUQUERQUE,11,Noviembre,7,2022,18,42,I-25,1,Interestatal,Urbano,Interestatal,State Highway Agency,1,Sin jurisdiccion especial,99998,35.13493056,-106.6058861,Peaton,El primer evento no fue una colision con un vehiculo automotor en transporte,Not an Intersection,No fue interseccion,Sobre calle,Ninguna,Oscuro con iluminacion,Despejado,No,NO APLICA,99,98,99,98,1,07/11/2022,1
35,New Mexico,350366,0,0,2,0,13,DONA ANA (13),9997,Other,11,Noviembre,12,2022,5,35,STATELINE DR,6,Calle Local Municipalidad,Urbano,Colector Mayor,City or Municipal Highway Agency,0,Sin jurisdiccion especial,99998,32.00146944,-106.3911889,Vehiculo en movimiento,Frente a frente,Not an Intersection,No fue interseccion,Sobre calle,Ninguna,Amanecer,Despejado,No,NO APLICA,99,99,99,99,1,12/11/2022,2
35,New Mexico,350367,1,1,1,0,13,DONA ANA (13),470,LAS CRUCES,11,Noviembre,2,2022,6,25,US-70,2,US Highway,Urbano,Arteria Principal,State Highway Agency,1,Sin jurisdiccion especial,99998,32.31165278,-106.8060306,Peaton,El primer evento no fue una colision con un vehiculo automotor en transporte,Not an Intersection,No fue interseccion,Sobre calle,Ninguna,Oscuro sin iluminacion,Despejado,No,NO APLICA,99,99,99,99,1,02/11/2022,1
35,New Mexico,350368,0,0,1,0,43,SANDOVAL (43),216,CUBA,11,Noviembre,3,2022,3,59,US-550,2,US Highway,Rural,Arteria Principal,State Highway Agency,1,Sin jurisdiccion especial,99998,36.02331667,-106.9582472,Volcadura,El primer evento no fue una colision con un vehiculo automotor en transporte,Not an Intersection,No fue interseccion,Sobre el lado de la calle,Ninguna,Oscuro con iluminacion,Despejado,No,NO APLICA,99,99,99,99,1,03/11/2022,2
35,New Mexico,350369,1,1,1,0,1,BERNALILLO (1),30,ALBUQUERQUE,11,Noviembre,18,2022,6,9,SR-45,3,Highway estatal,Urbano,Arteria Principal,State Highway Agency,1,Sin jurisdiccion especial,99998,35.10312222,-106.7058889,Peaton,El primer evento no fue una colision con un vehiculo automotor en transporte,Not an Intersection,No fue interseccion,Sobre calle,Ninguna,Oscuro sin iluminacion,Despejado,No,NO APLICA,99,99,99,99,1,18/11/2022,1
35,New Mexico,350370,0,0,2,0,41,ROOSEVELT (41),0,NO APLICA,11,Noviembre,18,2022,23,54,US-60,2,US Highway,Rural,Arteria Principal,State Highway Agency,1,Sin jurisdiccion especial,99998,34.42948333,-103.7774306,Vehiculo en movimiento,Frente a frente,Not an Intersection,No fue interseccion,Sobre calle,Ninguna,Oscuro sin iluminacion,Despejado,No,NO APLICA,99,99,99,99,1,18/11/2022,2
35,New Mexico,350371,0,0,1,0,43,SANDOVAL (43),677,RIO RANCHO,5,Mayo,13,2022,16,38,WESTERN HILLS DR,6,Calle Local Municipalidad,Urbano,Colector Menor,City or Municipal Highway Agency,0,Sin jurisdiccion especial,99998,35.24795278,-106.6918861,Volcadura,El primer evento no fue una colision con un vehiculo automotor en transporte,Not an Intersection,No fue interseccion,Sobre el lado de la calle,Ninguna,Dia total,Despejado,No,NO APLICA,99,99,99,99,1,13/05/2022,1
35,New Mexico,350372,0,0,2,0,6,CIBOLA (6),594,MESITA,8,Agosto,7,2022,20,10,I-40,1,Interestatal,Rural,Interestatal,State Highway Agency,1,Sin jurisdiccion especial,99998,34.99213611,-107.0857778,Vehiculo en movimiento,Frente a Detrás,Not an Intersection,No fue interseccion,Sobre calle,Ninguna,Oscuro - iluminacion desconocida,Despejado,No,NO APLICA,99,99,99,99,3,07/08/2022,4
35,New Mexico,350373,1,1,1,0,31,MCKINLEY (31),0,NO APLICA,12,Diciembre,1,2022,19,39,US-491,2,US Highway,Rural,Arteria Principal,State Highway Agency,1,Sin jurisdiccion especial,99998,35.55599167,-108.7593111,Peaton,El primer evento no fue una colision con un vehiculo automotor en transporte,Not an Intersection,No fue interseccion,Sobre calle,Ninguna,Oscuro con iluminacion,Despejado,No,NO APLICA,99,99,99,99,1,01/12/2022,1
35,New Mexico,350374,0,0,1,0,39,RIO ARRIBA (39),0,NO APLICA,12,Diciembre,3,2022,6,47,US-550,2,US Highway,Rural,Arteria Principal,State Highway Agency,1,Reservacion India,99998,36.23962778,-107.5914361,Volcadura,El primer evento no fue una colision con un vehiculo automotor en transporte,Not an Intersection,No fue interseccion,Sobre calle,Ninguna,Amanecer,Despejado,No,NO APLICA,99,99,99,99,1,03/12/2022,1
35,New Mexico,350375,0,0,1,0,59,UNION (59),0,NO APLICA,12,Diciembre,4,2022,8,21,US-64,2,US Highway,Rural,Arteria Principal,State Highway Agency,1,Sin jurisdiccion especial,99998,36.62306944,-103.6998194,Volcadura,El primer evento no fue una colision con un vehiculo automotor en transporte,Not an Intersection,No fue interseccion,Sobre calle,Ninguna,Oscuro - iluminacion desconocida,Despejado,No,NO APLICA,99,99,99,99,1,04/12/2022,1
35,New Mexico,350376,1,1,1,0,61,VALENCIA (61),0,NO APLICA,12,Diciembre,3,2022,19,15,SR-47,3,Highway estatal,Urbano,Colector Mayor,State Highway Agency,0,Sin jurisdiccion especial,99998,34.65128889,-106.7350389,Peaton,El primer evento no fue una colision con un vehiculo automotor en transporte,Not an Intersection,No fue interseccion,Sobre calle,Ninguna,Oscuro con iluminacion,lluvia,No,NO APLICA,0,0,99,97,1,03/12/2022,1
35,New Mexico,350377,1,1,1,0,49,SANTA FE (49),710,SANTA FE,12,Diciembre,2,2022,19,33,SR-14,3,Highway estatal,Urbano,Arteria Principal,State Highway Agency,1,Sin jurisdiccion especial,99998,35.65459722,-105.9929944,Peaton,El primer evento no fue una colision con un vehiculo automotor en transporte,Not an Intersection,No fue interseccion,Sobre calle,Ninguna,Oscuro con iluminacion,Despejado,No,NO APLICA,99,99,99,99,1,02/12/2022,2
35,New Mexico,350378,0,0,2,0,9,CURRY (9),190,CLOVIS,12,Diciembre,4,2022,18,25,SR-209,3,Highway estatal,Urbano,Arteria Principal,State Highway Agency,0,Sin jurisdiccion especial,99998,34.43919722,-103.1964028,Vehiculo en movimiento,Frente a Detrás,Four-Way Intersection,Interseccion de 4 direcciones,Sobre calle,Ninguna,Oscuro con iluminacion,Despejado,No,NO APLICA,99,99,99,99,1,04/12/2022,3
35,New Mexico,350379,0,0,3,2,1,BERNALILLO (1),30,ALBUQUERQUE,12,Diciembre,8,2022,19,42,GIBSON BLVD,6,Calle Local Municipalidad,Urbano,Arteria Principal,City or Municipal Highway Agency,0,Sin jurisdiccion especial,99998,35.06104167,-106.6435639,Banqueta,El primer evento no fue una colision con un vehiculo automotor en transporte,Not an Intersection,No fue interseccion,Sobre el lado de la calle,Ninguna,Oscuro con iluminacion,Despejado,No,NO APLICA,99,99,99,99,2,08/12/2022,2
35,New Mexico,350380,1,1,1,0,1,BERNALILLO (1),30,ALBUQUERQUE,12,Diciembre,7,2022,17,33,CENTRAL AVE,6,Calle Local Municipalidad,Urbano,Arteria Principal,City or Municipal Highway Agency,0,Sin jurisdiccion especial,99998,35.07383611,-106.5494361,Peaton,El primer evento no fue una colision con un vehiculo automotor en transporte,T-Intersection,Interseccion de T,Sobre calle,Ninguna,Oscuro con iluminacion,Despejado,No,NO APLICA,99,99,99,99,1,07/12/2022,2
35,New Mexico,350381,0,0,2,0,1,BERNALILLO (1),30,ALBUQUERQUE,12,Diciembre,8,2022,12,27,4TH ST,6,Calle Local Municipalidad,Urbano,Arteria Menor,County Highway Agency,0,Sin jurisdiccion especial,99998,35.14731944,-106.6395917,Vehiculo en movimiento,Angulo,T-Intersection,Interseccion de T,Sobre calle,Ninguna,Dia total,Despejado,No,NO APLICA,99,99,99,99,1,08/12/2022,2
35,New Mexico,350382,1,1,1,0,45,SAN JUAN (45),310,FARMINGTON,12,Diciembre,7,2022,19,36,SAN JUAN BLVD,6,Calle Local Municipalidad,Urbano,Arteria Menor,City or Municipal Highway Agency,0,Sin jurisdiccion especial,99998,36.73407222,-108.1859694,Peaton,El primer evento no fue una colision con un vehiculo automotor en transporte,Not an Intersection,No fue interseccion,Sobre calle,Ninguna,Oscuro con iluminacion,Despejado,No,NO APLICA,99,99,99,99,1,07/12/2022,1
35,New Mexico,350383,0,0,1,0,55,TAOS (55),780,TAOS,12,Diciembre,9,2022,0,15,SR-68,3,Highway estatal,Rural,Arteria Principal,State Highway Agency,0,Sin jurisdiccion especial,99998,36.33051944,-105.681625,Volcadura,El primer evento no fue una colision con un vehiculo automotor en transporte,Not an Intersection,No fue interseccion,Sobre el lado de la calle,Ninguna,Oscuro sin iluminacion,Despejado,No,NO APLICA,99,99,99,99,2,09/12/2022,3
35,New Mexico,350384,1,1,1,0,13,DONA ANA (13),470,LAS CRUCES,12,Diciembre,9,2022,15,39,BATAAN MEMORIAL EAST,9,Desconocido,Urbano,Arteria Menor,State Highway Agency,0,Sin jurisdiccion especial,99998,32.38514444,-106.7142028,Peaton,El primer evento no fue una colision con un vehiculo automotor en transporte,Not an Intersection,No fue interseccion,Sobre el lado de la calle,Ninguna,Dia total,Despejado,No,NO APLICA,99,99,99,99,1,09/12/2022,1
35,New Mexico,350385,0,0,1,0,55,TAOS (55),0,NO APLICA,12,Diciembre,19,2022,14,20,US-64,2,US Highway,Rural,Arteria Menor,State Highway Agency,0,Sin jurisdiccion especial,99998,36.37161944,-105.4236667,Volcadura,El primer evento no fue una colision con un vehiculo automotor en transporte,Not an Intersection,No fue interseccion,Sobre calle,Ninguna,Dia total,Despejado,No,NO APLICA,99,99,99,99,1,19/12/2022,1
35,New Mexico,350386,0,0,1,0,55,TAOS (55),689,SAN CRISTOBAL,12,Diciembre,19,2022,20,42,SR-522,3,Highway estatal,Rural,Arteria Menor,State Highway Agency,0,Sin jurisdiccion especial,99998,36.62360278,-105.6523444,Animal vivo,El primer evento no fue una colision con un vehiculo automotor en transporte,Not an Intersection,No fue interseccion,Sobre calle,Ninguna,Oscuro sin iluminacion,Despejado,No,NO APLICA,99,99,99,99,1,19/12/2022,1
35,New Mexico,350387,0,0,1,0,35,OTERO (35),0,NO APLICA,12,Diciembre,19,2022,20,44,US-70,2,US Highway,Urbano,Arterial Principal -Freeway o ExpressWay,State Highway Agency,1,Sin jurisdiccion especial,99998,33.25618611,-105.70125,Volcadura,El primer evento no fue una colision con un vehiculo automotor en transporte,Not an Intersection,No fue interseccion,Sobre el lado de la calle,Ninguna,Oscuro sin iluminacion,Despejado,No,NO APLICA,99,99,99,99,1,19/12/2022,2
35,New Mexico,350388,0,0,2,0,25,LEA (25),0,NO APLICA,12,Diciembre,21,2022,15,0,US-62,2,US Highway,Rural,Arteria Principal,State Highway Agency,1,Sin jurisdiccion especial,99998,32.52973889,-103.8098417,Vehiculo en movimiento,Frente a frente,Not an Intersection,No fue interseccion,Sobre calle,Ninguna,Dia total,Despejado,No,NO APLICA,99,98,99,98,1,21/12/2022,2
35,New Mexico,350389,0,0,1,0,5,CHAVES (5),670,ROSWELL,12,Diciembre,26,2022,14,21,US-70 RAMP,2,US Highway,Rural,Arteria Principal,State Highway Agency,1,Sin jurisdiccion especial,99998,33.47431944,-104.5199972,Fin de valla,El primer evento no fue una colision con un vehiculo automotor en transporte,Not an Intersection,No fue interseccion,Sobre el lado de la calle,Ninguna,Dia total,Despejado,No,NO APLICA,99,99,99,99,1,26/12/2022,3
35,New Mexico,350390,1,1,1,0,1,BERNALILLO (1),30,ALBUQUERQUE,12,Diciembre,23,2022,17,31,CENTRAL AVE,6,Calle Local Municipalidad,Urbano,Arteria Principal,City or Municipal Highway Agency,0,Sin jurisdiccion especial,99998,35.07388056,-106.5500278,Peaton,El primer evento no fue una colision con un vehiculo automotor en transporte,Four-Way Intersection,Interseccion de 4 direcciones,Sobre calle,Ninguna,Oscuro con iluminacion,Despejado,No,NO APLICA,99,99,99,99,1,23/12/2022,1
35,New Mexico,350391,1,1,1,0,1,BERNALILLO (1),30,ALBUQUERQUE,12,Diciembre,26,2022,1,29,PAN AMERICAN FWY,9,Desconocido,Urbano,Colector Mayor,State Highway Agency,0,Sin jurisdiccion especial,99998,35.18813611,-106.5810722,Peaton,El primer evento no fue una colision con un vehiculo automotor en transporte,Not an Intersection,No fue interseccion,Sobre calle,Ninguna,Oscuro sin iluminacion,Despejado,No,NO APLICA,99,99,99,99,1,26/12/2022,1
35,New Mexico,350392,0,0,1,0,33,MORA (33),0,NO APLICA,12,Diciembre,27,2022,22,23,I-25,1,Interestatal,Rural,Interestatal,State Highway Agency,1,Sin jurisdiccion especial,99998,36.02357222,-104.6969583,Volcadura,El primer evento no fue una colision con un vehiculo automotor en transporte,Not an Intersection,No fue interseccion,Sobre el lado de la calle,Ninguna,Oscuro sin iluminacion,Despejado,No,NO APLICA,99,99,99,99,1,27/12/2022,2
35,New Mexico,350393,0,0,3,0,43,SANDOVAL (43),677,RIO RANCHO,12,Diciembre,19,2022,17,2,SR-528,3,Highway estatal,Urbano,Arteria Principal,State Highway Agency,1,Sin jurisdiccion especial,99998,35.30631111,-106.584325,Vehiculo en movimiento,Angulo,Four-Way Intersection,Interseccion de 4 direcciones,Sobre calle,Ninguna,Atardecer,Despejado,No,NO APLICA,99,99,99,99,1,19/12/2022,5
35,New Mexico,350394,0,0,1,0,55,TAOS (55),645,QUESTA,12,Diciembre,30,2022,22,0,SR-38,3,Highway estatal,Rural,Colector Mayor,State Highway Agency,0,Sin jurisdiccion especial,99998,36.68498056,-105.5077333,Arbol,El primer evento no fue una colision con un vehiculo automotor en transporte,Not an Intersection,No fue interseccion,Sobre el lado de la calle,Ninguna,Oscuro sin iluminacion,Despejado,No,NO APLICA,99,99,99,99,1,30/12/2022,1
35,New Mexico,350395,0,0,2,0,57,TORRANCE (57),0,NO APLICA,12,Diciembre,31,2022,7,0,SR-41,3,Highway estatal,Rural,Arteria Menor,State Highway Agency,0,Sin jurisdiccion especial,99998,34.62936389,-106.0610778,Vehiculo en movimiento,Frente a frente,Not an Intersection,No fue interseccion,Sobre calle,Ninguna,Dia total,Despejado,No,NO APLICA,99,99,99,99,1,31/12/2022,3
35,New Mexico,350396,0,0,1,0,49,SANTA FE (49),639,POJOAQUE VALLEY,12,Diciembre,2,2022,20,39,US-84,2,US Highway,Rural,Arteria Principal,State Highway Agency,1,Reservacion India,99998,35.87000833,-106.004525,Valla Ferrocarril,El primer evento no fue una colision con un vehiculo automotor en transporte,Not an Intersection,No fue interseccion,Sobre el lado de la calle,Ninguna,Oscuro con iluminacion,Despejado,No,NO APLICA,99,99,99,99,1,02/12/2022,2
35,New Mexico,350397,0,0,2,0,43,SANDOVAL (43),677,RIO RANCHO,12,Diciembre,22,2022,12,35,SR-528,3,Highway estatal,Urbano,Arteria Principal,State Highway Agency,1,Sin jurisdiccion especial,99998,35.28765556,-106.6044278,Vehiculo en movimiento,Angulo,Four-Way Intersection,Interseccion de 4 direcciones,Sobre calle,Ninguna,Dia total,Despejado,No,NO APLICA,99,99,99,99,1,22/12/2022,2
35,New Mexico,350398,0,0,2,0,13,DONA ANA (13),470,LAS CRUCES,12,Diciembre,22,2022,20,18,SPRUCE AVE,6,Calle Local Municipalidad,Urbano,Arteria Menor,City or Municipal Highway Agency,0,Sin jurisdiccion especial,99998,32.31989167,-106.7736944,Vehiculo en movimiento,Frente a frente,Not an Intersection,No fue interseccion,Sobre calle,Ninguna,Oscuro con iluminacion,Despejado,No,NO APLICA,99,99,99,99,2,22/12/2022,5
35,New Mexico,350399,0,0,2,0,41,ROOSEVELT (41),9997,Other,11,Noviembre,2,2022,6,10,US-60,2,US Highway,Rural,Arteria Principal,State Highway Agency,1,Sin jurisdiccion especial,99998,34.42514167,-103.7462944,Vehiculo en movimiento,Frente a frente,Not an Intersection,No fue interseccion,Sobre calle,Ninguna,Oscuro sin iluminacion,Despejado,No,NO APLICA,99,99,99,99,1,02/11/2022,3
35,New Mexico,350400,0,0,1,0,45,SAN JUAN (45),741,SHEEP SPRINGS,11,Noviembre,2,2022,14,23,SR-134,3,Highway estatal,Rural,Colector Mayor,State Highway Agency,0,Reservacion India,99998,36.11483056,-108.7769583,Piedrotototota,El primer evento no fue una colision con un vehiculo automotor en transporte,Not an Intersection,No fue interseccion,Sobre el lado de la calle,Ninguna,Dia total,Despejado,No,NO APLICA,99,99,99,99,1,02/11/2022,3
35,New Mexico,350401,0,0,2,0,31,MCKINLEY (31),340,GALLUP,11,Noviembre,2,2022,0,10,I-40,1,Interestatal,Urbano,Arteria Principal,State Highway Agency,1,Sin jurisdiccion especial,99998,35.53144167,-108.6678167,Vehiculo en movimiento,Frente a frente,Not an Intersection,No fue interseccion,Sobre calle,Ninguna,Oscuro sin iluminacion,Despejado,No,NO APLICA,99,99,99,99,1,02/11/2022,3
35,New Mexico,350402,0,0,1,0,6,CIBOLA (6),360,GRANTS,11,Noviembre,10,2022,19,39,SR-53,3,Highway estatal,Rural,Colector Mayor,State Highway Agency,0,Sin jurisdiccion especial,99998,35.07878333,-108.4259944,Volcadura,El primer evento no fue una colision con un vehiculo automotor en transporte,Not an Intersection,No fue interseccion,Sobre el lado de la calle,Ninguna,Oscuro sin iluminacion,Despejado,No,NO APLICA,99,99,99,99,1,10/11/2022,1
35,New Mexico,350403,0,0,2,0,31,MCKINLEY (31),340,GALLUP,12,Diciembre,9,2022,8,31,I-40,1,Interestatal,Rural,Interestatal,State Highway Agency,1,Sin jurisdiccion especial,99998,35.524925,-108.7727028,Vehiculo en movimiento,Frente a Detrás,Not an Intersection,No fue interseccion,Sobre calle,Ninguna,Dia total,Despejado,No,NO APLICA,99,99,99,99,1,09/12/2022,9
35,New Mexico,350404,1,1,1,0,35,OTERO (35),585,MESCALERO,9,Septiembre,13,2022,21,45,US-70,2,US Highway,Rural,Arteria Principal,State Highway Agency,1,Reservacion India,99998,33.21461111,-105.7032306,Peaton,El primer evento no fue una colision con un vehiculo automotor en transporte,Not an Intersection,No fue interseccion,Sobre calle,Ninguna,Oscuro - iluminacion desconocida,No reportado,No,NO APLICA,99,99,99,99,1,13/09/2022,1
35,New Mexico,350405,1,1,1,0,25,LEA (25),410,HOBBS,10,Octubre,28,2022,6,45,W SANGER ST,6,Calle Local Municipalidad,Rural,Colector Mayor,City or Municipal Highway Agency,0,Sin jurisdiccion especial,99998,32.71111667,-103.1689556,Peaton,El primer evento no fue una colision con un vehiculo automotor en transporte,Not an Intersection,No fue interseccion,Sobre el lado de la calle,Ninguna,Oscuro - iluminacion desconocida,No reportado,No,NO APLICA,99,99,99,99,1,28/10/2022,1
35,New Mexico,350406,0,0,1,0,1,BERNALILLO (1),30,ALBUQUERQUE,8,Agosto,16,2022,20,44,MU-CENTRAL AVE,6,Calle Local Municipalidad,Urbano,Arteria Principal,City or Municipal Highway Agency,0,Sin jurisdiccion especial,99998,35.06750278,-106.7651778,Volcadura,El primer evento no fue una colision con un vehiculo automotor en transporte,Not an Intersection,No fue interseccion,En el medio,Ninguna,Oscuro sin iluminacion,Despejado,No,NO APLICA,99,99,99,99,1,16/08/2022,1
35,New Mexico,350407,0,0,1,0,6,CIBOLA (6),671,PINE HILL,5,Mayo,9,2022,19,50,SR-53,3,Highway estatal,Rural,Colector Mayor,State Highway Agency,0,Reservacion India,99998,35.05259167,-108.3940972,Poste de Señal de trafico,El primer evento no fue una colision con un vehiculo automotor en transporte,Not an Intersection,No fue interseccion,Sobre el lado de la calle,Ninguna,Atardecer,Vientos cruzados pero de los mamalones,No,NO APLICA,99,99,99,99,1,09/05/2022,1
35,New Mexico,350408,0,0,1,0,43,SANDOVAL (43),711,SAN FELIPE,7,Julio,24,2022,11,28,SR-313,3,Highway estatal,Rural,Local,State Highway Agency,0,Sin jurisdiccion especial,99998,35.38838333,-106.4662167,Vehiculo Ferrocarril,El primer evento no fue una colision con un vehiculo automotor en transporte,Not an Intersection,No fue interseccion,Sobre calle,Ninguna,Dia total,Despejado,No,013748W,99,98,99,98,2,24/07/2022,2
35,New Mexico,350409,0,0,1,0,37,QUAY (37),0,NO APLICA,11,Noviembre,4,2022,19,7,CR-QUAY RD,4,Calle del Condado,Rural,Local,County Highway Agency,0,Sin jurisdiccion especial,99998,35.26678889,-103.5248278,Vehiculo Ferrocarril,El primer evento no fue una colision con un vehiculo automotor en transporte,Not an Intersection,No fue interseccion,Sobre calle,Ninguna,Oscuro sin iluminacion,Despejado,No,596233T,99,99,99,99,2,04/11/2022,2
35,New Mexico,350410,1,1,1,0,1,BERNALILLO (1),30,ALBUQUERQUE,11,Noviembre,23,2022,23,49,LOMAS BLVD,6,Calle Local Municipalidad,Urbano,Arteria Principal,City or Municipal Highway Agency,0,Sin jurisdiccion especial,99998,35.08886944,-106.6220028,Peaton,El primer evento no fue una colision con un vehiculo automotor en transporte,Four-Way Intersection,Interseccion de 4 direcciones,Sobre calle,Ninguna,Oscuro con iluminacion,Despejado,No,NO APLICA,99,99,99,99,1,23/11/2022,1
35,New Mexico,350411,0,0,1,0,3,CATRON (3),0,NO APLICA,12,Diciembre,9,2022,14,44,SR-12,3,Highway estatal,Rural,Arteria Menor,State Highway Agency,0,Sin jurisdiccion especial,99998,33.77216111,-108.7097194,Poste de Señal de trafico,El primer evento no fue una colision con un vehiculo automotor en transporte,Not an Intersection,No fue interseccion,Sobre el lado de la calle,Ninguna,Dia total,Despejado,No,NO APLICA,99,99,99,99,1,09/12/2022,1