Estado,Nombre de Estado,Numero de Caso,Peatones,Personas _no_vehiculos,Vehiculos automotores,Vehiculos estacionados,Condado,Nombre Condado,Ciudad,Nombre Ciudad,Mes,Nombre Mes,Dia,Año,Hora,Minuto,Calle,Ruta,Nombre Ruta,Rural o Urbanoo,Sistema Funcional,Dueño Calle,Sistema Nacional Carreteras,Jurisdiccion Especial,Milla,Latitud,Longitud,Causa del Accidente,Tipo de Accidente,Tipo Interseccion,Columna1,Lugar en la calle,Zona de Trabajo,Luz,Clima,Autobus Escolar,Cruce de Trenes,Hora Notificacion,Minuto Notificacion,Hora Llegada,Minuto Llegada,Decesos,Fecha,PersonaVehiculo
35,New Mexico,350412,1,1,1,0,61,VALENCIA (61),0,NO APLICA,12,Diciembre,10,2022,18,13,CR-VAN CAMP BLVD,4,Calle del Condado,Urbano,Colector Menor,County Highway Agency,0,Sin jurisdiccion especial,99998,34.761125,-106.6526,Peaton,El primer evento no fue una colision con un vehiculo automotor en transporte,Not an Intersection,No fue interseccion,Sobre calle,Ninguna,Oscuro - iluminacion desconocida,Despejado,No,NO APLICA,99,99,99,99,1,10/12/2022,1
35,New Mexico,350413,0,0,1,0,31,MCKINLEY (31),0,NO APLICA,12,Diciembre,16,2022,5,28,CARBON COAL RD,6,Calle Local Municipalidad,Rural,Local,City or Municipal Highway Agency,0,Sin jurisdiccion especial,99998,35.516025,-108.8461139,Zanja,El primer evento no fue una colision con un vehiculo automotor en transporte,T-Intersection,Interseccion de T,Sobre el lado de la calle,Ninguna,Oscuro sin iluminacion,Despejado,No,NO APLICA,99,99,99,99,1,16/12/2022,4
35,New Mexico,350414,0,0,1,0,3,CATRON (3),662,RESERVE,12,Diciembre,24,2022,8,6,US-180,2,US Highway,Rural,Arteria Menor,State Highway Agency,0,Sin jurisdiccion especial,99998,33.70453889,-108.8766056,Volcadura,El primer evento no fue una colision con un vehiculo automotor en transporte,Not an Intersection,No fue interseccion,Sobre el lado de la calle,Ninguna,Dia total,Despejado,No,NO APLICA,99,99,99,99,1,24/12/2022,1
35,New Mexico,350415,1,1,1,0,1,BERNALILLO (1),30,ALBUQUERQUE,12,Diciembre,2,2022,21,48,COMANCHE RD,6,Calle Local Municipalidad,Urbano,Colector Mayor,City or Municipal Highway Agency,0,Sin jurisdiccion especial,99998,35.12357778,-106.5203528,Peaton,El primer evento no fue una colision con un vehiculo automotor en transporte,Not an Intersection,No fue interseccion,Sobre calle,Ninguna,Oscuro sin iluminacion,Despejado,No,NO APLICA,99,99,99,99,1,02/12/2022,1
35,New Mexico,350416,0,0,2,0,31,MCKINLEY (31),0,NO APLICA,12,Diciembre,14,2022,14,13,SR-602,3,Highway estatal,Rural,Arteria Principal,State Highway Agency,0,Reservacion India,99998,35.45766111,-108.7448917,Vehiculo en movimiento,Frente a frente,Not an Intersection,No fue interseccion,Sobre calle,Ninguna,Dia total,Despejado,No,NO APLICA,99,99,99,99,1,14/12/2022,2
35,New Mexico,350417,0,0,1,0,47,SAN MIGUEL (47),0,NO APLICA,12,Diciembre,22,2022,17,42,I-25,1,Interestatal,Rural,Interestatal,State Highway Agency,1,Sin jurisdiccion especial,99998,35.51703889,-105.6845917,Volcadura,El primer evento no fue una colision con un vehiculo automotor en transporte,Not an Intersection,No fue interseccion,En el medio,Ninguna,Oscuro sin iluminacion,Despejado,No,NO APLICA,99,99,99,99,1,22/12/2022,1
35,New Mexico,350418,0,0,1,0,31,MCKINLEY (31),638,PINEDALE,8,Agosto,31,2022,23,25,CR-BIA-11-49,4,Calle del Condado,Rural,Colector Menor,Bureau of Indian Affairs,0,Reservacion India,99998,35.61939167,-108.5210917,Volcadura,El primer evento no fue una colision con un vehiculo automotor en transporte,Not an Intersection,No fue interseccion,Sobre el lado de la calle,Ninguna,Oscuro sin iluminacion,Despejado,No,NO APLICA,99,99,99,99,1,31/08/2022,1
35,New Mexico,350419,0,0,1,0,31,MCKINLEY (31),638,PINEDALE,10,Octubre,28,2022,17,32,CR-15,6,Calle Local Municipalidad,Rural,Local,City or Municipal Highway Agency,0,Sin jurisdiccion especial,99998,35.57865556,-108.4539361,Acotamiento,El primer evento no fue una colision con un vehiculo automotor en transporte,Not an Intersection,No fue interseccion,Sobre el lado de la calle,Ninguna,Atardecer,Despejado,No,NO APLICA,99,99,99,99,1,28/10/2022,2
36,New York,360002,1,1,1,0,5,BRONX (5),4170,NEW YORK CITY,1,Enero,2,2022,1,22,E GUN HILL RD,6,Calle Local Municipalidad,Urbano,Colector Mayor,City or Municipal Highway Agency,0,Sin jurisdiccion especial,0,40.88229444,-73.88051111,Peaton,El primer evento no fue una colision con un vehiculo automotor en transporte,Four-Way Intersection,Interseccion de 4 direcciones,Sobre calle,Ninguna,Oscuro con iluminacion,lluvia,No,NO APLICA,1,22,99,99,1,02/01/2022,2
36,New York,360004,1,1,1,0,81,QUEENS (81),4170,MIDDLE VILLAGE,1,Enero,13,2022,19,45,METROPOLITAN VE,6,Calle Local Municipalidad,Urbano,Arteria Principal,City or Municipal Highway Agency,1,Sin jurisdiccion especial,99998,40.71234722,-73.89342222,Peaton,El primer evento no fue una colision con un vehiculo automotor en transporte,T-Intersection,Interseccion de T,Sobre calle,Ninguna,Oscuro con iluminacion,Despejado,No,NO APLICA,19,45,99,99,1,13/01/2022,2
36,New York,360005,0,0,1,0,123,YATES (123),9997,Other,1,Enero,1,2022,2,31,CR-18 ITALY VALLEY RD,4,Calle del Condado,Rural,Colector Menor,County Highway Agency,0,Sin jurisdiccion especial,99998,42.59296667,-77.36233889,Arbol,El primer evento no fue una colision con un vehiculo automotor en transporte,T-Intersection,Interseccion de T,Sobre el lado de la calle,Ninguna,Oscuro sin iluminacion,Nublado,No,NO APLICA,4,8,5,38,1,01/01/2022,1
36,New York,360006,1,1,1,0,89,ST LAWRENCE (89),6747,WINTHROP,1,Enero,3,2022,17,26,US-11,2,US Highway,Urbano,Arteria Principal,State Highway Agency,1,Sin jurisdiccion especial,99998,44.73190556,-74.89997778,Peaton,El primer evento no fue una colision con un vehiculo automotor en transporte,Not an Intersection,No fue interseccion,Sobre calle,Ninguna,Oscuro con iluminacion,Nublado,No,NO APLICA,17,26,17,32,1,03/01/2022,3
36,New York,360007,1,1,1,0,47,KINGS (47),4170,NEW YORK CITY,1,Enero,17,2022,7,55,BEDFORD AVE,6,Calle Local Municipalidad,Urbano,Arteria Principal,City or Municipal Highway Agency,1,Sin jurisdiccion especial,99998,40.61137222,-73.94883889,Peaton,El primer evento no fue una colision con un vehiculo automotor en transporte,Four-Way Intersection,Interseccion de 4 direcciones,Sobre calle,Ninguna,Dia total,lluvia,Yes,NO APLICA,7,55,8,0,1,17/01/2022,1
36,New York,360008,0,0,2,0,79,PUTNAM (79),900,CARMEL,1,Enero,10,2022,7,37,SR-301,3,Highway estatal,Rural,Arteria Menor,State Highway Agency,0,Sin jurisdiccion especial,99998,41.44036944,-73.72474722,Vehiculo en movimiento,Frente a frente,Not an Intersection,No fue interseccion,Sobre calle,Ninguna,Dia total,Despejado,No,NO APLICA,7,40,7,47,1,10/01/2022,2
36,New York,360009,1,1,1,0,81,QUEENS (81),4170,MIDDLE VILLAGE,1,Enero,15,2022,18,49,I-278 BROOKLYN QUEENS EXPY,1,Interestatal,Urbano,Interestatal,State Highway Agency,1,Sin jurisdiccion especial,99998,40.74711389,-73.89539167,Peaton,El primer evento no fue una colision con un vehiculo automotor en transporte,Not an Intersection,No fue interseccion,Sobre calle,Ninguna,Dia total,Despejado,No,NO APLICA,18,51,18,57,1,15/01/2022,1
36,New York,360010,0,0,2,0,47,KINGS (47),4170,NEW YORK CITY,1,Enero,4,2022,0,42,MORGAN AVE,6,Calle Local Municipalidad,Urbano,Arteria Menor,City or Municipal Highway Agency,0,Sin jurisdiccion especial,99998,40.72080278,-73.93811944,Vehiculo en movimiento,Frente a Detrás,Four-Way Intersection,Interseccion de 4 direcciones,Sobre calle,Ninguna,Oscuro con iluminacion,Despejado,No,NO APLICA,0,47,99,99,1,04/01/2022,5
36,New York,360012,1,1,4,0,119,WESTCHESTER (119),6820,YONKERS,1,Enero,5,2022,6,46,SR-907K RAMP,3,Highway estatal,Urbano,Arterial Principal -Freeway o ExpressWay,State Highway Agency,1,Sin jurisdiccion especial,99998,40.92370833,-73.843525,Vehiculo en movimiento,Frente a Detrás,Not an Intersection,No fue interseccion,Sobre calle,Ninguna,Amanecer,No reportado,No,NO APLICA,6,42,8,22,1,05/01/2022,3
36,New York,360013,0,0,2,0,55,MONROE (55),5230,ROCHESTER,1,Enero,7,2022,2,2,E MAIN ST,6,Calle Local Municipalidad,Urbano,Arteria Principal,City or Municipal Highway Agency,1,Sin jurisdiccion especial,99998,43.15658611,-77.60883611,Vehiculo en movimiento,Angulo,Four-Way Intersection,Interseccion de 4 direcciones,Sobre calle,Ninguna,Oscuro con iluminacion,Nublado,No,NO APLICA,2,2,2,5,1,07/01/2022,2
36,New York,360014,0,0,1,0,45,JEFFERSON (45),720,BROWNVILLE,1,Enero,8,2022,1,39,SR-12,3,Highway estatal,Rural,Colector Mayor,State Highway Agency,0,Sin jurisdiccion especial,99998,44.06796389,-75.95800278,Poste,El primer evento no fue una colision con un vehiculo automotor en transporte,Not an Intersection,No fue interseccion,Sobre el lado de la calle,Ninguna,Oscuro sin iluminacion,Despejado,No,NO APLICA,1,40,1,57,1,08/01/2022,1
36,New York,360015,0,0,2,1,81,QUEENS (81),4170,MIDDLE VILLAGE,1,Enero,8,2022,4,11,GUY R BREWER BLVD,6,Calle Local Municipalidad,Urbano,Arteria Principal,City or Municipal Highway Agency,1,Sin jurisdiccion especial,99998,40.690125,-73.78646111,Vehiculo Aparcado,El primer evento no fue una colision con un vehiculo automotor en transporte,Not an Intersection,No fue interseccion,En estacionamiento,Ninguna,Oscuro con iluminacion,Despejado,No,NO APLICA,4,11,99,99,1,08/01/2022,6
36,New York,360016,0,0,2,0,5,BRONX (5),4170,NEW YORK CITY,1,Enero,8,2022,5,18,OAK POINT AVE,6,Calle Local Municipalidad,Urbano,Local,City or Municipal Highway Agency,0,Sin jurisdiccion especial,99998,40.81007778,-73.88721111,Vehiculo en movimiento,Angulo,Four-Way Intersection,Interseccion de 4 direcciones,Sobre calle,Ninguna,Amanecer,Despejado,No,NO APLICA,99,99,99,99,1,08/01/2022,3
36,New York,360017,0,0,2,0,59,NASSAU (59),4600,OYSTER BAY,1,Enero,9,2022,12,40,CARMANS RD,5,Calle Local - Pueblo,Urbano,Arteria Menor,Town or Township Highway Agency,0,Sin jurisdiccion especial,99998,40.69733611,-73.43293056,Vehiculo en movimiento,Frente a frente,Not an Intersection,No fue interseccion,Sobre calle,Ninguna,Dia total,Nublado,No,NO APLICA,12,43,12,43,1,09/01/2022,2
36,New York,360018,0,0,3,0,59,NASSAU (59),4600,OYSTER BAY,1,Enero,10,2022,9,30,CR-189 WANTAGH AVE,4,Calle del Condado,Urbano,Arteria Menor,County Highway Agency,0,Sin jurisdiccion especial,99998,40.70988611,-73.50220833,Poste o otros soportes,El primer evento no fue una colision con un vehiculo automotor en transporte,Four-Way Intersection,Interseccion de 4 direcciones,Sobre el lado de la calle,Ninguna,Dia total,Despejado,No,NO APLICA,9,32,9,36,1,10/01/2022,3
36,New York,360019,3,3,1,0,59,NASSAU (59),4600,OYSTER BAY,1,Enero,6,2022,5,40,PROSPECT AVE,5,Calle Local - Pueblo,Urbano,Local,Town or Township Highway Agency,0,Sin jurisdiccion especial,99998,40.76410278,-73.55328333,Peaton,El primer evento no fue una colision con un vehiculo automotor en transporte,Not an Intersection,No fue interseccion,Sobre el lado de la calle,Ninguna,Oscuro con iluminacion,Despejado,No,NO APLICA,5,43,5,55,1,06/01/2022,1
36,New York,360020,0,0,3,0,5,BRONX (5),4170,NEW YORK CITY,1,Enero,13,2022,9,12,SR-895,3,Highway estatal,Urbano,Arteria Principal,State Highway Agency,1,Sin jurisdiccion especial,99998,40.83526944,-73.88196389,Vehiculo en movimiento,Frente a Detrás,Not an Intersection,No fue interseccion,Sobre calle,Construccion,Dia total,Despejado,No,NO APLICA,99,99,99,99,1,13/01/2022,3
36,New York,360021,1,1,1,0,81,QUEENS (81),4170,MIDDLE VILLAGE,1,Enero,23,2022,22,48,SR-907M GRAND CENTRAL PKWY,3,Highway estatal,Urbano,Arterial Principal -Freeway o ExpressWay,State Highway Agency,1,Sin jurisdiccion especial,99998,40.74949444,-73.85048889,Peaton,El primer evento no fue una colision con un vehiculo automotor en transporte,Not an Intersection,No fue interseccion,Sobre calle,Ninguna,Oscuro con iluminacion,Despejado,No,NO APLICA,99,99,99,99,1,23/01/2022,3
36,New York,360022,1,3,2,1,81,QUEENS (81),4170,MIDDLE VILLAGE,1,Enero,23,2022,23,29,I-278 GRAND CENTRAL PKWY,1,Interestatal,Urbano,Interestatal,State Highway Agency,1,Sin jurisdiccion especial,99998,40.77075278,-73.91757222,Peaton,El primer evento no fue una colision con un vehiculo automotor en transporte,Not an Intersection,No fue interseccion,Sobre calle,Ninguna,Oscuro con iluminacion,Despejado,No,NO APLICA,99,99,99,99,1,23/01/2022,1
36,New York,360023,1,1,1,0,61,NEW YORK (61),4170,NEW YORK,1,Enero,24,2022,6,34,3RD AVE,6,Calle Local Municipalidad,Urbano,Arteria Principal,City or Municipal Highway Agency,1,Sin jurisdiccion especial,99998,40.77241944,-73.9587,Peaton,El primer evento no fue una colision con un vehiculo automotor en transporte,Four-Way Intersection,Interseccion de 4 direcciones,Sobre calle,Ninguna,Oscuro con iluminacion,Despejado,No,NO APLICA,99,99,99,99,1,24/01/2022,1
36,New York,360025,0,0,2,0,47,KINGS (47),4170,NEW YORK CITY,1,Enero,25,2022,19,52,ROCKAWAY AVE,6,Calle Local Municipalidad,Urbano,Arteria Principal,City or Municipal Highway Agency,1,Sin jurisdiccion especial,99998,40.65324444,-73.90656944,Vehiculo en movimiento,Angulo,T-Intersection,Interseccion de T,Sobre calle,Ninguna,Oscuro con iluminacion,Despejado,No,NO APLICA,99,99,99,99,1,25/01/2022,2
36,New York,360026,0,0,1,0,35,FULTON (35),3630,MAYFIELD,1,Enero,10,2022,15,13,SR-349,3,Highway estatal,Urbano,Colector Menor,State Highway Agency,0,Sin jurisdiccion especial,99998,43.07230556,-74.28678056,Arbol,El primer evento no fue una colision con un vehiculo automotor en transporte,Not an Intersection,No fue interseccion,Sobre el lado de la calle,Ninguna,Dia total,Nublado,No,NO APLICA,15,13,15,20,1,10/01/2022,1
36,New York,360027,0,0,1,0,63,NIAGARA (63),4330,NORTH TONAWANDA,1,Enero,15,2022,3,25,OAKWOOD TERRACE,6,Calle Local Municipalidad,Urbano,Local,City or Municipal Highway Agency,0,Sin jurisdiccion especial,99998,43.04512222,-78.87247778,Arbol,El primer evento no fue una colision con un vehiculo automotor en transporte,Not an Intersection,No fue interseccion,Sobre el lado de la calle,Ninguna,Oscuro con iluminacion,Despejado,No,NO APLICA,99,99,99,99,1,15/01/2022,2
36,New York,360028,0,0,1,0,45,JEFFERSON (45),1900,EVANS MILLS,1,Enero,15,2022,14,53,PERCH LAKE RD,5,Calle Local - Pueblo,Rural,Local,Town or Township Highway Agency,0,Sin jurisdiccion especial,99998,44.11469444,-75.88672778,Arbol,El primer evento no fue una colision con un vehiculo automotor en transporte,Not an Intersection,No fue interseccion,Sobre el lado de la calle,Ninguna,Dia total,Despejado,No,NO APLICA,14,55,15,8,1,15/01/2022,3
36,New York,360029,0,0,1,0,109,TOMPKINS (109),2940,ITHACA,1,Enero,18,2022,15,18,ENFIELD MAIN RD,5,Calle Local - Pueblo,Urbano,Local,Town or Township Highway Agency,0,Sin jurisdiccion especial,99998,42.44065,-76.63060556,Buzon de correo,El primer evento no fue una colision con un vehiculo automotor en transporte,Not an Intersection,No fue interseccion,Sobre el lado de la calle,Ninguna,Dia total,Despejado,No,NO APLICA,15,18,15,25,1,18/01/2022,1
36,New York,360030,0,0,2,0,81,QUEENS (81),4170,MIDDLE VILLAGE,1,Enero,25,2022,0,5,SR-907M GRAND CENTRAL PKWY,3,Highway estatal,Urbano,Arterial Principal -Freeway o ExpressWay,State Highway Agency,1,Sin jurisdiccion especial,99998,99.9999,999.9999,Vehiculo en movimiento,Otro,Not an Intersection,No fue interseccion,Sobre calle,Ninguna,Oscuro con iluminacion,Despejado,No,NO APLICA,99,99,99,99,1,25/01/2022,6
36,New York,360032,0,0,1,0,33,FRANKLIN (33),3825,MOIRA,1,Enero,28,2022,16,57,CR-6,4,Calle del Condado,Rural,Local,County Highway Agency,0,Sin jurisdiccion especial,99998,44.82734167,-74.58250833,Arbol,El primer evento no fue una colision con un vehiculo automotor en transporte,Not an Intersection,No fue interseccion,Sobre el lado de la calle,Ninguna,Oscuro sin iluminacion,Nublado,No,NO APLICA,16,57,16,59,1,28/01/2022,2
36,New York,360033,1,1,1,0,55,MONROE (55),652,BRIGHTON,1,Enero,27,2022,12,38,OAKDALE DR,5,Calle Local - Pueblo,Urbano,Local,Town or Township Highway Agency,0,Sin jurisdiccion especial,0,43.13570278,-77.56633889,Peaton,El primer evento no fue una colision con un vehiculo automotor en transporte,Not an Intersection,No fue interseccion,Sobre calle,Ninguna,Dia total,Nublado,No,NO APLICA,12,38,12,42,1,27/01/2022,1
36,New York,360034,1,1,1,0,47,KINGS (47),4170,NEW YORK CITY,2,Febrero,1,2022,6,55,FOSTER AVE,6,Calle Local Municipalidad,Urbano,Local,City or Municipal Highway Agency,0,Sin jurisdiccion especial,0,40.63505556,-73.9613,Peaton,El primer evento no fue una colision con un vehiculo automotor en transporte,Four-Way Intersection,Interseccion de 4 direcciones,Sobre calle,Ninguna,Amanecer,Nublado,No,NO APLICA,99,99,99,99,1,01/02/2022,1
36,New York,360035,0,0,1,0,23,CORTLAND (23),1380,CORTLAND,1,Enero,15,2022,20,44,US-11,2,US Highway,Urbano,Arteria Principal,State Highway Agency,1,Sin jurisdiccion especial,99998,42.59833333,-76.15753889,Fin de valla,El primer evento no fue una colision con un vehiculo automotor en transporte,Not an Intersection,No fue interseccion,Sobre el lado de la calle,Ninguna,Oscuro con iluminacion,Despejado,No,NO APLICA,20,47,20,53,1,15/01/2022,1
36,New York,360036,1,1,1,0,103,SUFFOLK (103),5810,SOUTHAMPTON,1,Enero,13,2022,18,27,OLD QUOGUE AVE,5,Calle Local - Pueblo,Urbano,Local,Town or Township Highway Agency,0,Sin jurisdiccion especial,99998,40.90401389,-72.65313889,Peaton,El primer evento no fue una colision con un vehiculo automotor en transporte,Y-Intersection,Interseccion de Y,Sobre calle,Ninguna,Oscuro con iluminacion,Despejado,No,NO APLICA,99,99,99,99,1,13/01/2022,1
36,New York,360037,0,0,2,0,115,WASHINGTON (115),6660,WHITEHALL,1,Enero,28,2022,19,7,US-4,2,US Highway,Rural,Arteria Principal,State Highway Agency,1,Sin jurisdiccion especial,99998,43.50711667,-73.41941389,Valla Ferrocarril,El primer evento no fue una colision con un vehiculo automotor en transporte,Not an Intersection,No fue interseccion,Sobre el lado de la calle,Ninguna,Oscuro sin iluminacion,Nublado,No,NO APLICA,19,9,19,22,1,28/01/2022,2
36,New York,360038,1,1,1,0,69,ONTARIO (69),830,CANANDAIGUA,1,Enero,16,2022,19,14,US-20,2,US Highway,Urbano,Arteria Principal,State Highway Agency,1,Sin jurisdiccion especial,99998,42.87484722,-77.24583889,Peaton,El primer evento no fue una colision con un vehiculo automotor en transporte,Four-Way Intersection,Interseccion de 4 direcciones,Sobre calle,Ninguna,Oscuro con iluminacion,Nublado,No,NO APLICA,19,14,19,21,1,16/01/2022,2
36,New York,360039,0,0,1,0,17,CHENANGO (17),5780,SMYRNA,1,Enero,20,2022,20,32,CR-14,4,Calle del Condado,Rural,Colector Menor,County Highway Agency,0,Sin jurisdiccion especial,99998,42.71146389,-75.55612222,Poste,El primer evento no fue una colision con un vehiculo automotor en transporte,Not an Intersection,No fue interseccion,Sobre el lado de la calle,Ninguna,Oscuro sin iluminacion,Nublado,No,NO APLICA,20,39,20,45,1,20/01/2022,1
36,New York,360040,0,0,1,0,67,ONONDAGA (67),810,CAMILLUS,1,Enero,1,2022,22,46,CANAL RD,5,Calle Local - Pueblo,Rural,Local,Town or Township Highway Agency,0,Sin jurisdiccion especial,99998,43.07758611,-76.35191389,Poste,El primer evento no fue una colision con un vehiculo automotor en transporte,Y-Intersection,Interseccion de Y,Sobre el lado de la calle,Ninguna,Oscuro sin iluminacion,lluvia,No,NO APLICA,22,46,23,0,1,01/01/2022,2
36,New York,360041,0,0,2,0,75,OSWEGO (75),2569,HASTINGS,1,Enero,27,2022,16,14,FULLER RD,5,Calle Local - Pueblo,Rural,Local,Town or Township Highway Agency,0,Sin jurisdiccion especial,99998,43.27873056,-76.19379444,Vehiculo en movimiento,Angulo,Not an Intersection,No fue interseccion,Sobre calle,Ninguna,Dia total,Nublado,No,NO APLICA,99,99,99,99,1,27/01/2022,2
36,New York,360042,0,0,1,0,59,NASSAU (59),4600,OYSTER BAY,1,Enero,13,2022,14,26,SR-908G NORTHERN STATE PKWY,3,Highway estatal,Urbano,Arterial Principal -Freeway o ExpressWay,State Highway Agency,1,Sin jurisdiccion especial,99998,40.77124167,-73.56385278,Arbol,El primer evento no fue una colision con un vehiculo automotor en transporte,Not an Intersection,No fue interseccion,Sobre el lado de la calle,Ninguna,Dia total,Despejado,No,NO APLICA,14,26,14,35,1,13/01/2022,1
36,New York,360043,0,0,1,0,123,YATES (123),3725,MIDDLESEX,2,Febrero,4,2022,10,49,CR-18 WETHERBY RD,4,Calle del Condado,Rural,Local,Town or Township Highway Agency,0,Sin jurisdiccion especial,99998,42.60909722,-77.29263333,Nieve,El primer evento no fue una colision con un vehiculo automotor en transporte,Not an Intersection,No fue interseccion,Sobre el lado de la calle,Ninguna,Dia total,Nieve,No,NO APLICA,10,51,11,9,1,04/02/2022,1
36,New York,360045,1,1,1,0,61,NEW YORK (61),4170,NEW YORK,1,Enero,21,2022,16,20,E 29TH ST,6,Calle Local Municipalidad,Urbano,Arteria Principal,City or Municipal Highway Agency,1,Sin jurisdiccion especial,0,40.74320278,-73.98202778,Peaton,El primer evento no fue una colision con un vehiculo automotor en transporte,Four-Way Intersection,Interseccion de 4 direcciones,Sobre calle,Ninguna,Atardecer,Despejado,No,NO APLICA,99,99,99,99,1,21/01/2022,1
36,New York,360046,1,1,1,0,59,NASSAU (59),4090,NEW HYDE PARK,2,Febrero,8,2022,19,56,ROSLYN RD,5,Calle Local - Pueblo,Urbano,Arteria Menor,Town or Township Highway Agency,0,Sin jurisdiccion especial,99998,40.77171944,-73.63661667,Peaton,El primer evento no fue una colision con un vehiculo automotor en transporte,Four-Way Intersection,Interseccion de 4 direcciones,Sobre calle,Ninguna,Oscuro con iluminacion,Despejado,No,NO APLICA,20,3,21,7,1,08/02/2022,2
36,New York,360047,1,1,1,0,47,KINGS (47),4170,NEW YORK CITY,2,Febrero,12,2022,19,1,KINGS HWY,6,Calle Local Municipalidad,Urbano,Arteria Principal,City or Municipal Highway Agency,1,Sin jurisdiccion especial,99998,40.62520278,-73.93407222,Peaton,El primer evento no fue una colision con un vehiculo automotor en transporte,Not an Intersection,No fue interseccion,Sobre calle,Ninguna,Oscuro con iluminacion,Despejado,No,NO APLICA,19,1,19,5,1,12/02/2022,2
36,New York,360048,0,0,1,0,41,HAMILTON (41),9997,Other,1,Enero,27,2022,17,45,SR-30,3,Highway estatal,Rural,Arteria Principal,State Highway Agency,1,Sin jurisdiccion especial,99998,43.31696111,-74.25645833,Valla Ferrocarril,El primer evento no fue una colision con un vehiculo automotor en transporte,Not an Intersection,No fue interseccion,Sobre el lado de la calle,Ninguna,Oscuro sin iluminacion,Nublado,No,NO APLICA,17,53,17,56,1,27/01/2022,1
36,New York,360049,0,0,2,0,5,BRONX (5),4170,NEW YORK CITY,1,Enero,9,2022,4,4,I-87 MAJOR DEEGAN EXPY,1,Interestatal,Urbano,Interestatal,State Highway Agency,1,Sin jurisdiccion especial,99998,40.88028611,-73.90226944,Vehiculo en movimiento,Frente a Detrás,Not an Intersection,No fue interseccion,Sobre calle,Ninguna,Oscuro con iluminacion,Despejado,No,NO APLICA,99,99,99,99,1,09/01/2022,2
36,New York,360050,0,0,1,0,37,GENESEE (37),4725,PEMBROKE,1,Enero,29,2022,3,5,SR-77,3,Highway estatal,Rural,Arteria Principal,State Highway Agency,1,Sin jurisdiccion especial,99998,43.013175,-78.40422222,Volcadura,El primer evento no fue una colision con un vehiculo automotor en transporte,Not an Intersection,No fue interseccion,Sobre el lado de la calle,Ninguna,Oscuro sin iluminacion,Nublado,No,NO APLICA,3,8,3,16,1,29/01/2022,1
36,New York,360051,0,0,2,0,103,SUFFOLK (103),5810,SOUTHAMPTON,1,Enero,13,2022,11,38,SR-24 FLANDERS RD,3,Highway estatal,Urbano,Arteria Principal,State Highway Agency,1,Sin jurisdiccion especial,99998,40.903625,-72.61359167,Vehiculo en movimiento,Angulo,Not an Intersection,No fue interseccion,Sobre calle,Ninguna,Dia total,Nublado,No,NO APLICA,11,38,11,40,1,13/01/2022,3
36,New York,360052,0,1,2,1,13,CHAUTAUQUA (13),5991,STOW,1,Enero,31,2022,2,36,I-86,1,Interestatal,Rural,Interestatal,State Highway Agency,1,Sin jurisdiccion especial,99998,42.15420556,-79.49601667,Vehiculo Aparcado,El primer evento no fue una colision con un vehiculo automotor en transporte,Not an Intersection,No fue interseccion,Sobre Acotamiento,Ninguna,Oscuro sin iluminacion,Despejado,No,NO APLICA,2,45,2,50,1,31/01/2022,1
36,New York,360053,0,0,2,0,55,MONROE (55),2248,GATES,1,Enero,16,2022,14,19,PIXLEY RD,5,Calle Local - Pueblo,Urbano,Colector Mayor,Town or Township Highway Agency,0,Sin jurisdiccion especial,99998,43.131825,-77.70799722,Vehiculo en movimiento,Frente a frente,Not an Intersection,No fue interseccion,Sobre calle,Ninguna,Dia total,Nublado,No,NO APLICA,14,19,14,24,1,16/01/2022,2
36,New York,360055,0,0,1,0,105,SULLIVAN (105),4028,NEVERSINK,2,Febrero,9,2022,1,14,SR-55,3,Highway estatal,Rural,Colector Mayor,State Highway Agency,0,Sin jurisdiccion especial,99998,99.9999,999.9999,Poste,El primer evento no fue una colision con un vehiculo automotor en transporte,Not an Intersection,No fue interseccion,Sobre el lado de la calle,Ninguna,Oscuro sin iluminacion,Despejado,No,NO APLICA,1,16,1,35,1,09/02/2022,1
36,New York,360056,1,1,2,0,5,BRONX (5),4170,NEW YORK CITY,2,Febrero,13,2022,18,58,JEROME AVE,6,Calle Local Municipalidad,Urbano,Arteria Menor,City or Municipal Highway Agency,0,Sin jurisdiccion especial,0,40.84608333,-73.91359444,Peaton,El primer evento no fue una colision con un vehiculo automotor en transporte,T-Intersection,Interseccion de T,Sobre calle,Ninguna,Oscuro con iluminacion,Nublado,No,NO APLICA,18,58,99,99,1,13/02/2022,3
36,New York,360057,1,1,1,0,59,NASSAU (59),4600,OYSTER BAY,2,Febrero,3,2022,10,47,SR-27 SUNRISE HWY,3,Highway estatal,Urbano,Arteria Principal,State Highway Agency,1,Sin jurisdiccion especial,99998,40.65528611,-73.67406389,Peaton,El primer evento no fue una colision con un vehiculo automotor en transporte,Four-Way Intersection,Interseccion de 4 direcciones,Sobre calle,Ninguna,Dia total,Nublado,No,NO APLICA,10,48,10,54,1,03/02/2022,1