Estado,Nombre de Estado,Numero de Caso,Peatones,Personas _no_vehiculos,Vehiculos automotores,Vehiculos estacionados,Condado,Nombre Condado,Ciudad,Nombre Ciudad,Mes,Nombre Mes,Dia,Año,Hora,Minuto,Calle,Ruta,Nombre Ruta,Rural o Urbanoo,Sistema Funcional,Dueño Calle,Sistema Nacional Carreteras,Jurisdiccion Especial,Milla,Latitud,Longitud,Causa del Accidente,Tipo de Accidente,Tipo Interseccion,Columna1,Lugar en la calle,Zona de Trabajo,Luz,Clima,Autobus Escolar,Cruce de Trenes,Hora Notificacion,Minuto Notificacion,Hora Llegada,Minuto Llegada,Decesos,Fecha,PersonaVehiculo
36,New York,360058,0,0,2,0,27,DUTCHESS (27),470,BEACON,2,Febrero,5,2022,21,51,FISHKILL AVE,6,Calle Local Municipalidad,Urbano,Arteria Menor,City or Municipal Highway Agency,0,Sin jurisdiccion especial,99998,41.51611111,-73.94619167,Vehiculo en movimiento,Frente a frente,Not an Intersection,No fue interseccion,Sobre calle,Ninguna,Oscuro con iluminacion,Despejado,No,NO APLICA,21,51,21,55,1,05/02/2022,2
36,New York,360059,1,1,1,0,47,KINGS (47),4170,NEW YORK CITY,2,Febrero,4,2022,11,0,EASTERN PKWY,6,Calle Local Municipalidad,Urbano,Arteria Principal,City or Municipal Highway Agency,1,Sin jurisdiccion especial,99998,40.67308056,-73.91107222,Ciclista,El primer evento no fue una colision con un vehiculo automotor en transporte,T-Intersection,Interseccion de T,Sobre calle,Ninguna,Dia total,lluvia,Yes,NO APLICA,11,26,99,99,1,04/02/2022,1
36,New York,360060,0,0,2,1,55,MONROE (55),2248,GATES,2,Febrero,6,2022,2,48,SR-33A CHILI AVE,3,Highway estatal,Urbano,Arteria Menor,State Highway Agency,0,Sin jurisdiccion especial,99998,43.13541667,-77.67996111,Nieve,El primer evento no fue una colision con un vehiculo automotor en transporte,Not an Intersection,No fue interseccion,Sobre el lado de la calle,Ninguna,Oscuro con iluminacion,Despejado,No,NO APLICA,2,48,2,49,1,06/02/2022,2
36,New York,360061,0,0,1,0,5,BRONX (5),4170,NEW YORK CITY,2,Febrero,4,2022,0,54,SCHLEY AVE,6,Calle Local Municipalidad,Urbano,Local,City or Municipal Highway Agency,0,Sin jurisdiccion especial,99998,40.82379444,-73.82273611,Arbol,El primer evento no fue una colision con un vehiculo automotor en transporte,T-Intersection,Interseccion de T,Sobre el lado de la calle,Ninguna,Oscuro con iluminacion,lluvia,No,NO APLICA,0,54,99,99,1,04/02/2022,1
36,New York,360062,1,1,1,0,47,KINGS (47),4170,NEW YORK CITY,2,Febrero,5,2022,16,46,ORIENTAL BLVD,6,Calle Local Municipalidad,Urbano,Arteria Menor,City or Municipal Highway Agency,0,Sin jurisdiccion especial,99998,40.57734722,-73.949075,Peaton,El primer evento no fue una colision con un vehiculo automotor en transporte,T-Intersection,Interseccion de T,Sobre calle,Ninguna,Oscuro con iluminacion,Despejado,No,NO APLICA,99,99,99,99,1,05/02/2022,1
36,New York,360063,0,0,1,0,5,BRONX (5),4170,NEW YORK CITY,2,Febrero,6,2022,5,13,SR-907H,3,Highway estatal,Urbano,Arterial Principal -Freeway o ExpressWay,State Highway Agency,1,Sin jurisdiccion especial,99998,40.85795278,-73.87282778,Fin de valla,El primer evento no fue una colision con un vehiculo automotor en transporte,Not an Intersection,No fue interseccion,Gore?,Ninguna,Oscuro con iluminacion,Despejado,No,NO APLICA,5,16,5,21,1,06/02/2022,1
36,New York,360064,1,1,1,0,61,NEW YORK (61),4170,NEW YORK,1,Enero,16,2022,11,8,11TH AVE,6,Calle Local Municipalidad,Urbano,Arteria Principal,City or Municipal Highway Agency,1,Sin jurisdiccion especial,99998,99.9999,999.9999,Ciclista,El primer evento no fue una colision con un vehiculo automotor en transporte,T-Intersection,Interseccion de T,Sobre calle,Ninguna,Dia total,Despejado,No,NO APLICA,99,99,99,99,1,16/01/2022,2
36,New York,360065,0,0,2,0,47,KINGS (47),4170,NEW YORK CITY,2,Febrero,6,2022,2,9,EASTERN PKWY,6,Calle Local Municipalidad,Urbano,Arteria Principal,City or Municipal Highway Agency,1,Sin jurisdiccion especial,99998,40.67005278,-73.95323889,Vehiculo en movimiento,Angulo,Four-Way Intersection,Interseccion de 4 direcciones,Sobre calle,Ninguna,Oscuro con iluminacion,Despejado,No,NO APLICA,1,21,99,99,1,06/02/2022,5
36,New York,360066,2,2,1,0,81,QUEENS (81),4170,MIDDLE VILLAGE,2,Febrero,9,2022,16,13,BEACH CHANNEL DR,6,Calle Local Municipalidad,Urbano,Arteria Menor,City or Municipal Highway Agency,0,Sin jurisdiccion especial,99998,40.60593333,-73.75472222,Peaton,El primer evento no fue una colision con un vehiculo automotor en transporte,Not an Intersection,No fue interseccion,Sobre el lado de la calle,Ninguna,Dia total,Despejado,No,NO APLICA,99,99,99,99,1,09/02/2022,1
36,New York,360067,0,0,2,0,99,SENECA (99),3350,LODI,1,Enero,13,2022,12,37,SR-96A,3,Highway estatal,Rural,Colector Menor,State Highway Agency,0,Sin jurisdiccion especial,99998,42.61512778,-76.78442778,Vehiculo en movimiento,Angulo,Four-Way Intersection,Interseccion de 4 direcciones,Sobre calle,Ninguna,Dia total,Nublado,No,NO APLICA,12,41,12,47,1,13/01/2022,3
36,New York,360068,0,0,2,0,29,ERIE (29),156,AMHERST,2,Febrero,3,2022,7,55,SR-263 MILLERSPORT HWY,3,Highway estatal,Urbano,Arteria Principal,State Highway Agency,1,Sin jurisdiccion especial,99998,43.07005556,-78.71009167,Vehiculo en movimiento,Frente a Detrás,Not an Intersection,No fue interseccion,Sobre calle,Ninguna,Dia total,Nieve,No,NO APLICA,7,58,8,5,1,03/02/2022,2
36,New York,360069,0,0,2,0,53,MADISON (53),1150,CHITTENANGO,2,Febrero,7,2022,9,0,SR-5/13,3,Highway estatal,Urbano,Arteria Principal,State Highway Agency,1,Sin jurisdiccion especial,99998,43.05411111,-75.86265833,Vehiculo en movimiento,Angulo,Not an Intersection,No fue interseccion,Sobre calle,Ninguna,Dia total,Despejado,No,NO APLICA,99,99,99,99,1,07/02/2022,2
36,New York,360070,1,1,1,0,45,JEFFERSON (45),910,CARTHAGE,2,Febrero,10,2022,18,4,SR-126 STATE ST,3,Highway estatal,Urbano,Arteria Menor,State Highway Agency,0,Sin jurisdiccion especial,99998,43.97858056,-75.60881389,Peaton,El primer evento no fue una colision con un vehiculo automotor en transporte,Not an Intersection,No fue interseccion,Sobre calle,Ninguna,Oscuro con iluminacion,Nieve,No,NO APLICA,18,4,18,6,1,10/02/2022,1
36,New York,360071,0,0,1,0,27,DUTCHESS (27),6266,VERBANK,2,Febrero,12,2022,18,39,VERBANK CLUB RD,5,Calle Local - Pueblo,Rural,Local,Town or Township Highway Agency,0,Sin jurisdiccion especial,99998,41.71440278,-73.70125556,Arbol,El primer evento no fue una colision con un vehiculo automotor en transporte,Not an Intersection,No fue interseccion,Sobre el lado de la calle,Ninguna,Oscuro sin iluminacion,Despejado,No,NO APLICA,18,44,18,45,1,12/02/2022,1
36,New York,360072,0,0,1,0,89,ST LAWRENCE (89),2500,HAMMOND,2,Febrero,12,2022,18,53,SR-37,3,Highway estatal,Rural,Arteria Principal,State Highway Agency,1,Sin jurisdiccion especial,99998,44.39805,-75.73531111,Poste o otros soportes,El primer evento no fue una colision con un vehiculo automotor en transporte,T-Intersection,Interseccion de T,Sobre el lado de la calle,Ninguna,Oscuro sin iluminacion,Nieve,No,NO APLICA,18,53,19,25,1,12/02/2022,1
36,New York,360073,0,0,2,0,65,ONEIDA (65),6275,VERONA,2,Febrero,13,2022,23,20,SR-365,3,Highway estatal,Rural,Arteria Principal,State Highway Agency,1,Sin jurisdiccion especial,99998,43.16461389,-75.54722778,Vehiculo en movimiento,Frente a Detrás,Not an Intersection,No fue interseccion,Sobre calle,Ninguna,Oscuro sin iluminacion,Nublado,No,NO APLICA,23,32,23,45,1,13/02/2022,2
36,New York,360074,0,0,1,0,75,OSWEGO (75),6628,WEST MONROE,2,Febrero,15,2022,22,30,CR-37,4,Calle del Condado,Rural,Colector Mayor,County Highway Agency,0,Sin jurisdiccion especial,99998,43.25656389,-76.126075,Arbol,El primer evento no fue una colision con un vehiculo automotor en transporte,Not an Intersection,No fue interseccion,Sobre el lado de la calle,Ninguna,Oscuro sin iluminacion,Despejado,No,NO APLICA,22,33,22,38,1,15/02/2022,1
36,New York,360075,1,1,1,0,81,QUEENS (81),4170,MIDDLE VILLAGE,2,Febrero,17,2022,16,50,NORTHERN BLVD,6,Calle Local Municipalidad,Urbano,Arteria Principal,City or Municipal Highway Agency,1,Sin jurisdiccion especial,99998,40.75790833,-73.86209444,Peaton,El primer evento no fue una colision con un vehiculo automotor en transporte,Not an Intersection,No fue interseccion,Sobre calle,Ninguna,Dia total,Despejado,No,NO APLICA,99,99,99,99,1,17/02/2022,1
36,New York,360076,1,1,1,0,59,NASSAU (59),4600,OYSTER BAY,2,Febrero,19,2022,19,15,JERUSALEM AVE,5,Calle Local - Pueblo,Urbano,Arteria Menor,Town or Township Highway Agency,0,Sin jurisdiccion especial,99998,40.75193611,-73.51943056,Peaton,El primer evento no fue una colision con un vehiculo automotor en transporte,Not an Intersection,No fue interseccion,Sobre calle,Ninguna,Dia total,Nublado,No,NO APLICA,19,19,19,25,1,19/02/2022,1
36,New York,360077,1,1,1,0,47,KINGS (47),4170,NEW YORK CITY,2,Febrero,19,2022,20,3,UTICA AVE,6,Calle Local Municipalidad,Urbano,Arteria Principal,City or Municipal Highway Agency,1,Sin jurisdiccion especial,0,40.61875,-73.92692222,Peaton,El primer evento no fue una colision con un vehiculo automotor en transporte,Four-Way Intersection,Interseccion de 4 direcciones,Sobre calle,Ninguna,Oscuro con iluminacion,Despejado,No,NO APLICA,20,3,99,99,1,19/02/2022,1
36,New York,360078,0,0,3,2,47,KINGS (47),4170,NEW YORK CITY,2,Febrero,22,2022,1,30,DITMAS AVE,6,Calle Local Municipalidad,Urbano,Arteria Menor,City or Municipal Highway Agency,0,Sin jurisdiccion especial,0,40.64526944,-73.91893333,Vehiculo Aparcado,El primer evento no fue una colision con un vehiculo automotor en transporte,Not an Intersection,No fue interseccion,Sobre el lado de la calle,Ninguna,Oscuro con iluminacion,Despejado,No,NO APLICA,1,30,99,99,1,22/02/2022,2
36,New York,360079,0,0,1,0,75,OSWEGO (75),2540,HANNIBAL,2,Febrero,2,2022,10,19,MARTVILLE RD,5,Calle Local - Pueblo,Rural,Local,Town or Township Highway Agency,0,Sin jurisdiccion especial,99998,43.28265556,-76.60039167,Arbol,El primer evento no fue una colision con un vehiculo automotor en transporte,Not an Intersection,No fue interseccion,Sobre el lado de la calle,Ninguna,Dia total,Despejado,No,NO APLICA,10,19,10,36,1,02/02/2022,2
36,New York,360080,0,0,1,0,63,NIAGARA (63),3340,LOCKPORT,2,Febrero,23,2022,3,55,LOCUST ST,6,Calle Local Municipalidad,Urbano,Arteria Menor,City or Municipal Highway Agency,0,Sin jurisdiccion especial,99998,43.17026944,-78.69032222,Banqueta,El primer evento no fue una colision con un vehiculo automotor en transporte,Four-Way Intersection,Interseccion de 4 direcciones,Sobre el lado de la calle,Ninguna,Oscuro con iluminacion,Nublado,No,NO APLICA,3,55,3,57,1,23/02/2022,1
36,New York,360081,0,0,2,0,7,BROOME (7),1302,CONKLIN,1,Enero,21,2022,9,19,CR-157 MURPHY RD,4,Calle del Condado,Urbano,Colector Mayor,County Highway Agency,0,Sin jurisdiccion especial,99998,42.044775,-75.84207778,Vehiculo en movimiento,Frente a frente,Not an Intersection,No fue interseccion,Sobre calle,Ninguna,Dia total,Despejado,No,NO APLICA,9,21,9,29,1,21/01/2022,6
36,New York,360082,0,0,2,0,63,NIAGARA (63),3220,LEWISTON,2,Febrero,14,2022,11,52,SR-104 RIDGE RD,3,Highway estatal,Urbano,Arteria Menor,State Highway Agency,0,Sin jurisdiccion especial,99998,43.17884444,-78.98352778,Vehiculo en movimiento,Angulo,Four-Way Intersection,Interseccion de 4 direcciones,Sobre calle,Ninguna,Dia total,Despejado,No,NO APLICA,11,54,99,99,1,14/02/2022,2
36,New York,360083,0,0,1,0,25,DELAWARE (25),1454,DAVENPORT,2,Febrero,17,2022,14,35,SR-23,3,Highway estatal,Urbano,Arteria Menor,State Highway Agency,0,Sin jurisdiccion especial,99998,42.45053056,-74.76523889,Culvert,El primer evento no fue una colision con un vehiculo automotor en transporte,Not an Intersection,No fue interseccion,Sobre el lado de la calle,Ninguna,Dia total,lluvia,No,NO APLICA,14,39,14,47,1,17/02/2022,1
36,New York,360084,0,0,1,0,105,SULLIVAN (105),6800,WURTSBORO,2,Febrero,6,2022,20,23,CR-171 MAMAKATING RD,4,Calle del Condado,Rural,Colector Mayor,County Highway Agency,0,Sin jurisdiccion especial,99998,41.5578,-74.449375,Valla Ferrocarril,El primer evento no fue una colision con un vehiculo automotor en transporte,Not an Intersection,No fue interseccion,Sobre el lado de la calle,Ninguna,Oscuro sin iluminacion,Nublado,No,NO APLICA,7,1,7,10,1,06/02/2022,1
36,New York,360085,0,0,1,0,53,MADISON (53),3195,LEBANON,2,Febrero,23,2022,22,28,CR-71 CAMPBELL RD,4,Calle del Condado,Rural,Colector Menor,County Highway Agency,0,Sin jurisdiccion especial,99998,42.78071389,-75.64792778,Arbol,El primer evento no fue una colision con un vehiculo automotor en transporte,Not an Intersection,No fue interseccion,Sobre el lado de la calle,Ninguna,Oscuro sin iluminacion,Nieve,No,NO APLICA,22,28,22,46,1,23/02/2022,1
36,New York,360086,0,0,2,0,119,WESTCHESTER (119),1083,CHAPPAQUA,2,Febrero,9,2022,17,49,SR-100/133,3,Highway estatal,Urbano,Arteria Menor,State Highway Agency,0,Sin jurisdiccion especial,99998,41.18527778,-73.80702222,Estructura de puente overhead,El primer evento no fue una colision con un vehiculo automotor en transporte,Not an Intersection,No fue interseccion,Sobre calle,Ninguna,Dia total,Despejado,No,NO APLICA,17,49,17,58,1,09/02/2022,2
36,New York,360088,0,0,1,0,61,NEW YORK (61),4170,NEW YORK,2,Febrero,28,2022,1,44,SR-907V,3,Highway estatal,Urbano,Arterial Principal -Freeway o ExpressWay,State Highway Agency,1,Sin jurisdiccion especial,99998,40.852175,-73.94258333,Barrera de Trafico de Concreto,El primer evento no fue una colision con un vehiculo automotor en transporte,Not an Intersection,No fue interseccion,Sobre el lado de la calle,Ninguna,Oscuro con iluminacion,Despejado,No,NO APLICA,1,44,99,99,3,28/02/2022,3
36,New York,360089,0,0,1,0,23,CORTLAND (23),6125,TRUXTON,3,Marzo,1,2022,6,41,BELLS MILLS RD,5,Calle Local - Pueblo,Rural,Local,Town or Township Highway Agency,0,Sin jurisdiccion especial,0,42.71026944,-76.01765833,Arbol,El primer evento no fue una colision con un vehiculo automotor en transporte,Not an Intersection,No fue interseccion,Sobre el lado de la calle,Ninguna,Oscuro sin iluminacion,Nublado,No,NO APLICA,6,43,6,51,1,01/03/2022,1
36,New York,360090,0,0,1,0,9,CATTARAUGUS (9),1830,ELLICOTTVILLE,2,Febrero,9,2022,4,10,CR-85 ROCK SPRINGS RD,4,Calle del Condado,Rural,Colector Menor,County Highway Agency,0,Sin jurisdiccion especial,99998,42.46752222,-78.66834167,Acotamiento,El primer evento no fue una colision con un vehiculo automotor en transporte,Not an Intersection,No fue interseccion,Sobre el lado de la calle,Ninguna,Oscuro sin iluminacion,Despejado,No,NO APLICA,99,99,99,99,1,09/02/2022,1
36,New York,360091,0,0,2,0,7,BROOME (7),3453,MAINE,2,Febrero,14,2022,19,28,SR-26,3,Highway estatal,Rural,Arteria Menor,State Highway Agency,0,Sin jurisdiccion especial,99998,42.22235278,-76.02348889,Vehiculo en movimiento,Frente a frente,Not an Intersection,No fue interseccion,Sobre calle,Ninguna,Oscuro sin iluminacion,Despejado,No,NO APLICA,19,28,19,46,1,14/02/2022,2
36,New York,360092,1,1,1,0,87,ROCKLAND (87),4063,NEW CITY,2,Febrero,23,2022,20,22,SR-303,3,Highway estatal,Urbano,Arteria Principal,State Highway Agency,1,Sin jurisdiccion especial,99998,41.09733611,-73.95038056,Peaton,El primer evento no fue una colision con un vehiculo automotor en transporte,Not an Intersection,No fue interseccion,Sobre calle,Ninguna,Oscuro con iluminacion,Despejado,No,NO APLICA,20,24,20,28,1,23/02/2022,1
36,New York,360093,0,0,2,0,89,ST LAWRENCE (89),2330,GOUVERNEUR,2,Febrero,23,2022,13,20,US-11,2,US Highway,Rural,Arteria Principal,State Highway Agency,1,Sin jurisdiccion especial,99998,44.37507778,-75.42048889,Vehiculo en movimiento,Frente a frente,Not an Intersection,No fue interseccion,Sobre calle,Ninguna,Dia total,Nublado,No,NO APLICA,13,20,13,30,1,23/02/2022,3
36,New York,360094,1,1,1,0,81,QUEENS (81),4170,MIDDLE VILLAGE,2,Febrero,24,2022,9,50,UNION TURNPIKE,6,Calle Local Municipalidad,Urbano,Arteria Principal,City or Municipal Highway Agency,1,Sin jurisdiccion especial,99998,40.73021667,-73.77769167,Peaton,El primer evento no fue una colision con un vehiculo automotor en transporte,Four-Way Intersection,Interseccion de 4 direcciones,Sobre calle,Ninguna,Dia total,Despejado,No,NO APLICA,9,50,10,13,1,24/02/2022,1
36,New York,360095,0,0,2,0,119,WESTCHESTER (119),2555,HARRISON,2,Febrero,24,2022,21,59,I-287,1,Interestatal,Urbano,Interestatal,State Highway Agency,1,Sin jurisdiccion especial,99998,41.01443889,-73.72129444,Vehiculo en movimiento,Golpe Lateral - misma direccion,Not an Intersection,No fue interseccion,Sobre calle,Ninguna,Oscuro sin iluminacion,Nublado,No,NO APLICA,21,59,22,1,1,24/02/2022,2
36,New York,360097,1,1,1,0,63,NIAGARA (63),3340,LOCKPORT,2,Febrero,19,2022,18,34,SR-93 DYSINGER RD,3,Highway estatal,Urbano,Arteria Menor,State Highway Agency,0,Sin jurisdiccion especial,99998,43.13122222,-78.66138611,Peaton,El primer evento no fue una colision con un vehiculo automotor en transporte,Not an Intersection,No fue interseccion,Sobre calle,Ninguna,Oscuro con iluminacion,Nieve,No,NO APLICA,99,99,99,99,1,19/02/2022,1
36,New York,360098,1,1,1,0,47,KINGS (47),4170,NEW YORK CITY,2,Febrero,21,2022,10,27,18TH AVE,6,Calle Local Municipalidad,Urbano,Local,City or Municipal Highway Agency,0,Sin jurisdiccion especial,0,40.63131389,-73.97596111,Peaton,El primer evento no fue una colision con un vehiculo automotor en transporte,Four-Way Intersection,Interseccion de 4 direcciones,Sobre calle,Ninguna,Dia total,Despejado,No,NO APLICA,10,29,10,40,1,21/02/2022,1
36,New York,360099,0,0,3,0,5,BRONX (5),4170,NEW YORK CITY,2,Febrero,25,2022,23,49,I-95 CROSS BRONX EXPY,1,Interestatal,Urbano,Interestatal,State Highway Agency,1,Sin jurisdiccion especial,99998,40.8362,-73.87098333,Vehiculo en movimiento,Angulo,Not an Intersection,No fue interseccion,Sobre calle,Ninguna,Oscuro con iluminacion,Despejado,No,NO APLICA,23,49,99,99,2,25/02/2022,8
36,New York,360100,0,0,1,0,103,SUFFOLK (103),5210,RIVERHEAD,2,Febrero,26,2022,23,57,SOUND AVE,5,Calle Local - Pueblo,Urbano,Arteria Principal,Town or Township Highway Agency,1,Sin jurisdiccion especial,99998,40.96758889,-72.65027778,Acotamiento,El primer evento no fue una colision con un vehiculo automotor en transporte,Not an Intersection,No fue interseccion,Sobre el lado de la calle,Ninguna,Oscuro con iluminacion,Despejado,No,NO APLICA,0,4,0,11,1,26/02/2022,1
36,New York,360101,1,1,1,0,5,BRONX (5),4170,NEW YORK CITY,2,Febrero,28,2022,6,11,FOOD CENTER DR,6,Calle Local Municipalidad,Urbano,Colector Mayor,City or Municipal Highway Agency,0,Sin jurisdiccion especial,99998,40.80996944,-73.87618611,Ciclista,El primer evento no fue una colision con un vehiculo automotor en transporte,Not an Intersection,No fue interseccion,Sobre calle,Ninguna,Amanecer,Despejado,No,NO APLICA,6,11,6,21,1,28/02/2022,1
36,New York,360102,0,0,2,1,81,QUEENS (81),4170,MIDDLE VILLAGE,2,Febrero,26,2022,2,33,101 ST,6,Calle Local Municipalidad,Urbano,Arteria Menor,City or Municipal Highway Agency,0,Sin jurisdiccion especial,99998,40.68909722,-73.82882778,Vehiculo Aparcado,El primer evento no fue una colision con un vehiculo automotor en transporte,Not an Intersection,No fue interseccion,En estacionamiento,Ninguna,Oscuro con iluminacion,Despejado,No,NO APLICA,99,99,99,99,1,26/02/2022,3
36,New York,360103,0,0,1,0,61,NEW YORK (61),4170,NEW YORK,3,Marzo,4,2022,4,36,SR-907L FDR DR,3,Highway estatal,Urbano,Arterial Principal -Freeway o ExpressWay,State Highway Agency,1,Sin jurisdiccion especial,99998,40.76725278,-73.95011389,Barrera de Trafico de Concreto,El primer evento no fue una colision con un vehiculo automotor en transporte,Not an Intersection,No fue interseccion,Sobre el lado de la calle,Ninguna,Oscuro con iluminacion,Despejado,No,NO APLICA,4,36,99,99,2,04/03/2022,3
36,New York,360104,1,1,1,0,47,KINGS (47),4170,NEW YORK CITY,3,Marzo,4,2022,15,32,FLATBUSH AVE,6,Calle Local Municipalidad,Urbano,Arteria Principal,State Highway Agency,1,Sin jurisdiccion especial,99998,40.68364444,-73.97708889,Peaton,El primer evento no fue una colision con un vehiculo automotor en transporte,Not an Intersection,No fue interseccion,Sobre calle,Ninguna,Dia total,Despejado,No,NO APLICA,99,99,99,99,1,04/03/2022,1
36,New York,360105,0,0,1,0,61,NEW YORK (61),4170,NEW YORK,3,Marzo,5,2022,0,12,SR-907P HARLEM RIVER DR,3,Highway estatal,Urbano,Arterial Principal -Freeway o ExpressWay,State Highway Agency,1,Sin jurisdiccion especial,99998,40.80228333,-73.93004167,Valla para choques,El primer evento no fue una colision con un vehiculo automotor en transporte,Not an Intersection,No fue interseccion,Gore?,Ninguna,Oscuro con iluminacion,Despejado,No,NO APLICA,0,12,99,99,2,05/03/2022,2
36,New York,360107,0,0,2,0,81,QUEENS (81),4170,MIDDLE VILLAGE,2,Febrero,21,2022,15,13,COOPER AVE,6,Calle Local Municipalidad,Urbano,Arteria Menor,City or Municipal Highway Agency,0,Sin jurisdiccion especial,99998,40.710775,-73.86504722,Vehiculo en movimiento,Frente a frente,T-Intersection,Interseccion de T,Sobre calle,Ninguna,Dia total,Despejado,No,NO APLICA,99,99,99,99,1,21/02/2022,4
36,New York,360108,0,0,1,0,81,QUEENS (81),4170,MIDDLE VILLAGE,2,Febrero,17,2022,19,40,DOUGLASTON PKWY,6,Calle Local Municipalidad,Urbano,Colector Mayor,City or Municipal Highway Agency,0,Sin jurisdiccion especial,0,40.76251111,-73.74288611,Arbol,El primer evento no fue una colision con un vehiculo automotor en transporte,Not an Intersection,No fue interseccion,Sobre el lado de la calle,Ninguna,Oscuro con iluminacion,Despejado,No,NO APLICA,99,99,99,99,1,17/02/2022,1
36,New York,360109,1,1,1,0,5,BRONX (5),4170,NEW YORK CITY,3,Marzo,7,2022,11,46,HUTCHINSON RIVER PKWY E,6,Calle Local Municipalidad,Urbano,Colector Mayor,City or Municipal Highway Agency,0,Sin jurisdiccion especial,99998,40.86561944,-73.82331667,Peaton,El primer evento no fue una colision con un vehiculo automotor en transporte,T-Intersection,Interseccion de T,Sobre calle,Ninguna,Dia total,Despejado,No,NO APLICA,11,49,11,56,1,07/03/2022,1
36,New York,360110,1,1,1,0,47,KINGS (47),4170,NEW YORK CITY,3,Marzo,8,2022,1,0,PENNSYLVANIA AVE,6,Calle Local Municipalidad,Urbano,Local,City or Municipal Highway Agency,0,Sin jurisdiccion especial,0,40.65765833,-73.89002222,Peaton,El primer evento no fue una colision con un vehiculo automotor en transporte,Not an Intersection,No fue interseccion,Sobre calle,Ninguna,Oscuro con iluminacion,Despejado,No,NO APLICA,1,0,99,99,1,08/03/2022,1
36,New York,360112,0,0,2,0,59,NASSAU (59),4450,OLD WESTBURY,3,Marzo,9,2022,14,48,GUINEA WOODS RD,5,Calle Local - Pueblo,Urbano,Colector Mayor,Town or Township Highway Agency,0,Sin jurisdiccion especial,99998,40.76986944,-73.62493889,Vehiculo en movimiento,Angulo,Not an Intersection,No fue interseccion,Sobre calle,Ninguna,Dia total,No reportado,No,NO APLICA,99,99,99,99,1,09/03/2022,2
36,New York,360113,0,0,1,0,29,ERIE (29),611,BOSTON,1,Enero,2,2022,21,43,CR-227 BOSTON STATE RD,4,Calle del Condado,Urbano,Colector Mayor,County Highway Agency,0,Sin jurisdiccion especial,99998,42.68490833,-78.77466667,Buzon de correo,El primer evento no fue una colision con un vehiculo automotor en transporte,Not an Intersection,No fue interseccion,Sobre el lado de la calle,Ninguna,Oscuro con iluminacion,Nieve,No,NO APLICA,21,43,21,46,2,02/01/2022,2
36,New York,360114,0,0,1,0,7,BROOME (7),3064,KIRKWOOD,2,Febrero,27,2022,16,35,I-81,1,Interestatal,Urbano,Interestatal,State Highway Agency,1,Sin jurisdiccion especial,99998,42.04555278,-75.79473889,Immersion total o parcial,El primer evento no fue una colision con un vehiculo automotor en transporte,Not an Intersection,No fue interseccion,Sobre el lado de la calle,Ninguna,Atardecer,Nublado,No,NO APLICA,16,42,16,51,1,27/02/2022,3
36,New York,360115,0,0,1,0,115,WASHINGTON (115),2360,GRANVILLE,1,Enero,6,2022,0,24,SR-22,3,Highway estatal,Rural,Arteria Menor,State Highway Agency,0,Sin jurisdiccion especial,99998,43.28566667,-73.28133889,Valla Ferrocarril,El primer evento no fue una colision con un vehiculo automotor en transporte,Not an Intersection,No fue interseccion,Sobre el lado de la calle,Ninguna,Oscuro sin iluminacion,Nublado,No,NO APLICA,0,24,0,37,1,06/01/2022,1
36,New York,360116,0,0,1,0,55,MONROE (55),1160,CHURCHVILLE,3,Marzo,6,2022,11,56,SR-531,3,Highway estatal,Urbano,Arterial Principal -Freeway o ExpressWay,State Highway Agency,1,Sin jurisdiccion especial,99998,43.16471944,-77.76136389,Valla Ferrocarril,El primer evento no fue una colision con un vehiculo automotor en transporte,Not an Intersection,No fue interseccion,Sobre el lado de la calle,Ninguna,Dia total,Despejado,No,NO APLICA,11,56,11,58,1,06/03/2022,1
36,New York,360117,0,0,1,0,103,SUFFOLK (103),2391,GREAT RIVER,3,Marzo,8,2022,22,28,SEBASTIAN DR,5,Calle Local - Pueblo,Urbano,Local,Town or Township Highway Agency,0,Sin jurisdiccion especial,99998,40.96720278,-72.70605833,Otro objeto (no fijo),El primer evento no fue una colision con un vehiculo automotor en transporte,Not an Intersection,No fue interseccion,Sobre el lado de la calle,Ninguna,Oscuro sin iluminacion,Despejado,No,NO APLICA,99,99,99,99,1,08/03/2022,1
36,New York,360118,1,1,1,0,27,DUTCHESS (27),2000,FISHKILL,2,Febrero,18,2022,18,55,US-9,2,US Highway,Urbano,Arteria Principal,State Highway Agency,1,Sin jurisdiccion especial,99998,41.53345556,-73.89702222,Peaton,El primer evento no fue una colision con un vehiculo automotor en transporte,Not an Intersection,No fue interseccion,Sobre calle,Ninguna,Oscuro sin iluminacion,Despejado,No,NO APLICA,18,55,19,3,1,18/02/2022,1