Estado,Nombre de Estado,Numero de Caso,Peatones,Personas _no_vehiculos,Vehiculos automotores,Vehiculos estacionados,Condado,Nombre Condado,Ciudad,Nombre Ciudad,Mes,Nombre Mes,Dia,Año,Hora,Minuto,Calle,Ruta,Nombre Ruta,Rural o Urbanoo,Sistema Funcional,Dueño Calle,Sistema Nacional Carreteras,Jurisdiccion Especial,Milla,Latitud,Longitud,Causa del Accidente,Tipo de Accidente,Tipo Interseccion,Columna1,Lugar en la calle,Zona de Trabajo,Luz,Clima,Autobus Escolar,Cruce de Trenes,Hora Notificacion,Minuto Notificacion,Hora Llegada,Minuto Llegada,Decesos,Fecha,PersonaVehiculo
36,New York,360119,1,1,1,0,55,MONROE (55),680,BROCKPORT,3,Marzo,9,2022,20,9,NORTON ST,6,Calle Local Municipalidad,Urbano,Local,City or Municipal Highway Agency,0,Sin jurisdiccion especial,0,43.18767778,-77.57485278,Peaton,El primer evento no fue una colision con un vehiculo automotor en transporte,T-Intersection,Interseccion de T,Sobre calle,Ninguna,Oscuro con iluminacion,Despejado,No,NO APLICA,20,9,20,12,1,09/03/2022,1
36,New York,360120,0,0,2,0,103,SUFFOLK (103),5810,SOUTHAMPTON,2,Febrero,10,2022,6,28,CR-104 QUOGUE RIVERHEAD RD,4,Calle del Condado,Urbano,Arteria Menor,County Highway Agency,0,Sin jurisdiccion especial,99998,40.87333056,-72.62165278,Vehiculo en movimiento,Angulo,Not an Intersection,No fue interseccion,Sobre calle,Ninguna,Dia total,Despejado,No,NO APLICA,6,28,6,39,1,10/02/2022,2
36,New York,360121,0,0,2,0,59,NASSAU (59),2600,HEMPSTEAD,3,Marzo,4,2022,16,33,PENINSULA BLVD,5,Calle Local - Pueblo,Urbano,Arteria Menor,Town or Township Highway Agency,0,Sin jurisdiccion especial,99998,40.70219722,-73.62678611,Vehiculo en movimiento,Angulo,Four-Way Intersection,Interseccion de 4 direcciones,Sobre calle,Ninguna,Dia total,Despejado,No,NO APLICA,16,33,16,35,1,04/03/2022,2
36,New York,360122,0,0,1,0,69,ONTARIO (69),2319,GORHAM,3,Marzo,11,2022,12,46,CR-18,4,Calle del Condado,Urbano,Colector Menor,County Highway Agency,0,Sin jurisdiccion especial,99998,42.85290833,-77.23745278,Culvert,El primer evento no fue una colision con un vehiculo automotor en transporte,Not an Intersection,No fue interseccion,Sobre el lado de la calle,Ninguna,Dia total,Nublado,No,NO APLICA,12,46,12,56,1,11/03/2022,1
36,New York,360123,1,1,1,0,47,KINGS (47),4170,NEW YORK CITY,2,Febrero,18,2022,18,10,FLATBUSH AVE,6,Calle Local Municipalidad,Urbano,Arteria Principal,City or Municipal Highway Agency,1,Sin jurisdiccion especial,0,40.63163056,-73.94651667,Peaton,El primer evento no fue una colision con un vehiculo automotor en transporte,Four-Way Intersection,Interseccion de 4 direcciones,Sobre calle,Ninguna,Dia total,Despejado,No,NO APLICA,99,99,99,99,1,18/02/2022,1
36,New York,360124,1,1,1,0,115,WASHINGTON (115),2070,FORT ANN,3,Marzo,1,2022,11,15,CR-16,4,Calle del Condado,Urbano,Local,County Highway Agency,0,Sin jurisdiccion especial,99998,43.42257222,-73.49807222,Peaton,El primer evento no fue una colision con un vehiculo automotor en transporte,Not an Intersection,No fue interseccion,Sobre calle,Ninguna,Dia total,Nublado,No,NO APLICA,99,99,99,99,1,01/03/2022,1
36,New York,360125,0,0,2,1,5,BRONX (5),4170,NEW YORK CITY,3,Marzo,14,2022,22,6,RICHARDSON AVE,6,Calle Local Municipalidad,Urbano,Local,City or Municipal Highway Agency,0,Sin jurisdiccion especial,0,40.90434167,-73.85098611,Vehiculo Aparcado,El primer evento no fue una colision con un vehiculo automotor en transporte,Not an Intersection,No fue interseccion,En estacionamiento,Ninguna,Oscuro con iluminacion,Despejado,No,NO APLICA,22,6,99,99,1,14/03/2022,1
36,New York,360126,0,0,2,0,29,ERIE (29),1117,CHEEKTOWAGA,1,Enero,23,2022,4,33,SR-78 TRANSIT RD,3,Highway estatal,Urbano,Arteria Principal,State Highway Agency,1,Sin jurisdiccion especial,99998,42.94476944,-78.69704167,Vehiculo en movimiento,Angulo,T-Intersection,Interseccion de T,Sobre calle,Ninguna,Oscuro con iluminacion,Nieve,No,NO APLICA,4,33,4,35,1,23/01/2022,2
36,New York,360127,0,0,1,0,7,BROOME (7),3064,KIRKWOOD,3,Marzo,10,2022,10,16,US-11,2,US Highway,Urbano,Colector Mayor,State Highway Agency,0,Sin jurisdiccion especial,99998,42.02833056,-75.79018056,Culvert,El primer evento no fue una colision con un vehiculo automotor en transporte,Not an Intersection,No fue interseccion,Sobre el lado de la calle,Ninguna,Dia total,Despejado,No,NO APLICA,10,21,10,28,1,10/03/2022,1
36,New York,360128,0,0,2,0,71,ORANGE (71),1169,CIRCLEVILLE,2,Febrero,25,2022,22,14,SR-211,3,Highway estatal,Urbano,Arteria Menor,State Highway Agency,0,Sin jurisdiccion especial,99998,41.482875,-74.298175,Vehiculo en movimiento,Frente a frente,Not an Intersection,No fue interseccion,Sobre calle,Ninguna,Oscuro sin iluminacion,Despejado,No,NO APLICA,22,14,22,23,1,25/02/2022,2
36,New York,360129,0,0,2,0,25,DELAWARE (25),1570,DOWNSVILLE,2,Febrero,27,2022,12,38,SR-206,3,Highway estatal,Rural,Colector Mayor,State Highway Agency,0,Sin jurisdiccion especial,99998,42.03753333,-74.90190556,Vehiculo en movimiento,Frente a frente,Not an Intersection,No fue interseccion,Sobre calle,Ninguna,Dia total,Nublado,No,NO APLICA,12,40,12,54,1,27/02/2022,3
36,New York,360130,0,0,2,0,27,DUTCHESS (27),3084,LAGRANGEVILLE,3,Marzo,8,2022,15,12,SR-55,3,Highway estatal,Urbano,Arteria Principal,State Highway Agency,1,Sin jurisdiccion especial,99998,41.66232778,-73.74456111,Vehiculo en movimiento,Angulo,Four-Way Intersection,Interseccion de 4 direcciones,Sobre calle,Ninguna,Dia total,Despejado,Yes,NO APLICA,15,12,15,20,1,08/03/2022,5
36,New York,360131,0,0,1,0,91,SARATOGA (91),5470,SARATOGA SPGS,3,Marzo,10,2022,16,16,I-87,1,Interestatal,Urbano,Interestatal,State Highway Agency,1,Sin jurisdiccion especial,99998,43.05296667,-73.76773333,Arbol,El primer evento no fue una colision con un vehiculo automotor en transporte,Not an Intersection,No fue interseccion,En el medio,Ninguna,Dia total,Despejado,No,NO APLICA,16,16,16,26,2,10/03/2022,2
36,New York,360132,1,1,1,0,81,QUEENS (81),4170,MIDDLE VILLAGE,3,Marzo,11,2022,21,25,SR-25 NORTHERN BLVD,3,Highway estatal,Urbano,Arteria Principal,State Highway Agency,1,Sin jurisdiccion especial,99998,40.76499444,-73.82022222,Peaton,El primer evento no fue una colision con un vehiculo automotor en transporte,Not an Intersection,No fue interseccion,Sobre calle,Ninguna,Oscuro con iluminacion,Despejado,No,NO APLICA,99,99,99,99,1,11/03/2022,1
36,New York,360133,0,0,2,0,59,NASSAU (59),4600,OYSTER BAY,3,Marzo,15,2022,23,40,SR-25 JERICHO TURNPIKE,3,Highway estatal,Urbano,Arteria Principal,State Highway Agency,1,Sin jurisdiccion especial,99998,40.78857222,-73.54571389,Vehiculo en movimiento,Frente a Detrás,Not an Intersection,No fue interseccion,Sobre calle,Ninguna,Oscuro con iluminacion,Nublado,No,NO APLICA,23,44,23,48,1,15/03/2022,2
36,New York,360135,1,1,1,0,81,QUEENS (81),4170,MIDDLE VILLAGE,3,Marzo,19,2022,9,11,CENTRAL AVE,6,Calle Local Municipalidad,Urbano,Arteria Menor,City or Municipal Highway Agency,0,Sin jurisdiccion especial,99998,40.60648333,-73.75036944,No vehiculo o remolque,El primer evento no fue una colision con un vehiculo automotor en transporte,T-Intersection,Interseccion de T,Sobre calle,Ninguna,Dia total,Despejado,No,NO APLICA,99,99,99,99,1,19/03/2022,1
36,New York,360136,0,0,1,0,7,BROOME (7),3453,MAINE,3,Marzo,19,2022,0,2,CR-49 FARM TO MARKET RD,4,Calle del Condado,Urbano,Arteria Menor,County Highway Agency,0,Sin jurisdiccion especial,99998,42.18983889,-75.99662778,Culvert,El primer evento no fue una colision con un vehiculo automotor en transporte,Not an Intersection,No fue interseccion,Sobre el lado de la calle,Ninguna,Oscuro sin iluminacion,Despejado,No,NO APLICA,0,6,0,18,1,19/03/2022,1
36,New York,360137,0,0,1,0,111,ULSTER (111),2242,GARDINER,3,Marzo,21,2022,12,15,CR-7 BRUNSWICK RD,4,Calle del Condado,Urbano,Local,County Highway Agency,0,Sin jurisdiccion especial,99998,41.68479722,-74.21348333,Culvert,El primer evento no fue una colision con un vehiculo automotor en transporte,Not an Intersection,No fue interseccion,Sobre el lado de la calle,Ninguna,Dia total,Despejado,No,NO APLICA,12,18,12,36,1,21/03/2022,1
36,New York,360138,0,0,1,0,119,WESTCHESTER (119),1083,CHAPPAQUA,3,Marzo,22,2022,19,37,SR-987D SAW MILL RIVER PKWY,3,Highway estatal,Urbano,Arterial Principal -Freeway o ExpressWay,State Highway Agency,1,Sin jurisdiccion especial,99998,41.16833056,-73.76878333,Zanja,El primer evento no fue una colision con un vehiculo automotor en transporte,Not an Intersection,No fue interseccion,Sobre el lado de la calle,Ninguna,Oscuro sin iluminacion,Despejado,No,NO APLICA,19,47,19,54,1,22/03/2022,1
36,New York,360139,0,0,1,0,103,SUFFOLK (103),1650,EAST HAMPTON,3,Marzo,23,2022,18,41,ACCABONAC RD,5,Calle Local - Pueblo,Urbano,Colector Mayor,Town or Township Highway Agency,0,Sin jurisdiccion especial,99998,40.97965,-72.16954444,Arbol,El primer evento no fue una colision con un vehiculo automotor en transporte,Not an Intersection,No fue interseccion,Sobre el lado de la calle,Ninguna,Dia total,Nublado,No,NO APLICA,18,43,18,49,1,23/03/2022,1
36,New York,360140,0,0,1,0,121,WYOMING (121),4820,PIKE,3,Marzo,4,2022,16,16,CR-37 E HILLSIDE RD,4,Calle del Condado,Rural,Local,Town or Township Highway Agency,0,Sin jurisdiccion especial,99998,42.59810556,-78.18838056,Poste,El primer evento no fue una colision con un vehiculo automotor en transporte,Not an Intersection,No fue interseccion,Sobre el lado de la calle,Ninguna,Dia total,Despejado,No,NO APLICA,16,16,16,16,1,04/03/2022,2
36,New York,360141,0,0,1,0,81,QUEENS (81),4170,MIDDLE VILLAGE,3,Marzo,25,2022,21,9,S CONDUIT AVE,6,Calle Local Municipalidad,Urbano,Local,City or Municipal Highway Agency,0,Sin jurisdiccion especial,99998,40.66553333,-73.8154,Arbol,El primer evento no fue una colision con un vehiculo automotor en transporte,Not an Intersection,No fue interseccion,Sobre el lado de la calle,Ninguna,Oscuro con iluminacion,Despejado,No,NO APLICA,21,9,99,99,1,25/03/2022,2
36,New York,360142,2,2,1,0,87,ROCKLAND (87),3975,NANUET,2,Febrero,18,2022,6,5,S SECOND AVE,5,Calle Local - Pueblo,Urbano,Local,Town or Township Highway Agency,0,Sin jurisdiccion especial,0,41.10865833,-74.03538056,Peaton,El primer evento no fue una colision con un vehiculo automotor en transporte,Not an Intersection,No fue interseccion,Sobre calle,Ninguna,Oscuro sin iluminacion,lluvia,No,NO APLICA,6,5,6,5,1,18/02/2022,1
36,New York,360143,1,1,2,0,103,SUFFOLK (103),360,BABYLON,2,Febrero,5,2022,3,10,SR-908M SOUTHERN STATE PKWY,3,Highway estatal,Urbano,Arterial Principal -Freeway o ExpressWay,State Highway Agency,1,Sin jurisdiccion especial,99998,40.73161944,-73.32402222,Vehiculo en movimiento,Frente a Detrás,Not an Intersection,No fue interseccion,Sobre calle,Ninguna,Oscuro con iluminacion,Despejado,No,NO APLICA,99,99,99,99,1,05/02/2022,1
36,New York,360144,0,0,2,0,65,ONEIDA (65),5260,ROME,1,Enero,16,2022,9,25,SR-26 RAMP,3,Highway estatal,Urbano,Arterial Principal -Freeway o ExpressWay,State Highway Agency,1,Sin jurisdiccion especial,99998,43.19235,-75.45388889,Vehiculo en movimiento,Frente a frente,Not an Intersection,No fue interseccion,Sobre calle,Ninguna,Dia total,Despejado,No,NO APLICA,9,28,9,37,1,16/01/2022,3
36,New York,360145,0,0,1,0,115,WASHINGTON (115),250,ARGYLE,3,Marzo,3,2022,7,13,SR-197,3,Highway estatal,Rural,Colector Mayor,State Highway Agency,0,Sin jurisdiccion especial,99998,43.26148056,-73.52438889,Poste,El primer evento no fue una colision con un vehiculo automotor en transporte,Not an Intersection,No fue interseccion,Sobre el lado de la calle,Ninguna,Dia total,Nublado,No,NO APLICA,7,13,7,26,1,03/03/2022,1
36,New York,360146,1,1,1,0,51,LIVINGSTON (51),2461,GROVELAND CORNERS,2,Febrero,27,2022,3,0,I-390,1,Interestatal,Rural,Interestatal,State Highway Agency,1,Sin jurisdiccion especial,99998,42.74266667,-77.83986389,Peaton,El primer evento no fue una colision con un vehiculo automotor en transporte,Not an Intersection,No fue interseccion,Sobre calle,Ninguna,Oscuro sin iluminacion,Despejado,No,NO APLICA,99,99,99,99,1,27/02/2022,2
36,New York,360147,0,0,2,0,119,WESTCHESTER (119),4309,NORTH SALEM,2,Febrero,12,2022,14,30,SR-116 TITICUS RD,3,Highway estatal,Urbano,Arteria Menor,State Highway Agency,0,Sin jurisdiccion especial,99998,41.33180556,-73.64306667,Vehiculo en movimiento,Frente a frente,Not an Intersection,No fue interseccion,Sobre calle,Ninguna,Dia total,Despejado,No,NO APLICA,14,30,14,35,1,12/02/2022,2
36,New York,360148,1,1,2,0,119,WESTCHESTER (119),2555,HARRISON,2,Febrero,21,2022,1,29,I-684,1,Interestatal,Urbano,Interestatal,State Highway Agency,1,Sin jurisdiccion especial,99998,99.9999,999.9999,Vehiculo en movimiento,Angulo,Not an Intersection,No fue interseccion,Sobre calle,Ninguna,Oscuro sin iluminacion,Despejado,No,NO APLICA,99,99,99,99,1,21/02/2022,1
36,New York,360149,0,0,2,0,109,TOMPKINS (109),4072,NEWFIELD,3,Marzo,19,2022,1,18,SR-13 ELMIRA RD,3,Highway estatal,Rural,Arteria Principal,State Highway Agency,1,Sin jurisdiccion especial,99998,99.9999,999.9999,Vehiculo en movimiento,Angulo,Not an Intersection,No fue interseccion,Sobre calle,Ninguna,Oscuro sin iluminacion,lluvia,No,NO APLICA,1,18,1,40,1,19/03/2022,2
36,New York,360150,0,0,2,1,5,BRONX (5),4170,NEW YORK CITY,3,Marzo,24,2022,22,34,SOUTHERN BLVD,6,Calle Local Municipalidad,Urbano,Arteria Principal,City or Municipal Highway Agency,1,Sin jurisdiccion especial,99998,40.85958333,-73.88086111,Vehiculo Aparcado,El primer evento no fue una colision con un vehiculo automotor en transporte,Not an Intersection,No fue interseccion,En estacionamiento,Ninguna,Oscuro con iluminacion,lluvia,No,NO APLICA,22,34,99,99,1,24/03/2022,1
36,New York,360151,0,0,2,0,1,ALBANY (1),2464,GUILDERLAND,3,Marzo,15,2022,6,39,US-20 WESTERN TPK,2,US Highway,Urbano,Arteria Principal,State Highway Agency,1,Sin jurisdiccion especial,99998,42.72363056,-73.95471111,Vehiculo en movimiento,Frente a frente,Not an Intersection,No fue interseccion,Sobre calle,Ninguna,Dia total,Despejado,No,NO APLICA,6,41,6,45,1,15/03/2022,2
36,New York,360152,0,0,2,0,55,MONROE (55),2710,HILTON,3,Marzo,20,2022,21,44,SR-104 W RIDGE RD,3,Highway estatal,Urbano,Arteria Principal,State Highway Agency,1,Sin jurisdiccion especial,99998,43.221125,-77.82717222,Vehiculo en movimiento,Frente a frente,Not an Intersection,No fue interseccion,Sobre calle,Ninguna,Oscuro sin iluminacion,Despejado,No,NO APLICA,9,44,9,46,1,20/03/2022,2
36,New York,360153,1,1,2,0,55,MONROE (55),2248,GATES,3,Marzo,7,2022,22,10,I-390,1,Interestatal,Urbano,Interestatal,State Highway Agency,1,Sin jurisdiccion especial,99998,43.14535,-77.67426111,Peaton,El primer evento no fue una colision con un vehiculo automotor en transporte,Not an Intersection,No fue interseccion,Sobre calle,Ninguna,Oscuro con iluminacion,Despejado,No,NO APLICA,22,10,22,12,1,07/03/2022,2
36,New York,360154,1,1,1,0,113,WARREN (113),2300,GLENS FALLS,2,Febrero,6,2022,5,45,BROAD ST,6,Calle Local Municipalidad,Urbano,Arteria Principal,City or Municipal Highway Agency,1,Sin jurisdiccion especial,99998,43.30326667,-73.66085556,Peaton,El primer evento no fue una colision con un vehiculo automotor en transporte,Not an Intersection,No fue interseccion,Sobre calle,Ninguna,Oscuro con iluminacion,Despejado,No,NO APLICA,5,45,5,51,1,06/02/2022,1
36,New York,360155,0,0,1,0,29,ERIE (29),750,BUFFALO,2,Febrero,22,2022,1,53,HOWARD AVE,6,Calle Local Municipalidad,Urbano,Local,City or Municipal Highway Agency,0,Sin jurisdiccion especial,99998,42.88339444,-78.83920556,Soporte de Puente,El primer evento no fue una colision con un vehiculo automotor en transporte,Four-Way Intersection,Interseccion de 4 direcciones,Separador,Ninguna,Oscuro con iluminacion,Despejado,No,NO APLICA,99,99,99,99,1,22/02/2022,1
36,New York,360156,0,0,1,0,87,ROCKLAND (87),4063,NEW CITY,3,Marzo,12,2022,11,0,SR-987C,3,Highway estatal,Urbano,Arterial Principal -Freeway o ExpressWay,State Highway Agency,1,otro,99998,41.11309722,-74.00187222,Arbol,El primer evento no fue una colision con un vehiculo automotor en transporte,Not an Intersection,No fue interseccion,En el medio,Ninguna,Dia total,Nieve,No,NO APLICA,11,0,11,8,1,12/03/2022,1
36,New York,360157,0,0,1,0,29,ERIE (29),156,AMHERST,3,Marzo,18,2022,19,33,CR-87 HOPKINS RD,4,Calle del Condado,Urbano,Arteria Menor,County Highway Agency,0,Sin jurisdiccion especial,99998,43.01254167,-78.73795278,Volcadura,El primer evento no fue una colision con un vehiculo automotor en transporte,Not an Intersection,No fue interseccion,Sobre el lado de la calle,Ninguna,Oscuro con iluminacion,Nublado,No,NO APLICA,20,58,22,5,1,18/03/2022,1
36,New York,360158,0,0,1,0,105,SULLIVAN (105),4905,POND EDDY,3,Marzo,16,2022,17,31,CR-42 FORESTBURGH RD,4,Calle del Condado,Rural,Colector Menor,County Highway Agency,0,Sin jurisdiccion especial,99998,41.51890833,-74.79718889,Arbol,El primer evento no fue una colision con un vehiculo automotor en transporte,Not an Intersection,No fue interseccion,Sobre el lado de la calle,Ninguna,Dia total,Despejado,No,NO APLICA,17,34,17,44,1,16/03/2022,1
36,New York,360159,1,1,2,0,59,NASSAU (59),5250,ROCKVILLE CENTRE,3,Marzo,19,2022,23,56,CR-27 MERRICK RD,4,Calle del Condado,Urbano,Arteria Menor,County Highway Agency,0,Sin jurisdiccion especial,99998,40.65527778,-73.63809722,Peaton,El primer evento no fue una colision con un vehiculo automotor en transporte,Four-Way Intersection,Interseccion de 4 direcciones,Sobre calle,Ninguna,Oscuro con iluminacion,Nublado,No,NO APLICA,23,56,23,57,1,19/03/2022,2
36,New York,360161,0,0,1,0,29,ERIE (29),750,BUFFALO,2,Febrero,2,2022,0,33,MICHIGAN AVE,6,Calle Local Municipalidad,Urbano,Local,City or Municipal Highway Agency,0,Sin jurisdiccion especial,0,42.90943611,-78.86238611,Soporte de  señalamiento de transito,El primer evento no fue una colision con un vehiculo automotor en transporte,Four-Way Intersection,Interseccion de 4 direcciones,Sobre el lado de la calle,Ninguna,Oscuro con iluminacion,Despejado,No,NO APLICA,99,99,99,99,1,02/02/2022,1
36,New York,360162,0,0,1,0,53,MADISON (53),703,BROOKFIELD,3,Marzo,20,2022,4,42,CR-99 BEAVER CREEK RD,4,Calle del Condado,Rural,Colector Menor,City or Municipal Highway Agency,0,Sin jurisdiccion especial,99998,42.820275,-75.31830278,Acotamiento,El primer evento no fue una colision con un vehiculo automotor en transporte,Not an Intersection,No fue interseccion,Sobre el lado de la calle,Ninguna,Oscuro sin iluminacion,lluvia,No,NO APLICA,4,43,4,50,1,20/03/2022,1
36,New York,360163,0,0,1,0,89,ST LAWRENCE (89),1502,DE PEYSTER,3,Marzo,30,2022,22,59,SR-184,3,Highway estatal,Rural,Colector Menor,State Highway Agency,0,Sin jurisdiccion especial,99998,44.59483333,-75.42695833,Acotamiento,El primer evento no fue una colision con un vehiculo automotor en transporte,Not an Intersection,No fue interseccion,Sobre el lado de la calle,Ninguna,Oscuro sin iluminacion,lluvia,No,NO APLICA,23,1,23,8,1,30/03/2022,1
36,New York,360164,1,1,1,0,29,ERIE (29),750,BUFFALO,2,Febrero,8,2022,19,15,US-62 BAILEY ST,2,US Highway,Urbano,Arteria Principal,State Highway Agency,1,Sin jurisdiccion especial,99998,42.89775278,-78.81404167,Peaton,El primer evento no fue una colision con un vehiculo automotor en transporte,Not an Intersection,No fue interseccion,Sobre calle,Ninguna,Oscuro con iluminacion,Despejado,No,NO APLICA,99,99,99,99,1,08/02/2022,1
36,New York,360165,1,1,1,0,119,WESTCHESTER (119),6820,YONKERS,2,Febrero,8,2022,5,43,CR-142 FORT HILL AVE,4,Calle del Condado,Urbano,Arteria Menor,County Highway Agency,0,Sin jurisdiccion especial,99998,99.9999,999.9999,Peaton,El primer evento no fue una colision con un vehiculo automotor en transporte,Not an Intersection,No fue interseccion,Sobre calle,Ninguna,Oscuro con iluminacion,Neblina o Humo,No,NO APLICA,99,99,99,99,1,08/02/2022,1
36,New York,360166,0,0,2,0,29,ERIE (29),750,BUFFALO,2,Febrero,5,2022,1,11,SR-33 KENSINGTON EXPY,3,Highway estatal,Urbano,Arterial Principal -Freeway o ExpressWay,State Highway Agency,1,Sin jurisdiccion especial,99998,42.93287222,-78.81282778,Vehiculo en movimiento,Frente a frente,Not an Intersection,No fue interseccion,Sobre calle,Ninguna,Oscuro con iluminacion,No reportado,No,NO APLICA,99,99,99,99,1,05/02/2022,2
36,New York,360167,0,0,1,0,113,WARREN (113),5068,QUEENSBURY,2,Febrero,23,2022,3,57,AVIATION RD,5,Calle Local - Pueblo,Urbano,Arteria Menor,Town or Township Highway Agency,0,Sin jurisdiccion especial,99998,43.32923611,-73.69282222,Poste,El primer evento no fue una colision con un vehiculo automotor en transporte,Not an Intersection,No fue interseccion,Sobre el lado de la calle,Ninguna,Oscuro con iluminacion,Nublado,No,NO APLICA,99,99,99,99,1,23/02/2022,1
36,New York,360168,0,0,1,0,9,CATTARAUGUS (9),1959,FARMERSVILLE CENTER,3,Marzo,5,2022,5,0,SR-98,3,Highway estatal,Rural,Colector Mayor,State Highway Agency,0,Sin jurisdiccion especial,99998,42.39185278,-78.36941944,Arbol,El primer evento no fue una colision con un vehiculo automotor en transporte,Not an Intersection,No fue interseccion,Sobre el lado de la calle,Ninguna,Oscuro sin iluminacion,Despejado,No,NO APLICA,5,5,5,30,1,05/03/2022,1
36,New York,360169,0,0,1,0,29,ERIE (29),1170,CLARENCE,3,Marzo,7,2022,16,10,CR-247 DELAWARE RD,4,Calle del Condado,Rural,Local,Town or Township Highway Agency,0,Sin jurisdiccion especial,99998,43.05805833,-78.62171389,Acotamiento,El primer evento no fue una colision con un vehiculo automotor en transporte,Not an Intersection,No fue interseccion,Sobre el lado de la calle,Ninguna,Dia total,Nublado,No,NO APLICA,16,13,16,24,2,07/03/2022,2
36,New York,360170,1,1,1,0,29,ERIE (29),750,BUFFALO,3,Marzo,25,2022,0,3,SOBIESKI ST,6,Calle Local Municipalidad,Urbano,Local,City or Municipal Highway Agency,0,Sin jurisdiccion especial,0,42.89727778,-78.83260833,Peaton,El primer evento no fue una colision con un vehiculo automotor en transporte,Four-Way Intersection,Interseccion de 4 direcciones,Sobre calle,Ninguna,Oscuro - iluminacion desconocida,Despejado,No,NO APLICA,0,3,0,3,1,25/03/2022,2
36,New York,360171,0,0,1,0,119,WESTCHESTER (119),6820,YONKERS,3,Marzo,13,2022,4,30,SR-987F SPRAIN BROOK PKWY,3,Highway estatal,Urbano,Arterial Principal -Freeway o ExpressWay,State Highway Agency,1,Sin jurisdiccion especial,99998,99.9999,999.9999,Valla Ferrocarril,El primer evento no fue una colision con un vehiculo automotor en transporte,Not an Intersection,No fue interseccion,En el medio,Ninguna,Oscuro sin iluminacion,Despejado,No,NO APLICA,6,0,6,28,1,13/03/2022,1
36,New York,360172,0,0,1,0,119,WESTCHESTER (119),6825,YORKTOWN HGTS,3,Marzo,27,2022,0,15,SR-987G TACONIC STATE PKWY,3,Highway estatal,Urbano,Arterial Principal -Freeway o ExpressWay,State Highway Agency,1,Sin jurisdiccion especial,99998,99.9999,999.9999,Valla Ferrocarril,El primer evento no fue una colision con un vehiculo automotor en transporte,Not an Intersection,No fue interseccion,Sobre el lado de la calle,Ninguna,Oscuro sin iluminacion,Despejado,No,NO APLICA,0,22,0,31,1,27/03/2022,1
36,New York,360173,0,0,1,0,45,JEFFERSON (45),6050,THERESA,3,Marzo,30,2022,12,15,SR-26,3,Highway estatal,Rural,Colector Mayor,State Highway Agency,0,Sin jurisdiccion especial,99998,44.25039444,-75.81958056,Volcadura,El primer evento no fue una colision con un vehiculo automotor en transporte,Not an Intersection,No fue interseccion,Sobre el lado de la calle,Ninguna,Dia total,Nublado,No,NO APLICA,12,19,12,39,1,30/03/2022,1
36,New York,360174,0,0,1,0,81,QUEENS (81),4170,MIDDLE VILLAGE,4,Abril,8,2022,3,15,SR-907A,3,Highway estatal,Urbano,Arteria Principal,State Highway Agency,1,Sin jurisdiccion especial,99998,40.68945556,-73.72682222,Valla Ferrocarril,El primer evento no fue una colision con un vehiculo automotor en transporte,Not an Intersection,No fue interseccion,Sobre el lado de la calle,Ninguna,Oscuro con iluminacion,Nublado,No,NO APLICA,99,99,99,99,1,08/04/2022,3
36,New York,360175,0,0,1,0,65,ONEIDA (65),6021,TABERG,3,Marzo,29,2022,14,5,RANNEY RD,5,Calle Local - Pueblo,Rural,Local,Town or Township Highway Agency,0,Sin jurisdiccion especial,99998,43.28115556,-75.61608889,Arbol,El primer evento no fue una colision con un vehiculo automotor en transporte,Not an Intersection,No fue interseccion,Sobre el lado de la calle,Ninguna,Dia total,Despejado,No,NO APLICA,14,5,14,16,2,29/03/2022,2
36,New York,360176,1,1,1,0,7,BROOME (7),4940,PORT DICKINSON,4,Abril,2,2022,21,26,SR-7 OFF RAMP,3,Highway estatal,Urbano,Arterial Principal -Freeway o ExpressWay,State Highway Agency,1,Sin jurisdiccion especial,99998,42.13594167,-75.89263611,Peaton,El primer evento no fue una colision con un vehiculo automotor en transporte,Not an Intersection,No fue interseccion,Sobre calle,Ninguna,Oscuro sin iluminacion,Nublado,No,NO APLICA,21,29,21,34,1,02/04/2022,1
36,New York,360177,1,1,1,0,47,KINGS (47),4170,NEW YORK CITY,4,Abril,7,2022,20,7,EASTERN PKWY,6,Calle Local Municipalidad,Urbano,Arteria Principal,City or Municipal Highway Agency,1,Sin jurisdiccion especial,99998,40.66901944,-73.93379444,Peaton,El primer evento no fue una colision con un vehiculo automotor en transporte,Four-Way Intersection,Interseccion de 4 direcciones,Sobre calle,Ninguna,Oscuro con iluminacion,lluvia,No,NO APLICA,20,7,20,10,1,07/04/2022,6
36,New York,360178,0,0,2,0,1,ALBANY (1),1290,COLONIE,3,Marzo,27,2022,4,46,I-87,1,Interestatal,Urbano,Interestatal,State Highway Agency,1,Sin jurisdiccion especial,99998,42.77601667,-73.76026111,Vehiculo en movimiento,Frente a Detrás,Not an Intersection,No fue interseccion,Sobre calle,Ninguna,Oscuro sin iluminacion,Nublado,No,NO APLICA,4,54,5,5,1,27/03/2022,2
36,New York,360179,0,0,2,0,57,MONTGOMERY (57),170,AMSTERDAM,3,Marzo,29,2022,16,24,SR-5,3,Highway estatal,Urbano,Arteria Principal,State Highway Agency,1,Sin jurisdiccion especial,99998,42.92506667,-74.16830556,Vehiculo en movimiento,Frente a frente,Not an Intersection,No fue interseccion,Sobre calle,Ninguna,Dia total,Despejado,No,NO APLICA,16,24,16,33,1,29/03/2022,2