Estado,Nombre de Estado,Numero de Caso,Peatones,Personas _no_vehiculos,Vehiculos automotores,Vehiculos estacionados,Condado,Nombre Condado,Ciudad,Nombre Ciudad,Mes,Nombre Mes,Dia,Año,Hora,Minuto,Calle,Ruta,Nombre Ruta,Rural o Urbanoo,Sistema Funcional,Dueño Calle,Sistema Nacional Carreteras,Jurisdiccion Especial,Milla,Latitud,Longitud,Causa del Accidente,Tipo de Accidente,Tipo Interseccion,Columna1,Lugar en la calle,Zona de Trabajo,Luz,Clima,Autobus Escolar,Cruce de Trenes,Hora Notificacion,Minuto Notificacion,Hora Llegada,Minuto Llegada,Decesos,Fecha,PersonaVehiculo
36,New York,360180,0,0,2,0,103,SUFFOLK (103),5210,RIVERHEAD,2,Febrero,10,2022,16,59,SOUND AVE,5,Calle Local - Pueblo,Urbano,Arteria Principal,Town or Township Highway Agency,1,Sin jurisdiccion especial,99998,40.96858056,-72.62409444,Vehiculo en movimiento,Frente a frente,Not an Intersection,No fue interseccion,Sobre calle,Ninguna,Dia total,Despejado,Yes,NO APLICA,17,2,17,11,1,10/02/2022,2
36,New York,360181,0,0,2,0,67,ONONDAGA (67),1179,CLAY,4,Abril,1,2022,23,29,CR-45 HENRY CLAY BLVD,4,Calle del Condado,Urbano,Arteria Principal,County Highway Agency,1,Sin jurisdiccion especial,99998,43.12492778,-76.18605833,Vehiculo en movimiento,Frente a frente,Not an Intersection,No fue interseccion,Sobre calle,Ninguna,Oscuro con iluminacion,Despejado,No,NO APLICA,23,31,99,99,1,01/04/2022,3
36,New York,360182,0,0,2,1,103,SUFFOLK (103),2840,HUNTINGTON,3,Marzo,29,2022,4,47,SR-25 JERICHO TPK,3,Highway estatal,Urbano,Arteria Principal,State Highway Agency,1,Sin jurisdiccion especial,99998,40.83521667,-73.36931389,Poste,El primer evento no fue una colision con un vehiculo automotor en transporte,Not an Intersection,No fue interseccion,Sobre el lado de la calle,Ninguna,Oscuro con iluminacion,Despejado,No,NO APLICA,4,48,4,56,1,29/03/2022,1
36,New York,360183,1,1,1,0,79,PUTNAM (79),1280,COLD SPRING,3,Marzo,15,2022,17,30,US-9,2,US Highway,Rural,Arteria Principal,State Highway Agency,1,Sin jurisdiccion especial,99998,41.47409722,-73.91588333,Ciclista,El primer evento no fue una colision con un vehiculo automotor en transporte,Not an Intersection,No fue interseccion,Sobre calle,Ninguna,Dia total,Despejado,No,NO APLICA,17,26,17,35,1,15/03/2022,1
36,New York,360184,1,1,2,0,63,NIAGARA (63),3340,LOCKPORT,3,Marzo,18,2022,19,46,SR-78 S TRANSIT ST,3,Highway estatal,Urbano,Arteria Principal,State Highway Agency,1,Sin jurisdiccion especial,99998,43.16478889,-78.69688889,Peaton,El primer evento no fue una colision con un vehiculo automotor en transporte,Four-Way Intersection,Interseccion de 4 direcciones,Sobre calle,Ninguna,Oscuro con iluminacion,Nublado,No,NO APLICA,19,49,19,51,1,18/03/2022,4
36,New York,360185,0,0,3,0,111,ULSTER (111),5480,SAUGERTIES,3,Marzo,1,2022,15,28,US-9W,2,US Highway,Urbano,Arteria Menor,State Highway Agency,0,Sin jurisdiccion especial,99998,42.00440278,-73.98383056,Vehiculo en movimiento,Frente a Detrás,Y-Intersection,Interseccion de Y,Sobre calle,Ninguna,Dia total,Nublado,No,NO APLICA,15,28,15,33,1,01/03/2022,5
36,New York,360186,0,0,3,0,29,ERIE (29),156,AMHERST,3,Marzo,24,2022,9,19,HOPKINS RD,5,Calle Local - Pueblo,Urbano,Arteria Menor,Town or Township Highway Agency,0,Sin jurisdiccion especial,99998,42.97840556,-78.73950833,Vehiculo en movimiento,Golpe Lateral - direccion contraria,Four-Way Intersection,Interseccion de 4 direcciones,Sobre calle,Ninguna,Dia total,Nublado,No,NO APLICA,9,19,9,19,1,24/03/2022,3
36,New York,360187,0,0,3,0,103,SUFFOLK (103),2840,HUNTINGTON,3,Marzo,25,2022,17,20,VANDERBILT PKWY,5,Calle Local - Pueblo,Urbano,Colector Menor,Town or Township Highway Agency,0,Sin jurisdiccion especial,99998,40.81463889,-73.31754444,Vehiculo en movimiento,Frente a frente,Not an Intersection,No fue interseccion,Sobre calle,Ninguna,Dia total,Despejado,No,NO APLICA,17,28,17,35,1,25/03/2022,4
36,New York,360188,2,2,5,4,61,NEW YORK (61),4170,NEW YORK,3,Marzo,28,2022,8,25,W 145TH ST,6,Calle Local Municipalidad,Urbano,Local,City or Municipal Highway Agency,0,Sin jurisdiccion especial,0,40.82067222,-73.93632222,Peaton,El primer evento no fue una colision con un vehiculo automotor en transporte,Four-Way Intersection,Interseccion de 4 direcciones,Sobre el lado de la calle,Ninguna,Dia total,Despejado,No,NO APLICA,99,99,99,99,1,28/03/2022,1
36,New York,360189,0,0,1,0,111,ULSTER (111),4875,PLATTEKILL,3,Marzo,19,2022,15,59,CR-68 MILTON TURNPIKE,4,Calle del Condado,Rural,Colector Mayor,County Highway Agency,0,Sin jurisdiccion especial,99998,41.67281944,-74.06213889,Arbol,El primer evento no fue una colision con un vehiculo automotor en transporte,Not an Intersection,No fue interseccion,Sobre el lado de la calle,Ninguna,Dia total,Despejado,No,NO APLICA,15,59,16,4,1,19/03/2022,1
36,New York,360190,1,1,1,0,27,DUTCHESS (27),2000,FISHKILL,3,Marzo,28,2022,20,30,US-9,2,US Highway,Urbano,Arteria Principal,State Highway Agency,1,Sin jurisdiccion especial,99998,41.53785556,-73.90025278,Peaton,El primer evento no fue una colision con un vehiculo automotor en transporte,Four-Way Intersection,Interseccion de 4 direcciones,Sobre calle,Ninguna,Oscuro con iluminacion,Nublado,No,NO APLICA,20,30,20,32,1,28/03/2022,2
36,New York,360191,0,0,2,0,29,ERIE (29),1844,ELMA,4,Abril,2,2022,11,1,SR-16/78 SENECA ST,3,Highway estatal,Urbano,Arteria Menor,State Highway Agency,0,Sin jurisdiccion especial,99998,42.81433889,-78.67035556,Vehiculo en movimiento,Angulo,Not an Intersection,No fue interseccion,Sobre calle,Ninguna,Dia total,Despejado,No,NO APLICA,11,5,11,8,1,02/04/2022,2
36,New York,360192,0,0,1,0,23,CORTLAND (23),2760,HOMER,4,Abril,8,2022,5,52,I-81,1,Interestatal,Rural,Interestatal,State Highway Agency,1,Sin jurisdiccion especial,99998,42.67354722,-76.16785833,Arbol,El primer evento no fue una colision con un vehiculo automotor en transporte,Not an Intersection,No fue interseccion,Sobre el lado de la calle,Ninguna,Oscuro sin iluminacion,Nublado,No,NO APLICA,99,99,99,99,1,08/04/2022,1
36,New York,360193,2,2,1,0,27,DUTCHESS (27),5030,POUGHKEEPSIE,4,Abril,11,2022,13,6,STANLEY ST,5,Calle Local - Pueblo,Urbano,Local,Town or Township Highway Agency,0,Sin jurisdiccion especial,99998,41.72069167,-73.84461667,No vehiculo o remolque,El primer evento no fue una colision con un vehiculo automotor en transporte,T-Intersection,Interseccion de T,Sobre calle,Ninguna,Dia total,Despejado,No,NO APLICA,13,8,13,11,2,11/04/2022,1
36,New York,360194,0,0,2,0,63,NIAGARA (63),4330,NORTH TONAWANDA,4,Abril,13,2022,11,30,US-62 NIAGARA FALLS BLVD,2,US Highway,Urbano,Arteria Principal,State Highway Agency,1,Sin jurisdiccion especial,99998,43.09388333,-78.90989722,Vehiculo en movimiento,Frente a Detrás,Not an Intersection,No fue interseccion,Sobre calle,Ninguna,Dia total,Nublado,No,NO APLICA,11,30,11,31,1,13/04/2022,2
36,New York,360195,0,0,2,0,3,ALLEGANY (3),1046,CENTERVILLE,3,Marzo,11,2022,7,56,CR-36,4,Calle del Condado,Rural,Colector Menor,County Highway Agency,0,Sin jurisdiccion especial,99998,42.48455556,-78.23902222,Vehiculo en movimiento,Angulo,Four-Way Intersection,Interseccion de 4 direcciones,Sobre calle,Ninguna,Dia total,Nublado,No,NO APLICA,7,58,8,5,2,11/03/2022,3
36,New York,360197,0,0,1,0,89,ST LAWRENCE (89),880,CANTON,4,Abril,17,2022,8,2,IRISH SETTLEMENT RD,5,Calle Local - Pueblo,Rural,Local,Town or Township Highway Agency,0,Sin jurisdiccion especial,99998,44.58403333,-75.24342222,Arbol,El primer evento no fue una colision con un vehiculo automotor en transporte,Not an Intersection,No fue interseccion,Sobre el lado de la calle,Ninguna,Dia total,Nublado,No,NO APLICA,8,10,8,18,1,17/04/2022,3
36,New York,360198,0,0,2,0,65,ONEIDA (65),403,BARNEVELD,3,Marzo,27,2022,15,17,SR-365,3,Highway estatal,Rural,Colector Mayor,State Highway Agency,0,Sin jurisdiccion especial,99998,43.30820833,-75.15473056,Vehiculo en movimiento,Angulo,Four-Way Intersection,Interseccion de 4 direcciones,Sobre calle,Ninguna,Dia total,Nublado,No,NO APLICA,15,15,15,18,1,27/03/2022,2
36,New York,360200,0,0,2,0,65,ONEIDA (65),650,BRIDGEWATER,4,Abril,7,2022,8,5,CR-2A STONE RD,4,Calle del Condado,Rural,Colector Mayor,County Highway Agency,0,Sin jurisdiccion especial,99998,42.91311389,-75.20574444,Vehiculo en movimiento,Angulo,Not an Intersection,No fue interseccion,Sobre calle,Ninguna,Oscuro sin iluminacion,lluvia,No,NO APLICA,8,10,8,20,1,07/04/2022,3
36,New York,360201,0,0,3,0,51,LIVINGSTON (51),3200,LEICESTER,4,Abril,13,2022,18,6,SR-36 MOUNT MORRIS RD,3,Highway estatal,Rural,Arteria Menor,State Highway Agency,0,Sin jurisdiccion especial,99998,42.756325,-77.88470278,Vehiculo en movimiento,Angulo,Four-Way Intersection,Interseccion de 4 direcciones,Sobre calle,Ninguna,Atardecer,Nublado,No,NO APLICA,18,6,18,12,1,13/04/2022,8
36,New York,360202,0,0,1,0,71,ORANGE (71),4060,NEWBURGH,3,Marzo,31,2022,6,32,SR-32,3,Highway estatal,Urbano,Arteria Principal,State Highway Agency,1,Sin jurisdiccion especial,99998,41.58062222,-74.06770278,Buzon de correo,El primer evento no fue una colision con un vehiculo automotor en transporte,Not an Intersection,No fue interseccion,Sobre el lado de la calle,Ninguna,Dia total,lluvia,No,NO APLICA,6,37,6,48,1,31/03/2022,1
36,New York,360203,0,0,1,0,103,SUFFOLK (103),2840,HUNTINGTON,1,Enero,18,2022,20,0,PIDGEON HILL RD,5,Calle Local - Pueblo,Urbano,Local,Town or Township Highway Agency,0,Sin jurisdiccion especial,99998,40.81872222,-73.38832778,Banqueta,El primer evento no fue una colision con un vehiculo automotor en transporte,Not an Intersection,No fue interseccion,Sobre el lado de la calle,Ninguna,Oscuro con iluminacion,Despejado,No,NO APLICA,99,99,99,99,1,18/01/2022,1
36,New York,360204,1,1,1,0,103,SUFFOLK (103),2840,HUNTINGTON,4,Abril,14,2022,21,37,SR-110 NEW YORK AVE,3,Highway estatal,Urbano,Arteria Principal,State Highway Agency,1,Sin jurisdiccion especial,99998,40.85786389,-73.413525,Peaton,El primer evento no fue una colision con un vehiculo automotor en transporte,Four-Way Intersection,Interseccion de 4 direcciones,Sobre calle,Ninguna,Oscuro con iluminacion,Despejado,No,NO APLICA,99,99,99,99,1,14/04/2022,2
36,New York,360205,0,0,2,0,103,SUFFOLK (103),2840,HUNTINGTON,1,Enero,5,2022,12,15,CUBA HILL RD,5,Calle Local - Pueblo,Urbano,Local,Town or Township Highway Agency,0,Sin jurisdiccion especial,99998,40.85038056,-73.34311389,Vehiculo en movimiento,Angulo,Not an Intersection,No fue interseccion,Sobre calle,Ninguna,Dia total,lluvia,No,NO APLICA,99,99,99,99,2,05/01/2022,4
36,New York,360206,0,0,2,0,103,SUFFOLK (103),2840,HUNTINGTON,4,Abril,14,2022,23,15,S SERVICE RD,7,Calle Local,Urbano,Arteria Principal,State Highway Agency,9,Sin jurisdiccion especial,99998,40.78025,-73.41268333,Vehiculo en movimiento,Frente a frente,Not an Intersection,No fue interseccion,Sobre calle,Ninguna,Oscuro con iluminacion,lluvia,No,NO APLICA,23,17,23,25,1,14/04/2022,2
36,New York,360207,0,0,2,0,47,KINGS (47),4170,NEW YORK CITY,4,Abril,22,2022,15,56,AVE P,6,Calle Local Municipalidad,Urbano,Arteria Principal,City or Municipal Highway Agency,1,Sin jurisdiccion especial,0,40.60835,-73.97775556,Vehiculo en movimiento,Angulo,Four-Way Intersection,Interseccion de 4 direcciones,Sobre calle,Ninguna,Dia total,Despejado,No,NO APLICA,99,99,99,99,1,22/04/2022,4
36,New York,360208,0,0,1,0,103,SUFFOLK (103),705,BROOKHAVEN,1,Enero,9,2022,0,35,I-495,1,Interestatal,Urbano,Interestatal,State Highway Agency,1,Sin jurisdiccion especial,99998,40.82383333,-73.01230556,Arbol,El primer evento no fue una colision con un vehiculo automotor en transporte,Not an Intersection,No fue interseccion,Sobre el lado de la calle,Ninguna,Oscuro sin iluminacion,Despejado,No,NO APLICA,0,39,0,45,1,09/01/2022,2
36,New York,360209,0,0,1,0,103,SUFFOLK (103),705,BROOKHAVEN,1,Enero,11,2022,13,30,SR-27,3,Highway estatal,Urbano,Arterial Principal -Freeway o ExpressWay,State Highway Agency,1,Sin jurisdiccion especial,0,40.76961944,-73.05893056,Barrera de Trafico de Concreto,El primer evento no fue una colision con un vehiculo automotor en transporte,Not an Intersection,No fue interseccion,En el medio,Ninguna,Dia total,Despejado,No,NO APLICA,99,99,99,99,1,11/01/2022,1
36,New York,360210,0,0,1,0,103,SUFFOLK (103),5769,SMITHTOWN,1,Enero,14,2022,19,20,CR-14 HARNED RD,4,Calle del Condado,Urbano,Local,County Highway Agency,0,Sin jurisdiccion especial,99998,40.81645278,-73.28735,Volcadura,El primer evento no fue una colision con un vehiculo automotor en transporte,Not an Intersection,No fue interseccion,Sobre calle,Ninguna,Oscuro con iluminacion,Despejado,No,NO APLICA,99,99,99,99,1,14/01/2022,1
36,New York,360211,0,0,1,0,103,SUFFOLK (103),705,BROOKHAVEN,1,Enero,18,2022,18,57,CR-46,4,Calle del Condado,Urbano,Arterial Principal -Freeway o ExpressWay,County Highway Agency,1,Sin jurisdiccion especial,99998,40.8155,-72.87654167,Volcadura,El primer evento no fue una colision con un vehiculo automotor en transporte,Not an Intersection,No fue interseccion,Sobre el lado de la calle,Ninguna,Oscuro con iluminacion,Despejado,No,NO APLICA,99,99,99,99,1,18/01/2022,1
36,New York,360212,0,0,1,0,103,SUFFOLK (103),705,BROOKHAVEN,2,Febrero,5,2022,1,59,CR-80 MONTAUK HWY,4,Calle del Condado,Urbano,Arteria Menor,County Highway Agency,0,Sin jurisdiccion especial,99998,99.9999,999.9999,Arbol,El primer evento no fue una colision con un vehiculo automotor en transporte,Not an Intersection,No fue interseccion,Sobre el lado de la calle,Ninguna,Oscuro con iluminacion,No reportado,No,NO APLICA,1,59,2,6,1,05/02/2022,2
36,New York,360213,0,0,1,0,103,SUFFOLK (103),705,BROOKHAVEN,2,Febrero,10,2022,5,23,SR-27 SUNRISE HWY,3,Highway estatal,Urbano,Arterial Principal -Freeway o ExpressWay,State Highway Agency,1,Sin jurisdiccion especial,99998,40.82371111,-72.78968611,Arbol,El primer evento no fue una colision con un vehiculo automotor en transporte,Not an Intersection,No fue interseccion,Sobre el lado de la calle,Ninguna,Oscuro sin iluminacion,Despejado,No,NO APLICA,5,29,5,35,1,10/02/2022,2
36,New York,360214,1,1,1,0,29,ERIE (29),750,BUFFALO,3,Marzo,30,2022,0,16,SR-384 DELAWARE AVE,3,Highway estatal,Urbano,Arteria Principal,State Highway Agency,1,Sin jurisdiccion especial,99998,42.95239167,-78.86906111,Peaton,El primer evento no fue una colision con un vehiculo automotor en transporte,T-Intersection,Interseccion de T,Sobre calle,Ninguna,Oscuro con iluminacion,Despejado,No,NO APLICA,0,18,0,20,1,30/03/2022,1
36,New York,360215,1,1,1,0,103,SUFFOLK (103),2758,HOLTSVILLE,1,Enero,4,2022,22,20,CR-83 N OCEAN AVE,4,Calle del Condado,Urbano,Arteria Principal,County Highway Agency,1,Sin jurisdiccion especial,99998,40.80178889,-73.01807778,Peaton,El primer evento no fue una colision con un vehiculo automotor en transporte,Four-Way Intersection,Interseccion de 4 direcciones,Sobre calle,Ninguna,Oscuro con iluminacion,Despejado,No,NO APLICA,99,99,99,99,1,04/01/2022,3
36,New York,360216,1,1,2,0,103,SUFFOLK (103),705,BROOKHAVEN,1,Enero,6,2022,19,35,SR-347 NESCONSET HWY,3,Highway estatal,Urbano,Arteria Principal,State Highway Agency,1,Sin jurisdiccion especial,99998,40.91694444,-73.05443889,Peaton,El primer evento no fue una colision con un vehiculo automotor en transporte,Not an Intersection,No fue interseccion,Sobre calle,Ninguna,Oscuro con iluminacion,Despejado,No,NO APLICA,19,39,19,48,1,06/01/2022,3
36,New York,360217,1,1,2,0,103,SUFFOLK (103),2920,ISLIP,1,Enero,10,2022,19,0,BRENTWOOD RD,5,Calle Local - Pueblo,Urbano,Local,Town or Township Highway Agency,0,Sin jurisdiccion especial,99998,40.73509722,-73.23750556,Peaton,El primer evento no fue una colision con un vehiculo automotor en transporte,Not an Intersection,No fue interseccion,Sobre calle,Ninguna,Oscuro con iluminacion,Despejado,No,NO APLICA,99,99,99,99,1,10/01/2022,2
36,New York,360218,0,0,1,0,27,DUTCHESS (27),5030,POUGHKEEPSIE,4,Abril,23,2022,14,37,SR-115,3,Highway estatal,Urbano,Arteria Menor,State Highway Agency,0,Sin jurisdiccion especial,99998,41.71626944,-73.90086111,Poste,El primer evento no fue una colision con un vehiculo automotor en transporte,Not an Intersection,No fue interseccion,Sobre el lado de la calle,Ninguna,Dia total,Despejado,No,NO APLICA,14,37,14,43,1,23/04/2022,1
36,New York,360219,1,1,1,0,5,BRONX (5),4170,NEW YORK CITY,4,Abril,28,2022,4,28,BOUCK AVE,6,Calle Local Municipalidad,Urbano,Local,City or Municipal Highway Agency,0,Sin jurisdiccion especial,0,40.87128056,-73.85001944,Peaton,El primer evento no fue una colision con un vehiculo automotor en transporte,Four-Way Intersection,Interseccion de 4 direcciones,Sobre calle,Ninguna,Dia total,Despejado,No,NO APLICA,99,99,99,99,1,28/04/2022,1
36,New York,360221,0,0,2,1,59,NASSAU (59),2600,HEMPSTEAD,4,Abril,15,2022,1,35,SR-24 HEMPSTEAD TPK,3,Highway estatal,Urbano,Arteria Principal,State Highway Agency,1,Sin jurisdiccion especial,99998,40.71920278,-73.58928056,Vehiculo Aparcado,El primer evento no fue una colision con un vehiculo automotor en transporte,Not an Intersection,No fue interseccion,En estacionamiento,Ninguna,Oscuro con iluminacion,Nublado,No,NO APLICA,1,42,1,45,1,15/04/2022,1
36,New York,360222,0,0,2,0,103,SUFFOLK (103),2920,ISLIP,2,Febrero,26,2022,3,35,SR-111,3,Highway estatal,Urbano,Arteria Principal,State Highway Agency,1,Sin jurisdiccion especial,99998,40.74676111,-73.20805833,Vehiculo en movimiento,Frente a frente,Not an Intersection,No fue interseccion,Sobre calle,Ninguna,Oscuro con iluminacion,Despejado,No,NO APLICA,99,99,99,99,2,26/02/2022,3
36,New York,360223,0,0,2,0,103,SUFFOLK (103),2920,ISLIP,1,Enero,2,2022,2,18,CR-100 W SUFFOLK AVE,4,Calle del Condado,Urbano,Arteria Menor,County Highway Agency,0,Sin jurisdiccion especial,99998,40.78796111,-73.21513056,Vehiculo en movimiento,Frente a frente,Not an Intersection,No fue interseccion,Sobre calle,Ninguna,Oscuro con iluminacion,lluvia,No,NO APLICA,99,99,99,99,1,02/01/2022,2
36,New York,360224,0,0,2,0,103,SUFFOLK (103),2920,ISLIP,1,Enero,3,2022,12,50,LONG ISLAND AVE,5,Calle Local - Pueblo,Urbano,Arteria Menor,Town or Township Highway Agency,0,Sin jurisdiccion especial,99998,40.77195556,-73.29158333,Vehiculo en movimiento,Angulo,Four-Way Intersection,Interseccion de 4 direcciones,Sobre calle,Ninguna,Dia total,Nublado,No,NO APLICA,99,99,99,99,1,03/01/2022,2
36,New York,360225,0,0,3,0,103,SUFFOLK (103),705,BROOKHAVEN,2,Febrero,9,2022,15,59,CR-21 ROCKY POINT YAPHANK RD,4,Calle del Condado,Urbano,Arteria Menor,County Highway Agency,0,Sin jurisdiccion especial,99998,40.93802778,-72.94006667,Vehiculo en movimiento,Frente a frente,Not an Intersection,No fue interseccion,Sobre calle,Ninguna,Dia total,Despejado,No,NO APLICA,99,99,99,99,1,09/02/2022,4
36,New York,360226,0,0,2,0,103,SUFFOLK (103),360,BABYLON,2,Febrero,25,2022,5,36,SR-27A MONTAUK HWY,3,Highway estatal,Urbano,Arteria Menor,State Highway Agency,0,Sin jurisdiccion especial,99998,40.67881389,-73.36295833,Vehiculo en movimiento,Angulo,Not an Intersection,No fue interseccion,Sobre calle,Ninguna,Oscuro con iluminacion,lluvia,No,NO APLICA,5,36,5,40,1,25/02/2022,2
36,New York,360227,1,1,1,0,1,ALBANY (1),1290,COLONIE,3,Marzo,20,2022,19,44,SR-2 TROY SCHENECTADY RD,3,Highway estatal,Urbano,Arteria Principal,State Highway Agency,1,Sin jurisdiccion especial,99998,42.74017222,-73.73667222,Peaton,El primer evento no fue una colision con un vehiculo automotor en transporte,Not an Intersection,No fue interseccion,Sobre calle,Ninguna,Oscuro sin iluminacion,lluvia,No,NO APLICA,19,44,19,44,1,20/03/2022,2
36,New York,360228,0,0,1,0,1,ALBANY (1),50,ALBANY,4,Abril,4,2022,18,45,BROADWAY,6,Calle Local Municipalidad,Urbano,Arteria Menor,City or Municipal Highway Agency,0,Sin jurisdiccion especial,99998,42.67488889,-73.736575,Edificio,El primer evento no fue una colision con un vehiculo automotor en transporte,Not an Intersection,No fue interseccion,Fuera de la calle,Ninguna,Oscuro con iluminacion,Despejado,No,NO APLICA,18,47,18,52,1,04/04/2022,7
36,New York,360229,1,1,1,0,55,MONROE (55),5230,ROCHESTER,4,Abril,24,2022,17,8,COLUMBIA AVE,6,Calle Local Municipalidad,Urbano,Colector Mayor,City or Municipal Highway Agency,0,Sin jurisdiccion especial,99998,43.14166667,-77.63136944,Peaton,El primer evento no fue una colision con un vehiculo automotor en transporte,Not an Intersection,No fue interseccion,Sobre calle,Ninguna,Dia total,Despejado,No,NO APLICA,17,8,17,11,1,24/04/2022,3
36,New York,360230,1,1,1,0,115,WASHINGTON (115),250,ARGYLE,4,Abril,25,2022,17,43,BRENNAN RD,5,Calle Local - Pueblo,Rural,Local,Town or Township Highway Agency,0,Sin jurisdiccion especial,99998,43.22565278,-73.482525,Peaton,El primer evento no fue una colision con un vehiculo automotor en transporte,Not an Intersection,No fue interseccion,Sobre calle,Ninguna,Dia total,Despejado,No,NO APLICA,17,43,17,56,1,25/04/2022,1
36,New York,360231,0,0,1,0,71,ORANGE (71),814,CAMPBELL HALL,3,Marzo,14,2022,20,14,CR-8 SARAH WELLS TRAIL,4,Calle del Condado,Urbano,Colector Mayor,County Highway Agency,0,Sin jurisdiccion especial,99998,41.44106111,-74.23761111,Zanja,El primer evento no fue una colision con un vehiculo automotor en transporte,Not an Intersection,No fue interseccion,Sobre el lado de la calle,Ninguna,Oscuro sin iluminacion,Despejado,No,NO APLICA,20,14,20,21,1,14/03/2022,1
36,New York,360233,0,0,1,0,75,OSWEGO (75),1312,CONSTANTIA,4,Abril,22,2022,16,22,SR-49,3,Highway estatal,Rural,Arteria Menor,State Highway Agency,0,Sin jurisdiccion especial,99998,43.27421111,-76.03947778,Acotamiento,El primer evento no fue una colision con un vehiculo automotor en transporte,Not an Intersection,No fue interseccion,Sobre el lado de la calle,Ninguna,Dia total,Nublado,No,NO APLICA,16,25,16,25,1,22/04/2022,2
36,New York,360234,1,1,1,0,81,QUEENS (81),4170,MIDDLE VILLAGE,4,Abril,23,2022,14,38,48TH ST,6,Calle Local Municipalidad,Urbano,Arteria Menor,City or Municipal Highway Agency,0,Sin jurisdiccion especial,99998,40.75282222,-73.91483056,Peaton,El primer evento no fue una colision con un vehiculo automotor en transporte,T-Intersection,Interseccion de T,Sobre calle,Ninguna,Dia total,Despejado,No,NO APLICA,99,99,99,99,1,23/04/2022,1
36,New York,360235,0,0,2,0,83,RENSSELAER (83),4894,POESTENKILL,4,Abril,21,2022,22,39,SR-355 MAIN ST,3,Highway estatal,Urbano,Colector Mayor,State Highway Agency,0,Sin jurisdiccion especial,99998,42.69579167,-73.57836944,Vehiculo en movimiento,Frente a frente,Not an Intersection,No fue interseccion,Sobre calle,Ninguna,Oscuro con iluminacion,Nublado,No,NO APLICA,22,39,22,52,1,21/04/2022,2
36,New York,360236,0,0,1,0,91,SARATOGA (91),2469,HADLEY,4,Abril,24,2022,19,47,OLD CORINTH RD,5,Calle Local - Pueblo,Rural,Colector Menor,Town or Township Highway Agency,0,Sin jurisdiccion especial,99998,43.31431389,-73.8449,Acotamiento,El primer evento no fue una colision con un vehiculo automotor en transporte,Not an Intersection,No fue interseccion,Sobre el lado de la calle,Ninguna,Dia total,Despejado,No,NO APLICA,19,49,19,52,1,24/04/2022,1
36,New York,360238,1,1,2,0,61,NEW YORK (61),4170,NEW YORK,5,Mayo,2,2022,2,47,E HOUSTON ST,6,Calle Local Municipalidad,Urbano,Arteria Principal,City or Municipal Highway Agency,1,Sin jurisdiccion especial,0,40.72299722,-73.98857222,Peaton,El primer evento no fue una colision con un vehiculo automotor en transporte,Four-Way Intersection,Interseccion de 4 direcciones,Sobre calle,Ninguna,Oscuro con iluminacion,Nublado,No,NO APLICA,99,99,99,99,1,02/05/2022,4
36,New York,360239,0,0,1,0,63,NIAGARA (63),5323,ROYALTON,4,Abril,27,2022,1,6,CR-118 ORANGEPORT RD,4,Calle del Condado,Rural,Local,County Highway Agency,0,Sin jurisdiccion especial,99998,43.20014722,-78.59595833,Poste o otros soportes,El primer evento no fue una colision con un vehiculo automotor en transporte,Not an Intersection,No fue interseccion,Sobre el lado de la calle,Ninguna,Oscuro sin iluminacion,lluvia,No,NO APLICA,1,19,1,26,1,27/04/2022,1
36,New York,360241,1,1,1,0,61,NEW YORK (61),4170,NEW YORK,4,Abril,29,2022,11,40,2ND AVE,6,Calle Local Municipalidad,Urbano,Arteria Principal,City or Municipal Highway Agency,1,Sin jurisdiccion especial,99998,40.74663611,-73.97457222,Peaton,El primer evento no fue una colision con un vehiculo automotor en transporte,Four-Way Intersection,Interseccion de 4 direcciones,Sobre calle,Ninguna,Dia total,Despejado,Yes,NO APLICA,99,99,99,99,1,29/04/2022,1
36,New York,360242,1,1,5,4,47,KINGS (47),4170,NEW YORK CITY,4,Abril,30,2022,9,35,E 89 ST,6,Calle Local Municipalidad,Urbano,Local,City or Municipal Highway Agency,0,Sin jurisdiccion especial,99998,40.63428333,-73.90059167,Vehiculo Aparcado,El primer evento no fue una colision con un vehiculo automotor en transporte,Not an Intersection,No fue interseccion,En estacionamiento,Ninguna,Dia total,Despejado,No,NO APLICA,99,99,99,99,1,30/04/2022,1
36,New York,360243,0,0,1,0,3,ALLEGANY (3),861,CANEADEA,4,Abril,21,2022,14,6,E RIVER RD,5,Calle Local - Pueblo,Rural,Local,Town or Township Highway Agency,0,Sin jurisdiccion especial,99998,42.37139722,-78.13047778,Volcadura,El primer evento no fue una colision con un vehiculo automotor en transporte,Not an Intersection,No fue interseccion,Sobre calle,Ninguna,Dia total,Nublado,No,NO APLICA,99,99,99,99,1,21/04/2022,1
36,New York,360244,0,0,1,0,63,NIAGARA (63),3340,LOCKPORT,4,Abril,29,2022,22,37,SR-77 CHESTNUT RIDGE RD,3,Highway estatal,Urbano,Colector Mayor,State Highway Agency,0,Sin jurisdiccion especial,99998,43.17749722,-78.62413333,Arbol,El primer evento no fue una colision con un vehiculo automotor en transporte,T-Intersection,Interseccion de T,Sobre el lado de la calle,Ninguna,Oscuro sin iluminacion,Despejado,No,NO APLICA,0,8,0,22,1,29/04/2022,1