Estado,Nombre de Estado,Numero de Caso,Peatones,Personas _no_vehiculos,Vehiculos automotores,Vehiculos estacionados,Condado,Nombre Condado,Ciudad,Nombre Ciudad,Mes,Nombre Mes,Dia,Año,Hora,Minuto,Calle,Ruta,Nombre Ruta,Rural o Urbanoo,Sistema Funcional,Dueño Calle,Sistema Nacional Carreteras,Jurisdiccion Especial,Milla,Latitud,Longitud,Causa del Accidente,Tipo de Accidente,Tipo Interseccion,Columna1,Lugar en la calle,Zona de Trabajo,Luz,Clima,Autobus Escolar,Cruce de Trenes,Hora Notificacion,Minuto Notificacion,Hora Llegada,Minuto Llegada,Decesos,Fecha,PersonaVehiculo
36,New York,360245,0,0,1,0,55,MONROE (55),5230,ROCHESTER,5,Mayo,3,2022,5,7,STATE ST,6,Calle Local Municipalidad,Urbano,Arteria Principal,City or Municipal Highway Agency,0,Sin jurisdiccion especial,99998,43.16457778,-77.62341111,Banqueta,El primer evento no fue una colision con un vehiculo automotor en transporte,"Five Point, or More",5 Puntos o mas,Sobre el lado de la calle,Ninguna,Oscuro con iluminacion,Despejado,No,NO APLICA,5,8,5,8,1,03/05/2022,1
36,New York,360246,0,0,2,0,7,BROOME (7),4935,PORT CRANE,5,Mayo,1,2022,15,46,I-88,1,Interestatal,Urbano,Interestatal,State Highway Agency,1,Sin jurisdiccion especial,99998,42.16686389,-75.83541667,Valla Ferrocarril,El primer evento no fue una colision con un vehiculo automotor en transporte,Not an Intersection,No fue interseccion,En el medio,Ninguna,Dia total,Despejado,No,NO APLICA,99,99,99,99,1,01/05/2022,2
36,New York,360247,1,1,1,0,65,ONEIDA (65),2713,HINCKLEY,4,Abril,24,2022,0,17,SR-365,3,Highway estatal,Rural,Colector Mayor,State Highway Agency,0,Sin jurisdiccion especial,99998,43.31168333,-75.11966667,Peaton,El primer evento no fue una colision con un vehiculo automotor en transporte,Not an Intersection,No fue interseccion,Sobre calle,Ninguna,Oscuro sin iluminacion,Nublado,No,NO APLICA,0,20,0,33,1,24/04/2022,1
36,New York,360248,0,0,2,0,59,NASSAU (59),2600,HEMPSTEAD,5,Mayo,3,2022,5,15,CR-55 GRAND AVE,4,Calle del Condado,Urbano,Arteria Menor,County Highway Agency,0,Sin jurisdiccion especial,99998,40.67415278,-73.61179722,Vehiculo en movimiento,Angulo,Four-Way Intersection,Interseccion de 4 direcciones,Sobre calle,Ninguna,Amanecer,Despejado,No,NO APLICA,5,15,5,20,1,03/05/2022,2
36,New York,360252,1,1,1,0,5,BRONX (5),4170,NEW YORK CITY,5,Mayo,4,2022,8,22,NEILL AVE,6,Calle Local Municipalidad,Urbano,Colector Mayor,City or Municipal Highway Agency,0,Sin jurisdiccion especial,99998,40.852375,-73.85841111,Peaton,El primer evento no fue una colision con un vehiculo automotor en transporte,Four-Way Intersection,Interseccion de 4 direcciones,Sobre calle,Ninguna,Dia total,lluvia,No,NO APLICA,8,22,8,27,1,04/05/2022,1
36,New York,360253,1,1,1,0,47,KINGS (47),4170,NEW YORK CITY,5,Mayo,5,2022,8,23,9TH AVE,6,Calle Local Municipalidad,Urbano,Local,City or Municipal Highway Agency,0,Sin jurisdiccion especial,99998,40.64680833,-73.99424167,Ciclista,El primer evento no fue una colision con un vehiculo automotor en transporte,Not an Intersection,No fue interseccion,Sobre calle,Ninguna,Dia total,Despejado,No,NO APLICA,8,23,99,99,1,05/05/2022,1
36,New York,360254,0,0,3,0,19,CLINTON (19),475,BEEKMANTOWN,2,Febrero,11,2022,18,45,SR-190 MILITARY TPK,3,Highway estatal,Urbano,Arteria Principal,State Highway Agency,1,Sin jurisdiccion especial,99998,44.75909444,-73.55340556,Vehiculo en movimiento,Frente a frente,Not an Intersection,No fue interseccion,Sobre calle,Ninguna,Oscuro sin iluminacion,Despejado,No,NO APLICA,18,45,18,52,2,11/02/2022,4
36,New York,360255,0,0,1,0,61,NEW YORK (61),4170,NEW YORK,5,Mayo,10,2022,7,10,SR-907L FDR DR,3,Highway estatal,Urbano,Arterial Principal -Freeway o ExpressWay,State Highway Agency,1,Sin jurisdiccion especial,99998,40.71188333,-73.97817778,Barrera de Trafico de Concreto,El primer evento no fue una colision con un vehiculo automotor en transporte,Not an Intersection,No fue interseccion,En el medio,Ninguna,Dia total,Despejado,No,NO APLICA,7,10,99,99,1,10/05/2022,1
36,New York,360256,1,1,1,0,81,QUEENS (81),4170,MIDDLE VILLAGE,5,Mayo,6,2022,22,12,21ST ST,6,Calle Local Municipalidad,Urbano,Arteria Principal,City or Municipal Highway Agency,1,Sin jurisdiccion especial,99998,40.77471944,-73.92375833,Peaton,El primer evento no fue una colision con un vehiculo automotor en transporte,Four-Way Intersection,Interseccion de 4 direcciones,Sobre calle,Ninguna,Oscuro con iluminacion,lluvia,No,NO APLICA,22,12,99,99,1,06/05/2022,1
36,New York,360257,1,1,1,0,47,KINGS (47),4170,NEW YORK CITY,5,Mayo,6,2022,13,14,4TH AVE,6,Calle Local Municipalidad,Urbano,Arteria Principal,City or Municipal Highway Agency,1,Sin jurisdiccion especial,0,40.66263056,-73.99558333,Ciclista,El primer evento no fue una colision con un vehiculo automotor en transporte,Four-Way Intersection,Interseccion de 4 direcciones,Sobre calle,Ninguna,Dia total,lluvia,No,NO APLICA,13,14,99,99,1,06/05/2022,1
36,New York,360258,0,0,1,0,103,SUFFOLK (103),705,BROOKHAVEN,3,Marzo,12,2022,14,50,SR-906B EXPRESS DR N,3,Highway estatal,Urbano,Arteria Principal,State Highway Agency,1,Sin jurisdiccion especial,99998,40.81508611,-73.096325,Arbol,El primer evento no fue una colision con un vehiculo automotor en transporte,Not an Intersection,No fue interseccion,Sobre el lado de la calle,Ninguna,Dia total,lluvia,No,NO APLICA,99,99,99,99,1,12/03/2022,1
36,New York,360259,0,0,2,0,49,LEWIS (49),1330,COPENHAGEN,4,Abril,1,2022,18,48,SR-177,3,Highway estatal,Rural,Colector Mayor,State Highway Agency,0,Sin jurisdiccion especial,99998,43.799925,-75.73119444,Vehiculo en movimiento,Angulo,Not an Intersection,No fue interseccion,Sobre calle,Ninguna,Dia total,Nieve,No,NO APLICA,18,48,19,9,1,01/04/2022,3
36,New York,360261,1,1,1,0,5,BRONX (5),4170,NEW YORK CITY,5,Mayo,7,2022,20,14,E TREMONT AVE,6,Calle Local Municipalidad,Urbano,Local,City or Municipal Highway Agency,0,Sin jurisdiccion especial,0,40.82561111,-73.82091389,Peaton,El primer evento no fue una colision con un vehiculo automotor en transporte,T-Intersection,Interseccion de T,Sobre calle,Ninguna,Oscuro con iluminacion,Nublado,No,NO APLICA,20,14,99,99,1,07/05/2022,3
36,New York,360262,0,0,2,0,19,CLINTON (19),4880,PLATTSBURGH,4,Abril,10,2022,5,59,SR-374,3,Highway estatal,Urbano,Colector Mayor,State Highway Agency,0,Sin jurisdiccion especial,99998,44.72335833,-73.70796111,Vehiculo en movimiento,Frente a frente,Not an Intersection,No fue interseccion,Sobre calle,Ninguna,Amanecer,Nublado,No,NO APLICA,5,59,6,7,1,10/04/2022,2
36,New York,360263,0,0,2,0,65,ONEIDA (65),5120,REMSEN,5,Mayo,7,2022,11,2,SR-365,3,Highway estatal,Rural,Colector Mayor,State Highway Agency,0,Sin jurisdiccion especial,99998,43.34251667,-75.09540833,Vehiculo en movimiento,Angulo,Four-Way Intersection,Interseccion de 4 direcciones,Sobre calle,Ninguna,Dia total,Nublado,No,NO APLICA,11,2,11,16,1,07/05/2022,2
36,New York,360264,0,0,2,0,101,STEUBEN (101),870,CANISTEO,4,Abril,28,2022,12,34,SR-36,3,Highway estatal,Rural,Arteria Menor,State Highway Agency,0,Sin jurisdiccion especial,99998,42.25063889,-77.5822,Vehiculo en movimiento,Frente a frente,Not an Intersection,No fue interseccion,Sobre calle,Ninguna,Dia total,Despejado,No,NO APLICA,12,34,12,38,1,28/04/2022,2
36,New York,360265,0,0,3,0,5,BRONX (5),4170,NEW YORK CITY,5,Mayo,6,2022,4,6,I-95,1,Interestatal,Urbano,Interestatal,State Highway Agency,1,Sin jurisdiccion especial,99998,99.9999,999.9999,Otra barrera de trafico,El primer evento no fue una colision con un vehiculo automotor en transporte,Not an Intersection,No fue interseccion,En el medio,Ninguna,Oscuro con iluminacion,Nublado,No,NO APLICA,4,6,99,99,1,06/05/2022,4
36,New York,360266,0,0,2,0,47,KINGS (47),4170,NEW YORK CITY,5,Mayo,9,2022,0,30,SR-907C BELT PKWY,3,Highway estatal,Urbano,Arterial Principal -Freeway o ExpressWay,State Highway Agency,1,Sin jurisdiccion especial,99998,40.62956944,-73.88763056,Vehiculo en movimiento,Frente a Detrás,Not an Intersection,No fue interseccion,Sobre calle,Ninguna,Oscuro con iluminacion,Despejado,No,NO APLICA,0,30,99,99,1,09/05/2022,5
36,New York,360267,0,0,1,0,79,PUTNAM (79),630,BREWSTER,5,Mayo,9,2022,2,20,CR-50 SODOM LN N,4,Calle del Condado,Urbano,Local,County Highway Agency,0,Sin jurisdiccion especial,99998,41.40020556,-73.59171667,Otra barrera de trafico,El primer evento no fue una colision con un vehiculo automotor en transporte,Not an Intersection,No fue interseccion,Sobre el lado de la calle,Ninguna,Oscuro sin iluminacion,Despejado,No,NO APLICA,2,22,2,22,1,09/05/2022,1
36,New York,360268,1,1,1,0,65,ONEIDA (65),6626,WESTMORELAND,3,Marzo,31,2022,21,7,SR-233,3,Highway estatal,Urbano,Arteria Menor,State Highway Agency,0,Sin jurisdiccion especial,99998,43.117875,-75.40443333,Peaton,El primer evento no fue una colision con un vehiculo automotor en transporte,Not an Intersection,No fue interseccion,Sobre calle,Ninguna,Oscuro con iluminacion,lluvia,No,NO APLICA,21,8,21,10,1,31/03/2022,2
36,New York,360269,0,0,1,0,19,CLINTON (19),475,BEEKMANTOWN,4,Abril,2,2022,16,53,SR-22,3,Highway estatal,Rural,Colector Mayor,State Highway Agency,0,Sin jurisdiccion especial,99998,44.75147778,-73.47028056,Valla Ferrocarril,El primer evento no fue una colision con un vehiculo automotor en transporte,Not an Intersection,No fue interseccion,Sobre el lado de la calle,Ninguna,Dia total,Despejado,No,NO APLICA,16,53,16,57,1,02/04/2022,2
36,New York,360270,0,0,2,0,55,MONROE (55),2606,HENRIETTA,4,Abril,10,2022,18,56,SR-252 JEFFERSON RD,3,Highway estatal,Urbano,Arteria Principal,State Highway Agency,1,Sin jurisdiccion especial,99998,43.08708333,-77.59995556,Vehiculo en movimiento,Angulo,Not an Intersection,No fue interseccion,Sobre calle,Ninguna,Dia total,Nublado,No,NO APLICA,18,10,18,12,1,10/04/2022,2
36,New York,360271,0,0,1,0,45,JEFFERSON (45),1840,ELLISBURG,4,Abril,14,2022,11,49,SR-193,3,Highway estatal,Rural,Colector Mayor,State Highway Agency,0,Sin jurisdiccion especial,99998,43.73495278,-76.15820556,Zanja,El primer evento no fue una colision con un vehiculo automotor en transporte,Not an Intersection,No fue interseccion,Sobre el lado de la calle,Ninguna,Dia total,Nublado,No,NO APLICA,11,51,12,8,1,14/04/2022,1
36,New York,360272,0,0,2,0,71,ORANGE (71),6163,TUXEDO PARK,4,Abril,18,2022,7,31,SR-17,3,Highway estatal,Rural,Arteria Menor,State Highway Agency,0,Sin jurisdiccion especial,99998,41.17808611,-74.18652778,Vehiculo en movimiento,Frente a frente,Not an Intersection,No fue interseccion,Sobre calle,Ninguna,Dia total,Despejado,No,NO APLICA,99,99,99,99,1,18/04/2022,3
36,New York,360273,0,0,2,0,111,ULSTER (111),3060,KINGSTON,4,Abril,26,2022,16,0,SR-28,3,Highway estatal,Rural,Arteria Principal,State Highway Agency,1,Sin jurisdiccion especial,99998,41.97646944,-74.08345278,Vehiculo en movimiento,Angulo,Not an Intersection,No fue interseccion,Sobre calle,Ninguna,Dia total,lluvia,No,NO APLICA,16,0,16,6,1,26/04/2022,2
36,New York,360274,0,0,1,0,29,ERIE (29),4500,ORCHARD PARK,4,Abril,30,2022,15,31,US-219,2,US Highway,Urbano,Arterial Principal -Freeway o ExpressWay,State Highway Agency,1,Sin jurisdiccion especial,99998,42.73588333,-78.76656667,Soporte de Puente,El primer evento no fue una colision con un vehiculo automotor en transporte,Not an Intersection,No fue interseccion,En el medio,Ninguna,Dia total,Despejado,No,NO APLICA,15,31,15,39,1,30/04/2022,1
36,New York,360275,1,1,1,0,13,CHAUTAUQUA (13),1950,FALCONER,5,Mayo,10,2022,14,33,SR-394 W MAIN ST,3,Highway estatal,Urbano,Arteria Principal,State Highway Agency,1,Sin jurisdiccion especial,99998,42.116225,-79.201025,Peaton,El primer evento no fue una colision con un vehiculo automotor en transporte,Four-Way Intersection,Interseccion de 4 direcciones,Sobre calle,Ninguna,Dia total,Despejado,No,NO APLICA,14,41,15,19,1,10/05/2022,1
36,New York,360276,1,1,1,0,85,RICHMOND (85),4170,NEW YORK CITY,5,Mayo,13,2022,4,39,PLATINUM AVE,6,Calle Local Municipalidad,Urbano,Local,City or Municipal Highway Agency,0,Sin jurisdiccion especial,99998,40.57550833,-74.16200556,Peaton,El primer evento no fue una colision con un vehiculo automotor en transporte,Four-Way Intersection,Interseccion de 4 direcciones,Sobre calle,Ninguna,Reportada como desconocida,Nublado,No,NO APLICA,4,39,99,99,1,13/05/2022,1
36,New York,360277,0,0,2,0,63,NIAGARA (63),4210,NIAGARA FALLS,4,Abril,30,2022,20,18,US-62,2,US Highway,Urbano,Arteria Principal,State Highway Agency,1,Sin jurisdiccion especial,99998,43.08829722,-78.98300278,Vehiculo en movimiento,Angulo,Four-Way Intersection,Interseccion de 4 direcciones,Sobre calle,Ninguna,Atardecer,Nublado,No,NO APLICA,20,18,20,20,1,30/04/2022,2
36,New York,360278,0,0,1,0,63,NIAGARA (63),2247,GASPORT,5,Mayo,13,2022,5,45,FISK RD,5,Calle Local - Pueblo,Rural,Local,Town or Township Highway Agency,0,Sin jurisdiccion especial,99998,43.10879444,-78.53409167,Zanja,El primer evento no fue una colision con un vehiculo automotor en transporte,Not an Intersection,No fue interseccion,Sobre el lado de la calle,Ninguna,Oscuro sin iluminacion,Despejado,No,NO APLICA,5,53,6,1,1,13/05/2022,1
36,New York,360279,1,1,1,0,5,BRONX (5),4170,NEW YORK CITY,5,Mayo,14,2022,11,2,OLMSTEAD AVE,6,Calle Local Municipalidad,Urbano,Local,City or Municipal Highway Agency,0,Sin jurisdiccion especial,99998,40.82070556,-73.85145,Peaton,El primer evento no fue una colision con un vehiculo automotor en transporte,Four-Way Intersection,Interseccion de 4 direcciones,Sobre calle,Ninguna,Dia total,Nublado,No,NO APLICA,99,99,99,99,1,14/05/2022,1
36,New York,360280,1,1,1,0,29,ERIE (29),1117,CHEEKTOWAGA,2,Febrero,26,2022,23,48,SR-354 CLINTON ST,3,Highway estatal,Urbano,Arteria Menor,State Highway Agency,0,Sin jurisdiccion especial,99998,42.87156111,-78.78965,Peaton,El primer evento no fue una colision con un vehiculo automotor en transporte,Not an Intersection,No fue interseccion,Sobre calle,Ninguna,Oscuro sin iluminacion,Despejado,No,NO APLICA,22,54,23,56,1,26/02/2022,1
36,New York,360281,0,0,2,0,65,ONEIDA (65),6275,VERONA,4,Abril,20,2022,23,4,SR-46,3,Highway estatal,Rural,Colector Mayor,State Highway Agency,0,Sin jurisdiccion especial,99998,43.20060556,-75.61281667,Vehiculo en movimiento,Frente a frente,Not an Intersection,No fue interseccion,Sobre calle,Ninguna,Oscuro sin iluminacion,Despejado,No,NO APLICA,23,5,23,14,1,20/04/2022,2
36,New York,360282,1,1,1,0,47,KINGS (47),4170,NEW YORK CITY,5,Mayo,16,2022,20,58,EASTERN PKWY,6,Calle Local Municipalidad,Urbano,Arteria Principal,City or Municipal Highway Agency,1,Sin jurisdiccion especial,99998,40.67071944,-73.95804722,Peaton,El primer evento no fue una colision con un vehiculo automotor en transporte,Four-Way Intersection,Interseccion de 4 direcciones,Sobre calle,Ninguna,Oscuro con iluminacion,Despejado,No,NO APLICA,20,58,99,99,1,16/05/2022,1
36,New York,360283,0,0,2,0,43,HERKIMER (43),3820,MOHAWK,5,Mayo,10,2022,18,11,SR-5S,3,Highway estatal,Urbano,Arteria Menor,State Highway Agency,0,Sin jurisdiccion especial,99998,43.01684722,-74.97858056,Vehiculo en movimiento,Angulo,T-Intersection,Interseccion de T,Sobre calle,Ninguna,Dia total,Despejado,No,NO APLICA,18,12,18,14,1,10/05/2022,2
36,New York,360284,0,0,2,0,5,BRONX (5),4170,NEW YORK CITY,5,Mayo,18,2022,23,48,I-95 BRUCKNER EXPY,1,Interestatal,Urbano,Interestatal,State Highway Agency,1,Sin jurisdiccion especial,99998,40.83532222,-73.82519722,Vehiculo en movimiento,Frente a frente,Not an Intersection,No fue interseccion,Sobre calle,Ninguna,Oscuro con iluminacion,lluvia,No,NO APLICA,23,48,99,99,1,18/05/2022,4
36,New York,360285,0,0,1,0,87,ROCKLAND (87),6625,WEST NYACK,4,Abril,1,2022,2,0,SR-987C PALISADES INTERSTATE P,3,Highway estatal,Urbano,Arterial Principal -Freeway o ExpressWay,State Highway Agency,1,Sin jurisdiccion especial,99998,41.07620556,-73.9835,Arbol,El primer evento no fue una colision con un vehiculo automotor en transporte,Not an Intersection,No fue interseccion,Sobre el lado de la calle,Ninguna,Oscuro sin iluminacion,lluvia,No,NO APLICA,2,0,2,5,1,01/04/2022,1
36,New York,360286,0,0,1,0,89,ST LAWRENCE (89),4538,OSWEGATCHIE,5,Mayo,6,2022,7,0,CR-4,4,Calle del Condado,Rural,Local,County Highway Agency,0,Sin jurisdiccion especial,99998,44.62581389,-75.48349444,Culvert,El primer evento no fue una colision con un vehiculo automotor en transporte,Not an Intersection,No fue interseccion,Sobre el lado de la calle,Ninguna,Dia total,Despejado,No,NO APLICA,7,22,7,25,1,06/05/2022,1
36,New York,360287,0,0,1,0,3,ALLEGANY (3),5584,SCIO,5,Mayo,7,2022,18,38,CR-9,4,Calle del Condado,Rural,Colector Mayor,County Highway Agency,0,Sin jurisdiccion especial,99998,42.15523333,-78.00237778,Valla Ferrocarril,El primer evento no fue una colision con un vehiculo automotor en transporte,Not an Intersection,No fue interseccion,Sobre el lado de la calle,Ninguna,Dia total,Nublado,No,NO APLICA,18,38,18,45,1,07/05/2022,1
36,New York,360288,0,0,1,0,81,QUEENS (81),4170,MIDDLE VILLAGE,5,Mayo,21,2022,2,23,SR-907A CROSS ISLAND PKWY,3,Highway estatal,Urbano,Arteria Principal,State Highway Agency,1,Sin jurisdiccion especial,99998,40.71078611,-73.72765278,Arbol,El primer evento no fue una colision con un vehiculo automotor en transporte,Not an Intersection,No fue interseccion,Sobre el lado de la calle,Ninguna,Oscuro sin iluminacion,Otro,No,NO APLICA,99,99,99,99,1,21/05/2022,3
36,New York,360289,1,1,1,0,113,WARREN (113),5068,QUEENSBURY,5,Mayo,9,2022,15,20,SR-254 QUAKER RD,3,Highway estatal,Urbano,Arteria Principal,State Highway Agency,1,Sin jurisdiccion especial,99998,43.33121944,-73.67126111,Ciclista,El primer evento no fue una colision con un vehiculo automotor en transporte,Not an Intersection,No fue interseccion,Sobre calle,Ninguna,Dia total,Despejado,No,NO APLICA,15,20,15,27,1,09/05/2022,2
36,New York,360291,0,0,2,0,79,PUTNAM (79),4682,PATTERSON,4,Abril,12,2022,8,25,SR-22,3,Highway estatal,Urbano,Arteria Principal,State Highway Agency,1,Sin jurisdiccion especial,99998,41.44603611,-73.57617778,Vehiculo en movimiento,Frente a frente,Not an Intersection,No fue interseccion,Sobre calle,Ninguna,Dia total,lluvia,No,NO APLICA,8,25,8,30,1,12/04/2022,2
36,New York,360292,0,0,2,0,29,ERIE (29),611,BOSTON,4,Abril,20,2022,14,44,CR-227 BOSTON STATE RD,4,Calle del Condado,Rural,Colector Mayor,County Highway Agency,0,Sin jurisdiccion especial,99998,42.68104722,-78.76134167,Vehiculo en movimiento,Angulo,Not an Intersection,No fue interseccion,Sobre calle,Ninguna,Dia total,Despejado,No,NO APLICA,14,44,14,50,1,20/04/2022,2
36,New York,360293,0,0,2,0,27,DUTCHESS (27),1221,CLINTON CORNERS,5,Mayo,10,2022,15,24,SR-9G,3,Highway estatal,Rural,Colector Mayor,State Highway Agency,0,Sin jurisdiccion especial,99998,41.85688611,-73.88434167,Vehiculo en movimiento,Angulo,Four-Way Intersection,Interseccion de 4 direcciones,Sobre calle,Ninguna,Dia total,Despejado,No,NO APLICA,15,24,15,33,1,10/05/2022,2
36,New York,360294,0,0,2,0,85,RICHMOND (85),4170,NEW YORK CITY,5,Mayo,21,2022,18,22,SR-909C  KOREAN WARE VETS PKWY,3,Highway estatal,Urbano,Arterial Principal -Freeway o ExpressWay,State Highway Agency,1,Sin jurisdiccion especial,99998,40.54628611,-74.18107778,Valla Ferrocarril,El primer evento no fue una colision con un vehiculo automotor en transporte,Not an Intersection,No fue interseccion,En el medio,Ninguna,Dia total,Despejado,No,NO APLICA,18,22,99,99,1,21/05/2022,2
36,New York,360295,0,0,3,1,5,BRONX (5),4170,NEW YORK CITY,5,Mayo,22,2022,22,47,UNIVERSITY AVE,6,Calle Local Municipalidad,Urbano,Arteria Principal,City or Municipal Highway Agency,1,Sin jurisdiccion especial,99998,40.86583889,-73.903,Vehiculo en movimiento,Frente a frente,Not an Intersection,No fue interseccion,Sobre calle,Ninguna,Oscuro con iluminacion,Despejado,No,NO APLICA,22,49,22,53,1,22/05/2022,4
36,New York,360296,0,0,2,0,29,ERIE (29),750,BUFFALO,4,Abril,22,2022,12,25,BUD MIL RD,6,Calle Local Municipalidad,Urbano,Local,City or Municipal Highway Agency,0,Sin jurisdiccion especial,0,42.88481667,-78.81839167,Vehiculo en movimiento,No reportado,T-Intersection,Interseccion de T,Sobre calle,Ninguna,Dia total,Despejado,No,NO APLICA,99,99,99,99,1,22/04/2022,2
36,New York,360297,0,0,2,0,87,ROCKLAND (87),4063,NEW CITY,2,Febrero,6,2022,2,39,SR-987C PALISADES INTERSTATE P,3,Highway estatal,Urbano,Arterial Principal -Freeway o ExpressWay,State Highway Agency,1,Sin jurisdiccion especial,99998,99.9999,999.9999,Vehiculo en movimiento,Frente a frente,Not an Intersection,No fue interseccion,Sobre calle,Ninguna,Oscuro sin iluminacion,Despejado,No,NO APLICA,2,39,2,45,2,06/02/2022,2
36,New York,360299,0,0,1,0,103,SUFFOLK (103),360,BABYLON,4,Abril,16,2022,14,27,SR-908M SOUTHERN STATE PKWY,3,Highway estatal,Urbano,Arterial Principal -Freeway o ExpressWay,State Highway Agency,1,Sin jurisdiccion especial,99998,40.73218333,-73.35990833,Poste,El primer evento no fue una colision con un vehiculo automotor en transporte,Not an Intersection,No fue interseccion,Sobre el lado de la calle,Ninguna,Dia total,Despejado,No,NO APLICA,14,25,14,32,1,16/04/2022,1
36,New York,360300,1,1,1,0,119,WESTCHESTER (119),700,BRONXVILLE,5,Mayo,6,2022,17,14,MIDLAND AVE,6,Calle Local Municipalidad,Urbano,Arteria Menor,City or Municipal Highway Agency,0,Sin jurisdiccion especial,99998,40.936275,-73.83137778,Peaton,El primer evento no fue una colision con un vehiculo automotor en transporte,Four-Way Intersection,Interseccion de 4 direcciones,Sobre calle,Ninguna,Dia total,lluvia,No,NO APLICA,99,99,99,99,1,06/05/2022,1
36,New York,360301,0,0,1,0,37,GENESEE (37),410,BATAVIA,5,Mayo,7,2022,15,48,SR-5/63 W MAIN ST,3,Highway estatal,Urbano,Arteria Menor,State Highway Agency,0,Sin jurisdiccion especial,99998,43.00556111,-78.20396389,Barda,El primer evento no fue una colision con un vehiculo automotor en transporte,Not an Intersection,No fue interseccion,Fuera de la calle,Ninguna,Dia total,Despejado,No,NO APLICA,15,48,15,53,1,07/05/2022,1
36,New York,360302,3,3,5,4,81,QUEENS (81),4170,MIDDLE VILLAGE,5,Mayo,8,2022,8,33,120 AVE,6,Calle Local Municipalidad,Urbano,Local,City or Municipal Highway Agency,0,Sin jurisdiccion especial,99998,40.68220556,-73.77706389,Vehiculo Aparcado,El primer evento no fue una colision con un vehiculo automotor en transporte,Not an Intersection,No fue interseccion,En estacionamiento,Ninguna,Dia total,Despejado,No,NO APLICA,99,99,99,99,1,08/05/2022,2
36,New York,360303,0,0,1,0,15,CHEMUNG (15),535,BIG FLATS,5,Mayo,9,2022,13,35,HALDERMAN HOLLOW RD,5,Calle Local - Pueblo,Urbano,Colector Menor,Town or Township Highway Agency,0,Sin jurisdiccion especial,99998,42.13620833,-76.89768056,Zanja,El primer evento no fue una colision con un vehiculo automotor en transporte,Not an Intersection,No fue interseccion,Gore?,Ninguna,Dia total,Despejado,No,NO APLICA,13,35,13,39,2,09/05/2022,2
36,New York,360304,0,0,2,0,107,TIOGA (107),406,BARTON,5,Mayo,12,2022,9,41,SR-34,3,Highway estatal,Rural,Colector Mayor,State Highway Agency,0,Sin jurisdiccion especial,99998,42.08478056,-76.54574167,Vehiculo en movimiento,Frente a frente,Not an Intersection,No fue interseccion,Sobre calle,Ninguna,Dia total,Despejado,No,NO APLICA,9,41,99,99,1,12/05/2022,2
36,New York,360305,0,0,1,0,81,QUEENS (81),4170,MIDDLE VILLAGE,6,Junio,1,2022,0,37,UTOPIA PKWY,6,Calle Local Municipalidad,Urbano,Arteria Principal,City or Municipal Highway Agency,1,Sin jurisdiccion especial,0,40.73159167,-73.79397778,Banqueta,El primer evento no fue una colision con un vehiculo automotor en transporte,Not an Intersection,No fue interseccion,Sobre el lado de la calle,Ninguna,Oscuro con iluminacion,Despejado,No,NO APLICA,0,37,99,99,1,01/06/2022,1
36,New York,360306,1,1,1,0,9,CATTARAUGUS (9),4460,OLEAN,5,Mayo,17,2022,19,57,S CLINTON ST,6,Calle Local Municipalidad,Urbano,Local,City or Municipal Highway Agency,0,Sin jurisdiccion especial,99998,42.07557778,-78.42676944,Ciclista,El primer evento no fue una colision con un vehiculo automotor en transporte,Four-Way Intersection,Interseccion de 4 direcciones,Sobre calle,Ninguna,Dia total,Despejado,No,NO APLICA,20,1,20,2,1,17/05/2022,1
36,New York,360307,0,0,2,0,47,KINGS (47),4170,NEW YORK CITY,6,Junio,1,2022,13,12,CLASSON AVE,6,Calle Local Municipalidad,Urbano,Arteria Menor,City or Municipal Highway Agency,0,Sin jurisdiccion especial,0,40.68803611,-73.95979167,Vehiculo en movimiento,Frente a Detrás,Four-Way Intersection,Interseccion de 4 direcciones,Sobre calle,Ninguna,Dia total,Despejado,No,NO APLICA,13,16,99,99,1,01/06/2022,3
36,New York,360308,0,0,2,0,111,ULSTER (111),3531,MARBLETOWN,5,Mayo,19,2022,8,48,US-209,2,US Highway,Rural,Arteria Principal,State Highway Agency,1,Sin jurisdiccion especial,99998,41.8315,-74.16603889,Vehiculo en movimiento,Frente a frente,Not an Intersection,No fue interseccion,Sobre calle,Ninguna,Dia total,lluvia,No,NO APLICA,8,48,9,0,1,19/05/2022,2
36,New York,360309,1,1,4,2,47,KINGS (47),4170,NEW YORK CITY,5,Mayo,30,2022,10,18,AVE P,6,Calle Local Municipalidad,Urbano,Arteria Menor,City or Municipal Highway Agency,0,Sin jurisdiccion especial,0,40.60856389,-73.97496389,Vehiculo en movimiento,Angulo,Four-Way Intersection,Interseccion de 4 direcciones,Sobre calle,Ninguna,Dia total,Despejado,No,NO APLICA,10,18,10,30,1,30/05/2022,4
36,New York,360311,0,0,1,0,111,ULSTER (111),6491,WAWARSING,5,Mayo,19,2022,14,57,SR-52,3,Highway estatal,Rural,Arteria Principal,State Highway Agency,1,Sin jurisdiccion especial,99998,41.65467778,-74.39543056,Volcadura,El primer evento no fue una colision con un vehiculo automotor en transporte,Not an Intersection,No fue interseccion,Sobre calle,Ninguna,Dia total,Nublado,No,NO APLICA,14,10,14,32,1,19/05/2022,1
36,New York,360312,0,0,1,0,37,GENESEE (37),771,BYRON,5,Mayo,21,2022,15,41,CR-7  N BYRON RD,4,Calle del Condado,Rural,Colector Menor,County Highway Agency,0,Sin jurisdiccion especial,99998,43.09979167,-78.07412778,Barda,El primer evento no fue una colision con un vehiculo automotor en transporte,Not an Intersection,No fue interseccion,Sobre el lado de la calle,Ninguna,Dia total,Despejado,No,NO APLICA,15,41,15,50,1,21/05/2022,1