Estado,Nombre de Estado,Numero de Caso,Peatones,Personas _no_vehiculos,Vehiculos automotores,Vehiculos estacionados,Condado,Nombre Condado,Ciudad,Nombre Ciudad,Mes,Nombre Mes,Dia,Año,Hora,Minuto,Calle,Ruta,Nombre Ruta,Rural o Urbanoo,Sistema Funcional,Dueño Calle,Sistema Nacional Carreteras,Jurisdiccion Especial,Milla,Latitud,Longitud,Causa del Accidente,Tipo de Accidente,Tipo Interseccion,Columna1,Lugar en la calle,Zona de Trabajo,Luz,Clima,Autobus Escolar,Cruce de Trenes,Hora Notificacion,Minuto Notificacion,Hora Llegada,Minuto Llegada,Decesos,Fecha,PersonaVehiculo
36,New York,360313,0,0,2,0,27,DUTCHESS (27),3084,LAGRANGEVILLE,5,Mayo,21,2022,19,29,CR-46 OVERLOOK RD,4,Calle del Condado,Urbano,Colector Mayor,County Highway Agency,0,Sin jurisdiccion especial,99998,41.69591111,-73.84968056,Vehiculo en movimiento,Frente a frente,Not an Intersection,No fue interseccion,Sobre calle,Ninguna,Dia total,Despejado,No,NO APLICA,19,31,19,36,2,21/05/2022,3
36,New York,360314,0,0,1,0,43,HERKIMER (43),2120,FRANKFORT,5,Mayo,26,2022,15,51,BROAD ST,5,Calle Local - Pueblo,Urbano,Local,Town or Township Highway Agency,0,Sin jurisdiccion especial,99998,43.08793889,-75.16458611,Barda,El primer evento no fue una colision con un vehiculo automotor en transporte,Not an Intersection,No fue interseccion,Sobre el lado de la calle,Ninguna,Dia total,Despejado,No,NO APLICA,15,53,16,2,1,26/05/2022,1
36,New York,360315,0,0,3,1,59,NASSAU (59),4090,NEW HYDE PARK,5,Mayo,21,2022,23,8,SR-25 JERICHO TURNPIKE,3,Highway estatal,Urbano,Arteria Principal,State Highway Agency,1,Sin jurisdiccion especial,99998,40.731175,-73.69166389,Vehiculo en movimiento,Angulo,T-Intersection,Interseccion de T,Sobre calle,Ninguna,Oscuro con iluminacion,Despejado,No,NO APLICA,23,10,23,13,3,21/05/2022,7
36,New York,360316,0,0,2,0,1,ALBANY (1),1290,COLONIE,5,Mayo,28,2022,21,53,I-87,1,Interestatal,Urbano,Interestatal,State Highway Agency,1,Sin jurisdiccion especial,99998,42.73815278,-73.78306111,Vehiculo en movimiento,Frente a Detrás,Not an Intersection,No fue interseccion,Sobre calle,Ninguna,Oscuro sin iluminacion,Despejado,No,NO APLICA,21,59,22,2,1,28/05/2022,2
36,New York,360317,0,0,2,0,63,NIAGARA (63),4330,NORTH TONAWANDA,5,Mayo,24,2022,16,42,US-62 NIAGARA FALLS BLVD,2,US Highway,Urbano,Arteria Principal,State Highway Agency,1,Sin jurisdiccion especial,99998,43.09472778,-78.91229444,Vehiculo en movimiento,Angulo,Four-Way Intersection,Interseccion de 4 direcciones,Sobre calle,Ninguna,Dia total,Despejado,No,NO APLICA,16,42,16,48,1,24/05/2022,5
36,New York,360318,0,0,2,0,49,LEWIS (49),4058,NEW BREMEN,5,Mayo,25,2022,10,37,SR-812,3,Highway estatal,Rural,Arteria Principal,State Highway Agency,1,Sin jurisdiccion especial,99998,43.82759722,-75.45515,Vehiculo en movimiento,Detrás a Lado. ,Not an Intersection,No fue interseccion,Sobre calle,"Infraestructura (luz, agua, etc)",Dia total,Despejado,No,NO APLICA,10,37,10,45,1,25/05/2022,2
36,New York,360319,0,0,1,0,1,ALBANY (1),50,ALBANY,5,Mayo,28,2022,0,5,I-90,1,Interestatal,Urbano,Interestatal,State Highway Agency,1,Sin jurisdiccion especial,99998,99.9999,999.9999,Valla Ferrocarril,El primer evento no fue una colision con un vehiculo automotor en transporte,Not an Intersection,No fue interseccion,Sobre el lado de la calle,Ninguna,Oscuro sin iluminacion,Nublado,No,NO APLICA,0,34,0,45,1,28/05/2022,2
36,New York,360320,0,0,1,0,13,CHAUTAUQUA (13),2180,FREWSBURG,5,Mayo,30,2022,1,35,WOODCHUCK HILL RD,5,Calle Local - Pueblo,Rural,Local,Town or Township Highway Agency,0,Sin jurisdiccion especial,99998,42.07192222,-79.07903333,Arbol,El primer evento no fue una colision con un vehiculo automotor en transporte,Not an Intersection,No fue interseccion,Sobre el lado de la calle,Ninguna,Oscuro sin iluminacion,Despejado,No,NO APLICA,1,37,1,47,1,30/05/2022,1
36,New York,360321,0,0,1,0,101,STEUBEN (101),4620,PAINTED POST,6,Junio,1,2022,18,9,I-86,1,Interestatal,Urbano,Interestatal,State Highway Agency,1,Sin jurisdiccion especial,99998,42.15954167,-77.10034167,Fin de valla,El primer evento no fue una colision con un vehiculo automotor en transporte,Not an Intersection,No fue interseccion,Gore?,Ninguna,Dia total,Despejado,No,NO APLICA,18,9,18,21,1,01/06/2022,1
36,New York,360322,0,0,2,0,101,STEUBEN (101),1360,CORNING,5,Mayo,26,2022,11,59,CR-44 RIVER RD,4,Calle del Condado,Rural,Colector Mayor,County Highway Agency,0,Sin jurisdiccion especial,99998,42.12137222,-77.02313056,Vehiculo en movimiento,Angulo,Not an Intersection,No fue interseccion,Sobre calle,Ninguna,Dia total,Despejado,No,NO APLICA,12,3,12,9,1,26/05/2022,2
36,New York,360323,0,0,1,0,5,BRONX (5),4170,NEW YORK CITY,5,Mayo,26,2022,18,57,I-95 RAMP,1,Interestatal,Urbano,Interestatal,State Highway Agency,1,Sin jurisdiccion especial,99998,40.88714444,-73.81715278,Edificio,El primer evento no fue una colision con un vehiculo automotor en transporte,Not an Intersection,No fue interseccion,Fuera de la calle,Ninguna,Dia total,Despejado,No,NO APLICA,18,57,99,99,1,26/05/2022,2
36,New York,360324,1,1,1,0,55,MONROE (55),652,BRIGHTON,3,Marzo,19,2022,7,0,SR-441 LINDEN AVE,3,Highway estatal,Urbano,Arteria Principal,State Highway Agency,1,Sin jurisdiccion especial,99998,43.12896389,-77.52288611,Ciclista,El primer evento no fue una colision con un vehiculo automotor en transporte,Not an Intersection,No fue interseccion,Sobre calle,Ninguna,Amanecer,Neblina o Humo,No,NO APLICA,7,0,7,5,1,19/03/2022,1
36,New York,360325,1,1,1,0,39,GREENE (39),970,CATSKILL,5,Mayo,7,2022,21,21,SR-385 W BRIDGE ST,3,Highway estatal,Rural,Colector Mayor,State Highway Agency,0,Sin jurisdiccion especial,99998,42.21680556,-73.87038333,Peaton,El primer evento no fue una colision con un vehiculo automotor en transporte,Not an Intersection,No fue interseccion,Sobre calle,Ninguna,Oscuro sin iluminacion,Despejado,No,NO APLICA,21,21,21,24,1,07/05/2022,1
36,New York,360326,2,2,1,0,85,RICHMOND (85),4170,NEW YORK CITY,5,Mayo,26,2022,7,5,SCARBORO AVE,6,Calle Local Municipalidad,Urbano,Local,City or Municipal Highway Agency,0,Sin jurisdiccion especial,99998,40.61343056,-74.06329167,Peaton,El primer evento no fue una colision con un vehiculo automotor en transporte,T-Intersection,Interseccion de T,Sobre calle,Ninguna,Dia total,Despejado,No,NO APLICA,7,5,7,10,1,26/05/2022,1
36,New York,360327,0,0,2,0,51,LIVINGSTON (51),6822,YORK,5,Mayo,28,2022,2,35,US-20 TELEPHONE RD,2,US Highway,Rural,Arteria Principal,State Highway Agency,1,Sin jurisdiccion especial,99998,42.91283333,-77.91989722,Vehiculo en movimiento,Angulo,Four-Way Intersection,Interseccion de 4 direcciones,Sobre calle,Ninguna,Oscuro sin iluminacion,Nublado,No,NO APLICA,2,42,2,54,1,28/05/2022,2
36,New York,360328,1,1,1,0,81,QUEENS (81),4170,MIDDLE VILLAGE,5,Mayo,28,2022,10,39,128TH AVE,6,Calle Local Municipalidad,Urbano,Local,City or Municipal Highway Agency,0,Sin jurisdiccion especial,0,40.68194722,-73.72875833,Ciclista,El primer evento no fue una colision con un vehiculo automotor en transporte,Four-Way Intersection,Interseccion de 4 direcciones,Sobre calle,Ninguna,Dia total,Despejado,No,NO APLICA,99,99,99,99,1,28/05/2022,1
36,New York,360329,1,1,1,0,5,BRONX (5),4170,NEW YORK CITY,5,Mayo,26,2022,12,56,BRUCKNER BLVD,6,Calle Local Municipalidad,Urbano,Arteria Menor,City or Municipal Highway Agency,0,Sin jurisdiccion especial,99998,40.80349444,-73.91371111,Ciclista,El primer evento no fue una colision con un vehiculo automotor en transporte,Not an Intersection,No fue interseccion,Sobre calle,Ninguna,Dia total,Despejado,No,NO APLICA,12,56,99,99,1,26/05/2022,1
36,New York,360330,0,0,2,0,65,ONEIDA (65),6460,WATERVILLE,5,Mayo,25,2022,10,43,SR-12,3,Highway estatal,Rural,Arteria Principal,State Highway Agency,1,Sin jurisdiccion especial,99998,42.978025,-75.32425,Vehiculo en movimiento,Frente a frente,Not an Intersection,No fue interseccion,Sobre calle,Ninguna,Dia total,Nublado,No,NO APLICA,10,44,10,51,1,25/05/2022,2
36,New York,360331,0,0,1,0,61,NEW YORK (61),4170,NEW YORK,6,Junio,4,2022,16,7,SR-9A 12TH AVE,3,Highway estatal,Urbano,Arteria Principal,State Highway Agency,1,Sin jurisdiccion especial,99998,40.76437222,-73.99877222,Alguien se cayo/avento del vehiculo,El primer evento no fue una colision con un vehiculo automotor en transporte,T-Intersection,Interseccion de T,Sobre el lado de la calle,Ninguna,Dia total,Despejado,No,NO APLICA,99,99,99,99,1,04/06/2022,1
36,New York,360332,1,1,1,0,81,QUEENS (81),4170,MIDDLE VILLAGE,6,Junio,2,2022,21,20,69TH ST,6,Calle Local Municipalidad,Urbano,Arteria Principal,City or Municipal Highway Agency,1,Sin jurisdiccion especial,99998,40.74915556,-73.89690556,Peaton,El primer evento no fue una colision con un vehiculo automotor en transporte,Four-Way Intersection,Interseccion de 4 direcciones,Sobre calle,Ninguna,Oscuro con iluminacion,Nublado,No,NO APLICA,21,20,99,99,1,02/06/2022,1
36,New York,360333,0,0,2,1,117,WAYNE (117),5100,RED CREEK,5,Mayo,29,2022,6,49,SR-104A,3,Highway estatal,Rural,Colector Mayor,State Highway Agency,0,Sin jurisdiccion especial,99998,43.24487778,-76.72585556,Vehiculo Aparcado,El primer evento no fue una colision con un vehiculo automotor en transporte,Not an Intersection,No fue interseccion,Sobre el lado de la calle,Ninguna,Dia total,Despejado,No,NO APLICA,6,49,6,51,1,29/05/2022,1
36,New York,360334,0,0,2,0,59,NASSAU (59),5250,ROCKVILLE CENTRE,6,Junio,3,2022,9,43,N VILLAGE AVE,5,Calle Local - Pueblo,Urbano,Arteria Menor,Town or Township Highway Agency,0,Sin jurisdiccion especial,99998,40.68662222,-73.63411667,Vehiculo en movimiento,Angulo,Four-Way Intersection,Interseccion de 4 direcciones,Sobre calle,Ninguna,Dia total,Nublado,No,NO APLICA,9,49,9,52,1,03/06/2022,3
36,New York,360335,0,0,2,0,59,NASSAU (59),2600,HEMPSTEAD,6,Junio,4,2022,0,30,SR-105 JERUSALEM AVE,3,Highway estatal,Urbano,Arteria Menor,State Highway Agency,0,Sin jurisdiccion especial,99998,40.69377222,-73.50109167,Vehiculo en movimiento,Frente a frente,Not an Intersection,No fue interseccion,Sobre calle,Ninguna,Oscuro sin iluminacion,Nublado,No,NO APLICA,99,99,99,99,1,04/06/2022,2
36,New York,360336,1,1,1,0,59,NASSAU (59),3800,MINEOLA,5,Mayo,26,2022,22,30,CR-E23 2ND ST,4,Calle del Condado,Urbano,Colector Mayor,County Highway Agency,0,Sin jurisdiccion especial,99998,40.74274444,-73.63524722,Peaton,El primer evento no fue una colision con un vehiculo automotor en transporte,T-Intersection,Interseccion de T,Sobre calle,Ninguna,Oscuro sin iluminacion,Nublado,No,NO APLICA,22,32,22,37,1,26/05/2022,1
36,New York,360337,0,0,1,0,115,WASHINGTON (115),6660,WHITEHALL,5,Mayo,29,2022,19,41,US-4,2,US Highway,Rural,Arteria Principal,State Highway Agency,1,Sin jurisdiccion especial,99998,43.5031,-73.42203056,Valla Ferrocarril,El primer evento no fue una colision con un vehiculo automotor en transporte,Not an Intersection,No fue interseccion,Sobre el lado de la calle,Ninguna,Dia total,Despejado,No,NO APLICA,19,41,19,47,1,29/05/2022,1
36,New York,360338,0,0,5,3,5,BRONX (5),4170,NEW YORK CITY,6,Junio,5,2022,4,26,WEBSTER AVE,6,Calle Local Municipalidad,Urbano,Arteria Principal,City or Municipal Highway Agency,1,Sin jurisdiccion especial,99998,40.8323,-73.90953889,Vehiculo en movimiento,Angulo,Four-Way Intersection,Interseccion de 4 direcciones,Sobre calle,Ninguna,Oscuro con iluminacion,Despejado,No,NO APLICA,4,27,4,40,1,05/06/2022,2
36,New York,360339,0,0,1,0,113,WARREN (113),5068,QUEENSBURY,5,Mayo,28,2022,1,33,SR-254 AVIATION RD,3,Highway estatal,Urbano,Arteria Principal,State Highway Agency,1,Sin jurisdiccion especial,99998,43.32991944,-73.67931944,Arbol,El primer evento no fue una colision con un vehiculo automotor en transporte,Not an Intersection,No fue interseccion,Sobre el lado de la calle,Ninguna,Oscuro con iluminacion,Nublado,No,NO APLICA,1,33,1,37,1,28/05/2022,1
36,New York,360340,0,0,2,0,55,MONROE (55),5230,ROCHESTER,5,Mayo,25,2022,1,28,E MAIN ST,6,Calle Local Municipalidad,Urbano,Colector Menor,City or Municipal Highway Agency,0,Sin jurisdiccion especial,99998,43.16052222,-77.59151111,Vehiculo en movimiento,Frente a Detrás,Four-Way Intersection,Interseccion de 4 direcciones,Sobre calle,Ninguna,Oscuro con iluminacion,Despejado,No,NO APLICA,1,28,1,33,1,25/05/2022,3
36,New York,360341,1,1,1,0,71,ORANGE (71),4060,NEWBURGH,2,Febrero,18,2022,20,26,SR-300 UNION AVE,3,Highway estatal,Urbano,Arteria Menor,State Highway Agency,1,Sin jurisdiccion especial,99998,41.49796944,-74.07182222,Peaton,El primer evento no fue una colision con un vehiculo automotor en transporte,Not an Intersection,No fue interseccion,Sobre calle,Ninguna,Oscuro sin iluminacion,Despejado,No,NO APLICA,20,26,20,31,1,18/02/2022,1
36,New York,360342,0,0,2,0,71,ORANGE (71),4828,PINE BUSH,4,Abril,14,2022,16,14,DREXEL DR,5,Calle Local - Pueblo,Urbano,Local,Town or Township Highway Agency,0,Sin jurisdiccion especial,99998,41.60541944,-74.26376944,Vehiculo en movimiento,Frente a frente,Not an Intersection,No fue interseccion,Sobre calle,Ninguna,Dia total,lluvia,No,NO APLICA,16,16,16,19,1,14/04/2022,3
36,New York,360343,0,0,2,0,89,ST LAWRENCE (89),5020,POTSDAM,4,Abril,29,2022,15,24,CR-34,4,Calle del Condado,Rural,Local,County Highway Agency,0,Sin jurisdiccion especial,99998,44.68705833,-75.049,Vehiculo en movimiento,Angulo,Four-Way Intersection,Interseccion de 4 direcciones,Sobre calle,Ninguna,Dia total,Despejado,No,NO APLICA,15,24,15,32,2,29/04/2022,3
36,New York,360344,1,1,2,0,63,NIAGARA (63),3340,LOCKPORT,5,Mayo,5,2022,5,36,SR-78 S TRANSIT ST,3,Highway estatal,Urbano,Arteria Principal,State Highway Agency,1,Sin jurisdiccion especial,99998,43.1613,-78.69688056,Peaton,El primer evento no fue una colision con un vehiculo automotor en transporte,Not an Intersection,No fue interseccion,Sobre calle,Ninguna,Amanecer,Nublado,No,NO APLICA,99,99,99,99,1,05/05/2022,2
36,New York,360345,0,0,2,0,29,ERIE (29),210,ANGOLA,5,Mayo,7,2022,1,42,I-90,1,Interestatal,Rural,Interestatal,State Highway Agency,1,Sin jurisdiccion especial,99998,42.65954722,-78.96003889,Vehiculo en movimiento,Frente a frente,Not an Intersection,No fue interseccion,Sobre calle,Ninguna,Oscuro sin iluminacion,Nublado,No,NO APLICA,1,44,2,0,1,07/05/2022,2
36,New York,360346,0,0,1,0,111,ULSTER (111),6350,WALLKILL,5,Mayo,12,2022,4,23,CR-112 PLAINS RD,4,Calle del Condado,Urbano,Local,County Highway Agency,0,Sin jurisdiccion especial,99998,41.587475,-74.141875,Poste,El primer evento no fue una colision con un vehiculo automotor en transporte,Not an Intersection,No fue interseccion,Sobre el lado de la calle,Ninguna,Oscuro sin iluminacion,Despejado,No,NO APLICA,4,23,4,35,1,12/05/2022,1
36,New York,360347,0,0,4,0,29,ERIE (29),750,BUFFALO,5,Mayo,13,2022,23,12,US-62 BAILEY ST,2,US Highway,Urbano,Arteria Principal,City or Municipal Highway Agency,1,Sin jurisdiccion especial,99998,42.94341667,-78.81369167,Vehiculo en movimiento,Angulo,Four-Way Intersection,Interseccion de 4 direcciones,Sobre calle,Ninguna,Oscuro con iluminacion,Despejado,No,NO APLICA,23,12,23,12,1,13/05/2022,5
36,New York,360348,0,0,2,0,55,MONROE (55),2606,HENRIETTA,5,Mayo,14,2022,15,13,SR-252 W JEFFERSON RD,3,Highway estatal,Urbano,Arteria Menor,State Highway Agency,0,Sin jurisdiccion especial,99998,43.08731389,-77.57338889,Vehiculo en movimiento,Frente a frente,T-Intersection,Interseccion de T,Sobre calle,Ninguna,Dia total,Despejado,No,NO APLICA,15,13,15,21,1,14/05/2022,3
36,New York,360349,1,1,1,0,29,ERIE (29),750,BUFFALO,5,Mayo,16,2022,1,57,US-62 BAILEY AVE,2,US Highway,Urbano,Arteria Principal,State Highway Agency,1,Sin jurisdiccion especial,99998,42.90793889,-78.81378611,Ciclista,El primer evento no fue una colision con un vehiculo automotor en transporte,Not an Intersection,No fue interseccion,Sobre calle,Ninguna,Oscuro con iluminacion,Despejado,No,NO APLICA,1,58,2,3,1,16/05/2022,2
36,New York,360350,0,0,2,0,81,QUEENS (81),4170,MIDDLE VILLAGE,5,Mayo,24,2022,13,15,HORACE HARDING EXPY,6,Calle Local Municipalidad,Urbano,Arteria Menor,City or Municipal Highway Agency,0,Sin jurisdiccion especial,99998,40.74376389,-73.83614167,Vehiculo en movimiento,Frente a Detrás,Not an Intersection,No fue interseccion,Sobre calle,Ninguna,Dia total,Despejado,No,NO APLICA,99,99,99,99,1,24/05/2022,2
36,New York,360351,0,0,2,0,29,ERIE (29),750,BUFFALO,5,Mayo,29,2022,18,32,MADISON ST,6,Calle Local Municipalidad,Urbano,Local,City or Municipal Highway Agency,0,Sin jurisdiccion especial,99998,42.88786667,-78.85290556,Vehiculo en movimiento,Angulo,Four-Way Intersection,Interseccion de 4 direcciones,Sobre calle,Ninguna,Dia total,Despejado,No,NO APLICA,99,99,99,99,1,29/05/2022,2
36,New York,360352,0,0,1,0,69,ONTARIO (69),4770,PHELPS,6,Junio,9,2022,14,39,I-90,1,Interestatal,Rural,Interestatal,State Highway Agency,1,Sin jurisdiccion especial,99998,99.9999,999.9999,Volcadura,El primer evento no fue una colision con un vehiculo automotor en transporte,Not an Intersection,No fue interseccion,Sobre calle,Ninguna,Dia total,Nublado,No,NO APLICA,14,39,99,99,1,09/06/2022,1
36,New York,360353,2,2,1,0,73,ORLEANS (73),2219,GAINES,1,Enero,1,2022,20,46,CR-21,4,Calle del Condado,Rural,Arteria Menor,County Highway Agency,0,Sin jurisdiccion especial,99998,43.2597,-78.25283056,Peaton,El primer evento no fue una colision con un vehiculo automotor en transporte,Not an Intersection,No fue interseccion,Sobre calle,Ninguna,Oscuro sin iluminacion,Neblina o Humo,No,NO APLICA,20,46,20,49,1,01/01/2022,3
36,New York,360354,1,1,1,0,59,NASSAU (59),4600,OYSTER BAY,5,Mayo,30,2022,20,35,SR-24 HEMPSTEAD TPKE,3,Highway estatal,Urbano,Arteria Principal,State Highway Agency,1,Sin jurisdiccion especial,99998,40.72556111,-73.48386944,Peaton,El primer evento no fue una colision con un vehiculo automotor en transporte,Not an Intersection,No fue interseccion,Sobre calle,Ninguna,Oscuro con iluminacion,Despejado,No,NO APLICA,20,40,20,41,1,30/05/2022,1
36,New York,360355,0,0,2,0,91,SARATOGA (91),3462,MALTA,6,Junio,8,2022,7,47,I-87,1,Interestatal,Urbano,Interestatal,State Highway Agency,1,Sin jurisdiccion especial,99998,99.9999,999.9999,Vehiculo en movimiento,Golpe Lateral - misma direccion,Not an Intersection,No fue interseccion,Sobre calle,Ninguna,Dia total,Despejado,No,NO APLICA,7,48,7,55,1,08/06/2022,2
36,New York,360356,0,0,1,0,79,PUTNAM (79),900,CARMEL,6,Junio,11,2022,16,52,CR-60 FAIR ST,4,Calle del Condado,Urbano,Arteria Menor,County Highway Agency,0,Sin jurisdiccion especial,99998,41.42809167,-73.67653056,Volcadura,El primer evento no fue una colision con un vehiculo automotor en transporte,Not an Intersection,No fue interseccion,Sobre calle,Ninguna,Dia total,Despejado,No,NO APLICA,16,52,16,54,1,11/06/2022,1
36,New York,360357,0,0,1,0,103,SUFFOLK (103),5870,SOUTHOLD,6,Junio,13,2022,14,45,SR-25 MAIN RD,3,Highway estatal,Urbano,Arteria Menor,State Highway Agency,0,Sin jurisdiccion especial,99998,40.97519722,-72.55305556,Arbol,El primer evento no fue una colision con un vehiculo automotor en transporte,Not an Intersection,No fue interseccion,Sobre el lado de la calle,Ninguna,Dia total,Despejado,No,NO APLICA,14,45,14,46,1,13/06/2022,1
36,New York,360358,0,0,1,0,71,ORANGE (71),1370,CORNWALL-ON-HUDSON,6,Junio,1,2022,11,14,SR-218,3,Highway estatal,Urbano,Arteria Menor,State Highway Agency,0,Sin jurisdiccion especial,99998,41.43317778,-73.98674167,Otra barrera de trafico,El primer evento no fue una colision con un vehiculo automotor en transporte,Not an Intersection,No fue interseccion,Sobre el lado de la calle,Ninguna,Dia total,Despejado,No,NO APLICA,99,99,99,99,1,01/06/2022,1
36,New York,360359,0,0,1,0,79,PUTNAM (79),5066,PUTNAM VALLEY,6,Junio,3,2022,0,47,CR-21 PEEKSKILL HOLLOW RD,4,Calle del Condado,Rural,Arteria Menor,County Highway Agency,0,Sin jurisdiccion especial,99998,41.41375278,-73.78122222,Arbol,El primer evento no fue una colision con un vehiculo automotor en transporte,Not an Intersection,No fue interseccion,Sobre el lado de la calle,Ninguna,Oscuro sin iluminacion,Nublado,No,NO APLICA,0,52,1,0,1,03/06/2022,1
36,New York,360360,0,0,2,0,39,GREENE (39),970,CATSKILL,6,Junio,3,2022,15,59,US-9W,2,US Highway,Rural,Arteria Menor,State Highway Agency,0,Sin jurisdiccion especial,99998,42.19673889,-73.90102222,Vehiculo en movimiento,Frente a frente,Not an Intersection,No fue interseccion,Sobre calle,Ninguna,Dia total,Despejado,No,NO APLICA,15,59,16,11,1,03/06/2022,3
36,New York,360361,1,1,1,0,59,NASSAU (59),2600,HEMPSTEAD,6,Junio,15,2022,1,21,CR-5A FRANKLIN AVE,4,Calle del Condado,Urbano,Arteria Menor,County Highway Agency,0,Sin jurisdiccion especial,99998,40.69699722,-73.68251944,Peaton,El primer evento no fue una colision con un vehiculo automotor en transporte,Not an Intersection,No fue interseccion,Sobre calle,Ninguna,Oscuro con iluminacion,Despejado,No,NO APLICA,1,21,1,22,1,15/06/2022,1
36,New York,360362,1,1,1,0,47,KINGS (47),4170,NEW YORK CITY,6,Junio,20,2022,21,40,FLATLANDS AVE,6,Calle Local Municipalidad,Urbano,Arteria Principal,City or Municipal Highway Agency,1,Sin jurisdiccion especial,99998,40.63233611,-73.91803611,Peaton,El primer evento no fue una colision con un vehiculo automotor en transporte,Not an Intersection,No fue interseccion,Sobre calle,Ninguna,Oscuro con iluminacion,Despejado,No,NO APLICA,21,42,21,47,1,20/06/2022,1
36,New York,360363,0,0,2,0,59,NASSAU (59),2600,HEMPSTEAD,6,Junio,15,2022,10,10,CR-105 JERUSALEM AVE,4,Calle del Condado,Urbano,Arteria Menor,County Highway Agency,0,Sin jurisdiccion especial,99998,40.72715833,-73.51445,Vehiculo en movimiento,Angulo,Not an Intersection,No fue interseccion,Sobre calle,Ninguna,Dia total,Despejado,No,NO APLICA,10,13,10,14,1,15/06/2022,3
36,New York,360364,1,1,1,0,47,KINGS (47),4170,NEW YORK CITY,6,Junio,1,2022,19,11,65 ST,6,Calle Local Municipalidad,Urbano,Arteria Principal,City or Municipal Highway Agency,1,Sin jurisdiccion especial,99998,40.63819167,-74.02103889,Peaton,El primer evento no fue una colision con un vehiculo automotor en transporte,Four-Way Intersection,Interseccion de 4 direcciones,Sobre calle,Ninguna,Dia total,Nublado,No,NO APLICA,99,99,99,99,1,01/06/2022,1
36,New York,360365,0,0,4,2,5,BRONX (5),4170,NEW YORK CITY,6,Junio,4,2022,1,17,E 138 ST,6,Calle Local Municipalidad,Urbano,Arteria Principal,City or Municipal Highway Agency,1,Sin jurisdiccion especial,99998,40.80924444,-73.92334722,Vehiculo Aparcado,El primer evento no fue una colision con un vehiculo automotor en transporte,Not an Intersection,No fue interseccion,En estacionamiento,Ninguna,Oscuro con iluminacion,Despejado,No,NO APLICA,99,99,99,99,1,04/06/2022,2
36,New York,360366,0,0,1,0,59,NASSAU (59),2600,HEMPSTEAD,6,Junio,19,2022,7,45,SR-135 EXIT RAMP 1E,3,Highway estatal,Urbano,Arterial Principal -Freeway o ExpressWay,State Highway Agency,1,Sin jurisdiccion especial,99998,40.66415833,-73.49458889,Arbol,El primer evento no fue una colision con un vehiculo automotor en transporte,Not an Intersection,No fue interseccion,Sobre el lado de la calle,Ninguna,Dia total,Despejado,No,NO APLICA,7,53,7,58,1,19/06/2022,2
36,New York,360367,0,0,2,0,111,ULSTER (111),3329,LLOYD,5,Mayo,17,2022,17,23,SR-299,3,Highway estatal,Urbano,Arteria Principal,State Highway Agency,1,Sin jurisdiccion especial,99998,41.73731111,-74.03145833,Vehiculo en movimiento,Frente a frente,Not an Intersection,No fue interseccion,Sobre calle,Ninguna,Dia total,Despejado,No,NO APLICA,17,21,17,23,1,17/05/2022,2
36,New York,360368,0,0,3,0,47,KINGS (47),4170,NEW YORK CITY,6,Junio,18,2022,2,5,SR-907C BELT PKWY,3,Highway estatal,Urbano,Arterial Principal -Freeway o ExpressWay,State Highway Agency,1,Sin jurisdiccion especial,99998,40.59661389,-74.00220833,Vehiculo en movimiento,Angulo,Not an Intersection,No fue interseccion,Sobre calle,Ninguna,Oscuro con iluminacion,Despejado,No,NO APLICA,2,5,99,99,1,18/06/2022,7
36,New York,360370,0,0,1,0,75,OSWEGO (75),4540,OSWEGO,6,Junio,12,2022,8,31,W 6TH ST,6,Calle Local Municipalidad,Urbano,Local,City or Municipal Highway Agency,0,Sin jurisdiccion especial,0,43.44740278,-76.512175,Arbol,El primer evento no fue una colision con un vehiculo automotor en transporte,T-Intersection,Interseccion de T,Sobre el lado de la calle,Ninguna,Dia total,Despejado,No,NO APLICA,8,31,8,33,1,12/06/2022,1
36,New York,360371,0,0,2,0,35,FULTON (35),2980,JOHNSTOWN,6,Junio,18,2022,2,1,CR-142,4,Calle del Condado,Rural,Colector Menor,County Highway Agency,0,Sin jurisdiccion especial,99998,43.00783889,-74.32312778,Vehiculo en movimiento,Frente a frente,Not an Intersection,No fue interseccion,Sobre calle,Ninguna,Oscuro sin iluminacion,Despejado,No,NO APLICA,3,8,3,43,1,18/06/2022,3
36,New York,360372,0,0,2,0,13,CHAUTAUQUA (13),5710,SILVER CREEK,5,Mayo,15,2022,15,38,CR-95 ALLEGHANY RD,4,Calle del Condado,Rural,Colector Mayor,County Highway Agency,0,Sin jurisdiccion especial,99998,42.52311111,-79.1103,Vehiculo en movimiento,Frente a Detrás,Not an Intersection,No fue interseccion,Sobre calle,Ninguna,Dia total,Despejado,No,NO APLICA,15,40,15,52,1,15/05/2022,2
36,New York,360373,0,0,2,0,123,YATES (123),4740,PENN YAN,6,Junio,21,2022,8,16,SR-14,3,Highway estatal,Rural,Arteria Principal,State Highway Agency,1,Sin jurisdiccion especial,99998,42.67716667,-76.956575,Vehiculo en movimiento,Frente a frente,Four-Way Intersection,Interseccion de 4 direcciones,Sobre calle,Ninguna,Dia total,Nublado,No,NO APLICA,8,20,8,25,1,21/06/2022,2
36,New York,360374,0,0,2,0,59,NASSAU (59),2600,HEMPSTEAD,6,Junio,19,2022,13,40,WANTAGH AVE,5,Calle Local - Pueblo,Urbano,Local,Town or Township Highway Agency,0,Sin jurisdiccion especial,99998,40.69872778,-73.50667778,Vehiculo en movimiento,Angulo,Four-Way Intersection,Interseccion de 4 direcciones,Sobre calle,Ninguna,Dia total,Despejado,No,NO APLICA,13,41,13,43,1,19/06/2022,2