Estado,Nombre de Estado,Numero de Caso,Peatones,Personas _no_vehiculos,Vehiculos automotores,Vehiculos estacionados,Condado,Nombre Condado,Ciudad,Nombre Ciudad,Mes,Nombre Mes,Dia,Año,Hora,Minuto,Calle,Ruta,Nombre Ruta,Rural o Urbanoo,Sistema Funcional,Dueño Calle,Sistema Nacional Carreteras,Jurisdiccion Especial,Milla,Latitud,Longitud,Causa del Accidente,Tipo de Accidente,Tipo Interseccion,Columna1,Lugar en la calle,Zona de Trabajo,Luz,Clima,Autobus Escolar,Cruce de Trenes,Hora Notificacion,Minuto Notificacion,Hora Llegada,Minuto Llegada,Decesos,Fecha,PersonaVehiculo
36,New York,360375,0,0,1,0,29,ERIE (29),156,AMHERST,6,Junio,4,2022,0,35,LAWRENCE BELL DR,5,Calle Local - Pueblo,Urbano,Local,Town or Township Highway Agency,0,Sin jurisdiccion especial,99998,42.95275278,-78.71360556,Arbol,El primer evento no fue una colision con un vehiculo automotor en transporte,Not an Intersection,No fue interseccion,Sobre el lado de la calle,Ninguna,Oscuro sin iluminacion,Despejado,No,NO APLICA,0,35,0,40,1,04/06/2022,1
36,New York,360376,0,0,1,0,77,OTSEGO (77),5931,SPRINGFIELD CENTER,6,Junio,16,2022,5,52,BRIAR HILL RD,5,Calle Local - Pueblo,Rural,Local,Town or Township Highway Agency,0,Sin jurisdiccion especial,99998,42.82215278,-74.80126667,Poste o otros soportes,El primer evento no fue una colision con un vehiculo automotor en transporte,Not an Intersection,No fue interseccion,Sobre el lado de la calle,Ninguna,Oscuro sin iluminacion,Nublado,No,NO APLICA,6,0,6,5,1,16/06/2022,1
36,New York,360377,0,0,2,0,25,DELAWARE (25),1454,DAVENPORT,6,Junio,1,2022,13,13,SR-23,3,Highway estatal,Urbano,Arteria Menor,State Highway Agency,0,Sin jurisdiccion especial,99998,42.47141667,-74.80623056,Vehiculo en movimiento,Frente a frente,Not an Intersection,No fue interseccion,Sobre calle,Ninguna,Dia total,Nublado,No,NO APLICA,13,16,13,24,1,01/06/2022,3
36,New York,360378,0,0,2,0,103,SUFFOLK (103),2840,HUNTINGTON,6,Junio,9,2022,18,47,LARKFIELD RD,5,Calle Local - Pueblo,Urbano,Arteria Menor,Town or Township Highway Agency,0,Sin jurisdiccion especial,99998,40.86641389,-73.321575,Vehiculo en movimiento,Angulo,Not an Intersection,No fue interseccion,Sobre calle,Ninguna,Dia total,Despejado,No,NO APLICA,18,48,18,50,1,09/06/2022,2
36,New York,360379,0,0,2,0,103,SUFFOLK (103),1335,COPIAGUE,6,Junio,9,2022,10,55,SR-27 SUNRISE HWY,3,Highway estatal,Urbano,Arteria Principal,State Highway Agency,1,Sin jurisdiccion especial,99998,40.69335556,-73.394875,Vehiculo en movimiento,Frente a Detrás,T-Intersection,Interseccion de T,Sobre calle,Ninguna,Dia total,Despejado,No,NO APLICA,10,55,99,99,1,09/06/2022,3
36,New York,360380,1,1,1,0,119,WESTCHESTER (119),6670,WHITE PLAINS,6,Junio,14,2022,0,50,MAPLE AVE,6,Calle Local Municipalidad,Urbano,Local,City or Municipal Highway Agency,0,Sin jurisdiccion especial,0,41.02606944,-73.76788889,Peaton,El primer evento no fue una colision con un vehiculo automotor en transporte,Not an Intersection,No fue interseccion,Sobre calle,Construccion,Oscuro con iluminacion,Despejado,No,NO APLICA,0,50,0,56,1,14/06/2022,1
36,New York,360381,0,0,2,0,47,KINGS (47),4170,NEW YORK CITY,6,Junio,15,2022,11,47,CENTRAL AVE,6,Calle Local Municipalidad,Urbano,Colector Mayor,State Highway Agency,0,Sin jurisdiccion especial,99998,40.69348056,-73.91701944,Vehiculo en movimiento,Angulo,Four-Way Intersection,Interseccion de 4 direcciones,Sobre calle,Ninguna,Dia total,Despejado,No,NO APLICA,99,99,99,99,1,15/06/2022,3
36,New York,360382,0,0,2,0,13,CHAUTAUQUA (13),1232,CLYMER,6,Junio,4,2022,14,42,MARVIN RD,5,Calle Local - Pueblo,Rural,Local,Town or Township Highway Agency,0,Sin jurisdiccion especial,99998,42.03131944,-79.73435556,Vehiculo en movimiento,Detrás a Lado. ,T-Intersection,Interseccion de T,Sobre calle,Ninguna,Dia total,Despejado,No,NO APLICA,14,57,15,52,1,04/06/2022,3
36,New York,360383,0,0,2,0,5,BRONX (5),4170,NEW YORK CITY,6,Junio,16,2022,3,45,I-95 CROSS BRONX EXPY,1,Interestatal,Urbano,Interestatal,State Highway Agency,1,Sin jurisdiccion especial,99998,40.84545833,-73.92794722,Vehiculo en movimiento,Frente a Detrás,Not an Intersection,No fue interseccion,Sobre calle,Ninguna,Oscuro con iluminacion,Despejado,No,NO APLICA,3,45,99,99,1,16/06/2022,2
36,New York,360384,1,1,1,0,67,ONONDAGA (67),3310,LIVERPOOL,2,Febrero,24,2022,11,11,SR-370 ONONDAGE LAKE PKWY,3,Highway estatal,Urbano,Arterial Principal -Freeway o ExpressWay,State Highway Agency,1,Sin jurisdiccion especial,99998,43.08924722,-76.19230278,Peaton,El primer evento no fue una colision con un vehiculo automotor en transporte,Not an Intersection,No fue interseccion,Sobre calle,Ninguna,Dia total,Nublado,No,NO APLICA,11,14,11,22,1,24/02/2022,1
36,New York,360385,0,0,1,0,87,ROCKLAND (87),5930,SPRING VALLEY,4,Abril,9,2022,8,58,SR-45,3,Highway estatal,Urbano,Arteria Principal,State Highway Agency,1,Sin jurisdiccion especial,99998,41.13868333,-74.03571111,Poste o otros soportes,El primer evento no fue una colision con un vehiculo automotor en transporte,Not an Intersection,No fue interseccion,Sobre el lado de la calle,Ninguna,Dia total,Despejado,No,NO APLICA,9,0,9,4,1,09/04/2022,1
36,New York,360386,0,0,1,0,59,NASSAU (59),2600,HEMPSTEAD,5,Mayo,22,2022,6,23,SR-908M RAMP,3,Highway estatal,Urbano,Arterial Principal -Freeway o ExpressWay,State Highway Agency,1,Sin jurisdiccion especial,99998,40.69814722,-73.51703056,Arbol,El primer evento no fue una colision con un vehiculo automotor en transporte,Not an Intersection,No fue interseccion,Gore?,Ninguna,Amanecer,Despejado,No,NO APLICA,6,22,6,29,1,22/05/2022,1
36,New York,360387,0,0,2,0,29,ERIE (29),2739,HOLLAND,5,Mayo,31,2022,21,3,CR-392 VERMONT HILL RD,4,Calle del Condado,Rural,Local,County Highway Agency,0,Sin jurisdiccion especial,99998,42.64815278,-78.52009722,Vehiculo en movimiento,Angulo,Four-Way Intersection,Interseccion de 4 direcciones,Sobre calle,Ninguna,Atardecer,Despejado,No,NO APLICA,21,3,21,15,1,31/05/2022,2
36,New York,360388,0,0,1,0,19,CLINTON (19),475,BEEKMANTOWN,6,Junio,10,2022,23,21,DURAND RD,5,Calle Local - Pueblo,Rural,Local,Town or Township Highway Agency,0,Sin jurisdiccion especial,99998,44.75557778,-73.49153056,Volcadura,El primer evento no fue una colision con un vehiculo automotor en transporte,Not an Intersection,No fue interseccion,Sobre el lado de la calle,Ninguna,Oscuro con iluminacion,Despejado,No,NO APLICA,23,21,23,30,1,10/06/2022,1
36,New York,360389,0,0,2,0,75,OSWEGO (75),4800,PHOENIX,6,Junio,14,2022,8,1,SUTTON RD,5,Calle Local - Pueblo,Rural,Local,Town or Township Highway Agency,0,Sin jurisdiccion especial,99998,43.27233056,-76.26059444,Vehiculo en movimiento,Frente a frente,Not an Intersection,No fue interseccion,Sobre calle,Ninguna,Dia total,Despejado,No,NO APLICA,8,3,8,20,1,14/06/2022,2
36,New York,360390,0,0,2,0,103,SUFFOLK (103),2920,ISLIP,5,Mayo,6,2022,14,23,SR-908K,3,Highway estatal,Urbano,Arterial Principal -Freeway o ExpressWay,State Highway Agency,1,Sin jurisdiccion especial,99998,40.75462778,-73.28003611,Vehiculo en movimiento,Frente a Detrás,Not an Intersection,No fue interseccion,Sobre calle,Ninguna,Dia total,lluvia,No,NO APLICA,14,22,14,30,1,06/05/2022,3
36,New York,360391,0,0,1,0,1,ALBANY (1),1290,COLONIE,6,Junio,14,2022,7,41,SR-7,3,Highway estatal,Urbano,Arteria Principal,State Highway Agency,1,Sin jurisdiccion especial,99998,42.76472222,-73.807025,Banqueta,El primer evento no fue una colision con un vehiculo automotor en transporte,Not an Intersection,No fue interseccion,Sobre el lado de la calle,Ninguna,Dia total,Despejado,No,NO APLICA,7,41,7,47,1,14/06/2022,1
36,New York,360392,0,0,1,0,39,GREENE (39),281,ASHLAND,6,Junio,15,2022,13,34,SR-23,3,Highway estatal,Rural,Arteria Menor,State Highway Agency,0,Sin jurisdiccion especial,99998,42.30487222,-74.33783333,Edificio,El primer evento no fue una colision con un vehiculo automotor en transporte,T-Intersection,Interseccion de T,Fuera de la calle,Ninguna,Dia total,Despejado,No,NO APLICA,13,34,13,49,1,15/06/2022,1
36,New York,360393,0,0,1,0,117,WAYNE (117),6760,WOLCOTT,6,Junio,17,2022,22,25,CR-160 W PORT BAY RD,4,Calle del Condado,Rural,Local,County Highway Agency,0,Sin jurisdiccion especial,99998,43.27311389,-76.83404167,Poste,El primer evento no fue una colision con un vehiculo automotor en transporte,Not an Intersection,No fue interseccion,Sobre el lado de la calle,Ninguna,Oscuro sin iluminacion,Nublado,No,NO APLICA,22,28,22,36,1,17/06/2022,1
36,New York,360394,0,0,1,0,87,ROCKLAND (87),5980,STONY POINT,6,Junio,19,2022,14,47,SR-987C PALISADES PKWY,3,Highway estatal,Urbano,Arterial Principal -Freeway o ExpressWay,"State Park, Forest, or Reservation Agency",1,Sin jurisdiccion especial,99998,41.24806111,-74.03533056,Objeto aventado o caido,El primer evento no fue una colision con un vehiculo automotor en transporte,Not an Intersection,No fue interseccion,Sobre calle,Ninguna,Dia total,Despejado,No,NO APLICA,16,4,16,40,1,19/06/2022,3
36,New York,360395,0,0,1,0,71,ORANGE (71),1431,CUDDEBACKVILLE,6,Junio,21,2022,16,15,US-209,2,US Highway,Urbano,Arteria Principal,State Highway Agency,1,Sin jurisdiccion especial,99998,41.42519444,-74.62845556,Zanja,El primer evento no fue una colision con un vehiculo automotor en transporte,Not an Intersection,No fue interseccion,Sobre el lado de la calle,Ninguna,Dia total,Nublado,No,NO APLICA,16,15,16,25,1,21/06/2022,2
36,New York,360396,1,1,1,0,81,QUEENS (81),4170,MIDDLE VILLAGE,6,Junio,21,2022,18,54,MAURICE AVE,6,Calle Local Municipalidad,Urbano,Arteria Principal,City or Municipal Highway Agency,1,Sin jurisdiccion especial,99998,40.72980833,-73.90458611,Peaton,El primer evento no fue una colision con un vehiculo automotor en transporte,Not an Intersection,No fue interseccion,En estacionamiento,Ninguna,Dia total,lluvia,No,NO APLICA,99,99,99,99,1,21/06/2022,1
36,New York,360398,0,0,2,0,83,RENSSELAER (83),6110,TROY,2,Febrero,11,2022,15,12,SR-7 HOOSICK ST,3,Highway estatal,Urbano,Arteria Principal,State Highway Agency,1,Sin jurisdiccion especial,99998,42.73922778,-73.67685278,Vehiculo en movimiento,Angulo,Four-Way Intersection,Interseccion de 4 direcciones,Sobre calle,Ninguna,Dia total,Despejado,No,NO APLICA,15,13,15,18,1,11/02/2022,3
36,New York,360399,0,0,2,0,59,NASSAU (59),2600,HEMPSTEAD,5,Mayo,25,2022,19,31,SR-102 FRONT ST,3,Highway estatal,Urbano,Arteria Principal,State Highway Agency,1,Sin jurisdiccion especial,99998,40.71001944,-73.58726667,Vehiculo en movimiento,Angulo,T-Intersection,Interseccion de T,Sobre calle,Ninguna,Dia total,Despejado,No,NO APLICA,19,31,19,38,1,25/05/2022,2
36,New York,360400,1,1,1,0,103,SUFFOLK (103),2840,HUNTINGTON,6,Junio,9,2022,0,35,CR-35 PARK AVE,4,Calle del Condado,Urbano,Arteria Menor,County Highway Agency,0,Sin jurisdiccion especial,99998,40.85010833,-73.37904444,Peaton,El primer evento no fue una colision con un vehiculo automotor en transporte,Not an Intersection,No fue interseccion,Sobre calle,Ninguna,Oscuro con iluminacion,Despejado,No,NO APLICA,0,35,0,40,1,09/06/2022,1
36,New York,360401,0,0,1,0,81,QUEENS (81),4170,MIDDLE VILLAGE,6,Junio,22,2022,3,4,I-295 CLEARVIEW EXPY,1,Interestatal,Urbano,Interestatal,State Highway Agency,1,Sin jurisdiccion especial,99998,40.74499444,-73.772175,Valla Ferrocarril,El primer evento no fue una colision con un vehiculo automotor en transporte,Not an Intersection,No fue interseccion,Gore?,Ninguna,Oscuro con iluminacion,lluvia,No,NO APLICA,99,99,99,99,1,22/06/2022,3
36,New York,360402,0,0,2,0,117,WAYNE (117),3410,LYONS,5,Mayo,20,2022,11,37,SR-31,3,Highway estatal,Urbano,Arteria Principal,State Highway Agency,1,Sin jurisdiccion especial,99998,43.05923056,-77.01225278,Vehiculo en movimiento,Frente a frente,Not an Intersection,No fue interseccion,Sobre calle,Ninguna,Dia total,Nublado,No,NO APLICA,11,37,11,37,2,20/05/2022,2
36,New York,360403,0,0,2,0,55,MONROE (55),5600,SCOTTSVILLE,6,Junio,22,2022,14,57,SR-253,3,Highway estatal,Urbano,Arteria Menor,State Highway Agency,0,Sin jurisdiccion especial,99998,43.02878611,-77.73773333,Vehiculo en movimiento,Frente a Detrás,Not an Intersection,No fue interseccion,Sobre calle,Ninguna,Dia total,Despejado,No,NO APLICA,15,0,15,11,1,22/06/2022,2
36,New York,360404,0,0,1,0,59,NASSAU (59),2600,HEMPSTEAD,4,Abril,17,2022,4,7,SR-908M,3,Highway estatal,Urbano,Arterial Principal -Freeway o ExpressWay,State Highway Agency,1,Sin jurisdiccion especial,99998,40.67902778,-73.70060278,Poste de Señal de trafico,El primer evento no fue una colision con un vehiculo automotor en transporte,Not an Intersection,No fue interseccion,Sobre el lado de la calle,Ninguna,Oscuro con iluminacion,Nublado,No,NO APLICA,4,12,4,18,1,17/04/2022,1
36,New York,360405,0,0,1,0,23,CORTLAND (23),3530,MARATHON,5,Mayo,28,2022,22,5,I-81,1,Interestatal,Urbano,Interestatal,State Highway Agency,1,Sin jurisdiccion especial,99998,99.9999,999.9999,Valla Ferrocarril,El primer evento no fue una colision con un vehiculo automotor en transporte,Not an Intersection,No fue interseccion,Sobre el lado de la calle,Ninguna,Oscuro sin iluminacion,Nublado,No,NO APLICA,23,24,23,33,1,28/05/2022,1
36,New York,360406,1,1,1,0,47,KINGS (47),4170,NEW YORK CITY,6,Junio,24,2022,2,14,LEXINGTON AVE,6,Calle Local Municipalidad,Urbano,Local,City or Municipal Highway Agency,0,Sin jurisdiccion especial,99998,40.68870833,-73.94207222,Ciclista,El primer evento no fue una colision con un vehiculo automotor en transporte,Four-Way Intersection,Interseccion de 4 direcciones,Sobre calle,Ninguna,Oscuro con iluminacion,Despejado,No,NO APLICA,2,14,99,99,1,24/06/2022,1
36,New York,360407,0,0,2,0,25,DELAWARE (25),1454,DAVENPORT,5,Mayo,26,2022,3,56,SR-23,3,Highway estatal,Urbano,Arteria Menor,State Highway Agency,0,Sin jurisdiccion especial,99998,42.43901667,-74.94724167,Vehiculo en movimiento,Frente a frente,Not an Intersection,No fue interseccion,Sobre calle,Ninguna,Oscuro sin iluminacion,Nublado,No,NO APLICA,99,99,99,99,1,26/05/2022,3
36,New York,360408,1,1,1,0,47,KINGS (47),4170,NEW YORK CITY,6,Junio,25,2022,4,5,E 108 ST,6,Calle Local Municipalidad,Urbano,Arteria Menor,City or Municipal Highway Agency,0,Sin jurisdiccion especial,99998,40.65256667,-73.89653333,Peaton,El primer evento no fue una colision con un vehiculo automotor en transporte,Not an Intersection,No fue interseccion,Sobre calle,Ninguna,Oscuro con iluminacion,Despejado,No,NO APLICA,4,5,99,99,1,25/06/2022,1
36,New York,360409,0,0,2,0,103,SUFFOLK (103),360,BABYLON,6,Junio,13,2022,16,19,SR-109,3,Highway estatal,Urbano,Arteria Menor,State Highway Agency,0,Sin jurisdiccion especial,99998,40.71509167,-73.38837778,Vehiculo en movimiento,Angulo,Four-Way Intersection,Interseccion de 4 direcciones,Sobre calle,Ninguna,Dia total,Despejado,No,NO APLICA,99,99,99,99,1,13/06/2022,2
36,New York,360410,0,0,3,0,23,CORTLAND (23),1380,CORTLAND,6,Junio,1,2022,18,47,SR-13,3,Highway estatal,Urbano,Arteria Menor,State Highway Agency,0,Sin jurisdiccion especial,99998,42.57005556,-76.219575,Vehiculo en movimiento,Frente a frente,Not an Intersection,No fue interseccion,Sobre calle,Ninguna,Dia total,Nublado,No,NO APLICA,18,47,18,50,1,01/06/2022,4
36,New York,360411,1,1,1,0,47,KINGS (47),4170,NEW YORK CITY,6,Junio,21,2022,22,46,E 83RD ST,6,Calle Local Municipalidad,Urbano,Local,City or Municipal Highway Agency,0,Sin jurisdiccion especial,0,40.63686667,-73.91105833,Ciclista,El primer evento no fue una colision con un vehiculo automotor en transporte,Four-Way Intersection,Interseccion de 4 direcciones,Sobre calle,Ninguna,Oscuro con iluminacion,Despejado,No,NO APLICA,22,46,22,51,1,21/06/2022,2
36,New York,360412,0,0,2,0,71,ORANGE (71),2690,HIGHLAND FALLS,6,Junio,16,2022,4,47,SR-987C,3,Highway estatal,Urbano,Arterial Principal -Freeway o ExpressWay,State Highway Agency,1,Sin jurisdiccion especial,99998,41.30066111,-74.03057778,Vehiculo en movimiento,Frente a frente,Not an Intersection,No fue interseccion,Sobre calle,Ninguna,Amanecer,Nublado,No,NO APLICA,4,51,5,9,1,16/06/2022,4
36,New York,360413,1,1,4,2,27,DUTCHESS (27),2870,HYDE PARK,6,Junio,20,2022,10,41,SR-115 SALT POINT TPKE,3,Highway estatal,Urbano,Arteria Menor,State Highway Agency,0,Sin jurisdiccion especial,99998,41.73725833,-73.88307778,Vehiculo en movimiento,Angulo,Not an Intersection,No fue interseccion,Sobre calle,Ninguna,Dia total,Despejado,No,NO APLICA,10,41,10,50,1,20/06/2022,2
36,New York,360414,0,0,1,0,33,FRANKLIN (33),3825,MOIRA,7,Julio,2,2022,2,25,SR-11,3,Highway estatal,Rural,Arteria Principal,State Highway Agency,1,Sin jurisdiccion especial,99998,44.80289444,-74.5878,Volcadura,El primer evento no fue una colision con un vehiculo automotor en transporte,Not an Intersection,No fue interseccion,Sobre el lado de la calle,Ninguna,Oscuro sin iluminacion,Nublado,No,NO APLICA,2,25,2,34,1,02/07/2022,1
36,New York,360415,1,1,1,0,5,BRONX (5),4170,NEW YORK CITY,6,Junio,29,2022,23,54,E 149 ST,6,Calle Local Municipalidad,Urbano,Arteria Menor,City or Municipal Highway Agency,0,Sin jurisdiccion especial,99998,40.81429167,-73.91296389,Ciclista,El primer evento no fue una colision con un vehiculo automotor en transporte,Four-Way Intersection,Interseccion de 4 direcciones,Sobre calle,Ninguna,Oscuro con iluminacion,Despejado,No,NO APLICA,23,54,99,99,1,29/06/2022,1
36,New York,360416,0,0,2,0,69,ONTARIO (69),1961,FARMINGTON,6,Junio,23,2022,10,27,SHORTSVILLE RD,5,Calle Local - Pueblo,Urbano,Local,Town or Township Highway Agency,0,Sin jurisdiccion especial,99998,42.96158889,-77.30386944,Vehiculo en movimiento,Angulo,Four-Way Intersection,Interseccion de 4 direcciones,Sobre calle,Ninguna,Dia total,Nublado,No,NO APLICA,10,27,10,35,1,23/06/2022,4
36,New York,360417,0,0,3,0,69,ONTARIO (69),830,CANANDAIGUA,6,Junio,24,2022,14,50,US-20,2,US Highway,Rural,Arteria Principal,State Highway Agency,1,Sin jurisdiccion especial,99998,42.88033611,-77.33385833,Vehiculo en movimiento,Frente a Detrás,Y-Intersection,Interseccion de Y,Sobre calle,Ninguna,Dia total,Nublado,No,NO APLICA,14,50,14,54,1,24/06/2022,4
36,New York,360418,0,0,2,0,103,SUFFOLK (103),2920,ISLIP,3,Marzo,9,2022,6,52,LAKELAND AVE,5,Calle Local - Pueblo,Urbano,Arteria Menor,Town or Township Highway Agency,0,Sin jurisdiccion especial,99998,40.77239722,-73.10533611,Vehiculo en movimiento,Angulo,Not an Intersection,No fue interseccion,Sobre calle,Ninguna,Dia total,Nieve,No,NO APLICA,99,99,99,99,1,09/03/2022,2
36,New York,360419,0,0,2,0,59,NASSAU (59),2600,HEMPSTEAD,6,Junio,30,2022,18,55,SR-24 HEMPSTEAD TPK,3,Highway estatal,Urbano,Arteria Principal,State Highway Agency,1,Sin jurisdiccion especial,99998,40.72470556,-73.55953056,Vehiculo en movimiento,Frente a Detrás,Y-Intersection,Interseccion de Y,Sobre calle,Ninguna,Dia total,Despejado,No,NO APLICA,18,56,18,59,1,30/06/2022,2
36,New York,360420,1,1,1,0,103,SUFFOLK (103),705,BROOKHAVEN,3,Marzo,7,2022,5,15,SR-347,3,Highway estatal,Urbano,Colector Mayor,State Highway Agency,0,Sin jurisdiccion especial,99998,40.87523611,-73.12027778,Peaton,El primer evento no fue una colision con un vehiculo automotor en transporte,Not an Intersection,No fue interseccion,Sobre calle,Ninguna,Oscuro con iluminacion,Nublado,No,NO APLICA,99,99,99,99,1,07/03/2022,1
36,New York,360421,1,1,1,0,103,SUFFOLK (103),705,BROOKHAVEN,3,Marzo,15,2022,19,30,N BICYCLE PATH,5,Calle Local - Pueblo,Urbano,Local,Town or Township Highway Agency,0,Sin jurisdiccion especial,0,40.87750556,-73.03374167,Peaton,El primer evento no fue una colision con un vehiculo automotor en transporte,T-Intersection,Interseccion de T,Sobre calle,Ninguna,Oscuro con iluminacion,Despejado,No,NO APLICA,99,99,99,99,1,15/03/2022,1
36,New York,360422,0,0,1,0,49,LEWIS (49),3370,LOWVILLE,6,Junio,29,2022,21,18,CHASES LAKE RD,5,Calle Local - Pueblo,Rural,Local,Town or Township Highway Agency,0,Sin jurisdiccion especial,99998,43.77287222,-75.37206667,Otro objeto (no fijo),El primer evento no fue una colision con un vehiculo automotor en transporte,Not an Intersection,No fue interseccion,Sobre el lado de la calle,Ninguna,Oscuro sin iluminacion,Despejado,No,NO APLICA,21,23,21,32,1,29/06/2022,1
36,New York,360423,0,0,2,0,103,SUFFOLK (103),2920,ISLIP,3,Marzo,15,2022,18,0,WICKS RD,5,Calle Local - Pueblo,Urbano,Arteria Menor,Town or Township Highway Agency,0,Sin jurisdiccion especial,99998,40.77664722,-73.25996944,Vehiculo en movimiento,Angulo,Not an Intersection,No fue interseccion,Sobre calle,Ninguna,Dia total,Despejado,No,NO APLICA,99,99,99,99,1,15/03/2022,2
36,New York,360424,0,0,2,0,103,SUFFOLK (103),360,BABYLON,3,Marzo,21,2022,11,9,LONG ISLAND AVE,5,Calle Local - Pueblo,Urbano,Local,Town or Township Highway Agency,0,Sin jurisdiccion especial,99998,40.75560278,-73.35375,Vehiculo en movimiento,Angulo,T-Intersection,Interseccion de T,Sobre calle,Ninguna,Dia total,Despejado,No,NO APLICA,99,99,99,99,1,21/03/2022,2
36,New York,360425,1,1,2,0,5,BRONX (5),4170,NEW YORK CITY,7,Julio,1,2022,22,18,BOSTON RD,6,Calle Local Municipalidad,Urbano,Arteria Menor,City or Municipal Highway Agency,0,Sin jurisdiccion especial,0,40.83991667,-73.88093056,Peaton,El primer evento no fue una colision con un vehiculo automotor en transporte,Not an Intersection,No fue interseccion,Sobre calle,Ninguna,Oscuro con iluminacion,Despejado,No,NO APLICA,22,18,99,99,1,01/07/2022,2
36,New York,360426,1,1,2,0,47,KINGS (47),4170,NEW YORK CITY,6,Junio,30,2022,14,29,FORT HAMILTON PKWY,6,Calle Local Municipalidad,Urbano,Arteria Menor,City or Municipal Highway Agency,0,Sin jurisdiccion especial,0,40.63320833,-74.00525278,No vehiculo o remolque,El primer evento no fue una colision con un vehiculo automotor en transporte,Not an Intersection,No fue interseccion,Sobre calle,Ninguna,Dia total,Despejado,No,NO APLICA,99,99,99,99,1,30/06/2022,3
36,New York,360427,0,0,3,0,45,JEFFERSON (45),720,BROWNVILLE,6,Junio,25,2022,13,32,SR-180,3,Highway estatal,Urbano,Arteria Menor,State Highway Agency,0,Sin jurisdiccion especial,99998,44.02451944,-76.04810556,Vehiculo en movimiento,Angulo,Not an Intersection,No fue interseccion,Sobre calle,Ninguna,Dia total,Despejado,No,NO APLICA,13,32,13,48,1,25/06/2022,6
36,New York,360428,0,0,1,0,59,NASSAU (59),2600,HEMPSTEAD,5,Mayo,7,2022,1,58,SR-908T WANTAGH STATE PKWY,3,Highway estatal,Urbano,Arterial Principal -Freeway o ExpressWay,State Highway Agency,1,Sin jurisdiccion especial,99998,40.70153333,-73.52096111,Arbol,El primer evento no fue una colision con un vehiculo automotor en transporte,Not an Intersection,No fue interseccion,En el medio,Ninguna,Oscuro sin iluminacion,lluvia,No,NO APLICA,1,58,2,0,1,07/05/2022,1
36,New York,360429,1,1,3,0,119,WESTCHESTER (119),6820,YONKERS,7,Julio,1,2022,1,15,SR-987D,3,Highway estatal,Urbano,Arterial Principal -Freeway o ExpressWay,State Highway Agency,1,Sin jurisdiccion especial,99998,99.9999,999.9999,Vehiculo en movimiento,Frente a Detrás,Not an Intersection,No fue interseccion,Sobre calle,Ninguna,Oscuro con iluminacion,Despejado,No,NO APLICA,1,15,99,99,1,01/07/2022,5
36,New York,360430,0,0,1,0,65,ONEIDA (65),6220,UTICA,2,Febrero,19,2022,0,10,MOHAWK ST,6,Calle Local Municipalidad,Urbano,Arteria Menor,City or Municipal Highway Agency,0,Sin jurisdiccion especial,99998,43.08758889,-75.22386389,Poste,El primer evento no fue una colision con un vehiculo automotor en transporte,Not an Intersection,No fue interseccion,Sobre el lado de la calle,Ninguna,Oscuro con iluminacion,Despejado,No,NO APLICA,99,99,99,99,1,19/02/2022,1
36,New York,360431,3,3,3,2,29,ERIE (29),750,BUFFALO,6,Junio,17,2022,21,0,SOUTH PARK AVE,6,Calle Local Municipalidad,Urbano,Arteria Menor,City or Municipal Highway Agency,0,Sin jurisdiccion especial,99998,42.87173056,-78.86401944,Poste,El primer evento no fue una colision con un vehiculo automotor en transporte,Not an Intersection,No fue interseccion,Sobre el lado de la calle,Ninguna,Dia total,Despejado,No,NO APLICA,99,99,99,99,1,17/06/2022,1
36,New York,360432,1,1,1,0,45,JEFFERSON (45),1540,DEXTER,6,Junio,28,2022,15,10,LAKEVIEW DR,6,Calle Local Municipalidad,Urbano,Colector Mayor,City or Municipal Highway Agency,0,Sin jurisdiccion especial,99998,44.006975,-76.04610833,Ciclista,El primer evento no fue una colision con un vehiculo automotor en transporte,Four-Way Intersection,Interseccion de 4 direcciones,Sobre calle,Ninguna,Dia total,Despejado,No,NO APLICA,15,10,15,26,1,28/06/2022,1
36,New York,360433,1,1,3,2,5,BRONX (5),4170,NEW YORK CITY,7,Julio,3,2022,14,57,E 172 ST,6,Calle Local Municipalidad,Urbano,Local,City or Municipal Highway Agency,0,Sin jurisdiccion especial,99998,40.83206944,-73.87316389,Ciclista,El primer evento no fue una colision con un vehiculo automotor en transporte,Four-Way Intersection,Interseccion de 4 direcciones,Sobre calle,Ninguna,Dia total,Despejado,No,NO APLICA,99,99,99,99,1,03/07/2022,2
36,New York,360434,0,0,2,0,5,BRONX (5),4170,NEW YORK CITY,7,Julio,7,2022,19,27,I-87,1,Interestatal,Urbano,Interestatal,State Highway Agency,1,Sin jurisdiccion especial,99998,40.80533889,-73.92064167,Alguien se cayo/avento del vehiculo,El primer evento no fue una colision con un vehiculo automotor en transporte,Not an Intersection,No fue interseccion,Sobre calle,Ninguna,Dia total,Despejado,No,NO APLICA,99,99,99,99,1,07/07/2022,2
36,New York,360435,1,1,1,0,103,SUFFOLK (103),4238,NORTH BABYLON,4,Abril,4,2022,3,20,SR-27 SUNRISE HWY,3,Highway estatal,Urbano,Arterial Principal -Freeway o ExpressWay,State Highway Agency,1,Sin jurisdiccion especial,99998,40.71420556,-73.33198889,No vehiculo o remolque,El primer evento no fue una colision con un vehiculo automotor en transporte,Not an Intersection,No fue interseccion,Sobre calle,Ninguna,Oscuro sin iluminacion,Despejado,No,NO APLICA,3,22,3,30,1,04/04/2022,2