Estado,Nombre de Estado,Numero de Caso,Peatones,Personas _no_vehiculos,Vehiculos automotores,Vehiculos estacionados,Condado,Nombre Condado,Ciudad,Nombre Ciudad,Mes,Nombre Mes,Dia,Año,Hora,Minuto,Calle,Ruta,Nombre Ruta,Rural o Urbanoo,Sistema Funcional,Dueño Calle,Sistema Nacional Carreteras,Jurisdiccion Especial,Milla,Latitud,Longitud,Causa del Accidente,Tipo de Accidente,Tipo Interseccion,Columna1,Lugar en la calle,Zona de Trabajo,Luz,Clima,Autobus Escolar,Cruce de Trenes,Hora Notificacion,Minuto Notificacion,Hora Llegada,Minuto Llegada,Decesos,Fecha,PersonaVehiculo
36,New York,360436,1,1,2,0,103,SUFFOLK (103),705,BROOKHAVEN,4,Abril,6,2022,22,45,SR-25 MIDDLE COUNTRY RD,3,Highway estatal,Urbano,Arteria Principal,State Highway Agency,1,Sin jurisdiccion especial,99998,40.87380556,-72.98098056,Ciclista,El primer evento no fue una colision con un vehiculo automotor en transporte,Not an Intersection,No fue interseccion,Sobre calle,Ninguna,Oscuro con iluminacion,Despejado,No,NO APLICA,99,99,99,99,1,06/04/2022,2
36,New York,360437,0,0,1,0,103,SUFFOLK (103),705,BROOKHAVEN,4,Abril,9,2022,2,59,CR-46 WILLIAM FLOYD PKWY,4,Calle del Condado,Urbano,Arterial Principal -Freeway o ExpressWay,County Highway Agency,1,Sin jurisdiccion especial,99998,40.93371111,-72.87851667,Arbol,El primer evento no fue una colision con un vehiculo automotor en transporte,Not an Intersection,No fue interseccion,Sobre el lado de la calle,Ninguna,Oscuro sin iluminacion,Despejado,No,NO APLICA,99,99,99,99,1,09/04/2022,1
36,New York,360438,0,0,2,0,103,SUFFOLK (103),2920,ISLIP,4,Abril,17,2022,8,48,SR-454 VETERANS HWY,3,Highway estatal,Urbano,Arteria Principal,State Highway Agency,1,Sin jurisdiccion especial,99998,40.77406389,-73.06663611,Vehiculo en movimiento,Angulo,Four-Way Intersection,Interseccion de 4 direcciones,Sobre calle,Ninguna,Dia total,Despejado,No,NO APLICA,99,99,99,99,1,17/04/2022,3
36,New York,360439,1,1,1,0,103,SUFFOLK (103),705,BROOKHAVEN,4,Abril,23,2022,21,25,CR-85 MONTAUK HWY,4,Calle del Condado,Urbano,Arteria Menor,County Highway Agency,0,Sin jurisdiccion especial,99998,40.75971667,-73.03173333,Peaton,El primer evento no fue una colision con un vehiculo automotor en transporte,Four-Way Intersection,Interseccion de 4 direcciones,Sobre calle,Ninguna,Oscuro con iluminacion,lluvia,No,NO APLICA,21,27,21,28,1,23/04/2022,1
36,New York,360440,0,0,2,0,103,SUFFOLK (103),705,BROOKHAVEN,4,Abril,26,2022,20,38,SR-906A,3,Highway estatal,Urbano,Arteria Principal,State Highway Agency,1,Sin jurisdiccion especial,99998,40.82166944,-72.97376667,Vehiculo en movimiento,Angulo,Four-Way Intersection,Interseccion de 4 direcciones,Sobre calle,Ninguna,Oscuro con iluminacion,lluvia,No,NO APLICA,99,99,99,99,1,26/04/2022,2
36,New York,360441,0,0,2,0,103,SUFFOLK (103),5769,SMITHTOWN,4,Abril,28,2022,12,25,SR-111,3,Highway estatal,Urbano,Arteria Principal,State Highway Agency,1,Sin jurisdiccion especial,99998,40.85542222,-73.18744722,Vehiculo en movimiento,Golpe Lateral - direccion contraria,Not an Intersection,No fue interseccion,Sobre calle,Ninguna,Dia total,Despejado,No,NO APLICA,99,99,99,99,1,28/04/2022,3
36,New York,360442,0,0,2,0,103,SUFFOLK (103),2577,HAUPPAUGE,5,Mayo,7,2022,14,8,TERRY RD,5,Calle Local - Pueblo,Urbano,Local,Town or Township Highway Agency,0,Sin jurisdiccion especial,99998,40.82015556,-73.15540556,Vehiculo en movimiento,Angulo,T-Intersection,Interseccion de T,Sobre calle,Ninguna,Dia total,lluvia,No,NO APLICA,99,99,99,99,1,07/05/2022,3
36,New York,360443,2,2,2,1,103,SUFFOLK (103),705,BROOKHAVEN,5,Mayo,11,2022,17,29,SR-906A,3,Highway estatal,Urbano,Arteria Principal,State Highway Agency,1,Sin jurisdiccion especial,99998,40.82204444,-73.03162778,Vehiculo Aparcado,El primer evento no fue una colision con un vehiculo automotor en transporte,Not an Intersection,No fue interseccion,En estacionamiento,Ninguna,Dia total,Despejado,No,NO APLICA,99,99,99,99,2,11/05/2022,1
36,New York,360444,1,1,1,0,103,SUFFOLK (103),2920,ISLIP,5,Mayo,23,2022,22,33,SR-27A MONTAUK HWY,3,Highway estatal,Urbano,Arteria Menor,State Highway Agency,0,Sin jurisdiccion especial,99998,40.69599444,-73.29399444,Peaton,El primer evento no fue una colision con un vehiculo automotor en transporte,Four-Way Intersection,Interseccion de 4 direcciones,Sobre calle,Ninguna,Oscuro sin iluminacion,Despejado,No,NO APLICA,99,99,99,99,1,23/05/2022,1
36,New York,360445,1,1,2,0,103,SUFFOLK (103),2920,ISLIP,5,Mayo,23,2022,22,14,CR-67 MOTOR PKWY,4,Calle del Condado,Urbano,Arteria Menor,County Highway Agency,0,Sin jurisdiccion especial,99998,40.80559444,-73.26906389,Vehiculo en movimiento,Frente a frente,Four-Way Intersection,Interseccion de 4 direcciones,Sobre calle,Ninguna,Oscuro sin iluminacion,Nublado,No,NO APLICA,99,99,99,99,1,23/05/2022,2
36,New York,360446,1,1,1,0,103,SUFFOLK (103),360,BABYLON,5,Mayo,25,2022,21,1,SR-110 BROADHOLLOW RD,3,Highway estatal,Urbano,Arteria Principal,State Highway Agency,1,Sin jurisdiccion especial,99998,40.71053889,-73.42895556,Peaton,El primer evento no fue una colision con un vehiculo automotor en transporte,Four-Way Intersection,Interseccion de 4 direcciones,Sobre calle,Ninguna,Atardecer,Despejado,No,NO APLICA,99,99,99,99,1,25/05/2022,1
36,New York,360447,0,0,1,0,103,SUFFOLK (103),705,BROOKHAVEN,5,Mayo,30,2022,21,35,CR-21 ROCKY PT YAPHANK RD,4,Calle del Condado,Urbano,Arteria Menor,County Highway Agency,0,Sin jurisdiccion especial,99998,40.93604722,-72.93966667,Arbol,El primer evento no fue una colision con un vehiculo automotor en transporte,Not an Intersection,No fue interseccion,Sobre el lado de la calle,Ninguna,Oscuro sin iluminacion,Despejado,No,NO APLICA,99,99,99,99,1,30/05/2022,1
36,New York,360449,0,0,2,0,5,BRONX (5),4170,NEW YORK CITY,7,Julio,1,2022,23,47,HUGHES AVE,6,Calle Local Municipalidad,Urbano,Local,City or Municipal Highway Agency,0,Sin jurisdiccion especial,99998,40.84895833,-73.89044444,Vehiculo en movimiento,Angulo,Four-Way Intersection,Interseccion de 4 direcciones,Sobre calle,Ninguna,Oscuro con iluminacion,Despejado,No,NO APLICA,99,99,99,99,1,01/07/2022,6
36,New York,360450,0,0,1,0,29,ERIE (29),750,BUFFALO,7,Julio,7,2022,3,1,I-190 EXIT 6 RAMP,1,Interestatal,Urbano,Interestatal,State Highway Agency,1,Sin jurisdiccion especial,99998,42.87735556,-78.87140278,Barrera de Trafico de Concreto,El primer evento no fue una colision con un vehiculo automotor en transporte,Not an Intersection,No fue interseccion,Sobre el lado de la calle,Ninguna,Oscuro sin iluminacion,Despejado,No,NO APLICA,3,20,3,28,1,07/07/2022,1
36,New York,360451,1,1,1,0,85,RICHMOND (85),4170,NEW YORK CITY,7,Julio,7,2022,21,20,VANDUZER PL,6,Calle Local Municipalidad,Urbano,Arteria Principal,City or Municipal Highway Agency,1,Sin jurisdiccion especial,99998,40.63421111,-74.07619722,Peaton,El primer evento no fue una colision con un vehiculo automotor en transporte,Y-Intersection,Interseccion de Y,Sobre calle,Ninguna,Oscuro con iluminacion,Despejado,No,NO APLICA,99,99,99,99,1,07/07/2022,1
36,New York,360452,0,0,1,0,109,TOMPKINS (109),2940,ITHACA,3,Marzo,20,2022,17,10,SR-34 E SHORE DR,3,Highway estatal,Urbano,Arteria Menor,State Highway Agency,0,Sin jurisdiccion especial,99998,42.46666944,-76.50005833,Algún evento nocivo sin detalles,El primer evento no fue una colision con un vehiculo automotor en transporte,Not an Intersection,No fue interseccion,Sobre el lado de la calle,Ninguna,Dia total,lluvia,No,NO APLICA,17,10,17,16,1,20/03/2022,3
36,New York,360453,0,0,1,0,33,FRANKLIN (33),605,BOMBAY,5,Mayo,29,2022,21,46,ST REGIS RD,5,Calle Local - Pueblo,Urbano,Local,Town or Township Highway Agency,0,Sin jurisdiccion especial,99998,44.98582778,-74.65994444,Hidrante,El primer evento no fue una colision con un vehiculo automotor en transporte,Not an Intersection,No fue interseccion,Sobre el lado de la calle,Ninguna,Oscuro sin iluminacion,Nublado,No,NO APLICA,21,48,21,55,1,29/05/2022,3
36,New York,360454,0,0,1,0,47,KINGS (47),4170,NEW YORK CITY,7,Julio,9,2022,4,11,WILLIAMSBURG BRIDGE RAMP,6,Calle Local Municipalidad,Urbano,Arterial Principal -Freeway o ExpressWay,City or Municipal Highway Agency,1,Sin jurisdiccion especial,99998,40.71068333,-73.95607778,Barrera de Trafico de Concreto,El primer evento no fue una colision con un vehiculo automotor en transporte,Not an Intersection,No fue interseccion,Sobre el lado de la calle,Ninguna,Oscuro con iluminacion,Despejado,No,NO APLICA,4,11,99,99,1,09/07/2022,1
36,New York,360456,1,1,2,0,47,KINGS (47),4170,NEW YORK CITY,7,Julio,10,2022,2,14,WASHINGTON AVE,6,Calle Local Municipalidad,Urbano,Arteria Menor,City or Municipal Highway Agency,0,Sin jurisdiccion especial,99998,40.6791,-73.96398333,Peaton,El primer evento no fue una colision con un vehiculo automotor en transporte,Not an Intersection,No fue interseccion,Sobre calle,Ninguna,Oscuro con iluminacion,Despejado,No,NO APLICA,2,14,2,20,1,10/07/2022,2
36,New York,360457,0,0,2,0,85,RICHMOND (85),4170,NEW YORK CITY,7,Julio,10,2022,20,47,HYLAN BLVD,6,Calle Local Municipalidad,Urbano,Arteria Principal,City or Municipal Highway Agency,1,Sin jurisdiccion especial,99998,40.50856667,-74.22380556,Vehiculo en movimiento,Angulo,Four-Way Intersection,Interseccion de 4 direcciones,Sobre calle,Ninguna,Atardecer,Despejado,No,NO APLICA,99,99,99,99,3,10/07/2022,9
36,New York,360458,0,0,2,0,47,KINGS (47),4170,NEW YORK CITY,7,Julio,13,2022,18,24,DEAN ST,6,Calle Local Municipalidad,Urbano,Colector Mayor,City or Municipal Highway Agency,0,Sin jurisdiccion especial,99998,40.67621667,-73.93758333,Vehiculo en movimiento,Frente a Detrás,Not an Intersection,No fue interseccion,Sobre calle,Ninguna,Dia total,Despejado,No,NO APLICA,18,30,18,35,1,13/07/2022,3
36,New York,360459,1,1,5,1,81,QUEENS (81),4170,MIDDLE VILLAGE,7,Julio,4,2022,22,13,121 ST,6,Calle Local Municipalidad,Urbano,Local,City or Municipal Highway Agency,0,Sin jurisdiccion especial,99998,40.69098056,-73.82413889,Vehiculo en movimiento,Frente a Detrás,Not an Intersection,No fue interseccion,Sobre calle,Ninguna,Oscuro con iluminacion,Despejado,No,NO APLICA,99,99,99,99,1,04/07/2022,6
36,New York,360460,0,0,1,0,111,ULSTER (111),1885,ESOPUS,6,Junio,24,2022,22,47,US-9W,2,US Highway,Rural,Arteria Principal,State Highway Agency,1,Sin jurisdiccion especial,99998,41.91234167,-73.9778,Valla Ferrocarril,El primer evento no fue una colision con un vehiculo automotor en transporte,Not an Intersection,No fue interseccion,En el medio,Ninguna,Oscuro sin iluminacion,Despejado,No,NO APLICA,22,47,22,54,1,24/06/2022,1
36,New York,360461,0,0,1,0,23,CORTLAND (23),3530,MARATHON,6,Junio,25,2022,13,6,SR-221,3,Highway estatal,Rural,Colector Mayor,State Highway Agency,0,Sin jurisdiccion especial,99998,42.42386667,-76.11560278,Arbol,El primer evento no fue una colision con un vehiculo automotor en transporte,Not an Intersection,No fue interseccion,Sobre el lado de la calle,Ninguna,Dia total,Despejado,No,NO APLICA,13,6,13,26,1,25/06/2022,1
36,New York,360462,0,0,1,0,27,DUTCHESS (27),6379,WAPPINSER,6,Junio,25,2022,19,20,RIVER RD N,5,Calle Local - Pueblo,Rural,Local,Town or Township Highway Agency,0,Sin jurisdiccion especial,99998,41.55948056,-73.96184722,Valla Ferrocarril,El primer evento no fue una colision con un vehiculo automotor en transporte,Not an Intersection,No fue interseccion,Sobre el lado de la calle,Ninguna,Dia total,Despejado,No,NO APLICA,19,23,19,39,1,25/06/2022,1
36,New York,360463,1,1,1,0,67,ONONDAGA (67),6010,SYRACUSE,6,Junio,14,2022,17,0,EUCLID AVE,6,Calle Local Municipalidad,Urbano,Local,City or Municipal Highway Agency,0,Sin jurisdiccion especial,0,43.03638889,-76.12816389,Ciclista,El primer evento no fue una colision con un vehiculo automotor en transporte,Four-Way Intersection,Interseccion de 4 direcciones,Sobre calle,Ninguna,Dia total,Despejado,No,NO APLICA,17,2,17,10,1,14/06/2022,3
36,New York,360464,0,0,2,0,101,STEUBEN (101),20,ADDISON,7,Julio,6,2022,14,59,SR-417 ADDISON RD,3,Highway estatal,Rural,Arteria Menor,State Highway Agency,0,Sin jurisdiccion especial,99998,42.11904444,-77.20321667,Vehiculo en movimiento,Angulo,Not an Intersection,No fue interseccion,Sobre calle,Ninguna,Dia total,Nublado,No,NO APLICA,14,59,15,7,1,06/07/2022,2
36,New York,360465,0,0,2,0,59,NASSAU (59),4090,NEW HYDE PARK,7,Julio,8,2022,3,15,I-495 LONG ISLAND EXPRESSWAY,1,Interestatal,Urbano,Interestatal,State Highway Agency,1,Sin jurisdiccion especial,99998,40.77690278,-73.666825,Vehiculo en movimiento,Frente a Detrás,Not an Intersection,No fue interseccion,Sobre calle,Ninguna,Oscuro con iluminacion,Despejado,No,NO APLICA,3,17,3,21,1,08/07/2022,2
36,New York,360466,1,1,1,0,27,DUTCHESS (27),5030,POUGHKEEPSIE,6,Junio,30,2022,4,55,US-9 NORTH RD,2,US Highway,Urbano,Arterial Principal -Freeway o ExpressWay,State Highway Agency,1,Sin jurisdiccion especial,99998,41.72789444,-73.93263889,Peaton,El primer evento no fue una colision con un vehiculo automotor en transporte,Not an Intersection,No fue interseccion,Sobre calle,Ninguna,Amanecer,Despejado,No,NO APLICA,4,57,5,4,1,30/06/2022,1
36,New York,360467,1,1,1,0,55,MONROE (55),5230,ROCHESTER,7,Julio,12,2022,22,38,SR-104 W RIDGE RD,3,Highway estatal,Urbano,Arterial Principal -Freeway o ExpressWay,State Highway Agency,1,Sin jurisdiccion especial,99998,43.19875278,-77.63534444,Peaton,El primer evento no fue una colision con un vehiculo automotor en transporte,Not an Intersection,No fue interseccion,Sobre calle,Ninguna,Oscuro con iluminacion,Despejado,No,NO APLICA,22,38,22,43,1,12/07/2022,1
36,New York,360468,1,1,1,0,61,NEW YORK (61),4170,NEW YORK,7,Julio,14,2022,5,1,E HOUSTON ST,6,Calle Local Municipalidad,Urbano,Local,City or Municipal Highway Agency,0,Sin jurisdiccion especial,0,40.72356111,-73.99031111,Peaton,El primer evento no fue una colision con un vehiculo automotor en transporte,T-Intersection,Interseccion de T,Sobre calle,Ninguna,Dia total,Despejado,No,NO APLICA,99,99,99,99,1,14/07/2022,1
36,New York,360469,1,1,1,0,47,KINGS (47),4170,NEW YORK CITY,7,Julio,19,2022,2,59,SR-907C BELT PKWY,3,Highway estatal,Urbano,Arterial Principal -Freeway o ExpressWay,State Highway Agency,1,Sin jurisdiccion especial,99998,99.9999,999.9999,Peaton,El primer evento no fue una colision con un vehiculo automotor en transporte,Not an Intersection,No fue interseccion,Sobre calle,Ninguna,Oscuro sin iluminacion,Despejado,No,NO APLICA,2,59,3,15,1,19/07/2022,1
36,New York,360470,0,0,2,1,111,ULSTER (111),3329,LLOYD,7,Julio,12,2022,0,0,US-44 VINEYARD AVE,2,US Highway,Urbano,Arterial Principal -Freeway o ExpressWay,State Highway Agency,1,Sin jurisdiccion especial,99998,41.71892222,-73.96474444,Vehiculo Aparcado,El primer evento no fue una colision con un vehiculo automotor en transporte,Not an Intersection,No fue interseccion,En estacionamiento,Ninguna,Oscuro con iluminacion,Despejado,No,NO APLICA,0,3,0,9,1,12/07/2022,1
36,New York,360471,0,0,6,0,1,ALBANY (1),2464,GUILDERLAND,4,Abril,6,2022,7,57,I-90,1,Interestatal,Urbano,Interestatal,State Highway Agency,1,Sin jurisdiccion especial,99998,42.73246944,-73.89851944,Vehiculo en movimiento,Frente a Detrás,Not an Intersection,No fue interseccion,Sobre calle,Ninguna,Dia total,Nublado,No,NO APLICA,7,57,8,8,2,06/04/2022,7
36,New York,360472,0,0,2,0,107,TIOGA (107),5172,RICHFORD,5,Mayo,21,2022,16,25,SR-79,3,Highway estatal,Rural,Arteria Principal,State Highway Agency,1,Sin jurisdiccion especial,99998,42.36408889,-76.12327778,Vehiculo en movimiento,Frente a frente,Not an Intersection,No fue interseccion,Sobre calle,Ninguna,Dia total,Nublado,No,NO APLICA,99,99,99,99,1,21/05/2022,3
36,New York,360473,0,0,2,0,45,JEFFERSON (45),6450,WATERTOWN,6,Junio,5,2022,8,37,SR-12,3,Highway estatal,Rural,Arteria Principal,State Highway Agency,1,Sin jurisdiccion especial,99998,43.92668611,-75.81758611,Vehiculo en movimiento,Frente a frente,Not an Intersection,No fue interseccion,Sobre calle,Ninguna,Dia total,Despejado,No,NO APLICA,8,38,8,50,1,05/06/2022,3
36,New York,360474,0,0,2,0,29,ERIE (29),750,BUFFALO,6,Junio,14,2022,19,20,US-62 BAILEY AVE,2,US Highway,Urbano,Arteria Principal,State Highway Agency,1,Sin jurisdiccion especial,99998,42.92797222,-78.81373333,Vehiculo en movimiento,Angulo,Four-Way Intersection,Interseccion de 4 direcciones,Sobre calle,Ninguna,Dia total,Despejado,No,NO APLICA,19,20,19,30,1,14/06/2022,3
36,New York,360475,0,0,2,0,59,NASSAU (59),4600,OYSTER BAY,4,Abril,23,2022,23,27,CR-12 WOODBURY RD,4,Calle del Condado,Urbano,Arteria Menor,County Highway Agency,0,Sin jurisdiccion especial,99998,40.77263333,-73.51678333,Vehiculo en movimiento,Angulo,T-Intersection,Interseccion de T,Sobre calle,Ninguna,Oscuro con iluminacion,Despejado,No,NO APLICA,99,99,99,99,1,23/04/2022,3
36,New York,360476,0,0,2,0,63,NIAGARA (63),4210,NIAGARA FALLS,5,Mayo,22,2022,17,56,US-62 NIAGARA FALLS BLVD,2,US Highway,Urbano,Arteria Principal,State Highway Agency,1,Sin jurisdiccion especial,99998,43.08853333,-78.98396944,Vehiculo en movimiento,Angulo,Not an Intersection,No fue interseccion,Sobre calle,Ninguna,Dia total,Despejado,No,NO APLICA,17,58,18,0,1,22/05/2022,2
36,New York,360477,1,1,1,0,59,NASSAU (59),2600,HEMPSTEAD,5,Mayo,29,2022,1,12,SR-24 FULTON AVE,3,Highway estatal,Urbano,Arteria Principal,State Highway Agency,1,Sin jurisdiccion especial,99998,40.70959167,-73.6188,Peaton,El primer evento no fue una colision con un vehiculo automotor en transporte,Not an Intersection,No fue interseccion,Sobre calle,Ninguna,Oscuro con iluminacion,Despejado,No,NO APLICA,99,99,99,99,1,29/05/2022,1
36,New York,360478,0,0,2,0,59,NASSAU (59),710,BROOKVILLE,6,Junio,16,2022,0,2,SR-107,3,Highway estatal,Urbano,Arteria Menor,State Highway Agency,0,Sin jurisdiccion especial,99998,40.80910278,-73.55873056,Poste,El primer evento no fue una colision con un vehiculo automotor en transporte,Not an Intersection,No fue interseccion,Sobre el lado de la calle,Ninguna,Oscuro con iluminacion,Nublado,No,NO APLICA,0,3,0,11,1,16/06/2022,2
36,New York,360479,1,1,2,0,59,NASSAU (59),2600,HEMPSTEAD,6,Junio,7,2022,4,42,CR-2 PENINSULA BLVD,4,Calle del Condado,Urbano,Arteria Principal,County Highway Agency,1,Sin jurisdiccion especial,99998,40.69703889,-73.62968889,Peaton,El primer evento no fue una colision con un vehiculo automotor en transporte,Four-Way Intersection,Interseccion de 4 direcciones,Sobre calle,Ninguna,Oscuro con iluminacion,Nublado,No,NO APLICA,99,99,99,99,1,07/06/2022,2
36,New York,360480,0,0,3,0,91,SARATOGA (91),2230,GALWAY,5,Mayo,28,2022,13,1,CR-52 JOCKEY RD,4,Calle del Condado,Rural,Local,County Highway Agency,0,Sin jurisdiccion especial,99998,43.01970278,-73.98849167,Vehiculo en movimiento,Angulo,Four-Way Intersection,Interseccion de 4 direcciones,Sobre calle,Ninguna,Dia total,Nublado,No,NO APLICA,13,10,13,31,1,28/05/2022,5
36,New York,360481,0,0,1,0,29,ERIE (29),4250,NORTH COLLINS,6,Junio,10,2022,20,54,SENECA RD,8,Otro,Rural,Local,Bureau of Indian Affairs,0,Sin jurisdiccion especial,99998,42.53796944,-78.94516111,Arbol,El primer evento no fue una colision con un vehiculo automotor en transporte,Not an Intersection,No fue interseccion,Sobre el lado de la calle,Ninguna,Oscuro sin iluminacion,Despejado,No,NO APLICA,20,59,21,4,1,10/06/2022,2
36,New York,360482,0,0,1,0,71,ORANGE (71),4060,NEWBURGH,6,Junio,18,2022,17,38,CR-86 FOSTERTOWN RD,4,Calle del Condado,Urbano,Colector Mayor,County Highway Agency,0,Sin jurisdiccion especial,99998,41.54866944,-74.03980556,Arbol,El primer evento no fue una colision con un vehiculo automotor en transporte,Not an Intersection,No fue interseccion,Sobre el lado de la calle,Ninguna,Dia total,Despejado,No,NO APLICA,17,51,18,4,1,18/06/2022,1
36,New York,360483,0,0,1,0,63,NIAGARA (63),3340,LOCKPORT,7,Julio,20,2022,12,50,SR-93 AKRON RD,3,Highway estatal,Rural,Colector Mayor,State Highway Agency,0,Sin jurisdiccion especial,99998,43.13280278,-78.58118889,Animal vivo,El primer evento no fue una colision con un vehiculo automotor en transporte,Not an Intersection,No fue interseccion,Sobre calle,Ninguna,Dia total,Nublado,No,NO APLICA,12,51,13,4,1,20/07/2022,1
36,New York,360484,0,0,1,0,29,ERIE (29),611,BOSTON,6,Junio,20,2022,11,30,SHERO RD,5,Calle Local - Pueblo,Rural,Local,Town or Township Highway Agency,0,Sin jurisdiccion especial,99998,42.65236111,-78.76461944,Valla Ferrocarril,El primer evento no fue una colision con un vehiculo automotor en transporte,Not an Intersection,No fue interseccion,Sobre el lado de la calle,Ninguna,Dia total,Despejado,No,NO APLICA,99,99,99,99,1,20/06/2022,1
36,New York,360485,0,0,2,0,29,ERIE (29),5475,SARDINIA,6,Junio,22,2022,12,2,SR-16 OLEAN RD,3,Highway estatal,Rural,Arteria Principal,State Highway Agency,1,Sin jurisdiccion especial,99998,42.58125556,-78.48372222,Vehiculo en movimiento,Frente a frente,Not an Intersection,No fue interseccion,Sobre calle,Ninguna,Dia total,Despejado,No,NO APLICA,12,2,12,15,1,22/06/2022,2
36,New York,360486,0,0,1,0,63,NIAGARA (63),2564,HARTLAND,7,Julio,21,2022,8,1,SR-104,3,Highway estatal,Rural,Arteria Principal,State Highway Agency,1,Sin jurisdiccion especial,99998,99.9999,999.9999,Arbol,El primer evento no fue una colision con un vehiculo automotor en transporte,Not an Intersection,No fue interseccion,Sobre el lado de la calle,Ninguna,Dia total,Despejado,No,NO APLICA,8,1,8,4,1,21/07/2022,1
36,New York,360487,0,0,1,0,119,WESTCHESTER (119),6040,TARRYTOWN,6,Junio,26,2022,11,21,SR-987F SPRAIN BROOK PKWY,3,Highway estatal,Urbano,Arterial Principal -Freeway o ExpressWay,State Highway Agency,1,Sin jurisdiccion especial,99998,41.04613889,-73.81419444,Volcadura,El primer evento no fue una colision con un vehiculo automotor en transporte,Not an Intersection,No fue interseccion,Sobre calle,Ninguna,Dia total,Despejado,No,NO APLICA,11,21,11,32,1,26/06/2022,1
36,New York,360488,0,0,1,0,49,LEWIS (49),1410,CROGHAN,7,Julio,23,2022,10,36,ERIE CANAL RD,5,Calle Local - Pueblo,Rural,Local,Town or Township Highway Agency,0,Sin jurisdiccion especial,99998,43.95123056,-75.33800278,Arbol,El primer evento no fue una colision con un vehiculo automotor en transporte,Not an Intersection,No fue interseccion,Sobre el lado de la calle,Ninguna,Dia total,Despejado,No,NO APLICA,10,36,11,15,1,23/07/2022,1
36,New York,360490,0,0,1,0,81,QUEENS (81),4170,MIDDLE VILLAGE,7,Julio,24,2022,23,19,ROCKAWAY BLVD,6,Calle Local Municipalidad,Urbano,Arteria Principal,City or Municipal Highway Agency,1,Sin jurisdiccion especial,99998,40.642825,-73.74574167,Banqueta,El primer evento no fue una colision con un vehiculo automotor en transporte,Not an Intersection,No fue interseccion,Sobre el lado de la calle,Ninguna,Oscuro con iluminacion,Despejado,No,NO APLICA,23,19,99,99,1,24/07/2022,3
36,New York,360491,0,0,2,0,55,MONROE (55),1160,CHURCHVILLE,6,Junio,28,2022,15,57,CR-119 WESTSIDE DR,4,Calle del Condado,Urbano,Colector Mayor,County Highway Agency,0,Sin jurisdiccion especial,99998,43.12648889,-77.78944722,Volcadura,El primer evento no fue una colision con un vehiculo automotor en transporte,Four-Way Intersection,Interseccion de 4 direcciones,Sobre calle,Ninguna,Dia total,Despejado,No,NO APLICA,15,57,16,2,1,28/06/2022,2
36,New York,360492,0,0,1,0,103,SUFFOLK (103),2920,ISLIP,7,Julio,11,2022,1,14,SR-908M SOUTHERN STATE PKWY,3,Highway estatal,Urbano,Arteria Principal,State Highway Agency,1,Sin jurisdiccion especial,99998,40.73372222,-73.29466944,Arbol,El primer evento no fue una colision con un vehiculo automotor en transporte,Not an Intersection,No fue interseccion,Sobre el lado de la calle,Ninguna,Oscuro con iluminacion,Nublado,No,NO APLICA,1,14,1,21,2,11/07/2022,2
36,New York,360493,0,0,1,0,67,ONONDAGA (67),6010,SYRACUSE,7,Julio,17,2022,2,25,I-81,1,Interestatal,Urbano,Interestatal,State Highway Agency,1,Sin jurisdiccion especial,99998,43.06651667,-76.16403056,Poste de Señal de trafico,El primer evento no fue una colision con un vehiculo automotor en transporte,Not an Intersection,No fue interseccion,Sobre el lado de la calle,Ninguna,Oscuro con iluminacion,Despejado,No,NO APLICA,2,25,2,34,1,17/07/2022,1
36,New York,360494,0,0,1,0,59,NASSAU (59),4600,OYSTER BAY,7,Julio,28,2022,4,47,SR-135 SEAFORD OYSTER BAY EXPY,3,Highway estatal,Urbano,Arterial Principal -Freeway o ExpressWay,State Highway Agency,1,Sin jurisdiccion especial,99998,40.77277222,-73.48084722,Arbol,El primer evento no fue una colision con un vehiculo automotor en transporte,Not an Intersection,No fue interseccion,Sobre el lado de la calle,Ninguna,Oscuro sin iluminacion,lluvia,No,NO APLICA,4,52,4,52,1,28/07/2022,1
36,New York,360495,0,0,1,0,47,KINGS (47),4170,NEW YORK CITY,7,Julio,29,2022,15,42,3RD AVE,6,Calle Local Municipalidad,Urbano,Arteria Principal,City or Municipal Highway Agency,1,Sin jurisdiccion especial,99998,40.64681944,-74.01571111,Soporte de Puente,El primer evento no fue una colision con un vehiculo automotor en transporte,Not an Intersection,No fue interseccion,En el medio,Ninguna,Dia total,Despejado,No,NO APLICA,99,99,99,99,1,29/07/2022,1
36,New York,360496,1,1,1,0,103,SUFFOLK (103),1650,EAST HAMPTON,7,Julio,3,2022,11,11,SR-27 MONTAUK HWY,3,Highway estatal,Urbano,Arteria Principal,State Highway Agency,1,Sin jurisdiccion especial,99998,40.99829722,-72.04351111,Ciclista,El primer evento no fue una colision con un vehiculo automotor en transporte,Not an Intersection,No fue interseccion,Sobre calle,Ninguna,Dia total,Despejado,No,NO APLICA,11,14,11,20,1,03/07/2022,7
36,New York,360497,0,0,2,0,69,ONTARIO (69),6280,VICTOR,6,Junio,30,2022,8,31,SR-96,3,Highway estatal,Urbano,Arteria Principal,State Highway Agency,1,Sin jurisdiccion especial,99998,43.01743056,-77.44206111,Vehiculo en movimiento,Angulo,T-Intersection,Interseccion de T,Sobre calle,Ninguna,Dia total,Despejado,No,NO APLICA,8,31,8,39,1,30/06/2022,2