Estado,Nombre de Estado,Numero de Caso,Peatones,Personas _no_vehiculos,Vehiculos automotores,Vehiculos estacionados,Condado,Nombre Condado,Ciudad,Nombre Ciudad,Mes,Nombre Mes,Dia,Año,Hora,Minuto,Calle,Ruta,Nombre Ruta,Rural o Urbanoo,Sistema Funcional,Dueño Calle,Sistema Nacional Carreteras,Jurisdiccion Especial,Milla,Latitud,Longitud,Causa del Accidente,Tipo de Accidente,Tipo Interseccion,Columna1,Lugar en la calle,Zona de Trabajo,Luz,Clima,Autobus Escolar,Cruce de Trenes,Hora Notificacion,Minuto Notificacion,Hora Llegada,Minuto Llegada,Decesos,Fecha,PersonaVehiculo
36,New York,360498,1,1,1,0,103,SUFFOLK (103),5810,SOUTHAMPTON,7,Julio,7,2022,17,28,TOWN LINE RD,5,Calle Local - Pueblo,Urbano,Local,Town or Township Highway Agency,0,Sin jurisdiccion especial,0,40.92591111,-72.24765,Ciclista,El primer evento no fue una colision con un vehiculo automotor en transporte,Not an Intersection,No fue interseccion,Sobre Acotamiento,Ninguna,Dia total,Despejado,No,NO APLICA,17,36,17,39,1,07/07/2022,1
36,New York,360499,0,0,3,1,103,SUFFOLK (103),360,BABYLON,7,Julio,4,2022,23,0,SR-27 SUNRISE HWY,3,Highway estatal,Urbano,Arteria Principal,State Highway Agency,1,Sin jurisdiccion especial,99998,40.69419444,-73.39239167,Vehiculo en movimiento,Angulo,Four-Way Intersection,Interseccion de 4 direcciones,Sobre calle,Construccion,Oscuro con iluminacion,Despejado,No,NO APLICA,23,5,23,8,1,04/07/2022,5
36,New York,360501,1,1,2,0,5,BRONX (5),4170,NEW YORK CITY,7,Julio,20,2022,3,13,I-278 BRUCKNER EXPY,1,Interestatal,Urbano,Interestatal,State Highway Agency,1,Sin jurisdiccion especial,99998,40.81860833,-73.89181111,Peaton,El primer evento no fue una colision con un vehiculo automotor en transporte,Not an Intersection,No fue interseccion,Sobre calle,Ninguna,Oscuro con iluminacion,Despejado,No,NO APLICA,3,13,99,99,1,20/07/2022,3
36,New York,360502,1,1,1,0,57,MONTGOMERY (57),170,AMSTERDAM,7,Julio,21,2022,19,59,LOG CITY RD,5,Calle Local - Pueblo,Urbano,Local,Town or Township Highway Agency,0,Sin jurisdiccion especial,99998,42.97779722,-74.19710278,Ciclista,El primer evento no fue una colision con un vehiculo automotor en transporte,Not an Intersection,No fue interseccion,Sobre calle,Ninguna,Dia total,Despejado,No,NO APLICA,20,1,20,8,1,21/07/2022,1
36,New York,360503,1,1,1,0,29,ERIE (29),750,BUFFALO,7,Julio,7,2022,22,4,ABBOTT RD,6,Calle Local Municipalidad,Urbano,Arteria Menor,City or Municipal Highway Agency,0,Sin jurisdiccion especial,99998,42.85233333,-78.81785833,Ciclista,El primer evento no fue una colision con un vehiculo automotor en transporte,Not an Intersection,No fue interseccion,Sobre calle,Ninguna,Oscuro con iluminacion,Despejado,No,NO APLICA,22,4,99,99,1,07/07/2022,1
36,New York,360504,0,0,1,0,25,DELAWARE (25),3571,MASONVILLE,7,Julio,2,2022,15,20,SR-8,3,Highway estatal,Rural,Arteria Principal,State Highway Agency,1,Sin jurisdiccion especial,99998,42.25105833,-75.39972778,Valla Ferrocarril,El primer evento no fue una colision con un vehiculo automotor en transporte,Not an Intersection,No fue interseccion,Sobre el lado de la calle,Ninguna,Dia total,Despejado,No,NO APLICA,15,26,15,35,1,02/07/2022,1
36,New York,360505,1,1,1,0,61,NEW YORK (61),4170,NEW YORK,7,Julio,26,2022,10,49,E 85TH ST,6,Calle Local Municipalidad,Urbano,Local,City or Municipal Highway Agency,0,Sin jurisdiccion especial,0,40.780075,-73.95900833,Ciclista,El primer evento no fue una colision con un vehiculo automotor en transporte,Four-Way Intersection,Interseccion de 4 direcciones,Sobre calle,Ninguna,Dia total,Despejado,No,NO APLICA,10,49,99,99,1,26/07/2022,1
36,New York,360506,0,0,2,0,79,PUTNAM (79),900,CARMEL,7,Julio,7,2022,16,5,SR-52,3,Highway estatal,Urbano,Arteria Menor,State Highway Agency,0,Sin jurisdiccion especial,99998,41.44059722,-73.68046389,Vehiculo en movimiento,Angulo,Not an Intersection,No fue interseccion,Sobre calle,Ninguna,Dia total,Despejado,No,NO APLICA,16,10,16,14,1,07/07/2022,2
36,New York,360507,1,1,1,0,81,QUEENS (81),4170,MIDDLE VILLAGE,7,Julio,22,2022,3,30,SR-907D BELT PKWY,3,Highway estatal,Urbano,Arterial Principal -Freeway o ExpressWay,State Highway Agency,1,Sin jurisdiccion especial,99998,40.666625,-73.78553611,Peaton,El primer evento no fue una colision con un vehiculo automotor en transporte,Not an Intersection,No fue interseccion,Sobre calle,Ninguna,Oscuro con iluminacion,Despejado,No,NO APLICA,3,30,3,40,1,22/07/2022,1
36,New York,360508,0,0,2,0,115,WASHINGTON (115),2090,FORT EDWARD,5,Mayo,18,2022,17,49,CR-46,4,Calle del Condado,Urbano,Colector Mayor,County Highway Agency,0,Sin jurisdiccion especial,99998,43.16748611,-73.57445833,Vehiculo en movimiento,Reportado como desconocido,Not an Intersection,No fue interseccion,Sobre calle,Ninguna,Dia total,Nublado,No,NO APLICA,17,49,17,56,1,18/05/2022,4
36,New York,360509,0,0,3,0,105,SULLIVAN (105),3850,MONTICELLO,5,Mayo,14,2022,17,40,SR-17B,3,Highway estatal,Urbano,Arteria Menor,State Highway Agency,0,Sin jurisdiccion especial,99998,41.669725,-74.73950556,Vehiculo en movimiento,Angulo,Four-Way Intersection,Interseccion de 4 direcciones,Sobre calle,Ninguna,Dia total,Despejado,No,NO APLICA,17,40,17,45,1,14/05/2022,7
36,New York,360510,1,1,1,0,1,ALBANY (1),50,ALBANY,7,Julio,7,2022,22,10,SR-5 CENTRAL AVE,3,Highway estatal,Urbano,Arteria Principal,State Highway Agency,1,Sin jurisdiccion especial,99998,42.66196389,-73.76912222,Soporte de  señalamiento de transito,El primer evento no fue una colision con un vehiculo automotor en transporte,Four-Way Intersection,Interseccion de 4 direcciones,Sobre el lado de la calle,Ninguna,Oscuro con iluminacion,Despejado,No,NO APLICA,22,15,22,17,1,07/07/2022,2
36,New York,360511,0,0,2,0,29,ERIE (29),750,BUFFALO,7,Julio,16,2022,12,20,SR-954D ELM ST,3,Highway estatal,Urbano,Arteria Principal,State Highway Agency,1,Sin jurisdiccion especial,99998,42.89286111,-78.86692778,Vehiculo en movimiento,Angulo,Four-Way Intersection,Interseccion de 4 direcciones,Sobre calle,Ninguna,Dia total,Despejado,No,NO APLICA,12,21,99,99,1,16/07/2022,4
36,New York,360512,1,1,1,0,5,BRONX (5),4170,NEW YORK CITY,7,Julio,9,2022,15,0,BAILEY AVE,6,Calle Local Municipalidad,Urbano,Arteria Menor,City or Municipal Highway Agency,0,Sin jurisdiccion especial,99998,40.87304167,-73.90562222,Peaton,El primer evento no fue una colision con un vehiculo automotor en transporte,Four-Way Intersection,Interseccion de 4 direcciones,Sobre calle,Ninguna,Dia total,Despejado,No,NO APLICA,99,99,99,99,1,09/07/2022,1
36,New York,360513,0,0,1,0,97,SCHUYLER (97),5097,READING CENTER,7,Julio,9,2022,19,16,SR-14A,3,Highway estatal,Rural,Colector Mayor,State Highway Agency,0,Sin jurisdiccion especial,99998,42.4611,-76.97265556,Poste de Señal de trafico,El primer evento no fue una colision con un vehiculo automotor en transporte,T-Intersection,Interseccion de T,Sobre el lado de la calle,Ninguna,Dia total,Despejado,No,NO APLICA,19,16,19,28,1,09/07/2022,1
36,New York,360514,0,0,1,0,103,SUFFOLK (103),2920,ISLIP,7,Julio,9,2022,5,41,SR-908K SAGTIKOS PARKWAY RAMP,3,Highway estatal,Urbano,Arterial Principal -Freeway o ExpressWay,State Highway Agency,1,Sin jurisdiccion especial,99998,40.74459167,-73.27994722,Arbol,El primer evento no fue una colision con un vehiculo automotor en transporte,Not an Intersection,No fue interseccion,Gore?,Ninguna,Amanecer,Nublado,No,NO APLICA,5,41,6,15,1,09/07/2022,1
36,New York,360515,1,1,1,0,59,NASSAU (59),3380,LYNBROOK,7,Julio,19,2022,15,13,SR-27 SUNRISE HWY,3,Highway estatal,Urbano,Arteria Principal,State Highway Agency,1,Sin jurisdiccion especial,99998,40.65505278,-73.67176111,No vehiculo o remolque,El primer evento no fue una colision con un vehiculo automotor en transporte,Four-Way Intersection,Interseccion de 4 direcciones,Sobre calle,Ninguna,Dia total,Despejado,No,NO APLICA,15,13,15,15,1,19/07/2022,1
36,New York,360516,0,0,1,0,43,HERKIMER (43),3290,LITTLE FALLS,7,Julio,29,2022,18,2,CR-116 ANEY HILL RD,4,Calle del Condado,Urbano,Local,County Highway Agency,0,Sin jurisdiccion especial,99998,42.95334722,-74.90282222,Fin de valla,El primer evento no fue una colision con un vehiculo automotor en transporte,Not an Intersection,No fue interseccion,Sobre el lado de la calle,Ninguna,Dia total,Despejado,No,NO APLICA,19,17,20,16,1,29/07/2022,1
36,New York,360517,1,1,1,0,45,JEFFERSON (45),6450,WATERTOWN,7,Julio,11,2022,6,55,WEAVER RD,5,Calle Local - Pueblo,Urbano,Local,Town or Township Highway Agency,0,Sin jurisdiccion especial,99998,43.97027222,-75.86445278,Peaton,El primer evento no fue una colision con un vehiculo automotor en transporte,Not an Intersection,No fue interseccion,Sobre calle,Ninguna,Dia total,Despejado,No,NO APLICA,6,58,7,7,1,11/07/2022,1
36,New York,360518,1,1,1,0,119,WESTCHESTER (119),1379,CORTLANDT,7,Julio,5,2022,23,16,US-202,2,US Highway,Urbano,Arteria Principal,State Highway Agency,1,Sin jurisdiccion especial,99998,41.29141944,-73.89207222,Peaton,El primer evento no fue una colision con un vehiculo automotor en transporte,Four-Way Intersection,Interseccion de 4 direcciones,Sobre calle,Ninguna,Oscuro sin iluminacion,Despejado,No,NO APLICA,23,18,23,19,1,05/07/2022,1
36,New York,360519,0,0,2,0,65,ONEIDA (65),6626,WESTMORELAND,7,Julio,15,2022,11,24,SR-233,3,Highway estatal,Urbano,Arteria Principal,State Highway Agency,1,Sin jurisdiccion especial,99998,43.12764722,-75.408675,Vehiculo en movimiento,Angulo,T-Intersection,Interseccion de T,Sobre calle,Ninguna,Dia total,Despejado,No,NO APLICA,11,24,11,37,1,15/07/2022,3
36,New York,360520,0,0,2,0,11,CAYUGA (11),6520,WEEDSPORT,7,Julio,19,2022,7,47,TANNER RD,5,Calle Local - Pueblo,Urbano,Local,Town or Township Highway Agency,0,Sin jurisdiccion especial,99998,43.01613889,-76.54726667,Vehiculo en movimiento,Frente a Detrás,Not an Intersection,No fue interseccion,Sobre calle,Ninguna,Dia total,Despejado,No,NO APLICA,7,47,7,59,1,19/07/2022,2
36,New York,360521,0,0,2,0,37,GENESEE (37),410,BATAVIA,7,Julio,14,2022,17,18,SR-5 W MAIN ST,3,Highway estatal,Urbano,Arteria Menor,State Highway Agency,0,Sin jurisdiccion especial,99998,43.00718889,-78.22530556,Vehiculo en movimiento,Angulo,Not an Intersection,No fue interseccion,Sobre calle,Ninguna,Dia total,Despejado,No,NO APLICA,17,18,17,30,1,14/07/2022,3
36,New York,360522,0,0,2,0,93,SCHENECTADY (93),5550,SCHENECTADY,7,Julio,21,2022,20,0,CRANE ST,6,Calle Local Municipalidad,Urbano,Local,City or Municipal Highway Agency,0,Sin jurisdiccion especial,99998,42.79797778,-73.94721111,Vehiculo en movimiento,Angulo,T-Intersection,Interseccion de T,Sobre calle,Ninguna,Dia total,Despejado,No,NO APLICA,99,99,99,99,1,21/07/2022,2
36,New York,360523,0,0,2,0,81,QUEENS (81),4170,MIDDLE VILLAGE,7,Julio,26,2022,13,48,I-295 CLEARVIEW EXPY,1,Interestatal,Urbano,Interestatal,State Highway Agency,1,Sin jurisdiccion especial,99998,40.74079722,-73.76978333,Vehiculo en movimiento,Frente a Detrás,Not an Intersection,No fue interseccion,Sobre calle,Ninguna,Dia total,Despejado,No,NO APLICA,99,99,99,99,1,26/07/2022,4
36,New York,360524,0,0,2,0,53,MADISON (53),5976,STOCK BRIDGE,7,Julio,15,2022,16,4,CR-30 WILLIAMS RD,4,Calle del Condado,Rural,Colector Menor,County Highway Agency,0,Sin jurisdiccion especial,99998,42.97196389,-75.60992778,Vehiculo en movimiento,Angulo,Four-Way Intersection,Interseccion de 4 direcciones,Sobre calle,Ninguna,Dia total,Despejado,No,NO APLICA,99,99,99,99,1,15/07/2022,4
36,New York,360525,0,0,3,0,53,MADISON (53),1010,CAZENOVIA,7,Julio,20,2022,12,38,SR-92,3,Highway estatal,Rural,Arteria Principal,State Highway Agency,1,Sin jurisdiccion especial,99998,42.95017778,-75.89099167,Vehiculo en movimiento,Frente a frente,Not an Intersection,No fue interseccion,Sobre calle,Ninguna,Dia total,Despejado,No,NO APLICA,12,42,12,46,2,20/07/2022,4
36,New York,360526,0,0,1,0,29,ERIE (29),750,BUFFALO,7,Julio,16,2022,17,31,SR-33,3,Highway estatal,Urbano,Arterial Principal -Freeway o ExpressWay,State Highway Agency,1,Sin jurisdiccion especial,99998,42.90182222,-78.84704722,Barrera de Trafico de Concreto,El primer evento no fue una colision con un vehiculo automotor en transporte,Not an Intersection,No fue interseccion,En el medio,Ninguna,Dia total,Despejado,No,NO APLICA,17,31,99,99,1,16/07/2022,1
36,New York,360527,0,0,1,0,113,WARREN (113),617,BRANT LAKE,7,Julio,16,2022,20,2,HAYESBURG RD,5,Calle Local - Pueblo,Rural,Local,Town or Township Highway Agency,0,Sin jurisdiccion especial,99998,43.65285278,-73.74196667,Volcadura,El primer evento no fue una colision con un vehiculo automotor en transporte,T-Intersection,Interseccion de T,Sobre calle,Ninguna,Dia total,No reportado,No,NO APLICA,20,2,20,14,1,16/07/2022,1
36,New York,360528,0,0,1,0,55,MONROE (55),3681,MENDON,7,Julio,3,2022,1,34,SR-64 PITTSFORD MENDON RD,3,Highway estatal,Urbano,Arteria Menor,State Highway Agency,0,Sin jurisdiccion especial,99998,43.01748889,-77.51511389,Poste de Señal de trafico,El primer evento no fue una colision con un vehiculo automotor en transporte,Not an Intersection,No fue interseccion,Sobre el lado de la calle,Ninguna,Oscuro sin iluminacion,Despejado,No,NO APLICA,1,34,1,45,1,03/07/2022,2
36,New York,360529,0,0,2,0,119,WESTCHESTER (119),4120,NEW ROCHELLE,7,Julio,17,2022,18,25,US-1 MAIN ST,2,US Highway,Urbano,Arteria Principal,City or Municipal Highway Agency,1,Sin jurisdiccion especial,99998,40.91255,-73.77567778,Vehiculo en movimiento,Angulo,Four-Way Intersection,Interseccion de 4 direcciones,Sobre calle,Ninguna,Dia total,Despejado,No,NO APLICA,18,25,18,28,1,17/07/2022,4
36,New York,360530,0,0,2,0,55,MONROE (55),1160,CHURCHVILLE,7,Julio,15,2022,21,2,CR-133 MORGAN RD,4,Calle del Condado,Urbano,Arteria Menor,County Highway Agency,0,Sin jurisdiccion especial,99998,43.05763889,-77.79577778,Vehiculo en movimiento,Angulo,Four-Way Intersection,Interseccion de 4 direcciones,Sobre calle,Ninguna,Oscuro con iluminacion,Despejado,No,NO APLICA,21,3,21,5,1,15/07/2022,2
36,New York,360531,0,0,3,0,81,QUEENS (81),4170,MIDDLE VILLAGE,7,Julio,17,2022,17,51,I-295 CLEARVIEW EXPY,1,Interestatal,Urbano,Interestatal,State Highway Agency,1,Sin jurisdiccion especial,99998,40.73015833,-73.76328889,Vehiculo en movimiento,Frente a Detrás,Not an Intersection,No fue interseccion,Sobre calle,Ninguna,Dia total,Despejado,No,NO APLICA,17,52,17,56,1,17/07/2022,3
36,New York,360532,0,0,3,0,81,QUEENS (81),4170,MIDDLE VILLAGE,7,Julio,17,2022,13,9,BEACH CHANNEL DR,6,Calle Local Municipalidad,Urbano,Arteria Menor,City or Municipal Highway Agency,0,Sin jurisdiccion especial,99998,40.59565833,-73.77651111,Vehiculo en movimiento,Angulo,Four-Way Intersection,Interseccion de 4 direcciones,Sobre calle,Ninguna,Dia total,Despejado,No,NO APLICA,99,99,99,99,1,17/07/2022,3
36,New York,360533,0,0,1,0,63,NIAGARA (63),3220,LEWISTON,7,Julio,17,2022,4,47,SR-31 SAUNDERS SETTLEMENT RD,3,Highway estatal,Urbano,Arteria Principal,State Highway Agency,1,Sin jurisdiccion especial,99998,43.137,-78.95035,Buzon de correo,El primer evento no fue una colision con un vehiculo automotor en transporte,Not an Intersection,No fue interseccion,Sobre el lado de la calle,Ninguna,Oscuro sin iluminacion,Despejado,No,NO APLICA,4,47,5,1,1,17/07/2022,1
36,New York,360534,0,0,3,0,93,SCHENECTADY (93),4225,NISKAYUNA,7,Julio,17,2022,18,9,SR-7 TROY-SCHENECTADY RD,3,Highway estatal,Urbano,Arteria Principal,State Highway Agency,1,Sin jurisdiccion especial,99998,42.79354444,-73.87743056,Vehiculo en movimiento,Frente a frente,Not an Intersection,No fue interseccion,Sobre calle,Ninguna,Dia total,Despejado,No,NO APLICA,18,9,18,11,1,17/07/2022,4
36,New York,360535,1,1,1,0,47,KINGS (47),4170,NEW YORK CITY,7,Julio,17,2022,11,25,7TH AVE,6,Calle Local Municipalidad,Urbano,Arteria Menor,City or Municipal Highway Agency,0,Sin jurisdiccion especial,99998,40.63068889,-74.01739167,Peaton,El primer evento no fue una colision con un vehiculo automotor en transporte,Four-Way Intersection,Interseccion de 4 direcciones,Sobre calle,Ninguna,Dia total,Despejado,No,NO APLICA,99,99,99,99,1,17/07/2022,11
36,New York,360536,0,0,1,0,1,ALBANY (1),3680,MENANDS,7,Julio,5,2022,11,12,I-787 RAMP,1,Interestatal,Urbano,Interestatal,State Highway Agency,1,Sin jurisdiccion especial,99998,42.69638333,-73.70889444,Fin de valla,El primer evento no fue una colision con un vehiculo automotor en transporte,Not an Intersection,No fue interseccion,Sobre el lado de la calle,Ninguna,Dia total,Despejado,No,NO APLICA,11,23,11,33,1,05/07/2022,1
36,New York,360537,1,1,1,0,103,SUFFOLK (103),705,BROOKHAVEN,7,Julio,24,2022,17,28,SR-112 MEDFORD AVE,3,Highway estatal,Urbano,Arteria Principal,State Highway Agency,1,Sin jurisdiccion especial,99998,40.78833611,-73.00894722,Peaton,El primer evento no fue una colision con un vehiculo automotor en transporte,Not an Intersection,No fue interseccion,Sobre calle,Ninguna,Dia total,Despejado,No,NO APLICA,99,99,99,99,1,24/07/2022,1
36,New York,360538,0,0,3,0,63,NIAGARA (63),4330,NORTH TONAWANDA,7,Julio,12,2022,7,22,US-62 NIAGARA FALLS BLVD,2,US Highway,Urbano,Arteria Principal,State Highway Agency,1,Sin jurisdiccion especial,99998,43.09107222,-78.90142222,Vehiculo en movimiento,Frente a frente,T-Intersection,Interseccion de T,Sobre calle,Ninguna,Dia total,Despejado,No,NO APLICA,7,22,7,29,1,12/07/2022,3
36,New York,360539,0,0,2,0,83,RENSSELAER (83),5540,SCHAGHTICOKE,2,Febrero,15,2022,7,34,SR-67 OLD SCHAGHTICOKE RD,3,Highway estatal,Rural,Arteria Menor,State Highway Agency,0,Sin jurisdiccion especial,99998,42.89613611,-73.62159444,Vehiculo en movimiento,Frente a Detrás,Not an Intersection,No fue interseccion,Sobre calle,Ninguna,Dia total,Despejado,No,NO APLICA,7,37,7,39,1,15/02/2022,2
36,New York,360540,0,0,2,0,119,WESTCHESTER (119),6040,TARRYTOWN,4,Abril,30,2022,17,58,I-87,1,Interestatal,Urbano,Interestatal,State Highway Agency,1,Sin jurisdiccion especial,99998,41.03147222,-73.84118611,Vehiculo en movimiento,Frente a Detrás,Not an Intersection,No fue interseccion,Sobre calle,Ninguna,Dia total,Despejado,No,NO APLICA,17,58,18,6,1,30/04/2022,4
36,New York,360541,0,0,1,0,85,RICHMOND (85),4170,NEW YORK CITY,7,Julio,7,2022,20,50,WOODVALE AVE,6,Calle Local Municipalidad,Urbano,Local,City or Municipal Highway Agency,0,Sin jurisdiccion especial,99998,40.5236,-74.20962222,Banqueta,El primer evento no fue una colision con un vehiculo automotor en transporte,Not an Intersection,No fue interseccion,Sobre el lado de la calle,Ninguna,Oscuro con iluminacion,Despejado,No,NO APLICA,99,99,99,99,1,07/07/2022,2
36,New York,360542,0,0,2,0,5,BRONX (5),4170,NEW YORK CITY,7,Julio,15,2022,22,30,GRAND CONCOURSE,6,Calle Local Municipalidad,Urbano,Arteria Principal,City or Municipal Highway Agency,1,Sin jurisdiccion especial,99998,40.81649167,-73.92815833,Vehiculo en movimiento,Frente a Detrás,Four-Way Intersection,Interseccion de 4 direcciones,Sobre calle,Ninguna,Oscuro con iluminacion,Despejado,No,NO APLICA,99,99,99,99,1,15/07/2022,2
36,New York,360543,0,0,3,0,5,BRONX (5),4170,NEW YORK CITY,7,Julio,19,2022,14,25,MORRISON AVE,6,Calle Local Municipalidad,Urbano,Colector Mayor,City or Municipal Highway Agency,0,Sin jurisdiccion especial,99998,40.82905,-73.87441944,Vehiculo en movimiento,Frente a frente,T-Intersection,Interseccion de T,Sobre calle,Ninguna,Dia total,Despejado,No,NO APLICA,99,99,99,99,2,19/07/2022,6
36,New York,360544,1,1,1,0,5,BRONX (5),4170,NEW YORK CITY,7,Julio,20,2022,22,4,BRONXWOOD AVE,6,Calle Local Municipalidad,Urbano,Arteria Menor,City or Municipal Highway Agency,0,Sin jurisdiccion especial,99998,40.86734167,-73.86144444,Ciclista,El primer evento no fue una colision con un vehiculo automotor en transporte,T-Intersection,Interseccion de T,Sobre calle,Ninguna,Oscuro con iluminacion,Despejado,No,NO APLICA,22,4,99,99,1,20/07/2022,1
36,New York,360545,1,1,1,0,81,QUEENS (81),4170,MIDDLE VILLAGE,7,Julio,20,2022,17,59,VERNON BLVD,6,Calle Local Municipalidad,Urbano,Arteria Menor,City or Municipal Highway Agency,0,Sin jurisdiccion especial,99998,40.74901111,-73.95222778,No vehiculo o remolque,El primer evento no fue una colision con un vehiculo automotor en transporte,Four-Way Intersection,Interseccion de 4 direcciones,Sobre calle,Ninguna,Dia total,Despejado,No,NO APLICA,99,99,99,99,1,20/07/2022,1
36,New York,360546,0,0,4,2,25,DELAWARE (25),1454,DAVENPORT,7,Julio,26,2022,21,45,SR-23,3,Highway estatal,Urbano,Arteria Menor,County Highway Agency,0,Sin jurisdiccion especial,99998,42.44828056,-74.91878056,Vehiculo en movimiento,Angulo,Four-Way Intersection,Interseccion de 4 direcciones,Sobre calle,Ninguna,Oscuro con iluminacion,Despejado,No,NO APLICA,21,47,21,51,1,26/07/2022,4
36,New York,360547,1,1,1,0,5,BRONX (5),4170,NEW YORK CITY,7,Julio,27,2022,8,30,W 235 ST,6,Calle Local Municipalidad,Urbano,Local,City or Municipal Highway Agency,0,Sin jurisdiccion especial,99998,40.88556111,-73.90899722,Peaton,El primer evento no fue una colision con un vehiculo automotor en transporte,Four-Way Intersection,Interseccion de 4 direcciones,Sobre calle,Ninguna,Dia total,Despejado,No,NO APLICA,99,99,99,99,1,27/07/2022,1
36,New York,360548,0,0,1,0,77,OTSEGO (77),4097,NEW LISBON,7,Julio,27,2022,0,28,CR-13,4,Calle del Condado,Rural,Colector Mayor,County Highway Agency,0,Sin jurisdiccion especial,99998,42.57863611,-75.25750556,Acotamiento,El primer evento no fue una colision con un vehiculo automotor en transporte,Not an Intersection,No fue interseccion,Sobre el lado de la calle,Ninguna,Oscuro sin iluminacion,Nublado,No,NO APLICA,0,28,1,0,1,27/07/2022,1
36,New York,360549,0,0,2,0,101,STEUBEN (101),420,BATH,7,Julio,29,2022,12,30,I-86,1,Interestatal,Rural,Interestatal,State Highway Agency,1,Sin jurisdiccion especial,99998,42.32604444,-77.30853333,Valla Ferrocarril,El primer evento no fue una colision con un vehiculo automotor en transporte,Not an Intersection,No fue interseccion,En el medio,Ninguna,Dia total,Despejado,No,NO APLICA,12,30,12,40,1,29/07/2022,3
36,New York,360550,0,0,1,0,93,SCHENECTADY (93),1592,DUANESBURG,5,Mayo,3,2022,19,15,I-88,1,Interestatal,Urbano,Interestatal,State Highway Agency,1,Sin jurisdiccion especial,99998,42.77753889,-74.04784444,Arbol,El primer evento no fue una colision con un vehiculo automotor en transporte,Not an Intersection,No fue interseccion,Sobre el lado de la calle,Ninguna,Atardecer,Despejado,No,NO APLICA,19,17,19,32,1,03/05/2022,1
36,New York,360551,0,0,1,0,69,ONTARIO (69),830,CANANDAIGUA,7,Julio,24,2022,16,23,LAKE HILL DR,5,Calle Local - Pueblo,Urbano,Local,Town or Township Highway Agency,0,Sin jurisdiccion especial,99998,42.82344722,-77.28619444,Otro objeto (fijo),El primer evento no fue una colision con un vehiculo automotor en transporte,Not an Intersection,No fue interseccion,Sobre el lado de la calle,Ninguna,Dia total,Nublado,No,NO APLICA,16,23,16,33,1,24/07/2022,1
36,New York,360552,0,0,1,0,67,ONONDAGA (67),1179,CLAY,7,Julio,30,2022,6,19,CR-141 VERPLANK RD,4,Calle del Condado,Urbano,Colector Mayor,County Highway Agency,0,Sin jurisdiccion especial,99998,43.19517778,-76.25406944,Arbol,El primer evento no fue una colision con un vehiculo automotor en transporte,Not an Intersection,No fue interseccion,Sobre el lado de la calle,Ninguna,Dia total,Nublado,No,NO APLICA,99,99,99,99,1,30/07/2022,1
36,New York,360553,0,0,1,0,11,CAYUGA (11),960,CATO,7,Julio,29,2022,9,16,CR-17A SLAYTON RD,4,Calle del Condado,Rural,Colector Menor,County Highway Agency,0,Sin jurisdiccion especial,99998,43.16059444,-76.58658889,Arbol,El primer evento no fue una colision con un vehiculo automotor en transporte,Not an Intersection,No fue interseccion,Sobre el lado de la calle,Ninguna,Dia total,Despejado,No,NO APLICA,9,16,9,21,1,29/07/2022,1
36,New York,360554,2,2,1,0,91,SARATOGA (91),390,BALLSTON SPA,3,Marzo,15,2022,13,25,CR-56 HOP CITY RD,4,Calle del Condado,Rural,Local,County Highway Agency,0,Sin jurisdiccion especial,99998,42.95893333,-73.91925833,Peaton,El primer evento no fue una colision con un vehiculo automotor en transporte,Not an Intersection,No fue interseccion,Sobre calle,Ninguna,Dia total,Nublado,No,NO APLICA,99,99,99,99,1,15/03/2022,1
36,New York,360555,2,2,2,0,79,PUTNAM (79),900,CARMEL,7,Julio,2,2022,1,15,I-84,1,Interestatal,Urbano,Interestatal,State Highway Agency,1,Sin jurisdiccion especial,99998,99.9999,999.9999,Peaton,El primer evento no fue una colision con un vehiculo automotor en transporte,Not an Intersection,No fue interseccion,Sobre calle,Ninguna,Oscuro sin iluminacion,lluvia,No,NO APLICA,1,17,1,17,2,02/07/2022,1
36,New York,360556,0,0,2,0,71,ORANGE (71),4060,NEWBURGH,7,Julio,30,2022,21,22,SR-980P SOUTH ST,3,Highway estatal,Urbano,Colector Mayor,State Highway Agency,0,Sin jurisdiccion especial,99998,41.50959722,-74.03951944,Vehiculo en movimiento,Angulo,T-Intersection,Interseccion de T,Sobre calle,Ninguna,Atardecer,Despejado,No,NO APLICA,21,22,21,27,1,30/07/2022,5
36,New York,360557,1,1,1,0,61,NEW YORK (61),4170,NEW YORK,7,Julio,17,2022,16,44,8TH AVE ADAM CLAYTON POWELL JR,6,Calle Local Municipalidad,Urbano,Arteria Menor,City or Municipal Highway Agency,0,Sin jurisdiccion especial,0,40.80328611,-73.95238056,Peaton,El primer evento no fue una colision con un vehiculo automotor en transporte,Four-Way Intersection,Interseccion de 4 direcciones,Sobre calle,Ninguna,Dia total,Nublado,No,NO APLICA,99,99,99,99,1,17/07/2022,1
36,New York,360558,1,1,1,0,87,ROCKLAND (87),2700,HILLBURN,4,Abril,22,2022,20,38,SR-59 ORANGE TPK,3,Highway estatal,Urbano,Arteria Menor,State Highway Agency,0,Sin jurisdiccion especial,99998,41.12386389,-74.16097778,Peaton,El primer evento no fue una colision con un vehiculo automotor en transporte,Not an Intersection,No fue interseccion,Sobre calle,Ninguna,Oscuro con iluminacion,Despejado,No,NO APLICA,20,41,20,43,1,22/04/2022,1