Estado,Nombre de Estado,Numero de Caso,Peatones,Personas _no_vehiculos,Vehiculos automotores,Vehiculos estacionados,Condado,Nombre Condado,Ciudad,Nombre Ciudad,Mes,Nombre Mes,Dia,Año,Hora,Minuto,Calle,Ruta,Nombre Ruta,Rural o Urbanoo,Sistema Funcional,Dueño Calle,Sistema Nacional Carreteras,Jurisdiccion Especial,Milla,Latitud,Longitud,Causa del Accidente,Tipo de Accidente,Tipo Interseccion,Columna1,Lugar en la calle,Zona de Trabajo,Luz,Clima,Autobus Escolar,Cruce de Trenes,Hora Notificacion,Minuto Notificacion,Hora Llegada,Minuto Llegada,Decesos,Fecha,PersonaVehiculo
36,New York,360559,0,0,2,0,25,DELAWARE (25),5326,ROXBURY,7,Julio,21,2022,10,35,SR-23,3,Highway estatal,Rural,Arteria Menor,State Highway Agency,0,Sin jurisdiccion especial,99998,42.36099722,-74.47846667,Vehiculo en movimiento,Frente a frente,Not an Intersection,No fue interseccion,Sobre calle,Ninguna,Dia total,Nublado,No,NO APLICA,10,35,10,44,1,21/07/2022,2
36,New York,360560,1,1,1,0,61,NEW YORK (61),4170,NEW YORK,5,Mayo,3,2022,17,55,E 77TH ST,6,Calle Local Municipalidad,Urbano,Local,City or Municipal Highway Agency,0,Sin jurisdiccion especial,0,40.77108889,-73.95378056,Peaton,El primer evento no fue una colision con un vehiculo automotor en transporte,Four-Way Intersection,Interseccion de 4 direcciones,Sobre calle,Ninguna,Atardecer,Nublado,No,NO APLICA,99,99,99,99,1,03/05/2022,1
36,New York,360561,0,0,2,0,91,SARATOGA (91),6731,WILTON,6,Junio,9,2022,7,28,US-9,2,US Highway,Urbano,Arteria Menor,State Highway Agency,0,Sin jurisdiccion especial,99998,43.13302778,-73.76946667,Vehiculo en movimiento,Angulo,T-Intersection,Interseccion de T,Sobre calle,Ninguna,Dia total,lluvia,No,NO APLICA,7,28,7,34,1,09/06/2022,2
36,New York,360562,1,1,1,0,119,WESTCHESTER (119),6040,TARRYTOWN,8,Agosto,4,2022,7,19,MCKEEL AVE,5,Calle Local - Pueblo,Urbano,Local,Town or Township Highway Agency,0,Sin jurisdiccion especial,0,41.07862778,-73.85688611,Peaton,El primer evento no fue una colision con un vehiculo automotor en transporte,Not an Intersection,No fue interseccion,Sobre calle,Ninguna,Dia total,Despejado,No,NO APLICA,7,19,7,21,1,04/08/2022,1
36,New York,360563,1,1,1,0,81,QUEENS (81),4170,MIDDLE VILLAGE,8,Agosto,14,2022,19,40,MYRTLE AVE,6,Calle Local Municipalidad,Urbano,Local,City or Municipal Highway Agency,0,Sin jurisdiccion especial,0,40.70034444,-73.90420556,Peaton,El primer evento no fue una colision con un vehiculo automotor en transporte,Not an Intersection,No fue interseccion,Sobre calle,Ninguna,Oscuro con iluminacion,Despejado,No,NO APLICA,99,99,99,99,1,14/08/2022,1
36,New York,360564,0,0,2,1,85,RICHMOND (85),4170,NEW YORK CITY,7,Julio,17,2022,3,45,HYLAN BLVD,6,Calle Local Municipalidad,Urbano,Arteria Principal,City or Municipal Highway Agency,1,Sin jurisdiccion especial,99998,40.53694167,-74.15078056,Vehiculo Aparcado,El primer evento no fue una colision con un vehiculo automotor en transporte,Not an Intersection,No fue interseccion,En estacionamiento,Ninguna,Oscuro con iluminacion,lluvia,No,NO APLICA,99,99,99,99,1,17/07/2022,1
36,New York,360565,0,0,2,1,5,BRONX (5),4170,NEW YORK CITY,7,Julio,24,2022,18,28,E TREMONT AVE,6,Calle Local Municipalidad,Urbano,Arteria Principal,City or Municipal Highway Agency,1,Sin jurisdiccion especial,99998,40.84516667,-73.89048889,Vehiculo Aparcado,El primer evento no fue una colision con un vehiculo automotor en transporte,Not an Intersection,No fue interseccion,En estacionamiento,Ninguna,Dia total,Despejado,No,NO APLICA,16,28,16,32,1,24/07/2022,1
36,New York,360566,0,0,2,0,21,COLUMBIA (21),1327,COPAKE,7,Julio,31,2022,10,50,CR-7A,4,Calle del Condado,Rural,Colector Menor,County Highway Agency,0,Sin jurisdiccion especial,99998,42.09441944,-73.57471389,Vehiculo en movimiento,Golpe Lateral - direccion contraria,T-Intersection,Interseccion de T,Sobre calle,Ninguna,Dia total,Nublado,No,NO APLICA,10,52,10,56,1,31/07/2022,2
36,New York,360567,0,0,2,0,47,KINGS (47),4170,NEW YORK CITY,8,Agosto,8,2022,22,4,GATEWAY DR,6,Calle Local Municipalidad,Urbano,Local,City or Municipal Highway Agency,0,Sin jurisdiccion especial,99998,40.65306389,-73.87724167,Vehiculo en movimiento,Angulo,T-Intersection,Interseccion de T,Sobre calle,Ninguna,Oscuro con iluminacion,Despejado,No,NO APLICA,22,4,99,99,1,08/08/2022,4
36,New York,360568,0,0,2,0,29,ERIE (29),750,BUFFALO,7,Julio,31,2022,0,56,US-62 BAILEY AVE,2,US Highway,Urbano,Arteria Principal,State Highway Agency,1,Sin jurisdiccion especial,99998,42.89690278,-78.81398056,Vehiculo en movimiento,Frente a frente,Y-Intersection,Interseccion de Y,Sobre calle,Ninguna,Oscuro con iluminacion,Despejado,No,NO APLICA,0,56,99,99,2,31/07/2022,3
36,New York,360569,2,2,5,3,61,NEW YORK (61),4170,NEW YORK,8,Agosto,3,2022,4,0,SHERMAN AVE,6,Calle Local Municipalidad,Urbano,Local,City or Municipal Highway Agency,0,Sin jurisdiccion especial,99998,40.86576111,-73.92,Vehiculo en movimiento,Angulo,Four-Way Intersection,Interseccion de 4 direcciones,Sobre calle,Ninguna,Oscuro con iluminacion,Despejado,No,NO APLICA,99,99,99,99,2,03/08/2022,5
36,New York,360570,0,0,2,0,81,QUEENS (81),4170,MIDDLE VILLAGE,8,Agosto,10,2022,6,8,SR-25 QUEENS BLVD SERVICE RD,3,Highway estatal,Urbano,Arteria Principal,State Highway Agency,1,Sin jurisdiccion especial,99998,40.74193333,-73.90652778,Vehiculo en movimiento,Otro,Not an Intersection,No fue interseccion,Sobre calle,Ninguna,Dia total,Despejado,No,NO APLICA,6,8,99,99,1,10/08/2022,3
36,New York,360571,1,1,1,0,55,MONROE (55),5230,ROCHESTER,8,Agosto,3,2022,0,8,SR-940M LAKE AVE,3,Highway estatal,Urbano,Arteria Principal,State Highway Agency,1,Sin jurisdiccion especial,99998,43.22086944,-77.62822778,Ciclista,El primer evento no fue una colision con un vehiculo automotor en transporte,Not an Intersection,No fue interseccion,Sobre calle,Ninguna,Oscuro con iluminacion,Despejado,No,NO APLICA,0,10,0,16,1,03/08/2022,1
36,New York,360572,0,0,2,0,5,BRONX (5),4170,NEW YORK CITY,8,Agosto,14,2022,21,22,BAILEY AVE,6,Calle Local Municipalidad,Urbano,Arteria Menor,City or Municipal Highway Agency,0,Sin jurisdiccion especial,0,40.87081389,-73.90687222,Vehiculo en movimiento,Angulo,T-Intersection,Interseccion de T,Sobre calle,Ninguna,Oscuro con iluminacion,Despejado,No,NO APLICA,99,99,99,99,1,14/08/2022,3
36,New York,360573,0,0,1,0,69,ONTARIO (69),3490,MANCHESTER,8,Agosto,4,2022,9,29,BIRD RD,5,Calle Local - Pueblo,Rural,Local,Town or Township Highway Agency,0,Sin jurisdiccion especial,99998,43.01647778,-77.16612778,Volcadura,El primer evento no fue una colision con un vehiculo automotor en transporte,Not an Intersection,No fue interseccion,Fuera de la calle,Ninguna,Dia total,Nublado,No,NO APLICA,9,29,9,41,1,04/08/2022,1
36,New York,360574,0,0,2,0,59,NASSAU (59),2600,HEMPSTEAD,6,Junio,26,2022,1,43,GREENWICH ST,5,Calle Local - Pueblo,Urbano,Local,Town or Township Highway Agency,0,Sin jurisdiccion especial,99998,40.69742778,-73.60999444,Vehiculo en movimiento,Angulo,T-Intersection,Interseccion de T,Sobre calle,Ninguna,Oscuro con iluminacion,Despejado,No,NO APLICA,99,99,1,57,1,26/06/2022,3
36,New York,360575,0,0,2,0,93,SCHENECTADY (93),1592,DUANESBURG,7,Julio,8,2022,3,51,SR-7 DUANESBURG RD,3,Highway estatal,Rural,Colector Mayor,State Highway Agency,0,Sin jurisdiccion especial,99998,42.76709722,-74.10853056,Vehiculo en movimiento,Frente a frente,Not an Intersection,No fue interseccion,Sobre calle,Ninguna,Oscuro sin iluminacion,Despejado,No,NO APLICA,3,53,4,4,1,08/07/2022,2
36,New York,360576,0,0,2,0,47,KINGS (47),4170,NEW YORK CITY,8,Agosto,4,2022,9,32,MORGAN AVE,6,Calle Local Municipalidad,Urbano,Arteria Menor,City or Municipal Highway Agency,0,Sin jurisdiccion especial,99998,40.711525,-73.93393056,Volcadura,El primer evento no fue una colision con un vehiculo automotor en transporte,Not an Intersection,No fue interseccion,Sobre calle,Ninguna,Dia total,Despejado,No,NO APLICA,9,32,99,99,1,04/08/2022,2
36,New York,360577,0,0,1,0,31,ESSEX (31),1425,CROWN POINT,7,Julio,22,2022,13,24,CR-7 WHITE CHURCH RD,4,Calle del Condado,Rural,Local,County Highway Agency,0,Sin jurisdiccion especial,99998,43.9751,-73.48806944,Arbol,El primer evento no fue una colision con un vehiculo automotor en transporte,Not an Intersection,No fue interseccion,Sobre el lado de la calle,Ninguna,Dia total,Despejado,No,NO APLICA,99,99,99,99,1,22/07/2022,1
36,New York,360578,0,0,1,0,9,CATTARAUGUS (9),110,ALLEGANY,8,Agosto,14,2022,19,11,INDIAN CREEK RD,5,Calle Local - Pueblo,Rural,Local,Town or Township Highway Agency,0,Sin jurisdiccion especial,99998,42.00414167,-78.47023611,Volcadura,El primer evento no fue una colision con un vehiculo automotor en transporte,Not an Intersection,No fue interseccion,Sobre el lado de la calle,Ninguna,Oscuro sin iluminacion,Despejado,No,NO APLICA,99,99,99,99,1,14/08/2022,1
36,New York,360579,0,0,2,0,33,FRANKLIN (33),770,BURKE,7,Julio,22,2022,7,34,US-11,2,US Highway,Rural,Arteria Principal,State Highway Agency,1,Sin jurisdiccion especial,99998,44.92145556,-74.14408889,Vehiculo en movimiento,Frente a frente,Not an Intersection,No fue interseccion,Sobre calle,Ninguna,Dia total,Despejado,No,NO APLICA,99,99,99,99,1,22/07/2022,2
36,New York,360580,0,0,2,0,61,NEW YORK (61),4170,NEW YORK,8,Agosto,6,2022,21,50,SR-9A/907V HENRY HUDSON PKWY,3,Highway estatal,Urbano,Arterial Principal -Freeway o ExpressWay,State Highway Agency,1,Sin jurisdiccion especial,99998,40.800575,-73.97435278,Valla Ferrocarril,El primer evento no fue una colision con un vehiculo automotor en transporte,Not an Intersection,No fue interseccion,En el medio,Ninguna,Oscuro con iluminacion,Despejado,No,NO APLICA,21,50,22,0,1,06/08/2022,2
36,New York,360581,0,0,3,0,29,ERIE (29),1170,CLARENCE,7,Julio,15,2022,16,43,SR-78 TRANSIT RD,3,Highway estatal,Urbano,Arteria Principal,State Highway Agency,1,Sin jurisdiccion especial,99998,42.97435278,-78.6968,Vehiculo en movimiento,Angulo,Not an Intersection,No fue interseccion,Sobre calle,Ninguna,Dia total,Despejado,No,NO APLICA,99,99,99,99,1,15/07/2022,4
36,New York,360582,0,0,3,0,111,ULSTER (111),3329,LLOYD,8,Agosto,11,2022,8,42,US-9W,2,US Highway,Urbano,Arteria Principal,State Highway Agency,1,Sin jurisdiccion especial,99998,41.70458056,-73.96754167,Vehiculo en movimiento,Frente a Detrás,Not an Intersection,No fue interseccion,Sobre calle,Ninguna,Dia total,Despejado,No,NO APLICA,8,42,8,44,1,11/08/2022,3
36,New York,360583,0,0,1,0,29,ERIE (29),1770,EDEN,8,Agosto,9,2022,2,12,BELKNAP RD,5,Calle Local - Pueblo,Urbano,Local,Town or Township Highway Agency,0,Sin jurisdiccion especial,99998,42.6903,-78.88468056,Volcadura,El primer evento no fue una colision con un vehiculo automotor en transporte,Not an Intersection,No fue interseccion,Sobre el lado de la calle,Ninguna,Oscuro sin iluminacion,lluvia,No,NO APLICA,2,14,2,20,1,09/08/2022,1
36,New York,360584,2,2,1,0,83,RENSSELAER (83),1648,EAST GREENBUSH,8,Agosto,9,2022,20,43,US-9 AND 20,2,US Highway,Urbano,Arteria Principal,State Highway Agency,1,Sin jurisdiccion especial,99998,42.60509722,-73.71818611,Peaton,El primer evento no fue una colision con un vehiculo automotor en transporte,Four-Way Intersection,Interseccion de 4 direcciones,Sobre calle,Ninguna,Oscuro sin iluminacion,Despejado,No,NO APLICA,20,45,20,48,2,09/08/2022,1
36,New York,360585,0,0,2,0,1,ALBANY (1),1495,DELMAR,8,Agosto,14,2022,19,11,SR-396,3,Highway estatal,Urbano,Arteria Principal,State Highway Agency,1,Sin jurisdiccion especial,99998,42.53484444,-73.86913611,Vehiculo en movimiento,Angulo,Four-Way Intersection,Interseccion de 4 direcciones,Sobre calle,Ninguna,Atardecer,Despejado,No,NO APLICA,19,14,19,22,1,14/08/2022,3
36,New York,360586,0,0,2,0,81,QUEENS (81),4170,MIDDLE VILLAGE,8,Agosto,19,2022,1,36,QUEENS PLAZA SOUTH,6,Calle Local Municipalidad,Urbano,Arteria Principal,City or Municipal Highway Agency,1,Sin jurisdiccion especial,99998,40.74953056,-73.937725,Vehiculo en movimiento,Angulo,Y-Intersection,Interseccion de Y,Sobre calle,Ninguna,Oscuro con iluminacion,Nublado,No,NO APLICA,1,36,99,99,2,19/08/2022,3
36,New York,360587,0,0,1,0,37,GENESEE (37),534,BETHANY,7,Julio,6,2022,18,50,SR-63 ELLICOTT STREET RD,3,Highway estatal,Rural,Arteria Principal,State Highway Agency,1,Sin jurisdiccion especial,99998,42.94294722,-78.11151944,Poste de Señal de trafico,El primer evento no fue una colision con un vehiculo automotor en transporte,T-Intersection,Interseccion de T,Gore?,Ninguna,Dia total,Despejado,No,NO APLICA,18,57,19,14,1,06/07/2022,1
36,New York,360588,0,0,2,0,75,OSWEGO (75),4660,PARISH,7,Julio,24,2022,21,22,CR-26,4,Calle del Condado,Rural,Local,County Highway Agency,0,Sin jurisdiccion especial,99998,43.41634722,-76.07676111,Vehiculo en movimiento,Frente a frente,T-Intersection,Interseccion de T,Sobre calle,Ninguna,Oscuro sin iluminacion,Nublado,No,NO APLICA,21,22,21,31,1,24/07/2022,3
36,New York,360589,0,0,1,0,37,GENESEE (37),771,BYRON,7,Julio,24,2022,20,16,COCKRAM RD,5,Calle Local - Pueblo,Rural,Local,Town or Township Highway Agency,0,Sin jurisdiccion especial,99998,43.06674167,-78.07811389,Animal vivo,El primer evento no fue una colision con un vehiculo automotor en transporte,Not an Intersection,No fue interseccion,Sobre calle,Ninguna,Dia total,Despejado,No,NO APLICA,20,16,20,18,1,24/07/2022,2
36,New York,360590,0,0,2,0,1,ALBANY (1),1260,COHOES,7,Julio,31,2022,8,14,SR-787,3,Highway estatal,Urbano,Arterial Principal -Freeway o ExpressWay,State Highway Agency,1,Sin jurisdiccion especial,99998,42.75875833,-73.69819444,Vehiculo en movimiento,Golpe Lateral - misma direccion,Not an Intersection,No fue interseccion,Sobre calle,Ninguna,Dia total,Despejado,No,NO APLICA,8,15,8,17,1,31/07/2022,2
36,New York,360591,0,0,1,0,45,JEFFERSON (45),90,ALEXANDRIA BAY,8,Agosto,8,2022,19,8,BAILEY SETTLEMENT RD,5,Calle Local - Pueblo,Rural,Local,Town or Township Highway Agency,0,Sin jurisdiccion especial,99998,44.28449722,-75.93227778,Poste,El primer evento no fue una colision con un vehiculo automotor en transporte,Not an Intersection,No fue interseccion,Sobre el lado de la calle,Ninguna,Dia total,Nublado,No,NO APLICA,19,8,19,22,1,08/08/2022,1
36,New York,360592,0,0,3,0,27,DUTCHESS (27),6379,WAPPINSER,8,Agosto,4,2022,9,46,SR-9D,3,Highway estatal,Urbano,Arteria Principal,State Highway Agency,1,Sin jurisdiccion especial,99998,41.57184444,-73.93344722,Vehiculo en movimiento,Angulo,T-Intersection,Interseccion de T,Sobre calle,Ninguna,Dia total,Despejado,No,NO APLICA,9,46,9,46,1,04/08/2022,4
36,New York,360593,0,0,2,0,105,SULLIVAN (105),6800,WURTSBORO,5,Mayo,25,2022,18,0,SR-17,3,Highway estatal,Rural,Arterial Principal -Freeway o ExpressWay,State Highway Agency,1,Sin jurisdiccion especial,99998,41.56554722,-74.43105278,Vehiculo en movimiento,Frente a Detrás,Not an Intersection,No fue interseccion,Sobre calle,Ninguna,Dia total,Despejado,No,NO APLICA,18,0,18,2,1,25/05/2022,2
36,New York,360594,0,0,1,0,59,NASSAU (59),3970,MUTTONTOWN,8,Agosto,4,2022,6,0,SR-25A NORTHERN BLVD,3,Highway estatal,Urbano,Arteria Principal,State Highway Agency,1,Sin jurisdiccion especial,99998,40.838075,-73.55271944,Arbol,El primer evento no fue una colision con un vehiculo automotor en transporte,Not an Intersection,No fue interseccion,Sobre el lado de la calle,Ninguna,Dia total,Despejado,No,NO APLICA,6,0,6,4,1,04/08/2022,1
36,New York,360595,0,0,2,0,29,ERIE (29),1286,COLLINS,8,Agosto,11,2022,12,45,SR-438,3,Highway estatal,Rural,Colector Mayor,Bureau of Indian Affairs,0,Reservacion India,99998,42.53264444,-78.98609444,Vehiculo en movimiento,Angulo,Four-Way Intersection,Interseccion de 4 direcciones,Sobre calle,Ninguna,Dia total,Nublado,No,NO APLICA,12,46,12,48,1,11/08/2022,2
36,New York,360596,0,0,4,0,13,CHAUTAUQUA (13),1610,DUNKIRK,8,Agosto,11,2022,17,50,CR-155 CENTRAL AVE,4,Calle del Condado,Urbano,Arteria Menor,County Highway Agency,0,Sin jurisdiccion especial,99998,42.088675,-79.272825,Vehiculo en movimiento,Frente a Detrás,Four-Way Intersection,Interseccion de 4 direcciones,Sobre calle,Ninguna,Dia total,Despejado,No,NO APLICA,17,50,17,53,2,11/08/2022,7
36,New York,360597,1,1,1,0,1,ALBANY (1),1495,DELMAR,5,Mayo,29,2022,23,24,I-87,1,Interestatal,Urbano,Interestatal,State Highway Agency,1,Sin jurisdiccion especial,99998,42.59815833,-73.78499722,Peaton,El primer evento no fue una colision con un vehiculo automotor en transporte,Not an Intersection,No fue interseccion,Sobre calle,Ninguna,Oscuro sin iluminacion,Despejado,No,NO APLICA,11,15,11,15,1,29/05/2022,2
36,New York,360598,1,1,1,0,61,NEW YORK (61),4170,NEW YORK,8,Agosto,12,2022,7,52,MORNINGSIDE AVE,6,Calle Local Municipalidad,Urbano,Colector Mayor,City or Municipal Highway Agency,1,Sin jurisdiccion especial,99998,40.81145556,-73.95391389,No vehiculo o remolque,El primer evento no fue una colision con un vehiculo automotor en transporte,Four-Way Intersection,Interseccion de 4 direcciones,Sobre calle,Ninguna,Dia total,Despejado,No,NO APLICA,7,51,7,55,1,12/08/2022,1
36,New York,360599,0,0,1,0,27,DUTCHESS (27),2000,FISHKILL,8,Agosto,14,2022,1,44,SR-9D,3,Highway estatal,Urbano,Arteria Principal,State Highway Agency,1,Sin jurisdiccion especial,99998,41.54456944,-73.94439722,Volcadura,El primer evento no fue una colision con un vehiculo automotor en transporte,Not an Intersection,No fue interseccion,Sobre el lado de la calle,Ninguna,Oscuro sin iluminacion,Despejado,No,NO APLICA,8,55,8,56,1,14/08/2022,1
36,New York,360600,0,0,3,0,71,ORANGE (71),2695,HIGHLAND MILLS,8,Agosto,15,2022,20,3,US-6,2,US Highway,Rural,Arteria Principal,State Highway Agency,1,Sin jurisdiccion especial,99998,41.32258889,-74.07256944,Vehiculo en movimiento,Frente a frente,Not an Intersection,No fue interseccion,Sobre calle,Ninguna,Dia total,Despejado,No,NO APLICA,20,3,20,8,1,15/08/2022,10
36,New York,360601,0,0,1,0,11,CAYUGA (11),5633,SENNETT,8,Agosto,19,2022,17,28,CR-83 FRANKLIN STREET RD,4,Calle del Condado,Rural,Colector Mayor,County Highway Agency,0,Sin jurisdiccion especial,99998,42.957075,-76.49139722,Poste,El primer evento no fue una colision con un vehiculo automotor en transporte,T-Intersection,Interseccion de T,Sobre el lado de la calle,Ninguna,Dia total,Despejado,No,NO APLICA,17,29,17,36,1,19/08/2022,1
36,New York,360602,0,0,2,0,119,WESTCHESTER (119),4120,NEW ROCHELLE,6,Junio,18,2022,8,41,QUAKER RIDGE RD,5,Calle Local - Pueblo,Urbano,Local,Town or Township Highway Agency,0,Sin jurisdiccion especial,99998,40.95433889,-73.78139444,Vehiculo en movimiento,Angulo,Four-Way Intersection,Interseccion de 4 direcciones,Sobre calle,Ninguna,Dia total,Despejado,No,NO APLICA,99,99,99,99,1,18/06/2022,3
36,New York,360603,1,1,1,0,63,NIAGARA (63),4330,NORTH TONAWANDA,8,Agosto,18,2022,7,57,SR-425 SHAWNEE RD,3,Highway estatal,Urbano,Arteria Menor,State Highway Agency,0,Sin jurisdiccion especial,99998,43.10248333,-78.83660278,Ciclista,El primer evento no fue una colision con un vehiculo automotor en transporte,Not an Intersection,No fue interseccion,Sobre calle,Ninguna,Dia total,Despejado,No,NO APLICA,7,58,8,2,1,18/08/2022,1
36,New York,360604,0,0,1,0,89,ST LAWRENCE (89),5339,RUSSELL,8,Agosto,19,2022,2,52,CR-17,4,Calle del Condado,Rural,Colector Menor,County Highway Agency,0,Sin jurisdiccion especial,99998,44.46011667,-75.21483889,Acotamiento,El primer evento no fue una colision con un vehiculo automotor en transporte,Not an Intersection,No fue interseccion,Sobre el lado de la calle,Ninguna,Oscuro sin iluminacion,Despejado,No,NO APLICA,2,54,3,15,1,19/08/2022,1
36,New York,360605,0,0,1,0,63,NIAGARA (63),2564,HARTLAND,8,Agosto,26,2022,1,22,SR-104 RIDGE RD,3,Highway estatal,Rural,Arteria Principal,State Highway Agency,1,Sin jurisdiccion especial,99998,43.240125,-78.59325,Arbol,El primer evento no fue una colision con un vehiculo automotor en transporte,Not an Intersection,No fue interseccion,Sobre el lado de la calle,Ninguna,Oscuro sin iluminacion,Nublado,No,NO APLICA,1,22,1,27,1,26/08/2022,2
36,New York,360606,2,2,1,0,81,QUEENS (81),4170,MIDDLE VILLAGE,8,Agosto,20,2022,18,17,147 ST,6,Calle Local Municipalidad,Urbano,Local,City or Municipal Highway Agency,0,Sin jurisdiccion especial,99998,40.6795,-73.79334167,Peaton,El primer evento no fue una colision con un vehiculo automotor en transporte,Not an Intersection,No fue interseccion,Sobre calle,Ninguna,Dia total,Despejado,No,NO APLICA,18,17,99,99,1,20/08/2022,1
36,New York,360607,0,0,1,0,103,SUFFOLK (103),5870,SOUTHOLD,8,Agosto,20,2022,5,49,WELLS RD,5,Calle Local - Pueblo,Urbano,Local,Town or Township Highway Agency,0,Sin jurisdiccion especial,99998,40.97295556,-72.54041667,Arbol,El primer evento no fue una colision con un vehiculo automotor en transporte,Not an Intersection,No fue interseccion,Sobre el lado de la calle,Ninguna,Amanecer,Despejado,No,NO APLICA,5,58,99,99,1,20/08/2022,3
36,New York,360608,1,1,2,0,1,ALBANY (1),3680,MENANDS,8,Agosto,27,2022,7,23,I-787,1,Interestatal,Urbano,Interestatal,State Highway Agency,1,Sin jurisdiccion especial,99998,42.68654722,-73.71842778,Peaton,El primer evento no fue una colision con un vehiculo automotor en transporte,Not an Intersection,No fue interseccion,Sobre calle,Ninguna,Dia total,Nublado,No,NO APLICA,7,33,7,34,1,27/08/2022,1
36,New York,360609,0,0,3,0,47,KINGS (47),4170,NEW YORK CITY,8,Agosto,23,2022,3,56,SR-907C BELT PKWY,3,Highway estatal,Urbano,Arterial Principal -Freeway o ExpressWay,State Highway Agency,1,Sin jurisdiccion especial,99998,40.60199167,-74.01298056,Volcadura,El primer evento no fue una colision con un vehiculo automotor en transporte,Not an Intersection,No fue interseccion,Sobre calle,Ninguna,Oscuro con iluminacion,Despejado,No,NO APLICA,99,99,99,99,1,23/08/2022,3
36,New York,360610,0,0,1,0,33,FRANKLIN (33),4685,PAUL SMITHS,6,Junio,12,2022,10,58,SR-30,3,Highway estatal,Rural,Arteria Menor,State Highway Agency,0,Sin jurisdiccion especial,99998,99.9999,999.9999,Otro objeto (fijo),El primer evento no fue una colision con un vehiculo automotor en transporte,Not an Intersection,No fue interseccion,Sobre el lado de la calle,Ninguna,Dia total,Nublado,No,NO APLICA,99,99,99,99,1,12/06/2022,1
36,New York,360612,1,1,1,0,71,ORANGE (71),1431,CUDDEBACKVILLE,8,Agosto,12,2022,21,16,CR-80 NEVERSINK DR,4,Calle del Condado,Urbano,Local,County Highway Agency,0,Sin jurisdiccion especial,99998,41.36946667,-74.66946667,Peaton,El primer evento no fue una colision con un vehiculo automotor en transporte,Not an Intersection,No fue interseccion,Sobre calle,Ninguna,Oscuro sin iluminacion,Despejado,No,NO APLICA,21,54,21,57,1,12/08/2022,1
36,New York,360613,1,1,1,0,55,MONROE (55),5230,ROCHESTER,8,Agosto,21,2022,3,14,SR-940T INNER LOOP,3,Highway estatal,Urbano,Arterial Principal -Freeway o ExpressWay,State Highway Agency,1,Sin jurisdiccion especial,99998,43.16141111,-77.60514167,Peaton,El primer evento no fue una colision con un vehiculo automotor en transporte,Not an Intersection,No fue interseccion,Sobre calle,Ninguna,Oscuro con iluminacion,Nublado,No,NO APLICA,3,14,3,19,1,21/08/2022,1
36,New York,360614,1,1,1,0,59,NASSAU (59),2600,HEMPSTEAD,8,Agosto,23,2022,1,15,STEWART AVE,5,Calle Local - Pueblo,Urbano,Arteria Menor,Town or Township Highway Agency,0,Sin jurisdiccion especial,99998,40.7331,-73.60514722,Peaton,El primer evento no fue una colision con un vehiculo automotor en transporte,Four-Way Intersection,Interseccion de 4 direcciones,Sobre calle,Ninguna,Oscuro con iluminacion,Despejado,No,NO APLICA,1,16,1,32,1,23/08/2022,1
36,New York,360615,0,0,2,0,71,ORANGE (71),2320,GOSHEN,6,Junio,17,2022,9,27,SR-17,3,Highway estatal,Urbano,Arterial Principal -Freeway o ExpressWay,State Highway Agency,1,Sin jurisdiccion especial,99998,99.9999,999.9999,Valla Ferrocarril,El primer evento no fue una colision con un vehiculo automotor en transporte,Not an Intersection,No fue interseccion,En el medio,Ninguna,Dia total,Despejado,No,NO APLICA,10,58,10,58,1,17/06/2022,2
36,New York,360616,0,0,3,1,5,BRONX (5),4170,NEW YORK CITY,8,Agosto,25,2022,5,16,E 161 ST,6,Calle Local Municipalidad,Urbano,Arteria Principal,City or Municipal Highway Agency,1,Sin jurisdiccion especial,99998,40.82766667,-73.92607778,Vehiculo en movimiento,Angulo,Four-Way Intersection,Interseccion de 4 direcciones,Sobre calle,Ninguna,Amanecer,Despejado,No,NO APLICA,99,99,99,99,1,25/08/2022,4
36,New York,360617,0,0,1,0,67,ONONDAGA (67),1179,CLAY,6,Junio,1,2022,19,35,CR-121 HENRY CLAY BLVD,4,Calle del Condado,Urbano,Colector Mayor,County Highway Agency,0,Sin jurisdiccion especial,99998,43.15710278,-76.19340556,Acotamiento,El primer evento no fue una colision con un vehiculo automotor en transporte,Not an Intersection,No fue interseccion,Sobre el lado de la calle,Ninguna,Dia total,Nublado,No,NO APLICA,19,35,19,40,1,01/06/2022,5
36,New York,360618,0,0,2,1,103,SUFFOLK (103),5210,RIVERHEAD,8,Agosto,19,2022,17,39,SR-25 MIDDLE COUNTRY RD,3,Highway estatal,Urbano,Arteria Principal,State Highway Agency,1,Sin jurisdiccion especial,99998,40.92826389,-72.78507778,Vehiculo Aparcado,El primer evento no fue una colision con un vehiculo automotor en transporte,Not an Intersection,No fue interseccion,Sobre Acotamiento,Ninguna,Dia total,Despejado,No,NO APLICA,17,39,17,46,1,19/08/2022,1
36,New York,360619,0,0,2,0,71,ORANGE (71),3840,MONTGOMERY,7,Julio,9,2022,0,44,SR-52,3,Highway estatal,Urbano,Arteria Menor,State Highway Agency,0,Sin jurisdiccion especial,99998,41.55464167,-74.14307222,Vehiculo en movimiento,Frente a Detrás,Not an Intersection,No fue interseccion,Sobre calle,Ninguna,Oscuro sin iluminacion,Nublado,No,NO APLICA,0,44,0,58,1,09/07/2022,4
36,New York,360620,0,0,1,0,19,CLINTON (19),4767,PERU,7,Julio,15,2022,19,36,JARVIS RD,5,Calle Local - Pueblo,Rural,Local,Town or Township Highway Agency,0,Sin jurisdiccion especial,99998,44.57654167,-73.53669444,Arbol,El primer evento no fue una colision con un vehiculo automotor en transporte,Not an Intersection,No fue interseccion,Sobre el lado de la calle,Ninguna,Dia total,Despejado,No,NO APLICA,99,99,99,99,1,15/07/2022,1