Estado,Nombre de Estado,Numero de Caso,Peatones,Personas _no_vehiculos,Vehiculos automotores,Vehiculos estacionados,Condado,Nombre Condado,Ciudad,Nombre Ciudad,Mes,Nombre Mes,Dia,Año,Hora,Minuto,Calle,Ruta,Nombre Ruta,Rural o Urbanoo,Sistema Funcional,Dueño Calle,Sistema Nacional Carreteras,Jurisdiccion Especial,Milla,Latitud,Longitud,Causa del Accidente,Tipo de Accidente,Tipo Interseccion,Columna1,Lugar en la calle,Zona de Trabajo,Luz,Clima,Autobus Escolar,Cruce de Trenes,Hora Notificacion,Minuto Notificacion,Hora Llegada,Minuto Llegada,Decesos,Fecha,PersonaVehiculo
36,New York,360621,0,0,2,0,81,QUEENS (81),4170,MIDDLE VILLAGE,8,Agosto,26,2022,5,4,SR-907M GRAND CENTRAL PKWY,3,Highway estatal,Urbano,Arterial Principal -Freeway o ExpressWay,State Highway Agency,1,Sin jurisdiccion especial,99998,40.771175,-73.87790278,Volcadura,El primer evento no fue una colision con un vehiculo automotor en transporte,Not an Intersection,No fue interseccion,Sobre calle,Ninguna,Oscuro con iluminacion,Despejado,No,NO APLICA,5,4,5,30,1,26/08/2022,4
36,New York,360622,1,1,1,0,47,KINGS (47),4170,NEW YORK CITY,8,Agosto,30,2022,16,25,PENNSYLVANIA AVE,6,Calle Local Municipalidad,Urbano,Arteria Principal,City or Municipal Highway Agency,1,Sin jurisdiccion especial,0,40.65869722,-73.89084167,Ciclista,El primer evento no fue una colision con un vehiculo automotor en transporte,Four-Way Intersection,Interseccion de 4 direcciones,Sobre calle,Ninguna,Dia total,Despejado,No,NO APLICA,16,25,16,30,1,30/08/2022,1
36,New York,360623,1,1,1,0,47,KINGS (47),4170,NEW YORK CITY,8,Agosto,20,2022,12,30,18TH AVE,6,Calle Local Municipalidad,Urbano,Arteria Menor,City or Municipal Highway Agency,0,Sin jurisdiccion especial,0,40.61408611,-73.99532778,No vehiculo o remolque,El primer evento no fue una colision con un vehiculo automotor en transporte,Four-Way Intersection,Interseccion de 4 direcciones,Sobre calle,Ninguna,Dia total,Despejado,No,NO APLICA,99,99,99,99,1,20/08/2022,1
36,New York,360624,0,0,3,0,55,MONROE (55),6510,WEBSTER,8,Agosto,19,2022,20,8,SR-250 MILL CREEK RUN,3,Highway estatal,Urbano,Arteria Menor,State Highway Agency,0,Sin jurisdiccion especial,99998,43.22911111,-77.42853889,Vehiculo en movimiento,Angulo,Four-Way Intersection,Interseccion de 4 direcciones,Sobre calle,Ninguna,Dia total,Despejado,No,NO APLICA,20,9,20,14,1,19/08/2022,4
36,New York,360625,0,0,1,0,53,MADISON (53),1222,CLOCKVILLE,8,Agosto,29,2022,11,26,CR-29 CREEK RD,4,Calle del Condado,Rural,Local,County Highway Agency,0,Sin jurisdiccion especial,99998,43.05748611,-75.69935833,Poste,El primer evento no fue una colision con un vehiculo automotor en transporte,Not an Intersection,No fue interseccion,Sobre el lado de la calle,Ninguna,Dia total,Despejado,No,NO APLICA,11,26,11,32,1,29/08/2022,1
36,New York,360626,0,0,3,0,87,ROCKLAND (87),5930,SPRING VALLEY,6,Junio,10,2022,18,9,SR-45,3,Highway estatal,Urbano,Arteria Principal,State Highway Agency,1,Sin jurisdiccion especial,99998,41.14956944,-74.03378611,Vehiculo en movimiento,Angulo,Four-Way Intersection,Interseccion de 4 direcciones,Sobre calle,Ninguna,Dia total,Despejado,No,NO APLICA,18,9,18,24,1,10/06/2022,4
36,New York,360627,1,1,1,0,81,QUEENS (81),4170,MIDDLE VILLAGE,9,Septiembre,1,2022,17,28,100 ST,6,Calle Local Municipalidad,Urbano,Local,City or Municipal Highway Agency,0,Sin jurisdiccion especial,99998,40.76423333,-73.86973889,Peaton,El primer evento no fue una colision con un vehiculo automotor en transporte,T-Intersection,Interseccion de T,Sobre calle,Ninguna,Dia total,Despejado,No,NO APLICA,99,99,99,99,1,01/09/2022,1
36,New York,360628,0,0,2,0,103,SUFFOLK (103),5810,SOUTHAMPTON,7,Julio,12,2022,5,49,CR-104 RIVERLEIGH AVE,4,Calle del Condado,Urbano,Arteria Menor,County Highway Agency,0,Sin jurisdiccion especial,99998,40.91176389,-72.66053333,Vehiculo en movimiento,Angulo,T-Intersection,Interseccion de T,Sobre calle,Ninguna,Dia total,Despejado,No,NO APLICA,5,49,5,52,1,12/07/2022,2
36,New York,360629,0,0,2,0,105,SULLIVAN (105),6800,WURTSBORO,7,Julio,15,2022,7,45,US-209,2,US Highway,Urbano,Arteria Principal,State Highway Agency,1,Sin jurisdiccion especial,99998,41.59433333,-74.47034167,Vehiculo en movimiento,Frente a frente,Not an Intersection,No fue interseccion,Sobre calle,Ninguna,Dia total,Despejado,No,NO APLICA,7,45,7,51,1,15/07/2022,2
36,New York,360630,0,0,2,1,117,WAYNE (117),4030,NEWARK,8,Agosto,7,2022,19,52,SR-88,3,Highway estatal,Rural,Colector Mayor,State Highway Agency,0,Sin jurisdiccion especial,99998,43.13851389,-77.0805,Zanja,El primer evento no fue una colision con un vehiculo automotor en transporte,Not an Intersection,No fue interseccion,Sobre el lado de la calle,Ninguna,Dia total,Despejado,No,NO APLICA,19,52,99,99,1,07/08/2022,1
36,New York,360631,0,0,2,0,87,ROCKLAND (87),4063,NEW CITY,8,Agosto,15,2022,16,55,SR-304,3,Highway estatal,Urbano,Arteria Principal,State Highway Agency,1,Sin jurisdiccion especial,99998,41.09729722,-73.99781111,Vehiculo en movimiento,Angulo,Four-Way Intersection,Interseccion de 4 direcciones,Sobre calle,Ninguna,Dia total,Despejado,No,NO APLICA,16,55,16,59,1,15/08/2022,2
36,New York,360632,0,0,1,0,27,DUTCHESS (27),2000,FISHKILL,7,Julio,31,2022,3,46,SR-987G TACONIC STATE PKY RAMP,3,Highway estatal,Urbano,Arterial Principal -Freeway o ExpressWay,State Highway Agency,1,Sin jurisdiccion especial,99998,41.54158056,-73.77318056,Poste o otros soportes,El primer evento no fue una colision con un vehiculo automotor en transporte,Not an Intersection,No fue interseccion,Gore?,Ninguna,Oscuro sin iluminacion,No reportado,No,NO APLICA,13,56,13,56,1,31/07/2022,1
36,New York,360633,0,0,1,0,65,ONEIDA (65),3198,LEE,8,Agosto,16,2022,6,55,BROOKFIELD RD,5,Calle Local - Pueblo,Rural,Local,Town or Township Highway Agency,0,Sin jurisdiccion especial,99998,43.29891944,-75.5495,Buzon de correo,El primer evento no fue una colision con un vehiculo automotor en transporte,Not an Intersection,No fue interseccion,Sobre el lado de la calle,Ninguna,Dia total,Despejado,No,NO APLICA,6,55,7,6,1,16/08/2022,1
36,New York,360634,0,0,1,0,87,ROCKLAND (87),5980,STONY POINT,8,Agosto,23,2022,20,21,SR-987C,3,Highway estatal,Urbano,Arterial Principal -Freeway o ExpressWay,State Highway Agency,1,Sin jurisdiccion especial,99998,41.27661389,-74.03086944,Valla Ferrocarril,El primer evento no fue una colision con un vehiculo automotor en transporte,Not an Intersection,No fue interseccion,En el medio,Ninguna,Oscuro sin iluminacion,Despejado,No,NO APLICA,20,26,20,43,1,23/08/2022,1
36,New York,360635,1,1,1,0,55,MONROE (55),5230,ROCHESTER,8,Agosto,22,2022,15,37,SR-31 LYELL AVE,3,Highway estatal,Urbano,Arteria Menor,State Highway Agency,0,Sin jurisdiccion especial,99998,43.16463333,-77.65426667,Peaton,El primer evento no fue una colision con un vehiculo automotor en transporte,Four-Way Intersection,Interseccion de 4 direcciones,Sobre calle,Ninguna,Dia total,Nublado,No,NO APLICA,15,38,15,44,1,22/08/2022,1
36,New York,360636,1,1,1,0,61,NEW YORK (61),4170,NEW YORK,8,Agosto,24,2022,11,5,CHURCH ST,6,Calle Local Municipalidad,Urbano,Arteria Principal,State Highway Agency,1,Sin jurisdiccion especial,99998,40.71656944,-74.00677778,No vehiculo o remolque,El primer evento no fue una colision con un vehiculo automotor en transporte,Four-Way Intersection,Interseccion de 4 direcciones,Sobre calle,Ninguna,Dia total,Despejado,No,NO APLICA,99,99,99,99,1,24/08/2022,1
36,New York,360637,0,0,1,0,49,LEWIS (49),2560,HARRISVILLE,8,Agosto,29,2022,21,22,NORTH SHORE RD,5,Calle Local - Pueblo,Rural,Colector Menor,Town or Township Highway Agency,0,Sin jurisdiccion especial,99998,44.15816111,-75.37779722,Acotamiento,El primer evento no fue una colision con un vehiculo automotor en transporte,Not an Intersection,No fue interseccion,Sobre el lado de la calle,Ninguna,Oscuro sin iluminacion,lluvia,No,NO APLICA,21,27,21,37,1,29/08/2022,1
36,New York,360638,0,0,1,0,13,CHAUTAUQUA (13),2267,GERRY,9,Septiembre,1,2022,10,26,SR-60 N MAIN ST EXTENSION,3,Highway estatal,Rural,Arteria Principal,State Highway Agency,1,Sin jurisdiccion especial,99998,42.17585,-79.25471389,Culvert,El primer evento no fue una colision con un vehiculo automotor en transporte,Not an Intersection,No fue interseccion,Sobre el lado de la calle,Ninguna,Dia total,Despejado,No,NO APLICA,10,27,10,31,1,01/09/2022,2
36,New York,360639,0,0,2,0,55,MONROE (55),5230,ROCHESTER,8,Agosto,27,2022,23,59,UPPER FALLS BLVD,6,Calle Local Municipalidad,Urbano,Arteria Menor,City or Municipal Highway Agency,0,Sin jurisdiccion especial,99998,43.17098056,-77.60752778,Vehiculo en movimiento,Angulo,Four-Way Intersection,Interseccion de 4 direcciones,Sobre calle,Ninguna,Oscuro sin iluminacion,Despejado,No,NO APLICA,23,59,0,8,1,27/08/2022,2
36,New York,360640,0,0,1,0,39,GREENE (39),2830,HUNTER,8,Agosto,28,2022,18,36,SR-23A,3,Highway estatal,Rural,Colector Mayor,State Highway Agency,0,Sin jurisdiccion especial,99998,42.19006944,-74.07460833,Valla Ferrocarril,El primer evento no fue una colision con un vehiculo automotor en transporte,Not an Intersection,No fue interseccion,Sobre el lado de la calle,Ninguna,Dia total,Despejado,No,NO APLICA,18,41,18,41,1,28/08/2022,1
36,New York,360641,1,1,1,0,47,KINGS (47),4170,NEW YORK CITY,9,Septiembre,2,2022,23,24,SR-907C BELT PKWY,3,Highway estatal,Urbano,Arterial Principal -Freeway o ExpressWay,State Highway Agency,1,Sin jurisdiccion especial,99998,40.58585278,-73.93795,Peaton,El primer evento no fue una colision con un vehiculo automotor en transporte,Not an Intersection,No fue interseccion,Sobre calle,Ninguna,Oscuro sin iluminacion,Despejado,No,NO APLICA,99,99,99,99,1,02/09/2022,1
36,New York,360642,1,1,1,0,61,NEW YORK (61),4170,NEW YORK,9,Septiembre,4,2022,2,42,RIVERSIDE DR,6,Calle Local Municipalidad,Urbano,Arteria Menor,State Highway Agency,0,Sin jurisdiccion especial,99998,40.82833333,-73.95075278,Peaton,El primer evento no fue una colision con un vehiculo automotor en transporte,Four-Way Intersection,Interseccion de 4 direcciones,Sobre calle,Ninguna,Oscuro con iluminacion,Despejado,No,NO APLICA,99,99,99,99,1,04/09/2022,1
36,New York,360643,0,0,1,0,103,SUFFOLK (103),5870,SOUTHOLD,9,Septiembre,4,2022,1,45,CR-48,4,Calle del Condado,Urbano,Arteria Principal,County Highway Agency,1,Sin jurisdiccion especial,99998,41.03068889,-72.49561389,Poste,El primer evento no fue una colision con un vehiculo automotor en transporte,Not an Intersection,No fue interseccion,Sobre el lado de la calle,Ninguna,Oscuro con iluminacion,Despejado,No,NO APLICA,1,45,1,46,1,04/09/2022,1
36,New York,360644,1,1,1,0,5,BRONX (5),4170,NEW YORK CITY,9,Septiembre,5,2022,0,32,E 138TH ST,6,Calle Local Municipalidad,Urbano,Local,City or Municipal Highway Agency,0,Sin jurisdiccion especial,0,40.80275278,-73.90829722,Peaton,El primer evento no fue una colision con un vehiculo automotor en transporte,Four-Way Intersection,Interseccion de 4 direcciones,Sobre calle,Ninguna,Oscuro con iluminacion,Nublado,No,NO APLICA,99,99,99,99,1,05/09/2022,1
36,New York,360645,1,1,2,1,47,KINGS (47),4170,NEW YORK CITY,9,Septiembre,4,2022,23,31,AVE M,6,Calle Local Municipalidad,Urbano,Local,City or Municipal Highway Agency,0,Sin jurisdiccion especial,0,40.634625,-73.89713611,Peaton,El primer evento no fue una colision con un vehiculo automotor en transporte,Not an Intersection,No fue interseccion,Sobre calle,Ninguna,Oscuro con iluminacion,lluvia,No,NO APLICA,99,99,99,99,1,04/09/2022,1
36,New York,360646,0,0,1,0,101,STEUBEN (101),420,BATH,6,Junio,29,2022,11,23,I-86,1,Interestatal,Urbano,Interestatal,State Highway Agency,1,Sin jurisdiccion especial,99998,42.29945833,-77.24165278,Arbol,El primer evento no fue una colision con un vehiculo automotor en transporte,Not an Intersection,No fue interseccion,En el medio,Ninguna,Dia total,Despejado,No,NO APLICA,11,26,11,30,1,29/06/2022,1
36,New York,360647,0,0,1,0,69,ONTARIO (69),830,CANANDAIGUA,7,Julio,9,2022,5,37,CR-32,4,Calle del Condado,Rural,Colector Menor,County Highway Agency,0,Sin jurisdiccion especial,99998,42.87187222,-77.32578611,Zanja,El primer evento no fue una colision con un vehiculo automotor en transporte,Not an Intersection,No fue interseccion,Sobre el lado de la calle,Ninguna,Dia total,Despejado,No,NO APLICA,99,99,99,99,1,09/07/2022,1
36,New York,360648,0,0,1,0,117,WAYNE (117),6760,WOLCOTT,8,Agosto,4,2022,16,58,YOUNGLOVE RD,5,Calle Local - Pueblo,Rural,Local,Town or Township Highway Agency,0,Sin jurisdiccion especial,99998,43.29679722,-76.76895833,Valla Ferrocarril,El primer evento no fue una colision con un vehiculo automotor en transporte,Not an Intersection,No fue interseccion,Sobre el lado de la calle,Ninguna,Dia total,lluvia,No,NO APLICA,16,58,17,11,1,04/08/2022,7
36,New York,360649,0,0,1,0,103,SUFFOLK (103),5210,RIVERHEAD,9,Septiembre,3,2022,5,4,OSBORN AVE,5,Calle Local - Pueblo,Urbano,Local,Town or Township Highway Agency,0,Sin jurisdiccion especial,99998,40.94060556,-72.70745278,Arbol,El primer evento no fue una colision con un vehiculo automotor en transporte,Not an Intersection,No fue interseccion,Sobre el lado de la calle,Ninguna,Oscuro sin iluminacion,Despejado,No,NO APLICA,5,6,5,10,1,03/09/2022,1
36,New York,360650,0,0,1,0,119,WESTCHESTER (119),6670,WHITE PLAINS,8,Agosto,31,2022,0,33,SR-987F SPRAIN BROOK PKWY,3,Highway estatal,Urbano,Arterial Principal -Freeway o ExpressWay,State Highway Agency,1,Sin jurisdiccion especial,99998,41.03540833,-73.81686389,Valla Ferrocarril,El primer evento no fue una colision con un vehiculo automotor en transporte,Not an Intersection,No fue interseccion,En el medio,Ninguna,Oscuro sin iluminacion,Nublado,No,NO APLICA,0,34,0,42,1,31/08/2022,1
36,New York,360651,0,0,1,0,49,LEWIS (49),3370,LOWVILLE,9,Septiembre,4,2022,16,24,WORTH RD,5,Calle Local - Pueblo,Rural,Local,Town or Township Highway Agency,0,Sin jurisdiccion especial,99998,43.74778333,-75.74011389,Volcadura,El primer evento no fue una colision con un vehiculo automotor en transporte,Not an Intersection,No fue interseccion,Sobre el lado de la calle,Ninguna,Dia total,Nublado,No,NO APLICA,16,27,16,50,1,04/09/2022,1
36,New York,360652,0,0,1,0,59,NASSAU (59),2600,HEMPSTEAD,9,Septiembre,9,2022,12,35,ANCHOR AVE,5,Calle Local - Pueblo,Urbano,Local,Town or Township Highway Agency,0,Sin jurisdiccion especial,0,40.63726111,-73.64421667,Edificio,El primer evento no fue una colision con un vehiculo automotor en transporte,Not an Intersection,No fue interseccion,Fuera de la calle,Ninguna,Dia total,Despejado,No,NO APLICA,12,37,12,39,1,09/09/2022,1
36,New York,360653,0,0,1,0,109,TOMPKINS (109),2940,ITHACA,9,Septiembre,10,2022,8,6,CR-119 CODDINGTON RD,4,Calle del Condado,Urbano,Colector Mayor,County Highway Agency,0,Sin jurisdiccion especial,99998,42.40342222,-76.46945278,Arbol,El primer evento no fue una colision con un vehiculo automotor en transporte,Not an Intersection,No fue interseccion,Sobre el lado de la calle,Ninguna,Dia total,Despejado,No,NO APLICA,8,6,8,15,1,10/09/2022,1
36,New York,360654,0,0,1,0,67,ONONDAGA (67),3082,LA FAYETTE,7,Julio,13,2022,18,40,CR-1 APULIA RD,4,Calle del Condado,Rural,Colector Mayor,County Highway Agency,0,Sin jurisdiccion especial,99998,42.95047778,-76.06889167,Arbol,El primer evento no fue una colision con un vehiculo automotor en transporte,Not an Intersection,No fue interseccion,Sobre el lado de la calle,Ninguna,Dia total,Nublado,No,NO APLICA,18,41,18,58,1,13/07/2022,1
36,New York,360655,1,1,1,0,67,ONONDAGA (67),3615,MATTYDALE,2,Febrero,13,2022,18,9,US-11,2,US Highway,Urbano,Arteria Menor,State Highway Agency,0,Sin jurisdiccion especial,99998,43.10577222,-76.14580278,Peaton,El primer evento no fue una colision con un vehiculo automotor en transporte,Not an Intersection,No fue interseccion,Sobre calle,Ninguna,Oscuro con iluminacion,Nublado,No,NO APLICA,18,9,18,15,1,13/02/2022,1
36,New York,360656,4,4,1,0,113,WARREN (113),3100,LAKE GEORGE,6,Junio,12,2022,15,8,US-9,2,US Highway,Urbano,Arteria Principal,State Highway Agency,1,Sin jurisdiccion especial,99998,43.39609444,-73.70383889,Peaton,El primer evento no fue una colision con un vehiculo automotor en transporte,Not an Intersection,No fue interseccion,Sobre el lado de la calle,Ninguna,Dia total,Despejado,No,NO APLICA,15,12,15,31,2,12/06/2022,1
36,New York,360657,1,1,1,0,87,ROCKLAND (87),4063,NEW CITY,8,Agosto,6,2022,13,0,CR-23 N LITTLE TOR RD,4,Calle del Condado,Urbano,Arteria Menor,County Highway Agency,0,Sin jurisdiccion especial,99998,41.171375,-74.00420833,Peaton,El primer evento no fue una colision con un vehiculo automotor en transporte,Not an Intersection,No fue interseccion,Sobre calle,Ninguna,Dia total,Despejado,No,NO APLICA,13,5,13,7,1,06/08/2022,6
36,New York,360659,0,0,2,0,83,RENSSELAER (83),6110,TROY,9,Septiembre,7,2022,6,31,SR-2 BRUNSWICK RD,3,Highway estatal,Urbano,Arteria Principal,State Highway Agency,1,Sin jurisdiccion especial,99998,42.72226667,-73.67533333,Vehiculo en movimiento,Angulo,T-Intersection,Interseccion de T,Sobre calle,Ninguna,Dia total,Nublado,No,NO APLICA,6,31,6,33,1,07/09/2022,2
36,New York,360660,0,0,1,0,25,DELAWARE (25),5700,SIDNEY,7,Julio,31,2022,19,5,PARKER HOLLOW RD,5,Calle Local - Pueblo,Rural,Local,Town or Township Highway Agency,0,Sin jurisdiccion especial,99998,42.29270278,-75.32994444,Arbol,El primer evento no fue una colision con un vehiculo automotor en transporte,Not an Intersection,No fue interseccion,Sobre el lado de la calle,Ninguna,Dia total,Despejado,No,NO APLICA,19,11,19,17,1,31/07/2022,1
36,New York,360661,0,0,1,0,87,ROCKLAND (87),1300,CONGERS,8,Agosto,18,2022,2,21,US-9W,2,US Highway,Urbano,Arteria Principal,State Highway Agency,1,Sin jurisdiccion especial,99998,41.17288056,-73.94597778,Arbol,El primer evento no fue una colision con un vehiculo automotor en transporte,Not an Intersection,No fue interseccion,Sobre el lado de la calle,Ninguna,Oscuro con iluminacion,Despejado,No,NO APLICA,2,23,2,31,1,18/08/2022,1
36,New York,360662,0,0,1,0,93,SCHENECTADY (93),1592,DUANESBURG,8,Agosto,30,2022,9,4,SR-7 DUANESBURG RD,3,Highway estatal,Rural,Colector Mayor,State Highway Agency,0,Sin jurisdiccion especial,99998,42.75467778,-74.14614167,Barrera de Trafico de Concreto,El primer evento no fue una colision con un vehiculo automotor en transporte,Not an Intersection,No fue interseccion,En el medio,Ninguna,Dia total,Nublado,No,NO APLICA,9,4,9,10,1,30/08/2022,1
36,New York,360663,1,1,1,0,55,MONROE (55),5230,ROCHESTER,6,Junio,8,2022,3,7,CULVER PKWY,6,Calle Local Municipalidad,Urbano,Local,City or Municipal Highway Agency,0,Sin jurisdiccion especial,99998,43.17159722,-77.55982222,Peaton,El primer evento no fue una colision con un vehiculo automotor en transporte,Four-Way Intersection,Interseccion de 4 direcciones,Sobre calle,Ninguna,Oscuro con iluminacion,Nublado,No,NO APLICA,3,7,3,15,1,08/06/2022,1
36,New York,360664,1,1,1,0,55,MONROE (55),5230,ROCHESTER,8,Agosto,20,2022,2,57,N CLINTON AVE,6,Calle Local Municipalidad,Urbano,Local,City or Municipal Highway Agency,0,Sin jurisdiccion especial,0,43.17526667,-77.59878056,Peaton,El primer evento no fue una colision con un vehiculo automotor en transporte,Four-Way Intersection,Interseccion de 4 direcciones,Sobre calle,Ninguna,Oscuro con iluminacion,Despejado,No,NO APLICA,2,58,3,3,1,20/08/2022,1
36,New York,360665,1,1,1,0,5,BRONX (5),4170,NEW YORK CITY,9,Septiembre,9,2022,18,30,BRONXDALE AVE,6,Calle Local Municipalidad,Urbano,Arteria Principal,City or Municipal Highway Agency,1,Sin jurisdiccion especial,0,40.85103333,-73.86668056,Peaton,El primer evento no fue una colision con un vehiculo automotor en transporte,T-Intersection,Interseccion de T,Sobre el lado de la calle,Ninguna,Dia total,Despejado,No,NO APLICA,99,99,99,99,1,09/09/2022,1
36,New York,360666,0,0,2,0,75,OSWEGO (75),3700,MEXICO,7,Julio,29,2022,17,17,I-81 OFF RAMP,1,Interestatal,Rural,Interestatal,State Highway Agency,1,Sin jurisdiccion especial,99998,43.45751111,-76.12223889,Vehiculo en movimiento,Angulo,T-Intersection,Interseccion de T,Sobre calle,Ninguna,Dia total,Despejado,No,NO APLICA,17,17,17,21,1,29/07/2022,2
36,New York,360667,0,0,2,0,39,GREENE (39),775,CAIRO,7,Julio,30,2022,17,50,CR-20,4,Calle del Condado,Rural,Local,County Highway Agency,0,Sin jurisdiccion especial,99998,42.34046944,-74.07806944,Vehiculo en movimiento,Angulo,T-Intersection,Interseccion de T,Sobre calle,Ninguna,Dia total,Despejado,No,NO APLICA,17,49,17,58,1,30/07/2022,4
36,New York,360668,0,0,3,0,55,MONROE (55),2606,HENRIETTA,8,Agosto,15,2022,9,22,CR-39 CALKINS RD,4,Calle del Condado,Urbano,Arteria Menor,County Highway Agency,0,Sin jurisdiccion especial,99998,43.06834167,-77.62793611,Vehiculo en movimiento,Frente a Detrás,Four-Way Intersection,Interseccion de 4 direcciones,Sobre calle,Ninguna,Dia total,Despejado,No,NO APLICA,9,22,9,27,1,15/08/2022,6
36,New York,360669,0,0,2,0,7,BROOME (7),6277,VESTAL,8,Agosto,8,2022,22,56,SR-434,3,Highway estatal,Urbano,Arteria Menor,State Highway Agency,0,Sin jurisdiccion especial,99998,42.09504444,-75.95860278,Vehiculo en movimiento,Frente a frente,Not an Intersection,No fue interseccion,Sobre calle,Ninguna,Oscuro con iluminacion,Despejado,No,NO APLICA,22,56,23,8,2,08/08/2022,3
36,New York,360670,0,0,1,0,27,DUTCHESS (27),2000,FISHKILL,8,Agosto,13,2022,12,8,SR-216,3,Highway estatal,Urbano,Colector Mayor,State Highway Agency,0,Sin jurisdiccion especial,99998,41.57925278,-73.74506944,Volcadura,El primer evento no fue una colision con un vehiculo automotor en transporte,Not an Intersection,No fue interseccion,Sobre calle,Ninguna,Dia total,Despejado,No,NO APLICA,12,8,12,15,1,13/08/2022,1
36,New York,360671,0,0,1,0,113,WARREN (113),3100,LAKE GEORGE,8,Agosto,18,2022,22,40,US-9,2,US Highway,Urbano,Arteria Principal,State Highway Agency,1,Sin jurisdiccion especial,99998,43.41601667,-73.712775,Banqueta,El primer evento no fue una colision con un vehiculo automotor en transporte,Not an Intersection,No fue interseccion,En el medio,Ninguna,Oscuro con iluminacion,Despejado,No,NO APLICA,22,40,22,45,1,18/08/2022,1
36,New York,360672,0,0,1,0,105,SULLIVAN (105),1805,ELDRED,8,Agosto,19,2022,22,28,SR-55,3,Highway estatal,Rural,Colector Mayor,County Highway Agency,0,Sin jurisdiccion especial,99998,41.47920556,-74.909375,Poste o otros soportes,El primer evento no fue una colision con un vehiculo automotor en transporte,Not an Intersection,No fue interseccion,Sobre el lado de la calle,Ninguna,Oscuro sin iluminacion,Despejado,No,NO APLICA,22,28,22,35,1,19/08/2022,2
36,New York,360673,0,0,2,0,27,DUTCHESS (27),2000,FISHKILL,8,Agosto,10,2022,16,38,SR-376,3,Highway estatal,Urbano,Colector Mayor,State Highway Agency,0,Sin jurisdiccion especial,99998,41.60757222,-73.83481944,Vehiculo en movimiento,Frente a frente,Not an Intersection,No fue interseccion,Sobre calle,Ninguna,Dia total,Despejado,No,NO APLICA,16,38,16,48,1,10/08/2022,3
36,New York,360674,1,1,1,0,89,ST LAWRENCE (89),2500,HAMMOND,8,Agosto,29,2022,99,99,SR-12,3,Highway estatal,Rural,Arteria Menor,State Highway Agency,0,Sin jurisdiccion especial,99998,44.43672778,-75.762125,Peaton,El primer evento no fue una colision con un vehiculo automotor en transporte,Not an Intersection,No fue interseccion,Sobre calle,Ninguna,Oscuro sin iluminacion,Neblina o Humo,No,NO APLICA,99,99,99,99,1,29/08/2022,2
36,New York,360675,0,0,1,0,25,DELAWARE (25),5326,ROXBURY,8,Agosto,29,2022,4,34,SR-30,3,Highway estatal,Rural,Colector Mayor,State Highway Agency,0,Sin jurisdiccion especial,99998,42.35545833,-74.51999167,Acotamiento,El primer evento no fue una colision con un vehiculo automotor en transporte,Not an Intersection,No fue interseccion,Sobre el lado de la calle,Ninguna,Oscuro sin iluminacion,Despejado,No,NO APLICA,4,34,5,48,1,29/08/2022,1
36,New York,360676,1,1,7,0,65,ONEIDA (65),3542,MARCY,8,Agosto,31,2022,21,28,SR-49,3,Highway estatal,Urbano,Arterial Principal -Freeway o ExpressWay,State Highway Agency,1,Sin jurisdiccion especial,99998,43.17161111,-75.32446944,Peaton,El primer evento no fue una colision con un vehiculo automotor en transporte,Not an Intersection,No fue interseccion,Sobre calle,Ninguna,Oscuro sin iluminacion,Nublado,No,NO APLICA,21,34,21,45,1,31/08/2022,12
36,New York,360677,0,0,2,0,65,ONEIDA (65),650,BRIDGEWATER,9,Septiembre,3,2022,13,29,US-20,2,US Highway,Rural,Arteria Principal,State Highway Agency,1,Sin jurisdiccion especial,99998,42.8789,-75.26107778,Vehiculo en movimiento,Frente a frente,Not an Intersection,No fue interseccion,Sobre calle,Ninguna,Dia total,Despejado,No,NO APLICA,13,30,13,33,3,03/09/2022,6
36,New York,360678,1,1,1,0,93,SCHENECTADY (93),5550,SCHENECTADY,9,Septiembre,6,2022,21,28,SR-5 STATE ST,3,Highway estatal,Urbano,Arteria Principal,City or Municipal Highway Agency,1,Sin jurisdiccion especial,99998,42.801725,-73.92801944,Peaton,El primer evento no fue una colision con un vehiculo automotor en transporte,Not an Intersection,No fue interseccion,Sobre calle,Ninguna,Oscuro con iluminacion,Nublado,No,NO APLICA,21,31,21,36,1,06/09/2022,2
36,New York,360679,0,0,2,0,95,SCHOHARIE (95),2206,FULTONHAM,8,Agosto,10,2022,18,22,W FULTON RD,5,Calle Local - Pueblo,Urbano,Local,Town or Township Highway Agency,0,Sin jurisdiccion especial,99998,42.54104444,-74.41726111,Vehiculo en movimiento,Angulo,Y-Intersection,Interseccion de Y,Sobre calle,Ninguna,Dia total,Despejado,No,NO APLICA,18,25,18,46,1,10/08/2022,2
36,New York,360680,0,0,2,0,59,NASSAU (59),4270,NORTH HILLS,9,Septiembre,9,2022,1,56,I-495,1,Interestatal,Urbano,Interestatal,State Highway Agency,1,Sin jurisdiccion especial,99998,40.77965833,-73.66255833,Vehiculo en movimiento,Angulo,Not an Intersection,No fue interseccion,Sobre calle,Ninguna,Oscuro con iluminacion,Despejado,No,NO APLICA,99,99,99,99,1,09/09/2022,2