Estado,Nombre de Estado,Numero de Caso,Peatones,Personas _no_vehiculos,Vehiculos automotores,Vehiculos estacionados,Condado,Nombre Condado,Ciudad,Nombre Ciudad,Mes,Nombre Mes,Dia,Año,Hora,Minuto,Calle,Ruta,Nombre Ruta,Rural o Urbanoo,Sistema Funcional,Dueño Calle,Sistema Nacional Carreteras,Jurisdiccion Especial,Milla,Latitud,Longitud,Causa del Accidente,Tipo de Accidente,Tipo Interseccion,Columna1,Lugar en la calle,Zona de Trabajo,Luz,Clima,Autobus Escolar,Cruce de Trenes,Hora Notificacion,Minuto Notificacion,Hora Llegada,Minuto Llegada,Decesos,Fecha,PersonaVehiculo
36,New York,360681,0,0,2,0,37,GENESEE (37),3210,LE ROY,8,Agosto,13,2022,12,48,SR-19 LAKE STREET RD,3,Highway estatal,Rural,Arteria Menor,State Highway Agency,0,Sin jurisdiccion especial,99998,43.00079167,-77.98403889,Vehiculo en movimiento,Frente a frente,Not an Intersection,No fue interseccion,Sobre calle,Ninguna,Dia total,Despejado,No,NO APLICA,12,49,12,55,1,13/08/2022,2
36,New York,360682,0,0,2,0,43,HERKIMER (43),2610,HERKIMER,8,Agosto,21,2022,22,31,SR-5,3,Highway estatal,Urbano,Arteria Principal,State Highway Agency,1,Sin jurisdiccion especial,99998,43.02274722,-74.92320278,Vehiculo en movimiento,Frente a frente,Not an Intersection,No fue interseccion,Sobre calle,Ninguna,Oscuro sin iluminacion,Nublado,No,NO APLICA,22,33,22,39,3,21/08/2022,3
36,New York,360683,0,0,2,0,63,NIAGARA (63),6730,WILSON,8,Agosto,23,2022,21,26,SR-93 YOUNGSTOWN LOCKPORT RD,3,Highway estatal,Rural,Colector Mayor,State Highway Agency,0,Sin jurisdiccion especial,99998,43.2232,-78.86143333,Vehiculo en movimiento,Golpe Lateral - misma direccion,T-Intersection,Interseccion de T,Sobre calle,Ninguna,Oscuro sin iluminacion,Despejado,No,NO APLICA,21,26,21,29,1,23/08/2022,2
36,New York,360684,0,0,1,0,27,DUTCHESS (27),2000,FISHKILL,8,Agosto,12,2022,16,46,US-9,2,US Highway,Rural,Arteria Principal,State Highway Agency,1,Sin jurisdiccion especial,99998,41.50835833,-73.89606389,Acotamiento,El primer evento no fue una colision con un vehiculo automotor en transporte,Not an Intersection,No fue interseccion,Sobre el lado de la calle,Ninguna,Dia total,Despejado,No,NO APLICA,16,46,16,59,1,12/08/2022,1
36,New York,360685,0,0,2,0,55,MONROE (55),4840,PITTSFORD,8,Agosto,25,2022,16,22,SR-65 CLOVER ST,3,Highway estatal,Urbano,Colector Mayor,State Highway Agency,0,Sin jurisdiccion especial,99998,43.06126111,-77.55341944,Alguien se cayo/avento del vehiculo,El primer evento no fue una colision con un vehiculo automotor en transporte,T-Intersection,Interseccion de T,Sobre calle,Ninguna,Dia total,Nublado,No,NO APLICA,16,21,16,27,1,25/08/2022,2
36,New York,360686,0,0,2,0,53,MADISON (53),3201,LENOX,9,Septiembre,3,2022,1,59,LEWIS POINT RD,5,Calle Local - Pueblo,Urbano,Local,Town or Township Highway Agency,0,Sin jurisdiccion especial,99998,43.11308056,-75.7452,Vehiculo en movimiento,Frente a frente,Not an Intersection,No fue interseccion,Sobre calle,Ninguna,Oscuro sin iluminacion,Despejado,No,NO APLICA,2,4,2,8,1,03/09/2022,2
36,New York,360688,0,0,2,0,65,ONEIDA (65),403,BARNEVELD,9,Septiembre,10,2022,18,57,CR-91 TRENTON RD,4,Calle del Condado,Rural,Colector Mayor,County Highway Agency,0,Sin jurisdiccion especial,99998,43.21685,-75.1793,Vehiculo en movimiento,Angulo,T-Intersection,Interseccion de T,Sobre calle,Ninguna,Dia total,Despejado,No,NO APLICA,18,59,19,3,1,10/09/2022,4
36,New York,360689,0,0,2,0,81,QUEENS (81),4170,MIDDLE VILLAGE,9,Septiembre,10,2022,7,41,ATLANTIC AVE,6,Calle Local Municipalidad,Urbano,Arteria Principal,City or Municipal Highway Agency,1,Sin jurisdiccion especial,99998,40.69417222,-73.82800833,Vehiculo en movimiento,Frente a frente,Four-Way Intersection,Interseccion de 4 direcciones,Sobre calle,Ninguna,Dia total,Despejado,No,NO APLICA,99,99,99,99,1,10/09/2022,2
36,New York,360690,0,0,2,0,105,SULLIVAN (105),1805,ELDRED,9,Septiembre,10,2022,13,47,SR-97,3,Highway estatal,Rural,Colector Mayor,State Highway Agency,0,Sin jurisdiccion especial,99998,41.50916389,-74.98271944,Vehiculo en movimiento,Frente a frente,Not an Intersection,No fue interseccion,Sobre calle,Ninguna,Dia total,Despejado,No,NO APLICA,13,52,14,0,1,10/09/2022,2
36,New York,360692,0,0,1,0,33,FRANKLIN (33),1548,DICKINSON CENTER,9,Septiembre,12,2022,0,36,CR-5,4,Calle del Condado,Rural,Colector Mayor,County Highway Agency,0,Sin jurisdiccion especial,99998,44.72544167,-74.562325,Piedrotototota,El primer evento no fue una colision con un vehiculo automotor en transporte,Not an Intersection,No fue interseccion,Sobre el lado de la calle,Ninguna,Oscuro sin iluminacion,Nublado,No,NO APLICA,0,36,0,43,1,12/09/2022,1
36,New York,360693,1,1,1,0,83,RENSSELAER (83),725,BRUNSWICK,9,Septiembre,12,2022,21,6,SR-2,3,Highway estatal,Rural,Arteria Menor,State Highway Agency,0,Sin jurisdiccion especial,99998,42.751175,-73.53666667,Peaton,El primer evento no fue una colision con un vehiculo automotor en transporte,Not an Intersection,No fue interseccion,Sobre calle,Ninguna,Oscuro sin iluminacion,Nublado,No,NO APLICA,21,6,99,99,1,12/09/2022,1
36,New York,360694,0,0,1,0,55,MONROE (55),5230,ROCHESTER,9,Septiembre,13,2022,1,36,ST PAUL ST,5,Calle Local - Pueblo,Urbano,Arteria Menor,City or Municipal Highway Agency,0,Sin jurisdiccion especial,99998,43.16238611,-77.61153056,Soporte de Puente,El primer evento no fue una colision con un vehiculo automotor en transporte,Not an Intersection,No fue interseccion,En el medio,Ninguna,Oscuro con iluminacion,lluvia,No,NO APLICA,1,36,1,40,1,13/09/2022,1
36,New York,360695,0,0,1,0,55,MONROE (55),5230,ROCHESTER,9,Septiembre,14,2022,1,4,SR-940T INNER LOOP,3,Highway estatal,Urbano,Arterial Principal -Freeway o ExpressWay,State Highway Agency,1,Sin jurisdiccion especial,99998,43.15988056,-77.61395556,Valla Ferrocarril,El primer evento no fue una colision con un vehiculo automotor en transporte,Not an Intersection,No fue interseccion,En el medio,Ninguna,Oscuro con iluminacion,Nublado,No,NO APLICA,1,4,1,7,1,14/09/2022,1
36,New York,360696,1,1,1,0,47,KINGS (47),4170,NEW YORK CITY,9,Septiembre,16,2022,14,36,E 12TH ST,6,Calle Local Municipalidad,Urbano,Local,City or Municipal Highway Agency,0,Sin jurisdiccion especial,99998,40.59455,-73.95928056,Peaton,El primer evento no fue una colision con un vehiculo automotor en transporte,Not an Intersection,No fue interseccion,Sobre calle,Ninguna,Dia total,Despejado,No,NO APLICA,99,99,99,99,1,16/09/2022,3
36,New York,360697,0,0,1,0,29,ERIE (29),6642,WEST SENECA,8,Agosto,18,2022,20,9,LIND AVE,5,Calle Local - Pueblo,Urbano,Local,Town or Township Highway Agency,0,Sin jurisdiccion especial,0,42.83708333,-78.77465,Arbol,El primer evento no fue una colision con un vehiculo automotor en transporte,Not an Intersection,No fue interseccion,Sobre el lado de la calle,Ninguna,Atardecer,Despejado,No,NO APLICA,20,9,20,11,1,18/08/2022,1
36,New York,360698,0,0,3,0,59,NASSAU (59),2240,GARDEN CITY,9,Septiembre,17,2022,15,0,CR-177 STEWART AVE,4,Calle del Condado,Urbano,Arteria Menor,County Highway Agency,0,Sin jurisdiccion especial,99998,40.72475278,-73.67173333,Vehiculo en movimiento,Angulo,Four-Way Intersection,Interseccion de 4 direcciones,Sobre calle,Ninguna,Dia total,Despejado,No,NO APLICA,15,0,99,99,1,17/09/2022,5
36,New York,360699,0,0,1,0,77,OTSEGO (77),3569,MARYLAND,8,Agosto,21,2022,12,9,CR-42,4,Calle del Condado,Rural,Local,County Highway Agency,0,Sin jurisdiccion especial,99998,42.54874444,-74.89066944,Poste,El primer evento no fue una colision con un vehiculo automotor en transporte,Not an Intersection,No fue interseccion,Sobre el lado de la calle,Ninguna,Dia total,Nublado,No,NO APLICA,12,9,12,26,1,21/08/2022,1
36,New York,360700,0,0,1,0,5,BRONX (5),4170,NEW YORK CITY,9,Septiembre,25,2022,99,99,I-278 EXIT RAMP,1,Interestatal,Urbano,Interestatal,State Highway Agency,1,Sin jurisdiccion especial,99998,40.80326389,-73.91624167,Barrera de Trafico de Concreto,El primer evento no fue una colision con un vehiculo automotor en transporte,Not an Intersection,No fue interseccion,Sobre el lado de la calle,Ninguna,Oscuro con iluminacion,Despejado,No,NO APLICA,11,5,11,10,1,25/09/2022,1
36,New York,360701,1,1,1,0,107,TIOGA (107),406,BARTON,8,Agosto,20,2022,20,20,SR-17C,3,Highway estatal,Rural,Colector Mayor,State Highway Agency,0,Sin jurisdiccion especial,99998,42.00843889,-76.48011111,Peaton,El primer evento no fue una colision con un vehiculo automotor en transporte,Not an Intersection,No fue interseccion,Sobre calle,Ninguna,Oscuro sin iluminacion,Despejado,No,NO APLICA,20,29,20,32,1,20/08/2022,1
36,New York,360702,0,0,2,0,29,ERIE (29),750,BUFFALO,9,Septiembre,18,2022,14,50,GRIDER ST,6,Calle Local Municipalidad,Urbano,Arteria Menor,City or Municipal Highway Agency,0,Sin jurisdiccion especial,99998,42.91885833,-78.829075,Vehiculo en movimiento,Frente a frente,Four-Way Intersection,Interseccion de 4 direcciones,Sobre calle,Ninguna,Dia total,Nublado,No,NO APLICA,99,99,99,99,1,18/09/2022,2
36,New York,360703,0,0,2,0,59,NASSAU (59),4090,NEW HYDE PARK,9,Septiembre,20,2022,8,18,SR-25A NORTHERN BLVD,3,Highway estatal,Urbano,Arteria Principal,State Highway Agency,1,Sin jurisdiccion especial,99998,40.805125,-73.64155833,Vehiculo en movimiento,Angulo,Not an Intersection,No fue interseccion,Sobre calle,Ninguna,Dia total,Despejado,No,NO APLICA,8,19,8,23,1,20/09/2022,2
36,New York,360704,1,1,1,0,71,ORANGE (71),4060,NEWBURGH,9,Septiembre,4,2022,21,49,DUBOIS ST,6,Calle Local Municipalidad,Urbano,Local,City or Municipal Highway Agency,0,Sin jurisdiccion especial,0,41.50388056,-74.01518889,Peaton,El primer evento no fue una colision con un vehiculo automotor en transporte,Not an Intersection,No fue interseccion,Sobre calle,Ninguna,Oscuro con iluminacion,Nublado,No,NO APLICA,21,54,99,99,1,04/09/2022,1
36,New York,360705,0,0,2,0,17,CHENANGO (17),30,AFTON,8,Agosto,14,2022,14,31,SR-7,3,Highway estatal,Rural,Colector Mayor,State Highway Agency,0,Sin jurisdiccion especial,99998,42.21219722,-75.5799,Vehiculo en movimiento,Angulo,Not an Intersection,No fue interseccion,Sobre calle,Ninguna,Dia total,Despejado,No,NO APLICA,99,99,99,99,1,14/08/2022,3
36,New York,360707,1,1,2,0,61,NEW YORK (61),4170,NEW YORK,9,Septiembre,25,2022,19,45,SR-907L FDR DR,3,Highway estatal,Urbano,Arterial Principal -Freeway o ExpressWay,State Highway Agency,1,Sin jurisdiccion especial,99998,40.72734444,-73.97194167,Peaton,El primer evento no fue una colision con un vehiculo automotor en transporte,Not an Intersection,No fue interseccion,Sobre calle,Ninguna,Atardecer,Nublado,No,NO APLICA,19,45,19,53,1,25/09/2022,2
36,New York,360708,1,1,1,0,9,CATTARAUGUS (9),5410,SALAMANCA,9,Septiembre,9,2022,12,36,SR-353 CENTER ST,3,Highway estatal,Urbano,Arteria Menor,State Highway Agency,0,Sin jurisdiccion especial,99998,42.16165,-78.74343056,Ciclista,El primer evento no fue una colision con un vehiculo automotor en transporte,Four-Way Intersection,Interseccion de 4 direcciones,Sobre calle,Ninguna,Dia total,Despejado,No,NO APLICA,12,40,12,45,1,09/09/2022,1
36,New York,360710,1,1,1,0,57,MONTGOMERY (57),170,AMSTERDAM,9,Septiembre,21,2022,16,53,VANDYKE AVE,6,Calle Local Municipalidad,Urbano,Local,City or Municipal Highway Agency,0,Sin jurisdiccion especial,0,42.95553056,-74.19188611,Ciclista,El primer evento no fue una colision con un vehiculo automotor en transporte,T-Intersection,Interseccion de T,Sobre calle,Ninguna,Dia total,Nublado,No,NO APLICA,16,53,16,56,1,21/09/2022,1
36,New York,360711,0,0,2,0,29,ERIE (29),1117,CHEEKTOWAGA,9,Septiembre,12,2022,13,10,SR-277 UNION RD,3,Highway estatal,Urbano,Arteria Principal,State Highway Agency,1,Sin jurisdiccion especial,99998,42.92998889,-78.75420833,Vehiculo en movimiento,Angulo,T-Intersection,Interseccion de T,Sobre calle,Ninguna,Dia total,Despejado,No,NO APLICA,13,11,13,14,1,12/09/2022,2
36,New York,360712,0,0,3,0,51,LIVINGSTON (51),2250,GENESEO,9,Septiembre,18,2022,11,15,US-20A LAKEVILLE RD,2,US Highway,Urbano,Arteria Menor,State Highway Agency,0,Sin jurisdiccion especial,99998,42.81819167,-77.75340278,Vehiculo en movimiento,Frente a Detrás,Four-Way Intersection,Interseccion de 4 direcciones,Sobre calle,Ninguna,Dia total,Despejado,No,NO APLICA,11,19,11,27,1,18/09/2022,4
36,New York,360713,0,0,1,0,77,OTSEGO (77),9997,Other,7,Julio,23,2022,2,6,SHACKTOWN MOUNTAIN RD,5,Calle Local - Pueblo,Rural,Local,Town or Township Highway Agency,0,Sin jurisdiccion especial,99998,42.59742222,-75.28458333,Arbol,El primer evento no fue una colision con un vehiculo automotor en transporte,Not an Intersection,No fue interseccion,Sobre el lado de la calle,Ninguna,Oscuro sin iluminacion,Despejado,No,NO APLICA,2,7,2,17,1,23/07/2022,2
36,New York,360714,1,1,1,0,63,NIAGARA (63),3220,LEWISTON,9,Septiembre,11,2022,1,54,SR-194 LEWISTON RD,3,Highway estatal,Urbano,Arteria Menor,State Highway Agency,0,Sin jurisdiccion especial,99998,43.16720278,-79.03148333,Ciclista,El primer evento no fue una colision con un vehiculo automotor en transporte,Not an Intersection,No fue interseccion,Sobre Acotamiento,Ninguna,Oscuro sin iluminacion,Despejado,No,NO APLICA,1,57,2,2,1,11/09/2022,1
36,New York,360715,1,1,1,0,93,SCHENECTADY (93),5550,SCHENECTADY,7,Julio,23,2022,20,22,SR-5 STATE ST,3,Highway estatal,Urbano,Arteria Principal,State Highway Agency,1,Sin jurisdiccion especial,99998,42.78118889,-73.90482778,Peaton,El primer evento no fue una colision con un vehiculo automotor en transporte,Four-Way Intersection,Interseccion de 4 direcciones,Sobre calle,Ninguna,Dia total,Despejado,No,NO APLICA,16,53,17,0,1,23/07/2022,1
36,New York,360716,0,0,2,0,47,KINGS (47),4170,NEW YORK CITY,9,Septiembre,25,2022,2,7,ST JOHNS PLACE,6,Calle Local Municipalidad,Urbano,Local,City or Municipal Highway Agency,0,Sin jurisdiccion especial,0,40.67046944,-73.92828611,Alguien se cayo/avento del vehiculo,El primer evento no fue una colision con un vehiculo automotor en transporte,Not an Intersection,No fue interseccion,Sobre calle,Ninguna,Oscuro sin iluminacion,Nublado,No,NO APLICA,99,99,99,99,1,25/09/2022,3
36,New York,360717,0,0,2,0,71,ORANGE (71),2550,HARRIMAN,9,Septiembre,21,2022,18,7,SR-17,3,Highway estatal,Urbano,Arteria Menor,State Highway Agency,0,Sin jurisdiccion especial,99998,41.31158056,-74.14096944,Vehiculo en movimiento,Frente a frente,Four-Way Intersection,Interseccion de 4 direcciones,Sobre calle,Ninguna,Dia total,Despejado,No,NO APLICA,18,8,18,16,1,21/09/2022,5
36,New York,360719,0,0,1,0,59,NASSAU (59),4090,NEW HYDE PARK,8,Agosto,7,2022,7,40,SR-908G NORTHERN STATE PKWY,3,Highway estatal,Urbano,Arterial Principal -Freeway o ExpressWay,State Highway Agency,1,Sin jurisdiccion especial,99998,40.780725,-73.63666667,Valla Ferrocarril,El primer evento no fue una colision con un vehiculo automotor en transporte,Not an Intersection,No fue interseccion,Sobre el lado de la calle,Ninguna,Dia total,Nublado,No,NO APLICA,7,40,7,46,1,07/08/2022,1
36,New York,360720,0,0,1,0,59,NASSAU (59),2600,HEMPSTEAD,9,Septiembre,27,2022,0,50,JERUSALEM AVE,5,Calle Local - Pueblo,Urbano,Arteria Menor,Town or Township Highway Agency,0,Sin jurisdiccion especial,99998,40.70093889,-73.59481111,Poste,El primer evento no fue una colision con un vehiculo automotor en transporte,T-Intersection,Interseccion de T,Sobre el lado de la calle,Ninguna,Oscuro con iluminacion,Despejado,No,NO APLICA,0,54,1,0,1,27/09/2022,1
36,New York,360721,0,0,2,0,29,ERIE (29),210,ANGOLA,9,Septiembre,9,2022,15,42,US-20 SOUTHWESTERN BLVD,2,US Highway,Urbano,Arteria Principal,State Highway Agency,1,Sin jurisdiccion especial,99998,42.67499444,-78.95497222,Vehiculo en movimiento,Angulo,Four-Way Intersection,Interseccion de 4 direcciones,Sobre calle,Ninguna,Dia total,Despejado,No,NO APLICA,14,53,14,56,1,09/09/2022,3
36,New York,360722,0,0,1,0,9,CATTARAUGUS (9),6823,YORKSHIRE,9,Septiembre,9,2022,22,44,SR-16,3,Highway estatal,Rural,Arteria Principal,State Highway Agency,1,Sin jurisdiccion especial,99998,42.47453611,-78.47917222,Zanja,El primer evento no fue una colision con un vehiculo automotor en transporte,Not an Intersection,No fue interseccion,Sobre el lado de la calle,Ninguna,Oscuro con iluminacion,Despejado,No,NO APLICA,22,50,23,5,2,09/09/2022,3
36,New York,360723,1,1,1,0,63,NIAGARA (63),3340,LOCKPORT,9,Septiembre,10,2022,21,19,SR-78 S TRANSIT RD,3,Highway estatal,Urbano,Arteria Principal,State Highway Agency,1,Sin jurisdiccion especial,99998,43.12230556,-78.69691667,Peaton,El primer evento no fue una colision con un vehiculo automotor en transporte,Not an Intersection,No fue interseccion,Sobre calle,Ninguna,Oscuro sin iluminacion,Despejado,No,NO APLICA,21,19,21,24,1,10/09/2022,1
36,New York,360724,0,0,1,0,95,SCHOHARIE (95),2272,GILBOA,9,Septiembre,11,2022,9,11,CR-3 POTTER MOUNTAIN RD,4,Calle del Condado,Rural,Colector Menor,County Highway Agency,0,Sin jurisdiccion especial,99998,42.40303889,-74.28993889,Otro objeto (no fijo),El primer evento no fue una colision con un vehiculo automotor en transporte,Not an Intersection,No fue interseccion,Sobre el lado de la calle,Ninguna,Dia total,Nublado,No,NO APLICA,9,7,9,31,1,11/09/2022,1
36,New York,360725,0,0,1,0,77,OTSEGO (77),4550,OTEGO,9,Septiembre,19,2022,11,7,CR-7,4,Calle del Condado,Rural,Colector Menor,County Highway Agency,0,Sin jurisdiccion especial,99998,42.41865,-75.18326667,Arbol,El primer evento no fue una colision con un vehiculo automotor en transporte,Not an Intersection,No fue interseccion,Sobre el lado de la calle,Ninguna,Dia total,Nublado,No,NO APLICA,11,7,11,24,1,19/09/2022,1
36,New York,360727,1,1,1,0,27,DUTCHESS (27),3084,LAGRANGEVILLE,9,Septiembre,24,2022,21,55,SR-55 FREEDOM PLAINS RD,3,Highway estatal,Urbano,Arteria Principal,State Highway Agency,1,Sin jurisdiccion especial,99998,41.68004167,-73.85401111,Peaton,El primer evento no fue una colision con un vehiculo automotor en transporte,Not an Intersection,No fue interseccion,Sobre calle,Ninguna,Oscuro sin iluminacion,Despejado,No,NO APLICA,21,59,22,6,1,24/09/2022,1
36,New York,360728,1,1,1,0,63,NIAGARA (63),4210,NIAGARA FALLS,9,Septiembre,26,2022,6,27,US-62 NIAGARA FALLS BLVD,2,US Highway,Urbano,Arteria Principal,State Highway Agency,1,Sin jurisdiccion especial,99998,43.08853056,-78.98411667,Peaton,El primer evento no fue una colision con un vehiculo automotor en transporte,Not an Intersection,No fue interseccion,Sobre calle,Ninguna,Oscuro con iluminacion,Despejado,No,NO APLICA,6,28,6,31,1,26/09/2022,1
36,New York,360729,0,0,2,0,39,GREENE (39),4045,NEW BALTIMORE,9,Septiembre,14,2022,10,11,US-9W,2,US Highway,Rural,Arteria Principal,State Highway Agency,1,Sin jurisdiccion especial,99998,42.43029444,-73.81555556,Vehiculo en movimiento,Frente a frente,Not an Intersection,No fue interseccion,Sobre calle,Ninguna,Dia total,Nublado,No,NO APLICA,10,11,10,23,2,14/09/2022,3
36,New York,360730,1,1,1,0,59,NASSAU (59),4270,NORTH HILLS,9,Septiembre,27,2022,9,0,SR-906B N SERVICE RD,3,Highway estatal,Urbano,Arteria Principal,County Highway Agency,1,Sin jurisdiccion especial,99998,40.78011389,-73.66189167,Ciclista,El primer evento no fue una colision con un vehiculo automotor en transporte,Four-Way Intersection,Interseccion de 4 direcciones,Sobre calle,Ninguna,Dia total,Despejado,No,NO APLICA,9,1,9,2,1,27/09/2022,1
36,New York,360731,0,0,2,0,39,GREENE (39),970,CATSKILL,9,Septiembre,30,2022,16,3,SR-32,3,Highway estatal,Rural,Arteria Menor,State Highway Agency,0,Sin jurisdiccion especial,99998,42.22245833,-73.987775,Vehiculo en movimiento,Angulo,T-Intersection,Interseccion de T,Sobre calle,Ninguna,Dia total,Despejado,No,NO APLICA,16,7,16,15,1,30/09/2022,2
36,New York,360732,0,0,1,0,89,ST LAWRENCE (89),2330,GOUVERNEUR,7,Julio,16,2022,4,40,CHUB LAKE RD,5,Calle Local - Pueblo,Rural,Local,Town or Township Highway Agency,0,Sin jurisdiccion especial,99998,44.33018333,-75.3916,Valla Ferrocarril,El primer evento no fue una colision con un vehiculo automotor en transporte,Not an Intersection,No fue interseccion,Sobre el lado de la calle,Ninguna,Oscuro sin iluminacion,Nublado,No,NO APLICA,4,40,4,55,3,16/07/2022,5
36,New York,360733,0,0,2,0,119,WESTCHESTER (119),6040,TARRYTOWN,7,Julio,17,2022,9,44,SR-987F SPRAIN BROOK PKWY,3,Highway estatal,Urbano,Arterial Principal -Freeway o ExpressWay,State Highway Agency,1,Sin jurisdiccion especial,99998,41.01046944,-73.82944722,Vehiculo en movimiento,Angulo,Not an Intersection,No fue interseccion,Sobre calle,Ninguna,Dia total,Nublado,No,NO APLICA,99,99,99,99,1,17/07/2022,5
36,New York,360734,0,0,1,0,71,ORANGE (71),2320,GOSHEN,9,Septiembre,21,2022,21,31,SR-94,3,Highway estatal,Urbano,Arteria Menor,State Highway Agency,0,Sin jurisdiccion especial,99998,41.34735,-74.33437778,Valla Ferrocarril,El primer evento no fue una colision con un vehiculo automotor en transporte,Not an Intersection,No fue interseccion,Sobre el lado de la calle,Ninguna,Oscuro sin iluminacion,Despejado,No,NO APLICA,21,31,21,37,1,21/09/2022,1
36,New York,360735,1,1,1,0,59,NASSAU (59),2600,HEMPSTEAD,10,Octubre,2,2022,12,45,WOODFIELD RD,5,Calle Local - Pueblo,Urbano,Local,Town or Township Highway Agency,0,Sin jurisdiccion especial,0,40.69764167,-73.64724722,Peaton,El primer evento no fue una colision con un vehiculo automotor en transporte,Four-Way Intersection,Interseccion de 4 direcciones,Sobre calle,Ninguna,Dia total,lluvia,No,NO APLICA,12,55,12,59,1,02/10/2022,1
36,New York,360737,0,0,1,0,59,NASSAU (59),2600,HEMPSTEAD,8,Agosto,6,2022,4,13,SR-908M SOUTHERN STATE PKWY,3,Highway estatal,Urbano,Arterial Principal -Freeway o ExpressWay,State Highway Agency,1,Sin jurisdiccion especial,99998,40.69036111,-73.63252222,Soporte de Puente,El primer evento no fue una colision con un vehiculo automotor en transporte,Not an Intersection,No fue interseccion,Sobre el lado de la calle,Ninguna,Oscuro con iluminacion,Despejado,No,NO APLICA,4,13,99,99,1,06/08/2022,3
36,New York,360738,0,0,1,0,119,WESTCHESTER (119),1379,CORTLANDT,8,Agosto,28,2022,18,31,SR-987H BEAR MTN STATE PKWY,3,Highway estatal,Urbano,Arterial Principal -Freeway o ExpressWay,State Highway Agency,1,Sin jurisdiccion especial,99998,41.302475,-73.88850278,Valla Ferrocarril,El primer evento no fue una colision con un vehiculo automotor en transporte,Not an Intersection,No fue interseccion,En el medio,Ninguna,Dia total,Nublado,No,NO APLICA,99,99,99,99,1,28/08/2022,1
36,New York,360739,0,0,1,0,13,CHAUTAUQUA (13),2150,FREDONIA,9,Septiembre,23,2022,11,59,SR-60,3,Highway estatal,Urbano,Arteria Principal,State Highway Agency,1,Sin jurisdiccion especial,99998,42.44250556,-79.30477778,Arbol,El primer evento no fue una colision con un vehiculo automotor en transporte,Not an Intersection,No fue interseccion,Sobre el lado de la calle,Ninguna,Dia total,Nublado,No,NO APLICA,11,59,12,4,1,23/09/2022,2
36,New York,360740,0,0,1,0,91,SARATOGA (91),1209,CLIFTON PARK,9,Septiembre,25,2022,14,5,CR-90 VISCHER FERRY RD,4,Calle del Condado,Urbano,Colector Mayor,County Highway Agency,0,Sin jurisdiccion especial,99998,42.84165833,-73.82043056,Buzon de correo,El primer evento no fue una colision con un vehiculo automotor en transporte,Not an Intersection,No fue interseccion,Sobre el lado de la calle,Ninguna,Dia total,Nublado,No,NO APLICA,13,58,14,5,1,25/09/2022,1
36,New York,360741,0,0,1,0,123,YATES (123),9997,Other,10,Octubre,7,2022,8,59,CR-18 ITALY VALLEY RD,4,Calle del Condado,Rural,Local,County Highway Agency,0,Sin jurisdiccion especial,99998,42.59676389,-77.34387222,Arbol,El primer evento no fue una colision con un vehiculo automotor en transporte,Not an Intersection,No fue interseccion,Sobre el lado de la calle,Ninguna,Dia total,lluvia,No,NO APLICA,8,59,9,9,1,07/10/2022,2
36,New York,360742,1,1,2,1,1,ALBANY (1),50,ALBANY,9,Septiembre,14,2022,18,29,US-9 CLINTON AVE,2,US Highway,Urbano,Arteria Principal,State Highway Agency,1,Sin jurisdiccion especial,0,42.65739444,-73.75550556,Peaton,El primer evento no fue una colision con un vehiculo automotor en transporte,Four-Way Intersection,Interseccion de 4 direcciones,Sobre calle,Ninguna,Dia total,Despejado,No,NO APLICA,18,29,18,33,1,14/09/2022,1
36,New York,360743,1,1,1,0,5,BRONX (5),4170,NEW YORK CITY,9,Septiembre,23,2022,11,37,E 188TH ST,6,Calle Local Municipalidad,Urbano,Local,City or Municipal Highway Agency,0,Sin jurisdiccion especial,0,40.8594,-73.89199444,Ciclista,El primer evento no fue una colision con un vehiculo automotor en transporte,Four-Way Intersection,Interseccion de 4 direcciones,Sobre calle,Ninguna,Dia total,Despejado,No,NO APLICA,99,99,99,99,1,23/09/2022,1
36,New York,360744,1,1,1,0,101,STEUBEN (101),2790,HORNELL,9,Septiembre,30,2022,14,40,GENESEE ST,6,Calle Local Municipalidad,Urbano,Local,City or Municipal Highway Agency,0,Sin jurisdiccion especial,0,42.32881111,-77.65995833,Peaton,El primer evento no fue una colision con un vehiculo automotor en transporte,Not an Intersection,No fue interseccion,Sobre calle,Ninguna,Dia total,Nublado,No,NO APLICA,14,41,14,44,1,30/09/2022,1
36,New York,360745,1,1,1,0,59,NASSAU (59),3120,LAKE SUCCESS,10,Octubre,3,2022,1,15,MARCUS AVE,5,Calle Local - Pueblo,Urbano,Arteria Menor,Town or Township Highway Agency,0,Sin jurisdiccion especial,99998,40.75931944,-73.69552778,Peaton,El primer evento no fue una colision con un vehiculo automotor en transporte,Not an Intersection,No fue interseccion,Sobre calle,Ninguna,Oscuro sin iluminacion,lluvia,No,NO APLICA,1,17,1,19,1,03/10/2022,1
36,New York,360746,1,1,1,0,47,KINGS (47),4170,NEW YORK CITY,10,Octubre,4,2022,6,34,FLUSHING AVE,6,Calle Local Municipalidad,Urbano,Local,City or Municipal Highway Agency,0,Sin jurisdiccion especial,0,40.69906111,-73.95702778,Peaton,El primer evento no fue una colision con un vehiculo automotor en transporte,Four-Way Intersection,Interseccion de 4 direcciones,Sobre calle,Ninguna,Dia total,lluvia,No,NO APLICA,6,30,6,34,1,04/10/2022,1