Estado,Nombre de Estado,Numero de Caso,Peatones,Personas _no_vehiculos,Vehiculos automotores,Vehiculos estacionados,Condado,Nombre Condado,Ciudad,Nombre Ciudad,Mes,Nombre Mes,Dia,Año,Hora,Minuto,Calle,Ruta,Nombre Ruta,Rural o Urbanoo,Sistema Funcional,Dueño Calle,Sistema Nacional Carreteras,Jurisdiccion Especial,Milla,Latitud,Longitud,Causa del Accidente,Tipo de Accidente,Tipo Interseccion,Columna1,Lugar en la calle,Zona de Trabajo,Luz,Clima,Autobus Escolar,Cruce de Trenes,Hora Notificacion,Minuto Notificacion,Hora Llegada,Minuto Llegada,Decesos,Fecha,PersonaVehiculo
36,New York,360747,1,1,1,0,61,NEW YORK (61),4170,NEW YORK,10,Octubre,6,2022,11,33,8TH AVE,6,Calle Local Municipalidad,Urbano,Arteria Principal,City or Municipal Highway Agency,1,Sin jurisdiccion especial,0,40.75837222,-73.98892778,Peaton,El primer evento no fue una colision con un vehiculo automotor en transporte,Four-Way Intersection,Interseccion de 4 direcciones,Sobre calle,Ninguna,Dia total,Despejado,No,NO APLICA,99,99,99,99,1,06/10/2022,1
36,New York,360748,0,0,2,0,65,ONEIDA (65),6220,UTICA,7,Julio,24,2022,22,9,EAGLE ST,6,Calle Local Municipalidad,Urbano,Arteria Menor,City or Municipal Highway Agency,0,Sin jurisdiccion especial,99998,43.09400278,-75.23478056,Vehiculo en movimiento,Angulo,Four-Way Intersection,Interseccion de 4 direcciones,Sobre calle,Ninguna,Oscuro con iluminacion,Nublado,No,NO APLICA,22,9,22,12,1,24/07/2022,3
36,New York,360749,0,0,2,0,105,SULLIVAN (105),783,CALLICOON,9,Septiembre,13,2022,13,57,CR-128,4,Calle del Condado,Rural,Colector Menor,County Highway Agency,0,Sin jurisdiccion especial,99998,41.79391667,-74.95738333,Vehiculo en movimiento,Frente a frente,Not an Intersection,No fue interseccion,Sobre calle,Ninguna,Dia total,Despejado,No,NO APLICA,13,57,14,10,1,13/09/2022,2
36,New York,360751,0,0,3,1,29,ERIE (29),750,BUFFALO,9,Septiembre,23,2022,11,18,SYCAMORE AVE,6,Calle Local Municipalidad,Rural,Arteria Menor,City or Municipal Highway Agency,0,Sin jurisdiccion especial,99998,42.89348056,-78.85235,Vehiculo Aparcado,El primer evento no fue una colision con un vehiculo automotor en transporte,Not an Intersection,No fue interseccion,En estacionamiento,Ninguna,Dia total,Despejado,No,NO APLICA,11,18,11,22,1,23/09/2022,7
36,New York,360752,0,0,2,0,9,CATTARAUGUS (9),2393,GREAT VALLEY,5,Mayo,24,2022,9,17,SR-417,3,Highway estatal,Urbano,Arteria Menor,State Highway Agency,0,Sin jurisdiccion especial,99998,42.15465,-78.67031389,Vehiculo en movimiento,Angulo,Four-Way Intersection,Interseccion de 4 direcciones,Sobre calle,Ninguna,Dia total,Despejado,No,NO APLICA,9,25,9,30,1,24/05/2022,3
36,New York,360753,0,0,2,0,55,MONROE (55),5230,ROCHESTER,9,Septiembre,26,2022,23,12,GLIDE ST,6,Calle Local Municipalidad,Urbano,Colector Mayor,City or Municipal Highway Agency,0,Sin jurisdiccion especial,99998,43.169975,-77.65416667,Vehiculo en movimiento,Angulo,Four-Way Intersection,Interseccion de 4 direcciones,Sobre calle,Ninguna,Oscuro con iluminacion,Nublado,No,NO APLICA,23,12,23,17,1,26/09/2022,3
36,New York,360754,0,0,2,0,111,ULSTER (111),2242,GARDINER,7,Julio,4,2022,20,15,US-44,2,US Highway,Rural,Arteria Principal,State Highway Agency,1,Sin jurisdiccion especial,99998,41.72853056,-74.19259444,Vehiculo en movimiento,Frente a frente,Not an Intersection,No fue interseccion,Sobre calle,Ninguna,Atardecer,Despejado,No,NO APLICA,20,15,99,99,1,04/07/2022,3
36,New York,360755,0,0,1,0,59,NASSAU (59),4090,NEW HYDE PARK,7,Julio,24,2022,5,2,SR-908G NORTHERN STATE PKWY,3,Highway estatal,Urbano,Arterial Principal -Freeway o ExpressWay,State Highway Agency,1,Sin jurisdiccion especial,99998,40.770175,-73.62586667,Poste de Señal de trafico,El primer evento no fue una colision con un vehiculo automotor en transporte,Not an Intersection,No fue interseccion,Sobre el lado de la calle,Ninguna,Oscuro con iluminacion,Despejado,No,NO APLICA,5,2,99,99,3,24/07/2022,3
36,New York,360756,0,0,2,0,115,WASHINGTON (115),2360,GRANVILLE,9,Septiembre,14,2022,16,14,SR-22,3,Highway estatal,Rural,Arteria Menor,State Highway Agency,0,Sin jurisdiccion especial,99998,99.9999,999.9999,Vehiculo en movimiento,Angulo,Not an Intersection,No fue interseccion,Sobre calle,Ninguna,Dia total,Despejado,No,NO APLICA,16,16,16,17,1,14/09/2022,2
36,New York,360757,0,0,2,0,113,WARREN (113),2300,GLENS FALLS,9,Septiembre,24,2022,5,0,SR-32,3,Highway estatal,Urbano,Arteria Principal,State Highway Agency,1,Sin jurisdiccion especial,99998,43.30749722,-73.64220556,Vehiculo en movimiento,Angulo,Four-Way Intersection,Interseccion de 4 direcciones,Sobre calle,Ninguna,Oscuro con iluminacion,Despejado,No,NO APLICA,5,0,5,5,1,24/09/2022,2
36,New York,360758,0,0,3,0,11,CAYUGA (11),6520,WEEDSPORT,9,Septiembre,30,2022,14,15,SR-34,3,Highway estatal,Rural,Arteria Principal,State Highway Agency,1,Sin jurisdiccion especial,99998,43.01539722,-76.56727222,Vehiculo en movimiento,Frente a Detrás,Four-Way Intersection,Interseccion de 4 direcciones,Sobre calle,Ninguna,Dia total,Nublado,No,NO APLICA,14,16,14,25,1,30/09/2022,6
36,New York,360759,0,0,2,0,39,GREENE (39),290,ATHENS,9,Septiembre,24,2022,18,4,US-9W,2,US Highway,Rural,Arteria Menor,State Highway Agency,0,Sin jurisdiccion especial,99998,42.27341389,-73.85776944,Vehiculo en movimiento,Frente a frente,Not an Intersection,No fue interseccion,Sobre calle,Ninguna,Atardecer,Despejado,No,NO APLICA,18,8,18,13,1,24/09/2022,2
36,New York,360760,0,0,2,0,79,PUTNAM (79),5066,PUTNAM VALLEY,9,Septiembre,27,2022,20,47,CR-24 WOOD ST,4,Calle del Condado,Urbano,Arteria Menor,County Highway Agency,0,Sin jurisdiccion especial,99998,41.35495556,-73.79809444,Vehiculo en movimiento,Frente a frente,Not an Intersection,No fue interseccion,Sobre calle,Ninguna,Oscuro sin iluminacion,Despejado,No,NO APLICA,20,47,20,55,1,27/09/2022,4
36,New York,360761,1,1,2,0,103,SUFFOLK (103),5810,SOUTHAMPTON,9,Septiembre,25,2022,19,29,SR-24 FLANDERS RD,3,Highway estatal,Urbano,Arteria Principal,State Highway Agency,1,Sin jurisdiccion especial,99998,40.90981389,-72.63808333,Peaton,El primer evento no fue una colision con un vehiculo automotor en transporte,Not an Intersection,No fue interseccion,Sobre calle,Ninguna,Oscuro con iluminacion,Despejado,No,NO APLICA,19,29,19,32,1,25/09/2022,9
36,New York,360762,0,0,2,0,59,NASSAU (59),2600,HEMPSTEAD,10,Octubre,9,2022,14,15,ROCKAWAY PKWY,5,Calle Local - Pueblo,Urbano,Local,Town or Township Highway Agency,0,Sin jurisdiccion especial,99998,40.66747222,-73.69675,Vehiculo en movimiento,Angulo,Four-Way Intersection,Interseccion de 4 direcciones,Sobre calle,Ninguna,Dia total,Despejado,No,NO APLICA,14,16,14,20,1,09/10/2022,2
36,New York,360763,0,0,3,1,47,KINGS (47),4170,NEW YORK CITY,10,Octubre,2,2022,12,23,13TH AVE,6,Calle Local Municipalidad,Urbano,Arteria Menor,City or Municipal Highway Agency,0,Sin jurisdiccion especial,99998,40.61527222,-74.01275556,Vehiculo en movimiento,Angulo,Four-Way Intersection,Interseccion de 4 direcciones,Sobre calle,Ninguna,Dia total,Despejado,No,NO APLICA,12,23,99,99,1,02/10/2022,3
36,New York,360764,1,1,1,0,119,WESTCHESTER (119),6670,WHITE PLAINS,9,Septiembre,28,2022,13,59,MAPLE AVE,6,Calle Local Municipalidad,Urbano,Arteria Menor,City or Municipal Highway Agency,0,Sin jurisdiccion especial,99998,41.02941667,-73.75956389,Peaton,El primer evento no fue una colision con un vehiculo automotor en transporte,T-Intersection,Interseccion de T,Sobre calle,Ninguna,Dia total,Despejado,No,NO APLICA,13,59,14,4,1,28/09/2022,1
36,New York,360765,1,1,1,0,59,NASSAU (59),2240,GARDEN CITY,1,Enero,3,2022,19,55,CR-177 STEWART AVE,4,Calle del Condado,Urbano,Arteria Menor,County Highway Agency,0,Sin jurisdiccion especial,99998,40.73650278,-73.589775,Peaton,El primer evento no fue una colision con un vehiculo automotor en transporte,Not an Intersection,No fue interseccion,Sobre calle,Ninguna,Oscuro sin iluminacion,Despejado,No,NO APLICA,99,99,99,99,1,03/01/2022,1
36,New York,360766,0,0,2,0,59,NASSAU (59),4600,OYSTER BAY,2,Febrero,15,2022,13,7,CR-25 W OLD COUNTRY RD,4,Calle del Condado,Urbano,Arteria Menor,County Highway Agency,0,Sin jurisdiccion especial,99998,40.75760278,-73.54514167,Vehiculo en movimiento,Angulo,Not an Intersection,No fue interseccion,Sobre calle,Ninguna,Dia total,Despejado,No,NO APLICA,99,99,99,99,1,15/02/2022,3
36,New York,360767,1,1,1,0,59,NASSAU (59),2600,HEMPSTEAD,5,Mayo,2,2022,13,12,SR-24 HEMPSTEAD PKWY,3,Highway estatal,Urbano,Arteria Principal,State Highway Agency,1,Sin jurisdiccion especial,99998,40.72539444,-73.49101944,Peaton,El primer evento no fue una colision con un vehiculo automotor en transporte,Four-Way Intersection,Interseccion de 4 direcciones,Sobre calle,Ninguna,Dia total,lluvia,No,NO APLICA,99,99,99,99,1,02/05/2022,1
36,New York,360768,0,0,2,0,5,BRONX (5),4170,NEW YORK CITY,10,Octubre,12,2022,8,13,I-295 CROSS BRONX EXPY,1,Interestatal,Urbano,Interestatal,State Highway Agency,1,Sin jurisdiccion especial,99998,40.82577778,-73.82775,Vehiculo en movimiento,Frente a Detrás,Not an Intersection,No fue interseccion,Sobre calle,Ninguna,Dia total,Despejado,No,NO APLICA,8,13,8,25,1,12/10/2022,3
36,New York,360769,0,0,3,0,59,NASSAU (59),2600,HEMPSTEAD,7,Julio,17,2022,20,31,SR-908T WANTAGH STATE PKWY,3,Highway estatal,Urbano,Arterial Principal -Freeway o ExpressWay,State Highway Agency,1,Sin jurisdiccion especial,99998,40.76993611,-73.56370556,Vehiculo en movimiento,Angulo,Not an Intersection,No fue interseccion,Sobre calle,Ninguna,Oscuro con iluminacion,Despejado,No,NO APLICA,20,25,99,99,1,17/07/2022,6
36,New York,360770,0,0,4,0,71,ORANGE (71),3730,MIDDLETOWN,8,Agosto,14,2022,17,36,SCHUTT RD EXT,5,Calle Local - Pueblo,Urbano,Local,Town or Township Highway Agency,0,Sin jurisdiccion especial,0,41.44937778,-74.38528889,Vehiculo en movimiento,Angulo,Not an Intersection,No fue interseccion,Sobre calle,Ninguna,Dia total,Despejado,No,NO APLICA,17,36,17,37,1,14/08/2022,6
36,New York,360771,0,0,1,0,103,SUFFOLK (103),2920,ISLIP,5,Mayo,8,2022,18,46,SR-908K SAGTIKOS PKWY,3,Highway estatal,Urbano,Arterial Principal -Freeway o ExpressWay,State Highway Agency,1,Sin jurisdiccion especial,99998,40.77724444,-73.28072778,Arbol,El primer evento no fue una colision con un vehiculo automotor en transporte,Not an Intersection,No fue interseccion,Sobre el lado de la calle,Ninguna,Dia total,Nublado,No,NO APLICA,18,46,18,50,1,08/05/2022,1
36,New York,360772,1,1,1,0,119,WESTCHESTER (119),2961,JEFFERSON VALLEY,9,Septiembre,14,2022,11,7,LONDON RD,5,Calle Local - Pueblo,Urbano,Local,Town or Township Highway Agency,0,Sin jurisdiccion especial,0,99.9999,999.9999,Peaton,El primer evento no fue una colision con un vehiculo automotor en transporte,Not an Intersection,No fue interseccion,Sobre calle,Construccion,Dia total,Despejado,No,NO APLICA,11,7,11,10,2,14/09/2022,1
36,New York,360773,1,1,1,0,59,NASSAU (59),2600,HEMPSTEAD,6,Junio,25,2022,21,10,CR-D23 LONG BEACH RD,4,Calle del Condado,Urbano,Colector Mayor,City or Municipal Highway Agency,0,Sin jurisdiccion especial,99998,40.63406667,-73.64067778,Peaton,El primer evento no fue una colision con un vehiculo automotor en transporte,Not an Intersection,No fue interseccion,Sobre calle,Ninguna,Oscuro con iluminacion,Despejado,No,NO APLICA,99,99,99,99,1,25/06/2022,1
36,New York,360774,1,1,1,0,45,JEFFERSON (45),10,ADAMS,9,Septiembre,16,2022,14,43,US-11,2,US Highway,Rural,Colector Mayor,State Highway Agency,0,Sin jurisdiccion especial,99998,43.83315278,-76.01665278,Ciclista,El primer evento no fue una colision con un vehiculo automotor en transporte,Not an Intersection,No fue interseccion,Sobre calle,Ninguna,Dia total,Nublado,No,NO APLICA,14,43,14,50,1,16/09/2022,1
36,New York,360775,1,1,2,0,55,MONROE (55),5230,ROCHESTER,10,Octubre,5,2022,22,1,BROWN ST,6,Calle Local Municipalidad,Urbano,Colector Mayor,City or Municipal Highway Agency,0,Sin jurisdiccion especial,99998,43.15126667,-77.63476389,Peaton,El primer evento no fue una colision con un vehiculo automotor en transporte,Not an Intersection,No fue interseccion,Sobre calle,Ninguna,Oscuro con iluminacion,Despejado,No,NO APLICA,22,1,22,5,1,05/10/2022,3
36,New York,360777,1,1,2,0,1,ALBANY (1),50,ALBANY,10,Octubre,6,2022,22,6,NORTHERN BLVD,6,Calle Local Municipalidad,Urbano,Arteria Menor,City or Municipal Highway Agency,0,Sin jurisdiccion especial,99998,42.67343333,-73.75064167,Peaton,El primer evento no fue una colision con un vehiculo automotor en transporte,Four-Way Intersection,Interseccion de 4 direcciones,Sobre calle,Ninguna,Oscuro con iluminacion,Despejado,No,NO APLICA,22,7,22,11,1,06/10/2022,2
36,New York,360778,1,1,1,0,21,COLUMBIA (21),1195,CLERMONT,9,Septiembre,23,2022,4,40,US-9,2,US Highway,Rural,Arteria Principal,State Highway Agency,1,Sin jurisdiccion especial,99998,42.09953889,-73.82339444,Peaton,El primer evento no fue una colision con un vehiculo automotor en transporte,Not an Intersection,No fue interseccion,Sobre calle,Ninguna,Oscuro sin iluminacion,Nublado,No,NO APLICA,4,52,4,58,1,23/09/2022,1
36,New York,360779,2,2,4,2,81,QUEENS (81),4170,MIDDLE VILLAGE,10,Octubre,8,2022,3,28,I-495 LONG ISLAND EXPRESSWAY,1,Interestatal,Urbano,Interestatal,State Highway Agency,1,Sin jurisdiccion especial,99998,40.73120278,-73.87363889,Vehiculo en movimiento,Frente a Detrás,Not an Intersection,No fue interseccion,Sobre calle,Ninguna,Oscuro con iluminacion,Nublado,No,NO APLICA,3,28,99,99,1,08/10/2022,4
36,New York,360780,0,0,2,0,113,WARREN (113),617,BRANT LAKE,8,Agosto,2,2022,17,12,SR-8,3,Highway estatal,Rural,Arteria Menor,State Highway Agency,0,Sin jurisdiccion especial,99998,43.7321,-73.670125,Vehiculo en movimiento,Angulo,Not an Intersection,No fue interseccion,Sobre calle,Ninguna,Dia total,Despejado,No,NO APLICA,17,12,17,28,1,02/08/2022,2
36,New York,360782,0,0,3,0,59,NASSAU (59),2600,HEMPSTEAD,8,Agosto,27,2022,0,48,SR-908M SOUTHERN STATE PKWY,3,Highway estatal,Urbano,Arterial Principal -Freeway o ExpressWay,State Highway Agency,1,Sin jurisdiccion especial,99998,40.6827,-73.706275,Valla Ferrocarril,El primer evento no fue una colision con un vehiculo automotor en transporte,Not an Intersection,No fue interseccion,En el medio,Ninguna,Oscuro con iluminacion,Despejado,No,NO APLICA,0,48,0,56,1,27/08/2022,3
36,New York,360783,0,0,1,0,25,DELAWARE (25),1570,DOWNSVILLE,10,Octubre,15,2022,10,0,RIVER RD,5,Calle Local - Pueblo,Rural,Local,Town or Township Highway Agency,0,Sin jurisdiccion especial,99998,42.02880833,-75.055275,Fin de valla,El primer evento no fue una colision con un vehiculo automotor en transporte,Not an Intersection,No fue interseccion,Sobre el lado de la calle,Ninguna,Dia total,Despejado,No,NO APLICA,10,6,10,26,1,15/10/2022,1
36,New York,360784,1,1,1,0,47,KINGS (47),4170,NEW YORK CITY,10,Octubre,12,2022,7,0,PARKSIDE AVE,6,Calle Local Municipalidad,Urbano,Arteria Principal,City or Municipal Highway Agency,0,Sin jurisdiccion especial,99998,40.65306944,-73.96646944,Ciclista,El primer evento no fue una colision con un vehiculo automotor en transporte,Not an Intersection,No fue interseccion,Sobre calle,Ninguna,Dia total,Despejado,No,NO APLICA,99,99,99,99,1,12/10/2022,1
36,New York,360785,1,1,1,0,47,KINGS (47),4170,NEW YORK CITY,10,Octubre,22,2022,18,43,4TH AVE,6,Calle Local Municipalidad,Urbano,Arteria Principal,City or Municipal Highway Agency,1,Sin jurisdiccion especial,0,40.641675,-74.01767222,Peaton,El primer evento no fue una colision con un vehiculo automotor en transporte,Not an Intersection,No fue interseccion,Sobre calle,Ninguna,Oscuro con iluminacion,Despejado,No,NO APLICA,99,99,99,99,1,22/10/2022,1
36,New York,360786,1,1,1,0,47,KINGS (47),4170,NEW YORK CITY,10,Octubre,23,2022,18,29,EASTERN PKWY,6,Calle Local Municipalidad,Urbano,Arteria Principal,City or Municipal Highway Agency,1,Sin jurisdiccion especial,0,40.66900833,-73.93458056,Peaton,El primer evento no fue una colision con un vehiculo automotor en transporte,Not an Intersection,No fue interseccion,Sobre calle,Ninguna,Oscuro con iluminacion,Nublado,No,NO APLICA,18,29,18,35,1,23/10/2022,1
36,New York,360787,1,1,1,0,47,KINGS (47),4170,NEW YORK CITY,10,Octubre,13,2022,18,19,FLATBUSH AVE,6,Calle Local Municipalidad,Urbano,Arteria Principal,City or Municipal Highway Agency,1,Sin jurisdiccion especial,99998,40.63446389,-73.94958333,Peaton,El primer evento no fue una colision con un vehiculo automotor en transporte,Four-Way Intersection,Interseccion de 4 direcciones,Sobre calle,Ninguna,Oscuro con iluminacion,lluvia,No,NO APLICA,18,19,99,99,1,13/10/2022,1
36,New York,360789,0,0,1,0,5,BRONX (5),4170,NEW YORK CITY,10,Octubre,14,2022,18,53,PARK DR,6,Calle Local Municipalidad,Urbano,Local,City or Municipal Highway Agency,0,Sin jurisdiccion especial,99998,40.87091944,-73.798375,Otro objeto (no fijo),El primer evento no fue una colision con un vehiculo automotor en transporte,Not an Intersection,No fue interseccion,Sobre calle,Ninguna,Atardecer,Despejado,No,NO APLICA,99,99,99,99,1,14/10/2022,1
36,New York,360790,1,1,1,0,47,KINGS (47),4170,NEW YORK CITY,10,Octubre,14,2022,14,2,AVENUE L,6,Calle Local Municipalidad,Urbano,Colector Mayor,City or Municipal Highway Agency,0,Sin jurisdiccion especial,99998,40.62075,-73.95760556,No vehiculo o remolque,El primer evento no fue una colision con un vehiculo automotor en transporte,Four-Way Intersection,Interseccion de 4 direcciones,Sobre calle,Ninguna,Dia total,Despejado,No,NO APLICA,99,99,99,99,1,14/10/2022,3
36,New York,360791,0,0,1,0,47,KINGS (47),4170,NEW YORK CITY,10,Octubre,14,2022,2,22,I-278 RAMP,1,Interestatal,Urbano,Interestatal,State Highway Agency,1,Sin jurisdiccion especial,99998,40.62077222,-74.02199167,Barrera de Trafico de Concreto,El primer evento no fue una colision con un vehiculo automotor en transporte,Not an Intersection,No fue interseccion,Separador,Ninguna,Oscuro con iluminacion,Nublado,No,NO APLICA,99,99,99,99,1,14/10/2022,3
36,New York,360792,0,0,2,0,85,RICHMOND (85),4170,NEW YORK CITY,10,Octubre,14,2022,6,30,JEWETT AVE,6,Calle Local Municipalidad,Urbano,Arteria Principal,City or Municipal Highway Agency,1,Sin jurisdiccion especial,99998,40.62036111,-74.13167222,Vehiculo en movimiento,Angulo,Four-Way Intersection,Interseccion de 4 direcciones,Sobre calle,Ninguna,Amanecer,Despejado,No,NO APLICA,99,99,99,99,1,14/10/2022,5
36,New York,360793,0,0,1,0,81,QUEENS (81),4170,MIDDLE VILLAGE,10,Octubre,16,2022,2,5,I-295,1,Interestatal,Urbano,Interestatal,State Highway Agency,1,Sin jurisdiccion especial,99998,40.73882778,-73.76899167,Valla Ferrocarril,El primer evento no fue una colision con un vehiculo automotor en transporte,Not an Intersection,No fue interseccion,En el medio,Ninguna,Oscuro con iluminacion,Despejado,No,NO APLICA,99,99,99,99,1,16/10/2022,2
36,New York,360794,0,0,2,0,57,MONTGOMERY (57),170,AMSTERDAM,10,Octubre,17,2022,1,45,SR-5,3,Highway estatal,Rural,Arteria Menor,State Highway Agency,0,Sin jurisdiccion especial,99998,42.91921944,-74.14142778,Volcadura,El primer evento no fue una colision con un vehiculo automotor en transporte,Not an Intersection,No fue interseccion,Sobre calle,Ninguna,Oscuro sin iluminacion,Nublado,No,NO APLICA,1,56,2,5,1,17/10/2022,2
36,New York,360795,1,1,1,0,5,BRONX (5),4170,NEW YORK CITY,10,Octubre,18,2022,5,29,SR-907H BRONX RIVER PKWY,3,Highway estatal,Urbano,Arterial Principal -Freeway o ExpressWay,State Highway Agency,1,Sin jurisdiccion especial,99998,40.86771667,-73.87223056,Peaton,El primer evento no fue una colision con un vehiculo automotor en transporte,Not an Intersection,No fue interseccion,Sobre calle,Ninguna,Oscuro sin iluminacion,Despejado,No,NO APLICA,5,29,5,37,1,18/10/2022,1
36,New York,360796,1,1,1,0,81,QUEENS (81),4170,MIDDLE VILLAGE,10,Octubre,19,2022,21,14,SR-907M GRAND CENTRAL PKWY,3,Highway estatal,Urbano,Arterial Principal -Freeway o ExpressWay,State Highway Agency,1,Sin jurisdiccion especial,99998,40.766675,-73.89601944,Peaton,El primer evento no fue una colision con un vehiculo automotor en transporte,Not an Intersection,No fue interseccion,Sobre calle,Ninguna,Oscuro con iluminacion,Despejado,No,NO APLICA,99,99,99,99,1,19/10/2022,2
36,New York,360797,1,1,2,0,81,QUEENS (81),4170,MIDDLE VILLAGE,10,Octubre,19,2022,16,55,LINDEN PL,6,Calle Local Municipalidad,Urbano,Arteria Menor,City or Municipal Highway Agency,0,Sin jurisdiccion especial,99998,40.77430556,-73.83453611,Peaton,El primer evento no fue una colision con un vehiculo automotor en transporte,Not an Intersection,No fue interseccion,Sobre calle,Ninguna,Dia total,Despejado,No,NO APLICA,99,99,99,99,1,19/10/2022,3
36,New York,360798,0,0,1,0,79,PUTNAM (79),900,CARMEL,10,Octubre,22,2022,23,8,CR-34 CROTON FALLS RD,4,Calle del Condado,Urbano,Arteria Menor,County Highway Agency,0,Sin jurisdiccion especial,99998,41.37428056,-73.70334722,Arbol,El primer evento no fue una colision con un vehiculo automotor en transporte,Not an Intersection,No fue interseccion,Sobre el lado de la calle,Ninguna,Oscuro sin iluminacion,Despejado,No,NO APLICA,99,99,99,99,1,22/10/2022,2
36,New York,360799,2,2,2,0,91,SARATOGA (91),3462,MALTA,2,Febrero,6,2022,3,49,I-87,1,Interestatal,Urbano,Interestatal,State Highway Agency,1,Sin jurisdiccion especial,99998,42.992125,-73.80344444,Peaton,El primer evento no fue una colision con un vehiculo automotor en transporte,Not an Intersection,No fue interseccion,Sobre calle,Ninguna,Oscuro sin iluminacion,Nublado,No,NO APLICA,3,50,3,55,2,06/02/2022,1
36,New York,360800,0,0,2,0,71,ORANGE (71),6410,WARWICK,5,Mayo,28,2022,17,37,CR-21 WARWICK TPKE,4,Calle del Condado,Urbano,Colector Mayor,County Highway Agency,0,Sin jurisdiccion especial,99998,41.23075278,-74.38004167,Vehiculo en movimiento,Frente a frente,Not an Intersection,No fue interseccion,Sobre calle,Ninguna,Dia total,Nublado,No,NO APLICA,17,50,17,50,1,28/05/2022,6
36,New York,360801,0,0,2,0,115,WASHINGTON (115),250,ARGYLE,7,Julio,22,2022,17,18,CR-48,4,Calle del Condado,Rural,Colector Menor,County Highway Agency,0,Sin jurisdiccion especial,99998,43.22378611,-73.41991667,Vehiculo en movimiento,Golpe Lateral - direccion contraria,Not an Intersection,No fue interseccion,Sobre calle,Ninguna,Dia total,Despejado,No,NO APLICA,99,99,99,99,1,22/07/2022,3
36,New York,360802,0,0,2,0,79,PUTNAM (79),630,BREWSTER,10,Octubre,2,2022,17,25,US-6/202,2,US Highway,Urbano,Arteria Menor,State Highway Agency,0,Sin jurisdiccion especial,99998,41.38513889,-73.57450556,Vehiculo en movimiento,Frente a frente,Not an Intersection,No fue interseccion,Sobre calle,Ninguna,Dia total,Nublado,No,NO APLICA,17,25,17,30,1,02/10/2022,2
36,New York,360803,0,0,2,0,119,WESTCHESTER (119),2555,HARRISON,10,Octubre,4,2022,18,30,I-95,1,Interestatal,Urbano,Interestatal,State Highway Agency,1,Sin jurisdiccion especial,99998,40.96424444,-73.73076389,Objeto aventado o caido,El primer evento no fue una colision con un vehiculo automotor en transporte,Not an Intersection,No fue interseccion,Sobre calle,Ninguna,Oscuro sin iluminacion,lluvia,No,NO APLICA,18,34,18,49,1,04/10/2022,2
36,New York,360804,0,0,1,0,103,SUFFOLK (103),5769,SMITHTOWN,10,Octubre,8,2022,4,13,SR-908K SUNKEN MEADOWN PKWY,3,Highway estatal,Urbano,Arterial Principal -Freeway o ExpressWay,State Highway Agency,1,Sin jurisdiccion especial,99998,40.83519167,-73.28093056,Arbol,El primer evento no fue una colision con un vehiculo automotor en transporte,Not an Intersection,No fue interseccion,En el medio,Ninguna,Oscuro con iluminacion,lluvia,No,NO APLICA,4,13,4,40,1,08/10/2022,1
36,New York,360805,0,0,1,0,113,WARREN (113),5068,QUEENSBURY,10,Octubre,13,2022,0,38,I-87,1,Interestatal,Urbano,Interestatal,State Highway Agency,1,Sin jurisdiccion especial,99998,43.35975833,-73.70455,Acotamiento,El primer evento no fue una colision con un vehiculo automotor en transporte,Not an Intersection,No fue interseccion,Sobre el lado de la calle,Ninguna,Oscuro sin iluminacion,Despejado,No,NO APLICA,0,38,0,56,1,13/10/2022,1
36,New York,360806,0,0,1,0,67,ONONDAGA (67),6010,SYRACUSE,7,Julio,13,2022,22,31,SR-11A,3,Highway estatal,Rural,Colector Mayor,Indian Tribe Nation,0,Sin jurisdiccion especial,99998,42.95669444,-76.15275556,Poste,El primer evento no fue una colision con un vehiculo automotor en transporte,Not an Intersection,No fue interseccion,Sobre el lado de la calle,Ninguna,Oscuro sin iluminacion,Despejado,No,NO APLICA,22,31,22,37,1,13/07/2022,1
36,New York,360807,1,1,3,2,91,SARATOGA (91),6731,WILTON,9,Septiembre,15,2022,22,42,I-87,1,Interestatal,Urbano,Interestatal,State Highway Agency,1,Sin jurisdiccion especial,99998,43.14103056,-73.72893333,Vehiculo Aparcado,El primer evento no fue una colision con un vehiculo automotor en transporte,Not an Intersection,No fue interseccion,Sobre Acotamiento,Ninguna,Oscuro sin iluminacion,Despejado,No,NO APLICA,22,42,99,99,1,15/09/2022,1
36,New York,360808,1,1,1,0,7,BROOME (7),3453,MAINE,10,Octubre,14,2022,21,19,SR-26,3,Highway estatal,Urbano,Arteria Menor,State Highway Agency,0,Sin jurisdiccion especial,99998,42.19706111,-76.05928333,Peaton,El primer evento no fue una colision con un vehiculo automotor en transporte,Not an Intersection,No fue interseccion,Sobre calle,Ninguna,Oscuro con iluminacion,Despejado,No,NO APLICA,21,22,21,33,1,14/10/2022,1
36,New York,360809,1,1,1,0,107,TIOGA (107),5910,SPENCER,9,Septiembre,26,2022,7,53,SR-34/96,3,Highway estatal,Rural,Arteria Menor,State Highway Agency,0,Sin jurisdiccion especial,99998,42.23646111,-76.50407778,Buzon de correo,El primer evento no fue una colision con un vehiculo automotor en transporte,Not an Intersection,No fue interseccion,Sobre el lado de la calle,Ninguna,Dia total,Nublado,No,NO APLICA,7,53,8,8,1,26/09/2022,1