Estado,Nombre de Estado,Numero de Caso,Peatones,Personas _no_vehiculos,Vehiculos automotores,Vehiculos estacionados,Condado,Nombre Condado,Ciudad,Nombre Ciudad,Mes,Nombre Mes,Dia,Año,Hora,Minuto,Calle,Ruta,Nombre Ruta,Rural o Urbanoo,Sistema Funcional,Dueño Calle,Sistema Nacional Carreteras,Jurisdiccion Especial,Milla,Latitud,Longitud,Causa del Accidente,Tipo de Accidente,Tipo Interseccion,Columna1,Lugar en la calle,Zona de Trabajo,Luz,Clima,Autobus Escolar,Cruce de Trenes,Hora Notificacion,Minuto Notificacion,Hora Llegada,Minuto Llegada,Decesos,Fecha,PersonaVehiculo
36,New York,360810,0,0,1,0,83,RENSSELAER (83),4768,PETERSBURG,10,Octubre,14,2022,21,49,SR-22,3,Highway estatal,Rural,Arteria Menor,State Highway Agency,0,Sin jurisdiccion especial,99998,42.78138889,-73.33726667,Arbol,El primer evento no fue una colision con un vehiculo automotor en transporte,Not an Intersection,No fue interseccion,Sobre el lado de la calle,Ninguna,Oscuro sin iluminacion,Despejado,No,NO APLICA,99,99,99,99,1,14/10/2022,1
36,New York,360811,0,0,1,0,13,CHAUTAUQUA (13),2150,FREDONIA,10,Octubre,19,2022,19,59,US-20 W MAIN RD,2,US Highway,Rural,Arteria Principal,State Highway Agency,1,Sin jurisdiccion especial,99998,42.416075,-79.38720278,Barda,El primer evento no fue una colision con un vehiculo automotor en transporte,Not an Intersection,No fue interseccion,Fuera de la calle,Ninguna,Oscuro sin iluminacion,Nublado,No,NO APLICA,20,1,20,8,1,19/10/2022,1
36,New York,360812,0,0,1,0,55,MONROE (55),2606,HENRIETTA,10,Octubre,21,2022,0,39,I-390,1,Interestatal,Urbano,Interestatal,State Highway Agency,1,Sin jurisdiccion especial,99998,43.05301944,-77.64586667,Banqueta,El primer evento no fue una colision con un vehiculo automotor en transporte,Not an Intersection,No fue interseccion,Separador,Ninguna,Oscuro con iluminacion,Despejado,No,NO APLICA,0,40,0,48,1,21/10/2022,3
36,New York,360813,1,1,1,0,103,SUFFOLK (103),2915,ISLANDIA,2,Febrero,28,2022,19,20,I-495,1,Interestatal,Urbano,Interestatal,State Highway Agency,1,Sin jurisdiccion especial,99998,40.80895,-73.16576111,Peaton,El primer evento no fue una colision con un vehiculo automotor en transporte,Not an Intersection,No fue interseccion,Sobre calle,Ninguna,Oscuro con iluminacion,Despejado,No,NO APLICA,99,99,99,99,1,28/02/2022,3
36,New York,360814,0,0,1,0,103,SUFFOLK (103),4243,NORTH BELLPORT,4,Abril,20,2022,17,44,STATION RD,5,Calle Local - Pueblo,Urbano,Arteria Menor,Town or Township Highway Agency,0,Sin jurisdiccion especial,99998,40.78716111,-72.94706944,Poste,El primer evento no fue una colision con un vehiculo automotor en transporte,Not an Intersection,No fue interseccion,Sobre el lado de la calle,Ninguna,Dia total,Despejado,No,NO APLICA,17,44,17,54,1,20/04/2022,1
36,New York,360815,0,0,2,0,103,SUFFOLK (103),4025,NESCONSET,5,Mayo,14,2022,3,35,SR-25 MIDDLE COUNTRY RD,3,Highway estatal,Urbano,Arteria Principal,State Highway Agency,1,Sin jurisdiccion especial,99998,40.86131944,-73.14935278,Vehiculo en movimiento,Angulo,Not an Intersection,No fue interseccion,Sobre calle,Ninguna,Oscuro con iluminacion,Neblina o Humo,No,NO APLICA,3,36,3,40,1,14/05/2022,2
36,New York,360816,0,0,2,0,103,SUFFOLK (103),705,BROOKHAVEN,5,Mayo,30,2022,16,57,SR-906B EXPRESS DR N,3,Highway estatal,Urbano,Arteria Principal,State Highway Agency,1,Sin jurisdiccion especial,99998,40.82962778,-72.93787222,Vehiculo en movimiento,Angulo,Four-Way Intersection,Interseccion de 4 direcciones,Sobre calle,Ninguna,Dia total,Despejado,No,NO APLICA,99,99,99,99,1,30/05/2022,3
36,New York,360817,0,0,1,0,17,CHENANGO (17),2400,GREENE,10,Octubre,18,2022,5,28,SR-206,3,Highway estatal,Rural,Arteria Menor,State Highway Agency,0,Sin jurisdiccion especial,99998,42.34932222,-75.81244444,Valla Ferrocarril,El primer evento no fue una colision con un vehiculo automotor en transporte,Not an Intersection,No fue interseccion,Sobre el lado de la calle,Ninguna,Oscuro sin iluminacion,Nublado,No,NO APLICA,5,26,5,35,1,18/10/2022,1
36,New York,360818,0,0,1,0,103,SUFFOLK (103),705,BROOKHAVEN,6,Junio,2,2022,18,30,I-495,1,Interestatal,Urbano,Interestatal,State Highway Agency,1,Sin jurisdiccion especial,99998,40.85465556,-72.84319167,Otra barrera de trafico,El primer evento no fue una colision con un vehiculo automotor en transporte,Not an Intersection,No fue interseccion,En el medio,Ninguna,Dia total,lluvia,No,NO APLICA,99,99,99,99,1,02/06/2022,1
36,New York,360819,0,0,2,0,103,SUFFOLK (103),5769,SMITHTOWN,6,Junio,6,2022,1,35,SR-347,3,Highway estatal,Urbano,Arteria Principal,State Highway Agency,1,Sin jurisdiccion especial,99998,40.82696667,-73.20604722,Vehiculo en movimiento,Angulo,Four-Way Intersection,Interseccion de 4 direcciones,Sobre calle,Ninguna,Oscuro con iluminacion,Despejado,No,NO APLICA,99,99,99,99,1,06/06/2022,5
36,New York,360820,1,1,1,0,1,ALBANY (1),50,ALBANY,10,Octubre,24,2022,18,13,3RD AVE,6,Calle Local Municipalidad,Urbano,Local,City or Municipal Highway Agency,0,Sin jurisdiccion especial,0,42.64021389,-73.76270833,Peaton,El primer evento no fue una colision con un vehiculo automotor en transporte,Not an Intersection,No fue interseccion,Sobre el lado de la calle,Ninguna,Oscuro con iluminacion,lluvia,No,NO APLICA,18,14,18,20,1,24/10/2022,1
36,New York,360821,1,1,1,0,37,GENESEE (37),80,ALEXANDER,10,Octubre,19,2022,16,6,W BETHANY RD,5,Calle Local - Pueblo,Rural,Local,Town or Township Highway Agency,0,Sin jurisdiccion especial,99998,42.91276667,-78.192375,Peaton,El primer evento no fue una colision con un vehiculo automotor en transporte,Not an Intersection,No fue interseccion,Sobre calle,Ninguna,Dia total,lluvia,No,NO APLICA,16,6,16,11,1,19/10/2022,1
36,New York,360822,0,0,1,0,103,SUFFOLK (103),1650,EAST HAMPTON,10,Octubre,21,2022,22,49,BLUFF RD,5,Calle Local - Pueblo,Urbano,Colector Mayor,Town or Township Highway Agency,0,Sin jurisdiccion especial,99998,40.97124444,-72.12974167,Volcadura,El primer evento no fue una colision con un vehiculo automotor en transporte,Not an Intersection,No fue interseccion,Sobre calle,Ninguna,Oscuro sin iluminacion,Despejado,No,NO APLICA,22,49,22,57,1,21/10/2022,2
36,New York,360823,0,0,2,0,103,SUFFOLK (103),1296,COMMACK,6,Junio,15,2022,15,45,CR-14 INDIAN HEAD RD,4,Calle del Condado,Urbano,Arteria Menor,County Highway Agency,0,Sin jurisdiccion especial,99998,40.85639444,-73.27188611,Vehiculo en movimiento,Angulo,Not an Intersection,No fue interseccion,Sobre calle,Ninguna,Dia total,Despejado,No,NO APLICA,15,53,15,55,1,15/06/2022,5
36,New York,360824,1,1,1,0,47,KINGS (47),4170,NEW YORK CITY,11,Noviembre,5,2022,19,16,CHURCH AVE,6,Calle Local Municipalidad,Urbano,Local,City or Municipal Highway Agency,0,Sin jurisdiccion especial,0,40.65208889,-73.92871111,Peaton,El primer evento no fue una colision con un vehiculo automotor en transporte,Four-Way Intersection,Interseccion de 4 direcciones,Sobre calle,Ninguna,Oscuro con iluminacion,Despejado,No,NO APLICA,99,99,99,99,1,05/11/2022,1
36,New York,360825,0,0,1,0,103,SUFFOLK (103),705,BROOKHAVEN,6,Junio,25,2022,23,57,CR-21,4,Calle del Condado,Urbano,Arteria Menor,County Highway Agency,0,Sin jurisdiccion especial,99998,40.87834167,-72.94179722,Arbol,El primer evento no fue una colision con un vehiculo automotor en transporte,Not an Intersection,No fue interseccion,Sobre el lado de la calle,Ninguna,Oscuro con iluminacion,Despejado,No,NO APLICA,99,99,99,99,1,25/06/2022,1
36,New York,360826,0,0,1,0,7,BROOME (7),3453,MAINE,10,Octubre,21,2022,14,46,SR-26,3,Highway estatal,Urbano,Arteria Menor,State Highway Agency,0,Sin jurisdiccion especial,99998,42.16745556,-76.07285278,Zanja,El primer evento no fue una colision con un vehiculo automotor en transporte,Not an Intersection,No fue interseccion,Sobre el lado de la calle,Ninguna,Dia total,Nublado,No,NO APLICA,14,27,14,52,1,21/10/2022,1
36,New York,360827,1,1,1,0,83,RENSSELAER (83),940,CASTLETON ON HUDSON,10,Octubre,11,2022,19,0,US-20,2,US Highway,Urbano,Arteria Principal,State Highway Agency,1,Sin jurisdiccion especial,99998,42.55699167,-73.67826944,Ciclista,El primer evento no fue una colision con un vehiculo automotor en transporte,Not an Intersection,No fue interseccion,Separador,Ninguna,Oscuro sin iluminacion,Despejado,No,NO APLICA,19,4,19,16,1,11/10/2022,1
36,New York,360828,0,0,1,0,31,ESSEX (31),3832,MORIAH,10,Octubre,23,2022,17,23,CR-42 TARBELL HILL RD,4,Calle del Condado,Rural,Colector Menor,County Highway Agency,0,Sin jurisdiccion especial,99998,44.04768889,-73.49065278,Culvert,El primer evento no fue una colision con un vehiculo automotor en transporte,Not an Intersection,No fue interseccion,Sobre el lado de la calle,Ninguna,Dia total,Despejado,No,NO APLICA,17,12,17,22,1,23/10/2022,1
36,New York,360830,0,0,2,0,55,MONROE (55),3681,MENDON,9,Septiembre,29,2022,10,22,MENDON IONIA RD,5,Calle Local - Pueblo,Urbano,Colector Menor,Town or Township Highway Agency,0,Sin jurisdiccion especial,99998,42.96485833,-77.50253611,Vehiculo en movimiento,Angulo,Four-Way Intersection,Interseccion de 4 direcciones,Sobre calle,Ninguna,Dia total,Despejado,No,NO APLICA,10,22,10,29,1,29/09/2022,4
36,New York,360831,0,0,1,0,29,ERIE (29),750,BUFFALO,10,Octubre,24,2022,6,42,SR-198 ON RAMP,3,Highway estatal,Urbano,Arterial Principal -Freeway o ExpressWay,State Highway Agency,1,Sin jurisdiccion especial,99998,42.92273611,-78.84343333,Barrera de Trafico de Concreto,El primer evento no fue una colision con un vehiculo automotor en transporte,Not an Intersection,No fue interseccion,Sobre el lado de la calle,Ninguna,Oscuro sin iluminacion,Nublado,No,NO APLICA,6,42,6,52,4,24/10/2022,6
36,New York,360832,0,0,3,0,99,SENECA (99),5630,SENECA FALLS,10,Octubre,13,2022,10,49,SR-318,3,Highway estatal,Rural,Colector Mayor,State Highway Agency,0,Sin jurisdiccion especial,99998,42.94825278,-76.79612778,Vehiculo en movimiento,Frente a frente,Not an Intersection,No fue interseccion,Sobre calle,Ninguna,Dia total,Nublado,No,NO APLICA,10,51,10,59,1,13/10/2022,3
36,New York,360833,0,0,1,0,57,MONTGOMERY (57),170,AMSTERDAM,10,Octubre,25,2022,20,2,NORTHAMPTON RD,6,Calle Local Municipalidad,Urbano,Colector Mayor,City or Municipal Highway Agency,0,Sin jurisdiccion especial,99998,42.95376111,-74.19157778,Poste,El primer evento no fue una colision con un vehiculo automotor en transporte,Not an Intersection,No fue interseccion,Sobre el lado de la calle,Ninguna,Oscuro con iluminacion,Nublado,No,NO APLICA,20,2,20,4,1,25/10/2022,2
36,New York,360834,1,1,1,0,47,KINGS (47),4170,NEW YORK CITY,10,Octubre,19,2022,23,25,FULTON ST,6,Calle Local Municipalidad,Urbano,Arteria Principal,City or Municipal Highway Agency,1,Sin jurisdiccion especial,0,40.68129722,-73.95633333,Peaton,El primer evento no fue una colision con un vehiculo automotor en transporte,Not an Intersection,No fue interseccion,Sobre calle,Ninguna,Oscuro con iluminacion,Despejado,No,NO APLICA,99,99,99,99,1,19/10/2022,1
36,New York,360835,0,0,2,0,59,NASSAU (59),4844,PLAINVIEW,10,Octubre,25,2022,23,30,I-495 LONG ISLAND EXPRESSWAY,1,Interestatal,Urbano,Interestatal,State Highway Agency,1,Sin jurisdiccion especial,99998,40.78681389,-73.44997778,Vehiculo en movimiento,Frente a Detrás,Not an Intersection,No fue interseccion,Sobre calle,Ninguna,Oscuro con iluminacion,lluvia,No,NO APLICA,23,33,23,35,1,25/10/2022,2
36,New York,360836,0,0,1,0,69,ONTARIO (69),830,CANANDAIGUA,8,Agosto,7,2022,22,33,US-20,2,US Highway,Urbano,Arterial Principal -Freeway o ExpressWay,State Highway Agency,1,Sin jurisdiccion especial,99998,42.88273889,-77.30735278,Acotamiento,El primer evento no fue una colision con un vehiculo automotor en transporte,T-Intersection,Interseccion de T,Sobre el lado de la calle,Ninguna,Oscuro sin iluminacion,Nublado,No,NO APLICA,99,99,99,99,1,07/08/2022,2
36,New York,360837,1,1,1,0,81,QUEENS (81),4170,MIDDLE VILLAGE,11,Noviembre,1,2022,10,21,I-678 VAN WYCK EXPY,1,Interestatal,Urbano,Interestatal,State Highway Agency,1,Sin jurisdiccion especial,99998,99.9999,999.9999,Peaton,El primer evento no fue una colision con un vehiculo automotor en transporte,Not an Intersection,No fue interseccion,Sobre calle,Ninguna,Dia total,Despejado,No,NO APLICA,10,21,99,99,1,01/11/2022,3
36,New York,360838,0,0,1,0,1,ALBANY (1),3066,KNOX,10,Octubre,27,2022,20,45,CR-252 KNOX CAVE RD,4,Calle del Condado,Rural,Colector Menor,County Highway Agency,0,Sin jurisdiccion especial,99998,42.65132778,-74.08668333,Culvert,El primer evento no fue una colision con un vehiculo automotor en transporte,Not an Intersection,No fue interseccion,Sobre el lado de la calle,Ninguna,Oscuro sin iluminacion,Despejado,No,NO APLICA,20,50,21,2,1,27/10/2022,1
36,New York,360839,0,0,2,0,119,WESTCHESTER (119),1870,ELMSFORD,10,Octubre,30,2022,16,11,SR-987D,3,Highway estatal,Urbano,Arterial Principal -Freeway o ExpressWay,State Highway Agency,1,Sin jurisdiccion especial,99998,41.06118611,-73.82222222,Vehiculo en movimiento,Golpe Lateral - misma direccion,Not an Intersection,No fue interseccion,Sobre calle,Construccion,Dia total,Despejado,No,NO APLICA,16,11,16,19,1,30/10/2022,6
36,New York,360840,0,0,1,0,55,MONROE (55),2710,HILTON,10,Octubre,30,2022,6,20,SR-104 RIDGE RD W,3,Highway estatal,Urbano,Arteria Principal,State Highway Agency,1,Sin jurisdiccion especial,99998,43.21867778,-77.76585833,Poste de Señal de trafico,El primer evento no fue una colision con un vehiculo automotor en transporte,Not an Intersection,No fue interseccion,Sobre el lado de la calle,Ninguna,Oscuro con iluminacion,Despejado,No,NO APLICA,6,20,6,28,1,30/10/2022,1
36,New York,360841,0,0,1,0,53,MADISON (53),4769,PETERBORO,11,Noviembre,1,2022,12,45,NORTH BUTLER RD,5,Calle Local - Pueblo,Rural,Local,Town or Township Highway Agency,0,Sin jurisdiccion especial,99998,42.98645833,-75.66018056,Arbol,El primer evento no fue una colision con un vehiculo automotor en transporte,Not an Intersection,No fue interseccion,Sobre el lado de la calle,Ninguna,Dia total,Despejado,No,NO APLICA,12,45,12,53,1,01/11/2022,1
36,New York,360842,1,1,1,0,5,BRONX (5),4170,NEW YORK CITY,11,Noviembre,2,2022,22,24,SR-907H BRONX RIVER PKWY,3,Highway estatal,Urbano,Arterial Principal -Freeway o ExpressWay,State Highway Agency,1,Sin jurisdiccion especial,99998,40.85515833,-73.87217222,Peaton,El primer evento no fue una colision con un vehiculo automotor en transporte,Not an Intersection,No fue interseccion,Sobre calle,Ninguna,Oscuro con iluminacion,Despejado,No,NO APLICA,99,99,99,99,1,02/11/2022,1
36,New York,360843,0,0,1,0,17,CHENANGO (17),5650,SHERBURNE,10,Octubre,28,2022,17,20,BILLINGS RD,5,Calle Local - Pueblo,Rural,Local,Town or Township Highway Agency,0,Sin jurisdiccion especial,99998,42.71624167,-75.48861667,Acotamiento,El primer evento no fue una colision con un vehiculo automotor en transporte,Not an Intersection,No fue interseccion,Sobre el lado de la calle,Ninguna,Dia total,Despejado,No,NO APLICA,17,26,17,42,1,28/10/2022,1
36,New York,360844,0,0,2,0,81,QUEENS (81),4170,MIDDLE VILLAGE,10,Octubre,27,2022,14,23,57TH AVE,6,Calle Local Municipalidad,Urbano,Local,City or Municipal Highway Agency,0,Sin jurisdiccion especial,0,40.73343889,-73.875075,Vehiculo en movimiento,Angulo,Four-Way Intersection,Interseccion de 4 direcciones,Sobre calle,Ninguna,Dia total,Despejado,No,NO APLICA,99,99,99,99,1,27/10/2022,4
36,New York,360845,1,1,1,0,103,SUFFOLK (103),360,BABYLON,6,Junio,8,2022,15,56,SR-27 SUNRISE HWY,3,Highway estatal,Urbano,Arteria Principal,State Highway Agency,1,Sin jurisdiccion especial,99998,40.69449722,-73.39222222,Ciclista,El primer evento no fue una colision con un vehiculo automotor en transporte,Four-Way Intersection,Interseccion de 4 direcciones,Sobre calle,Ninguna,Dia total,Despejado,No,NO APLICA,15,56,15,58,1,08/06/2022,1
36,New York,360846,1,1,2,0,47,KINGS (47),4170,NEW YORK CITY,11,Noviembre,4,2022,5,49,SR-907C BELT PKWY,3,Highway estatal,Urbano,Arterial Principal -Freeway o ExpressWay,City or Municipal Highway Agency,1,Sin jurisdiccion especial,99998,40.58504167,-73.95357778,Peaton,El primer evento no fue una colision con un vehiculo automotor en transporte,Not an Intersection,No fue interseccion,Sobre calle,Ninguna,Oscuro con iluminacion,Nublado,No,NO APLICA,99,99,99,99,1,04/11/2022,3
36,New York,360847,1,1,1,0,71,ORANGE (71),3830,MONROE,10,Octubre,1,2022,6,16,US-6,2,US Highway,Urbano,Arterial Principal -Freeway o ExpressWay,State Highway Agency,1,Sin jurisdiccion especial,99998,41.33649722,-74.174875,Peaton,El primer evento no fue una colision con un vehiculo automotor en transporte,Not an Intersection,No fue interseccion,Sobre calle,Ninguna,Oscuro sin iluminacion,lluvia,No,NO APLICA,6,16,6,30,1,01/10/2022,2
36,New York,360848,0,0,2,0,63,NIAGARA (63),2247,GASPORT,10,Octubre,11,2022,14,59,CR-118 ORANGEPORT RD,4,Calle del Condado,Rural,Local,County Highway Agency,0,Sin jurisdiccion especial,99998,43.20651389,-78.59613056,Vehiculo en movimiento,Angulo,Four-Way Intersection,Interseccion de 4 direcciones,Sobre calle,Ninguna,Dia total,Despejado,No,NO APLICA,14,59,15,6,4,11/10/2022,5
36,New York,360849,0,0,2,0,67,ONONDAGA (67),3310,LIVERPOOL,10,Octubre,24,2022,19,56,CR-219 LEMOYNE AVE,4,Calle del Condado,Urbano,Arteria Menor,County Highway Agency,0,Sin jurisdiccion especial,99998,43.08978333,-76.14520278,Vehiculo en movimiento,Angulo,Four-Way Intersection,Interseccion de 4 direcciones,Sobre calle,Ninguna,Oscuro con iluminacion,Despejado,No,NO APLICA,19,56,19,58,1,24/10/2022,5
36,New York,360850,1,1,1,0,103,SUFFOLK (103),5810,SOUTHAMPTON,7,Julio,19,2022,22,36,CR-80 W MONTAUK HWY,4,Calle del Condado,Urbano,Arteria Menor,County Highway Agency,0,Sin jurisdiccion especial,99998,40.87638889,-72.53299444,Peaton,El primer evento no fue una colision con un vehiculo automotor en transporte,Not an Intersection,No fue interseccion,Sobre calle,Ninguna,Oscuro con iluminacion,Despejado,No,NO APLICA,99,99,99,99,1,19/07/2022,1
36,New York,360851,0,0,1,0,49,LEWIS (49),1410,CROGHAN,11,Noviembre,3,2022,16,51,LONG POND RD,5,Calle Local - Pueblo,Rural,Local,Town or Township Highway Agency,0,Sin jurisdiccion especial,99998,43.946325,-75.29390556,Arbol,El primer evento no fue una colision con un vehiculo automotor en transporte,Not an Intersection,No fue interseccion,Sobre el lado de la calle,Ninguna,Dia total,Despejado,No,NO APLICA,16,54,17,11,1,03/11/2022,1
36,New York,360852,0,0,1,0,55,MONROE (55),1730,EAST ROCHESTER,11,Noviembre,5,2022,0,7,BLUFF DR,5,Calle Local - Pueblo,Urbano,Colector Mayor,Town or Township Highway Agency,0,Sin jurisdiccion especial,99998,43.11855556,-77.47849444,Arbol,El primer evento no fue una colision con un vehiculo automotor en transporte,Not an Intersection,No fue interseccion,Fuera de la calle,Ninguna,Oscuro sin iluminacion,Nublado,No,NO APLICA,0,7,0,11,1,05/11/2022,1
36,New York,360853,0,0,2,0,59,NASSAU (59),4600,OYSTER BAY,11,Noviembre,5,2022,20,56,SR-908M,3,Highway estatal,Urbano,Arterial Principal -Freeway o ExpressWay,State Highway Agency,1,Sin jurisdiccion especial,99998,40.705025,-73.44265556,Vehiculo en movimiento,Golpe Lateral - misma direccion,Not an Intersection,No fue interseccion,Sobre calle,Ninguna,Oscuro con iluminacion,Nublado,No,NO APLICA,20,56,21,2,2,05/11/2022,4
36,New York,360854,0,0,2,0,59,NASSAU (59),4600,OYSTER BAY,11,Noviembre,6,2022,4,32,SR-27 SUNRISE HWY,3,Highway estatal,Urbano,Arteria Principal,State Highway Agency,1,Sin jurisdiccion especial,99998,40.67733889,-73.45498889,Vehiculo en movimiento,Frente a frente,Not an Intersection,No fue interseccion,Sobre calle,Ninguna,Oscuro con iluminacion,Despejado,No,NO APLICA,4,32,4,35,1,06/11/2022,4
36,New York,360855,0,0,1,0,83,RENSSELAER (83),2780,HOOSICK FALLS,11,Noviembre,7,2022,16,36,SR-22 HIGH ST,3,Highway estatal,Rural,Arteria Menor,State Highway Agency,0,Sin jurisdiccion especial,99998,42.90947222,-73.35113611,Banqueta,El primer evento no fue una colision con un vehiculo automotor en transporte,Not an Intersection,No fue interseccion,Sobre el lado de la calle,Ninguna,Dia total,Despejado,No,NO APLICA,16,36,16,40,1,07/11/2022,1
36,New York,360856,1,1,2,0,47,KINGS (47),4170,NEW YORK CITY,11,Noviembre,9,2022,21,13,SR-27 CATON AVE,3,Highway estatal,Urbano,Arteria Principal,State Highway Agency,1,Sin jurisdiccion especial,99998,40.64840833,-73.97135833,Peaton,El primer evento no fue una colision con un vehiculo automotor en transporte,Four-Way Intersection,Interseccion de 4 direcciones,Sobre calle,Ninguna,Oscuro con iluminacion,Despejado,No,NO APLICA,99,99,99,99,1,09/11/2022,2
36,New York,360857,0,0,1,0,59,NASSAU (59),2240,GARDEN CITY,11,Noviembre,11,2022,4,31,CR-5A FRANKLIN AVE,4,Calle del Condado,Urbano,Arteria Menor,County Highway Agency,0,Sin jurisdiccion especial,99998,40.72158333,-73.63247778,Banqueta,El primer evento no fue una colision con un vehiculo automotor en transporte,Not an Intersection,No fue interseccion,Sobre el lado de la calle,Ninguna,Oscuro con iluminacion,Despejado,No,NO APLICA,4,31,4,35,1,11/11/2022,1
36,New York,360858,0,0,1,0,103,SUFFOLK (103),2920,ISLIP,11,Noviembre,12,2022,0,41,SR-908M SOUTHERN STATE PKWY,3,Highway estatal,Urbano,Arterial Principal -Freeway o ExpressWay,State Highway Agency,1,Sin jurisdiccion especial,99998,40.74690556,-73.27519444,Arbol,El primer evento no fue una colision con un vehiculo automotor en transporte,Not an Intersection,No fue interseccion,Fuera de la calle,Ninguna,Oscuro con iluminacion,Nublado,No,NO APLICA,0,19,0,57,1,12/11/2022,1
36,New York,360860,0,0,1,0,103,SUFFOLK (103),5810,SOUTHAMPTON,11,Noviembre,12,2022,15,37,SR-27,3,Highway estatal,Urbano,Arteria Principal,State Highway Agency,1,Sin jurisdiccion especial,99998,99.9999,999.9999,Valla Ferrocarril,El primer evento no fue una colision con un vehiculo automotor en transporte,Not an Intersection,No fue interseccion,En el medio,Ninguna,Dia total,Despejado,No,NO APLICA,15,36,15,40,1,12/11/2022,1
36,New York,360861,0,0,1,0,87,ROCKLAND (87),4063,NEW CITY,11,Noviembre,6,2022,12,33,CR-80 CONGERS RD,4,Calle del Condado,Urbano,Arteria Principal,County Highway Agency,1,Sin jurisdiccion especial,99998,41.15541111,-73.97021667,Arbol,El primer evento no fue una colision con un vehiculo automotor en transporte,Not an Intersection,No fue interseccion,Sobre el lado de la calle,Ninguna,Dia total,lluvia,No,NO APLICA,12,34,12,38,1,06/11/2022,1
36,New York,360862,1,1,1,0,81,QUEENS (81),4170,MIDDLE VILLAGE,11,Noviembre,15,2022,21,14,32ND AVE,6,Calle Local Municipalidad,Urbano,Local,City or Municipal Highway Agency,0,Sin jurisdiccion especial,0,40.75739444,-73.88866389,Peaton,El primer evento no fue una colision con un vehiculo automotor en transporte,Four-Way Intersection,Interseccion de 4 direcciones,Sobre calle,Ninguna,Oscuro con iluminacion,lluvia,No,NO APLICA,21,14,99,99,1,15/11/2022,2
36,New York,360863,0,0,1,0,89,ST LAWRENCE (89),3580,MASSENA,9,Septiembre,24,2022,6,25,SR-812 INTERNATIONAL BRIDGE RD,3,Highway estatal,Urbano,Arteria Principal,Local Toll Authority,1,Sin jurisdiccion especial,99998,44.98519444,-74.73915,Otro objeto (fijo),El primer evento no fue una colision con un vehiculo automotor en transporte,Not an Intersection,No fue interseccion,Sobre el lado de la calle,Ninguna,Amanecer,Despejado,No,NO APLICA,6,28,6,30,1,24/09/2022,1
36,New York,360865,1,1,1,0,59,NASSAU (59),4600,OYSTER BAY,10,Octubre,30,2022,20,19,SR-24 HEMPSTEAD TPK,3,Highway estatal,Urbano,Arteria Principal,State Highway Agency,1,Sin jurisdiccion especial,99998,40.72965833,-73.46288889,Peaton,El primer evento no fue una colision con un vehiculo automotor en transporte,Not an Intersection,No fue interseccion,Sobre calle,Ninguna,Oscuro con iluminacion,Despejado,No,NO APLICA,20,16,20,16,1,30/10/2022,1
36,New York,360866,1,1,1,0,81,QUEENS (81),4170,MIDDLE VILLAGE,11,Noviembre,2,2022,5,37,FRANCIS LEWIS BLVD,6,Calle Local Municipalidad,Urbano,Arteria Principal,City or Municipal Highway Agency,1,Sin jurisdiccion especial,99998,40.72116667,-73.75931667,Peaton,El primer evento no fue una colision con un vehiculo automotor en transporte,Four-Way Intersection,Interseccion de 4 direcciones,Sobre calle,Ninguna,Dia total,Despejado,No,NO APLICA,99,99,99,99,1,02/11/2022,1
36,New York,360867,1,1,1,0,47,KINGS (47),4170,NEW YORK CITY,11,Noviembre,7,2022,4,13,FORT HAMILTON PKWY,6,Calle Local Municipalidad,Urbano,Local,City or Municipal Highway Agency,0,Sin jurisdiccion especial,0,40.636025,-74.001275,Ciclista,El primer evento no fue una colision con un vehiculo automotor en transporte,Four-Way Intersection,Interseccion de 4 direcciones,Sobre calle,Ninguna,Oscuro con iluminacion,Nublado,No,NO APLICA,99,99,99,99,1,07/11/2022,1
36,New York,360868,0,0,3,0,27,DUTCHESS (27),4885,PLEASANT VALLEY,9,Septiembre,7,2022,5,47,US-44,2,US Highway,Rural,Arteria Principal,State Highway Agency,1,Sin jurisdiccion especial,99998,41.7585,-73.78535278,Vehiculo en movimiento,Frente a frente,Not an Intersection,No fue interseccion,Sobre calle,Ninguna,Amanecer,Nublado,No,NO APLICA,5,48,5,55,1,07/09/2022,3
36,New York,360869,1,1,2,1,81,QUEENS (81),4170,MIDDLE VILLAGE,11,Noviembre,9,2022,2,50,GRAND AVE,6,Calle Local Municipalidad,Urbano,Local,City or Municipal Highway Agency,0,Sin jurisdiccion especial,0,40.71891944,-73.91381111,Peaton,El primer evento no fue una colision con un vehiculo automotor en transporte,Not an Intersection,No fue interseccion,Sobre calle,Ninguna,Oscuro con iluminacion,Despejado,No,NO APLICA,2,50,99,99,1,09/11/2022,1
36,New York,360870,2,2,1,0,83,RENSSELAER (83),6110,TROY,9,Septiembre,14,2022,17,53,BURDETT AVE,6,Calle Local Municipalidad,Urbano,Colector Mayor,City or Municipal Highway Agency,0,Sin jurisdiccion especial,0,42.73239167,-73.67176944,No vehiculo o remolque,El primer evento no fue una colision con un vehiculo automotor en transporte,Four-Way Intersection,Interseccion de 4 direcciones,Sobre calle,Ninguna,Dia total,Despejado,No,NO APLICA,17,53,18,2,1,14/09/2022,1