Estado,Nombre de Estado,Numero de Caso,Peatones,Personas _no_vehiculos,Vehiculos automotores,Vehiculos estacionados,Condado,Nombre Condado,Ciudad,Nombre Ciudad,Mes,Nombre Mes,Dia,Año,Hora,Minuto,Calle,Ruta,Nombre Ruta,Rural o Urbanoo,Sistema Funcional,Dueño Calle,Sistema Nacional Carreteras,Jurisdiccion Especial,Milla,Latitud,Longitud,Causa del Accidente,Tipo de Accidente,Tipo Interseccion,Columna1,Lugar en la calle,Zona de Trabajo,Luz,Clima,Autobus Escolar,Cruce de Trenes,Hora Notificacion,Minuto Notificacion,Hora Llegada,Minuto Llegada,Decesos,Fecha,PersonaVehiculo
36,New York,360871,0,0,2,0,29,ERIE (29),1117,CHEEKTOWAGA,10,Octubre,10,2022,15,4,SR-240 HARLEM RD,3,Highway estatal,Urbano,Arteria Menor,State Highway Agency,0,Sin jurisdiccion especial,99998,42.9288,-78.78416111,Vehiculo en movimiento,Frente a frente,Not an Intersection,No fue interseccion,Sobre calle,Ninguna,Dia total,Despejado,No,NO APLICA,15,15,15,18,1,10/10/2022,4
36,New York,360872,1,1,2,0,105,SULLIVAN (105),3850,MONTICELLO,9,Septiembre,30,2022,9,47,CR-107,4,Calle del Condado,Urbano,Arteria Menor,County Highway Agency,0,Sin jurisdiccion especial,99998,41.67490556,-74.69526667,Vehiculo en movimiento,Frente a Detrás,Not an Intersection,No fue interseccion,Sobre calle,Ninguna,Dia total,Despejado,No,NO APLICA,9,49,9,52,1,30/09/2022,3
36,New York,360873,1,1,1,0,5,BRONX (5),4170,NEW YORK CITY,11,Noviembre,12,2022,11,15,GRAND CONCOURSE,6,Calle Local Municipalidad,Urbano,Arteria Principal,City or Municipal Highway Agency,1,Sin jurisdiccion especial,99998,40.81864167,-73.927375,No vehiculo o remolque,El primer evento no fue una colision con un vehiculo automotor en transporte,Four-Way Intersection,Interseccion de 4 direcciones,Sobre calle,Ninguna,Dia total,Despejado,No,NO APLICA,99,99,99,99,1,12/11/2022,3
36,New York,360874,1,1,1,0,1,ALBANY (1),1290,COLONIE,8,Agosto,22,2022,20,34,SR-5 CENTRAL AVE,3,Highway estatal,Urbano,Arteria Principal,State Highway Agency,1,Sin jurisdiccion especial,99998,42.68954722,-73.80075556,Peaton,El primer evento no fue una colision con un vehiculo automotor en transporte,Not an Intersection,No fue interseccion,Sobre calle,Ninguna,Oscuro con iluminacion,Nublado,No,NO APLICA,20,36,20,42,1,22/08/2022,1
36,New York,360875,0,0,1,0,111,ULSTER (111),2242,GARDINER,9,Septiembre,23,2022,22,40,CR-129 SAND HILL RD,4,Calle del Condado,Rural,Local,County Highway Agency,0,Sin jurisdiccion especial,99998,41.65370556,-74.16558056,Acotamiento,El primer evento no fue una colision con un vehiculo automotor en transporte,Not an Intersection,No fue interseccion,Fuera de la calle,Ninguna,Oscuro sin iluminacion,Nublado,No,NO APLICA,22,47,22,49,1,23/09/2022,1
36,New York,360876,0,0,1,0,71,ORANGE (71),6410,WARWICK,9,Septiembre,28,2022,15,19,SR-17A,3,Highway estatal,Rural,Arteria Menor,State Highway Agency,0,Sin jurisdiccion especial,99998,41.24442222,-74.25076111,Zanja,El primer evento no fue una colision con un vehiculo automotor en transporte,Not an Intersection,No fue interseccion,Sobre el lado de la calle,Ninguna,Dia total,Despejado,No,NO APLICA,15,20,15,30,1,28/09/2022,1
36,New York,360877,0,0,2,0,81,QUEENS (81),4170,MIDDLE VILLAGE,10,Octubre,10,2022,13,14,40TH AVE,6,Calle Local Municipalidad,Urbano,Colector Mayor,City or Municipal Highway Agency,0,Sin jurisdiccion especial,99998,40.75602778,-73.94285,Vehiculo en movimiento,Angulo,Four-Way Intersection,Interseccion de 4 direcciones,Sobre calle,Ninguna,Dia total,Despejado,No,NO APLICA,99,99,99,99,1,10/10/2022,3
36,New York,360878,1,1,1,0,87,ROCKLAND (87),5930,SPRING VALLEY,10,Octubre,31,2022,22,25,SR-59,3,Highway estatal,Urbano,Arteria Principal,State Highway Agency,1,Sin jurisdiccion especial,99998,41.10811389,-74.06146667,Peaton,El primer evento no fue una colision con un vehiculo automotor en transporte,T-Intersection,Interseccion de T,Sobre calle,Ninguna,Oscuro con iluminacion,Despejado,No,NO APLICA,99,99,99,99,1,31/10/2022,1
36,New York,360879,0,0,2,0,21,COLUMBIA (21),6023,TAGHKANIC,11,Noviembre,2,2022,15,58,SR-987G TACONIC STATE PKWY,3,Highway estatal,Rural,Arterial Principal -Freeway o ExpressWay,State Highway Agency,1,Sin jurisdiccion especial,99998,42.13677222,-73.69611389,Vehiculo en movimiento,Angulo,Four-Way Intersection,Interseccion de 4 direcciones,Sobre calle,Ninguna,Dia total,Despejado,No,NO APLICA,99,99,99,99,1,02/11/2022,5
36,New York,360880,0,0,2,0,45,JEFFERSON (45),90,ALEXANDRIA BAY,11,Noviembre,2,2022,14,49,SR-26,3,Highway estatal,Rural,Colector Mayor,State Highway Agency,0,Sin jurisdiccion especial,99998,44.30754722,-75.87633056,Vehiculo en movimiento,Angulo,Four-Way Intersection,Interseccion de 4 direcciones,Sobre calle,Ninguna,Dia total,Despejado,No,NO APLICA,15,0,15,3,1,02/11/2022,2
36,New York,360881,0,0,1,0,37,GENESEE (37),410,BATAVIA,11,Noviembre,4,2022,11,57,SR-33,3,Highway estatal,Urbano,Arteria Menor,State Highway Agency,0,Sin jurisdiccion especial,99998,42.99863333,-78.19224167,Banqueta,El primer evento no fue una colision con un vehiculo automotor en transporte,Roundabout,Glorieta,Sobre el lado de la calle,Ninguna,Dia total,Despejado,No,NO APLICA,11,57,12,0,1,04/11/2022,2
36,New York,360882,0,0,1,0,27,DUTCHESS (27),1221,CLINTON CORNERS,11,Noviembre,8,2022,18,3,CR-19 SLATE QUARRY RD,4,Calle del Condado,Rural,Colector Mayor,County Highway Agency,0,Sin jurisdiccion especial,99998,41.91151667,-73.81675833,Poste,El primer evento no fue una colision con un vehiculo automotor en transporte,Not an Intersection,No fue interseccion,Sobre el lado de la calle,Ninguna,Oscuro sin iluminacion,Despejado,No,NO APLICA,18,6,18,21,1,08/11/2022,1
36,New York,360883,0,0,2,1,29,ERIE (29),1170,CLARENCE,11,Noviembre,10,2022,10,11,CR-560 SALT RD,4,Calle del Condado,Rural,Colector Menor,County Highway Agency,0,Sin jurisdiccion especial,99998,43.04240556,-78.60279722,Arbol,El primer evento no fue una colision con un vehiculo automotor en transporte,T-Intersection,Interseccion de T,Fuera de la calle,Ninguna,Dia total,Despejado,No,NO APLICA,10,12,10,19,1,10/11/2022,1
36,New York,360884,0,0,2,0,91,SARATOGA (91),2484,HALFMOON,11,Noviembre,15,2022,9,30,SR-146,3,Highway estatal,Urbano,Arteria Principal,State Highway Agency,1,Sin jurisdiccion especial,99998,42.88533611,-73.70103611,Vehiculo en movimiento,Angulo,T-Intersection,Interseccion de T,Sobre calle,Ninguna,Dia total,Nublado,No,NO APLICA,9,30,9,37,1,15/11/2022,2
36,New York,360885,1,1,1,0,75,OSWEGO (75),6319,VOLNEY,10,Octubre,30,2022,20,52,SR-3,3,Highway estatal,Urbano,Arteria Menor,State Highway Agency,0,Sin jurisdiccion especial,99998,43.33473333,-76.38657778,Peaton,El primer evento no fue una colision con un vehiculo automotor en transporte,Not an Intersection,No fue interseccion,Sobre calle,Ninguna,Oscuro sin iluminacion,Despejado,No,NO APLICA,20,52,20,57,1,30/10/2022,1
36,New York,360886,0,0,2,0,65,ONEIDA (65),6275,VERONA,11,Noviembre,9,2022,17,24,SR-31,3,Highway estatal,Rural,Arteria Menor,State Highway Agency,0,Sin jurisdiccion especial,99998,43.13503611,-75.5954,Vehiculo en movimiento,Angulo,T-Intersection,Interseccion de T,Sobre calle,Ninguna,Atardecer,Despejado,No,NO APLICA,17,26,17,35,1,09/11/2022,4
36,New York,360887,1,1,1,0,81,QUEENS (81),4170,MIDDLE VILLAGE,11,Noviembre,14,2022,14,56,SR-25 NORTHERN BLVD,3,Highway estatal,Urbano,Arteria Principal,State Highway Agency,1,Sin jurisdiccion especial,99998,40.76338056,-73.80735556,Peaton,El primer evento no fue una colision con un vehiculo automotor en transporte,Four-Way Intersection,Interseccion de 4 direcciones,Sobre calle,Ninguna,Dia total,Despejado,No,NO APLICA,99,99,99,99,1,14/11/2022,2
36,New York,360888,1,1,1,0,55,MONROE (55),652,BRIGHTON,11,Noviembre,17,2022,18,55,CR-98 S WINTON RD,4,Calle del Condado,Urbano,Arteria Principal,County Highway Agency,1,Sin jurisdiccion especial,99998,43.10362778,-77.57808333,Peaton,El primer evento no fue una colision con un vehiculo automotor en transporte,Not an Intersection,No fue interseccion,Sobre calle,Ninguna,Oscuro con iluminacion,Despejado,No,NO APLICA,18,57,19,0,1,17/11/2022,1
36,New York,360889,0,0,2,0,21,COLUMBIA (21),2269,GHENT,11,Noviembre,18,2022,18,32,SR-9H,3,Highway estatal,Urbano,Arteria Principal,State Highway Agency,1,Sin jurisdiccion especial,99998,42.29894167,-73.71185556,Vehiculo en movimiento,Frente a frente,Not an Intersection,No fue interseccion,Sobre calle,Ninguna,Oscuro sin iluminacion,Nublado,No,NO APLICA,18,32,18,32,2,18/11/2022,4
36,New York,360890,1,1,2,0,55,MONROE (55),5230,ROCHESTER,10,Octubre,26,2022,19,48,NORTH ST,6,Calle Local Municipalidad,Urbano,Arteria Menor,City or Municipal Highway Agency,0,Sin jurisdiccion especial,99998,43.18183333,-77.59550833,Ciclista,El primer evento no fue una colision con un vehiculo automotor en transporte,Not an Intersection,No fue interseccion,Sobre calle,Ninguna,Oscuro con iluminacion,Nublado,No,NO APLICA,19,48,19,52,1,26/10/2022,5
36,New York,360891,0,0,1,0,17,CHENANGO (17),4050,NEW BERLIN,10,Octubre,29,2022,12,58,CR-29,4,Calle del Condado,Rural,Colector Menor,County Highway Agency,0,Sin jurisdiccion especial,99998,42.62631389,-75.36198611,Acotamiento,El primer evento no fue una colision con un vehiculo automotor en transporte,Not an Intersection,No fue interseccion,Sobre el lado de la calle,Ninguna,Dia total,Nublado,No,NO APLICA,13,4,14,0,1,29/10/2022,1
36,New York,360892,0,0,2,0,105,SULLIVAN (105),3995,NARROWSBURG,10,Octubre,31,2022,8,10,SR-52 BRIDGE ST,3,Highway estatal,Rural,Arteria Menor,State Highway Agency,0,Sin jurisdiccion especial,99998,41.608725,-75.06037778,Vehiculo en movimiento,Frente a Detrás,Not an Intersection,No fue interseccion,Sobre calle,Ninguna,Dia total,Despejado,No,NO APLICA,8,10,8,10,1,31/10/2022,1
36,New York,360893,1,1,1,0,67,ONONDAGA (67),6010,SYRACUSE,11,Noviembre,6,2022,1,3,US-11 S SALINA ST,2,US Highway,Urbano,Arteria Principal,City or Municipal Highway Agency,1,Sin jurisdiccion especial,99998,43.01685556,-76.14121667,Peaton,El primer evento no fue una colision con un vehiculo automotor en transporte,T-Intersection,Interseccion de T,Sobre calle,Ninguna,Oscuro con iluminacion,Despejado,No,NO APLICA,1,3,1,10,1,06/11/2022,4
36,New York,360894,0,0,3,0,45,JEFFERSON (45),6050,THERESA,11,Noviembre,17,2022,18,14,SR-26/37,3,Highway estatal,Rural,Arteria Principal,State Highway Agency,1,Sin jurisdiccion especial,99998,44.22235833,-75.82163611,Vehiculo en movimiento,Frente a Detrás,Not an Intersection,No fue interseccion,Sobre calle,Ninguna,Oscuro sin iluminacion,Nublado,No,NO APLICA,18,15,18,21,1,17/11/2022,3
36,New York,360895,0,0,3,0,65,ONEIDA (65),4080,NEW HARTFORD,11,Noviembre,18,2022,17,45,SR-5 SENECA TPKE,3,Highway estatal,Urbano,Arteria Principal,State Highway Agency,1,Sin jurisdiccion especial,99998,43.08308889,-75.35846389,Vehiculo en movimiento,Frente a frente,Not an Intersection,No fue interseccion,Sobre calle,Ninguna,Oscuro con iluminacion,Despejado,No,NO APLICA,5,46,5,51,1,18/11/2022,4
36,New York,360896,1,1,2,0,103,SUFFOLK (103),2840,HUNTINGTON,11,Noviembre,19,2022,20,46,SR-25 E JERICHO TPKE,3,Highway estatal,Urbano,Arteria Principal,State Highway Agency,1,Sin jurisdiccion especial,99998,40.83458056,-73.38224167,Peaton,El primer evento no fue una colision con un vehiculo automotor en transporte,Not an Intersection,No fue interseccion,Sobre calle,Ninguna,Oscuro con iluminacion,Despejado,No,NO APLICA,99,99,99,99,1,19/11/2022,4
36,New York,360897,0,0,1,0,119,WESTCHESTER (119),6820,YONKERS,11,Noviembre,20,2022,13,14,SR-907K CROSS COUNTY PKWY,3,Highway estatal,Urbano,Arterial Principal -Freeway o ExpressWay,State Highway Agency,1,Sin jurisdiccion especial,99998,40.93246111,-73.86125,Soporte de Puente,El primer evento no fue una colision con un vehiculo automotor en transporte,Not an Intersection,No fue interseccion,Sobre el lado de la calle,Ninguna,Dia total,Despejado,No,NO APLICA,13,14,13,25,1,20/11/2022,2
36,New York,360898,0,0,1,0,117,WAYNE (117),6760,WOLCOTT,11,Noviembre,21,2022,17,21,CR-266 WESTBURY RD,4,Calle del Condado,Rural,Local,County Highway Agency,0,Sin jurisdiccion especial,99998,43.19547222,-76.70970556,Otro objeto (no fijo),El primer evento no fue una colision con un vehiculo automotor en transporte,Not an Intersection,No fue interseccion,Fuera de la calle,Ninguna,Oscuro sin iluminacion,Nublado,No,NO APLICA,17,27,17,40,1,21/11/2022,1
36,New York,360899,1,1,1,0,81,QUEENS (81),4170,MIDDLE VILLAGE,11,Noviembre,24,2022,11,37,VAN WYCK EXPRESSWAY SERVICE RD,6,Calle Local Municipalidad,Urbano,Arteria Menor,City or Municipal Highway Agency,0,Sin jurisdiccion especial,99998,40.69176111,-73.81094444,Ciclista,El primer evento no fue una colision con un vehiculo automotor en transporte,Four-Way Intersection,Interseccion de 4 direcciones,Sobre calle,Ninguna,Dia total,Despejado,No,NO APLICA,99,99,99,99,1,24/11/2022,1
36,New York,360900,1,1,1,0,81,QUEENS (81),4170,MIDDLE VILLAGE,11,Noviembre,25,2022,18,51,SEAGIRT BLVD,6,Calle Local Municipalidad,Urbano,Arteria Principal,City or Municipal Highway Agency,1,Sin jurisdiccion especial,99998,40.59586389,-73.76374722,Peaton,El primer evento no fue una colision con un vehiculo automotor en transporte,T-Intersection,Interseccion de T,Sobre calle,Ninguna,Oscuro con iluminacion,Despejado,No,NO APLICA,99,99,99,99,1,25/11/2022,1
36,New York,360901,0,0,1,0,93,SCHENECTADY (93),1592,DUANESBURG,11,Noviembre,26,2022,14,59,CR-94 BATTER ST,4,Calle del Condado,Rural,Local,County Highway Agency,0,Sin jurisdiccion especial,99998,42.81933611,-74.16736667,Zanja,El primer evento no fue una colision con un vehiculo automotor en transporte,Not an Intersection,No fue interseccion,Sobre el lado de la calle,Ninguna,Dia total,Despejado,No,NO APLICA,15,3,15,9,1,26/11/2022,2
36,New York,360902,0,0,1,0,61,NEW YORK (61),4170,NEW YORK,11,Noviembre,28,2022,1,45,MANHATTAN BRIDGE,6,Calle Local Municipalidad,Urbano,Arteria Principal,City or Municipal Highway Agency,1,Sin jurisdiccion especial,99998,40.71618333,-73.99573333,Banqueta,El primer evento no fue una colision con un vehiculo automotor en transporte,Not an Intersection,No fue interseccion,Sobre el lado de la calle,Ninguna,Oscuro con iluminacion,Despejado,No,NO APLICA,99,99,99,99,1,28/11/2022,1
36,New York,360903,0,0,1,0,29,ERIE (29),750,BUFFALO,10,Octubre,20,2022,18,41,WILLIAM ST,6,Calle Local Municipalidad,Urbano,Local,City or Municipal Highway Agency,0,Sin jurisdiccion especial,0,42.88490833,-78.80035,Valla para choques,El primer evento no fue una colision con un vehiculo automotor en transporte,Not an Intersection,No fue interseccion,En el medio,Ninguna,Oscuro con iluminacion,Despejado,No,NO APLICA,18,43,99,99,1,20/10/2022,1
36,New York,360905,1,1,1,0,117,WAYNE (117),3430,MACEDON,11,Noviembre,18,2022,19,28,SR-31 W MAIN ST,3,Highway estatal,Urbano,Arteria Principal,State Highway Agency,1,Sin jurisdiccion especial,99998,43.06774722,-77.30322778,Peaton,El primer evento no fue una colision con un vehiculo automotor en transporte,Four-Way Intersection,Interseccion de 4 direcciones,Sobre calle,Ninguna,Oscuro con iluminacion,Nublado,No,NO APLICA,19,28,19,47,1,18/11/2022,2
36,New York,360906,0,0,3,0,59,NASSAU (59),3380,LYNBROOK,11,Noviembre,29,2022,0,4,CR-D74 OCEAN AVE,4,Calle del Condado,Urbano,Arteria Menor,County Highway Agency,0,Sin jurisdiccion especial,99998,40.66235278,-73.65870556,Vehiculo en movimiento,Angulo,Four-Way Intersection,Interseccion de 4 direcciones,Sobre calle,Ninguna,Oscuro con iluminacion,Despejado,No,NO APLICA,0,4,0,8,1,29/11/2022,4
36,New York,360907,1,1,1,0,61,NEW YORK (61),4170,NEW YORK,11,Noviembre,27,2022,5,48,COOPER SQUARE,6,Calle Local Municipalidad,Urbano,Arteria Principal,City or Municipal Highway Agency,1,Sin jurisdiccion especial,0,40.72950278,-73.98991111,Peaton,El primer evento no fue una colision con un vehiculo automotor en transporte,Four-Way Intersection,Interseccion de 4 direcciones,Sobre calle,Ninguna,Oscuro con iluminacion,Despejado,No,NO APLICA,5,48,6,8,1,27/11/2022,1
36,New York,360908,0,0,1,0,15,CHEMUNG (15),2800,HORSEHEADS,11,Noviembre,7,2022,17,2,I-86,1,Interestatal,Urbano,Interestatal,State Highway Agency,1,Sin jurisdiccion especial,99998,42.15085278,-76.80687778,Arbol,El primer evento no fue una colision con un vehiculo automotor en transporte,Not an Intersection,No fue interseccion,Sobre el lado de la calle,Ninguna,Atardecer,Nublado,No,NO APLICA,17,2,99,99,2,07/11/2022,2
36,New York,360909,0,0,1,0,89,ST LAWRENCE (89),1993,FINE,11,Noviembre,18,2022,20,0,BLUE MOUNTAIN RD,5,Calle Local - Pueblo,Rural,Local,Town or Township Highway Agency,0,Sin jurisdiccion especial,99998,44.22054167,-75.10228333,Nieve,El primer evento no fue una colision con un vehiculo automotor en transporte,Not an Intersection,No fue interseccion,Sobre el lado de la calle,Ninguna,Oscuro sin iluminacion,Nieve,No,NO APLICA,9,40,9,50,1,18/11/2022,1
36,New York,360910,0,0,3,0,5,BRONX (5),4170,NEW YORK CITY,11,Noviembre,29,2022,0,37,I-95,1,Interestatal,Urbano,Interestatal,State Highway Agency,1,Sin jurisdiccion especial,99998,40.84491667,-73.92223889,Vehiculo en movimiento,Frente a Detrás,Not an Intersection,No fue interseccion,Sobre calle,Ninguna,Oscuro con iluminacion,Despejado,No,NO APLICA,99,99,99,99,1,29/11/2022,3
36,New York,360911,0,0,1,0,115,WASHINGTON (115),5420,SALEM,6,Junio,28,2022,7,31,CR-30,4,Calle del Condado,Rural,Local,Town or Township Highway Agency,0,Sin jurisdiccion especial,99998,43.21476111,-73.37414722,Zanja,El primer evento no fue una colision con un vehiculo automotor en transporte,Not an Intersection,No fue interseccion,Sobre el lado de la calle,Ninguna,Dia total,Despejado,No,NO APLICA,7,31,7,41,1,28/06/2022,1
36,New York,360912,0,0,1,0,7,BROOME (7),6277,VESTAL,11,Noviembre,24,2022,1,17,CLAYTON AVE,5,Calle Local - Pueblo,Urbano,Local,Town or Township Highway Agency,0,Sin jurisdiccion especial,0,42.08266944,-76.04894167,Barda,El primer evento no fue una colision con un vehiculo automotor en transporte,Not an Intersection,No fue interseccion,Sobre el lado de la calle,Ninguna,Oscuro con iluminacion,Despejado,No,NO APLICA,1,17,1,24,1,24/11/2022,4
36,New York,360913,0,0,1,0,81,QUEENS (81),4170,MIDDLE VILLAGE,12,Diciembre,1,2022,0,20,I-495 LONG ISLAND EXPY,1,Interestatal,Urbano,Interestatal,State Highway Agency,1,Sin jurisdiccion especial,99998,40.74295,-73.83949444,Valla Ferrocarril,El primer evento no fue una colision con un vehiculo automotor en transporte,Not an Intersection,No fue interseccion,Sobre el lado de la calle,Ninguna,Oscuro con iluminacion,Despejado,No,NO APLICA,99,99,99,99,1,01/12/2022,3
36,New York,360914,1,1,1,0,61,NEW YORK (61),4170,NEW YORK,8,Agosto,8,2022,17,40,DYER AVE,6,Calle Local Municipalidad,Urbano,Local,City or Municipal Highway Agency,0,Sin jurisdiccion especial,0,40.75770833,-73.99471667,Peaton,El primer evento no fue una colision con un vehiculo automotor en transporte,Four-Way Intersection,Interseccion de 4 direcciones,Sobre calle,Ninguna,Dia total,Despejado,No,NO APLICA,99,99,99,99,1,08/08/2022,1
36,New York,360915,1,1,1,0,15,CHEMUNG (15),2800,HORSEHEADS,11,Noviembre,11,2022,17,8,SR-14 CORNING RD,3,Highway estatal,Urbano,Arteria Principal,State Highway Agency,1,Sin jurisdiccion especial,99998,42.14088611,-76.82883889,Peaton,El primer evento no fue una colision con un vehiculo automotor en transporte,Not an Intersection,No fue interseccion,Sobre calle,Ninguna,Dia total,lluvia,No,NO APLICA,17,8,99,99,1,11/11/2022,2
36,New York,360916,1,1,1,0,5,BRONX (5),4170,NEW YORK CITY,11,Noviembre,11,2022,17,20,RHINELANDER AVE,6,Calle Local Municipalidad,Urbano,Local,City or Municipal Highway Agency,0,Sin jurisdiccion especial,0,40.84981389,-73.85849722,Peaton,El primer evento no fue una colision con un vehiculo automotor en transporte,Four-Way Intersection,Interseccion de 4 direcciones,Sobre calle,Ninguna,Oscuro con iluminacion,lluvia,No,NO APLICA,99,99,99,99,1,11/11/2022,1
36,New York,360917,1,1,1,0,83,RENSSELAER (83),940,CASTLETON ON HUDSON,11,Noviembre,13,2022,18,56,US-9 COLUMBIA TPK,2,US Highway,Urbano,Arteria Principal,State Highway Agency,1,Sin jurisdiccion especial,99998,42.54945833,-73.672,Peaton,El primer evento no fue una colision con un vehiculo automotor en transporte,Not an Intersection,No fue interseccion,Sobre calle,Ninguna,Oscuro sin iluminacion,Despejado,No,NO APLICA,18,57,19,13,1,13/11/2022,1
36,New York,360918,1,1,1,0,55,MONROE (55),5230,ROCHESTER,11,Noviembre,17,2022,6,43,FISHER ST,6,Calle Local Municipalidad,Urbano,Local,City or Municipal Highway Agency,0,Sin jurisdiccion especial,0,43.18036944,-77.66969722,Peaton,El primer evento no fue una colision con un vehiculo automotor en transporte,Not an Intersection,No fue interseccion,Sobre calle,Ninguna,Amanecer,Despejado,Yes,NO APLICA,6,43,6,48,1,17/11/2022,1
36,New York,360919,0,0,3,0,85,RICHMOND (85),4170,NEW YORK CITY,8,Agosto,4,2022,19,54,I-278,1,Interestatal,Urbano,Interestatal,State Highway Agency,1,Sin jurisdiccion especial,99998,40.62506389,-74.17803611,Vehiculo en movimiento,Frente a frente,Not an Intersection,No fue interseccion,Sobre calle,Ninguna,Dia total,Despejado,No,NO APLICA,99,99,99,99,1,04/08/2022,3
36,New York,360920,1,1,1,0,85,RICHMOND (85),4170,NEW YORK CITY,11,Noviembre,21,2022,15,0,FOREST AVE,6,Calle Local Municipalidad,Urbano,Local,City or Municipal Highway Agency,0,Sin jurisdiccion especial,0,40.62728333,-74.16664444,Peaton,El primer evento no fue una colision con un vehiculo automotor en transporte,Four-Way Intersection,Interseccion de 4 direcciones,Sobre calle,Ninguna,Dia total,Despejado,No,NO APLICA,99,99,99,99,1,21/11/2022,2
36,New York,360921,1,1,2,1,61,NEW YORK (61),4170,NEW YORK,12,Diciembre,4,2022,1,30,W 24TH ST,6,Calle Local Municipalidad,Urbano,Local,City or Municipal Highway Agency,0,Sin jurisdiccion especial,0,40.745525,-73.99691667,Ciclista,El primer evento no fue una colision con un vehiculo automotor en transporte,Not an Intersection,No fue interseccion,Sobre calle,Ninguna,Oscuro con iluminacion,Despejado,No,NO APLICA,99,99,99,99,1,04/12/2022,2
36,New York,360922,1,1,1,0,29,ERIE (29),750,BUFFALO,11,Noviembre,6,2022,2,55,ELMWOOD AVE,6,Calle Local Municipalidad,Urbano,Arteria Menor,City or Municipal Highway Agency,0,Sin jurisdiccion especial,99998,42.92041111,-78.87698611,Peaton,El primer evento no fue una colision con un vehiculo automotor en transporte,Four-Way Intersection,Interseccion de 4 direcciones,Sobre calle,Ninguna,Oscuro - iluminacion desconocida,lluvia,No,NO APLICA,3,0,3,1,1,06/11/2022,1
36,New York,360923,1,1,1,0,109,TOMPKINS (109),2940,ITHACA,11,Noviembre,7,2022,22,43,SR-13A FLORAL AVE,3,Highway estatal,Urbano,Arteria Menor,City or Municipal Highway Agency,0,Sin jurisdiccion especial,99998,42.43565278,-76.51865,Ciclista,El primer evento no fue una colision con un vehiculo automotor en transporte,Not an Intersection,No fue interseccion,Sobre calle,Ninguna,Oscuro con iluminacion,Despejado,No,NO APLICA,99,99,99,99,1,07/11/2022,3
36,New York,360924,1,1,1,0,47,KINGS (47),4170,NEW YORK CITY,12,Diciembre,5,2022,23,54,BEDFORD AVE,6,Calle Local Municipalidad,Urbano,Local,City or Municipal Highway Agency,0,Sin jurisdiccion especial,0,40.68095833,-73.95347778,Peaton,El primer evento no fue una colision con un vehiculo automotor en transporte,Not an Intersection,No fue interseccion,Sobre calle,Ninguna,Oscuro con iluminacion,Despejado,No,NO APLICA,99,99,99,99,1,05/12/2022,1
36,New York,360926,1,1,1,0,61,NEW YORK (61),4170,NEW YORK,12,Diciembre,5,2022,8,31,WHITE ST,5,Calle Local - Pueblo,Urbano,Local,City or Municipal Highway Agency,0,Sin jurisdiccion especial,0,40.71724444,-74.00158056,Peaton,El primer evento no fue una colision con un vehiculo automotor en transporte,Four-Way Intersection,Interseccion de 4 direcciones,Sobre calle,Ninguna,Dia total,Despejado,No,NO APLICA,8,31,99,99,1,05/12/2022,2
36,New York,360927,0,0,2,0,1,ALBANY (1),50,ALBANY,8,Agosto,26,2022,14,54,I-87,1,Interestatal,Urbano,Interestatal,State Highway Agency,1,Sin jurisdiccion especial,99998,99.9999,999.9999,Vehiculo en movimiento,Frente a Detrás,Not an Intersection,No fue interseccion,Sobre calle,Ninguna,Dia total,Nublado,No,NO APLICA,14,54,15,4,1,26/08/2022,2
36,New York,360928,0,0,1,0,97,SCHUYLER (97),6480,WATKINS GLEN,11,Noviembre,24,2022,7,21,SR-414,3,Highway estatal,Rural,Arteria Menor,State Highway Agency,0,Sin jurisdiccion especial,99998,42.36090833,-76.86776944,Poste de Señal de trafico,El primer evento no fue una colision con un vehiculo automotor en transporte,Not an Intersection,No fue interseccion,Sobre el lado de la calle,Ninguna,Dia total,Despejado,No,NO APLICA,7,22,7,27,1,24/11/2022,1
36,New York,360929,0,0,2,0,29,ERIE (29),750,BUFFALO,10,Octubre,3,2022,13,50,SR-16 SENECA ST,3,Highway estatal,Urbano,Arteria Principal,State Highway Agency,1,Sin jurisdiccion especial,99998,42.86426111,-78.82154167,Vehiculo en movimiento,Frente a frente,Not an Intersection,No fue interseccion,Sobre calle,Ninguna,Dia total,Despejado,No,NO APLICA,13,51,13,54,1,03/10/2022,3
36,New York,360930,0,0,5,3,1,ALBANY (1),50,ALBANY,11,Noviembre,25,2022,22,13,ONTARIO ST,6,Calle Local Municipalidad,Urbano,Colector Mayor,City or Municipal Highway Agency,0,Sin jurisdiccion especial,99998,42.666575,-73.77568889,Vehiculo en movimiento,Angulo,Four-Way Intersection,Interseccion de 4 direcciones,Sobre calle,Ninguna,Oscuro con iluminacion,Despejado,No,NO APLICA,22,13,22,13,1,25/11/2022,4