Estado,Nombre de Estado,Numero de Caso,Peatones,Personas _no_vehiculos,Vehiculos automotores,Vehiculos estacionados,Condado,Nombre Condado,Ciudad,Nombre Ciudad,Mes,Nombre Mes,Dia,Año,Hora,Minuto,Calle,Ruta,Nombre Ruta,Rural o Urbanoo,Sistema Funcional,Dueño Calle,Sistema Nacional Carreteras,Jurisdiccion Especial,Milla,Latitud,Longitud,Causa del Accidente,Tipo de Accidente,Tipo Interseccion,Columna1,Lugar en la calle,Zona de Trabajo,Luz,Clima,Autobus Escolar,Cruce de Trenes,Hora Notificacion,Minuto Notificacion,Hora Llegada,Minuto Llegada,Decesos,Fecha,PersonaVehiculo
36,New York,360931,0,0,2,0,91,SARATOGA (91),2230,GALWAY,9,Septiembre,10,2022,20,6,SR-29,3,Highway estatal,Rural,Arteria Principal,State Highway Agency,1,Sin jurisdiccion especial,99998,43.07131111,-73.98873056,Vehiculo en movimiento,Angulo,T-Intersection,Interseccion de T,Sobre calle,Ninguna,Oscuro sin iluminacion,Nublado,No,NO APLICA,99,99,99,99,1,10/09/2022,2
36,New York,360932,0,0,2,0,81,QUEENS (81),4170,MIDDLE VILLAGE,11,Noviembre,26,2022,1,16,37TH AVE,6,Calle Local Municipalidad,Urbano,Colector Mayor,City or Municipal Highway Agency,0,Sin jurisdiccion especial,99998,40.74978333,-73.88433056,Vehiculo en movimiento,Angulo,Four-Way Intersection,Interseccion de 4 direcciones,Sobre calle,Ninguna,Oscuro con iluminacion,No reportado,No,NO APLICA,1,16,99,99,1,26/11/2022,3
36,New York,360933,1,1,1,0,47,KINGS (47),4170,NEW YORK CITY,9,Septiembre,23,2022,23,10,NEW YORK AVE,6,Calle Local Municipalidad,Urbano,Arteria Menor,City or Municipal Highway Agency,0,Sin jurisdiccion especial,99998,40.64454444,-73.94602778,Ciclista,El primer evento no fue una colision con un vehiculo automotor en transporte,Four-Way Intersection,Interseccion de 4 direcciones,Sobre calle,Ninguna,Oscuro con iluminacion,Despejado,No,NO APLICA,23,10,99,99,1,23/09/2022,1
36,New York,360934,0,0,3,0,71,ORANGE (71),2690,HIGHLAND FALLS,10,Octubre,23,2022,14,29,US-6,2,US Highway,Rural,Arterial Principal -Freeway o ExpressWay,"State Park, Forest, or Reservation Agency",1,Sin jurisdiccion especial,99998,41.30521944,-74.03414167,Vehiculo en movimiento,Angulo,Roundabout,Glorieta,Sobre calle,Ninguna,Dia total,Despejado,No,NO APLICA,14,38,14,44,1,23/10/2022,13
36,New York,360935,0,0,2,0,119,WESTCHESTER (119),6235,VALHALLA,7,Julio,10,2022,15,20,SR-987G TACONIC STATE PKWY,3,Highway estatal,Urbano,Arterial Principal -Freeway o ExpressWay,State Highway Agency,1,Sin jurisdiccion especial,99998,41.07318889,-73.77246389,Vehiculo en movimiento,Angulo,Four-Way Intersection,Interseccion de 4 direcciones,Sobre calle,Ninguna,Dia total,Despejado,No,NO APLICA,15,20,15,31,1,10/07/2022,2
36,New York,360936,0,0,2,0,59,NASSAU (59),2600,HEMPSTEAD,8,Agosto,29,2022,21,56,DUTCH BROADWAY,5,Calle Local - Pueblo,Urbano,Local,Town or Township Highway Agency,0,Sin jurisdiccion especial,99998,40.68950278,-73.70803333,Vehiculo en movimiento,Angulo,T-Intersection,Interseccion de T,Sobre calle,Ninguna,Oscuro con iluminacion,Despejado,No,NO APLICA,99,99,99,99,1,29/08/2022,3
36,New York,360938,0,0,2,0,87,ROCKLAND (87),6000,SUFFERN,9,Septiembre,27,2022,10,21,US-202 HAVERSTRAW RD,2,US Highway,Urbano,Arteria Menor,State Highway Agency,0,Sin jurisdiccion especial,99998,41.13395,-74.13092222,Vehiculo en movimiento,Angulo,T-Intersection,Interseccion de T,Sobre calle,Ninguna,Dia total,Despejado,No,NO APLICA,10,21,10,28,1,27/09/2022,2
36,New York,360939,0,0,2,0,59,NASSAU (59),2600,HEMPSTEAD,11,Noviembre,12,2022,20,52,SR-908M SOUTHERN STATE PKWY,3,Highway estatal,Urbano,Arterial Principal -Freeway o ExpressWay,State Highway Agency,1,Sin jurisdiccion especial,99998,40.68303333,-73.66846389,Vehiculo en movimiento,Frente a Detrás,Not an Intersection,No fue interseccion,Sobre calle,Ninguna,Oscuro con iluminacion,Despejado,No,NO APLICA,20,52,20,59,1,12/11/2022,3
36,New York,360940,0,0,2,0,105,SULLIVAN (105),532,BETHEL,11,Noviembre,28,2022,8,52,SR-17B,3,Highway estatal,Rural,Arteria Menor,State Highway Agency,0,Sin jurisdiccion especial,99998,41.67592778,-74.85120833,Vehiculo en movimiento,Frente a frente,Not an Intersection,No fue interseccion,Sobre calle,Ninguna,Dia total,lluvia,No,NO APLICA,9,2,9,43,1,28/11/2022,2
36,New York,360941,0,0,1,0,47,KINGS (47),4170,NEW YORK CITY,8,Agosto,22,2022,16,40,CADMAN PLAZA WEST,6,Calle Local Municipalidad,Urbano,Local,City or Municipal Highway Agency,0,Sin jurisdiccion especial,0,40.70301389,-73.994625,Otro objeto (fijo),El primer evento no fue una colision con un vehiculo automotor en transporte,Not an Intersection,No fue interseccion,Sobre el lado de la calle,Ninguna,Dia total,Despejado,No,NO APLICA,99,99,99,99,1,22/08/2022,2
36,New York,360942,0,0,3,0,55,MONROE (55),5230,ROCHESTER,11,Noviembre,26,2022,2,28,BROWN ST,6,Calle Local Municipalidad,Urbano,Colector Mayor,City or Municipal Highway Agency,0,Sin jurisdiccion especial,99998,43.15181667,-77.63401111,Vehiculo en movimiento,Angulo,T-Intersection,Interseccion de T,Sobre calle,Ninguna,Oscuro con iluminacion,Despejado,No,NO APLICA,2,28,2,32,1,26/11/2022,4
36,New York,360943,1,1,1,0,81,QUEENS (81),4170,MIDDLE VILLAGE,11,Noviembre,29,2022,6,0,84TH ST,6,Calle Local Municipalidad,Urbano,Local,City or Municipal Highway Agency,0,Sin jurisdiccion especial,99998,40.66572778,-73.85016944,Peaton,El primer evento no fue una colision con un vehiculo automotor en transporte,Not an Intersection,No fue interseccion,Sobre calle,Ninguna,Oscuro con iluminacion,Despejado,No,NO APLICA,99,99,99,99,1,29/11/2022,1
36,New York,360944,0,0,1,0,115,WASHINGTON (115),2070,FORT ANN,10,Octubre,18,2022,14,37,SR-22,3,Highway estatal,Rural,Arteria Menor,State Highway Agency,0,Sin jurisdiccion especial,99998,43.45684722,-73.38083611,Arbol,El primer evento no fue una colision con un vehiculo automotor en transporte,Not an Intersection,No fue interseccion,Sobre el lado de la calle,Ninguna,Dia total,Nublado,No,NO APLICA,14,36,14,51,1,18/10/2022,1
36,New York,360945,1,1,1,0,81,QUEENS (81),4170,MIDDLE VILLAGE,11,Noviembre,29,2022,17,10,WOODHAVEN BLVD,6,Calle Local Municipalidad,Urbano,Arteria Principal,City or Municipal Highway Agency,0,Sin jurisdiccion especial,99998,40.7257,-73.86991389,Peaton,El primer evento no fue una colision con un vehiculo automotor en transporte,Not an Intersection,No fue interseccion,Sobre calle,Ninguna,Oscuro con iluminacion,Despejado,No,NO APLICA,17,10,99,99,1,29/11/2022,1
36,New York,360946,0,0,1,0,105,SULLIVAN (105),6800,WURTSBORO,10,Octubre,31,2022,1,26,CR-71 MAMAKTING RD,4,Calle del Condado,Rural,Arteria Menor,County Highway Agency,0,Sin jurisdiccion especial,99998,41.57529444,-74.46729167,Valla Ferrocarril,El primer evento no fue una colision con un vehiculo automotor en transporte,Not an Intersection,No fue interseccion,Sobre el lado de la calle,Ninguna,Oscuro sin iluminacion,Nublado,No,NO APLICA,1,26,1,31,1,31/10/2022,2
36,New York,360947,0,0,2,0,5,BRONX (5),4170,NEW YORK CITY,11,Noviembre,29,2022,17,32,US-9 BROADWAY,2,US Highway,Urbano,Arteria Principal,City or Municipal Highway Agency,1,Sin jurisdiccion especial,99998,40.91098611,-73.89663056,Vehiculo en movimiento,Angulo,Not an Intersection,No fue interseccion,Sobre calle,Ninguna,Oscuro con iluminacion,Despejado,No,NO APLICA,99,99,99,99,1,29/11/2022,2
36,New York,360948,0,0,1,0,77,OTSEGO (77),9997,Other,11,Noviembre,2,2022,20,49,FROST HILL RD,5,Calle Local - Pueblo,Rural,Local,Town or Township Highway Agency,0,Sin jurisdiccion especial,99998,42.83582222,-75.17615833,Zanja,El primer evento no fue una colision con un vehiculo automotor en transporte,Not an Intersection,No fue interseccion,Sobre el lado de la calle,Ninguna,Dia total,Despejado,No,NO APLICA,20,54,21,22,1,02/11/2022,7
36,New York,360949,1,1,1,0,71,ORANGE (71),3730,MIDDLETOWN,11,Noviembre,12,2022,3,8,SR-17M,3,Highway estatal,Urbano,Colector Mayor,State Highway Agency,0,Sin jurisdiccion especial,99998,41.42965833,-74.42498611,Peaton,El primer evento no fue una colision con un vehiculo automotor en transporte,Not an Intersection,No fue interseccion,Sobre calle,Ninguna,Oscuro con iluminacion,lluvia,No,NO APLICA,3,7,3,14,1,12/11/2022,1
36,New York,360950,0,0,1,0,45,JEFFERSON (45),1077,CHAMPION,10,Octubre,27,2022,18,1,SR-3,3,Highway estatal,Urbano,Colector Mayor,State Highway Agency,0,Sin jurisdiccion especial,99998,44.03557222,-75.69611111,Arbol,El primer evento no fue una colision con un vehiculo automotor en transporte,T-Intersection,Interseccion de T,Sobre el lado de la calle,Ninguna,Dia total,Despejado,No,NO APLICA,99,99,99,99,1,27/10/2022,1
36,New York,360951,0,0,1,0,91,SARATOGA (91),6731,WILTON,12,Diciembre,3,2022,22,6,I-87,1,Interestatal,Urbano,Interestatal,State Highway Agency,1,Sin jurisdiccion especial,99998,43.12475556,-73.73929722,Valla Ferrocarril,El primer evento no fue una colision con un vehiculo automotor en transporte,Not an Intersection,No fue interseccion,En el medio,Ninguna,Oscuro sin iluminacion,Nublado,No,NO APLICA,22,7,22,15,1,03/12/2022,1
36,New York,360952,0,0,1,0,41,HAMILTON (41),9997,Other,12,Diciembre,10,2022,8,28,HOPE FALLS RD,5,Calle Local - Pueblo,Urbano,Local,Town or Township Highway Agency,0,Sin jurisdiccion especial,99998,43.26506944,-74.20240278,Arbol,El primer evento no fue una colision con un vehiculo automotor en transporte,Not an Intersection,No fue interseccion,Sobre el lado de la calle,Ninguna,Dia total,Despejado,No,NO APLICA,8,30,8,48,1,10/12/2022,4
36,New York,360953,1,1,1,0,59,NASSAU (59),2600,HEMPSTEAD,12,Diciembre,16,2022,3,38,WOODFIELD RD,5,Calle Local - Pueblo,Urbano,Local,Town or Township Highway Agency,0,Sin jurisdiccion especial,0,40.69824444,-73.64656389,Peaton,El primer evento no fue una colision con un vehiculo automotor en transporte,Four-Way Intersection,Interseccion de 4 direcciones,Sobre calle,Ninguna,Oscuro con iluminacion,lluvia,No,NO APLICA,3,40,3,41,1,16/12/2022,1
36,New York,360954,0,0,2,0,91,SARATOGA (91),1209,CLIFTON PARK,9,Septiembre,16,2022,20,53,ASHDOWN RD,5,Calle Local - Pueblo,Urbano,Local,Town or Township Highway Agency,0,Sin jurisdiccion especial,99998,42.90616111,-73.86385,Vehiculo en movimiento,Frente a frente,Not an Intersection,No fue interseccion,Sobre calle,Ninguna,Oscuro sin iluminacion,Despejado,No,NO APLICA,20,53,20,57,1,16/09/2022,2
36,New York,360955,1,1,1,0,69,ONTARIO (69),830,CANANDAIGUA,12,Diciembre,6,2022,12,51,US-20,2,US Highway,Urbano,Arteria Principal,State Highway Agency,1,Sin jurisdiccion especial,99998,42.86895833,-77.23326389,Peaton,El primer evento no fue una colision con un vehiculo automotor en transporte,Not an Intersection,No fue interseccion,Sobre calle,Ninguna,Dia total,lluvia,No,NO APLICA,12,51,12,53,1,06/12/2022,1
36,New York,360956,0,0,1,0,123,YATES (123),4740,PENN YAN,12,Diciembre,10,2022,16,44,CR-17 BATH RD,4,Calle del Condado,Rural,Colector Menor,County Highway Agency,0,Sin jurisdiccion especial,99998,42.617125,-77.06129722,Zanja,El primer evento no fue una colision con un vehiculo automotor en transporte,Not an Intersection,No fue interseccion,Sobre el lado de la calle,Ninguna,Atardecer,Nublado,No,NO APLICA,16,46,16,52,1,10/12/2022,1
36,New York,360957,0,0,2,0,17,CHENANGO (17),2400,GREENE,11,Noviembre,1,2022,16,19,SR-12,3,Highway estatal,Rural,Arteria Principal,State Highway Agency,1,Sin jurisdiccion especial,99998,42.31967778,-75.78056389,Vehiculo en movimiento,Frente a frente,Not an Intersection,No fue interseccion,Sobre calle,Ninguna,Dia total,Nublado,No,NO APLICA,16,18,16,26,1,01/11/2022,2
36,New York,360958,0,1,2,1,81,QUEENS (81),4170,MIDDLE VILLAGE,12,Diciembre,2,2022,22,58,I-678 VAN WYCK EXPY,1,Interestatal,Urbano,Interestatal,State Highway Agency,1,Sin jurisdiccion especial,99998,40.72388889,-73.82831944,Vehiculo Aparcado,El primer evento no fue una colision con un vehiculo automotor en transporte,Not an Intersection,No fue interseccion,Sobre Acotamiento,Ninguna,Oscuro con iluminacion,Despejado,No,NO APLICA,22,58,99,99,1,02/12/2022,2
36,New York,360959,1,1,2,0,61,NEW YORK (61),4170,NEW YORK,12,Diciembre,7,2022,5,30,SR-907L FDR DR,3,Highway estatal,Urbano,Arterial Principal -Freeway o ExpressWay,State Highway Agency,1,Sin jurisdiccion especial,99998,40.74546667,-73.97038333,Peaton,El primer evento no fue una colision con un vehiculo automotor en transporte,Not an Intersection,No fue interseccion,Sobre calle,Ninguna,Oscuro con iluminacion,lluvia,No,NO APLICA,99,99,99,99,1,07/12/2022,2
36,New York,360960,1,1,2,0,61,NEW YORK (61),4170,NEW YORK,12,Diciembre,8,2022,18,0,3RD AVE,6,Calle Local Municipalidad,Urbano,Arteria Principal,City or Municipal Highway Agency,1,Sin jurisdiccion especial,0,40.7853,-73.94924444,Peaton,El primer evento no fue una colision con un vehiculo automotor en transporte,Four-Way Intersection,Interseccion de 4 direcciones,Sobre calle,Ninguna,Oscuro con iluminacion,Despejado,No,NO APLICA,99,99,99,99,1,08/12/2022,2
36,New York,360961,1,1,2,0,81,QUEENS (81),4170,MIDDLE VILLAGE,12,Diciembre,18,2022,3,18,SR-907M GRAND CENTRAL PKWY,3,Highway estatal,Urbano,Arterial Principal -Freeway o ExpressWay,State Highway Agency,1,Sin jurisdiccion especial,99998,40.75202222,-73.85186111,Peaton,El primer evento no fue una colision con un vehiculo automotor en transporte,Not an Intersection,No fue interseccion,Sobre calle,Ninguna,Oscuro con iluminacion,Despejado,No,NO APLICA,99,99,99,99,1,18/12/2022,2
36,New York,360962,0,0,1,0,39,GREENE (39),290,ATHENS,12,Diciembre,1,2022,5,14,I-87,1,Interestatal,Urbano,Interestatal,State Highway Agency,1,Sin jurisdiccion especial,99998,99.9999,999.9999,Otro objeto (fijo),El primer evento no fue una colision con un vehiculo automotor en transporte,Not an Intersection,No fue interseccion,En el medio,Ninguna,Oscuro sin iluminacion,Nieve,No,NO APLICA,5,14,5,26,1,01/12/2022,1
36,New York,360963,1,1,1,0,85,RICHMOND (85),4170,NEW YORK CITY,12,Diciembre,15,2022,19,5,BAY ST,6,Calle Local Municipalidad,Urbano,Local,City or Municipal Highway Agency,0,Sin jurisdiccion especial,0,40.62712778,-74.07595556,Peaton,El primer evento no fue una colision con un vehiculo automotor en transporte,Four-Way Intersection,Interseccion de 4 direcciones,Sobre calle,Ninguna,Oscuro con iluminacion,lluvia,No,NO APLICA,99,99,99,99,1,15/12/2022,1
36,New York,360964,1,1,1,0,119,WESTCHESTER (119),6670,WHITE PLAINS,12,Diciembre,16,2022,20,24,SR-119 TARRYTOWN RD,3,Highway estatal,Urbano,Arteria Principal,State Highway Agency,1,Sin jurisdiccion especial,99998,41.04145,-73.79125,Peaton,El primer evento no fue una colision con un vehiculo automotor en transporte,Four-Way Intersection,Interseccion de 4 direcciones,Sobre calle,Ninguna,Oscuro con iluminacion,lluvia,No,NO APLICA,20,24,20,25,1,16/12/2022,1
36,New York,360965,1,1,1,0,85,RICHMOND (85),4170,NEW YORK CITY,12,Diciembre,19,2022,7,59,RICHMOND TERR,6,Calle Local Municipalidad,Urbano,Arteria Principal,City or Municipal Highway Agency,1,Sin jurisdiccion especial,99998,40.64215556,-74.07494167,Peaton,El primer evento no fue una colision con un vehiculo automotor en transporte,T-Intersection,Interseccion de T,Sobre calle,Ninguna,Dia total,Despejado,No,NO APLICA,99,99,99,99,1,19/12/2022,2
36,New York,360966,1,1,1,0,119,WESTCHESTER (119),1415,CROSS RIVER,12,Diciembre,1,2022,20,44,CROSS RIVER PLAZA,8,Otro,Trafficway Not in State Inventory,Via no en inventario estatal,Trafficway Not in State Inventory,0,Sin jurisdiccion especial,0,41.26911111,-73.60796389,Peaton,El primer evento no fue una colision con un vehiculo automotor en transporte,Not an Intersection,No fue interseccion,Fuera de la calle,Ninguna,Oscuro con iluminacion,Nublado,No,NO APLICA,20,48,20,56,1,01/12/2022,1
36,New York,360967,0,0,1,0,81,QUEENS (81),4170,MIDDLE VILLAGE,11,Noviembre,26,2022,6,33,SR-27 S CONDUIT AVE,3,Highway estatal,Urbano,Arteria Principal,State Highway Agency,1,Sin jurisdiccion especial,99998,40.66546667,-73.79575,Arbol,El primer evento no fue una colision con un vehiculo automotor en transporte,Not an Intersection,No fue interseccion,Sobre el lado de la calle,Ninguna,Dia total,Despejado,No,NO APLICA,99,99,99,99,1,26/11/2022,1
36,New York,360968,0,0,2,0,55,MONROE (55),5329,RUSH,11,Noviembre,27,2022,15,57,SR-15A RUSH LIMA RD,3,Highway estatal,Rural,Arteria Menor,State Highway Agency,0,Sin jurisdiccion especial,99998,42.98875278,-77.62953056,Vehiculo en movimiento,Frente a frente,Not an Intersection,No fue interseccion,Sobre calle,Ninguna,Dia total,Despejado,No,NO APLICA,15,57,16,4,1,27/11/2022,3
36,New York,360969,0,0,2,0,17,CHENANGO (17),4050,NEW BERLIN,12,Diciembre,3,2022,10,58,SR-8,3,Highway estatal,Rural,Arteria Principal,State Highway Agency,1,Sin jurisdiccion especial,99998,42.68495833,-75.32828611,Vehiculo en movimiento,Frente a Detrás,Not an Intersection,No fue interseccion,Sobre calle,Ninguna,Dia total,Despejado,No,NO APLICA,99,99,99,99,1,03/12/2022,3
36,New York,360970,1,1,1,0,105,SULLIVAN (105),6800,WURTSBORO,10,Octubre,21,2022,18,39,US-209,2,US Highway,Rural,Arteria Principal,State Highway Agency,1,Sin jurisdiccion especial,99998,41.5413,-74.52388056,Peaton,El primer evento no fue una colision con un vehiculo automotor en transporte,Not an Intersection,No fue interseccion,Sobre calle,Ninguna,Oscuro sin iluminacion,Despejado,No,NO APLICA,18,40,18,50,1,21/10/2022,1
36,New York,360971,0,0,1,0,105,SULLIVAN (105),1242,COCHECTON,11,Noviembre,21,2022,22,13,CR-114,4,Calle del Condado,Rural,Colector Menor,County Highway Agency,0,Sin jurisdiccion especial,99998,41.71468333,-74.98780833,Acotamiento,El primer evento no fue una colision con un vehiculo automotor en transporte,Not an Intersection,No fue interseccion,Sobre el lado de la calle,Ninguna,Oscuro sin iluminacion,Nublado,No,NO APLICA,22,13,22,17,1,21/11/2022,1
36,New York,360972,0,0,3,0,63,NIAGARA (63),4729,PENDLETON,12,Diciembre,5,2022,15,26,SR-78 S TRANSIT RD,3,Highway estatal,Urbano,Arteria Principal,State Highway Agency,1,Sin jurisdiccion especial,99998,43.09662222,-78.69688611,Vehiculo en movimiento,Frente a frente,T-Intersection,Interseccion de T,Sobre calle,Ninguna,Dia total,Despejado,No,NO APLICA,15,0,15,26,1,05/12/2022,3
36,New York,360973,0,0,2,0,67,ONONDAGA (67),4903,POMPEY,12,Diciembre,16,2022,23,14,JEROME RD,5,Calle Local - Pueblo,Rural,Local,Town or Township Highway Agency,0,Sin jurisdiccion especial,99998,42.86751944,-76.01071111,Vehiculo en movimiento,Angulo,Not an Intersection,No fue interseccion,Sobre calle,Ninguna,Oscuro sin iluminacion,Nieve,No,NO APLICA,23,13,23,21,1,16/12/2022,3
36,New York,360974,1,1,1,0,91,SARATOGA (91),5470,SARATOGA SPGS,12,Diciembre,16,2022,18,30,WEST AVE,6,Calle Local Municipalidad,Urbano,Arteria Menor,City or Municipal Highway Agency,0,Sin jurisdiccion especial,99998,43.07725556,-73.8036,Ciclista,El primer evento no fue una colision con un vehiculo automotor en transporte,Not an Intersection,No fue interseccion,Sobre calle,Ninguna,Oscuro con iluminacion,lluvia,No,NO APLICA,18,30,18,37,1,16/12/2022,1
36,New York,360975,0,0,1,0,67,ONONDAGA (67),3500,MANLIUS,12,Diciembre,20,2022,18,35,SR-290 GREEN LAKES RD,3,Highway estatal,Urbano,Arteria Menor,State Highway Agency,0,Sin jurisdiccion especial,99998,43.05962778,-75.96246111,Acotamiento,El primer evento no fue una colision con un vehiculo automotor en transporte,Not an Intersection,No fue interseccion,Sobre el lado de la calle,Ninguna,Oscuro sin iluminacion,Nublado,No,NO APLICA,18,35,18,39,1,20/12/2022,1
36,New York,360976,1,1,1,0,55,MONROE (55),5230,ROCHESTER,12,Diciembre,22,2022,17,51,PARK AVE,6,Calle Local Municipalidad,Urbano,Colector Mayor,City or Municipal Highway Agency,0,Sin jurisdiccion especial,99998,43.15035,-77.58986389,Peaton,El primer evento no fue una colision con un vehiculo automotor en transporte,Four-Way Intersection,Interseccion de 4 direcciones,Sobre calle,Ninguna,Oscuro con iluminacion,lluvia,No,NO APLICA,17,51,17,55,1,22/12/2022,1
36,New York,360977,0,0,1,0,103,SUFFOLK (103),2920,ISLIP,12,Diciembre,3,2022,7,55,SR-908M SOUTHERN STATE PKWY,3,Highway estatal,Urbano,Arterial Principal -Freeway o ExpressWay,State Highway Agency,1,Sin jurisdiccion especial,99998,40.74846667,-73.25056389,Valla Ferrocarril,El primer evento no fue una colision con un vehiculo automotor en transporte,Not an Intersection,No fue interseccion,Sobre el lado de la calle,Ninguna,Oscuro con iluminacion,Nublado,No,NO APLICA,8,0,8,10,1,03/12/2022,1
36,New York,360978,1,1,1,0,81,QUEENS (81),4170,MIDDLE VILLAGE,12,Diciembre,9,2022,15,47,73 AVE,6,Calle Local Municipalidad,Urbano,Arteria Menor,City or Municipal Highway Agency,0,Sin jurisdiccion especial,99998,40.73682222,-73.77081944,Peaton,El primer evento no fue una colision con un vehiculo automotor en transporte,Not an Intersection,No fue interseccion,Sobre calle,Ninguna,Dia total,Despejado,No,NO APLICA,99,99,99,99,1,09/12/2022,1
36,New York,360979,0,0,2,1,9,CATTARAUGUS (9),4460,OLEAN,12,Diciembre,12,2022,9,53,SR-16,3,Highway estatal,Rural,Colector Mayor,State Highway Agency,0,Sin jurisdiccion especial,99998,42.03454167,-78.44000278,Zanja,El primer evento no fue una colision con un vehiculo automotor en transporte,Not an Intersection,No fue interseccion,Sobre el lado de la calle,Ninguna,Dia total,Nublado,No,NO APLICA,9,53,10,9,1,12/12/2022,1
36,New York,360980,1,1,1,0,119,WESTCHESTER (119),6820,YONKERS,12,Diciembre,23,2022,2,40,SR-9A,3,Highway estatal,Urbano,Arteria Menor,City or Municipal Highway Agency,0,Sin jurisdiccion especial,99998,40.96676667,-73.87126389,Peaton,El primer evento no fue una colision con un vehiculo automotor en transporte,Not an Intersection,No fue interseccion,Sobre calle,Ninguna,Oscuro con iluminacion,lluvia,No,NO APLICA,2,44,2,44,1,23/12/2022,4
36,New York,360981,0,0,1,0,27,DUTCHESS (27),3084,LAGRANGEVILLE,12,Diciembre,24,2022,20,35,CR-46 OVERLOOK RD,4,Calle del Condado,Urbano,Colector Mayor,County Highway Agency,0,Sin jurisdiccion especial,99998,41.69757222,-73.85497778,Arbol,El primer evento no fue una colision con un vehiculo automotor en transporte,T-Intersection,Interseccion de T,Sobre el lado de la calle,Ninguna,Oscuro con iluminacion,Despejado,No,NO APLICA,20,37,20,42,1,24/12/2022,1
36,New York,360982,0,0,11,10,81,QUEENS (81),4170,MIDDLE VILLAGE,12,Diciembre,26,2022,3,28,SR-878 NASSAU EXPRESSWAY,3,Highway estatal,Urbano,Arterial Principal -Freeway o ExpressWay,State Highway Agency,1,Sin jurisdiccion especial,99998,40.66329167,-73.81770833,Valla Ferrocarril,El primer evento no fue una colision con un vehiculo automotor en transporte,Not an Intersection,No fue interseccion,Sobre el lado de la calle,Ninguna,Oscuro con iluminacion,Despejado,No,NO APLICA,99,99,99,99,1,26/12/2022,1
36,New York,360983,1,1,1,0,47,KINGS (47),4170,NEW YORK CITY,11,Noviembre,28,2022,17,46,TAYLOR ST,6,Calle Local Municipalidad,Urbano,Local,City or Municipal Highway Agency,0,Sin jurisdiccion especial,99998,40.70378889,-73.96643056,Peaton,El primer evento no fue una colision con un vehiculo automotor en transporte,T-Intersection,Interseccion de T,Sobre calle,Ninguna,Oscuro con iluminacion,Despejado,No,NO APLICA,99,99,99,99,1,28/11/2022,1
36,New York,360984,0,0,2,0,43,HERKIMER (43),2120,FRANKFORT,12,Diciembre,13,2022,18,51,SR-5,3,Highway estatal,Urbano,Arteria Principal,State Highway Agency,1,Sin jurisdiccion especial,99998,43.09626111,-75.14687222,Vehiculo en movimiento,Frente a frente,Not an Intersection,No fue interseccion,Sobre calle,Ninguna,Oscuro sin iluminacion,Nublado,No,NO APLICA,18,51,19,1,1,13/12/2022,2
36,New York,360985,0,0,1,0,67,ONONDAGA (67),6010,SYRACUSE,10,Octubre,5,2022,0,47,SR-173 E SENECA TPK,3,Highway estatal,Urbano,Arteria Menor,State Highway Agency,0,Sin jurisdiccion especial,99998,43.00056389,-76.13815556,Arbol,El primer evento no fue una colision con un vehiculo automotor en transporte,Not an Intersection,No fue interseccion,Sobre el lado de la calle,Ninguna,Oscuro con iluminacion,Nublado,No,NO APLICA,99,99,99,99,1,05/10/2022,1
36,New York,360986,1,1,1,0,47,KINGS (47),4170,NEW YORK CITY,12,Diciembre,28,2022,14,3,UTICA AVE,6,Calle Local Municipalidad,Urbano,Arteria Principal,City or Municipal Highway Agency,1,Sin jurisdiccion especial,0,40.67048889,-73.93091389,Peaton,El primer evento no fue una colision con un vehiculo automotor en transporte,Four-Way Intersection,Interseccion de 4 direcciones,Sobre calle,Ninguna,Dia total,Despejado,No,NO APLICA,99,99,99,99,1,28/12/2022,1
36,New York,360987,0,0,2,0,47,KINGS (47),4170,NEW YORK CITY,12,Diciembre,28,2022,5,32,GRAND ST,6,Calle Local Municipalidad,Urbano,Colector Mayor,City or Municipal Highway Agency,0,Sin jurisdiccion especial,0,40.71170278,-73.943825,Vehiculo en movimiento,Angulo,Four-Way Intersection,Interseccion de 4 direcciones,Sobre calle,Ninguna,Oscuro con iluminacion,Despejado,No,NO APLICA,5,32,5,40,1,28/12/2022,2
36,New York,360988,0,0,3,0,119,WESTCHESTER (119),6820,YONKERS,12,Diciembre,1,2022,15,34,CR-59 TUCKAHOE RD,4,Calle del Condado,Urbano,Arteria Principal,County Highway Agency,1,Sin jurisdiccion especial,99998,40.95238333,-73.8534,Vehiculo en movimiento,Angulo,Not an Intersection,No fue interseccion,Sobre calle,Ninguna,Dia total,Despejado,No,NO APLICA,15,34,15,45,1,01/12/2022,4
36,New York,360989,0,0,1,0,59,NASSAU (59),2600,HEMPSTEAD,9,Septiembre,22,2022,1,17,SR-908M NORTHERN STATE PKY RMP,3,Highway estatal,Urbano,Arteria Principal,State Highway Agency,1,Sin jurisdiccion especial,99998,40.7788,-73.62504444,Valla Ferrocarril,El primer evento no fue una colision con un vehiculo automotor en transporte,Not an Intersection,No fue interseccion,Gore?,Ninguna,Oscuro con iluminacion,Despejado,No,NO APLICA,1,17,1,27,1,22/09/2022,1
36,New York,360990,0,0,1,0,59,NASSAU (59),2600,HEMPSTEAD,11,Noviembre,25,2022,20,56,SR-908T,3,Highway estatal,Urbano,Arterial Principal -Freeway o ExpressWay,State Highway Agency,1,Sin jurisdiccion especial,99998,40.70570556,-73.52484444,Poste,El primer evento no fue una colision con un vehiculo automotor en transporte,Not an Intersection,No fue interseccion,Sobre el lado de la calle,Ninguna,Oscuro con iluminacion,Despejado,No,NO APLICA,20,56,21,4,1,25/11/2022,1