Estado,Nombre de Estado,Numero de Caso,Peatones,Personas _no_vehiculos,Vehiculos automotores,Vehiculos estacionados,Condado,Nombre Condado,Ciudad,Nombre Ciudad,Mes,Nombre Mes,Dia,Año,Hora,Minuto,Calle,Ruta,Nombre Ruta,Rural o Urbanoo,Sistema Funcional,Dueño Calle,Sistema Nacional Carreteras,Jurisdiccion Especial,Milla,Latitud,Longitud,Causa del Accidente,Tipo de Accidente,Tipo Interseccion,Columna1,Lugar en la calle,Zona de Trabajo,Luz,Clima,Autobus Escolar,Cruce de Trenes,Hora Notificacion,Minuto Notificacion,Hora Llegada,Minuto Llegada,Decesos,Fecha,PersonaVehiculo
36,New York,360991,0,0,1,0,71,ORANGE (71),4980,PORT JERVIS,12,Diciembre,15,2022,18,41,I-84,1,Interestatal,Urbano,Interestatal,State Highway Agency,1,Sin jurisdiccion especial,99998,41.38296389,-74.57775556,Otro objeto (fijo),El primer evento no fue una colision con un vehiculo automotor en transporte,Not an Intersection,No fue interseccion,Sobre el lado de la calle,Ninguna,Oscuro sin iluminacion,Nieve,No,NO APLICA,18,41,18,50,1,15/12/2022,1
36,New York,360992,0,0,1,0,29,ERIE (29),611,BOSTON,12,Diciembre,22,2022,18,38,US-219,2,US Highway,Rural,Arterial Principal -Freeway o ExpressWay,State Highway Agency,1,Sin jurisdiccion especial,99998,42.68966389,-78.7876,Valla Ferrocarril,El primer evento no fue una colision con un vehiculo automotor en transporte,Not an Intersection,No fue interseccion,En el medio,Ninguna,Oscuro sin iluminacion,lluvia,No,NO APLICA,18,22,19,20,1,22/12/2022,1
36,New York,360993,0,0,1,0,21,COLUMBIA (21),1100,CHATHAM,12,Diciembre,23,2022,21,35,SR-66 HUDSON AVE,3,Highway estatal,Rural,Colector Mayor,State Highway Agency,0,Sin jurisdiccion especial,99998,42.35514167,-73.6013,Poste,El primer evento no fue una colision con un vehiculo automotor en transporte,Not an Intersection,No fue interseccion,Sobre el lado de la calle,Ninguna,Oscuro con iluminacion,Nieve,No,NO APLICA,21,35,21,36,1,23/12/2022,1
36,New York,360994,0,0,1,0,93,SCHENECTADY (93),5550,SCHENECTADY,12,Diciembre,26,2022,8,27,CR-43 SWAGGERTOWN RD,4,Calle del Condado,Urbano,Colector Mayor,County Highway Agency,0,Sin jurisdiccion especial,99998,42.89074444,-73.954375,Arbol,El primer evento no fue una colision con un vehiculo automotor en transporte,Not an Intersection,No fue interseccion,Sobre el lado de la calle,Ninguna,Dia total,Despejado,No,NO APLICA,99,99,8,38,1,26/12/2022,1
36,New York,360995,0,0,1,0,81,QUEENS (81),4170,MIDDLE VILLAGE,12,Diciembre,29,2022,2,6,SR-908M BELT PKWY,3,Highway estatal,Urbano,Arterial Principal -Freeway o ExpressWay,State Highway Agency,1,Sin jurisdiccion especial,99998,99.9999,999.9999,Acotamiento,El primer evento no fue una colision con un vehiculo automotor en transporte,Not an Intersection,No fue interseccion,Sobre el lado de la calle,Ninguna,Oscuro con iluminacion,Despejado,No,NO APLICA,99,99,99,99,1,29/12/2022,3
36,New York,360996,0,0,1,0,69,ONTARIO (69),666,BRISTOL,12,Diciembre,29,2022,14,44,SR-64,3,Highway estatal,Rural,Arteria Menor,State Highway Agency,0,Sin jurisdiccion especial,99998,42.80585,-77.39026667,Zanja,El primer evento no fue una colision con un vehiculo automotor en transporte,Not an Intersection,No fue interseccion,Sobre el lado de la calle,Ninguna,Dia total,Nublado,No,NO APLICA,14,44,14,44,1,29/12/2022,1
36,New York,360997,0,0,3,0,29,ERIE (29),2485,HAMBURG,11,Noviembre,5,2022,13,36,US-20,2,US Highway,Urbano,Arteria Principal,State Highway Agency,1,Sin jurisdiccion especial,99998,42.70545556,-78.92265278,Vehiculo en movimiento,Frente a Detrás,Not an Intersection,No fue interseccion,Sobre calle,Ninguna,Dia total,Despejado,No,NO APLICA,13,39,13,42,1,05/11/2022,7
36,New York,361000,0,0,1,0,111,ULSTER (111),3560,MARLBORO,12,Diciembre,31,2022,2,28,US-9W,2,US Highway,Urbano,Arteria Principal,State Highway Agency,1,Sin jurisdiccion especial,99998,41.63610833,-73.96283889,Valla Ferrocarril,El primer evento no fue una colision con un vehiculo automotor en transporte,Not an Intersection,No fue interseccion,Sobre el lado de la calle,Ninguna,Oscuro con iluminacion,Nublado,No,NO APLICA,99,99,99,99,1,31/12/2022,1
36,New York,361001,0,0,2,0,53,MADISON (53),703,BROOKFIELD,11,Noviembre,28,2022,17,51,SR-8,3,Highway estatal,Rural,Arteria Principal,State Highway Agency,1,Sin jurisdiccion especial,99998,42.76966944,-75.27699722,Vehiculo en movimiento,Frente a Detrás,Not an Intersection,No fue interseccion,Sobre calle,Ninguna,Oscuro sin iluminacion,Nublado,No,NO APLICA,17,53,18,8,1,28/11/2022,4
36,New York,361002,1,1,1,0,87,ROCKLAND (87),5930,SPRING VALLEY,2,Febrero,7,2022,23,25,SR-59,3,Highway estatal,Urbano,Arteria Principal,State Highway Agency,1,Sin jurisdiccion especial,99998,41.10877222,-74.04251667,Peaton,El primer evento no fue una colision con un vehiculo automotor en transporte,Not an Intersection,No fue interseccion,Sobre calle,Ninguna,Oscuro con iluminacion,Nublado,No,NO APLICA,23,24,23,31,1,07/02/2022,1
36,New York,361003,1,1,1,0,103,SUFFOLK (103),2840,HUNTINGTON,12,Diciembre,16,2022,19,25,SR-110 NEW YORK AVE,3,Highway estatal,Urbano,Arteria Principal,State Highway Agency,1,Sin jurisdiccion especial,99998,40.85058611,-73.41162222,Peaton,El primer evento no fue una colision con un vehiculo automotor en transporte,Not an Intersection,No fue interseccion,Sobre calle,Ninguna,Oscuro con iluminacion,lluvia,No,NO APLICA,19,25,19,32,1,16/12/2022,1
36,New York,361004,0,0,1,0,71,ORANGE (71),3840,MONTGOMERY,12,Diciembre,27,2022,13,53,SR-211,3,Highway estatal,Urbano,Arteria Menor,State Highway Agency,0,Sin jurisdiccion especial,99998,41.50586111,-74.25883333,Zanja,El primer evento no fue una colision con un vehiculo automotor en transporte,Not an Intersection,No fue interseccion,Sobre el lado de la calle,Ninguna,Dia total,Nublado,No,NO APLICA,99,99,99,99,1,27/12/2022,1
36,New York,361005,1,1,1,0,103,SUFFOLK (103),2840,HUNTINGTON,12,Diciembre,28,2022,10,37,NONE,8,Otro,Trafficway Not in State Inventory,Via no en inventario estatal,Trafficway Not in State Inventory,0,Sin jurisdiccion especial,99998,40.83873889,-73.318525,Peaton,El primer evento no fue una colision con un vehiculo automotor en transporte,Not an Intersection,No fue interseccion,Sobre calle,Ninguna,Dia total,Despejado,No,NO APLICA,10,38,10,40,1,28/12/2022,1
36,New York,361006,0,0,2,0,59,NASSAU (59),4600,OYSTER BAY,12,Diciembre,31,2022,2,31,I-495 LONG ISLAND EXPRESSWAY,1,Interestatal,Urbano,Interestatal,State Highway Agency,1,Sin jurisdiccion especial,99998,40.79660833,-73.50553056,Vehiculo en movimiento,Frente a Detrás,Not an Intersection,No fue interseccion,Sobre calle,Ninguna,Oscuro con iluminacion,Nublado,No,NO APLICA,2,31,2,36,1,31/12/2022,3
36,New York,361007,1,1,1,0,17,CHENANGO (17),5650,SHERBURNE,12,Diciembre,5,2022,18,14,SR-80,3,Highway estatal,Rural,Arteria Menor,State Highway Agency,0,Sin jurisdiccion especial,99998,42.67980833,-75.4671,Peaton,El primer evento no fue una colision con un vehiculo automotor en transporte,Not an Intersection,No fue interseccion,Sobre calle,Ninguna,Oscuro sin iluminacion,Despejado,No,NO APLICA,18,8,18,16,1,05/12/2022,1
36,New York,361008,0,0,2,0,71,ORANGE (71),6163,TUXEDO PARK,9,Septiembre,6,2022,1,2,I-87,1,Interestatal,Rural,Interestatal,State Highway Agency,1,Sin jurisdiccion especial,99998,41.18675556,-74.18124722,Vehiculo en movimiento,Frente a frente,Not an Intersection,No fue interseccion,Sobre calle,Ninguna,Oscuro sin iluminacion,lluvia,No,NO APLICA,1,2,1,20,2,06/09/2022,2
36,New York,361009,0,0,2,0,69,ONTARIO (69),4770,PHELPS,12,Diciembre,7,2022,16,7,SR-14,3,Highway estatal,Rural,Arteria Principal,State Highway Agency,1,Sin jurisdiccion especial,99998,42.93801944,-76.97789444,Vehiculo en movimiento,Frente a Detrás,Not an Intersection,No fue interseccion,Sobre calle,Ninguna,Dia total,Nublado,No,NO APLICA,16,13,16,21,1,07/12/2022,2
36,New York,361010,0,0,1,0,29,ERIE (29),1170,CLARENCE,11,Noviembre,14,2022,14,10,CR-560 SALT RD,4,Calle del Condado,Rural,Colector Menor,County Highway Agency,0,Sin jurisdiccion especial,99998,43.05295278,-78.60641944,Zanja,El primer evento no fue una colision con un vehiculo automotor en transporte,Not an Intersection,No fue interseccion,Sobre el lado de la calle,Ninguna,Dia total,Despejado,No,NO APLICA,14,10,14,16,1,14/11/2022,1
36,New York,361011,1,1,1,0,61,NEW YORK (61),4170,NEW YORK,12,Diciembre,8,2022,15,20,FT WASHINGTON AVE,6,Calle Local Municipalidad,Urbano,Arteria Menor,City or Municipal Highway Agency,0,Sin jurisdiccion especial,99998,40.83709722,-73.94431944,No vehiculo o remolque,El primer evento no fue una colision con un vehiculo automotor en transporte,Four-Way Intersection,Interseccion de 4 direcciones,Sobre calle,Ninguna,Dia total,Nublado,No,NO APLICA,99,99,99,99,1,08/12/2022,1
36,New York,361012,0,0,2,0,101,STEUBEN (101),420,BATH,12,Diciembre,17,2022,10,10,CR-11,4,Calle del Condado,Rural,Colector Mayor,County Highway Agency,0,Sin jurisdiccion especial,99998,42.3054,-77.285275,Vehiculo en movimiento,Frente a frente,Not an Intersection,No fue interseccion,Sobre calle,Ninguna,Dia total,Nublado,No,NO APLICA,10,12,10,28,2,17/12/2022,2
36,New York,361014,0,1,2,1,71,ORANGE (71),3730,MIDDLETOWN,12,Diciembre,29,2022,21,13,I-84,1,Interestatal,Urbano,Interestatal,State Highway Agency,1,Sin jurisdiccion especial,99998,41.47950833,-74.29491111,Vehiculo Aparcado,El primer evento no fue una colision con un vehiculo automotor en transporte,Not an Intersection,No fue interseccion,"Fuera de la calle, ubicacion desconocida",Ninguna,Oscuro sin iluminacion,Despejado,No,NO APLICA,21,13,21,25,1,29/12/2022,2
36,New York,361015,1,1,4,0,47,KINGS (47),4170,NEW YORK CITY,12,Diciembre,31,2022,0,58,I-278,1,Interestatal,Urbano,Interestatal,State Highway Agency,1,Sin jurisdiccion especial,99998,40.64336667,-74.01881944,Peaton,El primer evento no fue una colision con un vehiculo automotor en transporte,Not an Intersection,No fue interseccion,Sobre calle,Ninguna,Oscuro con iluminacion,Nublado,No,NO APLICA,0,58,99,99,1,31/12/2022,2
36,New York,361016,0,0,2,0,59,NASSAU (59),2600,HEMPSTEAD,9,Septiembre,24,2022,5,1,SR-908M SOUTHERN STATE PKWY,3,Highway estatal,Urbano,Arterial Principal -Freeway o ExpressWay,State Highway Agency,1,Sin jurisdiccion especial,99998,40.67935278,-73.69701111,Vehiculo en movimiento,Frente a Detrás,Not an Intersection,No fue interseccion,Sobre calle,Ninguna,Oscuro con iluminacion,Despejado,No,NO APLICA,5,1,5,12,1,24/09/2022,2
36,New York,361017,0,0,2,0,19,CLINTON (19),4880,PLATTSBURGH,12,Diciembre,2,2022,11,49,DURAND RD,5,Calle Local - Pueblo,Rural,Local,Town or Township Highway Agency,0,Sin jurisdiccion especial,99998,44.73146667,-73.48205278,Vehiculo en movimiento,Frente a frente,Not an Intersection,No fue interseccion,Sobre calle,Ninguna,Dia total,Nublado,No,NO APLICA,11,45,11,50,1,02/12/2022,5
36,New York,361018,0,0,1,0,91,SARATOGA (91),5860,SOUTH GLENS FALLS,10,Octubre,29,2022,22,18,FERRY BLVD,5,Calle Local - Pueblo,Urbano,Arteria Menor,Town or Township Highway Agency,0,Sin jurisdiccion especial,99998,43.299625,-73.62256111,Arbol,El primer evento no fue una colision con un vehiculo automotor en transporte,Not an Intersection,No fue interseccion,Sobre el lado de la calle,Ninguna,Oscuro con iluminacion,Despejado,No,NO APLICA,22,22,22,36,1,29/10/2022,1
36,New York,361019,0,0,1,0,113,WARREN (113),2968,JOHNSBURG,11,Noviembre,9,2022,16,36,CR-29 PEACEFUL VALLEY RD,4,Calle del Condado,Rural,Colector Mayor,County Highway Agency,0,Sin jurisdiccion especial,99998,43.66875833,-73.99563611,Arbol,El primer evento no fue una colision con un vehiculo automotor en transporte,Not an Intersection,No fue interseccion,Sobre el lado de la calle,Ninguna,Dia total,Despejado,No,NO APLICA,16,36,16,37,1,09/11/2022,1
36,New York,361020,0,0,1,0,55,MONROE (55),652,BRIGHTON,12,Diciembre,17,2022,23,57,I-590,1,Interestatal,Urbano,Interestatal,State Highway Agency,1,Sin jurisdiccion especial,99998,43.12960556,-77.55349444,Poste,El primer evento no fue una colision con un vehiculo automotor en transporte,Not an Intersection,No fue interseccion,Sobre el lado de la calle,Ninguna,Oscuro con iluminacion,Nublado,No,NO APLICA,23,57,0,7,1,17/12/2022,1
36,New York,361022,0,0,2,0,91,SARATOGA (91),6731,WILTON,8,Agosto,12,2022,8,55,US-9 SARATOGA RD,2,US Highway,Urbano,Arteria Menor,State Highway Agency,0,Sin jurisdiccion especial,99998,43.13327778,-73.76957778,Vehiculo en movimiento,Angulo,Not an Intersection,No fue interseccion,Sobre calle,Ninguna,Dia total,Despejado,No,NO APLICA,8,55,9,2,1,12/08/2022,2
36,New York,361023,0,0,2,0,11,CAYUGA (11),990,CAYUGA,8,Agosto,31,2022,13,13,CR-142A,4,Calle del Condado,Rural,Colector Mayor,County Highway Agency,0,Sin jurisdiccion especial,99998,42.96603611,-76.68728333,Vehiculo en movimiento,Angulo,Not an Intersection,No fue interseccion,Sobre calle,Ninguna,Dia total,Nublado,No,NO APLICA,13,15,13,26,1,31/08/2022,2
36,New York,361024,0,0,1,0,55,MONROE (55),2248,GATES,12,Diciembre,27,2022,16,2,I-490 RAMP,1,Interestatal,Urbano,Interestatal,State Highway Agency,1,Sin jurisdiccion especial,99998,43.15694167,-77.72022222,Volcadura,El primer evento no fue una colision con un vehiculo automotor en transporte,Not an Intersection,No fue interseccion,Gore?,Ninguna,Atardecer,Nublado,No,NO APLICA,16,3,16,13,1,27/12/2022,1
36,New York,361025,1,1,1,0,27,DUTCHESS (27),6380,WAPPINGERS FALLS,6,Junio,18,2022,22,9,SR-9D SOUTH RD,3,Highway estatal,Urbano,Arteria Principal,State Highway Agency,1,Sin jurisdiccion especial,99998,41.59465,-73.91885,Peaton,El primer evento no fue una colision con un vehiculo automotor en transporte,T-Intersection,Interseccion de T,Sobre calle,Ninguna,Oscuro con iluminacion,Despejado,No,NO APLICA,22,9,22,13,1,18/06/2022,1
36,New York,361026,1,1,1,0,71,ORANGE (71),3830,MONROE,12,Diciembre,25,2022,11,1,CR-44SEVEN SPRINGS MOUNTAIN RD,4,Calle del Condado,Urbano,Colector Mayor,County Highway Agency,0,Sin jurisdiccion especial,99998,41.35128056,-74.16855,Peaton,El primer evento no fue una colision con un vehiculo automotor en transporte,Not an Intersection,No fue interseccion,Sobre calle,Ninguna,Dia total,Despejado,Yes,NO APLICA,11,2,11,6,1,25/12/2022,1
36,New York,361027,1,1,1,0,47,KINGS (47),4170,NEW YORK CITY,12,Diciembre,29,2022,20,22,ROCKAWAY PKWY,6,Calle Local Municipalidad,Urbano,Arteria Principal,City or Municipal Highway Agency,1,Sin jurisdiccion especial,99998,40.63283333,-73.88875,Peaton,El primer evento no fue una colision con un vehiculo automotor en transporte,Not an Intersection,No fue interseccion,Sobre calle,Ninguna,Oscuro con iluminacion,Despejado,No,NO APLICA,99,99,99,99,1,29/12/2022,1
36,New York,361028,1,1,1,0,103,SUFFOLK (103),2840,HUNTINGTON,8,Agosto,10,2022,18,19,SHORE RD,5,Calle Local - Pueblo,Urbano,Local,Town or Township Highway Agency,0,Sin jurisdiccion especial,99998,40.87053056,-73.46031389,Peaton,El primer evento no fue una colision con un vehiculo automotor en transporte,Not an Intersection,No fue interseccion,Sobre calle,Ninguna,Dia total,Despejado,No,NO APLICA,99,99,99,99,1,10/08/2022,1
36,New York,361029,0,0,2,0,13,CHAUTAUQUA (13),920,CASSADAGA,12,Diciembre,3,2022,22,39,SR-83,3,Highway estatal,Rural,Colector Mayor,State Highway Agency,0,Sin jurisdiccion especial,99998,42.40694167,-79.23632222,Vehiculo en movimiento,Angulo,Four-Way Intersection,Interseccion de 4 direcciones,Sobre calle,Ninguna,Oscuro sin iluminacion,Despejado,No,NO APLICA,22,39,22,46,1,03/12/2022,5
36,New York,361030,1,1,1,0,61,NEW YORK (61),4170,NEW YORK,12,Diciembre,4,2022,5,6,COLUMBUS AVE,6,Calle Local Municipalidad,Urbano,Arteria Principal,City or Municipal Highway Agency,1,Sin jurisdiccion especial,99998,40.790375,-73.96936667,Peaton,El primer evento no fue una colision con un vehiculo automotor en transporte,Four-Way Intersection,Interseccion de 4 direcciones,Sobre calle,Ninguna,Oscuro con iluminacion,Despejado,No,NO APLICA,5,10,5,10,1,04/12/2022,1
36,New York,361031,1,1,1,0,47,KINGS (47),4170,NEW YORK CITY,9,Septiembre,24,2022,21,32,AVENUE D,6,Calle Local Municipalidad,Urbano,Arteria Menor,City or Municipal Highway Agency,0,Sin jurisdiccion especial,99998,40.65236667,-73.90385833,Peaton,El primer evento no fue una colision con un vehiculo automotor en transporte,Not an Intersection,No fue interseccion,Sobre calle,Ninguna,Oscuro con iluminacion,Despejado,No,NO APLICA,99,99,99,99,1,24/09/2022,1
36,New York,361032,0,0,1,0,67,ONONDAGA (67),3310,LIVERPOOL,9,Septiembre,10,2022,1,16,SR-298 COURT ST,3,Highway estatal,Urbano,Arteria Menor,State Highway Agency,0,Sin jurisdiccion especial,99998,43.08409167,-76.135725,Banqueta,El primer evento no fue una colision con un vehiculo automotor en transporte,Not an Intersection,No fue interseccion,Sobre el lado de la calle,Ninguna,Oscuro con iluminacion,Despejado,No,NO APLICA,1,17,1,24,1,10/09/2022,1
36,New York,361033,0,0,2,0,91,SARATOGA (91),5860,SOUTH GLENS FALLS,10,Octubre,30,2022,19,34,US-9 SARATOGA RD,2,US Highway,Urbano,Arteria Principal,State Highway Agency,1,Sin jurisdiccion especial,99998,43.27243889,-73.649025,Vehiculo en movimiento,Frente a Detrás,Not an Intersection,No fue interseccion,Sobre calle,Ninguna,Oscuro con iluminacion,Despejado,No,NO APLICA,19,34,19,38,1,30/10/2022,2
36,New York,361034,0,0,1,0,71,ORANGE (71),2320,GOSHEN,12,Diciembre,1,2022,11,45,US-6  SR-17 RAMP,2,US Highway,Urbano,Arterial Principal -Freeway o ExpressWay,State Highway Agency,1,Sin jurisdiccion especial,99998,41.39240833,-74.32804167,Volcadura,El primer evento no fue una colision con un vehiculo automotor en transporte,Not an Intersection,No fue interseccion,Fuera de la calle,Ninguna,Dia total,Despejado,No,NO APLICA,14,40,14,50,1,01/12/2022,1
36,New York,361035,1,1,1,0,47,KINGS (47),4170,NEW YORK CITY,12,Diciembre,22,2022,22,13,68 ST,6,Calle Local Municipalidad,Urbano,Local,City or Municipal Highway Agency,0,Sin jurisdiccion especial,99998,40.63850278,-74.03155,Peaton,El primer evento no fue una colision con un vehiculo automotor en transporte,T-Intersection,Interseccion de T,Sobre calle,Ninguna,Oscuro con iluminacion,lluvia,No,NO APLICA,99,99,99,99,1,22/12/2022,1
36,New York,361036,0,0,3,2,29,ERIE (29),750,BUFFALO,12,Diciembre,31,2022,13,11,SR-16 SENECA ST,3,Highway estatal,Urbano,Arteria Principal,City or Municipal Highway Agency,1,Sin jurisdiccion especial,99998,42.8542,-78.80828056,Vehiculo Aparcado,El primer evento no fue una colision con un vehiculo automotor en transporte,Not an Intersection,No fue interseccion,En estacionamiento,Ninguna,Dia total,lluvia,No,NO APLICA,13,12,13,12,1,31/12/2022,1
36,New York,361037,0,0,2,0,21,COLUMBIA (21),3030,KINDERHOOK,8,Agosto,13,2022,20,39,US-9,2,US Highway,Urbano,Arteria Principal,State Highway Agency,1,Sin jurisdiccion especial,99998,42.436375,-73.68694722,Vehiculo en movimiento,Angulo,Not an Intersection,No fue interseccion,Sobre calle,Ninguna,Oscuro sin iluminacion,Despejado,No,NO APLICA,20,39,20,41,1,13/08/2022,4
36,New York,361038,0,0,2,0,113,WARREN (113),601,BOLTON,9,Septiembre,23,2022,16,18,CR-10 E SCHRRON RIVER RD,4,Calle del Condado,Rural,Colector Menor,County Highway Agency,0,Sin jurisdiccion especial,99998,43.62325,-73.742,Vehiculo en movimiento,Frente a frente,Not an Intersection,No fue interseccion,Sobre calle,Ninguna,Dia total,Despejado,No,NO APLICA,16,21,16,31,1,23/09/2022,2
36,New York,361039,0,0,2,0,71,ORANGE (71),6410,WARWICK,10,Octubre,7,2022,19,38,CR-6 PULASKI HWY,4,Calle del Condado,Rural,Colector Mayor,County Highway Agency,0,Sin jurisdiccion especial,99998,41.32561944,-74.4208,Vehiculo en movimiento,Angulo,Not an Intersection,No fue interseccion,Sobre calle,Ninguna,Oscuro sin iluminacion,Despejado,No,NO APLICA,19,38,19,47,1,07/10/2022,4
36,New York,361040,0,0,2,0,87,ROCKLAND (87),4902,POMONA,11,Noviembre,3,2022,21,34,CAMP HILL RD,5,Calle Local - Pueblo,Urbano,Colector Mayor,Town or Township Highway Agency,0,Sin jurisdiccion especial,99998,41.18295833,-74.05454722,Vehiculo en movimiento,Angulo,Four-Way Intersection,Interseccion de 4 direcciones,Sobre calle,Ninguna,Oscuro sin iluminacion,Despejado,No,NO APLICA,21,48,21,48,1,03/11/2022,6
36,New York,361041,0,0,2,0,71,ORANGE (71),2695,HIGHLAND MILLS,11,Noviembre,10,2022,9,4,SR-32,3,Highway estatal,Urbano,Arteria Menor,State Highway Agency,0,Sin jurisdiccion especial,99998,41.36574167,-74.10375556,Vehiculo en movimiento,Frente a frente,Not an Intersection,No fue interseccion,Sobre calle,Ninguna,Dia total,Despejado,No,NO APLICA,9,4,9,15,2,10/11/2022,7
36,New York,361042,1,1,1,0,93,SCHENECTADY (93),5550,SCHENECTADY,12,Diciembre,4,2022,20,6,I-890 RAMP,1,Interestatal,Urbano,Interestatal,State Highway Agency,1,Sin jurisdiccion especial,99998,42.80287222,-73.94388889,Peaton,El primer evento no fue una colision con un vehiculo automotor en transporte,Not an Intersection,No fue interseccion,Sobre calle,Ninguna,Oscuro sin iluminacion,Despejado,No,NO APLICA,20,5,20,8,1,04/12/2022,1
36,New York,361043,0,0,1,0,67,ONONDAGA (67),1179,CLAY,12,Diciembre,8,2022,23,35,CR-50 CAUGHDENOY RD,4,Calle del Condado,Rural,Colector Menor,County Highway Agency,0,Sin jurisdiccion especial,99998,43.26435278,-76.20166944,Acotamiento,El primer evento no fue una colision con un vehiculo automotor en transporte,T-Intersection,Interseccion de T,Sobre el lado de la calle,Ninguna,Oscuro sin iluminacion,Despejado,No,NO APLICA,23,35,23,40,2,08/12/2022,2
36,New York,361044,0,0,3,0,119,WESTCHESTER (119),6040,TARRYTOWN,12,Diciembre,27,2022,5,26,SR-987F SPRAIN BROOK PKWY,3,Highway estatal,Urbano,Arterial Principal -Freeway o ExpressWay,State Highway Agency,1,Sin jurisdiccion especial,99998,41.09871111,-73.79865278,Vehiculo en movimiento,Angulo,Not an Intersection,No fue interseccion,Sobre calle,Ninguna,Oscuro sin iluminacion,Despejado,No,NO APLICA,5,26,5,37,1,27/12/2022,3
36,New York,361045,1,1,2,0,103,SUFFOLK (103),5210,RIVERHEAD,12,Diciembre,30,2022,18,2,CR-58 OLD COUNTRY RD,4,Calle del Condado,Urbano,Arteria Principal,County Highway Agency,1,Sin jurisdiccion especial,99998,40.92773611,-72.68640556,Peaton,El primer evento no fue una colision con un vehiculo automotor en transporte,Not an Intersection,No fue interseccion,Sobre calle,Ninguna,Oscuro con iluminacion,Despejado,No,NO APLICA,99,99,99,99,1,30/12/2022,2
36,New York,361046,0,0,1,0,111,ULSTER (111),6350,WALLKILL,12,Diciembre,2,2022,21,34,I-84,1,Interestatal,Urbano,Interestatal,State Highway Agency,1,Sin jurisdiccion especial,99998,99.9999,999.9999,Otro objeto (no fijo),El primer evento no fue una colision con un vehiculo automotor en transporte,Not an Intersection,No fue interseccion,Sobre calle,Ninguna,Oscuro sin iluminacion,Despejado,No,NO APLICA,21,22,21,29,1,02/12/2022,1
36,New York,361047,0,0,2,0,71,ORANGE (71),3730,MIDDLETOWN,4,Abril,7,2022,9,35,SR-211,3,Highway estatal,Urbano,Arteria Menor,State Highway Agency,0,Sin jurisdiccion especial,99998,41.47170278,-74.32644444,Vehiculo en movimiento,Frente a frente,Not an Intersection,No fue interseccion,Sobre calle,Ninguna,Dia total,lluvia,No,NO APLICA,9,36,9,45,1,07/04/2022,2
36,New York,361048,0,0,4,0,59,NASSAU (59),2600,HEMPSTEAD,12,Diciembre,25,2022,18,4,CR-7B GREENWICH ST,4,Calle del Condado,Urbano,Arteria Menor,County Highway Agency,0,Sin jurisdiccion especial,99998,40.70001111,-73.61528611,Vehiculo en movimiento,Frente a Detrás,Four-Way Intersection,Interseccion de 4 direcciones,Sobre calle,Ninguna,Oscuro con iluminacion,Nublado,No,NO APLICA,18,4,18,5,1,25/12/2022,9
36,New York,361049,1,1,1,0,103,SUFFOLK (103),705,BROOKHAVEN,8,Agosto,8,2022,18,7,SR-25A,3,Highway estatal,Urbano,Arteria Principal,State Highway Agency,1,Sin jurisdiccion especial,99998,40.9475,-72.92351667,Peaton,El primer evento no fue una colision con un vehiculo automotor en transporte,Not Reported,No reportado,Sobre calle,Ninguna,Dia total,Despejado,No,NO APLICA,99,99,99,99,1,08/08/2022,1
36,New York,361050,0,0,1,0,11,CAYUGA (11),5961,STERLING,12,Diciembre,3,2022,17,15,SR-104A,3,Highway estatal,Rural,Colector Mayor,State Highway Agency,0,Sin jurisdiccion especial,99998,43.32953889,-76.63049444,Arbol,El primer evento no fue una colision con un vehiculo automotor en transporte,Not an Intersection,No fue interseccion,Sobre el lado de la calle,Ninguna,Oscuro sin iluminacion,Nublado,No,NO APLICA,99,99,99,99,1,03/12/2022,1
36,New York,361051,0,0,2,0,103,SUFFOLK (103),2920,ISLIP,7,Julio,6,2022,6,13,SR-454,3,Highway estatal,Urbano,Arteria Principal,State Highway Agency,1,Sin jurisdiccion especial,99998,40.7842,-73.10725556,Vehiculo en movimiento,Angulo,Four-Way Intersection,Interseccion de 4 direcciones,Sobre calle,Ninguna,Dia total,Nublado,No,NO APLICA,99,99,99,99,1,06/07/2022,2
36,New York,361052,0,0,3,1,103,SUFFOLK (103),2920,ISLIP,7,Julio,7,2022,5,20,CR-67 MOTOR PARKWAY,4,Calle del Condado,Urbano,Arteria Menor,County Highway Agency,0,Sin jurisdiccion especial,99998,40.80296944,-73.212625,Vehiculo en movimiento,Angulo,T-Intersection,Interseccion de T,Sobre calle,Ninguna,Amanecer,Despejado,No,NO APLICA,99,99,99,99,1,07/07/2022,3
36,New York,361053,1,1,1,0,103,SUFFOLK (103),2920,ISLIP,7,Julio,8,2022,17,51,PINE AIRE DR,5,Calle Local - Pueblo,Urbano,Arteria Menor,Town or Township Highway Agency,0,Sin jurisdiccion especial,99998,40.77561389,-73.26330556,Ciclista,El primer evento no fue una colision con un vehiculo automotor en transporte,T-Intersection,Interseccion de T,Sobre calle,Ninguna,Dia total,Despejado,No,NO APLICA,99,99,99,99,1,08/07/2022,2