Estado,Nombre de Estado,Numero de Caso,Peatones,Personas _no_vehiculos,Vehiculos automotores,Vehiculos estacionados,Condado,Nombre Condado,Ciudad,Nombre Ciudad,Mes,Nombre Mes,Dia,Año,Hora,Minuto,Calle,Ruta,Nombre Ruta,Rural o Urbanoo,Sistema Funcional,Dueño Calle,Sistema Nacional Carreteras,Jurisdiccion Especial,Milla,Latitud,Longitud,Causa del Accidente,Tipo de Accidente,Tipo Interseccion,Columna1,Lugar en la calle,Zona de Trabajo,Luz,Clima,Autobus Escolar,Cruce de Trenes,Hora Notificacion,Minuto Notificacion,Hora Llegada,Minuto Llegada,Decesos,Fecha,PersonaVehiculo
36,New York,361054,1,1,2,0,103,SUFFOLK (103),705,BROOKHAVEN,7,Julio,10,2022,0,31,I-495,1,Interestatal,Urbano,Interestatal,State Highway Agency,1,Sin jurisdiccion especial,99998,40.82288611,-72.98702778,Peaton,El primer evento no fue una colision con un vehiculo automotor en transporte,Not an Intersection,No fue interseccion,Sobre calle,Ninguna,Oscuro sin iluminacion,Despejado,No,NO APLICA,0,29,0,40,1,10/07/2022,5
36,New York,361055,0,0,1,0,67,ONONDAGA (67),3425,LYSANDER,8,Agosto,1,2022,11,32,DINGLEHOLE RD,5,Calle Local - Pueblo,Urbano,Local,Town or Township Highway Agency,0,Sin jurisdiccion especial,99998,43.20065556,-76.37798333,Volcadura,El primer evento no fue una colision con un vehiculo automotor en transporte,Not an Intersection,No fue interseccion,Sobre el lado de la calle,Ninguna,Dia total,Nublado,No,NO APLICA,99,99,99,99,1,01/08/2022,1
36,New York,361056,0,0,1,0,103,SUFFOLK (103),5810,SOUTHAMPTON,12,Diciembre,7,2022,9,4,SR-24 NUGENT DR,3,Highway estatal,Urbano,Arteria Principal,State Highway Agency,1,Sin jurisdiccion especial,99998,99.9999,999.9999,Arbol,El primer evento no fue una colision con un vehiculo automotor en transporte,Not an Intersection,No fue interseccion,En el medio,Ninguna,Dia total,lluvia,No,NO APLICA,9,2,9,14,1,07/12/2022,2
36,New York,361057,1,1,3,0,103,SUFFOLK (103),2920,ISLIP,7,Julio,10,2022,0,25,SR-906C SUNRISE HWY S SVC RD,3,Highway estatal,Urbano,Arteria Menor,State Highway Agency,0,Sin jurisdiccion especial,99998,40.76357778,-73.08480833,Peaton,El primer evento no fue una colision con un vehiculo automotor en transporte,Not an Intersection,No fue interseccion,Sobre calle,Ninguna,Oscuro sin iluminacion,Nublado,No,NO APLICA,0,29,0,35,1,10/07/2022,3
36,New York,361058,0,0,1,0,103,SUFFOLK (103),705,BROOKHAVEN,7,Julio,23,2022,1,31,MT SINAI CORAM RD,5,Calle Local - Pueblo,Urbano,Local,Town or Township Highway Agency,0,Sin jurisdiccion especial,99998,40.94390278,-73.02028611,Buzon de correo,El primer evento no fue una colision con un vehiculo automotor en transporte,Not an Intersection,No fue interseccion,Sobre el lado de la calle,Ninguna,Oscuro sin iluminacion,Despejado,No,NO APLICA,99,99,99,99,1,23/07/2022,1
36,New York,361059,0,0,1,0,103,SUFFOLK (103),5769,SMITHTOWN,7,Julio,30,2022,12,0,CR-11 PULASKI RD,4,Calle del Condado,Urbano,Arteria Menor,County Highway Agency,0,Sin jurisdiccion especial,99998,40.88600278,-73.25798889,Volcadura,El primer evento no fue una colision con un vehiculo automotor en transporte,Not an Intersection,No fue interseccion,Sobre el lado de la calle,Ninguna,Dia total,Despejado,No,NO APLICA,12,1,12,4,1,30/07/2022,1
36,New York,361060,0,0,2,0,71,ORANGE (71),2320,GOSHEN,11,Noviembre,13,2022,6,44,US-6,2,US Highway,Urbano,Arterial Principal -Freeway o ExpressWay,State Highway Agency,1,Sin jurisdiccion especial,99998,41.36971944,-74.29140833,Vehiculo en movimiento,Frente a Detrás,Not an Intersection,No fue interseccion,Sobre calle,Ninguna,Oscuro sin iluminacion,lluvia,No,NO APLICA,99,99,99,99,1,13/11/2022,3
36,New York,361061,1,1,1,0,103,SUFFOLK (103),2920,ISLIP,8,Agosto,14,2022,1,30,JOHNSON AVE,5,Calle Local - Pueblo,Urbano,Local,Town or Township Highway Agency,0,Sin jurisdiccion especial,99998,40.807425,-73.12543889,Peaton,El primer evento no fue una colision con un vehiculo automotor en transporte,Not an Intersection,No fue interseccion,Sobre calle,Ninguna,Oscuro con iluminacion,Despejado,No,NO APLICA,99,99,99,99,1,14/08/2022,1
36,New York,361062,0,0,1,0,103,SUFFOLK (103),2920,ISLIP,9,Septiembre,3,2022,15,33,DELAWARE AVE,5,Calle Local - Pueblo,Urbano,Local,Town or Township Highway Agency,0,Sin jurisdiccion especial,0,40.75533611,-73.24175278,Hidrante,El primer evento no fue una colision con un vehiculo automotor en transporte,Not an Intersection,No fue interseccion,Sobre el lado de la calle,Ninguna,Dia total,Despejado,No,NO APLICA,15,35,15,40,1,03/09/2022,1
36,New York,361063,1,1,2,0,119,WESTCHESTER (119),2555,HARRISON,12,Diciembre,27,2022,4,14,I-287,1,Interestatal,Urbano,Interestatal,State Highway Agency,1,Sin jurisdiccion especial,99998,40.99083056,-73.67680278,Vehiculo en movimiento,Frente a Detrás,Not an Intersection,No fue interseccion,Separador,Ninguna,Oscuro sin iluminacion,Nublado,No,NO APLICA,4,20,4,45,1,27/12/2022,4
36,New York,361064,0,0,1,0,103,SUFFOLK (103),705,BROOKHAVEN,9,Septiembre,8,2022,19,50,CR-80 MONTAUK HWY,4,Calle del Condado,Urbano,Arteria Menor,County Highway Agency,0,Sin jurisdiccion especial,99998,40.78748611,-72.91696389,Poste,El primer evento no fue una colision con un vehiculo automotor en transporte,Not an Intersection,No fue interseccion,Sobre el lado de la calle,Ninguna,Oscuro con iluminacion,Despejado,No,NO APLICA,99,99,99,99,3,08/09/2022,3
36,New York,361065,0,0,2,0,103,SUFFOLK (103),705,BROOKHAVEN,8,Agosto,9,2022,19,29,CR-83,4,Calle del Condado,Urbano,Arteria Principal,County Highway Agency,1,Sin jurisdiccion especial,99998,40.85280833,-73.01979722,Vehiculo en movimiento,Frente a Detrás,Not an Intersection,No fue interseccion,Sobre calle,Ninguna,Dia total,Nublado,No,NO APLICA,99,99,99,99,1,09/08/2022,1
36,New York,361066,0,0,2,0,103,SUFFOLK (103),705,BROOKHAVEN,8,Agosto,9,2022,9,10,SR-112,3,Highway estatal,Urbano,Arteria Principal,State Highway Agency,1,Sin jurisdiccion especial,99998,40.89267222,-73.01573611,Vehiculo en movimiento,Angulo,Four-Way Intersection,Interseccion de 4 direcciones,Sobre calle,Ninguna,Dia total,Despejado,No,NO APLICA,99,99,99,99,1,09/08/2022,2
36,New York,361067,0,0,2,0,103,SUFFOLK (103),2840,HUNTINGTON,8,Agosto,13,2022,21,39,SR-25 JERICHO TURNPIKE,3,Highway estatal,Urbano,Arteria Principal,State Highway Agency,1,Sin jurisdiccion especial,99998,40.83927222,-73.32276944,Vehiculo en movimiento,Angulo,Not an Intersection,No fue interseccion,Sobre calle,Ninguna,Oscuro con iluminacion,Despejado,No,NO APLICA,99,99,99,99,1,13/08/2022,2
36,New York,361068,0,0,2,1,103,SUFFOLK (103),705,BROOKHAVEN,8,Agosto,15,2022,2,14,CLEARVIEW AVE,5,Calle Local - Pueblo,Urbano,Local,Town or Township Highway Agency,0,Sin jurisdiccion especial,99998,40.84714444,-73.03374722,Vehiculo Aparcado,El primer evento no fue una colision con un vehiculo automotor en transporte,Not an Intersection,No fue interseccion,Sobre el lado de la calle,Ninguna,Oscuro con iluminacion,Despejado,No,NO APLICA,99,99,99,99,1,15/08/2022,3
36,New York,361069,1,1,1,0,103,SUFFOLK (103),705,BROOKHAVEN,8,Agosto,15,2022,21,30,CR-46 WILLIAM FLOYD PKWY,4,Calle del Condado,Rural,Arteria Principal,County Highway Agency,1,Sin jurisdiccion especial,99998,40.79853056,-72.86627222,Peaton,El primer evento no fue una colision con un vehiculo automotor en transporte,Not an Intersection,No fue interseccion,Sobre calle,Ninguna,Oscuro con iluminacion,Nublado,No,NO APLICA,99,99,99,99,1,15/08/2022,1
36,New York,361070,0,0,1,0,37,GENESEE (37),4725,PEMBROKE,8,Agosto,21,2022,17,50,I-90,1,Interestatal,Rural,Interestatal,State Highway Agency,1,Sin jurisdiccion especial,99998,43.013825,-78.31546389,Soporte de Puente,El primer evento no fue una colision con un vehiculo automotor en transporte,Not an Intersection,No fue interseccion,Sobre el lado de la calle,Ninguna,Dia total,Nublado,No,NO APLICA,17,50,99,99,2,21/08/2022,2
36,New York,361071,1,1,1,0,103,SUFFOLK (103),705,BROOKHAVEN,9,Septiembre,9,2022,2,15,SR-25 MIDDLE COUNTRY RD,3,Highway estatal,Urbano,Arteria Principal,State Highway Agency,1,Sin jurisdiccion especial,99998,40.86778333,-73.023875,Peaton,El primer evento no fue una colision con un vehiculo automotor en transporte,Four-Way Intersection,Interseccion de 4 direcciones,Sobre calle,Ninguna,Oscuro con iluminacion,Despejado,No,NO APLICA,99,99,99,99,1,09/09/2022,2
36,New York,361072,1,1,1,0,103,SUFFOLK (103),705,BROOKHAVEN,9,Septiembre,11,2022,0,48,SR-347,3,Highway estatal,Urbano,Arteria Principal,State Highway Agency,1,Sin jurisdiccion especial,99998,40.92061389,-73.05152222,Peaton,El primer evento no fue una colision con un vehiculo automotor en transporte,Not an Intersection,No fue interseccion,Sobre calle,Ninguna,Oscuro con iluminacion,Despejado,No,NO APLICA,99,99,99,99,1,11/09/2022,1
36,New York,361073,0,0,1,0,71,ORANGE (71),6410,WARWICK,9,Septiembre,11,2022,6,43,COLONIAL AVE,6,Calle Local Municipalidad,Urbano,Colector Mayor,City or Municipal Highway Agency,0,Sin jurisdiccion especial,99998,41.26187222,-74.35031111,Buzon de correo,El primer evento no fue una colision con un vehiculo automotor en transporte,Not an Intersection,No fue interseccion,Sobre el lado de la calle,Ninguna,Oscuro con iluminacion,Nublado,No,NO APLICA,6,51,6,58,1,11/09/2022,1
36,New York,361074,1,1,1,0,103,SUFFOLK (103),2920,ISLIP,9,Septiembre,12,2022,5,25,SR-27A MONTAUK HWY,3,Highway estatal,Urbano,Arteria Menor,State Highway Agency,0,Sin jurisdiccion especial,99998,40.69682222,-73.31305,Peaton,El primer evento no fue una colision con un vehiculo automotor en transporte,Not an Intersection,No fue interseccion,Sobre calle,Ninguna,Oscuro con iluminacion,lluvia,No,NO APLICA,99,99,99,99,1,12/09/2022,1
36,New York,361075,0,0,1,0,103,SUFFOLK (103),5769,SMITHTOWN,9,Septiembre,12,2022,2,20,SR-25A,3,Highway estatal,Urbano,Arteria Principal,State Highway Agency,1,Sin jurisdiccion especial,99998,40.903225,-73.27306389,Poste,El primer evento no fue una colision con un vehiculo automotor en transporte,Four-Way Intersection,Interseccion de 4 direcciones,Sobre el lado de la calle,Ninguna,Oscuro con iluminacion,lluvia,No,NO APLICA,2,26,2,34,1,12/09/2022,1
36,New York,361076,0,0,2,0,103,SUFFOLK (103),5270,RONKONKOMA,9,Septiembre,18,2022,15,24,I-495,1,Interestatal,Urbano,Interestatal,State Highway Agency,1,Sin jurisdiccion especial,99998,40.81025556,-73.149925,Vehiculo en movimiento,Frente a Detrás,Not an Intersection,No fue interseccion,Sobre calle,Ninguna,Dia total,Despejado,No,NO APLICA,15,29,15,35,1,18/09/2022,3
36,New York,361077,0,0,3,0,103,SUFFOLK (103),2920,ISLIP,9,Septiembre,28,2022,7,10,SR-454 VETERANS HWY,3,Highway estatal,Urbano,Arteria Principal,State Highway Agency,1,Sin jurisdiccion especial,99998,40.83230833,-73.25911944,Vehiculo en movimiento,Angulo,Four-Way Intersection,Interseccion de 4 direcciones,Sobre calle,Ninguna,Dia total,Despejado,No,NO APLICA,99,99,99,99,1,28/09/2022,6
36,New York,361078,0,0,2,0,103,SUFFOLK (103),360,BABYLON,9,Septiembre,29,2022,7,58,ALBANY AVE,5,Calle Local - Pueblo,Urbano,Arteria Menor,Town or Township Highway Agency,0,Sin jurisdiccion especial,99998,40.70179167,-73.40645,Vehiculo en movimiento,Frente a frente,Not an Intersection,No fue interseccion,Sobre calle,Ninguna,Dia total,Despejado,Yes,NO APLICA,7,58,99,99,1,29/09/2022,5
36,New York,361079,0,0,2,0,103,SUFFOLK (103),2915,ISLANDIA,9,Septiembre,30,2022,19,10,SR-454 VETERANS MEMORIAL HWY,3,Highway estatal,Urbano,Arteria Principal,State Highway Agency,1,Sin jurisdiccion especial,99998,40.79880278,-73.17327778,Vehiculo en movimiento,Angulo,Four-Way Intersection,Interseccion de 4 direcciones,Sobre calle,Ninguna,Oscuro con iluminacion,Despejado,No,NO APLICA,19,11,19,16,1,30/09/2022,4
36,New York,361080,0,0,2,0,91,SARATOGA (91),390,BALLSTON SPA,9,Septiembre,30,2022,5,50,CR-45 GALWAY RD,4,Calle del Condado,Urbano,Colector Mayor,County Highway Agency,0,Sin jurisdiccion especial,99998,43.02532222,-73.93110833,Vehiculo en movimiento,Angulo,Not an Intersection,No fue interseccion,Sobre calle,Ninguna,Oscuro sin iluminacion,Despejado,No,NO APLICA,5,50,6,3,1,30/09/2022,2
36,New York,361081,1,1,1,0,67,ONONDAGA (67),1179,CLAY,11,Noviembre,23,2022,17,18,CR-91 OSWEGO RD,4,Calle del Condado,Rural,Arteria Principal,County Highway Agency,1,Sin jurisdiccion especial,99998,43.12747222,-76.21833889,Peaton,El primer evento no fue una colision con un vehiculo automotor en transporte,Not an Intersection,No fue interseccion,Sobre calle,Ninguna,Oscuro con iluminacion,Despejado,No,NO APLICA,17,19,17,23,1,23/11/2022,1
36,New York,361082,0,0,1,0,103,SUFFOLK (103),2840,HUNTINGTON,12,Diciembre,31,2022,7,22,SR-908G NORTHERN STATE PKWY,3,Highway estatal,Urbano,Arterial Principal -Freeway o ExpressWay,State Highway Agency,1,Sin jurisdiccion especial,99998,40.81271389,-73.37619722,Arbol,El primer evento no fue una colision con un vehiculo automotor en transporte,Not an Intersection,No fue interseccion,Sobre el lado de la calle,Ninguna,Dia total,lluvia,No,NO APLICA,7,22,7,32,1,31/12/2022,1
36,New York,361083,0,0,2,0,59,NASSAU (59),4600,OYSTER BAY,12,Diciembre,9,2022,8,23,SR-107 HICKSVILLE RD,3,Highway estatal,Urbano,Arteria Principal,State Highway Agency,1,Sin jurisdiccion especial,99998,40.69372778,-73.47968333,Vehiculo en movimiento,Frente a frente,T-Intersection,Interseccion de T,Sobre calle,Ninguna,Dia total,Despejado,No,NO APLICA,8,25,8,30,1,09/12/2022,2
36,New York,361084,0,0,3,0,71,ORANGE (71),4828,PINE BUSH,8,Agosto,19,2022,18,13,SR-17K,3,Highway estatal,Urbano,Arteria Principal,State Highway Agency,1,Sin jurisdiccion especial,99998,41.54238056,-74.36178611,Vehiculo en movimiento,Angulo,Four-Way Intersection,Interseccion de 4 direcciones,Sobre calle,Ninguna,Dia total,Despejado,No,NO APLICA,18,13,18,22,1,19/08/2022,5
36,New York,361085,1,1,1,0,119,WESTCHESTER (119),6670,WHITE PLAINS,12,Diciembre,2,2022,19,30,HIGHVIEW PL,5,Calle Local - Pueblo,Urbano,Local,City or Municipal Highway Agency,0,Sin jurisdiccion especial,0,41.04821667,-73.75485,Peaton,El primer evento no fue una colision con un vehiculo automotor en transporte,Not an Intersection,No fue interseccion,Sobre calle,Ninguna,Oscuro con iluminacion,Despejado,No,NO APLICA,19,30,19,40,1,02/12/2022,1
36,New York,361086,0,0,1,0,29,ERIE (29),3140,LANCASTER,3,Marzo,2,2022,23,32,WARNER RD,5,Calle Local - Pueblo,Urbano,Local,Town or Township Highway Agency,0,Sin jurisdiccion especial,0,42.92638889,-78.68205556,Buzon de correo,El primer evento no fue una colision con un vehiculo automotor en transporte,Not an Intersection,No fue interseccion,Sobre el lado de la calle,Ninguna,Oscuro con iluminacion,Nieve,No,NO APLICA,23,36,23,37,2,02/03/2022,3
36,New York,361087,0,0,1,0,103,SUFFOLK (103),2840,HUNTINGTON,9,Septiembre,3,2022,7,5,CR-11 W PULASKI RD,4,Calle del Condado,Urbano,Arteria Menor,County Highway Agency,0,Sin jurisdiccion especial,99998,40.847875,-73.41788056,Soporte de  señalamiento de transito,El primer evento no fue una colision con un vehiculo automotor en transporte,Not an Intersection,No fue interseccion,Sobre calle,Ninguna,Dia total,Despejado,No,338316X,99,99,99,99,1,03/09/2022,1
36,New York,361088,1,1,1,0,87,ROCKLAND (87),5077,RAMAPO,11,Noviembre,27,2022,17,0,W CARLTON RD,5,Calle Local - Pueblo,Urbano,Local,Town or Township Highway Agency,0,Sin jurisdiccion especial,99998,41.12434444,-74.08930278,Peaton,El primer evento no fue una colision con un vehiculo automotor en transporte,Not an Intersection,No fue interseccion,Sobre calle,Ninguna,Oscuro con iluminacion,lluvia,No,NO APLICA,1,31,1,31,1,27/11/2022,6
36,New York,361089,1,1,1,0,65,ONEIDA (65),5260,ROME,12,Diciembre,7,2022,17,15,SR-46 BLACK RIVER BLVD,3,Highway estatal,Urbano,Arteria Principal,State Highway Agency,1,Sin jurisdiccion especial,99998,99.9999,999.9999,Peaton,El primer evento no fue una colision con un vehiculo automotor en transporte,Not an Intersection,No fue interseccion,Sobre calle,Ninguna,Oscuro sin iluminacion,Nublado,No,NO APLICA,99,99,99,99,1,07/12/2022,1
36,New York,361090,0,0,1,0,67,ONONDAGA (67),3540,MARCELLUS,12,Diciembre,21,2022,4,36,CR-243 FRANK GAY RD,4,Calle del Condado,Urbano,Local,County Highway Agency,0,Sin jurisdiccion especial,99998,42.99148611,-76.30878611,Zanja,El primer evento no fue una colision con un vehiculo automotor en transporte,Not an Intersection,No fue interseccion,Sobre el lado de la calle,Ninguna,Oscuro sin iluminacion,Nublado,No,NO APLICA,99,99,99,99,1,21/12/2022,1
36,New York,361091,0,0,1,0,33,FRANKLIN (33),3460,MALONE,12,Diciembre,17,2022,10,31,WILLIAM ST,6,Calle Local Municipalidad,Urbano,Local,City or Municipal Highway Agency,0,Sin jurisdiccion especial,99998,44.84640278,-74.27871111,Poste,El primer evento no fue una colision con un vehiculo automotor en transporte,Not an Intersection,No fue interseccion,Sobre el lado de la calle,Ninguna,Dia total,Nieve,No,NO APLICA,10,31,10,35,1,17/12/2022,1
36,New York,361092,1,1,1,0,103,SUFFOLK (103),3330,LLOYD HARBOR,12,Diciembre,21,2022,12,18,W NECK RD,6,Calle Local Municipalidad,Urbano,Colector Mayor,City or Municipal Highway Agency,0,Sin jurisdiccion especial,99998,40.889025,-73.44481111,Peaton,El primer evento no fue una colision con un vehiculo automotor en transporte,Not an Intersection,No fue interseccion,Sobre calle,Ninguna,Dia total,Despejado,No,NO APLICA,99,99,99,99,1,21/12/2022,1
36,New York,361093,1,1,2,0,59,NASSAU (59),2910,ISLAND PARK,7,Julio,11,2022,21,5,CR-D39 LONG BEACH RD,4,Calle del Condado,Urbano,Colector Mayor,County Highway Agency,0,Sin jurisdiccion especial,99998,40.60960556,-73.65170556,Peaton,El primer evento no fue una colision con un vehiculo automotor en transporte,Not an Intersection,No fue interseccion,Sobre calle,Ninguna,Oscuro con iluminacion,Despejado,No,NO APLICA,21,8,21,13,1,11/07/2022,2
36,New York,361094,0,0,1,0,23,CORTLAND (23),1380,CORTLAND,12,Diciembre,28,2022,22,17,SR-281,3,Highway estatal,Urbano,Arteria Principal,State Highway Agency,1,Sin jurisdiccion especial,99998,42.62765278,-76.19190833,Banqueta,El primer evento no fue una colision con un vehiculo automotor en transporte,T-Intersection,Interseccion de T,Gore?,Ninguna,Oscuro sin iluminacion,Nublado,No,NO APLICA,22,23,22,27,1,28/12/2022,4
36,New York,361095,0,0,2,0,59,NASSAU (59),4090,NEW HYDE PARK,8,Agosto,29,2022,8,58,SR-25A NORTHERN BLVD,3,Highway estatal,Urbano,Arteria Principal,State Highway Agency,1,Sin jurisdiccion especial,99998,40.81155556,-73.62178056,Vehiculo en movimiento,Angulo,T-Intersection,Interseccion de T,Sobre calle,Ninguna,Dia total,Despejado,No,NO APLICA,8,58,9,0,1,29/08/2022,4
36,New York,361096,1,1,1,0,119,WESTCHESTER (119),1644,EASTCHESTER,5,Mayo,19,2022,9,49,CR-2 HARNEY RD,4,Calle del Condado,Urbano,Arteria Menor,County Highway Agency,0,Sin jurisdiccion especial,99998,40.97963611,-73.81287222,Peaton,El primer evento no fue una colision con un vehiculo automotor en transporte,T-Intersection,Interseccion de T,Sobre calle,Ninguna,Dia total,lluvia,No,NO APLICA,9,49,9,54,1,19/05/2022,1
36,New York,361097,1,1,1,0,27,DUTCHESS (27),2000,FISHKILL,10,Octubre,14,2022,6,35,US-9,2,US Highway,Urbano,Arteria Principal,State Highway Agency,1,Sin jurisdiccion especial,99998,41.50726389,-73.89715278,Peaton,El primer evento no fue una colision con un vehiculo automotor en transporte,Not an Intersection,No fue interseccion,Sobre calle,Ninguna,Oscuro sin iluminacion,Nublado,No,NO APLICA,6,35,6,45,1,14/10/2022,1
36,New York,361098,1,1,1,0,45,JEFFERSON (45),6450,WATERTOWN,11,Noviembre,16,2022,17,46,US-11 WASHINGTON ST,2,US Highway,Urbano,Arteria Principal,State Highway Agency,1,Sin jurisdiccion especial,99998,43.96511944,-75.91276944,Peaton,El primer evento no fue una colision con un vehiculo automotor en transporte,Not an Intersection,No fue interseccion,Sobre calle,Ninguna,Oscuro con iluminacion,Nieve,No,NO APLICA,17,46,17,47,1,16/11/2022,1
36,New York,361100,1,1,1,0,103,SUFFOLK (103),2840,HUNTINGTON,10,Octubre,5,2022,21,45,CR-35 DEER PARK RD,4,Calle del Condado,Urbano,Arteria Menor,County Highway Agency,0,Sin jurisdiccion especial,99998,40.82993056,-73.35985278,Peaton,El primer evento no fue una colision con un vehiculo automotor en transporte,Four-Way Intersection,Interseccion de 4 direcciones,Sobre calle,Ninguna,Oscuro con iluminacion,No reportado,No,NO APLICA,99,99,99,99,1,05/10/2022,1
36,New York,361101,1,1,1,0,103,SUFFOLK (103),1700,EAST PATCHOGUE,10,Octubre,12,2022,21,28,CR-36 S COUNTRY RD,4,Calle del Condado,Urbano,Arteria Menor,County Highway Agency,0,Sin jurisdiccion especial,99998,40.75661667,-72.96269444,Peaton,El primer evento no fue una colision con un vehiculo automotor en transporte,Four-Way Intersection,Interseccion de 4 direcciones,Sobre calle,Ninguna,Oscuro con iluminacion,Despejado,No,NO APLICA,99,99,99,99,1,12/10/2022,1
36,New York,361102,2,2,1,0,103,SUFFOLK (103),705,BROOKHAVEN,10,Octubre,12,2022,19,37,GRANNY RD,5,Calle Local - Pueblo,Urbano,Local,Town or Township Highway Agency,0,Sin jurisdiccion especial,99998,40.84875,-72.98596944,Peaton,El primer evento no fue una colision con un vehiculo automotor en transporte,Not an Intersection,No fue interseccion,Sobre calle,Ninguna,Dia total,Despejado,No,NO APLICA,99,99,99,99,1,12/10/2022,1
36,New York,361103,1,1,1,0,103,SUFFOLK (103),4970,PORT JEFFERSON STATION,10,Octubre,22,2022,20,35,BELLE TERRE RD,5,Calle Local - Pueblo,Urbano,Local,Town or Township Highway Agency,0,Sin jurisdiccion especial,99998,40.94187222,-73.05671111,Peaton,El primer evento no fue una colision con un vehiculo automotor en transporte,Not an Intersection,No fue interseccion,Sobre calle,Ninguna,Oscuro sin iluminacion,Despejado,No,NO APLICA,99,99,99,99,1,22/10/2022,1
36,New York,361104,2,2,1,0,103,SUFFOLK (103),2920,ISLIP,10,Octubre,29,2022,18,55,CR-93 OCEAN AVE,5,Calle Local - Pueblo,Urbano,Local,Town or Township Highway Agency,0,Sin jurisdiccion especial,99998,40.81435278,-73.12540833,Peaton,El primer evento no fue una colision con un vehiculo automotor en transporte,Not an Intersection,No fue interseccion,Sobre calle,Ninguna,Oscuro sin iluminacion,Despejado,No,NO APLICA,18,56,19,1,2,29/10/2022,1
36,New York,361105,1,1,1,0,103,SUFFOLK (103),705,BROOKHAVEN,11,Noviembre,3,2022,22,53,CR-83,4,Calle del Condado,Urbano,Arteria Principal,County Highway Agency,1,Sin jurisdiccion especial,99998,40.92128056,-73.00789444,Peaton,El primer evento no fue una colision con un vehiculo automotor en transporte,Not an Intersection,No fue interseccion,Sobre calle,Ninguna,Oscuro sin iluminacion,Despejado,No,NO APLICA,99,99,99,99,1,03/11/2022,1
36,New York,361106,1,1,1,0,103,SUFFOLK (103),705,BROOKHAVEN,11,Noviembre,6,2022,23,51,SR-25 MIDDLE COUNTRY RD,3,Highway estatal,Urbano,Arteria Principal,State Highway Agency,1,Sin jurisdiccion especial,99998,40.87303889,-72.98441944,Peaton,El primer evento no fue una colision con un vehiculo automotor en transporte,Not an Intersection,No fue interseccion,Sobre calle,Ninguna,Oscuro con iluminacion,Despejado,No,NO APLICA,99,99,99,99,1,06/11/2022,1
36,New York,361107,1,1,1,0,103,SUFFOLK (103),360,BABYLON,11,Noviembre,8,2022,15,18,SR-110 BROADHOLLOW RD,3,Highway estatal,Urbano,Arteria Principal,State Highway Agency,1,Sin jurisdiccion especial,99998,40.71695556,-73.42632222,Peaton,El primer evento no fue una colision con un vehiculo automotor en transporte,Not an Intersection,No fue interseccion,Sobre el lado de la calle,Ninguna,Dia total,Despejado,No,NO APLICA,15,18,99,99,1,08/11/2022,1
36,New York,361108,1,1,1,0,103,SUFFOLK (103),2920,ISLIP,11,Noviembre,19,2022,22,27,SR-454 VETERANS MEMORIAL HWY,3,Highway estatal,Urbano,Arteria Principal,State Highway Agency,1,Sin jurisdiccion especial,99998,40.77855556,-73.07518611,Peaton,El primer evento no fue una colision con un vehiculo automotor en transporte,Four-Way Intersection,Interseccion de 4 direcciones,Sobre calle,Ninguna,Oscuro con iluminacion,Nublado,No,NO APLICA,99,99,99,99,1,19/11/2022,1
36,New York,361109,0,0,2,0,103,SUFFOLK (103),705,BROOKHAVEN,10,Octubre,14,2022,16,21,LAKESIDE DR,5,Calle Local - Pueblo,Urbano,Local,Town or Township Highway Agency,0,Sin jurisdiccion especial,0,40.82193611,-73.06207778,Alguien se cayo/avento del vehiculo,El primer evento no fue una colision con un vehiculo automotor en transporte,Not an Intersection,No fue interseccion,Sobre calle,Ninguna,Dia total,Despejado,No,NO APLICA,99,99,99,99,1,14/10/2022,2
36,New York,361110,0,0,2,0,103,SUFFOLK (103),705,BROOKHAVEN,10,Octubre,24,2022,19,32,SR-25A,3,Highway estatal,Urbano,Arteria Principal,State Highway Agency,1,Sin jurisdiccion especial,99998,40.94243056,-72.981925,Vehiculo en movimiento,Angulo,Not an Intersection,No fue interseccion,Sobre calle,Ninguna,Oscuro con iluminacion,lluvia,No,NO APLICA,99,99,99,99,2,24/10/2022,3
36,New York,361111,0,0,1,0,103,SUFFOLK (103),4385,OAKDALE,8,Agosto,22,2022,23,14,SR-27A MONTAUK HWY,3,Highway estatal,Urbano,Arteria Menor,State Highway Agency,0,Sin jurisdiccion especial,99998,40.74776667,-73.14438889,Arbol,El primer evento no fue una colision con un vehiculo automotor en transporte,Not an Intersection,No fue interseccion,Gore?,Ninguna,Oscuro con iluminacion,Despejado,No,NO APLICA,23,15,23,24,1,22/08/2022,1
36,New York,361112,0,0,1,0,103,SUFFOLK (103),2840,HUNTINGTON,9,Septiembre,7,2022,16,40,I-495,1,Interestatal,Urbano,Interestatal,State Highway Agency,1,Sin jurisdiccion especial,99998,40.78094444,-73.41999722,Barrera de Trafico de Concreto,El primer evento no fue una colision con un vehiculo automotor en transporte,Not an Intersection,No fue interseccion,En el medio,Ninguna,Dia total,Nublado,No,NO APLICA,16,40,16,48,1,07/09/2022,1
36,New York,361113,0,0,1,0,103,SUFFOLK (103),705,BROOKHAVEN,10,Octubre,28,2022,19,45,LINCOLN RD,5,Calle Local - Pueblo,Urbano,Local,Town or Township Highway Agency,0,Sin jurisdiccion especial,0,40.83877778,-72.95554167,Arbol,El primer evento no fue una colision con un vehiculo automotor en transporte,Not an Intersection,No fue interseccion,Sobre el lado de la calle,Ninguna,Oscuro con iluminacion,Despejado,No,NO APLICA,99,99,99,99,1,28/10/2022,1