Estado,Nombre de Estado,Numero de Caso,Peatones,Personas _no_vehiculos,Vehiculos automotores,Vehiculos estacionados,Condado,Nombre Condado,Ciudad,Nombre Ciudad,Mes,Nombre Mes,Dia,Año,Hora,Minuto,Calle,Ruta,Nombre Ruta,Rural o Urbanoo,Sistema Funcional,Dueño Calle,Sistema Nacional Carreteras,Jurisdiccion Especial,Milla,Latitud,Longitud,Causa del Accidente,Tipo de Accidente,Tipo Interseccion,Columna1,Lugar en la calle,Zona de Trabajo,Luz,Clima,Autobus Escolar,Cruce de Trenes,Hora Notificacion,Minuto Notificacion,Hora Llegada,Minuto Llegada,Decesos,Fecha,PersonaVehiculo
36,New York,361114,0,0,1,0,103,SUFFOLK (103),5769,SMITHTOWN,12,Diciembre,29,2022,7,52,CR-67 MOTOR PKWY,4,Calle del Condado,Urbano,Arteria Menor,County Highway Agency,0,Sin jurisdiccion especial,99998,40.80800833,-73.28104167,Poste o otros soportes,El primer evento no fue una colision con un vehiculo automotor en transporte,Not an Intersection,No fue interseccion,Sobre el lado de la calle,Ninguna,Oscuro con iluminacion,Despejado,No,NO APLICA,99,99,99,99,1,29/12/2022,1
36,New York,361115,0,0,1,0,103,SUFFOLK (103),705,BROOKHAVEN,12,Diciembre,30,2022,1,25,CANAL RD,5,Calle Local - Pueblo,Urbano,Colector Mayor,Town or Township Highway Agency,0,Sin jurisdiccion especial,99998,40.91448333,-73.00811111,Arbol,El primer evento no fue una colision con un vehiculo automotor en transporte,Not an Intersection,No fue interseccion,Sobre el lado de la calle,Ninguna,Oscuro con iluminacion,Nublado,No,NO APLICA,99,99,99,99,1,30/12/2022,1
36,New York,361117,0,0,2,0,103,SUFFOLK (103),705,BROOKHAVEN,12,Diciembre,17,2022,13,56,CR-16 PORTION RD,4,Calle del Condado,Urbano,Arteria Menor,County Highway Agency,0,Sin jurisdiccion especial,99998,40.83533333,-73.05834722,Vehiculo en movimiento,Angulo,Four-Way Intersection,Interseccion de 4 direcciones,Sobre calle,Ninguna,Dia total,Despejado,No,NO APLICA,99,99,99,99,1,17/12/2022,3
36,New York,361118,1,1,1,0,103,SUFFOLK (103),360,BABYLON,8,Agosto,16,2022,16,27,SR-27,3,Highway estatal,Urbano,Arteria Principal,State Highway Agency,1,Sin jurisdiccion especial,99998,40.70587778,-73.372,Peaton,El primer evento no fue una colision con un vehiculo automotor en transporte,Not an Intersection,No fue interseccion,Sobre calle,Ninguna,Dia total,Despejado,No,NO APLICA,99,99,99,99,1,16/08/2022,1
36,New York,361119,1,1,1,0,103,SUFFOLK (103),2920,ISLIP,10,Octubre,25,2022,18,17,REMMINGTON BLVD,5,Calle Local - Pueblo,Urbano,Local,Town or Township Highway Agency,0,Sin jurisdiccion especial,99998,40.78946944,-73.130775,Peaton,El primer evento no fue una colision con un vehiculo automotor en transporte,Not an Intersection,No fue interseccion,Sobre calle,Ninguna,Dia total,Nublado,No,NO APLICA,99,99,99,99,1,25/10/2022,1
36,New York,361120,1,1,1,0,103,SUFFOLK (103),360,BABYLON,10,Octubre,29,2022,21,21,CR-2 DIXON AVE,4,Calle del Condado,Urbano,Arteria Menor,County Highway Agency,0,Sin jurisdiccion especial,99998,40.68673889,-73.39804444,Ciclista,El primer evento no fue una colision con un vehiculo automotor en transporte,Four-Way Intersection,Interseccion de 4 direcciones,Sobre calle,Ninguna,Oscuro con iluminacion,Despejado,No,NO APLICA,99,99,99,99,1,29/10/2022,1
36,New York,361121,1,1,1,0,103,SUFFOLK (103),1296,COMMACK,11,Noviembre,28,2022,13,52,SR-454 VETERANS HWY,3,Highway estatal,Urbano,Arteria Principal,State Highway Agency,1,Sin jurisdiccion especial,99998,40.83865556,-73.28495556,Peaton,El primer evento no fue una colision con un vehiculo automotor en transporte,Not an Intersection,No fue interseccion,Sobre calle,Ninguna,Dia total,Despejado,No,NO APLICA,99,99,99,99,1,28/11/2022,1
36,New York,361122,1,1,1,0,103,SUFFOLK (103),4670,PATCHOGUE,11,Noviembre,18,2022,17,36,CR-19 WEST AVE,4,Calle del Condado,Urbano,Colector Menor,County Highway Agency,0,Sin jurisdiccion especial,99998,40.76440556,-73.01858611,Peaton,El primer evento no fue una colision con un vehiculo automotor en transporte,Four-Way Intersection,Interseccion de 4 direcciones,Sobre calle,Ninguna,Atardecer,Despejado,No,NO APLICA,99,99,99,99,1,18/11/2022,1
36,New York,361123,1,1,1,0,103,SUFFOLK (103),705,BROOKHAVEN,12,Diciembre,5,2022,20,4,I-495 EXIT RAMP,1,Interestatal,Urbano,Interestatal,State Highway Agency,1,Sin jurisdiccion especial,99998,40.81252778,-73.11398611,Peaton,El primer evento no fue una colision con un vehiculo automotor en transporte,Not an Intersection,No fue interseccion,Sobre calle,Ninguna,Oscuro con iluminacion,Despejado,No,NO APLICA,20,4,20,15,1,05/12/2022,1
36,New York,361124,1,1,1,0,103,SUFFOLK (103),2920,ISLIP,12,Diciembre,7,2022,17,40,SR-111 ISLIP AVE,3,Highway estatal,Urbano,Arteria Principal,State Highway Agency,1,Sin jurisdiccion especial,99998,40.75247778,-73.20883056,Peaton,El primer evento no fue una colision con un vehiculo automotor en transporte,Not an Intersection,No fue interseccion,Sobre calle,Ninguna,Oscuro sin iluminacion,lluvia,No,NO APLICA,99,99,99,99,1,07/12/2022,1
36,New York,361125,1,1,1,0,103,SUFFOLK (103),2920,ISLIP,12,Diciembre,9,2022,6,15,SPUR DR N,5,Calle Local - Pueblo,Urbano,Local,Town or Township Highway Agency,0,Sin jurisdiccion especial,0,40.75280278,-73.24450833,Peaton,El primer evento no fue una colision con un vehiculo automotor en transporte,Not an Intersection,No fue interseccion,Sobre calle,Ninguna,Oscuro sin iluminacion,Despejado,No,NO APLICA,99,99,99,99,1,09/12/2022,1
36,New York,361126,1,1,1,0,71,ORANGE (71),4060,NEWBURGH,12,Diciembre,16,2022,18,11,US-9W ROBINSON AVE,2,US Highway,Urbano,Arteria Principal,State Highway Agency,1,Sin jurisdiccion especial,99998,41.51773611,-74.01992778,Peaton,El primer evento no fue una colision con un vehiculo automotor en transporte,Not an Intersection,No fue interseccion,Sobre calle,Ninguna,Oscuro con iluminacion,lluvia,No,NO APLICA,99,99,99,99,1,16/12/2022,2
36,New York,361127,1,1,1,0,103,SUFFOLK (103),360,BABYLON,12,Diciembre,26,2022,23,10,SR-110 BROADWAY,3,Highway estatal,Urbano,Arteria Principal,State Highway Agency,1,Sin jurisdiccion especial,99998,40.70208889,-73.42689722,Ciclista,El primer evento no fue una colision con un vehiculo automotor en transporte,Four-Way Intersection,Interseccion de 4 direcciones,Sobre calle,Ninguna,Oscuro con iluminacion,Despejado,No,NO APLICA,99,99,99,99,1,26/12/2022,1
36,New York,361128,1,1,1,0,5,BRONX (5),4170,NEW YORK CITY,12,Diciembre,31,2022,4,34,US-9 BROADWAY,2,US Highway,Urbano,Arteria Principal,State Highway Agency,1,Sin jurisdiccion especial,99998,40.88505278,-73.90066944,Peaton,El primer evento no fue una colision con un vehiculo automotor en transporte,Four-Way Intersection,Interseccion de 4 direcciones,Sobre calle,Ninguna,Oscuro con iluminacion,Despejado,No,NO APLICA,99,99,99,99,1,31/12/2022,1
36,New York,361129,0,0,2,0,103,SUFFOLK (103),160,AMITYVILLE,7,Julio,3,2022,20,30,CR-1 COUNTY LINE RD,4,Calle del Condado,Urbano,Arteria Menor,County Highway Agency,0,Sin jurisdiccion especial,99998,40.67701667,-73.42440833,Vehiculo en movimiento,Angulo,Not an Intersection,No fue interseccion,Sobre calle,Ninguna,Atardecer,Despejado,No,NO APLICA,99,99,99,99,1,03/07/2022,3
36,New York,361130,0,0,2,0,103,SUFFOLK (103),705,BROOKHAVEN,8,Agosto,22,2022,1,48,I-495,1,Interestatal,Urbano,Interestatal,State Highway Agency,1,Sin jurisdiccion especial,99998,99.9999,999.9999,Vehiculo en movimiento,Frente a Detrás,Not an Intersection,No fue interseccion,Sobre calle,Ninguna,Oscuro con iluminacion,Despejado,No,NO APLICA,1,50,99,99,1,22/08/2022,3
36,New York,361131,0,0,2,0,103,SUFFOLK (103),5210,RIVERHEAD,10,Octubre,9,2022,9,8,SR-25A,3,Highway estatal,Urbano,Arteria Principal,State Highway Agency,1,Sin jurisdiccion especial,99998,40.94390278,-72.84229722,Vehiculo en movimiento,Frente a Detrás,Four-Way Intersection,Interseccion de 4 direcciones,Sobre calle,Ninguna,Dia total,Despejado,No,NO APLICA,99,99,99,99,1,09/10/2022,5
36,New York,361132,1,1,1,0,103,SUFFOLK (103),360,BABYLON,12,Diciembre,5,2022,13,31,SR-27 SUNRISE HWY,3,Highway estatal,Urbano,Arteria Menor,State Highway Agency,0,Sin jurisdiccion especial,99998,40.69232778,-73.39831667,Peaton,El primer evento no fue una colision con un vehiculo automotor en transporte,Four-Way Intersection,Interseccion de 4 direcciones,Sobre calle,Ninguna,Dia total,Despejado,No,NO APLICA,99,99,99,99,1,05/12/2022,1
36,New York,361133,1,1,2,0,5,BRONX (5),4170,NEW YORK CITY,10,Octubre,21,2022,23,27,E GUN HILL RD,6,Calle Local Municipalidad,Urbano,Arteria Principal,City or Municipal Highway Agency,1,Sin jurisdiccion especial,99998,40.87746111,-73.86641944,Peaton,El primer evento no fue una colision con un vehiculo automotor en transporte,Four-Way Intersection,Interseccion de 4 direcciones,Sobre calle,Ninguna,Oscuro con iluminacion,Despejado,No,NO APLICA,99,99,99,99,1,21/10/2022,2
36,New York,361134,0,0,2,0,103,SUFFOLK (103),2840,HUNTINGTON,11,Noviembre,6,2022,13,23,ROUND SWAMP RD,5,Calle Local - Pueblo,Urbano,Arteria Menor,Town or Township Highway Agency,0,Sin jurisdiccion especial,99998,40.81009722,-73.442525,Vehiculo en movimiento,Frente a frente,Not an Intersection,No fue interseccion,Sobre calle,Ninguna,Dia total,Nublado,No,NO APLICA,13,25,13,37,1,06/11/2022,2
36,New York,361135,0,0,2,0,103,SUFFOLK (103),360,BABYLON,12,Diciembre,8,2022,5,55,SR-110,3,Highway estatal,Urbano,Arteria Principal,State Highway Agency,1,Sin jurisdiccion especial,99998,40.69512778,-73.42403889,Vehiculo en movimiento,Angulo,Four-Way Intersection,Interseccion de 4 direcciones,Sobre calle,Ninguna,Oscuro con iluminacion,Despejado,No,NO APLICA,5,55,5,59,1,08/12/2022,3
36,New York,361136,0,0,1,0,103,SUFFOLK (103),2920,ISLIP,11,Noviembre,12,2022,5,31,SR-908K SAGTIKOS PKWY,3,Highway estatal,Urbano,Arterial Principal -Freeway o ExpressWay,State Highway Agency,1,Sin jurisdiccion especial,99998,40.74510278,-73.27915556,Fin de valla,El primer evento no fue una colision con un vehiculo automotor en transporte,Not an Intersection,No fue interseccion,En el medio,Ninguna,Oscuro con iluminacion,lluvia,No,NO APLICA,5,39,99,99,1,12/11/2022,2
36,New York,361137,1,1,2,0,59,NASSAU (59),2600,HEMPSTEAD,3,Marzo,28,2022,12,32,CR-4 MERRICK RD,4,Calle del Condado,Urbano,Arteria Menor,County Highway Agency,0,Sin jurisdiccion especial,99998,40.66473333,-73.5526,Vehiculo en movimiento,Golpe Lateral - misma direccion,T-Intersection,Interseccion de T,Sobre calle,Ninguna,Dia total,Despejado,Yes,NO APLICA,99,99,99,99,1,28/03/2022,2
36,New York,361138,0,0,2,0,59,NASSAU (59),4600,OYSTER BAY,11,Noviembre,11,2022,9,9,SR-27A MERRICK RD,3,Highway estatal,Urbano,Arteria Menor,State Highway Agency,0,Sin jurisdiccion especial,99998,40.66941389,-73.43066667,Vehiculo en movimiento,Angulo,Not an Intersection,No fue interseccion,Sobre calle,Ninguna,Dia total,Nublado,No,NO APLICA,99,99,99,99,1,11/11/2022,2
36,New York,361139,0,0,2,0,103,SUFFOLK (103),705,BROOKHAVEN,12,Diciembre,29,2022,5,47,UNION AVE,5,Calle Local - Pueblo,Urbano,Local,Town or Township Highway Agency,0,Sin jurisdiccion especial,99998,40.81181111,-73.08559444,Vehiculo en movimiento,Angulo,Four-Way Intersection,Interseccion de 4 direcciones,Sobre calle,Ninguna,Oscuro con iluminacion,Nublado,No,NO APLICA,99,99,99,99,1,29/12/2022,3
36,New York,361140,1,1,1,0,59,NASSAU (59),2370,GREAT NECK,11,Noviembre,10,2022,8,0,GREAT NECK RD,5,Calle Local - Pueblo,Urbano,Arteria Menor,Town or Township Highway Agency,0,Sin jurisdiccion especial,99998,40.77576389,-73.7321,Ciclista,El primer evento no fue una colision con un vehiculo automotor en transporte,Not an Intersection,No fue interseccion,Sobre calle,Ninguna,Dia total,Despejado,No,NO APLICA,99,99,99,99,1,10/11/2022,1
36,New York,361141,1,1,1,0,91,SARATOGA (91),1209,CLIFTON PARK,8,Agosto,18,2022,14,17,CR-90 VISCHER FERRY RD,4,Calle del Condado,Urbano,Colector Mayor,County Highway Agency,0,Sin jurisdiccion especial,99998,42.82755278,-73.82507778,Peaton,El primer evento no fue una colision con un vehiculo automotor en transporte,Not an Intersection,No fue interseccion,Sobre el lado de la calle,Ninguna,Dia total,Despejado,No,NO APLICA,14,19,14,26,1,18/08/2022,1
36,New York,361142,0,0,1,0,53,MADISON (53),4470,ONEIDA,8,Agosto,28,2022,14,31,CR-18 FAIRVIEW AVE,4,Calle del Condado,Urbano,Local,County Highway Agency,0,Sin jurisdiccion especial,99998,43.06562222,-75.65794444,Culvert,El primer evento no fue una colision con un vehiculo automotor en transporte,Not an Intersection,No fue interseccion,Sobre el lado de la calle,Ninguna,Dia total,Despejado,No,NO APLICA,14,31,14,38,1,28/08/2022,1
36,New York,361143,1,1,1,0,103,SUFFOLK (103),5810,SOUTHAMPTON,12,Diciembre,23,2022,6,14,CR-80 W MONTAUK HWY,4,Calle del Condado,Urbano,Arteria Menor,County Highway Agency,0,Sin jurisdiccion especial,99998,40.87512778,-72.53586944,Peaton,El primer evento no fue una colision con un vehiculo automotor en transporte,Not an Intersection,No fue interseccion,Sobre calle,Ninguna,Dia total,lluvia,No,NO APLICA,99,99,99,99,1,23/12/2022,1
36,New York,361144,1,1,1,0,7,BROOME (7),1880,ENDICOTT,6,Junio,9,2022,13,55,N MCKINLEY AVE,6,Calle Local Municipalidad,Urbano,Arteria Menor,City or Municipal Highway Agency,0,Sin jurisdiccion especial,99998,42.10975278,-76.04509167,Peaton,El primer evento no fue una colision con un vehiculo automotor en transporte,Not an Intersection,No fue interseccion,Sobre calle,Ninguna,Dia total,Despejado,No,NO APLICA,13,55,13,58,1,09/06/2022,2
36,New York,361145,0,0,1,0,95,SCHOHARIE (95),2272,GILBOA,11,Noviembre,9,2022,16,30,CAULKINS RD,5,Calle Local - Pueblo,Rural,Local,Town or Township Highway Agency,0,Sin jurisdiccion especial,99998,42.38799167,-74.38814722,Zanja,El primer evento no fue una colision con un vehiculo automotor en transporte,Not an Intersection,No fue interseccion,Sobre el lado de la calle,Ninguna,Dia total,Despejado,No,NO APLICA,16,42,16,49,1,09/11/2022,1
36,New York,361146,0,0,1,0,17,CHENANGO (17),4590,OXFORD,12,Diciembre,24,2022,11,50,CR-27,4,Calle del Condado,Rural,Local,County Highway Agency,0,Sin jurisdiccion especial,99998,42.41431389,-75.57410833,Volcadura,El primer evento no fue una colision con un vehiculo automotor en transporte,Not an Intersection,No fue interseccion,Sobre el lado de la calle,Ninguna,Dia total,Nublado,No,NO APLICA,11,54,12,8,1,24/12/2022,7
36,New York,361147,1,1,1,0,91,SARATOGA (91),5860,SOUTH GLENS FALLS,2,Febrero,22,2022,19,33,MAIN ST,5,Calle Local - Pueblo,Urbano,Arteria Menor,Town or Township Highway Agency,0,Sin jurisdiccion especial,99998,43.29911667,-73.63514722,Peaton,El primer evento no fue una colision con un vehiculo automotor en transporte,Four-Way Intersection,Interseccion de 4 direcciones,Sobre calle,Ninguna,Oscuro con iluminacion,Nublado,No,NO APLICA,19,36,19,43,1,22/02/2022,1
36,New York,361148,0,0,2,0,1,ALBANY (1),1290,COLONIE,9,Septiembre,24,2022,22,43,SR-5 CENTRAL AVE,3,Highway estatal,Urbano,Arteria Principal,State Highway Agency,1,Sin jurisdiccion especial,99998,42.71462778,-73.82953889,Vehiculo en movimiento,Frente a Detrás,Not an Intersection,No fue interseccion,Sobre calle,Ninguna,Oscuro con iluminacion,Despejado,No,NO APLICA,99,99,99,99,1,24/09/2022,4
36,New York,361149,0,0,3,0,9,CATTARAUGUS (9),5962,STEAMBURG,7,Julio,3,2022,14,39,SR-950A W BANK PERIMETER RD,3,Highway estatal,Rural,Colector Mayor,Bureau of Indian Affairs,0,Sin jurisdiccion especial,99998,42.10155833,-78.89440833,Vehiculo en movimiento,Golpe Lateral - direccion contraria,Not an Intersection,No fue interseccion,Sobre calle,Ninguna,Dia total,Despejado,No,NO APLICA,14,39,14,49,2,03/07/2022,7
36,New York,361150,0,0,1,0,9,CATTARAUGUS (9),2151,FREEDOM,9,Septiembre,10,2022,18,11,PIDGEON HILL RD,5,Calle Local - Pueblo,Rural,Colector Mayor,Town or Township Highway Agency,0,Sin jurisdiccion especial,99998,42.44667778,-78.428575,Arbol,El primer evento no fue una colision con un vehiculo automotor en transporte,Not an Intersection,No fue interseccion,Sobre el lado de la calle,Ninguna,Dia total,Despejado,No,NO APLICA,18,30,20,0,1,10/09/2022,4
36,New York,361151,0,0,1,0,9,CATTARAUGUS (9),3432,MACHIAS,10,Octubre,29,2022,22,34,CR-16 ROSZYK HILL RD,4,Calle del Condado,Rural,Colector Menor,County Highway Agency,0,Sin jurisdiccion especial,99998,42.41428611,-78.55422222,Arbol,El primer evento no fue una colision con un vehiculo automotor en transporte,Not an Intersection,No fue interseccion,Sobre el lado de la calle,Ninguna,Oscuro sin iluminacion,Despejado,No,NO APLICA,23,0,23,30,1,29/10/2022,7
36,New York,361152,1,1,1,0,59,NASSAU (59),2600,HEMPSTEAD,11,Noviembre,19,2022,21,26,SR-102 FRONT ST,3,Highway estatal,Rural,Arteria Principal,State Highway Agency,1,Sin jurisdiccion especial,99998,40.70986667,-73.58913056,Peaton,El primer evento no fue una colision con un vehiculo automotor en transporte,T-Intersection,Interseccion de T,Sobre calle,Ninguna,Oscuro con iluminacion,Despejado,No,NO APLICA,21,26,21,29,1,19/11/2022,1
36,New York,361153,3,3,2,1,47,KINGS (47),4170,NEW YORK CITY,6,Junio,25,2022,19,10,RALPH AVE,6,Calle Local Municipalidad,Urbano,Arteria Menor,City or Municipal Highway Agency,0,Sin jurisdiccion especial,99998,40.68398611,-73.92296389,Ciclista,El primer evento no fue una colision con un vehiculo automotor en transporte,Four-Way Intersection,Interseccion de 4 direcciones,Sobre calle,Ninguna,Dia total,Despejado,No,NO APLICA,99,99,99,99,1,25/06/2022,1
36,New York,361154,0,0,1,0,55,MONROE (55),5230,ROCHESTER,12,Diciembre,21,2022,2,48,NORTON ST,6,Calle Local Municipalidad,Urbano,Arteria Menor,City or Municipal Highway Agency,0,Sin jurisdiccion especial,99998,43.18695278,-77.59475,Arbol,El primer evento no fue una colision con un vehiculo automotor en transporte,Not an Intersection,No fue interseccion,Sobre el lado de la calle,Ninguna,Oscuro con iluminacion,Despejado,No,NO APLICA,2,48,2,49,1,21/12/2022,1
36,New York,361155,0,0,2,0,103,SUFFOLK (103),360,BABYLON,8,Agosto,24,2022,13,35,W MAIN ST,5,Calle Local - Pueblo,Urbano,Local,Town or Township Highway Agency,0,Sin jurisdiccion especial,99998,40.695675,-73.32643611,Vehiculo en movimiento,Frente a frente,Not an Intersection,No fue interseccion,Sobre calle,Ninguna,Dia total,Despejado,No,NO APLICA,99,99,99,99,1,24/08/2022,2
36,New York,361156,0,0,2,0,103,SUFFOLK (103),360,BABYLON,12,Diciembre,29,2022,18,19,MILBAR BLVD,5,Calle Local - Pueblo,Urbano,Local,Town or Township Highway Agency,0,Sin jurisdiccion especial,99998,40.75008889,-73.41898611,Vehiculo en movimiento,Angulo,Not an Intersection,No fue interseccion,Sobre calle,Ninguna,Oscuro con iluminacion,Despejado,No,NO APLICA,99,99,99,99,1,29/12/2022,2
36,New York,361157,0,0,1,0,49,LEWIS (49),6619,WEST LEYDEN,8,Agosto,20,2022,14,6,GOODHINES RD,5,Calle Local - Pueblo,Rural,Local,Town or Township Highway Agency,0,Sin jurisdiccion especial,99998,43.45514167,-75.57190833,Arbol,El primer evento no fue una colision con un vehiculo automotor en transporte,Not an Intersection,No fue interseccion,Sobre el lado de la calle,Ninguna,Dia total,Despejado,No,NO APLICA,99,99,99,99,1,20/08/2022,1
36,New York,361158,0,0,1,0,103,SUFFOLK (103),360,BABYLON,9,Septiembre,18,2022,4,20,SR-908J SOUTHERN STATE PKWY,3,Highway estatal,Urbano,Arterial Principal -Freeway o ExpressWay,State Highway Agency,1,Sin jurisdiccion especial,99998,40.73570278,-73.28786667,Valla Ferrocarril,El primer evento no fue una colision con un vehiculo automotor en transporte,Not an Intersection,No fue interseccion,En el medio,Ninguna,Oscuro con iluminacion,Despejado,No,NO APLICA,4,50,99,99,1,18/09/2022,2
36,New York,361159,0,0,1,0,103,SUFFOLK (103),2758,HOLTSVILLE,12,Diciembre,21,2022,21,44,CR-97 NICOLLS RD,4,Calle del Condado,Urbano,Arteria Principal,County Highway Agency,1,Sin jurisdiccion especial,99998,40.82720278,-73.05495556,Arbol,El primer evento no fue una colision con un vehiculo automotor en transporte,Not an Intersection,No fue interseccion,Sobre el lado de la calle,Ninguna,Oscuro sin iluminacion,Despejado,No,NO APLICA,99,98,99,98,3,21/12/2022,3
36,New York,361160,0,0,1,0,65,ONEIDA (65),6220,UTICA,8,Agosto,9,2022,21,7,I-790,1,Interestatal,Urbano,Interestatal,State Highway Agency,1,Sin jurisdiccion especial,99998,43.12068056,-75.228225,Volcadura,El primer evento no fue una colision con un vehiculo automotor en transporte,Not an Intersection,No fue interseccion,Sobre el lado de la calle,Ninguna,Oscuro - iluminacion desconocida,Nublado,No,NO APLICA,21,7,21,10,1,09/08/2022,2
36,New York,361161,1,1,1,0,65,ONEIDA (65),800,CAMDEN,9,Septiembre,29,2022,19,26,SR-13 OSWEGO ST,3,Highway estatal,Rural,Arteria Menor,State Highway Agency,0,Sin jurisdiccion especial,99998,43.34076667,-75.74967222,Peaton,El primer evento no fue una colision con un vehiculo automotor en transporte,Four-Way Intersection,Interseccion de 4 direcciones,Sobre calle,Ninguna,Oscuro con iluminacion,Despejado,No,NO APLICA,99,99,99,99,1,29/09/2022,5
36,New York,361162,0,0,2,0,45,JEFFERSON (45),6450,WATERTOWN,8,Agosto,17,2022,11,22,SR-126 STATE ST,3,Highway estatal,Urbano,Arteria Menor,State Highway Agency,0,Sin jurisdiccion especial,99998,43.96029722,-75.85341389,Vehiculo en movimiento,Frente a Detrás,T-Intersection,Interseccion de T,Sobre calle,Ninguna,Dia total,Despejado,No,NO APLICA,99,99,99,99,1,17/08/2022,3
37,North Carolina,370001,0,0,1,0,1,ALAMANCE (1),0,NO APLICA,1,Enero,3,2022,11,27,SSR-1001 UNION RIDGE RD,8,Otro,Rural,Colector Mayor,State Highway Agency,0,Sin jurisdiccion especial,75,36.236325,-79.37486389,Arbol,El primer evento no fue una colision con un vehiculo automotor en transporte,Not an Intersection,No fue interseccion,Fuera de la calle,Ninguna,Dia total,Nieve,No,NO APLICA,20,9,20,16,1,03/01/2022,1
37,North Carolina,370002,0,0,2,0,1,ALAMANCE (1),0,NO APLICA,1,Enero,11,2022,10,56,SR-119,3,Highway estatal,Urbano,Colector Mayor,State Highway Agency,0,Sin jurisdiccion especial,168,36.22854722,-79.29854722,Vehiculo en movimiento,Frente a frente,Not an Intersection,No fue interseccion,Sobre calle,Ninguna,Dia total,Despejado,No,NO APLICA,10,39,10,49,1,11/01/2022,3
37,North Carolina,370003,0,0,2,0,7,ANSON (7),0,NO APLICA,1,Enero,7,2022,10,52,SR-742,3,Highway estatal,Urbano,Colector Mayor,State Highway Agency,0,Sin jurisdiccion especial,20,34.83905,-80.09355556,Vehiculo en movimiento,Angulo,Four-Way Intersection,Interseccion de 4 direcciones,Sobre calle,Ninguna,Dia total,Despejado,No,NO APLICA,99,99,99,99,1,07/01/2022,4
37,North Carolina,370004,0,0,1,0,13,BEAUFORT (13),0,NO APLICA,1,Enero,2,2022,14,9,SSR-1143 PATRICK LANE,8,Otro,Rural,Arteria Menor,State Highway Agency,0,Sin jurisdiccion especial,1,35.50181389,-77.10320833,Zanja,El primer evento no fue una colision con un vehiculo automotor en transporte,Not an Intersection,No fue interseccion,Sobre el lado de la calle,Ninguna,Dia total,Nublado,No,NO APLICA,14,6,14,10,1,02/01/2022,3
37,North Carolina,370005,0,0,1,0,13,BEAUFORT (13),3490,PANTEGO,1,Enero,16,2022,5,0,US-264,2,US Highway,Rural,Arteria Menor,State Highway Agency,0,Sin jurisdiccion especial,99999,77.7777,777.7777,Buzon de correo,El primer evento no fue una colision con un vehiculo automotor en transporte,Not an Intersection,No fue interseccion,Sobre el lado de la calle,Ninguna,Oscuro sin iluminacion,Despejado,No,NO APLICA,4,57,5,8,1,16/01/2022,1
37,North Carolina,370006,0,0,1,0,17,BLADEN (17),0,NO APLICA,1,Enero,9,2022,4,20,SSR-1002,8,Otro,Rural,Colector Mayor,State Highway Agency,9,Sin jurisdiccion especial,99999,34.77579444,-78.45483889,Arbol,El primer evento no fue una colision con un vehiculo automotor en transporte,T-Intersection,Interseccion de T,"Fuera de la calle, ubicacion desconocida",Ninguna,Oscuro sin iluminacion,Despejado,No,NO APLICA,4,15,4,30,1,09/01/2022,1
37,North Carolina,370007,0,0,1,0,19,BRUNSWICK (19),0,NO APLICA,1,Enero,11,2022,14,15,SSR-1133,8,Otro,Rural,Local,State Highway Agency,9,Sin jurisdiccion especial,0,33.97533889,-78.38231389,Zanja,El primer evento no fue una colision con un vehiculo automotor en transporte,Not an Intersection,No fue interseccion,Sobre el lado de la calle,Ninguna,Dia total,Despejado,No,NO APLICA,14,9,14,26,1,11/01/2022,1
37,North Carolina,370008,0,0,2,0,21,BUNCOMBE (21),0,NO APLICA,1,Enero,6,2022,12,18,SR-191,3,Highway estatal,Rural,Arteria Menor,State Highway Agency,0,Sin jurisdiccion especial,64,35.5166,-82.60428333,Vehiculo en movimiento,Frente a frente,Not an Intersection,No fue interseccion,Sobre calle,Ninguna,Dia total,Nublado,No,NO APLICA,99,99,99,99,1,06/01/2022,2
37,North Carolina,370009,0,0,2,0,21,BUNCOMBE (21),490,BLACK MOUNTAIN,1,Enero,15,2022,19,49,I-40,1,Interestatal,Rural,Interestatal,State Highway Agency,1,Sin jurisdiccion especial,286,35.61918333,-82.29623056,Vehiculo en movimiento,Frente a frente,Not an Intersection,No fue interseccion,Sobre calle,Ninguna,Oscuro sin iluminacion,Nublado,No,NO APLICA,21,19,21,50,1,15/01/2022,2
37,North Carolina,370010,1,1,3,0,21,BUNCOMBE (21),490,BLACK MOUNTAIN,1,Enero,15,2022,19,50,I-40,1,Interestatal,Rural,Interestatal,State Highway Agency,1,Sin jurisdiccion especial,286,35.619225,-82.29367778,Peaton,El primer evento no fue una colision con un vehiculo automotor en transporte,Not an Intersection,No fue interseccion,Sobre calle,Ninguna,Oscuro sin iluminacion,Nublado,No,NO APLICA,21,19,21,50,2,15/01/2022,3
37,North Carolina,370011,0,0,2,0,21,BUNCOMBE (21),170,ASHEVILLE,1,Enero,20,2022,12,56,SR-63 NEW LEICESTER HWY,3,Highway estatal,Urbano,Arteria Principal,State Highway Agency,0,Sin jurisdiccion especial,1,35.58909444,-82.598725,Vehiculo en movimiento,Angulo,Not an Intersection,No fue interseccion,Sobre calle,Ninguna,Dia total,Despejado,No,NO APLICA,12,57,13,7,1,20/01/2022,2