Estado,Nombre de Estado,Numero de Caso,Peatones,Personas _no_vehiculos,Vehiculos automotores,Vehiculos estacionados,Condado,Nombre Condado,Ciudad,Nombre Ciudad,Mes,Nombre Mes,Dia,Año,Hora,Minuto,Calle,Ruta,Nombre Ruta,Rural o Urbanoo,Sistema Funcional,Dueño Calle,Sistema Nacional Carreteras,Jurisdiccion Especial,Milla,Latitud,Longitud,Causa del Accidente,Tipo de Accidente,Tipo Interseccion,Columna1,Lugar en la calle,Zona de Trabajo,Luz,Clima,Autobus Escolar,Cruce de Trenes,Hora Notificacion,Minuto Notificacion,Hora Llegada,Minuto Llegada,Decesos,Fecha,PersonaVehiculo
37,North Carolina,370012,0,0,2,0,21,BUNCOMBE (21),0,NO APLICA,1,Enero,28,2022,7,31,SR-151,3,Highway estatal,Urbano,Arteria Menor,State Highway Agency,0,Sin jurisdiccion especial,94,35.51885278,-82.70901111,Vehiculo en movimiento,Frente a Detrás,Not an Intersection,No fue interseccion,Sobre calle,Ninguna,Amanecer,Despejado,No,NO APLICA,8,31,8,31,1,28/01/2022,2
37,North Carolina,370013,1,1,1,0,21,BUNCOMBE (21),0,NO APLICA,1,Enero,24,2022,18,33,US-19,2,US Highway,Urbano,Arteria Principal,State Highway Agency,1,Sin jurisdiccion especial,46,35.54439167,-82.68395,Peaton,El primer evento no fue una colision con un vehiculo automotor en transporte,Not an Intersection,No fue interseccion,Sobre calle,Ninguna,Oscuro sin iluminacion,Despejado,No,NO APLICA,18,31,18,33,1,24/01/2022,1
37,North Carolina,370014,1,1,1,0,23,BURKE (23),0,NO APLICA,1,Enero,22,2022,19,53,I-40,1,Interestatal,Rural,Interestatal,State Highway Agency,1,Sin jurisdiccion especial,206,35.71592222,-81.76411389,Peaton,El primer evento no fue una colision con un vehiculo automotor en transporte,Not an Intersection,No fue interseccion,Sobre calle,Ninguna,Oscuro sin iluminacion,Despejado,No,NO APLICA,19,50,20,24,1,22/01/2022,2
37,North Carolina,370015,0,0,1,0,23,BURKE (23),0,NO APLICA,1,Enero,24,2022,14,19,ZION RD,8,Otro,Rural,Arteria Menor,Other State Agency,0,Sin jurisdiccion especial,3,35.75123889,-81.63199444,Buzon de correo,El primer evento no fue una colision con un vehiculo automotor en transporte,Not an Intersection,No fue interseccion,Sobre el lado de la calle,Ninguna,Dia total,Despejado,No,NO APLICA,14,18,14,30,1,24/01/2022,2
37,North Carolina,370016,1,1,1,0,25,CABARRUS (25),1040,CONCORD,1,Enero,4,2022,15,44,SSR-2945 MILLSTREAM RIDGE DR,8,Otro,Urbano,Local,State Highway Agency,0,Sin jurisdiccion especial,1,35.38703056,-80.74784444,Peaton,El primer evento no fue una colision con un vehiculo automotor en transporte,Not an Intersection,No fue interseccion,Sobre calle,Ninguna,Dia total,Despejado,No,NO APLICA,15,43,15,54,1,04/01/2022,1
37,North Carolina,370017,0,0,1,0,25,CABARRUS (25),0,NO APLICA,1,Enero,4,2022,20,27,MOUNT PLEASANT RD N,8,Otro,Rural,Colector Mayor,Other State Agency,0,Sin jurisdiccion especial,26,35.46745833,-80.45171389,Zanja,El primer evento no fue una colision con un vehiculo automotor en transporte,Not an Intersection,No fue interseccion,Sobre el lado de la calle,Ninguna,Oscuro sin iluminacion,Despejado,No,NO APLICA,20,26,20,33,1,04/01/2022,1
37,North Carolina,370018,0,0,3,0,25,CABARRUS (25),1040,CONCORD,1,Enero,6,2022,21,51,I-85,1,Interestatal,Urbano,Interestatal,State Highway Agency,1,Sin jurisdiccion especial,33,35.40525278,-80.69548056,Vehiculo en movimiento,Frente a Detrás,Not an Intersection,No fue interseccion,Sobre calle,Ninguna,Oscuro sin iluminacion,Despejado,No,NO APLICA,21,53,21,58,1,06/01/2022,16
37,North Carolina,370020,1,1,1,0,25,CABARRUS (25),1040,CONCORD,1,Enero,18,2022,20,30,UNION ST,6,Calle Local Municipalidad,Urbano,Arteria Menor,City or Municipal Highway Agency,0,Sin jurisdiccion especial,4,35.38496111,-80.55395278,Peaton,El primer evento no fue una colision con un vehiculo automotor en transporte,Not an Intersection,No fue interseccion,Sobre calle,Ninguna,Oscuro con iluminacion,Despejado,No,NO APLICA,20,31,20,39,1,18/01/2022,1
37,North Carolina,370021,1,1,1,0,35,CATAWBA (35),1060,CONOVER,1,Enero,19,2022,18,23,SSR-1491/SECTION HOUSE RD,8,Otro,Urbano,Local,State Highway Agency,0,Sin jurisdiccion especial,0,35.720425,-81.24416389,Peaton,El primer evento no fue una colision con un vehiculo automotor en transporte,Not an Intersection,No fue interseccion,Sobre calle,Ninguna,Oscuro con iluminacion,Despejado,No,NO APLICA,18,22,18,24,1,19/01/2022,1
37,North Carolina,370022,0,0,1,0,37,CHATHAM (37),0,NO APLICA,1,Enero,4,2022,10,3,FARRINGTON POINT RD,8,Otro,Rural,Colector Mayor,Other State Agency,0,Sin jurisdiccion especial,125,35.81625833,-79.01701111,Buzon de correo,El primer evento no fue una colision con un vehiculo automotor en transporte,Not an Intersection,No fue interseccion,Sobre el lado de la calle,Ninguna,Dia total,lluvia,No,NO APLICA,10,3,10,3,1,04/01/2022,2
37,North Carolina,370024,0,0,1,0,47,COLUMBUS (47),0,NO APLICA,1,Enero,5,2022,14,23,PEACOCK RD,8,Otro,Rural,Colector Menor,Other State Agency,0,Sin jurisdiccion especial,114,34.25286389,-78.79516944,Zanja,El primer evento no fue una colision con un vehiculo automotor en transporte,Not an Intersection,No fue interseccion,Sobre el lado de la calle,Ninguna,Dia total,Despejado,No,NO APLICA,99,99,99,99,1,05/01/2022,1
37,North Carolina,370025,0,0,1,0,47,COLUMBUS (47),0,NO APLICA,1,Enero,19,2022,13,39,SSR-1422,8,Otro,Rural,Local,State Highway Agency,0,Sin jurisdiccion especial,0,34.31216667,-78.84120833,Zanja,El primer evento no fue una colision con un vehiculo automotor en transporte,Not an Intersection,No fue interseccion,Sobre el lado de la calle,Ninguna,Dia total,Despejado,No,NO APLICA,99,99,99,99,1,19/01/2022,1
37,North Carolina,370026,0,0,2,0,49,CRAVEN (49),0,NO APLICA,1,Enero,3,2022,15,20,SR-101,3,Highway estatal,Rural,Arteria Menor,State Highway Agency,0,Sin jurisdiccion especial,99998,34.86523889,-76.78835,Vehiculo en movimiento,Frente a frente,Not an Intersection,No fue interseccion,Sobre calle,Ninguna,Dia total,Nublado,No,NO APLICA,99,99,99,99,1,03/01/2022,3
37,North Carolina,370027,1,1,1,0,51,CUMBERLAND (51),1670,FAYETTEVILLE,1,Enero,2,2022,20,16,SSR-1403 S REILLY RD,8,Otro,Urbano,Arteria Menor,State Highway Agency,0,Sin jurisdiccion especial,99998,35.06668611,-79.013325,Peaton,El primer evento no fue una colision con un vehiculo automotor en transporte,Four-Way Intersection,Interseccion de 4 direcciones,Sobre calle,Ninguna,Oscuro con iluminacion,lluvia,No,NO APLICA,99,99,99,99,1,02/01/2022,4
37,North Carolina,370028,0,0,1,0,51,CUMBERLAND (51),0,NO APLICA,1,Enero,2,2022,15,43,SSR-2225,8,Otro,Rural,Local,State Highway Agency,9,Sin jurisdiccion especial,0,34.94495556,-78.75033333,Arbol,El primer evento no fue una colision con un vehiculo automotor en transporte,Not an Intersection,No fue interseccion,Sobre el lado de la calle,Ninguna,Dia total,Nublado,No,NO APLICA,99,99,99,99,1,02/01/2022,1
37,North Carolina,370029,0,0,2,0,51,CUMBERLAND (51),1670,FAYETTEVILLE,1,Enero,7,2022,18,7,US-401 BUS/RAEFORD RD,2,US Highway,Urbano,Arteria Principal,State Highway Agency,1,Sin jurisdiccion especial,15,35.04356389,-78.94931667,Vehiculo en movimiento,Frente a frente,Not an Intersection,No fue interseccion,Sobre calle,Ninguna,Oscuro con iluminacion,Despejado,No,NO APLICA,99,99,99,99,1,07/01/2022,5
37,North Carolina,370030,1,1,1,0,51,CUMBERLAND (51),0,NO APLICA,1,Enero,20,2022,14,11,I-95 RAMP,1,Interestatal,Urbano,Interestatal,State Highway Agency,1,Sin jurisdiccion especial,2,34.93928611,-78.92332778,Peaton,El primer evento no fue una colision con un vehiculo automotor en transporte,T-Intersection,Interseccion de T,En el medio,Ninguna,Dia total,Despejado,No,NO APLICA,99,99,99,99,1,20/01/2022,2
37,North Carolina,370031,0,0,2,0,55,DARE (55),2435,KILL DEVIL HILLS,1,Enero,15,2022,12,4,US-158 N CROATAN HWY,2,US Highway,Urbano,Arteria Principal,State Highway Agency,1,Sin jurisdiccion especial,78,36.03789722,-75.67537778,Vehiculo en movimiento,Frente a Detrás,Four-Way Intersection,Interseccion de 4 direcciones,Sobre calle,Ninguna,Dia total,Nublado,No,NO APLICA,12,5,0,8,1,15/01/2022,3
37,North Carolina,370032,0,0,2,0,57,DAVIDSON (57),0,NO APLICA,1,Enero,15,2022,2,17,I-285,1,Interestatal,Urbano,Interestatal,State Highway Agency,1,Sin jurisdiccion especial,99,35.87095,-80.25970278,Vehiculo en movimiento,Frente a Detrás,Not an Intersection,No fue interseccion,Sobre calle,Ninguna,Oscuro sin iluminacion,Despejado,No,NO APLICA,2,27,2,32,1,15/01/2022,3
37,North Carolina,370033,0,0,2,0,57,DAVIDSON (57),4590,THOMASVILLE,1,Enero,27,2022,15,39,SR-68 NATIONAL HWY,3,Highway estatal,Urbano,Arteria Principal,State Highway Agency,1,Sin jurisdiccion especial,7,35.91888611,-80.05750278,Vehiculo en movimiento,Angulo,Not an Intersection,No fue interseccion,Sobre calle,Ninguna,Dia total,Despejado,No,NO APLICA,15,40,15,48,1,27/01/2022,2
37,North Carolina,370034,1,1,1,0,59,DAVIE (59),3090,MOCKSVILLE,1,Enero,19,2022,20,12,US-601,2,US Highway,Rural,Arteria Menor,State Highway Agency,0,Sin jurisdiccion especial,114,35.92083889,-80.58743889,Ciclista,El primer evento no fue una colision con un vehiculo automotor en transporte,Not an Intersection,No fue interseccion,"Izquierda continua, carril de vuelta",Ninguna,Oscuro con iluminacion,Despejado,No,NO APLICA,99,99,99,99,1,19/01/2022,2
37,North Carolina,370035,0,0,2,0,61,DUPLIN (61),2410,KENANSVILLE,1,Enero,2,2022,19,0,SR-11 MAGNOLIA EXT,3,Highway estatal,Rural,Colector Mayor,State Highway Agency,0,Sin jurisdiccion especial,177,34.95577222,-77.97248611,Vehiculo en movimiento,Frente a frente,T-Intersection,Interseccion de T,Sobre calle,Ninguna,Oscuro con iluminacion,lluvia,No,NO APLICA,18,45,18,47,1,02/01/2022,2
37,North Carolina,370036,0,0,2,0,61,DUPLIN (61),0,NO APLICA,1,Enero,11,2022,12,48,I-40,1,Interestatal,Rural,Interestatal,State Highway Agency,1,Sin jurisdiccion especial,130,34.91191667,-78.01957778,Vehiculo en movimiento,Frente a Detrás,Not an Intersection,No fue interseccion,Sobre calle,Ninguna,Dia total,Despejado,No,NO APLICA,12,46,12,50,1,11/01/2022,2
37,North Carolina,370037,1,1,1,0,63,DURHAM (63),1360,DURHAM,1,Enero,15,2022,4,12,SSR-1641 DENFIELD ST,8,Otro,Urbano,Local,State Highway Agency,0,Sin jurisdiccion especial,99998,36.05370278,-78.90115278,Peaton,El primer evento no fue una colision con un vehiculo automotor en transporte,Not an Intersection,No fue interseccion,Sobre calle,Ninguna,Oscuro con iluminacion,Despejado,No,NO APLICA,4,13,4,17,1,15/01/2022,1
37,North Carolina,370038,0,0,2,0,63,DURHAM (63),1360,DURHAM,1,Enero,18,2022,16,15,I-85,1,Interestatal,Urbano,Interestatal,State Highway Agency,1,Sin jurisdiccion especial,99998,36.01873056,-78.85979444,Vehiculo en movimiento,Golpe Lateral - misma direccion,Not an Intersection,No fue interseccion,Sobre calle,Ninguna,Dia total,Despejado,No,NO APLICA,16,11,16,19,1,18/01/2022,4
37,North Carolina,370039,1,1,1,0,67,FORSYTH (67),5120,WINSTON SALEM,1,Enero,3,2022,3,25,US-311 NEW WALKERTOWN RD,2,US Highway,Urbano,Arteria Menor,State Highway Agency,1,Sin jurisdiccion especial,22,36.11841944,-80.208,Peaton,El primer evento no fue una colision con un vehiculo automotor en transporte,Not an Intersection,No fue interseccion,Sobre calle,Ninguna,Oscuro sin iluminacion,lluvia,No,NO APLICA,99,99,99,99,1,03/01/2022,1
37,North Carolina,370040,0,0,2,0,69,FRANKLIN (69),0,NO APLICA,1,Enero,15,2022,19,36,US-1 ALT  PARK AVE,2,US Highway,Urbano,Colector Mayor,State Highway Agency,0,Sin jurisdiccion especial,37,36.04991389,-78.4877,Vehiculo en movimiento,Frente a frente,Not an Intersection,No fue interseccion,Sobre calle,Ninguna,Oscuro con iluminacion,Despejado,No,NO APLICA,19,19,19,23,1,15/01/2022,4
37,North Carolina,370041,1,1,1,0,71,GASTON (71),1800,GASTONIA,1,Enero,6,2022,19,50,E 12TH AVE,6,Calle Local Municipalidad,Urbano,Local,City or Municipal Highway Agency,0,Sin jurisdiccion especial,2,35.24495833,-81.17733611,Peaton,El primer evento no fue una colision con un vehiculo automotor en transporte,T-Intersection,Interseccion de T,Sobre calle,Ninguna,Oscuro con iluminacion,lluvia,No,NO APLICA,19,51,19,59,1,06/01/2022,1
37,North Carolina,370042,0,0,1,0,71,GASTON (71),0,NO APLICA,1,Enero,30,2022,6,54,SSR-1923,8,Otro,Rural,Colector Mayor,State Highway Agency,9,Sin jurisdiccion especial,0,35.34194167,-81.05436111,Arbol,El primer evento no fue una colision con un vehiculo automotor en transporte,Not an Intersection,No fue interseccion,Sobre el lado de la calle,Ninguna,Oscuro sin iluminacion,Despejado,No,NO APLICA,99,99,99,99,1,30/01/2022,1
37,North Carolina,370043,0,0,1,0,77,GRANVILLE (77),0,NO APLICA,1,Enero,10,2022,23,56,I-85,1,Interestatal,Rural,Interestatal,State Highway Agency,1,Sin jurisdiccion especial,99999,36.17859444,-78.69863611,Arbol,El primer evento no fue una colision con un vehiculo automotor en transporte,Not an Intersection,No fue interseccion,En el medio,Ninguna,Oscuro sin iluminacion,Despejado,No,NO APLICA,99,99,99,99,1,10/01/2022,2
37,North Carolina,370044,1,1,1,0,81,GUILFORD (81),1940,GREENSBORO,1,Enero,1,2022,10,10,SSR-1008 W MARKET ST,8,Otro,Urbano,Arteria Menor,State Highway Agency,0,Sin jurisdiccion especial,28,36.06943889,-79.87950556,Peaton,El primer evento no fue una colision con un vehiculo automotor en transporte,Four-Way Intersection,Interseccion de 4 direcciones,Sobre calle,Ninguna,Dia total,Nublado,No,NO APLICA,10,10,10,13,1,01/01/2022,1
37,North Carolina,370045,0,0,1,0,81,GUILFORD (81),0,NO APLICA,1,Enero,15,2022,0,57,SSR-3322,8,Otro,Rural,Local,State Highway Agency,0,Sin jurisdiccion especial,99999,77.7777,777.7777,Zanja,El primer evento no fue una colision con un vehiculo automotor en transporte,Not an Intersection,No fue interseccion,Sobre el lado de la calle,Ninguna,Oscuro sin iluminacion,Despejado,No,NO APLICA,99,99,99,99,1,15/01/2022,1
37,North Carolina,370046,0,0,1,0,81,GUILFORD (81),1940,GREENSBORO,1,Enero,8,2022,0,42,WEST WENDOVER AVENUE,5,Calle Local - Pueblo,Urbano,Arterial Principal -Freeway o ExpressWay,State Highway Agency,1,Sin jurisdiccion especial,0,36.06428056,-79.84690833,Otro objeto (fijo),El primer evento no fue una colision con un vehiculo automotor en transporte,Not an Intersection,No fue interseccion,Sobre el lado de la calle,Ninguna,Oscuro con iluminacion,Nublado,No,NO APLICA,99,99,99,99,1,08/01/2022,1
37,North Carolina,370047,0,0,7,0,81,GUILFORD (81),0,NO APLICA,1,Enero,20,2022,17,1,I-40,1,Interestatal,Urbano,Interestatal,State Highway Agency,1,Sin jurisdiccion especial,24,36.06169722,-79.58348611,Vehiculo en movimiento,Frente a frente,Not an Intersection,No fue interseccion,Sobre calle,Ninguna,Dia total,lluvia,No,NO APLICA,17,2,17,19,1,20/01/2022,16
37,North Carolina,370048,0,0,1,0,81,GUILFORD (81),0,NO APLICA,1,Enero,19,2022,18,15,SSR-3316,8,Otro,Urbano,Local,State Highway Agency,9,Sin jurisdiccion especial,15,36.1227,-79.77100278,Zanja,El primer evento no fue una colision con un vehiculo automotor en transporte,Not an Intersection,No fue interseccion,Sobre el lado de la calle,Ninguna,Dia total,Despejado,No,NO APLICA,99,99,99,99,1,19/01/2022,3
37,North Carolina,370049,0,0,2,0,81,GUILFORD (81),0,NO APLICA,1,Enero,24,2022,13,37,SR-62,3,Highway estatal,Rural,Arteria Menor,State Highway Agency,0,Sin jurisdiccion especial,122,35.91482778,-79.75503333,Vehiculo en movimiento,Golpe Lateral - direccion contraria,Not an Intersection,No fue interseccion,Sobre calle,Ninguna,Dia total,Despejado,No,NO APLICA,13,36,13,49,1,24/01/2022,2
37,North Carolina,370050,0,0,2,0,81,GUILFORD (81),0,NO APLICA,1,Enero,26,2022,21,51,I-73 RAMP,1,Interestatal,Rural,Interestatal,State Highway Agency,1,Sin jurisdiccion especial,14,35.98649444,-79.82645833,Banqueta,El primer evento no fue una colision con un vehiculo automotor en transporte,Not an Intersection,No fue interseccion,Isla de trafico para peatones,Ninguna,Oscuro sin iluminacion,Despejado,No,NO APLICA,99,99,99,99,1,26/01/2022,2
37,North Carolina,370051,0,0,1,0,135,ORANGE (135),860,CHAPEL HILL,2,Febrero,17,2022,2,51,NC-86,6,Calle Local Municipalidad,Urbano,Local,City or Municipal Highway Agency,0,Sin jurisdiccion especial,99999,35.93924167,-79.056725,Banqueta,El primer evento no fue una colision con un vehiculo automotor en transporte,Four-Way Intersection,Interseccion de 4 direcciones,Sobre el lado de la calle,Ninguna,Oscuro con iluminacion,Despejado,No,NO APLICA,99,99,99,99,2,17/02/2022,2
37,North Carolina,370052,0,0,1,0,83,HALIFAX (83),0,NO APLICA,1,Enero,26,2022,13,49,SR-1434,3,Highway estatal,Rural,Local,State Highway Agency,9,Sin jurisdiccion especial,0,36.40305833,-77.74510833,Zanja,El primer evento no fue una colision con un vehiculo automotor en transporte,Not an Intersection,No fue interseccion,Sobre el lado de la calle,Ninguna,Dia total,Despejado,No,NO APLICA,13,49,13,55,1,26/01/2022,1
37,North Carolina,370053,0,0,1,0,87,HAYWOOD (87),0,NO APLICA,1,Enero,28,2022,16,32,SR-1523,3,Highway estatal,Urbano,Local,State Highway Agency,9,Sin jurisdiccion especial,0,35.53664167,-82.87478056,Barda,El primer evento no fue una colision con un vehiculo automotor en transporte,Not an Intersection,No fue interseccion,Sobre el lado de la calle,Ninguna,Dia total,Nieve,No,NO APLICA,16,31,16,35,1,28/01/2022,1
37,North Carolina,370054,0,0,1,0,89,HENDERSON (89),0,NO APLICA,1,Enero,6,2022,17,12,SSR-1757 NEW HOPE RD,8,Otro,Urbano,Local,State Highway Agency,0,Sin jurisdiccion especial,1,35.31134722,-82.43641389,Puente de Ferrocarril,El primer evento no fue una colision con un vehiculo automotor en transporte,Not an Intersection,No fue interseccion,Sobre el lado de la calle,Ninguna,Dia total,Despejado,No,NO APLICA,99,99,99,99,1,06/01/2022,1
37,North Carolina,370055,0,0,1,0,93,HOKE (93),0,NO APLICA,1,Enero,30,2022,20,18,STONEY POINT RD,6,Calle Local Municipalidad,Rural,Arteria Menor,State Highway Agency,0,Sin jurisdiccion especial,7,35.02597222,-79.08658056,Culvert,El primer evento no fue una colision con un vehiculo automotor en transporte,Not an Intersection,No fue interseccion,Sobre el lado de la calle,Ninguna,Oscuro sin iluminacion,Despejado,No,NO APLICA,20,13,20,22,1,30/01/2022,2
37,North Carolina,370056,0,0,2,0,93,HOKE (93),0,NO APLICA,1,Enero,3,2022,19,28,SSR-1001 N SHANNON RD,8,Otro,Rural,Colector Menor,State Highway Agency,0,Sin jurisdiccion especial,50,34.8782,-79.15171667,Vehiculo en movimiento,Angulo,Four-Way Intersection,Interseccion de 4 direcciones,Sobre calle,Ninguna,Oscuro sin iluminacion,Despejado,No,NO APLICA,19,23,19,39,2,03/01/2022,3
37,North Carolina,370057,0,0,2,0,97,IREDELL (97),4430,STATESVILLE,1,Enero,4,2022,18,29,US-70 SALISBURY RD,2,US Highway,Urbano,Arteria Principal,State Highway Agency,1,Sin jurisdiccion especial,140,35.76851111,-80.85374167,Vehiculo en movimiento,Golpe Lateral - direccion contraria,Not an Intersection,No fue interseccion,Sobre calle,Ninguna,Oscuro con iluminacion,Despejado,No,NO APLICA,18,32,18,42,1,04/01/2022,3
37,North Carolina,370058,0,0,2,0,97,IREDELL (97),4430,STATESVILLE,1,Enero,3,2022,8,25,SR-90 TAYLORSVILLE HWY,3,Highway estatal,Rural,Arteria Menor,State Highway Agency,0,Sin jurisdiccion especial,43,35.8192,-80.98864167,Vehiculo en movimiento,Angulo,Not an Intersection,No fue interseccion,Sobre calle,Ninguna,Dia total,lluvia,No,NO APLICA,8,18,8,24,2,03/01/2022,3
37,North Carolina,370059,0,0,2,0,99,JACKSON (99),0,NO APLICA,1,Enero,4,2022,21,2,US-23,2,US Highway,Rural,Arteria Principal,State Highway Agency,1,Sin jurisdiccion especial,189,35.39719722,-83.12979722,Vehiculo en movimiento,Frente a frente,Not an Intersection,No fue interseccion,Sobre calle,Ninguna,Atardecer,Despejado,No,NO APLICA,99,99,99,99,1,04/01/2022,2
37,North Carolina,370060,0,0,1,0,99,JACKSON (99),0,NO APLICA,1,Enero,21,2022,14,46,US-23,2,US Highway,Rural,Arteria Principal,State Highway Agency,1,Sin jurisdiccion especial,99999,35.36935556,-83.25261944,Acotamiento,El primer evento no fue una colision con un vehiculo automotor en transporte,Not an Intersection,No fue interseccion,Sobre el lado de la calle,Ninguna,Dia total,Despejado,No,NO APLICA,99,99,99,99,1,21/01/2022,1
37,North Carolina,370061,0,0,1,0,101,JOHNSTON (101),0,NO APLICA,1,Enero,20,2022,7,1,RAINS MILL RD,8,Otro,Rural,Colector Mayor,Other State Agency,0,Sin jurisdiccion especial,9,35.48547778,-78.13408889,Zanja,El primer evento no fue una colision con un vehiculo automotor en transporte,Not an Intersection,No fue interseccion,Sobre el lado de la calle,Ninguna,Dia total,Despejado,No,NO APLICA,6,58,7,6,1,20/01/2022,2
37,North Carolina,370062,0,0,1,0,101,JOHNSTON (101),0,NO APLICA,1,Enero,20,2022,18,3,SR-55,3,Highway estatal,Rural,Colector Mayor,State Highway Agency,0,Sin jurisdiccion especial,3,35.26161111,-78.45793333,Otro objeto (fijo),El primer evento no fue una colision con un vehiculo automotor en transporte,Not an Intersection,No fue interseccion,Sobre el lado de la calle,Ninguna,Oscuro sin iluminacion,lluvia,No,NO APLICA,18,1,18,15,1,20/01/2022,1
37,North Carolina,370063,0,0,1,0,103,JONES (103),0,NO APLICA,1,Enero,5,2022,20,57,SR-1337,3,Highway estatal,Rural,Local,State Highway Agency,9,Sin jurisdiccion especial,0,35.01230278,-77.23486667,Zanja,El primer evento no fue una colision con un vehiculo automotor en transporte,Not an Intersection,No fue interseccion,Sobre el lado de la calle,Ninguna,Oscuro sin iluminacion,Nublado,No,NO APLICA,20,42,21,10,1,05/01/2022,1
37,North Carolina,370064,1,1,1,0,107,LENOIR (107),2450,KINSTON,1,Enero,15,2022,2,6,SR-11 BUS DR MLKJ BLVD,3,Highway estatal,Urbano,Arteria Principal,State Highway Agency,0,Sin jurisdiccion especial,187,35.26495,-77.57227222,Peaton,El primer evento no fue una colision con un vehiculo automotor en transporte,Not an Intersection,No fue interseccion,Sobre calle,Ninguna,Oscuro con iluminacion,Despejado,No,NO APLICA,2,6,2,9,1,15/01/2022,1
37,North Carolina,370065,0,0,1,0,105,LEE (105),4090,SANFORD,1,Enero,29,2022,8,43,US-1,2,US Highway,Urbano,Arterial Principal -Freeway o ExpressWay,State Highway Agency,1,Sin jurisdiccion especial,0,35.52313056,-79.18408056,Arbol,El primer evento no fue una colision con un vehiculo automotor en transporte,Not an Intersection,No fue interseccion,"Fuera de la calle, ubicacion desconocida",Ninguna,Dia total,Despejado,No,NO APLICA,99,99,99,99,1,29/01/2022,1
37,North Carolina,370066,0,0,2,0,109,LINCOLN (109),0,NO APLICA,1,Enero,27,2022,16,57,SSR-1002 CAT SQUARE RD,8,Otro,Rural,Colector Menor,State Highway Agency,0,Sin jurisdiccion especial,45,35.54036389,-81.41041944,Vehiculo en movimiento,Angulo,Four-Way Intersection,Interseccion de 4 direcciones,Sobre calle,Ninguna,Dia total,Despejado,No,NO APLICA,99,99,99,99,1,27/01/2022,4
37,North Carolina,370068,0,0,2,0,119,MECKLENBURG (119),870,CHARLOTTE,1,Enero,4,2022,5,10,SR-27 FREEDOM DR,3,Highway estatal,Urbano,Arteria Principal,State Highway Agency,1,Sin jurisdiccion especial,83,35.23885278,-80.88454167,Vehiculo en movimiento,Angulo,T-Intersection,Interseccion de T,Sobre calle,Ninguna,Oscuro con iluminacion,Despejado,No,NO APLICA,5,9,5,16,2,04/01/2022,4
37,North Carolina,370069,0,0,1,0,119,MECKLENBURG (119),870,CHARLOTTE,1,Enero,9,2022,12,49,OLD STEELE CREEK ROAD,6,Calle Local Municipalidad,Urbano,Local,City or Municipal Highway Agency,0,Sin jurisdiccion especial,0,35.21981944,-80.90382222,Poste,El primer evento no fue una colision con un vehiculo automotor en transporte,Not Reported,No reportado,Sobre el lado de la calle,Ninguna,Dia total,Nublado,No,NO APLICA,12,50,12,57,1,09/01/2022,1
37,North Carolina,370070,0,0,2,1,119,MECKLENBURG (119),870,CHARLOTTE,1,Enero,11,2022,8,30,I-485 RAMP,1,Interestatal,Urbano,Interestatal,State Highway Agency,1,Sin jurisdiccion especial,2,35.06293611,-80.81671667,Vehiculo Aparcado,El primer evento no fue una colision con un vehiculo automotor en transporte,Not an Intersection,No fue interseccion,Sobre Acotamiento,Ninguna,Dia total,Despejado,No,NO APLICA,8,28,8,37,3,11/01/2022,3
37,North Carolina,370071,0,0,2,0,119,MECKLENBURG (119),870,CHARLOTTE,1,Enero,11,2022,21,15,TUCKASEEGEE RD,6,Calle Local Municipalidad,Urbano,Colector Mayor,Not Reported,0,Sin jurisdiccion especial,99998,35.24438056,-80.93201944,Vehiculo en movimiento,Angulo,Four-Way Intersection,Interseccion de 4 direcciones,Sobre calle,Ninguna,Oscuro con iluminacion,Despejado,No,NO APLICA,21,7,21,10,1,11/01/2022,4
37,North Carolina,370072,0,0,2,0,119,MECKLENBURG (119),870,CHARLOTTE,1,Enero,23,2022,10,27,N SHARON AMITY RD,6,Calle Local Municipalidad,Urbano,Arteria Principal,Not Reported,0,Sin jurisdiccion especial,99998,35.22998611,-80.74256389,Vehiculo en movimiento,Frente a frente,Not an Intersection,No fue interseccion,Sobre calle,Ninguna,Dia total,Despejado,No,NO APLICA,10,27,10,32,1,23/01/2022,2
37,North Carolina,370073,0,0,1,0,119,MECKLENBURG (119),870,CHARLOTTE,1,Enero,26,2022,0,15,I-485,1,Interestatal,Urbano,Interestatal,State Highway Agency,1,Sin jurisdiccion especial,99998,35.0995,-80.87995556,Zanja,El primer evento no fue una colision con un vehiculo automotor en transporte,Not an Intersection,No fue interseccion,Sobre el lado de la calle,Ninguna,Oscuro con iluminacion,Despejado,No,NO APLICA,0,20,0,32,1,26/01/2022,1
37,North Carolina,370074,0,0,6,0,119,MECKLENBURG (119),870,CHARLOTTE,1,Enero,30,2022,19,18,SR-51 PINEVILLE-MATTHEWS RD,3,Highway estatal,Urbano,Arteria Principal,State Highway Agency,1,Sin jurisdiccion especial,64,35.0874,-80.8119,Vehiculo en movimiento,Angulo,Four-Way Intersection,Interseccion de 4 direcciones,Sobre calle,Ninguna,Oscuro con iluminacion,Despejado,No,NO APLICA,19,18,19,24,1,30/01/2022,6