Estado,Nombre de Estado,Numero de Caso,Peatones,Personas _no_vehiculos,Vehiculos automotores,Vehiculos estacionados,Condado,Nombre Condado,Ciudad,Nombre Ciudad,Mes,Nombre Mes,Dia,Año,Hora,Minuto,Calle,Ruta,Nombre Ruta,Rural o Urbanoo,Sistema Funcional,Dueño Calle,Sistema Nacional Carreteras,Jurisdiccion Especial,Milla,Latitud,Longitud,Causa del Accidente,Tipo de Accidente,Tipo Interseccion,Columna1,Lugar en la calle,Zona de Trabajo,Luz,Clima,Autobus Escolar,Cruce de Trenes,Hora Notificacion,Minuto Notificacion,Hora Llegada,Minuto Llegada,Decesos,Fecha,PersonaVehiculo
37,North Carolina,370075,0,0,1,0,127,NASH (127),0,NO APLICA,1,Enero,14,2022,14,9,US-64,2,US Highway,Urbano,Arterial Principal -Freeway o ExpressWay,State Highway Agency,1,Sin jurisdiccion especial,99999,35.95286667,-78.01375556,Arbol,El primer evento no fue una colision con un vehiculo automotor en transporte,Not an Intersection,No fue interseccion,Sobre el lado de la calle,Ninguna,Dia total,Despejado,No,NO APLICA,13,57,14,4,1,14/01/2022,1
37,North Carolina,370076,0,0,2,0,127,NASH (127),0,NO APLICA,1,Enero,8,2022,13,20,US-64,2,US Highway,Rural,Arterial Principal -Freeway o ExpressWay,State Highway Agency,1,Sin jurisdiccion especial,208,35.93125278,-78.12875833,Vehiculo en movimiento,Frente a Detrás,Not an Intersection,No fue interseccion,Sobre calle,Ninguna,Dia total,Despejado,No,NO APLICA,13,23,13,32,1,08/01/2022,3
37,North Carolina,370077,0,0,1,0,127,NASH (127),0,NO APLICA,1,Enero,16,2022,9,20,I-95,1,Interestatal,Rural,Interestatal,State Highway Agency,1,Sin jurisdiccion especial,57,35.93195556,-77.90283333,Arbol,El primer evento no fue una colision con un vehiculo automotor en transporte,Not an Intersection,No fue interseccion,En el medio,Ninguna,Dia total,Granizo,No,NO APLICA,9,19,9,30,2,16/01/2022,2
37,North Carolina,370078,1,1,1,0,129,NEW HANOVER (129),5060,WILMINGTON,1,Enero,23,2022,22,9,US-17 MARKET ST,2,US Highway,Urbano,Arteria Principal,State Highway Agency,1,Sin jurisdiccion especial,66,34.25413333,-77.84760278,Peaton,El primer evento no fue una colision con un vehiculo automotor en transporte,Not an Intersection,No fue interseccion,Sobre calle,Ninguna,Oscuro con iluminacion,Despejado,No,NO APLICA,99,99,99,99,1,23/01/2022,2
37,North Carolina,370079,0,0,1,0,131,NORTHAMPTON (131),0,NO APLICA,1,Enero,4,2022,9,19,SR-46,3,Highway estatal,Rural,Arteria Principal,State Highway Agency,0,Sin jurisdiccion especial,121,36.50198889,-77.74008333,Zanja,El primer evento no fue una colision con un vehiculo automotor en transporte,Not an Intersection,No fue interseccion,Sobre el lado de la calle,Ninguna,Dia total,Despejado,No,NO APLICA,9,14,9,24,1,04/01/2022,1
37,North Carolina,370080,0,0,2,0,131,NORTHAMPTON (131),0,NO APLICA,1,Enero,19,2022,7,59,SR-186,3,Highway estatal,Rural,Colector Mayor,State Highway Agency,0,Sin jurisdiccion especial,97,36.46357778,-77.52185556,Vehiculo en movimiento,Frente a frente,Not an Intersection,No fue interseccion,Sobre Acotamiento,Ninguna,Dia total,Despejado,No,NO APLICA,7,47,7,58,1,19/01/2022,2
37,North Carolina,370081,1,1,1,0,133,ONSLOW (133),2330,JACKSONVILLE,1,Enero,1,2022,21,23,SR-53 WESTERN BLVD,3,Highway estatal,Urbano,Arteria Principal,State Highway Agency,1,Sin jurisdiccion especial,48,34.75916111,-77.38189167,Peaton,El primer evento no fue una colision con un vehiculo automotor en transporte,T-Intersection,Interseccion de T,Sobre calle,Ninguna,Oscuro con iluminacion,Despejado,No,NO APLICA,21,28,21,29,1,01/01/2022,1
37,North Carolina,370082,0,0,2,0,133,ONSLOW (133),0,NO APLICA,1,Enero,19,2022,13,8,US-17,2,US Highway,Rural,Arteria Principal,State Highway Agency,1,Sin jurisdiccion especial,98,34.58949722,-77.47986667,Volcadura,El primer evento no fue una colision con un vehiculo automotor en transporte,T-Intersection,Interseccion de T,En el medio,Ninguna,Dia total,Despejado,No,NO APLICA,13,3,13,18,2,19/01/2022,24
37,North Carolina,370083,1,1,2,0,133,ONSLOW (133),2330,JACKSONVILLE,1,Enero,26,2022,15,18,SSR-1406 PINEY GREEN RD,8,Otro,Urbano,Arteria Menor,State Highway Agency,0,Sin jurisdiccion especial,6,34.77938333,-77.37184444,Vehiculo en movimiento,Golpe Lateral - misma direccion,Not an Intersection,No fue interseccion,Sobre calle,Ninguna,Dia total,Despejado,No,NO APLICA,16,39,16,48,1,26/01/2022,3
37,North Carolina,370085,0,0,1,0,139,PASQUOTANK (139),0,NO APLICA,1,Enero,26,2022,21,52,MILL POND RD,6,Calle Local Municipalidad,Rural,Local,State Highway Agency,0,Sin jurisdiccion especial,10,36.40630278,-76.36360278,Acotamiento,El primer evento no fue una colision con un vehiculo automotor en transporte,Not an Intersection,No fue interseccion,Sobre el lado de la calle,Ninguna,Oscuro sin iluminacion,Despejado,No,NO APLICA,21,34,21,45,1,26/01/2022,1
37,North Carolina,370086,0,0,2,0,143,PERQUIMANS (143),0,NO APLICA,1,Enero,17,2022,14,39,SSR-1336 HARVEY POINT RD,8,Otro,Rural,Colector Menor,State Highway Agency,0,Sin jurisdiccion especial,40,36.14754444,-76.41929167,Vehiculo en movimiento,Frente a frente,Not an Intersection,No fue interseccion,Sobre calle,Ninguna,Dia total,Despejado,No,NO APLICA,14,21,14,31,1,17/01/2022,2
37,North Carolina,370087,1,1,1,0,147,PITT (147),1950,GREENVILLE,1,Enero,10,2022,18,48,HOOKER RD,9,Desconocido,Urbano,Colector Mayor,Not Reported,0,Sin jurisdiccion especial,2,35.57763333,-77.39015,Peaton,El primer evento no fue una colision con un vehiculo automotor en transporte,Not an Intersection,No fue interseccion,Sobre calle,Ninguna,Oscuro con iluminacion,Despejado,No,NO APLICA,18,47,18,53,1,10/01/2022,2
37,North Carolina,370088,1,1,1,0,147,PITT (147),0,NO APLICA,1,Enero,21,2022,19,31,US-264,2,US Highway,Rural,Arterial Principal -Freeway o ExpressWay,State Highway Agency,1,Sin jurisdiccion especial,98,35.61077222,-77.49813889,Peaton,El primer evento no fue una colision con un vehiculo automotor en transporte,Not an Intersection,No fue interseccion,Sobre calle,Ninguna,Oscuro sin iluminacion,No reportado,No,NO APLICA,99,99,99,99,1,21/01/2022,1
37,North Carolina,370089,0,0,1,0,151,RANDOLPH (151),0,NO APLICA,1,Enero,30,2022,13,2,SR-159 ZOO PKWY,3,Highway estatal,Rural,Arteria Menor,State Highway Agency,0,Sin jurisdiccion especial,5,35.60844722,-79.80810833,Arbol,El primer evento no fue una colision con un vehiculo automotor en transporte,Not an Intersection,No fue interseccion,Fuera de la calle,Ninguna,Dia total,Despejado,No,NO APLICA,12,59,13,10,1,30/01/2022,2
37,North Carolina,370090,0,0,1,0,153,RICHMOND (153),0,NO APLICA,1,Enero,25,2022,4,37,SSR-1640 WIREGRASS RD,8,Otro,Rural,Colector Mayor,State Highway Agency,0,Sin jurisdiccion especial,14,34.91628056,-79.70162778,Arbol,El primer evento no fue una colision con un vehiculo automotor en transporte,Not an Intersection,No fue interseccion,Fuera de la calle,Ninguna,Oscuro sin iluminacion,Despejado,No,NO APLICA,4,31,4,38,1,25/01/2022,1
37,North Carolina,370091,0,0,1,0,153,RICHMOND (153),0,NO APLICA,1,Enero,11,2022,20,52,RUMMAGE PACK HOUSE RD,8,Otro,Rural,Local,State Highway Agency,0,Sin jurisdiccion especial,7,35.14500556,-79.69585278,Arbol,El primer evento no fue una colision con un vehiculo automotor en transporte,Not an Intersection,No fue interseccion,Fuera de la calle,Ninguna,Oscuro sin iluminacion,Despejado,No,NO APLICA,99,99,99,99,1,11/01/2022,1
37,North Carolina,370092,1,1,3,0,153,RICHMOND (153),0,NO APLICA,1,Enero,25,2022,7,38,US-220,2,US Highway,Rural,Colector Mayor,State Highway Agency,0,Sin jurisdiccion especial,124,35.09762778,-79.757675,Vehiculo en movimiento,Golpe Lateral - misma direccion,T-Intersection,Interseccion de T,Sobre calle,Ninguna,Amanecer,Despejado,No,NO APLICA,7,1,7,8,1,25/01/2022,2
37,North Carolina,370093,0,0,1,0,155,ROBESON (155),2770,LUMBERTON,1,Enero,11,2022,22,45,ROBERTS AVE,8,Otro,Urbano,Arteria Principal,State Highway Agency,0,Sin jurisdiccion especial,99,34.63833056,-78.99983889,Banqueta,El primer evento no fue una colision con un vehiculo automotor en transporte,Not an Intersection,No fue interseccion,Sobre el lado de la calle,Ninguna,Oscuro con iluminacion,Despejado,No,NO APLICA,22,45,22,51,1,11/01/2022,3
37,North Carolina,370094,0,0,2,0,155,ROBESON (155),0,NO APLICA,1,Enero,15,2022,16,3,SR-71,3,Highway estatal,Rural,Colector Mayor,State Highway Agency,0,Sin jurisdiccion especial,37,34.77855556,-79.31840556,Vehiculo en movimiento,Angulo,Four-Way Intersection,Interseccion de 4 direcciones,Sobre calle,Ninguna,Dia total,Despejado,No,NO APLICA,16,2,16,11,2,15/01/2022,3
37,North Carolina,370095,0,0,2,0,155,ROBESON (155),2770,LUMBERTON,1,Enero,30,2022,18,18,SR-41 W 2ND ST,3,Highway estatal,Urbano,Arteria Principal,State Highway Agency,1,Sin jurisdiccion especial,205,34.61803611,-79.01124722,Vehiculo en movimiento,Frente a frente,Not an Intersection,No fue interseccion,Sobre calle,Ninguna,Oscuro con iluminacion,Despejado,No,NO APLICA,18,31,18,35,1,30/01/2022,3
37,North Carolina,370096,0,0,2,0,155,ROBESON (155),2770,LUMBERTON,1,Enero,13,2022,23,46,PREVATTE ST,6,Calle Local Municipalidad,Urbano,Local,City or Municipal Highway Agency,0,Sin jurisdiccion especial,1,34.60336667,-79.02345833,Vehiculo en movimiento,Frente a frente,T-Intersection,Interseccion de T,Sobre calle,Ninguna,Oscuro con iluminacion,Despejado,No,NO APLICA,23,48,23,53,1,13/01/2022,2
37,North Carolina,370097,0,0,1,0,157,ROCKINGHAM (157),0,NO APLICA,1,Enero,3,2022,5,37,US-220,2,US Highway,Rural,Arteria Principal,State Highway Agency,1,Sin jurisdiccion especial,123,36.36980278,-79.94406111,Poste de Señal de trafico,El primer evento no fue una colision con un vehiculo automotor en transporte,T-Intersection,Interseccion de T,Sobre el lado de la calle,Ninguna,Oscuro sin iluminacion,lluvia,No,NO APLICA,99,99,99,99,1,03/01/2022,1
37,North Carolina,370098,2,2,3,0,161,RUTHERFORD (161),0,NO APLICA,1,Enero,3,2022,20,58,SSR-1990 HIGH SHOALS CHURCH RD,8,Otro,Rural,Local,State Highway Agency,0,Sin jurisdiccion especial,5,35.26462778,-81.74651389,Vehiculo en movimiento,Frente a Detrás,T-Intersection,Interseccion de T,Sobre calle,Ninguna,Oscuro sin iluminacion,Despejado,No,NO APLICA,99,99,99,99,2,03/01/2022,1
37,North Carolina,370099,0,0,1,0,167,STANLY (167),0,NO APLICA,1,Enero,2,2022,5,6,LIBERTY HILL CHURCH RD,6,Calle Local Municipalidad,Rural,Local,State Highway Agency,0,Sin jurisdiccion especial,0,35.24470556,-80.34025833,Arbol,El primer evento no fue una colision con un vehiculo automotor en transporte,Y-Intersection,Interseccion de Y,Fuera de la calle,Ninguna,Oscuro sin iluminacion,Nublado,No,NO APLICA,5,3,5,10,1,02/01/2022,1
37,North Carolina,370101,0,0,1,0,171,SURRY (171),0,NO APLICA,1,Enero,14,2022,0,43,SSR-1815,8,Otro,Rural,Local,State Highway Agency,9,Sin jurisdiccion especial,99999,36.42961389,-80.50020278,Arbol,El primer evento no fue una colision con un vehiculo automotor en transporte,Not an Intersection,No fue interseccion,Fuera de la calle,Ninguna,Oscuro sin iluminacion,Despejado,No,NO APLICA,0,42,0,54,1,14/01/2022,2
37,North Carolina,370102,0,0,3,0,171,SURRY (171),0,NO APLICA,1,Enero,27,2022,16,13,US-52,2,US Highway,Rural,Arterial Principal -Freeway o ExpressWay,State Highway Agency,1,Sin jurisdiccion especial,27,36.35968889,-80.47731389,Final Destination ( Vehiculo es golpeado por carga o otro objeto puesto en movimiento por otro vehiculo en movimiento),Otro,Not an Intersection,No fue interseccion,Sobre calle,Ninguna,Dia total,Despejado,No,NO APLICA,16,12,16,26,1,27/01/2022,5
37,North Carolina,370103,0,0,2,0,179,UNION (179),0,NO APLICA,1,Enero,7,2022,11,44,US-601,2,US Highway,Urbano,Arteria Menor,State Highway Agency,0,Sin jurisdiccion especial,259,35.15429444,-80.53555278,Vehiculo en movimiento,Frente a frente,Not an Intersection,No fue interseccion,Sobre calle,Ninguna,Dia total,Despejado,No,NO APLICA,99,99,99,99,1,07/01/2022,2
37,North Carolina,370104,1,1,1,0,179,UNION (179),0,NO APLICA,1,Enero,19,2022,12,14,US-74,2,US Highway,Rural,Arteria Principal,State Highway Agency,1,Sin jurisdiccion especial,12,34.98701111,-80.32393333,Peaton,El primer evento no fue una colision con un vehiculo automotor en transporte,Not an Intersection,No fue interseccion,Sobre el lado de la calle,Ninguna,Dia total,Despejado,No,NO APLICA,12,14,12,21,1,19/01/2022,1
37,North Carolina,370105,0,0,1,0,179,UNION (179),2290,INDIAN TRAIL,1,Enero,25,2022,7,48,US-74,2,US Highway,Urbano,Arteria Principal,State Highway Agency,1,Sin jurisdiccion especial,99999,99.9999,999.9999,Acotamiento,El primer evento no fue una colision con un vehiculo automotor en transporte,Not an Intersection,No fue interseccion,Sobre el lado de la calle,Ninguna,Dia total,Despejado,No,NO APLICA,8,1,8,13,1,25/01/2022,2
37,North Carolina,370106,0,0,1,0,183,WAKE (183),3750,RALEIGH,1,Enero,17,2022,2,13,I-440,1,Interestatal,Urbano,Interestatal,State Highway Agency,1,Sin jurisdiccion especial,0,35.79513889,-78.5848,Acotamiento,El primer evento no fue una colision con un vehiculo automotor en transporte,Not an Intersection,No fue interseccion,Sobre el lado de la calle,Ninguna,Oscuro con iluminacion,Nieve,No,NO APLICA,2,13,2,22,1,17/01/2022,5
37,North Carolina,370107,0,0,1,0,183,WAKE (183),3750,RALEIGH,1,Enero,15,2022,16,12,US-70,2,US Highway,Urbano,Arteria Principal,State Highway Agency,1,Sin jurisdiccion especial,99998,35.91726111,-78.78913056,Poste,El primer evento no fue una colision con un vehiculo automotor en transporte,T-Intersection,Interseccion de T,Sobre el lado de la calle,Ninguna,Oscuro sin iluminacion,Nublado,No,NO APLICA,2,33,2,35,1,15/01/2022,2
37,North Carolina,370108,0,0,1,0,183,WAKE (183),0,NO APLICA,1,Enero,2,2022,6,47,SSR-2727,8,Otro,Rural,Local,State Highway Agency,0,Sin jurisdiccion especial,99998,35.59778056,-78.63636111,Arbol,El primer evento no fue una colision con un vehiculo automotor en transporte,Not an Intersection,No fue interseccion,Sobre el lado de la calle,Ninguna,Amanecer,Nublado,No,NO APLICA,6,46,6,59,1,02/01/2022,1
37,North Carolina,370109,0,0,2,0,183,WAKE (183),3750,RALEIGH,1,Enero,9,2022,20,0,SSR-1321 AVENT FERRY RD,8,Otro,Urbano,Colector Mayor,State Highway Agency,0,Sin jurisdiccion especial,7,35.77295,-78.68381667,Vehiculo en movimiento,Frente a frente,Not an Intersection,No fue interseccion,Sobre calle,Ninguna,Oscuro con iluminacion,lluvia,No,NO APLICA,20,8,20,16,2,09/01/2022,6
37,North Carolina,370110,1,1,1,0,183,WAKE (183),3750,RALEIGH,1,Enero,12,2022,14,26,W PEACE ST,6,Calle Local Municipalidad,Urbano,Colector Mayor,State Highway Agency,0,Sin jurisdiccion especial,0,35.78855278,-78.65363611,Peaton,El primer evento no fue una colision con un vehiculo automotor en transporte,Not an Intersection,No fue interseccion,Sobre el lado de la calle,Ninguna,Dia total,Despejado,No,NO APLICA,14,5,14,9,1,12/01/2022,2
37,North Carolina,370111,0,0,1,0,183,WAKE (183),0,NO APLICA,1,Enero,21,2022,3,54,US-64,2,US Highway,Rural,Arteria Principal,State Highway Agency,1,Sin jurisdiccion especial,0,35.80335,-78.42903056,Valla Ferrocarril,El primer evento no fue una colision con un vehiculo automotor en transporte,Not an Intersection,No fue interseccion,Sobre el lado de la calle,Ninguna,Oscuro sin iluminacion,Granizo,No,NO APLICA,3,47,3,53,1,21/01/2022,3
37,North Carolina,370112,1,1,1,0,183,WAKE (183),1770,GARNER,1,Enero,25,2022,19,2,US-401 FAYETTVILLE RD,2,US Highway,Urbano,Arteria Principal,State Highway Agency,1,Sin jurisdiccion especial,155,35.71587222,-78.65601111,Peaton,El primer evento no fue una colision con un vehiculo automotor en transporte,Not an Intersection,No fue interseccion,Sobre calle,Ninguna,Oscuro sin iluminacion,Despejado,No,NO APLICA,99,99,99,99,1,25/01/2022,1
37,North Carolina,370113,2,2,3,0,183,WAKE (183),3750,RALEIGH,1,Enero,21,2022,18,26,SSR-1012 WESTERN BLVD,8,Otro,Urbano,Arteria Principal,State Highway Agency,0,Sin jurisdiccion especial,33,35.78373889,-78.69779167,Vehiculo en movimiento,Golpe Lateral - misma direccion,Not an Intersection,No fue interseccion,Sobre calle,Ninguna,Oscuro con iluminacion,Nieve,No,NO APLICA,18,26,18,33,1,21/01/2022,1
37,North Carolina,370114,0,0,2,0,191,WAYNE (191),0,NO APLICA,1,Enero,25,2022,19,17,SR-111,3,Highway estatal,Rural,Colector Mayor,State Highway Agency,0,Sin jurisdiccion especial,248,35.45614444,-77.93383889,Vehiculo en movimiento,Angulo,Four-Way Intersection,Interseccion de 4 direcciones,Sobre calle,Ninguna,Oscuro sin iluminacion,Despejado,No,NO APLICA,99,99,99,99,1,25/01/2022,3
37,North Carolina,370115,0,0,1,0,193,WILKES (193),0,NO APLICA,1,Enero,1,2022,4,21,SR-268,3,Highway estatal,Rural,Colector Mayor,State Highway Agency,0,Sin jurisdiccion especial,0,36.21063333,-81.04603333,Buzon de correo,El primer evento no fue una colision con un vehiculo automotor en transporte,Not an Intersection,No fue interseccion,Sobre el lado de la calle,Ninguna,Oscuro sin iluminacion,Despejado,No,NO APLICA,4,12,4,18,1,01/01/2022,1
37,North Carolina,370116,0,0,2,0,193,WILKES (193),0,NO APLICA,1,Enero,5,2022,12,5,SSR-2324 RED WHITE AND BLUE RD,8,Otro,Rural,Colector Menor,State Highway Agency,0,Sin jurisdiccion especial,31,36.15775833,-80.99583611,Vehiculo en movimiento,Frente a frente,Not an Intersection,No fue interseccion,Sobre calle,Ninguna,Dia total,Despejado,No,NO APLICA,12,1,12,8,1,05/01/2022,2
37,North Carolina,370117,0,0,1,0,195,WILSON (195),0,NO APLICA,1,Enero,29,2022,9,16,US-301,2,US Highway,Rural,Arteria Principal,State Highway Agency,1,Sin jurisdiccion especial,99998,35.78017778,-77.85799444,Zanja,El primer evento no fue una colision con un vehiculo automotor en transporte,Not an Intersection,No fue interseccion,Sobre el lado de la calle,Ninguna,Reportada como desconocida,Despejado,No,NO APLICA,99,99,99,99,1,29/01/2022,1
37,North Carolina,370118,0,0,1,0,199,YANCEY (199),0,NO APLICA,1,Enero,6,2022,14,56,US-19,2,US Highway,Rural,Colector Mayor,State Highway Agency,0,Sin jurisdiccion especial,99998,35.95345556,-82.39066667,Arbol,El primer evento no fue una colision con un vehiculo automotor en transporte,Not an Intersection,No fue interseccion,"Fuera de la calle, ubicacion desconocida",Ninguna,Dia total,Nublado,No,NO APLICA,16,19,16,32,2,06/01/2022,2
37,North Carolina,370119,0,0,1,0,1,ALAMANCE (1),0,NO APLICA,2,Febrero,8,2022,21,6,SSR-2321,8,Otro,Rural,Local,State Highway Agency,9,Sin jurisdiccion especial,99998,35.93380278,-79.45718611,Culvert,El primer evento no fue una colision con un vehiculo automotor en transporte,Not an Intersection,No fue interseccion,Sobre el lado de la calle,Ninguna,Oscuro sin iluminacion,Despejado,No,NO APLICA,21,7,21,16,1,08/02/2022,1
37,North Carolina,370120,1,1,1,0,1,ALAMANCE (1),2080,HAW RIVER,2,Febrero,9,2022,22,30,SR-49 ROXBORO RD,3,Highway estatal,Urbano,Arteria Menor,State Highway Agency,0,Sin jurisdiccion especial,223,36.112175,-79.35367222,Peaton,El primer evento no fue una colision con un vehiculo automotor en transporte,Not an Intersection,No fue interseccion,Sobre calle,Ninguna,Oscuro con iluminacion,Despejado,No,NO APLICA,22,34,22,36,1,09/02/2022,1
37,North Carolina,370121,1,1,1,0,1,ALAMANCE (1),0,NO APLICA,2,Febrero,12,2022,12,43,SR-49,3,Highway estatal,Rural,Arteria Menor,State Highway Agency,0,Sin jurisdiccion especial,240,36.13587778,-79.34488889,Peaton,El primer evento no fue una colision con un vehiculo automotor en transporte,Not an Intersection,No fue interseccion,Sobre Acotamiento,Ninguna,Dia total,Despejado,No,NO APLICA,12,43,12,54,1,12/02/2022,1
37,North Carolina,370122,0,0,1,0,1,ALAMANCE (1),700,BURLINGTON,2,Febrero,22,2022,14,25,SR-100,3,Highway estatal,Urbano,Arteria Principal,State Highway Agency,1,Sin jurisdiccion especial,99998,36.07693889,-79.42786111,Poste,El primer evento no fue una colision con un vehiculo automotor en transporte,Not an Intersection,No fue interseccion,Sobre el lado de la calle,Ninguna,Dia total,Despejado,No,NO APLICA,14,24,14,33,1,22/02/2022,1
37,North Carolina,370123,0,0,1,0,13,BEAUFORT (13),0,NO APLICA,2,Febrero,19,2022,21,57,SR-33,3,Highway estatal,Rural,Colector Mayor,State Highway Agency,9,Sin jurisdiccion especial,99998,35.26829167,-76.61894167,Arbol,El primer evento no fue una colision con un vehiculo automotor en transporte,Not an Intersection,No fue interseccion,Sobre el lado de la calle,Ninguna,Oscuro sin iluminacion,Despejado,No,NO APLICA,99,98,99,98,1,19/02/2022,1
37,North Carolina,370124,0,0,1,0,19,BRUNSWICK (19),0,NO APLICA,2,Febrero,12,2022,11,30,US-74,2,US Highway,Rural,Arteria Principal,State Highway Agency,1,Sin jurisdiccion especial,99999,77.7777,777.7777,Arbol,El primer evento no fue una colision con un vehiculo automotor en transporte,Not an Intersection,No fue interseccion,Sobre el lado de la calle,Ninguna,Dia total,Despejado,No,NO APLICA,11,30,11,49,1,12/02/2022,3
37,North Carolina,370125,0,0,1,0,19,BRUNSWICK (19),9997,Other,2,Febrero,13,2022,14,38,SR-133,3,Highway estatal,Rural,Arteria Menor,State Highway Agency,9,Sin jurisdiccion especial,99999,77.7777,777.7777,Volcadura,El primer evento no fue una colision con un vehiculo automotor en transporte,Not an Intersection,No fue interseccion,Sobre el lado de la calle,Ninguna,Dia total,Despejado,No,NO APLICA,14,33,14,52,1,13/02/2022,2
37,North Carolina,370126,1,1,1,0,21,BUNCOMBE (21),0,NO APLICA,2,Febrero,11,2022,4,45,I-40,1,Interestatal,Rural,Interestatal,State Highway Agency,1,Sin jurisdiccion especial,169,35.55860278,-82.54548333,Peaton,El primer evento no fue una colision con un vehiculo automotor en transporte,Not an Intersection,No fue interseccion,Sobre calle,Ninguna,Oscuro sin iluminacion,Despejado,No,NO APLICA,6,28,6,36,1,11/02/2022,1
37,North Carolina,370127,1,1,1,0,23,BURKE (23),0,NO APLICA,2,Febrero,10,2022,6,52,SR-114,3,Highway estatal,Rural,Arteria Menor,State Highway Agency,0,Sin jurisdiccion especial,2,35.73114444,-81.61566111,Peaton,El primer evento no fue una colision con un vehiculo automotor en transporte,Not an Intersection,No fue interseccion,Sobre calle,Ninguna,Amanecer,Despejado,No,NO APLICA,6,53,6,58,1,10/02/2022,1
37,North Carolina,370128,0,0,1,0,23,BURKE (23),0,NO APLICA,2,Febrero,10,2022,7,56,SR-126,3,Highway estatal,Rural,Colector Mayor,State Highway Agency,9,Sin jurisdiccion especial,99998,35.77558333,-81.82005,Buzon de correo,El primer evento no fue una colision con un vehiculo automotor en transporte,Not an Intersection,No fue interseccion,Sobre el lado de la calle,Ninguna,Dia total,Despejado,No,NO APLICA,7,52,8,7,1,10/02/2022,2
37,North Carolina,370129,0,0,2,0,25,CABARRUS (25),2390,KANNAPOLIS,2,Febrero,16,2022,18,1,S RIDGE AVE,6,Calle Local Municipalidad,Urbano,Colector Mayor,City or Municipal Highway Agency,0,Sin jurisdiccion especial,99998,35.46583333,-80.61979167,Vehiculo en movimiento,Angulo,T-Intersection,Interseccion de T,Sobre calle,Ninguna,Dia total,Nublado,No,NO APLICA,18,3,18,7,1,16/02/2022,3
37,North Carolina,370130,0,0,1,0,25,CABARRUS (25),2390,KANNAPOLIS,2,Febrero,10,2022,16,59,I-85,1,Interestatal,Urbano,Interestatal,State Highway Agency,1,Sin jurisdiccion especial,99998,35.49415278,-80.56730833,Acotamiento,El primer evento no fue una colision con un vehiculo automotor en transporte,Not an Intersection,No fue interseccion,Sobre el lado de la calle,Ninguna,Dia total,Despejado,No,NO APLICA,99,99,99,99,1,10/02/2022,1
37,North Carolina,370131,0,0,1,0,25,CABARRUS (25),0,NO APLICA,2,Febrero,19,2022,2,1,SSR-1168 ROBINSON CHURCH RD,8,Otro,Rural,Colector Mayor,State Highway Agency,9,Sin jurisdiccion especial,99998,35.27159444,-80.64622222,Arbol,El primer evento no fue una colision con un vehiculo automotor en transporte,Not an Intersection,No fue interseccion,Sobre el lado de la calle,Ninguna,Oscuro sin iluminacion,Despejado,No,NO APLICA,99,99,99,99,1,19/02/2022,1
37,North Carolina,370132,0,0,1,0,25,CABARRUS (25),1040,CONCORD,2,Febrero,13,2022,10,51,525 LAKE CONCORD RD NE,6,Calle Local Municipalidad,Urbano,Local,City or Municipal Highway Agency,0,Sin jurisdiccion especial,99998,35.44509167,-80.60058056,Arbol,El primer evento no fue una colision con un vehiculo automotor en transporte,Four-Way Intersection,Interseccion de 4 direcciones,Fuera de la calle,Ninguna,Dia total,Nublado,No,NO APLICA,99,99,99,99,1,13/02/2022,1
37,North Carolina,370133,0,0,2,0,25,CABARRUS (25),0,NO APLICA,2,Febrero,24,2022,17,50,SSR-1601 ODELL SCHOOL RD,8,Otro,Rural,Colector Menor,State Highway Agency,0,Sin jurisdiccion especial,45,35.48279444,-80.75711389,Vehiculo en movimiento,Frente a frente,Not an Intersection,No fue interseccion,Sobre calle,Ninguna,Dia total,Nublado,No,NO APLICA,17,41,17,50,1,24/02/2022,2
37,North Carolina,370134,0,0,1,0,27,CALDWELL (27),0,NO APLICA,2,Febrero,12,2022,12,45,SSR-1550 BLUE CREEK RD,8,Otro,Rural,Local,State Highway Agency,9,Sin jurisdiccion especial,99998,35.96651667,-81.45434167,Zanja,El primer evento no fue una colision con un vehiculo automotor en transporte,Not an Intersection,No fue interseccion,Sobre el lado de la calle,Ninguna,Dia total,Despejado,No,NO APLICA,99,99,99,99,1,12/02/2022,1
37,North Carolina,370135,0,0,2,0,35,CATAWBA (35),1060,CONOVER,2,Febrero,8,2022,16,59,SSR-1491 SECTION HOUSE RD NW,8,Otro,Urbano,Local,State Highway Agency,0,Sin jurisdiccion especial,99998,35.72243333,-81.24417222,Vehiculo en movimiento,Frente a frente,Not an Intersection,No fue interseccion,Sobre calle,Ninguna,Dia total,Despejado,No,NO APLICA,17,5,17,5,1,08/02/2022,2
37,North Carolina,370136,0,0,2,0,35,CATAWBA (35),0,NO APLICA,2,Febrero,25,2022,11,19,SSR-1835,8,Otro,Urbano,Local,County Highway Agency,0,Sin jurisdiccion especial,99998,35.65951944,-80.98594167,Vehiculo en movimiento,Frente a frente,Not an Intersection,No fue interseccion,Sobre calle,Ninguna,Dia total,Nublado,No,NO APLICA,11,18,11,31,1,25/02/2022,2
37,North Carolina,370137,0,0,1,0,37,CHATHAM (37),0,NO APLICA,2,Febrero,21,2022,17,15,US-64 W,2,US Highway,Rural,Arteria Principal,State Highway Agency,1,Sin jurisdiccion especial,99998,35.73853889,-79.53065278,Suelo,El primer evento no fue una colision con un vehiculo automotor en transporte,Not an Intersection,No fue interseccion,Sobre el lado de la calle,Ninguna,Dia total,Despejado,No,NO APLICA,99,99,99,99,1,21/02/2022,1