Estado,Nombre de Estado,Numero de Caso,Peatones,Personas _no_vehiculos,Vehiculos automotores,Vehiculos estacionados,Condado,Nombre Condado,Ciudad,Nombre Ciudad,Mes,Nombre Mes,Dia,Año,Hora,Minuto,Calle,Ruta,Nombre Ruta,Rural o Urbanoo,Sistema Funcional,Dueño Calle,Sistema Nacional Carreteras,Jurisdiccion Especial,Milla,Latitud,Longitud,Causa del Accidente,Tipo de Accidente,Tipo Interseccion,Columna1,Lugar en la calle,Zona de Trabajo,Luz,Clima,Autobus Escolar,Cruce de Trenes,Hora Notificacion,Minuto Notificacion,Hora Llegada,Minuto Llegada,Decesos,Fecha,PersonaVehiculo
37,North Carolina,370138,0,0,1,0,45,CLEVELAND (45),0,NO APLICA,2,Febrero,20,2022,6,46,SSR-2033 OAK GROVE RD,8,Otro,Rural,Colector Mayor,State Highway Agency,9,Sin jurisdiccion especial,99998,35.27598889,-81.393825,Arbol,El primer evento no fue una colision con un vehiculo automotor en transporte,Not an Intersection,No fue interseccion,Sobre el lado de la calle,Ninguna,Amanecer,Despejado,No,NO APLICA,6,43,6,49,1,20/02/2022,2
37,North Carolina,370139,1,1,1,0,45,CLEVELAND (45),2440,KINGS MOUNTAIN,2,Febrero,11,2022,17,42,SR-161 YORK RD,3,Highway estatal,Rural,Arteria Menor,State Highway Agency,0,Sin jurisdiccion especial,35,35.21045,-81.34024722,Peaton,El primer evento no fue una colision con un vehiculo automotor en transporte,Not an Intersection,No fue interseccion,Sobre Acotamiento,Ninguna,Dia total,Despejado,No,NO APLICA,17,49,17,56,1,11/02/2022,1
37,North Carolina,370140,0,0,1,0,45,CLEVELAND (45),0,NO APLICA,2,Febrero,18,2022,21,47,US-29,2,US Highway,Urbano,Colector Mayor,State Highway Agency,0,Sin jurisdiccion especial,99998,77.7777,777.7777,Poste de Señal de trafico,El primer evento no fue una colision con un vehiculo automotor en transporte,Not an Intersection,No fue interseccion,Sobre el lado de la calle,Ninguna,Oscuro sin iluminacion,Despejado,No,NO APLICA,21,40,21,51,1,18/02/2022,1
37,North Carolina,370141,0,0,2,0,47,COLUMBUS (47),0,NO APLICA,2,Febrero,8,2022,12,57,SR-410 JOE BROWN HWY N,3,Highway estatal,Rural,Colector Mayor,State Highway Agency,0,Sin jurisdiccion especial,99998,34.37182778,-78.83122222,Vehiculo en movimiento,Frente a frente,Not an Intersection,No fue interseccion,Sobre calle,Ninguna,Dia total,Despejado,No,NO APLICA,99,99,99,99,3,08/02/2022,5
37,North Carolina,370142,0,0,1,0,47,COLUMBUS (47),0,NO APLICA,2,Febrero,20,2022,19,14,SSR-1006 WILL INMAN RD,8,Otro,Rural,Colector Menor,State Highway Agency,9,Sin jurisdiccion especial,99998,34.13756944,-78.84853611,Buzon de correo,El primer evento no fue una colision con un vehiculo automotor en transporte,Not an Intersection,No fue interseccion,Sobre el lado de la calle,Ninguna,Oscuro sin iluminacion,Despejado,No,NO APLICA,19,10,19,16,1,20/02/2022,1
37,North Carolina,370143,1,1,1,0,49,CRAVEN (49),3250,NEW BERN,2,Febrero,6,2022,0,37,US-70,2,US Highway,Urbano,Arteria Principal,State Highway Agency,1,Sin jurisdiccion especial,99998,35.07836944,-77.02975833,Peaton,El primer evento no fue una colision con un vehiculo automotor en transporte,Not an Intersection,No fue interseccion,Sobre calle,Ninguna,Oscuro sin iluminacion,Despejado,No,NO APLICA,99,99,99,99,1,06/02/2022,1
37,North Carolina,370144,0,0,2,0,49,CRAVEN (49),0,NO APLICA,2,Febrero,21,2022,12,16,SR-101,3,Highway estatal,Rural,Arteria Menor,State Highway Agency,0,Sin jurisdiccion especial,18,34.86341111,-76.78327778,Vehiculo en movimiento,Frente a frente,Not an Intersection,No fue interseccion,Sobre calle,Ninguna,Dia total,lluvia,No,NO APLICA,12,15,12,31,1,21/02/2022,2
37,North Carolina,370145,1,1,1,0,49,CRAVEN (49),0,NO APLICA,2,Febrero,17,2022,22,11,US-70,2,US Highway,Urbano,Arteria Principal,State Highway Agency,1,Sin jurisdiccion especial,99998,35.08186389,-77.03131111,Peaton,El primer evento no fue una colision con un vehiculo automotor en transporte,Four-Way Intersection,Interseccion de 4 direcciones,Sobre calle,Ninguna,Oscuro sin iluminacion,lluvia,No,NO APLICA,99,99,99,99,1,17/02/2022,2
37,North Carolina,370146,0,0,1,0,49,CRAVEN (49),0,NO APLICA,2,Febrero,17,2022,8,55,US-70 HWY W,2,US Highway,Rural,Arterial Principal -Freeway o ExpressWay,State Highway Agency,1,Sin jurisdiccion especial,99998,77.7777,777.7777,Soporte de Puente,El primer evento no fue una colision con un vehiculo automotor en transporte,Not an Intersection,No fue interseccion,Sobre el lado de la calle,Ninguna,Dia total,Despejado,No,NO APLICA,99,99,99,99,1,17/02/2022,1
37,North Carolina,370147,1,1,1,0,51,CUMBERLAND (51),0,NO APLICA,2,Febrero,6,2022,19,43,SSR-1112 ROCKFISH RD,8,Otro,Urbano,Arteria Menor,State Highway Agency,0,Sin jurisdiccion especial,99998,34.97784444,-78.98975278,Peaton,El primer evento no fue una colision con un vehiculo automotor en transporte,Not an Intersection,No fue interseccion,Sobre calle,Ninguna,Oscuro sin iluminacion,Despejado,No,NO APLICA,99,99,99,99,1,06/02/2022,1
37,North Carolina,370148,0,0,1,0,51,CUMBERLAND (51),0,NO APLICA,2,Febrero,9,2022,1,55,I-95,1,Interestatal,Rural,Interestatal,State Highway Agency,1,Sin jurisdiccion especial,99998,35.19195556,-78.68130833,Fin de valla,El primer evento no fue una colision con un vehiculo automotor en transporte,Not an Intersection,No fue interseccion,Sobre el lado de la calle,Construccion,Oscuro sin iluminacion,Despejado,No,NO APLICA,99,99,99,99,1,09/02/2022,1
37,North Carolina,370149,0,0,2,0,51,CUMBERLAND (51),0,NO APLICA,2,Febrero,12,2022,21,55,US-401 RAMSEY ST,2,US Highway,Rural,Arteria Menor,State Highway Agency,0,Sin jurisdiccion especial,99998,35.19154444,-78.85051389,Vehiculo en movimiento,Frente a frente,Not an Intersection,No fue interseccion,Sobre calle,Ninguna,Oscuro sin iluminacion,Despejado,No,NO APLICA,99,99,99,99,1,12/02/2022,3
37,North Carolina,370150,0,0,2,0,51,CUMBERLAND (51),0,NO APLICA,2,Febrero,17,2022,7,43,SSR 1006 CLINTON RD,8,Otro,Rural,Arteria Menor,Other State Agency,0,Sin jurisdiccion especial,34,35.03496111,-78.806675,Suelo,El primer evento no fue una colision con un vehiculo automotor en transporte,Not an Intersection,No fue interseccion,Sobre el lado de la calle,Ninguna,Dia total,Despejado,No,NO APLICA,99,99,99,99,2,17/02/2022,3
37,North Carolina,370151,1,1,1,0,51,CUMBERLAND (51),0,NO APLICA,2,Febrero,14,2022,22,10,SSR 1007 OWEN DR,8,Otro,Rural,Arteria Menor,Other State Agency,0,Sin jurisdiccion especial,2,35.00958611,-78.87088889,Peaton,El primer evento no fue una colision con un vehiculo automotor en transporte,Not an Intersection,No fue interseccion,Sobre calle,Ninguna,Oscuro sin iluminacion,Despejado,No,NO APLICA,99,99,99,99,1,14/02/2022,1
37,North Carolina,370152,0,0,2,0,57,DAVIDSON (57),0,NO APLICA,2,Febrero,22,2022,19,49,SR-150,3,Highway estatal,Rural,Arteria Principal,State Highway Agency,1,Sin jurisdiccion especial,236,35.976175,-80.29026111,Vehiculo en movimiento,Frente a Detrás,Not an Intersection,No fue interseccion,Sobre calle,Ninguna,Oscuro sin iluminacion,Despejado,No,NO APLICA,19,51,19,58,1,22/02/2022,2
37,North Carolina,370154,0,0,2,0,59,DAVIE (59),0,NO APLICA,2,Febrero,3,2022,21,56,US-158,2,US Highway,Rural,Arteria Menor,State Highway Agency,0,Sin jurisdiccion especial,115,36.00588333,-80.43578889,Vehiculo en movimiento,Frente a Detrás,Not an Intersection,No fue interseccion,Sobre calle,Ninguna,Oscuro sin iluminacion,lluvia,No,NO APLICA,21,54,22,3,1,03/02/2022,2
37,North Carolina,370155,0,0,2,0,61,DUPLIN (61),0,NO APLICA,2,Febrero,5,2022,21,28,US-117,2,US Highway,Rural,Colector Mayor,State Highway Agency,0,Sin jurisdiccion especial,53,34.78874167,-78.00964722,Vehiculo en movimiento,Frente a frente,Not an Intersection,No fue interseccion,Sobre calle,Ninguna,Oscuro sin iluminacion,Despejado,No,NO APLICA,21,28,21,39,2,05/02/2022,2
37,North Carolina,370156,0,0,1,0,63,DURHAM (63),1360,DURHAM,2,Febrero,13,2022,0,50,I-40 E,1,Interestatal,Rural,Interestatal,State Highway Agency,1,Sin jurisdiccion especial,99998,35.87420556,-78.83335556,Arbol,El primer evento no fue una colision con un vehiculo automotor en transporte,Not an Intersection,No fue interseccion,Gore?,Ninguna,Oscuro sin iluminacion,Despejado,No,NO APLICA,0,53,1,6,1,13/02/2022,2
37,North Carolina,370157,0,0,4,0,63,DURHAM (63),1360,DURHAM,2,Febrero,18,2022,12,23,SR-54 BUS,3,Highway estatal,Urbano,Arteria Principal,State Highway Agency,1,Sin jurisdiccion especial,51,35.90887222,-78.92838333,Vehiculo en movimiento,Frente a Detrás,Not an Intersection,No fue interseccion,Sobre calle,Ninguna,Dia total,Despejado,No,NO APLICA,12,26,12,32,1,18/02/2022,6
37,North Carolina,370158,0,0,1,0,67,FORSYTH (67),0,NO APLICA,2,Febrero,7,2022,7,43,SR-67 REYNOLDA RD,3,Highway estatal,Rural,Arteria Menor,State Highway Agency,9,Sin jurisdiccion especial,99998,36.20545833,-80.40752222,Acotamiento,El primer evento no fue una colision con un vehiculo automotor en transporte,Not an Intersection,No fue interseccion,Sobre el lado de la calle,Ninguna,Dia total,lluvia,No,NO APLICA,99,99,99,99,1,07/02/2022,1
37,North Carolina,370159,0,0,2,0,67,FORSYTH (67),0,NO APLICA,2,Febrero,24,2022,10,9,SSR-1348 ROBINHOOD RD,8,Otro,Rural,Colector Mayor,State Highway Agency,0,Sin jurisdiccion especial,63,36.12892222,-80.42002778,Vehiculo en movimiento,Angulo,Not an Intersection,No fue interseccion,Sobre calle,Ninguna,Dia total,lluvia,No,NO APLICA,99,99,99,99,1,24/02/2022,3
37,North Carolina,370160,0,0,2,0,69,FRANKLIN (69),0,NO APLICA,2,Febrero,10,2022,7,36,SSR-1460 J B LEONARD RD,8,Otro,Rural,Local,Town or Township Highway Agency,0,Sin jurisdiccion especial,6,36.14901389,-78.11958889,Vehiculo en movimiento,Frente a frente,Not an Intersection,No fue interseccion,Sobre calle,Ninguna,Dia total,Despejado,Yes,NO APLICA,7,49,8,17,1,10/02/2022,14
37,North Carolina,370161,0,0,2,0,71,GASTON (71),0,NO APLICA,2,Febrero,2,2022,19,36,SSR-2412 LITTLE MOUNTAIN RD,8,Otro,Rural,Arteria Menor,State Highway Agency,0,Sin jurisdiccion especial,17,35.20038611,-81.18073333,Vehiculo en movimiento,Frente a frente,T-Intersection,Interseccion de T,Sobre calle,Ninguna,Oscuro sin iluminacion,Despejado,No,NO APLICA,19,25,19,27,1,02/02/2022,2
37,North Carolina,370162,0,0,2,0,71,GASTON (71),0,NO APLICA,2,Febrero,6,2022,12,35,SR-161,3,Highway estatal,Rural,Arteria Menor,State Highway Agency,0,Sin jurisdiccion especial,3,35.26740278,-81.322225,Vehiculo en movimiento,Frente a frente,Not an Intersection,No fue interseccion,Sobre calle,Ninguna,Dia total,Despejado,No,NO APLICA,12,44,12,48,1,06/02/2022,4
37,North Carolina,370163,0,0,2,0,71,GASTON (71),1800,GASTONIA,2,Febrero,22,2022,18,46,SSR-2466 W GARRISON BLVD,8,Otro,Urbano,Arteria Principal,State Highway Agency,0,Sin jurisdiccion especial,10,35.25551389,-81.19976389,Vehiculo en movimiento,Angulo,Four-Way Intersection,Interseccion de 4 direcciones,Sobre calle,Ninguna,Atardecer,Despejado,No,NO APLICA,18,47,18,56,1,22/02/2022,2
37,North Carolina,370164,0,0,1,0,71,GASTON (71),72,ALEXIS,2,Febrero,27,2022,15,49,SR-27,3,Highway estatal,Rural,Arteria Menor,State Highway Agency,0,Sin jurisdiccion especial,20,35.26214167,-81.19782222,Arbol,El primer evento no fue una colision con un vehiculo automotor en transporte,Not an Intersection,No fue interseccion,Sobre el lado de la calle,Ninguna,Dia total,Despejado,No,NO APLICA,99,99,99,99,1,27/02/2022,1
37,North Carolina,370165,0,0,1,0,71,GASTON (71),1800,GASTONIA,2,Febrero,28,2022,2,3,SOUTH CLAY STREET,6,Calle Local Municipalidad,Urbano,Local,City or Municipal Highway Agency,9,Sin jurisdiccion especial,99998,35.25956944,-81.19171944,Poste,El primer evento no fue una colision con un vehiculo automotor en transporte,Not an Intersection,No fue interseccion,Sobre el lado de la calle,Ninguna,Oscuro con iluminacion,Nublado,No,NO APLICA,99,99,99,99,1,28/02/2022,2
37,North Carolina,370166,0,0,2,0,73,GATES (73),0,NO APLICA,2,Febrero,9,2022,5,42,US-13,2,US Highway,Rural,Arteria Principal,State Highway Agency,1,Sin jurisdiccion especial,135,36.53911389,-76.76551111,Vehiculo en movimiento,Golpe Lateral - direccion contraria,T-Intersection,Interseccion de T,Sobre calle,Ninguna,Oscuro sin iluminacion,Despejado,No,NO APLICA,5,31,5,57,1,09/02/2022,2
37,North Carolina,370167,0,0,2,0,77,GRANVILLE (77),0,NO APLICA,2,Febrero,21,2022,15,52,SR-96,3,Highway estatal,Rural,Colector Mayor,State Highway Agency,0,Sin jurisdiccion especial,319,36.46802778,-78.73328056,Vehiculo en movimiento,Frente a frente,Not an Intersection,No fue interseccion,Sobre calle,Ninguna,Dia total,Despejado,No,NO APLICA,99,99,99,99,1,21/02/2022,5
37,North Carolina,370168,0,0,2,0,77,GRANVILLE (77),0,NO APLICA,2,Febrero,17,2022,21,22,I-85,1,Interestatal,Rural,Interestatal,State Highway Agency,1,Sin jurisdiccion especial,187,36.13305278,-78.73688611,Vehiculo en movimiento,Frente a Detrás,Not an Intersection,No fue interseccion,Sobre calle,Ninguna,Oscuro sin iluminacion,Nublado,No,NO APLICA,99,99,99,99,1,17/02/2022,2
37,North Carolina,370169,0,0,1,0,81,GUILFORD (81),0,NO APLICA,2,Febrero,13,2022,17,30,US-421,2,US Highway,Rural,Arterial Principal -Freeway o ExpressWay,State Highway Agency,1,Sin jurisdiccion especial,99998,35.95806944,-79.69615833,Valla Ferrocarril,El primer evento no fue una colision con un vehiculo automotor en transporte,Not an Intersection,No fue interseccion,En el medio,Ninguna,Dia total,Despejado,No,NO APLICA,99,99,99,99,1,13/02/2022,1
37,North Carolina,370170,0,0,4,0,81,GUILFORD (81),1940,GREENSBORO,2,Febrero,26,2022,21,45,I-40 BUS,1,Interestatal,Urbano,Interestatal,State Highway Agency,1,Sin jurisdiccion especial,141,36.03748889,-79.78513889,Valla Ferrocarril,El primer evento no fue una colision con un vehiculo automotor en transporte,Not an Intersection,No fue interseccion,En el medio,Ninguna,Oscuro con iluminacion,lluvia,No,NO APLICA,21,46,21,56,2,26/02/2022,7
37,North Carolina,370171,0,0,2,0,85,HARNETT (85),0,NO APLICA,2,Febrero,9,2022,10,36,US-401,2,US Highway,Rural,Arteria Principal,State Highway Agency,1,Sin jurisdiccion especial,25,35.53686944,-78.81525833,Vehiculo en movimiento,Angulo,Four-Way Intersection,Interseccion de 4 direcciones,Sobre calle,Ninguna,Dia total,Despejado,No,NO APLICA,10,29,10,37,1,09/02/2022,2
37,North Carolina,370172,0,0,1,0,89,HENDERSON (89),0,NO APLICA,2,Febrero,11,2022,17,47,I-26,1,Interestatal,Urbano,Interestatal,State Highway Agency,1,Sin jurisdiccion especial,99998,35.29606667,-82.40550556,Poste de Señal de trafico,El primer evento no fue una colision con un vehiculo automotor en transporte,Not an Intersection,No fue interseccion,Sobre el lado de la calle,Ninguna,Dia total,Despejado,No,NO APLICA,17,46,17,48,1,11/02/2022,1
37,North Carolina,370174,1,1,1,0,99,JACKSON (99),0,NO APLICA,2,Febrero,17,2022,17,15,SSR-1107 WHITESIDE COVE RD,8,Otro,Rural,Local,State Highway Agency,0,Sin jurisdiccion especial,38,35.07513056,-83.11127222,Peaton,El primer evento no fue una colision con un vehiculo automotor en transporte,Not an Intersection,No fue interseccion,Sobre calle,Ninguna,Dia total,lluvia,No,NO APLICA,17,18,17,25,1,17/02/2022,1
37,North Carolina,370175,0,0,2,0,101,JOHNSTON (101),0,NO APLICA,2,Febrero,10,2022,16,26,SR-39,3,Highway estatal,Rural,Arteria Menor,State Highway Agency,0,Sin jurisdiccion especial,195,35.77789722,-78.26938333,Vehiculo en movimiento,Golpe Lateral - direccion contraria,Four-Way Intersection,Interseccion de 4 direcciones,Sobre calle,Ninguna,Dia total,Despejado,No,NO APLICA,99,99,99,99,1,10/02/2022,2
37,North Carolina,370176,0,0,3,0,105,LEE (105),0,NO APLICA,2,Febrero,9,2022,13,46,SR-87,3,Highway estatal,Rural,Arteria Principal,State Highway Agency,1,Sin jurisdiccion especial,13,35.40028056,-79.11266944,Vehiculo en movimiento,Golpe Lateral - direccion contraria,Not an Intersection,No fue interseccion,Sobre calle,Ninguna,Dia total,Despejado,No,NO APLICA,99,99,99,99,1,09/02/2022,41
37,North Carolina,370177,0,0,1,0,109,LINCOLN (109),0,NO APLICA,2,Febrero,14,2022,16,6,SSR-1511 OLD PLANK RD,8,Otro,Rural,Colector Menor,State Highway Agency,9,Sin jurisdiccion especial,99998,35.432525,-81.05329167,Arbol,El primer evento no fue una colision con un vehiculo automotor en transporte,Not an Intersection,No fue interseccion,Sobre el lado de la calle,Ninguna,Dia total,Despejado,No,NO APLICA,16,5,16,14,1,14/02/2022,3
37,North Carolina,370178,0,0,1,0,111,MCDOWELL (111),0,NO APLICA,2,Febrero,8,2022,8,23,SSR-1001 SUGAR HILL RD,8,Otro,Rural,Colector Mayor,State Highway Agency,9,Sin jurisdiccion especial,99998,35.61438889,-82.05302778,Arbol,El primer evento no fue una colision con un vehiculo automotor en transporte,Not an Intersection,No fue interseccion,Sobre el lado de la calle,Ninguna,Dia total,Despejado,No,NO APLICA,8,20,8,32,1,08/02/2022,1
37,North Carolina,370179,1,1,1,0,119,MECKLENBURG (119),870,CHARLOTTE,2,Febrero,1,2022,0,42,I-85,1,Interestatal,Urbano,Interestatal,State Highway Agency,1,Sin jurisdiccion especial,8,35.25770556,-80.99854444,Peaton,El primer evento no fue una colision con un vehiculo automotor en transporte,Not an Intersection,No fue interseccion,Sobre calle,Ninguna,Oscuro sin iluminacion,Despejado,No,NO APLICA,0,43,0,58,1,01/02/2022,1
37,North Carolina,370180,1,1,1,0,119,MECKLENBURG (119),870,CHARLOTTE,2,Febrero,10,2022,21,7,SR-115 OLD STATESVILLE RD,3,Highway estatal,Urbano,Local,State Highway Agency,0,Sin jurisdiccion especial,8,35.31155556,-80.83709444,Peaton,El primer evento no fue una colision con un vehiculo automotor en transporte,Four-Way Intersection,Interseccion de 4 direcciones,Sobre calle,Ninguna,Oscuro con iluminacion,Despejado,No,NO APLICA,21,6,21,10,1,10/02/2022,1
37,North Carolina,370181,1,1,1,0,119,MECKLENBURG (119),870,CHARLOTTE,2,Febrero,3,2022,8,36,SR-160 WEST BLVD,3,Highway estatal,Urbano,Colector Mayor,State Highway Agency,0,Sin jurisdiccion especial,14,35.21608056,-80.88388056,Peaton,El primer evento no fue una colision con un vehiculo automotor en transporte,Four-Way Intersection,Interseccion de 4 direcciones,Sobre calle,Ninguna,Dia total,lluvia,No,NO APLICA,8,38,8,46,1,03/02/2022,2
37,North Carolina,370182,0,0,2,0,119,MECKLENBURG (119),870,CHARLOTTE,2,Febrero,14,2022,6,7,SR-16 BROOKSHIRE BLVD,3,Highway estatal,Urbano,Arteria Principal,State Highway Agency,1,Sin jurisdiccion especial,227,35.31001944,-80.92585278,Vehiculo en movimiento,Angulo,Four-Way Intersection,Interseccion de 4 direcciones,Sobre calle,Ninguna,Oscuro con iluminacion,Despejado,No,NO APLICA,6,7,6,12,1,14/02/2022,2
37,North Carolina,370183,1,1,1,0,119,MECKLENBURG (119),870,CHARLOTTE,2,Febrero,14,2022,6,54,SSR-2472W MALLARD CREEK CHURCH,8,Otro,Urbano,Arteria Menor,State Highway Agency,0,Sin jurisdiccion especial,0,35.33739444,-80.75843056,Peaton,El primer evento no fue una colision con un vehiculo automotor en transporte,Four-Way Intersection,Interseccion de 4 direcciones,Sobre calle,Ninguna,Amanecer,Despejado,No,NO APLICA,6,53,7,3,1,14/02/2022,2
37,North Carolina,370184,0,0,1,0,119,MECKLENBURG (119),870,CHARLOTTE,2,Febrero,7,2022,18,42,SSR-2939 OLD CONCORD RD,8,Otro,Urbano,Colector Mayor,City or Municipal Highway Agency,9,Sin jurisdiccion especial,99998,35.30462778,-80.72285278,Arbol,El primer evento no fue una colision con un vehiculo automotor en transporte,Not an Intersection,No fue interseccion,Fuera de la calle,Ninguna,Atardecer,Nublado,No,NO APLICA,19,1,19,18,1,07/02/2022,4
37,North Carolina,370185,0,0,1,0,123,MONTGOMERY (123),0,NO APLICA,2,Febrero,3,2022,5,3,SSR-1003 WINDBLOWN RD,8,Otro,Rural,Local,State Highway Agency,9,Sin jurisdiccion especial,0,35.18577778,-79.6779,Volcadura,El primer evento no fue una colision con un vehiculo automotor en transporte,Four-Way Intersection,Interseccion de 4 direcciones,Sobre calle,Ninguna,Oscuro sin iluminacion,lluvia,No,NO APLICA,99,99,99,99,1,03/02/2022,1
37,North Carolina,370186,0,0,2,0,123,MONTGOMERY (123),0,NO APLICA,2,Febrero,10,2022,11,34,SR-731,3,Highway estatal,Rural,Colector Mayor,State Highway Agency,0,Sin jurisdiccion especial,12,35.2055,-80.04083056,Vehiculo en movimiento,Angulo,Four-Way Intersection,Interseccion de 4 direcciones,Sobre calle,Ninguna,Dia total,Despejado,No,NO APLICA,11,42,11,47,1,10/02/2022,2
37,North Carolina,370187,0,0,1,0,123,MONTGOMERY (123),0,NO APLICA,2,Febrero,26,2022,3,32,I-73,1,Interestatal,Rural,Interestatal,State Highway Agency,1,Sin jurisdiccion especial,124,35.34115833,-79.75636389,Volcadura,El primer evento no fue una colision con un vehiculo automotor en transporte,Not an Intersection,No fue interseccion,Sobre Acotamiento,Ninguna,Oscuro sin iluminacion,Despejado,No,NO APLICA,99,99,99,99,1,26/02/2022,1
37,North Carolina,370188,0,0,3,0,129,NEW HANOVER (129),0,NO APLICA,2,Febrero,8,2022,10,19,US-421,2,US Highway,Rural,Arteria Principal,State Highway Agency,1,Sin jurisdiccion especial,256,34.28853333,-77.96780556,Barrera de Trafico de Concreto,El primer evento no fue una colision con un vehiculo automotor en transporte,T-Intersection,Interseccion de T,En el medio,Ninguna,Dia total,Despejado,No,NO APLICA,99,99,99,99,1,08/02/2022,3
37,North Carolina,370189,0,0,1,0,131,NORTHAMPTON (131),0,NO APLICA,2,Febrero,25,2022,0,54,SR-186,3,Highway estatal,Rural,Colector Mayor,State Highway Agency,0,Sin jurisdiccion especial,126,36.47640833,-77.47309444,Zanja,El primer evento no fue una colision con un vehiculo automotor en transporte,Not an Intersection,No fue interseccion,Sobre el lado de la calle,Ninguna,Oscuro sin iluminacion,lluvia,No,NO APLICA,0,47,1,0,1,25/02/2022,1
37,North Carolina,370190,0,0,2,0,133,ONSLOW (133),0,NO APLICA,2,Febrero,4,2022,14,19,SSR-1434 BELGRADE SWANSBORO RD,8,Otro,Rural,Colector Mayor,State Highway Agency,0,Sin jurisdiccion especial,6,34.71636944,-77.16277778,Vehiculo en movimiento,Angulo,T-Intersection,Interseccion de T,Sobre calle,Ninguna,Dia total,Despejado,No,NO APLICA,14,17,14,36,2,04/02/2022,3
37,North Carolina,370191,0,0,3,0,133,ONSLOW (133),0,NO APLICA,2,Febrero,28,2022,21,16,SR-24,3,Highway estatal,Rural,Arteria Principal,State Highway Agency,1,Sin jurisdiccion especial,34,34.913925,-77.59126389,Vehiculo en movimiento,Angulo,Four-Way Intersection,Interseccion de 4 direcciones,Sobre calle,Ninguna,Oscuro con iluminacion,Despejado,No,NO APLICA,22,33,22,45,1,28/02/2022,3
37,North Carolina,370192,0,0,2,0,135,ORANGE (135),2190,HILLSBOROUGH,2,Febrero,17,2022,8,56,SSR-1009 S CHURTON ST,8,Otro,Urbano,Arteria Menor,State Highway Agency,0,Sin jurisdiccion especial,0,36.06244444,-79.10216111,Vehiculo en movimiento,Angulo,T-Intersection,Interseccion de T,Sobre calle,Ninguna,Dia total,Nublado,No,NO APLICA,8,58,9,1,1,17/02/2022,3
37,North Carolina,370193,1,1,1,0,139,PASQUOTANK (139),1460,ELIZABETH CITY,2,Febrero,9,2022,18,49,US-17 EHRINGHAUS ST,2,US Highway,Urbano,Arteria Menor,State Highway Agency,0,Sin jurisdiccion especial,12,36.29571389,-76.23140278,Peaton,El primer evento no fue una colision con un vehiculo automotor en transporte,Four-Way Intersection,Interseccion de 4 direcciones,Sobre calle,Ninguna,Oscuro con iluminacion,Despejado,No,NO APLICA,18,50,18,55,1,09/02/2022,1
37,North Carolina,370194,0,0,2,0,141,PENDER (141),0,NO APLICA,2,Febrero,13,2022,14,5,US-117,2,US Highway,Rural,Arteria Menor,State Highway Agency,0,Sin jurisdiccion especial,84,34.48383056,-77.89146389,Vehiculo en movimiento,Frente a frente,Not an Intersection,No fue interseccion,Sobre calle,Ninguna,Dia total,Nublado,No,NO APLICA,99,99,99,99,1,13/02/2022,6
37,North Carolina,370195,1,1,1,0,147,PITT (147),1950,GREENVILLE,2,Febrero,11,2022,19,17,SSR-1702 EVANS STREET,8,Otro,Urbano,Arteria Menor,State Highway Agency,0,Sin jurisdiccion especial,99998,35.59936389,-77.37596111,Peaton,El primer evento no fue una colision con un vehiculo automotor en transporte,Four-Way Intersection,Interseccion de 4 direcciones,Sobre calle,Ninguna,Oscuro con iluminacion,Despejado,No,NO APLICA,99,99,99,99,1,11/02/2022,2
37,North Carolina,370196,0,0,1,0,147,PITT (147),0,NO APLICA,2,Febrero,23,2022,2,19,PVA SILVERADO DR,6,Calle Local Municipalidad,Rural,Local,State Highway Agency,0,Sin jurisdiccion especial,0,35.56667222,-77.18535278,Volcadura,El primer evento no fue una colision con un vehiculo automotor en transporte,Not an Intersection,No fue interseccion,Sobre calle,Ninguna,Oscuro sin iluminacion,Nublado,No,NO APLICA,2,17,2,35,1,23/02/2022,3
37,North Carolina,370197,0,0,1,0,149,POLK (149),0,NO APLICA,2,Febrero,7,2022,22,26,SSR-1520 LANDRUM RD,8,Otro,Rural,Colector Menor,State Highway Agency,0,Sin jurisdiccion especial,18,35.21394722,-82.12056944,Volcadura,El primer evento no fue una colision con un vehiculo automotor en transporte,Not an Intersection,No fue interseccion,Sobre el lado de la calle,Ninguna,Oscuro sin iluminacion,Nublado,No,NO APLICA,22,22,22,32,1,07/02/2022,1
37,North Carolina,370198,1,1,1,0,153,RICHMOND (153),0,NO APLICA,2,Febrero,26,2022,4,46,US-74,2,US Highway,Rural,Arteria Principal,State Highway Agency,1,Sin jurisdiccion especial,99998,34.95503889,-79.80968333,Peaton,El primer evento no fue una colision con un vehiculo automotor en transporte,Not an Intersection,No fue interseccion,Sobre calle,Ninguna,Oscuro sin iluminacion,Despejado,No,NO APLICA,4,46,4,54,1,26/02/2022,2
37,North Carolina,370199,0,0,1,0,155,ROBESON (155),0,NO APLICA,2,Febrero,6,2022,3,14,SR-41,3,Highway estatal,Rural,Arteria Menor,State Highway Agency,0,Sin jurisdiccion especial,159,34.56783333,-79.05581944,Zanja,El primer evento no fue una colision con un vehiculo automotor en transporte,Not an Intersection,No fue interseccion,Sobre el lado de la calle,Ninguna,Oscuro sin iluminacion,Despejado,No,NO APLICA,3,25,3,40,1,06/02/2022,1