Estado,Nombre de Estado,Numero de Caso,Peatones,Personas _no_vehiculos,Vehiculos automotores,Vehiculos estacionados,Condado,Nombre Condado,Ciudad,Nombre Ciudad,Mes,Nombre Mes,Dia,Año,Hora,Minuto,Calle,Ruta,Nombre Ruta,Rural o Urbanoo,Sistema Funcional,Dueño Calle,Sistema Nacional Carreteras,Jurisdiccion Especial,Milla,Latitud,Longitud,Causa del Accidente,Tipo de Accidente,Tipo Interseccion,Columna1,Lugar en la calle,Zona de Trabajo,Luz,Clima,Autobus Escolar,Cruce de Trenes,Hora Notificacion,Minuto Notificacion,Hora Llegada,Minuto Llegada,Decesos,Fecha,PersonaVehiculo
37,North Carolina,370200,1,1,1,0,155,ROBESON (155),0,NO APLICA,2,Febrero,13,2022,21,9,SSR-1550 ROWE RD,8,Otro,Rural,Colector Menor,State Highway Agency,0,Sin jurisdiccion especial,99998,34.64421389,-79.10460556,Peaton,El primer evento no fue una colision con un vehiculo automotor en transporte,Not an Intersection,No fue interseccion,Sobre calle,Ninguna,Oscuro sin iluminacion,Despejado,No,NO APLICA,99,99,99,99,1,13/02/2022,3
37,North Carolina,370201,0,0,1,0,155,ROBESON (155),3550,PEMBROKE,2,Febrero,7,2022,21,26,SR-711,3,Highway estatal,Urbano,Colector Mayor,State Highway Agency,0,Sin jurisdiccion especial,8,34.68789444,-79.21366667,Culvert,El primer evento no fue una colision con un vehiculo automotor en transporte,Not an Intersection,No fue interseccion,Sobre el lado de la calle,Ninguna,Dia total,Nublado,No,NO APLICA,99,99,99,99,1,07/02/2022,1
37,North Carolina,370202,0,0,2,0,159,ROWAN (159),0,NO APLICA,2,Febrero,21,2022,7,16,SR-150 MOORESVILLE RD,3,Highway estatal,Rural,Arteria Menor,State Highway Agency,0,Sin jurisdiccion especial,99998,35.65249444,-80.57695,Vehiculo en movimiento,Frente a frente,Not an Intersection,No fue interseccion,Sobre calle,Ninguna,Dia total,Despejado,No,NO APLICA,99,99,99,99,1,21/02/2022,3
37,North Carolina,370203,0,0,2,0,159,ROWAN (159),0,NO APLICA,2,Febrero,9,2022,14,19,SSR-1002 BRINGLE FERRY RD,8,Otro,Rural,Colector Mayor,State Highway Agency,0,Sin jurisdiccion especial,99998,35.61019444,-80.30847222,Vehiculo en movimiento,Golpe Lateral - misma direccion,Not an Intersection,No fue interseccion,Sobre calle,Ninguna,Dia total,Despejado,No,NO APLICA,99,99,99,99,1,09/02/2022,2
37,North Carolina,370204,1,1,1,0,161,RUTHERFORD (161),4350,SPINDALE,2,Febrero,6,2022,20,46,SSR-1591 LEDBETTER RD,8,Otro,Urbano,Local,State Highway Agency,0,Sin jurisdiccion especial,99998,35.36340556,-81.91501944,No vehiculo o remolque,El primer evento no fue una colision con un vehiculo automotor en transporte,Not an Intersection,No fue interseccion,Sobre calle,Ninguna,Oscuro sin iluminacion,Despejado,No,NO APLICA,99,99,99,99,1,06/02/2022,1
37,North Carolina,370205,0,0,1,0,161,RUTHERFORD (161),0,NO APLICA,2,Febrero,15,2022,13,45,US-221,2,US Highway,Rural,Arterial Principal -Freeway o ExpressWay,State Highway Agency,1,Sin jurisdiccion especial,99998,35.30855833,-81.92342222,Fin de valla,El primer evento no fue una colision con un vehiculo automotor en transporte,Not an Intersection,No fue interseccion,Sobre el lado de la calle,Ninguna,Dia total,Despejado,No,NO APLICA,99,99,99,99,1,15/02/2022,1
37,North Carolina,370206,0,0,2,0,163,SAMPSON (163),0,NO APLICA,2,Febrero,17,2022,12,12,SSR-1004 NEEDMORE RD,8,Otro,Rural,Colector Menor,State Highway Agency,0,Sin jurisdiccion especial,99998,34.9486,-78.18879722,Vehiculo en movimiento,Angulo,Four-Way Intersection,Interseccion de 4 direcciones,Sobre calle,Ninguna,Dia total,Despejado,No,NO APLICA,99,99,99,99,1,17/02/2022,3
37,North Carolina,370207,0,0,1,0,163,SAMPSON (163),0,NO APLICA,2,Febrero,25,2022,19,0,SR-55 HARNETT-DUNN HWY,3,Highway estatal,Rural,Colector Mayor,State Highway Agency,9,Sin jurisdiccion especial,99998,35.26332222,-78.49550556,Zanja,El primer evento no fue una colision con un vehiculo automotor en transporte,Not an Intersection,No fue interseccion,Sobre el lado de la calle,Ninguna,Oscuro sin iluminacion,Despejado,No,NO APLICA,99,99,99,99,1,25/02/2022,5
37,North Carolina,370208,1,1,1,0,163,SAMPSON (163),0,NO APLICA,2,Febrero,18,2022,6,18,SSR-1002 N SPRING BRANCH RD,8,Otro,Rural,Colector Menor,State Highway Agency,0,Sin jurisdiccion especial,99998,35.22278611,-78.58294722,Peaton,El primer evento no fue una colision con un vehiculo automotor en transporte,Not an Intersection,No fue interseccion,Sobre calle,Ninguna,Oscuro sin iluminacion,lluvia,No,NO APLICA,99,99,99,99,1,18/02/2022,1
37,North Carolina,370209,0,0,3,0,179,UNION (179),0,NO APLICA,2,Febrero,8,2022,5,57,SR-522 S ROCKY RIVER RD,3,Highway estatal,Rural,Colector Mayor,State Highway Agency,0,Sin jurisdiccion especial,99998,34.89545556,-80.62278333,Vehiculo en movimiento,Frente a frente,Not an Intersection,No fue interseccion,Sobre calle,Ninguna,Oscuro sin iluminacion,Despejado,No,NO APLICA,99,99,99,99,1,08/02/2022,3
37,North Carolina,370210,0,0,1,0,181,VANCE (181),0,NO APLICA,2,Febrero,6,2022,3,5,SSR-1329 STAGECOACH RD,8,Otro,Rural,Colector Mayor,State Highway Agency,9,Sin jurisdiccion especial,99998,36.41856389,-78.45218333,Arbol,El primer evento no fue una colision con un vehiculo automotor en transporte,T-Intersection,Interseccion de T,Sobre el lado de la calle,Ninguna,Oscuro sin iluminacion,Despejado,No,NO APLICA,99,99,99,99,1,06/02/2022,3
37,North Carolina,370211,0,0,2,0,181,VANCE (181),0,NO APLICA,2,Febrero,27,2022,11,8,SR-39,3,Highway estatal,Rural,Colector Mayor,State Highway Agency,0,Sin jurisdiccion especial,99998,36.40407778,-78.41790278,Vehiculo en movimiento,Frente a frente,Not an Intersection,No fue interseccion,Sobre calle,Ninguna,Dia total,lluvia,No,NO APLICA,11,4,11,13,1,27/02/2022,5
37,North Carolina,370212,1,1,1,0,183,WAKE (183),0,NO APLICA,2,Febrero,8,2022,18,28,SSR-2555 AUBURN KNIGHTDALE RD,8,Otro,Rural,Colector Mayor,State Highway Agency,0,Sin jurisdiccion especial,55,35.688075,-78.55021111,Peaton,El primer evento no fue una colision con un vehiculo automotor en transporte,Not an Intersection,No fue interseccion,Sobre calle,Ninguna,Oscuro sin iluminacion,Despejado,No,NO APLICA,18,26,18,36,1,08/02/2022,2
37,North Carolina,370213,2,2,1,0,183,WAKE (183),0,NO APLICA,2,Febrero,6,2022,22,13,I-540,1,Interestatal,Rural,Interestatal,State Highway Agency,1,Sin jurisdiccion especial,92,35.91365,-78.67466667,Peaton,El primer evento no fue una colision con un vehiculo automotor en transporte,Not an Intersection,No fue interseccion,Sobre Acotamiento,Ninguna,Oscuro sin iluminacion,Despejado,No,NO APLICA,22,28,22,34,1,06/02/2022,1
37,North Carolina,370214,1,2,3,2,183,WAKE (183),0,NO APLICA,2,Febrero,21,2022,17,59,SR-96,3,Highway estatal,Rural,Arteria Menor,State Highway Agency,0,Sin jurisdiccion especial,99,35.91361389,-78.38228056,Peaton,El primer evento no fue una colision con un vehiculo automotor en transporte,Not an Intersection,No fue interseccion,Sobre Acotamiento,Ninguna,Dia total,Despejado,No,NO APLICA,17,56,18,5,1,21/02/2022,1
37,North Carolina,370215,0,0,2,0,183,WAKE (183),3750,RALEIGH,2,Febrero,6,2022,22,45,SSR-3109 BRIER CREEK PARKWAY,8,Otro,Urbano,Colector Mayor,State Highway Agency,0,Sin jurisdiccion especial,13,35.90170833,-78.79831389,Vehiculo en movimiento,Golpe Lateral - misma direccion,Not an Intersection,No fue interseccion,Sobre calle,Ninguna,Oscuro con iluminacion,Despejado,No,NO APLICA,22,47,23,0,2,06/02/2022,3
37,North Carolina,370216,0,0,1,0,183,WAKE (183),3750,RALEIGH,2,Febrero,19,2022,17,52,SSR-1822 MILLBROOK RD,8,Otro,Urbano,Arteria Menor,State Highway Agency,9,Sin jurisdiccion especial,0,35.86,-78.682,Banqueta,El primer evento no fue una colision con un vehiculo automotor en transporte,Not an Intersection,No fue interseccion,Sobre el lado de la calle,Ninguna,Atardecer,Despejado,No,NO APLICA,17,53,17,56,1,19/02/2022,1
37,North Carolina,370217,1,1,1,0,191,WAYNE (191),1880,GOLDSBORO,2,Febrero,17,2022,18,33,US-70,2,US Highway,Urbano,Arterial Principal -Freeway o ExpressWay,State Highway Agency,1,Sin jurisdiccion especial,227,35.399975,-77.97934722,Peaton,El primer evento no fue una colision con un vehiculo automotor en transporte,Not an Intersection,No fue interseccion,Sobre calle,Ninguna,Oscuro sin iluminacion,Despejado,No,NO APLICA,18,36,18,38,1,17/02/2022,1
37,North Carolina,370218,0,0,1,0,193,WILKES (193),0,NO APLICA,2,Febrero,5,2022,0,49,SSR-2474 PIKE RD,8,Otro,Rural,Local,State Highway Agency,9,Sin jurisdiccion especial,99998,77.7777,777.7777,Arbol,El primer evento no fue una colision con un vehiculo automotor en transporte,Not an Intersection,No fue interseccion,Sobre el lado de la calle,Ninguna,Oscuro sin iluminacion,Despejado,No,NO APLICA,99,99,99,99,1,05/02/2022,2
37,North Carolina,370219,0,0,2,0,193,WILKES (193),0,NO APLICA,2,Febrero,14,2022,18,7,SR-268,3,Highway estatal,Rural,Colector Mayor,State Highway Agency,0,Sin jurisdiccion especial,359,36.24676944,-80.88743611,Volcadura,El primer evento no fue una colision con un vehiculo automotor en transporte,Y-Intersection,Interseccion de Y,Sobre calle,Ninguna,Atardecer,Despejado,No,NO APLICA,18,4,18,9,1,14/02/2022,2
37,North Carolina,370220,0,0,1,0,193,WILKES (193),5040,WILKESBORO,2,Febrero,28,2022,12,38,US-421,2,US Highway,Urbano,Arteria Principal,State Highway Agency,1,Sin jurisdiccion especial,99998,36.14945278,-81.22122778,Buzon de correo,El primer evento no fue una colision con un vehiculo automotor en transporte,Not an Intersection,No fue interseccion,Sobre el lado de la calle,Ninguna,Dia total,Despejado,No,NO APLICA,99,99,99,99,1,28/02/2022,1
37,North Carolina,370221,0,0,1,0,183,WAKE (183),0,NO APLICA,2,Febrero,17,2022,22,1,SSR-1007 POOLE RD,8,Otro,Rural,Local,State Highway Agency,9,Sin jurisdiccion especial,99998,35.75117778,-78.47445278,Zanja,El primer evento no fue una colision con un vehiculo automotor en transporte,Not an Intersection,No fue interseccion,Sobre el lado de la calle,Ninguna,Oscuro sin iluminacion,Nublado,No,NO APLICA,21,57,22,1,1,17/02/2022,1
37,North Carolina,370222,0,0,1,0,183,WAKE (183),0,NO APLICA,2,Febrero,15,2022,0,1,SSR-2764 CLAYTON RD,8,Otro,Urbano,Local,State Highway Agency,9,Sin jurisdiccion especial,99998,35.561875,-78.74851389,Zanja,El primer evento no fue una colision con un vehiculo automotor en transporte,Not an Intersection,No fue interseccion,Sobre el lado de la calle,Ninguna,Oscuro sin iluminacion,Despejado,No,NO APLICA,99,99,99,99,1,15/02/2022,1
37,North Carolina,370223,0,0,1,0,119,MECKLENBURG (119),870,CHARLOTTE,2,Febrero,11,2022,2,43,SSR-3632 ARDREY KELL RD,8,Otro,Urbano,Colector Mayor,State Highway Agency,9,Sin jurisdiccion especial,99998,35.03245,-80.81443611,Arbol,El primer evento no fue una colision con un vehiculo automotor en transporte,Not an Intersection,No fue interseccion,Sobre el lado de la calle,Ninguna,Oscuro con iluminacion,Despejado,No,NO APLICA,2,42,2,58,1,11/02/2022,1
37,North Carolina,370224,0,0,1,0,13,BEAUFORT (13),0,NO APLICA,3,Marzo,31,2022,18,59,SR-1001 CHERRY RUN RD,3,Highway estatal,Rural,Colector Mayor,State Highway Agency,9,Sin jurisdiccion especial,99998,77.7777,777.7777,Zanja,El primer evento no fue una colision con un vehiculo automotor en transporte,Not an Intersection,No fue interseccion,Sobre el lado de la calle,Ninguna,Dia total,Nublado,No,NO APLICA,99,99,99,99,1,31/03/2022,1
37,North Carolina,370225,0,0,1,0,17,BLADEN (17),0,NO APLICA,3,Marzo,9,2022,23,23,SSR-1540 LIGHTWOOD KNOT RD,8,Otro,Rural,Local,State Highway Agency,9,Sin jurisdiccion especial,99998,34.44420556,-78.27349444,Buzon de correo,El primer evento no fue una colision con un vehiculo automotor en transporte,Not an Intersection,No fue interseccion,Sobre el lado de la calle,Ninguna,Oscuro sin iluminacion,Despejado,No,NO APLICA,99,99,99,99,1,09/03/2022,2
37,North Carolina,370226,0,0,1,0,17,BLADEN (17),0,NO APLICA,3,Marzo,13,2022,0,47,SSR-1364 BILL HALL RD,8,Otro,Rural,Local,State Highway Agency,9,Sin jurisdiccion especial,99998,77.7777,777.7777,Zanja,El primer evento no fue una colision con un vehiculo automotor en transporte,Not an Intersection,No fue interseccion,Sobre el lado de la calle,Ninguna,Oscuro sin iluminacion,Despejado,No,NO APLICA,99,99,99,99,1,13/03/2022,3
37,North Carolina,370227,0,0,1,0,19,BRUNSWICK (19),0,NO APLICA,3,Marzo,8,2022,7,33,SSR-1130 MT PISGAH RD SW,8,Otro,Rural,Colector Menor,State Highway Agency,9,Sin jurisdiccion especial,99998,33.97641111,-78.30884722,Zanja,El primer evento no fue una colision con un vehiculo automotor en transporte,Not an Intersection,No fue interseccion,Sobre el lado de la calle,Ninguna,Dia total,Despejado,No,NO APLICA,7,33,7,49,1,08/03/2022,1
37,North Carolina,370228,0,0,1,0,21,BUNCOMBE (21),0,NO APLICA,3,Marzo,13,2022,18,22,SR-251 OLD MARSHALL HWY,3,Highway estatal,Rural,Colector Mayor,State Highway Agency,9,Sin jurisdiccion especial,99998,35.73106944,-82.65128889,Otro objeto (fijo),El primer evento no fue una colision con un vehiculo automotor en transporte,Not an Intersection,No fue interseccion,Sobre el lado de la calle,Ninguna,Dia total,Despejado,No,NO APLICA,18,23,18,29,1,13/03/2022,1
37,North Carolina,370229,0,0,2,0,25,CABARRUS (25),1040,CONCORD,3,Marzo,30,2022,8,18,I-85,1,Interestatal,Urbano,Interestatal,State Highway Agency,1,Sin jurisdiccion especial,7,35.37163056,-80.71098333,Vehiculo en movimiento,Frente a Detrás,Not an Intersection,No fue interseccion,Sobre calle,Ninguna,Dia total,Nublado,No,NO APLICA,9,56,10,2,1,30/03/2022,3
37,North Carolina,370230,0,0,3,0,27,CALDWELL (27),0,NO APLICA,3,Marzo,9,2022,12,43,SR-18,3,Highway estatal,Rural,Arteria Menor,State Highway Agency,0,Sin jurisdiccion especial,121,35.93954722,-81.48307778,Vehiculo en movimiento,Frente a frente,Not an Intersection,No fue interseccion,Sobre calle,Ninguna,Dia total,Despejado,No,NO APLICA,99,99,99,99,1,09/03/2022,3
37,North Carolina,370231,0,0,2,0,27,CALDWELL (27),2590,LENOIR,3,Marzo,19,2022,13,16,US-64,2,US Highway,Urbano,Arteria Principal,State Highway Agency,1,Sin jurisdiccion especial,93,35.91950556,-81.50983889,Vehiculo en movimiento,Frente a frente,Not an Intersection,No fue interseccion,Sobre calle,Ninguna,Dia total,Despejado,No,NO APLICA,99,99,99,99,1,19/03/2022,5
37,North Carolina,370232,0,0,1,0,35,CATAWBA (35),0,NO APLICA,3,Marzo,6,2022,20,58,SR-2248 WINSTON ST,3,Highway estatal,Urbano,Local,State Highway Agency,9,Sin jurisdiccion especial,99998,35.73709167,-81.23183889,Volcadura,El primer evento no fue una colision con un vehiculo automotor en transporte,T-Intersection,Interseccion de T,Sobre el lado de la calle,Ninguna,Oscuro sin iluminacion,Despejado,No,NO APLICA,20,51,20,56,1,06/03/2022,1
37,North Carolina,370233,0,0,1,0,41,CHOWAN (41),0,NO APLICA,3,Marzo,20,2022,19,26,SR-1222 ROCKY HOCK RD,3,Highway estatal,Rural,Colector Menor,State Highway Agency,9,Sin jurisdiccion especial,99998,36.13841667,-76.66587222,Arbol,El primer evento no fue una colision con un vehiculo automotor en transporte,Not an Intersection,No fue interseccion,Fuera de la calle,Ninguna,Oscuro sin iluminacion,Despejado,No,NO APLICA,99,99,99,99,1,20/03/2022,1
37,North Carolina,370234,0,0,1,0,47,COLUMBUS (47),0,NO APLICA,3,Marzo,20,2022,19,59,SR-1420 CHINA GROVE RD,3,Highway estatal,Rural,Local,State Highway Agency,9,Sin jurisdiccion especial,99998,34.28131389,-78.84524167,Otro objeto (fijo),El primer evento no fue una colision con un vehiculo automotor en transporte,Not an Intersection,No fue interseccion,Sobre el lado de la calle,Ninguna,Oscuro sin iluminacion,Despejado,No,NO APLICA,19,57,20,8,2,20/03/2022,2
37,North Carolina,370235,0,0,2,0,47,COLUMBUS (47),0,NO APLICA,3,Marzo,17,2022,6,57,SR-211,3,Highway estatal,Rural,Colector Mayor,State Highway Agency,0,Sin jurisdiccion especial,115,34.33832222,-78.43065556,Vehiculo en movimiento,Frente a frente,Not an Intersection,No fue interseccion,Sobre calle,Ninguna,Amanecer,Nublado,No,NO APLICA,6,54,7,8,3,17/03/2022,3
37,North Carolina,370236,0,0,2,0,53,CURRITUCK (53),0,NO APLICA,3,Marzo,25,2022,12,3,US-158,2,US Highway,Rural,Arteria Menor,State Highway Agency,1,Sin jurisdiccion especial,325,36.08147778,-75.79867222,Vehiculo en movimiento,Frente a frente,Not an Intersection,No fue interseccion,Sobre calle,Ninguna,Dia total,Despejado,No,NO APLICA,12,0,12,16,2,25/03/2022,3
37,North Carolina,370237,1,1,1,0,55,DARE (55),2435,KILL DEVIL HILLS,3,Marzo,3,2022,19,56,US-158,2,US Highway,Urbano,Arteria Principal,State Highway Agency,1,Sin jurisdiccion especial,80,36.03553333,-75.67393056,Ciclista,El primer evento no fue una colision con un vehiculo automotor en transporte,Not an Intersection,No fue interseccion,Sobre calle,Ninguna,Oscuro con iluminacion,Despejado,No,NO APLICA,19,58,20,0,1,03/03/2022,1
37,North Carolina,370238,1,1,1,0,55,DARE (55),3235,NAGS HEAD,3,Marzo,12,2022,19,39,US-158,2,US Highway,Urbano,Arteria Principal,State Highway Agency,1,Sin jurisdiccion especial,118,35.98542222,-75.64461667,Peaton,El primer evento no fue una colision con un vehiculo automotor en transporte,Not an Intersection,No fue interseccion,Sobre calle,Ninguna,Oscuro sin iluminacion,Nieve,No,NO APLICA,19,39,19,44,1,12/03/2022,5
37,North Carolina,370239,0,0,2,0,57,DAVIDSON (57),0,NO APLICA,3,Marzo,7,2022,12,24,US-29,2,US Highway,Rural,Arterial Principal -Freeway o ExpressWay,State Highway Agency,1,Sin jurisdiccion especial,1,35.83941111,-80.22344444,Vehiculo en movimiento,Angulo,"Five Point, or More",5 Puntos o mas,Sobre calle,Ninguna,Dia total,Despejado,No,NO APLICA,12,49,12,55,1,07/03/2022,2
37,North Carolina,370240,0,0,2,0,61,DUPLIN (61),0,NO APLICA,3,Marzo,4,2022,7,33,SSR-1502 BENNETTS BRIDGE RD,8,Otro,Rural,Local,State Highway Agency,0,Sin jurisdiccion especial,17,35.12527222,-77.90980833,Vehiculo en movimiento,Frente a frente,Not an Intersection,No fue interseccion,Sobre el lado de la calle,Ninguna,Dia total,Despejado,No,NO APLICA,99,99,99,99,1,04/03/2022,2
37,North Carolina,370241,0,0,1,0,67,FORSYTH (67),5120,WINSTON SALEM,3,Marzo,11,2022,2,34,SR-3011 OLD SALISBURY RD,3,Highway estatal,Urbano,Colector Mayor,State Highway Agency,9,Sin jurisdiccion especial,99998,77.7777,777.7777,Arbol,El primer evento no fue una colision con un vehiculo automotor en transporte,Not an Intersection,No fue interseccion,Sobre el lado de la calle,Ninguna,Oscuro con iluminacion,Despejado,No,NO APLICA,99,99,99,99,1,11/03/2022,1
37,North Carolina,370242,0,0,1,0,67,FORSYTH (67),0,NO APLICA,3,Marzo,29,2022,8,32,SR-2687 HASTINGS RD,3,Highway estatal,Rural,Local,State Highway Agency,9,Sin jurisdiccion especial,99998,36.03199722,-80.11525278,Arbol,El primer evento no fue una colision con un vehiculo automotor en transporte,Not an Intersection,No fue interseccion,Sobre el lado de la calle,Ninguna,Dia total,Despejado,No,NO APLICA,8,30,8,37,1,29/03/2022,1
37,North Carolina,370243,1,1,1,0,73,GATES (73),0,NO APLICA,3,Marzo,14,2022,20,37,SR-37,3,Highway estatal,Rural,Colector Mayor,State Highway Agency,0,Sin jurisdiccion especial,162,36.49516389,-76.76928611,Peaton,El primer evento no fue una colision con un vehiculo automotor en transporte,Not an Intersection,No fue interseccion,Sobre calle,Ninguna,Oscuro sin iluminacion,Despejado,No,NO APLICA,20,30,20,39,1,14/03/2022,1
37,North Carolina,370244,0,0,1,0,81,GUILFORD (81),2340,JAMESTOWN,3,Marzo,13,2022,0,47,SR-1545 EAST FORK RD,3,Highway estatal,Rural,Colector Mayor,State Highway Agency,9,Sin jurisdiccion especial,99998,36.00925833,-79.94295556,Barda,El primer evento no fue una colision con un vehiculo automotor en transporte,Not an Intersection,No fue interseccion,Fuera de la calle,Ninguna,Oscuro con iluminacion,Despejado,No,NO APLICA,99,99,99,99,1,13/03/2022,1
37,North Carolina,370246,1,1,1,0,81,GUILFORD (81),1940,GREENSBORO,3,Marzo,22,2022,19,52,SSR-1398 FREEMAN MILL RD,8,Otro,Urbano,Arteria Principal,State Highway Agency,1,Sin jurisdiccion especial,8,36.04271944,-79.81683889,Peaton,El primer evento no fue una colision con un vehiculo automotor en transporte,Four-Way Intersection,Interseccion de 4 direcciones,Sobre calle,Ninguna,Oscuro con iluminacion,Despejado,No,NO APLICA,21,2,21,2,1,22/03/2022,1
37,North Carolina,370247,1,1,1,0,81,GUILFORD (81),1940,GREENSBORO,3,Marzo,27,2022,5,6,I-40 BUS,1,Interestatal,Urbano,Interestatal,State Highway Agency,1,Sin jurisdiccion especial,147,36.03455,-79.796625,Peaton,El primer evento no fue una colision con un vehiculo automotor en transporte,Not an Intersection,No fue interseccion,Sobre calle,Ninguna,Oscuro con iluminacion,Despejado,No,NO APLICA,5,17,5,24,1,27/03/2022,2
37,North Carolina,370248,0,0,2,0,81,GUILFORD (81),1940,GREENSBORO,3,Marzo,23,2022,6,25,SSR-2137 OLD OAK RIDGE RD,8,Otro,Urbano,Arteria Menor,State Highway Agency,0,Sin jurisdiccion especial,0,36.13606111,-79.94130833,Vehiculo en movimiento,Angulo,Four-Way Intersection,Interseccion de 4 direcciones,Sobre calle,Ninguna,Oscuro con iluminacion,Nublado,No,NO APLICA,6,29,6,36,1,23/03/2022,2
37,North Carolina,370249,0,0,2,0,83,HALIFAX (83),0,NO APLICA,3,Marzo,15,2022,17,18,SR-481,3,Highway estatal,Rural,Colector Mayor,State Highway Agency,0,Sin jurisdiccion especial,99998,36.17973611,-77.73660556,Vehiculo en movimiento,Angulo,Four-Way Intersection,Interseccion de 4 direcciones,Sobre calle,Ninguna,Dia total,Despejado,No,NO APLICA,99,99,99,99,2,15/03/2022,5
37,North Carolina,370250,0,0,2,0,83,HALIFAX (83),0,NO APLICA,3,Marzo,19,2022,14,35,SR-48,3,Highway estatal,Urbano,Colector Mayor,State Highway Agency,0,Sin jurisdiccion especial,99998,36.40586944,-77.71473889,Vehiculo en movimiento,Angulo,T-Intersection,Interseccion de T,Sobre calle,Ninguna,Dia total,Despejado,No,NO APLICA,14,31,14,39,1,19/03/2022,2
37,North Carolina,370251,0,0,1,0,83,HALIFAX (83),0,NO APLICA,3,Marzo,28,2022,16,30,I-95,1,Interestatal,Rural,Interestatal,State Highway Agency,1,Sin jurisdiccion especial,99998,36.30375556,-77.70908333,Zanja,El primer evento no fue una colision con un vehiculo automotor en transporte,Not an Intersection,No fue interseccion,Sobre el lado de la calle,Construccion,Dia total,Despejado,No,NO APLICA,16,27,16,39,2,28/03/2022,2
37,North Carolina,370252,2,2,1,0,85,HARNETT (85),0,NO APLICA,3,Marzo,6,2022,23,29,SR-210,3,Highway estatal,Rural,Arteria Menor,State Highway Agency,0,Sin jurisdiccion especial,99998,35.42860556,-78.79632778,Peaton,El primer evento no fue una colision con un vehiculo automotor en transporte,Not an Intersection,No fue interseccion,Sobre calle,Ninguna,Oscuro sin iluminacion,Despejado,No,NO APLICA,23,23,23,25,1,06/03/2022,1
37,North Carolina,370253,0,0,2,0,91,HERTFORD (91),0,NO APLICA,3,Marzo,25,2022,14,42,SR-11,3,Highway estatal,Rural,Colector Mayor,State Highway Agency,0,Sin jurisdiccion especial,99998,36.35246111,-77.01023056,Vehiculo en movimiento,Angulo,Not an Intersection,No fue interseccion,Sobre calle,Ninguna,Dia total,Despejado,No,NO APLICA,99,99,99,99,1,25/03/2022,2
37,North Carolina,370254,0,0,1,0,93,HOKE (93),0,NO APLICA,3,Marzo,21,2022,21,35,SR-1422 PHILLIP CHURCH RD,3,Highway estatal,Rural,Local,State Highway Agency,9,Sin jurisdiccion especial,99998,34.97482778,-79.11935,Culvert,El primer evento no fue una colision con un vehiculo automotor en transporte,Not an Intersection,No fue interseccion,Sobre el lado de la calle,Ninguna,Oscuro sin iluminacion,Despejado,No,NO APLICA,21,35,21,38,1,21/03/2022,1
37,North Carolina,370255,0,0,1,0,97,IREDELL (97),3110,MOORESVILLE,3,Marzo,12,2022,14,0,I-77,1,Interestatal,Urbano,Interestatal,State Highway Agency,1,Sin jurisdiccion especial,99998,35.59576389,-80.86056944,Otra barrera de trafico,El primer evento no fue una colision con un vehiculo automotor en transporte,Not an Intersection,No fue interseccion,En el medio,Ninguna,Dia total,Despejado,No,NO APLICA,99,99,99,99,1,12/03/2022,4
37,North Carolina,370256,0,0,1,0,101,JOHNSTON (101),0,NO APLICA,3,Marzo,3,2022,9,55,US-70,2,US Highway,Rural,Arterial Principal -Freeway o ExpressWay,State Highway Agency,1,Sin jurisdiccion especial,99998,35.61270833,-78.46816111,Volcadura,El primer evento no fue una colision con un vehiculo automotor en transporte,Not an Intersection,No fue interseccion,Sobre el lado de la calle,Ninguna,Dia total,Despejado,No,NO APLICA,99,99,99,99,1,03/03/2022,1
37,North Carolina,370257,0,0,2,0,101,JOHNSTON (101),0,NO APLICA,3,Marzo,9,2022,21,45,I-40,1,Interestatal,Rural,Interestatal,State Highway Agency,1,Sin jurisdiccion especial,99998,35.61804167,-78.56718611,Vehiculo en movimiento,Frente a frente,Not an Intersection,No fue interseccion,Sobre calle,Ninguna,Oscuro sin iluminacion,Despejado,No,NO APLICA,99,99,99,99,3,09/03/2022,3
37,North Carolina,370258,0,0,1,0,101,JOHNSTON (101),0,NO APLICA,3,Marzo,13,2022,5,29,I-95,1,Interestatal,Rural,Interestatal,State Highway Agency,1,Sin jurisdiccion especial,0,35.47310833,-78.37423333,Zanja,El primer evento no fue una colision con un vehiculo automotor en transporte,Not an Intersection,No fue interseccion,Sobre el lado de la calle,Ninguna,Oscuro sin iluminacion,Despejado,No,NO APLICA,99,99,99,99,1,13/03/2022,1
37,North Carolina,370259,0,0,1,0,101,JOHNSTON (101),0,NO APLICA,3,Marzo,23,2022,3,58,SSR-2530 PROGRESSIVE CHURCH RD,8,Otro,Rural,Local,State Highway Agency,9,Sin jurisdiccion especial,99998,35.43766389,-78.18771944,Zanja,El primer evento no fue una colision con un vehiculo automotor en transporte,Not an Intersection,No fue interseccion,Sobre el lado de la calle,Ninguna,Oscuro sin iluminacion,Despejado,No,NO APLICA,99,99,99,99,1,23/03/2022,1
37,North Carolina,370261,0,0,1,0,107,LENOIR (107),0,NO APLICA,3,Marzo,17,2022,15,7,US-258,2,US Highway,Rural,Arteria Menor,State Highway Agency,0,Sin jurisdiccion especial,99998,77.7777,777.7777,Arbol,El primer evento no fue una colision con un vehiculo automotor en transporte,Not an Intersection,No fue interseccion,Sobre el lado de la calle,Ninguna,Dia total,Despejado,No,NO APLICA,15,0,15,7,1,17/03/2022,1