Estado,Nombre de Estado,Numero de Caso,Peatones,Personas _no_vehiculos,Vehiculos automotores,Vehiculos estacionados,Condado,Nombre Condado,Ciudad,Nombre Ciudad,Mes,Nombre Mes,Dia,Año,Hora,Minuto,Calle,Ruta,Nombre Ruta,Rural o Urbanoo,Sistema Funcional,Dueño Calle,Sistema Nacional Carreteras,Jurisdiccion Especial,Milla,Latitud,Longitud,Causa del Accidente,Tipo de Accidente,Tipo Interseccion,Columna1,Lugar en la calle,Zona de Trabajo,Luz,Clima,Autobus Escolar,Cruce de Trenes,Hora Notificacion,Minuto Notificacion,Hora Llegada,Minuto Llegada,Decesos,Fecha,PersonaVehiculo
37,North Carolina,370262,1,1,2,0,109,LINCOLN (109),0,NO APLICA,3,Marzo,10,2022,4,55,US-321,2,US Highway,Rural,Arterial Principal -Freeway o ExpressWay,State Highway Agency,1,Sin jurisdiccion especial,72,35.50814167,-81.22366111,Vehiculo en movimiento,Frente a Detrás,Not an Intersection,No fue interseccion,Sobre calle,Ninguna,Oscuro sin iluminacion,Despejado,No,NO APLICA,4,52,5,0,1,10/03/2022,1
37,North Carolina,370263,0,0,2,0,119,MECKLENBURG (119),870,CHARLOTTE,3,Marzo,2,2022,8,54,SR-24 ALBEMARLE RD,3,Highway estatal,Urbano,Arteria Menor,State Highway Agency,0,Sin jurisdiccion especial,99998,35.225775,-80.61381111,Vehiculo en movimiento,Angulo,Four-Way Intersection,Interseccion de 4 direcciones,Sobre calle,Ninguna,Dia total,Despejado,No,NO APLICA,8,53,9,3,1,02/03/2022,2
37,North Carolina,370264,0,0,1,0,119,MECKLENBURG (119),870,CHARLOTTE,3,Marzo,2,2022,19,49,QUEENS RD,6,Calle Local Municipalidad,Urbano,Arteria Menor,City or Municipal Highway Agency,9,Sin jurisdiccion especial,99998,35.19965,-80.83066111,Poste o otros soportes,El primer evento no fue una colision con un vehiculo automotor en transporte,Not an Intersection,No fue interseccion,En el medio,Ninguna,Oscuro con iluminacion,Despejado,No,NO APLICA,19,49,19,55,1,02/03/2022,1
37,North Carolina,370265,1,1,1,0,119,MECKLENBURG (119),870,CHARLOTTE,3,Marzo,3,2022,20,22,SR-24 EAST WT HARRIS BLVD,3,Highway estatal,Urbano,Arteria Principal,State Highway Agency,1,Sin jurisdiccion especial,99998,35.25957778,-80.73543056,Peaton,El primer evento no fue una colision con un vehiculo automotor en transporte,Not an Intersection,No fue interseccion,Sobre calle,Ninguna,Oscuro sin iluminacion,Despejado,No,NO APLICA,99,99,99,99,1,03/03/2022,1
37,North Carolina,370266,0,0,2,0,119,MECKLENBURG (119),870,CHARLOTTE,3,Marzo,9,2022,18,51,SSR-2480 W SUGARCREEK RD,8,Otro,Urbano,Arteria Menor,State Highway Agency,0,Sin jurisdiccion especial,99998,35.30312778,-80.80333333,Vehiculo en movimiento,Frente a frente,T-Intersection,Interseccion de T,Sobre calle,Ninguna,Oscuro con iluminacion,Despejado,No,NO APLICA,99,99,99,99,1,09/03/2022,2
37,North Carolina,370267,0,0,2,0,119,MECKLENBURG (119),870,CHARLOTTE,3,Marzo,16,2022,13,47,I-485,1,Interestatal,Rural,Interestatal,State Highway Agency,1,Sin jurisdiccion especial,132,35.32241389,-80.93992778,Barrera de Cable,El primer evento no fue una colision con un vehiculo automotor en transporte,Not an Intersection,No fue interseccion,En el medio,Ninguna,Dia total,lluvia,No,NO APLICA,13,40,13,51,1,16/03/2022,2
37,North Carolina,370268,0,0,1,0,119,MECKLENBURG (119),870,CHARLOTTE,3,Marzo,21,2022,17,46,ALLEGHANY ST,5,Calle Local - Pueblo,Urbano,Local,City or Municipal Highway Agency,9,Sin jurisdiccion especial,99998,77.7777,777.7777,Arbol,El primer evento no fue una colision con un vehiculo automotor en transporte,Not an Intersection,No fue interseccion,Fuera de la calle,Ninguna,Dia total,Despejado,No,NO APLICA,17,45,17,56,1,21/03/2022,2
37,North Carolina,370269,0,0,2,0,119,MECKLENBURG (119),870,CHARLOTTE,3,Marzo,25,2022,19,54,SSR-2801 CALDWELL RD,8,Otro,Urbano,Local,State Highway Agency,0,Sin jurisdiccion especial,17,35.28220833,-80.69754722,Vehiculo en movimiento,Frente a frente,Not an Intersection,No fue interseccion,Sobre calle,Ninguna,Oscuro sin iluminacion,Despejado,No,NO APLICA,19,53,20,4,1,25/03/2022,2
37,North Carolina,370270,1,1,1,0,119,MECKLENBURG (119),870,CHARLOTTE,3,Marzo,8,2022,0,50,SSR-2935 THE PLAZA,8,Otro,Urbano,Arteria Menor,City or Municipal Highway Agency,0,Sin jurisdiccion especial,5,35.24778056,-80.78542222,Peaton,El primer evento no fue una colision con un vehiculo automotor en transporte,Four-Way Intersection,Interseccion de 4 direcciones,Sobre calle,Ninguna,Oscuro con iluminacion,Nublado,No,NO APLICA,0,7,0,15,1,08/03/2022,1
37,North Carolina,370271,1,1,1,0,119,MECKLENBURG (119),3640,PINEVILLE,3,Marzo,9,2022,19,38,SSR-4982 SOUTH POLK ST,8,Otro,Urbano,Arteria Menor,City or Municipal Highway Agency,0,Sin jurisdiccion especial,41,35.08168889,-80.88591389,Peaton,El primer evento no fue una colision con un vehiculo automotor en transporte,Four-Way Intersection,Interseccion de 4 direcciones,Sobre calle,Ninguna,Oscuro con iluminacion,Despejado,No,NO APLICA,19,37,19,39,1,09/03/2022,3
37,North Carolina,370272,0,0,1,0,119,MECKLENBURG (119),2280,HUNTERSVILLE,3,Marzo,20,2022,1,2,HUGH TORANCE PARKWAY,9,Desconocido,Urbano,Local,State Highway Agency,0,Sin jurisdiccion especial,1,35.42154444,-80.87347222,Arbol,El primer evento no fue una colision con un vehiculo automotor en transporte,Not an Intersection,No fue interseccion,Sobre el lado de la calle,Ninguna,Oscuro sin iluminacion,Despejado,No,NO APLICA,1,1,1,6,1,20/03/2022,1
37,North Carolina,370274,0,0,2,0,133,ONSLOW (133),2330,JACKSONVILLE,3,Marzo,3,2022,0,1,SSR-1308 GUM  BRANCH RD,8,Otro,Urbano,Arteria Menor,State Highway Agency,0,Sin jurisdiccion especial,95,34.80598889,-77.44573333,Vehiculo en movimiento,Frente a frente,Not an Intersection,No fue interseccion,Sobre calle,Ninguna,Oscuro sin iluminacion,Despejado,No,NO APLICA,23,56,0,3,1,03/03/2022,2
37,North Carolina,370275,0,0,3,0,133,ONSLOW (133),0,NO APLICA,3,Marzo,17,2022,7,8,US-17,2,US Highway,Rural,Arteria Principal,State Highway Agency,1,Sin jurisdiccion especial,31,34.50759722,-77.537025,Vehiculo en movimiento,Frente a frente,Not an Intersection,No fue interseccion,Sobre el lado de la calle,Ninguna,Dia total,Despejado,No,NO APLICA,7,7,7,18,1,17/03/2022,4
37,North Carolina,370276,0,0,1,0,135,ORANGE (135),780,CARRBORO,3,Marzo,24,2022,15,57,ROGERS RD,8,Otro,Urbano,Local,Other State Agency,0,Sin jurisdiccion especial,1,35.95331667,-79.08097222,Arbol,El primer evento no fue una colision con un vehiculo automotor en transporte,Not an Intersection,No fue interseccion,Fuera de la calle,Ninguna,Dia total,Nublado,No,NO APLICA,99,99,99,99,1,24/03/2022,1
37,North Carolina,370277,0,0,1,0,141,PENDER (141),0,NO APLICA,3,Marzo,11,2022,2,53,MILL CREEK RD,9,Desconocido,Rural,Colector Mayor,State Highway Agency,0,Sin jurisdiccion especial,92,34.45720278,-77.54349167,Arbol,El primer evento no fue una colision con un vehiculo automotor en transporte,Not an Intersection,No fue interseccion,Fuera de la calle,Ninguna,Oscuro sin iluminacion,Despejado,No,NO APLICA,2,49,2,58,1,11/03/2022,1
37,North Carolina,370278,0,0,4,0,147,PITT (147),1950,GREENVILLE,3,Marzo,11,2022,15,38,SR-11,3,Highway estatal,Urbano,Arteria Principal,State Highway Agency,1,Sin jurisdiccion especial,146,35.58246944,-77.39647778,Vehiculo en movimiento,Golpe Lateral - misma direccion,Not an Intersection,No fue interseccion,Sobre calle,Ninguna,Dia total,Despejado,No,NO APLICA,15,37,15,43,1,11/03/2022,6
37,North Carolina,370279,0,0,1,0,151,RANDOLPH (151),0,NO APLICA,3,Marzo,5,2022,23,5,SHADY GROVE CHURCH RD,8,Otro,Rural,Local,Other State Agency,0,Sin jurisdiccion especial,30,35.76541389,-79.58117778,Volcadura,El primer evento no fue una colision con un vehiculo automotor en transporte,Not an Intersection,No fue interseccion,Fuera de la calle,Ninguna,Oscuro sin iluminacion,Despejado,No,NO APLICA,99,99,99,99,1,05/03/2022,1
37,North Carolina,370280,0,0,2,0,151,RANDOLPH (151),0,NO APLICA,3,Marzo,12,2022,22,41,SR-42,3,Highway estatal,Rural,Colector Mayor,State Highway Agency,0,Sin jurisdiccion especial,153,35.64095,-79.62006111,Vehiculo en movimiento,Frente a frente,Not an Intersection,No fue interseccion,Sobre calle,Ninguna,Oscuro sin iluminacion,Despejado,No,NO APLICA,22,55,23,7,1,12/03/2022,4
37,North Carolina,370281,0,0,2,0,151,RANDOLPH (151),0,NO APLICA,3,Marzo,20,2022,20,6,SSR-1150 MCDOWELL RD,8,Otro,Rural,Local,State Highway Agency,0,Sin jurisdiccion especial,8,35.67141944,-79.83702222,Vehiculo en movimiento,Frente a frente,Not an Intersection,No fue interseccion,Sobre calle,Ninguna,Oscuro sin iluminacion,Despejado,No,NO APLICA,20,9,20,14,2,20/03/2022,3
37,North Carolina,370282,0,0,2,0,151,RANDOLPH (151),4640,TRINITY,3,Marzo,21,2022,5,1,SSR-1547 UNITY ST,8,Otro,Urbano,Arteria Menor,City or Municipal Highway Agency,0,Sin jurisdiccion especial,110,35.87517778,-80.04355556,Vehiculo en movimiento,Frente a frente,Not an Intersection,No fue interseccion,Sobre calle,Ninguna,Oscuro sin iluminacion,Despejado,No,NO APLICA,4,59,5,10,1,21/03/2022,2
37,North Carolina,370283,2,2,1,0,151,RANDOLPH (151),0,NO APLICA,3,Marzo,18,2022,1,44,US-421,2,US Highway,Rural,Arterial Principal -Freeway o ExpressWay,State Highway Agency,1,Sin jurisdiccion especial,99998,35.88586389,-79.64192222,Peaton,El primer evento no fue una colision con un vehiculo automotor en transporte,Not an Intersection,No fue interseccion,Sobre calle,Ninguna,Oscuro sin iluminacion,Despejado,No,NO APLICA,1,41,1,46,1,18/03/2022,1
37,North Carolina,370284,0,0,1,0,153,RICHMOND (153),0,NO APLICA,3,Marzo,5,2022,21,7,US-74,2,US Highway,Rural,Arterial Principal -Freeway o ExpressWay,State Highway Agency,1,Sin jurisdiccion especial,1,34.85774444,-79.74058333,Arbol,El primer evento no fue una colision con un vehiculo automotor en transporte,Not an Intersection,No fue interseccion,Gore?,Ninguna,Oscuro sin iluminacion,Despejado,No,NO APLICA,21,7,21,15,1,05/03/2022,1
37,North Carolina,370285,0,0,2,0,153,RICHMOND (153),0,NO APLICA,3,Marzo,21,2022,14,36,US-220,2,US Highway,Rural,Arteria Principal,State Highway Agency,1,Sin jurisdiccion especial,99998,34.98634444,-79.78026944,Vehiculo en movimiento,Angulo,Four-Way Intersection,Interseccion de 4 direcciones,Sobre calle,Ninguna,Dia total,Despejado,No,NO APLICA,14,32,14,45,1,21/03/2022,2
37,North Carolina,370286,0,0,1,0,155,ROBESON (155),0,NO APLICA,3,Marzo,4,2022,4,54,EVERGREEN CHURCH RD,9,Desconocido,Rural,Local,State Highway Agency,0,Sin jurisdiccion especial,0,34.69121667,-79.12036667,Zanja,El primer evento no fue una colision con un vehiculo automotor en transporte,Not an Intersection,No fue interseccion,Sobre el lado de la calle,Ninguna,Oscuro sin iluminacion,Despejado,No,NO APLICA,4,52,5,9,1,04/03/2022,3
37,North Carolina,370287,1,1,1,0,155,ROBESON (155),0,NO APLICA,3,Marzo,6,2022,21,34,SR-41,3,Highway estatal,Rural,Colector Mayor,State Highway Agency,0,Sin jurisdiccion especial,99998,34.64356667,-78.93632778,Peaton,El primer evento no fue una colision con un vehiculo automotor en transporte,Not an Intersection,No fue interseccion,Sobre calle,Ninguna,Oscuro sin iluminacion,Despejado,No,NO APLICA,99,99,99,99,1,06/03/2022,1
37,North Carolina,370288,0,0,3,0,155,ROBESON (155),0,NO APLICA,3,Marzo,15,2022,0,21,I-95,1,Interestatal,Rural,Interestatal,State Highway Agency,1,Sin jurisdiccion especial,35,34.53304167,-79.25593889,Vehiculo en movimiento,Frente a Detrás,Not an Intersection,No fue interseccion,Sobre calle,Ninguna,Oscuro sin iluminacion,Despejado,No,NO APLICA,0,25,0,40,1,15/03/2022,4
37,North Carolina,370289,1,1,1,0,155,ROBESON (155),0,NO APLICA,3,Marzo,22,2022,23,11,SSR-2442,8,Otro,Rural,Colector Menor,State Highway Agency,0,Sin jurisdiccion especial,99998,34.45901111,-79.16123333,Peaton,El primer evento no fue una colision con un vehiculo automotor en transporte,Not an Intersection,No fue interseccion,Sobre calle,Ninguna,Oscuro sin iluminacion,Despejado,No,NO APLICA,23,7,23,20,1,22/03/2022,1
37,North Carolina,370290,0,0,1,0,155,ROBESON (155),2770,LUMBERTON,3,Marzo,12,2022,10,22,SR-72,3,Highway estatal,Urbano,Arteria Menor,State Highway Agency,0,Sin jurisdiccion especial,106,34.59463889,-78.97943333,Arbol,El primer evento no fue una colision con un vehiculo automotor en transporte,Not an Intersection,No fue interseccion,Sobre el lado de la calle,Ninguna,Dia total,Nublado,No,NO APLICA,10,36,10,36,1,12/03/2022,3
37,North Carolina,370291,0,0,2,0,155,ROBESON (155),0,NO APLICA,3,Marzo,30,2022,8,18,SR-41,3,Highway estatal,Rural,Colector Mayor,State Highway Agency,0,Sin jurisdiccion especial,99998,34.65283333,-78.85470278,Vehiculo en movimiento,Frente a frente,Not an Intersection,No fue interseccion,Sobre calle,Ninguna,Dia total,Despejado,No,NO APLICA,99,99,99,99,2,30/03/2022,2
37,North Carolina,370292,0,0,1,0,155,ROBESON (155),0,NO APLICA,3,Marzo,26,2022,10,1,SR-130,3,Highway estatal,Rural,Colector Mayor,State Highway Agency,0,Sin jurisdiccion especial,336,34.67711944,-79.36666389,Arbol,El primer evento no fue una colision con un vehiculo automotor en transporte,Not an Intersection,No fue interseccion,Fuera de la calle,Ninguna,Dia total,Despejado,No,NO APLICA,10,2,10,17,2,26/03/2022,3
37,North Carolina,370293,0,0,2,0,157,ROCKINGHAM (157),0,NO APLICA,3,Marzo,7,2022,19,42,US-29 BUS,2,US Highway,Rural,Arteria Menor,State Highway Agency,0,Sin jurisdiccion especial,162,36.43325,-79.5769,Vehiculo en movimiento,Golpe Lateral - direccion contraria,Not an Intersection,No fue interseccion,Sobre calle,Ninguna,Oscuro sin iluminacion,lluvia,No,NO APLICA,19,14,19,51,1,07/03/2022,2
37,North Carolina,370294,0,0,1,0,169,STOKES (169),0,NO APLICA,3,Marzo,4,2022,13,45,MOORES SPRING RD,9,Desconocido,Rural,Colector Menor,State Highway Agency,0,Sin jurisdiccion especial,27,36.41918889,-80.29459722,Arbol,El primer evento no fue una colision con un vehiculo automotor en transporte,Not an Intersection,No fue interseccion,Fuera de la calle,Ninguna,Dia total,Despejado,No,NO APLICA,13,39,13,48,1,04/03/2022,1
37,North Carolina,370295,1,1,1,0,175,TRANSYLVANIA (175),0,NO APLICA,3,Marzo,8,2022,13,10,US-178,2,US Highway,Rural,Arteria Menor,State Highway Agency,0,Sin jurisdiccion especial,99998,35.110125,-82.80938611,Ciclista,El primer evento no fue una colision con un vehiculo automotor en transporte,Not an Intersection,No fue interseccion,Sobre calle,Ninguna,Dia total,Despejado,No,NO APLICA,99,99,99,99,1,08/03/2022,1
37,North Carolina,370296,0,0,2,0,177,TYRRELL (177),0,NO APLICA,3,Marzo,2,2022,5,14,SR-94,3,Highway estatal,Rural,Colector Mayor,State Highway Agency,0,Sin jurisdiccion especial,147,35.79695,-76.19221111,Vehiculo en movimiento,Angulo,Not an Intersection,No fue interseccion,Sobre calle,Ninguna,Oscuro sin iluminacion,Neblina o Humo,No,NO APLICA,5,17,5,25,1,02/03/2022,2
37,North Carolina,370297,0,0,1,0,179,UNION (179),4890,WAXHAW,3,Marzo,8,2022,13,2,GRAY BYRUM RD,8,Otro,Urbano,Local,Other State Agency,0,Sin jurisdiccion especial,8,34.96063889,-80.77725833,Volcadura,El primer evento no fue una colision con un vehiculo automotor en transporte,Not an Intersection,No fue interseccion,Fuera de la calle,Ninguna,Dia total,Despejado,No,NO APLICA,99,99,99,99,1,08/03/2022,1
37,North Carolina,370298,0,0,2,0,183,WAKE (183),0,NO APLICA,3,Marzo,9,2022,11,48,SSR-2728,8,Otro,Urbano,Local,State Highway Agency,0,Sin jurisdiccion especial,99998,35.65656944,-78.62469167,Vehiculo en movimiento,Frente a frente,Not an Intersection,No fue interseccion,Sobre calle,Ninguna,Dia total,Nublado,No,NO APLICA,11,51,11,51,1,09/03/2022,2
37,North Carolina,370299,1,1,1,0,183,WAKE (183),0,NO APLICA,3,Marzo,15,2022,6,35,I-440,1,Interestatal,Rural,Interestatal,State Highway Agency,1,Sin jurisdiccion especial,99998,77.7777,777.7777,Peaton,El primer evento no fue una colision con un vehiculo automotor en transporte,Not an Intersection,No fue interseccion,Sobre calle,Ninguna,Oscuro sin iluminacion,Despejado,No,NO APLICA,99,99,99,99,1,15/03/2022,1
37,North Carolina,370300,1,1,1,0,183,WAKE (183),3750,RALEIGH,3,Marzo,15,2022,23,57,SSR-1005,8,Otro,Urbano,Arteria Menor,State Highway Agency,0,Sin jurisdiccion especial,99998,35.86465833,-78.63741667,Peaton,El primer evento no fue una colision con un vehiculo automotor en transporte,Four-Way Intersection,Interseccion de 4 direcciones,Sobre calle,Ninguna,Oscuro con iluminacion,Nublado,No,NO APLICA,23,59,0,3,1,15/03/2022,1
37,North Carolina,370301,1,1,1,0,183,WAKE (183),1770,GARNER,3,Marzo,1,2022,22,35,US-401 FAYETTEVILLE RD,2,US Highway,Urbano,Arteria Principal,State Highway Agency,1,Sin jurisdiccion especial,99998,35.71650556,-78.65576944,Peaton,El primer evento no fue una colision con un vehiculo automotor en transporte,Not an Intersection,No fue interseccion,Sobre calle,Ninguna,Oscuro sin iluminacion,Despejado,No,NO APLICA,22,40,22,46,1,01/03/2022,2
37,North Carolina,370302,1,1,1,0,183,WAKE (183),3750,RALEIGH,3,Marzo,6,2022,20,22,US-64 BUS NEW BERN RD,2,US Highway,Urbano,Arteria Principal,State Highway Agency,0,Sin jurisdiccion especial,99998,35.79808611,-78.55911389,Peaton,El primer evento no fue una colision con un vehiculo automotor en transporte,Not an Intersection,No fue interseccion,Sobre calle,Ninguna,Oscuro con iluminacion,Despejado,No,NO APLICA,99,99,99,99,1,06/03/2022,1
37,North Carolina,370303,1,1,1,0,183,WAKE (183),3750,RALEIGH,3,Marzo,13,2022,21,11,US-64 CAPITAL BLVD,2,US Highway,Urbano,Arteria Principal,State Highway Agency,1,Sin jurisdiccion especial,99998,35.80683889,-78.61606667,Peaton,El primer evento no fue una colision con un vehiculo automotor en transporte,Not an Intersection,No fue interseccion,Sobre calle,Ninguna,Oscuro con iluminacion,Despejado,No,NO APLICA,21,17,21,18,1,13/03/2022,2
37,North Carolina,370304,0,0,1,0,183,WAKE (183),3750,RALEIGH,3,Marzo,17,2022,6,43,US-64 BUS NEW BERN AVE,2,US Highway,Urbano,Arteria Principal,State Highway Agency,0,Sin jurisdiccion especial,99998,35.79563333,-78.580425,Acotamiento,El primer evento no fue una colision con un vehiculo automotor en transporte,Not an Intersection,No fue interseccion,Sobre el lado de la calle,Ninguna,Oscuro con iluminacion,lluvia,No,NO APLICA,16,48,16,54,1,17/03/2022,1
37,North Carolina,370305,0,0,2,0,183,WAKE (183),3750,RALEIGH,3,Marzo,19,2022,8,37,US-1 CAPITAL BLVD,2,US Highway,Urbano,Arteria Principal,State Highway Agency,1,Sin jurisdiccion especial,99998,35.88460278,-78.56855556,Vehiculo en movimiento,Golpe Lateral - misma direccion,Not an Intersection,No fue interseccion,Sobre calle,Ninguna,Dia total,Nublado,No,NO APLICA,99,99,99,99,1,19/03/2022,2
37,North Carolina,370306,0,0,1,0,191,WAYNE (191),0,NO APLICA,3,Marzo,19,2022,7,33,US-70,2,US Highway,Rural,Arteria Principal,State Highway Agency,1,Sin jurisdiccion especial,99998,77.7777,777.7777,Zanja,El primer evento no fue una colision con un vehiculo automotor en transporte,Not an Intersection,No fue interseccion,Sobre el lado de la calle,Ninguna,Dia total,Despejado,No,NO APLICA,7,33,7,47,1,19/03/2022,1
37,North Carolina,370307,0,0,2,0,191,WAYNE (191),0,NO APLICA,3,Marzo,26,2022,17,1,SSR-1937 KELLY SPRINGS RD,8,Otro,Rural,Local,State Highway Agency,0,Sin jurisdiccion especial,99998,35.19218333,-78.01740833,Vehiculo en movimiento,Frente a frente,Not an Intersection,No fue interseccion,Sobre calle,Ninguna,Dia total,Despejado,No,NO APLICA,16,55,17,0,2,26/03/2022,4
37,North Carolina,370308,0,0,1,0,193,WILKES (193),0,NO APLICA,3,Marzo,30,2022,8,6,SSR-2305 BETHEL RD,8,Otro,Rural,Local,State Highway Agency,9,Sin jurisdiccion especial,99998,36.22198056,-80.88195833,Buzon de correo,El primer evento no fue una colision con un vehiculo automotor en transporte,Not an Intersection,No fue interseccion,Sobre el lado de la calle,Ninguna,Dia total,Despejado,No,NO APLICA,8,4,8,10,1,30/03/2022,1
37,North Carolina,370309,0,0,1,0,195,WILSON (195),0,NO APLICA,3,Marzo,2,2022,23,30,I-95,1,Interestatal,Rural,Interestatal,State Highway Agency,1,Sin jurisdiccion especial,99998,77.7777,777.7777,Arbol,El primer evento no fue una colision con un vehiculo automotor en transporte,Not an Intersection,No fue interseccion,Sobre el lado de la calle,Ninguna,Oscuro sin iluminacion,Despejado,No,NO APLICA,99,99,99,99,1,02/03/2022,1
37,North Carolina,370310,0,0,1,0,197,YADKIN (197),0,NO APLICA,3,Marzo,6,2022,11,56,SSR-1573 BALTIMORE RD,8,Otro,Rural,Local,State Highway Agency,9,Sin jurisdiccion especial,99998,77.7777,777.7777,Arbol,El primer evento no fue una colision con un vehiculo automotor en transporte,Not an Intersection,No fue interseccion,Sobre el lado de la calle,Ninguna,Dia total,Despejado,No,NO APLICA,99,99,99,99,1,06/03/2022,1
37,North Carolina,370311,0,0,2,0,197,YADKIN (197),0,NO APLICA,3,Marzo,6,2022,12,17,US-21,2,US Highway,Rural,Colector Mayor,State Highway Agency,0,Sin jurisdiccion especial,99998,36.11025833,-80.769625,Vehiculo en movimiento,Frente a frente,Not an Intersection,No fue interseccion,Sobre calle,Ninguna,Dia total,Despejado,No,NO APLICA,12,17,12,21,1,06/03/2022,3
37,North Carolina,370312,0,0,2,0,147,PITT (147),0,NO APLICA,3,Marzo,24,2022,13,24,US-264,2,US Highway,Urbano,Arteria Principal,State Highway Agency,1,Sin jurisdiccion especial,99998,35.65336111,-77.34728889,Vehiculo en movimiento,Angulo,Four-Way Intersection,Interseccion de 4 direcciones,Sobre calle,Ninguna,Dia total,Nublado,No,NO APLICA,13,35,13,38,1,24/03/2022,4
37,North Carolina,370313,1,1,1,0,147,PITT (147),1950,GREENVILLE,3,Marzo,14,2022,1,32,SSR-1202 MACGREGOR DOWNS RD,8,Otro,Urbano,Local,State Highway Agency,0,Sin jurisdiccion especial,9,35.611625,-77.42196111,Peaton,El primer evento no fue una colision con un vehiculo automotor en transporte,Not an Intersection,No fue interseccion,Sobre calle,Ninguna,Oscuro con iluminacion,Despejado,No,NO APLICA,1,47,1,53,1,14/03/2022,1
37,North Carolina,370316,0,0,1,0,127,NASH (127),3930,ROCKY MOUNT,3,Marzo,9,2022,20,55,SSR-1714 BETHLEHAM RD,8,Otro,Urbano,Arteria Menor,State Highway Agency,9,Sin jurisdiccion especial,25,35.93860833,-77.83995833,Poste,El primer evento no fue una colision con un vehiculo automotor en transporte,Four-Way Intersection,Interseccion de 4 direcciones,Sobre el lado de la calle,Ninguna,Oscuro con iluminacion,Nublado,No,NO APLICA,20,58,21,4,1,09/03/2022,1
37,North Carolina,370317,0,0,2,0,131,NORTHAMPTON (131),0,NO APLICA,3,Marzo,12,2022,7,16,US-258,2,US Highway,Rural,Arteria Menor,State Highway Agency,0,Sin jurisdiccion especial,99998,36.43393056,-77.13894444,Vehiculo en movimiento,Frente a frente,Not an Intersection,No fue interseccion,Sobre calle,Ninguna,Amanecer,lluvia,No,NO APLICA,6,58,7,16,1,12/03/2022,2
37,North Carolina,370318,1,1,1,0,131,NORTHAMPTON (131),0,NO APLICA,1,Enero,8,2022,20,39,SSR-1201 WARNER BRIDGE RD,8,Otro,Rural,Local,State Highway Agency,0,Sin jurisdiccion especial,25,36.51264167,-77.62104722,Peaton,El primer evento no fue una colision con un vehiculo automotor en transporte,Not an Intersection,No fue interseccion,Sobre calle,Ninguna,Oscuro sin iluminacion,Despejado,No,NO APLICA,20,33,20,40,1,08/01/2022,3
37,North Carolina,370319,0,0,1,0,21,BUNCOMBE (21),170,ASHEVILLE,2,Febrero,25,2022,4,56,SR-63 NEW LEICESTER HWY,3,Highway estatal,Urbano,Arteria Principal,State Highway Agency,0,Sin jurisdiccion especial,9,35.59293056,-82.611225,Banqueta,El primer evento no fue una colision con un vehiculo automotor en transporte,Not an Intersection,No fue interseccion,Sobre el lado de la calle,Ninguna,Oscuro sin iluminacion,Nublado,No,NO APLICA,99,99,99,99,1,25/02/2022,2
37,North Carolina,370320,1,1,3,2,1,ALAMANCE (1),0,NO APLICA,3,Marzo,22,2022,22,53,SR-54,3,Highway estatal,Rural,Arteria Menor,State Highway Agency,0,Sin jurisdiccion especial,96,36.01537222,-79.32379167,Peaton,El primer evento no fue una colision con un vehiculo automotor en transporte,Not an Intersection,No fue interseccion,Sobre calle,Ninguna,Oscuro sin iluminacion,Despejado,No,NO APLICA,22,52,23,8,1,22/03/2022,1
37,North Carolina,370321,0,0,2,0,47,COLUMBUS (47),0,NO APLICA,3,Marzo,25,2022,13,15,US-74,2,US Highway,Rural,Arterial Principal -Freeway o ExpressWay,State Highway Agency,1,Sin jurisdiccion especial,257,34.34386389,-78.63460556,Vehiculo en movimiento,Frente a Detrás,Not an Intersection,No fue interseccion,Sobre calle,Ninguna,Dia total,Despejado,No,NO APLICA,99,99,99,99,1,25/03/2022,2
37,North Carolina,370322,0,0,3,1,67,FORSYTH (67),5120,WINSTON SALEM,4,Abril,4,2022,10,21,SR-150 PETERS PARKWAY,3,Highway estatal,Urbano,Arteria Principal,State Highway Agency,9,Sin jurisdiccion especial,99998,36.06698611,-80.25803333,Vehiculo en movimiento,Angulo,Not an Intersection,No fue interseccion,Sobre calle,Ninguna,Dia total,Despejado,No,NO APLICA,10,25,10,28,1,04/04/2022,2
37,North Carolina,370323,0,0,1,0,71,GASTON (71),430,BESSEMER CITY,4,Abril,21,2022,21,2,SR-161,3,Highway estatal,Urbano,Arteria Menor,State Highway Agency,9,Sin jurisdiccion especial,99998,35.27809722,-81.29609444,Arbol,El primer evento no fue una colision con un vehiculo automotor en transporte,T-Intersection,Interseccion de T,Sobre el lado de la calle,Ninguna,Oscuro con iluminacion,Despejado,No,NO APLICA,99,99,99,99,1,21/04/2022,1
37,North Carolina,370324,1,1,3,0,135,ORANGE (135),860,CHAPEL HILL,4,Abril,4,2022,3,39,SR-54,3,Highway estatal,Urbano,Arterial Principal -Freeway o ExpressWay,State Highway Agency,1,Sin jurisdiccion especial,99998,35.89361667,-79.05727222,Valla Ferrocarril,El primer evento no fue una colision con un vehiculo automotor en transporte,Not an Intersection,No fue interseccion,En el medio,Ninguna,Oscuro sin iluminacion,Despejado,No,NO APLICA,99,99,99,99,1,04/04/2022,3
37,North Carolina,370326,0,0,1,0,101,JOHNSTON (101),0,NO APLICA,5,Mayo,15,2022,18,27,I-95,1,Interestatal,Rural,Interestatal,State Highway Agency,1,Sin jurisdiccion especial,217,35.43009167,-78.43355833,Volcadura,El primer evento no fue una colision con un vehiculo automotor en transporte,Not an Intersection,No fue interseccion,Sobre el lado de la calle,Ninguna,Dia total,Despejado,No,NO APLICA,99,99,99,99,1,15/05/2022,1