Estado,Nombre de Estado,Numero de Caso,Peatones,Personas _no_vehiculos,Vehiculos automotores,Vehiculos estacionados,Condado,Nombre Condado,Ciudad,Nombre Ciudad,Mes,Nombre Mes,Dia,Año,Hora,Minuto,Calle,Ruta,Nombre Ruta,Rural o Urbanoo,Sistema Funcional,Dueño Calle,Sistema Nacional Carreteras,Jurisdiccion Especial,Milla,Latitud,Longitud,Causa del Accidente,Tipo de Accidente,Tipo Interseccion,Columna1,Lugar en la calle,Zona de Trabajo,Luz,Clima,Autobus Escolar,Cruce de Trenes,Hora Notificacion,Minuto Notificacion,Hora Llegada,Minuto Llegada,Decesos,Fecha,PersonaVehiculo
37,North Carolina,370327,0,0,1,0,31,CARTERET (31),3120,MOREHEAD CITY,5,Mayo,12,2022,7,56,US-70,2,US Highway,Urbano,Arteria Principal,State Highway Agency,1,Sin jurisdiccion especial,392,34.73953611,-76.81130556,Culvert,El primer evento no fue una colision con un vehiculo automotor en transporte,Not an Intersection,No fue interseccion,En el medio,Ninguna,Dia total,lluvia,No,NO APLICA,7,57,8,1,1,12/05/2022,1
37,North Carolina,370328,0,0,2,0,151,RANDOLPH (151),4640,TRINITY,4,Abril,27,2022,16,9,SSR-1556,8,Otro,Urbano,Colector Mayor,State Highway Agency,9,Sin jurisdiccion especial,99998,35.86328611,-80.02201944,Vehiculo en movimiento,Angulo,Not an Intersection,No fue interseccion,Sobre calle,Ninguna,Dia total,Despejado,No,NO APLICA,16,7,16,13,1,27/04/2022,2
37,North Carolina,370329,2,2,1,0,45,CLEVELAND (45),2440,KINGS MOUNTAIN,5,Mayo,8,2022,20,5,CANSLER ST,8,Otro,Urbano,Local,State Highway Agency,0,Sin jurisdiccion especial,5,35.24105,-81.34679722,Peaton,El primer evento no fue una colision con un vehiculo automotor en transporte,Four-Way Intersection,Interseccion de 4 direcciones,Sobre calle,Ninguna,Oscuro - iluminacion desconocida,Despejado,No,NO APLICA,99,99,99,99,1,08/05/2022,1
37,North Carolina,370330,1,1,1,0,129,NEW HANOVER (129),5060,WILMINGTON,5,Mayo,9,2022,22,27,US-117 SHIPYARD BLVD,2,US Highway,Urbano,Arteria Principal,State Highway Agency,1,Sin jurisdiccion especial,99998,34.1934,-77.92040556,Peaton,El primer evento no fue una colision con un vehiculo automotor en transporte,Four-Way Intersection,Interseccion de 4 direcciones,Sobre calle,Ninguna,Oscuro sin iluminacion,Despejado,No,NO APLICA,99,99,99,99,1,09/05/2022,1
37,North Carolina,370331,0,0,2,0,101,JOHNSTON (101),0,NO APLICA,4,Abril,15,2022,20,45,SR-50,3,Highway estatal,Rural,Arteria Menor,State Highway Agency,9,Sin jurisdiccion especial,99998,35.46961667,-78.55413056,Vehiculo en movimiento,Angulo,T-Intersection,Interseccion de T,Sobre calle,Ninguna,Oscuro sin iluminacion,Despejado,No,NO APLICA,99,99,99,99,1,15/04/2022,3
37,North Carolina,370332,0,0,2,0,101,JOHNSTON (101),410,BENSON,4,Abril,28,2022,16,42,US-301,2,US Highway,Urbano,Arteria Menor,State Highway Agency,0,Sin jurisdiccion especial,99998,35.36653611,-78.56093056,Vehiculo en movimiento,Angulo,T-Intersection,Interseccion de T,Sobre calle,Ninguna,Dia total,Despejado,No,629742K,99,99,99,99,1,28/04/2022,7
37,North Carolina,370333,0,0,1,0,147,PITT (147),1950,GREENVILLE,4,Abril,29,2022,2,47,STANTONSBURG RD,8,Otro,Urbano,Arteria Menor,Other State Agency,0,Sin jurisdiccion especial,21,35.60448889,-77.46135833,Zanja,El primer evento no fue una colision con un vehiculo automotor en transporte,Not an Intersection,No fue interseccion,Sobre el lado de la calle,Ninguna,Oscuro sin iluminacion,Despejado,No,NO APLICA,99,99,99,99,1,29/04/2022,1
37,North Carolina,370334,0,0,2,0,119,MECKLENBURG (119),870,CHARLOTTE,5,Mayo,16,2022,20,38,ROZZELLES FERRY RD,6,Calle Local Municipalidad,Urbano,Colector Mayor,City or Municipal Highway Agency,9,Sin jurisdiccion especial,99998,35.27093889,-80.88863611,Vehiculo en movimiento,Angulo,T-Intersection,Interseccion de T,Sobre calle,Ninguna,Atardecer,Despejado,No,NO APLICA,20,38,20,45,1,16/05/2022,3
37,North Carolina,370335,0,0,1,0,45,CLEVELAND (45),2440,KINGS MOUNTAIN,5,Mayo,21,2022,0,11,SR 216 BATTLEGROUND AVE,6,Calle Local Municipalidad,Urbano,Arteria Menor,City or Municipal Highway Agency,9,Sin jurisdiccion especial,53,35.22196667,-81.36353611,Barda,El primer evento no fue una colision con un vehiculo automotor en transporte,Not an Intersection,No fue interseccion,Sobre el lado de la calle,Ninguna,Oscuro sin iluminacion,Despejado,No,NO APLICA,99,99,99,99,1,21/05/2022,1
37,North Carolina,370336,0,0,2,0,77,GRANVILLE (77),0,NO APLICA,5,Mayo,17,2022,8,0,SSR-1635 TAR RIVER RD,8,Otro,Rural,Local,State Highway Agency,0,Sin jurisdiccion especial,57,36.14052222,-78.63026111,Vehiculo en movimiento,Frente a frente,Not an Intersection,No fue interseccion,Sobre calle,Ninguna,Dia total,Despejado,No,NO APLICA,99,99,99,99,2,17/05/2022,4
37,North Carolina,370337,0,0,1,0,53,CURRITUCK (53),0,NO APLICA,1,Enero,21,2022,9,47,SR-34 SHAWBORO RD,3,Highway estatal,Rural,Colector Mayor,State Highway Agency,0,Sin jurisdiccion especial,23,36.40093333,-76.10095278,Zanja,El primer evento no fue una colision con un vehiculo automotor en transporte,Not an Intersection,No fue interseccion,Sobre el lado de la calle,Ninguna,Dia total,Granizo,No,465384W,99,99,99,99,1,21/01/2022,3
37,North Carolina,370338,0,0,2,0,27,CALDWELL (27),2590,LENOIR,5,Mayo,7,2022,19,7,US-321,2,US Highway,Urbano,Arteria Principal,State Highway Agency,1,Sin jurisdiccion especial,123,35.89105556,-81.52007778,Vehiculo en movimiento,Frente a frente,Not an Intersection,No fue interseccion,Sobre calle,Ninguna,Dia total,Nublado,No,NO APLICA,99,99,99,99,1,07/05/2022,2
37,North Carolina,370339,0,0,1,0,81,GUILFORD (81),0,NO APLICA,5,Mayo,14,2022,6,8,I-85,1,Interestatal,Urbano,Interestatal,State Highway Agency,1,Sin jurisdiccion especial,281,35.91736944,-79.944975,Valla Ferrocarril,El primer evento no fue una colision con un vehiculo automotor en transporte,Not an Intersection,No fue interseccion,Sobre el lado de la calle,Ninguna,Dia total,Nublado,No,NO APLICA,99,99,99,99,1,14/05/2022,1
37,North Carolina,370340,0,0,2,0,179,UNION (179),3100,MONROE,5,Mayo,17,2022,0,5,US-74,2,US Highway,Urbano,Arteria Principal,State Highway Agency,1,Sin jurisdiccion especial,110,34.97889722,-80.49303889,Vehiculo en movimiento,Frente a Detrás,Not an Intersection,No fue interseccion,Sobre calle,Ninguna,Oscuro con iluminacion,Despejado,No,NO APLICA,0,21,0,22,1,17/05/2022,2
37,North Carolina,370341,0,0,2,0,3,ALEXANDER (3),0,NO APLICA,5,Mayo,22,2022,19,58,SR-127,3,Highway estatal,Rural,Arteria Menor,State Highway Agency,0,Sin jurisdiccion especial,13,35.82113889,-81.30726667,Vehiculo en movimiento,Frente a frente,Not an Intersection,No fue interseccion,Sobre calle,Ninguna,Atardecer,Despejado,No,NO APLICA,99,99,99,99,1,22/05/2022,6
37,North Carolina,370342,0,0,1,0,163,SAMPSON (163),0,NO APLICA,5,Mayo,22,2022,22,26,BONNETSVILLE RD,8,Otro,Rural,Colector Menor,Other State Agency,0,Sin jurisdiccion especial,13,35.00256111,-78.412,Zanja,El primer evento no fue una colision con un vehiculo automotor en transporte,Not an Intersection,No fue interseccion,Sobre el lado de la calle,Ninguna,Oscuro sin iluminacion,Despejado,No,NO APLICA,99,99,99,99,1,22/05/2022,1
37,North Carolina,370344,0,0,1,0,169,STOKES (169),0,NO APLICA,5,Mayo,28,2022,23,47,SR-704,3,Highway estatal,Rural,Colector Mayor,State Highway Agency,0,Sin jurisdiccion especial,98,36.53064444,-80.18079444,Arbol,El primer evento no fue una colision con un vehiculo automotor en transporte,Not an Intersection,No fue interseccion,Sobre el lado de la calle,Ninguna,Oscuro sin iluminacion,Despejado,No,NO APLICA,23,47,23,55,1,28/05/2022,1
37,North Carolina,370345,0,0,2,0,171,SURRY (171),1480,ELKIN,5,Mayo,18,2022,4,30,CC CAMP ROAD,9,Desconocido,Urbano,Arteria Menor,State Highway Agency,0,Sin jurisdiccion especial,27,36.27843611,-80.83243333,Vehiculo en movimiento,Angulo,Four-Way Intersection,Interseccion de 4 direcciones,Sobre calle,Ninguna,Dia total,Despejado,No,NO APLICA,4,34,4,38,1,18/05/2022,2
37,North Carolina,370346,1,1,1,0,107,LENOIR (107),2450,KINSTON,5,Mayo,29,2022,14,53,SR E VERNON AVE,6,Calle Local Municipalidad,Urbano,Local,City or Municipal Highway Agency,0,Sin jurisdiccion especial,5,35.26858611,-77.57574722,Peaton,El primer evento no fue una colision con un vehiculo automotor en transporte,Four-Way Intersection,Interseccion de 4 direcciones,Sobre calle,Ninguna,Dia total,Despejado,No,NO APLICA,99,99,99,99,1,29/05/2022,1
37,North Carolina,370347,0,0,1,0,135,ORANGE (135),0,NO APLICA,5,Mayo,29,2022,18,7,SSR-1144 BEN JOHNSTON RD,8,Otro,Rural,Local,State Highway Agency,0,Sin jurisdiccion especial,20,36.071325,-79.14025833,Arbol,El primer evento no fue una colision con un vehiculo automotor en transporte,Not an Intersection,No fue interseccion,Fuera de la calle,Ninguna,Dia total,Despejado,No,NO APLICA,99,99,99,99,1,29/05/2022,1
37,North Carolina,370348,0,0,4,0,183,WAKE (183),3750,RALEIGH,6,Junio,1,2022,23,32,US-401 LOUISBURG RD,2,US Highway,Urbano,Arteria Principal,State Highway Agency,1,Sin jurisdiccion especial,269,35.84477778,-78.56929722,Vehiculo en movimiento,Angulo,Four-Way Intersection,Interseccion de 4 direcciones,Sobre calle,Ninguna,Oscuro sin iluminacion,Despejado,No,NO APLICA,99,99,99,99,2,01/06/2022,6
37,North Carolina,370349,1,1,1,0,55,DARE (55),2461,KITTY HAWK,5,Mayo,20,2022,12,56,US-158,2,US Highway,Urbano,Arteria Principal,State Highway Agency,1,Sin jurisdiccion especial,99998,36.06997222,-75.69586111,Ciclista,El primer evento no fue una colision con un vehiculo automotor en transporte,T-Intersection,Interseccion de T,Sobre calle,Ninguna,Dia total,Despejado,No,NO APLICA,12,42,12,42,1,20/05/2022,3
37,North Carolina,370350,1,1,1,0,27,CALDWELL (27),2590,LENOIR,6,Junio,4,2022,22,33,SR BLOWING ROCK BLVD,6,Calle Local Municipalidad,Urbano,Arteria Principal,City or Municipal Highway Agency,0,Sin jurisdiccion especial,141,35.91705278,-81.52449722,Peaton,El primer evento no fue una colision con un vehiculo automotor en transporte,Not an Intersection,No fue interseccion,Sobre calle,Ninguna,Oscuro con iluminacion,Despejado,No,NO APLICA,99,99,99,99,1,04/06/2022,2
37,North Carolina,370351,0,0,1,0,1,ALAMANCE (1),0,NO APLICA,4,Abril,2,2022,20,42,SR-1504 ELON OSSIPEE RD,3,Highway estatal,Rural,Local,State Highway Agency,9,Sin jurisdiccion especial,99998,36.13006111,-79.51336944,Buzon de correo,El primer evento no fue una colision con un vehiculo automotor en transporte,Not an Intersection,No fue interseccion,Sobre el lado de la calle,Ninguna,Oscuro sin iluminacion,Despejado,No,NO APLICA,20,37,20,44,1,02/04/2022,1
37,North Carolina,370352,0,0,1,0,3,ALEXANDER (3),0,NO APLICA,4,Abril,23,2022,2,42,SR-16,3,Highway estatal,Rural,Arteria Menor,State Highway Agency,9,Sin jurisdiccion especial,99998,35.87969167,-81.1868,Zanja,El primer evento no fue una colision con un vehiculo automotor en transporte,Not an Intersection,No fue interseccion,Sobre el lado de la calle,Ninguna,Oscuro sin iluminacion,Despejado,No,NO APLICA,99,99,99,99,1,23/04/2022,1
37,North Carolina,370353,1,1,1,0,7,ANSON (7),3680,POLKTON,4,Abril,26,2022,6,23,US-74,2,US Highway,Rural,Arteria Principal,State Highway Agency,1,Sin jurisdiccion especial,99998,35.00245,-80.20326667,Peaton,El primer evento no fue una colision con un vehiculo automotor en transporte,Not an Intersection,No fue interseccion,Sobre calle,Ninguna,Amanecer,Despejado,No,NO APLICA,99,99,99,99,1,26/04/2022,1
37,North Carolina,370354,0,0,1,0,19,BRUNSWICK (19),0,NO APLICA,4,Abril,18,2022,18,42,SR-133 RIVER RD,3,Highway estatal,Rural,Arteria Menor,State Highway Agency,9,Sin jurisdiccion especial,99998,34.13147778,-77.98206667,Volcadura,El primer evento no fue una colision con un vehiculo automotor en transporte,Not an Intersection,No fue interseccion,Sobre el lado de la calle,Ninguna,Dia total,Despejado,No,NO APLICA,18,34,18,50,2,18/04/2022,3
37,North Carolina,370355,1,1,1,0,25,CABARRUS (25),1040,CONCORD,4,Abril,24,2022,7,54,AFTERGLOW AVE SW,6,Calle Local Municipalidad,Urbano,Local,State Highway Agency,9,Sin jurisdiccion especial,99998,35.34828333,-80.58683889,Peaton,El primer evento no fue una colision con un vehiculo automotor en transporte,T-Intersection,Interseccion de T,Sobre calle,Ninguna,Dia total,Despejado,No,NO APLICA,7,53,8,4,1,24/04/2022,1
37,North Carolina,370356,0,0,1,0,27,CALDWELL (27),0,NO APLICA,4,Abril,23,2022,23,54,SR-90 COLLETSVILLE RD,3,Highway estatal,Rural,Colector Mayor,State Highway Agency,9,Sin jurisdiccion especial,99998,35.94588056,-81.57034722,Buzon de correo,El primer evento no fue una colision con un vehiculo automotor en transporte,Not an Intersection,No fue interseccion,Sobre el lado de la calle,Ninguna,Oscuro sin iluminacion,Despejado,No,NO APLICA,99,99,99,99,1,23/04/2022,1
37,North Carolina,370357,0,0,1,0,35,CATAWBA (35),0,NO APLICA,4,Abril,20,2022,20,13,SSR-1722 BETHANY CHURCH RD,8,Otro,Rural,Colector Mayor,State Highway Agency,0,Sin jurisdiccion especial,13,35.69078333,-81.14306389,Volcadura,El primer evento no fue una colision con un vehiculo automotor en transporte,Not an Intersection,No fue interseccion,Sobre el lado de la calle,Ninguna,Atardecer,Despejado,No,NO APLICA,20,14,20,24,1,20/04/2022,1
37,North Carolina,370358,0,0,1,0,37,CHATHAM (37),0,NO APLICA,4,Abril,18,2022,15,4,SR-1006 SILER CITY GLENDON RD,3,Highway estatal,Rural,Colector Mayor,State Highway Agency,9,Sin jurisdiccion especial,99998,35.66413889,-79.47285,Otro objeto (no fijo),El primer evento no fue una colision con un vehiculo automotor en transporte,Not an Intersection,No fue interseccion,Sobre el lado de la calle,Ninguna,Dia total,Nublado,No,NO APLICA,99,99,99,99,1,18/04/2022,2
37,North Carolina,370359,0,0,1,0,45,CLEVELAND (45),0,NO APLICA,4,Abril,22,2022,4,27,SR-10 CASAR RD,3,Highway estatal,Rural,Colector Mayor,State Highway Agency,9,Sin jurisdiccion especial,99998,35.53523611,-81.54188611,Puente de Ferrocarril,El primer evento no fue una colision con un vehiculo automotor en transporte,Not an Intersection,No fue interseccion,Sobre el lado de la calle,Ninguna,Oscuro sin iluminacion,Despejado,No,NO APLICA,99,99,99,99,1,22/04/2022,1
37,North Carolina,370360,0,0,1,0,49,CRAVEN (49),0,NO APLICA,4,Abril,18,2022,11,36,SR-55 HWY,3,Highway estatal,Rural,Colector Mayor,State Highway Agency,9,Sin jurisdiccion especial,99998,35.32122222,-77.37688056,Zanja,El primer evento no fue una colision con un vehiculo automotor en transporte,Not an Intersection,No fue interseccion,Sobre el lado de la calle,Ninguna,Dia total,lluvia,No,NO APLICA,99,99,99,99,1,18/04/2022,1
37,North Carolina,370361,0,0,1,0,69,FRANKLIN (69),0,NO APLICA,4,Abril,8,2022,21,22,SR-1611,3,Highway estatal,Rural,Colector Mayor,State Highway Agency,9,Sin jurisdiccion especial,99998,77.7777,777.7777,Arbol,El primer evento no fue una colision con un vehiculo automotor en transporte,Not an Intersection,No fue interseccion,Sobre el lado de la calle,Ninguna,Oscuro sin iluminacion,Despejado,No,NO APLICA,21,10,21,19,2,08/04/2022,2
37,North Carolina,370362,0,0,1,0,81,GUILFORD (81),1940,GREENSBORO,4,Abril,6,2022,23,20,CREEK RIDGE RD,6,Calle Local Municipalidad,Urbano,Colector Mayor,City or Municipal Highway Agency,9,Sin jurisdiccion especial,99998,36.02345556,-79.83666111,Culvert,El primer evento no fue una colision con un vehiculo automotor en transporte,Not an Intersection,No fue interseccion,Sobre el lado de la calle,Ninguna,Oscuro con iluminacion,Despejado,No,NO APLICA,23,20,23,25,1,06/04/2022,1
37,North Carolina,370363,0,0,1,0,89,HENDERSON (89),0,NO APLICA,4,Abril,16,2022,12,28,US-176 SPARTANBURG HWY,2,US Highway,Urbano,Arteria Menor,State Highway Agency,0,Sin jurisdiccion especial,99998,35.26770278,-82.40897778,Poste de Señal de trafico,El primer evento no fue una colision con un vehiculo automotor en transporte,T-Intersection,Interseccion de T,Sobre el lado de la calle,Ninguna,Dia total,Despejado,No,NO APLICA,99,99,99,99,1,16/04/2022,1
37,North Carolina,370364,0,0,1,0,97,IREDELL (97),0,NO APLICA,4,Abril,20,2022,19,1,SR-2364 ROWAN RD,3,Highway estatal,Rural,Local,State Highway Agency,9,Sin jurisdiccion especial,99998,35.71811667,-80.76618333,Volcadura,El primer evento no fue una colision con un vehiculo automotor en transporte,Not an Intersection,No fue interseccion,Sobre el lado de la calle,Ninguna,Dia total,Despejado,No,NO APLICA,99,99,99,99,1,20/04/2022,1
37,North Carolina,370365,1,1,1,0,101,JOHNSTON (101),0,NO APLICA,4,Abril,20,2022,23,34,US-70,2,US Highway,Rural,Arteria Principal,State Highway Agency,1,Sin jurisdiccion especial,99998,35.55075833,-78.31490556,Peaton,El primer evento no fue una colision con un vehiculo automotor en transporte,Not an Intersection,No fue interseccion,Sobre calle,Ninguna,Oscuro sin iluminacion,Despejado,No,NO APLICA,99,99,99,99,1,20/04/2022,1
37,North Carolina,370366,0,0,1,0,105,LEE (105),0,NO APLICA,4,Abril,3,2022,11,14,SR-1415 COLON RD,3,Highway estatal,Rural,Colector Mayor,State Highway Agency,9,Sin jurisdiccion especial,99998,35.53914444,-79.15336389,Buzon de correo,El primer evento no fue una colision con un vehiculo automotor en transporte,Not an Intersection,No fue interseccion,Sobre el lado de la calle,Ninguna,Dia total,Despejado,No,NO APLICA,99,99,99,99,1,03/04/2022,1
37,North Carolina,370368,0,0,1,0,119,MECKLENBURG (119),870,CHARLOTTE,4,Abril,13,2022,5,14,SR-5469 SHOPTON ROAD W,3,Highway estatal,Urbano,Colector Mayor,State Highway Agency,9,Sin jurisdiccion especial,99998,77.7777,777.7777,Arbol,El primer evento no fue una colision con un vehiculo automotor en transporte,Not an Intersection,No fue interseccion,Sobre el lado de la calle,Ninguna,Oscuro sin iluminacion,Despejado,No,NO APLICA,5,14,5,22,1,13/04/2022,1
37,North Carolina,370369,1,1,1,0,119,MECKLENBURG (119),870,CHARLOTTE,4,Abril,15,2022,21,1,I-85,1,Interestatal,Urbano,Interestatal,State Highway Agency,1,Sin jurisdiccion especial,99998,35.27868889,-80.79421667,Peaton,El primer evento no fue una colision con un vehiculo automotor en transporte,Not an Intersection,No fue interseccion,Sobre calle,Ninguna,Oscuro con iluminacion,Despejado,No,NO APLICA,20,55,21,6,1,15/04/2022,1
37,North Carolina,370370,0,0,1,0,119,MECKLENBURG (119),2280,HUNTERSVILLE,4,Abril,26,2022,16,9,SR-2442 ASBURY CHAPEL RD,3,Highway estatal,Rural,Colector Mayor,State Highway Agency,9,Sin jurisdiccion especial,99998,35.40421389,-80.80121944,Arbol,El primer evento no fue una colision con un vehiculo automotor en transporte,Not an Intersection,No fue interseccion,Sobre el lado de la calle,Ninguna,Dia total,Despejado,No,NO APLICA,16,9,16,18,1,26/04/2022,1
37,North Carolina,370371,0,0,1,0,125,MOORE (125),0,NO APLICA,4,Abril,20,2022,7,10,SR-1241 HOLLY GROVE SCHOOL RD,3,Highway estatal,Rural,Local,State Highway Agency,9,Sin jurisdiccion especial,99998,77.7777,777.7777,Zanja,El primer evento no fue una colision con un vehiculo automotor en transporte,Not an Intersection,No fue interseccion,Sobre el lado de la calle,Ninguna,Oscuro sin iluminacion,Despejado,No,NO APLICA,99,99,99,99,1,20/04/2022,1
37,North Carolina,370372,0,0,1,0,127,NASH (127),0,NO APLICA,4,Abril,1,2022,6,59,US-64 W,2,US Highway,Rural,Arterial Principal -Freeway o ExpressWay,State Highway Agency,1,Sin jurisdiccion especial,99998,35.91061944,-78.17264444,Fin de valla,El primer evento no fue una colision con un vehiculo automotor en transporte,Not an Intersection,No fue interseccion,Sobre el lado de la calle,Ninguna,Oscuro sin iluminacion,Despejado,No,NO APLICA,6,57,7,14,1,01/04/2022,1
37,North Carolina,370373,1,1,1,0,131,NORTHAMPTON (131),0,NO APLICA,4,Abril,29,2022,6,57,SR-48,3,Highway estatal,Rural,Local,State Highway Agency,9,Sin jurisdiccion especial,99998,77.7777,777.7777,Peaton,El primer evento no fue una colision con un vehiculo automotor en transporte,Not an Intersection,No fue interseccion,Sobre calle,Ninguna,Oscuro sin iluminacion,Nublado,No,NO APLICA,6,35,6,52,1,29/04/2022,1
37,North Carolina,370374,0,0,1,0,133,ONSLOW (133),0,NO APLICA,4,Abril,9,2022,21,32,SR-1105 HAWS RUN RD,3,Highway estatal,Rural,Colector Menor,State Highway Agency,9,Sin jurisdiccion especial,99998,34.7345,-77.51617778,Zanja,El primer evento no fue una colision con un vehiculo automotor en transporte,Not an Intersection,No fue interseccion,Sobre el lado de la calle,Ninguna,Oscuro sin iluminacion,Despejado,No,NO APLICA,21,35,21,45,1,09/04/2022,1
37,North Carolina,370375,0,0,1,0,139,PASQUOTANK (139),0,NO APLICA,4,Abril,23,2022,8,6,SR-344 WEEKSVILLE RD,3,Highway estatal,Rural,Colector Mayor,State Highway Agency,9,Sin jurisdiccion especial,99998,36.21460278,-76.16193611,Culvert,El primer evento no fue una colision con un vehiculo automotor en transporte,Not an Intersection,No fue interseccion,Sobre el lado de la calle,Ninguna,Dia total,Despejado,No,NO APLICA,8,1,8,11,1,23/04/2022,1
37,North Carolina,370376,0,0,1,0,151,RANDOLPH (151),160,ASHEBORO,4,Abril,19,2022,12,25,I-73,1,Interestatal,Urbano,Arteria Principal,State Highway Agency,1,Sin jurisdiccion especial,219,35.70873056,-79.82896111,Volcadura,El primer evento no fue una colision con un vehiculo automotor en transporte,Four-Way Intersection,Interseccion de 4 direcciones,Sobre calle,Ninguna,Dia total,Despejado,No,NO APLICA,12,25,12,31,1,19/04/2022,1
37,North Carolina,370377,1,1,1,0,155,ROBESON (155),0,NO APLICA,4,Abril,19,2022,16,17,PP 3554 SHAW RD,8,Otro,Rural,Local,Other State Agency,0,Sin jurisdiccion especial,3,34.872125,-79.00991389,Peaton,El primer evento no fue una colision con un vehiculo automotor en transporte,Not an Intersection,No fue interseccion,Fuera de la calle,Ninguna,Dia total,Despejado,No,NO APLICA,99,99,99,99,1,19/04/2022,1
37,North Carolina,370378,1,1,1,0,157,ROCKINGHAM (157),0,NO APLICA,4,Abril,15,2022,21,21,SR-135,3,Highway estatal,Rural,Local,Other State Agency,0,Sin jurisdiccion especial,184,36.47410278,-79.800725,Peaton,El primer evento no fue una colision con un vehiculo automotor en transporte,Not an Intersection,No fue interseccion,Sobre calle,Ninguna,Oscuro sin iluminacion,Despejado,No,NO APLICA,21,6,21,11,1,15/04/2022,1
37,North Carolina,370379,0,0,1,0,159,ROWAN (159),0,NO APLICA,4,Abril,24,2022,19,34,WILKINSON RD,8,Otro,Rural,Local,Other State Agency,0,Sin jurisdiccion especial,14,35.571425,-80.73246944,Barda,El primer evento no fue una colision con un vehiculo automotor en transporte,Not an Intersection,No fue interseccion,Fuera de la calle,Ninguna,Dia total,Despejado,No,NO APLICA,99,99,99,99,1,24/04/2022,1
37,North Carolina,370380,0,0,1,0,163,SAMPSON (163),0,NO APLICA,4,Abril,9,2022,18,7,SR-1406,3,Highway estatal,Rural,Local,State Highway Agency,9,Sin jurisdiccion especial,99998,35.00488889,-78.55335556,Zanja,El primer evento no fue una colision con un vehiculo automotor en transporte,Not an Intersection,No fue interseccion,Sobre el lado de la calle,Ninguna,Dia total,Despejado,No,NO APLICA,99,99,99,99,2,09/04/2022,2
37,North Carolina,370381,0,0,1,0,165,SCOTLAND (165),0,NO APLICA,4,Abril,6,2022,7,26,SR-1131 XWAY RD,3,Highway estatal,Rural,Colector Menor,State Highway Agency,9,Sin jurisdiccion especial,99998,77.7777,777.7777,Arbusto,El primer evento no fue una colision con un vehiculo automotor en transporte,Not an Intersection,No fue interseccion,Sobre el lado de la calle,Ninguna,Dia total,Despejado,No,NO APLICA,7,30,7,35,1,06/04/2022,1
37,North Carolina,370382,0,0,1,0,173,SWAIN (173),0,NO APLICA,4,Abril,3,2022,18,19,SR-1311 GRASSY BRANCH RD,3,Highway estatal,Rural,Colector Menor,State Highway Agency,9,Sin jurisdiccion especial,99998,77.7777,777.7777,Acotamiento,El primer evento no fue una colision con un vehiculo automotor en transporte,Not an Intersection,No fue interseccion,Sobre el lado de la calle,Ninguna,Dia total,Despejado,No,NO APLICA,18,10,18,17,1,03/04/2022,1
37,North Carolina,370383,0,0,1,0,181,VANCE (181),0,NO APLICA,4,Abril,8,2022,9,54,SR-39,3,Highway estatal,Urbano,Colector Mayor,State Highway Agency,9,Sin jurisdiccion especial,99998,36.47454167,-78.43037778,Acotamiento,El primer evento no fue una colision con un vehiculo automotor en transporte,Not an Intersection,No fue interseccion,Sobre el lado de la calle,Ninguna,Dia total,Nublado,No,NO APLICA,9,51,10,4,1,08/04/2022,2
37,North Carolina,370384,0,0,1,0,183,WAKE (183),0,NO APLICA,4,Abril,10,2022,15,47,US-1,2,US Highway,Rural,Arterial Principal -Freeway o ExpressWay,State Highway Agency,1,Sin jurisdiccion especial,99998,35.70727222,-78.85120556,Valla Ferrocarril,El primer evento no fue una colision con un vehiculo automotor en transporte,Not an Intersection,No fue interseccion,Sobre el lado de la calle,Ninguna,Dia total,Despejado,No,NO APLICA,15,44,15,57,1,10/04/2022,1
37,North Carolina,370385,1,1,1,0,191,WAYNE (191),0,NO APLICA,4,Abril,14,2022,5,24,US-70,2,US Highway,Rural,Arterial Principal -Freeway o ExpressWay,State Highway Agency,1,Sin jurisdiccion especial,99998,35.41818611,-77.93158056,Peaton,El primer evento no fue una colision con un vehiculo automotor en transporte,Not an Intersection,No fue interseccion,Sobre calle,Ninguna,Oscuro sin iluminacion,Despejado,No,NO APLICA,5,24,5,37,1,14/04/2022,1
37,North Carolina,370386,1,1,2,0,1,ALAMANCE (1),700,BURLINGTON,4,Abril,10,2022,14,35,SR-1522 LAKESIDE AVE,3,Highway estatal,Urbano,Colector Mayor,State Highway Agency,9,Sin jurisdiccion especial,99999,36.116,-79.44326944,Peaton,El primer evento no fue una colision con un vehiculo automotor en transporte,Four-Way Intersection,Interseccion de 4 direcciones,Sobre calle,Ninguna,Dia total,Despejado,No,NO APLICA,14,35,14,42,1,10/04/2022,2
37,North Carolina,370387,0,0,2,0,17,BLADEN (17),0,NO APLICA,4,Abril,1,2022,14,12,SR-211,3,Highway estatal,Rural,Colector Mayor,State Highway Agency,9,Sin jurisdiccion especial,99998,34.46870278,-78.61191111,Culvert,El primer evento no fue una colision con un vehiculo automotor en transporte,Not an Intersection,No fue interseccion,Sobre el lado de la calle,Ninguna,Dia total,Despejado,No,NO APLICA,14,10,14,28,1,01/04/2022,2