Estado,Nombre de Estado,Numero de Caso,Peatones,Personas _no_vehiculos,Vehiculos automotores,Vehiculos estacionados,Condado,Nombre Condado,Ciudad,Nombre Ciudad,Mes,Nombre Mes,Dia,Año,Hora,Minuto,Calle,Ruta,Nombre Ruta,Rural o Urbanoo,Sistema Funcional,Dueño Calle,Sistema Nacional Carreteras,Jurisdiccion Especial,Milla,Latitud,Longitud,Causa del Accidente,Tipo de Accidente,Tipo Interseccion,Columna1,Lugar en la calle,Zona de Trabajo,Luz,Clima,Autobus Escolar,Cruce de Trenes,Hora Notificacion,Minuto Notificacion,Hora Llegada,Minuto Llegada,Decesos,Fecha,PersonaVehiculo
37,North Carolina,370388,0,0,2,0,17,BLADEN (17),0,NO APLICA,4,Abril,24,2022,8,50,SR-211,3,Highway estatal,Rural,Colector Mayor,State Highway Agency,9,Sin jurisdiccion especial,99998,34.51875556,-78.72805278,Vehiculo en movimiento,Frente a frente,T-Intersection,Interseccion de T,Sobre calle,Ninguna,Dia total,Despejado,No,NO APLICA,3,48,9,3,1,24/04/2022,2
37,North Carolina,370389,0,0,2,0,21,BUNCOMBE (21),170,ASHEVILLE,4,Abril,19,2022,21,58,HILLIARD AVENUE,6,Calle Local Municipalidad,Urbano,Local,City or Municipal Highway Agency,9,Sin jurisdiccion especial,99998,35.59118333,-82.55890556,Vehiculo en movimiento,Angulo,Four-Way Intersection,Interseccion de 4 direcciones,Sobre calle,Ninguna,Oscuro con iluminacion,Despejado,No,NO APLICA,22,1,22,5,1,19/04/2022,2
37,North Carolina,370390,0,0,2,0,23,BURKE (23),3130,MORGANTON,4,Abril,7,2022,20,11,SANFORD DRIVE,6,Calle Local Municipalidad,Urbano,Local,City or Municipal Highway Agency,9,Sin jurisdiccion especial,99998,35.76483056,-81.69044444,Vehiculo en movimiento,Angulo,Four-Way Intersection,Interseccion de 4 direcciones,Sobre calle,Ninguna,Atardecer,Despejado,No,NO APLICA,20,11,20,16,1,07/04/2022,6
37,North Carolina,370391,0,0,2,0,23,BURKE (23),0,NO APLICA,4,Abril,20,2022,16,22,US-70,2,US Highway,Rural,Arteria Menor,State Highway Agency,0,Sin jurisdiccion especial,99998,35.69921111,-81.82551389,Vehiculo en movimiento,Angulo,Not an Intersection,No fue interseccion,Sobre calle,Ninguna,Dia total,Despejado,No,NO APLICA,16,22,16,29,1,20/04/2022,5
37,North Carolina,370392,0,0,2,0,25,CABARRUS (25),3035,MIDLAND,4,Abril,10,2022,15,24,SR-24-27 E,3,Highway estatal,Urbano,Arteria Menor,State Highway Agency,9,Sin jurisdiccion especial,99998,35.2496,-80.53303611,Vehiculo en movimiento,Angulo,Four-Way Intersection,Interseccion de 4 direcciones,Sobre calle,Ninguna,Dia total,Despejado,No,NO APLICA,15,24,15,28,1,10/04/2022,2
37,North Carolina,370393,0,0,2,0,29,CAMDEN (29),0,NO APLICA,4,Abril,22,2022,14,55,US-17,2,US Highway,Rural,Arteria Principal,Other State Agency,1,Sin jurisdiccion especial,61,36.46804444,-76.33633611,Vehiculo en movimiento,Angulo,"Five Point, or More",5 Puntos o mas,Sobre calle,Ninguna,Dia total,Despejado,No,NO APLICA,99,99,99,99,1,22/04/2022,2
37,North Carolina,370394,0,0,2,0,31,CARTERET (31),3290,NEWPORT,4,Abril,28,2022,18,20,ROBERTS RD,9,Desconocido,Urbano,Local,State Highway Agency,0,Sin jurisdiccion especial,8,34.77693056,-76.87541667,Vehiculo en movimiento,Angulo,Not an Intersection,No fue interseccion,Sobre calle,Ninguna,Dia total,Despejado,No,NO APLICA,18,21,18,24,1,28/04/2022,2
37,North Carolina,370395,0,0,2,0,33,CASWELL (33),0,NO APLICA,4,Abril,22,2022,14,32,SR-86,3,Highway estatal,Rural,Arteria Menor,Other State Agency,0,Sin jurisdiccion especial,97,36.36519167,-79.25360556,Vehiculo en movimiento,Frente a frente,Not an Intersection,No fue interseccion,Sobre calle,Ninguna,Dia total,Despejado,No,NO APLICA,99,99,99,99,2,22/04/2022,5
37,North Carolina,370396,0,0,6,5,35,CATAWBA (35),0,NO APLICA,4,Abril,18,2022,1,36,SR-1003 BUFFALOE SHOALS RD,3,Highway estatal,Urbano,Colector Menor,State Highway Agency,9,Sin jurisdiccion especial,99998,35.61691111,-81.106125,Culvert,El primer evento no fue una colision con un vehiculo automotor en transporte,Not an Intersection,No fue interseccion,Sobre el lado de la calle,Ninguna,Oscuro sin iluminacion,lluvia,No,NO APLICA,1,33,1,45,1,18/04/2022,1
37,North Carolina,370397,0,0,2,0,35,CATAWBA (35),2150,HICKORY,4,Abril,29,2022,21,40,SSR-1005 MCDONALD PKWY NE,8,Otro,Urbano,Arteria Principal,Other State Agency,0,Sin jurisdiccion especial,23,35.72639167,-81.29092778,Vehiculo en movimiento,Angulo,"Five Point, or More",5 Puntos o mas,Sobre calle,Ninguna,Oscuro con iluminacion,Despejado,No,NO APLICA,99,99,99,99,1,29/04/2022,5
37,North Carolina,370398,0,0,2,0,35,CATAWBA (35),0,NO APLICA,4,Abril,30,2022,18,25,MT PLEASANT RD,8,Otro,Rural,Local,Other State Agency,0,Sin jurisdiccion especial,14,35.58555833,-81.02261667,Vehiculo en movimiento,Frente a frente,Not an Intersection,No fue interseccion,Sobre calle,Ninguna,Dia total,Despejado,No,NO APLICA,99,99,99,99,1,30/04/2022,2
37,North Carolina,370399,0,0,3,0,45,CLEVELAND (45),0,NO APLICA,4,Abril,1,2022,23,43,US-74,2,US Highway,Rural,Arterial Principal -Freeway o ExpressWay,State Highway Agency,1,Sin jurisdiccion especial,216,35.29669722,-81.67673611,Vehiculo en movimiento,Frente a frente,Not an Intersection,No fue interseccion,Sobre calle,Ninguna,Oscuro sin iluminacion,Despejado,No,NO APLICA,99,99,99,99,2,01/04/2022,3
37,North Carolina,370400,0,0,2,0,47,COLUMBUS (47),0,NO APLICA,4,Abril,1,2022,8,52,SR-242,3,Highway estatal,Rural,Colector Mayor,State Highway Agency,0,Sin jurisdiccion especial,27,34.36095556,-78.92104167,Vehiculo en movimiento,Frente a frente,Not an Intersection,No fue interseccion,Sobre calle,Ninguna,Dia total,Despejado,No,NO APLICA,8,51,9,4,1,01/04/2022,2
37,North Carolina,370401,0,0,2,0,53,CURRITUCK (53),0,NO APLICA,4,Abril,18,2022,18,55,SR-168,3,Highway estatal,Rural,Arteria Menor,Other State Agency,0,Sin jurisdiccion especial,122,36.48129722,-76.13151944,Vehiculo en movimiento,Frente a frente,Not an Intersection,No fue interseccion,Sobre calle,Ninguna,Dia total,lluvia,No,NO APLICA,18,56,19,1,1,18/04/2022,4
37,North Carolina,370403,0,0,2,0,63,DURHAM (63),1360,DURHAM,4,Abril,29,2022,16,12,DURHAM CHAPEL HILL BLVD,9,Desconocido,Urbano,Arterial Principal -Freeway o ExpressWay,State Highway Agency,1,Sin jurisdiccion especial,0,35.95048333,-78.9998,Vehiculo en movimiento,Frente a Detrás,"Five Point, or More",5 Puntos o mas,Sobre calle,Ninguna,Dia total,Despejado,No,NO APLICA,16,16,16,29,1,29/04/2022,2
37,North Carolina,370404,0,0,3,1,67,FORSYTH (67),5120,WINSTON SALEM,4,Abril,24,2022,12,36,N GLENN AV,6,Calle Local Municipalidad,Urbano,Colector Mayor,State Highway Agency,0,Sin jurisdiccion especial,3,36.12486667,-80.24069444,Vehiculo en movimiento,Angulo,Four-Way Intersection,Interseccion de 4 direcciones,Sobre calle,Ninguna,Dia total,Despejado,No,NO APLICA,12,37,12,46,1,24/04/2022,2
37,North Carolina,370405,0,0,2,0,67,FORSYTH (67),5120,WINSTON SALEM,4,Abril,30,2022,17,16,US-311 MLK JR DR,2,US Highway,Urbano,Arterial Principal -Freeway o ExpressWay,State Highway Agency,1,Sin jurisdiccion especial,0,36.10528611,-80.23505278,Vehiculo en movimiento,Frente a frente,"Five Point, or More",5 Puntos o mas,Sobre calle,Ninguna,Dia total,Despejado,No,NO APLICA,17,22,17,25,1,30/04/2022,3
37,North Carolina,370406,0,0,2,0,71,GASTON (71),0,NO APLICA,4,Abril,17,2022,10,34,CHAPEL GROVE RD,8,Otro,Rural,Colector Mayor,Other State Agency,0,Sin jurisdiccion especial,27,35.22387778,-81.24446944,Vehiculo en movimiento,Frente a frente,Not an Intersection,No fue interseccion,Sobre calle,Ninguna,Dia total,Despejado,No,NO APLICA,99,99,99,99,1,17/04/2022,2
37,North Carolina,370407,0,0,2,0,75,GRAHAM (75),3880,ROBBINSVILLE,4,Abril,20,2022,20,21,US-129 RODNEY ORR BYPASS,2,US Highway,Urbano,Arteria Principal,State Highway Agency,0,Sin jurisdiccion especial,99998,35.32158611,-83.80286111,Vehiculo en movimiento,Frente a frente,T-Intersection,Interseccion de T,Sobre calle,Ninguna,Atardecer,Despejado,No,NO APLICA,20,16,20,18,1,20/04/2022,4
37,North Carolina,370408,0,0,2,0,81,GUILFORD (81),1940,GREENSBORO,4,Abril,12,2022,6,54,I-40 BUS,1,Interestatal,Urbano,Interestatal,State Highway Agency,1,Sin jurisdiccion especial,2080,36.09131944,-79.99408056,Vehiculo en movimiento,Golpe Lateral - misma direccion,Not an Intersection,No fue interseccion,Sobre calle,Ninguna,Amanecer,Despejado,No,NO APLICA,6,54,7,4,1,12/04/2022,2
37,North Carolina,370409,0,0,2,0,81,GUILFORD (81),1940,GREENSBORO,4,Abril,22,2022,8,5,W MARKET ST,6,Calle Local Municipalidad,Urbano,Arteria Menor,City or Municipal Highway Agency,9,Sin jurisdiccion especial,99998,77.7777,777.7777,Vehiculo en movimiento,Angulo,Four-Way Intersection,Interseccion de 4 direcciones,Sobre calle,Ninguna,Dia total,Despejado,No,NO APLICA,8,13,8,20,1,22/04/2022,2
37,North Carolina,370410,0,0,2,0,83,HALIFAX (83),0,NO APLICA,4,Abril,23,2022,22,13,US-158,2,US Highway,Rural,Arteria Principal,State Highway Agency,1,Sin jurisdiccion especial,99998,36.45081944,-77.77741944,Vehiculo en movimiento,Frente a frente,Not an Intersection,No fue interseccion,Sobre calle,Ninguna,Oscuro sin iluminacion,Despejado,No,NO APLICA,22,6,22,17,1,23/04/2022,4
37,North Carolina,370411,0,0,2,0,101,JOHNSTON (101),0,NO APLICA,4,Abril,29,2022,16,57,I-95,1,Interestatal,Rural,Interestatal,State Highway Agency,1,Sin jurisdiccion especial,830,77.7777,777.7777,Vehiculo en movimiento,Angulo,Not an Intersection,No fue interseccion,Sobre calle,Ninguna,Dia total,Despejado,No,NO APLICA,99,99,99,99,1,29/04/2022,2
37,North Carolina,370412,0,0,2,0,105,LEE (105),0,NO APLICA,4,Abril,19,2022,9,3,US-421,2,US Highway,Rural,Arteria Principal,State Highway Agency,1,Sin jurisdiccion especial,99998,35.43841389,-79.06688611,Vehiculo en movimiento,Angulo,Four-Way Intersection,Interseccion de 4 direcciones,Sobre calle,Ninguna,Dia total,Despejado,No,NO APLICA,99,99,99,99,1,19/04/2022,2
37,North Carolina,370413,0,0,2,0,115,MADISON (115),0,NO APLICA,4,Abril,17,2022,16,23,SR-1502 PUNCHEON RD,3,Highway estatal,Rural,Local,State Highway Agency,9,Sin jurisdiccion especial,99998,35.93507778,-82.5317,Vehiculo en movimiento,Frente a frente,Not an Intersection,No fue interseccion,Sobre calle,Ninguna,Dia total,Nublado,No,NO APLICA,16,38,17,5,1,17/04/2022,5
37,North Carolina,370414,0,0,3,0,119,MECKLENBURG (119),870,CHARLOTTE,4,Abril,17,2022,8,47,I-485,1,Interestatal,Urbano,Interestatal,State Highway Agency,1,Sin jurisdiccion especial,496,35.28775556,-80.96475278,Vehiculo en movimiento,Frente a Detrás,Not an Intersection,No fue interseccion,Sobre calle,Ninguna,Dia total,Despejado,No,NO APLICA,8,46,8,55,1,17/04/2022,3
37,North Carolina,370415,0,0,2,0,119,MECKLENBURG (119),870,CHARLOTTE,4,Abril,30,2022,20,10,E MALLARD CREEK CHURCH RD,6,Calle Local Municipalidad,Urbano,Local,City or Municipal Highway Agency,9,Sin jurisdiccion especial,99998,35.31869722,-80.72958056,Vehiculo en movimiento,Angulo,Four-Way Intersection,Interseccion de 4 direcciones,Sobre calle,Ninguna,Dia total,Despejado,No,NO APLICA,20,10,20,19,1,30/04/2022,2
37,North Carolina,370416,0,0,2,0,133,ONSLOW (133),0,NO APLICA,4,Abril,21,2022,14,42,SR-53 BURGAW HWY,3,Highway estatal,Urbano,Arteria Menor,State Highway Agency,9,Sin jurisdiccion especial,99998,34.74165278,-77.49820833,Vehiculo en movimiento,Angulo,T-Intersection,Interseccion de T,Sobre calle,Ninguna,Dia total,Despejado,No,NO APLICA,14,43,14,46,1,21/04/2022,2
37,North Carolina,370417,0,0,2,0,133,ONSLOW (133),0,NO APLICA,4,Abril,13,2022,21,42,US-25 KINSTON HWY,2,US Highway,Rural,Arteria Principal,State Highway Agency,1,Sin jurisdiccion especial,99998,34.90954722,-77.56916389,Vehiculo en movimiento,Angulo,T-Intersection,Interseccion de T,Sobre calle,Ninguna,Oscuro sin iluminacion,Despejado,No,NO APLICA,21,38,21,42,1,13/04/2022,4
37,North Carolina,370418,0,0,2,0,151,RANDOLPH (151),4640,TRINITY,4,Abril,11,2022,20,10,SURRETT DR,9,Desconocido,Urbano,Colector Mayor,State Highway Agency,0,Sin jurisdiccion especial,22,35.89855278,-80.00056667,Vehiculo en movimiento,Frente a frente,T-Intersection,Interseccion de T,Sobre calle,Ninguna,Oscuro con iluminacion,Despejado,No,NO APLICA,20,9,20,19,1,11/04/2022,2
37,North Carolina,370419,0,0,2,0,151,RANDOLPH (151),0,NO APLICA,4,Abril,15,2022,18,19,OLD NC HWY 49,6,Calle Local Municipalidad,Rural,Colector Mayor,State Highway Agency,0,Sin jurisdiccion especial,86,35.679625,-79.87033056,Vehiculo en movimiento,Frente a frente,Not an Intersection,No fue interseccion,Sobre calle,Ninguna,Dia total,Despejado,No,NO APLICA,18,14,18,20,1,15/04/2022,2
37,North Carolina,370420,0,0,3,0,159,ROWAN (159),0,NO APLICA,4,Abril,30,2022,2,43,I-85,1,Interestatal,Rural,Interestatal,State Highway Agency,1,Sin jurisdiccion especial,33,35.54959722,-80.57149444,Vehiculo en movimiento,Frente a Detrás,Not an Intersection,No fue interseccion,Sobre calle,Ninguna,Oscuro sin iluminacion,Despejado,No,NO APLICA,99,99,99,99,1,30/04/2022,6
37,North Carolina,370421,0,0,2,0,167,STANLY (167),0,NO APLICA,4,Abril,9,2022,12,19,SR-740,3,Highway estatal,Rural,Colector Mayor,State Highway Agency,0,Sin jurisdiccion especial,34,35.38685,-80.13171667,Vehiculo en movimiento,Golpe Lateral - direccion contraria,Not an Intersection,No fue interseccion,Sobre calle,Ninguna,Dia total,Nublado,No,NO APLICA,12,15,12,21,2,09/04/2022,4
37,North Carolina,370422,1,1,2,0,171,SURRY (171),0,NO APLICA,4,Abril,5,2022,1,30,US-52,2,US Highway,Rural,Arterial Principal -Freeway o ExpressWay,State Highway Agency,1,Sin jurisdiccion especial,205,36.32911944,-80.45152778,Peaton,El primer evento no fue una colision con un vehiculo automotor en transporte,Not an Intersection,No fue interseccion,Sobre calle,Ninguna,Oscuro sin iluminacion,Despejado,No,NO APLICA,1,37,1,45,1,05/04/2022,1
37,North Carolina,370423,0,0,2,0,179,UNION (179),0,NO APLICA,4,Abril,20,2022,14,48,PARKWOOD SCHOOL RD,8,Otro,Rural,Colector Menor,Other State Agency,0,Sin jurisdiccion especial,67,34.90154167,-80.67753056,Vehiculo en movimiento,Angulo,Four-Way Intersection,Interseccion de 4 direcciones,Sobre calle,Ninguna,Dia total,Despejado,No,NO APLICA,99,99,99,99,1,20/04/2022,5
37,North Carolina,370424,0,0,2,0,181,VANCE (181),0,NO APLICA,4,Abril,18,2022,9,20,SSR-1126 POPLAR CREEK RD,8,Otro,Rural,Colector Menor,State Highway Agency,0,Sin jurisdiccion especial,7,36.32002778,-78.49041389,Vehiculo en movimiento,Angulo,Not an Intersection,No fue interseccion,Sobre calle,Ninguna,Dia total,lluvia,No,NO APLICA,9,19,9,27,1,18/04/2022,2
37,North Carolina,370425,0,0,2,0,183,WAKE (183),0,NO APLICA,4,Abril,6,2022,9,8,RAND RD,6,Calle Local Municipalidad,Rural,Local,State Highway Agency,0,Sin jurisdiccion especial,10,35.65495556,-78.6309,Vehiculo en movimiento,Frente a frente,Not an Intersection,No fue interseccion,Sobre calle,Ninguna,Dia total,Despejado,No,NO APLICA,9,3,9,11,1,06/04/2022,3
37,North Carolina,370426,1,1,2,0,183,WAKE (183),3750,RALEIGH,4,Abril,20,2022,3,55,I-440,1,Interestatal,Urbano,Interestatal,State Highway Agency,1,Sin jurisdiccion especial,121,35.81558333,-78.69085278,Peaton,El primer evento no fue una colision con un vehiculo automotor en transporte,Not an Intersection,No fue interseccion,Sobre calle,Ninguna,Oscuro sin iluminacion,Despejado,No,NO APLICA,3,56,4,3,1,20/04/2022,3
37,North Carolina,370427,0,0,2,0,183,WAKE (183),3750,RALEIGH,4,Abril,28,2022,17,27,MAYBROOK DR,6,Calle Local Municipalidad,Urbano,Local,State Highway Agency,0,Sin jurisdiccion especial,3,35.75558056,-78.55368889,Vehiculo en movimiento,Frente a frente,Not an Intersection,No fue interseccion,Sobre calle,Ninguna,Dia total,Despejado,No,NO APLICA,17,28,17,35,1,28/04/2022,2
37,North Carolina,370428,0,0,2,0,191,WAYNE (191),0,NO APLICA,4,Abril,9,2022,4,31,US-13,2,US Highway,Rural,Arteria Menor,State Highway Agency,0,Sin jurisdiccion especial,99998,35.283025,-78.26013889,Vehiculo en movimiento,Frente a frente,Not an Intersection,No fue interseccion,Sobre calle,Ninguna,Oscuro sin iluminacion,Despejado,No,NO APLICA,0,7,0,22,1,09/04/2022,2
37,North Carolina,370429,0,0,3,0,193,WILKES (193),5040,WILKESBORO,4,Abril,8,2022,18,43,US-421,2,US Highway,Urbano,Arteria Principal,State Highway Agency,1,Sin jurisdiccion especial,99998,36.14988611,-81.20389444,Vehiculo en movimiento,Angulo,Four-Way Intersection,Interseccion de 4 direcciones,Sobre calle,Ninguna,Dia total,Nublado,No,NO APLICA,19,53,20,3,1,08/04/2022,4
37,North Carolina,370430,1,1,1,0,153,RICHMOND (153),0,NO APLICA,4,Abril,4,2022,7,57,SR-1803,3,Highway estatal,Rural,Arteria Menor,State Highway Agency,9,Sin jurisdiccion especial,99999,34.82013611,-79.70818889,No vehiculo o remolque,El primer evento no fue una colision con un vehiculo automotor en transporte,Not an Intersection,No fue interseccion,Sobre calle,Ninguna,Dia total,Despejado,No,NO APLICA,99,99,99,99,1,04/04/2022,1
37,North Carolina,370431,0,0,2,0,1,ALAMANCE (1),0,NO APLICA,5,Mayo,28,2022,16,52,SR-87,3,Highway estatal,Urbano,Arteria Principal,State Highway Agency,9,Sin jurisdiccion especial,99998,77.7777,777.7777,Vehiculo en movimiento,Angulo,Not an Intersection,No fue interseccion,Sobre calle,Ninguna,Dia total,Despejado,No,NO APLICA,16,47,16,56,2,28/05/2022,3
37,North Carolina,370432,0,0,1,0,7,ANSON (7),3160,MORVEN,5,Mayo,8,2022,7,13,N COX AVE,9,Desconocido,Urbano,Local,State Highway Agency,0,Sin jurisdiccion especial,8,34.86585556,-79.99823889,Zanja,El primer evento no fue una colision con un vehiculo automotor en transporte,Not an Intersection,No fue interseccion,Sobre el lado de la calle,Ninguna,Dia total,Despejado,No,NO APLICA,7,12,7,24,1,08/05/2022,1
37,North Carolina,370433,0,0,1,0,13,BEAUFORT (13),0,NO APLICA,5,Mayo,23,2022,16,8,SR-33,3,Highway estatal,Rural,Colector Mayor,State Highway Agency,0,Sin jurisdiccion especial,141,35.296625,-76.85413333,Zanja,El primer evento no fue una colision con un vehiculo automotor en transporte,Not an Intersection,No fue interseccion,Sobre el lado de la calle,Ninguna,Dia total,Nublado,No,NO APLICA,16,13,16,35,2,23/05/2022,8
37,North Carolina,370434,0,0,1,0,15,BERTIE (15),0,NO APLICA,5,Mayo,18,2022,23,13,SR-308,3,Highway estatal,Rural,Colector Mayor,State Highway Agency,0,Sin jurisdiccion especial,179,36.01818611,-76.98050278,Poste,El primer evento no fue una colision con un vehiculo automotor en transporte,Not an Intersection,No fue interseccion,Sobre el lado de la calle,Ninguna,Oscuro sin iluminacion,Despejado,No,NO APLICA,23,11,23,15,1,18/05/2022,1
37,North Carolina,370435,0,0,1,0,17,BLADEN (17),0,NO APLICA,5,Mayo,26,2022,21,56,PAGE LAKE RD,6,Calle Local Municipalidad,Rural,Local,State Highway Agency,0,Sin jurisdiccion especial,3,34.80908889,-78.877475,Zanja,El primer evento no fue una colision con un vehiculo automotor en transporte,Not an Intersection,No fue interseccion,Sobre el lado de la calle,Ninguna,Oscuro sin iluminacion,Despejado,No,NO APLICA,99,99,99,99,1,26/05/2022,1
37,North Carolina,370436,0,0,1,0,21,BUNCOMBE (21),170,ASHEVILLE,5,Mayo,21,2022,0,43,US-25,2,US Highway,Urbano,Arteria Principal,State Highway Agency,1,Sin jurisdiccion especial,22,35.47560833,-82.52287222,Volcadura,El primer evento no fue una colision con un vehiculo automotor en transporte,Not an Intersection,No fue interseccion,Sobre calle,Ninguna,Oscuro con iluminacion,Despejado,No,NO APLICA,2,16,2,23,1,21/05/2022,1
37,North Carolina,370437,1,1,1,0,25,CABARRUS (25),1040,CONCORD,5,Mayo,3,2022,17,30,US-29,2,US Highway,Urbano,Arteria Principal,State Highway Agency,1,Sin jurisdiccion especial,44,35.44173333,-80.60831667,Peaton,El primer evento no fue una colision con un vehiculo automotor en transporte,"Five Point, or More",5 Puntos o mas,Sobre calle,Ninguna,Dia total,Despejado,No,NO APLICA,17,29,17,30,1,03/05/2022,1
37,North Carolina,370438,1,1,1,0,25,CABARRUS (25),1040,CONCORD,5,Mayo,7,2022,20,42,WEDDINGTON RD,9,Desconocido,Urbano,Colector Mayor,State Highway Agency,0,Sin jurisdiccion especial,4,35.4002,-80.63477778,Peaton,El primer evento no fue una colision con un vehiculo automotor en transporte,Not an Intersection,No fue interseccion,Sobre calle,Ninguna,Oscuro con iluminacion,Despejado,No,NO APLICA,20,43,20,50,1,07/05/2022,2
37,North Carolina,370439,0,0,1,0,27,CALDWELL (27),0,NO APLICA,5,Mayo,8,2022,0,42,ABINGTON RD NW,6,Calle Local Municipalidad,Rural,Colector Mayor,State Highway Agency,0,Sin jurisdiccion especial,47,35.90838611,-81.59458611,Arbol,El primer evento no fue una colision con un vehiculo automotor en transporte,Not an Intersection,No fue interseccion,Fuera de la calle,Ninguna,Oscuro sin iluminacion,lluvia,No,NO APLICA,99,99,99,99,1,08/05/2022,3
37,North Carolina,370440,0,0,2,0,23,BURKE (23),0,NO APLICA,5,Mayo,3,2022,19,21,US-321,2,US Highway,Rural,Arteria Principal,State Highway Agency,1,Sin jurisdiccion especial,1,35.75428333,-81.37350278,Vehiculo en movimiento,Frente a Detrás,Not an Intersection,No fue interseccion,Sobre calle,Construccion,Dia total,Despejado,No,NO APLICA,99,99,99,99,1,03/05/2022,2
37,North Carolina,370441,0,0,2,0,27,CALDWELL (27),0,NO APLICA,5,Mayo,26,2022,12,13,UNION GROVE RD,6,Calle Local Municipalidad,Rural,Local,State Highway Agency,0,Sin jurisdiccion especial,38,35.83435556,-81.54700556,Vehiculo en movimiento,Frente a frente,Not an Intersection,No fue interseccion,Sobre calle,Ninguna,Dia total,lluvia,No,NO APLICA,99,99,99,99,1,26/05/2022,2
37,North Carolina,370442,0,0,1,0,31,CARTERET (31),0,NO APLICA,5,Mayo,7,2022,18,54,US-70,2,US Highway,Rural,Arteria Principal,State Highway Agency,1,Sin jurisdiccion especial,245,34.78988056,-76.60273056,Otro objeto (fijo),El primer evento no fue una colision con un vehiculo automotor en transporte,Not an Intersection,No fue interseccion,Sobre el lado de la calle,Ninguna,Dia total,lluvia,No,NO APLICA,99,99,99,99,1,07/05/2022,1
37,North Carolina,370443,0,0,2,0,35,CATAWBA (35),0,NO APLICA,5,Mayo,23,2022,8,15,OXFORD SCHOOL RD,8,Otro,Rural,Colector Menor,Other State Agency,0,Sin jurisdiccion especial,17,35.77134167,-81.14904722,Vehiculo en movimiento,Angulo,Four-Way Intersection,Interseccion de 4 direcciones,Sobre calle,Ninguna,Dia total,Despejado,No,NO APLICA,8,15,8,21,1,23/05/2022,5
37,North Carolina,370444,0,0,1,0,39,CHEROKEE (39),0,NO APLICA,5,Mayo,26,2022,12,50,SR-60,3,Highway estatal,Rural,Colector Mayor,State Highway Agency,0,Sin jurisdiccion especial,46,35.02342778,-84.11564167,Zanja,El primer evento no fue una colision con un vehiculo automotor en transporte,Not an Intersection,No fue interseccion,Sobre el lado de la calle,Ninguna,Dia total,Nublado,No,NO APLICA,99,99,99,99,1,26/05/2022,1
37,North Carolina,370445,0,0,2,0,45,CLEVELAND (45),0,NO APLICA,5,Mayo,19,2022,18,40,NC-150,8,Otro,Rural,Local,County Highway Agency,0,Sin jurisdiccion especial,16,35.20343611,-81.66513056,Vehiculo en movimiento,Angulo,T-Intersection,Interseccion de T,Sobre calle,Ninguna,Dia total,Despejado,No,NO APLICA,99,99,99,99,1,19/05/2022,4
37,North Carolina,370446,0,0,2,0,47,COLUMBUS (47),0,NO APLICA,5,Mayo,11,2022,7,19,US-701,2,US Highway,Rural,Arteria Menor,State Highway Agency,0,Sin jurisdiccion especial,69,34.18785556,-78.77894722,Vehiculo en movimiento,Frente a frente,Not an Intersection,No fue interseccion,Sobre calle,Ninguna,Dia total,Despejado,No,NO APLICA,99,99,99,99,2,11/05/2022,3
37,North Carolina,370447,0,0,1,0,47,COLUMBUS (47),0,NO APLICA,5,Mayo,31,2022,19,19,OLD 74,9,Desconocido,Rural,Local,State Highway Agency,0,Sin jurisdiccion especial,13,34.42777778,-78.93636389,Volcadura,El primer evento no fue una colision con un vehiculo automotor en transporte,Not an Intersection,No fue interseccion,Sobre el lado de la calle,Ninguna,Dia total,Despejado,No,NO APLICA,19,15,19,26,1,31/05/2022,2
37,North Carolina,370448,0,0,2,0,49,CRAVEN (49),0,NO APLICA,5,Mayo,7,2022,15,22,SR-55,3,Highway estatal,Rural,Arterial Principal -Freeway o ExpressWay,State Highway Agency,0,Sin jurisdiccion especial,343,35.11281667,-77.01014167,Vehiculo en movimiento,Frente a Detrás,Not an Intersection,No fue interseccion,Sobre calle,Ninguna,Dia total,Despejado,No,NO APLICA,99,99,99,99,1,07/05/2022,4
37,North Carolina,370449,1,1,1,0,51,CUMBERLAND (51),0,NO APLICA,5,Mayo,17,2022,14,54,CUMBERLAND RD,6,Calle Local Municipalidad,Rural,Arteria Menor,State Highway Agency,0,Sin jurisdiccion especial,26,35.01478611,-78.93298889,Peaton,El primer evento no fue una colision con un vehiculo automotor en transporte,Not an Intersection,No fue interseccion,Sobre calle,Ninguna,Dia total,Despejado,No,NO APLICA,99,99,99,99,1,17/05/2022,1
37,North Carolina,370450,0,0,1,0,51,CUMBERLAND (51),0,NO APLICA,5,Mayo,11,2022,12,11,SR-53,3,Highway estatal,Rural,Colector Mayor,County Highway Agency,0,Sin jurisdiccion especial,30,99.9999,999.9999,Buzon de correo,El primer evento no fue una colision con un vehiculo automotor en transporte,Not an Intersection,No fue interseccion,Sobre el lado de la calle,Ninguna,Dia total,Despejado,No,NO APLICA,99,99,99,99,1,11/05/2022,1
37,North Carolina,370451,0,0,3,0,53,CURRITUCK (53),0,NO APLICA,5,Mayo,23,2022,6,2,US-158,2,US Highway,Rural,Arteria Menor,State Highway Agency,1,Sin jurisdiccion especial,99998,36.14960833,-75.85276389,Vehiculo en movimiento,Frente a frente,Not an Intersection,No fue interseccion,Sobre calle,Mantenimiento,Dia total,Despejado,No,NO APLICA,99,99,99,99,1,23/05/2022,3
37,North Carolina,370452,0,0,2,0,57,DAVIDSON (57),0,NO APLICA,5,Mayo,6,2022,13,21,SR-109,3,Highway estatal,Rural,Arteria Menor,State Highway Agency,9,Sin jurisdiccion especial,99998,35.66329444,-80.10023889,Vehiculo en movimiento,Angulo,Four-Way Intersection,Interseccion de 4 direcciones,Sobre calle,Ninguna,Dia total,Despejado,No,NO APLICA,13,20,13,29,1,06/05/2022,2