Estado,Nombre de Estado,Numero de Caso,Peatones,Personas _no_vehiculos,Vehiculos automotores,Vehiculos estacionados,Condado,Nombre Condado,Ciudad,Nombre Ciudad,Mes,Nombre Mes,Dia,Año,Hora,Minuto,Calle,Ruta,Nombre Ruta,Rural o Urbanoo,Sistema Funcional,Dueño Calle,Sistema Nacional Carreteras,Jurisdiccion Especial,Milla,Latitud,Longitud,Causa del Accidente,Tipo de Accidente,Tipo Interseccion,Columna1,Lugar en la calle,Zona de Trabajo,Luz,Clima,Autobus Escolar,Cruce de Trenes,Hora Notificacion,Minuto Notificacion,Hora Llegada,Minuto Llegada,Decesos,Fecha,PersonaVehiculo
37,North Carolina,370453,0,0,4,0,59,DAVIE (59),0,NO APLICA,5,Mayo,7,2022,11,41,I-40,1,Interestatal,Rural,Interestatal,State Highway Agency,1,Sin jurisdiccion especial,99998,35.95754722,-80.53070833,Vehiculo en movimiento,Frente a Detrás,Not an Intersection,No fue interseccion,Sobre calle,Construccion,Dia total,Nublado,No,NO APLICA,99,99,99,99,1,07/05/2022,6
37,North Carolina,370454,0,0,3,0,59,DAVIE (59),0,NO APLICA,5,Mayo,1,2022,13,6,I-40,1,Interestatal,Rural,Interestatal,State Highway Agency,1,Sin jurisdiccion especial,99998,77.7777,777.7777,Vehiculo en movimiento,Frente a Detrás,Not an Intersection,No fue interseccion,Sobre calle,Construccion,Dia total,Despejado,No,NO APLICA,99,99,99,99,2,01/05/2022,9
37,North Carolina,370455,0,0,1,0,59,DAVIE (59),0,NO APLICA,5,Mayo,4,2022,6,26,SR-1410,3,Highway estatal,Rural,Colector Mayor,State Highway Agency,9,Sin jurisdiccion especial,99998,35.99483056,-80.53276667,Otro objeto (fijo),El primer evento no fue una colision con un vehiculo automotor en transporte,Not an Intersection,No fue interseccion,Sobre el lado de la calle,Ninguna,Oscuro sin iluminacion,Despejado,No,NO APLICA,6,24,6,30,1,04/05/2022,1
37,North Carolina,370456,0,0,1,0,59,DAVIE (59),0,NO APLICA,5,Mayo,14,2022,14,59,SR-1811,3,Highway estatal,Rural,Local,State Highway Agency,9,Sin jurisdiccion especial,99998,35.86933611,-80.45323611,Zanja,El primer evento no fue una colision con un vehiculo automotor en transporte,Not an Intersection,No fue interseccion,Sobre el lado de la calle,Ninguna,Dia total,Despejado,No,NO APLICA,14,58,15,7,1,14/05/2022,1
37,North Carolina,370457,0,0,2,0,61,DUPLIN (61),0,NO APLICA,5,Mayo,12,2022,16,35,US-117,2,US Highway,Rural,Colector Mayor,State Highway Agency,0,Sin jurisdiccion especial,99998,34.87291667,-78.04215,Vehiculo en movimiento,Frente a frente,Not an Intersection,No fue interseccion,Sobre calle,Ninguna,Dia total,Despejado,Yes,NO APLICA,99,99,99,99,1,12/05/2022,2
37,North Carolina,370458,0,0,2,0,63,DURHAM (63),1360,DURHAM,5,Mayo,21,2022,21,26,SR-157,3,Highway estatal,Rural,Arteria Menor,State Highway Agency,0,Sin jurisdiccion especial,99998,36.07158889,-78.93501111,Vehiculo en movimiento,Golpe Lateral - misma direccion,Not an Intersection,No fue interseccion,Sobre calle,Ninguna,Oscuro con iluminacion,Despejado,No,NO APLICA,21,21,21,28,1,21/05/2022,3
37,North Carolina,370459,0,0,1,0,63,DURHAM (63),0,NO APLICA,5,Mayo,27,2022,7,0,SR-147,3,Highway estatal,Urbano,Arterial Principal -Freeway o ExpressWay,State Highway Agency,1,Sin jurisdiccion especial,99998,35.91838333,-78.86187222,Arbol,El primer evento no fue una colision con un vehiculo automotor en transporte,Not an Intersection,No fue interseccion,Sobre el lado de la calle,Ninguna,Dia total,Nublado,No,NO APLICA,99,99,99,99,1,27/05/2022,1
37,North Carolina,370460,0,0,2,0,67,FORSYTH (67),5120,WINSTON SALEM,5,Mayo,19,2022,13,10,UNIVERSITY PARKWAY,6,Calle Local Municipalidad,Urbano,Arteria Principal,State Highway Agency,1,Sin jurisdiccion especial,99998,36.13208889,-80.26342222,Vehiculo en movimiento,Frente a Detrás,Not an Intersection,No fue interseccion,Sobre calle,Ninguna,Dia total,Despejado,No,NO APLICA,13,12,13,20,1,19/05/2022,4
37,North Carolina,370461,0,0,2,0,69,FRANKLIN (69),0,NO APLICA,5,Mayo,1,2022,18,1,SR-1109 TIMBERLAKE RD,3,Highway estatal,Rural,Local,State Highway Agency,9,Sin jurisdiccion especial,99998,36.05618333,-78.37072222,Vehiculo en movimiento,Frente a frente,Not an Intersection,No fue interseccion,Sobre calle,Ninguna,Dia total,Despejado,No,NO APLICA,17,56,18,8,2,01/05/2022,3
37,North Carolina,370462,0,0,1,0,69,FRANKLIN (69),0,NO APLICA,5,Mayo,18,2022,22,15,HOWARD TANT RD,8,Otro,Rural,Local,Other State Agency,0,Sin jurisdiccion especial,11,35.93118333,-78.23886389,Buzon de correo,El primer evento no fue una colision con un vehiculo automotor en transporte,Not an Intersection,No fue interseccion,Sobre el lado de la calle,Ninguna,Oscuro sin iluminacion,Despejado,No,NO APLICA,99,99,99,99,2,18/05/2022,2
37,North Carolina,370463,1,1,1,0,69,FRANKLIN (69),0,NO APLICA,5,Mayo,20,2022,20,56,SR-56,3,Highway estatal,Rural,Arteria Menor,State Highway Agency,9,Sin jurisdiccion especial,99998,36.08913611,-78.24623611,Peaton,El primer evento no fue una colision con un vehiculo automotor en transporte,Not an Intersection,No fue interseccion,Sobre Acotamiento,Ninguna,Oscuro sin iluminacion,Despejado,No,NO APLICA,99,99,99,99,1,20/05/2022,2
37,North Carolina,370464,0,0,1,0,71,GASTON (71),0,NO APLICA,5,Mayo,21,2022,11,22,LONG SHOALS RD,8,Otro,Rural,Colector Menor,Other State Agency,0,Sin jurisdiccion especial,5,35.36477778,-81.26199444,Muro,El primer evento no fue una colision con un vehiculo automotor en transporte,Not an Intersection,No fue interseccion,Sobre el lado de la calle,Ninguna,Dia total,Despejado,No,NO APLICA,99,99,99,99,1,21/05/2022,1
37,North Carolina,370465,0,0,1,0,73,GATES (73),0,NO APLICA,5,Mayo,22,2022,8,45,JOPPA-GAT CNTY RD,8,Otro,Rural,Local,Other State Agency,0,Sin jurisdiccion especial,10,36.35603056,-76.56570556,Zanja,El primer evento no fue una colision con un vehiculo automotor en transporte,Not an Intersection,No fue interseccion,Sobre el lado de la calle,Ninguna,Oscuro sin iluminacion,Despejado,No,NO APLICA,99,99,99,99,1,22/05/2022,1
37,North Carolina,370466,0,0,1,0,77,GRANVILLE (77),0,NO APLICA,5,Mayo,20,2022,8,45,MOSS-HAYES RD,8,Otro,Rural,Local,Other State Agency,0,Sin jurisdiccion especial,18,36.14506111,-78.64961944,Arbol,El primer evento no fue una colision con un vehiculo automotor en transporte,Not an Intersection,No fue interseccion,Fuera de la calle,Ninguna,Dia total,Despejado,No,NO APLICA,99,99,99,99,1,20/05/2022,3
37,North Carolina,370467,0,0,2,0,101,JOHNSTON (101),0,NO APLICA,5,Mayo,2,2022,12,14,US-70,2,US Highway,Rural,Arteria Menor,State Highway Agency,0,Sin jurisdiccion especial,104,35.56586944,-78.39254444,Vehiculo en movimiento,Angulo,"Five Point, or More",5 Puntos o mas,Sobre calle,Ninguna,Dia total,Despejado,No,NO APLICA,99,99,99,99,1,02/05/2022,2
37,North Carolina,370468,0,0,2,0,81,GUILFORD (81),1940,GREENSBORO,5,Mayo,3,2022,22,45,INDUSTRIAL AV,9,Desconocido,Urbano,Local,State Highway Agency,0,Sin jurisdiccion especial,0,36.02906944,-79.78116667,Vehiculo en movimiento,Angulo,T-Intersection,Interseccion de T,Sobre calle,Ninguna,Oscuro con iluminacion,Nublado,No,NO APLICA,22,46,22,53,1,03/05/2022,2
37,North Carolina,370469,1,1,1,0,81,GUILFORD (81),1940,GREENSBORO,5,Mayo,9,2022,8,43,US-29 BUS,2,US Highway,Urbano,Arterial Principal -Freeway o ExpressWay,State Highway Agency,1,Sin jurisdiccion especial,155,36.04690833,-79.77012778,Peaton,El primer evento no fue una colision con un vehiculo automotor en transporte,Not an Intersection,No fue interseccion,Sobre calle,Ninguna,Dia total,Despejado,No,NO APLICA,8,48,8,48,1,09/05/2022,1
37,North Carolina,370470,0,0,2,0,81,GUILFORD (81),0,NO APLICA,5,Mayo,14,2022,7,20,OLD RANDLEMAN RD,9,Desconocido,Rural,Colector Mayor,State Highway Agency,0,Sin jurisdiccion especial,26,35.96476111,-79.82943889,Buzon de correo,El primer evento no fue una colision con un vehiculo automotor en transporte,Not an Intersection,No fue interseccion,Sobre el lado de la calle,Ninguna,Dia total,lluvia,No,NO APLICA,7,21,7,33,1,14/05/2022,2
37,North Carolina,370471,0,0,2,0,81,GUILFORD (81),1940,GREENSBORO,5,Mayo,8,2022,11,43,E GATE CITY BLVD,9,Desconocido,Urbano,Colector Mayor,State Highway Agency,0,Sin jurisdiccion especial,0,36.06146944,-79.75753333,Vehiculo en movimiento,Angulo,"Five Point, or More",5 Puntos o mas,Sobre calle,Ninguna,Dia total,Nublado,No,NO APLICA,12,5,12,12,1,08/05/2022,2
37,North Carolina,370472,2,2,2,0,81,GUILFORD (81),1940,GREENSBORO,5,Mayo,29,2022,1,35,US-29 BUS,2,US Highway,Urbano,Arterial Principal -Freeway o ExpressWay,State Highway Agency,1,Sin jurisdiccion especial,181,36.06475,-79.76690833,Vehiculo en movimiento,Frente a Detrás,Not an Intersection,No fue interseccion,Sobre calle,Ninguna,Oscuro sin iluminacion,Despejado,No,NO APLICA,1,35,1,40,2,29/05/2022,2
37,North Carolina,370474,0,0,1,0,85,HARNETT (85),0,NO APLICA,5,Mayo,5,2022,2,11,ELLIOTT BRIDGE RD,8,Otro,Rural,Colector Menor,Other State Agency,0,Sin jurisdiccion especial,51,35.24867778,-78.8735,Poste de Señal de trafico,El primer evento no fue una colision con un vehiculo automotor en transporte,Not an Intersection,No fue interseccion,Sobre el lado de la calle,Ninguna,Oscuro sin iluminacion,lluvia,No,NO APLICA,99,99,99,99,1,05/05/2022,2
37,North Carolina,370475,0,0,2,0,85,HARNETT (85),0,NO APLICA,5,Mayo,6,2022,12,22,LEMUEL BLACK RD,8,Otro,Rural,Local,Other State Agency,0,Sin jurisdiccion especial,38,35.29919167,-78.97486111,Vehiculo en movimiento,Angulo,T-Intersection,Interseccion de T,Sobre calle,Ninguna,Dia total,Despejado,No,NO APLICA,99,99,99,99,1,06/05/2022,2
37,North Carolina,370476,1,1,1,0,85,HARNETT (85),0,NO APLICA,5,Mayo,19,2022,1,54,I-95,1,Interestatal,Rural,Interestatal,State Highway Agency,1,Sin jurisdiccion especial,18,35.33197222,-78.56349722,Peaton,El primer evento no fue una colision con un vehiculo automotor en transporte,Not an Intersection,No fue interseccion,Sobre calle,"Zona de trabajo, tipo desconocido",Oscuro sin iluminacion,Neblina o Humo,No,NO APLICA,99,99,99,99,1,19/05/2022,1
37,North Carolina,370477,0,0,2,0,97,IREDELL (97),0,NO APLICA,5,Mayo,18,2022,17,44,RIMROCK RD,9,Desconocido,Rural,Local,Not Reported,0,Sin jurisdiccion especial,7,35.91908611,-80.73452222,Vehiculo en movimiento,Frente a frente,Not an Intersection,No fue interseccion,Sobre calle,Ninguna,Dia total,Despejado,No,NO APLICA,17,42,17,52,1,18/05/2022,4
37,North Carolina,370478,0,0,2,0,99,JACKSON (99),0,NO APLICA,5,Mayo,9,2022,13,27,US-74,2,US Highway,Rural,Arteria Principal,State Highway Agency,1,Sin jurisdiccion especial,51,35.40054444,-83.29181667,Vehiculo en movimiento,Frente a frente,Not an Intersection,No fue interseccion,Sobre calle,Ninguna,Dia total,Despejado,No,NO APLICA,13,20,13,24,1,09/05/2022,2
37,North Carolina,370479,0,0,2,0,101,JOHNSTON (101),0,NO APLICA,5,Mayo,21,2022,2,46,I-95,1,Interestatal,Rural,Interestatal,State Highway Agency,1,Sin jurisdiccion especial,297,35.59979167,-78.13101111,Vehiculo en movimiento,Frente a frente,Not an Intersection,No fue interseccion,Sobre calle,Ninguna,Oscuro sin iluminacion,Despejado,No,NO APLICA,99,99,99,99,1,21/05/2022,3
37,North Carolina,370480,0,0,1,0,101,JOHNSTON (101),0,NO APLICA,5,Mayo,2,2022,9,52,I-95,1,Interestatal,Rural,Interestatal,State Highway Agency,1,Sin jurisdiccion especial,108,35.52392778,-78.28068056,Zanja,El primer evento no fue una colision con un vehiculo automotor en transporte,Not an Intersection,No fue interseccion,Sobre el lado de la calle,Ninguna,Dia total,Despejado,No,NO APLICA,99,99,99,99,1,02/05/2022,1
37,North Carolina,370481,0,0,2,0,101,JOHNSTON (101),0,NO APLICA,5,Mayo,9,2022,8,35,US-301,2,US Highway,Rural,Arteria Menor,State Highway Agency,0,Sin jurisdiccion especial,295,35.59012778,-78.14439167,Vehiculo en movimiento,Frente a frente,Not an Intersection,No fue interseccion,Sobre calle,Ninguna,Dia total,Despejado,No,NO APLICA,99,99,99,99,2,09/05/2022,4
37,North Carolina,370482,0,0,2,0,105,LEE (105),0,NO APLICA,5,Mayo,27,2022,8,51,SR-87,3,Highway estatal,Rural,Arterial Principal -Freeway o ExpressWay,State Highway Agency,1,Sin jurisdiccion especial,20,35.41066667,-79.11619444,Vehiculo en movimiento,Frente a frente,Not an Intersection,No fue interseccion,Sobre calle,Ninguna,Dia total,lluvia,No,NO APLICA,99,99,99,99,1,27/05/2022,2
37,North Carolina,370483,0,0,1,0,105,LEE (105),0,NO APLICA,5,Mayo,28,2022,6,7,SR-1423 FARRELL RD,3,Highway estatal,Rural,Local,County Highway Agency,9,Sin jurisdiccion especial,99998,35.58513611,-79.12010278,Otro objeto (no fijo),El primer evento no fue una colision con un vehiculo automotor en transporte,Not an Intersection,No fue interseccion,Sobre calle,Ninguna,Oscuro sin iluminacion,Despejado,No,NO APLICA,99,99,99,99,1,28/05/2022,1
37,North Carolina,370484,0,0,1,0,109,LINCOLN (109),0,NO APLICA,5,Mayo,19,2022,17,38,SR-1386 SAINT JAMES CHURCH RD,3,Highway estatal,Urbano,Local,State Highway Agency,9,Sin jurisdiccion especial,99998,35.49458056,-81.01823889,Volcadura,El primer evento no fue una colision con un vehiculo automotor en transporte,Not an Intersection,No fue interseccion,Sobre el lado de la calle,Ninguna,Dia total,Despejado,No,NO APLICA,99,99,99,99,1,19/05/2022,1
37,North Carolina,370485,0,0,1,0,109,LINCOLN (109),0,NO APLICA,5,Mayo,31,2022,23,49,SR-1511 OLD PLANK RD,3,Highway estatal,Rural,Colector Menor,State Highway Agency,9,Sin jurisdiccion especial,99998,35.42081667,-81.03903889,Volcadura,El primer evento no fue una colision con un vehiculo automotor en transporte,Not an Intersection,No fue interseccion,Sobre el lado de la calle,Ninguna,Oscuro sin iluminacion,Despejado,No,NO APLICA,99,99,99,99,1,31/05/2022,1
37,North Carolina,370486,0,0,2,0,119,MECKLENBURG (119),870,CHARLOTTE,5,Mayo,4,2022,12,17,I-485,1,Interestatal,Rural,Interestatal,State Highway Agency,1,Sin jurisdiccion especial,99998,35.24036111,-80.65045556,Vehiculo en movimiento,Frente a Detrás,Not an Intersection,No fue interseccion,Sobre calle,Ninguna,Dia total,Despejado,No,NO APLICA,99,99,99,99,1,04/05/2022,2
37,North Carolina,370487,0,0,1,0,119,MECKLENBURG (119),870,CHARLOTTE,5,Mayo,12,2022,15,40,I-485,1,Interestatal,Rural,Interestatal,State Highway Agency,1,Sin jurisdiccion especial,99998,35.33895,-80.90473333,Zanja,El primer evento no fue una colision con un vehiculo automotor en transporte,Not an Intersection,No fue interseccion,Sobre el lado de la calle,Ninguna,Dia total,Despejado,No,NO APLICA,99,99,99,99,1,12/05/2022,2
37,North Carolina,370488,1,1,1,0,119,MECKLENBURG (119),870,CHARLOTTE,5,Mayo,15,2022,0,35,EASTWAY DR,6,Calle Local Municipalidad,Urbano,Arteria Principal,State Highway Agency,9,Sin jurisdiccion especial,99998,35.25453333,-80.77991667,Peaton,El primer evento no fue una colision con un vehiculo automotor en transporte,Not an Intersection,No fue interseccion,Sobre calle,Ninguna,Oscuro sin iluminacion,Despejado,No,NO APLICA,99,99,99,99,1,15/05/2022,1
37,North Carolina,370489,0,0,2,0,119,MECKLENBURG (119),870,CHARLOTTE,5,Mayo,17,2022,2,53,I-485,1,Interestatal,Urbano,Interestatal,State Highway Agency,1,Sin jurisdiccion especial,99998,35.08661111,-80.87390833,Vehiculo en movimiento,Frente a frente,Not an Intersection,No fue interseccion,Sobre calle,Construccion,Oscuro con iluminacion,Despejado,No,NO APLICA,99,99,99,99,2,17/05/2022,2
37,North Carolina,370490,0,0,1,0,119,MECKLENBURG (119),870,CHARLOTTE,5,Mayo,28,2022,18,9,I-485,1,Interestatal,Urbano,Interestatal,State Highway Agency,1,Sin jurisdiccion especial,99998,35.15830833,-80.94894722,Valla Ferrocarril,El primer evento no fue una colision con un vehiculo automotor en transporte,Not an Intersection,No fue interseccion,En el medio,Ninguna,Dia total,Despejado,No,NO APLICA,99,99,99,99,1,28/05/2022,1
37,North Carolina,370491,0,0,2,0,119,MECKLENBURG (119),870,CHARLOTTE,5,Mayo,30,2022,7,45,EAST WOODLAWN RD,6,Calle Local Municipalidad,Urbano,Arteria Menor,City or Municipal Highway Agency,9,Sin jurisdiccion especial,99998,35.17831944,-80.8807,Vehiculo en movimiento,Angulo,Not an Intersection,No fue interseccion,Sobre calle,Ninguna,Dia total,Nublado,No,NO APLICA,7,45,7,50,1,30/05/2022,3
37,North Carolina,370492,0,0,2,0,125,MOORE (125),0,NO APLICA,5,Mayo,6,2022,15,14,SR-1805,3,Highway estatal,Rural,Colector Menor,State Highway Agency,9,Sin jurisdiccion especial,99998,35.30806667,-79.33953611,Vehiculo en movimiento,Angulo,Not an Intersection,No fue interseccion,Sobre calle,Ninguna,Dia total,Nublado,No,NO APLICA,99,99,99,99,1,06/05/2022,4
37,North Carolina,370493,0,0,1,0,125,MOORE (125),0,NO APLICA,5,Mayo,12,2022,1,9,SR-73,3,Highway estatal,Rural,Colector Mayor,State Highway Agency,9,Sin jurisdiccion especial,99998,35.24930278,-79.47408056,Culvert,El primer evento no fue una colision con un vehiculo automotor en transporte,Not an Intersection,No fue interseccion,Sobre el lado de la calle,Ninguna,Oscuro sin iluminacion,Despejado,No,NO APLICA,99,99,99,99,1,12/05/2022,1
37,North Carolina,370494,0,0,1,0,125,MOORE (125),0,NO APLICA,5,Mayo,19,2022,21,50,SR-24,3,Highway estatal,Rural,Arteria Menor,State Highway Agency,9,Sin jurisdiccion especial,99998,35.36131111,-79.69536389,Volcadura,El primer evento no fue una colision con un vehiculo automotor en transporte,Not an Intersection,No fue interseccion,Sobre el lado de la calle,Ninguna,Oscuro sin iluminacion,Despejado,No,NO APLICA,21,47,22,6,1,19/05/2022,2
37,North Carolina,370495,0,0,3,1,127,NASH (127),0,NO APLICA,5,Mayo,2,2022,7,51,I-95,1,Interestatal,Urbano,Interestatal,State Highway Agency,1,Sin jurisdiccion especial,99998,36.10867778,-77.80414444,Vehiculo en movimiento,Frente a Detrás,Not an Intersection,No fue interseccion,Sobre calle,Mantenimiento,Dia total,Despejado,No,NO APLICA,7,42,7,55,1,02/05/2022,2
37,North Carolina,370496,0,0,3,0,129,NEW HANOVER (129),0,NO APLICA,5,Mayo,3,2022,16,36,SR-133 CASTLE HAYNE RD,3,Highway estatal,Urbano,Arteria Menor,State Highway Agency,9,Sin jurisdiccion especial,99998,34.300275,-77.92155556,Zanja,El primer evento no fue una colision con un vehiculo automotor en transporte,T-Intersection,Interseccion de T,Sobre el lado de la calle,Ninguna,Dia total,Despejado,No,NO APLICA,99,99,99,99,1,03/05/2022,4
37,North Carolina,370497,0,0,2,0,129,NEW HANOVER (129),0,NO APLICA,5,Mayo,28,2022,14,38,GORDON RD,6,Calle Local Municipalidad,Urbano,Arteria Menor,City or Municipal Highway Agency,9,Sin jurisdiccion especial,99998,34.274425,-77.85471389,Vehiculo en movimiento,Angulo,T-Intersection,Interseccion de T,Sobre calle,Ninguna,Dia total,Despejado,No,NO APLICA,99,99,99,99,1,28/05/2022,3
37,North Carolina,370498,0,0,1,0,133,ONSLOW (133),0,NO APLICA,5,Mayo,21,2022,18,41,US-17,2,US Highway,Urbano,Arteria Principal,State Highway Agency,1,Sin jurisdiccion especial,99998,34.69210278,-77.47877778,Banqueta,El primer evento no fue una colision con un vehiculo automotor en transporte,T-Intersection,Interseccion de T,Sobre el lado de la calle,Ninguna,Dia total,Despejado,No,NO APLICA,18,40,18,49,1,21/05/2022,1
37,North Carolina,370499,0,0,2,0,133,ONSLOW (133),0,NO APLICA,5,Mayo,8,2022,15,23,SR-50,3,Highway estatal,Rural,Colector Mayor,State Highway Agency,9,Sin jurisdiccion especial,99998,34.51555833,-77.57132778,Vehiculo en movimiento,Frente a frente,Not an Intersection,No fue interseccion,Sobre calle,Ninguna,Dia total,Despejado,No,NO APLICA,15,31,15,53,1,08/05/2022,4
37,North Carolina,370500,0,0,1,0,135,ORANGE (135),0,NO APLICA,5,Mayo,21,2022,17,33,SR-157,3,Highway estatal,Rural,Colector Mayor,State Highway Agency,9,Sin jurisdiccion especial,99998,36.17599167,-78.993925,Poste de Señal de trafico,El primer evento no fue una colision con un vehiculo automotor en transporte,Not an Intersection,No fue interseccion,Sobre el lado de la calle,Ninguna,Dia total,Despejado,No,NO APLICA,99,99,99,99,1,21/05/2022,1
37,North Carolina,370501,0,0,1,0,135,ORANGE (135),0,NO APLICA,5,Mayo,26,2022,23,29,MCDADE STORE RD,8,Otro,Rural,Local,Other State Agency,0,Sin jurisdiccion especial,13,36.20416944,-79.15926944,Arbol,El primer evento no fue una colision con un vehiculo automotor en transporte,Not an Intersection,No fue interseccion,Fuera de la calle,Ninguna,Oscuro sin iluminacion,Despejado,No,NO APLICA,99,99,99,99,1,26/05/2022,1
37,North Carolina,370502,0,0,3,0,135,ORANGE (135),0,NO APLICA,5,Mayo,27,2022,15,43,US-70 BUS,2,US Highway,Rural,Arteria Principal,Other State Agency,1,Sin jurisdiccion especial,22,36.06804167,-79.09589722,Vehiculo en movimiento,Frente a Detrás,T-Intersection,Interseccion de T,Sobre calle,Ninguna,Dia total,Despejado,No,NO APLICA,99,99,99,99,1,27/05/2022,3
37,North Carolina,370503,0,0,2,0,139,PASQUOTANK (139),0,NO APLICA,5,Mayo,21,2022,17,31,US-158,2,US Highway,Rural,Arteria Principal,Other State Agency,1,Sin jurisdiccion especial,58,36.42013333,-76.37653056,Vehiculo en movimiento,Frente a frente,Not an Intersection,No fue interseccion,Sobre calle,Ninguna,Dia total,Despejado,No,NO APLICA,99,99,99,99,1,21/05/2022,5
37,North Carolina,370504,0,0,2,0,141,PENDER (141),0,NO APLICA,5,Mayo,11,2022,22,10,US-117,2,US Highway,Rural,Arteria Menor,State Highway Agency,0,Sin jurisdiccion especial,59,34.43901944,-77.87952222,Vehiculo en movimiento,Angulo,T-Intersection,Interseccion de T,Sobre calle,Ninguna,Oscuro sin iluminacion,Nublado,No,NO APLICA,22,5,22,8,1,11/05/2022,2
37,North Carolina,370505,0,0,2,0,141,PENDER (141),0,NO APLICA,5,Mayo,29,2022,4,48,US-421,2,US Highway,Rural,Arteria Menor,State Highway Agency,0,Sin jurisdiccion especial,222,34.63556944,-78.10913889,Vehiculo en movimiento,Frente a frente,T-Intersection,Interseccion de T,Sobre calle,Ninguna,Oscuro sin iluminacion,Despejado,No,NO APLICA,4,51,5,19,1,29/05/2022,7
37,North Carolina,370506,1,1,1,0,153,RICHMOND (153),0,NO APLICA,5,Mayo,8,2022,20,51,MIZPAH RD,9,Desconocido,Rural,Colector Mayor,State Highway Agency,0,Sin jurisdiccion especial,12,34.89735556,-79.78257778,Peaton,El primer evento no fue una colision con un vehiculo automotor en transporte,Not an Intersection,No fue interseccion,Sobre calle,Ninguna,Oscuro sin iluminacion,Despejado,No,NO APLICA,20,47,20,55,1,08/05/2022,1
37,North Carolina,370507,0,0,2,0,153,RICHMOND (153),0,NO APLICA,5,Mayo,12,2022,9,50,US-1,2,US Highway,Rural,Arteria Principal,State Highway Agency,1,Sin jurisdiccion especial,224,34.97715278,-79.60154167,Vehiculo en movimiento,Angulo,T-Intersection,Interseccion de T,Sobre calle,Ninguna,Dia total,Nublado,No,NO APLICA,9,48,9,59,1,12/05/2022,3
37,North Carolina,370508,0,0,1,0,153,RICHMOND (153),0,NO APLICA,5,Mayo,22,2022,11,35,US-74,2,US Highway,Rural,Arteria Principal,State Highway Agency,1,Sin jurisdiccion especial,22,34.95582778,-79.82748333,Arbol,El primer evento no fue una colision con un vehiculo automotor en transporte,Not an Intersection,No fue interseccion,Fuera de la calle,Ninguna,Dia total,Despejado,No,NO APLICA,11,32,11,42,1,22/05/2022,2
37,North Carolina,370509,0,0,1,0,155,ROBESON (155),0,NO APLICA,5,Mayo,2,2022,7,7,MCGIRT GIN RD,8,Otro,Rural,Colector Mayor,Other State Agency,0,Sin jurisdiccion especial,13,34.82685278,-79.33816111,Zanja,El primer evento no fue una colision con un vehiculo automotor en transporte,Not an Intersection,No fue interseccion,Sobre el lado de la calle,Ninguna,Dia total,Despejado,No,NO APLICA,99,99,99,99,2,02/05/2022,3
37,North Carolina,370510,0,0,1,0,155,ROBESON (155),0,NO APLICA,5,Mayo,7,2022,21,33,SR-1005,3,Highway estatal,Rural,Colector Menor,State Highway Agency,9,Sin jurisdiccion especial,99998,34.69957222,-78.97545,Zanja,El primer evento no fue una colision con un vehiculo automotor en transporte,Not an Intersection,No fue interseccion,Sobre el lado de la calle,Ninguna,Oscuro sin iluminacion,Despejado,No,NO APLICA,99,99,99,99,1,07/05/2022,1
37,North Carolina,370511,0,0,1,0,155,ROBESON (155),0,NO APLICA,5,Mayo,2,2022,17,40,SR-1303,3,Highway estatal,Rural,Colector Menor,State Highway Agency,9,Sin jurisdiccion especial,99998,34.76726667,-79.24701111,Volcadura,El primer evento no fue una colision con un vehiculo automotor en transporte,Not an Intersection,No fue interseccion,Sobre el lado de la calle,Ninguna,Dia total,Despejado,No,NO APLICA,99,99,99,99,1,02/05/2022,1
37,North Carolina,370512,1,1,1,0,155,ROBESON (155),0,NO APLICA,5,Mayo,4,2022,5,15,SR-1563 UNION CHAPEL RD,3,Highway estatal,Rural,Local,State Highway Agency,9,Sin jurisdiccion especial,99998,77.7777,777.7777,Peaton,El primer evento no fue una colision con un vehiculo automotor en transporte,Not an Intersection,No fue interseccion,Sobre calle,Ninguna,Oscuro sin iluminacion,Despejado,No,NO APLICA,99,99,99,99,1,04/05/2022,1
37,North Carolina,370513,0,0,1,0,155,ROBESON (155),0,NO APLICA,5,Mayo,23,2022,20,17,SR-1003 N CHICKEN RD,3,Highway estatal,Rural,Colector Menor,State Highway Agency,9,Sin jurisdiccion especial,99998,77.7777,777.7777,Arbol,El primer evento no fue una colision con un vehiculo automotor en transporte,Not an Intersection,No fue interseccion,Sobre el lado de la calle,Ninguna,Oscuro sin iluminacion,Despejado,No,NO APLICA,99,99,99,99,1,23/05/2022,1
37,North Carolina,370514,0,0,2,0,155,ROBESON (155),0,NO APLICA,5,Mayo,30,2022,21,16,SR-710,3,Highway estatal,Rural,Arteria Menor,State Highway Agency,9,Sin jurisdiccion especial,99998,34.67935,-79.23625278,Vehiculo en movimiento,Angulo,T-Intersection,Interseccion de T,Sobre calle,Ninguna,Oscuro sin iluminacion,Despejado,No,NO APLICA,99,99,99,99,1,30/05/2022,6
37,North Carolina,370515,0,0,2,1,157,ROCKINGHAM (157),3800,REIDSVILLE,5,Mayo,3,2022,17,32,S SCALES ST,6,Calle Local Municipalidad,Urbano,Arteria Menor,City or Municipal Highway Agency,9,Sin jurisdiccion especial,99998,36.33029444,-79.664925,Arbol,El primer evento no fue una colision con un vehiculo automotor en transporte,Not an Intersection,No fue interseccion,Sobre el lado de la calle,Ninguna,Dia total,Despejado,No,NO APLICA,99,99,99,99,1,03/05/2022,1
37,North Carolina,370516,0,0,2,0,157,ROCKINGHAM (157),0,NO APLICA,5,Mayo,17,2022,9,26,US-220 BUS,2,US Highway,Rural,Arteria Menor,State Highway Agency,0,Sin jurisdiccion especial,99998,77.7777,777.7777,Vehiculo en movimiento,Frente a frente,Not an Intersection,No fue interseccion,Sobre calle,Ninguna,Dia total,Despejado,No,NO APLICA,99,99,99,99,1,17/05/2022,2