Estado,Nombre de Estado,Numero de Caso,Peatones,Personas _no_vehiculos,Vehiculos automotores,Vehiculos estacionados,Condado,Nombre Condado,Ciudad,Nombre Ciudad,Mes,Nombre Mes,Dia,Año,Hora,Minuto,Calle,Ruta,Nombre Ruta,Rural o Urbanoo,Sistema Funcional,Dueño Calle,Sistema Nacional Carreteras,Jurisdiccion Especial,Milla,Latitud,Longitud,Causa del Accidente,Tipo de Accidente,Tipo Interseccion,Columna1,Lugar en la calle,Zona de Trabajo,Luz,Clima,Autobus Escolar,Cruce de Trenes,Hora Notificacion,Minuto Notificacion,Hora Llegada,Minuto Llegada,Decesos,Fecha,PersonaVehiculo
37,North Carolina,370517,0,0,2,0,159,ROWAN (159),0,NO APLICA,5,Mayo,4,2022,1,17,SR-152,3,Highway estatal,Rural,Arteria Menor,State Highway Agency,9,Sin jurisdiccion especial,99998,35.57121667,-80.63828611,Vehiculo en movimiento,Frente a Detrás,Not an Intersection,No fue interseccion,Sobre calle,Ninguna,Oscuro sin iluminacion,Despejado,No,NO APLICA,99,99,99,99,2,04/05/2022,2
37,North Carolina,370518,0,0,1,0,159,ROWAN (159),0,NO APLICA,5,Mayo,9,2022,23,34,SR-1957,3,Highway estatal,Rural,Colector Menor,State Highway Agency,9,Sin jurisdiccion especial,99998,77.7777,777.7777,Zanja,El primer evento no fue una colision con un vehiculo automotor en transporte,Not an Intersection,No fue interseccion,Sobre el lado de la calle,Ninguna,Oscuro sin iluminacion,Despejado,No,NO APLICA,99,99,99,99,1,09/05/2022,1
37,North Carolina,370519,0,0,2,1,159,ROWAN (159),4070,SALISBURY,5,Mayo,29,2022,3,40,US-29,2,US Highway,Urbano,Arteria Principal,State Highway Agency,1,Sin jurisdiccion especial,116,35.64286389,-80.507825,Otro objeto (fijo),El primer evento no fue una colision con un vehiculo automotor en transporte,Not an Intersection,No fue interseccion,Sobre calle,Ninguna,Oscuro con iluminacion,Despejado,No,NO APLICA,99,99,99,99,1,29/05/2022,1
37,North Carolina,370520,0,0,1,0,163,SAMPSON (163),0,NO APLICA,5,Mayo,18,2022,5,42,EDMOND MATTHIS RD,9,Desconocido,Rural,Colector Menor,State Highway Agency,0,Sin jurisdiccion especial,142,34.84518611,-78.30842222,Zanja,El primer evento no fue una colision con un vehiculo automotor en transporte,Not an Intersection,No fue interseccion,Sobre el lado de la calle,Ninguna,Amanecer,Despejado,No,NO APLICA,5,38,5,50,2,18/05/2022,8
37,North Carolina,370521,0,0,2,0,167,STANLY (167),0,NO APLICA,5,Mayo,27,2022,8,11,SR-24,3,Highway estatal,Rural,Arteria Menor,State Highway Agency,0,Sin jurisdiccion especial,229,35.31774444,-80.11365833,Vehiculo en movimiento,Frente a Detrás,Not an Intersection,No fue interseccion,Sobre calle,Construccion,Dia total,lluvia,No,NO APLICA,8,8,8,15,1,27/05/2022,2
37,North Carolina,370522,0,0,1,0,169,STOKES (169),0,NO APLICA,5,Mayo,13,2022,23,58,SR-704,3,Highway estatal,Rural,Colector Mayor,State Highway Agency,0,Sin jurisdiccion especial,137,36.50138889,-80.12548889,Arbol,El primer evento no fue una colision con un vehiculo automotor en transporte,Not an Intersection,No fue interseccion,Sobre el lado de la calle,Ninguna,Oscuro sin iluminacion,Nublado,No,NO APLICA,23,57,0,10,1,13/05/2022,2
37,North Carolina,370523,0,0,2,0,171,SURRY (171),0,NO APLICA,5,Mayo,27,2022,15,34,OLD LOWGAP RD,5,Calle Local - Pueblo,Rural,Local,Town or Township Highway Agency,0,Sin jurisdiccion especial,43,36.53259167,-80.77353889,Buzon de correo,El primer evento no fue una colision con un vehiculo automotor en transporte,Not an Intersection,No fue interseccion,Sobre el lado de la calle,Ninguna,Dia total,lluvia,No,NO APLICA,15,39,15,51,1,27/05/2022,3
37,North Carolina,370524,1,1,1,0,179,UNION (179),4890,WAXHAW,5,Mayo,17,2022,6,35,OLD WAXHAW MONROE RD,9,Desconocido,Urbano,Local,State Highway Agency,0,Sin jurisdiccion especial,0,34.90617778,-80.70135556,Ciclista,El primer evento no fue una colision con un vehiculo automotor en transporte,T-Intersection,Interseccion de T,Sobre calle,Ninguna,Dia total,Despejado,No,NO APLICA,7,0,7,5,1,17/05/2022,1
37,North Carolina,370525,0,0,1,0,179,UNION (179),0,NO APLICA,5,Mayo,21,2022,6,52,S ROCKY RIVER RD,9,Desconocido,Rural,Colector Mayor,State Highway Agency,0,Sin jurisdiccion especial,67,34.94588889,-80.62289444,Arbol,El primer evento no fue una colision con un vehiculo automotor en transporte,Not an Intersection,No fue interseccion,Sobre el lado de la calle,Ninguna,Oscuro sin iluminacion,Despejado,No,NO APLICA,6,49,6,54,1,21/05/2022,1
37,North Carolina,370526,0,0,1,0,183,WAKE (183),0,NO APLICA,5,Mayo,2,2022,0,25,SR-98,3,Highway estatal,Rural,Arteria Menor,State Highway Agency,0,Sin jurisdiccion especial,131,35.96840556,-78.48518333,Acotamiento,El primer evento no fue una colision con un vehiculo automotor en transporte,Not an Intersection,No fue interseccion,Sobre el lado de la calle,Ninguna,Oscuro sin iluminacion,Despejado,No,NO APLICA,99,99,99,99,1,02/05/2022,2
37,North Carolina,370527,0,0,1,0,183,WAKE (183),3140,MORRISVILLE,5,Mayo,29,2022,3,0,SR-54,3,Highway estatal,Urbano,Arteria Principal,State Highway Agency,1,Sin jurisdiccion especial,23,35.83770278,-78.83006111,Arbol,El primer evento no fue una colision con un vehiculo automotor en transporte,Not an Intersection,No fue interseccion,Sobre el lado de la calle,Ninguna,Oscuro sin iluminacion,Despejado,No,NO APLICA,2,59,3,4,1,29/05/2022,2
37,North Carolina,370528,0,0,2,0,191,WAYNE (191),0,NO APLICA,5,Mayo,27,2022,8,50,MILLS RD,9,Desconocido,Rural,Local,State Highway Agency,0,Sin jurisdiccion especial,12,35.27363056,-78.11597778,Vehiculo en movimiento,Angulo,Not an Intersection,No fue interseccion,Sobre calle,Ninguna,Dia total,Nublado,No,NO APLICA,8,49,8,54,1,27/05/2022,2
37,North Carolina,370529,0,0,2,0,195,WILSON (195),5070,WILSON,5,Mayo,16,2022,7,13,US-301,2,US Highway,Urbano,Arteria Principal,State Highway Agency,1,Sin jurisdiccion especial,120,35.69350556,-77.94154444,Vehiculo en movimiento,Angulo,T-Intersection,Interseccion de T,Sobre calle,Ninguna,Dia total,Despejado,No,NO APLICA,99,99,99,99,1,16/05/2022,2
37,North Carolina,370530,0,0,2,0,199,YANCEY (199),0,NO APLICA,5,Mayo,3,2022,11,47,US-19,2,US Highway,Rural,Arteria Principal,State Highway Agency,1,Sin jurisdiccion especial,144,35.90265,-82.15116667,Vehiculo en movimiento,Frente a Detrás,Not an Intersection,No fue interseccion,Sobre calle,Ninguna,Dia total,Despejado,No,NO APLICA,99,99,99,99,1,03/05/2022,5
37,North Carolina,370531,0,0,2,0,19,BRUNSWICK (19),0,NO APLICA,6,Junio,21,2022,21,11,US-17 BUS,2,US Highway,Rural,Arteria Principal,State Highway Agency,1,Sin jurisdiccion especial,431,34.21590833,-78.01889444,Vehiculo en movimiento,Frente a frente,Not an Intersection,No fue interseccion,Sobre calle,Ninguna,Oscuro sin iluminacion,Despejado,No,NO APLICA,21,4,22,46,2,21/06/2022,2
37,North Carolina,370532,0,0,2,0,57,DAVIDSON (57),2620,LEXINGTON,6,Junio,23,2022,9,43,FAIRVIEW DR,6,Calle Local Municipalidad,Urbano,Arteria Menor,State Highway Agency,0,Sin jurisdiccion especial,16,35.79653056,-80.25305278,Vehiculo en movimiento,Frente a Detrás,Not an Intersection,No fue interseccion,Sobre calle,Mantenimiento,Dia total,Despejado,No,NO APLICA,9,45,9,49,1,23/06/2022,6
37,North Carolina,370533,0,0,1,0,57,DAVIDSON (57),4590,THOMASVILLE,6,Junio,19,2022,14,20,TURNER ST,9,Desconocido,Urbano,Arteria Menor,State Highway Agency,0,Sin jurisdiccion especial,1,35.89043611,-80.066675,Poste,El primer evento no fue una colision con un vehiculo automotor en transporte,Not an Intersection,No fue interseccion,Sobre el lado de la calle,Ninguna,Dia total,Despejado,No,NO APLICA,14,26,14,31,1,19/06/2022,2
37,North Carolina,370534,0,0,2,0,89,HENDERSON (89),1674,FLETCHER,6,Junio,26,2022,11,44,US-25,2,US Highway,Urbano,Arteria Principal,State Highway Agency,1,Sin jurisdiccion especial,218,35.43084444,-82.50130833,Vehiculo en movimiento,Frente a frente,Four-Way Intersection,Interseccion de 4 direcciones,Sobre calle,Ninguna,Dia total,Nublado,No,NO APLICA,99,99,99,99,1,26/06/2022,4
37,North Carolina,370535,0,0,1,0,127,NASH (127),0,NO APLICA,6,Junio,21,2022,20,44,LANCASTER STORE RD,9,Desconocido,Rural,Local,State Highway Agency,0,Sin jurisdiccion especial,42,36.04816944,-78.09601389,Volcadura,El primer evento no fue una colision con un vehiculo automotor en transporte,Not an Intersection,No fue interseccion,Fuera de la calle,Ninguna,Atardecer,Despejado,No,NO APLICA,20,42,20,56,1,21/06/2022,1
37,North Carolina,370536,0,0,1,0,133,ONSLOW (133),0,NO APLICA,6,Junio,18,2022,4,1,ROCKY RUN RD,9,Desconocido,Rural,Arteria Menor,State Highway Agency,0,Sin jurisdiccion especial,24,34.75416667,-77.306325,Zanja,El primer evento no fue una colision con un vehiculo automotor en transporte,Not an Intersection,No fue interseccion,Sobre el lado de la calle,Ninguna,Oscuro sin iluminacion,Despejado,No,NO APLICA,3,59,4,4,1,18/06/2022,1
37,North Carolina,370537,0,0,1,0,183,WAKE (183),3750,RALEIGH,6,Junio,23,2022,20,28,SSR-2015 LYNN RD,8,Otro,Urbano,Arteria Menor,State Highway Agency,0,Sin jurisdiccion especial,11,35.86994722,-78.64598611,Arbol,El primer evento no fue una colision con un vehiculo automotor en transporte,Not an Intersection,No fue interseccion,Sobre el lado de la calle,Ninguna,Oscuro con iluminacion,Despejado,No,NO APLICA,20,28,20,30,2,23/06/2022,2
37,North Carolina,370538,0,0,2,1,183,WAKE (183),5230,ZEBULON,6,Junio,25,2022,12,54,KING MALCOLM LN,8,Otro,Urbano,Local,State Highway Agency,0,Sin jurisdiccion especial,0,35.82838333,-78.34136111,Vehiculo Aparcado,El primer evento no fue una colision con un vehiculo automotor en transporte,Not an Intersection,No fue interseccion,Sobre Acotamiento,Ninguna,Dia total,Despejado,No,NO APLICA,99,99,99,99,1,25/06/2022,1
37,North Carolina,370539,0,0,2,0,13,BEAUFORT (13),360,BELHAVEN,7,Julio,2,2022,20,27,W PANTEGO ST,8,Otro,Urbano,Local,Other State Agency,0,Sin jurisdiccion especial,0,35.54334167,-76.62013889,Vehiculo en movimiento,Angulo,Not an Intersection,No fue interseccion,Sobre calle,Ninguna,Dia total,Despejado,No,NO APLICA,99,99,99,99,1,02/07/2022,2
37,North Carolina,370540,1,1,1,0,119,MECKLENBURG (119),870,CHARLOTTE,4,Abril,6,2022,9,50,SR OLD STATESVILLE RD,6,Calle Local Municipalidad,Urbano,Arteria Principal,City or Municipal Highway Agency,0,Sin jurisdiccion especial,11,35.32343611,-80.82711111,Peaton,El primer evento no fue una colision con un vehiculo automotor en transporte,Not an Intersection,No fue interseccion,Sobre calle,Ninguna,Dia total,Despejado,No,NO APLICA,99,99,99,99,1,06/04/2022,1
37,North Carolina,370541,0,0,2,0,119,MECKLENBURG (119),870,CHARLOTTE,5,Mayo,29,2022,21,59,SR-27 FREEDOM DR,3,Highway estatal,Urbano,Arteria Principal,State Highway Agency,1,Sin jurisdiccion especial,57,35.26346389,-80.9213,Vehiculo en movimiento,Angulo,Four-Way Intersection,Interseccion de 4 direcciones,Sobre calle,Ninguna,Oscuro con iluminacion,Despejado,No,NO APLICA,99,99,99,99,2,29/05/2022,10
37,North Carolina,370542,0,0,1,0,7,ANSON (7),2640,LILESVILLE,6,Junio,5,2022,0,33,US-74,2,US Highway,Rural,Arteria Principal,State Highway Agency,1,Sin jurisdiccion especial,99998,34.96234444,-79.97090278,Poste de Señal de trafico,El primer evento no fue una colision con un vehiculo automotor en transporte,Not an Intersection,No fue interseccion,Sobre el lado de la calle,Ninguna,Oscuro sin iluminacion,Despejado,No,NO APLICA,99,99,99,99,1,05/06/2022,4
37,North Carolina,370543,0,0,1,0,11,AVERY (11),0,NO APLICA,6,Junio,12,2022,14,12,SR-1117 HORNEY RD,3,Highway estatal,Rural,Local,State Highway Agency,9,Sin jurisdiccion especial,99998,77.7777,777.7777,Acotamiento,El primer evento no fue una colision con un vehiculo automotor en transporte,Not an Intersection,No fue interseccion,Sobre el lado de la calle,Ninguna,Dia total,Despejado,No,NO APLICA,14,2,14,18,1,12/06/2022,1
37,North Carolina,370544,0,0,3,0,21,BUNCOMBE (21),0,NO APLICA,6,Junio,2,2022,23,0,US-19,2,US Highway,Rural,Arteria Principal,State Highway Agency,1,Sin jurisdiccion especial,99998,35.54408611,-82.71637778,Vehiculo en movimiento,Angulo,Four-Way Intersection,Interseccion de 4 direcciones,Sobre calle,Ninguna,Oscuro sin iluminacion,Despejado,No,NO APLICA,99,99,99,99,1,02/06/2022,4
37,North Carolina,370545,1,1,1,0,21,BUNCOMBE (21),170,ASHEVILLE,6,Junio,3,2022,13,21,MARTIN LUTHER KING JR DR,6,Calle Local Municipalidad,Urbano,Arteria Principal,State Highway Agency,9,Sin jurisdiccion especial,99998,35.59803611,-82.54399722,Peaton,El primer evento no fue una colision con un vehiculo automotor en transporte,Four-Way Intersection,Interseccion de 4 direcciones,Sobre calle,Ninguna,Dia total,Despejado,No,NO APLICA,99,99,99,99,1,03/06/2022,1
37,North Carolina,370546,0,0,1,0,21,BUNCOMBE (21),0,NO APLICA,6,Junio,21,2022,19,35,US-74 ALT,2,US Highway,Rural,Arteria Menor,State Highway Agency,0,Sin jurisdiccion especial,203,35.49932222,-82.36632778,Poste,El primer evento no fue una colision con un vehiculo automotor en transporte,Not an Intersection,No fue interseccion,Sobre el lado de la calle,Ninguna,Dia total,Despejado,No,NO APLICA,99,99,99,99,1,21/06/2022,1
37,North Carolina,370547,0,0,1,0,25,CABARRUS (25),0,NO APLICA,6,Junio,4,2022,22,56,SR-3 MOORESVILLE RD,3,Highway estatal,Rural,Colector Mayor,State Highway Agency,9,Sin jurisdiccion especial,99998,35.487275,-80.74220278,Arbol,El primer evento no fue una colision con un vehiculo automotor en transporte,Not an Intersection,No fue interseccion,Sobre el lado de la calle,Ninguna,Oscuro sin iluminacion,Despejado,No,NO APLICA,22,57,23,10,1,04/06/2022,2
37,North Carolina,370548,0,0,2,0,27,CALDWELL (27),0,NO APLICA,6,Junio,4,2022,12,56,US-64 TAYLORSVILLE RD,2,US Highway,Rural,Arteria Menor,State Highway Agency,0,Sin jurisdiccion especial,99998,35.91091389,-81.43183889,Vehiculo en movimiento,Frente a frente,Not an Intersection,No fue interseccion,Sobre calle,Ninguna,Dia total,Despejado,No,NO APLICA,99,99,99,99,1,04/06/2022,2
37,North Carolina,370549,0,0,1,0,31,CARTERET (31),0,NO APLICA,6,Junio,12,2022,7,5,SR-12 CEDAR ISLAND RD,3,Highway estatal,Rural,Colector Mayor,State Highway Agency,9,Sin jurisdiccion especial,99998,34.97609167,-76.299225,Zanja,El primer evento no fue una colision con un vehiculo automotor en transporte,Not an Intersection,No fue interseccion,Sobre el lado de la calle,Ninguna,Amanecer,Despejado,No,NO APLICA,6,58,7,10,1,12/06/2022,1
37,North Carolina,370550,0,0,2,0,35,CATAWBA (35),0,NO APLICA,6,Junio,7,2022,14,13,SR-1005 STARTOWN RD,3,Highway estatal,Urbano,Arteria Menor,State Highway Agency,9,Sin jurisdiccion especial,99998,35.68108611,-81.27399722,Vehiculo en movimiento,Frente a frente,Not an Intersection,No fue interseccion,Sobre calle,Ninguna,Dia total,Despejado,No,NO APLICA,14,11,14,17,1,07/06/2022,3
37,North Carolina,370551,0,0,1,0,35,CATAWBA (35),0,NO APLICA,6,Junio,14,2022,11,43,STARTOWN RD,6,Calle Local Municipalidad,Rural,Colector Mayor,State Highway Agency,0,Sin jurisdiccion especial,37,35.60814167,-81.25508611,Volcadura,El primer evento no fue una colision con un vehiculo automotor en transporte,Not an Intersection,No fue interseccion,Sobre calle,Ninguna,Dia total,Despejado,No,NO APLICA,99,99,99,99,1,14/06/2022,1
37,North Carolina,370552,0,0,1,0,47,COLUMBUS (47),0,NO APLICA,6,Junio,7,2022,1,27,SR-130,3,Highway estatal,Rural,Arteria Menor,State Highway Agency,0,Sin jurisdiccion especial,1,34.19283889,-78.60722222,Zanja,El primer evento no fue una colision con un vehiculo automotor en transporte,Not an Intersection,No fue interseccion,Sobre el lado de la calle,Ninguna,Oscuro sin iluminacion,Despejado,No,NO APLICA,99,99,99,99,1,07/06/2022,2
37,North Carolina,370553,0,0,2,0,51,CUMBERLAND (51),0,NO APLICA,6,Junio,9,2022,1,1,I-95,1,Interestatal,Rural,Interestatal,State Highway Agency,1,Sin jurisdiccion especial,91,34.99373611,-78.83287222,Vehiculo en movimiento,Frente a Detrás,Not an Intersection,No fue interseccion,Sobre calle,Ninguna,Oscuro sin iluminacion,Despejado,No,NO APLICA,99,99,99,99,2,09/06/2022,4
37,North Carolina,370554,0,0,2,0,57,DAVIDSON (57),0,NO APLICA,6,Junio,10,2022,0,54,NC-109,6,Calle Local Municipalidad,Rural,Colector Mayor,State Highway Agency,0,Sin jurisdiccion especial,385,36.02573889,-80.16110278,Vehiculo en movimiento,Angulo,Four-Way Intersection,Interseccion de 4 direcciones,Sobre calle,Ninguna,Oscuro sin iluminacion,Despejado,No,NO APLICA,0,55,1,1,1,10/06/2022,2
37,North Carolina,370555,0,0,1,0,57,DAVIDSON (57),0,NO APLICA,6,Junio,11,2022,11,7,NC-150,9,Desconocido,Rural,Colector Mayor,State Highway Agency,0,Sin jurisdiccion especial,60,35.78693333,-80.41727778,Arbol,El primer evento no fue una colision con un vehiculo automotor en transporte,Not an Intersection,No fue interseccion,Fuera de la calle,Ninguna,Dia total,Despejado,No,NO APLICA,11,6,11,13,1,11/06/2022,1
37,North Carolina,370556,0,0,1,0,57,DAVIDSON (57),0,NO APLICA,6,Junio,10,2022,23,11,GUMTREE RD,9,Desconocido,Rural,Colector Mayor,State Highway Agency,0,Sin jurisdiccion especial,49,36.02164722,-80.16736389,Piedrotototota,El primer evento no fue una colision con un vehiculo automotor en transporte,Not an Intersection,No fue interseccion,Fuera de la calle,Ninguna,Oscuro sin iluminacion,Despejado,No,NO APLICA,23,11,23,14,1,10/06/2022,1
37,North Carolina,370557,0,0,1,0,61,DUPLIN (61),0,NO APLICA,6,Junio,3,2022,14,43,NC-24,6,Calle Local Municipalidad,Rural,Local,State Highway Agency,0,Sin jurisdiccion especial,34,34.91599167,-77.7088,Zanja,El primer evento no fue una colision con un vehiculo automotor en transporte,Not an Intersection,No fue interseccion,Sobre el lado de la calle,Ninguna,Dia total,Nublado,No,NO APLICA,99,99,99,99,1,03/06/2022,1
37,North Carolina,370558,0,0,1,0,61,DUPLIN (61),0,NO APLICA,6,Junio,14,2022,23,29,SR-41,3,Highway estatal,Rural,Colector Mayor,State Highway Agency,0,Sin jurisdiccion especial,42,34.76227778,-78.10188611,Muro,El primer evento no fue una colision con un vehiculo automotor en transporte,Not an Intersection,No fue interseccion,Sobre el lado de la calle,Ninguna,Oscuro sin iluminacion,Despejado,No,NO APLICA,23,25,23,33,1,14/06/2022,1
37,North Carolina,370559,1,1,1,0,61,DUPLIN (61),0,NO APLICA,6,Junio,19,2022,3,26,US-117,2,US Highway,Rural,Colector Mayor,State Highway Agency,0,Sin jurisdiccion especial,164,34.94093889,-78.07195278,Peaton,El primer evento no fue una colision con un vehiculo automotor en transporte,Not an Intersection,No fue interseccion,Sobre calle,Ninguna,Oscuro sin iluminacion,Despejado,No,NO APLICA,99,99,99,99,1,19/06/2022,2
37,North Carolina,370560,0,0,2,0,63,DURHAM (63),0,NO APLICA,6,Junio,3,2022,0,36,SR-98,3,Highway estatal,Rural,Arteria Menor,State Highway Agency,0,Sin jurisdiccion especial,110,35.98399444,-78.70949444,Vehiculo en movimiento,Frente a frente,T-Intersection,Interseccion de T,Sobre calle,Ninguna,Oscuro sin iluminacion,Despejado,No,NO APLICA,99,99,99,99,1,03/06/2022,2
37,North Carolina,370561,0,0,2,1,63,DURHAM (63),1360,DURHAM,6,Junio,1,2022,17,9,E MAIN ST,9,Desconocido,Urbano,Local,State Highway Agency,0,Sin jurisdiccion especial,19,35.98614722,-78.87036944,Vehiculo Aparcado,El primer evento no fue una colision con un vehiculo automotor en transporte,Not an Intersection,No fue interseccion,Sobre Acotamiento,Ninguna,Dia total,Despejado,No,NO APLICA,17,9,17,14,1,01/06/2022,1
37,North Carolina,370562,0,0,2,0,63,DURHAM (63),1360,DURHAM,6,Junio,24,2022,6,50,ANGIER AVE,9,Desconocido,Urbano,Colector Mayor,State Highway Agency,0,Sin jurisdiccion especial,3,35.98604444,-78.888475,Vehiculo en movimiento,Angulo,Four-Way Intersection,Interseccion de 4 direcciones,Sobre calle,Construccion,Dia total,Despejado,No,NO APLICA,6,51,6,55,1,24/06/2022,2
37,North Carolina,370563,0,0,1,0,67,FORSYTH (67),937,CLEMMONS,6,Junio,4,2022,18,2,US-421,2,US Highway,Urbano,Arterial Principal -Freeway o ExpressWay,State Highway Agency,1,Sin jurisdiccion especial,2420,36.07780556,-80.39374444,Valla Ferrocarril,El primer evento no fue una colision con un vehiculo automotor en transporte,Not an Intersection,No fue interseccion,En el medio,Ninguna,Dia total,Despejado,No,NO APLICA,18,0,18,11,1,04/06/2022,1
37,North Carolina,370564,0,0,2,0,67,FORSYTH (67),0,NO APLICA,6,Junio,5,2022,12,36,VANCE RD,6,Calle Local Municipalidad,Rural,Colector Mayor,State Highway Agency,0,Sin jurisdiccion especial,24,36.17513333,-80.09044444,Vehiculo en movimiento,Angulo,Four-Way Intersection,Interseccion de 4 direcciones,Sobre calle,Ninguna,Dia total,Despejado,No,NO APLICA,99,99,99,99,1,05/06/2022,3
37,North Carolina,370565,0,0,2,0,67,FORSYTH (67),5120,WINSTON SALEM,6,Junio,13,2022,13,52,FIFTH ST,8,Otro,Urbano,Local,Other State Agency,0,Sin jurisdiccion especial,1,36.1005,-80.23781389,Vehiculo en movimiento,Angulo,Four-Way Intersection,Interseccion de 4 direcciones,Sobre calle,Ninguna,Dia total,Despejado,No,NO APLICA,99,99,99,99,1,13/06/2022,2
37,North Carolina,370566,0,0,1,0,67,FORSYTH (67),5120,WINSTON SALEM,6,Junio,17,2022,20,18,BETHANIA RD,6,Calle Local Municipalidad,Urbano,Arteria Menor,State Highway Agency,0,Sin jurisdiccion especial,48,36.16781944,-80.33673611,Poste,El primer evento no fue una colision con un vehiculo automotor en transporte,Four-Way Intersection,Interseccion de 4 direcciones,Sobre el lado de la calle,Construccion,Oscuro sin iluminacion,Despejado,No,NO APLICA,99,99,99,99,1,17/06/2022,1
37,North Carolina,370567,0,0,2,0,67,FORSYTH (67),4604,TOBACCOVILLE,6,Junio,22,2022,13,53,SPAINHOUR MILL RD,8,Otro,Urbano,Colector Mayor,Other State Agency,0,Sin jurisdiccion especial,33,36.25208333,-80.39783056,Vehiculo en movimiento,Frente a frente,Not an Intersection,No fue interseccion,Sobre calle,Ninguna,Dia total,Despejado,No,NO APLICA,99,99,99,99,1,22/06/2022,2
37,North Carolina,370568,0,0,2,0,67,FORSYTH (67),5120,WINSTON SALEM,6,Junio,25,2022,14,50,OLD WALKERTOWN RD,8,Otro,Urbano,Local,Other State Agency,0,Sin jurisdiccion especial,0,36.15768889,-80.20504444,Vehiculo en movimiento,Angulo,Four-Way Intersection,Interseccion de 4 direcciones,Sobre calle,Ninguna,Dia total,Despejado,No,470215U,99,99,99,99,1,25/06/2022,2
37,North Carolina,370569,0,0,1,0,73,GATES (73),0,NO APLICA,6,Junio,17,2022,14,18,SILVER SPRINGS RD,9,Desconocido,Rural,Local,State Highway Agency,0,Sin jurisdiccion especial,36,36.43464444,-76.64620278,Zanja,El primer evento no fue una colision con un vehiculo automotor en transporte,Not an Intersection,No fue interseccion,Sobre el lado de la calle,Ninguna,Dia total,Despejado,No,NO APLICA,14,10,14,19,1,17/06/2022,1
37,North Carolina,370570,0,0,1,0,73,GATES (73),0,NO APLICA,6,Junio,22,2022,15,39,FOLLY RD,9,Desconocido,Rural,Colector Menor,State Highway Agency,0,Sin jurisdiccion especial,89,36.4724,-76.564675,Zanja,El primer evento no fue una colision con un vehiculo automotor en transporte,Not an Intersection,No fue interseccion,Sobre el lado de la calle,Ninguna,Dia total,Despejado,No,NO APLICA,15,32,15,42,1,22/06/2022,1
37,North Carolina,370571,0,0,1,0,75,GRAHAM (75),0,NO APLICA,6,Junio,26,2022,20,0,SR-143,3,Highway estatal,Rural,Colector Mayor,State Highway Agency,0,Sin jurisdiccion especial,100,35.32065278,-83.97905833,Valla Ferrocarril,El primer evento no fue una colision con un vehiculo automotor en transporte,Not an Intersection,No fue interseccion,Sobre el lado de la calle,Ninguna,Dia total,Despejado,No,NO APLICA,19,16,19,45,1,26/06/2022,2
37,North Carolina,370572,0,0,3,0,77,GRANVILLE (77),0,NO APLICA,6,Junio,1,2022,10,4,I-85,1,Interestatal,Rural,Interestatal,State Highway Agency,1,Sin jurisdiccion especial,192,36.12698056,-78.74198611,Vehiculo en movimiento,Frente a Detrás,Not an Intersection,No fue interseccion,Sobre calle,Ninguna,Dia total,Despejado,No,NO APLICA,99,99,99,99,1,01/06/2022,3
37,North Carolina,370573,0,0,1,0,81,GUILFORD (81),1940,GREENSBORO,6,Junio,14,2022,20,1,ALAMANCE CHURCH RD,9,Desconocido,Urbano,Arteria Menor,State Highway Agency,0,Sin jurisdiccion especial,11,36.03785556,-79.76705,Buzon de correo,El primer evento no fue una colision con un vehiculo automotor en transporte,Not an Intersection,No fue interseccion,Sobre el lado de la calle,Construccion,Dia total,Despejado,No,NO APLICA,20,3,20,9,1,14/06/2022,1
37,North Carolina,370574,0,0,1,0,83,HALIFAX (83),2217,HOLLISTER,6,Junio,5,2022,15,54,NC-561,9,Desconocido,Urbano,Arteria Menor,State Highway Agency,0,Sin jurisdiccion especial,45,36.22524167,-77.97216944,Acotamiento,El primer evento no fue una colision con un vehiculo automotor en transporte,Not an Intersection,No fue interseccion,Sobre el lado de la calle,Ninguna,Dia total,Despejado,No,NO APLICA,15,47,16,11,1,05/06/2022,1
37,North Carolina,370575,0,0,1,0,83,HALIFAX (83),0,NO APLICA,6,Junio,8,2022,3,20,ITA RD,9,Desconocido,Rural,Colector Menor,State Highway Agency,0,Sin jurisdiccion especial,4,36.247,-77.930975,Culvert,El primer evento no fue una colision con un vehiculo automotor en transporte,Not an Intersection,No fue interseccion,Sobre el lado de la calle,Ninguna,Oscuro sin iluminacion,Despejado,No,NO APLICA,3,8,3,19,1,08/06/2022,1
37,North Carolina,370576,0,0,2,0,83,HALIFAX (83),0,NO APLICA,6,Junio,17,2022,21,25,US-158,2,US Highway,Rural,Desconocido,State Highway Agency,0,Sin jurisdiccion especial,0,36.44970833,-77.723475,Vehiculo en movimiento,Angulo,T-Intersection,Interseccion de T,Sobre calle,Ninguna,Oscuro sin iluminacion,Nublado,No,NO APLICA,21,26,21,35,1,17/06/2022,2
37,North Carolina,370577,0,0,1,0,85,HARNETT (85),0,NO APLICA,6,Junio,15,2022,2,25,NC-217,6,Calle Local Municipalidad,Rural,Colector Mayor,State Highway Agency,0,Sin jurisdiccion especial,34,35.30273333,-78.70443056,Arbol,El primer evento no fue una colision con un vehiculo automotor en transporte,Not an Intersection,No fue interseccion,Fuera de la calle,Ninguna,Oscuro sin iluminacion,Despejado,No,NO APLICA,99,99,99,99,1,15/06/2022,1