Estado,Nombre de Estado,Numero de Caso,Peatones,Personas _no_vehiculos,Vehiculos automotores,Vehiculos estacionados,Condado,Nombre Condado,Ciudad,Nombre Ciudad,Mes,Nombre Mes,Dia,Año,Hora,Minuto,Calle,Ruta,Nombre Ruta,Rural o Urbanoo,Sistema Funcional,Dueño Calle,Sistema Nacional Carreteras,Jurisdiccion Especial,Milla,Latitud,Longitud,Causa del Accidente,Tipo de Accidente,Tipo Interseccion,Columna1,Lugar en la calle,Zona de Trabajo,Luz,Clima,Autobus Escolar,Cruce de Trenes,Hora Notificacion,Minuto Notificacion,Hora Llegada,Minuto Llegada,Decesos,Fecha,PersonaVehiculo
37,North Carolina,370578,0,0,2,0,89,HENDERSON (89),0,NO APLICA,6,Junio,10,2022,15,45,US-25,2,US Highway,Rural,Arteria Principal,State Highway Agency,1,Sin jurisdiccion especial,112,35.38620556,-82.50428889,Vehiculo en movimiento,Angulo,T-Intersection,Interseccion de T,Sobre calle,Ninguna,Dia total,Despejado,No,NO APLICA,99,99,99,99,1,10/06/2022,2
37,North Carolina,370579,0,0,1,0,91,HERTFORD (91),0,NO APLICA,6,Junio,25,2022,7,57,NC-11,6,Calle Local Municipalidad,Rural,Colector Mayor,State Highway Agency,0,Sin jurisdiccion especial,15,36.25423056,-77.08327222,Poste de Señal de trafico,El primer evento no fue una colision con un vehiculo automotor en transporte,T-Intersection,Interseccion de T,Isla de trafico para peatones,Ninguna,Dia total,Despejado,No,NO APLICA,99,99,99,99,1,25/06/2022,1
37,North Carolina,370580,0,0,1,0,91,HERTFORD (91),0,NO APLICA,6,Junio,25,2022,12,13,RIVER ROAD,6,Calle Local Municipalidad,Rural,Local,State Highway Agency,0,Sin jurisdiccion especial,10,36.36752778,-76.89126389,Zanja,El primer evento no fue una colision con un vehiculo automotor en transporte,Not an Intersection,No fue interseccion,Sobre el lado de la calle,Ninguna,Dia total,Despejado,No,NO APLICA,99,99,99,99,1,25/06/2022,1
37,North Carolina,370581,0,0,2,0,93,HOKE (93),0,NO APLICA,6,Junio,18,2022,18,33,ARMY RD,9,Desconocido,Rural,Colector Menor,Not Reported,0,Sin jurisdiccion especial,22,35.04437778,-79.36013889,Vehiculo en movimiento,Frente a frente,Not an Intersection,No fue interseccion,Sobre calle,Ninguna,Dia total,Despejado,No,NO APLICA,18,31,19,3,1,18/06/2022,3
37,North Carolina,370582,0,0,1,0,97,IREDELL (97),0,NO APLICA,6,Junio,17,2022,21,26,SR-901,3,Highway estatal,Rural,Colector Mayor,State Highway Agency,9,Sin jurisdiccion especial,99998,36.02676111,-80.86999167,Buzon de correo,El primer evento no fue una colision con un vehiculo automotor en transporte,Not an Intersection,No fue interseccion,Sobre el lado de la calle,Ninguna,Oscuro sin iluminacion,Despejado,No,NO APLICA,21,25,21,34,1,17/06/2022,3
37,North Carolina,370583,0,0,2,0,97,IREDELL (97),0,NO APLICA,6,Junio,24,2022,17,57,I-77,1,Interestatal,Rural,Interestatal,State Highway Agency,1,Sin jurisdiccion especial,99998,35.73986111,-80.85965833,Vehiculo en movimiento,Frente a Detrás,Not an Intersection,No fue interseccion,Sobre calle,Ninguna,Dia total,Despejado,No,NO APLICA,99,99,99,99,1,24/06/2022,2
37,North Carolina,370584,0,0,2,0,99,JACKSON (99),0,NO APLICA,6,Junio,6,2022,18,23,SR-107,3,Highway estatal,Rural,Arteria Menor,State Highway Agency,0,Sin jurisdiccion especial,99998,35.30154444,-83.14916944,Vehiculo en movimiento,Frente a frente,Not an Intersection,No fue interseccion,Sobre calle,Construccion,Dia total,Despejado,No,NO APLICA,99,99,99,99,1,06/06/2022,2
37,North Carolina,370585,0,0,1,0,105,LEE (105),0,NO APLICA,6,Junio,10,2022,22,43,US-421,2,US Highway,Rural,Arteria Principal,State Highway Agency,1,Sin jurisdiccion especial,99998,77.7777,777.7777,Volcadura,El primer evento no fue una colision con un vehiculo automotor en transporte,Not an Intersection,No fue interseccion,Separador,Ninguna,Oscuro sin iluminacion,Despejado,No,NO APLICA,22,45,22,51,1,10/06/2022,1
37,North Carolina,370586,0,0,2,0,105,LEE (105),0,NO APLICA,6,Junio,10,2022,15,26,SR-1144 SWANNS STATION RD,3,Highway estatal,Rural,Colector Mayor,State Highway Agency,9,Sin jurisdiccion especial,99998,35.37816111,-79.15165,Vehiculo en movimiento,Angulo,T-Intersection,Interseccion de T,Sobre calle,Ninguna,Dia total,Despejado,No,NO APLICA,14,12,14,22,1,10/06/2022,2
37,North Carolina,370587,0,0,1,0,35,CATAWBA (35),0,NO APLICA,6,Junio,8,2022,22,40,SSR-2004 SALEM CHURCH RD,8,Otro,Urbano,Local,State Highway Agency,9,Sin jurisdiccion especial,99998,77.7777,777.7777,Zanja,El primer evento no fue una colision con un vehiculo automotor en transporte,Not an Intersection,No fue interseccion,Sobre el lado de la calle,Ninguna,Oscuro sin iluminacion,Despejado,No,NO APLICA,22,39,22,52,1,08/06/2022,2
37,North Carolina,370588,0,0,2,0,109,LINCOLN (109),0,NO APLICA,6,Junio,19,2022,17,18,SR-1113,3,Highway estatal,Rural,Colector Menor,State Highway Agency,0,Sin jurisdiccion especial,99998,35.51571111,-81.31046111,Vehiculo en movimiento,Angulo,Four-Way Intersection,Interseccion de 4 direcciones,Sobre calle,Ninguna,Dia total,Despejado,No,NO APLICA,99,99,99,99,1,19/06/2022,2
37,North Carolina,370589,0,0,3,0,113,MACON (113),0,NO APLICA,6,Junio,29,2022,17,20,US-23,2,US Highway,Rural,Arteria Principal,State Highway Agency,1,Sin jurisdiccion especial,99998,35.05970556,-83.38710833,Vehiculo en movimiento,Angulo,Not an Intersection,No fue interseccion,Sobre calle,Ninguna,Dia total,lluvia,No,NO APLICA,99,99,99,99,1,29/06/2022,3
37,North Carolina,370590,0,0,2,0,111,MCDOWELL (111),0,NO APLICA,6,Junio,11,2022,16,45,SR-226,3,Highway estatal,Rural,Colector Mayor,State Highway Agency,9,Sin jurisdiccion especial,99998,35.61388611,-81.87824444,Vehiculo en movimiento,Frente a frente,Not an Intersection,No fue interseccion,Sobre calle,Ninguna,Dia total,Despejado,No,NO APLICA,16,45,16,59,1,11/06/2022,4
37,North Carolina,370591,0,0,1,0,119,MECKLENBURG (119),870,CHARLOTTE,6,Junio,4,2022,6,4,E SUGAR CREEK RD,6,Calle Local Municipalidad,Urbano,Arteria Menor,City or Municipal Highway Agency,9,Sin jurisdiccion especial,99998,77.7777,777.7777,Estructura de puente overhead,El primer evento no fue una colision con un vehiculo automotor en transporte,Not an Intersection,No fue interseccion,Sobre el lado de la calle,Ninguna,Oscuro con iluminacion,Despejado,No,NO APLICA,99,99,99,99,1,04/06/2022,1
37,North Carolina,370592,0,0,2,0,119,MECKLENBURG (119),870,CHARLOTTE,6,Junio,9,2022,0,59,I-85,1,Interestatal,Rural,Interestatal,State Highway Agency,1,Sin jurisdiccion especial,99998,35.35397778,-80.72796667,Vehiculo en movimiento,Golpe Lateral - misma direccion,Not an Intersection,No fue interseccion,Sobre calle,Ninguna,Oscuro con iluminacion,Despejado,No,NO APLICA,0,54,1,1,1,09/06/2022,2
37,North Carolina,370593,0,0,2,0,119,MECKLENBURG (119),870,CHARLOTTE,6,Junio,23,2022,17,24,JOHNSTON RD,6,Calle Local Municipalidad,Urbano,Arteria Principal,State Highway Agency,1,Sin jurisdiccion especial,99998,35.03405556,-80.84803056,Vehiculo en movimiento,Frente a Detrás,Four-Way Intersection,Interseccion de 4 direcciones,Sobre calle,Ninguna,Dia total,lluvia,No,NO APLICA,17,24,17,36,1,23/06/2022,2
37,North Carolina,370594,1,1,1,0,127,NASH (127),3930,ROCKY MOUNT,6,Junio,15,2022,16,9,PVA 3020 SUNSET AVE,6,Calle Local Municipalidad,Urbano,Arteria Menor,City or Municipal Highway Agency,9,Sin jurisdiccion especial,99998,35.96284167,-77.836625,Ciclista,El primer evento no fue una colision con un vehiculo automotor en transporte,T-Intersection,Interseccion de T,Sobre calle,Ninguna,Dia total,Despejado,No,NO APLICA,99,99,99,99,1,15/06/2022,1
37,North Carolina,370595,0,0,2,0,133,ONSLOW (133),2330,JACKSONVILLE,6,Junio,15,2022,22,51,SSR-1308 GUM BRANCH RD,8,Otro,Urbano,Arteria Menor,State Highway Agency,9,Sin jurisdiccion especial,99998,34.79646111,-77.43790833,Vehiculo en movimiento,Angulo,Four-Way Intersection,Interseccion de 4 direcciones,Sobre calle,Ninguna,Oscuro con iluminacion,Despejado,No,NO APLICA,22,40,22,49,1,15/06/2022,2
37,North Carolina,370596,0,0,2,0,133,ONSLOW (133),0,NO APLICA,6,Junio,17,2022,2,15,SR-1406 PINEY GREEN RD,3,Highway estatal,Urbano,Arteria Menor,State Highway Agency,9,Sin jurisdiccion especial,99998,77.7777,777.7777,Vehiculo en movimiento,Frente a frente,Not an Intersection,No fue interseccion,Sobre calle,Ninguna,Oscuro sin iluminacion,Despejado,No,NO APLICA,2,11,2,26,1,17/06/2022,3
37,North Carolina,370597,0,0,1,0,133,ONSLOW (133),0,NO APLICA,6,Junio,18,2022,2,33,SR-1124 CANADY RD,3,Highway estatal,Urbano,Local,State Highway Agency,9,Sin jurisdiccion especial,99998,34.73885,-77.46425833,Barrera de Trafico de Concreto,El primer evento no fue una colision con un vehiculo automotor en transporte,T-Intersection,Interseccion de T,Separador,Ninguna,Oscuro sin iluminacion,Despejado,No,NO APLICA,2,31,2,35,2,18/06/2022,2
37,North Carolina,370598,1,1,2,0,133,ONSLOW (133),0,NO APLICA,6,Junio,20,2022,23,41,US-17,2,US Highway,Rural,Arteria Principal,State Highway Agency,1,Sin jurisdiccion especial,99998,34.78971667,-77.37515556,Peaton,El primer evento no fue una colision con un vehiculo automotor en transporte,Not an Intersection,No fue interseccion,Sobre calle,Ninguna,Oscuro sin iluminacion,Despejado,No,NO APLICA,23,30,23,35,1,20/06/2022,4
37,North Carolina,370599,0,0,1,0,135,ORANGE (135),0,NO APLICA,6,Junio,5,2022,21,17,SR-1540 LIGER RD,3,Highway estatal,Rural,Local,State Highway Agency,9,Sin jurisdiccion especial,99998,36.16395556,-79.00404722,Arbol,El primer evento no fue una colision con un vehiculo automotor en transporte,Not an Intersection,No fue interseccion,Sobre el lado de la calle,Ninguna,Oscuro sin iluminacion,Despejado,No,NO APLICA,99,99,99,99,1,05/06/2022,1
37,North Carolina,370600,0,0,2,0,135,ORANGE (135),0,NO APLICA,6,Junio,20,2022,9,29,SR-86,3,Highway estatal,Rural,Arteria Menor,State Highway Agency,9,Sin jurisdiccion especial,99998,36.03524167,-79.08168056,Vehiculo en movimiento,Angulo,T-Intersection,Interseccion de T,Sobre calle,Ninguna,Dia total,Despejado,No,NO APLICA,99,99,99,99,1,20/06/2022,3
37,North Carolina,370601,0,0,2,0,139,PASQUOTANK (139),1460,ELIZABETH CITY,6,Junio,11,2022,19,16,SR-1197 OLD US 17,3,Highway estatal,Rural,Local,State Highway Agency,9,Sin jurisdiccion especial,99998,36.24421111,-76.32212222,Vehiculo en movimiento,Angulo,Four-Way Intersection,Interseccion de 4 direcciones,Sobre calle,Ninguna,Dia total,Despejado,No,NO APLICA,99,99,99,99,1,11/06/2022,3
37,North Carolina,370602,0,0,1,0,139,PASQUOTANK (139),0,NO APLICA,6,Junio,26,2022,18,36,SR-1139,3,Highway estatal,Rural,Colector Menor,"State Park, Forest, or Reservation Agency",9,Sin jurisdiccion especial,99998,36.27806667,-76.23852778,Arbol,El primer evento no fue una colision con un vehiculo automotor en transporte,Not an Intersection,No fue interseccion,Sobre el lado de la calle,Ninguna,Dia total,Despejado,No,NO APLICA,99,99,99,99,1,26/06/2022,1
37,North Carolina,370603,0,0,1,0,141,PENDER (141),0,NO APLICA,6,Junio,10,2022,13,30,SR-53,3,Highway estatal,Rural,Colector Mayor,State Highway Agency,9,Sin jurisdiccion especial,99998,77.7777,777.7777,Volcadura,El primer evento no fue una colision con un vehiculo automotor en transporte,Not an Intersection,No fue interseccion,Sobre el lado de la calle,Ninguna,Dia total,Despejado,No,NO APLICA,13,3,13,23,1,10/06/2022,1
37,North Carolina,370604,1,1,1,0,141,PENDER (141),0,NO APLICA,6,Junio,21,2022,23,29,US-117,2,US Highway,Urbano,Arteria Menor,State Highway Agency,0,Sin jurisdiccion especial,99998,34.44279444,-77.88060556,Peaton,El primer evento no fue una colision con un vehiculo automotor en transporte,Not an Intersection,No fue interseccion,Sobre calle,Ninguna,Oscuro sin iluminacion,Despejado,No,NO APLICA,99,99,99,99,1,21/06/2022,1
37,North Carolina,370605,0,0,1,0,147,PITT (147),0,NO APLICA,6,Junio,7,2022,11,15,SR-1514,3,Highway estatal,Rural,Local,State Highway Agency,9,Sin jurisdiccion especial,99998,35.77645556,-77.31096944,Culvert,El primer evento no fue una colision con un vehiculo automotor en transporte,Not an Intersection,No fue interseccion,Sobre el lado de la calle,Ninguna,Dia total,Despejado,No,NO APLICA,11,11,11,19,1,07/06/2022,1
37,North Carolina,370606,0,0,1,0,143,PERQUIMANS (143),0,NO APLICA,6,Junio,24,2022,22,35,US-17,2,US Highway,Rural,Arteria Principal,State Highway Agency,1,Sin jurisdiccion especial,99998,77.7777,777.7777,Arbol,El primer evento no fue una colision con un vehiculo automotor en transporte,Not an Intersection,No fue interseccion,En el medio,Ninguna,Oscuro sin iluminacion,Despejado,No,NO APLICA,22,26,22,36,1,24/06/2022,1
37,North Carolina,370607,0,0,1,0,147,PITT (147),0,NO APLICA,6,Junio,27,2022,20,24,SR-1567 CLARKS NECK,3,Highway estatal,Urbano,Local,State Highway Agency,9,Reservacion India,99998,35.56324722,-77.09458333,Arbol,El primer evento no fue una colision con un vehiculo automotor en transporte,Not an Intersection,No fue interseccion,Sobre el lado de la calle,Ninguna,Atardecer,Nublado,No,NO APLICA,20,22,20,35,1,27/06/2022,1
37,North Carolina,370608,1,1,1,0,155,ROBESON (155),0,NO APLICA,6,Junio,18,2022,21,47,SR-1001,3,Highway estatal,Urbano,Colector Menor,State Highway Agency,9,Sin jurisdiccion especial,99998,34.73141944,-79.07146944,Peaton,El primer evento no fue una colision con un vehiculo automotor en transporte,Not an Intersection,No fue interseccion,Sobre calle,Ninguna,Oscuro sin iluminacion,Despejado,No,NO APLICA,99,99,99,99,1,18/06/2022,1
37,North Carolina,370609,0,0,2,0,155,ROBESON (155),0,NO APLICA,6,Junio,3,2022,6,9,SR-41,3,Highway estatal,Rural,Arteria Menor,State Highway Agency,9,Sin jurisdiccion especial,99999,34.63874167,-78.95994167,Vehiculo en movimiento,Golpe Lateral - direccion contraria,Not an Intersection,No fue interseccion,Sobre calle,Ninguna,Dia total,Despejado,No,NO APLICA,6,16,6,19,1,03/06/2022,2
37,North Carolina,370610,0,0,1,0,155,ROBESON (155),3550,PEMBROKE,6,Junio,4,2022,23,1,SR-1340,3,Highway estatal,Rural,Colector Mayor,State Highway Agency,9,Sin jurisdiccion especial,99998,34.70903611,-79.19710278,Volcadura,El primer evento no fue una colision con un vehiculo automotor en transporte,Not an Intersection,No fue interseccion,Sobre el lado de la calle,Ninguna,Oscuro sin iluminacion,Despejado,No,NO APLICA,99,99,99,99,1,04/06/2022,1
37,North Carolina,370611,1,1,1,0,155,ROBESON (155),0,NO APLICA,6,Junio,25,2022,3,5,SR-1948,3,Highway estatal,Rural,Local,State Highway Agency,9,Sin jurisdiccion especial,99998,34.66208333,-78.95874722,Peaton,El primer evento no fue una colision con un vehiculo automotor en transporte,Not an Intersection,No fue interseccion,Sobre calle,Ninguna,Oscuro sin iluminacion,Despejado,No,NO APLICA,99,99,99,99,1,25/06/2022,1
37,North Carolina,370612,0,0,1,0,155,ROBESON (155),0,NO APLICA,6,Junio,26,2022,22,57,SSR-1303 OLD RED SPRINGS RD,8,Otro,Rural,Colector Menor,State Highway Agency,0,Sin jurisdiccion especial,70,34.77167778,-79.23648611,Zanja,El primer evento no fue una colision con un vehiculo automotor en transporte,Not an Intersection,No fue interseccion,Sobre el lado de la calle,Ninguna,Oscuro sin iluminacion,Despejado,No,NO APLICA,22,50,23,7,1,26/06/2022,1
37,North Carolina,370613,0,0,1,0,159,ROWAN (159),0,NO APLICA,6,Junio,18,2022,3,49,SHERRILLS FORD RD,6,Calle Local Municipalidad,Rural,Colector Mayor,State Highway Agency,0,Sin jurisdiccion especial,50,35.68484167,-80.55843611,Zanja,El primer evento no fue una colision con un vehiculo automotor en transporte,Not an Intersection,No fue interseccion,Sobre el lado de la calle,Ninguna,Oscuro sin iluminacion,Despejado,No,NO APLICA,99,99,99,99,1,18/06/2022,1
37,North Carolina,370614,0,0,1,0,161,RUTHERFORD (161),0,NO APLICA,6,Junio,27,2022,18,27,DOGGETT RD,9,Desconocido,Rural,Local,State Highway Agency,0,Sin jurisdiccion especial,41,35.29698889,-81.87185833,Poste,El primer evento no fue una colision con un vehiculo automotor en transporte,Not an Intersection,No fue interseccion,Sobre el lado de la calle,Ninguna,Dia total,lluvia,No,NO APLICA,18,23,18,36,1,27/06/2022,1
37,North Carolina,370615,0,0,1,0,163,SAMPSON (163),0,NO APLICA,6,Junio,25,2022,22,27,SUTTONTOWN RD,6,Calle Local Municipalidad,Rural,Colector Mayor,State Highway Agency,0,Sin jurisdiccion especial,44,35.18425833,-78.20817222,Zanja,El primer evento no fue una colision con un vehiculo automotor en transporte,Not an Intersection,No fue interseccion,Sobre el lado de la calle,Ninguna,Oscuro sin iluminacion,Despejado,No,NO APLICA,99,99,99,99,1,25/06/2022,1
37,North Carolina,370616,0,0,2,0,171,SURRY (171),0,NO APLICA,6,Junio,22,2022,13,10,I-77,1,Interestatal,Rural,Interestatal,State Highway Agency,1,Sin jurisdiccion especial,83,36.36566944,-80.79681111,Vehiculo en movimiento,Angulo,Not an Intersection,No fue interseccion,Sobre calle,Ninguna,Dia total,Despejado,No,NO APLICA,13,8,13,19,1,22/06/2022,2
37,North Carolina,370617,0,0,2,0,173,SWAIN (173),0,NO APLICA,6,Junio,10,2022,10,54,NC-28,8,Otro,Rural,Colector Mayor,State Highway Agency,0,Sin jurisdiccion especial,25,35.32357222,-83.50771667,Volcadura,El primer evento no fue una colision con un vehiculo automotor en transporte,Not an Intersection,No fue interseccion,Sobre calle,Ninguna,Dia total,Despejado,No,NO APLICA,10,49,11,3,1,10/06/2022,2
37,North Carolina,370618,0,0,1,0,179,UNION (179),0,NO APLICA,6,Junio,23,2022,1,51,S PROVIDENCE RD,9,Desconocido,Rural,Colector Mayor,State Highway Agency,0,Sin jurisdiccion especial,14,34.83240833,-80.698875,Acotamiento,El primer evento no fue una colision con un vehiculo automotor en transporte,Not an Intersection,No fue interseccion,Sobre el lado de la calle,Ninguna,Oscuro sin iluminacion,Despejado,No,NO APLICA,2,8,2,20,1,23/06/2022,1
37,North Carolina,370619,1,1,1,0,183,WAKE (183),3750,RALEIGH,6,Junio,13,2022,0,55,CAPITAL BLVD,6,Calle Local Municipalidad,Urbano,Arteria Principal,City or Municipal Highway Agency,1,Sin jurisdiccion especial,299,35.84674444,-78.58005278,Peaton,El primer evento no fue una colision con un vehiculo automotor en transporte,Not an Intersection,No fue interseccion,Sobre calle,Ninguna,Oscuro sin iluminacion,Nublado,No,NO APLICA,1,0,1,4,1,13/06/2022,5
37,North Carolina,370620,0,0,1,0,183,WAKE (183),0,NO APLICA,6,Junio,26,2022,0,46,SHEPARD SCHOOL RD,9,Desconocido,Rural,Colector Mayor,State Highway Agency,0,Sin jurisdiccion especial,35,35.86826944,-78.29019722,Zanja,El primer evento no fue una colision con un vehiculo automotor en transporte,Not an Intersection,No fue interseccion,Sobre el lado de la calle,Ninguna,Oscuro sin iluminacion,Despejado,No,NO APLICA,0,42,0,48,1,26/06/2022,1
37,North Carolina,370621,0,0,3,0,185,WARREN (185),0,NO APLICA,6,Junio,30,2022,9,46,I-85,1,Interestatal,Rural,Interestatal,State Highway Agency,1,Sin jurisdiccion especial,17,36.52241667,-78.20024167,Vehiculo en movimiento,Frente a Detrás,Not an Intersection,No fue interseccion,Sobre calle,Ninguna,Dia total,Despejado,No,NO APLICA,9,49,9,59,1,30/06/2022,5
37,North Carolina,370622,0,0,1,0,191,WAYNE (191),1880,GOLDSBORO,6,Junio,1,2022,3,19,ROYAL AVENUE,6,Calle Local Municipalidad,Urbano,Local,City or Municipal Highway Agency,9,Sin jurisdiccion especial,99998,35.39230278,-77.99237222,Poste,El primer evento no fue una colision con un vehiculo automotor en transporte,Not an Intersection,No fue interseccion,Sobre el lado de la calle,Ninguna,Oscuro sin iluminacion,Despejado,No,NO APLICA,3,22,3,28,1,01/06/2022,1
37,North Carolina,370623,1,1,1,0,191,WAYNE (191),0,NO APLICA,6,Junio,3,2022,3,48,SR-1326 CLARIDGE NURSERY RD,3,Highway estatal,Rural,Colector Mayor,State Highway Agency,9,Sin jurisdiccion especial,99998,35.43170556,-78.02394722,Peaton,El primer evento no fue una colision con un vehiculo automotor en transporte,Not an Intersection,No fue interseccion,Sobre calle,Ninguna,Oscuro sin iluminacion,Despejado,No,NO APLICA,3,50,3,50,1,03/06/2022,1
37,North Carolina,370624,0,0,1,0,193,WILKES (193),0,NO APLICA,6,Junio,21,2022,16,27,SR-2412,3,Highway estatal,Rural,Local,State Highway Agency,0,Sin jurisdiccion especial,99998,77.7777,777.7777,Arbol,El primer evento no fue una colision con un vehiculo automotor en transporte,Not an Intersection,No fue interseccion,Sobre el lado de la calle,Ninguna,Dia total,Despejado,No,NO APLICA,16,24,16,37,1,21/06/2022,1
37,North Carolina,370625,0,0,2,0,195,WILSON (195),5070,WILSON,6,Junio,6,2022,2,55,SR-42 WARD BLVD,3,Highway estatal,Urbano,Arteria Principal,State Highway Agency,9,Sin jurisdiccion especial,99998,35.75425,-77.92862778,Vehiculo en movimiento,Angulo,Not an Intersection,No fue interseccion,Sobre calle,Ninguna,Oscuro con iluminacion,Despejado,No,NO APLICA,99,99,99,99,1,06/06/2022,3
37,North Carolina,370626,0,0,1,0,195,WILSON (195),0,NO APLICA,6,Junio,24,2022,4,57,US-264,2,US Highway,Rural,Arterial Principal -Freeway o ExpressWay,State Highway Agency,1,Sin jurisdiccion especial,9,35.77242778,-78.05067778,Arbol,El primer evento no fue una colision con un vehiculo automotor en transporte,Not an Intersection,No fue interseccion,Sobre el lado de la calle,Ninguna,Oscuro sin iluminacion,Despejado,No,NO APLICA,99,99,99,99,1,24/06/2022,1
37,North Carolina,370627,1,1,1,0,183,WAKE (183),3750,RALEIGH,6,Junio,14,2022,22,15,SR-54 CHAPEL HILL RD,3,Highway estatal,Urbano,Arteria Principal,State Highway Agency,1,Sin jurisdiccion especial,99998,35.79003889,-78.73623056,Peaton,El primer evento no fue una colision con un vehiculo automotor en transporte,Not an Intersection,No fue interseccion,Sobre calle,Ninguna,Oscuro sin iluminacion,Despejado,No,NO APLICA,22,15,22,21,1,14/06/2022,1
37,North Carolina,370628,0,0,2,0,81,GUILFORD (81),1940,GREENSBORO,6,Junio,1,2022,19,44,SR-1008 W MARKET ST,3,Highway estatal,Urbano,Arteria Menor,State Highway Agency,0,Sin jurisdiccion especial,99998,36.10390278,-79.99009444,Vehiculo en movimiento,Angulo,T-Intersection,Interseccion de T,Sobre calle,Ninguna,Dia total,Despejado,No,NO APLICA,19,44,19,54,1,01/06/2022,3
37,North Carolina,370630,1,1,2,0,147,PITT (147),1950,GREENVILLE,5,Mayo,27,2022,21,19,US-13,2,US Highway,Urbano,Arteria Principal,State Highway Agency,1,Sin jurisdiccion especial,134,35.63063611,-77.37940556,Peaton,El primer evento no fue una colision con un vehiculo automotor en transporte,Not an Intersection,No fue interseccion,Sobre calle,Ninguna,Oscuro sin iluminacion,Despejado,No,NO APLICA,99,99,99,99,1,27/05/2022,5
37,North Carolina,370631,0,0,3,0,119,MECKLENBURG (119),870,CHARLOTTE,7,Julio,2,2022,1,57,I-85,1,Interestatal,Urbano,Interestatal,State Highway Agency,1,Sin jurisdiccion especial,210,35.36096111,-80.72114167,Vehiculo en movimiento,Frente a Detrás,Not an Intersection,No fue interseccion,Sobre calle,Ninguna,Oscuro con iluminacion,Despejado,No,NO APLICA,99,99,99,99,1,02/07/2022,3
37,North Carolina,370632,0,0,2,0,115,MADISON (115),0,NO APLICA,6,Junio,27,2022,12,29,NC-213,6,Calle Local Municipalidad,Rural,Local,State Highway Agency,0,Sin jurisdiccion especial,0,35.81886667,-82.64760833,Vehiculo en movimiento,Angulo,T-Intersection,Interseccion de T,Sobre calle,Ninguna,Dia total,Despejado,No,NO APLICA,99,99,99,99,1,27/06/2022,4
37,North Carolina,370633,1,1,1,0,161,RUTHERFORD (161),1680,FOREST CITY,6,Junio,21,2022,21,44,OAK ST,9,Desconocido,Urbano,Local,State Highway Agency,0,Sin jurisdiccion especial,1,35.33157778,-81.86826389,Peaton,El primer evento no fue una colision con un vehiculo automotor en transporte,Four-Way Intersection,Interseccion de 4 direcciones,Sobre calle,Ninguna,Oscuro sin iluminacion,Despejado,No,NO APLICA,21,47,21,51,1,21/06/2022,2
37,North Carolina,370634,0,0,1,0,179,UNION (179),0,NO APLICA,6,Junio,24,2022,0,41,CRANE RD,9,Desconocido,Rural,Local,State Highway Agency,0,Sin jurisdiccion especial,27,35.00383333,-80.78434167,Arbol,El primer evento no fue una colision con un vehiculo automotor en transporte,Not an Intersection,No fue interseccion,Sobre el lado de la calle,Ninguna,Oscuro sin iluminacion,Despejado,No,NO APLICA,0,24,0,34,1,24/06/2022,2
37,North Carolina,370635,0,0,2,0,179,UNION (179),3100,MONROE,6,Junio,25,2022,19,25,N SUTHERLAND AV,9,Desconocido,Urbano,Local,State Highway Agency,0,Sin jurisdiccion especial,5,34.99821667,-80.53056389,Vehiculo en movimiento,Frente a frente,Not an Intersection,No fue interseccion,Sobre calle,Ninguna,Dia total,Despejado,No,NO APLICA,19,27,19,31,4,25/06/2022,4
37,North Carolina,370636,0,0,2,0,163,SAMPSON (163),0,NO APLICA,7,Julio,4,2022,20,33,SR-24,3,Highway estatal,Rural,Arteria Principal,Other State Agency,1,Sin jurisdiccion especial,0,34.96141389,-78.45495278,Poste de Señal de trafico,El primer evento no fue una colision con un vehiculo automotor en transporte,"Five Point, or More",5 Puntos o mas,Isla de trafico para peatones,Ninguna,Oscuro sin iluminacion,Nublado,No,NO APLICA,99,99,99,99,1,04/07/2022,2
37,North Carolina,370637,0,0,1,0,69,FRANKLIN (69),0,NO APLICA,7,Julio,5,2022,21,14,DARIUS PEARCE RD,9,Desconocido,Rural,Local,State Highway Agency,0,Sin jurisdiccion especial,30,35.95440833,-78.39071389,Zanja,El primer evento no fue una colision con un vehiculo automotor en transporte,Not an Intersection,No fue interseccion,Sobre el lado de la calle,Ninguna,Oscuro sin iluminacion,Nublado,No,NO APLICA,21,22,21,23,1,05/07/2022,1
37,North Carolina,370638,0,0,2,0,177,TYRRELL (177),0,NO APLICA,5,Mayo,30,2022,13,55,US-64,2,US Highway,Rural,Arterial Principal -Freeway o ExpressWay,State Highway Agency,1,Sin jurisdiccion especial,99998,35.90730556,-76.29185,Vehiculo en movimiento,Frente a Detrás,Not an Intersection,No fue interseccion,Sobre calle,Ninguna,Dia total,Despejado,No,NO APLICA,13,49,13,53,1,30/05/2022,4