Estado,Nombre de Estado,Numero de Caso,Peatones,Personas _no_vehiculos,Vehiculos automotores,Vehiculos estacionados,Condado,Nombre Condado,Ciudad,Nombre Ciudad,Mes,Nombre Mes,Dia,Año,Hora,Minuto,Calle,Ruta,Nombre Ruta,Rural o Urbanoo,Sistema Funcional,Dueño Calle,Sistema Nacional Carreteras,Jurisdiccion Especial,Milla,Latitud,Longitud,Causa del Accidente,Tipo de Accidente,Tipo Interseccion,Columna1,Lugar en la calle,Zona de Trabajo,Luz,Clima,Autobus Escolar,Cruce de Trenes,Hora Notificacion,Minuto Notificacion,Hora Llegada,Minuto Llegada,Decesos,Fecha,PersonaVehiculo
37,North Carolina,370639,0,0,2,0,51,CUMBERLAND (51),0,NO APLICA,6,Junio,22,2022,13,9,SR-210,3,Highway estatal,Rural,Colector Mayor,State Highway Agency,0,Sin jurisdiccion especial,99998,34.9573,-78.65687778,Vehiculo en movimiento,Golpe Lateral - direccion contraria,Not an Intersection,No fue interseccion,Sobre calle,Ninguna,Dia total,Despejado,No,NO APLICA,99,99,99,99,1,22/06/2022,3
37,North Carolina,370640,0,0,2,0,61,DUPLIN (61),0,NO APLICA,6,Junio,13,2022,16,55,SR-41,3,Highway estatal,Rural,Colector Mayor,State Highway Agency,0,Sin jurisdiccion especial,99998,34.75185556,-78.11889444,Vehiculo en movimiento,Frente a frente,Not an Intersection,No fue interseccion,Sobre calle,Ninguna,Dia total,Despejado,No,NO APLICA,16,52,17,3,1,13/06/2022,2
37,North Carolina,370641,0,0,2,0,33,CASWELL (33),0,NO APLICA,6,Junio,18,2022,17,50,US-158,2,US Highway,Rural,Arteria Principal,State Highway Agency,1,Sin jurisdiccion especial,99998,36.39902778,-79.52225833,Vehiculo en movimiento,Frente a frente,Not an Intersection,No fue interseccion,Sobre calle,Ninguna,Dia total,Despejado,No,NO APLICA,99,99,99,99,1,18/06/2022,3
37,North Carolina,370642,0,0,1,0,19,BRUNSWICK (19),0,NO APLICA,6,Junio,26,2022,4,29,US-17,2,US Highway,Rural,Arteria Principal,State Highway Agency,1,Sin jurisdiccion especial,99998,33.93631111,-78.56789167,Acotamiento,El primer evento no fue una colision con un vehiculo automotor en transporte,Not an Intersection,No fue interseccion,Sobre el lado de la calle,Ninguna,Oscuro sin iluminacion,Despejado,No,NO APLICA,99,99,99,99,1,26/06/2022,5
37,North Carolina,370643,0,0,2,0,1,ALAMANCE (1),0,NO APLICA,7,Julio,7,2022,14,58,SR-87,3,Highway estatal,Rural,Arteria Menor,State Highway Agency,0,Sin jurisdiccion especial,298,36.19114444,-79.51189722,Culvert,El primer evento no fue una colision con un vehiculo automotor en transporte,Not an Intersection,No fue interseccion,Sobre el lado de la calle,Ninguna,Dia total,Despejado,No,NO APLICA,14,57,15,8,1,07/07/2022,2
37,North Carolina,370644,0,0,2,0,1,ALAMANCE (1),700,BURLINGTON,7,Julio,11,2022,20,22,SR-87,3,Highway estatal,Urbano,Arteria Principal,Other State Agency,1,Sin jurisdiccion especial,212,36.09773889,-79.43858889,Vehiculo en movimiento,Angulo,Four-Way Intersection,Interseccion de 4 direcciones,Sobre calle,Ninguna,Oscuro con iluminacion,Despejado,No,NO APLICA,21,10,21,15,1,11/07/2022,3
37,North Carolina,370645,0,0,2,0,1,ALAMANCE (1),0,NO APLICA,7,Julio,14,2022,11,34,E GREENSBORO CHAPEL HILL RD,8,Otro,Rural,Colector Mayor,Other State Agency,0,Sin jurisdiccion especial,50,35.90175,-79.34321667,Vehiculo en movimiento,Frente a frente,Not an Intersection,No fue interseccion,Sobre calle,Ninguna,Dia total,Despejado,No,NO APLICA,11,31,11,47,2,14/07/2022,2
37,North Carolina,370646,0,0,1,0,7,ANSON (7),0,NO APLICA,7,Julio,2,2022,10,6,SR-109,3,Highway estatal,Rural,Colector Mayor,State Highway Agency,0,Sin jurisdiccion especial,68,34.89638056,-80.15506111,Arbol,El primer evento no fue una colision con un vehiculo automotor en transporte,Not an Intersection,No fue interseccion,Sobre el lado de la calle,Ninguna,Dia total,Despejado,No,NO APLICA,10,5,10,15,1,02/07/2022,1
37,North Carolina,370647,0,0,2,0,9,ASHE (9),0,NO APLICA,7,Julio,22,2022,17,12,SR-16,3,Highway estatal,Rural,Colector Mayor,Other State Agency,0,Sin jurisdiccion especial,116,36.43918889,-81.43854722,Volcadura,El primer evento no fue una colision con un vehiculo automotor en transporte,Not an Intersection,No fue interseccion,Sobre calle,Ninguna,Dia total,Despejado,No,NO APLICA,99,99,99,99,1,22/07/2022,2
37,North Carolina,370648,0,0,1,0,13,BEAUFORT (13),0,NO APLICA,7,Julio,31,2022,14,8,CHERRY RUN RD,8,Otro,Rural,Arteria Menor,Other State Agency,0,Sin jurisdiccion especial,10,35.59512778,-77.08282778,Culvert,El primer evento no fue una colision con un vehiculo automotor en transporte,Not an Intersection,No fue interseccion,Sobre el lado de la calle,Ninguna,Dia total,lluvia,No,NO APLICA,13,58,14,6,1,31/07/2022,1
37,North Carolina,370649,1,1,1,0,15,BERTIE (15),2610,LEWISTON WOODVILLE,7,Julio,1,2022,23,50,SR-11,3,Highway estatal,Urbano,Arteria Menor,State Highway Agency,0,Sin jurisdiccion especial,78,36.11979167,-77.17427222,Peaton,El primer evento no fue una colision con un vehiculo automotor en transporte,Not an Intersection,No fue interseccion,Sobre calle,Ninguna,Oscuro sin iluminacion,Despejado,No,NO APLICA,23,50,0,0,1,01/07/2022,1
37,North Carolina,370650,0,0,1,0,17,BLADEN (17),0,NO APLICA,7,Julio,17,2022,1,39,CHICKENFOOT RD,9,Desconocido,Rural,Colector Menor,State Highway Agency,0,Sin jurisdiccion especial,10,34.82302778,-78.88736667,Zanja,El primer evento no fue una colision con un vehiculo automotor en transporte,Not an Intersection,No fue interseccion,Sobre el lado de la calle,Ninguna,Oscuro sin iluminacion,Despejado,No,NO APLICA,1,33,1,47,1,17/07/2022,1
37,North Carolina,370651,1,1,1,0,21,BUNCOMBE (21),0,NO APLICA,7,Julio,7,2022,22,52,SR-70,3,Highway estatal,Urbano,Arteria Principal,State Highway Agency,1,Sin jurisdiccion especial,99998,35.59638611,-82.42133611,Peaton,El primer evento no fue una colision con un vehiculo automotor en transporte,Not an Intersection,No fue interseccion,Sobre calle,Ninguna,Oscuro sin iluminacion,lluvia,No,NO APLICA,23,48,0,4,1,07/07/2022,1
37,North Carolina,370652,0,0,1,0,23,BURKE (23),0,NO APLICA,7,Julio,22,2022,12,1,SR-1653,3,Highway estatal,Rural,Arteria Menor,State Highway Agency,9,Sin jurisdiccion especial,99998,88.8888,888.8888,Arbol,El primer evento no fue una colision con un vehiculo automotor en transporte,Not an Intersection,No fue interseccion,Sobre el lado de la calle,Ninguna,Dia total,Despejado,No,NO APLICA,99,99,99,99,1,22/07/2022,2
37,North Carolina,370653,0,0,2,0,23,BURKE (23),0,NO APLICA,7,Julio,31,2022,18,42,SR-181,3,Highway estatal,Rural,Arteria Principal,State Highway Agency,0,Sin jurisdiccion especial,99998,35.78066667,-81.75764722,Vehiculo en movimiento,Frente a frente,Not an Intersection,No fue interseccion,Sobre calle,Ninguna,Dia total,lluvia,No,NO APLICA,99,99,99,99,1,31/07/2022,3
37,North Carolina,370654,0,0,2,0,27,CALDWELL (27),0,NO APLICA,7,Julio,11,2022,6,13,SR-1159 PLEASANT HILL RD,3,Highway estatal,Urbano,Colector Mayor,State Highway Agency,0,Sin jurisdiccion especial,99998,35.85395833,-81.52680278,Vehiculo en movimiento,Angulo,Not an Intersection,No fue interseccion,Sobre calle,Ninguna,Oscuro sin iluminacion,Despejado,No,NO APLICA,99,99,99,99,1,11/07/2022,2
37,North Carolina,370655,0,0,3,0,27,CALDWELL (27),0,NO APLICA,7,Julio,27,2022,22,49,US-321 HICKORY BLVD,2,US Highway,Rural,Arteria Principal,State Highway Agency,1,Sin jurisdiccion especial,99998,35.76969167,-81.38828889,Vehiculo en movimiento,Frente a Detrás,Not an Intersection,No fue interseccion,Sobre calle,Ninguna,Oscuro sin iluminacion,Despejado,No,NO APLICA,99,99,99,99,1,27/07/2022,3
37,North Carolina,370656,1,1,1,0,33,CASWELL (33),0,NO APLICA,7,Julio,4,2022,23,38,SR-86,3,Highway estatal,Rural,Arteria Menor,State Highway Agency,0,Sin jurisdiccion especial,99998,36.54075833,-79.40074167,Peaton,El primer evento no fue una colision con un vehiculo automotor en transporte,Not an Intersection,No fue interseccion,Sobre calle,Ninguna,Oscuro sin iluminacion,Despejado,No,NO APLICA,99,99,99,99,1,04/07/2022,1
37,North Carolina,370657,0,0,1,0,35,CATAWBA (35),0,NO APLICA,7,Julio,16,2022,21,43,OXFORD SCHOOL RD,8,Otro,Rural,Colector Menor,Other State Agency,0,Sin jurisdiccion especial,302,35.73410556,-81.08541667,Acotamiento,El primer evento no fue una colision con un vehiculo automotor en transporte,Not an Intersection,No fue interseccion,Sobre el lado de la calle,Ninguna,Oscuro sin iluminacion,Despejado,No,NO APLICA,21,32,21,40,1,16/07/2022,1
37,North Carolina,370658,0,0,2,0,35,CATAWBA (35),0,NO APLICA,7,Julio,17,2022,17,39,BETHEL CHURCH RD,8,Otro,Rural,Local,State Highway Agency,0,Sin jurisdiccion especial,16,35.68038611,-81.36662778,Vehiculo en movimiento,Frente a frente,Not an Intersection,No fue interseccion,Sobre el lado de la calle,Ninguna,Dia total,lluvia,No,NO APLICA,17,37,17,41,1,17/07/2022,2
37,North Carolina,370659,0,0,1,0,45,CLEVELAND (45),0,NO APLICA,7,Julio,6,2022,5,8,US-74,2,US Highway,Rural,Arteria Principal,State Highway Agency,1,Sin jurisdiccion especial,56,35.29131944,-81.63253333,Culvert,El primer evento no fue una colision con un vehiculo automotor en transporte,Not an Intersection,No fue interseccion,Sobre el lado de la calle,Ninguna,Oscuro sin iluminacion,Nublado,No,NO APLICA,99,99,99,99,1,06/07/2022,1
37,North Carolina,370660,0,0,1,0,45,CLEVELAND (45),0,NO APLICA,7,Julio,24,2022,14,59,SR-198,3,Highway estatal,Rural,Colector Mayor,Other State Agency,0,Sin jurisdiccion especial,3,35.17380278,-81.52019167,Volcadura,El primer evento no fue una colision con un vehiculo automotor en transporte,Not an Intersection,No fue interseccion,Sobre el lado de la calle,Ninguna,Dia total,Despejado,No,NO APLICA,99,99,99,99,1,24/07/2022,1
37,North Carolina,370661,0,0,2,0,47,COLUMBUS (47),0,NO APLICA,7,Julio,2,2022,1,51,SILVER SPOON RD,9,Desconocido,Rural,Local,State Highway Agency,0,Sin jurisdiccion especial,74,34.41910833,-78.83546111,Vehiculo en movimiento,Angulo,Not an Intersection,No fue interseccion,Sobre calle,Ninguna,Oscuro sin iluminacion,Despejado,No,NO APLICA,1,50,1,59,1,02/07/2022,2
37,North Carolina,370662,0,0,1,0,49,CRAVEN (49),0,NO APLICA,7,Julio,2,2022,3,44,TEMPLES POINT RD,9,Desconocido,Rural,Local,State Highway Agency,0,Sin jurisdiccion especial,38,34.91397222,-76.76731389,Poste,El primer evento no fue una colision con un vehiculo automotor en transporte,Not an Intersection,No fue interseccion,Sobre el lado de la calle,Ninguna,Oscuro sin iluminacion,Nublado,No,NO APLICA,3,26,3,59,1,02/07/2022,2
37,North Carolina,370663,0,0,2,0,51,CUMBERLAND (51),0,NO APLICA,7,Julio,21,2022,5,25,I-95,1,Interestatal,Rural,Interestatal,State Highway Agency,1,Sin jurisdiccion especial,131,35.10328889,-78.77207778,Vehiculo en movimiento,Angulo,Not an Intersection,No fue interseccion,Sobre calle,Construccion,Oscuro sin iluminacion,Despejado,No,NO APLICA,99,99,99,99,1,21/07/2022,2
37,North Carolina,370664,1,1,1,0,51,CUMBERLAND (51),0,NO APLICA,7,Julio,28,2022,22,37,SR-1451,3,Highway estatal,Rural,Arteria Menor,State Highway Agency,0,Sin jurisdiccion especial,99998,35.20911389,-78.95166667,Peaton,El primer evento no fue una colision con un vehiculo automotor en transporte,Not an Intersection,No fue interseccion,Sobre calle,Ninguna,Oscuro sin iluminacion,Despejado,No,NO APLICA,88,88,88,88,1,28/07/2022,1
37,North Carolina,370665,1,1,1,0,55,DARE (55),0,NO APLICA,7,Julio,17,2022,15,49,SR-12,3,Highway estatal,Rural,Colector Mayor,State Highway Agency,0,Sin jurisdiccion especial,188,35.35824167,-75.50179722,Peaton,El primer evento no fue una colision con un vehiculo automotor en transporte,T-Intersection,Interseccion de T,Sobre Acotamiento,Ninguna,Dia total,Despejado,No,NO APLICA,15,42,15,53,1,17/07/2022,1
37,North Carolina,370666,0,0,2,0,57,DAVIDSON (57),0,NO APLICA,7,Julio,13,2022,16,19,NC-150,9,Desconocido,Rural,Arteria Principal,State Highway Agency,1,Sin jurisdiccion especial,150,35.87483611,-80.31736667,Vehiculo en movimiento,Frente a frente,Not an Intersection,No fue interseccion,Sobre calle,Ninguna,Dia total,Nublado,No,NO APLICA,16,20,16,26,2,13/07/2022,3
37,North Carolina,370667,0,0,2,0,63,DURHAM (63),1360,DURHAM,7,Julio,8,2022,23,59,SR-70 BUS HILLSBOROUGH RD,3,Highway estatal,Urbano,Arteria Menor,State Highway Agency,9,Sin jurisdiccion especial,99998,36.01949167,-78.94651944,Vehiculo en movimiento,Angulo,Not an Intersection,No fue interseccion,Sobre calle,Ninguna,Oscuro con iluminacion,Despejado,No,NO APLICA,0,0,0,5,1,08/07/2022,2
37,North Carolina,370668,0,0,2,0,57,DAVIDSON (57),0,NO APLICA,7,Julio,18,2022,15,23,NC-109,9,Desconocido,Rural,Arteria Principal,State Highway Agency,1,Sin jurisdiccion especial,343,35.97950556,-80.13331667,Vehiculo en movimiento,Frente a frente,Not an Intersection,No fue interseccion,Sobre calle,Ninguna,Dia total,Despejado,No,NO APLICA,15,21,15,25,1,18/07/2022,3
37,North Carolina,370669,0,0,1,0,67,FORSYTH (67),0,NO APLICA,7,Julio,26,2022,12,49,SR-1600 DONNAHA RD,3,Highway estatal,Rural,Colector Mayor,State Highway Agency,0,Sin jurisdiccion especial,99998,36.22017778,-80.42914444,Valla Ferrocarril,El primer evento no fue una colision con un vehiculo automotor en transporte,Not an Intersection,No fue interseccion,Sobre el lado de la calle,Ninguna,Dia total,Despejado,No,NO APLICA,99,99,99,99,1,26/07/2022,1
37,North Carolina,370670,0,0,1,0,67,FORSYTH (67),0,NO APLICA,7,Julio,31,2022,2,42,SSR-1969 PINEY GROVE RD,8,Otro,Rural,Colector Mayor,State Highway Agency,9,Sin jurisdiccion especial,99998,36.14840833,-80.06434167,Culvert,El primer evento no fue una colision con un vehiculo automotor en transporte,Not an Intersection,No fue interseccion,Sobre el lado de la calle,Ninguna,Oscuro sin iluminacion,lluvia,No,NO APLICA,88,88,88,88,1,31/07/2022,1
37,North Carolina,370671,0,0,2,0,67,FORSYTH (67),4604,TOBACCOVILLE,7,Julio,31,2022,8,54,SR-1611 DORAL RD,3,Highway estatal,Rural,Colector Mayor,State Highway Agency,9,Sin jurisdiccion especial,99998,36.25015556,-80.37200833,Vehiculo en movimiento,Frente a frente,Not an Intersection,No fue interseccion,Sobre calle,Ninguna,Dia total,Nublado,No,NO APLICA,8,49,9,11,1,31/07/2022,2
37,North Carolina,370672,0,0,1,0,69,FRANKLIN (69),0,NO APLICA,7,Julio,23,2022,17,15,SSR-1730,8,Otro,Rural,Local,State Highway Agency,0,Sin jurisdiccion especial,99998,35.90913333,-78.28413333,Arbol,El primer evento no fue una colision con un vehiculo automotor en transporte,Not an Intersection,No fue interseccion,Sobre el lado de la calle,Ninguna,Dia total,Despejado,No,NO APLICA,17,13,17,20,1,23/07/2022,1
37,North Carolina,370673,1,1,2,0,81,GUILFORD (81),1940,GREENSBORO,7,Julio,4,2022,21,49,CREEK RIDGE ROAD,6,Calle Local Municipalidad,Urbano,Colector Mayor,City or Municipal Highway Agency,9,Sin jurisdiccion especial,99998,36.02922222,-79.807575,Peaton,El primer evento no fue una colision con un vehiculo automotor en transporte,Not an Intersection,No fue interseccion,Sobre calle,Ninguna,Oscuro con iluminacion,Despejado,No,NO APLICA,22,11,22,16,1,04/07/2022,2
37,North Carolina,370674,0,0,1,0,81,GUILFORD (81),2807,MCLEANSVILLE,7,Julio,18,2022,11,12,I-40 BUS,1,Interestatal,Rural,Interestatal,State Highway Agency,1,Sin jurisdiccion especial,99998,36.05879722,-79.66125833,Zanja,El primer evento no fue una colision con un vehiculo automotor en transporte,Not an Intersection,No fue interseccion,Sobre el lado de la calle,Ninguna,Dia total,Despejado,No,NO APLICA,11,25,11,35,1,18/07/2022,2
37,North Carolina,370675,0,0,1,0,81,GUILFORD (81),0,NO APLICA,7,Julio,16,2022,23,0,SSR-1005 ALAMANCE CHURCH RD,8,Otro,Rural,Colector Mayor,State Highway Agency,0,Sin jurisdiccion especial,99998,36.01105278,-79.69715278,Culvert,El primer evento no fue una colision con un vehiculo automotor en transporte,Not an Intersection,No fue interseccion,Sobre el lado de la calle,Ninguna,Oscuro sin iluminacion,Despejado,No,NO APLICA,0,53,1,0,1,16/07/2022,1
37,North Carolina,370676,0,0,1,0,81,GUILFORD (81),1940,GREENSBORO,7,Julio,31,2022,0,52,US-70 W WENDOVER AVENUE,2,US Highway,Urbano,Arterial Principal -Freeway o ExpressWay,State Highway Agency,1,Sin jurisdiccion especial,99998,36.06979167,-79.83988611,Arbol,El primer evento no fue una colision con un vehiculo automotor en transporte,Not an Intersection,No fue interseccion,Sobre el lado de la calle,Ninguna,Oscuro con iluminacion,Nublado,No,NO APLICA,88,88,88,88,1,31/07/2022,1
37,North Carolina,370677,0,0,1,0,85,HARNETT (85),0,NO APLICA,7,Julio,9,2022,15,43,US-421,2,US Highway,Urbano,Arteria Principal,State Highway Agency,1,Sin jurisdiccion especial,99998,35.40053056,-78.73543333,Culvert,El primer evento no fue una colision con un vehiculo automotor en transporte,Not an Intersection,No fue interseccion,Sobre el lado de la calle,Ninguna,Dia total,Despejado,No,NO APLICA,15,39,15,42,1,09/07/2022,1
37,North Carolina,370678,0,0,1,0,83,HALIFAX (83),0,NO APLICA,7,Julio,28,2022,15,14,I-95,1,Interestatal,Rural,Interestatal,State Highway Agency,1,Sin jurisdiccion especial,139,36.26469167,-77.7235,Volcadura,El primer evento no fue una colision con un vehiculo automotor en transporte,Not an Intersection,No fue interseccion,Sobre calle,Ninguna,Dia total,Despejado,No,NO APLICA,15,13,15,20,1,28/07/2022,2
37,North Carolina,370679,0,0,2,0,89,HENDERSON (89),0,NO APLICA,7,Julio,29,2022,19,2,SHEPARD ST,9,Desconocido,Rural,Colector Mayor,State Highway Agency,0,Sin jurisdiccion especial,13,35.30414722,-82.42936111,Poste,El primer evento no fue una colision con un vehiculo automotor en transporte,Not an Intersection,No fue interseccion,Sobre el lado de la calle,Ninguna,Dia total,Nublado,No,NO APLICA,19,0,19,14,1,29/07/2022,2
37,North Carolina,370681,0,0,1,0,99,JACKSON (99),0,NO APLICA,7,Julio,9,2022,0,45,US-23,2,US Highway,Rural,Arteria Principal,State Highway Agency,1,Sin jurisdiccion especial,231,35.43222778,-83.08064167,Valla Ferrocarril,El primer evento no fue una colision con un vehiculo automotor en transporte,Not an Intersection,No fue interseccion,Sobre el lado de la calle,Ninguna,Oscuro sin iluminacion,Nublado,No,NO APLICA,99,99,99,99,1,09/07/2022,1
37,North Carolina,370682,0,0,1,0,101,JOHNSTON (101),0,NO APLICA,7,Julio,24,2022,4,32,SR-231,3,Highway estatal,Rural,Colector Mayor,State Highway Agency,0,Sin jurisdiccion especial,43,35.732475,-78.28988333,Arbol,El primer evento no fue una colision con un vehiculo automotor en transporte,Not an Intersection,No fue interseccion,Sobre el lado de la calle,Ninguna,Oscuro sin iluminacion,Despejado,No,NO APLICA,4,25,4,36,1,24/07/2022,1
37,North Carolina,370683,0,0,1,0,103,JONES (103),0,NO APLICA,7,Julio,3,2022,19,23,US-17 BUS,2,US Highway,Rural,Arteria Principal,State Highway Agency,1,Sin jurisdiccion especial,123,35.06215278,-77.19975,Zanja,El primer evento no fue una colision con un vehiculo automotor en transporte,Not an Intersection,No fue interseccion,Sobre el lado de la calle,Ninguna,Dia total,Despejado,No,NO APLICA,88,88,88,88,1,03/07/2022,1
37,North Carolina,370684,0,0,2,0,103,JONES (103),0,NO APLICA,7,Julio,17,2022,19,45,US-70,2,US Highway,Rural,Arteria Principal,State Highway Agency,1,Sin jurisdiccion especial,24,35.22324444,-77.47883056,Vehiculo en movimiento,Frente a frente,"Five Point, or More",5 Puntos o mas,Sobre calle,Ninguna,Dia total,Despejado,No,NO APLICA,19,28,20,5,1,17/07/2022,2
37,North Carolina,370685,0,0,2,0,109,LINCOLN (109),0,NO APLICA,7,Julio,21,2022,21,39,SR-27,3,Highway estatal,Rural,Arteria Menor,State Highway Agency,0,Sin jurisdiccion especial,203,35.47241667,-81.17936944,Vehiculo en movimiento,Angulo,T-Intersection,Interseccion de T,Sobre calle,Ninguna,Oscuro sin iluminacion,Nublado,No,NO APLICA,21,38,21,42,1,21/07/2022,2
37,North Carolina,370686,0,0,1,0,117,MARTIN (117),0,NO APLICA,7,Julio,15,2022,3,18,SR-903,3,Highway estatal,Rural,Colector Mayor,State Highway Agency,0,Sin jurisdiccion especial,79,35.86959444,-77.24270833,Arbol,El primer evento no fue una colision con un vehiculo automotor en transporte,Not an Intersection,No fue interseccion,Sobre el lado de la calle,Ninguna,Oscuro sin iluminacion,Despejado,No,NO APLICA,99,99,99,99,1,15/07/2022,1
37,North Carolina,370687,0,0,1,0,117,MARTIN (117),0,NO APLICA,7,Julio,25,2022,1,11,US-64 BUS,2,US Highway,Rural,Arteria Principal,State Highway Agency,1,Sin jurisdiccion especial,0,35.80821944,-76.88802778,Arbol,El primer evento no fue una colision con un vehiculo automotor en transporte,Not an Intersection,No fue interseccion,Sobre el lado de la calle,Ninguna,Oscuro sin iluminacion,Despejado,No,NO APLICA,0,58,1,18,1,25/07/2022,4
37,North Carolina,370688,1,1,1,0,119,MECKLENBURG (119),870,CHARLOTTE,7,Julio,1,2022,5,38,N SHARON AMITY RD,9,Desconocido,Urbano,Arteria Principal,State Highway Agency,1,Sin jurisdiccion especial,7,35.20996944,-80.75707222,Peaton,El primer evento no fue una colision con un vehiculo automotor en transporte,Four-Way Intersection,Interseccion de 4 direcciones,Sobre calle,Ninguna,Oscuro con iluminacion,Despejado,No,NO APLICA,5,38,5,41,1,01/07/2022,1
37,North Carolina,370689,0,0,2,0,119,MECKLENBURG (119),870,CHARLOTTE,7,Julio,3,2022,15,43,E W T HARRIS BOULEVAR,9,Desconocido,Urbano,Local,State Highway Agency,0,Sin jurisdiccion especial,149,35.29228889,-80.73762778,Vehiculo en movimiento,Angulo,Four-Way Intersection,Interseccion de 4 direcciones,Sobre calle,Ninguna,Dia total,Despejado,No,NO APLICA,15,43,15,53,1,03/07/2022,2
37,North Carolina,370690,1,1,1,0,119,MECKLENBURG (119),870,CHARLOTTE,7,Julio,8,2022,1,59,SR-24 ALBEMARLE RD,3,Highway estatal,Urbano,Local,State Highway Agency,0,Sin jurisdiccion especial,0,35.21011667,-80.70079722,Peaton,El primer evento no fue una colision con un vehiculo automotor en transporte,T-Intersection,Interseccion de T,Sobre calle,Ninguna,Oscuro con iluminacion,Nublado,No,NO APLICA,1,59,2,4,1,08/07/2022,2
37,North Carolina,370691,1,1,1,0,119,MECKLENBURG (119),870,CHARLOTTE,7,Julio,24,2022,1,19,I-77,1,Interestatal,Urbano,Interestatal,State Highway Agency,1,Sin jurisdiccion especial,2,35.2242,-80.86551389,Peaton,El primer evento no fue una colision con un vehiculo automotor en transporte,Not an Intersection,No fue interseccion,Sobre calle,Ninguna,Oscuro con iluminacion,Despejado,No,NO APLICA,1,18,1,23,1,24/07/2022,1
37,North Carolina,370692,0,0,2,0,119,MECKLENBURG (119),870,CHARLOTTE,7,Julio,30,2022,1,19,I-77,1,Interestatal,Urbano,Interestatal,State Highway Agency,1,Sin jurisdiccion especial,30,35.13896111,-80.906125,Vehiculo en movimiento,Golpe Lateral - misma direccion,Not an Intersection,No fue interseccion,Sobre calle,Ninguna,Oscuro sin iluminacion,Despejado,No,NO APLICA,1,17,1,26,1,30/07/2022,4
37,North Carolina,370693,0,0,2,0,125,MOORE (125),0,NO APLICA,7,Julio,7,2022,7,22,SR-22,3,Highway estatal,Rural,Arteria Menor,State Highway Agency,0,Sin jurisdiccion especial,67,35.27930833,-79.41746944,Vehiculo en movimiento,Frente a frente,Not an Intersection,No fue interseccion,Sobre calle,Ninguna,Dia total,Despejado,No,NO APLICA,7,20,7,33,1,07/07/2022,3
37,North Carolina,370694,1,1,1,0,139,PASQUOTANK (139),0,NO APLICA,7,Julio,1,2022,21,19,SSR-1333 MAIN ST EXT,8,Otro,Rural,Colector Menor,State Highway Agency,0,Sin jurisdiccion especial,41,36.32060278,-76.27114444,Peaton,El primer evento no fue una colision con un vehiculo automotor en transporte,T-Intersection,Interseccion de T,Sobre calle,Ninguna,Oscuro sin iluminacion,Despejado,No,NO APLICA,21,13,21,15,1,01/07/2022,1
37,North Carolina,370695,0,0,1,0,119,MECKLENBURG (119),870,CHARLOTTE,7,Julio,29,2022,0,41,I-485,1,Interestatal,Urbano,Interestatal,State Highway Agency,1,Sin jurisdiccion especial,329,35.07886944,-80.87234167,Volcadura,El primer evento no fue una colision con un vehiculo automotor en transporte,Not an Intersection,No fue interseccion,Sobre el lado de la calle,Construccion,Oscuro sin iluminacion,Despejado,No,NO APLICA,0,39,0,49,1,29/07/2022,2
37,North Carolina,370696,0,0,1,0,125,MOORE (125),0,NO APLICA,7,Julio,30,2022,21,17,SSR-1805 UNION CHURCH RD,8,Otro,Rural,Colector Menor,State Highway Agency,0,Sin jurisdiccion especial,46,35.30118889,-79.33383056,Zanja,El primer evento no fue una colision con un vehiculo automotor en transporte,Not an Intersection,No fue interseccion,Sobre el lado de la calle,Ninguna,Oscuro sin iluminacion,Despejado,No,NO APLICA,21,16,21,21,1,30/07/2022,1
37,North Carolina,370697,0,0,1,0,131,NORTHAMPTON (131),0,NO APLICA,7,Julio,29,2022,20,19,SR-46,3,Highway estatal,Rural,Arteria Principal,State Highway Agency,1,Sin jurisdiccion especial,25,36.46029167,-77.600175,Otro objeto (no fijo),El primer evento no fue una colision con un vehiculo automotor en transporte,Not an Intersection,No fue interseccion,Sobre el lado de la calle,Construccion,Atardecer,Nublado,No,NO APLICA,20,4,20,22,1,29/07/2022,1
37,North Carolina,370698,0,0,1,0,137,PAMLICO (137),0,NO APLICA,7,Julio,3,2022,5,20,SR-304,3,Highway estatal,Rural,Colector Mayor,State Highway Agency,0,Sin jurisdiccion especial,97,35.20195556,-76.634275,Zanja,El primer evento no fue una colision con un vehiculo automotor en transporte,Not an Intersection,No fue interseccion,Sobre el lado de la calle,Ninguna,Oscuro sin iluminacion,Nublado,No,NO APLICA,5,12,5,25,1,03/07/2022,1
37,North Carolina,370699,0,0,1,0,147,PITT (147),0,NO APLICA,7,Julio,28,2022,15,28,US-258,2,US Highway,Rural,Colector Mayor,State Highway Agency,0,Sin jurisdiccion especial,158,35.61483611,-77.60026389,Zanja,El primer evento no fue una colision con un vehiculo automotor en transporte,Not an Intersection,No fue interseccion,Sobre el lado de la calle,Ninguna,Dia total,Despejado,No,NO APLICA,15,18,15,23,1,28/07/2022,1
37,North Carolina,370700,0,0,1,0,151,RANDOLPH (151),0,NO APLICA,7,Julio,7,2022,22,10,SSR-1146 BELL SIMMONS RD,8,Otro,Rural,Local,State Highway Agency,0,Sin jurisdiccion especial,1,35.65339444,-79.824,Arbol,El primer evento no fue una colision con un vehiculo automotor en transporte,Not an Intersection,No fue interseccion,Fuera de la calle,Ninguna,Oscuro sin iluminacion,Despejado,No,NO APLICA,23,58,0,3,1,07/07/2022,1