Estado,Nombre de Estado,Numero de Caso,Peatones,Personas _no_vehiculos,Vehiculos automotores,Vehiculos estacionados,Condado,Nombre Condado,Ciudad,Nombre Ciudad,Mes,Nombre Mes,Dia,Año,Hora,Minuto,Calle,Ruta,Nombre Ruta,Rural o Urbanoo,Sistema Funcional,Dueño Calle,Sistema Nacional Carreteras,Jurisdiccion Especial,Milla,Latitud,Longitud,Causa del Accidente,Tipo de Accidente,Tipo Interseccion,Columna1,Lugar en la calle,Zona de Trabajo,Luz,Clima,Autobus Escolar,Cruce de Trenes,Hora Notificacion,Minuto Notificacion,Hora Llegada,Minuto Llegada,Decesos,Fecha,PersonaVehiculo
37,North Carolina,370701,0,0,2,0,151,RANDOLPH (151),4640,TRINITY,7,Julio,10,2022,5,50,I-85,1,Interestatal,Urbano,Interestatal,State Highway Agency,1,Sin jurisdiccion especial,13,35.86724444,-80.02701111,Vehiculo en movimiento,Frente a Detrás,Not an Intersection,No fue interseccion,Sobre calle,Ninguna,Oscuro sin iluminacion,lluvia,No,NO APLICA,4,59,5,20,1,10/07/2022,7
37,North Carolina,370702,0,0,1,0,151,RANDOLPH (151),0,NO APLICA,7,Julio,23,2022,0,22,SSR-1713 LEWALLEN RD,8,Otro,Rural,Local,State Highway Agency,0,Sin jurisdiccion especial,5,35.69373333,-79.83356667,Arbol,El primer evento no fue una colision con un vehiculo automotor en transporte,Not an Intersection,No fue interseccion,Fuera de la calle,Ninguna,Oscuro sin iluminacion,Despejado,No,NO APLICA,0,21,0,22,1,23/07/2022,1
37,North Carolina,370703,0,0,2,0,151,RANDOLPH (151),0,NO APLICA,7,Julio,22,2022,12,31,HOOVER HILL RD,6,Calle Local Municipalidad,Rural,Colector Menor,State Highway Agency,0,Sin jurisdiccion especial,35,35.79125278,-79.96225556,Vehiculo en movimiento,Frente a frente,Not an Intersection,No fue interseccion,Sobre calle,Ninguna,Dia total,Despejado,No,NO APLICA,12,31,12,42,1,22/07/2022,4
37,North Carolina,370704,0,0,1,0,155,ROBESON (155),0,NO APLICA,7,Julio,1,2022,11,38,US-74,2,US Highway,Rural,Arterial Principal -Freeway o ExpressWay,State Highway Agency,1,Sin jurisdiccion especial,89,34.558625,-79.02590833,Arbol,El primer evento no fue una colision con un vehiculo automotor en transporte,Not an Intersection,No fue interseccion,Fuera de la calle,Ninguna,Dia total,lluvia,No,NO APLICA,11,39,11,45,1,01/07/2022,2
37,North Carolina,370705,0,0,2,0,155,ROBESON (155),0,NO APLICA,7,Julio,4,2022,12,48,BARKER TEN MILE RD,8,Otro,Rural,Colector Menor,Other State Agency,0,Sin jurisdiccion especial,46,34.713025,-78.95157778,Vehiculo en movimiento,Angulo,Not an Intersection,No fue interseccion,Sobre calle,Ninguna,Dia total,Despejado,No,NO APLICA,99,99,99,99,1,04/07/2022,2
37,North Carolina,370706,0,0,1,0,155,ROBESON (155),0,NO APLICA,7,Julio,28,2022,12,41,SSR-1339 DEEP BRANCH RD,8,Otro,Rural,Local,State Highway Agency,0,Sin jurisdiccion especial,34,34.62883889,-79.13516389,Buzon de correo,El primer evento no fue una colision con un vehiculo automotor en transporte,Not an Intersection,No fue interseccion,Sobre el lado de la calle,Ninguna,Dia total,Despejado,No,NO APLICA,99,99,99,99,1,28/07/2022,1
37,North Carolina,370707,1,1,1,0,155,ROBESON (155),0,NO APLICA,7,Julio,27,2022,3,17,S FAYETTEVILLE ST,8,Otro,Rural,Local,Other State Agency,0,Sin jurisdiccion especial,8,34.89042222,-79.01200833,Peaton,El primer evento no fue una colision con un vehiculo automotor en transporte,Not an Intersection,No fue interseccion,Sobre calle,Ninguna,Oscuro sin iluminacion,Despejado,No,NO APLICA,99,99,99,99,1,27/07/2022,1
37,North Carolina,370708,0,0,3,0,157,ROCKINGHAM (157),0,NO APLICA,7,Julio,14,2022,6,29,NC-14,6,Calle Local Municipalidad,Rural,Arteria Principal,State Highway Agency,1,Sin jurisdiccion especial,161,36.53178333,-79.79397778,Vehiculo en movimiento,Golpe Lateral - direccion contraria,Not an Intersection,No fue interseccion,Sobre calle,Ninguna,Amanecer,Despejado,No,NO APLICA,6,23,6,30,1,14/07/2022,3
37,North Carolina,370709,0,0,1,0,157,ROCKINGHAM (157),0,NO APLICA,7,Julio,10,2022,19,26,SSR-1128 SARDIS CHURCH RD,8,Otro,Rural,Local,State Highway Agency,0,Sin jurisdiccion especial,2,36.34320833,-80.00314167,Zanja,El primer evento no fue una colision con un vehiculo automotor en transporte,Not an Intersection,No fue interseccion,Sobre el lado de la calle,Ninguna,Dia total,Nublado,No,NO APLICA,19,23,19,34,1,10/07/2022,3
37,North Carolina,370710,0,0,1,0,161,RUTHERFORD (161),0,NO APLICA,7,Julio,9,2022,22,10,US-221,2,US Highway,Rural,Arteria Principal,State Highway Agency,1,Sin jurisdiccion especial,266,35.51773889,-81.97341944,Objeto aventado o caido,El primer evento no fue una colision con un vehiculo automotor en transporte,Not an Intersection,No fue interseccion,Sobre calle,Ninguna,Dia total,Despejado,No,NO APLICA,13,15,13,42,1,09/07/2022,1
37,North Carolina,370711,0,0,1,0,163,SAMPSON (163),0,NO APLICA,7,Julio,7,2022,17,9,SR-403,3,Highway estatal,Rural,Colector Mayor,Other State Agency,0,Sin jurisdiccion especial,30,35.030825,-78.27053056,Buzon de correo,El primer evento no fue una colision con un vehiculo automotor en transporte,Not an Intersection,No fue interseccion,Sobre el lado de la calle,Ninguna,Dia total,Despejado,No,NO APLICA,99,99,99,99,1,07/07/2022,1
37,North Carolina,370712,0,0,1,0,165,SCOTLAND (165),0,NO APLICA,7,Julio,20,2022,13,48,HASTY RD,8,Otro,Rural,Colector Menor,Other State Agency,0,Sin jurisdiccion especial,34,34.68400278,-79.47387778,Buzon de correo,El primer evento no fue una colision con un vehiculo automotor en transporte,Not an Intersection,No fue interseccion,Sobre el lado de la calle,Ninguna,Dia total,Despejado,No,NO APLICA,99,99,99,99,1,20/07/2022,1
37,North Carolina,370713,0,0,2,0,165,SCOTLAND (165),0,NO APLICA,7,Julio,22,2022,11,46,US-74,2,US Highway,Rural,Arterial Principal -Freeway o ExpressWay,State Highway Agency,1,Sin jurisdiccion especial,74,34.77467778,-79.49707222,Vehiculo en movimiento,Frente a frente,Not an Intersection,No fue interseccion,Sobre calle,Ninguna,Dia total,Despejado,No,NO APLICA,99,99,99,97,2,22/07/2022,2
37,North Carolina,370714,0,0,3,0,165,SCOTLAND (165),0,NO APLICA,7,Julio,30,2022,10,14,FIELDCREST RD,8,Otro,Rural,Local,Other State Agency,0,Sin jurisdiccion especial,23,34.81101944,-79.51951111,Vehiculo en movimiento,Frente a frente,Not an Intersection,No fue interseccion,Sobre calle,Ninguna,Dia total,Despejado,No,NO APLICA,99,99,99,99,2,30/07/2022,3
37,North Carolina,370715,0,0,1,0,171,SURRY (171),0,NO APLICA,7,Julio,1,2022,10,11,US-52,2,US Highway,Rural,Arterial Principal -Freeway o ExpressWay,State Highway Agency,1,Sin jurisdiccion especial,53,36.39525278,-80.49134167,Valla Ferrocarril,El primer evento no fue una colision con un vehiculo automotor en transporte,Not an Intersection,No fue interseccion,En el medio,Ninguna,Dia total,Despejado,No,NO APLICA,10,10,10,15,1,01/07/2022,1
37,North Carolina,370716,0,0,1,0,171,SURRY (171),0,NO APLICA,7,Julio,12,2022,16,41,REEVES MILL RD,9,Desconocido,Rural,Local,State Highway Agency,0,Sin jurisdiccion especial,3,36.48650278,-80.56681111,Acotamiento,El primer evento no fue una colision con un vehiculo automotor en transporte,Not an Intersection,No fue interseccion,Sobre el lado de la calle,Ninguna,Dia total,Despejado,No,NO APLICA,16,38,16,48,1,12/07/2022,1
37,North Carolina,370717,0,0,1,0,181,VANCE (181),0,NO APLICA,7,Julio,7,2022,6,37,STAGECOACH RD,8,Otro,Rural,Colector Mayor,Other State Agency,0,Sin jurisdiccion especial,65,36.41537778,-78.45835833,Zanja,El primer evento no fue una colision con un vehiculo automotor en transporte,Not an Intersection,No fue interseccion,Sobre el lado de la calle,Ninguna,Dia total,Despejado,No,NO APLICA,6,37,6,47,1,07/07/2022,1
37,North Carolina,370718,0,0,1,0,183,WAKE (183),0,NO APLICA,7,Julio,10,2022,9,3,BARWELL RD,9,Desconocido,Rural,Colector Mayor,State Highway Agency,0,Sin jurisdiccion especial,0,35.73044722,-78.55593611,Arbol,El primer evento no fue una colision con un vehiculo automotor en transporte,Not an Intersection,No fue interseccion,Sobre el lado de la calle,Ninguna,Dia total,lluvia,No,NO APLICA,8,59,9,10,1,10/07/2022,2
37,North Carolina,370719,0,0,1,0,183,WAKE (183),4790,WAKE FOREST,7,Julio,29,2022,0,28,LIGON MILL RD,8,Otro,Urbano,Colector Mayor,Other State Agency,0,Sin jurisdiccion especial,32,35.92851944,-78.52734444,Puente de Ferrocarril,El primer evento no fue una colision con un vehiculo automotor en transporte,Not an Intersection,No fue interseccion,Sobre el lado de la calle,Ninguna,Oscuro sin iluminacion,Nublado,No,NO APLICA,0,16,0,22,1,29/07/2022,1
37,North Carolina,370720,0,0,1,0,183,WAKE (183),0,NO APLICA,7,Julio,29,2022,5,25,OLD STAGE RD,9,Desconocido,Rural,Arteria Menor,State Highway Agency,0,Sin jurisdiccion especial,121,35.69668889,-78.65293333,Zanja,El primer evento no fue una colision con un vehiculo automotor en transporte,Not an Intersection,No fue interseccion,Sobre el lado de la calle,Ninguna,Oscuro sin iluminacion,Despejado,No,NO APLICA,5,23,5,28,1,29/07/2022,1
37,North Carolina,370721,0,0,2,0,193,WILKES (193),0,NO APLICA,7,Julio,5,2022,14,44,NC-268,9,Desconocido,Rural,Colector Mayor,State Highway Agency,0,Sin jurisdiccion especial,90,36.102075,-81.26645833,Vehiculo en movimiento,Frente a frente,Not an Intersection,No fue interseccion,Sobre calle,Ninguna,Dia total,Despejado,No,NO APLICA,14,44,15,1,1,05/07/2022,2
37,North Carolina,370722,0,0,1,0,183,WAKE (183),3750,RALEIGH,7,Julio,13,2022,9,35,S WILMINGTON ST,8,Otro,Urbano,Colector Mayor,Other State Agency,0,Sin jurisdiccion especial,9,35.75496944,-78.641375,Volcadura,El primer evento no fue una colision con un vehiculo automotor en transporte,T-Intersection,Interseccion de T,Sobre el lado de la calle,Ninguna,Dia total,Nublado,No,NO APLICA,9,40,9,47,1,13/07/2022,2
37,North Carolina,370723,0,0,2,0,195,WILSON (195),5070,WILSON,7,Julio,21,2022,23,5,TARBORO ST W,8,Otro,Urbano,Arteria Menor,Other State Agency,0,Sin jurisdiccion especial,9,35.72263333,-77.91944722,Vehiculo en movimiento,Frente a frente,Not an Intersection,No fue interseccion,Sobre calle,Ninguna,Oscuro con iluminacion,Despejado,No,NO APLICA,99,99,99,99,2,21/07/2022,3
37,North Carolina,370724,0,0,1,0,199,YANCEY (199),0,NO APLICA,7,Julio,1,2022,15,40,US-19,2,US Highway,Rural,Colector Mayor,State Highway Agency,0,Sin jurisdiccion especial,57,35.95555556,-82.37915,Acotamiento,El primer evento no fue una colision con un vehiculo automotor en transporte,Not an Intersection,No fue interseccion,Sobre el lado de la calle,Ninguna,Dia total,Despejado,No,NO APLICA,99,99,99,99,1,01/07/2022,1
37,North Carolina,370725,0,0,1,0,199,YANCEY (199),0,NO APLICA,7,Julio,15,2022,11,22,SR-197,3,Highway estatal,Rural,Colector Mayor,Other State Agency,0,Sin jurisdiccion especial,245,36.00096667,-82.25178611,Acotamiento,El primer evento no fue una colision con un vehiculo automotor en transporte,Not an Intersection,No fue interseccion,Sobre el lado de la calle,Ninguna,Dia total,Despejado,No,NO APLICA,99,99,99,99,1,15/07/2022,1
37,North Carolina,370726,0,0,1,0,67,FORSYTH (67),4604,TOBACCOVILLE,7,Julio,15,2022,6,46,JEFFERSON CHURCH RD,8,Otro,Urbano,Local,Other State Agency,0,Sin jurisdiccion especial,13,36.24953333,-80.33579167,Zanja,El primer evento no fue una colision con un vehiculo automotor en transporte,Not an Intersection,No fue interseccion,Sobre el lado de la calle,Ninguna,Dia total,Despejado,No,NO APLICA,99,99,99,99,1,15/07/2022,1
37,North Carolina,370727,1,1,1,0,21,BUNCOMBE (21),0,NO APLICA,7,Julio,31,2022,2,1,US-25,2,US Highway,Rural,Arteria Principal,State Highway Agency,1,Sin jurisdiccion especial,2,35.44799167,-82.508325,Peaton,El primer evento no fue una colision con un vehiculo automotor en transporte,Not an Intersection,No fue interseccion,Sobre calle,Ninguna,Oscuro sin iluminacion,Nublado,No,NO APLICA,3,33,3,46,1,31/07/2022,1
37,North Carolina,370728,1,1,1,0,45,CLEVELAND (45),0,NO APLICA,7,Julio,6,2022,23,47,SR-198 BLACKSBURG RD,3,Highway estatal,Urbano,Colector Mayor,State Highway Agency,9,Militar,99998,35.21050833,-81.53040833,Peaton,El primer evento no fue una colision con un vehiculo automotor en transporte,Not an Intersection,No fue interseccion,Sobre calle,Ninguna,Oscuro sin iluminacion,Despejado,No,NO APLICA,99,99,99,99,1,06/07/2022,1
37,North Carolina,370729,0,0,5,0,81,GUILFORD (81),1940,GREENSBORO,7,Julio,13,2022,8,43,US-70 WENDOVER AVE,2,US Highway,Urbano,Arteria Principal,State Highway Agency,1,Sin jurisdiccion especial,99998,36.06019722,-79.87071111,Vehiculo en movimiento,Angulo,Four-Way Intersection,Interseccion de 4 direcciones,Sobre calle,Ninguna,Dia total,Despejado,No,NO APLICA,99,99,99,99,1,13/07/2022,6
37,North Carolina,370730,0,0,2,0,57,DAVIDSON (57),0,NO APLICA,7,Julio,30,2022,3,42,I-285,1,Interestatal,Rural,Interestatal,State Highway Agency,1,Sin jurisdiccion especial,99998,35.93224722,-80.23184722,Vehiculo en movimiento,Frente a frente,Not an Intersection,No fue interseccion,Sobre calle,Ninguna,Oscuro sin iluminacion,Despejado,No,NO APLICA,3,41,3,49,2,30/07/2022,2
37,North Carolina,370731,0,0,1,0,57,DAVIDSON (57),4590,THOMASVILLE,7,Julio,8,2022,22,39,JULIAN AVENUE,6,Calle Local Municipalidad,Urbano,Local,State Highway Agency,9,Sin jurisdiccion especial,99998,35.87799444,-80.071275,Poste,El primer evento no fue una colision con un vehiculo automotor en transporte,Not an Intersection,No fue interseccion,Sobre el lado de la calle,Ninguna,Oscuro con iluminacion,lluvia,No,NO APLICA,22,42,22,47,1,08/07/2022,1
37,North Carolina,370732,0,0,2,0,57,DAVIDSON (57),0,NO APLICA,7,Julio,6,2022,8,5,SR-109,3,Highway estatal,Urbano,Arteria Principal,State Highway Agency,1,Sin jurisdiccion especial,99998,35.96603889,-80.12828056,Vehiculo en movimiento,Frente a frente,Not an Intersection,No fue interseccion,Sobre calle,Ninguna,Dia total,Despejado,No,NO APLICA,8,3,8,8,1,06/07/2022,2
37,North Carolina,370733,0,0,2,0,67,FORSYTH (67),4797,WALKERTOWN,7,Julio,6,2022,8,4,SR-66 OLD HOLLOW RD,3,Highway estatal,Rural,Arteria Menor,State Highway Agency,9,Sin jurisdiccion especial,99998,36.184425,-80.20209167,Vehiculo en movimiento,Angulo,Four-Way Intersection,Interseccion de 4 direcciones,Sobre calle,Ninguna,Dia total,Despejado,No,NO APLICA,99,99,99,99,1,06/07/2022,2
37,North Carolina,370734,0,0,3,0,25,CABARRUS (25),0,NO APLICA,7,Julio,6,2022,16,23,SR-3,3,Highway estatal,Rural,Colector Mayor,State Highway Agency,9,Sin jurisdiccion especial,99998,35.48655833,-80.74590556,Vehiculo en movimiento,Golpe Lateral - direccion contraria,Not an Intersection,No fue interseccion,Sobre calle,Ninguna,Dia total,Nublado,No,NO APLICA,99,99,99,97,1,06/07/2022,4
37,North Carolina,370735,0,0,3,0,119,MECKLENBURG (119),870,CHARLOTTE,7,Julio,6,2022,9,49,I-85,1,Interestatal,Urbano,Interestatal,State Highway Agency,1,Sin jurisdiccion especial,99998,35.27617222,-80.80450833,Vehiculo en movimiento,Frente a Detrás,Not an Intersection,No fue interseccion,Sobre calle,Ninguna,Dia total,Despejado,No,NO APLICA,99,99,99,99,1,06/07/2022,3
37,North Carolina,370736,0,0,1,0,119,MECKLENBURG (119),870,CHARLOTTE,7,Julio,8,2022,22,8,I-485,1,Interestatal,Urbano,Interestatal,State Highway Agency,1,Sin jurisdiccion especial,55,35.36606111,-80.82078333,Poste de Señal de trafico,El primer evento no fue una colision con un vehiculo automotor en transporte,Not an Intersection,No fue interseccion,Gore?,Ninguna,Oscuro sin iluminacion,lluvia,No,NO APLICA,99,99,99,99,1,08/07/2022,1
37,North Carolina,370737,0,0,2,0,81,GUILFORD (81),2170,HIGH POINT,7,Julio,18,2022,18,0,CEDROW DR,9,Desconocido,Urbano,Colector Mayor,State Highway Agency,0,Sin jurisdiccion especial,5,35.975,-79.96037222,Vehiculo en movimiento,Frente a frente,Not an Intersection,No fue interseccion,Sobre calle,Ninguna,Dia total,Despejado,No,NO APLICA,18,4,18,11,1,18/07/2022,2
37,North Carolina,370738,0,0,1,0,97,IREDELL (97),3110,MOORESVILLE,7,Julio,19,2022,22,33,SSR-1136 FAITH RD,8,Otro,Urbano,Colector Menor,State Highway Agency,9,Sin jurisdiccion especial,99998,35.53345833,-80.82483889,Arbol,El primer evento no fue una colision con un vehiculo automotor en transporte,Not an Intersection,No fue interseccion,Sobre el lado de la calle,Ninguna,Oscuro sin iluminacion,Despejado,No,NO APLICA,22,32,22,40,1,19/07/2022,1
37,North Carolina,370739,0,0,1,0,81,GUILFORD (81),2170,HIGH POINT,7,Julio,3,2022,7,13,WHITES MILL RD,6,Calle Local Municipalidad,Urbano,Local,State Highway Agency,0,Sin jurisdiccion especial,99998,36.030625,-79.97524722,Culvert,El primer evento no fue una colision con un vehiculo automotor en transporte,Not an Intersection,No fue interseccion,Sobre el lado de la calle,Ninguna,Dia total,Despejado,No,NO APLICA,7,12,7,25,1,03/07/2022,1
37,North Carolina,370740,0,0,3,0,147,PITT (147),240,AYDEN,7,Julio,11,2022,18,55,PLANTERS ST,6,Calle Local Municipalidad,Urbano,Local,City or Municipal Highway Agency,9,Sin jurisdiccion especial,99998,35.46617778,-77.42042222,Vehiculo en movimiento,Angulo,Four-Way Intersection,Interseccion de 4 direcciones,Sobre calle,Ninguna,Dia total,Nublado,No,NO APLICA,99,99,99,99,1,11/07/2022,5
37,North Carolina,370741,0,0,1,0,81,GUILFORD (81),2170,HIGH POINT,7,Julio,21,2022,7,14,S CENTENNIAL ST,6,Calle Local Municipalidad,Urbano,Arteria Menor,City or Municipal Highway Agency,9,Sin jurisdiccion especial,99998,35.95210278,-79.99971944,Arbol,El primer evento no fue una colision con un vehiculo automotor en transporte,Not an Intersection,No fue interseccion,Sobre el lado de la calle,Ninguna,Dia total,Nublado,No,NO APLICA,7,16,7,20,1,21/07/2022,1
37,North Carolina,370742,2,2,1,0,71,GASTON (71),390,BELMONT,7,Julio,23,2022,21,39,SR-7 E CATAWBA ST,3,Highway estatal,Urbano,Arteria Menor,State Highway Agency,9,Sin jurisdiccion especial,99998,35.24133889,-81.02262222,Peaton,El primer evento no fue una colision con un vehiculo automotor en transporte,Not an Intersection,No fue interseccion,Sobre calle,Ninguna,Oscuro con iluminacion,Despejado,No,NO APLICA,21,40,21,47,1,23/07/2022,1
37,North Carolina,370743,0,0,2,0,101,JOHNSTON (101),0,NO APLICA,7,Julio,6,2022,13,57,SR-1538,3,Highway estatal,Rural,Local,State Highway Agency,0,Sin jurisdiccion especial,99998,35.53600278,-78.65160278,Vehiculo en movimiento,Angulo,T-Intersection,Interseccion de T,Sobre calle,Ninguna,Dia total,Despejado,No,NO APLICA,13,55,14,3,1,06/07/2022,3
37,North Carolina,370744,0,0,1,0,63,DURHAM (63),1360,DURHAM,7,Julio,16,2022,1,35,US-15 BUSINESS S ROXBORO ST,2,US Highway,Urbano,Arteria Principal,State Highway Agency,1,Sin jurisdiccion especial,99998,35.93592778,-78.93243056,Volcadura,El primer evento no fue una colision con un vehiculo automotor en transporte,Not an Intersection,No fue interseccion,En el medio,Ninguna,Oscuro sin iluminacion,Despejado,No,NO APLICA,1,40,1,47,1,16/07/2022,2
37,North Carolina,370745,0,0,1,0,15,BERTIE (15),0,NO APLICA,7,Julio,23,2022,16,23,US-13,2,US Highway,Rural,Arteria Menor,State Highway Agency,1,Sin jurisdiccion especial,99998,36.23808611,-76.94253333,Zanja,El primer evento no fue una colision con un vehiculo automotor en transporte,Not an Intersection,No fue interseccion,Sobre el lado de la calle,Ninguna,Dia total,Despejado,No,NO APLICA,16,23,16,38,1,23/07/2022,1
37,North Carolina,370746,0,0,1,0,97,IREDELL (97),0,NO APLICA,7,Julio,26,2022,16,50,I-40,1,Interestatal,Rural,Interestatal,State Highway Agency,1,Sin jurisdiccion especial,99998,35.77957222,-80.97849722,Arbol,El primer evento no fue una colision con un vehiculo automotor en transporte,Not an Intersection,No fue interseccion,Sobre el lado de la calle,Ninguna,Dia total,Despejado,No,NO APLICA,16,48,16,51,1,26/07/2022,1
37,North Carolina,370747,1,1,1,0,35,CATAWBA (35),1060,CONOVER,7,Julio,30,2022,20,54,SSR-1484 COUNTY HOME RD NW,8,Otro,Urbano,Colector Mayor,State Highway Agency,9,Sin jurisdiccion especial,99998,35.72723333,-81.22453333,Peaton,El primer evento no fue una colision con un vehiculo automotor en transporte,Not an Intersection,No fue interseccion,Sobre calle,Ninguna,Oscuro con iluminacion,lluvia,No,NO APLICA,20,54,20,59,1,30/07/2022,1
37,North Carolina,370748,0,0,2,1,129,NEW HANOVER (129),5060,WILMINGTON,7,Julio,28,2022,0,26,US-17 MARKET STREET,2,US Highway,Urbano,Arteria Principal,State Highway Agency,1,Sin jurisdiccion especial,99998,34.25126667,-77.85541667,Zanja,El primer evento no fue una colision con un vehiculo automotor en transporte,Not an Intersection,No fue interseccion,Sobre el lado de la calle,Ninguna,Oscuro con iluminacion,Despejado,No,NO APLICA,99,99,99,99,1,28/07/2022,1
37,North Carolina,370749,0,0,2,0,49,CRAVEN (49),0,NO APLICA,7,Julio,6,2022,13,14,US-70,2,US Highway,Rural,Arterial Principal -Freeway o ExpressWay,State Highway Agency,1,Sin jurisdiccion especial,99998,35.15807778,-77.27143611,Vehiculo en movimiento,Angulo,Not an Intersection,No fue interseccion,Sobre calle,Ninguna,Dia total,Despejado,No,NO APLICA,99,99,99,99,1,06/07/2022,2
37,North Carolina,370750,0,0,3,0,19,BRUNSWICK (19),0,NO APLICA,7,Julio,8,2022,19,50,SR-130,3,Highway estatal,Urbano,Colector Mayor,State Highway Agency,9,Sin jurisdiccion especial,99998,33.97663889,-78.35289167,Vehiculo en movimiento,Angulo,Not an Intersection,No fue interseccion,Sobre calle,Ninguna,Dia total,Despejado,No,NO APLICA,99,99,99,99,1,08/07/2022,7
37,North Carolina,370751,0,0,1,0,31,CARTERET (31),3120,MOREHEAD CITY,7,Julio,10,2022,1,51,US-70,2,US Highway,Urbano,Arteria Principal,State Highway Agency,1,Sin jurisdiccion especial,154,34.72074167,-76.70636389,Poste,El primer evento no fue una colision con un vehiculo automotor en transporte,Not an Intersection,No fue interseccion,Sobre el lado de la calle,Ninguna,Oscuro con iluminacion,lluvia,No,NO APLICA,1,51,1,58,1,10/07/2022,1
37,North Carolina,370752,1,1,1,0,63,DURHAM (63),1360,DURHAM,7,Julio,10,2022,11,37,SR-157 GUESS RD,3,Highway estatal,Urbano,Arteria Menor,Other State Agency,0,Sin jurisdiccion especial,15,36.02539722,-78.92134444,Ciclista,El primer evento no fue una colision con un vehiculo automotor en transporte,Not an Intersection,No fue interseccion,Sobre calle,Ninguna,Dia total,lluvia,No,NO APLICA,99,99,99,97,1,10/07/2022,1
37,North Carolina,370753,0,0,3,0,63,DURHAM (63),1360,DURHAM,7,Julio,10,2022,12,51,I-40,1,Interestatal,Urbano,Interestatal,State Highway Agency,1,Sin jurisdiccion especial,118,35.94110556,-78.99221111,Vehiculo en movimiento,Frente a Detrás,Not an Intersection,No fue interseccion,Sobre calle,Ninguna,Dia total,lluvia,No,NO APLICA,99,99,99,99,1,10/07/2022,5
37,North Carolina,370754,0,0,2,0,101,JOHNSTON (101),4230,SMITHFIELD,7,Julio,16,2022,2,32,US-301,2,US Highway,Urbano,Arteria Principal,State Highway Agency,1,Sin jurisdiccion especial,193,35.52494444,-78.29955278,Vehiculo en movimiento,Angulo,Four-Way Intersection,Interseccion de 4 direcciones,Sobre calle,Ninguna,Oscuro con iluminacion,Despejado,No,NO APLICA,99,99,99,97,1,16/07/2022,3
37,North Carolina,370755,1,1,1,0,119,MECKLENBURG (119),2280,HUNTERSVILLE,8,Agosto,1,2022,13,8,I-77,1,Interestatal,Urbano,Interestatal,State Highway Agency,1,Sin jurisdiccion especial,228,35.40755833,-80.8578,Peaton,El primer evento no fue una colision con un vehiculo automotor en transporte,Not an Intersection,No fue interseccion,Sobre calle,Ninguna,Dia total,Despejado,No,NO APLICA,99,99,99,97,1,01/08/2022,1
37,North Carolina,370756,0,0,1,0,97,IREDELL (97),0,NO APLICA,8,Agosto,3,2022,23,9,SSR-2379 WEATHERS CREEK RD,8,Otro,Rural,Local,State Highway Agency,9,Sin jurisdiccion especial,99998,35.66354444,-80.81126389,Zanja,El primer evento no fue una colision con un vehiculo automotor en transporte,T-Intersection,Interseccion de T,Sobre el lado de la calle,Ninguna,Oscuro sin iluminacion,Despejado,No,NO APLICA,23,8,23,18,1,03/08/2022,1
37,North Carolina,370757,1,1,1,0,97,IREDELL (97),4430,STATESVILLE,7,Julio,9,2022,22,58,US-64 TAYLORSVILLE RD,2,US Highway,Urbano,Arteria Principal,State Highway Agency,1,Sin jurisdiccion especial,168,35.79681667,-80.938775,Peaton,El primer evento no fue una colision con un vehiculo automotor en transporte,Not an Intersection,No fue interseccion,Sobre calle,Ninguna,Oscuro con iluminacion,Despejado,No,NO APLICA,22,57,23,1,1,09/07/2022,1
37,North Carolina,370758,0,0,1,0,85,HARNETT (85),0,NO APLICA,7,Julio,31,2022,23,39,SR-1500,3,Highway estatal,Rural,Colector Menor,State Highway Agency,0,Sin jurisdiccion especial,99998,35.48928611,-78.69123611,Zanja,El primer evento no fue una colision con un vehiculo automotor en transporte,Not an Intersection,No fue interseccion,Sobre el lado de la calle,Ninguna,Oscuro sin iluminacion,lluvia,No,NO APLICA,23,39,23,48,1,31/07/2022,2
37,North Carolina,370759,0,0,2,0,1,ALAMANCE (1),0,NO APLICA,7,Julio,27,2022,20,26,SSR-1005,8,Otro,Rural,Colector Mayor,State Highway Agency,0,Sin jurisdiccion especial,99998,35.89818333,-79.41501667,Vehiculo en movimiento,Frente a frente,Not an Intersection,No fue interseccion,Sobre calle,Ninguna,Dia total,lluvia,No,NO APLICA,99,99,99,99,1,27/07/2022,2
37,North Carolina,370762,0,0,2,0,51,CUMBERLAND (51),0,NO APLICA,7,Julio,3,2022,17,57,SR-87,3,Highway estatal,Rural,Arteria Principal,State Highway Agency,1,Sin jurisdiccion especial,99998,34.92273611,-78.85743333,Otro objeto (fijo),El primer evento no fue una colision con un vehiculo automotor en transporte,Not an Intersection,No fue interseccion,Sobre el lado de la calle,Ninguna,Dia total,Despejado,No,NO APLICA,99,99,99,97,1,03/07/2022,5
37,North Carolina,370763,0,0,1,0,59,DAVIE (59),0,NO APLICA,7,Julio,22,2022,12,20,SR-1320 BEAR CREEK CHURCH RD,3,Highway estatal,Rural,Local,State Highway Agency,0,Sin jurisdiccion especial,99998,35.98751389,-80.64781944,Buzon de correo,El primer evento no fue una colision con un vehiculo automotor en transporte,Not an Intersection,No fue interseccion,Sobre el lado de la calle,Ninguna,Dia total,Despejado,No,NO APLICA,12,16,12,32,1,22/07/2022,1