Estado,Nombre de Estado,Numero de Caso,Peatones,Personas _no_vehiculos,Vehiculos automotores,Vehiculos estacionados,Condado,Nombre Condado,Ciudad,Nombre Ciudad,Mes,Nombre Mes,Dia,Año,Hora,Minuto,Calle,Ruta,Nombre Ruta,Rural o Urbanoo,Sistema Funcional,Dueño Calle,Sistema Nacional Carreteras,Jurisdiccion Especial,Milla,Latitud,Longitud,Causa del Accidente,Tipo de Accidente,Tipo Interseccion,Columna1,Lugar en la calle,Zona de Trabajo,Luz,Clima,Autobus Escolar,Cruce de Trenes,Hora Notificacion,Minuto Notificacion,Hora Llegada,Minuto Llegada,Decesos,Fecha,PersonaVehiculo
37,North Carolina,370764,0,0,2,0,61,DUPLIN (61),0,NO APLICA,7,Julio,19,2022,14,50,SR-1162 BAY RD,3,Highway estatal,Rural,Colector Menor,State Highway Agency,0,Sin jurisdiccion especial,99998,34.82178056,-77.95812778,Vehiculo en movimiento,Angulo,Four-Way Intersection,Interseccion de 4 direcciones,Sobre calle,Ninguna,Dia total,Despejado,No,NO APLICA,99,99,99,99,1,19/07/2022,8
37,North Carolina,370765,0,0,2,0,67,FORSYTH (67),0,NO APLICA,7,Julio,24,2022,7,13,SR-2775 HORNEYTOWN RD,3,Highway estatal,Rural,Arteria Menor,State Highway Agency,0,Sin jurisdiccion especial,99998,36.01800278,-80.06006944,Vehiculo en movimiento,Frente a frente,Not an Intersection,No fue interseccion,Sobre calle,Ninguna,Dia total,Despejado,No,NO APLICA,6,56,7,8,1,24/07/2022,2
37,North Carolina,370766,0,0,1,0,67,FORSYTH (67),2614,LEWISVILLE,7,Julio,24,2022,13,56,SR-1307,3,Highway estatal,Rural,Local,State Highway Agency,9,Sin jurisdiccion especial,99998,36.12357778,-80.44263056,Volcadura,El primer evento no fue una colision con un vehiculo automotor en transporte,Not an Intersection,No fue interseccion,Sobre el lado de la calle,Ninguna,Dia total,Despejado,No,NO APLICA,99,99,99,99,1,24/07/2022,1
37,North Carolina,370767,0,0,2,0,101,JOHNSTON (101),4230,SMITHFIELD,7,Julio,29,2022,10,47,US-301,2,US Highway,Urbano,Arteria Menor,State Highway Agency,1,Sin jurisdiccion especial,186,35.520175,-78.31025278,Vehiculo en movimiento,Angulo,Four-Way Intersection,Interseccion de 4 direcciones,Sobre calle,Ninguna,Dia total,Despejado,No,NO APLICA,10,45,10,51,1,29/07/2022,2
37,North Carolina,370768,0,0,1,0,127,NASH (127),0,NO APLICA,7,Julio,23,2022,0,17,CLAUDE LEWIS RD,8,Otro,Rural,Local,Other State Agency,0,Sin jurisdiccion especial,35,35.77705,-78.19312222,Zanja,El primer evento no fue una colision con un vehiculo automotor en transporte,Not an Intersection,No fue interseccion,Sobre el lado de la calle,Ninguna,Oscuro sin iluminacion,Despejado,No,NO APLICA,99,99,99,99,1,23/07/2022,1
37,North Carolina,370769,1,1,1,0,195,WILSON (195),0,NO APLICA,7,Julio,29,2022,3,35,US-301,2,US Highway,Rural,Arteria Principal,State Highway Agency,1,Sin jurisdiccion especial,110,35.68190556,-77.95106667,Peaton,El primer evento no fue una colision con un vehiculo automotor en transporte,Not an Intersection,No fue interseccion,Sobre calle,Ninguna,Oscuro sin iluminacion,Despejado,No,NO APLICA,99,99,99,99,1,29/07/2022,1
37,North Carolina,370770,0,0,1,0,59,DAVIE (59),0,NO APLICA,8,Agosto,3,2022,21,20,SSR-1306 SHEFFIELD RD,8,Otro,Rural,Colector Menor,State Highway Agency,0,Sin jurisdiccion especial,11,35.9375,-80.64603333,Culvert,El primer evento no fue una colision con un vehiculo automotor en transporte,Not an Intersection,No fue interseccion,Sobre el lado de la calle,Ninguna,Oscuro sin iluminacion,Despejado,No,NO APLICA,21,19,21,26,1,03/08/2022,2
37,North Carolina,370771,0,0,2,0,111,MCDOWELL (111),0,NO APLICA,5,Mayo,3,2022,19,16,US-221,2,US Highway,Rural,Arteria Principal,State Highway Agency,1,Sin jurisdiccion especial,169,35.72461667,-82.04287778,Vehiculo en movimiento,Frente a frente,Not an Intersection,No fue interseccion,Sobre calle,Ninguna,Dia total,Despejado,No,NO APLICA,19,5,19,12,1,03/05/2022,3
37,North Carolina,370772,0,0,1,0,83,HALIFAX (83),0,NO APLICA,7,Julio,23,2022,14,58,ITA RD,9,Desconocido,Rural,Colector Menor,State Highway Agency,0,Sin jurisdiccion especial,47,36.19180556,-77.916825,Zanja,El primer evento no fue una colision con un vehiculo automotor en transporte,Not an Intersection,No fue interseccion,Sobre el lado de la calle,Ninguna,Dia total,Despejado,No,NO APLICA,14,53,15,3,1,23/07/2022,1
37,North Carolina,370773,1,1,1,0,169,STOKES (169),2438,KING,8,Agosto,5,2022,4,55,SOUTH MAIN ST,9,Desconocido,Urbano,Arteria Menor,State Highway Agency,0,Sin jurisdiccion especial,1,36.26263611,-80.36298889,Peaton,El primer evento no fue una colision con un vehiculo automotor en transporte,Not an Intersection,No fue interseccion,Sobre calle,Ninguna,Oscuro con iluminacion,Despejado,No,NO APLICA,4,56,5,6,1,05/08/2022,1
37,North Carolina,370774,0,0,2,0,107,LENOIR (107),2450,KINSTON,8,Agosto,9,2022,6,12,SR-58,3,Highway estatal,Urbano,Colector Mayor,State Highway Agency,0,Sin jurisdiccion especial,71,35.23475833,-77.57415278,Vehiculo en movimiento,Frente a frente,Not an Intersection,No fue interseccion,Sobre calle,Ninguna,Dia total,Despejado,No,NO APLICA,99,99,99,97,1,09/08/2022,2
37,North Carolina,370775,0,0,3,0,1,ALAMANCE (1),2080,HAW RIVER,4,Abril,25,2022,17,51,SR-49 ROXBORO ST,3,Highway estatal,Urbano,Arteria Menor,State Highway Agency,0,Sin jurisdiccion especial,214,36.09961667,-79.35254722,Vehiculo en movimiento,Angulo,T-Intersection,Interseccion de T,Sobre calle,Ninguna,Dia total,Despejado,No,NO APLICA,99,99,99,99,1,25/04/2022,4
37,North Carolina,370777,0,0,1,0,1,ALAMANCE (1),0,NO APLICA,8,Agosto,31,2022,14,5,I-40,1,Interestatal,Rural,Interestatal,State Highway Agency,1,Sin jurisdiccion especial,123,36.06614444,-79.32415556,Zanja,El primer evento no fue una colision con un vehiculo automotor en transporte,Not an Intersection,No fue interseccion,Sobre el lado de la calle,Ninguna,Dia total,Despejado,No,NO APLICA,14,6,14,14,1,31/08/2022,3
37,North Carolina,370778,0,0,1,0,13,BEAUFORT (13),0,NO APLICA,8,Agosto,10,2022,23,14,SSR-1334 CAMP LEACH RD,8,Otro,Rural,Local,State Highway Agency,0,Sin jurisdiccion especial,49,35.46547778,-76.85931111,Zanja,El primer evento no fue una colision con un vehiculo automotor en transporte,Not an Intersection,No fue interseccion,Sobre el lado de la calle,Ninguna,Oscuro sin iluminacion,Nublado,No,NO APLICA,99,99,99,99,1,10/08/2022,1
37,North Carolina,370779,1,1,1,0,17,BLADEN (17),0,NO APLICA,8,Agosto,6,2022,22,12,SR-87,3,Highway estatal,Rural,Arteria Principal,Other State Agency,1,Sin jurisdiccion especial,389,34.72741667,-78.7733,Ciclista,El primer evento no fue una colision con un vehiculo automotor en transporte,Not an Intersection,No fue interseccion,Sobre calle,Ninguna,Oscuro sin iluminacion,Despejado,No,NO APLICA,99,99,99,97,1,06/08/2022,1
37,North Carolina,370780,1,1,1,0,19,BRUNSWICK (19),0,NO APLICA,8,Agosto,25,2022,19,32,SR-179,3,Highway estatal,Rural,Colector Mayor,Other State Agency,0,Sin jurisdiccion especial,109,33.91201389,-78.42768056,Ciclista,El primer evento no fue una colision con un vehiculo automotor en transporte,Not an Intersection,No fue interseccion,Sobre Acotamiento,Ninguna,Dia total,Nublado,No,NO APLICA,19,14,19,23,1,25/08/2022,1
37,North Carolina,370781,0,0,1,0,19,BRUNSWICK (19),0,NO APLICA,8,Agosto,14,2022,19,35,SUNSET HARBOR RD SE,8,Otro,Rural,Local,Other State Agency,0,Sin jurisdiccion especial,49,33.97673611,-78.19851111,Volcadura,El primer evento no fue una colision con un vehiculo automotor en transporte,Not an Intersection,No fue interseccion,Sobre calle,Ninguna,Dia total,Despejado,No,NO APLICA,19,29,19,39,1,14/08/2022,1
37,North Carolina,370782,0,0,2,0,21,BUNCOMBE (21),0,NO APLICA,8,Agosto,1,2022,9,1,US-70,2,US Highway,Rural,Arteria Principal,State Highway Agency,1,Sin jurisdiccion especial,213,35.59105556,-82.44993889,Vehiculo en movimiento,Angulo,Not an Intersection,No fue interseccion,Sobre calle,Ninguna,Dia total,Nublado,No,NO APLICA,99,99,99,99,1,01/08/2022,3
37,North Carolina,370783,0,0,1,0,21,BUNCOMBE (21),0,NO APLICA,8,Agosto,13,2022,8,0,I-40,1,Interestatal,Rural,Interestatal,State Highway Agency,1,Sin jurisdiccion especial,274,35.61287778,-82.31800278,Barrera de Cable,El primer evento no fue una colision con un vehiculo automotor en transporte,Not an Intersection,No fue interseccion,En el medio,Ninguna,Oscuro sin iluminacion,Despejado,No,NO APLICA,99,99,99,99,1,13/08/2022,1
37,North Carolina,370784,0,0,2,0,21,BUNCOMBE (21),0,NO APLICA,8,Agosto,25,2022,12,1,US-19,2,US Highway,Rural,Arterial Principal -Freeway o ExpressWay,State Highway Agency,1,Sin jurisdiccion especial,58,35.71231111,-82.56319167,Valla Ferrocarril,El primer evento no fue una colision con un vehiculo automotor en transporte,Not an Intersection,No fue interseccion,En el medio,Ninguna,Dia total,Despejado,No,NO APLICA,13,11,13,20,1,25/08/2022,2
37,North Carolina,370785,0,0,3,0,21,BUNCOMBE (21),0,NO APLICA,8,Agosto,21,2022,16,49,OLD US 19 23 HWY,8,Otro,Rural,Local,State Highway Agency,0,Sin jurisdiccion especial,0,35.54033889,-82.70634722,Vehiculo en movimiento,Angulo,Four-Way Intersection,Interseccion de 4 direcciones,Sobre calle,Ninguna,Dia total,Despejado,No,NO APLICA,16,48,17,16,1,21/08/2022,3
37,North Carolina,370786,1,1,1,0,25,CABARRUS (25),0,NO APLICA,8,Agosto,12,2022,23,3,NC-73,9,Desconocido,Rural,Arteria Principal,State Highway Agency,1,Sin jurisdiccion especial,13,35.44169722,-80.73918333,Peaton,El primer evento no fue una colision con un vehiculo automotor en transporte,T-Intersection,Interseccion de T,Sobre calle,Ninguna,Oscuro sin iluminacion,Despejado,No,NO APLICA,22,53,23,2,1,12/08/2022,1
37,North Carolina,370787,0,0,2,0,31,CARTERET (31),0,NO APLICA,8,Agosto,10,2022,10,39,US-70,2,US Highway,Rural,Arteria Principal,State Highway Agency,1,Sin jurisdiccion especial,207,34.75132778,-76.63095,Poste de Señal de trafico,El primer evento no fue una colision con un vehiculo automotor en transporte,Not an Intersection,No fue interseccion,Sobre el lado de la calle,Ninguna,Dia total,Despejado,No,NO APLICA,10,26,10,31,1,10/08/2022,2
37,North Carolina,370788,0,0,1,0,31,CARTERET (31),0,NO APLICA,8,Agosto,25,2022,14,13,US-70,2,US Highway,Rural,Colector Mayor,State Highway Agency,0,Sin jurisdiccion especial,454,34.87271667,-76.38266667,Acotamiento,El primer evento no fue una colision con un vehiculo automotor en transporte,Not an Intersection,No fue interseccion,Sobre el lado de la calle,Ninguna,Dia total,Despejado,No,NO APLICA,14,11,14,16,1,25/08/2022,2
37,North Carolina,370789,0,0,3,0,31,CARTERET (31),0,NO APLICA,8,Agosto,31,2022,11,47,NINE FOOT RD,6,Calle Local Municipalidad,Rural,Colector Mayor,State Highway Agency,0,Sin jurisdiccion especial,71,34.79310556,-76.88889444,Vehiculo en movimiento,Frente a Detrás,Not an Intersection,No fue interseccion,Sobre calle,Ninguna,Dia total,Despejado,No,NO APLICA,11,44,11,54,1,31/08/2022,3
37,North Carolina,370790,1,1,1,0,35,CATAWBA (35),0,NO APLICA,8,Agosto,11,2022,1,22,US-321,2,US Highway,Rural,Arterial Principal -Freeway o ExpressWay,State Highway Agency,1,Sin jurisdiccion especial,135,35.71441667,-81.33506111,Peaton,El primer evento no fue una colision con un vehiculo automotor en transporte,Not an Intersection,No fue interseccion,Sobre calle,Ninguna,Oscuro sin iluminacion,Despejado,No,NO APLICA,1,20,1,27,1,11/08/2022,2
37,North Carolina,370791,0,0,1,0,35,CATAWBA (35),0,NO APLICA,8,Agosto,22,2022,22,51,SSR-1111 JACOB FORK RIVER RD,8,Otro,Rural,Local,State Highway Agency,0,Sin jurisdiccion especial,23,35.61893611,-81.472675,Poste o otros soportes,El primer evento no fue una colision con un vehiculo automotor en transporte,Not an Intersection,No fue interseccion,Fuera de la calle,Ninguna,Oscuro sin iluminacion,Despejado,No,NO APLICA,22,48,23,1,1,22/08/2022,1
37,North Carolina,370792,1,1,1,0,45,CLEVELAND (45),0,NO APLICA,8,Agosto,27,2022,22,26,SR-10,3,Highway estatal,Rural,Colector Mayor,Other State Agency,0,Sin jurisdiccion especial,140,35.53695556,-81.52819444,Peaton,El primer evento no fue una colision con un vehiculo automotor en transporte,Y-Intersection,Interseccion de Y,Sobre calle,Ninguna,Oscuro sin iluminacion,Despejado,No,NO APLICA,99,99,99,97,1,27/08/2022,1
37,North Carolina,370793,0,0,3,0,49,CRAVEN (49),0,NO APLICA,8,Agosto,12,2022,12,39,SSR-1440 STREETS FERRY RD,8,Otro,Rural,Colector Mayor,Other State Agency,0,Sin jurisdiccion especial,16,35.27481111,-77.15326111,Vehiculo en movimiento,Frente a frente,Four-Way Intersection,Interseccion de 4 direcciones,Sobre calle,Ninguna,Dia total,lluvia,No,NO APLICA,12,36,12,57,1,12/08/2022,3
37,North Carolina,370794,0,0,1,0,51,CUMBERLAND (51),0,NO APLICA,8,Agosto,6,2022,14,57,I-95,1,Interestatal,Rural,Interestatal,State Highway Agency,1,Sin jurisdiccion especial,287,35.20657222,-78.66503056,Valla Ferrocarril,El primer evento no fue una colision con un vehiculo automotor en transporte,Not an Intersection,No fue interseccion,Sobre el lado de la calle,Ninguna,Dia total,Despejado,No,NO APLICA,99,99,99,99,1,06/08/2022,1
37,North Carolina,370796,1,1,1,0,51,CUMBERLAND (51),0,NO APLICA,8,Agosto,19,2022,6,22,US-401,2,US Highway,Rural,Arteria Menor,State Highway Agency,0,Sin jurisdiccion especial,220,35.21228611,-78.84518056,Peaton,El primer evento no fue una colision con un vehiculo automotor en transporte,Not an Intersection,No fue interseccion,Sobre calle,Ninguna,Oscuro sin iluminacion,Despejado,No,NO APLICA,99,99,99,99,1,19/08/2022,1
37,North Carolina,370797,0,0,1,0,57,DAVIDSON (57),0,NO APLICA,8,Agosto,2,2022,23,9,SSR-1741 WALLBURG-HIGHPOINT RD,8,Otro,Rural,Arteria Menor,State Highway Agency,0,Sin jurisdiccion especial,99998,35.99702778,-80.111125,Poste,El primer evento no fue una colision con un vehiculo automotor en transporte,Not an Intersection,No fue interseccion,Sobre el lado de la calle,Ninguna,Oscuro sin iluminacion,Despejado,No,NO APLICA,23,10,23,18,1,02/08/2022,1
37,North Carolina,370798,0,0,1,0,57,DAVIDSON (57),0,NO APLICA,8,Agosto,13,2022,21,50,SSR-1837,8,Otro,Rural,Local,State Highway Agency,0,Sin jurisdiccion especial,99998,35.88754444,-80.208225,Buzon de correo,El primer evento no fue una colision con un vehiculo automotor en transporte,Not an Intersection,No fue interseccion,Sobre el lado de la calle,Ninguna,Oscuro sin iluminacion,Despejado,No,NO APLICA,21,49,21,57,1,13/08/2022,1
37,North Carolina,370799,0,0,1,0,57,DAVIDSON (57),0,NO APLICA,8,Agosto,29,2022,23,34,SR-1516 FRIEDBERG CHURCH RD,3,Highway estatal,Rural,Colector Mayor,State Highway Agency,0,Sin jurisdiccion especial,99998,35.99375278,-80.28316111,Volcadura,El primer evento no fue una colision con un vehiculo automotor en transporte,Not an Intersection,No fue interseccion,Sobre calle,Ninguna,Oscuro sin iluminacion,Despejado,No,NO APLICA,23,29,23,36,1,29/08/2022,2
37,North Carolina,370800,1,1,1,0,59,DAVIE (59),0,NO APLICA,8,Agosto,8,2022,5,33,SR-801,3,Highway estatal,Urbano,Arteria Menor,State Highway Agency,0,Sin jurisdiccion especial,99998,36.01464444,-80.47209722,Peaton,El primer evento no fue una colision con un vehiculo automotor en transporte,Not an Intersection,No fue interseccion,Sobre calle,Ninguna,Oscuro sin iluminacion,Despejado,No,NO APLICA,5,35,5,41,1,08/08/2022,1
37,North Carolina,370801,0,0,1,0,61,DUPLIN (61),0,NO APLICA,8,Agosto,5,2022,20,35,SR-1004,3,Highway estatal,Rural,Colector Mayor,State Highway Agency,0,Sin jurisdiccion especial,99998,35.07296944,-77.95025556,Zanja,El primer evento no fue una colision con un vehiculo automotor en transporte,Not an Intersection,No fue interseccion,Sobre el lado de la calle,Ninguna,Oscuro sin iluminacion,Despejado,No,NO APLICA,99,99,99,97,1,05/08/2022,1
37,North Carolina,370802,0,0,2,0,63,DURHAM (63),1360,DURHAM,8,Agosto,8,2022,5,27,US-501,2,US Highway,Urbano,Arteria Principal,State Highway Agency,1,Sin jurisdiccion especial,99998,36.05337778,-78.90456111,Vehiculo en movimiento,Frente a frente,T-Intersection,Interseccion de T,Sobre calle,Ninguna,Amanecer,Despejado,No,NO APLICA,5,27,5,33,1,08/08/2022,2
37,North Carolina,370803,0,0,1,0,65,EDGECOMBE (65),0,NO APLICA,8,Agosto,24,2022,15,1,US-64,2,US Highway,Rural,Arterial Principal -Freeway o ExpressWay,State Highway Agency,1,Sin jurisdiccion especial,99998,35.898175,-77.63581944,Valla Ferrocarril,El primer evento no fue una colision con un vehiculo automotor en transporte,Not an Intersection,No fue interseccion,Sobre el lado de la calle,Ninguna,Dia total,Despejado,No,NO APLICA,99,99,99,97,1,24/08/2022,1
37,North Carolina,370804,0,0,2,0,67,FORSYTH (67),5120,WINSTON SALEM,8,Agosto,10,2022,18,18,SR-150,3,Highway estatal,Urbano,Arteria Principal,State Highway Agency,0,Sin jurisdiccion especial,99998,36.04972778,-80.25945833,Vehiculo en movimiento,Angulo,T-Intersection,Interseccion de T,Sobre calle,Ninguna,Dia total,Despejado,No,NO APLICA,99,99,99,97,1,10/08/2022,3
37,North Carolina,370805,1,1,1,0,67,FORSYTH (67),5120,WINSTON SALEM,8,Agosto,19,2022,1,4,US-421,2,US Highway,Urbano,Arterial Principal -Freeway o ExpressWay,State Highway Agency,1,Sin jurisdiccion especial,99998,36.10665556,-80.17468333,Peaton,El primer evento no fue una colision con un vehiculo automotor en transporte,Not an Intersection,No fue interseccion,Sobre calle,Ninguna,Oscuro con iluminacion,Despejado,No,NO APLICA,99,99,99,97,1,19/08/2022,1
37,North Carolina,370806,1,1,1,0,71,GASTON (71),1800,GASTONIA,8,Agosto,13,2022,18,13,1713 DAVIS PARK,6,Calle Local Municipalidad,Urbano,Local,State Highway Agency,0,Sin jurisdiccion especial,99998,35.23897778,-81.22266111,Peaton,El primer evento no fue una colision con un vehiculo automotor en transporte,Not an Intersection,No fue interseccion,Sobre calle,Ninguna,Dia total,Despejado,No,NO APLICA,17,45,18,3,1,13/08/2022,1
37,North Carolina,370807,0,0,2,0,71,GASTON (71),0,NO APLICA,8,Agosto,18,2022,7,25,SR-2000 HICKORY GROVE RD,3,Highway estatal,Urbano,Arteria Menor,State Highway Agency,0,Sin jurisdiccion especial,99998,35.31388333,-81.08034444,Vehiculo en movimiento,Frente a Detrás,T-Intersection,Interseccion de T,Sobre calle,Ninguna,Dia total,Despejado,No,NO APLICA,7,15,7,24,1,18/08/2022,2
37,North Carolina,370808,1,1,1,0,71,GASTON (71),390,BELMONT,8,Agosto,6,2022,20,55,SR-273,3,Highway estatal,Urbano,Arteria Menor,State Highway Agency,0,Sin jurisdiccion especial,99998,35.24734722,-81.03121389,Peaton,El primer evento no fue una colision con un vehiculo automotor en transporte,Not an Intersection,No fue interseccion,Sobre calle,Ninguna,Oscuro con iluminacion,lluvia,No,NO APLICA,20,56,21,2,1,06/08/2022,1
37,North Carolina,370809,0,0,2,0,75,GRAHAM (75),0,NO APLICA,8,Agosto,12,2022,15,7,US-129 TAPACO RD,2,US Highway,Rural,Arteria Menor,State Highway Agency,0,Sin jurisdiccion especial,99998,35.36735833,-83.83953889,Vehiculo en movimiento,Golpe Lateral - direccion contraria,Not an Intersection,No fue interseccion,Sobre calle,Ninguna,Dia total,Despejado,No,NO APLICA,99,99,99,99,1,12/08/2022,2
37,North Carolina,370810,1,1,1,0,81,GUILFORD (81),0,NO APLICA,8,Agosto,10,2022,2,57,I-73,1,Interestatal,Rural,Interestatal,State Highway Agency,1,Sin jurisdiccion especial,99998,36.00443333,-79.85023056,Peaton,El primer evento no fue una colision con un vehiculo automotor en transporte,Not an Intersection,No fue interseccion,Sobre calle,Ninguna,Oscuro sin iluminacion,Despejado,No,NO APLICA,2,57,3,12,1,10/08/2022,1
37,North Carolina,370811,1,1,1,0,81,GUILFORD (81),2170,HIGH POINT,8,Agosto,21,2022,21,5,SOUTH UNIVERSITY PARKWAY,6,Calle Local Municipalidad,Urbano,Arteria Principal,City or Municipal Highway Agency,1,Sin jurisdiccion especial,99998,35.9539,-79.99195833,Peaton,El primer evento no fue una colision con un vehiculo automotor en transporte,Four-Way Intersection,Interseccion de 4 direcciones,Sobre calle,Ninguna,Oscuro con iluminacion,lluvia,No,NO APLICA,21,6,21,12,1,21/08/2022,4
37,North Carolina,370812,0,0,1,0,83,HALIFAX (83),0,NO APLICA,8,Agosto,19,2022,2,15,I-95,1,Interestatal,Rural,Interestatal,State Highway Agency,1,Sin jurisdiccion especial,99998,36.24545556,-77.73026667,Arbol,El primer evento no fue una colision con un vehiculo automotor en transporte,Not an Intersection,No fue interseccion,Sobre el lado de la calle,Ninguna,Oscuro sin iluminacion,Despejado,No,NO APLICA,99,99,99,97,1,19/08/2022,1
37,North Carolina,370813,0,0,2,0,85,HARNETT (85),0,NO APLICA,8,Agosto,11,2022,12,28,SR-1205 OLIVIA RD,3,Highway estatal,Rural,Local,State Highway Agency,0,Servicio de Parques Nacional,99998,35.35790556,-79.12706944,Vehiculo en movimiento,Frente a frente,Not an Intersection,No fue interseccion,Sobre calle,Ninguna,Dia total,Despejado,No,NO APLICA,99,99,99,99,2,11/08/2022,5
37,North Carolina,370814,0,0,1,0,85,HARNETT (85),0,NO APLICA,8,Agosto,16,2022,10,1,SR-24,3,Highway estatal,Rural,Arteria Menor,State Highway Agency,0,Sin jurisdiccion especial,99998,35.28240556,-79.13323889,Buzon de correo,El primer evento no fue una colision con un vehiculo automotor en transporte,Not an Intersection,No fue interseccion,Sobre el lado de la calle,Ninguna,Dia total,Nublado,No,NO APLICA,9,53,10,1,1,16/08/2022,1
37,North Carolina,370815,0,0,2,0,89,HENDERSON (89),0,NO APLICA,8,Agosto,30,2022,5,27,US-25,2,US Highway,Rural,Arteria Principal,State Highway Agency,1,Sin jurisdiccion especial,99998,35.17592222,-82.44828056,Vehiculo en movimiento,Frente a frente,Not an Intersection,No fue interseccion,Sobre calle,Ninguna,Oscuro sin iluminacion,Despejado,No,NO APLICA,99,99,99,97,1,30/08/2022,2
37,North Carolina,370816,0,0,1,0,93,HOKE (93),0,NO APLICA,8,Agosto,14,2022,18,13,SR-1300 VASS RD,3,Highway estatal,Urbano,Colector Mayor,State Highway Agency,0,Sin jurisdiccion especial,99998,77.7777,777.7777,Arbol,El primer evento no fue una colision con un vehiculo automotor en transporte,Not an Intersection,No fue interseccion,Sobre el lado de la calle,Ninguna,Dia total,Despejado,No,NO APLICA,18,2,18,6,1,14/08/2022,1
37,North Carolina,370817,0,0,2,0,93,HOKE (93),0,NO APLICA,8,Agosto,5,2022,5,54,US-401 LAURINBURG RD,2,US Highway,Rural,Arteria Principal,State Highway Agency,1,Sin jurisdiccion especial,99998,34.94802222,-79.29233889,Vehiculo en movimiento,Frente a frente,Not an Intersection,No fue interseccion,Sobre calle,Ninguna,Amanecer,Neblina o Humo,No,NO APLICA,5,50,6,3,1,05/08/2022,2
37,North Carolina,370818,0,0,1,0,101,JOHNSTON (101),0,NO APLICA,8,Agosto,6,2022,23,2,SR-1551 GUY RD,3,Highway estatal,Urbano,Local,State Highway Agency,0,Sin jurisdiccion especial,99998,35.65592778,-78.50461111,Zanja,El primer evento no fue una colision con un vehiculo automotor en transporte,Not an Intersection,No fue interseccion,Sobre el lado de la calle,Ninguna,Oscuro sin iluminacion,Despejado,No,NO APLICA,22,58,23,7,1,06/08/2022,1
37,North Carolina,370819,0,0,1,0,105,LEE (105),0,NO APLICA,8,Agosto,3,2022,21,53,US-421,2,US Highway,Rural,Arterial Principal -Freeway o ExpressWay,State Highway Agency,1,Sin jurisdiccion especial,99998,35.505575,-79.15811111,Acotamiento,El primer evento no fue una colision con un vehiculo automotor en transporte,Not an Intersection,No fue interseccion,Sobre el lado de la calle,Ninguna,Oscuro con iluminacion,Despejado,No,NO APLICA,99,99,99,99,1,03/08/2022,1
37,North Carolina,370820,0,0,2,0,105,LEE (105),0,NO APLICA,8,Agosto,27,2022,10,39,SR-1529 COX MILL RD,3,Highway estatal,Rural,Local,State Highway Agency,0,Sin jurisdiccion especial,99998,35.43303889,-79.09681667,Vehiculo en movimiento,Frente a frente,Not an Intersection,No fue interseccion,Sobre calle,Ninguna,Dia total,Despejado,No,NO APLICA,99,99,99,97,1,27/08/2022,2
37,North Carolina,370821,0,0,2,0,109,LINCOLN (109),0,NO APLICA,8,Agosto,8,2022,14,17,SR-27,3,Highway estatal,Urbano,Arteria Principal,State Highway Agency,1,Sin jurisdiccion especial,99998,35.48105556,-81.19235833,Vehiculo en movimiento,Angulo,Not an Intersection,No fue interseccion,Sobre calle,Ninguna,Dia total,Despejado,No,NO APLICA,14,16,14,21,2,08/08/2022,4
37,North Carolina,370822,0,0,1,0,115,MADISON (115),0,NO APLICA,8,Agosto,29,2022,8,47,SR-63,3,Highway estatal,Rural,Colector Mayor,State Highway Agency,0,Sin jurisdiccion especial,99998,35.72624167,-82.84200556,Acotamiento,El primer evento no fue una colision con un vehiculo automotor en transporte,Not an Intersection,No fue interseccion,Sobre el lado de la calle,Ninguna,Dia total,Despejado,No,NO APLICA,99,99,99,99,1,29/08/2022,2
37,North Carolina,370823,0,0,1,0,119,MECKLENBURG (119),870,CHARLOTTE,8,Agosto,8,2022,10,58,I-85,1,Interestatal,Urbano,Interestatal,State Highway Agency,1,Sin jurisdiccion especial,99998,35.27706667,-80.81248889,Barrera de Trafico de Concreto,El primer evento no fue una colision con un vehiculo automotor en transporte,Not an Intersection,No fue interseccion,En el medio,Ninguna,Dia total,Despejado,No,NO APLICA,99,99,99,99,1,08/08/2022,2
37,North Carolina,370824,1,1,2,0,119,MECKLENBURG (119),870,CHARLOTTE,8,Agosto,9,2022,0,18,US-74 E INDEPENDENCE BLVD,2,US Highway,Urbano,Arterial Principal -Freeway o ExpressWay,State Highway Agency,1,Sin jurisdiccion especial,99998,35.20179722,-80.78578611,Vehiculo en movimiento,Angulo,Not an Intersection,No fue interseccion,Sobre calle,Ninguna,Oscuro con iluminacion,Despejado,No,NO APLICA,99,99,99,99,1,09/08/2022,1
37,North Carolina,370825,0,0,2,0,119,MECKLENBURG (119),870,CHARLOTTE,8,Agosto,10,2022,15,45,SR-1666,3,Highway estatal,Urbano,Arteria Menor,State Highway Agency,0,Sin jurisdiccion especial,99998,35.30978333,-80.97406944,Vehiculo en movimiento,Frente a frente,Not an Intersection,No fue interseccion,"Izquierda continua, carril de vuelta",Ninguna,Dia total,Despejado,No,NO APLICA,99,99,99,99,2,10/08/2022,2
37,North Carolina,370826,0,0,2,0,119,MECKLENBURG (119),870,CHARLOTTE,8,Agosto,9,2022,11,11,SR-27 FREEDOM DR,3,Highway estatal,Urbano,Arteria Principal,State Highway Agency,1,Sin jurisdiccion especial,99998,35.23476944,-80.87905556,Vehiculo en movimiento,Frente a Detrás,Not an Intersection,No fue interseccion,Sobre calle,Ninguna,Dia total,Despejado,No,NO APLICA,99,99,99,99,1,09/08/2022,2