Estado,Nombre de Estado,Numero de Caso,Peatones,Personas _no_vehiculos,Vehiculos automotores,Vehiculos estacionados,Condado,Nombre Condado,Ciudad,Nombre Ciudad,Mes,Nombre Mes,Dia,Año,Hora,Minuto,Calle,Ruta,Nombre Ruta,Rural o Urbanoo,Sistema Funcional,Dueño Calle,Sistema Nacional Carreteras,Jurisdiccion Especial,Milla,Latitud,Longitud,Causa del Accidente,Tipo de Accidente,Tipo Interseccion,Columna1,Lugar en la calle,Zona de Trabajo,Luz,Clima,Autobus Escolar,Cruce de Trenes,Hora Notificacion,Minuto Notificacion,Hora Llegada,Minuto Llegada,Decesos,Fecha,PersonaVehiculo
37,North Carolina,370827,0,0,2,0,119,MECKLENBURG (119),870,CHARLOTTE,8,Agosto,21,2022,1,8,SR-27 FREEDOM DR,3,Highway estatal,Urbano,Arteria Principal,State Highway Agency,1,Sin jurisdiccion especial,99998,35.23429722,-80.87836944,Vehiculo en movimiento,Golpe Lateral - misma direccion,Not an Intersection,No fue interseccion,Sobre calle,Ninguna,Oscuro con iluminacion,Nublado,No,NO APLICA,99,99,99,97,1,21/08/2022,2
37,North Carolina,370828,0,0,2,0,119,MECKLENBURG (119),870,CHARLOTTE,8,Agosto,17,2022,9,21,SR-49 S TRYON ST,3,Highway estatal,Urbano,Arteria Principal,State Highway Agency,0,Sin jurisdiccion especial,99998,35.1135,-80.968025,Vehiculo en movimiento,Frente a Detrás,Not an Intersection,No fue interseccion,Sobre calle,Ninguna,Dia total,Nublado,No,NO APLICA,99,99,99,97,1,17/08/2022,2
37,North Carolina,370829,0,0,3,0,119,MECKLENBURG (119),870,CHARLOTTE,8,Agosto,24,2022,1,15,I-85,1,Interestatal,Urbano,Interestatal,State Highway Agency,1,Sin jurisdiccion especial,99998,35.27398056,-80.82792778,Vehiculo en movimiento,Frente a Detrás,Not an Intersection,No fue interseccion,Sobre calle,"Zona de trabajo, tipo desconocido",Oscuro sin iluminacion,Despejado,No,NO APLICA,99,99,99,99,1,24/08/2022,5
37,North Carolina,370830,1,1,1,0,119,MECKLENBURG (119),2280,HUNTERSVILLE,8,Agosto,21,2022,1,33,I-77,1,Interestatal,Rural,Interestatal,State Highway Agency,1,Sin jurisdiccion especial,99998,35.39430556,-80.853625,Peaton,El primer evento no fue una colision con un vehiculo automotor en transporte,Not an Intersection,No fue interseccion,Sobre calle,Ninguna,Oscuro sin iluminacion,Despejado,No,NO APLICA,99,99,99,97,1,21/08/2022,2
37,North Carolina,370831,0,0,1,0,119,MECKLENBURG (119),870,CHARLOTTE,8,Agosto,26,2022,3,5,I-85,1,Interestatal,Urbano,Interestatal,State Highway Agency,1,Sin jurisdiccion especial,99998,35.23935278,-80.90954444,Volcadura,El primer evento no fue una colision con un vehiculo automotor en transporte,Not an Intersection,No fue interseccion,Sobre calle,Ninguna,Oscuro con iluminacion,Despejado,No,NO APLICA,99,99,99,99,1,26/08/2022,2
37,North Carolina,370832,0,0,3,2,119,MECKLENBURG (119),870,CHARLOTTE,8,Agosto,22,2022,0,45,PAT GARRETT ST,6,Calle Local Municipalidad,Urbano,Local,City or Municipal Highway Agency,0,Sin jurisdiccion especial,7,35.25532778,-80.83659444,Vehiculo Aparcado,El primer evento no fue una colision con un vehiculo automotor en transporte,Not an Intersection,No fue interseccion,Sobre Acotamiento,Ninguna,Oscuro con iluminacion,Despejado,No,NO APLICA,0,44,0,51,1,22/08/2022,2
37,North Carolina,370833,0,1,2,1,119,MECKLENBURG (119),870,CHARLOTTE,8,Agosto,30,2022,6,10,I-485,1,Interestatal,Urbano,Interestatal,State Highway Agency,1,Sin jurisdiccion especial,358,35.11446944,-80.90041389,Vehiculo Aparcado,El primer evento no fue una colision con un vehiculo automotor en transporte,Not an Intersection,No fue interseccion,Sobre Acotamiento,Ninguna,Dia total,Despejado,No,NO APLICA,6,7,6,17,1,30/08/2022,2
37,North Carolina,370834,0,0,2,0,127,NASH (127),0,NO APLICA,8,Agosto,25,2022,16,9,US-264,2,US Highway,Rural,Arterial Principal -Freeway o ExpressWay,State Highway Agency,1,Sin jurisdiccion especial,41,35.79741111,-78.18563889,Vehiculo en movimiento,Golpe Lateral - misma direccion,Not an Intersection,No fue interseccion,Sobre calle,Ninguna,Dia total,lluvia,No,NO APLICA,99,99,99,97,1,25/08/2022,3
37,North Carolina,370835,0,0,1,0,127,NASH (127),0,NO APLICA,8,Agosto,30,2022,23,46,SR-4,3,Highway estatal,Rural,Arteria Menor,Other State Agency,0,Sin jurisdiccion especial,32,36.05872222,-77.8097,Zanja,El primer evento no fue una colision con un vehiculo automotor en transporte,Not an Intersection,No fue interseccion,Sobre el lado de la calle,Ninguna,Oscuro sin iluminacion,Despejado,No,NO APLICA,99,99,99,97,1,30/08/2022,1
37,North Carolina,370836,0,0,2,0,133,ONSLOW (133),2330,JACKSONVILLE,8,Agosto,29,2022,5,41,US-17,2,US Highway,Urbano,Arteria Principal,State Highway Agency,1,Sin jurisdiccion especial,27,34.75543056,-77.42325556,Vehiculo en movimiento,Angulo,Y-Intersection,Interseccion de Y,Sobre calle,Ninguna,Dia total,Despejado,No,NO APLICA,5,45,5,50,1,29/08/2022,2
37,North Carolina,370837,0,0,1,0,135,ORANGE (135),0,NO APLICA,8,Agosto,30,2022,22,5,ST MARY RD,6,Calle Local Municipalidad,Rural,Colector Mayor,State Highway Agency,0,Sin jurisdiccion especial,20,36.08669167,-79.06643889,Acotamiento,El primer evento no fue una colision con un vehiculo automotor en transporte,Not an Intersection,No fue interseccion,Sobre el lado de la calle,Ninguna,Oscuro sin iluminacion,Despejado,No,NO APLICA,99,99,99,99,1,30/08/2022,1
37,North Carolina,370838,0,0,1,0,139,PASQUOTANK (139),0,NO APLICA,8,Agosto,6,2022,4,40,US-17,2,US Highway,Rural,Arterial Principal -Freeway o ExpressWay,State Highway Agency,1,Sin jurisdiccion especial,158,36.36275833,-76.31554167,Volcadura,El primer evento no fue una colision con un vehiculo automotor en transporte,Not an Intersection,No fue interseccion,En el medio,Ninguna,Oscuro sin iluminacion,Despejado,No,NO APLICA,4,35,4,41,1,06/08/2022,1
37,North Carolina,370839,0,0,1,0,123,MONTGOMERY (123),4660,TROY,8,Agosto,4,2022,6,14,N MAIN ST,6,Calle Local Municipalidad,Urbano,Local,State Highway Agency,0,Sin jurisdiccion especial,0,35.36988611,-79.894175,Acotamiento,El primer evento no fue una colision con un vehiculo automotor en transporte,Not an Intersection,No fue interseccion,Sobre el lado de la calle,Ninguna,Amanecer,Despejado,No,NO APLICA,99,99,99,99,1,04/08/2022,1
37,North Carolina,370841,0,0,1,0,125,MOORE (125),0,NO APLICA,8,Agosto,19,2022,7,3,US-1,2,US Highway,Rural,Arteria Principal,State Highway Agency,1,Sin jurisdiccion especial,240,35.08555556,-79.48681111,Arbol,El primer evento no fue una colision con un vehiculo automotor en transporte,Not an Intersection,No fue interseccion,Sobre el lado de la calle,Ninguna,Reportada como desconocida,Despejado,No,NO APLICA,7,2,7,16,1,19/08/2022,1
37,North Carolina,370842,0,0,1,0,133,ONSLOW (133),2330,JACKSONVILLE,8,Agosto,8,2022,9,45,ONSLOW DR,9,Desconocido,Urbano,Arteria Menor,State Highway Agency,0,Sin jurisdiccion especial,26,34.76453611,-77.42038333,Banqueta,El primer evento no fue una colision con un vehiculo automotor en transporte,Not an Intersection,No fue interseccion,Sobre el lado de la calle,Ninguna,Dia total,Despejado,No,NO APLICA,9,50,9,54,1,08/08/2022,2
37,North Carolina,370843,0,0,2,0,151,RANDOLPH (151),4640,TRINITY,8,Agosto,29,2022,21,10,FINCH FARM RD,8,Otro,Urbano,Arteria Menor,Other Local Agency,0,Sin jurisdiccion especial,95,35.85733333,-80.03299444,Vehiculo en movimiento,Frente a frente,Not an Intersection,No fue interseccion,Sobre calle,Ninguna,Oscuro sin iluminacion,Despejado,No,NO APLICA,99,99,99,99,1,29/08/2022,4
37,North Carolina,370844,0,0,2,0,153,RICHMOND (153),0,NO APLICA,8,Agosto,29,2022,14,30,US-1,2,US Highway,Rural,Arteria Principal,State Highway Agency,1,Sin jurisdiccion especial,97,34.91210556,-79.790725,Vehiculo en movimiento,Angulo,Not an Intersection,No fue interseccion,Sobre calle,Ninguna,Dia total,Despejado,No,NO APLICA,99,99,99,99,2,29/08/2022,3
37,North Carolina,370845,0,0,2,0,155,ROBESON (155),0,NO APLICA,8,Agosto,2,2022,9,15,SR-130,3,Highway estatal,Rural,Local,Other State Agency,0,Sin jurisdiccion especial,34,34.47795833,-79.18420556,Vehiculo en movimiento,Angulo,Four-Way Intersection,Interseccion de 4 direcciones,Sobre calle,Ninguna,Dia total,Despejado,No,NO APLICA,99,99,99,99,2,02/08/2022,3
37,North Carolina,370846,0,0,1,0,155,ROBESON (155),0,NO APLICA,8,Agosto,6,2022,6,41,MT OLIVE CHURCH RD,6,Calle Local Municipalidad,Rural,Local,State Highway Agency,0,Sin jurisdiccion especial,2,34.68184444,-79.05411667,Poste de Señal de trafico,El primer evento no fue una colision con un vehiculo automotor en transporte,Not an Intersection,No fue interseccion,Sobre el lado de la calle,Ninguna,Dia total,Despejado,No,NO APLICA,99,99,99,99,1,06/08/2022,1
37,North Carolina,370847,1,1,1,0,155,ROBESON (155),0,NO APLICA,8,Agosto,14,2022,18,19,I-95,1,Interestatal,Rural,Interestatal,State Highway Agency,1,Sin jurisdiccion especial,317,34.81589167,-78.98478333,Peaton,El primer evento no fue una colision con un vehiculo automotor en transporte,Not an Intersection,No fue interseccion,Sobre calle,Ninguna,Dia total,Despejado,No,NO APLICA,99,99,99,99,1,14/08/2022,2
37,North Carolina,370848,1,1,1,0,155,ROBESON (155),0,NO APLICA,8,Agosto,15,2022,22,53,SR-710,3,Highway estatal,Rural,Arteria Menor,Other State Agency,0,Sin jurisdiccion especial,312,34.79119444,-79.19025556,Peaton,El primer evento no fue una colision con un vehiculo automotor en transporte,Not an Intersection,No fue interseccion,Sobre calle,Ninguna,Oscuro sin iluminacion,lluvia,No,NO APLICA,99,99,99,99,1,15/08/2022,1
37,North Carolina,370849,1,1,1,0,155,ROBESON (155),0,NO APLICA,8,Agosto,18,2022,18,41,E WHITE POND RD,8,Otro,Rural,Colector Menor,Other State Agency,0,Sin jurisdiccion especial,7,34.46568611,-79.15339444,Peaton,El primer evento no fue una colision con un vehiculo automotor en transporte,Not an Intersection,No fue interseccion,Sobre calle,Ninguna,Dia total,Despejado,No,NO APLICA,99,99,99,99,1,18/08/2022,1
37,North Carolina,370850,1,1,1,0,155,ROBESON (155),2770,LUMBERTON,8,Agosto,22,2022,17,6,BEE GEE RD,8,Otro,Urbano,Local,Other State Agency,0,Sin jurisdiccion especial,35,34.67337222,-78.994875,Peaton,El primer evento no fue una colision con un vehiculo automotor en transporte,Not an Intersection,No fue interseccion,Sobre calle,Ninguna,Dia total,Despejado,No,NO APLICA,99,99,99,99,1,22/08/2022,1
37,North Carolina,370851,0,0,2,0,155,ROBESON (155),0,NO APLICA,8,Agosto,31,2022,12,1,BARKER TEN MILE RD,8,Otro,Rural,Colector Menor,Other State Agency,0,Sin jurisdiccion especial,50,34.69222222,-78.98806944,Vehiculo en movimiento,Angulo,Four-Way Intersection,Interseccion de 4 direcciones,Sobre calle,Ninguna,Dia total,Despejado,No,NO APLICA,99,99,99,99,1,31/08/2022,3
37,North Carolina,370852,0,0,1,0,157,ROCKINGHAM (157),0,NO APLICA,8,Agosto,27,2022,19,45,COOK FLORIST RD,8,Otro,Rural,Local,Other State Agency,0,Sin jurisdiccion especial,3,36.30771111,-79.63491111,Zanja,El primer evento no fue una colision con un vehiculo automotor en transporte,Not an Intersection,No fue interseccion,Sobre el lado de la calle,Ninguna,Dia total,Despejado,No,NO APLICA,99,99,99,99,1,27/08/2022,1
37,North Carolina,370853,0,0,1,0,159,ROWAN (159),0,NO APLICA,8,Agosto,20,2022,21,33,POOLE RD,8,Otro,Rural,Local,Other State Agency,0,Sin jurisdiccion especial,9,35.60740278,-80.32301111,Acotamiento,El primer evento no fue una colision con un vehiculo automotor en transporte,Not an Intersection,No fue interseccion,Sobre el lado de la calle,Ninguna,Oscuro sin iluminacion,Despejado,No,NO APLICA,99,99,99,99,1,20/08/2022,2
37,North Carolina,370854,0,0,1,0,161,RUTHERFORD (161),0,NO APLICA,8,Agosto,1,2022,3,46,SSR-2190 CROWE DAIRY RD,8,Otro,Rural,Local,State Highway Agency,0,Sin jurisdiccion especial,1,35.32836667,-81.92118056,Arbol,El primer evento no fue una colision con un vehiculo automotor en transporte,Not an Intersection,No fue interseccion,Sobre el lado de la calle,Ninguna,Oscuro sin iluminacion,Despejado,No,NO APLICA,3,44,3,49,1,01/08/2022,1
37,North Carolina,370855,0,0,1,0,163,SAMPSON (163),0,NO APLICA,8,Agosto,11,2022,5,0,SSR-1602 PHILLIPS RD,8,Otro,Rural,Local,State Highway Agency,0,Sin jurisdiccion especial,18,35.200375,-78.596175,Zanja,El primer evento no fue una colision con un vehiculo automotor en transporte,T-Intersection,Interseccion de T,Sobre el lado de la calle,Ninguna,Oscuro sin iluminacion,Despejado,No,NO APLICA,4,59,5,9,1,11/08/2022,1
37,North Carolina,370856,0,0,1,0,169,STOKES (169),0,NO APLICA,8,Agosto,19,2022,8,37,US-311,2,US Highway,Rural,Arteria Principal,State Highway Agency,1,Sin jurisdiccion especial,102,36.348425,-80.04327778,Arbol,El primer evento no fue una colision con un vehiculo automotor en transporte,Not an Intersection,No fue interseccion,Sobre el lado de la calle,Ninguna,Dia total,Despejado,No,NO APLICA,8,36,8,49,1,19/08/2022,1
37,North Carolina,370857,0,0,1,0,169,STOKES (169),0,NO APLICA,8,Agosto,25,2022,1,27,US-52,2,US Highway,Rural,Arterial Principal -Freeway o ExpressWay,State Highway Agency,1,Sin jurisdiccion especial,9,36.31704167,-80.43808333,Volcadura,El primer evento no fue una colision con un vehiculo automotor en transporte,Not an Intersection,No fue interseccion,Sobre el lado de la calle,Ninguna,Oscuro sin iluminacion,Despejado,No,NO APLICA,1,20,1,29,1,25/08/2022,1
37,North Carolina,370858,0,0,2,0,169,STOKES (169),0,NO APLICA,8,Agosto,2,2022,23,31,US-52,2,US Highway,Rural,Arterial Principal -Freeway o ExpressWay,State Highway Agency,1,Sin jurisdiccion especial,46,36.30782222,-80.42393333,Vehiculo en movimiento,Frente a Detrás,Not an Intersection,No fue interseccion,Sobre calle,Ninguna,Oscuro - iluminacion desconocida,Despejado,No,NO APLICA,23,35,23,54,1,02/08/2022,2
37,North Carolina,370859,0,0,1,0,171,SURRY (171),0,NO APLICA,8,Agosto,20,2022,8,53,OLDE PILOT TRAIL,9,Desconocido,Rural,Local,State Highway Agency,0,Sin jurisdiccion especial,3,36.35671389,-80.48606389,Poste o otros soportes,El primer evento no fue una colision con un vehiculo automotor en transporte,Not an Intersection,No fue interseccion,Sobre el lado de la calle,Ninguna,Dia total,Despejado,No,NO APLICA,8,44,9,1,1,20/08/2022,1
37,North Carolina,370860,0,0,1,0,179,UNION (179),2290,INDIAN TRAIL,8,Agosto,6,2022,20,44,US-74,2,US Highway,Urbano,Arteria Principal,State Highway Agency,1,Sin jurisdiccion especial,207,35.05348611,-80.62325,Arbol,El primer evento no fue una colision con un vehiculo automotor en transporte,Not an Intersection,No fue interseccion,Sobre el lado de la calle,Ninguna,Oscuro sin iluminacion,Despejado,No,NO APLICA,20,26,20,38,1,06/08/2022,1
37,North Carolina,370861,0,0,1,0,179,UNION (179),0,NO APLICA,8,Agosto,13,2022,19,34,SSR-1952 MCRORIE RD,8,Otro,Rural,Local,State Highway Agency,0,Sin jurisdiccion especial,2,34.92614167,-80.474875,Volcadura,El primer evento no fue una colision con un vehiculo automotor en transporte,Not an Intersection,No fue interseccion,Sobre el lado de la calle,Ninguna,Atardecer,Despejado,No,NO APLICA,19,36,19,44,1,13/08/2022,1
37,North Carolina,370862,0,0,1,0,179,UNION (179),9997,Other,8,Agosto,28,2022,0,10,SR-1321 CUTHBERTSON RD,3,Highway estatal,Rural,Local,State Highway Agency,0,Sin jurisdiccion especial,99998,34.97772222,-80.73231389,Volcadura,El primer evento no fue una colision con un vehiculo automotor en transporte,Not an Intersection,No fue interseccion,Sobre el lado de la calle,Ninguna,Oscuro con iluminacion,Despejado,No,NO APLICA,99,99,99,97,1,28/08/2022,1
37,North Carolina,370863,0,0,1,0,179,UNION (179),0,NO APLICA,8,Agosto,29,2022,13,58,SR-218,3,Highway estatal,Rural,Arteria Menor,State Highway Agency,0,Sin jurisdiccion especial,99998,35.12404444,-80.41528889,Culvert,El primer evento no fue una colision con un vehiculo automotor en transporte,Not an Intersection,No fue interseccion,Sobre el lado de la calle,Ninguna,Dia total,Despejado,No,NO APLICA,99,99,99,99,1,29/08/2022,2
37,North Carolina,370864,0,0,1,0,179,UNION (179),0,NO APLICA,8,Agosto,30,2022,12,18,SR-2139 GRIFFITH RD,3,Highway estatal,Rural,Colector Menor,State Highway Agency,0,Sin jurisdiccion especial,99998,34.94401944,-80.56003333,Poste de Señal de trafico,El primer evento no fue una colision con un vehiculo automotor en transporte,Not an Intersection,No fue interseccion,Sobre el lado de la calle,Ninguna,Dia total,Despejado,No,NO APLICA,99,99,99,97,1,30/08/2022,1
37,North Carolina,370865,0,0,1,0,179,UNION (179),3100,MONROE,8,Agosto,11,2022,12,29,SR-1349 AIRPORT RD,3,Highway estatal,Urbano,Local,State Highway Agency,0,Sin jurisdiccion especial,99998,35.01501944,-80.62982778,Culvert,El primer evento no fue una colision con un vehiculo automotor en transporte,Not an Intersection,No fue interseccion,Sobre el lado de la calle,Ninguna,Dia total,lluvia,No,NO APLICA,99,99,99,99,1,11/08/2022,1
37,North Carolina,370866,0,0,6,0,183,WAKE (183),3750,RALEIGH,8,Agosto,5,2022,11,43,I-440,1,Interestatal,Rural,Interestatal,State Highway Agency,1,Sin jurisdiccion especial,99998,77.7777,777.7777,Vehiculo en movimiento,Frente a Detrás,Not an Intersection,No fue interseccion,Sobre calle,Ninguna,Dia total,Despejado,No,NO APLICA,11,35,11,45,1,05/08/2022,7
37,North Carolina,370867,1,1,1,0,183,WAKE (183),3750,RALEIGH,8,Agosto,14,2022,2,36,US-1 CAPITAL BLVD,2,US Highway,Urbano,Arteria Principal,State Highway Agency,1,Sin jurisdiccion especial,99998,35.841575,-78.57943056,Peaton,El primer evento no fue una colision con un vehiculo automotor en transporte,Not an Intersection,No fue interseccion,Sobre Acotamiento,Ninguna,Oscuro sin iluminacion,Despejado,No,NO APLICA,7,21,7,30,1,14/08/2022,1
37,North Carolina,370868,0,0,1,0,183,WAKE (183),3750,RALEIGH,8,Agosto,18,2022,11,11,I-40,1,Interestatal,Urbano,Interestatal,State Highway Agency,1,Sin jurisdiccion especial,99998,35.77915278,-78.74831111,Volcadura,El primer evento no fue una colision con un vehiculo automotor en transporte,Not an Intersection,No fue interseccion,Sobre el lado de la calle,Ninguna,Dia total,Despejado,No,NO APLICA,11,29,11,34,1,18/08/2022,7
37,North Carolina,370869,0,0,1,0,183,WAKE (183),3750,RALEIGH,8,Agosto,3,2022,21,25,SR-2041 SPRING FOREST RD,3,Highway estatal,Urbano,Arteria Menor,State Highway Agency,0,Sin jurisdiccion especial,99998,35.856,-78.572,Buzon de correo,El primer evento no fue una colision con un vehiculo automotor en transporte,Not an Intersection,No fue interseccion,Sobre el lado de la calle,Ninguna,Oscuro con iluminacion,Despejado,No,NO APLICA,21,27,21,44,1,03/08/2022,2
37,North Carolina,370870,0,0,2,0,191,WAYNE (191),0,NO APLICA,8,Agosto,10,2022,14,13,SR-55,3,Highway estatal,Rural,Colector Mayor,State Highway Agency,0,Sin jurisdiccion especial,99998,35.20918056,-78.15710278,Vehiculo en movimiento,Angulo,Four-Way Intersection,Interseccion de 4 direcciones,Sobre calle,Ninguna,Dia total,Despejado,No,NO APLICA,99,99,99,99,2,10/08/2022,5
37,North Carolina,370871,0,0,2,0,193,WILKES (193),0,NO APLICA,8,Agosto,27,2022,13,31,SR-2044,3,Highway estatal,Rural,Local,State Highway Agency,0,Sin jurisdiccion especial,99998,36.28093056,-80.87688333,Vehiculo en movimiento,Frente a frente,Not an Intersection,No fue interseccion,Sobre calle,Ninguna,Dia total,Despejado,No,NO APLICA,13,29,13,40,1,27/08/2022,2
37,North Carolina,370872,1,1,1,0,195,WILSON (195),0,NO APLICA,8,Agosto,12,2022,10,54,US-264 ALT,2,US Highway,Rural,Colector Mayor,State Highway Agency,0,Sin jurisdiccion especial,99998,35.76714167,-78.07859444,Peaton,El primer evento no fue una colision con un vehiculo automotor en transporte,Not an Intersection,No fue interseccion,Sobre calle,Mantenimiento,Dia total,Nublado,No,NO APLICA,99,99,99,97,1,12/08/2022,1
37,North Carolina,370873,3,3,2,1,195,WILSON (195),5070,WILSON,8,Agosto,14,2022,9,46,2313 FOREST HILLS RD E,6,Calle Local Municipalidad,Urbano,Arteria Menor,City or Municipal Highway Agency,0,Sin jurisdiccion especial,99998,35.73229722,-77.95251389,Banqueta,El primer evento no fue una colision con un vehiculo automotor en transporte,Not an Intersection,No fue interseccion,Sobre el lado de la calle,Ninguna,Dia total,Despejado,No,NO APLICA,99,99,99,99,2,14/08/2022,1
37,North Carolina,370874,0,0,1,0,197,YADKIN (197),0,NO APLICA,8,Agosto,21,2022,7,40,I-77,1,Interestatal,Rural,Interestatal,State Highway Agency,1,Sin jurisdiccion especial,99998,36.072075,-80.8219,Arbol,El primer evento no fue una colision con un vehiculo automotor en transporte,Not an Intersection,No fue interseccion,En el medio,Ninguna,Amanecer,Nublado,No,NO APLICA,99,99,99,97,2,21/08/2022,2
37,North Carolina,370875,0,0,2,0,51,CUMBERLAND (51),4440,STEDMAN,7,Julio,28,2022,21,21,SR-1971,3,Highway estatal,Urbano,Colector Menor,State Highway Agency,0,Sin jurisdiccion especial,99998,35.01574167,-78.69978611,Vehiculo en movimiento,Angulo,Not an Intersection,No fue interseccion,Sobre calle,Ninguna,Oscuro sin iluminacion,Despejado,No,NO APLICA,99,99,99,99,1,28/07/2022,2
37,North Carolina,370876,0,0,1,0,67,FORSYTH (67),5120,WINSTON SALEM,7,Julio,22,2022,19,28,W SIXTH STREET,6,Calle Local Municipalidad,Urbano,Local,City or Municipal Highway Agency,0,Sin jurisdiccion especial,99998,36.09979444,-80.25746389,Volcadura,El primer evento no fue una colision con un vehiculo automotor en transporte,T-Intersection,Interseccion de T,Sobre el lado de la calle,Ninguna,Oscuro sin iluminacion,Despejado,No,NO APLICA,19,31,19,37,1,22/07/2022,1
37,North Carolina,370877,0,0,1,0,181,VANCE (181),0,NO APLICA,7,Julio,24,2022,14,29,SR-1519,3,Highway estatal,Urbano,Colector Menor,State Highway Agency,0,Sin jurisdiccion especial,99998,77.7777,777.7777,Volcadura,El primer evento no fue una colision con un vehiculo automotor en transporte,Not an Intersection,No fue interseccion,Sobre el lado de la calle,Ninguna,Dia total,Despejado,No,NO APLICA,14,17,14,25,1,24/07/2022,3
37,North Carolina,370878,0,0,1,0,183,WAKE (183),0,NO APLICA,7,Julio,19,2022,3,6,SSR-2551,8,Otro,Rural,Colector Mayor,State Highway Agency,0,Sin jurisdiccion especial,99998,35.73591667,-78.55292222,Culvert,El primer evento no fue una colision con un vehiculo automotor en transporte,Not an Intersection,No fue interseccion,Sobre el lado de la calle,Ninguna,Oscuro sin iluminacion,Despejado,No,NO APLICA,2,56,3,9,1,19/07/2022,1
37,North Carolina,370879,0,0,2,0,25,CABARRUS (25),3035,MIDLAND,2,Febrero,7,2022,10,34,SR-24,3,Highway estatal,Urbano,Arteria Menor,State Highway Agency,0,Sin jurisdiccion especial,99998,35.25013611,-80.51022778,Vehiculo en movimiento,Angulo,Not an Intersection,No fue interseccion,Sobre calle,Ninguna,Dia total,lluvia,No,NO APLICA,12,18,12,32,1,07/02/2022,2
37,North Carolina,370880,0,0,2,0,47,COLUMBUS (47),0,NO APLICA,3,Marzo,31,2022,14,50,US-74,2,US Highway,Urbano,Arterial Principal -Freeway o ExpressWay,State Highway Agency,1,Sin jurisdiccion especial,99998,34.33827778,-78.78616111,Vehiculo en movimiento,Frente a Detrás,Not an Intersection,No fue interseccion,Sobre calle,Ninguna,Dia total,lluvia,No,NO APLICA,99,99,99,99,1,31/03/2022,5
37,North Carolina,370881,0,0,1,0,61,DUPLIN (61),0,NO APLICA,3,Marzo,14,2022,22,3,SR-1501,3,Highway estatal,Rural,Local,State Highway Agency,0,Sin jurisdiccion especial,99998,35.10245833,-77.85480556,Zanja,El primer evento no fue una colision con un vehiculo automotor en transporte,Not an Intersection,No fue interseccion,Sobre el lado de la calle,Ninguna,Oscuro sin iluminacion,Despejado,No,NO APLICA,99,99,99,97,1,14/03/2022,1
37,North Carolina,370882,0,0,1,0,63,DURHAM (63),0,NO APLICA,3,Marzo,31,2022,9,12,US-501,2,US Highway,Rural,Arteria Menor,State Highway Agency,1,Sin jurisdiccion especial,99998,36.14902222,-78.904725,Zanja,El primer evento no fue una colision con un vehiculo automotor en transporte,Not an Intersection,No fue interseccion,Sobre el lado de la calle,Ninguna,Oscuro sin iluminacion,Despejado,No,NO APLICA,9,11,9,18,1,31/03/2022,1
37,North Carolina,370883,0,0,1,0,77,GRANVILLE (77),0,NO APLICA,3,Marzo,8,2022,1,28,SR-1700,3,Highway estatal,Rural,Colector Menor,State Highway Agency,0,Sin jurisdiccion especial,99998,36.10297222,-78.66071667,Zanja,El primer evento no fue una colision con un vehiculo automotor en transporte,Not an Intersection,No fue interseccion,Sobre el lado de la calle,Ninguna,Oscuro sin iluminacion,Nublado,No,NO APLICA,99,99,99,99,1,08/03/2022,1
37,North Carolina,370884,0,0,1,0,87,HAYWOOD (87),0,NO APLICA,3,Marzo,20,2022,16,17,SR-1818 POISON COVE,3,Highway estatal,Rural,Local,State Highway Agency,0,Sin jurisdiccion especial,99998,35.51871111,-82.91396667,Barda,El primer evento no fue una colision con un vehiculo automotor en transporte,Not an Intersection,No fue interseccion,Sobre el lado de la calle,Ninguna,Dia total,Despejado,No,NO APLICA,16,15,16,22,1,20/03/2022,3
37,North Carolina,370885,0,0,2,0,147,PITT (147),0,NO APLICA,3,Marzo,20,2022,16,44,SR-1125,3,Highway estatal,Rural,Local,State Highway Agency,0,Sin jurisdiccion especial,99998,35.52905,-77.44816667,Vehiculo en movimiento,Angulo,Not an Intersection,No fue interseccion,Sobre calle,Ninguna,Dia total,Despejado,No,NO APLICA,16,44,16,51,1,20/03/2022,3
37,North Carolina,370887,0,0,2,0,155,ROBESON (155),0,NO APLICA,3,Marzo,28,2022,6,2,SR-1313,3,Highway estatal,Rural,Colector Mayor,State Highway Agency,0,Sin jurisdiccion especial,99998,77.7777,777.7777,Vehiculo en movimiento,Frente a Detrás,Not an Intersection,No fue interseccion,Sobre calle,Ninguna,Oscuro sin iluminacion,Despejado,No,NO APLICA,99,99,99,99,1,28/03/2022,2
37,North Carolina,370888,0,0,1,0,159,ROWAN (159),0,NO APLICA,3,Marzo,10,2022,5,32,OLD MOCKSVILLE RD,8,Otro,Rural,Colector Menor,Other State Agency,0,Sin jurisdiccion especial,37,35.73008889,-80.46765278,Culvert,El primer evento no fue una colision con un vehiculo automotor en transporte,Not an Intersection,No fue interseccion,Sobre el lado de la calle,Ninguna,Oscuro sin iluminacion,Nublado,No,NO APLICA,99,99,99,97,1,10/03/2022,1