Estado,Nombre de Estado,Numero de Caso,Peatones,Personas _no_vehiculos,Vehiculos automotores,Vehiculos estacionados,Condado,Nombre Condado,Ciudad,Nombre Ciudad,Mes,Nombre Mes,Dia,Año,Hora,Minuto,Calle,Ruta,Nombre Ruta,Rural o Urbanoo,Sistema Funcional,Dueño Calle,Sistema Nacional Carreteras,Jurisdiccion Especial,Milla,Latitud,Longitud,Causa del Accidente,Tipo de Accidente,Tipo Interseccion,Columna1,Lugar en la calle,Zona de Trabajo,Luz,Clima,Autobus Escolar,Cruce de Trenes,Hora Notificacion,Minuto Notificacion,Hora Llegada,Minuto Llegada,Decesos,Fecha,PersonaVehiculo
37,North Carolina,370889,0,0,2,0,81,GUILFORD (81),1940,GREENSBORO,4,Abril,10,2022,9,42,ALBATROSS ST,9,Desconocido,Urbano,Local,State Highway Agency,0,Sin jurisdiccion especial,0,36.05225278,-79.82405833,Vehiculo en movimiento,Angulo,T-Intersection,Interseccion de T,Sobre calle,Ninguna,Dia total,Despejado,No,NO APLICA,9,43,9,55,1,10/04/2022,3
37,North Carolina,370890,1,1,1,0,183,WAKE (183),0,NO APLICA,4,Abril,14,2022,6,57,SR-540,3,Highway estatal,Rural,Arterial Principal -Freeway o ExpressWay,Other State Agency,1,Sin jurisdiccion especial,26,35.87336111,-78.56803611,Peaton,El primer evento no fue una colision con un vehiculo automotor en transporte,Not an Intersection,No fue interseccion,Sobre el lado de la calle,Ninguna,Oscuro con iluminacion,Despejado,No,NO APLICA,99,99,99,97,1,14/04/2022,1
37,North Carolina,370891,1,1,3,0,85,HARNETT (85),0,NO APLICA,5,Mayo,3,2022,6,11,SR-87,3,Highway estatal,Rural,Arteria Principal,State Highway Agency,1,Sin jurisdiccion especial,138,35.37959722,-79.10959444,Vehiculo en movimiento,Frente a frente,Not an Intersection,No fue interseccion,"Izquierda continua, carril de vuelta",Ninguna,Amanecer,Despejado,No,NO APLICA,6,9,6,18,1,03/05/2022,2
37,North Carolina,370892,0,0,1,0,91,HERTFORD (91),0,NO APLICA,5,Mayo,1,2022,23,30,US-13,2,US Highway,Rural,Colector Mayor,State Highway Agency,1,Sin jurisdiccion especial,22,36.30842222,-76.98702222,Zanja,El primer evento no fue una colision con un vehiculo automotor en transporte,Not an Intersection,No fue interseccion,Sobre el lado de la calle,Ninguna,Oscuro sin iluminacion,Nublado,No,NO APLICA,99,99,99,99,1,01/05/2022,1
37,North Carolina,370893,0,0,1,0,151,RANDOLPH (151),0,NO APLICA,5,Mayo,30,2022,0,51,I-73,1,Interestatal,Rural,Interestatal,State Highway Agency,1,Sin jurisdiccion especial,2,35.75907222,-79.82729167,Poste de Señal de trafico,El primer evento no fue una colision con un vehiculo automotor en transporte,Not an Intersection,No fue interseccion,Sobre el lado de la calle,Ninguna,Oscuro sin iluminacion,Despejado,No,NO APLICA,0,48,0,55,2,30/05/2022,3
37,North Carolina,370894,0,0,2,0,19,BRUNSWICK (19),0,NO APLICA,6,Junio,7,2022,16,55,US-74,2,US Highway,Rural,Arteria Principal,State Highway Agency,1,Sin jurisdiccion especial,46,34.27686111,-78.12366667,Otro objeto (fijo),El primer evento no fue una colision con un vehiculo automotor en transporte,Not an Intersection,No fue interseccion,En el medio,Ninguna,Dia total,Despejado,No,NO APLICA,16,47,16,55,1,07/06/2022,6
37,North Carolina,370895,0,0,2,0,33,CASWELL (33),0,NO APLICA,6,Junio,30,2022,19,9,NC-86,6,Calle Local Municipalidad,Rural,Arteria Principal,State Highway Agency,1,Sin jurisdiccion especial,154,36.40386944,-79.29713333,Vehiculo en movimiento,Frente a frente,Not an Intersection,No fue interseccion,Sobre calle,Ninguna,Dia total,Despejado,No,NO APLICA,99,99,99,99,1,30/06/2022,2
37,North Carolina,370896,0,0,2,0,37,CHATHAM (37),0,NO APLICA,6,Junio,23,2022,20,35,ALEX COCKMAN RD,6,Calle Local Municipalidad,Rural,Local,State Highway Agency,0,Sin jurisdiccion especial,17,35.70769722,-79.27819167,Vehiculo en movimiento,Golpe Lateral - misma direccion,Not an Intersection,No fue interseccion,Sobre calle,Ninguna,Oscuro sin iluminacion,Despejado,No,NO APLICA,99,99,99,99,1,23/06/2022,2
37,North Carolina,370897,1,1,1,0,51,CUMBERLAND (51),0,NO APLICA,6,Junio,13,2022,16,4,MCBRYDE ST,6,Calle Local Municipalidad,Rural,Local,State Highway Agency,0,Sin jurisdiccion especial,43,35.21530833,-78.77606667,Ciclista,El primer evento no fue una colision con un vehiculo automotor en transporte,Not an Intersection,No fue interseccion,Sobre calle,Ninguna,Dia total,Despejado,No,NO APLICA,99,99,99,99,1,13/06/2022,1
37,North Carolina,370898,0,0,2,0,97,IREDELL (97),0,NO APLICA,6,Junio,13,2022,21,39,SSR-1930,8,Otro,Urbano,Local,State Highway Agency,0,Sin jurisdiccion especial,99998,35.82406667,-80.90252778,Vehiculo en movimiento,Frente a frente,Not an Intersection,No fue interseccion,Sobre calle,Ninguna,Oscuro sin iluminacion,Despejado,No,NO APLICA,21,38,21,48,3,13/06/2022,7
37,North Carolina,370899,0,0,2,0,109,LINCOLN (109),0,NO APLICA,6,Junio,4,2022,8,30,SR-73,3,Highway estatal,Rural,Arteria Principal,State Highway Agency,1,Sin jurisdiccion especial,99998,77.7777,777.7777,Vehiculo en movimiento,Frente a frente,Not an Intersection,No fue interseccion,Sobre calle,Ninguna,Dia total,Despejado,No,NO APLICA,8,29,8,35,1,04/06/2022,4
37,North Carolina,370900,0,0,2,0,127,NASH (127),0,NO APLICA,6,Junio,8,2022,16,7,US-64,2,US Highway,Rural,Arterial Principal -Freeway o ExpressWay,State Highway Agency,1,Sin jurisdiccion especial,99998,35.88571111,-78.21031667,Valla Ferrocarril,El primer evento no fue una colision con un vehiculo automotor en transporte,Not an Intersection,No fue interseccion,Sobre el lado de la calle,Ninguna,Dia total,lluvia,No,NO APLICA,99,99,99,99,1,08/06/2022,3
37,North Carolina,370901,0,0,1,0,133,ONSLOW (133),0,NO APLICA,6,Junio,18,2022,2,20,SR-1117,3,Highway estatal,Rural,Local,State Highway Agency,0,Sin jurisdiccion especial,99998,34.74561111,-77.46954722,Zanja,El primer evento no fue una colision con un vehiculo automotor en transporte,Not an Intersection,No fue interseccion,Sobre el lado de la calle,Ninguna,Oscuro sin iluminacion,Despejado,No,NO APLICA,2,17,2,23,2,18/06/2022,3
37,North Carolina,370902,0,0,1,0,135,ORANGE (135),0,NO APLICA,6,Junio,28,2022,13,33,SR-1177 DAIRYLAND RD,3,Highway estatal,Rural,Colector Menor,State Highway Agency,0,Sin jurisdiccion especial,99998,35.97436667,-79.18105,Buzon de correo,El primer evento no fue una colision con un vehiculo automotor en transporte,Not an Intersection,No fue interseccion,Sobre el lado de la calle,Ninguna,Dia total,Despejado,No,NO APLICA,13,28,13,32,1,28/06/2022,2
37,North Carolina,370903,0,0,2,0,183,WAKE (183),0,NO APLICA,6,Junio,28,2022,2,6,I-540,1,Interestatal,Rural,Interestatal,State Highway Agency,1,Sin jurisdiccion especial,99998,35.89938611,-78.61453611,Vehiculo en movimiento,Frente a frente,Not an Intersection,No fue interseccion,Sobre calle,Ninguna,Oscuro sin iluminacion,Despejado,No,NO APLICA,2,9,2,17,1,28/06/2022,4
37,North Carolina,370904,0,0,1,0,193,WILKES (193),0,NO APLICA,6,Junio,26,2022,11,2,SR-2344,3,Highway estatal,Rural,Local,State Highway Agency,0,Sin jurisdiccion especial,99998,77.7777,777.7777,Volcadura,El primer evento no fue una colision con un vehiculo automotor en transporte,Not an Intersection,No fue interseccion,Sobre calle,Ninguna,Dia total,Despejado,No,NO APLICA,11,3,11,16,1,26/06/2022,2
37,North Carolina,370905,1,1,1,0,77,GRANVILLE (77),0,NO APLICA,4,Abril,10,2022,12,22,SR-1718,3,Highway estatal,Rural,Local,State Highway Agency,0,Sin jurisdiccion especial,99998,36.06437778,-78.629725,Ciclista,El primer evento no fue una colision con un vehiculo automotor en transporte,Not an Intersection,No fue interseccion,Sobre calle,Ninguna,Dia total,Despejado,No,NO APLICA,99,99,99,99,1,10/04/2022,1
37,North Carolina,370906,0,0,2,0,63,DURHAM (63),1360,DURHAM,8,Agosto,14,2022,4,4,I-85,1,Interestatal,Urbano,Interestatal,State Highway Agency,1,Sin jurisdiccion especial,99998,77.7777,777.7777,Vehiculo en movimiento,Frente a frente,Not an Intersection,No fue interseccion,Sobre calle,Ninguna,Oscuro con iluminacion,Despejado,No,NO APLICA,4,13,4,19,1,14/08/2022,5
37,North Carolina,370907,0,0,1,0,67,FORSYTH (67),5120,WINSTON SALEM,8,Agosto,31,2022,15,19,I-40,1,Interestatal,Urbano,Interestatal,State Highway Agency,1,Sin jurisdiccion especial,99998,36.05835833,-80.21365556,Soporte de Puente,El primer evento no fue una colision con un vehiculo automotor en transporte,Not an Intersection,No fue interseccion,Sobre el lado de la calle,Ninguna,Dia total,Despejado,No,NO APLICA,15,20,15,37,1,31/08/2022,1
37,North Carolina,370908,0,0,1,0,45,CLEVELAND (45),805,CASAR,8,Agosto,19,2022,15,5,CASAR-LAWNDALE RD,6,Calle Local Municipalidad,Urbano,Colector Mayor,State Highway Agency,0,Sin jurisdiccion especial,0,35.51182222,-81.61543333,Arbol,El primer evento no fue una colision con un vehiculo automotor en transporte,Not an Intersection,No fue interseccion,Sobre el lado de la calle,Ninguna,Dia total,Despejado,No,NO APLICA,99,99,99,99,1,19/08/2022,1
37,North Carolina,370909,0,0,2,0,99,JACKSON (99),0,NO APLICA,8,Agosto,23,2022,21,6,SR-107,3,Highway estatal,Rural,Arteria Principal,Other State Agency,1,Sin jurisdiccion especial,329,35.35173889,-83.20051389,Vehiculo en movimiento,Frente a Detrás,Four-Way Intersection,Interseccion de 4 direcciones,Sobre calle,Ninguna,Oscuro sin iluminacion,Despejado,No,NO APLICA,99,99,99,99,1,23/08/2022,2
37,North Carolina,370910,0,0,2,0,119,MECKLENBURG (119),2280,HUNTERSVILLE,8,Agosto,27,2022,19,59,SR-73,3,Highway estatal,Urbano,Local,State Highway Agency,0,Sin jurisdiccion especial,43,35.44429444,-80.89034722,Vehiculo en movimiento,Angulo,Four-Way Intersection,Interseccion de 4 direcciones,Sobre calle,Ninguna,Dia total,Despejado,No,NO APLICA,19,50,19,57,1,27/08/2022,4
37,North Carolina,370911,1,1,1,0,183,WAKE (183),3750,RALEIGH,8,Agosto,27,2022,16,46,I-40,1,Interestatal,Urbano,Interestatal,State Highway Agency,1,Sin jurisdiccion especial,187,35.77810278,-78.74717222,Peaton,El primer evento no fue una colision con un vehiculo automotor en transporte,Not an Intersection,No fue interseccion,Sobre calle,Ninguna,Dia total,Nublado,No,NO APLICA,16,48,16,51,1,27/08/2022,1
37,North Carolina,370913,0,0,2,0,25,CABARRUS (25),1040,CONCORD,8,Agosto,4,2022,19,16,POPLAR TENT RD,9,Desconocido,Urbano,Arteria Menor,State Highway Agency,0,Sin jurisdiccion especial,11,35.41184444,-80.63193056,Vehiculo en movimiento,Frente a frente,Not an Intersection,No fue interseccion,Sobre calle,Ninguna,Dia total,Nublado,No,NO APLICA,19,18,19,22,1,04/08/2022,2
37,North Carolina,370914,1,1,2,0,105,LEE (105),4090,SANFORD,8,Agosto,17,2022,5,55,US-1,2,US Highway,Urbano,Arterial Principal -Freeway o ExpressWay,State Highway Agency,1,Sin jurisdiccion especial,121,35.5027,-79.19101667,Peaton,El primer evento no fue una colision con un vehiculo automotor en transporte,Not an Intersection,No fue interseccion,Sobre calle,Ninguna,Oscuro sin iluminacion,Despejado,No,NO APLICA,99,99,99,97,1,17/08/2022,2
37,North Carolina,370915,0,0,2,0,3,ALEXANDER (3),0,NO APLICA,8,Agosto,7,2022,7,47,SR-16,3,Highway estatal,Rural,Arteria Menor,Other State Agency,0,Sin jurisdiccion especial,36,35.87275,-81.19066667,Vehiculo en movimiento,Frente a frente,Not an Intersection,No fue interseccion,Sobre calle,Ninguna,Dia total,Despejado,No,NO APLICA,99,99,99,99,1,07/08/2022,3
37,North Carolina,370916,0,0,1,0,77,GRANVILLE (77),0,NO APLICA,8,Agosto,17,2022,15,30,JONAH DAVIS RD,8,Otro,Rural,Local,Other State Agency,0,Sin jurisdiccion especial,3,36.02806111,-78.55111667,Buzon de correo,El primer evento no fue una colision con un vehiculo automotor en transporte,Not an Intersection,No fue interseccion,Sobre el lado de la calle,Ninguna,Dia total,Despejado,No,NO APLICA,99,99,99,99,1,17/08/2022,1
37,North Carolina,370917,0,0,1,0,101,JOHNSTON (101),0,NO APLICA,8,Agosto,19,2022,16,57,RALEIGH RD,8,Otro,Rural,Colector Mayor,Other State Agency,0,Sin jurisdiccion especial,142,35.41817222,-78.50220556,Soporte de  señalamiento de transito,El primer evento no fue una colision con un vehiculo automotor en transporte,Not an Intersection,No fue interseccion,Sobre calle,Ninguna,Dia total,Nublado,No,629730R,99,99,99,99,1,19/08/2022,1
37,North Carolina,370918,1,1,1,0,183,WAKE (183),3750,RALEIGH,9,Septiembre,9,2022,21,10,US-1 CAPITAL BLVD,2,US Highway,Urbano,Arteria Principal,State Highway Agency,1,Sin jurisdiccion especial,99998,35.84385278,-78.57965556,Peaton,El primer evento no fue una colision con un vehiculo automotor en transporte,Not an Intersection,No fue interseccion,Sobre calle,Ninguna,Oscuro con iluminacion,Despejado,No,NO APLICA,99,99,99,99,1,09/09/2022,1
37,North Carolina,370919,0,0,2,0,153,RICHMOND (153),0,NO APLICA,8,Agosto,13,2022,17,10,US-220,2,US Highway,Rural,Arteria Principal,State Highway Agency,1,Sin jurisdiccion especial,99998,34.98636667,-79.780225,Vehiculo en movimiento,Angulo,Four-Way Intersection,Interseccion de 4 direcciones,Sobre calle,Ninguna,Atardecer,Despejado,No,NO APLICA,99,99,99,99,1,13/08/2022,2
37,North Carolina,370920,0,0,1,0,181,VANCE (181),2120,HENDERSON,8,Agosto,22,2022,22,13,SR-1165 S BECKFORD DR,3,Highway estatal,Urbano,Arteria Menor,State Highway Agency,0,Sin jurisdiccion especial,99998,77.7777,777.7777,Volcadura,El primer evento no fue una colision con un vehiculo automotor en transporte,Not an Intersection,No fue interseccion,Sobre el lado de la calle,Ninguna,Oscuro con iluminacion,Despejado,No,NO APLICA,99,99,99,99,1,22/08/2022,1
37,North Carolina,370921,1,1,1,0,181,VANCE (181),2120,HENDERSON,8,Agosto,27,2022,1,1,HIGH ST,6,Calle Local Municipalidad,Urbano,Local,City or Municipal Highway Agency,0,Sin jurisdiccion especial,99998,77.7777,777.7777,Peaton,El primer evento no fue una colision con un vehiculo automotor en transporte,Not an Intersection,No fue interseccion,Sobre calle,Ninguna,Oscuro con iluminacion,Despejado,No,NO APLICA,99,99,99,99,1,27/08/2022,1
37,North Carolina,370922,0,0,2,0,81,GUILFORD (81),1940,GREENSBORO,8,Agosto,30,2022,20,54,LAWNDALE DR,6,Calle Local Municipalidad,Urbano,Arteria Menor,State Highway Agency,0,Sin jurisdiccion especial,99998,36.153225,-79.83544167,Vehiculo en movimiento,Angulo,Four-Way Intersection,Interseccion de 4 direcciones,Sobre calle,Ninguna,Oscuro con iluminacion,Nublado,No,NO APLICA,20,56,21,1,1,30/08/2022,2
37,North Carolina,370923,2,2,3,0,67,FORSYTH (67),5120,WINSTON SALEM,8,Agosto,27,2022,1,23,US-52,2,US Highway,Urbano,Arterial Principal -Freeway o ExpressWay,State Highway Agency,1,Sin jurisdiccion especial,64,36.19415,-80.28727778,Vehiculo en movimiento,Frente a Detrás,Not an Intersection,No fue interseccion,Sobre calle,Ninguna,Oscuro sin iluminacion,Despejado,No,NO APLICA,1,29,1,52,2,27/08/2022,1
37,North Carolina,370924,0,0,4,0,183,WAKE (183),3750,RALEIGH,9,Septiembre,5,2022,12,17,SSR-1005 SIX FORKS RD,8,Otro,Urbano,Arteria Menor,State Highway Agency,0,Sin jurisdiccion especial,76,35.88123611,-78.64607222,Vehiculo en movimiento,Angulo,Not an Intersection,No fue interseccion,Sobre calle,Ninguna,Dia total,Nublado,No,NO APLICA,13,17,13,23,1,05/09/2022,4
37,North Carolina,370925,1,1,1,0,101,JOHNSTON (101),1700,FOUR OAKS,9,Septiembre,11,2022,22,0,US-301,2,US Highway,Rural,Arteria Menor,State Highway Agency,0,Sin jurisdiccion especial,99998,35.45228889,-78.40828611,Ciclista,El primer evento no fue una colision con un vehiculo automotor en transporte,Not an Intersection,No fue interseccion,Sobre calle,Ninguna,Oscuro - iluminacion desconocida,Despejado,No,NO APLICA,99,99,99,97,1,11/09/2022,1
37,North Carolina,370926,1,1,1,0,1,ALAMANCE (1),700,BURLINGTON,9,Septiembre,1,2022,17,30,SR-54 CHAPEL HILL RD,3,Highway estatal,Urbano,Arteria Menor,State Highway Agency,9,Sin jurisdiccion especial,99998,36.07500556,-79.4445,Peaton,El primer evento no fue una colision con un vehiculo automotor en transporte,Four-Way Intersection,Interseccion de 4 direcciones,Sobre calle,Ninguna,Dia total,Despejado,No,NO APLICA,99,99,99,99,1,01/09/2022,1
37,North Carolina,370927,0,0,2,0,1,ALAMANCE (1),1900,GRAHAM,9,Septiembre,14,2022,21,13,SSR-2433 W MOORE ST,8,Otro,Urbano,Local,State Highway Agency,0,Sin jurisdiccion especial,99998,36.05428611,-79.41063889,Vehiculo en movimiento,Angulo,Not an Intersection,No fue interseccion,Sobre calle,Ninguna,Oscuro sin iluminacion,Despejado,No,NO APLICA,99,99,99,99,3,14/09/2022,3
37,North Carolina,370928,0,0,3,0,3,ALEXANDER (3),0,NO APLICA,9,Septiembre,9,2022,16,7,SR-90,3,Highway estatal,Rural,Arteria Menor,State Highway Agency,0,Sin jurisdiccion especial,104,35.8822,-81.06779444,Vehiculo en movimiento,Angulo,T-Intersection,Interseccion de T,Sobre calle,Ninguna,Dia total,Despejado,No,NO APLICA,99,99,99,99,1,09/09/2022,4
37,North Carolina,370929,0,0,2,0,13,BEAUFORT (13),0,NO APLICA,9,Septiembre,6,2022,9,45,US-264,2,US Highway,Rural,Arteria Menor,State Highway Agency,0,Sin jurisdiccion especial,156,35.51223056,-76.90225278,Vehiculo en movimiento,Angulo,T-Intersection,Interseccion de T,Sobre calle,Ninguna,Dia total,Despejado,No,NO APLICA,9,41,9,53,1,06/09/2022,3
37,North Carolina,370930,1,1,1,0,19,BRUNSWICK (19),0,NO APLICA,9,Septiembre,14,2022,20,18,SR-130,3,Highway estatal,Rural,Arteria Menor,State Highway Agency,0,Sin jurisdiccion especial,148,34.00153333,-78.45921667,Peaton,El primer evento no fue una colision con un vehiculo automotor en transporte,Not an Intersection,No fue interseccion,Sobre calle,Ninguna,Oscuro sin iluminacion,Despejado,No,NO APLICA,19,37,19,46,1,14/09/2022,1
37,North Carolina,370931,0,0,1,0,21,BUNCOMBE (21),0,NO APLICA,9,Septiembre,9,2022,15,0,SSR-2173 DILLINGHAM RD,8,Otro,Rural,Colector Menor,State Highway Agency,0,Sin jurisdiccion especial,12,35.769025,-82.43693889,Poste,El primer evento no fue una colision con un vehiculo automotor en transporte,Not an Intersection,No fue interseccion,Sobre el lado de la calle,Ninguna,Dia total,Despejado,No,NO APLICA,99,99,99,99,1,09/09/2022,2
37,North Carolina,370932,0,0,2,0,21,BUNCOMBE (21),0,NO APLICA,9,Septiembre,13,2022,17,18,DIX CREEK NO 1 RD,6,Calle Local Municipalidad,Rural,Local,State Highway Agency,0,Sin jurisdiccion especial,3,35.61678333,-82.65700833,Vehiculo en movimiento,Frente a frente,Not an Intersection,No fue interseccion,Sobre calle,Ninguna,Dia total,Despejado,No,NO APLICA,17,17,17,23,1,13/09/2022,2
37,North Carolina,370933,0,0,1,0,27,CALDWELL (27),0,NO APLICA,9,Septiembre,7,2022,5,2,SSR-1142 CALICO RD,8,Otro,Rural,Local,State Highway Agency,0,Sin jurisdiccion especial,25,35.83949444,-81.61653611,Buzon de correo,El primer evento no fue una colision con un vehiculo automotor en transporte,Not an Intersection,No fue interseccion,Sobre el lado de la calle,Ninguna,Oscuro sin iluminacion,Despejado,No,NO APLICA,99,99,99,97,1,07/09/2022,1
37,North Carolina,370934,0,0,1,0,35,CATAWBA (35),0,NO APLICA,9,Septiembre,9,2022,13,28,SSR-1005 STARTOWN RD,8,Otro,Rural,Arteria Menor,State Highway Agency,0,Sin jurisdiccion especial,93,35.68338333,-81.27666111,Otro objeto (fijo),El primer evento no fue una colision con un vehiculo automotor en transporte,Not an Intersection,No fue interseccion,Sobre el lado de la calle,Ninguna,Dia total,Despejado,No,NO APLICA,13,29,13,29,1,09/09/2022,1
37,North Carolina,370935,0,0,2,0,35,CATAWBA (35),0,NO APLICA,9,Septiembre,22,2022,6,15,SSR-1488 RIFLE RANGE RD,8,Otro,Rural,Local,State Highway Agency,0,Sin jurisdiccion especial,5,35.75650278,-81.2173,Vehiculo en movimiento,Angulo,Not an Intersection,No fue interseccion,Sobre calle,Ninguna,Dia total,Despejado,No,NO APLICA,6,15,6,22,1,22/09/2022,2
37,North Carolina,370936,0,0,1,0,37,CHATHAM (37),0,NO APLICA,9,Septiembre,16,2022,20,55,OLD GRAHAM RD,6,Calle Local Municipalidad,Rural,Local,State Highway Agency,0,Sin jurisdiccion especial,63,35.768675,-79.20647222,Arbol,El primer evento no fue una colision con un vehiculo automotor en transporte,Not an Intersection,No fue interseccion,Sobre el lado de la calle,Ninguna,Oscuro sin iluminacion,Despejado,No,NO APLICA,99,99,99,99,1,16/09/2022,1
37,North Carolina,370937,0,0,1,0,39,CHEROKEE (39),0,NO APLICA,9,Septiembre,7,2022,12,9,US-64,2,US Highway,Rural,Arteria Principal,State Highway Agency,1,Sin jurisdiccion especial,280,35.04785278,-84.07693611,Acotamiento,El primer evento no fue una colision con un vehiculo automotor en transporte,Not an Intersection,No fue interseccion,Sobre el lado de la calle,Ninguna,Dia total,Despejado,No,NO APLICA,12,2,12,10,1,07/09/2022,1
37,North Carolina,370938,0,0,2,0,39,CHEROKEE (39),0,NO APLICA,9,Septiembre,19,2022,4,25,US-64,2,US Highway,Rural,Arteria Principal,State Highway Agency,1,Sin jurisdiccion especial,99998,35.01691389,-84.27043056,Vehiculo en movimiento,Angulo,T-Intersection,Interseccion de T,Sobre calle,Ninguna,Oscuro sin iluminacion,Neblina o Humo,No,NO APLICA,99,98,99,98,1,19/09/2022,3
37,North Carolina,370939,0,0,1,0,39,CHEROKEE (39),0,NO APLICA,9,Septiembre,21,2022,14,20,SSR-1141 PACK MTN RD,8,Otro,Rural,Local,State Highway Agency,0,Sin jurisdiccion especial,99998,35.05911111,-84.30834167,Arbol,El primer evento no fue una colision con un vehiculo automotor en transporte,Not an Intersection,No fue interseccion,Sobre el lado de la calle,Ninguna,Dia total,Despejado,No,NO APLICA,99,99,99,99,1,21/09/2022,1
37,North Carolina,370940,0,0,1,0,45,CLEVELAND (45),0,NO APLICA,9,Septiembre,15,2022,14,39,SR-1140,3,Highway estatal,Urbano,Local,State Highway Agency,0,Sin jurisdiccion especial,99998,35.20270278,-81.57590833,Poste de Señal de trafico,El primer evento no fue una colision con un vehiculo automotor en transporte,Not an Intersection,No fue interseccion,Sobre el lado de la calle,Ninguna,Dia total,Despejado,No,NO APLICA,99,99,99,99,1,15/09/2022,1
37,North Carolina,370941,0,0,2,0,47,COLUMBUS (47),0,NO APLICA,9,Septiembre,19,2022,10,11,US-74,2,US Highway,Rural,Arteria Principal,State Highway Agency,1,Sin jurisdiccion especial,99998,77.7777,777.7777,Vehiculo en movimiento,Frente a Detrás,T-Intersection,Interseccion de T,Sobre calle,Ninguna,Dia total,Despejado,No,NO APLICA,99,99,99,99,1,19/09/2022,2
37,North Carolina,370942,0,0,3,0,49,CRAVEN (49),0,NO APLICA,9,Septiembre,6,2022,14,17,US-70,2,US Highway,Rural,Arteria Principal,State Highway Agency,1,Sin jurisdiccion especial,212,35.05047222,-77.014575,Vehiculo en movimiento,Angulo,Four-Way Intersection,Interseccion de 4 direcciones,Sobre calle,Ninguna,Dia total,lluvia,No,NO APLICA,14,11,14,18,1,06/09/2022,5
37,North Carolina,370943,0,0,2,0,51,CUMBERLAND (51),0,NO APLICA,9,Septiembre,21,2022,13,45,US-301 SOUTHEASTERN BLVD,2,US Highway,Urbano,Arteria Principal,State Highway Agency,1,Sin jurisdiccion especial,99998,35.03201667,-78.87818056,Vehiculo en movimiento,Angulo,Four-Way Intersection,Interseccion de 4 direcciones,Sobre calle,Ninguna,Dia total,Despejado,No,NO APLICA,99,99,99,99,1,21/09/2022,3
37,North Carolina,370944,0,0,3,0,53,CURRITUCK (53),0,NO APLICA,9,Septiembre,1,2022,10,8,US-158,2,US Highway,Rural,Arteria Menor,State Highway Agency,1,Sin jurisdiccion especial,48,36.39035556,-76.03879444,Vehiculo en movimiento,Frente a frente,Not an Intersection,No fue interseccion,Sobre calle,Ninguna,Dia total,Despejado,Yes,NO APLICA,10,12,10,17,1,01/09/2022,4
37,North Carolina,370945,0,0,1,0,53,CURRITUCK (53),0,NO APLICA,9,Septiembre,17,2022,19,24,SSR-1256,8,Otro,Rural,Local,State Highway Agency,0,Sin jurisdiccion especial,99998,36.51494167,-75.919125,Volcadura,El primer evento no fue una colision con un vehiculo automotor en transporte,Not an Intersection,No fue interseccion,Fuera de la calle,Ninguna,Oscuro sin iluminacion,Despejado,No,NO APLICA,99,99,99,99,1,17/09/2022,2
37,North Carolina,370946,0,0,1,0,67,FORSYTH (67),4797,WALKERTOWN,9,Septiembre,10,2022,13,21,SSR-2385,8,Otro,Urbano,Colector Mayor,State Highway Agency,9,Sin jurisdiccion especial,99998,36.15044167,-80.14414167,Zanja,El primer evento no fue una colision con un vehiculo automotor en transporte,Not an Intersection,No fue interseccion,Sobre el lado de la calle,Ninguna,Dia total,lluvia,No,NO APLICA,99,99,99,99,1,10/09/2022,1
37,North Carolina,370947,0,0,2,0,69,FRANKLIN (69),0,NO APLICA,9,Septiembre,13,2022,20,27,SR-96,3,Highway estatal,Rural,Arteria Menor,State Highway Agency,0,Sin jurisdiccion especial,99998,36.04481667,-78.50255278,Vehiculo en movimiento,Frente a Detrás,Four-Way Intersection,Interseccion de 4 direcciones,Sobre calle,Ninguna,Oscuro sin iluminacion,Despejado,No,NO APLICA,20,22,20,27,1,13/09/2022,4
37,North Carolina,370948,0,0,1,0,71,GASTON (71),3190,MOUNT HOLLY,9,Septiembre,3,2022,3,48,SSR-1912 HORSEHOE BEND BEACH,8,Otro,Urbano,Local,State Highway Agency,0,Sin jurisdiccion especial,7,35.36070556,-80.96774722,Arbol,El primer evento no fue una colision con un vehiculo automotor en transporte,Not an Intersection,No fue interseccion,Sobre el lado de la calle,Ninguna,Oscuro sin iluminacion,Despejado,No,NO APLICA,3,42,3,46,1,03/09/2022,1
37,North Carolina,370949,0,0,1,0,71,GASTON (71),0,NO APLICA,9,Septiembre,8,2022,13,28,SSR-1820 ALEXIS HIGH SHOALS RD,8,Otro,Rural,Colector Menor,State Highway Agency,0,Sin jurisdiccion especial,4,35.39928889,-81.12348333,Arbol,El primer evento no fue una colision con un vehiculo automotor en transporte,Not an Intersection,No fue interseccion,Sobre el lado de la calle,Ninguna,Dia total,Despejado,No,NO APLICA,13,23,13,33,1,08/09/2022,1
37,North Carolina,370950,0,0,2,0,81,GUILFORD (81),2170,HIGH POINT,9,Septiembre,19,2022,14,13,US-29 BUS,2,US Highway,Urbano,Arterial Principal -Freeway o ExpressWay,State Highway Agency,1,Sin jurisdiccion especial,281,35.95009444,-79.95816111,Volcadura,El primer evento no fue una colision con un vehiculo automotor en transporte,Not an Intersection,No fue interseccion,Sobre calle,Ninguna,Dia total,Despejado,No,NO APLICA,14,25,14,31,1,19/09/2022,3