Estado,Nombre de Estado,Numero de Caso,Peatones,Personas _no_vehiculos,Vehiculos automotores,Vehiculos estacionados,Condado,Nombre Condado,Ciudad,Nombre Ciudad,Mes,Nombre Mes,Dia,Año,Hora,Minuto,Calle,Ruta,Nombre Ruta,Rural o Urbanoo,Sistema Funcional,Dueño Calle,Sistema Nacional Carreteras,Jurisdiccion Especial,Milla,Latitud,Longitud,Causa del Accidente,Tipo de Accidente,Tipo Interseccion,Columna1,Lugar en la calle,Zona de Trabajo,Luz,Clima,Autobus Escolar,Cruce de Trenes,Hora Notificacion,Minuto Notificacion,Hora Llegada,Minuto Llegada,Decesos,Fecha,PersonaVehiculo
37,North Carolina,370951,0,0,1,0,81,GUILFORD (81),1940,GREENSBORO,9,Septiembre,9,2022,19,32,US-29 BUS,2,US Highway,Urbano,Arterial Principal -Freeway o ExpressWay,State Highway Agency,1,Sin jurisdiccion especial,226,36.12555,-79.74783889,Arbol,El primer evento no fue una colision con un vehiculo automotor en transporte,Not an Intersection,No fue interseccion,Sobre el lado de la calle,Ninguna,Oscuro sin iluminacion,Despejado,No,NO APLICA,19,39,19,45,1,09/09/2022,3
37,North Carolina,370952,0,0,1,0,85,HARNETT (85),0,NO APLICA,9,Septiembre,10,2022,17,36,CHALYBEATE SPRINGS RD,9,Desconocido,Rural,Colector Menor,State Highway Agency,0,Sin jurisdiccion especial,8,35.51428333,-78.79218056,Zanja,El primer evento no fue una colision con un vehiculo automotor en transporte,Not an Intersection,No fue interseccion,Sobre el lado de la calle,Ninguna,Dia total,lluvia,No,NO APLICA,17,30,17,34,1,10/09/2022,1
37,North Carolina,370953,0,0,3,0,87,HAYWOOD (87),0,NO APLICA,9,Septiembre,3,2022,18,14,US-276,2,US Highway,Rural,Arteria Principal,State Highway Agency,1,Sin jurisdiccion especial,136,35.46576389,-82.87373056,Vehiculo en movimiento,Frente a frente,Not an Intersection,No fue interseccion,Sobre calle,Ninguna,Dia total,Nublado,No,NO APLICA,18,12,18,15,2,03/09/2022,3
37,North Carolina,370954,0,0,2,0,97,IREDELL (97),0,NO APLICA,9,Septiembre,11,2022,19,46,STRAW DR,9,Desconocido,Rural,Local,State Highway Agency,0,Sin jurisdiccion especial,0,35.82326944,-81.05925556,Zanja,El primer evento no fue una colision con un vehiculo automotor en transporte,T-Intersection,Interseccion de T,Sobre el lado de la calle,Ninguna,Oscuro sin iluminacion,Despejado,No,NO APLICA,19,44,20,4,1,11/09/2022,2
37,North Carolina,370955,0,0,1,0,101,JOHNSTON (101),0,NO APLICA,9,Septiembre,18,2022,2,50,US-70,2,US Highway,Rural,Arteria Principal,State Highway Agency,1,Sin jurisdiccion especial,5,35.45837778,-78.14214722,Zanja,El primer evento no fue una colision con un vehiculo automotor en transporte,Not an Intersection,No fue interseccion,Sobre el lado de la calle,Ninguna,Oscuro sin iluminacion,Despejado,No,NO APLICA,99,99,99,99,1,18/09/2022,1
37,North Carolina,370956,0,0,1,0,103,JONES (103),0,NO APLICA,9,Septiembre,14,2022,6,48,MIDDLE RD,6,Calle Local Municipalidad,Rural,Local,State Highway Agency,0,Sin jurisdiccion especial,19,35.10230833,-77.41385,Zanja,El primer evento no fue una colision con un vehiculo automotor en transporte,Not an Intersection,No fue interseccion,Sobre el lado de la calle,Construccion,Dia total,Despejado,No,NO APLICA,6,38,6,48,1,14/09/2022,1
37,North Carolina,370957,0,0,2,0,107,LENOIR (107),0,NO APLICA,9,Septiembre,9,2022,7,36,SR-11,3,Highway estatal,Rural,Arteria Menor,State Highway Agency,0,Sin jurisdiccion especial,137,35.22317222,-77.64506667,Vehiculo en movimiento,Angulo,Four-Way Intersection,Interseccion de 4 direcciones,Sobre calle,Ninguna,Dia total,Despejado,No,NO APLICA,7,40,7,58,1,09/09/2022,3
37,North Carolina,370958,0,0,2,0,119,MECKLENBURG (119),870,CHARLOTTE,9,Septiembre,1,2022,22,44,I-85,1,Interestatal,Urbano,Interestatal,State Highway Agency,1,Sin jurisdiccion especial,108,35.27304722,-80.83186389,Vehiculo en movimiento,Frente a frente,Not an Intersection,No fue interseccion,Sobre calle,Ninguna,Oscuro con iluminacion,Despejado,No,NO APLICA,22,36,22,49,1,01/09/2022,2
37,North Carolina,370959,0,0,1,0,119,MECKLENBURG (119),870,CHARLOTTE,9,Septiembre,4,2022,17,46,THE PLAZA,6,Calle Local Municipalidad,Urbano,Arteria Menor,City or Municipal Highway Agency,0,Sin jurisdiccion especial,14,35.24947778,-80.76408611,Banqueta,El primer evento no fue una colision con un vehiculo automotor en transporte,Not an Intersection,No fue interseccion,Sobre el lado de la calle,Ninguna,Dia total,Despejado,No,NO APLICA,17,46,17,50,1,04/09/2022,1
37,North Carolina,370960,0,0,3,0,119,MECKLENBURG (119),870,CHARLOTTE,9,Septiembre,17,2022,4,21,I-77,1,Interestatal,Urbano,Interestatal,State Highway Agency,1,Sin jurisdiccion especial,152,35.34119722,-80.84888889,Vehiculo en movimiento,Frente a Detrás,Not an Intersection,No fue interseccion,Sobre calle,Ninguna,Oscuro con iluminacion,Despejado,No,NO APLICA,4,18,4,25,1,17/09/2022,3
37,North Carolina,370961,0,0,2,0,119,MECKLENBURG (119),870,CHARLOTTE,9,Septiembre,18,2022,3,32,I-485,1,Interestatal,Urbano,Interestatal,State Highway Agency,1,Sin jurisdiccion especial,16,35.238325,-80.96239167,Vehiculo en movimiento,Frente a frente,Not an Intersection,No fue interseccion,Sobre calle,Ninguna,Oscuro sin iluminacion,Despejado,No,NO APLICA,3,29,3,42,3,18/09/2022,4
37,North Carolina,370962,0,0,2,0,127,NASH (127),0,NO APLICA,9,Septiembre,7,2022,14,37,OLD BAILEY RD,5,Calle Local - Pueblo,Rural,Colector Menor,Town or Township Highway Agency,0,Sin jurisdiccion especial,63,35.88270556,-78.00435833,Vehiculo en movimiento,Angulo,Four-Way Intersection,Interseccion de 4 direcciones,Sobre calle,Ninguna,Dia total,Despejado,No,NO APLICA,99,99,99,99,1,07/09/2022,2
37,North Carolina,370963,0,0,3,0,133,ONSLOW (133),0,NO APLICA,9,Septiembre,17,2022,21,56,SSR-1316 RHODESTOWN RD,8,Otro,Rural,Colector Mayor,State Highway Agency,0,Sin jurisdiccion especial,18,34.83792778,-77.50930278,Vehiculo en movimiento,Frente a Detrás,Not an Intersection,No fue interseccion,Sobre calle,Ninguna,Oscuro sin iluminacion,Despejado,No,NO APLICA,21,50,21,58,2,17/09/2022,4
37,North Carolina,370964,0,0,3,0,133,ONSLOW (133),2330,JACKSONVILLE,9,Septiembre,6,2022,9,11,SSR-1308 GUM BRANCH RD,8,Otro,Urbano,Arteria Menor,City or Municipal Highway Agency,0,Sin jurisdiccion especial,4,34.78710278,-77.42796389,Vehiculo en movimiento,Angulo,Four-Way Intersection,Interseccion de 4 direcciones,Sobre calle,Ninguna,Dia total,Despejado,No,NO APLICA,9,16,9,21,1,06/09/2022,4
37,North Carolina,370965,1,1,1,0,133,ONSLOW (133),0,NO APLICA,9,Septiembre,20,2022,6,32,SR-172,3,Highway estatal,Rural,Arteria Menor,State Highway Agency,0,Sin jurisdiccion especial,63,34.56484722,-77.40086389,Ciclista,El primer evento no fue una colision con un vehiculo automotor en transporte,Not an Intersection,No fue interseccion,Sobre calle,Ninguna,Amanecer,Despejado,No,NO APLICA,6,33,6,48,1,20/09/2022,1
37,North Carolina,370966,0,0,1,0,135,ORANGE (135),2190,HILLSBOROUGH,9,Septiembre,14,2022,2,15,I-85,1,Interestatal,Urbano,Interestatal,State Highway Agency,1,Sin jurisdiccion especial,104,36.05773611,-79.07842778,Valla Ferrocarril,El primer evento no fue una colision con un vehiculo automotor en transporte,Not an Intersection,No fue interseccion,Sobre el lado de la calle,Ninguna,Oscuro sin iluminacion,Despejado,No,NO APLICA,2,14,2,26,1,14/09/2022,1
37,North Carolina,370967,0,0,2,0,141,PENDER (141),0,NO APLICA,9,Septiembre,16,2022,16,53,SR-50,3,Highway estatal,Rural,Local,State Highway Agency,0,Sin jurisdiccion especial,12,34.68817778,-77.72617778,Vehiculo en movimiento,Frente a frente,Not an Intersection,No fue interseccion,Sobre calle,Ninguna,Dia total,Despejado,No,NO APLICA,16,49,16,55,1,16/09/2022,2
37,North Carolina,370968,0,0,1,0,145,PERSON (145),0,NO APLICA,9,Septiembre,4,2022,23,59,SSR-1605 BOSTON RD,8,Otro,Rural,Arteria Principal,State Highway Agency,0,Sin jurisdiccion especial,35,36.44669167,-78.94051667,Otro objeto (no fijo),El primer evento no fue una colision con un vehiculo automotor en transporte,Not an Intersection,No fue interseccion,Sobre calle,Ninguna,Oscuro sin iluminacion,Despejado,No,NO APLICA,99,99,99,99,1,04/09/2022,1
37,North Carolina,370969,1,1,1,0,155,ROBESON (155),0,NO APLICA,9,Septiembre,6,2022,4,52,SSR-1312 OXEDINE SCHOOL RD,8,Otro,Rural,Colector Mayor,State Highway Agency,0,Sin jurisdiccion especial,61,34.77970278,-79.31859444,Peaton,El primer evento no fue una colision con un vehiculo automotor en transporte,Not an Intersection,No fue interseccion,Sobre calle,Ninguna,Oscuro sin iluminacion,Despejado,No,NO APLICA,99,99,99,99,1,06/09/2022,1
37,North Carolina,370970,1,1,1,0,155,ROBESON (155),0,NO APLICA,9,Septiembre,3,2022,13,8,SR-72,3,Highway estatal,Rural,Colector Mayor,State Highway Agency,0,Sin jurisdiccion especial,221,34.67463611,-79.12698333,Peaton,El primer evento no fue una colision con un vehiculo automotor en transporte,Not an Intersection,No fue interseccion,Sobre calle,Ninguna,Reportada como desconocida,Reportado como desconocido,No,NO APLICA,99,99,99,99,1,03/09/2022,1
37,North Carolina,370971,0,0,3,0,161,RUTHERFORD (161),0,NO APLICA,9,Septiembre,6,2022,13,57,US-74 BUS,2,US Highway,Rural,Colector Mayor,State Highway Agency,0,Sin jurisdiccion especial,26,35.33288056,-81.83103889,Vehiculo en movimiento,Angulo,T-Intersection,Interseccion de T,Sobre calle,Ninguna,Dia total,Despejado,No,NO APLICA,14,0,14,10,1,06/09/2022,7
37,North Carolina,370972,1,1,1,0,165,SCOTLAND (165),0,NO APLICA,9,Septiembre,7,2022,21,5,SSR-1101 ACADEMY RD,8,Otro,Rural,Local,State Highway Agency,0,Sin jurisdiccion especial,17,34.70665,-79.55106944,Peaton,El primer evento no fue una colision con un vehiculo automotor en transporte,Not an Intersection,No fue interseccion,Sobre calle,Ninguna,Oscuro sin iluminacion,lluvia,No,NO APLICA,99,99,99,99,1,07/09/2022,1
37,North Carolina,370973,0,0,3,0,169,STOKES (169),0,NO APLICA,9,Septiembre,12,2022,21,7,SSR-1973 MOUNTAIN VIEW RD,8,Otro,Rural,Colector Mayor,State Highway Agency,0,Sin jurisdiccion especial,16,36.30860556,-80.30193056,Vehiculo en movimiento,Frente a frente,Not an Intersection,No fue interseccion,Sobre calle,Ninguna,Oscuro sin iluminacion,Nublado,No,NO APLICA,21,3,21,14,1,12/09/2022,3
37,North Carolina,370974,0,0,1,0,169,STOKES (169),0,NO APLICA,9,Septiembre,17,2022,2,23,SSR-1935 PINEY MTN RD,8,Otro,Rural,Colector Menor,State Highway Agency,0,Sin jurisdiccion especial,30,36.32720833,-80.169925,Culvert,El primer evento no fue una colision con un vehiculo automotor en transporte,Not an Intersection,No fue interseccion,Sobre el lado de la calle,Ninguna,Oscuro sin iluminacion,Despejado,No,NO APLICA,2,18,2,29,1,17/09/2022,1
37,North Carolina,370975,1,1,1,0,171,SURRY (171),0,NO APLICA,9,Septiembre,11,2022,21,34,US-601,2,US Highway,Rural,Arteria Menor,State Highway Agency,0,Sin jurisdiccion especial,106,36.41219722,-80.69251389,Peaton,El primer evento no fue una colision con un vehiculo automotor en transporte,Not an Intersection,No fue interseccion,Sobre calle,Ninguna,Oscuro sin iluminacion,Despejado,No,NO APLICA,20,54,20,57,1,11/09/2022,1
37,North Carolina,370976,0,0,2,0,173,SWAIN (173),0,NO APLICA,9,Septiembre,5,2022,20,43,US-19,2,US Highway,Rural,Colector Mayor,State Highway Agency,0,Sin jurisdiccion especial,255,35.44718056,-83.38083889,Vehiculo en movimiento,Angulo,Y-Intersection,Interseccion de Y,Sobre calle,Ninguna,Oscuro sin iluminacion,lluvia,No,NO APLICA,99,99,99,99,1,05/09/2022,5
37,North Carolina,370977,0,0,1,0,181,VANCE (181),0,NO APLICA,9,Septiembre,4,2022,1,39,SSR-1523 SOUTHERLAND MILL RD,8,Otro,Rural,Colector Menor,State Highway Agency,0,Sin jurisdiccion especial,3,36.31134444,-78.30244722,Arbol,El primer evento no fue una colision con un vehiculo automotor en transporte,Not an Intersection,No fue interseccion,Sobre el lado de la calle,Ninguna,Oscuro sin iluminacion,Despejado,No,NO APLICA,1,35,1,50,1,04/09/2022,1
37,North Carolina,370978,0,0,2,0,181,VANCE (181),0,NO APLICA,9,Septiembre,13,2022,20,10,SSR-1304 DABNEY ROAD,8,Otro,Rural,Colector Menor,State Highway Agency,0,Sin jurisdiccion especial,99998,36.353275,-78.458875,Vehiculo en movimiento,Frente a frente,Not an Intersection,No fue interseccion,Sobre calle,Ninguna,Oscuro sin iluminacion,Despejado,No,NO APLICA,99,99,99,99,1,13/09/2022,3
37,North Carolina,370979,0,0,1,0,183,WAKE (183),2230,HOLLY SPRINGS,9,Septiembre,7,2022,10,48,SSR-1115 AVENT FERRY RD,8,Otro,Urbano,Colector Mayor,State Highway Agency,0,Sin jurisdiccion especial,29,35.63007778,-78.86546111,Arbol,El primer evento no fue una colision con un vehiculo automotor en transporte,Not an Intersection,No fue interseccion,Sobre el lado de la calle,Ninguna,Dia total,Despejado,No,NO APLICA,10,58,11,5,1,07/09/2022,1
37,North Carolina,370980,0,0,3,0,183,WAKE (183),2230,HOLLY SPRINGS,9,Septiembre,6,2022,10,59,SR-55 BYP,3,Highway estatal,Urbano,Arteria Principal,State Highway Agency,1,Sin jurisdiccion especial,99998,35.64265,-78.83909722,Vehiculo en movimiento,Angulo,Four-Way Intersection,Interseccion de 4 direcciones,Sobre calle,Ninguna,Dia total,Despejado,No,NO APLICA,11,1,11,7,1,06/09/2022,3
37,North Carolina,370981,0,0,2,0,183,WAKE (183),3750,RALEIGH,9,Septiembre,1,2022,16,28,SSR-2000 FALLS OF NEUSE RD,8,Otro,Urbano,Arteria Menor,State Highway Agency,0,Sin jurisdiccion especial,99998,35.86279444,-78.61963889,Vehiculo en movimiento,Angulo,Not an Intersection,No fue interseccion,Sobre calle,Ninguna,Dia total,Despejado,No,NO APLICA,16,31,16,33,1,01/09/2022,2
37,North Carolina,370982,0,0,1,0,185,WARREN (185),0,NO APLICA,9,Septiembre,4,2022,7,45,SSR-1100 MANSON AXTELL RD,8,Otro,Rural,Local,State Highway Agency,0,Sin jurisdiccion especial,31,36.39190833,-78.263075,Buzon de correo,El primer evento no fue una colision con un vehiculo automotor en transporte,Not an Intersection,No fue interseccion,Sobre el lado de la calle,Ninguna,Oscuro sin iluminacion,Despejado,No,NO APLICA,99,99,99,97,1,04/09/2022,1
37,North Carolina,370983,0,0,2,0,189,WATAUGA (189),0,NO APLICA,9,Septiembre,17,2022,13,38,US-421,2,US Highway,Rural,Arteria Principal,State Highway Agency,1,Sin jurisdiccion especial,179,36.22210278,-81.63693056,Vehiculo en movimiento,Angulo,T-Intersection,Interseccion de T,Sobre calle,Ninguna,Dia total,Despejado,No,NO APLICA,99,99,99,99,1,17/09/2022,2
37,North Carolina,370984,0,0,1,0,191,WAYNE (191),0,NO APLICA,9,Septiembre,16,2022,1,16,SSR-1136 CRICKET RIDGE RD,8,Otro,Urbano,Local,State Highway Agency,0,Sin jurisdiccion especial,99998,35.24129167,-78.07040833,Buzon de correo,El primer evento no fue una colision con un vehiculo automotor en transporte,Not an Intersection,No fue interseccion,Sobre el lado de la calle,Ninguna,Oscuro sin iluminacion,Despejado,No,NO APLICA,99,99,99,99,1,16/09/2022,4
37,North Carolina,370985,0,0,2,0,193,WILKES (193),5040,WILKESBORO,9,Septiembre,9,2022,21,34,US-421,2,US Highway,Urbano,Arteria Principal,State Highway Agency,1,Sin jurisdiccion especial,143,36.14962778,-81.235975,Vehiculo en movimiento,Frente a frente,Not an Intersection,No fue interseccion,Sobre calle,Ninguna,Oscuro sin iluminacion,Despejado,No,NO APLICA,99,99,99,99,1,09/09/2022,4
37,North Carolina,370986,0,0,1,0,197,YADKIN (197),0,NO APLICA,9,Septiembre,13,2022,15,54,SSR-1001 COURTNEY HUNTSVILLE R,8,Otro,Rural,Colector Menor,State Highway Agency,0,Sin jurisdiccion especial,23,36.06640278,-80.60391944,Buzon de correo,El primer evento no fue una colision con un vehiculo automotor en transporte,Not an Intersection,No fue interseccion,Sobre el lado de la calle,Ninguna,Dia total,Despejado,No,NO APLICA,99,99,99,99,1,13/09/2022,1
37,North Carolina,370987,0,0,1,0,199,YANCEY (199),0,NO APLICA,9,Septiembre,1,2022,13,6,SR-197,3,Highway estatal,Rural,Colector Mayor,State Highway Agency,0,Sin jurisdiccion especial,106,35.86815833,-82.31725833,Arbol,El primer evento no fue una colision con un vehiculo automotor en transporte,Not an Intersection,No fue interseccion,Sobre el lado de la calle,Ninguna,Dia total,Despejado,No,NO APLICA,99,99,99,99,1,01/09/2022,1
37,North Carolina,370988,0,0,2,0,45,CLEVELAND (45),4180,SHELBY,9,Septiembre,15,2022,9,51,US-74 BUS E MARION ST,2,US Highway,Urbano,Arteria Menor,State Highway Agency,1,Sin jurisdiccion especial,117,35.29564722,-81.52541389,Vehiculo en movimiento,Angulo,T-Intersection,Interseccion de T,Sobre calle,Ninguna,Dia total,Despejado,No,NO APLICA,99,99,99,99,1,15/09/2022,2
37,North Carolina,370989,0,0,2,1,67,FORSYTH (67),5120,WINSTON SALEM,9,Septiembre,24,2022,3,2,SR-109 THOMASVILLE RD,3,Highway estatal,Urbano,Arteria Principal,State Highway Agency,1,Sin jurisdiccion especial,27,36.049275,-80.20301111,Poste,El primer evento no fue una colision con un vehiculo automotor en transporte,Not an Intersection,No fue interseccion,Sobre el lado de la calle,Ninguna,Oscuro con iluminacion,Despejado,No,NO APLICA,99,99,99,99,1,24/09/2022,1
37,North Carolina,370990,0,0,1,0,47,COLUMBUS (47),4550,TABOR CITY,9,Septiembre,24,2022,20,19,WEST 2ND STREET,6,Calle Local Municipalidad,Urbano,Local,City or Municipal Highway Agency,0,Sin jurisdiccion especial,4,34.14553611,-78.885525,Arbol,El primer evento no fue una colision con un vehiculo automotor en transporte,Not an Intersection,No fue interseccion,Sobre el lado de la calle,Ninguna,Oscuro con iluminacion,Despejado,No,NO APLICA,99,99,99,99,1,24/09/2022,1
37,North Carolina,370991,0,0,1,0,83,HALIFAX (83),0,NO APLICA,9,Septiembre,22,2022,22,58,I-95,1,Interestatal,Rural,Interestatal,State Highway Agency,1,Sin jurisdiccion especial,146,36.33955,-77.692,Zanja,El primer evento no fue una colision con un vehiculo automotor en transporte,Not an Intersection,No fue interseccion,Sobre el lado de la calle,Construccion,Oscuro sin iluminacion,Despejado,No,NO APLICA,22,53,23,8,1,22/09/2022,1
37,North Carolina,370992,0,0,2,0,147,PITT (147),0,NO APLICA,9,Septiembre,23,2022,23,52,US-13,2,US Highway,Rural,Arteria Menor,State Highway Agency,0,Sin jurisdiccion especial,49,35.55298889,-77.48356111,Vehiculo en movimiento,Frente a Detrás,Not an Intersection,No fue interseccion,Sobre calle,Ninguna,Oscuro sin iluminacion,Despejado,No,NO APLICA,99,99,99,99,1,23/09/2022,3
37,North Carolina,370993,0,0,2,0,19,BRUNSWICK (19),0,NO APLICA,9,Septiembre,2,2022,23,14,SSR-1427 HOOPER RD NE,8,Otro,Rural,Local,State Highway Agency,0,Sin jurisdiccion especial,7,34.32133333,-78.08558333,Vehiculo en movimiento,Frente a Detrás,Not an Intersection,No fue interseccion,Sobre calle,Ninguna,Oscuro sin iluminacion,Despejado,No,NO APLICA,23,10,23,12,1,02/09/2022,2
37,North Carolina,370994,0,0,1,0,113,MACON (113),0,NO APLICA,9,Septiembre,21,2022,14,42,SSR-1122 ADDINGTON BRIDGE RD,8,Otro,Rural,Colector Menor,State Highway Agency,0,Sin jurisdiccion especial,12,35.10183611,-83.39081389,Acotamiento,El primer evento no fue una colision con un vehiculo automotor en transporte,Not an Intersection,No fue interseccion,Sobre el lado de la calle,Ninguna,Dia total,Despejado,No,NO APLICA,99,99,99,99,1,21/09/2022,1
37,North Carolina,370995,0,0,1,0,69,FRANKLIN (69),0,NO APLICA,9,Septiembre,25,2022,2,20,SSR-1419 RONALD THARRINGTON RD,8,Otro,Rural,Colector Menor,State Highway Agency,0,Sin jurisdiccion especial,0,36.09715278,-78.28547778,Zanja,El primer evento no fue una colision con un vehiculo automotor en transporte,Not an Intersection,No fue interseccion,Sobre el lado de la calle,Ninguna,Oscuro sin iluminacion,Despejado,No,NO APLICA,2,18,2,19,1,25/09/2022,3
37,North Carolina,370996,0,0,1,0,185,WARREN (185),0,NO APLICA,9,Septiembre,25,2022,19,14,SSR-1519 HAMLET RD,8,Otro,Rural,Local,State Highway Agency,0,Sin jurisdiccion especial,14,36.29099167,-77.96925833,Acotamiento,El primer evento no fue una colision con un vehiculo automotor en transporte,Not an Intersection,No fue interseccion,Sobre el lado de la calle,Ninguna,Oscuro sin iluminacion,lluvia,No,NO APLICA,19,10,19,29,1,25/09/2022,1
37,North Carolina,370997,0,0,2,0,27,CALDWELL (27),0,NO APLICA,9,Septiembre,26,2022,13,26,SSR-1335 ADAKO RD,8,Otro,Rural,Colector Menor,State Highway Agency,0,Sin jurisdiccion especial,13,35.90820833,-81.69419444,Vehiculo en movimiento,Frente a frente,Not an Intersection,No fue interseccion,Sobre calle,Ninguna,Dia total,Despejado,No,NO APLICA,99,99,99,99,1,26/09/2022,4
37,North Carolina,370998,1,1,2,0,81,GUILFORD (81),1940,GREENSBORO,9,Septiembre,15,2022,6,5,S ELM-EUGENE ST,6,Calle Local Municipalidad,Urbano,Arteria Menor,City or Municipal Highway Agency,0,Sin jurisdiccion especial,25,36.03860556,-79.79148611,Peaton,El primer evento no fue una colision con un vehiculo automotor en transporte,Not an Intersection,No fue interseccion,Sobre calle,Ninguna,Oscuro con iluminacion,Despejado,No,NO APLICA,6,5,6,5,1,15/09/2022,2
37,North Carolina,370999,0,0,1,0,79,GREENE (79),0,NO APLICA,9,Septiembre,20,2022,17,34,SSR-1347 BURNETTE RD,8,Otro,Rural,Local,State Highway Agency,0,Sin jurisdiccion especial,15,35.55497778,-77.59575278,Zanja,El primer evento no fue una colision con un vehiculo automotor en transporte,Not an Intersection,No fue interseccion,Sobre el lado de la calle,Ninguna,Dia total,Despejado,No,NO APLICA,16,30,16,40,1,20/09/2022,1
37,North Carolina,371000,0,0,2,0,101,JOHNSTON (101),0,NO APLICA,9,Septiembre,23,2022,17,10,SR-210,3,Highway estatal,Rural,Arteria Menor,State Highway Agency,0,Sin jurisdiccion especial,50,35.52059722,-78.678525,Vehiculo en movimiento,Angulo,T-Intersection,Interseccion de T,Sobre calle,Ninguna,Dia total,Despejado,No,NO APLICA,17,8,17,24,1,23/09/2022,3
37,North Carolina,371001,0,0,1,0,191,WAYNE (191),1880,GOLDSBORO,9,Septiembre,25,2022,15,4,SSR-1003 W NEW HOPE RD,8,Otro,Urbano,Arteria Menor,State Highway Agency,0,Sin jurisdiccion especial,28,35.39371111,-77.92877778,Volcadura,El primer evento no fue una colision con un vehiculo automotor en transporte,Not an Intersection,No fue interseccion,Sobre el lado de la calle,Ninguna,Dia total,Despejado,No,NO APLICA,99,99,99,99,1,25/09/2022,1
37,North Carolina,371002,0,0,3,0,51,CUMBERLAND (51),1670,FAYETTEVILLE,1,Enero,17,2022,17,59,SR-59 HOPE MILLS RD,3,Highway estatal,Urbano,Arteria Principal,State Highway Agency,1,Sin jurisdiccion especial,60,35.01045833,-78.9664,Vehiculo en movimiento,Frente a frente,Not an Intersection,No fue interseccion,Sobre calle,Ninguna,Oscuro con iluminacion,Despejado,No,NO APLICA,99,99,99,99,1,17/01/2022,5
37,North Carolina,371003,0,0,1,0,51,CUMBERLAND (51),1670,FAYETTEVILLE,1,Enero,21,2022,1,21,SSR-1402 RIM RD,8,Otro,Urbano,Local,City or Municipal Highway Agency,0,Sin jurisdiccion especial,99998,35.05941389,-79.049075,Banqueta,El primer evento no fue una colision con un vehiculo automotor en transporte,Four-Way Intersection,Interseccion de 4 direcciones,Sobre calle,Ninguna,Oscuro con iluminacion,Despejado,No,NO APLICA,99,99,99,99,1,21/01/2022,1
37,North Carolina,371004,0,0,1,0,51,CUMBERLAND (51),1670,FAYETTEVILLE,1,Enero,26,2022,0,57,SSR-1615 ROSEHILL RD,8,Otro,Urbano,Arteria Menor,State Highway Agency,0,Sin jurisdiccion especial,14,35.11890833,-78.91367222,Arbol,El primer evento no fue una colision con un vehiculo automotor en transporte,Not an Intersection,No fue interseccion,Sobre el lado de la calle,Ninguna,Oscuro con iluminacion,Despejado,No,NO APLICA,99,99,99,99,1,26/01/2022,3
37,North Carolina,371005,0,0,2,0,35,CATAWBA (35),0,NO APLICA,9,Septiembre,27,2022,16,49,SSR-1832 KALE RD,8,Otro,Rural,Colector Menor,State Highway Agency,0,Sin jurisdiccion especial,3,35.69136389,-80.99113889,Vehiculo en movimiento,Golpe Lateral - direccion contraria,Not an Intersection,No fue interseccion,Sobre calle,Ninguna,Dia total,Despejado,No,NO APLICA,16,48,16,58,1,27/09/2022,4
37,North Carolina,371006,0,0,2,0,127,NASH (127),0,NO APLICA,4,Abril,14,2022,19,45,SR-561,3,Highway estatal,Rural,Arteria Menor,State Highway Agency,0,Sin jurisdiccion especial,0,36.19679167,-78.00913333,Vehiculo en movimiento,Frente a frente,Not an Intersection,No fue interseccion,Sobre calle,Ninguna,Oscuro sin iluminacion,Despejado,No,NO APLICA,19,48,20,12,1,14/04/2022,2
37,North Carolina,371007,0,0,2,0,71,GASTON (71),0,NO APLICA,5,Mayo,6,2022,14,38,SSR-1831 MAUNEY RD,8,Otro,Rural,Colector Menor,State Highway Agency,0,Sin jurisdiccion especial,11,35.35643889,-81.10941667,Vehiculo en movimiento,Frente a frente,Not an Intersection,No fue interseccion,Sobre calle,Ninguna,Dia total,lluvia,No,NO APLICA,14,26,14,41,1,06/05/2022,5
37,North Carolina,371008,0,0,1,0,181,VANCE (181),2120,HENDERSON,5,Mayo,13,2022,6,32,S CHESTNUT ST,6,Calle Local Municipalidad,Urbano,Local,City or Municipal Highway Agency,0,Sin jurisdiccion especial,99998,36.32373333,-78.41224167,Arbol,El primer evento no fue una colision con un vehiculo automotor en transporte,Not an Intersection,No fue interseccion,Sobre el lado de la calle,Ninguna,Amanecer,Nublado,No,NO APLICA,99,99,99,97,1,13/05/2022,1
37,North Carolina,371009,0,0,3,0,67,FORSYTH (67),5120,WINSTON SALEM,6,Junio,17,2022,13,28,GRIFFITH RD,8,Otro,Urbano,Local,State Highway Agency,0,Sin jurisdiccion especial,99998,36.05033611,-80.30934444,Vehiculo en movimiento,Frente a Detrás,Not an Intersection,No fue interseccion,Sobre calle,Ninguna,Dia total,Despejado,No,NO APLICA,12,54,13,0,1,17/06/2022,4
37,North Carolina,371010,1,1,2,0,183,WAKE (183),0,NO APLICA,8,Agosto,6,2022,2,20,I-540,1,Interestatal,Rural,Interestatal,State Highway Agency,1,Sin jurisdiccion especial,99998,35.87611111,-78.58100833,Peaton,El primer evento no fue una colision con un vehiculo automotor en transporte,Not an Intersection,No fue interseccion,Sobre calle,Ninguna,Oscuro sin iluminacion,Despejado,No,NO APLICA,99,99,99,99,1,06/08/2022,1
37,North Carolina,371011,0,0,3,0,51,CUMBERLAND (51),0,NO APLICA,9,Septiembre,2,2022,17,16,US-301 SERVICE RD,2,US Highway,Rural,Arteria Principal,State Highway Agency,1,Sin jurisdiccion especial,10,34.95048889,-78.92606944,Vehiculo en movimiento,Angulo,T-Intersection,Interseccion de T,Sobre calle,Ninguna,Dia total,Despejado,No,NO APLICA,99,99,99,99,1,02/09/2022,3