Estado,Nombre de Estado,Numero de Caso,Peatones,Personas _no_vehiculos,Vehiculos automotores,Vehiculos estacionados,Condado,Nombre Condado,Ciudad,Nombre Ciudad,Mes,Nombre Mes,Dia,Año,Hora,Minuto,Calle,Ruta,Nombre Ruta,Rural o Urbanoo,Sistema Funcional,Dueño Calle,Sistema Nacional Carreteras,Jurisdiccion Especial,Milla,Latitud,Longitud,Causa del Accidente,Tipo de Accidente,Tipo Interseccion,Columna1,Lugar en la calle,Zona de Trabajo,Luz,Clima,Autobus Escolar,Cruce de Trenes,Hora Notificacion,Minuto Notificacion,Hora Llegada,Minuto Llegada,Decesos,Fecha,PersonaVehiculo
37,North Carolina,371012,0,0,3,0,127,NASH (127),3930,ROCKY MOUNT,9,Septiembre,3,2022,18,50,S CHURCH STREET,6,Calle Local Municipalidad,Urbano,Colector Mayor,State Highway Agency,0,Sin jurisdiccion especial,24,35.92390833,-77.80478333,Vehiculo en movimiento,Angulo,Not an Intersection,No fue interseccion,Sobre calle,Ninguna,Oscuro con iluminacion,Despejado,No,NO APLICA,19,20,19,29,1,03/09/2022,5
37,North Carolina,371013,0,0,1,0,165,SCOTLAND (165),2560,LAURINBURG,9,Septiembre,10,2022,14,47,SUGAR ROAD,6,Calle Local Municipalidad,Urbano,Local,City or Municipal Highway Agency,0,Sin jurisdiccion especial,99998,34.75668611,-79.45627222,Arbol,El primer evento no fue una colision con un vehiculo automotor en transporte,Not an Intersection,No fue interseccion,Sobre el lado de la calle,Ninguna,Dia total,lluvia,No,NO APLICA,99,99,99,99,1,10/09/2022,1
37,North Carolina,371014,0,0,1,0,183,WAKE (183),3750,RALEIGH,9,Septiembre,18,2022,22,51,I-540,1,Interestatal,Urbano,Interestatal,State Highway Agency,1,Sin jurisdiccion especial,198,35.91039722,-78.75079444,Acotamiento,El primer evento no fue una colision con un vehiculo automotor en transporte,Not an Intersection,No fue interseccion,Sobre el lado de la calle,Ninguna,Oscuro con iluminacion,Despejado,No,NO APLICA,22,19,22,30,1,18/09/2022,1
37,North Carolina,371015,0,0,1,0,139,PASQUOTANK (139),0,NO APLICA,9,Septiembre,22,2022,21,5,SSR-1360 FIRE TOWER RD,8,Otro,Rural,Local,State Highway Agency,0,Sin jurisdiccion especial,99998,36.42715833,-76.37189167,Zanja,El primer evento no fue una colision con un vehiculo automotor en transporte,Not an Intersection,No fue interseccion,Sobre el lado de la calle,Ninguna,Oscuro sin iluminacion,Despejado,No,NO APLICA,20,57,21,9,1,22/09/2022,1
37,North Carolina,371016,0,0,2,0,81,GUILFORD (81),2170,HIGH POINT,9,Septiembre,23,2022,20,0,US-70 W WENDOVER AVE,2,US Highway,Urbano,Arteria Principal,State Highway Agency,1,Sin jurisdiccion especial,239,36.04455278,-79.92939722,Vehiculo en movimiento,Angulo,Four-Way Intersection,Interseccion de 4 direcciones,Sobre calle,Ninguna,Oscuro sin iluminacion,Despejado,No,NO APLICA,99,99,99,99,1,23/09/2022,3
37,North Carolina,371017,0,0,2,0,119,MECKLENBURG (119),2940,MATTHEWS,9,Septiembre,27,2022,2,38,I-485,1,Interestatal,Rural,Interestatal,State Highway Agency,1,Sin jurisdiccion especial,99998,35.09938611,-80.71505278,Vehiculo en movimiento,Frente a frente,Not an Intersection,No fue interseccion,Sobre calle,Ninguna,Oscuro sin iluminacion,Despejado,No,NO APLICA,99,99,99,99,1,27/09/2022,2
37,North Carolina,371018,0,0,1,0,87,HAYWOOD (87),0,NO APLICA,9,Septiembre,29,2022,16,15,SSR-1849,8,Otro,Rural,Local,State Highway Agency,0,Sin jurisdiccion especial,99998,35.51711389,-82.799,Arbol,El primer evento no fue una colision con un vehiculo automotor en transporte,Not an Intersection,No fue interseccion,Sobre el lado de la calle,Ninguna,Dia total,Despejado,No,NO APLICA,16,10,16,19,1,29/09/2022,1
37,North Carolina,371019,0,0,2,0,45,CLEVELAND (45),3104,MOORESBORO,9,Septiembre,23,2022,15,53,US-74 DIXON BLVD,2,US Highway,Urbano,Arterial Principal -Freeway o ExpressWay,State Highway Agency,1,Sin jurisdiccion especial,99998,35.302425,-81.69595,Vehiculo en movimiento,Angulo,Four-Way Intersection,Interseccion de 4 direcciones,Sobre calle,Ninguna,Dia total,Despejado,No,NO APLICA,99,99,99,99,1,23/09/2022,4
37,North Carolina,371020,0,0,2,0,27,CALDWELL (27),2590,LENOIR,9,Septiembre,26,2022,18,6,SSR-1933 SOUTHWEST BLVD,8,Otro,Urbano,Arteria Principal,State Highway Agency,1,Sin jurisdiccion especial,99998,35.87483889,-81.53508611,Vehiculo en movimiento,Angulo,Four-Way Intersection,Interseccion de 4 direcciones,Sobre calle,Ninguna,Dia total,Despejado,No,NO APLICA,99,99,99,99,1,26/09/2022,4
37,North Carolina,371021,0,0,2,0,51,CUMBERLAND (51),1670,FAYETTEVILLE,2,Febrero,9,2022,14,43,US-401 SKIBO RD,2,US Highway,Urbano,Arteria Principal,State Highway Agency,1,Sin jurisdiccion especial,99998,35.06780278,-78.96654444,Vehiculo en movimiento,Frente a frente,Four-Way Intersection,Interseccion de 4 direcciones,Sobre calle,Ninguna,Dia total,Despejado,No,NO APLICA,99,99,99,99,1,09/02/2022,2
37,North Carolina,371022,0,0,1,0,51,CUMBERLAND (51),0,NO APLICA,3,Marzo,15,2022,18,51,OWEN DRIVE,6,Calle Local Municipalidad,Urbano,Arteria Menor,State Highway Agency,0,Sin jurisdiccion especial,99998,35.03945,-78.93375556,Volcadura,El primer evento no fue una colision con un vehiculo automotor en transporte,Not an Intersection,No fue interseccion,Sobre el lado de la calle,Ninguna,Dia total,Nublado,No,NO APLICA,99,99,99,99,1,15/03/2022,1
37,North Carolina,371023,0,0,2,0,127,NASH (127),3930,ROCKY MOUNT,8,Agosto,11,2022,12,35,US-64,2,US Highway,Urbano,Arteria Principal,State Highway Agency,1,Sin jurisdiccion especial,99998,35.94274444,-77.796975,Vehiculo en movimiento,Angulo,Four-Way Intersection,Interseccion de 4 direcciones,Sobre calle,Ninguna,Dia total,Despejado,No,NO APLICA,12,19,12,36,1,11/08/2022,3
37,North Carolina,371024,0,0,1,0,183,WAKE (183),0,NO APLICA,8,Agosto,29,2022,19,29,SSR-1382 YATES MILL POND RD,8,Otro,Rural,Colector Mayor,State Highway Agency,0,Sin jurisdiccion especial,99998,35.73680833,-78.72581111,Buzon de correo,El primer evento no fue una colision con un vehiculo automotor en transporte,Not an Intersection,No fue interseccion,Sobre el lado de la calle,Ninguna,Oscuro sin iluminacion,Despejado,No,NO APLICA,99,99,99,99,1,29/08/2022,1
37,North Carolina,371025,0,0,2,0,61,DUPLIN (61),0,NO APLICA,9,Septiembre,14,2022,16,58,SSR-1148 ROSEMARY RD,8,Otro,Rural,Local,State Highway Agency,0,Sin jurisdiccion especial,99998,34.80953333,-77.97757778,Vehiculo en movimiento,Frente a frente,Not an Intersection,No fue interseccion,Sobre calle,Ninguna,Dia total,Despejado,No,NO APLICA,99,99,99,99,1,14/09/2022,2
37,North Carolina,371026,0,0,1,0,101,JOHNSTON (101),0,NO APLICA,9,Septiembre,29,2022,4,13,SSR-2316,8,Otro,Rural,Local,State Highway Agency,0,Sin jurisdiccion especial,99998,35.5025,-78.16948333,Buzon de correo,El primer evento no fue una colision con un vehiculo automotor en transporte,Not an Intersection,No fue interseccion,Sobre el lado de la calle,Ninguna,Oscuro sin iluminacion,Despejado,No,NO APLICA,99,99,99,99,1,29/09/2022,1
37,North Carolina,371027,0,0,2,0,101,JOHNSTON (101),0,NO APLICA,9,Septiembre,30,2022,17,43,SSR-1330,8,Otro,Rural,Colector Mayor,State Highway Agency,0,Sin jurisdiccion especial,99998,35.541775,-78.532525,Vehiculo en movimiento,Angulo,Not an Intersection,No fue interseccion,Sobre calle,Ninguna,Dia total,lluvia,No,NO APLICA,99,99,99,99,1,30/09/2022,2
37,North Carolina,371028,0,0,1,0,125,MOORE (125),0,NO APLICA,9,Septiembre,30,2022,22,4,SSR-2007 BOYS CAMP RD,8,Otro,Rural,Local,State Highway Agency,0,Sin jurisdiccion especial,7,35.31084722,-79.24089167,Arbol,El primer evento no fue una colision con un vehiculo automotor en transporte,Not an Intersection,No fue interseccion,Sobre el lado de la calle,Ninguna,Oscuro sin iluminacion,lluvia,No,NO APLICA,22,0,22,8,1,30/09/2022,1
37,North Carolina,371029,1,1,1,0,155,ROBESON (155),0,NO APLICA,9,Septiembre,30,2022,0,15,SR-71,3,Highway estatal,Rural,Colector Mayor,State Highway Agency,0,Sin jurisdiccion especial,76,34.79503056,-79.25489444,Peaton,El primer evento no fue una colision con un vehiculo automotor en transporte,Not an Intersection,No fue interseccion,Sobre calle,Ninguna,Oscuro sin iluminacion,Nublado,No,NO APLICA,99,99,99,99,1,30/09/2022,1
37,North Carolina,371030,0,0,2,0,183,WAKE (183),0,NO APLICA,8,Agosto,21,2022,16,35,US-1,2,US Highway,Rural,Arterial Principal -Freeway o ExpressWay,State Highway Agency,1,Sin jurisdiccion especial,361,35.68817222,-78.88961667,Vehiculo en movimiento,Frente a Detrás,Not an Intersection,No fue interseccion,Sobre calle,Ninguna,Dia total,Despejado,No,NO APLICA,16,32,16,34,1,21/08/2022,5
37,North Carolina,371031,0,0,1,0,131,NORTHAMPTON (131),1790,GASTON,8,Agosto,27,2022,13,51,SR-46,3,Highway estatal,Urbano,Local,State Highway Agency,0,Sin jurisdiccion especial,0,36.50051944,-77.63593889,Poste,El primer evento no fue una colision con un vehiculo automotor en transporte,Not an Intersection,No fue interseccion,Sobre el lado de la calle,Ninguna,Dia total,Despejado,No,NO APLICA,13,27,13,44,1,27/08/2022,2
37,North Carolina,371032,0,0,2,0,57,DAVIDSON (57),2620,LEXINGTON,10,Octubre,2,2022,11,25,SSR-3346 S MAIN ST,8,Otro,Urbano,Arteria Principal,State Highway Agency,1,Sin jurisdiccion especial,26,35.822925,-80.25459722,Vehiculo en movimiento,Angulo,Four-Way Intersection,Interseccion de 4 direcciones,Sobre calle,Ninguna,Dia total,Nublado,No,NO APLICA,11,26,11,27,1,02/10/2022,2
37,North Carolina,371033,0,0,2,0,45,CLEVELAND (45),0,NO APLICA,9,Septiembre,22,2022,13,45,SR-216,3,Highway estatal,Rural,Arteria Menor,State Highway Agency,0,Sin jurisdiccion especial,90,35.26560556,-81.34004722,Vehiculo en movimiento,Frente a frente,Not an Intersection,No fue interseccion,Sobre calle,Ninguna,Dia total,Despejado,No,NO APLICA,99,99,99,99,1,22/09/2022,4
37,North Carolina,371034,0,0,2,0,19,BRUNSWICK (19),0,NO APLICA,9,Septiembre,24,2022,15,7,SR-133,3,Highway estatal,Rural,Arteria Menor,State Highway Agency,0,Sin jurisdiccion especial,247,34.20936389,-77.98281944,Vehiculo en movimiento,Angulo,Not an Intersection,No fue interseccion,Sobre calle,Ninguna,Dia total,Despejado,No,NO APLICA,15,3,15,20,1,24/09/2022,5
37,North Carolina,371035,0,0,4,0,35,CATAWBA (35),2150,HICKORY,10,Octubre,5,2022,21,53,SSR-1453 SPRING RD NE,8,Otro,Urbano,Arteria Menor,State Highway Agency,0,Sin jurisdiccion especial,16,35.75203889,-81.28690833,Vehiculo en movimiento,Angulo,Four-Way Intersection,Interseccion de 4 direcciones,Sobre calle,Ninguna,Oscuro sin iluminacion,Despejado,No,NO APLICA,21,47,21,55,1,05/10/2022,11
37,North Carolina,371037,0,0,1,0,81,GUILFORD (81),1940,GREENSBORO,9,Septiembre,29,2022,15,45,I-40 BUS,1,Interestatal,Urbano,Interestatal,State Highway Agency,1,Sin jurisdiccion especial,106,36.05351111,-79.7274,Acotamiento,El primer evento no fue una colision con un vehiculo automotor en transporte,Not an Intersection,No fue interseccion,Sobre el lado de la calle,Ninguna,Dia total,Despejado,No,NO APLICA,15,46,15,53,1,29/09/2022,1
37,North Carolina,371038,0,0,2,0,141,PENDER (141),0,NO APLICA,9,Septiembre,22,2022,6,45,SR-53,3,Highway estatal,Rural,Colector Mayor,State Highway Agency,0,Sin jurisdiccion especial,300,34.67931944,-77.68888333,Vehiculo en movimiento,Angulo,Four-Way Intersection,Interseccion de 4 direcciones,Sobre calle,Ninguna,Oscuro sin iluminacion,Neblina o Humo,No,NO APLICA,6,38,6,54,1,22/09/2022,2
37,North Carolina,371040,0,0,2,0,111,MCDOWELL (111),2900,MARION,9,Septiembre,25,2022,17,17,US-70,2,US Highway,Urbano,Arteria Menor,State Highway Agency,0,Sin jurisdiccion especial,201,35.697875,-81.98273333,Vehiculo en movimiento,Frente a frente,T-Intersection,Interseccion de T,Sobre calle,Ninguna,Dia total,Despejado,No,NO APLICA,17,18,17,20,2,25/09/2022,7
37,North Carolina,371041,0,0,2,0,107,LENOIR (107),0,NO APLICA,9,Septiembre,27,2022,19,40,US-70,2,US Highway,Rural,Arteria Principal,State Highway Agency,1,Sin jurisdiccion especial,184,35.22666667,-77.53774722,Vehiculo en movimiento,Angulo,Four-Way Intersection,Interseccion de 4 direcciones,Sobre calle,Ninguna,Oscuro sin iluminacion,Despejado,No,NO APLICA,99,99,99,99,1,27/09/2022,2
37,North Carolina,371042,1,1,1,0,133,ONSLOW (133),0,NO APLICA,9,Septiembre,27,2022,20,2,SR-1302 HUFFMANTOWN RD,3,Highway estatal,Rural,Local,State Highway Agency,0,Sin jurisdiccion especial,15,34.95605833,-77.56183333,Peaton,El primer evento no fue una colision con un vehiculo automotor en transporte,Not an Intersection,No fue interseccion,Sobre calle,Ninguna,Oscuro sin iluminacion,Despejado,No,NO APLICA,99,99,99,99,1,27/09/2022,3
37,North Carolina,371043,0,0,2,0,191,WAYNE (191),0,NO APLICA,9,Septiembre,27,2022,21,27,I-795,1,Interestatal,Rural,Interestatal,State Highway Agency,1,Sin jurisdiccion especial,0,35.39804444,-78.00867222,Vehiculo en movimiento,Angulo,Not an Intersection,No fue interseccion,Sobre calle,Ninguna,Oscuro sin iluminacion,Despejado,No,NO APLICA,99,99,99,99,1,27/09/2022,2
37,North Carolina,371044,1,1,1,0,49,CRAVEN (49),3250,NEW BERN,9,Septiembre,29,2022,20,25,SR-55 NEUSE BLVD,3,Highway estatal,Urbano,Arteria Principal,City or Municipal Highway Agency,0,Sin jurisdiccion especial,99998,35.11491111,-77.07169167,Peaton,El primer evento no fue una colision con un vehiculo automotor en transporte,Not an Intersection,No fue interseccion,Sobre calle,Ninguna,Oscuro con iluminacion,Despejado,No,NO APLICA,99,99,99,99,1,29/09/2022,1
37,North Carolina,371045,0,0,2,0,133,ONSLOW (133),2330,JACKSONVILLE,10,Octubre,1,2022,15,13,WINCHESTER RD,8,Otro,Urbano,Local,State Highway Agency,0,Sin jurisdiccion especial,8,34.75716667,-77.38065833,Vehiculo en movimiento,Angulo,Not an Intersection,No fue interseccion,Sobre calle,Ninguna,Dia total,Despejado,No,NO APLICA,99,99,99,99,1,01/10/2022,2
37,North Carolina,371046,0,0,2,0,183,WAKE (183),0,NO APLICA,9,Septiembre,21,2022,15,18,US-401,2,US Highway,Rural,Arteria Principal,State Highway Agency,1,Sin jurisdiccion especial,113,35.66744167,-78.69636944,Vehiculo en movimiento,Angulo,Not an Intersection,No fue interseccion,Sobre calle,Ninguna,Dia total,Despejado,No,NO APLICA,99,99,99,99,1,21/09/2022,2
37,North Carolina,371047,0,0,3,0,23,BURKE (23),0,NO APLICA,9,Septiembre,29,2022,15,57,SSR-1786 MILLER BRIDGE RD,8,Otro,Rural,Colector Menor,State Highway Agency,0,Sin jurisdiccion especial,45,35.70460278,-81.48162222,Vehiculo en movimiento,Frente a frente,Not an Intersection,No fue interseccion,Sobre calle,Ninguna,Dia total,Despejado,No,NO APLICA,99,99,99,99,1,29/09/2022,7
37,North Carolina,371048,1,1,1,0,181,VANCE (181),0,NO APLICA,8,Agosto,20,2022,20,31,SR-1366 BULLOCKSVILLE PARK RD,3,Highway estatal,Rural,Local,State Highway Agency,0,Sin jurisdiccion especial,18,36.46026944,-78.33050278,Peaton,El primer evento no fue una colision con un vehiculo automotor en transporte,Not an Intersection,No fue interseccion,Sobre calle,Ninguna,Oscuro sin iluminacion,Despejado,No,NO APLICA,99,99,99,99,1,20/08/2022,1
37,North Carolina,371049,0,0,2,0,183,WAKE (183),0,NO APLICA,9,Septiembre,15,2022,10,21,SR-98,3,Highway estatal,Rural,Arteria Menor,State Highway Agency,0,Sin jurisdiccion especial,3,35.97566944,-78.5607,Vehiculo en movimiento,Angulo,Four-Way Intersection,Interseccion de 4 direcciones,Sobre calle,Ninguna,Dia total,Despejado,No,NO APLICA,99,99,99,99,1,15/09/2022,3
37,North Carolina,371050,0,0,2,0,35,CATAWBA (35),2150,HICKORY,9,Septiembre,22,2022,14,34,US-70,2,US Highway,Urbano,Arteria Principal,State Highway Agency,1,Sin jurisdiccion especial,70,35.69956111,-81.28308889,Vehiculo en movimiento,Angulo,Four-Way Intersection,Interseccion de 4 direcciones,Sobre calle,Ninguna,Dia total,Despejado,No,NO APLICA,99,99,99,99,1,22/09/2022,2
37,North Carolina,371051,0,0,2,0,183,WAKE (183),0,NO APLICA,9,Septiembre,28,2022,22,16,SSR-1371 LAKE WHEELER RD,8,Otro,Rural,Colector Mayor,State Highway Agency,0,Sin jurisdiccion especial,26,35.70587222,-78.689075,Vehiculo en movimiento,Frente a frente,Not an Intersection,No fue interseccion,Sobre calle,Ninguna,Oscuro sin iluminacion,Despejado,No,NO APLICA,99,99,99,99,1,28/09/2022,3
37,North Carolina,371052,0,0,2,0,183,WAKE (183),0,NO APLICA,2,Febrero,11,2022,12,0,SSR-1010 TEN TEN RD,8,Otro,Rural,Arteria Menor,State Highway Agency,0,Sin jurisdiccion especial,23,35.63589722,-78.61395278,Vehiculo en movimiento,Angulo,Not an Intersection,No fue interseccion,Sobre calle,Ninguna,Dia total,Despejado,No,NO APLICA,11,59,12,8,1,11/02/2022,3
37,North Carolina,371053,0,0,2,0,165,SCOTLAND (165),2560,LAURINBURG,3,Marzo,28,2022,14,26,PEDEN ST,6,Calle Local Municipalidad,Urbano,Local,City or Municipal Highway Agency,0,Sin jurisdiccion especial,2,34.77095833,-79.46954167,Vehiculo en movimiento,Angulo,"Five Point, or More",5 Puntos o mas,Sobre calle,Ninguna,Dia total,Despejado,No,NO APLICA,99,99,99,99,1,28/03/2022,2
37,North Carolina,371054,0,0,2,0,67,FORSYTH (67),0,NO APLICA,9,Septiembre,7,2022,6,53,US-311,2,US Highway,Rural,Arteria Menor,State Highway Agency,0,Sin jurisdiccion especial,105,36.21508611,-80.16713333,Vehiculo en movimiento,Frente a Detrás,Not an Intersection,No fue interseccion,Sobre calle,Ninguna,Dia total,Despejado,Yes,NO APLICA,99,99,99,99,1,07/09/2022,11
37,North Carolina,371055,0,0,1,0,25,CABARRUS (25),1040,CONCORD,9,Septiembre,18,2022,2,39,KERR ST NW,5,Calle Local - Pueblo,Urbano,Local,Town or Township Highway Agency,0,Sin jurisdiccion especial,3,35.40941944,-80.59300833,Poste,El primer evento no fue una colision con un vehiculo automotor en transporte,Not an Intersection,No fue interseccion,Sobre el lado de la calle,Ninguna,Oscuro con iluminacion,Despejado,No,NO APLICA,2,42,2,46,1,18/09/2022,2
37,North Carolina,371056,0,0,3,0,157,ROCKINGHAM (157),0,NO APLICA,9,Septiembre,22,2022,18,55,SR-14,3,Highway estatal,Rural,Arteria Principal,State Highway Agency,1,Sin jurisdiccion especial,11,36.36765833,-79.64348611,Vehiculo en movimiento,Frente a frente,Not an Intersection,No fue interseccion,Sobre calle,Ninguna,Atardecer,Despejado,No,NO APLICA,99,99,99,99,1,22/09/2022,5
37,North Carolina,371057,0,0,2,1,133,ONSLOW (133),2330,JACKSONVILLE,9,Septiembre,24,2022,0,28,CLIFTON RD,5,Calle Local - Pueblo,Urbano,Local,Town or Township Highway Agency,0,Sin jurisdiccion especial,5,34.78198333,-77.43498889,Buzon de correo,El primer evento no fue una colision con un vehiculo automotor en transporte,Not an Intersection,No fue interseccion,Sobre el lado de la calle,Construccion,Oscuro con iluminacion,Despejado,No,NO APLICA,3,20,3,30,2,24/09/2022,2
37,North Carolina,371058,0,0,1,0,129,NEW HANOVER (129),5060,WILMINGTON,9,Septiembre,26,2022,3,0,PINE GROVE DR,6,Calle Local Municipalidad,Urbano,Arteria Menor,City or Municipal Highway Agency,0,Sin jurisdiccion especial,7,34.18687778,-77.86258056,Poste,El primer evento no fue una colision con un vehiculo automotor en transporte,Not an Intersection,No fue interseccion,Sobre el lado de la calle,Ninguna,Oscuro sin iluminacion,Despejado,No,NO APLICA,99,99,99,99,1,26/09/2022,1
37,North Carolina,371059,0,0,1,0,129,NEW HANOVER (129),5060,WILMINGTON,9,Septiembre,26,2022,9,48,US-117 SHIPYARD BLVD,2,US Highway,Urbano,Arteria Principal,State Highway Agency,1,Sin jurisdiccion especial,0,34.198925,-77.891825,Barda,El primer evento no fue una colision con un vehiculo automotor en transporte,Four-Way Intersection,Interseccion de 4 direcciones,En el medio,Ninguna,Dia total,Despejado,No,NO APLICA,99,99,99,99,1,26/09/2022,1
37,North Carolina,371060,1,1,1,0,145,PERSON (145),4010,ROXBORO,9,Septiembre,27,2022,20,10,SR-157 HURDLE MILLS RD,3,Highway estatal,Urbano,Colector Mayor,State Highway Agency,0,Sin jurisdiccion especial,104,36.37461389,-78.98974167,No vehiculo o remolque,El primer evento no fue una colision con un vehiculo automotor en transporte,Not an Intersection,No fue interseccion,Sobre calle,Ninguna,Oscuro con iluminacion,Despejado,No,NO APLICA,99,99,99,99,1,27/09/2022,1
37,North Carolina,371061,0,0,2,0,119,MECKLENBURG (119),870,CHARLOTTE,9,Septiembre,29,2022,18,28,BALLANTYNE COMMONS PKWY,6,Calle Local Municipalidad,Urbano,Local,City or Municipal Highway Agency,0,Sin jurisdiccion especial,1,35.05502222,-80.84696944,Vehiculo en movimiento,Angulo,T-Intersection,Interseccion de T,Sobre calle,Construccion,Dia total,Nublado,No,NO APLICA,18,27,18,35,1,29/09/2022,2
37,North Carolina,371062,0,0,2,0,151,RANDOLPH (151),0,NO APLICA,9,Septiembre,29,2022,2,3,I-85,1,Interestatal,Rural,Interestatal,State Highway Agency,1,Sin jurisdiccion especial,24,35.89405833,-79.97685556,Soporte de Puente,El primer evento no fue una colision con un vehiculo automotor en transporte,Not an Intersection,No fue interseccion,En el medio,Ninguna,Oscuro sin iluminacion,Despejado,No,NO APLICA,1,56,2,6,1,29/09/2022,2
37,North Carolina,371064,0,0,2,0,71,GASTON (71),1180,DALLAS,9,Septiembre,22,2022,20,13,SR-279,3,Highway estatal,Urbano,Arteria Menor,State Highway Agency,0,Sin jurisdiccion especial,173,35.316,-81.20176944,Vehiculo en movimiento,Golpe Lateral - misma direccion,Not an Intersection,No fue interseccion,Sobre calle,Ninguna,Oscuro con iluminacion,Despejado,No,NO APLICA,20,14,20,24,1,22/09/2022,2
37,North Carolina,371065,1,1,1,0,183,WAKE (183),3750,RALEIGH,9,Septiembre,23,2022,0,36,SR-401 CAPITAL BLVD,3,Highway estatal,Urbano,Arteria Principal,State Highway Agency,1,Sin jurisdiccion especial,236,35.81240833,-78.60885556,Peaton,El primer evento no fue una colision con un vehiculo automotor en transporte,Not an Intersection,No fue interseccion,Sobre calle,Ninguna,Oscuro con iluminacion,Despejado,No,NO APLICA,0,36,0,47,1,23/09/2022,1
37,North Carolina,371066,0,0,3,0,17,BLADEN (17),1470,ELIZABETHTOWN,9,Septiembre,13,2022,18,5,US-701 POPLAR ST,2,US Highway,Urbano,Arteria Principal,State Highway Agency,1,Sin jurisdiccion especial,117,34.63021944,-78.604775,Vehiculo en movimiento,Golpe Lateral - direccion contraria,Not an Intersection,No fue interseccion,Sobre calle,Construccion,Dia total,Despejado,No,NO APLICA,99,99,99,99,1,13/09/2022,5
37,North Carolina,371067,0,0,2,0,85,HARNETT (85),0,NO APLICA,9,Septiembre,22,2022,18,43,SSR-1712 HOBSON RD,8,Otro,Rural,Local,State Highway Agency,0,Sin jurisdiccion especial,24,35.356375,-78.59731111,Vehiculo en movimiento,Angulo,Four-Way Intersection,Interseccion de 4 direcciones,Sobre calle,Ninguna,Dia total,Despejado,No,NO APLICA,18,55,19,9,1,22/09/2022,3
37,North Carolina,371068,0,0,1,0,101,JOHNSTON (101),930,CLAYTON,9,Septiembre,30,2022,15,54,SSR-1700 COVERED BRIDGE RD,8,Otro,Urbano,Local,State Highway Agency,0,Sin jurisdiccion especial,13,35.67441389,-78.45428333,Suelo,El primer evento no fue una colision con un vehiculo automotor en transporte,Not an Intersection,No fue interseccion,Sobre el lado de la calle,Ninguna,Dia total,lluvia,No,NO APLICA,15,54,16,1,1,30/09/2022,1
37,North Carolina,371069,0,0,2,0,151,RANDOLPH (151),0,NO APLICA,8,Agosto,30,2022,13,46,SSR-1553 OLD MOUTAIN RD,8,Otro,Rural,Local,State Highway Agency,0,Sin jurisdiccion especial,25,35.8308,-80.02757778,Vehiculo en movimiento,Frente a frente,Not an Intersection,No fue interseccion,Sobre calle,Ninguna,Dia total,Despejado,No,NO APLICA,99,99,99,99,1,30/08/2022,4
37,North Carolina,371070,1,1,1,0,147,PITT (147),1950,GREENVILLE,1,Enero,17,2022,17,47,E 10TH ST,6,Calle Local Municipalidad,Urbano,Arteria Menor,State Highway Agency,0,Sin jurisdiccion especial,123,35.59996389,-77.33405,Peaton,El primer evento no fue una colision con un vehiculo automotor en transporte,Not an Intersection,No fue interseccion,Sobre calle,Ninguna,Dia total,Nublado,No,NO APLICA,15,47,15,51,1,17/01/2022,1
37,North Carolina,371071,0,0,1,0,155,ROBESON (155),0,NO APLICA,2,Febrero,17,2022,21,14,SR-72,3,Highway estatal,Rural,Arteria Menor,State Highway Agency,0,Sin jurisdiccion especial,78,34.55852222,-78.97283611,Arbol,El primer evento no fue una colision con un vehiculo automotor en transporte,Not an Intersection,No fue interseccion,Sobre el lado de la calle,Ninguna,Oscuro sin iluminacion,Nublado,No,NO APLICA,21,14,21,24,1,17/02/2022,1
37,North Carolina,371072,1,1,1,0,119,MECKLENBURG (119),870,CHARLOTTE,2,Febrero,17,2022,6,20,I-85,1,Interestatal,Urbano,Interestatal,State Highway Agency,1,Sin jurisdiccion especial,165,35.24164167,-80.93594444,Peaton,El primer evento no fue una colision con un vehiculo automotor en transporte,Not an Intersection,No fue interseccion,Sobre calle,Ninguna,Oscuro con iluminacion,Neblina o Humo,No,NO APLICA,6,12,6,23,1,17/02/2022,1
37,North Carolina,371073,0,0,2,0,51,CUMBERLAND (51),0,NO APLICA,3,Marzo,3,2022,7,56,SR-210,3,Highway estatal,Rural,Colector Mayor,State Highway Agency,0,Sin jurisdiccion especial,0,34.95926944,-78.63817778,Vehiculo en movimiento,Angulo,Four-Way Intersection,Interseccion de 4 direcciones,Sobre calle,Ninguna,Dia total,Despejado,No,NO APLICA,22,28,22,34,1,03/03/2022,2
37,North Carolina,371074,0,0,2,0,45,CLEVELAND (45),4180,SHELBY,2,Febrero,6,2022,12,30,SSR-1958 N DEKALB ST,8,Otro,Urbano,Arteria Principal,State Highway Agency,1,Sin jurisdiccion especial,2,35.29460278,-81.53623333,Vehiculo en movimiento,Angulo,Four-Way Intersection,Interseccion de 4 direcciones,Sobre calle,Ninguna,Dia total,Despejado,No,NO APLICA,99,99,99,99,1,06/02/2022,3
37,North Carolina,371076,0,0,2,0,183,WAKE (183),0,NO APLICA,4,Abril,16,2022,2,3,SSR-1006 OLD STAGE RD,8,Otro,Rural,Arteria Menor,State Highway Agency,0,Sin jurisdiccion especial,114,35.68677778,-78.65172778,Vehiculo en movimiento,Frente a frente,Not an Intersection,No fue interseccion,Sobre calle,Ninguna,Oscuro sin iluminacion,Despejado,No,NO APLICA,2,6,2,16,1,16/04/2022,2
37,North Carolina,371077,0,0,2,0,193,WILKES (193),3370,NORTH WILKESBORO,5,Mayo,5,2022,9,15,SR-18,3,Highway estatal,Urbano,Arteria Menor,State Highway Agency,0,Sin jurisdiccion especial,0,36.18459722,-81.1498,Vehiculo en movimiento,Angulo,Four-Way Intersection,Interseccion de 4 direcciones,Sobre calle,Ninguna,Dia total,Despejado,No,NO APLICA,9,18,9,26,1,05/05/2022,2