Estado,Nombre de Estado,Numero de Caso,Peatones,Personas _no_vehiculos,Vehiculos automotores,Vehiculos estacionados,Condado,Nombre Condado,Ciudad,Nombre Ciudad,Mes,Nombre Mes,Dia,Año,Hora,Minuto,Calle,Ruta,Nombre Ruta,Rural o Urbanoo,Sistema Funcional,Dueño Calle,Sistema Nacional Carreteras,Jurisdiccion Especial,Milla,Latitud,Longitud,Causa del Accidente,Tipo de Accidente,Tipo Interseccion,Columna1,Lugar en la calle,Zona de Trabajo,Luz,Clima,Autobus Escolar,Cruce de Trenes,Hora Notificacion,Minuto Notificacion,Hora Llegada,Minuto Llegada,Decesos,Fecha,PersonaVehiculo
37,North Carolina,371078,0,0,2,0,81,GUILFORD (81),1940,GREENSBORO,5,Mayo,30,2022,6,24,US-29 BUS,2,US Highway,Urbano,Arterial Principal -Freeway o ExpressWay,State Highway Agency,1,Sin jurisdiccion especial,1,36.06515278,-79.76709444,Poste de Señal de trafico,El primer evento no fue una colision con un vehiculo automotor en transporte,Not an Intersection,No fue interseccion,Isla de trafico para peatones,Ninguna,Dia total,Despejado,No,NO APLICA,6,24,6,30,1,30/05/2022,5
37,North Carolina,371079,0,0,2,0,183,WAKE (183),3750,RALEIGH,9,Septiembre,16,2022,1,37,SSR-2542 ROCK QUARRY RD,8,Otro,Urbano,Arteria Menor,State Highway Agency,0,Sin jurisdiccion especial,40,35.73305833,-78.56016667,Barrera de Trafico de Concreto,El primer evento no fue una colision con un vehiculo automotor en transporte,Not an Intersection,No fue interseccion,En el medio,Construccion,Oscuro sin iluminacion,Despejado,No,NO APLICA,1,33,1,42,1,16/09/2022,2
37,North Carolina,371080,0,0,2,0,63,DURHAM (63),1360,DURHAM,10,Octubre,10,2022,19,52,SR-157 GUESS RD,3,Highway estatal,Urbano,Arteria Menor,State Highway Agency,0,Sin jurisdiccion especial,99998,36.03066667,-78.92781667,Vehiculo en movimiento,Angulo,Four-Way Intersection,Interseccion de 4 direcciones,Sobre calle,Ninguna,Oscuro con iluminacion,Despejado,No,NO APLICA,19,56,20,2,1,10/10/2022,2
37,North Carolina,371081,1,1,1,0,155,ROBESON (155),4000,ROWLAND,10,Octubre,19,2022,11,53,SR-130 E MAIN ST,3,Highway estatal,Urbano,Arteria Menor,State Highway Agency,0,Sin jurisdiccion especial,99998,34.53712778,-79.29244722,Vehiculo Ferrocarril,El primer evento no fue una colision con un vehiculo automotor en transporte,Not an Intersection,No fue interseccion,Sobre calle,Ninguna,Dia total,Despejado,No,629619L,99,99,99,99,1,19/10/2022,1
37,North Carolina,371082,1,1,1,0,191,WAYNE (191),1880,GOLDSBORO,10,Octubre,27,2022,15,51,BEECH ST,8,Otro,Urbano,Colector Mayor,City or Municipal Highway Agency,0,Sin jurisdiccion especial,99998,35.38431944,-77.97558611,Ciclista,El primer evento no fue una colision con un vehiculo automotor en transporte,Not an Intersection,No fue interseccion,Sobre calle,Ninguna,Dia total,Despejado,No,NO APLICA,99,99,99,99,1,27/10/2022,1
37,North Carolina,371083,0,0,1,0,17,BLADEN (17),0,NO APLICA,10,Octubre,22,2022,17,51,SSR-1524 SUSIE SAND HILL RD,8,Otro,Rural,Local,State Highway Agency,0,Sin jurisdiccion especial,23,34.75284167,-78.49364722,Culvert,El primer evento no fue una colision con un vehiculo automotor en transporte,Not an Intersection,No fue interseccion,Sobre el lado de la calle,Ninguna,Dia total,Despejado,No,NO APLICA,99,99,99,99,1,22/10/2022,3
37,North Carolina,371084,0,0,3,1,21,BUNCOMBE (21),170,ASHEVILLE,9,Septiembre,30,2022,13,16,US-19,2,US Highway,Urbano,Arteria Principal,State Highway Agency,1,Sin jurisdiccion especial,105,35.58632778,-82.59960556,Vehiculo en movimiento,Angulo,Not an Intersection,No fue interseccion,Sobre calle,Ninguna,Dia total,Nublado,No,NO APLICA,13,23,13,25,2,30/09/2022,4
37,North Carolina,371085,0,0,1,0,117,MARTIN (117),0,NO APLICA,9,Septiembre,30,2022,21,51,SSR-1313 ROBERT EVERETT RD,8,Otro,Rural,Local,State Highway Agency,0,Sin jurisdiccion especial,16,35.88390833,-77.23224167,Fin de valla,El primer evento no fue una colision con un vehiculo automotor en transporte,T-Intersection,Interseccion de T,Sobre el lado de la calle,Ninguna,Oscuro sin iluminacion,lluvia,No,NO APLICA,99,99,99,99,1,30/09/2022,1
37,North Carolina,371086,0,0,1,0,35,CATAWBA (35),0,NO APLICA,9,Septiembre,30,2022,23,8,SSR-1682 24TH ST PL NE,8,Otro,Rural,Local,State Highway Agency,0,Sin jurisdiccion especial,0,35.78166389,-81.282825,Calle mal pavimentada,El primer evento no fue una colision con un vehiculo automotor en transporte,Not an Intersection,No fue interseccion,Sobre calle,Ninguna,Oscuro sin iluminacion,lluvia,No,NO APLICA,9,44,9,54,1,30/09/2022,1
37,North Carolina,371087,0,0,1,0,45,CLEVELAND (45),0,NO APLICA,9,Septiembre,1,2022,5,5,SSR-1001,8,Otro,Rural,Colector Mayor,State Highway Agency,0,Sin jurisdiccion especial,99998,35.26395556,-81.42513889,Arbol,El primer evento no fue una colision con un vehiculo automotor en transporte,Not an Intersection,No fue interseccion,Sobre el lado de la calle,Ninguna,Oscuro sin iluminacion,Despejado,No,NO APLICA,99,99,99,99,1,01/09/2022,1
37,North Carolina,371088,0,0,1,0,51,CUMBERLAND (51),0,NO APLICA,9,Septiembre,3,2022,23,45,I-95,1,Interestatal,Rural,Interestatal,State Highway Agency,1,Sin jurisdiccion especial,93,34.99581667,-78.83040278,Otro objeto (no fijo),El primer evento no fue una colision con un vehiculo automotor en transporte,Not an Intersection,No fue interseccion,Sobre calle,Ninguna,Oscuro sin iluminacion,Despejado,No,NO APLICA,99,99,99,99,2,03/09/2022,5
37,North Carolina,371089,0,0,1,0,161,RUTHERFORD (161),0,NO APLICA,9,Septiembre,2,2022,13,20,SSR-1561,8,Otro,Urbano,Local,State Highway Agency,0,Sin jurisdiccion especial,99998,35.39493611,-81.84953333,Acotamiento,El primer evento no fue una colision con un vehiculo automotor en transporte,Not an Intersection,No fue interseccion,Sobre el lado de la calle,Ninguna,Dia total,Despejado,No,NO APLICA,99,99,99,99,1,02/09/2022,1
37,North Carolina,371090,0,0,1,0,165,SCOTLAND (165),0,NO APLICA,9,Septiembre,25,2022,3,31,SSR-1100 LEISURE RD,8,Otro,Urbano,Local,State Highway Agency,0,Sin jurisdiccion especial,17,34.7176,-79.53353611,Zanja,El primer evento no fue una colision con un vehiculo automotor en transporte,Not an Intersection,No fue interseccion,Sobre el lado de la calle,Ninguna,Oscuro sin iluminacion,Despejado,No,NO APLICA,99,99,99,99,1,25/09/2022,1
37,North Carolina,371091,0,0,2,0,87,HAYWOOD (87),0,NO APLICA,8,Agosto,5,2022,15,42,US-23,2,US Highway,Rural,Arterial Principal -Freeway o ExpressWay,State Highway Agency,1,Sin jurisdiccion especial,85,35.49500556,-83.00198611,Vehiculo en movimiento,Frente a Detrás,Not an Intersection,No fue interseccion,Sobre calle,Ninguna,Dia total,Despejado,No,NO APLICA,15,42,15,44,1,05/08/2022,5
37,North Carolina,371092,0,0,2,0,195,WILSON (195),5070,WILSON,3,Marzo,23,2022,23,34,I-95,1,Interestatal,Urbano,Interestatal,State Highway Agency,1,Sin jurisdiccion especial,29,35.76840833,-78.00418611,Vehiculo en movimiento,Golpe Lateral - misma direccion,Not an Intersection,No fue interseccion,Sobre calle,Ninguna,Oscuro con iluminacion,Despejado,No,NO APLICA,99,99,99,99,2,23/03/2022,3
37,North Carolina,371093,0,0,1,0,167,STANLY (167),60,ALBEMARLE,9,Septiembre,17,2022,0,3,SSR-1625 E MAIN ST,8,Otro,Urbano,Arteria Menor,State Highway Agency,0,Sin jurisdiccion especial,3,35.3501,-80.19317222,Volcadura,El primer evento no fue una colision con un vehiculo automotor en transporte,T-Intersection,Interseccion de T,Sobre calle,Ninguna,Oscuro sin iluminacion,Despejado,No,NO APLICA,99,99,99,99,1,17/09/2022,1
37,North Carolina,371094,0,0,1,0,129,NEW HANOVER (129),5060,WILMINGTON,10,Octubre,16,2022,16,22,RANDALL PKWY,8,Otro,Urbano,Arteria Menor,City or Municipal Highway Agency,0,Sin jurisdiccion especial,99998,34.23084722,-77.89836667,Volcadura,El primer evento no fue una colision con un vehiculo automotor en transporte,Not an Intersection,No fue interseccion,En el medio,Ninguna,Dia total,Despejado,No,NO APLICA,99,99,99,99,1,16/10/2022,1
37,North Carolina,371095,0,0,2,0,129,NEW HANOVER (129),5060,WILMINGTON,10,Octubre,19,2022,19,36,COVIL AVE,6,Calle Local Municipalidad,Urbano,Arteria Principal,City or Municipal Highway Agency,1,Sin jurisdiccion especial,1,34.23080556,-77.90451111,Vehiculo en movimiento,Frente a frente,Not an Intersection,No fue interseccion,Sobre calle,Ninguna,Oscuro con iluminacion,Despejado,No,NO APLICA,99,99,99,99,1,19/10/2022,2
37,North Carolina,371096,0,0,2,0,133,ONSLOW (133),0,NO APLICA,9,Septiembre,29,2022,18,17,SSR-1406 PINEY GREEN RD,8,Otro,Rural,Arteria Menor,State Highway Agency,0,Sin jurisdiccion especial,8,34.7276,-77.32101111,Vehiculo en movimiento,Frente a frente,T-Intersection,Interseccion de T,Sobre calle,Ninguna,Dia total,Nublado,No,NO APLICA,18,11,18,19,1,29/09/2022,2
37,North Carolina,371098,0,0,2,0,1,ALAMANCE (1),2990,MEBANE,10,Octubre,23,2022,21,8,I-40,1,Interestatal,Urbano,Interestatal,State Highway Agency,1,Sin jurisdiccion especial,127,36.06563889,-79.31602222,Vehiculo en movimiento,Frente a frente,Not an Intersection,No fue interseccion,Sobre calle,Ninguna,Oscuro con iluminacion,Despejado,No,NO APLICA,21,7,21,16,1,23/10/2022,3
37,North Carolina,371099,0,0,2,0,3,ALEXANDER (3),0,NO APLICA,10,Octubre,16,2022,9,45,SSR-1610 MILLERSVILLE RD,8,Otro,Rural,Colector Menor,State Highway Agency,0,Sin jurisdiccion especial,66,35.85258056,-81.18081389,Vehiculo en movimiento,Angulo,Not an Intersection,No fue interseccion,Sobre calle,Ninguna,Dia total,Despejado,No,NO APLICA,99,99,99,99,1,16/10/2022,3
37,North Carolina,371100,0,0,2,0,3,ALEXANDER (3),0,NO APLICA,10,Octubre,9,2022,16,12,SSR-1128 BARRETT MOUNTAIN RD,8,Otro,Rural,Local,State Highway Agency,0,Sin jurisdiccion especial,9,35.88180278,-81.23720278,Vehiculo en movimiento,Frente a frente,Not an Intersection,No fue interseccion,Sobre calle,Ninguna,Dia total,Despejado,No,NO APLICA,99,99,99,99,1,09/10/2022,2
37,North Carolina,371101,0,0,1,0,7,ANSON (7),0,NO APLICA,10,Octubre,30,2022,22,20,SSR-1812 DIGGS RD,8,Otro,Rural,Colector Menor,State Highway Agency,0,Sin jurisdiccion especial,59,34.89475556,-79.98010278,Poste,El primer evento no fue una colision con un vehiculo automotor en transporte,Not an Intersection,No fue interseccion,Sobre el lado de la calle,Ninguna,Oscuro sin iluminacion,lluvia,No,NO APLICA,9,13,9,23,1,30/10/2022,3
37,North Carolina,371102,1,1,1,0,17,BLADEN (17),0,NO APLICA,10,Octubre,1,2022,21,20,SR-410,3,Highway estatal,Rural,Colector Mayor,State Highway Agency,0,Sin jurisdiccion especial,52,34.53001944,-78.79910833,Peaton,El primer evento no fue una colision con un vehiculo automotor en transporte,Not an Intersection,No fue interseccion,Sobre calle,Ninguna,Oscuro sin iluminacion,Despejado,No,NO APLICA,99,99,99,99,1,01/10/2022,2
37,North Carolina,371103,0,0,2,0,19,BRUNSWICK (19),0,NO APLICA,10,Octubre,3,2022,17,37,US-17,2,US Highway,Rural,Arteria Principal,State Highway Agency,1,Sin jurisdiccion especial,267,34.06125556,-78.20293056,Vehiculo en movimiento,Frente a frente,Not an Intersection,No fue interseccion,Sobre calle,Ninguna,Dia total,Despejado,No,NO APLICA,17,31,17,43,1,03/10/2022,3
37,North Carolina,371104,1,1,1,0,19,BRUNSWICK (19),0,NO APLICA,10,Octubre,6,2022,6,40,SSR-1134 GRAY BRIDGE RD SW,8,Otro,Rural,Local,State Highway Agency,0,Sin jurisdiccion especial,4,33.95530278,-78.34429722,Peaton,El primer evento no fue una colision con un vehiculo automotor en transporte,Not an Intersection,No fue interseccion,Sobre calle,Ninguna,Oscuro sin iluminacion,Despejado,No,NO APLICA,6,37,6,48,1,06/10/2022,2
37,North Carolina,371105,0,0,1,0,21,BUNCOMBE (21),0,NO APLICA,10,Octubre,15,2022,14,46,SR-694,3,Highway estatal,Rural,Arteria Menor,State Highway Agency,0,Sin jurisdiccion especial,239,35.66828056,-82.47244444,Arbol,El primer evento no fue una colision con un vehiculo automotor en transporte,Not an Intersection,No fue interseccion,Sobre el lado de la calle,Ninguna,Dia total,Despejado,No,NO APLICA,14,33,14,50,1,15/10/2022,2
37,North Carolina,371106,0,0,1,0,25,CABARRUS (25),1040,CONCORD,10,Octubre,25,2022,1,17,SSR-1394 POPLAR TENT RD,8,Otro,Urbano,Arteria Menor,State Highway Agency,0,Sin jurisdiccion especial,44,35.40169444,-80.69753056,Otro objeto (fijo),El primer evento no fue una colision con un vehiculo automotor en transporte,Not an Intersection,No fue interseccion,Isla de trafico para peatones,Ninguna,Oscuro con iluminacion,Despejado,No,NO APLICA,1,22,1,28,1,25/10/2022,1
37,North Carolina,371107,0,0,1,0,31,CARTERET (31),0,NO APLICA,10,Octubre,20,2022,21,28,SR-101,3,Highway estatal,Rural,Arteria Menor,State Highway Agency,0,Sin jurisdiccion especial,30,34.76690833,-76.65936389,Zanja,El primer evento no fue una colision con un vehiculo automotor en transporte,Not an Intersection,No fue interseccion,Sobre el lado de la calle,Ninguna,Oscuro sin iluminacion,Despejado,No,NO APLICA,21,21,21,28,3,20/10/2022,3
37,North Carolina,371108,1,1,1,0,31,CARTERET (31),0,NO APLICA,10,Octubre,30,2022,19,37,SR-24,3,Highway estatal,Rural,Arteria Principal,State Highway Agency,1,Sin jurisdiccion especial,106,34.72476111,-76.94110833,Peaton,El primer evento no fue una colision con un vehiculo automotor en transporte,Not an Intersection,No fue interseccion,Sobre calle,Ninguna,Oscuro sin iluminacion,Despejado,No,NO APLICA,19,28,19,29,1,30/10/2022,1
37,North Carolina,371109,1,1,1,0,35,CATAWBA (35),0,NO APLICA,10,Octubre,9,2022,1,25,US-321,2,US Highway,Rural,Arterial Principal -Freeway o ExpressWay,State Highway Agency,1,Sin jurisdiccion especial,63,35.63104167,-81.29382778,Peaton,El primer evento no fue una colision con un vehiculo automotor en transporte,Not an Intersection,No fue interseccion,Sobre calle,Ninguna,Oscuro sin iluminacion,Despejado,No,NO APLICA,1,25,1,36,1,09/10/2022,2
37,North Carolina,371110,0,0,2,0,35,CATAWBA (35),0,NO APLICA,10,Octubre,14,2022,15,6,SSR-1849 MT PLEASANT RD,8,Otro,Rural,Local,State Highway Agency,0,Sin jurisdiccion especial,16,35.58886111,-81.02075278,Vehiculo en movimiento,Angulo,Not an Intersection,No fue interseccion,Sobre calle,Ninguna,Dia total,Despejado,No,NO APLICA,15,5,15,16,1,14/10/2022,2
37,North Carolina,371111,0,0,3,0,37,CHATHAM (37),0,NO APLICA,10,Octubre,14,2022,17,8,US-64,2,US Highway,Rural,Arteria Principal,State Highway Agency,1,Sin jurisdiccion especial,352,35.74107778,-78.94966944,Vehiculo en movimiento,Angulo,Four-Way Intersection,Interseccion de 4 direcciones,Sobre calle,Ninguna,Dia total,Despejado,No,NO APLICA,99,99,99,99,1,14/10/2022,4
37,North Carolina,371112,0,0,2,0,37,CHATHAM (37),0,NO APLICA,10,Octubre,19,2022,20,13,US-15,2,US Highway,Rural,Arteria Principal,State Highway Agency,1,Sin jurisdiccion especial,217,35.84834167,-79.08976667,Vehiculo en movimiento,Frente a frente,Not an Intersection,No fue interseccion,Sobre calle,Ninguna,Oscuro con iluminacion,Despejado,No,NO APLICA,99,99,99,99,1,19/10/2022,2
37,North Carolina,371113,0,0,3,0,39,CHEROKEE (39),0,NO APLICA,10,Octubre,14,2022,12,21,US-19,2,US Highway,Rural,Arteria Principal,State Highway Agency,1,Sin jurisdiccion especial,0,35.12099167,-84.00023611,Vehiculo en movimiento,Angulo,Four-Way Intersection,Interseccion de 4 direcciones,Sobre calle,Ninguna,Dia total,Despejado,No,NO APLICA,12,9,12,16,1,14/10/2022,4
37,North Carolina,371114,0,0,1,0,41,CHOWAN (41),0,NO APLICA,10,Octubre,8,2022,20,38,SR-32,3,Highway estatal,Rural,Arteria Menor,State Highway Agency,0,Sin jurisdiccion especial,248,36.27239722,-76.65538056,Zanja,El primer evento no fue una colision con un vehiculo automotor en transporte,Not an Intersection,No fue interseccion,Sobre el lado de la calle,Ninguna,Oscuro sin iluminacion,Despejado,No,NO APLICA,99,99,99,99,1,08/10/2022,2
37,North Carolina,371115,0,0,2,0,51,CUMBERLAND (51),0,NO APLICA,10,Octubre,4,2022,12,35,SSR-2254 ODOM RD,8,Otro,Rural,Local,State Highway Agency,0,Sin jurisdiccion especial,14,34.87618611,-78.88897778,Vehiculo en movimiento,Frente a Detrás,Not an Intersection,No fue interseccion,Sobre calle,Ninguna,Dia total,Despejado,No,NO APLICA,99,99,99,99,1,04/10/2022,2
37,North Carolina,371116,0,0,1,0,51,CUMBERLAND (51),0,NO APLICA,10,Octubre,31,2022,19,16,SSR-1003 CAMDEN RD,8,Otro,Rural,Arteria Menor,State Highway Agency,0,Sin jurisdiccion especial,66,34.97387778,-79.00633056,Arbol,El primer evento no fue una colision con un vehiculo automotor en transporte,Not an Intersection,No fue interseccion,Sobre el lado de la calle,Ninguna,Oscuro sin iluminacion,Nublado,No,NO APLICA,99,99,99,99,1,31/10/2022,1
37,North Carolina,371117,1,1,1,0,55,DARE (55),2435,KILL DEVIL HILLS,10,Octubre,31,2022,22,11,US-158,2,US Highway,Urbano,Arteria Principal,State Highway Agency,1,Sin jurisdiccion especial,75,36.04201944,-75.67787778,Ciclista,El primer evento no fue una colision con un vehiculo automotor en transporte,Four-Way Intersection,Interseccion de 4 direcciones,Sobre calle,Ninguna,Oscuro con iluminacion,Despejado,No,NO APLICA,99,99,99,99,1,31/10/2022,1
37,North Carolina,371118,0,0,1,0,57,DAVIDSON (57),0,NO APLICA,10,Octubre,23,2022,4,40,SSR-1757 CHESTNUT ST,8,Otro,Rural,Arteria Menor,State Highway Agency,0,Sin jurisdiccion especial,21,35.95212222,-80.06128889,Culvert,El primer evento no fue una colision con un vehiculo automotor en transporte,Not an Intersection,No fue interseccion,Sobre el lado de la calle,Ninguna,Oscuro sin iluminacion,Despejado,No,NO APLICA,4,39,4,51,1,23/10/2022,1
37,North Carolina,371119,0,0,1,0,57,DAVIDSON (57),0,NO APLICA,10,Octubre,24,2022,23,42,SSR-1763 BURTON RD,8,Otro,Rural,Arteria Menor,State Highway Agency,0,Sin jurisdiccion especial,10,35.94065833,-80.06378611,Edificio,El primer evento no fue una colision con un vehiculo automotor en transporte,Not an Intersection,No fue interseccion,Sobre el lado de la calle,Ninguna,Oscuro sin iluminacion,Despejado,No,NO APLICA,21,16,21,28,1,24/10/2022,1
37,North Carolina,371121,1,1,1,0,61,DUPLIN (61),0,NO APLICA,10,Octubre,9,2022,22,51,SR-24,3,Highway estatal,Rural,Arteria Principal,State Highway Agency,1,Sin jurisdiccion especial,163,34.96081111,-77.92826111,Peaton,El primer evento no fue una colision con un vehiculo automotor en transporte,Not an Intersection,No fue interseccion,Sobre calle,Ninguna,Oscuro sin iluminacion,Despejado,No,NO APLICA,99,99,99,99,1,09/10/2022,1
37,North Carolina,371122,0,0,2,0,61,DUPLIN (61),0,NO APLICA,10,Octubre,12,2022,10,58,SR-11,3,Highway estatal,Rural,Colector Mayor,State Highway Agency,0,Sin jurisdiccion especial,119,34.87515,-77.970925,Vehiculo en movimiento,Frente a Detrás,Not an Intersection,No fue interseccion,Sobre calle,Ninguna,Dia total,Despejado,No,NO APLICA,99,99,99,99,1,12/10/2022,4
37,North Carolina,371123,0,0,3,0,61,DUPLIN (61),0,NO APLICA,10,Octubre,14,2022,12,59,SR-11,3,Highway estatal,Rural,Colector Mayor,State Highway Agency,0,Sin jurisdiccion especial,257,35.05738611,-77.82525278,Vehiculo en movimiento,Angulo,T-Intersection,Interseccion de T,Sobre calle,Ninguna,Dia total,Despejado,No,NO APLICA,99,99,99,99,1,14/10/2022,4
37,North Carolina,371124,0,0,1,0,63,DURHAM (63),0,NO APLICA,10,Octubre,5,2022,15,33,I-85,1,Interestatal,Rural,Interestatal,State Highway Agency,1,Sin jurisdiccion especial,124,36.05947222,-78.79266667,Volcadura,El primer evento no fue una colision con un vehiculo automotor en transporte,Not an Intersection,No fue interseccion,Sobre el lado de la calle,Ninguna,Dia total,Despejado,No,NO APLICA,15,31,15,44,1,05/10/2022,1
37,North Carolina,371125,0,0,2,0,63,DURHAM (63),1360,DURHAM,10,Octubre,10,2022,21,15,US-70 BUS,2,US Highway,Urbano,Arteria Principal,State Highway Agency,1,Sin jurisdiccion especial,11,36.03355833,-78.96708333,Vehiculo en movimiento,Golpe Lateral - direccion contraria,Not an Intersection,No fue interseccion,Sobre calle,Ninguna,Dia total,Despejado,No,NO APLICA,21,16,21,18,1,10/10/2022,2
37,North Carolina,371126,0,0,2,0,63,DURHAM (63),1360,DURHAM,10,Octubre,11,2022,16,10,SSR-1317 NEAL RD,8,Otro,Urbano,Local,State Highway Agency,0,Sin jurisdiccion especial,25,36.02913056,-78.97332222,Vehiculo en movimiento,Frente a frente,Not an Intersection,No fue interseccion,Sobre calle,Ninguna,Dia total,Despejado,No,NO APLICA,16,17,16,27,1,11/10/2022,3
37,North Carolina,371127,1,1,2,0,63,DURHAM (63),1360,DURHAM,10,Octubre,27,2022,19,24,SR-751 CAMERON BLVD,3,Highway estatal,Urbano,Arteria Menor,State Highway Agency,0,Sin jurisdiccion especial,114,35.99905278,-78.95972778,Peaton,El primer evento no fue una colision con un vehiculo automotor en transporte,Not an Intersection,No fue interseccion,Sobre calle,Ninguna,Oscuro sin iluminacion,Despejado,No,NO APLICA,19,26,19,32,1,27/10/2022,2
37,North Carolina,371128,0,0,1,0,63,DURHAM (63),1360,DURHAM,10,Octubre,28,2022,23,49,SSR-1118 FAYETTEVILLE ST,8,Otro,Urbano,Arteria Menor,State Highway Agency,0,Sin jurisdiccion especial,99998,35.95780278,-78.90995,Banqueta,El primer evento no fue una colision con un vehiculo automotor en transporte,Not an Intersection,No fue interseccion,Sobre el lado de la calle,Ninguna,Oscuro con iluminacion,Nublado,No,NO APLICA,99,99,99,99,2,28/10/2022,3
37,North Carolina,371129,0,0,1,0,65,EDGECOMBE (65),0,NO APLICA,10,Octubre,29,2022,3,53,SR-43,3,Highway estatal,Rural,Colector Mayor,State Highway Agency,0,Sin jurisdiccion especial,54,35.75412222,-77.54775,Zanja,El primer evento no fue una colision con un vehiculo automotor en transporte,Not an Intersection,No fue interseccion,Sobre el lado de la calle,Ninguna,Oscuro sin iluminacion,Nublado,No,NO APLICA,99,99,99,99,1,29/10/2022,1
37,North Carolina,371130,0,0,2,0,65,EDGECOMBE (65),0,NO APLICA,10,Octubre,28,2022,13,10,SR-33,3,Highway estatal,Rural,Colector Mayor,State Highway Agency,0,Sin jurisdiccion especial,32,35.803525,-77.53870556,Vehiculo en movimiento,Frente a frente,Not an Intersection,No fue interseccion,Sobre calle,Ninguna,Dia total,Nublado,No,NO APLICA,13,0,13,10,2,28/10/2022,3
37,North Carolina,371131,0,0,1,0,69,FRANKLIN (69),0,NO APLICA,10,Octubre,13,2022,20,28,US-1,2,US Highway,Rural,Arteria Principal,State Highway Agency,1,Sin jurisdiccion especial,23,36.04157778,-78.49707778,Zanja,El primer evento no fue una colision con un vehiculo automotor en transporte,Four-Way Intersection,Interseccion de 4 direcciones,Sobre el lado de la calle,Ninguna,Oscuro sin iluminacion,Despejado,No,NO APLICA,99,99,99,99,1,13/10/2022,3
37,North Carolina,371132,0,0,1,0,69,FRANKLIN (69),0,NO APLICA,10,Octubre,17,2022,10,9,SSR-1210,8,Otro,Rural,Local,State Highway Agency,0,Sin jurisdiccion especial,99999,77.7777,777.7777,Zanja,El primer evento no fue una colision con un vehiculo automotor en transporte,Not an Intersection,No fue interseccion,Sobre el lado de la calle,Ninguna,Oscuro sin iluminacion,Nublado,No,NO APLICA,99,99,99,99,2,17/10/2022,2
37,North Carolina,371133,0,0,1,0,69,FRANKLIN (69),0,NO APLICA,10,Octubre,29,2022,19,57,SSR-1140,8,Otro,Rural,Local,State Highway Agency,0,Sin jurisdiccion especial,16,36.04605833,-78.52165,Acotamiento,El primer evento no fue una colision con un vehiculo automotor en transporte,Not an Intersection,No fue interseccion,Sobre el lado de la calle,Ninguna,Oscuro sin iluminacion,Despejado,No,NO APLICA,99,99,99,99,1,29/10/2022,2
37,North Carolina,371134,0,0,1,0,69,FRANKLIN (69),0,NO APLICA,10,Octubre,30,2022,20,59,SSR-1105 MAYS CROSSROADS RD,8,Otro,Rural,Colector Mayor,State Highway Agency,0,Sin jurisdiccion especial,39,36.06066389,-78.41054722,Zanja,El primer evento no fue una colision con un vehiculo automotor en transporte,Not an Intersection,No fue interseccion,Sobre el lado de la calle,Ninguna,Oscuro sin iluminacion,Despejado,No,NO APLICA,20,50,21,0,1,30/10/2022,1
37,North Carolina,371135,0,0,1,0,81,GUILFORD (81),0,NO APLICA,10,Octubre,9,2022,4,33,I-85,1,Interestatal,Rural,Interestatal,State Highway Agency,1,Sin jurisdiccion especial,169,36.00019722,-79.80099167,Culvert,El primer evento no fue una colision con un vehiculo automotor en transporte,Not an Intersection,No fue interseccion,Sobre el lado de la calle,Ninguna,Oscuro sin iluminacion,Despejado,No,NO APLICA,4,32,4,43,1,09/10/2022,1
37,North Carolina,371136,0,0,2,0,81,GUILFORD (81),1940,GREENSBORO,10,Octubre,9,2022,2,21,SSR-1007 RANDLEMAN RD,8,Otro,Urbano,Arteria Menor,State Highway Agency,0,Sin jurisdiccion especial,93,36.04282222,-79.80097222,Vehiculo en movimiento,Angulo,Not an Intersection,No fue interseccion,Sobre calle,Ninguna,Oscuro con iluminacion,Despejado,No,NO APLICA,2,22,2,27,1,09/10/2022,3
37,North Carolina,371137,0,0,2,0,81,GUILFORD (81),1940,GREENSBORO,10,Octubre,12,2022,10,11,S ELM-EUGENE ST,6,Calle Local Municipalidad,Urbano,Arteria Menor,State Highway Agency,0,Sin jurisdiccion especial,16,36.02588056,-79.79159167,Vehiculo en movimiento,Angulo,T-Intersection,Interseccion de T,Sobre calle,Ninguna,Dia total,Nublado,No,NO APLICA,10,22,10,30,1,12/10/2022,2
37,North Carolina,371138,2,2,1,0,81,GUILFORD (81),0,NO APLICA,10,Octubre,31,2022,19,2,SSR-2028 HAW RIVER RD,8,Otro,Rural,Colector Mayor,State Highway Agency,0,Sin jurisdiccion especial,23,36.20116944,-80.00622222,Peaton,El primer evento no fue una colision con un vehiculo automotor en transporte,Not an Intersection,No fue interseccion,Sobre calle,Ninguna,Oscuro sin iluminacion,Neblina o Humo,No,NO APLICA,19,1,19,21,1,31/10/2022,1
37,North Carolina,371139,0,0,2,0,83,HALIFAX (83),0,NO APLICA,10,Octubre,25,2022,21,45,I-95,1,Interestatal,Rural,Interestatal,State Highway Agency,1,Sin jurisdiccion especial,115,36.29679444,-77.71109722,Vehiculo en movimiento,Frente a Detrás,Not an Intersection,No fue interseccion,Sobre calle,Ninguna,Oscuro sin iluminacion,Despejado,No,NO APLICA,21,43,21,52,2,25/10/2022,6