Estado,Nombre de Estado,Numero de Caso,Peatones,Personas _no_vehiculos,Vehiculos automotores,Vehiculos estacionados,Condado,Nombre Condado,Ciudad,Nombre Ciudad,Mes,Nombre Mes,Dia,Año,Hora,Minuto,Calle,Ruta,Nombre Ruta,Rural o Urbanoo,Sistema Funcional,Dueño Calle,Sistema Nacional Carreteras,Jurisdiccion Especial,Milla,Latitud,Longitud,Causa del Accidente,Tipo de Accidente,Tipo Interseccion,Columna1,Lugar en la calle,Zona de Trabajo,Luz,Clima,Autobus Escolar,Cruce de Trenes,Hora Notificacion,Minuto Notificacion,Hora Llegada,Minuto Llegada,Decesos,Fecha,PersonaVehiculo
37,North Carolina,371140,0,0,1,0,85,HARNETT (85),0,NO APLICA,10,Octubre,7,2022,2,9,US-421,2,US Highway,Rural,Arteria Principal,State Highway Agency,1,Sin jurisdiccion especial,315,35.43875,-79.03975833,Zanja,El primer evento no fue una colision con un vehiculo automotor en transporte,Not an Intersection,No fue interseccion,Sobre el lado de la calle,Ninguna,Oscuro sin iluminacion,Despejado,No,NO APLICA,2,3,2,13,1,07/10/2022,1
37,North Carolina,371141,0,0,1,0,87,HAYWOOD (87),0,NO APLICA,10,Octubre,1,2022,12,45,SSR-1364 COLEMAN MT RD,8,Otro,Rural,Local,State Highway Agency,0,Sin jurisdiccion especial,19,35.58151944,-82.98425,Barda,El primer evento no fue una colision con un vehiculo automotor en transporte,Not an Intersection,No fue interseccion,Sobre el lado de la calle,Ninguna,Dia total,Despejado,No,NO APLICA,12,42,12,51,1,01/10/2022,1
37,North Carolina,371142,0,0,1,0,87,HAYWOOD (87),0,NO APLICA,10,Octubre,7,2022,12,21,US-276,2,US Highway,Rural,Arteria Principal,State Highway Agency,1,Sin jurisdiccion especial,134,35.46396389,-82.87099167,Arbol,El primer evento no fue una colision con un vehiculo automotor en transporte,Not an Intersection,No fue interseccion,Sobre el lado de la calle,Ninguna,Dia total,Despejado,No,NO APLICA,12,18,12,21,2,07/10/2022,2
37,North Carolina,371143,1,1,1,0,87,HAYWOOD (87),0,NO APLICA,10,Octubre,15,2022,11,28,US-19,2,US Highway,Rural,Arteria Principal,State Highway Agency,1,Sin jurisdiccion especial,111,35.52321389,-82.98166389,Peaton,El primer evento no fue una colision con un vehiculo automotor en transporte,Not an Intersection,No fue interseccion,Sobre calle,Ninguna,Dia total,Despejado,No,NO APLICA,12,27,12,32,1,15/10/2022,1
37,North Carolina,371144,0,0,1,0,87,HAYWOOD (87),0,NO APLICA,10,Octubre,23,2022,16,25,SR-215,3,Highway estatal,Rural,Colector Mayor,State Highway Agency,0,Sin jurisdiccion especial,243,35.52671667,-82.84178611,Volcadura,El primer evento no fue una colision con un vehiculo automotor en transporte,Not an Intersection,No fue interseccion,Sobre el lado de la calle,Ninguna,Dia total,Despejado,No,NO APLICA,16,15,16,26,1,23/10/2022,1
37,North Carolina,371145,0,0,4,3,91,HERTFORD (91),0,NO APLICA,10,Octubre,10,2022,3,25,SR-45,3,Highway estatal,Rural,Colector Mayor,State Highway Agency,0,Sin jurisdiccion especial,7,36.25488333,-76.76708333,Zanja,El primer evento no fue una colision con un vehiculo automotor en transporte,Not an Intersection,No fue interseccion,Sobre el lado de la calle,Ninguna,Oscuro sin iluminacion,Despejado,No,NO APLICA,99,99,99,99,1,10/10/2022,1
37,North Carolina,371146,0,0,3,0,93,HOKE (93),0,NO APLICA,10,Octubre,21,2022,15,49,SR-211,3,Highway estatal,Rural,Arteria Menor,State Highway Agency,0,Sin jurisdiccion especial,153,35.00564167,-79.30124722,Vehiculo en movimiento,Angulo,Not an Intersection,No fue interseccion,Sobre calle,Ninguna,Dia total,Despejado,No,NO APLICA,15,44,15,52,1,21/10/2022,4
37,North Carolina,371147,0,0,2,0,95,HYDE (95),0,NO APLICA,10,Octubre,20,2022,7,43,US-264 HWY,2,US Highway,Rural,Arteria Menor,State Highway Agency,0,Sin jurisdiccion especial,301,35.45634444,-76.13564444,Vehiculo en movimiento,Angulo,Not an Intersection,No fue interseccion,Sobre calle,Ninguna,Dia total,Despejado,No,NO APLICA,7,35,7,50,1,20/10/2022,4
37,North Carolina,371148,0,0,1,0,97,IREDELL (97),0,NO APLICA,10,Octubre,5,2022,16,3,SSR-1006 ISLAND FORD RD,8,Otro,Rural,Colector Menor,State Highway Agency,0,Sin jurisdiccion especial,75,35.78846111,-80.97340278,Arbol,El primer evento no fue una colision con un vehiculo automotor en transporte,Not an Intersection,No fue interseccion,Sobre el lado de la calle,Ninguna,Dia total,Despejado,No,NO APLICA,15,56,16,2,1,05/10/2022,1
37,North Carolina,371149,0,0,2,0,97,IREDELL (97),3110,MOORESVILLE,10,Octubre,20,2022,12,25,SSR-1254 TIMBER RD,8,Otro,Urbano,Local,State Highway Agency,0,Sin jurisdiccion especial,11,35.55824444,-80.81340278,Vehiculo en movimiento,Angulo,Not an Intersection,No fue interseccion,Sobre calle,Ninguna,Dia total,Despejado,No,NO APLICA,12,24,12,31,1,20/10/2022,6
37,North Carolina,371150,0,0,2,0,99,JACKSON (99),4540,SYLVA,10,Octubre,2,2022,13,8,SR-107,3,Highway estatal,Urbano,Arteria Principal,State Highway Agency,1,Sin jurisdiccion especial,335,35.36055556,-83.201625,Vehiculo en movimiento,Angulo,Not an Intersection,No fue interseccion,Sobre calle,Ninguna,Dia total,Despejado,No,NO APLICA,99,99,99,99,1,02/10/2022,4
37,North Carolina,371152,0,0,4,0,101,JOHNSTON (101),0,NO APLICA,10,Octubre,15,2022,18,37,SR-42,3,Highway estatal,Rural,Arteria Menor,State Highway Agency,0,Sin jurisdiccion especial,22,35.674175,-78.24438889,Vehiculo en movimiento,Angulo,Four-Way Intersection,Interseccion de 4 direcciones,Sobre calle,Ninguna,Oscuro sin iluminacion,Despejado,No,NO APLICA,17,59,18,14,1,15/10/2022,9
37,North Carolina,371153,0,0,2,0,105,LEE (105),0,NO APLICA,10,Octubre,31,2022,21,33,US-421,2,US Highway,Rural,Arteria Principal,State Highway Agency,1,Sin jurisdiccion especial,10,35.43904167,-79.07056667,Vehiculo en movimiento,Angulo,Not an Intersection,No fue interseccion,Sobre calle,Ninguna,Oscuro sin iluminacion,lluvia,No,NO APLICA,99,99,99,99,1,31/10/2022,2
37,North Carolina,371154,0,0,2,0,109,LINCOLN (109),0,NO APLICA,10,Octubre,10,2022,13,12,SSR-1113 REEPS GROVE CHURCH RD,8,Otro,Rural,Local,State Highway Agency,0,Sin jurisdiccion especial,26,35.53898889,-81.44969444,Vehiculo en movimiento,Frente a frente,T-Intersection,Interseccion de T,Sobre calle,Ninguna,Dia total,Despejado,No,NO APLICA,99,99,99,99,1,10/10/2022,2
37,North Carolina,371155,0,0,2,0,109,LINCOLN (109),2660,LINCOLNTON,10,Octubre,12,2022,9,21,SR-150 E MAIN ST,3,Highway estatal,Urbano,Arteria Principal,State Highway Agency,1,Sin jurisdiccion especial,176,35.4789,-81.22116667,Vehiculo en movimiento,Frente a frente,Not an Intersection,No fue interseccion,Sobre calle,Ninguna,Dia total,lluvia,No,NO APLICA,99,99,99,99,1,12/10/2022,2
37,North Carolina,371157,1,1,1,0,159,ROWAN (159),900,CHINA GROVE,10,Octubre,7,2022,6,58,US-29,2,US Highway,Urbano,Arteria Principal,State Highway Agency,1,Sin jurisdiccion especial,150,35.56984722,-80.57118611,Ciclista,El primer evento no fue una colision con un vehiculo automotor en transporte,Not an Intersection,No fue interseccion,Sobre calle,Ninguna,Oscuro sin iluminacion,Despejado,No,NO APLICA,99,99,99,99,1,07/10/2022,1
37,North Carolina,371158,0,0,2,0,13,BEAUFORT (13),4860,WASHINGTON,10,Octubre,15,2022,12,7,US-264,2,US Highway,Urbano,Arteria Principal,State Highway Agency,1,Sin jurisdiccion especial,59,35.55275556,-77.06470556,Vehiculo en movimiento,Frente a frente,Not an Intersection,No fue interseccion,Sobre calle,Ninguna,Dia total,Despejado,No,NO APLICA,11,32,11,33,1,15/10/2022,3
37,North Carolina,371159,1,1,1,0,67,FORSYTH (67),5120,WINSTON SALEM,10,Octubre,20,2022,12,15,US-52,2,US Highway,Urbano,Arterial Principal -Freeway o ExpressWay,State Highway Agency,1,Sin jurisdiccion especial,91,36.16291389,-80.25936667,Peaton,El primer evento no fue una colision con un vehiculo automotor en transporte,Not an Intersection,No fue interseccion,Sobre calle,Ninguna,Oscuro sin iluminacion,Despejado,No,NO APLICA,99,99,99,99,1,20/10/2022,1
37,North Carolina,371160,1,1,1,0,183,WAKE (183),3750,RALEIGH,10,Octubre,25,2022,16,56,SSR-2042 FOX RD,8,Otro,Urbano,Colector Mayor,State Highway Agency,0,Sin jurisdiccion especial,10,35.86849167,-78.56035278,Peaton,El primer evento no fue una colision con un vehiculo automotor en transporte,Not an Intersection,No fue interseccion,Sobre el lado de la calle,Ninguna,Dia total,Despejado,No,NO APLICA,17,4,17,14,1,25/10/2022,2
37,North Carolina,371161,0,0,2,0,97,IREDELL (97),3110,MOORESVILLE,10,Octubre,27,2022,9,11,SR-150 RIVER HWY,3,Highway estatal,Urbano,Arteria Principal,State Highway Agency,1,Sin jurisdiccion especial,33,35.59825278,-80.88700278,Vehiculo en movimiento,Angulo,Not an Intersection,No fue interseccion,Sobre calle,Ninguna,Dia total,Despejado,No,NO APLICA,9,11,9,20,1,27/10/2022,2
37,North Carolina,371162,1,1,1,0,183,WAKE (183),3750,RALEIGH,10,Octubre,13,2022,0,7,US-401 S SAUNDERS ST,2,US Highway,Urbano,Arteria Principal,State Highway Agency,1,Sin jurisdiccion especial,101,35.739075,-78.64955278,Peaton,El primer evento no fue una colision con un vehiculo automotor en transporte,Not an Intersection,No fue interseccion,Sobre calle,Ninguna,Oscuro con iluminacion,Nublado,No,NO APLICA,99,99,99,99,1,13/10/2022,1
37,North Carolina,371163,1,1,2,0,81,GUILFORD (81),1940,GREENSBORO,10,Octubre,28,2022,19,24,I-40,1,Interestatal,Urbano,Interestatal,State Highway Agency,1,Sin jurisdiccion especial,174,36.05936667,-79.92019167,Peaton,El primer evento no fue una colision con un vehiculo automotor en transporte,Not an Intersection,No fue interseccion,Sobre calle,Ninguna,Oscuro con iluminacion,Despejado,No,NO APLICA,19,25,19,35,1,28/10/2022,2
37,North Carolina,371164,0,0,2,0,183,WAKE (183),0,NO APLICA,9,Septiembre,26,2022,23,34,SR-50,3,Highway estatal,Rural,Arteria Menor,State Highway Agency,0,Servicio de Parques Nacional,2,35.91569444,-78.68178611,Vehiculo en movimiento,Angulo,Four-Way Intersection,Interseccion de 4 direcciones,Sobre calle,Ninguna,Oscuro sin iluminacion,Despejado,No,NO APLICA,23,48,0,8,1,26/09/2022,6
37,North Carolina,371165,0,0,1,0,21,BUNCOMBE (21),9997,Other,10,Octubre,3,2022,8,43,US-19,2,US Highway,Urbano,Arterial Principal -Freeway o ExpressWay,State Highway Agency,1,Sin jurisdiccion especial,155,35.63274722,-82.58027778,Valla Ferrocarril,El primer evento no fue una colision con un vehiculo automotor en transporte,Not an Intersection,No fue interseccion,Sobre el lado de la calle,Ninguna,Dia total,Despejado,No,NO APLICA,8,45,8,53,1,03/10/2022,1
37,North Carolina,371166,1,1,1,0,119,MECKLENBURG (119),870,CHARLOTTE,10,Octubre,19,2022,19,15,SSR-1009 MONROE RD,8,Otro,Urbano,Arteria Menor,State Highway Agency,0,Sin jurisdiccion especial,61,35.193825,-80.78260556,Peaton,El primer evento no fue una colision con un vehiculo automotor en transporte,Not an Intersection,No fue interseccion,Sobre calle,Ninguna,Oscuro con iluminacion,Despejado,No,NO APLICA,19,16,19,20,1,19/10/2022,1
37,North Carolina,371167,1,1,1,0,35,CATAWBA (35),2150,HICKORY,10,Octubre,6,2022,20,17,13TH AVE PL NW,6,Calle Local Municipalidad,Urbano,Local,City or Municipal Highway Agency,0,Sin jurisdiccion especial,0,35.75036944,-81.33971389,Peaton,El primer evento no fue una colision con un vehiculo automotor en transporte,Not an Intersection,No fue interseccion,Sobre calle,Ninguna,Oscuro sin iluminacion,Despejado,No,NO APLICA,20,17,20,31,1,06/10/2022,1
37,North Carolina,371168,0,0,3,0,67,FORSYTH (67),4604,TOBACCOVILLE,10,Octubre,26,2022,13,57,US-52,2,US Highway,Urbano,Arterial Principal -Freeway o ExpressWay,State Highway Agency,1,Sin jurisdiccion especial,16,36.24254722,-80.34735278,Vehiculo en movimiento,Frente a Detrás,Not an Intersection,No fue interseccion,Sobre calle,Mantenimiento,Dia total,Despejado,No,NO APLICA,99,99,99,99,1,26/10/2022,3
37,North Carolina,371169,0,0,2,0,97,IREDELL (97),4430,STATESVILLE,10,Octubre,25,2022,1,46,SR-2321 E BROAD ST,3,Highway estatal,Urbano,Arteria Menor,State Highway Agency,0,Sin jurisdiccion especial,28,35.79685,-80.83643056,Buzon de correo,El primer evento no fue una colision con un vehiculo automotor en transporte,Not an Intersection,No fue interseccion,Sobre el lado de la calle,Ninguna,Oscuro sin iluminacion,Despejado,No,NO APLICA,99,99,99,99,1,25/10/2022,3
37,North Carolina,371170,1,1,1,0,183,WAKE (183),3750,RALEIGH,3,Marzo,5,2022,0,47,US-1 CAPITAL BLVD,2,US Highway,Urbano,Arteria Principal,State Highway Agency,1,Sin jurisdiccion especial,297,35.84423056,-78.58002222,Peaton,El primer evento no fue una colision con un vehiculo automotor en transporte,Four-Way Intersection,Interseccion de 4 direcciones,Sobre calle,Ninguna,Oscuro con iluminacion,Despejado,No,NO APLICA,99,99,99,99,1,05/03/2022,1
37,North Carolina,371171,0,0,2,0,119,MECKLENBURG (119),870,CHARLOTTE,5,Mayo,17,2022,7,24,SR-49 S TYRON ST,3,Highway estatal,Urbano,Arteria Principal,State Highway Agency,1,Sin jurisdiccion especial,139,35.21060278,-80.86676389,Vehiculo en movimiento,Frente a Detrás,Not an Intersection,No fue interseccion,Sobre calle,Ninguna,Dia total,Despejado,No,NO APLICA,99,99,99,99,1,17/05/2022,5
37,North Carolina,371172,0,0,1,0,183,WAKE (183),3750,RALEIGH,1,Enero,30,2022,4,55,US-70 GLENWOOD AVE,2,US Highway,Urbano,Arteria Principal,State Highway Agency,1,Sin jurisdiccion especial,169,35.82483611,-78.66560278,Arbol,El primer evento no fue una colision con un vehiculo automotor en transporte,Not an Intersection,No fue interseccion,En el medio,Ninguna,Oscuro con iluminacion,Despejado,No,NO APLICA,4,57,5,2,1,30/01/2022,1
37,North Carolina,371174,0,0,1,0,183,WAKE (183),3750,RALEIGH,1,Enero,13,2022,8,44,US-1 CAPITAL BLVD,2,US Highway,Urbano,Arteria Principal,State Highway Agency,1,Sin jurisdiccion especial,277,35.81969722,-78.59386944,Valla Ferrocarril,El primer evento no fue una colision con un vehiculo automotor en transporte,Not an Intersection,No fue interseccion,Sobre el lado de la calle,Ninguna,Dia total,Nublado,No,NO APLICA,8,58,9,6,1,13/01/2022,2
37,North Carolina,371175,0,0,4,0,129,NEW HANOVER (129),0,NO APLICA,1,Enero,20,2022,12,45,US-421/74,2,US Highway,Urbano,Arteria Principal,State Highway Agency,1,Sin jurisdiccion especial,6,34.245075,-77.95681667,Vehiculo en movimiento,Golpe Lateral - direccion contraria,Not an Intersection,No fue interseccion,Sobre calle,Ninguna,Dia total,Nublado,No,NO APLICA,99,99,99,99,1,20/01/2022,4
37,North Carolina,371176,0,0,1,0,133,ONSLOW (133),2330,JACKSONVILLE,2,Febrero,2,2022,15,57,SR-24,3,Highway estatal,Urbano,Arteria Principal,State Highway Agency,1,Sin jurisdiccion especial,149,34.73433611,-77.35301944,Valla Ferrocarril,El primer evento no fue una colision con un vehiculo automotor en transporte,Not an Intersection,No fue interseccion,Sobre el lado de la calle,Ninguna,Oscuro sin iluminacion,Despejado,No,NO APLICA,19,47,19,52,1,02/02/2022,1
37,North Carolina,371177,0,0,3,0,119,MECKLENBURG (119),870,CHARLOTTE,2,Febrero,23,2022,15,25,SR-16 PROVIDENCE RD,3,Highway estatal,Urbano,Arteria Principal,State Highway Agency,1,Sin jurisdiccion especial,57,35.117375,-80.77934722,Vehiculo en movimiento,Angulo,Four-Way Intersection,Interseccion de 4 direcciones,Sobre calle,Ninguna,Dia total,Nublado,No,NO APLICA,99,99,99,99,1,23/02/2022,5
37,North Carolina,371178,0,0,2,0,179,UNION (179),0,NO APLICA,4,Abril,20,2022,19,35,SSR-1005 LANDSFORD RD,8,Otro,Rural,Colector Mayor,State Highway Agency,0,Sin jurisdiccion especial,119,34.95711389,-80.35025,Vehiculo en movimiento,Golpe Lateral - direccion contraria,Not an Intersection,No fue interseccion,Sobre calle,Ninguna,Dia total,Despejado,No,NO APLICA,99,99,99,99,1,20/04/2022,3
37,North Carolina,371180,0,0,1,0,81,GUILFORD (81),1940,GREENSBORO,10,Octubre,26,2022,8,53,SRR-2085 JOSEPH M BRYAN BLVD,8,Otro,Urbano,Arterial Principal -Freeway o ExpressWay,State Highway Agency,1,Sin jurisdiccion especial,29,36.11636111,-79.85671667,Valla Ferrocarril,El primer evento no fue una colision con un vehiculo automotor en transporte,Not an Intersection,No fue interseccion,En el medio,Ninguna,Dia total,Nublado,No,NO APLICA,8,56,9,4,1,26/10/2022,1
37,North Carolina,371181,1,1,1,0,83,HALIFAX (83),0,NO APLICA,10,Octubre,31,2022,22,33,US-158,2,US Highway,Rural,Arteria Principal,State Highway Agency,1,Sin jurisdiccion especial,19,36.44650278,-77.89021111,Peaton,El primer evento no fue una colision con un vehiculo automotor en transporte,Not an Intersection,No fue interseccion,Sobre calle,Ninguna,Oscuro sin iluminacion,lluvia,No,NO APLICA,22,10,22,14,1,31/10/2022,1
37,North Carolina,371182,0,0,2,0,117,MARTIN (117),0,NO APLICA,10,Octubre,4,2022,8,21,US-17,2,US Highway,Rural,Arteria Principal,State Highway Agency,1,Sin jurisdiccion especial,51,35.77014444,-77.06981667,Vehiculo en movimiento,Frente a frente,Four-Way Intersection,Interseccion de 4 direcciones,Sobre calle,Ninguna,Dia total,No reportado,No,NO APLICA,99,99,99,99,1,04/10/2022,2
37,North Carolina,371183,0,0,2,0,117,MARTIN (117),0,NO APLICA,10,Octubre,6,2022,8,55,SSR-125,8,Otro,Rural,Colector Mayor,State Highway Agency,0,Sin jurisdiccion especial,258,36.00371389,-77.33100556,Vehiculo en movimiento,Frente a Detrás,Not an Intersection,No fue interseccion,Sobre calle,Ninguna,Dia total,Despejado,No,NO APLICA,99,99,99,99,1,06/10/2022,2
37,North Carolina,371184,0,0,3,0,111,MCDOWELL (111),0,NO APLICA,10,Octubre,29,2022,12,3,US-64,2,US Highway,Rural,Arteria Menor,State Highway Agency,0,Sin jurisdiccion especial,26,35.57668611,-81.84157222,Vehiculo en movimiento,Frente a frente,Not an Intersection,No fue interseccion,Sobre calle,Ninguna,Dia total,Despejado,No,NO APLICA,99,99,99,99,3,29/10/2022,4
37,North Carolina,371185,0,0,1,0,119,MECKLENBURG (119),2280,HUNTERSVILLE,10,Octubre,22,2022,2,50,I-77,1,Interestatal,Urbano,Interestatal,State Highway Agency,1,Sin jurisdiccion especial,0,35.44559444,-80.86986389,Poste de Señal de trafico,El primer evento no fue una colision con un vehiculo automotor en transporte,Not an Intersection,No fue interseccion,Sobre el lado de la calle,Ninguna,Oscuro con iluminacion,Despejado,No,NO APLICA,2,52,2,54,1,22/10/2022,3
37,North Carolina,371186,0,0,1,0,119,MECKLENBURG (119),870,CHARLOTTE,10,Octubre,2,2022,4,43,US-29,2,US Highway,Urbano,Arteria Principal,State Highway Agency,1,Sin jurisdiccion especial,151,35.26286389,-80.77201389,Banqueta,El primer evento no fue una colision con un vehiculo automotor en transporte,Not an Intersection,No fue interseccion,Sobre el lado de la calle,Ninguna,Oscuro con iluminacion,Despejado,No,NO APLICA,4,42,4,50,1,02/10/2022,1
37,North Carolina,371187,1,1,2,0,119,MECKLENBURG (119),870,CHARLOTTE,10,Octubre,30,2022,4,23,I-485,1,Interestatal,Urbano,Interestatal,State Highway Agency,1,Sin jurisdiccion especial,207,35.22233333,-80.97054444,Vehiculo en movimiento,Angulo,Not an Intersection,No fue interseccion,Sobre calle,Ninguna,Oscuro sin iluminacion,lluvia,No,NO APLICA,99,99,99,99,1,30/10/2022,2
37,North Carolina,371188,1,1,1,0,119,MECKLENBURG (119),870,CHARLOTTE,10,Octubre,9,2022,19,1,W 4TH ST,6,Calle Local Municipalidad,Urbano,Arteria Menor,Not Reported,0,Sin jurisdiccion especial,11,35.23205556,-80.85091667,Peaton,El primer evento no fue una colision con un vehiculo automotor en transporte,Four-Way Intersection,Interseccion de 4 direcciones,Sobre calle,Ninguna,Atardecer,Despejado,No,NO APLICA,99,99,99,99,1,09/10/2022,1
37,North Carolina,371189,3,3,3,0,119,MECKLENBURG (119),2280,HUNTERSVILLE,10,Octubre,14,2022,23,14,I-77,1,Interestatal,Urbano,Interestatal,State Highway Agency,1,Sin jurisdiccion especial,207,35.37728889,-80.847575,Vehiculo en movimiento,Angulo,Not an Intersection,No fue interseccion,Sobre calle,Ninguna,Oscuro sin iluminacion,Despejado,No,NO APLICA,99,99,99,99,1,14/10/2022,3
37,North Carolina,371190,0,0,1,0,119,MECKLENBURG (119),870,CHARLOTTE,10,Octubre,3,2022,14,1,SR-16 PROVIDENCE RD,3,Highway estatal,Urbano,Local,State Highway Agency,0,Sin jurisdiccion especial,179,35.16151944,-80.80070833,Banqueta,El primer evento no fue una colision con un vehiculo automotor en transporte,Not an Intersection,No fue interseccion,Sobre el lado de la calle,Ninguna,Dia total,Despejado,No,NO APLICA,99,99,99,99,1,03/10/2022,2
37,North Carolina,371191,0,0,3,0,123,MONTGOMERY (123),4660,TROY,10,Octubre,24,2022,14,0,SR-134,3,Highway estatal,Rural,Colector Mayor,State Highway Agency,0,Sin jurisdiccion especial,41,35.41185833,-79.87319167,Vehiculo en movimiento,Frente a frente,Not an Intersection,No fue interseccion,Sobre calle,Ninguna,Dia total,Despejado,No,NO APLICA,99,99,99,99,1,24/10/2022,4
37,North Carolina,371192,0,0,1,0,123,MONTGOMERY (123),4660,TROY,10,Octubre,29,2022,14,24,SSR-1315 SUBSTATION RD,8,Otro,Rural,Local,State Highway Agency,0,Sin jurisdiccion especial,39,35.43184722,-79.91058056,Arbol,El primer evento no fue una colision con un vehiculo automotor en transporte,Not an Intersection,No fue interseccion,Sobre el lado de la calle,Ninguna,Dia total,Nublado,No,NO APLICA,99,99,99,99,1,29/10/2022,1
37,North Carolina,371193,0,0,2,0,123,MONTGOMERY (123),470,BISCOE,10,Octubre,8,2022,9,32,SSR-24,8,Otro,Rural,Arteria Menor,State Highway Agency,0,Sin jurisdiccion especial,179,35.35897222,-79.79722778,Vehiculo en movimiento,Angulo,Four-Way Intersection,Interseccion de 4 direcciones,Sobre calle,Ninguna,Dia total,Despejado,No,NO APLICA,99,99,99,99,1,08/10/2022,2
37,North Carolina,371194,0,0,1,0,125,MOORE (125),10,ABERDEEN,10,Octubre,29,2022,2,40,SSR-1112,8,Otro,Urbano,Colector Mayor,State Highway Agency,0,Sin jurisdiccion especial,15,35.1261,-79.45868056,Arbol,El primer evento no fue una colision con un vehiculo automotor en transporte,Not an Intersection,No fue interseccion,Sobre el lado de la calle,Ninguna,Oscuro sin iluminacion,lluvia,No,NO APLICA,99,99,99,99,1,29/10/2022,3
37,North Carolina,371195,1,1,1,0,127,NASH (127),0,NO APLICA,10,Octubre,5,2022,8,35,SSR-97,8,Otro,Rural,Local,State Highway Agency,0,Sin jurisdiccion especial,210,35.855475,-77.89961667,Peaton,El primer evento no fue una colision con un vehiculo automotor en transporte,Not an Intersection,No fue interseccion,Sobre calle,Ninguna,Oscuro sin iluminacion,No reportado,No,NO APLICA,99,99,99,99,1,05/10/2022,1
37,North Carolina,371196,0,0,1,0,131,NORTHAMPTON (131),0,NO APLICA,10,Octubre,3,2022,2,18,SSR-1311 JACKSON BYPASS RD,8,Otro,Rural,Colector Menor,State Highway Agency,0,Sin jurisdiccion especial,63,36.43606111,-77.46766389,Volcadura,El primer evento no fue una colision con un vehiculo automotor en transporte,Not an Intersection,No fue interseccion,Sobre el lado de la calle,Ninguna,Oscuro sin iluminacion,lluvia,No,NO APLICA,99,99,99,99,1,03/10/2022,1
37,North Carolina,371197,0,0,1,0,133,ONSLOW (133),0,NO APLICA,10,Octubre,22,2022,15,24,SSR-1308 GUM BRANCH RD,8,Otro,Urbano,Arteria Menor,State Highway Agency,0,Sin jurisdiccion especial,93,34.80772778,-77.44948889,Arbol,El primer evento no fue una colision con un vehiculo automotor en transporte,Not an Intersection,No fue interseccion,Sobre el lado de la calle,Ninguna,Dia total,Despejado,No,NO APLICA,99,99,99,99,1,22/10/2022,1
37,North Carolina,371198,0,0,2,0,135,ORANGE (135),0,NO APLICA,10,Octubre,22,2022,10,19,SSR-1005 OLD GREENSBORO RD,8,Otro,Rural,Colector Mayor,State Highway Agency,0,Sin jurisdiccion especial,25,35.90561944,-79.11649722,Vehiculo en movimiento,Frente a frente,Not an Intersection,No fue interseccion,Sobre calle,Ninguna,Dia total,Despejado,No,NO APLICA,99,99,99,99,1,22/10/2022,2
37,North Carolina,371199,0,0,1,0,135,ORANGE (135),0,NO APLICA,10,Octubre,17,2022,18,54,I-85,1,Interestatal,Rural,Interestatal,State Highway Agency,1,Sin jurisdiccion especial,29,36.07842778,-79.21753611,Arbol,El primer evento no fue una colision con un vehiculo automotor en transporte,Not an Intersection,No fue interseccion,Sobre el lado de la calle,Ninguna,Oscuro sin iluminacion,lluvia,No,NO APLICA,99,99,99,99,1,17/10/2022,2
37,North Carolina,371200,0,0,1,0,139,PASQUOTANK (139),0,NO APLICA,10,Octubre,15,2022,18,45,US-158,2,US Highway,Rural,Arteria Principal,State Highway Agency,1,Sin jurisdiccion especial,33,36.42268333,-76.41884722,Alguien se cayo/avento del vehiculo,El primer evento no fue una colision con un vehiculo automotor en transporte,Not an Intersection,No fue interseccion,Sobre calle,Ninguna,Dia total,Despejado,No,NO APLICA,99,99,99,99,1,15/10/2022,3
37,North Carolina,371201,0,0,1,0,145,PERSON (145),4010,ROXBORO,10,Octubre,6,2022,19,20,W MOREHEAD ST,6,Calle Local Municipalidad,Urbano,Local,Not Reported,0,Sin jurisdiccion especial,0,36.39980278,-78.98526667,Volcadura,El primer evento no fue una colision con un vehiculo automotor en transporte,Not an Intersection,No fue interseccion,Sobre el lado de la calle,Ninguna,Dia total,Despejado,No,NO APLICA,99,99,99,99,1,06/10/2022,1
37,North Carolina,371202,0,0,1,0,145,PERSON (145),0,NO APLICA,10,Octubre,14,2022,18,4,SSR-1333 COUNTRY CLUB RD,8,Otro,Rural,Colector Menor,State Highway Agency,0,Sin jurisdiccion especial,48,36.46057222,-78.99348611,Culvert,El primer evento no fue una colision con un vehiculo automotor en transporte,Not an Intersection,No fue interseccion,Sobre el lado de la calle,Ninguna,Dia total,Despejado,No,NO APLICA,99,99,99,99,1,14/10/2022,1
37,North Carolina,371203,0,0,1,0,147,PITT (147),0,NO APLICA,10,Octubre,2,2022,22,48,SSR-1753 STOKESTOWNST JOHNS RD,8,Otro,Rural,Colector Menor,State Highway Agency,0,Sin jurisdiccion especial,24,35.45664167,-77.28697222,Zanja,El primer evento no fue una colision con un vehiculo automotor en transporte,Not an Intersection,No fue interseccion,Sobre el lado de la calle,Ninguna,Oscuro sin iluminacion,lluvia,No,NO APLICA,99,99,99,99,1,02/10/2022,3
37,North Carolina,371204,0,0,2,0,147,PITT (147),1950,GREENVILLE,10,Octubre,31,2022,1,26,SR-43,3,Highway estatal,Urbano,Arteria Menor,State Highway Agency,0,Sin jurisdiccion especial,154,35.57893056,-77.35628611,Vehiculo en movimiento,Golpe Lateral - misma direccion,Not an Intersection,No fue interseccion,Sobre calle,Ninguna,Oscuro con iluminacion,Despejado,No,NO APLICA,99,99,99,99,1,31/10/2022,2