Estado,Nombre de Estado,Numero de Caso,Peatones,Personas _no_vehiculos,Vehiculos automotores,Vehiculos estacionados,Condado,Nombre Condado,Ciudad,Nombre Ciudad,Mes,Nombre Mes,Dia,Año,Hora,Minuto,Calle,Ruta,Nombre Ruta,Rural o Urbanoo,Sistema Funcional,Dueño Calle,Sistema Nacional Carreteras,Jurisdiccion Especial,Milla,Latitud,Longitud,Causa del Accidente,Tipo de Accidente,Tipo Interseccion,Columna1,Lugar en la calle,Zona de Trabajo,Luz,Clima,Autobus Escolar,Cruce de Trenes,Hora Notificacion,Minuto Notificacion,Hora Llegada,Minuto Llegada,Decesos,Fecha,PersonaVehiculo
37,North Carolina,371205,0,0,2,0,151,RANDOLPH (151),4640,TRINITY,10,Octubre,6,2022,6,50,SSR-1556 WELBORN RD,8,Otro,Urbano,Colector Mayor,State Highway Agency,0,Sin jurisdiccion especial,5,35.86273611,-80.02639167,Vehiculo en movimiento,Golpe Lateral - direccion contraria,T-Intersection,Interseccion de T,Sobre calle,Ninguna,Amanecer,Despejado,No,NO APLICA,99,99,99,99,1,06/10/2022,2
37,North Carolina,371206,0,0,1,0,155,ROBESON (155),0,NO APLICA,10,Octubre,5,2022,6,38,SR-711,3,Highway estatal,Rural,Colector Mayor,State Highway Agency,0,Sin jurisdiccion especial,85,34.63611667,-79.10084722,Zanja,El primer evento no fue una colision con un vehiculo automotor en transporte,Not an Intersection,No fue interseccion,Sobre el lado de la calle,Ninguna,Oscuro sin iluminacion,Despejado,No,NO APLICA,99,99,99,99,1,05/10/2022,1
37,North Carolina,371207,0,0,1,0,155,ROBESON (155),0,NO APLICA,10,Octubre,28,2022,16,49,SR-71,3,Highway estatal,Rural,Colector Mayor,State Highway Agency,0,Sin jurisdiccion especial,94,34.806,-79.22623611,Volcadura,El primer evento no fue una colision con un vehiculo automotor en transporte,Not an Intersection,No fue interseccion,Sobre el lado de la calle,Ninguna,Dia total,Despejado,No,NO APLICA,99,99,99,99,1,28/10/2022,3
37,North Carolina,371208,0,0,2,0,155,ROBESON (155),0,NO APLICA,10,Octubre,28,2022,20,36,SSR-1339- DEEP BRANCH RD,8,Otro,Rural,Local,State Highway Agency,0,Sin jurisdiccion especial,50,34.63755,-79.16127222,Vehiculo en movimiento,Frente a frente,Not an Intersection,No fue interseccion,Sobre calle,Ninguna,Oscuro sin iluminacion,Despejado,No,NO APLICA,99,99,99,99,1,28/10/2022,4
37,North Carolina,371209,1,1,1,0,155,ROBESON (155),0,NO APLICA,10,Octubre,18,2022,19,25,SSR-1575 FAITH RD,8,Otro,Rural,Local,State Highway Agency,0,Sin jurisdiccion especial,12,34.71664722,-79.17638333,Peaton,El primer evento no fue una colision con un vehiculo automotor en transporte,Not an Intersection,No fue interseccion,Sobre calle,Ninguna,Oscuro sin iluminacion,Despejado,No,NO APLICA,99,99,99,99,1,18/10/2022,1
37,North Carolina,371210,1,1,1,0,155,ROBESON (155),0,NO APLICA,10,Octubre,19,2022,0,25,SR-72,3,Highway estatal,Urbano,Colector Mayor,State Highway Agency,0,Sin jurisdiccion especial,184,34.64571389,-79.07724444,Peaton,El primer evento no fue una colision con un vehiculo automotor en transporte,Not an Intersection,No fue interseccion,Sobre calle,Ninguna,Oscuro sin iluminacion,Despejado,No,NO APLICA,99,99,99,99,1,19/10/2022,1
37,North Carolina,371211,1,1,1,0,155,ROBESON (155),0,NO APLICA,10,Octubre,20,2022,20,15,SR-72,3,Highway estatal,Urbano,Colector Mayor,State Highway Agency,0,Sin jurisdiccion especial,189,34.64763056,-79.07868333,Peaton,El primer evento no fue una colision con un vehiculo automotor en transporte,Not an Intersection,No fue interseccion,Sobre Acotamiento,Ninguna,Oscuro sin iluminacion,Despejado,No,NO APLICA,99,99,99,99,1,20/10/2022,1
37,North Carolina,371212,0,0,2,0,157,ROCKINGHAM (157),1435,EDEN,10,Octubre,5,2022,11,56,SSR-3003 E MEADOW RD,8,Otro,Urbano,Arteria Menor,State Highway Agency,0,Sin jurisdiccion especial,262,36.51016111,-79.73276111,Vehiculo en movimiento,Angulo,Four-Way Intersection,Interseccion de 4 direcciones,Sobre calle,Ninguna,Dia total,Despejado,No,NO APLICA,99,99,99,99,1,05/10/2022,3
37,North Carolina,371213,0,0,1,0,159,ROWAN (159),0,NO APLICA,10,Octubre,7,2022,14,51,SSR-1526,8,Otro,Rural,Colector Mayor,State Highway Agency,0,Sin jurisdiccion especial,46,35.68756111,-80.56421389,Culvert,El primer evento no fue una colision con un vehiculo automotor en transporte,Not an Intersection,No fue interseccion,Sobre el lado de la calle,Ninguna,Dia total,Despejado,No,NO APLICA,99,99,99,99,1,07/10/2022,1
37,North Carolina,371214,0,0,2,0,159,ROWAN (159),0,NO APLICA,10,Octubre,14,2022,18,25,SSR-1001 AMITY HILL RD,8,Otro,Rural,Colector Menor,State Highway Agency,0,Sin jurisdiccion especial,6,35.72474167,-80.701975,Vehiculo en movimiento,Frente a frente,Not an Intersection,No fue interseccion,Sobre calle,Ninguna,Dia total,Despejado,No,NO APLICA,99,99,99,99,1,14/10/2022,3
37,North Carolina,371215,0,0,3,0,159,ROWAN (159),0,NO APLICA,10,Octubre,19,2022,20,15,SR-152,3,Highway estatal,Rural,Arteria Menor,State Highway Agency,0,Sin jurisdiccion especial,46,35.57363611,-80.67659722,Vehiculo en movimiento,Golpe Lateral - direccion contraria,Not an Intersection,No fue interseccion,Sobre calle,Ninguna,Oscuro sin iluminacion,Despejado,No,NO APLICA,99,99,99,99,1,19/10/2022,5
37,North Carolina,371216,0,0,1,0,159,ROWAN (159),0,NO APLICA,10,Octubre,21,2022,19,27,SSR-1337 LENTZ RD,8,Otro,Urbano,Colector Menor,State Highway Agency,0,Sin jurisdiccion especial,14,35.55876389,-80.55583889,Otro objeto (no fijo),El primer evento no fue una colision con un vehiculo automotor en transporte,Not an Intersection,No fue interseccion,Sobre el lado de la calle,Ninguna,Oscuro sin iluminacion,Despejado,No,NO APLICA,99,99,99,99,1,21/10/2022,1
37,North Carolina,371217,0,0,2,0,163,SAMPSON (163),0,NO APLICA,10,Octubre,13,2022,15,35,SSR-1322 ZOAR CHURCH RD,8,Otro,Rural,Local,State Highway Agency,0,Sin jurisdiccion especial,9,35.02846667,-78.48591111,Vehiculo en movimiento,Angulo,Four-Way Intersection,Interseccion de 4 direcciones,Sobre calle,Ninguna,Dia total,Despejado,No,NO APLICA,99,99,99,99,1,13/10/2022,3
37,North Carolina,371218,0,0,1,0,163,SAMPSON (163),0,NO APLICA,10,Octubre,31,2022,23,55,SSR-1157 OLD US 701 HWY,8,Otro,Rural,Colector Menor,State Highway Agency,0,Sin jurisdiccion especial,13,34.83179722,-78.34780833,Zanja,El primer evento no fue una colision con un vehiculo automotor en transporte,Not an Intersection,No fue interseccion,Sobre el lado de la calle,Ninguna,Oscuro sin iluminacion,Despejado,No,NO APLICA,99,99,99,99,1,31/10/2022,1
37,North Carolina,371219,0,0,2,0,163,SAMPSON (163),0,NO APLICA,10,Octubre,9,2022,1,49,SSR-1006 HIGH HOUSE RD,8,Otro,Rural,Colector Mayor,State Highway Agency,0,Sin jurisdiccion especial,85,35.11111944,-78.51529444,Vehiculo en movimiento,Frente a frente,Not an Intersection,No fue interseccion,Sobre calle,Ninguna,Oscuro sin iluminacion,Despejado,No,NO APLICA,99,99,99,99,1,09/10/2022,2
37,North Carolina,371220,0,0,2,0,165,SCOTLAND (165),0,NO APLICA,10,Octubre,12,2022,10,0,US-15 ABERDEEN RD,2,US Highway,Rural,Arteria Menor,State Highway Agency,0,Sin jurisdiccion especial,223,34.99218333,-79.446575,Vehiculo en movimiento,Frente a frente,Not an Intersection,No fue interseccion,Sobre calle,Ninguna,Dia total,Despejado,No,NO APLICA,99,99,99,99,1,12/10/2022,2
37,North Carolina,371221,0,0,1,0,165,SCOTLAND (165),0,NO APLICA,10,Octubre,30,2022,0,59,SSR-1148 ST JOHNS CHURCH RD,8,Otro,Rural,Local,State Highway Agency,0,Sin jurisdiccion especial,8,34.80138889,-79.55855833,Culvert,El primer evento no fue una colision con un vehiculo automotor en transporte,Not an Intersection,No fue interseccion,Sobre el lado de la calle,Ninguna,Oscuro sin iluminacion,Despejado,No,NO APLICA,99,99,99,99,1,30/10/2022,1
37,North Carolina,371222,0,0,1,0,169,STOKES (169),0,NO APLICA,10,Octubre,16,2022,2,41,SSR-1941 BROOK COVE RD,8,Otro,Rural,Colector Menor,State Highway Agency,0,Sin jurisdiccion especial,36,36.2832,-80.21183889,Arbol,El primer evento no fue una colision con un vehiculo automotor en transporte,T-Intersection,Interseccion de T,Sobre el lado de la calle,Ninguna,Oscuro sin iluminacion,Despejado,No,NO APLICA,99,99,99,99,1,16/10/2022,1
37,North Carolina,371223,0,0,1,0,169,STOKES (169),0,NO APLICA,10,Octubre,24,2022,17,27,SSR-2018 MOUNTAIN RD,8,Otro,Rural,Colector Menor,State Highway Agency,0,Sin jurisdiccion especial,16,36.39010833,-80.22365278,Arbol,El primer evento no fue una colision con un vehiculo automotor en transporte,Not an Intersection,No fue interseccion,Sobre el lado de la calle,Ninguna,Dia total,Despejado,No,NO APLICA,99,99,99,99,1,24/10/2022,3
37,North Carolina,371224,0,0,2,0,169,STOKES (169),0,NO APLICA,10,Octubre,7,2022,15,41,SSR-1935 PINEY MOUNTAIN RD,8,Otro,Rural,Colector Menor,State Highway Agency,0,Sin jurisdiccion especial,55,36.33940833,-80.20480556,Vehiculo en movimiento,Frente a frente,Not an Intersection,No fue interseccion,Sobre calle,Ninguna,Dia total,Despejado,No,NO APLICA,99,99,99,99,1,07/10/2022,4
37,North Carolina,371225,0,0,1,0,171,SURRY (171),3170,MOUNT AIRY,10,Octubre,10,2022,3,56,US-52 N ANY GRIFFITH PKWY,2,US Highway,Urbano,Arteria Principal,State Highway Agency,1,Sin jurisdiccion especial,23,36.5328,-80.63052222,Volcadura,El primer evento no fue una colision con un vehiculo automotor en transporte,Not an Intersection,No fue interseccion,Sobre calle,Ninguna,Oscuro sin iluminacion,Despejado,No,NO APLICA,99,99,99,99,1,10/10/2022,1
37,North Carolina,371226,0,0,2,0,179,UNION (179),9997,Other,10,Octubre,11,2022,12,20,SSR-1008 WAXHAW INDIAN TRAIL R,8,Otro,Urbano,Colector Mayor,State Highway Agency,0,Sin jurisdiccion especial,74,35.01719167,-80.69562778,Vehiculo en movimiento,Frente a frente,Not an Intersection,No fue interseccion,Sobre calle,Ninguna,Dia total,Despejado,No,NO APLICA,99,99,99,99,1,11/10/2022,4
37,North Carolina,371227,0,0,1,0,181,VANCE (181),0,NO APLICA,10,Octubre,17,2022,1,3,SSR-1110 OLD WATKINS RD,8,Otro,Rural,Local,State Highway Agency,0,Sin jurisdiccion especial,19,36.28455,-78.50436111,Volcadura,El primer evento no fue una colision con un vehiculo automotor en transporte,Not an Intersection,No fue interseccion,Sobre el lado de la calle,Ninguna,Oscuro sin iluminacion,lluvia,No,NO APLICA,99,99,99,99,1,17/10/2022,1
37,North Carolina,371228,0,0,1,0,183,WAKE (183),0,NO APLICA,10,Octubre,6,2022,7,41,SSR-2224 MITCHELL MILL RD,8,Otro,Urbano,Colector Mayor,State Highway Agency,0,Sin jurisdiccion especial,19,35.87913056,-78.49211944,Fin de valla,El primer evento no fue una colision con un vehiculo automotor en transporte,Not an Intersection,No fue interseccion,Sobre el lado de la calle,Ninguna,Oscuro - iluminacion desconocida,Despejado,No,NO APLICA,99,99,99,99,1,06/10/2022,1
37,North Carolina,371229,0,0,1,0,183,WAKE (183),3750,RALEIGH,10,Octubre,7,2022,19,16,SSR-2018 E MILLBROOK RD,8,Otro,Urbano,Arteria Menor,State Highway Agency,0,Sin jurisdiccion especial,10,35.8515,-78.62383611,Arbol,El primer evento no fue una colision con un vehiculo automotor en transporte,Not an Intersection,No fue interseccion,Sobre el lado de la calle,Ninguna,Oscuro con iluminacion,Despejado,No,NO APLICA,99,99,99,99,1,07/10/2022,1
37,North Carolina,371230,1,1,1,0,183,WAKE (183),0,NO APLICA,10,Octubre,6,2022,19,46,SSR-1001 PEARCES RD,8,Otro,Rural,Colector Mayor,State Highway Agency,0,Sin jurisdiccion especial,17,35.87259444,-78.31687778,Ciclista,El primer evento no fue una colision con un vehiculo automotor en transporte,Not an Intersection,No fue interseccion,Sobre calle,Ninguna,Oscuro sin iluminacion,Despejado,No,NO APLICA,99,99,99,99,1,06/10/2022,1
37,North Carolina,371231,0,0,3,0,189,WATAUGA (189),0,NO APLICA,10,Octubre,31,2022,8,16,US-321,2,US Highway,Rural,Arteria Principal,State Highway Agency,1,Sin jurisdiccion especial,176,36.25267778,-81.80469167,Buzon de correo,El primer evento no fue una colision con un vehiculo automotor en transporte,Not an Intersection,No fue interseccion,Sobre el lado de la calle,Ninguna,Dia total,lluvia,No,NO APLICA,99,99,99,99,1,31/10/2022,3
37,North Carolina,371232,0,0,2,0,191,WAYNE (191),0,NO APLICA,10,Octubre,14,2022,22,27,US-70,2,US Highway,Urbano,Arterial Principal -Freeway o ExpressWay,State Highway Agency,1,Sin jurisdiccion especial,143,35.40830556,-78.03008056,Vehiculo en movimiento,Angulo,T-Intersection,Interseccion de T,Sobre calle,Ninguna,Oscuro sin iluminacion,Despejado,No,NO APLICA,99,99,99,99,1,14/10/2022,2
37,North Carolina,371233,0,0,1,0,193,WILKES (193),0,NO APLICA,10,Octubre,19,2022,10,36,SSR-1001 BRUSHY MOUNTAIN RD,8,Otro,Rural,Local,State Highway Agency,0,Sin jurisdiccion especial,60,36.07435556,-81.11719444,Piedrotototota,El primer evento no fue una colision con un vehiculo automotor en transporte,Not an Intersection,No fue interseccion,Sobre el lado de la calle,Ninguna,Dia total,Despejado,No,NO APLICA,99,99,99,99,1,19/10/2022,1
37,North Carolina,371234,0,0,1,0,195,WILSON (195),0,NO APLICA,10,Octubre,27,2022,13,42,US-264,2,US Highway,Rural,Arterial Principal -Freeway o ExpressWay,State Highway Agency,1,Sin jurisdiccion especial,45,35.73417778,-77.93508889,Arbol,El primer evento no fue una colision con un vehiculo automotor en transporte,Not an Intersection,No fue interseccion,Sobre el lado de la calle,Ninguna,Dia total,Despejado,No,NO APLICA,99,99,99,99,1,27/10/2022,1
37,North Carolina,371235,0,0,1,0,197,YADKIN (197),0,NO APLICA,10,Octubre,23,2022,17,15,SSR-1103 BUCK SHOALS RD,8,Otro,Rural,Local,State Highway Agency,0,Sin jurisdiccion especial,63,36.08925278,-80.82542778,Arbol,El primer evento no fue una colision con un vehiculo automotor en transporte,Not an Intersection,No fue interseccion,Sobre el lado de la calle,Ninguna,Dia total,Despejado,No,NO APLICA,99,99,99,99,1,23/10/2022,2
37,North Carolina,371236,0,0,1,0,67,FORSYTH (67),0,NO APLICA,10,Octubre,12,2022,9,34,SSR-1434 SPICEWOOD DR,8,Otro,Urbano,Local,State Highway Agency,0,Sin jurisdiccion especial,4,36.14735556,-80.35699444,Otro objeto (fijo),El primer evento no fue una colision con un vehiculo automotor en transporte,Not an Intersection,No fue interseccion,Sobre calle,Ninguna,Dia total,Nublado,No,NO APLICA,99,99,99,99,1,12/10/2022,1
37,North Carolina,371238,0,0,1,0,1,ALAMANCE (1),700,BURLINGTON,11,Noviembre,12,2022,1,45,SSR- 1167 LONGPINE RD,6,Calle Local Municipalidad,Urbano,Local,City or Municipal Highway Agency,0,Sin jurisdiccion especial,1,36.06807778,-79.490825,Arbol,El primer evento no fue una colision con un vehiculo automotor en transporte,Not an Intersection,No fue interseccion,Sobre el lado de la calle,Ninguna,Oscuro sin iluminacion,lluvia,No,NO APLICA,99,99,99,99,1,12/11/2022,1
37,North Carolina,371239,0,0,3,0,1,ALAMANCE (1),0,NO APLICA,11,Noviembre,2,2022,6,16,SR-87,3,Highway estatal,Rural,Arteria Menor,State Highway Agency,0,Sin jurisdiccion especial,134,36.00332778,-79.39138333,Vehiculo en movimiento,Angulo,Not an Intersection,No fue interseccion,Sobre calle,Ninguna,Oscuro sin iluminacion,Despejado,No,NO APLICA,99,99,99,99,1,02/11/2022,3
37,North Carolina,371240,0,0,2,0,1,ALAMANCE (1),2990,MEBANE,11,Noviembre,20,2022,22,26,I-40,1,Interestatal,Urbano,Interestatal,State Highway Agency,1,Sin jurisdiccion especial,137,36.06859444,-79.29941944,Vehiculo en movimiento,Frente a frente,Not an Intersection,No fue interseccion,Sobre calle,Ninguna,Oscuro con iluminacion,Despejado,No,NO APLICA,99,99,99,99,1,20/11/2022,2
37,North Carolina,371241,0,0,1,0,1,ALAMANCE (1),700,BURLINGTON,11,Noviembre,23,2022,13,18,MORNING SIDE DR,6,Calle Local Municipalidad,Urbano,Local,City or Municipal Highway Agency,0,Sin jurisdiccion especial,8,36.10405,-79.40095278,Arbol,El primer evento no fue una colision con un vehiculo automotor en transporte,Four-Way Intersection,Interseccion de 4 direcciones,Sobre el lado de la calle,Ninguna,Dia total,Despejado,No,NO APLICA,99,99,99,97,1,23/11/2022,1
37,North Carolina,371242,0,0,2,0,5,ALLEGHANY (5),0,NO APLICA,11,Noviembre,1,2022,6,44,SR-18,3,Highway estatal,Rural,Colector Mayor,State Highway Agency,0,Sin jurisdiccion especial,28,36.40189722,-81.25596111,Animal vivo,El primer evento no fue una colision con un vehiculo automotor en transporte,Not an Intersection,No fue interseccion,Sobre calle,Ninguna,Oscuro sin iluminacion,Despejado,No,NO APLICA,99,99,99,99,1,01/11/2022,2
37,North Carolina,371243,0,0,2,0,7,ANSON (7),0,NO APLICA,11,Noviembre,15,2022,19,53,US-74,2,US Highway,Rural,Arteria Principal,State Highway Agency,1,Sin jurisdiccion especial,205,35.00153333,-80.21513333,Vehiculo en movimiento,Angulo,Not an Intersection,No fue interseccion,Sobre calle,Ninguna,Oscuro sin iluminacion,lluvia,No,NO APLICA,99,99,99,99,1,15/11/2022,2
37,North Carolina,371244,0,0,2,0,17,BLADEN (17),0,NO APLICA,11,Noviembre,30,2022,6,0,SR-87,3,Highway estatal,Rural,Arteria Principal,State Highway Agency,1,Sin jurisdiccion especial,416,34.75403056,-78.80326944,Vehiculo en movimiento,Frente a frente,Not an Intersection,No fue interseccion,Sobre calle,Ninguna,Oscuro sin iluminacion,lluvia,No,NO APLICA,0,0,0,0,1,30/11/2022,2
37,North Carolina,371245,1,1,1,0,19,BRUNSWICK (19),0,NO APLICA,11,Noviembre,23,2022,19,1,US-17 BUS,2,US Highway,Rural,Colector Mayor,State Highway Agency,0,Sin jurisdiccion especial,155,34.04613889,-78.17998333,Peaton,El primer evento no fue una colision con un vehiculo automotor en transporte,Not an Intersection,No fue interseccion,Sobre calle,Ninguna,Oscuro sin iluminacion,Despejado,No,NO APLICA,99,99,99,99,1,23/11/2022,1
37,North Carolina,371246,0,0,1,0,19,BRUNSWICK (19),4509,SUNSET BEACH,11,Noviembre,25,2022,21,40,PARK RD,6,Calle Local Municipalidad,Urbano,Local,City or Municipal Highway Agency,0,Sin jurisdiccion especial,5,33.88755556,-78.49113611,Puente de Ferrocarril,El primer evento no fue una colision con un vehiculo automotor en transporte,Not an Intersection,No fue interseccion,Sobre el lado de la calle,Ninguna,Oscuro con iluminacion,Despejado,No,NO APLICA,99,99,99,99,1,25/11/2022,1
37,North Carolina,371247,0,0,3,0,21,BUNCOMBE (21),0,NO APLICA,11,Noviembre,8,2022,13,28,SR-63,3,Highway estatal,Rural,Arteria Principal,State Highway Agency,1,Sin jurisdiccion especial,0,35.62066111,-82.65410278,Vehiculo en movimiento,Angulo,Four-Way Intersection,Interseccion de 4 direcciones,Sobre calle,Ninguna,Dia total,Despejado,No,NO APLICA,99,99,99,99,1,08/11/2022,3
37,North Carolina,371248,1,1,1,0,23,BURKE (23),3130,MORGANTON,11,Noviembre,10,2022,8,0,N GREEN ST,6,Calle Local Municipalidad,Urbano,Arteria Principal,City or Municipal Highway Agency,0,Sin jurisdiccion especial,13,35.75054444,-81.70834722,Peaton,El primer evento no fue una colision con un vehiculo automotor en transporte,Not an Intersection,No fue interseccion,Sobre el lado de la calle,Ninguna,Dia total,Nublado,No,NO APLICA,99,99,99,97,1,10/11/2022,1
37,North Carolina,371249,0,0,1,0,25,CABARRUS (25),3035,MIDLAND,11,Noviembre,14,2022,16,54,SR- 24-27,3,Highway estatal,Urbano,Arteria Menor,State Highway Agency,0,Sin jurisdiccion especial,30,35.249275,-80.55331111,Arbol,El primer evento no fue una colision con un vehiculo automotor en transporte,Not an Intersection,No fue interseccion,Sobre el lado de la calle,Ninguna,Oscuro sin iluminacion,Despejado,No,NO APLICA,99,99,99,97,1,14/11/2022,1
37,North Carolina,371250,0,0,8,0,25,CABARRUS (25),1040,CONCORD,11,Noviembre,6,2022,14,1,I-85 N,1,Interestatal,Urbano,Interestatal,State Highway Agency,1,Sin jurisdiccion especial,2,35.36501667,-80.71723889,Vehiculo en movimiento,Frente a Detrás,Not an Intersection,No fue interseccion,Sobre calle,Ninguna,Dia total,lluvia,No,NO APLICA,99,99,99,99,1,06/11/2022,21
37,North Carolina,371251,0,0,6,0,25,CABARRUS (25),2390,KANNAPOLIS,11,Noviembre,8,2022,19,6,I-85,1,Interestatal,Urbano,Interestatal,State Highway Agency,1,Sin jurisdiccion especial,121,35.47800278,-80.57896389,Vehiculo en movimiento,Frente a frente,Not an Intersection,No fue interseccion,Sobre calle,Ninguna,Oscuro sin iluminacion,Despejado,No,NO APLICA,99,99,99,99,4,08/11/2022,8
37,North Carolina,371252,0,0,1,0,27,CALDWELL (27),0,NO APLICA,11,Noviembre,24,2022,13,10,SR-1730,3,Highway estatal,Rural,Local,State Highway Agency,0,Sin jurisdiccion especial,3,35.91786667,-81.38615,Zanja,El primer evento no fue una colision con un vehiculo automotor en transporte,Not an Intersection,No fue interseccion,Sobre el lado de la calle,Ninguna,Dia total,Despejado,No,NO APLICA,99,99,99,97,1,24/11/2022,1
37,North Carolina,371253,1,1,1,0,31,CARTERET (31),0,NO APLICA,11,Noviembre,8,2022,4,1,SR-1124 NINE FOOT RD,3,Highway estatal,Rural,Local,State Highway Agency,0,Sin jurisdiccion especial,0,34.79090556,-76.92590278,Peaton,El primer evento no fue una colision con un vehiculo automotor en transporte,Not an Intersection,No fue interseccion,Sobre calle,Ninguna,Oscuro sin iluminacion,Despejado,No,NO APLICA,99,99,99,99,1,08/11/2022,1
37,North Carolina,371254,0,0,2,0,33,CASWELL (33),0,NO APLICA,11,Noviembre,12,2022,14,50,SSR-1103 PAGETOWN RD,8,Otro,Rural,Colector Menor,State Highway Agency,0,Sin jurisdiccion especial,57,36.25614444,-79.45988056,Vehiculo en movimiento,Angulo,Four-Way Intersection,Interseccion de 4 direcciones,Sobre calle,Ninguna,Dia total,Nublado,No,NO APLICA,99,99,99,99,1,12/11/2022,3
37,North Carolina,371255,0,0,2,0,35,CATAWBA (35),0,NO APLICA,11,Noviembre,8,2022,5,40,SSR-1146 ROBINSON RD,8,Otro,Rural,Arteria Menor,State Highway Agency,0,Sin jurisdiccion especial,8,35.64849722,-81.29111944,Vehiculo en movimiento,Frente a frente,Not an Intersection,No fue interseccion,Sobre el lado de la calle,Ninguna,Oscuro sin iluminacion,Despejado,No,NO APLICA,99,99,99,99,1,08/11/2022,2
37,North Carolina,371256,0,0,2,0,35,CATAWBA (35),0,NO APLICA,11,Noviembre,4,2022,6,17,SR-16,3,Highway estatal,Rural,Arteria Principal,State Highway Agency,1,Sin jurisdiccion especial,6,35.670425,-81.19315833,Vehiculo en movimiento,Angulo,Four-Way Intersection,Interseccion de 4 direcciones,Sobre calle,Ninguna,Oscuro sin iluminacion,Despejado,No,NO APLICA,99,99,99,99,1,04/11/2022,3
37,North Carolina,371257,0,0,1,0,35,CATAWBA (35),2710,LONGVIEW,11,Noviembre,20,2022,1,24,13TH AVE SW,6,Calle Local Municipalidad,Urbano,Colector Mayor,City or Municipal Highway Agency,0,Sin jurisdiccion especial,7,35.71613056,-81.37961111,Arbol,El primer evento no fue una colision con un vehiculo automotor en transporte,Not an Intersection,No fue interseccion,Sobre el lado de la calle,Ninguna,Oscuro con iluminacion,Despejado,No,NO APLICA,99,99,99,97,1,20/11/2022,1
37,North Carolina,371258,0,0,2,0,35,CATAWBA (35),2150,HICKORY,11,Noviembre,12,2022,18,7,SSR-127,8,Otro,Urbano,Arteria Principal,State Highway Agency,1,Sin jurisdiccion especial,122,35.77542778,-81.32800833,Vehiculo en movimiento,Angulo,T-Intersection,Interseccion de T,Sobre calle,Ninguna,Oscuro con iluminacion,Despejado,No,NO APLICA,99,99,99,99,1,12/11/2022,2
37,North Carolina,371259,0,0,1,0,37,CHATHAM (37),0,NO APLICA,11,Noviembre,5,2022,99,99,US-1,2,US Highway,Rural,Arterial Principal -Freeway o ExpressWay,State Highway Agency,1,Sin jurisdiccion especial,32,35.63883056,-79.03753889,Valla Ferrocarril,El primer evento no fue una colision con un vehiculo automotor en transporte,Not an Intersection,No fue interseccion,En el medio,Ninguna,Oscuro sin iluminacion,Despejado,No,NO APLICA,99,99,99,99,1,05/11/2022,1
37,North Carolina,371260,0,0,1,0,41,CHOWAN (41),0,NO APLICA,11,Noviembre,13,2022,5,28,SSR-37 HAUGHTON RD,8,Otro,Rural,Colector Mayor,State Highway Agency,0,Sin jurisdiccion especial,57,36.06056667,-76.527875,Zanja,El primer evento no fue una colision con un vehiculo automotor en transporte,Not an Intersection,No fue interseccion,Sobre el lado de la calle,Ninguna,Oscuro sin iluminacion,No reportado,No,NO APLICA,99,99,99,99,1,13/11/2022,2
37,North Carolina,371261,0,0,2,0,47,COLUMBUS (47),0,NO APLICA,11,Noviembre,14,2022,17,28,US-701,2,US Highway,Rural,Arteria Menor,State Highway Agency,0,Sin jurisdiccion especial,200,34.35735,-78.709925,Vehiculo en movimiento,Angulo,Not an Intersection,No fue interseccion,Sobre calle,Ninguna,Dia total,Despejado,No,NO APLICA,99,99,99,99,1,14/11/2022,2
37,North Carolina,371262,1,1,1,0,47,COLUMBUS (47),5020,WHITEVILLE,11,Noviembre,6,2022,19,20,US-701,2,US Highway,Urbano,Arteria Principal,State Highway Agency,0,Sin jurisdiccion especial,138,34.27581389,-78.74251389,Peaton,El primer evento no fue una colision con un vehiculo automotor en transporte,Not an Intersection,No fue interseccion,Sobre calle,Ninguna,Oscuro sin iluminacion,Despejado,No,NO APLICA,99,99,99,99,1,06/11/2022,3
37,North Carolina,371263,0,0,1,0,49,CRAVEN (49),0,NO APLICA,11,Noviembre,27,2022,6,58,US-17,2,US Highway,Rural,Arteria Principal,State Highway Agency,1,Sin jurisdiccion especial,201,35.18974722,-77.05181944,Arbol,El primer evento no fue una colision con un vehiculo automotor en transporte,Not an Intersection,No fue interseccion,Sobre el lado de la calle,Ninguna,Dia total,Nublado,No,NO APLICA,99,99,99,99,1,27/11/2022,2
37,North Carolina,371264,0,0,2,0,49,CRAVEN (49),0,NO APLICA,11,Noviembre,17,2022,11,54,US-17,2,US Highway,Urbano,Arterial Principal -Freeway o ExpressWay,State Highway Agency,1,Sin jurisdiccion especial,128,35.09441389,-77.036975,Vehiculo en movimiento,Frente a Detrás,Not an Intersection,No fue interseccion,Sobre calle,Ninguna,Dia total,Despejado,No,NO APLICA,99,99,99,99,2,17/11/2022,2
37,North Carolina,371265,1,1,1,0,49,CRAVEN (49),610,BRIDGETON,11,Noviembre,22,2022,20,1,US-17,2,US Highway,Urbano,Arterial Principal -Freeway o ExpressWay,State Highway Agency,1,Sin jurisdiccion especial,141,35.11170278,-77.009425,Peaton,El primer evento no fue una colision con un vehiculo automotor en transporte,Not an Intersection,No fue interseccion,Sobre calle,Ninguna,Oscuro sin iluminacion,Nublado,No,NO APLICA,99,99,99,99,1,22/11/2022,1