Estado,Nombre de Estado,Numero de Caso,Peatones,Personas _no_vehiculos,Vehiculos automotores,Vehiculos estacionados,Condado,Nombre Condado,Ciudad,Nombre Ciudad,Mes,Nombre Mes,Dia,Año,Hora,Minuto,Calle,Ruta,Nombre Ruta,Rural o Urbanoo,Sistema Funcional,Dueño Calle,Sistema Nacional Carreteras,Jurisdiccion Especial,Milla,Latitud,Longitud,Causa del Accidente,Tipo de Accidente,Tipo Interseccion,Columna1,Lugar en la calle,Zona de Trabajo,Luz,Clima,Autobus Escolar,Cruce de Trenes,Hora Notificacion,Minuto Notificacion,Hora Llegada,Minuto Llegada,Decesos,Fecha,PersonaVehiculo
37,North Carolina,371266,0,0,1,0,51,CUMBERLAND (51),0,NO APLICA,11,Noviembre,11,2022,22,32,SSR-2233 BUTLER NURSERY RD,8,Otro,Rural,Local,State Highway Agency,0,Sin jurisdiccion especial,25,34.93203056,-78.81296667,Otro objeto (fijo),El primer evento no fue una colision con un vehiculo automotor en transporte,Not an Intersection,No fue interseccion,Sobre el lado de la calle,Ninguna,Oscuro sin iluminacion,Despejado,No,NO APLICA,99,99,99,99,2,11/11/2022,2
37,North Carolina,371267,1,1,1,0,51,CUMBERLAND (51),2250,HOPE MILLS,11,Noviembre,8,2022,22,55,I-95 US301,1,Interestatal,Urbano,Arteria Principal,State Highway Agency,1,Sin jurisdiccion especial,28,34.96756944,-78.91491389,Peaton,El primer evento no fue una colision con un vehiculo automotor en transporte,Not an Intersection,No fue interseccion,Sobre calle,Ninguna,Oscuro sin iluminacion,Despejado,No,NO APLICA,99,99,99,99,1,08/11/2022,1
37,North Carolina,371268,0,0,2,0,57,DAVIDSON (57),0,NO APLICA,11,Noviembre,9,2022,7,28,US-64,2,US Highway,Rural,Arteria Principal,State Highway Agency,1,Sin jurisdiccion especial,78,35.80879722,-80.17918889,Vehiculo en movimiento,Angulo,Four-Way Intersection,Interseccion de 4 direcciones,Sobre calle,Ninguna,Dia total,Despejado,No,NO APLICA,99,99,99,99,1,09/11/2022,2
37,North Carolina,371269,0,0,1,0,57,DAVIDSON (57),4590,THOMASVILLE,11,Noviembre,19,2022,3,21,SSR-1002 DENTON RD,8,Otro,Urbano,Colector Mayor,State Highway Agency,0,Sin jurisdiccion especial,48,35.81408333,-80.09748889,Acotamiento,El primer evento no fue una colision con un vehiculo automotor en transporte,Not an Intersection,No fue interseccion,Sobre el lado de la calle,Ninguna,Oscuro sin iluminacion,Despejado,No,NO APLICA,99,99,99,99,2,19/11/2022,3
37,North Carolina,371270,0,0,1,0,61,DUPLIN (61),0,NO APLICA,11,Noviembre,27,2022,8,16,SSR-11,8,Otro,Rural,Colector Mayor,State Highway Agency,0,Sin jurisdiccion especial,287,35.05235833,-77.83931667,Volcadura,El primer evento no fue una colision con un vehiculo automotor en transporte,Not an Intersection,No fue interseccion,Fuera de la calle,Ninguna,Dia total,Nublado,No,NO APLICA,99,99,99,99,1,27/11/2022,1
37,North Carolina,371271,0,0,2,0,63,DURHAM (63),1360,DURHAM,11,Noviembre,4,2022,15,14,US-501,2,US Highway,Urbano,Arteria Principal,State Highway Agency,1,Sin jurisdiccion especial,118,36.05835833,-78.90329722,Vehiculo en movimiento,Angulo,Not an Intersection,No fue interseccion,Sobre calle,Ninguna,Dia total,Despejado,No,NO APLICA,99,99,99,99,1,04/11/2022,2
37,North Carolina,371272,0,0,1,0,65,EDGECOMBE (65),3930,ROCKY MOUNT,11,Noviembre,19,2022,1,56,SSR-97,8,Otro,Urbano,Arteria Menor,State Highway Agency,0,Sin jurisdiccion especial,36,35.97729722,-77.76670278,Arbol,El primer evento no fue una colision con un vehiculo automotor en transporte,Not an Intersection,No fue interseccion,Sobre el lado de la calle,Ninguna,Oscuro sin iluminacion,Despejado,No,NO APLICA,99,99,99,99,1,19/11/2022,1
37,North Carolina,371273,1,1,1,0,67,FORSYTH (67),5120,WINSTON SALEM,11,Noviembre,14,2022,17,34,SSR-150,8,Otro,Urbano,Arteria Principal,State Highway Agency,0,Sin jurisdiccion especial,191,36.04338333,-80.25998611,Peaton,El primer evento no fue una colision con un vehiculo automotor en transporte,Not an Intersection,No fue interseccion,Sobre calle,Ninguna,Atardecer,Despejado,No,NO APLICA,99,99,99,99,1,14/11/2022,1
37,North Carolina,371274,0,0,1,0,69,FRANKLIN (69),0,NO APLICA,11,Noviembre,15,2022,22,24,SSR-1003 SIMS BRIDGE RD,8,Otro,Rural,Colector Menor,State Highway Agency,0,Sin jurisdiccion especial,76,36.15190833,-78.366575,Otro objeto (fijo),El primer evento no fue una colision con un vehiculo automotor en transporte,T-Intersection,Interseccion de T,Sobre el lado de la calle,Ninguna,Oscuro sin iluminacion,Nublado,No,NO APLICA,99,99,99,99,1,15/11/2022,1
37,North Carolina,371275,0,0,1,0,69,FRANKLIN (69),0,NO APLICA,11,Noviembre,26,2022,17,25,SSR-1425 WHITE LEVEL RD,8,Otro,Rural,Colector Menor,State Highway Agency,0,Sin jurisdiccion especial,50,36.11465833,-78.17763056,Culvert,El primer evento no fue una colision con un vehiculo automotor en transporte,Not an Intersection,No fue interseccion,Sobre el lado de la calle,Ninguna,Oscuro con iluminacion,Despejado,No,NO APLICA,99,99,99,99,1,26/11/2022,1
37,North Carolina,371276,0,0,1,0,69,FRANKLIN (69),5220,YOUNGSVILLE,11,Noviembre,23,2022,22,1,SSR-1140 JOHN MITCHELL RD,8,Otro,Urbano,Local,State Highway Agency,0,Sin jurisdiccion especial,15,36.04638333,-78.52347222,Culvert,El primer evento no fue una colision con un vehiculo automotor en transporte,Not an Intersection,No fue interseccion,Sobre el lado de la calle,Ninguna,Oscuro sin iluminacion,Despejado,No,NO APLICA,99,99,99,99,1,23/11/2022,2
37,North Carolina,371277,1,1,1,0,69,FRANKLIN (69),0,NO APLICA,11,Noviembre,4,2022,19,17,SSR-1770,8,Otro,Rural,Colector Mayor,State Highway Agency,0,Sin jurisdiccion especial,20,35.88797778,-78.253425,Peaton,El primer evento no fue una colision con un vehiculo automotor en transporte,Not an Intersection,No fue interseccion,Sobre calle,Ninguna,Oscuro sin iluminacion,Despejado,No,NO APLICA,99,99,99,99,1,04/11/2022,4
37,North Carolina,371279,0,0,2,0,57,DAVIDSON (57),0,NO APLICA,11,Noviembre,25,2022,7,14,SSR-1493 FRYE BRIDGE RD,8,Otro,Urbano,Colector Mayor,State Highway Agency,0,Sin jurisdiccion especial,28,35.97582222,-80.32244167,Vehiculo en movimiento,Angulo,T-Intersection,Interseccion de T,Sobre calle,Ninguna,Dia total,Nublado,No,NO APLICA,99,99,99,99,1,25/11/2022,2
37,North Carolina,371280,0,0,1,0,71,GASTON (71),9898,Not Reported,11,Noviembre,11,2022,23,57,I-85,1,Interestatal,Urbano,Interestatal,State Highway Agency,1,Sin jurisdiccion especial,7,35.24273611,-81.312775,Arbol,El primer evento no fue una colision con un vehiculo automotor en transporte,Not an Intersection,No fue interseccion,Gore?,Ninguna,Oscuro sin iluminacion,lluvia,No,NO APLICA,99,99,99,99,1,11/11/2022,1
37,North Carolina,371282,0,0,1,0,77,GRANVILLE (77),0,NO APLICA,11,Noviembre,16,2022,0,11,I-85,1,Interestatal,Rural,Interestatal,State Highway Agency,1,Sin jurisdiccion especial,156,36.17073889,-78.70654722,Volcadura,El primer evento no fue una colision con un vehiculo automotor en transporte,Not an Intersection,No fue interseccion,Sobre el lado de la calle,Ninguna,Oscuro sin iluminacion,Despejado,No,NO APLICA,99,99,99,99,1,16/11/2022,1
37,North Carolina,371283,0,0,2,0,81,GUILFORD (81),1940,GREENSBORO,11,Noviembre,21,2022,19,10,W GATE CITY BLVD,6,Calle Local Municipalidad,Urbano,Arteria Principal,Not Reported,1,Sin jurisdiccion especial,5,36.05336111,-79.83261389,Vehiculo en movimiento,Angulo,Not an Intersection,No fue interseccion,Sobre calle,Ninguna,Oscuro con iluminacion,Despejado,No,NO APLICA,99,99,99,99,1,21/11/2022,2
37,North Carolina,371284,0,0,2,0,81,GUILFORD (81),1940,GREENSBORO,11,Noviembre,17,2022,16,32,SR-W MARKET ST,3,Highway estatal,Urbano,Arteria Menor,Not Reported,0,Sin jurisdiccion especial,29,36.06845556,-79.87640556,Vehiculo en movimiento,Frente a frente,Not an Intersection,No fue interseccion,Sobre calle,Ninguna,Dia total,Despejado,No,NO APLICA,99,99,99,99,1,17/11/2022,2
37,North Carolina,371285,0,0,2,0,81,GUILFORD (81),1940,GREENSBORO,11,Noviembre,27,2022,1,52,W GATE CITY BLVD,6,Calle Local Municipalidad,Urbano,Arteria Principal,Not Reported,1,Sin jurisdiccion especial,63,36.03833611,-79.85525833,Vehiculo en movimiento,Angulo,Not an Intersection,No fue interseccion,Sobre calle,Ninguna,Oscuro con iluminacion,Nublado,No,NO APLICA,99,99,99,99,1,27/11/2022,3
37,North Carolina,371286,1,1,1,0,81,GUILFORD (81),1940,GREENSBORO,11,Noviembre,25,2022,19,11,N CHURCH ST,6,Calle Local Municipalidad,Urbano,Arteria Menor,Not Reported,0,Sin jurisdiccion especial,22,36.11841667,-79.78332778,Peaton,El primer evento no fue una colision con un vehiculo automotor en transporte,Not an Intersection,No fue interseccion,Sobre calle,Ninguna,Oscuro con iluminacion,Despejado,No,NO APLICA,99,99,99,99,1,25/11/2022,2
37,North Carolina,371287,1,1,1,0,85,HARNETT (85),0,NO APLICA,11,Noviembre,5,2022,21,23,SR-87,3,Highway estatal,Urbano,Arteria Principal,State Highway Agency,1,Sin jurisdiccion especial,54,35.27019722,-79.06055556,Peaton,El primer evento no fue una colision con un vehiculo automotor en transporte,Not an Intersection,No fue interseccion,Sobre calle,Ninguna,Oscuro sin iluminacion,lluvia,No,NO APLICA,99,99,99,99,1,05/11/2022,1
37,North Carolina,371288,0,0,1,0,97,IREDELL (97),0,NO APLICA,11,Noviembre,10,2022,19,18,US-70,2,US Highway,Rural,Arteria Principal,State Highway Agency,1,Sin jurisdiccion especial,11,35.74910833,-80.76504167,Poste de Señal de trafico,El primer evento no fue una colision con un vehiculo automotor en transporte,Not an Intersection,No fue interseccion,Sobre el lado de la calle,Ninguna,Oscuro sin iluminacion,lluvia,No,NO APLICA,99,99,99,99,1,10/11/2022,1
37,North Carolina,371289,0,0,2,0,97,IREDELL (97),3110,MOORESVILLE,11,Noviembre,29,2022,17,58,I-77,1,Interestatal,Urbano,Interestatal,State Highway Agency,1,Sin jurisdiccion especial,368,35.53374444,-80.86181944,Vehiculo en movimiento,Frente a Detrás,Not an Intersection,No fue interseccion,Sobre calle,Ninguna,Oscuro sin iluminacion,Despejado,No,NO APLICA,99,99,99,99,1,29/11/2022,4
37,North Carolina,371290,0,0,2,0,101,JOHNSTON (101),0,NO APLICA,11,Noviembre,26,2022,20,59,SR-42,3,Highway estatal,Urbano,Arteria Menor,State Highway Agency,0,Sin jurisdiccion especial,177,35.65639722,-78.32424722,Vehiculo en movimiento,Frente a frente,Not an Intersection,No fue interseccion,Sobre calle,Ninguna,Oscuro sin iluminacion,Despejado,No,NO APLICA,99,99,99,99,1,26/11/2022,3
37,North Carolina,371291,1,1,1,0,101,JOHNSTON (101),4230,SMITHFIELD,11,Noviembre,8,2022,22,41,US-301,2,US Highway,Urbano,Arteria Menor,State Highway Agency,1,Sin jurisdiccion especial,140,35.48046111,-78.37133611,No vehiculo o remolque,El primer evento no fue una colision con un vehiculo automotor en transporte,Not an Intersection,No fue interseccion,Sobre calle,Ninguna,Oscuro sin iluminacion,Despejado,No,NO APLICA,99,99,99,99,1,08/11/2022,1
37,North Carolina,371292,1,1,2,0,105,LEE (105),4090,SANFORD,11,Noviembre,12,2022,17,34,US-421 N HORNER BLVD,2,US Highway,Urbano,Arteria Principal,State Highway Agency,0,Sin jurisdiccion especial,44,35.48013056,-79.18055278,Peaton,El primer evento no fue una colision con un vehiculo automotor en transporte,Four-Way Intersection,Interseccion de 4 direcciones,Sobre calle,Ninguna,Atardecer,Despejado,No,NO APLICA,99,99,99,99,1,12/11/2022,3
37,North Carolina,371293,0,0,2,0,107,LENOIR (107),0,NO APLICA,11,Noviembre,26,2022,5,37,US-258,2,US Highway,Urbano,Arteria Principal,State Highway Agency,0,Sin jurisdiccion especial,223,35.31846111,-77.65775278,Vehiculo en movimiento,Angulo,T-Intersection,Interseccion de T,Sobre calle,Ninguna,Oscuro sin iluminacion,Despejado,No,NO APLICA,99,99,99,99,1,26/11/2022,2
37,North Carolina,371294,1,1,1,0,113,MACON (113),0,NO APLICA,11,Noviembre,2,2022,6,5,US-23,2,US Highway,Rural,Arteria Principal,State Highway Agency,1,Sin jurisdiccion especial,93,35.12619167,-83.39462222,Peaton,El primer evento no fue una colision con un vehiculo automotor en transporte,Not an Intersection,No fue interseccion,Sobre calle,Ninguna,Oscuro sin iluminacion,Despejado,No,NO APLICA,99,99,99,99,1,02/11/2022,1
37,North Carolina,371295,0,0,2,0,115,MADISON (115),0,NO APLICA,11,Noviembre,22,2022,13,24,US-25,2,US Highway,Rural,Arteria Menor,State Highway Agency,0,Sin jurisdiccion especial,64,35.81438611,-82.68756111,Vehiculo en movimiento,Frente a frente,Not an Intersection,No fue interseccion,Sobre calle,Ninguna,Dia total,Nublado,No,NO APLICA,99,99,99,99,1,22/11/2022,3
37,North Carolina,371296,0,0,1,0,111,MCDOWELL (111),0,NO APLICA,11,Noviembre,20,2022,19,30,SSR-1240 PARKER PADGETT RD,8,Otro,Rural,Local,State Highway Agency,0,Sin jurisdiccion especial,17,35.63223889,-82.12291389,Acotamiento,El primer evento no fue una colision con un vehiculo automotor en transporte,Not an Intersection,No fue interseccion,Sobre el lado de la calle,Ninguna,Oscuro sin iluminacion,Despejado,No,NO APLICA,99,99,99,99,1,20/11/2022,1
37,North Carolina,371297,1,1,1,0,111,MCDOWELL (111),2900,MARION,11,Noviembre,8,2022,18,47,LEACH ST,6,Calle Local Municipalidad,Urbano,Local,Not Reported,0,Sin jurisdiccion especial,0,35.68661944,-81.99236944,Peaton,El primer evento no fue una colision con un vehiculo automotor en transporte,Not an Intersection,No fue interseccion,Sobre calle,Ninguna,Oscuro sin iluminacion,Despejado,No,NO APLICA,99,99,99,99,1,08/11/2022,1
37,North Carolina,371298,0,0,2,0,119,MECKLENBURG (119),870,CHARLOTTE,11,Noviembre,1,2022,7,18,US-29 N TYRON ST,2,US Highway,Urbano,Arteria Principal,State Highway Agency,1,Sin jurisdiccion especial,143,35.25818611,-80.78425,Vehiculo en movimiento,Angulo,T-Intersection,Interseccion de T,Sobre calle,Ninguna,Amanecer,Nublado,No,NO APLICA,99,99,99,99,1,01/11/2022,2
37,North Carolina,371299,0,0,2,0,119,MECKLENBURG (119),870,CHARLOTTE,11,Noviembre,4,2022,2,43,I-77,1,Interestatal,Urbano,Interestatal,State Highway Agency,1,Sin jurisdiccion especial,204,35.13219444,-80.91272778,Vehiculo en movimiento,Frente a Detrás,Not an Intersection,No fue interseccion,Sobre calle,Ninguna,Oscuro con iluminacion,Despejado,No,NO APLICA,99,99,99,99,1,04/11/2022,2
37,North Carolina,371300,0,0,1,0,119,MECKLENBURG (119),870,CHARLOTTE,11,Noviembre,29,2022,0,10,W TRADE STREET,6,Calle Local Municipalidad,Urbano,Arteria Menor,Not Reported,0,Sin jurisdiccion especial,0,35.23752778,-80.85896111,Volcadura,El primer evento no fue una colision con un vehiculo automotor en transporte,Not an Intersection,No fue interseccion,Sobre el lado de la calle,Ninguna,Oscuro con iluminacion,Despejado,No,NO APLICA,99,99,99,97,2,29/11/2022,2
37,North Carolina,371301,0,0,2,0,119,MECKLENBURG (119),870,CHARLOTTE,11,Noviembre,26,2022,1,32,I-85,1,Interestatal,Urbano,Interestatal,State Highway Agency,1,Sin jurisdiccion especial,132,35.25515833,-80.88811944,Vehiculo en movimiento,Golpe Lateral - misma direccion,Not an Intersection,No fue interseccion,Sobre calle,Ninguna,Oscuro con iluminacion,Despejado,No,NO APLICA,99,99,99,99,1,26/11/2022,3
37,North Carolina,371302,0,0,2,0,119,MECKLENBURG (119),870,CHARLOTTE,11,Noviembre,30,2022,5,40,SR-16 PROVIDENCE RD,3,Highway estatal,Urbano,Arteria Principal,State Highway Agency,1,Sin jurisdiccion especial,84,35.15445,-80.79488889,Vehiculo en movimiento,Frente a frente,Four-Way Intersection,Interseccion de 4 direcciones,Sobre calle,Ninguna,Oscuro con iluminacion,lluvia,No,NO APLICA,99,99,99,99,1,30/11/2022,2
37,North Carolina,371303,1,1,1,0,119,MECKLENBURG (119),870,CHARLOTTE,11,Noviembre,14,2022,6,31,MATHESON AVE,6,Calle Local Municipalidad,Urbano,Colector Mayor,Not Reported,0,Sin jurisdiccion especial,0,35.24824722,-80.81506667,Peaton,El primer evento no fue una colision con un vehiculo automotor en transporte,Not an Intersection,No fue interseccion,Sobre calle,Ninguna,Oscuro sin iluminacion,Despejado,No,NO APLICA,99,99,99,99,1,14/11/2022,1
37,North Carolina,371304,1,1,1,0,119,MECKLENBURG (119),870,CHARLOTTE,11,Noviembre,19,2022,3,11,I-77,1,Interestatal,Urbano,Interestatal,State Highway Agency,1,Sin jurisdiccion especial,150,35.29730278,-80.85035833,Peaton,El primer evento no fue una colision con un vehiculo automotor en transporte,Not an Intersection,No fue interseccion,Sobre calle,Ninguna,Oscuro sin iluminacion,Despejado,No,NO APLICA,99,99,99,99,1,19/11/2022,1
37,North Carolina,371305,1,1,1,0,119,MECKLENBURG (119),870,CHARLOTTE,11,Noviembre,27,2022,22,34,SR-16 W BROOKSHIRE FRWY,3,Highway estatal,Urbano,Arterial Principal -Freeway o ExpressWay,State Highway Agency,1,Sin jurisdiccion especial,173,35.25410833,-80.86559167,Peaton,El primer evento no fue una colision con un vehiculo automotor en transporte,Not an Intersection,No fue interseccion,En el medio,Ninguna,Oscuro sin iluminacion,Nublado,No,NO APLICA,99,99,99,99,1,27/11/2022,1
37,North Carolina,371306,1,1,1,0,119,MECKLENBURG (119),1080,CORNELIUS,11,Noviembre,30,2022,7,5,SSR-5544 W CATAWBA AVE,8,Otro,Urbano,Arteria Menor,State Highway Agency,1,Sin jurisdiccion especial,16,35.46628611,-80.88875556,Peaton,El primer evento no fue una colision con un vehiculo automotor en transporte,T-Intersection,Interseccion de T,Sobre calle,Ninguna,Oscuro con iluminacion,Nublado,No,NO APLICA,99,99,99,97,1,30/11/2022,1
37,North Carolina,371307,0,0,3,0,119,MECKLENBURG (119),870,CHARLOTTE,11,Noviembre,10,2022,16,0,I-77 RAMP,1,Interestatal,Urbano,Interestatal,State Highway Agency,1,Sin jurisdiccion especial,12,35.12362778,-80.91470556,Volcadura,El primer evento no fue una colision con un vehiculo automotor en transporte,Not an Intersection,No fue interseccion,Gore?,Ninguna,Dia total,lluvia,No,NO APLICA,99,99,99,99,1,10/11/2022,8
37,North Carolina,371308,1,1,1,0,125,MOORE (125),0,NO APLICA,11,Noviembre,7,2022,18,26,SR-211,3,Highway estatal,Rural,Arteria Menor,State Highway Agency,0,Sin jurisdiccion especial,218,35.28216667,-79.62923333,Ciclista,El primer evento no fue una colision con un vehiculo automotor en transporte,Not an Intersection,No fue interseccion,Sobre calle,Ninguna,Oscuro sin iluminacion,Despejado,No,NO APLICA,99,99,99,99,1,07/11/2022,2
37,North Carolina,371309,0,0,2,0,125,MOORE (125),0,NO APLICA,11,Noviembre,21,2022,13,28,SR-22,3,Highway estatal,Rural,Arteria Menor,State Highway Agency,0,Sin jurisdiccion especial,56,35.26281389,-79.41574722,Vehiculo en movimiento,Angulo,Four-Way Intersection,Interseccion de 4 direcciones,Sobre calle,Ninguna,Dia total,Despejado,No,NO APLICA,99,99,99,99,1,21/11/2022,2
37,North Carolina,371310,1,1,1,0,125,MOORE (125),10,ABERDEEN,11,Noviembre,10,2022,20,11,US-1,2,US Highway,Urbano,Arteria Principal,State Highway Agency,1,Sin jurisdiccion especial,81,35.15075556,-79.41781111,Peaton,El primer evento no fue una colision con un vehiculo automotor en transporte,T-Intersection,Interseccion de T,Sobre calle,Ninguna,Oscuro con iluminacion,lluvia,No,NO APLICA,99,99,99,99,1,10/11/2022,1
37,North Carolina,371311,0,0,1,0,127,NASH (127),0,NO APLICA,11,Noviembre,4,2022,23,4,SSR-1425 W CASTALIA RD,8,Otro,Rural,Colector Menor,State Highway Agency,0,Sin jurisdiccion especial,15,36.05259167,-78.00726111,Buzon de correo,El primer evento no fue una colision con un vehiculo automotor en transporte,Not an Intersection,No fue interseccion,Sobre el lado de la calle,Ninguna,Oscuro sin iluminacion,Neblina o Humo,No,NO APLICA,99,99,99,99,1,04/11/2022,2
37,North Carolina,371312,1,1,1,0,127,NASH (127),3930,ROCKY MOUNT,11,Noviembre,10,2022,21,3,US-301 N WESLEYAN BLVD,2,US Highway,Urbano,Arteria Principal,State Highway Agency,1,Sin jurisdiccion especial,98,35.97018056,-77.81025833,Peaton,El primer evento no fue una colision con un vehiculo automotor en transporte,Not an Intersection,No fue interseccion,Sobre calle,Ninguna,Oscuro sin iluminacion,Nublado,No,NO APLICA,99,99,99,99,1,10/11/2022,1
37,North Carolina,371313,0,0,1,0,133,ONSLOW (133),0,NO APLICA,11,Noviembre,8,2022,99,99,SSR-1324 RAMSEY RD,8,Otro,Rural,Colector Mayor,State Highway Agency,0,Sin jurisdiccion especial,43,34.80961667,-77.39257222,Zanja,El primer evento no fue una colision con un vehiculo automotor en transporte,Not an Intersection,No fue interseccion,Sobre el lado de la calle,Ninguna,Reportada como desconocida,No reportado,No,NO APLICA,10,12,10,18,1,08/11/2022,1
37,North Carolina,371314,0,0,1,0,141,PENDER (141),0,NO APLICA,11,Noviembre,12,2022,23,58,SSR-1570 FACTORY RD,8,Otro,Urbano,Local,State Highway Agency,0,Sin jurisdiccion especial,20,34.36163611,-77.69307222,Zanja,El primer evento no fue una colision con un vehiculo automotor en transporte,Not an Intersection,No fue interseccion,Sobre el lado de la calle,Ninguna,Oscuro sin iluminacion,Despejado,No,NO APLICA,99,99,99,99,2,12/11/2022,2
37,North Carolina,371315,0,0,1,0,141,PENDER (141),0,NO APLICA,11,Noviembre,23,2022,11,17,SSR-1336 HORSE BRANCH RD,8,Otro,Rural,Local,State Highway Agency,0,Sin jurisdiccion especial,18,34.62440556,-77.98487222,Zanja,El primer evento no fue una colision con un vehiculo automotor en transporte,Not an Intersection,No fue interseccion,Sobre el lado de la calle,Ninguna,Dia total,Despejado,No,NO APLICA,99,99,99,99,1,23/11/2022,1
37,North Carolina,371316,1,1,1,0,141,PENDER (141),0,NO APLICA,11,Noviembre,3,2022,4,56,US-117,2,US Highway,Rural,Colector Mayor,State Highway Agency,0,Sin jurisdiccion especial,223,34.67148889,-77.93898056,Peaton,El primer evento no fue una colision con un vehiculo automotor en transporte,Not an Intersection,No fue interseccion,Sobre calle,Ninguna,Oscuro sin iluminacion,Despejado,No,NO APLICA,99,99,99,99,1,03/11/2022,1
37,North Carolina,371317,0,0,2,0,147,PITT (147),0,NO APLICA,11,Noviembre,28,2022,8,48,SSR-1110 E HANRAHAN RD,8,Otro,Rural,Colector Menor,State Highway Agency,0,Sin jurisdiccion especial,66,35.39329722,-77.39222778,Vehiculo en movimiento,Frente a frente,Not an Intersection,No fue interseccion,Sobre calle,Ninguna,Dia total,Despejado,No,NO APLICA,99,99,99,99,1,28/11/2022,2
37,North Carolina,371318,0,0,1,0,147,PITT (147),1950,GREENVILLE,11,Noviembre,26,2022,4,43,SSR-1703 E 14TH AVE,8,Otro,Urbano,Arteria Menor,State Highway Agency,0,Sin jurisdiccion especial,6,35.59756944,-77.36071389,Poste,El primer evento no fue una colision con un vehiculo automotor en transporte,Not an Intersection,No fue interseccion,Sobre el lado de la calle,Ninguna,Oscuro con iluminacion,Despejado,No,NO APLICA,99,99,99,99,1,26/11/2022,4
37,North Carolina,371319,0,0,2,0,147,PITT (147),240,AYDEN,11,Noviembre,26,2022,14,56,SSR-1113 OLD SNOWHILL RD,8,Otro,Urbano,Local,State Highway Agency,0,Sin jurisdiccion especial,8,35.46541389,-77.45650556,Vehiculo en movimiento,Angulo,Four-Way Intersection,Interseccion de 4 direcciones,Sobre calle,Ninguna,Dia total,Despejado,No,NO APLICA,99,99,99,99,1,26/11/2022,2
37,North Carolina,371320,1,1,1,0,151,RANDOLPH (151),0,NO APLICA,11,Noviembre,18,2022,21,36,I-73,1,Interestatal,Rural,Interestatal,State Highway Agency,1,Sin jurisdiccion especial,15,35.80538889,-79.82222222,Peaton,El primer evento no fue una colision con un vehiculo automotor en transporte,Not an Intersection,No fue interseccion,Sobre calle,Ninguna,Oscuro sin iluminacion,Despejado,No,NO APLICA,99,99,99,99,1,18/11/2022,1
37,North Carolina,371321,0,0,2,0,155,ROBESON (155),0,NO APLICA,11,Noviembre,17,2022,16,6,SSR-1752 RENNERT RD,8,Otro,Rural,Local,State Highway Agency,0,Sin jurisdiccion especial,171,34.71746944,-79.03270278,Vehiculo en movimiento,Angulo,Four-Way Intersection,Interseccion de 4 direcciones,Sobre calle,Ninguna,Dia total,Despejado,No,NO APLICA,99,99,99,99,2,17/11/2022,4
37,North Carolina,371322,0,0,2,0,155,ROBESON (155),0,NO APLICA,11,Noviembre,1,2022,19,18,SSR-1515 ST ANNA RD,8,Otro,Rural,Local,State Highway Agency,0,Sin jurisdiccion especial,8,34.70047778,-79.20771944,Vehiculo en movimiento,Angulo,Four-Way Intersection,Interseccion de 4 direcciones,Sobre calle,Ninguna,Oscuro sin iluminacion,Despejado,No,NO APLICA,99,99,99,99,1,01/11/2022,5
37,North Carolina,371323,0,0,1,0,155,ROBESON (155),0,NO APLICA,11,Noviembre,25,2022,23,16,SSR-1725 CAROLINA CHURCH RD,8,Otro,Rural,Colector Menor,State Highway Agency,0,Sin jurisdiccion especial,19,34.87633889,-79.00819444,Valla Ferrocarril,El primer evento no fue una colision con un vehiculo automotor en transporte,T-Intersection,Interseccion de T,Sobre el lado de la calle,Ninguna,Oscuro sin iluminacion,Despejado,No,NO APLICA,99,99,99,99,1,25/11/2022,1
37,North Carolina,371324,0,0,2,0,155,ROBESON (155),0,NO APLICA,11,Noviembre,22,2022,15,5,US-74,2,US Highway,Rural,Arterial Principal -Freeway o ExpressWay,State Highway Agency,1,Sin jurisdiccion especial,12,34.45774722,-78.973525,Vehiculo en movimiento,Angulo,T-Intersection,Interseccion de T,Sobre calle,Ninguna,Dia total,Despejado,No,NO APLICA,99,99,99,99,1,22/11/2022,4
37,North Carolina,371325,0,0,2,0,155,ROBESON (155),0,NO APLICA,11,Noviembre,22,2022,13,43,SR-41,3,Highway estatal,Urbano,Arteria Menor,State Highway Agency,0,Sin jurisdiccion especial,178,34.59163889,-79.04197778,Vehiculo en movimiento,Frente a frente,T-Intersection,Interseccion de T,Sobre calle,Ninguna,Dia total,Despejado,No,NO APLICA,99,99,99,99,1,22/11/2022,3
37,North Carolina,371326,0,0,1,0,155,ROBESON (155),0,NO APLICA,11,Noviembre,15,2022,4,18,SSR-1578,8,Otro,Rural,Local,State Highway Agency,0,Sin jurisdiccion especial,22,34.73032222,-79.17616944,Arbol,El primer evento no fue una colision con un vehiculo automotor en transporte,Not an Intersection,No fue interseccion,Sobre el lado de la calle,Ninguna,Oscuro sin iluminacion,Despejado,No,NO APLICA,99,99,99,99,1,15/11/2022,1
37,North Carolina,371327,0,0,2,0,157,ROCKINGHAM (157),0,NO APLICA,11,Noviembre,21,2022,15,43,US-29 FREEWAY DR,2,US Highway,Urbano,Arterial Principal -Freeway o ExpressWay,State Highway Agency,1,Sin jurisdiccion especial,85,36.36849444,-79.67921944,Otra barrera de trafico,El primer evento no fue una colision con un vehiculo automotor en transporte,Not an Intersection,No fue interseccion,En el medio,Ninguna,Dia total,Despejado,No,NO APLICA,99,99,99,99,1,21/11/2022,4