Estado,Nombre de Estado,Numero de Caso,Peatones,Personas _no_vehiculos,Vehiculos automotores,Vehiculos estacionados,Condado,Nombre Condado,Ciudad,Nombre Ciudad,Mes,Nombre Mes,Dia,Año,Hora,Minuto,Calle,Ruta,Nombre Ruta,Rural o Urbanoo,Sistema Funcional,Dueño Calle,Sistema Nacional Carreteras,Jurisdiccion Especial,Milla,Latitud,Longitud,Causa del Accidente,Tipo de Accidente,Tipo Interseccion,Columna1,Lugar en la calle,Zona de Trabajo,Luz,Clima,Autobus Escolar,Cruce de Trenes,Hora Notificacion,Minuto Notificacion,Hora Llegada,Minuto Llegada,Decesos,Fecha,PersonaVehiculo
37,North Carolina,371328,0,0,2,0,157,ROCKINGHAM (157),0,NO APLICA,11,Noviembre,26,2022,22,33,US-29,2,US Highway,Urbano,Arterial Principal -Freeway o ExpressWay,State Highway Agency,1,Sin jurisdiccion especial,82,36.35880556,-79.628175,Vehiculo en movimiento,Frente a frente,Not an Intersection,No fue interseccion,Sobre calle,Ninguna,Oscuro sin iluminacion,Despejado,No,NO APLICA,99,99,99,99,2,26/11/2022,3
37,North Carolina,371329,0,0,2,0,159,ROWAN (159),0,NO APLICA,11,Noviembre,24,2022,18,42,SSR-1002 OLD CONCORD RD,8,Otro,Urbano,Arteria Menor,State Highway Agency,0,Sin jurisdiccion especial,220,35.58458889,-80.50084444,Vehiculo en movimiento,Frente a frente,T-Intersection,Interseccion de T,Sobre calle,Ninguna,Oscuro sin iluminacion,Despejado,No,NO APLICA,99,99,99,99,1,24/11/2022,2
37,North Carolina,371330,0,0,2,0,161,RUTHERFORD (161),1680,FOREST CITY,11,Noviembre,30,2022,23,25,US-74 COLLEGE AVE,2,US Highway,Urbano,Arteria Principal,State Highway Agency,1,Sin jurisdiccion especial,19,35.33391944,-81.89026389,Vehiculo en movimiento,Angulo,Four-Way Intersection,Interseccion de 4 direcciones,Sobre calle,Ninguna,Oscuro con iluminacion,Despejado,No,NO APLICA,99,99,99,99,1,30/11/2022,3
37,North Carolina,371331,0,0,1,0,163,SAMPSON (163),0,NO APLICA,11,Noviembre,4,2022,14,26,US-13,2,US Highway,Rural,Arteria Menor,State Highway Agency,0,Sin jurisdiccion especial,168,35.23784167,-78.36781944,Arbol,El primer evento no fue una colision con un vehiculo automotor en transporte,Not an Intersection,No fue interseccion,Sobre el lado de la calle,Ninguna,Dia total,Despejado,No,NO APLICA,99,99,99,99,1,04/11/2022,1
37,North Carolina,371332,0,0,1,0,163,SAMPSON (163),0,NO APLICA,11,Noviembre,12,2022,1,43,SSR-1620 TIMOTHY RD,8,Otro,Rural,Colector Menor,State Highway Agency,0,Sin jurisdiccion especial,54,35.24214167,-78.49741111,Buzon de correo,El primer evento no fue una colision con un vehiculo automotor en transporte,Not an Intersection,No fue interseccion,Sobre el lado de la calle,Ninguna,Oscuro sin iluminacion,Despejado,No,NO APLICA,99,99,99,99,1,12/11/2022,2
37,North Carolina,371333,0,0,3,0,163,SAMPSON (163),0,NO APLICA,11,Noviembre,25,2022,23,32,I-40,1,Interestatal,Rural,Interestatal,State Highway Agency,1,Sin jurisdiccion especial,117,35.15694167,-78.23444722,Vehiculo en movimiento,Golpe Lateral - direccion contraria,Not an Intersection,No fue interseccion,Sobre calle,Ninguna,Oscuro sin iluminacion,Despejado,No,NO APLICA,99,99,99,99,1,25/11/2022,3
37,North Carolina,371334,0,0,1,0,165,SCOTLAND (165),0,NO APLICA,11,Noviembre,28,2022,22,7,SSR-1435 SKYWAY CHURCH RD,8,Otro,Rural,Colector Menor,State Highway Agency,0,Sin jurisdiccion especial,16,34.77154444,-79.36175833,Arbol,El primer evento no fue una colision con un vehiculo automotor en transporte,Not an Intersection,No fue interseccion,Sobre el lado de la calle,Ninguna,Oscuro sin iluminacion,Despejado,No,NO APLICA,99,99,99,99,1,28/11/2022,1
37,North Carolina,371335,0,0,2,0,169,STOKES (169),0,NO APLICA,11,Noviembre,9,2022,13,31,US-311,2,US Highway,Rural,Arteria Menor,State Highway Agency,0,Sin jurisdiccion especial,79,36.33650833,-80.07766944,Vehiculo en movimiento,Angulo,Four-Way Intersection,Interseccion de 4 direcciones,Sobre calle,Ninguna,Dia total,Despejado,No,NO APLICA,99,99,99,99,1,09/11/2022,3
37,North Carolina,371336,0,0,1,0,179,UNION (179),0,NO APLICA,11,Noviembre,9,2022,20,58,US-601,2,US Highway,Rural,Arteria Menor,State Highway Agency,0,Sin jurisdiccion especial,258,35.15246111,-80.53543056,Valla Ferrocarril,El primer evento no fue una colision con un vehiculo automotor en transporte,Not an Intersection,No fue interseccion,Sobre el lado de la calle,Ninguna,Oscuro sin iluminacion,Despejado,No,NO APLICA,99,99,99,99,1,09/11/2022,1
37,North Carolina,371337,0,0,1,0,183,WAKE (183),0,NO APLICA,11,Noviembre,9,2022,23,26,SSR-2719 RANCH FARM RD,8,Otro,Urbano,Local,State Highway Agency,0,Sin jurisdiccion especial,1,35.70827778,-78.65345833,Otro objeto (no fijo),El primer evento no fue una colision con un vehiculo automotor en transporte,Not an Intersection,No fue interseccion,Fuera de la calle,Ninguna,Oscuro sin iluminacion,Despejado,No,NO APLICA,99,99,99,99,1,09/11/2022,1
37,North Carolina,371338,1,1,1,0,183,WAKE (183),3750,RALEIGH,11,Noviembre,29,2022,20,10,US-64 NEW BERN AVE,2,US Highway,Urbano,Arteria Principal,State Highway Agency,0,Sin jurisdiccion especial,167,35.79803889,-78.55698056,Peaton,El primer evento no fue una colision con un vehiculo automotor en transporte,Not an Intersection,No fue interseccion,Sobre calle,Ninguna,Oscuro sin iluminacion,Despejado,No,NO APLICA,99,99,99,99,1,29/11/2022,1
37,North Carolina,371339,0,0,2,0,183,WAKE (183),0,NO APLICA,11,Noviembre,11,2022,19,34,SSR-1002 AVIATION PKWY,8,Otro,Urbano,Arteria Menor,State Highway Agency,0,Sin jurisdiccion especial,18,35.84353056,-78.80298889,Vehiculo en movimiento,Frente a frente,Not an Intersection,No fue interseccion,Sobre calle,Ninguna,Oscuro sin iluminacion,lluvia,No,NO APLICA,99,99,99,99,1,11/11/2022,6
37,North Carolina,371340,1,1,1,0,183,WAKE (183),3750,RALEIGH,11,Noviembre,25,2022,19,32,SSR-5808 HILLSBOROUGH ST,8,Otro,Urbano,Arteria Menor,State Highway Agency,0,Sin jurisdiccion especial,15,35.78847222,-78.74178333,Peaton,El primer evento no fue una colision con un vehiculo automotor en transporte,Not an Intersection,No fue interseccion,Sobre calle,Ninguna,Oscuro sin iluminacion,Despejado,No,NO APLICA,99,99,99,99,1,25/11/2022,1
37,North Carolina,371342,0,0,1,0,191,WAYNE (191),0,NO APLICA,11,Noviembre,24,2022,0,17,SSR-1242 PERKINS MILL RD,8,Otro,Urbano,Local,State Highway Agency,0,Sin jurisdiccion especial,99998,35.40888889,-78.04503056,Zanja,El primer evento no fue una colision con un vehiculo automotor en transporte,Not an Intersection,No fue interseccion,Sobre el lado de la calle,Ninguna,Oscuro sin iluminacion,Despejado,No,NO APLICA,99,99,99,99,1,24/11/2022,1
37,North Carolina,371343,0,0,2,0,191,WAYNE (191),0,NO APLICA,11,Noviembre,13,2022,22,46,US-70 BYP,2,US Highway,Rural,Arterial Principal -Freeway o ExpressWay,State Highway Agency,1,Sin jurisdiccion especial,11,35.32435833,-77.83830278,Vehiculo en movimiento,Frente a frente,Not an Intersection,No fue interseccion,Sobre calle,Ninguna,Oscuro sin iluminacion,Despejado,No,NO APLICA,99,99,99,99,4,13/11/2022,5
37,North Carolina,371344,0,0,2,0,193,WILKES (193),0,NO APLICA,11,Noviembre,29,2022,19,19,SR-268,3,Highway estatal,Rural,Colector Mayor,State Highway Agency,0,Sin jurisdiccion especial,89,36.10131111,-81.2695,Vehiculo en movimiento,Frente a Detrás,Not an Intersection,No fue interseccion,Sobre calle,Ninguna,Oscuro sin iluminacion,Despejado,No,NO APLICA,99,99,99,97,1,29/11/2022,2
37,North Carolina,371345,1,1,1,0,193,WILKES (193),0,NO APLICA,11,Noviembre,17,2022,22,1,SR-18,3,Highway estatal,Urbano,Arteria Menor,State Highway Agency,0,Sin jurisdiccion especial,216,36.21670556,-81.16609722,Peaton,El primer evento no fue una colision con un vehiculo automotor en transporte,Not an Intersection,No fue interseccion,Sobre calle,Ninguna,Oscuro sin iluminacion,Despejado,No,NO APLICA,99,99,99,99,1,17/11/2022,1
37,North Carolina,371346,0,0,1,0,195,WILSON (195),0,NO APLICA,11,Noviembre,15,2022,5,23,US-264,2,US Highway,Rural,Arterial Principal -Freeway o ExpressWay,State Highway Agency,1,Sin jurisdiccion especial,103,35.67711944,-77.94526944,Arbol,El primer evento no fue una colision con un vehiculo automotor en transporte,Not an Intersection,No fue interseccion,Sobre el lado de la calle,Ninguna,Oscuro sin iluminacion,Despejado,No,NO APLICA,99,99,99,99,1,15/11/2022,2
37,North Carolina,371347,0,0,1,0,197,YADKIN (197),0,NO APLICA,11,Noviembre,4,2022,18,40,US-421,2,US Highway,Rural,Arterial Principal -Freeway o ExpressWay,State Highway Agency,1,Sin jurisdiccion especial,49,36.119,-80.79446944,Volcadura,El primer evento no fue una colision con un vehiculo automotor en transporte,Not an Intersection,No fue interseccion,Sobre el lado de la calle,Ninguna,Oscuro sin iluminacion,Despejado,No,NO APLICA,99,99,99,99,1,04/11/2022,1
37,North Carolina,371348,1,1,1,0,197,YADKIN (197),5200,YADKINVILLE,11,Noviembre,21,2022,22,23,US-601 NORTH STATE ST,2,US Highway,Rural,Arteria Menor,State Highway Agency,0,Sin jurisdiccion especial,64,36.13735556,-80.65959722,Peaton,El primer evento no fue una colision con un vehiculo automotor en transporte,Not an Intersection,No fue interseccion,Sobre calle,Ninguna,Oscuro con iluminacion,Despejado,No,NO APLICA,99,99,99,99,1,21/11/2022,2
37,North Carolina,371349,0,0,1,0,51,CUMBERLAND (51),0,NO APLICA,11,Noviembre,7,2022,6,52,I-295,1,Interestatal,Rural,Interestatal,State Highway Agency,1,Sin jurisdiccion especial,60,35.15370556,-78.85300556,Otro objeto (fijo),El primer evento no fue una colision con un vehiculo automotor en transporte,Not an Intersection,No fue interseccion,En el medio,Ninguna,Dia total,Despejado,No,NO APLICA,99,99,99,99,1,07/11/2022,2
37,North Carolina,371350,0,0,4,0,119,MECKLENBURG (119),870,CHARLOTTE,10,Octubre,25,2022,14,15,BALLANTYNE COMMONS PKWY,8,Otro,Urbano,Colector Menor,City or Municipal Highway Agency,0,Sin jurisdiccion especial,2,35.05575278,-80.85462778,Vehiculo en movimiento,Angulo,Four-Way Intersection,Interseccion de 4 direcciones,Sobre calle,Ninguna,Dia total,Despejado,No,NO APLICA,99,99,99,99,1,25/10/2022,8
37,North Carolina,371351,0,0,1,0,1,ALAMANCE (1),0,NO APLICA,12,Diciembre,6,2022,23,11,SSR-1149 HUFFMAN MILL RD,6,Calle Local Municipalidad,Rural,Arteria Principal,State Highway Agency,0,Sin jurisdiccion especial,16,36.043725,-79.518425,Zanja,El primer evento no fue una colision con un vehiculo automotor en transporte,Not an Intersection,No fue interseccion,Sobre el lado de la calle,Ninguna,Oscuro sin iluminacion,Despejado,No,NO APLICA,99,99,99,99,1,06/12/2022,1
37,North Carolina,371352,0,0,2,0,7,ANSON (7),0,NO APLICA,12,Diciembre,1,2022,10,56,SSR-1220 LONG PINE CHURCH RD,8,Otro,Rural,Local,State Highway Agency,0,Sin jurisdiccion especial,5,34.82300278,-80.20786111,Vehiculo en movimiento,Angulo,Not an Intersection,No fue interseccion,Sobre calle,Ninguna,Dia total,Despejado,No,NO APLICA,99,99,99,99,2,01/12/2022,3
37,North Carolina,371353,0,0,1,0,9,ASHE (9),0,NO APLICA,12,Diciembre,31,2022,16,19,US-221,2,US Highway,Rural,Arteria Menor,State Highway Agency,0,Sin jurisdiccion especial,6,36.32601389,-81.51913889,Acotamiento,El primer evento no fue una colision con un vehiculo automotor en transporte,Not an Intersection,No fue interseccion,Sobre el lado de la calle,Ninguna,Dia total,lluvia,No,NO APLICA,99,99,99,99,1,31/12/2022,1
37,North Carolina,371354,0,0,3,0,17,BLADEN (17),0,NO APLICA,12,Diciembre,1,2022,12,49,US-701,2,US Highway,Rural,Arteria Menor,State Highway Agency,1,Sin jurisdiccion especial,209,34.67303333,-78.49012778,Vehiculo en movimiento,Golpe Lateral - direccion contraria,Not an Intersection,No fue interseccion,Sobre calle,Ninguna,Dia total,Despejado,No,NO APLICA,99,99,99,99,1,01/12/2022,4
37,North Carolina,371355,0,0,2,0,17,BLADEN (17),0,NO APLICA,12,Diciembre,6,2022,11,48,SR-242,3,Highway estatal,Rural,Colector Mayor,State Highway Agency,0,Sin jurisdiccion especial,329,34.80031389,-78.57978056,Vehiculo en movimiento,Angulo,Four-Way Intersection,Interseccion de 4 direcciones,Sobre calle,Ninguna,Dia total,Despejado,No,NO APLICA,99,99,99,99,1,06/12/2022,3
37,North Carolina,371356,0,0,2,0,19,BRUNSWICK (19),0,NO APLICA,12,Diciembre,7,2022,11,44,SSR-1426 MT MISERY RD,8,Otro,Rural,Colector Menor,State Highway Agency,0,Sin jurisdiccion especial,57,34.29535556,-78.05939722,Vehiculo en movimiento,Frente a frente,Not an Intersection,No fue interseccion,Sobre calle,Ninguna,Dia total,Despejado,No,NO APLICA,99,99,99,99,2,07/12/2022,3
37,North Carolina,371357,0,0,2,1,19,BRUNSWICK (19),2584,LELAND,12,Diciembre,17,2022,9,40,SSR-1439 BLUFF DR NE,8,Otro,Urbano,Local,State Highway Agency,0,Sin jurisdiccion especial,3,34.24770833,-78.05990556,Zanja,El primer evento no fue una colision con un vehiculo automotor en transporte,Not an Intersection,No fue interseccion,Fuera de la calle,Ninguna,Dia total,Nublado,No,NO APLICA,99,99,99,99,1,17/12/2022,1
37,North Carolina,371358,1,1,1,0,19,BRUNSWICK (19),2584,LELAND,12,Diciembre,23,2022,17,48,SSR-1455 LINCOLN RD NE,8,Otro,Urbano,Local,State Highway Agency,0,Sin jurisdiccion especial,6,34.26566389,-78.04421944,Peaton,El primer evento no fue una colision con un vehiculo automotor en transporte,Not an Intersection,No fue interseccion,Sobre calle,Ninguna,Oscuro sin iluminacion,Despejado,No,NO APLICA,99,99,99,99,1,23/12/2022,1
37,North Carolina,371359,0,0,2,0,19,BRUNSWICK (19),0,NO APLICA,12,Diciembre,8,2022,17,26,SR-130 WHITEVILLE RD NW,3,Highway estatal,Rural,Arteria Menor,State Highway Agency,0,Sin jurisdiccion especial,190,34.04100833,-78.50616944,Vehiculo en movimiento,Frente a frente,T-Intersection,Interseccion de T,Sobre calle,Ninguna,Oscuro sin iluminacion,Despejado,No,NO APLICA,99,99,99,99,1,08/12/2022,2
37,North Carolina,371361,0,0,2,0,21,BUNCOMBE (21),170,ASHEVILLE,12,Diciembre,17,2022,10,25,SR-191,3,Highway estatal,Urbano,Arteria Menor,State Highway Agency,0,Sin jurisdiccion especial,68,35.51732778,-82.60483611,Vehiculo en movimiento,Angulo,Not an Intersection,No fue interseccion,Sobre calle,Ninguna,Dia total,Despejado,No,NO APLICA,99,99,99,99,1,17/12/2022,3
37,North Carolina,371362,0,0,2,0,21,BUNCOMBE (21),0,NO APLICA,12,Diciembre,2,2022,14,10,SSR-2435,8,Otro,Urbano,Colector Mayor,State Highway Agency,0,Sin jurisdiccion especial,18,35.60593056,-82.38109444,Vehiculo en movimiento,Angulo,T-Intersection,Interseccion de T,Sobre calle,Ninguna,Dia total,Despejado,No,NO APLICA,99,99,99,99,1,02/12/2022,2
37,North Carolina,371363,0,0,2,0,21,BUNCOMBE (21),170,ASHEVILLE,12,Diciembre,11,2022,9,53,US-25A SWEETEN CREEK RD,2,US Highway,Urbano,Arteria Menor,State Highway Agency,0,Sin jurisdiccion especial,4,35.46596667,-82.51323889,Barda,El primer evento no fue una colision con un vehiculo automotor en transporte,Not an Intersection,No fue interseccion,Fuera de la calle,Ninguna,Dia total,Nublado,No,NO APLICA,99,99,99,99,1,11/12/2022,3
37,North Carolina,371364,0,0,2,0,23,BURKE (23),0,NO APLICA,12,Diciembre,25,2022,16,30,US-70,2,US Highway,Rural,Arteria Menor,State Highway Agency,0,Sin jurisdiccion especial,241,35.733575,-81.49261667,Vehiculo en movimiento,Frente a frente,Not an Intersection,No fue interseccion,Sobre calle,Ninguna,Dia total,Despejado,No,NO APLICA,99,99,99,99,1,25/12/2022,2
37,North Carolina,371365,0,0,3,0,25,CABARRUS (25),0,NO APLICA,12,Diciembre,8,2022,18,9,SSR-1171 PLAZA RD EXT,8,Otro,Urbano,Local,State Highway Agency,0,Sin jurisdiccion especial,0,35.27416944,-80.66861944,Vehiculo en movimiento,Golpe Lateral - direccion contraria,Not an Intersection,No fue interseccion,Sobre calle,Ninguna,Dia total,Nublado,No,NO APLICA,99,99,99,99,1,08/12/2022,3
37,North Carolina,371366,1,1,1,0,25,CABARRUS (25),1040,CONCORD,12,Diciembre,3,2022,10,11,I-85,1,Interestatal,Urbano,Interestatal,State Highway Agency,1,Sin jurisdiccion especial,102,35.45394722,-80.59461944,Peaton,El primer evento no fue una colision con un vehiculo automotor en transporte,Not an Intersection,No fue interseccion,Sobre calle,Ninguna,Dia total,Despejado,No,NO APLICA,99,99,99,99,1,03/12/2022,1
37,North Carolina,371367,0,0,2,0,25,CABARRUS (25),1040,CONCORD,12,Diciembre,4,2022,9,57,SR-73,3,Highway estatal,Urbano,Arteria Principal,State Highway Agency,0,Sin jurisdiccion especial,176,35.43463889,-80.65398056,Vehiculo en movimiento,Angulo,Four-Way Intersection,Interseccion de 4 direcciones,Sobre calle,Ninguna,Dia total,Despejado,No,NO APLICA,99,99,99,99,1,04/12/2022,2
37,North Carolina,371368,0,0,2,0,31,CARTERET (31),3290,NEWPORT,12,Diciembre,26,2022,6,30,US-70,2,US Highway,Urbano,Arteria Principal,State Highway Agency,1,Sin jurisdiccion especial,48,34.777375,-76.87192778,Vehiculo en movimiento,Angulo,Four-Way Intersection,Interseccion de 4 direcciones,Sobre calle,Ninguna,Amanecer,Despejado,No,NO APLICA,99,99,99,99,1,26/12/2022,2
37,North Carolina,371369,0,0,1,0,35,CATAWBA (35),0,NO APLICA,12,Diciembre,31,2022,17,8,SSR-2028 SCRONCE RD,8,Otro,Rural,Local,State Highway Agency,0,Sin jurisdiccion especial,0,35.57717778,-81.33596944,Arbol,El primer evento no fue una colision con un vehiculo automotor en transporte,T-Intersection,Interseccion de T,Fuera de la calle,Ninguna,Oscuro sin iluminacion,Neblina o Humo,No,NO APLICA,99,99,99,99,1,31/12/2022,1
37,North Carolina,371370,0,0,1,0,37,CHATHAM (37),0,NO APLICA,12,Diciembre,16,2022,18,30,SSR-1549 CASTLE ROCK FARM RD,8,Otro,Rural,Local,State Highway Agency,0,Sin jurisdiccion especial,39,35.80555833,-79.27946944,Barda,El primer evento no fue una colision con un vehiculo automotor en transporte,Not an Intersection,No fue interseccion,Fuera de la calle,Ninguna,Oscuro sin iluminacion,Despejado,No,NO APLICA,99,99,99,99,1,16/12/2022,1
37,North Carolina,371371,0,0,2,0,37,CHATHAM (37),0,NO APLICA,12,Diciembre,9,2022,6,36,US-15 SR-87,2,US Highway,Rural,Arteria Menor,State Highway Agency,0,Sin jurisdiccion especial,27,35.61749167,-79.19268889,Vehiculo en movimiento,Frente a frente,Not an Intersection,No fue interseccion,Sobre calle,Ninguna,Oscuro sin iluminacion,Despejado,No,NO APLICA,99,99,99,99,1,09/12/2022,2
37,North Carolina,371372,0,0,1,0,39,CHEROKEE (39),0,NO APLICA,12,Diciembre,21,2022,21,59,SSR-1368 PLEASANT VALLEY RD,8,Otro,Rural,Local,State Highway Agency,0,Sin jurisdiccion especial,6,35.10531111,-84.0226,Barda,El primer evento no fue una colision con un vehiculo automotor en transporte,Not an Intersection,No fue interseccion,Sobre el lado de la calle,Ninguna,Oscuro sin iluminacion,Despejado,No,NO APLICA,99,99,99,99,1,21/12/2022,2
37,North Carolina,371373,1,1,1,0,45,CLEVELAND (45),530,BOILING SPRINGS,12,Diciembre,15,2022,13,42,CASEY MARTIN DR,6,Calle Local Municipalidad,Urbano,Local,City or Municipal Highway Agency,0,Sin jurisdiccion especial,0,35.24915556,-81.67197778,Peaton,El primer evento no fue una colision con un vehiculo automotor en transporte,Not an Intersection,No fue interseccion,Sobre calle,Mantenimiento,Dia total,Nublado,No,NO APLICA,99,99,99,99,1,15/12/2022,0
37,North Carolina,371374,0,0,2,0,45,CLEVELAND (45),0,NO APLICA,12,Diciembre,13,2022,9,22,SR-216,3,Highway estatal,Rural,Colector Mayor,State Highway Agency,0,Sin jurisdiccion especial,9,35.17803889,-81.414025,Vehiculo en movimiento,Angulo,Four-Way Intersection,Interseccion de 4 direcciones,Sobre calle,Ninguna,Dia total,Despejado,No,NO APLICA,99,99,99,99,1,13/12/2022,3
37,North Carolina,371375,0,0,2,0,49,CRAVEN (49),0,NO APLICA,12,Diciembre,18,2022,0,44,US-17/70,2,US Highway,Urbano,Arterial Principal -Freeway o ExpressWay,State Highway Agency,1,Sin jurisdiccion especial,251,35.09897778,-77.05206389,Vehiculo en movimiento,Frente a Detrás,Not an Intersection,No fue interseccion,Sobre calle,Ninguna,Oscuro sin iluminacion,Despejado,No,NO APLICA,99,99,99,99,1,18/12/2022,2
37,North Carolina,371376,0,0,2,0,49,CRAVEN (49),0,NO APLICA,12,Diciembre,24,2022,9,40,SR-55,3,Highway estatal,Rural,Arteria Menor,State Highway Agency,0,Sin jurisdiccion especial,15,35.12662222,-76.99794444,Vehiculo en movimiento,Angulo,Four-Way Intersection,Interseccion de 4 direcciones,Sobre calle,Ninguna,Dia total,Despejado,No,NO APLICA,99,99,99,99,1,24/12/2022,2
37,North Carolina,371377,1,1,1,0,49,CRAVEN (49),0,NO APLICA,12,Diciembre,11,2022,21,1,SR-43,3,Highway estatal,Rural,Arteria Menor,State Highway Agency,0,Sin jurisdiccion especial,73,35.200475,-77.12986389,Ciclista,El primer evento no fue una colision con un vehiculo automotor en transporte,Not an Intersection,No fue interseccion,Sobre calle,Ninguna,Oscuro sin iluminacion,Despejado,No,NO APLICA,99,99,99,99,1,11/12/2022,1
37,North Carolina,371378,0,0,2,0,51,CUMBERLAND (51),0,NO APLICA,12,Diciembre,26,2022,17,57,US-13,2,US Highway,Rural,Arteria Menor,State Highway Agency,0,Sin jurisdiccion especial,17,35.12172222,-78.72460833,Vehiculo en movimiento,Frente a frente,Not an Intersection,No fue interseccion,Sobre calle,Ninguna,Oscuro sin iluminacion,Despejado,No,NO APLICA,99,99,99,99,1,26/12/2022,4
37,North Carolina,371379,0,0,1,0,57,DAVIDSON (57),0,NO APLICA,12,Diciembre,30,2022,8,31,I-85,1,Interestatal,Rural,Interestatal,State Highway Agency,1,Sin jurisdiccion especial,70,35.82805833,-80.15988889,Arbol,El primer evento no fue una colision con un vehiculo automotor en transporte,Not an Intersection,No fue interseccion,Sobre el lado de la calle,Ninguna,Dia total,Despejado,No,NO APLICA,99,99,99,99,1,30/12/2022,10
37,North Carolina,371380,0,0,1,0,61,DUPLIN (61),0,NO APLICA,12,Diciembre,24,2022,11,21,SSR-1105 SAM MILLER RD,8,Otro,Rural,Local,State Highway Agency,0,Sin jurisdiccion especial,9,34.9832,-78.11019167,Arbol,El primer evento no fue una colision con un vehiculo automotor en transporte,Not an Intersection,No fue interseccion,Sobre el lado de la calle,Ninguna,Dia total,Despejado,No,NO APLICA,99,99,99,99,1,24/12/2022,1
37,North Carolina,371381,0,0,1,0,61,DUPLIN (61),0,NO APLICA,12,Diciembre,30,2022,1,45,SSR-1141 FIRE TOWER RD,8,Otro,Rural,Local,State Highway Agency,0,Sin jurisdiccion especial,84,34.83333889,-78.01506944,Zanja,El primer evento no fue una colision con un vehiculo automotor en transporte,Not an Intersection,No fue interseccion,Sobre el lado de la calle,Ninguna,Oscuro sin iluminacion,Despejado,No,NO APLICA,99,99,99,99,1,30/12/2022,2
37,North Carolina,371382,0,0,1,0,61,DUPLIN (61),0,NO APLICA,12,Diciembre,9,2022,7,56,SR-50,3,Highway estatal,Rural,Colector Mayor,State Highway Agency,0,Sin jurisdiccion especial,408,35.12308056,-78.15211944,Otro objeto (fijo),El primer evento no fue una colision con un vehiculo automotor en transporte,Not an Intersection,No fue interseccion,Sobre el lado de la calle,Ninguna,Dia total,Nublado,No,NO APLICA,99,99,99,99,1,09/12/2022,1
37,North Carolina,371383,1,1,1,0,63,DURHAM (63),0,NO APLICA,12,Diciembre,4,2022,11,53,SR-98,3,Highway estatal,Rural,Arteria Menor,State Highway Agency,1,Sin jurisdiccion especial,68,35.97611389,-78.78359167,Ciclista,El primer evento no fue una colision con un vehiculo automotor en transporte,Not an Intersection,No fue interseccion,Sobre Acotamiento,Ninguna,Dia total,Despejado,No,NO APLICA,99,99,99,97,1,04/12/2022,1
37,North Carolina,371384,1,1,1,0,63,DURHAM (63),0,NO APLICA,12,Diciembre,8,2022,17,48,SSR-1631 SNOW HILL RD,8,Otro,Urbano,Arteria Menor,State Highway Agency,0,Sin jurisdiccion especial,18,36.09811111,-78.86619167,Peaton,El primer evento no fue una colision con un vehiculo automotor en transporte,Four-Way Intersection,Interseccion de 4 direcciones,Sobre calle,Ninguna,Oscuro sin iluminacion,lluvia,No,NO APLICA,99,99,99,99,1,08/12/2022,1
37,North Carolina,371385,0,0,1,0,65,EDGECOMBE (65),0,NO APLICA,12,Diciembre,12,2022,10,50,SR-42,3,Highway estatal,Rural,Colector Mayor,State Highway Agency,0,Sin jurisdiccion especial,283,35.77920278,-77.59120556,Poste de Señal de trafico,El primer evento no fue una colision con un vehiculo automotor en transporte,Not an Intersection,No fue interseccion,Sobre el lado de la calle,Ninguna,Dia total,Despejado,No,NO APLICA,99,99,99,99,1,12/12/2022,1
37,North Carolina,371386,0,0,2,0,65,EDGECOMBE (65),0,NO APLICA,12,Diciembre,14,2022,10,13,SR-11,3,Highway estatal,Rural,Arteria Menor,State Highway Agency,0,Sin jurisdiccion especial,10,35.83956667,-77.36967778,Vehiculo en movimiento,Frente a frente,Not an Intersection,No fue interseccion,Sobre calle,Ninguna,Dia total,Despejado,No,NO APLICA,99,99,99,99,2,14/12/2022,2
37,North Carolina,371387,0,0,1,0,67,FORSYTH (67),5120,WINSTON SALEM,12,Diciembre,1,2022,23,32,S MAIN ST,6,Calle Local Municipalidad,Urbano,Local,Not Reported,0,Sin jurisdiccion especial,99998,36.03677778,-80.24445833,Culvert,El primer evento no fue una colision con un vehiculo automotor en transporte,Not an Intersection,No fue interseccion,Sobre el lado de la calle,Ninguna,Oscuro con iluminacion,Despejado,No,NO APLICA,99,99,99,99,1,01/12/2022,1
37,North Carolina,371388,0,0,2,0,67,FORSYTH (67),5120,WINSTON SALEM,12,Diciembre,2,2022,22,12,SR-109,3,Highway estatal,Urbano,Colector Mayor,State Highway Agency,0,Sin jurisdiccion especial,3,36.06222778,-80.21667778,Vehiculo en movimiento,Angulo,Four-Way Intersection,Interseccion de 4 direcciones,Sobre calle,Ninguna,Oscuro con iluminacion,lluvia,No,NO APLICA,99,99,99,99,1,02/12/2022,3
37,North Carolina,371389,1,1,1,0,67,FORSYTH (67),5120,WINSTON SALEM,12,Diciembre,5,2022,21,39,E 5TH ST,6,Calle Local Municipalidad,Urbano,Local,Not Reported,0,Sin jurisdiccion especial,99998,36.10039722,-80.22664167,Peaton,El primer evento no fue una colision con un vehiculo automotor en transporte,Not an Intersection,No fue interseccion,Sobre calle,Ninguna,Oscuro con iluminacion,lluvia,No,NO APLICA,99,99,99,99,1,05/12/2022,1
37,North Carolina,371390,0,0,1,0,69,FRANKLIN (69),0,NO APLICA,12,Diciembre,6,2022,21,39,SSR-1600 EAST RIVER RD,8,Otro,Rural,Colector Menor,State Highway Agency,0,Sin jurisdiccion especial,4,36.09294167,-78.28076389,Buzon de correo,El primer evento no fue una colision con un vehiculo automotor en transporte,Not an Intersection,No fue interseccion,Sobre el lado de la calle,Ninguna,Oscuro sin iluminacion,Nublado,No,NO APLICA,99,99,99,99,1,06/12/2022,1