Estado,Nombre de Estado,Numero de Caso,Peatones,Personas _no_vehiculos,Vehiculos automotores,Vehiculos estacionados,Condado,Nombre Condado,Ciudad,Nombre Ciudad,Mes,Nombre Mes,Dia,Año,Hora,Minuto,Calle,Ruta,Nombre Ruta,Rural o Urbanoo,Sistema Funcional,Dueño Calle,Sistema Nacional Carreteras,Jurisdiccion Especial,Milla,Latitud,Longitud,Causa del Accidente,Tipo de Accidente,Tipo Interseccion,Columna1,Lugar en la calle,Zona de Trabajo,Luz,Clima,Autobus Escolar,Cruce de Trenes,Hora Notificacion,Minuto Notificacion,Hora Llegada,Minuto Llegada,Decesos,Fecha,PersonaVehiculo
37,North Carolina,371391,0,0,2,0,69,FRANKLIN (69),0,NO APLICA,12,Diciembre,25,2022,17,52,SSR-1401 FULLER RD,8,Otro,Rural,Local,State Highway Agency,0,Sin jurisdiccion especial,49,36.21679444,-78.25884167,Vehiculo en movimiento,Frente a frente,Not an Intersection,No fue interseccion,Sobre calle,Ninguna,Oscuro sin iluminacion,Despejado,No,NO APLICA,99,99,99,99,2,25/12/2022,5
37,North Carolina,371392,1,1,1,0,69,FRANKLIN (69),0,NO APLICA,12,Diciembre,15,2022,20,18,US-1,2,US Highway,Urbano,Arteria Principal,State Highway Agency,1,Sin jurisdiccion especial,17,36.03259444,-78.50372778,Peaton,El primer evento no fue una colision con un vehiculo automotor en transporte,Not an Intersection,No fue interseccion,Sobre calle,Ninguna,Oscuro sin iluminacion,Nublado,No,NO APLICA,99,99,99,99,1,15/12/2022,1
37,North Carolina,371393,0,0,1,0,71,GASTON (71),0,NO APLICA,12,Diciembre,31,2022,4,53,SSR-1136,8,Otro,Urbano,Arteria Menor,State Highway Agency,0,Sin jurisdiccion especial,10,35.21881111,-81.21351111,Arbol,El primer evento no fue una colision con un vehiculo automotor en transporte,Not an Intersection,No fue interseccion,Sobre el lado de la calle,Ninguna,Oscuro sin iluminacion,Nublado,No,NO APLICA,99,99,99,99,1,31/12/2022,2
37,North Carolina,371394,0,0,1,0,73,GATES (73),0,NO APLICA,12,Diciembre,20,2022,0,21,SSR-1304 WILLEYTON RD,8,Otro,Rural,Colector Menor,State Highway Agency,0,Sin jurisdiccion especial,21,36.52405556,-76.68502222,Zanja,El primer evento no fue una colision con un vehiculo automotor en transporte,Not an Intersection,No fue interseccion,Sobre el lado de la calle,Ninguna,Oscuro sin iluminacion,Despejado,No,NO APLICA,99,99,99,99,1,20/12/2022,1
37,North Carolina,371395,0,0,1,0,77,GRANVILLE (77),0,NO APLICA,12,Diciembre,23,2022,13,43,SSR-1155 JAMES ROYSTER RD,8,Otro,Rural,Local,State Highway Agency,0,Sin jurisdiccion especial,21,36.25007778,-78.68508333,Otro objeto (no fijo),El primer evento no fue una colision con un vehiculo automotor en transporte,Not an Intersection,No fue interseccion,Sobre calle,Ninguna,Dia total,Despejado,No,NO APLICA,99,99,99,99,1,23/12/2022,1
37,North Carolina,371396,0,0,1,0,77,GRANVILLE (77),0,NO APLICA,12,Diciembre,31,2022,11,7,SR-96,3,Highway estatal,Rural,Arteria Menor,State Highway Agency,0,Sin jurisdiccion especial,39,36.12618333,-78.575175,Arbol,El primer evento no fue una colision con un vehiculo automotor en transporte,Not an Intersection,No fue interseccion,Sobre el lado de la calle,Ninguna,Dia total,Despejado,No,NO APLICA,99,99,99,99,1,31/12/2022,1
37,North Carolina,371397,1,1,1,0,77,GRANVILLE (77),0,NO APLICA,12,Diciembre,22,2022,7,54,I-85,1,Interestatal,Urbano,Interestatal,State Highway Agency,1,Sin jurisdiccion especial,70,36.15852778,-78.714525,Peaton,El primer evento no fue una colision con un vehiculo automotor en transporte,Not an Intersection,No fue interseccion,Sobre calle,Ninguna,Dia total,lluvia,No,NO APLICA,99,99,99,99,1,22/12/2022,1
37,North Carolina,371398,0,0,2,0,81,GUILFORD (81),1940,GREENSBORO,12,Diciembre,23,2022,18,45,SSR-2770 HUFFINE MILL RD,8,Otro,Urbano,Arteria Menor,State Highway Agency,0,Sin jurisdiccion especial,14,36.09708611,-79.72587222,Vehiculo en movimiento,Frente a frente,T-Intersection,Interseccion de T,Sobre calle,Ninguna,Oscuro con iluminacion,Despejado,No,NO APLICA,99,99,99,99,1,23/12/2022,2
37,North Carolina,371399,0,0,2,0,81,GUILFORD (81),1940,GREENSBORO,12,Diciembre,25,2022,8,3,SSR-2526 SUMMIT AVE,8,Otro,Urbano,Arteria Menor,State Highway Agency,0,Sin jurisdiccion especial,99,36.09508056,-79.76899722,Vehiculo en movimiento,Angulo,Four-Way Intersection,Interseccion de 4 direcciones,Sobre calle,Ninguna,Dia total,Despejado,No,NO APLICA,99,99,99,99,1,25/12/2022,2
37,North Carolina,371400,0,0,1,0,81,GUILFORD (81),1940,GREENSBORO,12,Diciembre,23,2022,9,40,W WENDOVER AVE RAMP,6,Calle Local Municipalidad,Urbano,Arterial Principal -Freeway o ExpressWay,Not Reported,0,Sin jurisdiccion especial,0,36.06491111,-79.84715278,Banqueta,El primer evento no fue una colision con un vehiculo automotor en transporte,Not an Intersection,No fue interseccion,Sobre el lado de la calle,Ninguna,Dia total,Despejado,No,NO APLICA,99,99,99,99,1,23/12/2022,1
37,North Carolina,371401,0,0,2,0,81,GUILFORD (81),1940,GREENSBORO,12,Diciembre,19,2022,13,42,MARTINSVILLE RD,6,Calle Local Municipalidad,Urbano,Local,Not Reported,0,Sin jurisdiccion especial,0,36.11420833,-79.82903056,Vehiculo en movimiento,Frente a frente,Not an Intersection,No fue interseccion,Sobre calle,Ninguna,Dia total,Despejado,No,NO APLICA,99,99,99,99,1,19/12/2022,4
37,North Carolina,371402,0,0,2,0,81,GUILFORD (81),1940,GREENSBORO,12,Diciembre,9,2022,8,26,FREEMAN MILL RD,6,Calle Local Municipalidad,Urbano,Arteria Principal,Not Reported,0,Sin jurisdiccion especial,0,36.05718611,-79.80231111,Vehiculo en movimiento,Frente a frente,T-Intersection,Interseccion de T,Sobre calle,Ninguna,Dia total,Nublado,No,NO APLICA,99,99,99,99,1,09/12/2022,5
37,North Carolina,371403,1,1,1,0,81,GUILFORD (81),1940,GREENSBORO,12,Diciembre,29,2022,6,51,BENNETT ST,6,Calle Local Municipalidad,Urbano,Colector Mayor,Not Reported,0,Sin jurisdiccion especial,0,36.06493611,-79.77755833,Peaton,El primer evento no fue una colision con un vehiculo automotor en transporte,Four-Way Intersection,Interseccion de 4 direcciones,Sobre calle,Ninguna,Oscuro con iluminacion,Despejado,No,NO APLICA,99,99,99,99,1,29/12/2022,1
37,North Carolina,371404,0,0,1,0,87,HAYWOOD (87),0,NO APLICA,12,Diciembre,17,2022,16,41,I-40,1,Interestatal,Rural,Interestatal,State Highway Agency,1,Sin jurisdiccion especial,260,35.70101111,-83.04261944,Banqueta,El primer evento no fue una colision con un vehiculo automotor en transporte,Not an Intersection,No fue interseccion,Sobre el lado de la calle,Ninguna,Dia total,Despejado,No,NO APLICA,99,99,99,99,1,17/12/2022,2
37,North Carolina,371405,0,0,2,0,89,HENDERSON (89),0,NO APLICA,12,Diciembre,8,2022,16,17,SSR-1565 TERRYS GAP RD,8,Otro,Rural,Colector Menor,State Highway Agency,0,Sin jurisdiccion especial,3,35.43791111,-82.43700556,Vehiculo en movimiento,Frente a frente,Not an Intersection,No fue interseccion,Sobre calle,Ninguna,Dia total,lluvia,No,NO APLICA,99,99,99,99,1,08/12/2022,4
37,North Carolina,371406,0,0,1,0,89,HENDERSON (89),0,NO APLICA,12,Diciembre,2,2022,15,31,US-25,2,US Highway,Urbano,Arteria Menor,State Highway Agency,0,Sin jurisdiccion especial,111,35.38485556,-82.50486111,Zanja,El primer evento no fue una colision con un vehiculo automotor en transporte,Not an Intersection,No fue interseccion,Sobre el lado de la calle,Ninguna,Dia total,Despejado,No,NO APLICA,99,99,99,99,1,02/12/2022,1
37,North Carolina,371407,0,0,2,0,93,HOKE (93),0,NO APLICA,12,Diciembre,27,2022,16,3,SR-211,3,Highway estatal,Rural,Arteria Menor,State Highway Agency,0,Sin jurisdiccion especial,141,35.00210833,-79.28176389,Vehiculo en movimiento,Frente a frente,Not an Intersection,No fue interseccion,Sobre calle,Ninguna,Dia total,Despejado,No,NO APLICA,99,99,99,99,2,27/12/2022,3
37,North Carolina,371408,0,0,1,0,93,HOKE (93),0,NO APLICA,12,Diciembre,18,2022,3,14,SSR-1105 OLD WIRE RD,8,Otro,Rural,Colector Mayor,State Highway Agency,0,Sin jurisdiccion especial,50,34.88284722,-79.23613056,Arbol,El primer evento no fue una colision con un vehiculo automotor en transporte,Not an Intersection,No fue interseccion,Sobre el lado de la calle,Ninguna,Oscuro sin iluminacion,Despejado,No,NO APLICA,99,99,99,99,1,18/12/2022,2
37,North Carolina,371409,0,0,1,0,97,IREDELL (97),0,NO APLICA,12,Diciembre,22,2022,19,17,SSR-2145 GARDEN VALLEY RD,8,Otro,Rural,Local,State Highway Agency,0,Sin jurisdiccion especial,49,35.86801389,-80.72138056,Puente de Ferrocarril,El primer evento no fue una colision con un vehiculo automotor en transporte,Not an Intersection,No fue interseccion,Sobre el lado de la calle,Ninguna,Oscuro sin iluminacion,lluvia,No,NO APLICA,99,99,99,99,1,22/12/2022,1
37,North Carolina,371410,0,0,1,0,99,JACKSON (99),0,NO APLICA,12,Diciembre,19,2022,21,4,US-23,2,US Highway,Rural,Arteria Principal,State Highway Agency,1,Sin jurisdiccion especial,183,35.39510278,-83.13696111,Arbol,El primer evento no fue una colision con un vehiculo automotor en transporte,Not an Intersection,No fue interseccion,Sobre el lado de la calle,Ninguna,Oscuro sin iluminacion,Despejado,No,NO APLICA,99,99,99,99,1,19/12/2022,1
37,North Carolina,371411,0,0,1,0,101,JOHNSTON (101),0,NO APLICA,12,Diciembre,23,2022,2,16,SR-210,3,Highway estatal,Urbano,Arteria Menor,State Highway Agency,0,Sin jurisdiccion especial,52,35.52023056,-78.60003333,Arbol,El primer evento no fue una colision con un vehiculo automotor en transporte,Not an Intersection,No fue interseccion,Sobre el lado de la calle,Ninguna,Oscuro sin iluminacion,Despejado,No,NO APLICA,99,99,99,99,1,23/12/2022,1
37,North Carolina,371412,0,0,2,0,101,JOHNSTON (101),0,NO APLICA,12,Diciembre,12,2022,18,56,SR-50,3,Highway estatal,Rural,Colector Mayor,State Highway Agency,0,Sin jurisdiccion especial,16,35.28555556,-78.40517778,Vehiculo en movimiento,Angulo,Not an Intersection,No fue interseccion,Sobre calle,Ninguna,Oscuro sin iluminacion,Despejado,No,NO APLICA,99,99,99,99,1,12/12/2022,2
37,North Carolina,371413,0,0,3,2,105,LEE (105),4090,SANFORD,12,Diciembre,4,2022,20,10,SSR-1515 THIRD ST,8,Otro,Urbano,Arteria Menor,State Highway Agency,0,Sin jurisdiccion especial,13,35.47222778,-79.16641389,Arbusto,El primer evento no fue una colision con un vehiculo automotor en transporte,Not an Intersection,No fue interseccion,Fuera de la calle,Ninguna,Oscuro con iluminacion,Despejado,No,NO APLICA,99,99,99,99,1,04/12/2022,3
37,North Carolina,371414,0,0,2,0,119,MECKLENBURG (119),870,CHARLOTTE,12,Diciembre,8,2022,5,20,SR-49 S TRYON ST,3,Highway estatal,Urbano,Arteria Principal,State Highway Agency,0,Sin jurisdiccion especial,23,35.09441111,-81.00510556,Vehiculo en movimiento,Angulo,Four-Way Intersection,Interseccion de 4 direcciones,Sobre calle,Ninguna,Oscuro con iluminacion,lluvia,Yes,NO APLICA,99,99,99,99,1,08/12/2022,2
37,North Carolina,371415,0,0,1,0,119,MECKLENBURG (119),870,CHARLOTTE,12,Diciembre,23,2022,5,43,I-85,1,Interestatal,Urbano,Interestatal,State Highway Agency,1,Sin jurisdiccion especial,137,35.25013889,-80.89548333,Poste,El primer evento no fue una colision con un vehiculo automotor en transporte,Not an Intersection,No fue interseccion,Gore?,Ninguna,Amanecer,lluvia,No,NO APLICA,99,99,99,99,1,23/12/2022,1
37,North Carolina,371416,0,0,1,0,119,MECKLENBURG (119),870,CHARLOTTE,12,Diciembre,27,2022,8,49,SR-160 WEST BLVD,3,Highway estatal,Urbano,Arteria Principal,State Highway Agency,1,Sin jurisdiccion especial,127,35.21166389,-80.89575278,Otro objeto (fijo),El primer evento no fue una colision con un vehiculo automotor en transporte,Not an Intersection,No fue interseccion,Sobre el lado de la calle,Ninguna,Dia total,Despejado,No,NO APLICA,99,99,99,99,1,27/12/2022,2
37,North Carolina,371417,0,0,2,0,119,MECKLENBURG (119),870,CHARLOTTE,12,Diciembre,1,2022,0,34,US-74 E INDEPENDENCE BLVD,2,US Highway,Urbano,Arterial Principal -Freeway o ExpressWay,State Highway Agency,1,Sin jurisdiccion especial,121,35.21553333,-80.80856944,Vehiculo en movimiento,Frente a Detrás,Not an Intersection,No fue interseccion,Sobre calle,Ninguna,Oscuro con iluminacion,Despejado,No,NO APLICA,99,99,99,99,2,01/12/2022,3
37,North Carolina,371418,0,0,2,0,119,MECKLENBURG (119),870,CHARLOTTE,12,Diciembre,1,2022,1,13,SR-27 FREEDOM DR,3,Highway estatal,Urbano,Arteria Principal,State Highway Agency,1,Sin jurisdiccion especial,193,35.24765833,-80.89590556,Vehiculo en movimiento,Frente a Detrás,Four-Way Intersection,Interseccion de 4 direcciones,Sobre calle,Ninguna,Oscuro con iluminacion,Despejado,No,NO APLICA,99,99,99,99,1,01/12/2022,2
37,North Carolina,371419,0,0,1,0,119,MECKLENBURG (119),870,CHARLOTTE,12,Diciembre,2,2022,11,23,US-21 STATESVILLE RD,2,US Highway,Urbano,Arteria Principal,State Highway Agency,0,Sin jurisdiccion especial,167,35.31591389,-80.84033333,Arbol,El primer evento no fue una colision con un vehiculo automotor en transporte,Not an Intersection,No fue interseccion,Sobre el lado de la calle,Ninguna,Dia total,Despejado,No,NO APLICA,99,99,99,99,1,02/12/2022,1
37,North Carolina,371420,1,1,1,0,119,MECKLENBURG (119),870,CHARLOTTE,12,Diciembre,11,2022,20,1,US-74,2,US Highway,Urbano,Arterial Principal -Freeway o ExpressWay,State Highway Agency,1,Sin jurisdiccion especial,141,35.20115833,-80.77961111,Peaton,El primer evento no fue una colision con un vehiculo automotor en transporte,Not an Intersection,No fue interseccion,Sobre calle,Ninguna,Oscuro con iluminacion,Despejado,No,NO APLICA,99,99,99,99,1,11/12/2022,1
37,North Carolina,371421,1,1,1,0,119,MECKLENBURG (119),870,CHARLOTTE,12,Diciembre,15,2022,19,36,SSR-1009 MONROE RD,8,Otro,Urbano,Arteria Menor,State Highway Agency,0,Sin jurisdiccion especial,12,35.13801111,-80.738525,Peaton,El primer evento no fue una colision con un vehiculo automotor en transporte,Not an Intersection,No fue interseccion,Sobre calle,Ninguna,Oscuro con iluminacion,Despejado,No,NO APLICA,99,99,99,99,1,15/12/2022,2
37,North Carolina,371422,1,1,1,0,123,MONTGOMERY (123),0,NO APLICA,12,Diciembre,13,2022,6,27,SSR-1519 CAPELSIE RD,8,Otro,Rural,Local,State Highway Agency,0,Sin jurisdiccion especial,96,35.32376944,-79.87803611,Peaton,El primer evento no fue una colision con un vehiculo automotor en transporte,Not an Intersection,No fue interseccion,Sobre calle,Ninguna,Oscuro sin iluminacion,Despejado,No,NO APLICA,99,99,99,99,1,13/12/2022,1
37,North Carolina,371423,0,0,2,0,125,MOORE (125),0,NO APLICA,12,Diciembre,9,2022,18,33,SSR-1434,8,Otro,Rural,Local,State Highway Agency,0,Sin jurisdiccion especial,4,35.41783611,-79.61044444,Vehiculo en movimiento,Frente a frente,Not an Intersection,No fue interseccion,Sobre calle,Ninguna,Dia total,Despejado,No,NO APLICA,99,99,99,99,1,09/12/2022,2
37,North Carolina,371424,0,0,2,0,127,NASH (127),3930,ROCKY MOUNT,12,Diciembre,11,2022,22,53,SR-97,3,Highway estatal,Urbano,Arteria Principal,State Highway Agency,1,Sin jurisdiccion especial,287,35.93507222,-77.80760556,Vehiculo en movimiento,Frente a frente,Not an Intersection,No fue interseccion,Sobre calle,Ninguna,Oscuro sin iluminacion,Despejado,No,NO APLICA,99,99,99,99,2,11/12/2022,4
37,North Carolina,371425,1,1,1,0,127,NASH (127),0,NO APLICA,12,Diciembre,12,2022,18,58,US-64,2,US Highway,Rural,Arterial Principal -Freeway o ExpressWay,State Highway Agency,1,Sin jurisdiccion especial,264,35.88584167,-78.21034722,Peaton,El primer evento no fue una colision con un vehiculo automotor en transporte,Not an Intersection,No fue interseccion,Sobre calle,Ninguna,Oscuro sin iluminacion,Despejado,No,NO APLICA,99,99,99,99,1,12/12/2022,3
37,North Carolina,371427,1,1,1,0,129,NEW HANOVER (129),5060,WILMINGTON,12,Diciembre,15,2022,18,28,COVIL AVE,6,Calle Local Municipalidad,Urbano,Local,Other State Agency,0,Sin jurisdiccion especial,0,34.24030278,-77.90435556,Peaton,El primer evento no fue una colision con un vehiculo automotor en transporte,Four-Way Intersection,Interseccion de 4 direcciones,Sobre calle,Ninguna,Oscuro con iluminacion,Despejado,No,NO APLICA,99,99,99,99,1,15/12/2022,1
37,North Carolina,371428,1,1,1,0,129,NEW HANOVER (129),5060,WILMINGTON,12,Diciembre,20,2022,22,51,US-421 CAROLINA BEACH RD,2,US Highway,Urbano,Arteria Principal,State Highway Agency,1,Sin jurisdiccion especial,167,34.17405,-77.92440556,Peaton,El primer evento no fue una colision con un vehiculo automotor en transporte,Not an Intersection,No fue interseccion,Sobre calle,Ninguna,Oscuro con iluminacion,lluvia,No,NO APLICA,99,99,99,99,1,20/12/2022,1
37,North Carolina,371429,0,0,2,0,131,NORTHAMPTON (131),0,NO APLICA,12,Diciembre,2,2022,10,17,SSR-1314 PLEASANT GROVE RD,8,Otro,Rural,Local,State Highway Agency,0,Sin jurisdiccion especial,36,36.43938056,-77.44429444,Vehiculo en movimiento,Angulo,Four-Way Intersection,Interseccion de 4 direcciones,Sobre calle,Ninguna,Dia total,Despejado,No,NO APLICA,99,99,99,99,1,02/12/2022,3
37,North Carolina,371430,0,0,2,0,133,ONSLOW (133),0,NO APLICA,12,Diciembre,20,2022,15,15,SSR-1518 OLD FOLKSTONE RD,8,Otro,Rural,Colector Mayor,State Highway Agency,0,Sin jurisdiccion especial,41,34.52437222,-77.46192778,Vehiculo en movimiento,Frente a frente,Not an Intersection,No fue interseccion,Sobre calle,Ninguna,Dia total,Nublado,No,NO APLICA,99,99,99,99,1,20/12/2022,5
37,North Carolina,371431,0,0,2,0,133,ONSLOW (133),0,NO APLICA,12,Diciembre,30,2022,16,10,SSR-1324 RAMSEY RD,8,Otro,Rural,Colector Mayor,State Highway Agency,0,Sin jurisdiccion especial,64,34.80688611,-77.35626667,Vehiculo en movimiento,Angulo,T-Intersection,Interseccion de T,Sobre calle,Ninguna,Dia total,Despejado,No,NO APLICA,99,99,99,99,1,30/12/2022,2
37,North Carolina,371432,0,0,2,0,135,ORANGE (135),0,NO APLICA,12,Diciembre,26,2022,7,31,SR-86,3,Highway estatal,Rural,Arteria Menor,State Highway Agency,0,Sin jurisdiccion especial,168,36.11305278,-79.11195833,Vehiculo en movimiento,Frente a frente,Not an Intersection,No fue interseccion,Sobre calle,Ninguna,Oscuro sin iluminacion,Despejado,No,NO APLICA,99,99,99,99,1,26/12/2022,2
37,North Carolina,371433,1,1,1,0,135,ORANGE (135),0,NO APLICA,12,Diciembre,5,2022,13,53,SSR-1146,8,Otro,Rural,Colector Menor,State Highway Agency,0,Sin jurisdiccion especial,18,36.07184444,-79.23081944,Peaton,El primer evento no fue una colision con un vehiculo automotor en transporte,Not an Intersection,No fue interseccion,Sobre el lado de la calle,Ninguna,Dia total,Despejado,No,NO APLICA,99,99,99,99,1,05/12/2022,1
37,North Carolina,371434,0,0,2,0,137,PAMLICO (137),0,NO APLICA,12,Diciembre,28,2022,16,7,SR-55,3,Highway estatal,Urbano,Arteria Menor,State Highway Agency,0,Sin jurisdiccion especial,136,35.14406111,-76.82,Vehiculo en movimiento,Frente a frente,Not an Intersection,No fue interseccion,Sobre calle,Ninguna,Dia total,Despejado,No,NO APLICA,99,99,99,99,1,28/12/2022,2
37,North Carolina,371435,0,0,2,1,139,PASQUOTANK (139),0,NO APLICA,12,Diciembre,18,2022,18,33,SSR-1308 W CHURCH ST,8,Otro,Urbano,Colector Mayor,State Highway Agency,0,Sin jurisdiccion especial,0,36.29916111,-76.26351944,Arbol,El primer evento no fue una colision con un vehiculo automotor en transporte,T-Intersection,Interseccion de T,Fuera de la calle,Ninguna,Oscuro con iluminacion,Despejado,No,NO APLICA,99,99,99,99,1,18/12/2022,1
37,North Carolina,371436,0,0,1,0,139,PASQUOTANK (139),0,NO APLICA,12,Diciembre,10,2022,5,8,SSR-1416 NORTHSIDE RD,8,Otro,Rural,Colector Menor,State Highway Agency,0,Sin jurisdiccion especial,18,36.37068889,-76.29272778,Zanja,El primer evento no fue una colision con un vehiculo automotor en transporte,Not an Intersection,No fue interseccion,Sobre el lado de la calle,Ninguna,Oscuro sin iluminacion,Despejado,No,NO APLICA,99,99,99,99,1,10/12/2022,1
37,North Carolina,371437,0,0,2,0,141,PENDER (141),0,NO APLICA,12,Diciembre,27,2022,17,11,US-17,2,US Highway,Urbano,Arteria Principal,State Highway Agency,1,Sin jurisdiccion especial,32,34.44868333,-77.62001111,Vehiculo en movimiento,Angulo,T-Intersection,Interseccion de T,Sobre calle,Ninguna,Atardecer,Despejado,No,NO APLICA,99,99,99,99,1,27/12/2022,3
37,North Carolina,371438,0,0,2,0,143,PERQUIMANS (143),0,NO APLICA,12,Diciembre,10,2022,11,49,US-17,2,US Highway,Urbano,Arteria Principal,State Highway Agency,1,Sin jurisdiccion especial,68,36.212225,-76.43590833,Vehiculo en movimiento,Angulo,T-Intersection,Interseccion de T,Sobre calle,Ninguna,Dia total,Despejado,No,NO APLICA,99,99,99,99,1,10/12/2022,2
37,North Carolina,371439,0,0,2,0,147,PITT (147),1660,FARMVILLE,12,Diciembre,5,2022,17,13,US-264 W MARLBORO RD,2,US Highway,Urbano,Colector Mayor,State Highway Agency,0,Sin jurisdiccion especial,23,35.58799167,-77.60854722,Vehiculo en movimiento,Angulo,T-Intersection,Interseccion de T,Sobre calle,Ninguna,Atardecer,Despejado,No,NO APLICA,99,99,99,99,1,05/12/2022,2
37,North Carolina,371440,1,1,1,0,151,RANDOLPH (151),0,NO APLICA,12,Diciembre,15,2022,22,7,US-220,2,US Highway,Urbano,Colector Mayor,State Highway Agency,0,Sin jurisdiccion especial,154,35.83678611,-79.79840556,Peaton,El primer evento no fue una colision con un vehiculo automotor en transporte,Not an Intersection,No fue interseccion,Sobre calle,Ninguna,Oscuro sin iluminacion,Despejado,No,NO APLICA,99,99,99,99,1,15/12/2022,1
37,North Carolina,371441,1,1,1,0,151,RANDOLPH (151),160,ASHEBORO,12,Diciembre,8,2022,20,27,US-64,2,US Highway,Urbano,Arteria Principal,State Highway Agency,1,Sin jurisdiccion especial,50,35.69537778,-79.79243889,Peaton,El primer evento no fue una colision con un vehiculo automotor en transporte,Not an Intersection,No fue interseccion,Sobre calle,Ninguna,Oscuro con iluminacion,lluvia,No,NO APLICA,99,99,99,99,1,08/12/2022,1
37,North Carolina,371442,1,1,1,0,151,RANDOLPH (151),3770,RANDLEMAN,12,Diciembre,11,2022,18,24,US-220,2,US Highway,Urbano,Arteria Menor,State Highway Agency,0,Sin jurisdiccion especial,133,35.80775556,-79.80431389,Peaton,El primer evento no fue una colision con un vehiculo automotor en transporte,Not an Intersection,No fue interseccion,Sobre calle,Ninguna,Oscuro con iluminacion,Nublado,No,NO APLICA,99,99,99,99,1,11/12/2022,1
37,North Carolina,371443,1,1,1,0,153,RICHMOND (153),0,NO APLICA,12,Diciembre,3,2022,4,3,US-74,2,US Highway,Urbano,Arteria Principal,State Highway Agency,1,Sin jurisdiccion especial,90,34.91300556,-79.72955556,Peaton,El primer evento no fue una colision con un vehiculo automotor en transporte,Not an Intersection,No fue interseccion,Sobre calle,Ninguna,Oscuro sin iluminacion,Despejado,No,NO APLICA,99,99,99,99,1,03/12/2022,1
37,North Carolina,371444,1,1,1,0,153,RICHMOND (153),0,NO APLICA,12,Diciembre,31,2022,3,36,SSR-1903 MILL RD,8,Otro,Urbano,Arteria Menor,State Highway Agency,0,Sin jurisdiccion especial,34,34.91433889,-79.75725,Peaton,El primer evento no fue una colision con un vehiculo automotor en transporte,T-Intersection,Interseccion de T,Sobre calle,Ninguna,Oscuro sin iluminacion,Despejado,No,NO APLICA,99,99,99,99,1,31/12/2022,1
37,North Carolina,371445,0,0,1,0,155,ROBESON (155),0,NO APLICA,12,Diciembre,19,2022,11,27,SSR-2481 JW ROAD,8,Otro,Rural,Local,State Highway Agency,0,Sin jurisdiccion especial,41,34.46161111,-79.22660278,Arbol,El primer evento no fue una colision con un vehiculo automotor en transporte,Not an Intersection,No fue interseccion,Sobre el lado de la calle,Ninguna,Dia total,Despejado,No,NO APLICA,99,99,99,99,1,19/12/2022,1
37,North Carolina,371446,0,0,2,0,155,ROBESON (155),0,NO APLICA,12,Diciembre,24,2022,22,12,SR-41,3,Highway estatal,Rural,Arteria Menor,State Highway Agency,0,Sin jurisdiccion especial,160,34.56794722,-79.05575833,Vehiculo en movimiento,Frente a frente,Not an Intersection,No fue interseccion,Sobre calle,Ninguna,Oscuro sin iluminacion,Despejado,No,NO APLICA,99,99,99,99,1,24/12/2022,2
37,North Carolina,371447,0,0,1,0,155,ROBESON (155),0,NO APLICA,12,Diciembre,31,2022,22,48,SR-710,3,Highway estatal,Rural,Arteria Menor,State Highway Agency,0,Sin jurisdiccion especial,100,34.67773889,-79.2367,Zanja,El primer evento no fue una colision con un vehiculo automotor en transporte,Not an Intersection,No fue interseccion,Sobre el lado de la calle,Ninguna,Oscuro con iluminacion,Nublado,No,NO APLICA,99,99,99,99,1,31/12/2022,1
37,North Carolina,371448,1,1,1,0,155,ROBESON (155),0,NO APLICA,12,Diciembre,20,2022,17,41,I-95,1,Interestatal,Rural,Interestatal,State Highway Agency,1,Sin jurisdiccion especial,264,34.74075833,-78.99711389,Peaton,El primer evento no fue una colision con un vehiculo automotor en transporte,Not an Intersection,No fue interseccion,Sobre calle,Ninguna,Oscuro sin iluminacion,lluvia,No,NO APLICA,99,99,99,99,1,20/12/2022,3
37,North Carolina,371449,0,0,1,0,157,ROCKINGHAM (157),0,NO APLICA,12,Diciembre,25,2022,9,1,SSR-2316 BETHANY RD,8,Otro,Rural,Colector Menor,State Highway Agency,0,Sin jurisdiccion especial,26,36.34065,-79.86988889,Poste de Señal de trafico,El primer evento no fue una colision con un vehiculo automotor en transporte,Not an Intersection,No fue interseccion,Sobre el lado de la calle,Ninguna,Dia total,No reportado,No,NO APLICA,99,99,99,99,1,25/12/2022,1
37,North Carolina,371450,0,0,2,0,157,ROCKINGHAM (157),0,NO APLICA,12,Diciembre,10,2022,17,24,US-29,2,US Highway,Rural,Arterial Principal -Freeway o ExpressWay,State Highway Agency,1,Sin jurisdiccion especial,186,36.24979167,-79.66337222,Vehiculo en movimiento,Angulo,Four-Way Intersection,Interseccion de 4 direcciones,Sobre calle,Ninguna,Oscuro sin iluminacion,Despejado,No,NO APLICA,99,99,99,99,1,10/12/2022,2
37,North Carolina,371451,0,0,1,0,159,ROWAN (159),0,NO APLICA,12,Diciembre,4,2022,1,11,SSR-1360 SMITH RD,8,Otro,Urbano,Colector Menor,State Highway Agency,0,Sin jurisdiccion especial,13,35.53819167,-80.68822222,Arbol,El primer evento no fue una colision con un vehiculo automotor en transporte,Not an Intersection,No fue interseccion,Sobre el lado de la calle,Ninguna,Oscuro sin iluminacion,Despejado,No,NO APLICA,99,99,99,99,1,04/12/2022,1