Estado,Nombre de Estado,Numero de Caso,Peatones,Personas _no_vehiculos,Vehiculos automotores,Vehiculos estacionados,Condado,Nombre Condado,Ciudad,Nombre Ciudad,Mes,Nombre Mes,Dia,Año,Hora,Minuto,Calle,Ruta,Nombre Ruta,Rural o Urbanoo,Sistema Funcional,Dueño Calle,Sistema Nacional Carreteras,Jurisdiccion Especial,Milla,Latitud,Longitud,Causa del Accidente,Tipo de Accidente,Tipo Interseccion,Columna1,Lugar en la calle,Zona de Trabajo,Luz,Clima,Autobus Escolar,Cruce de Trenes,Hora Notificacion,Minuto Notificacion,Hora Llegada,Minuto Llegada,Decesos,Fecha,PersonaVehiculo
37,North Carolina,371452,0,0,2,0,159,ROWAN (159),0,NO APLICA,12,Diciembre,30,2022,19,40,SSR-1533 PATTERSON FARM RD,8,Otro,Rural,Local,State Highway Agency,0,Sin jurisdiccion especial,33,35.62964444,-80.61860278,Vehiculo en movimiento,Angulo,T-Intersection,Interseccion de T,Sobre calle,Ninguna,Oscuro sin iluminacion,Despejado,No,NO APLICA,99,99,99,99,1,30/12/2022,4
37,North Carolina,371453,0,0,2,1,163,SAMPSON (163),0,NO APLICA,12,Diciembre,7,2022,7,31,SSR-1002 N SPRING BRANCH RD,8,Otro,Rural,Colector Menor,State Highway Agency,0,Sin jurisdiccion especial,237,35.252025,-78.59212778,Zanja,El primer evento no fue una colision con un vehiculo automotor en transporte,Not an Intersection,No fue interseccion,Sobre el lado de la calle,Ninguna,Dia total,Neblina o Humo,No,NO APLICA,0,0,0,0,1,07/12/2022,1
37,North Carolina,371454,0,0,2,0,163,SAMPSON (163),970,CLINTON,12,Diciembre,24,2022,16,12,SSR-1855 COLLEGE ST,8,Otro,Urbano,Arteria Principal,State Highway Agency,0,Sin jurisdiccion especial,8,34.99831944,-78.32221389,Vehiculo en movimiento,Frente a frente,Not an Intersection,No fue interseccion,Sobre calle,Ninguna,Atardecer,Despejado,No,NO APLICA,99,99,99,99,1,24/12/2022,7
37,North Carolina,371455,0,0,2,0,165,SCOTLAND (165),0,NO APLICA,12,Diciembre,31,2022,13,12,US-501,2,US Highway,Rural,Arteria Menor,State Highway Agency,0,Sin jurisdiccion especial,30,34.71226389,-79.44945,Vehiculo en movimiento,Frente a frente,Not an Intersection,No fue interseccion,Sobre calle,Ninguna,Dia total,Nublado,No,NO APLICA,99,99,99,99,3,31/12/2022,3
37,North Carolina,371456,1,1,1,0,165,SCOTLAND (165),2560,LAURINBURG,12,Diciembre,16,2022,21,55,US-15-401 S MAIN ST,2,US Highway,Urbano,Arteria Principal,State Highway Agency,0,Sin jurisdiccion especial,14,34.76737222,-79.46626111,Peaton,El primer evento no fue una colision con un vehiculo automotor en transporte,T-Intersection,Interseccion de T,Sobre calle,Ninguna,Oscuro sin iluminacion,Nublado,No,NO APLICA,99,99,99,99,1,16/12/2022,1
37,North Carolina,371457,0,0,1,0,169,STOKES (169),0,NO APLICA,12,Diciembre,6,2022,17,59,SSR-1236 N OLD 52 RD,8,Otro,Urbano,Colector Mayor,State Highway Agency,0,Sin jurisdiccion especial,78,36.29024167,-80.37720278,Acotamiento,El primer evento no fue una colision con un vehiculo automotor en transporte,Not an Intersection,No fue interseccion,Sobre el lado de la calle,Ninguna,Oscuro sin iluminacion,lluvia,No,NO APLICA,99,99,99,99,1,06/12/2022,1
37,North Carolina,371458,1,1,1,0,169,STOKES (169),0,NO APLICA,12,Diciembre,13,2022,14,5,SSR-1122 MOUNTAIN VIEW RD,8,Otro,Urbano,Arteria Menor,State Highway Agency,0,Sin jurisdiccion especial,26,36.29589722,-80.336675,Peaton,El primer evento no fue una colision con un vehiculo automotor en transporte,Not an Intersection,No fue interseccion,Sobre calle,Ninguna,Dia total,Despejado,No,NO APLICA,99,99,99,99,1,13/12/2022,1
37,North Carolina,371459,0,0,2,0,171,SURRY (171),0,NO APLICA,12,Diciembre,21,2022,12,27,SR-103 E PINE ST,3,Highway estatal,Rural,Colector Mayor,State Highway Agency,0,Sin jurisdiccion especial,64,36.53445,-80.50940833,Vehiculo en movimiento,Frente a frente,Not an Intersection,No fue interseccion,Sobre calle,Ninguna,Dia total,Despejado,No,NO APLICA,99,99,99,99,2,21/12/2022,2
37,North Carolina,371460,0,0,2,0,179,UNION (179),0,NO APLICA,12,Diciembre,20,2022,20,11,SR-218,3,Highway estatal,Rural,Colector Mayor,State Highway Agency,0,Sin jurisdiccion especial,195,35.09724167,-80.30660833,Vehiculo en movimiento,Frente a frente,Not an Intersection,No fue interseccion,Sobre calle,Ninguna,Oscuro sin iluminacion,Despejado,No,NO APLICA,99,99,99,99,1,20/12/2022,3
37,North Carolina,371461,0,0,2,0,179,UNION (179),2290,INDIAN TRAIL,12,Diciembre,21,2022,20,55,SSR-1377 WESLEY CHAPEL RD,8,Otro,Urbano,Colector Mayor,State Highway Agency,0,Sin jurisdiccion especial,10,35.03086111,-80.65781111,Vehiculo en movimiento,Frente a frente,Not an Intersection,No fue interseccion,Sobre calle,Ninguna,Oscuro sin iluminacion,lluvia,No,NO APLICA,99,99,99,99,1,21/12/2022,3
37,North Carolina,371462,0,0,2,0,179,UNION (179),0,NO APLICA,12,Diciembre,31,2022,23,31,SSR-1751 MONROE ANSONVILLE RD,8,Otro,Rural,Colector Mayor,State Highway Agency,0,Sin jurisdiccion especial,35,35.0015,-80.47135,Vehiculo en movimiento,Frente a frente,Not an Intersection,No fue interseccion,Sobre calle,Ninguna,Oscuro sin iluminacion,Despejado,No,NO APLICA,99,99,99,99,1,31/12/2022,4
37,North Carolina,371463,0,0,1,0,181,VANCE (181),0,NO APLICA,12,Diciembre,7,2022,23,45,US-158,2,US Highway,Urbano,Colector Mayor,State Highway Agency,0,Sin jurisdiccion especial,33,36.33632222,-78.45434167,Arbol,El primer evento no fue una colision con un vehiculo automotor en transporte,Not an Intersection,No fue interseccion,Sobre el lado de la calle,Ninguna,Oscuro sin iluminacion,Despejado,No,NO APLICA,99,99,99,99,2,07/12/2022,2
37,North Carolina,371464,0,0,1,0,181,VANCE (181),0,NO APLICA,12,Diciembre,16,2022,13,43,SSR-1519 CAREY CHAPEL RD,8,Otro,Rural,Colector Mayor,State Highway Agency,0,Sin jurisdiccion especial,4,36.34513611,-78.35423611,Zanja,El primer evento no fue una colision con un vehiculo automotor en transporte,Not an Intersection,No fue interseccion,Sobre el lado de la calle,Ninguna,Dia total,Despejado,No,NO APLICA,99,99,99,99,1,16/12/2022,1
37,North Carolina,371465,0,0,2,0,183,WAKE (183),0,NO APLICA,12,Diciembre,19,2022,17,49,SSR-1005 SIX FORKS RD,8,Otro,Urbano,Colector Mayor,State Highway Agency,0,Sin jurisdiccion especial,43,35.9283,-78.64878611,Vehiculo en movimiento,Frente a frente,T-Intersection,Interseccion de T,Sobre calle,Ninguna,Oscuro sin iluminacion,Despejado,No,NO APLICA,99,99,99,99,1,19/12/2022,2
37,North Carolina,371466,1,1,1,0,183,WAKE (183),3750,RALEIGH,12,Diciembre,8,2022,17,25,POOLE RD,6,Calle Local Municipalidad,Urbano,Arteria Menor,Not Reported,0,Sin jurisdiccion especial,0,35.77613611,-78.60961389,Peaton,El primer evento no fue una colision con un vehiculo automotor en transporte,Not an Intersection,No fue interseccion,Sobre calle,Ninguna,Oscuro con iluminacion,Nublado,No,NO APLICA,99,99,99,99,1,08/12/2022,1
37,North Carolina,371467,0,0,2,0,183,WAKE (183),3750,RALEIGH,12,Diciembre,25,2022,21,15,ATLANTIC AVE,6,Calle Local Municipalidad,Urbano,Arteria Menor,Not Reported,0,Sin jurisdiccion especial,0,35.85201389,-78.59980278,Vehiculo en movimiento,Angulo,Not an Intersection,No fue interseccion,Sobre calle,Ninguna,Dia total,No reportado,No,NO APLICA,99,99,99,99,1,25/12/2022,2
37,North Carolina,371468,0,0,3,0,183,WAKE (183),3750,RALEIGH,12,Diciembre,28,2022,11,35,US-70 GLENWOOD AVE,2,US Highway,Urbano,Arteria Principal,State Highway Agency,1,Sin jurisdiccion especial,44,35.88502778,-78.74201944,Vehiculo en movimiento,Frente a Detrás,Four-Way Intersection,Interseccion de 4 direcciones,Sobre calle,Ninguna,Dia total,Despejado,No,NO APLICA,99,99,99,99,1,28/12/2022,5
37,North Carolina,371469,1,1,1,0,183,WAKE (183),0,NO APLICA,12,Diciembre,9,2022,19,43,SSR-2329 MARSHBURN RD,8,Otro,Urbano,Colector Mayor,State Highway Agency,0,Sin jurisdiccion especial,13,35.80511667,-78.37451944,Ciclista,El primer evento no fue una colision con un vehiculo automotor en transporte,Not an Intersection,No fue interseccion,Sobre calle,Ninguna,Oscuro sin iluminacion,Despejado,No,NO APLICA,99,99,99,99,1,09/12/2022,1
37,North Carolina,371470,0,0,1,0,185,WARREN (185),0,NO APLICA,12,Diciembre,4,2022,18,11,US-401,2,US Highway,Rural,Colector Mayor,State Highway Agency,0,Sin jurisdiccion especial,100,36.37778889,-78.16573333,Animal vivo,El primer evento no fue una colision con un vehiculo automotor en transporte,Not an Intersection,No fue interseccion,Sobre calle,Ninguna,Oscuro sin iluminacion,Nublado,No,NO APLICA,99,99,99,99,1,04/12/2022,1
37,North Carolina,371471,0,0,1,0,189,WATAUGA (189),0,NO APLICA,12,Diciembre,28,2022,8,20,SR-105,3,Highway estatal,Rural,Arteria Principal,State Highway Agency,0,Sin jurisdiccion especial,13,36.14471944,-81.79834722,Piedrotototota,El primer evento no fue una colision con un vehiculo automotor en transporte,Not an Intersection,No fue interseccion,Sobre el lado de la calle,Ninguna,Dia total,Despejado,No,NO APLICA,99,99,99,99,1,28/12/2022,1
37,North Carolina,371472,0,0,1,0,191,WAYNE (191),0,NO APLICA,12,Diciembre,24,2022,23,47,US-13,2,US Highway,Rural,Arteria Menor,State Highway Agency,0,Sin jurisdiccion especial,301,35.42585,-77.88824444,Zanja,El primer evento no fue una colision con un vehiculo automotor en transporte,Not an Intersection,No fue interseccion,Sobre el lado de la calle,Ninguna,Oscuro sin iluminacion,Despejado,No,NO APLICA,99,99,99,99,1,24/12/2022,1
37,North Carolina,371473,0,0,1,0,193,WILKES (193),0,NO APLICA,12,Diciembre,5,2022,12,39,US-421,2,US Highway,Rural,Arteria Menor,State Highway Agency,0,Sin jurisdiccion especial,211,36.14374722,-81.17615278,Zanja,El primer evento no fue una colision con un vehiculo automotor en transporte,Not an Intersection,No fue interseccion,Sobre el lado de la calle,Ninguna,Dia total,Nublado,No,NO APLICA,99,99,99,99,1,05/12/2022,2
37,North Carolina,371474,0,0,2,0,195,WILSON (195),0,NO APLICA,12,Diciembre,16,2022,7,16,SR-42,3,Highway estatal,Urbano,Arteria Menor,State Highway Agency,0,Sin jurisdiccion especial,218,35.70297778,-78.04176389,Vehiculo en movimiento,Angulo,Not an Intersection,No fue interseccion,Sobre calle,Ninguna,Dia total,Despejado,No,NO APLICA,99,99,99,99,1,16/12/2022,3
37,North Carolina,371475,0,0,1,0,197,YADKIN (197),0,NO APLICA,12,Diciembre,12,2022,14,25,US-21,2,US Highway,Rural,Colector Mayor,State Highway Agency,0,Sin jurisdiccion especial,99,36.17748889,-80.80721944,Culvert,El primer evento no fue una colision con un vehiculo automotor en transporte,Not an Intersection,No fue interseccion,Sobre el lado de la calle,Ninguna,Dia total,Despejado,No,NO APLICA,99,99,99,99,2,12/12/2022,2
37,North Carolina,371476,1,1,1,0,197,YADKIN (197),0,NO APLICA,12,Diciembre,24,2022,18,43,I-77,1,Interestatal,Rural,Interestatal,State Highway Agency,1,Sin jurisdiccion especial,136,36.24919444,-80.82051111,Peaton,El primer evento no fue una colision con un vehiculo automotor en transporte,Not an Intersection,No fue interseccion,Sobre calle,Ninguna,Oscuro sin iluminacion,Despejado,No,NO APLICA,99,99,99,99,1,24/12/2022,5
37,North Carolina,371477,0,0,2,0,199,YANCEY (199),0,NO APLICA,12,Diciembre,15,2022,14,27,US-19,2,US Highway,Urbano,Arteria Principal,State Highway Agency,1,Sin jurisdiccion especial,62,35.91496389,-82.28800278,Vehiculo en movimiento,Angulo,Four-Way Intersection,Interseccion de 4 direcciones,Sobre calle,Ninguna,Dia total,Despejado,No,NO APLICA,99,99,99,99,1,15/12/2022,3
37,North Carolina,371478,0,0,1,0,191,WAYNE (191),1880,GOLDSBORO,12,Diciembre,5,2022,20,10,US-70,2,US Highway,Urbano,Arteria Principal,State Highway Agency,0,Sin jurisdiccion especial,61,35.34915556,-77.92062778,Zanja,El primer evento no fue una colision con un vehiculo automotor en transporte,Not an Intersection,No fue interseccion,Sobre el lado de la calle,Ninguna,Oscuro sin iluminacion,Despejado,No,NO APLICA,99,99,99,99,1,05/12/2022,2
37,North Carolina,371479,0,0,1,0,15,BERTIE (15),0,NO APLICA,5,Mayo,11,2022,13,25,SR-308,3,Highway estatal,Rural,Colector Mayor,State Highway Agency,0,Sin jurisdiccion especial,166,36.00547222,-76.96423889,Arbol,El primer evento no fue una colision con un vehiculo automotor en transporte,Not an Intersection,No fue interseccion,Sobre el lado de la calle,Ninguna,Dia total,Despejado,No,NO APLICA,13,12,13,17,1,11/05/2022,2
37,North Carolina,371480,1,1,1,0,135,ORANGE (135),780,CARRBORO,7,Julio,27,2022,21,2,SSR-1005 JONES FERRY RD,8,Otro,Urbano,Arteria Menor,State Highway Agency,0,Sin jurisdiccion especial,5,35.90671944,-79.08372222,Peaton,El primer evento no fue una colision con un vehiculo automotor en transporte,Four-Way Intersection,Interseccion de 4 direcciones,Sobre calle,Ninguna,Oscuro con iluminacion,Nublado,No,NO APLICA,99,99,99,99,1,27/07/2022,2
37,North Carolina,371481,0,0,2,0,147,PITT (147),0,NO APLICA,7,Julio,21,2022,21,20,SSR-1128 DAVENPORT FARM RD,8,Otro,Rural,Colector Mayor,State Highway Agency,0,Sin jurisdiccion especial,27,35.55324444,-77.44961389,Vehiculo en movimiento,Frente a frente,Not an Intersection,No fue interseccion,Sobre calle,Ninguna,Oscuro sin iluminacion,Despejado,No,NO APLICA,21,12,21,21,1,21/07/2022,2
37,North Carolina,371483,0,0,2,0,171,SURRY (171),0,NO APLICA,8,Agosto,10,2022,5,47,US-601,2,US Highway,Rural,Arteria Menor,State Highway Agency,0,Sin jurisdiccion especial,6,36.27828333,-80.7189,Volcadura,El primer evento no fue una colision con un vehiculo automotor en transporte,Not an Intersection,No fue interseccion,Sobre calle,Ninguna,Oscuro sin iluminacion,Neblina o Humo,No,NO APLICA,99,99,99,99,2,10/08/2022,3
37,North Carolina,371484,0,0,2,0,129,NEW HANOVER (129),0,NO APLICA,8,Agosto,7,2022,15,0,SSR-1492 MASONBORO LOOP RD,8,Otro,Rural,Arteria Menor,State Highway Agency,0,Sin jurisdiccion especial,1,34.15859167,-77.86629722,Valla Ferrocarril,El primer evento no fue una colision con un vehiculo automotor en transporte,Not an Intersection,No fue interseccion,Sobre el lado de la calle,Ninguna,Dia total,Despejado,No,NO APLICA,99,99,99,99,1,07/08/2022,2
37,North Carolina,371485,0,0,1,0,159,ROWAN (159),900,CHINA GROVE,8,Agosto,24,2022,18,6,SSR-1225 PATTERSON ST,8,Otro,Urbano,Colector Mayor,State Highway Agency,0,Sin jurisdiccion especial,16,35.57448889,-80.60795833,Zanja,El primer evento no fue una colision con un vehiculo automotor en transporte,Not an Intersection,No fue interseccion,Sobre el lado de la calle,Ninguna,Dia total,Despejado,No,NO APLICA,18,6,18,12,1,24/08/2022,1
37,North Carolina,371487,0,0,3,0,159,ROWAN (159),4340,SPENCER,9,Septiembre,4,2022,18,13,US- 29 N SALISBURY AVE,2,US Highway,Urbano,Arteria Menor,State Highway Agency,0,Sin jurisdiccion especial,181,35.69832222,-80.41901667,Vehiculo en movimiento,No reportado,Not an Intersection,No fue interseccion,Sobre calle,Ninguna,Dia total,Despejado,No,NO APLICA,18,13,18,24,1,04/09/2022,4
37,North Carolina,371488,0,0,2,1,21,BUNCOMBE (21),170,ASHEVILLE,10,Octubre,29,2022,14,28,W CHAPEL RD,5,Calle Local - Pueblo,Urbano,Local,Town or Township Highway Agency,0,Sin jurisdiccion especial,0,35.54881111,-82.52405556,Muro,El primer evento no fue una colision con un vehiculo automotor en transporte,Not an Intersection,No fue interseccion,Sobre el lado de la calle,Ninguna,Dia total,Nublado,No,NO APLICA,14,38,14,45,1,29/10/2022,1
37,North Carolina,371490,1,1,1,0,191,WAYNE (191),1880,GOLDSBORO,10,Octubre,29,2022,18,45,SSR-1556 WAYNE MEMORIAL DR,8,Otro,Urbano,Arteria Menor,State Highway Agency,0,Sin jurisdiccion especial,91,35.39983056,-77.95662778,Peaton,El primer evento no fue una colision con un vehiculo automotor en transporte,Not an Intersection,No fue interseccion,Sobre calle,Ninguna,Oscuro sin iluminacion,Despejado,No,NO APLICA,99,99,99,99,1,29/10/2022,3
37,North Carolina,371491,1,1,1,0,21,BUNCOMBE (21),170,ASHEVILLE,11,Noviembre,11,2022,22,17,US-19,2,US Highway,Urbano,Arteria Principal,State Highway Agency,1,Sin jurisdiccion especial,157,35.58856389,-82.58300278,Ciclista,El primer evento no fue una colision con un vehiculo automotor en transporte,Not an Intersection,No fue interseccion,Sobre calle,Ninguna,Oscuro con iluminacion,Nublado,No,NO APLICA,99,99,99,99,1,11/11/2022,1
37,North Carolina,371492,0,0,2,0,63,DURHAM (63),0,NO APLICA,11,Noviembre,5,2022,0,37,US-70,2,US Highway,Rural,Arteria Principal,State Highway Agency,1,Sin jurisdiccion especial,132,35.93878611,-78.81861667,Vehiculo en movimiento,Angulo,Y-Intersection,Interseccion de Y,Sobre calle,Ninguna,Oscuro sin iluminacion,Despejado,No,NO APLICA,0,33,0,41,1,05/11/2022,2
37,North Carolina,371493,1,1,4,0,183,WAKE (183),3750,RALEIGH,11,Noviembre,11,2022,20,5,US-1 CAPITAL BLVD,2,US Highway,Urbano,Arteria Principal,State Highway Agency,1,Sin jurisdiccion especial,300,35.84812222,-78.58016667,Peaton,El primer evento no fue una colision con un vehiculo automotor en transporte,Not an Intersection,No fue interseccion,Sobre calle,Ninguna,Oscuro con iluminacion,lluvia,No,NO APLICA,20,11,20,14,1,11/11/2022,5
37,North Carolina,371494,0,0,1,0,1,ALAMANCE (1),0,NO APLICA,12,Diciembre,3,2022,19,34,W GREENSBORO CHAPEL HILL RD,8,Otro,Rural,Colector Mayor,State Highway Agency,0,Sin jurisdiccion especial,106,35.89346667,-79.43676667,Buzon de correo,El primer evento no fue una colision con un vehiculo automotor en transporte,Not an Intersection,No fue interseccion,Sobre el lado de la calle,Ninguna,Oscuro sin iluminacion,Despejado,No,NO APLICA,19,24,19,40,1,03/12/2022,1
37,North Carolina,371495,0,0,1,0,51,CUMBERLAND (51),4374,SPRING LAKE,12,Diciembre,3,2022,0,33,VASS RD,5,Calle Local - Pueblo,Urbano,Colector Mayor,Town or Township Highway Agency,0,Sin jurisdiccion especial,68,35.19568889,-78.98916944,Zanja,El primer evento no fue una colision con un vehiculo automotor en transporte,Not an Intersection,No fue interseccion,Sobre el lado de la calle,Ninguna,Oscuro con iluminacion,Despejado,No,NO APLICA,99,99,99,99,1,03/12/2022,1
37,North Carolina,371496,0,0,1,0,81,GUILFORD (81),0,NO APLICA,12,Diciembre,14,2022,0,22,SSR-1116 BISHOP RD,8,Otro,Rural,Colector Mayor,State Highway Agency,0,Sin jurisdiccion especial,18,35.99334167,-79.86038056,Arbol,El primer evento no fue una colision con un vehiculo automotor en transporte,Not an Intersection,No fue interseccion,Sobre el lado de la calle,Ninguna,Oscuro sin iluminacion,Despejado,No,NO APLICA,0,19,0,28,1,14/12/2022,1
37,North Carolina,371497,0,0,1,0,85,HARNETT (85),0,NO APLICA,12,Diciembre,6,2022,18,0,SSR-1209 BARBECUE CHURCH RD,8,Otro,Rural,Colector Mayor,State Highway Agency,0,Sin jurisdiccion especial,25,35.35418333,-79.07655278,Arbol,El primer evento no fue una colision con un vehiculo automotor en transporte,Not an Intersection,No fue interseccion,Sobre el lado de la calle,Ninguna,Oscuro sin iluminacion,lluvia,No,NO APLICA,17,51,18,5,1,06/12/2022,2
37,North Carolina,371498,1,1,1,0,183,WAKE (183),3750,RALEIGH,12,Diciembre,14,2022,8,20,US-70 GLENWOOD AVE,2,US Highway,Urbano,Arteria Principal,State Highway Agency,1,Sin jurisdiccion especial,76,35.85443333,-78.70029167,Peaton,El primer evento no fue una colision con un vehiculo automotor en transporte,T-Intersection,Interseccion de T,Sobre calle,Ninguna,Dia total,Nublado,No,NO APLICA,8,22,8,25,1,14/12/2022,1
37,North Carolina,371499,1,1,1,0,183,WAKE (183),0,NO APLICA,12,Diciembre,31,2022,18,22,SSR-2550 PEARL RD,8,Otro,Rural,Local,Town or Township Highway Agency,0,Sin jurisdiccion especial,11,35.72193889,-78.55252222,Peaton,El primer evento no fue una colision con un vehiculo automotor en transporte,Not an Intersection,No fue interseccion,Sobre calle,Ninguna,Oscuro sin iluminacion,Despejado,No,NO APLICA,18,20,18,32,1,31/12/2022,1
37,North Carolina,371500,0,0,2,0,191,WAYNE (191),0,NO APLICA,11,Noviembre,21,2022,11,23,US-70,2,US Highway,Rural,Arteria Principal,State Highway Agency,1,Sin jurisdiccion especial,197,35.44481944,-78.10728889,Otra barrera de trafico,El primer evento no fue una colision con un vehiculo automotor en transporte,Not an Intersection,No fue interseccion,En el medio,Ninguna,Dia total,Despejado,No,NO APLICA,99,99,99,99,1,21/11/2022,2
37,North Carolina,371501,1,1,1,0,51,CUMBERLAND (51),0,NO APLICA,12,Diciembre,16,2022,3,43,US-301,2,US Highway,Rural,Arteria Principal,State Highway Agency,1,Sin jurisdiccion especial,55,35.00036667,-78.89949722,Peaton,El primer evento no fue una colision con un vehiculo automotor en transporte,"Five Point, or More",5 Puntos o mas,Sobre calle,Ninguna,Oscuro sin iluminacion,Despejado,No,NO APLICA,3,41,3,46,1,16/12/2022,1
37,North Carolina,371503,1,1,1,0,183,WAKE (183),3750,RALEIGH,10,Octubre,28,2022,20,27,US-64 BUS NEW BERN AVE,2,US Highway,Urbano,Arteria Principal,State Highway Agency,1,Sin jurisdiccion especial,27,35.79836944,-78.56214444,Peaton,El primer evento no fue una colision con un vehiculo automotor en transporte,Not an Intersection,No fue interseccion,Sobre calle,Ninguna,Oscuro sin iluminacion,Nublado,No,NO APLICA,20,36,20,39,1,28/10/2022,1
37,North Carolina,371504,0,0,3,0,183,WAKE (183),3750,RALEIGH,11,Noviembre,15,2022,1,30,I-440,1,Interestatal,Urbano,Interestatal,State Highway Agency,1,Sin jurisdiccion especial,38,35.78335833,-78.5734,Vehiculo en movimiento,Frente a frente,Not an Intersection,No fue interseccion,Sobre calle,Ninguna,Oscuro sin iluminacion,Despejado,No,NO APLICA,1,37,1,37,2,15/11/2022,4
37,North Carolina,371505,0,0,2,0,179,UNION (179),0,NO APLICA,1,Enero,8,2022,19,48,US-601,2,US Highway,Rural,Arteria Principal,State Highway Agency,1,Sin jurisdiccion especial,35,34.86217778,-80.44358056,Vehiculo en movimiento,Angulo,Not an Intersection,No fue interseccion,Sobre calle,Ninguna,Oscuro sin iluminacion,Despejado,No,NO APLICA,99,99,99,99,1,08/01/2022,2
37,North Carolina,371506,1,1,1,0,119,MECKLENBURG (119),870,CHARLOTTE,4,Abril,2,2022,3,53,I-85,1,Interestatal,Urbano,Interestatal,State Highway Agency,1,Sin jurisdiccion especial,76,35.278,-80.79693611,Peaton,El primer evento no fue una colision con un vehiculo automotor en transporte,Not an Intersection,No fue interseccion,Sobre calle,Ninguna,Oscuro sin iluminacion,Despejado,No,NO APLICA,99,99,99,99,1,02/04/2022,1
37,North Carolina,371507,0,0,2,0,183,WAKE (183),0,NO APLICA,4,Abril,6,2022,22,33,SSR-1382 OLDE SOUTH RD,8,Otro,Urbano,Local,State Highway Agency,0,Sin jurisdiccion especial,10,35.71330556,-78.71041667,Vehiculo en movimiento,Frente a frente,Four-Way Intersection,Interseccion de 4 direcciones,Sobre calle,Ninguna,Oscuro sin iluminacion,Nublado,No,NO APLICA,99,99,99,99,2,06/04/2022,6
37,North Carolina,371508,0,0,2,0,81,GUILFORD (81),0,NO APLICA,7,Julio,9,2022,16,50,SR-61,3,Highway estatal,Rural,Arteria Menor,State Highway Agency,0,Sin jurisdiccion especial,188,36.217775,-79.60983611,Vehiculo en movimiento,Angulo,Not an Intersection,No fue interseccion,Sobre calle,Ninguna,Dia total,lluvia,No,NO APLICA,99,99,99,99,3,09/07/2022,5
37,North Carolina,371509,0,0,1,0,189,WATAUGA (189),0,NO APLICA,7,Julio,16,2022,22,0,SSR-1311 CHARLIE THOMPSON RD,8,Otro,Rural,Local,State Highway Agency,0,Sin jurisdiccion especial,13,36.25785,-81.75791667,Acotamiento,El primer evento no fue una colision con un vehiculo automotor en transporte,Not an Intersection,No fue interseccion,Sobre el lado de la calle,Ninguna,Oscuro sin iluminacion,Despejado,No,NO APLICA,99,99,99,99,1,16/07/2022,1
37,North Carolina,371510,0,0,1,0,71,GASTON (71),0,NO APLICA,7,Julio,23,2022,15,24,SSR-2439 BEATY RD,8,Otro,Urbano,Arteria Menor,State Highway Agency,0,Sin jurisdiccion especial,5,35.18986389,-81.13407222,Poste de Señal de trafico,El primer evento no fue una colision con un vehiculo automotor en transporte,Not an Intersection,No fue interseccion,Sobre el lado de la calle,Ninguna,Dia total,Despejado,No,NO APLICA,99,99,99,99,1,23/07/2022,2
37,North Carolina,371511,0,0,1,0,77,GRANVILLE (77),0,NO APLICA,7,Julio,30,2022,20,38,SSR-1711,8,Otro,Rural,Colector Menor,State Highway Agency,0,Sin jurisdiccion especial,55,36.10114444,-78.55930833,Zanja,El primer evento no fue una colision con un vehiculo automotor en transporte,Not an Intersection,No fue interseccion,Sobre el lado de la calle,Ninguna,Atardecer,Despejado,No,NO APLICA,99,99,99,99,1,30/07/2022,1
37,North Carolina,371512,0,0,1,0,119,MECKLENBURG (119),870,CHARLOTTE,8,Agosto,14,2022,1,58,I-85 RAMP,1,Interestatal,Urbano,Interestatal,State Highway Agency,1,Sin jurisdiccion especial,4,35.27610556,-80.84379167,Fin de valla,El primer evento no fue una colision con un vehiculo automotor en transporte,Not an Intersection,No fue interseccion,Sobre el lado de la calle,Ninguna,Oscuro con iluminacion,Despejado,No,NO APLICA,99,99,99,99,1,14/08/2022,2
37,North Carolina,371513,0,0,1,0,89,HENDERSON (89),0,NO APLICA,11,Noviembre,7,2022,11,33,US-25,2,US Highway,Urbano,Arteria Menor,State Highway Agency,0,Sin jurisdiccion especial,84,35.35536944,-82.47624444,Valla Ferrocarril,El primer evento no fue una colision con un vehiculo automotor en transporte,Not an Intersection,No fue interseccion,Sobre el lado de la calle,Ninguna,Dia total,Despejado,No,NO APLICA,99,99,99,99,1,07/11/2022,1
37,North Carolina,371514,0,0,2,0,163,SAMPSON (163),0,NO APLICA,11,Noviembre,8,2022,6,33,SR-24,3,Highway estatal,Rural,Arteria Principal,State Highway Agency,0,Sin jurisdiccion especial,128,34.96371944,-78.44446667,Vehiculo en movimiento,Frente a Detrás,Not an Intersection,No fue interseccion,Sobre calle,Ninguna,Amanecer,Despejado,Yes,NO APLICA,99,99,99,99,1,08/11/2022,2
37,North Carolina,371515,0,0,1,0,49,CRAVEN (49),0,NO APLICA,11,Noviembre,26,2022,2,21,SSR-1423CRAVEN MIDDLESCHOOL RD,8,Otro,Rural,Local,State Highway Agency,0,Sin jurisdiccion especial,39,35.21888333,-77.14826389,Arbol,El primer evento no fue una colision con un vehiculo automotor en transporte,Not an Intersection,No fue interseccion,Sobre el lado de la calle,Ninguna,Oscuro sin iluminacion,Despejado,No,NO APLICA,99,99,99,99,2,26/11/2022,2