Estado,Nombre de Estado,Numero de Caso,Peatones,Personas _no_vehiculos,Vehiculos automotores,Vehiculos estacionados,Condado,Nombre Condado,Ciudad,Nombre Ciudad,Mes,Nombre Mes,Dia,Año,Hora,Minuto,Calle,Ruta,Nombre Ruta,Rural o Urbanoo,Sistema Funcional,Dueño Calle,Sistema Nacional Carreteras,Jurisdiccion Especial,Milla,Latitud,Longitud,Causa del Accidente,Tipo de Accidente,Tipo Interseccion,Columna1,Lugar en la calle,Zona de Trabajo,Luz,Clima,Autobus Escolar,Cruce de Trenes,Hora Notificacion,Minuto Notificacion,Hora Llegada,Minuto Llegada,Decesos,Fecha,PersonaVehiculo
37,North Carolina,371516,0,0,2,0,25,CABARRUS (25),1040,CONCORD,11,Noviembre,30,2022,20,1,I-85,1,Interestatal,Urbano,Interestatal,State Highway Agency,1,Sin jurisdiccion especial,37,35.40869167,-80.69036111,Vehiculo en movimiento,Golpe Lateral - misma direccion,Not an Intersection,No fue interseccion,Sobre calle,Ninguna,Oscuro sin iluminacion,Despejado,No,NO APLICA,99,99,99,99,1,30/11/2022,2
37,North Carolina,371517,0,0,2,0,69,FRANKLIN (69),0,NO APLICA,12,Diciembre,11,2022,1,45,US-1,2,US Highway,Urbano,Arteria Principal,State Highway Agency,1,Sin jurisdiccion especial,23,36.04150556,-78.4972,Vehiculo en movimiento,Angulo,Four-Way Intersection,Interseccion de 4 direcciones,Sobre calle,Ninguna,Oscuro sin iluminacion,Despejado,No,NO APLICA,99,99,99,97,1,11/12/2022,2
37,North Carolina,371518,0,0,2,0,67,FORSYTH (67),5120,WINSTON SALEM,6,Junio,16,2022,7,22,NS-94948 27TH ST,8,Otro,Urbano,Colector Mayor,State Highway Agency,0,Sin jurisdiccion especial,12,36.12335,-80.241975,Vehiculo en movimiento,Angulo,Four-Way Intersection,Interseccion de 4 direcciones,Sobre calle,Ninguna,Dia total,Despejado,No,NO APLICA,99,99,99,99,1,16/06/2022,2
37,North Carolina,371519,0,0,1,0,183,WAKE (183),3750,RALEIGH,12,Diciembre,20,2022,22,22,I-87,1,Interestatal,Urbano,Interestatal,State Highway Agency,1,Sin jurisdiccion especial,36,35.77692222,-78.55910556,Arbol,El primer evento no fue una colision con un vehiculo automotor en transporte,Not an Intersection,No fue interseccion,Sobre el lado de la calle,Ninguna,Oscuro con iluminacion,Despejado,No,NO APLICA,99,99,99,99,1,20/12/2022,1
37,North Carolina,371520,0,0,2,1,27,CALDWELL (27),2590,LENOIR,12,Diciembre,25,2022,17,53,SSR-1300 CREEKWAY DR,8,Otro,Urbano,Colector Mayor,State Highway Agency,0,Sin jurisdiccion especial,21,35.92275278,-81.55050833,Banqueta,El primer evento no fue una colision con un vehiculo automotor en transporte,Not an Intersection,No fue interseccion,Sobre el lado de la calle,Ninguna,Oscuro con iluminacion,Despejado,No,NO APLICA,99,99,99,99,1,25/12/2022,2
37,North Carolina,371521,0,0,2,0,147,PITT (147),1950,GREENVILLE,12,Diciembre,29,2022,13,9,SSR-1134 THOMAS LANGSTON RD,8,Otro,Urbano,Local,State Highway Agency,0,Sin jurisdiccion especial,3,35.56228333,-77.41695833,Vehiculo en movimiento,Angulo,Four-Way Intersection,Interseccion de 4 direcciones,Sobre calle,Ninguna,Dia total,Despejado,No,NO APLICA,13,8,13,13,1,29/12/2022,3
37,North Carolina,371522,1,1,1,0,183,WAKE (183),3750,RALEIGH,11,Noviembre,4,2022,4,42,COUNTRY TRAIL,6,Calle Local Municipalidad,Urbano,Local,State Highway Agency,0,Sin jurisdiccion especial,5,35.88481667,-78.73659167,Peaton,El primer evento no fue una colision con un vehiculo automotor en transporte,Four-Way Intersection,Interseccion de 4 direcciones,Sobre calle,Ninguna,Dia total,Despejado,No,NO APLICA,99,99,99,99,1,04/11/2022,1
37,North Carolina,371523,1,1,1,0,183,WAKE (183),3750,RALEIGH,11,Noviembre,15,2022,8,39,US-70 S WILMINGTON ST,2,US Highway,Urbano,Arteria Principal,State Highway Agency,1,Sin jurisdiccion especial,0,35.73546111,-78.65035833,Peaton,El primer evento no fue una colision con un vehiculo automotor en transporte,Four-Way Intersection,Interseccion de 4 direcciones,Sobre calle,Ninguna,Dia total,Nublado,No,NO APLICA,99,99,99,99,1,15/11/2022,1
37,North Carolina,371524,0,0,2,0,101,JOHNSTON (101),0,NO APLICA,12,Diciembre,5,2022,11,19,SSR-1700,8,Otro,Rural,Colector Mayor,State Highway Agency,0,Sin jurisdiccion especial,21,35.67336111,-78.4397,Vehiculo en movimiento,Frente a Detrás,T-Intersection,Interseccion de T,Sobre calle,Ninguna,Dia total,Despejado,No,NO APLICA,99,99,99,99,1,05/12/2022,2
37,North Carolina,371525,0,0,1,0,101,JOHNSTON (101),0,NO APLICA,11,Noviembre,26,2022,11,30,US-70,2,US Highway,Rural,Arteria Principal,State Highway Agency,1,Sin jurisdiccion especial,99998,35.48677222,-78.25963611,Acotamiento,El primer evento no fue una colision con un vehiculo automotor en transporte,Not an Intersection,No fue interseccion,Sobre el lado de la calle,Ninguna,Dia total,Despejado,No,NO APLICA,99,99,99,99,1,26/11/2022,2
37,North Carolina,371526,0,0,2,0,171,SURRY (171),3170,MOUNT AIRY,11,Noviembre,18,2022,19,59,US-52 BUS RENFRO ST,2,US Highway,Urbano,Arteria Menor,State Highway Agency,0,Sin jurisdiccion especial,28,36.498825,-80.60483056,Vehiculo en movimiento,Angulo,Four-Way Intersection,Interseccion de 4 direcciones,Sobre calle,Ninguna,Oscuro con iluminacion,Despejado,No,NO APLICA,99,99,99,99,1,18/11/2022,4
37,North Carolina,371527,0,0,1,0,25,CABARRUS (25),1040,CONCORD,11,Noviembre,10,2022,0,4,SR-1305 PITTS SCHOOL RD SW,3,Highway estatal,Urbano,Colector Menor,State Highway Agency,0,Sin jurisdiccion especial,39,35.36061111,-80.65898056,Volcadura,El primer evento no fue una colision con un vehiculo automotor en transporte,Not an Intersection,No fue interseccion,Sobre el lado de la calle,Ninguna,Oscuro sin iluminacion,Despejado,No,NO APLICA,99,99,99,99,1,10/11/2022,1
37,North Carolina,371528,1,1,1,0,119,MECKLENBURG (119),870,CHARLOTTE,9,Septiembre,8,2022,0,36,SSR-2808 CAMP STEWART RD,8,Otro,Urbano,Local,State Highway Agency,0,Sin jurisdiccion especial,2,35.24083056,-80.65925556,Peaton,El primer evento no fue una colision con un vehiculo automotor en transporte,Not an Intersection,No fue interseccion,Sobre calle,Ninguna,Oscuro sin iluminacion,Despejado,No,NO APLICA,99,99,99,99,1,08/09/2022,2
37,North Carolina,371529,1,1,1,0,119,MECKLENBURG (119),870,CHARLOTTE,5,Mayo,29,2022,21,57,SSR-2940 EASTWAY DR,8,Otro,Urbano,Arteria Principal,State Highway Agency,1,Sin jurisdiccion especial,32,35.21817222,-80.78061944,Peaton,El primer evento no fue una colision con un vehiculo automotor en transporte,Not an Intersection,No fue interseccion,Sobre calle,Ninguna,Oscuro con iluminacion,Despejado,No,NO APLICA,99,99,99,99,1,29/05/2022,1
37,North Carolina,371530,1,1,1,0,81,GUILFORD (81),1940,GREENSBORO,11,Noviembre,22,2022,18,50,S ELM-EUGENE ST,8,Otro,Urbano,Arteria Menor,State Highway Agency,0,Sin jurisdiccion especial,29,36.03516944,-79.79143056,Peaton,El primer evento no fue una colision con un vehiculo automotor en transporte,Not an Intersection,No fue interseccion,Sobre calle,Ninguna,Oscuro con iluminacion,Despejado,No,NO APLICA,99,99,99,99,1,22/11/2022,2
37,North Carolina,371531,0,0,2,0,163,SAMPSON (163),0,NO APLICA,11,Noviembre,13,2022,15,38,SR-24,3,Highway estatal,Rural,Arteria Principal,State Highway Agency,1,Sin jurisdiccion especial,163,34.99031667,-78.39396944,Vehiculo en movimiento,Angulo,Four-Way Intersection,Interseccion de 4 direcciones,Sobre calle,Ninguna,Dia total,Despejado,No,NO APLICA,99,99,99,99,1,13/11/2022,4
37,North Carolina,371532,1,1,1,0,21,BUNCOMBE (21),170,ASHEVILLE,11,Noviembre,10,2022,18,18,US-25,2,US Highway,Urbano,Arteria Principal,State Highway Agency,1,Sin jurisdiccion especial,10,35.45996667,-82.51225833,Peaton,El primer evento no fue una colision con un vehiculo automotor en transporte,Four-Way Intersection,Interseccion de 4 direcciones,Sobre calle,Ninguna,Oscuro sin iluminacion,lluvia,No,NO APLICA,99,99,99,99,1,10/11/2022,1
37,North Carolina,371533,1,1,1,0,21,BUNCOMBE (21),170,ASHEVILLE,9,Septiembre,22,2022,22,50,US-25 MCDOWELL ST,2,US Highway,Urbano,Arteria Principal,State Highway Agency,1,Sin jurisdiccion especial,99998,35.56778333,-82.54553056,Peaton,El primer evento no fue una colision con un vehiculo automotor en transporte,Not an Intersection,No fue interseccion,Sobre calle,Ninguna,Oscuro con iluminacion,Despejado,No,NO APLICA,99,99,99,99,1,22/09/2022,1
37,North Carolina,371534,0,0,2,0,63,DURHAM (63),1360,DURHAM,10,Octubre,24,2022,8,23,MARTIN LUTHER KING JR,8,Otro,Urbano,Arteria Principal,State Highway Agency,1,Sin jurisdiccion especial,10,35.94594167,-78.92164167,Vehiculo en movimiento,Angulo,Four-Way Intersection,Interseccion de 4 direcciones,Sobre calle,Ninguna,Dia total,Despejado,No,NO APLICA,99,99,99,99,1,24/10/2022,3
37,North Carolina,371535,0,0,2,0,71,GASTON (71),0,NO APLICA,7,Julio,19,2022,7,50,SSR-2435 UNION NEW HOPE RD,8,Otro,Rural,Colector Mayor,State Highway Agency,0,Sin jurisdiccion especial,23,35.19296389,-81.08189167,Vehiculo en movimiento,Frente a frente,Not an Intersection,No fue interseccion,Sobre calle,Ninguna,Dia total,Despejado,No,NO APLICA,99,99,99,99,1,19/07/2022,2
37,North Carolina,371536,1,1,1,0,21,BUNCOMBE (21),170,ASHEVILLE,5,Mayo,31,2022,22,36,SR-191 BREVARD RD,3,Highway estatal,Urbano,Arteria Menor,State Highway Agency,0,Sin jurisdiccion especial,69,35.52369444,-82.60680833,Peaton,El primer evento no fue una colision con un vehiculo automotor en transporte,Four-Way Intersection,Interseccion de 4 direcciones,Sobre calle,Ninguna,Oscuro sin iluminacion,Despejado,No,NO APLICA,99,99,99,99,1,31/05/2022,1
37,North Carolina,371537,0,0,2,0,105,LEE (105),0,NO APLICA,5,Mayo,21,2022,15,8,SSR-1144 GREENWOOD RD,8,Otro,Rural,Colector Mayor,State Highway Agency,0,Sin jurisdiccion especial,44,35.38536389,-79.18623333,Vehiculo en movimiento,Angulo,T-Intersection,Interseccion de T,Sobre calle,Ninguna,Dia total,Despejado,No,NO APLICA,99,99,99,99,1,21/05/2022,2
37,North Carolina,371538,1,1,1,0,51,CUMBERLAND (51),1670,FAYETTEVILLE,5,Mayo,7,2022,2,1,BRAGG BLVD,6,Calle Local Municipalidad,Urbano,Arteria Menor,State Highway Agency,0,Sin jurisdiccion especial,99999,99.9999,999.9999,Peaton,El primer evento no fue una colision con un vehiculo automotor en transporte,Not an Intersection,No fue interseccion,Sobre calle,Ninguna,Oscuro sin iluminacion,No reportado,No,NO APLICA,99,99,99,99,1,07/05/2022,1
37,North Carolina,371539,0,0,1,0,181,VANCE (181),2120,HENDERSON,5,Mayo,1,2022,15,36,EAST WINDER ST,5,Calle Local - Pueblo,Urbano,Local,Town or Township Highway Agency,0,Sin jurisdiccion especial,6,36.32066944,-78.39628611,Banqueta,El primer evento no fue una colision con un vehiculo automotor en transporte,T-Intersection,Interseccion de T,Sobre el lado de la calle,Ninguna,Dia total,Despejado,No,NO APLICA,99,99,99,99,1,01/05/2022,1
37,North Carolina,371540,0,0,2,0,183,WAKE (183),3750,RALEIGH,3,Marzo,13,2022,13,1,SSR-2036 N NEW HOPE RD,8,Otro,Urbano,Arteria Menor,State Highway Agency,0,Sin jurisdiccion especial,75,35.83121111,-78.56922222,Vehiculo en movimiento,Frente a frente,Four-Way Intersection,Interseccion de 4 direcciones,Sobre calle,Ninguna,Dia total,Despejado,No,NO APLICA,99,99,99,99,1,13/03/2022,4
37,North Carolina,371541,0,0,2,0,159,ROWAN (159),4070,SALISBURY,2,Febrero,12,2022,15,36,GREEN ST,8,Otro,Urbano,Local,State Highway Agency,0,Sin jurisdiccion especial,1,35.66195556,-80.46137222,Vehiculo en movimiento,Angulo,Four-Way Intersection,Interseccion de 4 direcciones,Sobre calle,Ninguna,Dia total,Despejado,No,NO APLICA,99,99,99,99,1,12/02/2022,2
37,North Carolina,371542,0,0,2,0,81,GUILFORD (81),1940,GREENSBORO,2,Febrero,12,2022,9,4,I-40,1,Interestatal,Urbano,Interestatal,State Highway Agency,1,Sin jurisdiccion especial,99999,77.7777,777.7777,Vehiculo en movimiento,Frente a Detrás,Not an Intersection,No fue interseccion,Sobre calle,Ninguna,Dia total,Despejado,No,NO APLICA,99,99,99,99,1,12/02/2022,2
37,North Carolina,371543,0,0,2,0,67,FORSYTH (67),5120,WINSTON SALEM,2,Febrero,8,2022,12,30,US-52,2,US Highway,Urbano,Arterial Principal -Freeway o ExpressWay,State Highway Agency,1,Sin jurisdiccion especial,146,36.18967222,-80.28173333,Vehiculo en movimiento,Frente a Detrás,Not an Intersection,No fue interseccion,Sobre calle,Construccion,Dia total,Despejado,No,NO APLICA,99,99,99,99,1,08/02/2022,2
37,North Carolina,371544,1,1,1,0,51,CUMBERLAND (51),0,NO APLICA,5,Mayo,21,2022,2,7,SSR-1847 SANDY CREEK RD,8,Otro,Rural,Local,State Highway Agency,0,Sin jurisdiccion especial,99998,77.7777,777.7777,Peaton,El primer evento no fue una colision con un vehiculo automotor en transporte,Not an Intersection,No fue interseccion,Sobre calle,Ninguna,Oscuro - iluminacion desconocida,No reportado,No,NO APLICA,99,99,99,99,1,21/05/2022,1
37,North Carolina,371545,0,1,3,2,195,WILSON (195),5070,WILSON,8,Agosto,1,2022,11,47,VANCE ST,6,Calle Local Municipalidad,Urbano,Local,City or Municipal Highway Agency,0,Sin jurisdiccion especial,99998,35.73687222,-77.91793889,Vehiculo Aparcado,El primer evento no fue una colision con un vehiculo automotor en transporte,Four-Way Intersection,Interseccion de 4 direcciones,En estacionamiento,Ninguna,Dia total,Despejado,No,NO APLICA,99,99,99,99,1,01/08/2022,1
37,North Carolina,371546,0,0,3,0,51,CUMBERLAND (51),1670,FAYETTEVILLE,6,Junio,8,2022,15,45,GILLIS HILL RD,8,Otro,Urbano,Colector Menor,State Highway Agency,0,Sin jurisdiccion especial,99998,35.01561389,-79.05419444,Vehiculo en movimiento,No reportado,Not an Intersection,No fue interseccion,Sobre calle,Ninguna,Dia total,No reportado,No,NO APLICA,3,99,99,99,1,08/06/2022,6
38,North Dakota,380001,0,0,1,0,93,STUTSMAN (93),0,NO APLICA,1,Enero,8,2022,13,20,I-94,1,Interestatal,Rural,Interestatal,State Highway Agency,1,Sin jurisdiccion especial,2585,46.88364722,-98.70855833,Volcadura,El primer evento no fue una colision con un vehiculo automotor en transporte,Not an Intersection,No fue interseccion,En el medio,Ninguna,Dia total,Soplando nieve,No,NO APLICA,13,23,13,35,1,08/01/2022,2
38,North Dakota,380002,0,0,2,0,53,MCKENZIE (53),0,NO APLICA,1,Enero,14,2022,12,0,CR-154TH AVE NW,5,Calle Local - Pueblo,Rural,Local,Town or Township Highway Agency,0,Sin jurisdiccion especial,99998,47.92058889,-103.8833583,Vehiculo en movimiento,Angulo,Four-Way Intersection,Interseccion de 4 direcciones,Sobre calle,Ninguna,Dia total,Despejado,No,NO APLICA,99,99,99,99,1,14/01/2022,2
38,North Dakota,380003,0,0,1,0,43,KIDDER (43),0,NO APLICA,1,Enero,16,2022,0,32,I-94,1,Interestatal,Rural,Interestatal,State Highway Agency,1,Sin jurisdiccion especial,2218,46.87944722,-99.47647222,Volcadura,El primer evento no fue una colision con un vehiculo automotor en transporte,Not an Intersection,No fue interseccion,Gore?,Ninguna,Oscuro sin iluminacion,Despejado,No,NO APLICA,1,16,2,16,1,16/01/2022,1
38,North Dakota,380004,0,0,2,0,17,CASS (17),0,NO APLICA,1,Enero,22,2022,20,48,I-94,1,Interestatal,Urbano,Interestatal,State Highway Agency,1,Sin jurisdiccion especial,3099,46.895925,-97.64822222,Vehiculo en movimiento,Frente a Detrás,Not an Intersection,No fue interseccion,Sobre calle,Ninguna,Oscuro sin iluminacion,Nublado,No,NO APLICA,20,58,21,27,1,22/01/2022,5
38,North Dakota,380005,0,0,2,0,53,MCKENZIE (53),0,NO APLICA,1,Enero,25,2022,8,27,SR-23,3,Highway estatal,Rural,Arteria Principal,State Highway Agency,0,Sin jurisdiccion especial,66,47.80402778,-103.1507,Vehiculo en movimiento,Angulo,Not an Intersection,No fue interseccion,Sobre Acotamiento,Ninguna,Amanecer,Despejado,No,NO APLICA,88,88,88,88,1,25/01/2022,2
38,North Dakota,380006,0,0,1,0,15,BURLEIGH (15),0,NO APLICA,1,Enero,25,2022,13,54,US-83,2,US Highway,Rural,Arterial Principal -Freeway o ExpressWay,State Highway Agency,1,Sin jurisdiccion especial,1009,47.00276111,-100.7922667,Zanja,El primer evento no fue una colision con un vehiculo automotor en transporte,Not an Intersection,No fue interseccion,En el medio,Ninguna,Dia total,Despejado,No,NO APLICA,15,2,15,13,1,25/01/2022,2
38,North Dakota,380007,1,1,1,0,95,TOWNER (95),0,NO APLICA,1,Enero,30,2022,19,20,US-281,2,US Highway,Rural,Arteria Principal,State Highway Agency,1,Sin jurisdiccion especial,2209,48.862975,-99.36861111,Peaton,El primer evento no fue una colision con un vehiculo automotor en transporte,Not an Intersection,No fue interseccion,Sobre calle,Ninguna,Oscuro sin iluminacion,Despejado,No,NO APLICA,19,35,19,48,1,30/01/2022,3
38,North Dakota,380008,0,0,3,0,101,WARD (101),0,NO APLICA,2,Febrero,4,2022,15,15,US-52,2,US Highway,Rural,Arteria Principal,State Highway Agency,1,Sin jurisdiccion especial,794,48.3403,-101.5291028,Vehiculo en movimiento,Golpe Lateral - direccion contraria,Not an Intersection,No fue interseccion,Sobre calle,Ninguna,Dia total,Despejado,No,NO APLICA,15,18,15,34,1,04/02/2022,3
38,North Dakota,380009,0,0,2,0,61,MOUNTRAIL (61),0,NO APLICA,2,Febrero,19,2022,0,17,SR-8,3,Highway estatal,Rural,Arteria Principal,State Highway Agency,1,Sin jurisdiccion especial,1327,47.98710278,-102.3435139,Vehiculo en movimiento,Frente a frente,Not an Intersection,No fue interseccion,Sobre calle,Ninguna,Oscuro sin iluminacion,Despejado,No,NO APLICA,0,9,0,13,1,19/02/2022,2
38,North Dakota,380010,0,0,2,0,101,WARD (101),0,NO APLICA,2,Febrero,26,2022,22,14,US-52,2,US Highway,Rural,Arteria Principal,State Highway Agency,1,Sin jurisdiccion especial,789,48.34406667,-101.5411361,Vehiculo en movimiento,Frente a frente,Not an Intersection,No fue interseccion,Sobre calle,Ninguna,Oscuro sin iluminacion,Despejado,No,NO APLICA,22,18,22,34,1,26/02/2022,2
38,North Dakota,380011,0,0,2,0,59,MORTON (59),0,NO APLICA,3,Marzo,4,2022,16,19,I-94,1,Interestatal,Rural,Interestatal,State Highway Agency,1,Sin jurisdiccion especial,1369,46.86244167,-101.2216667,Vehiculo en movimiento,Angulo,Not an Intersection,No fue interseccion,Sobre calle,Ninguna,Dia total,Aguanieve,No,NO APLICA,16,17,16,45,1,04/03/2022,4
38,North Dakota,380012,0,0,2,0,15,BURLEIGH (15),0,NO APLICA,3,Marzo,4,2022,17,54,SR-10,3,Highway estatal,Rural,Colector Mayor,County Highway Agency,0,Sin jurisdiccion especial,99998,46.81499444,-100.6326556,Vehiculo en movimiento,Angulo,Not an Intersection,No fue interseccion,Sobre calle,Ninguna,Dia total,Aguanieve,No,NO APLICA,17,56,99,97,1,04/03/2022,2
38,North Dakota,380013,0,0,2,0,99,WALSH (99),0,NO APLICA,3,Marzo,10,2022,9,50,US-81,2,US Highway,Rural,Arteria Principal,State Highway Agency,1,Sin jurisdiccion especial,1762,48.21155833,-97.35996389,Vehiculo en movimiento,Frente a frente,Not an Intersection,No fue interseccion,Sobre calle,Ninguna,Dia total,Despejado,No,NO APLICA,9,55,99,97,1,10/03/2022,2
38,North Dakota,380014,0,0,3,0,59,MORTON (59),1990,MANDAN,3,Marzo,10,2022,15,42,I-94B,1,Interestatal,Urbano,Interestatal,State Highway Agency,1,Sin jurisdiccion especial,1550,46.82943333,-100.8659778,Vehiculo en movimiento,Angulo,Four-Way Intersection,Interseccion de 4 direcciones,Sobre calle,Ninguna,Dia total,Despejado,No,NO APLICA,15,43,15,50,1,10/03/2022,4
38,North Dakota,380015,0,0,2,0,73,RANSOM (73),1880,LISBON,4,Abril,9,2022,17,52,SR-27,3,Highway estatal,Rural,Arteria Principal,State Highway Agency,0,Sin jurisdiccion especial,200,46.44189167,-97.65813889,Vehiculo en movimiento,Angulo,Four-Way Intersection,Interseccion de 4 direcciones,Sobre calle,Ninguna,Dia total,Despejado,No,NO APLICA,17,55,18,1,1,09/04/2022,3
38,North Dakota,380016,0,0,2,0,61,MOUNTRAIL (61),0,NO APLICA,4,Abril,18,2022,7,55,SR-0023,3,Highway estatal,Rural,Arteria Principal,State Highway Agency,1,Sin jurisdiccion especial,766,47.97792222,-101.90795,Vehiculo en movimiento,Angulo,Not an Intersection,No fue interseccion,Sobre calle,Ninguna,Dia total,Neblina o Humo,No,NO APLICA,7,56,8,14,1,18/04/2022,2
38,North Dakota,380017,0,0,2,0,17,CASS (17),1020,FARGO,4,Abril,22,2022,13,29,CR-25TH ST N,6,Calle Local Municipalidad,Urbano,Arteria Menor,City or Municipal Highway Agency,0,Sin jurisdiccion especial,99998,46.88271944,-96.81956667,Vehiculo en movimiento,Frente a frente,Not an Intersection,No fue interseccion,Sobre calle,Ninguna,Dia total,lluvia,No,NO APLICA,13,30,13,30,1,22/04/2022,3
38,North Dakota,380018,0,0,1,0,17,CASS (17),1020,FARGO,4,Abril,23,2022,1,23,CR-7TH AVE N,6,Calle Local Municipalidad,Urbano,Local,City or Municipal Highway Agency,0,Sin jurisdiccion especial,99998,46.883275,-96.83019167,Poste,El primer evento no fue una colision con un vehiculo automotor en transporte,Not an Intersection,No fue interseccion,Sobre el lado de la calle,Ninguna,Oscuro con iluminacion,lluvia,No,NO APLICA,9,15,9,20,1,23/04/2022,1
38,North Dakota,380019,0,0,2,0,67,PEMBINA (67),0,NO APLICA,5,Mayo,20,2022,19,43,SR-HWY 66,3,Highway estatal,Rural,Arteria Principal,State Highway Agency,1,Sin jurisdiccion especial,1349,48.57146667,-97.22973611,Vehiculo en movimiento,Frente a frente,Not an Intersection,No fue interseccion,Sobre calle,Ninguna,Dia total,Despejado,No,NO APLICA,19,44,19,54,1,20/05/2022,2
38,North Dakota,380020,0,0,1,0,15,BURLEIGH (15),0,NO APLICA,5,Mayo,25,2022,20,15,CR- HWY 10,4,Calle del Condado,Rural,Colector Mayor,County Highway Agency,0,Sin jurisdiccion especial,99998,46.82313611,-100.3076333,Alguien se cayo/avento del vehiculo,El primer evento no fue una colision con un vehiculo automotor en transporte,Not an Intersection,No fue interseccion,Sobre calle,Ninguna,Dia total,Despejado,No,NO APLICA,99,99,99,99,1,25/05/2022,1
38,North Dakota,380021,0,0,1,0,101,WARD (101),0,NO APLICA,5,Mayo,27,2022,11,16,CR-WARD CO RD 24,4,Calle del Condado,Rural,Colector Mayor,County Highway Agency,0,Sin jurisdiccion especial,99998,47.86268611,-101.6125167,Acotamiento,El primer evento no fue una colision con un vehiculo automotor en transporte,Not an Intersection,No fue interseccion,Sobre el lado de la calle,Ninguna,Dia total,Despejado,No,NO APLICA,11,38,12,11,1,27/05/2022,3
38,North Dakota,380022,0,0,2,0,37,GRANT (37),0,NO APLICA,5,Mayo,28,2022,18,16,SR-HWY 31,3,Highway estatal,Rural,Arteria Principal,State Highway Agency,1,Sin jurisdiccion especial,248,46.29914167,-101.3303,Vehiculo en movimiento,Angulo,Four-Way Intersection,Interseccion de 4 direcciones,Sobre calle,Ninguna,Dia total,Nublado,No,NO APLICA,18,19,18,41,1,28/05/2022,2
38,North Dakota,380023,0,0,2,0,77,RICHLAND (77),0,NO APLICA,5,Mayo,28,2022,23,14,SR-HWY 111,3,Highway estatal,Rural,Arteria Principal,State Highway Agency,1,Sin jurisdiccion especial,1592,46.06671111,-97.03218611,Vehiculo en movimiento,Frente a Detrás,Four-Way Intersection,Interseccion de 4 direcciones,Sobre calle,Ninguna,Oscuro sin iluminacion,Nublado,No,NO APLICA,23,12,23,45,2,28/05/2022,3
38,North Dakota,380024,0,0,2,0,105,WILLIAMS (105),3350,WILLISTON,5,Mayo,30,2022,10,34,CR-WILLIAMS 6,4,Calle del Condado,Rural,Colector Mayor,County Highway Agency,0,Sin jurisdiccion especial,99998,48.24470278,-103.6202639,Vehiculo en movimiento,Angulo,Not an Intersection,No fue interseccion,Sobre calle,Ninguna,Dia total,lluvia,No,NO APLICA,10,35,10,41,1,30/05/2022,2
38,North Dakota,380025,2,2,2,1,17,CASS (17),1020,FARGO,6,Junio,1,2022,16,42,I-94,1,Interestatal,Urbano,Interestatal,State Highway Agency,1,Sin jurisdiccion especial,99998,46.84795833,-96.83650278,Vehiculo Aparcado,El primer evento no fue una colision con un vehiculo automotor en transporte,Not an Intersection,No fue interseccion,Sobre Acotamiento,Ninguna,Dia total,Despejado,No,NO APLICA,16,45,16,53,1,01/06/2022,1
38,North Dakota,380026,0,0,2,0,15,BURLEIGH (15),370,BISMARCK,6,Junio,5,2022,22,30,CR-E CENTURY AVE,6,Calle Local Municipalidad,Urbano,Arteria Principal,City or Municipal Highway Agency,0,Sin jurisdiccion especial,99998,46.83799722,-100.7922583,Vehiculo en movimiento,Angulo,Four-Way Intersection,Interseccion de 4 direcciones,Sobre calle,Ninguna,Oscuro con iluminacion,Nublado,No,NO APLICA,22,35,22,40,1,05/06/2022,2
38,North Dakota,380027,0,0,1,0,83,SHERIDAN (83),0,NO APLICA,6,Junio,9,2022,99,99,CR-4TH AVE NW,5,Calle Local - Pueblo,Rural,Local,Town or Township Highway Agency,0,Sin jurisdiccion especial,99998,47.56253056,-100.6302722,Alguien se cayo/avento del vehiculo,El primer evento no fue una colision con un vehiculo automotor en transporte,Not an Intersection,No fue interseccion,Sobre calle,Ninguna,Reportada como desconocida,Despejado,No,NO APLICA,1,56,1,59,1,09/06/2022,3
38,North Dakota,380028,0,0,2,0,3,BARNES (3),0,NO APLICA,6,Junio,10,2022,19,50,CR-26,4,Calle del Condado,Rural,Arteria Principal,County Highway Agency,0,Sin jurisdiccion especial,206,47.19645833,-97.80959167,Vehiculo en movimiento,Frente a frente,Not an Intersection,No fue interseccion,Sobre calle,Ninguna,Dia total,Nublado,No,NO APLICA,88,88,88,88,1,10/06/2022,2
38,North Dakota,380029,0,0,1,0,59,MORTON (59),1990,MANDAN,6,Junio,11,2022,14,0,I-94,1,Interestatal,Urbano,Interestatal,State Highway Agency,1,Sin jurisdiccion especial,1530,46.83943611,-100.8759778,Acotamiento,El primer evento no fue una colision con un vehiculo automotor en transporte,Four-Way Intersection,Interseccion de 4 direcciones,Sobre el lado de la calle,Ninguna,Dia total,Despejado,No,NO APLICA,13,58,99,99,1,11/06/2022,1
38,North Dakota,380030,0,0,1,0,9,BOTTINEAU (9),0,NO APLICA,6,Junio,15,2022,1,19,CR-BOTTINEAU CTY RD 20,4,Calle del Condado,Rural,Colector Mayor,County Highway Agency,0,Sin jurisdiccion especial,99998,48.71920833,-101.1407417,Volcadura,El primer evento no fue una colision con un vehiculo automotor en transporte,Not an Intersection,No fue interseccion,Fuera de la calle,Ninguna,Oscuro sin iluminacion,Despejado,No,NO APLICA,1,28,1,51,1,15/06/2022,1
38,North Dakota,380031,1,1,1,0,93,STUTSMAN (93),0,NO APLICA,6,Junio,19,2022,12,15,SR-HWY 20,3,Highway estatal,Rural,Arteria Principal,State Highway Agency,1,Sin jurisdiccion especial,107,47.05772222,-98.67908611,Ciclista,El primer evento no fue una colision con un vehiculo automotor en transporte,Not an Intersection,No fue interseccion,Sobre calle,Ninguna,Dia total,Despejado,No,NO APLICA,12,41,12,55,1,19/06/2022,1