Estado,Nombre de Estado,Numero de Caso,Peatones,Personas _no_vehiculos,Vehiculos automotores,Vehiculos estacionados,Condado,Nombre Condado,Ciudad,Nombre Ciudad,Mes,Nombre Mes,Dia,Año,Hora,Minuto,Calle,Ruta,Nombre Ruta,Rural o Urbanoo,Sistema Funcional,Dueño Calle,Sistema Nacional Carreteras,Jurisdiccion Especial,Milla,Latitud,Longitud,Causa del Accidente,Tipo de Accidente,Tipo Interseccion,Columna1,Lugar en la calle,Zona de Trabajo,Luz,Clima,Autobus Escolar,Cruce de Trenes,Hora Notificacion,Minuto Notificacion,Hora Llegada,Minuto Llegada,Decesos,Fecha,PersonaVehiculo
38,North Dakota,380032,0,0,1,0,17,CASS (17),0,NO APLICA,6,Junio,24,2022,15,0,I-29,1,Interestatal,Rural,Interestatal,State Highway Agency,1,Sin jurisdiccion especial,842,47.12913333,-96.96311111,Volcadura,El primer evento no fue una colision con un vehiculo automotor en transporte,Not an Intersection,No fue interseccion,Sobre calle,Ninguna,Dia total,Vientos cruzados pero de los mamalones,No,NO APLICA,14,59,15,17,1,24/06/2022,1
38,North Dakota,380033,1,1,1,0,15,BURLEIGH (15),370,BISMARCK,6,Junio,25,2022,1,7,CR-2ND ST S,6,Calle Local Municipalidad,Urbano,Local,City or Municipal Highway Agency,0,Sin jurisdiccion especial,99998,46.79530556,-100.7918667,Peaton,El primer evento no fue una colision con un vehiculo automotor en transporte,Not an Intersection,No fue interseccion,Sobre calle,Ninguna,Oscuro con iluminacion,Nublado,No,NO APLICA,99,99,99,99,1,25/06/2022,3
38,North Dakota,380034,0,0,2,0,17,CASS (17),1020,FARGO,6,Junio,26,2022,19,52,US-81B,2,US Highway,Urbano,Arteria Principal,State Highway Agency,1,Sin jurisdiccion especial,99998,46.84741944,-96.79878333,Volcadura,El primer evento no fue una colision con un vehiculo automotor en transporte,T-Intersection,Interseccion de T,Sobre calle,Ninguna,Dia total,Despejado,No,NO APLICA,19,55,19,59,1,26/06/2022,2
38,North Dakota,380035,0,0,1,0,17,CASS (17),0,NO APLICA,6,Junio,28,2022,21,5,I-94,1,Interestatal,Rural,Interestatal,State Highway Agency,1,Sin jurisdiccion especial,3412,46.87765278,-97.001875,Volcadura,El primer evento no fue una colision con un vehiculo automotor en transporte,Not an Intersection,No fue interseccion,Sobre calle,Ninguna,Dia total,Despejado,No,NO APLICA,21,13,21,19,1,28/06/2022,1
38,North Dakota,380036,0,0,1,0,43,KIDDER (43),0,NO APLICA,6,Junio,28,2022,21,25,CR-30TH AVE SE,4,Calle del Condado,Rural,Local,County Highway Agency,0,Sin jurisdiccion especial,99998,46.86397778,-99.826525,Vehiculo Ferrocarril,El primer evento no fue una colision con un vehiculo automotor en transporte,Not an Intersection,No fue interseccion,Sobre calle,Ninguna,Atardecer,Despejado,No,Unknown,21,25,21,46,1,28/06/2022,1
38,North Dakota,380037,0,0,2,0,79,ROLETTE (79),265,BELCOURT,6,Junio,30,2022,20,39,US-281,2,US Highway,Rural,Arteria Principal,State Highway Agency,1,Sin jurisdiccion especial,2380,48.84398889,-99.73273889,Vehiculo en movimiento,Angulo,Not an Intersection,No fue interseccion,Sobre calle,Ninguna,Atardecer,Despejado,No,NO APLICA,20,41,20,50,1,30/06/2022,2
38,North Dakota,380039,0,0,2,0,57,MERCER (57),0,NO APLICA,7,Julio,2,2022,11,13,CR-21,4,Calle del Condado,Rural,Colector Mayor,County Highway Agency,0,Sin jurisdiccion especial,99998,47.40023611,-101.7800556,Vehiculo en movimiento,Angulo,Four-Way Intersection,Interseccion de 4 direcciones,Sobre calle,Ninguna,Dia total,Despejado,No,NO APLICA,11,14,11,31,1,02/07/2022,3
38,North Dakota,380040,0,0,1,0,59,MORTON (59),1990,MANDAN,7,Julio,4,2022,8,55,CR-32ND AVE SE,6,Calle Local Municipalidad,Urbano,Colector Mayor,City or Municipal Highway Agency,0,Sin jurisdiccion especial,99998,46.81528333,-100.8480889,Alguien se cayo/avento del vehiculo,El primer evento no fue una colision con un vehiculo automotor en transporte,Not an Intersection,No fue interseccion,Sobre calle,Ninguna,Dia total,Despejado,No,NO APLICA,9,2,9,4,1,04/07/2022,11
38,North Dakota,380041,0,0,2,0,3,BARNES (3),0,NO APLICA,7,Julio,12,2022,4,9,I-94,1,Interestatal,Rural,Interestatal,State Highway Agency,1,Sin jurisdiccion especial,3049,46.92010833,-97.73908611,Vehiculo en movimiento,Angulo,Not an Intersection,No fue interseccion,Sobre calle,Ninguna,Oscuro sin iluminacion,Despejado,No,NO APLICA,4,11,4,30,1,12/07/2022,4
38,North Dakota,380042,0,0,1,0,63,NELSON (63),0,NO APLICA,7,Julio,15,2022,22,50,CR-23,4,Calle del Condado,Rural,Colector Mayor,County Highway Agency,0,Sin jurisdiccion especial,99998,47.76206944,-98.43988333,Acotamiento,El primer evento no fue una colision con un vehiculo automotor en transporte,Not an Intersection,No fue interseccion,Sobre el lado de la calle,Ninguna,Oscuro sin iluminacion,Despejado,No,NO APLICA,22,58,23,14,1,15/07/2022,1
38,North Dakota,380043,0,0,1,0,99,WALSH (99),0,NO APLICA,7,Julio,16,2022,12,35,CR-146TH AVE,4,Calle del Condado,Rural,Colector Mayor,County Highway Agency,0,Sin jurisdiccion especial,99998,48.26983889,-97.47022778,Volcadura,El primer evento no fue una colision con un vehiculo automotor en transporte,Not an Intersection,No fue interseccion,Sobre calle,Ninguna,Dia total,Despejado,No,NO APLICA,12,39,12,50,1,16/07/2022,1
38,North Dakota,380044,0,0,1,0,67,PEMBINA (67),9997,Other,7,Julio,16,2022,21,15,CR-105TH ST NE,4,Calle del Condado,Rural,Local,Town or Township Highway Agency,0,Sin jurisdiccion especial,99998,48.93461389,-97.73837222,Zanja,El primer evento no fue una colision con un vehiculo automotor en transporte,Not an Intersection,No fue interseccion,Sobre el lado de la calle,Ninguna,Dia total,Despejado,No,NO APLICA,21,36,21,48,1,16/07/2022,1
38,North Dakota,380045,0,0,1,0,63,NELSON (63),3090,TOLNA,7,Julio,18,2022,99,99,CR-24,4,Calle del Condado,Rural,Local,County Highway Agency,0,Sin jurisdiccion especial,99998,47.826225,-98.44471389,Volcadura,El primer evento no fue una colision con un vehiculo automotor en transporte,Not an Intersection,No fue interseccion,Sobre calle,Ninguna,Reportada como desconocida,Despejado,No,NO APLICA,6,25,6,49,1,18/07/2022,1
38,North Dakota,380046,0,0,2,0,105,WILLIAMS (105),0,NO APLICA,7,Julio,19,2022,17,7,CR-60TH ST NW,4,Calle del Condado,Rural,Colector Mayor,County Highway Agency,0,Sin jurisdiccion especial,99998,48.28463611,-103.47475,Vehiculo en movimiento,Angulo,Four-Way Intersection,Interseccion de 4 direcciones,Sobre calle,Ninguna,Dia total,Despejado,No,NO APLICA,17,7,17,24,1,19/07/2022,2
38,North Dakota,380047,0,0,1,0,89,STARK (89),0,NO APLICA,7,Julio,26,2022,18,42,SR-HWY 10,3,Highway estatal,Rural,Colector Mayor,County Highway Agency,0,Sin jurisdiccion especial,99998,46.86239167,-102.2503889,Volcadura,El primer evento no fue una colision con un vehiculo automotor en transporte,Not an Intersection,No fue interseccion,Sobre el lado de la calle,Ninguna,Dia total,Despejado,No,NO APLICA,16,45,16,55,1,26/07/2022,1
38,North Dakota,380048,0,0,2,0,17,CASS (17),1020,FARGO,7,Julio,29,2022,15,51,I-94,1,Interestatal,Urbano,Interestatal,State Highway Agency,1,Sin jurisdiccion especial,3515,46.84826111,-96.80075278,Vehiculo en movimiento,Frente a Detrás,Not an Intersection,No fue interseccion,Sobre calle,Construccion,Dia total,Despejado,No,NO APLICA,15,52,15,55,1,29/07/2022,3
38,North Dakota,380049,0,0,2,0,61,MOUNTRAIL (61),0,NO APLICA,7,Julio,30,2022,19,10,CR-101ST AVE NW,4,Calle del Condado,Rural,Colector Mayor,County Highway Agency,0,Sin jurisdiccion especial,99998,48.255325,-102.8118861,Vehiculo en movimiento,Angulo,Not an Intersection,No fue interseccion,Sobre calle,Ninguna,Dia total,Despejado,No,NO APLICA,19,17,19,36,1,30/07/2022,2
38,North Dakota,380050,0,0,1,0,17,CASS (17),0,NO APLICA,7,Julio,31,2022,99,99,CR-48TH ST SE,4,Calle del Condado,Rural,Colector Mayor,County Highway Agency,0,Sin jurisdiccion especial,99998,46.71730833,-96.93743333,Alguien se cayo/avento del vehiculo,El primer evento no fue una colision con un vehiculo automotor en transporte,Not an Intersection,No fue interseccion,Sobre el lado de la calle,Ninguna,Reportada como desconocida,Despejado,No,NO APLICA,15,53,16,4,1,31/07/2022,1
38,North Dakota,380051,1,1,1,0,101,WARD (101),0,NO APLICA,8,Agosto,7,2022,22,7,US-HWY 83,2,US Highway,Rural,Arteria Principal,State Highway Agency,1,Sin jurisdiccion especial,1917,48.10843611,-101.2957361,Peaton,El primer evento no fue una colision con un vehiculo automotor en transporte,Not an Intersection,No fue interseccion,Sobre calle,Ninguna,Oscuro sin iluminacion,Despejado,No,NO APLICA,22,8,22,16,1,07/08/2022,2
38,North Dakota,380052,0,0,2,0,59,MORTON (59),0,NO APLICA,8,Agosto,8,2022,0,32,SR-1806,3,Highway estatal,Rural,Arteria Principal,State Highway Agency,0,Sin jurisdiccion especial,443,46.54356111,-100.5884556,Vehiculo en movimiento,Frente a frente,Not an Intersection,No fue interseccion,Sobre calle,Ninguna,Oscuro sin iluminacion,Despejado,No,NO APLICA,0,44,1,14,1,08/08/2022,3
38,North Dakota,380053,0,0,2,0,79,ROLETTE (79),9999,Unknown,8,Agosto,9,2022,9,9,CR-31ST AVE NE,4,Calle del Condado,Rural,Local,Bureau of Indian Affairs,0,Reservacion India,99998,48.8496,-100.0298167,Vehiculo en movimiento,Angulo,Not an Intersection,No fue interseccion,Sobre calle,Ninguna,Reportada como desconocida,Reportado como desconocido,No,NO APLICA,9,14,9,29,1,09/08/2022,2
38,North Dakota,380055,0,0,1,0,25,DUNN (25),0,NO APLICA,8,Agosto,19,2022,11,36,SR-HWY 8,3,Highway estatal,Rural,Arteria Principal,State Highway Agency,0,Sin jurisdiccion especial,1181,47.40230278,-102.332925,Volcadura,El primer evento no fue una colision con un vehiculo automotor en transporte,Not an Intersection,No fue interseccion,Sobre calle,Ninguna,Dia total,Despejado,No,NO APLICA,11,36,11,48,1,19/08/2022,1
38,North Dakota,380056,0,0,1,0,105,WILLIAMS (105),0,NO APLICA,8,Agosto,20,2022,15,32,SR-1804,3,Highway estatal,Rural,Arteria Principal,State Highway Agency,1,Sin jurisdiccion especial,3354,48.02887778,-103.9007639,Volcadura,El primer evento no fue una colision con un vehiculo automotor en transporte,Not an Intersection,No fue interseccion,Fuera de la calle,Ninguna,Dia total,Despejado,No,NO APLICA,15,34,15,52,1,20/08/2022,1
38,North Dakota,380057,0,0,1,0,53,MCKENZIE (53),0,NO APLICA,8,Agosto,26,2022,6,0,SR-0023,3,Highway estatal,Rural,Local,State Highway Agency,0,Sin jurisdiccion especial,76,47.80668889,-103.1289583,Volcadura,El primer evento no fue una colision con un vehiculo automotor en transporte,Not an Intersection,No fue interseccion,Sobre el lado de la calle,Ninguna,Oscuro sin iluminacion,Despejado,No,NO APLICA,6,16,6,33,1,26/08/2022,1
38,North Dakota,380058,0,0,3,0,83,SHERIDAN (83),0,NO APLICA,8,Agosto,26,2022,15,40,SR-200,3,Highway estatal,Rural,Arteria Principal,State Highway Agency,0,Sin jurisdiccion especial,2209,47.47160833,-100.5689583,Vehiculo en movimiento,Golpe Lateral - direccion contraria,Not an Intersection,No fue interseccion,Sobre calle,Ninguna,Dia total,Despejado,Yes,NO APLICA,15,45,15,57,1,26/08/2022,14
38,North Dakota,380059,0,0,2,0,77,RICHLAND (77),225,BARNEY,8,Agosto,27,2022,2,17,SR-HWY 13,3,Highway estatal,Rural,Arteria Principal,State Highway Agency,0,Sin jurisdiccion especial,3739,46.26161667,-96.95929722,Vehiculo en movimiento,Frente a frente,Not an Intersection,No fue interseccion,Sobre calle,Ninguna,Oscuro sin iluminacion,Nublado,No,NO APLICA,2,22,2,35,1,27/08/2022,3
38,North Dakota,380060,0,0,2,0,105,WILLIAMS (105),0,NO APLICA,8,Agosto,27,2022,16,19,SR-1804,3,Highway estatal,Rural,Colector Mayor,State Highway Agency,0,Sin jurisdiccion especial,3321,48.06334167,-103.8512944,Vehiculo en movimiento,Frente a frente,Not an Intersection,No fue interseccion,Sobre calle,Ninguna,Dia total,Despejado,No,NO APLICA,16,21,16,35,1,27/08/2022,2
38,North Dakota,380061,0,0,1,0,105,WILLIAMS (105),0,NO APLICA,8,Agosto,27,2022,23,4,US-0002,2,US Highway,Rural,Arteria Principal,State Highway Agency,1,Sin jurisdiccion especial,424,48.34253333,-103.4105833,Animal vivo,El primer evento no fue una colision con un vehiculo automotor en transporte,Not an Intersection,No fue interseccion,Sobre calle,Ninguna,Oscuro sin iluminacion,Despejado,No,NO APLICA,23,7,23,22,1,27/08/2022,1
38,North Dakota,380062,0,0,3,0,15,BURLEIGH (15),370,BISMARCK,8,Agosto,27,2022,23,15,SR-HWY 810,3,Highway estatal,Urbano,Arteria Principal,State Highway Agency,0,Sin jurisdiccion especial,31,46.79499444,-100.7743194,Vehiculo en movimiento,Frente a Detrás,Not an Intersection,No fue interseccion,Sobre calle,Ninguna,Oscuro con iluminacion,Nublado,No,NO APLICA,23,18,23,23,1,27/08/2022,3
38,North Dakota,380063,0,0,1,0,71,RAMSEY (71),0,NO APLICA,8,Agosto,28,2022,21,51,US-0002,2,US Highway,Rural,Arteria Principal,State Highway Agency,1,Sin jurisdiccion especial,2819,48.04994722,-98.62531111,Volcadura,El primer evento no fue una colision con un vehiculo automotor en transporte,Not an Intersection,No fue interseccion,Sobre calle,Ninguna,Oscuro sin iluminacion,Nublado,No,NO APLICA,21,50,22,4,1,28/08/2022,2
38,North Dakota,380064,0,0,1,0,61,MOUNTRAIL (61),0,NO APLICA,8,Agosto,30,2022,17,51,SR-1804,3,Highway estatal,Rural,Arteria Principal,State Highway Agency,0,Sin jurisdiccion especial,2569,48.05931667,-102.608325,Volcadura,El primer evento no fue una colision con un vehiculo automotor en transporte,Not an Intersection,No fue interseccion,Fuera de la calle,Ninguna,Dia total,Despejado,No,NO APLICA,88,88,88,88,1,30/08/2022,1
38,North Dakota,380065,0,0,2,0,105,WILLIAMS (105),0,NO APLICA,9,Septiembre,2,2022,10,12,SR-HWY 50,3,Highway estatal,Rural,Arteria Principal,State Highway Agency,0,Sin jurisdiccion especial,174,48.569775,-103.6894778,Vehiculo en movimiento,Angulo,Four-Way Intersection,Interseccion de 4 direcciones,Sobre calle,Ninguna,Dia total,Despejado,No,NO APLICA,10,8,10,23,1,02/09/2022,2
38,North Dakota,380066,0,0,2,0,89,STARK (89),0,NO APLICA,9,Septiembre,3,2022,21,49,CR-40TH ST W,4,Calle del Condado,Urbano,Colector Mayor,County Highway Agency,0,Sin jurisdiccion especial,99998,46.91951944,-102.8108111,Vehiculo en movimiento,Angulo,Four-Way Intersection,Interseccion de 4 direcciones,Sobre calle,Ninguna,Oscuro sin iluminacion,Despejado,No,NO APLICA,21,52,22,0,1,03/09/2022,2
38,North Dakota,380067,0,0,2,0,43,KIDDER (43),0,NO APLICA,9,Septiembre,8,2022,9,12,I-94,1,Interestatal,Rural,Interestatal,State Highway Agency,1,Sin jurisdiccion especial,2204,46.88016944,-99.505525,Vehiculo en movimiento,Golpe Lateral - misma direccion,Not an Intersection,No fue interseccion,Sobre calle,Ninguna,Dia total,Despejado,No,NO APLICA,9,19,9,36,1,08/09/2022,2
38,North Dakota,380068,0,0,2,0,35,GRAND FORKS (35),0,NO APLICA,9,Septiembre,8,2022,18,29,I-29,1,Interestatal,Rural,Interestatal,State Highway Agency,1,Sin jurisdiccion especial,1602,48.18651111,-97.189575,Vehiculo en movimiento,Frente a frente,Not an Intersection,No fue interseccion,Sobre calle,"Zona de trabajo, tipo desconocido",Dia total,Despejado,No,NO APLICA,18,37,20,10,1,08/09/2022,3
38,North Dakota,380069,0,0,2,0,35,GRAND FORKS (35),0,NO APLICA,9,Septiembre,13,2022,8,26,CR-GRAND FORKS CR7,4,Calle del Condado,Rural,Colector Mayor,County Highway Agency,0,Sin jurisdiccion especial,0,47.75925833,-96.97726389,Vehiculo en movimiento,Frente a frente,Not an Intersection,No fue interseccion,Sobre calle,Ninguna,Dia total,Despejado,No,NO APLICA,8,31,8,43,1,13/09/2022,2
38,North Dakota,380070,0,0,2,0,105,WILLIAMS (105),3350,WILLISTON,9,Septiembre,13,2022,11,44,CR-UNIVERSITY AVE,5,Calle Local - Pueblo,Urbano,Arteria Menor,City or Municipal Highway Agency,0,Sin jurisdiccion especial,99998,48.17445833,-103.6148944,Vehiculo en movimiento,Angulo,Not an Intersection,No fue interseccion,Sobre calle,Ninguna,Dia total,Nublado,No,NO APLICA,11,46,11,50,1,13/09/2022,2
38,North Dakota,380071,0,0,2,0,55,MCLEAN (55),0,NO APLICA,9,Septiembre,16,2022,9,9,CR-29TH ST NW,4,Calle del Condado,Rural,Colector Mayor,County Highway Agency,0,Sin jurisdiccion especial,99998,47.83316944,-101.8933194,Vehiculo en movimiento,Angulo,T-Intersection,Interseccion de T,Sobre calle,Ninguna,Dia total,Nublado,No,NO APLICA,9,25,9,49,1,16/09/2022,4
38,North Dakota,380072,0,0,1,0,53,MCKENZIE (53),0,NO APLICA,9,Septiembre,17,2022,19,23,CR-127TH AVE NW,4,Calle del Condado,Rural,Local,County Highway Agency,0,Sin jurisdiccion especial,99998,47.85534444,-103.3045361,Volcadura,El primer evento no fue una colision con un vehiculo automotor en transporte,Not an Intersection,No fue interseccion,Sobre Acotamiento,Ninguna,Oscuro sin iluminacion,Despejado,No,NO APLICA,19,25,19,35,1,17/09/2022,1
38,North Dakota,380073,0,0,2,0,93,STUTSMAN (93),0,NO APLICA,9,Septiembre,20,2022,9,45,US-281,2,US Highway,Rural,Arteria Principal,State Highway Agency,1,Sin jurisdiccion especial,641,46.83771111,-98.71286667,Vehiculo en movimiento,Frente a Detrás,Not an Intersection,No fue interseccion,Sobre calle,Ninguna,Dia total,Despejado,No,NO APLICA,9,50,9,57,1,20/09/2022,2
38,North Dakota,380074,0,0,1,0,9,BOTTINEAU (9),0,NO APLICA,9,Septiembre,25,2022,99,99,CR-11TH AVE NE,4,Calle del Condado,Rural,Local,Town or Township Highway Agency,0,Sin jurisdiccion especial,99998,48.84408889,-100.4677,Volcadura,El primer evento no fue una colision con un vehiculo automotor en transporte,Not an Intersection,No fue interseccion,Sobre calle,Ninguna,Reportada como desconocida,Reportado como desconocido,No,NO APLICA,8,48,8,54,1,25/09/2022,1
38,North Dakota,380075,0,0,1,0,53,MCKENZIE (53),0,NO APLICA,9,Septiembre,29,2022,20,7,CR-156TH AVE NW,4,Calle del Condado,Rural,Colector Mayor,County Highway Agency,0,Sin jurisdiccion especial,99998,47.90361111,-103.9210833,Zanja,El primer evento no fue una colision con un vehiculo automotor en transporte,Not an Intersection,No fue interseccion,Sobre el lado de la calle,Ninguna,Oscuro sin iluminacion,Despejado,No,NO APLICA,99,99,99,99,1,29/09/2022,1
38,North Dakota,380076,1,1,1,0,15,BURLEIGH (15),370,BISMARCK,9,Septiembre,29,2022,20,33,CR-S WASHINGTON ST,5,Calle Local - Pueblo,Urbano,Arteria Principal,City or Municipal Highway Agency,0,Sin jurisdiccion especial,99998,46.79768889,-100.7945722,Peaton,El primer evento no fue una colision con un vehiculo automotor en transporte,Not an Intersection,No fue interseccion,Sobre calle,Ninguna,Oscuro con iluminacion,Despejado,No,NO APLICA,20,35,20,39,1,29/09/2022,1
38,North Dakota,380077,0,0,1,0,85,SIOUX (85),0,NO APLICA,10,Octubre,3,2022,14,53,SR-STATE HIGHWAY 24 N,3,Highway estatal,Rural,Local,State Highway Agency,0,Sin jurisdiccion especial,99998,46.34364722,-100.6309722,Volcadura,El primer evento no fue una colision con un vehiculo automotor en transporte,Not an Intersection,No fue interseccion,Sobre Acotamiento,Ninguna,Reportada como desconocida,Reportado como desconocido,No,NO APLICA,15,2,15,18,1,03/10/2022,1
38,North Dakota,380078,0,0,2,0,69,PIERCE (69),0,NO APLICA,10,Octubre,6,2022,18,44,US-HWY 2 E,2,US Highway,Rural,Arteria Principal,State Highway Agency,1,Sin jurisdiccion especial,99998,48.35435833,-99.91240556,Vehiculo en movimiento,Angulo,Four-Way Intersection,Interseccion de 4 direcciones,Sobre calle,Ninguna,Dia total,Despejado,No,NO APLICA,18,43,18,54,1,06/10/2022,3
38,North Dakota,380079,0,0,2,0,35,GRAND FORKS (35),0,NO APLICA,10,Octubre,10,2022,15,54,CR-69TH ST S,5,Calle Local - Pueblo,Rural,Local,Town or Township Highway Agency,0,Sin jurisdiccion especial,99998,47.94754722,-97.13138333,Vehiculo en movimiento,Angulo,Four-Way Intersection,Interseccion de 4 direcciones,Sobre calle,Ninguna,Dia total,Despejado,No,NO APLICA,15,55,16,5,2,10/10/2022,3
38,North Dakota,380080,0,0,2,0,67,PEMBINA (67),0,NO APLICA,10,Octubre,12,2022,4,21,CR-88TH ST NE,4,Calle del Condado,Rural,Colector Mayor,County Highway Agency,0,Sin jurisdiccion especial,99998,48.68806944,-97.51729722,Vehiculo en movimiento,Frente a frente,Not an Intersection,No fue interseccion,Sobre calle,Ninguna,Oscuro sin iluminacion,Despejado,No,NO APLICA,4,26,4,43,1,12/10/2022,2
38,North Dakota,380081,0,0,2,0,79,ROLETTE (79),0,NO APLICA,10,Octubre,12,2022,21,48,SR-HIGHWAY 281,3,Highway estatal,Rural,Arteria Principal,County Highway Agency,0,Sin jurisdiccion especial,2442,48.80559722,-99.85418333,Vehiculo en movimiento,Angulo,Four-Way Intersection,Interseccion de 4 direcciones,Sobre calle,Ninguna,Oscuro sin iluminacion,Nublado,No,NO APLICA,21,55,22,5,1,12/10/2022,4
38,North Dakota,380082,0,0,1,0,105,WILLIAMS (105),0,NO APLICA,10,Octubre,14,2022,16,28,CR-153RD AVE NW,4,Calle del Condado,Rural,Colector Mayor,County Highway Agency,0,Sin jurisdiccion especial,99998,48.12868056,-103.9923278,Volcadura,El primer evento no fue una colision con un vehiculo automotor en transporte,Not an Intersection,No fue interseccion,Sobre Acotamiento,Ninguna,Dia total,Despejado,No,NO APLICA,16,23,16,48,1,14/10/2022,2
38,North Dakota,380083,0,0,1,0,55,MCLEAN (55),0,NO APLICA,10,Octubre,16,2022,6,3,SR-HWY 1804,3,Highway estatal,Rural,Arteria Principal,State Highway Agency,0,Sin jurisdiccion especial,2126,47.73093333,-102.1107361,Poste o otros soportes,El primer evento no fue una colision con un vehiculo automotor en transporte,Not an Intersection,No fue interseccion,Sobre Acotamiento,Ninguna,Amanecer,Despejado,No,NO APLICA,6,4,6,32,1,16/10/2022,1
38,North Dakota,380084,0,0,2,0,11,BOWMAN (11),0,NO APLICA,10,Octubre,17,2022,18,10,US-HWY 85,2,US Highway,Rural,Arteria Principal,State Highway Agency,1,Sin jurisdiccion especial,203,46.20575278,-103.3694944,Vehiculo en movimiento,Frente a Detrás,Not an Intersection,No fue interseccion,Sobre calle,Ninguna,Dia total,Despejado,No,NO APLICA,17,18,17,25,1,17/10/2022,3
38,North Dakota,380085,0,0,1,0,79,ROLETTE (79),265,BELCOURT,10,Octubre,19,2022,19,20,CR-39TH AVE NE,5,Calle Local - Pueblo,Rural,Local,Bureau of Indian Affairs,0,Reservacion India,99998,48.80947778,-99.85415278,Volcadura,El primer evento no fue una colision con un vehiculo automotor en transporte,Not an Intersection,No fue interseccion,Sobre el lado de la calle,Ninguna,Oscuro - iluminacion desconocida,Reportado como desconocido,No,NO APLICA,19,30,19,37,1,19/10/2022,1
38,North Dakota,380086,0,0,2,0,43,KIDDER (43),0,NO APLICA,10,Octubre,20,2022,21,6,I-94,1,Interestatal,Rural,Interestatal,State Highway Agency,1,Sin jurisdiccion especial,2012,46.86446667,-99.90484444,Vehiculo en movimiento,Frente a Detrás,Not an Intersection,No fue interseccion,Sobre calle,Ninguna,Oscuro sin iluminacion,Despejado,No,NO APLICA,21,16,21,25,1,20/10/2022,2
38,North Dakota,380087,0,0,1,0,71,RAMSEY (71),0,NO APLICA,10,Octubre,21,2022,17,38,SR-1,3,Highway estatal,Rural,Arteria Principal,State Highway Agency,0,Sin jurisdiccion especial,1958,48.50458889,-98.3836,Volcadura,El primer evento no fue una colision con un vehiculo automotor en transporte,Not an Intersection,No fue interseccion,Sobre calle,Ninguna,Dia total,Nublado,No,NO APLICA,99,98,99,98,1,21/10/2022,1
38,North Dakota,380088,0,0,1,0,35,GRAND FORKS (35),0,NO APLICA,10,Octubre,27,2022,99,99,CR-26TH ST NE,5,Calle Local - Pueblo,Rural,Local,Town or Township Highway Agency,0,Sin jurisdiccion especial,99998,48.180875,-97.38389722,Arbol,El primer evento no fue una colision con un vehiculo automotor en transporte,Not an Intersection,No fue interseccion,Fuera de la calle,Ninguna,Reportada como desconocida,Despejado,No,NO APLICA,10,58,11,19,1,27/10/2022,1
38,North Dakota,380089,0,0,1,0,17,CASS (17),1020,FARGO,10,Octubre,29,2022,13,42,CR-WESTRAC DR S,6,Calle Local Municipalidad,Urbano,Colector Mayor,City or Municipal Highway Agency,0,Sin jurisdiccion especial,99998,46.86596667,-96.83861389,Alguien se cayo/avento del vehiculo,El primer evento no fue una colision con un vehiculo automotor en transporte,Not an Intersection,No fue interseccion,Sobre calle,Ninguna,Dia total,Despejado,No,NO APLICA,99,99,99,99,1,29/10/2022,1
38,North Dakota,380090,0,0,2,0,77,RICHLAND (77),3440,WYNDMERE,10,Octubre,29,2022,14,7,SR-HWY 13,3,Highway estatal,Rural,Arteria Principal,State Highway Agency,1,Sin jurisdiccion especial,99999,46.25606667,-97.13514444,Vehiculo en movimiento,Angulo,Four-Way Intersection,Interseccion de 4 direcciones,Sobre calle,Ninguna,Dia total,Despejado,No,NO APLICA,88,88,88,88,1,29/10/2022,2
38,North Dakota,380091,0,0,2,0,45,LA MOURE (45),0,NO APLICA,11,Noviembre,6,2022,9,7,US-HWY 281,2,US Highway,Rural,Arteria Principal,State Highway Agency,1,Sin jurisdiccion especial,416,46.51391111,-98.70426111,Vehiculo en movimiento,Angulo,Not an Intersection,No fue interseccion,Sobre calle,Ninguna,Dia total,Vientos cruzados pero de los mamalones,No,NO APLICA,9,9,9,30,1,06/11/2022,3
38,North Dakota,380092,0,0,2,0,97,TRAILL (97),0,NO APLICA,11,Noviembre,8,2022,14,48,CR-3RD ST NE,5,Calle Local - Pueblo,Rural,Local,Town or Township Highway Agency,0,Sin jurisdiccion especial,99998,47.45494722,-97.453425,Vehiculo en movimiento,Angulo,Four-Way Intersection,Interseccion de 4 direcciones,Sobre calle,Ninguna,Dia total,Nublado,No,NO APLICA,14,49,15,4,1,08/11/2022,3
38,North Dakota,380093,1,1,1,0,5,BENSON (5),0,NO APLICA,11,Noviembre,11,2022,99,99,CR-SKY JUMP ROAD,4,Calle del Condado,Rural,Local,Bureau of Indian Affairs,0,Reservacion India,99999,47.99537222,-98.92690833,Peaton,El primer evento no fue una colision con un vehiculo automotor en transporte,Not an Intersection,No fue interseccion,Sobre calle,Ninguna,Reportada como desconocida,Reportado como desconocido,No,NO APLICA,19,54,20,1,1,11/11/2022,2
38,North Dakota,380094,0,0,1,0,99,WALSH (99),0,NO APLICA,11,Noviembre,12,2022,21,12,CR-CR 9,4,Calle del Condado,Rural,Colector Mayor,County Highway Agency,0,Sin jurisdiccion especial,99998,48.498275,-97.77695833,Arbol,El primer evento no fue una colision con un vehiculo automotor en transporte,Not an Intersection,No fue interseccion,Sobre el lado de la calle,Ninguna,Oscuro sin iluminacion,Nieve,No,NO APLICA,21,18,21,40,1,12/11/2022,6