Estado,Nombre de Estado,Numero de Caso,Peatones,Personas _no_vehiculos,Vehiculos automotores,Vehiculos estacionados,Condado,Nombre Condado,Ciudad,Nombre Ciudad,Mes,Nombre Mes,Dia,Año,Hora,Minuto,Calle,Ruta,Nombre Ruta,Rural o Urbanoo,Sistema Funcional,Dueño Calle,Sistema Nacional Carreteras,Jurisdiccion Especial,Milla,Latitud,Longitud,Causa del Accidente,Tipo de Accidente,Tipo Interseccion,Columna1,Lugar en la calle,Zona de Trabajo,Luz,Clima,Autobus Escolar,Cruce de Trenes,Hora Notificacion,Minuto Notificacion,Hora Llegada,Minuto Llegada,Decesos,Fecha,PersonaVehiculo
38,North Dakota,380095,0,0,2,0,101,WARD (101),0,NO APLICA,11,Noviembre,15,2022,16,0,SR-HIGHWAY 52,3,Highway estatal,Rural,Arteria Principal,State Highway Agency,0,Sin jurisdiccion especial,735,48.39586111,-101.6226028,Vehiculo en movimiento,Angulo,Four-Way Intersection,Interseccion de 4 direcciones,Sobre calle,Ninguna,Dia total,Despejado,Yes,NO APLICA,16,5,16,31,1,15/11/2022,4
38,North Dakota,380096,0,0,3,0,49,MCHENRY (49),0,NO APLICA,12,Diciembre,10,2022,10,9,US-52,2,US Highway,Rural,Arteria Principal,State Highway Agency,1,Sin jurisdiccion especial,1537,47.86809167,-100.2034611,Vehiculo en movimiento,Frente a frente,Not an Intersection,No fue interseccion,Sobre calle,Ninguna,Dia total,Despejado,No,NO APLICA,10,25,10,41,1,10/12/2022,3
38,North Dakota,380097,0,0,2,0,53,MCKENZIE (53),0,NO APLICA,12,Diciembre,26,2022,18,27,US-85,2,US Highway,Rural,Arteria Principal,State Highway Agency,1,Sin jurisdiccion especial,1769,48.05595556,-103.6587944,Vehiculo en movimiento,Frente a frente,Not an Intersection,No fue interseccion,Sobre calle,Ninguna,Oscuro sin iluminacion,Nublado,No,NO APLICA,18,32,18,50,1,26/12/2022,2
38,North Dakota,380098,0,0,1,0,5,BENSON (5),0,NO APLICA,2,Febrero,26,2022,18,32,SR-STATE HWY 57 E,3,Highway estatal,Rural,Colector Mayor,State Highway Agency,0,Reservacion India,99999,48.00559167,-98.90576389,Volcadura,El primer evento no fue una colision con un vehiculo automotor en transporte,Not an Intersection,No fue interseccion,Sobre el lado de la calle,Ninguna,Reportada como desconocida,Reportado como desconocido,No,NO APLICA,18,35,18,43,1,26/02/2022,2
39,Ohio,390001,1,1,1,0,113,MONTGOMERY (113),2090,DAYTON,1,Enero,1,2022,2,48,THIRD ST,6,Calle Local Municipalidad,Urbano,Arteria Principal,City or Municipal Highway Agency,0,Sin jurisdiccion especial,0,39.76565278,-84.15533611,Peaton,El primer evento no fue una colision con un vehiculo automotor en transporte,Not an Intersection,No fue interseccion,Sobre calle,Ninguna,Oscuro con iluminacion,Nublado,No,NO APLICA,2,51,2,58,1,01/01/2022,1
39,Ohio,390002,0,0,1,0,41,DELAWARE (41),0,NO APLICA,1,Enero,4,2022,18,20,CR-625 GEMINI PKWY,4,Calle del Condado,Urbano,Arteria Menor,County Highway Agency,0,Sin jurisdiccion especial,0,40.147675,-82.98789444,Poste,El primer evento no fue una colision con un vehiculo automotor en transporte,Four-Way Intersection,Interseccion de 4 direcciones,Sobre el lado de la calle,Ninguna,Oscuro con iluminacion,Despejado,No,NO APLICA,18,22,18,34,1,04/01/2022,1
39,Ohio,390003,0,0,1,0,129,PICKAWAY (129),0,NO APLICA,1,Enero,2,2022,21,41,SR-361,3,Highway estatal,Rural,Colector Mayor,State Highway Agency,0,Sin jurisdiccion especial,11,39.51146111,-82.94781111,Arbol,El primer evento no fue una colision con un vehiculo automotor en transporte,Not an Intersection,No fue interseccion,Sobre el lado de la calle,Ninguna,Oscuro sin iluminacion,Nublado,No,NO APLICA,21,42,21,50,1,02/01/2022,1
39,Ohio,390004,0,0,2,0,49,FRANKLIN (49),1800,COLUMBUS,1,Enero,10,2022,15,34,LAWRENCE DR,6,Calle Local Municipalidad,Urbano,Arteria Menor,City or Municipal Highway Agency,0,Sin jurisdiccion especial,0,39.92611111,-82.97058056,Vehiculo en movimiento,Angulo,Four-Way Intersection,Interseccion de 4 direcciones,Sobre calle,Ninguna,Dia total,Despejado,No,NO APLICA,15,36,15,41,1,10/01/2022,3
39,Ohio,390005,0,0,2,0,61,HAMILTON (61),7795,SPRINGDALE,1,Enero,5,2022,19,34,CR-266 KEMPER RD,4,Calle del Condado,Urbano,Arteria Menor,County Highway Agency,0,Sin jurisdiccion especial,0,39.28858333,-84.49398889,Vehiculo en movimiento,Frente a Detrás,Not an Intersection,No fue interseccion,Sobre calle,Ninguna,Oscuro con iluminacion,Despejado,No,NO APLICA,19,34,19,38,1,05/01/2022,2
39,Ohio,390006,0,0,1,0,95,LUCAS (95),8120,TOLEDO,1,Enero,5,2022,10,10,CR-172 SUDER AV,4,Calle del Condado,Urbano,Arteria Menor,County Highway Agency,0,Sin jurisdiccion especial,0,41.70826944,-83.49918056,Poste,El primer evento no fue una colision con un vehiculo automotor en transporte,Four-Way Intersection,Interseccion de 4 direcciones,Sobre el lado de la calle,Ninguna,Dia total,Nublado,No,NO APLICA,10,17,10,23,1,05/01/2022,2
39,Ohio,390007,0,0,2,0,151,STARK (151),1320,CANTON,1,Enero,13,2022,12,30,CR-528 4TH ST NW,4,Calle del Condado,Urbano,Colector Mayor,County Highway Agency,0,Sin jurisdiccion especial,0,40.80271944,-81.39853056,Vehiculo en movimiento,Angulo,Four-Way Intersection,Interseccion de 4 direcciones,Sobre calle,Ninguna,Dia total,Nublado,No,NO APLICA,12,32,12,38,1,13/01/2022,3
39,Ohio,390008,0,0,1,0,25,CLERMONT (25),0,NO APLICA,1,Enero,9,2022,0,51,CR-57 GOSHEN RD,4,Calle del Condado,Rural,Local,County Highway Agency,0,Sin jurisdiccion especial,0,39.21257222,-84.14538056,Culvert,El primer evento no fue una colision con un vehiculo automotor en transporte,Not an Intersection,No fue interseccion,Sobre el lado de la calle,Ninguna,Oscuro sin iluminacion,lluvia,No,NO APLICA,0,48,0,54,1,09/01/2022,1
39,Ohio,390009,0,0,2,0,97,MADISON (97),0,NO APLICA,1,Enero,5,2022,11,40,SR-38,3,Highway estatal,Rural,Colector Mayor,State Highway Agency,0,Sin jurisdiccion especial,63,39.79257222,-83.47438889,Vehiculo en movimiento,Frente a frente,Not an Intersection,No fue interseccion,Sobre calle,Ninguna,Dia total,Despejado,No,NO APLICA,11,43,11,48,1,05/01/2022,2
39,Ohio,390010,0,0,2,0,151,STARK (151),0,NO APLICA,1,Enero,1,2022,18,43,SR-43 WAYNESBURG DR,3,Highway estatal,Rural,Arteria Menor,State Highway Agency,0,Sin jurisdiccion especial,28,40.69935556,-81.27040833,Vehiculo en movimiento,Frente a frente,Not an Intersection,No fue interseccion,Sobre calle,Ninguna,Oscuro sin iluminacion,lluvia,No,NO APLICA,18,42,18,50,1,01/01/2022,2
39,Ohio,390011,0,0,1,0,103,MEDINA (103),0,NO APLICA,1,Enero,3,2022,22,30,CR-51 MENNONITE RD,4,Calle del Condado,Urbano,Colector Mayor,County Highway Agency,0,Sin jurisdiccion especial,0,41.00275,-81.78092778,Poste,El primer evento no fue una colision con un vehiculo automotor en transporte,Not an Intersection,No fue interseccion,Sobre el lado de la calle,Ninguna,Oscuro sin iluminacion,Despejado,No,NO APLICA,22,31,22,40,1,03/01/2022,1
39,Ohio,390012,0,2,3,2,117,MORROW (117),0,NO APLICA,1,Enero,7,2022,3,43,I-71,7,Calle Local,Rural,Interestatal,State Highway Agency,1,Sin jurisdiccion especial,2,40.48075278,-82.74093333,Vehiculo Aparcado,El primer evento no fue una colision con un vehiculo automotor en transporte,Not an Intersection,No fue interseccion,Sobre Acotamiento,Ninguna,Oscuro sin iluminacion,Nieve,No,NO APLICA,3,43,4,0,1,07/01/2022,1
39,Ohio,390013,0,0,2,0,97,MADISON (97),0,NO APLICA,1,Enero,4,2022,17,11,US-42 LONDON DELAWARE RD,2,US Highway,Rural,Arteria Principal,State Highway Agency,1,Sin jurisdiccion especial,206,40.04571944,-83.29663611,Vehiculo en movimiento,Angulo,Four-Way Intersection,Interseccion de 4 direcciones,Sobre calle,Ninguna,Dia total,Despejado,No,NO APLICA,17,14,17,20,1,04/01/2022,4
39,Ohio,390014,0,0,3,0,147,SENECA (147),0,NO APLICA,1,Enero,7,2022,14,37,US-224,2,US Highway,Rural,Arteria Menor,State Highway Agency,0,Sin jurisdiccion especial,46,41.09326111,-83.32689167,Vehiculo en movimiento,Golpe Lateral - direccion contraria,Not an Intersection,No fue interseccion,Sobre calle,Ninguna,Dia total,Despejado,No,NO APLICA,14,54,15,8,1,07/01/2022,4
39,Ohio,390015,0,0,1,0,155,TRUMBULL (155),0,NO APLICA,1,Enero,7,2022,21,15,I-80,1,Interestatal,Urbano,Interestatal,State Highway Agency,1,Sin jurisdiccion especial,57,41.15953611,-80.63711111,Arbol,El primer evento no fue una colision con un vehiculo automotor en transporte,Not an Intersection,No fue interseccion,Sobre el lado de la calle,Ninguna,Oscuro sin iluminacion,Nieve,No,NO APLICA,21,16,21,22,1,07/01/2022,1
39,Ohio,390016,0,0,1,0,113,MONTGOMERY (113),2090,DAYTON,1,Enero,11,2022,7,10,SR-48 MAIN ST,3,Highway estatal,Urbano,Arteria Principal,State Highway Agency,1,Sin jurisdiccion especial,152,39.78848889,-84.21291111,Banqueta,El primer evento no fue una colision con un vehiculo automotor en transporte,Four-Way Intersection,Interseccion de 4 direcciones,Sobre el lado de la calle,Ninguna,Dia total,Despejado,No,NO APLICA,7,10,7,15,1,11/01/2022,4
39,Ohio,390017,0,0,1,0,35,CUYAHOGA (35),6910,RICHMOND HTS,1,Enero,16,2022,3,17,SR-175 RICHMOND RD,3,Highway estatal,Urbano,Arteria Principal,State Highway Agency,1,Sin jurisdiccion especial,122,41.57289167,-81.49478889,Poste,El primer evento no fue una colision con un vehiculo automotor en transporte,Not an Intersection,No fue interseccion,Sobre el lado de la calle,Ninguna,Oscuro con iluminacion,Despejado,No,NO APLICA,3,19,3,26,1,16/01/2022,1
39,Ohio,390018,0,0,2,0,49,FRANKLIN (49),6890,REYNOLDSBURG,1,Enero,16,2022,0,16,LIVINGSTON AV,6,Calle Local Municipalidad,Urbano,Arteria Menor,City or Municipal Highway Agency,0,Sin jurisdiccion especial,0,39.94221111,-82.82438056,Vehiculo en movimiento,Angulo,T-Intersection,Interseccion de T,Sobre calle,Ninguna,Oscuro con iluminacion,Despejado,No,NO APLICA,0,21,0,27,1,16/01/2022,2
39,Ohio,390019,0,0,1,0,151,STARK (151),1320,CANTON,1,Enero,15,2022,22,59,TR-289 ALLEN AVE,5,Calle Local - Pueblo,Urbano,Colector Mayor,Town or Township Highway Agency,0,Sin jurisdiccion especial,0,40.77296667,-81.37969167,Poste,El primer evento no fue una colision con un vehiculo automotor en transporte,Not an Intersection,No fue interseccion,Sobre el lado de la calle,Ninguna,Oscuro con iluminacion,Despejado,No,NO APLICA,22,59,23,6,1,15/01/2022,1
39,Ohio,390020,0,0,1,0,49,FRANKLIN (49),1800,COLUMBUS,1,Enero,12,2022,5,9,CR-123 WILLIAMS RD,4,Calle del Condado,Urbano,Arteria Menor,County Highway Agency,0,Sin jurisdiccion especial,0,39.88972222,-82.95101667,Arbol,El primer evento no fue una colision con un vehiculo automotor en transporte,Not an Intersection,No fue interseccion,Sobre el lado de la calle,Ninguna,Oscuro sin iluminacion,Despejado,No,NO APLICA,5,9,5,13,1,12/01/2022,1
39,Ohio,390021,0,0,1,0,49,FRANKLIN (49),1800,COLUMBUS,1,Enero,14,2022,0,41,CR-125 FRANK RD,4,Calle del Condado,Urbano,Arteria Principal,County Highway Agency,0,Sin jurisdiccion especial,0,39.91372778,-83.02073611,Culvert,El primer evento no fue una colision con un vehiculo automotor en transporte,Not an Intersection,No fue interseccion,Sobre el lado de la calle,Ninguna,Oscuro sin iluminacion,Despejado,No,NO APLICA,0,43,0,47,1,14/01/2022,1
39,Ohio,390022,0,0,1,0,157,TUSCARAWAS (157),0,NO APLICA,1,Enero,8,2022,20,36,SR-183,3,Highway estatal,Rural,Colector Mayor,State Highway Agency,0,Sin jurisdiccion especial,19,40.64450833,-81.31930833,Poste de Señal de trafico,El primer evento no fue una colision con un vehiculo automotor en transporte,Not an Intersection,No fue interseccion,Sobre el lado de la calle,Ninguna,Oscuro sin iluminacion,Despejado,No,NO APLICA,20,55,20,57,1,08/01/2022,1
39,Ohio,390023,0,0,1,0,165,WARREN (165),0,NO APLICA,1,Enero,8,2022,11,36,SR-123 FRANKLIN RD,3,Highway estatal,Rural,Colector Mayor,State Highway Agency,0,Sin jurisdiccion especial,215,39.45929444,-84.23754444,Arbol,El primer evento no fue una colision con un vehiculo automotor en transporte,Not an Intersection,No fue interseccion,Sobre el lado de la calle,Ninguna,Dia total,Despejado,No,NO APLICA,11,33,11,40,1,08/01/2022,1
39,Ohio,390024,0,0,2,0,89,LICKING (89),0,NO APLICA,1,Enero,10,2022,8,26,I-70,1,Interestatal,Rural,Interestatal,State Highway Agency,1,Sin jurisdiccion especial,77,39.94630833,-82.628425,Vehiculo en movimiento,Golpe Lateral - direccion contraria,Not an Intersection,No fue interseccion,Sobre calle,Ninguna,Dia total,Nublado,No,NO APLICA,8,21,8,30,1,10/01/2022,2
39,Ohio,390025,1,1,1,0,113,MONTGOMERY (113),0,NO APLICA,1,Enero,12,2022,23,55,US-40 NATIONAL RD,2,US Highway,Urbano,Arteria Menor,State Highway Agency,0,Sin jurisdiccion especial,131,39.88583056,-84.2586,Peaton,El primer evento no fue una colision con un vehiculo automotor en transporte,Not an Intersection,No fue interseccion,Sobre calle,Ninguna,Oscuro sin iluminacion,Despejado,No,NO APLICA,23,55,0,0,1,12/01/2022,1
39,Ohio,390026,2,2,1,0,75,HOLMES (75),0,NO APLICA,1,Enero,12,2022,18,15,SR-83,3,Highway estatal,Rural,Arteria Menor,State Highway Agency,0,Sin jurisdiccion especial,17,40.47366667,-81.90078889,Animal montado o vehiculo de traccion animal,El primer evento no fue una colision con un vehiculo automotor en transporte,Not an Intersection,No fue interseccion,Sobre calle,Ninguna,Oscuro sin iluminacion,Despejado,No,NO APLICA,18,22,18,25,2,12/01/2022,6
39,Ohio,390027,0,0,1,0,113,MONTGOMERY (113),0,NO APLICA,1,Enero,15,2022,16,40,CR-74SHOUP MILL RD,4,Calle del Condado,Urbano,Arteria Principal,County Highway Agency,1,Sin jurisdiccion especial,0,39.81289167,-84.22011111,Volcadura,El primer evento no fue una colision con un vehiculo automotor en transporte,Four-Way Intersection,Interseccion de 4 direcciones,Sobre el lado de la calle,Ninguna,Dia total,Despejado,No,NO APLICA,16,33,16,39,1,15/01/2022,1
39,Ohio,390028,0,0,1,0,85,LAKE (85),4920,MENTOR,1,Enero,20,2022,9,47,CR-505 HOPKINS RD,4,Calle del Condado,Urbano,Arteria Menor,County Highway Agency,0,Sin jurisdiccion especial,0,41.68665278,-81.31936389,Vehiculo Ferrocarril,El primer evento no fue una colision con un vehiculo automotor en transporte,Not an Intersection,No fue interseccion,Sobre calle,Ninguna,Dia total,Nublado,No,472048E,9,50,9,53,1,20/01/2022,1
39,Ohio,390029,0,0,2,0,167,WASHINGTON (167),0,NO APLICA,1,Enero,8,2022,17,2,SR-821,3,Highway estatal,Rural,Colector Mayor,State Highway Agency,0,Sin jurisdiccion especial,33,39.48927222,-81.44262778,Vehiculo en movimiento,Angulo,Not an Intersection,No fue interseccion,Sobre calle,Ninguna,Dia total,Nublado,No,NO APLICA,17,1,17,12,1,08/01/2022,2
39,Ohio,390030,0,0,1,0,27,CLINTON (27),0,NO APLICA,1,Enero,11,2022,22,51,CR-16 CENTER RD,4,Calle del Condado,Rural,Local,County Highway Agency,0,Sin jurisdiccion especial,0,39.50322778,-83.90233889,Poste de Señal de trafico,El primer evento no fue una colision con un vehiculo automotor en transporte,Not an Intersection,No fue interseccion,Sobre el lado de la calle,Ninguna,Oscuro sin iluminacion,Despejado,No,NO APLICA,22,54,23,2,1,11/01/2022,1
39,Ohio,390031,0,0,2,0,141,ROSS (141),0,NO APLICA,1,Enero,16,2022,17,20,US-23,2,US Highway,Urbano,Arterial Principal -Freeway o ExpressWay,State Highway Agency,1,Sin jurisdiccion especial,148,39.37388889,-82.96795278,Vehiculo en movimiento,Angulo,Not an Intersection,No fue interseccion,Sobre calle,Ninguna,Dia total,Nieve,No,NO APLICA,17,30,17,37,1,16/01/2022,3
39,Ohio,390032,0,0,2,0,171,WILLIAMS (171),0,NO APLICA,1,Enero,13,2022,8,21,US-6,2,US Highway,Rural,Arteria Principal,State Highway Agency,1,Sin jurisdiccion especial,48,41.44803333,-84.71358889,Vehiculo en movimiento,Frente a frente,Not an Intersection,No fue interseccion,Sobre calle,Ninguna,Amanecer,Nublado,No,NO APLICA,8,22,8,29,1,13/01/2022,2
39,Ohio,390033,0,0,4,0,99,MAHONING (99),0,NO APLICA,1,Enero,14,2022,20,31,SR-165,3,Highway estatal,Urbano,Colector Mayor,State Highway Agency,0,Sin jurisdiccion especial,0,40.90305556,-80.99417222,Vehiculo en movimiento,Frente a Detrás,Four-Way Intersection,Interseccion de 4 direcciones,Sobre calle,Ninguna,Oscuro sin iluminacion,Despejado,No,NO APLICA,20,32,20,42,1,14/01/2022,9
39,Ohio,390034,1,1,1,0,7,ASHTABULA (7),0,NO APLICA,1,Enero,13,2022,19,23,CR-25,4,Calle del Condado,Urbano,Arteria Menor,County Highway Agency,0,Sin jurisdiccion especial,0,41.86906944,-80.77251667,Peaton,El primer evento no fue una colision con un vehiculo automotor en transporte,T-Intersection,Interseccion de T,Sobre calle,Ninguna,Oscuro con iluminacion,Nublado,No,NO APLICA,19,23,19,33,1,13/01/2022,1
39,Ohio,390035,0,0,2,1,17,BUTLER (17),2535,FAIRFIELD,1,Enero,3,2022,3,10,CR-116 PORT UNION RD,4,Calle del Condado,Urbano,Colector Mayor,County Highway Agency,0,Sin jurisdiccion especial,0,39.33093611,-84.48302222,Otro objeto (fijo),El primer evento no fue una colision con un vehiculo automotor en transporte,Not an Intersection,No fue interseccion,Fuera de la calle,Ninguna,Oscuro con iluminacion,Nublado,No,NO APLICA,3,25,3,33,1,03/01/2022,2
39,Ohio,390037,0,0,1,0,49,FRANKLIN (49),1800,COLUMBUS,1,Enero,26,2022,1,52,SULLIVANT AVE,6,Calle Local Municipalidad,Urbano,Colector Mayor,City or Municipal Highway Agency,0,Sin jurisdiccion especial,0,39.95180833,-83.029,Poste,El primer evento no fue una colision con un vehiculo automotor en transporte,Not an Intersection,No fue interseccion,Sobre el lado de la calle,Ninguna,Oscuro con iluminacion,Despejado,No,NO APLICA,1,54,1,58,1,26/01/2022,1
39,Ohio,390038,1,1,1,0,25,CLERMONT (25),9997,Other,1,Enero,25,2022,21,58,SR-125 OHIO PIKE,3,Highway estatal,Urbano,Arteria Principal,State Highway Agency,1,Sin jurisdiccion especial,12,39.06539444,-84.29176111,Peaton,El primer evento no fue una colision con un vehiculo automotor en transporte,Not an Intersection,No fue interseccion,Sobre calle,Ninguna,Oscuro sin iluminacion,Despejado,No,NO APLICA,21,59,22,3,1,25/01/2022,1
39,Ohio,390039,0,0,2,0,91,LOGAN (91),0,NO APLICA,1,Enero,3,2022,8,41,CR-10,4,Calle del Condado,Rural,Colector Mayor,County Highway Agency,0,Sin jurisdiccion especial,0,40.34371389,-83.70899167,Vehiculo en movimiento,Frente a Detrás,Not an Intersection,No fue interseccion,Sobre calle,Ninguna,Dia total,Despejado,No,NO APLICA,8,49,9,16,1,03/01/2022,3
39,Ohio,390040,0,0,1,0,91,LOGAN (91),0,NO APLICA,1,Enero,10,2022,12,47,SR-508,3,Highway estatal,Rural,Colector Mayor,State Highway Agency,0,Sin jurisdiccion especial,62,40.27684722,-83.82241389,Zanja,El primer evento no fue una colision con un vehiculo automotor en transporte,Not an Intersection,No fue interseccion,Sobre el lado de la calle,Ninguna,Dia total,Despejado,No,NO APLICA,12,48,12,55,1,10/01/2022,1
39,Ohio,390041,0,0,1,0,91,LOGAN (91),8810,WEST MANSFIELD,1,Enero,16,2022,5,53,CR-142 MAIN ST,4,Calle del Condado,Rural,Local,County Highway Agency,0,Sin jurisdiccion especial,0,40.40644167,-83.54652778,Arbol,El primer evento no fue una colision con un vehiculo automotor en transporte,Not an Intersection,No fue interseccion,Sobre el lado de la calle,Ninguna,Oscuro sin iluminacion,Despejado,No,NO APLICA,5,55,6,5,1,16/01/2022,1
39,Ohio,390042,0,0,1,0,105,MEIGS (105),0,NO APLICA,1,Enero,15,2022,8,3,CR-7 SIDE HILL RD,4,Calle del Condado,Rural,Local,County Highway Agency,0,Sin jurisdiccion especial,0,39.11480278,-82.20217222,Acotamiento,El primer evento no fue una colision con un vehiculo automotor en transporte,Not an Intersection,No fue interseccion,Sobre el lado de la calle,Ninguna,Dia total,Nublado,No,NO APLICA,8,3,8,20,1,15/01/2022,1
39,Ohio,390043,0,0,1,0,157,TUSCARAWAS (157),0,NO APLICA,1,Enero,18,2022,12,45,SR-416,3,Highway estatal,Urbano,Arteria Menor,State Highway Agency,0,Sin jurisdiccion especial,145,40.52866389,-81.42599444,Valla Ferrocarril,El primer evento no fue una colision con un vehiculo automotor en transporte,Not an Intersection,No fue interseccion,Sobre el lado de la calle,Ninguna,Dia total,Nublado,No,NO APLICA,12,48,12,54,1,18/01/2022,1
39,Ohio,390044,0,0,2,0,169,WAYNE (169),0,NO APLICA,1,Enero,18,2022,17,30,SR-0057,3,Highway estatal,Rural,Arteria Menor,State Highway Agency,0,Sin jurisdiccion especial,63,40.88836667,-81.7631,Vehiculo en movimiento,Angulo,T-Intersection,Interseccion de T,Sobre calle,Ninguna,Atardecer,Despejado,No,NO APLICA,17,29,17,38,1,18/01/2022,2
39,Ohio,390045,0,0,1,0,79,JACKSON (79),0,NO APLICA,1,Enero,17,2022,0,49,CR-28 SOUR RUN RD,4,Calle del Condado,Rural,Colector Mayor,County Highway Agency,0,Sin jurisdiccion especial,0,39.14370278,-82.65795278,Otro objeto (no fijo),El primer evento no fue una colision con un vehiculo automotor en transporte,Not an Intersection,No fue interseccion,Sobre calle,Ninguna,Oscuro sin iluminacion,Nieve,No,NO APLICA,0,38,1,3,1,17/01/2022,1
39,Ohio,390046,0,0,2,0,95,LUCAS (95),0,NO APLICA,1,Enero,6,2022,19,3,US-20,2,US Highway,Urbano,Arteria Principal,State Highway Agency,1,Sin jurisdiccion especial,61,41.66568056,-83.73953056,Otro objeto (no fijo),El primer evento no fue una colision con un vehiculo automotor en transporte,Not an Intersection,No fue interseccion,Sobre el lado de la calle,Ninguna,Oscuro sin iluminacion,Nublado,No,NO APLICA,19,9,19,18,1,06/01/2022,2
39,Ohio,390047,1,1,3,0,49,FRANKLIN (49),0,NO APLICA,1,Enero,22,2022,6,25,I-70,1,Interestatal,Urbano,Interestatal,State Highway Agency,1,Sin jurisdiccion especial,23,39.97966111,-83.20581111,Vehiculo en movimiento,Frente a Detrás,Not an Intersection,No fue interseccion,Sobre calle,Ninguna,Oscuro sin iluminacion,Despejado,No,NO APLICA,6,29,6,36,1,22/01/2022,2
39,Ohio,390048,0,0,3,0,49,FRANKLIN (49),1800,COLUMBUS,1,Enero,26,2022,19,45,SR-16 BROAD ST,3,Highway estatal,Urbano,Arteria Principal,State Highway Agency,1,Sin jurisdiccion especial,114,39.98525,-82.79143056,Vehiculo en movimiento,Frente a frente,Four-Way Intersection,Interseccion de 4 direcciones,Sobre calle,Ninguna,Oscuro sin iluminacion,Despejado,No,NO APLICA,19,51,20,3,1,26/01/2022,3
39,Ohio,390049,0,0,1,0,27,CLINTON (27),0,NO APLICA,1,Enero,20,2022,19,23,TR-104 GIBSON RD,5,Calle Local - Pueblo,Rural,Local,Town or Township Highway Agency,0,Sin jurisdiccion especial,0,39.35461944,-83.82098056,Zanja,El primer evento no fue una colision con un vehiculo automotor en transporte,Not an Intersection,No fue interseccion,Sobre el lado de la calle,Ninguna,Oscuro sin iluminacion,Nublado,No,NO APLICA,19,35,19,51,1,20/01/2022,1
39,Ohio,390050,0,0,1,0,11,AUGLAIZE (11),0,NO APLICA,1,Enero,19,2022,13,29,CR-50 AMSTERDAM RD,4,Calle del Condado,Rural,Local,County Highway Agency,0,Sin jurisdiccion especial,0,40.42203333,-84.41461667,Acotamiento,El primer evento no fue una colision con un vehiculo automotor en transporte,Not an Intersection,No fue interseccion,Sobre el lado de la calle,Ninguna,Dia total,Nublado,No,NO APLICA,13,30,13,42,1,19/01/2022,1
39,Ohio,390051,0,0,1,0,159,UNION (159),0,NO APLICA,1,Enero,26,2022,15,20,US-36,2,US Highway,Rural,Arteria Menor,State Highway Agency,0,Sin jurisdiccion especial,155,40.24719722,-83.30610556,Arbol,El primer evento no fue una colision con un vehiculo automotor en transporte,Not an Intersection,No fue interseccion,Sobre el lado de la calle,Ninguna,Dia total,Despejado,No,NO APLICA,15,28,15,52,1,26/01/2022,1
39,Ohio,390052,0,0,1,0,49,FRANKLIN (49),1800,COLUMBUS,1,Enero,29,2022,0,0,SR-16 E BROAD ST,3,Highway estatal,Urbano,Arteria Principal,State Highway Agency,1,Sin jurisdiccion especial,111,39.98456389,-82.79692778,Arbol,El primer evento no fue una colision con un vehiculo automotor en transporte,Not an Intersection,No fue interseccion,Sobre el lado de la calle,Ninguna,Oscuro sin iluminacion,Despejado,No,NO APLICA,0,11,0,16,1,29/01/2022,3
39,Ohio,390053,0,0,2,0,45,FAIRFIELD (45),0,NO APLICA,1,Enero,22,2022,5,30,SR-37 LANCASTER NEW LEX RD,3,Highway estatal,Rural,Colector Mayor,State Highway Agency,0,Sin jurisdiccion especial,268,39.72283889,-82.393175,Arbol,El primer evento no fue una colision con un vehiculo automotor en transporte,Not an Intersection,No fue interseccion,Sobre el lado de la calle,Ninguna,Oscuro sin iluminacion,Despejado,No,NO APLICA,5,19,5,27,1,22/01/2022,2
39,Ohio,390054,0,0,2,0,51,FULTON (51),0,NO APLICA,1,Enero,22,2022,15,52,US-20,2,US Highway,Rural,Arteria Principal,State Highway Agency,0,Sin jurisdiccion especial,180,41.67041667,-84.06980833,Vehiculo en movimiento,Angulo,Four-Way Intersection,Interseccion de 4 direcciones,Sobre calle,Ninguna,Dia total,Nublado,No,NO APLICA,15,56,15,58,1,22/01/2022,3
39,Ohio,390055,0,0,2,0,89,LICKING (89),0,NO APLICA,1,Enero,23,2022,15,22,US-62 JOHNSTOWN UTICA RD,2,US Highway,Rural,Colector Mayor,State Highway Agency,0,Sin jurisdiccion especial,131,40.21645833,-82.54825833,Vehiculo en movimiento,Angulo,Four-Way Intersection,Interseccion de 4 direcciones,Sobre calle,Ninguna,Dia total,Nieve,No,NO APLICA,15,22,15,34,1,23/01/2022,3
39,Ohio,390056,0,0,1,0,17,BUTLER (17),5010,MIDDLETOWN,1,Enero,2,2022,18,14,CR-626 NELBAR ST,4,Calle del Condado,Urbano,Colector Mayor,County Highway Agency,0,Sin jurisdiccion especial,0,39.52432222,-84.38165,Otro objeto (no fijo),El primer evento no fue una colision con un vehiculo automotor en transporte,Not an Intersection,No fue interseccion,Sobre el lado de la calle,Ninguna,Oscuro con iluminacion,Despejado,No,NO APLICA,18,15,18,23,1,02/01/2022,1
39,Ohio,390057,0,0,1,0,49,FRANKLIN (49),1800,COLUMBUS,1,Enero,21,2022,19,52,I-70,1,Interestatal,Urbano,Interestatal,State Highway Agency,1,Sin jurisdiccion especial,241,39.93280833,-82.82516944,Volcadura,El primer evento no fue una colision con un vehiculo automotor en transporte,Not an Intersection,No fue interseccion,Sobre el lado de la calle,Ninguna,Oscuro sin iluminacion,Despejado,No,NO APLICA,99,99,99,99,1,21/01/2022,1
39,Ohio,390059,0,0,1,0,1,ADAMS (1),0,NO APLICA,1,Enero,21,2022,16,0,SR-770,3,Highway estatal,Rural,Colector Menor,State Highway Agency,0,Sin jurisdiccion especial,47,38.97697778,-83.54462778,Zanja,El primer evento no fue una colision con un vehiculo automotor en transporte,Not an Intersection,No fue interseccion,Sobre el lado de la calle,Ninguna,Dia total,Despejado,No,NO APLICA,16,12,16,57,1,21/01/2022,1