Estado,Nombre de Estado,Numero de Caso,Peatones,Personas _no_vehiculos,Vehiculos automotores,Vehiculos estacionados,Condado,Nombre Condado,Ciudad,Nombre Ciudad,Mes,Nombre Mes,Dia,Año,Hora,Minuto,Calle,Ruta,Nombre Ruta,Rural o Urbanoo,Sistema Funcional,Dueño Calle,Sistema Nacional Carreteras,Jurisdiccion Especial,Milla,Latitud,Longitud,Causa del Accidente,Tipo de Accidente,Tipo Interseccion,Columna1,Lugar en la calle,Zona de Trabajo,Luz,Clima,Autobus Escolar,Cruce de Trenes,Hora Notificacion,Minuto Notificacion,Hora Llegada,Minuto Llegada,Decesos,Fecha,PersonaVehiculo
39,Ohio,390060,0,0,2,0,141,ROSS (141),0,NO APLICA,1,Enero,24,2022,10,25,US-35,2,US Highway,Rural,Arteria Principal,State Highway Agency,1,Sin jurisdiccion especial,346,39.19630556,-82.80578611,Vehiculo en movimiento,Frente a Detrás,Not an Intersection,No fue interseccion,Sobre calle,Ninguna,Dia total,Nublado,No,NO APLICA,10,30,10,43,1,24/01/2022,2
39,Ohio,390061,0,0,2,0,133,PORTAGE (133),0,NO APLICA,1,Enero,27,2022,9,39,SR-303,3,Highway estatal,Urbano,Colector Mayor,State Highway Agency,0,Sin jurisdiccion especial,61,41.24427778,-81.27877222,Vehiculo en movimiento,Angulo,T-Intersection,Interseccion de T,Sobre calle,Ninguna,Dia total,Despejado,No,NO APLICA,9,47,9,54,1,27/01/2022,3
39,Ohio,390062,0,0,2,0,97,MADISON (97),0,NO APLICA,1,Enero,21,2022,12,49,SR-142,3,Highway estatal,Rural,Colector Mayor,State Highway Agency,0,Sin jurisdiccion especial,77,39.92985,-83.31541111,Vehiculo en movimiento,Frente a frente,Not an Intersection,No fue interseccion,Sobre calle,Ninguna,Dia total,Despejado,No,NO APLICA,12,48,12,53,1,21/01/2022,2
39,Ohio,390063,0,0,1,0,93,LORAIN (93),6025,NORTH RIDGEVILLE,1,Enero,2,2022,16,59,SR-10,3,Highway estatal,Urbano,Arterial Principal -Freeway o ExpressWay,State Highway Agency,1,Sin jurisdiccion especial,47,41.37523611,-81.99450278,Puente de Ferrocarril,El primer evento no fue una colision con un vehiculo automotor en transporte,Not an Intersection,No fue interseccion,En el medio,Ninguna,Atardecer,Despejado,No,NO APLICA,17,1,17,13,1,02/01/2022,3
39,Ohio,390064,0,0,2,0,61,HAMILTON (61),1610,CINCINNATI,1,Enero,30,2022,20,40,SR-4 PADDOCK RD,3,Highway estatal,Urbano,Arteria Menor,State Highway Agency,0,Sin jurisdiccion especial,24,39.19201389,-84.47535278,Vehiculo en movimiento,Angulo,Four-Way Intersection,Interseccion de 4 direcciones,Sobre calle,Ninguna,Oscuro con iluminacion,Nublado,No,NO APLICA,20,40,20,42,1,30/01/2022,3
39,Ohio,390065,0,0,2,1,61,HAMILTON (61),0,NO APLICA,1,Enero,31,2022,9,51,CR-61 RIVER RD,4,Calle del Condado,Rural,Local,County Highway Agency,0,Sin jurisdiccion especial,0,39.28159722,-84.66321667,Otro objeto (fijo),El primer evento no fue una colision con un vehiculo automotor en transporte,Not an Intersection,No fue interseccion,Sobre el lado de la calle,Ninguna,Dia total,Despejado,No,NO APLICA,9,51,10,1,1,31/01/2022,1
39,Ohio,390066,1,1,2,0,49,FRANKLIN (49),1800,COLUMBUS,2,Febrero,2,2022,6,28,US-40 BROAD ST,2,US Highway,Urbano,Arteria Principal,State Highway Agency,1,Sin jurisdiccion especial,73,39.95384722,-83.09847222,Peaton,El primer evento no fue una colision con un vehiculo automotor en transporte,Not an Intersection,No fue interseccion,Sobre calle,Ninguna,Oscuro con iluminacion,Despejado,No,NO APLICA,5,28,6,32,1,02/02/2022,3
39,Ohio,390067,0,0,1,0,31,COSHOCTON (31),0,NO APLICA,2,Febrero,11,2022,9,24,SR-60,3,Highway estatal,Rural,Colector Mayor,State Highway Agency,0,Sin jurisdiccion especial,271,40.44046944,-81.95865,Otro objeto (fijo),El primer evento no fue una colision con un vehiculo automotor en transporte,Not an Intersection,No fue interseccion,Sobre el lado de la calle,Ninguna,Dia total,Nublado,No,NO APLICA,9,25,9,39,1,11/02/2022,1
39,Ohio,390068,0,0,2,0,57,GREENE (57),0,NO APLICA,1,Enero,28,2022,7,52,SR-444,3,Highway estatal,Urbano,Arteria Principal,State Highway Agency,1,Sin jurisdiccion especial,4,39.79655556,-84.08858611,Vehiculo en movimiento,Frente a frente,Not an Intersection,No fue interseccion,Sobre calle,Ninguna,Dia total,Nublado,No,NO APLICA,7,54,8,5,1,28/01/2022,2
39,Ohio,390069,1,1,1,0,133,PORTAGE (133),0,NO APLICA,1,Enero,29,2022,19,29,SR-14 CLEVELAND E LIVERPOOL RD,3,Highway estatal,Urbano,Arteria Principal,State Highway Agency,1,Sin jurisdiccion especial,102,41.17933611,-81.24649167,Peaton,El primer evento no fue una colision con un vehiculo automotor en transporte,Four-Way Intersection,Interseccion de 4 direcciones,Sobre calle,Ninguna,Oscuro sin iluminacion,Nublado,No,NO APLICA,19,29,19,33,1,29/01/2022,1
39,Ohio,390070,0,0,1,0,113,MONTGOMERY (113),2090,DAYTON,2,Febrero,4,2022,17,43,SR-4 DAYTON EAST ESPRESSWAY,3,Highway estatal,Urbano,Arterial Principal -Freeway o ExpressWay,State Highway Agency,1,Sin jurisdiccion especial,210,39.7913,-84.13218611,Volcadura,El primer evento no fue una colision con un vehiculo automotor en transporte,Not an Intersection,No fue interseccion,En el medio,Ninguna,Atardecer,Nublado,No,NO APLICA,17,42,17,51,1,04/02/2022,4
39,Ohio,390071,0,0,1,0,113,MONTGOMERY (113),2090,DAYTON,2,Febrero,6,2022,15,26,SR-48 MAIN ST,3,Highway estatal,Urbano,Arteria Principal,State Highway Agency,1,Sin jurisdiccion especial,116,39.74432778,-84.19918056,Poste,El primer evento no fue una colision con un vehiculo automotor en transporte,Not an Intersection,No fue interseccion,Sobre el lado de la calle,Ninguna,Dia total,Despejado,No,NO APLICA,15,27,15,34,1,06/02/2022,1
39,Ohio,390072,0,0,1,0,113,MONTGOMERY (113),8180,TROTWOOD,1,Enero,29,2022,2,23,CR-26 SHILOH SPRINGS  RD,4,Calle del Condado,Urbano,Arteria Menor,County Highway Agency,0,Sin jurisdiccion especial,0,39.81973056,-84.26816111,Buzon de correo,El primer evento no fue una colision con un vehiculo automotor en transporte,Not an Intersection,No fue interseccion,Sobre el lado de la calle,Ninguna,Oscuro sin iluminacion,Nublado,No,NO APLICA,2,28,2,34,1,29/01/2022,2
39,Ohio,390073,1,1,1,0,35,CUYAHOGA (35),8516,WALTON HILLS,2,Febrero,2,2022,18,49,SR-8 NORTHFIELD RD,3,Highway estatal,Urbano,Arteria Menor,State Highway Agency,0,Sin jurisdiccion especial,4,41.35654167,-81.52641667,Peaton,El primer evento no fue una colision con un vehiculo automotor en transporte,Not an Intersection,No fue interseccion,Sobre calle,Ninguna,Oscuro con iluminacion,Aguanieve,No,NO APLICA,99,99,99,99,1,02/02/2022,1
39,Ohio,390074,0,0,2,0,89,LICKING (89),0,NO APLICA,2,Febrero,10,2022,10,51,CR-41 MINK ST,4,Calle del Condado,Rural,Colector Mayor,County Highway Agency,0,Sin jurisdiccion especial,0,40.12896667,-82.6961,Vehiculo en movimiento,Angulo,Four-Way Intersection,Interseccion de 4 direcciones,Sobre calle,Ninguna,Dia total,Nublado,No,NO APLICA,10,52,10,56,1,10/02/2022,3
39,Ohio,390076,0,0,5,0,49,FRANKLIN (49),1800,COLUMBUS,2,Febrero,12,2022,11,30,CR-25 WILSON RD,4,Calle del Condado,Urbano,Arteria Menor,County Highway Agency,0,Sin jurisdiccion especial,0,39.97291111,-83.09888889,Vehiculo en movimiento,Angulo,Four-Way Intersection,Interseccion de 4 direcciones,Sobre calle,Ninguna,Dia total,Nublado,No,NO APLICA,11,32,11,36,2,12/02/2022,8
39,Ohio,390077,1,1,1,0,151,STARK (151),1320,CANTON,2,Febrero,14,2022,20,7,CR-504 MARKET AVE N AV,4,Calle del Condado,Urbano,Colector Mayor,County Highway Agency,0,Sin jurisdiccion especial,0,40.80679444,-81.372325,No vehiculo o remolque,El primer evento no fue una colision con un vehiculo automotor en transporte,Not an Intersection,No fue interseccion,Sobre calle,Ninguna,Oscuro con iluminacion,Nublado,No,NO APLICA,20,56,20,59,1,14/02/2022,1
39,Ohio,390078,0,0,2,0,17,BUTLER (17),5010,MIDDLETOWN,2,Febrero,2,2022,12,23,SR-73 VERITY PKWY,3,Highway estatal,Urbano,Arteria Principal,State Highway Agency,1,Sin jurisdiccion especial,29,39.53398889,-84.37098611,Vehiculo en movimiento,Angulo,T-Intersection,Interseccion de T,Sobre calle,Ninguna,Dia total,lluvia,No,NO APLICA,12,17,12,22,1,02/02/2022,3
39,Ohio,390079,0,0,3,0,113,MONTGOMERY (113),0,NO APLICA,1,Enero,5,2022,20,8,I-75,1,Interestatal,Urbano,Interestatal,State Highway Agency,1,Sin jurisdiccion especial,8,39.59773056,-84.2372,Vehiculo en movimiento,Frente a Detrás,Not an Intersection,No fue interseccion,Sobre calle,Ninguna,Oscuro sin iluminacion,Nublado,No,NO APLICA,20,4,20,17,1,05/01/2022,2
39,Ohio,390080,1,1,1,0,23,CLARK (23),7800,SPRINGFIELD,2,Febrero,5,2022,21,54,CR-505 GRAND AVE,4,Calle del Condado,Urbano,Colector Mayor,County Highway Agency,0,Sin jurisdiccion especial,0,39.91163333,-83.80625,Peaton,El primer evento no fue una colision con un vehiculo automotor en transporte,Not an Intersection,No fue interseccion,Sobre calle,Ninguna,Oscuro con iluminacion,Nublado,No,NO APLICA,21,55,22,2,1,05/02/2022,1
39,Ohio,390081,0,0,2,0,71,HIGHLAND (71),0,NO APLICA,2,Febrero,10,2022,15,7,US-50,2,US Highway,Rural,Arteria Menor,State Highway Agency,0,Sin jurisdiccion especial,189,39.21482222,-83.52191667,Valla Ferrocarril,El primer evento no fue una colision con un vehiculo automotor en transporte,Not an Intersection,No fue interseccion,Sobre el lado de la calle,Ninguna,Dia total,Despejado,No,NO APLICA,15,9,15,15,1,10/02/2022,2
39,Ohio,390082,0,0,2,0,165,WARREN (165),0,NO APLICA,2,Febrero,7,2022,12,8,SR-28,3,Highway estatal,Rural,Colector Mayor,State Highway Agency,0,Sin jurisdiccion especial,13,39.26754167,-84.06961389,Vehiculo en movimiento,Angulo,Not an Intersection,No fue interseccion,Sobre calle,Ninguna,Dia total,Nublado,No,NO APLICA,12,19,12,26,1,07/02/2022,2
39,Ohio,390083,0,0,2,0,23,CLARK (23),0,NO APLICA,2,Febrero,10,2022,10,41,I-70 DWIGHT D EISENHOWER HWY,1,Interestatal,Rural,Interestatal,State Highway Agency,1,Sin jurisdiccion especial,227,39.93589167,-83.65729444,Vehiculo en movimiento,Frente a Detrás,Not an Intersection,No fue interseccion,Sobre calle,Ninguna,Dia total,Nublado,No,NO APLICA,10,36,10,46,1,10/02/2022,2
39,Ohio,390084,0,0,1,0,169,WAYNE (169),0,NO APLICA,2,Febrero,9,2022,6,23,I-71,1,Interestatal,Rural,Interestatal,State Highway Agency,1,Sin jurisdiccion especial,20,40.940575,-82.09826944,Poste o otros soportes,El primer evento no fue una colision con un vehiculo automotor en transporte,Not an Intersection,No fue interseccion,Sobre el lado de la calle,Ninguna,Oscuro con iluminacion,Nublado,No,NO APLICA,11,21,11,35,1,09/02/2022,2
39,Ohio,390085,1,1,1,0,49,FRANKLIN (49),1800,COLUMBUS,2,Febrero,18,2022,0,44,JAMES  RD,6,Calle Local Municipalidad,Urbano,Arteria Menor,City or Municipal Highway Agency,0,Sin jurisdiccion especial,0,39.96133889,-82.9144,Peaton,El primer evento no fue una colision con un vehiculo automotor en transporte,Four-Way Intersection,Interseccion de 4 direcciones,Sobre calle,Ninguna,Oscuro con iluminacion,lluvia,No,NO APLICA,0,49,0,53,1,18/02/2022,1
39,Ohio,390086,0,0,2,0,165,WARREN (165),0,NO APLICA,2,Febrero,13,2022,17,42,I-71,1,Interestatal,Rural,Interestatal,State Highway Agency,1,Sin jurisdiccion especial,168,39.43029167,-84.07835556,Zanja,El primer evento no fue una colision con un vehiculo automotor en transporte,Not an Intersection,No fue interseccion,En el medio,Ninguna,Dia total,Nieve,No,NO APLICA,17,46,17,53,1,13/02/2022,4
39,Ohio,390087,0,0,2,0,35,CUYAHOGA (35),1680,CLEVELAND,1,Enero,30,2022,0,8,CR-398 WOODHILL RD,4,Calle del Condado,Urbano,Arteria Menor,County Highway Agency,0,Sin jurisdiccion especial,0,41.49343611,-81.61155556,Banqueta,El primer evento no fue una colision con un vehiculo automotor en transporte,Roundabout,Glorieta,Sobre el lado de la calle,Ninguna,Oscuro con iluminacion,Nublado,No,NO APLICA,0,19,0,30,1,30/01/2022,5
39,Ohio,390088,1,1,1,0,107,MERCER (107),0,NO APLICA,2,Febrero,12,2022,13,47,US-127,2,US Highway,Rural,Arteria Menor,State Highway Agency,0,Sin jurisdiccion especial,182,40.61549167,-84.57158333,Peaton,El primer evento no fue una colision con un vehiculo automotor en transporte,Not an Intersection,No fue interseccion,Sobre calle,Ninguna,Dia total,Despejado,No,NO APLICA,13,47,13,53,1,12/02/2022,1
39,Ohio,390089,0,0,1,0,89,LICKING (89),3428,HEATH,2,Febrero,20,2022,2,36,HEATH RD,6,Calle Local Municipalidad,Urbano,Local,City or Municipal Highway Agency,0,Sin jurisdiccion especial,0,40.02371389,-82.47085,Otro objeto (fijo),El primer evento no fue una colision con un vehiculo automotor en transporte,Not an Intersection,No fue interseccion,Sobre el lado de la calle,Ninguna,Oscuro con iluminacion,Despejado,No,NO APLICA,2,41,2,50,1,20/02/2022,1
39,Ohio,390090,0,0,1,0,35,CUYAHOGA (35),1680,CLEVELAND,2,Febrero,17,2022,2,52,NELA VIEW RD,6,Calle Local Municipalidad,Urbano,Local,City or Municipal Highway Agency,0,Sin jurisdiccion especial,0,41.53410278,-81.55956111,Otro objeto (no fijo),El primer evento no fue una colision con un vehiculo automotor en transporte,Not an Intersection,No fue interseccion,Sobre el lado de la calle,Ninguna,Oscuro con iluminacion,Despejado,No,NO APLICA,2,53,2,59,1,17/02/2022,1
39,Ohio,390091,0,0,1,0,61,HAMILTON (61),7795,SPRINGDALE,2,Febrero,16,2022,0,40,SR-4 SPRINGFIELD RD,3,Highway estatal,Urbano,Arteria Principal,State Highway Agency,1,Sin jurisdiccion especial,93,39.28666667,-84.485075,Desconocido,Reportado como desconocido,Not an Intersection,No fue interseccion,Fuera de la calle,Ninguna,Oscuro con iluminacion,Nublado,No,NO APLICA,99,99,99,99,1,16/02/2022,1
39,Ohio,390092,0,0,2,0,49,FRANKLIN (49),1800,COLUMBUS,2,Febrero,21,2022,18,49,SR-104,3,Highway estatal,Urbano,Arterial Principal -Freeway o ExpressWay,State Highway Agency,0,Sin jurisdiccion especial,130,39.91719167,-82.92143611,Vehiculo en movimiento,Frente a frente,Not an Intersection,No fue interseccion,Sobre calle,Ninguna,Oscuro sin iluminacion,Despejado,No,NO APLICA,18,52,18,56,1,21/02/2022,3
39,Ohio,390094,1,1,1,0,49,FRANKLIN (49),1800,COLUMBUS,2,Febrero,23,2022,13,39,KELTON AVE,6,Calle Local Municipalidad,Urbano,Colector Mayor,City or Municipal Highway Agency,0,Sin jurisdiccion especial,0,39.96235,-82.95833056,Peaton,El primer evento no fue una colision con un vehiculo automotor en transporte,Four-Way Intersection,Interseccion de 4 direcciones,Sobre calle,Ninguna,Dia total,Nublado,No,NO APLICA,13,40,13,43,1,23/02/2022,1
39,Ohio,390095,0,0,2,0,153,SUMMIT (153),70,AKRON,1,Enero,27,2022,8,59,CR-634 CEDAR ST,4,Calle del Condado,Urbano,Arteria Menor,County Highway Agency,0,Sin jurisdiccion especial,0,41.08305556,-81.53601667,Vehiculo en movimiento,Frente a Detrás,Not an Intersection,No fue interseccion,Sobre calle,Ninguna,Dia total,Despejado,No,NO APLICA,9,2,9,6,1,27/01/2022,3
39,Ohio,390096,0,0,2,0,123,OTTAWA (123),0,NO APLICA,2,Febrero,4,2022,18,18,SR-19,3,Highway estatal,Rural,Colector Mayor,State Highway Agency,0,Sin jurisdiccion especial,23,41.49145556,-83.14532778,Vehiculo en movimiento,Angulo,Not an Intersection,No fue interseccion,Sobre calle,Ninguna,Atardecer,Nublado,No,NO APLICA,18,31,19,0,2,04/02/2022,3
39,Ohio,390097,0,0,2,0,155,TRUMBULL (155),0,NO APLICA,2,Febrero,11,2022,14,40,I-80,1,Interestatal,Urbano,Interestatal,State Highway Agency,1,Sin jurisdiccion especial,50,41.159625,-80.65012222,Vehiculo en movimiento,Golpe Lateral - misma direccion,Not an Intersection,No fue interseccion,Sobre calle,Ninguna,Dia total,Nublado,No,NO APLICA,14,42,14,51,1,11/02/2022,2
39,Ohio,390098,0,0,2,1,155,TRUMBULL (155),0,NO APLICA,2,Febrero,14,2022,15,44,SR-5,3,Highway estatal,Urbano,Arteria Principal,State Highway Agency,1,Sin jurisdiccion especial,41,41.22044444,-80.93121389,Poste de Señal de trafico,El primer evento no fue una colision con un vehiculo automotor en transporte,Not an Intersection,No fue interseccion,Sobre calle,"Zona de trabajo, tipo desconocido",Dia total,Despejado,No,NO APLICA,3,52,4,12,1,14/02/2022,1
39,Ohio,390099,0,0,2,0,93,LORAIN (93),0,NO APLICA,2,Febrero,12,2022,15,26,TR-44 HAWLEY RD,5,Calle Local - Pueblo,Rural,Local,Town or Township Highway Agency,0,Sin jurisdiccion especial,0,41.16630833,-82.19355833,Vehiculo en movimiento,Frente a frente,Not an Intersection,No fue interseccion,Sobre calle,Ninguna,Dia total,Nublado,No,NO APLICA,15,37,15,51,1,12/02/2022,5
39,Ohio,390101,0,0,1,0,19,CARROLL (19),0,NO APLICA,2,Febrero,16,2022,14,25,SR-212 CUMBERLAND RD,3,Highway estatal,Rural,Colector Mayor,State Highway Agency,0,Sin jurisdiccion especial,43,40.475975,-81.21868889,Otro objeto (fijo),El primer evento no fue una colision con un vehiculo automotor en transporte,Not an Intersection,No fue interseccion,Sobre el lado de la calle,Ninguna,Dia total,Despejado,No,NO APLICA,14,29,14,32,1,16/02/2022,2
39,Ohio,390103,0,0,1,0,113,MONTGOMERY (113),2090,DAYTON,2,Febrero,20,2022,2,32,SR-4 GERMANTOWN ST,3,Highway estatal,Urbano,Arteria Principal,State Highway Agency,1,Sin jurisdiccion especial,119,39.732425,-84.25766667,Banqueta,El primer evento no fue una colision con un vehiculo automotor en transporte,Not an Intersection,No fue interseccion,Sobre el lado de la calle,Ninguna,Oscuro con iluminacion,Despejado,No,NO APLICA,2,34,2,41,1,20/02/2022,3
39,Ohio,390104,0,0,2,0,49,FRANKLIN (49),1800,COLUMBUS,2,Febrero,1,2022,0,52,I-71,1,Interestatal,Urbano,Interestatal,State Highway Agency,1,Sin jurisdiccion especial,224,40.03244722,-82.99540278,Vehiculo en movimiento,Golpe Lateral - misma direccion,Not an Intersection,No fue interseccion,Sobre calle,Ninguna,Oscuro con iluminacion,Nublado,No,NO APLICA,0,54,1,1,1,01/02/2022,2
39,Ohio,390105,0,0,2,0,37,DARKE (37),0,NO APLICA,2,Febrero,17,2022,7,58,SR-49 WASHINGTON AVE,3,Highway estatal,Rural,Colector Mayor,Town or Township Highway Agency,0,Sin jurisdiccion especial,223,40.16515833,-84.63715278,Vehiculo en movimiento,Angulo,Four-Way Intersection,Interseccion de 4 direcciones,Sobre calle,Ninguna,Dia total,Neblina o Humo,No,NO APLICA,7,58,8,8,2,17/02/2022,4
39,Ohio,390106,0,0,1,0,95,LUCAS (95),8120,TOLEDO,2,Febrero,27,2022,14,56,SR-25 ANTHONY WAYNE TL,3,Highway estatal,Urbano,Arteria Principal,State Highway Agency,1,Sin jurisdiccion especial,79,41.63878056,-83.55556944,Otro objeto (fijo),El primer evento no fue una colision con un vehiculo automotor en transporte,Not an Intersection,No fue interseccion,Sobre el lado de la calle,"Zona de trabajo, tipo desconocido",Dia total,Nublado,No,NO APLICA,15,4,15,8,1,27/02/2022,1
39,Ohio,390107,1,1,1,0,93,LORAIN (93),4360,LORAIN,2,Febrero,18,2022,19,25,CR-39 OBERLIN AV,4,Calle del Condado,Urbano,Arteria Menor,County Highway Agency,0,Sin jurisdiccion especial,0,41.45472222,-82.18513889,Peaton,El primer evento no fue una colision con un vehiculo automotor en transporte,Four-Way Intersection,Interseccion de 4 direcciones,Sobre calle,Ninguna,Oscuro con iluminacion,Nublado,No,NO APLICA,19,26,19,29,1,18/02/2022,1
39,Ohio,390108,1,1,2,1,95,LUCAS (95),8120,TOLEDO,2,Febrero,28,2022,0,4,SR-184 ALEXIS RD,3,Highway estatal,Urbano,Arteria Principal,State Highway Agency,0,Sin jurisdiccion especial,21,41.71993611,-83.65146111,Otro objeto (no fijo),El primer evento no fue una colision con un vehiculo automotor en transporte,T-Intersection,Interseccion de T,Fuera de la calle,"Zona de trabajo, tipo desconocido",Oscuro sin iluminacion,Despejado,No,NO APLICA,0,12,0,17,1,28/02/2022,1
39,Ohio,390109,0,0,1,0,95,LUCAS (95),0,NO APLICA,2,Febrero,21,2022,13,13,US-24,2,US Highway,Rural,Arterial Principal -Freeway o ExpressWay,State Highway Agency,1,Sin jurisdiccion especial,52,41.45675278,-83.79415,Acotamiento,El primer evento no fue una colision con un vehiculo automotor en transporte,Not an Intersection,No fue interseccion,En el medio,Ninguna,Dia total,Despejado,No,NO APLICA,13,12,13,25,1,21/02/2022,1
39,Ohio,390110,0,0,1,0,73,HOCKING (73),0,NO APLICA,2,Febrero,23,2022,18,30,SR-278,3,Highway estatal,Rural,Colector Mayor,State Highway Agency,0,Sin jurisdiccion especial,82,39.50563056,-82.24944167,Acotamiento,El primer evento no fue una colision con un vehiculo automotor en transporte,Not an Intersection,No fue interseccion,Sobre el lado de la calle,Ninguna,Oscuro sin iluminacion,Nublado,No,NO APLICA,18,32,18,36,1,23/02/2022,1
39,Ohio,390112,0,0,1,0,173,WOOD (173),0,NO APLICA,2,Febrero,26,2022,19,39,TR-26 NEEDLES RD,5,Calle Local - Pueblo,Rural,Local,Town or Township Highway Agency,0,Sin jurisdiccion especial,0,41.19735556,-83.75680278,Arbol,El primer evento no fue una colision con un vehiculo automotor en transporte,Not an Intersection,No fue interseccion,Sobre el lado de la calle,Ninguna,Oscuro sin iluminacion,Despejado,No,NO APLICA,19,40,19,47,1,26/02/2022,1
39,Ohio,390113,0,0,3,2,113,MONTGOMERY (113),2090,DAYTON,2,Febrero,28,2022,8,18,SR-48 MAIN ST,3,Highway estatal,Urbano,Arteria Principal,State Highway Agency,1,Sin jurisdiccion especial,156,39.79446389,-84.21585278,Poste,El primer evento no fue una colision con un vehiculo automotor en transporte,Not an Intersection,No fue interseccion,Sobre el lado de la calle,Ninguna,Dia total,Despejado,No,NO APLICA,8,20,8,25,1,28/02/2022,1
39,Ohio,390114,1,1,1,0,35,CUYAHOGA (35),1020,BROADVIEW HTS,2,Febrero,20,2022,20,57,SR-176 BROADVIEW RD,3,Highway estatal,Urbano,Arteria Menor,State Highway Agency,0,Sin jurisdiccion especial,37,41.33093333,-81.68461111,Peaton,El primer evento no fue una colision con un vehiculo automotor en transporte,Not an Intersection,No fue interseccion,Sobre calle,Ninguna,Oscuro sin iluminacion,Despejado,No,NO APLICA,20,59,21,2,1,20/02/2022,2
39,Ohio,390115,0,0,1,0,165,WARREN (165),0,NO APLICA,2,Febrero,27,2022,19,53,CR-38 MASON-MORROW-MILLGRVE  R,4,Calle del Condado,Rural,Local,County Highway Agency,0,Sin jurisdiccion especial,0,39.36723333,-84.15652222,Zanja,El primer evento no fue una colision con un vehiculo automotor en transporte,Not an Intersection,No fue interseccion,Sobre el lado de la calle,Ninguna,Oscuro sin iluminacion,Despejado,No,NO APLICA,19,55,20,0,1,27/02/2022,1
39,Ohio,390116,0,0,1,0,129,PICKAWAY (129),0,NO APLICA,2,Febrero,9,2022,1,0,SR-56,3,Highway estatal,Rural,Colector Mayor,State Highway Agency,0,Sin jurisdiccion especial,245,39.55308889,-82.86405,Poste,El primer evento no fue una colision con un vehiculo automotor en transporte,Not an Intersection,No fue interseccion,Sobre el lado de la calle,Ninguna,Oscuro sin iluminacion,Despejado,No,NO APLICA,1,2,1,18,1,09/02/2022,1
39,Ohio,390117,0,0,5,4,49,FRANKLIN (49),1800,COLUMBUS,2,Febrero,24,2022,2,1,PENFIELD  RD,6,Calle Local Municipalidad,Urbano,Local,City or Municipal Highway Agency,0,Sin jurisdiccion especial,0,39.93405556,-82.91376389,Banqueta,El primer evento no fue una colision con un vehiculo automotor en transporte,Not an Intersection,No fue interseccion,Sobre el lado de la calle,Ninguna,Oscuro con iluminacion,Despejado,No,NO APLICA,2,3,2,8,1,24/02/2022,1
39,Ohio,390119,0,0,2,0,63,HANCOCK (63),0,NO APLICA,3,Marzo,1,2022,20,55,SR-613,3,Highway estatal,Rural,Colector Mayor,State Highway Agency,0,Sin jurisdiccion especial,166,41.14666389,-83.59288611,Vehiculo en movimiento,Angulo,Four-Way Intersection,Interseccion de 4 direcciones,Sobre calle,Ninguna,Oscuro sin iluminacion,Despejado,No,NO APLICA,21,7,21,42,1,01/03/2022,3
39,Ohio,390120,0,0,3,0,49,FRANKLIN (49),3210,GROVEPORT,3,Marzo,1,2022,19,33,CR-7 GROVEPORT RD,4,Calle del Condado,Urbano,Arteria Menor,County Highway Agency,0,Sin jurisdiccion especial,0,39.84851389,-82.85912222,Vehiculo en movimiento,Frente a Detrás,Not an Intersection,No fue interseccion,Sobre calle,Ninguna,Oscuro sin iluminacion,Despejado,No,NO APLICA,19,38,19,41,1,01/03/2022,5
39,Ohio,390121,0,0,1,0,49,FRANKLIN (49),1800,COLUMBUS,3,Marzo,3,2022,6,16,LIVINGSTON  AVE,6,Calle Local Municipalidad,Urbano,Arteria Menor,City or Municipal Highway Agency,0,Sin jurisdiccion especial,0,39.94686944,-82.91553056,Poste o otros soportes,El primer evento no fue una colision con un vehiculo automotor en transporte,Four-Way Intersection,Interseccion de 4 direcciones,Sobre el lado de la calle,Ninguna,Oscuro con iluminacion,Despejado,No,NO APLICA,6,23,6,27,1,03/03/2022,1
39,Ohio,390122,0,0,1,0,45,FAIRFIELD (45),0,NO APLICA,2,Febrero,25,2022,21,42,CR-13 BASIL WESTERN RD,4,Calle del Condado,Urbano,Colector Mayor,County Highway Agency,0,Sin jurisdiccion especial,0,39.841925,-82.74780278,Valla Ferrocarril,El primer evento no fue una colision con un vehiculo automotor en transporte,Not an Intersection,No fue interseccion,Sobre el lado de la calle,Ninguna,Oscuro sin iluminacion,Despejado,No,NO APLICA,21,42,21,47,1,25/02/2022,1
39,Ohio,390123,0,0,2,0,83,KNOX (83),0,NO APLICA,2,Febrero,26,2022,10,50,SR-13,3,Highway estatal,Urbano,Arteria Principal,State Highway Agency,1,Sin jurisdiccion especial,121,40.41056111,-82.49528889,Vehiculo en movimiento,Angulo,Not an Intersection,No fue interseccion,Sobre calle,Ninguna,Dia total,Nublado,No,NO APLICA,10,42,10,48,2,26/02/2022,3
39,Ohio,390124,0,0,2,0,63,HANCOCK (63),0,NO APLICA,2,Febrero,24,2022,18,41,SR-613,3,Highway estatal,Rural,Colector Mayor,State Highway Agency,0,Sin jurisdiccion especial,32,41.15916111,-83.51383056,Vehiculo en movimiento,Golpe Lateral - misma direccion,Not an Intersection,No fue interseccion,Sobre calle,Ninguna,Oscuro sin iluminacion,Nieve,No,NO APLICA,18,45,19,7,1,24/02/2022,4
39,Ohio,390126,0,0,1,0,35,CUYAHOGA (35),1680,CLEVELAND,2,Febrero,10,2022,20,50,I-71,1,Interestatal,Urbano,Interestatal,State Highway Agency,1,Sin jurisdiccion especial,114,41.43744167,-81.80909167,Valla Ferrocarril,El primer evento no fue una colision con un vehiculo automotor en transporte,Not an Intersection,No fue interseccion,Sobre el lado de la calle,Ninguna,Oscuro con iluminacion,Despejado,No,NO APLICA,20,51,21,4,1,10/02/2022,1
39,Ohio,390127,0,0,2,0,35,CUYAHOGA (35),1680,CLEVELAND,2,Febrero,4,2022,6,17,CR-8 LEE RD,4,Calle del Condado,Urbano,Arteria Principal,County Highway Agency,0,Sin jurisdiccion especial,0,41.44640556,-81.56478889,Vehiculo en movimiento,Angulo,Not an Intersection,No fue interseccion,Sobre calle,Ninguna,Oscuro con iluminacion,Nieve,No,NO APLICA,6,25,6,36,1,04/02/2022,2