Estado,Nombre de Estado,Numero de Caso,Peatones,Personas _no_vehiculos,Vehiculos automotores,Vehiculos estacionados,Condado,Nombre Condado,Ciudad,Nombre Ciudad,Mes,Nombre Mes,Dia,Año,Hora,Minuto,Calle,Ruta,Nombre Ruta,Rural o Urbanoo,Sistema Funcional,Dueño Calle,Sistema Nacional Carreteras,Jurisdiccion Especial,Milla,Latitud,Longitud,Causa del Accidente,Tipo de Accidente,Tipo Interseccion,Columna1,Lugar en la calle,Zona de Trabajo,Luz,Clima,Autobus Escolar,Cruce de Trenes,Hora Notificacion,Minuto Notificacion,Hora Llegada,Minuto Llegada,Decesos,Fecha,PersonaVehiculo
39,Ohio,390128,0,0,2,0,47,FAYETTE (47),0,NO APLICA,2,Febrero,22,2022,6,47,US-62,2,US Highway,Rural,Arteria Menor,County Highway Agency,0,Sin jurisdiccion especial,189,39.606275,-83.37273889,Vehiculo en movimiento,Frente a frente,T-Intersection,Interseccion de T,Sobre calle,Ninguna,Amanecer,lluvia,No,NO APLICA,7,0,7,7,1,22/02/2022,4
39,Ohio,390129,0,0,1,0,153,SUMMIT (153),9997,Other,2,Febrero,24,2022,8,13,CR-135 KILLIAN RD,4,Calle del Condado,Urbano,Arteria Menor,County Highway Agency,0,Sin jurisdiccion especial,0,40.99781944,-81.50963056,Zanja,El primer evento no fue una colision con un vehiculo automotor en transporte,Not an Intersection,No fue interseccion,Sobre el lado de la calle,Ninguna,Dia total,Despejado,No,NO APLICA,8,19,8,23,1,24/02/2022,2
39,Ohio,390130,0,0,2,0,61,HAMILTON (61),1610,CINCINNATI,3,Marzo,6,2022,2,6,OFF RAMP TO MITCHELL AVE,8,Otro,Urbano,Arteria Principal,State Toll Road,1,Sin jurisdiccion especial,0,39.16260833,-84.50833056,Vehiculo en movimiento,Frente a Detrás,Not an Intersection,No fue interseccion,Sobre calle,Ninguna,Oscuro con iluminacion,Nublado,No,NO APLICA,2,6,2,13,1,06/03/2022,3
39,Ohio,390131,0,0,2,0,61,HAMILTON (61),1610,CINCINNATI,3,Marzo,2,2022,17,14,CR-716 WARSAW AV,4,Calle del Condado,Urbano,Colector Mayor,County Highway Agency,0,Sin jurisdiccion especial,0,39.11023889,-84.56718611,Vehiculo en movimiento,Angulo,Four-Way Intersection,Interseccion de 4 direcciones,Sobre calle,Ninguna,Dia total,Despejado,No,NO APLICA,17,16,17,22,1,02/03/2022,2
39,Ohio,390132,0,0,3,0,61,HAMILTON (61),0,NO APLICA,3,Marzo,4,2022,9,49,US-27 COLERAIN AV,2,US Highway,Urbano,Arteria Principal,State Highway Agency,1,Sin jurisdiccion especial,131,39.24258611,-84.59441667,Vehiculo en movimiento,Angulo,Four-Way Intersection,Interseccion de 4 direcciones,Sobre calle,Ninguna,Dia total,Despejado,No,NO APLICA,9,49,9,53,1,04/03/2022,4
39,Ohio,390133,0,0,3,0,95,LUCAS (95),8120,TOLEDO,3,Marzo,10,2022,0,41,I-75,1,Interestatal,Urbano,Interestatal,State Highway Agency,1,Sin jurisdiccion especial,105,41.719675,-83.50193056,Vehiculo en movimiento,Frente a frente,Not an Intersection,No fue interseccion,Sobre calle,Ninguna,Oscuro con iluminacion,Despejado,No,NO APLICA,0,49,1,5,2,10/03/2022,4
39,Ohio,390134,0,0,2,0,41,DELAWARE (41),0,NO APLICA,2,Febrero,28,2022,21,50,I-71,1,Interestatal,Rural,Interestatal,State Highway Agency,1,Sin jurisdiccion especial,138,40.32085833,-82.90390278,Otra barrera de trafico,El primer evento no fue una colision con un vehiculo automotor en transporte,Not an Intersection,No fue interseccion,Sobre el lado de la calle,Ninguna,Oscuro sin iluminacion,Despejado,No,NO APLICA,21,48,21,58,1,28/02/2022,2
39,Ohio,390135,0,0,2,0,25,CLERMONT (25),0,NO APLICA,3,Marzo,4,2022,12,2,SR-125,3,Highway estatal,Urbano,Arteria Principal,State Highway Agency,1,Sin jurisdiccion especial,82,39.01423611,-84.18410278,Vehiculo en movimiento,Frente a Detrás,T-Intersection,Interseccion de T,Sobre calle,Ninguna,Dia total,Despejado,No,NO APLICA,99,98,99,98,1,04/03/2022,2
39,Ohio,390136,0,0,2,0,95,LUCAS (95),8120,TOLEDO,3,Marzo,10,2022,14,38,SR-184 W ALEXIS RD,3,Highway estatal,Urbano,Arteria Principal,State Highway Agency,0,Sin jurisdiccion especial,50,41.72121944,-83.59478889,Vehiculo en movimiento,Angulo,Four-Way Intersection,Interseccion de 4 direcciones,Sobre calle,Ninguna,Dia total,Despejado,No,NO APLICA,14,40,14,48,1,10/03/2022,2
39,Ohio,390137,0,0,1,0,61,HAMILTON (61),5260,MONTGOMERY,3,Marzo,7,2022,14,32,I-71,1,Interestatal,Urbano,Interestatal,State Highway Agency,1,Sin jurisdiccion especial,174,39.26961389,-84.35252222,Barrera de Cable,El primer evento no fue una colision con un vehiculo automotor en transporte,Not an Intersection,No fue interseccion,Sobre el lado de la calle,Ninguna,Dia total,Nublado,No,NO APLICA,14,33,14,36,1,07/03/2022,1
39,Ohio,390138,0,0,2,0,121,NOBLE (121),0,NO APLICA,3,Marzo,2,2022,17,11,SR-147,3,Highway estatal,Rural,Colector Mayor,State Highway Agency,0,Sin jurisdiccion especial,199,39.93661389,-81.25051389,Vehiculo en movimiento,Golpe Lateral - direccion contraria,Not an Intersection,No fue interseccion,Sobre calle,Ninguna,Dia total,Despejado,No,NO APLICA,17,12,17,36,1,02/03/2022,3
39,Ohio,390139,0,0,1,0,95,LUCAS (95),4840,MAUMEE,3,Marzo,4,2022,17,24,US-24,2,US Highway,Urbano,Arterial Principal -Freeway o ExpressWay,State Highway Agency,0,Sin jurisdiccion especial,2,41.55113333,-83.68608611,Volcadura,El primer evento no fue una colision con un vehiculo automotor en transporte,Not an Intersection,No fue interseccion,Gore?,Ninguna,Dia total,Despejado,No,NO APLICA,17,24,17,41,1,04/03/2022,1
39,Ohio,390140,0,0,1,0,119,MUSKINGUM (119),0,NO APLICA,3,Marzo,8,2022,13,59,I-70 DWIGHT D EISENHOWER HWY,1,Interestatal,Rural,Interestatal,State Highway Agency,1,Sin jurisdiccion especial,198,39.97198333,-81.86198611,Arbol,El primer evento no fue una colision con un vehiculo automotor en transporte,Not an Intersection,No fue interseccion,Sobre el lado de la calle,Ninguna,Dia total,Despejado,No,NO APLICA,14,0,14,5,3,08/03/2022,3
39,Ohio,390141,0,0,3,0,161,VAN WERT (161),0,NO APLICA,2,Febrero,16,2022,9,11,US-30,2,US Highway,Rural,Arteria Principal,State Highway Agency,1,Sin jurisdiccion especial,76,40.91719444,-84.67236667,Vehiculo en movimiento,Angulo,Four-Way Intersection,Interseccion de 4 direcciones,Sobre calle,Ninguna,Dia total,Despejado,No,NO APLICA,9,30,9,57,1,16/02/2022,3
39,Ohio,390142,0,0,1,0,113,MONTGOMERY (113),2090,DAYTON,1,Enero,15,2022,5,41,CR-134 HILLCREST AV,4,Calle del Condado,Urbano,Colector Mayor,County Highway Agency,0,Sin jurisdiccion especial,19,39.79115278,-84.21740556,Poste,El primer evento no fue una colision con un vehiculo automotor en transporte,Not an Intersection,No fue interseccion,Sobre el lado de la calle,Ninguna,Oscuro con iluminacion,Despejado,No,NO APLICA,5,46,5,50,2,15/01/2022,2
39,Ohio,390143,1,1,1,0,153,SUMMIT (153),6909,RICHFIELD,2,Febrero,27,2022,3,9,I-77,1,Interestatal,Urbano,Interestatal,State Highway Agency,1,Sin jurisdiccion especial,321,41.25613611,-81.63176389,Peaton,El primer evento no fue una colision con un vehiculo automotor en transporte,Not an Intersection,No fue interseccion,Sobre calle,Ninguna,Oscuro sin iluminacion,Despejado,No,NO APLICA,3,17,3,22,1,27/02/2022,1
39,Ohio,390144,0,0,1,0,55,GEAUGA (55),0,NO APLICA,2,Febrero,28,2022,16,35,CR-5 AQUILLA RD,4,Calle del Condado,Rural,Colector Mayor,County Highway Agency,0,Sin jurisdiccion especial,0,41.55936944,-81.17849722,Zanja,El primer evento no fue una colision con un vehiculo automotor en transporte,Not an Intersection,No fue interseccion,Sobre el lado de la calle,Ninguna,Dia total,Despejado,No,NO APLICA,16,33,16,37,1,28/02/2022,2
39,Ohio,390145,0,0,2,0,17,BUTLER (17),0,NO APLICA,2,Febrero,25,2022,20,3,I-75,1,Interestatal,Urbano,Interestatal,State Highway Agency,1,Sin jurisdiccion especial,55,39.35716944,-84.37156944,Otra no colicion,El primer evento no fue una colision con un vehiculo automotor en transporte,Not an Intersection,No fue interseccion,Sobre calle,Ninguna,Oscuro sin iluminacion,Despejado,No,NO APLICA,20,8,20,15,1,25/02/2022,3
39,Ohio,390146,0,0,1,0,35,CUYAHOGA (35),1680,CLEVELAND,2,Febrero,25,2022,1,35,US-422 KINSMAN RD,2,US Highway,Urbano,Arteria Menor,State Highway Agency,0,Sin jurisdiccion especial,36,41.47650556,-81.63172222,Poste,El primer evento no fue una colision con un vehiculo automotor en transporte,T-Intersection,Interseccion de T,Sobre el lado de la calle,Ninguna,Oscuro con iluminacion,Granizo,No,NO APLICA,1,34,1,39,1,25/02/2022,1
39,Ohio,390147,0,0,1,0,161,VAN WERT (161),0,NO APLICA,3,Marzo,12,2022,12,31,TR-90 EMERSON RD,5,Calle Local - Pueblo,Rural,Local,Town or Township Highway Agency,0,Sin jurisdiccion especial,0,40.82226111,-84.643375,Arbol,El primer evento no fue una colision con un vehiculo automotor en transporte,Not an Intersection,No fue interseccion,Sobre el lado de la calle,Ninguna,Dia total,Nublado,No,NO APLICA,12,33,12,41,1,12/03/2022,1
39,Ohio,390148,0,0,2,0,49,FRANKLIN (49),1800,COLUMBUS,3,Marzo,11,2022,17,12,CR-75 CLEVELAND AV,4,Calle del Condado,Urbano,Arteria Principal,County Highway Agency,1,Sin jurisdiccion especial,0,40.04686944,-82.95630833,Vehiculo en movimiento,Frente a frente,T-Intersection,Interseccion de T,Sobre calle,Ninguna,Atardecer,lluvia,No,NO APLICA,17,16,17,21,1,11/03/2022,3
39,Ohio,390149,0,0,1,0,99,MAHONING (99),0,NO APLICA,3,Marzo,15,2022,14,38,SR-14,3,Highway estatal,Urbano,Colector Mayor,State Highway Agency,0,Sin jurisdiccion especial,94,40.90425278,-80.79458333,Arbol,El primer evento no fue una colision con un vehiculo automotor en transporte,Not an Intersection,No fue interseccion,Sobre el lado de la calle,Ninguna,Dia total,Nublado,No,NO APLICA,99,99,99,99,1,15/03/2022,2
39,Ohio,390150,0,0,2,0,49,FRANKLIN (49),1800,COLUMBUS,3,Marzo,17,2022,14,15,CR-17 MORSE RD,4,Calle del Condado,Urbano,Arteria Principal,County Highway Agency,0,Sin jurisdiccion especial,0,40.05665278,-82.8929,Vehiculo en movimiento,Golpe Lateral - misma direccion,Not an Intersection,No fue interseccion,Sobre calle,Ninguna,Dia total,Despejado,No,NO APLICA,14,17,14,23,1,17/03/2022,2
39,Ohio,390151,0,0,5,0,49,FRANKLIN (49),1800,COLUMBUS,3,Marzo,14,2022,21,32,SR-16 BROAD ST,3,Highway estatal,Urbano,Arteria Principal,State Highway Agency,1,Sin jurisdiccion especial,94,39.98123889,-82.82717222,Vehiculo en movimiento,Frente a Detrás,Not an Intersection,No fue interseccion,Sobre calle,Ninguna,Oscuro sin iluminacion,Despejado,No,NO APLICA,21,40,21,41,1,14/03/2022,8
39,Ohio,390153,0,0,1,0,49,FRANKLIN (49),1800,COLUMBUS,3,Marzo,18,2022,0,44,BARNETT RD,6,Calle Local Municipalidad,Urbano,Local,City or Municipal Highway Agency,0,Sin jurisdiccion especial,13,39.95361667,-82.90562222,Arbol,El primer evento no fue una colision con un vehiculo automotor en transporte,T-Intersection,Interseccion de T,Sobre el lado de la calle,Ninguna,Oscuro con iluminacion,Despejado,No,NO APLICA,0,50,0,50,1,18/03/2022,1
39,Ohio,390154,1,1,1,0,49,FRANKLIN (49),1800,COLUMBUS,3,Marzo,17,2022,1,49,SR-16 BROAD ST,3,Highway estatal,Urbano,Arteria Principal,State Highway Agency,1,Sin jurisdiccion especial,91,39.98057778,-82.83304167,Peaton,El primer evento no fue una colision con un vehiculo automotor en transporte,Four-Way Intersection,Interseccion de 4 direcciones,Sobre calle,Ninguna,Oscuro sin iluminacion,Despejado,No,NO APLICA,1,52,1,57,1,17/03/2022,1
39,Ohio,390155,0,0,2,0,59,GUERNSEY (59),0,NO APLICA,3,Marzo,8,2022,23,36,I-70,1,Interestatal,Rural,Interestatal,State Highway Agency,1,Sin jurisdiccion especial,8,39.98527222,-81.70975278,Vehiculo en movimiento,Frente a frente,Not an Intersection,No fue interseccion,Sobre calle,Ninguna,Oscuro sin iluminacion,Despejado,No,NO APLICA,23,38,23,42,1,08/03/2022,2
39,Ohio,390157,0,0,2,0,11,AUGLAIZE (11),0,NO APLICA,3,Marzo,7,2022,14,0,US-33,2,US Highway,Rural,Arteria Principal,State Highway Agency,1,Sin jurisdiccion especial,206,40.55653889,-84.0844,Vehiculo en movimiento,Angulo,Four-Way Intersection,Interseccion de 4 direcciones,Sobre calle,Ninguna,Dia total,Nublado,No,NO APLICA,14,2,14,10,2,07/03/2022,3
39,Ohio,390158,0,0,1,0,99,MAHONING (99),0,NO APLICA,3,Marzo,15,2022,22,43,I-680,1,Interestatal,Rural,Interestatal,State Highway Agency,1,Sin jurisdiccion especial,159,40.96718611,-80.63903056,Fin de valla,El primer evento no fue una colision con un vehiculo automotor en transporte,Not an Intersection,No fue interseccion,Sobre el lado de la calle,Ninguna,Oscuro con iluminacion,Nublado,No,NO APLICA,22,40,22,46,1,15/03/2022,1
39,Ohio,390159,0,0,1,0,79,JACKSON (79),0,NO APLICA,3,Marzo,9,2022,15,10,CR-76 BEAVER PIKE,4,Calle del Condado,Rural,Colector Mayor,County Highway Agency,0,Sin jurisdiccion especial,0,39.062675,-82.69876389,Culvert,El primer evento no fue una colision con un vehiculo automotor en transporte,Not an Intersection,No fue interseccion,Sobre el lado de la calle,Ninguna,Dia total,Nublado,No,NO APLICA,15,15,15,23,1,09/03/2022,4
39,Ohio,390160,0,0,1,0,101,MARION (101),0,NO APLICA,3,Marzo,11,2022,19,18,SR-37,3,Highway estatal,Rural,Colector Mayor,State Highway Agency,0,Sin jurisdiccion especial,70,40.58863889,-83.38038611,Culvert,El primer evento no fue una colision con un vehiculo automotor en transporte,Not an Intersection,No fue interseccion,Sobre el lado de la calle,Ninguna,Oscuro sin iluminacion,Nieve,No,NO APLICA,19,20,19,31,1,11/03/2022,1
39,Ohio,390161,0,0,1,0,113,MONTGOMERY (113),0,NO APLICA,3,Marzo,12,2022,8,10,CR-74 NEEDMORE RD,4,Calle del Condado,Urbano,Arteria Principal,County Highway Agency,1,Sin jurisdiccion especial,0,39.81993056,-84.18836111,Banqueta,El primer evento no fue una colision con un vehiculo automotor en transporte,Four-Way Intersection,Interseccion de 4 direcciones,Sobre el lado de la calle,Ninguna,Dia total,Nieve,No,NO APLICA,8,11,8,13,1,12/03/2022,1
39,Ohio,390162,0,0,3,0,95,LUCAS (95),8120,TOLEDO,3,Marzo,16,2022,17,34,US-20 REYNOLDS RD,2,US Highway,Urbano,Arteria Principal,State Highway Agency,1,Sin jurisdiccion especial,142,41.62691944,-83.66453889,Vehiculo en movimiento,Angulo,Four-Way Intersection,Interseccion de 4 direcciones,Sobre calle,Ninguna,Dia total,Despejado,No,NO APLICA,17,36,17,43,1,16/03/2022,4
39,Ohio,390163,0,0,1,0,95,LUCAS (95),4840,MAUMEE,3,Marzo,15,2022,3,20,OLD TRAIL RD,6,Calle Local Municipalidad,Urbano,Local,City or Municipal Highway Agency,0,Sin jurisdiccion especial,0,41.55873611,-83.67286667,Banqueta,El primer evento no fue una colision con un vehiculo automotor en transporte,Not an Intersection,No fue interseccion,Sobre el lado de la calle,Ninguna,Oscuro sin iluminacion,Despejado,No,NO APLICA,3,31,3,35,1,15/03/2022,1
39,Ohio,390164,0,0,2,0,95,LUCAS (95),8120,TOLEDO,3,Marzo,20,2022,23,45,CR-500 LEWIS AV,4,Calle del Condado,Urbano,Arteria Principal,County Highway Agency,0,Sin jurisdiccion especial,0,41.71265556,-83.56624167,Vehiculo en movimiento,Angulo,Not an Intersection,No fue interseccion,Sobre calle,Ninguna,Oscuro con iluminacion,Despejado,No,NO APLICA,23,46,23,57,1,20/03/2022,3
39,Ohio,390165,5,5,1,0,91,LOGAN (91),0,NO APLICA,2,Febrero,28,2022,15,35,SR-47,3,Highway estatal,Rural,Colector Mayor,State Highway Agency,0,Sin jurisdiccion especial,57,40.35302778,-83.89931111,Animal montado o vehiculo de traccion animal,El primer evento no fue una colision con un vehiculo automotor en transporte,Not an Intersection,No fue interseccion,Sobre calle,Ninguna,Dia total,Despejado,No,NO APLICA,15,41,15,48,1,28/02/2022,1
39,Ohio,390166,0,0,2,0,61,HAMILTON (61),1610,CINCINNATI,3,Marzo,20,2022,17,22,US-27 COLERAIN AVE,2,US Highway,Urbano,Arteria Principal,State Highway Agency,1,Sin jurisdiccion especial,75,39.17126111,-84.55987222,Vehiculo en movimiento,Frente a frente,Not an Intersection,No fue interseccion,Sobre calle,Ninguna,Dia total,Despejado,No,NO APLICA,17,26,17,31,2,20/03/2022,3
39,Ohio,390167,0,0,2,0,135,PREBLE (135),0,NO APLICA,3,Marzo,10,2022,15,58,I-70,1,Interestatal,Rural,Interestatal,State Highway Agency,1,Sin jurisdiccion especial,119,39.83612222,-84.59110278,Vehiculo en movimiento,Frente a Detrás,Not an Intersection,No fue interseccion,Sobre calle,Ninguna,Dia total,Despejado,No,NO APLICA,16,0,16,7,1,10/03/2022,3
39,Ohio,390168,0,0,2,0,173,WOOD (173),0,NO APLICA,3,Marzo,14,2022,13,44,SR-199 MCCUTCHENVILLE RD,3,Highway estatal,Rural,Colector Mayor,State Highway Agency,0,Sin jurisdiccion especial,268,41.50735556,-83.59426667,Vehiculo en movimiento,Angulo,Four-Way Intersection,Interseccion de 4 direcciones,Sobre calle,Ninguna,Dia total,Despejado,No,NO APLICA,13,44,13,52,1,14/03/2022,3
39,Ohio,390169,0,0,2,0,41,DELAWARE (41),0,NO APLICA,3,Marzo,15,2022,7,22,I-71,1,Interestatal,Urbano,Interestatal,State Highway Agency,1,Sin jurisdiccion especial,64,40.21949167,-82.92939167,Volcadura,El primer evento no fue una colision con un vehiculo automotor en transporte,Not an Intersection,No fue interseccion,Gore?,Ninguna,Amanecer,Nublado,No,NO APLICA,7,25,7,33,1,15/03/2022,2
39,Ohio,390170,0,0,2,0,23,CLARK (23),0,NO APLICA,3,Marzo,12,2022,23,3,SR-334,3,Highway estatal,Urbano,Arteria Menor,State Highway Agency,0,Sin jurisdiccion especial,33,39.97785556,-83.76491389,Vehiculo en movimiento,Angulo,Four-Way Intersection,Interseccion de 4 direcciones,Sobre calle,Ninguna,Oscuro sin iluminacion,Despejado,No,NO APLICA,99,99,99,99,5,12/03/2022,6
39,Ohio,390171,1,1,1,0,29,COLUMBIANA (29),0,NO APLICA,3,Marzo,11,2022,0,7,SR-344 FRANKLIN AV,3,Highway estatal,Urbano,Colector Mayor,State Highway Agency,0,Sin jurisdiccion especial,14,40.88519722,-80.834925,Peaton,El primer evento no fue una colision con un vehiculo automotor en transporte,Not an Intersection,No fue interseccion,Sobre calle,Ninguna,Oscuro sin iluminacion,Despejado,No,NO APLICA,0,7,0,15,1,11/03/2022,1
39,Ohio,390172,0,0,2,0,123,OTTAWA (123),0,NO APLICA,3,Marzo,3,2022,20,34,CR-30 CATAWBA,4,Calle del Condado,Urbano,Colector Mayor,County Highway Agency,0,Sin jurisdiccion especial,0,41.56758889,-82.846075,Vehiculo en movimiento,Angulo,Four-Way Intersection,Interseccion de 4 direcciones,Sobre calle,Ninguna,Oscuro sin iluminacion,Despejado,No,NO APLICA,20,33,20,40,1,03/03/2022,2
39,Ohio,390173,0,0,2,0,167,WASHINGTON (167),0,NO APLICA,3,Marzo,3,2022,19,26,SR-339,3,Highway estatal,Rural,Arteria Menor,State Highway Agency,0,Sin jurisdiccion especial,49,39.35635,-81.66790833,Vehiculo en movimiento,Angulo,T-Intersection,Interseccion de T,Sobre calle,Ninguna,Oscuro sin iluminacion,Despejado,No,NO APLICA,19,25,19,28,1,03/03/2022,4
39,Ohio,390174,0,0,1,0,7,ASHTABULA (7),0,NO APLICA,3,Marzo,20,2022,17,59,SR-307,3,Highway estatal,Rural,Colector Mayor,State Highway Agency,0,Sin jurisdiccion especial,118,41.74745833,-80.78634722,Buzon de correo,El primer evento no fue una colision con un vehiculo automotor en transporte,Not an Intersection,No fue interseccion,Sobre el lado de la calle,Ninguna,Dia total,Despejado,No,NO APLICA,17,57,18,2,1,20/03/2022,1
39,Ohio,390175,0,0,1,0,139,RICHLAND (139),0,NO APLICA,3,Marzo,17,2022,4,11,US-30,2,US Highway,Urbano,Arterial Principal -Freeway o ExpressWay,State Highway Agency,1,Sin jurisdiccion especial,141,40.77906111,-82.47056389,Soporte de Puente,El primer evento no fue una colision con un vehiculo automotor en transporte,Not an Intersection,No fue interseccion,En el medio,Ninguna,Oscuro sin iluminacion,Despejado,No,NO APLICA,4,13,4,15,1,17/03/2022,1
39,Ohio,390176,0,0,3,0,113,MONTGOMERY (113),0,NO APLICA,3,Marzo,15,2022,6,26,CR-217 DIAMOND MILL RD,4,Calle del Condado,Urbano,Colector Mayor,County Highway Agency,0,Sin jurisdiccion especial,0,39.81370278,-84.36958611,Vehiculo en movimiento,Frente a frente,Not an Intersection,No fue interseccion,Sobre calle,Ninguna,Oscuro sin iluminacion,Despejado,No,NO APLICA,6,28,6,41,1,15/03/2022,3
39,Ohio,390177,0,0,4,0,153,SUMMIT (153),70,AKRON,3,Marzo,9,2022,17,13,SR-18 MARKET ST,3,Highway estatal,Urbano,Arteria Principal,State Highway Agency,1,Sin jurisdiccion especial,100,41.08402222,-81.51361111,Vehiculo en movimiento,Frente a frente,Four-Way Intersection,Interseccion de 4 direcciones,Sobre calle,Ninguna,Dia total,Despejado,No,NO APLICA,17,21,17,24,1,09/03/2022,4
39,Ohio,390178,0,0,1,0,35,CUYAHOGA (35),6470,PEPPER PIKE,3,Marzo,18,2022,4,59,I-271,1,Interestatal,Urbano,Interestatal,State Highway Agency,1,Sin jurisdiccion especial,96,41.48445833,-81.48628333,Acotamiento,El primer evento no fue una colision con un vehiculo automotor en transporte,Not an Intersection,No fue interseccion,Sobre el lado de la calle,Ninguna,Oscuro con iluminacion,Despejado,No,NO APLICA,5,1,5,9,1,18/03/2022,1
39,Ohio,390179,0,0,11,10,35,CUYAHOGA (35),2520,EUCLID,3,Marzo,25,2022,3,14,US-20,2,US Highway,Urbano,Arteria Principal,State Highway Agency,1,Sin jurisdiccion especial,279,41.56963611,-81.53388056,Barda,El primer evento no fue una colision con un vehiculo automotor en transporte,Not an Intersection,No fue interseccion,Sobre el lado de la calle,Ninguna,Oscuro con iluminacion,Despejado,No,NO APLICA,3,19,3,21,1,25/03/2022,1
39,Ohio,390180,0,0,1,0,113,MONTGOMERY (113),0,NO APLICA,3,Marzo,18,2022,2,35,CR-217 DIAMOND MILL RD,4,Calle del Condado,Urbano,Colector Mayor,County Highway Agency,0,Sin jurisdiccion especial,0,39.84268333,-84.36735556,Poste,El primer evento no fue una colision con un vehiculo automotor en transporte,Not an Intersection,No fue interseccion,Sobre el lado de la calle,Ninguna,Oscuro sin iluminacion,Despejado,No,NO APLICA,2,35,2,48,1,18/03/2022,1
39,Ohio,390181,0,0,2,0,83,KNOX (83),0,NO APLICA,3,Marzo,17,2022,14,20,US-62,2,US Highway,Rural,Colector Mayor,State Highway Agency,0,Sin jurisdiccion especial,104,40.34578611,-82.301525,Vehiculo en movimiento,Angulo,Four-Way Intersection,Interseccion de 4 direcciones,Sobre calle,Ninguna,Dia total,Despejado,No,NO APLICA,14,19,14,28,1,17/03/2022,3
39,Ohio,390182,0,0,2,0,93,LORAIN (93),4360,LORAIN,3,Marzo,27,2022,2,39,SR-57 E 28TH ST,3,Highway estatal,Urbano,Arteria Menor,State Highway Agency,0,Sin jurisdiccion especial,251,41.44513889,-82.15826111,Vehiculo en movimiento,Frente a frente,Four-Way Intersection,Interseccion de 4 direcciones,Sobre calle,Ninguna,Oscuro con iluminacion,Nieve,No,NO APLICA,2,41,2,45,1,27/03/2022,3
39,Ohio,390183,0,0,1,0,35,CUYAHOGA (35),1680,CLEVELAND,3,Marzo,26,2022,2,29,CR-41 SUPERIOR RD,4,Calle del Condado,Urbano,Arteria Menor,County Highway Agency,0,Sin jurisdiccion especial,0,41.50718333,-81.56152778,Arbol,El primer evento no fue una colision con un vehiculo automotor en transporte,Not an Intersection,No fue interseccion,Sobre el lado de la calle,Ninguna,Oscuro con iluminacion,Despejado,No,NO APLICA,2,33,2,40,1,26/03/2022,1
39,Ohio,390184,0,0,1,0,133,PORTAGE (133),7875,STREETSBORO,3,Marzo,27,2022,12,12,MONDIAL PK,6,Calle Local Municipalidad,Urbano,Local,City or Municipal Highway Agency,0,Sin jurisdiccion especial,0,41.24959167,-81.36508611,Arbol,El primer evento no fue una colision con un vehiculo automotor en transporte,Not an Intersection,No fue interseccion,Sobre el lado de la calle,Ninguna,Dia total,Nieve,No,NO APLICA,12,14,12,24,1,27/03/2022,2
39,Ohio,390185,0,0,1,0,41,DELAWARE (41),0,NO APLICA,3,Marzo,19,2022,4,45,CR-16 CONDIT RD,4,Calle del Condado,Rural,Local,County Highway Agency,0,Sin jurisdiccion especial,0,40.28964444,-82.75345,Buzon de correo,El primer evento no fue una colision con un vehiculo automotor en transporte,Not an Intersection,No fue interseccion,Sobre el lado de la calle,Ninguna,Oscuro sin iluminacion,Nublado,No,NO APLICA,7,13,7,26,1,19/03/2022,1
39,Ohio,390186,1,1,1,0,153,SUMMIT (153),8000,TALLMADGE,3,Marzo,22,2022,21,0,CR-630 EAST AV,4,Calle del Condado,Urbano,Arteria Menor,County Highway Agency,0,Sin jurisdiccion especial,0,41.10044722,-81.39311111,Peaton,El primer evento no fue una colision con un vehiculo automotor en transporte,Not an Intersection,No fue interseccion,Sobre calle,Ninguna,Oscuro sin iluminacion,lluvia,No,NO APLICA,21,6,21,12,1,22/03/2022,1
39,Ohio,390187,0,0,2,0,29,COLUMBIANA (29),0,NO APLICA,3,Marzo,20,2022,15,51,CR-425 EAST LIVERPOOL RD,4,Calle del Condado,Rural,Colector Mayor,County Highway Agency,0,Sin jurisdiccion especial,0,40.70133889,-80.66518333,Vehiculo en movimiento,Frente a frente,Not an Intersection,No fue interseccion,Sobre calle,Ninguna,Dia total,Nublado,No,NO APLICA,15,46,15,51,1,20/03/2022,3
39,Ohio,390188,0,0,2,1,113,MONTGOMERY (113),0,NO APLICA,3,Marzo,29,2022,19,40,SR-48 N MAIN ST,3,Highway estatal,Urbano,Arteria Principal,State Highway Agency,1,Sin jurisdiccion especial,168,39.81010833,-84.2256,Poste o otros soportes,El primer evento no fue una colision con un vehiculo automotor en transporte,Not an Intersection,No fue interseccion,Sobre el lado de la calle,Ninguna,Atardecer,Despejado,No,NO APLICA,20,1,20,8,1,29/03/2022,3
39,Ohio,390189,0,0,2,0,113,MONTGOMERY (113),8180,TROTWOOD,3,Marzo,29,2022,8,32,CR-26 SHILOH SPRINGS RD,4,Calle del Condado,Urbano,Arteria Menor,County Highway Agency,0,Sin jurisdiccion especial,0,39.81964444,-84.26253611,Vehiculo en movimiento,Frente a frente,Not an Intersection,No fue interseccion,Sobre calle,Ninguna,Dia total,Despejado,No,NO APLICA,8,32,8,37,1,29/03/2022,3
39,Ohio,390190,0,0,1,0,141,ROSS (141),0,NO APLICA,3,Marzo,2,2022,19,13,TR-117 MAPLE GROVE RD,5,Calle Local - Pueblo,Urbano,Local,Town or Township Highway Agency,0,Sin jurisdiccion especial,0,39.37709444,-83.10227222,Zanja,El primer evento no fue una colision con un vehiculo automotor en transporte,Not an Intersection,No fue interseccion,Sobre el lado de la calle,Ninguna,Oscuro sin iluminacion,lluvia,No,NO APLICA,19,22,19,31,1,02/03/2022,1
39,Ohio,390191,1,1,1,0,169,WAYNE (169),8870,WEST SALEM,3,Marzo,17,2022,5,50,US-42 W BUCKEYE ST,2,US Highway,Rural,Colector Mayor,State Highway Agency,0,Sin jurisdiccion especial,64,40.97255,-82.10963333,Peaton,El primer evento no fue una colision con un vehiculo automotor en transporte,Four-Way Intersection,Interseccion de 4 direcciones,Sobre calle,Ninguna,Oscuro con iluminacion,Despejado,No,NO APLICA,99,99,99,99,1,17/03/2022,2