Estado,Nombre de Estado,Numero de Caso,Peatones,Personas _no_vehiculos,Vehiculos automotores,Vehiculos estacionados,Condado,Nombre Condado,Ciudad,Nombre Ciudad,Mes,Nombre Mes,Dia,Año,Hora,Minuto,Calle,Ruta,Nombre Ruta,Rural o Urbanoo,Sistema Funcional,Dueño Calle,Sistema Nacional Carreteras,Jurisdiccion Especial,Milla,Latitud,Longitud,Causa del Accidente,Tipo de Accidente,Tipo Interseccion,Columna1,Lugar en la calle,Zona de Trabajo,Luz,Clima,Autobus Escolar,Cruce de Trenes,Hora Notificacion,Minuto Notificacion,Hora Llegada,Minuto Llegada,Decesos,Fecha,PersonaVehiculo
39,Ohio,390193,0,0,1,0,49,FRANKLIN (49),1800,COLUMBUS,3,Marzo,31,2022,14,7,US-23 HIGH ST,2,US Highway,Urbano,Arteria Principal,State Highway Agency,1,Sin jurisdiccion especial,63,39.89253333,-82.99641389,Poste,El primer evento no fue una colision con un vehiculo automotor en transporte,Four-Way Intersection,Interseccion de 4 direcciones,Sobre el lado de la calle,Ninguna,Dia total,Nublado,No,NO APLICA,14,8,14,13,1,31/03/2022,1
39,Ohio,390194,0,0,2,0,95,LUCAS (95),8120,TOLEDO,4,Abril,2,2022,2,6,CR-511 FRANKLIN AVE,4,Calle del Condado,Urbano,Colector Mayor,County Highway Agency,0,Sin jurisdiccion especial,0,41.66051944,-83.54531944,Vehiculo en movimiento,Angulo,Four-Way Intersection,Interseccion de 4 direcciones,Sobre calle,Ninguna,Oscuro con iluminacion,Despejado,No,NO APLICA,2,9,2,20,1,02/04/2022,2
39,Ohio,390195,0,0,1,0,131,PIKE (131),0,NO APLICA,3,Marzo,25,2022,1,35,CR-37 BUCHANAN RD,4,Calle del Condado,Rural,Local,County Highway Agency,0,Sin jurisdiccion especial,0,39.15098889,-83.11975833,Culvert,El primer evento no fue una colision con un vehiculo automotor en transporte,Not an Intersection,No fue interseccion,Sobre el lado de la calle,Ninguna,Oscuro sin iluminacion,Despejado,No,NO APLICA,1,43,1,55,1,25/03/2022,1
39,Ohio,390196,0,0,2,0,133,PORTAGE (133),0,NO APLICA,3,Marzo,27,2022,10,3,SR-44 PAINESVILLE RAVENNA RD,3,Highway estatal,Rural,Arteria Menor,State Highway Agency,0,Sin jurisdiccion especial,202,41.255425,-81.23103333,Vehiculo en movimiento,Frente a frente,Not an Intersection,No fue interseccion,Sobre calle,Ninguna,Dia total,Nieve,No,NO APLICA,10,13,10,26,1,27/03/2022,7
39,Ohio,390197,2,2,1,0,133,PORTAGE (133),0,NO APLICA,3,Marzo,18,2022,2,37,I-76,1,Interestatal,Rural,Interestatal,State Highway Agency,1,Sin jurisdiccion especial,3,41.105925,-81.14961667,Peaton,El primer evento no fue una colision con un vehiculo automotor en transporte,Not an Intersection,No fue interseccion,Sobre calle,Ninguna,Oscuro sin iluminacion,Nublado,No,NO APLICA,99,99,99,99,2,18/03/2022,1
39,Ohio,390198,0,0,1,0,153,SUMMIT (153),70,AKRON,3,Marzo,3,2022,19,12,THORNTON ST,6,Calle Local Municipalidad,Urbano,Local,City or Municipal Highway Agency,0,Sin jurisdiccion especial,0,41.06585556,-81.53892778,Banqueta,El primer evento no fue una colision con un vehiculo automotor en transporte,Not an Intersection,No fue interseccion,Sobre el lado de la calle,Ninguna,Oscuro con iluminacion,Despejado,No,NO APLICA,19,14,19,20,1,03/03/2022,1
39,Ohio,390199,0,0,1,0,93,LORAIN (93),1007,BRIGHTON,3,Marzo,15,2022,14,48,TR-34 GORE ORPHANAGE RD,5,Calle Local - Pueblo,Rural,Local,Town or Township Highway Agency,0,Sin jurisdiccion especial,0,41.14744722,-82.331825,Zanja,El primer evento no fue una colision con un vehiculo automotor en transporte,Not an Intersection,No fue interseccion,Sobre el lado de la calle,Ninguna,Dia total,Nublado,No,NO APLICA,14,49,14,59,1,15/03/2022,1
39,Ohio,390200,0,0,2,0,107,MERCER (107),0,NO APLICA,1,Enero,6,2022,6,49,SR-29,3,Highway estatal,Rural,Arteria Principal,State Highway Agency,0,Sin jurisdiccion especial,183,40.55735,-84.46523611,Vehiculo en movimiento,Frente a Detrás,Four-Way Intersection,Interseccion de 4 direcciones,Sobre calle,Ninguna,Oscuro sin iluminacion,Despejado,No,NO APLICA,6,50,7,20,1,06/01/2022,2
39,Ohio,390201,0,0,1,0,153,SUMMIT (153),3139,GREEN,1,Enero,2,2022,4,45,CR-15 ARLINGTON RIDGE RD,4,Calle del Condado,Urbano,Arteria Menor,County Highway Agency,0,Sin jurisdiccion especial,0,40.98468333,-81.49659167,Barda,El primer evento no fue una colision con un vehiculo automotor en transporte,Not an Intersection,No fue interseccion,Sobre el lado de la calle,Ninguna,Oscuro con iluminacion,Nublado,No,NO APLICA,13,6,13,11,1,02/01/2022,1
39,Ohio,390202,0,0,1,0,61,HAMILTON (61),0,NO APLICA,3,Marzo,12,2022,22,43,CR-142 NORTH BEND RD,4,Calle del Condado,Urbano,Arteria Principal,County Highway Agency,0,Sin jurisdiccion especial,0,39.20183889,-84.52906111,Poste,El primer evento no fue una colision con un vehiculo automotor en transporte,Not an Intersection,No fue interseccion,Sobre el lado de la calle,Ninguna,Oscuro sin iluminacion,Despejado,No,NO APLICA,22,43,22,49,1,12/03/2022,2
39,Ohio,390203,1,1,1,0,99,MAHONING (99),9230,YOUNGSTOWN,1,Enero,20,2022,18,54,SR-170,3,Highway estatal,Urbano,Arteria Menor,State Highway Agency,0,Sin jurisdiccion especial,138,41.06101944,-80.64091111,Peaton,El primer evento no fue una colision con un vehiculo automotor en transporte,Not an Intersection,No fue interseccion,Sobre calle,Ninguna,Oscuro con iluminacion,Despejado,No,NO APLICA,3,24,3,29,1,20/01/2022,1
39,Ohio,390204,0,0,2,0,117,MORROW (117),0,NO APLICA,3,Marzo,28,2022,18,2,I-71,1,Interestatal,Rural,Interestatal,State Highway Agency,1,Sin jurisdiccion especial,173,40.54270556,-82.65939722,Vehiculo en movimiento,Frente a Detrás,Not an Intersection,No fue interseccion,Sobre calle,Ninguna,Dia total,Despejado,No,NO APLICA,18,0,18,2,1,28/03/2022,2
39,Ohio,390205,0,0,2,0,103,MEDINA (103),0,NO APLICA,3,Marzo,29,2022,8,15,SR-57 Spieth Rd,3,Highway estatal,Rural,Colector Mayor,State Highway Agency,0,Sin jurisdiccion especial,179,41.18083056,-81.92889722,Vehiculo en movimiento,Frente a Detrás,Not an Intersection,No fue interseccion,Sobre calle,Ninguna,Dia total,Despejado,No,NO APLICA,8,12,8,31,1,29/03/2022,3
39,Ohio,390206,0,0,2,0,51,FULTON (51),0,NO APLICA,3,Marzo,26,2022,23,47,CR-14,4,Calle del Condado,Rural,Colector Mayor,County Highway Agency,0,Sin jurisdiccion especial,0,41.588125,-84.13443056,Vehiculo en movimiento,Angulo,Four-Way Intersection,Interseccion de 4 direcciones,Sobre calle,Ninguna,Oscuro sin iluminacion,Despejado,No,NO APLICA,23,53,0,1,5,26/03/2022,6
39,Ohio,390207,0,0,1,0,93,LORAIN (93),0,NO APLICA,3,Marzo,26,2022,22,49,CR-26 INDIAN HOLLOW RD,4,Calle del Condado,Rural,Local,County Highway Agency,0,Sin jurisdiccion especial,0,41.31263056,-82.09016111,Otro objeto (fijo),El primer evento no fue una colision con un vehiculo automotor en transporte,Not an Intersection,No fue interseccion,Sobre el lado de la calle,Ninguna,Oscuro sin iluminacion,Granizo,No,NO APLICA,22,50,22,57,1,26/03/2022,1
39,Ohio,390208,0,0,3,0,41,DELAWARE (41),9997,Other,4,Abril,8,2022,18,44,I-71,1,Interestatal,Urbano,Interestatal,State Highway Agency,1,Sin jurisdiccion especial,4,40.142,-82.9708,Vehiculo en movimiento,Frente a Detrás,Not an Intersection,No fue interseccion,Sobre calle,Ninguna,Dia total,Nublado,No,NO APLICA,18,50,19,3,1,08/04/2022,6
39,Ohio,390209,1,1,1,0,63,HANCOCK (63),0,NO APLICA,3,Marzo,31,2022,2,32,I-75,1,Interestatal,Rural,Interestatal,State Highway Agency,1,Sin jurisdiccion especial,10,40.89403056,-83.86533611,Peaton,El primer evento no fue una colision con un vehiculo automotor en transporte,Not an Intersection,No fue interseccion,Sobre calle,Ninguna,Oscuro sin iluminacion,Despejado,No,NO APLICA,99,98,99,98,1,31/03/2022,3
39,Ohio,390210,1,1,1,0,153,SUMMIT (153),0,NO APLICA,3,Marzo,25,2022,20,17,US-224 E WATERLOO RD,2,US Highway,Urbano,Arteria Principal,State Highway Agency,1,Sin jurisdiccion especial,134,41.03520833,-81.44206667,Ciclista,El primer evento no fue una colision con un vehiculo automotor en transporte,Four-Way Intersection,Interseccion de 4 direcciones,Sobre calle,Ninguna,Oscuro con iluminacion,lluvia,No,NO APLICA,20,17,20,17,1,25/03/2022,1
39,Ohio,390211,0,0,1,0,59,GUERNSEY (59),0,NO APLICA,4,Abril,1,2022,12,5,I-77 VIETNAM VETS MEM HWY,1,Interestatal,Rural,Interestatal,State Highway Agency,1,Sin jurisdiccion especial,226,40.20673611,-81.55631111,Acotamiento,El primer evento no fue una colision con un vehiculo automotor en transporte,Not an Intersection,No fue interseccion,Sobre el lado de la calle,Ninguna,Dia total,Nieve,No,NO APLICA,12,5,12,25,1,01/04/2022,3
39,Ohio,390212,0,0,3,0,93,LORAIN (93),0,NO APLICA,3,Marzo,29,2022,0,55,CR-53 W RIDGE RD,4,Calle del Condado,Urbano,Arteria Menor,County Highway Agency,0,Sin jurisdiccion especial,0,41.40386111,-82.16456667,Vehiculo en movimiento,Frente a Detrás,T-Intersection,Interseccion de T,Sobre calle,Ninguna,Oscuro sin iluminacion,Despejado,No,NO APLICA,1,7,1,11,1,29/03/2022,5
39,Ohio,390213,0,0,1,0,143,SANDUSKY (143),2760,FREMONT,2,Febrero,27,2022,1,23,SOUTH  ST,6,Calle Local Municipalidad,Urbano,Local,City or Municipal Highway Agency,0,Sin jurisdiccion especial,0,41.33934444,-83.1286,Acotamiento,El primer evento no fue una colision con un vehiculo automotor en transporte,Not an Intersection,No fue interseccion,Sobre el lado de la calle,Ninguna,Oscuro con iluminacion,Despejado,No,NO APLICA,1,26,1,33,1,27/02/2022,2
39,Ohio,390214,1,1,1,0,23,CLARK (23),7800,SPRINGFIELD,4,Abril,5,2022,14,31,CR-502 BELMONT AV,4,Calle del Condado,Urbano,Arteria Menor,County Highway Agency,0,Sin jurisdiccion especial,0,39.92191389,-83.77978333,Peaton,El primer evento no fue una colision con un vehiculo automotor en transporte,Not an Intersection,No fue interseccion,Sobre calle,Ninguna,Dia total,lluvia,No,NO APLICA,14,34,14,36,1,05/04/2022,1
39,Ohio,390215,0,0,1,0,35,CUYAHOGA (35),1680,CLEVELAND,3,Marzo,4,2022,17,58,SR-43 MILES AV,3,Highway estatal,Urbano,Arteria Principal,State Highway Agency,1,Sin jurisdiccion especial,137,41.44507222,-81.61450278,Banqueta,El primer evento no fue una colision con un vehiculo automotor en transporte,Not an Intersection,No fue interseccion,Sobre el lado de la calle,Ninguna,Oscuro con iluminacion,Despejado,No,NO APLICA,18,0,18,7,1,04/03/2022,1
39,Ohio,390216,0,0,1,0,41,DELAWARE (41),0,NO APLICA,4,Abril,7,2022,6,57,CR-625 FERMI DR,4,Calle del Condado,Urbano,Arteria Menor,County Highway Agency,0,Sin jurisdiccion especial,0,40.14808056,-82.96751944,Poste o otros soportes,El primer evento no fue una colision con un vehiculo automotor en transporte,Four-Way Intersection,Interseccion de 4 direcciones,Sobre el lado de la calle,Ninguna,Amanecer,No reportado,No,NO APLICA,6,58,7,11,1,07/04/2022,1
39,Ohio,390218,0,0,1,0,151,STARK (151),0,NO APLICA,4,Abril,11,2022,15,34,CR-223 PERRY DR,4,Calle del Condado,Urbano,Arteria Menor,County Highway Agency,0,Sin jurisdiccion especial,0,40.82730278,-81.47303889,Poste de Señal de trafico,El primer evento no fue una colision con un vehiculo automotor en transporte,Not an Intersection,No fue interseccion,Sobre el lado de la calle,Ninguna,Dia total,lluvia,No,NO APLICA,15,37,15,43,1,11/04/2022,2
39,Ohio,390219,0,0,1,0,119,MUSKINGUM (119),0,NO APLICA,4,Abril,5,2022,11,29,CR-616 RAIDERS RD,4,Calle del Condado,Rural,Local,County Highway Agency,0,Sin jurisdiccion especial,0,40.15147222,-82.00129167,Culvert,El primer evento no fue una colision con un vehiculo automotor en transporte,T-Intersection,Interseccion de T,Sobre el lado de la calle,Ninguna,Dia total,Nublado,No,NO APLICA,11,29,11,34,1,05/04/2022,2
39,Ohio,390220,0,0,2,0,97,MADISON (97),0,NO APLICA,4,Abril,2,2022,17,58,US-62,2,US Highway,Rural,Arteria Menor,State Highway Agency,0,Sin jurisdiccion especial,6,39.70456389,-83.27904167,Vehiculo en movimiento,Frente a frente,Not an Intersection,No fue interseccion,Sobre calle,Ninguna,Dia total,Nublado,No,NO APLICA,17,54,17,58,2,02/04/2022,2
39,Ohio,390221,0,0,5,0,173,WOOD (173),0,NO APLICA,4,Abril,3,2022,21,52,I-75,1,Interestatal,Rural,Interestatal,State Highway Agency,1,Sin jurisdiccion especial,59,41.25308611,-83.64871389,Vehiculo en movimiento,Frente a Detrás,Not an Intersection,No fue interseccion,Sobre calle,Ninguna,Oscuro sin iluminacion,Despejado,No,NO APLICA,22,9,22,35,2,03/04/2022,10
39,Ohio,390222,0,0,1,0,135,PREBLE (135),0,NO APLICA,4,Abril,5,2022,7,43,CR-15 EATON LEWISBURG RD,4,Calle del Condado,Rural,Colector Mayor,County Highway Agency,0,Sin jurisdiccion especial,0,39.79613056,-84.59160833,Zanja,El primer evento no fue una colision con un vehiculo automotor en transporte,Not an Intersection,No fue interseccion,Sobre el lado de la calle,Ninguna,Dia total,Despejado,No,NO APLICA,7,44,7,57,1,05/04/2022,1
39,Ohio,390223,0,0,2,0,171,WILLIAMS (171),0,NO APLICA,4,Abril,7,2022,13,28,CR-13,4,Calle del Condado,Rural,Local,County Highway Agency,0,Sin jurisdiccion especial,0,41.67997778,-84.57273611,Vehiculo en movimiento,Angulo,Four-Way Intersection,Interseccion de 4 direcciones,Sobre calle,Ninguna,Dia total,Nublado,No,NO APLICA,13,29,13,34,1,07/04/2022,2
39,Ohio,390224,0,0,1,0,173,WOOD (173),0,NO APLICA,4,Abril,5,2022,23,37,TR-92 DUNBRIDGE RD,5,Calle Local - Pueblo,Rural,Colector Menor,Town or Township Highway Agency,0,Sin jurisdiccion especial,0,41.45645278,-83.60975833,Otro objeto (fijo),El primer evento no fue una colision con un vehiculo automotor en transporte,Not an Intersection,No fue interseccion,Sobre el lado de la calle,Ninguna,Oscuro con iluminacion,Despejado,No,513627E,23,38,23,44,1,05/04/2022,1
39,Ohio,390225,0,0,2,0,37,DARKE (37),0,NO APLICA,4,Abril,6,2022,21,28,SR-49 WASHINGTON AV,3,Highway estatal,Rural,Colector Mayor,State Highway Agency,0,Sin jurisdiccion especial,201,40.13592222,-84.65585,Vehiculo en movimiento,Frente a frente,Four-Way Intersection,Interseccion de 4 direcciones,Sobre calle,Ninguna,Oscuro sin iluminacion,Despejado,No,NO APLICA,21,30,21,38,1,06/04/2022,2
39,Ohio,390226,0,0,1,0,49,FRANKLIN (49),1800,COLUMBUS,4,Abril,8,2022,1,38,I-270 JACK NICKLAUS FWY,1,Interestatal,Urbano,Interestatal,State Highway Agency,1,Sin jurisdiccion especial,307,40.08133611,-82.90705833,Soporte de Puente,El primer evento no fue una colision con un vehiculo automotor en transporte,Not an Intersection,No fue interseccion,En el medio,Ninguna,Oscuro con iluminacion,Despejado,No,NO APLICA,1,39,1,45,1,08/04/2022,1
39,Ohio,390227,0,0,2,0,49,FRANKLIN (49),1800,COLUMBUS,4,Abril,14,2022,17,59,CR-75 CLEVELAND AVE,4,Calle del Condado,Urbano,Arteria Principal,County Highway Agency,1,Sin jurisdiccion especial,0,40.06673889,-82.95243889,Vehiculo en movimiento,Angulo,T-Intersection,Interseccion de T,Sobre calle,Ninguna,Dia total,Nublado,No,NO APLICA,18,1,18,4,1,14/04/2022,2
39,Ohio,390228,0,0,2,0,95,LUCAS (95),8120,TOLEDO,4,Abril,15,2022,23,24,CR-22 BANCROFT ST,4,Calle del Condado,Urbano,Arteria Menor,County Highway Agency,0,Sin jurisdiccion especial,0,41.66374167,-83.56350833,Vehiculo en movimiento,Frente a frente,Not an Intersection,No fue interseccion,Sobre calle,Ninguna,Oscuro con iluminacion,lluvia,No,NO APLICA,23,28,23,33,1,15/04/2022,2
39,Ohio,390229,0,0,2,0,17,BUTLER (17),0,NO APLICA,4,Abril,12,2022,15,45,TR-3226 CIVIC CENTRE BLVD,5,Calle Local - Pueblo,Urbano,Local,Town or Township Highway Agency,0,Sin jurisdiccion especial,0,39.31978611,-84.42292778,Vehiculo en movimiento,Angulo,T-Intersection,Interseccion de T,Sobre calle,Ninguna,Dia total,Nublado,No,NO APLICA,15,46,15,51,1,12/04/2022,2
39,Ohio,390230,0,0,2,0,87,LAWRENCE (87),0,NO APLICA,4,Abril,6,2022,12,58,SR-7,3,Highway estatal,Urbano,Arteria Menor,State Highway Agency,0,Sin jurisdiccion especial,51,38.44305556,-82.40444444,Vehiculo en movimiento,Frente a frente,Not an Intersection,No fue interseccion,Sobre calle,Ninguna,Dia total,lluvia,No,NO APLICA,12,56,13,7,2,06/04/2022,3
39,Ohio,390232,2,2,1,0,127,PERRY (127),1890,CORNING,4,Abril,10,2022,20,49,SR-13,3,Highway estatal,Rural,Arteria Menor,State Highway Agency,0,Sin jurisdiccion especial,39,39.60389167,-82.08759444,Peaton,El primer evento no fue una colision con un vehiculo automotor en transporte,Not an Intersection,No fue interseccion,Sobre calle,Ninguna,Oscuro sin iluminacion,Despejado,No,NO APLICA,20,38,20,48,1,10/04/2022,1
39,Ohio,390233,0,0,2,0,37,DARKE (37),0,NO APLICA,4,Abril,19,2022,13,26,SR-47,3,Highway estatal,Rural,Colector Mayor,State Highway Agency,0,Sin jurisdiccion especial,161,40.22441667,-84.53249167,Vehiculo en movimiento,Frente a frente,Not an Intersection,No fue interseccion,Sobre calle,Ninguna,Dia total,Despejado,No,NO APLICA,13,27,13,35,1,19/04/2022,2
39,Ohio,390234,0,0,2,0,149,SHELBY (149),0,NO APLICA,4,Abril,13,2022,15,7,CR-25A,4,Calle del Condado,Rural,Colector Mayor,County Highway Agency,0,Sin jurisdiccion especial,0,40.34972222,-84.16801389,Vehiculo en movimiento,Frente a frente,Not an Intersection,No fue interseccion,Sobre calle,Ninguna,Dia total,lluvia,No,NO APLICA,15,11,15,16,1,13/04/2022,2
39,Ohio,390235,0,0,2,0,61,HAMILTON (61),1610,CINCINNATI,4,Abril,10,2022,14,38,CR-603 CENTER HILL AV,4,Calle del Condado,Urbano,Arteria Menor,County Highway Agency,0,Sin jurisdiccion especial,0,39.19159167,-84.50038889,Vehiculo en movimiento,Frente a frente,Not an Intersection,No fue interseccion,Sobre calle,Ninguna,Dia total,Despejado,No,NO APLICA,14,40,14,46,1,10/04/2022,2
39,Ohio,390236,0,0,2,0,151,STARK (151),1320,CANTON,4,Abril,16,2022,20,53,TR-209 MAPLE AVE NE AV,5,Calle Local - Pueblo,Urbano,Colector Mayor,Town or Township Highway Agency,0,Sin jurisdiccion especial,0,40.81222778,-81.354375,Vehiculo en movimiento,Frente a Detrás,T-Intersection,Interseccion de T,Sobre calle,Ninguna,Oscuro con iluminacion,Nublado,No,NO APLICA,20,54,20,57,1,16/04/2022,2
39,Ohio,390237,0,0,2,0,61,HAMILTON (61),1610,CINCINNATI,4,Abril,11,2022,22,9,I-71 NORTHEAST EXPY,1,Interestatal,Rural,Interestatal,State Highway Agency,1,Sin jurisdiccion especial,36,39.13210556,-84.49491111,Vehiculo en movimiento,Frente a frente,Not an Intersection,No fue interseccion,Sobre calle,Ninguna,Oscuro con iluminacion,lluvia,No,NO APLICA,22,9,22,17,1,11/04/2022,2
39,Ohio,390238,0,0,1,0,49,FRANKLIN (49),1800,COLUMBUS,4,Abril,20,2022,22,55,CR-29 SCIOTO DARBY CREEK RD,4,Calle del Condado,Urbano,Colector Mayor,County Highway Agency,0,Sin jurisdiccion especial,0,40.01071944,-83.11818611,Poste,El primer evento no fue una colision con un vehiculo automotor en transporte,Not an Intersection,No fue interseccion,Sobre el lado de la calle,Ninguna,Oscuro con iluminacion,Despejado,No,NO APLICA,22,45,22,53,1,20/04/2022,1
39,Ohio,390240,0,0,2,0,169,WAYNE (169),0,NO APLICA,4,Abril,12,2022,15,38,CR-225 CRISWELL RD,4,Calle del Condado,Rural,Colector Menor,County Highway Agency,0,Sin jurisdiccion especial,0,40.67565833,-81.81774167,Vehiculo en movimiento,Angulo,Four-Way Intersection,Interseccion de 4 direcciones,Sobre calle,Ninguna,Dia total,Nublado,No,NO APLICA,15,37,15,42,2,12/04/2022,6
39,Ohio,390241,2,2,4,3,169,WAYNE (169),0,NO APLICA,4,Abril,11,2022,15,59,I-71,1,Interestatal,Rural,Interestatal,State Highway Agency,1,Sin jurisdiccion especial,3,40.92566111,-82.12458889,Vehiculo Aparcado,El primer evento no fue una colision con un vehiculo automotor en transporte,Not an Intersection,No fue interseccion,Sobre calle,Ninguna,Dia total,lluvia,No,NO APLICA,16,11,16,17,1,11/04/2022,1
39,Ohio,390242,0,0,1,0,13,BELMONT (13),0,NO APLICA,4,Abril,13,2022,18,30,SR-800 SOMERTON HWY,3,Highway estatal,Rural,Arteria Menor,State Highway Agency,0,Sin jurisdiccion especial,71,39.94875,-81.16985278,Volcadura,El primer evento no fue una colision con un vehiculo automotor en transporte,Not an Intersection,No fue interseccion,Sobre calle,Ninguna,Dia total,Nublado,No,NO APLICA,23,30,23,40,1,13/04/2022,2
39,Ohio,390243,0,0,1,0,3,ALLEN (3),0,NO APLICA,4,Abril,10,2022,6,10,I-75,1,Interestatal,Urbano,Interestatal,State Highway Agency,1,Sin jurisdiccion especial,94,40.76599167,-84.07503056,Culvert,El primer evento no fue una colision con un vehiculo automotor en transporte,Not an Intersection,No fue interseccion,En el medio,Ninguna,Oscuro sin iluminacion,Despejado,No,NO APLICA,6,14,6,15,1,10/04/2022,4
39,Ohio,390244,0,0,1,0,151,STARK (151),0,NO APLICA,4,Abril,8,2022,6,44,SR-172,3,Highway estatal,Urbano,Arteria Principal,State Highway Agency,0,Sin jurisdiccion especial,25,40.79811667,-81.60042778,Banqueta,El primer evento no fue una colision con un vehiculo automotor en transporte,Not an Intersection,No fue interseccion,Sobre el lado de la calle,Ninguna,Oscuro sin iluminacion,Despejado,No,NO APLICA,6,44,6,53,1,08/04/2022,1
39,Ohio,390245,0,0,1,0,57,GREENE (57),0,NO APLICA,4,Abril,12,2022,11,2,SR-235,3,Highway estatal,Urbano,Arteria Menor,State Highway Agency,0,Sin jurisdiccion especial,56,39.81220278,-83.98171667,Volcadura,El primer evento no fue una colision con un vehiculo automotor en transporte,Not an Intersection,No fue interseccion,Sobre el lado de la calle,Ninguna,Dia total,Despejado,No,NO APLICA,11,3,11,12,1,12/04/2022,1
39,Ohio,390247,0,0,2,0,17,BUTLER (17),0,NO APLICA,4,Abril,19,2022,16,35,SR-73 TRENTON OXFORD RD,3,Highway estatal,Rural,Arteria Menor,State Highway Agency,0,Sin jurisdiccion especial,138,39.480225,-84.49830556,Vehiculo en movimiento,Angulo,T-Intersection,Interseccion de T,Sobre calle,Ninguna,Dia total,Despejado,No,NO APLICA,16,40,16,46,1,19/04/2022,9
39,Ohio,390248,0,0,2,0,69,HENRY (69),0,NO APLICA,4,Abril,12,2022,9,44,US-6,2,US Highway,Rural,Arteria Principal,State Highway Agency,1,Sin jurisdiccion especial,2,41.44211944,-84.33715,Vehiculo en movimiento,Frente a Detrás,Not an Intersection,No fue interseccion,Sobre calle,Ninguna,Dia total,Despejado,No,NO APLICA,9,45,9,56,1,12/04/2022,2
39,Ohio,390249,0,0,1,0,95,LUCAS (95),0,NO APLICA,4,Abril,18,2022,13,8,TR-62 COREY  RD,5,Calle Local - Pueblo,Urbano,Local,Town or Township Highway Agency,0,Sin jurisdiccion especial,0,41.69465556,-83.66718611,Poste o otros soportes,El primer evento no fue una colision con un vehiculo automotor en transporte,Not an Intersection,No fue interseccion,Sobre el lado de la calle,Ninguna,Dia total,Nieve,No,NO APLICA,13,13,13,17,1,18/04/2022,1
39,Ohio,390250,1,1,1,0,17,BUTLER (17),0,NO APLICA,1,Enero,8,2022,18,39,CR-19 CINCINNATI DAYTON RD,4,Calle del Condado,Urbano,Arteria Menor,County Highway Agency,0,Sin jurisdiccion especial,0,39.34748611,-84.39544722,Peaton,El primer evento no fue una colision con un vehiculo automotor en transporte,Not an Intersection,No fue interseccion,Sobre calle,Ninguna,Oscuro con iluminacion,lluvia,No,NO APLICA,18,40,18,46,1,08/01/2022,1
39,Ohio,390251,0,0,2,0,87,LAWRENCE (87),0,NO APLICA,4,Abril,14,2022,20,12,SR-243,3,Highway estatal,Rural,Colector Mayor,State Highway Agency,0,Sin jurisdiccion especial,26,38.49893333,-82.61362222,Volcadura,El primer evento no fue una colision con un vehiculo automotor en transporte,Not an Intersection,No fue interseccion,Sobre calle,Ninguna,Atardecer,Despejado,No,NO APLICA,20,16,20,21,1,14/04/2022,4
39,Ohio,390252,0,0,2,0,165,WARREN (165),2710,FRANKLIN,4,Abril,7,2022,23,23,I-75,1,Interestatal,Urbano,Interestatal,State Highway Agency,1,Sin jurisdiccion especial,6,39.56544444,-84.26618611,Vehiculo en movimiento,Frente a Detrás,Not an Intersection,No fue interseccion,Sobre calle,Ninguna,Oscuro sin iluminacion,Despejado,No,NO APLICA,23,35,23,44,1,07/04/2022,6
39,Ohio,390253,0,0,4,2,35,CUYAHOGA (35),4040,LAKEWOOD,4,Abril,23,2022,1,34,US-6 CLIFTON BL,2,US Highway,Urbano,Arteria Principal,State Highway Agency,1,Sin jurisdiccion especial,106,41.48908056,-81.77536944,Vehiculo en movimiento,Angulo,Four-Way Intersection,Interseccion de 4 direcciones,Sobre calle,Ninguna,Oscuro con iluminacion,lluvia,No,NO APLICA,1,40,1,50,1,23/04/2022,2
39,Ohio,390254,1,1,2,0,17,BUTLER (17),2535,FAIRFIELD,3,Marzo,5,2022,22,52,SR-4 DIXIE HWY,3,Highway estatal,Urbano,Arteria Principal,State Highway Agency,1,Sin jurisdiccion especial,36,39.33740833,-84.53069167,Peaton,El primer evento no fue una colision con un vehiculo automotor en transporte,Not an Intersection,No fue interseccion,Sobre calle,Ninguna,Oscuro sin iluminacion,Despejado,No,NO APLICA,22,55,22,58,1,05/03/2022,3
39,Ohio,390255,2,2,1,0,61,HAMILTON (61),0,NO APLICA,2,Febrero,6,2022,15,24,NORTHCREST LA,9,Desconocido,Trafficway Not in State Inventory,Via no en inventario estatal,Trafficway Not in State Inventory,0,Sin jurisdiccion especial,0,39.19100833,-84.65613056,No vehiculo o remolque,El primer evento no fue una colision con un vehiculo automotor en transporte,Not an Intersection,No fue interseccion,Sobre calle,Ninguna,Dia total,Despejado,No,NO APLICA,15,24,15,27,1,06/02/2022,1
39,Ohio,390256,0,0,1,0,17,BUTLER (17),3260,HAMILTON,4,Abril,9,2022,0,14,US-127 3RD ST,2,US Highway,Urbano,Arteria Principal,State Highway Agency,0,Sin jurisdiccion especial,74,39.41362222,-84.55270833,Acotamiento,El primer evento no fue una colision con un vehiculo automotor en transporte,Not an Intersection,No fue interseccion,Sobre el lado de la calle,Ninguna,Oscuro sin iluminacion,lluvia,No,NO APLICA,0,16,0,22,1,09/04/2022,1
39,Ohio,390257,0,0,1,0,49,FRANKLIN (49),1800,COLUMBUS,4,Abril,24,2022,19,9,US-40 BROAD ST,2,US Highway,Urbano,Arteria Principal,State Highway Agency,1,Sin jurisdiccion especial,121,39.96123056,-83.00883889,Banqueta,El primer evento no fue una colision con un vehiculo automotor en transporte,Not an Intersection,No fue interseccion,Sobre el lado de la calle,Ninguna,Dia total,Despejado,No,NO APLICA,19,10,19,11,1,24/04/2022,1
39,Ohio,390258,0,1,3,1,35,CUYAHOGA (35),2520,EUCLID,4,Abril,24,2022,19,6,CR-9 ST CLAIR AV,4,Calle del Condado,Urbano,Colector Mayor,County Highway Agency,0,Sin jurisdiccion especial,0,41.58559722,-81.52725278,Banqueta,El primer evento no fue una colision con un vehiculo automotor en transporte,Not an Intersection,No fue interseccion,Sobre el lado de la calle,Ninguna,Dia total,Despejado,No,NO APLICA,19,13,19,26,1,24/04/2022,2