Estado,Nombre de Estado,Numero de Caso,Peatones,Personas _no_vehiculos,Vehiculos automotores,Vehiculos estacionados,Condado,Nombre Condado,Ciudad,Nombre Ciudad,Mes,Nombre Mes,Dia,Año,Hora,Minuto,Calle,Ruta,Nombre Ruta,Rural o Urbanoo,Sistema Funcional,Dueño Calle,Sistema Nacional Carreteras,Jurisdiccion Especial,Milla,Latitud,Longitud,Causa del Accidente,Tipo de Accidente,Tipo Interseccion,Columna1,Lugar en la calle,Zona de Trabajo,Luz,Clima,Autobus Escolar,Cruce de Trenes,Hora Notificacion,Minuto Notificacion,Hora Llegada,Minuto Llegada,Decesos,Fecha,PersonaVehiculo
39,Ohio,390259,1,1,1,0,49,FRANKLIN (49),1800,COLUMBUS,4,Abril,22,2022,1,2,LIVINGSTON AVE,6,Calle Local Municipalidad,Urbano,Arteria Menor,City or Municipal Highway Agency,0,Sin jurisdiccion especial,0,39.94638889,-82.90631111,Peaton,El primer evento no fue una colision con un vehiculo automotor en transporte,Not an Intersection,No fue interseccion,Sobre calle,Ninguna,Oscuro con iluminacion,Nublado,No,NO APLICA,1,4,1,6,1,22/04/2022,1
39,Ohio,390260,0,0,3,2,95,LUCAS (95),8120,TOLEDO,4,Abril,27,2022,3,15,CR-22 BANCROFT ST,4,Calle del Condado,Urbano,Arteria Menor,County Highway Agency,0,Sin jurisdiccion especial,0,41.65791111,-83.61421944,Vehiculo Aparcado,El primer evento no fue una colision con un vehiculo automotor en transporte,Not an Intersection,No fue interseccion,En estacionamiento,Ninguna,Oscuro con iluminacion,Despejado,No,NO APLICA,3,19,3,22,1,27/04/2022,1
39,Ohio,390261,0,0,2,0,99,MAHONING (99),0,NO APLICA,4,Abril,15,2022,19,23,SR-46 CANFIELD-NILES RD,3,Highway estatal,Urbano,Arteria Principal,State Highway Agency,0,Sin jurisdiccion especial,163,41.12284167,-80.76821389,Vehiculo en movimiento,Angulo,Four-Way Intersection,Interseccion de 4 direcciones,Sobre calle,Ninguna,Dia total,Nublado,No,NO APLICA,19,25,19,31,1,15/04/2022,2
39,Ohio,390262,0,0,2,0,59,GUERNSEY (59),0,NO APLICA,4,Abril,15,2022,15,35,US-40 PIKE RD,2,US Highway,Urbano,Colector Mayor,State Highway Agency,0,Sin jurisdiccion especial,100,40.02549722,-81.55093333,Vehiculo en movimiento,Angulo,Not an Intersection,No fue interseccion,Sobre calle,Ninguna,Dia total,Nublado,No,NO APLICA,15,36,15,43,1,15/04/2022,2
39,Ohio,390263,0,0,2,0,29,COLUMBIANA (29),0,NO APLICA,4,Abril,13,2022,8,50,SR-45,3,Highway estatal,Rural,Arteria Menor,State Highway Agency,0,Sin jurisdiccion especial,199,40.83113333,-80.80661111,Vehiculo en movimiento,Frente a frente,Not an Intersection,No fue interseccion,Sobre calle,Ninguna,Dia total,Nublado,No,NO APLICA,8,50,8,52,2,13/04/2022,3
39,Ohio,390264,0,0,2,0,109,MIAMI (109),0,NO APLICA,4,Abril,5,2022,10,45,CR-35 WASHINGTON  RD,4,Calle del Condado,Rural,Colector Mayor,County Highway Agency,0,Sin jurisdiccion especial,0,40.0754,-84.26013333,Vehiculo en movimiento,Angulo,Four-Way Intersection,Interseccion de 4 direcciones,Sobre calle,Ninguna,Dia total,Nublado,No,NO APLICA,10,46,10,54,1,05/04/2022,4
39,Ohio,390265,0,0,2,0,5,ASHLAND (5),0,NO APLICA,4,Abril,18,2022,15,20,SR-60,3,Highway estatal,Rural,Arteria Menor,State Highway Agency,0,Sin jurisdiccion especial,138,40.81562222,-82.27710278,Vehiculo en movimiento,Frente a frente,Not an Intersection,No fue interseccion,Sobre calle,Ninguna,Dia total,Nublado,No,NO APLICA,15,21,15,25,1,18/04/2022,3
39,Ohio,390266,0,0,3,0,141,ROSS (141),0,NO APLICA,4,Abril,18,2022,9,49,US-23,2,US Highway,Rural,Arterial Principal -Freeway o ExpressWay,State Highway Agency,1,Sin jurisdiccion especial,95,39.30449167,-82.9418,Valla Ferrocarril,El primer evento no fue una colision con un vehiculo automotor en transporte,Not an Intersection,No fue interseccion,Sobre el lado de la calle,Ninguna,Dia total,lluvia,No,NO APLICA,9,49,10,3,1,18/04/2022,6
39,Ohio,390267,0,0,3,0,159,UNION (159),0,NO APLICA,4,Abril,23,2022,15,50,US-42 PLAIN CITY DELAWARE RD,2,US Highway,Rural,Arteria Principal,State Highway Agency,1,Sin jurisdiccion especial,20,40.13515278,-83.2643,Vehiculo en movimiento,Golpe Lateral - direccion contraria,Not an Intersection,No fue interseccion,Sobre calle,Ninguna,Dia total,Despejado,No,NO APLICA,15,51,15,55,1,23/04/2022,7
39,Ohio,390268,0,0,4,0,35,CUYAHOGA (35),2840,GARFIELD HTS,1,Enero,7,2022,10,46,CR-72 TURNEY RD,4,Calle del Condado,Urbano,Arteria Menor,County Highway Agency,0,Sin jurisdiccion especial,0,41.41983889,-81.60816111,Vehiculo en movimiento,Golpe Lateral - misma direccion,Not an Intersection,No fue interseccion,Sobre calle,Ninguna,Dia total,Nublado,No,NO APLICA,10,46,10,47,2,07/01/2022,4
39,Ohio,390269,0,0,2,0,49,FRANKLIN (49),1800,COLUMBUS,4,Abril,24,2022,13,42,CR-9 OLENTANGY RIVER RD,4,Calle del Condado,Urbano,Arteria Menor,County Highway Agency,0,Sin jurisdiccion especial,0,40.01631944,-83.02295,Vehiculo en movimiento,Angulo,Four-Way Intersection,Interseccion de 4 direcciones,Sobre calle,Ninguna,Dia total,Nublado,No,NO APLICA,13,46,13,49,1,24/04/2022,4
39,Ohio,390270,0,0,2,0,143,SANDUSKY (143),0,NO APLICA,4,Abril,20,2022,19,39,CR-51 NAPOLEON RD,4,Calle del Condado,Rural,Local,County Highway Agency,0,Sin jurisdiccion especial,0,41.34899167,-83.20936111,Vehiculo en movimiento,Angulo,Not an Intersection,No fue interseccion,Sobre calle,Ninguna,Dia total,Despejado,No,NO APLICA,19,40,19,48,1,20/04/2022,3
39,Ohio,390271,1,1,2,1,5,ASHLAND (5),0,NO APLICA,4,Abril,19,2022,23,6,US-42,2,US Highway,Urbano,Arteria Menor,State Highway Agency,0,Sin jurisdiccion especial,6,40.81965,-82.39876667,Peaton,El primer evento no fue una colision con un vehiculo automotor en transporte,Not an Intersection,No fue interseccion,Sobre calle,Ninguna,Oscuro sin iluminacion,Despejado,No,NO APLICA,4,7,4,14,1,19/04/2022,1
39,Ohio,390272,0,0,1,0,131,PIKE (131),0,NO APLICA,4,Abril,22,2022,18,7,CR-13 BELL HOLLOW RD,4,Calle del Condado,Rural,Local,County Highway Agency,0,Sin jurisdiccion especial,0,39.08963611,-83.33525833,Arbol,El primer evento no fue una colision con un vehiculo automotor en transporte,Not an Intersection,No fue interseccion,Sobre el lado de la calle,Ninguna,Dia total,Despejado,No,NO APLICA,99,98,99,98,1,22/04/2022,1
39,Ohio,390273,0,0,2,0,17,BUTLER (17),0,NO APLICA,4,Abril,19,2022,8,53,I-75,1,Interestatal,Urbano,Interestatal,State Highway Agency,1,Sin jurisdiccion especial,98,39.41685,-84.34992778,Vehiculo en movimiento,Frente a Detrás,Not an Intersection,No fue interseccion,Sobre calle,Ninguna,Dia total,Nublado,No,NO APLICA,8,53,9,2,1,19/04/2022,2
39,Ohio,390274,0,0,1,0,155,TRUMBULL (155),0,NO APLICA,4,Abril,22,2022,0,22,SR-5 MAIN ST,3,Highway estatal,Rural,Arteria Menor,State Highway Agency,0,Sin jurisdiccion especial,327,41.46155556,-80.57166667,Poste,El primer evento no fue una colision con un vehiculo automotor en transporte,Not an Intersection,No fue interseccion,Sobre el lado de la calle,Ninguna,Oscuro sin iluminacion,Nublado,No,NO APLICA,99,99,0,39,1,22/04/2022,1
39,Ohio,390275,0,0,6,0,97,MADISON (97),0,NO APLICA,4,Abril,22,2022,20,40,I-70,1,Interestatal,Rural,Interestatal,State Highway Agency,1,Sin jurisdiccion especial,145,39.97540556,-83.26773056,Vehiculo en movimiento,Frente a Detrás,Not an Intersection,No fue interseccion,Sobre calle,"Zona de trabajo, tipo desconocido",Oscuro sin iluminacion,Despejado,No,NO APLICA,20,40,20,47,2,22/04/2022,12
39,Ohio,390276,0,0,1,0,111,MONROE (111),0,NO APLICA,4,Abril,19,2022,17,5,SR-556,3,Highway estatal,Rural,Colector Mayor,State Highway Agency,0,Sin jurisdiccion especial,117,39.78578056,-80.885025,Acotamiento,El primer evento no fue una colision con un vehiculo automotor en transporte,Not an Intersection,No fue interseccion,Sobre el lado de la calle,Ninguna,Dia total,lluvia,No,NO APLICA,17,9,17,38,1,19/04/2022,2
39,Ohio,390277,0,0,1,0,113,MONTGOMERY (113),8710,WEST CARROLLTON,3,Marzo,14,2022,9,39,I-75,1,Interestatal,Urbano,Interestatal,State Highway Agency,1,Sin jurisdiccion especial,51,39.65929444,-84.23612778,Acotamiento,El primer evento no fue una colision con un vehiculo automotor en transporte,Not an Intersection,No fue interseccion,Sobre el lado de la calle,Ninguna,Dia total,Despejado,No,NO APLICA,9,41,9,46,1,14/03/2022,1
39,Ohio,390278,0,0,2,1,109,MIAMI (109),8190,TROY,3,Marzo,28,2022,18,55,CR-704 FRANKLIN ST,4,Calle del Condado,Urbano,Colector Mayor,County Highway Agency,0,Sin jurisdiccion especial,0,40.03895278,-84.20481389,Vehiculo Aparcado,El primer evento no fue una colision con un vehiculo automotor en transporte,Four-Way Intersection,Interseccion de 4 direcciones,En estacionamiento,Ninguna,Dia total,Despejado,No,NO APLICA,18,56,18,57,1,28/03/2022,1
39,Ohio,390279,0,0,3,0,93,LORAIN (93),0,NO APLICA,3,Marzo,25,2022,17,28,SR-113 MILAN ELYRIA RD,3,Highway estatal,Urbano,Arteria Menor,State Highway Agency,0,Sin jurisdiccion especial,47,41.37465,-82.16220833,Vehiculo en movimiento,Angulo,Four-Way Intersection,Interseccion de 4 direcciones,Sobre calle,Ninguna,Dia total,lluvia,No,NO APLICA,17,27,17,27,1,25/03/2022,7
39,Ohio,390280,0,0,2,0,93,LORAIN (93),7480,SHEFFIELD,4,Abril,19,2022,7,40,SR-301 ABBE RD,3,Highway estatal,Urbano,Arteria Menor,State Highway Agency,0,Sin jurisdiccion especial,247,41.46021944,-82.07627778,Vehiculo en movimiento,Angulo,T-Intersection,Interseccion de T,Sobre calle,Ninguna,Dia total,Nieve,No,NO APLICA,7,41,7,52,1,19/04/2022,3
39,Ohio,390281,0,0,2,0,161,VAN WERT (161),0,NO APLICA,4,Abril,20,2022,15,54,US-30,2,US Highway,Urbano,Arteria Principal,State Highway Agency,1,Sin jurisdiccion especial,3,40.88636667,-84.59110833,Vehiculo en movimiento,Angulo,Four-Way Intersection,Interseccion de 4 direcciones,Sobre calle,Ninguna,Dia total,Nublado,No,NO APLICA,15,55,16,1,1,20/04/2022,2
39,Ohio,390282,0,0,3,0,35,CUYAHOGA (35),1680,CLEVELAND,4,Abril,6,2022,21,22,US-42 PEARL RD,2,US Highway,Urbano,Arteria Principal,State Highway Agency,1,Sin jurisdiccion especial,144,41.44303889,-81.70399167,Otra barrera de trafico,El primer evento no fue una colision con un vehiculo automotor en transporte,Not an Intersection,No fue interseccion,En el medio,Ninguna,Oscuro con iluminacion,lluvia,No,NO APLICA,21,32,21,38,1,06/04/2022,5
39,Ohio,390283,0,0,2,0,35,CUYAHOGA (35),1680,CLEVELAND,4,Abril,10,2022,6,55,CR-390 78TH ST,4,Calle del Condado,Urbano,Arteria Menor,County Highway Agency,0,Sin jurisdiccion especial,0,41.46343056,-81.63331389,Vehiculo en movimiento,Angulo,Four-Way Intersection,Interseccion de 4 direcciones,Sobre calle,Ninguna,Amanecer,Nublado,No,NO APLICA,7,3,7,9,1,10/04/2022,2
39,Ohio,390284,0,0,2,0,85,LAKE (85),0,NO APLICA,4,Abril,22,2022,8,17,CR-117 PERRY PARK RD,4,Calle del Condado,Urbano,Local,County Highway Agency,0,Sin jurisdiccion especial,0,41.78975833,-81.16386111,Vehiculo en movimiento,Golpe Lateral - misma direccion,Not an Intersection,No fue interseccion,Sobre calle,Ninguna,Dia total,Despejado,No,NO APLICA,8,17,8,24,1,22/04/2022,1
39,Ohio,390285,0,0,1,0,35,CUYAHOGA (35),1050,BROOK PARK,4,Abril,23,2022,18,57,I-71,1,Interestatal,Urbano,Interestatal,State Highway Agency,1,Sin jurisdiccion especial,5,41.41985556,-81.81546944,Valla Ferrocarril,El primer evento no fue una colision con un vehiculo automotor en transporte,Not an Intersection,No fue interseccion,Sobre el lado de la calle,Ninguna,Dia total,Despejado,No,NO APLICA,18,58,19,3,1,23/04/2022,1
39,Ohio,390286,0,0,2,0,49,FRANKLIN (49),1800,COLUMBUS,4,Abril,29,2022,21,17,SR-16 BROAD ST,3,Highway estatal,Urbano,Arteria Principal,State Highway Agency,1,Sin jurisdiccion especial,98,39.98200278,-82.82056389,Vehiculo en movimiento,Angulo,Four-Way Intersection,Interseccion de 4 direcciones,Sobre calle,Ninguna,Oscuro con iluminacion,Despejado,No,NO APLICA,21,19,21,22,1,29/04/2022,5
39,Ohio,390287,0,0,2,0,61,HAMILTON (61),1610,CINCINNATI,3,Marzo,19,2022,5,17,CR-142 NORTH BEND RD,4,Calle del Condado,Urbano,Arteria Principal,County Highway Agency,0,Sin jurisdiccion especial,0,39.19631111,-84.56611111,Vehiculo en movimiento,Frente a frente,Not an Intersection,No fue interseccion,Sobre calle,Ninguna,Oscuro con iluminacion,Nublado,No,NO APLICA,5,22,5,27,1,19/03/2022,4
39,Ohio,390288,0,0,1,0,31,COSHOCTON (31),0,NO APLICA,4,Abril,28,2022,14,27,SR-83,3,Highway estatal,Rural,Colector Mayor,State Highway Agency,0,Sin jurisdiccion especial,14,40.16388611,-81.81580556,Otro objeto (fijo),El primer evento no fue una colision con un vehiculo automotor en transporte,Not an Intersection,No fue interseccion,Sobre el lado de la calle,Ninguna,Dia total,Nublado,No,NO APLICA,14,29,14,41,1,28/04/2022,1
39,Ohio,390289,0,0,1,0,25,CLERMONT (25),0,NO APLICA,4,Abril,27,2022,13,32,CR-379 BUSINESS 28 RD,4,Calle del Condado,Urbano,Colector Mayor,County Highway Agency,0,Sin jurisdiccion especial,0,39.19179444,-84.25099722,Banqueta,El primer evento no fue una colision con un vehiculo automotor en transporte,Not an Intersection,No fue interseccion,Sobre el lado de la calle,Ninguna,Dia total,Despejado,No,NO APLICA,13,40,13,58,1,27/04/2022,1
39,Ohio,390290,0,0,1,0,33,CRAWFORD (33),9997,Other,5,Mayo,2,2022,11,3,CR-92 GALION NEW WINCHESTER RD,4,Calle del Condado,Rural,Local,County Highway Agency,0,Sin jurisdiccion especial,0,40.73379167,-82.85635,Arbusto,El primer evento no fue una colision con un vehiculo automotor en transporte,Not an Intersection,No fue interseccion,Sobre el lado de la calle,Ninguna,Dia total,Nublado,No,NO APLICA,11,6,11,11,1,02/05/2022,1
39,Ohio,390291,0,0,1,0,7,ASHTABULA (7),0,NO APLICA,4,Abril,26,2022,22,31,CR-226 DEPOT RD,4,Calle del Condado,Rural,Local,County Highway Agency,0,Sin jurisdiccion especial,0,41.82243333,-80.86872222,Poste de Señal de trafico,El primer evento no fue una colision con un vehiculo automotor en transporte,Not an Intersection,No fue interseccion,Sobre el lado de la calle,Ninguna,Oscuro sin iluminacion,Nublado,No,NO APLICA,22,30,22,37,1,26/04/2022,1
39,Ohio,390292,0,0,1,0,151,STARK (151),0,NO APLICA,4,Abril,24,2022,14,30,US-30,2,US Highway,Urbano,Arterial Principal -Freeway o ExpressWay,State Highway Agency,1,Sin jurisdiccion especial,122,40.77765278,-81.43415556,Otro objeto (fijo),El primer evento no fue una colision con un vehiculo automotor en transporte,Not an Intersection,No fue interseccion,Sobre el lado de la calle,Ninguna,Dia total,Despejado,No,NO APLICA,14,38,14,43,1,24/04/2022,1
39,Ohio,390293,0,0,2,0,83,KNOX (83),0,NO APLICA,4,Abril,24,2022,19,49,US-36 COSHOCTON RD,2,US Highway,Rural,Arteria Menor,State Highway Agency,0,Sin jurisdiccion especial,213,40.41106111,-82.4242,Volcadura,El primer evento no fue una colision con un vehiculo automotor en transporte,Not an Intersection,No fue interseccion,Sobre calle,Ninguna,Atardecer,Despejado,No,NO APLICA,19,54,20,5,1,24/04/2022,2
39,Ohio,390294,0,0,2,0,135,PREBLE (135),0,NO APLICA,4,Abril,13,2022,13,49,US-127,2,US Highway,Rural,Arteria Menor,State Highway Agency,0,Sin jurisdiccion especial,203,39.84411389,-84.62888611,Vehiculo en movimiento,Frente a frente,Not an Intersection,No fue interseccion,Sobre calle,Ninguna,Dia total,lluvia,No,NO APLICA,13,47,14,0,1,13/04/2022,2
39,Ohio,390295,0,0,2,0,169,WAYNE (169),0,NO APLICA,4,Abril,30,2022,16,8,SR-57 WADSWORTH RD,3,Highway estatal,Rural,Arteria Menor,State Highway Agency,0,Sin jurisdiccion especial,72,40.90220833,-81.76291667,Vehiculo en movimiento,Angulo,Four-Way Intersection,Interseccion de 4 direcciones,Sobre calle,Ninguna,Dia total,Despejado,No,NO APLICA,16,13,16,20,1,30/04/2022,2
39,Ohio,390296,0,0,2,0,133,PORTAGE (133),380,AURORA,4,Abril,29,2022,18,52,SR-82 TWINSBURG WARREN RD,3,Highway estatal,Urbano,Arteria Menor,State Highway Agency,0,Sin jurisdiccion especial,9,41.31113889,-81.37358889,Vehiculo en movimiento,Frente a Detrás,Not an Intersection,No fue interseccion,Sobre calle,Ninguna,Dia total,Nublado,No,NO APLICA,18,54,18,58,2,29/04/2022,3
39,Ohio,390297,1,1,1,0,115,MORGAN (115),0,NO APLICA,4,Abril,22,2022,5,15,SR-60,3,Highway estatal,Rural,Arteria Menor,State Highway Agency,0,Sin jurisdiccion especial,41,39.61445833,-81.74100833,Peaton,El primer evento no fue una colision con un vehiculo automotor en transporte,Not an Intersection,No fue interseccion,Sobre calle,Ninguna,Oscuro sin iluminacion,Neblina o Humo,No,NO APLICA,6,44,7,5,1,22/04/2022,1
39,Ohio,390299,0,0,1,0,151,STARK (151),0,NO APLICA,4,Abril,13,2022,13,19,SR-183,3,Highway estatal,Rural,Arteria Menor,State Highway Agency,0,Sin jurisdiccion especial,112,40.813075,-81.09740278,Arbol,El primer evento no fue una colision con un vehiculo automotor en transporte,Not an Intersection,No fue interseccion,Sobre el lado de la calle,Ninguna,Dia total,Despejado,No,NO APLICA,13,21,13,28,1,13/04/2022,1
39,Ohio,390300,1,1,1,0,159,UNION (159),0,NO APLICA,5,Mayo,2,2022,17,59,CR-73 MAPLE RIDGE  RD,4,Calle del Condado,Rural,Colector Mayor,County Highway Agency,0,Sin jurisdiccion especial,0,40.20457778,-83.44425,Peaton,El primer evento no fue una colision con un vehiculo automotor en transporte,Not an Intersection,No fue interseccion,Sobre el lado de la calle,Ninguna,Dia total,Despejado,No,NO APLICA,17,59,18,5,1,02/05/2022,1
39,Ohio,390302,0,0,2,0,65,HARDIN (65),0,NO APLICA,5,Mayo,2,2022,6,48,SR-67,3,Highway estatal,Rural,Colector Mayor,State Highway Agency,0,Sin jurisdiccion especial,102,40.60786111,-83.69888889,Zanja,El primer evento no fue una colision con un vehiculo automotor en transporte,Not an Intersection,No fue interseccion,Sobre el lado de la calle,Ninguna,Oscuro sin iluminacion,Despejado,No,NO APLICA,6,51,6,59,1,02/05/2022,2
39,Ohio,390303,0,0,2,0,61,HAMILTON (61),1610,CINCINNATI,4,Abril,30,2022,2,24,I-71 NORTHEAST FWY,1,Interestatal,Urbano,Interestatal,State Highway Agency,1,Sin jurisdiccion especial,26,39.11873611,-84.49955,Vehiculo en movimiento,Frente a frente,Not an Intersection,No fue interseccion,Sobre calle,Ninguna,Oscuro con iluminacion,lluvia,No,NO APLICA,2,33,2,36,1,30/04/2022,3
39,Ohio,390304,0,0,2,0,95,LUCAS (95),8120,TOLEDO,5,Mayo,5,2022,17,35,SR-184 ALEXIS RD,3,Highway estatal,Urbano,Arteria Principal,State Highway Agency,0,Sin jurisdiccion especial,49,41.72121111,-83.59721944,Vehiculo en movimiento,Frente a frente,Not an Intersection,No fue interseccion,Sobre calle,Ninguna,Dia total,lluvia,No,NO APLICA,17,39,17,48,1,05/05/2022,3
39,Ohio,390305,0,0,2,0,31,COSHOCTON (31),0,NO APLICA,4,Abril,24,2022,14,37,SR-16,3,Highway estatal,Rural,Colector Mayor,State Highway Agency,0,Sin jurisdiccion especial,67,40.23594722,-81.87723333,Vehiculo en movimiento,Frente a frente,T-Intersection,Interseccion de T,Sobre calle,Ninguna,Dia total,Nublado,No,NO APLICA,14,38,14,50,1,24/04/2022,4
39,Ohio,390306,0,0,2,0,91,LOGAN (91),0,NO APLICA,4,Abril,29,2022,12,29,SR-47,3,Highway estatal,Rural,Colector Mayor,State Highway Agency,0,Sin jurisdiccion especial,81,40.35116944,-83.909,Vehiculo en movimiento,Angulo,Four-Way Intersection,Interseccion de 4 direcciones,Sobre calle,Ninguna,Dia total,Despejado,No,NO APLICA,12,30,12,39,1,29/04/2022,3
39,Ohio,390307,1,1,1,0,49,FRANKLIN (49),1800,COLUMBUS,5,Mayo,6,2022,10,13,US-33 LIVINGSTON AVE,2,US Highway,Urbano,Arteria Principal,State Highway Agency,0,Sin jurisdiccion especial,190,39.94955,-82.9673,Peaton,El primer evento no fue una colision con un vehiculo automotor en transporte,Four-Way Intersection,Interseccion de 4 direcciones,Sobre calle,Ninguna,Dia total,Despejado,No,NO APLICA,10,19,10,22,1,06/05/2022,1
39,Ohio,390308,0,0,1,0,99,MAHONING (99),0,NO APLICA,4,Abril,27,2022,17,4,US-224 CENTER RD,2,US Highway,Urbano,Arteria Principal,State Highway Agency,1,Sin jurisdiccion especial,245,41.02397778,-80.53448611,Zanja,El primer evento no fue una colision con un vehiculo automotor en transporte,Not an Intersection,No fue interseccion,Sobre el lado de la calle,Ninguna,Dia total,Nublado,No,NO APLICA,16,59,17,11,1,27/04/2022,1
39,Ohio,390309,0,0,2,0,151,STARK (151),0,NO APLICA,4,Abril,23,2022,21,55,SR-172,3,Highway estatal,Rural,Colector Mayor,State Highway Agency,0,Sin jurisdiccion especial,212,40.79466944,-81.25263611,Vehiculo en movimiento,Golpe Lateral - misma direccion,Not an Intersection,No fue interseccion,Sobre calle,Ninguna,Oscuro sin iluminacion,Nublado,No,NO APLICA,21,55,22,2,1,23/04/2022,2
39,Ohio,390310,0,0,1,0,93,LORAIN (93),0,NO APLICA,5,Mayo,2,2022,11,57,US-20,2,US Highway,Rural,Arteria Principal,State Highway Agency,1,Sin jurisdiccion especial,25,41.25839167,-82.29341667,Arbol,El primer evento no fue una colision con un vehiculo automotor en transporte,Not an Intersection,No fue interseccion,Sobre el lado de la calle,Ninguna,Dia total,Nublado,No,NO APLICA,11,59,12,5,1,02/05/2022,1
39,Ohio,390311,0,0,2,0,57,GREENE (57),0,NO APLICA,4,Abril,26,2022,19,20,CR-1 COLONEL GLENN HWY,4,Calle del Condado,Urbano,Arteria Principal,County Highway Agency,1,Sin jurisdiccion especial,0,39.77135833,-84.09404167,Valla Ferrocarril,El primer evento no fue una colision con un vehiculo automotor en transporte,Not an Intersection,No fue interseccion,Sobre el lado de la calle,Ninguna,Atardecer,Despejado,No,NO APLICA,19,24,19,32,1,26/04/2022,2
39,Ohio,390312,0,0,1,0,39,DEFIANCE (39),0,NO APLICA,4,Abril,30,2022,5,35,SR-15,3,Highway estatal,Rural,Colector Mayor,State Highway Agency,0,Sin jurisdiccion especial,106,41.32260833,-84.41818333,Arbol,El primer evento no fue una colision con un vehiculo automotor en transporte,Not an Intersection,No fue interseccion,Sobre el lado de la calle,Ninguna,Oscuro sin iluminacion,Nublado,No,NO APLICA,5,46,5,49,1,30/04/2022,1
39,Ohio,390313,0,0,1,0,33,CRAWFORD (33),0,NO APLICA,4,Abril,29,2022,17,46,SR-103,3,Highway estatal,Rural,Colector Mayor,State Highway Agency,0,Sin jurisdiccion especial,150,40.96061944,-82.84090278,Poste de Señal de trafico,El primer evento no fue una colision con un vehiculo automotor en transporte,Not an Intersection,No fue interseccion,Sobre el lado de la calle,Ninguna,Dia total,Nublado,No,NO APLICA,17,48,17,52,1,29/04/2022,1
39,Ohio,390314,0,0,2,0,45,FAIRFIELD (45),0,NO APLICA,5,Mayo,2,2022,14,3,SR-37 LANCASTER-NEWARK RD,3,Highway estatal,Rural,Arteria Menor,State Highway Agency,0,Sin jurisdiccion especial,50,39.86024722,-82.56624722,Vehiculo en movimiento,Angulo,Four-Way Intersection,Interseccion de 4 direcciones,Sobre calle,Ninguna,Dia total,Despejado,No,NO APLICA,14,4,14,10,1,02/05/2022,2
39,Ohio,390315,0,0,1,0,159,UNION (159),0,NO APLICA,4,Abril,30,2022,18,11,CR-1 INDUSTRIAL  PK,4,Calle del Condado,Urbano,Colector Mayor,County Highway Agency,0,Sin jurisdiccion especial,0,40.11124167,-83.18688889,Banqueta,El primer evento no fue una colision con un vehiculo automotor en transporte,Roundabout,Glorieta,Sobre el lado de la calle,Ninguna,Dia total,Despejado,No,NO APLICA,18,12,18,18,1,30/04/2022,1
39,Ohio,390316,0,0,1,0,113,MONTGOMERY (113),2090,DAYTON,5,Mayo,5,2022,22,9,I-75,1,Interestatal,Urbano,Interestatal,State Highway Agency,1,Sin jurisdiccion especial,109,39.74225833,-84.20491667,Otro objeto (no fijo),El primer evento no fue una colision con un vehiculo automotor en transporte,Not an Intersection,No fue interseccion,Sobre el lado de la calle,Ninguna,Oscuro con iluminacion,lluvia,No,NO APLICA,22,18,22,20,1,05/05/2022,1
39,Ohio,390317,0,0,1,0,81,JEFFERSON (81),0,NO APLICA,4,Abril,23,2022,22,45,TR-247 SMITH RD,5,Calle Local - Pueblo,Rural,Local,Town or Township Highway Agency,0,Sin jurisdiccion especial,0,40.49736667,-80.65356667,Volcadura,El primer evento no fue una colision con un vehiculo automotor en transporte,Not an Intersection,No fue interseccion,Sobre calle,Ninguna,Oscuro sin iluminacion,Despejado,No,NO APLICA,22,58,23,8,1,23/04/2022,1
39,Ohio,390318,0,0,2,0,35,CUYAHOGA (35),1680,CLEVELAND,4,Abril,17,2022,2,55,CR-722 CARNEGIE AVE,4,Calle del Condado,Urbano,Arteria Principal,County Highway Agency,0,Sin jurisdiccion especial,0,41.50145,-81.6335,Vehiculo en movimiento,Angulo,Four-Way Intersection,Interseccion de 4 direcciones,Sobre calle,Ninguna,Oscuro con iluminacion,Nublado,No,NO APLICA,2,51,2,57,1,17/04/2022,5
39,Ohio,390319,0,0,1,0,35,CUYAHOGA (35),1680,CLEVELAND,4,Abril,11,2022,17,10,I-77,1,Interestatal,Urbano,Interestatal,State Highway Agency,1,Sin jurisdiccion especial,2,41.4796,-81.66443611,Soporte de Puente,El primer evento no fue una colision con un vehiculo automotor en transporte,Not an Intersection,No fue interseccion,Sobre el lado de la calle,Ninguna,Dia total,lluvia,No,NO APLICA,17,17,17,22,1,11/04/2022,1
39,Ohio,390320,1,1,2,0,35,CUYAHOGA (35),1680,CLEVELAND,4,Abril,10,2022,2,25,US-6 SUPERIOR AVE,2,US Highway,Urbano,Arteria Principal,State Highway Agency,1,Sin jurisdiccion especial,200,41.52201111,-81.61250278,Vehiculo en movimiento,Golpe Lateral - misma direccion,Not an Intersection,No fue interseccion,Sobre calle,Ninguna,Oscuro con iluminacion,Nublado,No,NO APLICA,2,25,2,30,1,10/04/2022,2
39,Ohio,390321,1,1,1,0,35,CUYAHOGA (35),1680,CLEVELAND,4,Abril,9,2022,22,40,I-90 NORTHWEST FWY,1,Interestatal,Urbano,Interestatal,State Highway Agency,1,Sin jurisdiccion especial,117,41.47008611,-81.74833889,Peaton,El primer evento no fue una colision con un vehiculo automotor en transporte,Not an Intersection,No fue interseccion,Sobre calle,Ninguna,Oscuro con iluminacion,Nublado,No,NO APLICA,22,41,22,46,1,09/04/2022,2
39,Ohio,390322,0,0,2,0,107,MERCER (107),0,NO APLICA,4,Abril,25,2022,16,21,CR-30B FORT RECOVERY MINSTER,4,Calle del Condado,Rural,Local,County Highway Agency,0,Sin jurisdiccion especial,0,40.39319444,-84.51055833,Vehiculo en movimiento,Golpe Lateral - misma direccion,Not an Intersection,No fue interseccion,Sobre calle,Ninguna,Dia total,Despejado,No,NO APLICA,16,26,16,37,1,25/04/2022,2
39,Ohio,390323,0,0,2,0,49,FRANKLIN (49),1800,COLUMBUS,5,Mayo,9,2022,18,5,US-40 MAIN ST,2,US Highway,Urbano,Arteria Principal,State Highway Agency,0,Sin jurisdiccion especial,182,39.95645278,-82.91067222,Vehiculo en movimiento,Angulo,Four-Way Intersection,Interseccion de 4 direcciones,Sobre calle,Ninguna,Dia total,Despejado,No,NO APLICA,18,2,18,2,1,09/05/2022,2