Estado,Nombre de Estado,Numero de Caso,Peatones,Personas _no_vehiculos,Vehiculos automotores,Vehiculos estacionados,Condado,Nombre Condado,Ciudad,Nombre Ciudad,Mes,Nombre Mes,Dia,Año,Hora,Minuto,Calle,Ruta,Nombre Ruta,Rural o Urbanoo,Sistema Funcional,Dueño Calle,Sistema Nacional Carreteras,Jurisdiccion Especial,Milla,Latitud,Longitud,Causa del Accidente,Tipo de Accidente,Tipo Interseccion,Columna1,Lugar en la calle,Zona de Trabajo,Luz,Clima,Autobus Escolar,Cruce de Trenes,Hora Notificacion,Minuto Notificacion,Hora Llegada,Minuto Llegada,Decesos,Fecha,PersonaVehiculo
39,Ohio,390324,0,0,2,0,99,MAHONING (99),9230,YOUNGSTOWN,4,Abril,25,2022,10,42,CR-529 SHIRLEY RD,4,Calle del Condado,Urbano,Colector Mayor,County Highway Agency,0,Sin jurisdiccion especial,0,41.07217222,-80.62644444,Vehiculo en movimiento,Angulo,T-Intersection,Interseccion de T,Sobre calle,Ninguna,Dia total,Despejado,No,NO APLICA,10,48,10,52,1,25/04/2022,2
39,Ohio,390325,1,1,1,0,49,FRANKLIN (49),1800,COLUMBUS,4,Abril,20,2022,2,41,CR-17 MORSE RD,4,Calle del Condado,Urbano,Arteria Principal,County Highway Agency,0,Sin jurisdiccion especial,0,40.05993056,-82.96158611,Peaton,El primer evento no fue una colision con un vehiculo automotor en transporte,Four-Way Intersection,Interseccion de 4 direcciones,Sobre calle,Ninguna,Oscuro con iluminacion,Despejado,No,NO APLICA,2,43,2,46,1,20/04/2022,2
39,Ohio,390326,0,0,2,0,61,HAMILTON (61),1610,CINCINNATI,5,Mayo,7,2022,20,21,CR-731 5TH ST,4,Calle del Condado,Urbano,Arteria Principal,County Highway Agency,0,Sin jurisdiccion especial,0,39.10191111,-84.50810278,Vehiculo en movimiento,Angulo,Four-Way Intersection,Interseccion de 4 direcciones,Sobre calle,Ninguna,Atardecer,Nublado,No,NO APLICA,20,22,20,26,1,07/05/2022,6
39,Ohio,390327,0,0,4,0,93,LORAIN (93),4360,LORAIN,5,Mayo,10,2022,19,24,SR-57 GROVE AV,3,Highway estatal,Urbano,Arteria Menor,State Highway Agency,0,Sin jurisdiccion especial,225,41.43599167,-82.11953611,Vehiculo en movimiento,Angulo,Four-Way Intersection,Interseccion de 4 direcciones,Sobre calle,Ninguna,Dia total,Despejado,No,NO APLICA,19,33,19,40,1,10/05/2022,7
39,Ohio,390328,2,2,2,0,23,CLARK (23),0,NO APLICA,5,Mayo,1,2022,21,9,I-70,1,Interestatal,Urbano,Interestatal,State Highway Agency,1,Sin jurisdiccion especial,134,39.891625,-83.80828889,Peaton,El primer evento no fue una colision con un vehiculo automotor en transporte,Not an Intersection,No fue interseccion,Sobre calle,Ninguna,Oscuro sin iluminacion,Despejado,No,NO APLICA,21,12,21,21,1,01/05/2022,2
39,Ohio,390329,0,0,2,0,57,GREENE (57),0,NO APLICA,4,Abril,29,2022,15,15,CR-39 JASPER  RD,4,Calle del Condado,Rural,Colector Mayor,County Highway Agency,0,Sin jurisdiccion especial,0,39.66726667,-83.85541944,Vehiculo en movimiento,Angulo,T-Intersection,Interseccion de T,Sobre calle,Ninguna,Dia total,Despejado,No,NO APLICA,15,15,15,20,2,29/04/2022,3
39,Ohio,390330,0,0,1,0,61,HAMILTON (61),3160,GREENHILLS,4,Abril,30,2022,3,47,CR-239 WINTON RD,5,Calle Local - Pueblo,Urbano,Arteria Menor,County Highway Agency,0,Sin jurisdiccion especial,0,39.26438611,-84.52311389,Hidrante,El primer evento no fue una colision con un vehiculo automotor en transporte,Not an Intersection,No fue interseccion,Sobre el lado de la calle,Ninguna,Oscuro con iluminacion,Nublado,No,NO APLICA,4,3,4,9,1,30/04/2022,2
39,Ohio,390331,0,0,1,0,157,TUSCARAWAS (157),0,NO APLICA,4,Abril,27,2022,16,34,TR-425 RACE RD,5,Calle Local - Pueblo,Rural,Local,Town or Township Highway Agency,0,Sin jurisdiccion especial,0,40.5543,-81.55013889,Zanja,El primer evento no fue una colision con un vehiculo automotor en transporte,Not an Intersection,No fue interseccion,Sobre el lado de la calle,Ninguna,Dia total,Despejado,No,NO APLICA,16,37,16,45,1,27/04/2022,2
39,Ohio,390332,0,0,3,0,163,VINTON (163),0,NO APLICA,5,Mayo,3,2022,8,55,SR-93,3,Highway estatal,Rural,Arteria Menor,State Highway Agency,0,Sin jurisdiccion especial,108,39.28336389,-82.46795833,Vehiculo en movimiento,Angulo,Not an Intersection,No fue interseccion,Sobre calle,Ninguna,Dia total,lluvia,No,NO APLICA,8,56,8,58,1,03/05/2022,3
39,Ohio,390333,0,0,2,0,167,WASHINGTON (167),0,NO APLICA,5,Mayo,2,2022,16,22,SR-339,3,Highway estatal,Rural,Arteria Menor,State Highway Agency,0,Sin jurisdiccion especial,176,39.51341111,-81.656175,Vehiculo en movimiento,Frente a frente,Not an Intersection,No fue interseccion,Sobre calle,Ninguna,Dia total,Despejado,No,NO APLICA,16,34,16,55,1,02/05/2022,2
39,Ohio,390334,0,0,2,0,15,BROWN (15),0,NO APLICA,5,Mayo,4,2022,19,16,CR-55 GREENBUSH WEST RD,4,Calle del Condado,Rural,Colector Mayor,County Highway Agency,0,Sin jurisdiccion especial,0,39.07130556,-84.01126389,Vehiculo en movimiento,Angulo,T-Intersection,Interseccion de T,Sobre calle,Ninguna,Dia total,Nublado,No,NO APLICA,19,17,19,31,1,04/05/2022,2
39,Ohio,390335,0,0,2,0,51,FULTON (51),0,NO APLICA,4,Abril,29,2022,2,42,US-20A,2,US Highway,Rural,Arteria Menor,State Highway Agency,0,Sin jurisdiccion especial,180,41.57353889,-84.037575,Vehiculo en movimiento,Angulo,Four-Way Intersection,Interseccion de 4 direcciones,Sobre calle,Ninguna,Oscuro sin iluminacion,Nublado,No,NO APLICA,2,35,2,41,1,29/04/2022,2
39,Ohio,390336,0,0,1,0,117,MORROW (117),0,NO APLICA,5,Mayo,4,2022,18,16,TR-143,5,Calle Local - Pueblo,Rural,Local,Town or Township Highway Agency,0,Sin jurisdiccion especial,0,40.5164,-82.88015833,Edificio,El primer evento no fue una colision con un vehiculo automotor en transporte,Not an Intersection,No fue interseccion,Sobre el lado de la calle,Ninguna,Dia total,Nublado,No,NO APLICA,18,14,19,57,2,04/05/2022,2
39,Ohio,390337,0,0,2,0,153,SUMMIT (153),3139,GREEN,3,Marzo,5,2022,16,50,TR-394 JARVIS RD,5,Calle Local - Pueblo,Urbano,Local,Town or Township Highway Agency,0,Sin jurisdiccion especial,0,40.98858056,-81.49772778,Vehiculo en movimiento,Angulo,Not an Intersection,No fue interseccion,Sobre calle,Ninguna,Dia total,Despejado,No,NO APLICA,16,54,16,59,1,05/03/2022,2
39,Ohio,390338,0,0,1,0,153,SUMMIT (153),70,AKRON,4,Abril,19,2022,23,55,CR-27 CUYAHOGA ST,4,Calle del Condado,Urbano,Colector Mayor,County Highway Agency,0,Sin jurisdiccion especial,0,41.13208889,-81.52694167,Otro objeto (fijo),El primer evento no fue una colision con un vehiculo automotor en transporte,Not an Intersection,No fue interseccion,Sobre el lado de la calle,Ninguna,Oscuro con iluminacion,Despejado,No,NO APLICA,23,56,0,2,1,19/04/2022,1
39,Ohio,390339,0,0,2,0,85,LAKE (85),4920,MENTOR,5,Mayo,9,2022,13,17,SR-615 CENTER ST,3,Highway estatal,Urbano,Arteria Principal,State Highway Agency,1,Sin jurisdiccion especial,36,41.674975,-81.33976667,Vehiculo en movimiento,Angulo,Four-Way Intersection,Interseccion de 4 direcciones,Sobre calle,Ninguna,Dia total,Despejado,No,NO APLICA,13,18,13,21,1,09/05/2022,2
39,Ohio,390340,1,1,1,0,49,FRANKLIN (49),2270,DUBLIN,5,Mayo,4,2022,7,6,CR-3 AVERY RD,4,Calle del Condado,Urbano,Arteria Principal,County Highway Agency,0,Sin jurisdiccion especial,0,40.08225,-83.15836111,Peaton,El primer evento no fue una colision con un vehiculo automotor en transporte,Four-Way Intersection,Interseccion de 4 direcciones,Sobre calle,Ninguna,Dia total,Nublado,No,NO APLICA,7,7,7,13,1,04/05/2022,1
39,Ohio,390341,1,1,1,0,35,CUYAHOGA (35),1680,CLEVELAND,4,Abril,24,2022,20,49,BOHN RD,6,Calle Local Municipalidad,Urbano,Local,City or Municipal Highway Agency,0,Sin jurisdiccion especial,0,41.49463333,-81.65624722,Peaton,El primer evento no fue una colision con un vehiculo automotor en transporte,Not an Intersection,No fue interseccion,Sobre calle,Ninguna,Oscuro con iluminacion,Despejado,No,NO APLICA,20,53,20,57,1,24/04/2022,1
39,Ohio,390342,0,0,2,0,49,FRANKLIN (49),1800,COLUMBUS,5,Mayo,12,2022,7,12,CR-75 CLEVELAND AVE,4,Calle del Condado,Urbano,Arteria Principal,County Highway Agency,1,Sin jurisdiccion especial,0,40.03131111,-82.96403056,Vehiculo en movimiento,Angulo,Four-Way Intersection,Interseccion de 4 direcciones,Sobre calle,Ninguna,Dia total,Despejado,No,NO APLICA,7,14,7,15,1,12/05/2022,2
39,Ohio,390343,0,0,1,0,107,MERCER (107),0,NO APLICA,5,Mayo,8,2022,8,12,CR-219A,4,Calle del Condado,Rural,Colector Menor,County Highway Agency,0,Sin jurisdiccion especial,0,40.48759444,-84.459825,Volcadura,El primer evento no fue una colision con un vehiculo automotor en transporte,Not an Intersection,No fue interseccion,Sobre el lado de la calle,Ninguna,Oscuro sin iluminacion,Despejado,No,NO APLICA,8,18,8,32,1,08/05/2022,1
39,Ohio,390344,0,0,3,0,35,CUYAHOGA (35),6360,PARMA HEIGHTS,5,Mayo,6,2022,17,37,SR-94 STATE RD,3,Highway estatal,Urbano,Arteria Menor,State Highway Agency,0,Sin jurisdiccion especial,67,41.37081389,-81.71519167,Vehiculo en movimiento,Frente a frente,T-Intersection,Interseccion de T,Sobre calle,Ninguna,Dia total,lluvia,No,NO APLICA,17,42,17,47,1,06/05/2022,3
39,Ohio,390345,0,0,2,0,133,PORTAGE (133),0,NO APLICA,5,Mayo,11,2022,16,40,SR-303,3,Highway estatal,Rural,Colector Mayor,State Highway Agency,0,Sin jurisdiccion especial,155,41.234925,-81.10110278,Vehiculo en movimiento,Frente a frente,Not an Intersection,No fue interseccion,Sobre calle,Ninguna,Dia total,Despejado,No,NO APLICA,16,45,16,46,1,11/05/2022,2
39,Ohio,390346,0,0,1,0,25,CLERMONT (25),0,NO APLICA,5,Mayo,14,2022,3,26,SR-232 BETHEL NEW RICHMOND RD,3,Highway estatal,Rural,Colector Mayor,State Highway Agency,0,Sin jurisdiccion especial,102,38.96108056,-84.10992222,Otro objeto (fijo),El primer evento no fue una colision con un vehiculo automotor en transporte,Not an Intersection,No fue interseccion,Sobre el lado de la calle,Ninguna,Oscuro sin iluminacion,Despejado,No,NO APLICA,3,26,3,32,1,14/05/2022,1
39,Ohio,390347,0,0,1,0,25,CLERMONT (25),0,NO APLICA,5,Mayo,8,2022,19,55,US-50,2,US Highway,Urbano,Arteria Menor,State Highway Agency,0,Sin jurisdiccion especial,27,39.16258056,-84.25646667,Poste de Señal de trafico,El primer evento no fue una colision con un vehiculo automotor en transporte,Not an Intersection,No fue interseccion,Sobre el lado de la calle,Ninguna,Dia total,Despejado,No,NO APLICA,19,55,20,20,1,08/05/2022,2
39,Ohio,390348,1,1,1,0,89,LICKING (89),0,NO APLICA,5,Mayo,8,2022,5,18,SR-13 JACKSONTOWN RD,3,Highway estatal,Rural,Arteria Menor,State Highway Agency,0,Sin jurisdiccion especial,50,39.99328889,-82.40566111,Peaton,El primer evento no fue una colision con un vehiculo automotor en transporte,T-Intersection,Interseccion de T,Sobre calle,Ninguna,Oscuro sin iluminacion,Nublado,No,NO APLICA,8,52,9,4,1,08/05/2022,1
39,Ohio,390349,0,0,2,0,165,WARREN (165),0,NO APLICA,5,Mayo,4,2022,11,1,SR-63,3,Highway estatal,Urbano,Arteria Menor,State Highway Agency,0,Sin jurisdiccion especial,31,39.43795556,-84.27948611,Vehiculo en movimiento,Angulo,Four-Way Intersection,Interseccion de 4 direcciones,Sobre calle,Ninguna,Dia total,Despejado,No,NO APLICA,11,4,11,10,1,04/05/2022,3
39,Ohio,390350,0,0,1,0,27,CLINTON (27),0,NO APLICA,5,Mayo,7,2022,0,2,STATE PARK  DR,8,Otro,Trafficway Not in State Inventory,Via no en inventario estatal,Trafficway Not in State Inventory,0,Sin jurisdiccion especial,0,39.38941667,-83.89927222,Otro objeto (fijo),El primer evento no fue una colision con un vehiculo automotor en transporte,Not an Intersection,No fue interseccion,Fuera de la calle,Ninguna,Oscuro con iluminacion,No reportado,No,NO APLICA,14,32,14,42,2,07/05/2022,2
39,Ohio,390351,0,0,2,0,25,CLERMONT (25),0,NO APLICA,5,Mayo,12,2022,18,55,CR-127 WARDS CORNER RD,4,Calle del Condado,Urbano,Arteria Menor,County Highway Agency,0,Sin jurisdiccion especial,0,39.22672778,-84.27886667,Vehiculo en movimiento,Angulo,Not an Intersection,No fue interseccion,Sobre calle,Ninguna,Dia total,Despejado,No,NO APLICA,18,54,19,0,1,12/05/2022,3
39,Ohio,390352,0,0,1,0,165,WARREN (165),0,NO APLICA,5,Mayo,10,2022,12,4,CR-25 HARVEYSBURG RD,4,Calle del Condado,Rural,Local,County Highway Agency,0,Sin jurisdiccion especial,0,39.45122222,-83.99240278,Volcadura,El primer evento no fue una colision con un vehiculo automotor en transporte,Not an Intersection,No fue interseccion,Sobre el lado de la calle,Ninguna,Dia total,Despejado,No,NO APLICA,12,6,12,26,2,10/05/2022,2
39,Ohio,390353,0,0,2,0,89,LICKING (89),0,NO APLICA,5,Mayo,12,2022,17,7,SR-661 NORTH ST,3,Highway estatal,Rural,Colector Mayor,State Highway Agency,0,Sin jurisdiccion especial,38,40.10905833,-82.51870833,Vehiculo en movimiento,Angulo,Not an Intersection,No fue interseccion,Sobre calle,Ninguna,Dia total,Despejado,No,NO APLICA,17,4,17,10,1,12/05/2022,3
39,Ohio,390354,0,0,1,0,113,MONTGOMERY (113),2090,DAYTON,5,Mayo,1,2022,21,14,CR-53A GETTYSBURG AV,4,Calle del Condado,Urbano,Arteria Menor,County Highway Agency,0,Sin jurisdiccion especial,0,39.78916667,-84.25389722,Hidrante,El primer evento no fue una colision con un vehiculo automotor en transporte,Not an Intersection,No fue interseccion,Sobre el lado de la calle,Ninguna,Oscuro con iluminacion,Despejado,No,NO APLICA,21,14,21,24,4,01/05/2022,5
39,Ohio,390355,0,0,1,0,173,WOOD (173),0,NO APLICA,5,Mayo,13,2022,17,1,SR-65 WEST RIVER RD,3,Highway estatal,Rural,Colector Mayor,State Highway Agency,0,Sin jurisdiccion especial,70,41.45596944,-83.77388611,Volcadura,El primer evento no fue una colision con un vehiculo automotor en transporte,Not an Intersection,No fue interseccion,Sobre el lado de la calle,Ninguna,Dia total,Despejado,No,NO APLICA,99,99,99,99,1,13/05/2022,2
39,Ohio,390356,0,0,2,0,99,MAHONING (99),0,NO APLICA,5,Mayo,10,2022,13,51,TR-1792 ALDRICH RD,5,Calle Local - Pueblo,Urbano,Local,Town or Township Highway Agency,0,Sin jurisdiccion especial,0,41.0975,-80.75566944,Vehiculo en movimiento,Frente a Detrás,Not an Intersection,No fue interseccion,Sobre calle,Ninguna,Dia total,Despejado,No,NO APLICA,13,53,13,55,1,10/05/2022,2
39,Ohio,390357,0,0,2,0,61,HAMILTON (61),1610,CINCINNATI,5,Mayo,13,2022,2,15,CR-142 NORTH BEND RD,4,Calle del Condado,Urbano,Arteria Principal,County Highway Agency,0,Sin jurisdiccion especial,0,39.20363611,-84.56102222,Poste o otros soportes,El primer evento no fue una colision con un vehiculo automotor en transporte,T-Intersection,Interseccion de T,Sobre el lado de la calle,Ninguna,Oscuro con iluminacion,Despejado,No,NO APLICA,2,16,2,21,1,13/05/2022,3
39,Ohio,390358,0,0,1,0,35,CUYAHOGA (35),4970,MIDDLEBURG HEIGHTS,5,Mayo,13,2022,4,17,US-42 PEARL RD,2,US Highway,Urbano,Arteria Principal,State Highway Agency,1,Sin jurisdiccion especial,77,41.37623611,-81.79512778,Banqueta,El primer evento no fue una colision con un vehiculo automotor en transporte,Not an Intersection,No fue interseccion,Sobre el lado de la calle,Ninguna,Oscuro con iluminacion,Despejado,No,NO APLICA,4,17,4,22,1,13/05/2022,1
39,Ohio,390359,0,0,2,0,169,WAYNE (169),9140,WOOSTER,5,Mayo,16,2022,18,22,SR-83,3,Highway estatal,Urbano,Arterial Principal -Freeway o ExpressWay,State Highway Agency,0,Sin jurisdiccion especial,138,40.83686111,-81.92746389,Vehiculo en movimiento,Frente a frente,Not an Intersection,No fue interseccion,Sobre calle,"Zona de trabajo, tipo desconocido",Dia total,Despejado,No,NO APLICA,99,99,99,99,1,16/05/2022,2
39,Ohio,390360,0,0,1,0,31,COSHOCTON (31),0,NO APLICA,5,Mayo,15,2022,15,14,TR-256 RIDGE RD,5,Calle Local - Pueblo,Rural,Local,Town or Township Highway Agency,0,Sin jurisdiccion especial,0,40.24845556,-81.68655278,Zanja,El primer evento no fue una colision con un vehiculo automotor en transporte,Not an Intersection,No fue interseccion,Sobre el lado de la calle,Ninguna,Dia total,Despejado,No,NO APLICA,15,18,15,39,1,15/05/2022,3
39,Ohio,390361,0,0,1,0,49,FRANKLIN (49),1800,COLUMBUS,4,Abril,13,2022,0,41,CR-25 WILSON RD,4,Calle del Condado,Urbano,Arteria Menor,County Highway Agency,0,Sin jurisdiccion especial,0,39.98771944,-83.10738889,Volcadura,El primer evento no fue una colision con un vehiculo automotor en transporte,T-Intersection,Interseccion de T,Sobre calle,Ninguna,Oscuro con iluminacion,Despejado,No,NO APLICA,0,42,0,48,1,13/04/2022,1
39,Ohio,390362,2,2,1,0,23,CLARK (23),0,NO APLICA,5,Mayo,10,2022,20,45,TR-66 CRABILL RD,5,Calle Local - Pueblo,Rural,Local,Town or Township Highway Agency,0,Sin jurisdiccion especial,0,39.86025833,-83.75840556,Peaton,El primer evento no fue una colision con un vehiculo automotor en transporte,Not an Intersection,No fue interseccion,Sobre calle,Ninguna,Atardecer,Despejado,No,NO APLICA,20,45,20,59,1,10/05/2022,1
39,Ohio,390363,1,1,1,0,13,BELMONT (13),0,NO APLICA,5,Mayo,8,2022,20,55,SR-9 PROVIDENT RD,3,Highway estatal,Urbano,Colector Mayor,State Highway Agency,0,Sin jurisdiccion especial,165,40.09361944,-80.90979444,Peaton,El primer evento no fue una colision con un vehiculo automotor en transporte,Not an Intersection,No fue interseccion,Sobre calle,Ninguna,Atardecer,Despejado,No,NO APLICA,20,54,20,56,1,08/05/2022,7
39,Ohio,390364,0,0,2,0,67,HARRISON (67),0,NO APLICA,5,Mayo,15,2022,0,15,US-22,2,US Highway,Rural,Arteria Principal,State Highway Agency,1,Sin jurisdiccion especial,98,40.21716389,-81.09481389,Vehiculo en movimiento,Angulo,T-Intersection,Interseccion de T,Sobre calle,Ninguna,Oscuro sin iluminacion,Despejado,No,NO APLICA,0,22,0,35,1,15/05/2022,2
39,Ohio,390365,0,0,1,0,49,FRANKLIN (49),1800,COLUMBUS,5,Mayo,13,2022,7,34,CR-234 SHOOK RD,4,Calle del Condado,Urbano,Colector Mayor,County Highway Agency,0,Sin jurisdiccion especial,0,39.83545,-82.94371667,Poste,El primer evento no fue una colision con un vehiculo automotor en transporte,Not an Intersection,No fue interseccion,Sobre el lado de la calle,Ninguna,Dia total,Despejado,No,NO APLICA,7,36,7,43,1,13/05/2022,1
39,Ohio,390366,0,0,1,0,49,FRANKLIN (49),1800,COLUMBUS,5,Mayo,21,2022,2,21,I-71,1,Interestatal,Urbano,Interestatal,State Highway Agency,1,Sin jurisdiccion especial,242,40.05796389,-82.99796944,Barrera de Trafico de Concreto,El primer evento no fue una colision con un vehiculo automotor en transporte,Not an Intersection,No fue interseccion,Sobre el lado de la calle,Ninguna,Oscuro con iluminacion,Nublado,No,NO APLICA,2,23,2,30,1,21/05/2022,4
39,Ohio,390367,0,0,2,0,151,STARK (151),1320,CANTON,5,Mayo,20,2022,23,2,CR-66 CLEVELAND AVE NW,4,Calle del Condado,Urbano,Arteria Principal,County Highway Agency,0,Sin jurisdiccion especial,0,40.81583889,-81.37958889,Vehiculo en movimiento,Frente a frente,Not an Intersection,No fue interseccion,Sobre calle,Ninguna,Oscuro con iluminacion,Despejado,No,NO APLICA,23,3,23,7,1,20/05/2022,6
39,Ohio,390368,0,0,1,0,99,MAHONING (99),9230,YOUNGSTOWN,3,Marzo,22,2022,18,0,CR-537 GIBSON ST,4,Calle del Condado,Urbano,Colector Mayor,County Highway Agency,0,Sin jurisdiccion especial,0,41.08238889,-80.64291111,Puente de Ferrocarril,El primer evento no fue una colision con un vehiculo automotor en transporte,Not an Intersection,No fue interseccion,Sobre el lado de la calle,Ninguna,Dia total,Nublado,No,NO APLICA,18,4,18,7,1,22/03/2022,2
39,Ohio,390369,0,0,1,0,89,LICKING (89),0,NO APLICA,5,Mayo,15,2022,1,15,CR-39 YORK RD,4,Calle del Condado,Rural,Colector Menor,County Highway Agency,0,Sin jurisdiccion especial,0,39.98939167,-82.62584444,Fin de valla,El primer evento no fue una colision con un vehiculo automotor en transporte,Not an Intersection,No fue interseccion,Sobre el lado de la calle,Ninguna,Oscuro sin iluminacion,Despejado,No,NO APLICA,1,13,1,19,1,15/05/2022,1
39,Ohio,390370,0,0,2,0,51,FULTON (51),0,NO APLICA,5,Mayo,10,2022,16,31,US-20A,2,US Highway,Rural,Arteria Menor,State Highway Agency,0,Sin jurisdiccion especial,177,41.57356667,-84.03949444,Vehiculo en movimiento,Frente a Detrás,Not an Intersection,No fue interseccion,Sobre calle,Ninguna,Dia total,Despejado,No,NO APLICA,16,30,16,32,1,10/05/2022,4
39,Ohio,390371,0,0,2,0,45,FAIRFIELD (45),0,NO APLICA,5,Mayo,15,2022,21,12,CR-24 CLEARPORT RD,4,Calle del Condado,Rural,Local,County Highway Agency,0,Sin jurisdiccion especial,0,39.58556667,-82.69186389,Vehiculo en movimiento,Frente a Detrás,Not an Intersection,No fue interseccion,Sobre calle,Ninguna,Oscuro sin iluminacion,Despejado,No,NO APLICA,99,98,99,98,1,15/05/2022,2
39,Ohio,390372,0,0,1,0,99,MAHONING (99),0,NO APLICA,5,Mayo,16,2022,13,55,I-680,1,Interestatal,Urbano,Interestatal,State Highway Agency,1,Sin jurisdiccion especial,123,41.01699167,-80.63095833,Barda,El primer evento no fue una colision con un vehiculo automotor en transporte,Not an Intersection,No fue interseccion,Sobre el lado de la calle,Ninguna,Reportada como desconocida,Reportado como desconocido,No,NO APLICA,13,57,14,2,1,16/05/2022,1
39,Ohio,390373,1,1,2,1,49,FRANKLIN (49),0,NO APLICA,5,Mayo,23,2022,12,43,I-270 JACK NICKLAUS FWY,1,Interestatal,Urbano,Interestatal,State Highway Agency,1,Sin jurisdiccion especial,75,39.95971389,-83.11945278,Peaton,El primer evento no fue una colision con un vehiculo automotor en transporte,Not an Intersection,No fue interseccion,Sobre el lado de la calle,Ninguna,Dia total,Despejado,No,NO APLICA,12,45,12,48,1,23/05/2022,1
39,Ohio,390374,1,1,1,0,49,FRANKLIN (49),1800,COLUMBUS,5,Mayo,9,2022,23,25,CR-124 PARSONS AVE,4,Calle del Condado,Urbano,Colector Mayor,County Highway Agency,0,Sin jurisdiccion especial,0,39.89711111,-82.9863,Peaton,El primer evento no fue una colision con un vehiculo automotor en transporte,Four-Way Intersection,Interseccion de 4 direcciones,Sobre calle,Ninguna,Oscuro sin iluminacion,Despejado,No,NO APLICA,23,26,23,29,1,09/05/2022,1
39,Ohio,390375,0,0,1,0,121,NOBLE (121),0,NO APLICA,5,Mayo,22,2022,2,38,TR-246 FLEEMAN RUN RD,5,Calle Local - Pueblo,Rural,Local,Town or Township Highway Agency,0,Sin jurisdiccion especial,0,39.60830278,-81.28617778,Culvert,El primer evento no fue una colision con un vehiculo automotor en transporte,Not an Intersection,No fue interseccion,Sobre el lado de la calle,Ninguna,Oscuro sin iluminacion,Neblina o Humo,No,NO APLICA,2,56,3,14,1,22/05/2022,2
39,Ohio,390376,0,0,1,0,61,HAMILTON (61),1610,CINCINNATI,5,Mayo,24,2022,2,19,CR-687 RHODE ISLAND AVE,4,Calle del Condado,Urbano,Colector Mayor,County Highway Agency,0,Sin jurisdiccion especial,0,39.18053889,-84.45913056,Poste,El primer evento no fue una colision con un vehiculo automotor en transporte,Not an Intersection,No fue interseccion,Sobre el lado de la calle,Ninguna,Oscuro con iluminacion,Despejado,No,NO APLICA,2,20,2,27,1,24/05/2022,1
39,Ohio,390377,1,1,1,0,61,HAMILTON (61),0,NO APLICA,5,Mayo,15,2022,17,33,CR-36 NEW HAVEN RD,4,Calle del Condado,Urbano,Colector Mayor,County Highway Agency,0,Sin jurisdiccion especial,0,39.27541389,-84.74052222,Peaton,El primer evento no fue una colision con un vehiculo automotor en transporte,Y-Intersection,Interseccion de Y,Sobre calle,Ninguna,Dia total,Despejado,No,NO APLICA,17,33,17,35,1,15/05/2022,1
39,Ohio,390378,0,0,4,0,117,MORROW (117),0,NO APLICA,5,Mayo,18,2022,5,22,I-71,1,Interestatal,Rural,Interestatal,State Highway Agency,1,Sin jurisdiccion especial,107,40.47655,-82.74768611,Vehiculo en movimiento,Frente a Detrás,Not an Intersection,No fue interseccion,Sobre calle,Ninguna,Oscuro sin iluminacion,Despejado,No,NO APLICA,5,39,6,5,1,18/05/2022,5
39,Ohio,390379,0,0,1,0,83,KNOX (83),0,NO APLICA,5,Mayo,19,2022,17,24,SR-3 WOOSTER RD,3,Highway estatal,Rural,Arteria Menor,State Highway Agency,0,Sin jurisdiccion especial,217,40.44032222,-82.44573333,Acotamiento,El primer evento no fue una colision con un vehiculo automotor en transporte,Not an Intersection,No fue interseccion,Sobre el lado de la calle,Ninguna,Dia total,Despejado,No,NO APLICA,17,22,17,31,1,19/05/2022,1
39,Ohio,390380,0,0,2,0,23,CLARK (23),0,NO APLICA,5,Mayo,19,2022,12,21,SR-72 URBANA RD,3,Highway estatal,Urbano,Colector Mayor,State Highway Agency,0,Sin jurisdiccion especial,0,39.98677778,-83.80657222,Vehiculo en movimiento,Angulo,T-Intersection,Interseccion de T,Sobre calle,Ninguna,Dia total,Despejado,No,NO APLICA,12,22,12,26,1,19/05/2022,5
39,Ohio,390381,1,1,1,0,119,MUSKINGUM (119),0,NO APLICA,5,Mayo,14,2022,15,1,SR-586,3,Highway estatal,Rural,Colector Mayor,State Highway Agency,0,Sin jurisdiccion especial,1,40.06686111,-82.1579,Peaton,El primer evento no fue una colision con un vehiculo automotor en transporte,Not an Intersection,No fue interseccion,Sobre calle,Ninguna,Dia total,Despejado,No,NO APLICA,15,1,15,7,1,14/05/2022,1
39,Ohio,390382,1,1,1,0,139,RICHLAND (139),0,NO APLICA,5,Mayo,14,2022,21,35,US-42 ASHLAND RD,2,US Highway,Urbano,Arteria Principal,State Highway Agency,0,Sin jurisdiccion especial,141,40.77977222,-82.46883889,Peaton,El primer evento no fue una colision con un vehiculo automotor en transporte,Not an Intersection,No fue interseccion,Sobre calle,Ninguna,Oscuro sin iluminacion,Nublado,No,NO APLICA,21,35,21,38,1,14/05/2022,1
39,Ohio,390383,0,0,1,0,29,COLUMBIANA (29),0,NO APLICA,5,Mayo,17,2022,18,22,SR-170,3,Highway estatal,Rural,Colector Mayor,State Highway Agency,0,Sin jurisdiccion especial,46,40.708975,-80.54590833,Acotamiento,El primer evento no fue una colision con un vehiculo automotor en transporte,Not an Intersection,No fue interseccion,Sobre el lado de la calle,Ninguna,Dia total,Nublado,No,NO APLICA,18,29,18,36,1,17/05/2022,1
39,Ohio,390384,0,0,2,0,113,MONTGOMERY (113),0,NO APLICA,5,Mayo,25,2022,16,10,CR-74 NEEDMORE  RD,4,Calle del Condado,Urbano,Arteria Principal,County Highway Agency,1,Sin jurisdiccion especial,0,39.8201,-84.16381111,Vehiculo en movimiento,Angulo,Not an Intersection,No fue interseccion,Sobre calle,Ninguna,Dia total,Despejado,No,NO APLICA,16,13,16,18,1,25/05/2022,4
39,Ohio,390385,0,0,2,0,113,MONTGOMERY (113),3622,HUBER HEIGHTS,5,Mayo,3,2022,17,43,SR-201 BRANDT PIKE,3,Highway estatal,Urbano,Arteria Menor,State Highway Agency,0,Sin jurisdiccion especial,81,39.86738056,-84.10048056,Vehiculo en movimiento,Angulo,Four-Way Intersection,Interseccion de 4 direcciones,Sobre calle,Ninguna,Dia total,Despejado,No,NO APLICA,17,45,17,50,1,03/05/2022,2