Estado,Nombre de Estado,Numero de Caso,Peatones,Personas _no_vehiculos,Vehiculos automotores,Vehiculos estacionados,Condado,Nombre Condado,Ciudad,Nombre Ciudad,Mes,Nombre Mes,Dia,Año,Hora,Minuto,Calle,Ruta,Nombre Ruta,Rural o Urbanoo,Sistema Funcional,Dueño Calle,Sistema Nacional Carreteras,Jurisdiccion Especial,Milla,Latitud,Longitud,Causa del Accidente,Tipo de Accidente,Tipo Interseccion,Columna1,Lugar en la calle,Zona de Trabajo,Luz,Clima,Autobus Escolar,Cruce de Trenes,Hora Notificacion,Minuto Notificacion,Hora Llegada,Minuto Llegada,Decesos,Fecha,PersonaVehiculo
39,Ohio,390386,0,0,1,0,49,FRANKLIN (49),0,NO APLICA,5,Mayo,13,2022,14,34,CR-11 ALKIRE RD,4,Calle del Condado,Rural,Colector Mayor,County Highway Agency,0,Sin jurisdiccion especial,0,39.89356944,-83.21661389,Valla Ferrocarril,El primer evento no fue una colision con un vehiculo automotor en transporte,T-Intersection,Interseccion de T,Sobre el lado de la calle,Ninguna,Dia total,Despejado,No,NO APLICA,14,33,14,40,1,13/05/2022,1
39,Ohio,390387,0,0,2,0,153,SUMMIT (153),70,AKRON,4,Abril,17,2022,18,12,CR-654 CASE AV,4,Calle del Condado,Urbano,Colector Mayor,County Highway Agency,0,Sin jurisdiccion especial,0,41.07023056,-81.48783333,Vehiculo en movimiento,Angulo,Four-Way Intersection,Interseccion de 4 direcciones,Sobre calle,Ninguna,Dia total,Nublado,No,NO APLICA,18,13,18,15,3,17/04/2022,5
39,Ohio,390389,0,0,1,0,49,FRANKLIN (49),1800,COLUMBUS,5,Mayo,28,2022,1,6,I-70,1,Interestatal,Urbano,Interestatal,State Toll Road,1,Sin jurisdiccion especial,66,39.97608056,-83.12371944,Valla para choques,El primer evento no fue una colision con un vehiculo automotor en transporte,Not an Intersection,No fue interseccion,Gore?,Ninguna,Oscuro con iluminacion,Nublado,No,NO APLICA,1,16,1,27,1,28/05/2022,1
39,Ohio,390390,0,0,1,0,31,COSHOCTON (31),0,NO APLICA,5,Mayo,30,2022,21,36,SR-60,3,Highway estatal,Rural,Colector Mayor,State Highway Agency,0,Sin jurisdiccion especial,258,40.42798333,-81.97368611,Valla Ferrocarril,El primer evento no fue una colision con un vehiculo automotor en transporte,Not an Intersection,No fue interseccion,Sobre el lado de la calle,Ninguna,Atardecer,Despejado,No,NO APLICA,21,39,21,53,1,30/05/2022,1
39,Ohio,390391,1,1,1,0,61,HAMILTON (61),1610,CINCINNATI,5,Mayo,30,2022,0,15,CR-660 WALNUT ST,4,Calle del Condado,Urbano,Colector Mayor,County Highway Agency,0,Sin jurisdiccion especial,0,39.10556111,-84.51243333,Peaton,El primer evento no fue una colision con un vehiculo automotor en transporte,Four-Way Intersection,Interseccion de 4 direcciones,Sobre calle,Ninguna,Oscuro con iluminacion,Despejado,No,NO APLICA,0,15,0,16,1,30/05/2022,1
39,Ohio,390392,0,0,2,0,171,WILLIAMS (171),0,NO APLICA,5,Mayo,24,2022,10,39,CR-117 COUNTY ROAD 9,4,Calle del Condado,Rural,Local,County Highway Agency,0,Sin jurisdiccion especial,0,41.448925,-84.65115556,Vehiculo en movimiento,Angulo,Not an Intersection,No fue interseccion,Sobre calle,Ninguna,Dia total,Despejado,No,NO APLICA,10,41,10,53,1,24/05/2022,2
39,Ohio,390394,0,0,2,0,41,DELAWARE (41),0,NO APLICA,5,Mayo,20,2022,6,33,CR-5 SOUTH SECTION LINE RD,4,Calle del Condado,Urbano,Arteria Menor,County Highway Agency,0,Sin jurisdiccion especial,0,40.27885833,-83.12851667,Vehiculo en movimiento,Frente a frente,Not an Intersection,No fue interseccion,Sobre calle,Ninguna,Oscuro sin iluminacion,lluvia,No,NO APLICA,6,38,6,45,1,20/05/2022,2
39,Ohio,390395,0,0,2,0,139,RICHLAND (139),0,NO APLICA,5,Mayo,21,2022,22,59,I-71,1,Interestatal,Urbano,Interestatal,State Highway Agency,1,Sin jurisdiccion especial,164,40.754875,-82.43752222,Barrera de Cable,El primer evento no fue una colision con un vehiculo automotor en transporte,Not an Intersection,No fue interseccion,En el medio,Ninguna,Oscuro sin iluminacion,Nublado,No,NO APLICA,22,57,23,6,2,21/05/2022,4
39,Ohio,390396,0,0,1,0,113,MONTGOMERY (113),2090,DAYTON,5,Mayo,30,2022,20,5,CR-539 RIVERSIDE DR,4,Calle del Condado,Urbano,Arteria Menor,County Highway Agency,0,Sin jurisdiccion especial,0,39.79015278,-84.20613611,Arbol,El primer evento no fue una colision con un vehiculo automotor en transporte,T-Intersection,Interseccion de T,Sobre el lado de la calle,Ninguna,Dia total,Despejado,No,NO APLICA,20,6,20,10,1,30/05/2022,1
39,Ohio,390397,0,0,1,0,151,STARK (151),1320,CANTON,4,Abril,30,2022,0,21,US-30 EB RAMP,2,US Highway,Urbano,Arterial Principal -Freeway o ExpressWay,State Highway Agency,1,Sin jurisdiccion especial,185,40.7829,-81.31853611,Volcadura,El primer evento no fue una colision con un vehiculo automotor en transporte,Not an Intersection,No fue interseccion,Sobre el lado de la calle,Ninguna,Oscuro sin iluminacion,Despejado,No,NO APLICA,0,23,0,33,1,30/04/2022,1
39,Ohio,390398,1,1,1,0,35,CUYAHOGA (35),1680,CLEVELAND,4,Abril,23,2022,18,19,W 50TH ST,6,Calle Local Municipalidad,Urbano,Local,City or Municipal Highway Agency,0,Sin jurisdiccion especial,0,41.46862222,-81.72112778,Peaton,El primer evento no fue una colision con un vehiculo automotor en transporte,Not an Intersection,No fue interseccion,Sobre calle,Ninguna,Dia total,Despejado,No,NO APLICA,18,17,18,21,1,23/04/2022,2
39,Ohio,390399,0,0,2,0,89,LICKING (89),0,NO APLICA,5,Mayo,21,2022,12,59,SR-79 FALLSBURG RD,3,Highway estatal,Rural,Colector Mayor,State Highway Agency,0,Sin jurisdiccion especial,211,40.13165556,-82.34056111,Vehiculo en movimiento,Angulo,T-Intersection,Interseccion de T,Sobre calle,Ninguna,Dia total,Despejado,No,NO APLICA,12,59,13,1,1,21/05/2022,6
39,Ohio,390400,1,1,1,0,17,BUTLER (17),0,NO APLICA,5,Mayo,29,2022,15,0,CR-115 MUHLHAUSER RD,4,Calle del Condado,Urbano,Arteria Menor,County Highway Agency,0,Sin jurisdiccion especial,0,39.31718056,-84.47025,Peaton,El primer evento no fue una colision con un vehiculo automotor en transporte,Not an Intersection,No fue interseccion,Sobre calle,Ninguna,Oscuro sin iluminacion,Despejado,No,NO APLICA,15,38,15,42,1,29/05/2022,1
39,Ohio,390401,0,0,1,0,101,MARION (101),0,NO APLICA,5,Mayo,24,2022,13,28,CR-108 OWENS RD,4,Calle del Condado,Rural,Colector Menor,County Highway Agency,0,Sin jurisdiccion especial,0,40.52004444,-83.06791667,Zanja,El primer evento no fue una colision con un vehiculo automotor en transporte,Not an Intersection,No fue interseccion,Sobre el lado de la calle,Ninguna,Dia total,Despejado,No,NO APLICA,13,30,13,36,1,24/05/2022,1
39,Ohio,390402,0,0,1,0,57,GREENE (57),0,NO APLICA,5,Mayo,26,2022,12,10,CR-64 POLECAT RD,4,Calle del Condado,Rural,Colector Menor,County Highway Agency,0,Sin jurisdiccion especial,0,39.81889167,-83.88911944,Zanja,El primer evento no fue una colision con un vehiculo automotor en transporte,Not an Intersection,No fue interseccion,Sobre el lado de la calle,Ninguna,Dia total,Nublado,No,NO APLICA,12,7,12,14,1,26/05/2022,2
39,Ohio,390403,0,0,1,0,39,DEFIANCE (39),0,NO APLICA,5,Mayo,15,2022,16,51,TR-124 OPENLANDER RD,5,Calle Local - Pueblo,Rural,Local,Town or Township Highway Agency,0,Sin jurisdiccion especial,0,41.28007222,-84.59191389,Volcadura,El primer evento no fue una colision con un vehiculo automotor en transporte,Not an Intersection,No fue interseccion,Sobre calle,Ninguna,Dia total,Despejado,No,NO APLICA,17,2,17,43,1,15/05/2022,1
39,Ohio,390404,0,0,1,0,151,STARK (151),0,NO APLICA,3,Marzo,10,2022,22,52,TR-238 AMHERST AVE,5,Calle Local - Pueblo,Urbano,Colector Mayor,Town or Township Highway Agency,0,Sin jurisdiccion especial,0,40.8236,-81.5127,Culvert,El primer evento no fue una colision con un vehiculo automotor en transporte,Four-Way Intersection,Interseccion de 4 direcciones,Sobre el lado de la calle,Ninguna,Oscuro sin iluminacion,Despejado,No,NO APLICA,22,53,22,57,1,10/03/2022,2
39,Ohio,390405,0,0,1,0,153,SUMMIT (153),2030,CUYAHOGA FALLS,4,Abril,14,2022,15,57,SR-8,3,Highway estatal,Urbano,Arterial Principal -Freeway o ExpressWay,State Highway Agency,1,Sin jurisdiccion especial,62,41.14328056,-81.47645,Barrera de Trafico de Concreto,El primer evento no fue una colision con un vehiculo automotor en transporte,Not an Intersection,No fue interseccion,En el medio,Ninguna,Dia total,Despejado,No,NO APLICA,16,4,16,9,1,14/04/2022,1
39,Ohio,390406,0,0,2,0,101,MARION (101),6770,PROSPECT,5,Mayo,25,2022,1,2,CR-47 WATER ST,4,Calle del Condado,Rural,Colector Mayor,State Highway Agency,0,Sin jurisdiccion especial,25,40.45088889,-83.185975,Vehiculo en movimiento,Frente a frente,Four-Way Intersection,Interseccion de 4 direcciones,Sobre calle,"Zona de trabajo, tipo desconocido",Oscuro sin iluminacion,Despejado,No,NO APLICA,1,8,1,13,1,25/05/2022,2
39,Ohio,390407,0,0,2,0,99,MAHONING (99),0,NO APLICA,5,Mayo,21,2022,16,39,I-76,1,Interestatal,Rural,Interestatal,State Highway Agency,1,Sin jurisdiccion especial,7,41.10026944,-80.98891389,Vehiculo en movimiento,Frente a Detrás,Not an Intersection,No fue interseccion,Sobre calle,Ninguna,Dia total,Nublado,No,NO APLICA,16,38,16,42,1,21/05/2022,2
39,Ohio,390408,0,0,1,0,109,MIAMI (109),0,NO APLICA,6,Junio,4,2022,0,33,CR-37 FENNER RD,4,Calle del Condado,Rural,Local,County Highway Agency,0,Sin jurisdiccion especial,0,40.02210833,-84.40294167,Zanja,El primer evento no fue una colision con un vehiculo automotor en transporte,Not an Intersection,No fue interseccion,Sobre el lado de la calle,Ninguna,Oscuro sin iluminacion,Despejado,No,NO APLICA,0,36,0,45,1,04/06/2022,1
39,Ohio,390409,0,0,3,0,49,FRANKLIN (49),3500,HILLIARD,6,Junio,4,2022,19,57,CR-12 AMITY RD,4,Calle del Condado,Urbano,Colector Mayor,County Highway Agency,0,Sin jurisdiccion especial,0,39.96818333,-83.21103611,Vehiculo en movimiento,Frente a Detrás,Not an Intersection,No fue interseccion,Sobre calle,Ninguna,Atardecer,Despejado,No,NO APLICA,20,1,20,5,1,04/06/2022,4
39,Ohio,390410,0,0,2,0,93,LORAIN (93),4360,LORAIN,6,Junio,8,2022,15,11,SR-57 GROVE AV,3,Highway estatal,Urbano,Arteria Menor,State Highway Agency,0,Sin jurisdiccion especial,229,41.44170278,-82.11986667,Vehiculo en movimiento,Angulo,Not an Intersection,No fue interseccion,Sobre calle,Ninguna,Dia total,Despejado,No,NO APLICA,15,14,15,17,1,08/06/2022,6
39,Ohio,390411,0,0,2,0,91,LOGAN (91),0,NO APLICA,5,Mayo,20,2022,7,34,SR-274,3,Highway estatal,Rural,Colector Mayor,State Highway Agency,0,Sin jurisdiccion especial,90,40.44481944,-83.83038889,Vehiculo en movimiento,Angulo,Not an Intersection,No fue interseccion,Sobre calle,Ninguna,Amanecer,Nublado,No,NO APLICA,7,35,7,46,1,20/05/2022,2
39,Ohio,390412,0,0,2,0,153,SUMMIT (153),70,AKRON,5,Mayo,12,2022,23,40,I-76,1,Interestatal,Urbano,Interestatal,State Highway Agency,1,Sin jurisdiccion especial,128,41.06243889,-81.48055556,Vehiculo en movimiento,Frente a frente,Not an Intersection,No fue interseccion,Sobre calle,Ninguna,Oscuro con iluminacion,Despejado,No,NO APLICA,23,44,23,46,1,12/05/2022,2
39,Ohio,390413,0,0,1,0,99,MAHONING (99),0,NO APLICA,5,Mayo,26,2022,2,45,CR-117 TIPPECANOE RD,4,Calle del Condado,Urbano,Arteria Menor,County Highway Agency,0,Sin jurisdiccion especial,0,41.05761111,-80.71112778,Otro objeto (no fijo),El primer evento no fue una colision con un vehiculo automotor en transporte,Not an Intersection,No fue interseccion,Sobre el lado de la calle,Ninguna,Oscuro sin iluminacion,Despejado,No,NO APLICA,2,40,2,44,2,26/05/2022,2
39,Ohio,390414,0,0,1,0,11,AUGLAIZE (11),0,NO APLICA,5,Mayo,28,2022,10,16,CR-158 GLYNWOOD RD,4,Calle del Condado,Urbano,Local,County Highway Agency,0,Sin jurisdiccion especial,0,40.58536944,-84.23360556,Poste,El primer evento no fue una colision con un vehiculo automotor en transporte,Not an Intersection,No fue interseccion,Sobre el lado de la calle,Ninguna,Dia total,Nublado,No,NO APLICA,10,15,10,22,1,28/05/2022,1
39,Ohio,390416,0,0,2,0,171,WILLIAMS (171),0,NO APLICA,6,Junio,4,2022,12,13,US-20,2,US Highway,Rural,Arteria Menor,State Highway Agency,0,Sin jurisdiccion especial,30,41.63628611,-84.74622778,Vehiculo en movimiento,Angulo,Four-Way Intersection,Interseccion de 4 direcciones,Sobre calle,Ninguna,Dia total,Despejado,No,NO APLICA,12,17,12,28,2,04/06/2022,4
39,Ohio,390417,0,0,1,0,87,LAWRENCE (87),0,NO APLICA,5,Mayo,29,2022,18,56,SR-141,3,Highway estatal,Rural,Colector Mayor,State Highway Agency,0,Sin jurisdiccion especial,108,38.58405278,-82.52561111,Acotamiento,El primer evento no fue una colision con un vehiculo automotor en transporte,Not an Intersection,No fue interseccion,Sobre el lado de la calle,Ninguna,Dia total,Despejado,No,NO APLICA,18,49,18,55,1,29/05/2022,1
39,Ohio,390418,0,0,2,0,97,MADISON (97),0,NO APLICA,5,Mayo,30,2022,16,37,US-42 LONDON DELAWARE RD,2,US Highway,Rural,Arteria Principal,State Highway Agency,1,Sin jurisdiccion especial,30,40.04571667,-83.29662222,Vehiculo en movimiento,Angulo,Four-Way Intersection,Interseccion de 4 direcciones,Sobre calle,Ninguna,Dia total,Despejado,No,NO APLICA,16,36,16,43,2,30/05/2022,4
39,Ohio,390419,0,0,2,1,147,SENECA (147),0,NO APLICA,5,Mayo,29,2022,19,34,CR-29,4,Calle del Condado,Rural,Colector Menor,County Highway Agency,0,Sin jurisdiccion especial,0,41.25540278,-82.859375,Vehiculo Aparcado,El primer evento no fue una colision con un vehiculo automotor en transporte,Not an Intersection,No fue interseccion,Sobre el lado de la calle,Ninguna,Dia total,Despejado,No,NO APLICA,20,1,20,20,1,29/05/2022,2
39,Ohio,390420,0,0,1,0,119,MUSKINGUM (119),0,NO APLICA,6,Junio,4,2022,16,50,SR-666 RIVER RD EAST,3,Highway estatal,Rural,Colector Menor,State Highway Agency,0,Sin jurisdiccion especial,119,40.09108611,-81.99860833,Zanja,El primer evento no fue una colision con un vehiculo automotor en transporte,Not an Intersection,No fue interseccion,Sobre el lado de la calle,Ninguna,Dia total,Despejado,No,NO APLICA,16,49,16,57,1,04/06/2022,1
39,Ohio,390421,1,1,1,0,119,MUSKINGUM (119),0,NO APLICA,6,Junio,3,2022,14,18,I-70,1,Interestatal,Rural,Interestatal,State Highway Agency,1,Sin jurisdiccion especial,44,39.94692222,-82.14098611,Peaton,El primer evento no fue una colision con un vehiculo automotor en transporte,Not an Intersection,No fue interseccion,Sobre calle,Ninguna,Dia total,Despejado,No,NO APLICA,14,22,14,32,1,03/06/2022,1
39,Ohio,390422,0,0,2,0,99,MAHONING (99),0,NO APLICA,5,Mayo,30,2022,16,39,US-224 AKRON-CANFIELD RD,2,US Highway,Rural,Arteria Menor,State Highway Agency,0,Sin jurisdiccion especial,8,41.02393889,-80.98644167,Volcadura,El primer evento no fue una colision con un vehiculo automotor en transporte,Four-Way Intersection,Interseccion de 4 direcciones,Sobre calle,Ninguna,Dia total,Despejado,No,NO APLICA,16,36,16,44,2,30/05/2022,3
39,Ohio,390423,0,0,2,0,93,LORAIN (93),0,NO APLICA,5,Mayo,30,2022,5,10,SR-57 LORAIN BLVD,3,Highway estatal,Urbano,Arteria Principal,State Highway Agency,0,Sin jurisdiccion especial,203,41.40378611,-82.11681944,Vehiculo en movimiento,Angulo,T-Intersection,Interseccion de T,Sobre calle,Ninguna,Dia total,Despejado,No,NO APLICA,5,17,5,27,2,30/05/2022,6
39,Ohio,390424,1,1,1,0,3,ALLEN (3),0,NO APLICA,6,Junio,6,2022,22,12,TR-690 ARCADIA AV,5,Calle Local - Pueblo,Urbano,Local,Town or Township Highway Agency,0,Sin jurisdiccion especial,0,40.72545833,-84.14896389,Buzon de correo,El primer evento no fue una colision con un vehiculo automotor en transporte,Not an Intersection,No fue interseccion,Sobre el lado de la calle,Ninguna,Oscuro sin iluminacion,lluvia,No,NO APLICA,22,12,22,14,1,06/06/2022,0
39,Ohio,390425,0,0,2,0,35,CUYAHOGA (35),1680,CLEVELAND,4,Abril,17,2022,1,0,US-422 KINSMAN RD,2,US Highway,Urbano,Arteria Menor,State Highway Agency,0,Sin jurisdiccion especial,42,41.47196944,-81.62153333,Vehiculo en movimiento,Angulo,Four-Way Intersection,Interseccion de 4 direcciones,Sobre calle,Ninguna,Oscuro con iluminacion,Nublado,No,NO APLICA,1,3,1,9,1,17/04/2022,3
39,Ohio,390426,0,0,1,0,113,MONTGOMERY (113),2090,DAYTON,5,Mayo,23,2022,17,20,CR-230 JAMES H MCGEE BL,4,Calle del Condado,Urbano,Arteria Menor,County Highway Agency,0,Sin jurisdiccion especial,0,39.76351389,-84.23329444,Banqueta,El primer evento no fue una colision con un vehiculo automotor en transporte,Not an Intersection,No fue interseccion,En el medio,Ninguna,Dia total,Despejado,No,NO APLICA,17,23,17,30,1,23/05/2022,2
39,Ohio,390427,0,0,2,0,25,CLERMONT (25),0,NO APLICA,6,Junio,3,2022,17,17,SR-276,3,Highway estatal,Rural,Colector Mayor,State Highway Agency,0,Sin jurisdiccion especial,42,39.09633056,-84.11809167,Vehiculo en movimiento,Frente a frente,Not an Intersection,No fue interseccion,Sobre calle,Ninguna,Dia total,Despejado,No,NO APLICA,17,20,17,25,2,03/06/2022,2
39,Ohio,390428,0,0,1,0,59,GUERNSEY (59),0,NO APLICA,5,Mayo,28,2022,19,11,SR-83,3,Highway estatal,Rural,Colector Mayor,State Highway Agency,0,Sin jurisdiccion especial,109,39.97146111,-81.72205556,Zanja,El primer evento no fue una colision con un vehiculo automotor en transporte,Not an Intersection,No fue interseccion,Sobre el lado de la calle,Ninguna,Dia total,Despejado,No,NO APLICA,19,9,19,9,1,28/05/2022,1
39,Ohio,390429,0,0,1,0,157,TUSCARAWAS (157),0,NO APLICA,6,Junio,3,2022,16,12,SR-800,3,Highway estatal,Rural,Colector Mayor,State Highway Agency,0,Sin jurisdiccion especial,260,40.54857222,-81.42484722,Poste,El primer evento no fue una colision con un vehiculo automotor en transporte,Not an Intersection,No fue interseccion,Sobre el lado de la calle,Ninguna,Dia total,Despejado,No,NO APLICA,16,19,16,26,1,03/06/2022,1
39,Ohio,390430,0,0,2,0,73,HOCKING (73),0,NO APLICA,5,Mayo,31,2022,16,36,SR-56,3,Highway estatal,Rural,Colector Mayor,State Highway Agency,0,Sin jurisdiccion especial,42,39.43605278,-82.68099722,Vehiculo en movimiento,Frente a Detrás,Not an Intersection,No fue interseccion,Sobre calle,Ninguna,Dia total,Despejado,No,NO APLICA,15,58,16,22,1,31/05/2022,2
39,Ohio,390431,0,0,2,0,61,HAMILTON (61),1610,CINCINNATI,6,Junio,4,2022,12,27,US-264 GLENWAY AV,2,US Highway,Urbano,Arteria Principal,State Highway Agency,0,Sin jurisdiccion especial,108,39.12349444,-84.60264722,Vehiculo en movimiento,Angulo,Four-Way Intersection,Interseccion de 4 direcciones,Sobre calle,Ninguna,Dia total,Despejado,No,NO APLICA,12,29,12,33,1,04/06/2022,2
39,Ohio,390432,0,0,2,0,161,VAN WERT (161),0,NO APLICA,6,Junio,14,2022,15,7,US-30,2,US Highway,Urbano,Arteria Principal,State Highway Agency,1,Sin jurisdiccion especial,127,40.88604444,-84.58640833,Poste de Señal de trafico,El primer evento no fue una colision con un vehiculo automotor en transporte,Not an Intersection,No fue interseccion,En el medio,Ninguna,Dia total,Despejado,No,NO APLICA,15,11,15,13,1,14/06/2022,2
39,Ohio,390433,0,0,2,0,17,BUTLER (17),0,NO APLICA,6,Junio,14,2022,22,48,TR-11 BUTLER WARREN RD,5,Calle Local - Pueblo,Urbano,Colector Mayor,Town or Township Highway Agency,0,Sin jurisdiccion especial,0,39.351825,-84.34794722,Vehiculo en movimiento,Angulo,Four-Way Intersection,Interseccion de 4 direcciones,Sobre calle,Ninguna,Oscuro con iluminacion,Despejado,No,NO APLICA,22,48,22,53,1,14/06/2022,2
39,Ohio,390434,0,0,1,0,61,HAMILTON (61),1610,CINCINNATI,6,Junio,13,2022,22,6,CR-85 HIGHLAND DR,4,Calle del Condado,Urbano,Colector Mayor,County Highway Agency,0,Sin jurisdiccion especial,0,39.166425,-84.43302222,Soporte de Puente,El primer evento no fue una colision con un vehiculo automotor en transporte,Not an Intersection,No fue interseccion,Sobre el lado de la calle,Ninguna,Oscuro con iluminacion,Nublado,No,NO APLICA,22,9,22,17,1,13/06/2022,1
39,Ohio,390435,0,0,2,0,153,SUMMIT (153),70,AKRON,5,Mayo,8,2022,13,54,SR-18 MARKET ST,3,Highway estatal,Urbano,Arteria Principal,State Highway Agency,1,Sin jurisdiccion especial,127,41.06276389,-81.47168889,Vehiculo en movimiento,Angulo,Not an Intersection,No fue interseccion,Sobre calle,Ninguna,Dia total,Despejado,No,NO APLICA,13,59,14,2,1,08/05/2022,6
39,Ohio,390436,0,0,2,0,159,UNION (159),0,NO APLICA,6,Junio,3,2022,23,33,CR-1 INDUSTRIAL PK,4,Calle del Condado,Urbano,Colector Mayor,County Highway Agency,0,Sin jurisdiccion especial,0,40.12221111,-83.19314167,Vehiculo en movimiento,Angulo,Not an Intersection,No fue interseccion,Sobre calle,Ninguna,Oscuro sin iluminacion,Despejado,No,NO APLICA,23,34,23,41,1,03/06/2022,3
39,Ohio,390437,0,0,1,0,93,LORAIN (93),0,NO APLICA,6,Junio,4,2022,14,1,CR-53 RIDGELAND RD,4,Calle del Condado,Urbano,Local,County Highway Agency,0,Sin jurisdiccion especial,0,41.402875,-82.20748611,Otro objeto (fijo),El primer evento no fue una colision con un vehiculo automotor en transporte,Not an Intersection,No fue interseccion,Sobre el lado de la calle,Ninguna,Dia total,Despejado,No,NO APLICA,14,6,14,15,1,04/06/2022,1
39,Ohio,390438,1,1,1,0,165,WARREN (165),0,NO APLICA,5,Mayo,28,2022,1,18,I-71,1,Interestatal,Urbano,Interestatal,State Highway Agency,1,Sin jurisdiccion especial,81,39.38278889,-84.22646667,Peaton,El primer evento no fue una colision con un vehiculo automotor en transporte,Not an Intersection,No fue interseccion,Sobre calle,Ninguna,Oscuro sin iluminacion,Despejado,No,NO APLICA,1,19,1,28,1,28/05/2022,1
39,Ohio,390439,0,0,2,0,131,PIKE (131),0,NO APLICA,6,Junio,4,2022,7,15,CR-75 COAL DOCK RD,4,Calle del Condado,Rural,Local,County Highway Agency,0,Sin jurisdiccion especial,0,39.03344722,-82.90141111,Vehiculo en movimiento,Frente a frente,T-Intersection,Interseccion de T,Sobre calle,Ninguna,Dia total,Despejado,No,NO APLICA,7,22,7,29,1,04/06/2022,2
39,Ohio,390440,0,0,1,0,131,PIKE (131),0,NO APLICA,6,Junio,2,2022,9,21,CR-3 MORGANS FORK RD,4,Calle del Condado,Rural,Colector Mayor,County Highway Agency,0,Sin jurisdiccion especial,0,39.1157,-83.18455833,Arbol,El primer evento no fue una colision con un vehiculo automotor en transporte,Not an Intersection,No fue interseccion,Sobre el lado de la calle,Ninguna,Dia total,lluvia,No,NO APLICA,9,21,9,34,1,02/06/2022,3
39,Ohio,390441,0,0,4,0,113,MONTGOMERY (113),2090,DAYTON,6,Junio,9,2022,17,47,CR-32 FREE PIKE,4,Calle del Condado,Urbano,Arteria Menor,County Highway Agency,0,Sin jurisdiccion especial,0,39.79798056,-84.25516111,Vehiculo en movimiento,Angulo,Four-Way Intersection,Interseccion de 4 direcciones,Sobre calle,Ninguna,Dia total,Despejado,No,NO APLICA,17,49,17,57,1,09/06/2022,4
39,Ohio,390442,0,0,1,0,19,CARROLL (19),0,NO APLICA,6,Junio,5,2022,14,40,SR-164 AMSTERDAM RD,3,Highway estatal,Rural,Colector Mayor,State Highway Agency,0,Sin jurisdiccion especial,12,40.44457778,-81.18412778,Animal vivo,El primer evento no fue una colision con un vehiculo automotor en transporte,Not an Intersection,No fue interseccion,Sobre calle,Ninguna,Dia total,Despejado,No,NO APLICA,99,99,99,99,1,05/06/2022,2
39,Ohio,390443,0,0,1,0,147,SENECA (147),0,NO APLICA,6,Junio,2,2022,13,1,SR-18,3,Highway estatal,Urbano,Arteria Principal,State Highway Agency,1,Sin jurisdiccion especial,78,41.13288611,-83.29201944,Arbol,El primer evento no fue una colision con un vehiculo automotor en transporte,Not an Intersection,No fue interseccion,Sobre el lado de la calle,Ninguna,Dia total,Despejado,No,NO APLICA,13,1,13,8,1,02/06/2022,1
39,Ohio,390444,0,0,1,0,49,FRANKLIN (49),0,NO APLICA,6,Junio,4,2022,3,48,CR-27 TRABUE RD,4,Calle del Condado,Urbano,Arteria Menor,County Highway Agency,0,Sin jurisdiccion especial,0,39.99380278,-83.08918056,Arbol,El primer evento no fue una colision con un vehiculo automotor en transporte,Not an Intersection,No fue interseccion,Sobre el lado de la calle,Ninguna,Oscuro con iluminacion,Despejado,No,NO APLICA,3,48,3,56,1,04/06/2022,1
39,Ohio,390445,0,0,3,0,61,HAMILTON (61),1610,CINCINNATI,6,Junio,9,2022,10,35,US-50 RIVER RD,2,US Highway,Urbano,Arteria Principal,State Highway Agency,1,Sin jurisdiccion especial,183,39.09722778,-84.55748056,Vehiculo en movimiento,Frente a frente,Not an Intersection,No fue interseccion,Sobre calle,Ninguna,Dia total,Nublado,No,NO APLICA,10,39,10,43,2,09/06/2022,3
39,Ohio,390446,0,0,1,0,61,HAMILTON (61),3680,INDIAN HILL,6,Junio,15,2022,18,42,CR-328 MUCHMORE RD,4,Calle del Condado,Urbano,Local,County Highway Agency,0,Sin jurisdiccion especial,0,39.15432778,-84.36314722,Valla Ferrocarril,El primer evento no fue una colision con un vehiculo automotor en transporte,Not an Intersection,No fue interseccion,Sobre el lado de la calle,Ninguna,Dia total,Despejado,No,NO APLICA,18,39,18,45,1,15/06/2022,1
39,Ohio,390447,0,0,2,0,49,FRANKLIN (49),1800,COLUMBUS,6,Junio,13,2022,18,30,CR-18 CENTRAL COLLEGE RD,4,Calle del Condado,Urbano,Arteria Menor,County Highway Agency,0,Sin jurisdiccion especial,0,40.09973056,-82.84593889,Vehiculo en movimiento,Angulo,Four-Way Intersection,Interseccion de 4 direcciones,Sobre calle,Ninguna,Dia total,Nublado,No,NO APLICA,18,32,18,38,1,13/06/2022,2
39,Ohio,390448,0,0,2,0,103,MEDINA (103),0,NO APLICA,6,Junio,5,2022,10,30,CR-35 FRIENDSVILLE RD,4,Calle del Condado,Rural,Colector Mayor,County Highway Agency,0,Sin jurisdiccion especial,0,41.03545,-81.96612222,Vehiculo en movimiento,Frente a frente,Not an Intersection,No fue interseccion,Sobre calle,Ninguna,Dia total,Despejado,No,NO APLICA,10,27,10,50,1,05/06/2022,4
39,Ohio,390449,0,0,3,0,135,PREBLE (135),0,NO APLICA,6,Junio,3,2022,21,44,US-127,2,US Highway,Rural,Arteria Menor,State Highway Agency,0,Sin jurisdiccion especial,101,39.70551389,-84.627225,Valla Ferrocarril,El primer evento no fue una colision con un vehiculo automotor en transporte,Not an Intersection,No fue interseccion,Sobre el lado de la calle,Ninguna,Oscuro sin iluminacion,Despejado,No,NO APLICA,21,57,22,6,1,03/06/2022,5
39,Ohio,390450,0,0,2,0,157,TUSCARAWAS (157),0,NO APLICA,6,Junio,1,2022,5,3,US-250,2,US Highway,Rural,Arteria Principal,State Highway Agency,1,Sin jurisdiccion especial,249,40.40288611,-81.30413333,Vehiculo en movimiento,Frente a frente,Not an Intersection,No fue interseccion,Sobre calle,Ninguna,Oscuro sin iluminacion,Despejado,No,NO APLICA,5,3,5,8,1,01/06/2022,3