Estado,Nombre de Estado,Numero de Caso,Peatones,Personas _no_vehiculos,Vehiculos automotores,Vehiculos estacionados,Condado,Nombre Condado,Ciudad,Nombre Ciudad,Mes,Nombre Mes,Dia,Año,Hora,Minuto,Calle,Ruta,Nombre Ruta,Rural o Urbanoo,Sistema Funcional,Dueño Calle,Sistema Nacional Carreteras,Jurisdiccion Especial,Milla,Latitud,Longitud,Causa del Accidente,Tipo de Accidente,Tipo Interseccion,Columna1,Lugar en la calle,Zona de Trabajo,Luz,Clima,Autobus Escolar,Cruce de Trenes,Hora Notificacion,Minuto Notificacion,Hora Llegada,Minuto Llegada,Decesos,Fecha,PersonaVehiculo
39,Ohio,390451,0,0,1,0,153,SUMMIT (153),3139,GREEN,4,Abril,17,2022,1,32,SR-241 MASSILLON RD,3,Highway estatal,Urbano,Arteria Principal,State Highway Agency,1,Sin jurisdiccion especial,51,40.98180833,-81.46454444,Arbol,El primer evento no fue una colision con un vehiculo automotor en transporte,Not an Intersection,No fue interseccion,Sobre el lado de la calle,Ninguna,Oscuro sin iluminacion,Despejado,No,NO APLICA,1,34,1,39,1,17/04/2022,1
39,Ohio,390452,0,0,1,0,35,CUYAHOGA (35),572,BEDFORD HEIGHTS,5,Mayo,19,2022,13,40,I-271 OUTERBELT SOUTH,1,Interestatal,Urbano,Interestatal,State Highway Agency,1,Sin jurisdiccion especial,25,41.38619722,-81.51270278,Valla Ferrocarril,El primer evento no fue una colision con un vehiculo automotor en transporte,Not an Intersection,No fue interseccion,Sobre el lado de la calle,Ninguna,Dia total,Despejado,No,NO APLICA,13,46,13,51,1,19/05/2022,1
39,Ohio,390453,0,0,1,0,35,CUYAHOGA (35),1680,CLEVELAND,5,Mayo,14,2022,1,2,CR-9 ST CLAIR AV,4,Calle del Condado,Urbano,Arteria Menor,County Highway Agency,0,Sin jurisdiccion especial,0,41.53991111,-81.61292778,Banqueta,El primer evento no fue una colision con un vehiculo automotor en transporte,T-Intersection,Interseccion de T,Sobre el lado de la calle,Ninguna,Oscuro sin iluminacion,Despejado,No,NO APLICA,1,11,1,20,1,14/05/2022,1
39,Ohio,390454,0,0,2,0,35,CUYAHOGA (35),1680,CLEVELAND,5,Mayo,21,2022,14,21,US-422 KINSMAN RD,2,US Highway,Urbano,Arteria Menor,State Highway Agency,0,Sin jurisdiccion especial,52,41.46808333,-81.602875,Vehiculo en movimiento,Angulo,Four-Way Intersection,Interseccion de 4 direcciones,Sobre calle,Ninguna,Dia total,Despejado,No,NO APLICA,14,23,14,26,1,21/05/2022,3
39,Ohio,390455,0,0,1,0,49,FRANKLIN (49),1800,COLUMBUS,6,Junio,11,2022,19,13,SUMMERLIN WAY,9,Desconocido,Trafficway Not in State Inventory,Via no en inventario estatal,Trafficway Not in State Inventory,9,Desconocido,99999,39.96551111,-83.151275,Banqueta,El primer evento no fue una colision con un vehiculo automotor en transporte,T-Intersection,Interseccion de T,Sobre el lado de la calle,Ninguna,Dia total,Despejado,No,NO APLICA,19,16,19,21,1,11/06/2022,2
39,Ohio,390456,0,0,1,0,61,HAMILTON (61),0,NO APLICA,6,Junio,11,2022,22,10,CR-170 BROWER RD,4,Calle del Condado,Rural,Colector Mayor,County Highway Agency,0,Sin jurisdiccion especial,0,39.11842222,-84.80470556,Volcadura,El primer evento no fue una colision con un vehiculo automotor en transporte,Not an Intersection,No fue interseccion,Sobre el lado de la calle,Ninguna,Oscuro sin iluminacion,Nublado,No,NO APLICA,22,25,22,37,1,11/06/2022,1
39,Ohio,390457,0,0,1,0,101,MARION (101),0,NO APLICA,6,Junio,9,2022,6,57,SR-739 BELLEFONTAINE AVE,3,Highway estatal,Urbano,Arteria Menor,State Highway Agency,0,Sin jurisdiccion especial,74,40.56478333,-83.15912222,Buzon de correo,El primer evento no fue una colision con un vehiculo automotor en transporte,Not an Intersection,No fue interseccion,Sobre el lado de la calle,Ninguna,Dia total,Nublado,No,NO APLICA,7,58,8,2,1,09/06/2022,1
39,Ohio,390458,0,0,1,0,45,FAIRFIELD (45),0,NO APLICA,6,Junio,11,2022,17,26,SR-188 LANCASTER CIRCLEVILLE,3,Highway estatal,Rural,Colector Menor,State Highway Agency,0,Sin jurisdiccion especial,86,39.71711111,-82.68797778,Zanja,El primer evento no fue una colision con un vehiculo automotor en transporte,Not an Intersection,No fue interseccion,Sobre el lado de la calle,Ninguna,Dia total,Nublado,No,NO APLICA,17,24,17,33,1,11/06/2022,1
39,Ohio,390459,0,0,2,0,127,PERRY (127),0,NO APLICA,6,Junio,12,2022,16,57,SR-37 MCCONNELSVILLE RD,3,Highway estatal,Rural,Colector Mayor,State Highway Agency,0,Sin jurisdiccion especial,185,39.68502222,-82.05996944,Vehiculo en movimiento,Angulo,Y-Intersection,Interseccion de Y,Sobre calle,Ninguna,Dia total,Nublado,No,NO APLICA,16,55,17,7,1,12/06/2022,2
39,Ohio,390460,0,0,2,0,55,GEAUGA (55),0,NO APLICA,6,Junio,15,2022,9,38,SR-528 MADISON RD,3,Highway estatal,Rural,Colector Mayor,State Highway Agency,0,Sin jurisdiccion especial,38,41.42561111,-81.05988611,Vehiculo en movimiento,Angulo,T-Intersection,Interseccion de T,Sobre calle,Ninguna,Dia total,Despejado,No,NO APLICA,99,99,99,99,1,15/06/2022,3
39,Ohio,390462,0,0,1,0,111,MONROE (111),0,NO APLICA,6,Junio,15,2022,22,38,TR-737 DAUGHERTY RD,5,Calle Local - Pueblo,Rural,Local,Town or Township Highway Agency,0,Sin jurisdiccion especial,0,39.74340556,-80.93677222,Poste,El primer evento no fue una colision con un vehiculo automotor en transporte,Not an Intersection,No fue interseccion,Sobre el lado de la calle,Ninguna,Oscuro sin iluminacion,Despejado,No,NO APLICA,22,38,22,52,1,15/06/2022,1
39,Ohio,390463,0,0,2,0,133,PORTAGE (133),0,NO APLICA,6,Junio,5,2022,20,15,CR-87 WATERLOO RD,4,Calle del Condado,Urbano,Colector Mayor,County Highway Agency,0,Sin jurisdiccion especial,0,41.02449167,-81.33525833,Vehiculo en movimiento,Angulo,Not an Intersection,No fue interseccion,Sobre calle,Ninguna,Dia total,Despejado,No,NO APLICA,20,17,20,21,1,05/06/2022,2
39,Ohio,390464,0,0,2,0,159,UNION (159),6339,PARIS TOWNSHIP,6,Junio,20,2022,16,2,SR-37,3,Highway estatal,Rural,Colector Mayor,State Highway Agency,0,Sin jurisdiccion especial,110,40.37145833,-83.26841667,Vehiculo en movimiento,Frente a Detrás,Not an Intersection,No fue interseccion,Sobre calle,Ninguna,Dia total,Despejado,No,NO APLICA,16,10,16,29,1,20/06/2022,2
39,Ohio,390465,1,1,1,0,89,LICKING (89),5570,NEWARK,6,Junio,21,2022,11,57,CHURCH ST,6,Calle Local Municipalidad,Urbano,Colector Mayor,City or Municipal Highway Agency,0,Sin jurisdiccion especial,0,40.05849444,-82.43935,Peaton,El primer evento no fue una colision con un vehiculo automotor en transporte,Not an Intersection,No fue interseccion,Sobre calle,Ninguna,Dia total,Despejado,No,NO APLICA,12,1,12,4,1,21/06/2022,1
39,Ohio,390466,1,1,1,0,35,CUYAHOGA (35),1680,CLEVELAND,5,Mayo,16,2022,13,36,I-90,1,Interestatal,Urbano,Interestatal,State Highway Agency,1,Sin jurisdiccion especial,212,41.53986944,-81.62708056,Peaton,El primer evento no fue una colision con un vehiculo automotor en transporte,Not an Intersection,No fue interseccion,Sobre calle,Ninguna,Dia total,Despejado,No,NO APLICA,13,41,13,47,1,16/05/2022,1
39,Ohio,390467,0,0,1,0,17,BUTLER (17),0,NO APLICA,6,Junio,22,2022,9,52,CR-2821 UNION CENTRE  BLVD,4,Calle del Condado,Urbano,Colector Mayor,County Highway Agency,0,Sin jurisdiccion especial,0,39.34113889,-84.47906944,Zanja,El primer evento no fue una colision con un vehiculo automotor en transporte,Not an Intersection,No fue interseccion,Sobre el lado de la calle,Ninguna,Dia total,Despejado,No,NO APLICA,9,58,10,7,1,22/06/2022,2
39,Ohio,390468,0,0,2,0,143,SANDUSKY (143),0,NO APLICA,6,Junio,17,2022,10,40,SR-101,3,Highway estatal,Rural,Colector Mayor,State Highway Agency,0,Sin jurisdiccion especial,2,41.25745,-82.97528056,Vehiculo en movimiento,Angulo,Four-Way Intersection,Interseccion de 4 direcciones,Sobre calle,Ninguna,Dia total,Despejado,No,NO APLICA,10,41,10,49,1,17/06/2022,2
39,Ohio,390469,0,0,1,0,135,PREBLE (135),0,NO APLICA,6,Junio,17,2022,19,47,SR-122,3,Highway estatal,Rural,Colector Mayor,State Highway Agency,0,Sin jurisdiccion especial,217,39.60339167,-84.51521667,Zanja,El primer evento no fue una colision con un vehiculo automotor en transporte,Not an Intersection,No fue interseccion,Sobre el lado de la calle,Ninguna,Dia total,Despejado,No,NO APLICA,19,45,19,55,1,17/06/2022,1
39,Ohio,390470,0,0,2,0,17,BUTLER (17),5140,MILLVILLE,6,Junio,21,2022,20,49,US-27 MILLVILLE OXFORD RD,2,US Highway,Urbano,Arteria Principal,State Highway Agency,1,Sin jurisdiccion especial,60,39.389275,-84.65452222,Vehiculo en movimiento,Angulo,Y-Intersection,Interseccion de Y,Sobre calle,Ninguna,Dia total,Despejado,No,NO APLICA,99,99,99,99,1,21/06/2022,2
39,Ohio,390472,0,0,2,0,99,MAHONING (99),9230,YOUNGSTOWN,5,Mayo,8,2022,3,35,CR-18 MAHONING AVE,4,Calle del Condado,Urbano,Arteria Menor,County Highway Agency,0,Sin jurisdiccion especial,0,41.10248056,-80.68873889,Vehiculo en movimiento,Frente a Detrás,Four-Way Intersection,Interseccion de 4 direcciones,Sobre calle,Ninguna,Oscuro con iluminacion,Despejado,No,NO APLICA,99,99,99,99,1,08/05/2022,2
39,Ohio,390473,0,0,1,0,99,MAHONING (99),9230,YOUNGSTOWN,5,Mayo,21,2022,16,31,US-62 MADISON AV EXPRESSWAY,2,US Highway,Urbano,Colector Mayor,State Highway Agency,0,Sin jurisdiccion especial,3,41.10599167,-80.63136944,Banqueta,El primer evento no fue una colision con un vehiculo automotor en transporte,T-Intersection,Interseccion de T,Sobre el lado de la calle,Ninguna,Dia total,Despejado,No,NO APLICA,16,33,16,34,1,21/05/2022,1
39,Ohio,390474,0,0,1,0,35,CUYAHOGA (35),4860,MAYFIELD,6,Junio,18,2022,10,21,SR-91 SOM CENTER RD,3,Highway estatal,Urbano,Arteria Principal,State Highway Agency,0,Sin jurisdiccion especial,117,41.51655,-81.43864167,Poste o otros soportes,El primer evento no fue una colision con un vehiculo automotor en transporte,Not an Intersection,No fue interseccion,Sobre el lado de la calle,Ninguna,Dia total,Despejado,No,NO APLICA,10,22,10,26,1,18/06/2022,1
39,Ohio,390475,1,1,2,1,49,FRANKLIN (49),1800,COLUMBUS,6,Junio,28,2022,16,28,NAPOLEON AV,6,Calle Local Municipalidad,Urbano,Local,City or Municipal Highway Agency,0,Sin jurisdiccion especial,0,39.96330833,-82.906425,Peaton,El primer evento no fue una colision con un vehiculo automotor en transporte,Not an Intersection,No fue interseccion,Sobre calle,Ninguna,Dia total,Despejado,No,NO APLICA,16,30,16,32,1,28/06/2022,2
39,Ohio,390476,0,0,1,0,113,MONTGOMERY (113),4960,MIAMISBURG,6,Junio,25,2022,2,18,TR-3539 FERNDOWN DR,5,Calle Local - Pueblo,Urbano,Local,Town or Township Highway Agency,0,Sin jurisdiccion especial,0,39.61623889,-84.21996389,Banqueta,El primer evento no fue una colision con un vehiculo automotor en transporte,Not an Intersection,No fue interseccion,Sobre el lado de la calle,Ninguna,Oscuro sin iluminacion,Despejado,No,NO APLICA,2,21,2,28,1,25/06/2022,1
39,Ohio,390477,0,0,1,0,49,FRANKLIN (49),3200,GROVE CITY,6,Junio,27,2022,17,31,BUCKEYE PKWY,6,Calle Local Municipalidad,Urbano,Arteria Menor,City or Municipal Highway Agency,0,Sin jurisdiccion especial,0,39.86239444,-83.05298889,Banqueta,El primer evento no fue una colision con un vehiculo automotor en transporte,Not an Intersection,No fue interseccion,Sobre el lado de la calle,Ninguna,Dia total,Despejado,No,NO APLICA,17,31,17,35,1,27/06/2022,1
39,Ohio,390478,0,0,2,1,49,FRANKLIN (49),1800,COLUMBUS,6,Junio,29,2022,2,25,I-71,1,Interestatal,Urbano,Interestatal,State Highway Agency,1,Sin jurisdiccion especial,149,39.94700833,-83.01450278,Vehiculo Aparcado,El primer evento no fue una colision con un vehiculo automotor en transporte,Not an Intersection,No fue interseccion,Sobre calle,"Zona de trabajo, tipo desconocido",Oscuro con iluminacion,Nublado,No,NO APLICA,2,26,2,29,1,29/06/2022,1
39,Ohio,390479,0,0,2,0,49,FRANKLIN (49),1800,COLUMBUS,6,Junio,11,2022,23,16,SR-104 JAMES WAGNER MEMORIAL,3,Highway estatal,Urbano,Arterial Principal -Freeway o ExpressWay,State Highway Agency,1,Sin jurisdiccion especial,130,39.91776111,-82.92088056,Vehiculo en movimiento,Angulo,Not an Intersection,No fue interseccion,Sobre calle,Ninguna,Oscuro con iluminacion,lluvia,No,NO APLICA,23,19,23,25,1,11/06/2022,4
39,Ohio,390480,0,0,1,0,153,SUMMIT (153),3139,GREEN,5,Mayo,14,2022,22,51,CR-15 ARLINGTON RD,4,Calle del Condado,Urbano,Arteria Menor,County Highway Agency,0,Sin jurisdiccion especial,0,40.98367778,-81.49518611,Banqueta,El primer evento no fue una colision con un vehiculo automotor en transporte,Not an Intersection,No fue interseccion,Sobre el lado de la calle,Ninguna,Oscuro con iluminacion,Despejado,No,NO APLICA,22,53,22,58,1,14/05/2022,1
39,Ohio,390482,0,0,1,0,121,NOBLE (121),0,NO APLICA,6,Junio,19,2022,21,0,CR-50 RIPPLE RUN RD,4,Calle del Condado,Rural,Local,County Highway Agency,0,Sin jurisdiccion especial,0,39.73813056,-81.45999444,Acotamiento,El primer evento no fue una colision con un vehiculo automotor en transporte,Not an Intersection,No fue interseccion,Sobre el lado de la calle,Ninguna,Oscuro sin iluminacion,Despejado,No,NO APLICA,21,4,21,22,1,19/06/2022,1
39,Ohio,390483,0,0,2,0,25,CLERMONT (25),0,NO APLICA,6,Junio,19,2022,16,44,SR-222,3,Highway estatal,Rural,Colector Mayor,State Highway Agency,0,Sin jurisdiccion especial,229,39.05444167,-84.17544444,Vehiculo en movimiento,Frente a frente,Not an Intersection,No fue interseccion,Sobre calle,Ninguna,Dia total,Despejado,No,NO APLICA,16,42,16,54,2,19/06/2022,5
39,Ohio,390484,0,0,1,0,13,BELMONT (13),0,NO APLICA,6,Junio,12,2022,5,23,I-470,1,Interestatal,Urbano,Interestatal,State Highway Agency,1,Sin jurisdiccion especial,24,40.05566389,-80.81955833,Volcadura,El primer evento no fue una colision con un vehiculo automotor en transporte,Not an Intersection,No fue interseccion,En el medio,Ninguna,Dia total,Despejado,No,NO APLICA,5,27,5,34,1,12/06/2022,1
39,Ohio,390485,1,1,1,0,165,WARREN (165),0,NO APLICA,6,Junio,20,2022,18,32,TR-9 FRANKLIN MADISON RD,5,Calle Local - Pueblo,Rural,Local,Town or Township Highway Agency,0,Sin jurisdiccion especial,0,39.58419722,-84.365125,Ciclista,El primer evento no fue una colision con un vehiculo automotor en transporte,Not an Intersection,No fue interseccion,Sobre calle,Ninguna,Dia total,Nublado,No,NO APLICA,18,37,18,52,1,20/06/2022,1
39,Ohio,390486,0,0,2,0,145,SCIOTO (145),0,NO APLICA,6,Junio,19,2022,12,43,CR-503 OHIO RIVER RD,4,Calle del Condado,Urbano,Arteria Menor,County Highway Agency,0,Sin jurisdiccion especial,0,38.72133333,-82.85885833,Vehiculo en movimiento,Angulo,Not an Intersection,No fue interseccion,Sobre calle,Ninguna,Dia total,Despejado,No,NO APLICA,12,45,13,1,1,19/06/2022,3
39,Ohio,390487,0,0,1,0,81,JEFFERSON (81),0,NO APLICA,6,Junio,23,2022,14,31,CR-54 STATE PARK MOORETOWN RD,4,Calle del Condado,Rural,Colector Menor,County Highway Agency,0,Sin jurisdiccion especial,0,40.45719722,-80.78921111,Volcadura,El primer evento no fue una colision con un vehiculo automotor en transporte,Not an Intersection,No fue interseccion,Sobre el lado de la calle,Ninguna,Dia total,Despejado,No,NO APLICA,14,33,14,40,1,23/06/2022,1
39,Ohio,390488,0,0,5,0,55,GEAUGA (55),0,NO APLICA,6,Junio,18,2022,16,15,US-322 MAYFIELD RD,2,US Highway,Rural,Arteria Menor,State Highway Agency,0,Sin jurisdiccion especial,144,41.53255278,-81.11564444,Vehiculo en movimiento,Angulo,Four-Way Intersection,Interseccion de 4 direcciones,Sobre calle,Ninguna,Dia total,Despejado,No,NO APLICA,16,20,16,28,1,18/06/2022,5
39,Ohio,390489,0,0,5,0,5,ASHLAND (5),0,NO APLICA,6,Junio,22,2022,18,43,US-42,2,US Highway,Rural,Colector Mayor,State Highway Agency,0,Sin jurisdiccion especial,133,40.90123889,-82.21322778,Vehiculo en movimiento,Angulo,Four-Way Intersection,Interseccion de 4 direcciones,Sobre calle,Ninguna,Dia total,Despejado,No,NO APLICA,18,55,19,0,1,22/06/2022,5
39,Ohio,390490,0,0,2,0,129,PICKAWAY (129),0,NO APLICA,6,Junio,24,2022,15,50,US-62,2,US Highway,Rural,Arteria Menor,State Highway Agency,0,Sin jurisdiccion especial,62,39.79837778,-83.18665,Vehiculo en movimiento,Frente a Detrás,Not an Intersection,No fue interseccion,Sobre calle,Ninguna,Dia total,Despejado,No,NO APLICA,15,49,15,52,1,24/06/2022,2
39,Ohio,390491,0,0,1,0,167,WASHINGTON (167),0,NO APLICA,6,Junio,21,2022,13,42,CR-344 COUNTY HOUSE LN,4,Calle del Condado,Rural,Local,County Highway Agency,0,Sin jurisdiccion especial,0,39.41630278,-81.40463056,Zanja,El primer evento no fue una colision con un vehiculo automotor en transporte,Not an Intersection,No fue interseccion,Sobre el lado de la calle,Ninguna,Dia total,Despejado,No,NO APLICA,14,26,14,33,1,21/06/2022,1
39,Ohio,390492,0,0,2,0,115,MORGAN (115),0,NO APLICA,6,Junio,17,2022,17,11,SR-555,3,Highway estatal,Rural,Colector Mayor,State Highway Agency,0,Sin jurisdiccion especial,8,39.46675556,-81.83694167,Volcadura,El primer evento no fue una colision con un vehiculo automotor en transporte,Not an Intersection,No fue interseccion,Sobre calle,Ninguna,Dia total,Despejado,No,NO APLICA,17,13,17,33,1,17/06/2022,4
39,Ohio,390493,0,0,2,0,17,BUTLER (17),0,NO APLICA,5,Mayo,9,2022,10,54,CR-22 MILLIKIN  RD,4,Calle del Condado,Urbano,Colector Mayor,County Highway Agency,0,Sin jurisdiccion especial,0,39.39991667,-84.37913611,Vehiculo en movimiento,Frente a frente,Not an Intersection,No fue interseccion,Sobre calle,Ninguna,Dia total,Despejado,Yes,NO APLICA,88,88,88,88,1,09/05/2022,2
39,Ohio,390495,0,0,1,0,35,CUYAHOGA (35),7610,SOLON,7,Julio,1,2022,23,42,US-422,2,US Highway,Urbano,Arterial Principal -Freeway o ExpressWay,State Highway Agency,1,Sin jurisdiccion especial,160,41.40724722,-81.46834444,Poste de Señal de trafico,El primer evento no fue una colision con un vehiculo automotor en transporte,Not an Intersection,No fue interseccion,Sobre el lado de la calle,Ninguna,Oscuro con iluminacion,lluvia,No,NO APLICA,23,46,23,53,1,01/07/2022,4
39,Ohio,390496,0,0,1,0,9,ATHENS (9),0,NO APLICA,6,Junio,23,2022,19,30,TR-165 RIDGE RD,5,Calle Local - Pueblo,Rural,Local,Town or Township Highway Agency,0,Sin jurisdiccion especial,0,39.19479167,-81.78938889,Volcadura,El primer evento no fue una colision con un vehiculo automotor en transporte,Not an Intersection,No fue interseccion,Sobre el lado de la calle,Ninguna,Dia total,Despejado,No,NO APLICA,19,28,19,36,1,23/06/2022,1
39,Ohio,390497,0,0,2,0,113,MONTGOMERY (113),2090,DAYTON,6,Junio,30,2022,9,57,CR-74 HARSHMAN RD,4,Calle del Condado,Urbano,Arteria Principal,County Highway Agency,1,Sin jurisdiccion especial,0,39.78931111,-84.12486111,Vehiculo en movimiento,Frente a frente,Not an Intersection,No fue interseccion,Sobre calle,Ninguna,Dia total,Despejado,No,NO APLICA,9,54,9,56,1,30/06/2022,3
39,Ohio,390498,0,0,3,0,113,MONTGOMERY (113),0,NO APLICA,6,Junio,30,2022,7,50,CR-87 WEBSTER ST,4,Calle del Condado,Urbano,Arteria Principal,County Highway Agency,1,Sin jurisdiccion especial,0,39.82001944,-84.1795,Vehiculo en movimiento,Angulo,Four-Way Intersection,Interseccion de 4 direcciones,Sobre calle,Ninguna,Dia total,Despejado,No,NO APLICA,7,50,7,56,1,30/06/2022,3
39,Ohio,390499,1,1,1,0,145,SCIOTO (145),6700,PORTSMOUTH,5,Mayo,30,2022,12,26,US-52 11TH ST,2,US Highway,Urbano,Arteria Principal,State Highway Agency,1,Sin jurisdiccion especial,194,38.739175,-82.99388333,Peaton,El primer evento no fue una colision con un vehiculo automotor en transporte,Not an Intersection,No fue interseccion,Sobre calle,Ninguna,Dia total,Despejado,No,NO APLICA,99,99,99,99,1,30/05/2022,1
39,Ohio,390500,1,1,1,0,99,MAHONING (99),9230,YOUNGSTOWN,6,Junio,15,2022,18,25,CR-522 VESTAL  RD,4,Calle del Condado,Urbano,Colector Mayor,County Highway Agency,0,Sin jurisdiccion especial,0,41.11989444,-80.69537778,Peaton,El primer evento no fue una colision con un vehiculo automotor en transporte,Not an Intersection,No fue interseccion,Sobre calle,Ninguna,Dia total,Despejado,No,NO APLICA,18,27,99,99,1,15/06/2022,1
39,Ohio,390501,0,0,2,0,95,LUCAS (95),8120,TOLEDO,7,Julio,2,2022,20,29,US-24 DETROIT AVE,2,US Highway,Urbano,Arteria Principal,State Highway Agency,1,Sin jurisdiccion especial,241,41.65635,-83.57558056,Vehiculo en movimiento,Angulo,Four-Way Intersection,Interseccion de 4 direcciones,Sobre calle,Ninguna,Atardecer,Despejado,No,NO APLICA,20,30,20,34,1,02/07/2022,3
39,Ohio,390502,1,1,1,0,151,STARK (151),1320,CANTON,7,Julio,2,2022,14,1,2ND ST NE,6,Calle Local Municipalidad,Urbano,Local,City or Municipal Highway Agency,0,Sin jurisdiccion especial,0,40.79378056,-81.3476,Peaton,El primer evento no fue una colision con un vehiculo automotor en transporte,Not an Intersection,No fue interseccion,Sobre calle,Ninguna,Dia total,Despejado,No,NO APLICA,14,3,14,6,1,02/07/2022,3
39,Ohio,390503,0,0,1,0,49,FRANKLIN (49),1800,COLUMBUS,6,Junio,18,2022,22,54,US-23 4TH ST,2,US Highway,Urbano,Arteria Principal,State Highway Agency,1,Sin jurisdiccion especial,43,39.97581944,-82.9981,Otro objeto (no fijo),El primer evento no fue una colision con un vehiculo automotor en transporte,Not an Intersection,No fue interseccion,Sobre el lado de la calle,Ninguna,Oscuro con iluminacion,Despejado,No,NO APLICA,22,56,23,0,1,18/06/2022,1
39,Ohio,390504,0,0,2,0,49,FRANKLIN (49),1800,COLUMBUS,7,Julio,4,2022,23,7,CR-18 CENTRAL COLLEGE  RD,4,Calle del Condado,Urbano,Arteria Menor,County Highway Agency,0,Sin jurisdiccion especial,0,40.09859722,-82.82230556,Vehiculo en movimiento,Angulo,Four-Way Intersection,Interseccion de 4 direcciones,Sobre calle,Ninguna,Oscuro con iluminacion,Despejado,No,NO APLICA,23,10,23,19,1,04/07/2022,3
39,Ohio,390505,0,0,1,0,61,HAMILTON (61),0,NO APLICA,6,Junio,6,2022,9,38,I-74 ENTRANCE RAMP,1,Interestatal,Urbano,Interestatal,State Highway Agency,1,Sin jurisdiccion especial,110,39.19688056,-84.66479167,Barrera de Trafico de Concreto,El primer evento no fue una colision con un vehiculo automotor en transporte,Not an Intersection,No fue interseccion,Sobre el lado de la calle,Ninguna,Dia total,Despejado,No,NO APLICA,9,39,9,46,1,06/06/2022,1
39,Ohio,390507,0,0,1,0,61,HAMILTON (61),1610,CINCINNATI,7,Julio,3,2022,18,19,US-27 COLERAIN AV,2,US Highway,Urbano,Arteria Principal,State Highway Agency,1,Sin jurisdiccion especial,71,39.16480278,-84.55251389,Poste,El primer evento no fue una colision con un vehiculo automotor en transporte,Not an Intersection,No fue interseccion,Sobre el lado de la calle,Ninguna,Dia total,Despejado,No,NO APLICA,18,18,18,21,1,03/07/2022,4
39,Ohio,390508,0,0,1,0,7,ASHTABULA (7),0,NO APLICA,6,Junio,28,2022,6,0,CR-329 SEVEN HILLS RD,4,Calle del Condado,Rural,Local,County Highway Agency,0,Sin jurisdiccion especial,0,41.84389167,-80.77736944,Arbol,El primer evento no fue una colision con un vehiculo automotor en transporte,Not an Intersection,No fue interseccion,Sobre el lado de la calle,Ninguna,Dia total,Despejado,No,NO APLICA,6,3,6,14,1,28/06/2022,1
39,Ohio,390509,0,0,1,0,57,GREENE (57),0,NO APLICA,6,Junio,23,2022,22,6,TR-1153 RAVENWOOD  DR,5,Calle Local - Pueblo,Urbano,Local,Town or Township Highway Agency,0,Sin jurisdiccion especial,0,39.78418056,-84.03838611,Culvert,El primer evento no fue una colision con un vehiculo automotor en transporte,Not an Intersection,No fue interseccion,Sobre el lado de la calle,Ninguna,Oscuro sin iluminacion,Despejado,No,NO APLICA,22,1,22,6,1,23/06/2022,1
39,Ohio,390510,0,0,2,0,23,CLARK (23),0,NO APLICA,6,Junio,24,2022,14,47,SR-72 SPRINGFIELD-JAMESTOWN RD,3,Highway estatal,Urbano,Arteria Menor,State Highway Agency,0,Sin jurisdiccion especial,50,39.86976944,-83.81408056,Vehiculo en movimiento,Angulo,Not an Intersection,No fue interseccion,Sobre calle,Ninguna,Dia total,Despejado,No,NO APLICA,14,57,15,7,1,24/06/2022,8
39,Ohio,390511,0,0,1,0,175,WYANDOT (175),0,NO APLICA,6,Junio,25,2022,23,40,US-23,2,US Highway,Rural,Arteria Principal,State Highway Agency,1,Sin jurisdiccion especial,98,40.81793056,-83.23677222,Animal vivo,El primer evento no fue una colision con un vehiculo automotor en transporte,Not an Intersection,No fue interseccion,Sobre calle,Ninguna,Oscuro sin iluminacion,Despejado,No,NO APLICA,23,40,23,52,2,25/06/2022,2
39,Ohio,390513,1,1,1,0,165,WARREN (165),4120,LEBANON,6,Junio,25,2022,5,29,US-42 / SR-48 BYPASS,2,US Highway,Urbano,Arteria Principal,State Toll Road,0,Sin jurisdiccion especial,5,39.43488889,-84.18785,Peaton,El primer evento no fue una colision con un vehiculo automotor en transporte,Not an Intersection,No fue interseccion,Sobre calle,Ninguna,Oscuro sin iluminacion,Nublado,No,NO APLICA,5,29,5,40,1,25/06/2022,1
39,Ohio,390514,0,0,1,0,99,MAHONING (99),0,NO APLICA,6,Junio,27,2022,20,45,CR-99 LISBON RD,4,Calle del Condado,Rural,Local,County Highway Agency,0,Sin jurisdiccion especial,0,40.95742222,-80.79370833,"La carga del vehiculo (cambio, perdida, o otro)",El primer evento no fue una colision con un vehiculo automotor en transporte,Not an Intersection,No fue interseccion,Sobre calle,Ninguna,Dia total,Despejado,No,NO APLICA,20,35,20,38,1,27/06/2022,1
39,Ohio,390515,0,0,2,0,169,WAYNE (169),0,NO APLICA,7,Julio,1,2022,21,55,CR-94A CARR RD,4,Calle del Condado,Rural,Colector Menor,County Highway Agency,0,Sin jurisdiccion especial,0,40.74736667,-81.80699444,Vehiculo en movimiento,Frente a frente,Not an Intersection,No fue interseccion,Sobre calle,Ninguna,Oscuro sin iluminacion,Nublado,No,NO APLICA,21,59,22,7,1,01/07/2022,2
39,Ohio,390516,0,0,2,0,119,MUSKINGUM (119),0,NO APLICA,6,Junio,24,2022,7,54,CR-6 OLD RIVER RD,4,Calle del Condado,Rural,Local,County Highway Agency,0,Sin jurisdiccion especial,0,39.81513889,-81.89177222,Vehiculo en movimiento,Frente a frente,Not an Intersection,No fue interseccion,Sobre calle,Ninguna,Dia total,Despejado,No,NO APLICA,7,59,8,15,1,24/06/2022,4
39,Ohio,390517,0,0,3,0,137,PUTNAM (137),0,NO APLICA,6,Junio,26,2022,19,42,US-224,2,US Highway,Rural,Arteria Menor,State Highway Agency,0,Sin jurisdiccion especial,251,41.02178333,-83.96397778,Vehiculo en movimiento,Frente a Detrás,Not an Intersection,No fue interseccion,Sobre calle,Ninguna,Dia total,Despejado,No,NO APLICA,19,52,20,18,2,26/06/2022,11
39,Ohio,390518,0,0,1,0,3,ALLEN (3),0,NO APLICA,6,Junio,28,2022,20,30,CR-28 W UNION RD,4,Calle del Condado,Rural,Local,County Highway Agency,0,Sin jurisdiccion especial,0,40.75756667,-84.37029722,Volcadura,El primer evento no fue una colision con un vehiculo automotor en transporte,Not an Intersection,No fue interseccion,Sobre el lado de la calle,Ninguna,Dia total,Despejado,No,NO APLICA,99,99,20,39,1,28/06/2022,1