Estado,Nombre de Estado,Numero de Caso,Peatones,Personas _no_vehiculos,Vehiculos automotores,Vehiculos estacionados,Condado,Nombre Condado,Ciudad,Nombre Ciudad,Mes,Nombre Mes,Dia,Año,Hora,Minuto,Calle,Ruta,Nombre Ruta,Rural o Urbanoo,Sistema Funcional,Dueño Calle,Sistema Nacional Carreteras,Jurisdiccion Especial,Milla,Latitud,Longitud,Causa del Accidente,Tipo de Accidente,Tipo Interseccion,Columna1,Lugar en la calle,Zona de Trabajo,Luz,Clima,Autobus Escolar,Cruce de Trenes,Hora Notificacion,Minuto Notificacion,Hora Llegada,Minuto Llegada,Decesos,Fecha,PersonaVehiculo
39,Ohio,390519,0,0,1,0,169,WAYNE (169),0,NO APLICA,6,Junio,28,2022,16,10,CR-22 MECHANICSBURG RD,4,Calle del Condado,Rural,Colector Mayor,County Highway Agency,0,Sin jurisdiccion especial,0,40.84798056,-81.97900278,Zanja,El primer evento no fue una colision con un vehiculo automotor en transporte,Not an Intersection,No fue interseccion,Sobre el lado de la calle,Ninguna,Dia total,Despejado,No,NO APLICA,16,10,16,36,1,28/06/2022,2
39,Ohio,390520,0,0,2,1,49,FRANKLIN (49),1800,COLUMBUS,7,Julio,6,2022,21,36,RIVER BEND RD,6,Calle Local Municipalidad,Urbano,Local,City or Municipal Highway Agency,0,Sin jurisdiccion especial,0,39.92028611,-83.07660556,Buzon de correo,El primer evento no fue una colision con un vehiculo automotor en transporte,Not an Intersection,No fue interseccion,Sobre el lado de la calle,Ninguna,Oscuro sin iluminacion,Nublado,No,NO APLICA,21,36,21,41,1,06/07/2022,1
39,Ohio,390521,0,0,2,0,17,BUTLER (17),0,NO APLICA,7,Julio,6,2022,16,16,CR-31 RIVER RD,4,Calle del Condado,Urbano,Arteria Menor,County Highway Agency,0,Sin jurisdiccion especial,0,39.3138,-84.62433333,Vehiculo en movimiento,Frente a frente,Not an Intersection,No fue interseccion,Sobre calle,Ninguna,Dia total,lluvia,No,NO APLICA,16,17,16,31,1,06/07/2022,2
39,Ohio,390523,0,0,1,0,1,ADAMS (1),0,NO APLICA,6,Junio,29,2022,22,25,CR-32 KIRKPATRICK RD,4,Calle del Condado,Rural,Local,County Highway Agency,0,Sin jurisdiccion especial,0,38.89386389,-83.64276667,Volcadura,El primer evento no fue una colision con un vehiculo automotor en transporte,Not an Intersection,No fue interseccion,Sobre calle,Ninguna,Oscuro sin iluminacion,Despejado,No,NO APLICA,99,99,0,56,1,29/06/2022,1
39,Ohio,390524,0,0,2,0,29,COLUMBIANA (29),0,NO APLICA,6,Junio,22,2022,18,52,SR-165,3,Highway estatal,Rural,Colector Mayor,State Highway Agency,0,Sin jurisdiccion especial,22,40.87223611,-80.56282222,Vehiculo en movimiento,Angulo,Not an Intersection,No fue interseccion,Sobre calle,Ninguna,Dia total,Nublado,No,NO APLICA,99,99,99,99,1,22/06/2022,3
39,Ohio,390525,0,0,1,0,89,LICKING (89),0,NO APLICA,6,Junio,29,2022,17,13,TR-259 BUTLER RD,5,Calle Local - Pueblo,Rural,Local,Town or Township Highway Agency,0,Sin jurisdiccion especial,0,40.07371389,-82.34651389,Arbol,El primer evento no fue una colision con un vehiculo automotor en transporte,Not an Intersection,No fue interseccion,Sobre el lado de la calle,Ninguna,Dia total,Despejado,No,NO APLICA,17,17,17,30,1,29/06/2022,3
39,Ohio,390527,0,0,1,0,37,DARKE (37),0,NO APLICA,7,Julio,2,2022,23,50,US-36,2,US Highway,Rural,Arteria Menor,State Highway Agency,0,Sin jurisdiccion especial,159,40.10746944,-84.55563056,Culvert,El primer evento no fue una colision con un vehiculo automotor en transporte,Not an Intersection,No fue interseccion,Sobre el lado de la calle,Ninguna,Oscuro sin iluminacion,Despejado,No,NO APLICA,23,54,0,17,1,02/07/2022,2
39,Ohio,390528,1,1,1,0,49,FRANKLIN (49),1800,COLUMBUS,7,Julio,7,2022,22,23,US-23 MORSE RD,2,US Highway,Urbano,Arteria Principal,State Highway Agency,0,Sin jurisdiccion especial,187,40.06183056,-83.00453611,Peaton,El primer evento no fue una colision con un vehiculo automotor en transporte,Not an Intersection,No fue interseccion,Sobre calle,Ninguna,Oscuro con iluminacion,Despejado,No,NO APLICA,22,25,22,30,1,07/07/2022,4
39,Ohio,390529,1,1,1,0,49,FRANKLIN (49),1800,COLUMBUS,7,Julio,9,2022,3,51,I-670,1,Interestatal,Urbano,Interestatal,State Highway Agency,1,Sin jurisdiccion especial,31,39.97323056,-83.0099,Peaton,El primer evento no fue una colision con un vehiculo automotor en transporte,Not an Intersection,No fue interseccion,Sobre calle,Ninguna,Oscuro sin iluminacion,Despejado,No,NO APLICA,3,57,4,3,1,09/07/2022,3
39,Ohio,390530,0,0,3,0,107,MERCER (107),1430,CELINA,7,Julio,11,2022,6,59,US-127 S MAIN ST,2,US Highway,Urbano,Arteria Menor,State Highway Agency,0,Sin jurisdiccion especial,133,40.54442778,-84.570825,Otro objeto (fijo),El primer evento no fue una colision con un vehiculo automotor en transporte,Not an Intersection,No fue interseccion,Sobre el lado de la calle,Ninguna,Dia total,Despejado,No,NO APLICA,7,1,7,3,1,11/07/2022,3
39,Ohio,390531,0,0,2,0,15,BROWN (15),0,NO APLICA,7,Julio,2,2022,18,25,US-52 OH RIVER SCENIC BYWAY,2,US Highway,Rural,Arteria Principal,State Highway Agency,1,Sin jurisdiccion especial,22,38.78072778,-84.01051389,Vehiculo en movimiento,Frente a Detrás,Not an Intersection,No fue interseccion,Sobre calle,Ninguna,Dia total,Despejado,No,NO APLICA,18,38,19,2,1,02/07/2022,3
39,Ohio,390532,0,0,2,0,27,CLINTON (27),0,NO APLICA,7,Julio,1,2022,9,9,CR-39 MIDDLEBORO RD,4,Calle del Condado,Rural,Local,County Highway Agency,0,Sin jurisdiccion especial,0,39.31507778,-84.00069722,Vehiculo en movimiento,Frente a frente,Not an Intersection,No fue interseccion,Sobre calle,Ninguna,Dia total,Despejado,No,NO APLICA,9,15,9,35,1,01/07/2022,3
39,Ohio,390533,0,0,1,0,9,ATHENS (9),0,NO APLICA,6,Junio,30,2022,20,20,SR-681,3,Highway estatal,Rural,Colector Mayor,State Highway Agency,0,Sin jurisdiccion especial,98,39.20475278,-82.16160278,Volcadura,El primer evento no fue una colision con un vehiculo automotor en transporte,Not an Intersection,No fue interseccion,Sobre calle,Ninguna,Dia total,Despejado,No,NO APLICA,20,13,20,23,1,30/06/2022,1
39,Ohio,390534,1,1,1,0,57,GREENE (57),0,NO APLICA,7,Julio,1,2022,21,46,US-35,2,US Highway,Urbano,Arteria Principal,State Highway Agency,1,Sin jurisdiccion especial,70,39.695375,-83.98423333,Peaton,El primer evento no fue una colision con un vehiculo automotor en transporte,Not an Intersection,No fue interseccion,Sobre calle,Ninguna,Oscuro con iluminacion,lluvia,No,NO APLICA,9,47,9,54,1,01/07/2022,2
39,Ohio,390535,0,0,2,0,95,LUCAS (95),0,NO APLICA,7,Julio,5,2022,14,9,CR-1 FULTON LUCAS  RD,4,Calle del Condado,Rural,Colector Mayor,County Highway Agency,0,Sin jurisdiccion especial,0,41.70067778,-83.87971667,Vehiculo en movimiento,Angulo,Four-Way Intersection,Interseccion de 4 direcciones,Sobre calle,Ninguna,Dia total,Despejado,No,NO APLICA,14,3,14,21,1,05/07/2022,3
39,Ohio,390536,0,0,2,0,173,WOOD (173),0,NO APLICA,7,Julio,2,2022,10,24,SR-420,3,Highway estatal,Rural,Arteria Principal,State Highway Agency,1,Sin jurisdiccion especial,24,41.51958056,-83.46299722,Vehiculo en movimiento,Frente a Detrás,Not Reported,No reportado,Sobre calle,Ninguna,Dia total,Despejado,No,NO APLICA,10,22,10,34,1,02/07/2022,5
39,Ohio,390537,0,0,1,0,45,FAIRFIELD (45),0,NO APLICA,7,Julio,1,2022,12,30,SR-37 LANCASTER NEWARK RD,3,Highway estatal,Rural,Arteria Menor,State Highway Agency,0,Sin jurisdiccion especial,6,39.91943611,-82.54920833,Poste,El primer evento no fue una colision con un vehiculo automotor en transporte,Not an Intersection,No fue interseccion,Sobre el lado de la calle,Ninguna,Dia total,Nublado,No,NO APLICA,19,44,19,49,1,01/07/2022,1
39,Ohio,390538,0,0,1,0,93,LORAIN (93),0,NO APLICA,7,Julio,11,2022,2,54,SR-113,3,Highway estatal,Rural,Colector Mayor,State Highway Agency,0,Sin jurisdiccion especial,4,41.33483333,-82.33485833,Otra no colicion,El primer evento no fue una colision con un vehiculo automotor en transporte,Not an Intersection,No fue interseccion,Sobre calle,Ninguna,Oscuro sin iluminacion,Despejado,No,NO APLICA,3,7,3,20,1,11/07/2022,2
39,Ohio,390539,0,0,2,0,17,BUTLER (17),5010,MIDDLETOWN,7,Julio,4,2022,20,59,CR-611 GRAND AVE,4,Calle del Condado,Urbano,Colector Mayor,County Highway Agency,0,Sin jurisdiccion especial,0,39.50359444,-84.35526389,Volcadura,El primer evento no fue una colision con un vehiculo automotor en transporte,Four-Way Intersection,Interseccion de 4 direcciones,Sobre calle,Ninguna,Dia total,Despejado,No,NO APLICA,21,0,21,4,1,04/07/2022,2
39,Ohio,390540,0,0,2,0,17,BUTLER (17),0,NO APLICA,7,Julio,11,2022,17,25,CR-24 JACKSONBURG RD,4,Calle del Condado,Rural,Colector Menor,County Highway Agency,0,Sin jurisdiccion especial,0,39.524025,-84.50411111,Vehiculo en movimiento,Frente a Detrás,T-Intersection,Interseccion de T,Sobre calle,Ninguna,Dia total,Despejado,No,NO APLICA,17,32,17,35,1,11/07/2022,2
39,Ohio,390541,1,1,1,0,95,LUCAS (95),8120,TOLEDO,5,Mayo,11,2022,15,28,SECOR RD,6,Calle Local Municipalidad,Urbano,Arteria Principal,City or Municipal Highway Agency,0,Sin jurisdiccion especial,0,41.67638889,-83.62273889,Peaton,El primer evento no fue una colision con un vehiculo automotor en transporte,Four-Way Intersection,Interseccion de 4 direcciones,Sobre calle,Ninguna,Dia total,Despejado,No,NO APLICA,15,31,15,34,1,11/05/2022,1
39,Ohio,390542,0,0,2,0,95,LUCAS (95),8120,TOLEDO,7,Julio,14,2022,16,54,CR-5 SYLVANIA AVE,4,Calle del Condado,Urbano,Arteria Principal,County Highway Agency,0,Sin jurisdiccion especial,0,41.69101944,-83.66438056,Vehiculo en movimiento,Angulo,Four-Way Intersection,Interseccion de 4 direcciones,Sobre calle,Ninguna,Dia total,Despejado,No,NO APLICA,17,1,17,1,1,14/07/2022,2
39,Ohio,390543,0,0,2,0,49,FRANKLIN (49),1800,COLUMBUS,7,Julio,16,2022,9,1,US-62 NELSON  RD,2,US Highway,Urbano,Arteria Menor,State Highway Agency,0,Sin jurisdiccion especial,176,39.96793889,-82.95053889,Vehiculo en movimiento,Frente a frente,Not an Intersection,No fue interseccion,Sobre calle,Ninguna,Dia total,lluvia,No,NO APLICA,8,58,9,2,1,16/07/2022,2
39,Ohio,390544,0,0,2,0,151,STARK (151),0,NO APLICA,6,Junio,30,2022,16,41,SR-44 RAVENNA AV,3,Highway estatal,Rural,Colector Mayor,State Highway Agency,0,Sin jurisdiccion especial,55,40.75344167,-81.25051944,Vehiculo en movimiento,Frente a frente,Not an Intersection,No fue interseccion,Sobre calle,Ninguna,Dia total,Despejado,No,NO APLICA,16,44,16,56,1,30/06/2022,2
39,Ohio,390545,0,0,3,0,151,STARK (151),0,NO APLICA,6,Junio,30,2022,17,54,US-30,2,US Highway,Rural,Arteria Principal,State Highway Agency,1,Sin jurisdiccion especial,235,40.7756,-81.24130278,Vehiculo en movimiento,Angulo,Not an Intersection,No fue interseccion,Sobre calle,Ninguna,Dia total,Despejado,No,NO APLICA,17,57,18,7,1,30/06/2022,4
39,Ohio,390546,0,0,2,0,23,CLARK (23),0,NO APLICA,7,Julio,7,2022,15,40,TR-164 COUNTY LINE  RD,5,Calle Local - Pueblo,Rural,Colector Mayor,Town or Township Highway Agency,0,Sin jurisdiccion especial,0,40.02419167,-83.75981389,Vehiculo en movimiento,Angulo,Four-Way Intersection,Interseccion de 4 direcciones,Sobre calle,Ninguna,Dia total,Despejado,No,NO APLICA,15,40,15,45,2,07/07/2022,7
39,Ohio,390547,0,0,2,0,29,COLUMBIANA (29),0,NO APLICA,6,Junio,7,2022,11,35,CR-425 EAST LIVERPOOL RD,4,Calle del Condado,Rural,Colector Mayor,County Highway Agency,0,Sin jurisdiccion especial,0,40.710975,-80.69280278,Vehiculo en movimiento,Angulo,T-Intersection,Interseccion de T,Sobre calle,Ninguna,Dia total,Nublado,No,NO APLICA,11,49,12,0,1,07/06/2022,2
39,Ohio,390548,0,0,1,0,153,SUMMIT (153),6909,RICHFIELD,6,Junio,29,2022,19,2,I-77 VIETNAM VETERANS MEMORIAL,1,Interestatal,Urbano,Interestatal,State Highway Agency,1,Sin jurisdiccion especial,309,41.24008611,-81.62880833,Zanja,El primer evento no fue una colision con un vehiculo automotor en transporte,Not an Intersection,No fue interseccion,Sobre el lado de la calle,Ninguna,Dia total,Despejado,No,NO APLICA,19,7,19,12,1,29/06/2022,1
39,Ohio,390549,0,0,1,0,61,HAMILTON (61),7190,ST. BERNARD,7,Julio,8,2022,22,58,CR-659 VINE ST,4,Calle del Condado,Urbano,Arteria Principal,County Highway Agency,0,Sin jurisdiccion especial,0,39.175075,-84.49683611,Poste,El primer evento no fue una colision con un vehiculo automotor en transporte,Not an Intersection,No fue interseccion,Sobre el lado de la calle,Ninguna,Oscuro con iluminacion,Despejado,No,NO APLICA,22,58,23,1,1,08/07/2022,1
39,Ohio,390550,0,0,1,0,151,STARK (151),1320,CANTON,7,Julio,16,2022,11,19,CR-170 TRUMP AVE,4,Calle del Condado,Urbano,Arteria Menor,County Highway Agency,0,Sin jurisdiccion especial,0,40.81228333,-81.32416389,Fin de valla,El primer evento no fue una colision con un vehiculo automotor en transporte,Not an Intersection,No fue interseccion,Sobre el lado de la calle,Ninguna,Dia total,Nublado,No,NO APLICA,88,88,88,88,1,16/07/2022,1
39,Ohio,390551,0,0,2,0,95,LUCAS (95),8120,TOLEDO,7,Julio,19,2022,7,5,US-24 DETROIT AVE,2,US Highway,Urbano,Arteria Principal,State Highway Agency,1,Sin jurisdiccion especial,257,41.67735,-83.56218056,Vehiculo en movimiento,Angulo,Four-Way Intersection,Interseccion de 4 direcciones,Sobre calle,Ninguna,Dia total,Despejado,No,NO APLICA,7,6,7,10,1,19/07/2022,2
39,Ohio,390552,0,0,2,0,133,PORTAGE (133),7875,STREETSBORO,7,Julio,16,2022,14,39,SR-14,3,Highway estatal,Urbano,Arteria Principal,State Highway Agency,1,Sin jurisdiccion especial,37,41.23618889,-81.33411944,Vehiculo en movimiento,Frente a frente,Not an Intersection,No fue interseccion,Sobre calle,Ninguna,Dia total,Despejado,No,NO APLICA,14,41,14,44,1,16/07/2022,2
39,Ohio,390554,0,0,1,0,119,MUSKINGUM (119),0,NO APLICA,6,Junio,30,2022,20,20,CR-8 CANAL RD,4,Calle del Condado,Rural,Colector Menor,County Highway Agency,0,Sin jurisdiccion especial,0,40.10435556,-82.13475833,Acotamiento,El primer evento no fue una colision con un vehiculo automotor en transporte,Not an Intersection,No fue interseccion,Sobre el lado de la calle,Ninguna,Dia total,Despejado,No,NO APLICA,22,35,22,38,1,30/06/2022,1
39,Ohio,390555,0,0,2,0,9,ATHENS (9),0,NO APLICA,7,Julio,4,2022,13,20,SR-144,3,Highway estatal,Rural,Colector Mayor,State Highway Agency,0,Sin jurisdiccion especial,65,39.25175556,-81.81271667,Vehiculo en movimiento,Angulo,Not an Intersection,No fue interseccion,Sobre calle,Ninguna,Dia total,Nublado,No,NO APLICA,13,19,13,26,1,04/07/2022,2
39,Ohio,390556,0,0,1,0,113,MONTGOMERY (113),8710,WEST CARROLLTON,7,Julio,5,2022,20,14,I-75,1,Interestatal,Urbano,Interestatal,State Highway Agency,1,Sin jurisdiccion especial,56,39.66632222,-84.23488611,Acotamiento,El primer evento no fue una colision con un vehiculo automotor en transporte,Not an Intersection,No fue interseccion,Sobre el lado de la calle,Ninguna,Dia total,Despejado,No,NO APLICA,20,13,20,20,1,05/07/2022,1
39,Ohio,390557,0,0,1,0,115,MORGAN (115),0,NO APLICA,7,Julio,10,2022,13,1,SR-555,3,Highway estatal,Rural,Colector Menor,State Highway Agency,0,Sin jurisdiccion especial,125,39.56439722,-81.96636667,Volcadura,El primer evento no fue una colision con un vehiculo automotor en transporte,Not an Intersection,No fue interseccion,Sobre calle,Ninguna,Dia total,Despejado,No,NO APLICA,13,9,13,31,1,10/07/2022,1
39,Ohio,390558,0,0,2,0,3,ALLEN (3),0,NO APLICA,7,Julio,10,2022,17,6,SR-117 BELLEFONTAINE RD,3,Highway estatal,Urbano,Arteria Menor,State Highway Agency,0,Sin jurisdiccion especial,193,40.72594167,-84.06297222,Vehiculo en movimiento,Angulo,Not an Intersection,No fue interseccion,Sobre calle,Ninguna,Dia total,Despejado,No,NO APLICA,17,7,17,10,1,10/07/2022,2
39,Ohio,390559,0,0,2,0,141,ROSS (141),0,NO APLICA,7,Julio,10,2022,16,24,US-35,2,US Highway,Rural,Arteria Principal,State Highway Agency,1,Sin jurisdiccion especial,364,39.19131389,-82.77422778,Vehiculo en movimiento,Frente a Detrás,Four-Way Intersection,Interseccion de 4 direcciones,Sobre calle,Ninguna,Dia total,Despejado,No,NO APLICA,16,35,16,50,1,10/07/2022,2
39,Ohio,390560,0,0,1,0,103,MEDINA (103),0,NO APLICA,7,Julio,8,2022,0,10,CR-42 GRAFTON RD,4,Calle del Condado,Rural,Colector Menor,County Highway Agency,0,Sin jurisdiccion especial,0,41.26038333,-81.95556667,Zanja,El primer evento no fue una colision con un vehiculo automotor en transporte,Not an Intersection,No fue interseccion,Sobre el lado de la calle,Ninguna,Oscuro sin iluminacion,Despejado,No,NO APLICA,0,14,0,23,1,08/07/2022,1
39,Ohio,390561,0,0,4,0,113,MONTGOMERY (113),2090,DAYTON,7,Julio,14,2022,23,0,I-75,1,Interestatal,Urbano,Interestatal,State Highway Agency,1,Sin jurisdiccion especial,109,39.73620556,-84.20500556,Vehiculo en movimiento,Frente a Detrás,Not an Intersection,No fue interseccion,Sobre calle,"Zona de trabajo, tipo desconocido",Oscuro con iluminacion,Despejado,No,NO APLICA,23,3,23,10,2,14/07/2022,5
39,Ohio,390562,0,0,1,0,71,HIGHLAND (71),0,NO APLICA,7,Julio,12,2022,11,5,SR-138,3,Highway estatal,Rural,Colector Mayor,State Highway Agency,0,Sin jurisdiccion especial,251,39.26760556,-83.47880556,Zanja,El primer evento no fue una colision con un vehiculo automotor en transporte,Not an Intersection,No fue interseccion,Sobre el lado de la calle,Ninguna,Dia total,Despejado,No,NO APLICA,11,7,11,15,2,12/07/2022,2
39,Ohio,390563,0,0,1,0,171,WILLIAMS (171),0,NO APLICA,7,Julio,16,2022,16,22,US-20A,2,US Highway,Rural,Arteria Principal,State Highway Agency,1,Sin jurisdiccion especial,47,41.58658056,-84.55571944,Poste,El primer evento no fue una colision con un vehiculo automotor en transporte,Four-Way Intersection,Interseccion de 4 direcciones,Sobre el lado de la calle,Ninguna,Dia total,Nublado,No,NO APLICA,16,24,16,28,1,16/07/2022,1
39,Ohio,390564,0,0,2,0,25,CLERMONT (25),0,NO APLICA,7,Julio,13,2022,15,54,CR-133 WOODVILLE PIKE,4,Calle del Condado,Urbano,Colector Mayor,County Highway Agency,0,Sin jurisdiccion especial,0,39.20835,-84.16594444,Vehiculo en movimiento,Angulo,T-Intersection,Interseccion de T,Sobre calle,Ninguna,Dia total,Despejado,No,NO APLICA,15,48,15,53,2,13/07/2022,3
39,Ohio,390565,0,0,2,0,7,ASHTABULA (7),0,NO APLICA,7,Julio,15,2022,8,22,SR-307,3,Highway estatal,Rural,Colector Mayor,State Highway Agency,0,Sin jurisdiccion especial,162,41.712375,-80.7306,Vehiculo en movimiento,Frente a frente,Not an Intersection,No fue interseccion,Sobre calle,Ninguna,Dia total,Despejado,No,NO APLICA,8,36,8,54,1,15/07/2022,3
39,Ohio,390566,0,0,2,0,25,CLERMONT (25),0,NO APLICA,7,Julio,21,2022,13,35,SR-133,3,Highway estatal,Rural,Colector Mayor,State Highway Agency,0,Sin jurisdiccion especial,80,38.88963056,-84.09190278,Vehiculo en movimiento,Angulo,Not an Intersection,No fue interseccion,Sobre calle,Ninguna,Dia total,Despejado,No,NO APLICA,13,46,14,8,1,21/07/2022,4
39,Ohio,390567,0,0,2,0,71,HIGHLAND (71),0,NO APLICA,7,Julio,19,2022,15,41,US-50,2,US Highway,Rural,Arteria Menor,State Highway Agency,0,Sin jurisdiccion especial,74,39.20431667,-83.72989167,Vehiculo en movimiento,Angulo,Four-Way Intersection,Interseccion de 4 direcciones,Sobre calle,Ninguna,Dia total,Despejado,No,NO APLICA,15,47,15,56,1,19/07/2022,2
39,Ohio,390568,0,0,2,0,173,WOOD (173),920,BOWLING GREEN,7,Julio,19,2022,14,30,TR-98 BRIM RD,5,Calle Local - Pueblo,Urbano,Colector Mayor,Town or Township Highway Agency,0,Sin jurisdiccion especial,0,41.40066389,-83.66478889,Vehiculo en movimiento,Angulo,Four-Way Intersection,Interseccion de 4 direcciones,Sobre calle,Ninguna,Dia total,Despejado,No,NO APLICA,14,30,14,36,1,19/07/2022,2
39,Ohio,390569,0,0,2,0,35,CUYAHOGA (35),1680,CLEVELAND,6,Junio,12,2022,20,3,CR-43 HARVARD AV,4,Calle del Condado,Urbano,Arteria Menor,County Highway Agency,0,Sin jurisdiccion especial,0,41.449875,-81.56443333,Vehiculo en movimiento,Golpe Lateral - misma direccion,Not an Intersection,No fue interseccion,Sobre calle,Ninguna,Dia total,Nublado,No,NO APLICA,20,5,20,18,1,12/06/2022,2
39,Ohio,390570,0,0,2,0,37,DARKE (37),0,NO APLICA,7,Julio,20,2022,15,15,SR-49,3,Highway estatal,Rural,Arteria Principal,State Highway Agency,1,Sin jurisdiccion especial,88,40.01651944,-84.54696111,Vehiculo en movimiento,Angulo,Not an Intersection,No fue interseccion,Sobre calle,Ninguna,Dia total,Despejado,No,NO APLICA,15,17,16,28,2,20/07/2022,3
39,Ohio,390571,0,0,2,0,37,DARKE (37),0,NO APLICA,7,Julio,24,2022,0,38,US-127,2,US Highway,Rural,Arteria Menor,State Highway Agency,0,Sin jurisdiccion especial,71,40.01752778,-84.63403889,Vehiculo en movimiento,Frente a frente,Not an Intersection,No fue interseccion,Sobre calle,Ninguna,Oscuro sin iluminacion,Despejado,No,NO APLICA,0,40,0,50,2,24/07/2022,3
39,Ohio,390572,0,0,1,0,151,STARK (151),0,NO APLICA,7,Julio,17,2022,0,44,CR-314 ALABAMA AV,4,Calle del Condado,Rural,Colector Menor,County Highway Agency,0,Sin jurisdiccion especial,0,40.83533889,-81.62892222,Buzon de correo,El primer evento no fue una colision con un vehiculo automotor en transporte,Not an Intersection,No fue interseccion,Sobre el lado de la calle,Ninguna,Oscuro sin iluminacion,lluvia,No,NO APLICA,0,43,0,51,1,17/07/2022,2
39,Ohio,390573,1,1,1,0,3,ALLEN (3),4220,LIMA,7,Julio,18,2022,20,19,HARRISON AV,6,Calle Local Municipalidad,Urbano,Local,City or Municipal Highway Agency,0,Sin jurisdiccion especial,0,40.73689167,-84.09403056,Peaton,El primer evento no fue una colision con un vehiculo automotor en transporte,Not an Intersection,No fue interseccion,Sobre Acotamiento,Ninguna,Dia total,Despejado,No,NO APLICA,20,19,20,22,1,18/07/2022,1
39,Ohio,390574,0,0,1,0,49,FRANKLIN (49),1800,COLUMBUS,7,Julio,24,2022,20,19,5TH AV,6,Calle Local Municipalidad,Urbano,Arteria Menor,City or Municipal Highway Agency,0,Sin jurisdiccion especial,0,39.98618056,-82.981025,Poste,El primer evento no fue una colision con un vehiculo automotor en transporte,Not an Intersection,No fue interseccion,Sobre el lado de la calle,Ninguna,Dia total,Despejado,No,NO APLICA,20,21,20,25,2,24/07/2022,3
39,Ohio,390575,1,1,1,0,35,CUYAHOGA (35),6910,RICHMOND HTS,7,Julio,5,2022,22,41,CR-47 HIGHLAND RD,4,Calle del Condado,Urbano,Arteria Menor,County Highway Agency,0,Sin jurisdiccion especial,0,41.55276944,-81.51191944,Peaton,El primer evento no fue una colision con un vehiculo automotor en transporte,Not an Intersection,No fue interseccion,Sobre calle,Ninguna,Oscuro con iluminacion,Despejado,No,NO APLICA,22,42,22,46,1,05/07/2022,1
39,Ohio,390576,0,0,1,0,119,MUSKINGUM (119),0,NO APLICA,7,Julio,1,2022,2,42,CR-71 COOPERMILL RD,4,Calle del Condado,Rural,Local,County Highway Agency,0,Sin jurisdiccion especial,0,39.91485833,-82.10938333,Zanja,El primer evento no fue una colision con un vehiculo automotor en transporte,Not an Intersection,No fue interseccion,Sobre el lado de la calle,Ninguna,Oscuro sin iluminacion,Despejado,No,NO APLICA,2,41,2,54,1,01/07/2022,1
39,Ohio,390577,0,0,1,0,165,WARREN (165),0,NO APLICA,7,Julio,15,2022,19,50,SR-28,3,Highway estatal,Rural,Colector Mayor,State Highway Agency,0,Sin jurisdiccion especial,50,39.28710278,-84.00559167,Volcadura,El primer evento no fue una colision con un vehiculo automotor en transporte,Not an Intersection,No fue interseccion,Sobre calle,Ninguna,Dia total,Despejado,No,NO APLICA,19,56,20,18,1,15/07/2022,2
39,Ohio,390578,1,1,1,0,25,CLERMONT (25),0,NO APLICA,7,Julio,15,2022,22,3,CR-21 BRANCH HILL GUINEA  PI,4,Calle del Condado,Urbano,Arteria Menor,County Highway Agency,0,Sin jurisdiccion especial,0,39.24256111,-84.28114444,Peaton,El primer evento no fue una colision con un vehiculo automotor en transporte,T-Intersection,Interseccion de T,Sobre calle,Ninguna,Oscuro sin iluminacion,Nublado,No,NO APLICA,22,4,22,7,1,15/07/2022,1
39,Ohio,390579,0,0,1,0,133,PORTAGE (133),0,NO APLICA,7,Julio,17,2022,1,14,SR-14,3,Highway estatal,Rural,Arteria Menor,State Highway Agency,0,Sin jurisdiccion especial,234,41.04501111,-81.07559722,Zanja,El primer evento no fue una colision con un vehiculo automotor en transporte,Not an Intersection,No fue interseccion,Sobre el lado de la calle,Ninguna,Oscuro sin iluminacion,Despejado,No,NO APLICA,1,15,1,27,1,17/07/2022,1
39,Ohio,390580,0,0,1,0,5,ASHLAND (5),0,NO APLICA,7,Julio,15,2022,4,55,CR-30A,4,Calle del Condado,Rural,Colector Menor,County Highway Agency,0,Sin jurisdiccion especial,0,40.780825,-82.378275,Buzon de correo,El primer evento no fue una colision con un vehiculo automotor en transporte,Not an Intersection,No fue interseccion,Sobre el lado de la calle,Ninguna,Oscuro sin iluminacion,Despejado,No,NO APLICA,4,54,5,2,1,15/07/2022,1
39,Ohio,390581,0,0,2,0,27,CLINTON (27),0,NO APLICA,7,Julio,15,2022,19,47,SR-380,3,Highway estatal,Rural,Colector Mayor,State Highway Agency,0,Sin jurisdiccion especial,48,39.50376667,-83.94014722,Vehiculo en movimiento,Frente a frente,Not an Intersection,No fue interseccion,Sobre calle,Ninguna,Dia total,Nublado,No,NO APLICA,19,43,19,46,1,15/07/2022,2
39,Ohio,390582,0,0,1,0,157,TUSCARAWAS (157),0,NO APLICA,7,Julio,15,2022,22,20,SR-416 SEVEN MILE DR,3,Highway estatal,Urbano,Arteria Menor,State Highway Agency,0,Sin jurisdiccion especial,132,40.51238056,-81.43436111,Poste de Señal de trafico,El primer evento no fue una colision con un vehiculo automotor en transporte,Not an Intersection,No fue interseccion,Sobre el lado de la calle,Ninguna,Oscuro sin iluminacion,Despejado,No,NO APLICA,22,22,22,29,1,15/07/2022,1
39,Ohio,390583,0,0,2,0,151,STARK (151),0,NO APLICA,7,Julio,16,2022,22,43,US-30,2,US Highway,Urbano,Arterial Principal -Freeway o ExpressWay,State Highway Agency,1,Sin jurisdiccion especial,46,40.76407778,-81.57031667,Vehiculo en movimiento,Frente a frente,Not an Intersection,No fue interseccion,Sobre calle,Ninguna,Oscuro sin iluminacion,Nublado,No,NO APLICA,22,43,22,55,1,16/07/2022,2
39,Ohio,390584,0,0,2,0,7,ASHTABULA (7),0,NO APLICA,7,Julio,19,2022,17,32,SR-531 LAKE RD,3,Highway estatal,Urbano,Arteria Menor,State Highway Agency,0,Sin jurisdiccion especial,264,41.88121667,-80.85713333,Vehiculo en movimiento,Angulo,T-Intersection,Interseccion de T,Sobre calle,Ninguna,Dia total,Despejado,No,NO APLICA,17,30,17,30,1,19/07/2022,2