Estado,Nombre de Estado,Numero de Caso,Peatones,Personas _no_vehiculos,Vehiculos automotores,Vehiculos estacionados,Condado,Nombre Condado,Ciudad,Nombre Ciudad,Mes,Nombre Mes,Dia,Año,Hora,Minuto,Calle,Ruta,Nombre Ruta,Rural o Urbanoo,Sistema Funcional,Dueño Calle,Sistema Nacional Carreteras,Jurisdiccion Especial,Milla,Latitud,Longitud,Causa del Accidente,Tipo de Accidente,Tipo Interseccion,Columna1,Lugar en la calle,Zona de Trabajo,Luz,Clima,Autobus Escolar,Cruce de Trenes,Hora Notificacion,Minuto Notificacion,Hora Llegada,Minuto Llegada,Decesos,Fecha,PersonaVehiculo
39,Ohio,390585,0,0,2,0,57,GREENE (57),0,NO APLICA,7,Julio,15,2022,5,30,US-35,2,US Highway,Rural,Arterial Principal -Freeway o ExpressWay,State Highway Agency,1,Sin jurisdiccion especial,227,39.67030278,-83.73543611,Vehiculo en movimiento,Frente a Detrás,Not an Intersection,No fue interseccion,Sobre calle,Ninguna,Oscuro sin iluminacion,Nublado,No,NO APLICA,5,38,5,50,2,15/07/2022,3
39,Ohio,390586,0,0,4,0,41,DELAWARE (41),0,NO APLICA,7,Julio,20,2022,12,34,SR-315 OLENTANGY RIVER RD,3,Highway estatal,Urbano,Arteria Menor,State Highway Agency,0,Sin jurisdiccion especial,3,40.14251111,-83.04013611,Vehiculo en movimiento,Frente a Detrás,Not an Intersection,No fue interseccion,Sobre calle,Ninguna,Dia total,Nublado,No,NO APLICA,12,36,12,43,1,20/07/2022,7
39,Ohio,390587,0,0,2,0,59,GUERNSEY (59),0,NO APLICA,7,Julio,20,2022,16,3,SR-513,3,Highway estatal,Rural,Colector Mayor,State Highway Agency,0,Sin jurisdiccion especial,83,40.05104722,-81.31902222,Vehiculo en movimiento,Frente a frente,Not an Intersection,No fue interseccion,Sobre calle,Ninguna,Dia total,Despejado,No,NO APLICA,16,26,16,57,1,20/07/2022,4
39,Ohio,390588,0,0,1,0,3,ALLEN (3),0,NO APLICA,7,Julio,17,2022,12,48,I-75,1,Interestatal,Urbano,Interestatal,State Highway Agency,1,Sin jurisdiccion especial,83,40.74792778,-84.075725,Volcadura,El primer evento no fue una colision con un vehiculo automotor en transporte,Not an Intersection,No fue interseccion,Sobre calle,Ninguna,Dia total,lluvia,No,NO APLICA,13,52,13,56,1,17/07/2022,2
39,Ohio,390589,0,0,1,0,153,SUMMIT (153),70,AKRON,7,Julio,22,2022,22,23,GOODYEAR BL,6,Calle Local Municipalidad,Urbano,Local,City or Municipal Highway Agency,0,Sin jurisdiccion especial,0,41.07048611,-81.471775,Volcadura,El primer evento no fue una colision con un vehiculo automotor en transporte,Not an Intersection,No fue interseccion,Sobre calle,Ninguna,Oscuro con iluminacion,Despejado,No,NO APLICA,22,26,22,31,1,22/07/2022,1
39,Ohio,390590,0,0,2,0,153,SUMMIT (153),0,NO APLICA,7,Julio,12,2022,15,59,SR-18 AKRON MEDINA RD,3,Highway estatal,Urbano,Arteria Principal,State Highway Agency,1,Sin jurisdiccion especial,3,41.13586944,-81.67961111,Vehiculo en movimiento,Frente a frente,Not an Intersection,No fue interseccion,Sobre calle,Ninguna,Dia total,Despejado,No,NO APLICA,16,1,16,6,1,12/07/2022,2
39,Ohio,390591,0,0,2,0,173,WOOD (173),0,NO APLICA,7,Julio,22,2022,15,0,TR-111 LEMOYNE RD,5,Calle Local - Pueblo,Rural,Local,Town or Township Highway Agency,0,Sin jurisdiccion especial,0,41.41376111,-83.47383056,Vehiculo en movimiento,Angulo,Four-Way Intersection,Interseccion de 4 direcciones,Sobre calle,Ninguna,Dia total,Despejado,No,NO APLICA,15,5,15,8,1,22/07/2022,2
39,Ohio,390592,0,0,1,0,17,BUTLER (17),3260,HAMILTON,6,Junio,7,2022,23,4,CR-27 EATON AV,4,Calle del Condado,Urbano,Colector Mayor,County Highway Agency,0,Sin jurisdiccion especial,0,39.43333056,-84.58079167,Culvert,El primer evento no fue una colision con un vehiculo automotor en transporte,Not an Intersection,No fue interseccion,Sobre el lado de la calle,Ninguna,Oscuro con iluminacion,Despejado,No,NO APLICA,23,4,23,10,1,07/06/2022,1
39,Ohio,390593,4,4,1,0,103,MEDINA (103),0,NO APLICA,5,Mayo,4,2022,8,0,SR-18 NORWALK RD,3,Highway estatal,Rural,Arteria Principal,State Highway Agency,1,Sin jurisdiccion especial,4,41.16805,-82.06508333,Animal montado o vehiculo de traccion animal,El primer evento no fue una colision con un vehiculo automotor en transporte,Not an Intersection,No fue interseccion,Sobre calle,Ninguna,Dia total,lluvia,No,NO APLICA,8,7,8,15,1,04/05/2022,1
39,Ohio,390594,0,0,1,0,49,FRANKLIN (49),8940,WHITEHALL,6,Junio,3,2022,2,13,SR-317,3,Highway estatal,Urbano,Arteria Principal,State Highway Agency,1,Sin jurisdiccion especial,149,39.97291111,-82.87488889,Otro objeto (no fijo),El primer evento no fue una colision con un vehiculo automotor en transporte,Not an Intersection,No fue interseccion,Sobre calle,Ninguna,Oscuro con iluminacion,Despejado,No,NO APLICA,2,13,2,19,1,03/06/2022,1
39,Ohio,390595,1,1,1,0,153,SUMMIT (153),70,AKRON,7,Julio,20,2022,5,34,I-77,1,Interestatal,Urbano,Interestatal,State Highway Agency,1,Sin jurisdiccion especial,161,41.07015833,-81.57400556,Peaton,El primer evento no fue una colision con un vehiculo automotor en transporte,Not an Intersection,No fue interseccion,Sobre calle,Ninguna,Amanecer,Despejado,No,NO APLICA,99,98,99,98,1,20/07/2022,1
39,Ohio,390596,0,0,2,0,171,WILLIAMS (171),0,NO APLICA,7,Julio,23,2022,19,16,SR-49,3,Highway estatal,Rural,Colector Mayor,State Highway Agency,0,Sin jurisdiccion especial,77,41.52743889,-84.76887778,Vehiculo en movimiento,Angulo,Four-Way Intersection,Interseccion de 4 direcciones,Sobre calle,Ninguna,Dia total,Despejado,No,NO APLICA,19,15,19,19,1,23/07/2022,2
39,Ohio,390597,1,1,1,0,35,CUYAHOGA (35),572,BEDFORD HEIGHTS,6,Junio,5,2022,22,28,I-271,1,Interestatal,Urbano,Interestatal,State Highway Agency,1,Sin jurisdiccion especial,37,41.40369722,-81.50669444,Peaton,El primer evento no fue una colision con un vehiculo automotor en transporte,Not an Intersection,No fue interseccion,Sobre calle,Ninguna,Oscuro sin iluminacion,Despejado,No,NO APLICA,22,43,22,50,1,05/06/2022,1
39,Ohio,390598,0,0,2,0,109,MIAMI (109),0,NO APLICA,5,Mayo,16,2022,8,42,CR-25A,4,Calle del Condado,Urbano,Arteria Menor,County Highway Agency,0,Sin jurisdiccion especial,0,40.0867,-84.22336944,Vehiculo en movimiento,Frente a Detrás,Not an Intersection,No fue interseccion,Sobre calle,Ninguna,Dia total,Nublado,No,NO APLICA,8,43,8,50,1,16/05/2022,2
39,Ohio,390599,1,1,1,0,113,MONTGOMERY (113),2090,DAYTON,6,Junio,9,2022,21,29,PATTERSON RD,6,Calle Local Municipalidad,Urbano,Arteria Menor,City or Municipal Highway Agency,0,Sin jurisdiccion especial,0,39.72397222,-84.14873889,Peaton,El primer evento no fue una colision con un vehiculo automotor en transporte,Four-Way Intersection,Interseccion de 4 direcciones,Sobre calle,Ninguna,Oscuro con iluminacion,Despejado,No,NO APLICA,21,30,21,35,1,09/06/2022,1
39,Ohio,390600,0,0,1,0,35,CUYAHOGA (35),1680,CLEVELAND,7,Julio,9,2022,2,46,I-480,1,Interestatal,Urbano,Interestatal,State Highway Agency,1,Sin jurisdiccion especial,229,41.42476111,-81.55508889,Barrera de Trafico de Concreto,El primer evento no fue una colision con un vehiculo automotor en transporte,Not an Intersection,No fue interseccion,En el medio,Ninguna,Oscuro con iluminacion,Despejado,No,NO APLICA,2,46,2,52,1,09/07/2022,1
39,Ohio,390601,0,0,3,0,35,CUYAHOGA (35),1680,CLEVELAND,7,Julio,7,2022,2,42,SR-14 BROADWAY AV,3,Highway estatal,Urbano,Arteria Principal,State Highway Agency,1,Sin jurisdiccion especial,39,41.46127222,-81.64236944,Vehiculo en movimiento,Golpe Lateral - misma direccion,Four-Way Intersection,Interseccion de 4 direcciones,Sobre calle,Ninguna,Oscuro con iluminacion,Nublado,No,NO APLICA,2,47,2,51,2,07/07/2022,6
39,Ohio,390602,1,1,2,0,35,CUYAHOGA (35),1680,CLEVELAND,7,Julio,5,2022,0,27,CR-382 55TH ST,4,Calle del Condado,Urbano,Arteria Menor,County Highway Agency,0,Sin jurisdiccion especial,0,41.51201111,-81.651875,Peaton,El primer evento no fue una colision con un vehiculo automotor en transporte,T-Intersection,Interseccion de T,Sobre calle,Ninguna,Oscuro con iluminacion,Nublado,No,NO APLICA,0,30,0,31,1,05/07/2022,2
39,Ohio,390603,1,1,1,0,61,HAMILTON (61),0,NO APLICA,6,Junio,25,2022,1,9,SR-264 BRIDGETOWN RD,3,Highway estatal,Urbano,Arteria Menor,State Highway Agency,0,Sin jurisdiccion especial,77,39.15851111,-84.63361944,Peaton,El primer evento no fue una colision con un vehiculo automotor en transporte,Not an Intersection,No fue interseccion,Sobre calle,Ninguna,Oscuro con iluminacion,Despejado,No,NO APLICA,1,9,1,10,1,25/06/2022,1
39,Ohio,390604,0,0,1,0,61,HAMILTON (61),0,NO APLICA,6,Junio,29,2022,20,59,CR-141 MUDDY CREEK RD,4,Calle del Condado,Urbano,Local,County Highway Agency,0,Sin jurisdiccion especial,0,39.13204167,-84.65887778,Arbol,El primer evento no fue una colision con un vehiculo automotor en transporte,Not an Intersection,No fue interseccion,Fuera de la calle,Ninguna,Dia total,Despejado,No,NO APLICA,20,59,21,6,1,29/06/2022,1
39,Ohio,390605,0,0,2,0,37,DARKE (37),0,NO APLICA,7,Julio,25,2022,16,41,SR-49,3,Highway estatal,Rural,Colector Mayor,State Highway Agency,0,Sin jurisdiccion especial,263,40.22161389,-84.68913333,Vehiculo en movimiento,Angulo,Four-Way Intersection,Interseccion de 4 direcciones,Sobre calle,Ninguna,Dia total,Despejado,No,NO APLICA,16,43,16,48,1,25/07/2022,2
39,Ohio,390606,0,0,1,0,175,WYANDOT (175),0,NO APLICA,6,Junio,7,2022,5,4,CR-53,4,Calle del Condado,Rural,Local,County Highway Agency,0,Sin jurisdiccion especial,0,40.81773889,-83.36677222,Poste de Señal de trafico,El primer evento no fue una colision con un vehiculo automotor en transporte,Not an Intersection,No fue interseccion,Sobre el lado de la calle,Ninguna,Oscuro sin iluminacion,lluvia,No,NO APLICA,5,6,5,29,1,07/06/2022,1
39,Ohio,390607,0,0,1,0,35,CUYAHOGA (35),7880,STRONGSVILLE,7,Julio,31,2022,6,15,ALAMEDA DR,6,Calle Local Municipalidad,Urbano,Local,City or Municipal Highway Agency,0,Sin jurisdiccion especial,0,41.32641389,-81.85140278,Otro objeto (fijo),El primer evento no fue una colision con un vehiculo automotor en transporte,Not an Intersection,No fue interseccion,Fuera de la calle,Ninguna,Dia total,Despejado,No,NO APLICA,6,21,6,32,2,31/07/2022,3
39,Ohio,390608,0,0,2,0,49,FRANKLIN (49),1800,COLUMBUS,7,Julio,31,2022,17,49,14TH AVE,6,Calle Local Municipalidad,Urbano,Local,City or Municipal Highway Agency,0,Sin jurisdiccion especial,0,39.998,-82.98013056,Vehiculo en movimiento,Angulo,Four-Way Intersection,Interseccion de 4 direcciones,Sobre calle,Ninguna,Dia total,Despejado,No,NO APLICA,17,51,17,53,1,31/07/2022,3
39,Ohio,390609,0,0,3,0,49,FRANKLIN (49),1800,COLUMBUS,8,Agosto,1,2022,20,33,US-62 HARRISBURG PIKE,2,US Highway,Urbano,Arteria Principal,State Highway Agency,0,Sin jurisdiccion especial,117,39.94425,-83.03698889,Vehiculo en movimiento,Angulo,T-Intersection,Interseccion de T,Sobre calle,Ninguna,Dia total,Despejado,No,NO APLICA,20,35,20,38,1,01/08/2022,3
39,Ohio,390610,0,0,1,0,35,CUYAHOGA (35),1030,BROOKLYN,8,Agosto,3,2022,14,51,CR-245 CLINTON RD,4,Calle del Condado,Urbano,Colector Mayor,County Highway Agency,0,Sin jurisdiccion especial,0,41.45191111,-81.75340556,Acotamiento,El primer evento no fue una colision con un vehiculo automotor en transporte,Not an Intersection,No fue interseccion,Sobre el lado de la calle,Ninguna,Dia total,Despejado,No,NO APLICA,14,49,14,56,2,03/08/2022,2
39,Ohio,390611,0,0,1,0,61,HAMILTON (61),1610,CINCINNATI,7,Julio,30,2022,2,55,I-471 SB EXWY RAMP,1,Interestatal,Urbano,Interestatal,State Highway Agency,1,Sin jurisdiccion especial,4,39.10359167,-84.50056111,Muro,El primer evento no fue una colision con un vehiculo automotor en transporte,Not an Intersection,No fue interseccion,En el medio,Ninguna,Oscuro con iluminacion,Nublado,No,NO APLICA,2,56,3,1,1,30/07/2022,1
39,Ohio,390612,0,0,2,0,49,FRANKLIN (49),1800,COLUMBUS,7,Julio,29,2022,13,25,US-33 COLUMBUS LANCASTER RD,2,US Highway,Urbano,Arterial Principal -Freeway o ExpressWay,State Highway Agency,1,Sin jurisdiccion especial,279,39.87083889,-82.85559722,Vehiculo en movimiento,Angulo,T-Intersection,Interseccion de T,Sobre calle,Ninguna,Dia total,Despejado,No,NO APLICA,13,36,13,41,1,29/07/2022,3
39,Ohio,390613,2,2,1,0,61,HAMILTON (61),1610,CINCINNATI,5,Mayo,27,2022,22,15,US-42 READING RD,2,US Highway,Urbano,Arteria Principal,State Highway Agency,0,Sin jurisdiccion especial,44,39.14119167,-84.49287222,Peaton,El primer evento no fue una colision con un vehiculo automotor en transporte,Four-Way Intersection,Interseccion de 4 direcciones,Sobre calle,Ninguna,Oscuro con iluminacion,Nublado,No,NO APLICA,22,17,22,22,1,27/05/2022,1
39,Ohio,390614,1,1,1,0,125,PAULDING (125),4070,LATTY,7,Julio,23,2022,3,24,SR-613,3,Highway estatal,Rural,Colector Mayor,State Highway Agency,0,Sin jurisdiccion especial,120,41.09156944,-84.58310556,Peaton,El primer evento no fue una colision con un vehiculo automotor en transporte,Not an Intersection,No fue interseccion,Sobre calle,Ninguna,Oscuro sin iluminacion,Nublado,No,NO APLICA,3,26,3,41,1,23/07/2022,1
39,Ohio,390615,0,0,1,0,71,HIGHLAND (71),0,NO APLICA,7,Julio,24,2022,3,55,SR-138,3,Highway estatal,Rural,Colector Mayor,State Highway Agency,0,Sin jurisdiccion especial,124,39.18295,-83.65875556,Barda,El primer evento no fue una colision con un vehiculo automotor en transporte,Not an Intersection,No fue interseccion,Sobre el lado de la calle,Ninguna,Oscuro sin iluminacion,Despejado,No,NO APLICA,4,10,4,35,1,24/07/2022,1
39,Ohio,390616,0,0,2,0,169,WAYNE (169),0,NO APLICA,7,Julio,29,2022,11,45,SR-604,3,Highway estatal,Rural,Colector Menor,State Highway Agency,0,Sin jurisdiccion especial,73,40.94446667,-81.95641389,Vehiculo en movimiento,Angulo,Four-Way Intersection,Interseccion de 4 direcciones,Sobre calle,Ninguna,Dia total,Despejado,No,NO APLICA,11,45,12,1,1,29/07/2022,2
39,Ohio,390617,1,1,1,0,113,MONTGOMERY (113),0,NO APLICA,7,Julio,23,2022,0,5,I-70 DWIGHT D EISENHOWER,1,Interestatal,Rural,Interestatal,State Highway Agency,1,Sin jurisdiccion especial,3,39.83815556,-84.47668056,Peaton,El primer evento no fue una colision con un vehiculo automotor en transporte,Not an Intersection,No fue interseccion,Sobre calle,Ninguna,Oscuro sin iluminacion,Despejado,No,NO APLICA,0,5,0,11,1,23/07/2022,2
39,Ohio,390618,0,0,3,0,49,FRANKLIN (49),1300,CANAL WINCHESTER,7,Julio,24,2022,21,23,US-33,2,US Highway,Urbano,Arterial Principal -Freeway o ExpressWay,State Highway Agency,1,Sin jurisdiccion especial,303,39.85435278,-82.81562778,Zanja,El primer evento no fue una colision con un vehiculo automotor en transporte,Not an Intersection,No fue interseccion,En el medio,Ninguna,Oscuro sin iluminacion,Despejado,No,NO APLICA,21,26,21,28,2,24/07/2022,3
39,Ohio,390619,0,0,1,0,73,HOCKING (73),0,NO APLICA,7,Julio,24,2022,21,33,CR-116 CLEAR CREEK RD,4,Calle del Condado,Rural,Local,County Highway Agency,0,Sin jurisdiccion especial,0,39.59779722,-82.54891389,Volcadura,El primer evento no fue una colision con un vehiculo automotor en transporte,Not an Intersection,No fue interseccion,Sobre calle,Ninguna,Oscuro sin iluminacion,Nublado,No,NO APLICA,21,29,21,38,1,24/07/2022,1
39,Ohio,390620,0,0,2,0,45,FAIRFIELD (45),0,NO APLICA,7,Julio,28,2022,9,9,CR-58 MILLERSPORT RD,4,Calle del Condado,Rural,Colector Mayor,County Highway Agency,0,Sin jurisdiccion especial,0,39.85548056,-82.53849722,Vehiculo en movimiento,Frente a frente,Not an Intersection,No fue interseccion,Sobre calle,Ninguna,Dia total,Nublado,No,NO APLICA,9,3,9,7,1,28/07/2022,2
39,Ohio,390621,0,0,2,0,135,PREBLE (135),0,NO APLICA,7,Julio,26,2022,21,39,I-70,1,Interestatal,Rural,Interestatal,State Highway Agency,1,Sin jurisdiccion especial,70,39.83542222,-84.68241111,Vehiculo en movimiento,Frente a Detrás,Not an Intersection,No fue interseccion,Sobre calle,Ninguna,Oscuro sin iluminacion,Nublado,No,NO APLICA,99,99,22,10,1,26/07/2022,5
39,Ohio,390622,0,0,1,0,145,SCIOTO (145),0,NO APLICA,7,Julio,24,2022,3,51,CR-29 MORRIS LANE BLUE RUN,4,Calle del Condado,Rural,Colector Menor,County Highway Agency,0,Sin jurisdiccion especial,0,38.89465833,-82.89535,Zanja,El primer evento no fue una colision con un vehiculo automotor en transporte,Not an Intersection,No fue interseccion,Sobre el lado de la calle,Ninguna,Oscuro sin iluminacion,Nublado,No,NO APLICA,3,50,4,1,1,24/07/2022,2
39,Ohio,390623,0,0,2,0,109,MIAMI (109),0,NO APLICA,7,Julio,20,2022,6,7,I-75,1,Interestatal,Urbano,Interestatal,State Highway Agency,1,Sin jurisdiccion especial,102,40.05937778,-84.23251944,Vehiculo en movimiento,Frente a Detrás,Not an Intersection,No fue interseccion,Sobre calle,Ninguna,Oscuro sin iluminacion,Despejado,No,NO APLICA,6,8,6,13,1,20/07/2022,7
39,Ohio,390624,0,0,2,0,135,PREBLE (135),0,NO APLICA,7,Julio,14,2022,10,3,CR-21 CAMDEN WEST ELKTON RD,4,Calle del Condado,Rural,Colector Mayor,County Highway Agency,0,Sin jurisdiccion especial,0,39.62258889,-84.63613333,Vehiculo en movimiento,Frente a frente,Not an Intersection,No fue interseccion,Sobre calle,Ninguna,Dia total,Despejado,No,NO APLICA,10,15,10,36,1,14/07/2022,3
39,Ohio,390625,0,0,2,0,95,LUCAS (95),8120,TOLEDO,8,Agosto,4,2022,22,44,UPTON AVE,6,Calle Local Municipalidad,Urbano,Arteria Menor,City or Municipal Highway Agency,0,Sin jurisdiccion especial,0,41.676075,-83.58901944,Vehiculo en movimiento,Angulo,Four-Way Intersection,Interseccion de 4 direcciones,Sobre calle,Ninguna,Oscuro con iluminacion,Despejado,No,NO APLICA,22,45,22,52,1,04/08/2022,3
39,Ohio,390626,0,0,2,0,23,CLARK (23),0,NO APLICA,7,Julio,25,2022,11,3,US-68 SPRINGFIELD-XENIA RD,2,US Highway,Rural,Arteria Principal,State Highway Agency,1,Sin jurisdiccion especial,5,39.83249722,-83.86829722,Vehiculo en movimiento,Angulo,Four-Way Intersection,Interseccion de 4 direcciones,Sobre calle,Ninguna,Dia total,Nublado,No,NO APLICA,11,10,11,17,1,25/07/2022,3
39,Ohio,390627,0,0,1,0,95,LUCAS (95),0,NO APLICA,7,Julio,29,2022,10,24,SR-2 AIRPORT HWY,3,Highway estatal,Urbano,Arteria Principal,State Highway Agency,1,Sin jurisdiccion especial,66,41.60729167,-83.76162778,Poste,El primer evento no fue una colision con un vehiculo automotor en transporte,Not an Intersection,No fue interseccion,Sobre el lado de la calle,Ninguna,Dia total,Despejado,No,NO APLICA,10,26,10,32,1,29/07/2022,1
39,Ohio,390628,0,0,1,0,9,ATHENS (9),360,ATHENS,6,Junio,29,2022,17,26,US-50,2,US Highway,Urbano,Arteria Principal,State Highway Agency,1,Sin jurisdiccion especial,117,39.30321944,-82.10528333,Poste de Señal de trafico,El primer evento no fue una colision con un vehiculo automotor en transporte,Not an Intersection,No fue interseccion,Sobre el lado de la calle,Ninguna,Dia total,Despejado,No,NO APLICA,17,22,17,30,1,29/06/2022,1
39,Ohio,390629,0,0,1,0,35,CUYAHOGA (35),1680,CLEVELAND,7,Julio,20,2022,4,13,CR-9 ST CLAIR AV,4,Calle del Condado,Urbano,Arteria Menor,County Highway Agency,0,Sin jurisdiccion especial,0,41.50685,-81.68436111,Banqueta,El primer evento no fue una colision con un vehiculo automotor en transporte,Not an Intersection,No fue interseccion,Sobre el lado de la calle,Ninguna,Oscuro con iluminacion,Despejado,No,NO APLICA,4,19,4,20,1,20/07/2022,1
39,Ohio,390630,0,0,2,0,35,CUYAHOGA (35),1680,CLEVELAND,7,Julio,11,2022,21,53,I-77,1,Interestatal,Urbano,Interestatal,State Highway Agency,1,Sin jurisdiccion especial,0,41.48022778,-81.65939722,Vehiculo en movimiento,Golpe Lateral - misma direccion,Not an Intersection,No fue interseccion,Sobre calle,Ninguna,Oscuro con iluminacion,Despejado,No,NO APLICA,21,56,22,8,1,11/07/2022,4
39,Ohio,390631,1,1,1,0,57,GREENE (57),0,NO APLICA,7,Julio,11,2022,15,30,SR-725 FRANKLIN ST,3,Highway estatal,Urbano,Arteria Principal,State Highway Agency,0,Sin jurisdiccion especial,1,39.63808056,-84.10874444,No vehiculo o remolque,El primer evento no fue una colision con un vehiculo automotor en transporte,Not an Intersection,No fue interseccion,Sobre calle,Ninguna,Dia total,Despejado,No,NO APLICA,15,31,15,35,1,11/07/2022,2
39,Ohio,390632,0,0,2,0,61,HAMILTON (61),0,NO APLICA,5,Mayo,22,2022,20,51,SR-264 GLENWAY AV,3,Highway estatal,Urbano,Arteria Principal,State Highway Agency,0,Sin jurisdiccion especial,83,39.15285833,-84.62805278,Vehiculo en movimiento,Angulo,T-Intersection,Interseccion de T,Sobre calle,Ninguna,Oscuro con iluminacion,Nublado,No,NO APLICA,20,51,20,54,1,22/05/2022,2
39,Ohio,390633,0,0,2,0,21,CHAMPAIGN (21),0,NO APLICA,6,Junio,21,2022,6,54,SR-55,3,Highway estatal,Rural,Colector Mayor,State Highway Agency,0,Sin jurisdiccion especial,42,40.05486389,-83.95698333,Vehiculo en movimiento,Frente a frente,T-Intersection,Interseccion de T,Sobre calle,Ninguna,Amanecer,Despejado,No,NO APLICA,6,55,7,12,1,21/06/2022,2
39,Ohio,390634,0,0,2,0,25,CLERMONT (25),0,NO APLICA,6,Junio,14,2022,21,36,SR-125 OHIO PIKE,3,Highway estatal,Urbano,Arteria Principal,State Highway Agency,1,Sin jurisdiccion especial,36,39.05149167,-84.252325,Vehiculo en movimiento,Angulo,T-Intersection,Interseccion de T,Sobre calle,Ninguna,Oscuro sin iluminacion,Despejado,No,NO APLICA,21,36,21,40,1,14/06/2022,2
39,Ohio,390635,0,0,2,0,165,WARREN (165),2710,FRANKLIN,7,Julio,20,2022,20,2,SR-73 2ND ST,3,Highway estatal,Urbano,Arteria Principal,State Highway Agency,1,Sin jurisdiccion especial,26,39.56340278,-84.29155278,Vehiculo en movimiento,Angulo,Four-Way Intersection,Interseccion de 4 direcciones,Sobre calle,Ninguna,Dia total,Despejado,No,NO APLICA,20,5,20,7,1,20/07/2022,2
39,Ohio,390636,0,0,2,0,33,CRAWFORD (33),9997,Other,8,Agosto,7,2022,13,36,CR-229 LEESVILLE RD,4,Calle del Condado,Rural,Local,County Highway Agency,0,Sin jurisdiccion especial,0,40.79669444,-82.79883333,Vehiculo en movimiento,Frente a frente,Not an Intersection,No fue interseccion,Sobre calle,Ninguna,Dia total,lluvia,No,NO APLICA,13,46,13,53,2,07/08/2022,3
39,Ohio,390637,1,1,1,0,49,FRANKLIN (49),3200,GROVE CITY,8,Agosto,1,2022,5,1,I-270,1,Interestatal,Rural,Interestatal,State Highway Agency,1,Sin jurisdiccion especial,541,39.88580278,-83.02766944,Peaton,El primer evento no fue una colision con un vehiculo automotor en transporte,Not an Intersection,No fue interseccion,Sobre calle,Ninguna,Oscuro sin iluminacion,Despejado,No,NO APLICA,5,1,5,10,1,01/08/2022,1
39,Ohio,390638,0,0,1,0,153,SUMMIT (153),8205,TWINSBURG,8,Agosto,6,2022,12,59,I-480,1,Interestatal,Urbano,Interestatal,State Highway Agency,1,Sin jurisdiccion especial,23,41.32879167,-81.47642778,Otra no colicion,El primer evento no fue una colision con un vehiculo automotor en transporte,Not an Intersection,No fue interseccion,Sobre calle,Ninguna,Dia total,Despejado,No,NO APLICA,99,98,99,98,1,06/08/2022,1
39,Ohio,390639,1,1,1,0,49,FRANKLIN (49),3200,GROVE CITY,8,Agosto,3,2022,22,45,I-270 JACK NICKLAUS FWY,1,Interestatal,Urbano,Interestatal,State Highway Agency,1,Sin jurisdiccion especial,16,39.90219444,-83.06753889,Peaton,El primer evento no fue una colision con un vehiculo automotor en transporte,Not an Intersection,No fue interseccion,Sobre calle,Ninguna,Oscuro sin iluminacion,Despejado,No,NO APLICA,23,12,23,18,1,03/08/2022,1
39,Ohio,390640,0,0,1,0,61,HAMILTON (61),0,NO APLICA,6,Junio,30,2022,22,40,CR-71 BLUE ROCK RD,4,Calle del Condado,Rural,Colector Mayor,County Highway Agency,0,Sin jurisdiccion especial,0,39.23578611,-84.63905,Valla Ferrocarril,El primer evento no fue una colision con un vehiculo automotor en transporte,Not an Intersection,No fue interseccion,Sobre el lado de la calle,Ninguna,Oscuro sin iluminacion,Despejado,No,NO APLICA,22,40,22,47,1,30/06/2022,1
39,Ohio,390641,0,0,2,0,61,HAMILTON (61),0,NO APLICA,5,Mayo,9,2022,9,1,SR-4 VINE ST,3,Highway estatal,Urbano,Arteria Principal,State Highway Agency,1,Sin jurisdiccion especial,36,39.20797222,-84.47460278,Vehiculo en movimiento,Golpe Lateral - misma direccion,T-Intersection,Interseccion de T,Sobre calle,Ninguna,Dia total,Despejado,No,NO APLICA,9,1,9,9,1,09/05/2022,2
39,Ohio,390643,0,0,2,0,35,CUYAHOGA (35),1030,BROOKLYN,8,Agosto,1,2022,20,40,CR-200 TIEDEMAN RD,4,Calle del Condado,Urbano,Arteria Menor,County Highway Agency,0,Sin jurisdiccion especial,0,41.42676111,-81.76155556,Vehiculo en movimiento,Angulo,Four-Way Intersection,Interseccion de 4 direcciones,Sobre calle,Ninguna,Atardecer,Despejado,No,NO APLICA,99,99,99,99,1,01/08/2022,2
39,Ohio,390644,0,0,1,0,99,MAHONING (99),9230,YOUNGSTOWN,6,Junio,25,2022,1,3,CR-155 SOUTHERN BLVD,4,Calle del Condado,Urbano,Arteria Menor,County Highway Agency,0,Sin jurisdiccion especial,0,41.06623889,-80.65656944,Otro objeto (fijo),El primer evento no fue una colision con un vehiculo automotor en transporte,Four-Way Intersection,Interseccion de 4 direcciones,Sobre el lado de la calle,Ninguna,Oscuro con iluminacion,Despejado,No,NO APLICA,1,6,1,7,1,25/06/2022,1
39,Ohio,390645,0,0,1,0,99,MAHONING (99),0,NO APLICA,7,Julio,17,2022,22,0,I-76,1,Interestatal,Rural,Interestatal,State Toll Road,1,Sin jurisdiccion especial,183,40.93885556,-80.58272778,Volcadura,El primer evento no fue una colision con un vehiculo automotor en transporte,Not an Intersection,No fue interseccion,En el medio,"Zona de trabajo, tipo desconocido",Oscuro con iluminacion,lluvia,No,NO APLICA,22,5,22,19,1,17/07/2022,1
39,Ohio,390646,1,1,2,0,95,LUCAS (95),0,NO APLICA,7,Julio,29,2022,21,28,I-475,1,Interestatal,Urbano,Interestatal,State Highway Agency,1,Sin jurisdiccion especial,111,41.68973056,-83.66894167,Vehiculo en movimiento,Frente a Detrás,Not an Intersection,No fue interseccion,Sobre calle,Ninguna,Oscuro con iluminacion,Despejado,No,NO APLICA,21,28,21,35,1,29/07/2022,1
39,Ohio,390647,0,0,2,0,79,JACKSON (79),0,NO APLICA,7,Julio,29,2022,19,43,CR-45 ERWIN RD,4,Calle del Condado,Rural,Colector Menor,County Highway Agency,0,Sin jurisdiccion especial,0,38.98358333,-82.55185556,Vehiculo en movimiento,Frente a frente,T-Intersection,Interseccion de T,Sobre calle,Ninguna,Dia total,Despejado,No,NO APLICA,19,40,19,52,1,29/07/2022,2