Estado,Nombre de Estado,Numero de Caso,Peatones,Personas _no_vehiculos,Vehiculos automotores,Vehiculos estacionados,Condado,Nombre Condado,Ciudad,Nombre Ciudad,Mes,Nombre Mes,Dia,Año,Hora,Minuto,Calle,Ruta,Nombre Ruta,Rural o Urbanoo,Sistema Funcional,Dueño Calle,Sistema Nacional Carreteras,Jurisdiccion Especial,Milla,Latitud,Longitud,Causa del Accidente,Tipo de Accidente,Tipo Interseccion,Columna1,Lugar en la calle,Zona de Trabajo,Luz,Clima,Autobus Escolar,Cruce de Trenes,Hora Notificacion,Minuto Notificacion,Hora Llegada,Minuto Llegada,Decesos,Fecha,PersonaVehiculo
39,Ohio,390648,0,0,1,0,117,MORROW (117),0,NO APLICA,7,Julio,30,2022,4,43,CR-24,4,Calle del Condado,Rural,Local,County Highway Agency,0,Sin jurisdiccion especial,0,40.4412,-82.84803611,Barda,El primer evento no fue una colision con un vehiculo automotor en transporte,Not an Intersection,No fue interseccion,Sobre el lado de la calle,Ninguna,Oscuro sin iluminacion,Despejado,No,NO APLICA,4,37,4,47,1,30/07/2022,1
39,Ohio,390649,0,0,1,0,117,MORROW (117),0,NO APLICA,8,Agosto,3,2022,10,33,TR-21,5,Calle Local - Pueblo,Rural,Local,Town or Township Highway Agency,0,Sin jurisdiccion especial,0,40.41133611,-82.80978611,Arbol,El primer evento no fue una colision con un vehiculo automotor en transporte,Not an Intersection,No fue interseccion,Sobre el lado de la calle,Ninguna,Dia total,Despejado,No,NO APLICA,10,31,10,36,1,03/08/2022,1
39,Ohio,390650,0,0,1,0,79,JACKSON (79),8670,WELLSTON,7,Julio,30,2022,23,3,SR-327 PENNSYLVANIA AV,3,Highway estatal,Urbano,Arteria Menor,State Highway Agency,0,Sin jurisdiccion especial,79,39.09776389,-82.53739722,Fin de valla,El primer evento no fue una colision con un vehiculo automotor en transporte,Not an Intersection,No fue interseccion,Sobre el lado de la calle,Ninguna,Oscuro sin iluminacion,Despejado,No,NO APLICA,22,58,23,5,1,30/07/2022,2
39,Ohio,390651,0,0,1,0,121,NOBLE (121),0,NO APLICA,8,Agosto,2,2022,6,29,I-77 VIETNAM VET MEM HWY,1,Interestatal,Urbano,Interestatal,State Highway Agency,1,Sin jurisdiccion especial,115,39.79255833,-81.55004722,Acotamiento,El primer evento no fue una colision con un vehiculo automotor en transporte,Not an Intersection,No fue interseccion,En el medio,Ninguna,Amanecer,Nublado,No,NO APLICA,6,35,6,44,1,02/08/2022,1
39,Ohio,390652,0,0,2,0,83,KNOX (83),0,NO APLICA,8,Agosto,1,2022,18,44,SR-661,3,Highway estatal,Rural,Colector Mayor,State Highway Agency,0,Sin jurisdiccion especial,55,40.34604167,-82.50317222,Vehiculo en movimiento,Frente a frente,Not an Intersection,No fue interseccion,Sobre calle,Ninguna,Dia total,Despejado,No,NO APLICA,18,43,18,49,1,01/08/2022,5
39,Ohio,390654,0,0,1,0,41,DELAWARE (41),0,NO APLICA,8,Agosto,5,2022,12,5,I-71,1,Interestatal,Urbano,Interestatal,State Highway Agency,1,Sin jurisdiccion especial,16,40.15901944,-82.96858889,Valla Ferrocarril,El primer evento no fue una colision con un vehiculo automotor en transporte,Not an Intersection,No fue interseccion,Sobre el lado de la calle,Ninguna,Dia total,lluvia,No,NO APLICA,12,7,12,15,1,05/08/2022,1
39,Ohio,390655,0,0,1,0,155,TRUMBULL (155),0,NO APLICA,8,Agosto,2,2022,18,10,SR-534,3,Highway estatal,Rural,Colector Mayor,State Highway Agency,0,Sin jurisdiccion especial,115,41.28495833,-80.96487778,Volcadura,El primer evento no fue una colision con un vehiculo automotor en transporte,Not an Intersection,No fue interseccion,Sobre calle,Ninguna,Dia total,Nublado,No,NO APLICA,18,17,18,25,1,02/08/2022,1
39,Ohio,390657,1,1,1,0,113,MONTGOMERY (113),2090,DAYTON,8,Agosto,5,2022,23,22,SR-48 MAIN ST,3,Highway estatal,Urbano,Arteria Principal,State Highway Agency,1,Sin jurisdiccion especial,153,39.79113056,-84.21423889,Peaton,El primer evento no fue una colision con un vehiculo automotor en transporte,Four-Way Intersection,Interseccion de 4 direcciones,Sobre calle,Ninguna,Oscuro con iluminacion,Despejado,No,NO APLICA,23,22,23,29,1,05/08/2022,1
39,Ohio,390658,0,0,1,0,17,BUTLER (17),0,NO APLICA,8,Agosto,5,2022,6,32,CR-209 CALIFORNIA RD,4,Calle del Condado,Rural,Colector Mayor,County Highway Agency,0,Sin jurisdiccion especial,0,39.32233333,-84.79565,Culvert,El primer evento no fue una colision con un vehiculo automotor en transporte,Not an Intersection,No fue interseccion,Sobre el lado de la calle,Ninguna,Oscuro sin iluminacion,Nublado,No,NO APLICA,6,32,6,42,1,05/08/2022,1
39,Ohio,390659,0,0,1,0,109,MIAMI (109),0,NO APLICA,7,Julio,23,2022,20,52,I-75,1,Interestatal,Urbano,Interestatal,State Highway Agency,1,Sin jurisdiccion especial,40,39.98058889,-84.195825,Zanja,El primer evento no fue una colision con un vehiculo automotor en transporte,Not an Intersection,No fue interseccion,Sobre el lado de la calle,Ninguna,Oscuro con iluminacion,Nublado,No,NO APLICA,20,50,20,53,1,23/07/2022,1
39,Ohio,390660,0,0,2,0,139,RICHLAND (139),0,NO APLICA,7,Julio,29,2022,11,4,CR-133 LEXINGTON SPRINGMILL RD,4,Calle del Condado,Urbano,Arteria Menor,County Highway Agency,0,Sin jurisdiccion especial,0,40.71017778,-82.58082778,Vehiculo en movimiento,Angulo,T-Intersection,Interseccion de T,Sobre calle,Ninguna,Dia total,Despejado,No,NO APLICA,11,5,11,9,1,29/07/2022,3
39,Ohio,390661,0,0,2,1,87,LAWRENCE (87),0,NO APLICA,8,Agosto,5,2022,20,2,SR-775,3,Highway estatal,Rural,Colector Mayor,State Highway Agency,0,Sin jurisdiccion especial,66,38.51394444,-82.39206667,Zanja,El primer evento no fue una colision con un vehiculo automotor en transporte,Not an Intersection,No fue interseccion,Sobre el lado de la calle,Ninguna,Dia total,Nublado,No,NO APLICA,19,58,20,7,1,05/08/2022,1
39,Ohio,390662,0,0,2,0,113,MONTGOMERY (113),0,NO APLICA,8,Agosto,12,2022,20,12,CR-249 SALEM AVE,4,Calle del Condado,Urbano,Arteria Menor,County Highway Agency,0,Sin jurisdiccion especial,0,39.79491111,-84.247825,Vehiculo en movimiento,Angulo,T-Intersection,Interseccion de T,Sobre calle,Ninguna,Dia total,Despejado,No,NO APLICA,20,14,20,18,1,12/08/2022,3
39,Ohio,390663,0,0,1,0,65,HARDIN (65),0,NO APLICA,8,Agosto,9,2022,3,15,CR-75,4,Calle del Condado,Rural,Colector Menor,County Highway Agency,0,Sin jurisdiccion especial,0,40.52850278,-83.74744722,Arbol,El primer evento no fue una colision con un vehiculo automotor en transporte,Not an Intersection,No fue interseccion,Sobre el lado de la calle,Ninguna,Oscuro sin iluminacion,Despejado,No,NO APLICA,3,19,3,29,1,09/08/2022,1
39,Ohio,390664,0,0,1,0,139,RICHLAND (139),4680,MANSFIELD,6,Junio,27,2022,23,41,SR-430 PARK AV,3,Highway estatal,Urbano,Arteria Menor,State Highway Agency,0,Sin jurisdiccion especial,51,40.75852778,-82.51439167,Banqueta,El primer evento no fue una colision con un vehiculo automotor en transporte,Not an Intersection,No fue interseccion,Sobre el lado de la calle,Ninguna,Oscuro con iluminacion,Despejado,No,NO APLICA,23,42,23,44,1,27/06/2022,1
39,Ohio,390665,0,0,1,0,95,LUCAS (95),8120,TOLEDO,8,Agosto,13,2022,22,48,CR-84 HEATHERDOWNS BLVD,4,Calle del Condado,Urbano,Arteria Menor,County Highway Agency,0,Sin jurisdiccion especial,0,41.6051,-83.62166944,Arbol,El primer evento no fue una colision con un vehiculo automotor en transporte,Not an Intersection,No fue interseccion,Sobre el lado de la calle,Ninguna,Oscuro con iluminacion,lluvia,No,NO APLICA,22,56,23,9,1,13/08/2022,1
39,Ohio,390667,0,0,1,0,61,HAMILTON (61),1610,CINCINNATI,8,Agosto,4,2022,3,20,CR-163 WESTWOOD NORTHERN BL,4,Calle del Condado,Urbano,Arteria Menor,County Highway Agency,0,Sin jurisdiccion especial,0,39.14113889,-84.55197778,Poste,El primer evento no fue una colision con un vehiculo automotor en transporte,Not an Intersection,No fue interseccion,Sobre el lado de la calle,Ninguna,Oscuro con iluminacion,Nublado,No,NO APLICA,3,23,3,24,1,04/08/2022,2
39,Ohio,390668,0,0,1,0,49,FRANKLIN (49),2780,GAHANNA,8,Agosto,17,2022,0,26,LINCOLNSHIRE RD,6,Calle Local Municipalidad,Urbano,Local,City or Municipal Highway Agency,0,Sin jurisdiccion especial,0,40.0281,-82.89948056,Banqueta,El primer evento no fue una colision con un vehiculo automotor en transporte,Not an Intersection,No fue interseccion,Sobre el lado de la calle,Ninguna,Oscuro sin iluminacion,Despejado,No,NO APLICA,1,27,1,35,1,17/08/2022,1
39,Ohio,390669,0,0,2,0,61,HAMILTON (61),0,NO APLICA,8,Agosto,6,2022,11,57,US-127 HAMILTON AV,2,US Highway,Urbano,Arteria Principal,State Highway Agency,0,Sin jurisdiccion especial,145,39.28358889,-84.56428056,Vehiculo en movimiento,Angulo,Four-Way Intersection,Interseccion de 4 direcciones,Sobre calle,Ninguna,Dia total,Nublado,No,NO APLICA,11,57,12,2,1,06/08/2022,5
39,Ohio,390670,0,0,2,0,155,TRUMBULL (155),0,NO APLICA,8,Agosto,8,2022,14,53,CR-206 STATE RD,4,Calle del Condado,Urbano,Colector Mayor,County Highway Agency,0,Sin jurisdiccion especial,0,41.28443889,-80.84815833,Vehiculo en movimiento,Frente a Detrás,Not an Intersection,No fue interseccion,Sobre calle,Ninguna,Dia total,Nublado,No,NO APLICA,14,56,15,0,1,08/08/2022,3
39,Ohio,390671,0,0,2,0,7,ASHTABULA (7),0,NO APLICA,8,Agosto,9,2022,16,27,SR-7,3,Highway estatal,Rural,Arteria Menor,State Highway Agency,0,Sin jurisdiccion especial,251,41.86298889,-80.57250833,Vehiculo en movimiento,Angulo,Not an Intersection,No fue interseccion,Sobre calle,Ninguna,Dia total,Despejado,No,NO APLICA,16,39,16,44,1,09/08/2022,4
39,Ohio,390672,0,0,1,0,51,FULTON (51),0,NO APLICA,8,Agosto,5,2022,1,31,I-80,1,Interestatal,Rural,Interestatal,State Highway Agency,1,Sin jurisdiccion especial,186,41.59249722,-84.02748333,Otro objeto (no fijo),El primer evento no fue una colision con un vehiculo automotor en transporte,Not an Intersection,No fue interseccion,En el medio,"Zona de trabajo, tipo desconocido",Oscuro sin iluminacion,Despejado,No,NO APLICA,1,30,1,39,1,05/08/2022,2
39,Ohio,390673,0,0,2,0,5,ASHLAND (5),0,NO APLICA,8,Agosto,5,2022,15,40,SR-302,3,Highway estatal,Rural,Colector Mayor,State Highway Agency,0,Sin jurisdiccion especial,57,40.92166111,-82.22266111,Vehiculo en movimiento,Frente a frente,Not an Intersection,No fue interseccion,Sobre calle,Ninguna,Dia total,Despejado,No,NO APLICA,15,41,15,43,2,05/08/2022,4
39,Ohio,390674,0,0,2,0,163,VINTON (163),0,NO APLICA,8,Agosto,3,2022,6,47,SR-93,3,Highway estatal,Rural,Arteria Menor,State Highway Agency,0,Sin jurisdiccion especial,163,39.36219722,-82.45946111,Vehiculo en movimiento,Frente a frente,Not an Intersection,No fue interseccion,Sobre calle,Ninguna,Oscuro sin iluminacion,Neblina o Humo,No,NO APLICA,6,45,6,58,1,03/08/2022,2
39,Ohio,390675,0,0,1,0,1,ADAMS (1),0,NO APLICA,8,Agosto,7,2022,19,10,CR-51 LOUISVILLE RD,4,Calle del Condado,Rural,Local,County Highway Agency,0,Sin jurisdiccion especial,0,38.99663333,-83.47863889,Poste,El primer evento no fue una colision con un vehiculo automotor en transporte,Not an Intersection,No fue interseccion,Sobre el lado de la calle,Ninguna,Dia total,Despejado,No,NO APLICA,19,10,19,19,1,07/08/2022,1
39,Ohio,390676,0,0,1,0,43,ERIE (43),0,NO APLICA,8,Agosto,8,2022,14,24,SR-113,3,Highway estatal,Rural,Colector Mayor,State Highway Agency,0,Sin jurisdiccion especial,196,41.329575,-82.36643333,Zanja,El primer evento no fue una colision con un vehiculo automotor en transporte,Not an Intersection,No fue interseccion,Sobre el lado de la calle,Ninguna,Dia total,Despejado,No,NO APLICA,14,28,14,37,1,08/08/2022,2
39,Ohio,390677,0,0,2,0,33,CRAWFORD (33),0,NO APLICA,8,Agosto,7,2022,13,59,SR-96,3,Highway estatal,Rural,Colector Mayor,State Highway Agency,0,Sin jurisdiccion especial,57,40.85768611,-82.82742778,Vehiculo en movimiento,Angulo,Four-Way Intersection,Interseccion de 4 direcciones,Sobre calle,Ninguna,Dia total,Nublado,No,NO APLICA,14,0,14,8,1,07/08/2022,6
39,Ohio,390678,0,0,1,0,113,MONTGOMERY (113),0,NO APLICA,8,Agosto,10,2022,16,41,I-70 DWIGHT D EISENHOWER HWY,1,Interestatal,Urbano,Interestatal,State Highway Agency,1,Sin jurisdiccion especial,44,39.85684167,-84.409,Valla Ferrocarril,El primer evento no fue una colision con un vehiculo automotor en transporte,Not an Intersection,No fue interseccion,En el medio,Ninguna,Dia total,Despejado,No,NO APLICA,16,38,16,44,1,10/08/2022,1
39,Ohio,390680,0,0,1,0,133,PORTAGE (133),0,NO APLICA,8,Agosto,10,2022,17,20,TR-106 ROOTSTOWN RD,5,Calle Local - Pueblo,Urbano,Local,Town or Township Highway Agency,0,Sin jurisdiccion especial,0,41.12335,-81.28721667,Otro objeto (fijo),El primer evento no fue una colision con un vehiculo automotor en transporte,Not an Intersection,No fue interseccion,Sobre el lado de la calle,Ninguna,Dia total,Despejado,No,NO APLICA,17,24,17,30,1,10/08/2022,1
39,Ohio,390681,0,0,2,0,139,RICHLAND (139),0,NO APLICA,8,Agosto,8,2022,6,19,SR-13,3,Highway estatal,Rural,Arteria Menor,State Highway Agency,0,Sin jurisdiccion especial,306,40.96476389,-82.49543056,Vehiculo en movimiento,Frente a frente,Not an Intersection,No fue interseccion,Sobre calle,Ninguna,Amanecer,Nublado,No,NO APLICA,6,19,6,33,2,08/08/2022,2
39,Ohio,390682,0,0,2,0,113,MONTGOMERY (113),8180,TROTWOOD,8,Agosto,12,2022,11,39,CR-36 LITTLE RICHMOND RD,4,Calle del Condado,Urbano,Colector Mayor,County Highway Agency,0,Sin jurisdiccion especial,0,39.77563056,-84.35394444,Vehiculo en movimiento,Frente a Detrás,Not an Intersection,No fue interseccion,Sobre calle,Ninguna,Dia total,Despejado,No,NO APLICA,11,39,11,45,1,12/08/2022,3
39,Ohio,390683,0,0,1,0,49,FRANKLIN (49),1800,COLUMBUS,8,Agosto,11,2022,2,44,5TH AVE,6,Calle Local Municipalidad,Urbano,Arteria Menor,City or Municipal Highway Agency,0,Sin jurisdiccion especial,0,39.98481944,-83.07496944,Acotamiento,El primer evento no fue una colision con un vehiculo automotor en transporte,T-Intersection,Interseccion de T,Sobre el lado de la calle,Ninguna,Oscuro con iluminacion,Despejado,No,NO APLICA,2,46,2,56,1,11/08/2022,1
39,Ohio,390684,0,0,2,0,49,FRANKLIN (49),1800,COLUMBUS,8,Agosto,10,2022,15,8,I-270 JACK NICKLAUS FWY,1,Interestatal,Urbano,Interestatal,State Highway Agency,1,Sin jurisdiccion especial,420,39.94428611,-82.84673056,Vehiculo en movimiento,Frente a Detrás,Not an Intersection,No fue interseccion,Sobre calle,Ninguna,Dia total,Nublado,No,NO APLICA,15,10,15,15,1,10/08/2022,2
39,Ohio,390685,0,0,1,0,49,FRANKLIN (49),0,NO APLICA,8,Agosto,18,2022,21,13,SR-161 DUBLIN GRANVILLE RD,3,Highway estatal,Urbano,Arteria Principal,State Highway Agency,1,Sin jurisdiccion especial,72,40.09053056,-83.06546111,Zanja,El primer evento no fue una colision con un vehiculo automotor en transporte,Not an Intersection,No fue interseccion,Sobre el lado de la calle,Ninguna,Oscuro sin iluminacion,Despejado,No,NO APLICA,99,98,99,98,1,18/08/2022,1
39,Ohio,390686,0,0,2,0,61,HAMILTON (61),1610,CINCINNATI,8,Agosto,16,2022,15,34,US-27 COLERAIN AVE,2,US Highway,Urbano,Arteria Principal,County Highway Agency,1,Sin jurisdiccion especial,70,39.16335833,-84.55161111,Vehiculo en movimiento,Angulo,Four-Way Intersection,Interseccion de 4 direcciones,Sobre calle,Ninguna,Dia total,Despejado,No,NO APLICA,15,36,15,41,1,16/08/2022,2
39,Ohio,390687,0,0,2,0,61,HAMILTON (61),1610,CINCINNATI,8,Agosto,14,2022,2,31,CR-737 8TH ST,4,Calle del Condado,Urbano,Colector Mayor,County Highway Agency,0,Sin jurisdiccion especial,0,39.10494167,-84.51191667,Vehiculo en movimiento,Angulo,Four-Way Intersection,Interseccion de 4 direcciones,Sobre calle,Ninguna,Oscuro con iluminacion,Despejado,No,NO APLICA,2,31,2,34,1,14/08/2022,4
39,Ohio,390688,1,1,1,0,49,FRANKLIN (49),1800,COLUMBUS,8,Agosto,20,2022,1,48,SR-317 HAMILTON RD,3,Highway estatal,Urbano,Arteria Principal,State Highway Agency,1,Sin jurisdiccion especial,92,39.89051389,-82.883025,Peaton,El primer evento no fue una colision con un vehiculo automotor en transporte,Not an Intersection,No fue interseccion,Sobre calle,Ninguna,Oscuro sin iluminacion,Despejado,No,NO APLICA,1,50,1,52,1,20/08/2022,1
39,Ohio,390689,0,0,2,0,95,LUCAS (95),7960,SWANTON,8,Agosto,5,2022,22,3,US-20A AIRPORT HWY,2,US Highway,Urbano,Arteria Menor,State Highway Agency,0,Sin jurisdiccion especial,3,41.58142778,-83.87765278,Vehiculo en movimiento,Frente a frente,Not an Intersection,No fue interseccion,Sobre calle,Ninguna,Oscuro sin iluminacion,Despejado,No,NO APLICA,22,7,22,15,1,05/08/2022,2
39,Ohio,390690,0,0,1,0,25,CLERMONT (25),0,NO APLICA,8,Agosto,7,2022,14,50,TR-909 PALESTINE RD,5,Calle Local - Pueblo,Rural,Local,Town or Township Highway Agency,0,Sin jurisdiccion especial,0,39.00852222,-84.30530556,Immersion total o parcial,El primer evento no fue una colision con un vehiculo automotor en transporte,Not an Intersection,No fue interseccion,Fuera de la calle,Ninguna,Dia total,Nublado,No,NO APLICA,14,50,15,1,1,07/08/2022,1
39,Ohio,390692,0,0,2,0,165,WARREN (165),0,NO APLICA,8,Agosto,2,2022,23,6,CR-47 CORWIN RD,4,Calle del Condado,Rural,Colector Menor,County Highway Agency,0,Sin jurisdiccion especial,0,39.43157778,-84.10173611,Acotamiento,El primer evento no fue una colision con un vehiculo automotor en transporte,Not an Intersection,No fue interseccion,Sobre el lado de la calle,Ninguna,Oscuro sin iluminacion,Despejado,No,NO APLICA,23,25,23,43,1,02/08/2022,2
39,Ohio,390693,0,0,2,0,25,CLERMONT (25),0,NO APLICA,8,Agosto,14,2022,8,52,SR-125,3,Highway estatal,Rural,Arteria Principal,State Highway Agency,1,Sin jurisdiccion especial,113,38.99356667,-84.13552778,Vehiculo en movimiento,Frente a frente,Not an Intersection,No fue interseccion,Sobre calle,Ninguna,Dia total,Nublado,No,NO APLICA,8,50,8,55,3,14/08/2022,3
39,Ohio,390694,2,2,1,0,55,GEAUGA (55),6349,PARKMAN,8,Agosto,6,2022,17,33,US-422 MAIN MARKET RD,2,US Highway,Rural,Arteria Principal,State Highway Agency,1,Sin jurisdiccion especial,187,41.36111944,-81.04501667,Animal montado o vehiculo de traccion animal,El primer evento no fue una colision con un vehiculo automotor en transporte,Not an Intersection,No fue interseccion,Sobre calle,Ninguna,Dia total,Despejado,No,NO APLICA,17,36,17,42,1,06/08/2022,1
39,Ohio,390695,0,0,1,0,145,SCIOTO (145),0,NO APLICA,8,Agosto,5,2022,10,45,TR-374 COLLIER RD,5,Calle Local - Pueblo,Rural,Local,Town or Township Highway Agency,0,Sin jurisdiccion especial,0,38.82156389,-82.70415833,Barda,El primer evento no fue una colision con un vehiculo automotor en transporte,Not an Intersection,No fue interseccion,Sobre el lado de la calle,Ninguna,Dia total,Nublado,No,NO APLICA,15,29,15,35,1,05/08/2022,1
39,Ohio,390696,0,0,1,0,27,CLINTON (27),0,NO APLICA,8,Agosto,12,2022,8,4,CR-5 SABINA RD,4,Calle del Condado,Rural,Local,County Highway Agency,0,Sin jurisdiccion especial,0,39.51443611,-83.74226111,Buzon de correo,El primer evento no fue una colision con un vehiculo automotor en transporte,Not an Intersection,No fue interseccion,Sobre el lado de la calle,Ninguna,Dia total,Despejado,No,NO APLICA,8,27,8,56,1,12/08/2022,1
39,Ohio,390697,0,0,2,0,107,MERCER (107),0,NO APLICA,8,Agosto,12,2022,13,41,SR-29,3,Highway estatal,Rural,Arteria Principal,State Highway Agency,0,Sin jurisdiccion especial,169,40.55728611,-84.49168889,Vehiculo en movimiento,Frente a Detrás,Not an Intersection,No fue interseccion,Sobre calle,"Zona de trabajo, tipo desconocido",Dia total,Despejado,No,NO APLICA,13,32,13,40,1,12/08/2022,2
39,Ohio,390698,0,0,2,0,127,PERRY (127),0,NO APLICA,8,Agosto,12,2022,10,36,SR-555,3,Highway estatal,Rural,Colector Mayor,State Highway Agency,0,Sin jurisdiccion especial,38,39.72028333,-82.02998333,Volcadura,El primer evento no fue una colision con un vehiculo automotor en transporte,Not an Intersection,No fue interseccion,Sobre calle,Ninguna,Dia total,Despejado,No,NO APLICA,10,33,10,43,1,12/08/2022,2
39,Ohio,390699,0,0,1,0,57,GREENE (57),2530,FAIRBORN,8,Agosto,16,2022,20,34,CR-502 MAPLE AVE,4,Calle del Condado,Urbano,Arteria Menor,County Highway Agency,0,Sin jurisdiccion especial,0,39.79173611,-84.02121389,Otro objeto (no fijo),El primer evento no fue una colision con un vehiculo automotor en transporte,Not an Intersection,No fue interseccion,Fuera de la calle,"Zona de trabajo, tipo desconocido",Atardecer,Despejado,No,NO APLICA,20,35,20,40,1,16/08/2022,1
39,Ohio,390701,3,3,1,0,35,CUYAHOGA (35),1680,CLEVELAND,7,Julio,21,2022,22,8,TRACK RD,6,Calle Local Municipalidad,Urbano,Local,City or Municipal Highway Agency,0,Sin jurisdiccion especial,0,41.471925,-81.65126389,Ciclista,El primer evento no fue una colision con un vehiculo automotor en transporte,Not an Intersection,No fue interseccion,Sobre calle,Ninguna,Oscuro con iluminacion,Nublado,No,NO APLICA,88,88,88,88,1,21/07/2022,1
39,Ohio,390702,0,0,2,0,35,CUYAHOGA (35),1680,CLEVELAND,7,Julio,23,2022,6,6,CR-27 WOODLAND AVE,4,Calle del Condado,Urbano,Colector Mayor,County Highway Agency,0,Sin jurisdiccion especial,0,41.48828056,-81.62161389,Vehiculo en movimiento,Angulo,Four-Way Intersection,Interseccion de 4 direcciones,Sobre calle,Ninguna,Amanecer,Nublado,No,NO APLICA,6,11,6,17,1,23/07/2022,8
39,Ohio,390703,1,1,2,0,61,HAMILTON (61),2652,FOREST PARK,7,Julio,17,2022,22,1,CR-239 WINTON RD,4,Calle del Condado,Urbano,Arteria Menor,County Highway Agency,0,Sin jurisdiccion especial,0,39.29041944,-84.52346389,Peaton,El primer evento no fue una colision con un vehiculo automotor en transporte,Not an Intersection,No fue interseccion,Sobre calle,Ninguna,Oscuro sin iluminacion,lluvia,No,NO APLICA,22,5,22,12,1,17/07/2022,2
39,Ohio,390704,0,0,2,0,107,MERCER (107),0,NO APLICA,8,Agosto,15,2022,5,30,US-127,2,US Highway,Rural,Arteria Menor,State Highway Agency,0,Sin jurisdiccion especial,37,40.40728056,-84.57168889,Vehiculo en movimiento,Golpe Lateral - direccion contraria,Not an Intersection,No fue interseccion,Sobre calle,Ninguna,Amanecer,Despejado,No,NO APLICA,5,49,5,56,1,15/08/2022,2
39,Ohio,390705,0,0,2,0,61,HAMILTON (61),0,NO APLICA,8,Agosto,17,2022,21,2,US-27 COLERAIN AV,2,US Highway,Urbano,Arteria Principal,State Highway Agency,1,Sin jurisdiccion especial,112,39.21553333,-84.58524722,Vehiculo en movimiento,Angulo,T-Intersection,Interseccion de T,Sobre calle,Ninguna,Oscuro sin iluminacion,Despejado,No,NO APLICA,21,2,21,5,1,17/08/2022,3
39,Ohio,390706,0,0,2,0,7,ASHTABULA (7),330,ASHTABULA,8,Agosto,2,2022,20,31,MR-652 PARK AV,6,Calle Local Municipalidad,Urbano,Local,City or Municipal Highway Agency,0,Sin jurisdiccion especial,0,41.86971944,-80.78233056,Vehiculo en movimiento,Frente a frente,Not an Intersection,No fue interseccion,Sobre calle,Ninguna,Dia total,Despejado,No,NO APLICA,20,36,20,46,1,02/08/2022,2
39,Ohio,390707,0,0,1,0,119,MUSKINGUM (119),0,NO APLICA,8,Agosto,7,2022,2,3,CR-149 BAUGHMAN RD,4,Calle del Condado,Rural,Local,County Highway Agency,0,Sin jurisdiccion especial,0,40.02933889,-82.07448889,Volcadura,El primer evento no fue una colision con un vehiculo automotor en transporte,Not an Intersection,No fue interseccion,Sobre calle,Ninguna,Oscuro sin iluminacion,Despejado,No,NO APLICA,2,5,2,14,1,07/08/2022,3
39,Ohio,390708,0,0,1,0,59,GUERNSEY (59),0,NO APLICA,8,Agosto,12,2022,16,2,SR-209 BLOOMFIELD RD,3,Highway estatal,Rural,Colector Menor,State Highway Agency,0,Sin jurisdiccion especial,0,40.06230556,-81.72065556,Valla Ferrocarril,El primer evento no fue una colision con un vehiculo automotor en transporte,Not an Intersection,No fue interseccion,Sobre el lado de la calle,Ninguna,Dia total,Despejado,No,NO APLICA,16,2,16,10,1,12/08/2022,1
39,Ohio,390709,1,1,1,0,17,BUTLER (17),5010,MIDDLETOWN,8,Agosto,8,2022,21,2,TR-184 ROOSEVELT  AV,5,Calle Local - Pueblo,Urbano,Local,Town or Township Highway Agency,0,Sin jurisdiccion especial,0,39.49887222,-84.35079444,Ciclista,El primer evento no fue una colision con un vehiculo automotor en transporte,Y-Intersection,Interseccion de Y,Sobre calle,Ninguna,Atardecer,Despejado,No,NO APLICA,21,0,21,6,1,08/08/2022,1
39,Ohio,390710,0,0,1,0,143,SANDUSKY (143),0,NO APLICA,8,Agosto,11,2022,19,53,CR-32 S ANDERSON RD,4,Calle del Condado,Rural,Local,County Highway Agency,0,Sin jurisdiccion especial,0,41.26965833,-83.36058611,Zanja,El primer evento no fue una colision con un vehiculo automotor en transporte,Not an Intersection,No fue interseccion,Sobre el lado de la calle,Ninguna,Dia total,Despejado,No,NO APLICA,19,56,20,8,1,11/08/2022,1
39,Ohio,390711,0,0,1,0,133,PORTAGE (133),0,NO APLICA,8,Agosto,17,2022,22,40,TR-247 MANTUA CENTER RD,5,Calle Local - Pueblo,Rural,Local,Town or Township Highway Agency,0,Sin jurisdiccion especial,0,41.31223333,-81.24503889,Arbol,El primer evento no fue una colision con un vehiculo automotor en transporte,Not an Intersection,No fue interseccion,Sobre el lado de la calle,Ninguna,Oscuro sin iluminacion,Nublado,No,NO APLICA,22,37,22,45,1,17/08/2022,1
39,Ohio,390712,2,2,2,1,35,CUYAHOGA (35),2340,EAST CLEVELAND,8,Agosto,15,2022,20,26,US-6 SUPERIOR  AVE,2,US Highway,Urbano,Arteria Principal,State Highway Agency,1,Sin jurisdiccion especial,210,41.52287778,-81.59401111,Banqueta,El primer evento no fue una colision con un vehiculo automotor en transporte,Not an Intersection,No fue interseccion,Sobre el lado de la calle,Ninguna,Oscuro con iluminacion,Despejado,No,NO APLICA,20,35,20,38,1,15/08/2022,2
39,Ohio,390713,0,0,1,0,11,AUGLAIZE (11),0,NO APLICA,8,Agosto,6,2022,18,48,SR-385,3,Highway estatal,Rural,Colector Menor,State Highway Agency,0,Sin jurisdiccion especial,15,40.55709722,-83.92316389,Culvert,El primer evento no fue una colision con un vehiculo automotor en transporte,Not an Intersection,No fue interseccion,Sobre el lado de la calle,Ninguna,Dia total,Despejado,No,NO APLICA,18,49,19,0,1,06/08/2022,1
39,Ohio,390714,0,0,2,0,169,WAYNE (169),0,NO APLICA,8,Agosto,18,2022,16,13,SR-241,3,Highway estatal,Rural,Colector Mayor,State Highway Agency,0,Sin jurisdiccion especial,34,40.697875,-81.69239722,Vehiculo en movimiento,Golpe Lateral - direccion contraria,Not an Intersection,No fue interseccion,Sobre calle,Ninguna,Dia total,Despejado,No,NO APLICA,99,99,16,23,1,18/08/2022,3
39,Ohio,390715,0,0,1,0,105,MEIGS (105),0,NO APLICA,8,Agosto,13,2022,19,22,HOBSON  DR,6,Calle Local Municipalidad,Urbano,Colector Mayor,City or Municipal Highway Agency,0,Sin jurisdiccion especial,0,38.99153889,-82.07653889,Acotamiento,El primer evento no fue una colision con un vehiculo automotor en transporte,Not an Intersection,No fue interseccion,Sobre el lado de la calle,Ninguna,Dia total,Despejado,No,NO APLICA,19,18,19,22,1,13/08/2022,1