Estado,Nombre de Estado,Numero de Caso,Peatones,Personas _no_vehiculos,Vehiculos automotores,Vehiculos estacionados,Condado,Nombre Condado,Ciudad,Nombre Ciudad,Mes,Nombre Mes,Dia,Año,Hora,Minuto,Calle,Ruta,Nombre Ruta,Rural o Urbanoo,Sistema Funcional,Dueño Calle,Sistema Nacional Carreteras,Jurisdiccion Especial,Milla,Latitud,Longitud,Causa del Accidente,Tipo de Accidente,Tipo Interseccion,Columna1,Lugar en la calle,Zona de Trabajo,Luz,Clima,Autobus Escolar,Cruce de Trenes,Hora Notificacion,Minuto Notificacion,Hora Llegada,Minuto Llegada,Decesos,Fecha,PersonaVehiculo
39,Ohio,390716,0,0,1,0,139,RICHLAND (139),0,NO APLICA,8,Agosto,18,2022,13,26,CR-295 PETERSON RD,4,Calle del Condado,Rural,Local,County Highway Agency,0,Sin jurisdiccion especial,0,40.75165278,-82.42669444,Zanja,El primer evento no fue una colision con un vehiculo automotor en transporte,Not an Intersection,No fue interseccion,Sobre el lado de la calle,Ninguna,Dia total,Despejado,No,NO APLICA,13,26,13,30,1,18/08/2022,2
39,Ohio,390717,0,0,1,0,73,HOCKING (73),0,NO APLICA,8,Agosto,18,2022,5,45,SR-93,3,Highway estatal,Rural,Arteria Menor,State Highway Agency,0,Sin jurisdiccion especial,14,39.41246111,-82.45060278,Arbol,El primer evento no fue una colision con un vehiculo automotor en transporte,Not an Intersection,No fue interseccion,Sobre el lado de la calle,Ninguna,Amanecer,Despejado,No,NO APLICA,6,28,7,4,1,18/08/2022,1
39,Ohio,390718,0,0,2,0,151,STARK (151),4390,LOUISVILLE,8,Agosto,19,2022,12,30,SR-44,3,Highway estatal,Urbano,Arteria Principal,State Highway Agency,0,Sin jurisdiccion especial,118,40.82626389,-81.26488333,Vehiculo en movimiento,Frente a frente,Not an Intersection,No fue interseccion,Sobre calle,Ninguna,Dia total,Despejado,No,NO APLICA,12,36,12,37,1,19/08/2022,2
39,Ohio,390719,1,1,1,0,113,MONTGOMERY (113),2090,DAYTON,8,Agosto,24,2022,1,22,CORNELL DR,6,Calle Local Municipalidad,Urbano,Colector Mayor,City or Municipal Highway Agency,0,Sin jurisdiccion especial,0,39.77616389,-84.25020556,Peaton,El primer evento no fue una colision con un vehiculo automotor en transporte,T-Intersection,Interseccion de T,Sobre calle,Ninguna,Oscuro con iluminacion,Despejado,No,NO APLICA,1,22,1,29,1,24/08/2022,1
39,Ohio,390720,0,0,1,0,69,HENRY (69),0,NO APLICA,8,Agosto,10,2022,18,27,CR-424,4,Calle del Condado,Rural,Colector Mayor,County Highway Agency,0,Sin jurisdiccion especial,0,41.34243056,-84.14608056,Arbol,El primer evento no fue una colision con un vehiculo automotor en transporte,Not an Intersection,No fue interseccion,Sobre el lado de la calle,Ninguna,Dia total,Despejado,No,NO APLICA,18,30,18,36,2,10/08/2022,2
39,Ohio,390721,0,0,2,0,17,BUTLER (17),0,NO APLICA,8,Agosto,22,2022,12,29,US-127,2,US Highway,Rural,Arteria Menor,State Highway Agency,0,Sin jurisdiccion especial,152,39.50188889,-84.58855,Vehiculo en movimiento,Angulo,Not an Intersection,No fue interseccion,Sobre calle,Ninguna,Dia total,Nublado,No,NO APLICA,99,98,99,98,1,22/08/2022,2
39,Ohio,390722,1,1,1,0,17,BUTLER (17),0,NO APLICA,8,Agosto,21,2022,4,30,SR-129 BUTLER CO VETERANS HWY,3,Highway estatal,Urbano,Arterial Principal -Freeway o ExpressWay,State Highway Agency,1,Sin jurisdiccion especial,243,39.37413056,-84.38626667,Peaton,El primer evento no fue una colision con un vehiculo automotor en transporte,Not an Intersection,No fue interseccion,Sobre calle,Ninguna,Oscuro sin iluminacion,Despejado,No,NO APLICA,4,31,4,39,1,21/08/2022,1
39,Ohio,390723,0,0,1,0,49,FRANKLIN (49),5550,NEW ALBANY,8,Agosto,24,2022,17,19,CR-110 KITZMILLER RD,4,Calle del Condado,Urbano,Colector Menor,County Highway Agency,0,Sin jurisdiccion especial,0,40.06477778,-82.79580278,Arbol,El primer evento no fue una colision con un vehiculo automotor en transporte,Not an Intersection,No fue interseccion,Fuera de la calle,Ninguna,Dia total,Despejado,No,NO APLICA,17,18,17,24,1,24/08/2022,2
39,Ohio,390724,0,0,3,0,49,FRANKLIN (49),3200,GROVE CITY,8,Agosto,24,2022,11,34,SR-104 JACKSON PIKE,3,Highway estatal,Urbano,Arteria Menor,State Highway Agency,0,Sin jurisdiccion especial,14,39.82527222,-83.03253333,Vehiculo en movimiento,Angulo,Four-Way Intersection,Interseccion de 4 direcciones,Sobre calle,Ninguna,Dia total,Despejado,No,NO APLICA,11,34,11,42,1,24/08/2022,6
39,Ohio,390725,1,1,1,0,35,CUYAHOGA (35),6000,NORTH OLMSTED,8,Agosto,24,2022,22,40,SR-252 COLUMBIA RD,3,Highway estatal,Urbano,Arteria Principal,State Highway Agency,1,Sin jurisdiccion especial,56,41.42734167,-81.8966,Peaton,El primer evento no fue una colision con un vehiculo automotor en transporte,Not an Intersection,No fue interseccion,Sobre calle,Ninguna,Oscuro con iluminacion,Despejado,No,NO APLICA,22,46,22,51,1,24/08/2022,1
39,Ohio,390726,0,0,2,0,17,BUTLER (17),5010,MIDDLETOWN,8,Agosto,12,2022,2,22,TR-134 YANKEE RD,5,Calle Local - Pueblo,Urbano,Colector Mayor,Town or Township Highway Agency,0,Sin jurisdiccion especial,0,39.45981111,-84.39788889,Vehiculo en movimiento,Golpe Lateral - misma direccion,Four-Way Intersection,Interseccion de 4 direcciones,Sobre calle,Ninguna,Oscuro con iluminacion,Despejado,No,NO APLICA,2,41,3,2,1,12/08/2022,2
39,Ohio,390727,0,0,4,0,117,MORROW (117),0,NO APLICA,8,Agosto,17,2022,7,58,I-71,1,Interestatal,Rural,Interestatal,State Highway Agency,1,Sin jurisdiccion especial,175,40.54569444,-82.657,Vehiculo en movimiento,Frente a Detrás,Not an Intersection,No fue interseccion,Sobre calle,"Zona de trabajo, tipo desconocido",Dia total,Despejado,No,NO APLICA,8,0,8,23,1,17/08/2022,4
39,Ohio,390728,0,0,3,0,89,LICKING (89),0,NO APLICA,7,Julio,22,2022,13,32,SR-79 FALLSBURG RD,3,Highway estatal,Rural,Colector Mayor,State Highway Agency,0,Sin jurisdiccion especial,63,40.20289444,-82.23593056,Vehiculo en movimiento,Angulo,Four-Way Intersection,Interseccion de 4 direcciones,Sobre calle,Ninguna,Dia total,Despejado,No,NO APLICA,13,42,14,3,1,22/07/2022,5
39,Ohio,390729,1,1,1,0,41,DELAWARE (41),8730,WESTERVILLE,8,Agosto,23,2022,22,15,CR-615 POLARIS PK,4,Calle del Condado,Urbano,Arteria Principal,County Highway Agency,0,Sin jurisdiccion especial,0,40.14586111,-82.95656111,Peaton,El primer evento no fue una colision con un vehiculo automotor en transporte,Four-Way Intersection,Interseccion de 4 direcciones,Sobre calle,Ninguna,Oscuro con iluminacion,Despejado,No,NO APLICA,22,18,22,22,1,23/08/2022,1
39,Ohio,390730,0,0,3,0,35,CUYAHOGA (35),1680,CLEVELAND,8,Agosto,7,2022,4,4,CR-72 TURNEY RD,4,Calle del Condado,Urbano,Arteria Menor,County Highway Agency,0,Sin jurisdiccion especial,0,41.43448056,-81.619,Vehiculo en movimiento,Golpe Lateral - misma direccion,T-Intersection,Interseccion de T,Sobre calle,Ninguna,Oscuro con iluminacion,Nublado,No,NO APLICA,4,11,4,24,1,07/08/2022,4
39,Ohio,390731,0,0,1,0,35,CUYAHOGA (35),1680,CLEVELAND,7,Julio,28,2022,21,45,CR-400 105TH ST,4,Calle del Condado,Urbano,Arteria Menor,County Highway Agency,0,Sin jurisdiccion especial,0,41.51806667,-81.61554167,Banqueta,El primer evento no fue una colision con un vehiculo automotor en transporte,Not an Intersection,No fue interseccion,Sobre el lado de la calle,Ninguna,Oscuro con iluminacion,Nublado,No,NO APLICA,21,51,21,54,1,28/07/2022,2
39,Ohio,390732,1,1,1,0,49,FRANKLIN (49),1800,COLUMBUS,8,Agosto,29,2022,20,36,US-62,2,US Highway,Urbano,Arteria Principal,State Highway Agency,0,Sin jurisdiccion especial,116,39.94295,-83.03795,No vehiculo o remolque,El primer evento no fue una colision con un vehiculo automotor en transporte,Not an Intersection,No fue interseccion,Sobre calle,Ninguna,Oscuro sin iluminacion,Despejado,No,NO APLICA,20,36,20,39,1,29/08/2022,1
39,Ohio,390733,0,0,1,0,109,MIAMI (109),0,NO APLICA,8,Agosto,26,2022,22,14,CR-42 GINGHAM FREDERICK RD,4,Calle del Condado,Rural,Colector Menor,County Highway Agency,0,Sin jurisdiccion especial,0,39.92926111,-84.2555,Zanja,El primer evento no fue una colision con un vehiculo automotor en transporte,Not an Intersection,No fue interseccion,Sobre el lado de la calle,Ninguna,Oscuro sin iluminacion,Despejado,No,NO APLICA,22,16,22,26,1,26/08/2022,2
39,Ohio,390734,0,0,2,0,61,HAMILTON (61),1610,CINCINNATI,8,Agosto,25,2022,14,50,CR-604 ANTHONY WAYNE AVE,4,Calle del Condado,Urbano,Colector Mayor,County Highway Agency,0,Sin jurisdiccion especial,0,39.20171944,-84.47067222,Vehiculo en movimiento,Frente a frente,Not an Intersection,No fue interseccion,Sobre calle,Ninguna,Dia total,Despejado,No,NO APLICA,14,52,14,56,2,25/08/2022,3
39,Ohio,390735,1,1,1,0,123,OTTAWA (123),0,NO APLICA,8,Agosto,19,2022,7,45,CR-52 FREMONT RD,4,Calle del Condado,Urbano,Arteria Menor,County Highway Agency,0,Sin jurisdiccion especial,0,41.50479722,-82.958325,Ciclista,El primer evento no fue una colision con un vehiculo automotor en transporte,Not an Intersection,No fue interseccion,Sobre calle,Ninguna,Dia total,Despejado,No,NO APLICA,7,47,7,53,1,19/08/2022,1
39,Ohio,390736,0,0,2,0,25,CLERMONT (25),0,NO APLICA,8,Agosto,20,2022,19,20,SR-28,3,Highway estatal,Urbano,Colector Mayor,State Highway Agency,0,Sin jurisdiccion especial,91,39.24361111,-84.14528056,Vehiculo en movimiento,Golpe Lateral - misma direccion,Not an Intersection,No fue interseccion,Sobre calle,Ninguna,Dia total,lluvia,No,NO APLICA,19,17,19,22,1,20/08/2022,2
39,Ohio,390737,1,1,1,0,99,MAHONING (99),0,NO APLICA,8,Agosto,24,2022,6,31,CR-18 MAHONING AVE,4,Calle del Condado,Rural,Colector Mayor,County Highway Agency,0,Sin jurisdiccion especial,0,41.09933889,-80.94823611,Peaton,El primer evento no fue una colision con un vehiculo automotor en transporte,Not an Intersection,No fue interseccion,Sobre calle,Ninguna,Oscuro sin iluminacion,Despejado,No,NO APLICA,6,27,6,37,1,24/08/2022,1
39,Ohio,390738,0,0,2,0,7,ASHTABULA (7),0,NO APLICA,8,Agosto,23,2022,20,43,CR-425 MIDDLE RD,4,Calle del Condado,Rural,Colector Menor,County Highway Agency,0,Sin jurisdiccion especial,0,41.83199167,-80.53971389,Vehiculo en movimiento,Frente a Detrás,Not an Intersection,No fue interseccion,Sobre calle,Ninguna,Oscuro sin iluminacion,Nublado,No,NO APLICA,20,49,20,58,1,23/08/2022,3
39,Ohio,390739,0,0,2,0,145,SCIOTO (145),0,NO APLICA,8,Agosto,18,2022,7,45,SR-823 VETERANS MEMORIAL HWY,3,Highway estatal,Rural,Arteria Principal,State Highway Agency,1,Sin jurisdiccion especial,93,38.86029722,-82.891375,Vehiculo en movimiento,Angulo,Not an Intersection,No fue interseccion,Sobre calle,Ninguna,Dia total,Nublado,No,NO APLICA,7,51,7,53,1,18/08/2022,2
39,Ohio,390740,0,0,1,0,19,CARROLL (19),0,NO APLICA,8,Agosto,20,2022,17,37,SR-212 CUMBERLAND RD,3,Highway estatal,Rural,Arteria Menor,State Highway Agency,0,Sin jurisdiccion especial,5,40.51036111,-81.25862222,Culvert,El primer evento no fue una colision con un vehiculo automotor en transporte,Not an Intersection,No fue interseccion,Sobre el lado de la calle,Ninguna,Dia total,Despejado,No,NO APLICA,18,40,18,45,1,20/08/2022,1
39,Ohio,390741,0,0,2,0,15,BROWN (15),0,NO APLICA,8,Agosto,12,2022,23,56,TR-243 MEEKER RD,5,Calle Local - Pueblo,Rural,Local,Town or Township Highway Agency,0,Sin jurisdiccion especial,0,39.00279444,-84.02021944,Vehiculo en movimiento,Angulo,Not an Intersection,No fue interseccion,Sobre calle,Ninguna,Oscuro sin iluminacion,Despejado,No,NO APLICA,0,3,0,24,1,12/08/2022,2
39,Ohio,390742,0,0,2,0,27,CLINTON (27),0,NO APLICA,8,Agosto,20,2022,15,55,US-68,2,US Highway,Rural,Arteria Menor,State Highway Agency,0,Sin jurisdiccion especial,86,39.35915278,-83.86760833,Valla Ferrocarril,El primer evento no fue una colision con un vehiculo automotor en transporte,Not an Intersection,No fue interseccion,Sobre el lado de la calle,Ninguna,Dia total,Nublado,No,NO APLICA,15,56,16,1,1,20/08/2022,2
39,Ohio,390743,0,0,2,0,5,ASHLAND (5),310,ASHLAND,8,Agosto,21,2022,22,41,US-42,2,US Highway,Urbano,Arteria Principal,State Highway Agency,0,Sin jurisdiccion especial,37,40.84321111,-82.34915556,Vehiculo en movimiento,Angulo,Four-Way Intersection,Interseccion de 4 direcciones,Sobre calle,Ninguna,Oscuro con iluminacion,Despejado,No,NO APLICA,3,43,3,49,2,21/08/2022,3
39,Ohio,390744,0,0,1,0,25,CLERMONT (25),0,NO APLICA,8,Agosto,20,2022,21,53,CR-14 BETHEL NEW RICHMOND  RD,4,Calle del Condado,Rural,Colector Mayor,County Highway Agency,0,Sin jurisdiccion especial,0,38.95131389,-84.22269167,Acotamiento,El primer evento no fue una colision con un vehiculo automotor en transporte,Not an Intersection,No fue interseccion,Sobre el lado de la calle,Ninguna,Oscuro sin iluminacion,Nublado,No,NO APLICA,21,52,21,59,1,20/08/2022,1
39,Ohio,390745,0,0,1,0,85,LAKE (85),0,NO APLICA,8,Agosto,28,2022,19,5,SR-2 LAKELAND FWY,3,Highway estatal,Urbano,Arterial Principal -Freeway o ExpressWay,State Highway Agency,1,Sin jurisdiccion especial,173,41.74479167,-81.21929167,Fin de valla,El primer evento no fue una colision con un vehiculo automotor en transporte,Not an Intersection,No fue interseccion,En el medio,Ninguna,Dia total,Despejado,No,NO APLICA,19,8,19,19,1,28/08/2022,1
39,Ohio,390746,0,0,2,0,85,LAKE (85),0,NO APLICA,8,Agosto,26,2022,17,5,I-90,1,Interestatal,Rural,Interestatal,State Highway Agency,1,Sin jurisdiccion especial,182,41.70016111,-81.19048889,Vehiculo en movimiento,Angulo,Not an Intersection,No fue interseccion,Sobre calle,Ninguna,Dia total,Despejado,No,NO APLICA,17,3,17,23,1,26/08/2022,2
39,Ohio,390747,0,0,3,0,47,FAYETTE (47),0,NO APLICA,8,Agosto,22,2022,17,40,SR-435,3,Highway estatal,Rural,Colector Mayor,State Highway Agency,0,Sin jurisdiccion especial,29,39.61016944,-83.58659722,Vehiculo en movimiento,Angulo,Four-Way Intersection,Interseccion de 4 direcciones,Sobre calle,Ninguna,Dia total,Despejado,No,NO APLICA,17,52,18,0,1,22/08/2022,3
39,Ohio,390748,1,1,2,1,99,MAHONING (99),0,NO APLICA,8,Agosto,15,2022,3,47,I-76,1,Interestatal,Rural,Interestatal,State Toll Road,1,Sin jurisdiccion especial,152,40.95384167,-80.63748889,Peaton,El primer evento no fue una colision con un vehiculo automotor en transporte,Not an Intersection,No fue interseccion,Sobre calle,Ninguna,Oscuro con iluminacion,Despejado,No,NO APLICA,3,50,3,58,1,15/08/2022,1
39,Ohio,390750,1,1,1,0,119,MUSKINGUM (119),0,NO APLICA,8,Agosto,27,2022,13,25,CR-652 LIMESTONE VALLEY RD,4,Calle del Condado,Urbano,Local,County Highway Agency,0,Sin jurisdiccion especial,0,39.87611111,-82.09221111,Peaton,El primer evento no fue una colision con un vehiculo automotor en transporte,Not an Intersection,No fue interseccion,Sobre calle,Ninguna,Dia total,Despejado,No,NO APLICA,13,25,13,32,1,27/08/2022,2
39,Ohio,390751,0,0,1,0,17,BUTLER (17),0,NO APLICA,8,Agosto,29,2022,15,23,CR-47 BROWN RD,4,Calle del Condado,Rural,Local,County Highway Agency,0,Sin jurisdiccion especial,0,39.52441944,-84.74576944,Poste,El primer evento no fue una colision con un vehiculo automotor en transporte,Not an Intersection,No fue interseccion,Sobre el lado de la calle,Ninguna,Dia total,Nublado,No,NO APLICA,15,24,15,29,1,29/08/2022,1
39,Ohio,390752,0,0,2,0,17,BUTLER (17),0,NO APLICA,7,Julio,26,2022,4,8,US-127 HAMILTON EATON RD,2,US Highway,Rural,Arteria Menor,State Highway Agency,0,Sin jurisdiccion especial,159,39.50625,-84.60003611,Vehiculo en movimiento,Angulo,Four-Way Intersection,Interseccion de 4 direcciones,Sobre calle,Ninguna,Oscuro sin iluminacion,Despejado,No,NO APLICA,4,18,4,25,1,26/07/2022,5
39,Ohio,390753,0,0,2,0,93,LORAIN (93),7480,SHEFFIELD,8,Agosto,23,2022,22,14,SR-301 ABBE RD,3,Highway estatal,Urbano,Arteria Menor,State Highway Agency,0,Sin jurisdiccion especial,250,41.46572222,-82.076075,Vehiculo en movimiento,Frente a frente,Not an Intersection,No fue interseccion,Sobre calle,Ninguna,Oscuro con iluminacion,Nublado,No,NO APLICA,22,28,22,53,1,23/08/2022,2
39,Ohio,390754,0,0,2,0,139,RICHLAND (139),0,NO APLICA,7,Julio,22,2022,16,58,SR-430,3,Highway estatal,Rural,Colector Mayor,State Highway Agency,0,Sin jurisdiccion especial,109,40.76766111,-82.40678056,Vehiculo en movimiento,Frente a frente,Not an Intersection,No fue interseccion,Sobre calle,Ninguna,Dia total,Despejado,No,NO APLICA,16,55,17,0,1,22/07/2022,3
39,Ohio,390756,0,0,1,0,49,FRANKLIN (49),8730,WESTERVILLE,8,Agosto,30,2022,12,2,LIBERTY LN,6,Calle Local Municipalidad,Urbano,Local,City or Municipal Highway Agency,0,Sin jurisdiccion especial,0,40.11241111,-82.90068056,Arbol,El primer evento no fue una colision con un vehiculo automotor en transporte,Not an Intersection,No fue interseccion,Sobre el lado de la calle,Ninguna,Dia total,Nublado,No,NO APLICA,12,2,12,5,2,30/08/2022,2
39,Ohio,390757,0,0,2,0,49,FRANKLIN (49),1800,COLUMBUS,8,Agosto,31,2022,13,35,SULLIVANT AV,6,Calle Local Municipalidad,Urbano,Arteria Menor,City or Municipal Highway Agency,0,Sin jurisdiccion especial,0,39.94731111,-83.05328056,Vehiculo en movimiento,Angulo,Four-Way Intersection,Interseccion de 4 direcciones,Sobre calle,Ninguna,Dia total,Despejado,No,NO APLICA,13,37,13,38,1,31/08/2022,3
39,Ohio,390758,0,0,2,0,95,LUCAS (95),8120,TOLEDO,9,Septiembre,6,2022,0,11,SR-51 MONROE ST,3,Highway estatal,Urbano,Arteria Principal,State Highway Agency,1,Sin jurisdiccion especial,92,41.69141944,-83.62660556,Vehiculo en movimiento,Golpe Lateral - misma direccion,Not an Intersection,No fue interseccion,Sobre calle,Ninguna,Oscuro con iluminacion,Despejado,No,NO APLICA,0,13,0,16,1,06/09/2022,2
39,Ohio,390759,0,0,2,0,61,HAMILTON (61),3680,INDIAN HILL,8,Agosto,20,2022,8,39,GIVEN RD,6,Calle Local Municipalidad,Urbano,Local,City or Municipal Highway Agency,0,Sin jurisdiccion especial,0,39.21367778,-84.32348889,Vehiculo en movimiento,Angulo,T-Intersection,Interseccion de T,Sobre calle,Ninguna,Dia total,Despejado,No,NO APLICA,8,42,8,47,1,20/08/2022,3
39,Ohio,390760,0,0,1,0,91,LOGAN (91),0,NO APLICA,7,Julio,24,2022,1,29,SR-117,3,Highway estatal,Urbano,Colector Mayor,State Highway Agency,0,Sin jurisdiccion especial,28,40.49006389,-83.81368333,Poste,El primer evento no fue una colision con un vehiculo automotor en transporte,Not an Intersection,No fue interseccion,Sobre el lado de la calle,Ninguna,Oscuro sin iluminacion,Despejado,No,NO APLICA,1,41,1,53,1,24/07/2022,1
39,Ohio,390761,0,0,1,0,41,DELAWARE (41),0,NO APLICA,8,Agosto,27,2022,16,47,SR-37 GRANVILLE ST,3,Highway estatal,Rural,Arteria Principal,State Highway Agency,1,Sin jurisdiccion especial,231,40.23477222,-82.84953333,Piedrotototota,El primer evento no fue una colision con un vehiculo automotor en transporte,Not an Intersection,No fue interseccion,Sobre el lado de la calle,Ninguna,Dia total,Despejado,No,NO APLICA,16,42,16,48,1,27/08/2022,1
39,Ohio,390762,0,0,1,0,133,PORTAGE (133),0,NO APLICA,8,Agosto,20,2022,20,36,I-80,1,Interestatal,Rural,Interestatal,State Toll Road,1,Sin jurisdiccion especial,98,41.24371667,-81.20456111,Barrera de Trafico de Concreto,El primer evento no fue una colision con un vehiculo automotor en transporte,Not an Intersection,No fue interseccion,En el medio,Ninguna,Oscuro sin iluminacion,lluvia,No,NO APLICA,20,40,20,48,1,20/08/2022,1
39,Ohio,390763,0,0,4,0,99,MAHONING (99),0,NO APLICA,8,Agosto,28,2022,12,0,I-76,1,Interestatal,Rural,Interestatal,State Toll Road,1,Sin jurisdiccion especial,203,40.92217222,-80.55066389,Vehiculo en movimiento,Frente a Detrás,Not an Intersection,No fue interseccion,Sobre calle,"Zona de trabajo, tipo desconocido",Dia total,Despejado,No,NO APLICA,11,59,12,15,1,28/08/2022,10
39,Ohio,390764,0,0,2,0,55,GEAUGA (55),0,NO APLICA,8,Agosto,30,2022,10,8,SR-306 CHILLICOTHE RD,3,Highway estatal,Urbano,Arteria Principal,State Highway Agency,0,Sin jurisdiccion especial,41,41.4071,-81.33803056,Vehiculo en movimiento,Frente a frente,Not an Intersection,No fue interseccion,Sobre calle,Ninguna,Dia total,lluvia,No,NO APLICA,9,59,10,2,1,30/08/2022,2
39,Ohio,390765,0,0,1,0,43,ERIE (43),7290,SANDUSKY,8,Agosto,26,2022,8,1,CR-110 CAMPBELL  ST,4,Calle del Condado,Urbano,Colector Mayor,County Highway Agency,0,Sin jurisdiccion especial,0,41.43925278,-82.70579444,Vehiculo Ferrocarril,El primer evento no fue una colision con un vehiculo automotor en transporte,Not an Intersection,No fue interseccion,Sobre calle,Ninguna,Dia total,Nublado,No,524067F,7,53,7,59,1,26/08/2022,1
39,Ohio,390766,0,0,1,0,67,HARRISON (67),0,NO APLICA,8,Agosto,27,2022,14,35,SR-646 SCIO RUMLEY RD,3,Highway estatal,Rural,Colector Menor,State Highway Agency,0,Sin jurisdiccion especial,83,40.40196667,-81.05543333,Valla Ferrocarril,El primer evento no fue una colision con un vehiculo automotor en transporte,Not an Intersection,No fue interseccion,Sobre el lado de la calle,Ninguna,Dia total,Despejado,No,NO APLICA,14,31,14,47,1,27/08/2022,1
39,Ohio,390767,0,0,2,0,35,CUYAHOGA (35),1680,CLEVELAND,8,Agosto,26,2022,16,50,TROWBRIDGE AV,6,Calle Local Municipalidad,Urbano,Local,City or Municipal Highway Agency,0,Sin jurisdiccion especial,0,41.46165556,-81.71321944,Vehiculo en movimiento,Angulo,Four-Way Intersection,Interseccion de 4 direcciones,Sobre calle,Ninguna,Dia total,Nublado,No,NO APLICA,16,54,17,0,1,26/08/2022,2
39,Ohio,390768,0,0,2,0,93,LORAIN (93),0,NO APLICA,8,Agosto,26,2022,15,48,SR-252 EAST RIVER RD,3,Highway estatal,Urbano,Arteria Menor,State Highway Agency,0,Sin jurisdiccion especial,52,41.34878333,-81.902225,Vehiculo en movimiento,Frente a frente,Not an Intersection,No fue interseccion,Sobre calle,Ninguna,Dia total,Despejado,No,NO APLICA,15,46,15,54,1,26/08/2022,2
39,Ohio,390769,0,0,1,0,83,KNOX (83),0,NO APLICA,8,Agosto,30,2022,21,36,SR-13 CASSELL RD,3,Highway estatal,Rural,Arteria Principal,State Highway Agency,1,Sin jurisdiccion especial,156,40.44958333,-82.53703056,Zanja,El primer evento no fue una colision con un vehiculo automotor en transporte,Not an Intersection,No fue interseccion,Sobre el lado de la calle,Ninguna,Oscuro sin iluminacion,Despejado,No,NO APLICA,21,33,21,38,1,30/08/2022,2
39,Ohio,390770,0,0,1,0,165,WARREN (165),0,NO APLICA,8,Agosto,29,2022,12,39,SR-48,3,Highway estatal,Urbano,Arteria Principal,State Highway Agency,0,Sin jurisdiccion especial,225,39.53903889,-84.16923889,Culvert,El primer evento no fue una colision con un vehiculo automotor en transporte,Not an Intersection,No fue interseccion,Sobre el lado de la calle,Ninguna,Dia total,Nublado,No,NO APLICA,12,31,12,38,1,29/08/2022,1
39,Ohio,390771,0,0,1,0,29,COLUMBIANA (29),0,NO APLICA,8,Agosto,28,2022,0,36,CR-410 DEPOT RD,4,Calle del Condado,Rural,Colector Mayor,County Highway Agency,0,Sin jurisdiccion especial,0,40.78301111,-80.85888333,Volcadura,El primer evento no fue una colision con un vehiculo automotor en transporte,Not an Intersection,No fue interseccion,Sobre calle,Ninguna,Oscuro sin iluminacion,Despejado,No,NO APLICA,99,99,99,99,1,28/08/2022,1
39,Ohio,390772,2,2,2,1,35,CUYAHOGA (35),7880,STRONGSVILLE,8,Agosto,22,2022,11,46,I-80,1,Interestatal,Urbano,Interestatal,State Toll Road,1,Sin jurisdiccion especial,97,41.32819167,-81.79891389,Peaton,El primer evento no fue una colision con un vehiculo automotor en transporte,Not an Intersection,No fue interseccion,Sobre calle,Ninguna,Dia total,Nublado,No,NO APLICA,12,5,12,32,1,22/08/2022,1
39,Ohio,390773,0,0,1,0,7,ASHTABULA (7),0,NO APLICA,9,Septiembre,3,2022,12,36,I-90,1,Interestatal,Rural,Interestatal,State Highway Agency,1,Sin jurisdiccion especial,217,41.89279167,-80.64003333,Volcadura,El primer evento no fue una colision con un vehiculo automotor en transporte,Not an Intersection,No fue interseccion,Sobre el lado de la calle,Ninguna,Dia total,Nublado,No,NO APLICA,12,45,13,5,1,03/09/2022,1
39,Ohio,390774,1,1,3,2,141,ROSS (141),0,NO APLICA,8,Agosto,29,2022,18,20,CR-127 PLEASANT VALLEY RD,4,Calle del Condado,Urbano,Colector Mayor,County Highway Agency,0,Sin jurisdiccion especial,0,39.35470556,-83.00155,Barda,El primer evento no fue una colision con un vehiculo automotor en transporte,Not an Intersection,No fue interseccion,Sobre el lado de la calle,Ninguna,Dia total,Nublado,No,NO APLICA,18,43,18,51,1,29/08/2022,1
39,Ohio,390775,0,0,1,0,17,BUTLER (17),0,NO APLICA,7,Julio,31,2022,1,46,CR-42 LAYHIGH RD,4,Calle del Condado,Rural,Local,County Highway Agency,0,Sin jurisdiccion especial,0,39.3675,-84.70368333,Poste,El primer evento no fue una colision con un vehiculo automotor en transporte,Not an Intersection,No fue interseccion,Sobre el lado de la calle,Ninguna,Oscuro sin iluminacion,Despejado,No,NO APLICA,1,47,1,58,1,31/07/2022,1
39,Ohio,390776,0,0,2,0,49,FRANKLIN (49),1800,COLUMBUS,9,Septiembre,8,2022,8,0,CR-246 OBETZ AV,4,Calle del Condado,Urbano,Colector Mayor,County Highway Agency,0,Sin jurisdiccion especial,0,39.87801667,-82.97380278,Vehiculo en movimiento,Angulo,T-Intersection,Interseccion de T,Sobre calle,Ninguna,Dia total,Despejado,No,NO APLICA,8,17,8,20,1,08/09/2022,2
39,Ohio,390777,0,0,2,0,105,MEIGS (105),0,NO APLICA,8,Agosto,31,2022,0,18,SR-7,3,Highway estatal,Rural,Arteria Principal,State Highway Agency,1,Sin jurisdiccion especial,223,39.16101389,-81.84772778,Vehiculo en movimiento,Frente a frente,Not an Intersection,No fue interseccion,Sobre calle,Ninguna,Oscuro sin iluminacion,Neblina o Humo,No,NO APLICA,0,19,0,31,1,31/08/2022,3
39,Ohio,390778,0,0,1,0,149,SHELBY (149),0,NO APLICA,8,Agosto,22,2022,19,44,I-75,1,Interestatal,Rural,Interestatal,State Highway Agency,1,Sin jurisdiccion especial,175,40.43862778,-84.16917222,Poste,El primer evento no fue una colision con un vehiculo automotor en transporte,Not an Intersection,No fue interseccion,Sobre el lado de la calle,Ninguna,Dia total,Nublado,No,NO APLICA,19,43,19,49,1,22/08/2022,2