Estado,Nombre de Estado,Numero de Caso,Peatones,Personas _no_vehiculos,Vehiculos automotores,Vehiculos estacionados,Condado,Nombre Condado,Ciudad,Nombre Ciudad,Mes,Nombre Mes,Dia,Año,Hora,Minuto,Calle,Ruta,Nombre Ruta,Rural o Urbanoo,Sistema Funcional,Dueño Calle,Sistema Nacional Carreteras,Jurisdiccion Especial,Milla,Latitud,Longitud,Causa del Accidente,Tipo de Accidente,Tipo Interseccion,Columna1,Lugar en la calle,Zona de Trabajo,Luz,Clima,Autobus Escolar,Cruce de Trenes,Hora Notificacion,Minuto Notificacion,Hora Llegada,Minuto Llegada,Decesos,Fecha,PersonaVehiculo
39,Ohio,390780,1,1,1,0,133,PORTAGE (133),0,NO APLICA,8,Agosto,22,2022,21,32,CR-148 SUMMIT RD,4,Calle del Condado,Urbano,Arteria Menor,County Highway Agency,0,Sin jurisdiccion especial,0,41.13828611,-81.32070833,No vehiculo o remolque,El primer evento no fue una colision con un vehiculo automotor en transporte,Four-Way Intersection,Interseccion de 4 direcciones,Sobre calle,Ninguna,Oscuro sin iluminacion,Despejado,No,NO APLICA,21,34,21,40,1,22/08/2022,2
39,Ohio,390781,0,0,2,0,35,CUYAHOGA (35),1680,CLEVELAND,8,Agosto,19,2022,1,4,I-90,1,Interestatal,Urbano,Interestatal,State Toll Road,1,Sin jurisdiccion especial,137,41.47431667,-81.7108,Barrera de Trafico de Concreto,El primer evento no fue una colision con un vehiculo automotor en transporte,Not an Intersection,No fue interseccion,En el medio,Ninguna,Oscuro con iluminacion,Despejado,No,NO APLICA,1,8,1,20,1,19/08/2022,4
39,Ohio,390782,0,0,2,0,139,RICHLAND (139),4680,MANSFIELD,8,Agosto,23,2022,18,9,US-30,2,US Highway,Urbano,Arterial Principal -Freeway o ExpressWay,State Highway Agency,1,Sin jurisdiccion especial,121,40.77718889,-82.52831667,Valla Ferrocarril,El primer evento no fue una colision con un vehiculo automotor en transporte,Not an Intersection,No fue interseccion,Sobre el lado de la calle,Ninguna,Dia total,Nublado,No,NO APLICA,18,10,18,19,1,23/08/2022,2
39,Ohio,390783,1,1,1,0,35,CUYAHOGA (35),1680,CLEVELAND,8,Agosto,25,2022,21,30,I-480 RAMP,1,Interestatal,Urbano,Interestatal,State Highway Agency,1,Sin jurisdiccion especial,8,41.42651111,-81.81853333,Peaton,El primer evento no fue una colision con un vehiculo automotor en transporte,Not an Intersection,No fue interseccion,Sobre calle,Ninguna,Oscuro con iluminacion,Despejado,No,NO APLICA,21,31,21,42,1,25/08/2022,1
39,Ohio,390784,0,0,2,0,61,HAMILTON (61),0,NO APLICA,8,Agosto,31,2022,14,19,I-275,1,Interestatal,Urbano,Interestatal,State Highway Agency,1,Sin jurisdiccion especial,132,39.22936389,-84.63698889,Vehiculo en movimiento,Golpe Lateral - misma direccion,Not an Intersection,No fue interseccion,Sobre calle,Ninguna,Dia total,Despejado,No,NO APLICA,14,21,14,23,1,31/08/2022,2
39,Ohio,390785,0,0,4,0,143,SANDUSKY (143),0,NO APLICA,9,Septiembre,4,2022,22,26,US-6,2,US Highway,Rural,Arteria Principal,State Highway Agency,1,Sin jurisdiccion especial,49,41.34105833,-83.32226389,Vehiculo en movimiento,Angulo,Not an Intersection,No fue interseccion,Sobre calle,Ninguna,Oscuro sin iluminacion,Nublado,No,NO APLICA,22,27,22,42,1,04/09/2022,12
39,Ohio,390786,0,0,2,0,67,HARRISON (67),0,NO APLICA,8,Agosto,17,2022,4,23,US-22 CADIZ PIEDMONT RD,2,US Highway,Rural,Arteria Principal,State Highway Agency,1,Sin jurisdiccion especial,114,40.23228056,-81.07963611,Vehiculo en movimiento,Frente a frente,Not an Intersection,No fue interseccion,Sobre calle,Ninguna,Oscuro sin iluminacion,lluvia,No,NO APLICA,5,19,5,34,1,17/08/2022,2
39,Ohio,390787,1,1,2,1,49,FRANKLIN (49),0,NO APLICA,9,Septiembre,9,2022,6,18,I-270 THE OUTERBELT,1,Interestatal,Urbano,Interestatal,State Highway Agency,1,Sin jurisdiccion especial,0,40.01600556,-82.90409167,Vehiculo Aparcado,El primer evento no fue una colision con un vehiculo automotor en transporte,Not an Intersection,No fue interseccion,Sobre Acotamiento,Ninguna,Oscuro con iluminacion,Despejado,No,NO APLICA,6,22,6,31,1,09/09/2022,1
39,Ohio,390788,0,0,2,0,151,STARK (151),0,NO APLICA,9,Septiembre,11,2022,23,3,CR-231 STRAUSSER ST,4,Calle del Condado,Urbano,Colector Mayor,County Highway Agency,0,Sin jurisdiccion especial,0,40.89394722,-81.49307778,Vehiculo en movimiento,Frente a frente,Not an Intersection,No fue interseccion,Sobre calle,Ninguna,Oscuro sin iluminacion,Despejado,No,NO APLICA,23,5,23,9,1,11/09/2022,3
39,Ohio,390789,1,1,1,0,49,FRANKLIN (49),1800,COLUMBUS,9,Septiembre,11,2022,22,52,NORTHTOWNE BLVD,6,Calle Local Municipalidad,Urbano,Colector Menor,City or Municipal Highway Agency,0,Sin jurisdiccion especial,0,40.06006111,-82.96178889,Peaton,El primer evento no fue una colision con un vehiculo automotor en transporte,Not an Intersection,No fue interseccion,Sobre calle,Ninguna,Oscuro sin iluminacion,Nublado,No,NO APLICA,22,55,22,58,1,11/09/2022,1
39,Ohio,390790,0,0,2,0,95,LUCAS (95),8120,TOLEDO,9,Septiembre,11,2022,16,31,ELEANOR AVE,6,Calle Local Municipalidad,Urbano,Colector Mayor,City or Municipal Highway Agency,0,Sin jurisdiccion especial,0,41.6997,-83.57273056,Vehiculo en movimiento,Angulo,T-Intersection,Interseccion de T,Sobre calle,Ninguna,Dia total,lluvia,No,NO APLICA,16,36,16,40,1,11/09/2022,4
39,Ohio,390791,0,0,2,0,37,DARKE (37),0,NO APLICA,9,Septiembre,10,2022,15,21,SR-571,3,Highway estatal,Rural,Colector Mayor,State Highway Agency,0,Sin jurisdiccion especial,203,40.04989444,-84.49548611,Vehiculo en movimiento,Angulo,Four-Way Intersection,Interseccion de 4 direcciones,Sobre calle,Ninguna,Dia total,Despejado,No,NO APLICA,15,21,15,29,1,10/09/2022,4
39,Ohio,390792,1,1,1,0,61,HAMILTON (61),1610,CINCINNATI,8,Agosto,24,2022,20,58,US-42 READING RD,2,US Highway,Urbano,Arteria Principal,State Highway Agency,0,Sin jurisdiccion especial,45,39.14178889,-84.49205,Peaton,El primer evento no fue una colision con un vehiculo automotor en transporte,Not an Intersection,No fue interseccion,Sobre calle,Ninguna,Oscuro con iluminacion,Despejado,No,NO APLICA,20,59,21,3,1,24/08/2022,1
39,Ohio,390793,0,0,1,0,49,FRANKLIN (49),8280,UPPER ARLINGTON,9,Septiembre,3,2022,0,11,LANE  AVE,6,Calle Local Municipalidad,Urbano,Arteria Menor,City or Municipal Highway Agency,0,Sin jurisdiccion especial,0,40.00700833,-83.04505833,Otra barrera de trafico,El primer evento no fue una colision con un vehiculo automotor en transporte,Not an Intersection,No fue interseccion,En el medio,Ninguna,Oscuro con iluminacion,Nublado,No,NO APLICA,0,14,0,19,1,03/09/2022,1
39,Ohio,390794,1,1,1,0,49,FRANKLIN (49),1800,COLUMBUS,9,Septiembre,5,2022,23,2,JAMES RD,6,Calle Local Municipalidad,Urbano,Arteria Menor,City or Municipal Highway Agency,0,Sin jurisdiccion especial,0,39.94207778,-82.91530278,Ciclista,El primer evento no fue una colision con un vehiculo automotor en transporte,Not an Intersection,No fue interseccion,Sobre calle,Ninguna,Oscuro con iluminacion,lluvia,No,NO APLICA,23,3,23,6,1,05/09/2022,1
39,Ohio,390795,1,1,1,0,49,FRANKLIN (49),1800,COLUMBUS,9,Septiembre,11,2022,20,38,CR-17 MORSE  RD,4,Calle del Condado,Urbano,Arteria Principal,County Highway Agency,0,Sin jurisdiccion especial,0,40.05858056,-82.933075,Peaton,El primer evento no fue una colision con un vehiculo automotor en transporte,Not an Intersection,No fue interseccion,Sobre calle,Ninguna,Oscuro con iluminacion,lluvia,No,NO APLICA,99,99,99,99,1,11/09/2022,1
39,Ohio,390796,0,0,3,0,153,SUMMIT (153),70,AKRON,7,Julio,15,2022,23,55,US-224 WATERLOO RD,2,US Highway,Urbano,Arteria Principal,State Highway Agency,1,Sin jurisdiccion especial,122,41.02737222,-81.46220833,Vehiculo en movimiento,Frente a Detrás,Four-Way Intersection,Interseccion de 4 direcciones,Sobre calle,Ninguna,Oscuro con iluminacion,Nublado,No,NO APLICA,0,4,0,11,1,15/07/2022,3
39,Ohio,390797,0,0,1,0,99,MAHONING (99),4420,LOWELLVILLE,9,Septiembre,9,2022,14,45,CR-219 HUBBARD RD,4,Calle del Condado,Urbano,Local,County Highway Agency,0,Sin jurisdiccion especial,0,41.043825,-80.54501389,Valla Ferrocarril,El primer evento no fue una colision con un vehiculo automotor en transporte,Not an Intersection,No fue interseccion,Sobre el lado de la calle,Ninguna,Dia total,Despejado,No,NO APLICA,14,37,14,46,1,09/09/2022,1
39,Ohio,390798,1,1,2,1,97,MADISON (97),0,NO APLICA,9,Septiembre,9,2022,9,11,I-71,1,Interestatal,Rural,Interestatal,State Highway Agency,1,Sin jurisdiccion especial,17,39.71662222,-83.40754167,Vehiculo Aparcado,El primer evento no fue una colision con un vehiculo automotor en transporte,Not an Intersection,No fue interseccion,Sobre el lado de la calle,Ninguna,Dia total,Despejado,No,NO APLICA,9,16,9,24,1,09/09/2022,1
39,Ohio,390799,1,1,1,0,101,MARION (101),4740,MARION,9,Septiembre,6,2022,4,58,CR-162 MARION WILLIAMSPORT RD,4,Calle del Condado,Urbano,Colector Mayor,County Highway Agency,0,Sin jurisdiccion especial,0,40.61826667,-83.10660278,Peaton,El primer evento no fue una colision con un vehiculo automotor en transporte,Not an Intersection,No fue interseccion,Sobre calle,Ninguna,Oscuro sin iluminacion,Nublado,No,NO APLICA,5,6,5,11,1,06/09/2022,1
39,Ohio,390800,1,1,1,0,37,DARKE (37),0,NO APLICA,9,Septiembre,8,2022,21,33,SR-49,3,Highway estatal,Rural,Arteria Principal,State Highway Agency,1,Sin jurisdiccion especial,128,40.05430833,-84.60339722,Peaton,El primer evento no fue una colision con un vehiculo automotor en transporte,Not an Intersection,No fue interseccion,Sobre calle,Ninguna,Oscuro sin iluminacion,Despejado,No,NO APLICA,99,99,99,99,1,08/09/2022,2
39,Ohio,390801,0,0,3,0,41,DELAWARE (41),0,NO APLICA,9,Septiembre,8,2022,17,45,SR-3,3,Highway estatal,Trafficway Not in State Inventory,Via no en inventario estatal,Trafficway Not in State Inventory,9,Sin jurisdiccion especial,4,40.24922778,-82.85883333,Vehiculo en movimiento,Angulo,Four-Way Intersection,Interseccion de 4 direcciones,Sobre calle,Ninguna,Dia total,Despejado,No,NO APLICA,17,47,17,50,1,08/09/2022,3
39,Ohio,390802,0,0,1,0,103,MEDINA (103),0,NO APLICA,9,Septiembre,10,2022,12,28,CR-56 LESTER RD,4,Calle del Condado,Rural,Local,County Highway Agency,0,Sin jurisdiccion especial,0,41.22375833,-81.93543889,Otro objeto (no fijo),El primer evento no fue una colision con un vehiculo automotor en transporte,Not an Intersection,No fue interseccion,Sobre el lado de la calle,Ninguna,Dia total,Despejado,No,NO APLICA,12,26,12,39,1,10/09/2022,2
39,Ohio,390803,0,0,1,0,149,SHELBY (149),0,NO APLICA,8,Agosto,27,2022,15,24,CR-59 MORRIS ROSE RD,4,Calle del Condado,Rural,Local,County Highway Agency,0,Sin jurisdiccion especial,0,40.43704444,-84.01926111,Volcadura,El primer evento no fue una colision con un vehiculo automotor en transporte,Not an Intersection,No fue interseccion,Sobre calle,Ninguna,Dia total,Despejado,No,NO APLICA,15,25,15,44,1,27/08/2022,1
39,Ohio,390804,0,0,2,0,111,MONROE (111),0,NO APLICA,8,Agosto,30,2022,22,4,SR-78,3,Highway estatal,Rural,Arteria Menor,State Highway Agency,0,Sin jurisdiccion especial,315,39.76970833,-80.88128333,Vehiculo en movimiento,Angulo,Not an Intersection,No fue interseccion,Sobre calle,Ninguna,Oscuro sin iluminacion,Despejado,No,NO APLICA,21,54,22,6,1,30/08/2022,4
39,Ohio,390805,0,0,3,0,99,MAHONING (99),0,NO APLICA,9,Septiembre,7,2022,6,35,CR-117 TIPPECANOE RD,4,Calle del Condado,Urbano,Arteria Menor,County Highway Agency,0,Sin jurisdiccion especial,0,41.06099444,-80.71109722,Vehiculo en movimiento,Golpe Lateral - misma direccion,Not an Intersection,No fue interseccion,Sobre calle,Ninguna,Amanecer,Nublado,No,NO APLICA,6,44,6,51,1,07/09/2022,4
39,Ohio,390806,0,0,9,0,3,ALLEN (3),4220,LIMA,9,Septiembre,4,2022,12,24,I-75,1,Interestatal,Urbano,Interestatal,State Highway Agency,1,Sin jurisdiccion especial,68,40.72825278,-84.075625,Vehiculo en movimiento,Frente a Detrás,Not an Intersection,No fue interseccion,Sobre calle,Ninguna,Dia total,lluvia,No,NO APLICA,13,40,13,44,1,04/09/2022,21
39,Ohio,390807,0,0,2,0,41,DELAWARE (41),0,NO APLICA,9,Septiembre,7,2022,13,0,SR-3,3,Highway estatal,Urbano,Arteria Principal,State Highway Agency,0,Sin jurisdiccion especial,61,40.21678611,-82.89707222,Vehiculo en movimiento,Angulo,Four-Way Intersection,Interseccion de 4 direcciones,Sobre calle,Ninguna,Dia total,Despejado,No,NO APLICA,12,59,13,2,1,07/09/2022,2
39,Ohio,390808,0,0,2,0,45,FAIRFIELD (45),0,NO APLICA,9,Septiembre,7,2022,12,15,SR-204 BLACKLICK EASTERN RD,3,Highway estatal,Rural,Colector Mayor,State Highway Agency,0,Sin jurisdiccion especial,169,39.88980278,-82.50655278,Vehiculo en movimiento,Angulo,Four-Way Intersection,Interseccion de 4 direcciones,Sobre calle,Ninguna,Dia total,Despejado,No,NO APLICA,12,18,12,20,1,07/09/2022,2
39,Ohio,390809,0,0,1,0,157,TUSCARAWAS (157),0,NO APLICA,9,Septiembre,8,2022,16,0,SR-800,3,Highway estatal,Rural,Colector Mayor,State Highway Agency,0,Sin jurisdiccion especial,330,40.62560556,-81.36037778,Otro objeto (fijo),El primer evento no fue una colision con un vehiculo automotor en transporte,Not an Intersection,No fue interseccion,Sobre el lado de la calle,Ninguna,Dia total,Despejado,No,NO APLICA,16,9,16,13,1,08/09/2022,1
39,Ohio,390810,0,0,1,0,163,VINTON (163),0,NO APLICA,9,Septiembre,11,2022,13,26,SR-93,3,Highway estatal,Rural,Arteria Menor,State Highway Agency,0,Sin jurisdiccion especial,31,39.18499722,-82.50920278,Buzon de correo,El primer evento no fue una colision con un vehiculo automotor en transporte,Not an Intersection,No fue interseccion,Sobre el lado de la calle,Ninguna,Dia total,Despejado,No,NO APLICA,13,24,13,33,1,11/09/2022,1
39,Ohio,390811,0,0,1,0,19,CARROLL (19),0,NO APLICA,9,Septiembre,11,2022,5,16,SR-39 SALINEVILLE RD,3,Highway estatal,Rural,Arteria Menor,State Highway Agency,0,Sin jurisdiccion especial,250,40.62041111,-80.920525,Zanja,El primer evento no fue una colision con un vehiculo automotor en transporte,Not an Intersection,No fue interseccion,Sobre el lado de la calle,Ninguna,Oscuro sin iluminacion,lluvia,No,NO APLICA,5,22,5,26,1,11/09/2022,1
39,Ohio,390812,1,1,1,0,103,MEDINA (103),0,NO APLICA,9,Septiembre,9,2022,20,12,CR-49,4,Calle del Condado,Rural,Colector Mayor,County Highway Agency,0,Sin jurisdiccion especial,0,41.02674444,-81.78951111,Peaton,El primer evento no fue una colision con un vehiculo automotor en transporte,Not an Intersection,No fue interseccion,Sobre calle,Ninguna,Oscuro sin iluminacion,Despejado,No,NO APLICA,20,15,20,20,1,09/09/2022,2
39,Ohio,390813,0,0,1,0,113,MONTGOMERY (113),3622,HUBER HEIGHTS,9,Septiembre,8,2022,22,55,CR-218 TAYLORSVILLE RD,4,Calle del Condado,Urbano,Arteria Menor,County Highway Agency,0,Sin jurisdiccion especial,0,39.863525,-84.147875,Arbol,El primer evento no fue una colision con un vehiculo automotor en transporte,Not an Intersection,No fue interseccion,Sobre el lado de la calle,Ninguna,Oscuro con iluminacion,Despejado,No,NO APLICA,22,56,23,0,1,08/09/2022,1
39,Ohio,390814,0,0,3,0,49,FRANKLIN (49),1800,COLUMBUS,9,Septiembre,14,2022,21,10,SR-16 BROAD ST,3,Highway estatal,Urbano,Arteria Principal,State Highway Agency,1,Sin jurisdiccion especial,102,39.98269722,-82.81405833,Vehiculo en movimiento,Angulo,Four-Way Intersection,Interseccion de 4 direcciones,Sobre calle,Ninguna,Oscuro con iluminacion,Despejado,No,NO APLICA,21,11,21,14,2,14/09/2022,5
39,Ohio,390815,0,0,1,0,123,OTTAWA (123),0,NO APLICA,9,Septiembre,9,2022,23,4,TR-281 WILCOX RD,5,Calle Local - Pueblo,Urbano,Colector Mayor,Town or Township Highway Agency,0,Sin jurisdiccion especial,0,41.49778333,-82.94815556,Volcadura,El primer evento no fue una colision con un vehiculo automotor en transporte,Not an Intersection,No fue interseccion,Sobre el lado de la calle,Ninguna,Oscuro sin iluminacion,Despejado,No,NO APLICA,23,7,23,9,1,09/09/2022,1
39,Ohio,390816,0,0,3,0,19,CARROLL (19),0,NO APLICA,9,Septiembre,8,2022,21,21,SR-171 WAYNESBURG RD,3,Highway estatal,Rural,Colector Mayor,State Highway Agency,0,Sin jurisdiccion especial,161,40.61701111,-81.10360833,Vehiculo en movimiento,Angulo,Four-Way Intersection,Interseccion de 4 direcciones,Sobre calle,"Zona de trabajo, tipo desconocido",Oscuro sin iluminacion,Despejado,No,NO APLICA,21,16,21,25,1,08/09/2022,4
39,Ohio,390817,0,0,1,0,113,MONTGOMERY (113),0,NO APLICA,9,Septiembre,16,2022,23,12,TR-154 BENNER RD,5,Calle Local - Pueblo,Urbano,Colector Mayor,Town or Township Highway Agency,0,Sin jurisdiccion especial,0,39.61876389,-84.2751,Banqueta,El primer evento no fue una colision con un vehiculo automotor en transporte,Not an Intersection,No fue interseccion,Sobre el lado de la calle,Ninguna,Oscuro con iluminacion,Despejado,No,NO APLICA,23,13,23,20,1,16/09/2022,1
39,Ohio,390818,0,0,3,0,17,BUTLER (17),0,NO APLICA,9,Septiembre,16,2022,10,50,TR-18 PRINCETON RD,5,Calle Local - Pueblo,Urbano,Colector Mayor,Town or Township Highway Agency,0,Sin jurisdiccion especial,0,39.39062222,-84.505875,Banqueta,El primer evento no fue una colision con un vehiculo automotor en transporte,Not an Intersection,No fue interseccion,Sobre el lado de la calle,Ninguna,Dia total,Despejado,No,NO APLICA,10,45,10,52,1,16/09/2022,4
39,Ohio,390819,0,0,1,0,9,ATHENS (9),0,NO APLICA,8,Agosto,24,2022,20,23,SR-550,3,Highway estatal,Rural,Arteria Menor,State Highway Agency,0,Sin jurisdiccion especial,184,39.42888333,-81.85275833,Animal vivo,El primer evento no fue una colision con un vehiculo automotor en transporte,Not an Intersection,No fue interseccion,Sobre calle,Ninguna,Oscuro sin iluminacion,Despejado,No,NO APLICA,20,18,20,45,1,24/08/2022,2
39,Ohio,390820,0,0,1,0,9,ATHENS (9),360,ATHENS,9,Septiembre,7,2022,8,19,SHAFER ST,6,Calle Local Municipalidad,Urbano,Colector Mayor,City or Municipal Highway Agency,0,Sin jurisdiccion especial,0,39.32530278,-82.11103611,Banqueta,El primer evento no fue una colision con un vehiculo automotor en transporte,Not an Intersection,No fue interseccion,Sobre el lado de la calle,Ninguna,Dia total,Despejado,No,NO APLICA,8,19,8,22,1,07/09/2022,1
39,Ohio,390821,1,1,2,0,35,CUYAHOGA (35),2520,EUCLID,9,Septiembre,10,2022,2,55,I-90,1,Interestatal,Urbano,Interestatal,State Highway Agency,1,Sin jurisdiccion especial,282,41.59365833,-81.51566944,Vehiculo en movimiento,Frente a Detrás,Not an Intersection,No fue interseccion,Sobre calle,Ninguna,Oscuro con iluminacion,Despejado,No,NO APLICA,3,2,3,12,1,10/09/2022,1
39,Ohio,390822,1,1,1,0,11,AUGLAIZE (11),0,NO APLICA,9,Septiembre,11,2022,0,24,TR-31 LAMBERT  RD,5,Calle Local - Pueblo,Urbano,Local,Town or Township Highway Agency,0,Sin jurisdiccion especial,0,40.56555278,-84.41569722,Peaton,El primer evento no fue una colision con un vehiculo automotor en transporte,Not an Intersection,No fue interseccion,Sobre calle,Ninguna,Oscuro sin iluminacion,Despejado,No,NO APLICA,0,17,0,23,1,11/09/2022,1
39,Ohio,390823,0,0,2,0,81,JEFFERSON (81),9080,WINTERSVILLE,7,Julio,31,2022,17,37,SR-43 CANTON RD,3,Highway estatal,Urbano,Arteria Principal,State Highway Agency,0,Sin jurisdiccion especial,64,40.38155556,-80.71339444,Vehiculo en movimiento,Reportado como desconocido,Not an Intersection,No fue interseccion,Sobre calle,Ninguna,Dia total,Despejado,No,NO APLICA,17,38,17,41,1,31/07/2022,2
39,Ohio,390824,1,1,1,0,113,MONTGOMERY (113),0,NO APLICA,8,Agosto,15,2022,7,0,CR-159 PHILADELPHIA DR,4,Calle del Condado,Urbano,Arteria Menor,County Highway Agency,0,Sin jurisdiccion especial,0,39.80076111,-84.23511944,Peaton,El primer evento no fue una colision con un vehiculo automotor en transporte,Not an Intersection,No fue interseccion,Sobre Acotamiento,Ninguna,Amanecer,Despejado,No,NO APLICA,7,23,7,27,1,15/08/2022,1
39,Ohio,390825,0,0,2,0,107,MERCER (107),0,NO APLICA,9,Septiembre,11,2022,16,29,US-127,2,US Highway,Rural,Arteria Menor,State Highway Agency,0,Sin jurisdiccion especial,37,40.40728056,-84.57168333,Vehiculo en movimiento,Angulo,Four-Way Intersection,Interseccion de 4 direcciones,Sobre calle,Ninguna,Dia total,Nublado,No,NO APLICA,16,33,16,44,1,11/09/2022,2
39,Ohio,390826,0,0,2,0,111,MONROE (111),0,NO APLICA,9,Septiembre,13,2022,22,28,SR-7,3,Highway estatal,Urbano,Arteria Principal,State Highway Agency,1,Sin jurisdiccion especial,112,39.63690278,-80.87318889,Vehiculo en movimiento,Angulo,Not an Intersection,No fue interseccion,Sobre calle,Ninguna,Oscuro sin iluminacion,Despejado,No,NO APLICA,99,99,99,99,1,13/09/2022,2
39,Ohio,390827,0,0,3,0,165,WARREN (165),0,NO APLICA,9,Septiembre,15,2022,15,58,I-75,1,Interestatal,Urbano,Interestatal,State Highway Agency,1,Sin jurisdiccion especial,42,39.495025,-84.32401111,Barrera de Trafico de Concreto,El primer evento no fue una colision con un vehiculo automotor en transporte,Not an Intersection,No fue interseccion,En el medio,Ninguna,Dia total,Despejado,No,NO APLICA,15,57,16,16,1,15/09/2022,4
39,Ohio,390828,1,1,2,0,27,CLINTON (27),0,NO APLICA,9,Septiembre,15,2022,5,49,SR-73,3,Highway estatal,Rural,Arteria Menor,State Highway Agency,0,Sin jurisdiccion especial,25,39.48485833,-83.93816944,Peaton,El primer evento no fue una colision con un vehiculo automotor en transporte,Not an Intersection,No fue interseccion,Sobre calle,Ninguna,Oscuro sin iluminacion,Neblina o Humo,No,NO APLICA,5,50,5,55,1,15/09/2022,2
39,Ohio,390829,0,0,1,0,41,DELAWARE (41),0,NO APLICA,9,Septiembre,18,2022,19,8,CR-9 LIBERTY RD,4,Calle del Condado,Urbano,Colector Mayor,County Highway Agency,0,Sin jurisdiccion especial,0,40.20263056,-83.08574722,Valla Ferrocarril,El primer evento no fue una colision con un vehiculo automotor en transporte,Not an Intersection,No fue interseccion,Sobre el lado de la calle,Ninguna,Dia total,Nublado,No,NO APLICA,19,9,19,12,1,18/09/2022,1
39,Ohio,390830,0,0,1,0,3,ALLEN (3),0,NO APLICA,9,Septiembre,17,2022,17,38,CR-346 CHAPMAN RD,4,Calle del Condado,Urbano,Local,County Highway Agency,0,Sin jurisdiccion especial,0,40.77398333,-84.09641389,Buzon de correo,El primer evento no fue una colision con un vehiculo automotor en transporte,T-Intersection,Interseccion de T,Sobre el lado de la calle,Ninguna,Dia total,Nublado,No,NO APLICA,17,36,17,40,1,17/09/2022,1
39,Ohio,390831,0,0,2,0,23,CLARK (23),0,NO APLICA,9,Septiembre,17,2022,18,43,CR-310 FOLK REAM  RD,4,Calle del Condado,Rural,Local,County Highway Agency,0,Sin jurisdiccion especial,0,39.95209167,-83.92916389,Vehiculo en movimiento,Frente a Detrás,T-Intersection,Interseccion de T,Sobre calle,Ninguna,Dia total,Despejado,No,NO APLICA,18,51,19,3,1,17/09/2022,2
39,Ohio,390832,0,0,1,0,141,ROSS (141),0,NO APLICA,9,Septiembre,16,2022,14,7,CR-232 LICK RUN RD,4,Calle del Condado,Rural,Local,County Highway Agency,0,Sin jurisdiccion especial,0,39.352475,-82.89028333,Arbol,El primer evento no fue una colision con un vehiculo automotor en transporte,Not an Intersection,No fue interseccion,Sobre el lado de la calle,Ninguna,Dia total,Despejado,No,NO APLICA,14,21,14,27,1,16/09/2022,1
39,Ohio,390833,0,0,2,0,155,TRUMBULL (155),0,NO APLICA,9,Septiembre,17,2022,16,39,CR-331 MASURY RD,4,Calle del Condado,Urbano,Arteria Menor,County Highway Agency,0,Sin jurisdiccion especial,0,41.18148056,-80.55329722,Volcadura,El primer evento no fue una colision con un vehiculo automotor en transporte,T-Intersection,Interseccion de T,Sobre calle,Ninguna,Dia total,Despejado,No,NO APLICA,16,40,16,40,1,17/09/2022,2
39,Ohio,390834,0,0,3,0,169,WAYNE (169),0,NO APLICA,9,Septiembre,17,2022,22,30,SR-57 WADSWORTH RD,3,Highway estatal,Rural,Arteria Menor,State Highway Agency,0,Sin jurisdiccion especial,73,40.90282778,-81.76287778,Vehiculo en movimiento,Frente a frente,Not an Intersection,No fue interseccion,Sobre calle,Ninguna,Oscuro sin iluminacion,Despejado,No,NO APLICA,22,30,22,41,1,17/09/2022,5
39,Ohio,390835,0,0,1,0,161,VAN WERT (161),0,NO APLICA,9,Septiembre,17,2022,20,15,US-224,2,US Highway,Rural,Arteria Menor,State Highway Agency,0,Sin jurisdiccion especial,176,40.9184,-84.547175,Zanja,El primer evento no fue una colision con un vehiculo automotor en transporte,Not an Intersection,No fue interseccion,Sobre el lado de la calle,Ninguna,Oscuro sin iluminacion,Despejado,No,NO APLICA,20,37,21,2,1,17/09/2022,1
39,Ohio,390836,0,0,2,0,75,HOLMES (75),0,NO APLICA,9,Septiembre,19,2022,10,48,US-62,2,US Highway,Rural,Arteria Menor,State Highway Agency,0,Sin jurisdiccion especial,2,40.63550556,-81.68300833,Vehiculo en movimiento,Frente a frente,Y-Intersection,Interseccion de Y,Sobre calle,Ninguna,Dia total,Despejado,No,NO APLICA,10,53,11,5,2,19/09/2022,3
39,Ohio,390837,0,0,2,0,159,UNION (159),0,NO APLICA,9,Septiembre,20,2022,12,45,SR-31,3,Highway estatal,Rural,Arteria Menor,State Highway Agency,0,Sin jurisdiccion especial,77,40.34541389,-83.39593611,Vehiculo en movimiento,Angulo,Not an Intersection,No fue interseccion,Sobre calle,Ninguna,Dia total,Despejado,No,NO APLICA,12,51,12,58,1,20/09/2022,2
39,Ohio,390838,0,0,2,0,123,OTTAWA (123),0,NO APLICA,9,Septiembre,20,2022,15,37,SR-579,3,Highway estatal,Urbano,Colector Mayor,State Highway Agency,0,Sin jurisdiccion especial,0,41.60189722,-83.41562222,Vehiculo en movimiento,Frente a Detrás,Four-Way Intersection,Interseccion de 4 direcciones,Sobre calle,Ninguna,Dia total,Nublado,No,NO APLICA,15,32,15,34,1,20/09/2022,3
39,Ohio,390839,0,0,2,0,99,MAHONING (99),0,NO APLICA,9,Septiembre,22,2022,13,8,I-80,1,Interestatal,Urbano,Interestatal,State Highway Agency,1,Sin jurisdiccion especial,47,41.12496111,-80.74944444,Vehiculo en movimiento,Golpe Lateral - misma direccion,Not an Intersection,No fue interseccion,Sobre calle,Ninguna,Dia total,Nublado,No,NO APLICA,13,9,13,15,1,22/09/2022,2
39,Ohio,390840,0,0,1,0,133,PORTAGE (133),0,NO APLICA,9,Septiembre,23,2022,7,44,CR-11 SUNNYBROOK RD,4,Calle del Condado,Urbano,Local,County Highway Agency,0,Sin jurisdiccion especial,0,41.09519167,-81.37239167,Acotamiento,El primer evento no fue una colision con un vehiculo automotor en transporte,Not an Intersection,No fue interseccion,Sobre el lado de la calle,Ninguna,Dia total,Nublado,No,Unknown,7,52,7,59,1,23/09/2022,4
39,Ohio,390841,0,0,2,0,117,MORROW (117),0,NO APLICA,9,Septiembre,23,2022,16,26,SR-314 CHESTERVILLE SHELBY RD,3,Highway estatal,Rural,Colector Mayor,State Highway Agency,0,Sin jurisdiccion especial,37,40.70533056,-82.66561111,Vehiculo en movimiento,Angulo,Four-Way Intersection,Interseccion de 4 direcciones,Sobre calle,Ninguna,Dia total,Despejado,No,NO APLICA,16,24,16,41,1,23/09/2022,6