Estado,Nombre de Estado,Numero de Caso,Peatones,Personas _no_vehiculos,Vehiculos automotores,Vehiculos estacionados,Condado,Nombre Condado,Ciudad,Nombre Ciudad,Mes,Nombre Mes,Dia,Año,Hora,Minuto,Calle,Ruta,Nombre Ruta,Rural o Urbanoo,Sistema Funcional,Dueño Calle,Sistema Nacional Carreteras,Jurisdiccion Especial,Milla,Latitud,Longitud,Causa del Accidente,Tipo de Accidente,Tipo Interseccion,Columna1,Lugar en la calle,Zona de Trabajo,Luz,Clima,Autobus Escolar,Cruce de Trenes,Hora Notificacion,Minuto Notificacion,Hora Llegada,Minuto Llegada,Decesos,Fecha,PersonaVehiculo
39,Ohio,390842,0,0,1,0,45,FAIRFIELD (45),0,NO APLICA,9,Septiembre,21,2022,13,12,CR-28 CROOKS RD,4,Calle del Condado,Rural,Local,County Highway Agency,0,Sin jurisdiccion especial,0,39.62575833,-82.65049444,Volcadura,El primer evento no fue una colision con un vehiculo automotor en transporte,Not an Intersection,No fue interseccion,Sobre calle,Ninguna,Dia total,Despejado,No,NO APLICA,13,15,13,26,1,21/09/2022,1
39,Ohio,390843,0,0,2,0,169,WAYNE (169),0,NO APLICA,9,Septiembre,20,2022,21,54,SR-83 BURBANK RD,3,Highway estatal,Rural,Arteria Menor,State Highway Agency,0,Sin jurisdiccion especial,201,40.9152,-81.98175278,Vehiculo en movimiento,Angulo,Four-Way Intersection,Interseccion de 4 direcciones,Sobre calle,Ninguna,Oscuro sin iluminacion,Despejado,No,NO APLICA,99,99,99,99,1,20/09/2022,2
39,Ohio,390844,0,0,1,0,49,FRANKLIN (49),0,NO APLICA,9,Septiembre,24,2022,22,24,TR-2156 MEXICO AV,5,Calle Local - Pueblo,Urbano,Local,Town or Township Highway Agency,0,Sin jurisdiccion especial,0,40.08743889,-82.90815278,Hidrante,El primer evento no fue una colision con un vehiculo automotor en transporte,T-Intersection,Interseccion de T,Sobre el lado de la calle,Ninguna,Oscuro sin iluminacion,Despejado,No,NO APLICA,22,29,22,38,1,24/09/2022,2
39,Ohio,390845,0,0,2,0,51,FULTON (51),0,NO APLICA,9,Septiembre,24,2022,21,18,US-20,2,US Highway,Rural,Arteria Principal,State Highway Agency,1,Sin jurisdiccion especial,148,41.67086944,-84.03358611,Vehiculo en movimiento,Angulo,Four-Way Intersection,Interseccion de 4 direcciones,Sobre calle,Ninguna,Oscuro sin iluminacion,Nublado,No,NO APLICA,21,20,21,25,1,24/09/2022,7
39,Ohio,390846,0,0,2,0,61,HAMILTON (61),1610,CINCINNATI,9,Septiembre,23,2022,22,9,US-27 COLERAIN AV,2,US Highway,Urbano,Arteria Principal,State Highway Agency,1,Sin jurisdiccion especial,92,39.19013611,-84.56969722,Vehiculo en movimiento,Angulo,Not an Intersection,No fue interseccion,Sobre calle,Ninguna,Oscuro con iluminacion,lluvia,No,NO APLICA,22,12,22,20,1,23/09/2022,3
39,Ohio,390847,0,0,2,0,49,FRANKLIN (49),1800,COLUMBUS,9,Septiembre,27,2022,22,1,I-70,1,Interestatal,Urbano,Interestatal,State Highway Agency,1,Sin jurisdiccion especial,94,39.970925,-83.07236389,Vehiculo en movimiento,Frente a Detrás,Not an Intersection,No fue interseccion,Sobre calle,Ninguna,Oscuro con iluminacion,Despejado,No,NO APLICA,22,3,22,8,1,27/09/2022,4
39,Ohio,390848,0,0,1,0,95,LUCAS (95),8120,TOLEDO,9,Septiembre,28,2022,9,25,I-280,1,Interestatal,Urbano,Interestatal,State Highway Agency,1,Sin jurisdiccion especial,44,41.67223056,-83.51491944,Barrera de Trafico de Concreto,El primer evento no fue una colision con un vehiculo automotor en transporte,Not an Intersection,No fue interseccion,En el medio,Ninguna,Dia total,Despejado,No,NO APLICA,9,38,9,46,1,28/09/2022,1
39,Ohio,390849,1,1,1,0,49,FRANKLIN (49),1800,COLUMBUS,9,Septiembre,25,2022,0,14,INDIANOLA AVE,6,Calle Local Municipalidad,Urbano,Colector Mayor,City or Municipal Highway Agency,0,Sin jurisdiccion especial,0,40.0642,-83.00036111,Peaton,El primer evento no fue una colision con un vehiculo automotor en transporte,Not an Intersection,No fue interseccion,Sobre calle,Ninguna,Oscuro sin iluminacion,Nublado,No,NO APLICA,0,31,0,35,1,25/09/2022,2
39,Ohio,390850,0,0,2,0,99,MAHONING (99),9230,YOUNGSTOWN,6,Junio,26,2022,1,2,CR-571 MARKET ST,4,Calle del Condado,Urbano,Arteria Principal,County Highway Agency,0,Sin jurisdiccion especial,0,41.09041111,-80.65663056,Vehiculo en movimiento,Angulo,Not an Intersection,No fue interseccion,Sobre calle,Ninguna,Oscuro con iluminacion,Despejado,No,NO APLICA,1,4,1,8,1,26/06/2022,2
39,Ohio,390851,0,0,1,0,35,CUYAHOGA (35),1680,CLEVELAND,7,Julio,14,2022,22,50,CR-313 MONTICELLO BLVD BL,4,Calle del Condado,Urbano,Arteria Menor,County Highway Agency,0,Sin jurisdiccion especial,0,41.52783056,-81.55625833,Banqueta,El primer evento no fue una colision con un vehiculo automotor en transporte,Not an Intersection,No fue interseccion,Sobre el lado de la calle,Ninguna,Oscuro con iluminacion,Despejado,No,NO APLICA,22,54,22,55,1,14/07/2022,1
39,Ohio,390852,0,0,2,0,153,SUMMIT (153),70,AKRON,7,Julio,16,2022,18,37,WILBETH RD,6,Calle Local Municipalidad,Urbano,Local,City or Municipal Highway Agency,0,Sin jurisdiccion especial,0,41.03937778,-81.56385556,Vehiculo en movimiento,Golpe Lateral - misma direccion,T-Intersection,Interseccion de T,Sobre calle,Ninguna,Dia total,Despejado,No,NO APLICA,99,99,99,99,1,16/07/2022,3
39,Ohio,390853,1,1,1,0,61,HAMILTON (61),1610,CINCINNATI,7,Julio,17,2022,3,25,US-22 GILBERT AVE,2,US Highway,Urbano,Arteria Principal,State Highway Agency,0,Sin jurisdiccion especial,23,39.12211389,-84.494925,Peaton,El primer evento no fue una colision con un vehiculo automotor en transporte,Not an Intersection,No fue interseccion,Sobre calle,Ninguna,Oscuro con iluminacion,Despejado,No,NO APLICA,3,31,3,33,1,17/07/2022,1
39,Ohio,390854,0,0,1,0,49,FRANKLIN (49),1800,COLUMBUS,9,Septiembre,10,2022,18,2,HUDSON ST,6,Calle Local Municipalidad,Urbano,Arteria Principal,City or Municipal Highway Agency,0,Sin jurisdiccion especial,0,40.01486111,-82.99418056,Poste o otros soportes,El primer evento no fue una colision con un vehiculo automotor en transporte,Not an Intersection,No fue interseccion,Sobre el lado de la calle,Ninguna,Dia total,Despejado,No,NO APLICA,18,4,18,11,1,10/09/2022,1
39,Ohio,390855,0,0,2,0,111,MONROE (111),0,NO APLICA,9,Septiembre,14,2022,17,21,SR-78,3,Highway estatal,Rural,Arteria Menor,State Highway Agency,0,Sin jurisdiccion especial,234,39.74771111,-80.982775,Vehiculo en movimiento,Angulo,T-Intersection,Interseccion de T,Sobre calle,Ninguna,Dia total,Despejado,No,NO APLICA,17,10,17,26,2,14/09/2022,3
39,Ohio,390856,0,0,2,0,53,GALLIA (53),0,NO APLICA,9,Septiembre,20,2022,9,37,SR-7 UPPER RIVER RD,3,Highway estatal,Urbano,Arteria Principal,State Highway Agency,1,Sin jurisdiccion especial,267,38.84580833,-82.14599722,Vehiculo en movimiento,Angulo,T-Intersection,Interseccion de T,Sobre calle,Ninguna,Dia total,Despejado,No,NO APLICA,9,36,9,39,1,20/09/2022,2
39,Ohio,390858,0,0,1,0,155,TRUMBULL (155),0,NO APLICA,9,Septiembre,20,2022,16,45,TR-485 OAKMONT DR,5,Calle Local - Pueblo,Urbano,Local,Town or Township Highway Agency,0,Sin jurisdiccion especial,0,41.14836111,-80.59504167,Zanja,El primer evento no fue una colision con un vehiculo automotor en transporte,Not an Intersection,No fue interseccion,Sobre el lado de la calle,Ninguna,Dia total,Nublado,No,NO APLICA,16,40,16,44,1,20/09/2022,1
39,Ohio,390859,0,0,2,0,7,ASHTABULA (7),1850,CONNEAUT,9,Septiembre,29,2022,19,45,I-90,1,Interestatal,Urbano,Interestatal,State Highway Agency,1,Sin jurisdiccion especial,266,41.92116111,-80.55249722,Vehiculo en movimiento,Frente a Detrás,Not an Intersection,No fue interseccion,Sobre calle,"Zona de trabajo, tipo desconocido",Oscuro sin iluminacion,Despejado,No,NO APLICA,19,47,19,53,1,29/09/2022,2
39,Ohio,390860,0,0,1,0,49,FRANKLIN (49),1800,COLUMBUS,9,Septiembre,30,2022,2,58,CR-52 FISHINGER BLVD,4,Calle del Condado,Urbano,Arteria Principal,County Highway Agency,0,Sin jurisdiccion especial,0,40.02618889,-83.11273889,Arbol,El primer evento no fue una colision con un vehiculo automotor en transporte,Not an Intersection,No fue interseccion,Sobre el lado de la calle,Ninguna,Oscuro con iluminacion,Despejado,No,NO APLICA,2,55,2,57,2,30/09/2022,3
39,Ohio,390861,1,1,1,0,49,FRANKLIN (49),1800,COLUMBUS,9,Septiembre,10,2022,21,10,HUDSON ST,6,Calle Local Municipalidad,Urbano,Arteria Menor,City or Municipal Highway Agency,0,Sin jurisdiccion especial,0,40.01334167,-82.95903889,Peaton,El primer evento no fue una colision con un vehiculo automotor en transporte,T-Intersection,Interseccion de T,"Fuera de la calle, ubicacion desconocida",Ninguna,Oscuro con iluminacion,Despejado,No,NO APLICA,21,14,21,16,1,10/09/2022,1
39,Ohio,390862,0,0,4,0,85,LAKE (85),0,NO APLICA,7,Julio,1,2022,16,6,I-90,1,Interestatal,Rural,Interestatal,State Highway Agency,1,Sin jurisdiccion especial,161,41.68028333,-81.22311111,Vehiculo en movimiento,Frente a Detrás,Not an Intersection,No fue interseccion,Sobre calle,Ninguna,Dia total,Despejado,No,NO APLICA,16,6,16,10,1,01/07/2022,7
39,Ohio,390863,0,0,1,0,129,PICKAWAY (129),0,NO APLICA,7,Julio,19,2022,21,24,US-23,2,US Highway,Rural,Arteria Principal,State Highway Agency,1,Sin jurisdiccion especial,208,39.76995,-82.98969722,Volcadura,El primer evento no fue una colision con un vehiculo automotor en transporte,Not an Intersection,No fue interseccion,En el medio,Ninguna,Oscuro sin iluminacion,Despejado,No,NO APLICA,21,27,21,33,1,19/07/2022,2
39,Ohio,390864,0,0,2,0,35,CUYAHOGA (35),4970,MIDDLEBURG HEIGHTS,7,Julio,19,2022,23,22,CR-27 BAGLEY RD,4,Calle del Condado,Urbano,Arteria Principal,County Highway Agency,1,Sin jurisdiccion especial,0,41.37177778,-81.81567222,Vehiculo en movimiento,Angulo,T-Intersection,Interseccion de T,Sobre calle,Ninguna,Oscuro con iluminacion,Despejado,No,NO APLICA,23,22,23,26,1,19/07/2022,2
39,Ohio,390865,0,0,1,0,129,PICKAWAY (129),0,NO APLICA,8,Agosto,23,2022,7,30,CR-4 ISLAND RD,4,Calle del Condado,Urbano,Local,County Highway Agency,0,Sin jurisdiccion especial,0,39.62301389,-82.95383056,Barda,El primer evento no fue una colision con un vehiculo automotor en transporte,Not an Intersection,No fue interseccion,Sobre el lado de la calle,Ninguna,Reportada como desconocida,Reportado como desconocido,No,NO APLICA,7,30,7,33,1,23/08/2022,1
39,Ohio,390866,0,0,1,0,17,BUTLER (17),0,NO APLICA,9,Septiembre,14,2022,18,36,SR-126,3,Highway estatal,Rural,Colector Mayor,State Highway Agency,0,Sin jurisdiccion especial,92,39.30973889,-84.69056944,Volcadura,El primer evento no fue una colision con un vehiculo automotor en transporte,Not an Intersection,No fue interseccion,Sobre el lado de la calle,Ninguna,Dia total,Despejado,No,NO APLICA,18,42,19,5,1,14/09/2022,2
39,Ohio,390867,0,0,2,0,75,HOLMES (75),0,NO APLICA,9,Septiembre,17,2022,16,45,SR-39,3,Highway estatal,Rural,Arteria Menor,State Highway Agency,0,Sin jurisdiccion especial,72,40.59485,-82.10130556,Fin de valla,El primer evento no fue una colision con un vehiculo automotor en transporte,Not an Intersection,No fue interseccion,Sobre el lado de la calle,Ninguna,Dia total,Despejado,No,NO APLICA,16,53,16,55,1,17/09/2022,3
39,Ohio,390868,0,0,1,0,139,RICHLAND (139),0,NO APLICA,9,Septiembre,24,2022,22,14,CR-139 HANLEY  RD,4,Calle del Condado,Urbano,Arteria Menor,County Highway Agency,0,Sin jurisdiccion especial,0,40.69559722,-82.57077778,Poste de Señal de trafico,El primer evento no fue una colision con un vehiculo automotor en transporte,Not an Intersection,No fue interseccion,Sobre el lado de la calle,Ninguna,Oscuro sin iluminacion,Despejado,No,NO APLICA,22,15,22,20,1,24/09/2022,1
39,Ohio,390869,0,0,3,0,57,GREENE (57),0,NO APLICA,9,Septiembre,25,2022,20,45,I-71,1,Interestatal,Rural,Interestatal,State Highway Agency,1,Sin jurisdiccion especial,3,39.55636944,-83.72215833,Vehiculo en movimiento,Frente a Detrás,Not an Intersection,No fue interseccion,Sobre calle,"Zona de trabajo, tipo desconocido",Oscuro sin iluminacion,Despejado,No,NO APLICA,99,99,21,23,1,25/09/2022,5
39,Ohio,390870,0,0,2,0,99,MAHONING (99),0,NO APLICA,9,Septiembre,24,2022,13,14,I-76,1,Interestatal,Rural,Interestatal,State Toll Road,1,Sin jurisdiccion especial,143,40.96254444,-80.64895833,Vehiculo en movimiento,Angulo,Not an Intersection,No fue interseccion,Sobre calle,Ninguna,Dia total,Despejado,No,NO APLICA,13,14,13,22,1,24/09/2022,3
39,Ohio,390871,0,0,2,0,29,COLUMBIANA (29),0,NO APLICA,9,Septiembre,23,2022,9,10,SR-7,3,Highway estatal,Rural,Arteria Menor,State Highway Agency,0,Sin jurisdiccion especial,174,40.75753056,-80.6366,Vehiculo en movimiento,Frente a frente,Not an Intersection,No fue interseccion,Sobre calle,Ninguna,Dia total,Nublado,No,NO APLICA,9,12,9,29,1,23/09/2022,2
39,Ohio,390872,0,0,2,0,87,LAWRENCE (87),0,NO APLICA,9,Septiembre,22,2022,5,53,SR-7,3,Highway estatal,Urbano,Arteria Principal,State Highway Agency,1,Sin jurisdiccion especial,132,38.49888611,-82.309975,Vehiculo en movimiento,Frente a frente,Not an Intersection,No fue interseccion,Sobre calle,Ninguna,Oscuro sin iluminacion,Nublado,No,NO APLICA,5,53,5,59,2,22/09/2022,2
39,Ohio,390873,1,1,1,0,83,KNOX (83),0,NO APLICA,9,Septiembre,26,2022,10,1,CR-80,4,Calle del Condado,Rural,Local,County Highway Agency,0,Sin jurisdiccion especial,0,40.54336667,-82.64266667,Animal montado o vehiculo de traccion animal,El primer evento no fue una colision con un vehiculo automotor en transporte,T-Intersection,Interseccion de T,Sobre calle,Ninguna,Dia total,Despejado,No,NO APLICA,10,9,10,55,1,26/09/2022,2
39,Ohio,390874,0,0,1,0,9,ATHENS (9),0,NO APLICA,9,Septiembre,26,2022,17,10,CR-27 MILLFIELD RD,4,Calle del Condado,Rural,Local,County Highway Agency,0,Sin jurisdiccion especial,0,39.43209444,-82.09232778,Valla Ferrocarril,El primer evento no fue una colision con un vehiculo automotor en transporte,Not an Intersection,No fue interseccion,Sobre el lado de la calle,Ninguna,Dia total,Despejado,No,NO APLICA,17,15,17,27,1,26/09/2022,1
39,Ohio,390875,0,0,3,0,89,LICKING (89),0,NO APLICA,9,Septiembre,26,2022,13,10,US-40 HISTORIC NATIONAL RD,2,US Highway,Rural,Colector Mayor,State Highway Agency,0,Sin jurisdiccion especial,132,39.95786667,-82.53238611,Vehiculo en movimiento,Angulo,Four-Way Intersection,Interseccion de 4 direcciones,Sobre calle,Ninguna,Dia total,Nublado,No,NO APLICA,13,11,13,15,1,26/09/2022,3
39,Ohio,390876,3,3,1,0,83,KNOX (83),0,NO APLICA,9,Septiembre,26,2022,8,16,CR-13 GREEN VALLEY RD,4,Calle del Condado,Rural,Local,County Highway Agency,0,Sin jurisdiccion especial,0,40.42419167,-82.59899167,Animal montado o vehiculo de traccion animal,El primer evento no fue una colision con un vehiculo automotor en transporte,Not an Intersection,No fue interseccion,Sobre calle,Ninguna,Amanecer,Despejado,No,NO APLICA,8,18,8,31,1,26/09/2022,1
39,Ohio,390877,0,0,1,0,39,DEFIANCE (39),0,NO APLICA,9,Septiembre,28,2022,19,31,CR-17 POWER DAM RD,4,Calle del Condado,Rural,Colector Menor,County Highway Agency,0,Sin jurisdiccion especial,0,41.23834722,-84.39473333,Fin de valla,El primer evento no fue una colision con un vehiculo automotor en transporte,Not an Intersection,No fue interseccion,Sobre el lado de la calle,Ninguna,Oscuro sin iluminacion,Despejado,No,NO APLICA,19,36,19,41,1,28/09/2022,1
39,Ohio,390878,0,0,1,0,5,ASHLAND (5),0,NO APLICA,10,Octubre,2,2022,12,39,CR-1302,4,Calle del Condado,Rural,Colector Menor,County Highway Agency,0,Sin jurisdiccion especial,0,40.8712,-82.22024167,Poste de Señal de trafico,El primer evento no fue una colision con un vehiculo automotor en transporte,Not an Intersection,No fue interseccion,Sobre el lado de la calle,Ninguna,Dia total,Nublado,No,NO APLICA,12,40,99,99,1,02/10/2022,1
39,Ohio,390879,0,0,1,0,119,MUSKINGUM (119),0,NO APLICA,10,Octubre,1,2022,2,9,SR-60 RIVER RD,3,Highway estatal,Urbano,Arteria Menor,State Highway Agency,0,Sin jurisdiccion especial,135,39.89630556,-81.99844444,Valla Ferrocarril,El primer evento no fue una colision con un vehiculo automotor en transporte,Not an Intersection,No fue interseccion,Sobre el lado de la calle,Ninguna,Oscuro sin iluminacion,Nublado,No,NO APLICA,99,99,2,25,1,01/10/2022,1
39,Ohio,390880,0,0,4,0,85,LAKE (85),0,NO APLICA,9,Septiembre,30,2022,12,45,US-20 RIDGE RD,2,US Highway,Urbano,Arteria Principal,State Highway Agency,1,Sin jurisdiccion especial,253,41.79372778,-81.09689444,Vehiculo en movimiento,Golpe Lateral - direccion contraria,Not an Intersection,No fue interseccion,Sobre calle,Ninguna,Dia total,Despejado,No,NO APLICA,12,45,12,51,1,30/09/2022,8
39,Ohio,390881,0,0,1,0,153,SUMMIT (153),4555,MACEDONIA,9,Septiembre,30,2022,3,43,I-271,1,Interestatal,Urbano,Interestatal,State Highway Agency,1,Sin jurisdiccion especial,127,41.31595,-81.513175,Otra barrera de trafico,El primer evento no fue una colision con un vehiculo automotor en transporte,Not an Intersection,No fue interseccion,En el medio,Ninguna,Oscuro con iluminacion,Despejado,No,NO APLICA,3,44,3,47,1,30/09/2022,1
39,Ohio,390882,0,0,2,0,35,CUYAHOGA (35),8537,WARRENSVILLE HEIGHTS,9,Septiembre,25,2022,14,1,SR-43 MILES RD,3,Highway estatal,Urbano,Arteria Principal,State Highway Agency,1,Sin jurisdiccion especial,100,41.43501667,-81.54611667,Vehiculo en movimiento,Angulo,Not an Intersection,No fue interseccion,Sobre calle,Ninguna,Dia total,Despejado,No,NO APLICA,99,99,99,99,1,25/09/2022,4
39,Ohio,390883,0,0,1,0,151,STARK (151),1320,CANTON,10,Octubre,1,2022,21,21,CR-254 HARRISON AVE NW,4,Calle del Condado,Urbano,Arteria Menor,County Highway Agency,0,Sin jurisdiccion especial,0,40.80758889,-81.39793889,Volcadura,El primer evento no fue una colision con un vehiculo automotor en transporte,Not an Intersection,No fue interseccion,Sobre el lado de la calle,Ninguna,Oscuro con iluminacion,Nublado,No,NO APLICA,21,27,21,31,2,01/10/2022,3
39,Ohio,390884,0,0,1,0,49,FRANKLIN (49),1800,COLUMBUS,10,Octubre,2,2022,4,6,I-71,1,Interestatal,Urbano,Interestatal,State Highway Agency,1,Sin jurisdiccion especial,171,39.95695278,-82.98283889,Valla Ferrocarril,El primer evento no fue una colision con un vehiculo automotor en transporte,Not an Intersection,No fue interseccion,Sobre el lado de la calle,Ninguna,Oscuro con iluminacion,Despejado,No,NO APLICA,4,39,4,48,1,02/10/2022,2
39,Ohio,390885,0,0,3,0,113,MONTGOMERY (113),8180,TROTWOOD,10,Octubre,1,2022,21,21,CR-230 WOLF CREEK  PIKE,4,Calle del Condado,Urbano,Arteria Menor,State Highway Agency,0,Sin jurisdiccion especial,0,39.79401111,-84.29217222,Otra no colicion,El primer evento no fue una colision con un vehiculo automotor en transporte,Four-Way Intersection,Interseccion de 4 direcciones,Sobre calle,Ninguna,Oscuro con iluminacion,Despejado,No,NO APLICA,21,23,21,28,1,01/10/2022,3
39,Ohio,390886,0,0,1,0,119,MUSKINGUM (119),0,NO APLICA,9,Septiembre,29,2022,23,20,SR-586,3,Highway estatal,Rural,Colector Mayor,State Highway Agency,0,Sin jurisdiccion especial,15,40.085375,-82.16261389,Culvert,El primer evento no fue una colision con un vehiculo automotor en transporte,Not an Intersection,No fue interseccion,Sobre el lado de la calle,Ninguna,Oscuro sin iluminacion,Despejado,No,NO APLICA,23,19,23,26,1,29/09/2022,1
39,Ohio,390887,0,0,1,0,165,WARREN (165),8650,WAYNESVILLE,10,Octubre,2,2022,15,32,SR-73,3,Highway estatal,Urbano,Arteria Menor,State Highway Agency,0,Sin jurisdiccion especial,145,39.52374167,-84.08627778,Banqueta,El primer evento no fue una colision con un vehiculo automotor en transporte,Not an Intersection,No fue interseccion,Sobre el lado de la calle,Ninguna,Dia total,Despejado,No,NO APLICA,15,41,15,52,1,02/10/2022,1
39,Ohio,390888,0,0,2,0,113,MONTGOMERY (113),6990,RIVERSIDE,7,Julio,25,2022,19,26,SR-202 OLD TROY PIKE,3,Highway estatal,Urbano,Arteria Principal,State Highway Agency,1,Sin jurisdiccion especial,37,39.81795,-84.14636667,Vehiculo en movimiento,Frente a frente,Not an Intersection,No fue interseccion,Sobre calle,Ninguna,Dia total,Despejado,No,NO APLICA,19,26,19,32,1,25/07/2022,4
39,Ohio,390889,0,0,2,0,35,CUYAHOGA (35),1680,CLEVELAND,9,Septiembre,7,2022,11,40,I-77 WILLOW FWY,1,Interestatal,Urbano,Interestatal,State Highway Agency,1,Sin jurisdiccion especial,136,41.46856389,-81.65916111,Vehiculo en movimiento,Frente a Detrás,Not an Intersection,No fue interseccion,Sobre calle,Ninguna,Dia total,Despejado,No,NO APLICA,11,45,11,58,1,07/09/2022,2
39,Ohio,390890,0,0,2,0,29,COLUMBIANA (29),0,NO APLICA,9,Septiembre,23,2022,16,30,SR-172 NEW GARDEN AV,3,Highway estatal,Rural,Colector Mayor,State Highway Agency,0,Sin jurisdiccion especial,59,40.78757222,-80.98077778,Vehiculo en movimiento,Frente a frente,Not an Intersection,No fue interseccion,Sobre calle,Ninguna,Dia total,Despejado,No,NO APLICA,16,44,17,14,1,23/09/2022,3
39,Ohio,390891,0,0,1,0,103,MEDINA (103),0,NO APLICA,9,Septiembre,24,2022,7,13,I-71,1,Interestatal,Rural,Interestatal,State Highway Agency,1,Sin jurisdiccion especial,198,41.17836667,-81.78749444,Volcadura,El primer evento no fue una colision con un vehiculo automotor en transporte,Not an Intersection,No fue interseccion,Sobre el lado de la calle,Ninguna,Amanecer,Despejado,No,NO APLICA,7,12,7,22,1,24/09/2022,4
39,Ohio,390892,0,0,2,0,127,PERRY (127),0,NO APLICA,9,Septiembre,27,2022,14,1,SR-668,3,Highway estatal,Rural,Colector Mayor,State Highway Agency,0,Sin jurisdiccion especial,86,39.70150278,-82.28832778,Vehiculo en movimiento,Frente a frente,Not an Intersection,No fue interseccion,Sobre calle,Ninguna,Dia total,Despejado,No,NO APLICA,14,0,14,5,1,27/09/2022,4
39,Ohio,390893,0,0,2,0,71,HIGHLAND (71),0,NO APLICA,9,Septiembre,29,2022,7,9,SR-321,3,Highway estatal,Rural,Colector Mayor,State Highway Agency,0,Sin jurisdiccion especial,78,39.05285,-83.72259167,Vehiculo en movimiento,Angulo,Not an Intersection,No fue interseccion,Sobre calle,Ninguna,Oscuro sin iluminacion,Despejado,No,NO APLICA,7,9,7,20,1,29/09/2022,2
39,Ohio,390894,0,0,2,0,153,SUMMIT (153),0,NO APLICA,10,Octubre,1,2022,2,28,SR-18 AKRON MEDINA RD,3,Highway estatal,Urbano,Arteria Principal,State Highway Agency,1,Sin jurisdiccion especial,14,41.13602778,-81.66021389,Vehiculo en movimiento,Frente a Detrás,Not an Intersection,No fue interseccion,Sobre calle,Ninguna,Oscuro con iluminacion,Nublado,No,NO APLICA,2,38,2,41,1,01/10/2022,2
39,Ohio,390895,0,0,1,0,3,ALLEN (3),0,NO APLICA,10,Octubre,1,2022,22,5,TR-162 STEWART RD,5,Calle Local - Pueblo,Rural,Local,Town or Township Highway Agency,0,Sin jurisdiccion especial,0,40.84439167,-84.0711,Poste,El primer evento no fue una colision con un vehiculo automotor en transporte,Not an Intersection,No fue interseccion,Sobre el lado de la calle,Ninguna,Oscuro sin iluminacion,Despejado,No,NO APLICA,22,6,22,16,1,01/10/2022,1
39,Ohio,390896,0,0,1,0,49,FRANKLIN (49),3210,GROVEPORT,10,Octubre,6,2022,21,47,CR-229 BIXBY RD,4,Calle del Condado,Urbano,Colector Mayor,County Highway Agency,0,Sin jurisdiccion especial,0,39.87144167,-82.8852,Fin de valla,El primer evento no fue una colision con un vehiculo automotor en transporte,Not an Intersection,No fue interseccion,Sobre el lado de la calle,Ninguna,Oscuro sin iluminacion,Despejado,No,NO APLICA,21,49,21,51,1,06/10/2022,1
39,Ohio,390897,1,1,1,0,145,SCIOTO (145),6700,PORTSMOUTH,10,Octubre,8,2022,19,26,US-52 ROBINSON ST,2,US Highway,Urbano,Arteria Principal,State Highway Agency,1,Sin jurisdiccion especial,4,38.73971111,-82.97748611,Peaton,El primer evento no fue una colision con un vehiculo automotor en transporte,Not an Intersection,No fue interseccion,Sobre calle,Ninguna,Oscuro con iluminacion,Despejado,No,NO APLICA,99,99,99,99,1,08/10/2022,1
39,Ohio,390898,1,1,1,0,153,SUMMIT (153),0,NO APLICA,10,Octubre,8,2022,23,57,SR-18 AKRON MEDINA RD,3,Highway estatal,Urbano,Arteria Principal,State Highway Agency,1,Sin jurisdiccion especial,15,41.13603333,-81.65753611,Peaton,El primer evento no fue una colision con un vehiculo automotor en transporte,Four-Way Intersection,Interseccion de 4 direcciones,Sobre calle,Ninguna,Oscuro con iluminacion,Despejado,No,NO APLICA,23,58,0,0,1,08/10/2022,1
39,Ohio,390899,0,0,1,0,89,LICKING (89),0,NO APLICA,10,Octubre,7,2022,0,45,CR-21 NORTHRIDGE RD,4,Calle del Condado,Rural,Colector Menor,County Highway Agency,0,Sin jurisdiccion especial,0,40.13143889,-82.61460556,Zanja,El primer evento no fue una colision con un vehiculo automotor en transporte,Not an Intersection,No fue interseccion,Sobre el lado de la calle,Ninguna,Oscuro sin iluminacion,Despejado,No,NO APLICA,99,99,99,99,1,07/10/2022,1
39,Ohio,390900,0,0,2,0,173,WOOD (173),0,NO APLICA,10,Octubre,6,2022,13,0,US-6,2,US Highway,Rural,Arteria Principal,State Highway Agency,1,Sin jurisdiccion especial,98,41.36183889,-83.70001667,Vehiculo en movimiento,Frente a frente,Not an Intersection,No fue interseccion,Sobre calle,Ninguna,Dia total,Despejado,No,NO APLICA,13,5,13,10,1,06/10/2022,2
39,Ohio,390901,0,0,2,0,89,LICKING (89),0,NO APLICA,8,Agosto,24,2022,9,3,SR-37 JOHNSTOWN ALEXANDRIA RD,3,Highway estatal,Rural,Arteria Principal,State Highway Agency,1,Sin jurisdiccion especial,70,40.12588611,-82.65828889,Vehiculo en movimiento,Angulo,T-Intersection,Interseccion de T,Sobre calle,Ninguna,Dia total,Despejado,No,NO APLICA,9,11,9,21,1,24/08/2022,4
39,Ohio,390904,0,0,3,0,49,FRANKLIN (49),3200,GROVE CITY,10,Octubre,9,2022,14,22,SR-104 JACKSON PIKE,3,Highway estatal,Urbano,Arteria Menor,State Highway Agency,0,Sin jurisdiccion especial,22,39.83649722,-83.03170833,Vehiculo en movimiento,Angulo,Not an Intersection,No fue interseccion,Sobre calle,Ninguna,Dia total,Despejado,No,NO APLICA,14,23,14,31,1,09/10/2022,5
39,Ohio,390905,1,1,2,0,49,FRANKLIN (49),1800,COLUMBUS,10,Octubre,11,2022,17,44,US-23 HIGH ST,2,US Highway,Urbano,Arteria Principal,State Highway Agency,1,Sin jurisdiccion especial,62,39.89186944,-82.99653889,Vehiculo en movimiento,Angulo,Four-Way Intersection,Interseccion de 4 direcciones,Sobre calle,Ninguna,Dia total,Despejado,No,NO APLICA,17,45,17,47,1,11/10/2022,3