Estado,Nombre de Estado,Numero de Caso,Peatones,Personas _no_vehiculos,Vehiculos automotores,Vehiculos estacionados,Condado,Nombre Condado,Ciudad,Nombre Ciudad,Mes,Nombre Mes,Dia,Año,Hora,Minuto,Calle,Ruta,Nombre Ruta,Rural o Urbanoo,Sistema Funcional,Dueño Calle,Sistema Nacional Carreteras,Jurisdiccion Especial,Milla,Latitud,Longitud,Causa del Accidente,Tipo de Accidente,Tipo Interseccion,Columna1,Lugar en la calle,Zona de Trabajo,Luz,Clima,Autobus Escolar,Cruce de Trenes,Hora Notificacion,Minuto Notificacion,Hora Llegada,Minuto Llegada,Decesos,Fecha,PersonaVehiculo
39,Ohio,390906,0,0,1,0,35,CUYAHOGA (35),1680,CLEVELAND,10,Octubre,11,2022,10,15,CR-382 E 55TH ST,4,Calle del Condado,Urbano,Arteria Menor,County Highway Agency,0,Sin jurisdiccion especial,0,41.53723889,-81.64215,Puente de Ferrocarril,El primer evento no fue una colision con un vehiculo automotor en transporte,Not an Intersection,No fue interseccion,Sobre el lado de la calle,Ninguna,Dia total,Despejado,No,NO APLICA,10,23,10,30,1,11/10/2022,1
39,Ohio,390907,1,1,1,0,61,HAMILTON (61),1610,CINCINNATI,10,Octubre,9,2022,14,0,CR-690 LAIDLAW AV,4,Calle del Condado,Urbano,Colector Mayor,County Highway Agency,0,Sin jurisdiccion especial,0,39.17794722,-84.47905833,Peaton,El primer evento no fue una colision con un vehiculo automotor en transporte,T-Intersection,Interseccion de T,Sobre calle,Ninguna,Dia total,Despejado,No,NO APLICA,14,2,14,7,1,09/10/2022,1
39,Ohio,390908,0,0,2,0,47,FAYETTE (47),0,NO APLICA,10,Octubre,5,2022,16,28,US-62,2,US Highway,Rural,Arteria Menor,State Highway Agency,0,Sin jurisdiccion especial,166,39.57866944,-83.39742778,Vehiculo en movimiento,Golpe Lateral - direccion contraria,Not an Intersection,No fue interseccion,Sobre calle,Ninguna,Dia total,Despejado,No,NO APLICA,16,30,16,37,1,05/10/2022,3
39,Ohio,390909,0,0,2,0,77,HURON (77),0,NO APLICA,10,Octubre,5,2022,20,34,SR-61,3,Highway estatal,Urbano,Colector Mayor,State Highway Agency,0,Sin jurisdiccion especial,219,41.27055556,-82.57027778,Vehiculo en movimiento,Frente a Detrás,Not an Intersection,No fue interseccion,Sobre calle,Ninguna,Oscuro sin iluminacion,Despejado,No,NO APLICA,20,36,20,45,1,05/10/2022,2
39,Ohio,390910,0,0,2,0,93,LORAIN (93),0,NO APLICA,10,Octubre,4,2022,17,59,US-20,2,US Highway,Rural,Arteria Principal,State Highway Agency,1,Sin jurisdiccion especial,45,41.26508889,-82.25615,Vehiculo en movimiento,Frente a frente,Four-Way Intersection,Interseccion de 4 direcciones,Sobre calle,Ninguna,Dia total,Despejado,No,NO APLICA,18,5,18,16,1,04/10/2022,5
39,Ohio,390911,0,0,2,0,77,HURON (77),0,NO APLICA,10,Octubre,6,2022,9,10,CR-30 SECTION LINE RD,4,Calle del Condado,Rural,Colector Menor,County Highway Agency,0,Sin jurisdiccion especial,0,41.25549722,-82.79053333,Vehiculo en movimiento,Angulo,Four-Way Intersection,Interseccion de 4 direcciones,Sobre calle,Ninguna,Dia total,Despejado,No,NO APLICA,9,15,9,23,1,06/10/2022,2
39,Ohio,390912,1,1,4,0,25,CLERMONT (25),0,NO APLICA,10,Octubre,7,2022,6,29,I-275,1,Interestatal,Urbano,Interestatal,State Highway Agency,1,Sin jurisdiccion especial,125,39.07225,-84.295175,Vehiculo en movimiento,Frente a Detrás,Not an Intersection,No fue interseccion,Sobre calle,Ninguna,Oscuro con iluminacion,Nublado,No,NO APLICA,6,31,6,38,1,07/10/2022,4
39,Ohio,390913,1,1,1,0,167,WASHINGTON (167),0,NO APLICA,10,Octubre,8,2022,21,25,SR-7,3,Highway estatal,Urbano,Arteria Principal,State Highway Agency,1,Sin jurisdiccion especial,270,39.37639167,-81.39811944,Peaton,El primer evento no fue una colision con un vehiculo automotor en transporte,Not an Intersection,No fue interseccion,Sobre calle,Ninguna,Oscuro sin iluminacion,Despejado,No,NO APLICA,21,31,21,34,1,08/10/2022,1
39,Ohio,390914,0,0,2,0,153,SUMMIT (153),0,NO APLICA,10,Octubre,12,2022,13,31,SR-303 STREETSBORO RD,3,Highway estatal,Rural,Colector Mayor,State Highway Agency,0,Sin jurisdiccion especial,172,41.23961944,-81.67700278,Vehiculo en movimiento,Frente a frente,T-Intersection,Interseccion de T,Sobre calle,Ninguna,Dia total,Despejado,No,NO APLICA,99,99,99,99,1,12/10/2022,3
39,Ohio,390915,0,0,2,0,161,VAN WERT (161),0,NO APLICA,10,Octubre,13,2022,10,3,US-127,2,US Highway,Rural,Arteria Menor,State Highway Agency,0,Sin jurisdiccion especial,23,40.76176389,-84.58105556,Vehiculo en movimiento,Golpe Lateral - direccion contraria,Not an Intersection,No fue interseccion,Sobre calle,Ninguna,Dia total,Despejado,No,NO APLICA,10,11,10,21,1,13/10/2022,2
39,Ohio,390916,0,0,2,0,69,HENRY (69),0,NO APLICA,10,Octubre,14,2022,9,12,US-6 GRAND ARMY OF THE REPBLIC,2,US Highway,Rural,Arteria Principal,State Highway Agency,1,Sin jurisdiccion especial,8,41.44213889,-84.32496111,Vehiculo en movimiento,Angulo,Four-Way Intersection,Interseccion de 4 direcciones,Sobre calle,Ninguna,Dia total,Despejado,No,NO APLICA,9,14,9,25,1,14/10/2022,3
39,Ohio,390917,0,0,2,0,107,MERCER (107),0,NO APLICA,9,Septiembre,29,2022,13,35,SR-49 GRANVILLE RD,3,Highway estatal,Rural,Colector Mayor,State Highway Agency,0,Sin jurisdiccion especial,22,40.38148056,-84.76583889,Vehiculo en movimiento,Angulo,Four-Way Intersection,Interseccion de 4 direcciones,Sobre calle,Ninguna,Dia total,Despejado,No,NO APLICA,13,39,13,50,2,29/09/2022,3
39,Ohio,390918,0,0,1,0,63,HANCOCK (63),2610,FINDLAY,10,Octubre,9,2022,20,54,I-75,1,Interestatal,Urbano,Interestatal,State Toll Road,1,Sin jurisdiccion especial,154,41.02866111,-83.67299444,Otro objeto (fijo),El primer evento no fue una colision con un vehiculo automotor en transporte,Not an Intersection,No fue interseccion,Gore?,Ninguna,Oscuro con iluminacion,Despejado,No,NO APLICA,20,59,21,2,1,09/10/2022,1
39,Ohio,390919,0,0,2,0,49,FRANKLIN (49),1800,COLUMBUS,10,Octubre,13,2022,21,32,BRENTNELL AV,6,Calle Local Municipalidad,Urbano,Colector Mayor,City or Municipal Highway Agency,0,Sin jurisdiccion especial,0,40.00005,-82.94928056,Vehiculo en movimiento,Angulo,Four-Way Intersection,Interseccion de 4 direcciones,Sobre calle,Ninguna,Oscuro con iluminacion,lluvia,No,NO APLICA,21,33,21,39,1,13/10/2022,2
39,Ohio,390920,0,0,2,0,133,PORTAGE (133),0,NO APLICA,10,Octubre,5,2022,8,43,SR-5,3,Highway estatal,Rural,Arteria Principal,State Highway Agency,1,Sin jurisdiccion especial,110,41.1667,-81.0856,Vehiculo en movimiento,Frente a Detrás,Not an Intersection,No fue interseccion,Sobre calle,Ninguna,Dia total,Despejado,No,NO APLICA,8,52,8,59,1,05/10/2022,2
39,Ohio,390921,1,1,1,0,35,CUYAHOGA (35),1680,CLEVELAND,9,Septiembre,19,2022,0,59,I-90,1,Interestatal,Urbano,Interestatal,State Highway Agency,1,Sin jurisdiccion especial,247,41.56911944,-81.57199444,Peaton,El primer evento no fue una colision con un vehiculo automotor en transporte,Not an Intersection,No fue interseccion,Sobre calle,Ninguna,Oscuro con iluminacion,Despejado,No,NO APLICA,1,3,1,16,1,19/09/2022,1
39,Ohio,390922,4,4,4,0,113,MONTGOMERY (113),5275,MORAINE,10,Octubre,3,2022,11,8,SR-741 EXIT RAMP,3,Highway estatal,Urbano,Interestatal,State Highway Agency,1,Sin jurisdiccion especial,0,39.72429722,-84.21067222,Vehiculo en movimiento,Frente a Detrás,Not an Intersection,No fue interseccion,Sobre calle,Ninguna,Dia total,Despejado,No,NO APLICA,11,12,11,19,1,03/10/2022,4
39,Ohio,390923,0,0,1,0,37,DARKE (37),6560,PITSBURG,10,Octubre,11,2022,23,29,CR-82 PITSBURG-LAURA RD,4,Calle del Condado,Rural,Colector Mayor,County Highway Agency,0,Sin jurisdiccion especial,0,39.99106389,-84.48756667,Piedrotototota,El primer evento no fue una colision con un vehiculo automotor en transporte,T-Intersection,Interseccion de T,Fuera de la calle,Ninguna,Oscuro con iluminacion,Despejado,No,NO APLICA,23,36,23,54,1,11/10/2022,1
39,Ohio,390924,0,0,1,0,103,MEDINA (103),0,NO APLICA,7,Julio,8,2022,5,51,SR-3 WOOSTER PK,3,Highway estatal,Urbano,Arteria Menor,State Highway Agency,0,Sin jurisdiccion especial,90,41.10666667,-81.86416111,Banqueta,El primer evento no fue una colision con un vehiculo automotor en transporte,Roundabout,Glorieta,Sobre el lado de la calle,Ninguna,Amanecer,Despejado,No,NO APLICA,5,52,6,2,1,08/07/2022,1
39,Ohio,390925,1,1,1,0,49,FRANKLIN (49),8940,WHITEHALL,9,Septiembre,10,2022,22,27,US-40 MAIN ST,2,US Highway,Urbano,Arteria Principal,State Highway Agency,0,Sin jurisdiccion especial,197,39.95564722,-82.88416111,Peaton,El primer evento no fue una colision con un vehiculo automotor en transporte,Not an Intersection,No fue interseccion,Sobre calle,Ninguna,Oscuro sin iluminacion,Despejado,No,NO APLICA,22,31,22,44,1,10/09/2022,1
39,Ohio,390926,1,1,1,0,49,FRANKLIN (49),1800,COLUMBUS,10,Octubre,6,2022,23,29,CR-67 BETHEL RD,4,Calle del Condado,Urbano,Arteria Principal,County Highway Agency,0,Sin jurisdiccion especial,0,40.06436944,-83.07493056,Peaton,El primer evento no fue una colision con un vehiculo automotor en transporte,Four-Way Intersection,Interseccion de 4 direcciones,Sobre calle,Ninguna,Oscuro - iluminacion desconocida,Despejado,No,NO APLICA,23,31,23,34,1,06/10/2022,2
39,Ohio,390927,0,0,1,0,53,GALLIA (53),0,NO APLICA,10,Octubre,10,2022,19,50,SR-554,3,Highway estatal,Rural,Colector Mayor,State Highway Agency,0,Sin jurisdiccion especial,61,38.92380556,-82.28977778,Acotamiento,El primer evento no fue una colision con un vehiculo automotor en transporte,Not an Intersection,No fue interseccion,Sobre el lado de la calle,Ninguna,Oscuro sin iluminacion,Despejado,No,NO APLICA,19,58,20,4,1,10/10/2022,2
39,Ohio,390928,0,0,1,0,29,COLUMBIANA (29),0,NO APLICA,10,Octubre,9,2022,20,55,CR-400 GEORGETOWN RD,4,Calle del Condado,Rural,Colector Mayor,County Highway Agency,0,Sin jurisdiccion especial,0,40.83932222,-81.02052778,Acotamiento,El primer evento no fue una colision con un vehiculo automotor en transporte,Not an Intersection,No fue interseccion,Sobre el lado de la calle,Ninguna,Oscuro sin iluminacion,Despejado,No,NO APLICA,20,57,21,7,1,09/10/2022,4
39,Ohio,390929,0,0,1,0,15,BROWN (15),0,NO APLICA,10,Octubre,9,2022,18,20,SR-774,3,Highway estatal,Rural,Colector Mayor,State Highway Agency,0,Sin jurisdiccion especial,44,38.93773333,-83.9788,Volcadura,El primer evento no fue una colision con un vehiculo automotor en transporte,Not an Intersection,No fue interseccion,Sobre calle,Ninguna,Dia total,Despejado,No,NO APLICA,18,24,18,39,1,09/10/2022,1
39,Ohio,390930,0,0,1,0,99,MAHONING (99),0,NO APLICA,10,Octubre,9,2022,18,37,SR-170 YOUNGSTWN PITTSBURGH RD,3,Highway estatal,Urbano,Arteria Menor,State Highway Agency,0,Sin jurisdiccion especial,63,40.98136667,-80.57428889,Zanja,El primer evento no fue una colision con un vehiculo automotor en transporte,Not an Intersection,No fue interseccion,Sobre el lado de la calle,Ninguna,Dia total,Despejado,No,NO APLICA,18,32,18,42,1,09/10/2022,1
39,Ohio,390931,0,0,2,0,161,VAN WERT (161),0,NO APLICA,10,Octubre,11,2022,16,13,US-224,2,US Highway,Rural,Arteria Menor,State Highway Agency,0,Sin jurisdiccion especial,74,40.85134722,-84.66200833,Vehiculo en movimiento,Frente a frente,Not an Intersection,No fue interseccion,Sobre calle,Ninguna,Dia total,Nublado,No,NO APLICA,16,14,16,28,1,11/10/2022,2
39,Ohio,390932,0,0,2,0,129,PICKAWAY (129),0,NO APLICA,10,Octubre,11,2022,17,48,TR-20 DUVALL RD,5,Calle Local - Pueblo,Urbano,Local,Town or Township Highway Agency,0,Sin jurisdiccion especial,0,39.77131944,-82.93996111,Vehiculo en movimiento,Angulo,Four-Way Intersection,Interseccion de 4 direcciones,Sobre calle,Ninguna,Dia total,Despejado,No,NO APLICA,17,50,17,54,1,11/10/2022,3
39,Ohio,390933,0,0,2,0,5,ASHLAND (5),0,NO APLICA,10,Octubre,12,2022,14,45,US-30,2,US Highway,Rural,Arteria Principal,State Highway Agency,1,Sin jurisdiccion especial,90,40.784825,-82.20824722,Vehiculo en movimiento,Angulo,Not an Intersection,No fue interseccion,Sobre calle,Ninguna,Dia total,Nublado,No,NO APLICA,15,2,15,23,1,12/10/2022,2
39,Ohio,390934,0,0,2,0,107,MERCER (107),1430,CELINA,10,Octubre,6,2022,14,30,US-127 MAIN ST,2,US Highway,Urbano,Arteria Principal,State Highway Agency,0,Sin jurisdiccion especial,135,40.54723889,-84.57075556,Vehiculo en movimiento,Angulo,Not an Intersection,No fue interseccion,Sobre calle,Ninguna,Dia total,Despejado,No,NO APLICA,14,34,14,36,1,06/10/2022,4
39,Ohio,390935,0,0,1,0,123,OTTAWA (123),0,NO APLICA,10,Octubre,14,2022,1,9,TR-1043 CEDAR AVE,5,Calle Local - Pueblo,Urbano,Local,Town or Township Highway Agency,0,Sin jurisdiccion especial,0,41.615,-83.37165556,Buzon de correo,El primer evento no fue una colision con un vehiculo automotor en transporte,Not an Intersection,No fue interseccion,Sobre el lado de la calle,Ninguna,Oscuro sin iluminacion,Despejado,No,NO APLICA,1,21,1,24,1,14/10/2022,1
39,Ohio,390936,0,0,2,0,49,FRANKLIN (49),1800,COLUMBUS,10,Octubre,15,2022,1,30,CR-17 MORSE RD,4,Calle del Condado,Urbano,Arteria Principal,County Highway Agency,0,Sin jurisdiccion especial,0,40.0582,-82.92263889,Vehiculo en movimiento,Angulo,Four-Way Intersection,Interseccion de 4 direcciones,Sobre calle,Ninguna,Oscuro con iluminacion,Despejado,No,NO APLICA,1,38,1,45,1,15/10/2022,4
39,Ohio,390937,0,0,3,0,113,MONTGOMERY (113),6990,RIVERSIDE,10,Octubre,16,2022,22,26,SR-4,3,Highway estatal,Urbano,Arterial Principal -Freeway o ExpressWay,State Highway Agency,1,Sin jurisdiccion especial,209,39.79113889,-84.13269722,Vehiculo en movimiento,Frente a frente,Not an Intersection,No fue interseccion,Sobre calle,Ninguna,Oscuro sin iluminacion,Nublado,No,NO APLICA,22,29,22,35,1,16/10/2022,3
39,Ohio,390938,0,0,2,0,51,FULTON (51),0,NO APLICA,10,Octubre,13,2022,18,58,CR-10,4,Calle del Condado,Rural,Local,County Highway Agency,0,Sin jurisdiccion especial,0,41.54413056,-84.05700833,Vehiculo en movimiento,Angulo,Four-Way Intersection,Interseccion de 4 direcciones,Sobre calle,Ninguna,Dia total,Nublado,No,NO APLICA,18,53,19,1,1,13/10/2022,3
39,Ohio,390939,1,1,1,0,169,WAYNE (169),0,NO APLICA,10,Octubre,16,2022,5,56,SR-3 COLUMBUS RD,3,Highway estatal,Urbano,Arteria Principal,State Highway Agency,0,Sin jurisdiccion especial,113,40.78590833,-81.96165,Peaton,El primer evento no fue una colision con un vehiculo automotor en transporte,Not an Intersection,No fue interseccion,Sobre calle,Ninguna,Oscuro sin iluminacion,Nublado,No,NO APLICA,5,56,6,4,1,16/10/2022,1
39,Ohio,390940,0,0,2,0,149,SHELBY (149),0,NO APLICA,10,Octubre,8,2022,9,33,SR-66,3,Highway estatal,Rural,Colector Mayor,State Highway Agency,0,Sin jurisdiccion especial,26,40.22738889,-84.31916389,Vehiculo en movimiento,Frente a frente,Not an Intersection,No fue interseccion,Sobre calle,Ninguna,Dia total,Despejado,No,NO APLICA,9,28,9,33,1,08/10/2022,2
39,Ohio,390941,0,0,1,0,101,MARION (101),4740,MARION,9,Septiembre,28,2022,0,21,SR-95 DAVIDS ST,3,Highway estatal,Urbano,Arteria Menor,State Highway Agency,0,Sin jurisdiccion especial,142,40.58452222,-83.14343889,Poste de Señal de trafico,El primer evento no fue una colision con un vehiculo automotor en transporte,T-Intersection,Interseccion de T,Sobre el lado de la calle,Ninguna,Oscuro con iluminacion,Despejado,No,NO APLICA,0,24,0,26,1,28/09/2022,2
39,Ohio,390942,0,0,1,0,153,SUMMIT (153),0,NO APLICA,10,Octubre,5,2022,0,1,CR-47 EVERETT RD,4,Calle del Condado,Rural,Local,County Highway Agency,0,Sin jurisdiccion especial,0,41.205,-81.58309722,Volcadura,El primer evento no fue una colision con un vehiculo automotor en transporte,Not an Intersection,No fue interseccion,Sobre calle,Ninguna,Oscuro con iluminacion,Despejado,No,NO APLICA,0,1,0,17,1,05/10/2022,2
39,Ohio,390943,0,0,1,0,39,DEFIANCE (39),2130,DEFIANCE,10,Octubre,21,2022,23,30,GROVE ST,6,Calle Local Municipalidad,Urbano,Local,City or Municipal Highway Agency,0,Sin jurisdiccion especial,0,41.27405556,-84.37273611,Arbol,El primer evento no fue una colision con un vehiculo automotor en transporte,Not an Intersection,No fue interseccion,Sobre el lado de la calle,Ninguna,Oscuro sin iluminacion,Despejado,No,NO APLICA,23,30,23,35,1,21/10/2022,1
39,Ohio,390944,0,0,2,0,65,HARDIN (65),0,NO APLICA,10,Octubre,19,2022,13,50,SR-235,3,Highway estatal,Urbano,Colector Mayor,State Highway Agency,0,Sin jurisdiccion especial,172,40.75141111,-83.82324722,Vehiculo en movimiento,Angulo,Not an Intersection,No fue interseccion,Sobre calle,Ninguna,Dia total,Despejado,No,NO APLICA,13,55,14,0,1,19/10/2022,2
39,Ohio,390945,0,0,3,0,153,SUMMIT (153),3139,GREEN,9,Septiembre,29,2022,14,50,CR-246 RABER RD,4,Calle del Condado,Urbano,Colector Mayor,County Highway Agency,0,Sin jurisdiccion especial,0,40.96612778,-81.45915278,Vehiculo en movimiento,Frente a frente,Not an Intersection,No fue interseccion,Sobre calle,Ninguna,Dia total,Despejado,No,NO APLICA,14,51,15,4,2,29/09/2022,4
39,Ohio,390946,0,0,1,0,101,MARION (101),6770,PROSPECT,10,Octubre,15,2022,19,53,SR-203 MAIN ST,3,Highway estatal,Rural,Colector Mayor,State Highway Agency,0,Sin jurisdiccion especial,7,40.44931944,-83.18907222,Arbol,El primer evento no fue una colision con un vehiculo automotor en transporte,Four-Way Intersection,Interseccion de 4 direcciones,Sobre el lado de la calle,Ninguna,Oscuro sin iluminacion,Despejado,No,NO APLICA,21,3,21,9,1,15/10/2022,1
39,Ohio,390947,0,0,2,0,151,STARK (151),1320,CANTON,10,Octubre,23,2022,0,44,PLAIN AVE NE,6,Calle Local Municipalidad,Urbano,Local,City or Municipal Highway Agency,0,Sin jurisdiccion especial,0,40.81315278,-81.36406389,Vehiculo en movimiento,Angulo,Four-Way Intersection,Interseccion de 4 direcciones,Sobre calle,Ninguna,Oscuro con iluminacion,Despejado,No,NO APLICA,0,45,0,50,1,23/10/2022,3
39,Ohio,390948,0,0,2,0,65,HARDIN (65),3890,KENTON,9,Septiembre,8,2022,15,51,US-68 DETROIT ST,2,US Highway,Urbano,Arteria Menor,State Highway Agency,0,Sin jurisdiccion especial,98,40.64958889,-83.60911944,Vehiculo en movimiento,Frente a frente,Not an Intersection,No fue interseccion,Sobre calle,Ninguna,Dia total,Despejado,No,NO APLICA,15,51,15,55,1,08/09/2022,2
39,Ohio,390949,0,0,2,0,113,MONTGOMERY (113),0,NO APLICA,10,Octubre,21,2022,12,5,CR-159 PETERS PIKE,4,Calle del Condado,Urbano,Colector Mayor,County Highway Agency,0,Sin jurisdiccion especial,0,39.85621111,-84.22645556,Vehiculo en movimiento,Angulo,Four-Way Intersection,Interseccion de 4 direcciones,Sobre calle,Ninguna,Dia total,Despejado,No,NO APLICA,12,5,12,9,1,21/10/2022,2
39,Ohio,390950,0,0,1,0,155,TRUMBULL (155),0,NO APLICA,10,Octubre,17,2022,2,53,CR-142 NORTH RIVER RD,4,Calle del Condado,Urbano,Colector Mayor,County Highway Agency,0,Sin jurisdiccion especial,0,41.26580833,-80.82295556,Zanja,El primer evento no fue una colision con un vehiculo automotor en transporte,Not an Intersection,No fue interseccion,Sobre el lado de la calle,Ninguna,Oscuro sin iluminacion,Nublado,No,NO APLICA,2,51,3,2,1,17/10/2022,1
39,Ohio,390951,0,0,1,0,155,TRUMBULL (155),0,NO APLICA,10,Octubre,19,2022,6,0,SR-5,3,Highway estatal,Rural,Arteria Menor,State Highway Agency,0,Sin jurisdiccion especial,267,41.39498889,-80.62792222,Zanja,El primer evento no fue una colision con un vehiculo automotor en transporte,Not an Intersection,No fue interseccion,Sobre el lado de la calle,Ninguna,Oscuro sin iluminacion,Aguanieve,No,NO APLICA,6,2,6,8,1,19/10/2022,1
39,Ohio,390952,0,0,1,0,87,LAWRENCE (87),0,NO APLICA,10,Octubre,23,2022,16,30,CR-31,4,Calle del Condado,Rural,Colector Mayor,County Highway Agency,0,Sin jurisdiccion especial,0,38.45437778,-82.47572222,Volcadura,El primer evento no fue una colision con un vehiculo automotor en transporte,Not an Intersection,No fue interseccion,Sobre el lado de la calle,Ninguna,Dia total,Despejado,No,NO APLICA,16,32,16,39,1,23/10/2022,1
39,Ohio,390953,0,0,2,0,85,LAKE (85),9020,WILLOWICK,7,Julio,12,2022,11,44,329 ST,6,Calle Local Municipalidad,Urbano,Local,City or Municipal Highway Agency,0,Sin jurisdiccion especial,0,41.65079167,-81.46220278,Vehiculo en movimiento,Frente a Detrás,Not an Intersection,No fue interseccion,Sobre calle,Ninguna,Dia total,Despejado,No,NO APLICA,11,45,11,48,1,12/07/2022,3
39,Ohio,390954,0,0,2,0,49,FRANKLIN (49),1800,COLUMBUS,10,Octubre,28,2022,1,40,I-70 DWIGHT D EISENHOWER FWY,1,Interestatal,Urbano,Interestatal,State Highway Agency,1,Sin jurisdiccion especial,118,39.94877778,-83.03766944,Vehiculo en movimiento,Frente a frente,Not an Intersection,No fue interseccion,Sobre calle,Ninguna,Oscuro sin iluminacion,Nublado,No,NO APLICA,1,43,1,48,1,28/10/2022,2
39,Ohio,390955,0,0,2,0,27,CLINTON (27),0,NO APLICA,10,Octubre,16,2022,14,31,SR-380,3,Highway estatal,Rural,Colector Mayor,State Highway Agency,0,Sin jurisdiccion especial,89,39.55815,-83.96385833,Vehiculo en movimiento,Frente a frente,Not an Intersection,No fue interseccion,Sobre calle,Ninguna,Dia total,Despejado,No,NO APLICA,14,31,14,39,1,16/10/2022,2
39,Ohio,390956,0,0,1,0,131,PIKE (131),0,NO APLICA,10,Octubre,14,2022,8,50,SR-124,3,Highway estatal,Rural,Colector Mayor,State Highway Agency,0,Sin jurisdiccion especial,3,39.07425556,-83.37216944,Poste de Señal de trafico,El primer evento no fue una colision con un vehiculo automotor en transporte,Not an Intersection,No fue interseccion,Sobre el lado de la calle,Ninguna,Dia total,Despejado,No,NO APLICA,8,54,9,27,1,14/10/2022,1
39,Ohio,390957,0,0,2,0,1,ADAMS (1),0,NO APLICA,10,Octubre,14,2022,17,42,CR-198 PORTSMOUTH RD,4,Calle del Condado,Rural,Colector Mayor,County Highway Agency,0,Sin jurisdiccion especial,0,38.958625,-83.35686389,Vehiculo en movimiento,Angulo,Not an Intersection,No fue interseccion,Sobre calle,Ninguna,Dia total,Despejado,No,NO APLICA,17,42,18,9,1,14/10/2022,3
39,Ohio,390958,0,0,2,0,23,CLARK (23),0,NO APLICA,10,Octubre,18,2022,12,7,US-40 NATIONAL RD,2,US Highway,Urbano,Arteria Principal,State Highway Agency,1,Sin jurisdiccion especial,102,39.92549722,-83.857825,Vehiculo en movimiento,Angulo,Four-Way Intersection,Interseccion de 4 direcciones,Sobre calle,Ninguna,Dia total,Nublado,No,NO APLICA,12,10,12,18,1,18/10/2022,4
39,Ohio,390959,0,0,4,0,63,HANCOCK (63),0,NO APLICA,10,Octubre,21,2022,2,42,I-75,1,Interestatal,Rural,Interestatal,State Highway Agency,1,Sin jurisdiccion especial,87,40.96095,-83.75203333,Vehiculo en movimiento,Frente a Detrás,Not an Intersection,No fue interseccion,Sobre calle,Ninguna,Oscuro sin iluminacion,Despejado,No,NO APLICA,2,47,2,58,1,21/10/2022,5
39,Ohio,390960,0,0,1,0,169,WAYNE (169),0,NO APLICA,10,Octubre,23,2022,0,10,CR-1 CENTERVILLE RD,4,Calle del Condado,Rural,Colector Menor,County Highway Agency,0,Sin jurisdiccion especial,0,40.66814167,-82.022825,Acotamiento,El primer evento no fue una colision con un vehiculo automotor en transporte,Not an Intersection,No fue interseccion,Sobre el lado de la calle,Ninguna,Oscuro sin iluminacion,Despejado,No,NO APLICA,0,45,1,10,1,23/10/2022,2
39,Ohio,390961,0,0,2,0,45,FAIRFIELD (45),0,NO APLICA,10,Octubre,23,2022,18,52,CR-39 LITHOPOLIS RD,4,Calle del Condado,Rural,Colector Mayor,County Highway Agency,0,Sin jurisdiccion especial,0,39.76868611,-82.73952778,Vehiculo en movimiento,Frente a frente,Not an Intersection,No fue interseccion,Sobre calle,Ninguna,Atardecer,Despejado,No,NO APLICA,18,46,18,50,1,23/10/2022,2
39,Ohio,390962,0,0,1,0,49,FRANKLIN (49),1800,COLUMBUS,10,Octubre,15,2022,0,37,CR-25 WILSON RD,4,Calle del Condado,Urbano,Arteria Menor,County Highway Agency,0,Sin jurisdiccion especial,0,39.96223889,-83.09268056,Banqueta,El primer evento no fue una colision con un vehiculo automotor en transporte,Four-Way Intersection,Interseccion de 4 direcciones,Sobre el lado de la calle,Ninguna,Oscuro con iluminacion,Despejado,No,NO APLICA,0,41,0,46,1,15/10/2022,4
39,Ohio,390964,0,0,2,0,27,CLINTON (27),0,NO APLICA,10,Octubre,24,2022,8,47,SR-73,3,Highway estatal,Rural,Arteria Menor,State Highway Agency,0,Sin jurisdiccion especial,176,39.380775,-83.74116389,Vehiculo en movimiento,Golpe Lateral - direccion contraria,Not an Intersection,No fue interseccion,Sobre calle,Ninguna,Dia total,Despejado,No,NO APLICA,8,48,8,57,1,24/10/2022,2
39,Ohio,390965,0,0,1,0,85,LAKE (85),9010,WILLOUGHBY,10,Octubre,24,2022,16,37,SR-2 TO SR-640,3,Highway estatal,Urbano,Arterial Principal -Freeway o ExpressWay,State Highway Agency,1,Sin jurisdiccion especial,0,41.64337222,-81.423675,Barrera de Trafico de Concreto,El primer evento no fue una colision con un vehiculo automotor en transporte,Not an Intersection,No fue interseccion,Sobre el lado de la calle,Ninguna,Dia total,Despejado,No,NO APLICA,16,40,16,45,1,24/10/2022,1
39,Ohio,390966,0,0,1,0,3,ALLEN (3),0,NO APLICA,9,Septiembre,17,2022,23,28,I-75,1,Interestatal,Rural,Interestatal,State Highway Agency,1,Sin jurisdiccion especial,157,40.82631944,-83.98591944,Volcadura,El primer evento no fue una colision con un vehiculo automotor en transporte,Not an Intersection,No fue interseccion,En el medio,Ninguna,Oscuro sin iluminacion,Despejado,No,NO APLICA,99,99,23,38,1,17/09/2022,1
39,Ohio,390967,0,0,1,0,85,LAKE (85),9010,WILLOUGHBY,10,Octubre,29,2022,10,52,SR-640 VINE ST,3,Highway estatal,Urbano,Arteria Principal,State Highway Agency,1,Sin jurisdiccion especial,30,41.64243889,-81.41262222,Poste,El primer evento no fue una colision con un vehiculo automotor en transporte,Not an Intersection,No fue interseccion,Sobre el lado de la calle,Ninguna,Dia total,Despejado,No,NO APLICA,10,59,11,0,1,29/10/2022,2
39,Ohio,390968,0,0,3,0,139,RICHLAND (139),0,NO APLICA,10,Octubre,23,2022,18,5,SR-97,3,Highway estatal,Rural,Colector Mayor,State Highway Agency,0,Sin jurisdiccion especial,10,40.69238056,-82.61033056,Vehiculo en movimiento,Angulo,Four-Way Intersection,Interseccion de 4 direcciones,Sobre calle,"Zona de trabajo, tipo desconocido",Dia total,Despejado,No,NO APLICA,18,14,18,22,1,23/10/2022,4
39,Ohio,390969,0,0,2,0,43,ERIE (43),0,NO APLICA,10,Octubre,24,2022,14,42,SR-99,3,Highway estatal,Rural,Colector Mayor,State Highway Agency,0,Sin jurisdiccion especial,37,41.33940278,-82.74756944,Vehiculo en movimiento,Angulo,T-Intersection,Interseccion de T,Sobre calle,Ninguna,Dia total,Despejado,No,NO APLICA,14,45,14,56,1,24/10/2022,2