Estado,Nombre de Estado,Numero de Caso,Peatones,Personas _no_vehiculos,Vehiculos automotores,Vehiculos estacionados,Condado,Nombre Condado,Ciudad,Nombre Ciudad,Mes,Nombre Mes,Dia,Año,Hora,Minuto,Calle,Ruta,Nombre Ruta,Rural o Urbanoo,Sistema Funcional,Dueño Calle,Sistema Nacional Carreteras,Jurisdiccion Especial,Milla,Latitud,Longitud,Causa del Accidente,Tipo de Accidente,Tipo Interseccion,Columna1,Lugar en la calle,Zona de Trabajo,Luz,Clima,Autobus Escolar,Cruce de Trenes,Hora Notificacion,Minuto Notificacion,Hora Llegada,Minuto Llegada,Decesos,Fecha,PersonaVehiculo
39,Ohio,390970,0,0,2,0,21,CHAMPAIGN (21),0,NO APLICA,9,Septiembre,10,2022,15,48,SR-68,3,Highway estatal,Rural,Arteria Principal,State Highway Agency,1,Sin jurisdiccion especial,9,40.0395,-83.78204444,Vehiculo en movimiento,Angulo,T-Intersection,Interseccion de T,Sobre calle,Ninguna,Dia total,Nublado,No,NO APLICA,16,5,16,12,1,10/09/2022,4
39,Ohio,390971,3,4,3,2,61,HAMILTON (61),1610,CINCINNATI,8,Agosto,27,2022,2,11,SR-561 LINWOOD AV,3,Highway estatal,Urbano,Arteria Menor,State Highway Agency,0,Sin jurisdiccion especial,12,39.131575,-84.43144722,Vehiculo Aparcado,El primer evento no fue una colision con un vehiculo automotor en transporte,Not an Intersection,No fue interseccion,Sobre Acotamiento,Ninguna,Oscuro con iluminacion,Despejado,No,NO APLICA,2,14,2,21,1,27/08/2022,1
39,Ohio,390972,0,0,1,0,53,GALLIA (53),0,NO APLICA,8,Agosto,10,2022,14,30,SR-588,3,Highway estatal,Urbano,Colector Mayor,State Highway Agency,0,Sin jurisdiccion especial,107,38.81371389,-82.21955833,Buzon de correo,El primer evento no fue una colision con un vehiculo automotor en transporte,Not an Intersection,No fue interseccion,Sobre el lado de la calle,Ninguna,Dia total,Nublado,No,NO APLICA,14,35,14,45,1,10/08/2022,1
39,Ohio,390973,0,0,1,0,151,STARK (151),1320,CANTON,8,Agosto,26,2022,0,53,SR-43 MARKET AVE N,3,Highway estatal,Urbano,Arteria Principal,State Highway Agency,1,Sin jurisdiccion especial,169,40.85596944,-81.36488056,Arbol,El primer evento no fue una colision con un vehiculo automotor en transporte,Not an Intersection,No fue interseccion,Sobre el lado de la calle,Ninguna,Oscuro con iluminacion,Despejado,No,NO APLICA,0,56,1,9,1,26/08/2022,2
39,Ohio,390974,0,0,1,0,53,GALLIA (53),0,NO APLICA,10,Octubre,26,2022,12,43,CR-29 WHITE RD,4,Calle del Condado,Rural,Local,County Highway Agency,0,Sin jurisdiccion especial,0,38.88448056,-82.244375,Acotamiento,El primer evento no fue una colision con un vehiculo automotor en transporte,Not an Intersection,No fue interseccion,Sobre el lado de la calle,Ninguna,Dia total,Nublado,No,NO APLICA,12,44,12,59,1,26/10/2022,1
39,Ohio,390975,0,0,2,0,55,GEAUGA (55),0,NO APLICA,10,Octubre,29,2022,10,45,CR-4 AUBURN RD,4,Calle del Condado,Rural,Colector Mayor,County Highway Agency,0,Sin jurisdiccion especial,0,41.50153056,-81.24308611,Vehiculo en movimiento,Angulo,Four-Way Intersection,Interseccion de 4 direcciones,Sobre calle,Ninguna,Dia total,Despejado,No,NO APLICA,10,45,10,58,1,29/10/2022,2
39,Ohio,390976,0,0,2,0,61,HAMILTON (61),0,NO APLICA,10,Octubre,24,2022,6,50,US-27 COLERAIN AVE,2,US Highway,Urbano,Arteria Principal,State Highway Agency,1,Sin jurisdiccion especial,109,39.21085,-84.58428056,Vehiculo en movimiento,Frente a frente,Not an Intersection,No fue interseccion,Sobre calle,Ninguna,Oscuro con iluminacion,Despejado,No,NO APLICA,6,50,6,54,1,24/10/2022,2
39,Ohio,390977,0,1,3,2,61,HAMILTON (61),1610,CINCINNATI,11,Noviembre,1,2022,2,9,CR-709 EASTERN AVE,4,Calle del Condado,Urbano,Arteria Menor,County Highway Agency,0,Sin jurisdiccion especial,0,39.10888056,-84.42629167,Vehiculo Aparcado,El primer evento no fue una colision con un vehiculo automotor en transporte,Not an Intersection,No fue interseccion,Sobre el lado de la calle,Ninguna,Oscuro con iluminacion,Nublado,No,NO APLICA,2,9,2,14,1,01/11/2022,1
39,Ohio,390978,0,0,2,0,69,HENRY (69),0,NO APLICA,10,Octubre,28,2022,9,52,CR-7,4,Calle del Condado,Rural,Local,County Highway Agency,0,Sin jurisdiccion especial,0,41.21058889,-83.99743056,Vehiculo en movimiento,Angulo,Four-Way Intersection,Interseccion de 4 direcciones,Sobre calle,Ninguna,Dia total,Despejado,No,NO APLICA,9,55,9,58,1,28/10/2022,2
39,Ohio,390979,2,2,2,1,61,HAMILTON (61),1610,CINCINNATI,9,Septiembre,28,2022,15,46,CR-659 JEFFERSON AV,4,Calle del Condado,Urbano,Arteria Menor,County Highway Agency,0,Sin jurisdiccion especial,0,39.13310278,-84.51094167,Peaton,El primer evento no fue una colision con un vehiculo automotor en transporte,Four-Way Intersection,Interseccion de 4 direcciones,Sobre calle,Ninguna,Dia total,Nublado,No,NO APLICA,15,47,15,48,1,28/09/2022,3
39,Ohio,390980,0,0,1,0,107,MERCER (107),0,NO APLICA,10,Octubre,15,2022,14,18,SR-119,3,Highway estatal,Rural,Colector Mayor,State Highway Agency,0,Sin jurisdiccion especial,0,40.41626111,-84.80361667,Volcadura,El primer evento no fue una colision con un vehiculo automotor en transporte,Not an Intersection,No fue interseccion,Sobre el lado de la calle,Ninguna,Dia total,Despejado,No,NO APLICA,14,20,14,30,1,15/10/2022,1
39,Ohio,390981,0,0,2,0,151,STARK (151),0,NO APLICA,10,Octubre,22,2022,16,23,CR-254 DUEBER AVE SW,4,Calle del Condado,Urbano,Colector Menor,County Highway Agency,0,Sin jurisdiccion especial,0,40.73281944,-81.39998333,Vehiculo en movimiento,Angulo,T-Intersection,Interseccion de T,Sobre calle,Ninguna,Dia total,Despejado,No,NO APLICA,16,22,16,28,1,22/10/2022,6
39,Ohio,390982,0,0,1,0,97,MADISON (97),0,NO APLICA,10,Octubre,25,2022,18,33,CR-47 KING PI,4,Calle del Condado,Rural,Local,County Highway Agency,0,Sin jurisdiccion especial,0,39.99078611,-83.307125,Poste,El primer evento no fue una colision con un vehiculo automotor en transporte,Not an Intersection,No fue interseccion,Sobre el lado de la calle,Ninguna,Dia total,Despejado,No,NO APLICA,18,21,18,29,1,25/10/2022,2
39,Ohio,390983,0,0,2,0,143,SANDUSKY (143),0,NO APLICA,10,Octubre,26,2022,18,43,US-20,2,US Highway,Rural,Arteria Principal,State Highway Agency,1,Sin jurisdiccion especial,42,41.44213889,-83.342875,Vehiculo en movimiento,Frente a Detrás,Not an Intersection,No fue interseccion,Sobre calle,Ninguna,Dia total,Despejado,No,NO APLICA,18,39,18,43,1,26/10/2022,2
39,Ohio,390984,0,0,2,0,35,CUYAHOGA (35),1680,CLEVELAND,10,Octubre,8,2022,6,14,CR-722 CARNEGIE AV,4,Calle del Condado,Urbano,Arteria Principal,County Highway Agency,1,Sin jurisdiccion especial,18,41.50158889,-81.65180278,Vehiculo en movimiento,Angulo,Four-Way Intersection,Interseccion de 4 direcciones,Sobre calle,Ninguna,Oscuro con iluminacion,Nublado,No,NO APLICA,6,18,6,21,1,08/10/2022,3
39,Ohio,390985,0,0,2,0,61,HAMILTON (61),855,BLUE ASH,10,Octubre,25,2022,12,31,CR-269 KENWOOD RD,4,Calle del Condado,Urbano,Arteria Menor,County Highway Agency,0,Sin jurisdiccion especial,0,39.22111944,-84.37803889,Poste o otros soportes,El primer evento no fue una colision con un vehiculo automotor en transporte,T-Intersection,Interseccion de T,Sobre el lado de la calle,Ninguna,Dia total,Nublado,Yes,NO APLICA,12,34,12,39,1,25/10/2022,2
39,Ohio,390986,0,0,1,0,15,BROWN (15),0,NO APLICA,10,Octubre,26,2022,0,14,TR-171 MARTIN ALEXANDER RD,5,Calle Local - Pueblo,Rural,Local,Town or Township Highway Agency,0,Sin jurisdiccion especial,0,38.97869722,-83.75168056,Otro objeto (no fijo),El primer evento no fue una colision con un vehiculo automotor en transporte,Four-Way Intersection,Interseccion de 4 direcciones,Sobre el lado de la calle,Ninguna,Oscuro sin iluminacion,Despejado,No,NO APLICA,0,10,0,23,1,26/10/2022,2
39,Ohio,390987,0,0,2,0,25,CLERMONT (25),0,NO APLICA,10,Octubre,27,2022,15,24,SR-222,3,Highway estatal,Rural,Colector Mayor,State Highway Agency,0,Sin jurisdiccion especial,77,38.87313889,-84.12859444,Vehiculo en movimiento,Frente a frente,Not an Intersection,No fue interseccion,Sobre calle,Ninguna,Dia total,Despejado,Yes,NO APLICA,15,27,15,34,1,27/10/2022,2
39,Ohio,390988,0,0,2,0,35,CUYAHOGA (35),6040,NORTH ROYALTON,10,Octubre,27,2022,9,48,I-80,1,Interestatal,Urbano,Interestatal,State Toll Road,1,Sin jurisdiccion especial,106,41.32226389,-81.78293889,Vehiculo en movimiento,Frente a Detrás,Not an Intersection,No fue interseccion,Sobre calle,Ninguna,Dia total,Nublado,No,NO APLICA,9,56,10,8,1,27/10/2022,2
39,Ohio,390989,0,0,1,0,153,SUMMIT (153),7855,STOW,10,Octubre,28,2022,1,37,SR-8 AKRON EXPY,3,Highway estatal,Urbano,Arterial Principal -Freeway o ExpressWay,State Highway Agency,1,Sin jurisdiccion especial,83,41.17095,-81.47960278,"La carga del vehiculo (cambio, perdida, o otro)",El primer evento no fue una colision con un vehiculo automotor en transporte,Not an Intersection,No fue interseccion,Sobre calle,Ninguna,Oscuro con iluminacion,Despejado,No,NO APLICA,1,41,1,49,1,28/10/2022,1
39,Ohio,390990,0,0,2,0,49,FRANKLIN (49),0,NO APLICA,11,Noviembre,1,2022,12,28,SR-16 BROAD ST,3,Highway estatal,Urbano,Arteria Principal,State Highway Agency,1,Sin jurisdiccion especial,107,39.98389722,-82.80372222,Vehiculo en movimiento,Golpe Lateral - misma direccion,Not an Intersection,No fue interseccion,Sobre calle,Ninguna,Dia total,Nublado,No,NO APLICA,11,58,12,6,1,01/11/2022,3
39,Ohio,390991,1,1,1,0,55,GEAUGA (55),0,NO APLICA,11,Noviembre,2,2022,7,6,SR-44 RAVENNA RD,3,Highway estatal,Rural,Arteria Principal,State Highway Agency,1,Sin jurisdiccion especial,80,41.45899444,-81.1961,Peaton,El primer evento no fue una colision con un vehiculo automotor en transporte,Not an Intersection,No fue interseccion,Sobre calle,Ninguna,Oscuro sin iluminacion,Neblina o Humo,No,NO APLICA,7,11,7,16,1,02/11/2022,1
39,Ohio,390992,0,0,2,0,167,WASHINGTON (167),0,NO APLICA,10,Octubre,14,2022,12,28,SR-7,3,Highway estatal,Urbano,Arteria Principal,State Highway Agency,1,Sin jurisdiccion especial,269,39.37729167,-81.39881389,Vehiculo en movimiento,Angulo,Not an Intersection,No fue interseccion,Sobre calle,Ninguna,Dia total,Despejado,No,NO APLICA,12,28,12,32,1,14/10/2022,2
39,Ohio,390993,0,0,1,0,101,MARION (101),0,NO APLICA,10,Octubre,29,2022,20,55,CR-26 MARSEILLES GALION RD,4,Calle del Condado,Rural,Colector Menor,County Highway Agency,0,Sin jurisdiccion especial,0,40.67372222,-83.07306389,Zanja,El primer evento no fue una colision con un vehiculo automotor en transporte,T-Intersection,Interseccion de T,Sobre el lado de la calle,Ninguna,Oscuro sin iluminacion,Despejado,No,NO APLICA,20,58,21,9,1,29/10/2022,1
39,Ohio,390994,0,0,1,0,41,DELAWARE (41),0,NO APLICA,10,Octubre,28,2022,12,23,SR-203,3,Highway estatal,Rural,Colector Mayor,State Highway Agency,0,Sin jurisdiccion especial,53,40.39217778,-83.15535278,Zanja,El primer evento no fue una colision con un vehiculo automotor en transporte,Not an Intersection,No fue interseccion,Sobre el lado de la calle,Ninguna,Dia total,Nublado,No,NO APLICA,12,22,12,26,1,28/10/2022,1
39,Ohio,390995,0,0,1,0,49,FRANKLIN (49),5550,NEW ALBANY,11,Noviembre,5,2022,13,14,SR-605 NEW ALBANY-CONDIT RD,3,Highway estatal,Urbano,Arteria Menor,State Highway Agency,0,Sin jurisdiccion especial,23,40.115975,-82.81035556,Arbol,El primer evento no fue una colision con un vehiculo automotor en transporte,Not an Intersection,No fue interseccion,Sobre el lado de la calle,Ninguna,Dia total,Despejado,No,NO APLICA,13,16,13,21,1,05/11/2022,1
39,Ohio,390996,0,0,2,0,95,LUCAS (95),8120,TOLEDO,11,Noviembre,4,2022,4,23,I-475,1,Interestatal,Urbano,Interestatal,State Highway Agency,1,Sin jurisdiccion especial,156,41.67843889,-83.58767222,Vehiculo en movimiento,Frente a frente,Not an Intersection,No fue interseccion,Sobre calle,Ninguna,Oscuro con iluminacion,Despejado,No,NO APLICA,99,99,99,99,1,04/11/2022,2
39,Ohio,390997,0,0,2,0,95,LUCAS (95),8120,TOLEDO,11,Noviembre,3,2022,14,40,CR-5 SYLVANIA AVE,4,Calle del Condado,Urbano,Arteria Menor,County Highway Agency,0,Sin jurisdiccion especial,0,41.69248056,-83.57183889,Vehiculo en movimiento,Angulo,Four-Way Intersection,Interseccion de 4 direcciones,Sobre calle,Ninguna,Dia total,Despejado,No,NO APLICA,14,45,14,52,1,03/11/2022,2
39,Ohio,390998,0,0,2,0,27,CLINTON (27),0,NO APLICA,11,Noviembre,2,2022,16,14,US-68,2,US Highway,Urbano,Arteria Menor,State Highway Agency,0,Sin jurisdiccion especial,172,39.47499722,-83.83930278,Vehiculo en movimiento,Frente a frente,Not an Intersection,No fue interseccion,Sobre calle,Ninguna,Dia total,Despejado,No,NO APLICA,16,18,16,27,2,02/11/2022,3
39,Ohio,390999,0,0,2,0,91,LOGAN (91),0,NO APLICA,10,Octubre,3,2022,11,53,CR-52,4,Calle del Condado,Rural,Local,County Highway Agency,0,Sin jurisdiccion especial,0,40.46842222,-83.95498056,Vehiculo en movimiento,Angulo,Four-Way Intersection,Interseccion de 4 direcciones,Sobre calle,Ninguna,Dia total,Despejado,No,NO APLICA,11,54,12,1,1,03/10/2022,2
39,Ohio,391000,0,0,2,0,61,HAMILTON (61),0,NO APLICA,10,Octubre,2,2022,13,54,CR-142 NORTH BEND RD,4,Calle del Condado,Urbano,Arteria Principal,County Highway Agency,0,Sin jurisdiccion especial,0,39.20181111,-84.52747222,Vehiculo en movimiento,Frente a frente,Not an Intersection,No fue interseccion,Sobre calle,Ninguna,Dia total,Despejado,No,NO APLICA,99,99,99,99,1,02/10/2022,2
39,Ohio,391001,0,0,1,0,61,HAMILTON (61),0,NO APLICA,10,Octubre,16,2022,17,16,SR-126 CROSS COUNTRY HWY,3,Highway estatal,Urbano,Arterial Principal -Freeway o ExpressWay,State Highway Agency,1,Sin jurisdiccion especial,130,39.20839167,-84.47954167,Poste o otros soportes,El primer evento no fue una colision con un vehiculo automotor en transporte,Not an Intersection,No fue interseccion,En el medio,Ninguna,Dia total,Despejado,No,NO APLICA,17,16,17,25,1,16/10/2022,1
39,Ohio,391002,1,1,1,0,61,HAMILTON (61),0,NO APLICA,10,Octubre,20,2022,5,59,CR-229 MILL RD,4,Calle del Condado,Urbano,Colector Mayor,County Highway Agency,0,Sin jurisdiccion especial,0,39.25862222,-84.5461,Peaton,El primer evento no fue una colision con un vehiculo automotor en transporte,Not an Intersection,No fue interseccion,Sobre calle,Ninguna,Oscuro con iluminacion,Despejado,No,NO APLICA,5,59,6,5,1,20/10/2022,1
39,Ohio,391003,0,0,1,0,119,MUSKINGUM (119),0,NO APLICA,10,Octubre,31,2022,20,36,US-22,2,US Highway,Urbano,Arteria Menor,State Highway Agency,0,Sin jurisdiccion especial,19,39.85316389,-82.13289722,Zanja,El primer evento no fue una colision con un vehiculo automotor en transporte,Not an Intersection,No fue interseccion,Sobre el lado de la calle,Ninguna,Oscuro sin iluminacion,Nublado,No,NO APLICA,20,34,20,42,1,31/10/2022,1
39,Ohio,391004,0,0,2,0,61,HAMILTON (61),0,NO APLICA,10,Octubre,31,2022,10,13,CR-142 NORTH BEND RD,4,Calle del Condado,Urbano,Arteria Principal,County Highway Agency,0,Sin jurisdiccion especial,0,39.20170278,-84.52531389,Vehiculo en movimiento,Frente a frente,Not an Intersection,No fue interseccion,Sobre calle,Ninguna,Dia total,Nublado,No,NO APLICA,10,32,10,38,1,31/10/2022,5
39,Ohio,391005,0,0,1,0,1,ADAMS (1),0,NO APLICA,11,Noviembre,1,2022,10,35,SR-32 APPALACHIAN HWY,3,Highway estatal,Rural,Arteria Principal,State Highway Agency,1,Sin jurisdiccion especial,166,38.94175278,-83.38369444,Zanja,El primer evento no fue una colision con un vehiculo automotor en transporte,Not an Intersection,No fue interseccion,Sobre el lado de la calle,Ninguna,Dia total,Nublado,No,NO APLICA,10,38,10,43,1,01/11/2022,1
39,Ohio,391006,0,0,2,0,167,WASHINGTON (167),0,NO APLICA,11,Noviembre,2,2022,6,36,SR-7 OH RIVER SCENIC BYWAY,3,Highway estatal,Rural,Arteria Principal,State Highway Agency,1,Sin jurisdiccion especial,315,39.35576111,-81.33707778,Vehiculo en movimiento,Frente a frente,Not an Intersection,No fue interseccion,Sobre calle,Ninguna,Amanecer,Neblina o Humo,No,NO APLICA,6,53,7,14,1,02/11/2022,2
39,Ohio,391007,0,0,1,0,87,LAWRENCE (87),0,NO APLICA,11,Noviembre,3,2022,17,18,SR-243,3,Highway estatal,Rural,Colector Mayor,State Highway Agency,0,Sin jurisdiccion especial,48,38.50065,-82.57658333,Arbol,El primer evento no fue una colision con un vehiculo automotor en transporte,Not an Intersection,No fue interseccion,Sobre el lado de la calle,Ninguna,Dia total,Despejado,No,NO APLICA,17,15,17,23,1,03/11/2022,2
39,Ohio,391008,0,0,2,0,7,ASHTABULA (7),0,NO APLICA,11,Noviembre,5,2022,19,23,SR-307,3,Highway estatal,Urbano,Colector Mayor,State Highway Agency,0,Sin jurisdiccion especial,10,41.75953611,-80.94621667,Vehiculo en movimiento,Angulo,Four-Way Intersection,Interseccion de 4 direcciones,Sobre calle,Ninguna,Oscuro con iluminacion,Despejado,No,NO APLICA,19,21,19,28,1,05/11/2022,2
39,Ohio,391009,0,0,1,0,103,MEDINA (103),0,NO APLICA,10,Octubre,29,2022,18,33,TR-86 W RIVER RD,5,Calle Local - Pueblo,Rural,Local,Town or Township Highway Agency,0,Sin jurisdiccion especial,0,41.25436111,-81.93599167,Zanja,El primer evento no fue una colision con un vehiculo automotor en transporte,Not an Intersection,No fue interseccion,Sobre el lado de la calle,Ninguna,Oscuro sin iluminacion,Despejado,No,NO APLICA,18,29,18,33,1,29/10/2022,1
39,Ohio,391010,1,1,1,0,57,GREENE (57),2530,FAIRBORN,11,Noviembre,7,2022,18,32,SR-444 KAUFFMAN AVE,3,Highway estatal,Urbano,Arteria Principal,State Highway Agency,1,Sin jurisdiccion especial,34,39.79936667,-84.03810833,Peaton,El primer evento no fue una colision con un vehiculo automotor en transporte,Not an Intersection,No fue interseccion,Sobre calle,Ninguna,Oscuro con iluminacion,Despejado,No,NO APLICA,18,33,18,39,1,07/11/2022,1
39,Ohio,391011,0,0,4,0,165,WARREN (165),5230,MONROE,11,Noviembre,2,2022,10,20,SR-63 HAMILTON LEBANON RD,3,Highway estatal,Urbano,Arteria Menor,State Highway Agency,0,Sin jurisdiccion especial,1,39.43998889,-84.335975,Vehiculo en movimiento,Angulo,Not an Intersection,No fue interseccion,Sobre calle,Ninguna,Dia total,Nublado,No,NO APLICA,10,20,10,24,1,02/11/2022,6
39,Ohio,391012,0,0,1,0,75,HOLMES (75),0,NO APLICA,11,Noviembre,5,2022,13,0,SR-754,3,Highway estatal,Rural,Colector Menor,State Highway Agency,0,Sin jurisdiccion especial,12,40.59424722,-82.02379167,Edificio,El primer evento no fue una colision con un vehiculo automotor en transporte,Not an Intersection,No fue interseccion,Fuera de la calle,Ninguna,Dia total,Despejado,No,NO APLICA,13,5,13,13,1,05/11/2022,1
39,Ohio,391013,1,1,1,0,49,FRANKLIN (49),1800,COLUMBUS,10,Octubre,28,2022,23,56,CR-17 MORSE RD,4,Calle del Condado,Urbano,Arteria Principal,County Highway Agency,0,Sin jurisdiccion especial,0,40.06128889,-82.99225,Peaton,El primer evento no fue una colision con un vehiculo automotor en transporte,Not an Intersection,No fue interseccion,Sobre calle,Ninguna,Oscuro con iluminacion,Despejado,No,NO APLICA,23,57,0,1,1,28/10/2022,2
39,Ohio,391014,1,1,2,0,153,SUMMIT (153),460,BARBERTON,11,Noviembre,8,2022,18,9,CR-713 ROBINSON AVE,4,Calle del Condado,Urbano,Arteria Menor,County Highway Agency,0,Sin jurisdiccion especial,0,41.01036389,-81.601875,Peaton,El primer evento no fue una colision con un vehiculo automotor en transporte,Not an Intersection,No fue interseccion,Sobre calle,Ninguna,Oscuro con iluminacion,Despejado,No,NO APLICA,18,11,18,13,1,08/11/2022,2
39,Ohio,391015,0,0,2,0,49,FRANKLIN (49),1800,COLUMBUS,11,Noviembre,8,2022,21,33,SAWMILL  RD,6,Calle Local Municipalidad,Urbano,Arteria Principal,City or Municipal Highway Agency,0,Sin jurisdiccion especial,0,40.07361111,-83.09261944,Vehiculo en movimiento,Angulo,Four-Way Intersection,Interseccion de 4 direcciones,Sobre calle,Ninguna,Oscuro con iluminacion,Despejado,No,NO APLICA,21,38,21,38,2,08/11/2022,2
39,Ohio,391016,0,0,2,0,63,HANCOCK (63),0,NO APLICA,11,Noviembre,9,2022,13,5,SR-613,3,Highway estatal,Rural,Colector Mayor,State Highway Agency,0,Sin jurisdiccion especial,38,41.10336111,-83.81309167,Vehiculo en movimiento,Angulo,Four-Way Intersection,Interseccion de 4 direcciones,Sobre calle,Ninguna,Dia total,Despejado,No,NO APLICA,13,6,13,9,1,09/11/2022,2
39,Ohio,391017,0,0,1,0,85,LAKE (85),0,NO APLICA,11,Noviembre,5,2022,15,57,CR-22 MIDDLE RIDGE RD,4,Calle del Condado,Rural,Colector Mayor,County Highway Agency,0,Sin jurisdiccion especial,0,41.78843333,-81.07211667,Poste de Señal de trafico,El primer evento no fue una colision con un vehiculo automotor en transporte,Not an Intersection,No fue interseccion,Sobre el lado de la calle,Ninguna,Dia total,Despejado,No,NO APLICA,15,57,16,4,1,05/11/2022,1
39,Ohio,391018,0,0,1,0,35,CUYAHOGA (35),1680,CLEVELAND,10,Octubre,16,2022,22,54,CR-444 WEST BLVD,4,Calle del Condado,Urbano,Colector Mayor,County Highway Agency,0,Sin jurisdiccion especial,0,41.45331111,-81.75486944,Banqueta,El primer evento no fue una colision con un vehiculo automotor en transporte,Y-Intersection,Interseccion de Y,Isla de trafico para peatones,Ninguna,Oscuro con iluminacion,Nublado,No,NO APLICA,22,50,22,55,1,16/10/2022,1
39,Ohio,391019,0,0,1,0,155,TRUMBULL (155),0,NO APLICA,11,Noviembre,4,2022,1,20,CR-28 TIBBETTS WICK RD,4,Calle del Condado,Urbano,Arteria Menor,County Highway Agency,0,Sin jurisdiccion especial,0,41.183125,-80.70337778,Acotamiento,El primer evento no fue una colision con un vehiculo automotor en transporte,Not an Intersection,No fue interseccion,Sobre el lado de la calle,Ninguna,Oscuro sin iluminacion,Despejado,No,NO APLICA,1,26,1,36,1,04/11/2022,1
39,Ohio,391020,0,0,1,0,61,HAMILTON (61),1610,CINCINNATI,11,Noviembre,10,2022,17,28,CR-457 HARRISON AVE,4,Calle del Condado,Urbano,Arteria Menor,County Highway Agency,0,Sin jurisdiccion especial,0,39.13641111,-84.57617222,Poste,El primer evento no fue una colision con un vehiculo automotor en transporte,Not an Intersection,No fue interseccion,Sobre el lado de la calle,Ninguna,Atardecer,Despejado,No,NO APLICA,17,31,17,31,1,10/11/2022,1
39,Ohio,391021,0,0,1,0,113,MONTGOMERY (113),0,NO APLICA,10,Octubre,2,2022,2,28,CR-24 WESTBROOK RD,4,Calle del Condado,Rural,Colector Menor,County Highway Agency,0,Sin jurisdiccion especial,0,39.83032778,-84.47471667,Otro objeto (fijo),El primer evento no fue una colision con un vehiculo automotor en transporte,Not an Intersection,No fue interseccion,Sobre el lado de la calle,Ninguna,Oscuro sin iluminacion,Nublado,No,NO APLICA,2,29,2,37,1,02/10/2022,1
39,Ohio,391022,0,0,1,0,105,MEIGS (105),0,NO APLICA,11,Noviembre,5,2022,12,15,CR-28 APPLE GROVE DORCAS RD,4,Calle del Condado,Rural,Local,County Highway Agency,0,Sin jurisdiccion especial,0,38.92845833,-81.86208333,Animal vivo,El primer evento no fue una colision con un vehiculo automotor en transporte,Not an Intersection,No fue interseccion,Sobre calle,Ninguna,Dia total,Nublado,No,NO APLICA,12,18,12,35,1,05/11/2022,2
39,Ohio,391023,1,1,1,0,61,HAMILTON (61),1610,CINCINNATI,11,Noviembre,9,2022,19,43,I-75,1,Interestatal,Urbano,Interestatal,State Highway Agency,1,Sin jurisdiccion especial,36,39.13989722,-84.53486667,Peaton,El primer evento no fue una colision con un vehiculo automotor en transporte,Not an Intersection,No fue interseccion,Sobre calle,Ninguna,Oscuro con iluminacion,Despejado,No,NO APLICA,19,44,19,48,1,09/11/2022,1
39,Ohio,391024,2,2,1,0,49,FRANKLIN (49),1800,COLUMBUS,10,Octubre,31,2022,18,54,SR-3 WESTERVILLE  RD,3,Highway estatal,Urbano,Arteria Menor,State Highway Agency,0,Sin jurisdiccion especial,234,40.06577778,-82.93236667,Peaton,El primer evento no fue una colision con un vehiculo automotor en transporte,Four-Way Intersection,Interseccion de 4 direcciones,Sobre calle,Ninguna,Oscuro sin iluminacion,Despejado,No,NO APLICA,18,56,19,0,1,31/10/2022,1
39,Ohio,391025,0,0,1,0,157,TUSCARAWAS (157),0,NO APLICA,11,Noviembre,8,2022,21,45,CR-109 SOMERDALE RD NE,4,Calle del Condado,Rural,Local,County Highway Agency,0,Sin jurisdiccion especial,0,40.57986667,-81.35303889,Volcadura,El primer evento no fue una colision con un vehiculo automotor en transporte,Four-Way Intersection,Interseccion de 4 direcciones,Sobre calle,Ninguna,Oscuro sin iluminacion,Despejado,No,NO APLICA,21,45,21,50,1,08/11/2022,1
39,Ohio,391026,0,0,2,0,165,WARREN (165),0,NO APLICA,10,Octubre,13,2022,9,35,CR-32 SOCIALVILLE FOSTERS RD,4,Calle del Condado,Urbano,Local,County Highway Agency,0,Sin jurisdiccion especial,0,39.32058611,-84.31771944,Vehiculo en movimiento,Frente a Detrás,Not an Intersection,No fue interseccion,Sobre calle,Ninguna,Dia total,Despejado,No,NO APLICA,9,53,9,59,1,13/10/2022,3
39,Ohio,391027,0,0,1,0,113,MONTGOMERY (113),1450,CENTERVILLE,11,Noviembre,13,2022,3,40,I-675,1,Interestatal,Urbano,Interestatal,State Highway Agency,1,Sin jurisdiccion especial,79,39.65623056,-84.11040833,Valla Ferrocarril,El primer evento no fue una colision con un vehiculo automotor en transporte,Not an Intersection,No fue interseccion,Sobre el lado de la calle,Ninguna,Oscuro sin iluminacion,Nieve,No,NO APLICA,3,47,3,58,2,13/11/2022,7
39,Ohio,391028,0,0,1,0,145,SCIOTO (145),6700,PORTSMOUTH,11,Noviembre,12,2022,14,11,US-52 12TH ST,2,US Highway,Urbano,Arteria Principal,State Highway Agency,1,Sin jurisdiccion especial,10,38.73996944,-82.98762778,Poste o otros soportes,El primer evento no fue una colision con un vehiculo automotor en transporte,Four-Way Intersection,Interseccion de 4 direcciones,Gore?,Ninguna,Dia total,Nublado,No,NO APLICA,17,8,17,15,1,12/11/2022,1
39,Ohio,391029,0,0,2,0,35,CUYAHOGA (35),4685,MAPLE HEIGHTS,11,Noviembre,8,2022,15,44,PENNSYLVANIA AVE,6,Calle Local Municipalidad,Urbano,Local,City or Municipal Highway Agency,0,Sin jurisdiccion especial,0,41.40216389,-81.56265,Vehiculo en movimiento,Angulo,Four-Way Intersection,Interseccion de 4 direcciones,Sobre calle,Ninguna,Dia total,Despejado,No,NO APLICA,15,49,15,52,1,08/11/2022,2
39,Ohio,391030,1,1,1,0,49,FRANKLIN (49),1800,COLUMBUS,10,Octubre,8,2022,8,15,REFUGE RD,6,Calle Local Municipalidad,Urbano,Arteria Menor,City or Municipal Highway Agency,0,Sin jurisdiccion especial,0,39.9152,-82.87378611,Peaton,El primer evento no fue una colision con un vehiculo automotor en transporte,T-Intersection,Interseccion de T,Sobre calle,Ninguna,Dia total,Despejado,No,NO APLICA,8,19,8,22,1,08/10/2022,1