Estado,Nombre de Estado,Numero de Caso,Peatones,Personas _no_vehiculos,Vehiculos automotores,Vehiculos estacionados,Condado,Nombre Condado,Ciudad,Nombre Ciudad,Mes,Nombre Mes,Dia,Año,Hora,Minuto,Calle,Ruta,Nombre Ruta,Rural o Urbanoo,Sistema Funcional,Dueño Calle,Sistema Nacional Carreteras,Jurisdiccion Especial,Milla,Latitud,Longitud,Causa del Accidente,Tipo de Accidente,Tipo Interseccion,Columna1,Lugar en la calle,Zona de Trabajo,Luz,Clima,Autobus Escolar,Cruce de Trenes,Hora Notificacion,Minuto Notificacion,Hora Llegada,Minuto Llegada,Decesos,Fecha,PersonaVehiculo
39,Ohio,391031,0,0,1,0,49,FRANKLIN (49),1800,COLUMBUS,10,Octubre,26,2022,2,1,CR-26 GEORGESVILLE RD,4,Calle del Condado,Urbano,Arteria Principal,County Highway Agency,0,Sin jurisdiccion especial,0,39.94177222,-83.11209167,Banqueta,El primer evento no fue una colision con un vehiculo automotor en transporte,Four-Way Intersection,Interseccion de 4 direcciones,Sobre el lado de la calle,Ninguna,Oscuro con iluminacion,lluvia,No,NO APLICA,2,2,2,6,1,26/10/2022,1
39,Ohio,391032,0,0,1,0,113,MONTGOMERY (113),2090,DAYTON,11,Noviembre,6,2022,1,13,VALLEY PIKE,6,Calle Local Municipalidad,Urbano,Colector Mayor,City or Municipal Highway Agency,0,Sin jurisdiccion especial,0,39.78746111,-84.14738889,Poste,El primer evento no fue una colision con un vehiculo automotor en transporte,Not an Intersection,No fue interseccion,Sobre el lado de la calle,Ninguna,Oscuro con iluminacion,Despejado,No,NO APLICA,1,18,1,19,1,06/11/2022,1
39,Ohio,391033,0,0,1,0,113,MONTGOMERY (113),4960,MIAMISBURG,8,Agosto,20,2022,5,41,COLDSTREAM CT,6,Calle Local Municipalidad,Urbano,Local,City or Municipal Highway Agency,0,Sin jurisdiccion especial,0,39.618925,-84.24799444,Arbol,El primer evento no fue una colision con un vehiculo automotor en transporte,Not an Intersection,No fue interseccion,Sobre el lado de la calle,Ninguna,Oscuro con iluminacion,Despejado,No,NO APLICA,5,42,5,51,1,20/08/2022,1
39,Ohio,391034,0,0,1,0,31,COSHOCTON (31),0,NO APLICA,10,Octubre,24,2022,17,40,SR-83,3,Highway estatal,Rural,Colector Mayor,State Highway Agency,0,Sin jurisdiccion especial,13,40.16375278,-81.81556111,Valla Ferrocarril,El primer evento no fue una colision con un vehiculo automotor en transporte,Not an Intersection,No fue interseccion,Sobre el lado de la calle,Ninguna,Dia total,Despejado,No,NO APLICA,17,41,17,52,1,24/10/2022,1
39,Ohio,391035,0,0,2,0,135,PREBLE (135),0,NO APLICA,11,Noviembre,5,2022,13,0,US-40,2,US Highway,Rural,Colector Mayor,State Highway Agency,0,Sin jurisdiccion especial,93,39.84720833,-84.63859722,Vehiculo en movimiento,Frente a frente,Not an Intersection,No fue interseccion,Sobre calle,Ninguna,Dia total,Nublado,No,NO APLICA,12,56,13,10,1,05/11/2022,3
39,Ohio,391036,0,0,1,0,7,ASHTABULA (7),0,NO APLICA,11,Noviembre,5,2022,18,45,TR-273 OWEN HILL RD,5,Calle Local - Pueblo,Rural,Local,Town or Township Highway Agency,0,Sin jurisdiccion especial,0,41.6219,-80.57801111,Animal vivo,El primer evento no fue una colision con un vehiculo automotor en transporte,Not an Intersection,No fue interseccion,Sobre calle,Ninguna,Oscuro sin iluminacion,Nublado,No,NO APLICA,18,45,18,51,1,05/11/2022,1
39,Ohio,391037,0,0,2,0,27,CLINTON (27),0,NO APLICA,11,Noviembre,7,2022,19,6,SR-73,3,Highway estatal,Rural,Arteria Menor,State Highway Agency,0,Sin jurisdiccion especial,141,39.42748056,-83.76660556,Vehiculo en movimiento,Frente a frente,Not an Intersection,No fue interseccion,Sobre calle,Ninguna,Oscuro sin iluminacion,Despejado,No,NO APLICA,19,11,19,18,2,07/11/2022,2
39,Ohio,391038,0,0,2,0,141,ROSS (141),0,NO APLICA,11,Noviembre,8,2022,16,48,US-23,2,US Highway,Rural,Arteria Principal,State Highway Agency,1,Sin jurisdiccion especial,212,39.46486111,-82.96979722,Vehiculo en movimiento,Angulo,Four-Way Intersection,Interseccion de 4 direcciones,Sobre calle,Ninguna,Dia total,Despejado,No,NO APLICA,16,47,16,54,1,08/11/2022,2
39,Ohio,391039,0,0,4,0,23,CLARK (23),0,NO APLICA,11,Noviembre,9,2022,5,8,I-70,1,Interestatal,Rural,Interestatal,State Highway Agency,1,Sin jurisdiccion especial,62,39.886375,-83.94199167,Vehiculo en movimiento,Frente a Detrás,Not an Intersection,No fue interseccion,Sobre calle,Ninguna,Oscuro sin iluminacion,Despejado,No,NO APLICA,4,48,5,0,1,09/11/2022,3
39,Ohio,391040,0,0,1,0,53,GALLIA (53),0,NO APLICA,11,Noviembre,11,2022,0,21,SR-141,3,Highway estatal,Rural,Colector Mayor,State Highway Agency,0,Sin jurisdiccion especial,20,38.71895556,-82.45530833,Acotamiento,El primer evento no fue una colision con un vehiculo automotor en transporte,Not an Intersection,No fue interseccion,Sobre el lado de la calle,Ninguna,Oscuro sin iluminacion,lluvia,No,NO APLICA,0,21,0,57,1,11/11/2022,1
39,Ohio,391041,0,0,2,0,89,LICKING (89),0,NO APLICA,11,Noviembre,10,2022,23,42,I-70,1,Interestatal,Rural,Interestatal,State Highway Agency,1,Sin jurisdiccion especial,179,39.94559722,-82.43635556,Vehiculo en movimiento,Frente a frente,Not an Intersection,No fue interseccion,Sobre calle,Ninguna,Oscuro sin iluminacion,Despejado,No,NO APLICA,23,42,23,45,1,10/11/2022,2
39,Ohio,391042,0,0,1,0,25,CLERMONT (25),490,BATAVIA,11,Noviembre,10,2022,0,50,SR-132,3,Highway estatal,Urbano,Colector Mayor,State Highway Agency,0,Sin jurisdiccion especial,132,39.09174167,-84.16861111,Acotamiento,El primer evento no fue una colision con un vehiculo automotor en transporte,Not an Intersection,No fue interseccion,Sobre el lado de la calle,Ninguna,Oscuro sin iluminacion,Despejado,No,NO APLICA,0,46,0,55,1,10/11/2022,1
39,Ohio,391043,0,0,1,0,59,GUERNSEY (59),0,NO APLICA,11,Noviembre,4,2022,17,49,TR-362 TYNER RD,5,Calle Local - Pueblo,Rural,Local,Town or Township Highway Agency,0,Sin jurisdiccion especial,0,40.10716944,-81.57028333,Volcadura,El primer evento no fue una colision con un vehiculo automotor en transporte,Not an Intersection,No fue interseccion,Sobre calle,Ninguna,Dia total,Despejado,No,NO APLICA,17,49,18,6,1,04/11/2022,1
39,Ohio,391044,0,0,2,0,95,LUCAS (95),6213,OREGON,11,Noviembre,15,2022,15,15,CR-180 CORDUROY RD,6,Calle Local Municipalidad,Urbano,Arteria Menor,City or Municipal Highway Agency,0,Sin jurisdiccion especial,0,41.65958611,-83.429175,Vehiculo en movimiento,Angulo,Four-Way Intersection,Interseccion de 4 direcciones,Sobre calle,Ninguna,Dia total,lluvia,No,NO APLICA,15,19,15,21,1,15/11/2022,2
39,Ohio,391045,1,1,1,0,49,FRANKLIN (49),1800,COLUMBUS,11,Noviembre,18,2022,18,51,US-23 HIGH ST,2,US Highway,Urbano,Arteria Principal,State Highway Agency,1,Sin jurisdiccion especial,61,39.88975,-82.99745,Peaton,El primer evento no fue una colision con un vehiculo automotor en transporte,Not an Intersection,No fue interseccion,Sobre calle,Ninguna,Oscuro con iluminacion,Despejado,No,NO APLICA,18,52,18,58,1,18/11/2022,1
39,Ohio,391046,0,0,1,0,93,LORAIN (93),2480,ELYRIA,11,Noviembre,18,2022,15,2,I-90,1,Interestatal,Urbano,Interestatal,State Highway Agency,1,Sin jurisdiccion especial,141,41.41063611,-82.10028333,Puente de Ferrocarril,El primer evento no fue una colision con un vehiculo automotor en transporte,Not an Intersection,No fue interseccion,Sobre el lado de la calle,Ninguna,Dia total,Nieve,No,NO APLICA,15,7,15,11,1,18/11/2022,1
39,Ohio,391047,0,0,2,1,157,TUSCARAWAS (157),6710,PORT WASHINGTON,11,Noviembre,12,2022,11,0,US-36 E MAIN ST,2,US Highway,Rural,Arteria Menor,State Highway Agency,0,Sin jurisdiccion especial,69,40.32896944,-81.51826111,Vehiculo Aparcado,El primer evento no fue una colision con un vehiculo automotor en transporte,Not an Intersection,No fue interseccion,Fuera de la calle,Ninguna,Dia total,Nublado,No,NO APLICA,11,2,11,6,1,12/11/2022,2
39,Ohio,391048,0,0,2,0,143,SANDUSKY (143),0,NO APLICA,10,Octubre,1,2022,5,53,SR-53,3,Highway estatal,Rural,Arteria Menor,State Highway Agency,1,Sin jurisdiccion especial,171,41.44866944,-83.05646111,Vehiculo en movimiento,Frente a frente,Not an Intersection,No fue interseccion,Sobre calle,Ninguna,Oscuro sin iluminacion,Despejado,No,NO APLICA,5,52,6,5,1,01/10/2022,3
39,Ohio,391049,0,0,1,0,129,PICKAWAY (129),0,NO APLICA,11,Noviembre,18,2022,0,38,US-23 CORRIDOR C,2,US Highway,Urbano,Arteria Principal,State Highway Agency,1,Sin jurisdiccion especial,214,39.77916111,-82.98858889,Zanja,El primer evento no fue una colision con un vehiculo automotor en transporte,Not an Intersection,No fue interseccion,En el medio,Ninguna,Oscuro sin iluminacion,Despejado,No,NO APLICA,0,40,0,50,1,18/11/2022,1
39,Ohio,391050,0,0,2,0,89,LICKING (89),6390,PATASKALA,6,Junio,11,2022,9,19,CR-28 HEADLEYS MILL RD,4,Calle del Condado,Urbano,Local,County Highway Agency,0,Sin jurisdiccion especial,0,40.04069722,-82.70727778,Vehiculo en movimiento,Angulo,Not an Intersection,No fue interseccion,Sobre calle,Ninguna,Dia total,Nublado,No,NO APLICA,9,20,9,26,1,11/06/2022,2
39,Ohio,391051,0,0,2,0,49,FRANKLIN (49),0,NO APLICA,11,Noviembre,10,2022,16,45,US-40 BROAD ST,2,US Highway,Urbano,Arteria Principal,State Highway Agency,1,Sin jurisdiccion especial,73,39.95381944,-83.09729722,Vehiculo en movimiento,Angulo,Four-Way Intersection,Interseccion de 4 direcciones,Sobre calle,Ninguna,Dia total,Despejado,No,NO APLICA,16,47,16,50,1,10/11/2022,2
39,Ohio,391052,0,0,3,0,97,MADISON (97),0,NO APLICA,11,Noviembre,14,2022,17,3,US-42,2,US Highway,Rural,Arteria Principal,State Highway Agency,1,Sin jurisdiccion especial,139,39.96658611,-83.36253611,Vehiculo en movimiento,Angulo,Four-Way Intersection,Interseccion de 4 direcciones,Sobre calle,Ninguna,Atardecer,Nublado,No,NO APLICA,17,4,17,11,1,14/11/2022,3
39,Ohio,391053,0,0,1,0,61,HAMILTON (61),1610,CINCINNATI,11,Noviembre,20,2022,2,0,CR-457 HARRISON AVE,4,Calle del Condado,Urbano,Arteria Menor,County Highway Agency,0,Sin jurisdiccion especial,0,39.13330278,-84.56911667,Arbol,El primer evento no fue una colision con un vehiculo automotor en transporte,Not an Intersection,No fue interseccion,Sobre el lado de la calle,Ninguna,Oscuro con iluminacion,Despejado,No,NO APLICA,2,11,2,13,1,20/11/2022,1
39,Ohio,391054,0,0,1,0,3,ALLEN (3),4220,LIMA,10,Octubre,30,2022,17,6,COMMERCE  PK,6,Calle Local Municipalidad,Urbano,Local,City or Municipal Highway Agency,0,Sin jurisdiccion especial,0,40.69506667,-84.09558611,Arbol,El primer evento no fue una colision con un vehiculo automotor en transporte,Not an Intersection,No fue interseccion,Sobre el lado de la calle,Ninguna,No reportada,No reportado,No,NO APLICA,18,58,19,5,1,30/10/2022,1
39,Ohio,391055,0,0,2,0,153,SUMMIT (153),70,AKRON,11,Noviembre,5,2022,12,0,LOVERS LANE,6,Calle Local Municipalidad,Urbano,Local,City or Municipal Highway Agency,0,Sin jurisdiccion especial,0,41.05445556,-81.50476389,Vehiculo en movimiento,Angulo,Four-Way Intersection,Interseccion de 4 direcciones,Sobre calle,Ninguna,Dia total,Despejado,No,NO APLICA,12,3,12,8,1,05/11/2022,2
39,Ohio,391056,0,0,1,0,171,WILLIAMS (171),0,NO APLICA,11,Noviembre,20,2022,23,1,SR-576,3,Highway estatal,Rural,Colector Mayor,State Highway Agency,0,Sin jurisdiccion especial,59,41.51380556,-84.61283333,Poste de Señal de trafico,El primer evento no fue una colision con un vehiculo automotor en transporte,Four-Way Intersection,Interseccion de 4 direcciones,Sobre el lado de la calle,Ninguna,Oscuro sin iluminacion,Despejado,No,NO APLICA,22,57,23,4,1,20/11/2022,1
39,Ohio,391057,0,0,2,0,83,KNOX (83),0,NO APLICA,11,Noviembre,10,2022,13,47,SR-13,3,Highway estatal,Rural,Arteria Principal,State Highway Agency,1,Sin jurisdiccion especial,134,40.425775,-82.508725,Vehiculo en movimiento,Frente a frente,T-Intersection,Interseccion de T,Sobre calle,Ninguna,Dia total,Despejado,No,NO APLICA,13,45,13,50,1,10/11/2022,3
39,Ohio,391058,0,0,1,0,101,MARION (101),0,NO APLICA,11,Noviembre,21,2022,21,4,CR-163 WHETSTONE RIVER RD,4,Calle del Condado,Rural,Local,County Highway Agency,0,Sin jurisdiccion especial,0,40.60178333,-82.97792222,Acotamiento,El primer evento no fue una colision con un vehiculo automotor en transporte,Four-Way Intersection,Interseccion de 4 direcciones,Sobre el lado de la calle,Ninguna,Oscuro sin iluminacion,Despejado,No,NO APLICA,21,19,21,34,2,21/11/2022,5
39,Ohio,391059,0,0,1,0,41,DELAWARE (41),0,NO APLICA,11,Noviembre,22,2022,4,50,TR-35,5,Calle Local - Pueblo,Rural,Colector Mayor,Town or Township Highway Agency,0,Sin jurisdiccion especial,0,40.24293889,-82.93900278,Zanja,El primer evento no fue una colision con un vehiculo automotor en transporte,Not an Intersection,No fue interseccion,Sobre el lado de la calle,Ninguna,Oscuro sin iluminacion,Nublado,No,NO APLICA,4,58,5,4,1,22/11/2022,2
39,Ohio,391060,0,0,2,0,57,GREENE (57),0,NO APLICA,11,Noviembre,22,2022,18,20,US-68,2,US Highway,Urbano,Arteria Principal,State Highway Agency,1,Sin jurisdiccion especial,129,39.730375,-83.93672222,Vehiculo en movimiento,Angulo,T-Intersection,Interseccion de T,Sobre calle,Ninguna,Oscuro con iluminacion,Despejado,No,NO APLICA,18,21,18,29,2,22/11/2022,3
39,Ohio,391061,0,0,2,0,165,WARREN (165),0,NO APLICA,11,Noviembre,22,2022,14,47,US-42,2,US Highway,Rural,Arteria Menor,State Highway Agency,0,Sin jurisdiccion especial,219,39.54435833,-84.06037222,Vehiculo en movimiento,Frente a Detrás,Not an Intersection,No fue interseccion,Sobre calle,Ninguna,Dia total,Despejado,No,NO APLICA,14,48,15,0,1,22/11/2022,2
39,Ohio,391062,0,0,1,0,43,ERIE (43),7290,SANDUSKY,11,Noviembre,23,2022,10,19,FIRST  ST,6,Calle Local Municipalidad,Urbano,Arteria Menor,City or Municipal Highway Agency,0,Sin jurisdiccion especial,0,41.45334722,-82.69867778,Arbusto,El primer evento no fue una colision con un vehiculo automotor en transporte,Four-Way Intersection,Interseccion de 4 direcciones,Sobre el lado de la calle,Ninguna,Dia total,Despejado,No,NO APLICA,10,14,10,16,2,23/11/2022,2
39,Ohio,391063,0,0,2,0,61,HAMILTON (61),1610,CINCINNATI,11,Noviembre,12,2022,15,45,CR-718 ELBERON AVE,4,Calle del Condado,Urbano,Arteria Menor,County Highway Agency,0,Sin jurisdiccion especial,0,39.09834722,-84.56675,Vehiculo en movimiento,Golpe Lateral - direccion contraria,Not an Intersection,No fue interseccion,Sobre calle,Ninguna,Dia total,Nublado,No,NO APLICA,15,50,15,58,1,12/11/2022,3
39,Ohio,391064,0,0,2,0,139,RICHLAND (139),4680,MANSFIELD,10,Octubre,16,2022,1,6,CR-281 TRIMBLE RD,4,Calle del Condado,Urbano,Arteria Menor,County Highway Agency,0,Sin jurisdiccion especial,0,40.76923056,-82.55178056,Vehiculo en movimiento,Angulo,Not an Intersection,No fue interseccion,Sobre calle,Ninguna,Oscuro con iluminacion,Despejado,No,NO APLICA,99,99,99,99,1,16/10/2022,2
39,Ohio,391065,0,0,1,0,35,CUYAHOGA (35),1680,CLEVELAND,11,Noviembre,1,2022,9,58,I-71,1,Interestatal,Urbano,Interestatal,State Highway Agency,1,Sin jurisdiccion especial,135,41.4452,-81.77316111,Fin de valla,El primer evento no fue una colision con un vehiculo automotor en transporte,Not an Intersection,No fue interseccion,Sobre el lado de la calle,Ninguna,Dia total,Despejado,No,NO APLICA,10,0,10,8,1,01/11/2022,1
39,Ohio,391066,0,0,3,0,117,MORROW (117),0,NO APLICA,11,Noviembre,23,2022,18,41,I-71,1,Interestatal,Rural,Interestatal,State Highway Agency,1,Sin jurisdiccion especial,81,40.45203333,-82.78512222,Otra barrera de trafico,El primer evento no fue una colision con un vehiculo automotor en transporte,Not an Intersection,No fue interseccion,En el medio,Ninguna,Oscuro sin iluminacion,Despejado,No,NO APLICA,18,39,18,59,1,23/11/2022,4
39,Ohio,391067,1,1,1,0,145,SCIOTO (145),0,NO APLICA,11,Noviembre,23,2022,18,18,US-23,2,US Highway,Rural,Arteria Principal,State Highway Agency,1,Sin jurisdiccion especial,93,38.85727778,-82.988025,Peaton,El primer evento no fue una colision con un vehiculo automotor en transporte,Not an Intersection,No fue interseccion,Sobre calle,Ninguna,Oscuro sin iluminacion,Despejado,No,NO APLICA,18,21,18,40,1,23/11/2022,1
39,Ohio,391069,0,0,1,0,17,BUTLER (17),0,NO APLICA,11,Noviembre,19,2022,4,52,CR-42 LAYHIGH RD,4,Calle del Condado,Urbano,Colector Menor,County Highway Agency,0,Sin jurisdiccion especial,0,39.32329167,-84.65088889,Poste de Señal de trafico,El primer evento no fue una colision con un vehiculo automotor en transporte,Not an Intersection,No fue interseccion,Sobre el lado de la calle,Ninguna,Oscuro sin iluminacion,Despejado,No,NO APLICA,99,98,99,98,1,19/11/2022,1
39,Ohio,391070,1,1,1,0,49,FRANKLIN (49),1800,COLUMBUS,12,Diciembre,1,2022,16,15,CR-106 WAGGONER RD,4,Calle del Condado,Urbano,Arteria Menor,County Highway Agency,0,Sin jurisdiccion especial,0,39.98825,-82.79081111,Peaton,El primer evento no fue una colision con un vehiculo automotor en transporte,Not an Intersection,No fue interseccion,Sobre el lado de la calle,Ninguna,Dia total,Despejado,No,NO APLICA,16,16,16,21,1,01/12/2022,1
39,Ohio,391071,0,0,2,0,169,WAYNE (169),0,NO APLICA,12,Diciembre,2,2022,17,3,CR-48 PLEASANT HOME RD,4,Calle del Condado,Rural,Local,County Highway Agency,0,Sin jurisdiccion especial,0,40.91562222,-82.08250833,Vehiculo en movimiento,Frente a frente,Not an Intersection,No fue interseccion,Sobre calle,Ninguna,Dia total,Nublado,No,NO APLICA,17,6,17,11,1,02/12/2022,2
39,Ohio,391072,0,0,1,0,61,HAMILTON (61),1610,CINCINNATI,12,Diciembre,3,2022,4,18,CR-723 LINN ST,4,Calle del Condado,Urbano,Arteria Principal,County Highway Agency,0,Sin jurisdiccion especial,0,39.09774722,-84.52778056,Banqueta,El primer evento no fue una colision con un vehiculo automotor en transporte,Not an Intersection,No fue interseccion,Sobre el lado de la calle,Ninguna,Oscuro con iluminacion,Nublado,No,NO APLICA,4,24,4,29,1,03/12/2022,2
39,Ohio,391073,1,1,1,0,61,HAMILTON (61),1610,CINCINNATI,12,Diciembre,5,2022,0,22,I-75,1,Interestatal,Urbano,Interestatal,State Highway Agency,1,Sin jurisdiccion especial,9,39.10453333,-84.5283,Peaton,El primer evento no fue una colision con un vehiculo automotor en transporte,Not an Intersection,No fue interseccion,Sobre calle,Ninguna,Oscuro con iluminacion,Despejado,No,NO APLICA,0,24,0,27,1,05/12/2022,2
39,Ohio,391074,0,0,1,0,153,SUMMIT (153),70,AKRON,11,Noviembre,26,2022,22,1,CR-15 ARLINGTON ST,4,Calle del Condado,Urbano,Arteria Menor,County Highway Agency,0,Sin jurisdiccion especial,0,41.04708889,-81.49130278,Banqueta,El primer evento no fue una colision con un vehiculo automotor en transporte,Four-Way Intersection,Interseccion de 4 direcciones,Sobre el lado de la calle,Ninguna,Oscuro con iluminacion,Despejado,No,NO APLICA,22,2,22,6,1,26/11/2022,1
39,Ohio,391075,0,0,2,0,95,LUCAS (95),0,NO APLICA,11,Noviembre,29,2022,16,7,US-24,2,US Highway,Rural,Arterial Principal -Freeway o ExpressWay,State Highway Agency,1,Sin jurisdiccion especial,83,41.49445833,-83.76586111,Vehiculo en movimiento,Frente a Detrás,Not an Intersection,No fue interseccion,Sobre calle,Ninguna,Dia total,Despejado,No,NO APLICA,16,5,16,15,1,29/11/2022,2
39,Ohio,391076,1,1,1,0,151,STARK (151),4820,MASSILLON,11,Noviembre,30,2022,17,44,TREMONT AVE,6,Calle Local Municipalidad,Urbano,Colector Mayor,City or Municipal Highway Agency,0,Sin jurisdiccion especial,0,40.78970556,-81.54014444,Peaton,El primer evento no fue una colision con un vehiculo automotor en transporte,Not an Intersection,No fue interseccion,Sobre calle,Ninguna,Oscuro con iluminacion,Despejado,No,NO APLICA,17,47,17,55,1,30/11/2022,1
39,Ohio,391077,0,0,2,0,113,MONTGOMERY (113),0,NO APLICA,11,Noviembre,30,2022,10,52,SR-725 MIAMISBURG CENTERVILLE,3,Highway estatal,Urbano,Arteria Principal,State Highway Agency,1,Sin jurisdiccion especial,165,39.63121389,-84.19873889,Vehiculo en movimiento,Angulo,Four-Way Intersection,Interseccion de 4 direcciones,Sobre calle,Ninguna,Dia total,Despejado,No,NO APLICA,10,52,10,55,1,30/11/2022,3
39,Ohio,391078,0,0,1,0,61,HAMILTON (61),0,NO APLICA,10,Octubre,21,2022,1,48,CR-457 HARRISON AVE,4,Calle del Condado,Urbano,Colector Mayor,County Highway Agency,0,Sin jurisdiccion especial,0,39.227375,-84.74502778,Zanja,El primer evento no fue una colision con un vehiculo automotor en transporte,Not an Intersection,No fue interseccion,Sobre el lado de la calle,Ninguna,Oscuro sin iluminacion,Despejado,No,NO APLICA,2,27,2,47,1,21/10/2022,2
39,Ohio,391079,0,0,1,0,139,RICHLAND (139),0,NO APLICA,11,Noviembre,5,2022,3,30,TR-380 HILDEBRANT  RD,5,Calle Local - Pueblo,Rural,Local,Town or Township Highway Agency,0,Sin jurisdiccion especial,0,40.58410278,-82.35686389,Zanja,El primer evento no fue una colision con un vehiculo automotor en transporte,Not an Intersection,No fue interseccion,Sobre el lado de la calle,Ninguna,Oscuro sin iluminacion,Nublado,No,NO APLICA,6,47,7,2,1,05/11/2022,1
39,Ohio,391080,0,0,2,0,55,GEAUGA (55),0,NO APLICA,11,Noviembre,12,2022,0,25,CR-32 MUNN RD,4,Calle del Condado,Rural,Local,County Highway Agency,0,Sin jurisdiccion especial,0,41.35200556,-81.27976667,Vehiculo en movimiento,Frente a Detrás,T-Intersection,Interseccion de T,Sobre calle,Ninguna,Oscuro sin iluminacion,Nublado,No,NO APLICA,99,99,0,45,1,12/11/2022,2
39,Ohio,391081,0,0,1,0,121,NOBLE (121),0,NO APLICA,11,Noviembre,11,2022,22,26,SR-821,3,Highway estatal,Urbano,Colector Mayor,State Highway Agency,0,Sin jurisdiccion especial,127,39.79397778,-81.56108056,Poste de Señal de trafico,El primer evento no fue una colision con un vehiculo automotor en transporte,T-Intersection,Interseccion de T,Sobre el lado de la calle,Ninguna,Oscuro sin iluminacion,lluvia,No,NO APLICA,22,23,22,29,1,11/11/2022,1
39,Ohio,391082,0,0,1,0,103,MEDINA (103),0,NO APLICA,11,Noviembre,10,2022,16,4,CR-31 VANDEMARK RD,4,Calle del Condado,Rural,Local,County Highway Agency,0,Sin jurisdiccion especial,0,41.11967778,-82.00256389,Animal vivo,El primer evento no fue una colision con un vehiculo automotor en transporte,Not an Intersection,No fue interseccion,Sobre calle,Ninguna,Dia total,Despejado,No,NO APLICA,16,5,16,11,1,10/11/2022,1
39,Ohio,391083,1,1,2,0,75,HOLMES (75),0,NO APLICA,11,Noviembre,11,2022,8,30,SR-39,3,Highway estatal,Rural,Arteria Menor,State Highway Agency,0,Sin jurisdiccion especial,269,40.54631667,-81.74861389,Ciclista,El primer evento no fue una colision con un vehiculo automotor en transporte,Not an Intersection,No fue interseccion,Sobre Acotamiento,Ninguna,Dia total,lluvia,No,NO APLICA,8,35,8,42,1,11/11/2022,2
39,Ohio,391084,0,0,2,0,151,STARK (151),0,NO APLICA,11,Noviembre,17,2022,15,54,CR-151 WOOD AV,4,Calle del Condado,Rural,Colector Menor,County Highway Agency,0,Sin jurisdiccion especial,0,40.77270556,-81.28280556,Vehiculo en movimiento,Frente a frente,Not an Intersection,No fue interseccion,Sobre calle,Ninguna,Dia total,Nublado,No,NO APLICA,15,53,16,0,1,17/11/2022,3
39,Ohio,391085,0,0,2,0,75,HOLMES (75),0,NO APLICA,11,Noviembre,18,2022,7,45,SR-3 WOOSTER RD,3,Highway estatal,Rural,Arteria Menor,State Highway Agency,0,Sin jurisdiccion especial,24,40.65350833,-82.17931944,Vehiculo en movimiento,Angulo,Not an Intersection,No fue interseccion,Sobre calle,Ninguna,Dia total,Nieve,No,NO APLICA,99,98,99,98,1,18/11/2022,3
39,Ohio,391086,1,1,1,0,155,TRUMBULL (155),8530,WARREN,11,Noviembre,17,2022,17,21,SR-45 MAHONING AV,3,Highway estatal,Urbano,Arteria Principal,State Highway Agency,0,Sin jurisdiccion especial,86,41.249725,-80.82875,Peaton,El primer evento no fue una colision con un vehiculo automotor en transporte,Not an Intersection,No fue interseccion,Sobre calle,Ninguna,Oscuro sin iluminacion,Nublado,No,NO APLICA,17,23,17,28,1,17/11/2022,3
39,Ohio,391087,0,0,2,0,95,LUCAS (95),8120,TOLEDO,11,Noviembre,23,2022,23,42,UPTON AVE,6,Calle Local Municipalidad,Urbano,Colector Mayor,City or Municipal Highway Agency,0,Sin jurisdiccion especial,0,41.66853889,-83.58876111,Otra no colicion,El primer evento no fue una colision con un vehiculo automotor en transporte,Four-Way Intersection,Interseccion de 4 direcciones,Sobre calle,Ninguna,Oscuro con iluminacion,Despejado,No,NO APLICA,23,43,23,48,1,23/11/2022,2
39,Ohio,391088,0,0,3,1,95,LUCAS (95),8120,TOLEDO,11,Noviembre,23,2022,8,21,SR-51 MONROE ST,3,Highway estatal,Urbano,Arteria Principal,State Highway Agency,1,Sin jurisdiccion especial,103,41.6992,-83.64496111,Vehiculo en movimiento,Angulo,Four-Way Intersection,Interseccion de 4 direcciones,Sobre calle,Ninguna,Dia total,Despejado,No,NO APLICA,8,37,8,43,1,23/11/2022,2
39,Ohio,391089,0,0,1,0,49,FRANKLIN (49),3210,GROVEPORT,11,Noviembre,23,2022,20,19,SR-317 LONDON GROVEPORT RD,3,Highway estatal,Urbano,Arteria Principal,State Highway Agency,1,Sin jurisdiccion especial,57,39.84681111,-82.90130833,Poste de Señal de trafico,El primer evento no fue una colision con un vehiculo automotor en transporte,Not an Intersection,No fue interseccion,Sobre el lado de la calle,Ninguna,Oscuro sin iluminacion,Despejado,No,NO APLICA,20,22,20,31,1,23/11/2022,1
39,Ohio,391090,0,0,2,0,113,MONTGOMERY (113),2090,DAYTON,11,Noviembre,21,2022,20,45,CR-85 WAYNE AV,4,Calle del Condado,Urbano,Arteria Principal,County Highway Agency,1,Sin jurisdiccion especial,0,39.74647778,-84.17102778,Vehiculo en movimiento,Golpe Lateral - misma direccion,Not an Intersection,No fue interseccion,Sobre calle,"Zona de trabajo, tipo desconocido",Oscuro con iluminacion,Despejado,No,NO APLICA,20,59,20,59,1,21/11/2022,4
39,Ohio,391091,0,0,2,0,61,HAMILTON (61),1610,CINCINNATI,11,Noviembre,27,2022,14,29,CR-457 HARRISON AVE,4,Calle del Condado,Urbano,Arteria Menor,County Highway Agency,0,Sin jurisdiccion especial,0,39.13330278,-84.56911667,Vehiculo en movimiento,Frente a frente,Not an Intersection,No fue interseccion,Sobre calle,Ninguna,Dia total,Nublado,No,NO APLICA,14,35,14,39,1,27/11/2022,5
39,Ohio,391092,1,1,1,0,49,FRANKLIN (49),6890,REYNOLDSBURG,11,Noviembre,27,2022,17,59,US-40 MAIN ST,2,US Highway,Urbano,Arteria Principal,State Highway Agency,0,Sin jurisdiccion especial,231,39.95496111,-82.81913056,Peaton,El primer evento no fue una colision con un vehiculo automotor en transporte,Not an Intersection,No fue interseccion,Sobre calle,Ninguna,Oscuro con iluminacion,lluvia,No,NO APLICA,18,1,18,4,1,27/11/2022,1