Estado,Nombre de Estado,Numero de Caso,Peatones,Personas _no_vehiculos,Vehiculos automotores,Vehiculos estacionados,Condado,Nombre Condado,Ciudad,Nombre Ciudad,Mes,Nombre Mes,Dia,Año,Hora,Minuto,Calle,Ruta,Nombre Ruta,Rural o Urbanoo,Sistema Funcional,Dueño Calle,Sistema Nacional Carreteras,Jurisdiccion Especial,Milla,Latitud,Longitud,Causa del Accidente,Tipo de Accidente,Tipo Interseccion,Columna1,Lugar en la calle,Zona de Trabajo,Luz,Clima,Autobus Escolar,Cruce de Trenes,Hora Notificacion,Minuto Notificacion,Hora Llegada,Minuto Llegada,Decesos,Fecha,PersonaVehiculo
39,Ohio,391093,0,0,2,0,95,LUCAS (95),8120,TOLEDO,11,Noviembre,28,2022,13,22,COLLINGWOOD BL,6,Calle Local Municipalidad,Urbano,Arteria Menor,City or Municipal Highway Agency,0,Sin jurisdiccion especial,0,41.67298889,-83.55531944,Vehiculo en movimiento,Angulo,Four-Way Intersection,Interseccion de 4 direcciones,Sobre calle,Ninguna,Dia total,Despejado,No,NO APLICA,13,25,13,30,2,28/11/2022,4
39,Ohio,391094,0,0,1,0,129,PICKAWAY (129),1620,CIRCLEVILLE,11,Noviembre,26,2022,1,2,EDGEWOOD DR,6,Calle Local Municipalidad,Urbano,Local,City or Municipal Highway Agency,0,Sin jurisdiccion especial,0,39.61811944,-82.92815,Banqueta,El primer evento no fue una colision con un vehiculo automotor en transporte,Not an Intersection,No fue interseccion,Sobre el lado de la calle,Ninguna,Oscuro con iluminacion,Nublado,No,NO APLICA,1,1,1,3,1,26/11/2022,1
39,Ohio,391095,0,0,2,0,97,MADISON (97),0,NO APLICA,11,Noviembre,26,2022,11,0,CR-22 W JEFFERSON KIOUSVILLE,4,Calle del Condado,Rural,Local,County Highway Agency,0,Sin jurisdiccion especial,0,39.85334167,-83.28774444,Vehiculo en movimiento,Angulo,T-Intersection,Interseccion de T,Sobre calle,Ninguna,Dia total,Despejado,No,NO APLICA,11,4,11,16,1,26/11/2022,3
39,Ohio,391096,0,0,1,0,27,CLINTON (27),0,NO APLICA,11,Noviembre,27,2022,22,29,SR-350,3,Highway estatal,Rural,Colector Mayor,State Highway Agency,0,Sin jurisdiccion especial,47,39.37751667,-83.920075,Arbol,El primer evento no fue una colision con un vehiculo automotor en transporte,Not an Intersection,No fue interseccion,Sobre el lado de la calle,Ninguna,Oscuro sin iluminacion,lluvia,No,NO APLICA,22,33,22,40,1,27/11/2022,1
39,Ohio,391097,0,0,1,0,61,HAMILTON (61),1610,CINCINNATI,11,Noviembre,27,2022,4,17,US-22 MONTGOMERY RD,2,US Highway,Urbano,Arteria Principal,State Highway Agency,0,Sin jurisdiccion especial,90,39.18835278,-84.41475278,Banqueta,El primer evento no fue una colision con un vehiculo automotor en transporte,Not an Intersection,No fue interseccion,Sobre el lado de la calle,Ninguna,Oscuro con iluminacion,lluvia,No,NO APLICA,4,22,4,27,1,27/11/2022,1
39,Ohio,391098,0,0,1,0,61,HAMILTON (61),0,NO APLICA,11,Noviembre,19,2022,23,38,I-275,1,Interestatal,Rural,Interestatal,State Highway Agency,1,Sin jurisdiccion especial,356,39.05826667,-84.320375,Arbol,El primer evento no fue una colision con un vehiculo automotor en transporte,Not an Intersection,No fue interseccion,Sobre el lado de la calle,Ninguna,Oscuro sin iluminacion,Nublado,No,NO APLICA,23,49,23,54,1,19/11/2022,1
39,Ohio,391099,0,0,1,0,173,WOOD (173),0,NO APLICA,12,Diciembre,2,2022,10,19,I-75,1,Interestatal,Urbano,Interestatal,State Highway Agency,1,Sin jurisdiccion especial,298,41.58208056,-83.56751667,Soporte de Puente,El primer evento no fue una colision con un vehiculo automotor en transporte,Not an Intersection,No fue interseccion,En el medio,Ninguna,Dia total,Nublado,No,NO APLICA,10,17,10,21,1,02/12/2022,1
39,Ohio,391100,0,0,1,0,95,LUCAS (95),8120,TOLEDO,12,Diciembre,8,2022,0,1,US-20 REYNOLDS RD,2,US Highway,Urbano,Arteria Principal,State Highway Agency,1,Sin jurisdiccion especial,0,41.65361944,-83.66286111,Banqueta,El primer evento no fue una colision con un vehiculo automotor en transporte,Four-Way Intersection,Interseccion de 4 direcciones,Sobre el lado de la calle,Ninguna,Oscuro con iluminacion,Despejado,No,NO APLICA,0,3,0,12,1,08/12/2022,1
39,Ohio,391101,1,1,1,0,113,MONTGOMERY (113),2090,DAYTON,11,Noviembre,27,2022,22,22,NONE,8,Otro,Trafficway Not in State Inventory,Via no en inventario estatal,Trafficway Not in State Inventory,0,Sin jurisdiccion especial,0,39.78116389,-84.20926111,Peaton,El primer evento no fue una colision con un vehiculo automotor en transporte,Not an Intersection,No fue interseccion,No reportado,Ninguna,Oscuro - iluminacion desconocida,Nublado,No,NO APLICA,99,99,99,99,1,27/11/2022,1
39,Ohio,391102,0,0,1,0,77,HURON (77),0,NO APLICA,11,Noviembre,24,2022,15,55,SR-18,3,Highway estatal,Rural,Arteria Principal,State Highway Agency,1,Sin jurisdiccion especial,246,41.19544444,-82.41100278,Poste de Señal de trafico,El primer evento no fue una colision con un vehiculo automotor en transporte,T-Intersection,Interseccion de T,Sobre el lado de la calle,Ninguna,Dia total,Despejado,No,NO APLICA,15,58,16,5,1,24/11/2022,1
39,Ohio,391103,0,0,2,0,99,MAHONING (99),0,NO APLICA,11,Noviembre,29,2022,14,4,I-76,1,Interestatal,Rural,Interestatal,State Toll Road,1,Sin jurisdiccion especial,22,41.11047222,-80.83846667,Puente de Ferrocarril,El primer evento no fue una colision con un vehiculo automotor en transporte,Not an Intersection,No fue interseccion,En el medio,Ninguna,Dia total,Nublado,No,NO APLICA,14,4,14,20,2,29/11/2022,3
39,Ohio,391104,0,0,2,0,49,FRANKLIN (49),1800,COLUMBUS,12,Diciembre,8,2022,19,26,MOUND ST,6,Calle Local Municipalidad,Urbano,Arteria Menor,City or Municipal Highway Agency,0,Sin jurisdiccion especial,0,39.94385,-83.043025,Vehiculo en movimiento,Angulo,T-Intersection,Interseccion de T,Sobre calle,Ninguna,Oscuro con iluminacion,Despejado,No,NO APLICA,19,32,19,33,1,08/12/2022,3
39,Ohio,391105,0,0,2,0,95,LUCAS (95),8120,TOLEDO,12,Diciembre,9,2022,23,0,SR-65 MIAMI ST,3,Highway estatal,Urbano,Arteria Menor,State Highway Agency,0,Sin jurisdiccion especial,0,41.62025556,-83.54148611,Vehiculo en movimiento,Angulo,Not an Intersection,No fue interseccion,Sobre calle,Ninguna,Oscuro con iluminacion,Nieve,No,NO APLICA,23,2,23,10,1,09/12/2022,6
39,Ohio,391106,0,0,1,0,113,MONTGOMERY (113),2090,DAYTON,12,Diciembre,10,2022,9,44,SHOUP MILL RD,6,Calle Local Municipalidad,Urbano,Local,City or Municipal Highway Agency,0,Sin jurisdiccion especial,0,39.81523611,-84.20897778,Poste,El primer evento no fue una colision con un vehiculo automotor en transporte,Not an Intersection,No fue interseccion,Sobre el lado de la calle,Ninguna,Dia total,Nublado,No,NO APLICA,9,44,9,52,1,10/12/2022,1
39,Ohio,391107,1,1,2,0,49,FRANKLIN (49),1800,COLUMBUS,12,Diciembre,8,2022,19,38,SR-16 BROAD ST,3,Highway estatal,Urbano,Arteria Principal,State Highway Agency,1,Sin jurisdiccion especial,104,39.98323056,-82.80913889,Peaton,El primer evento no fue una colision con un vehiculo automotor en transporte,Not an Intersection,No fue interseccion,Sobre calle,Ninguna,Oscuro sin iluminacion,Nublado,No,NO APLICA,19,31,19,35,1,08/12/2022,2
39,Ohio,391108,0,0,5,0,113,MONTGOMERY (113),0,NO APLICA,12,Diciembre,2,2022,14,45,I-75,1,Interestatal,Urbano,Interestatal,State Highway Agency,1,Sin jurisdiccion especial,205,39.86797222,-84.18858611,Vehiculo en movimiento,Angulo,Not an Intersection,No fue interseccion,Sobre calle,Ninguna,Dia total,Despejado,No,NO APLICA,14,53,14,59,1,02/12/2022,5
39,Ohio,391109,0,0,1,0,49,FRANKLIN (49),9150,WORTHINGTON,12,Diciembre,11,2022,17,36,SR-315 MOODY JACKSON PKWY,3,Highway estatal,Urbano,Arterial Principal -Freeway o ExpressWay,State Highway Agency,1,Sin jurisdiccion especial,107,40.09396111,-83.03710833,Barrera de Trafico de Concreto,El primer evento no fue una colision con un vehiculo automotor en transporte,Not an Intersection,No fue interseccion,En el medio,Ninguna,Atardecer,Nublado,No,NO APLICA,17,32,17,37,1,11/12/2022,1
39,Ohio,391110,0,0,1,0,45,FAIRFIELD (45),0,NO APLICA,12,Diciembre,4,2022,2,25,CR-7 REFUGEE RD,4,Calle del Condado,Urbano,Arteria Menor,County Highway Agency,0,Sin jurisdiccion especial,0,39.90739167,-82.73855,Poste o otros soportes,El primer evento no fue una colision con un vehiculo automotor en transporte,Not an Intersection,No fue interseccion,Sobre el lado de la calle,Ninguna,Oscuro sin iluminacion,Despejado,No,NO APLICA,2,26,2,31,1,04/12/2022,1
39,Ohio,391111,0,0,2,0,41,DELAWARE (41),0,NO APLICA,12,Diciembre,6,2022,8,22,US-23 HIGH ST,2,US Highway,Urbano,Arteria Principal,State Highway Agency,1,Sin jurisdiccion especial,1,40.13873611,-83.01726944,Vehiculo en movimiento,Angulo,Not an Intersection,No fue interseccion,Sobre calle,Ninguna,Dia total,Neblina o Humo,No,NO APLICA,8,25,8,32,1,06/12/2022,2
39,Ohio,391112,0,0,3,0,39,DEFIANCE (39),0,NO APLICA,10,Octubre,21,2022,10,20,SR-15,3,Highway estatal,Rural,Colector Mayor,State Highway Agency,0,Sin jurisdiccion especial,49,41.37259722,-84.500925,Vehiculo en movimiento,Frente a frente,Not an Intersection,No fue interseccion,Sobre calle,Ninguna,Dia total,Despejado,No,NO APLICA,10,33,10,54,1,21/10/2022,4
39,Ohio,391113,0,0,1,0,155,TRUMBULL (155),0,NO APLICA,12,Diciembre,11,2022,1,35,SR-46 NILES CORTLAND RD,3,Highway estatal,Rural,Colector Mayor,State Highway Agency,0,Sin jurisdiccion especial,154,41.34755556,-80.73173333,Zanja,El primer evento no fue una colision con un vehiculo automotor en transporte,Not an Intersection,No fue interseccion,Sobre el lado de la calle,Ninguna,Oscuro sin iluminacion,lluvia,No,NO APLICA,99,99,99,99,1,11/12/2022,1
39,Ohio,391115,0,0,3,1,173,WOOD (173),0,NO APLICA,12,Diciembre,3,2022,22,11,I-75,1,Interestatal,Rural,Interestatal,State Highway Agency,1,Sin jurisdiccion especial,39,41.23301389,-83.65434167,Vehiculo Aparcado,El primer evento no fue una colision con un vehiculo automotor en transporte,Not an Intersection,No fue interseccion,Sobre calle,Ninguna,Oscuro sin iluminacion,Despejado,No,NO APLICA,22,24,22,37,1,03/12/2022,5
39,Ohio,391116,1,1,1,0,153,SUMMIT (153),70,AKRON,12,Diciembre,5,2022,7,39,CR-627 EXCHANGE ST,4,Calle del Condado,Urbano,Arteria Menor,County Highway Agency,0,Sin jurisdiccion especial,0,41.0728,-81.51262778,Peaton,El primer evento no fue una colision con un vehiculo automotor en transporte,Not an Intersection,No fue interseccion,Sobre calle,Ninguna,Dia total,Nublado,No,NO APLICA,7,40,7,45,1,05/12/2022,1
39,Ohio,391117,0,0,1,0,89,LICKING (89),0,NO APLICA,5,Mayo,8,2022,17,1,CR-33 DUNCAN PLAINS RD,4,Calle del Condado,Rural,Colector Menor,County Highway Agency,0,Sin jurisdiccion especial,0,40.151925,-82.74946667,Puente de Ferrocarril,El primer evento no fue una colision con un vehiculo automotor en transporte,Not an Intersection,No fue interseccion,Sobre el lado de la calle,Ninguna,Dia total,Despejado,No,NO APLICA,17,11,17,27,1,08/05/2022,1
39,Ohio,391118,0,0,2,0,139,RICHLAND (139),4680,MANSFIELD,11,Noviembre,17,2022,17,48,SR-13 MAIN ST,3,Highway estatal,Urbano,Arteria Principal,State Highway Agency,0,Sin jurisdiccion especial,188,40.80186111,-82.505875,Vehiculo en movimiento,Frente a frente,Not an Intersection,No fue interseccion,Sobre calle,Ninguna,Oscuro sin iluminacion,Nublado,No,NO APLICA,17,56,17,58,1,17/11/2022,3
39,Ohio,391119,0,0,2,0,27,CLINTON (27),0,NO APLICA,12,Diciembre,6,2022,17,57,SR-73,3,Highway estatal,Rural,Arteria Menor,State Highway Agency,0,Sin jurisdiccion especial,44,39.48153056,-83.90364444,Vehiculo en movimiento,Angulo,Not an Intersection,No fue interseccion,Sobre calle,Ninguna,Oscuro sin iluminacion,lluvia,No,NO APLICA,17,57,18,14,2,06/12/2022,4
39,Ohio,391120,0,0,2,0,49,FRANKLIN (49),1800,COLUMBUS,12,Diciembre,15,2022,11,28,JAMES RD,6,Calle Local Municipalidad,Urbano,Arteria Menor,City or Municipal Highway Agency,0,Sin jurisdiccion especial,0,39.95118056,-82.9153,Vehiculo en movimiento,Angulo,T-Intersection,Interseccion de T,Sobre calle,Ninguna,Dia total,lluvia,No,NO APLICA,11,30,11,32,1,15/12/2022,4
39,Ohio,391121,0,0,2,0,31,COSHOCTON (31),0,NO APLICA,12,Diciembre,16,2022,6,8,SR-16,3,Highway estatal,Rural,Arteria Principal,State Highway Agency,1,Sin jurisdiccion especial,78,40.247925,-81.87331111,Vehiculo en movimiento,Angulo,T-Intersection,Interseccion de T,Sobre calle,Ninguna,Oscuro sin iluminacion,lluvia,No,NO APLICA,6,12,6,20,1,16/12/2022,3
39,Ohio,391122,1,1,1,0,49,FRANKLIN (49),1800,COLUMBUS,12,Diciembre,18,2022,18,26,LIVINGSTON AVE,6,Calle Local Municipalidad,Urbano,Arteria Menor,City or Municipal Highway Agency,0,Sin jurisdiccion especial,0,39.9432,-82.84405833,Peaton,El primer evento no fue una colision con un vehiculo automotor en transporte,Not an Intersection,No fue interseccion,Sobre calle,Ninguna,Oscuro sin iluminacion,Despejado,No,NO APLICA,18,27,18,31,1,18/12/2022,2
39,Ohio,391123,0,0,2,0,113,MONTGOMERY (113),0,NO APLICA,12,Diciembre,18,2022,12,4,CR-249 SALEM  AV,4,Calle del Condado,Urbano,Arteria Menor,County Highway Agency,0,Sin jurisdiccion especial,0,39.80080278,-84.25365556,Vehiculo en movimiento,Angulo,T-Intersection,Interseccion de T,Sobre calle,Ninguna,Dia total,Despejado,No,NO APLICA,12,4,12,10,1,18/12/2022,2
39,Ohio,391124,0,0,2,0,151,STARK (151),4820,MASSILLON,9,Septiembre,10,2022,18,29,US-62 ERIE ST,2,US Highway,Urbano,Arteria Principal,State Highway Agency,1,Sin jurisdiccion especial,108,40.74962778,-81.51691667,Vehiculo en movimiento,Angulo,Not an Intersection,No fue interseccion,Sobre calle,Ninguna,Dia total,Nublado,No,NO APLICA,18,34,18,40,1,10/09/2022,3
39,Ohio,391125,0,0,1,0,35,CUYAHOGA (35),1680,CLEVELAND,11,Noviembre,1,2022,12,0,CR-362 152ND ST,4,Calle del Condado,Urbano,Colector Mayor,County Highway Agency,0,Sin jurisdiccion especial,0,41.57090833,-81.57516944,Banqueta,El primer evento no fue una colision con un vehiculo automotor en transporte,Not an Intersection,No fue interseccion,Sobre el lado de la calle,Ninguna,Dia total,Despejado,No,NO APLICA,11,55,12,0,1,01/11/2022,2
39,Ohio,391126,1,1,1,0,131,PIKE (131),0,NO APLICA,12,Diciembre,7,2022,1,19,SR-104,3,Highway estatal,Urbano,Colector Mayor,State Highway Agency,0,Sin jurisdiccion especial,118,39.11254444,-83.003825,Peaton,El primer evento no fue una colision con un vehiculo automotor en transporte,Not an Intersection,No fue interseccion,Sobre calle,Ninguna,Oscuro sin iluminacion,lluvia,No,NO APLICA,1,14,1,29,1,07/12/2022,1
39,Ohio,391127,0,0,1,0,127,PERRY (127),0,NO APLICA,12,Diciembre,9,2022,15,50,CR-128,4,Calle del Condado,Rural,Local,County Highway Agency,0,Sin jurisdiccion especial,0,39.70621111,-82.24422778,Acotamiento,El primer evento no fue una colision con un vehiculo automotor en transporte,Not an Intersection,No fue interseccion,Sobre el lado de la calle,Ninguna,Dia total,Nublado,No,NO APLICA,15,51,15,56,1,09/12/2022,2
39,Ohio,391128,0,0,2,0,153,SUMMIT (153),0,NO APLICA,12,Diciembre,13,2022,13,50,CR-130 KRUMROY RD,4,Calle del Condado,Urbano,Colector Mayor,County Highway Agency,0,Sin jurisdiccion especial,0,41.01553056,-81.49021667,Vehiculo en movimiento,Angulo,T-Intersection,Interseccion de T,Sobre calle,Ninguna,Dia total,Nublado,No,NO APLICA,13,53,13,58,1,13/12/2022,2
39,Ohio,391129,0,0,1,0,79,JACKSON (79),0,NO APLICA,7,Julio,7,2022,9,33,US-35,2,US Highway,Rural,Arteria Principal,State Highway Agency,1,Sin jurisdiccion especial,230,38.95375,-82.48703889,Acotamiento,El primer evento no fue una colision con un vehiculo automotor en transporte,Not an Intersection,No fue interseccion,Sobre el lado de la calle,"Zona de trabajo, tipo desconocido",Dia total,Nublado,No,NO APLICA,9,32,9,50,1,07/07/2022,2
39,Ohio,391130,0,0,1,0,77,HURON (77),0,NO APLICA,10,Octubre,24,2022,21,40,SR-61,3,Highway estatal,Rural,Colector Mayor,State Highway Agency,0,Sin jurisdiccion especial,119,41.15828056,-82.64935833,Zanja,El primer evento no fue una colision con un vehiculo automotor en transporte,T-Intersection,Interseccion de T,Sobre el lado de la calle,Ninguna,Oscuro sin iluminacion,Despejado,No,NO APLICA,21,51,21,58,1,24/10/2022,1
39,Ohio,391131,0,0,1,0,7,ASHTABULA (7),0,NO APLICA,12,Diciembre,15,2022,13,24,SR-45 CENTER RD,3,Highway estatal,Rural,Arteria Menor,State Highway Agency,0,Sin jurisdiccion especial,122,41.67749167,-80.85553611,Zanja,El primer evento no fue una colision con un vehiculo automotor en transporte,Not an Intersection,No fue interseccion,Sobre el lado de la calle,Ninguna,Dia total,lluvia,No,NO APLICA,13,23,13,29,1,15/12/2022,1
39,Ohio,391132,0,0,2,0,57,GREENE (57),0,NO APLICA,12,Diciembre,16,2022,11,51,CR-84 TREBEIN RD,4,Calle del Condado,Urbano,Colector Mayor,County Highway Agency,0,Sin jurisdiccion especial,0,39.70882778,-83.99086389,Vehiculo en movimiento,Angulo,Four-Way Intersection,Interseccion de 4 direcciones,Sobre calle,Ninguna,Dia total,Nublado,No,NO APLICA,11,52,11,56,1,16/12/2022,4
39,Ohio,391133,0,0,1,0,23,CLARK (23),0,NO APLICA,12,Diciembre,18,2022,1,37,I-70,1,Interestatal,Urbano,Interestatal,State Highway Agency,1,Sin jurisdiccion especial,208,39.92418611,-83.68744444,Valla Ferrocarril,El primer evento no fue una colision con un vehiculo automotor en transporte,Not an Intersection,No fue interseccion,En el medio,Ninguna,Oscuro con iluminacion,Nieve,No,NO APLICA,1,56,2,8,1,18/12/2022,2
39,Ohio,391134,0,0,2,0,107,MERCER (107),0,NO APLICA,12,Diciembre,19,2022,6,28,CR-180 OREGON RD,4,Calle del Condado,Rural,Local,County Highway Agency,0,Sin jurisdiccion especial,0,40.60778056,-84.51308889,Vehiculo en movimiento,Angulo,Four-Way Intersection,Interseccion de 4 direcciones,Sobre calle,Ninguna,Oscuro sin iluminacion,Despejado,No,NO APLICA,6,30,6,40,1,19/12/2022,2
39,Ohio,391135,0,0,1,0,35,CUYAHOGA (35),1680,CLEVELAND,12,Diciembre,20,2022,5,15,TIEDEMAN RD,6,Calle Local Municipalidad,Urbano,Local,City or Municipal Highway Agency,0,Servicio de Parques Nacional,0,41.44368889,-81.75591111,Arbol,El primer evento no fue una colision con un vehiculo automotor en transporte,Not an Intersection,No fue interseccion,Sobre el lado de la calle,Ninguna,Oscuro sin iluminacion,Despejado,No,NO APLICA,5,22,5,26,1,20/12/2022,1
39,Ohio,391136,1,1,1,0,35,CUYAHOGA (35),960,BRATENAHL,11,Noviembre,19,2022,20,24,I-90,1,Interestatal,Urbano,Interestatal,State Toll Road,1,Sin jurisdiccion especial,213,41.54023333,-81.62621944,Peaton,El primer evento no fue una colision con un vehiculo automotor en transporte,Not an Intersection,No fue interseccion,Sobre calle,Ninguna,Oscuro con iluminacion,Nieve,No,NO APLICA,20,25,20,31,1,19/11/2022,1
39,Ohio,391137,0,0,1,0,35,CUYAHOGA (35),1680,CLEVELAND,11,Noviembre,28,2022,15,58,STORER AVE,6,Calle Local Municipalidad,Urbano,Local,City or Municipal Highway Agency,0,Sin jurisdiccion especial,0,41.4644,-81.72116944,Arbol,El primer evento no fue una colision con un vehiculo automotor en transporte,Not an Intersection,No fue interseccion,Sobre el lado de la calle,Ninguna,Dia total,Nublado,No,NO APLICA,16,0,16,4,1,28/11/2022,1
39,Ohio,391138,0,0,2,0,165,WARREN (165),0,NO APLICA,11,Noviembre,25,2022,14,43,CR-38 MASON MORROW MILLGROVE,4,Calle del Condado,Rural,Local,County Highway Agency,0,Sin jurisdiccion especial,0,39.36697778,-84.15529722,Vehiculo en movimiento,Frente a frente,Not an Intersection,No fue interseccion,Sobre calle,Ninguna,Dia total,Despejado,No,NO APLICA,14,42,14,48,1,25/11/2022,2
39,Ohio,391139,0,0,2,0,61,HAMILTON (61),0,NO APLICA,11,Noviembre,30,2022,21,51,US-27 COLERAIN AV,2,US Highway,Urbano,Arteria Principal,State Highway Agency,1,Sin jurisdiccion especial,109,39.21106389,-84.58412222,Vehiculo en movimiento,Frente a Detrás,Four-Way Intersection,Interseccion de 4 direcciones,Sobre calle,Ninguna,Oscuro con iluminacion,Despejado,No,NO APLICA,21,55,21,57,1,30/11/2022,2
39,Ohio,391140,0,0,3,0,113,MONTGOMERY (113),1070,BROOKVILLE,12,Diciembre,5,2022,17,0,CR-22 UPPER LEWISBURG SALEM RD,4,Calle del Condado,Urbano,Local,County Highway Agency,0,Sin jurisdiccion especial,0,39.84340556,-84.42488889,Vehiculo en movimiento,Angulo,Four-Way Intersection,Interseccion de 4 direcciones,Sobre calle,Ninguna,Dia total,Despejado,No,NO APLICA,17,0,17,4,1,05/12/2022,4
39,Ohio,391141,0,0,2,0,109,MIAMI (109),0,NO APLICA,12,Diciembre,10,2022,21,45,US-36,2,US Highway,Urbano,Arteria Menor,State Highway Agency,0,Sin jurisdiccion especial,78,40.13701389,-84.28541944,Vehiculo en movimiento,Frente a frente,Not an Intersection,No fue interseccion,Sobre calle,Ninguna,Oscuro sin iluminacion,Nublado,No,NO APLICA,21,52,21,58,1,10/12/2022,4
39,Ohio,391142,0,0,1,0,13,BELMONT (13),0,NO APLICA,12,Diciembre,12,2022,5,45,I-70,1,Interestatal,Rural,Interestatal,State Highway Agency,1,Sin jurisdiccion especial,12,40.05921389,-81.20718611,Valla Ferrocarril,El primer evento no fue una colision con un vehiculo automotor en transporte,Not an Intersection,No fue interseccion,Sobre el lado de la calle,Ninguna,Oscuro sin iluminacion,Nublado,No,NO APLICA,5,54,6,5,1,12/12/2022,1
39,Ohio,391143,0,0,1,0,3,ALLEN (3),0,NO APLICA,12,Diciembre,12,2022,7,22,SR-196 WAYNESFIELD RD,3,Highway estatal,Rural,Arteria Principal,State Highway Agency,0,Sin jurisdiccion especial,24,40.68075278,-83.97573611,Valla Ferrocarril,El primer evento no fue una colision con un vehiculo automotor en transporte,Not an Intersection,No fue interseccion,Sobre el lado de la calle,Ninguna,Amanecer,Nublado,No,NO APLICA,7,23,7,37,1,12/12/2022,1
39,Ohio,391144,0,1,2,1,173,WOOD (173),0,NO APLICA,12,Diciembre,14,2022,0,54,I-80,1,Interestatal,Urbano,Interestatal,State Toll Road,1,Sin jurisdiccion especial,46,41.54576111,-83.53095833,Vehiculo Aparcado,El primer evento no fue una colision con un vehiculo automotor en transporte,Not an Intersection,No fue interseccion,Sobre el lado de la calle,Ninguna,Oscuro sin iluminacion,Despejado,No,NO APLICA,0,52,1,5,1,14/12/2022,1
39,Ohio,391145,0,0,1,0,35,CUYAHOGA (35),9997,Other,12,Diciembre,14,2022,12,32,I-271,1,Interestatal,Urbano,Interestatal,State Highway Agency,1,Sin jurisdiccion especial,13,41.44869167,-81.49123889,Valla Ferrocarril,El primer evento no fue una colision con un vehiculo automotor en transporte,Not an Intersection,No fue interseccion,Gore?,Ninguna,Dia total,Nublado,No,NO APLICA,12,36,12,40,1,14/12/2022,1
39,Ohio,391146,0,0,3,0,11,AUGLAIZE (11),0,NO APLICA,12,Diciembre,12,2022,16,33,SR-66,3,Highway estatal,Rural,Colector Mayor,State Highway Agency,0,Sin jurisdiccion especial,91,40.511475,-84.37745,Vehiculo en movimiento,Frente a frente,Not an Intersection,No fue interseccion,Sobre calle,Ninguna,Dia total,Nublado,No,NO APLICA,16,30,16,50,1,12/12/2022,4
39,Ohio,391147,1,1,1,0,93,LORAIN (93),0,NO APLICA,12,Diciembre,15,2022,18,36,SR-18,3,Highway estatal,Rural,Arteria Principal,State Highway Agency,1,Sin jurisdiccion especial,7,41.171775,-82.32561389,Peaton,El primer evento no fue una colision con un vehiculo automotor en transporte,Not an Intersection,No fue interseccion,Sobre calle,Ninguna,Oscuro sin iluminacion,lluvia,No,NO APLICA,18,34,18,42,1,15/12/2022,1
39,Ohio,391148,1,1,1,0,21,CHAMPAIGN (21),8300,URBANA,12,Diciembre,13,2022,20,2,SR-36 SCIOTO ST,3,Highway estatal,Urbano,Arteria Menor,State Highway Agency,0,Sin jurisdiccion especial,158,40.10728889,-83.73936944,Peaton,El primer evento no fue una colision con un vehiculo automotor en transporte,Not an Intersection,No fue interseccion,Sobre calle,Ninguna,Oscuro con iluminacion,Despejado,No,NO APLICA,20,4,20,8,1,13/12/2022,2
39,Ohio,391149,2,2,1,0,53,GALLIA (53),0,NO APLICA,12,Diciembre,16,2022,16,52,SR-325,3,Highway estatal,Rural,Colector Mayor,State Highway Agency,0,Sin jurisdiccion especial,25,38.82961944,-82.39515556,Animal montado o vehiculo de traccion animal,El primer evento no fue una colision con un vehiculo automotor en transporte,Not an Intersection,No fue interseccion,Sobre calle,Ninguna,Dia total,Despejado,No,NO APLICA,16,50,17,5,1,16/12/2022,1
39,Ohio,391150,1,1,1,0,153,SUMMIT (153),0,NO APLICA,12,Diciembre,17,2022,18,45,I-77 VIETNAM VETERANS HWY,1,Interestatal,Urbano,Interestatal,State Highway Agency,1,Sin jurisdiccion especial,273,41.18795,-81.62589722,Peaton,El primer evento no fue una colision con un vehiculo automotor en transporte,Not an Intersection,No fue interseccion,Sobre calle,Ninguna,Oscuro sin iluminacion,Nieve,No,NO APLICA,18,48,18,55,1,17/12/2022,4
39,Ohio,391151,0,0,2,0,113,MONTGOMERY (113),8360,VANDALIA,12,Diciembre,19,2022,21,1,I-75,1,Interestatal,Urbano,Interestatal,State Highway Agency,1,Sin jurisdiccion especial,210,39.87443889,-84.18781111,Vehiculo en movimiento,Frente a Detrás,Not an Intersection,No fue interseccion,Sobre calle,Ninguna,Oscuro con iluminacion,Despejado,No,NO APLICA,20,58,21,6,1,19/12/2022,2
39,Ohio,391152,0,0,2,0,21,CHAMPAIGN (21),0,NO APLICA,9,Septiembre,7,2022,6,4,US-36,2,US Highway,Rural,Colector Mayor,State Highway Agency,0,Sin jurisdiccion especial,244,40.13131111,-83.58152778,Vehiculo en movimiento,Angulo,Not an Intersection,No fue interseccion,Sobre calle,Ninguna,Oscuro sin iluminacion,Neblina o Humo,No,NO APLICA,6,5,6,18,1,07/09/2022,2
39,Ohio,391153,0,0,1,0,35,CUYAHOGA (35),1680,CLEVELAND,11,Noviembre,23,2022,4,58,I-71,1,Interestatal,Urbano,Interestatal,State Highway Agency,1,Sin jurisdiccion especial,181,41.46354722,-81.69350833,Valla Ferrocarril,El primer evento no fue una colision con un vehiculo automotor en transporte,Not an Intersection,No fue interseccion,Sobre el lado de la calle,Ninguna,Oscuro con iluminacion,Despejado,No,NO APLICA,5,3,5,3,1,23/11/2022,1
39,Ohio,391154,0,0,1,0,53,GALLIA (53),0,NO APLICA,11,Noviembre,30,2022,22,12,SR-588,3,Highway estatal,Rural,Colector Mayor,State Highway Agency,0,Sin jurisdiccion especial,64,38.83818611,-82.28504167,Arbol,El primer evento no fue una colision con un vehiculo automotor en transporte,Not an Intersection,No fue interseccion,Sobre el lado de la calle,Ninguna,Oscuro sin iluminacion,Despejado,No,NO APLICA,22,12,22,16,1,30/11/2022,1