Estado,Nombre de Estado,Numero de Caso,Peatones,Personas _no_vehiculos,Vehiculos automotores,Vehiculos estacionados,Condado,Nombre Condado,Ciudad,Nombre Ciudad,Mes,Nombre Mes,Dia,Año,Hora,Minuto,Calle,Ruta,Nombre Ruta,Rural o Urbanoo,Sistema Funcional,Dueño Calle,Sistema Nacional Carreteras,Jurisdiccion Especial,Milla,Latitud,Longitud,Causa del Accidente,Tipo de Accidente,Tipo Interseccion,Columna1,Lugar en la calle,Zona de Trabajo,Luz,Clima,Autobus Escolar,Cruce de Trenes,Hora Notificacion,Minuto Notificacion,Hora Llegada,Minuto Llegada,Decesos,Fecha,PersonaVehiculo
39,Ohio,391155,0,0,2,0,23,CLARK (23),0,NO APLICA,12,Diciembre,20,2022,6,15,I-70,1,Interestatal,Urbano,Interestatal,State Highway Agency,1,Sin jurisdiccion especial,107,39.89538611,-83.85854167,Vehiculo en movimiento,Angulo,Not an Intersection,No fue interseccion,Sobre calle,Ninguna,Oscuro sin iluminacion,Nublado,No,NO APLICA,6,16,6,29,1,20/12/2022,3
39,Ohio,391156,0,0,8,0,165,WARREN (165),0,NO APLICA,12,Diciembre,20,2022,16,55,I-75,1,Interestatal,Urbano,Interestatal,State Highway Agency,1,Sin jurisdiccion especial,30,39.47964167,-84.32505833,Vehiculo en movimiento,Frente a Detrás,Not an Intersection,No fue interseccion,Sobre calle,Ninguna,Dia total,Despejado,No,NO APLICA,17,7,17,19,2,20/12/2022,11
39,Ohio,391157,1,1,1,0,75,HOLMES (75),440,BALTIC,12,Diciembre,20,2022,11,16,SR-93,3,Highway estatal,Rural,Colector Mayor,State Highway Agency,0,Sin jurisdiccion especial,4,40.45005278,-81.69776111,Ciclista,El primer evento no fue una colision con un vehiculo automotor en transporte,Not an Intersection,No fue interseccion,Sobre calle,Ninguna,Dia total,Nublado,No,NO APLICA,11,18,11,20,1,20/12/2022,1
39,Ohio,391159,1,1,1,0,113,MONTGOMERY (113),2090,DAYTON,12,Diciembre,28,2022,8,42,CR-85 WAYNE AV,4,Calle del Condado,Urbano,Arteria Principal,County Highway Agency,1,Sin jurisdiccion especial,0,39.75039722,-84.17506944,Banqueta,El primer evento no fue una colision con un vehiculo automotor en transporte,Not an Intersection,No fue interseccion,Sobre el lado de la calle,Ninguna,Dia total,Nublado,No,NO APLICA,8,48,8,50,1,28/12/2022,1
39,Ohio,391160,0,0,1,0,61,HAMILTON (61),6090,NORWOOD,11,Noviembre,19,2022,1,40,CR-674 VICTORY PKWY,4,Calle del Condado,Urbano,Arteria Menor,County Highway Agency,0,Sin jurisdiccion especial,0,39.16176944,-84.473425,Poste,El primer evento no fue una colision con un vehiculo automotor en transporte,Y-Intersection,Interseccion de Y,Sobre el lado de la calle,Ninguna,Oscuro con iluminacion,Despejado,No,NO APLICA,1,46,1,51,1,19/11/2022,3
39,Ohio,391161,0,0,2,0,15,BROWN (15),0,NO APLICA,12,Diciembre,18,2022,19,15,US-68,2,US Highway,Rural,Arteria Menor,State Highway Agency,0,Sin jurisdiccion especial,333,39.07521389,-83.925525,Vehiculo en movimiento,Angulo,Four-Way Intersection,Interseccion de 4 direcciones,Sobre calle,Ninguna,Oscuro sin iluminacion,Despejado,No,NO APLICA,19,4,19,17,1,18/12/2022,5
39,Ohio,391162,0,0,4,0,113,MONTGOMERY (113),8360,VANDALIA,12,Diciembre,21,2022,5,17,I-75,1,Interestatal,Urbano,Interestatal,State Highway Agency,1,Sin jurisdiccion especial,225,39.89583611,-84.18948333,Vehiculo en movimiento,Frente a Detrás,Not an Intersection,No fue interseccion,Sobre calle,Ninguna,Oscuro con iluminacion,Despejado,No,NO APLICA,5,22,5,26,1,21/12/2022,4
39,Ohio,391163,0,0,1,0,23,CLARK (23),0,NO APLICA,12,Diciembre,21,2022,10,16,SR-54 URBANA LISBON RD,3,Highway estatal,Rural,Colector Mayor,State Highway Agency,0,Sin jurisdiccion especial,78,39.96436667,-83.61778889,Zanja,El primer evento no fue una colision con un vehiculo automotor en transporte,Not an Intersection,No fue interseccion,Sobre el lado de la calle,Ninguna,Dia total,Despejado,No,NO APLICA,10,16,10,19,1,21/12/2022,1
39,Ohio,391164,0,0,2,0,139,RICHLAND (139),0,NO APLICA,12,Diciembre,21,2022,10,20,SR-13,3,Highway estatal,Rural,Arteria Principal,State Highway Agency,1,Sin jurisdiccion especial,103,40.68850278,-82.51486111,Vehiculo en movimiento,Frente a Detrás,T-Intersection,Interseccion de T,Sobre calle,Ninguna,Dia total,Despejado,No,NO APLICA,10,21,10,32,1,21/12/2022,3
39,Ohio,391165,0,0,2,0,25,CLERMONT (25),0,NO APLICA,12,Diciembre,19,2022,14,4,CR-351 OLD STATE ROUTE 32 RD,4,Calle del Condado,Urbano,Colector Mayor,County Highway Agency,0,Sin jurisdiccion especial,0,39.07649722,-84.14671389,Vehiculo en movimiento,Frente a frente,T-Intersection,Interseccion de T,Sobre calle,Ninguna,Dia total,Despejado,No,NO APLICA,14,18,14,19,1,19/12/2022,4
39,Ohio,391166,0,0,2,0,33,CRAWFORD (33),0,NO APLICA,12,Diciembre,23,2022,13,8,CR-49 REMLINGER RD,4,Calle del Condado,Rural,Local,County Highway Agency,0,Sin jurisdiccion especial,0,40.82984167,-82.74950278,Vehiculo en movimiento,Golpe Lateral - misma direccion,Not an Intersection,No fue interseccion,Sobre calle,Ninguna,Dia total,Soplando nieve,No,NO APLICA,13,22,13,38,1,23/12/2022,2
39,Ohio,391168,1,1,1,0,35,CUYAHOGA (35),6360,PARMA HEIGHTS,12,Diciembre,21,2022,12,3,CR-176 BROADVIEW RD,4,Calle del Condado,Trafficway Not in State Inventory,Via no en inventario estatal,Trafficway Not in State Inventory,0,Sin jurisdiccion especial,0,41.36475278,-81.68753056,Peaton,El primer evento no fue una colision con un vehiculo automotor en transporte,T-Intersection,Interseccion de T,Sobre calle,Ninguna,Dia total,Nublado,No,NO APLICA,12,6,12,9,1,21/12/2022,1
39,Ohio,391169,0,0,1,0,161,VAN WERT (161),0,NO APLICA,12,Diciembre,29,2022,15,3,TR-95 GREENVILLE ROAD,5,Calle Local - Pueblo,Rural,Local,County Highway Agency,0,Sin jurisdiccion especial,0,40.83274444,-84.57104722,Otro objeto (no fijo),El primer evento no fue una colision con un vehiculo automotor en transporte,Not an Intersection,No fue interseccion,Sobre el lado de la calle,Ninguna,Dia total,Nublado,No,NO APLICA,15,11,15,17,1,29/12/2022,1
39,Ohio,391170,2,2,1,0,85,LAKE (85),9010,WILLOUGHBY,12,Diciembre,4,2022,17,47,WESTMINSTER LANE,9,Desconocido,Trafficway Not in State Inventory,Via no en inventario estatal,Trafficway Not in State Inventory,0,Sin jurisdiccion especial,0,41.66614722,-81.40129722,Otra no colicion,El primer evento no fue una colision con un vehiculo automotor en transporte,T-Intersection,Interseccion de T,Sobre calle,Ninguna,Oscuro con iluminacion,Despejado,No,NO APLICA,17,50,17,53,1,04/12/2022,2
39,Ohio,391171,0,0,1,0,99,MAHONING (99),9230,YOUNGSTOWN,8,Agosto,30,2022,12,12,CR-555 MADISON AVE NE,4,Calle del Condado,Urbano,Colector Mayor,County Highway Agency,0,Sin jurisdiccion especial,0,41.11163056,-80.66201111,Fin de valla,El primer evento no fue una colision con un vehiculo automotor en transporte,Not an Intersection,No fue interseccion,Sobre el lado de la calle,Ninguna,Dia total,Despejado,No,NO APLICA,12,17,12,20,1,30/08/2022,2
39,Ohio,391172,1,1,1,0,99,MAHONING (99),9230,YOUNGSTOWN,9,Septiembre,7,2022,20,41,CR-514 INDIANOLA AVE,4,Calle del Condado,Urbano,Arteria Menor,County Highway Agency,0,Sin jurisdiccion especial,0,41.07251111,-80.64796111,Peaton,El primer evento no fue una colision con un vehiculo automotor en transporte,Not an Intersection,No fue interseccion,Sobre calle,Ninguna,Oscuro sin iluminacion,Despejado,No,NO APLICA,20,44,20,49,1,07/09/2022,1
39,Ohio,391173,0,0,2,0,75,HOLMES (75),0,NO APLICA,12,Diciembre,17,2022,15,20,TR-211,5,Calle Local - Pueblo,Rural,Local,Town or Township Highway Agency,0,Sin jurisdiccion especial,0,40.59041111,-82.15222778,Vehiculo en movimiento,Frente a frente,Not an Intersection,No fue interseccion,Sobre calle,Ninguna,Dia total,Nublado,No,NO APLICA,15,24,15,35,1,17/12/2022,4
39,Ohio,391174,0,0,1,0,17,BUTLER (17),0,NO APLICA,10,Octubre,15,2022,2,30,SR-732 OXFORD REILY RD,3,Highway estatal,Rural,Colector Mayor,State Highway Agency,0,Sin jurisdiccion especial,41,39.44751667,-84.76046944,Zanja,El primer evento no fue una colision con un vehiculo automotor en transporte,Not an Intersection,No fue interseccion,Sobre el lado de la calle,Ninguna,Oscuro sin iluminacion,Despejado,No,NO APLICA,3,1,3,23,1,15/10/2022,1
39,Ohio,391175,1,1,1,0,113,MONTGOMERY (113),0,NO APLICA,10,Octubre,25,2022,19,14,TR-1157 NOTTINGHAM  RD,5,Calle Local - Pueblo,Urbano,Local,Town or Township Highway Agency,0,Sin jurisdiccion especial,0,39.80582222,-84.22049167,Peaton,El primer evento no fue una colision con un vehiculo automotor en transporte,Not an Intersection,No fue interseccion,Sobre calle,Ninguna,Oscuro sin iluminacion,Nublado,No,NO APLICA,19,13,19,18,1,25/10/2022,1
39,Ohio,391176,1,1,3,0,35,CUYAHOGA (35),1680,CLEVELAND,12,Diciembre,2,2022,3,2,I-90,1,Interestatal,Urbano,Interestatal,State Toll Road,1,Sin jurisdiccion especial,137,41.47445,-81.71178333,Vehiculo en movimiento,Frente a Detrás,Not an Intersection,No fue interseccion,Sobre calle,Ninguna,Oscuro con iluminacion,Despejado,No,NO APLICA,3,7,3,14,1,02/12/2022,2
39,Ohio,391177,0,0,3,0,149,SHELBY (149),0,NO APLICA,12,Diciembre,24,2022,8,30,I-75,1,Interestatal,Rural,Interestatal,State Highway Agency,1,Sin jurisdiccion especial,119,40.35684167,-84.16002222,Otra barrera de trafico,El primer evento no fue una colision con un vehiculo automotor en transporte,Not an Intersection,No fue interseccion,En el medio,Ninguna,Dia total,Nublado,No,NO APLICA,8,11,8,16,4,24/12/2022,5
39,Ohio,391178,0,0,1,0,113,MONTGOMERY (113),2090,DAYTON,12,Diciembre,26,2022,9,15,CR-249 SALEM AVE,4,Calle del Condado,Urbano,Arteria Menor,County Highway Agency,0,Sin jurisdiccion especial,0,39.78285,-84.22633889,Banqueta,El primer evento no fue una colision con un vehiculo automotor en transporte,Not an Intersection,No fue interseccion,Sobre el lado de la calle,Ninguna,Dia total,Nublado,No,NO APLICA,9,29,9,34,1,26/12/2022,1
39,Ohio,391179,1,1,1,0,49,FRANKLIN (49),1800,COLUMBUS,11,Noviembre,9,2022,6,15,I-71,1,Interestatal,Urbano,Arterial Principal -Freeway o ExpressWay,State Highway Agency,1,Sin jurisdiccion especial,92,39.914875,-82.98988333,Peaton,El primer evento no fue una colision con un vehiculo automotor en transporte,Not an Intersection,No fue interseccion,Sobre calle,Ninguna,Oscuro - iluminacion desconocida,Despejado,No,NO APLICA,11,5,11,10,1,09/11/2022,1
39,Ohio,391180,0,0,2,0,167,WASHINGTON (167),0,NO APLICA,12,Diciembre,23,2022,17,21,SR-7 OHIO RIVER SCENIC BYWAY,3,Highway estatal,Rural,Arteria Principal,State Highway Agency,1,Sin jurisdiccion especial,293,39.34799722,-81.37680833,Vehiculo en movimiento,Frente a frente,Not an Intersection,No fue interseccion,Sobre calle,Ninguna,Atardecer,Nieve,No,NO APLICA,17,22,17,35,1,23/12/2022,2
39,Ohio,391181,1,1,1,0,165,WARREN (165),0,NO APLICA,12,Diciembre,27,2022,20,10,CR-21 MASON MONTGOMERY RD,4,Calle del Condado,Urbano,Arteria Menor,County Highway Agency,0,Sin jurisdiccion especial,0,39.30849722,-84.31393889,Peaton,El primer evento no fue una colision con un vehiculo automotor en transporte,Not an Intersection,No fue interseccion,Sobre calle,Ninguna,Oscuro sin iluminacion,Despejado,No,NO APLICA,20,6,20,10,1,27/12/2022,1
39,Ohio,391182,0,0,1,0,29,COLUMBIANA (29),0,NO APLICA,12,Diciembre,31,2022,2,5,TR-864 ADAMS RD,5,Calle Local - Pueblo,Urbano,Local,Town or Township Highway Agency,0,Sin jurisdiccion especial,0,40.79886111,-80.77624444,Acotamiento,El primer evento no fue una colision con un vehiculo automotor en transporte,Not an Intersection,No fue interseccion,Sobre el lado de la calle,Ninguna,Oscuro sin iluminacion,Nublado,No,NO APLICA,2,17,2,27,1,31/12/2022,1
39,Ohio,391183,0,0,2,0,135,PREBLE (135),0,NO APLICA,11,Noviembre,13,2022,4,28,I-70,1,Interestatal,Rural,Interestatal,State Highway Agency,1,Sin jurisdiccion especial,98,39.83562778,-84.63046667,Vehiculo en movimiento,Frente a Detrás,Not an Intersection,No fue interseccion,Sobre calle,Ninguna,Oscuro con iluminacion,Despejado,No,NO APLICA,4,35,4,49,1,13/11/2022,3
39,Ohio,391184,0,0,2,0,21,CHAMPAIGN (21),0,NO APLICA,12,Diciembre,6,2022,10,28,TR-126 CLARK RD,5,Calle Local - Pueblo,Urbano,Colector Mayor,Town or Township Highway Agency,0,Sin jurisdiccion especial,0,40.14985278,-83.73673333,Vehiculo en movimiento,Frente a frente,Not an Intersection,No fue interseccion,Sobre calle,Ninguna,Dia total,Neblina o Humo,No,NO APLICA,10,29,10,36,1,06/12/2022,2
39,Ohio,391185,0,0,1,0,99,MAHONING (99),9230,YOUNGSTOWN,10,Octubre,1,2022,2,38,CR-520 LANSDOWNE BL,4,Calle del Condado,Urbano,Colector Mayor,County Highway Agency,0,Sin jurisdiccion especial,0,41.10525,-80.616125,Arbol,El primer evento no fue una colision con un vehiculo automotor en transporte,Not an Intersection,No fue interseccion,Sobre el lado de la calle,Ninguna,Oscuro con iluminacion,Despejado,No,NO APLICA,2,49,2,54,1,01/10/2022,2
39,Ohio,391186,0,0,2,0,153,SUMMIT (153),70,AKRON,10,Octubre,6,2022,14,51,CR-15 ARLINGTON ST,4,Calle del Condado,Urbano,Local,County Highway Agency,0,Sin jurisdiccion especial,0,41.05943333,-81.49094444,Vehiculo en movimiento,Angulo,Four-Way Intersection,Interseccion de 4 direcciones,Sobre calle,Ninguna,Dia total,Despejado,No,NO APLICA,14,57,14,59,2,06/10/2022,6
39,Ohio,391187,0,0,1,0,49,FRANKLIN (49),1800,COLUMBUS,12,Diciembre,9,2022,2,20,I-670,1,Interestatal,Urbano,Interestatal,State Highway Agency,1,Sin jurisdiccion especial,61,39.980825,-82.9602,Acotamiento,El primer evento no fue una colision con un vehiculo automotor en transporte,Not an Intersection,No fue interseccion,Sobre el lado de la calle,Ninguna,Oscuro con iluminacion,Despejado,No,NO APLICA,2,23,2,34,1,09/12/2022,1
39,Ohio,391188,0,0,1,0,153,SUMMIT (153),70,AKRON,12,Diciembre,31,2022,2,42,I-76,1,Interestatal,Urbano,Interestatal,State Highway Agency,1,Sin jurisdiccion especial,73,41.045975,-81.56493333,Valla Ferrocarril,El primer evento no fue una colision con un vehiculo automotor en transporte,Not an Intersection,No fue interseccion,Sobre el lado de la calle,Ninguna,Oscuro con iluminacion,lluvia,No,NO APLICA,2,43,2,48,1,31/12/2022,1
39,Ohio,391189,0,0,2,0,35,CUYAHOGA (35),512,BAY VILLAGE,12,Diciembre,30,2022,20,52,US-6 LAKE RD,2,US Highway,Urbano,Arteria Principal,State Highway Agency,1,Sin jurisdiccion especial,52,41.48160556,-81.87420278,Vehiculo en movimiento,Frente a Detrás,T-Intersection,Interseccion de T,Sobre calle,Ninguna,Oscuro con iluminacion,Despejado,No,NO APLICA,20,4,20,11,1,30/12/2022,2
39,Ohio,391190,0,1,2,1,157,TUSCARAWAS (157),0,NO APLICA,12,Diciembre,29,2022,23,46,I-77 VIETNAM VETERANS HWY,1,Interestatal,Rural,Interestatal,State Highway Agency,1,Sin jurisdiccion especial,341,40.65359722,-81.44841111,Vehiculo Aparcado,El primer evento no fue una colision con un vehiculo automotor en transporte,Not an Intersection,No fue interseccion,Sobre Acotamiento,Ninguna,Oscuro sin iluminacion,Despejado,No,NO APLICA,23,47,23,54,1,29/12/2022,1
39,Ohio,391191,1,1,1,0,35,CUYAHOGA (35),1680,CLEVELAND,1,Enero,22,2022,6,45,CR-37 DENISON AVE,4,Calle del Condado,Urbano,Arteria Menor,County Highway Agency,0,Sin jurisdiccion especial,0,41.45766667,-81.72794167,Peaton,El primer evento no fue una colision con un vehiculo automotor en transporte,T-Intersection,Interseccion de T,Sobre calle,Ninguna,Amanecer,Despejado,No,NO APLICA,7,4,7,17,1,22/01/2022,1
39,Ohio,391192,0,0,2,0,61,HAMILTON (61),0,NO APLICA,12,Diciembre,17,2022,19,0,CR-457 HARRISON RD,4,Calle del Condado,Urbano,Colector Mayor,County Highway Agency,0,Sin jurisdiccion especial,0,39.23013611,-84.75140278,Vehiculo en movimiento,Angulo,Not an Intersection,No fue interseccion,Sobre calle,Ninguna,Oscuro sin iluminacion,Nublado,No,NO APLICA,19,0,19,10,1,17/12/2022,2
39,Ohio,391193,0,0,1,0,165,WARREN (165),0,NO APLICA,9,Septiembre,17,2022,23,42,TR-1103 LOCUST DR,5,Calle Local - Pueblo,Urbano,Local,Town or Township Highway Agency,0,Sin jurisdiccion especial,0,39.29665278,-84.263775,Alguien se cayo/avento del vehiculo,El primer evento no fue una colision con un vehiculo automotor en transporte,Not an Intersection,No fue interseccion,Sobre calle,Ninguna,Oscuro sin iluminacion,Despejado,No,NO APLICA,23,44,23,50,1,17/09/2022,4
39,Ohio,391194,0,0,2,0,35,CUYAHOGA (35),8330,VALLEY VIEW,9,Septiembre,16,2022,11,38,CR-82 CANAL RD,4,Calle del Condado,Urbano,Arteria Menor,County Highway Agency,0,Sin jurisdiccion especial,0,41.41064722,-81.62887778,Vehiculo en movimiento,Golpe Lateral - direccion contraria,Not an Intersection,No fue interseccion,Sobre calle,Ninguna,Dia total,Despejado,No,NO APLICA,11,39,11,45,1,16/09/2022,3
39,Ohio,391195,0,0,1,0,3,ALLEN (3),4220,LIMA,9,Septiembre,24,2022,12,25,JAMESON AVE,6,Calle Local Municipalidad,Urbano,Local,City or Municipal Highway Agency,0,Sin jurisdiccion especial,0,40.75023056,-84.12416111,Puente de Ferrocarril,El primer evento no fue una colision con un vehiculo automotor en transporte,Not an Intersection,No fue interseccion,Sobre el lado de la calle,Ninguna,Dia total,Despejado,No,NO APLICA,12,25,12,29,1,24/09/2022,1
39,Ohio,391196,0,0,1,0,35,CUYAHOGA (35),1680,CLEVELAND,10,Octubre,21,2022,18,45,SR-237 ROCKY RIVER DR,3,Highway estatal,Urbano,Arteria Menor,State Highway Agency,0,Sin jurisdiccion especial,92,41.43130278,-81.824175,Barda,El primer evento no fue una colision con un vehiculo automotor en transporte,Four-Way Intersection,Interseccion de 4 direcciones,Sobre el lado de la calle,Ninguna,Dia total,Despejado,No,NO APLICA,18,46,18,51,1,21/10/2022,1
39,Ohio,391197,0,0,50,0,43,ERIE (43),0,NO APLICA,12,Diciembre,23,2022,12,30,I-80,1,Interestatal,Rural,Interestatal,State Toll Road,1,Sin jurisdiccion especial,2,41.34971389,-82.83876389,Jackknife (harmful to this vehicle),El primer evento no fue una colision con un vehiculo automotor en transporte,Not an Intersection,No fue interseccion,Sobre calle,Ninguna,Dia total,Vientos cruzados pero de los mamalones,No,NO APLICA,12,37,13,1,4,23/12/2022,128
39,Ohio,391198,1,1,1,0,35,CUYAHOGA (35),4685,MAPLE HEIGHTS,12,Diciembre,22,2022,13,59,CR-8 LEE RD,4,Calle del Condado,Urbano,Arteria Menor,County Highway Agency,0,Sin jurisdiccion especial,0,41.42188889,-81.56540556,Banqueta,El primer evento no fue una colision con un vehiculo automotor en transporte,Four-Way Intersection,Interseccion de 4 direcciones,Sobre el lado de la calle,Ninguna,Dia total,Nublado,No,NO APLICA,14,12,14,13,1,22/12/2022,1
39,Ohio,391199,0,0,3,0,57,GREENE (57),0,NO APLICA,12,Diciembre,29,2022,8,51,I-71,1,Interestatal,Rural,Interestatal,State Highway Agency,1,Sin jurisdiccion especial,29,39.57707222,-83.68739167,Vehiculo en movimiento,Frente a Detrás,Not an Intersection,No fue interseccion,Sobre calle,Ninguna,Dia total,Nublado,No,NO APLICA,9,13,9,18,1,29/12/2022,4
39,Ohio,391201,0,0,1,0,17,BUTLER (17),0,NO APLICA,11,Noviembre,17,2022,3,30,CR-180 HAMILTON EATON RD,4,Calle del Condado,Rural,Local,County Highway Agency,0,Sin jurisdiccion especial,0,39.53577222,-84.62396667,Poste,El primer evento no fue una colision con un vehiculo automotor en transporte,Not an Intersection,No fue interseccion,Sobre el lado de la calle,Ninguna,Oscuro sin iluminacion,Nublado,No,NO APLICA,3,44,4,2,1,17/11/2022,1
39,Ohio,391202,0,0,2,0,151,STARK (151),0,NO APLICA,12,Diciembre,13,2022,17,18,CR-66 CLEVELAND AVE NW,4,Calle del Condado,Urbano,Arteria Principal,County Highway Agency,0,Sin jurisdiccion especial,0,40.90616667,-81.40569167,Vehiculo en movimiento,Frente a Detrás,Not an Intersection,No fue interseccion,Sobre calle,Ninguna,Atardecer,Despejado,No,NO APLICA,17,27,17,34,1,13/12/2022,3
39,Ohio,391203,0,0,1,0,35,CUYAHOGA (35),1680,CLEVELAND,12,Diciembre,30,2022,2,55,SR-10 LORAIN AV,3,Highway estatal,Urbano,Arteria Menor,State Highway Agency,0,Sin jurisdiccion especial,131,41.46854444,-81.74886667,Poste,El primer evento no fue una colision con un vehiculo automotor en transporte,T-Intersection,Interseccion de T,Sobre el lado de la calle,Ninguna,Oscuro con iluminacion,Despejado,No,NO APLICA,2,57,2,57,1,30/12/2022,1
39,Ohio,391204,0,0,2,0,35,CUYAHOGA (35),1680,CLEVELAND,12,Diciembre,10,2022,20,8,SR-87 WOODLAND AV,3,Highway estatal,Urbano,Arteria Principal,State Highway Agency,0,Sin jurisdiccion especial,28,41.48808056,-81.64349444,Vehiculo en movimiento,Frente a frente,Not an Intersection,No fue interseccion,Sobre calle,Ninguna,Oscuro con iluminacion,Nublado,No,NO APLICA,20,12,20,15,1,10/12/2022,2
39,Ohio,391205,0,0,2,0,17,BUTLER (17),5010,MIDDLETOWN,10,Octubre,8,2022,14,12,SR-122 ROOSEVELT BLVD,3,Highway estatal,Urbano,Arteria Principal,State Highway Agency,0,Sin jurisdiccion especial,90,39.50227222,-84.37915,Vehiculo en movimiento,Frente a frente,Not an Intersection,No fue interseccion,Sobre calle,Ninguna,Dia total,Despejado,No,NO APLICA,15,7,15,7,1,08/10/2022,3
39,Ohio,391206,0,0,2,0,17,BUTLER (17),5010,MIDDLETOWN,11,Noviembre,6,2022,16,15,CR-602 MANCHESTER RD,4,Calle del Condado,Urbano,Arteria Menor,County Highway Agency,0,Sin jurisdiccion especial,0,39.52505,-84.33861111,Vehiculo en movimiento,Angulo,Four-Way Intersection,Interseccion de 4 direcciones,Sobre calle,Ninguna,Dia total,Despejado,No,NO APLICA,16,16,16,19,1,06/11/2022,2
39,Ohio,391207,0,0,2,0,147,SENECA (147),8070,TIFFIN,12,Diciembre,3,2022,13,45,SR-18 MARKET ST,3,Highway estatal,Urbano,Arteria Menor,State Highway Agency,0,Sin jurisdiccion especial,130,41.11136111,-83.20351667,Vehiculo en movimiento,Angulo,Four-Way Intersection,Interseccion de 4 direcciones,Sobre calle,Ninguna,Dia total,Nublado,No,NO APLICA,13,47,13,51,1,03/12/2022,4
39,Ohio,391208,1,1,1,0,113,MONTGOMERY (113),3622,HUBER HEIGHTS,12,Diciembre,18,2022,7,8,SR-4 VALLEY PIKE,3,Highway estatal,Urbano,Arteria Principal,State Highway Agency,1,Sin jurisdiccion especial,235,39.84313056,-84.05901944,Peaton,El primer evento no fue una colision con un vehiculo automotor en transporte,Not an Intersection,No fue interseccion,Sobre calle,"Zona de trabajo, tipo desconocido",Oscuro sin iluminacion,Nublado,No,NO APLICA,7,10,7,11,1,18/12/2022,1
39,Ohio,391209,0,0,2,0,37,DARKE (37),0,NO APLICA,12,Diciembre,17,2022,20,39,US-127,2,US Highway,Urbano,Arteria Menor,State Highway Agency,0,Sin jurisdiccion especial,156,40.13601667,-84.60886667,Vehiculo en movimiento,Angulo,Four-Way Intersection,Interseccion de 4 direcciones,Sobre calle,Ninguna,Oscuro sin iluminacion,Nieve,No,NO APLICA,20,39,20,48,1,17/12/2022,5
39,Ohio,391210,0,0,1,0,85,LAKE (85),0,NO APLICA,12,Diciembre,14,2022,1,16,CR-22 MIDDLE RIDGE RD,4,Calle del Condado,Urbano,Colector Mayor,County Highway Agency,0,Sin jurisdiccion especial,0,41.78094167,-81.10984722,Arbol,El primer evento no fue una colision con un vehiculo automotor en transporte,Not an Intersection,No fue interseccion,Sobre el lado de la calle,Ninguna,Oscuro sin iluminacion,Nublado,No,NO APLICA,1,22,1,22,1,14/12/2022,1
39,Ohio,391211,0,0,1,0,145,SCIOTO (145),0,NO APLICA,12,Diciembre,8,2022,15,45,SR-73,3,Highway estatal,Rural,Colector Mayor,State Highway Agency,0,Sin jurisdiccion especial,150,38.80743611,-83.10019167,Acotamiento,El primer evento no fue una colision con un vehiculo automotor en transporte,Not an Intersection,No fue interseccion,Sobre el lado de la calle,Ninguna,Dia total,lluvia,No,NO APLICA,15,47,15,51,1,08/12/2022,1
39,Ohio,391212,1,1,1,0,153,SUMMIT (153),70,AKRON,12,Diciembre,22,2022,17,41,CR-627 EXCHANGE ST,4,Calle del Condado,Urbano,Arteria Menor,County Highway Agency,0,Sin jurisdiccion especial,0,41.07113889,-81.50676667,Peaton,El primer evento no fue una colision con un vehiculo automotor en transporte,Four-Way Intersection,Interseccion de 4 direcciones,Sobre calle,Ninguna,Oscuro con iluminacion,lluvia,No,NO APLICA,17,42,17,46,1,22/12/2022,1
39,Ohio,391213,0,0,1,0,99,MAHONING (99),9230,YOUNGSTOWN,11,Noviembre,13,2022,9,22,SR-711 DIVISION STREET EXPY,3,Highway estatal,Urbano,Arterial Principal -Freeway o ExpressWay,State Highway Agency,1,Sin jurisdiccion especial,3,41.11741111,-80.69601111,Barrera de Trafico de Concreto,El primer evento no fue una colision con un vehiculo automotor en transporte,Not an Intersection,No fue interseccion,Sobre el lado de la calle,Ninguna,Dia total,Nublado,No,NO APLICA,9,27,9,33,1,13/11/2022,2
39,Ohio,391214,0,0,2,0,109,MIAMI (109),8190,TROY,11,Noviembre,18,2022,14,27,SR-55 MARKET ST,3,Highway estatal,Urbano,Arteria Menor,State Highway Agency,0,Sin jurisdiccion especial,113,40.03564722,-84.20605278,Vehiculo en movimiento,Frente a frente,Not an Intersection,No fue interseccion,Sobre calle,Ninguna,Dia total,Nublado,No,NO APLICA,14,28,14,36,1,18/11/2022,5
39,Ohio,391215,1,1,1,0,113,MONTGOMERY (113),6990,RIVERSIDE,11,Noviembre,22,2022,1,59,BEATRICE RD,6,Calle Local Municipalidad,Urbano,Local,City or Municipal Highway Agency,0,Sin jurisdiccion especial,0,39.80318333,-84.14093611,Peaton,El primer evento no fue una colision con un vehiculo automotor en transporte,Not an Intersection,No fue interseccion,Sobre calle,Ninguna,Oscuro sin iluminacion,Despejado,No,NO APLICA,1,59,2,4,1,22/11/2022,1
39,Ohio,391216,0,0,1,0,45,FAIRFIELD (45),0,NO APLICA,11,Noviembre,30,2022,20,22,SR-158 LANCASTER KIRKERSVILLE,3,Highway estatal,Rural,Colector Mayor,State Highway Agency,0,Sin jurisdiccion especial,28,39.74870556,-82.61766667,Poste,El primer evento no fue una colision con un vehiculo automotor en transporte,Not an Intersection,No fue interseccion,Sobre el lado de la calle,Ninguna,Oscuro sin iluminacion,Despejado,No,NO APLICA,20,22,20,27,1,30/11/2022,1
39,Ohio,391217,0,0,2,0,61,HAMILTON (61),0,NO APLICA,12,Diciembre,6,2022,16,27,CR-96 SPRINGDALE RD,4,Calle del Condado,Urbano,Colector Mayor,County Highway Agency,0,Sin jurisdiccion especial,0,39.26605,-84.53494167,Vehiculo en movimiento,Frente a frente,Not an Intersection,No fue interseccion,Sobre calle,Ninguna,Dia total,Nublado,No,NO APLICA,16,35,16,41,1,06/12/2022,3