Estado,Nombre de Estado,Numero de Caso,Peatones,Personas _no_vehiculos,Vehiculos automotores,Vehiculos estacionados,Condado,Nombre Condado,Ciudad,Nombre Ciudad,Mes,Nombre Mes,Dia,Año,Hora,Minuto,Calle,Ruta,Nombre Ruta,Rural o Urbanoo,Sistema Funcional,Dueño Calle,Sistema Nacional Carreteras,Jurisdiccion Especial,Milla,Latitud,Longitud,Causa del Accidente,Tipo de Accidente,Tipo Interseccion,Columna1,Lugar en la calle,Zona de Trabajo,Luz,Clima,Autobus Escolar,Cruce de Trenes,Hora Notificacion,Minuto Notificacion,Hora Llegada,Minuto Llegada,Decesos,Fecha,PersonaVehiculo
39,Ohio,391218,0,0,1,0,99,MAHONING (99),9230,YOUNGSTOWN,12,Diciembre,1,2022,19,38,CR-18 MAHONING AV,4,Calle del Condado,Urbano,Arteria Menor,County Highway Agency,0,Sin jurisdiccion especial,0,41.1031,-80.7046,Banqueta,El primer evento no fue una colision con un vehiculo automotor en transporte,Not an Intersection,No fue interseccion,Sobre el lado de la calle,Ninguna,Oscuro con iluminacion,Despejado,No,NO APLICA,19,46,19,50,1,01/12/2022,2
39,Ohio,391219,0,0,2,0,35,CUYAHOGA (35),2520,EUCLID,12,Diciembre,30,2022,20,59,US-20 EUCLID AV,2,US Highway,Urbano,Arteria Principal,State Highway Agency,1,Sin jurisdiccion especial,284,41.57273889,-81.52524444,Vehiculo en movimiento,Angulo,Not an Intersection,No fue interseccion,Sobre calle,Ninguna,Oscuro con iluminacion,Despejado,No,NO APLICA,21,0,21,5,1,30/12/2022,3
39,Ohio,391220,1,1,1,0,23,CLARK (23),0,NO APLICA,11,Noviembre,25,2022,4,43,TR-214 BIRD  RD,5,Calle Local - Pueblo,Urbano,Arteria Menor,Town or Township Highway Agency,0,Sin jurisdiccion especial,0,39.92230556,-83.73892778,Peaton,El primer evento no fue una colision con un vehiculo automotor en transporte,Not an Intersection,No fue interseccion,Sobre calle,Ninguna,Oscuro sin iluminacion,Nublado,No,NO APLICA,88,88,88,88,1,25/11/2022,1
39,Ohio,391221,0,0,1,0,29,COLUMBIANA (29),0,NO APLICA,11,Noviembre,4,2022,16,19,SR-11 RIVER LAKE HWY,3,Highway estatal,Rural,Arterial Principal -Freeway o ExpressWay,State Highway Agency,1,Sin jurisdiccion especial,210,40.8431,-80.73266111,Otro objeto (fijo),El primer evento no fue una colision con un vehiculo automotor en transporte,Not an Intersection,No fue interseccion,En el medio,Ninguna,Dia total,Despejado,No,NO APLICA,17,11,17,11,1,04/11/2022,1
39,Ohio,391222,0,0,1,0,49,FRANKLIN (49),1800,COLUMBUS,8,Agosto,30,2022,4,27,CR-80 COOKE RD,4,Calle del Condado,Urbano,Colector Mayor,County Highway Agency,0,Sin jurisdiccion especial,0,40.04938611,-83.01547222,Animal vivo,El primer evento no fue una colision con un vehiculo automotor en transporte,Not an Intersection,No fue interseccion,Sobre calle,Ninguna,Oscuro con iluminacion,Nublado,No,NO APLICA,4,33,4,40,1,30/08/2022,1
39,Ohio,391223,0,0,1,0,153,SUMMIT (153),6909,RICHFIELD,12,Diciembre,25,2022,20,36,I-77 VIETNAM VETERANS MEM HWY,1,Interestatal,Urbano,Interestatal,State Highway Agency,1,Sin jurisdiccion especial,321,41.25671667,-81.63210278,Valla Ferrocarril,El primer evento no fue una colision con un vehiculo automotor en transporte,Not an Intersection,No fue interseccion,Sobre el lado de la calle,Ninguna,Oscuro con iluminacion,Despejado,No,NO APLICA,20,44,20,58,1,25/12/2022,2
39,Ohio,391224,0,0,2,0,155,TRUMBULL (155),0,NO APLICA,12,Diciembre,7,2022,18,22,US-62,2,US Highway,Urbano,Arteria Principal,State Highway Agency,1,Sin jurisdiccion especial,47,41.17402222,-80.56865556,Vehiculo en movimiento,Angulo,Four-Way Intersection,Interseccion de 4 direcciones,Sobre calle,Ninguna,Oscuro con iluminacion,Nublado,No,NO APLICA,18,20,18,27,1,07/12/2022,2
39,Ohio,391225,0,0,2,0,129,PICKAWAY (129),0,NO APLICA,12,Diciembre,15,2022,11,5,SR-104,3,Highway estatal,Rural,Colector Mayor,State Highway Agency,0,Sin jurisdiccion especial,77,39.61171111,-83.00606667,Vehiculo en movimiento,Angulo,Four-Way Intersection,Interseccion de 4 direcciones,Sobre calle,Ninguna,Dia total,Nublado,No,NO APLICA,11,16,11,31,1,15/12/2022,4
39,Ohio,391226,0,0,1,0,61,HAMILTON (61),6090,NORWOOD,12,Diciembre,31,2022,23,44,I-71,1,Interestatal,Urbano,Interestatal,State Highway Agency,1,Sin jurisdiccion especial,69,39.15173333,-84.44361944,Banqueta,El primer evento no fue una colision con un vehiculo automotor en transporte,Not an Intersection,No fue interseccion,Sobre el lado de la calle,Ninguna,Oscuro con iluminacion,Nublado,No,NO APLICA,23,44,23,52,1,31/12/2022,1
39,Ohio,391227,0,0,2,0,61,HAMILTON (61),0,NO APLICA,12,Diciembre,9,2022,8,35,CR-73 CHEVIOT RD,4,Calle del Condado,Urbano,Arteria Menor,County Highway Agency,0,Sin jurisdiccion especial,0,39.19455556,-84.599075,Vehiculo en movimiento,Angulo,T-Intersection,Interseccion de T,Sobre calle,Ninguna,Dia total,Despejado,No,NO APLICA,8,35,8,38,1,09/12/2022,4
39,Ohio,391228,1,1,1,0,61,HAMILTON (61),0,NO APLICA,11,Noviembre,14,2022,0,45,CR-358 CLOUGH PIKE,4,Calle del Condado,Urbano,Arteria Menor,County Highway Agency,0,Sin jurisdiccion especial,0,39.08778056,-84.31909444,Peaton,El primer evento no fue una colision con un vehiculo automotor en transporte,Not an Intersection,No fue interseccion,Sobre calle,Ninguna,Oscuro sin iluminacion,Despejado,No,NO APLICA,0,54,0,57,1,14/11/2022,1
39,Ohio,391229,0,0,1,0,155,TRUMBULL (155),5820,NEWTON FALLS,11,Noviembre,8,2022,18,54,CHURCH  ST,6,Calle Local Municipalidad,Urbano,Local,City or Municipal Highway Agency,0,Sin jurisdiccion especial,0,41.18719167,-80.98148611,Poste o otros soportes,El primer evento no fue una colision con un vehiculo automotor en transporte,Not an Intersection,No fue interseccion,Sobre el lado de la calle,Ninguna,Oscuro con iluminacion,Despejado,No,NO APLICA,18,28,18,30,1,08/11/2022,1
40,Oklahoma,400001,0,0,2,0,27,CLEVELAND (27),3550,OKLAHOMA CITY,1,Enero,2,2022,12,51,SW 104TH ST,6,Calle Local Municipalidad,Urbano,Arteria Menor,City or Municipal Highway Agency,0,Sin jurisdiccion especial,0,35.3631,-97.5781,Vehiculo en movimiento,Angulo,Not an Intersection,No fue interseccion,Sobre calle,Ninguna,Dia total,Despejado,No,NO APLICA,12,51,13,22,1,02/01/2022,3
40,Oklahoma,400002,0,0,1,0,121,PITTSBURG (121),0,NO APLICA,1,Enero,3,2022,8,14,CR-FRINK RD,4,Calle del Condado,Rural,Local,County Highway Agency,0,Sin jurisdiccion especial,0,34.8853,-95.7898,Vehiculo Ferrocarril,El primer evento no fue una colision con un vehiculo automotor en transporte,Not an Intersection,No fue interseccion,Sobre calle,Ninguna,Dia total,Despejado,No,413690V,99,98,99,98,1,03/01/2022,1
40,Oklahoma,400003,0,0,1,0,87,MCCLAIN (87),0,NO APLICA,1,Enero,3,2022,3,6,I-40,1,Interestatal,Rural,Interestatal,State Highway Agency,1,Sin jurisdiccion especial,0,35.1037,-97.4319,Volcadura,El primer evento no fue una colision con un vehiculo automotor en transporte,Not an Intersection,No fue interseccion,Sobre el lado de la calle,Ninguna,Oscuro sin iluminacion,Despejado,No,NO APLICA,99,99,99,99,2,03/01/2022,5
40,Oklahoma,400004,1,1,1,0,109,OKLAHOMA (109),3550,OKLAHOMA CITY,1,Enero,3,2022,21,47,NW 23RD ST,6,Calle Local Municipalidad,Urbano,Arteria Principal,City or Municipal Highway Agency,0,Sin jurisdiccion especial,0,35.4932,-97.5708,Peaton,El primer evento no fue una colision con un vehiculo automotor en transporte,Not an Intersection,No fue interseccion,Sobre calle,Ninguna,Oscuro con iluminacion,Despejado,No,NO APLICA,21,49,21,52,1,03/01/2022,2
40,Oklahoma,400005,0,0,1,0,5,ATOKA (5),0,NO APLICA,1,Enero,9,2022,2,50,CR-OLD HIGHWAY RD,4,Calle del Condado,Rural,Colector Menor,County Highway Agency,0,Sin jurisdiccion especial,0,34.2072,-96.2145,Arbol,El primer evento no fue una colision con un vehiculo automotor en transporte,Not an Intersection,No fue interseccion,Sobre el lado de la calle,Ninguna,Oscuro sin iluminacion,Neblina o Humo,No,NO APLICA,99,98,99,98,1,09/01/2022,1
40,Oklahoma,400006,0,0,2,0,35,CRAIG (35),0,NO APLICA,1,Enero,8,2022,18,51,US-60,2,US Highway,Rural,Arteria Principal,State Highway Agency,1,Sin jurisdiccion especial,94,36.6271,-95.0836,Vehiculo en movimiento,Frente a frente,Not an Intersection,No fue interseccion,Sobre calle,Ninguna,Oscuro sin iluminacion,Nublado,No,NO APLICA,18,50,19,1,1,08/01/2022,2
40,Oklahoma,400007,0,0,2,0,89,MCCURTAIN (89),0,NO APLICA,1,Enero,9,2022,9,30,SR-4,3,Highway estatal,Rural,Colector Mayor,State Highway Agency,0,Sin jurisdiccion especial,91,34.4317,-94.5109,Vehiculo en movimiento,Angulo,Not an Intersection,No fue interseccion,Sobre calle,Ninguna,Dia total,Nublado,No,NO APLICA,99,99,99,99,1,09/01/2022,9
40,Oklahoma,400008,0,0,1,0,101,MUSKOGEE (101),0,NO APLICA,1,Enero,12,2022,0,54,CR-214TH ST,4,Calle del Condado,Rural,Local,County Highway Agency,0,Sin jurisdiccion especial,0,35.7662,-95.7131,Arbol,El primer evento no fue una colision con un vehiculo automotor en transporte,Not an Intersection,No fue interseccion,Sobre el lado de la calle,Ninguna,Oscuro sin iluminacion,Despejado,No,NO APLICA,0,49,1,7,1,12/01/2022,1
40,Oklahoma,400009,1,1,1,0,109,OKLAHOMA (109),3550,OKLAHOMA CITY,1,Enero,10,2022,14,11,I-235 BROADWAY EXTENSION,1,Interestatal,Urbano,Interestatal,State Highway Agency,1,Sin jurisdiccion especial,0,35.6007,-97.503,Peaton,El primer evento no fue una colision con un vehiculo automotor en transporte,Not an Intersection,No fue interseccion,Sobre calle,Ninguna,Dia total,Despejado,No,NO APLICA,99,98,99,98,1,10/01/2022,1
40,Oklahoma,400010,0,0,1,0,17,CANADIAN (17),3550,OKLAHOMA CITY,1,Enero,12,2022,7,28,SR-4,3,Highway estatal,Rural,Arteria Principal,State Highway Agency,0,Sin jurisdiccion especial,0,35.35072778,-97.71526111,Volcadura,El primer evento no fue una colision con un vehiculo automotor en transporte,Not an Intersection,No fue interseccion,En el medio,Ninguna,Oscuro sin iluminacion,Despejado,No,NO APLICA,6,43,7,9,1,12/01/2022,1
40,Oklahoma,400011,0,0,2,0,131,ROGERS (131),0,NO APLICA,1,Enero,7,2022,16,3,SR-20,3,Highway estatal,Rural,Arteria Menor,State Highway Agency,0,Sin jurisdiccion especial,48,36.3198,-95.7259,Vehiculo en movimiento,Angulo,Not an Intersection,No fue interseccion,Sobre calle,Ninguna,Dia total,Despejado,No,NO APLICA,99,98,99,98,1,07/01/2022,2
40,Oklahoma,400012,0,0,3,0,109,OKLAHOMA (109),3550,OKLAHOMA CITY,1,Enero,19,2022,20,24,N BRYANT AVE,6,Calle Local Municipalidad,Urbano,Colector Mayor,City or Municipal Highway Agency,0,Sin jurisdiccion especial,0,35.48571111,-97.45917222,Vehiculo en movimiento,Frente a frente,Four-Way Intersection,Interseccion de 4 direcciones,Sobre calle,Ninguna,Oscuro sin iluminacion,Nublado,No,NO APLICA,20,25,20,28,1,19/01/2022,5
40,Oklahoma,400013,0,0,3,0,125,POTTAWATOMIE (125),0,NO APLICA,1,Enero,3,2022,16,55,SR-9A,3,Highway estatal,Rural,Colector Mayor,State Highway Agency,0,Sin jurisdiccion especial,32,35.1593,-96.8219,Vehiculo en movimiento,Frente a frente,Not an Intersection,No fue interseccion,Sobre calle,Ninguna,Atardecer,Despejado,No,NO APLICA,17,1,17,18,1,03/01/2022,8
40,Oklahoma,400014,0,0,3,0,109,OKLAHOMA (109),3550,OKLAHOMA CITY,1,Enero,4,2022,6,25,I-40,1,Interestatal,Urbano,Interestatal,State Highway Agency,1,Sin jurisdiccion especial,0,35.4602,-97.5897,Vehiculo en movimiento,Golpe Lateral - misma direccion,Not an Intersection,No fue interseccion,Sobre calle,Ninguna,Amanecer,Nublado,No,NO APLICA,99,98,99,98,1,04/01/2022,3
40,Oklahoma,400015,0,0,2,0,143,TULSA (143),4780,TULSA,1,Enero,22,2022,17,3,W 21ST ST S,6,Calle Local Municipalidad,Urbano,Arteria Principal,City or Municipal Highway Agency,0,Sin jurisdiccion especial,0,36.1335,-96.0472,Vehiculo en movimiento,Angulo,Four-Way Intersection,Interseccion de 4 direcciones,Sobre calle,Ninguna,Atardecer,Otro,No,NO APLICA,17,1,17,10,1,22/01/2022,3
40,Oklahoma,400016,0,0,2,0,79,LE FLORE (79),0,NO APLICA,1,Enero,24,2022,14,21,SR-63,3,Highway estatal,Rural,Colector Mayor,State Highway Agency,0,Sin jurisdiccion especial,249,34.6462,-94.6486,Vehiculo en movimiento,Angulo,Four-Way Intersection,Interseccion de 4 direcciones,Sobre calle,Ninguna,Dia total,Despejado,No,NO APLICA,99,99,99,99,1,24/01/2022,2
40,Oklahoma,400017,0,0,1,0,135,SEQUOYAH (135),0,NO APLICA,1,Enero,19,2022,18,14,CR-4750,4,Calle del Condado,Rural,Local,County Highway Agency,0,Sin jurisdiccion especial,0,35.4996,-94.5667,Arbol,El primer evento no fue una colision con un vehiculo automotor en transporte,Not an Intersection,No fue interseccion,Sobre el lado de la calle,Ninguna,Oscuro sin iluminacion,lluvia,No,NO APLICA,99,98,99,98,1,19/01/2022,1
40,Oklahoma,400018,0,0,2,0,145,WAGONER (145),0,NO APLICA,1,Enero,22,2022,15,2,CR-WHITEHORN COVE S 312 WAY,4,Calle del Condado,Rural,Colector Menor,County Highway Agency,0,Sin jurisdiccion especial,0,36.0029,-95.3194,Vehiculo en movimiento,Frente a frente,Not an Intersection,No fue interseccion,Sobre calle,Ninguna,Dia total,Despejado,No,NO APLICA,99,99,99,99,1,22/01/2022,3
40,Oklahoma,400019,0,0,2,0,109,OKLAHOMA (109),3550,OKLAHOMA CITY,1,Enero,12,2022,17,5,NW 10TH ST,6,Calle Local Municipalidad,Urbano,Arteria Menor,City or Municipal Highway Agency,0,Sin jurisdiccion especial,0,35.4788,-97.6359,Volcadura,El primer evento no fue una colision con un vehiculo automotor en transporte,Not an Intersection,No fue interseccion,Sobre calle,Ninguna,Atardecer,Despejado,No,NO APLICA,99,98,99,98,1,12/01/2022,2
40,Oklahoma,400020,0,0,5,0,109,OKLAHOMA (109),3550,OKLAHOMA CITY,1,Enero,13,2022,18,19,SR-74 LAKE HEFNER PARKWAY,3,Highway estatal,Urbano,Arterial Principal -Freeway o ExpressWay,State Highway Agency,1,Sin jurisdiccion especial,0,35.57,-97.5758,Vehiculo en movimiento,Angulo,Not an Intersection,No fue interseccion,Sobre calle,Ninguna,Oscuro sin iluminacion,Despejado,No,NO APLICA,99,98,99,98,1,13/01/2022,6
40,Oklahoma,400021,0,0,2,0,143,TULSA (143),4780,TULSA,1,Enero,17,2022,9,25,N MAIN ST,6,Calle Local Municipalidad,Urbano,Colector Mayor,City or Municipal Highway Agency,0,Sin jurisdiccion especial,0,36.1689,-95.9968,Vehiculo en movimiento,Angulo,Four-Way Intersection,Interseccion de 4 direcciones,Sobre calle,Ninguna,Dia total,Despejado,No,NO APLICA,9,31,9,40,1,17/01/2022,3
40,Oklahoma,400022,0,0,1,0,97,MAYES (97),0,NO APLICA,1,Enero,23,2022,16,30,CR-S432,4,Calle del Condado,Rural,Local,County Highway Agency,0,Sin jurisdiccion especial,0,36.1178,-95.3013,Barda,El primer evento no fue una colision con un vehiculo automotor en transporte,Not an Intersection,No fue interseccion,Sobre el lado de la calle,Ninguna,Dia total,Despejado,No,NO APLICA,16,31,16,51,1,23/01/2022,1
40,Oklahoma,400023,1,1,1,0,143,TULSA (143),4780,TULSA,1,Enero,27,2022,1,34,S LEWIS AVE,6,Calle Local Municipalidad,Urbano,Arteria Menor,City or Municipal Highway Agency,0,Sin jurisdiccion especial,0,36.0795,-95.958,Peaton,El primer evento no fue una colision con un vehiculo automotor en transporte,Not an Intersection,No fue interseccion,Sobre calle,Ninguna,Oscuro con iluminacion,Nublado,No,NO APLICA,99,98,99,98,1,27/01/2022,1
40,Oklahoma,400024,0,0,2,0,143,TULSA (143),4170,SAND SPRINGS,1,Enero,24,2022,13,5,SR-97,3,Highway estatal,Urbano,Arteria Principal,State Highway Agency,0,Sin jurisdiccion especial,0,36.1083,-96.1174,Vehiculo en movimiento,Angulo,Four-Way Intersection,Interseccion de 4 direcciones,Sobre calle,Ninguna,Dia total,Despejado,No,NO APLICA,13,8,13,57,1,24/01/2022,3
40,Oklahoma,400025,0,0,2,0,109,OKLAHOMA (109),3550,OKLAHOMA CITY,1,Enero,28,2022,2,9,I-35,1,Interestatal,Urbano,Interestatal,State Highway Agency,1,Sin jurisdiccion especial,0,35.5364,-97.4607,Vehiculo en movimiento,Frente a frente,Not an Intersection,No fue interseccion,Sobre calle,Ninguna,Oscuro con iluminacion,Despejado,No,NO APLICA,2,12,2,21,1,28/01/2022,2
40,Oklahoma,400026,0,0,1,0,61,HASKELL (61),0,NO APLICA,1,Enero,30,2022,11,55,CR-EW1280,4,Calle del Condado,Rural,Local,County Highway Agency,0,Sin jurisdiccion especial,0,35.1593,-95.1604,Acotamiento,El primer evento no fue una colision con un vehiculo automotor en transporte,Not an Intersection,No fue interseccion,Sobre el lado de la calle,Ninguna,Dia total,Despejado,No,NO APLICA,99,98,99,98,1,30/01/2022,1
40,Oklahoma,400027,0,0,2,0,143,TULSA (143),4780,TULSA,1,Enero,15,2022,1,15,E 21ST ST SOUTH,6,Calle Local Municipalidad,Urbano,Arteria Principal,City or Municipal Highway Agency,0,Sin jurisdiccion especial,0,36.1335,-95.869,Vehiculo en movimiento,Angulo,T-Intersection,Interseccion de T,Sobre calle,Ninguna,Oscuro con iluminacion,No reportado,No,NO APLICA,1,9,1,18,1,15/01/2022,3
40,Oklahoma,400028,0,0,1,0,101,MUSKOGEE (101),0,NO APLICA,1,Enero,22,2022,6,29,CR-OLD TAFT RD,4,Calle del Condado,Rural,Colector Mayor,County Highway Agency,0,Sin jurisdiccion especial,0,35.7615,-95.536,Volcadura,El primer evento no fue una colision con un vehiculo automotor en transporte,Not an Intersection,No fue interseccion,Sobre el lado de la calle,Ninguna,Oscuro sin iluminacion,Despejado,No,NO APLICA,6,36,7,5,1,22/01/2022,1
40,Oklahoma,400029,0,0,1,0,33,COTTON (33),0,NO APLICA,1,Enero,9,2022,11,24,SR-5,3,Highway estatal,Rural,Arteria Menor,State Highway Agency,0,Sin jurisdiccion especial,81,34.31849444,-98.31349444,Acotamiento,El primer evento no fue una colision con un vehiculo automotor en transporte,Not an Intersection,No fue interseccion,Sobre el lado de la calle,Ninguna,Dia total,Nublado,No,NO APLICA,88,88,88,88,1,09/01/2022,1
40,Oklahoma,400030,0,0,3,1,37,CREEK (37),0,NO APLICA,1,Enero,22,2022,14,13,SR-48,3,Highway estatal,Rural,Arteria Menor,State Highway Agency,0,Sin jurisdiccion especial,139,36.0757,-96.3873,Vehiculo en movimiento,Frente a Detrás,Four-Way Intersection,Interseccion de 4 direcciones,Sobre calle,Ninguna,Dia total,Despejado,No,NO APLICA,99,98,99,98,1,22/01/2022,2
40,Oklahoma,400031,1,1,2,0,143,TULSA (143),4780,TULSA,1,Enero,22,2022,6,35,N YALE AVE,6,Calle Local Municipalidad,Urbano,Arteria Menor,City or Municipal Highway Agency,0,Sin jurisdiccion especial,0,36.1677,-95.9225,Peaton,El primer evento no fue una colision con un vehiculo automotor en transporte,Not an Intersection,No fue interseccion,Sobre calle,Ninguna,Oscuro sin iluminacion,Despejado,No,NO APLICA,99,98,99,98,1,22/01/2022,2
40,Oklahoma,400032,0,0,2,0,103,NOBLE (103),0,NO APLICA,1,Enero,23,2022,19,17,I-35,1,Interestatal,Rural,Interestatal,State Highway Agency,1,Sin jurisdiccion especial,0,36.307,-97.3284,Vehiculo en movimiento,Frente a frente,Not an Intersection,No fue interseccion,Sobre calle,Ninguna,Oscuro sin iluminacion,Despejado,No,NO APLICA,99,99,99,99,1,23/01/2022,7
40,Oklahoma,400033,0,0,2,0,1,ADAIR (1),0,NO APLICA,1,Enero,25,2022,16,5,SR-51,3,Highway estatal,Rural,Colector Mayor,State Highway Agency,0,Sin jurisdiccion especial,62,35.8587,-94.7094,Vehiculo en movimiento,Angulo,T-Intersection,Interseccion de T,Sobre calle,Ninguna,Dia total,Despejado,No,NO APLICA,15,53,16,9,1,25/01/2022,2
40,Oklahoma,400034,0,0,2,0,135,SEQUOYAH (135),4160,SALLISAW,1,Enero,6,2022,19,20,US-59 S KERR BLVD,2,US Highway,Urbano,Arteria Principal,State Highway Agency,1,Sin jurisdiccion especial,0,35.43434722,-94.80571389,Banqueta,El primer evento no fue una colision con un vehiculo automotor en transporte,T-Intersection,Interseccion de T,Sobre el lado de la calle,Ninguna,Oscuro sin iluminacion,Despejado,No,NO APLICA,99,98,99,98,1,06/01/2022,2
40,Oklahoma,400035,1,1,1,0,81,LINCOLN (81),0,NO APLICA,2,Febrero,2,2022,0,25,I-44 TURNER TURNPIKE,1,Interestatal,Rural,Interestatal,State Highway Agency,1,Sin jurisdiccion especial,0,35.7695,-96.6218,Peaton,El primer evento no fue una colision con un vehiculo automotor en transporte,Not an Intersection,No fue interseccion,Sobre calle,Ninguna,Oscuro con iluminacion,lluvia,No,NO APLICA,99,98,99,98,1,02/02/2022,1
40,Oklahoma,400036,1,1,1,0,109,OKLAHOMA (109),3550,OKLAHOMA CITY,2,Febrero,8,2022,19,45,SW 59TH ST,6,Calle Local Municipalidad,Urbano,Arteria Principal,City or Municipal Highway Agency,0,Sin jurisdiccion especial,0,35.4062,-97.5509,Peaton,El primer evento no fue una colision con un vehiculo automotor en transporte,Not an Intersection,No fue interseccion,Sobre calle,Ninguna,Oscuro sin iluminacion,Despejado,No,NO APLICA,99,98,99,98,1,08/02/2022,5
40,Oklahoma,400037,0,0,2,0,65,JACKSON (65),0,NO APLICA,1,Enero,20,2022,13,55,US-283,2,US Highway,Rural,Arteria Menor,State Highway Agency,0,Sin jurisdiccion especial,34,34.479,-99.3334,Vehiculo en movimiento,Angulo,Four-Way Intersection,Interseccion de 4 direcciones,Sobre calle,Ninguna,Dia total,Nublado,No,NO APLICA,99,98,99,98,2,20/01/2022,3
40,Oklahoma,400038,0,0,2,0,97,MAYES (97),0,NO APLICA,1,Enero,28,2022,11,38,I-44,1,Interestatal,Rural,Interestatal,State Highway Agency,1,Sin jurisdiccion especial,0,36.4554,-95.3585,Valla Ferrocarril,El primer evento no fue una colision con un vehiculo automotor en transporte,Not an Intersection,No fue interseccion,Sobre el lado de la calle,Ninguna,Dia total,Despejado,No,NO APLICA,11,37,11,54,1,28/01/2022,3
40,Oklahoma,400039,0,0,1,0,17,CANADIAN (17),0,NO APLICA,2,Febrero,1,2022,16,15,US-270,2,US Highway,Rural,Colector Mayor,State Highway Agency,0,Sin jurisdiccion especial,75,35.6177,-98.1799,Culvert,El primer evento no fue una colision con un vehiculo automotor en transporte,Not an Intersection,No fue interseccion,Sobre el lado de la calle,Ninguna,Dia total,Despejado,No,NO APLICA,99,98,99,98,1,01/02/2022,1
40,Oklahoma,400040,0,0,1,0,19,CARTER (19),0,NO APLICA,2,Febrero,3,2022,16,38,I-35,1,Interestatal,Rural,Interestatal,State Highway Agency,1,Sin jurisdiccion especial,0,34.1171,-97.1544,Volcadura,El primer evento no fue una colision con un vehiculo automotor en transporte,Not an Intersection,No fue interseccion,Sobre el lado de la calle,Ninguna,Dia total,Nublado,No,NO APLICA,99,98,99,98,1,03/02/2022,2
40,Oklahoma,400041,0,0,2,0,109,OKLAHOMA (109),3550,OKLAHOMA CITY,2,Febrero,8,2022,1,55,I-44,1,Interestatal,Rural,Interestatal,State Highway Agency,1,Sin jurisdiccion especial,0,35.6052,-97.3941,Vehiculo en movimiento,Frente a frente,Not an Intersection,No fue interseccion,Sobre calle,Ninguna,Oscuro sin iluminacion,Despejado,No,NO APLICA,99,98,99,98,1,08/02/2022,2
40,Oklahoma,400042,0,0,1,0,133,SEMINOLE (133),0,NO APLICA,2,Febrero,8,2022,7,52,US-377,2,US Highway,Rural,Arteria Principal,State Highway Agency,1,Sin jurisdiccion especial,116,35.0574,-96.6805,Acotamiento,El primer evento no fue una colision con un vehiculo automotor en transporte,Not an Intersection,No fue interseccion,Sobre el lado de la calle,Ninguna,Dia total,Despejado,No,NO APLICA,99,98,99,98,1,08/02/2022,1
40,Oklahoma,400043,0,0,2,0,115,OTTAWA (115),0,NO APLICA,2,Febrero,9,2022,11,59,US-69A,2,US Highway,Rural,Arteria Menor,State Highway Agency,0,Sin jurisdiccion especial,0,36.9435,-94.8306,Vehiculo en movimiento,Angulo,T-Intersection,Interseccion de T,Sobre calle,Ninguna,Dia total,Despejado,No,NO APLICA,99,99,99,99,1,09/02/2022,4
40,Oklahoma,400044,0,0,2,0,123,PONTOTOC (123),0,NO APLICA,1,Enero,3,2022,14,17,CR-3RD,4,Calle del Condado,Rural,Local,County Highway Agency,0,Sin jurisdiccion especial,0,34.6987,-96.5826,Vehiculo en movimiento,Angulo,Four-Way Intersection,Interseccion de 4 direcciones,Sobre calle,Ninguna,Dia total,Despejado,No,NO APLICA,14,20,15,0,2,03/01/2022,2
40,Oklahoma,400045,0,1,6,1,81,LINCOLN (81),4530,STROUD,1,Enero,26,2022,22,35,I-44,1,Interestatal,Rural,Interestatal,State Highway Agency,1,Sin jurisdiccion especial,0,35.7692,-96.6227,Vehiculo en movimiento,Golpe Lateral - misma direccion,Not an Intersection,No fue interseccion,Sobre calle,Ninguna,Oscuro con iluminacion,Nublado,No,NO APLICA,22,50,23,8,2,26/01/2022,7
40,Oklahoma,400046,0,0,1,0,109,OKLAHOMA (109),3550,OKLAHOMA CITY,2,Febrero,7,2022,21,8,I-44,1,Interestatal,Urbano,Interestatal,State Highway Agency,1,Sin jurisdiccion especial,0,35.5105,-97.5758,Soporte de Puente,El primer evento no fue una colision con un vehiculo automotor en transporte,Not an Intersection,No fue interseccion,Sobre el lado de la calle,Ninguna,Oscuro con iluminacion,Despejado,No,NO APLICA,21,6,21,18,1,07/02/2022,1
40,Oklahoma,400047,0,0,2,0,143,TULSA (143),4780,TULSA,2,Febrero,8,2022,0,56,I-44,1,Interestatal,Urbano,Interestatal,State Highway Agency,1,Sin jurisdiccion especial,0,36.1034,-95.9111,Vehiculo en movimiento,Frente a Detrás,Not an Intersection,No fue interseccion,Sobre calle,Ninguna,Oscuro sin iluminacion,Despejado,No,NO APLICA,99,98,99,98,1,08/02/2022,3
40,Oklahoma,400048,0,0,4,0,71,KAY (71),4750,TONKAWA,1,Enero,4,2022,4,35,I-35,1,Interestatal,Rural,Interestatal,State Highway Agency,1,Sin jurisdiccion especial,0,36.6764,-97.3458,Barrera de Trafico de Concreto,El primer evento no fue una colision con un vehiculo automotor en transporte,Not an Intersection,No fue interseccion,Sobre el lado de la calle,Ninguna,Oscuro sin iluminacion,Nublado,No,NO APLICA,99,98,99,98,2,04/01/2022,6
40,Oklahoma,400049,0,0,2,0,123,PONTOTOC (123),0,NO APLICA,1,Enero,24,2022,8,3,SR-3,3,Highway estatal,Rural,Arteria Principal,State Highway Agency,1,Sin jurisdiccion especial,40,34.7039,-96.6067,Vehiculo en movimiento,Frente a frente,Not an Intersection,No fue interseccion,Sobre calle,Ninguna,Dia total,Despejado,No,NO APLICA,8,6,8,35,1,24/01/2022,3
40,Oklahoma,400050,0,0,3,0,83,LOGAN (83),0,NO APLICA,2,Febrero,11,2022,8,25,SR-33,3,Highway estatal,Urbano,Arteria Principal,State Highway Agency,0,Sin jurisdiccion especial,0,35.8714,-97.5496,Vehiculo en movimiento,Frente a Detrás,Four-Way Intersection,Interseccion de 4 direcciones,Sobre calle,Ninguna,Dia total,Despejado,No,NO APLICA,99,99,99,99,1,11/02/2022,3
40,Oklahoma,400051,0,0,1,0,81,LINCOLN (81),0,NO APLICA,2,Febrero,14,2022,21,15,SR-99,3,Highway estatal,Rural,Arteria Menor,State Highway Agency,0,Sin jurisdiccion especial,89,35.8794,-96.6641,Culvert,El primer evento no fue una colision con un vehiculo automotor en transporte,Not an Intersection,No fue interseccion,Sobre el lado de la calle,Ninguna,Oscuro sin iluminacion,Despejado,No,NO APLICA,99,98,99,98,1,14/02/2022,1