Estado,Nombre de Estado,Numero de Caso,Peatones,Personas _no_vehiculos,Vehiculos automotores,Vehiculos estacionados,Condado,Nombre Condado,Ciudad,Nombre Ciudad,Mes,Nombre Mes,Dia,Año,Hora,Minuto,Calle,Ruta,Nombre Ruta,Rural o Urbanoo,Sistema Funcional,Dueño Calle,Sistema Nacional Carreteras,Jurisdiccion Especial,Milla,Latitud,Longitud,Causa del Accidente,Tipo de Accidente,Tipo Interseccion,Columna1,Lugar en la calle,Zona de Trabajo,Luz,Clima,Autobus Escolar,Cruce de Trenes,Hora Notificacion,Minuto Notificacion,Hora Llegada,Minuto Llegada,Decesos,Fecha,PersonaVehiculo
40,Oklahoma,400052,0,0,2,0,115,OTTAWA (115),0,NO APLICA,1,Enero,31,2022,22,29,I-44,1,Interestatal,Rural,Interestatal,State Highway Agency,1,Sin jurisdiccion especial,0,36.9293,-94.7294,Vehiculo en movimiento,Angulo,Not an Intersection,No fue interseccion,Sobre calle,Ninguna,Oscuro sin iluminacion,Despejado,No,NO APLICA,99,98,99,98,1,31/01/2022,2
40,Oklahoma,400053,0,0,2,0,139,TEXAS (139),0,NO APLICA,2,Febrero,14,2022,16,45,SR-136,3,Highway estatal,Rural,Colector Mayor,State Highway Agency,0,Sin jurisdiccion especial,112,36.6428,-101.4749,Vehiculo en movimiento,Angulo,Not an Intersection,No fue interseccion,Sobre calle,Ninguna,Dia total,Despejado,No,NO APLICA,16,50,17,0,1,14/02/2022,2
40,Oklahoma,400054,0,0,1,0,143,TULSA (143),0,NO APLICA,2,Febrero,21,2022,22,59,CR-SOUTHWEST BLVD,4,Calle del Condado,Rural,Arteria Menor,County Highway Agency,0,Sin jurisdiccion especial,0,36.0776,-96.07,Poste,El primer evento no fue una colision con un vehiculo automotor en transporte,Not an Intersection,No fue interseccion,Sobre el lado de la calle,Ninguna,Oscuro sin iluminacion,lluvia,No,NO APLICA,22,53,23,12,2,21/02/2022,3
40,Oklahoma,400055,0,0,1,0,119,PAYNE (119),0,NO APLICA,1,Enero,10,2022,22,58,US-177,2,US Highway,Urbano,Arteria Principal,State Highway Agency,0,Sin jurisdiccion especial,75,36.0954,-97.0513,Zanja,El primer evento no fue una colision con un vehiculo automotor en transporte,Not an Intersection,No fue interseccion,Sobre el lado de la calle,Ninguna,Oscuro sin iluminacion,Despejado,No,NO APLICA,22,57,23,0,1,10/01/2022,2
40,Oklahoma,400056,0,0,2,0,19,CARTER (19),2140,HEALDTON,1,Enero,29,2022,10,24,SR-76,3,Highway estatal,Rural,Colector Mayor,State Highway Agency,0,Sin jurisdiccion especial,0,34.208,-97.4748,Final Destination ( Vehiculo es golpeado por carga o otro objeto puesto en movimiento por otro vehiculo en movimiento),Otro,Not an Intersection,No fue interseccion,Sobre calle,Ninguna,Dia total,Despejado,No,NO APLICA,99,99,99,99,1,29/01/2022,3
40,Oklahoma,400057,0,0,1,0,137,STEPHENS (137),0,NO APLICA,2,Febrero,13,2022,4,30,CR-N2720,4,Calle del Condado,Rural,Local,County Highway Agency,0,Sin jurisdiccion especial,0,34.4636,-98.1391,Volcadura,El primer evento no fue una colision con un vehiculo automotor en transporte,Not an Intersection,No fue interseccion,Sobre el lado de la calle,Ninguna,Oscuro sin iluminacion,Despejado,No,NO APLICA,99,99,99,99,1,13/02/2022,2
40,Oklahoma,400058,0,0,2,0,143,TULSA (143),4780,TULSA,1,Enero,31,2022,16,30,S HARVARD AVE,6,Calle Local Municipalidad,Urbano,Arteria Menor,City or Municipal Highway Agency,0,Sin jurisdiccion especial,0,36.1224,-95.9403,Vehiculo en movimiento,Angulo,Four-Way Intersection,Interseccion de 4 direcciones,Sobre calle,Ninguna,Dia total,Despejado,No,NO APLICA,99,99,99,99,1,31/01/2022,3
40,Oklahoma,400059,0,0,1,0,97,MAYES (97),0,NO APLICA,2,Febrero,25,2022,16,8,US-412A,2,US Highway,Rural,Colector Mayor,State Highway Agency,0,Sin jurisdiccion especial,92,36.2061,-95.1187,Poste de Señal de trafico,El primer evento no fue una colision con un vehiculo automotor en transporte,Not an Intersection,No fue interseccion,Sobre el lado de la calle,Ninguna,Dia total,Despejado,No,NO APLICA,99,98,99,98,1,25/02/2022,1
40,Oklahoma,400060,0,0,3,0,41,DELAWARE (41),0,NO APLICA,1,Enero,9,2022,14,15,US-59,2,US Highway,Rural,Arteria Menor,State Highway Agency,0,Sin jurisdiccion especial,156,36.388,-94.8168,Vehiculo en movimiento,Frente a frente,Not an Intersection,No fue interseccion,Sobre calle,Ninguna,Dia total,Nublado,No,NO APLICA,99,99,99,99,1,09/01/2022,3
40,Oklahoma,400061,0,0,2,0,143,TULSA (143),4780,TULSA,2,Febrero,1,2022,10,50,E 91ST ST S,6,Calle Local Municipalidad,Urbano,Arteria Menor,City or Municipal Highway Agency,0,Sin jurisdiccion especial,0,36.0319,-95.9368,Vehiculo en movimiento,Golpe Lateral - misma direccion,Not an Intersection,No fue interseccion,Sobre calle,Ninguna,Dia total,Nublado,No,NO APLICA,10,55,10,59,1,01/02/2022,3
40,Oklahoma,400062,1,1,4,0,135,SEQUOYAH (135),0,NO APLICA,2,Febrero,5,2022,23,37,US-64,2,US Highway,Rural,Colector Mayor,State Highway Agency,0,Sin jurisdiccion especial,218,35.39288056,-94.43346944,Vehiculo en movimiento,Angulo,Not an Intersection,No fue interseccion,Sobre calle,Ninguna,Oscuro sin iluminacion,Despejado,No,NO APLICA,99,99,99,99,1,05/02/2022,7
40,Oklahoma,400063,0,0,2,0,51,GRADY (51),0,NO APLICA,1,Enero,27,2022,20,45,SR-19,3,Highway estatal,Rural,Colector Mayor,State Highway Agency,0,Sin jurisdiccion especial,91,34.92625556,-97.81165556,Vehiculo en movimiento,Angulo,Four-Way Intersection,Interseccion de 4 direcciones,Sobre calle,Ninguna,Oscuro sin iluminacion,Nublado,No,NO APLICA,99,99,99,99,1,27/01/2022,2
40,Oklahoma,400064,0,0,2,0,109,OKLAHOMA (109),3550,OKLAHOMA CITY,3,Marzo,5,2022,23,15,SW 44TH ST,6,Calle Local Municipalidad,Urbano,Arteria Principal,City or Municipal Highway Agency,0,Sin jurisdiccion especial,0,35.42075278,-97.54117222,Volcadura,El primer evento no fue una colision con un vehiculo automotor en transporte,Not an Intersection,No fue interseccion,Sobre calle,Ninguna,Oscuro con iluminacion,Nublado,No,NO APLICA,23,20,23,26,1,05/03/2022,2
40,Oklahoma,400065,0,0,1,0,13,BRYAN (13),0,NO APLICA,2,Febrero,11,2022,9,10,CR-JACK RABBIT,4,Calle del Condado,Urbano,Local,County Highway Agency,0,Sin jurisdiccion especial,0,33.92661667,-96.46598889,Barda,El primer evento no fue una colision con un vehiculo automotor en transporte,Not an Intersection,No fue interseccion,Sobre el lado de la calle,Ninguna,Dia total,Despejado,No,NO APLICA,99,99,99,99,1,11/02/2022,4
40,Oklahoma,400066,0,0,1,0,37,CREEK (37),0,NO APLICA,2,Febrero,14,2022,6,29,I-44,1,Interestatal,Urbano,Interestatal,State Highway Agency,1,Sin jurisdiccion especial,0,36.0322,-96.0879,Volcadura,El primer evento no fue una colision con un vehiculo automotor en transporte,Not an Intersection,No fue interseccion,Sobre el lado de la calle,Construccion,Amanecer,Despejado,No,NO APLICA,99,98,99,98,1,14/02/2022,1
40,Oklahoma,400067,0,0,2,0,97,MAYES (97),0,NO APLICA,3,Marzo,10,2022,6,19,SR-20,3,Highway estatal,Rural,Arteria Menor,State Highway Agency,0,Sin jurisdiccion especial,29,36.3075,-95.3836,Vehiculo en movimiento,Frente a Detrás,Not an Intersection,No fue interseccion,Sobre calle,Ninguna,Oscuro sin iluminacion,Despejado,No,NO APLICA,6,18,6,32,1,10/03/2022,2
40,Oklahoma,400068,0,0,2,0,17,CANADIAN (17),3550,OKLAHOMA CITY,3,Marzo,10,2022,20,8,SR-4 MUSTANG RD,3,Highway estatal,Urbano,Arteria Principal,State Highway Agency,0,Sin jurisdiccion especial,0,35.42612222,-97.72466389,Vehiculo en movimiento,Frente a frente,T-Intersection,Interseccion de T,Sobre calle,Ninguna,Oscuro sin iluminacion,Nublado,No,NO APLICA,99,99,99,99,1,10/03/2022,2
40,Oklahoma,400069,1,1,1,0,37,CREEK (37),580,BRISTOW,3,Marzo,12,2022,21,24,I-44 TURNER TURNPIKE,1,Interestatal,Rural,Interestatal,State Highway Agency,1,Sin jurisdiccion especial,0,35.8932,-96.3233,Peaton,El primer evento no fue una colision con un vehiculo automotor en transporte,Not an Intersection,No fue interseccion,Sobre calle,Ninguna,Oscuro sin iluminacion,Despejado,No,NO APLICA,21,28,21,58,1,12/03/2022,1
40,Oklahoma,400070,0,0,1,0,119,PAYNE (119),0,NO APLICA,3,Marzo,12,2022,21,30,CR-104TH,4,Calle del Condado,Rural,Local,County Highway Agency,0,Sin jurisdiccion especial,0,35.9999,-97.1564,Arbol,El primer evento no fue una colision con un vehiculo automotor en transporte,Not an Intersection,No fue interseccion,Sobre el lado de la calle,Ninguna,Oscuro sin iluminacion,Despejado,No,NO APLICA,99,98,99,98,1,12/03/2022,1
40,Oklahoma,400071,0,0,1,0,59,HARPER (59),0,NO APLICA,3,Marzo,15,2022,18,45,CR-EW13,4,Calle del Condado,Rural,Local,County Highway Agency,0,Sin jurisdiccion especial,0,36.8272,-99.8002,Acotamiento,El primer evento no fue una colision con un vehiculo automotor en transporte,Not an Intersection,No fue interseccion,Sobre el lado de la calle,Ninguna,Dia total,Despejado,No,NO APLICA,99,98,99,98,1,15/03/2022,2
40,Oklahoma,400072,0,0,3,0,13,BRYAN (13),0,NO APLICA,3,Marzo,4,2022,12,23,CR-LEAVENWORTH TRAIL,4,Calle del Condado,Rural,Colector Mayor,County Highway Agency,0,Sin jurisdiccion especial,0,33.9413,-96.5005,Vehiculo en movimiento,Angulo,Not an Intersection,No fue interseccion,Sobre calle,Ninguna,Dia total,Nublado,No,NO APLICA,99,98,99,98,1,04/03/2022,4
40,Oklahoma,400074,0,0,1,0,119,PAYNE (119),0,NO APLICA,3,Marzo,2,2022,16,53,CR-56TH ST,4,Calle del Condado,Rural,Local,County Highway Agency,0,Sin jurisdiccion especial,0,36.0567,-96.9703,Fuego/Explosion,El primer evento no fue una colision con un vehiculo automotor en transporte,Not an Intersection,No fue interseccion,Sobre el lado de la calle,Ninguna,Dia total,Despejado,No,NO APLICA,99,98,99,98,1,02/03/2022,1
40,Oklahoma,400075,0,0,1,0,37,CREEK (37),580,BRISTOW,3,Marzo,20,2022,11,27,I-44,1,Interestatal,Rural,Interestatal,State Highway Agency,1,Sin jurisdiccion especial,0,36.0022,-96.1482,Barrera de Trafico de Concreto,El primer evento no fue una colision con un vehiculo automotor en transporte,Not an Intersection,No fue interseccion,En el medio,Ninguna,Dia total,Despejado,No,NO APLICA,11,30,11,44,1,20/03/2022,1
40,Oklahoma,400076,0,0,1,0,143,TULSA (143),4780,TULSA,3,Marzo,11,2022,4,8,US-169,2,US Highway,Urbano,Arteria Principal,State Highway Agency,1,Sin jurisdiccion especial,0,36.1003,-95.8594,Poste,El primer evento no fue una colision con un vehiculo automotor en transporte,Not an Intersection,No fue interseccion,Sobre el lado de la calle,Ninguna,Oscuro con iluminacion,Nieve,No,NO APLICA,99,99,99,99,1,11/03/2022,1
40,Oklahoma,400077,0,0,2,0,39,CUSTER (39),0,NO APLICA,2,Febrero,10,2022,16,35,I-40,1,Interestatal,Rural,Interestatal,State Highway Agency,1,Sin jurisdiccion especial,0,35.4802,-99.0771,Vehiculo en movimiento,Frente a Detrás,Not an Intersection,No fue interseccion,Sobre calle,Construccion,Dia total,Despejado,No,NO APLICA,99,98,99,98,1,10/02/2022,2
40,Oklahoma,400078,1,1,1,0,143,TULSA (143),4780,TULSA,3,Marzo,15,2022,21,10,E 31ST ST S,6,Calle Local Municipalidad,Urbano,Arteria Menor,City or Municipal Highway Agency,0,Sin jurisdiccion especial,0,36.1189,-95.8502,Peaton,El primer evento no fue una colision con un vehiculo automotor en transporte,Not an Intersection,No fue interseccion,Sobre calle,Ninguna,Oscuro con iluminacion,Despejado,No,NO APLICA,21,12,21,16,1,15/03/2022,1
40,Oklahoma,400079,0,1,2,1,73,KINGFISHER (73),0,NO APLICA,3,Marzo,10,2022,16,50,SR-51,3,Highway estatal,Rural,Colector Mayor,State Highway Agency,0,Sin jurisdiccion especial,32,36.1164,-97.8403,Vehiculo Funcionando,El primer evento no fue una colision con un vehiculo automotor en transporte,Not an Intersection,No fue interseccion,Sobre calle,"Zona de trabajo, tipo desconocido",Dia total,Nublado,No,NO APLICA,99,98,99,98,1,10/03/2022,1
40,Oklahoma,400080,0,0,2,0,7,BEAVER (7),0,NO APLICA,2,Febrero,27,2022,2,33,US-83,2,US Highway,Rural,Arteria Menor,State Highway Agency,0,Sin jurisdiccion especial,53,36.9845,-100.8745,Vehiculo en movimiento,Angulo,T-Intersection,Interseccion de T,Sobre calle,Ninguna,Oscuro sin iluminacion,Despejado,No,NO APLICA,99,99,99,99,3,27/02/2022,5
40,Oklahoma,400082,0,0,1,0,13,BRYAN (13),0,NO APLICA,3,Marzo,17,2022,16,45,US-70,2,US Highway,Urbano,Arteria Principal,State Highway Agency,1,Sin jurisdiccion especial,1,33.99814444,-96.30863056,Arbol,El primer evento no fue una colision con un vehiculo automotor en transporte,Not an Intersection,No fue interseccion,Sobre el lado de la calle,Ninguna,Dia total,Despejado,No,NO APLICA,99,98,99,98,1,17/03/2022,1
40,Oklahoma,400083,1,1,1,0,143,TULSA (143),4780,TULSA,3,Marzo,18,2022,21,3,S 101ST E AVE,6,Calle Local Municipalidad,Urbano,Arteria Menor,City or Municipal Highway Agency,0,Sin jurisdiccion especial,0,36.1323,-95.8646,Peaton,El primer evento no fue una colision con un vehiculo automotor en transporte,Not an Intersection,No fue interseccion,Sobre calle,Ninguna,Oscuro con iluminacion,Despejado,No,NO APLICA,20,48,20,52,1,18/03/2022,1
40,Oklahoma,400084,0,0,2,0,149,WASHITA (149),0,NO APLICA,3,Marzo,18,2022,10,53,SR-152,3,Highway estatal,Rural,Colector Mayor,State Highway Agency,0,Sin jurisdiccion especial,159,35.2912,-99.0834,Vehiculo en movimiento,Frente a frente,Not an Intersection,No fue interseccion,Sobre calle,Ninguna,Dia total,Vientos cruzados pero de los mamalones,No,NO APLICA,10,52,11,25,1,18/03/2022,2
40,Oklahoma,400085,0,0,1,0,143,TULSA (143),0,NO APLICA,3,Marzo,23,2022,10,15,CR-116TH ST N,4,Calle del Condado,Rural,Colector Mayor,County Highway Agency,0,Sin jurisdiccion especial,0,36.322,-95.9492,Culvert,El primer evento no fue una colision con un vehiculo automotor en transporte,Not an Intersection,No fue interseccion,Sobre el lado de la calle,Ninguna,Dia total,Nublado,No,NO APLICA,99,98,99,98,1,23/03/2022,1
40,Oklahoma,400086,0,0,1,0,91,MCINTOSH (91),0,NO APLICA,3,Marzo,25,2022,12,12,I-40,1,Interestatal,Rural,Interestatal,State Highway Agency,1,Sin jurisdiccion especial,0,35.4335,-95.81,Arbol,El primer evento no fue una colision con un vehiculo automotor en transporte,Not an Intersection,No fue interseccion,Sobre el lado de la calle,Ninguna,Dia total,Despejado,No,NO APLICA,13,5,13,12,1,25/03/2022,1
40,Oklahoma,400087,0,0,1,0,109,OKLAHOMA (109),3550,OKLAHOMA CITY,3,Marzo,11,2022,16,25,N KELLY AVE,6,Calle Local Municipalidad,Urbano,Arteria Menor,City or Municipal Highway Agency,0,Sin jurisdiccion especial,0,35.55236944,-97.49453889,Otro objeto (no fijo),El primer evento no fue una colision con un vehiculo automotor en transporte,Not an Intersection,No fue interseccion,Sobre el lado de la calle,"Zona de trabajo, tipo desconocido",Dia total,Nublado,No,NO APLICA,16,28,16,35,1,11/03/2022,1
40,Oklahoma,400088,1,1,1,0,27,CLEVELAND (27),3550,OKLAHOMA CITY,3,Marzo,14,2022,16,45,SW 149TH ST,6,Calle Local Municipalidad,Urbano,Arteria Menor,City or Municipal Highway Agency,0,Sin jurisdiccion especial,0,35.31973333,-97.51942222,Ciclista,El primer evento no fue una colision con un vehiculo automotor en transporte,Four-Way Intersection,Interseccion de 4 direcciones,Sobre calle,Ninguna,Dia total,Despejado,No,NO APLICA,99,99,99,99,1,14/03/2022,1
40,Oklahoma,400089,2,2,1,0,109,OKLAHOMA (109),3550,OKLAHOMA CITY,3,Marzo,17,2022,18,20,NW 10TH ST,6,Calle Local Municipalidad,Urbano,Arteria Menor,City or Municipal Highway Agency,0,Sin jurisdiccion especial,0,35.47866389,-97.584425,Peaton,El primer evento no fue una colision con un vehiculo automotor en transporte,Not an Intersection,No fue interseccion,Sobre el lado de la calle,Ninguna,Dia total,Nublado,No,NO APLICA,99,98,99,98,2,17/03/2022,1
40,Oklahoma,400090,0,0,3,0,41,DELAWARE (41),0,NO APLICA,3,Marzo,19,2022,17,56,US-59,2,US Highway,Urbano,Arteria Principal,State Highway Agency,0,Sin jurisdiccion especial,112,36.5521,-94.7735,Vehiculo en movimiento,Golpe Lateral - misma direccion,Not an Intersection,No fue interseccion,Sobre calle,Ninguna,Dia total,Despejado,No,NO APLICA,17,59,18,55,1,19/03/2022,7
40,Oklahoma,400091,0,0,2,0,109,OKLAHOMA (109),3550,OKLAHOMA CITY,3,Marzo,25,2022,14,11,NW 10TH ST,6,Calle Local Municipalidad,Urbano,Arteria Menor,City or Municipal Highway Agency,0,Sin jurisdiccion especial,0,35.47881944,-97.66280556,Vehiculo en movimiento,Otro,T-Intersection,Interseccion de T,Sobre calle,Ninguna,Dia total,Despejado,No,NO APLICA,99,98,99,98,1,25/03/2022,2
40,Oklahoma,400092,1,1,4,0,143,TULSA (143),4780,TULSA,3,Marzo,26,2022,23,27,E 11TH ST,6,Calle Local Municipalidad,Urbano,Arteria Menor,City or Municipal Highway Agency,0,Sin jurisdiccion especial,0,36.1479,-95.8571,Peaton,El primer evento no fue una colision con un vehiculo automotor en transporte,Not an Intersection,No fue interseccion,Sobre calle,Ninguna,Oscuro sin iluminacion,Despejado,No,NO APLICA,99,98,99,98,1,26/03/2022,5
40,Oklahoma,400093,0,0,2,0,119,PAYNE (119),0,NO APLICA,2,Febrero,20,2022,3,19,US-177,2,US Highway,Rural,Arteria Principal,State Highway Agency,0,Sin jurisdiccion especial,84,36.2247,-97.07,Vehiculo en movimiento,Frente a frente,Not an Intersection,No fue interseccion,Sobre calle,Ninguna,Oscuro sin iluminacion,Despejado,No,NO APLICA,99,99,99,99,1,20/02/2022,2
40,Oklahoma,400094,0,0,1,0,113,OSAGE (113),0,NO APLICA,2,Febrero,21,2022,99,99,CR-4070,4,Calle del Condado,Rural,Colector Menor,County Highway Agency,0,Sin jurisdiccion especial,0,36.6953,-96.3661,Puente de Ferrocarril,El primer evento no fue una colision con un vehiculo automotor en transporte,Not an Intersection,No fue interseccion,Sobre el lado de la calle,Ninguna,Oscuro sin iluminacion,Despejado,No,NO APLICA,99,98,99,98,1,21/02/2022,3
40,Oklahoma,400095,1,1,1,0,109,OKLAHOMA (109),3550,OKLAHOMA CITY,3,Marzo,21,2022,6,39,US-62 NE 23RD ST,2,US Highway,Urbano,Arteria Principal,State Highway Agency,0,Sin jurisdiccion especial,0,35.4932,-97.4344,Peaton,El primer evento no fue una colision con un vehiculo automotor en transporte,Not an Intersection,No fue interseccion,Sobre calle,Ninguna,Oscuro sin iluminacion,Nublado,No,NO APLICA,99,98,99,98,1,21/03/2022,1
40,Oklahoma,400096,0,0,1,0,109,OKLAHOMA (109),1480,EDMOND,2,Febrero,18,2022,6,4,S BRYANT AVE,6,Calle Local Municipalidad,Urbano,Arteria Menor,City or Municipal Highway Agency,0,Sin jurisdiccion especial,0,35.64064722,-97.46034444,Banqueta,El primer evento no fue una colision con un vehiculo automotor en transporte,Not an Intersection,No fue interseccion,Sobre el lado de la calle,Ninguna,Oscuro sin iluminacion,Despejado,No,NO APLICA,99,98,99,98,1,18/02/2022,1
40,Oklahoma,400097,0,0,1,0,23,CHOCTAW (23),0,NO APLICA,1,Enero,3,2022,23,45,US-70,2,US Highway,Rural,Arteria Principal,State Highway Agency,1,Sin jurisdiccion especial,160,34.021,-95.2117,Suelo,El primer evento no fue una colision con un vehiculo automotor en transporte,Not an Intersection,No fue interseccion,Sobre el lado de la calle,Ninguna,Oscuro sin iluminacion,Despejado,No,NO APLICA,99,99,99,99,1,03/01/2022,1
40,Oklahoma,400098,1,1,1,0,111,OKMULGEE (111),0,NO APLICA,3,Marzo,21,2022,10,31,CR-N230,4,Calle del Condado,Rural,Local,County Highway Agency,0,Sin jurisdiccion especial,0,35.7151,-95.9564,Peaton,El primer evento no fue una colision con un vehiculo automotor en transporte,Not an Intersection,No fue interseccion,Sobre calle,Ninguna,Dia total,Nublado,No,NO APLICA,99,99,99,99,1,21/03/2022,0
40,Oklahoma,400099,0,0,2,0,9,BECKHAM (9),1510,ELK CITY,3,Marzo,1,2022,15,5,CR-E1160,4,Calle del Condado,Rural,Local,County Highway Agency,0,Sin jurisdiccion especial,0,35.33486111,-99.52341944,Vehiculo en movimiento,Angulo,Four-Way Intersection,Interseccion de 4 direcciones,Sobre calle,Ninguna,Dia total,Despejado,No,NO APLICA,99,99,99,99,1,01/03/2022,2
40,Oklahoma,400100,0,0,2,0,89,MCCURTAIN (89),0,NO APLICA,3,Marzo,2,2022,13,51,US-259,2,US Highway,Rural,Arteria Principal,State Highway Agency,1,Sin jurisdiccion especial,48,33.7643,-94.7292,Vehiculo en movimiento,Frente a frente,Not an Intersection,No fue interseccion,Sobre calle,Ninguna,Dia total,Despejado,No,NO APLICA,99,98,99,98,1,02/03/2022,2
40,Oklahoma,400101,0,0,2,0,69,JOHNSTON (69),4740,TISHOMINGO,3,Marzo,22,2022,12,19,US-377,2,US Highway,Rural,Arteria Menor,State Highway Agency,0,Sin jurisdiccion especial,0,34.2389,-96.6953,Vehiculo en movimiento,Angulo,Four-Way Intersection,Interseccion de 4 direcciones,Sobre calle,Ninguna,Dia total,Nublado,No,NO APLICA,12,24,12,26,6,22/03/2022,7
40,Oklahoma,400102,0,0,1,0,79,LE FLORE (79),0,NO APLICA,3,Marzo,26,2022,17,58,US-259,2,US Highway,Rural,Arteria Principal,State Highway Agency,0,Sin jurisdiccion especial,126,34.6163,-94.6356,Volcadura,El primer evento no fue una colision con un vehiculo automotor en transporte,Not an Intersection,No fue interseccion,Sobre el lado de la calle,Ninguna,Dia total,Despejado,No,NO APLICA,99,99,99,99,1,26/03/2022,2
40,Oklahoma,400103,1,1,1,0,143,TULSA (143),4780,TULSA,3,Marzo,28,2022,21,57,E 41ST ST,6,Calle Local Municipalidad,Urbano,Arteria Menor,City or Municipal Highway Agency,0,Sin jurisdiccion especial,0,36.1045,-95.8539,Peaton,El primer evento no fue una colision con un vehiculo automotor en transporte,Not an Intersection,No fue interseccion,Sobre calle,Ninguna,Oscuro sin iluminacion,Despejado,No,NO APLICA,21,56,22,7,1,28/03/2022,6
40,Oklahoma,400104,0,0,2,0,41,DELAWARE (41),0,NO APLICA,3,Marzo,29,2022,16,18,SR-20,3,Highway estatal,Rural,Arteria Menor,State Highway Agency,0,Sin jurisdiccion especial,162,36.4956,-94.618,Vehiculo en movimiento,Angulo,T-Intersection,Interseccion de T,Sobre calle,Ninguna,Dia total,Despejado,No,NO APLICA,99,98,99,98,1,29/03/2022,2
40,Oklahoma,400105,0,0,1,0,119,PAYNE (119),0,NO APLICA,3,Marzo,2,2022,8,50,CR-JARDON,4,Calle del Condado,Urbano,Arteria Menor,County Highway Agency,0,Sin jurisdiccion especial,0,36.1544,-97.0338,Puente de Ferrocarril,El primer evento no fue una colision con un vehiculo automotor en transporte,Not an Intersection,No fue interseccion,Sobre el lado de la calle,Ninguna,Dia total,Despejado,No,NO APLICA,8,48,8,55,1,02/03/2022,2
40,Oklahoma,400106,0,0,2,0,143,TULSA (143),4780,TULSA,3,Marzo,26,2022,2,0,S LEWIS AVE,6,Calle Local Municipalidad,Urbano,Arteria Menor,City or Municipal Highway Agency,0,Sin jurisdiccion especial,0,36.14792778,-95.95825833,Vehiculo en movimiento,Frente a Detrás,Four-Way Intersection,Interseccion de 4 direcciones,Sobre calle,Construccion,Oscuro con iluminacion,Despejado,No,NO APLICA,1,43,1,53,1,26/03/2022,3
40,Oklahoma,400107,0,0,1,0,143,TULSA (143),4780,TULSA,4,Abril,6,2022,0,34,US-75,2,US Highway,Urbano,Arteria Principal,State Highway Agency,1,Sin jurisdiccion especial,0,36.1849,-95.9613,Barda,El primer evento no fue una colision con un vehiculo automotor en transporte,Not an Intersection,No fue interseccion,Sobre el lado de la calle,Ninguna,Oscuro con iluminacion,Despejado,No,NO APLICA,99,99,99,99,1,06/04/2022,1
40,Oklahoma,400108,0,0,2,0,27,CLEVELAND (27),3550,OKLAHOMA CITY,3,Marzo,31,2022,15,27,SR-77H S SOONER RD,3,Highway estatal,Rural,Colector Mayor,State Highway Agency,0,Sin jurisdiccion especial,0,35.33428056,-97.42463889,Vehiculo en movimiento,Angulo,Four-Way Intersection,Interseccion de 4 direcciones,Sobre calle,Ninguna,Dia total,Nublado,No,NO APLICA,99,99,99,99,1,31/03/2022,2
40,Oklahoma,400109,0,0,1,0,133,SEMINOLE (133),0,NO APLICA,4,Abril,3,2022,99,99,CR-NS3500,4,Calle del Condado,Rural,Local,County Highway Agency,0,Sin jurisdiccion especial,0,34.9951,-96.7754,Arbol,El primer evento no fue una colision con un vehiculo automotor en transporte,Not an Intersection,No fue interseccion,Sobre el lado de la calle,Ninguna,Reportada como desconocida,Despejado,No,NO APLICA,99,98,99,98,1,03/04/2022,1
40,Oklahoma,400110,1,1,1,0,101,MUSKOGEE (101),0,NO APLICA,4,Abril,4,2022,4,54,US-62 SR-16,2,US Highway,Rural,Arteria Principal,State Highway Agency,0,Sin jurisdiccion especial,98,35.7457,-95.469,Peaton,El primer evento no fue una colision con un vehiculo automotor en transporte,Not an Intersection,No fue interseccion,Sobre calle,Ninguna,Oscuro sin iluminacion,lluvia,No,NO APLICA,5,58,6,3,1,04/04/2022,1
40,Oklahoma,400111,0,0,2,0,137,STEPHENS (137),0,NO APLICA,4,Abril,4,2022,16,3,CR-CAMELBACK RD,4,Calle del Condado,Rural,Local,County Highway Agency,0,Sin jurisdiccion especial,0,34.5507,-98.0508,Vehiculo en movimiento,Angulo,Not an Intersection,No fue interseccion,Sobre Acotamiento,Ninguna,Dia total,Nublado,No,NO APLICA,99,98,99,98,1,04/04/2022,2
40,Oklahoma,400113,0,0,1,0,41,DELAWARE (41),0,NO APLICA,4,Abril,10,2022,18,7,US-412A,2,US Highway,Rural,Colector Mayor,State Highway Agency,0,Sin jurisdiccion especial,17,36.2197,-94.9813,Volcadura,El primer evento no fue una colision con un vehiculo automotor en transporte,Not an Intersection,No fue interseccion,Sobre Acotamiento,Ninguna,Dia total,Nublado,No,NO APLICA,99,98,99,98,1,10/04/2022,1
40,Oklahoma,400114,0,0,2,0,21,CHEROKEE (21),0,NO APLICA,4,Abril,14,2022,20,5,CR-710,4,Calle del Condado,Rural,Colector Mayor,County Highway Agency,0,Sin jurisdiccion especial,0,35.9877,-95.1495,Vehiculo en movimiento,Frente a frente,Not an Intersection,No fue interseccion,Sobre calle,Ninguna,Atardecer,Despejado,No,NO APLICA,99,99,99,99,1,14/04/2022,2
40,Oklahoma,400115,0,0,1,0,31,COMANCHE (31),0,NO APLICA,4,Abril,12,2022,9,56,SR-17,3,Highway estatal,Rural,Colector Mayor,State Highway Agency,0,Sin jurisdiccion especial,38,34.7626,-98.2348,Barda,El primer evento no fue una colision con un vehiculo automotor en transporte,Not an Intersection,No fue interseccion,Sobre el lado de la calle,Ninguna,Dia total,Despejado,No,NO APLICA,99,98,99,98,1,12/04/2022,2
40,Oklahoma,400116,0,0,1,0,103,NOBLE (103),0,NO APLICA,4,Abril,16,2022,17,33,I-35,1,Interestatal,Rural,Interestatal,State Highway Agency,1,Sin jurisdiccion especial,0,36.5543,-97.3454,Volcadura,El primer evento no fue una colision con un vehiculo automotor en transporte,Not an Intersection,No fue interseccion,Sobre el lado de la calle,Ninguna,Dia total,Despejado,No,NO APLICA,99,98,99,98,2,16/04/2022,2
40,Oklahoma,400117,0,0,1,0,115,OTTAWA (115),0,NO APLICA,4,Abril,23,2022,1,6,SR-69A,3,Highway estatal,Rural,Arteria Menor,State Highway Agency,0,Sin jurisdiccion especial,6,36.8794,-94.8455,Barda,El primer evento no fue una colision con un vehiculo automotor en transporte,Not an Intersection,No fue interseccion,Fuera de la calle,Ninguna,Oscuro sin iluminacion,Despejado,No,NO APLICA,1,11,1,35,1,23/04/2022,1