Estado,Nombre de Estado,Numero de Caso,Peatones,Personas _no_vehiculos,Vehiculos automotores,Vehiculos estacionados,Condado,Nombre Condado,Ciudad,Nombre Ciudad,Mes,Nombre Mes,Dia,Año,Hora,Minuto,Calle,Ruta,Nombre Ruta,Rural o Urbanoo,Sistema Funcional,Dueño Calle,Sistema Nacional Carreteras,Jurisdiccion Especial,Milla,Latitud,Longitud,Causa del Accidente,Tipo de Accidente,Tipo Interseccion,Columna1,Lugar en la calle,Zona de Trabajo,Luz,Clima,Autobus Escolar,Cruce de Trenes,Hora Notificacion,Minuto Notificacion,Hora Llegada,Minuto Llegada,Decesos,Fecha,PersonaVehiculo
40,Oklahoma,400118,0,0,1,0,137,STEPHENS (137),0,NO APLICA,4,Abril,1,2022,14,45,SR-29,3,Highway estatal,Rural,Arteria Menor,State Highway Agency,0,Sin jurisdiccion especial,187,34.63769167,-97.63401389,Volcadura,El primer evento no fue una colision con un vehiculo automotor en transporte,Not an Intersection,No fue interseccion,Sobre el lado de la calle,Ninguna,Dia total,Nublado,No,NO APLICA,99,98,99,98,1,01/04/2022,1
40,Oklahoma,400119,1,1,1,0,27,CLEVELAND (27),3430,NORMAN,4,Abril,8,2022,22,54,I-35,1,Interestatal,Urbano,Interestatal,State Highway Agency,1,Sin jurisdiccion especial,0,35.197,-97.4825,Peaton,El primer evento no fue una colision con un vehiculo automotor en transporte,Not an Intersection,No fue interseccion,Sobre calle,Ninguna,Oscuro sin iluminacion,Despejado,No,NO APLICA,99,98,99,98,1,08/04/2022,1
40,Oklahoma,400120,1,1,1,0,131,ROGERS (131),0,NO APLICA,4,Abril,18,2022,17,12,SR-20,3,Highway estatal,Rural,Arteria Menor,State Highway Agency,0,Sin jurisdiccion especial,98,36.3073,-95.4413,Peaton,El primer evento no fue una colision con un vehiculo automotor en transporte,Not an Intersection,No fue interseccion,Sobre calle,Ninguna,Dia total,Despejado,No,NO APLICA,99,98,99,98,1,18/04/2022,1
40,Oklahoma,400121,0,0,2,0,143,TULSA (143),4780,TULSA,4,Abril,20,2022,8,0,E 46TH ST N,6,Calle Local Municipalidad,Urbano,Arteria Menor,City or Municipal Highway Agency,0,Sin jurisdiccion especial,0,36.2205,-95.9674,Vehiculo en movimiento,Angulo,Not an Intersection,No fue interseccion,Sobre calle,Ninguna,Dia total,lluvia,No,NO APLICA,8,3,8,14,1,20/04/2022,3
40,Oklahoma,400122,0,0,2,0,143,TULSA (143),4780,TULSA,4,Abril,19,2022,13,47,US-64 E 167TH ST S,2,US Highway,Urbano,Arteria Principal,State Highway Agency,0,Sin jurisdiccion especial,0,35.9208,-95.7983,Vehiculo en movimiento,Angulo,Not an Intersection,No fue interseccion,Sobre Acotamiento,Ninguna,Dia total,Nublado,No,NO APLICA,99,99,99,99,2,19/04/2022,2
40,Oklahoma,400123,0,0,1,0,51,GRADY (51),0,NO APLICA,4,Abril,30,2022,21,45,US-62,2,US Highway,Rural,Arteria Menor,State Highway Agency,0,Sin jurisdiccion especial,104,35.1245,-97.6732,Zanja,El primer evento no fue una colision con un vehiculo automotor en transporte,Not an Intersection,No fue interseccion,Sobre el lado de la calle,Ninguna,Oscuro sin iluminacion,Despejado,No,NO APLICA,99,98,99,98,1,30/04/2022,1
40,Oklahoma,400124,0,0,1,0,143,TULSA (143),400,BIXBY,5,Mayo,1,2022,0,17,S GARNETT RD,6,Calle Local Municipalidad,Urbano,Arteria Menor,City or Municipal Highway Agency,0,Sin jurisdiccion especial,0,35.9934,-95.8517,Arbol,El primer evento no fue una colision con un vehiculo automotor en transporte,Not an Intersection,No fue interseccion,Sobre el lado de la calle,Ninguna,Oscuro sin iluminacion,Despejado,No,NO APLICA,99,98,99,98,1,01/05/2022,1
40,Oklahoma,400125,0,0,1,0,7,BEAVER (7),0,NO APLICA,5,Mayo,1,2022,0,20,US-270,2,US Highway,Rural,Colector Mayor,State Highway Agency,0,Sin jurisdiccion especial,286,36.6161,-100.0097,Poste o otros soportes,El primer evento no fue una colision con un vehiculo automotor en transporte,Not an Intersection,No fue interseccion,Sobre el lado de la calle,Ninguna,Oscuro sin iluminacion,Despejado,No,NO APLICA,99,98,99,98,1,01/05/2022,1
40,Oklahoma,400126,0,0,2,0,145,WAGONER (145),0,NO APLICA,5,Mayo,1,2022,0,28,MUSKOGEE TURNPIKE,8,Otro,Rural,Arteria Principal,State Toll Road,1,Sin jurisdiccion especial,0,35.987,-95.622,Vehiculo en movimiento,Frente a Detrás,Not an Intersection,No fue interseccion,Sobre calle,Ninguna,Oscuro sin iluminacion,Despejado,No,NO APLICA,99,98,99,98,1,01/05/2022,2
40,Oklahoma,400127,1,1,3,0,119,PAYNE (119),0,NO APLICA,4,Abril,25,2022,11,14,US-177 S PERKINS RD,2,US Highway,Urbano,Arteria Principal,State Highway Agency,0,Sin jurisdiccion especial,75,36.0945,-97.0514,Vehiculo en movimiento,Frente a Detrás,Not an Intersection,No fue interseccion,Sobre calle,Ninguna,Dia total,Despejado,No,NO APLICA,99,98,99,98,1,25/04/2022,1
40,Oklahoma,400128,1,1,1,0,109,OKLAHOMA (109),3550,OKLAHOMA CITY,4,Abril,10,2022,0,42,EXCHANGE AVE,6,Calle Local Municipalidad,Urbano,Local,City or Municipal Highway Agency,0,Sin jurisdiccion especial,0,35.45287222,-97.55124722,Peaton,El primer evento no fue una colision con un vehiculo automotor en transporte,Not an Intersection,No fue interseccion,Sobre calle,Ninguna,Oscuro con iluminacion,Nublado,No,NO APLICA,99,98,99,98,1,10/04/2022,1
40,Oklahoma,400129,2,2,1,0,109,OKLAHOMA (109),3550,OKLAHOMA CITY,4,Abril,19,2022,21,15,SE 66TH ST,6,Calle Local Municipalidad,Urbano,Local,City or Municipal Highway Agency,0,Sin jurisdiccion especial,0,35.39898333,-97.50429167,Peaton,El primer evento no fue una colision con un vehiculo automotor en transporte,Not an Intersection,No fue interseccion,Sobre calle,Ninguna,Oscuro sin iluminacion,Nublado,No,NO APLICA,21,16,21,19,1,19/04/2022,1
40,Oklahoma,400130,0,0,2,0,81,LINCOLN (81),0,NO APLICA,4,Abril,22,2022,13,47,US-62,2,US Highway,Rural,Colector Mayor,State Highway Agency,0,Sin jurisdiccion especial,133,35.4918,-96.6653,Vehiculo en movimiento,Frente a frente,Not an Intersection,No fue interseccion,Sobre calle,Ninguna,Dia total,Nublado,No,NO APLICA,99,99,99,99,2,22/04/2022,3
40,Oklahoma,400131,0,0,1,0,49,GARVIN (49),0,NO APLICA,5,Mayo,7,2022,13,42,SR-74,3,Highway estatal,Rural,Colector Mayor,State Highway Agency,0,Sin jurisdiccion especial,0,34.6391,-97.3994,Zanja,El primer evento no fue una colision con un vehiculo automotor en transporte,Not an Intersection,No fue interseccion,Sobre el lado de la calle,Ninguna,Dia total,Despejado,No,NO APLICA,99,98,99,98,1,07/05/2022,1
40,Oklahoma,400132,0,0,1,0,131,ROGERS (131),0,NO APLICA,4,Abril,26,2022,17,29,CR-E450,4,Calle del Condado,Rural,Colector Mayor,County Highway Agency,0,Sin jurisdiccion especial,0,36.3654,-95.5423,Volcadura,El primer evento no fue una colision con un vehiculo automotor en transporte,Not an Intersection,No fue interseccion,Sobre el lado de la calle,Ninguna,Dia total,Nublado,No,NO APLICA,17,10,17,20,1,26/04/2022,2
40,Oklahoma,400133,0,0,2,0,17,CANADIAN (17),3550,OKLAHOMA CITY,5,Mayo,2,2022,8,42,NW 10TH ST,6,Calle Local Municipalidad,Urbano,Arteria Menor,City or Municipal Highway Agency,0,Sin jurisdiccion especial,0,35.47878889,-97.67416944,Vehiculo en movimiento,Angulo,Not an Intersection,No fue interseccion,Sobre calle,Ninguna,Dia total,lluvia,No,NO APLICA,9,4,9,12,1,02/05/2022,4
40,Oklahoma,400134,0,0,2,0,1,ADAIR (1),0,NO APLICA,4,Abril,28,2022,17,51,US-59,2,US Highway,Rural,Arteria Principal,State Highway Agency,0,Sin jurisdiccion especial,0,36.1095,-94.5677,Vehiculo en movimiento,Angulo,Not an Intersection,No fue interseccion,Sobre calle,Ninguna,Dia total,Despejado,No,NO APLICA,99,99,99,99,4,28/04/2022,13
40,Oklahoma,400135,0,0,2,0,119,PAYNE (119),0,NO APLICA,4,Abril,29,2022,18,37,SR-51,3,Highway estatal,Rural,Arteria Menor,State Highway Agency,0,Sin jurisdiccion especial,85,36.1087,-96.7668,Vehiculo en movimiento,Angulo,Four-Way Intersection,Interseccion de 4 direcciones,Sobre calle,"Zona de trabajo, tipo desconocido",Dia total,Despejado,No,NO APLICA,99,98,99,98,1,29/04/2022,2
40,Oklahoma,400136,0,0,1,0,37,CREEK (37),0,NO APLICA,5,Mayo,1,2022,18,59,CR-W CEDAR LN,4,Calle del Condado,Rural,Local,County Highway Agency,0,Sin jurisdiccion especial,0,36.0303,-96.2312,Volcadura,El primer evento no fue una colision con un vehiculo automotor en transporte,Not an Intersection,No fue interseccion,Sobre calle,Ninguna,Dia total,Nublado,No,NO APLICA,18,29,18,46,1,01/05/2022,6
40,Oklahoma,400137,0,0,2,0,71,KAY (71),0,NO APLICA,4,Abril,29,2022,16,32,US-77,2,US Highway,Rural,Arteria Menor,State Highway Agency,0,Sin jurisdiccion especial,173,36.9196,-97.0562,Vehiculo en movimiento,Frente a Detrás,Not an Intersection,No fue interseccion,Sobre calle,Ninguna,Dia total,Nublado,No,NO APLICA,99,99,99,99,1,29/04/2022,2
40,Oklahoma,400138,0,0,2,0,71,KAY (71),0,NO APLICA,4,Abril,29,2022,23,23,I-35,1,Interestatal,Rural,Interestatal,State Highway Agency,1,Sin jurisdiccion especial,0,36.6757,-97.346,Vehiculo en movimiento,Angulo,Not an Intersection,No fue interseccion,Sobre calle,Ninguna,Oscuro sin iluminacion,lluvia,No,NO APLICA,99,99,99,99,3,29/04/2022,4
40,Oklahoma,400139,0,0,1,0,85,LOVE (85),0,NO APLICA,5,Mayo,1,2022,4,32,I-35,1,Interestatal,Rural,Interestatal,State Highway Agency,1,Sin jurisdiccion especial,0,34.0562,-97.1489,Acotamiento,El primer evento no fue una colision con un vehiculo automotor en transporte,Not an Intersection,No fue interseccion,En el medio,Ninguna,Oscuro sin iluminacion,Despejado,No,NO APLICA,4,32,5,4,1,01/05/2022,3
40,Oklahoma,400140,1,1,1,0,143,TULSA (143),4780,TULSA,5,Mayo,5,2022,2,43,I-44,1,Interestatal,Urbano,Interestatal,State Highway Agency,1,Sin jurisdiccion especial,0,36.09030556,-95.94912778,Peaton,El primer evento no fue una colision con un vehiculo automotor en transporte,Not an Intersection,No fue interseccion,Sobre calle,Ninguna,Oscuro con iluminacion,lluvia,No,NO APLICA,99,98,99,98,1,05/05/2022,1
40,Oklahoma,400141,1,1,1,0,89,MCCURTAIN (89),0,NO APLICA,5,Mayo,10,2022,21,2,CR-POLLARD RD MARSHALL HILL RD,4,Calle del Condado,Rural,Colector Mayor,County Highway Agency,0,Sin jurisdiccion especial,0,33.8375,-94.7741,Ciclista,El primer evento no fue una colision con un vehiculo automotor en transporte,Four-Way Intersection,Interseccion de 4 direcciones,Sobre calle,Ninguna,Oscuro sin iluminacion,Despejado,No,NO APLICA,99,98,99,98,1,10/05/2022,1
40,Oklahoma,400142,1,1,1,0,143,TULSA (143),4780,TULSA,5,Mayo,14,2022,10,52,E 4TH PL,6,Calle Local Municipalidad,Urbano,Colector Mayor,City or Municipal Highway Agency,0,Sin jurisdiccion especial,0,36.1552,-95.8989,Ciclista,El primer evento no fue una colision con un vehiculo automotor en transporte,Not an Intersection,No fue interseccion,Sobre calle,Ninguna,Dia total,Despejado,No,NO APLICA,10,52,11,1,1,14/05/2022,1
40,Oklahoma,400143,0,0,2,0,47,GARFIELD (47),834,CARRIER,4,Abril,25,2022,16,10,SR-132,3,Highway estatal,Rural,Colector Mayor,State Highway Agency,0,Sin jurisdiccion especial,0,36.46338333,-98.01498611,Vehiculo en movimiento,Angulo,Four-Way Intersection,Interseccion de 4 direcciones,Sobre calle,Ninguna,Dia total,Despejado,No,NO APLICA,99,99,99,99,2,25/04/2022,4
40,Oklahoma,400144,0,0,2,0,137,STEPHENS (137),0,NO APLICA,4,Abril,19,2022,19,6,SR-7,3,Highway estatal,Rural,Arteria Principal,State Highway Agency,1,Sin jurisdiccion especial,70,34.59440278,-98.01929167,Vehiculo en movimiento,Angulo,Four-Way Intersection,Interseccion de 4 direcciones,Sobre calle,Ninguna,Dia total,Nublado,No,NO APLICA,99,99,99,99,1,19/04/2022,2
40,Oklahoma,400145,1,1,1,0,145,WAGONER (145),0,NO APLICA,4,Abril,23,2022,0,24,CR-E690,4,Calle del Condado,Rural,Colector Menor,County Highway Agency,0,Sin jurisdiccion especial,0,36.0172,-95.3539,Peaton,El primer evento no fue una colision con un vehiculo automotor en transporte,Not an Intersection,No fue interseccion,Sobre calle,Ninguna,Oscuro sin iluminacion,Despejado,No,NO APLICA,99,99,99,99,1,23/04/2022,1
40,Oklahoma,400146,0,0,3,0,7,BEAVER (7),0,NO APLICA,5,Mayo,2,2022,18,25,US-270 US-412 SR-3,2,US Highway,Rural,Arteria Principal,State Highway Agency,1,Sin jurisdiccion especial,79,36.6165,-100.6859,Vehiculo en movimiento,Frente a Detrás,T-Intersection,Interseccion de T,Sobre calle,Ninguna,Dia total,Despejado,No,NO APLICA,99,99,99,99,1,02/05/2022,3
40,Oklahoma,400147,0,0,2,0,143,TULSA (143),4780,TULSA,5,Mayo,7,2022,3,52,I-44,1,Interestatal,Urbano,Interestatal,State Highway Agency,1,Sin jurisdiccion especial,0,36.0883,-96.0405,Vehiculo en movimiento,Frente a frente,Not an Intersection,No fue interseccion,Sobre calle,Ninguna,Oscuro con iluminacion,Despejado,No,NO APLICA,99,98,99,98,1,07/05/2022,2
40,Oklahoma,400148,0,0,1,0,47,GARFIELD (47),0,NO APLICA,5,Mayo,7,2022,11,48,SR-132,3,Highway estatal,Rural,Colector Mayor,State Highway Agency,0,Sin jurisdiccion especial,0,36.5924,-98.0148,Volcadura,El primer evento no fue una colision con un vehiculo automotor en transporte,Not an Intersection,No fue interseccion,Sobre el lado de la calle,Ninguna,Dia total,Despejado,No,NO APLICA,99,98,99,98,1,07/05/2022,1
40,Oklahoma,400149,0,0,2,0,19,CARTER (19),0,NO APLICA,5,Mayo,8,2022,12,16,US-77,2,US Highway,Rural,Arteria Principal,State Highway Agency,0,Sin jurisdiccion especial,43,34.2377,-97.1432,Vehiculo en movimiento,Frente a Detrás,Not an Intersection,No fue interseccion,Sobre calle,Ninguna,Dia total,Despejado,No,NO APLICA,99,99,99,99,1,08/05/2022,3
40,Oklahoma,400150,0,0,2,0,143,TULSA (143),4780,TULSA,4,Abril,5,2022,22,5,E 71ST ST,6,Calle Local Municipalidad,Urbano,Arteria Principal,City or Municipal Highway Agency,0,Sin jurisdiccion especial,0,36.0608,-95.9197,Vehiculo en movimiento,Frente a Detrás,Not an Intersection,No fue interseccion,Sobre calle,Ninguna,Oscuro con iluminacion,Despejado,No,NO APLICA,22,6,22,11,1,05/04/2022,2
40,Oklahoma,400151,0,0,1,0,43,DEWEY (43),0,NO APLICA,4,Abril,29,2022,11,28,CR-2430,4,Calle del Condado,Rural,Colector Mayor,County Highway Agency,0,Sin jurisdiccion especial,0,35.8905,-98.6677,Volcadura,El primer evento no fue una colision con un vehiculo automotor en transporte,Not an Intersection,No fue interseccion,Sobre el lado de la calle,Ninguna,Dia total,Despejado,No,NO APLICA,99,98,99,98,1,29/04/2022,1
40,Oklahoma,400152,0,0,2,0,143,TULSA (143),4780,TULSA,5,Mayo,1,2022,3,4,I-244,1,Interestatal,Urbano,Interestatal,State Highway Agency,1,Sin jurisdiccion especial,0,36.16105556,-95.98692778,Vehiculo en movimiento,Frente a frente,Not an Intersection,No fue interseccion,Sobre calle,Ninguna,Oscuro con iluminacion,Despejado,No,NO APLICA,2,58,3,6,1,01/05/2022,2
40,Oklahoma,400153,0,0,2,0,39,CUSTER (39),0,NO APLICA,5,Mayo,8,2022,19,49,I-40,1,Interestatal,Urbano,Interestatal,State Highway Agency,1,Sin jurisdiccion especial,0,35.53641944,-98.65819167,Vehiculo en movimiento,Frente a Detrás,Not an Intersection,No fue interseccion,Sobre calle,Ninguna,Dia total,Despejado,No,NO APLICA,20,21,20,58,1,08/05/2022,3
40,Oklahoma,400154,0,0,1,0,115,OTTAWA (115),0,NO APLICA,5,Mayo,13,2022,19,26,SR-125 S 570 RD,3,Highway estatal,Rural,Colector Mayor,State Highway Agency,0,Sin jurisdiccion especial,16,36.772,-94.8555,Culvert,El primer evento no fue una colision con un vehiculo automotor en transporte,Not an Intersection,No fue interseccion,Sobre el lado de la calle,Ninguna,Dia total,Despejado,No,NO APLICA,99,99,99,99,1,13/05/2022,1
40,Oklahoma,400155,0,0,1,0,21,CHEROKEE (21),0,NO APLICA,5,Mayo,15,2022,10,25,CR-STEELY HOLLOW RD,4,Calle del Condado,Rural,Colector Menor,County Highway Agency,0,Sin jurisdiccion especial,0,35.9798,-94.9492,Arbol,El primer evento no fue una colision con un vehiculo automotor en transporte,Not an Intersection,No fue interseccion,Sobre el lado de la calle,Ninguna,Dia total,Nublado,No,NO APLICA,99,99,99,99,1,15/05/2022,3
40,Oklahoma,400156,0,0,2,0,41,DELAWARE (41),0,NO APLICA,5,Mayo,16,2022,10,40,SR-10 S655 RD,3,Highway estatal,Rural,Colector Mayor,State Highway Agency,0,Sin jurisdiccion especial,63,36.6417,-94.7066,Vehiculo en movimiento,Angulo,Not an Intersection,No fue interseccion,Sobre calle,Ninguna,Dia total,Despejado,No,NO APLICA,99,99,99,99,1,16/05/2022,2
40,Oklahoma,400157,0,0,2,0,143,TULSA (143),4780,TULSA,5,Mayo,21,2022,2,55,US-169 EXIT RAMP,2,US Highway,Urbano,Arteria Principal,State Highway Agency,1,Sin jurisdiccion especial,0,36.16843889,-95.86091389,Vehiculo en movimiento,Frente a Detrás,Not an Intersection,No fue interseccion,Sobre calle,Ninguna,Oscuro con iluminacion,Nublado,No,NO APLICA,2,57,3,8,1,21/05/2022,3
40,Oklahoma,400158,1,1,1,0,115,OTTAWA (115),0,NO APLICA,5,Mayo,11,2022,0,39,SR-10 E100 RD,3,Highway estatal,Urbano,Arteria Menor,State Highway Agency,0,Sin jurisdiccion especial,128,36.871,-94.8447,Peaton,El primer evento no fue una colision con un vehiculo automotor en transporte,Not an Intersection,No fue interseccion,Sobre calle,Ninguna,Oscuro sin iluminacion,Despejado,No,NO APLICA,99,99,99,99,1,11/05/2022,3
40,Oklahoma,400159,0,0,1,0,79,LE FLORE (79),0,NO APLICA,5,Mayo,11,2022,10,50,US-271,2,US Highway,Rural,Colector Mayor,State Highway Agency,0,Sin jurisdiccion especial,84,34.7531,-94.9921,Volcadura,El primer evento no fue una colision con un vehiculo automotor en transporte,T-Intersection,Interseccion de T,Sobre el lado de la calle,Ninguna,Dia total,Despejado,No,NO APLICA,99,99,99,99,3,11/05/2022,4
40,Oklahoma,400160,0,0,2,0,143,TULSA (143),4780,TULSA,5,Mayo,12,2022,15,47,I-244,1,Interestatal,Urbano,Interestatal,State Highway Agency,1,Sin jurisdiccion especial,0,36.1479,-96.0027,Vehiculo en movimiento,Frente a Detrás,Not an Intersection,No fue interseccion,Sobre calle,Ninguna,Dia total,Despejado,No,NO APLICA,15,41,15,49,1,12/05/2022,3
40,Oklahoma,400161,0,0,2,0,81,LINCOLN (81),0,NO APLICA,5,Mayo,12,2022,16,7,US-177,2,US Highway,Rural,Arteria Menor,State Highway Agency,0,Sin jurisdiccion especial,74,35.7899,-97.018,Vehiculo en movimiento,Angulo,Not an Intersection,No fue interseccion,Sobre calle,Ninguna,Dia total,Despejado,No,NO APLICA,99,98,99,98,1,12/05/2022,2
40,Oklahoma,400162,1,1,1,0,39,CUSTER (39),0,NO APLICA,5,Mayo,20,2022,8,48,I-40 SERVICE RD,1,Interestatal,Rural,Interestatal,State Highway Agency,1,Sin jurisdiccion especial,0,35.51660556,-98.88080556,Peaton,El primer evento no fue una colision con un vehiculo automotor en transporte,Not an Intersection,No fue interseccion,Sobre calle,Ninguna,Dia total,Despejado,No,NO APLICA,99,99,99,99,1,20/05/2022,1
40,Oklahoma,400163,0,0,1,0,127,PUSHMATAHA (127),0,NO APLICA,5,Mayo,24,2022,6,0,SR-3,3,Highway estatal,Rural,Arteria Principal,State Highway Agency,0,Sin jurisdiccion especial,252,34.1861,-95.1873,Volcadura,El primer evento no fue una colision con un vehiculo automotor en transporte,Not an Intersection,No fue interseccion,Sobre calle,Ninguna,Amanecer,Nublado,No,NO APLICA,99,98,99,98,1,24/05/2022,1
40,Oklahoma,400164,0,0,1,0,113,OSAGE (113),0,NO APLICA,3,Marzo,12,2022,16,1,SR-20,3,Highway estatal,Rural,Colector Mayor,State Highway Agency,0,Sin jurisdiccion especial,13,36.405375,-96.37298889,Volcadura,El primer evento no fue una colision con un vehiculo automotor en transporte,Not an Intersection,No fue interseccion,Sobre el lado de la calle,Ninguna,Dia total,Despejado,No,NO APLICA,99,99,99,99,1,12/03/2022,2
40,Oklahoma,400165,0,0,1,0,141,TILLMAN (141),0,NO APLICA,5,Mayo,3,2022,23,18,US-70 ok-36,2,US Highway,Rural,Colector Mayor,State Highway Agency,0,Sin jurisdiccion especial,307,34.2053,-98.61,Volcadura,El primer evento no fue una colision con un vehiculo automotor en transporte,Not an Intersection,No fue interseccion,Sobre el lado de la calle,Ninguna,Oscuro sin iluminacion,Despejado,No,NO APLICA,99,99,99,99,1,03/05/2022,2
40,Oklahoma,400166,0,0,1,0,15,CADDO (15),0,NO APLICA,5,Mayo,24,2022,7,15,US-281 OK-8,2,US Highway,Rural,Arteria Menor,State Highway Agency,0,Sin jurisdiccion especial,171,35.5362,-98.3411,Puente de Ferrocarril,El primer evento no fue una colision con un vehiculo automotor en transporte,Not an Intersection,No fue interseccion,Sobre el lado de la calle,Ninguna,Dia total,lluvia,No,NO APLICA,99,98,99,98,1,24/05/2022,1
40,Oklahoma,400167,0,0,1,0,97,MAYES (97),0,NO APLICA,5,Mayo,27,2022,23,35,US-412 CHEROKEE TURNPIKE,2,US Highway,Rural,Arteria Principal,State Toll Road,1,Sin jurisdiccion especial,103,36.2112,-95.1007,Soporte de Puente,El primer evento no fue una colision con un vehiculo automotor en transporte,Not an Intersection,No fue interseccion,Sobre el lado de la calle,Ninguna,Oscuro sin iluminacion,Nublado,No,NO APLICA,99,99,99,99,1,27/05/2022,2
40,Oklahoma,400168,0,0,1,0,33,COTTON (33),0,NO APLICA,5,Mayo,29,2022,1,37,SR-5,3,Highway estatal,Rural,Arteria Menor,State Highway Agency,0,Sin jurisdiccion especial,90,34.30390556,-98.31335833,Acotamiento,El primer evento no fue una colision con un vehiculo automotor en transporte,Four-Way Intersection,Interseccion de 4 direcciones,Sobre el lado de la calle,Ninguna,Oscuro sin iluminacion,Despejado,No,NO APLICA,99,98,99,98,1,29/05/2022,1
40,Oklahoma,400169,0,0,2,0,109,OKLAHOMA (109),3550,OKLAHOMA CITY,5,Mayo,6,2022,16,32,SR-152,3,Highway estatal,Urbano,Arterial Principal -Freeway o ExpressWay,State Highway Agency,0,Sin jurisdiccion especial,0,35.42275556,-97.60324722,Vehiculo en movimiento,Frente a Detrás,Not an Intersection,No fue interseccion,Sobre calle,"Zona de trabajo, tipo desconocido",Dia total,Nublado,No,NO APLICA,16,32,16,54,1,06/05/2022,2
40,Oklahoma,400170,0,0,2,0,109,OKLAHOMA (109),3550,OKLAHOMA CITY,5,Mayo,10,2022,9,10,NW 150TH ST,6,Calle Local Municipalidad,Urbano,Colector Mayor,State Highway Agency,0,Sin jurisdiccion especial,0,35.62363889,-97.58511667,Vehiculo en movimiento,Angulo,Four-Way Intersection,Interseccion de 4 direcciones,Sobre calle,Ninguna,Dia total,Despejado,No,NO APLICA,9,12,9,18,1,10/05/2022,2
40,Oklahoma,400171,0,0,1,0,101,MUSKOGEE (101),4590,TAFT,5,Mayo,11,2022,11,55,MARTIN LUTHER KING ST,6,Calle Local Municipalidad,Rural,Local,City or Municipal Highway Agency,0,Sin jurisdiccion especial,0,35.76046111,-95.54939722,Volcadura,El primer evento no fue una colision con un vehiculo automotor en transporte,Not an Intersection,No fue interseccion,Sobre el lado de la calle,Ninguna,Dia total,Despejado,No,NO APLICA,99,98,99,98,1,11/05/2022,1
40,Oklahoma,400172,0,0,1,0,1,ADAIR (1),0,NO APLICA,5,Mayo,10,2022,21,36,CR-E770,4,Calle del Condado,Rural,Colector Mayor,County Highway Agency,0,Sin jurisdiccion especial,0,35.9009,-94.7276,Otro objeto (no fijo),El primer evento no fue una colision con un vehiculo automotor en transporte,Not an Intersection,No fue interseccion,Sobre calle,Ninguna,Oscuro sin iluminacion,Despejado,No,NO APLICA,99,99,99,99,1,10/05/2022,1
40,Oklahoma,400173,0,0,2,0,27,CLEVELAND (27),3550,OKLAHOMA CITY,5,Mayo,19,2022,12,22,S WESTERN AVE,6,Calle Local Municipalidad,Urbano,Arteria Menor,City or Municipal Highway Agency,0,Sin jurisdiccion especial,0,35.3568,-97.53,Vehiculo en movimiento,Angulo,T-Intersection,Interseccion de T,Sobre calle,Ninguna,Dia total,Despejado,No,NO APLICA,99,99,99,99,1,19/05/2022,3
40,Oklahoma,400174,0,0,2,0,131,ROGERS (131),0,NO APLICA,5,Mayo,27,2022,11,43,US-412,2,US Highway,Rural,Arteria Principal,State Highway Agency,1,Sin jurisdiccion especial,84,36.171,-95.5831,Vehiculo en movimiento,Angulo,Four-Way Intersection,Interseccion de 4 direcciones,Sobre calle,Ninguna,Dia total,Despejado,No,NO APLICA,11,36,11,52,1,27/05/2022,3
40,Oklahoma,400175,0,0,4,0,135,SEQUOYAH (135),3290,MULDROW,5,Mayo,29,2022,15,29,I-40,1,Interestatal,Rural,Interestatal,State Highway Agency,1,Sin jurisdiccion especial,0,35.3934,-94.5979,Soporte de Puente,El primer evento no fue una colision con un vehiculo automotor en transporte,Not an Intersection,No fue interseccion,En el medio,Ninguna,Dia total,Despejado,No,NO APLICA,15,32,15,41,2,29/05/2022,10
40,Oklahoma,400176,0,0,3,0,143,TULSA (143),4780,TULSA,6,Junio,1,2022,23,30,S SHERIDAN RD,6,Calle Local Municipalidad,Urbano,Arteria Menor,City or Municipal Highway Agency,0,Sin jurisdiccion especial,0,36.1228,-95.9045,Vehiculo en movimiento,Angulo,T-Intersection,Interseccion de T,Sobre calle,Ninguna,Oscuro con iluminacion,Despejado,No,NO APLICA,22,30,22,43,1,01/06/2022,3
40,Oklahoma,400177,1,1,1,0,83,LOGAN (83),0,NO APLICA,5,Mayo,14,2022,13,41,US-77,2,US Highway,Rural,Colector Mayor,State Highway Agency,0,Sin jurisdiccion especial,52,35.9549,-97.4226,Ciclista,El primer evento no fue una colision con un vehiculo automotor en transporte,Not an Intersection,No fue interseccion,Sobre calle,Ninguna,Dia total,Despejado,No,NO APLICA,99,99,99,99,1,14/05/2022,1
40,Oklahoma,400178,0,0,2,0,133,SEMINOLE (133),0,NO APLICA,5,Mayo,16,2022,20,28,US-377,2,US Highway,Rural,Arteria Principal,State Highway Agency,1,Sin jurisdiccion especial,4,35.37724444,-96.67152222,Vehiculo en movimiento,Golpe Lateral - misma direccion,Four-Way Intersection,Interseccion de 4 direcciones,Sobre calle,Ninguna,Dia total,Despejado,No,NO APLICA,20,35,20,55,1,16/05/2022,3
40,Oklahoma,400179,1,1,1,0,145,WAGONER (145),0,NO APLICA,6,Junio,4,2022,0,3,SR-364 CREEK TURNPIKE,3,Highway estatal,Urbano,Arteria Principal,State Toll Road,1,Sin jurisdiccion especial,0,36.1569,-95.7325,Peaton,El primer evento no fue una colision con un vehiculo automotor en transporte,Not an Intersection,No fue interseccion,Sobre calle,Ninguna,Oscuro sin iluminacion,Nublado,No,NO APLICA,99,98,99,98,1,04/06/2022,1
40,Oklahoma,400180,0,0,2,0,121,PITTSBURG (121),0,NO APLICA,6,Junio,1,2022,8,29,SR-31,3,Highway estatal,Rural,Colector Mayor,State Highway Agency,0,Sin jurisdiccion especial,65,34.9627,-95.6295,Vehiculo en movimiento,Frente a frente,Not an Intersection,No fue interseccion,Sobre calle,Ninguna,Dia total,Despejado,No,NO APLICA,8,28,9,2,2,01/06/2022,4