Estado,Nombre de Estado,Numero de Caso,Peatones,Personas _no_vehiculos,Vehiculos automotores,Vehiculos estacionados,Condado,Nombre Condado,Ciudad,Nombre Ciudad,Mes,Nombre Mes,Dia,Año,Hora,Minuto,Calle,Ruta,Nombre Ruta,Rural o Urbanoo,Sistema Funcional,Dueño Calle,Sistema Nacional Carreteras,Jurisdiccion Especial,Milla,Latitud,Longitud,Causa del Accidente,Tipo de Accidente,Tipo Interseccion,Columna1,Lugar en la calle,Zona de Trabajo,Luz,Clima,Autobus Escolar,Cruce de Trenes,Hora Notificacion,Minuto Notificacion,Hora Llegada,Minuto Llegada,Decesos,Fecha,PersonaVehiculo
40,Oklahoma,400181,0,0,1,0,135,SEQUOYAH (135),0,NO APLICA,6,Junio,2,2022,8,5,CR-1050,4,Calle del Condado,Rural,Colector Mayor,County Highway Agency,0,Sin jurisdiccion especial,0,35.4924,-94.5725,Arbol,El primer evento no fue una colision con un vehiculo automotor en transporte,Not an Intersection,No fue interseccion,Sobre el lado de la calle,Ninguna,Dia total,Nublado,No,NO APLICA,99,98,99,98,2,02/06/2022,2
40,Oklahoma,400182,1,1,1,0,95,MARSHALL (95),0,NO APLICA,6,Junio,3,2022,19,29,CR-BACK ST,4,Calle del Condado,Rural,Local,County Highway Agency,0,Sin jurisdiccion especial,0,33.8855,-96.7486,Peaton,El primer evento no fue una colision con un vehiculo automotor en transporte,Not an Intersection,No fue interseccion,Sobre calle,Ninguna,Dia total,Despejado,No,NO APLICA,99,99,99,99,1,03/06/2022,5
40,Oklahoma,400183,0,0,2,0,1,ADAIR (1),0,NO APLICA,6,Junio,6,2022,14,43,US-59,2,US Highway,Rural,Arteria Principal,State Highway Agency,0,Sin jurisdiccion especial,38,35.6896,-94.6705,Vehiculo en movimiento,Frente a frente,Not an Intersection,No fue interseccion,Sobre calle,Ninguna,Dia total,Nublado,No,NO APLICA,99,99,99,99,1,06/06/2022,3
40,Oklahoma,400184,0,0,2,0,105,NOWATA (105),0,NO APLICA,6,Junio,7,2022,13,25,US-169,2,US Highway,Rural,Arteria Principal,State Highway Agency,1,Sin jurisdiccion especial,0,36.777,-95.6296,Vehiculo en movimiento,Frente a frente,Not an Intersection,No fue interseccion,Sobre calle,Ninguna,Dia total,Despejado,No,NO APLICA,99,98,99,98,1,07/06/2022,2
40,Oklahoma,400185,0,0,1,0,93,MAJOR (93),0,NO APLICA,6,Junio,11,2022,22,43,SR-8,3,Highway estatal,Rural,Colector Mayor,State Highway Agency,0,Sin jurisdiccion especial,93,36.2752,-98.3495,Animal vivo,El primer evento no fue una colision con un vehiculo automotor en transporte,Not an Intersection,No fue interseccion,Sobre calle,Ninguna,Oscuro sin iluminacion,Nublado,No,NO APLICA,99,98,99,98,1,11/06/2022,1
40,Oklahoma,400186,0,0,2,0,145,WAGONER (145),0,NO APLICA,5,Mayo,19,2022,10,26,CR-E 51ST ST,4,Calle del Condado,Urbano,Arteria Menor,County Highway Agency,0,Sin jurisdiccion especial,0,36.0899,-95.7082,Vehiculo en movimiento,Angulo,Four-Way Intersection,Interseccion de 4 direcciones,Sobre calle,Ninguna,Dia total,Despejado,No,NO APLICA,10,18,10,23,1,19/05/2022,3
40,Oklahoma,400187,0,1,2,1,9,BECKHAM (9),0,NO APLICA,5,Mayo,24,2022,21,24,I-40,1,Interestatal,Rural,Interestatal,State Highway Agency,1,Sin jurisdiccion especial,0,35.2264,-99.9185,Vehiculo Aparcado,El primer evento no fue una colision con un vehiculo automotor en transporte,Not an Intersection,No fue interseccion,Sobre Acotamiento,Ninguna,Oscuro sin iluminacion,Despejado,No,NO APLICA,99,99,99,99,1,24/05/2022,1
40,Oklahoma,400188,0,0,2,0,5,ATOKA (5),0,NO APLICA,5,Mayo,24,2022,21,33,US-69,2,US Highway,Rural,Arteria Principal,State Highway Agency,1,Sin jurisdiccion especial,95,34.4879,-96.0488,Vehiculo en movimiento,Angulo,T-Intersection,Interseccion de T,Sobre calle,Ninguna,Oscuro con iluminacion,lluvia,No,NO APLICA,99,98,99,98,1,24/05/2022,2
40,Oklahoma,400189,0,0,1,0,127,PUSHMATAHA (127),0,NO APLICA,6,Junio,4,2022,2,44,SR-43,3,Highway estatal,Rural,Colector Mayor,State Highway Agency,0,Sin jurisdiccion especial,49,34.6416,-95.4341,Volcadura,El primer evento no fue una colision con un vehiculo automotor en transporte,Not an Intersection,No fue interseccion,Sobre el lado de la calle,Ninguna,Oscuro sin iluminacion,Despejado,No,NO APLICA,99,98,99,98,1,04/06/2022,1
40,Oklahoma,400190,0,0,1,0,9,BECKHAM (9),0,NO APLICA,5,Mayo,3,2022,2,21,CR-EW1060,4,Calle del Condado,Rural,Local,County Highway Agency,0,Sin jurisdiccion especial,0,35.4799,-99.3901,Barda,El primer evento no fue una colision con un vehiculo automotor en transporte,Not an Intersection,No fue interseccion,Sobre el lado de la calle,Ninguna,Oscuro sin iluminacion,Despejado,No,NO APLICA,2,34,3,21,1,03/05/2022,2
40,Oklahoma,400191,0,0,1,0,109,OKLAHOMA (109),3550,OKLAHOMA CITY,5,Mayo,28,2022,21,32,I-240,1,Interestatal,Urbano,Interestatal,State Highway Agency,1,Sin jurisdiccion especial,0,35.3916,-97.4603,Volcadura,El primer evento no fue una colision con un vehiculo automotor en transporte,Not an Intersection,No fue interseccion,Sobre el lado de la calle,Ninguna,Oscuro sin iluminacion,Despejado,No,NO APLICA,21,34,21,45,1,28/05/2022,1
40,Oklahoma,400192,0,0,1,0,79,LE FLORE (79),0,NO APLICA,6,Junio,3,2022,0,50,US-270,2,US Highway,Rural,Arteria Menor,State Highway Agency,0,Sin jurisdiccion especial,41,34.9334,-94.7076,Arbol,El primer evento no fue una colision con un vehiculo automotor en transporte,Not an Intersection,No fue interseccion,Sobre el lado de la calle,Ninguna,Oscuro sin iluminacion,Neblina o Humo,No,NO APLICA,99,99,99,99,1,03/06/2022,2
40,Oklahoma,400193,0,0,2,0,121,PITTSBURG (121),0,NO APLICA,6,Junio,4,2022,21,56,SR-113,3,Highway estatal,Rural,Colector Mayor,State Highway Agency,0,Sin jurisdiccion especial,50,35.0367,-95.772,Vehiculo en movimiento,Angulo,Not an Intersection,No fue interseccion,Sobre calle,Ninguna,Oscuro sin iluminacion,Despejado,No,NO APLICA,22,10,22,17,1,04/06/2022,6
40,Oklahoma,400194,0,0,1,0,79,LE FLORE (79),0,NO APLICA,6,Junio,7,2022,15,25,CR-WILLIAMS,4,Calle del Condado,Rural,Local,County Highway Agency,0,Sin jurisdiccion especial,0,34.7412,-95.0341,Arbol,El primer evento no fue una colision con un vehiculo automotor en transporte,Not an Intersection,No fue interseccion,Sobre el lado de la calle,Ninguna,Dia total,Despejado,No,NO APLICA,88,88,88,88,1,07/06/2022,1
40,Oklahoma,400196,0,0,1,0,17,CANADIAN (17),1540,EL RENO,6,Junio,13,2022,14,45,I-40,1,Interestatal,Rural,Interestatal,State Highway Agency,1,Sin jurisdiccion especial,0,35.5299,-98.0872,Valla Ferrocarril,El primer evento no fue una colision con un vehiculo automotor en transporte,Not an Intersection,No fue interseccion,Sobre el lado de la calle,Ninguna,Dia total,Despejado,No,NO APLICA,99,98,99,98,1,13/06/2022,1
40,Oklahoma,400197,0,0,2,0,35,CRAIG (35),0,NO APLICA,6,Junio,13,2022,14,44,US-60,2,US Highway,Rural,Arteria Menor,State Highway Agency,0,Sin jurisdiccion especial,130,36.627,-95.0175,Vehiculo en movimiento,Angulo,Four-Way Intersection,Interseccion de 4 direcciones,Sobre calle,Ninguna,Dia total,Despejado,No,NO APLICA,14,37,15,2,1,13/06/2022,2
40,Oklahoma,400198,1,1,2,0,17,CANADIAN (17),3550,OKLAHOMA CITY,6,Junio,15,2022,22,28,I-40 US-270,1,Interestatal,Urbano,Interestatal,State Highway Agency,1,Sin jurisdiccion especial,0,35.4601,-97.6767,Peaton,El primer evento no fue una colision con un vehiculo automotor en transporte,Not an Intersection,No fue interseccion,Sobre calle,Ninguna,Oscuro sin iluminacion,Despejado,No,NO APLICA,99,98,99,98,1,15/06/2022,2
40,Oklahoma,400200,0,0,1,0,133,SEMINOLE (133),0,NO APLICA,6,Junio,16,2022,10,40,SR-56,3,Highway estatal,Rural,Colector Mayor,State Highway Agency,0,Sin jurisdiccion especial,104,34.9534,-96.5195,Valla Ferrocarril,El primer evento no fue una colision con un vehiculo automotor en transporte,Not an Intersection,No fue interseccion,Sobre el lado de la calle,Ninguna,Dia total,Despejado,No,NO APLICA,99,98,99,98,1,16/06/2022,1
40,Oklahoma,400201,0,0,1,0,109,OKLAHOMA (109),3550,OKLAHOMA CITY,6,Junio,20,2022,11,43,KILPATRICK TURNPIKE,8,Otro,Urbano,Arterial Principal -Freeway o ExpressWay,State Toll Road,1,Sin jurisdiccion especial,0,35.60971389,-97.67207222,Volcadura,El primer evento no fue una colision con un vehiculo automotor en transporte,Not an Intersection,No fue interseccion,Sobre el lado de la calle,Ninguna,Dia total,Despejado,No,NO APLICA,11,41,11,54,1,20/06/2022,1
40,Oklahoma,400203,2,3,2,1,37,CREEK (37),0,NO APLICA,6,Junio,2,2022,15,23,I-44 TURNER TURNPIKE,1,Interestatal,Rural,Interestatal,State Highway Agency,1,Sin jurisdiccion especial,0,35.9252,-96.2799,Vehiculo Aparcado,El primer evento no fue una colision con un vehiculo automotor en transporte,Not an Intersection,No fue interseccion,Sobre Acotamiento,Ninguna,Dia total,Nublado,No,NO APLICA,15,55,16,9,2,02/06/2022,1
40,Oklahoma,400204,0,0,1,0,25,CIMARRON (25),0,NO APLICA,6,Junio,12,2022,99,99,CR-NS28,4,Calle del Condado,Rural,Colector Mayor,County Highway Agency,0,Sin jurisdiccion especial,0,36.6987,-102.5176,Volcadura,El primer evento no fue una colision con un vehiculo automotor en transporte,Not an Intersection,No fue interseccion,Sobre el lado de la calle,Ninguna,Oscuro sin iluminacion,Despejado,No,NO APLICA,99,98,99,98,1,12/06/2022,1
40,Oklahoma,400205,0,0,1,0,113,OSAGE (113),0,NO APLICA,5,Mayo,11,2022,16,35,CR-2130,4,Calle del Condado,Rural,Local,County Highway Agency,0,Sin jurisdiccion especial,0,36.4832,-96.1716,Acotamiento,El primer evento no fue una colision con un vehiculo automotor en transporte,Not an Intersection,No fue interseccion,Sobre el lado de la calle,Ninguna,Dia total,Despejado,No,NO APLICA,16,50,17,28,1,11/05/2022,1
40,Oklahoma,400206,0,0,2,0,109,OKLAHOMA (109),1480,EDMOND,5,Mayo,21,2022,12,30,US-77 BROADWAY EXTENSION,2,US Highway,Urbano,Arteria Principal,State Highway Agency,1,Sin jurisdiccion especial,0,35.62562222,-97.48538889,Vehiculo en movimiento,Angulo,Four-Way Intersection,Interseccion de 4 direcciones,Sobre calle,Ninguna,Dia total,Nublado,No,NO APLICA,99,98,99,98,1,21/05/2022,2
40,Oklahoma,400207,2,2,1,0,109,OKLAHOMA (109),1480,EDMOND,5,Mayo,28,2022,22,2,E 33RD ST,6,Calle Local Municipalidad,Urbano,Arteria Menor,City or Municipal Highway Agency,0,Sin jurisdiccion especial,0,35.62354722,-97.48131111,Peaton,El primer evento no fue una colision con un vehiculo automotor en transporte,T-Intersection,Interseccion de T,Sobre calle,Ninguna,Oscuro sin iluminacion,Despejado,No,NO APLICA,22,4,22,17,2,28/05/2022,1
40,Oklahoma,400208,1,1,1,0,109,OKLAHOMA (109),3550,OKLAHOMA CITY,6,Junio,6,2022,9,23,N EASTERN AVE,6,Calle Local Municipalidad,Urbano,Arteria Menor,City or Municipal Highway Agency,0,Sin jurisdiccion especial,0,35.6135,-97.4782,Peaton,El primer evento no fue una colision con un vehiculo automotor en transporte,Not an Intersection,No fue interseccion,Sobre calle,Ninguna,Dia total,Despejado,No,NO APLICA,9,24,9,39,1,06/06/2022,1
40,Oklahoma,400209,2,2,1,0,109,OKLAHOMA (109),3550,OKLAHOMA CITY,6,Junio,8,2022,5,0,S WALKER AVE,6,Calle Local Municipalidad,Urbano,Arteria Menor,City or Municipal Highway Agency,0,Sin jurisdiccion especial,0,35.39886111,-97.52135833,Ciclista,El primer evento no fue una colision con un vehiculo automotor en transporte,Not an Intersection,No fue interseccion,Sobre calle,Ninguna,Oscuro sin iluminacion,Nublado,No,NO APLICA,5,0,5,16,1,08/06/2022,1
40,Oklahoma,400210,0,0,1,0,113,OSAGE (113),0,NO APLICA,6,Junio,2,2022,21,43,CR-CITY VIEW RD,6,Calle Local Municipalidad,Rural,Local,County Highway Agency,0,Sin jurisdiccion especial,0,36.6694,-97.0404,Volcadura,El primer evento no fue una colision con un vehiculo automotor en transporte,Not an Intersection,No fue interseccion,Sobre calle,Ninguna,Oscuro sin iluminacion,Despejado,No,NO APLICA,99,99,99,99,1,02/06/2022,1
40,Oklahoma,400211,0,0,1,0,143,TULSA (143),0,NO APLICA,6,Junio,12,2022,9,47,CR-S 33RD W AVE,4,Calle del Condado,Urbano,Arteria Menor,County Highway Agency,0,Sin jurisdiccion especial,0,36.0114,-96.0269,Culvert,El primer evento no fue una colision con un vehiculo automotor en transporte,Not an Intersection,No fue interseccion,Sobre el lado de la calle,Ninguna,Dia total,Despejado,No,NO APLICA,9,51,10,2,1,12/06/2022,3
40,Oklahoma,400212,0,0,1,0,109,OKLAHOMA (109),3550,OKLAHOMA CITY,6,Junio,12,2022,16,30,SR-66 NE 192ND ST,3,Highway estatal,Urbano,Colector Mayor,State Highway Agency,0,Sin jurisdiccion especial,0,35.66713333,-97.23031667,Arbol,El primer evento no fue una colision con un vehiculo automotor en transporte,Four-Way Intersection,Interseccion de 4 direcciones,Sobre el lado de la calle,Ninguna,Dia total,Despejado,No,NO APLICA,16,12,16,23,1,12/06/2022,1
40,Oklahoma,400213,0,0,1,0,101,MUSKOGEE (101),0,NO APLICA,6,Junio,14,2022,17,39,CR-W 20TH STREER N,4,Calle del Condado,Rural,Local,County Highway Agency,0,Sin jurisdiccion especial,0,35.7695,-95.5084,Suelo,El primer evento no fue una colision con un vehiculo automotor en transporte,Not an Intersection,No fue interseccion,Sobre el lado de la calle,Ninguna,Dia total,Despejado,No,NO APLICA,17,25,17,34,1,14/06/2022,2
40,Oklahoma,400214,0,0,1,0,109,OKLAHOMA (109),3550,OKLAHOMA CITY,6,Junio,16,2022,3,55,US-62 NE 23RD ST,2,US Highway,Urbano,Arteria Principal,State Highway Agency,1,Sin jurisdiccion especial,0,35.4933,-97.5088,Banqueta,El primer evento no fue una colision con un vehiculo automotor en transporte,Not an Intersection,No fue interseccion,Sobre el lado de la calle,Ninguna,Oscuro con iluminacion,Nublado,No,NO APLICA,99,98,99,98,1,16/06/2022,1
40,Oklahoma,400215,0,0,1,0,143,TULSA (143),4780,TULSA,6,Junio,20,2022,0,5,E 51ST ST,6,Calle Local Municipalidad,Urbano,Arteria Menor,City or Municipal Highway Agency,0,Sin jurisdiccion especial,0,36.0899,-95.8881,Banqueta,El primer evento no fue una colision con un vehiculo automotor en transporte,Not an Intersection,No fue interseccion,En el medio,Ninguna,Oscuro con iluminacion,Despejado,No,NO APLICA,0,3,0,8,1,20/06/2022,1
40,Oklahoma,400216,0,0,2,0,143,TULSA (143),4780,TULSA,5,Mayo,15,2022,21,37,I-44,1,Interestatal,Urbano,Interestatal,State Highway Agency,1,Sin jurisdiccion especial,0,36.1581,-95.8335,Vehiculo en movimiento,Angulo,Not an Intersection,No fue interseccion,Sobre calle,Ninguna,Oscuro con iluminacion,Despejado,No,NO APLICA,99,98,99,98,1,15/05/2022,2
40,Oklahoma,400217,0,0,1,0,143,TULSA (143),590,BROKEN ARROW,6,Junio,5,2022,9,19,SR-364 CREEK TPK,3,Highway estatal,Urbano,Arteria Principal,State Toll Road,1,otro,0,36.0013,-95.8392,Arbol,El primer evento no fue una colision con un vehiculo automotor en transporte,Not an Intersection,No fue interseccion,Sobre el lado de la calle,Ninguna,Dia total,lluvia,No,NO APLICA,99,98,99,98,1,05/06/2022,2
40,Oklahoma,400218,0,0,1,0,129,ROGER MILLS (129),0,NO APLICA,6,Junio,11,2022,6,30,SR-47,3,Highway estatal,Rural,Colector Mayor,State Highway Agency,0,Sin jurisdiccion especial,66,35.6163,-99.7916,Poste o otros soportes,El primer evento no fue una colision con un vehiculo automotor en transporte,Not an Intersection,No fue interseccion,Sobre el lado de la calle,Ninguna,Oscuro sin iluminacion,Despejado,No,NO APLICA,99,98,99,98,1,11/06/2022,1
40,Oklahoma,400219,0,0,2,0,71,KAY (71),0,NO APLICA,6,Junio,16,2022,10,51,CR-S 13TH ST,4,Calle del Condado,Rural,Local,County Highway Agency,0,Sin jurisdiccion especial,44,36.7534,-97.3009,Vehiculo en movimiento,Angulo,Y-Intersection,Interseccion de Y,Sobre calle,Ninguna,Dia total,Despejado,No,NO APLICA,99,99,99,99,1,16/06/2022,2
40,Oklahoma,400220,0,0,1,0,119,PAYNE (119),0,NO APLICA,6,Junio,16,2022,18,50,CR-92ND ST,4,Calle del Condado,Rural,Local,County Highway Agency,0,Sin jurisdiccion especial,0,36.0145,-96.9623,Acotamiento,El primer evento no fue una colision con un vehiculo automotor en transporte,Not an Intersection,No fue interseccion,Sobre el lado de la calle,Ninguna,Dia total,Despejado,No,NO APLICA,99,98,99,98,1,16/06/2022,1
40,Oklahoma,400221,0,0,2,0,11,BLAINE (11),0,NO APLICA,6,Junio,18,2022,15,34,US-270,2,US Highway,Rural,Arteria Principal,State Highway Agency,1,Sin jurisdiccion especial,99,35.7137,-98.367,Vehiculo en movimiento,Frente a Detrás,Not an Intersection,No fue interseccion,Sobre calle,Ninguna,Dia total,Despejado,No,NO APLICA,99,98,99,98,1,18/06/2022,2
40,Oklahoma,400222,0,0,1,0,137,STEPHENS (137),0,NO APLICA,6,Junio,24,2022,5,55,CR-RAILROAD,4,Calle del Condado,Rural,Local,County Highway Agency,0,Sin jurisdiccion especial,0,34.6082,-97.9534,Acotamiento,El primer evento no fue una colision con un vehiculo automotor en transporte,Not an Intersection,No fue interseccion,Sobre el lado de la calle,Ninguna,Amanecer,Despejado,No,NO APLICA,99,98,99,98,1,24/06/2022,1
40,Oklahoma,400223,0,0,1,0,125,POTTAWATOMIE (125),0,NO APLICA,6,Junio,25,2022,2,42,US-270 SR-9,2,US Highway,Rural,Arteria Menor,State Highway Agency,0,Sin jurisdiccion especial,0,35.2602,-96.789,Poste de Señal de trafico,El primer evento no fue una colision con un vehiculo automotor en transporte,Not an Intersection,No fue interseccion,Sobre el lado de la calle,Ninguna,Oscuro sin iluminacion,Despejado,No,NO APLICA,99,98,99,98,1,25/06/2022,1
40,Oklahoma,400224,0,0,2,0,89,MCCURTAIN (89),0,NO APLICA,6,Junio,28,2022,17,57,US-70,2,US Highway,Rural,Arteria Principal,State Highway Agency,1,Sin jurisdiccion especial,14,34.00898889,-95.13139444,Vehiculo en movimiento,Golpe Lateral - direccion contraria,Not an Intersection,No fue interseccion,Sobre calle,Ninguna,Dia total,Despejado,No,NO APLICA,17,55,18,28,1,28/06/2022,2
40,Oklahoma,400225,0,0,2,0,47,GARFIELD (47),0,NO APLICA,6,Junio,21,2022,13,30,CR-N2810 BOOMER,4,Calle del Condado,Rural,Local,County Highway Agency,0,Sin jurisdiccion especial,0,36.4199,-97.9972,Vehiculo en movimiento,Angulo,Four-Way Intersection,Interseccion de 4 direcciones,Sobre calle,Ninguna,Dia total,Despejado,No,NO APLICA,99,98,99,98,1,21/06/2022,2
40,Oklahoma,400226,0,0,1,0,109,OKLAHOMA (109),3170,MIDWEST CITY,6,Junio,21,2022,16,1,I-40,1,Interestatal,Urbano,Interestatal,State Highway Agency,1,Sin jurisdiccion especial,0,35.4352,-97.4102,Barrera de Trafico de Concreto,El primer evento no fue una colision con un vehiculo automotor en transporte,Not an Intersection,No fue interseccion,En el medio,"Zona de trabajo, tipo desconocido",Dia total,Despejado,No,NO APLICA,99,99,99,99,1,21/06/2022,1
40,Oklahoma,400227,0,0,1,0,135,SEQUOYAH (135),0,NO APLICA,6,Junio,29,2022,99,99,CR-1120 OLD 64 HWY,4,Calle del Condado,Rural,Colector Mayor,County Highway Agency,0,Sin jurisdiccion especial,0,35.3907,-94.5556,Valla Ferrocarril,El primer evento no fue una colision con un vehiculo automotor en transporte,Not an Intersection,No fue interseccion,Sobre el lado de la calle,Ninguna,Reportada como desconocida,Reportado como desconocido,No,NO APLICA,99,98,99,98,1,29/06/2022,1
40,Oklahoma,400228,0,0,1,0,125,POTTAWATOMIE (125),0,NO APLICA,6,Junio,29,2022,17,4,SR-39,3,Highway estatal,Rural,Arteria Menor,State Highway Agency,0,Sin jurisdiccion especial,72,34.9856,-96.8027,Zanja,El primer evento no fue una colision con un vehiculo automotor en transporte,Not an Intersection,No fue interseccion,Sobre el lado de la calle,Ninguna,Dia total,Despejado,No,NO APLICA,99,98,99,98,1,29/06/2022,1
40,Oklahoma,400229,0,0,1,0,91,MCINTOSH (91),0,NO APLICA,7,Julio,4,2022,11,31,CR-N4250 TEXANNA,4,Calle del Condado,Rural,Colector Mayor,County Highway Agency,0,Sin jurisdiccion especial,0,35.4499,-95.4513,Arbol,El primer evento no fue una colision con un vehiculo automotor en transporte,Not an Intersection,No fue interseccion,Sobre el lado de la calle,Ninguna,Dia total,Despejado,No,NO APLICA,99,98,99,98,2,04/07/2022,2
40,Oklahoma,400230,0,0,2,0,27,CLEVELAND (27),3430,NORMAN,2,Febrero,9,2022,8,52,E FRANKLIN RD,6,Calle Local Municipalidad,Urbano,Colector Mayor,City or Municipal Highway Agency,0,Sin jurisdiccion especial,0,35.27619167,-97.40600278,Vehiculo en movimiento,Angulo,Four-Way Intersection,Interseccion de 4 direcciones,Sobre calle,Ninguna,Dia total,Despejado,No,NO APLICA,99,99,99,99,1,09/02/2022,2
40,Oklahoma,400231,0,0,1,0,27,CLEVELAND (27),3430,NORMAN,4,Abril,29,2022,14,24,SR-9,3,Highway estatal,Rural,Arteria Menor,State Highway Agency,0,Sin jurisdiccion especial,0,35.210575,-97.22259444,Volcadura,El primer evento no fue una colision con un vehiculo automotor en transporte,Not an Intersection,No fue interseccion,Sobre calle,Ninguna,Dia total,Despejado,No,NO APLICA,99,98,99,98,1,29/04/2022,1
40,Oklahoma,400232,0,0,2,0,71,KAY (71),0,NO APLICA,6,Junio,17,2022,7,39,SR-11,3,Highway estatal,Rural,Colector Mayor,State Highway Agency,0,Sin jurisdiccion especial,95,36.811,-97.11,Vehiculo en movimiento,Angulo,Not an Intersection,No fue interseccion,Sobre calle,Ninguna,Dia total,Despejado,No,NO APLICA,99,99,99,99,1,17/06/2022,2
40,Oklahoma,400233,1,1,1,0,143,TULSA (143),4780,TULSA,6,Junio,25,2022,1,53,RIVERSIDE DR,6,Calle Local Municipalidad,Urbano,Arteria Principal,City or Municipal Highway Agency,0,Sin jurisdiccion especial,0,36.1219,-95.98579444,Peaton,El primer evento no fue una colision con un vehiculo automotor en transporte,Not an Intersection,No fue interseccion,Sobre calle,Ninguna,Oscuro sin iluminacion,Despejado,No,NO APLICA,99,99,99,99,1,25/06/2022,1
40,Oklahoma,400234,0,0,3,0,21,CHEROKEE (21),0,NO APLICA,6,Junio,27,2022,16,4,SR-100,3,Highway estatal,Rural,Colector Mayor,State Highway Agency,0,Sin jurisdiccion especial,14,35.7649,-94.8765,Vehiculo en movimiento,Angulo,Not an Intersection,No fue interseccion,Sobre calle,Ninguna,Dia total,Despejado,No,NO APLICA,99,99,99,99,1,27/06/2022,3
40,Oklahoma,400235,0,0,1,0,97,MAYES (97),0,NO APLICA,7,Julio,2,2022,18,15,US-412,2,US Highway,Rural,Arteria Principal,State Highway Agency,1,Sin jurisdiccion especial,16,36.1739,-95.3107,Volcadura,El primer evento no fue una colision con un vehiculo automotor en transporte,Not an Intersection,No fue interseccion,En el medio,Ninguna,Dia total,Despejado,No,NO APLICA,18,8,18,24,1,02/07/2022,1
40,Oklahoma,400236,0,0,2,1,113,OSAGE (113),0,NO APLICA,7,Julio,2,2022,22,20,CR-W 35TH PL N,4,Calle del Condado,Rural,Local,County Highway Agency,0,Sin jurisdiccion especial,0,36.2037,-96.0204,Acotamiento,El primer evento no fue una colision con un vehiculo automotor en transporte,Not an Intersection,No fue interseccion,Sobre el lado de la calle,Ninguna,Oscuro sin iluminacion,Despejado,No,NO APLICA,22,27,22,34,1,02/07/2022,2
40,Oklahoma,400237,0,0,2,0,17,CANADIAN (17),0,NO APLICA,6,Junio,17,2022,8,38,SR-3 NORTHWEST EXPRESSWAY,3,Highway estatal,Rural,Arteria Principal,State Highway Agency,1,Sin jurisdiccion especial,115,35.635425,-97.81626389,Vehiculo en movimiento,Angulo,Four-Way Intersection,Interseccion de 4 direcciones,Sobre calle,Ninguna,Dia total,Despejado,No,NO APLICA,8,37,8,46,1,17/06/2022,3
40,Oklahoma,400238,0,0,1,0,15,CADDO (15),0,NO APLICA,6,Junio,18,2022,20,21,SR-9,3,Highway estatal,Rural,Arteria Menor,State Highway Agency,0,Sin jurisdiccion especial,173,35.0436,-98.3872,Otro objeto (no fijo),El primer evento no fue una colision con un vehiculo automotor en transporte,Not an Intersection,No fue interseccion,Sobre el lado de la calle,"Zona de trabajo, tipo desconocido",Dia total,Despejado,No,NO APLICA,99,99,99,99,1,18/06/2022,1
40,Oklahoma,400239,0,0,1,0,137,STEPHENS (137),0,NO APLICA,6,Junio,20,2022,15,15,CR-RENFROW RD,4,Calle del Condado,Rural,Local,County Highway Agency,0,Sin jurisdiccion especial,0,34.6235,-97.8447,Volcadura,El primer evento no fue una colision con un vehiculo automotor en transporte,Not an Intersection,No fue interseccion,Sobre el lado de la calle,Ninguna,Dia total,Despejado,No,NO APLICA,99,99,99,99,1,20/06/2022,4
40,Oklahoma,400240,0,0,1,0,141,TILLMAN (141),0,NO APLICA,6,Junio,22,2022,10,9,SR-5,3,Highway estatal,Rural,Arteria Menor,State Highway Agency,0,Sin jurisdiccion especial,72,34.392,-98.8896,Volcadura,El primer evento no fue una colision con un vehiculo automotor en transporte,Not an Intersection,No fue interseccion,Sobre el lado de la calle,Ninguna,Dia total,Despejado,No,NO APLICA,99,99,99,99,1,22/06/2022,2
40,Oklahoma,400241,2,2,2,1,27,CLEVELAND (27),3220,MOORE,6,Junio,24,2022,8,57,I-35,1,Interestatal,Urbano,Interestatal,State Highway Agency,1,Sin jurisdiccion especial,0,35.3217,-97.4902,Peaton,El primer evento no fue una colision con un vehiculo automotor en transporte,Not an Intersection,No fue interseccion,Sobre Acotamiento,Ninguna,Oscuro sin iluminacion,Despejado,No,NO APLICA,99,99,99,99,1,24/06/2022,1
40,Oklahoma,400242,0,0,1,0,75,KIOWA (75),0,NO APLICA,7,Julio,3,2022,12,3,CR-N2240,4,Calle del Condado,Rural,Local,County Highway Agency,0,Sin jurisdiccion especial,0,35.0848,-98.6385,Acotamiento,El primer evento no fue una colision con un vehiculo automotor en transporte,Not an Intersection,No fue interseccion,Sobre el lado de la calle,Ninguna,Dia total,Despejado,No,NO APLICA,99,98,99,98,1,03/07/2022,1
40,Oklahoma,400243,1,1,1,0,143,TULSA (143),4780,TULSA,7,Julio,3,2022,20,33,I-244,1,Interestatal,Urbano,Interestatal,State Highway Agency,1,Sin jurisdiccion especial,0,36.1591,-95.9723,Peaton,El primer evento no fue una colision con un vehiculo automotor en transporte,Not an Intersection,No fue interseccion,Sobre calle,Ninguna,Atardecer,Despejado,No,NO APLICA,99,98,99,98,1,03/07/2022,1
40,Oklahoma,400245,0,0,1,0,77,LATIMER (77),0,NO APLICA,7,Julio,5,2022,14,48,SR-2,3,Highway estatal,Rural,Arteria Menor,State Highway Agency,0,Sin jurisdiccion especial,144,34.8249,-95.3109,Culvert,El primer evento no fue una colision con un vehiculo automotor en transporte,Not an Intersection,No fue interseccion,Sobre el lado de la calle,Ninguna,Dia total,Despejado,No,NO APLICA,99,99,99,99,1,05/07/2022,1
40,Oklahoma,400246,0,0,2,0,37,CREEK (37),0,NO APLICA,7,Julio,6,2022,16,18,CR-W 251ST ST S,4,Calle del Condado,Rural,Local,County Highway Agency,0,Sin jurisdiccion especial,0,35.799,-96.4586,Vehiculo en movimiento,Angulo,T-Intersection,Interseccion de T,Sobre calle,Ninguna,Dia total,Despejado,No,NO APLICA,16,17,16,36,1,06/07/2022,4