Estado,Nombre de Estado,Numero de Caso,Peatones,Personas _no_vehiculos,Vehiculos automotores,Vehiculos estacionados,Condado,Nombre Condado,Ciudad,Nombre Ciudad,Mes,Nombre Mes,Dia,Año,Hora,Minuto,Calle,Ruta,Nombre Ruta,Rural o Urbanoo,Sistema Funcional,Dueño Calle,Sistema Nacional Carreteras,Jurisdiccion Especial,Milla,Latitud,Longitud,Causa del Accidente,Tipo de Accidente,Tipo Interseccion,Columna1,Lugar en la calle,Zona de Trabajo,Luz,Clima,Autobus Escolar,Cruce de Trenes,Hora Notificacion,Minuto Notificacion,Hora Llegada,Minuto Llegada,Decesos,Fecha,PersonaVehiculo
40,Oklahoma,400247,0,0,3,0,89,MCCURTAIN (89),0,NO APLICA,7,Julio,1,2022,19,37,SR-3,3,Highway estatal,Rural,Arteria Principal,State Highway Agency,0,Sin jurisdiccion especial,137,34.1159,-94.9456,Vehiculo en movimiento,Angulo,Not an Intersection,No fue interseccion,Sobre calle,Ninguna,Dia total,Despejado,No,NO APLICA,99,99,99,99,1,01/07/2022,8
40,Oklahoma,400248,1,1,1,0,109,OKLAHOMA (109),3550,OKLAHOMA CITY,7,Julio,7,2022,23,46,I-40,1,Interestatal,Urbano,Interestatal,State Highway Agency,1,Sin jurisdiccion especial,0,35.457,-97.5259,Peaton,El primer evento no fue una colision con un vehiculo automotor en transporte,Not an Intersection,No fue interseccion,Sobre calle,Ninguna,Oscuro con iluminacion,Despejado,No,NO APLICA,99,98,99,98,1,07/07/2022,1
40,Oklahoma,400249,0,0,2,0,41,DELAWARE (41),0,NO APLICA,7,Julio,9,2022,21,28,US-412A,2,US Highway,Rural,Arteria Principal,State Highway Agency,1,Sin jurisdiccion especial,106,36.2052,-94.8332,Vehiculo en movimiento,Angulo,Four-Way Intersection,Interseccion de 4 direcciones,Sobre calle,Ninguna,Oscuro sin iluminacion,Despejado,No,NO APLICA,99,99,99,99,1,09/07/2022,3
40,Oklahoma,400250,0,0,2,0,9,BECKHAM (9),0,NO APLICA,7,Julio,10,2022,16,5,I-40B W 3RD ST,1,Interestatal,Urbano,Interestatal,State Highway Agency,1,Sin jurisdiccion especial,0,35.4086,-99.4699,Vehiculo en movimiento,Angulo,Not an Intersection,No fue interseccion,Sobre calle,Ninguna,Dia total,Despejado,No,NO APLICA,99,99,99,99,1,10/07/2022,8
40,Oklahoma,400251,0,0,1,0,121,PITTSBURG (121),0,NO APLICA,7,Julio,11,2022,4,12,US-69,2,US Highway,Rural,Arteria Principal,State Highway Agency,1,Sin jurisdiccion especial,101,35.1383,-95.6687,Animal vivo,El primer evento no fue una colision con un vehiculo automotor en transporte,Not an Intersection,No fue interseccion,Sobre calle,Ninguna,Oscuro sin iluminacion,Despejado,No,NO APLICA,99,98,99,98,1,11/07/2022,1
40,Oklahoma,400252,1,1,3,0,19,CARTER (19),0,NO APLICA,7,Julio,11,2022,5,10,I-35,1,Interestatal,Rural,Interestatal,State Highway Agency,1,Sin jurisdiccion especial,0,34.0995,-97.1517,Vehiculo en movimiento,Frente a Detrás,Not an Intersection,No fue interseccion,Sobre calle,Ninguna,Oscuro sin iluminacion,Despejado,No,NO APLICA,99,98,99,98,1,11/07/2022,2
40,Oklahoma,400253,0,0,1,0,17,CANADIAN (17),0,NO APLICA,7,Julio,12,2022,21,33,CR-192ND ST NW,4,Calle del Condado,Rural,Local,County Highway Agency,0,Sin jurisdiccion especial,0,35.6672,-98.1655,Animal vivo,El primer evento no fue una colision con un vehiculo automotor en transporte,Not an Intersection,No fue interseccion,Sobre calle,Ninguna,Oscuro sin iluminacion,Despejado,No,NO APLICA,99,98,99,98,1,12/07/2022,1
40,Oklahoma,400254,0,0,1,0,149,WASHITA (149),0,NO APLICA,7,Julio,14,2022,14,11,CR-E1200,4,Calle del Condado,Rural,Local,County Highway Agency,0,Sin jurisdiccion especial,0,35.2769,-99.1687,Volcadura,El primer evento no fue una colision con un vehiculo automotor en transporte,Not an Intersection,No fue interseccion,Sobre el lado de la calle,Ninguna,Dia total,Despejado,No,NO APLICA,99,99,99,99,1,14/07/2022,3
40,Oklahoma,400255,0,0,1,0,13,BRYAN (13),3115,MEAD,5,Mayo,17,2022,99,99,US-70,2,US Highway,Rural,Arteria Principal,State Highway Agency,1,Sin jurisdiccion especial,0,33.9983,-96.5161,Banqueta,El primer evento no fue una colision con un vehiculo automotor en transporte,Not an Intersection,No fue interseccion,Sobre el lado de la calle,Ninguna,Dia total,Despejado,No,NO APLICA,99,99,99,99,1,17/05/2022,1
40,Oklahoma,400256,0,0,3,0,143,TULSA (143),4780,TULSA,7,Julio,7,2022,5,6,US-169,2,US Highway,Urbano,Arteria Principal,State Highway Agency,1,Sin jurisdiccion especial,0,36.21,-95.8518,Vehiculo en movimiento,Frente a Detrás,Not an Intersection,No fue interseccion,Sobre calle,Ninguna,Oscuro sin iluminacion,Despejado,No,NO APLICA,99,98,99,98,1,07/07/2022,2
40,Oklahoma,400257,0,0,1,0,115,OTTAWA (115),0,NO APLICA,7,Julio,14,2022,18,20,CR-S520,4,Calle del Condado,Rural,Colector Mayor,County Highway Agency,0,Sin jurisdiccion especial,0,36.6766,-94.9454,Culvert,El primer evento no fue una colision con un vehiculo automotor en transporte,Not an Intersection,No fue interseccion,Sobre el lado de la calle,Ninguna,Dia total,Despejado,No,NO APLICA,99,98,99,98,1,14/07/2022,1
40,Oklahoma,400258,0,0,1,0,49,GARVIN (49),0,NO APLICA,7,Julio,16,2022,10,44,US-77,2,US Highway,Rural,Colector Mayor,State Highway Agency,0,Sin jurisdiccion especial,181,34.8342,-97.2644,Arbol,El primer evento no fue una colision con un vehiculo automotor en transporte,Not an Intersection,No fue interseccion,Sobre el lado de la calle,Ninguna,Dia total,Despejado,No,NO APLICA,99,98,99,98,1,16/07/2022,1
40,Oklahoma,400259,0,0,1,0,117,PAWNEE (117),0,NO APLICA,7,Julio,18,2022,6,15,CR-35400,4,Calle del Condado,Rural,Local,County Highway Agency,0,Sin jurisdiccion especial,0,36.19039167,-96.69558611,Barda,El primer evento no fue una colision con un vehiculo automotor en transporte,Not an Intersection,No fue interseccion,Sobre el lado de la calle,Ninguna,Oscuro sin iluminacion,Despejado,No,NO APLICA,99,98,99,98,1,18/07/2022,1
40,Oklahoma,400260,0,0,2,0,109,OKLAHOMA (109),3550,OKLAHOMA CITY,1,Enero,15,2022,21,43,SW 59TH ST,6,Calle Local Municipalidad,Urbano,Local,City or Municipal Highway Agency,0,Sin jurisdiccion especial,0,35.406225,-97.67127778,Vehiculo en movimiento,Frente a Detrás,Four-Way Intersection,Interseccion de 4 direcciones,Sobre calle,Ninguna,Oscuro con iluminacion,Despejado,No,NO APLICA,99,98,99,98,1,15/01/2022,2
40,Oklahoma,400261,0,0,2,0,27,CLEVELAND (27),3550,OKLAHOMA CITY,6,Junio,24,2022,15,41,S PEEBLY RD,6,Calle Local Municipalidad,Urbano,Colector Mayor,City or Municipal Highway Agency,0,Sin jurisdiccion especial,0,35.32918611,-97.21256111,Vehiculo en movimiento,Angulo,Not an Intersection,No fue interseccion,Sobre calle,Ninguna,Dia total,Nublado,No,NO APLICA,7,16,7,23,1,24/06/2022,4
40,Oklahoma,400262,0,0,2,0,109,OKLAHOMA (109),3550,OKLAHOMA CITY,7,Julio,14,2022,19,42,NE 70TH ST,6,Calle Local Municipalidad,Urbano,Local,City or Municipal Highway Agency,0,Sin jurisdiccion especial,0,35.54241667,-97.49638333,Vehiculo en movimiento,Angulo,Four-Way Intersection,Interseccion de 4 direcciones,Sobre calle,Ninguna,Dia total,Despejado,No,NO APLICA,19,43,19,51,1,14/07/2022,4
40,Oklahoma,400263,0,0,2,0,143,TULSA (143),4780,TULSA,7,Julio,21,2022,14,29,N PEORIA AVE,6,Calle Local Municipalidad,Urbano,Arteria Menor,City or Municipal Highway Agency,0,Sin jurisdiccion especial,0,36.1917,-95.976,Vehiculo en movimiento,Frente a Detrás,Four-Way Intersection,Interseccion de 4 direcciones,Sobre calle,Ninguna,Dia total,Despejado,No,NO APLICA,99,99,99,99,1,21/07/2022,2
40,Oklahoma,400264,0,0,1,0,133,SEMINOLE (133),0,NO APLICA,7,Julio,19,2022,6,40,I-40,1,Interestatal,Rural,Interestatal,State Highway Agency,1,Sin jurisdiccion especial,0,35.3851,-96.5013,Valla Ferrocarril,El primer evento no fue una colision con un vehiculo automotor en transporte,Not an Intersection,No fue interseccion,Sobre el lado de la calle,Ninguna,Oscuro sin iluminacion,Despejado,No,NO APLICA,99,98,99,98,1,19/07/2022,1
40,Oklahoma,400265,0,0,3,1,81,LINCOLN (81),0,NO APLICA,7,Julio,19,2022,4,15,I-44 TURNER TURNPIKE,1,Interestatal,Rural,Interestatal,State Highway Agency,1,Sin jurisdiccion especial,0,35.7472,-96.7159,Vehiculo en movimiento,Frente a Detrás,Not an Intersection,No fue interseccion,Sobre calle,Ninguna,Oscuro con iluminacion,Despejado,No,NO APLICA,99,99,99,99,1,19/07/2022,2
40,Oklahoma,400266,1,1,1,0,31,COMANCHE (31),0,NO APLICA,7,Julio,23,2022,2,45,CR-NE KEENEY RD,4,Calle del Condado,Rural,Local,County Highway Agency,0,Sin jurisdiccion especial,0,34.841,-98.283,Ciclista,El primer evento no fue una colision con un vehiculo automotor en transporte,Not an Intersection,No fue interseccion,Sobre calle,Ninguna,Oscuro sin iluminacion,Despejado,No,NO APLICA,99,98,99,98,1,23/07/2022,1
40,Oklahoma,400267,0,0,1,0,91,MCINTOSH (91),0,NO APLICA,7,Julio,23,2022,21,51,CR-MARINA,4,Calle del Condado,Rural,Local,County Highway Agency,0,Sin jurisdiccion especial,0,35.401,-95.5892,Alguien se cayo/avento del vehiculo,El primer evento no fue una colision con un vehiculo automotor en transporte,Not an Intersection,No fue interseccion,Sobre el lado de la calle,Ninguna,Oscuro sin iluminacion,Despejado,No,NO APLICA,21,39,22,9,1,23/07/2022,2
40,Oklahoma,400268,0,0,2,0,143,TULSA (143),4780,TULSA,7,Julio,28,2022,22,41,E 46TH ST N,6,Calle Local Municipalidad,Urbano,Arteria Menor,City or Municipal Highway Agency,0,Sin jurisdiccion especial,0,36.2205,-95.9833,Vehiculo en movimiento,Angulo,T-Intersection,Interseccion de T,Sobre calle,Ninguna,Oscuro con iluminacion,lluvia,No,NO APLICA,99,99,99,99,1,28/07/2022,2
40,Oklahoma,400269,0,0,1,0,51,GRADY (51),0,NO APLICA,7,Julio,11,2022,16,8,CR-1300,4,Calle del Condado,Rural,Local,City or Municipal Highway Agency,0,Sin jurisdiccion especial,0,35.13118333,-97.940625,Vehiculo Ferrocarril,El primer evento no fue una colision con un vehiculo automotor en transporte,Not an Intersection,No fue interseccion,Sobre calle,Ninguna,Dia total,Despejado,No,595492B,99,98,99,98,1,11/07/2022,1
40,Oklahoma,400270,1,1,1,0,49,GARVIN (49),0,NO APLICA,7,Julio,23,2022,23,33,SR-74,3,Highway estatal,Rural,Colector Mayor,State Highway Agency,0,Sin jurisdiccion especial,114,34.78709722,-97.40556389,Peaton,El primer evento no fue una colision con un vehiculo automotor en transporte,Not an Intersection,No fue interseccion,Sobre calle,Ninguna,Oscuro sin iluminacion,Despejado,No,NO APLICA,99,98,99,98,1,23/07/2022,1
40,Oklahoma,400271,0,0,1,0,13,BRYAN (13),0,NO APLICA,7,Julio,24,2022,0,5,SR-78,3,Highway estatal,Rural,Colector Mayor,State Highway Agency,0,Sin jurisdiccion especial,65,34.0857,-96.3839,Volcadura,El primer evento no fue una colision con un vehiculo automotor en transporte,Not an Intersection,No fue interseccion,Sobre el lado de la calle,Ninguna,Oscuro sin iluminacion,Despejado,No,NO APLICA,99,98,99,98,1,24/07/2022,1
40,Oklahoma,400272,0,0,5,0,109,OKLAHOMA (109),3550,OKLAHOMA CITY,7,Julio,19,2022,15,3,US-77 BROADWAY EXTENSION,2,US Highway,Urbano,Arteria Principal,State Highway Agency,1,Sin jurisdiccion especial,0,35.6162,-97.4915,Vehiculo en movimiento,Frente a Detrás,Four-Way Intersection,Interseccion de 4 direcciones,Sobre calle,Ninguna,Dia total,Despejado,No,NO APLICA,15,3,15,15,1,19/07/2022,5
40,Oklahoma,400273,2,2,1,0,1,ADAIR (1),0,NO APLICA,7,Julio,24,2022,14,24,CR-0690,4,Calle del Condado,Rural,Local,County Highway Agency,0,Sin jurisdiccion especial,0,36.0168,-94.5968,Peaton,El primer evento no fue una colision con un vehiculo automotor en transporte,Not an Intersection,No fue interseccion,Sobre calle,Ninguna,Dia total,Despejado,No,NO APLICA,99,99,99,99,1,24/07/2022,1
40,Oklahoma,400275,0,0,2,0,81,LINCOLN (81),0,NO APLICA,7,Julio,28,2022,10,32,CR-E1040,4,Calle del Condado,Rural,Local,County Highway Agency,0,Sin jurisdiccion especial,0,35.5065,-96.7712,Vehiculo en movimiento,Angulo,Four-Way Intersection,Interseccion de 4 direcciones,Sobre calle,Ninguna,Dia total,Despejado,No,NO APLICA,99,98,99,98,1,28/07/2022,2
40,Oklahoma,400276,0,0,1,0,53,GRANT (53),0,NO APLICA,7,Julio,31,2022,20,56,SR-132,3,Highway estatal,Rural,Colector Mayor,State Highway Agency,0,Sin jurisdiccion especial,163,36.8902,-98.0376,Animal vivo,El primer evento no fue una colision con un vehiculo automotor en transporte,Not an Intersection,No fue interseccion,Sobre calle,Ninguna,Atardecer,Nublado,No,NO APLICA,99,99,99,99,1,31/07/2022,2
40,Oklahoma,400277,0,0,1,0,115,OTTAWA (115),0,NO APLICA,7,Julio,31,2022,21,15,CR-E60,4,Calle del Condado,Rural,Colector Mayor,County Highway Agency,0,Sin jurisdiccion especial,0,36.9289,-94.9431,Volcadura,El primer evento no fue una colision con un vehiculo automotor en transporte,Not an Intersection,No fue interseccion,Sobre el lado de la calle,Ninguna,Oscuro sin iluminacion,Despejado,No,NO APLICA,99,99,99,99,1,31/07/2022,1
40,Oklahoma,400278,0,0,2,0,25,CIMARRON (25),0,NO APLICA,7,Julio,13,2022,9,10,US-287 us-385,2,US Highway,Rural,Arteria Principal,State Highway Agency,1,Sin jurisdiccion especial,112,36.8707,-102.5175,Vehiculo en movimiento,Frente a frente,Not an Intersection,No fue interseccion,Sobre calle,Ninguna,Dia total,Despejado,No,NO APLICA,99,99,99,99,1,13/07/2022,4
40,Oklahoma,400279,1,1,1,0,115,OTTAWA (115),0,NO APLICA,7,Julio,27,2022,99,99,I-44,1,Interestatal,Rural,Interestatal,State Highway Agency,1,Sin jurisdiccion especial,0,36.9216,-94.7569,Peaton,El primer evento no fue una colision con un vehiculo automotor en transporte,Not an Intersection,No fue interseccion,Sobre calle,Ninguna,Oscuro sin iluminacion,Reportado como desconocido,No,NO APLICA,88,88,88,88,1,27/07/2022,1
40,Oklahoma,400280,0,0,2,0,143,TULSA (143),0,NO APLICA,7,Julio,24,2022,14,50,US-75 EXIT RAMP,2,US Highway,Urbano,Arteria Principal,State Highway Agency,1,Sin jurisdiccion especial,71,36.2495,-95.9339,Vehiculo en movimiento,Angulo,Four-Way Intersection,Interseccion de 4 direcciones,Sobre calle,Ninguna,Dia total,Nublado,No,NO APLICA,14,48,15,28,1,24/07/2022,6
40,Oklahoma,400281,0,0,1,0,103,NOBLE (103),0,NO APLICA,7,Julio,28,2022,5,43,US-64,2,US Highway,Rural,Arteria Menor,State Highway Agency,0,Sin jurisdiccion especial,176,36.3,-96.9707,Culvert,El primer evento no fue una colision con un vehiculo automotor en transporte,Not an Intersection,No fue interseccion,Sobre el lado de la calle,Ninguna,Oscuro sin iluminacion,lluvia,No,NO APLICA,99,98,99,98,1,28/07/2022,1
40,Oklahoma,400282,0,0,2,0,15,CADDO (15),0,NO APLICA,7,Julio,28,2022,12,36,SR-58,3,Highway estatal,Rural,Colector Mayor,State Highway Agency,0,Sin jurisdiccion especial,50,34.9859,-98.6028,Vehiculo en movimiento,Angulo,Four-Way Intersection,Interseccion de 4 direcciones,Sobre calle,Ninguna,Dia total,Despejado,No,NO APLICA,99,99,99,99,1,28/07/2022,4
40,Oklahoma,400283,1,1,1,0,133,SEMINOLE (133),0,NO APLICA,8,Agosto,1,2022,16,2,SR-56,3,Highway estatal,Rural,Colector Mayor,State Highway Agency,0,Sin jurisdiccion especial,113,35.397,-96.4565,Peaton,El primer evento no fue una colision con un vehiculo automotor en transporte,Not an Intersection,No fue interseccion,Sobre calle,Ninguna,Dia total,Despejado,No,NO APLICA,99,98,99,98,1,01/08/2022,1
40,Oklahoma,400284,0,0,2,0,143,TULSA (143),4780,TULSA,8,Agosto,2,2022,17,20,US-169,2,US Highway,Urbano,Arteria Principal,State Highway Agency,1,Sin jurisdiccion especial,0,36.1224,-95.8598,Vehiculo en movimiento,Detrás a Lado. ,Not an Intersection,No fue interseccion,Sobre calle,Ninguna,Dia total,Despejado,No,NO APLICA,17,20,17,27,1,02/08/2022,2
40,Oklahoma,400285,0,0,1,0,99,MURRAY (99),0,NO APLICA,8,Agosto,3,2022,18,22,CR-BALL PARK RD,4,Calle del Condado,Rural,Local,County Highway Agency,0,Sin jurisdiccion especial,0,34.5207,-96.9499,Barda,El primer evento no fue una colision con un vehiculo automotor en transporte,T-Intersection,Interseccion de T,Sobre el lado de la calle,Ninguna,Dia total,Despejado,No,NO APLICA,99,98,99,98,1,03/08/2022,1
40,Oklahoma,400286,1,1,1,0,143,TULSA (143),4780,TULSA,8,Agosto,4,2022,23,37,S MEMORIAL DR,6,Calle Local Municipalidad,Urbano,Arteria Principal,City or Municipal Highway Agency,0,Sin jurisdiccion especial,0,36.0914,-95.8867,Peaton,El primer evento no fue una colision con un vehiculo automotor en transporte,Not an Intersection,No fue interseccion,Sobre calle,Ninguna,Oscuro con iluminacion,Despejado,No,NO APLICA,23,37,23,44,1,04/08/2022,1
40,Oklahoma,400287,0,0,2,0,143,TULSA (143),4780,TULSA,8,Agosto,5,2022,16,10,E 11TH ST,6,Calle Local Municipalidad,Urbano,Arteria Menor,City or Municipal Highway Agency,0,Sin jurisdiccion especial,0,36.1479,-95.7975,Vehiculo en movimiento,Angulo,Four-Way Intersection,Interseccion de 4 direcciones,Sobre calle,Ninguna,Dia total,Despejado,No,NO APLICA,16,9,16,20,1,05/08/2022,2
40,Oklahoma,400288,1,1,3,0,109,OKLAHOMA (109),3550,OKLAHOMA CITY,8,Agosto,6,2022,0,50,I-240,1,Interestatal,Urbano,Interestatal,State Highway Agency,1,Sin jurisdiccion especial,0,35.3916,-97.5251,Peaton,El primer evento no fue una colision con un vehiculo automotor en transporte,Not an Intersection,No fue interseccion,Sobre calle,Ninguna,Oscuro con iluminacion,Despejado,No,NO APLICA,99,98,99,98,1,06/08/2022,3
40,Oklahoma,400289,0,0,1,0,81,LINCOLN (81),0,NO APLICA,8,Agosto,6,2022,20,34,I-44 TURNER TURNPIKE,1,Interestatal,Rural,Interestatal,State Highway Agency,1,Sin jurisdiccion especial,0,35.7138,-96.9095,Barrera de Trafico de Concreto,El primer evento no fue una colision con un vehiculo automotor en transporte,Not an Intersection,No fue interseccion,En el medio,Ninguna,Atardecer,Despejado,No,NO APLICA,99,98,99,98,1,06/08/2022,1
40,Oklahoma,400290,1,1,1,0,49,GARVIN (49),1530,ELMORE CITY,8,Agosto,8,2022,21,36,SR-29,3,Highway estatal,Rural,Arteria Menor,State Highway Agency,0,Sin jurisdiccion especial,0,34.623,-97.3831,Peaton,El primer evento no fue una colision con un vehiculo automotor en transporte,Not an Intersection,No fue interseccion,Sobre calle,Ninguna,Oscuro sin iluminacion,Despejado,No,NO APLICA,99,98,99,98,1,08/08/2022,1
40,Oklahoma,400292,0,0,1,0,79,LE FLORE (79),0,NO APLICA,8,Agosto,11,2022,16,29,CR-NUBBIN RIDGE RD,4,Calle del Condado,Rural,Local,County Highway Agency,0,Sin jurisdiccion especial,0,35.20219444,-94.69109167,Animal vivo,El primer evento no fue una colision con un vehiculo automotor en transporte,Not an Intersection,No fue interseccion,Sobre calle,Ninguna,Dia total,Despejado,No,NO APLICA,99,98,99,98,1,11/08/2022,1
40,Oklahoma,400293,0,0,2,0,109,OKLAHOMA (109),3550,OKLAHOMA CITY,7,Julio,20,2022,16,5,N MACARTHUR BLVD,6,Calle Local Municipalidad,Urbano,Arteria Principal,City or Municipal Highway Agency,0,Sin jurisdiccion especial,0,35.48208056,-97.61898889,Vehiculo en movimiento,Angulo,Not an Intersection,No fue interseccion,Sobre calle,Ninguna,Dia total,Nublado,No,NO APLICA,99,98,99,98,1,20/07/2022,2
40,Oklahoma,400294,0,0,2,0,109,OKLAHOMA (109),3550,OKLAHOMA CITY,7,Julio,26,2022,21,43,NW 150TH ST,6,Calle Local Municipalidad,Rural,Arteria Menor,City or Municipal Highway Agency,0,Sin jurisdiccion especial,0,35.62355278,-97.52244722,Vehiculo en movimiento,Frente a Detrás,Four-Way Intersection,Interseccion de 4 direcciones,Sobre calle,Ninguna,Oscuro sin iluminacion,Despejado,No,NO APLICA,21,43,21,57,1,26/07/2022,3
40,Oklahoma,400295,0,0,1,0,109,OKLAHOMA (109),3550,OKLAHOMA CITY,7,Julio,28,2022,19,3,W HEFNER RD,6,Calle Local Municipalidad,Urbano,Arteria Menor,City or Municipal Highway Agency,0,Sin jurisdiccion especial,0,35.58019167,-97.52386667,Vehiculo Ferrocarril,El primer evento no fue una colision con un vehiculo automotor en transporte,Not an Intersection,No fue interseccion,Sobre calle,Ninguna,Dia total,Nublado,No,012076P,19,3,19,15,1,28/07/2022,1
40,Oklahoma,400296,1,1,1,0,109,OKLAHOMA (109),3550,OKLAHOMA CITY,7,Julio,30,2022,4,4,SR-66 NW 39TH EXPRESSWAY,3,Highway estatal,Urbano,Arteria Principal,State Highway Agency,0,Sin jurisdiccion especial,0,35.51123056,-97.59010278,Peaton,El primer evento no fue una colision con un vehiculo automotor en transporte,Not an Intersection,No fue interseccion,Sobre calle,Ninguna,Oscuro con iluminacion,Nublado,No,NO APLICA,99,98,99,98,1,30/07/2022,1
40,Oklahoma,400297,0,0,1,0,121,PITTSBURG (121),0,NO APLICA,8,Agosto,9,2022,16,30,CR-LAKEAIRE,4,Calle del Condado,Rural,Local,County Highway Agency,0,Sin jurisdiccion especial,0,35.246,-95.5273,Volcadura,El primer evento no fue una colision con un vehiculo automotor en transporte,T-Intersection,Interseccion de T,Sobre calle,Ninguna,Dia total,Despejado,No,NO APLICA,16,47,16,58,1,09/08/2022,4
40,Oklahoma,400298,0,0,1,0,143,TULSA (143),0,NO APLICA,8,Agosto,12,2022,19,4,US-64,2,US Highway,Urbano,Arteria Principal,State Highway Agency,1,Sin jurisdiccion especial,120,36.1582,-96.0535,Otro objeto (no fijo),El primer evento no fue una colision con un vehiculo automotor en transporte,Not an Intersection,No fue interseccion,En el medio,"Zona de trabajo, tipo desconocido",Dia total,Despejado,No,NO APLICA,99,98,99,98,1,12/08/2022,1
40,Oklahoma,400299,1,1,1,0,109,OKLAHOMA (109),3550,OKLAHOMA CITY,8,Agosto,1,2022,9,11,NW 63RD ST,6,Calle Local Municipalidad,Urbano,Arteria Principal,City or Municipal Highway Agency,0,Sin jurisdiccion especial,0,35.5368,-97.5833,No vehiculo o remolque,El primer evento no fue una colision con un vehiculo automotor en transporte,Four-Way Intersection,Interseccion de 4 direcciones,Sobre calle,Ninguna,Dia total,Nublado,No,NO APLICA,9,12,9,22,1,01/08/2022,1
40,Oklahoma,400300,0,0,2,0,27,CLEVELAND (27),3550,OKLAHOMA CITY,8,Agosto,2,2022,18,9,S PORTLAND AVE,6,Calle Local Municipalidad,Urbano,Local,City or Municipal Highway Agency,0,Sin jurisdiccion especial,0,35.36066944,-97.58291389,Vehiculo en movimiento,Angulo,Not an Intersection,No fue interseccion,Sobre calle,Ninguna,Dia total,Nublado,No,NO APLICA,18,9,18,29,1,02/08/2022,2
40,Oklahoma,400301,1,1,1,0,109,OKLAHOMA (109),3550,OKLAHOMA CITY,8,Agosto,5,2022,21,50,SW 59TH ST,6,Calle Local Municipalidad,Urbano,Arteria Principal,City or Municipal Highway Agency,0,Sin jurisdiccion especial,0,35.40621944,-97.53237222,No vehiculo o remolque,El primer evento no fue una colision con un vehiculo automotor en transporte,Four-Way Intersection,Interseccion de 4 direcciones,Sobre calle,Ninguna,Oscuro sin iluminacion,Despejado,No,NO APLICA,21,52,22,13,1,05/08/2022,1
40,Oklahoma,400302,1,1,1,0,143,TULSA (143),4780,TULSA,8,Agosto,7,2022,0,10,E 91ST ST,6,Calle Local Municipalidad,Urbano,Arteria Principal,City or Municipal Highway Agency,0,Sin jurisdiccion especial,0,36.03183889,-95.86428889,Peaton,El primer evento no fue una colision con un vehiculo automotor en transporte,Four-Way Intersection,Interseccion de 4 direcciones,Sobre calle,Ninguna,Oscuro con iluminacion,Despejado,No,NO APLICA,0,13,0,24,1,07/08/2022,1
40,Oklahoma,400303,0,0,1,0,109,OKLAHOMA (109),3550,OKLAHOMA CITY,8,Agosto,7,2022,23,41,I-40 OFF-RAMP,1,Interestatal,Urbano,Interestatal,State Highway Agency,1,Sin jurisdiccion especial,0,35.45604444,-97.51326944,Soporte de Puente,El primer evento no fue una colision con un vehiculo automotor en transporte,T-Intersection,Interseccion de T,Sobre el lado de la calle,Ninguna,Oscuro con iluminacion,Nublado,No,NO APLICA,99,99,99,99,1,07/08/2022,1
40,Oklahoma,400304,1,1,1,0,109,OKLAHOMA (109),3550,OKLAHOMA CITY,8,Agosto,10,2022,5,58,S MACARTHUR BLVD,6,Calle Local Municipalidad,Urbano,Arteria Principal,City or Municipal Highway Agency,0,Sin jurisdiccion especial,0,35.4438,-97.6188,Ciclista,El primer evento no fue una colision con un vehiculo automotor en transporte,Not an Intersection,No fue interseccion,Sobre calle,Ninguna,Oscuro sin iluminacion,Nublado,No,NO APLICA,5,59,6,9,1,10/08/2022,1
40,Oklahoma,400305,0,0,2,0,109,OKLAHOMA (109),3550,OKLAHOMA CITY,8,Agosto,10,2022,13,11,SE 29TH ST,6,Calle Local Municipalidad,Urbano,Arteria Principal,City or Municipal Highway Agency,0,Sin jurisdiccion especial,0,35.4353,-97.46276667,Vehiculo en movimiento,Frente a frente,Four-Way Intersection,Interseccion de 4 direcciones,Sobre calle,Ninguna,Dia total,Despejado,No,NO APLICA,13,12,13,17,1,10/08/2022,3
40,Oklahoma,400306,1,1,1,0,143,TULSA (143),4780,TULSA,8,Agosto,11,2022,14,18,N PEORIA AVE,6,Calle Local Municipalidad,Urbano,Arteria Menor,City or Municipal Highway Agency,0,Sin jurisdiccion especial,0,36.18435833,-95.97588333,Ciclista,El primer evento no fue una colision con un vehiculo automotor en transporte,Four-Way Intersection,Interseccion de 4 direcciones,Sobre calle,Ninguna,Dia total,Despejado,No,NO APLICA,14,15,14,16,1,11/08/2022,2
40,Oklahoma,400307,0,0,1,0,73,KINGFISHER (73),0,NO APLICA,8,Agosto,13,2022,23,25,CR-800,4,Calle del Condado,Rural,Local,County Highway Agency,0,Sin jurisdiccion especial,0,35.8562,-97.7754,Arbol,El primer evento no fue una colision con un vehiculo automotor en transporte,Not an Intersection,No fue interseccion,Sobre el lado de la calle,Ninguna,Oscuro sin iluminacion,Nublado,No,NO APLICA,23,32,23,41,1,13/08/2022,2
40,Oklahoma,400308,0,0,2,0,109,OKLAHOMA (109),3550,OKLAHOMA CITY,8,Agosto,7,2022,16,49,SW 35TH ST,6,Calle Local Municipalidad,Urbano,Local,City or Municipal Highway Agency,0,Sin jurisdiccion especial,0,35.42900556,-97.55235833,Vehiculo en movimiento,Angulo,Four-Way Intersection,Interseccion de 4 direcciones,Sobre calle,Ninguna,Dia total,Nublado,No,NO APLICA,16,49,16,53,2,07/08/2022,6
40,Oklahoma,400309,0,0,1,0,15,CADDO (15),1680,FORT COBB,8,Agosto,14,2022,99,99,SR-9,3,Highway estatal,Rural,Arteria Menor,State Highway Agency,0,Sin jurisdiccion especial,0,35.087,-98.435,Valla Ferrocarril,El primer evento no fue una colision con un vehiculo automotor en transporte,Not an Intersection,No fue interseccion,Sobre el lado de la calle,Ninguna,Reportada como desconocida,Reportado como desconocido,No,NO APLICA,99,98,99,98,2,14/08/2022,2
40,Oklahoma,400310,0,0,1,0,91,MCINTOSH (91),0,NO APLICA,8,Agosto,15,2022,99,99,I-40,1,Interestatal,Rural,Interestatal,State Highway Agency,1,Sin jurisdiccion especial,0,35.45619167,-95.40119444,Acotamiento,El primer evento no fue una colision con un vehiculo automotor en transporte,Not an Intersection,No fue interseccion,En el medio,Ninguna,Reportada como desconocida,Despejado,No,NO APLICA,99,98,99,98,1,15/08/2022,1