Estado,Nombre de Estado,Numero de Caso,Peatones,Personas _no_vehiculos,Vehiculos automotores,Vehiculos estacionados,Condado,Nombre Condado,Ciudad,Nombre Ciudad,Mes,Nombre Mes,Dia,Año,Hora,Minuto,Calle,Ruta,Nombre Ruta,Rural o Urbanoo,Sistema Funcional,Dueño Calle,Sistema Nacional Carreteras,Jurisdiccion Especial,Milla,Latitud,Longitud,Causa del Accidente,Tipo de Accidente,Tipo Interseccion,Columna1,Lugar en la calle,Zona de Trabajo,Luz,Clima,Autobus Escolar,Cruce de Trenes,Hora Notificacion,Minuto Notificacion,Hora Llegada,Minuto Llegada,Decesos,Fecha,PersonaVehiculo
40,Oklahoma,400311,0,0,2,0,79,LE FLORE (79),0,NO APLICA,8,Agosto,17,2022,13,49,US-270,2,US Highway,Rural,Arteria Menor,State Highway Agency,0,Sin jurisdiccion especial,52,34.96674167,-94.78730556,Vehiculo en movimiento,Angulo,Four-Way Intersection,Interseccion de 4 direcciones,Sobre calle,Ninguna,Dia total,Nublado,No,NO APLICA,99,98,99,98,2,17/08/2022,3
40,Oklahoma,400312,0,0,2,0,79,LE FLORE (79),0,NO APLICA,8,Agosto,17,2022,13,10,US-271,2,US Highway,Rural,Colector Mayor,State Highway Agency,0,Sin jurisdiccion especial,202,34.8723,-94.895,Vehiculo en movimiento,Frente a frente,Not an Intersection,No fue interseccion,Sobre calle,Ninguna,Dia total,Nublado,No,NO APLICA,99,99,99,99,1,17/08/2022,3
40,Oklahoma,400313,0,0,1,0,89,MCCURTAIN (89),0,NO APLICA,8,Agosto,21,2022,99,99,US-259,2,US Highway,Rural,Arteria Principal,State Highway Agency,1,Sin jurisdiccion especial,149,33.8422,-94.8261,Poste de Señal de trafico,El primer evento no fue una colision con un vehiculo automotor en transporte,Not an Intersection,No fue interseccion,Sobre el lado de la calle,Ninguna,Reportada como desconocida,Reportado como desconocido,No,NO APLICA,99,98,99,98,1,21/08/2022,1
40,Oklahoma,400314,0,0,3,0,113,OSAGE (113),0,NO APLICA,8,Agosto,19,2022,7,54,US-60,2,US Highway,Rural,Arteria Principal,State Highway Agency,1,Sin jurisdiccion especial,0,36.6875,-96.6897,Vehiculo en movimiento,Angulo,Four-Way Intersection,Interseccion de 4 direcciones,Sobre calle,Ninguna,Dia total,Despejado,No,NO APLICA,99,98,99,98,1,19/08/2022,4
40,Oklahoma,400315,0,0,1,0,125,POTTAWATOMIE (125),0,NO APLICA,8,Agosto,22,2022,22,56,SR-270,3,Highway estatal,Rural,Colector Mayor,State Highway Agency,0,Sin jurisdiccion especial,60,35.4036,-97.0544,Arbol,El primer evento no fue una colision con un vehiculo automotor en transporte,T-Intersection,Interseccion de T,Sobre el lado de la calle,Ninguna,Oscuro sin iluminacion,Despejado,No,NO APLICA,22,57,23,10,2,22/08/2022,2
40,Oklahoma,400316,0,0,2,0,25,CIMARRON (25),0,NO APLICA,8,Agosto,24,2022,7,3,US-287,2,US Highway,Rural,Arteria Principal,State Highway Agency,1,Sin jurisdiccion especial,63,36.8207,-102.5172,Vehiculo en movimiento,Frente a frente,Not an Intersection,No fue interseccion,Sobre calle,Ninguna,Dia total,Despejado,No,NO APLICA,99,99,99,99,2,24/08/2022,3
40,Oklahoma,400317,0,0,1,0,79,LE FLORE (79),0,NO APLICA,8,Agosto,30,2022,9,56,US-259,2,US Highway,Rural,Arteria Principal,State Highway Agency,1,Sin jurisdiccion especial,123,34.617,-94.6322,Volcadura,El primer evento no fue una colision con un vehiculo automotor en transporte,Not an Intersection,No fue interseccion,Sobre el lado de la calle,Ninguna,Dia total,Despejado,No,NO APLICA,99,98,99,98,1,30/08/2022,1
40,Oklahoma,400318,0,0,4,0,143,TULSA (143),4780,TULSA,8,Agosto,11,2022,17,13,SR-11,3,Highway estatal,Urbano,Arteria Principal,State Highway Agency,0,Sin jurisdiccion especial,0,36.171,-95.8847,Vehiculo en movimiento,Frente a Detrás,Not an Intersection,No fue interseccion,Sobre calle,Ninguna,Dia total,Despejado,No,NO APLICA,17,15,17,23,1,11/08/2022,4
40,Oklahoma,400319,0,0,2,0,83,LOGAN (83),2000,GUTHRIE,8,Agosto,13,2022,17,25,SR-33,3,Highway estatal,Urbano,Arteria Principal,State Highway Agency,0,Sin jurisdiccion especial,0,35.9111,-97.3334,Vehiculo en movimiento,Frente a frente,Not an Intersection,No fue interseccion,Sobre calle,Ninguna,Dia total,Despejado,No,NO APLICA,99,99,99,99,1,13/08/2022,2
40,Oklahoma,400320,0,0,1,0,111,OKMULGEE (111),0,NO APLICA,8,Agosto,15,2022,12,32,CR-CREAGER 231ST ST EW0820,4,Calle del Condado,Rural,Local,County Highway Agency,0,Sin jurisdiccion especial,0,35.828,-96.0765,Vehiculo Ferrocarril,El primer evento no fue una colision con un vehiculo automotor en transporte,Not an Intersection,No fue interseccion,Sobre calle,Ninguna,Dia total,Despejado,No,671803H,99,98,99,98,1,15/08/2022,1
40,Oklahoma,400321,0,0,1,0,33,COTTON (33),1320,DEVOL,8,Agosto,18,2022,1,24,US-70 OK-36,2,US Highway,Rural,Colector Mayor,State Highway Agency,0,Sin jurisdiccion especial,0,34.1921,-98.5926,Culvert,El primer evento no fue una colision con un vehiculo automotor en transporte,Not an Intersection,No fue interseccion,Sobre el lado de la calle,Ninguna,Oscuro sin iluminacion,Despejado,No,NO APLICA,99,98,99,98,1,18/08/2022,1
40,Oklahoma,400322,0,0,1,0,53,GRANT (53),3810,POND CREEK,3,Marzo,20,2022,2,10,CR-920 3RD ST,4,Calle del Condado,Rural,Colector Mayor,County Highway Agency,0,Sin jurisdiccion especial,0,36.66446944,-97.803525,Volcadura,El primer evento no fue una colision con un vehiculo automotor en transporte,Not an Intersection,No fue interseccion,Sobre el lado de la calle,Ninguna,Oscuro sin iluminacion,Despejado,No,NO APLICA,99,98,99,98,1,20/03/2022,1
40,Oklahoma,400323,1,1,1,0,109,OKLAHOMA (109),4990,WARR ACRES,6,Junio,25,2022,22,45,N GROVE AVE,6,Calle Local Municipalidad,Urbano,Local,City or Municipal Highway Agency,0,Sin jurisdiccion especial,0,35.52867222,-97.61454167,Peaton,El primer evento no fue una colision con un vehiculo automotor en transporte,Not an Intersection,No fue interseccion,Sobre calle,Ninguna,Oscuro sin iluminacion,Despejado,No,NO APLICA,99,98,99,98,1,25/06/2022,1
40,Oklahoma,400324,0,0,2,0,109,OKLAHOMA (109),3170,MIDWEST CITY,6,Junio,29,2022,18,52,NE 10TH ST,6,Calle Local Municipalidad,Urbano,Arteria Menor,City or Municipal Highway Agency,0,Sin jurisdiccion especial,0,35.47854722,-97.38000833,Vehiculo en movimiento,Angulo,Not an Intersection,No fue interseccion,Sobre calle,Ninguna,Dia total,Despejado,No,NO APLICA,99,99,99,99,1,29/06/2022,2
40,Oklahoma,400325,0,0,2,0,17,CANADIAN (17),3780,PIEDMONT,6,Junio,14,2022,17,22,CR-APACHE ST NW,4,Calle del Condado,Rural,Colector Menor,County Highway Agency,0,Sin jurisdiccion especial,0,35.68198333,-97.74513889,Vehiculo en movimiento,Angulo,Four-Way Intersection,Interseccion de 4 direcciones,Sobre calle,Ninguna,Dia total,Nublado,No,NO APLICA,17,27,17,34,1,14/06/2022,2
40,Oklahoma,400326,0,0,2,0,137,STEPHENS (137),1420,DUNCAN,6,Junio,30,2022,9,42,SR-7 DUNCAN BYPASS,3,Highway estatal,Urbano,Arteria Principal,State Highway Agency,1,Sin jurisdiccion especial,0,34.51055,-97.99584444,Vehiculo en movimiento,Angulo,Not an Intersection,No fue interseccion,Sobre calle,Ninguna,Dia total,Despejado,No,NO APLICA,99,99,99,99,1,30/06/2022,3
40,Oklahoma,400327,0,0,2,0,87,MCCLAIN (87),3870,PURCELL,7,Julio,2,2022,7,20,SR-74,3,Highway estatal,Urbano,Arteria Menor,State Highway Agency,0,Sin jurisdiccion especial,0,34.98398611,-97.37098333,Vehiculo en movimiento,Angulo,Four-Way Intersection,Interseccion de 4 direcciones,Sobre calle,Ninguna,Dia total,Despejado,No,NO APLICA,99,99,99,99,1,02/07/2022,2
40,Oklahoma,400328,0,0,2,0,17,CANADIAN (17),3320,MUSTANG,7,Julio,2,2022,21,3,SR-152,3,Highway estatal,Urbano,Arteria Principal,State Highway Agency,0,Sin jurisdiccion especial,0,35.39155556,-97.77758056,Vehiculo en movimiento,Angulo,T-Intersection,Interseccion de T,Sobre calle,Ninguna,Atardecer,Nublado,No,NO APLICA,99,98,99,98,1,02/07/2022,3
40,Oklahoma,400329,0,0,2,0,143,TULSA (143),1870,GLENPOOL,7,Julio,30,2022,17,53,S PEORIA AVE,6,Calle Local Municipalidad,Urbano,Arteria Menor,City or Municipal Highway Agency,0,Sin jurisdiccion especial,0,35.961625,-95.975975,Vehiculo en movimiento,Angulo,Not an Intersection,No fue interseccion,Sobre calle,Ninguna,Dia total,Despejado,No,NO APLICA,17,55,18,1,1,30/07/2022,3
40,Oklahoma,400330,0,0,1,0,19,CARTER (19),210,ARDMORE,8,Agosto,13,2022,20,38,US-70,2,US Highway,Urbano,Arteria Principal,State Highway Agency,1,Sin jurisdiccion especial,0,34.1351,-97.1044,Alguien se cayo/avento del vehiculo,El primer evento no fue una colision con un vehiculo automotor en transporte,Not an Intersection,No fue interseccion,Sobre calle,Ninguna,Atardecer,Despejado,No,NO APLICA,99,98,99,98,1,13/08/2022,2
40,Oklahoma,400331,0,0,3,0,51,GRADY (51),0,NO APLICA,8,Agosto,19,2022,17,31,SR-4,3,Highway estatal,Rural,Arteria Menor,State Highway Agency,0,Sin jurisdiccion especial,39,35.2715,-97.7245,Vehiculo en movimiento,Frente a frente,Not an Intersection,No fue interseccion,Sobre calle,Ninguna,Dia total,Despejado,No,NO APLICA,99,99,99,99,2,19/08/2022,3
40,Oklahoma,400332,0,0,2,0,7,BEAVER (7),0,NO APLICA,8,Agosto,20,2022,13,58,CR-NS126,4,Calle del Condado,Rural,Colector Mayor,County Highway Agency,0,Sin jurisdiccion especial,0,36.9359,-100.7473,Vehiculo en movimiento,Angulo,Four-Way Intersection,Interseccion de 4 direcciones,Sobre calle,Ninguna,Dia total,Nublado,No,NO APLICA,99,99,99,99,1,20/08/2022,2
40,Oklahoma,400333,0,0,2,0,65,JACKSON (65),0,NO APLICA,8,Agosto,20,2022,20,55,US-283,2,US Highway,Rural,Arteria Menor,State Highway Agency,0,Sin jurisdiccion especial,119,34.8102,-99.3321,Vehiculo en movimiento,Angulo,Not an Intersection,No fue interseccion,Sobre calle,Ninguna,Oscuro sin iluminacion,lluvia,No,NO APLICA,21,0,21,30,1,20/08/2022,2
40,Oklahoma,400334,1,1,1,0,109,OKLAHOMA (109),3550,OKLAHOMA CITY,8,Agosto,26,2022,17,35,NE 27TH ST,6,Calle Local Municipalidad,Urbano,Local,City or Municipal Highway Agency,0,Sin jurisdiccion especial,0,35.49794444,-97.49251111,Ciclista,El primer evento no fue una colision con un vehiculo automotor en transporte,T-Intersection,Interseccion de T,Sobre calle,Ninguna,Dia total,Despejado,No,NO APLICA,17,33,17,42,1,26/08/2022,3
40,Oklahoma,400335,1,1,3,0,135,SEQUOYAH (135),0,NO APLICA,7,Julio,28,2022,13,28,US-64,2,US Highway,Rural,Colector Mayor,State Highway Agency,0,Sin jurisdiccion especial,218,35.39215833,-94.43241389,Vehiculo en movimiento,Frente a Detrás,Not an Intersection,No fue interseccion,Sobre calle,Ninguna,Dia total,Despejado,No,NO APLICA,13,24,13,26,1,28/07/2022,4
40,Oklahoma,400336,0,0,1,0,89,MCCURTAIN (89),0,NO APLICA,9,Septiembre,1,2022,7,38,SR-4,3,Highway estatal,Rural,Colector Mayor,State Highway Agency,0,Sin jurisdiccion especial,116,34.4319,-94.4702,Volcadura,El primer evento no fue una colision con un vehiculo automotor en transporte,Not an Intersection,No fue interseccion,Sobre calle,Ninguna,Dia total,Despejado,No,NO APLICA,99,98,99,98,1,01/09/2022,1
40,Oklahoma,400337,0,0,2,0,49,GARVIN (49),0,NO APLICA,9,Septiembre,1,2022,13,0,I-35,1,Interestatal,Rural,Interestatal,State Highway Agency,1,Sin jurisdiccion especial,0,34.8227,-97.3085,Vehiculo en movimiento,Frente a Detrás,Not an Intersection,No fue interseccion,Sobre calle,"Zona de trabajo, tipo desconocido",Dia total,lluvia,No,NO APLICA,99,99,99,99,1,01/09/2022,3
40,Oklahoma,400338,0,0,2,0,133,SEMINOLE (133),0,NO APLICA,9,Septiembre,2,2022,0,36,I-40,1,Interestatal,Rural,Interestatal,State Highway Agency,1,Sin jurisdiccion especial,0,35.3842,-96.7152,Fin de valla,El primer evento no fue una colision con un vehiculo automotor en transporte,Not an Intersection,No fue interseccion,En el medio,Ninguna,Oscuro sin iluminacion,Nublado,No,NO APLICA,99,99,99,99,1,02/09/2022,3
40,Oklahoma,400339,0,0,1,0,91,MCINTOSH (91),0,NO APLICA,9,Septiembre,7,2022,15,5,CR-1030,4,Calle del Condado,Rural,Colector Mayor,County Highway Agency,0,Sin jurisdiccion especial,0,35.5223,-95.4947,Arbol,El primer evento no fue una colision con un vehiculo automotor en transporte,Not an Intersection,No fue interseccion,Sobre el lado de la calle,Ninguna,Dia total,Despejado,No,NO APLICA,99,98,99,98,1,07/09/2022,1
40,Oklahoma,400340,0,0,2,0,69,JOHNSTON (69),0,NO APLICA,8,Agosto,26,2022,11,9,SR-48,3,Highway estatal,Rural,Colector Mayor,State Highway Agency,0,Sin jurisdiccion especial,34,34.2149,-96.425,Vehiculo en movimiento,Angulo,Not an Intersection,No fue interseccion,Sobre calle,Ninguna,Dia total,Despejado,No,NO APLICA,99,98,99,98,1,26/08/2022,3
40,Oklahoma,400341,0,0,1,0,87,MCCLAIN (87),3378,NEW CASTLE,7,Julio,22,2022,20,32,I-44 EXIT RAMP,1,Interestatal,Urbano,Interestatal,State Highway Agency,1,Sin jurisdiccion especial,0,35.29331111,-97.59950278,Volcadura,El primer evento no fue una colision con un vehiculo automotor en transporte,Not an Intersection,No fue interseccion,Gore?,Ninguna,Dia total,Despejado,No,NO APLICA,99,98,99,98,1,22/07/2022,1
40,Oklahoma,400342,0,0,1,0,121,PITTSBURG (121),2930,MCALESTER,8,Agosto,31,2022,14,0,7TH ST,6,Calle Local Municipalidad,Urbano,Local,City or Municipal Highway Agency,0,Sin jurisdiccion especial,0,34.95176389,-95.75407222,Volcadura,El primer evento no fue una colision con un vehiculo automotor en transporte,Not an Intersection,No fue interseccion,Sobre calle,"Zona de trabajo, tipo desconocido",Dia total,Despejado,No,NO APLICA,14,17,14,22,1,31/08/2022,1
40,Oklahoma,400343,0,0,1,0,145,WAGONER (145),0,NO APLICA,8,Agosto,30,2022,7,57,US-69,2,US Highway,Rural,Arteria Principal,State Highway Agency,1,Sin jurisdiccion especial,32,35.8584,-95.403,Volcadura,El primer evento no fue una colision con un vehiculo automotor en transporte,Not an Intersection,No fue interseccion,Sobre el lado de la calle,Ninguna,Dia total,Despejado,No,NO APLICA,7,59,8,20,1,30/08/2022,3
40,Oklahoma,400344,0,0,2,0,135,SEQUOYAH (135),0,NO APLICA,8,Agosto,31,2022,18,27,SR-100,3,Highway estatal,Rural,Colector Mayor,State Highway Agency,0,Sin jurisdiccion especial,38,35.5809,-95.0873,Vehiculo en movimiento,Frente a frente,Not an Intersection,No fue interseccion,Sobre calle,Ninguna,Dia total,Nublado,No,NO APLICA,19,2,19,36,1,31/08/2022,2
40,Oklahoma,400345,1,1,1,0,109,OKLAHOMA (109),3550,OKLAHOMA CITY,3,Marzo,2,2022,18,57,NW 140TH ST,6,Calle Local Municipalidad,Urbano,Local,City or Municipal Highway Agency,0,Sin jurisdiccion especial,0,35.61343611,-97.5531,Peaton,El primer evento no fue una colision con un vehiculo automotor en transporte,Not an Intersection,No fue interseccion,Sobre calle,Ninguna,Atardecer,Nublado,No,NO APLICA,99,98,99,98,1,02/03/2022,1
40,Oklahoma,400346,0,0,2,0,27,CLEVELAND (27),3430,NORMAN,7,Julio,1,2022,5,34,SR-9,3,Highway estatal,Urbano,Arteria Principal,State Highway Agency,1,Sin jurisdiccion especial,0,35.1894,-97.27011944,Vehiculo en movimiento,Angulo,Not an Intersection,No fue interseccion,Sobre calle,Ninguna,Oscuro sin iluminacion,Despejado,No,NO APLICA,99,99,99,99,1,01/07/2022,2
40,Oklahoma,400347,0,0,1,0,41,DELAWARE (41),0,NO APLICA,9,Septiembre,7,2022,15,40,CR-NS540,4,Calle del Condado,Rural,Colector Mayor,County Highway Agency,0,Sin jurisdiccion especial,0,36.2645,-94.9392,Volcadura,El primer evento no fue una colision con un vehiculo automotor en transporte,Not an Intersection,No fue interseccion,Sobre el lado de la calle,Ninguna,Dia total,Despejado,No,NO APLICA,15,46,16,31,1,07/09/2022,1
40,Oklahoma,400348,1,1,1,0,143,TULSA (143),4780,TULSA,9,Septiembre,3,2022,0,7,E 21ST ST,6,Calle Local Municipalidad,Urbano,Arteria Principal,City or Municipal Highway Agency,0,Sin jurisdiccion especial,0,36.13351111,-95.88864167,Peaton,El primer evento no fue una colision con un vehiculo automotor en transporte,Not an Intersection,No fue interseccion,Sobre calle,Ninguna,Oscuro sin iluminacion,Despejado,No,NO APLICA,99,98,99,98,1,03/09/2022,1
40,Oklahoma,400349,1,1,1,0,143,TULSA (143),4780,TULSA,9,Septiembre,3,2022,5,14,N MINGO RD,6,Calle Local Municipalidad,Urbano,Arteria Menor,City or Municipal Highway Agency,0,Sin jurisdiccion especial,0,36.1708,-95.8688,Peaton,El primer evento no fue una colision con un vehiculo automotor en transporte,Not an Intersection,No fue interseccion,Sobre calle,Ninguna,Dia total,Despejado,No,NO APLICA,99,98,99,98,1,03/09/2022,1
40,Oklahoma,400350,1,1,1,0,143,TULSA (143),4780,TULSA,9,Septiembre,11,2022,1,14,S GARNETT RD,6,Calle Local Municipalidad,Urbano,Arteria Menor,City or Municipal Highway Agency,0,Sin jurisdiccion especial,0,36.1488,-95.8511,Peaton,El primer evento no fue una colision con un vehiculo automotor en transporte,Not an Intersection,No fue interseccion,Sobre calle,Ninguna,Oscuro sin iluminacion,Despejado,No,NO APLICA,99,98,99,98,1,11/09/2022,1
40,Oklahoma,400351,0,0,2,0,113,OSAGE (113),0,NO APLICA,9,Septiembre,1,2022,5,50,SR-20,3,Highway estatal,Rural,Colector Mayor,State Highway Agency,0,Sin jurisdiccion especial,78,36.3731,-96.2645,Vehiculo en movimiento,Frente a frente,Not an Intersection,No fue interseccion,Sobre calle,Ninguna,Oscuro con iluminacion,Despejado,No,NO APLICA,99,99,99,99,3,01/09/2022,3
40,Oklahoma,400352,0,0,1,0,21,CHEROKEE (21),0,NO APLICA,9,Septiembre,5,2022,7,56,SR-82,3,Highway estatal,Rural,Colector Mayor,State Highway Agency,0,Sin jurisdiccion especial,47,35.6868,-94.9111,Volcadura,El primer evento no fue una colision con un vehiculo automotor en transporte,Not an Intersection,No fue interseccion,Sobre el lado de la calle,Ninguna,Oscuro sin iluminacion,Despejado,No,NO APLICA,99,98,99,98,1,05/09/2022,1
40,Oklahoma,400353,0,0,1,0,97,MAYES (97),0,NO APLICA,9,Septiembre,5,2022,10,16,CR-KENWOOD,4,Calle del Condado,Rural,Colector Mayor,County Highway Agency,0,Sin jurisdiccion especial,0,36.2921,-95.0849,Arbol,El primer evento no fue una colision con un vehiculo automotor en transporte,Not an Intersection,No fue interseccion,Sobre el lado de la calle,Ninguna,Dia total,Despejado,No,NO APLICA,99,99,99,99,1,05/09/2022,1
40,Oklahoma,400354,0,0,1,0,149,WASHITA (149),0,NO APLICA,9,Septiembre,5,2022,15,26,SR-54,3,Highway estatal,Rural,Colector Mayor,State Highway Agency,0,Sin jurisdiccion especial,75,35.4008,-98.7292,Culvert,El primer evento no fue una colision con un vehiculo automotor en transporte,Not an Intersection,No fue interseccion,Sobre el lado de la calle,Ninguna,Dia total,Despejado,No,NO APLICA,15,27,16,1,1,05/09/2022,2
40,Oklahoma,400355,0,0,1,0,99,MURRAY (99),0,NO APLICA,9,Septiembre,7,2022,0,46,US-77,2,US Highway,Rural,Colector Mayor,State Highway Agency,0,Sin jurisdiccion especial,0,34.578,-97.1417,Volcadura,El primer evento no fue una colision con un vehiculo automotor en transporte,Not an Intersection,No fue interseccion,Sobre el lado de la calle,Ninguna,Oscuro sin iluminacion,Despejado,No,NO APLICA,99,99,99,99,1,07/09/2022,1
40,Oklahoma,400356,0,0,1,0,37,CREEK (37),0,NO APLICA,9,Septiembre,8,2022,15,53,SR-48,3,Highway estatal,Rural,Colector Mayor,State Highway Agency,0,Sin jurisdiccion especial,18,35.6666,-96.3874,Arbol,El primer evento no fue una colision con un vehiculo automotor en transporte,Not an Intersection,No fue interseccion,Sobre el lado de la calle,Ninguna,Dia total,Despejado,No,NO APLICA,15,53,16,16,2,08/09/2022,2
40,Oklahoma,400357,0,0,2,0,119,PAYNE (119),0,NO APLICA,9,Septiembre,9,2022,7,6,US-177,2,US Highway,Urbano,Arteria Principal,State Highway Agency,0,Sin jurisdiccion especial,60,36.0725,-97.0513,Vehiculo en movimiento,Angulo,Four-Way Intersection,Interseccion de 4 direcciones,Sobre calle,Ninguna,Amanecer,Despejado,No,NO APLICA,7,0,7,6,1,09/09/2022,4
40,Oklahoma,400358,0,0,2,0,33,COTTON (33),0,NO APLICA,9,Septiembre,9,2022,16,46,SR-36,3,Highway estatal,Rural,Colector Mayor,State Highway Agency,0,Sin jurisdiccion especial,13,34.1357,-98.5227,Vehiculo en movimiento,Angulo,Not an Intersection,No fue interseccion,Sobre calle,Ninguna,Dia total,Despejado,No,NO APLICA,99,99,99,99,1,09/09/2022,2
40,Oklahoma,400359,0,0,1,0,119,PAYNE (119),0,NO APLICA,9,Septiembre,11,2022,16,16,SR-51,3,Highway estatal,Rural,Arteria Menor,State Highway Agency,0,Sin jurisdiccion especial,102,36.1163,-97.1814,Zanja,El primer evento no fue una colision con un vehiculo automotor en transporte,Not an Intersection,No fue interseccion,En el medio,Ninguna,Dia total,Despejado,No,NO APLICA,99,98,99,98,1,11/09/2022,1
40,Oklahoma,400360,0,0,1,0,117,PAWNEE (117),0,NO APLICA,9,Septiembre,5,2022,20,57,SR-18,3,Highway estatal,Rural,Arteria Menor,State Highway Agency,0,Sin jurisdiccion especial,39,36.3933,-96.7999,Animal vivo,El primer evento no fue una colision con un vehiculo automotor en transporte,Not an Intersection,No fue interseccion,Sobre calle,Ninguna,Oscuro sin iluminacion,Despejado,No,NO APLICA,99,99,99,99,1,05/09/2022,1
40,Oklahoma,400362,0,0,2,0,89,MCCURTAIN (89),0,NO APLICA,9,Septiembre,14,2022,4,39,SR-3,3,Highway estatal,Rural,Arteria Principal,State Highway Agency,0,Sin jurisdiccion especial,261,34.0315,-94.755,Vehiculo en movimiento,Frente a frente,Not an Intersection,No fue interseccion,Sobre calle,Ninguna,Oscuro sin iluminacion,Despejado,No,NO APLICA,99,99,99,99,1,14/09/2022,2
40,Oklahoma,400363,0,0,1,0,77,LATIMER (77),0,NO APLICA,9,Septiembre,15,2022,2,3,CR-SW 136TH AVE,4,Calle del Condado,Rural,Arteria Menor,County Highway Agency,0,Sin jurisdiccion especial,0,34.8481,-95.5041,Arbol,El primer evento no fue una colision con un vehiculo automotor en transporte,Not an Intersection,No fue interseccion,Sobre el lado de la calle,Ninguna,Oscuro sin iluminacion,Despejado,No,NO APLICA,1,57,2,12,1,15/09/2022,1
40,Oklahoma,400364,0,0,2,0,115,OTTAWA (115),0,NO APLICA,9,Septiembre,17,2022,13,25,SR-69A NS580 RD,3,Highway estatal,Urbano,Arteria Menor,State Highway Agency,0,Sin jurisdiccion especial,36,36.9216,-94.8419,Vehiculo en movimiento,Angulo,T-Intersection,Interseccion de T,Sobre calle,Ninguna,Dia total,Despejado,No,NO APLICA,99,99,99,99,1,17/09/2022,3
40,Oklahoma,400365,0,0,3,0,131,ROGERS (131),0,NO APLICA,8,Agosto,25,2022,11,8,US-412,2,US Highway,Rural,Arteria Principal,State Highway Agency,1,Sin jurisdiccion especial,123,36.1703,-95.5141,Vehiculo en movimiento,Golpe Lateral - misma direccion,Not an Intersection,No fue interseccion,Sobre calle,Ninguna,Dia total,Despejado,No,NO APLICA,11,6,11,23,1,25/08/2022,4
40,Oklahoma,400366,0,0,2,0,109,OKLAHOMA (109),1480,EDMOND,8,Agosto,25,2022,8,10,N KELLY AVE,6,Calle Local Municipalidad,Urbano,Colector Mayor,City or Municipal Highway Agency,0,Sin jurisdiccion especial,0,35.68032778,-97.49622222,Vehiculo en movimiento,Angulo,Not an Intersection,No fue interseccion,Sobre calle,Ninguna,Dia total,Despejado,No,NO APLICA,8,11,8,33,1,25/08/2022,3
40,Oklahoma,400367,1,1,1,0,109,OKLAHOMA (109),3550,OKLAHOMA CITY,9,Septiembre,6,2022,20,42,S SOONER RD,6,Calle Local Municipalidad,Urbano,Arteria Principal,City or Municipal Highway Agency,0,Sin jurisdiccion especial,0,35.41795556,-97.42355278,Peaton,El primer evento no fue una colision con un vehiculo automotor en transporte,Not an Intersection,No fue interseccion,Sobre calle,Ninguna,Oscuro sin iluminacion,Despejado,No,NO APLICA,20,42,20,50,1,06/09/2022,1
40,Oklahoma,400368,0,0,2,0,13,BRYAN (13),1430,DURANT,7,Julio,7,2022,99,99,CHOCTAW RD,6,Calle Local Municipalidad,Urbano,Arteria Menor,City or Municipal Highway Agency,0,Sin jurisdiccion especial,0,33.95414444,-96.41261944,Vehiculo en movimiento,Angulo,Not an Intersection,No fue interseccion,Sobre calle,Ninguna,Oscuro con iluminacion,Despejado,No,NO APLICA,0,13,0,48,1,07/07/2022,2
40,Oklahoma,400369,0,0,1,0,27,CLEVELAND (27),3430,NORMAN,7,Julio,26,2022,0,45,CR-48TH AVE NE,4,Calle del Condado,Rural,Colector Mayor,County Highway Agency,0,Sin jurisdiccion especial,0,35.23904444,-97.37064722,Culvert,El primer evento no fue una colision con un vehiculo automotor en transporte,Not an Intersection,No fue interseccion,Sobre el lado de la calle,Ninguna,Oscuro sin iluminacion,Despejado,No,NO APLICA,99,99,99,99,1,26/07/2022,1
40,Oklahoma,400370,0,0,2,0,47,GARFIELD (47),1550,ENID,8,Agosto,3,2022,11,40,US-412,2,US Highway,Urbano,Arteria Principal,State Highway Agency,1,Sin jurisdiccion especial,0,36.39726667,-97.81214722,Vehiculo en movimiento,Frente a Detrás,Not an Intersection,No fue interseccion,Sobre calle,Ninguna,Dia total,Despejado,No,673829S,99,98,99,98,1,03/08/2022,2
40,Oklahoma,400371,0,0,2,0,137,STEPHENS (137),1420,DUNCAN,8,Agosto,21,2022,12,59,SR-7 DUNCAN BYPASS,3,Highway estatal,Urbano,Arteria Principal,State Highway Agency,1,Sin jurisdiccion especial,0,34.52163889,-97.99636111,Vehiculo en movimiento,Angulo,Four-Way Intersection,Interseccion de 4 direcciones,Sobre calle,Ninguna,Dia total,Nublado,No,NO APLICA,99,99,99,99,2,21/08/2022,3
40,Oklahoma,400372,0,0,2,0,37,CREEK (37),4190,SAPULPA,8,Agosto,25,2022,14,7,SR-117 E TAFT AVE,3,Highway estatal,Urbano,Colector Mayor,State Highway Agency,0,Sin jurisdiccion especial,0,35.98845,-96.07053333,Vehiculo en movimiento,Frente a frente,Not an Intersection,No fue interseccion,Sobre calle,Ninguna,Dia total,Despejado,No,NO APLICA,14,8,14,24,1,25/08/2022,3
40,Oklahoma,400373,0,0,2,0,97,MAYES (97),3855,PRYOR,8,Agosto,30,2022,11,27,US-69 S MILL ST,2,US Highway,Urbano,Arteria Principal,State Highway Agency,1,Sin jurisdiccion especial,0,36.26401944,-95.33316667,Vehiculo en movimiento,Frente a Detrás,Four-Way Intersection,Interseccion de 4 direcciones,Sobre calle,Ninguna,Dia total,Nublado,No,NO APLICA,11,23,11,31,1,30/08/2022,6
40,Oklahoma,400374,0,1,2,1,81,LINCOLN (81),0,NO APLICA,9,Septiembre,3,2022,3,34,I-44 EXIT RAMP,1,Interestatal,Rural,Interestatal,State Highway Agency,1,Sin jurisdiccion especial,0,35.7273,-96.8366,Vehiculo Aparcado,El primer evento no fue una colision con un vehiculo automotor en transporte,Not an Intersection,No fue interseccion,"Fuera de la calle, ubicacion desconocida",Ninguna,Oscuro con iluminacion,Despejado,No,NO APLICA,99,99,99,99,1,03/09/2022,2