Estado,Nombre de Estado,Numero de Caso,Peatones,Personas _no_vehiculos,Vehiculos automotores,Vehiculos estacionados,Condado,Nombre Condado,Ciudad,Nombre Ciudad,Mes,Nombre Mes,Dia,Año,Hora,Minuto,Calle,Ruta,Nombre Ruta,Rural o Urbanoo,Sistema Funcional,Dueño Calle,Sistema Nacional Carreteras,Jurisdiccion Especial,Milla,Latitud,Longitud,Causa del Accidente,Tipo de Accidente,Tipo Interseccion,Columna1,Lugar en la calle,Zona de Trabajo,Luz,Clima,Autobus Escolar,Cruce de Trenes,Hora Notificacion,Minuto Notificacion,Hora Llegada,Minuto Llegada,Decesos,Fecha,PersonaVehiculo
40,Oklahoma,400375,0,0,2,0,55,GREER (55),0,NO APLICA,9,Septiembre,4,2022,0,10,SR-6,3,Highway estatal,Rural,Arteria Menor,State Highway Agency,0,Sin jurisdiccion especial,39,34.9137,-99.3786,Vehiculo en movimiento,Frente a frente,Not an Intersection,No fue interseccion,Sobre calle,Ninguna,Oscuro sin iluminacion,Despejado,No,NO APLICA,0,10,0,46,1,04/09/2022,2
40,Oklahoma,400376,0,0,1,0,65,JACKSON (65),0,NO APLICA,9,Septiembre,10,2022,19,15,CR-EW155,4,Calle del Condado,Rural,Local,County Highway Agency,0,Sin jurisdiccion especial,0,34.7688,-99.3181,Soporte de Puente,El primer evento no fue una colision con un vehiculo automotor en transporte,Not an Intersection,No fue interseccion,Sobre el lado de la calle,Ninguna,Dia total,Nublado,No,NO APLICA,99,99,99,99,1,10/09/2022,1
40,Oklahoma,400377,0,0,2,0,61,HASKELL (61),0,NO APLICA,9,Septiembre,14,2022,15,55,SR-31,3,Highway estatal,Rural,Colector Mayor,State Highway Agency,0,Sin jurisdiccion especial,0,35.1038,-95.1214,Vehiculo en movimiento,Angulo,Four-Way Intersection,Interseccion de 4 direcciones,Sobre calle,Ninguna,Dia total,Despejado,No,NO APLICA,99,98,99,98,1,14/09/2022,2
40,Oklahoma,400378,1,1,1,0,87,MCCLAIN (87),1350,DIBBLE,9,Septiembre,20,2022,21,23,SR-76,3,Highway estatal,Rural,Colector Mayor,State Highway Agency,0,Sin jurisdiccion especial,0,35.0258,-97.6533,Peaton,El primer evento no fue una colision con un vehiculo automotor en transporte,T-Intersection,Interseccion de T,Sobre calle,Ninguna,Oscuro sin iluminacion,Despejado,No,NO APLICA,99,98,99,98,1,20/09/2022,2
40,Oklahoma,400379,0,0,2,0,23,CHOCTAW (23),1970,GRANT,9,Septiembre,22,2022,15,0,US-271,2,US Highway,Rural,Arteria Menor,State Highway Agency,0,Sin jurisdiccion especial,0,33.9391,-95.5238,Vehiculo en movimiento,Angulo,Four-Way Intersection,Interseccion de 4 direcciones,Sobre calle,Ninguna,Dia total,Despejado,No,NO APLICA,99,99,99,99,2,22/09/2022,5
40,Oklahoma,400380,0,0,1,0,129,ROGER MILLS (129),0,NO APLICA,9,Septiembre,23,2022,99,99,CR-1700,4,Calle del Condado,Rural,Local,County Highway Agency,0,Sin jurisdiccion especial,0,35.8849,-99.9611,Barda,El primer evento no fue una colision con un vehiculo automotor en transporte,Not an Intersection,No fue interseccion,Sobre el lado de la calle,Ninguna,Dia total,Despejado,No,NO APLICA,99,98,99,98,1,23/09/2022,1
40,Oklahoma,400381,0,0,1,0,143,TULSA (143),4780,TULSA,9,Septiembre,27,2022,16,3,CR-181ST ST s,4,Calle del Condado,Rural,Local,County Highway Agency,0,Sin jurisdiccion especial,0,35.9011,-95.8949,Culvert,El primer evento no fue una colision con un vehiculo automotor en transporte,Not an Intersection,No fue interseccion,Sobre el lado de la calle,Ninguna,Dia total,Despejado,No,NO APLICA,99,98,99,98,1,27/09/2022,1
40,Oklahoma,400382,0,0,1,0,69,JOHNSTON (69),0,NO APLICA,9,Septiembre,27,2022,17,4,SR-1,3,Highway estatal,Rural,Colector Mayor,State Highway Agency,0,Sin jurisdiccion especial,112,34.2856,-96.7822,Arbol,El primer evento no fue una colision con un vehiculo automotor en transporte,Not an Intersection,No fue interseccion,Sobre el lado de la calle,Ninguna,Dia total,Despejado,No,NO APLICA,99,98,99,98,1,27/09/2022,1
40,Oklahoma,400383,1,1,1,0,27,CLEVELAND (27),3430,NORMAN,7,Julio,15,2022,19,12,SR-9,3,Highway estatal,Rural,Arteria Principal,State Highway Agency,1,Sin jurisdiccion especial,0,35.18955278,-97.29384722,Ciclista,El primer evento no fue una colision con un vehiculo automotor en transporte,Not an Intersection,No fue interseccion,Sobre calle,"Zona de trabajo, tipo desconocido",Dia total,Despejado,No,NO APLICA,99,98,99,98,1,15/07/2022,1
40,Oklahoma,400384,0,0,1,0,131,ROGERS (131),0,NO APLICA,9,Septiembre,27,2022,20,3,CR-S4200,4,Calle del Condado,Rural,Colector Mayor,County Highway Agency,0,Sin jurisdiccion especial,0,36.1342,-95.5322,Zanja,El primer evento no fue una colision con un vehiculo automotor en transporte,Not an Intersection,No fue interseccion,Sobre el lado de la calle,Ninguna,Oscuro sin iluminacion,Despejado,No,NO APLICA,19,56,20,14,1,27/09/2022,1
40,Oklahoma,400385,0,0,2,0,121,PITTSBURG (121),0,NO APLICA,9,Septiembre,30,2022,10,32,US-270 ok-1,2,US Highway,Rural,Arteria Menor,State Highway Agency,0,Sin jurisdiccion especial,85,34.8939,-95.6367,Vehiculo en movimiento,Frente a Detrás,Not an Intersection,No fue interseccion,Sobre calle,Ninguna,Dia total,Despejado,No,NO APLICA,99,98,99,98,1,30/09/2022,2
40,Oklahoma,400386,0,0,1,0,41,DELAWARE (41),0,NO APLICA,9,Septiembre,13,2022,19,20,CR-395,4,Calle del Condado,Rural,Local,County Highway Agency,0,Sin jurisdiccion especial,0,36.4497,-94.9182,Otro objeto (no fijo),El primer evento no fue una colision con un vehiculo automotor en transporte,Not an Intersection,No fue interseccion,Sobre el lado de la calle,Ninguna,Atardecer,Despejado,No,NO APLICA,99,98,99,98,2,13/09/2022,2
40,Oklahoma,400387,0,0,2,0,87,MCCLAIN (87),3870,PURCELL,9,Septiembre,14,2022,0,10,I-35,1,Interestatal,Urbano,Interestatal,State Highway Agency,1,Sin jurisdiccion especial,0,35.0811,-97.4096,Vehiculo en movimiento,Frente a frente,Not an Intersection,No fue interseccion,Sobre calle,Ninguna,Oscuro sin iluminacion,Despejado,No,NO APLICA,99,98,99,98,1,14/09/2022,2
40,Oklahoma,400388,0,0,4,0,81,LINCOLN (81),4530,STROUD,9,Septiembre,17,2022,23,1,I-44,1,Interestatal,Rural,Interestatal,State Highway Agency,1,Sin jurisdiccion especial,0,35.7604,-96.6539,Vehiculo en movimiento,No reportado,Not an Intersection,No fue interseccion,Sobre calle,Ninguna,Oscuro sin iluminacion,Despejado,No,NO APLICA,99,98,99,98,1,17/09/2022,2
40,Oklahoma,400389,0,0,1,0,37,CREEK (37),0,NO APLICA,9,Septiembre,19,2022,6,15,SR-33,3,Highway estatal,Rural,Arteria Menor,State Highway Agency,0,Sin jurisdiccion especial,184,35.9883,-96.3016,Volcadura,El primer evento no fue una colision con un vehiculo automotor en transporte,Not an Intersection,No fue interseccion,Sobre el lado de la calle,Ninguna,Oscuro sin iluminacion,Despejado,No,NO APLICA,99,98,99,98,1,19/09/2022,1
40,Oklahoma,400390,0,0,2,0,31,COMANCHE (31),0,NO APLICA,9,Septiembre,20,2022,15,54,SR-58,3,Highway estatal,Rural,Colector Mayor,State Highway Agency,0,Sin jurisdiccion especial,50,34.7823,-98.5103,Vehiculo en movimiento,Frente a frente,Not an Intersection,No fue interseccion,Sobre calle,Ninguna,Dia total,Despejado,No,NO APLICA,99,98,99,98,1,20/09/2022,2
40,Oklahoma,400391,0,0,2,0,35,CRAIG (35),5110,WELCH,9,Septiembre,21,2022,9,57,US-59,2,US Highway,Rural,Colector Mayor,State Highway Agency,0,Sin jurisdiccion especial,0,36.8737,-95.0901,Vehiculo en movimiento,Angulo,Not an Intersection,No fue interseccion,Sobre calle,Ninguna,Dia total,Despejado,No,NO APLICA,99,98,99,98,1,21/09/2022,2
40,Oklahoma,400392,0,0,2,0,85,LOVE (85),3050,MARIETTA,9,Septiembre,21,2022,20,5,I-35,1,Interestatal,Rural,Interestatal,State Highway Agency,1,Sin jurisdiccion especial,0,33.9226,-97.1337,Vehiculo en movimiento,Frente a Detrás,Not an Intersection,No fue interseccion,Sobre calle,Ninguna,Atardecer,Despejado,No,NO APLICA,99,98,99,98,1,21/09/2022,3
40,Oklahoma,400393,0,0,2,0,109,OKLAHOMA (109),3550,OKLAHOMA CITY,9,Septiembre,15,2022,21,41,S MAY AVE,6,Calle Local Municipalidad,Urbano,Arteria Principal,City or Municipal Highway Agency,0,Sin jurisdiccion especial,0,35.44338611,-97.56554167,Vehiculo en movimiento,Frente a Detrás,Not an Intersection,No fue interseccion,Sobre calle,Ninguna,Oscuro con iluminacion,Nublado,No,NO APLICA,99,98,99,98,1,15/09/2022,2
40,Oklahoma,400394,1,1,1,0,109,OKLAHOMA (109),3550,OKLAHOMA CITY,9,Septiembre,16,2022,22,22,NE 36TH ST,6,Calle Local Municipalidad,Urbano,Colector Mayor,City or Municipal Highway Agency,0,Sin jurisdiccion especial,0,35.50776389,-97.50756389,Peaton,El primer evento no fue una colision con un vehiculo automotor en transporte,Not an Intersection,No fue interseccion,Sobre calle,Ninguna,Oscuro sin iluminacion,Nublado,No,NO APLICA,99,99,99,99,1,16/09/2022,3
40,Oklahoma,400395,0,0,1,0,47,GARFIELD (47),1550,ENID,9,Septiembre,17,2022,4,54,US-81 VAN BUREN,2,US Highway,Urbano,Arteria Principal,State Highway Agency,1,Sin jurisdiccion especial,0,36.35748889,-97.88993889,Valla Ferrocarril,El primer evento no fue una colision con un vehiculo automotor en transporte,Not an Intersection,No fue interseccion,En el medio,Ninguna,Oscuro con iluminacion,Despejado,No,NO APLICA,99,99,99,99,1,17/09/2022,1
40,Oklahoma,400396,0,0,3,0,49,GARVIN (49),0,NO APLICA,9,Septiembre,18,2022,18,54,I-35,1,Interestatal,Rural,Interestatal,State Highway Agency,1,Sin jurisdiccion especial,0,34.8161,-97.3072,Vehiculo en movimiento,Frente a Detrás,Not an Intersection,No fue interseccion,Sobre calle,Construccion,Dia total,Despejado,No,NO APLICA,18,50,19,7,1,18/09/2022,4
40,Oklahoma,400397,0,0,2,0,109,OKLAHOMA (109),3550,OKLAHOMA CITY,9,Septiembre,19,2022,17,54,N COUNCIL RD,6,Calle Local Municipalidad,Urbano,Arteria Menor,City or Municipal Highway Agency,0,Sin jurisdiccion especial,0,35.49421389,-97.65432222,Vehiculo en movimiento,Angulo,Not an Intersection,No fue interseccion,Sobre calle,Ninguna,Dia total,Nublado,No,NO APLICA,17,50,18,2,1,19/09/2022,2
40,Oklahoma,400398,0,0,2,0,143,TULSA (143),4780,TULSA,9,Septiembre,20,2022,17,50,W 51ST ST,6,Calle Local Municipalidad,Urbano,Arteria Menor,City or Municipal Highway Agency,0,Sin jurisdiccion especial,0,36.08981667,-96.01392778,Vehiculo en movimiento,Angulo,Four-Way Intersection,Interseccion de 4 direcciones,Sobre calle,Ninguna,Dia total,Despejado,No,NO APLICA,17,54,18,6,1,20/09/2022,3
40,Oklahoma,400399,0,0,2,0,109,OKLAHOMA (109),3550,OKLAHOMA CITY,9,Septiembre,21,2022,18,20,AIR DEPOT BLVD,6,Calle Local Municipalidad,Urbano,Arteria Menor,City or Municipal Highway Agency,0,Sin jurisdiccion especial,0,35.3974,-97.406,Vehiculo en movimiento,Angulo,Not an Intersection,No fue interseccion,Sobre calle,Ninguna,Dia total,Despejado,No,NO APLICA,18,21,18,40,1,21/09/2022,2
40,Oklahoma,400400,1,1,1,0,109,OKLAHOMA (109),3550,OKLAHOMA CITY,9,Septiembre,22,2022,0,22,I-35,1,Interestatal,Urbano,Interestatal,State Highway Agency,1,Sin jurisdiccion especial,0,35.4629,-97.4781,Peaton,El primer evento no fue una colision con un vehiculo automotor en transporte,Not an Intersection,No fue interseccion,Sobre calle,Ninguna,Oscuro con iluminacion,Nublado,No,NO APLICA,99,98,99,98,1,22/09/2022,1
40,Oklahoma,400401,0,0,1,0,27,CLEVELAND (27),3220,MOORE,5,Mayo,15,2022,5,21,SE 19TH ST,6,Calle Local Municipalidad,Urbano,Colector Mayor,City or Municipal Highway Agency,0,Sin jurisdiccion especial,0,35.31966667,-97.44616389,Poste de Señal de trafico,El primer evento no fue una colision con un vehiculo automotor en transporte,Not an Intersection,No fue interseccion,Sobre el lado de la calle,Ninguna,Oscuro sin iluminacion,Nublado,No,NO APLICA,99,98,99,98,1,15/05/2022,1
40,Oklahoma,400402,0,0,2,0,67,JEFFERSON (67),0,NO APLICA,9,Septiembre,22,2022,14,50,US-81,2,US Highway,Rural,Arteria Principal,State Highway Agency,1,Sin jurisdiccion especial,0,33.8848,-97.9333,Vehiculo en movimiento,Frente a frente,Not an Intersection,No fue interseccion,Sobre calle,Ninguna,Dia total,Despejado,No,NO APLICA,16,6,16,52,2,22/09/2022,3
40,Oklahoma,400403,0,0,2,0,51,GRADY (51),0,NO APLICA,9,Septiembre,25,2022,0,8,I-44,1,Interestatal,Rural,Interestatal,State Highway Agency,1,Sin jurisdiccion especial,0,35.1173,-97.8499,Vehiculo en movimiento,Frente a Detrás,Not an Intersection,No fue interseccion,Sobre calle,Ninguna,Oscuro sin iluminacion,Despejado,No,NO APLICA,99,99,99,99,1,25/09/2022,5
40,Oklahoma,400404,0,0,2,0,109,OKLAHOMA (109),3550,OKLAHOMA CITY,9,Septiembre,25,2022,2,22,SHIELDS BLVD,6,Calle Local Municipalidad,Urbano,Arteria Principal,City or Municipal Highway Agency,0,Sin jurisdiccion especial,0,35.42539167,-97.50806111,Volcadura,El primer evento no fue una colision con un vehiculo automotor en transporte,Four-Way Intersection,Interseccion de 4 direcciones,Sobre calle,Ninguna,Oscuro con iluminacion,Despejado,No,NO APLICA,2,21,2,28,1,25/09/2022,2
40,Oklahoma,400405,0,0,1,0,145,WAGONER (145),0,NO APLICA,9,Septiembre,28,2022,12,24,CR-220,4,Calle del Condado,Rural,Colector Mayor,County Highway Agency,0,Sin jurisdiccion especial,0,36.0322,-95.4938,Volcadura,El primer evento no fue una colision con un vehiculo automotor en transporte,Not an Intersection,No fue interseccion,Sobre calle,Ninguna,Dia total,Despejado,No,NO APLICA,12,20,12,48,1,28/09/2022,2
40,Oklahoma,400406,0,0,1,0,15,CADDO (15),0,NO APLICA,9,Septiembre,28,2022,19,8,CR-E1320,4,Calle del Condado,Rural,Colector Mayor,County Highway Agency,0,Sin jurisdiccion especial,0,35.1027,-98.3804,Volcadura,El primer evento no fue una colision con un vehiculo automotor en transporte,Not an Intersection,No fue interseccion,Sobre el lado de la calle,Ninguna,Oscuro con iluminacion,Despejado,No,NO APLICA,19,15,19,44,2,28/09/2022,4
40,Oklahoma,400407,0,0,1,0,127,PUSHMATAHA (127),0,NO APLICA,9,Septiembre,30,2022,13,50,CR-INDIAN HIGHWAY,4,Calle del Condado,Rural,Local,County Highway Agency,0,Sin jurisdiccion especial,0,34.547,-94.9612,Volcadura,El primer evento no fue una colision con un vehiculo automotor en transporte,Not an Intersection,No fue interseccion,Sobre el lado de la calle,Ninguna,Dia total,Despejado,No,NO APLICA,99,99,99,99,1,30/09/2022,2
40,Oklahoma,400408,0,0,2,0,143,TULSA (143),4780,TULSA,9,Septiembre,26,2022,14,29,N LEWIS AVE,6,Calle Local Municipalidad,Urbano,Arteria Menor,City or Municipal Highway Agency,0,Sin jurisdiccion especial,0,36.2205,-95.9582,Vehiculo en movimiento,Angulo,Y-Intersection,Interseccion de Y,Sobre calle,Ninguna,Dia total,Despejado,No,NO APLICA,14,31,14,38,1,26/09/2022,7
40,Oklahoma,400409,0,0,1,0,143,TULSA (143),4780,TULSA,9,Septiembre,27,2022,20,48,E APACHE ST,6,Calle Local Municipalidad,Urbano,Local,City or Municipal Highway Agency,0,Sin jurisdiccion especial,0,36.1914,-95.9019,Barda,El primer evento no fue una colision con un vehiculo automotor en transporte,Not an Intersection,No fue interseccion,Sobre el lado de la calle,Ninguna,Oscuro sin iluminacion,Despejado,No,NO APLICA,21,59,22,9,1,27/09/2022,3
40,Oklahoma,400410,0,0,2,0,71,KAY (71),0,NO APLICA,9,Septiembre,28,2022,10,59,US-77,2,US Highway,Rural,Arteria Menor,State Highway Agency,0,Sin jurisdiccion especial,218,36.9835,-97.0416,Vehiculo en movimiento,Angulo,Not an Intersection,No fue interseccion,Sobre calle,Ninguna,Dia total,Despejado,No,NO APLICA,99,98,99,98,1,28/09/2022,2
40,Oklahoma,400411,1,1,3,0,37,CREEK (37),0,NO APLICA,9,Septiembre,29,2022,14,50,I-44,1,Interestatal,Rural,Interestatal,State Highway Agency,1,Sin jurisdiccion especial,0,35.8685,-96.3533,Peaton,El primer evento no fue una colision con un vehiculo automotor en transporte,Not an Intersection,No fue interseccion,Sobre Acotamiento,Ninguna,Dia total,Despejado,No,NO APLICA,99,98,99,98,1,29/09/2022,4
40,Oklahoma,400412,0,0,2,0,109,OKLAHOMA (109),3550,OKLAHOMA CITY,9,Septiembre,30,2022,4,45,I-40,1,Interestatal,Urbano,Interestatal,State Highway Agency,1,Sin jurisdiccion especial,0,35.4623,-97.4981,Vehiculo en movimiento,Frente a Detrás,Not an Intersection,No fue interseccion,Sobre calle,Ninguna,Oscuro con iluminacion,Despejado,No,NO APLICA,99,98,99,98,1,30/09/2022,2
40,Oklahoma,400413,0,0,3,0,5,ATOKA (5),0,NO APLICA,9,Septiembre,14,2022,14,39,US-69,2,US Highway,Rural,Arteria Principal,State Highway Agency,1,Sin jurisdiccion especial,102,34.6598,-95.9398,Barrera de Cable,El primer evento no fue una colision con un vehiculo automotor en transporte,Not an Intersection,No fue interseccion,En el medio,Ninguna,Dia total,Despejado,No,NO APLICA,14,48,15,36,1,14/09/2022,4
40,Oklahoma,400414,0,0,6,0,103,NOBLE (103),0,NO APLICA,9,Septiembre,27,2022,14,11,I-35,1,Interestatal,Rural,Interestatal,State Highway Agency,1,Sin jurisdiccion especial,0,36.5465,-97.3457,Vehiculo en movimiento,Frente a Detrás,Not an Intersection,No fue interseccion,Sobre calle,Ninguna,Dia total,Neblina o Humo,No,NO APLICA,14,36,15,0,1,27/09/2022,8
40,Oklahoma,400415,0,0,4,0,27,CLEVELAND (27),3430,NORMAN,9,Septiembre,27,2022,21,28,I-35,1,Interestatal,Urbano,Interestatal,State Highway Agency,1,Sin jurisdiccion especial,0,35.3,-97.4901,Barrera de Trafico de Concreto,El primer evento no fue una colision con un vehiculo automotor en transporte,Not an Intersection,No fue interseccion,En el medio,Ninguna,Oscuro con iluminacion,Despejado,No,NO APLICA,99,98,99,98,1,27/09/2022,4
40,Oklahoma,400416,0,0,2,0,87,MCCLAIN (87),3870,PURCELL,10,Octubre,1,2022,99,99,US-77,2,US Highway,Urbano,Arteria Principal,State Highway Agency,0,Sin jurisdiccion especial,0,35.0125,-97.3661,Vehiculo en movimiento,Frente a frente,Four-Way Intersection,Interseccion de 4 direcciones,Sobre calle,Ninguna,Dia total,Despejado,No,NO APLICA,99,99,99,99,1,01/10/2022,2
40,Oklahoma,400417,0,0,2,0,29,COAL (29),0,NO APLICA,10,Octubre,1,2022,10,10,SR-31,3,Highway estatal,Rural,Colector Mayor,State Highway Agency,0,Sin jurisdiccion especial,85,34.52761111,-96.26666111,Vehiculo en movimiento,Angulo,Four-Way Intersection,Interseccion de 4 direcciones,Sobre calle,Ninguna,Dia total,Despejado,No,NO APLICA,99,99,99,98,1,01/10/2022,2
40,Oklahoma,400418,1,1,1,0,15,CADDO (15),0,NO APLICA,10,Octubre,1,2022,19,40,CR-2650,4,Calle del Condado,Rural,Local,County Highway Agency,0,Sin jurisdiccion especial,0,35.0076,-98.269,Peaton,El primer evento no fue una colision con un vehiculo automotor en transporte,Not an Intersection,No fue interseccion,Sobre calle,Ninguna,Atardecer,Despejado,No,NO APLICA,99,98,99,98,1,01/10/2022,3
40,Oklahoma,400419,0,0,1,0,5,ATOKA (5),0,NO APLICA,10,Octubre,2,2022,4,0,SR-3,3,Highway estatal,Rural,Arteria Principal,State Highway Agency,1,Sin jurisdiccion especial,25,34.3982,-96.1681,Volcadura,El primer evento no fue una colision con un vehiculo automotor en transporte,Not an Intersection,No fue interseccion,Sobre el lado de la calle,Ninguna,Oscuro sin iluminacion,Despejado,No,NO APLICA,99,98,99,98,1,02/10/2022,1
40,Oklahoma,400420,0,0,2,0,39,CUSTER (39),0,NO APLICA,10,Octubre,3,2022,14,52,CR-N2310,4,Calle del Condado,Rural,Colector Mayor,County Highway Agency,0,Sin jurisdiccion especial,0,35.59323611,-98.88050556,Vehiculo en movimiento,Frente a frente,Not an Intersection,No fue interseccion,Sobre el lado de la calle,Ninguna,Dia total,Despejado,No,NO APLICA,14,49,15,39,3,03/10/2022,5
40,Oklahoma,400421,0,1,2,1,143,TULSA (143),4780,TULSA,8,Agosto,9,2022,14,39,I-44,1,Interestatal,Urbano,Interestatal,State Highway Agency,1,Sin jurisdiccion especial,0,36.1469,-95.8496,Vehiculo Aparcado,El primer evento no fue una colision con un vehiculo automotor en transporte,Not an Intersection,No fue interseccion,Sobre Acotamiento,Ninguna,Dia total,Despejado,No,NO APLICA,14,34,14,42,1,09/08/2022,1
40,Oklahoma,400422,0,0,1,0,113,OSAGE (113),4780,TULSA,10,Octubre,3,2022,17,6,W PINE ST,6,Calle Local Municipalidad,Urbano,Arteria Menor,City or Municipal Highway Agency,0,Sin jurisdiccion especial,0,36.1766,-96.0199,Acotamiento,El primer evento no fue una colision con un vehiculo automotor en transporte,T-Intersection,Interseccion de T,Sobre el lado de la calle,Ninguna,Dia total,Despejado,No,NO APLICA,99,98,99,98,1,03/10/2022,1
40,Oklahoma,400423,0,0,1,0,79,LE FLORE (79),220,ARKOMA,10,Octubre,4,2022,7,5,SR-9A,3,Highway estatal,Rural,Colector Mayor,State Highway Agency,0,Sin jurisdiccion especial,0,35.3174,-94.4774,Arbol,El primer evento no fue una colision con un vehiculo automotor en transporte,Not an Intersection,No fue interseccion,Sobre el lado de la calle,Ninguna,Dia total,Nublado,No,NO APLICA,99,99,99,99,1,04/10/2022,3
40,Oklahoma,400424,0,0,2,0,143,TULSA (143),400,BIXBY,1,Enero,26,2022,7,48,SR-67 W 151ST ST,3,Highway estatal,Urbano,Arteria Menor,Town or Township Highway Agency,0,Sin jurisdiccion especial,0,35.94451667,-95.92693611,Vehiculo en movimiento,Angulo,T-Intersection,Interseccion de T,Sobre calle,Ninguna,Dia total,Nublado,No,NO APLICA,7,43,8,17,1,26/01/2022,3
40,Oklahoma,400425,1,1,3,0,31,COMANCHE (31),2750,LAWTON,2,Febrero,14,2022,21,40,NW CACHE RD,6,Calle Local Municipalidad,Urbano,Arteria Principal,City or Municipal Highway Agency,0,Sin jurisdiccion especial,0,34.6234,-98.46996111,Peaton,El primer evento no fue una colision con un vehiculo automotor en transporte,Not an Intersection,No fue interseccion,Sobre calle,Ninguna,Oscuro sin iluminacion,Despejado,No,NO APLICA,99,99,99,99,1,14/02/2022,3
40,Oklahoma,400426,0,0,2,0,143,TULSA (143),4780,TULSA,10,Octubre,4,2022,17,26,N HUDSON AVE,6,Calle Local Municipalidad,Urbano,Local,City or Municipal Highway Agency,0,Sin jurisdiccion especial,0,36.1608,-95.9135,Vehiculo en movimiento,Angulo,Four-Way Intersection,Interseccion de 4 direcciones,Sobre calle,Ninguna,Dia total,Despejado,No,NO APLICA,99,99,99,99,1,04/10/2022,2
40,Oklahoma,400427,1,1,1,0,17,CANADIAN (17),3550,OKLAHOMA CITY,10,Octubre,4,2022,21,36,N COUNTY LINE RD,6,Calle Local Municipalidad,Urbano,Arteria Menor,City or Municipal Highway Agency,0,Sin jurisdiccion especial,0,35.5846,-97.6741,Peaton,El primer evento no fue una colision con un vehiculo automotor en transporte,Not an Intersection,No fue interseccion,Sobre calle,Ninguna,Oscuro sin iluminacion,Despejado,No,NO APLICA,99,98,99,98,1,04/10/2022,1
40,Oklahoma,400428,0,0,1,0,131,ROGERS (131),0,NO APLICA,10,Octubre,6,2022,3,26,CR-S4200,4,Calle del Condado,Rural,Colector Mayor,County Highway Agency,0,Sin jurisdiccion especial,0,36.1145,-95.5296,Poste de Señal de trafico,El primer evento no fue una colision con un vehiculo automotor en transporte,Not an Intersection,No fue interseccion,Sobre el lado de la calle,Ninguna,Oscuro sin iluminacion,Despejado,No,NO APLICA,99,99,99,99,1,06/10/2022,2
40,Oklahoma,400429,1,1,1,0,143,TULSA (143),4780,TULSA,10,Octubre,6,2022,5,19,E PINE ST,6,Calle Local Municipalidad,Urbano,Arteria Menor,City or Municipal Highway Agency,0,Sin jurisdiccion especial,0,36.1771,-95.8674,Peaton,El primer evento no fue una colision con un vehiculo automotor en transporte,Not an Intersection,No fue interseccion,Sobre calle,Ninguna,Oscuro sin iluminacion,Despejado,No,NO APLICA,99,98,99,98,1,06/10/2022,1
40,Oklahoma,400430,0,0,1,0,143,TULSA (143),4780,TULSA,10,Octubre,8,2022,18,43,I-44,1,Interestatal,Urbano,Interestatal,State Highway Agency,1,Sin jurisdiccion especial,0,36.090575,-95.95720833,Muro,El primer evento no fue una colision con un vehiculo automotor en transporte,Not an Intersection,No fue interseccion,Sobre el lado de la calle,Ninguna,Dia total,Despejado,No,NO APLICA,99,98,99,98,1,08/10/2022,1
40,Oklahoma,400431,0,0,1,0,41,DELAWARE (41),0,NO APLICA,10,Octubre,9,2022,14,3,CR-S670,4,Calle del Condado,Rural,Colector Mayor,County Highway Agency,0,Sin jurisdiccion especial,0,36.3364,-94.6889,Arbol,El primer evento no fue una colision con un vehiculo automotor en transporte,Not an Intersection,No fue interseccion,Sobre el lado de la calle,Ninguna,Dia total,Despejado,No,NO APLICA,99,98,99,98,1,09/10/2022,1
40,Oklahoma,400432,0,0,1,0,139,TEXAS (139),0,NO APLICA,10,Octubre,10,2022,17,53,CR-CC CR-51,4,Calle del Condado,Rural,Local,County Highway Agency,0,Sin jurisdiccion especial,0,36.5881,-101.9285,Volcadura,El primer evento no fue una colision con un vehiculo automotor en transporte,Not an Intersection,No fue interseccion,Sobre el lado de la calle,Ninguna,Dia total,Despejado,No,NO APLICA,99,99,99,99,1,10/10/2022,1
40,Oklahoma,400433,0,0,1,0,91,MCINTOSH (91),0,NO APLICA,10,Octubre,11,2022,17,36,SR-9,3,Highway estatal,Rural,Colector Mayor,State Highway Agency,0,Sin jurisdiccion especial,19,35.2709,-95.7758,Volcadura,El primer evento no fue una colision con un vehiculo automotor en transporte,Not an Intersection,No fue interseccion,Sobre calle,Ninguna,Dia total,Nublado,No,NO APLICA,17,31,17,45,1,11/10/2022,1
40,Oklahoma,400434,0,0,1,0,95,MARSHALL (95),0,NO APLICA,10,Octubre,11,2022,19,30,SR-199,3,Highway estatal,Rural,Colector Mayor,State Highway Agency,0,Sin jurisdiccion especial,44,34.0854,-96.6917,Barda,El primer evento no fue una colision con un vehiculo automotor en transporte,Not an Intersection,No fue interseccion,Sobre el lado de la calle,Ninguna,Oscuro sin iluminacion,Nublado,No,NO APLICA,99,98,99,98,1,11/10/2022,1
40,Oklahoma,400435,0,0,1,0,149,WASHITA (149),0,NO APLICA,10,Octubre,12,2022,8,3,SR-115,3,Highway estatal,Rural,Colector Mayor,State Highway Agency,0,Sin jurisdiccion especial,15,35.1352,-98.7409,Volcadura,El primer evento no fue una colision con un vehiculo automotor en transporte,Not an Intersection,No fue interseccion,Sobre el lado de la calle,Ninguna,Dia total,Despejado,No,NO APLICA,99,98,99,98,1,12/10/2022,1
40,Oklahoma,400436,1,1,1,0,143,TULSA (143),4780,TULSA,10,Octubre,14,2022,20,3,N LEWIS AVE,6,Calle Local Municipalidad,Urbano,Arteria Menor,City or Municipal Highway Agency,0,Sin jurisdiccion especial,0,36.22085278,-95.95819722,Peaton,El primer evento no fue una colision con un vehiculo automotor en transporte,T-Intersection,Interseccion de T,Sobre calle,Ninguna,Oscuro sin iluminacion,Despejado,No,NO APLICA,20,4,20,9,1,14/10/2022,1
40,Oklahoma,400437,0,0,2,0,45,ELLIS (45),0,NO APLICA,9,Septiembre,16,2022,10,40,CR-NS191,4,Calle del Condado,Rural,Colector Mayor,County Highway Agency,0,Sin jurisdiccion especial,0,36.1591,-99.5961,Vehiculo en movimiento,Angulo,Four-Way Intersection,Interseccion de 4 direcciones,Sobre calle,Ninguna,Dia total,Nublado,No,NO APLICA,99,99,99,99,1,16/09/2022,3