Estado,Nombre de Estado,Numero de Caso,Peatones,Personas _no_vehiculos,Vehiculos automotores,Vehiculos estacionados,Condado,Nombre Condado,Ciudad,Nombre Ciudad,Mes,Nombre Mes,Dia,Año,Hora,Minuto,Calle,Ruta,Nombre Ruta,Rural o Urbanoo,Sistema Funcional,Dueño Calle,Sistema Nacional Carreteras,Jurisdiccion Especial,Milla,Latitud,Longitud,Causa del Accidente,Tipo de Accidente,Tipo Interseccion,Columna1,Lugar en la calle,Zona de Trabajo,Luz,Clima,Autobus Escolar,Cruce de Trenes,Hora Notificacion,Minuto Notificacion,Hora Llegada,Minuto Llegada,Decesos,Fecha,PersonaVehiculo
40,Oklahoma,400438,0,0,1,0,131,ROGERS (131),0,NO APLICA,9,Septiembre,21,2022,18,18,CR-NS4210,4,Calle del Condado,Rural,Colector Mayor,County Highway Agency,0,Sin jurisdiccion especial,0,36.1226,-95.5117,Culvert,El primer evento no fue una colision con un vehiculo automotor en transporte,Not an Intersection,No fue interseccion,Sobre el lado de la calle,Ninguna,Dia total,Despejado,No,NO APLICA,18,16,18,41,1,21/09/2022,1
40,Oklahoma,400439,0,0,1,0,11,BLAINE (11),0,NO APLICA,9,Septiembre,29,2022,99,99,SR-51A,3,Highway estatal,Rural,Arteria Menor,State Highway Agency,0,Sin jurisdiccion especial,9,36.07,-98.4797,Zanja,El primer evento no fue una colision con un vehiculo automotor en transporte,Not an Intersection,No fue interseccion,Sobre el lado de la calle,Ninguna,Oscuro sin iluminacion,Despejado,No,NO APLICA,99,98,99,98,1,29/09/2022,2
40,Oklahoma,400440,0,0,3,0,85,LOVE (85),0,NO APLICA,10,Octubre,10,2022,19,53,SR-32,3,Highway estatal,Rural,Colector Mayor,State Highway Agency,0,Sin jurisdiccion especial,234,33.9404,-97.1517,Vehiculo en movimiento,Angulo,Not an Intersection,No fue interseccion,Sobre calle,Ninguna,Oscuro sin iluminacion,Despejado,No,NO APLICA,19,54,20,1,1,10/10/2022,4
40,Oklahoma,400441,0,0,1,0,11,BLAINE (11),0,NO APLICA,10,Octubre,12,2022,20,5,SR-51,3,Highway estatal,Rural,Colector Mayor,State Highway Agency,0,Sin jurisdiccion especial,49,36.0579,-98.5499,Arbol,El primer evento no fue una colision con un vehiculo automotor en transporte,Not an Intersection,No fue interseccion,Sobre el lado de la calle,Ninguna,Oscuro sin iluminacion,Despejado,No,NO APLICA,99,98,99,98,1,12/10/2022,1
40,Oklahoma,400442,0,0,2,0,131,ROGERS (131),0,NO APLICA,10,Octubre,15,2022,6,39,SR-88,3,Highway estatal,Rural,Colector Mayor,State Highway Agency,0,Sin jurisdiccion especial,50,36.2334,-95.5544,Vehiculo en movimiento,Angulo,Not an Intersection,No fue interseccion,Sobre calle,Ninguna,Amanecer,Despejado,No,NO APLICA,6,35,6,48,1,15/10/2022,2
40,Oklahoma,400443,0,0,1,0,147,WASHINGTON (147),0,NO APLICA,10,Octubre,16,2022,20,32,CR-N3950,4,Calle del Condado,Rural,Local,County Highway Agency,0,Sin jurisdiccion especial,0,36.941,-95.9716,Arbol,El primer evento no fue una colision con un vehiculo automotor en transporte,Not an Intersection,No fue interseccion,Sobre el lado de la calle,Ninguna,Oscuro sin iluminacion,Despejado,No,NO APLICA,99,98,99,98,1,16/10/2022,1
40,Oklahoma,400444,0,0,1,0,135,SEQUOYAH (135),0,NO APLICA,10,Octubre,18,2022,12,47,SR-10A,3,Highway estatal,Rural,Colector Mayor,State Highway Agency,0,Sin jurisdiccion especial,0,35.6197,-95.073,Alguien se cayo/avento del vehiculo,El primer evento no fue una colision con un vehiculo automotor en transporte,Not an Intersection,No fue interseccion,Sobre el lado de la calle,Ninguna,Dia total,Despejado,No,NO APLICA,12,44,13,0,1,18/10/2022,1
40,Oklahoma,400445,0,0,3,0,109,OKLAHOMA (109),3550,OKLAHOMA CITY,9,Septiembre,29,2022,0,34,i-44,1,Interestatal,Urbano,Interestatal,State Highway Agency,1,Sin jurisdiccion especial,0,35.4271,-97.575,Valla Ferrocarril,El primer evento no fue una colision con un vehiculo automotor en transporte,Not an Intersection,No fue interseccion,En el medio,Ninguna,Oscuro sin iluminacion,Despejado,No,NO APLICA,0,17,0,32,1,29/09/2022,3
40,Oklahoma,400446,0,0,1,0,101,MUSKOGEE (101),0,NO APLICA,10,Octubre,8,2022,99,99,MUSKOGEE TPK SR-351 EXIT RAMP,8,Otro,Rural,Arteria Principal,State Toll Road,1,Sin jurisdiccion especial,0,35.4998,-95.175,Banqueta,El primer evento no fue una colision con un vehiculo automotor en transporte,Not an Intersection,No fue interseccion,Gore?,Ninguna,Oscuro sin iluminacion,Despejado,No,NO APLICA,99,98,99,98,1,08/10/2022,1
40,Oklahoma,400447,0,0,2,0,49,GARVIN (49),0,NO APLICA,10,Octubre,9,2022,14,9,SR-76,3,Highway estatal,Rural,Colector Mayor,State Highway Agency,0,Sin jurisdiccion especial,89,34.8098,-97.5982,Vehiculo en movimiento,Frente a frente,Not an Intersection,No fue interseccion,Sobre calle,Ninguna,Dia total,Nublado,No,NO APLICA,14,14,14,41,1,09/10/2022,3
40,Oklahoma,400448,0,0,1,0,123,PONTOTOC (123),0,NO APLICA,10,Octubre,1,2022,0,33,CR-SANDY CREEK DR 1538,4,Calle del Condado,Rural,Local,County Highway Agency,0,Sin jurisdiccion especial,0,34.7835,-96.7088,Piedrotototota,El primer evento no fue una colision con un vehiculo automotor en transporte,Not an Intersection,No fue interseccion,Sobre el lado de la calle,Ninguna,Oscuro sin iluminacion,Despejado,No,NO APLICA,99,98,99,98,1,01/10/2022,1
40,Oklahoma,400449,0,0,1,0,121,PITTSBURG (121),2660,KREBS,10,Octubre,24,2022,12,30,US-270,2,US Highway,Urbano,Arteria Principal,State Highway Agency,0,Sin jurisdiccion especial,0,34.92439444,-95.72424444,Volcadura,El primer evento no fue una colision con un vehiculo automotor en transporte,Not an Intersection,No fue interseccion,Sobre el lado de la calle,Ninguna,Dia total,lluvia,No,NO APLICA,99,99,99,98,1,24/10/2022,1
40,Oklahoma,400450,0,0,2,0,37,CREEK (37),0,NO APLICA,10,Octubre,10,2022,17,32,SR-97,3,Highway estatal,Urbano,Arteria Principal,State Highway Agency,0,Sin jurisdiccion especial,34,36.0465,-96.1194,Vehiculo en movimiento,Angulo,Four-Way Intersection,Interseccion de 4 direcciones,Sobre calle,Ninguna,Dia total,Despejado,No,NO APLICA,17,33,17,41,1,10/10/2022,2
40,Oklahoma,400451,0,0,1,0,135,SEQUOYAH (135),0,NO APLICA,10,Octubre,12,2022,0,50,US-64,2,US Highway,Rural,Colector Mayor,State Highway Agency,0,Sin jurisdiccion especial,205,35.4044,-94.4524,Volcadura,El primer evento no fue una colision con un vehiculo automotor en transporte,Not an Intersection,No fue interseccion,Sobre el lado de la calle,Ninguna,Oscuro sin iluminacion,Despejado,No,NO APLICA,99,98,99,98,1,12/10/2022,1
40,Oklahoma,400452,0,0,1,0,153,WOODWARD (153),0,NO APLICA,10,Octubre,15,2022,0,20,CR-EW45,4,Calle del Condado,Rural,Local,County Highway Agency,0,Sin jurisdiccion especial,0,36.3625,-99.48,Acotamiento,El primer evento no fue una colision con un vehiculo automotor en transporte,T-Intersection,Interseccion de T,Sobre el lado de la calle,Ninguna,Oscuro sin iluminacion,Nublado,No,NO APLICA,88,88,88,88,1,15/10/2022,2
40,Oklahoma,400453,1,1,1,0,49,GARVIN (49),0,NO APLICA,10,Octubre,15,2022,19,33,US-177,2,US Highway,Rural,Arteria Menor,State Highway Agency,0,Sin jurisdiccion especial,121,34.6513,-96.9677,Ciclista,El primer evento no fue una colision con un vehiculo automotor en transporte,Four-Way Intersection,Interseccion de 4 direcciones,Sobre calle,Ninguna,Oscuro sin iluminacion,Nublado,No,NO APLICA,21,8,21,40,1,15/10/2022,5
40,Oklahoma,400454,0,0,2,0,149,WASHITA (149),0,NO APLICA,10,Octubre,18,2022,19,56,SR-152,3,Highway estatal,Rural,Colector Mayor,State Highway Agency,0,Sin jurisdiccion especial,20,35.2914,-98.9517,Vehiculo en movimiento,Frente a Detrás,Not an Intersection,No fue interseccion,Sobre calle,Ninguna,Oscuro sin iluminacion,Despejado,No,NO APLICA,99,99,99,99,1,18/10/2022,2
40,Oklahoma,400455,0,0,2,0,23,CHOCTAW (23),2340,HUGO,10,Octubre,19,2022,9,27,US-70,2,US Highway,Rural,Arteria Principal,State Highway Agency,1,Sin jurisdiccion especial,0,33.995,-95.4868,Vehiculo en movimiento,Angulo,T-Intersection,Interseccion de T,Sobre calle,Ninguna,Dia total,Despejado,No,NO APLICA,99,98,99,98,1,19/10/2022,2
40,Oklahoma,400456,0,0,2,0,143,TULSA (143),4780,TULSA,10,Octubre,14,2022,12,30,S GARNETT RD,6,Calle Local Municipalidad,Urbano,Arteria Menor,City or Municipal Highway Agency,0,Sin jurisdiccion especial,0,36.1075,-95.8512,Vehiculo en movimiento,Angulo,T-Intersection,Interseccion de T,Sobre calle,Ninguna,Dia total,Despejado,No,NO APLICA,12,32,12,41,1,14/10/2022,2
40,Oklahoma,400457,0,0,1,0,121,PITTSBURG (121),2930,MCALESTER,6,Junio,28,2022,20,12,US-69,2,US Highway,Urbano,Arteria Principal,State Highway Agency,1,Sin jurisdiccion especial,0,34.90210556,-95.74998889,Poste,El primer evento no fue una colision con un vehiculo automotor en transporte,Not an Intersection,No fue interseccion,Sobre el lado de la calle,Ninguna,Dia total,Despejado,No,NO APLICA,20,18,20,22,1,28/06/2022,1
40,Oklahoma,400458,0,0,2,0,131,ROGERS (131),0,NO APLICA,10,Octubre,15,2022,12,23,CR-4220,4,Calle del Condado,Rural,Local,County Highway Agency,0,Sin jurisdiccion especial,0,36.0886,-95.4939,Barda,El primer evento no fue una colision con un vehiculo automotor en transporte,Not an Intersection,No fue interseccion,Sobre el lado de la calle,Ninguna,Dia total,Despejado,No,NO APLICA,12,29,12,53,1,15/10/2022,3
40,Oklahoma,400459,0,0,1,0,23,CHOCTAW (23),0,NO APLICA,10,Octubre,16,2022,20,41,CR-E200,4,Calle del Condado,Rural,Local,County Highway Agency,0,Sin jurisdiccion especial,0,34.1144,-95.3496,Arbol,El primer evento no fue una colision con un vehiculo automotor en transporte,Not an Intersection,No fue interseccion,Sobre el lado de la calle,Ninguna,Oscuro sin iluminacion,Nublado,No,NO APLICA,99,98,99,98,1,16/10/2022,1
40,Oklahoma,400460,0,0,1,0,79,LE FLORE (79),0,NO APLICA,10,Octubre,19,2022,9,38,US-259,2,US Highway,Rural,Arteria Principal,State Highway Agency,1,Sin jurisdiccion especial,123,34.6169,-94.6318,Barrera de Trafico de Concreto,El primer evento no fue una colision con un vehiculo automotor en transporte,Not an Intersection,No fue interseccion,Sobre el lado de la calle,Ninguna,Dia total,Despejado,No,NO APLICA,9,48,10,50,3,19/10/2022,5
40,Oklahoma,400461,0,0,2,0,9,BECKHAM (9),0,NO APLICA,10,Octubre,19,2022,17,57,I-40,1,Interestatal,Rural,Interestatal,State Highway Agency,1,Sin jurisdiccion especial,0,35.3563,-99.5603,Barrera de Cable,El primer evento no fue una colision con un vehiculo automotor en transporte,Not an Intersection,No fue interseccion,En el medio,Ninguna,Dia total,Despejado,No,NO APLICA,99,98,99,98,1,19/10/2022,3
40,Oklahoma,400462,0,0,3,0,109,OKLAHOMA (109),3550,OKLAHOMA CITY,10,Octubre,20,2022,99,99,I-44,1,Interestatal,Urbano,Interestatal,State Highway Agency,1,Sin jurisdiccion especial,0,35.6185,-97.3258,Vehiculo en movimiento,Frente a Detrás,Not an Intersection,No fue interseccion,Sobre calle,Ninguna,Dia total,Despejado,No,NO APLICA,99,99,99,99,1,20/10/2022,3
40,Oklahoma,400463,0,0,1,0,5,ATOKA (5),0,NO APLICA,10,Octubre,21,2022,17,24,SR-7,3,Highway estatal,Rural,Colector Mayor,State Highway Agency,0,Sin jurisdiccion especial,30,34.3791,-96.2755,Volcadura,El primer evento no fue una colision con un vehiculo automotor en transporte,Not an Intersection,No fue interseccion,Sobre el lado de la calle,Ninguna,Dia total,Despejado,No,NO APLICA,99,98,99,98,1,21/10/2022,1
40,Oklahoma,400464,1,1,1,0,143,TULSA (143),4780,TULSA,10,Octubre,25,2022,21,56,I-44,1,Interestatal,Urbano,Interestatal,State Highway Agency,1,Sin jurisdiccion especial,0,36.1365,-95.864,Peaton,El primer evento no fue una colision con un vehiculo automotor en transporte,Not an Intersection,No fue interseccion,Sobre calle,Ninguna,Oscuro con iluminacion,Despejado,No,NO APLICA,99,98,99,98,1,25/10/2022,1
40,Oklahoma,400465,0,0,1,0,109,OKLAHOMA (109),3550,OKLAHOMA CITY,10,Octubre,28,2022,99,99,I-44,1,Interestatal,Urbano,Interestatal,State Highway Agency,1,Sin jurisdiccion especial,0,35.3988,-97.5748,Fin de valla,El primer evento no fue una colision con un vehiculo automotor en transporte,Not an Intersection,No fue interseccion,Sobre el lado de la calle,Ninguna,Oscuro sin iluminacion,lluvia,No,NO APLICA,99,98,99,98,1,28/10/2022,1
40,Oklahoma,400466,0,0,2,0,115,OTTAWA (115),0,NO APLICA,10,Octubre,29,2022,20,28,US-69,2,US Highway,Urbano,Arteria Principal,State Highway Agency,1,Sin jurisdiccion especial,87,36.9436,-94.836,Vehiculo en movimiento,Frente a frente,Not an Intersection,No fue interseccion,Sobre calle,Ninguna,Oscuro sin iluminacion,lluvia,No,NO APLICA,99,99,99,99,1,29/10/2022,2
40,Oklahoma,400467,0,0,1,0,117,PAWNEE (117),0,NO APLICA,10,Octubre,31,2022,19,8,US-64,2,US Highway,Rural,Arteria Menor,State Highway Agency,0,Sin jurisdiccion especial,216,36.1859,-96.2703,Estructura de puente overhead,El primer evento no fue una colision con un vehiculo automotor en transporte,Not an Intersection,No fue interseccion,Sobre el lado de la calle,Ninguna,Oscuro sin iluminacion,Despejado,No,NO APLICA,99,98,99,98,1,31/10/2022,1
40,Oklahoma,400468,1,1,2,0,143,TULSA (143),4780,TULSA,10,Octubre,2,2022,18,50,I-244,1,Interestatal,Urbano,Interestatal,State Highway Agency,1,Sin jurisdiccion especial,0,36.1648,-95.8681,Vehiculo en movimiento,Golpe Lateral - misma direccion,Not an Intersection,No fue interseccion,Sobre calle,Ninguna,Dia total,Despejado,No,NO APLICA,18,45,18,52,1,02/10/2022,2
40,Oklahoma,400469,0,0,2,0,1,ADAIR (1),0,NO APLICA,11,Noviembre,1,2022,7,56,US-59,2,US Highway,Rural,Arteria Principal,State Highway Agency,1,Sin jurisdiccion especial,99,35.7683,-94.6261,Vehiculo en movimiento,Angulo,Not an Intersection,No fue interseccion,Sobre calle,Ninguna,Dia total,Despejado,No,NO APLICA,99,99,99,99,1,01/11/2022,2
40,Oklahoma,400470,0,0,2,0,109,OKLAHOMA (109),1480,EDMOND,10,Octubre,6,2022,9,54,W 33RD ST,6,Calle Local Municipalidad,Urbano,Arteria Menor,City or Municipal Highway Agency,0,Sin jurisdiccion especial,0,35.62371389,-97.50782222,Vehiculo en movimiento,Frente a frente,Not an Intersection,No fue interseccion,Sobre calle,Ninguna,Dia total,Despejado,No,NO APLICA,9,55,10,15,1,06/10/2022,3
40,Oklahoma,400471,1,1,1,0,109,OKLAHOMA (109),3550,OKLAHOMA CITY,10,Octubre,28,2022,22,50,I-40 SERVICE RD,7,Calle Local,Urbano,Interestatal,State Highway Agency,1,Sin jurisdiccion especial,0,35.4606,-97.559,Peaton,El primer evento no fue una colision con un vehiculo automotor en transporte,Not an Intersection,No fue interseccion,Sobre calle,Ninguna,Oscuro sin iluminacion,lluvia,No,NO APLICA,22,53,23,1,1,28/10/2022,1
40,Oklahoma,400472,1,1,1,0,27,CLEVELAND (27),3550,OKLAHOMA CITY,10,Octubre,30,2022,3,0,SW 164TH ST,6,Calle Local Municipalidad,Urbano,Local,City or Municipal Highway Agency,0,Sin jurisdiccion especial,0,35.30522222,-97.525975,Peaton,El primer evento no fue una colision con un vehiculo automotor en transporte,Not an Intersection,No fue interseccion,Sobre calle,Ninguna,Oscuro sin iluminacion,Nublado,No,NO APLICA,99,98,99,98,1,30/10/2022,1
40,Oklahoma,400473,1,1,1,0,27,CLEVELAND (27),3550,OKLAHOMA CITY,10,Octubre,30,2022,19,52,SR-77H,3,Highway estatal,Urbano,Colector Mayor,State Highway Agency,0,Sin jurisdiccion especial,0,35.32745,-97.42359722,Peaton,El primer evento no fue una colision con un vehiculo automotor en transporte,Not an Intersection,No fue interseccion,Sobre calle,Ninguna,Oscuro sin iluminacion,Nublado,No,NO APLICA,99,98,99,98,1,30/10/2022,1
40,Oklahoma,400474,0,0,2,0,81,LINCOLN (81),4530,STROUD,9,Septiembre,28,2022,15,46,SR-99,3,Highway estatal,Rural,Arteria Menor,State Highway Agency,0,Sin jurisdiccion especial,0,35.73151111,-96.66310556,Vehiculo en movimiento,Angulo,Four-Way Intersection,Interseccion de 4 direcciones,Sobre calle,Ninguna,Dia total,Despejado,No,NO APLICA,99,99,99,99,1,28/09/2022,3
40,Oklahoma,400475,1,1,1,0,109,OKLAHOMA (109),3550,OKLAHOMA CITY,11,Noviembre,1,2022,4,33,SE 44TH ST,6,Calle Local Municipalidad,Urbano,Arteria Menor,City or Municipal Highway Agency,0,Sin jurisdiccion especial,0,35.4209,-97.4786,Peaton,El primer evento no fue una colision con un vehiculo automotor en transporte,Not an Intersection,No fue interseccion,Sobre calle,Ninguna,Oscuro sin iluminacion,Despejado,No,NO APLICA,4,38,4,47,1,01/11/2022,1
40,Oklahoma,400476,1,1,1,0,109,OKLAHOMA (109),3550,OKLAHOMA CITY,11,Noviembre,2,2022,21,4,N PENNSYLVANIA AVE,6,Calle Local Municipalidad,Urbano,Arteria Principal,City or Municipal Highway Agency,0,Sin jurisdiccion especial,0,35.4689,-97.5479,Peaton,El primer evento no fue una colision con un vehiculo automotor en transporte,Four-Way Intersection,Interseccion de 4 direcciones,Sobre calle,Ninguna,Oscuro con iluminacion,Despejado,No,NO APLICA,21,5,21,26,1,02/11/2022,1
40,Oklahoma,400477,0,0,2,0,13,BRYAN (13),0,NO APLICA,11,Noviembre,4,2022,14,7,US-70,2,US Highway,Rural,Arteria Principal,State Highway Agency,1,Sin jurisdiccion especial,25,33.9993,-96.5915,Vehiculo en movimiento,Angulo,Not an Intersection,No fue interseccion,Sobre calle,Ninguna,Dia total,lluvia,No,NO APLICA,99,99,99,99,2,04/11/2022,4
40,Oklahoma,400479,0,0,2,0,143,TULSA (143),590,BROKEN ARROW,11,Noviembre,10,2022,19,49,W KENOSHA ST,6,Calle Local Municipalidad,Urbano,Arteria Principal,City or Municipal Highway Agency,0,Sin jurisdiccion especial,0,36.06091389,-95.83308889,Vehiculo en movimiento,Frente a frente,Four-Way Intersection,Interseccion de 4 direcciones,Sobre calle,Ninguna,Oscuro con iluminacion,lluvia,No,NO APLICA,19,50,19,55,1,10/11/2022,3
40,Oklahoma,400480,0,0,1,0,121,PITTSBURG (121),0,NO APLICA,11,Noviembre,12,2022,19,11,INDIAN NATION TURNPIKE,8,Otro,Rural,Arteria Principal,State Toll Road,1,Sin jurisdiccion especial,179,35.1092,-95.8907,Animal vivo,El primer evento no fue una colision con un vehiculo automotor en transporte,Not an Intersection,No fue interseccion,Sobre calle,Ninguna,Oscuro sin iluminacion,Despejado,No,NO APLICA,99,98,99,98,2,12/11/2022,2
40,Oklahoma,400481,1,1,1,0,143,TULSA (143),0,NO APLICA,11,Noviembre,14,2022,5,52,CR-S 209TH W AVE,4,Calle del Condado,Urbano,Colector Mayor,County Highway Agency,0,Sin jurisdiccion especial,0,36.1537,-96.226,Peaton,El primer evento no fue una colision con un vehiculo automotor en transporte,Not an Intersection,No fue interseccion,Sobre calle,Ninguna,Oscuro sin iluminacion,Nublado,No,NO APLICA,99,98,99,98,1,14/11/2022,1
40,Oklahoma,400482,1,1,1,0,147,WASHINGTON (147),0,NO APLICA,11,Noviembre,14,2022,18,9,US-75,2,US Highway,Rural,Arteria Principal,State Highway Agency,1,Sin jurisdiccion especial,189,36.6969,-95.9345,Peaton,El primer evento no fue una colision con un vehiculo automotor en transporte,Not an Intersection,No fue interseccion,Sobre calle,Ninguna,Oscuro con iluminacion,lluvia,No,NO APLICA,99,99,99,99,1,14/11/2022,1
40,Oklahoma,400483,0,0,2,0,3,ALFALFA (3),0,NO APLICA,11,Noviembre,15,2022,17,5,SR-45,3,Highway estatal,Rural,Colector Mayor,State Highway Agency,0,Sin jurisdiccion especial,80,36.5356,-98.2836,Vehiculo en movimiento,Angulo,Four-Way Intersection,Interseccion de 4 direcciones,Sobre calle,Ninguna,Dia total,Despejado,No,NO APLICA,99,98,99,98,1,15/11/2022,2
40,Oklahoma,400484,0,0,1,0,49,GARVIN (49),0,NO APLICA,11,Noviembre,16,2022,8,54,SR-74,3,Highway estatal,Rural,Colector Mayor,State Highway Agency,0,Sin jurisdiccion especial,10,34.6383,-97.3986,Barda,El primer evento no fue una colision con un vehiculo automotor en transporte,Not an Intersection,No fue interseccion,Sobre el lado de la calle,Ninguna,Dia total,Despejado,No,NO APLICA,99,99,99,99,1,16/11/2022,1
40,Oklahoma,400485,0,0,1,0,143,TULSA (143),0,NO APLICA,11,Noviembre,17,2022,20,16,SR-364 CREEK TPK,3,Highway estatal,Urbano,Arteria Principal,State Toll Road,1,Sin jurisdiccion especial,0,36.0099,-96.0167,Barda,El primer evento no fue una colision con un vehiculo automotor en transporte,Not an Intersection,No fue interseccion,Sobre el lado de la calle,Ninguna,Oscuro con iluminacion,Despejado,No,NO APLICA,99,98,99,98,1,17/11/2022,1
40,Oklahoma,400486,0,0,2,0,83,LOGAN (83),2730,LANGSTON,11,Noviembre,18,2022,19,3,SR-33,3,Highway estatal,Rural,Arteria Menor,State Highway Agency,0,Sin jurisdiccion especial,0,35.9496,-97.2826,Vehiculo en movimiento,Angulo,T-Intersection,Interseccion de T,Sobre calle,Ninguna,Oscuro sin iluminacion,Despejado,No,NO APLICA,99,99,99,99,1,18/11/2022,3
40,Oklahoma,400487,0,0,2,0,21,CHEROKEE (21),0,NO APLICA,11,Noviembre,18,2022,20,24,US-62,2,US Highway,Rural,Arteria Menor,State Highway Agency,0,Sin jurisdiccion especial,62,35.9295,-94.8536,Vehiculo en movimiento,Frente a frente,Not an Intersection,No fue interseccion,Sobre calle,Ninguna,Oscuro sin iluminacion,Nublado,No,NO APLICA,99,99,99,99,1,18/11/2022,3
40,Oklahoma,400488,0,0,2,0,145,WAGONER (145),0,NO APLICA,11,Noviembre,20,2022,15,47,CR-700,4,Calle del Condado,Rural,Colector Menor,County Highway Agency,0,Sin jurisdiccion especial,0,36.0025,-95.2878,Vehiculo en movimiento,Angulo,Not an Intersection,No fue interseccion,Sobre calle,Ninguna,Dia total,Despejado,No,NO APLICA,99,99,99,99,1,20/11/2022,2
40,Oklahoma,400489,0,0,1,0,121,PITTSBURG (121),0,NO APLICA,5,Mayo,7,2022,18,50,CR-MASSEY POINT,4,Calle del Condado,Rural,Local,County Highway Agency,0,Sin jurisdiccion especial,0,35.0755,-95.6352,Piedrotototota,El primer evento no fue una colision con un vehiculo automotor en transporte,Not an Intersection,No fue interseccion,Sobre el lado de la calle,Ninguna,Dia total,Despejado,No,NO APLICA,88,88,88,88,1,07/05/2022,1
40,Oklahoma,400490,0,0,3,0,145,WAGONER (145),0,NO APLICA,5,Mayo,20,2022,18,46,US-69,2,US Highway,Rural,Arteria Principal,State Highway Agency,1,Sin jurisdiccion especial,160,35.8467,-95.4029,Vehiculo en movimiento,Angulo,Four-Way Intersection,Interseccion de 4 direcciones,Sobre calle,Ninguna,Dia total,Despejado,No,NO APLICA,99,98,99,98,1,20/05/2022,6
40,Oklahoma,400491,1,1,2,0,143,TULSA (143),4780,TULSA,9,Septiembre,12,2022,7,39,E 81ST ST,6,Calle Local Municipalidad,Urbano,Arteria Menor,City or Municipal Highway Agency,0,Sin jurisdiccion especial,0,36.04634444,-95.96015556,Peaton,El primer evento no fue una colision con un vehiculo automotor en transporte,Not an Intersection,No fue interseccion,Sobre calle,Ninguna,Dia total,Despejado,No,NO APLICA,99,99,99,99,1,12/09/2022,2
40,Oklahoma,400492,0,0,1,0,83,LOGAN (83),0,NO APLICA,10,Octubre,6,2022,11,0,CR-CHARTER OAK,4,Calle del Condado,Rural,Local,County Highway Agency,0,Sin jurisdiccion especial,0,35.7543,-97.3476,Buzon de correo,El primer evento no fue una colision con un vehiculo automotor en transporte,Not an Intersection,No fue interseccion,Sobre el lado de la calle,Ninguna,Dia total,Despejado,No,NO APLICA,99,98,99,98,1,06/10/2022,1
40,Oklahoma,400493,0,0,1,0,27,CLEVELAND (27),3430,NORMAN,4,Abril,8,2022,6,58,120TH AVE SE,6,Calle Local Municipalidad,Rural,Colector Mayor,City or Municipal Highway Agency,0,Sin jurisdiccion especial,0,35.18894722,-97.26509722,Volcadura,El primer evento no fue una colision con un vehiculo automotor en transporte,T-Intersection,Interseccion de T,Sobre calle,Ninguna,Dia total,Despejado,No,NO APLICA,99,99,99,99,1,08/04/2022,2
40,Oklahoma,400494,0,0,2,0,27,CLEVELAND (27),3430,NORMAN,10,Octubre,19,2022,17,27,SR-9,3,Highway estatal,Urbano,Arteria Menor,State Highway Agency,0,Sin jurisdiccion especial,0,35.18941944,-97.37065833,Vehiculo en movimiento,Angulo,Four-Way Intersection,Interseccion de 4 direcciones,Sobre calle,Ninguna,Atardecer,Despejado,No,NO APLICA,99,99,99,99,1,19/10/2022,2
40,Oklahoma,400495,0,0,1,0,27,CLEVELAND (27),3430,NORMAN,10,Octubre,20,2022,20,19,E INDIAN HILLS RD SE 179TH ST,6,Calle Local Municipalidad,Rural,Local,City or Municipal Highway Agency,0,Sin jurisdiccion especial,0,35.29076111,-97.39007778,Soporte de Puente,El primer evento no fue una colision con un vehiculo automotor en transporte,Not an Intersection,No fue interseccion,Sobre el lado de la calle,Ninguna,Oscuro sin iluminacion,Despejado,No,NO APLICA,99,98,99,98,1,20/10/2022,1
40,Oklahoma,400496,0,0,2,0,51,GRADY (51),4800,TUTTLE,10,Octubre,28,2022,21,58,SR-4,3,Highway estatal,Rural,Arteria Menor,State Highway Agency,0,Sin jurisdiccion especial,0,35.31996944,-97.72409722,Vehiculo en movimiento,Angulo,Four-Way Intersection,Interseccion de 4 direcciones,Sobre calle,Ninguna,Oscuro sin iluminacion,lluvia,No,NO APLICA,99,99,99,99,1,28/10/2022,2
40,Oklahoma,400497,0,0,2,0,121,PITTSBURG (121),2930,MCALESTER,11,Noviembre,6,2022,13,35,SR-270,3,Highway estatal,Urbano,Arteria Principal,State Highway Agency,0,Sin jurisdiccion especial,0,34.93649722,-95.78173056,Vehiculo en movimiento,Angulo,Four-Way Intersection,Interseccion de 4 direcciones,Sobre calle,Ninguna,Dia total,Despejado,No,NO APLICA,99,99,99,99,1,06/11/2022,3
40,Oklahoma,400498,0,0,1,0,37,CREEK (37),4190,SAPULPA,11,Noviembre,27,2022,11,24,SR-66 new sapulpa rd,3,Highway estatal,Urbano,Arteria Principal,State Highway Agency,0,Sin jurisdiccion especial,0,36.02073333,-96.09496667,Culvert,El primer evento no fue una colision con un vehiculo automotor en transporte,Not an Intersection,No fue interseccion,Sobre el lado de la calle,Ninguna,Dia total,Despejado,No,NO APLICA,99,99,99,99,1,27/11/2022,1
40,Oklahoma,400499,1,1,1,0,121,PITTSBURG (121),2630,KIOWA,11,Noviembre,29,2022,20,0,US-69,2,US Highway,Rural,Arteria Principal,State Highway Agency,1,Sin jurisdiccion especial,0,34.72466944,-95.898425,Peaton,El primer evento no fue una colision con un vehiculo automotor en transporte,T-Intersection,Interseccion de T,Sobre calle,Ninguna,Oscuro - iluminacion desconocida,Despejado,No,NO APLICA,99,98,99,98,1,29/11/2022,1
40,Oklahoma,400500,0,0,2,0,143,TULSA (143),4780,TULSA,11,Noviembre,7,2022,22,31,S 145TH E AVE,6,Calle Local Municipalidad,Urbano,Arteria Principal,City or Municipal Highway Agency,0,Sin jurisdiccion especial,0,36.102475,-95.81534167,Vehiculo en movimiento,Frente a frente,Not an Intersection,No fue interseccion,Sobre calle,Ninguna,Oscuro sin iluminacion,Nublado,No,NO APLICA,99,99,99,99,1,07/11/2022,2