Estado,Nombre de Estado,Numero de Caso,Peatones,Personas _no_vehiculos,Vehiculos automotores,Vehiculos estacionados,Condado,Nombre Condado,Ciudad,Nombre Ciudad,Mes,Nombre Mes,Dia,Año,Hora,Minuto,Calle,Ruta,Nombre Ruta,Rural o Urbanoo,Sistema Funcional,Dueño Calle,Sistema Nacional Carreteras,Jurisdiccion Especial,Milla,Latitud,Longitud,Causa del Accidente,Tipo de Accidente,Tipo Interseccion,Columna1,Lugar en la calle,Zona de Trabajo,Luz,Clima,Autobus Escolar,Cruce de Trenes,Hora Notificacion,Minuto Notificacion,Hora Llegada,Minuto Llegada,Decesos,Fecha,PersonaVehiculo
40,Oklahoma,400501,0,0,2,0,113,OSAGE (113),4780,TULSA,11,Noviembre,9,2022,17,14,N GILCREASE MUSEUM RD,6,Calle Local Municipalidad,Urbano,Colector Mayor,City or Municipal Highway Agency,0,Sin jurisdiccion especial,0,36.1874,-96.0198,Vehiculo en movimiento,Angulo,Four-Way Intersection,Interseccion de 4 direcciones,Sobre calle,Ninguna,Atardecer,Nublado,No,NO APLICA,99,99,99,99,1,09/11/2022,2
40,Oklahoma,400502,0,0,2,0,31,COMANCHE (31),2750,LAWTON,8,Agosto,27,2022,21,8,NE FLOWER MOUND RD,6,Calle Local Municipalidad,Urbano,Arteria Menor,City or Municipal Highway Agency,0,Sin jurisdiccion especial,0,34.62311944,-98.35228056,Vehiculo en movimiento,Angulo,Four-Way Intersection,Interseccion de 4 direcciones,Sobre calle,Ninguna,Oscuro con iluminacion,Despejado,No,NO APLICA,99,99,99,99,1,27/08/2022,4
40,Oklahoma,400503,0,0,2,0,125,POTTAWATOMIE (125),0,NO APLICA,11,Noviembre,11,2022,5,15,SR-39,3,Highway estatal,Rural,Colector Mayor,State Highway Agency,0,Sin jurisdiccion especial,90,34.9701,-96.7767,Vehiculo en movimiento,Angulo,Not an Intersection,No fue interseccion,Sobre calle,Ninguna,Oscuro sin iluminacion,Nublado,No,NO APLICA,99,99,99,99,1,11/11/2022,2
40,Oklahoma,400504,0,0,4,0,109,OKLAHOMA (109),3550,OKLAHOMA CITY,11,Noviembre,15,2022,19,44,NW 23RD ST,6,Calle Local Municipalidad,Urbano,Arteria Principal,City or Municipal Highway Agency,0,Sin jurisdiccion especial,0,35.49326667,-97.62030556,Vehiculo en movimiento,Frente a Detrás,Not an Intersection,No fue interseccion,Sobre calle,Ninguna,Oscuro sin iluminacion,Despejado,No,NO APLICA,99,99,99,99,1,15/11/2022,6
40,Oklahoma,400505,0,0,2,1,143,TULSA (143),0,NO APLICA,11,Noviembre,13,2022,4,54,US-64 e 167th st s,2,US Highway,Rural,Arteria Principal,State Highway Agency,1,Sin jurisdiccion especial,122,35.9209,-95.8017,Poste de Señal de trafico,El primer evento no fue una colision con un vehiculo automotor en transporte,Not an Intersection,No fue interseccion,Sobre el lado de la calle,Ninguna,Oscuro sin iluminacion,Despejado,No,NO APLICA,99,98,99,98,1,13/11/2022,1
40,Oklahoma,400506,1,1,1,0,143,TULSA (143),4780,TULSA,11,Noviembre,17,2022,20,15,N MEMORIAL DR,6,Calle Local Municipalidad,Urbano,Arteria Principal,City or Municipal Highway Agency,0,Sin jurisdiccion especial,0,36.1702,-95.8866,Peaton,El primer evento no fue una colision con un vehiculo automotor en transporte,Not an Intersection,No fue interseccion,Sobre calle,Ninguna,Oscuro sin iluminacion,Despejado,No,NO APLICA,99,99,99,99,1,17/11/2022,1
40,Oklahoma,400507,1,1,1,0,109,OKLAHOMA (109),3550,OKLAHOMA CITY,11,Noviembre,22,2022,18,4,W RENO AVE,6,Calle Local Municipalidad,Urbano,Arteria Principal,City or Municipal Highway Agency,0,Sin jurisdiccion especial,0,35.46410833,-97.59835,Ciclista,El primer evento no fue una colision con un vehiculo automotor en transporte,Not an Intersection,No fue interseccion,Sobre calle,Ninguna,Oscuro sin iluminacion,Nublado,No,NO APLICA,99,98,99,98,1,22/11/2022,1
40,Oklahoma,400508,0,0,2,0,69,JOHNSTON (69),0,NO APLICA,11,Noviembre,17,2022,17,26,SR-1,3,Highway estatal,Rural,Colector Mayor,State Highway Agency,0,Sin jurisdiccion especial,107,34.3802,-96.8087,Vehiculo en movimiento,Frente a frente,Not an Intersection,No fue interseccion,Sobre Acotamiento,Ninguna,Dia total,Despejado,No,NO APLICA,99,99,99,99,1,17/11/2022,3
40,Oklahoma,400509,0,0,2,0,21,CHEROKEE (21),0,NO APLICA,11,Noviembre,21,2022,10,18,US-62,2,US Highway,Rural,Arteria Menor,State Highway Agency,0,Sin jurisdiccion especial,158,35.84865278,-95.02041389,Vehiculo en movimiento,Angulo,Four-Way Intersection,Interseccion de 4 direcciones,Sobre calle,Ninguna,Dia total,Despejado,No,NO APLICA,99,99,99,99,1,21/11/2022,2
40,Oklahoma,400510,0,0,2,0,143,TULSA (143),4780,TULSA,11,Noviembre,29,2022,18,30,E 51ST ST,6,Calle Local Municipalidad,Urbano,Arteria Menor,City or Municipal Highway Agency,0,Sin jurisdiccion especial,0,36.0899,-95.8971,Volcadura,El primer evento no fue una colision con un vehiculo automotor en transporte,T-Intersection,Interseccion de T,Sobre calle,Ninguna,Oscuro con iluminacion,Despejado,No,NO APLICA,99,99,99,99,1,29/11/2022,2
40,Oklahoma,400511,0,0,1,0,133,SEMINOLE (133),0,NO APLICA,11,Noviembre,23,2022,7,16,SR-59,3,Highway estatal,Rural,Colector Mayor,State Highway Agency,0,Sin jurisdiccion especial,37,35.1453,-96.6101,Arbol,El primer evento no fue una colision con un vehiculo automotor en transporte,Not an Intersection,No fue interseccion,Sobre el lado de la calle,Ninguna,Dia total,lluvia,No,NO APLICA,99,99,99,99,1,23/11/2022,3
40,Oklahoma,400512,0,0,2,0,35,CRAIG (35),0,NO APLICA,11,Noviembre,23,2022,14,38,SR-82,3,Highway estatal,Rural,Colector Mayor,State Highway Agency,0,Sin jurisdiccion especial,10,36.5249,-95.0597,Vehiculo en movimiento,Frente a Detrás,Four-Way Intersection,Interseccion de 4 direcciones,Sobre calle,Ninguna,Dia total,Nublado,No,NO APLICA,99,99,99,99,1,23/11/2022,3
40,Oklahoma,400513,0,0,1,0,91,MCINTOSH (91),0,NO APLICA,11,Noviembre,23,2022,16,11,CR-E1090,4,Calle del Condado,Rural,Colector Mayor,County Highway Agency,0,Sin jurisdiccion especial,0,35.4309,-95.8006,Calle mal pavimentada,El primer evento no fue una colision con un vehiculo automotor en transporte,Not an Intersection,No fue interseccion,Sobre calle,Ninguna,Dia total,Despejado,No,NO APLICA,99,99,99,99,1,23/11/2022,1
40,Oklahoma,400514,0,0,2,0,143,TULSA (143),4780,TULSA,11,Noviembre,25,2022,19,42,E 71ST ST,6,Calle Local Municipalidad,Urbano,Arteria Principal,City or Municipal Highway Agency,0,Sin jurisdiccion especial,0,36.06059444,-95.97319444,Vehiculo en movimiento,Frente a Detrás,Not an Intersection,No fue interseccion,Sobre calle,Ninguna,Oscuro con iluminacion,Despejado,No,NO APLICA,99,99,99,99,1,25/11/2022,3
40,Oklahoma,400515,0,0,2,0,81,LINCOLN (81),0,NO APLICA,11,Noviembre,25,2022,15,18,US-177,2,US Highway,Rural,Arteria Menor,State Highway Agency,0,Sin jurisdiccion especial,79,35.7971,-97.018,Vehiculo en movimiento,Frente a Detrás,Four-Way Intersection,Interseccion de 4 direcciones,Sobre calle,Ninguna,Dia total,Despejado,No,NO APLICA,99,98,99,98,1,25/11/2022,2
40,Oklahoma,400516,1,1,1,0,109,OKLAHOMA (109),3550,OKLAHOMA CITY,11,Noviembre,26,2022,1,23,I-44,1,Interestatal,Urbano,Interestatal,State Highway Agency,1,Sin jurisdiccion especial,0,35.5118,-97.5545,Peaton,El primer evento no fue una colision con un vehiculo automotor en transporte,Not an Intersection,No fue interseccion,Sobre calle,Ninguna,Oscuro con iluminacion,lluvia,No,NO APLICA,99,98,99,98,1,26/11/2022,1
40,Oklahoma,400517,1,1,3,2,145,WAGONER (145),0,NO APLICA,11,Noviembre,26,2022,18,43,US-69,2,US Highway,Rural,Arteria Principal,State Highway Agency,1,Sin jurisdiccion especial,80,35.9263,-95.3953,Vehiculo Aparcado,El primer evento no fue una colision con un vehiculo automotor en transporte,Not an Intersection,No fue interseccion,Sobre Acotamiento,Ninguna,Oscuro sin iluminacion,lluvia,No,NO APLICA,99,99,99,99,1,26/11/2022,1
40,Oklahoma,400518,0,0,1,0,27,CLEVELAND (27),3430,NORMAN,11,Noviembre,26,2022,22,56,I-35,1,Interestatal,Urbano,Interestatal,State Highway Agency,1,Sin jurisdiccion especial,0,35.2794,-97.4846,Acotamiento,El primer evento no fue una colision con un vehiculo automotor en transporte,Not an Intersection,No fue interseccion,En el medio,Ninguna,Oscuro con iluminacion,lluvia,No,NO APLICA,99,99,99,99,1,26/11/2022,3
40,Oklahoma,400519,1,1,1,0,109,OKLAHOMA (109),3550,OKLAHOMA CITY,11,Noviembre,29,2022,0,20,I-40,1,Interestatal,Urbano,Interestatal,State Highway Agency,1,Sin jurisdiccion especial,0,35.4603,-97.6558,Peaton,El primer evento no fue una colision con un vehiculo automotor en transporte,Not an Intersection,No fue interseccion,Sobre calle,Ninguna,Oscuro con iluminacion,Despejado,No,NO APLICA,99,98,99,98,1,29/11/2022,1
40,Oklahoma,400520,0,0,1,0,97,MAYES (97),0,NO APLICA,11,Noviembre,30,2022,0,57,CR-NS432,4,Calle del Condado,Urbano,Local,County Highway Agency,0,Sin jurisdiccion especial,0,36.2484,-95.3102,Banqueta,El primer evento no fue una colision con un vehiculo automotor en transporte,Four-Way Intersection,Interseccion de 4 direcciones,Sobre el lado de la calle,Ninguna,Oscuro sin iluminacion,Despejado,No,NO APLICA,99,99,99,99,1,30/11/2022,3
40,Oklahoma,400521,0,0,2,0,15,CADDO (15),0,NO APLICA,11,Noviembre,30,2022,17,57,US-281,2,US Highway,Rural,Arteria Menor,State Highway Agency,0,Sin jurisdiccion especial,130,35.259,-98.2624,Vehiculo en movimiento,Frente a frente,Not an Intersection,No fue interseccion,Sobre calle,Ninguna,Oscuro con iluminacion,Despejado,No,NO APLICA,99,99,99,99,3,30/11/2022,4
40,Oklahoma,400522,0,0,2,0,37,CREEK (37),1310,DEPEW,11,Noviembre,30,2022,21,57,I-44,1,Interestatal,Rural,Interestatal,State Highway Agency,1,Sin jurisdiccion especial,0,35.8064,-96.5386,Vehiculo en movimiento,Angulo,Not an Intersection,No fue interseccion,Sobre calle,Ninguna,Oscuro con iluminacion,Despejado,No,NO APLICA,99,99,99,99,2,30/11/2022,5
40,Oklahoma,400523,1,1,1,0,109,OKLAHOMA (109),1480,EDMOND,11,Noviembre,25,2022,17,38,N AIR DEPOT BLVD,6,Calle Local Municipalidad,Urbano,Local,City or Municipal Highway Agency,0,Sin jurisdiccion especial,0,35.69760278,-97.407325,Peaton,El primer evento no fue una colision con un vehiculo automotor en transporte,Not an Intersection,No fue interseccion,Sobre calle,Ninguna,Oscuro sin iluminacion,Nublado,No,NO APLICA,99,99,99,99,1,25/11/2022,1
40,Oklahoma,400524,1,1,1,0,109,OKLAHOMA (109),3550,OKLAHOMA CITY,11,Noviembre,4,2022,2,38,N MACARTHUR BLVD,6,Calle Local Municipalidad,Urbano,Arteria Principal,City or Municipal Highway Agency,0,Sin jurisdiccion especial,0,35.47500556,-97.61885833,Peaton,El primer evento no fue una colision con un vehiculo automotor en transporte,Not an Intersection,No fue interseccion,Sobre calle,Ninguna,Oscuro con iluminacion,Despejado,No,NO APLICA,99,99,99,99,1,04/11/2022,1
40,Oklahoma,400525,0,0,1,0,1,ADAIR (1),0,NO APLICA,12,Diciembre,2,2022,22,42,CR-E893 SALEM RD,4,Calle del Condado,Rural,Local,County Highway Agency,0,Sin jurisdiccion especial,0,35.7225,-94.6422,Acotamiento,El primer evento no fue una colision con un vehiculo automotor en transporte,Not an Intersection,No fue interseccion,Sobre el lado de la calle,Ninguna,Oscuro sin iluminacion,Nublado,No,NO APLICA,99,99,99,99,1,02/12/2022,3
40,Oklahoma,400526,0,0,1,0,109,OKLAHOMA (109),3550,OKLAHOMA CITY,12,Diciembre,3,2022,1,51,I-44,1,Interestatal,Urbano,Interestatal,State Highway Agency,1,Sin jurisdiccion especial,0,35.5148,-97.5462,Valla Ferrocarril,El primer evento no fue una colision con un vehiculo automotor en transporte,Not an Intersection,No fue interseccion,Sobre el lado de la calle,Ninguna,Oscuro con iluminacion,Despejado,No,NO APLICA,99,98,99,98,1,03/12/2022,1
40,Oklahoma,400527,0,0,1,0,149,WASHITA (149),0,NO APLICA,12,Diciembre,3,2022,99,99,CR-E1130,4,Calle del Condado,Rural,Local,County Highway Agency,0,Sin jurisdiccion especial,0,35.3777,-98.7275,Barda,El primer evento no fue una colision con un vehiculo automotor en transporte,Not an Intersection,No fue interseccion,Sobre el lado de la calle,Ninguna,Oscuro sin iluminacion,Despejado,No,NO APLICA,99,98,99,98,1,03/12/2022,1
40,Oklahoma,400528,0,0,1,0,9,BECKHAM (9),4210,SAYRE,12,Diciembre,4,2022,2,58,SR-152 E MADDEN,3,Highway estatal,Rural,Colector Mayor,State Highway Agency,0,Sin jurisdiccion especial,0,35.2916,-99.6372,Banqueta,El primer evento no fue una colision con un vehiculo automotor en transporte,Four-Way Intersection,Interseccion de 4 direcciones,Sobre el lado de la calle,Ninguna,Oscuro con iluminacion,lluvia,No,NO APLICA,99,99,99,99,1,04/12/2022,2
40,Oklahoma,400529,0,0,2,0,153,WOODWARD (153),0,NO APLICA,12,Diciembre,5,2022,10,30,US-183,2,US Highway,Rural,Arteria Principal,State Highway Agency,1,Sin jurisdiccion especial,150,36.2722,-99.1927,Vehiculo en movimiento,Detrás a Lado. ,Four-Way Intersection,Interseccion de 4 direcciones,Sobre calle,Ninguna,Dia total,Despejado,No,NO APLICA,99,98,99,98,1,05/12/2022,2
40,Oklahoma,400530,0,0,2,0,69,JOHNSTON (69),0,NO APLICA,12,Diciembre,8,2022,18,51,SR-48A,3,Highway estatal,Rural,Colector Mayor,State Highway Agency,0,Sin jurisdiccion especial,11,34.2575,-96.5487,Vehiculo en movimiento,Frente a Detrás,Not an Intersection,No fue interseccion,Sobre calle,Ninguna,Oscuro sin iluminacion,Despejado,No,NO APLICA,99,99,99,99,1,08/12/2022,3
40,Oklahoma,400531,0,0,2,0,35,CRAIG (35),0,NO APLICA,12,Diciembre,8,2022,21,52,US-59,2,US Highway,Rural,Colector Mayor,State Highway Agency,0,Sin jurisdiccion especial,20,36.8746,-95.0367,Vehiculo en movimiento,Angulo,Not an Intersection,No fue interseccion,Sobre calle,Ninguna,Oscuro sin iluminacion,Neblina o Humo,No,NO APLICA,99,99,99,99,1,08/12/2022,3
40,Oklahoma,400532,2,2,1,0,109,OKLAHOMA (109),360,BETHANY,12,Diciembre,9,2022,20,21,N ROCKWELL AVE,6,Calle Local Municipalidad,Urbano,Arteria Menor,City or Municipal Highway Agency,0,Sin jurisdiccion especial,0,35.49124444,-97.63668056,Peaton,El primer evento no fue una colision con un vehiculo automotor en transporte,Four-Way Intersection,Interseccion de 4 direcciones,Sobre calle,Ninguna,Oscuro sin iluminacion,lluvia,No,NO APLICA,99,99,99,99,1,09/12/2022,1
40,Oklahoma,400533,0,0,1,0,145,WAGONER (145),0,NO APLICA,12,Diciembre,12,2022,4,8,US-69,2,US Highway,Rural,Arteria Principal,State Highway Agency,1,Sin jurisdiccion especial,32,35.8585,-95.403,Poste,El primer evento no fue una colision con un vehiculo automotor en transporte,Not an Intersection,No fue interseccion,Sobre el lado de la calle,Ninguna,Oscuro sin iluminacion,lluvia,No,NO APLICA,99,98,99,98,1,12/12/2022,1
40,Oklahoma,400534,0,0,2,0,103,NOBLE (103),0,NO APLICA,12,Diciembre,12,2022,20,51,SR-15,3,Highway estatal,Rural,Colector Mayor,State Highway Agency,0,Sin jurisdiccion especial,78,36.5357,-97.3199,Vehiculo en movimiento,Angulo,Not an Intersection,No fue interseccion,Sobre calle,Ninguna,Oscuro sin iluminacion,lluvia,No,NO APLICA,99,99,99,99,1,12/12/2022,8
40,Oklahoma,400535,0,0,2,0,113,OSAGE (113),0,NO APLICA,12,Diciembre,14,2022,8,15,SR-99,3,Highway estatal,Rural,Arteria Menor,State Highway Agency,0,Sin jurisdiccion especial,65,36.5031,-96.3624,Vehiculo en movimiento,Frente a frente,Not an Intersection,No fue interseccion,Sobre calle,Ninguna,Dia total,Despejado,No,NO APLICA,99,99,99,99,1,14/12/2022,2
40,Oklahoma,400536,0,0,1,0,143,TULSA (143),0,NO APLICA,12,Diciembre,15,2022,3,50,CR-MEMORIAL DR CR-N400,4,Calle del Condado,Rural,Colector Mayor,County Highway Agency,0,Sin jurisdiccion especial,0,35.8722,-95.89,Arbol,El primer evento no fue una colision con un vehiculo automotor en transporte,Not an Intersection,No fue interseccion,Sobre el lado de la calle,Ninguna,Oscuro con iluminacion,Despejado,No,NO APLICA,99,99,99,99,1,15/12/2022,1
40,Oklahoma,400537,2,2,2,1,103,NOBLE (103),0,NO APLICA,12,Diciembre,15,2022,12,10,US-412 CIMARRON TURNPIKE,2,US Highway,Rural,Arteria Principal,State Toll Road,1,Sin jurisdiccion especial,0,36.3998,-97.3134,Vehiculo Aparcado,El primer evento no fue una colision con un vehiculo automotor en transporte,Not an Intersection,No fue interseccion,Sobre Acotamiento,Ninguna,Dia total,Despejado,No,NO APLICA,99,99,99,99,2,15/12/2022,1
40,Oklahoma,400538,0,0,3,0,115,OTTAWA (115),0,NO APLICA,12,Diciembre,16,2022,15,33,US-412 WILL ROGERS TPK,2,US Highway,Rural,Arteria Principal,State Toll Road,1,Sin jurisdiccion especial,0,36.9294,-94.7293,Vehiculo en movimiento,Frente a Detrás,Not an Intersection,No fue interseccion,Sobre calle,Ninguna,Dia total,Despejado,No,NO APLICA,99,99,99,99,1,16/12/2022,4
40,Oklahoma,400539,0,0,1,0,21,CHEROKEE (21),0,NO APLICA,12,Diciembre,17,2022,16,48,CR-BLUE TOP RD,4,Calle del Condado,Rural,Colector Mayor,County Highway Agency,0,Sin jurisdiccion especial,0,35.6558,-94.8212,Zanja,El primer evento no fue una colision con un vehiculo automotor en transporte,Not an Intersection,No fue interseccion,Sobre el lado de la calle,Ninguna,Dia total,Despejado,No,NO APLICA,99,98,99,98,1,17/12/2022,1
40,Oklahoma,400540,0,0,1,0,109,OKLAHOMA (109),3550,OKLAHOMA CITY,12,Diciembre,17,2022,17,1,I-40 I-35 STANLEY DRAPER,1,Interestatal,Urbano,Interestatal,State Highway Agency,1,Sin jurisdiccion especial,0,35.4628,-97.4837,Valla para choques,El primer evento no fue una colision con un vehiculo automotor en transporte,Not an Intersection,No fue interseccion,En el medio,Ninguna,Dia total,Despejado,No,NO APLICA,99,99,99,99,1,17/12/2022,1
40,Oklahoma,400541,0,0,2,0,89,MCCURTAIN (89),0,NO APLICA,12,Diciembre,18,2022,20,15,US-70,2,US Highway,Rural,Arteria Principal,State Highway Agency,1,Sin jurisdiccion especial,0,33.9916,-95.0352,Vehiculo en movimiento,Angulo,Four-Way Intersection,Interseccion de 4 direcciones,Sobre calle,"Zona de trabajo, tipo desconocido",Oscuro con iluminacion,Despejado,No,NO APLICA,99,99,99,99,1,18/12/2022,2
40,Oklahoma,400542,0,0,2,0,109,OKLAHOMA (109),3550,OKLAHOMA CITY,12,Diciembre,5,2022,20,12,NW 63RD ST,6,Calle Local Municipalidad,Urbano,Arteria Principal,City or Municipal Highway Agency,0,Sin jurisdiccion especial,0,35.53690278,-97.62808889,Vehiculo en movimiento,Golpe Lateral - misma direccion,Not an Intersection,No fue interseccion,Sobre calle,Ninguna,Oscuro con iluminacion,Despejado,No,NO APLICA,99,98,99,98,1,05/12/2022,3
40,Oklahoma,400543,1,1,1,0,109,OKLAHOMA (109),3550,OKLAHOMA CITY,12,Diciembre,7,2022,17,58,S KENTUCKY AVE,6,Calle Local Municipalidad,Urbano,Local,City or Municipal Highway Agency,0,Sin jurisdiccion especial,0,35.43388611,-97.54349722,Peaton,El primer evento no fue una colision con un vehiculo automotor en transporte,Not an Intersection,No fue interseccion,Sobre calle,Ninguna,Oscuro sin iluminacion,lluvia,No,NO APLICA,99,98,99,98,1,07/12/2022,2
40,Oklahoma,400544,1,1,1,0,109,OKLAHOMA (109),3550,OKLAHOMA CITY,12,Diciembre,9,2022,19,3,S WESTERN AVE,6,Calle Local Municipalidad,Urbano,Arteria Principal,City or Municipal Highway Agency,0,Sin jurisdiccion especial,0,35.40513056,-97.53006389,Peaton,El primer evento no fue una colision con un vehiculo automotor en transporte,Not an Intersection,No fue interseccion,Sobre calle,Ninguna,Oscuro sin iluminacion,lluvia,No,NO APLICA,99,99,99,99,1,09/12/2022,1
40,Oklahoma,400545,0,0,1,0,65,JACKSON (65),0,NO APLICA,12,Diciembre,19,2022,3,25,CR-S201,4,Calle del Condado,Rural,Colector Mayor,County Highway Agency,0,Sin jurisdiccion especial,0,34.6739,-99.3864,Volcadura,El primer evento no fue una colision con un vehiculo automotor en transporte,Not an Intersection,No fue interseccion,Fuera de la calle,Ninguna,Oscuro sin iluminacion,Despejado,No,NO APLICA,99,98,99,98,1,19/12/2022,1
40,Oklahoma,400546,0,0,3,0,27,CLEVELAND (27),3550,OKLAHOMA CITY,12,Diciembre,15,2022,12,45,SR-37 SW 134TH ST,3,Highway estatal,Urbano,Arteria Menor,State Highway Agency,0,Sin jurisdiccion especial,0,35.3342,-97.5508,Vehiculo en movimiento,Angulo,Not an Intersection,No fue interseccion,Sobre calle,Ninguna,Dia total,Despejado,No,NO APLICA,99,99,99,99,1,15/12/2022,7
40,Oklahoma,400547,0,0,2,0,109,OKLAHOMA (109),3550,OKLAHOMA CITY,12,Diciembre,16,2022,13,30,W RENO AVE,6,Calle Local Municipalidad,Urbano,Arteria Principal,City or Municipal Highway Agency,0,Sin jurisdiccion especial,0,35.46397778,-97.37205833,Vehiculo en movimiento,Angulo,Not an Intersection,No fue interseccion,Sobre calle,Ninguna,Dia total,Despejado,No,NO APLICA,99,99,99,99,1,16/12/2022,4
40,Oklahoma,400548,0,0,2,0,19,CARTER (19),0,NO APLICA,12,Diciembre,19,2022,5,54,I-35,1,Interestatal,Rural,Interestatal,State Highway Agency,1,Sin jurisdiccion especial,113,34.2322,-97.1614,Barrera de Cable,El primer evento no fue una colision con un vehiculo automotor en transporte,Not an Intersection,No fue interseccion,En el medio,Ninguna,Oscuro sin iluminacion,Despejado,No,NO APLICA,99,98,99,98,1,19/12/2022,2
40,Oklahoma,400549,0,0,3,0,51,GRADY (51),4800,TUTTLE,12,Diciembre,19,2022,7,25,SR-37,3,Highway estatal,Rural,Colector Mayor,State Highway Agency,0,Sin jurisdiccion especial,0,35.29105278,-97.72764722,Banqueta,El primer evento no fue una colision con un vehiculo automotor en transporte,Not an Intersection,No fue interseccion,Sobre el lado de la calle,Ninguna,Amanecer,Despejado,No,NO APLICA,99,98,99,98,2,19/12/2022,3
40,Oklahoma,400550,0,0,1,0,37,CREEK (37),0,NO APLICA,12,Diciembre,19,2022,21,23,CR-S 97TH W AVE,4,Calle del Condado,Urbano,Local,County Highway Agency,0,Sin jurisdiccion especial,0,36.0749,-96.1009,Buzon de correo,El primer evento no fue una colision con un vehiculo automotor en transporte,Not an Intersection,No fue interseccion,Sobre el lado de la calle,Ninguna,Oscuro sin iluminacion,Nublado,No,NO APLICA,99,98,99,98,1,19/12/2022,1
40,Oklahoma,400551,0,0,2,0,91,MCINTOSH (91),0,NO APLICA,12,Diciembre,20,2022,8,4,US-69,2,US Highway,Rural,Arteria Principal,State Highway Agency,1,Sin jurisdiccion especial,135,35.4073,-95.5589,Vehiculo en movimiento,Frente a Detrás,Not an Intersection,No fue interseccion,Sobre calle,Ninguna,Dia total,Nublado,No,NO APLICA,99,99,99,99,1,20/12/2022,2
40,Oklahoma,400552,0,0,3,0,107,OKFUSKEE (107),0,NO APLICA,12,Diciembre,22,2022,7,6,US-62,2,US Highway,Rural,Colector Mayor,State Highway Agency,0,Sin jurisdiccion especial,10,35.5038,-96.6002,Vehiculo en movimiento,Angulo,Not an Intersection,No fue interseccion,Sobre calle,Ninguna,Dia total,No reportado,No,NO APLICA,99,98,99,98,1,22/12/2022,3
40,Oklahoma,400553,0,0,2,0,45,ELLIS (45),0,NO APLICA,12,Diciembre,22,2022,8,23,SR-15,3,Highway estatal,Rural,Colector Mayor,State Highway Agency,0,Sin jurisdiccion especial,113,36.3323,-99.7041,Vehiculo en movimiento,Frente a frente,Not an Intersection,No fue interseccion,Sobre calle,Ninguna,Dia total,Nublado,No,NO APLICA,99,99,99,99,1,22/12/2022,2
40,Oklahoma,400554,1,1,3,0,81,LINCOLN (81),0,NO APLICA,12,Diciembre,22,2022,8,33,I-44 TURNER TURNPIKE,1,Interestatal,Rural,Interestatal,State Toll Road,1,Sin jurisdiccion especial,0,35.6765,-97.0619,Vehiculo en movimiento,Frente a Detrás,Not an Intersection,No fue interseccion,Sobre calle,Ninguna,Dia total,Despejado,No,NO APLICA,99,98,99,98,1,22/12/2022,2
40,Oklahoma,400555,0,0,2,0,125,POTTAWATOMIE (125),0,NO APLICA,12,Diciembre,24,2022,20,21,US-270,2,US Highway,Rural,Arteria Menor,State Highway Agency,0,Sin jurisdiccion especial,34,35.2595,-96.8598,Vehiculo en movimiento,Angulo,Four-Way Intersection,Interseccion de 4 direcciones,Sobre calle,Ninguna,Oscuro sin iluminacion,Despejado,No,NO APLICA,99,99,99,99,2,24/12/2022,3
40,Oklahoma,400556,0,0,1,0,131,ROGERS (131),0,NO APLICA,12,Diciembre,24,2022,17,0,SR-66,3,Highway estatal,Urbano,Arteria Principal,State Highway Agency,0,Sin jurisdiccion especial,41,36.214,-95.7216,Soporte de Puente,El primer evento no fue una colision con un vehiculo automotor en transporte,Not an Intersection,No fue interseccion,En el medio,Ninguna,Oscuro sin iluminacion,Despejado,No,NO APLICA,99,99,99,99,1,24/12/2022,3
40,Oklahoma,400557,0,0,3,0,143,TULSA (143),400,BIXBY,7,Julio,11,2022,19,49,E 111TH ST S,6,Calle Local Municipalidad,Urbano,Arteria Menor,City or Municipal Highway Agency,0,Sin jurisdiccion especial,0,36.002825,-95.87922222,Vehiculo en movimiento,Golpe Lateral - misma direccion,T-Intersection,Interseccion de T,Sobre calle,Ninguna,Dia total,Nublado,No,NO APLICA,99,99,99,99,1,11/07/2022,6
40,Oklahoma,400558,0,0,1,0,81,LINCOLN (81),0,NO APLICA,11,Noviembre,14,2022,15,6,US-177,2,US Highway,Rural,Arteria Menor,State Highway Agency,0,Sin jurisdiccion especial,124,35.8622,-97.0186,Acotamiento,El primer evento no fue una colision con un vehiculo automotor en transporte,Not an Intersection,No fue interseccion,Sobre el lado de la calle,Ninguna,Dia total,Nublado,No,NO APLICA,99,99,99,99,1,14/11/2022,3
40,Oklahoma,400559,0,0,2,0,143,TULSA (143),4780,TULSA,12,Diciembre,29,2022,19,57,S MEMORIAL DR,6,Calle Local Municipalidad,Urbano,Arteria Principal,City or Municipal Highway Agency,0,Sin jurisdiccion especial,0,36.0583,-95.8864,Volcadura,El primer evento no fue una colision con un vehiculo automotor en transporte,Four-Way Intersection,Interseccion de 4 direcciones,Sobre calle,Ninguna,Oscuro con iluminacion,Despejado,No,NO APLICA,99,99,99,99,1,29/12/2022,2
40,Oklahoma,400560,0,0,2,0,111,OKMULGEE (111),0,NO APLICA,12,Diciembre,31,2022,4,53,US-75,2,US Highway,Rural,Arteria Principal,State Highway Agency,1,Sin jurisdiccion especial,117,35.76668056,-96.01555,Vehiculo en movimiento,Golpe Lateral - misma direccion,Not an Intersection,No fue interseccion,Sobre calle,Ninguna,Oscuro sin iluminacion,Despejado,No,NO APLICA,99,99,99,99,1,31/12/2022,5
40,Oklahoma,400561,1,1,2,0,81,LINCOLN (81),0,NO APLICA,12,Diciembre,31,2022,13,23,I-44,1,Interestatal,Rural,Interestatal,State Toll Road,1,Sin jurisdiccion especial,42,35.6739,-97.0703,Peaton,El primer evento no fue una colision con un vehiculo automotor en transporte,Not an Intersection,No fue interseccion,Sobre calle,Ninguna,Dia total,Despejado,No,NO APLICA,99,98,99,98,1,31/12/2022,2