Estado,Nombre de Estado,Numero de Caso,Peatones,Personas _no_vehiculos,Vehiculos automotores,Vehiculos estacionados,Condado,Nombre Condado,Ciudad,Nombre Ciudad,Mes,Nombre Mes,Dia,Año,Hora,Minuto,Calle,Ruta,Nombre Ruta,Rural o Urbanoo,Sistema Funcional,Dueño Calle,Sistema Nacional Carreteras,Jurisdiccion Especial,Milla,Latitud,Longitud,Causa del Accidente,Tipo de Accidente,Tipo Interseccion,Columna1,Lugar en la calle,Zona de Trabajo,Luz,Clima,Autobus Escolar,Cruce de Trenes,Hora Notificacion,Minuto Notificacion,Hora Llegada,Minuto Llegada,Decesos,Fecha,PersonaVehiculo
40,Oklahoma,400562,0,0,2,0,137,STEPHENS (137),0,NO APLICA,12,Diciembre,31,2022,16,44,CR-3000,4,Calle del Condado,Rural,Local,County Highway Agency,0,Sin jurisdiccion especial,0,34.4421,-97.6151,Vehiculo en movimiento,Angulo,Not an Intersection,No fue interseccion,Sobre calle,Ninguna,Dia total,Despejado,No,NO APLICA,99,98,99,98,1,31/12/2022,3
40,Oklahoma,400563,0,0,2,0,143,TULSA (143),4780,TULSA,12,Diciembre,31,2022,16,45,US-169 EXIT RAMP,2,US Highway,Urbano,Arteria Principal,State Highway Agency,1,Sin jurisdiccion especial,0,36.1643,-95.86,Vehiculo en movimiento,Frente a Detrás,Not an Intersection,No fue interseccion,Sobre calle,Ninguna,Dia total,Despejado,No,NO APLICA,99,98,99,98,1,31/12/2022,2
40,Oklahoma,400564,0,0,1,0,143,TULSA (143),4780,TULSA,9,Septiembre,19,2022,17,50,N SHERIDAN RD,6,Calle Local Municipalidad,Urbano,Arteria Menor,City or Municipal Highway Agency,0,Sin jurisdiccion especial,0,36.1668,-95.9045,Volcadura,El primer evento no fue una colision con un vehiculo automotor en transporte,Not an Intersection,No fue interseccion,Sobre el lado de la calle,Ninguna,Dia total,Despejado,No,NO APLICA,99,99,99,99,1,19/09/2022,1
40,Oklahoma,400565,0,0,2,0,27,CLEVELAND (27),3430,NORMAN,4,Abril,19,2022,18,14,24TH AVE SE,6,Calle Local Municipalidad,Urbano,Arteria Menor,City or Municipal Highway Agency,0,Sin jurisdiccion especial,0,35.19619722,-97.40594444,Vehiculo en movimiento,Golpe Lateral - misma direccion,Not an Intersection,No fue interseccion,Sobre calle,Ninguna,Dia total,Despejado,No,NO APLICA,99,99,99,99,1,19/04/2022,2
40,Oklahoma,400566,0,0,1,0,27,CLEVELAND (27),3430,NORMAN,11,Noviembre,12,2022,2,20,W ROCK CREEK RD,6,Calle Local Municipalidad,Urbano,Arteria Menor,City or Municipal Highway Agency,0,Sin jurisdiccion especial,0,35.24733611,-97.44556389,Banqueta,El primer evento no fue una colision con un vehiculo automotor en transporte,Not an Intersection,No fue interseccion,Sobre el lado de la calle,Ninguna,Oscuro sin iluminacion,Despejado,No,NO APLICA,99,98,99,98,1,12/11/2022,1
40,Oklahoma,400567,0,0,2,0,143,TULSA (143),4780,TULSA,9,Septiembre,28,2022,22,21,E 71ST ST,6,Calle Local Municipalidad,Urbano,Arteria Principal,City or Municipal Highway Agency,0,Sin jurisdiccion especial,0,36.06076667,-95.92245,Vehiculo en movimiento,Frente a Detrás,Four-Way Intersection,Interseccion de 4 direcciones,Sobre calle,Ninguna,Oscuro con iluminacion,Despejado,No,NO APLICA,99,99,99,99,1,28/09/2022,2
40,Oklahoma,400568,0,0,1,0,143,TULSA (143),4780,TULSA,10,Octubre,23,2022,6,10,S UNION PL,6,Calle Local Municipalidad,Urbano,Arteria Menor,City or Municipal Highway Agency,0,Sin jurisdiccion especial,0,36.10841111,-96.01166111,Poste,El primer evento no fue una colision con un vehiculo automotor en transporte,Not an Intersection,No fue interseccion,Sobre el lado de la calle,Ninguna,Oscuro sin iluminacion,Despejado,No,NO APLICA,99,99,99,99,1,23/10/2022,2
40,Oklahoma,400570,0,0,2,0,87,MCCLAIN (87),3378,NEW CASTLE,9,Septiembre,30,2022,14,40,SR-37,3,Highway estatal,Rural,Arteria Menor,State Highway Agency,0,Sin jurisdiccion especial,0,35.29095,-97.64480556,Vehiculo en movimiento,Angulo,Not an Intersection,No fue interseccion,Sobre calle,Ninguna,Dia total,Nublado,No,NO APLICA,99,98,99,98,2,30/09/2022,3
40,Oklahoma,400571,0,0,1,0,143,TULSA (143),3630,OWASSO,5,Mayo,12,2022,15,12,US-169 EXIT RAMP,2,US Highway,Urbano,Arteria Principal,State Highway Agency,1,Sin jurisdiccion especial,0,36.33544167,-95.81966111,Volcadura,El primer evento no fue una colision con un vehiculo automotor en transporte,Not an Intersection,No fue interseccion,Gore?,Ninguna,Dia total,Despejado,No,NO APLICA,99,98,99,98,1,12/05/2022,1
40,Oklahoma,400572,0,0,1,0,27,CLEVELAND (27),3430,NORMAN,2,Febrero,14,2022,2,27,48TH AVE NW,6,Calle Local Municipalidad,Rural,Colector Mayor,City or Municipal Highway Agency,0,Sin jurisdiccion especial,0,35.28667778,-97.51202222,Volcadura,El primer evento no fue una colision con un vehiculo automotor en transporte,Not an Intersection,No fue interseccion,Sobre calle,Ninguna,Oscuro sin iluminacion,Despejado,No,NO APLICA,99,98,99,98,1,14/02/2022,1
40,Oklahoma,400573,0,0,1,0,27,CLEVELAND (27),3430,NORMAN,7,Julio,4,2022,22,36,180TH AVE SE,6,Calle Local Municipalidad,Rural,Colector Mayor,City or Municipal Highway Agency,0,Sin jurisdiccion especial,0,35.19681667,-97.17739722,Zanja,El primer evento no fue una colision con un vehiculo automotor en transporte,Not an Intersection,No fue interseccion,Sobre el lado de la calle,Ninguna,Oscuro sin iluminacion,Despejado,No,NO APLICA,99,99,99,99,1,04/07/2022,1
40,Oklahoma,400574,0,0,2,0,27,CLEVELAND (27),3430,NORMAN,11,Noviembre,28,2022,13,19,W ROCK CREEK RD,6,Calle Local Municipalidad,Urbano,Local,City or Municipal Highway Agency,0,Sin jurisdiccion especial,0,35.24733056,-97.52957222,Vehiculo en movimiento,Angulo,Four-Way Intersection,Interseccion de 4 direcciones,Sobre calle,Ninguna,Dia total,Despejado,No,NO APLICA,99,99,99,99,2,28/11/2022,2
40,Oklahoma,400575,0,0,1,0,143,TULSA (143),4170,SAND SPRINGS,9,Septiembre,15,2022,12,16,E SAND SPRINGS PARK RD,6,Calle Local Municipalidad,Urbano,Colector Mayor,City or Municipal Highway Agency,0,Sin jurisdiccion especial,0,36.14438056,-96.09530278,Poste de Señal de trafico,El primer evento no fue una colision con un vehiculo automotor en transporte,Not an Intersection,No fue interseccion,Sobre el lado de la calle,Ninguna,Dia total,Despejado,No,NO APLICA,99,99,99,99,3,15/09/2022,5
40,Oklahoma,400576,0,0,1,0,97,MAYES (97),3855,PRYOR,8,Agosto,26,2022,11,17,SR-69A,3,Highway estatal,Urbano,Arteria Principal,State Highway Agency,0,Sin jurisdiccion especial,0,36.247475,-95.33594722,Volcadura,El primer evento no fue una colision con un vehiculo automotor en transporte,T-Intersection,Interseccion de T,Sobre el lado de la calle,Ninguna,Dia total,Despejado,No,NO APLICA,99,99,99,99,1,26/08/2022,1
40,Oklahoma,400577,0,0,1,0,81,LINCOLN (81),0,NO APLICA,11,Noviembre,30,2022,8,15,CR-850,4,Calle del Condado,Rural,Colector Mayor,County Highway Agency,0,Sin jurisdiccion especial,0,35.7823,-96.6831,Volcadura,El primer evento no fue una colision con un vehiculo automotor en transporte,Not an Intersection,No fue interseccion,Sobre el lado de la calle,Ninguna,Dia total,Despejado,No,NO APLICA,99,99,99,99,1,30/11/2022,1
40,Oklahoma,400578,0,0,1,0,13,BRYAN (13),1430,DURANT,3,Marzo,21,2022,19,30,US-69 US-75,2,US Highway,Urbano,Arteria Principal,State Highway Agency,1,Sin jurisdiccion especial,0,33.98592778,-96.411975,Poste de Señal de trafico,El primer evento no fue una colision con un vehiculo automotor en transporte,Not an Intersection,No fue interseccion,Sobre el lado de la calle,Ninguna,Oscuro sin iluminacion,lluvia,No,NO APLICA,99,99,99,99,1,21/03/2022,6
40,Oklahoma,400579,0,0,3,0,27,CLEVELAND (27),3220,MOORE,4,Abril,5,2022,8,2,N I-35 SERVICE RD,7,Calle Local,Urbano,Local,City or Municipal Highway Agency,0,Sin jurisdiccion especial,0,35.34330278,-97.49417222,Vehiculo en movimiento,Angulo,Four-Way Intersection,Interseccion de 4 direcciones,Sobre calle,Ninguna,Dia total,Nublado,No,NO APLICA,99,99,99,99,1,05/04/2022,3
40,Oklahoma,400580,0,0,1,0,71,KAY (71),3800,PONCA CITY,1,Enero,3,2022,0,9,W SOUTH AVE,6,Calle Local Municipalidad,Urbano,Arteria Menor,City or Municipal Highway Agency,0,Sin jurisdiccion especial,0,36.69519167,-97.08621944,Banqueta,El primer evento no fue una colision con un vehiculo automotor en transporte,Not an Intersection,No fue interseccion,Sobre el lado de la calle,Ninguna,Oscuro con iluminacion,Despejado,No,NO APLICA,99,99,99,99,1,03/01/2022,2
40,Oklahoma,400581,1,1,1,0,143,TULSA (143),590,BROKEN ARROW,2,Febrero,3,2022,17,21,E ALBANY ST,6,Calle Local Municipalidad,Urbano,Local,City or Municipal Highway Agency,0,Sin jurisdiccion especial,0,36.07401389,-95.78773611,No vehiculo o remolque,El primer evento no fue una colision con un vehiculo automotor en transporte,Not an Intersection,No fue interseccion,Sobre calle,Ninguna,Dia total,Nieve,No,NO APLICA,99,99,99,99,1,03/02/2022,1
40,Oklahoma,400582,0,0,1,0,41,DELAWARE (41),0,NO APLICA,2,Febrero,9,2022,15,7,US-59,2,US Highway,Rural,Arteria Principal,State Highway Agency,1,Sin jurisdiccion especial,90,36.328,-94.7814,Arbol,El primer evento no fue una colision con un vehiculo automotor en transporte,Not an Intersection,No fue interseccion,Sobre el lado de la calle,Ninguna,Dia total,Despejado,No,NO APLICA,99,99,99,99,1,09/02/2022,3
40,Oklahoma,400583,3,3,2,0,119,PAYNE (119),0,NO APLICA,2,Febrero,16,2022,18,32,CR-FAIRGROUNDS RD,4,Calle del Condado,Urbano,Local,County Highway Agency,0,Sin jurisdiccion especial,0,36.1345,-96.9974,Vehiculo en movimiento,Angulo,Not an Intersection,No fue interseccion,Sobre calle,Ninguna,Atardecer,Despejado,No,NO APLICA,99,99,99,99,1,16/02/2022,2
40,Oklahoma,400584,0,0,2,0,111,OKMULGEE (111),0,NO APLICA,3,Marzo,15,2022,13,12,US-75,2,US Highway,Rural,Arteria Principal,State Highway Agency,1,Sin jurisdiccion especial,149,35.8134,-96.0151,Vehiculo en movimiento,Angulo,Four-Way Intersection,Interseccion de 4 direcciones,Sobre calle,Ninguna,Dia total,Despejado,No,NO APLICA,99,99,99,99,1,15/03/2022,2
40,Oklahoma,400585,0,0,2,0,109,OKLAHOMA (109),3550,OKLAHOMA CITY,4,Abril,1,2022,14,54,SR-66 NW 39TH ST,3,Highway estatal,Urbano,Arteria Principal,State Highway Agency,0,Sin jurisdiccion especial,0,35.5112,-97.5969,Vehiculo en movimiento,Angulo,T-Intersection,Interseccion de T,Sobre calle,Ninguna,Dia total,Nublado,No,NO APLICA,99,99,99,99,1,01/04/2022,3
40,Oklahoma,400586,0,0,2,0,109,OKLAHOMA (109),3550,OKLAHOMA CITY,4,Abril,3,2022,14,17,NE 63RD ST,6,Calle Local Municipalidad,Urbano,Arteria Menor,City or Municipal Highway Agency,0,Sin jurisdiccion especial,0,35.53669722,-97.38371667,Vehiculo en movimiento,Frente a frente,Not an Intersection,No fue interseccion,Sobre calle,Ninguna,Dia total,Despejado,No,NO APLICA,99,99,99,99,1,03/04/2022,2
40,Oklahoma,400587,0,0,2,0,109,OKLAHOMA (109),3550,OKLAHOMA CITY,4,Abril,30,2022,9,22,SW 2ND ST,6,Calle Local Municipalidad,Urbano,Local,City or Municipal Highway Agency,0,Sin jurisdiccion especial,0,35.4631,-97.6542,Vehiculo en movimiento,Angulo,T-Intersection,Interseccion de T,Sobre calle,Ninguna,Dia total,Despejado,No,NO APLICA,99,99,99,99,1,30/04/2022,2
40,Oklahoma,400588,0,0,1,0,31,COMANCHE (31),2750,LAWTON,5,Mayo,13,2022,20,25,I-44 EXIT RAMP,1,Interestatal,Urbano,Interestatal,State Highway Agency,1,Sin jurisdiccion especial,0,34.62336667,-98.38984167,Volcadura,El primer evento no fue una colision con un vehiculo automotor en transporte,Not an Intersection,No fue interseccion,Sobre calle,Ninguna,Oscuro con iluminacion,Despejado,No,NO APLICA,99,99,99,99,1,13/05/2022,4
40,Oklahoma,400589,0,0,1,0,101,MUSKOGEE (101),3310,MUSKOGEE,5,Mayo,17,2022,11,57,US-69,2,US Highway,Urbano,Arteria Principal,State Highway Agency,1,Sin jurisdiccion especial,0,35.78776944,-95.40278056,Acotamiento,El primer evento no fue una colision con un vehiculo automotor en transporte,Not an Intersection,No fue interseccion,Sobre el lado de la calle,Ninguna,Dia total,Despejado,No,NO APLICA,99,99,99,99,1,17/05/2022,1
40,Oklahoma,400590,0,0,2,0,37,CREEK (37),4190,SAPULPA,5,Mayo,20,2022,17,13,S HICKORY ST,6,Calle Local Municipalidad,Urbano,Arteria Menor,City or Municipal Highway Agency,0,Sin jurisdiccion especial,0,35.97713333,-96.11885833,Vehiculo en movimiento,Angulo,Four-Way Intersection,Interseccion de 4 direcciones,Sobre calle,Ninguna,Dia total,Despejado,No,NO APLICA,99,99,99,99,1,20/05/2022,2
40,Oklahoma,400591,0,0,2,0,143,TULSA (143),590,BROKEN ARROW,5,Mayo,22,2022,7,37,N ASPEN AVE,6,Calle Local Municipalidad,Urbano,Arteria Principal,City or Municipal Highway Agency,0,Sin jurisdiccion especial,0,36.06828889,-95.81518333,Banqueta,El primer evento no fue una colision con un vehiculo automotor en transporte,Not an Intersection,No fue interseccion,Sobre el lado de la calle,Ninguna,Dia total,Nublado,No,NO APLICA,99,98,99,98,1,22/05/2022,2
40,Oklahoma,400592,1,1,1,0,37,CREEK (37),4190,SAPULPA,5,Mayo,27,2022,23,38,SR-117 W TAFT,3,Highway estatal,Urbano,Arteria Menor,State Highway Agency,0,Sin jurisdiccion especial,0,35.98826111,-96.12949167,Peaton,El primer evento no fue una colision con un vehiculo automotor en transporte,Not an Intersection,No fue interseccion,Sobre calle,Ninguna,Oscuro sin iluminacion,Despejado,No,NO APLICA,99,98,99,98,1,27/05/2022,5
40,Oklahoma,400593,1,1,1,0,27,CLEVELAND (27),3220,MOORE,6,Junio,9,2022,21,26,NW 27TH ST,6,Calle Local Municipalidad,Urbano,Local,City or Municipal Highway Agency,0,Sin jurisdiccion especial,0,35.36341111,-97.50915278,Peaton,El primer evento no fue una colision con un vehiculo automotor en transporte,Not an Intersection,No fue interseccion,Sobre calle,Ninguna,Oscuro sin iluminacion,Nublado,No,NO APLICA,99,99,99,99,1,09/06/2022,2
40,Oklahoma,400594,0,0,2,0,125,POTTAWATOMIE (125),4300,SHAWNEE,6,Junio,11,2022,16,1,SR-102,3,Highway estatal,Rural,Colector Mayor,State Highway Agency,0,Sin jurisdiccion especial,0,35.344275,-97.05391111,Vehiculo en movimiento,Frente a Detrás,Four-Way Intersection,Interseccion de 4 direcciones,Sobre calle,Ninguna,Dia total,Despejado,No,NO APLICA,99,99,99,99,1,11/06/2022,4
40,Oklahoma,400595,0,0,2,0,119,PAYNE (119),4460,STILLWATER,6,Junio,21,2022,13,32,SR-51 W 6TH AVE,3,Highway estatal,Urbano,Arteria Menor,State Highway Agency,0,Sin jurisdiccion especial,0,36.11588056,-97.14058889,Vehiculo en movimiento,Angulo,Four-Way Intersection,Interseccion de 4 direcciones,Sobre calle,Ninguna,Dia total,Nublado,No,NO APLICA,99,99,99,99,1,21/06/2022,4
40,Oklahoma,400596,1,1,1,0,31,COMANCHE (31),2750,LAWTON,7,Julio,9,2022,3,54,I-44,1,Interestatal,Urbano,Interestatal,State Highway Agency,1,Sin jurisdiccion especial,0,34.54061944,-98.41279722,Peaton,El primer evento no fue una colision con un vehiculo automotor en transporte,Not an Intersection,No fue interseccion,Sobre Acotamiento,Ninguna,Oscuro sin iluminacion,Despejado,No,NO APLICA,99,98,99,98,1,09/07/2022,1
40,Oklahoma,400597,0,0,1,0,109,OKLAHOMA (109),3550,OKLAHOMA CITY,7,Julio,12,2022,10,24,W RENO AVE,6,Calle Local Municipalidad,Urbano,Arteria Principal,City or Municipal Highway Agency,0,Sin jurisdiccion especial,0,35.46412222,-97.65507778,Banqueta,El primer evento no fue una colision con un vehiculo automotor en transporte,Not an Intersection,No fue interseccion,Sobre el lado de la calle,Ninguna,Dia total,Despejado,No,NO APLICA,99,99,99,99,1,12/07/2022,1
40,Oklahoma,400598,0,0,1,0,109,OKLAHOMA (109),970,CHOCTAW,1,Enero,13,2022,99,99,US-62 NE 23RD ST,2,US Highway,Urbano,Arteria Principal,State Highway Agency,0,Sin jurisdiccion especial,0,35.49334722,-97.23647222,Acotamiento,El primer evento no fue una colision con un vehiculo automotor en transporte,Not an Intersection,No fue interseccion,Sobre el lado de la calle,Ninguna,Reportada como desconocida,Despejado,No,NO APLICA,99,98,99,98,1,13/01/2022,1
40,Oklahoma,400599,0,0,1,0,71,KAY (71),420,BLACKWELL,1,Enero,28,2022,2,14,SR-11 DOOLIN AVE,3,Highway estatal,Rural,Arteria Principal,State Highway Agency,0,Sin jurisdiccion especial,0,36.81143333,-97.30163889,Banqueta,El primer evento no fue una colision con un vehiculo automotor en transporte,Not an Intersection,No fue interseccion,En el medio,Ninguna,Oscuro con iluminacion,Despejado,No,NO APLICA,99,98,99,98,1,28/01/2022,1
40,Oklahoma,400600,0,0,2,0,19,CARTER (19),210,ARDMORE,7,Julio,15,2022,11,3,SR-199 SAM NOBLE PARKWAY,3,Highway estatal,Urbano,Arteria Principal,State Highway Agency,0,Sin jurisdiccion especial,0,34.18492222,-97.11515556,Vehiculo en movimiento,Frente a frente,Not an Intersection,No fue interseccion,Sobre calle,Ninguna,Dia total,Despejado,No,NO APLICA,99,99,99,99,2,15/07/2022,4
40,Oklahoma,400601,0,0,2,0,109,OKLAHOMA (109),4990,WARR ACRES,7,Julio,15,2022,13,48,NW 50TH ST,6,Calle Local Municipalidad,Urbano,Arteria Menor,City or Municipal Highway Agency,0,Sin jurisdiccion especial,0,35.52230278,-97.61011667,Vehiculo en movimiento,Angulo,T-Intersection,Interseccion de T,Sobre calle,Ninguna,Dia total,Despejado,No,NO APLICA,99,99,99,99,1,15/07/2022,2
40,Oklahoma,400602,0,0,2,0,109,OKLAHOMA (109),0,NO APLICA,8,Agosto,18,2022,99,99,US-62 NE 23RD ST,2,US Highway,Rural,Arteria Principal,State Highway Agency,0,Sin jurisdiccion especial,0,35.49254722,-97.14138889,Vehiculo en movimiento,Angulo,Four-Way Intersection,Interseccion de 4 direcciones,Sobre calle,Ninguna,Atardecer,Despejado,No,NO APLICA,99,98,99,98,1,18/08/2022,2
40,Oklahoma,400603,1,1,1,0,101,MUSKOGEE (101),3310,MUSKOGEE,8,Agosto,29,2022,5,48,US-64 W OKMULGEE AVE,2,US Highway,Urbano,Arteria Principal,State Highway Agency,1,Sin jurisdiccion especial,0,35.75490556,-95.42665556,Ciclista,El primer evento no fue una colision con un vehiculo automotor en transporte,Not an Intersection,No fue interseccion,Sobre calle,Ninguna,Oscuro sin iluminacion,Despejado,No,NO APLICA,99,99,99,99,1,29/08/2022,1
40,Oklahoma,400604,0,0,2,0,27,CLEVELAND (27),3220,MOORE,9,Septiembre,3,2022,22,12,S SANTA FE AVE,6,Calle Local Municipalidad,Urbano,Arteria Menor,City or Municipal Highway Agency,0,Sin jurisdiccion especial,0,35.33747222,-97.51206111,Vehiculo en movimiento,Angulo,Not an Intersection,No fue interseccion,Sobre calle,Ninguna,Oscuro con iluminacion,Despejado,No,NO APLICA,99,99,99,99,1,03/09/2022,4
40,Oklahoma,400605,0,0,1,0,109,OKLAHOMA (109),3550,OKLAHOMA CITY,9,Septiembre,8,2022,7,20,I-44,1,Interestatal,Urbano,Interestatal,State Highway Agency,1,Sin jurisdiccion especial,0,35.38718611,-97.57383333,Poste,El primer evento no fue una colision con un vehiculo automotor en transporte,Not an Intersection,No fue interseccion,Sobre el lado de la calle,Ninguna,Dia total,Nublado,No,NO APLICA,99,99,99,99,1,08/09/2022,1
40,Oklahoma,400606,1,1,1,0,13,BRYAN (13),1430,DURANT,9,Septiembre,11,2022,20,45,US-69B,2,US Highway,Urbano,Arteria Menor,State Highway Agency,0,Sin jurisdiccion especial,0,33.96487222,-96.39623889,Peaton,El primer evento no fue una colision con un vehiculo automotor en transporte,Not an Intersection,No fue interseccion,Sobre calle,Ninguna,Oscuro sin iluminacion,Despejado,No,NO APLICA,99,98,99,98,1,11/09/2022,1
40,Oklahoma,400607,1,1,1,0,27,CLEVELAND (27),3430,NORMAN,9,Septiembre,13,2022,1,40,I-35,1,Interestatal,Urbano,Interestatal,State Highway Agency,1,Sin jurisdiccion especial,0,35.2858,-97.4856,Peaton,El primer evento no fue una colision con un vehiculo automotor en transporte,Not an Intersection,No fue interseccion,Sobre calle,Ninguna,Oscuro sin iluminacion,Despejado,No,NO APLICA,99,98,99,98,1,13/09/2022,1
40,Oklahoma,400608,0,0,2,0,27,CLEVELAND (27),3430,NORMAN,9,Septiembre,9,2022,11,24,24TH AVE SW,6,Calle Local Municipalidad,Urbano,Arteria Menor,City or Municipal Highway Agency,0,Sin jurisdiccion especial,0,35.19657778,-97.47668889,Vehiculo en movimiento,Frente a Detrás,Four-Way Intersection,Interseccion de 4 direcciones,Sobre calle,Ninguna,Dia total,Despejado,No,NO APLICA,99,99,99,99,1,09/09/2022,2
40,Oklahoma,400609,0,0,2,0,31,COMANCHE (31),2750,LAWTON,9,Septiembre,21,2022,10,46,SW 82ND ST,6,Calle Local Municipalidad,Urbano,Arteria Menor,City or Municipal Highway Agency,0,Sin jurisdiccion especial,0,34.58449444,-98.49238611,Final Destination ( Vehiculo es golpeado por carga o otro objeto puesto en movimiento por otro vehiculo en movimiento),Otro,Not an Intersection,No fue interseccion,Sobre calle,Ninguna,Dia total,Despejado,No,NO APLICA,99,99,99,99,1,21/09/2022,2
40,Oklahoma,400610,0,0,1,0,109,OKLAHOMA (109),2080,HARRAH,10,Octubre,8,2022,18,20,N DOBBS RD,6,Calle Local Municipalidad,Urbano,Colector Mayor,City or Municipal Highway Agency,0,Sin jurisdiccion especial,0,35.4681,-97.1763,Buzon de correo,El primer evento no fue una colision con un vehiculo automotor en transporte,Not an Intersection,No fue interseccion,Sobre el lado de la calle,Ninguna,Atardecer,Despejado,No,NO APLICA,99,99,99,99,2,08/10/2022,4
40,Oklahoma,400611,0,1,6,4,119,PAYNE (119),4460,STILLWATER,10,Octubre,15,2022,4,15,SR-51 6TH AVE,3,Highway estatal,Urbano,Arteria Menor,State Highway Agency,0,Sin jurisdiccion especial,0,36.11609167,-97.12483889,Vehiculo en movimiento,Frente a frente,Not an Intersection,No fue interseccion,Sobre calle,Ninguna,Oscuro sin iluminacion,Despejado,No,NO APLICA,99,99,99,99,2,15/10/2022,4
40,Oklahoma,400612,0,0,2,0,31,COMANCHE (31),2750,LAWTON,11,Noviembre,18,2022,23,29,I-44,1,Interestatal,Urbano,Interestatal,State Highway Agency,1,Sin jurisdiccion especial,0,34.63209167,-98.38716111,Vehiculo en movimiento,Frente a frente,Not an Intersection,No fue interseccion,Sobre calle,Ninguna,Oscuro sin iluminacion,Nublado,No,NO APLICA,99,99,99,99,1,18/11/2022,2
40,Oklahoma,400613,1,1,1,0,41,DELAWARE (41),5138,WEST SILOAM SPRINGS,2,Febrero,28,2022,18,53,US-412,2,US Highway,Rural,Arteria Principal,State Highway Agency,1,Sin jurisdiccion especial,0,36.17634722,-94.56638333,Ciclista,El primer evento no fue una colision con un vehiculo automotor en transporte,Four-Way Intersection,Interseccion de 4 direcciones,Sobre calle,Ninguna,Oscuro con iluminacion,Despejado,No,NO APLICA,99,98,99,98,1,28/02/2022,1
40,Oklahoma,400614,0,0,2,0,137,STEPHENS (137),1420,DUNCAN,3,Marzo,16,2022,19,44,SR-7A MAIN ST,3,Highway estatal,Urbano,Arteria Principal,State Highway Agency,0,Sin jurisdiccion especial,0,34.50233889,-97.96259722,Vehiculo en movimiento,Angulo,Four-Way Intersection,Interseccion de 4 direcciones,Sobre calle,Ninguna,Dia total,Despejado,No,NO APLICA,99,98,99,98,1,16/03/2022,2
40,Oklahoma,400615,0,0,2,0,17,CANADIAN (17),1540,EL RENO,4,Abril,26,2022,17,57,SR-66,3,Highway estatal,Urbano,Arteria Principal,State Highway Agency,0,Sin jurisdiccion especial,0,35.50798611,-97.90157222,Volcadura,El primer evento no fue una colision con un vehiculo automotor en transporte,Four-Way Intersection,Interseccion de 4 direcciones,Sobre calle,Ninguna,Dia total,Despejado,No,NO APLICA,99,98,99,98,1,26/04/2022,2
40,Oklahoma,400616,0,0,2,0,117,PAWNEE (117),3690,PAWNEE,1,Enero,26,2022,8,54,US-64,2,US Highway,Rural,Colector Mayor,State Highway Agency,0,Sin jurisdiccion especial,0,36.33316667,-96.81730556,Vehiculo en movimiento,Frente a frente,Not an Intersection,No fue interseccion,Sobre calle,Ninguna,Dia total,Nublado,No,NO APLICA,99,99,99,99,2,26/01/2022,3
40,Oklahoma,400617,1,1,1,0,115,OTTAWA (115),3160,MIAMI,2,Febrero,6,2022,22,24,SR-10,3,Highway estatal,Urbano,Arteria Principal,State Highway Agency,0,Sin jurisdiccion especial,0,36.87105833,-94.865725,No vehiculo o remolque,El primer evento no fue una colision con un vehiculo automotor en transporte,Not an Intersection,No fue interseccion,Sobre calle,Ninguna,Oscuro con iluminacion,Despejado,No,NO APLICA,99,98,99,98,1,06/02/2022,1
40,Oklahoma,400618,1,1,1,0,39,CUSTER (39),1030,CLINTON,3,Marzo,1,2022,15,38,N 15TH ST,5,Calle Local - Pueblo,Urbano,Local,City or Municipal Highway Agency,0,Sin jurisdiccion especial,0,35.52045833,-98.97851111,Ciclista,El primer evento no fue una colision con un vehiculo automotor en transporte,Four-Way Intersection,Interseccion de 4 direcciones,Sobre calle,Ninguna,Dia total,Nublado,No,NO APLICA,99,99,99,99,1,01/03/2022,2
40,Oklahoma,400619,0,0,1,0,143,TULSA (143),4410,SPERRY,3,Marzo,27,2022,0,15,SR-11 E MAIN ST,3,Highway estatal,Urbano,Arteria Menor,State Highway Agency,0,Sin jurisdiccion especial,0,36.29670556,-95.99181111,Edificio,El primer evento no fue una colision con un vehiculo automotor en transporte,T-Intersection,Interseccion de T,Sobre el lado de la calle,Ninguna,Oscuro con iluminacion,Despejado,No,NO APLICA,99,99,99,99,1,27/03/2022,1
40,Oklahoma,400620,0,0,1,0,131,ROGERS (131),9997,Other,3,Marzo,28,2022,12,6,SR-66,3,Highway estatal,Urbano,Arteria Principal,State Highway Agency,0,Sin jurisdiccion especial,0,36.27040278,-95.646525,Arbol,El primer evento no fue una colision con un vehiculo automotor en transporte,Not an Intersection,No fue interseccion,Sobre el lado de la calle,Ninguna,Dia total,Despejado,No,NO APLICA,99,98,99,98,1,28/03/2022,1
40,Oklahoma,400621,0,0,2,0,47,GARFIELD (47),1550,ENID,4,Abril,22,2022,18,6,US-81 VAN BUREN,2,US Highway,Urbano,Arteria Principal,State Highway Agency,1,Sin jurisdiccion especial,0,36.39445833,-97.89005278,Vehiculo en movimiento,Angulo,Four-Way Intersection,Interseccion de 4 direcciones,Sobre calle,Ninguna,Dia total,Despejado,No,NO APLICA,99,99,99,99,1,22/04/2022,2
40,Oklahoma,400622,0,0,1,0,117,PAWNEE (117),3690,PAWNEE,6,Junio,4,2022,17,7,SR-18,3,Highway estatal,Rural,Arteria Menor,State Highway Agency,0,Sin jurisdiccion especial,0,36.32673611,-96.78738333,Animal vivo,El primer evento no fue una colision con un vehiculo automotor en transporte,Not an Intersection,No fue interseccion,Sobre calle,Ninguna,Dia total,Despejado,No,NO APLICA,99,99,99,99,1,04/06/2022,1
40,Oklahoma,400623,1,1,2,0,35,CRAIG (35),4900,VINITA,5,Mayo,4,2022,20,59,US-60,2,US Highway,Urbano,Arteria Principal,State Highway Agency,1,Sin jurisdiccion especial,0,36.62683611,-95.20425278,Peaton,El primer evento no fue una colision con un vehiculo automotor en transporte,Not an Intersection,No fue interseccion,Sobre calle,Ninguna,Oscuro sin iluminacion,lluvia,No,NO APLICA,99,98,99,98,1,04/05/2022,2