Estado,Nombre de Estado,Numero de Caso,Peatones,Personas _no_vehiculos,Vehiculos automotores,Vehiculos estacionados,Condado,Nombre Condado,Ciudad,Nombre Ciudad,Mes,Nombre Mes,Dia,Año,Hora,Minuto,Calle,Ruta,Nombre Ruta,Rural o Urbanoo,Sistema Funcional,Dueño Calle,Sistema Nacional Carreteras,Jurisdiccion Especial,Milla,Latitud,Longitud,Causa del Accidente,Tipo de Accidente,Tipo Interseccion,Columna1,Lugar en la calle,Zona de Trabajo,Luz,Clima,Autobus Escolar,Cruce de Trenes,Hora Notificacion,Minuto Notificacion,Hora Llegada,Minuto Llegada,Decesos,Fecha,PersonaVehiculo
40,Oklahoma,400624,0,0,2,0,41,DELAWARE (41),1990,GROVE,6,Junio,10,2022,19,4,US-59,2,US Highway,Rural,Arteria Principal,State Highway Agency,1,Sin jurisdiccion especial,0,36.65606111,-94.82728333,Vehiculo en movimiento,Angulo,Four-Way Intersection,Interseccion de 4 direcciones,Sobre calle,Ninguna,Dia total,Despejado,No,NO APLICA,99,99,99,99,1,10/06/2022,2
40,Oklahoma,400625,1,1,1,0,123,PONTOTOC (123),20,ADA,6,Junio,13,2022,14,49,LONNIE ABBOT BLVD,5,Calle Local - Pueblo,Urbano,Colector Mayor,City or Municipal Highway Agency,0,Sin jurisdiccion especial,0,34.79076944,-96.66038333,Peaton,El primer evento no fue una colision con un vehiculo automotor en transporte,Four-Way Intersection,Interseccion de 4 direcciones,Sobre calle,Ninguna,Dia total,Despejado,No,NO APLICA,99,99,99,99,1,13/06/2022,1
40,Oklahoma,400626,0,0,2,0,111,OKMULGEE (111),3560,OKMULGEE,3,Marzo,15,2022,12,8,SR-56,3,Highway estatal,Urbano,Arteria Menor,State Highway Agency,0,Sin jurisdiccion especial,0,35.639,-95.9357,Vehiculo en movimiento,Angulo,Four-Way Intersection,Interseccion de 4 direcciones,Sobre calle,Ninguna,Dia total,Despejado,No,NO APLICA,99,98,99,98,1,15/03/2022,2
40,Oklahoma,400627,0,0,2,0,95,MARSHALL (95),2970,MADILL,5,Mayo,20,2022,16,58,US-70,2,US Highway,Rural,Arteria Principal,State Highway Agency,1,Sin jurisdiccion especial,0,34.06394444,-96.76027778,Vehiculo en movimiento,Angulo,T-Intersection,Interseccion de T,Sobre calle,Ninguna,Dia total,Despejado,No,NO APLICA,99,99,99,99,1,20/05/2022,3
40,Oklahoma,400628,0,0,1,0,19,CARTER (19),2858,LONE GROVE,7,Julio,28,2022,20,48,CR-PRAIRIE VALLEY,4,Calle del Condado,Rural,Local,County Highway Agency,0,Sin jurisdiccion especial,0,34.20198056,-97.223875,Arbol,El primer evento no fue una colision con un vehiculo automotor en transporte,Not an Intersection,No fue interseccion,Sobre el lado de la calle,Ninguna,Atardecer,Despejado,No,NO APLICA,99,99,99,99,1,28/07/2022,1
40,Oklahoma,400629,0,1,2,1,35,CRAIG (35),4900,VINITA,9,Septiembre,8,2022,6,33,US-60,2,US Highway,Urbano,Arteria Principal,State Highway Agency,1,Sin jurisdiccion especial,0,36.62685278,-95.18858056,Vehiculo Funcionando,El primer evento no fue una colision con un vehiculo automotor en transporte,Four-Way Intersection,Interseccion de 4 direcciones,Sobre calle,Ninguna,Amanecer,Despejado,No,NO APLICA,99,98,99,98,1,08/09/2022,1
40,Oklahoma,400630,0,0,2,0,87,MCCLAIN (87),440,BLANCHARD,9,Septiembre,10,2022,9,36,US-62,2,US Highway,Rural,Arteria Menor,State Highway Agency,0,Sin jurisdiccion especial,0,35.13723056,-97.66320556,Vehiculo en movimiento,Angulo,Not an Intersection,No fue interseccion,Sobre calle,Ninguna,Dia total,Despejado,No,NO APLICA,99,99,99,99,1,10/09/2022,2
40,Oklahoma,400631,1,1,1,0,89,MCCURTAIN (89),600,BROKEN BOW,10,Octubre,13,2022,19,59,US-70 US-259 S PARK DR,2,US Highway,Rural,Arteria Principal,State Highway Agency,1,Sin jurisdiccion especial,0,34.00874722,-94.7395,Peaton,El primer evento no fue una colision con un vehiculo automotor en transporte,Not an Intersection,No fue interseccion,Sobre calle,Ninguna,Oscuro sin iluminacion,Despejado,No,NO APLICA,99,98,99,98,1,13/10/2022,1
40,Oklahoma,400632,0,0,1,0,91,MCINTOSH (91),920,CHECOTAH,7,Julio,5,2022,14,20,US-69,2,US Highway,Rural,Arteria Principal,State Highway Agency,1,Sin jurisdiccion especial,0,35.36033889,-95.5747,Barrera de Cable,El primer evento no fue una colision con un vehiculo automotor en transporte,Not an Intersection,No fue interseccion,En el medio,Ninguna,Dia total,Despejado,No,NO APLICA,99,99,99,99,1,05/07/2022,2
40,Oklahoma,400633,0,0,2,0,143,TULSA (143),2440,JENKS,11,Noviembre,12,2022,16,49,ELWOOD AVE,6,Calle Local Municipalidad,Urbano,Arteria Menor,City or Municipal Highway Agency,0,Sin jurisdiccion especial,0,36.01833889,-95.99385556,Vehiculo en movimiento,Frente a frente,Not an Intersection,No fue interseccion,Sobre calle,Ninguna,Atardecer,Despejado,No,NO APLICA,99,99,99,99,1,12/11/2022,2
40,Oklahoma,400634,0,0,1,0,145,WAGONER (145),4910,WAGONER,7,Julio,22,2022,10,30,S CASAVER AVE,6,Calle Local Municipalidad,Urbano,Local,City or Municipal Highway Agency,0,Sin jurisdiccion especial,0,35.95786389,-95.37614722,Arbol,El primer evento no fue una colision con un vehiculo automotor en transporte,T-Intersection,Interseccion de T,Fuera de la calle,Ninguna,Dia total,Despejado,No,NO APLICA,99,99,99,99,1,22/07/2022,2
40,Oklahoma,400635,0,0,1,0,131,ROGERS (131),3590,OOLOGAH,8,Agosto,11,2022,19,44,SR-88,3,Highway estatal,Rural,Colector Mayor,State Highway Agency,0,Sin jurisdiccion especial,0,36.43785278,-95.70607222,Volcadura,El primer evento no fue una colision con un vehiculo automotor en transporte,T-Intersection,Interseccion de T,Sobre calle,Ninguna,Dia total,Despejado,No,NO APLICA,99,99,99,99,1,11/08/2022,1
40,Oklahoma,400636,0,0,1,0,109,OKLAHOMA (109),4406,SPENCER,9,Septiembre,5,2022,23,4,NE 36TH ST,6,Calle Local Municipalidad,Urbano,Arteria Menor,City or Municipal Highway Agency,0,Sin jurisdiccion especial,0,35.50767778,-97.37075278,Banqueta,El primer evento no fue una colision con un vehiculo automotor en transporte,Four-Way Intersection,Interseccion de 4 direcciones,Sobre el lado de la calle,Ninguna,Oscuro con iluminacion,Despejado,No,NO APLICA,99,98,99,98,1,05/09/2022,1
40,Oklahoma,400637,0,0,2,0,145,WAGONER (145),4910,WAGONER,9,Septiembre,14,2022,16,57,SW 15TH ST,6,Calle Local Municipalidad,Urbano,Arteria Menor,City or Municipal Highway Agency,0,Sin jurisdiccion especial,0,35.94430833,-95.38381667,Vehiculo en movimiento,Angulo,T-Intersection,Interseccion de T,Sobre calle,Ninguna,Dia total,Despejado,No,NO APLICA,99,98,99,98,1,14/09/2022,3
40,Oklahoma,400638,0,0,2,0,41,DELAWARE (41),5138,WEST SILOAM SPRINGS,11,Noviembre,21,2022,18,1,US-412,2,US Highway,Rural,Arteria Principal,State Highway Agency,1,Sin jurisdiccion especial,0,36.17640278,-94.57238889,Vehiculo en movimiento,Frente a Detrás,T-Intersection,Interseccion de T,Sobre calle,Ninguna,Oscuro con iluminacion,Despejado,No,NO APLICA,99,99,99,99,2,21/11/2022,3
40,Oklahoma,400639,0,0,2,0,13,BRYAN (13),1430,DURANT,12,Diciembre,2,2022,22,36,US-69 S 9TH AVE,2,US Highway,Urbano,Arteria Principal,State Highway Agency,1,Sin jurisdiccion especial,0,33.95774167,-96.40275278,Vehiculo en movimiento,Frente a frente,Not an Intersection,No fue interseccion,Sobre calle,Ninguna,Oscuro sin iluminacion,Nublado,No,NO APLICA,99,99,99,99,1,02/12/2022,3
40,Oklahoma,400640,0,0,2,0,27,CLEVELAND (27),3430,NORMAN,12,Diciembre,10,2022,18,26,SR-9,3,Highway estatal,Urbano,Arteria Principal,State Highway Agency,1,Sin jurisdiccion especial,0,35.18920833,-97.33541667,Vehiculo en movimiento,Frente a frente,Four-Way Intersection,Interseccion de 4 direcciones,Sobre calle,Ninguna,Oscuro sin iluminacion,Nublado,No,NO APLICA,99,99,99,99,1,10/12/2022,4
40,Oklahoma,400641,0,0,2,0,31,COMANCHE (31),2750,LAWTON,12,Diciembre,14,2022,18,47,NW CACHE RD,6,Calle Local Municipalidad,Urbano,Arteria Principal,City or Municipal Highway Agency,0,Sin jurisdiccion especial,0,34.62340278,-98.46849167,Vehiculo en movimiento,Frente a Detrás,Not an Intersection,No fue interseccion,Sobre calle,Ninguna,Oscuro con iluminacion,Despejado,No,NO APLICA,99,98,99,98,1,14/12/2022,3
40,Oklahoma,400642,0,0,4,0,125,POTTAWATOMIE (125),4650,TECUMSEH,11,Noviembre,15,2022,8,37,US-177 US-270,2,US Highway,Urbano,Arterial Principal -Freeway o ExpressWay,State Highway Agency,1,Sin jurisdiccion especial,0,35.2892,-96.94180556,Vehiculo en movimiento,Frente a Detrás,Four-Way Intersection,Interseccion de 4 direcciones,Sobre calle,Ninguna,Dia total,Despejado,No,NO APLICA,99,99,99,99,1,15/11/2022,5
40,Oklahoma,400643,0,0,1,0,125,POTTAWATOMIE (125),4300,SHAWNEE,2,Febrero,2,2022,22,7,US-177 US-270,2,US Highway,Urbano,Arterial Principal -Freeway o ExpressWay,State Highway Agency,1,Sin jurisdiccion especial,0,35.34304722,-96.94508333,Fuego/Explosion,El primer evento no fue una colision con un vehiculo automotor en transporte,Not an Intersection,No fue interseccion,Sobre Acotamiento,Ninguna,Oscuro - iluminacion desconocida,Soplando nieve,No,NO APLICA,99,98,99,98,1,02/02/2022,1
40,Oklahoma,400644,0,0,2,0,103,NOBLE (103),3740,PERRY,3,Marzo,18,2022,15,36,N 14TH ST,6,Calle Local Municipalidad,Urbano,Local,City or Municipal Highway Agency,0,Sin jurisdiccion especial,0,36.29685556,-97.29918333,Vehiculo en movimiento,Angulo,Four-Way Intersection,Interseccion de 4 direcciones,Sobre calle,Ninguna,Dia total,No reportado,No,NO APLICA,99,99,99,99,1,18/03/2022,3
40,Oklahoma,400645,0,0,1,0,15,CADDO (15),0,NO APLICA,11,Noviembre,19,2022,19,0,CR-1200,4,Calle del Condado,Rural,Local,County Highway Agency,0,Sin jurisdiccion especial,0,35.27614722,-98.23883889,Suelo,El primer evento no fue una colision con un vehiculo automotor en transporte,Not an Intersection,No fue interseccion,Sobre el lado de la calle,Ninguna,Oscuro - iluminacion desconocida,No reportado,No,NO APLICA,99,98,99,98,1,19/11/2022,1
40,Oklahoma,400646,0,0,1,0,79,LE FLORE (79),3840,POTEAU,9,Septiembre,10,2022,6,37,N WITTE ST,6,Calle Local Municipalidad,Urbano,Arteria Menor,City or Municipal Highway Agency,0,Sin jurisdiccion especial,0,35.061425,-94.60023333,Culvert,El primer evento no fue una colision con un vehiculo automotor en transporte,Not an Intersection,No fue interseccion,Sobre el lado de la calle,Ninguna,Oscuro sin iluminacion,Despejado,No,NO APLICA,99,98,99,98,1,10/09/2022,1
40,Oklahoma,400647,1,1,1,0,81,LINCOLN (81),0,NO APLICA,4,Abril,2,2022,21,28,SR-18,3,Highway estatal,Rural,Colector Mayor,State Highway Agency,0,Sin jurisdiccion especial,41,35.5616,-96.8879,Peaton,El primer evento no fue una colision con un vehiculo automotor en transporte,Not an Intersection,No fue interseccion,Sobre calle,Ninguna,Oscuro sin iluminacion,Despejado,No,NO APLICA,99,99,99,99,1,02/04/2022,0
40,Oklahoma,400648,0,0,3,0,27,CLEVELAND (27),3430,NORMAN,12,Diciembre,17,2022,10,27,US-77 N FLOOD AVE,2,US Highway,Urbano,Arteria Principal,State Highway Agency,0,Sin jurisdiccion especial,0,35.266625,-97.47818889,Vehiculo en movimiento,Angulo,Not an Intersection,No fue interseccion,Sobre calle,Ninguna,Dia total,Despejado,No,NO APLICA,99,99,99,99,1,17/12/2022,3
40,Oklahoma,400649,0,0,1,0,63,HUGHES (63),5150,WETUMKA,11,Noviembre,27,2022,99,99,WEWOKA ST,6,Calle Local Municipalidad,Rural,Local,City or Municipal Highway Agency,0,Sin jurisdiccion especial,99998,77.7777,777.7777,Desconocido,El primer evento no fue una colision con un vehiculo automotor en transporte,Not Reported,No reportado,No reportado,Ninguna,No reportada,No reportado,No,Unknown,99,98,99,98,2,27/11/2022,2
40,Oklahoma,400650,0,0,1,0,109,OKLAHOMA (109),3170,MIDWEST CITY,8,Agosto,22,2022,99,99,NE 10TH ST,6,Calle Local Municipalidad,Urbano,Arteria Menor,City or Municipal Highway Agency,0,Sin jurisdiccion especial,99998,77.7777,777.7777,Desconocido,El primer evento no fue una colision con un vehiculo automotor en transporte,Not Reported,No reportado,No reportado,Ninguna,No reportada,No reportado,No,NO APLICA,99,98,99,98,1,22/08/2022,1
40,Oklahoma,400651,0,0,1,0,115,OTTAWA (115),0,NO APLICA,4,Abril,2,2022,99,99,CR-E 60 RD,4,Calle del Condado,Urbano,Local,County Highway Agency,0,Sin jurisdiccion especial,99998,36.9291,-94.84955,Desconocido,El primer evento no fue una colision con un vehiculo automotor en transporte,Not an Intersection,No fue interseccion,No reportado,Ninguna,No reportada,No reportado,No,NO APLICA,99,98,99,98,1,02/04/2022,1
40,Oklahoma,400652,0,0,1,0,131,ROGERS (131),990,CLAREMORE,6,Junio,19,2022,99,99,BLUE STARR DR,6,Calle Local Municipalidad,Urbano,Arteria Menor,City or Municipal Highway Agency,0,Sin jurisdiccion especial,99998,36.32188611,-95.63271111,Desconocido,El primer evento no fue una colision con un vehiculo automotor en transporte,Not Reported,No reportado,No reportado,Ninguna,No reportada,No reportado,No,NO APLICA,99,98,99,98,1,19/06/2022,2
40,Oklahoma,400653,0,0,1,0,65,JACKSON (65),0,NO APLICA,1,Enero,31,2022,99,99,US-62,2,US Highway,Rural,Arteria Principal,State Highway Agency,1,Sin jurisdiccion especial,99998,77.7777,777.7777,Desconocido,El primer evento no fue una colision con un vehiculo automotor en transporte,Not an Intersection,No fue interseccion,Sobre calle,Ninguna,Dia total,No reportado,No,NO APLICA,99,98,99,98,1,31/01/2022,1
40,Oklahoma,400654,0,0,1,0,109,OKLAHOMA (109),4406,SPENCER,12,Diciembre,28,2022,99,99,N MIDWEST BLVD,6,Calle Local Municipalidad,Urbano,Arteria Menor,City or Municipal Highway Agency,0,Sin jurisdiccion especial,99998,35.516175,-97.38848056,Desconocido,El primer evento no fue una colision con un vehiculo automotor en transporte,Not an Intersection,No fue interseccion,No reportado,Ninguna,No reportada,No reportado,No,NO APLICA,99,98,99,98,1,28/12/2022,1
40,Oklahoma,400655,0,0,1,0,19,CARTER (19),210,ARDMORE,12,Diciembre,30,2022,99,99,6TH NW,6,Calle Local Municipalidad,Urbano,Local,City or Municipal Highway Agency,0,Sin jurisdiccion especial,99998,34.17961944,-97.12884444,Desconocido,El primer evento no fue una colision con un vehiculo automotor en transporte,Not Reported,No reportado,No reportado,Ninguna,No reportada,No reportado,No,NO APLICA,99,98,99,98,1,30/12/2022,1
41,Oregon,410001,0,0,2,0,17,DESCHUTES (17),0,NO APLICA,1,Enero,3,2022,21,51,US-97 ODOT 4,2,US Highway,Rural,Arteria Principal,State Highway Agency,1,Sin jurisdiccion especial,1130,44.38741667,-121.1871028,Vehiculo en movimiento,Angulo,Not an Intersection,No fue interseccion,Sobre calle,Ninguna,Oscuro sin iluminacion,Nieve,No,NO APLICA,21,51,99,99,3,03/01/2022,4
41,Oregon,410002,0,0,2,0,13,CROOK (13),0,NO APLICA,1,Enero,3,2022,5,59,SR-126 ODOT 41,3,Highway estatal,Rural,Arteria Principal,State Highway Agency,1,Sin jurisdiccion especial,125,44.25294444,-120.936725,Vehiculo en movimiento,Frente a frente,Not an Intersection,No fue interseccion,Sobre calle,Ninguna,Oscuro sin iluminacion,Nublado,No,NO APLICA,6,5,6,16,1,03/01/2022,2
41,Oregon,410003,0,0,2,0,51,MULTNOMAH (51),1650,PORTLAND,1,Enero,2,2022,23,21,I-5,1,Interestatal,Urbano,Interestatal,State Highway Agency,1,Sin jurisdiccion especial,2992,45.49401389,-122.6734194,Vehiculo en movimiento,Frente a frente,Not an Intersection,No fue interseccion,Sobre calle,Ninguna,Oscuro con iluminacion,lluvia,No,NO APLICA,23,99,23,34,1,02/01/2022,2
41,Oregon,410004,1,1,1,0,51,MULTNOMAH (51),1650,PORTLAND,1,Enero,3,2022,5,32,NE ALDERWOOD RD,6,Calle Local Municipalidad,Urbano,Colector Mayor,City or Municipal Highway Agency,1,Sin jurisdiccion especial,0,45.57366111,-122.5827417,Peaton,El primer evento no fue una colision con un vehiculo automotor en transporte,Not an Intersection,No fue interseccion,Sobre calle,Ninguna,Oscuro con iluminacion,lluvia,No,NO APLICA,99,99,99,99,1,03/01/2022,1
41,Oregon,410007,0,0,2,0,9,COLUMBIA (9),0,NO APLICA,1,Enero,10,2022,20,51,US-30 ODOT 92,2,US Highway,Rural,Arteria Principal,State Highway Agency,1,Sin jurisdiccion especial,593,46.10002778,-123.1634194,Vehiculo en movimiento,Angulo,Not an Intersection,No fue interseccion,Sobre calle,Ninguna,Oscuro sin iluminacion,Nublado,No,NO APLICA,18,51,18,55,1,10/01/2022,2
41,Oregon,410008,0,0,4,0,19,DOUGLAS (19),0,NO APLICA,1,Enero,14,2022,17,29,SR-42 ODOT 35,3,Highway estatal,Urbano,Arteria Principal,State Highway Agency,1,Sin jurisdiccion especial,754,43.14339444,-123.385725,Vehiculo en movimiento,Angulo,T-Intersection,Interseccion de T,Sobre calle,Ninguna,Atardecer,Despejado,No,NO APLICA,17,29,17,33,1,14/01/2022,4
41,Oregon,410009,0,0,3,0,51,MULTNOMAH (51),1650,PORTLAND,1,Enero,3,2022,17,23,NE GLISAN ST,6,Calle Local Municipalidad,Urbano,Colector Mayor,City or Municipal Highway Agency,0,Sin jurisdiccion especial,0,45.52650833,-122.6060306,Vehiculo en movimiento,Angulo,T-Intersection,Interseccion de T,Sobre calle,Ninguna,No reportada,No reportado,No,NO APLICA,17,31,17,39,1,03/01/2022,4
41,Oregon,410010,0,0,2,0,51,MULTNOMAH (51),1650,PORTLAND,1,Enero,9,2022,2,44,SR-213 ODOT 68,3,Highway estatal,Urbano,Arteria Principal,State Highway Agency,1,Sin jurisdiccion especial,58,45.48220278,-122.5789611,Vehiculo en movimiento,Golpe Lateral - misma direccion,Not an Intersection,No fue interseccion,Sobre calle,Ninguna,Oscuro con iluminacion,Despejado,No,NO APLICA,2,53,3,7,1,09/01/2022,3
41,Oregon,410011,0,0,2,0,53,POLK (53),0,NO APLICA,1,Enero,11,2022,7,4,SR-22W ODOT 30,3,Highway estatal,Rural,Arteria Principal,State Highway Agency,1,Sin jurisdiccion especial,93,44.99069722,-123.3427417,Vehiculo en movimiento,Frente a frente,Not an Intersection,No fue interseccion,Sobre calle,Ninguna,Dia total,Nublado,No,NO APLICA,7,2,7,11,1,11/01/2022,2
41,Oregon,410012,1,1,1,0,51,MULTNOMAH (51),1650,PORTLAND,1,Enero,12,2022,19,8,SR-99 ODOT 91,3,Highway estatal,Urbano,Arteria Menor,State Highway Agency,0,Sin jurisdiccion especial,55,45.59657778,-122.6848972,Peaton,El primer evento no fue una colision con un vehiculo automotor en transporte,Not an Intersection,No fue interseccion,Sobre calle,Ninguna,Oscuro con iluminacion,Nublado,No,NO APLICA,19,25,19,30,1,12/01/2022,1
41,Oregon,410013,1,1,1,0,51,MULTNOMAH (51),1650,PORTLAND,1,Enero,13,2022,5,51,NE GLISAN ST,6,Calle Local Municipalidad,Urbano,Arteria Principal,City or Municipal Highway Agency,1,Sin jurisdiccion especial,0,45.52635556,-122.5639889,Peaton,El primer evento no fue una colision con un vehiculo automotor en transporte,Not an Intersection,No fue interseccion,Sobre calle,Ninguna,Oscuro con iluminacion,Granizo,No,NO APLICA,99,99,99,99,1,13/01/2022,1
41,Oregon,410014,1,1,1,0,39,LANE (39),1550,OAKRIDGE,1,Enero,15,2022,18,37,SR-58 ODOT 18,3,Highway estatal,Rural,Arteria Principal,State Highway Agency,1,Sin jurisdiccion especial,347,43.74637222,-122.4811778,Peaton,El primer evento no fue una colision con un vehiculo automotor en transporte,Not an Intersection,No fue interseccion,Sobre calle,Ninguna,Oscuro con iluminacion,Neblina o Humo,No,NO APLICA,99,99,18,45,1,15/01/2022,1
41,Oregon,410015,1,1,1,0,1,BAKER (1),0,NO APLICA,1,Enero,16,2022,0,10,I-84,1,Interestatal,Rural,Interestatal,State Highway Agency,1,Sin jurisdiccion especial,2953,44.90998333,-117.8193361,Peaton,El primer evento no fue una colision con un vehiculo automotor en transporte,Not an Intersection,No fue interseccion,Sobre calle,Ninguna,Oscuro sin iluminacion,Despejado,No,NO APLICA,0,13,0,26,1,16/01/2022,2
41,Oregon,410016,1,1,1,0,5,CLACKAMAS (5),1580,OREGON CITY,1,Enero,16,2022,7,38,SR-99E ODOT 81,3,Highway estatal,Urbano,Arteria Menor,State Highway Agency,0,Sin jurisdiccion especial,140,45.343075,-122.6328333,Peaton,El primer evento no fue una colision con un vehiculo automotor en transporte,Not an Intersection,No fue interseccion,No reportado,Ninguna,No reportada,Neblina o Humo,No,NO APLICA,99,99,99,99,1,16/01/2022,1
41,Oregon,410017,0,0,2,0,31,JEFFERSON (31),0,NO APLICA,1,Enero,17,2022,10,34,SR-361 ODOT 361,3,Highway estatal,Urbano,Colector Mayor,State Highway Agency,0,Sin jurisdiccion especial,25,44.60482778,-121.1536583,Vehiculo en movimiento,Frente a frente,Not an Intersection,No fue interseccion,Sobre calle,Ninguna,Dia total,Nublado,No,NO APLICA,10,34,10,37,1,17/01/2022,3
41,Oregon,410018,1,1,3,0,17,DESCHUTES (17),0,NO APLICA,1,Enero,19,2022,21,22,US-97 ODOT 4,2,US Highway,Rural,Arteria Principal,State Highway Agency,1,Sin jurisdiccion especial,1282,44.18781667,-121.2387833,Peaton,El primer evento no fue una colision con un vehiculo automotor en transporte,Not an Intersection,No fue interseccion,Sobre calle,Ninguna,Oscuro sin iluminacion,Despejado,No,NO APLICA,99,99,99,99,1,19/01/2022,4
41,Oregon,410019,0,0,1,0,43,LINN (43),0,NO APLICA,1,Enero,19,2022,16,18,US-20 ODOT 16,2,US Highway,Rural,Arteria Principal,State Highway Agency,1,Sin jurisdiccion especial,342,44.407525,-122.6056028,Zanja,El primer evento no fue una colision con un vehiculo automotor en transporte,Not an Intersection,No fue interseccion,Sobre el lado de la calle,Ninguna,Atardecer,lluvia,No,NO APLICA,16,20,16,31,1,19/01/2022,1
41,Oregon,410020,0,0,2,0,51,MULTNOMAH (51),1650,PORTLAND,1,Enero,20,2022,23,30,SR-99E ODOT 81,3,Highway estatal,Urbano,Arteria Principal,State Highway Agency,1,Sin jurisdiccion especial,23,45.49033333,-122.6539611,Vehiculo en movimiento,Angulo,Four-Way Intersection,Interseccion de 4 direcciones,Sobre calle,Ninguna,Oscuro con iluminacion,Despejado,No,NO APLICA,23,33,23,38,1,20/01/2022,5
41,Oregon,410021,1,1,1,0,51,MULTNOMAH (51),1650,PORTLAND,1,Enero,22,2022,19,4,US-26 ODOT 26,2,US Highway,Urbano,Arteria Principal,State Highway Agency,1,Sin jurisdiccion especial,91,45.49513056,-122.4983833,Peaton,El primer evento no fue una colision con un vehiculo automotor en transporte,Not an Intersection,No fue interseccion,Sobre calle,Ninguna,Oscuro con iluminacion,Despejado,No,NO APLICA,19,4,19,4,1,22/01/2022,1
41,Oregon,410022,0,0,4,0,53,POLK (53),0,NO APLICA,1,Enero,22,2022,17,40,SR-18 ODOT 39,3,Highway estatal,Rural,Arteria Principal,State Highway Agency,1,Sin jurisdiccion especial,167,45.06084722,-123.6946917,Vehiculo en movimiento,Frente a frente,Not an Intersection,No fue interseccion,Sobre calle,Ninguna,Atardecer,Despejado,No,NO APLICA,17,41,17,48,1,22/01/2022,8
41,Oregon,410023,0,0,1,0,29,JACKSON (29),0,NO APLICA,1,Enero,23,2022,17,45,CR-SAVAGE CREEK RD,4,Calle del Condado,Rural,Local,County Highway Agency,0,Sin jurisdiccion especial,6,42.41081667,-123.2197028,Zanja,El primer evento no fue una colision con un vehiculo automotor en transporte,Not an Intersection,No fue interseccion,Sobre el lado de la calle,Ninguna,Oscuro sin iluminacion,Despejado,No,NO APLICA,17,47,17,58,1,23/01/2022,1
41,Oregon,410024,0,0,2,0,33,JOSEPHINE (33),0,NO APLICA,1,Enero,24,2022,12,45,US-99 ODOT 25,2,US Highway,Rural,Arteria Principal,State Highway Agency,1,Sin jurisdiccion especial,103,42.375,-123.4995222,Vehiculo en movimiento,Frente a frente,Not an Intersection,No fue interseccion,Sobre calle,Ninguna,Dia total,Despejado,No,NO APLICA,12,47,12,58,1,24/01/2022,2
41,Oregon,410025,0,0,2,0,3,BENTON (3),0,NO APLICA,1,Enero,24,2022,7,41,CR-WEST HILLS RD,4,Calle del Condado,Urbano,Arteria Menor,County Highway Agency,0,Sin jurisdiccion especial,21,44.555575,-123.3540111,Vehiculo en movimiento,Frente a frente,Not an Intersection,No fue interseccion,Sobre calle,Ninguna,Dia total,Neblina o Humo,No,NO APLICA,7,41,7,50,1,24/01/2022,2
41,Oregon,410026,0,0,1,0,29,JACKSON (29),1630,PHOENIX,1,Enero,24,2022,0,25,I-5,1,Interestatal,Urbano,Interestatal,State Highway Agency,1,Sin jurisdiccion especial,236,42.27251111,-122.8058028,Volcadura,El primer evento no fue una colision con un vehiculo automotor en transporte,Not an Intersection,No fue interseccion,Sobre el lado de la calle,Ninguna,Oscuro sin iluminacion,Despejado,No,NO APLICA,99,99,99,99,1,24/01/2022,1
41,Oregon,410027,0,0,2,0,53,POLK (53),0,NO APLICA,1,Enero,24,2022,19,38,SR-18 ODOT 39,3,Highway estatal,Rural,Arteria Principal,State Highway Agency,1,Sin jurisdiccion especial,155,45.07039167,-123.7122667,Vehiculo en movimiento,Frente a frente,Not an Intersection,No fue interseccion,Sobre calle,Ninguna,Oscuro sin iluminacion,Neblina o Humo,No,NO APLICA,19,41,19,51,1,24/01/2022,3
41,Oregon,410029,0,0,2,0,5,CLACKAMAS (5),0,NO APLICA,1,Enero,28,2022,0,29,SR-99E ODOT 81,3,Highway estatal,Urbano,Arteria Principal,State Highway Agency,1,Sin jurisdiccion especial,94,45.39561389,-122.6161972,Vehiculo en movimiento,Frente a Detrás,Not an Intersection,No fue interseccion,Sobre calle,Ninguna,Oscuro con iluminacion,Despejado,No,NO APLICA,0,29,0,34,1,28/01/2022,2
41,Oregon,410030,0,0,1,0,47,MARION (47),0,NO APLICA,1,Enero,28,2022,13,20,SR-99E ODOT 81,3,Highway estatal,Rural,Arteria Menor,State Highway Agency,0,Sin jurisdiccion especial,342,45.12044444,-122.8590472,Otro objeto (fijo),El primer evento no fue una colision con un vehiculo automotor en transporte,Not an Intersection,No fue interseccion,Sobre el lado de la calle,Ninguna,Dia total,Despejado,No,NO APLICA,13,23,13,35,1,28/01/2022,1
41,Oregon,410031,0,0,2,0,43,LINN (43),0,NO APLICA,1,Enero,29,2022,10,5,SR-34 ODOT 210,3,Highway estatal,Rural,Arteria Principal,State Highway Agency,1,Sin jurisdiccion especial,107,44.55570556,-123.0491194,Vehiculo en movimiento,Angulo,Four-Way Intersection,Interseccion de 4 direcciones,Sobre calle,Ninguna,Dia total,Neblina o Humo,No,NO APLICA,10,5,10,14,1,29/01/2022,3
41,Oregon,410033,1,1,1,0,51,MULTNOMAH (51),1650,PORTLAND,1,Enero,29,2022,21,13,SE DIVISION ST,6,Calle Local Municipalidad,Urbano,Arteria Principal,City or Municipal Highway Agency,1,Sin jurisdiccion especial,0,45.504275,-122.5583944,Peaton,El primer evento no fue una colision con un vehiculo automotor en transporte,Not an Intersection,No fue interseccion,Sobre calle,Ninguna,Oscuro con iluminacion,Despejado,No,NO APLICA,21,13,21,16,1,29/01/2022,1
41,Oregon,410035,1,1,1,0,43,LINN (43),0,NO APLICA,1,Enero,30,2022,19,42,SR-34 ODOT 210,3,Highway estatal,Rural,Arteria Principal,State Highway Agency,1,Sin jurisdiccion especial,149,44.54493611,-122.9635861,Peaton,El primer evento no fue una colision con un vehiculo automotor en transporte,Not an Intersection,No fue interseccion,Sobre calle,Ninguna,Oscuro sin iluminacion,lluvia,No,NO APLICA,99,99,99,99,1,30/01/2022,1