Estado,Nombre de Estado,Numero de Caso,Peatones,Personas _no_vehiculos,Vehiculos automotores,Vehiculos estacionados,Condado,Nombre Condado,Ciudad,Nombre Ciudad,Mes,Nombre Mes,Dia,Año,Hora,Minuto,Calle,Ruta,Nombre Ruta,Rural o Urbanoo,Sistema Funcional,Dueño Calle,Sistema Nacional Carreteras,Jurisdiccion Especial,Milla,Latitud,Longitud,Causa del Accidente,Tipo de Accidente,Tipo Interseccion,Columna1,Lugar en la calle,Zona de Trabajo,Luz,Clima,Autobus Escolar,Cruce de Trenes,Hora Notificacion,Minuto Notificacion,Hora Llegada,Minuto Llegada,Decesos,Fecha,PersonaVehiculo
41,Oregon,410036,0,0,2,0,71,YAMHILL (71),0,NO APLICA,1,Enero,31,2022,15,0,SR-153 ODOT 153,3,Highway estatal,Rural,Colector Mayor,State Highway Agency,0,Sin jurisdiccion especial,123,45.10732222,-123.1030083,Vehiculo en movimiento,Frente a frente,Not an Intersection,No fue interseccion,Sobre calle,Ninguna,Dia total,Despejado,No,NO APLICA,15,1,15,13,1,31/01/2022,2
41,Oregon,410037,1,1,1,0,51,MULTNOMAH (51),1650,PORTLAND,1,Enero,31,2022,20,18,I-5,1,Interestatal,Urbano,Interestatal,State Highway Agency,1,Sin jurisdiccion especial,3076,45.60889444,-122.6807889,Peaton,El primer evento no fue una colision con un vehiculo automotor en transporte,Not an Intersection,No fue interseccion,Sobre calle,Ninguna,Oscuro con iluminacion,Nublado,No,NO APLICA,20,21,20,25,1,31/01/2022,1
41,Oregon,410038,0,0,1,0,17,DESCHUTES (17),0,NO APLICA,1,Enero,31,2022,18,56,CR-JOHNSON RANCH RD,4,Calle del Condado,Rural,Colector Mayor,County Highway Agency,0,Sin jurisdiccion especial,0,44.13058611,-121.027275,Acotamiento,El primer evento no fue una colision con un vehiculo automotor en transporte,Not an Intersection,No fue interseccion,Sobre el lado de la calle,Ninguna,Oscuro sin iluminacion,Despejado,No,NO APLICA,18,57,19,14,1,31/01/2022,1
41,Oregon,410039,1,1,1,0,39,LANE (39),0,NO APLICA,2,Febrero,1,2022,20,42,I-5,1,Interestatal,Urbano,Interestatal,State Highway Agency,1,Sin jurisdiccion especial,1911,44.03017222,-123.0299972,Peaton,El primer evento no fue una colision con un vehiculo automotor en transporte,Not an Intersection,No fue interseccion,Sobre Acotamiento,Ninguna,Oscuro sin iluminacion,Nublado,No,NO APLICA,20,42,20,42,1,01/02/2022,1
41,Oregon,410040,0,0,1,0,25,HARNEY (25),0,NO APLICA,2,Febrero,4,2022,13,57,US-20 ODOT 7,2,US Highway,Rural,Arteria Principal,State Highway Agency,1,Sin jurisdiccion especial,1133,43.53458889,-119.3419583,Zanja,El primer evento no fue una colision con un vehiculo automotor en transporte,Not an Intersection,No fue interseccion,Sobre el lado de la calle,Ninguna,Dia total,Despejado,No,NO APLICA,99,99,14,22,1,04/02/2022,1
41,Oregon,410041,0,0,1,0,51,MULTNOMAH (51),1650,PORTLAND,2,Febrero,5,2022,1,29,I-5,1,Interestatal,Urbano,Interestatal,State Highway Agency,1,Sin jurisdiccion especial,2975,45.46998889,-122.6830944,Barrera de Trafico de Concreto,El primer evento no fue una colision con un vehiculo automotor en transporte,Not an Intersection,No fue interseccion,En el medio,Ninguna,Oscuro con iluminacion,Nublado,No,NO APLICA,99,99,99,99,1,05/02/2022,1
41,Oregon,410042,0,0,7,0,47,MARION (47),1810,SALEM,2,Febrero,7,2022,7,21,OWENS ST S,6,Calle Local Municipalidad,Urbano,Arteria Menor,City or Municipal Highway Agency,0,Sin jurisdiccion especial,0,44.93024722,-123.0447639,Vehiculo en movimiento,Frente a Detrás,Not an Intersection,No fue interseccion,Sobre calle,Ninguna,Dia total,Despejado,No,NO APLICA,7,21,7,25,1,07/02/2022,8
41,Oregon,410043,0,0,1,0,37,LAKE (37),0,NO APLICA,2,Febrero,8,2022,16,51,SR-31 ODOT 19,3,Highway estatal,Rural,Arteria Menor,State Highway Agency,0,Sin jurisdiccion especial,653,43.02434722,-120.7811056,Arbol,El primer evento no fue una colision con un vehiculo automotor en transporte,Not an Intersection,No fue interseccion,Sobre el lado de la calle,Ninguna,Dia total,Despejado,No,NO APLICA,16,53,17,5,1,08/02/2022,1
41,Oregon,410044,0,0,2,0,3,BENTON (3),0,NO APLICA,2,Febrero,8,2022,14,16,SR-99 ODOT 91,3,Highway estatal,Rural,Arteria Menor,State Highway Agency,0,Sin jurisdiccion especial,968,44.37388611,-123.2891917,Vehiculo en movimiento,Frente a frente,Not an Intersection,No fue interseccion,Sobre calle,Ninguna,Dia total,Nublado,No,NO APLICA,14,19,14,26,3,08/02/2022,4
41,Oregon,410045,0,0,2,1,29,JACKSON (29),0,NO APLICA,1,Enero,30,2022,20,28,CR-THUNDERHEAD AVE,4,Calle del Condado,Urbano,Local,County Highway Agency,0,Sin jurisdiccion especial,0,42.43290833,-122.8296833,Vehiculo Aparcado,El primer evento no fue una colision con un vehiculo automotor en transporte,Not an Intersection,No fue interseccion,Sobre Acotamiento,Ninguna,Oscuro con iluminacion,Despejado,No,NO APLICA,20,30,99,99,1,30/01/2022,1
41,Oregon,410046,1,1,1,0,19,DOUGLAS (19),0,NO APLICA,2,Febrero,9,2022,18,20,I-5,1,Interestatal,Rural,Interestatal,State Highway Agency,1,Sin jurisdiccion especial,1606,43.68623333,-123.200075,Peaton,El primer evento no fue una colision con un vehiculo automotor en transporte,Not an Intersection,No fue interseccion,Sobre calle,Ninguna,Oscuro sin iluminacion,Nublado,No,NO APLICA,18,20,18,29,1,09/02/2022,1
41,Oregon,410047,0,0,1,0,33,JOSEPHINE (33),0,NO APLICA,2,Febrero,9,2022,17,25,CR-FISH HATCHERY RD,4,Calle del Condado,Rural,Colector Mayor,County Highway Agency,0,Sin jurisdiccion especial,45,42.36790556,-123.4486306,Fin de valla,El primer evento no fue una colision con un vehiculo automotor en transporte,Not an Intersection,No fue interseccion,Sobre el lado de la calle,Ninguna,Dia total,Despejado,No,NO APLICA,17,25,99,99,1,09/02/2022,1
41,Oregon,410048,1,1,1,0,71,YAMHILL (71),1260,MCMINNVILLE,1,Enero,26,2022,7,56,NE RIVERSDIE DR,6,Calle Local Municipalidad,Urbano,Colector Mayor,City or Municipal Highway Agency,0,Sin jurisdiccion especial,0,45.21648611,-123.1722556,Peaton,El primer evento no fue una colision con un vehiculo automotor en transporte,Not an Intersection,No fue interseccion,Sobre calle,Construccion,Dia total,Despejado,No,NO APLICA,7,56,7,59,1,26/01/2022,1
41,Oregon,410049,0,0,1,0,29,JACKSON (29),0,NO APLICA,2,Febrero,11,2022,22,39,SR-238 ODOT 272,3,Highway estatal,Rural,Arteria Menor,State Highway Agency,0,Sin jurisdiccion especial,180,42.25511667,-123.1696556,Puente de Ferrocarril,El primer evento no fue una colision con un vehiculo automotor en transporte,Not an Intersection,No fue interseccion,Sobre el lado de la calle,Ninguna,Oscuro sin iluminacion,Despejado,No,NO APLICA,22,39,22,52,1,11/02/2022,1
41,Oregon,410051,0,0,1,0,19,DOUGLAS (19),1730,REEDSPORT,2,Febrero,5,2022,1,50,RAILROAD AVE,6,Calle Local Municipalidad,Rural,Local,City or Municipal Highway Agency,0,Sin jurisdiccion especial,0,43.70547222,-124.0970472,Muro,El primer evento no fue una colision con un vehiculo automotor en transporte,T-Intersection,Interseccion de T,Sobre el lado de la calle,Ninguna,Oscuro - iluminacion desconocida,No reportado,No,NO APLICA,1,54,2,1,1,05/02/2022,1
41,Oregon,410052,2,2,1,0,47,MARION (47),1168,KEIZER,1,Enero,22,2022,7,39,TRAIL AVE NE,6,Calle Local Municipalidad,Urbano,Colector Mayor,City or Municipal Highway Agency,0,Sin jurisdiccion especial,0,45.00540556,-123.0221667,Poste o otros soportes,El primer evento no fue una colision con un vehiculo automotor en transporte,T-Intersection,Interseccion de T,Sobre el lado de la calle,Ninguna,Dia total,Nublado,No,NO APLICA,7,48,7,51,1,22/01/2022,1
41,Oregon,410053,0,0,1,0,51,MULTNOMAH (51),1650,PORTLAND,2,Febrero,16,2022,9,45,NE GLISAN ST,6,Calle Local Municipalidad,Urbano,Arteria Principal,City or Municipal Highway Agency,1,Sin jurisdiccion especial,0,45.5264,-122.5738444,Desconocido,No reportado,T-Intersection,Interseccion de T,Sobre calle,Ninguna,Dia total,Nublado,No,NO APLICA,9,46,9,50,1,16/02/2022,1
41,Oregon,410054,0,0,1,0,41,LINCOLN (41),0,NO APLICA,1,Enero,22,2022,99,99,CR-BUCK CREEK RD,4,Calle del Condado,Rural,Colector Menor,National Park Service,0,Servicio de Parques Nacional,35,44.29033889,-123.8890194,Acotamiento,El primer evento no fue una colision con un vehiculo automotor en transporte,Not an Intersection,No fue interseccion,Sobre el lado de la calle,Ninguna,Reportada como desconocida,Nublado,No,NO APLICA,99,99,99,99,1,22/01/2022,1
41,Oregon,410055,1,1,1,0,39,LANE (39),660,EUGENE,1,Enero,8,2022,17,25,W 11TH AVE,6,Calle Local Municipalidad,Urbano,Arteria Principal,City or Municipal Highway Agency,1,Sin jurisdiccion especial,0,44.04791944,-123.1370361,Peaton,El primer evento no fue una colision con un vehiculo automotor en transporte,T-Intersection,Interseccion de T,Sobre calle,Ninguna,Oscuro con iluminacion,Despejado,No,NO APLICA,17,25,17,29,1,08/01/2022,1
41,Oregon,410056,0,0,2,0,29,JACKSON (29),0,NO APLICA,2,Febrero,17,2022,11,45,SR-66 ODOT 21,3,Highway estatal,Urbano,Arteria Menor,State Highway Agency,0,Sin jurisdiccion especial,31,42.16981111,-122.6410833,Vehiculo en movimiento,Angulo,Not an Intersection,No fue interseccion,Sobre calle,Ninguna,Dia total,Despejado,No,NO APLICA,11,45,11,49,1,17/02/2022,2
41,Oregon,410057,0,0,2,0,5,CLACKAMAS (5),0,NO APLICA,2,Febrero,18,2022,12,25,SR-211 ODOT 172,3,Highway estatal,Rural,Arteria Menor,State Highway Agency,0,Sin jurisdiccion especial,0,45.35918333,-122.3548333,Vehiculo en movimiento,Frente a frente,T-Intersection,Interseccion de T,Sobre calle,Ninguna,Dia total,Despejado,No,NO APLICA,12,25,12,36,1,18/02/2022,2
41,Oregon,410058,2,2,1,0,67,WASHINGTON (67),1900,SHERWOOD,2,Febrero,20,2022,18,51,SW EDY RD,6,Calle Local Municipalidad,Urbano,Colector Mayor,City or Municipal Highway Agency,0,Sin jurisdiccion especial,0,45.36781944,-122.8569417,Peaton,El primer evento no fue una colision con un vehiculo automotor en transporte,T-Intersection,Interseccion de T,Sobre el lado de la calle,Ninguna,Oscuro con iluminacion,Despejado,No,NO APLICA,18,51,18,57,2,20/02/2022,1
41,Oregon,410059,0,0,2,0,7,CLATSOP (7),80,ASTORIA,2,Febrero,10,2022,22,16,US-101 ODOT 9,2,US Highway,Urbano,Arteria Principal,State Highway Agency,1,Sin jurisdiccion especial,33,46.18925278,-123.8489778,Vehiculo en movimiento,Frente a frente,Not an Intersection,No fue interseccion,Sobre calle,Ninguna,Oscuro sin iluminacion,Nublado,No,NO APLICA,22,27,99,99,1,10/02/2022,2
41,Oregon,410061,1,1,1,0,51,MULTNOMAH (51),0,NO APLICA,2,Febrero,17,2022,2,3,I-84,1,Interestatal,Urbano,Interestatal,State Highway Agency,1,Sin jurisdiccion especial,181,45.54415556,-122.379325,Peaton,El primer evento no fue una colision con un vehiculo automotor en transporte,Not an Intersection,No fue interseccion,Sobre Acotamiento,Ninguna,Oscuro sin iluminacion,No reportado,No,NO APLICA,2,8,2,19,1,17/02/2022,1
41,Oregon,410062,1,1,1,0,11,COOS (11),400,COQUILLE,2,Febrero,16,2022,1,20,W CENTRAL BLVD,6,Calle Local Municipalidad,Rural,Colector Mayor,City or Municipal Highway Agency,0,Sin jurisdiccion especial,0,43.18673611,-124.1962306,Peaton,El primer evento no fue una colision con un vehiculo automotor en transporte,Not an Intersection,No fue interseccion,Sobre calle,Ninguna,Oscuro con iluminacion,Despejado,No,NO APLICA,1,24,1,32,1,16/02/2022,1
41,Oregon,410063,0,0,1,0,3,BENTON (3),0,NO APLICA,2,Febrero,23,2022,7,9,CR-FERN RD,4,Calle del Condado,Rural,Colector Mayor,County Highway Agency,0,Sin jurisdiccion especial,22,44.51270278,-123.3599083,Arbol,El primer evento no fue una colision con un vehiculo automotor en transporte,Not an Intersection,No fue interseccion,Sobre el lado de la calle,Ninguna,Dia total,Despejado,No,NO APLICA,99,99,99,99,1,23/02/2022,1
41,Oregon,410064,1,1,1,0,47,MARION (47),0,NO APLICA,2,Febrero,24,2022,18,29,I-5,1,Interestatal,Rural,Interestatal,State Highway Agency,1,Sin jurisdiccion especial,2473,44.828,-123.0133194,Peaton,El primer evento no fue una colision con un vehiculo automotor en transporte,Not an Intersection,No fue interseccion,Sobre calle,Ninguna,Atardecer,No reportado,No,NO APLICA,18,30,18,38,1,24/02/2022,1
41,Oregon,410065,0,0,2,0,71,YAMHILL (71),0,NO APLICA,2,Febrero,26,2022,5,40,SR-18 ODOT 39,3,Highway estatal,Rural,Arteria Principal,State Highway Agency,1,Sin jurisdiccion especial,560,45.27040833,-123.0120861,Vehiculo en movimiento,Frente a frente,Not an Intersection,No fue interseccion,Sobre calle,Ninguna,Oscuro sin iluminacion,Despejado,No,NO APLICA,5,35,5,45,1,26/02/2022,3
41,Oregon,410066,0,0,2,0,39,LANE (39),0,NO APLICA,2,Febrero,27,2022,17,49,SR-126W ODOT 62,3,Highway estatal,Rural,Arteria Principal,State Highway Agency,1,Sin jurisdiccion especial,279,43.99766944,-123.6324306,Vehiculo en movimiento,Frente a frente,Not an Intersection,No fue interseccion,Sobre calle,Ninguna,Atardecer,lluvia,No,NO APLICA,17,49,17,57,1,27/02/2022,2
41,Oregon,410067,0,0,1,0,43,LINN (43),20,ALBANY,2,Febrero,25,2022,10,40,SR-20 ODOT 16,3,Highway estatal,Urbano,Arteria Principal,State Highway Agency,1,Sin jurisdiccion especial,17,44.62948611,-123.0477194,Poste o otros soportes,El primer evento no fue una colision con un vehiculo automotor en transporte,Not an Intersection,No fue interseccion,Sobre el lado de la calle,Ninguna,Dia total,Despejado,No,NO APLICA,10,40,10,45,1,25/02/2022,1
41,Oregon,410068,1,1,2,0,51,MULTNOMAH (51),1650,PORTLAND,2,Febrero,25,2022,18,54,SE FOSTER RD,6,Calle Local Municipalidad,Urbano,Arteria Menor,City or Municipal Highway Agency,0,Sin jurisdiccion especial,0,45.47636944,-122.5463611,Peaton,El primer evento no fue una colision con un vehiculo automotor en transporte,Not an Intersection,No fue interseccion,Sobre calle,Ninguna,Oscuro sin iluminacion,Despejado,No,NO APLICA,18,54,19,3,1,25/02/2022,3
41,Oregon,410069,0,0,1,0,41,LINCOLN (41),0,NO APLICA,2,Febrero,25,2022,23,15,US-101 ODOT 9,2,US Highway,Rural,Arteria Principal,State Highway Agency,1,Sin jurisdiccion especial,1259,44.82977222,-124.0581528,Arbol,El primer evento no fue una colision con un vehiculo automotor en transporte,Not an Intersection,No fue interseccion,Sobre el lado de la calle,Ninguna,Oscuro sin iluminacion,Despejado,No,NO APLICA,23,16,23,21,1,25/02/2022,1
41,Oregon,410070,0,0,1,0,5,CLACKAMAS (5),0,NO APLICA,2,Febrero,8,2022,2,15,CR-FIRWOOD RD,4,Calle del Condado,Rural,Colector Mayor,County Highway Agency,0,Sin jurisdiccion especial,10,45.36583056,-122.2347889,Arbol,El primer evento no fue una colision con un vehiculo automotor en transporte,Not an Intersection,No fue interseccion,Sobre el lado de la calle,Ninguna,Oscuro sin iluminacion,Nublado,No,NO APLICA,99,99,99,99,1,08/02/2022,1
41,Oregon,410071,0,0,2,0,33,JOSEPHINE (33),860,GRANTS PASS,2,Febrero,28,2022,18,9,SR-238 ODOT 272,3,Highway estatal,Urbano,Arteria Principal,State Highway Agency,1,Sin jurisdiccion especial,25,42.39264722,-123.3471583,Vehiculo en movimiento,Angulo,Not an Intersection,No fue interseccion,Sobre calle,Ninguna,Atardecer,Despejado,No,NO APLICA,18,9,18,13,1,28/02/2022,2
41,Oregon,410072,1,1,1,0,51,MULTNOMAH (51),880,GRESHAM,1,Enero,3,2022,18,15,SW HIGHLAND DR,6,Calle Local Municipalidad,Urbano,Arteria Menor,City or Municipal Highway Agency,0,Sin jurisdiccion especial,0,45.48888333,-122.4754833,Peaton,El primer evento no fue una colision con un vehiculo automotor en transporte,T-Intersection,Interseccion de T,Sobre calle,Ninguna,Oscuro con iluminacion,lluvia,No,NO APLICA,19,27,99,99,1,03/01/2022,1
41,Oregon,410073,0,0,1,0,5,CLACKAMAS (5),0,NO APLICA,2,Febrero,12,2022,9,27,CR-SE SUNSHINE VALLEY RD,4,Calle del Condado,Urbano,Colector Menor,County Highway Agency,0,Sin jurisdiccion especial,3,45.44318611,-122.3924194,Poste,El primer evento no fue una colision con un vehiculo automotor en transporte,Not an Intersection,No fue interseccion,Sobre el lado de la calle,Ninguna,Dia total,Despejado,No,NO APLICA,99,99,99,99,1,12/02/2022,1
41,Oregon,410074,0,0,2,0,35,KLAMATH (35),1170,KLAMATH FALLS,2,Febrero,21,2022,15,34,SR-140W ODOT 270,3,Highway estatal,Urbano,Arteria Principal,State Highway Agency,1,Sin jurisdiccion especial,663,42.21573056,-121.8352639,Vehiculo en movimiento,Frente a frente,Not an Intersection,No fue interseccion,Sobre calle,Ninguna,Dia total,Nieve,No,NO APLICA,15,34,15,45,1,21/02/2022,3
41,Oregon,410075,1,1,1,0,9,COLUMBIA (9),1840,SCAPPOOSE,3,Marzo,1,2022,21,41,US-30 ODOT 92,2,US Highway,Urbano,Arteria Principal,State Highway Agency,1,Sin jurisdiccion especial,214,45.76005,-122.8782139,Peaton,El primer evento no fue una colision con un vehiculo automotor en transporte,Not an Intersection,No fue interseccion,Sobre calle,Ninguna,Oscuro sin iluminacion,lluvia,No,NO APLICA,21,41,21,45,1,01/03/2022,1
41,Oregon,410076,1,1,1,0,43,LINN (43),1210,LEBANON,2,Febrero,3,2022,21,30,US-20 ODOT 16,2,US Highway,Urbano,Arteria Principal,State Highway Agency,1,Sin jurisdiccion especial,142,44.52492222,-122.9070056,Peaton,El primer evento no fue una colision con un vehiculo automotor en transporte,Not an Intersection,No fue interseccion,Sobre calle,Ninguna,Oscuro con iluminacion,Despejado,No,NO APLICA,21,17,21,23,1,03/02/2022,1
41,Oregon,410079,1,1,1,0,51,MULTNOMAH (51),1650,PORTLAND,3,Marzo,3,2022,0,34,SE DIVISION ST,6,Calle Local Municipalidad,Urbano,Colector Mayor,City or Municipal Highway Agency,0,Sin jurisdiccion especial,0,45.50538889,-122.5953444,Peaton,El primer evento no fue una colision con un vehiculo automotor en transporte,Not an Intersection,No fue interseccion,Sobre calle,Ninguna,Oscuro con iluminacion,lluvia,No,NO APLICA,99,99,99,99,1,03/03/2022,2
41,Oregon,410080,0,0,1,0,39,LANE (39),0,NO APLICA,2,Febrero,5,2022,2,3,US-101 ODOT 9,2,US Highway,Rural,Arteria Principal,State Highway Agency,1,Sin jurisdiccion especial,1839,44.0653,-124.0980528,Arbol,El primer evento no fue una colision con un vehiculo automotor en transporte,Not an Intersection,No fue interseccion,Sobre el lado de la calle,Ninguna,Oscuro sin iluminacion,Nublado,No,NO APLICA,2,0,2,17,1,05/02/2022,1
41,Oregon,410081,0,0,2,0,29,JACKSON (29),0,NO APLICA,2,Febrero,18,2022,15,10,SR-140 ODOT 270,3,Highway estatal,Rural,Arteria Principal,State Highway Agency,1,Sin jurisdiccion especial,260,42.38751944,-122.4025861,Vehiculo en movimiento,Angulo,Not an Intersection,No fue interseccion,Sobre calle,Ninguna,Dia total,Despejado,No,NO APLICA,15,9,15,18,1,18/02/2022,2
41,Oregon,410082,2,2,1,0,67,WASHINGTON (67),2065,TIGARD,3,Marzo,4,2022,20,40,SR-141 ODOT 141,3,Highway estatal,Urbano,Arteria Menor,State Highway Agency,0,Sin jurisdiccion especial,44,45.44116111,-122.7654194,Peaton,El primer evento no fue una colision con un vehiculo automotor en transporte,T-Intersection,Interseccion de T,Sobre calle,Ninguna,Oscuro - iluminacion desconocida,No reportado,No,NO APLICA,20,41,20,44,1,04/03/2022,1
41,Oregon,410083,0,0,1,0,71,YAMHILL (71),0,NO APLICA,3,Marzo,5,2022,2,10,CR-NW PANTHER CREEK RD,4,Calle del Condado,Rural,Local,County Highway Agency,0,Sin jurisdiccion especial,11,45.30051111,-123.3296667,Acotamiento,El primer evento no fue una colision con un vehiculo automotor en transporte,Not an Intersection,No fue interseccion,Sobre el lado de la calle,Ninguna,Oscuro sin iluminacion,Despejado,No,NO APLICA,2,10,2,33,1,05/03/2022,4
41,Oregon,410085,0,0,2,0,51,MULTNOMAH (51),0,NO APLICA,3,Marzo,7,2022,8,12,US-30 ODOT 92,2,US Highway,Rural,Arteria Principal,State Highway Agency,1,Sin jurisdiccion especial,144,45.66561667,-122.8660389,Valla Ferrocarril,El primer evento no fue una colision con un vehiculo automotor en transporte,Not an Intersection,No fue interseccion,Sobre el lado de la calle,Ninguna,Dia total,Neblina o Humo,No,NO APLICA,8,14,8,23,1,07/03/2022,3
41,Oregon,410086,0,0,3,0,71,YAMHILL (71),0,NO APLICA,2,Febrero,22,2022,9,51,SR-99W ODOT 91,3,Highway estatal,Rural,Arteria Principal,State Highway Agency,1,Sin jurisdiccion especial,294,45.24042778,-123.0575528,Vehiculo en movimiento,Frente a Detrás,Not an Intersection,No fue interseccion,Sobre calle,Ninguna,Dia total,Despejado,No,NO APLICA,9,52,10,4,1,22/02/2022,4
41,Oregon,410087,0,0,1,0,15,CURRY (15),0,NO APLICA,3,Marzo,8,2022,3,32,US-101 ODOT 9,2,US Highway,Rural,Arteria Principal,State Highway Agency,1,Sin jurisdiccion especial,2947,42.83020556,-124.4807556,Arbol,El primer evento no fue una colision con un vehiculo automotor en transporte,Not an Intersection,No fue interseccion,Sobre el lado de la calle,Ninguna,Oscuro sin iluminacion,Despejado,No,NO APLICA,3,32,3,41,1,08/03/2022,1
41,Oregon,410089,0,0,1,0,21,GILLIAM (21),0,NO APLICA,3,Marzo,8,2022,20,30,SR-19 ODOT 5,3,Highway estatal,Rural,Arteria Menor,State Highway Agency,0,Sin jurisdiccion especial,359,45.27197778,-120.14975,Zanja,El primer evento no fue una colision con un vehiculo automotor en transporte,Not an Intersection,No fue interseccion,Sobre el lado de la calle,Ninguna,Oscuro sin iluminacion,lluvia,No,NO APLICA,20,2,20,19,1,08/03/2022,3
41,Oregon,410090,0,0,3,0,61,UNION (61),0,NO APLICA,3,Marzo,9,2022,8,52,I-84,1,Interestatal,Rural,Interestatal,State Highway Agency,1,Sin jurisdiccion especial,2588,45.34409167,-118.1390194,Vehiculo en movimiento,Angulo,Not an Intersection,No fue interseccion,Sobre calle,Ninguna,Dia total,Nieve,No,NO APLICA,8,52,9,4,1,09/03/2022,4
41,Oregon,410091,0,0,2,0,19,DOUGLAS (19),2257,WINSTON,1,Enero,12,2022,16,16,S MAIN ST,6,Calle Local Municipalidad,Urbano,Arteria Menor,City or Municipal Highway Agency,0,Sin jurisdiccion especial,0,43.11694167,-123.4147556,Vehiculo en movimiento,Angulo,T-Intersection,Interseccion de T,Sobre calle,Ninguna,Atardecer,Despejado,No,NO APLICA,16,16,16,16,1,12/01/2022,2
41,Oregon,410092,0,0,1,0,65,WASCO (65),0,NO APLICA,2,Febrero,14,2022,7,53,CR-BAKEOVEN MARKET RD,4,Calle del Condado,Rural,Colector Mayor,County Highway Agency,0,Sin jurisdiccion especial,81,45.18145556,-120.9487167,Poste o otros soportes,El primer evento no fue una colision con un vehiculo automotor en transporte,Not an Intersection,No fue interseccion,Sobre el lado de la calle,Ninguna,Reportada como desconocida,Vientos cruzados pero de los mamalones,No,NO APLICA,99,99,99,99,1,14/02/2022,1
41,Oregon,410093,0,0,1,0,7,CLATSOP (7),0,NO APLICA,3,Marzo,10,2022,9,10,US-26 ODOT 47,2,US Highway,Rural,Arteria Principal,State Highway Agency,1,Sin jurisdiccion especial,78,45.90745833,-123.7891139,Arbol,El primer evento no fue una colision con un vehiculo automotor en transporte,Not an Intersection,No fue interseccion,Sobre el lado de la calle,Ninguna,Dia total,Despejado,No,NO APLICA,9,13,9,23,1,10/03/2022,1
41,Oregon,410094,1,1,2,0,39,LANE (39),660,EUGENE,3,Marzo,10,2022,20,33,RIVER RD,6,Calle Local Municipalidad,Urbano,Arteria Principal,City or Municipal Highway Agency,1,Sin jurisdiccion especial,0,44.09529444,-123.1279111,Peaton,El primer evento no fue una colision con un vehiculo automotor en transporte,Not an Intersection,No fue interseccion,Sobre calle,Ninguna,Oscuro sin iluminacion,Despejado,No,NO APLICA,20,33,99,99,1,10/03/2022,3
41,Oregon,410095,1,1,1,0,51,MULTNOMAH (51),880,GRESHAM,1,Enero,8,2022,19,45,SE STARK ST,6,Calle Local Municipalidad,Urbano,Arteria Menor,City or Municipal Highway Agency,0,Sin jurisdiccion especial,0,45.51913611,-122.4704167,Peaton,El primer evento no fue una colision con un vehiculo automotor en transporte,Four-Way Intersection,Interseccion de 4 direcciones,Sobre calle,Ninguna,Oscuro con iluminacion,Despejado,No,NO APLICA,19,45,19,50,1,08/01/2022,1
41,Oregon,410096,1,1,1,0,19,DOUGLAS (19),1780,ROSEBURG,3,Marzo,10,2022,13,18,SR-138 ODOT 138,3,Highway estatal,Urbano,Arteria Principal,State Highway Agency,1,Sin jurisdiccion especial,4,43.21333333,-123.3337417,Peaton,El primer evento no fue una colision con un vehiculo automotor en transporte,Not an Intersection,No fue interseccion,Sobre calle,Ninguna,Dia total,Despejado,No,NO APLICA,13,19,13,22,1,10/03/2022,1
41,Oregon,410097,1,1,1,0,67,WASHINGTON (67),180,BEAVERTON,3,Marzo,15,2022,7,2,SW FARMINGTON RD,6,Calle Local Municipalidad,Urbano,Arteria Principal,City or Municipal Highway Agency,1,Sin jurisdiccion especial,0,45.48698889,-122.804125,Peaton,El primer evento no fue una colision con un vehiculo automotor en transporte,Four-Way Intersection,Interseccion de 4 direcciones,Sobre calle,Ninguna,Amanecer,Nublado,No,NO APLICA,7,2,7,4,1,15/03/2022,1
41,Oregon,410098,1,1,1,0,67,WASHINGTON (67),0,NO APLICA,3,Marzo,15,2022,7,22,CR-ROOD BRIDGE RD,4,Calle del Condado,Rural,Colector Mayor,County Highway Agency,0,Sin jurisdiccion especial,0,45.45969444,-122.9630861,Ciclista,El primer evento no fue una colision con un vehiculo automotor en transporte,Not an Intersection,No fue interseccion,Sobre calle,Ninguna,Amanecer,Nublado,No,NO APLICA,7,21,7,32,1,15/03/2022,1
41,Oregon,410099,0,0,2,0,43,LINN (43),0,NO APLICA,3,Marzo,18,2022,11,25,SR-20 ODOT 16,3,Highway estatal,Rural,Arteria Principal,State Highway Agency,1,Sin jurisdiccion especial,323,44.40875278,-122.6391194,Vehiculo en movimiento,Frente a frente,Not an Intersection,No fue interseccion,Sobre calle,Ninguna,Dia total,Nublado,No,NO APLICA,11,25,11,30,2,18/03/2022,4
41,Oregon,410100,1,1,1,0,51,MULTNOMAH (51),1650,PORTLAND,3,Marzo,18,2022,20,51,NE VANCOUVER WAY,6,Calle Local Municipalidad,Urbano,Colector Mayor,City or Municipal Highway Agency,0,Sin jurisdiccion especial,0,45.59015278,-122.6622583,No vehiculo o remolque,El primer evento no fue una colision con un vehiculo automotor en transporte,Four-Way Intersection,Interseccion de 4 direcciones,Sobre calle,Ninguna,No reportada,No reportado,No,NO APLICA,99,99,99,99,1,18/03/2022,1
41,Oregon,410101,0,0,2,0,41,LINCOLN (41),0,NO APLICA,3,Marzo,18,2022,17,55,SR-18 ODOT 39,3,Highway estatal,Rural,Arteria Principal,State Highway Agency,1,Sin jurisdiccion especial,65,45.02131389,-123.860775,Vehiculo en movimiento,Angulo,Not an Intersection,No fue interseccion,Sobre calle,Ninguna,Dia total,Nublado,No,NO APLICA,18,1,18,15,1,18/03/2022,4