Estado,Nombre de Estado,Numero de Caso,Peatones,Personas _no_vehiculos,Vehiculos automotores,Vehiculos estacionados,Condado,Nombre Condado,Ciudad,Nombre Ciudad,Mes,Nombre Mes,Dia,Año,Hora,Minuto,Calle,Ruta,Nombre Ruta,Rural o Urbanoo,Sistema Funcional,Dueño Calle,Sistema Nacional Carreteras,Jurisdiccion Especial,Milla,Latitud,Longitud,Causa del Accidente,Tipo de Accidente,Tipo Interseccion,Columna1,Lugar en la calle,Zona de Trabajo,Luz,Clima,Autobus Escolar,Cruce de Trenes,Hora Notificacion,Minuto Notificacion,Hora Llegada,Minuto Llegada,Decesos,Fecha,PersonaVehiculo
41,Oregon,410102,1,1,1,0,11,COOS (11),0,NO APLICA,1,Enero,4,2022,22,55,US-101 ODOT 9,2,US Highway,Urbano,Arteria Principal,State Highway Agency,1,Sin jurisdiccion especial,2393,43.35582222,-124.2073361,Peaton,El primer evento no fue una colision con un vehiculo automotor en transporte,Four-Way Intersection,Interseccion de 4 direcciones,Sobre calle,Ninguna,Oscuro con iluminacion,lluvia,No,NO APLICA,22,58,23,3,1,04/01/2022,1
41,Oregon,410103,0,0,1,0,31,JEFFERSON (31),1270,MADRAS,3,Marzo,20,2022,1,39,US-97 ODOT 4,2,US Highway,Urbano,Arteria Principal,State Highway Agency,1,Sin jurisdiccion especial,919,44.64013611,-121.1286694,Barda,El primer evento no fue una colision con un vehiculo automotor en transporte,Not an Intersection,No fue interseccion,Sobre el lado de la calle,Ninguna,Oscuro con iluminacion,Despejado,No,NO APLICA,1,41,1,45,1,20/03/2022,3
41,Oregon,410104,0,0,2,0,47,MARION (47),1810,SALEM,3,Marzo,21,2022,9,42,LIBERTY RD S,6,Calle Local Municipalidad,Urbano,Arteria Menor,City or Municipal Highway Agency,0,Sin jurisdiccion especial,0,44.90113889,-123.0528778,Vehiculo en movimiento,Angulo,Four-Way Intersection,Interseccion de 4 direcciones,Sobre calle,Ninguna,Dia total,lluvia,No,NO APLICA,9,42,9,52,1,21/03/2022,5
41,Oregon,410105,0,0,1,0,5,CLACKAMAS (5),0,NO APLICA,3,Marzo,3,2022,19,15,CR- S SPRINGWATER RD,4,Calle del Condado,Rural,Arteria Menor,County Highway Agency,0,Sin jurisdiccion especial,74,45.32406111,-122.3969972,Arbol,El primer evento no fue una colision con un vehiculo automotor en transporte,Not an Intersection,No fue interseccion,Sobre el lado de la calle,Ninguna,Oscuro sin iluminacion,Nublado,No,NO APLICA,99,99,99,99,1,03/03/2022,1
41,Oregon,410106,0,0,2,0,29,JACKSON (29),0,NO APLICA,3,Marzo,21,2022,17,10,CR-WAGNER CREEK RD,4,Calle del Condado,Urbano,Colector Mayor,County Highway Agency,0,Sin jurisdiccion especial,11,42.23675278,-122.7947028,Vehiculo en movimiento,Angulo,Not an Intersection,No fue interseccion,Sobre calle,Ninguna,Atardecer,Nublado,No,NO APLICA,17,12,17,16,1,21/03/2022,2
41,Oregon,410107,0,0,1,0,43,LINN (43),0,NO APLICA,3,Marzo,22,2022,16,46,CR-BRUSH CREEK RD,4,Calle del Condado,Rural,Colector Mayor,County Highway Agency,0,Sin jurisdiccion especial,32,44.31922778,-122.8197611,Zanja,El primer evento no fue una colision con un vehiculo automotor en transporte,Not an Intersection,No fue interseccion,Sobre el lado de la calle,Ninguna,Dia total,Despejado,No,NO APLICA,16,46,16,52,1,22/03/2022,1
41,Oregon,410109,1,1,3,0,29,JACKSON (29),1310,MEDFORD,3,Marzo,24,2022,5,57,TABLE ROCK RD,6,Calle Local Municipalidad,Urbano,Arteria Menor,City or Municipal Highway Agency,0,Sin jurisdiccion especial,0,42.37395,-122.8853333,Peaton,El primer evento no fue una colision con un vehiculo automotor en transporte,Not an Intersection,No fue interseccion,Sobre calle,Ninguna,Oscuro sin iluminacion,Despejado,No,NO APLICA,5,59,6,6,1,24/03/2022,3
41,Oregon,410110,0,0,2,0,51,MULTNOMAH (51),1650,PORTLAND,3,Marzo,24,2022,13,40,N COLUMBIA BLVD,6,Calle Local Municipalidad,Urbano,Arteria Principal,City or Municipal Highway Agency,1,Sin jurisdiccion especial,0,45.58289722,-122.6677722,Vehiculo en movimiento,Angulo,Four-Way Intersection,Interseccion de 4 direcciones,Sobre calle,Ninguna,Dia total,Nublado,No,NO APLICA,99,99,99,99,1,24/03/2022,3
41,Oregon,410111,0,0,1,0,29,JACKSON (29),0,NO APLICA,3,Marzo,25,2022,3,17,CR-NICK YOUND RD,4,Calle del Condado,Urbano,Colector Mayor,County Highway Agency,0,Sin jurisdiccion especial,1,42.46322778,-122.8183611,Arbol,El primer evento no fue una colision con un vehiculo automotor en transporte,Not an Intersection,No fue interseccion,Sobre el lado de la calle,Ninguna,Oscuro sin iluminacion,Despejado,No,NO APLICA,3,31,3,37,1,25/03/2022,1
41,Oregon,410112,0,0,1,0,5,CLACKAMAS (5),1580,OREGON CITY,3,Marzo,22,2022,23,20,WASHINGTON ST,6,Calle Local Municipalidad,Urbano,Arteria Menor,City or Municipal Highway Agency,0,Sin jurisdiccion especial,0,45.37685,-122.5876194,Arbol,El primer evento no fue una colision con un vehiculo automotor en transporte,T-Intersection,Interseccion de T,Sobre el lado de la calle,Ninguna,Oscuro con iluminacion,lluvia,No,NO APLICA,99,99,99,99,1,22/03/2022,1
41,Oregon,410113,0,0,2,0,43,LINN (43),0,NO APLICA,3,Marzo,25,2022,10,0,CR-STAYTON SCIO RD,4,Calle del Condado,Rural,Arteria Menor,County Highway Agency,0,Sin jurisdiccion especial,32,44.77332222,-122.8045861,Vehiculo en movimiento,Angulo,"Five Point, or More",5 Puntos o mas,Sobre calle,Ninguna,Dia total,Despejado,No,NO APLICA,10,0,10,6,1,25/03/2022,2
41,Oregon,410114,0,0,2,0,47,MARION (47),0,NO APLICA,3,Marzo,25,2022,13,35,I-5,1,Interestatal,Rural,Interestatal,State Highway Agency,1,Sin jurisdiccion especial,2763,45.20483056,-122.829025,Vehiculo en movimiento,Frente a Detrás,Not an Intersection,No fue interseccion,Sobre calle,Ninguna,Dia total,Nublado,No,NO APLICA,13,41,13,49,1,25/03/2022,2
41,Oregon,410115,6,6,1,0,47,MARION (47),1810,SALEM,3,Marzo,27,2022,2,4,SR-99E ODOT 72,3,Highway estatal,Urbano,Arteria Principal,State Highway Agency,1,Sin jurisdiccion especial,48,44.94690556,-123.0390194,Peaton,El primer evento no fue una colision con un vehiculo automotor en transporte,Not an Intersection,No fue interseccion,Fuera de la calle,Ninguna,Oscuro con iluminacion,Nublado,No,NO APLICA,2,4,2,10,4,27/03/2022,1
41,Oregon,410116,0,0,1,0,31,JEFFERSON (31),0,NO APLICA,3,Marzo,21,2022,99,99,US-26 ODOT 53,2,US Highway,Rural,Arteria Principal,State Highway Agency,1,Sin jurisdiccion especial,1102,44.71944167,-121.199175,Volcadura,El primer evento no fue una colision con un vehiculo automotor en transporte,Not an Intersection,No fue interseccion,Sobre el lado de la calle,Ninguna,Dia total,Despejado,No,NO APLICA,15,15,15,25,1,21/03/2022,1
41,Oregon,410117,1,1,1,0,47,MARION (47),0,NO APLICA,3,Marzo,31,2022,23,55,CR-CORDON RD SE,4,Calle del Condado,Urbano,Arteria Principal,County Highway Agency,1,Sin jurisdiccion especial,20,44.92430278,-122.958425,Peaton,El primer evento no fue una colision con un vehiculo automotor en transporte,Not an Intersection,No fue interseccion,Sobre calle,Ninguna,Oscuro sin iluminacion,Nublado,No,NO APLICA,23,55,23,58,1,31/03/2022,1
41,Oregon,410118,0,0,1,0,57,TILLAMOOK (57),0,NO APLICA,3,Marzo,31,2022,21,17,CR-KILCHIS FOREST RD,4,Calle del Condado,Rural,Local,County Highway Agency,0,Sin jurisdiccion especial,0,45.54061667,-123.7841889,Arbol,El primer evento no fue una colision con un vehiculo automotor en transporte,Not an Intersection,No fue interseccion,Sobre el lado de la calle,Ninguna,Oscuro sin iluminacion,Nublado,No,NO APLICA,21,19,21,39,1,31/03/2022,4
41,Oregon,410119,0,0,2,0,39,LANE (39),0,NO APLICA,4,Abril,1,2022,22,8,SR-126W ODOT 62,3,Highway estatal,Rural,Arteria Principal,State Highway Agency,1,Sin jurisdiccion especial,455,44.05146944,-123.3780889,Vehiculo en movimiento,Frente a frente,Not an Intersection,No fue interseccion,Sobre calle,Ninguna,Oscuro sin iluminacion,lluvia,No,NO APLICA,99,99,99,99,2,01/04/2022,3
41,Oregon,410120,1,1,3,0,43,LINN (43),0,NO APLICA,4,Abril,2,2022,2,4,I-5,1,Interestatal,Urbano,Interestatal,State Highway Agency,1,Sin jurisdiccion especial,2383,44.70411111,-123.0522389,Peaton,El primer evento no fue una colision con un vehiculo automotor en transporte,Not an Intersection,No fue interseccion,Sobre calle,Ninguna,Oscuro con iluminacion,Nublado,No,NO APLICA,2,4,2,21,1,02/04/2022,4
41,Oregon,410121,0,0,1,0,19,DOUGLAS (19),0,NO APLICA,4,Abril,3,2022,15,0,SR-138E ODOT 138,3,Highway estatal,Rural,Arteria Menor,State Highway Agency,0,Sin jurisdiccion especial,858,43.08999444,-122.1195944,Arbol,El primer evento no fue una colision con un vehiculo automotor en transporte,Not an Intersection,No fue interseccion,Sobre el lado de la calle,Ninguna,Dia total,Despejado,No,NO APLICA,15,29,15,47,1,03/04/2022,1
41,Oregon,410122,0,0,1,0,39,LANE (39),660,EUGENE,4,Abril,3,2022,17,27,SR-126 ODOT 69,3,Highway estatal,Urbano,Arteria Principal,State Highway Agency,1,Sin jurisdiccion especial,19,44.04839444,-123.1949389,Poste o otros soportes,El primer evento no fue una colision con un vehiculo automotor en transporte,Not an Intersection,No fue interseccion,Sobre el lado de la calle,Ninguna,Dia total,Nublado,No,NO APLICA,99,99,99,99,1,03/04/2022,1
41,Oregon,410123,0,0,2,0,39,LANE (39),660,EUGENE,4,Abril,4,2022,19,41,W 11TH AVE,6,Calle Local Municipalidad,Urbano,Arteria Principal,City or Municipal Highway Agency,1,Sin jurisdiccion especial,0,44.04806944,-123.148625,Vehiculo en movimiento,Angulo,Not an Intersection,No fue interseccion,Sobre calle,Ninguna,Atardecer,lluvia,No,NO APLICA,19,42,19,46,1,04/04/2022,2
41,Oregon,410124,1,1,1,0,19,DOUGLAS (19),0,NO APLICA,4,Abril,5,2022,5,40,I-5,1,Interestatal,Rural,Interestatal,State Highway Agency,1,Sin jurisdiccion especial,1323,43.32995278,-123.3398333,Peaton,El primer evento no fue una colision con un vehiculo automotor en transporte,Not an Intersection,No fue interseccion,Sobre calle,Ninguna,Oscuro sin iluminacion,Neblina o Humo,No,NO APLICA,5,42,99,99,1,05/04/2022,1
41,Oregon,410125,1,1,1,0,51,MULTNOMAH (51),1650,PORTLAND,4,Abril,4,2022,22,15,US-26 ODOT 26,2,US Highway,Urbano,Arteria Principal,State Highway Agency,1,Sin jurisdiccion especial,32,45.49750833,-122.6151528,Peaton,El primer evento no fue una colision con un vehiculo automotor en transporte,Not an Intersection,No fue interseccion,Sobre calle,Ninguna,Oscuro con iluminacion,Nublado,No,NO APLICA,99,99,99,99,1,04/04/2022,1
41,Oregon,410126,0,0,1,0,39,LANE (39),0,NO APLICA,3,Marzo,24,2022,18,15,CR-COBURG RD,4,Calle del Condado,Rural,Colector Mayor,County Highway Agency,0,Sin jurisdiccion especial,95,44.16059444,-123.0982806,Culvert,El primer evento no fue una colision con un vehiculo automotor en transporte,Not an Intersection,No fue interseccion,Sobre el lado de la calle,Ninguna,Dia total,Despejado,No,NO APLICA,18,19,18,27,1,24/03/2022,1
41,Oregon,410127,0,0,2,0,39,LANE (39),0,NO APLICA,4,Abril,10,2022,11,43,SR-126 ODOT 62,3,Highway estatal,Rural,Arteria Principal,State Highway Agency,1,Sin jurisdiccion especial,354,44.04759167,-123.5378083,Vehiculo en movimiento,Angulo,Not an Intersection,No fue interseccion,Sobre calle,Ninguna,Dia total,Nublado,No,NO APLICA,11,44,11,57,1,10/04/2022,5
41,Oregon,410128,0,0,2,0,71,YAMHILL (71),0,NO APLICA,4,Abril,10,2022,11,32,SR-18 ODOT 39,3,Highway estatal,Urbano,Arteria Principal,State Highway Agency,1,Sin jurisdiccion especial,495,45.20848611,-123.1136333,Vehiculo en movimiento,Frente a frente,Not an Intersection,No fue interseccion,Sobre calle,Ninguna,Dia total,Nublado,No,NO APLICA,11,33,11,39,4,10/04/2022,6
41,Oregon,410129,0,0,1,0,29,JACKSON (29),1310,MEDFORD,4,Abril,10,2022,1,58,CRATER LAKE AVE,6,Calle Local Municipalidad,Urbano,Arteria Menor,City or Municipal Highway Agency,0,Sin jurisdiccion especial,0,42.34948056,-122.8556417,Poste,El primer evento no fue una colision con un vehiculo automotor en transporte,Not an Intersection,No fue interseccion,Sobre el lado de la calle,Ninguna,Oscuro con iluminacion,Despejado,No,NO APLICA,2,2,2,4,1,10/04/2022,3
41,Oregon,410130,0,0,1,0,41,LINCOLN (41),0,NO APLICA,4,Abril,10,2022,22,41,CR-ELK CITY RD,4,Calle del Condado,Rural,Colector Mayor,County Highway Agency,0,Sin jurisdiccion especial,25,44.60274167,-123.9023861,Zanja,El primer evento no fue una colision con un vehiculo automotor en transporte,Not an Intersection,No fue interseccion,Sobre el lado de la calle,Ninguna,Oscuro sin iluminacion,lluvia,No,NO APLICA,22,41,22,55,1,10/04/2022,1
41,Oregon,410131,1,1,1,0,67,WASHINGTON (67),180,BEAVERTON,4,Abril,11,2022,18,4,SW BARROWS RD,6,Calle Local Municipalidad,Urbano,Colector Mayor,City or Municipal Highway Agency,0,Sin jurisdiccion especial,0,45.42678056,-122.8382722,Peaton,El primer evento no fue una colision con un vehiculo automotor en transporte,Not an Intersection,No fue interseccion,Sobre el lado de la calle,Ninguna,No reportada,No reportado,No,NO APLICA,99,99,99,99,1,11/04/2022,1
41,Oregon,410132,0,0,2,0,65,WASCO (65),0,NO APLICA,1,Enero,28,2022,18,4,US-26 ODOT 53,2,US Highway,Rural,Arteria Principal,State Highway Agency,1,Sin jurisdiccion especial,745,45.10297222,-121.5533694,Vehiculo en movimiento,No reportado,Not an Intersection,No fue interseccion,Sobre calle,Ninguna,Oscuro sin iluminacion,Nublado,No,NO APLICA,18,4,18,41,1,28/01/2022,3
41,Oregon,410133,0,0,2,0,11,COOS (11),0,NO APLICA,3,Marzo,22,2022,18,30,CR-SEVEN DEVILS RD,4,Calle del Condado,Rural,Colector Mayor,County Highway Agency,0,Sin jurisdiccion especial,28,43.21349722,-124.3702194,Vehiculo en movimiento,Angulo,Four-Way Intersection,Interseccion de 4 direcciones,Sobre calle,Ninguna,Dia total,Despejado,No,NO APLICA,18,32,18,43,1,22/03/2022,3
41,Oregon,410135,0,0,3,0,17,DESCHUTES (17),0,NO APLICA,4,Abril,14,2022,6,37,US-97 ODOT 4,2,US Highway,Rural,Arteria Principal,State Highway Agency,1,Sin jurisdiccion especial,1256,44.22331389,-121.2112139,Vehiculo en movimiento,Angulo,Not an Intersection,No fue interseccion,Sobre calle,Ninguna,Amanecer,Nieve,No,NO APLICA,6,38,6,50,1,14/04/2022,3
41,Oregon,410136,0,0,2,0,5,CLACKAMAS (5),0,NO APLICA,4,Abril,14,2022,18,0,SR-211 ODOT 172,3,Highway estatal,Rural,Arteria Menor,State Highway Agency,0,Sin jurisdiccion especial,33,45.37791111,-122.2993194,Vehiculo en movimiento,Frente a frente,Not an Intersection,No fue interseccion,Sobre calle,Ninguna,Dia total,Granizo,No,NO APLICA,18,0,99,99,1,14/04/2022,2
41,Oregon,410137,0,0,2,0,43,LINN (43),0,NO APLICA,4,Abril,16,2022,20,44,CR-JEFFERSON SCIO DR,4,Calle del Condado,Rural,Colector Mayor,County Highway Agency,0,Sin jurisdiccion especial,10,44.70804444,-122.9558806,Vehiculo en movimiento,Frente a frente,Not an Intersection,No fue interseccion,Sobre calle,Ninguna,Oscuro sin iluminacion,Despejado,No,NO APLICA,20,44,20,49,1,16/04/2022,2
41,Oregon,410138,1,1,1,0,67,WASHINGTON (67),0,NO APLICA,4,Abril,19,2022,17,14,SR-29 ODOT 29,3,Highway estatal,Urbano,Arteria Principal,State Highway Agency,1,Sin jurisdiccion especial,72,45.49536111,-122.8810278,Peaton,El primer evento no fue una colision con un vehiculo automotor en transporte,Four-Way Intersection,Interseccion de 4 direcciones,Sobre calle,Ninguna,Dia total,Despejado,No,NO APLICA,17,14,17,24,1,19/04/2022,2
41,Oregon,410139,0,0,1,0,39,LANE (39),0,NO APLICA,4,Abril,21,2022,21,10,CR-PRAIRIE RD,4,Calle del Condado,Rural,Colector Mayor,County Highway Agency,0,Sin jurisdiccion especial,36,44.13843056,-123.1683528,Arbol,El primer evento no fue una colision con un vehiculo automotor en transporte,Not an Intersection,No fue interseccion,Sobre el lado de la calle,Ninguna,Oscuro sin iluminacion,Nublado,No,NO APLICA,99,99,99,99,2,21/04/2022,2
41,Oregon,410140,0,0,2,0,17,DESCHUTES (17),0,NO APLICA,4,Abril,22,2022,15,18,US-20 ODOT 7,2,US Highway,Rural,Arteria Principal,State Highway Agency,1,Sin jurisdiccion especial,62,44.04996944,-121.1927139,Vehiculo en movimiento,Angulo,Not an Intersection,No fue interseccion,Sobre calle,Ninguna,Dia total,Granizo,No,NO APLICA,15,20,15,28,1,22/04/2022,2
41,Oregon,410141,0,0,1,0,11,COOS (11),0,NO APLICA,4,Abril,23,2022,14,48,SR-542 ODOT 242,3,Highway estatal,Rural,Colector Mayor,State Highway Agency,0,Sin jurisdiccion especial,122,42.93071111,-124.1028611,Otro objeto (fijo),El primer evento no fue una colision con un vehiculo automotor en transporte,Not an Intersection,No fue interseccion,Sobre el lado de la calle,Ninguna,Dia total,Despejado,No,NO APLICA,14,58,15,3,1,23/04/2022,1
41,Oregon,410142,0,0,1,0,19,DOUGLAS (19),0,NO APLICA,4,Abril,23,2022,16,10,CR-BROCKWAY RD,4,Calle del Condado,Rural,Arteria Menor,County Highway Agency,0,Sin jurisdiccion especial,8,43.10304167,-123.439775,Barda,El primer evento no fue una colision con un vehiculo automotor en transporte,Not an Intersection,No fue interseccion,Sobre el lado de la calle,Ninguna,Dia total,Despejado,No,NO APLICA,16,33,16,38,1,23/04/2022,1
41,Oregon,410143,0,0,1,0,33,JOSEPHINE (33),0,NO APLICA,4,Abril,24,2022,12,51,US-199 ODOT 25,2,US Highway,Rural,Arteria Principal,State Highway Agency,1,Sin jurisdiccion especial,156,42.33848889,-123.5804222,Valla Ferrocarril,El primer evento no fue una colision con un vehiculo automotor en transporte,Not an Intersection,No fue interseccion,Sobre el lado de la calle,Ninguna,Dia total,Despejado,No,NO APLICA,12,56,13,10,1,24/04/2022,1
41,Oregon,410145,0,0,2,0,39,LANE (39),0,NO APLICA,4,Abril,26,2022,17,28,SR-58 ODOT 18,3,Highway estatal,Rural,Arteria Principal,State Highway Agency,1,Sin jurisdiccion especial,234,43.83323333,-122.6243528,Vehiculo en movimiento,Frente a frente,Not an Intersection,No fue interseccion,Sobre calle,Ninguna,Dia total,Nublado,No,NO APLICA,99,99,99,99,1,26/04/2022,2
41,Oregon,410146,0,0,5,0,39,LANE (39),0,NO APLICA,4,Abril,26,2022,16,40,SR-569 ODOT 69,3,Highway estatal,Urbano,Arterial Principal -Freeway o ExpressWay,State Highway Agency,1,Sin jurisdiccion especial,71,44.09781667,-123.1575861,Vehiculo en movimiento,Frente a Detrás,Not an Intersection,No fue interseccion,Sobre calle,Ninguna,Dia total,Nublado,No,NO APLICA,16,41,16,51,1,26/04/2022,5
41,Oregon,410147,0,0,2,0,67,WASHINGTON (67),180,BEAVERTON,4,Abril,27,2022,0,20,SR- 8 ODOT 29,3,Highway estatal,Urbano,Arteria Principal,State Highway Agency,1,Sin jurisdiccion especial,45,45.48955278,-122.8262028,Vehiculo en movimiento,Angulo,Four-Way Intersection,Interseccion de 4 direcciones,Sobre calle,Ninguna,Oscuro con iluminacion,Nublado,No,NO APLICA,0,20,0,24,2,27/04/2022,6
41,Oregon,410150,0,0,2,0,41,LINCOLN (41),0,NO APLICA,4,Abril,30,2022,17,35,SR-20 ODOT 33,3,Highway estatal,Rural,Arteria Principal,State Highway Agency,1,Sin jurisdiccion especial,290,44.61913333,-123.6876306,Vehiculo en movimiento,Frente a frente,Not an Intersection,No fue interseccion,Sobre calle,Ninguna,No reportada,No reportado,No,NO APLICA,17,35,17,43,1,30/04/2022,3
41,Oregon,410151,0,0,2,0,51,MULTNOMAH (51),1650,PORTLAND,4,Abril,30,2022,14,23,N COLUMBIA BLVD,6,Calle Local Municipalidad,Urbano,Arteria Principal,City or Municipal Highway Agency,1,Sin jurisdiccion especial,0,45.588625,-122.6966472,Vehiculo en movimiento,Frente a frente,Not an Intersection,No fue interseccion,Sobre calle,Ninguna,Dia total,Nublado,No,NO APLICA,99,99,99,99,1,30/04/2022,7
41,Oregon,410152,0,0,2,0,51,MULTNOMAH (51),880,GRESHAM,5,Mayo,3,2022,19,44,SE STARK ST,6,Calle Local Municipalidad,Urbano,Arteria Menor,City or Municipal Highway Agency,0,Sin jurisdiccion especial,0,45.51907778,-122.4494111,Vehiculo en movimiento,Angulo,T-Intersection,Interseccion de T,Sobre calle,Ninguna,Dia total,Despejado,No,NO APLICA,19,44,19,50,1,03/05/2022,2
41,Oregon,410153,0,0,1,0,15,CURRY (15),0,NO APLICA,4,Abril,27,2022,18,56,CR-WEDDERBURN LOOP RD,4,Calle del Condado,Rural,Local,County Highway Agency,0,Sin jurisdiccion especial,1,42.42913611,-124.4185611,Volcadura,El primer evento no fue una colision con un vehiculo automotor en transporte,Not an Intersection,No fue interseccion,Sobre calle,Ninguna,Atardecer,Nublado,No,NO APLICA,18,58,19,3,1,27/04/2022,1
41,Oregon,410154,0,0,1,0,5,CLACKAMAS (5),1580,OREGON CITY,5,Mayo,4,2022,0,12,GAFFNEY LN,6,Calle Local Municipalidad,Urbano,Colector Mayor,City or Municipal Highway Agency,0,Sin jurisdiccion especial,0,45.32736944,-122.5881972,Edificio,El primer evento no fue una colision con un vehiculo automotor en transporte,T-Intersection,Interseccion de T,Sobre el lado de la calle,Ninguna,Oscuro con iluminacion,Despejado,No,NO APLICA,99,99,99,99,1,04/05/2022,1
41,Oregon,410155,1,1,1,0,19,DOUGLAS (19),0,NO APLICA,5,Mayo,6,2022,2,45,I-5,1,Interestatal,Rural,Interestatal,State Highway Agency,1,Sin jurisdiccion especial,968,42.91039167,-123.264075,Peaton,El primer evento no fue una colision con un vehiculo automotor en transporte,Not an Intersection,No fue interseccion,Sobre calle,Ninguna,Oscuro sin iluminacion,Nublado,No,NO APLICA,2,54,3,0,1,06/05/2022,1
41,Oregon,410156,1,1,1,0,47,MARION (47),0,NO APLICA,5,Mayo,6,2022,22,25,CR-LANCASTER DR NE,4,Calle del Condado,Urbano,Arteria Principal,County Highway Agency,1,Sin jurisdiccion especial,17,44.93839722,-122.982925,Peaton,El primer evento no fue una colision con un vehiculo automotor en transporte,Not an Intersection,No fue interseccion,Sobre calle,Ninguna,Oscuro con iluminacion,lluvia,No,NO APLICA,22,25,22,32,1,06/05/2022,1
41,Oregon,410157,1,1,1,0,51,MULTNOMAH (51),1650,PORTLAND,5,Mayo,8,2022,16,55,MU-MORRISON BRG,6,Calle Local Municipalidad,Urbano,Arteria Menor,City or Municipal Highway Agency,0,Sin jurisdiccion especial,0,45.5175,-122.6680306,Peaton,El primer evento no fue una colision con un vehiculo automotor en transporte,Not an Intersection,No fue interseccion,Sobre calle,Construccion,Dia total,lluvia,No,NO APLICA,99,99,99,99,1,08/05/2022,1
41,Oregon,410158,0,0,2,0,51,MULTNOMAH (51),1650,PORTLAND,5,Mayo,4,2022,11,17,US-26 ODOT 26,2,US Highway,Urbano,Arteria Principal,State Highway Agency,1,Sin jurisdiccion especial,34,45.49754444,-122.6124444,Vehiculo en movimiento,Angulo,Not an Intersection,No fue interseccion,Sobre calle,Ninguna,Dia total,Nublado,No,NO APLICA,11,17,11,25,1,04/05/2022,2
41,Oregon,410159,0,0,2,0,33,JOSEPHINE (33),0,NO APLICA,5,Mayo,4,2022,8,36,CR-LAUREL RD,4,Calle del Condado,Rural,Colector Mayor,County Highway Agency,0,Sin jurisdiccion especial,6,42.17364167,-123.6349944,Vehiculo en movimiento,Frente a frente,Not an Intersection,No fue interseccion,Sobre calle,Ninguna,Dia total,Despejado,No,NO APLICA,99,99,99,99,1,04/05/2022,2
41,Oregon,410160,0,0,2,0,71,YAMHILL (71),0,NO APLICA,5,Mayo,10,2022,14,30,SR-233 ODOT 155,3,Highway estatal,Rural,Colector Mayor,State Highway Agency,0,Sin jurisdiccion especial,67,45.19580278,-123.1120972,Vehiculo en movimiento,Frente a frente,T-Intersection,Interseccion de T,Sobre calle,Ninguna,Dia total,No reportado,No,NO APLICA,14,30,14,54,1,10/05/2022,5
41,Oregon,410162,0,0,2,0,35,KLAMATH (35),0,NO APLICA,5,Mayo,11,2022,3,48,US-97 ODOT 4,2,US Highway,Rural,Arteria Principal,State Highway Agency,1,Sin jurisdiccion especial,2318,42.81018056,-121.8348944,Vehiculo en movimiento,Frente a frente,Not an Intersection,No fue interseccion,Sobre calle,Ninguna,Oscuro sin iluminacion,Neblina o Humo,No,NO APLICA,3,48,4,26,2,11/05/2022,4
41,Oregon,410163,0,0,2,0,17,DESCHUTES (17),0,NO APLICA,5,Mayo,11,2022,19,45,CR-OLD BEND REDMOND HWY,4,Calle del Condado,Rural,Arteria Menor,County Highway Agency,0,Sin jurisdiccion especial,0,44.17216111,-121.2909694,Vehiculo en movimiento,Angulo,Not an Intersection,No fue interseccion,Sobre calle,Ninguna,Atardecer,Despejado,No,NO APLICA,19,59,20,5,1,11/05/2022,2
41,Oregon,410164,1,1,1,0,35,KLAMATH (35),1170,KLAMATH FALLS,5,Mayo,13,2022,16,5,N THIRD ST,6,Calle Local Municipalidad,Urbano,Colector Mayor,City or Municipal Highway Agency,0,Sin jurisdiccion especial,0,42.2263,-121.7908583,Ciclista,El primer evento no fue una colision con un vehiculo automotor en transporte,Four-Way Intersection,Interseccion de 4 direcciones,Sobre calle,Ninguna,Dia total,Despejado,No,NO APLICA,16,5,16,11,1,13/05/2022,1
41,Oregon,410165,0,0,2,0,45,MALHEUR (45),0,NO APLICA,5,Mayo,13,2022,14,28,US-20 ODOT 7,2,US Highway,Rural,Arteria Principal,State Highway Agency,1,Sin jurisdiccion especial,2572,43.98867222,-117.0256694,Vehiculo en movimiento,Angulo,Four-Way Intersection,Interseccion de 4 direcciones,Sobre calle,Ninguna,Dia total,Despejado,No,NO APLICA,99,99,99,99,1,13/05/2022,3
41,Oregon,410166,0,0,2,0,43,LINN (43),0,NO APLICA,5,Mayo,14,2022,16,45,SR-20 ODOT 16,3,Highway estatal,Rural,Arteria Principal,State Highway Agency,1,Sin jurisdiccion especial,227,44.44248889,-122.78795,Vehiculo en movimiento,Frente a frente,Not an Intersection,No fue interseccion,Sobre calle,Ninguna,Dia total,Despejado,No,NO APLICA,16,45,16,49,2,14/05/2022,4
41,Oregon,410167,0,0,2,0,51,MULTNOMAH (51),1650,PORTLAND,5,Mayo,14,2022,15,43,SR-26 ODOT 26,3,Highway estatal,Urbano,Arteria Principal,State Highway Agency,1,Sin jurisdiccion especial,40,45.49743333,-122.599375,Vehiculo en movimiento,Angulo,Four-Way Intersection,Interseccion de 4 direcciones,Sobre calle,Ninguna,Dia total,Nublado,No,NO APLICA,15,44,15,58,1,14/05/2022,3
41,Oregon,410168,0,0,1,0,35,KLAMATH (35),0,NO APLICA,5,Mayo,15,2022,99,99,SR-39 ODOT 426,3,Highway estatal,Rural,Arteria Principal,State Highway Agency,1,Sin jurisdiccion especial,166,42.02389722,-121.5493833,Volcadura,El primer evento no fue una colision con un vehiculo automotor en transporte,Y-Intersection,Interseccion de Y,Sobre el lado de la calle,Ninguna,Reportada como desconocida,Despejado,No,NO APLICA,18,23,18,30,1,15/05/2022,1
41,Oregon,410169,0,0,1,0,1,BAKER (1),0,NO APLICA,5,Mayo,15,2022,16,18,I-84,1,Interestatal,Rural,Interestatal,State Highway Agency,1,Sin jurisdiccion especial,3270,44.59226944,-117.4687444,Zanja,El primer evento no fue una colision con un vehiculo automotor en transporte,Not an Intersection,No fue interseccion,Sobre el lado de la calle,Ninguna,Dia total,Despejado,No,NO APLICA,16,18,16,36,1,15/05/2022,1
41,Oregon,410170,0,0,1,0,51,MULTNOMAH (51),0,NO APLICA,3,Marzo,5,2022,19,37,CR-SE POWELL VALLEY RD,4,Calle del Condado,Urbano,Local,County Highway Agency,0,Sin jurisdiccion especial,0,45.47219722,-122.3667472,Poste,El primer evento no fue una colision con un vehiculo automotor en transporte,Not an Intersection,No fue interseccion,Sobre el lado de la calle,Ninguna,Oscuro sin iluminacion,Despejado,No,NO APLICA,19,38,19,42,1,05/03/2022,1