Estado,Nombre de Estado,Numero de Caso,Peatones,Personas _no_vehiculos,Vehiculos automotores,Vehiculos estacionados,Condado,Nombre Condado,Ciudad,Nombre Ciudad,Mes,Nombre Mes,Dia,Año,Hora,Minuto,Calle,Ruta,Nombre Ruta,Rural o Urbanoo,Sistema Funcional,Dueño Calle,Sistema Nacional Carreteras,Jurisdiccion Especial,Milla,Latitud,Longitud,Causa del Accidente,Tipo de Accidente,Tipo Interseccion,Columna1,Lugar en la calle,Zona de Trabajo,Luz,Clima,Autobus Escolar,Cruce de Trenes,Hora Notificacion,Minuto Notificacion,Hora Llegada,Minuto Llegada,Decesos,Fecha,PersonaVehiculo
41,Oregon,410171,0,0,1,0,29,JACKSON (29),0,NO APLICA,5,Mayo,11,2022,3,0,CR-E EVANS CREEK RD,4,Calle del Condado,Rural,Colector Mayor,County Highway Agency,0,Sin jurisdiccion especial,237,42.52739444,-123.1636111,Acotamiento,El primer evento no fue una colision con un vehiculo automotor en transporte,Not an Intersection,No fue interseccion,Sobre el lado de la calle,Ninguna,Oscuro sin iluminacion,Despejado,No,NO APLICA,99,99,99,99,1,11/05/2022,1
41,Oregon,410172,0,0,2,0,57,TILLAMOOK (57),0,NO APLICA,5,Mayo,17,2022,10,48,CR-MIAMI FOLEY RD,4,Calle del Condado,Rural,Colector Mayor,County Highway Agency,0,Sin jurisdiccion especial,47,45.61225556,-123.8688833,Vehiculo en movimiento,Golpe Lateral - direccion contraria,Not an Intersection,No fue interseccion,Sobre calle,Ninguna,Dia total,Nublado,No,NO APLICA,10,48,11,6,1,17/05/2022,3
41,Oregon,410173,0,0,1,0,1,BAKER (1),130,BAKER CITY,5,Mayo,17,2022,16,19,I-84 CONNECTION,1,Interestatal,Urbano,Interestatal,State Highway Agency,1,Sin jurisdiccion especial,3046,44.78224444,-117.8097861,Valla Ferrocarril,El primer evento no fue una colision con un vehiculo automotor en transporte,Not an Intersection,No fue interseccion,Sobre el lado de la calle,Ninguna,Dia total,Despejado,No,NO APLICA,16,19,16,24,1,17/05/2022,1
41,Oregon,410174,1,1,1,0,5,CLACKAMAS (5),1580,OREGON CITY,5,Mayo,6,2022,9,40,MOLALLA AVE,6,Calle Local Municipalidad,Urbano,Arteria Menor,City or Municipal Highway Agency,0,Sin jurisdiccion especial,0,45.33673333,-122.5910083,Peaton,El primer evento no fue una colision con un vehiculo automotor en transporte,Four-Way Intersection,Interseccion de 4 direcciones,Sobre calle,Ninguna,Dia total,lluvia,No,NO APLICA,9,40,9,43,1,06/05/2022,1
41,Oregon,410175,0,0,2,0,47,MARION (47),0,NO APLICA,5,Mayo,20,2022,16,25,SR-219 ODOT 140,3,Highway estatal,Rural,Arteria Menor,State Highway Agency,0,Sin jurisdiccion especial,329,45.16638056,-122.9468361,Vehiculo en movimiento,Frente a frente,T-Intersection,Interseccion de T,Sobre calle,Ninguna,Dia total,Despejado,No,NO APLICA,16,28,99,99,1,20/05/2022,3
41,Oregon,410176,0,0,2,0,5,CLACKAMAS (5),0,NO APLICA,5,Mayo,20,2022,11,56,CR-S NEW ERA RD,4,Calle del Condado,Rural,Colector Menor,County Highway Agency,0,Sin jurisdiccion especial,10,45.29323889,-122.6200889,Vehiculo en movimiento,Angulo,Not an Intersection,No fue interseccion,Sobre calle,Ninguna,Dia total,Despejado,No,NO APLICA,11,58,12,2,1,20/05/2022,5
41,Oregon,410177,0,0,1,0,41,LINCOLN (41),0,NO APLICA,5,Mayo,22,2022,23,56,SR-20 ODOT 33,3,Highway estatal,Rural,Arteria Principal,State Highway Agency,1,Sin jurisdiccion especial,107,44.67629167,-123.8784611,Arbol,El primer evento no fue una colision con un vehiculo automotor en transporte,Not an Intersection,No fue interseccion,Sobre el lado de la calle,Ninguna,Oscuro sin iluminacion,Nublado,No,NO APLICA,12,0,99,99,1,22/05/2022,1
41,Oregon,410178,0,0,2,0,59,UMATILLA (59),0,NO APLICA,5,Mayo,21,2022,17,15,CR-E PUNKIN CENTER RD,4,Calle del Condado,Urbano,Colector Mayor,County Highway Agency,0,Sin jurisdiccion especial,14,45.86458056,-119.2758806,Vehiculo en movimiento,Frente a frente,Not an Intersection,No fue interseccion,Sobre calle,Ninguna,Dia total,Despejado,No,NO APLICA,17,16,17,20,1,21/05/2022,2
41,Oregon,410179,0,0,2,0,33,JOSEPHINE (33),0,NO APLICA,5,Mayo,23,2022,10,28,US-199 ODOT 25,2,US Highway,Rural,Arteria Principal,State Highway Agency,1,Sin jurisdiccion especial,190,42.30003611,-123.6118361,Volcadura,El primer evento no fue una colision con un vehiculo automotor en transporte,Not an Intersection,No fue interseccion,Sobre calle,Ninguna,Dia total,Despejado,No,NO APLICA,10,29,11,1,1,23/05/2022,3
41,Oregon,410180,0,0,1,0,19,DOUGLAS (19),0,NO APLICA,5,Mayo,20,2022,17,55,CR-GOODRICH HWY,4,Calle del Condado,Rural,Colector Menor,County Highway Agency,0,Sin jurisdiccion especial,16,43.47025,-123.2965389,Otro objeto (fijo),El primer evento no fue una colision con un vehiculo automotor en transporte,T-Intersection,Interseccion de T,Sobre el lado de la calle,Ninguna,Dia total,Despejado,No,NO APLICA,18,16,18,35,1,20/05/2022,3
41,Oregon,410181,0,0,1,0,19,DOUGLAS (19),0,NO APLICA,5,Mayo,25,2022,20,23,SR-138E ODOT 138,3,Highway estatal,Rural,Arteria Menor,State Highway Agency,0,Sin jurisdiccion especial,776,43.18167778,-122.1309472,Poste,El primer evento no fue una colision con un vehiculo automotor en transporte,Not an Intersection,No fue interseccion,Sobre el lado de la calle,Ninguna,Oscuro sin iluminacion,Despejado,No,NO APLICA,20,23,99,99,1,25/05/2022,4
41,Oregon,410182,0,0,3,0,51,MULTNOMAH (51),1650,PORTLAND,5,Mayo,27,2022,16,15,US-30 ODOT 92,2,US Highway,Urbano,Arteria Principal,State Highway Agency,1,Sin jurisdiccion especial,36,45.55269722,-122.7276333,Vehiculo en movimiento,Frente a frente,Not an Intersection,No fue interseccion,Sobre calle,Ninguna,Dia total,Nublado,No,NO APLICA,16,18,16,42,1,27/05/2022,3
41,Oregon,410183,0,0,2,0,7,CLATSOP (7),0,NO APLICA,5,Mayo,28,2022,11,50,US-26 ODOT 47,2,US Highway,Rural,Arteria Principal,State Highway Agency,1,Sin jurisdiccion especial,101,45.90629444,-123.7465306,Vehiculo en movimiento,Frente a frente,Not an Intersection,No fue interseccion,Sobre calle,Ninguna,Dia total,lluvia,No,NO APLICA,11,55,12,5,2,28/05/2022,2
41,Oregon,410184,0,0,1,0,51,MULTNOMAH (51),1650,PORTLAND,5,Mayo,31,2022,5,32,NE 102ND AVE,6,Calle Local Municipalidad,Urbano,Arteria Menor,City or Municipal Highway Agency,0,Sin jurisdiccion especial,0,45.5551,-122.5577083,Poste,El primer evento no fue una colision con un vehiculo automotor en transporte,Not an Intersection,No fue interseccion,Sobre el lado de la calle,Ninguna,Amanecer,Despejado,No,NO APLICA,99,99,99,99,1,31/05/2022,1
41,Oregon,410186,0,0,2,0,3,BENTON (3),0,NO APLICA,5,Mayo,31,2022,18,10,SR-20 ODOT 33,3,Highway estatal,Rural,Arteria Principal,State Highway Agency,1,Sin jurisdiccion especial,358,44.60033889,-123.5690111,Vehiculo en movimiento,Angulo,Not an Intersection,No fue interseccion,Sobre calle,Ninguna,Dia total,Despejado,No,NO APLICA,18,15,18,25,1,31/05/2022,2
41,Oregon,410187,0,0,1,0,39,LANE (39),0,NO APLICA,6,Junio,1,2022,14,40,CR-GIMPL HILL RD,4,Calle del Condado,Urbano,Colector Menor,County Highway Agency,0,Sin jurisdiccion especial,6,44.02128611,-123.1797694,Poste,El primer evento no fue una colision con un vehiculo automotor en transporte,Not an Intersection,No fue interseccion,Sobre el lado de la calle,Ninguna,Dia total,Despejado,No,NO APLICA,14,46,15,0,1,01/06/2022,1
41,Oregon,410189,0,0,2,0,39,LANE (39),0,NO APLICA,6,Junio,2,2022,22,34,CR-RIVER RD,4,Calle del Condado,Rural,Arteria Menor,County Highway Agency,0,Sin jurisdiccion especial,25,44.19893056,-123.1716639,Vehiculo en movimiento,Angulo,Not an Intersection,No fue interseccion,Sobre calle,Ninguna,Oscuro sin iluminacion,Despejado,No,NO APLICA,99,99,99,99,1,02/06/2022,2
41,Oregon,410191,0,0,1,0,61,UNION (61),0,NO APLICA,6,Junio,5,2022,19,55,SR-82 ODOT 10,3,Highway estatal,Rural,Arteria Principal,State Highway Agency,1,Sin jurisdiccion especial,320,45.60226667,-117.7307278,Volcadura,El primer evento no fue una colision con un vehiculo automotor en transporte,Not an Intersection,No fue interseccion,Sobre calle,Ninguna,Dia total,lluvia,No,NO APLICA,19,55,20,3,1,05/06/2022,2
41,Oregon,410192,0,0,1,0,33,JOSEPHINE (33),0,NO APLICA,6,Junio,4,2022,10,10,CR-SPEAKER RD,4,Calle del Condado,Rural,Local,County Highway Agency,0,Sin jurisdiccion especial,41,42.72003333,-123.3303111,Acotamiento,El primer evento no fue una colision con un vehiculo automotor en transporte,Not an Intersection,No fue interseccion,Sobre el lado de la calle,Ninguna,Dia total,lluvia,No,NO APLICA,10,10,10,34,1,04/06/2022,1
41,Oregon,410194,1,1,1,0,51,MULTNOMAH (51),1650,PORTLAND,6,Junio,7,2022,13,33,NE GLISAN ST,6,Calle Local Municipalidad,Urbano,Arteria Principal,City or Municipal Highway Agency,1,Sin jurisdiccion especial,0,45.52621667,-122.5580222,Ciclista,El primer evento no fue una colision con un vehiculo automotor en transporte,Four-Way Intersection,Interseccion de 4 direcciones,Sobre calle,Ninguna,Dia total,No reportado,No,NO APLICA,99,99,99,99,1,07/06/2022,1
41,Oregon,410195,1,1,1,0,29,JACKSON (29),1310,MEDFORD,6,Junio,8,2022,22,39,CRATER LAKE AVE,6,Calle Local Municipalidad,Urbano,Arteria Menor,City or Municipal Highway Agency,0,Sin jurisdiccion especial,0,42.33578333,-122.8617444,Peaton,El primer evento no fue una colision con un vehiculo automotor en transporte,Not an Intersection,No fue interseccion,Sobre calle,Ninguna,Oscuro con iluminacion,Despejado,No,NO APLICA,22,42,22,45,1,08/06/2022,1
41,Oregon,410196,0,0,2,0,51,MULTNOMAH (51),880,GRESHAM,3,Marzo,25,2022,20,36,NE 162ND AVE,6,Calle Local Municipalidad,Urbano,Arteria Menor,City or Municipal Highway Agency,0,Sin jurisdiccion especial,0,45.53168333,-122.4959694,Vehiculo en movimiento,Frente a frente,Not an Intersection,No fue interseccion,Sobre calle,Ninguna,Oscuro sin iluminacion,Despejado,No,NO APLICA,20,37,20,42,1,25/03/2022,2
41,Oregon,410197,1,1,1,0,51,MULTNOMAH (51),880,GRESHAM,6,Junio,11,2022,22,0,NE 162ND AVE,6,Calle Local Municipalidad,Urbano,Arteria Menor,City or Municipal Highway Agency,0,Sin jurisdiccion especial,0,45.522525,-122.4964139,No vehiculo o remolque,El primer evento no fue una colision con un vehiculo automotor en transporte,Not an Intersection,No fue interseccion,Sobre calle,Ninguna,Oscuro con iluminacion,Nublado,No,NO APLICA,22,48,22,51,1,11/06/2022,1
41,Oregon,410198,0,0,2,0,43,LINN (43),20,ALBANY,6,Junio,13,2022,12,29,SR-99 ODOT 58,3,Highway estatal,Urbano,Arteria Principal,State Highway Agency,1,Sin jurisdiccion especial,54,44.58929722,-123.1097528,Vehiculo en movimiento,Angulo,Four-Way Intersection,Interseccion de 4 direcciones,Sobre calle,Ninguna,Dia total,Nublado,No,NO APLICA,12,31,12,36,1,13/06/2022,2
41,Oregon,410199,0,0,2,0,51,MULTNOMAH (51),670,FAIRVIEW,6,Junio,13,2022,21,19,I-84 RAMP,1,Interestatal,Urbano,Arteria Principal,State Highway Agency,1,Sin jurisdiccion especial,145,45.54051389,-122.4495111,Vehiculo en movimiento,Angulo,T-Intersection,Interseccion de T,Sobre calle,Ninguna,Oscuro con iluminacion,lluvia,No,NO APLICA,21,19,99,99,1,13/06/2022,2
41,Oregon,410200,0,0,2,0,39,LANE (39),0,NO APLICA,6,Junio,14,2022,18,31,CR-JASPER-LOWELL RD,4,Calle del Condado,Rural,Colector Mayor,County Highway Agency,0,Sin jurisdiccion especial,31,43.972875,-122.8604278,Vehiculo en movimiento,Frente a frente,Not an Intersection,No fue interseccion,Sobre calle,Ninguna,Dia total,Nublado,No,NO APLICA,18,33,18,45,1,14/06/2022,3
41,Oregon,410202,0,0,2,0,5,CLACKAMAS (5),0,NO APLICA,1,Enero,15,2022,23,5,CR-SE JOHNSON CREEK BLVD,4,Calle del Condado,Urbano,Arteria Menor,County Highway Agency,0,Sin jurisdiccion especial,9,45.45610278,-122.5990389,Vehiculo en movimiento,Angulo,T-Intersection,Interseccion de T,Sobre calle,Ninguna,Oscuro con iluminacion,Despejado,No,NO APLICA,23,6,23,15,1,15/01/2022,3
41,Oregon,410203,0,0,2,0,67,WASHINGTON (67),0,NO APLICA,1,Enero,7,2022,18,0,CR-SW BEEF BEND RD,4,Calle del Condado,Urbano,Arteria Menor,County Highway Agency,0,Sin jurisdiccion especial,0,45.40280556,-122.8233611,Vehiculo en movimiento,Angulo,T-Intersection,Interseccion de T,Sobre calle,Ninguna,Oscuro sin iluminacion,lluvia,No,NO APLICA,18,0,18,5,1,07/01/2022,2
41,Oregon,410204,0,0,1,0,7,CLATSOP (7),0,NO APLICA,1,Enero,16,2022,11,8,CR-BROWNSMEAD DIKE LN,4,Calle del Condado,Rural,Local,County Highway Agency,0,Sin jurisdiccion especial,16,46.21652222,-123.5408583,Immersion total o parcial,El primer evento no fue una colision con un vehiculo automotor en transporte,Not an Intersection,No fue interseccion,Sobre el lado de la calle,Ninguna,Dia total,No reportado,No,NO APLICA,99,99,99,99,1,16/01/2022,1
41,Oregon,410205,0,0,1,0,5,CLACKAMAS (5),0,NO APLICA,1,Enero,24,2022,23,46,CR-SE FIRWOOD RD,4,Calle del Condado,Rural,Colector Mayor,County Highway Agency,0,Sin jurisdiccion especial,22,45.35284444,-122.2352722,Zanja,El primer evento no fue una colision con un vehiculo automotor en transporte,Not an Intersection,No fue interseccion,Sobre el lado de la calle,Ninguna,Oscuro sin iluminacion,Nublado,No,NO APLICA,0,3,0,5,1,24/01/2022,1
41,Oregon,410206,0,0,3,0,39,LANE (39),660,EUGENE,2,Febrero,4,2022,16,45,SR-126W ODOT 69,3,Highway estatal,Urbano,Arteria Principal,State Highway Agency,1,Sin jurisdiccion especial,20,44.04839722,-123.1934361,Vehiculo en movimiento,Angulo,Not an Intersection,No fue interseccion,Sobre calle,Ninguna,Dia total,Despejado,No,NO APLICA,16,99,99,99,1,04/02/2022,4
41,Oregon,410207,0,0,3,0,29,JACKSON (29),0,NO APLICA,2,Febrero,12,2022,17,44,I-5,1,Interestatal,Urbano,Interestatal,State Highway Agency,1,Sin jurisdiccion especial,420,42.430575,-123.0639639,Vehiculo en movimiento,Frente a frente,Not an Intersection,No fue interseccion,Sobre calle,Ninguna,Atardecer,Despejado,No,NO APLICA,17,46,18,0,1,12/02/2022,5
41,Oregon,410209,0,0,1,0,31,JEFFERSON (31),0,NO APLICA,3,Marzo,6,2022,15,9,CR-NE GOSNER RD,4,Calle del Condado,Rural,Colector Menor,County Highway Agency,0,Sin jurisdiccion especial,100,44.73378889,-120.5801917,Volcadura,El primer evento no fue una colision con un vehiculo automotor en transporte,Not an Intersection,No fue interseccion,Sobre el lado de la calle,Ninguna,Dia total,Despejado,No,NO APLICA,99,99,99,99,1,06/03/2022,2
41,Oregon,410210,0,0,1,0,39,LANE (39),1960,SPRINGFIELD,3,Marzo,10,2022,22,42,FRANKLIN BLVD,6,Calle Local Municipalidad,Urbano,Arteria Principal,City or Municipal Highway Agency,1,Sin jurisdiccion especial,0,44.04562778,-123.0398306,Banqueta,El primer evento no fue una colision con un vehiculo automotor en transporte,Not an Intersection,No fue interseccion,Sobre el lado de la calle,Ninguna,Oscuro con iluminacion,Nublado,No,NO APLICA,22,40,22,46,1,10/03/2022,1
41,Oregon,410211,0,0,1,0,39,LANE (39),0,NO APLICA,5,Mayo,20,2022,20,20,SR-126W ODOT 62,3,Highway estatal,Rural,Arteria Principal,State Highway Agency,1,Sin jurisdiccion especial,187,44.01327222,-123.7703639,Volcadura,El primer evento no fue una colision con un vehiculo automotor en transporte,Not an Intersection,No fue interseccion,Sobre calle,Ninguna,Dia total,Despejado,No,NO APLICA,8,25,8,45,1,20/05/2022,1
41,Oregon,410213,0,0,1,0,51,MULTNOMAH (51),1650,PORTLAND,6,Junio,16,2022,6,7,NE COLUMBIA BLVD,6,Calle Local Municipalidad,Urbano,Arteria Principal,City or Municipal Highway Agency,1,Sin jurisdiccion especial,0,45.56638056,-122.5871722,Poste,El primer evento no fue una colision con un vehiculo automotor en transporte,Not an Intersection,No fue interseccion,Sobre el lado de la calle,Ninguna,Dia total,Despejado,No,NO APLICA,99,99,99,99,1,16/06/2022,1
41,Oregon,410214,0,0,1,0,21,GILLIAM (21),0,NO APLICA,6,Junio,17,2022,14,9,SR-19 ODOT 5,3,Highway estatal,Rural,Arteria Menor,State Highway Agency,0,Sin jurisdiccion especial,344,45.27996389,-120.145575,Poste o otros soportes,El primer evento no fue una colision con un vehiculo automotor en transporte,Not an Intersection,No fue interseccion,Sobre el lado de la calle,Ninguna,Dia total,Despejado,No,NO APLICA,14,9,14,21,1,17/06/2022,1
41,Oregon,410215,0,0,1,0,19,DOUGLAS (19),0,NO APLICA,6,Junio,17,2022,19,38,CR-GARDEN VALLEY RD,4,Calle del Condado,Rural,Colector Mayor,County Highway Agency,0,Sin jurisdiccion especial,58,43.28169167,-123.4312833,Acotamiento,El primer evento no fue una colision con un vehiculo automotor en transporte,Not an Intersection,No fue interseccion,Sobre el lado de la calle,Ninguna,Dia total,Despejado,No,NO APLICA,19,39,19,44,1,17/06/2022,1
41,Oregon,410216,0,0,1,0,17,DESCHUTES (17),190,BEND,6,Junio,18,2022,2,28,NW RIVERSIDE BLVD,6,Calle Local Municipalidad,Urbano,Arteria Menor,City or Municipal Highway Agency,0,Sin jurisdiccion especial,0,44.05650833,-121.3232194,Banqueta,El primer evento no fue una colision con un vehiculo automotor en transporte,"Five Point, or More",5 Puntos o mas,Sobre el lado de la calle,Ninguna,Oscuro con iluminacion,Despejado,No,NO APLICA,2,29,2,35,1,18/06/2022,1
41,Oregon,410217,0,0,1,0,57,TILLAMOOK (57),0,NO APLICA,6,Junio,19,2022,12,0,SR-130 ODOT 130,3,Highway estatal,Rural,Colector Mayor,State Highway Agency,0,Sin jurisdiccion especial,30,45.13465556,-123.8953389,Poste,El primer evento no fue una colision con un vehiculo automotor en transporte,Not an Intersection,No fue interseccion,Sobre el lado de la calle,Ninguna,Reportada como desconocida,Reportado como desconocido,No,NO APLICA,7,43,7,55,1,19/06/2022,1
41,Oregon,410218,1,1,1,0,51,MULTNOMAH (51),1650,PORTLAND,4,Abril,7,2022,22,23,SE DIVISION ST,6,Calle Local Municipalidad,Urbano,Arteria Principal,City or Municipal Highway Agency,1,Sin jurisdiccion especial,196,45.50441111,-122.5623083,Peaton,El primer evento no fue una colision con un vehiculo automotor en transporte,Not an Intersection,No fue interseccion,Sobre calle,Ninguna,Oscuro con iluminacion,No reportado,No,NO APLICA,22,23,22,30,1,07/04/2022,1
41,Oregon,410219,0,0,1,0,63,WALLOWA (63),0,NO APLICA,6,Junio,18,2022,6,0,CR-BIG CANYON RD,4,Calle del Condado,Rural,Local,County Highway Agency,0,Sin jurisdiccion especial,32,45.58089167,-117.6674917,Acotamiento,El primer evento no fue una colision con un vehiculo automotor en transporte,Not an Intersection,No fue interseccion,Sobre el lado de la calle,Ninguna,Reportada como desconocida,Reportado como desconocido,No,NO APLICA,88,88,88,88,1,18/06/2022,1
41,Oregon,410220,0,0,1,0,17,DESCHUTES (17),0,NO APLICA,6,Junio,17,2022,23,14,CR-WARD RD,4,Calle del Condado,Urbano,Colector Mayor,County Highway Agency,0,Sin jurisdiccion especial,0,44.03694167,-121.2385194,Barda,El primer evento no fue una colision con un vehiculo automotor en transporte,Not an Intersection,No fue interseccion,Sobre el lado de la calle,Ninguna,Oscuro sin iluminacion,lluvia,No,NO APLICA,23,14,23,23,1,17/06/2022,1
41,Oregon,410221,0,0,2,0,35,KLAMATH (35),0,NO APLICA,6,Junio,24,2022,0,35,US-97 ODOT 4,2,US Highway,Rural,Arteria Principal,State Highway Agency,1,Sin jurisdiccion especial,2666,42.32790278,-121.8177,Vehiculo en movimiento,Frente a frente,Not an Intersection,No fue interseccion,Sobre calle,Ninguna,Oscuro sin iluminacion,Despejado,No,NO APLICA,0,35,0,48,2,24/06/2022,6
41,Oregon,410222,0,0,1,0,43,LINN (43),0,NO APLICA,6,Junio,25,2022,18,45,US-20 ODOT 16,2,US Highway,Rural,Arteria Principal,State Highway Agency,1,Sin jurisdiccion especial,556,44.39672778,-122.2381917,Acotamiento,El primer evento no fue una colision con un vehiculo automotor en transporte,Not an Intersection,No fue interseccion,Sobre el lado de la calle,Ninguna,Dia total,Despejado,No,NO APLICA,19,0,19,24,1,25/06/2022,1
41,Oregon,410223,0,0,2,0,5,CLACKAMAS (5),0,NO APLICA,6,Junio,26,2022,21,23,SR-99E ODOT 81,3,Highway estatal,Urbano,Arteria Principal,State Highway Agency,1,Sin jurisdiccion especial,97,45.3918,-122.61325,Vehiculo en movimiento,Frente a frente,Not an Intersection,No fue interseccion,Sobre calle,Ninguna,Oscuro con iluminacion,Despejado,No,NO APLICA,21,23,21,27,1,26/06/2022,3
41,Oregon,410224,1,1,1,0,47,MARION (47),0,NO APLICA,6,Junio,26,2022,22,5,CR-LANCASTER DR NE,4,Calle del Condado,Urbano,Arteria Principal,County Highway Agency,1,Sin jurisdiccion especial,47,44.98160556,-122.983225,Peaton,El primer evento no fue una colision con un vehiculo automotor en transporte,Not an Intersection,No fue interseccion,Sobre calle,Ninguna,Oscuro con iluminacion,Despejado,No,NO APLICA,22,5,22,7,1,26/06/2022,1
41,Oregon,410225,0,0,1,0,11,COOS (11),0,NO APLICA,4,Abril,13,2022,14,33,CR-FAIRVIEW RD,4,Calle del Condado,Rural,Colector Mayor,County Highway Agency,0,Sin jurisdiccion especial,50,43.19809722,-124.1227056,Arbol,El primer evento no fue una colision con un vehiculo automotor en transporte,Not an Intersection,No fue interseccion,Sobre el lado de la calle,Ninguna,Dia total,Nublado,No,NO APLICA,99,99,99,99,1,13/04/2022,1
41,Oregon,410226,0,0,2,0,35,KLAMATH (35),1170,KLAMATH FALLS,5,Mayo,19,2022,1,0,N EIGHTH ST,6,Calle Local Municipalidad,Urbano,Local,City or Municipal Highway Agency,0,Sin jurisdiccion especial,0,42.22752222,-121.7834306,Vehiculo en movimiento,Frente a frente,Not an Intersection,No fue interseccion,Sobre calle,Ninguna,Oscuro con iluminacion,Despejado,No,NO APLICA,1,0,1,12,1,19/05/2022,2
41,Oregon,410228,0,0,2,0,5,CLACKAMAS (5),0,NO APLICA,5,Mayo,25,2022,19,18,CR-S LIBERAL WAY,4,Calle del Condado,Rural,Colector Menor,County Highway Agency,0,Sin jurisdiccion especial,7,45.192675,-122.605225,Vehiculo en movimiento,Frente a frente,Not an Intersection,No fue interseccion,Sobre calle,Ninguna,Dia total,Despejado,No,NO APLICA,19,19,19,26,1,25/05/2022,2
41,Oregon,410229,0,0,1,0,39,LANE (39),0,NO APLICA,6,Junio,7,2022,99,99,CR-WARNER CREEK RD,4,Calle del Condado,Rural,Local,U.S. Forest Service,0,Servicio de Parques Nacional,0,43.73455278,-122.3362361,Arbol,El primer evento no fue una colision con un vehiculo automotor en transporte,Not an Intersection,No fue interseccion,Sobre el lado de la calle,Ninguna,Reportada como desconocida,Reportado como desconocido,No,NO APLICA,18,28,18,59,1,07/06/2022,1
41,Oregon,410230,0,0,2,0,67,WASHINGTON (67),0,NO APLICA,6,Junio,22,2022,5,56,CR-NW KERKMAN RD,4,Calle del Condado,Rural,Colector Mayor,County Highway Agency,0,Sin jurisdiccion especial,0,45.58159167,-123.0427472,Vehiculo en movimiento,Frente a frente,Not an Intersection,No fue interseccion,Sobre calle,Ninguna,Dia total,Despejado,No,NO APLICA,5,56,6,3,1,22/06/2022,2
41,Oregon,410231,0,0,2,0,47,MARION (47),0,NO APLICA,6,Junio,28,2022,21,39,SR-99 ODOT 81,3,Highway estatal,Urbano,Arteria Menor,State Highway Agency,0,Sin jurisdiccion especial,335,45.13064167,-122.8496306,Vehiculo en movimiento,Frente a frente,Not an Intersection,No fue interseccion,Sobre calle,Ninguna,Oscuro sin iluminacion,Despejado,No,NO APLICA,21,39,21,39,1,28/06/2022,3
41,Oregon,410232,0,0,2,0,31,JEFFERSON (31),0,NO APLICA,6,Junio,28,2022,14,23,US-97 ODOT 4,2,US Highway,Rural,Arteria Principal,State Highway Agency,1,Sin jurisdiccion especial,1057,44.49090833,-121.193225,Vehiculo en movimiento,Angulo,Four-Way Intersection,Interseccion de 4 direcciones,Sobre calle,Ninguna,Dia total,Despejado,No,NO APLICA,14,23,14,33,1,28/06/2022,3
41,Oregon,410233,0,0,2,0,71,YAMHILL (71),1260,MCMINNVILLE,6,Junio,28,2022,15,5,SR-99W ODOT 91,3,Highway estatal,Urbano,Arteria Principal,State Highway Agency,1,Sin jurisdiccion especial,351,45.230475,-123.1648139,Vehiculo en movimiento,Angulo,T-Intersection,Interseccion de T,Sobre calle,Construccion,No reportada,No reportado,No,NO APLICA,99,99,99,99,1,28/06/2022,2
41,Oregon,410234,0,0,1,0,39,LANE (39),0,NO APLICA,6,Junio,24,2022,15,16,SR-126 ODOT 62,3,Highway estatal,Rural,Arteria Principal,State Highway Agency,1,Sin jurisdiccion especial,358,44.05235278,-123.5351556,Zanja,El primer evento no fue una colision con un vehiculo automotor en transporte,Not an Intersection,No fue interseccion,Sobre el lado de la calle,Ninguna,Dia total,Despejado,No,NO APLICA,99,99,99,99,1,24/06/2022,1
41,Oregon,410235,0,0,1,0,19,DOUGLAS (19),0,NO APLICA,6,Junio,29,2022,22,0,CR-MELROSE RD,4,Calle del Condado,Rural,Arteria Menor,County Highway Agency,0,Sin jurisdiccion especial,78,43.24169444,-123.4377611,Valla Ferrocarril,El primer evento no fue una colision con un vehiculo automotor en transporte,Not an Intersection,No fue interseccion,Sobre el lado de la calle,Ninguna,Oscuro - iluminacion desconocida,No reportado,No,NO APLICA,22,3,22,20,1,29/06/2022,1
41,Oregon,410236,0,0,2,0,33,JOSEPHINE (33),0,NO APLICA,6,Junio,29,2022,17,17,FOOTHILL BLVD FRONTAGE RD,7,Calle Local,Urbano,Colector Mayor,County Highway Agency,0,Sin jurisdiccion especial,16,42.43685,-123.2954694,Vehiculo en movimiento,Angulo,Not an Intersection,No fue interseccion,Sobre calle,Ninguna,Dia total,Despejado,No,NO APLICA,17,17,17,22,1,29/06/2022,2
41,Oregon,410237,0,0,2,0,39,LANE (39),0,NO APLICA,6,Junio,30,2022,17,8,SR-36 ODOT 229,3,Highway estatal,Rural,Arteria Menor,State Highway Agency,0,Sin jurisdiccion especial,496,44.19344444,-123.2418667,Vehiculo en movimiento,Angulo,Four-Way Intersection,Interseccion de 4 direcciones,Sobre calle,Ninguna,Dia total,Despejado,No,NO APLICA,17,8,17,15,1,30/06/2022,2
41,Oregon,410238,0,0,1,0,1,BAKER (1),0,NO APLICA,7,Julio,1,2022,21,33,CR-HOMESTEAD RD,4,Calle del Condado,Rural,Local,County Highway Agency,0,Sin jurisdiccion especial,1,45.04993889,-116.8146333,Volcadura,El primer evento no fue una colision con un vehiculo automotor en transporte,Not an Intersection,No fue interseccion,Sobre el lado de la calle,Ninguna,Oscuro sin iluminacion,Despejado,No,NO APLICA,99,99,99,99,1,01/07/2022,1
41,Oregon,410239,0,0,1,0,17,DESCHUTES (17),0,NO APLICA,7,Julio,1,2022,21,28,CR-NELSON RD,4,Calle del Condado,Rural,Colector Menor,County Highway Agency,0,Sin jurisdiccion especial,0,44.08403056,-121.1969361,Piedrotototota,El primer evento no fue una colision con un vehiculo automotor en transporte,Not an Intersection,No fue interseccion,Sobre el lado de la calle,Ninguna,Oscuro sin iluminacion,Despejado,No,NO APLICA,21,30,21,38,1,01/07/2022,1