Estado,Nombre de Estado,Numero de Caso,Peatones,Personas _no_vehiculos,Vehiculos automotores,Vehiculos estacionados,Condado,Nombre Condado,Ciudad,Nombre Ciudad,Mes,Nombre Mes,Dia,Año,Hora,Minuto,Calle,Ruta,Nombre Ruta,Rural o Urbanoo,Sistema Funcional,Dueño Calle,Sistema Nacional Carreteras,Jurisdiccion Especial,Milla,Latitud,Longitud,Causa del Accidente,Tipo de Accidente,Tipo Interseccion,Columna1,Lugar en la calle,Zona de Trabajo,Luz,Clima,Autobus Escolar,Cruce de Trenes,Hora Notificacion,Minuto Notificacion,Hora Llegada,Minuto Llegada,Decesos,Fecha,PersonaVehiculo
41,Oregon,410240,1,1,2,0,39,LANE (39),2145,VENETA,7,Julio,2,2022,19,40,SR-126 ODOT 62,3,Highway estatal,Urbano,Arteria Principal,State Highway Agency,1,Sin jurisdiccion especial,469,44.05435,-123.3522972,Peaton,El primer evento no fue una colision con un vehiculo automotor en transporte,Four-Way Intersection,Interseccion de 4 direcciones,Sobre calle,Ninguna,Dia total,Despejado,No,NO APLICA,19,45,99,99,1,02/07/2022,2
41,Oregon,410241,0,0,1,0,33,JOSEPHINE (33),0,NO APLICA,7,Julio,3,2022,21,37,CR-REDWOOD AVE,4,Calle del Condado,Urbano,Arteria Menor,County Highway Agency,0,Sin jurisdiccion especial,26,42.42216944,-123.4012528,Zanja,El primer evento no fue una colision con un vehiculo automotor en transporte,Four-Way Intersection,Interseccion de 4 direcciones,Sobre el lado de la calle,Ninguna,Oscuro sin iluminacion,Nublado,No,NO APLICA,21,37,21,46,1,03/07/2022,1
41,Oregon,410242,0,0,1,0,67,WASHINGTON (67),1000,HILLSBORO,7,Julio,3,2022,4,25,NE TANASBOURNE DR,6,Calle Local Municipalidad,Urbano,Local,City or Municipal Highway Agency,0,Sin jurisdiccion especial,0,45.540425,-122.87225,Poste,El primer evento no fue una colision con un vehiculo automotor en transporte,Not an Intersection,No fue interseccion,Sobre el lado de la calle,Ninguna,Oscuro - iluminacion desconocida,No reportado,No,NO APLICA,4,30,4,36,1,03/07/2022,2
41,Oregon,410243,0,0,1,0,59,UMATILLA (59),0,NO APLICA,7,Julio,4,2022,19,36,SR-244 ODOT 341,3,Highway estatal,Rural,Arteria Menor,State Highway Agency,0,Sin jurisdiccion especial,137,45.17275,-118.7245722,Volcadura,El primer evento no fue una colision con un vehiculo automotor en transporte,Not an Intersection,No fue interseccion,Sobre el lado de la calle,Ninguna,Dia total,Despejado,No,NO APLICA,19,36,20,31,1,04/07/2022,2
41,Oregon,410244,0,0,2,0,19,DOUGLAS (19),0,NO APLICA,7,Julio,5,2022,12,32,SR-38 ODOT 45,3,Highway estatal,Rural,Arteria Principal,State Highway Agency,1,Sin jurisdiccion especial,254,43.67226111,-123.692175,Vehiculo en movimiento,Frente a frente,Not an Intersection,No fue interseccion,Sobre calle,Ninguna,Dia total,Nublado,No,NO APLICA,12,34,12,48,1,05/07/2022,3
41,Oregon,410245,0,0,1,0,51,MULTNOMAH (51),880,GRESHAM,4,Abril,24,2022,3,18,NE RIVERSIDE PKWY,6,Calle Local Municipalidad,Urbano,Local,City or Municipal Highway Agency,0,Sin jurisdiccion especial,0,45.5552,-122.4684528,Arbol,El primer evento no fue una colision con un vehiculo automotor en transporte,Not an Intersection,No fue interseccion,Sobre el lado de la calle,Ninguna,Oscuro con iluminacion,Despejado,No,NO APLICA,3,18,3,27,1,24/04/2022,1
41,Oregon,410246,0,0,2,0,17,DESCHUTES (17),0,NO APLICA,7,Julio,6,2022,20,35,SR-126 ODOT 15,3,Highway estatal,Rural,Arteria Principal,State Highway Agency,1,Sin jurisdiccion especial,1073,44.27609167,-121.2631361,Vehiculo en movimiento,Angulo,Four-Way Intersection,Interseccion de 4 direcciones,Sobre calle,Ninguna,Dia total,Despejado,No,NO APLICA,20,36,20,42,1,06/07/2022,3
41,Oregon,410247,0,0,1,0,33,JOSEPHINE (33),0,NO APLICA,7,Julio,7,2022,18,11,SR-260 ODOT 260,3,Highway estatal,Rural,Colector Mayor,State Highway Agency,0,Sin jurisdiccion especial,171,42.44642222,-123.4999444,Arbol,El primer evento no fue una colision con un vehiculo automotor en transporte,Not an Intersection,No fue interseccion,Sobre el lado de la calle,Ninguna,Dia total,Despejado,No,NO APLICA,18,13,18,23,1,07/07/2022,1
41,Oregon,410248,1,1,1,0,51,MULTNOMAH (51),1650,PORTLAND,7,Julio,10,2022,22,13,N CHAUTAUQUA BLVD,6,Calle Local Municipalidad,Urbano,Colector Mayor,City or Municipal Highway Agency,0,Sin jurisdiccion especial,0,45.59018889,-122.7053361,Ciclista,El primer evento no fue una colision con un vehiculo automotor en transporte,Four-Way Intersection,Interseccion de 4 direcciones,Sobre calle,Ninguna,Oscuro con iluminacion,Despejado,No,NO APLICA,22,13,22,16,1,10/07/2022,1
41,Oregon,410249,0,0,1,0,13,CROOK (13),0,NO APLICA,7,Julio,8,2022,20,26,SR-126 ODOT 41,3,Highway estatal,Rural,Arteria Principal,State Highway Agency,1,Sin jurisdiccion especial,120,44.24788889,-120.94425,Acotamiento,El primer evento no fue una colision con un vehiculo automotor en transporte,Not an Intersection,No fue interseccion,Sobre el lado de la calle,Ninguna,Atardecer,Despejado,No,NO APLICA,20,28,20,38,1,08/07/2022,1
41,Oregon,410250,0,0,2,0,51,MULTNOMAH (51),1650,PORTLAND,3,Marzo,14,2022,6,30,SR-99 ODOT 81,3,Highway estatal,Urbano,Arteria Principal,State Highway Agency,1,Sin jurisdiccion especial,23,45.49031667,-122.6539361,Vehiculo en movimiento,Angulo,T-Intersection,Interseccion de T,Sobre calle,Ninguna,Oscuro con iluminacion,lluvia,No,NO APLICA,6,30,6,37,1,14/03/2022,2
41,Oregon,410251,1,1,1,0,51,MULTNOMAH (51),880,GRESHAM,5,Mayo,25,2022,22,35,SE ORIENT DR,6,Calle Local Municipalidad,Urbano,Arteria Menor,City or Municipal Highway Agency,0,Sin jurisdiccion especial,0,45.47986667,-122.3901028,Peaton,El primer evento no fue una colision con un vehiculo automotor en transporte,Not an Intersection,No fue interseccion,Sobre calle,Ninguna,Oscuro con iluminacion,Despejado,No,NO APLICA,22,35,22,42,1,25/05/2022,1
41,Oregon,410252,1,1,1,0,39,LANE (39),660,EUGENE,7,Julio,11,2022,22,49,ROYAL AVE,6,Calle Local Municipalidad,Urbano,Arteria Menor,City or Municipal Highway Agency,0,Sin jurisdiccion especial,0,44.07027778,-123.2081417,Ciclista,El primer evento no fue una colision con un vehiculo automotor en transporte,Not an Intersection,No fue interseccion,No reportado,Ninguna,Oscuro sin iluminacion,Despejado,No,NO APLICA,99,99,99,99,1,11/07/2022,1
41,Oregon,410253,0,0,1,0,65,WASCO (65),0,NO APLICA,7,Julio,14,2022,3,1,SR-293 ODOT 293,3,Highway estatal,Rural,Colector Mayor,State Highway Agency,0,Sin jurisdiccion especial,125,44.90026389,-120.7411722,Acotamiento,El primer evento no fue una colision con un vehiculo automotor en transporte,Not an Intersection,No fue interseccion,Sobre el lado de la calle,Ninguna,Oscuro sin iluminacion,Despejado,No,NO APLICA,99,99,99,99,1,14/07/2022,1
41,Oregon,410254,0,0,2,0,51,MULTNOMAH (51),2090,TROUTDALE,7,Julio,14,2022,9,25,NW SUNDIAL RD,6,Calle Local Municipalidad,Urbano,Local,City or Municipal Highway Agency,0,Sin jurisdiccion especial,0,45.55818056,-122.4077444,Vehiculo en movimiento,Angulo,Not an Intersection,No fue interseccion,Sobre calle,Ninguna,Dia total,Despejado,No,NO APLICA,9,28,9,51,1,14/07/2022,3
41,Oregon,410256,0,0,4,0,35,KLAMATH (35),0,NO APLICA,7,Julio,16,2022,16,12,US-97 ODOT 4,2,US Highway,Rural,Arteria Principal,State Highway Agency,1,Sin jurisdiccion especial,2296,42.84011667,-121.8332361,Vehiculo en movimiento,Frente a frente,Not an Intersection,No fue interseccion,Sobre calle,Ninguna,Dia total,Despejado,No,NO APLICA,16,12,16,30,3,16/07/2022,12
41,Oregon,410257,0,0,1,0,43,LINN (43),0,NO APLICA,7,Julio,16,2022,18,22,SR-226,3,Highway estatal,Rural,Arteria Menor,State Highway Agency,0,Sin jurisdiccion especial,214,44.7629,-122.6660028,Zanja,El primer evento no fue una colision con un vehiculo automotor en transporte,Not an Intersection,No fue interseccion,Sobre el lado de la calle,Ninguna,Dia total,Despejado,No,NO APLICA,18,22,18,40,1,16/07/2022,2
41,Oregon,410258,0,0,1,0,43,LINN (43),0,NO APLICA,7,Julio,16,2022,2,40,CR-LYONS MILL CITY DR,4,Calle del Condado,Rural,Colector Mayor,County Highway Agency,0,Sin jurisdiccion especial,58,44.75106111,-122.5102028,Poste,El primer evento no fue una colision con un vehiculo automotor en transporte,Not an Intersection,No fue interseccion,Sobre el lado de la calle,Ninguna,Oscuro sin iluminacion,Despejado,No,NO APLICA,2,41,2,48,2,16/07/2022,2
41,Oregon,410259,1,1,2,0,51,MULTNOMAH (51),1650,PORTLAND,7,Julio,16,2022,7,24,SE HOLGATE BLVD,6,Calle Local Municipalidad,Urbano,Colector Mayor,City or Municipal Highway Agency,0,Sin jurisdiccion especial,0,45.48990833,-122.5610278,Vehiculo en movimiento,Frente a Detrás,Four-Way Intersection,Interseccion de 4 direcciones,Sobre calle,Ninguna,Dia total,Nublado,No,NO APLICA,7,26,7,31,1,16/07/2022,2
41,Oregon,410260,0,2,3,2,51,MULTNOMAH (51),1650,PORTLAND,7,Julio,18,2022,5,24,NE MARINE DR,6,Calle Local Municipalidad,Urbano,Colector Mayor,City or Municipal Highway Agency,0,Sin jurisdiccion especial,0,45.57218889,-122.5439083,Vehiculo Aparcado,El primer evento no fue una colision con un vehiculo automotor en transporte,Not an Intersection,No fue interseccion,Sobre el lado de la calle,Ninguna,Amanecer,Despejado,No,NO APLICA,5,24,5,30,1,18/07/2022,1
41,Oregon,410261,0,0,2,0,15,CURRY (15),0,NO APLICA,7,Julio,15,2022,22,4,US-101 ODOT 9,2,US Highway,Urbano,Arteria Principal,State Highway Agency,1,Sin jurisdiccion especial,3587,42.04843333,-124.257325,Vehiculo en movimiento,Frente a frente,Four-Way Intersection,Interseccion de 4 direcciones,Sobre calle,Ninguna,Oscuro sin iluminacion,Despejado,No,NO APLICA,22,5,22,12,1,15/07/2022,4
41,Oregon,410262,0,0,1,0,33,JOSEPHINE (33),0,NO APLICA,7,Julio,16,2022,13,0,CR-ROCKYDALE RD,4,Calle del Condado,Rural,Colector Menor,County Highway Agency,0,Sin jurisdiccion especial,6,42.13870833,-123.639825,Zanja,El primer evento no fue una colision con un vehiculo automotor en transporte,Not an Intersection,No fue interseccion,Sobre el lado de la calle,Ninguna,Dia total,Despejado,No,NO APLICA,13,0,13,5,1,16/07/2022,1
41,Oregon,410263,1,1,1,0,43,LINN (43),0,NO APLICA,7,Julio,20,2022,0,49,SR-99E ODOT 58,3,Highway estatal,Rural,Arteria Menor,State Highway Agency,0,Sin jurisdiccion especial,170,44.42563611,-123.1103556,Peaton,El primer evento no fue una colision con un vehiculo automotor en transporte,Not an Intersection,No fue interseccion,Sobre calle,Ninguna,Oscuro sin iluminacion,Despejado,No,NO APLICA,99,99,99,99,1,20/07/2022,1
41,Oregon,410264,0,0,1,0,5,CLACKAMAS (5),0,NO APLICA,7,Julio,20,2022,0,15,CR-SE WILDCAT MOUNTAIN DR,4,Calle del Condado,Rural,Local,County Highway Agency,0,Sin jurisdiccion especial,0,45.33853333,-122.2334972,Barda,El primer evento no fue una colision con un vehiculo automotor en transporte,Not an Intersection,No fue interseccion,Sobre el lado de la calle,Ninguna,Oscuro sin iluminacion,Despejado,No,NO APLICA,99,99,99,99,2,20/07/2022,2
41,Oregon,410265,0,2,4,3,51,MULTNOMAH (51),0,NO APLICA,7,Julio,23,2022,0,54,US-30 ODOT 92,2,US Highway,Urbano,Arteria Principal,State Highway Agency,1,Sin jurisdiccion especial,126,45.64690278,-122.8428222,Vehiculo Aparcado,El primer evento no fue una colision con un vehiculo automotor en transporte,Not an Intersection,No fue interseccion,Sobre el lado de la calle,Ninguna,Oscuro sin iluminacion,Despejado,No,NO APLICA,1,0,1,14,2,23/07/2022,1
41,Oregon,410266,1,1,1,0,67,WASHINGTON (67),2065,TIGARD,7,Julio,23,2022,19,28,SW GAARDE ST,6,Calle Local Municipalidad,Urbano,Arteria Menor,City or Municipal Highway Agency,0,Sin jurisdiccion especial,0,45.41874167,-122.7881111,Peaton,El primer evento no fue una colision con un vehiculo automotor en transporte,Not an Intersection,No fue interseccion,Sobre calle,Ninguna,Dia total,Despejado,No,NO APLICA,99,99,99,99,1,23/07/2022,1
41,Oregon,410267,0,0,1,0,33,JOSEPHINE (33),0,NO APLICA,7,Julio,24,2022,21,55,SR-260 ODOT 260,3,Highway estatal,Rural,Colector Mayor,State Highway Agency,0,Sin jurisdiccion especial,150,42.47463333,-123.5064333,Poste de Señal de trafico,El primer evento no fue una colision con un vehiculo automotor en transporte,Not an Intersection,No fue interseccion,Sobre el lado de la calle,Ninguna,Oscuro sin iluminacion,Despejado,No,NO APLICA,10,1,10,17,1,24/07/2022,1
41,Oregon,410268,0,0,1,0,19,DOUGLAS (19),0,NO APLICA,7,Julio,26,2022,15,26,I-5,1,Interestatal,Rural,Interestatal,State Highway Agency,1,Sin jurisdiccion especial,1656,43.74564722,-123.1810278,Valla Ferrocarril,El primer evento no fue una colision con un vehiculo automotor en transporte,Not an Intersection,No fue interseccion,Sobre el lado de la calle,Ninguna,Dia total,No reportado,No,NO APLICA,99,99,99,99,1,26/07/2022,2
41,Oregon,410269,0,0,1,0,51,MULTNOMAH (51),2264,WOOD VILLAGE,6,Junio,17,2022,0,44,NE 223RD AVE,6,Calle Local Municipalidad,Urbano,Colector Mayor,City or Municipal Highway Agency,0,Sin jurisdiccion especial,0,45.53000556,-122.4335611,Objeto fijo desconocido,El primer evento no fue una colision con un vehiculo automotor en transporte,Not an Intersection,No fue interseccion,Sobre el lado de la calle,Ninguna,Oscuro con iluminacion,Nublado,No,NO APLICA,0,46,0,48,1,17/06/2022,1
41,Oregon,410270,0,0,1,0,35,KLAMATH (35),0,NO APLICA,7,Julio,9,2022,14,13,CR-WESTSIDE RD,4,Calle del Condado,Rural,Colector Mayor,County Highway Agency,0,Sin jurisdiccion especial,30,42.62951667,-122.0829333,Arbol,El primer evento no fue una colision con un vehiculo automotor en transporte,Not an Intersection,No fue interseccion,Sobre el lado de la calle,Ninguna,Dia total,Despejado,No,NO APLICA,14,13,14,43,1,09/07/2022,1
41,Oregon,410271,0,0,2,0,5,CLACKAMAS (5),0,NO APLICA,7,Julio,16,2022,17,33,CR-S SCONCE RD,4,Calle del Condado,Rural,Colector Menor,County Highway Agency,0,Sin jurisdiccion especial,1,45.15805,-122.6850278,Vehiculo en movimiento,Frente a frente,Not an Intersection,No fue interseccion,Sobre calle,Ninguna,Dia total,Despejado,No,NO APLICA,99,99,99,99,1,16/07/2022,2
41,Oregon,410272,1,1,1,0,43,LINN (43),0,NO APLICA,7,Julio,29,2022,0,2,I-5,1,Interestatal,Rural,Interestatal,State Highway Agency,1,Sin jurisdiccion especial,2286,44.56356389,-123.0620639,Peaton,El primer evento no fue una colision con un vehiculo automotor en transporte,Not an Intersection,No fue interseccion,Sobre calle,Ninguna,Oscuro con iluminacion,Despejado,No,NO APLICA,0,2,0,18,1,29/07/2022,5
41,Oregon,410273,0,0,2,0,59,UMATILLA (59),0,NO APLICA,7,Julio,29,2022,20,1,I-84,1,Interestatal,Rural,Interestatal,State Highway Agency,1,Sin jurisdiccion especial,2160,45.63871667,-118.6849194,Vehiculo en movimiento,Frente a frente,Not an Intersection,No fue interseccion,Sobre calle,Ninguna,Dia total,Despejado,No,NO APLICA,20,6,20,14,1,29/07/2022,2
41,Oregon,410274,1,1,2,1,35,KLAMATH (35),0,NO APLICA,7,Julio,29,2022,2,13,SR-140 ODOT 270,3,Highway estatal,Rural,Arteria Principal,State Highway Agency,1,Sin jurisdiccion especial,510,42.39254722,-122.0272556,Peaton,El primer evento no fue una colision con un vehiculo automotor en transporte,Not an Intersection,No fue interseccion,Sobre calle,Ninguna,Oscuro sin iluminacion,Despejado,No,NO APLICA,2,15,2,27,1,29/07/2022,1
41,Oregon,410275,0,0,2,0,39,LANE (39),0,NO APLICA,7,Julio,29,2022,15,50,SR-126W ODOT 62,3,Highway estatal,Rural,Arteria Principal,State Highway Agency,1,Sin jurisdiccion especial,140,44.02593889,-123.857625,Vehiculo en movimiento,Frente a Detrás,Not an Intersection,No fue interseccion,Sobre calle,Ninguna,Dia total,Despejado,No,NO APLICA,15,57,16,20,1,29/07/2022,3
41,Oregon,410276,1,1,1,0,51,MULTNOMAH (51),670,FAIRVIEW,7,Julio,30,2022,2,2,NE HALSEY ST,6,Calle Local Municipalidad,Urbano,Arteria Menor,City or Municipal Highway Agency,0,Sin jurisdiccion especial,0,45.53344444,-122.4479306,Ciclista,El primer evento no fue una colision con un vehiculo automotor en transporte,Not an Intersection,No fue interseccion,Sobre Acotamiento,Ninguna,Oscuro con iluminacion,Despejado,No,NO APLICA,2,2,2,6,1,30/07/2022,1
41,Oregon,410277,0,0,1,0,53,POLK (53),0,NO APLICA,7,Julio,31,2022,11,52,SR-223 ODOT 191,3,Highway estatal,Rural,Arteria Menor,State Highway Agency,0,Sin jurisdiccion especial,175,44.75081389,-123.4150028,Barda,El primer evento no fue una colision con un vehiculo automotor en transporte,Not an Intersection,No fue interseccion,Sobre el lado de la calle,Ninguna,Dia total,Despejado,No,NO APLICA,11,53,11,59,1,31/07/2022,1
41,Oregon,410279,0,0,2,0,39,LANE (39),0,NO APLICA,8,Agosto,2,2022,23,34,CR-DEMMING RD,4,Calle del Condado,Rural,Arteria Menor,County Highway Agency,0,Sin jurisdiccion especial,0,44.080725,-123.3491056,Vehiculo en movimiento,Angulo,T-Intersection,Interseccion de T,Sobre calle,Ninguna,Oscuro sin iluminacion,No reportado,No,NO APLICA,23,34,23,43,1,02/08/2022,2
41,Oregon,410280,1,1,1,0,29,JACKSON (29),1310,MEDFORD,7,Julio,31,2022,16,16,MIRA MAR AVE,6,Calle Local Municipalidad,Urbano,Local,City or Municipal Highway Agency,0,Sin jurisdiccion especial,0,42.30619444,-122.8372556,Peaton,El primer evento no fue una colision con un vehiculo automotor en transporte,T-Intersection,Interseccion de T,Sobre calle,Ninguna,Dia total,Nublado,No,NO APLICA,16,17,16,28,1,31/07/2022,1
41,Oregon,410281,0,0,2,0,59,UMATILLA (59),0,NO APLICA,8,Agosto,3,2022,11,58,US-730 ODOT 2,2,US Highway,Urbano,Arteria Principal,State Highway Agency,1,Sin jurisdiccion especial,1820,45.91476944,-119.362725,Vehiculo en movimiento,Frente a frente,Not an Intersection,No fue interseccion,Sobre calle,Ninguna,Dia total,Despejado,No,NO APLICA,11,59,12,5,1,03/08/2022,2
41,Oregon,410282,0,0,1,0,51,MULTNOMAH (51),1650,PORTLAND,7,Julio,27,2022,6,17,NE CORNFOOT RD,6,Calle Local Municipalidad,Urbano,Colector Mayor,City or Municipal Highway Agency,1,Sin jurisdiccion especial,0,45.57717778,-122.6110444,Arbol,El primer evento no fue una colision con un vehiculo automotor en transporte,Not an Intersection,No fue interseccion,Sobre el lado de la calle,Ninguna,Dia total,Despejado,No,NO APLICA,6,17,6,30,1,27/07/2022,1
41,Oregon,410284,0,0,1,0,19,DOUGLAS (19),0,NO APLICA,8,Agosto,4,2022,16,31,CR-ROCK CREEK RD,4,Calle del Condado,Rural,Colector Menor,Bureau of Land Management,0,Sin jurisdiccion especial,0,43.36189444,-122.9850167,Puente de Ferrocarril,El primer evento no fue una colision con un vehiculo automotor en transporte,Not an Intersection,No fue interseccion,Sobre el lado de la calle,Ninguna,Dia total,Despejado,No,NO APLICA,16,42,17,8,1,04/08/2022,1
41,Oregon,410285,1,1,1,0,15,CURRY (15),0,NO APLICA,8,Agosto,4,2022,5,27,US-101 ODOT 9,2,US Highway,Urbano,Arteria Principal,State Highway Agency,1,Sin jurisdiccion especial,3586,42.04977778,-124.2590333,Peaton,El primer evento no fue una colision con un vehiculo automotor en transporte,Not an Intersection,No fue interseccion,Sobre calle,Ninguna,Oscuro sin iluminacion,Neblina o Humo,No,NO APLICA,5,27,5,32,1,04/08/2022,1
41,Oregon,410286,0,0,3,0,25,HARNEY (25),0,NO APLICA,8,Agosto,5,2022,15,15,US-20 ODOT 7,2,US Highway,Rural,Arteria Principal,State Highway Agency,1,Sin jurisdiccion especial,1576,43.66643611,-118.5927361,Vehiculo en movimiento,Frente a frente,Not an Intersection,No fue interseccion,Sobre calle,Ninguna,Dia total,Despejado,No,NO APLICA,15,21,15,48,2,05/08/2022,6
41,Oregon,410288,0,0,1,0,19,DOUGLAS (19),0,NO APLICA,8,Agosto,8,2022,14,30,SR-138W ODOT 231,3,Highway estatal,Rural,Arteria Menor,State Highway Agency,0,Sin jurisdiccion especial,177,43.45315556,-123.4166083,Arbol,El primer evento no fue una colision con un vehiculo automotor en transporte,Not an Intersection,No fue interseccion,Sobre el lado de la calle,Ninguna,Dia total,Despejado,No,NO APLICA,14,33,14,40,1,08/08/2022,1
41,Oregon,410289,0,0,2,0,51,MULTNOMAH (51),1650,PORTLAND,7,Julio,16,2022,12,19,SE MARTIN LUTHER KING JR BLVD,6,Calle Local Municipalidad,Urbano,Arteria Principal,City or Municipal Highway Agency,1,Sin jurisdiccion especial,0,45.50835,-122.6615361,Vehiculo en movimiento,Golpe Lateral - misma direccion,Not an Intersection,No fue interseccion,Sobre calle,Ninguna,Dia total,Despejado,No,NO APLICA,99,99,99,99,1,16/07/2022,3
41,Oregon,410290,0,0,1,0,37,LAKE (37),0,NO APLICA,7,Julio,24,2022,6,35,CR-CHRISTMAS VALLEY HWY,4,Calle del Condado,Rural,Colector Mayor,County Highway Agency,0,Sin jurisdiccion especial,289,43.23781667,-120.3834028,Zanja,El primer evento no fue una colision con un vehiculo automotor en transporte,Not an Intersection,No fue interseccion,Sobre el lado de la calle,Ninguna,Amanecer,Despejado,No,NO APLICA,6,46,7,43,1,24/07/2022,2
41,Oregon,410291,0,0,1,0,29,JACKSON (29),1310,MEDFORD,8,Agosto,7,2022,5,7,HILLCREST RD,6,Calle Local Municipalidad,Urbano,Colector Mayor,City or Municipal Highway Agency,0,Sin jurisdiccion especial,0,42.33009167,-122.8319722,Acotamiento,El primer evento no fue una colision con un vehiculo automotor en transporte,Not an Intersection,No fue interseccion,Sobre el lado de la calle,Ninguna,Oscuro con iluminacion,Despejado,No,NO APLICA,5,7,5,21,1,07/08/2022,1
41,Oregon,410292,0,0,2,0,45,MALHEUR (45),0,NO APLICA,8,Agosto,10,2022,16,48,US-95 ODOT 456,2,US Highway,Rural,Arteria Principal,State Highway Agency,1,Sin jurisdiccion especial,591,42.80595278,-117.7319333,Vehiculo en movimiento,Frente a frente,Not an Intersection,No fue interseccion,Sobre calle,Ninguna,Dia total,Despejado,No,NO APLICA,16,48,17,44,1,10/08/2022,6
41,Oregon,410293,0,0,1,0,19,DOUGLAS (19),0,NO APLICA,8,Agosto,10,2022,21,34,CR-LITTLE RIVER RD,4,Calle del Condado,Rural,Colector Mayor,County Highway Agency,0,Sin jurisdiccion especial,144,43.26916944,-123.0444444,Zanja,El primer evento no fue una colision con un vehiculo automotor en transporte,Not an Intersection,No fue interseccion,Sobre el lado de la calle,Ninguna,Oscuro sin iluminacion,Despejado,No,NO APLICA,21,34,21,52,1,10/08/2022,1
41,Oregon,410294,0,0,2,0,33,JOSEPHINE (33),0,NO APLICA,8,Agosto,10,2022,16,50,US-199 ODOT 25,2,US Highway,Urbano,Arteria Principal,State Highway Agency,1,Sin jurisdiccion especial,64,42.40197222,-123.44755,Vehiculo en movimiento,Angulo,Not an Intersection,No fue interseccion,Sobre calle,Ninguna,Dia total,Despejado,No,NO APLICA,16,50,16,56,1,10/08/2022,2
41,Oregon,410295,0,0,1,0,65,WASCO (65),0,NO APLICA,8,Agosto,10,2022,17,44,SR-293 ODOT 293,3,Highway estatal,Rural,Colector Mayor,State Highway Agency,0,Sin jurisdiccion especial,88,44.87691389,-120.803975,Arbol,El primer evento no fue una colision con un vehiculo automotor en transporte,Not an Intersection,No fue interseccion,Sobre el lado de la calle,Ninguna,Dia total,Despejado,No,NO APLICA,18,0,18,30,2,10/08/2022,2
41,Oregon,410296,0,0,2,0,35,KLAMATH (35),0,NO APLICA,7,Julio,31,2022,17,10,CR-ANDERSON RD,4,Calle del Condado,Rural,Local,County Highway Agency,0,Sin jurisdiccion especial,7,42.03866667,-121.5608056,Vehiculo en movimiento,Angulo,T-Intersection,Interseccion de T,Sobre calle,Ninguna,Dia total,Nublado,No,NO APLICA,17,17,17,22,1,31/07/2022,2
41,Oregon,410297,0,0,1,0,47,MARION (47),1168,KEIZER,8,Agosto,10,2022,3,4,RIVER RD NE,6,Calle Local Municipalidad,Urbano,Arteria Menor,City or Municipal Highway Agency,0,Sin jurisdiccion especial,0,45.0194,-123.0188083,Muro,El primer evento no fue una colision con un vehiculo automotor en transporte,Not an Intersection,No fue interseccion,Sobre el lado de la calle,Ninguna,Oscuro con iluminacion,Despejado,No,NO APLICA,3,4,3,10,1,10/08/2022,1
41,Oregon,410298,0,0,1,0,65,WASCO (65),0,NO APLICA,8,Agosto,2,2022,11,35,CR-SEVENMILE HILL RD,4,Calle del Condado,Rural,Colector Mayor,County Highway Agency,0,Sin jurisdiccion especial,30,45.63603333,-121.2748139,Poste de Señal de trafico,El primer evento no fue una colision con un vehiculo automotor en transporte,Not an Intersection,No fue interseccion,Sobre el lado de la calle,Ninguna,Dia total,Despejado,No,NO APLICA,11,35,11,48,1,02/08/2022,1
41,Oregon,410300,0,0,2,0,33,JOSEPHINE (33),0,NO APLICA,8,Agosto,12,2022,14,43,SR-238 ODOT 272,3,Highway estatal,Urbano,Arteria Principal,State Highway Agency,1,Sin jurisdiccion especial,41,42.372,-123.3348472,Vehiculo en movimiento,Angulo,Four-Way Intersection,Interseccion de 4 direcciones,Sobre calle,Ninguna,Dia total,Despejado,No,NO APLICA,14,43,15,27,1,12/08/2022,4
41,Oregon,410301,1,1,1,0,35,KLAMATH (35),0,NO APLICA,8,Agosto,13,2022,21,26,SR-39 ODOT 20,3,Highway estatal,Urbano,Arteria Principal,State Highway Agency,1,Sin jurisdiccion especial,36,42.20657222,-121.7296972,Peaton,El primer evento no fue una colision con un vehiculo automotor en transporte,Not an Intersection,No fue interseccion,Sobre calle,Ninguna,Oscuro con iluminacion,Despejado,No,NO APLICA,21,26,21,30,1,13/08/2022,1
41,Oregon,410302,0,0,2,0,39,LANE (39),660,EUGENE,8,Agosto,13,2022,19,51,SR-126 ODOT 69,3,Highway estatal,Urbano,Arteria Principal,State Highway Agency,1,Sin jurisdiccion especial,19,44.04848889,-123.1955444,Vehiculo en movimiento,Angulo,T-Intersection,Interseccion de T,Sobre calle,Ninguna,Dia total,Despejado,No,NO APLICA,19,51,19,58,1,13/08/2022,2
41,Oregon,410303,0,0,2,0,51,MULTNOMAH (51),1650,PORTLAND,8,Agosto,14,2022,12,27,SE FOSTER RD,6,Calle Local Municipalidad,Urbano,Arteria Menor,City or Municipal Highway Agency,0,Sin jurisdiccion especial,0,45.47613611,-122.5483944,Vehiculo en movimiento,Angulo,Not an Intersection,No fue interseccion,Sobre calle,Ninguna,Dia total,Despejado,No,NO APLICA,12,32,12,36,1,14/08/2022,3
41,Oregon,410304,0,0,2,0,47,MARION (47),0,NO APLICA,8,Agosto,15,2022,14,41,I-5,1,Interestatal,Rural,Interestatal,State Highway Agency,1,Sin jurisdiccion especial,2767,45.20966944,-122.8261083,Vehiculo en movimiento,Golpe Lateral - misma direccion,Not an Intersection,No fue interseccion,Sobre calle,Ninguna,Dia total,Despejado,No,NO APLICA,14,40,15,11,1,15/08/2022,3