Estado,Nombre de Estado,Numero de Caso,Peatones,Personas _no_vehiculos,Vehiculos automotores,Vehiculos estacionados,Condado,Nombre Condado,Ciudad,Nombre Ciudad,Mes,Nombre Mes,Dia,Año,Hora,Minuto,Calle,Ruta,Nombre Ruta,Rural o Urbanoo,Sistema Funcional,Dueño Calle,Sistema Nacional Carreteras,Jurisdiccion Especial,Milla,Latitud,Longitud,Causa del Accidente,Tipo de Accidente,Tipo Interseccion,Columna1,Lugar en la calle,Zona de Trabajo,Luz,Clima,Autobus Escolar,Cruce de Trenes,Hora Notificacion,Minuto Notificacion,Hora Llegada,Minuto Llegada,Decesos,Fecha,PersonaVehiculo
41,Oregon,410305,0,0,2,0,41,LINCOLN (41),0,NO APLICA,8,Agosto,15,2022,10,40,US-101 ODOT 9,2,US Highway,Urbano,Arteria Principal,State Highway Agency,1,Sin jurisdiccion especial,1222,44.87920556,-124.0322472,Vehiculo en movimiento,Frente a frente,Not an Intersection,No fue interseccion,Sobre calle,Ninguna,Dia total,Despejado,No,NO APLICA,10,40,10,45,3,15/08/2022,3
41,Oregon,410306,0,0,1,0,25,HARNEY (25),0,NO APLICA,8,Agosto,3,2022,15,55,SR-395 ODOT 49,3,Highway estatal,Rural,Arteria Principal,State Highway Agency,1,Sin jurisdiccion especial,93,43.43187222,-119.603225,Otra no colicion,El primer evento no fue una colision con un vehiculo automotor en transporte,Not an Intersection,No fue interseccion,Sobre calle,Ninguna,Dia total,Despejado,No,NO APLICA,15,55,16,29,1,03/08/2022,1
41,Oregon,410307,0,0,1,0,19,DOUGLAS (19),0,NO APLICA,8,Agosto,16,2022,23,47,CR-COW CREEK RD,4,Calle del Condado,Rural,Colector Mayor,County Highway Agency,0,Sin jurisdiccion especial,20,42.916675,-123.4600028,Arbol,El primer evento no fue una colision con un vehiculo automotor en transporte,Not an Intersection,No fue interseccion,Sobre el lado de la calle,Ninguna,Oscuro sin iluminacion,Despejado,No,NO APLICA,23,46,23,56,3,16/08/2022,4
41,Oregon,410308,0,0,2,0,47,MARION (47),0,NO APLICA,8,Agosto,16,2022,6,44,CR-EHLEN RD NE,4,Calle del Condado,Rural,Arteria Principal,County Highway Agency,1,Sin jurisdiccion especial,44,45.23156667,-122.8230694,Vehiculo en movimiento,Angulo,Not an Intersection,No fue interseccion,Sobre calle,Ninguna,Dia total,Despejado,No,NO APLICA,6,44,6,54,1,16/08/2022,2
41,Oregon,410309,1,1,1,0,65,WASCO (65),0,NO APLICA,8,Agosto,19,2022,4,3,I-84,1,Interestatal,Rural,Interestatal,State Highway Agency,1,Sin jurisdiccion especial,890,45.62358333,-121.1089472,Peaton,El primer evento no fue una colision con un vehiculo automotor en transporte,Not an Intersection,No fue interseccion,Sobre calle,Ninguna,Oscuro - iluminacion desconocida,No reportado,No,NO APLICA,99,99,99,99,1,19/08/2022,1
41,Oregon,410310,0,0,1,0,3,BENTON (3),0,NO APLICA,8,Agosto,4,2022,14,0,SR-99W ODOT 91,3,Highway estatal,Urbano,Arteria Principal,State Highway Agency,1,Sin jurisdiccion especial,783,44.63782778,-123.2403528,Zanja,El primer evento no fue una colision con un vehiculo automotor en transporte,T-Intersection,Interseccion de T,Sobre el lado de la calle,Ninguna,Dia total,Despejado,No,NO APLICA,13,45,14,0,1,04/08/2022,2
41,Oregon,410311,0,0,2,0,35,KLAMATH (35),1170,KLAMATH FALLS,8,Agosto,17,2022,18,30,WASHBURN WAY,6,Calle Local Municipalidad,Urbano,Arteria Menor,City or Municipal Highway Agency,0,Sin jurisdiccion especial,0,42.19568056,-121.7570639,Vehiculo en movimiento,Angulo,T-Intersection,Interseccion de T,Sobre calle,Ninguna,Dia total,Nublado,No,NO APLICA,99,99,99,99,1,17/08/2022,4
41,Oregon,410312,0,0,1,0,33,JOSEPHINE (33),0,NO APLICA,8,Agosto,15,2022,12,58,US-199 ODOT 25,2,US Highway,Rural,Arteria Principal,State Highway Agency,1,Sin jurisdiccion especial,181,42.30857222,-123.6094417,Fin de valla,El primer evento no fue una colision con un vehiculo automotor en transporte,Not an Intersection,No fue interseccion,Sobre el lado de la calle,Ninguna,Dia total,Despejado,No,NO APLICA,12,58,13,10,1,15/08/2022,1
41,Oregon,410313,0,0,2,0,47,MARION (47),0,NO APLICA,8,Agosto,20,2022,10,39,CR-SUBLIMITY RD SE,4,Calle del Condado,Urbano,Arteria Principal,County Highway Agency,0,Sin jurisdiccion especial,115,44.83218333,-122.8234639,Vehiculo en movimiento,Angulo,Four-Way Intersection,Interseccion de 4 direcciones,Sobre calle,Ninguna,Dia total,Nublado,No,NO APLICA,11,1,99,99,1,20/08/2022,4
41,Oregon,410314,0,0,1,0,63,WALLOWA (63),0,NO APLICA,8,Agosto,20,2022,12,0,CR-ZUMWALT RD,4,Calle del Condado,Rural,Colector Menor,County Highway Agency,0,Sin jurisdiccion especial,9,45.41389444,-117.1383694,Acotamiento,El primer evento no fue una colision con un vehiculo automotor en transporte,Not an Intersection,No fue interseccion,Sobre el lado de la calle,Ninguna,Dia total,Despejado,No,NO APLICA,12,14,12,21,1,20/08/2022,1
41,Oregon,410315,0,0,1,0,19,DOUGLAS (19),0,NO APLICA,8,Agosto,19,2022,23,39,CR-SUNSHINE RD,4,Calle del Condado,Urbano,Colector Menor,County Highway Agency,0,Sin jurisdiccion especial,50,43.28346111,-123.2518472,Volcadura,El primer evento no fue una colision con un vehiculo automotor en transporte,Not an Intersection,No fue interseccion,Sobre calle,Ninguna,Oscuro sin iluminacion,Despejado,No,NO APLICA,23,40,23,53,1,19/08/2022,1
41,Oregon,410316,0,0,2,0,71,YAMHILL (71),0,NO APLICA,8,Agosto,20,2022,23,55,SR-18 ODOT 39,3,Highway estatal,Rural,Arteria Principal,State Highway Agency,1,Sin jurisdiccion especial,387,45.13543056,-123.2920389,Vehiculo en movimiento,Frente a frente,Not an Intersection,No fue interseccion,Sobre calle,Ninguna,Oscuro sin iluminacion,Despejado,No,NO APLICA,23,56,0,5,1,20/08/2022,3
41,Oregon,410317,0,0,2,0,47,MARION (47),0,NO APLICA,8,Agosto,21,2022,20,15,SR-214 ODOT 140,3,Highway estatal,Rural,Arteria Menor,State Highway Agency,0,Sin jurisdiccion especial,484,45.03522222,-122.79165,Vehiculo en movimiento,Angulo,Not an Intersection,No fue interseccion,Sobre calle,Ninguna,Oscuro sin iluminacion,Despejado,No,NO APLICA,20,15,20,20,1,21/08/2022,2
41,Oregon,410318,0,0,2,0,29,JACKSON (29),0,NO APLICA,8,Agosto,22,2022,21,59,SR-234 ODOT 271,3,Highway estatal,Rural,Arteria Menor,State Highway Agency,0,Sin jurisdiccion especial,164,42.52375833,-122.8335556,Vehiculo en movimiento,Frente a frente,Not an Intersection,No fue interseccion,Sobre calle,Ninguna,Oscuro sin iluminacion,Despejado,No,NO APLICA,22,1,22,7,1,22/08/2022,3
41,Oregon,410319,0,0,1,0,71,YAMHILL (71),0,NO APLICA,8,Agosto,18,2022,2,9,CR-MINERAL SPRINGS RD,4,Calle del Condado,Rural,Colector Menor,County Highway Agency,0,Sin jurisdiccion especial,47,45.25404722,-123.1279944,Poste,El primer evento no fue una colision con un vehiculo automotor en transporte,Not an Intersection,No fue interseccion,Sobre el lado de la calle,Ninguna,Oscuro sin iluminacion,Despejado,No,NO APLICA,2,10,2,19,1,18/08/2022,1
41,Oregon,410320,0,0,2,0,71,YAMHILL (71),0,NO APLICA,8,Agosto,20,2022,16,54,CR-NE ALBERTSON RD,4,Calle del Condado,Rural,Local,County Highway Agency,0,Sin jurisdiccion especial,13,45.38624167,-123.071625,Vehiculo en movimiento,Frente a frente,Not an Intersection,No fue interseccion,Sobre calle,Ninguna,Dia total,Despejado,No,NO APLICA,17,5,17,8,1,20/08/2022,9
41,Oregon,410321,1,1,1,0,43,LINN (43),0,NO APLICA,8,Agosto,23,2022,8,13,CR-RIVERSIDE DR,4,Calle del Condado,Rural,Colector Mayor,County Highway Agency,0,Sin jurisdiccion especial,10,44.6164,-123.1407306,Ciclista,El primer evento no fue una colision con un vehiculo automotor en transporte,Not an Intersection,No fue interseccion,No reportado,Ninguna,Dia total,Despejado,No,NO APLICA,8,13,8,18,1,23/08/2022,4
41,Oregon,410322,0,0,1,0,39,LANE (39),0,NO APLICA,8,Agosto,24,2022,19,30,CR-HIGH PRAIRIE RD,4,Calle del Condado,Rural,Colector Mayor,County Highway Agency,0,Sin jurisdiccion especial,55,43.79309444,-122.4271556,Desconocido,Reportado como desconocido,Not an Intersection,No fue interseccion,Sobre calle,Ninguna,Atardecer,Despejado,No,NO APLICA,19,38,19,51,1,24/08/2022,1
41,Oregon,410323,1,1,1,0,5,CLACKAMAS (5),0,NO APLICA,8,Agosto,25,2022,4,28,SR-99E ODOT 81,3,Highway estatal,Urbano,Arteria Menor,State Highway Agency,0,Sin jurisdiccion especial,221,45.25497222,-122.7095472,Peaton,El primer evento no fue una colision con un vehiculo automotor en transporte,Not an Intersection,No fue interseccion,Sobre calle,Ninguna,Oscuro sin iluminacion,Despejado,No,NO APLICA,4,30,4,51,1,25/08/2022,2
41,Oregon,410324,0,0,2,0,67,WASHINGTON (67),0,NO APLICA,8,Agosto,25,2022,18,42,CR-NW ZION CHURCH RD,4,Calle del Condado,Rural,Arteria Menor,County Highway Agency,0,Sin jurisdiccion especial,0,45.57431389,-123.0267667,Vehiculo en movimiento,Frente a frente,Not an Intersection,No fue interseccion,Sobre calle,Ninguna,Dia total,Despejado,No,NO APLICA,18,42,18,48,1,25/08/2022,2
41,Oregon,410325,0,0,1,0,39,LANE (39),0,NO APLICA,8,Agosto,25,2022,15,45,CR-SHOREVIEW DR,4,Calle del Condado,Rural,Colector Mayor,County Highway Agency,0,Sin jurisdiccion especial,1,43.791075,-122.9701611,Arbol,El primer evento no fue una colision con un vehiculo automotor en transporte,Not an Intersection,No fue interseccion,Sobre el lado de la calle,Ninguna,Dia total,Despejado,No,NO APLICA,15,51,16,0,1,25/08/2022,1
41,Oregon,410326,0,0,1,0,35,KLAMATH (35),0,NO APLICA,8,Agosto,26,2022,8,10,SR-140 ODOT 270,3,Highway estatal,Rural,Arteria Principal,State Highway Agency,1,Sin jurisdiccion especial,580,42.30355,-121.9353222,Volcadura,El primer evento no fue una colision con un vehiculo automotor en transporte,Not an Intersection,No fue interseccion,Sobre el lado de la calle,Ninguna,Oscuro sin iluminacion,Despejado,No,NO APLICA,8,11,8,29,1,26/08/2022,1
41,Oregon,410327,0,0,2,0,39,LANE (39),0,NO APLICA,8,Agosto,26,2022,7,40,SR-126E ODOT 15,3,Highway estatal,Rural,Arteria Principal,State Highway Agency,1,Sin jurisdiccion especial,313,44.13209444,-122.4815667,Vehiculo en movimiento,Angulo,Not an Intersection,No fue interseccion,Sobre calle,Ninguna,Dia total,Despejado,No,NO APLICA,7,40,7,54,1,26/08/2022,3
41,Oregon,410328,0,0,2,0,11,COOS (11),0,NO APLICA,7,Julio,26,2022,13,3,US-101 ODOT 9,2,US Highway,Rural,Arteria Principal,State Highway Agency,1,Sin jurisdiccion especial,2840,42.97671389,-124.4242722,Acotamiento,El primer evento no fue una colision con un vehiculo automotor en transporte,Not an Intersection,No fue interseccion,Sobre el lado de la calle,Ninguna,Dia total,Despejado,No,NO APLICA,13,3,13,26,1,26/07/2022,2
41,Oregon,410329,0,0,1,0,19,DOUGLAS (19),0,NO APLICA,8,Agosto,26,2022,12,53,SR-42 ODOT 35,3,Highway estatal,Rural,Arteria Principal,State Highway Agency,1,Sin jurisdiccion especial,645,43.09638333,-123.5638472,Zanja,El primer evento no fue una colision con un vehiculo automotor en transporte,Not an Intersection,No fue interseccion,Sobre el lado de la calle,Ninguna,Dia total,No reportado,No,NO APLICA,12,53,13,0,1,26/08/2022,2
41,Oregon,410330,0,0,2,0,5,CLACKAMAS (5),0,NO APLICA,8,Agosto,26,2022,14,33,US-26 ODOT 26,2,US Highway,Rural,Arteria Principal,State Highway Agency,1,Sin jurisdiccion especial,262,45.38418056,-122.2321222,Vehiculo en movimiento,Frente a frente,Not an Intersection,No fue interseccion,Sobre calle,Ninguna,Dia total,Despejado,No,NO APLICA,14,33,14,38,1,26/08/2022,2
41,Oregon,410331,1,1,2,0,51,MULTNOMAH (51),1650,PORTLAND,8,Agosto,27,2022,5,38,SE STARK ST,6,Calle Local Municipalidad,Urbano,Arteria Menor,City or Municipal Highway Agency,0,Sin jurisdiccion especial,0,45.51915556,-122.5260417,Vehiculo en movimiento,Golpe Lateral - misma direccion,T-Intersection,Interseccion de T,Sobre calle,Ninguna,Oscuro con iluminacion,Nublado,No,NO APLICA,5,40,5,43,1,27/08/2022,2
41,Oregon,410332,0,0,1,0,39,LANE (39),0,NO APLICA,8,Agosto,27,2022,6,19,SR-126W ODOT 62,3,Highway estatal,Rural,Arteria Principal,State Highway Agency,1,Sin jurisdiccion especial,290,43.99713333,-123.6127222,Arbol,El primer evento no fue una colision con un vehiculo automotor en transporte,Not an Intersection,No fue interseccion,Sobre el lado de la calle,Ninguna,Dia total,Despejado,No,NO APLICA,6,19,6,24,1,27/08/2022,4
41,Oregon,410333,0,0,1,0,39,LANE (39),0,NO APLICA,8,Agosto,27,2022,1,15,SR-99E ODOT 58,3,Highway estatal,Rural,Arteria Menor,State Highway Agency,0,Sin jurisdiccion especial,320,44.23284722,-123.2003778,Acotamiento,El primer evento no fue una colision con un vehiculo automotor en transporte,Not an Intersection,No fue interseccion,Sobre el lado de la calle,Ninguna,Oscuro sin iluminacion,Nublado,No,NO APLICA,1,17,1,28,1,27/08/2022,1
41,Oregon,410334,1,1,1,0,19,DOUGLAS (19),0,NO APLICA,8,Agosto,29,2022,21,37,SR-42 ODOT 35,3,Highway estatal,Urbano,Arteria Principal,State Highway Agency,1,Sin jurisdiccion especial,750,43.13949722,-123.3906917,Peaton,El primer evento no fue una colision con un vehiculo automotor en transporte,Not an Intersection,No fue interseccion,Sobre calle,Ninguna,Oscuro sin iluminacion,Despejado,No,NO APLICA,99,99,99,99,1,29/08/2022,1
41,Oregon,410336,0,0,1,0,17,DESCHUTES (17),0,NO APLICA,6,Junio,28,2022,16,42,CR-CLINE FALLS RD,4,Calle del Condado,Rural,Arteria Menor,County Highway Agency,0,Sin jurisdiccion especial,0,44.16635833,-121.3240639,Barda,El primer evento no fue una colision con un vehiculo automotor en transporte,Not an Intersection,No fue interseccion,Sobre el lado de la calle,Ninguna,Dia total,No reportado,No,NO APLICA,16,45,16,48,1,28/06/2022,1
41,Oregon,410337,1,1,1,0,47,MARION (47),1810,SALEM,8,Agosto,30,2022,99,99,I-5,1,Interestatal,Urbano,Interestatal,State Highway Agency,1,Sin jurisdiccion especial,2549,44.93046667,-122.9904972,Peaton,El primer evento no fue una colision con un vehiculo automotor en transporte,Not an Intersection,No fue interseccion,Sobre calle,Ninguna,Oscuro con iluminacion,Despejado,No,NO APLICA,99,99,99,99,1,30/08/2022,2
41,Oregon,410338,0,0,1,0,51,MULTNOMAH (51),1650,PORTLAND,8,Agosto,30,2022,6,29,N EXPO RD,6,Calle Local Municipalidad,Urbano,Local,City or Municipal Highway Agency,0,Sin jurisdiccion especial,0,45.60225833,-122.6843083,Arbol,El primer evento no fue una colision con un vehiculo automotor en transporte,Not an Intersection,No fue interseccion,Sobre el lado de la calle,Ninguna,Amanecer,Despejado,No,NO APLICA,6,31,6,39,1,30/08/2022,1
41,Oregon,410339,1,1,2,0,51,MULTNOMAH (51),1650,PORTLAND,8,Agosto,30,2022,21,40,SR-99 ODOT 81,3,Highway estatal,Urbano,Arteria Principal,State Highway Agency,1,Sin jurisdiccion especial,59,45.60370556,-122.6818944,Peaton,El primer evento no fue una colision con un vehiculo automotor en transporte,Not an Intersection,No fue interseccion,Sobre calle,Ninguna,Oscuro sin iluminacion,Despejado,No,NO APLICA,21,40,99,99,1,30/08/2022,2
41,Oregon,410340,0,0,2,0,5,CLACKAMAS (5),0,NO APLICA,9,Septiembre,1,2022,21,4,SR-211 ODOT 172,3,Highway estatal,Rural,Arteria Menor,State Highway Agency,0,Sin jurisdiccion especial,38,45.37850833,-122.2873056,Vehiculo en movimiento,Frente a frente,Not an Intersection,No fue interseccion,Sobre calle,Ninguna,Oscuro sin iluminacion,Despejado,No,NO APLICA,21,4,21,17,1,01/09/2022,3
41,Oregon,410341,0,0,1,0,53,POLK (53),0,NO APLICA,9,Septiembre,2,2022,4,14,SR-99W ODOT 91,3,Highway estatal,Rural,Arteria Menor,State Highway Agency,0,Sin jurisdiccion especial,528,44.99941389,-123.2099361,Valla Ferrocarril,El primer evento no fue una colision con un vehiculo automotor en transporte,Not an Intersection,No fue interseccion,Sobre el lado de la calle,Ninguna,Oscuro sin iluminacion,Nublado,No,NO APLICA,4,14,4,29,1,02/09/2022,2
41,Oregon,410342,1,1,1,0,45,MALHEUR (45),0,NO APLICA,9,Septiembre,2,2022,10,26,SR-201 ODOT 455,3,Highway estatal,Urbano,Arteria Principal,State Highway Agency,1,Sin jurisdiccion especial,301,44.01209722,-117.005325,Peaton,El primer evento no fue una colision con un vehiculo automotor en transporte,Not an Intersection,No fue interseccion,Sobre calle,Ninguna,Dia total,Despejado,No,NO APLICA,10,26,10,29,1,02/09/2022,1
41,Oregon,410343,0,0,1,0,57,TILLAMOOK (57),0,NO APLICA,9,Septiembre,3,2022,15,28,US-101 ODOT 9,2,US Highway,Rural,Arteria Principal,State Highway Agency,1,Sin jurisdiccion especial,840,45.23713611,-123.8655972,Poste,El primer evento no fue una colision con un vehiculo automotor en transporte,Not an Intersection,No fue interseccion,Sobre el lado de la calle,Ninguna,Dia total,Despejado,No,NO APLICA,99,99,99,99,1,03/09/2022,1
41,Oregon,410344,0,0,2,0,47,MARION (47),1810,SALEM,9,Septiembre,6,2022,5,11,HOLLYWOOD DR NE,6,Calle Local Municipalidad,Urbano,Colector Mayor,City or Municipal Highway Agency,0,Sin jurisdiccion especial,0,44.96068611,-122.976825,Vehiculo en movimiento,Angulo,Four-Way Intersection,Interseccion de 4 direcciones,Sobre calle,Ninguna,Oscuro con iluminacion,Despejado,No,NO APLICA,5,11,5,15,1,06/09/2022,3
41,Oregon,410345,0,0,1,0,39,LANE (39),0,NO APLICA,9,Septiembre,6,2022,12,56,CR-S WILLAMETTE ST,4,Calle del Condado,Rural,Colector Mayor,County Highway Agency,0,Sin jurisdiccion especial,64,43.96560833,-123.1077389,Valla Ferrocarril,El primer evento no fue una colision con un vehiculo automotor en transporte,Not an Intersection,No fue interseccion,Sobre el lado de la calle,Ninguna,Dia total,Despejado,No,NO APLICA,12,56,13,4,1,06/09/2022,1
41,Oregon,410346,0,0,2,0,41,LINCOLN (41),0,NO APLICA,3,Marzo,19,2022,14,20,US-101 ODOT 9,2,US Highway,Rural,Arteria Principal,State Highway Agency,1,Sin jurisdiccion especial,1569,44.41573889,-124.0810722,Vehiculo en movimiento,Angulo,T-Intersection,Interseccion de T,Sobre calle,Ninguna,Dia total,Despejado,No,NO APLICA,88,88,88,88,1,19/03/2022,2
41,Oregon,410347,0,0,1,0,35,KLAMATH (35),0,NO APLICA,4,Abril,1,2022,99,99,CR-CLOVER CREEK RD,4,Calle del Condado,Rural,Colector Mayor,County Highway Agency,0,Sin jurisdiccion especial,42,42.17673333,-121.9860389,Piedrotototota,El primer evento no fue una colision con un vehiculo automotor en transporte,Not an Intersection,No fue interseccion,Sobre el lado de la calle,Ninguna,Reportada como desconocida,Despejado,No,NO APLICA,9,48,9,55,1,01/04/2022,1
41,Oregon,410348,1,1,1,0,13,CROOK (13),1700,PRINEVILLE,4,Abril,20,2022,20,51,N MAIN ST,6,Calle Local Municipalidad,Urbano,Arteria Menor,City or Municipal Highway Agency,0,Sin jurisdiccion especial,0,44.3045,-120.8470778,Peaton,El primer evento no fue una colision con un vehiculo automotor en transporte,Not an Intersection,No fue interseccion,Sobre calle,Ninguna,Oscuro con iluminacion,lluvia,No,NO APLICA,20,52,20,52,1,20/04/2022,1
41,Oregon,410349,0,0,1,0,71,YAMHILL (71),0,NO APLICA,4,Abril,27,2022,18,0,CR-BAKER CREEK RD,4,Calle del Condado,Rural,Colector Mayor,Bureau of Land Management,0,Sin jurisdiccion especial,36,45.262225,-123.3594278,Acotamiento,El primer evento no fue una colision con un vehiculo automotor en transporte,Not an Intersection,No fue interseccion,Sobre el lado de la calle,Ninguna,No reportada,No reportado,No,NO APLICA,99,99,99,99,1,27/04/2022,1
41,Oregon,410350,0,0,1,0,11,COOS (11),0,NO APLICA,5,Mayo,17,2022,19,0,CR-LEE VALLEY RD,4,Calle del Condado,Rural,Colector Menor,County Highway Agency,0,Sin jurisdiccion especial,96,43.18433611,-124.0913861,Acotamiento,El primer evento no fue una colision con un vehiculo automotor en transporte,Not an Intersection,No fue interseccion,Sobre el lado de la calle,Ninguna,Reportada como desconocida,No reportado,No,NO APLICA,7,8,7,13,1,17/05/2022,1
41,Oregon,410351,0,0,1,0,5,CLACKAMAS (5),0,NO APLICA,5,Mayo,21,2022,19,28,CR-E MARMOT RD,4,Calle del Condado,Rural,Colector Mayor,County Highway Agency,0,Sin jurisdiccion especial,74,45.38991389,-122.1079111,Arbol,El primer evento no fue una colision con un vehiculo automotor en transporte,Not an Intersection,No fue interseccion,Sobre el lado de la calle,Ninguna,Atardecer,Despejado,No,NO APLICA,99,99,99,99,1,21/05/2022,2
41,Oregon,410352,0,0,3,0,7,CLATSOP (7),0,NO APLICA,5,Mayo,25,2022,17,50,US-101 ODOT 9,2,US Highway,Rural,Arteria Principal,State Highway Agency,1,Sin jurisdiccion especial,20,46.20306944,-123.8557083,Vehiculo en movimiento,Frente a Detrás,Not an Intersection,No fue interseccion,Sobre calle,Construccion,Dia total,Nublado,No,NO APLICA,17,50,17,55,1,25/05/2022,5
41,Oregon,410353,0,0,2,0,17,DESCHUTES (17),190,BEND,5,Mayo,6,2022,10,4,NE 27TH ST,6,Calle Local Municipalidad,Urbano,Arteria Principal,City or Municipal Highway Agency,1,Sin jurisdiccion especial,0,44.07023056,-121.2637389,Vehiculo en movimiento,Angulo,Four-Way Intersection,Interseccion de 4 direcciones,Sobre calle,Ninguna,Dia total,Nublado,No,NO APLICA,10,6,10,9,1,06/05/2022,2
41,Oregon,410354,0,0,2,0,31,JEFFERSON (31),0,NO APLICA,6,Junio,3,2022,21,30,CR-NW AGENCY HOT SPRINGS RD,4,Calle del Condado,Rural,Colector Mayor,County Highway Agency,0,Sin jurisdiccion especial,25,44.79116944,-121.2382222,Vehiculo en movimiento,Frente a frente,Not an Intersection,No fue interseccion,Sobre calle,Ninguna,No reportada,No reportado,No,NO APLICA,99,99,99,99,1,03/06/2022,3
41,Oregon,410355,0,0,1,0,43,LINN (43),0,NO APLICA,6,Junio,14,2022,9,17,CR-NORTHERN DR,4,Calle del Condado,Rural,Local,County Highway Agency,0,Sin jurisdiccion especial,4,44.36706944,-122.8811111,Zanja,El primer evento no fue una colision con un vehiculo automotor en transporte,Not an Intersection,No fue interseccion,Sobre el lado de la calle,Ninguna,Dia total,Despejado,No,NO APLICA,16,5,16,16,1,14/06/2022,1
41,Oregon,410356,1,1,1,0,5,CLACKAMAS (5),0,NO APLICA,9,Septiembre,7,2022,7,11,US-26 ODOT 26,2,US Highway,Rural,Arteria Principal,State Highway Agency,1,Sin jurisdiccion especial,326,45.37719444,-122.1115194,Peaton,El primer evento no fue una colision con un vehiculo automotor en transporte,Four-Way Intersection,Interseccion de 4 direcciones,Sobre calle,Ninguna,Dia total,Despejado,No,NO APLICA,7,11,7,20,1,07/09/2022,1
41,Oregon,410357,0,0,2,0,51,MULTNOMAH (51),1650,PORTLAND,7,Julio,20,2022,12,15,SW TERWILLIGER BLVD,6,Calle Local Municipalidad,Urbano,Colector Mayor,City or Municipal Highway Agency,0,Sin jurisdiccion especial,0,45.50496944,-122.6842556,Vehiculo en movimiento,Frente a frente,Not an Intersection,No fue interseccion,Sobre calle,Ninguna,Dia total,Despejado,No,NO APLICA,12,22,12,24,1,20/07/2022,3
41,Oregon,410358,0,0,1,0,19,DOUGLAS (19),0,NO APLICA,8,Agosto,19,2022,11,36,SR-38 ODOT 45,3,Highway estatal,Rural,Arteria Principal,State Highway Agency,1,Sin jurisdiccion especial,276,43.68158333,-123.6540139,Piedrotototota,El primer evento no fue una colision con un vehiculo automotor en transporte,Not an Intersection,No fue interseccion,Sobre el lado de la calle,Ninguna,Dia total,Nublado,No,NO APLICA,11,41,12,9,1,19/08/2022,1
41,Oregon,410359,0,0,2,0,41,LINCOLN (41),1225,LINCOLN CITY,8,Agosto,24,2022,21,35,US-101 ODOT 9,2,US Highway,Urbano,Arteria Principal,State Highway Agency,1,Sin jurisdiccion especial,1152,44.96259444,-124.0168444,Vehiculo en movimiento,Angulo,Not an Intersection,No fue interseccion,Sobre calle,Ninguna,Atardecer,Nublado,No,NO APLICA,21,38,21,45,1,24/08/2022,4
41,Oregon,410361,0,0,2,0,41,LINCOLN (41),0,NO APLICA,9,Septiembre,9,2022,20,15,US-101 ODOT 9,2,US Highway,Urbano,Arteria Principal,State Highway Agency,1,Sin jurisdiccion especial,1210,44.89308333,-124.0184361,Vehiculo en movimiento,Frente a frente,Not an Intersection,No fue interseccion,Sobre calle,Ninguna,Atardecer,Neblina o Humo,No,NO APLICA,99,99,99,99,1,09/09/2022,2
41,Oregon,410362,0,0,1,0,17,DESCHUTES (17),0,NO APLICA,9,Septiembre,11,2022,2,15,US-97 ODOT 4,2,US Highway,Rural,Arteria Principal,State Highway Agency,1,Sin jurisdiccion especial,1129,44.38743889,-121.1870611,Volcadura,El primer evento no fue una colision con un vehiculo automotor en transporte,Not an Intersection,No fue interseccion,Sobre calle,Ninguna,Oscuro sin iluminacion,Neblina o Humo,No,NO APLICA,2,18,2,31,1,11/09/2022,1
41,Oregon,410363,0,0,1,0,19,DOUGLAS (19),0,NO APLICA,9,Septiembre,12,2022,17,0,SR-38 ODOT 45,3,Highway estatal,Rural,Arteria Principal,State Highway Agency,1,Sin jurisdiccion especial,349,43.64701389,-123.5895056,Otro objeto (fijo),El primer evento no fue una colision con un vehiculo automotor en transporte,Not an Intersection,No fue interseccion,Sobre el lado de la calle,Ninguna,Dia total,Despejado,No,NO APLICA,17,0,17,10,1,12/09/2022,1
41,Oregon,410364,0,0,1,0,67,WASHINGTON (67),0,NO APLICA,9,Septiembre,10,2022,19,19,CR-SW SCHOLLS SHERWOOD RD,4,Calle del Condado,Rural,Arteria Menor,County Highway Agency,0,Sin jurisdiccion especial,0,45.38959722,-122.8875861,Zanja,El primer evento no fue una colision con un vehiculo automotor en transporte,Not an Intersection,No fue interseccion,Sobre el lado de la calle,Ninguna,Dia total,Nublado,No,NO APLICA,19,19,19,29,1,10/09/2022,1
41,Oregon,410365,1,1,1,0,5,CLACKAMAS (5),0,NO APLICA,9,Septiembre,11,2022,0,25,I-205,1,Interestatal,Urbano,Interestatal,State Highway Agency,1,Sin jurisdiccion especial,130,45.41147222,-122.5728,Peaton,El primer evento no fue una colision con un vehiculo automotor en transporte,Not an Intersection,No fue interseccion,Sobre calle,Ninguna,Oscuro con iluminacion,Despejado,No,NO APLICA,0,26,0,40,1,11/09/2022,3
41,Oregon,410366,0,0,1,0,5,CLACKAMAS (5),0,NO APLICA,9,Septiembre,15,2022,4,10,SR-224 ODOT 171,3,Highway estatal,Urbano,Arteria Menor,State Highway Agency,0,Sin jurisdiccion especial,138,45.39448333,-122.4220556,Poste,El primer evento no fue una colision con un vehiculo automotor en transporte,Not an Intersection,No fue interseccion,Sobre el lado de la calle,Ninguna,Oscuro sin iluminacion,Nublado,No,NO APLICA,4,12,4,22,1,15/09/2022,1
41,Oregon,410367,0,0,3,0,71,YAMHILL (71),0,NO APLICA,9,Septiembre,15,2022,15,0,SR-18 ODOT 39,3,Highway estatal,Rural,Arteria Principal,State Highway Agency,1,Sin jurisdiccion especial,420,45.16986111,-123.2476361,Vehiculo en movimiento,Frente a Detrás,Not an Intersection,No fue interseccion,Sobre calle,Ninguna,Dia total,Nublado,No,NO APLICA,15,2,15,7,2,15/09/2022,4