Estado,Nombre de Estado,Numero de Caso,Peatones,Personas _no_vehiculos,Vehiculos automotores,Vehiculos estacionados,Condado,Nombre Condado,Ciudad,Nombre Ciudad,Mes,Nombre Mes,Dia,Año,Hora,Minuto,Calle,Ruta,Nombre Ruta,Rural o Urbanoo,Sistema Funcional,Dueño Calle,Sistema Nacional Carreteras,Jurisdiccion Especial,Milla,Latitud,Longitud,Causa del Accidente,Tipo de Accidente,Tipo Interseccion,Columna1,Lugar en la calle,Zona de Trabajo,Luz,Clima,Autobus Escolar,Cruce de Trenes,Hora Notificacion,Minuto Notificacion,Hora Llegada,Minuto Llegada,Decesos,Fecha,PersonaVehiculo
41,Oregon,410368,1,1,1,0,47,MARION (47),0,NO APLICA,9,Septiembre,15,2022,20,22,SR-99E ODOT 81,3,Highway estatal,Urbano,Arteria Menor,State Highway Agency,0,Sin jurisdiccion especial,308,45.16168333,-122.8221333,Peaton,El primer evento no fue una colision con un vehiculo automotor en transporte,Four-Way Intersection,Interseccion de 4 direcciones,Sobre calle,Ninguna,Oscuro con iluminacion,Despejado,No,NO APLICA,20,22,20,25,1,15/09/2022,1
41,Oregon,410370,0,0,1,0,39,LANE (39),1960,SPRINGFIELD,9,Septiembre,15,2022,20,53,SR-126 CONNECTION 4 ODOT 227,3,Highway estatal,Urbano,Interestatal,State Highway Agency,1,Sin jurisdiccion especial,39,44.06387778,-123.045625,Acotamiento,El primer evento no fue una colision con un vehiculo automotor en transporte,Not an Intersection,No fue interseccion,Sobre el lado de la calle,Ninguna,Oscuro con iluminacion,Despejado,No,NO APLICA,20,53,21,1,1,15/09/2022,1
41,Oregon,410371,1,1,1,0,29,JACKSON (29),0,NO APLICA,9,Septiembre,15,2022,20,37,CR-ANTIOCH RD,4,Calle del Condado,Rural,Colector Menor,County Highway Agency,0,Sin jurisdiccion especial,30,42.50788333,-122.9033222,Peaton,El primer evento no fue una colision con un vehiculo automotor en transporte,Not an Intersection,No fue interseccion,Sobre calle,Ninguna,Oscuro sin iluminacion,No reportado,No,NO APLICA,20,39,99,97,1,15/09/2022,2
41,Oregon,410372,0,0,4,0,17,DESCHUTES (17),0,NO APLICA,9,Septiembre,16,2022,8,12,US-97,2,US Highway,Rural,Arteria Principal,State Highway Agency,1,Sin jurisdiccion especial,1256,44.21785278,-121.2154694,Vehiculo en movimiento,Angulo,Not an Intersection,No fue interseccion,Sobre calle,Ninguna,Dia total,Despejado,No,NO APLICA,8,15,8,22,1,16/09/2022,9
41,Oregon,410373,0,0,1,0,71,YAMHILL (71),0,NO APLICA,9,Septiembre,17,2022,11,14,SR-221 ODOT 150,3,Highway estatal,Rural,Arteria Menor,State Highway Agency,0,Sin jurisdiccion especial,104,45.08181111,-123.0672333,Arbol,El primer evento no fue una colision con un vehiculo automotor en transporte,Not an Intersection,No fue interseccion,Sobre el lado de la calle,Ninguna,Dia total,Despejado,No,NO APLICA,11,14,11,24,1,17/09/2022,5
41,Oregon,410374,0,0,1,0,47,MARION (47),1810,SALEM,9,Septiembre,17,2022,4,6,HYACINTH ST NE,6,Calle Local Municipalidad,Urbano,Arteria Menor,City or Municipal Highway Agency,0,Sin jurisdiccion especial,0,44.97889167,-122.9928028,Poste de Señal de trafico,El primer evento no fue una colision con un vehiculo automotor en transporte,Not an Intersection,No fue interseccion,Sobre el lado de la calle,Ninguna,Oscuro con iluminacion,Despejado,No,NO APLICA,4,8,4,14,1,17/09/2022,1
41,Oregon,410375,0,0,2,0,29,JACKSON (29),0,NO APLICA,9,Septiembre,18,2022,14,31,SR-140 ODOT 270,3,Highway estatal,Rural,Arteria Principal,State Highway Agency,1,Sin jurisdiccion especial,176,42.412025,-122.5525167,Vehiculo en movimiento,Angulo,Not an Intersection,No fue interseccion,Sobre calle,Ninguna,Dia total,Despejado,No,NO APLICA,14,31,14,45,1,18/09/2022,3
41,Oregon,410377,2,2,1,0,7,CLATSOP (7),2180,WARRENTON,8,Agosto,3,2022,17,27,LAKE DR,6,Calle Local Municipalidad,Urbano,Local,City or Municipal Highway Agency,0,Sin jurisdiccion especial,0,46.20252778,-123.954425,Ciclista,El primer evento no fue una colision con un vehiculo automotor en transporte,Not an Intersection,No fue interseccion,Sobre Acotamiento,Ninguna,Dia total,Despejado,No,NO APLICA,17,33,17,55,1,03/08/2022,1
41,Oregon,410378,0,0,1,0,29,JACKSON (29),0,NO APLICA,8,Agosto,31,2022,2,30,CR-MEADOWS RD,4,Calle del Condado,Rural,Colector Mayor,County Highway Agency,0,Sin jurisdiccion especial,2,42.49886667,-122.9255667,Zanja,El primer evento no fue una colision con un vehiculo automotor en transporte,Not an Intersection,No fue interseccion,Sobre el lado de la calle,Ninguna,Oscuro sin iluminacion,Despejado,No,NO APLICA,2,45,2,55,1,31/08/2022,1
41,Oregon,410379,0,0,1,0,45,MALHEUR (45),0,NO APLICA,9,Septiembre,3,2022,18,38,US-20 ODOT 7,2,US Highway,Rural,Arteria Principal,State Highway Agency,1,Sin jurisdiccion especial,1957,43.79352778,-118.0052361,Zanja,El primer evento no fue una colision con un vehiculo automotor en transporte,Not an Intersection,No fue interseccion,Sobre el lado de la calle,Construccion,Dia total,Despejado,No,NO APLICA,18,38,19,25,1,03/09/2022,1
41,Oregon,410380,0,0,1,0,19,DOUGLAS (19),0,NO APLICA,9,Septiembre,18,2022,13,29,SR-38,3,Highway estatal,Rural,Arteria Principal,State Highway Agency,1,Sin jurisdiccion especial,535,43.69933056,-123.2830361,Acotamiento,El primer evento no fue una colision con un vehiculo automotor en transporte,Not an Intersection,No fue interseccion,Sobre el lado de la calle,Ninguna,Dia total,Nublado,No,NO APLICA,13,33,13,41,1,18/09/2022,2
41,Oregon,410382,0,0,1,0,35,KLAMATH (35),0,NO APLICA,9,Septiembre,18,2022,18,4,SR-140E,3,Highway estatal,Rural,Arteria Principal,State Highway Agency,1,Sin jurisdiccion especial,103,42.17421944,-121.6171972,Acotamiento,El primer evento no fue una colision con un vehiculo automotor en transporte,Not an Intersection,No fue interseccion,Sobre el lado de la calle,Ninguna,Dia total,Despejado,No,NO APLICA,18,5,18,14,1,18/09/2022,1
41,Oregon,410383,0,0,2,0,29,JACKSON (29),0,NO APLICA,8,Agosto,11,2022,15,35,CR-DODGE RD,4,Calle del Condado,Rural,Local,County Highway Agency,0,Sin jurisdiccion especial,9,42.52377778,-122.8724806,Vehiculo en movimiento,Angulo,Not an Intersection,No fue interseccion,Sobre calle,Ninguna,Dia total,Despejado,No,NO APLICA,15,42,15,51,1,11/08/2022,6
41,Oregon,410384,0,0,1,0,33,JOSEPHINE (33),0,NO APLICA,9,Septiembre,21,2022,16,1,US-199 ODOT 25,2,US Highway,Rural,Arteria Principal,State Highway Agency,1,Sin jurisdiccion especial,385,42.03805,-123.7209611,Arbol,El primer evento no fue una colision con un vehiculo automotor en transporte,Not an Intersection,No fue interseccion,Sobre el lado de la calle,Ninguna,Dia total,lluvia,No,NO APLICA,16,1,16,10,1,21/09/2022,1
41,Oregon,410386,0,0,2,0,71,YAMHILL (71),0,NO APLICA,9,Septiembre,21,2022,17,39,SR-219 ODOT 140,3,Highway estatal,Rural,Arteria Menor,State Highway Agency,0,Sin jurisdiccion especial,160,45.34570556,-122.9751444,Vehiculo en movimiento,Frente a frente,Not an Intersection,No fue interseccion,Sobre calle,Ninguna,Dia total,Despejado,No,NO APLICA,17,40,17,50,1,21/09/2022,4
41,Oregon,410387,1,1,1,0,17,DESCHUTES (17),190,BEND,9,Septiembre,21,2022,0,19,US-97 ODOT 4,2,US Highway,Urbano,Arteria Principal,State Highway Agency,1,Sin jurisdiccion especial,1364,44.07721944,-121.3033778,Peaton,El primer evento no fue una colision con un vehiculo automotor en transporte,Not an Intersection,No fue interseccion,Sobre calle,Ninguna,Oscuro sin iluminacion,lluvia,No,NO APLICA,99,99,99,99,1,21/09/2022,2
41,Oregon,410388,0,0,2,0,67,WASHINGTON (67),1000,HILLSBORO,9,Septiembre,22,2022,19,40,NW 185TH AVE,6,Calle Local Municipalidad,Urbano,Arteria Principal,City or Municipal Highway Agency,1,Sin jurisdiccion especial,0,45.53125278,-122.8675444,Vehiculo en movimiento,Angulo,T-Intersection,Interseccion de T,Sobre calle,Ninguna,Oscuro con iluminacion,Despejado,No,NO APLICA,99,99,99,99,2,22/09/2022,3
41,Oregon,410389,0,0,2,0,47,MARION (47),1810,SALEM,9,Septiembre,23,2022,14,8,LIBERTY RD S,6,Calle Local Municipalidad,Urbano,Arteria Menor,City or Municipal Highway Agency,0,Sin jurisdiccion especial,0,44.89753611,-123.0544806,Vehiculo en movimiento,Angulo,Four-Way Intersection,Interseccion de 4 direcciones,Sobre calle,Ninguna,Dia total,Despejado,No,NO APLICA,14,8,14,16,1,23/09/2022,2
41,Oregon,410390,0,0,2,0,47,MARION (47),0,NO APLICA,9,Septiembre,23,2022,15,39,SR-551 ODOT 51,3,Highway estatal,Rural,Arteria Menor,State Highway Agency,0,Sin jurisdiccion especial,47,45.2135,-122.7775889,Vehiculo en movimiento,Frente a frente,Not an Intersection,No fue interseccion,Sobre calle,Ninguna,Dia total,Despejado,No,NO APLICA,15,43,15,51,1,23/09/2022,2
41,Oregon,410391,0,0,2,0,27,HOOD RIVER (27),0,NO APLICA,9,Septiembre,24,2022,17,41,I-84,1,Interestatal,Rural,Interestatal,State Highway Agency,1,Sin jurisdiccion especial,515,45.69065,-121.7585444,Vehiculo en movimiento,Frente a Detrás,Not an Intersection,No fue interseccion,Sobre calle,Ninguna,Dia total,Despejado,No,NO APLICA,17,43,18,1,1,24/09/2022,3
41,Oregon,410392,0,0,4,0,51,MULTNOMAH (51),880,GRESHAM,9,Septiembre,23,2022,16,19,I-84,1,Interestatal,Urbano,Interestatal,State Highway Agency,1,Sin jurisdiccion especial,120,45.54245556,-122.4952944,Vehiculo en movimiento,Frente a Detrás,Not an Intersection,No fue interseccion,Sobre calle,Ninguna,Dia total,Despejado,No,NO APLICA,16,20,17,20,1,23/09/2022,5
41,Oregon,410393,0,0,2,0,39,LANE (39),0,NO APLICA,9,Septiembre,24,2022,13,25,CR-CAMP CREEK RD,4,Calle del Condado,Rural,Colector Mayor,County Highway Agency,0,Sin jurisdiccion especial,20,44.07386111,-122.9287778,Vehiculo en movimiento,Frente a frente,Not an Intersection,No fue interseccion,Sobre calle,Ninguna,Dia total,Despejado,No,NO APLICA,13,25,13,31,1,24/09/2022,2
41,Oregon,410394,0,0,2,0,39,LANE (39),690,FLORENCE,9,Septiembre,24,2022,14,39,SR-126 ODOT 62,3,Highway estatal,Urbano,Arteria Principal,State Highway Agency,1,Sin jurisdiccion especial,1,43.97463611,-124.1011556,Vehiculo en movimiento,Angulo,Four-Way Intersection,Interseccion de 4 direcciones,Sobre calle,Ninguna,Dia total,Despejado,No,NO APLICA,14,41,14,43,1,24/09/2022,4
41,Oregon,410395,0,0,1,0,51,MULTNOMAH (51),1650,PORTLAND,9,Septiembre,24,2022,2,38,NE 33RD AVE,6,Calle Local Municipalidad,Urbano,Arteria Menor,City or Municipal Highway Agency,0,Sin jurisdiccion especial,0,45.54586111,-122.6308167,Arbol,El primer evento no fue una colision con un vehiculo automotor en transporte,Not an Intersection,No fue interseccion,Sobre el lado de la calle,Ninguna,Oscuro sin iluminacion,Despejado,No,NO APLICA,2,39,2,47,1,24/09/2022,2
41,Oregon,410397,1,1,1,0,3,BENTON (3),420,CORVALLIS,9,Septiembre,27,2022,21,12,SR-99 ODOT 91,3,Highway estatal,Urbano,Arteria Principal,State Highway Agency,1,Sin jurisdiccion especial,820,44.58525556,-123.2549306,Peaton,El primer evento no fue una colision con un vehiculo automotor en transporte,Not an Intersection,No fue interseccion,Sobre calle,Ninguna,Oscuro sin iluminacion,Despejado,No,NO APLICA,21,13,21,17,1,27/09/2022,1
41,Oregon,410398,1,1,1,0,39,LANE (39),660,EUGENE,9,Septiembre,27,2022,22,20,I-105,1,Interestatal,Urbano,Interestatal,State Highway Agency,1,Sin jurisdiccion especial,33,44.06260833,-123.0524556,Peaton,El primer evento no fue una colision con un vehiculo automotor en transporte,Not an Intersection,No fue interseccion,Sobre calle,Ninguna,Oscuro con iluminacion,Despejado,No,NO APLICA,88,88,88,88,1,27/09/2022,1
41,Oregon,410399,0,0,2,0,5,CLACKAMAS (5),0,NO APLICA,9,Septiembre,27,2022,10,0,CR-SW WILSONVILLE RD,4,Calle del Condado,Rural,Arteria Menor,County Highway Agency,0,Sin jurisdiccion especial,31,45.28855556,-122.8179583,Vehiculo en movimiento,Angulo,Not an Intersection,No fue interseccion,Sobre calle,Ninguna,Dia total,Despejado,No,NO APLICA,99,99,99,99,1,27/09/2022,2
41,Oregon,410400,1,1,1,0,47,MARION (47),1810,SALEM,9,Septiembre,28,2022,5,8,SUNNYVIEW RD NE,6,Calle Local Municipalidad,Urbano,Arteria Menor,City or Municipal Highway Agency,0,Sin jurisdiccion especial,0,44.95395278,-122.9826667,Peaton,El primer evento no fue una colision con un vehiculo automotor en transporte,Not an Intersection,No fue interseccion,Sobre calle,Ninguna,Oscuro con iluminacion,No reportado,No,NO APLICA,5,8,5,13,1,28/09/2022,1
41,Oregon,410401,0,0,2,0,17,DESCHUTES (17),0,NO APLICA,9,Septiembre,29,2022,19,36,US-97 ODOT 4,2,US Highway,Urbano,Arteria Principal,State Highway Agency,1,Sin jurisdiccion especial,1177,44.32371389,-121.1748083,Vehiculo en movimiento,Frente a frente,Not an Intersection,No fue interseccion,Sobre calle,Ninguna,Oscuro sin iluminacion,Despejado,No,NO APLICA,19,37,19,44,1,29/09/2022,2
41,Oregon,410402,1,1,1,0,19,DOUGLAS (19),0,NO APLICA,9,Septiembre,29,2022,14,15,US-101 ODOT 9,2,US Highway,Rural,Arteria Principal,State Highway Agency,1,Sin jurisdiccion especial,2092,43.73262222,-124.1114556,Ciclista,El primer evento no fue una colision con un vehiculo automotor en transporte,Not an Intersection,No fue interseccion,Reportado como desconocida,Ninguna,Dia total,Nublado,No,NO APLICA,14,21,14,30,1,29/09/2022,1
41,Oregon,410403,0,0,1,0,47,MARION (47),0,NO APLICA,9,Septiembre,30,2022,12,51,I-5,1,Interestatal,Urbano,Interestatal,State Highway Agency,1,Sin jurisdiccion especial,2713,45.14546389,-122.8860222,Valla Ferrocarril,El primer evento no fue una colision con un vehiculo automotor en transporte,Not an Intersection,No fue interseccion,Sobre el lado de la calle,Ninguna,Dia total,Nublado,No,NO APLICA,12,51,13,8,1,30/09/2022,1
41,Oregon,410404,0,0,2,0,57,TILLAMOOK (57),0,NO APLICA,9,Septiembre,29,2022,17,27,US-101 ODOT 9,2,US Highway,Rural,Arteria Principal,State Highway Agency,1,Sin jurisdiccion especial,696,45.40681944,-123.8211444,Vehiculo en movimiento,Angulo,T-Intersection,Interseccion de T,Sobre calle,Ninguna,Dia total,Despejado,No,NO APLICA,17,27,17,32,1,29/09/2022,2
41,Oregon,410405,1,1,1,0,51,MULTNOMAH (51),1650,PORTLAND,9,Septiembre,29,2022,23,46,NE 122ND AVE,6,Calle Local Municipalidad,Urbano,Arteria Menor,City or Municipal Highway Agency,0,Sin jurisdiccion especial,0,45.55179167,-122.5371833,Peaton,El primer evento no fue una colision con un vehiculo automotor en transporte,Four-Way Intersection,Interseccion de 4 direcciones,Sobre calle,Ninguna,Oscuro con iluminacion,Nublado,No,NO APLICA,23,50,23,56,1,29/09/2022,1
41,Oregon,410406,0,0,2,0,39,LANE (39),0,NO APLICA,9,Septiembre,30,2022,18,9,SR-126E ODOT 15,3,Highway estatal,Rural,Arteria Principal,State Highway Agency,1,Sin jurisdiccion especial,501,44.17575278,-122.1668083,Vehiculo en movimiento,Frente a Detrás,Not an Intersection,No fue interseccion,Sobre calle,Ninguna,Atardecer,Despejado,No,NO APLICA,18,9,18,13,1,30/09/2022,4
41,Oregon,410407,0,0,2,0,47,MARION (47),0,NO APLICA,9,Septiembre,30,2022,0,45,I-5,1,Interestatal,Rural,Interestatal,State Highway Agency,1,Sin jurisdiccion especial,2789,45.23754722,-122.8044861,Vehiculo en movimiento,Frente a frente,Not an Intersection,No fue interseccion,Sobre calle,Ninguna,Oscuro con iluminacion,Nublado,No,NO APLICA,0,48,0,51,1,30/09/2022,3
41,Oregon,410408,1,1,1,0,51,MULTNOMAH (51),1650,PORTLAND,9,Septiembre,30,2022,20,40,US-30 ODOT 123,2,US Highway,Urbano,Arteria Principal,State Highway Agency,1,Sin jurisdiccion especial,88,45.56844167,-122.6089389,Peaton,El primer evento no fue una colision con un vehiculo automotor en transporte,Not an Intersection,No fue interseccion,Sobre calle,Ninguna,Oscuro con iluminacion,Despejado,No,NO APLICA,20,43,20,50,1,30/09/2022,1
41,Oregon,410409,0,0,2,0,29,JACKSON (29),0,NO APLICA,9,Septiembre,30,2022,17,32,SR-234 ODOT 271,3,Highway estatal,Rural,Arteria Menor,State Highway Agency,0,Sin jurisdiccion especial,101,42.490775,-122.9449611,Vehiculo en movimiento,Angulo,T-Intersection,Interseccion de T,Sobre calle,Ninguna,Dia total,Despejado,No,NO APLICA,17,32,17,35,1,30/09/2022,2
41,Oregon,410410,0,0,1,0,39,LANE (39),0,NO APLICA,9,Septiembre,30,2022,22,49,CR-PARKWAY RD,4,Calle del Condado,Rural,Arteria Menor,County Highway Agency,0,Sin jurisdiccion especial,14,43.97966944,-122.9092083,Volcadura,El primer evento no fue una colision con un vehiculo automotor en transporte,Not an Intersection,No fue interseccion,Sobre el lado de la calle,Ninguna,Oscuro sin iluminacion,Despejado,No,NO APLICA,22,49,22,57,1,30/09/2022,1
41,Oregon,410411,0,0,2,0,47,MARION (47),0,NO APLICA,10,Octubre,2,2022,2,46,SR-99E ODOT 81,3,Highway estatal,Urbano,Arteria Menor,State Highway Agency,0,Sin jurisdiccion especial,366,45.09896667,-122.8977306,Vehiculo en movimiento,Frente a frente,Not an Intersection,No fue interseccion,Sobre calle,Ninguna,Oscuro sin iluminacion,Nublado,No,NO APLICA,2,46,2,54,3,02/10/2022,4
41,Oregon,410412,0,0,1,0,61,UNION (61),0,NO APLICA,10,Octubre,3,2022,0,5,I-84,1,Interestatal,Rural,Interestatal,State Highway Agency,1,Sin jurisdiccion especial,2701,45.22209722,-118.0147806,Acotamiento,El primer evento no fue una colision con un vehiculo automotor en transporte,Not an Intersection,No fue interseccion,Sobre el lado de la calle,Ninguna,Oscuro sin iluminacion,Despejado,No,NO APLICA,0,9,0,25,1,03/10/2022,3
41,Oregon,410413,0,0,2,0,47,MARION (47),0,NO APLICA,10,Octubre,3,2022,19,15,CR-GOLF CLUB RD SE,4,Calle del Condado,Urbano,Arteria Menor,County Highway Agency,0,Sin jurisdiccion especial,3,44.82361667,-122.8233694,Vehiculo en movimiento,Frente a frente,Not an Intersection,No fue interseccion,Sobre calle,Ninguna,Oscuro sin iluminacion,Despejado,No,NO APLICA,19,16,19,29,1,03/10/2022,2
41,Oregon,410414,0,0,1,0,47,MARION (47),0,NO APLICA,10,Octubre,3,2022,19,37,SR-22 ODOT 162,3,Highway estatal,Rural,Arteria Principal,State Highway Agency,1,Sin jurisdiccion especial,355,44.75787222,-122.3691194,Acotamiento,El primer evento no fue una colision con un vehiculo automotor en transporte,Not an Intersection,No fue interseccion,Sobre el lado de la calle,Ninguna,Oscuro sin iluminacion,Despejado,No,NO APLICA,19,37,19,47,1,03/10/2022,1
41,Oregon,410415,1,1,1,0,51,MULTNOMAH (51),1650,PORTLAND,10,Octubre,4,2022,11,47,US-26 ODOT 26,2,US Highway,Urbano,Arteria Principal,State Highway Agency,1,Sin jurisdiccion especial,20,45.49783333,-122.6395667,Ciclista,El primer evento no fue una colision con un vehiculo automotor en transporte,Four-Way Intersection,Interseccion de 4 direcciones,Sobre calle,Ninguna,Dia total,Nublado,No,NO APLICA,11,49,11,53,1,04/10/2022,1
41,Oregon,410416,0,0,1,0,51,MULTNOMAH (51),1650,PORTLAND,7,Julio,13,2022,23,34,E BURNSIDE ST,6,Calle Local Municipalidad,Urbano,Colector Mayor,City or Municipal Highway Agency,0,Sin jurisdiccion especial,0,45.52246667,-122.5344639,Poste,El primer evento no fue una colision con un vehiculo automotor en transporte,Not an Intersection,No fue interseccion,Sobre el lado de la calle,Ninguna,Oscuro con iluminacion,Despejado,No,NO APLICA,23,45,23,54,1,13/07/2022,2
41,Oregon,410417,0,0,2,0,35,KLAMATH (35),0,NO APLICA,10,Octubre,3,2022,20,58,US-97 ODOT 4,2,US Highway,Rural,Arteria Principal,State Highway Agency,1,Sin jurisdiccion especial,2583,42.43616667,-121.8655806,Vehiculo en movimiento,Angulo,Not an Intersection,No fue interseccion,Sobre calle,Ninguna,Oscuro sin iluminacion,Despejado,No,NO APLICA,20,58,21,9,2,03/10/2022,3
41,Oregon,410418,1,1,1,0,5,CLACKAMAS (5),0,NO APLICA,10,Octubre,4,2022,19,45,SR-99E ODOT 81,3,Highway estatal,Urbano,Arteria Principal,State Highway Agency,1,Sin jurisdiccion especial,82,45.41165556,-122.6284806,Peaton,El primer evento no fue una colision con un vehiculo automotor en transporte,Four-Way Intersection,Interseccion de 4 direcciones,Sobre calle,Ninguna,Oscuro con iluminacion,Nublado,No,NO APLICA,19,46,19,47,1,04/10/2022,1
41,Oregon,410419,0,0,1,0,39,LANE (39),0,NO APLICA,10,Octubre,5,2022,8,7,SR-58 ODOT 18,3,Highway estatal,Rural,Arteria Principal,State Highway Agency,1,Sin jurisdiccion especial,601,43.61544444,-122.0696778,Valla Ferrocarril,El primer evento no fue una colision con un vehiculo automotor en transporte,Not an Intersection,No fue interseccion,Sobre el lado de la calle,Construccion,Dia total,Despejado,No,NO APLICA,8,7,8,35,1,05/10/2022,1
41,Oregon,410420,0,0,1,0,29,JACKSON (29),0,NO APLICA,10,Octubre,5,2022,3,56,I-5,1,Interestatal,Rural,Interestatal,State Highway Agency,1,Sin jurisdiccion especial,25,42.039,-122.5987028,Zanja,El primer evento no fue una colision con un vehiculo automotor en transporte,Not an Intersection,No fue interseccion,En el medio,Ninguna,Oscuro sin iluminacion,Despejado,No,NO APLICA,3,56,4,13,1,05/10/2022,1
41,Oregon,410421,1,1,1,0,19,DOUGLAS (19),0,NO APLICA,10,Octubre,4,2022,8,58,CR-OLD HIGHWAY 99 SOUTH,4,Calle del Condado,Urbano,Arteria Principal,County Highway Agency,1,Sin jurisdiccion especial,15,43.17138333,-123.3630139,Peaton,El primer evento no fue una colision con un vehiculo automotor en transporte,Not an Intersection,No fue interseccion,Sobre Acotamiento,Ninguna,Dia total,Neblina o Humo,No,NO APLICA,8,59,9,8,1,04/10/2022,1
41,Oregon,410422,0,0,2,0,51,MULTNOMAH (51),1650,PORTLAND,10,Octubre,5,2022,19,5,SE MORRISON ST,6,Calle Local Municipalidad,Urbano,Arteria Menor,City or Municipal Highway Agency,0,Sin jurisdiccion especial,0,45.51729722,-122.6597167,Vehiculo en movimiento,Angulo,Four-Way Intersection,Interseccion de 4 direcciones,Sobre calle,Ninguna,Oscuro con iluminacion,Nublado,No,NO APLICA,19,6,19,13,1,05/10/2022,3
41,Oregon,410423,0,0,2,0,65,WASCO (65),0,NO APLICA,10,Octubre,7,2022,17,21,US-97 ODOT 2,2,US Highway,Rural,Arteria Principal,State Highway Agency,1,Sin jurisdiccion especial,630,44.97783333,-120.8662472,Vehiculo en movimiento,Frente a Detrás,Not an Intersection,No fue interseccion,Sobre calle,Ninguna,Dia total,Despejado,No,NO APLICA,17,21,17,32,1,07/10/2022,2
41,Oregon,410424,0,0,1,0,33,JOSEPHINE (33),0,NO APLICA,10,Octubre,9,2022,2,55,CR-LAUREL RD,4,Calle del Condado,Rural,Colector Mayor,County Highway Agency,0,Sin jurisdiccion especial,12,42.16715278,-123.630125,Arbol,El primer evento no fue una colision con un vehiculo automotor en transporte,Not an Intersection,No fue interseccion,Sobre el lado de la calle,Ninguna,Oscuro sin iluminacion,Despejado,No,NO APLICA,2,55,3,0,1,09/10/2022,1
41,Oregon,410425,0,0,3,0,47,MARION (47),1810,SALEM,10,Octubre,8,2022,18,0,SILVERTON RD NE,6,Calle Local Municipalidad,Urbano,Arteria Principal,City or Municipal Highway Agency,1,Sin jurisdiccion especial,0,44.96662222,-122.9986139,Vehiculo en movimiento,Angulo,T-Intersection,Interseccion de T,Sobre calle,Ninguna,Atardecer,Despejado,No,NO APLICA,18,56,18,59,1,08/10/2022,4
41,Oregon,410426,0,0,2,0,35,KLAMATH (35),0,NO APLICA,10,Octubre,13,2022,2,35,US-97 ODOT 4,2,US Highway,Rural,Arteria Principal,State Highway Agency,1,Sin jurisdiccion especial,2353,42.75862778,-121.8377806,Vehiculo en movimiento,Frente a frente,Not an Intersection,No fue interseccion,Sobre calle,Ninguna,Oscuro sin iluminacion,Despejado,No,NO APLICA,2,36,2,58,1,13/10/2022,2
41,Oregon,410427,1,1,1,0,3,BENTON (3),0,NO APLICA,10,Octubre,13,2022,22,18,US-20 ODOT 31,2,US Highway,Rural,Arteria Principal,State Highway Agency,1,Sin jurisdiccion especial,63,44.63562222,-123.183825,Peaton,El primer evento no fue una colision con un vehiculo automotor en transporte,Not an Intersection,No fue interseccion,Sobre calle,Construccion,Oscuro sin iluminacion,Despejado,No,NO APLICA,22,18,22,30,1,13/10/2022,1
41,Oregon,410428,2,2,2,1,29,JACKSON (29),0,NO APLICA,10,Octubre,11,2022,16,9,SR-62 ODOT 22,3,Highway estatal,Rural,Arteria Menor,State Highway Agency,0,Sin jurisdiccion especial,128,42.51307222,-122.8119,Peaton,El primer evento no fue una colision con un vehiculo automotor en transporte,Not an Intersection,No fue interseccion,Sobre Acotamiento,Ninguna,Dia total,Despejado,No,NO APLICA,16,9,16,15,1,11/10/2022,1
41,Oregon,410429,0,0,2,0,47,MARION (47),0,NO APLICA,10,Octubre,13,2022,20,25,CR-CORDON RD NE,4,Calle del Condado,Urbano,Arteria Principal,County Highway Agency,1,Sin jurisdiccion especial,36,44.94722222,-122.9585556,Vehiculo en movimiento,Frente a frente,Not an Intersection,No fue interseccion,Sobre calle,Ninguna,Oscuro sin iluminacion,Nublado,No,NO APLICA,20,25,20,34,1,13/10/2022,2
41,Oregon,410430,0,0,1,0,51,MULTNOMAH (51),0,NO APLICA,10,Octubre,13,2022,1,44,CR-SE ORIENT DR,4,Calle del Condado,Urbano,Arteria Menor,County Highway Agency,0,Sin jurisdiccion especial,0,45.46725556,-122.3532333,Zanja,El primer evento no fue una colision con un vehiculo automotor en transporte,Not an Intersection,No fue interseccion,Sobre el lado de la calle,Ninguna,Oscuro sin iluminacion,Despejado,No,NO APLICA,1,44,2,0,1,13/10/2022,2
41,Oregon,410431,0,0,2,0,47,MARION (47),0,NO APLICA,10,Octubre,14,2022,20,57,CR-MARION RD SE,4,Calle del Condado,Urbano,Arteria Menor,County Highway Agency,0,Sin jurisdiccion especial,72,44.83900556,-122.9378778,Vehiculo en movimiento,Frente a frente,Not an Intersection,No fue interseccion,Sobre calle,Ninguna,Oscuro sin iluminacion,Nublado,No,NO APLICA,20,57,21,15,1,14/10/2022,2
41,Oregon,410432,0,0,1,0,33,JOSEPHINE (33),0,NO APLICA,10,Octubre,8,2022,17,56,CR-LAKESHORE DR,4,Calle del Condado,Rural,Colector Mayor,County Highway Agency,0,Sin jurisdiccion especial,38,42.26486667,-123.5542306,Zanja,El primer evento no fue una colision con un vehiculo automotor en transporte,T-Intersection,Interseccion de T,Sobre el lado de la calle,Ninguna,No reportada,No reportado,No,NO APLICA,17,56,18,12,1,08/10/2022,1
41,Oregon,410433,0,0,3,0,45,MALHEUR (45),0,NO APLICA,10,Octubre,15,2022,23,13,I-84,1,Interestatal,Urbano,Interestatal,State Highway Agency,1,Sin jurisdiccion especial,3778,44.0095,-116.9421167,Vehiculo en movimiento,Frente a Detrás,Not an Intersection,No fue interseccion,Sobre calle,Ninguna,Oscuro sin iluminacion,Despejado,No,NO APLICA,23,14,23,22,2,15/10/2022,5
41,Oregon,410434,0,0,2,0,65,WASCO (65),0,NO APLICA,10,Octubre,15,2022,13,1,US-26 ODOT 53,2,US Highway,Rural,Arteria Principal,State Highway Agency,1,Sin jurisdiccion especial,775,45.06720278,-121.5246333,Vehiculo en movimiento,Frente a frente,Not an Intersection,No fue interseccion,Sobre calle,Ninguna,Dia total,Despejado,No,NO APLICA,13,8,13,33,2,15/10/2022,2