Estado,Nombre de Estado,Numero de Caso,Peatones,Personas _no_vehiculos,Vehiculos automotores,Vehiculos estacionados,Condado,Nombre Condado,Ciudad,Nombre Ciudad,Mes,Nombre Mes,Dia,Año,Hora,Minuto,Calle,Ruta,Nombre Ruta,Rural o Urbanoo,Sistema Funcional,Dueño Calle,Sistema Nacional Carreteras,Jurisdiccion Especial,Milla,Latitud,Longitud,Causa del Accidente,Tipo de Accidente,Tipo Interseccion,Columna1,Lugar en la calle,Zona de Trabajo,Luz,Clima,Autobus Escolar,Cruce de Trenes,Hora Notificacion,Minuto Notificacion,Hora Llegada,Minuto Llegada,Decesos,Fecha,PersonaVehiculo
41,Oregon,410435,1,1,1,0,45,MALHEUR (45),0,NO APLICA,10,Octubre,16,2022,21,49,US-20 ODOT 7,2,US Highway,Rural,Arteria Principal,State Highway Agency,1,Sin jurisdiccion especial,2542,43.98878333,-117.0857278,Peaton,El primer evento no fue una colision con un vehiculo automotor en transporte,Not an Intersection,No fue interseccion,Sobre calle,Ninguna,Oscuro sin iluminacion,Despejado,No,NO APLICA,21,49,21,58,1,16/10/2022,2
41,Oregon,410436,1,1,1,0,5,CLACKAMAS (5),0,NO APLICA,10,Octubre,17,2022,23,20,US-26 ODOT 26,2,US Highway,Rural,Arteria Principal,State Highway Agency,1,Sin jurisdiccion especial,318,45.37243889,-122.12415,Peaton,El primer evento no fue una colision con un vehiculo automotor en transporte,Not an Intersection,No fue interseccion,Sobre calle,Ninguna,No reportada,No reportado,No,NO APLICA,23,20,23,35,1,17/10/2022,1
41,Oregon,410437,0,0,1,0,35,KLAMATH (35),0,NO APLICA,9,Septiembre,7,2022,22,30,CR-CRESCENT CUTOFF RD,4,Calle del Condado,Rural,Colector Mayor,County Highway Agency,0,Sin jurisdiccion especial,61,43.47460278,-121.8118111,Arbol,El primer evento no fue una colision con un vehiculo automotor en transporte,Not an Intersection,No fue interseccion,Sobre el lado de la calle,Ninguna,Oscuro sin iluminacion,Despejado,No,NO APLICA,22,45,23,0,1,07/09/2022,1
41,Oregon,410438,0,0,2,0,67,WASHINGTON (67),2100,TUALATIN,9,Septiembre,13,2022,20,26,SW NYBERG ST,6,Calle Local Municipalidad,Urbano,Arteria Menor,County Highway Agency,0,Sin jurisdiccion especial,0,45.38270833,-122.7451333,Vehiculo en movimiento,Angulo,T-Intersection,Interseccion de T,Sobre calle,Ninguna,Oscuro con iluminacion,Despejado,No,NO APLICA,99,99,99,99,1,13/09/2022,2
41,Oregon,410439,1,1,1,0,51,MULTNOMAH (51),1650,PORTLAND,9,Septiembre,14,2022,21,56,W BURNSIDE ST,6,Calle Local Municipalidad,Urbano,Arteria Menor,City or Municipal Highway Agency,0,Sin jurisdiccion especial,0,45.52336944,-122.6973111,Peaton,El primer evento no fue una colision con un vehiculo automotor en transporte,Not an Intersection,No fue interseccion,Sobre calle,Ninguna,Oscuro con iluminacion,Nublado,No,NO APLICA,21,57,22,3,1,14/09/2022,1
41,Oregon,410441,0,0,1,0,5,CLACKAMAS (5),0,NO APLICA,10,Octubre,18,2022,20,45,SR-211 ODOT 1661,3,Highway estatal,Rural,Arteria Menor,State Highway Agency,0,Sin jurisdiccion especial,88,45.14995278,-122.65545,Acotamiento,El primer evento no fue una colision con un vehiculo automotor en transporte,Not an Intersection,No fue interseccion,Sobre el lado de la calle,Ninguna,Oscuro sin iluminacion,Despejado,No,NO APLICA,20,46,20,54,1,18/10/2022,3
41,Oregon,410442,0,0,5,0,17,DESCHUTES (17),190,BEND,10,Octubre,19,2022,21,28,US-97 ODOT 4,2,US Highway,Urbano,Arteria Principal,State Highway Agency,1,Sin jurisdiccion especial,1395,44.03489167,-121.3123528,Vehiculo en movimiento,Golpe Lateral - misma direccion,Not an Intersection,No fue interseccion,Sobre calle,Ninguna,Oscuro sin iluminacion,No reportado,No,NO APLICA,99,99,99,99,1,19/10/2022,5
41,Oregon,410443,0,0,3,0,43,LINN (43),0,NO APLICA,10,Octubre,19,2022,7,44,I-5,1,Interestatal,Rural,Interestatal,State Highway Agency,1,Sin jurisdiccion especial,2122,44.32558889,-123.0612583,Vehiculo en movimiento,Golpe Lateral - misma direccion,Not an Intersection,No fue interseccion,Sobre calle,Ninguna,Dia total,Neblina o Humo,No,NO APLICA,99,99,99,99,1,19/10/2022,3
41,Oregon,410444,0,0,4,0,43,LINN (43),0,NO APLICA,10,Octubre,19,2022,14,10,I-5,1,Interestatal,Rural,Interestatal,State Highway Agency,1,Sin jurisdiccion especial,2185,44.41685278,-123.0615722,Vehiculo en movimiento,Frente a Detrás,Not an Intersection,No fue interseccion,Sobre calle,Ninguna,Dia total,Despejado,No,NO APLICA,99,99,99,99,1,19/10/2022,4
41,Oregon,410445,0,0,1,0,51,MULTNOMAH (51),1650,PORTLAND,10,Octubre,20,2022,22,2,NE MARINE DR,6,Calle Local Municipalidad,Urbano,Colector Mayor,City or Municipal Highway Agency,0,Sin jurisdiccion especial,0,45.59635833,-122.5950472,Acotamiento,El primer evento no fue una colision con un vehiculo automotor en transporte,Not an Intersection,No fue interseccion,Sobre el lado de la calle,Ninguna,Oscuro sin iluminacion,Despejado,No,NO APLICA,22,34,99,99,1,20/10/2022,1
41,Oregon,410446,0,0,2,0,51,MULTNOMAH (51),0,NO APLICA,10,Octubre,20,2022,12,20,CR-SE ORIENT DR,4,Calle del Condado,Urbano,Arteria Menor,County Highway Agency,0,Sin jurisdiccion especial,0,45.47134444,-122.3706472,Vehiculo en movimiento,Angulo,Not an Intersection,No fue interseccion,Sobre calle,Ninguna,Dia total,Despejado,No,NO APLICA,12,20,12,26,1,20/10/2022,2
41,Oregon,410447,1,1,1,0,39,LANE (39),0,NO APLICA,10,Octubre,21,2022,4,48,SR-99S ODOT 227,3,Highway estatal,Rural,Colector Mayor,State Highway Agency,0,Sin jurisdiccion especial,32,43.95371111,-123.0120722,Peaton,El primer evento no fue una colision con un vehiculo automotor en transporte,Not an Intersection,No fue interseccion,Sobre calle,Ninguna,Oscuro sin iluminacion,Nublado,No,NO APLICA,4,48,4,51,1,21/10/2022,1
41,Oregon,410448,0,0,1,0,19,DOUGLAS (19),0,NO APLICA,10,Octubre,22,2022,12,41,I-5,1,Interestatal,Rural,Interestatal,State Highway Agency,1,Sin jurisdiccion especial,1478,43.53115278,-123.2994139,Acotamiento,El primer evento no fue una colision con un vehiculo automotor en transporte,Not an Intersection,No fue interseccion,Sobre el lado de la calle,Ninguna,Dia total,lluvia,No,NO APLICA,12,41,12,54,1,22/10/2022,1
41,Oregon,410449,1,1,1,0,59,UMATILLA (59),0,NO APLICA,10,Octubre,23,2022,1,33,US-395A ODOT 28,2,US Highway,Urbano,Arteria Principal,State Highway Agency,1,Sin jurisdiccion especial,90,45.80432222,-119.2399167,Peaton,El primer evento no fue una colision con un vehiculo automotor en transporte,Not an Intersection,No fue interseccion,Sobre calle,Ninguna,Oscuro sin iluminacion,No reportado,No,NO APLICA,1,37,1,45,1,23/10/2022,1
41,Oregon,410450,0,0,1,0,5,CLACKAMAS (5),0,NO APLICA,10,Octubre,23,2022,17,12,CR-S DRYLAND RD,4,Calle del Condado,Rural,Colector Mayor,County Highway Agency,0,Sin jurisdiccion especial,52,45.182025,-122.6609472,Arbol,El primer evento no fue una colision con un vehiculo automotor en transporte,Not an Intersection,No fue interseccion,Sobre el lado de la calle,Ninguna,Atardecer,Nublado,No,NO APLICA,17,15,17,23,2,23/10/2022,3
41,Oregon,410451,0,0,1,0,71,YAMHILL (71),0,NO APLICA,10,Octubre,24,2022,8,51,SR-154 ODOT 154,3,Highway estatal,Rural,Colector Mayor,State Highway Agency,0,Sin jurisdiccion especial,48,45.14345278,-123.1150028,Acotamiento,El primer evento no fue una colision con un vehiculo automotor en transporte,Not an Intersection,No fue interseccion,Sobre el lado de la calle,Ninguna,Oscuro sin iluminacion,lluvia,No,NO APLICA,8,52,9,1,1,24/10/2022,1
41,Oregon,410452,0,0,2,0,65,WASCO (65),0,NO APLICA,10,Octubre,26,2022,14,14,US-30 ODOT 100,2,US Highway,Rural,Colector Menor,State Highway Agency,0,Sin jurisdiccion especial,651,45.67598889,-121.2946306,Vehiculo en movimiento,Frente a frente,Not an Intersection,No fue interseccion,Sobre calle,Ninguna,Dia total,Despejado,No,NO APLICA,14,14,14,35,1,26/10/2022,3
41,Oregon,410453,1,1,1,0,51,MULTNOMAH (51),1650,PORTLAND,10,Octubre,26,2022,4,55,N INTERSTATE AVE,6,Calle Local Municipalidad,Urbano,Arteria Menor,City or Municipal Highway Agency,1,Sin jurisdiccion especial,0,45.54324722,-122.6773361,Peaton,El primer evento no fue una colision con un vehiculo automotor en transporte,Not an Intersection,No fue interseccion,Sobre calle,Ninguna,Oscuro con iluminacion,Nublado,No,NO APLICA,99,99,99,99,1,26/10/2022,1
41,Oregon,410454,0,0,2,1,3,BENTON (3),0,NO APLICA,10,Octubre,27,2022,11,48,CR-ALPINE RD,4,Calle del Condado,Rural,Colector Mayor,County Highway Agency,0,Sin jurisdiccion especial,37,44.32916944,-123.35825,Vehiculo Aparcado,El primer evento no fue una colision con un vehiculo automotor en transporte,Not an Intersection,No fue interseccion,Sobre Acotamiento,Construccion,Dia total,Despejado,No,NO APLICA,99,99,99,99,1,27/10/2022,1
41,Oregon,410455,0,0,2,0,67,WASHINGTON (67),1000,HILLSBORO,10,Octubre,19,2022,17,59,NE CORNELIUS PASS RD,6,Calle Local Municipalidad,Urbano,Arteria Menor,City or Municipal Highway Agency,0,Sin jurisdiccion especial,0,45.53190278,-122.8996139,Vehiculo en movimiento,Angulo,T-Intersection,Interseccion de T,Sobre calle,Ninguna,Dia total,Despejado,No,NO APLICA,18,0,18,3,1,19/10/2022,2
41,Oregon,410456,1,1,1,0,29,JACKSON (29),1310,MEDFORD,10,Octubre,31,2022,21,11,HAPPY VALLEY DR,6,Calle Local Municipalidad,Urbano,Local,City or Municipal Highway Agency,0,Sin jurisdiccion especial,0,42.29955556,-122.8861139,Peaton,El primer evento no fue una colision con un vehiculo automotor en transporte,Not an Intersection,No fue interseccion,Sobre calle,Ninguna,Oscuro con iluminacion,Nublado,No,NO APLICA,21,12,21,18,1,31/10/2022,1
41,Oregon,410457,1,1,1,0,67,WASHINGTON (67),1000,HILLSBORO,10,Octubre,31,2022,13,55,SR-8 ODOT 29,3,Highway estatal,Urbano,Arteria Principal,State Highway Agency,1,Sin jurisdiccion especial,132,45.51891667,-122.9904222,Ciclista,El primer evento no fue una colision con un vehiculo automotor en transporte,Not an Intersection,No fue interseccion,Sobre calle,Ninguna,Dia total,lluvia,No,NO APLICA,99,99,99,99,1,31/10/2022,1
41,Oregon,410458,1,1,1,0,47,MARION (47),0,NO APLICA,11,Noviembre,1,2022,0,48,CR-CORDON RD NE,4,Calle del Condado,Urbano,Arteria Principal,County Highway Agency,1,Sin jurisdiccion especial,27,44.934025,-122.9590389,Peaton,El primer evento no fue una colision con un vehiculo automotor en transporte,Not an Intersection,No fue interseccion,Sobre calle,Ninguna,Oscuro sin iluminacion,lluvia,No,NO APLICA,0,48,0,51,1,01/11/2022,2
41,Oregon,410459,1,1,1,0,35,KLAMATH (35),1170,KLAMATH FALLS,10,Octubre,10,2022,19,22,US-97 ODOT 4,2,US Highway,Urbano,Arteria Principal,State Highway Agency,1,Sin jurisdiccion especial,2725,42.25371389,-121.7967917,Peaton,El primer evento no fue una colision con un vehiculo automotor en transporte,Not an Intersection,No fue interseccion,Sobre calle,Ninguna,Oscuro con iluminacion,Despejado,No,NO APLICA,19,22,19,26,1,10/10/2022,1
41,Oregon,410460,1,1,1,0,5,CLACKAMAS (5),1580,OREGON CITY,10,Octubre,28,2022,21,34,HOLCOMB BLVD,6,Calle Local Municipalidad,Urbano,Arteria Menor,City or Municipal Highway Agency,0,Sin jurisdiccion especial,0,45.36626667,-122.5797361,Peaton,El primer evento no fue una colision con un vehiculo automotor en transporte,T-Intersection,Interseccion de T,Sobre calle,Ninguna,Oscuro sin iluminacion,lluvia,No,NO APLICA,21,34,21,40,1,28/10/2022,2
41,Oregon,410461,1,1,1,0,5,CLACKAMAS (5),0,NO APLICA,11,Noviembre,3,2022,6,34,US-26 ODOT 26,2,US Highway,Rural,Arteria Principal,State Highway Agency,1,Sin jurisdiccion especial,282,45.37438611,-122.1982111,Peaton,El primer evento no fue una colision con un vehiculo automotor en transporte,Not an Intersection,No fue interseccion,Sobre calle,Ninguna,Oscuro sin iluminacion,Nublado,No,NO APLICA,99,99,99,99,1,03/11/2022,1
41,Oregon,410462,0,0,1,0,67,WASHINGTON (67),0,NO APLICA,11,Noviembre,3,2022,11,4,SR-47 ODOT 102,3,Highway estatal,Rural,Arteria Principal,State Highway Agency,1,Sin jurisdiccion especial,868,45.56586389,-123.105925,Zanja,El primer evento no fue una colision con un vehiculo automotor en transporte,Not an Intersection,No fue interseccion,Sobre el lado de la calle,Ninguna,Dia total,No reportado,No,NO APLICA,11,4,11,17,1,03/11/2022,1
41,Oregon,410463,0,0,2,1,47,MARION (47),1810,SALEM,11,Noviembre,3,2022,22,40,HAWTHORNE AVE NE,6,Calle Local Municipalidad,Urbano,Arteria Menor,City or Municipal Highway Agency,0,Sin jurisdiccion especial,0,44.96705556,-122.9909861,Poste de Señal de trafico,El primer evento no fue una colision con un vehiculo automotor en transporte,Not an Intersection,No fue interseccion,Sobre el lado de la calle,Ninguna,Oscuro sin iluminacion,lluvia,No,NO APLICA,23,38,23,50,1,03/11/2022,3
41,Oregon,410464,0,0,2,0,7,CLATSOP (7),0,NO APLICA,11,Noviembre,4,2022,11,28,US-30 ODOT 92,2,US Highway,Rural,Arteria Principal,State Highway Agency,1,Sin jurisdiccion especial,886,46.16977222,-123.715325,Vehiculo en movimiento,Frente a frente,Not an Intersection,No fue interseccion,Sobre calle,Ninguna,Dia total,lluvia,No,NO APLICA,11,31,11,37,1,04/11/2022,3
41,Oregon,410465,0,0,2,0,67,WASHINGTON (67),0,NO APLICA,11,Noviembre,4,2022,15,39,US-26 ODOT 47,2,US Highway,Rural,Arteria Principal,State Highway Agency,1,Sin jurisdiccion especial,527,45.62015278,-123.0755361,Vehiculo en movimiento,Frente a frente,Not an Intersection,No fue interseccion,Sobre calle,Ninguna,Dia total,lluvia,No,NO APLICA,15,35,15,40,1,04/11/2022,2
41,Oregon,410466,0,0,1,0,11,COOS (11),1510,NORTH BEND,11,Noviembre,4,2022,20,28,US-101 ODOT 9,2,US Highway,Urbano,Arteria Principal,State Highway Agency,1,Sin jurisdiccion especial,2355,43.40545,-124.2231306,Edificio,El primer evento no fue una colision con un vehiculo automotor en transporte,Not an Intersection,No fue interseccion,Sobre el lado de la calle,Ninguna,Oscuro sin iluminacion,lluvia,No,NO APLICA,20,32,20,37,1,04/11/2022,1
41,Oregon,410467,1,1,1,0,53,POLK (53),0,NO APLICA,9,Septiembre,23,2022,8,52,CR-ORCHARD KNOB RD,4,Calle del Condado,Rural,Local,County Highway Agency,0,Sin jurisdiccion especial,18,44.95071944,-123.3169639,Peaton,El primer evento no fue una colision con un vehiculo automotor en transporte,Not an Intersection,No fue interseccion,Sobre Acotamiento,Ninguna,Dia total,Despejado,No,NO APLICA,8,56,9,2,1,23/09/2022,1
41,Oregon,410468,1,1,1,0,37,LAKE (37),0,NO APLICA,9,Septiembre,29,2022,7,34,CR-CHRISTMAS VALLEY HWY,4,Calle del Condado,Rural,Colector Mayor,County Highway Agency,0,Sin jurisdiccion especial,107,43.23792222,-120.6863361,Peaton,El primer evento no fue una colision con un vehiculo automotor en transporte,Not an Intersection,No fue interseccion,Sobre calle,Ninguna,Dia total,Despejado,No,NO APLICA,7,35,7,51,1,29/09/2022,1
41,Oregon,410469,0,0,2,0,13,CROOK (13),1700,PRINEVILLE,10,Octubre,8,2022,12,7,SR-126 ODOT 41,3,Highway estatal,Urbano,Arteria Principal,State Highway Agency,1,Sin jurisdiccion especial,179,44.30135278,-120.8623111,Vehiculo en movimiento,Angulo,T-Intersection,Interseccion de T,Sobre calle,Ninguna,Dia total,Despejado,No,NO APLICA,12,7,12,12,1,08/10/2022,11
41,Oregon,410470,1,1,1,0,67,WASHINGTON (67),1000,HILLSBORO,10,Octubre,15,2022,23,31,SR-8 ODOT 29,3,Highway estatal,Urbano,Arteria Principal,State Highway Agency,1,Sin jurisdiccion especial,123,45.51672778,-122.9740361,Peaton,El primer evento no fue una colision con un vehiculo automotor en transporte,Not an Intersection,No fue interseccion,Sobre calle,Ninguna,Oscuro con iluminacion,Nublado,No,NO APLICA,23,31,23,37,1,15/10/2022,3
41,Oregon,410471,1,1,1,0,51,MULTNOMAH (51),1650,PORTLAND,11,Noviembre,8,2022,18,50,NE 162ND AVE,6,Calle Local Municipalidad,Urbano,Arteria Menor,City or Municipal Highway Agency,0,Sin jurisdiccion especial,0,45.54609722,-122.4957917,Peaton,El primer evento no fue una colision con un vehiculo automotor en transporte,T-Intersection,Interseccion de T,Sobre calle,Ninguna,Oscuro sin iluminacion,Despejado,No,NO APLICA,99,99,99,99,1,08/11/2022,1
41,Oregon,410472,0,0,1,0,29,JACKSON (29),0,NO APLICA,11,Noviembre,5,2022,18,29,SR-62 ODOT 22,3,Highway estatal,Rural,Arteria Menor,State Highway Agency,0,Sin jurisdiccion especial,311,42.66437222,-122.6611139,Volcadura,El primer evento no fue una colision con un vehiculo automotor en transporte,Not an Intersection,No fue interseccion,Sobre el lado de la calle,Ninguna,Oscuro sin iluminacion,Despejado,No,NO APLICA,18,30,18,59,1,05/11/2022,1
41,Oregon,410473,0,0,2,0,57,TILLAMOOK (57),1760,ROCKAWAY BEACH,11,Noviembre,9,2022,12,0,US-101 ODOT 9,2,US Highway,Rural,Arteria Principal,State Highway Agency,1,Sin jurisdiccion especial,500,45.6237,-123.9427306,Vehiculo en movimiento,Frente a frente,Not an Intersection,No fue interseccion,Sobre calle,Ninguna,Dia total,Despejado,No,NO APLICA,12,3,12,21,2,09/11/2022,3
41,Oregon,410474,1,1,1,0,7,CLATSOP (7),0,NO APLICA,11,Noviembre,10,2022,18,36,US-30 ODOT 92,2,US Highway,Rural,Arteria Principal,State Highway Agency,1,Sin jurisdiccion especial,820,46.16815278,-123.58155,Peaton,El primer evento no fue una colision con un vehiculo automotor en transporte,Not an Intersection,No fue interseccion,Sobre calle,Ninguna,Oscuro sin iluminacion,Despejado,No,NO APLICA,18,36,18,44,1,10/11/2022,1
41,Oregon,410475,1,1,1,0,7,CLATSOP (7),0,NO APLICA,11,Noviembre,10,2022,19,16,US-26 ODOT 47,2,US Highway,Rural,Arteria Principal,State Highway Agency,1,Sin jurisdiccion especial,15,45.92786667,-123.8990667,Peaton,El primer evento no fue una colision con un vehiculo automotor en transporte,Not an Intersection,No fue interseccion,Sobre calle,Ninguna,Oscuro sin iluminacion,Nublado,No,NO APLICA,19,20,19,20,1,10/11/2022,1
41,Oregon,410476,0,0,2,0,35,KLAMATH (35),0,NO APLICA,11,Noviembre,11,2022,22,12,SR-58 ODOT 18,3,Highway estatal,Rural,Arteria Principal,State Highway Agency,1,Sin jurisdiccion especial,642,43.58511111,-122.0004722,Vehiculo en movimiento,Frente a frente,Not an Intersection,No fue interseccion,Sobre calle,Ninguna,Oscuro sin iluminacion,Nieve,No,NO APLICA,22,12,22,48,1,11/11/2022,2
41,Oregon,410478,1,1,2,0,47,MARION (47),1810,SALEM,11,Noviembre,13,2022,1,30,I-5,1,Interestatal,Urbano,Interestatal,State Highway Agency,1,Sin jurisdiccion especial,2594,44.99434722,-123.0003472,Peaton,El primer evento no fue una colision con un vehiculo automotor en transporte,Not an Intersection,No fue interseccion,Sobre calle,Ninguna,Oscuro sin iluminacion,Neblina o Humo,No,NO APLICA,99,99,99,99,1,13/11/2022,3
41,Oregon,410479,0,0,1,0,15,CURRY (15),0,NO APLICA,11,Noviembre,14,2022,2,40,US-101 ODOT 9,2,US Highway,Rural,Arteria Principal,State Highway Agency,1,Sin jurisdiccion especial,3436,42.21985278,-124.3722417,Acotamiento,El primer evento no fue una colision con un vehiculo automotor en transporte,Not an Intersection,No fue interseccion,Sobre el lado de la calle,Ninguna,Oscuro sin iluminacion,Despejado,No,NO APLICA,2,43,3,5,1,14/11/2022,1
41,Oregon,410480,0,0,2,0,43,LINN (43),0,NO APLICA,11,Noviembre,14,2022,18,36,US-20 ODOT 16,2,US Highway,Urbano,Arteria Principal,State Highway Agency,1,Sin jurisdiccion especial,164,44.50546944,-122.8730944,Vehiculo en movimiento,Angulo,Not an Intersection,No fue interseccion,Sobre calle,Ninguna,Oscuro sin iluminacion,Despejado,No,NO APLICA,18,36,18,36,1,14/11/2022,2
41,Oregon,410481,0,0,1,0,3,BENTON (3),0,NO APLICA,11,Noviembre,12,2022,15,45,SR-501 ODOT 201,3,Highway estatal,Rural,Colector Mayor,State Highway Agency,0,Sin jurisdiccion especial,1,44.38039722,-123.5986333,Puente de Ferrocarril,El primer evento no fue una colision con un vehiculo automotor en transporte,Not an Intersection,No fue interseccion,Sobre el lado de la calle,Ninguna,Dia total,Despejado,No,NO APLICA,15,46,15,50,1,12/11/2022,1
41,Oregon,410482,1,1,1,0,51,MULTNOMAH (51),1650,PORTLAND,10,Octubre,28,2022,23,17,SE 92ND AVE,6,Calle Local Municipalidad,Urbano,Colector Mayor,City or Municipal Highway Agency,0,Sin jurisdiccion especial,0,45.50444444,-122.5688111,Ciclista,El primer evento no fue una colision con un vehiculo automotor en transporte,Four-Way Intersection,Interseccion de 4 direcciones,Sobre calle,Ninguna,Oscuro con iluminacion,lluvia,No,NO APLICA,23,18,23,22,1,28/10/2022,2
41,Oregon,410483,0,0,1,0,47,MARION (47),0,NO APLICA,11,Noviembre,13,2022,2,49,CR-SILVERTON RD NE,4,Calle del Condado,Urbano,Arteria Principal,County Highway Agency,1,Sin jurisdiccion especial,18,44.97290833,-122.9560278,Zanja,El primer evento no fue una colision con un vehiculo automotor en transporte,Not an Intersection,No fue interseccion,Sobre el lado de la calle,Ninguna,Oscuro con iluminacion,Despejado,No,NO APLICA,2,49,2,54,1,13/11/2022,1
41,Oregon,410484,0,0,1,0,59,UMATILLA (59),990,HERMISTON,11,Noviembre,13,2022,18,30,N FIRST PL,6,Calle Local Municipalidad,Urbano,Colector Mayor,City or Municipal Highway Agency,0,Sin jurisdiccion especial,0,45.84235278,-119.292575,Zanja,El primer evento no fue una colision con un vehiculo automotor en transporte,T-Intersection,Interseccion de T,Sobre el lado de la calle,Construccion,Oscuro sin iluminacion,Despejado,No,NO APLICA,18,41,18,46,1,13/11/2022,1
41,Oregon,410485,0,0,1,0,51,MULTNOMAH (51),880,GRESHAM,10,Octubre,23,2022,1,41,NE BURNSIDE RD,6,Calle Local Municipalidad,Urbano,Arteria Principal,City or Municipal Highway Agency,1,Sin jurisdiccion especial,0,45.50311944,-122.4157667,Banqueta,El primer evento no fue una colision con un vehiculo automotor en transporte,T-Intersection,Interseccion de T,Sobre el lado de la calle,Ninguna,Oscuro con iluminacion,lluvia,No,NO APLICA,1,42,1,46,1,23/10/2022,1
41,Oregon,410486,0,0,1,0,39,LANE (39),1960,SPRINGFIELD,11,Noviembre,12,2022,13,55,MLK JR PARKWAY,6,Calle Local Municipalidad,Urbano,Arteria Menor,City or Municipal Highway Agency,0,Sin jurisdiccion especial,0,44.07795833,-123.0309194,Muro,El primer evento no fue una colision con un vehiculo automotor en transporte,Four-Way Intersection,Interseccion de 4 direcciones,Sobre el lado de la calle,Ninguna,Dia total,Nublado,No,NO APLICA,13,55,13,57,1,12/11/2022,1
41,Oregon,410487,0,0,3,0,67,WASHINGTON (67),180,BEAVERTON,11,Noviembre,14,2022,17,56,SW MURRAY BLVD,6,Calle Local Municipalidad,Urbano,Arteria Principal,City or Municipal Highway Agency,1,Sin jurisdiccion especial,0,45.45433611,-122.8261722,Vehiculo en movimiento,Frente a Detrás,T-Intersection,Interseccion de T,Sobre calle,Ninguna,Oscuro con iluminacion,Despejado,No,NO APLICA,17,56,18,0,1,14/11/2022,6
41,Oregon,410488,0,0,2,0,31,JEFFERSON (31),0,NO APLICA,11,Noviembre,16,2022,19,40,US-26 ODOT 53,2,US Highway,Rural,Arteria Principal,State Highway Agency,1,Sin jurisdiccion especial,1144,44.67933611,-121.1464583,Vehiculo en movimiento,Frente a frente,Not an Intersection,No fue interseccion,Sobre calle,Ninguna,Oscuro sin iluminacion,Neblina o Humo,No,NO APLICA,19,41,19,46,3,16/11/2022,4
41,Oregon,410489,0,0,2,0,31,JEFFERSON (31),0,NO APLICA,11,Noviembre,16,2022,15,33,US-97 ODOT 4,2,US Highway,Rural,Arteria Principal,State Highway Agency,1,Sin jurisdiccion especial,760,44.79942778,-120.9410056,Vehiculo en movimiento,Frente a frente,Not an Intersection,No fue interseccion,Sobre calle,Ninguna,Dia total,Nublado,No,NO APLICA,15,35,15,50,1,16/11/2022,2
41,Oregon,410490,0,0,2,0,53,POLK (53),0,NO APLICA,11,Noviembre,17,2022,15,56,SR-99W ODOT 91,3,Highway estatal,Rural,Arteria Menor,State Highway Agency,0,Sin jurisdiccion especial,709,44.74004444,-123.2231278,Vehiculo en movimiento,Frente a frente,Not an Intersection,No fue interseccion,Sobre calle,Ninguna,Dia total,Despejado,No,NO APLICA,15,56,17,8,1,17/11/2022,5
41,Oregon,410491,0,0,2,0,39,LANE (39),0,NO APLICA,11,Noviembre,20,2022,18,5,SR-58 ODOT 18,3,Highway estatal,Rural,Arteria Principal,State Highway Agency,1,Sin jurisdiccion especial,609,43.60795278,-122.0558167,Vehiculo en movimiento,Frente a frente,Not an Intersection,No fue interseccion,Sobre calle,Ninguna,Oscuro sin iluminacion,Despejado,No,NO APLICA,18,9,18,44,1,20/11/2022,6
41,Oregon,410492,0,0,1,0,59,UMATILLA (59),0,NO APLICA,11,Noviembre,21,2022,20,20,SR-11 ODOT 8,3,Highway estatal,Rural,Arteria Principal,State Highway Agency,1,Sin jurisdiccion especial,20,45.68484167,-118.7260111,Acotamiento,El primer evento no fue una colision con un vehiculo automotor en transporte,Not an Intersection,No fue interseccion,Sobre el lado de la calle,Ninguna,No reportada,No reportado,No,NO APLICA,20,25,20,31,1,21/11/2022,1
41,Oregon,410493,0,0,2,0,43,LINN (43),0,NO APLICA,10,Octubre,27,2022,7,40,CR-CENTURY DR FRONTAGE,7,Calle Local,Urbano,Local,State Highway Agency,0,Sin jurisdiccion especial,2368,44.68121667,-123.0538778,Vehiculo en movimiento,Frente a frente,T-Intersection,Interseccion de T,Sobre calle,Ninguna,Amanecer,Neblina o Humo,No,NO APLICA,99,99,99,99,1,27/10/2022,3
41,Oregon,410494,1,1,1,0,51,MULTNOMAH (51),1650,PORTLAND,11,Noviembre,21,2022,18,58,US-26 ODOT 26,2,US Highway,Urbano,Arteria Principal,State Highway Agency,1,Sin jurisdiccion especial,80,45.49825278,-122.5211694,Peaton,El primer evento no fue una colision con un vehiculo automotor en transporte,Not an Intersection,No fue interseccion,Sobre calle,Ninguna,Oscuro con iluminacion,Nublado,No,NO APLICA,18,59,19,4,1,21/11/2022,1
41,Oregon,410495,0,0,2,0,39,LANE (39),0,NO APLICA,11,Noviembre,22,2022,5,40,CR-PRAIRIE RD,4,Calle del Condado,Urbano,Arteria Menor,County Highway Agency,0,Sin jurisdiccion especial,1,44.09095278,-123.1579778,Vehiculo en movimiento,Frente a frente,Not an Intersection,No fue interseccion,Sobre calle,Ninguna,Oscuro sin iluminacion,Despejado,No,NO APLICA,5,41,5,47,1,22/11/2022,2
41,Oregon,410496,0,0,3,2,39,LANE (39),0,NO APLICA,11,Noviembre,26,2022,22,25,SR-126 ODOT 15,3,Highway estatal,Urbano,Arteria Principal,State Highway Agency,1,Sin jurisdiccion especial,100,44.0517,-122.8550833,Edificio,El primer evento no fue una colision con un vehiculo automotor en transporte,Not an Intersection,No fue interseccion,Sobre el lado de la calle,Ninguna,Oscuro sin iluminacion,Nublado,No,NO APLICA,22,25,22,32,1,26/11/2022,1