Estado,Nombre de Estado,Numero de Caso,Peatones,Personas _no_vehiculos,Vehiculos automotores,Vehiculos estacionados,Condado,Nombre Condado,Ciudad,Nombre Ciudad,Mes,Nombre Mes,Dia,Año,Hora,Minuto,Calle,Ruta,Nombre Ruta,Rural o Urbanoo,Sistema Funcional,Dueño Calle,Sistema Nacional Carreteras,Jurisdiccion Especial,Milla,Latitud,Longitud,Causa del Accidente,Tipo de Accidente,Tipo Interseccion,Columna1,Lugar en la calle,Zona de Trabajo,Luz,Clima,Autobus Escolar,Cruce de Trenes,Hora Notificacion,Minuto Notificacion,Hora Llegada,Minuto Llegada,Decesos,Fecha,PersonaVehiculo
41,Oregon,410497,0,0,2,0,39,LANE (39),0,NO APLICA,11,Noviembre,27,2022,21,15,CR-COBURG RD,4,Calle del Condado,Urbano,Arteria Menor,County Highway Agency,0,Sin jurisdiccion especial,49,44.11334167,-123.0469611,Vehiculo en movimiento,Frente a frente,Not an Intersection,No fue interseccion,Sobre calle,Ninguna,Oscuro con iluminacion,Nublado,No,NO APLICA,21,21,21,27,1,27/11/2022,3
41,Oregon,410498,0,0,2,0,9,COLUMBIA (9),0,NO APLICA,11,Noviembre,28,2022,8,1,US-30 ODOT 92,2,US Highway,Rural,Arteria Principal,State Highway Agency,1,Sin jurisdiccion especial,552,46.0957,-123.0791667,Vehiculo en movimiento,Frente a frente,Not an Intersection,No fue interseccion,Sobre calle,Ninguna,Amanecer,Neblina o Humo,No,NO APLICA,8,1,8,7,1,28/11/2022,3
41,Oregon,410499,1,1,1,0,5,CLACKAMAS (5),1580,OREGON CITY,11,Noviembre,22,2022,17,38,MOLALLA AVE,6,Calle Local Municipalidad,Urbano,Arteria Menor,City or Municipal Highway Agency,0,Sin jurisdiccion especial,0,45.3364,-122.590475,Peaton,El primer evento no fue una colision con un vehiculo automotor en transporte,Not an Intersection,No fue interseccion,Sobre calle,Ninguna,Oscuro con iluminacion,lluvia,No,NO APLICA,17,39,17,42,1,22/11/2022,1
41,Oregon,410500,0,0,2,0,67,WASHINGTON (67),0,NO APLICA,11,Noviembre,29,2022,15,15,US-26 ODOT 47,2,US Highway,Rural,Arteria Principal,State Highway Agency,1,Sin jurisdiccion especial,542,45.61041944,-123.0495806,Vehiculo en movimiento,Frente a frente,Not an Intersection,No fue interseccion,Sobre calle,Ninguna,Dia total,lluvia,No,NO APLICA,15,15,15,23,1,29/11/2022,2
41,Oregon,410501,1,1,1,0,29,JACKSON (29),1310,MEDFORD,11,Noviembre,29,2022,19,11,I-5,1,Interestatal,Urbano,Interestatal,State Highway Agency,1,Sin jurisdiccion especial,276,42.31677778,-122.8563833,Peaton,El primer evento no fue una colision con un vehiculo automotor en transporte,Not an Intersection,No fue interseccion,Sobre calle,Ninguna,Oscuro sin iluminacion,Despejado,No,NO APLICA,19,23,99,99,1,29/11/2022,1
41,Oregon,410502,0,0,1,0,25,HARNEY (25),0,NO APLICA,9,Septiembre,11,2022,99,99,CR-FRY RD,4,Calle del Condado,Rural,Colector Mayor,County Highway Agency,0,Sin jurisdiccion especial,16,43.58956111,-119.0203167,Zanja,El primer evento no fue una colision con un vehiculo automotor en transporte,Not an Intersection,No fue interseccion,Sobre el lado de la calle,Ninguna,Oscuro con iluminacion,Despejado,No,NO APLICA,99,99,99,99,1,11/09/2022,1
41,Oregon,410503,0,0,1,0,47,MARION (47),0,NO APLICA,9,Septiembre,15,2022,11,30,SR-22 ODOT 162,3,Highway estatal,Rural,Arteria Principal,State Highway Agency,1,Sin jurisdiccion especial,252,44.77821111,-122.566,Arbol,El primer evento no fue una colision con un vehiculo automotor en transporte,Not an Intersection,No fue interseccion,Sobre el lado de la calle,Ninguna,Dia total,Despejado,No,NO APLICA,99,99,99,99,1,15/09/2022,2
41,Oregon,410504,0,0,2,0,39,LANE (39),660,EUGENE,10,Octubre,9,2022,0,39,SR-569 ODOT 69,3,Highway estatal,Urbano,Arterial Principal -Freeway o ExpressWay,State Highway Agency,1,Sin jurisdiccion especial,94,44.09676667,-123.1094972,Vehiculo en movimiento,Frente a frente,Not an Intersection,No fue interseccion,Sobre calle,Construccion,Oscuro con iluminacion,Despejado,No,NO APLICA,0,39,99,99,1,09/10/2022,2
41,Oregon,410505,0,0,1,0,41,LINCOLN (41),0,NO APLICA,10,Octubre,28,2022,22,52,CR-NE EAST DEVILS LAKE RD,4,Calle del Condado,Urbano,Colector Mayor,County Highway Agency,0,Sin jurisdiccion especial,25,44.97576667,-123.9886806,Arbol,El primer evento no fue una colision con un vehiculo automotor en transporte,Not an Intersection,No fue interseccion,Sobre el lado de la calle,Ninguna,Oscuro sin iluminacion,lluvia,No,NO APLICA,99,99,99,99,1,28/10/2022,1
41,Oregon,410506,1,1,1,0,7,CLATSOP (7),80,ASTORIA,11,Noviembre,29,2022,17,31,US-30 ODOT 92,2,US Highway,Urbano,Arteria Principal,State Highway Agency,1,Sin jurisdiccion especial,987,46.19057778,-123.8415361,Ciclista,El primer evento no fue una colision con un vehiculo automotor en transporte,Not an Intersection,No fue interseccion,Sobre calle,Ninguna,Oscuro sin iluminacion,lluvia,No,NO APLICA,17,31,99,99,1,29/11/2022,1
41,Oregon,410508,0,0,1,0,51,MULTNOMAH (51),0,NO APLICA,10,Octubre,16,2022,6,21,CR-SE TROUTDALE RD,4,Calle del Condado,Urbano,Colector Mayor,County Highway Agency,0,Sin jurisdiccion especial,0,45.49339444,-122.3779667,Piedrotototota,El primer evento no fue una colision con un vehiculo automotor en transporte,Not an Intersection,No fue interseccion,Sobre el lado de la calle,Ninguna,Oscuro sin iluminacion,Despejado,No,NO APLICA,6,21,6,26,1,16/10/2022,1
41,Oregon,410509,1,1,1,0,51,MULTNOMAH (51),1650,PORTLAND,10,Octubre,17,2022,6,58,SE STARK ST,6,Calle Local Municipalidad,Urbano,Arteria Menor,City or Municipal Highway Agency,0,Sin jurisdiccion especial,0,45.51911944,-122.5133861,Peaton,El primer evento no fue una colision con un vehiculo automotor en transporte,Four-Way Intersection,Interseccion de 4 direcciones,Sobre calle,Ninguna,Oscuro sin iluminacion,Despejado,No,NO APLICA,99,99,99,99,1,17/10/2022,3
41,Oregon,410510,0,0,1,0,47,MARION (47),0,NO APLICA,12,Diciembre,1,2022,5,26,I-5,1,Interestatal,Urbano,Interestatal,State Highway Agency,1,Sin jurisdiccion especial,2703,45.13281944,-122.8987556,Arbol,El primer evento no fue una colision con un vehiculo automotor en transporte,Not an Intersection,No fue interseccion,Sobre el lado de la calle,Ninguna,Oscuro sin iluminacion,lluvia,No,NO APLICA,5,26,5,45,1,01/12/2022,1
41,Oregon,410511,0,0,2,0,51,MULTNOMAH (51),1650,PORTLAND,12,Diciembre,1,2022,17,47,SE 92ND AVE,6,Calle Local Municipalidad,Urbano,Colector Mayor,City or Municipal Highway Agency,0,Sin jurisdiccion especial,0,45.47603056,-122.5686222,Vehiculo en movimiento,Angulo,T-Intersection,Interseccion de T,Sobre calle,Ninguna,Oscuro con iluminacion,Nublado,No,NO APLICA,99,99,99,99,1,01/12/2022,2
41,Oregon,410512,0,0,2,0,67,WASHINGTON (67),0,NO APLICA,12,Diciembre,3,2022,16,45,CR-NW LAIDLAW RD,6,Calle Local Municipalidad,Urbano,Colector Mayor,City or Municipal Highway Agency,0,Sin jurisdiccion especial,0,45.55588333,-122.8336417,Vehiculo en movimiento,No reportado,Not an Intersection,No fue interseccion,Sobre calle,Ninguna,Atardecer,Despejado,No,NO APLICA,99,99,99,99,1,03/12/2022,2
41,Oregon,410514,0,0,1,0,11,COOS (11),0,NO APLICA,12,Diciembre,3,2022,17,59,CR-CAPE ARAGO HWY,4,Calle del Condado,Rural,Colector Mayor,County Highway Agency,0,Sin jurisdiccion especial,138,43.32219444,-124.3834972,Acotamiento,El primer evento no fue una colision con un vehiculo automotor en transporte,Not an Intersection,No fue interseccion,Sobre el lado de la calle,Ninguna,Reportada como desconocida,Reportado como desconocido,No,NO APLICA,99,99,99,99,1,03/12/2022,1
41,Oregon,410515,0,0,3,1,51,MULTNOMAH (51),1650,PORTLAND,12,Diciembre,5,2022,12,19,NE PRESCOTT ST,6,Calle Local Municipalidad,Urbano,Colector Mayor,City or Municipal Highway Agency,0,Sin jurisdiccion especial,0,45.5555,-122.6545861,Vehiculo en movimiento,No reportado,Four-Way Intersection,Interseccion de 4 direcciones,Sobre calle,Ninguna,Dia total,Nublado,No,NO APLICA,99,99,99,99,1,05/12/2022,2
41,Oregon,410516,0,0,2,0,47,MARION (47),1810,SALEM,12,Diciembre,6,2022,16,8,HAWTHORNE AVE NE,6,Calle Local Municipalidad,Urbano,Arteria Menor,City or Municipal Highway Agency,0,Sin jurisdiccion especial,0,44.92797778,-122.9935611,Vehiculo en movimiento,Angulo,Four-Way Intersection,Interseccion de 4 direcciones,Sobre calle,Ninguna,Dia total,Nublado,No,NO APLICA,16,8,16,11,1,06/12/2022,2
41,Oregon,410517,0,0,3,0,51,MULTNOMAH (51),1650,PORTLAND,12,Diciembre,7,2022,16,56,NE COLUMBIA BLVD,6,Calle Local Municipalidad,Urbano,Arteria Principal,City or Municipal Highway Agency,1,Sin jurisdiccion especial,0,45.57439167,-122.6339472,Vehiculo en movimiento,Golpe Lateral - misma direccion,Not an Intersection,No fue interseccion,Sobre calle,Ninguna,Atardecer,Nublado,No,NO APLICA,16,52,16,56,1,07/12/2022,3
41,Oregon,410518,0,0,2,0,11,COOS (11),0,NO APLICA,12,Diciembre,8,2022,12,48,US-101 ODOT 9,2,US Highway,Rural,Arteria Principal,State Highway Agency,1,Sin jurisdiccion especial,2596,43.14916667,-124.3954417,Vehiculo en movimiento,Frente a frente,Not an Intersection,No fue interseccion,Sobre calle,Ninguna,Dia total,lluvia,No,NO APLICA,12,48,12,55,1,08/12/2022,3
41,Oregon,410519,1,1,1,0,43,LINN (43),20,ALBANY,12,Diciembre,10,2022,4,20,GEARY ST SE,6,Calle Local Municipalidad,Urbano,Arteria Menor,City or Municipal Highway Agency,0,Sin jurisdiccion especial,0,44.627,-123.0833694,Peaton,El primer evento no fue una colision con un vehiculo automotor en transporte,Not an Intersection,No fue interseccion,Sobre calle,Ninguna,Oscuro sin iluminacion,Nublado,No,NO APLICA,99,99,99,99,1,10/12/2022,1
41,Oregon,410520,1,1,1,0,35,KLAMATH (35),0,NO APLICA,12,Diciembre,10,2022,18,28,SR-39 ODOT 20,3,Highway estatal,Urbano,Arteria Principal,State Highway Agency,1,Sin jurisdiccion especial,33,42.20644444,-121.7352556,Peaton,El primer evento no fue una colision con un vehiculo automotor en transporte,Not an Intersection,No fue interseccion,Sobre calle,Ninguna,Oscuro sin iluminacion,lluvia,No,NO APLICA,18,28,18,31,1,10/12/2022,1
41,Oregon,410521,0,0,1,0,5,CLACKAMAS (5),0,NO APLICA,11,Noviembre,28,2022,16,59,CR-SE TUMALA MOUNTAIN RD,4,Calle del Condado,Rural,Local,County Highway Agency,0,Sin jurisdiccion especial,34,45.26251389,-122.2637639,Arbol,El primer evento no fue una colision con un vehiculo automotor en transporte,Not an Intersection,No fue interseccion,Sobre el lado de la calle,Ninguna,Oscuro sin iluminacion,lluvia,No,NO APLICA,16,59,17,10,1,28/11/2022,1
41,Oregon,410522,0,0,2,0,67,WASHINGTON (67),1000,HILLSBORO,11,Noviembre,14,2022,17,8,SR-8 ODOT 29,3,Highway estatal,Urbano,Arteria Principal,State Highway Agency,1,Sin jurisdiccion especial,119,45.51190278,-122.9729778,Vehiculo en movimiento,Angulo,T-Intersection,Interseccion de T,Sobre calle,Ninguna,Oscuro con iluminacion,Nublado,No,NO APLICA,17,8,17,8,1,14/11/2022,2
41,Oregon,410523,0,0,2,0,29,JACKSON (29),0,NO APLICA,11,Noviembre,17,2022,8,28,SR-99 ODOT 270,3,Highway estatal,Urbano,Arteria Principal,State Highway Agency,1,Sin jurisdiccion especial,80,42.40848889,-122.944675,Vehiculo en movimiento,Angulo,T-Intersection,Interseccion de T,Sobre calle,Ninguna,Dia total,Despejado,No,NO APLICA,8,28,8,52,1,17/11/2022,2
41,Oregon,410525,0,0,1,0,47,MARION (47),0,NO APLICA,12,Diciembre,12,2022,22,13,SR-99E ODOT 81,3,Highway estatal,Rural,Arteria Menor,State Highway Agency,0,Sin jurisdiccion especial,342,45.12315556,-122.8564111,Arbol,El primer evento no fue una colision con un vehiculo automotor en transporte,Not an Intersection,No fue interseccion,Sobre el lado de la calle,Ninguna,Oscuro sin iluminacion,Despejado,No,NO APLICA,22,14,22,18,2,12/12/2022,2
41,Oregon,410526,0,0,2,0,51,MULTNOMAH (51),1650,PORTLAND,12,Diciembre,12,2022,16,51,SE DIVISION ST,6,Calle Local Municipalidad,Urbano,Arteria Principal,City or Municipal Highway Agency,1,Sin jurisdiccion especial,0,45.50429167,-122.5054833,Vehiculo en movimiento,Frente a Detrás,Not an Intersection,No fue interseccion,Sobre calle,Ninguna,Atardecer,Despejado,No,NO APLICA,99,99,99,99,1,12/12/2022,8
41,Oregon,410527,0,0,1,0,39,LANE (39),0,NO APLICA,12,Diciembre,8,2022,5,45,CR-E SAGINAW RD,4,Calle del Condado,Rural,Colector Mayor,County Highway Agency,0,Sin jurisdiccion especial,4,43.83266389,-123.0357722,Culvert,El primer evento no fue una colision con un vehiculo automotor en transporte,Not an Intersection,No fue interseccion,Sobre el lado de la calle,Ninguna,Oscuro sin iluminacion,lluvia,No,NO APLICA,99,99,99,99,1,08/12/2022,1
41,Oregon,410528,1,1,1,0,51,MULTNOMAH (51),1650,PORTLAND,12,Diciembre,14,2022,18,37,SR-99E ODOT 81,3,Highway estatal,Urbano,Arteria Principal,State Highway Agency,1,Sin jurisdiccion especial,40,45.582875,-122.6620778,Peaton,El primer evento no fue una colision con un vehiculo automotor en transporte,Not an Intersection,No fue interseccion,Sobre calle,Ninguna,Oscuro sin iluminacion,Despejado,No,NO APLICA,99,99,99,99,1,14/12/2022,1
41,Oregon,410530,2,2,1,0,33,JOSEPHINE (33),0,NO APLICA,12,Diciembre,16,2022,18,27,SR-99E ODOT 60,3,Highway estatal,Urbano,Arteria Principal,State Highway Agency,1,Sin jurisdiccion especial,17,42.42173333,-123.3007194,Peaton,El primer evento no fue una colision con un vehiculo automotor en transporte,Not an Intersection,No fue interseccion,Sobre calle,Ninguna,Oscuro con iluminacion,Neblina o Humo,No,NO APLICA,18,33,18,40,2,16/12/2022,1
41,Oregon,410531,0,0,1,0,29,JACKSON (29),0,NO APLICA,12,Diciembre,16,2022,16,2,SR-234 ODOT 271,3,Highway estatal,Rural,Arteria Menor,State Highway Agency,0,Sin jurisdiccion especial,105,42.49110833,-122.9419667,Poste de Señal de trafico,El primer evento no fue una colision con un vehiculo automotor en transporte,Not an Intersection,No fue interseccion,Sobre el lado de la calle,Ninguna,Dia total,Despejado,No,NO APLICA,16,2,16,11,1,16/12/2022,1
41,Oregon,410532,0,0,1,0,53,POLK (53),0,NO APLICA,12,Diciembre,17,2022,17,54,SR-18 ODOT 39,3,Highway estatal,Rural,Arteria Principal,State Highway Agency,1,Sin jurisdiccion especial,153,45.07209167,-123.7152806,Arbol,El primer evento no fue una colision con un vehiculo automotor en transporte,Not an Intersection,No fue interseccion,Sobre el lado de la calle,Ninguna,Oscuro sin iluminacion,Nublado,No,NO APLICA,17,54,18,3,1,17/12/2022,1
41,Oregon,410533,0,0,2,0,33,JOSEPHINE (33),0,NO APLICA,12,Diciembre,18,2022,2,10,US-199 ODOT 25,2,US Highway,Urbano,Arteria Principal,State Highway Agency,1,Sin jurisdiccion especial,46,42.41228889,-123.4141056,Vehiculo en movimiento,Frente a frente,Not an Intersection,No fue interseccion,Sobre calle,Ninguna,Oscuro sin iluminacion,lluvia,No,NO APLICA,2,16,2,19,2,18/12/2022,3
41,Oregon,410534,1,1,1,0,51,MULTNOMAH (51),1650,PORTLAND,12,Diciembre,18,2022,21,8,N COLUMBIA BLVD,6,Calle Local Municipalidad,Urbano,Arteria Principal,City or Municipal Highway Agency,1,Sin jurisdiccion especial,0,45.5847,-122.6828667,Peaton,El primer evento no fue una colision con un vehiculo automotor en transporte,T-Intersection,Interseccion de T,Sobre calle,Ninguna,Oscuro sin iluminacion,Despejado,No,NO APLICA,99,99,99,99,1,18/12/2022,1
41,Oregon,410535,0,0,3,0,3,BENTON (3),0,NO APLICA,12,Diciembre,17,2022,16,25,SR-20 ODOT 31,3,Highway estatal,Rural,Arteria Principal,State Highway Agency,1,Sin jurisdiccion especial,51,44.62772778,-123.2001111,Vehiculo en movimiento,Frente a frente,Not an Intersection,No fue interseccion,Sobre calle,Construccion,Oscuro con iluminacion,Despejado,No,NO APLICA,16,32,16,33,1,17/12/2022,6
41,Oregon,410536,0,0,2,0,3,BENTON (3),0,NO APLICA,12,Diciembre,18,2022,16,27,SR-20 ODOT 31,3,Highway estatal,Urbano,Arteria Principal,State Highway Agency,1,Sin jurisdiccion especial,14,44.57975278,-123.2400472,Vehiculo en movimiento,Frente a frente,Not an Intersection,No fue interseccion,Sobre calle,Ninguna,Oscuro sin iluminacion,lluvia,No,NO APLICA,16,38,16,43,1,18/12/2022,2
41,Oregon,410537,0,0,1,0,59,UMATILLA (59),0,NO APLICA,12,Diciembre,19,2022,21,10,I-84,1,Interestatal,Rural,Interestatal,State Highway Agency,1,Sin jurisdiccion especial,1883,45.76440556,-119.2133139,Valla Ferrocarril,El primer evento no fue una colision con un vehiculo automotor en transporte,Not an Intersection,No fue interseccion,En el medio,Ninguna,Oscuro sin iluminacion,Nieve,No,NO APLICA,21,13,21,23,1,19/12/2022,2
41,Oregon,410538,1,1,1,0,47,MARION (47),1810,SALEM,12,Diciembre,19,2022,14,33,HIGH ST NE,6,Calle Local Municipalidad,Urbano,Arteria Menor,City or Municipal Highway Agency,0,Sin jurisdiccion especial,0,44.93954167,-123.0370667,Peaton,El primer evento no fue una colision con un vehiculo automotor en transporte,Four-Way Intersection,Interseccion de 4 direcciones,Sobre calle,Ninguna,Dia total,Nublado,No,NO APLICA,14,34,14,37,1,19/12/2022,2
41,Oregon,410539,0,0,2,0,35,KLAMATH (35),0,NO APLICA,12,Diciembre,19,2022,19,35,SR-66 ODOT 21,3,Highway estatal,Rural,Arteria Menor,State Highway Agency,0,Sin jurisdiccion especial,506,42.13338056,-121.921675,Vehiculo en movimiento,Angulo,T-Intersection,Interseccion de T,Sobre calle,Ninguna,Oscuro sin iluminacion,Despejado,No,NO APLICA,19,35,19,48,1,19/12/2022,3
41,Oregon,410541,1,1,1,0,51,MULTNOMAH (51),1650,PORTLAND,12,Diciembre,19,2022,18,24,SR-30 ODOT 123,3,Highway estatal,Urbano,Arteria Principal,State Highway Agency,1,Sin jurisdiccion especial,134,45.553725,-122.5176528,Peaton,El primer evento no fue una colision con un vehiculo automotor en transporte,Not an Intersection,No fue interseccion,Sobre calle,Ninguna,Oscuro con iluminacion,Nublado,No,NO APLICA,99,99,99,99,1,19/12/2022,1
41,Oregon,410542,1,1,2,1,51,MULTNOMAH (51),0,NO APLICA,12,Diciembre,20,2022,5,3,I-84,1,Interestatal,Rural,Interestatal,State Highway Agency,1,Sin jurisdiccion especial,240,45.5418,-122.2556667,Peaton,El primer evento no fue una colision con un vehiculo automotor en transporte,Not an Intersection,No fue interseccion,Sobre Acotamiento,Ninguna,Oscuro sin iluminacion,Granizo,No,NO APLICA,5,3,99,99,1,20/12/2022,1
41,Oregon,410543,1,1,1,0,17,DESCHUTES (17),1720,REDMOND,12,Diciembre,19,2022,18,58,US-97 ODOT 4,2,US Highway,Urbano,Arteria Principal,State Highway Agency,1,Sin jurisdiccion especial,1233,44.24508611,-121.1906667,Peaton,El primer evento no fue una colision con un vehiculo automotor en transporte,Not an Intersection,No fue interseccion,Sobre calle,Ninguna,Oscuro sin iluminacion,Despejado,No,NO APLICA,18,58,19,5,1,19/12/2022,1
41,Oregon,410544,1,1,1,0,47,MARION (47),1810,SALEM,12,Diciembre,20,2022,17,23,MADRONA AVE SE,6,Calle Local Municipalidad,Urbano,Arteria Menor,City or Municipal Highway Agency,0,Sin jurisdiccion especial,0,44.90468333,-123.0477806,Peaton,El primer evento no fue una colision con un vehiculo automotor en transporte,T-Intersection,Interseccion de T,Sobre calle,Ninguna,Oscuro con iluminacion,lluvia,No,NO APLICA,17,25,17,27,1,20/12/2022,2
41,Oregon,410545,1,1,2,1,51,MULTNOMAH (51),1650,PORTLAND,12,Diciembre,19,2022,5,15,I-5,1,Interestatal,Urbano,Interestatal,State Highway Agency,1,Sin jurisdiccion especial,3006,45.511425,-122.6668778,Vehiculo Aparcado,El primer evento no fue una colision con un vehiculo automotor en transporte,Not an Intersection,No fue interseccion,Sobre Acotamiento,Ninguna,Oscuro con iluminacion,Despejado,No,NO APLICA,5,15,5,21,1,19/12/2022,1
41,Oregon,410546,1,1,1,0,51,MULTNOMAH (51),1650,PORTLAND,12,Diciembre,22,2022,18,10,W BURNSIDE,6,Calle Local Municipalidad,Urbano,Arteria Menor,City or Municipal Highway Agency,0,Sin jurisdiccion especial,0,45.52336111,-122.6962556,Peaton,El primer evento no fue una colision con un vehiculo automotor en transporte,T-Intersection,Interseccion de T,Sobre calle,Ninguna,Oscuro con iluminacion,Granizo,No,NO APLICA,18,10,18,14,1,22/12/2022,1
41,Oregon,410547,0,0,1,0,17,DESCHUTES (17),0,NO APLICA,12,Diciembre,23,2022,15,57,US-20 ODOT 17,2,US Highway,Rural,Arteria Principal,State Highway Agency,1,Sin jurisdiccion especial,35,44.25325833,-121.4921278,Arbol,El primer evento no fue una colision con un vehiculo automotor en transporte,Not an Intersection,No fue interseccion,Sobre el lado de la calle,Ninguna,Dia total,Nieve,No,NO APLICA,15,57,16,1,1,23/12/2022,2
41,Oregon,410548,0,0,1,0,47,MARION (47),1810,SALEM,12,Diciembre,24,2022,17,49,COMMERCIAL ST SE,6,Calle Local Municipalidad,Urbano,Arteria Principal,City or Municipal Highway Agency,1,Sin jurisdiccion especial,0,44.93065833,-123.0441472,Arbol,El primer evento no fue una colision con un vehiculo automotor en transporte,Not an Intersection,No fue interseccion,Sobre el lado de la calle,Ninguna,Oscuro con iluminacion,lluvia,No,NO APLICA,17,49,17,53,1,24/12/2022,1
41,Oregon,410549,0,0,2,0,49,MORROW (49),0,NO APLICA,12,Diciembre,25,2022,6,57,I-84,1,Interestatal,Rural,Interestatal,State Highway Agency,1,Sin jurisdiccion especial,1743,45.81292778,-119.4966194,Volcadura,El primer evento no fue una colision con un vehiculo automotor en transporte,Not an Intersection,No fue interseccion,En el medio,Ninguna,Oscuro sin iluminacion,Granizo,No,NO APLICA,6,58,7,4,1,25/12/2022,3
41,Oregon,410550,0,0,1,0,7,CLATSOP (7),1870,SEASIDE,12,Diciembre,26,2022,5,59,BROADWAY ST,6,Calle Local Municipalidad,Urbano,Arteria Menor,City or Municipal Highway Agency,0,Sin jurisdiccion especial,0,45.99302222,-123.9199944,Edificio,El primer evento no fue una colision con un vehiculo automotor en transporte,Not an Intersection,No fue interseccion,Sobre el lado de la calle,Ninguna,Oscuro con iluminacion,lluvia,No,NO APLICA,99,99,99,99,1,26/12/2022,1
41,Oregon,410551,0,0,1,0,39,LANE (39),660,EUGENE,12,Diciembre,26,2022,2,15,N WASHINGTON ST,6,Calle Local Municipalidad,Urbano,Local,City or Municipal Highway Agency,0,Sin jurisdiccion especial,0,44.059925,-123.1003833,Hidrante,El primer evento no fue una colision con un vehiculo automotor en transporte,T-Intersection,Interseccion de T,Sobre el lado de la calle,Ninguna,Oscuro con iluminacion,Nublado,No,NO APLICA,2,15,2,21,1,26/12/2022,2
41,Oregon,410552,0,0,1,0,65,WASCO (65),0,NO APLICA,12,Diciembre,27,2022,15,26,US-26 ODOT 53,2,US Highway,Rural,Arteria Principal,State Highway Agency,1,Sin jurisdiccion especial,640,45.20076111,-121.6927694,Objeto aventado o caido,El primer evento no fue una colision con un vehiculo automotor en transporte,Not an Intersection,No fue interseccion,Sobre calle,Ninguna,Dia total,Nieve,No,NO APLICA,16,2,16,30,1,27/12/2022,1
41,Oregon,410553,0,0,1,0,7,CLATSOP (7),0,NO APLICA,12,Diciembre,27,2022,11,39,US-26 ODOT 47,2,US Highway,Rural,Arteria Principal,State Highway Agency,1,Sin jurisdiccion especial,155,45.89983333,-123.6552278,Objeto aventado o caido,El primer evento no fue una colision con un vehiculo automotor en transporte,Not an Intersection,No fue interseccion,Sobre calle,Ninguna,Dia total,lluvia,No,NO APLICA,11,39,12,6,3,27/12/2022,3
41,Oregon,410554,0,0,1,0,51,MULTNOMAH (51),0,NO APLICA,12,Diciembre,27,2022,14,2,I-84,1,Interestatal,Rural,Interestatal,State Highway Agency,1,Sin jurisdiccion especial,411,45.63761944,-121.9382167,Objeto aventado o caido,El primer evento no fue una colision con un vehiculo automotor en transporte,Not an Intersection,No fue interseccion,Sobre calle,Ninguna,Dia total,Vientos cruzados pero de los mamalones,No,NO APLICA,14,9,14,21,1,27/12/2022,2
41,Oregon,410555,0,0,2,0,7,CLATSOP (7),0,NO APLICA,12,Diciembre,28,2022,18,24,US-101 ODOT 9,2,US Highway,Rural,Arteria Principal,State Highway Agency,1,Sin jurisdiccion especial,25,46.20017222,-123.8543111,Vehiculo en movimiento,Frente a frente,Not an Intersection,No fue interseccion,Sobre calle,Ninguna,Oscuro sin iluminacion,lluvia,No,NO APLICA,18,24,18,30,1,28/12/2022,2
41,Oregon,410556,1,1,1,0,17,DESCHUTES (17),1720,REDMOND,12,Diciembre,21,2022,17,13,SW BLACK BUTTE RD,6,Calle Local Municipalidad,Urbano,Colector Mayor,City or Municipal Highway Agency,0,Sin jurisdiccion especial,0,44.27551667,-121.1776639,Peaton,El primer evento no fue una colision con un vehiculo automotor en transporte,Four-Way Intersection,Interseccion de 4 direcciones,Sobre calle,Ninguna,Oscuro con iluminacion,Nublado,No,NO APLICA,17,15,17,21,1,21/12/2022,1
41,Oregon,410557,0,0,2,0,59,UMATILLA (59),0,NO APLICA,12,Diciembre,29,2022,23,40,I-84,1,Interestatal,Rural,Interestatal,State Highway Agency,1,Sin jurisdiccion especial,1860,45.77291667,-119.2609194,Vehiculo en movimiento,Frente a Detrás,Not an Intersection,No fue interseccion,Sobre calle,Ninguna,Oscuro sin iluminacion,lluvia,No,NO APLICA,23,42,23,55,1,29/12/2022,2
41,Oregon,410558,1,1,1,0,67,WASHINGTON (67),180,BEAVERTON,12,Diciembre,30,2022,17,30,SW ALLEN BLVD,6,Calle Local Municipalidad,Urbano,Arteria Menor,City or Municipal Highway Agency,0,Sin jurisdiccion especial,0,45.47651667,-122.8244833,Peaton,El primer evento no fue una colision con un vehiculo automotor en transporte,Not an Intersection,No fue interseccion,Sobre calle,Ninguna,Oscuro con iluminacion,lluvia,No,NO APLICA,99,99,99,99,1,30/12/2022,1
41,Oregon,410559,0,0,2,0,49,MORROW (49),0,NO APLICA,12,Diciembre,30,2022,17,9,SR-74 ODOT 52,3,Highway estatal,Rural,Arteria Menor,State Highway Agency,0,Sin jurisdiccion especial,392,45.42243889,-119.6432306,Vehiculo en movimiento,Frente a frente,Not an Intersection,No fue interseccion,Sobre calle,Ninguna,Oscuro sin iluminacion,lluvia,No,NO APLICA,17,16,17,23,3,30/12/2022,3
41,Oregon,410560,1,1,1,0,29,JACKSON (29),70,ASHLAND,12,Diciembre,30,2022,17,35,SR-66 ODOT 21,3,Highway estatal,Urbano,Arteria Principal,State Highway Agency,1,Sin jurisdiccion especial,9,42.18543056,-122.6736444,Peaton,El primer evento no fue una colision con un vehiculo automotor en transporte,Not an Intersection,No fue interseccion,Sobre calle,Ninguna,Oscuro con iluminacion,lluvia,No,NO APLICA,17,35,17,43,1,30/12/2022,1